320
-0.35355339059327373 -0.35355339059327373
-0.2651650429449553 -0.35355339059327373
-0.2651650429449553 -0.2651650429449553
-0.35355339059327373 -0.2651650429449553
-0.30935921676911449 -0.35355339059327373
-0.2651650429449553 -0.30935921676911449
-0.30935921676911449 -0.2651650429449553
-0.35355339059327373 -0.30935921676911449
-0.30935921676911449 -0.30935921676911449
-0.2651650429449553 -0.35355339059327373
-0.17677669529663687 -0.35355339059327373
-0.17677669529663687 -0.2651650429449553
-0.2651650429449553 -0.2651650429449553
-0.22097086912079608 -0.35355339059327373
-0.17677669529663687 -0.30935921676911449
-0.22097086912079608 -0.2651650429449553
-0.2651650429449553 -0.30935921676911449
-0.22097086912079608 -0.30935921676911449
-0.17677669529663687 -0.35355339059327373
-0.088388347648318419 -0.35355339059327373
-0.088388347648318433 -0.2651650429449553
-0.17677669529663687 -0.2651650429449553
-0.13258252147247765 -0.35355339059327373
-0.088388347648318433 -0.30935921676911449
-0.13258252147247765 -0.2651650429449553
-0.17677669529663687 -0.30935921676911449
-0.13258252147247765 -0.30935921676911449
-0.088388347648318419 -0.35355339059327373
7.3598084000801949e-18 -0.35355339059327373
7.3598084000801949e-18 -0.2651650429449553
-0.088388347648318433 -0.2651650429449553
-0.044194173824159209 -0.35355339059327373
8.2797844500902191e-18 -0.30935921676911449
-0.044194173824159209 -0.2651650429449553
-0.088388347648318433 -0.30935921676911449
-0.044194173824159209 -0.30935921676911449
7.3598084000801949e-18 -0.35355339059327373
0.088388347648318433 -0.35355339059327373
0.088388347648318433 -0.2651650429449553
7.3598084000801949e-18 -0.2651650429449553
0.044194173824159216 -0.35355339059327373
0.088388347648318433 -0.30935921676911449
0.044194173824159216 -0.2651650429449553
8.2797844500902191e-18 -0.30935921676911449
0.044194173824159216 -0.30935921676911449
0.088388347648318433 -0.35355339059327373
0.17677669529663687 -0.35355339059327373
0.17677669529663687 -0.2651650429449553
0.088388347648318433 -0.2651650429449553
0.13258252147247765 -0.35355339059327373
0.17677669529663687 -0.30935921676911449
0.13258252147247765 -0.2651650429449553
0.088388347648318433 -0.30935921676911449
0.13258252147247765 -0.30935921676911449
0.17677669529663687 -0.35355339059327373
0.2651650429449553 -0.35355339059327373
0.2651650429449553 -0.2651650429449553
0.17677669529663687 -0.2651650429449553
0.22097086912079608 -0.35355339059327373
0.2651650429449553 -0.30935921676911449
0.22097086912079608 -0.2651650429449553
0.17677669529663687 -0.30935921676911449
0.22097086912079608 -0.30935921676911449
0.2651650429449553 -0.35355339059327373
0.35355339059327373 -0.35355339059327373
0.35355339059327373 -0.2651650429449553
0.2651650429449553 -0.2651650429449553
0.30935921676911449 -0.35355339059327373
0.35355339059327373 -0.30935921676911449
0.30935921676911449 -0.2651650429449553
0.2651650429449553 -0.30935921676911449
0.30935921676911449 -0.30935921676911449
-0.35355339059327373 -0.2651650429449553
-0.2651650429449553 -0.2651650429449553
-0.2651650429449553 -0.17677669529663687
-0.35355339059327373 -0.17677669529663687
-0.30935921676911449 -0.2651650429449553
-0.2651650429449553 -0.22097086912079608
-0.30935921676911449 -0.17677669529663687
-0.35355339059327373 -0.22097086912079608
-0.30935921676911449 -0.22097086912079608
-0.2651650429449553 -0.2651650429449553
-0.17677669529663687 -0.2651650429449553
-0.17677669529663687 -0.17677669529663687
-0.2651650429449553 -0.17677669529663687
-0.22097086912079608 -0.2651650429449553
-0.17677669529663687 -0.22097086912079608
-0.22097086912079608 -0.17677669529663687
-0.2651650429449553 -0.22097086912079608
-0.22097086912079608 -0.22097086912079608
-0.17677669529663687 -0.2651650429449553
-0.088388347648318433 -0.2651650429449553
-0.088388347648318419 -0.17677669529663687
-0.17677669529663687 -0.17677669529663687
-0.13258252147247765 -0.2651650429449553
-0.088388347648318433 -0.22097086912079608
-0.13258252147247765 -0.17677669529663687
-0.17677669529663687 -0.22097086912079608
-0.13258252147247765 -0.22097086912079608
-0.088388347648318433 -0.2651650429449553
7.3598084000801949e-18 -0.2651650429449553
7.3598084000801949e-18 -0.17677669529663687
-0.088388347648318419 -0.17677669529663687
-0.044194173824159209 -0.2651650429449553
5.8265149833968208e-18 -0.22097086912079608
-0.044194173824159209 -0.17677669529663687
-0.088388347648318433 -0.22097086912079608
-0.044194173824159209 -0.22097086912079608
7.3598084000801949e-18 -0.2651650429449553
0.088388347648318433 -0.2651650429449553
0.088388347648318433 -0.17677669529663687
7.3598084000801949e-18 -0.17677669529663687
0.044194173824159216 -0.2651650429449553
0.088388347648318433 -0.22097086912079608
0.044194173824159216 -0.17677669529663687
5.8265149833968208e-18 -0.22097086912079608
0.044194173824159216 -0.22097086912079608
0.088388347648318433 -0.2651650429449553
0.17677669529663687 -0.2651650429449553
0.17677669529663687 -0.17677669529663687
0.088388347648318433 -0.17677669529663687
0.13258252147247765 -0.2651650429449553
0.17677669529663687 -0.22097086912079608
0.13258252147247765 -0.17677669529663687
0.088388347648318433 -0.22097086912079608
0.13258252147247765 -0.22097086912079608
0.17677669529663687 -0.2651650429449553
0.2651650429449553 -0.2651650429449553
0.2651650429449553 -0.17677669529663687
0.17677669529663687 -0.17677669529663687
0.22097086912079608 -0.2651650429449553
0.2651650429449553 -0.22097086912079608
0.22097086912079608 -0.17677669529663687
0.17677669529663687 -0.22097086912079608
0.22097086912079608 -0.22097086912079608
0.2651650429449553 -0.2651650429449553
0.35355339059327373 -0.2651650429449553
0.35355339059327373 -0.17677669529663687
0.2651650429449553 -0.17677669529663687
0.30935921676911449 -0.2651650429449553
0.35355339059327373 -0.22097086912079608
0.30935921676911449 -0.17677669529663687
0.2651650429449553 -0.22097086912079608
0.30935921676911449 -0.22097086912079608
-0.35355339059327373 -0.17677669529663687
-0.2651650429449553 -0.17677669529663687
-0.2651650429449553 -0.088388347648318433
-0.35355339059327373 -0.088388347648318419
-0.30935921676911449 -0.17677669529663687
-0.2651650429449553 -0.13258252147247765
-0.30935921676911449 -0.088388347648318433
-0.35355339059327373 -0.13258252147247765
-0.30935921676911449 -0.13258252147247765
-0.2651650429449553 -0.17677669529663687
-0.17677669529663687 -0.17677669529663687
-0.17677669529663687 -0.088388347648318433
-0.2651650429449553 -0.088388347648318433
-0.22097086912079608 -0.17677669529663687
-0.17677669529663687 -0.13258252147247765
-0.22097086912079608 -0.088388347648318419
-0.2651650429449553 -0.13258252147247765
-0.22097086912079608 -0.13258252147247765
-0.17677669529663687 -0.17677669529663687
-0.088388347648318419 -0.17677669529663687
-0.088388347648318419 -0.088388347648318433
-0.17677669529663687 -0.088388347648318433
-0.13258252147247765 -0.17677669529663687
-0.088388347648318419 -0.13258252147247765
-0.13258252147247762 -0.088388347648318433
-0.17677669529663687 -0.13258252147247765
-0.13258252147247765 -0.13258252147247765
-0.088388347648318419 -0.17677669529663687
7.3598084000801949e-18 -0.17677669529663687
7.3598084000801949e-18 -0.088388347648318433
-0.088388347648318419 -0.088388347648318433
-0.044194173824159209 -0.17677669529663687
5.8265149833968208e-18 -0.13258252147247765
-0.044194173824159209 -0.088388347648318419
-0.088388347648318419 -0.13258252147247765
-0.044194173824159196 -0.13258252147247765
7.3598084000801949e-18 -0.17677669529663687
0.088388347648318433 -0.17677669529663687
0.088388347648318433 -0.088388347648318433
7.3598084000801949e-18 -0.088388347648318433
0.044194173824159216 -0.17677669529663687
0.088388347648318433 -0.13258252147247765
0.044194173824159216 -0.088388347648318433
5.8265149833968208e-18 -0.13258252147247765
0.044194173824159216 -0.13258252147247765
0.088388347648318433 -0.17677669529663687
0.17677669529663687 -0.17677669529663687
0.17677669529663687 -0.088388347648318433
0.088388347648318433 -0.088388347648318433
0.13258252147247765 -0.17677669529663687
0.17677669529663687 -0.13258252147247765
0.13258252147247765 -0.088388347648318419
0.088388347648318433 -0.13258252147247765
0.13258252147247765 -0.13258252147247765
0.17677669529663687 -0.17677669529663687
0.2651650429449553 -0.17677669529663687
0.2651650429449553 -0.088388347648318433
0.17677669529663687 -0.088388347648318433
0.22097086912079608 -0.17677669529663687
0.2651650429449553 -0.13258252147247765
0.22097086912079608 -0.088388347648318433
0.17677669529663687 -0.13258252147247765
0.22097086912079608 -0.13258252147247765
0.2651650429449553 -0.17677669529663687
0.35355339059327373 -0.17677669529663687
0.35355339059327373 -0.088388347648318419
0.2651650429449553 -0.088388347648318433
0.30935921676911449 -0.17677669529663687
0.35355339059327373 -0.13258252147247765
0.30935921676911449 -0.088388347648318433
0.2651650429449553 -0.13258252147247765
0.30935921676911449 -0.13258252147247765
-0.35355339059327373 -0.088388347648318419
-0.2651650429449553 -0.088388347648318433
-0.2651650429449553 7.3598084000801949e-18
-0.35355339059327373 7.3598084000801949e-18
-0.30935921676911449 -0.088388347648318433
-0.2651650429449553 -0.044194173824159209
-0.30935921676911449 7.3598084000801949e-18
-0.35355339059327373 -0.044194173824159209
-0.30935921676911449 -0.044194173824159209
-0.2651650429449553 -0.088388347648318433
-0.17677669529663687 -0.088388347648318433
-0.17677669529663687 7.3598084000801949e-18
-0.2651650429449553 7.3598084000801949e-18
-0.22097086912079608 -0.088388347648318419
-0.17677669529663687 -0.044194173824159209
-0.22097086912079608 4.9065389333867966e-18
-0.2651650429449553 -0.044194173824159209
-0.22097086912079608 -0.044194173824159196
-0.17677669529663687 -0.088388347648318433
-0.088388347648318419 -0.088388347648318433
-0.088388347648318419 7.3598084000801949e-18
-0.17677669529663687 7.3598084000801949e-18
-0.13258252147247762 -0.088388347648318433
-0.088388347648318419 -0.044194173824159209
-0.13258252147247765 4.9065389333867966e-18
-0.17677669529663687 -0.044194173824159209
-0.13258252147247765 -0.044194173824159209
-0.088388347648318419 -0.088388347648318433
7.3598084000801949e-18 -0.088388347648318433
7.3598084000801949e-18 7.3598084000801949e-18
-0.088388347648318419 7.3598084000801949e-18
-0.044194173824159209 -0.088388347648318419
5.8265149833968208e-18 -0.044194173824159209
-0.044194173824159209 4.9065389333867966e-18
-0.088388347648318419 -0.044194173824159209
-0.044194173824159196 -0.044194173824159196
7.3598084000801949e-18 -0.088388347648318433
0.088388347648318433 -0.088388347648318433
0.088388347648318433 7.3598084000801949e-18
7.3598084000801949e-18 7.3598084000801949e-18
0.044194173824159216 -0.088388347648318433
0.088388347648318433 -0.044194173824159209
0.044194173824159216 4.9065389333867966e-18
5.8265149833968208e-18 -0.044194173824159209
0.044194173824159216 -0.044194173824159209
0.088388347648318433 -0.088388347648318433
0.17677669529663687 -0.088388347648318433
0.17677669529663687 7.3598084000801949e-18
0.088388347648318433 7.3598084000801949e-18
0.13258252147247765 -0.088388347648318419
0.17677669529663687 -0.044194173824159209
0.13258252147247765 4.9065389333867966e-18
0.088388347648318433 -0.044194173824159209
0.13258252147247765 -0.044194173824159196
0.17677669529663687 -0.088388347648318433
0.2651650429449553 -0.088388347648318433
0.2651650429449553 7.3598084000801949e-18
0.17677669529663687 7.3598084000801949e-18
0.22097086912079608 -0.088388347648318433
0.2651650429449553 -0.044194173824159209
0.22097086912079608 4.9065389333867966e-18
0.17677669529663687 -0.044194173824159209
0.22097086912079608 -0.044194173824159209
0.2651650429449553 -0.088388347648318433
0.35355339059327373 -0.088388347648318419
0.35355339059327373 7.3598084000801949e-18
0.2651650429449553 7.3598084000801949e-18
0.30935921676911449 -0.088388347648318433
0.35355339059327373 -0.044194173824159209
0.30935921676911449 7.3598084000801949e-18
0.2651650429449553 -0.044194173824159209
0.30935921676911449 -0.044194173824159209
-0.35355339059327373 7.3598084000801949e-18
-0.2651650429449553 7.3598084000801949e-18
-0.2651650429449553 0.088388347648318433
-0.35355339059327373 0.088388347648318433
-0.30935921676911449 7.3598084000801949e-18
-0.2651650429449553 0.044194173824159216
-0.30935921676911449 0.088388347648318433
-0.35355339059327373 0.044194173824159216
-0.30935921676911449 0.044194173824159216
-0.2651650429449553 7.3598084000801949e-18
-0.17677669529663687 7.3598084000801949e-18
-0.17677669529663687 0.088388347648318433
-0.2651650429449553 0.088388347648318433
-0.22097086912079608 4.9065389333867966e-18
-0.17677669529663687 0.044194173824159216
-0.22097086912079608 0.088388347648318433
-0.2651650429449553 0.044194173824159216
-0.22097086912079608 0.044194173824159216
-0.17677669529663687 7.3598084000801949e-18
-0.088388347648318419 7.3598084000801949e-18
-0.088388347648318433 0.088388347648318433
-0.17677669529663687 0.088388347648318433
-0.13258252147247765 4.9065389333867966e-18
-0.088388347648318433 0.044194173824159216
-0.13258252147247765 0.088388347648318433
-0.17677669529663687 0.044194173824159216
-0.13258252147247765 0.044194173824159216
-0.088388347648318419 7.3598084000801949e-18
7.3598084000801949e-18 7.3598084000801949e-18
7.3598084000801949e-18 0.088388347648318433
-0.088388347648318433 0.088388347648318433
-0.044194173824159209 4.9065389333867966e-18
5.8265149833968208e-18 0.044194173824159216
-0.044194173824159209 0.088388347648318433
-0.088388347648318433 0.044194173824159216
-0.044194173824159209 0.044194173824159216
7.3598084000801949e-18 7.3598084000801949e-18
0.088388347648318433 7.3598084000801949e-18
0.088388347648318433 0.088388347648318433
7.3598084000801949e-18 0.088388347648318433
0.044194173824159216 4.9065389333867966e-18
0.088388347648318433 0.044194173824159216
0.044194173824159216 0.088388347648318433
5.8265149833968208e-18 0.044194173824159216
0.044194173824159216 0.044194173824159216
0.088388347648318433 7.3598084000801949e-18
0.17677669529663687 7.3598084000801949e-18
0.17677669529663687 0.088388347648318433
0.088388347648318433 0.088388347648318433
0.13258252147247765 4.9065389333867966e-18
0.17677669529663687 0.044194173824159216
0.13258252147247765 0.088388347648318433
0.088388347648318433 0.044194173824159216
0.13258252147247765 0.044194173824159216
0.17677669529663687 7.3598084000801949e-18
0.2651650429449553 7.3598084000801949e-18
0.2651650429449553 0.088388347648318433
0.17677669529663687 0.088388347648318433
0.22097086912079608 4.9065389333867966e-18
0.2651650429449553 0.044194173824159216
0.22097086912079608 0.088388347648318433
0.17677669529663687 0.044194173824159216
0.22097086912079608 0.044194173824159216
0.2651650429449553 7.3598084000801949e-18
0.35355339059327373 7.3598084000801949e-18
0.35355339059327373 0.088388347648318433
0.2651650429449553 0.088388347648318433
0.30935921676911449 7.3598084000801949e-18
0.35355339059327373 0.044194173824159216
0.30935921676911449 0.088388347648318433
0.2651650429449553 0.044194173824159216
0.30935921676911449 0.044194173824159216
-0.35355339059327373 0.088388347648318433
-0.2651650429449553 0.088388347648318433
-0.2651650429449553 0.17677669529663687
-0.35355339059327373 0.17677669529663687
-0.30935921676911449 0.088388347648318433
-0.2651650429449553 0.13258252147247765
-0.30935921676911449 0.17677669529663687
-0.35355339059327373 0.13258252147247765
-0.30935921676911449 0.13258252147247765
-0.2651650429449553 0.088388347648318433
-0.17677669529663687 0.088388347648318433
-0.17677669529663687 0.17677669529663687
-0.2651650429449553 0.17677669529663687
-0.22097086912079608 0.088388347648318433
-0.17677669529663687 0.13258252147247765
-0.22097086912079608 0.17677669529663687
-0.2651650429449553 0.13258252147247765
-0.22097086912079608 0.13258252147247765
-0.17677669529663687 0.088388347648318433
-0.088388347648318433 0.088388347648318433
-0.088388347648318433 0.17677669529663687
-0.17677669529663687 0.17677669529663687
-0.13258252147247765 0.088388347648318433
-0.088388347648318433 0.13258252147247765
-0.13258252147247765 0.17677669529663687
-0.17677669529663687 0.13258252147247765
-0.13258252147247765 0.13258252147247765
-0.088388347648318433 0.088388347648318433
7.3598084000801949e-18 0.088388347648318433
7.3598084000801949e-18 0.17677669529663687
-0.088388347648318433 0.17677669529663687
-0.044194173824159209 0.088388347648318433
5.8265149833968208e-18 0.13258252147247765
-0.044194173824159209 0.17677669529663687
-0.088388347648318433 0.13258252147247765
-0.044194173824159209 0.13258252147247765
7.3598084000801949e-18 0.088388347648318433
0.088388347648318433 0.088388347648318433
0.088388347648318433 0.17677669529663687
7.3598084000801949e-18 0.17677669529663687
0.044194173824159216 0.088388347648318433
0.088388347648318433 0.13258252147247765
0.044194173824159216 0.17677669529663687
5.8265149833968208e-18 0.13258252147247765
0.044194173824159216 0.13258252147247765
0.088388347648318433 0.088388347648318433
0.17677669529663687 0.088388347648318433
0.17677669529663687 0.17677669529663687
0.088388347648318433 0.17677669529663687
0.13258252147247765 0.088388347648318433
0.17677669529663687 0.13258252147247765
0.13258252147247765 0.17677669529663687
0.088388347648318433 0.13258252147247765
0.13258252147247765 0.13258252147247765
0.17677669529663687 0.088388347648318433
0.2651650429449553 0.088388347648318433
0.2651650429449553 0.17677669529663687
0.17677669529663687 0.17677669529663687
0.22097086912079608 0.088388347648318433
0.2651650429449553 0.13258252147247765
0.22097086912079608 0.17677669529663687
0.17677669529663687 0.13258252147247765
0.22097086912079608 0.13258252147247765
0.2651650429449553 0.088388347648318433
0.35355339059327373 0.088388347648318433
0.35355339059327373 0.17677669529663687
0.2651650429449553 0.17677669529663687
0.30935921676911449 0.088388347648318433
0.35355339059327373 0.13258252147247765
0.30935921676911449 0.17677669529663687
0.2651650429449553 0.13258252147247765
0.30935921676911449 0.13258252147247765
-0.35355339059327373 0.17677669529663687
-0.2651650429449553 0.17677669529663687
-0.2651650429449553 0.2651650429449553
-0.35355339059327373 0.2651650429449553
-0.30935921676911449 0.17677669529663687
-0.2651650429449553 0.22097086912079608
-0.30935921676911449 0.2651650429449553
-0.35355339059327373 0.22097086912079608
-0.30935921676911449 0.22097086912079608
-0.2651650429449553 0.17677669529663687
-0.17677669529663687 0.17677669529663687
-0.17677669529663687 0.2651650429449553
-0.2651650429449553 0.2651650429449553
-0.22097086912079608 0.17677669529663687
-0.17677669529663687 0.22097086912079608
-0.22097086912079608 0.2651650429449553
-0.2651650429449553 0.22097086912079608
-0.22097086912079608 0.22097086912079608
-0.17677669529663687 0.17677669529663687
-0.088388347648318433 0.17677669529663687
-0.088388347648318433 0.2651650429449553
-0.17677669529663687 0.2651650429449553
-0.13258252147247765 0.17677669529663687
-0.088388347648318433 0.22097086912079608
-0.13258252147247765 0.2651650429449553
-0.17677669529663687 0.22097086912079608
-0.13258252147247765 0.22097086912079608
-0.088388347648318433 0.17677669529663687
7.3598084000801949e-18 0.17677669529663687
7.3598084000801949e-18 0.2651650429449553
-0.088388347648318433 0.2651650429449553
-0.044194173824159209 0.17677669529663687
5.8265149833968208e-18 0.22097086912079608
-0.044194173824159209 0.2651650429449553
-0.088388347648318433 0.22097086912079608
-0.044194173824159209 0.22097086912079608
7.3598084000801949e-18 0.17677669529663687
0.088388347648318433 0.17677669529663687
0.088388347648318433 0.2651650429449553
7.3598084000801949e-18 0.2651650429449553
0.044194173824159216 0.17677669529663687
0.088388347648318433 0.22097086912079608
0.044194173824159216 0.2651650429449553
5.8265149833968208e-18 0.22097086912079608
0.044194173824159216 0.22097086912079608
0.088388347648318433 0.17677669529663687
0.17677669529663687 0.17677669529663687
0.17677669529663687 0.2651650429449553
0.088388347648318433 0.2651650429449553
0.13258252147247765 0.17677669529663687
0.17677669529663687 0.22097086912079608
0.13258252147247765 0.2651650429449553
0.088388347648318433 0.22097086912079608
0.13258252147247765 0.22097086912079608
0.17677669529663687 0.17677669529663687
0.2651650429449553 0.17677669529663687
0.2651650429449553 0.2651650429449553
0.17677669529663687 0.2651650429449553
0.22097086912079608 0.17677669529663687
0.2651650429449553 0.22097086912079608
0.22097086912079608 0.2651650429449553
0.17677669529663687 0.22097086912079608
0.22097086912079608 0.22097086912079608
0.2651650429449553 0.17677669529663687
0.35355339059327373 0.17677669529663687
0.35355339059327373 0.2651650429449553
0.2651650429449553 0.2651650429449553
0.30935921676911449 0.17677669529663687
0.35355339059327373 0.22097086912079608
0.30935921676911449 0.2651650429449553
0.2651650429449553 0.22097086912079608
0.30935921676911449 0.22097086912079608
-0.35355339059327373 0.2651650429449553
-0.2651650429449553 0.2651650429449553
-0.2651650429449553 0.35355339059327373
-0.35355339059327373 0.35355339059327373
-0.30935921676911449 0.2651650429449553
-0.2651650429449553 0.30935921676911449
-0.30935921676911449 0.35355339059327373
-0.35355339059327373 0.30935921676911449
-0.30935921676911449 0.30935921676911449
-0.2651650429449553 0.2651650429449553
-0.17677669529663687 0.2651650429449553
-0.17677669529663687 0.35355339059327373
-0.2651650429449553 0.35355339059327373
-0.22097086912079608 0.2651650429449553
-0.17677669529663687 0.30935921676911449
-0.22097086912079608 0.35355339059327373
-0.2651650429449553 0.30935921676911449
-0.22097086912079608 0.30935921676911449
-0.17677669529663687 0.2651650429449553
-0.088388347648318433 0.2651650429449553
-0.088388347648318419 0.35355339059327373
-0.17677669529663687 0.35355339059327373
-0.13258252147247765 0.2651650429449553
-0.088388347648318433 0.30935921676911449
-0.13258252147247765 0.35355339059327373
-0.17677669529663687 0.30935921676911449
-0.13258252147247765 0.30935921676911449
-0.088388347648318433 0.2651650429449553
7.3598084000801949e-18 0.2651650429449553
7.3598084000801949e-18 0.35355339059327373
-0.088388347648318419 0.35355339059327373
-0.044194173824159209 0.2651650429449553
6.746491033406845e-18 0.30935921676911449
-0.044194173824159209 0.35355339059327373
-0.088388347648318433 0.30935921676911449
-0.044194173824159209 0.30935921676911449
7.3598084000801949e-18 0.2651650429449553
0.088388347648318433 0.2651650429449553
0.088388347648318433 0.35355339059327373
7.3598084000801949e-18 0.35355339059327373
0.044194173824159216 0.2651650429449553
0.088388347648318433 0.30935921676911449
0.044194173824159216 0.35355339059327373
6.746491033406845e-18 0.30935921676911449
0.044194173824159216 0.30935921676911449
0.088388347648318433 0.2651650429449553
0.17677669529663687 0.2651650429449553
0.17677669529663687 0.35355339059327373
0.088388347648318433 0.35355339059327373
0.13258252147247765 0.2651650429449553
0.17677669529663687 0.30935921676911449
0.13258252147247765 0.35355339059327373
0.088388347648318433 0.30935921676911449
0.13258252147247765 0.30935921676911449
0.17677669529663687 0.2651650429449553
0.2651650429449553 0.2651650429449553
0.2651650429449553 0.35355339059327373
0.17677669529663687 0.35355339059327373
0.22097086912079608 0.2651650429449553
0.2651650429449553 0.30935921676911449
0.22097086912079608 0.35355339059327373
0.17677669529663687 0.30935921676911449
0.22097086912079608 0.30935921676911449
0.2651650429449553 0.2651650429449553
0.35355339059327373 0.2651650429449553
0.35355339059327373 0.35355339059327373
0.2651650429449553 0.35355339059327373
0.30935921676911449 0.2651650429449553
0.35355339059327373 0.30935921676911449
0.30935921676911449 0.35355339059327373
0.2651650429449553 0.30935921676911449
0.30935921676911449 0.30935921676911449
-0.70710678118654746 -0.70710678118654746
-0.56663458569846548 -0.82396920227052683
-0.52671281479550913 -0.76561202305737674
-0.66291260736238822 -0.66291260736238822
-0.64070978727902206 -0.767783151993367
-0.54658866091595626 -0.79480751344189338
-0.59800851894111873 -0.71645378223117495
-0.6850096942744679 -0.6850096942744679
-0.61931182861302847 -0.74213504891399984
-0.56663458569846548 -0.82396920227052683
-0.3971773474990708 -0.91774187799925666
-0.36669803360801112 -0.84676832237257404
-0.52671281479550913 -0.76561202305737674
-0.48524548314338639 -0.87437796237607768
-0.38182106627856266 -0.88223718412491792
-0.44941316123461789 -0.80937553009070584
-0.54658866091595626 -0.79480751344189338
-0.46722027013044753 -0.84188066865282241
-0.3971773474990708 -0.91774187799925666
-0.20490947445535665 -0.97878092915546178
-0.18835569526275384 -0.89900789459395924
-0.36669803360801112 -0.84676832237257404
-0.30334132353665982 -0.95288196616109133
-0.19655107005979777 -0.93882802437043056
-0.27935508505664397 -0.8768985887774593
-0.38182106627856266 -0.88223718412491792
-0.29124124978569527 -0.91484706037222929
-0.20490947445535665 -0.97878092915546178
1.9626155733547187e-17 -0.99999999999999978
9.8130778667735933e-18 -0.91706090764091108
-0.18835569526275384 -0.89900789459395924
-0.10327652418389167 -0.99465268287603481
1.594625153350709e-17 -0.95844214094080205
-0.0948251912202666 -0.91251663195046506
-0.19655107005979777 -0.93882802437043056
-0.099006835315954458 -0.95350212303970416
1.9626155733547187e-17 -0.99999999999999978
0.2049094744553567 -0.97878092915546178
0.18835569526275384 -0.89900789459395924
9.8130778667735933e-18 -0.91706090764091108
0.10327652418389172 -0.99465268287603481
0.19655107005979783 -0.93882802437043045
0.094825191220266641 -0.9125166319504654
1.594625153350709e-17 -0.95844214094080205
0.099006835315954514 -0.95350212303970416
0.2049094744553567 -0.97878092915546178
0.39717734749907069 -0.91774187799925644
0.36669803360801112 -0.84676832237257404
0.18835569526275384 -0.89900789459395924
0.30334132353665988 -0.95288196616109133
0.38182106627856266 -0.88223718412491781
0.27935508505664397 -0.87689858877745941
0.19655107005979783 -0.93882802437043045
0.29124124978569527 -0.91484706037222929
0.39717734749907069 -0.91774187799925644
0.56663458569846548 -0.82396920227052683
0.52671281479550913 -0.76561202305737674
0.36669803360801112 -0.84676832237257404
0.48524548314338639 -0.87437796237607768
0.54658866091595637 -0.7948075134418936
0.44941316123461789 -0.80937553009070584
0.38182106627856266 -0.88223718412491781
0.46722027013044753 -0.84188066865282229
0.56663458569846548 -0.82396920227052683
0.70710678118654746 -0.70710678118654746
0.66291260736238822 -0.66291260736238822
0.52671281479550913 -0.76561202305737674
0.64070978727902206 -0.767783151993367
0.6850096942744679 -0.6850096942744679
0.59800851894111862 -0.71645378223117484
0.54658866091595637 -0.7948075134418936
0.61931182861302847 -0.74213504891399962
-0.66291260736238822 -0.66291260736238822
-0.52671281479550913 -0.76561202305737674
-0.48746277323816084 -0.70712134386992798
-0.61871843353822897 -0.61871843353822897
-0.59800851894111873 -0.71645378223117495
-0.50700489194472997 -0.7363831594812148
-0.55568334569211375 -0.66499263432901157
-0.64081552045030865 -0.64081552045030865
-0.57679923166172176 -0.69073957149678789
-0.52671281479550913 -0.76561202305737674
-0.36669803360801112 -0.84676832237257404
-0.33713077490699755 -0.77593487854012111
-0.48746277323816084 -0.70712134386992798
-0.44941316123461789 -0.80937553009070584
-0.35180297527895515 -0.81133448250747342
-0.4144376108085987 -0.74434228117375534
-0.50700489194472997 -0.7363831594812148
-0.4318202216888381 -0.77686268821669258
-0.36669803360801112 -0.84676832237257404
-0.18835569526275384 -0.89900789459395924
-0.17243532025483471 -0.81975071878945283
-0.33713077490699755 -0.77593487854012111
-0.27935508505664397 -0.8768985887774593
-0.18031862632528056 -0.85931669270574329
-0.25620218748789492 -0.80125193936081418
-0.35180297527895515 -0.81133448250747342
-0.2676772067194102 -0.83903427944127928
-0.18835569526275384 -0.89900789459395924
9.8130778667735933e-18 -0.91706090764091108
1.7172886266853787e-17 -0.83480652496416285
-0.17243532025483471 -0.81975071878945283
-0.0948251912202666 -0.91251663195046506
7.9731257667535449e-18 -0.87585079515833142
-0.086715364070178949 -0.8310208454645085
-0.18031862632528056 -0.85931669270574329
-0.090728896347173543 -0.87169115591810054
9.8130778667735933e-18 -0.91706090764091108
0.18835569526275384 -0.89900789459395924
0.17243532025483477 -0.81975071878945283
1.7172886266853787e-17 -0.83480652496416285
0.094825191220266641 -0.9125166319504654
0.18031862632528059 -0.85931669270574329
0.086715364070178991 -0.8310208454645085
7.9731257667535449e-18 -0.87585079515833142
0.090728896347173557 -0.87169115591810054
0.18835569526275384 -0.89900789459395924
0.36669803360801112 -0.84676832237257404
0.33713077490699755 -0.77593487854012111
0.17243532025483477 -0.81975071878945283
0.27935508505664397 -0.87689858877745941
0.3518029752789551 -0.81133448250747342
0.25620218748789492 -0.80125193936081418
0.18031862632528059 -0.85931669270574329
0.2676772067194102 -0.83903427944127928
0.36669803360801112 -0.84676832237257404
0.52671281479550913 -0.76561202305737674
0.48746277323816084 -0.70712134386992775
0.33713077490699755 -0.77593487854012111
0.44941316123461789 -0.80937553009070584
0.50700489194472986 -0.73638315948121458
0.41443761080859864 -0.74434228117375534
0.3518029752789551 -0.81133448250747342
0.43182022168883821 -0.77686268821669258
0.52671281479550913 -0.76561202305737674
0.66291260736238822 -0.66291260736238822
0.61871843353822897 -0.61871843353822897
0.48746277323816084 -0.70712134386992775
0.59800851894111862 -0.71645378223117484
0.64081552045030865 -0.64081552045030865
0.55568334569211364 -0.66499263432901146
0.50700489194472986 -0.73638315948121458
0.57679923166172176 -0.69073957149678789
-0.61871843353822897 -0.61871843353822897
-0.48746277323816084 -0.70712134386992798
-0.44886764855194355 -0.64850050603147535
-0.57452425971406984 -0.57452425971406984
-0.55568334569211375 -0.66499263432901157
-0.4680843750576853 -0.67782699032328275
-0.51372932058264553 -0.61340144162454791
-0.59662134662614941 -0.59662134662614941
-0.53466024540779189 -0.6392131864335393
-0.48746277323816084 -0.70712134386992798
-0.33713077490699755 -0.77593487854012111
-0.30843523671910045 -0.70523535020586592
-0.44886764855194355 -0.64850050603147535
-0.4144376108085987 -0.74434228117375534
-0.32267646807228212 -0.74056874782612803
-0.38028846604701366 -0.67927930783272261
-0.4680843750576853 -0.67782699032328275
-0.39726157919668847 -0.71181444382141612
-0.33713077490699755 -0.77593487854012111
-0.17243532025483471 -0.81975071878945283
-0.1571126775807731 -0.74098034977627469
-0.30843523671910045 -0.70523535020586592
-0.25620218748789492 -0.80125193936081418
-0.16470140624221813 -0.78030641315878502
-0.23383994388623203 -0.72592476940248907
-0.32267646807228212 -0.74056874782612803
-0.24492478700963141 -0.76354945106744088
-0.17243532025483471 -0.81975071878945283
1.7172886266853787e-17 -0.83480652496416285
2.698596413362738e-17 -0.75319546095705847
-0.1571126775807731 -0.74098034977627469
-0.086715364070178949 -0.8310208454645085
2.3306059933587283e-17 -0.79392303342087178
-0.078926753057366031 -0.7501272837781725
-0.16470140624221813 -0.78030641315878502
-0.08278211123918984 -0.79050104511197983
1.7172886266853787e-17 -0.83480652496416285
0.17243532025483477 -0.81975071878945283
0.15711267758077316 -0.74098034977627469
2.698596413362738e-17 -0.75319546095705847
0.086715364070178991 -0.8310208454645085
0.16470140624221818 -0.78030641315878491
0.078926753057366086 -0.7501272837781725
2.3306059933587283e-17 -0.79392303342087178
0.082782111239189882 -0.79050104511197983
0.17243532025483477 -0.81975071878945283
0.33713077490699755 -0.77593487854012111
0.30843523671910045 -0.70523535020586603
0.15711267758077316 -0.74098034977627469
0.25620218748789492 -0.80125193936081418
0.32267646807228212 -0.7405687478261278
0.23383994388623203 -0.72592476940248907
0.16470140624221818 -0.78030641315878491
0.24492478700963147 -0.76354945106744065
0.33713077490699755 -0.77593487854012111
0.48746277323816084 -0.70712134386992775
0.44886764855194355 -0.64850050603147535
0.30843523671910045 -0.70523535020586603
0.41443761080859864 -0.74434228117375534
0.4680843750576853 -0.67782699032328275
0.38028846604701366 -0.67927930783272261
0.32267646807228212 -0.7405687478261278
0.39726157919668847 -0.71181444382141623
0.48746277323816084 -0.70712134386992775
0.61871843353822897 -0.61871843353822897
0.57452425971406984 -0.57452425971406984
0.44886764855194355 -0.64850050603147535
0.55568334569211364 -0.66499263432901146
0.59662134662614941 -0.59662134662614941
0.51372932058264542 -0.61340144162454791
0.4680843750576853 -0.67782699032328275
0.53466024540779189 -0.6392131864335393
-0.57452425971406984 -0.57452425971406984
-0.44886764855194355 -0.64850050603147535
-0.41091118467818122 -0.58975274028283731
-0.5303300858899106 -0.5303300858899106
-0.51372932058264553 -0.61340144162454791
-0.42981057891420782 -0.61914229141864707
-0.47214158304391052 -0.5616819071889888
-0.55242717280199016 -0.55242717280199016
-0.49288996632991294 -0.5875576118453858
-0.44886764855194355 -0.64850050603147535
-0.30843523671910045 -0.70523535020586592
-0.28057342816140246 -0.63466390113223514
-0.41091118467818122 -0.58975274028283731
-0.38028846604701366 -0.67927930783272261
-0.29440240380135863 -0.6699339671818948
-0.3469367793495946 -0.61418765126418118
-0.42981057891420782 -0.61914229141864707
-0.36351469654341434 -0.64673700178780968
-0.30843523671910045 -0.70523535020586592
-0.1571126775807731 -0.74098034977627469
-0.14235472463958479 -0.66266987690955803
-0.28057342816140246 -0.63466390113223514
-0.23383994388623203 -0.72592476940248907
-0.1496650840364378 -0.70176923003929326
-0.21222853381672507 -0.65090098866388213
-0.29440240380135863 -0.6699339671818948
-0.22294276809911898 -0.68837591845671009
-0.1571126775807731 -0.74098034977627469
2.698596413362738e-17 -0.75319546095705847
2.698596413362738e-17 -0.67218959485177432
-0.14235472463958479 -0.66266987690955803
-0.078926753057366031 -0.7501272837781725
2.7599281500300731e-17 -0.71261914189008402
-0.07144064457049118 -0.66980086210109435
-0.1496650840364378 -0.70176923003929326
-0.075146998259364356 -0.70989526573615369
2.698596413362738e-17 -0.75319546095705847
0.15711267758077316 -0.74098034977627469
0.14235472463958485 -0.66266987690955803
2.698596413362738e-17 -0.67218959485177432
0.078926753057366086 -0.7501272837781725
0.14966508403643788 -0.70176923003929337
0.071440644570491235 -0.66980086210109435
2.7599281500300731e-17 -0.71261914189008402
0.075146998259364425 -0.70989526573615391
0.15711267758077316 -0.74098034977627469
0.30843523671910045 -0.70523535020586603
0.28057342816140241 -0.63466390113223503
0.14235472463958485 -0.66266987690955803
0.23383994388623203 -0.72592476940248907
0.29440240380135863 -0.6699339671818948
0.21222853381672513 -0.65090098866388213
0.14966508403643788 -0.70176923003929337
0.22294276809911906 -0.68837591845671031
0.30843523671910045 -0.70523535020586603
0.44886764855194355 -0.64850050603147535
0.41091118467818122 -0.58975274028283731
0.28057342816140241 -0.63466390113223503
0.38028846604701366 -0.67927930783272261
0.42981057891420782 -0.61914229141864707
0.34693677934959466 -0.61418765126418118
0.29440240380135863 -0.6699339671818948
0.36351469654341434 -0.64673700178780968
0.44886764855194355 -0.64850050603147535
0.57452425971406984 -0.57452425971406984
0.5303300858899106 -0.5303300858899106
0.41091118467818122 -0.58975274028283731
0.51372932058264542 -0.61340144162454791
0.55242717280199016 -0.55242717280199016
0.47214158304391074 -0.56168190718898892
0.42981057891420782 -0.61914229141864707
0.49288996632991283 -0.58755761184538557
-0.5303300858899106 -0.5303300858899106
-0.41091118467818122 -0.58975274028283731
-0.37357765914437363 -0.53088117131953061
-0.48613591206575135 -0.48613591206575135
-0.47214158304391052 -0.5616819071889888
-0.39216751703120539 -0.56033223993247916
-0.43091535701045469 -0.50983570448481907
-0.50823299897783103 -0.50823299897783103
-0.45148357634252551 -0.53577453591803303
-0.41091118467818122 -0.58975274028283731
-0.28057342816140246 -0.63466390113223514
-0.25350953433932721 -0.5642150293614584
-0.37357765914437363 -0.53088117131953061
-0.3469367793495946 -0.61418765126418118
-0.26694389963042131 -0.59942447455768322
-0.31435493949338028 -0.54906830459745748
-0.39216751703120539 -0.56033223993247916
-0.33055130418646733 -0.58163137892384975
-0.28057342816140246 -0.63466390113223514
-0.14235472463958479 -0.66266987690955803
-0.12813081022181652 -0.58479433714802265
-0.25350953433932721 -0.5642150293614584
-0.21222853381672507 -0.65090098866388213
-0.13517784087168808 -0.62367922936419951
-0.19133076671201416 -0.57616556955668108
-0.26694389963042131 -0.59942447455768322
-0.20169267256093573 -0.61349813403957354
-0.14235472463958479 -0.66266987690955803
2.698596413362738e-17 -0.67218959485177432
1.9626155733547187e-17 -0.59175375940944674
-0.12813081022181652 -0.58479433714802265
-0.07144064457049118 -0.66980086210109435
2.1466107833567235e-17 -0.63190251377591422
-0.06423975094604957 -0.59000916904890688
-0.13517784087168808 -0.62367922936419951
-0.067805574427854953 -0.6298401028081686
2.698596413362738e-17 -0.67218959485177432
0.14235472463958485 -0.66266987690955803
0.12813081022181658 -0.58479433714802254
1.9626155733547187e-17 -0.59175375940944674
0.071440644570491235 -0.66980086210109435
0.1351778408716881 -0.62367922936419928
0.064239750946049612 -0.59000916904890677
2.1466107833567235e-17 -0.63190251377591422
0.067805574427854995 -0.62984010280816838
0.14235472463958485 -0.66266987690955803
0.28057342816140241 -0.63466390113223503
0.25350953433932727 -0.5642150293614584
0.12813081022181658 -0.58479433714802254
0.21222853381672513 -0.65090098866388213
0.26694389963042137 -0.59942447455768322
0.19133076671201418 -0.57616556955668119
0.1351778408716881 -0.62367922936419928
0.20169267256093579 -0.61349813403957354
0.28057342816140241 -0.63466390113223503
0.41091118467818122 -0.58975274028283731
0.37357765914437363 -0.5308811713195305
0.25350953433932727 -0.5642150293614584
0.34693677934959466 -0.61418765126418118
0.3921675170312055 -0.56033223993247916
0.31435493949338028 -0.54906830459745748
0.26694389963042137 -0.59942447455768322
0.33055130418646722 -0.58163137892384964
0.41091118467818122 -0.58975274028283731
0.5303300858899106 -0.5303300858899106
0.48613591206575135 -0.48613591206575135
0.37357765914437363 -0.5308811713195305
0.47214158304391074 -0.56168190718898892
0.50823299897783103 -0.50823299897783103
0.43091535701045458 -0.50983570448481907
0.3921675170312055 -0.56033223993247916
0.45148357634252539 -0.53577453591803292
-0.48613591206575135 -0.48613591206575135
-0.37357765914437363 -0.53088117131953061
-0.33685186134945677 -0.4718888221073736
-0.44194173824159216 -0.44194173824159216
-0.43091535701045469 -0.50983570448481907
-0.35513972551906869 -0.50139990916934607
-0.39004594909170426 -0.45786447800647145
-0.46403882515367179 -0.46403882515367179
-0.41043634094318598 -0.48386561755090357
-0.37357765914437363 -0.53088117131953061
-0.25350953433932721 -0.5642150293614584
-0.22720976275445154 -0.4938835436204233
-0.33685186134945677 -0.4718888221073736
-0.31435493949338028 -0.54906830459745748
-0.24026617022963329 -0.52903492615957581
-0.2825165953946292 -0.48392221563678584
-0.35513972551906869 -0.50139990916934607
-0.29834443016985607 -0.51649854536550299
-0.25350953433932721 -0.5642150293614584
-0.12813081022181652 -0.58479433714802265
-0.11441246201411105 -0.50733054199286742
-0.22720976275445154 -0.4938835436204233
-0.19133076671201416 -0.57616556955668108
-0.12121014008974326 -0.54601235580806218
-0.17111186829270414 -0.50170446084177689
-0.24026617022963329 -0.52903492615957581
-0.18113854333260915 -0.53890156864989724
-0.12813081022181652 -0.58479433714802265
1.9626155733547187e-17 -0.59175375940944674
1.2266347333466992e-17 -0.51185546031273255
-0.11441246201411105 -0.50733054199286742
-0.06423975094604957 -0.59000916904890688
1.594625153350709e-17 -0.55173935131221008
-0.057308077188560992 -0.51072221676661078
-0.12121014008974326 -0.54601235580806218
-0.060741214111219057 -0.55030438613572463
1.9626155733547187e-17 -0.59175375940944674
0.12813081022181658 -0.58479433714802254
0.11441246201411109 -0.50733054199286742
1.2266347333466992e-17 -0.51185546031273255
0.064239750946049612 -0.59000916904890677
0.1212101400897433 -0.54601235580806218
0.05730807718856102 -0.51072221676661089
1.594625153350709e-17 -0.55173935131221008
0.060741214111219084 -0.55030438613572474
0.12813081022181658 -0.58479433714802254
0.25350953433932727 -0.5642150293614584
0.22720976275445159 -0.49388354362042336
0.11441246201411109 -0.50733054199286742
0.19133076671201418 -0.57616556955668119
0.24026617022963331 -0.52903492615957581
0.17111186829270417 -0.50170446084177689
0.1212101400897433 -0.54601235580806218
0.18113854333260918 -0.53890156864989724
0.25350953433932727 -0.5642150293614584
0.37357765914437363 -0.5308811713195305
0.33685186134945672 -0.47188882210737354
0.22720976275445159 -0.49388354362042336
0.31435493949338028 -0.54906830459745748
0.35513972551906869 -0.50139990916934607
0.2825165953946292 -0.48392221563678595
0.24026617022963331 -0.52903492615957581
0.29834443016985596 -0.51649854536550277
0.37357765914437363 -0.5308811713195305
0.48613591206575135 -0.48613591206575135
0.44194173824159216 -0.44194173824159216
0.33685186134945672 -0.47188882210737354
0.43091535701045458 -0.50983570448481907
0.46403882515367179 -0.46403882515367179
0.39004594909170415 -0.45786447800647129
0.35513972551906869 -0.50139990916934607
0.41043634094318587 -0.48386561755090352
-0.44194173824159216 -0.44194173824159216
-0.33685186134945677 -0.4718888221073736
-0.30071907190094044 -0.41277861798903892
-0.39774756441743297 -0.39774756441743297
-0.39004594909170426 -0.45786447800647145
-0.31871224190048442 -0.44234827278277306
-0.34952874679077206 -0.40576984390443083
-0.41984465132951254 -0.41984465132951254
-0.36974360740791484 -0.43183248698945909
-0.33685186134945677 -0.4718888221073736
-0.22720976275445154 -0.4938835436204233
-0.20164220254078541 -0.42366454169626111
-0.30071907190094044 -0.41277861798903892
-0.2825165953946292 -0.48392221563678584
-0.21433638076028244 -0.45876027783211465
-0.25139658503096268 -0.41875028941786036
-0.31871224190048442 -0.44234827278277306
-0.2668683265189129 -0.45133942722418319
-0.22720976275445154 -0.4938835436204233
-0.11441246201411105 -0.50733054199286742
-0.10117319636655225 -0.43025692255797393
-0.20164220254078541 -0.42366454169626111
-0.17111186829270414 -0.50170446084177689
-0.10773452620561386 -0.46874624900020245
-0.15153928746962533 -0.42750450960427977
-0.21433638076028244 -0.45876027783211465
-0.16124674067854039 -0.46457262948355393
-0.11441246201411105 -0.50733054199286742
1.2266347333466992e-17 -0.51185546031273255
9.8130778667735933e-18 -0.43246462695359039
-0.10117319636655225 -0.43025692255797393
-0.057308077188560992 -0.51072221676661078
1.1039712600120293e-17 -0.47209840139002651
-0.050630802365244976 -0.43191221856406814
-0.10773452620561386 -0.46874624900020245
-0.053938523329433385 -0.47125925466403978
1.2266347333466992e-17 -0.51185546031273255
0.11441246201411109 -0.50733054199286742
0.1011731963665523 -0.4302569225579741
9.8130778667735933e-18 -0.43246462695359039
0.05730807718856102 -0.51072221676661089
0.10773452620561387 -0.46874624900020256
0.050630802365244996 -0.43191221856406825
1.1039712600120293e-17 -0.47209840139002651
0.05393852332943342 -0.47125925466403978
0.11441246201411109 -0.50733054199286742
0.22720976275445159 -0.49388354362042336
0.20164220254078544 -0.42366454169626128
0.1011731963665523 -0.4302569225579741
0.17111186829270417 -0.50170446084177689
0.21433638076028236 -0.45876027783211454
0.15153928746962539 -0.42750450960427994
0.10773452620561387 -0.46874624900020256
0.16124674067854039 -0.4645726294835541
0.22720976275445159 -0.49388354362042336
0.33685186134945672 -0.47188882210737354
0.30071907190094044 -0.41277861798903892
0.20164220254078544 -0.42366454169626128
0.2825165953946292 -0.48392221563678595
0.31871224190048431 -0.44234827278277306
0.25139658503096268 -0.41875028941786024
0.21433638076028236 -0.45876027783211454
0.2668683265189129 -0.45133942722418335
0.33685186134945672 -0.47188882210737354
0.44194173824159216 -0.44194173824159216
0.39774756441743297 -0.39774756441743297
0.30071907190094044 -0.41277861798903892
0.39004594909170415 -0.45786447800647129
0.41984465132951254 -0.41984465132951254
0.34952874679077212 -0.40576984390443083
0.31871224190048431 -0.44234827278277306
0.36974360740791484 -0.43183248698945909
-0.39774756441743297 -0.39774756441743297
-0.30071907190094044 -0.41277861798903892
-0.2651650429449553 -0.35355339059327373
-0.35355339059327373 -0.35355339059327373
-0.34952874679077206 -0.40576984390443083
-0.28287058495115935 -0.38318020878171366
-0.30935921676911449 -0.35355339059327373
-0.37565047750535335 -0.37565047750535335
-0.32940080303310287 -0.37967674644121047
-0.30071907190094044 -0.41277861798903892
-0.20164220254078541 -0.42366454169626111
-0.17677669529663687 -0.35355339059327373
-0.2651650429449553 -0.35355339059327373
-0.25139658503096268 -0.41875028941786036
-0.18912351205421257 -0.38859576434688642
-0.22097086912079608 -0.35355339059327373
-0.28287058495115935 -0.38318020878171366
-0.23609840058913939 -0.38615490905601835
-0.20164220254078541 -0.42366454169626111
-0.10117319636655225 -0.43025692255797393
-0.088388347648318419 -0.35355339059327373
-0.17677669529663687 -0.35355339059327373
-0.15153928746962533 -0.42750450960427977
-0.094725444779413859 -0.39186009682425921
-0.13258252147247765 -0.35355339059327373
-0.18912351205421257 -0.38859576434688642
-0.14198575846895098 -0.3904985858622772
-0.10117319636655225 -0.43025692255797393
9.8130778667735933e-18 -0.43246462695359039
7.3598084000801949e-18 -0.35355339059327373
-0.088388347648318419 -0.35355339059327373
-0.050630802365244976 -0.43191221856406814
7.3598084000801949e-18 -0.3929507204958641
-0.044194173824159209 -0.35355339059327373
-0.094725444779413859 -0.39186009682425921
-0.047383227776241779 -0.39267794653333393
9.8130778667735933e-18 -0.43246462695359039
0.1011731963665523 -0.4302569225579741
0.088388347648318433 -0.35355339059327373
7.3598084000801949e-18 -0.35355339059327373
0.050630802365244996 -0.43191221856406825
0.094725444779413887 -0.39186009682425921
0.044194173824159216 -0.35355339059327373
7.3598084000801949e-18 -0.3929507204958641
0.047383227776241786 -0.39267794653333393
0.1011731963665523 -0.4302569225579741
0.20164220254078544 -0.42366454169626128
0.17677669529663687 -0.35355339059327373
0.088388347648318433 -0.35355339059327373
0.15153928746962539 -0.42750450960427994
0.18912351205421257 -0.38859576434688642
0.13258252147247765 -0.35355339059327373
0.094725444779413887 -0.39186009682425921
0.14198575846895098 -0.39049858586227731
0.20164220254078544 -0.42366454169626128
0.30071907190094044 -0.41277861798903892
0.2651650429449553 -0.35355339059327373
0.17677669529663687 -0.35355339059327373
0.25139658503096268 -0.41875028941786024
0.28287058495115935 -0.38318020878171366
0.22097086912079608 -0.35355339059327373
0.18912351205421257 -0.38859576434688642
0.23609840058913939 -0.38615490905601829
0.30071907190094044 -0.41277861798903892
0.39774756441743297 -0.39774756441743297
0.35355339059327373 -0.35355339059327373
0.2651650429449553 -0.35355339059327373
0.34952874679077212 -0.40576984390443083
0.37565047750535335 -0.37565047750535335
0.30935921676911449 -0.35355339059327373
0.28287058495115935 -0.38318020878171366
0.32940080303310287 -0.37967674644121047
0.70710678118654746 -0.70710678118654746
0.82396920227052683 -0.56663458569846548
0.76561202305737674 -0.52671281479550913
0.66291260736238822 -0.66291260736238822
0.767783151993367 -0.64070978727902206
0.79480751344189338 -0.54658866091595626
0.71645378223117495 -0.59800851894111873
0.6850096942744679 -0.6850096942744679
0.74213504891399984 -0.61931182861302847
0.82396920227052683 -0.56663458569846548
0.91774187799925666 -0.3971773474990708
0.84676832237257404 -0.36669803360801112
0.76561202305737674 -0.52671281479550913
0.87437796237607768 -0.48524548314338639
0.88223718412491792 -0.38182106627856266
0.80937553009070584 -0.44941316123461789
0.79480751344189338 -0.54658866091595626
0.84188066865282241 -0.46722027013044753
0.91774187799925666 -0.3971773474990708
0.97878092915546178 -0.20490947445535665
0.89900789459395924 -0.18835569526275384
0.84676832237257404 -0.36669803360801112
0.95288196616109133 -0.30334132353665982
0.93882802437043056 -0.19655107005979777
0.8768985887774593 -0.27935508505664397
0.88223718412491792 -0.38182106627856266
0.91484706037222929 -0.29124124978569527
0.97878092915546178 -0.20490947445535665
0.99999999999999978 1.9626155733547187e-17
0.91706090764091108 9.8130778667735933e-18
0.89900789459395924 -0.18835569526275384
0.99465268287603481 -0.10327652418389167
0.95844214094080205 1.594625153350709e-17
0.91251663195046506 -0.0948251912202666
0.93882802437043056 -0.19655107005979777
0.95350212303970416 -0.099006835315954458
0.99999999999999978 1.9626155733547187e-17
0.97878092915546178 0.2049094744553567
0.89900789459395924 0.18835569526275384
0.91706090764091108 9.8130778667735933e-18
0.99465268287603481 0.10327652418389172
0.93882802437043045 0.19655107005979783
0.9125166319504654 0.094825191220266641
0.95844214094080205 1.594625153350709e-17
0.95350212303970416 0.099006835315954514
0.97878092915546178 0.2049094744553567
0.91774187799925644 0.39717734749907069
0.84676832237257404 0.36669803360801112
0.89900789459395924 0.18835569526275384
0.95288196616109133 0.30334132353665988
0.88223718412491781 0.38182106627856266
0.87689858877745941 0.27935508505664397
0.93882802437043045 0.19655107005979783
0.91484706037222929 0.29124124978569527
0.91774187799925644 0.39717734749907069
0.82396920227052683 0.56663458569846548
0.76561202305737674 0.52671281479550913
0.84676832237257404 0.36669803360801112
0.87437796237607768 0.48524548314338639
0.7948075134418936 0.54658866091595637
0.80937553009070584 0.44941316123461789
0.88223718412491781 0.38182106627856266
0.84188066865282229 0.46722027013044753
0.82396920227052683 0.56663458569846548
0.70710678118654746 0.70710678118654746
0.66291260736238822 0.66291260736238822
0.76561202305737674 0.52671281479550913
0.767783151993367 0.64070978727902206
0.6850096942744679 0.6850096942744679
0.71645378223117484 0.59800851894111862
0.7948075134418936 0.54658866091595637
0.74213504891399962 0.61931182861302847
0.66291260736238822 -0.66291260736238822
0.76561202305737674 -0.52671281479550913
0.70712134386992798 -0.48746277323816084
0.61871843353822897 -0.61871843353822897
0.71645378223117495 -0.59800851894111873
0.7363831594812148 -0.50700489194472997
0.66499263432901157 -0.55568334569211375
0.64081552045030865 -0.64081552045030865
0.69073957149678789 -0.57679923166172176
0.76561202305737674 -0.52671281479550913
0.84676832237257404 -0.36669803360801112
0.77593487854012111 -0.33713077490699755
0.70712134386992798 -0.48746277323816084
0.80937553009070584 -0.44941316123461789
0.81133448250747342 -0.35180297527895515
0.74434228117375534 -0.4144376108085987
0.7363831594812148 -0.50700489194472997
0.77686268821669258 -0.4318202216888381
0.84676832237257404 -0.36669803360801112
0.89900789459395924 -0.18835569526275384
0.81975071878945283 -0.17243532025483471
0.77593487854012111 -0.33713077490699755
0.8768985887774593 -0.27935508505664397
0.85931669270574329 -0.18031862632528056
0.80125193936081418 -0.25620218748789492
0.81133448250747342 -0.35180297527895515
0.83903427944127928 -0.2676772067194102
0.89900789459395924 -0.18835569526275384
0.91706090764091108 9.8130778667735933e-18
0.83480652496416285 1.7172886266853787e-17
0.81975071878945283 -0.17243532025483471
0.91251663195046506 -0.0948251912202666
0.87585079515833142 7.9731257667535449e-18
0.8310208454645085 -0.086715364070178949
0.85931669270574329 -0.18031862632528056
0.87169115591810054 -0.090728896347173543
0.91706090764091108 9.8130778667735933e-18
0.89900789459395924 0.18835569526275384
0.81975071878945283 0.17243532025483477
0.83480652496416285 1.7172886266853787e-17
0.9125166319504654 0.094825191220266641
0.85931669270574329 0.18031862632528059
0.8310208454645085 0.086715364070178991
0.87585079515833142 7.9731257667535449e-18
0.87169115591810054 0.090728896347173557
0.89900789459395924 0.18835569526275384
0.84676832237257404 0.36669803360801112
0.77593487854012111 0.33713077490699755
0.81975071878945283 0.17243532025483477
0.87689858877745941 0.27935508505664397
0.81133448250747342 0.3518029752789551
0.80125193936081418 0.25620218748789492
0.85931669270574329 0.18031862632528059
0.83903427944127928 0.2676772067194102
0.84676832237257404 0.36669803360801112
0.76561202305737674 0.52671281479550913
0.70712134386992775 0.48746277323816084
0.77593487854012111 0.33713077490699755
0.80937553009070584 0.44941316123461789
0.73638315948121458 0.50700489194472986
0.74434228117375534 0.41443761080859864
0.81133448250747342 0.3518029752789551
0.77686268821669258 0.43182022168883821
0.76561202305737674 0.52671281479550913
0.66291260736238822 0.66291260736238822
0.61871843353822897 0.61871843353822897
0.70712134386992775 0.48746277323816084
0.71645378223117484 0.59800851894111862
0.64081552045030865 0.64081552045030865
0.66499263432901146 0.55568334569211364
0.73638315948121458 0.50700489194472986
0.69073957149678789 0.57679923166172176
0.61871843353822897 -0.61871843353822897
0.70712134386992798 -0.48746277323816084
0.64850050603147535 -0.44886764855194355
0.57452425971406984 -0.57452425971406984
0.66499263432901157 -0.55568334569211375
0.67782699032328275 -0.4680843750576853
0.61340144162454791 -0.51372932058264553
0.59662134662614941 -0.59662134662614941
0.6392131864335393 -0.53466024540779189
0.70712134386992798 -0.48746277323816084
0.77593487854012111 -0.33713077490699755
0.70523535020586592 -0.30843523671910045
0.64850050603147535 -0.44886764855194355
0.74434228117375534 -0.4144376108085987
0.74056874782612803 -0.32267646807228212
0.67927930783272261 -0.38028846604701366
0.67782699032328275 -0.4680843750576853
0.71181444382141612 -0.39726157919668847
0.77593487854012111 -0.33713077490699755
0.81975071878945283 -0.17243532025483471
0.74098034977627469 -0.1571126775807731
0.70523535020586592 -0.30843523671910045
0.80125193936081418 -0.25620218748789492
0.78030641315878502 -0.16470140624221813
0.72592476940248907 -0.23383994388623203
0.74056874782612803 -0.32267646807228212
0.76354945106744088 -0.24492478700963141
0.81975071878945283 -0.17243532025483471
0.83480652496416285 1.7172886266853787e-17
0.75319546095705847 2.698596413362738e-17
0.74098034977627469 -0.1571126775807731
0.8310208454645085 -0.086715364070178949
0.79392303342087178 2.3306059933587283e-17
0.7501272837781725 -0.078926753057366031
0.78030641315878502 -0.16470140624221813
0.79050104511197983 -0.08278211123918984
0.83480652496416285 1.7172886266853787e-17
0.81975071878945283 0.17243532025483477
0.74098034977627469 0.15711267758077316
0.75319546095705847 2.698596413362738e-17
0.8310208454645085 0.086715364070178991
0.78030641315878491 0.16470140624221818
0.7501272837781725 0.078926753057366086
0.79392303342087178 2.3306059933587283e-17
0.79050104511197983 0.082782111239189882
0.81975071878945283 0.17243532025483477
0.77593487854012111 0.33713077490699755
0.70523535020586603 0.30843523671910045
0.74098034977627469 0.15711267758077316
0.80125193936081418 0.25620218748789492
0.7405687478261278 0.32267646807228212
0.72592476940248907 0.23383994388623203
0.78030641315878491 0.16470140624221818
0.76354945106744065 0.24492478700963147
0.77593487854012111 0.33713077490699755
0.70712134386992775 0.48746277323816084
0.64850050603147535 0.44886764855194355
0.70523535020586603 0.30843523671910045
0.74434228117375534 0.41443761080859864
0.67782699032328275 0.4680843750576853
0.67927930783272261 0.38028846604701366
0.7405687478261278 0.32267646807228212
0.71181444382141623 0.39726157919668847
0.70712134386992775 0.48746277323816084
0.61871843353822897 0.61871843353822897
0.57452425971406984 0.57452425971406984
0.64850050603147535 0.44886764855194355
0.66499263432901146 0.55568334569211364
0.59662134662614941 0.59662134662614941
0.61340144162454791 0.51372932058264542
0.67782699032328275 0.4680843750576853
0.6392131864335393 0.53466024540779189
0.57452425971406984 -0.57452425971406984
0.64850050603147535 -0.44886764855194355
0.58975274028283731 -0.41091118467818122
0.5303300858899106 -0.5303300858899106
0.61340144162454791 -0.51372932058264553
0.61914229141864707 -0.42981057891420782
0.5616819071889888 -0.47214158304391052
0.55242717280199016 -0.55242717280199016
0.5875576118453858 -0.49288996632991294
0.64850050603147535 -0.44886764855194355
0.70523535020586592 -0.30843523671910045
0.63466390113223514 -0.28057342816140246
0.58975274028283731 -0.41091118467818122
0.67927930783272261 -0.38028846604701366
0.6699339671818948 -0.29440240380135863
0.61418765126418118 -0.3469367793495946
0.61914229141864707 -0.42981057891420782
0.64673700178780968 -0.36351469654341434
0.70523535020586592 -0.30843523671910045
0.74098034977627469 -0.1571126775807731
0.66266987690955803 -0.14235472463958479
0.63466390113223514 -0.28057342816140246
0.72592476940248907 -0.23383994388623203
0.70176923003929326 -0.1496650840364378
0.65090098866388213 -0.21222853381672507
0.6699339671818948 -0.29440240380135863
0.68837591845671009 -0.22294276809911898
0.74098034977627469 -0.1571126775807731
0.75319546095705847 2.698596413362738e-17
0.67218959485177432 2.698596413362738e-17
0.66266987690955803 -0.14235472463958479
0.7501272837781725 -0.078926753057366031
0.71261914189008402 2.7599281500300731e-17
0.66980086210109435 -0.07144064457049118
0.70176923003929326 -0.1496650840364378
0.70989526573615369 -0.075146998259364356
0.75319546095705847 2.698596413362738e-17
0.74098034977627469 0.15711267758077316
0.66266987690955803 0.14235472463958485
0.67218959485177432 2.698596413362738e-17
0.7501272837781725 0.078926753057366086
0.70176923003929337 0.14966508403643788
0.66980086210109435 0.071440644570491235
0.71261914189008402 2.7599281500300731e-17
0.70989526573615391 0.075146998259364425
0.74098034977627469 0.15711267758077316
0.70523535020586603 0.30843523671910045
0.63466390113223503 0.28057342816140241
0.66266987690955803 0.14235472463958485
0.72592476940248907 0.23383994388623203
0.6699339671818948 0.29440240380135863
0.65090098866388213 0.21222853381672513
0.70176923003929337 0.14966508403643788
0.68837591845671031 0.22294276809911906
0.70523535020586603 0.30843523671910045
0.64850050603147535 0.44886764855194355
0.58975274028283731 0.41091118467818122
0.63466390113223503 0.28057342816140241
0.67927930783272261 0.38028846604701366
0.61914229141864707 0.42981057891420782
0.61418765126418118 0.34693677934959466
0.6699339671818948 0.29440240380135863
0.64673700178780968 0.36351469654341434
0.64850050603147535 0.44886764855194355
0.57452425971406984 0.57452425971406984
0.5303300858899106 0.5303300858899106
0.58975274028283731 0.41091118467818122
0.61340144162454791 0.51372932058264542
0.55242717280199016 0.55242717280199016
0.56168190718898892 0.47214158304391074
0.61914229141864707 0.42981057891420782
0.58755761184538557 0.49288996632991283
0.5303300858899106 -0.5303300858899106
0.58975274028283731 -0.41091118467818122
0.53088117131953061 -0.37357765914437363
0.48613591206575135 -0.48613591206575135
0.5616819071889888 -0.47214158304391052
0.56033223993247916 -0.39216751703120539
0.50983570448481907 -0.43091535701045469
0.50823299897783103 -0.50823299897783103
0.53577453591803303 -0.45148357634252551
0.58975274028283731 -0.41091118467818122
0.63466390113223514 -0.28057342816140246
0.5642150293614584 -0.25350953433932721
0.53088117131953061 -0.37357765914437363
0.61418765126418118 -0.3469367793495946
0.59942447455768322 -0.26694389963042131
0.54906830459745748 -0.31435493949338028
0.56033223993247916 -0.39216751703120539
0.58163137892384975 -0.33055130418646733
0.63466390113223514 -0.28057342816140246
0.66266987690955803 -0.14235472463958479
0.58479433714802265 -0.12813081022181652
0.5642150293614584 -0.25350953433932721
0.65090098866388213 -0.21222853381672507
0.62367922936419951 -0.13517784087168808
0.57616556955668108 -0.19133076671201416
0.59942447455768322 -0.26694389963042131
0.61349813403957354 -0.20169267256093573
0.66266987690955803 -0.14235472463958479
0.67218959485177432 2.698596413362738e-17
0.59175375940944674 1.9626155733547187e-17
0.58479433714802265 -0.12813081022181652
0.66980086210109435 -0.07144064457049118
0.63190251377591422 2.1466107833567235e-17
0.59000916904890688 -0.06423975094604957
0.62367922936419951 -0.13517784087168808
0.6298401028081686 -0.067805574427854953
0.67218959485177432 2.698596413362738e-17
0.66266987690955803 0.14235472463958485
0.58479433714802254 0.12813081022181658
0.59175375940944674 1.9626155733547187e-17
0.66980086210109435 0.071440644570491235
0.62367922936419928 0.1351778408716881
0.59000916904890677 0.064239750946049612
0.63190251377591422 2.1466107833567235e-17
0.62984010280816838 0.067805574427854995
0.66266987690955803 0.14235472463958485
0.63466390113223503 0.28057342816140241
0.5642150293614584 0.25350953433932727
0.58479433714802254 0.12813081022181658
0.65090098866388213 0.21222853381672513
0.59942447455768322 0.26694389963042137
0.57616556955668119 0.19133076671201418
0.62367922936419928 0.1351778408716881
0.61349813403957354 0.20169267256093579
0.63466390113223503 0.28057342816140241
0.58975274028283731 0.41091118467818122
0.5308811713195305 0.37357765914437363
0.5642150293614584 0.25350953433932727
0.61418765126418118 0.34693677934959466
0.56033223993247916 0.3921675170312055
0.54906830459745748 0.31435493949338028
0.59942447455768322 0.26694389963042137
0.58163137892384964 0.33055130418646722
0.58975274028283731 0.41091118467818122
0.5303300858899106 0.5303300858899106
0.48613591206575135 0.48613591206575135
0.5308811713195305 0.37357765914437363
0.56168190718898892 0.47214158304391074
0.50823299897783103 0.50823299897783103
0.50983570448481907 0.43091535701045458
0.56033223993247916 0.3921675170312055
0.53577453591803292 0.45148357634252539
0.48613591206575135 -0.48613591206575135
0.53088117131953061 -0.37357765914437363
0.4718888221073736 -0.33685186134945677
0.44194173824159216 -0.44194173824159216
0.50983570448481907 -0.43091535701045469
0.50139990916934607 -0.35513972551906869
0.45786447800647145 -0.39004594909170426
0.46403882515367179 -0.46403882515367179
0.48386561755090357 -0.41043634094318598
0.53088117131953061 -0.37357765914437363
0.5642150293614584 -0.25350953433932721
0.4938835436204233 -0.22720976275445154
0.4718888221073736 -0.33685186134945677
0.54906830459745748 -0.31435493949338028
0.52903492615957581 -0.24026617022963329
0.48392221563678584 -0.2825165953946292
0.50139990916934607 -0.35513972551906869
0.51649854536550299 -0.29834443016985607
0.5642150293614584 -0.25350953433932721
0.58479433714802265 -0.12813081022181652
0.50733054199286742 -0.11441246201411105
0.4938835436204233 -0.22720976275445154
0.57616556955668108 -0.19133076671201416
0.54601235580806218 -0.12121014008974326
0.50170446084177689 -0.17111186829270414
0.52903492615957581 -0.24026617022963329
0.53890156864989724 -0.18113854333260915
0.58479433714802265 -0.12813081022181652
0.59175375940944674 1.9626155733547187e-17
0.51185546031273255 1.2266347333466992e-17
0.50733054199286742 -0.11441246201411105
0.59000916904890688 -0.06423975094604957
0.55173935131221008 1.594625153350709e-17
0.51072221676661078 -0.057308077188560992
0.54601235580806218 -0.12121014008974326
0.55030438613572463 -0.060741214111219057
0.59175375940944674 1.9626155733547187e-17
0.58479433714802254 0.12813081022181658
0.50733054199286742 0.11441246201411109
0.51185546031273255 1.2266347333466992e-17
0.59000916904890677 0.064239750946049612
0.54601235580806218 0.1212101400897433
0.51072221676661089 0.05730807718856102
0.55173935131221008 1.594625153350709e-17
0.55030438613572474 0.060741214111219084
0.58479433714802254 0.12813081022181658
0.5642150293614584 0.25350953433932727
0.49388354362042336 0.22720976275445159
0.50733054199286742 0.11441246201411109
0.57616556955668119 0.19133076671201418
0.52903492615957581 0.24026617022963331
0.50170446084177689 0.17111186829270417
0.54601235580806218 0.1212101400897433
0.53890156864989724 0.18113854333260918
0.5642150293614584 0.25350953433932727
0.5308811713195305 0.37357765914437363
0.47188882210737354 0.33685186134945672
0.49388354362042336 0.22720976275445159
0.54906830459745748 0.31435493949338028
0.50139990916934607 0.35513972551906869
0.48392221563678595 0.2825165953946292
0.52903492615957581 0.24026617022963331
0.51649854536550277 0.29834443016985596
0.5308811713195305 0.37357765914437363
0.48613591206575135 0.48613591206575135
0.44194173824159216 0.44194173824159216
0.47188882210737354 0.33685186134945672
0.50983570448481907 0.43091535701045458
0.46403882515367179 0.46403882515367179
0.45786447800647129 0.39004594909170415
0.50139990916934607 0.35513972551906869
0.48386561755090352 0.41043634094318587
0.44194173824159216 -0.44194173824159216
0.4718888221073736 -0.33685186134945677
0.41277861798903892 -0.30071907190094044
0.39774756441743297 -0.39774756441743297
0.45786447800647145 -0.39004594909170426
0.44234827278277306 -0.31871224190048442
0.40576984390443083 -0.34952874679077206
0.41984465132951254 -0.41984465132951254
0.43183248698945909 -0.36974360740791484
0.4718888221073736 -0.33685186134945677
0.4938835436204233 -0.22720976275445154
0.42366454169626111 -0.20164220254078541
0.41277861798903892 -0.30071907190094044
0.48392221563678584 -0.2825165953946292
0.45876027783211465 -0.21433638076028244
0.41875028941786036 -0.25139658503096268
0.44234827278277306 -0.31871224190048442
0.45133942722418319 -0.2668683265189129
0.4938835436204233 -0.22720976275445154
0.50733054199286742 -0.11441246201411105
0.43025692255797393 -0.10117319636655225
0.42366454169626111 -0.20164220254078541
0.50170446084177689 -0.17111186829270414
0.46874624900020245 -0.10773452620561386
0.42750450960427977 -0.15153928746962533
0.45876027783211465 -0.21433638076028244
0.46457262948355393 -0.16124674067854039
0.50733054199286742 -0.11441246201411105
0.51185546031273255 1.2266347333466992e-17
0.43246462695359039 9.8130778667735933e-18
0.43025692255797393 -0.10117319636655225
0.51072221676661078 -0.057308077188560992
0.47209840139002651 1.1039712600120293e-17
0.43191221856406814 -0.050630802365244976
0.46874624900020245 -0.10773452620561386
0.47125925466403978 -0.053938523329433385
0.51185546031273255 1.2266347333466992e-17
0.50733054199286742 0.11441246201411109
0.4302569225579741 0.1011731963665523
0.43246462695359039 9.8130778667735933e-18
0.51072221676661089 0.05730807718856102
0.46874624900020256 0.10773452620561387
0.43191221856406825 0.050630802365244996
0.47209840139002651 1.1039712600120293e-17
0.47125925466403978 0.05393852332943342
0.50733054199286742 0.11441246201411109
0.49388354362042336 0.22720976275445159
0.42366454169626128 0.20164220254078544
0.4302569225579741 0.1011731963665523
0.50170446084177689 0.17111186829270417
0.45876027783211454 0.21433638076028236
0.42750450960427994 0.15153928746962539
0.46874624900020256 0.10773452620561387
0.4645726294835541 0.16124674067854039
0.49388354362042336 0.22720976275445159
0.47188882210737354 0.33685186134945672
0.41277861798903892 0.30071907190094044
0.42366454169626128 0.20164220254078544
0.48392221563678595 0.2825165953946292
0.44234827278277306 0.31871224190048431
0.41875028941786024 0.25139658503096268
0.45876027783211454 0.21433638076028236
0.45133942722418335 0.2668683265189129
0.47188882210737354 0.33685186134945672
0.44194173824159216 0.44194173824159216
0.39774756441743297 0.39774756441743297
0.41277861798903892 0.30071907190094044
0.45786447800647129 0.39004594909170415
0.41984465132951254 0.41984465132951254
0.40576984390443083 0.34952874679077212
0.44234827278277306 0.31871224190048431
0.43183248698945909 0.36974360740791484
0.39774756441743297 -0.39774756441743297
0.41277861798903892 -0.30071907190094044
0.35355339059327373 -0.2651650429449553
0.35355339059327373 -0.35355339059327373
0.40576984390443083 -0.34952874679077206
0.38318020878171366 -0.28287058495115935
0.35355339059327373 -0.30935921676911449
0.37565047750535335 -0.37565047750535335
0.37967674644121047 -0.32940080303310287
0.41277861798903892 -0.30071907190094044
0.42366454169626111 -0.20164220254078541
0.35355339059327373 -0.17677669529663687
0.35355339059327373 -0.2651650429449553
0.41875028941786036 -0.25139658503096268
0.38859576434688642 -0.18912351205421257
0.35355339059327373 -0.22097086912079608
0.38318020878171366 -0.28287058495115935
0.38615490905601835 -0.23609840058913939
0.42366454169626111 -0.20164220254078541
0.43025692255797393 -0.10117319636655225
0.35355339059327373 -0.088388347648318419
0.35355339059327373 -0.17677669529663687
0.42750450960427977 -0.15153928746962533
0.39186009682425921 -0.094725444779413859
0.35355339059327373 -0.13258252147247765
0.38859576434688642 -0.18912351205421257
0.3904985858622772 -0.14198575846895098
0.43025692255797393 -0.10117319636655225
0.43246462695359039 9.8130778667735933e-18
0.35355339059327373 7.3598084000801949e-18
0.35355339059327373 -0.088388347648318419
0.43191221856406814 -0.050630802365244976
0.3929507204958641 7.3598084000801949e-18
0.35355339059327373 -0.044194173824159209
0.39186009682425921 -0.094725444779413859
0.39267794653333393 -0.047383227776241779
0.43246462695359039 9.8130778667735933e-18
0.4302569225579741 0.1011731963665523
0.35355339059327373 0.088388347648318433
0.35355339059327373 7.3598084000801949e-18
0.43191221856406825 0.050630802365244996
0.39186009682425921 0.094725444779413887
0.35355339059327373 0.044194173824159216
0.3929507204958641 7.3598084000801949e-18
0.39267794653333393 0.047383227776241786
0.4302569225579741 0.1011731963665523
0.42366454169626128 0.20164220254078544
0.35355339059327373 0.17677669529663687
0.35355339059327373 0.088388347648318433
0.42750450960427994 0.15153928746962539
0.38859576434688642 0.18912351205421257
0.35355339059327373 0.13258252147247765
0.39186009682425921 0.094725444779413887
0.39049858586227731 0.14198575846895098
0.42366454169626128 0.20164220254078544
0.41277861798903892 0.30071907190094044
0.35355339059327373 0.2651650429449553
0.35355339059327373 0.17677669529663687
0.41875028941786024 0.25139658503096268
0.38318020878171366 0.28287058495115935
0.35355339059327373 0.22097086912079608
0.38859576434688642 0.18912351205421257
0.38615490905601829 0.23609840058913939
0.41277861798903892 0.30071907190094044
0.39774756441743297 0.39774756441743297
0.35355339059327373 0.35355339059327373
0.35355339059327373 0.2651650429449553
0.40576984390443083 0.34952874679077212
0.37565047750535335 0.37565047750535335
0.35355339059327373 0.30935921676911449
0.38318020878171366 0.28287058495115935
0.37967674644121047 0.32940080303310287
-0.70710678118654746 0.70710678118654746
-0.66291260736238822 0.66291260736238822
-0.52671281479550913 0.76561202305737652
-0.56663458569846548 0.82396920227052683
-0.6850096942744679 0.6850096942744679
-0.59800851894111873 0.71645378223117484
-0.54658866091595626 0.79480751344189327
-0.64070978727902206 0.767783151993367
-0.61931182861302836 0.74213504891399984
-0.66291260736238822 0.66291260736238822
-0.61871843353822897 0.61871843353822897
-0.48746277323816078 0.70712134386992764
-0.52671281479550913 0.76561202305737652
-0.64081552045030865 0.64081552045030865
-0.55568334569211364 0.66499263432901135
-0.50700489194472997 0.73638315948121447
-0.59800851894111873 0.71645378223117484
-0.57679923166172176 0.69073957149678789
-0.61871843353822897 0.61871843353822897
-0.57452425971406984 0.57452425971406984
-0.44886764855194355 0.64850050603147535
-0.48746277323816078 0.70712134386992764
-0.59662134662614941 0.59662134662614941
-0.51372932058264542 0.61340144162454779
-0.4680843750576853 0.67782699032328275
-0.55568334569211364 0.66499263432901135
-0.53466024540779189 0.6392131864335393
-0.57452425971406984 0.57452425971406984
-0.5303300858899106 0.5303300858899106
-0.41091118467818122 0.58975274028283731
-0.44886764855194355 0.64850050603147535
-0.55242717280199016 0.55242717280199016
-0.47214158304391057 0.5616819071889888
-0.42981057891420765 0.61914229141864696
-0.51372932058264542 0.61340144162454779
-0.49288996632991278 0.58755761184538569
-0.5303300858899106 0.5303300858899106
-0.48613591206575135 0.48613591206575135
-0.37357765914437363 0.5308811713195305
-0.41091118467818122 0.58975274028283731
-0.50823299897783103 0.50823299897783103
-0.43091535701045469 0.50983570448481907
-0.3921675170312055 0.56033223993247916
-0.47214158304391057 0.5616819071889888
-0.45148357634252551 0.53577453591803292
-0.48613591206575135 0.48613591206575135
-0.44194173824159216 0.44194173824159216
-0.33685186134945677 0.4718888221073736
-0.37357765914437363 0.5308811713195305
-0.46403882515367179 0.46403882515367179
-0.39004594909170431 0.45786447800647145
-0.35513972551906869 0.50139990916934607
-0.43091535701045469 0.50983570448481907
-0.41043634094318587 0.48386561755090352
-0.44194173824159216 0.44194173824159216
-0.39774756441743297 0.39774756441743297
-0.30071907190094044 0.41277861798903887
-0.33685186134945677 0.4718888221073736
-0.41984465132951254 0.41984465132951254
-0.34952874679077212 0.40576984390443088
-0.31871224190048436 0.44234827278277311
-0.39004594909170431 0.45786447800647145
-0.36974360740791484 0.43183248698945914
-0.39774756441743297 0.39774756441743297
-0.35355339059327373 0.35355339059327373
-0.2651650429449553 0.35355339059327373
-0.30071907190094044 0.41277861798903887
-0.37565047750535335 0.37565047750535335
-0.30935921676911449 0.35355339059327373
-0.28287058495115941 0.38318020878171366
-0.34952874679077212 0.40576984390443088
-0.32940080303310287 0.37967674644121047
-0.56663458569846548 0.82396920227052683
-0.52671281479550913 0.76561202305737652
-0.36669803360801112 0.84676832237257382
-0.3971773474990708 0.91774187799925666
-0.54658866091595626 0.79480751344189327
-0.44941316123461794 0.80937553009070551
-0.38182106627856255 0.88223718412491781
-0.48524548314338639 0.87437796237607768
-0.46722027013044737 0.84188066865282218
-0.52671281479550913 0.76561202305737652
-0.48746277323816078 0.70712134386992764
-0.33713077490699755 0.77593487854012111
-0.36669803360801112 0.84676832237257382
-0.50700489194472997 0.73638315948121447
-0.4144376108085987 0.74434228117375556
-0.35180297527895504 0.81133448250747309
-0.44941316123461794 0.80937553009070551
-0.4318202216888381 0.77686268821669258
-0.48746277323816078 0.70712134386992764
-0.44886764855194355 0.64850050603147535
-0.30843523671910045 0.70523535020586614
-0.33713077490699755 0.77593487854012111
-0.4680843750576853 0.67782699032328275
-0.38028846604701366 0.6792793078327225
-0.32267646807228212 0.74056874782612803
-0.4144376108085987 0.74434228117375556
-0.39726157919668847 0.71181444382141612
-0.44886764855194355 0.64850050603147535
-0.41091118467818122 0.58975274028283731
-0.28057342816140241 0.63466390113223514
-0.30843523671910045 0.70523535020586614
-0.42981057891420765 0.61914229141864696
-0.34693677934959466 0.61418765126418118
-0.29440240380135868 0.66993396718189491
-0.38028846604701366 0.6792793078327225
-0.36351469654341434 0.64673700178780968
-0.41091118467818122 0.58975274028283731
-0.37357765914437363 0.5308811713195305
-0.25350953433932732 0.56421502936145862
-0.28057342816140241 0.63466390113223514
-0.3921675170312055 0.56033223993247916
-0.31435493949338028 0.54906830459745748
-0.26694389963042137 0.59942447455768311
-0.34693677934959466 0.61418765126418118
-0.33055130418646728 0.58163137892384964
-0.37357765914437363 0.5308811713195305
-0.33685186134945677 0.4718888221073736
-0.22720976275445162 0.49388354362042336
-0.25350953433932732 0.56421502936145862
-0.35513972551906869 0.50139990916934607
-0.2825165953946292 0.48392221563678584
-0.24026617022963329 0.52903492615957581
-0.31435493949338028 0.54906830459745748
-0.29834443016985612 0.51649854536550299
-0.33685186134945677 0.4718888221073736
-0.30071907190094044 0.41277861798903887
-0.20164220254078544 0.42366454169626117
-0.22720976275445162 0.49388354362042336
-0.31871224190048436 0.44234827278277311
-0.25139658503096274 0.41875028941786041
-0.21433638076028244 0.4587602778321147
-0.2825165953946292 0.48392221563678584
-0.2668683265189129 0.45133942722418335
-0.30071907190094044 0.41277861798903887
-0.2651650429449553 0.35355339059327373
-0.17677669529663687 0.35355339059327373
-0.20164220254078544 0.42366454169626117
-0.28287058495115941 0.38318020878171366
-0.22097086912079608 0.35355339059327373
-0.18912351205421252 0.38859576434688642
-0.25139658503096274 0.41875028941786041
-0.23609840058913939 0.38615490905601829
-0.3971773474990708 0.91774187799925666
-0.36669803360801112 0.84676832237257382
-0.18835569526275384 0.89900789459395924
-0.20490947445535665 0.97878092915546178
-0.38182106627856255 0.88223718412491781
-0.27935508505664386 0.87689858877745896
-0.19655107005979774 0.93882802437043056
-0.30334132353665982 0.95288196616109133
-0.29124124978569527 0.91484706037222951
-0.36669803360801112 0.84676832237257382
-0.33713077490699755 0.77593487854012111
-0.17243532025483474 0.81975071878945283
-0.18835569526275384 0.89900789459395924
-0.35180297527895504 0.81133448250747309
-0.25620218748789492 0.80125193936081418
-0.18031862632528056 0.85931669270574329
-0.27935508505664386 0.87689858877745896
-0.26767720671941014 0.83903427944127928
-0.33713077490699755 0.77593487854012111
-0.30843523671910045 0.70523535020586614
-0.15711267758077316 0.74098034977627492
-0.17243532025483474 0.81975071878945283
-0.32267646807228212 0.74056874782612803
-0.23383994388623197 0.72592476940248885
-0.16470140624221818 0.78030641315878524
-0.25620218748789492 0.80125193936081418
-0.24492478700963149 0.76354945106744099
-0.30843523671910045 0.70523535020586614
-0.28057342816140241 0.63466390113223514
-0.14235472463958479 0.66266987690955803
-0.15711267758077316 0.74098034977627492
-0.29440240380135868 0.66993396718189491
-0.21222853381672507 0.65090098866388213
-0.14966508403643786 0.70176923003929337
-0.23383994388623197 0.72592476940248885
-0.222942768099119 0.68837591845671042
-0.28057342816140241 0.63466390113223514
-0.25350953433932732 0.56421502936145862
-0.12813081022181655 0.58479433714802265
-0.14235472463958479 0.66266987690955803
-0.26694389963042137 0.59942447455768311
-0.19133076671201432 0.5761655695566813
-0.1351778408716881 0.62367922936419939
-0.21222853381672507 0.65090098866388213
-0.20169267256093576 0.61349813403957354
-0.25350953433932732 0.56421502936145862
-0.22720976275445162 0.49388354362042336
-0.11441246201411109 0.50733054199286753
-0.12813081022181655 0.58479433714802265
-0.24026617022963329 0.52903492615957581
-0.17111186829270414 0.50170446084177689
-0.12121014008974329 0.54601235580806229
-0.19133076671201432 0.5761655695566813
-0.18113854333260923 0.53890156864989736
-0.22720976275445162 0.49388354362042336
-0.20164220254078544 0.42366454169626117
-0.10117319636655228 0.43025692255797393
-0.11441246201411109 0.50733054199286753
-0.21433638076028244 0.4587602778321147
-0.15153928746962542 0.42750450960427999
-0.10773452620561387 0.46874624900020245
-0.17111186829270414 0.50170446084177689
-0.16124674067854042 0.46457262948355399
-0.20164220254078544 0.42366454169626117
-0.17677669529663687 0.35355339059327373
-0.088388347648318419 0.35355339059327373
-0.10117319636655228 0.43025692255797393
-0.18912351205421252 0.38859576434688642
-0.13258252147247765 0.35355339059327373
-0.094725444779413859 0.39186009682425921
-0.15153928746962542 0.42750450960427999
-0.14198575846895098 0.39049858586227731
-0.20490947445535665 0.97878092915546178
-0.18835569526275384 0.89900789459395924
9.8130778667735933e-18 0.91706090764091108
1.9626155733547187e-17 0.99999999999999978
-0.19655107005979774 0.93882802437043056
-0.094825191220266586 0.91251663195046506
9.8130778667735933e-18 0.95844214094080216
-0.10327652418389167 0.99465268287603481
-0.099006835315954472 0.95350212303970416
-0.18835569526275384 0.89900789459395924
-0.17243532025483474 0.81975071878945283
4.9065389333867966e-18 0.83480652496416285
9.8130778667735933e-18 0.91706090764091108
-0.18031862632528056 0.85931669270574329
-0.086715364070178949 0.8310208454645085
-1.2266347333466992e-18 0.87585079515833142
-0.094825191220266586 0.91251663195046506
-0.090728896347173557 0.87169115591810054
-0.17243532025483474 0.81975071878945283
-0.15711267758077316 0.74098034977627492
1.2266347333466992e-17 0.75319546095705847
4.9065389333867966e-18 0.83480652496416285
-0.16470140624221818 0.78030641315878524
-0.078926753057366086 0.75012728377817273
6.1331736667334958e-18 0.79392303342087178
-0.086715364070178949 0.8310208454645085
-0.082782111239189854 0.79050104511197983
-0.15711267758077316 0.74098034977627492
-0.14235472463958479 0.66266987690955803
1.471961680016039e-17 0.67218959485177432
1.2266347333466992e-17 0.75319546095705847
-0.14966508403643786 0.70176923003929337
-0.071440644570491221 0.66980086210109435
1.2266347333466992e-17 0.71261914189008402
-0.078926753057366086 0.75012728377817273
-0.075146998259364384 0.70989526573615369
-0.14235472463958479 0.66266987690955803
-0.12813081022181655 0.58479433714802265
4.9065389333867966e-18 0.59175375940944652
1.471961680016039e-17 0.67218959485177432
-0.1351778408716881 0.62367922936419939
-0.064239750946049584 0.59000916904890699
8.5864431334268933e-18 0.63190251377591422
-0.071440644570491221 0.66980086210109435
-0.067805574427854967 0.62984010280816849
-0.12813081022181655 0.58479433714802265
-0.11441246201411109 0.50733054199286753
0 0.51185546031273255
4.9065389333867966e-18 0.59175375940944652
-0.12121014008974329 0.54601235580806229
-0.05730807718856102 0.510722216766611
1.8399521000200487e-18 0.55173935131221019
-0.064239750946049584 0.59000916904890699
-0.060741214111219091 0.55030438613572463
-0.11441246201411109 0.50733054199286753
-0.10117319636655228 0.43025692255797393
4.9065389333867966e-18 0.43246462695359039
0 0.51185546031273255
-0.10773452620561387 0.46874624900020245
-0.050630802365244983 0.43191221856406814
1.2266347333466992e-18 0.47209840139002651
-0.05730807718856102 0.510722216766611
-0.05393852332943342 0.47125925466403978
-0.10117319636655228 0.43025692255797393
-0.088388347648318419 0.35355339059327373
7.3598084000801949e-18 0.35355339059327373
4.9065389333867966e-18 0.43246462695359039
-0.094725444779413859 0.39186009682425921
-0.044194173824159209 0.35355339059327373
3.6799042000400975e-18 0.3929507204958641
-0.050630802365244983 0.43191221856406814
-0.047383227776241779 0.39267794653333393
1.9626155733547187e-17 0.99999999999999978
9.8130778667735933e-18 0.91706090764091108
0.18835569526275384 0.89900789459395924
0.2049094744553567 0.97878092915546178
9.8130778667735933e-18 0.95844214094080216
0.094825191220266641 0.91251663195046528
0.19655107005979777 0.93882802437043045
0.10327652418389172 0.99465268287603481
0.0990068353159545 0.95350212303970427
9.8130778667735933e-18 0.91706090764091108
4.9065389333867966e-18 0.83480652496416285
0.17243532025483474 0.81975071878945294
0.18835569526275384 0.89900789459395924
-1.2266347333466992e-18 0.87585079515833142
0.086715364070178977 0.83102084546450872
0.18031862632528059 0.85931669270574329
0.094825191220266641 0.91251663195046528
0.090728896347173557 0.87169115591810042
4.9065389333867966e-18 0.83480652496416285
1.2266347333466992e-17 0.75319546095705847
0.15711267758077313 0.74098034977627469
0.17243532025483474 0.81975071878945294
6.1331736667334958e-18 0.79392303342087178
0.078926753057366072 0.7501272837781725
0.16470140624221813 0.78030641315878491
0.086715364070178977 0.83102084546450872
0.082782111239189868 0.79050104511197983
1.2266347333466992e-17 0.75319546095705847
1.471961680016039e-17 0.67218959485177432
0.14235472463958485 0.66266987690955803
0.15711267758077313 0.74098034977627469
1.2266347333466992e-17 0.71261914189008402
0.071440644570491221 0.66980086210109413
0.14966508403643786 0.70176923003929326
0.078926753057366072 0.7501272837781725
0.075146998259364398 0.70989526573615369
1.471961680016039e-17 0.67218959485177432
4.9065389333867966e-18 0.59175375940944652
0.12813081022181658 0.58479433714802254
0.14235472463958485 0.66266987690955803
8.5864431334268933e-18 0.63190251377591422
0.064239750946049598 0.59000916904890688
0.1351778408716881 0.62367922936419951
0.071440644570491221 0.66980086210109413
0.067805574427854995 0.62984010280816838
4.9065389333867966e-18 0.59175375940944652
0 0.51185546031273255
0.11441246201411109 0.50733054199286753
0.12813081022181658 0.58479433714802254
1.8399521000200487e-18 0.55173935131221019
0.05730807718856102 0.51072221676661078
0.1212101400897433 0.54601235580806229
0.064239750946049598 0.59000916904890688
0.060741214111219077 0.55030438613572463
0 0.51185546031273255
4.9065389333867966e-18 0.43246462695359039
0.1011731963665523 0.43025692255797404
0.11441246201411109 0.50733054199286753
1.2266347333466992e-18 0.47209840139002651
0.050630802365244996 0.43191221856406808
0.10773452620561387 0.46874624900020256
0.05730807718856102 0.51072221676661078
0.053938523329433406 0.47125925466403967
4.9065389333867966e-18 0.43246462695359039
7.3598084000801949e-18 0.35355339059327373
0.088388347648318433 0.35355339059327373
0.1011731963665523 0.43025692255797404
3.6799042000400975e-18 0.3929507204958641
0.044194173824159216 0.35355339059327373
0.094725444779413887 0.39186009682425921
0.050630802365244996 0.43191221856406808
0.047383227776241786 0.39267794653333393
0.2049094744553567 0.97878092915546178
0.18835569526275384 0.89900789459395924
0.36669803360801123 0.84676832237257404
0.39717734749907069 0.91774187799925644
0.19655107005979777 0.93882802437043045
0.27935508505664397 0.8768985887774593
0.38182106627856266 0.88223718412491758
0.30334132353665988 0.95288196616109133
0.29124124978569532 0.91484706037222929
0.18835569526275384 0.89900789459395924
0.17243532025483474 0.81975071878945294
0.33713077490699755 0.775934878540121
0.36669803360801123 0.84676832237257404
0.18031862632528059 0.85931669270574329
0.25620218748789486 0.80125193936081418
0.35180297527895515 0.8113344825074732
0.27935508505664397 0.8768985887774593
0.2676772067194102 0.83903427944127928
0.17243532025483474 0.81975071878945294
0.15711267758077313 0.74098034977627469
0.3084352367191005 0.70523535020586603
0.33713077490699755 0.775934878540121
0.16470140624221813 0.78030641315878491
0.23383994388623197 0.72592476940248885
0.32267646807228217 0.74056874782612803
0.25620218748789486 0.80125193936081418
0.24492478700963147 0.76354945106744088
0.15711267758077313 0.74098034977627469
0.14235472463958485 0.66266987690955803
0.28057342816140241 0.63466390113223503
0.3084352367191005 0.70523535020586603
0.14966508403643786 0.70176923003929326
0.21222853381672513 0.65090098866388213
0.29440240380135863 0.6699339671818948
0.23383994388623197 0.72592476940248885
0.22294276809911906 0.6883759184567102
0.14235472463958485 0.66266987690955803
0.12813081022181658 0.58479433714802254
0.25350953433932732 0.56421502936145862
0.28057342816140241 0.63466390113223503
0.1351778408716881 0.62367922936419951
0.19133076671201427 0.5761655695566813
0.26694389963042142 0.59942447455768311
0.21222853381672513 0.65090098866388213
0.20169267256093573 0.61349813403957354
0.12813081022181658 0.58479433714802254
0.11441246201411109 0.50733054199286753
0.22720976275445159 0.49388354362042336
0.25350953433932732 0.56421502936145862
0.1212101400897433 0.54601235580806229
0.17111186829270419 0.50170446084177689
0.24026617022963331 0.52903492615957581
0.19133076671201427 0.5761655695566813
0.18113854333260918 0.53890156864989713
0.11441246201411109 0.50733054199286753
0.1011731963665523 0.43025692255797404
0.20164220254078541 0.42366454169626111
0.22720976275445159 0.49388354362042336
0.10773452620561387 0.46874624900020256
0.15153928746962539 0.42750450960427994
0.21433638076028236 0.45876027783211465
0.17111186829270419 0.50170446084177689
0.16124674067854039 0.4645726294835541
0.1011731963665523 0.43025692255797404
0.088388347648318433 0.35355339059327373
0.17677669529663687 0.35355339059327373
0.20164220254078541 0.42366454169626111
0.094725444779413887 0.39186009682425921
0.13258252147247765 0.35355339059327373
0.18912351205421257 0.38859576434688647
0.15153928746962539 0.42750450960427994
0.14198575846895101 0.39049858586227731
0.39717734749907069 0.91774187799925644
0.36669803360801123 0.84676832237257404
0.52671281479550891 0.76561202305737641
0.56663458569846548 0.82396920227052683
0.38182106627856266 0.88223718412491758
0.44941316123461783 0.80937553009070551
0.54658866091595637 0.79480751344189327
0.48524548314338639 0.87437796237607768
0.46722027013044765 0.84188066865282218
0.36669803360801123 0.84676832237257404
0.33713077490699755 0.775934878540121
0.48746277323816078 0.70712134386992764
0.52671281479550891 0.76561202305737641
0.35180297527895515 0.8113344825074732
0.4144376108085987 0.74434228117375534
0.50700489194472964 0.73638315948121424
0.44941316123461783 0.80937553009070551
0.43182022168883821 0.77686268821669258
0.33713077490699755 0.775934878540121
0.3084352367191005 0.70523535020586603
0.44886764855194355 0.64850050603147535
0.48746277323816078 0.70712134386992764
0.32267646807228217 0.74056874782612803
0.38028846604701372 0.67927930783272261
0.46808437505768541 0.67782699032328264
0.4144376108085987 0.74434228117375534
0.39726157919668847 0.71181444382141612
0.3084352367191005 0.70523535020586603
0.28057342816140241 0.63466390113223503
0.41091118467818133 0.58975274028283742
0.44886764855194355 0.64850050603147535
0.29440240380135863 0.6699339671818948
0.34693677934959466 0.61418765126418107
0.42981057891420765 0.61914229141864685
0.38028846604701372 0.67927930783272261
0.36351469654341434 0.64673700178780968
0.28057342816140241 0.63466390113223503
0.25350953433932732 0.56421502936145862
0.37357765914437363 0.5308811713195305
0.41091118467818133 0.58975274028283742
0.26694389963042142 0.59942447455768311
0.31435493949338028 0.54906830459745748
0.3921675170312055 0.56033223993247916
0.34693677934959466 0.61418765126418107
0.33055130418646728 0.58163137892384964
0.25350953433932732 0.56421502936145862
0.22720976275445159 0.49388354362042336
0.33685186134945672 0.47188882210737354
0.37357765914437363 0.5308811713195305
0.24026617022963331 0.52903492615957581
0.28251659539462926 0.48392221563678606
0.35513972551906869 0.50139990916934618
0.31435493949338028 0.54906830459745748
0.29834443016985601 0.51649854536550288
0.22720976275445159 0.49388354362042336
0.20164220254078541 0.42366454169626111
0.30071907190094038 0.41277861798903892
0.33685186134945672 0.47188882210737354
0.21433638076028236 0.45876027783211465
0.25139658503096268 0.41875028941786052
0.31871224190048431 0.44234827278277306
0.28251659539462926 0.48392221563678606
0.2668683265189129 0.45133942722418335
0.20164220254078541 0.42366454169626111
0.17677669529663687 0.35355339059327373
0.2651650429449553 0.35355339059327373
0.30071907190094038 0.41277861798903892
0.18912351205421257 0.38859576434688647
0.22097086912079608 0.35355339059327373
0.28287058495115941 0.38318020878171383
0.25139658503096268 0.41875028941786052
0.23609840058913939 0.38615490905601829
0.56663458569846548 0.82396920227052683
0.52671281479550891 0.76561202305737641
0.66291260736238822 0.66291260736238822
0.70710678118654746 0.70710678118654746
0.54658866091595637 0.79480751344189327
0.59800851894111862 0.71645378223117462
0.6850096942744679 0.6850096942744679
0.64070978727902206 0.767783151993367
0.61931182861302847 0.74213504891399962
0.52671281479550891 0.76561202305737641
0.48746277323816078 0.70712134386992764
0.61871843353822897 0.61871843353822897
0.66291260736238822 0.66291260736238822
0.50700489194472964 0.73638315948121424
0.55568334569211353 0.66499263432901146
0.64081552045030865 0.64081552045030865
0.59800851894111862 0.71645378223117462
0.57679923166172165 0.69073957149678766
0.48746277323816078 0.70712134386992764
0.44886764855194355 0.64850050603147535
0.57452425971406984 0.57452425971406984
0.61871843353822897 0.61871843353822897
0.46808437505768541 0.67782699032328264
0.51372932058264531 0.61340144162454779
0.59662134662614941 0.59662134662614941
0.55568334569211353 0.66499263432901146
0.53466024540779189 0.6392131864335393
0.44886764855194355 0.64850050603147535
0.41091118467818133 0.58975274028283742
0.5303300858899106 0.5303300858899106
0.57452425971406984 0.57452425971406984
0.42981057891420765 0.61914229141864685
0.47214158304391068 0.5616819071889888
0.55242717280199016 0.55242717280199016
0.51372932058264531 0.61340144162454779
0.49288996632991278 0.58755761184538569
0.41091118467818133 0.58975274028283742
0.37357765914437363 0.5308811713195305
0.48613591206575135 0.48613591206575135
0.5303300858899106 0.5303300858899106
0.3921675170312055 0.56033223993247916
0.43091535701045458 0.50983570448481907
0.50823299897783103 0.50823299897783103
0.47214158304391068 0.5616819071889888
0.45148357634252539 0.53577453591803303
0.37357765914437363 0.5308811713195305
0.33685186134945672 0.47188882210737354
0.44194173824159216 0.44194173824159216
0.48613591206575135 0.48613591206575135
0.35513972551906869 0.50139990916934618
0.39004594909170426 0.45786447800647145
0.46403882515367179 0.46403882515367179
0.43091535701045458 0.50983570448481907
0.41043634094318587 0.48386561755090357
0.33685186134945672 0.47188882210737354
0.30071907190094038 0.41277861798903892
0.39774756441743297 0.39774756441743297
0.44194173824159216 0.44194173824159216
0.31871224190048431 0.44234827278277306
0.34952874679077212 0.40576984390443083
0.41984465132951254 0.41984465132951254
0.39004594909170426 0.45786447800647145
0.36974360740791479 0.43183248698945909
0.30071907190094038 0.41277861798903892
0.2651650429449553 0.35355339059327373
0.35355339059327373 0.35355339059327373
0.39774756441743297 0.39774756441743297
0.28287058495115941 0.38318020878171383
0.30935921676911449 0.35355339059327373
0.37565047750535335 0.37565047750535335
0.34952874679077212 0.40576984390443083
0.32940080303310287 0.37967674644121041
-0.70710678118654746 -0.70710678118654746
-0.66291260736238822 -0.66291260736238822
-0.76561202305737652 -0.52671281479550913
-0.82396920227052683 -0.56663458569846548
-0.6850096942744679 -0.6850096942744679
-0.71645378223117484 -0.59800851894111873
-0.79480751344189327 -0.54658866091595626
-0.767783151993367 -0.64070978727902206
-0.74213504891399984 -0.61931182861302836
-0.66291260736238822 -0.66291260736238822
-0.61871843353822897 -0.61871843353822897
-0.70712134386992764 -0.48746277323816078
-0.76561202305737652 -0.52671281479550913
-0.64081552045030865 -0.64081552045030865
-0.66499263432901135 -0.55568334569211364
-0.73638315948121447 -0.50700489194472997
-0.71645378223117484 -0.59800851894111873
-0.69073957149678789 -0.57679923166172176
-0.61871843353822897 -0.61871843353822897
-0.57452425971406984 -0.57452425971406984
-0.64850050603147535 -0.44886764855194355
-0.70712134386992764 -0.48746277323816078
-0.59662134662614941 -0.59662134662614941
-0.61340144162454779 -0.51372932058264542
-0.67782699032328275 -0.4680843750576853
-0.66499263432901135 -0.55568334569211364
-0.6392131864335393 -0.53466024540779189
-0.57452425971406984 -0.57452425971406984
-0.5303300858899106 -0.5303300858899106
-0.58975274028283731 -0.41091118467818122
-0.64850050603147535 -0.44886764855194355
-0.55242717280199016 -0.55242717280199016
-0.5616819071889888 -0.47214158304391057
-0.61914229141864696 -0.42981057891420765
-0.61340144162454779 -0.51372932058264542
-0.58755761184538569 -0.49288996632991278
-0.5303300858899106 -0.5303300858899106
-0.48613591206575135 -0.48613591206575135
-0.5308811713195305 -0.37357765914437363
-0.58975274028283731 -0.41091118467818122
-0.50823299897783103 -0.50823299897783103
-0.50983570448481907 -0.43091535701045469
-0.56033223993247916 -0.3921675170312055
-0.5616819071889888 -0.47214158304391057
-0.53577453591803292 -0.45148357634252551
-0.48613591206575135 -0.48613591206575135
-0.44194173824159216 -0.44194173824159216
-0.4718888221073736 -0.33685186134945677
-0.5308811713195305 -0.37357765914437363
-0.46403882515367179 -0.46403882515367179
-0.45786447800647145 -0.39004594909170431
-0.50139990916934607 -0.35513972551906869
-0.50983570448481907 -0.43091535701045469
-0.48386561755090352 -0.41043634094318587
-0.44194173824159216 -0.44194173824159216
-0.39774756441743297 -0.39774756441743297
-0.41277861798903887 -0.30071907190094044
-0.4718888221073736 -0.33685186134945677
-0.41984465132951254 -0.41984465132951254
-0.40576984390443088 -0.34952874679077212
-0.44234827278277311 -0.31871224190048436
-0.45786447800647145 -0.39004594909170431
-0.43183248698945914 -0.36974360740791484
-0.39774756441743297 -0.39774756441743297
-0.35355339059327373 -0.35355339059327373
-0.35355339059327373 -0.2651650429449553
-0.41277861798903887 -0.30071907190094044
-0.37565047750535335 -0.37565047750535335
-0.35355339059327373 -0.30935921676911449
-0.38318020878171366 -0.28287058495115941
-0.40576984390443088 -0.34952874679077212
-0.37967674644121047 -0.32940080303310287
-0.82396920227052683 -0.56663458569846548
-0.76561202305737652 -0.52671281479550913
-0.84676832237257382 -0.36669803360801112
-0.91774187799925666 -0.3971773474990708
-0.79480751344189327 -0.54658866091595626
-0.80937553009070551 -0.44941316123461794
-0.88223718412491781 -0.38182106627856255
-0.87437796237607768 -0.48524548314338639
-0.84188066865282218 -0.46722027013044737
-0.76561202305737652 -0.52671281479550913
-0.70712134386992764 -0.48746277323816078
-0.77593487854012111 -0.33713077490699755
-0.84676832237257382 -0.36669803360801112
-0.73638315948121447 -0.50700489194472997
-0.74434228117375556 -0.4144376108085987
-0.81133448250747309 -0.35180297527895504
-0.80937553009070551 -0.44941316123461794
-0.77686268821669258 -0.4318202216888381
-0.70712134386992764 -0.48746277323816078
-0.64850050603147535 -0.44886764855194355
-0.70523535020586614 -0.30843523671910045
-0.77593487854012111 -0.33713077490699755
-0.67782699032328275 -0.4680843750576853
-0.6792793078327225 -0.38028846604701366
-0.74056874782612803 -0.32267646807228212
-0.74434228117375556 -0.4144376108085987
-0.71181444382141612 -0.39726157919668847
-0.64850050603147535 -0.44886764855194355
-0.58975274028283731 -0.41091118467818122
-0.63466390113223514 -0.28057342816140241
-0.70523535020586614 -0.30843523671910045
-0.61914229141864696 -0.42981057891420765
-0.61418765126418118 -0.34693677934959466
-0.66993396718189491 -0.29440240380135868
-0.6792793078327225 -0.38028846604701366
-0.64673700178780968 -0.36351469654341434
-0.58975274028283731 -0.41091118467818122
-0.5308811713195305 -0.37357765914437363
-0.56421502936145862 -0.25350953433932732
-0.63466390113223514 -0.28057342816140241
-0.56033223993247916 -0.3921675170312055
-0.54906830459745748 -0.31435493949338028
-0.59942447455768311 -0.26694389963042137
-0.61418765126418118 -0.34693677934959466
-0.58163137892384964 -0.33055130418646728
-0.5308811713195305 -0.37357765914437363
-0.4718888221073736 -0.33685186134945677
-0.49388354362042336 -0.22720976275445162
-0.56421502936145862 -0.25350953433932732
-0.50139990916934607 -0.35513972551906869
-0.48392221563678584 -0.2825165953946292
-0.52903492615957581 -0.24026617022963329
-0.54906830459745748 -0.31435493949338028
-0.51649854536550299 -0.29834443016985612
-0.4718888221073736 -0.33685186134945677
-0.41277861798903887 -0.30071907190094044
-0.42366454169626117 -0.20164220254078544
-0.49388354362042336 -0.22720976275445162
-0.44234827278277311 -0.31871224190048436
-0.41875028941786041 -0.25139658503096274
-0.4587602778321147 -0.21433638076028244
-0.48392221563678584 -0.2825165953946292
-0.45133942722418335 -0.2668683265189129
-0.41277861798903887 -0.30071907190094044
-0.35355339059327373 -0.2651650429449553
-0.35355339059327373 -0.17677669529663687
-0.42366454169626117 -0.20164220254078544
-0.38318020878171366 -0.28287058495115941
-0.35355339059327373 -0.22097086912079608
-0.38859576434688642 -0.18912351205421252
-0.41875028941786041 -0.25139658503096274
-0.38615490905601829 -0.23609840058913939
-0.91774187799925666 -0.3971773474990708
-0.84676832237257382 -0.36669803360801112
-0.89900789459395924 -0.18835569526275384
-0.97878092915546178 -0.20490947445535665
-0.88223718412491781 -0.38182106627856255
-0.87689858877745896 -0.27935508505664386
-0.93882802437043056 -0.19655107005979774
-0.95288196616109133 -0.30334132353665982
-0.91484706037222951 -0.29124124978569527
-0.84676832237257382 -0.36669803360801112
-0.77593487854012111 -0.33713077490699755
-0.81975071878945283 -0.17243532025483474
-0.89900789459395924 -0.18835569526275384
-0.81133448250747309 -0.35180297527895504
-0.80125193936081418 -0.25620218748789492
-0.85931669270574329 -0.18031862632528056
-0.87689858877745896 -0.27935508505664386
-0.83903427944127928 -0.26767720671941014
-0.77593487854012111 -0.33713077490699755
-0.70523535020586614 -0.30843523671910045
-0.74098034977627492 -0.15711267758077316
-0.81975071878945283 -0.17243532025483474
-0.74056874782612803 -0.32267646807228212
-0.72592476940248885 -0.23383994388623197
-0.78030641315878524 -0.16470140624221818
-0.80125193936081418 -0.25620218748789492
-0.76354945106744099 -0.24492478700963149
-0.70523535020586614 -0.30843523671910045
-0.63466390113223514 -0.28057342816140241
-0.66266987690955803 -0.14235472463958479
-0.74098034977627492 -0.15711267758077316
-0.66993396718189491 -0.29440240380135868
-0.65090098866388213 -0.21222853381672507
-0.70176923003929337 -0.14966508403643786
-0.72592476940248885 -0.23383994388623197
-0.68837591845671042 -0.222942768099119
-0.63466390113223514 -0.28057342816140241
-0.56421502936145862 -0.25350953433932732
-0.58479433714802265 -0.12813081022181655
-0.66266987690955803 -0.14235472463958479
-0.59942447455768311 -0.26694389963042137
-0.5761655695566813 -0.19133076671201432
-0.62367922936419939 -0.1351778408716881
-0.65090098866388213 -0.21222853381672507
-0.61349813403957354 -0.20169267256093576
-0.56421502936145862 -0.25350953433932732
-0.49388354362042336 -0.22720976275445162
-0.50733054199286753 -0.11441246201411109
-0.58479433714802265 -0.12813081022181655
-0.52903492615957581 -0.24026617022963329
-0.50170446084177689 -0.17111186829270414
-0.54601235580806229 -0.12121014008974329
-0.5761655695566813 -0.19133076671201432
-0.53890156864989736 -0.18113854333260923
-0.49388354362042336 -0.22720976275445162
-0.42366454169626117 -0.20164220254078544
-0.43025692255797393 -0.10117319636655228
-0.50733054199286753 -0.11441246201411109
-0.4587602778321147 -0.21433638076028244
-0.42750450960427999 -0.15153928746962542
-0.46874624900020245 -0.10773452620561387
-0.50170446084177689 -0.17111186829270414
-0.46457262948355399 -0.16124674067854042
-0.42366454169626117 -0.20164220254078544
-0.35355339059327373 -0.17677669529663687
-0.35355339059327373 -0.088388347648318419
-0.43025692255797393 -0.10117319636655228
-0.38859576434688642 -0.18912351205421252
-0.35355339059327373 -0.13258252147247765
-0.39186009682425921 -0.094725444779413859
-0.42750450960427999 -0.15153928746962542
-0.39049858586227731 -0.14198575846895098
-0.97878092915546178 -0.20490947445535665
-0.89900789459395924 -0.18835569526275384
-0.91706090764091108 9.8130778667735933e-18
-0.99999999999999978 1.9626155733547187e-17
-0.93882802437043056 -0.19655107005979774
-0.91251663195046506 -0.094825191220266586
-0.95844214094080216 9.8130778667735933e-18
-0.99465268287603481 -0.10327652418389167
-0.95350212303970416 -0.099006835315954472
-0.89900789459395924 -0.18835569526275384
-0.81975071878945283 -0.17243532025483474
-0.83480652496416285 4.9065389333867966e-18
-0.91706090764091108 9.8130778667735933e-18
-0.85931669270574329 -0.18031862632528056
-0.8310208454645085 -0.086715364070178949
-0.87585079515833142 -1.2266347333466992e-18
-0.91251663195046506 -0.094825191220266586
-0.87169115591810054 -0.090728896347173557
-0.81975071878945283 -0.17243532025483474
-0.74098034977627492 -0.15711267758077316
-0.75319546095705847 1.2266347333466992e-17
-0.83480652496416285 4.9065389333867966e-18
-0.78030641315878524 -0.16470140624221818
-0.75012728377817273 -0.078926753057366086
-0.79392303342087178 6.1331736667334958e-18
-0.8310208454645085 -0.086715364070178949
-0.79050104511197983 -0.082782111239189854
-0.74098034977627492 -0.15711267758077316
-0.66266987690955803 -0.14235472463958479
-0.67218959485177432 1.471961680016039e-17
-0.75319546095705847 1.2266347333466992e-17
-0.70176923003929337 -0.14966508403643786
-0.66980086210109435 -0.071440644570491221
-0.71261914189008402 1.2266347333466992e-17
-0.75012728377817273 -0.078926753057366086
-0.70989526573615369 -0.075146998259364384
-0.66266987690955803 -0.14235472463958479
-0.58479433714802265 -0.12813081022181655
-0.59175375940944652 4.9065389333867966e-18
-0.67218959485177432 1.471961680016039e-17
-0.62367922936419939 -0.1351778408716881
-0.59000916904890699 -0.064239750946049584
-0.63190251377591422 8.5864431334268933e-18
-0.66980086210109435 -0.071440644570491221
-0.62984010280816849 -0.067805574427854967
-0.58479433714802265 -0.12813081022181655
-0.50733054199286753 -0.11441246201411109
-0.51185546031273255 0
-0.59175375940944652 4.9065389333867966e-18
-0.54601235580806229 -0.12121014008974329
-0.510722216766611 -0.05730807718856102
-0.55173935131221019 1.8399521000200487e-18
-0.59000916904890699 -0.064239750946049584
-0.55030438613572463 -0.060741214111219091
-0.50733054199286753 -0.11441246201411109
-0.43025692255797393 -0.10117319636655228
-0.43246462695359039 4.9065389333867966e-18
-0.51185546031273255 0
-0.46874624900020245 -0.10773452620561387
-0.43191221856406814 -0.050630802365244983
-0.47209840139002651 1.2266347333466992e-18
-0.510722216766611 -0.05730807718856102
-0.47125925466403978 -0.05393852332943342
-0.43025692255797393 -0.10117319636655228
-0.35355339059327373 -0.088388347648318419
-0.35355339059327373 7.3598084000801949e-18
-0.43246462695359039 4.9065389333867966e-18
-0.39186009682425921 -0.094725444779413859
-0.35355339059327373 -0.044194173824159209
-0.3929507204958641 3.6799042000400975e-18
-0.43191221856406814 -0.050630802365244983
-0.39267794653333393 -0.047383227776241779
-0.99999999999999978 1.9626155733547187e-17
-0.91706090764091108 9.8130778667735933e-18
-0.89900789459395924 0.18835569526275384
-0.97878092915546178 0.2049094744553567
-0.95844214094080216 9.8130778667735933e-18
-0.91251663195046528 0.094825191220266641
-0.93882802437043045 0.19655107005979777
-0.99465268287603481 0.10327652418389172
-0.95350212303970427 0.0990068353159545
-0.91706090764091108 9.8130778667735933e-18
-0.83480652496416285 4.9065389333867966e-18
-0.81975071878945294 0.17243532025483474
-0.89900789459395924 0.18835569526275384
-0.87585079515833142 -1.2266347333466992e-18
-0.83102084546450872 0.086715364070178977
-0.85931669270574329 0.18031862632528059
-0.91251663195046528 0.094825191220266641
-0.87169115591810042 0.090728896347173557
-0.83480652496416285 4.9065389333867966e-18
-0.75319546095705847 1.2266347333466992e-17
-0.74098034977627469 0.15711267758077313
-0.81975071878945294 0.17243532025483474
-0.79392303342087178 6.1331736667334958e-18
-0.7501272837781725 0.078926753057366072
-0.78030641315878491 0.16470140624221813
-0.83102084546450872 0.086715364070178977
-0.79050104511197983 0.082782111239189868
-0.75319546095705847 1.2266347333466992e-17
-0.67218959485177432 1.471961680016039e-17
-0.66266987690955803 0.14235472463958485
-0.74098034977627469 0.15711267758077313
-0.71261914189008402 1.2266347333466992e-17
-0.66980086210109413 0.071440644570491221
-0.70176923003929326 0.14966508403643786
-0.7501272837781725 0.078926753057366072
-0.70989526573615369 0.075146998259364398
-0.67218959485177432 1.471961680016039e-17
-0.59175375940944652 4.9065389333867966e-18
-0.58479433714802254 0.12813081022181658
-0.66266987690955803 0.14235472463958485
-0.63190251377591422 8.5864431334268933e-18
-0.59000916904890688 0.064239750946049598
-0.62367922936419951 0.1351778408716881
-0.66980086210109413 0.071440644570491221
-0.62984010280816838 0.067805574427854995
-0.59175375940944652 4.9065389333867966e-18
-0.51185546031273255 0
-0.50733054199286753 0.11441246201411109
-0.58479433714802254 0.12813081022181658
-0.55173935131221019 1.8399521000200487e-18
-0.51072221676661078 0.05730807718856102
-0.54601235580806229 0.1212101400897433
-0.59000916904890688 0.064239750946049598
-0.55030438613572463 0.060741214111219077
-0.51185546031273255 0
-0.43246462695359039 4.9065389333867966e-18
-0.43025692255797404 0.1011731963665523
-0.50733054199286753 0.11441246201411109
-0.47209840139002651 1.2266347333466992e-18
-0.43191221856406808 0.050630802365244996
-0.46874624900020256 0.10773452620561387
-0.51072221676661078 0.05730807718856102
-0.47125925466403967 0.053938523329433406
-0.43246462695359039 4.9065389333867966e-18
-0.35355339059327373 7.3598084000801949e-18
-0.35355339059327373 0.088388347648318433
-0.43025692255797404 0.1011731963665523
-0.3929507204958641 3.6799042000400975e-18
-0.35355339059327373 0.044194173824159216
-0.39186009682425921 0.094725444779413887
-0.43191221856406808 0.050630802365244996
-0.39267794653333393 0.047383227776241786
-0.97878092915546178 0.2049094744553567
-0.89900789459395924 0.18835569526275384
-0.84676832237257404 0.36669803360801123
-0.91774187799925644 0.39717734749907069
-0.93882802437043045 0.19655107005979777
-0.8768985887774593 0.27935508505664397
-0.88223718412491758 0.38182106627856266
-0.95288196616109133 0.30334132353665988
-0.91484706037222929 0.29124124978569532
-0.89900789459395924 0.18835569526275384
-0.81975071878945294 0.17243532025483474
-0.775934878540121 0.33713077490699755
-0.84676832237257404 0.36669803360801123
-0.85931669270574329 0.18031862632528059
-0.80125193936081418 0.25620218748789486
-0.8113344825074732 0.35180297527895515
-0.8768985887774593 0.27935508505664397
-0.83903427944127928 0.2676772067194102
-0.81975071878945294 0.17243532025483474
-0.74098034977627469 0.15711267758077313
-0.70523535020586603 0.3084352367191005
-0.775934878540121 0.33713077490699755
-0.78030641315878491 0.16470140624221813
-0.72592476940248885 0.23383994388623197
-0.74056874782612803 0.32267646807228217
-0.80125193936081418 0.25620218748789486
-0.76354945106744088 0.24492478700963147
-0.74098034977627469 0.15711267758077313
-0.66266987690955803 0.14235472463958485
-0.63466390113223503 0.28057342816140241
-0.70523535020586603 0.3084352367191005
-0.70176923003929326 0.14966508403643786
-0.65090098866388213 0.21222853381672513
-0.6699339671818948 0.29440240380135863
-0.72592476940248885 0.23383994388623197
-0.6883759184567102 0.22294276809911906
-0.66266987690955803 0.14235472463958485
-0.58479433714802254 0.12813081022181658
-0.56421502936145862 0.25350953433932732
-0.63466390113223503 0.28057342816140241
-0.62367922936419951 0.1351778408716881
-0.5761655695566813 0.19133076671201427
-0.59942447455768311 0.26694389963042142
-0.65090098866388213 0.21222853381672513
-0.61349813403957354 0.20169267256093573
-0.58479433714802254 0.12813081022181658
-0.50733054199286753 0.11441246201411109
-0.49388354362042336 0.22720976275445159
-0.56421502936145862 0.25350953433932732
-0.54601235580806229 0.1212101400897433
-0.50170446084177689 0.17111186829270419
-0.52903492615957581 0.24026617022963331
-0.5761655695566813 0.19133076671201427
-0.53890156864989713 0.18113854333260918
-0.50733054199286753 0.11441246201411109
-0.43025692255797404 0.1011731963665523
-0.42366454169626111 0.20164220254078541
-0.49388354362042336 0.22720976275445159
-0.46874624900020256 0.10773452620561387
-0.42750450960427994 0.15153928746962539
-0.45876027783211465 0.21433638076028236
-0.50170446084177689 0.17111186829270419
-0.4645726294835541 0.16124674067854039
-0.43025692255797404 0.1011731963665523
-0.35355339059327373 0.088388347648318433
-0.35355339059327373 0.17677669529663687
-0.42366454169626111 0.20164220254078541
-0.39186009682425921 0.094725444779413887
-0.35355339059327373 0.13258252147247765
-0.38859576434688647 0.18912351205421257
-0.42750450960427994 0.15153928746962539
-0.39049858586227731 0.14198575846895101
-0.91774187799925644 0.39717734749907069
-0.84676832237257404 0.36669803360801123
-0.76561202305737641 0.52671281479550891
-0.82396920227052683 0.56663458569846548
-0.88223718412491758 0.38182106627856266
-0.80937553009070551 0.44941316123461783
-0.79480751344189327 0.54658866091595637
-0.87437796237607768 0.48524548314338639
-0.84188066865282218 0.46722027013044765
-0.84676832237257404 0.36669803360801123
-0.775934878540121 0.33713077490699755
-0.70712134386992764 0.48746277323816078
-0.76561202305737641 0.52671281479550891
-0.8113344825074732 0.35180297527895515
-0.74434228117375534 0.4144376108085987
-0.73638315948121424 0.50700489194472964
-0.80937553009070551 0.44941316123461783
-0.77686268821669258 0.43182022168883821
-0.775934878540121 0.33713077490699755
-0.70523535020586603 0.3084352367191005
-0.64850050603147535 0.44886764855194355
-0.70712134386992764 0.48746277323816078
-0.74056874782612803 0.32267646807228217
-0.67927930783272261 0.38028846604701372
-0.67782699032328264 0.46808437505768541
-0.74434228117375534 0.4144376108085987
-0.71181444382141612 0.39726157919668847
-0.70523535020586603 0.3084352367191005
-0.63466390113223503 0.28057342816140241
-0.58975274028283742 0.41091118467818133
-0.64850050603147535 0.44886764855194355
-0.6699339671818948 0.29440240380135863
-0.61418765126418107 0.34693677934959466
-0.61914229141864685 0.42981057891420765
-0.67927930783272261 0.38028846604701372
-0.64673700178780968 0.36351469654341434
-0.63466390113223503 0.28057342816140241
-0.56421502936145862 0.25350953433932732
-0.5308811713195305 0.37357765914437363
-0.58975274028283742 0.41091118467818133
-0.59942447455768311 0.26694389963042142
-0.54906830459745748 0.31435493949338028
-0.56033223993247916 0.3921675170312055
-0.61418765126418107 0.34693677934959466
-0.58163137892384964 0.33055130418646728
-0.56421502936145862 0.25350953433932732
-0.49388354362042336 0.22720976275445159
-0.47188882210737354 0.33685186134945672
-0.5308811713195305 0.37357765914437363
-0.52903492615957581 0.24026617022963331
-0.48392221563678606 0.28251659539462926
-0.50139990916934618 0.35513972551906869
-0.54906830459745748 0.31435493949338028
-0.51649854536550288 0.29834443016985601
-0.49388354362042336 0.22720976275445159
-0.42366454169626111 0.20164220254078541
-0.41277861798903892 0.30071907190094038
-0.47188882210737354 0.33685186134945672
-0.45876027783211465 0.21433638076028236
-0.41875028941786052 0.25139658503096268
-0.44234827278277306 0.31871224190048431
-0.48392221563678606 0.28251659539462926
-0.45133942722418335 0.2668683265189129
-0.42366454169626111 0.20164220254078541
-0.35355339059327373 0.17677669529663687
-0.35355339059327373 0.2651650429449553
-0.41277861798903892 0.30071907190094038
-0.38859576434688647 0.18912351205421257
-0.35355339059327373 0.22097086912079608
-0.38318020878171383 0.28287058495115941
-0.41875028941786052 0.25139658503096268
-0.38615490905601829 0.23609840058913939
-0.82396920227052683 0.56663458569846548
-0.76561202305737641 0.52671281479550891
-0.66291260736238822 0.66291260736238822
-0.70710678118654746 0.70710678118654746
-0.79480751344189327 0.54658866091595637
-0.71645378223117462 0.59800851894111862
-0.6850096942744679 0.6850096942744679
-0.767783151993367 0.64070978727902206
-0.74213504891399962 0.61931182861302847
-0.76561202305737641 0.52671281479550891
-0.70712134386992764 0.48746277323816078
-0.61871843353822897 0.61871843353822897
-0.66291260736238822 0.66291260736238822
-0.73638315948121424 0.50700489194472964
-0.66499263432901146 0.55568334569211353
-0.64081552045030865 0.64081552045030865
-0.71645378223117462 0.59800851894111862
-0.69073957149678766 0.57679923166172165
-0.70712134386992764 0.48746277323816078
-0.64850050603147535 0.44886764855194355
-0.57452425971406984 0.57452425971406984
-0.61871843353822897 0.61871843353822897
-0.67782699032328264 0.46808437505768541
-0.61340144162454779 0.51372932058264531
-0.59662134662614941 0.59662134662614941
-0.66499263432901146 0.55568334569211353
-0.6392131864335393 0.53466024540779189
-0.64850050603147535 0.44886764855194355
-0.58975274028283742 0.41091118467818133
-0.5303300858899106 0.5303300858899106
-0.57452425971406984 0.57452425971406984
-0.61914229141864685 0.42981057891420765
-0.5616819071889888 0.47214158304391068
-0.55242717280199016 0.55242717280199016
-0.61340144162454779 0.51372932058264531
-0.58755761184538569 0.49288996632991278
-0.58975274028283742 0.41091118467818133
-0.5308811713195305 0.37357765914437363
-0.48613591206575135 0.48613591206575135
-0.5303300858899106 0.5303300858899106
-0.56033223993247916 0.3921675170312055
-0.50983570448481907 0.43091535701045458
-0.50823299897783103 0.50823299897783103
-0.5616819071889888 0.47214158304391068
-0.53577453591803303 0.45148357634252539
-0.5308811713195305 0.37357765914437363
-0.47188882210737354 0.33685186134945672
-0.44194173824159216 0.44194173824159216
-0.48613591206575135 0.48613591206575135
-0.50139990916934618 0.35513972551906869
-0.45786447800647145 0.39004594909170426
-0.46403882515367179 0.46403882515367179
-0.50983570448481907 0.43091535701045458
-0.48386561755090357 0.41043634094318587
-0.47188882210737354 0.33685186134945672
-0.41277861798903892 0.30071907190094038
-0.39774756441743297 0.39774756441743297
-0.44194173824159216 0.44194173824159216
-0.44234827278277306 0.31871224190048431
-0.40576984390443083 0.34952874679077212
-0.41984465132951254 0.41984465132951254
-0.45786447800647145 0.39004594909170426
-0.43183248698945909 0.36974360740791479
-0.41277861798903892 0.30071907190094038
-0.35355339059327373 0.2651650429449553
-0.35355339059327373 0.35355339059327373
-0.39774756441743297 0.39774756441743297
-0.38318020878171383 0.28287058495115941
-0.35355339059327373 0.30935921676911449
-0.37565047750535335 0.37565047750535335
-0.40576984390443083 0.34952874679077212
-0.37967674644121041 0.32940080303310287
