MFEM mesh v1.0

dimension
2

elements
4096
1 2 11 737 1988
1 2 737 431 769
1 2 1988 769 401
1 2 737 769 1988
1 2 431 1939 767
1 2 1939 140 1054
1 2 767 1054 442
1 2 1939 1054 767
1 2 401 768 2097
1 2 768 442 2162
1 2 2097 2162 124
1 2 768 2162 2097
1 2 431 767 769
1 2 767 442 768
1 2 769 768 401
1 2 767 768 769
1 2 140 1576 1052
1 2 1576 545 1577
1 2 1052 1577 547
1 2 1576 1577 1052
1 2 545 1145 1147
1 2 1145 45 1146
1 2 1147 1146 546
1 2 1145 1146 1147
1 2 547 1928 1929
1 2 1928 546 728
1 2 1929 728 129
1 2 1928 728 1929
1 2 545 1147 1577
1 2 1147 546 1928
1 2 1577 1928 547
1 2 1147 1928 1577
1 2 124 2161 2158
1 2 2161 353 1503
1 2 2158 1503 355
1 2 2161 1503 2158
1 2 353 1687 1501
1 2 1687 129 1688
1 2 1501 1688 354
1 2 1687 1688 1501
1 2 355 1502 932
1 2 1502 354 1920
1 2 932 1920 32
1 2 1502 1920 932
1 2 353 1501 1503
1 2 1501 354 1502
1 2 1503 1502 355
1 2 1501 1502 1503
1 2 140 1052 1054
1 2 1052 547 1053
1 2 1054 1053 442
1 2 1052 1053 1054
1 2 547 1929 1797
1 2 1929 129 1687
1 2 1797 1687 353
1 2 1929 1687 1797
1 2 442 1798 2162
1 2 1798 353 2161
1 2 2162 2161 124
1 2 1798 2161 2162
1 2 547 1797 1053
1 2 1797 353 1798
1 2 1053 1798 442
1 2 1797 1798 1053
1 2 45 1196 1198
1 2 1196 218 1197
1 2 1198 1197 220
1 2 1196 1197 1198
1 2 218 1567 1568
1 2 1567 55 731
1 2 1568 731 219
1 2 1567 731 1568
1 2 220 2082 1016
1 2 2082 219 1483
1 2 1016 1483 128
1 2 2082 1483 1016
1 2 218 1568 1197
1 2 1568 219 2082
1 2 1197 2082 220
1 2 1568 2082 1197
1 2 55 1263 729
1 2 1263 255 1654
1 2 729 1654 257
1 2 1263 1654 729
1 2 255 1813 1653
1 2 1813 1 1814
1 2 1653 1814 256
1 2 1813 1814 1653
1 2 257 1449 1451
1 2 1449 256 1450
1 2 1451 1450 160
1 2 1449 1450 1451
1 2 255 1653 1654
1 2 1653 256 1449
1 2 1654 1449 257
1 2 1653 1449 1654
1 2 128 1435 1436
1 2 1435 485 588
1 2 1436 588 526
1 2 1435 588 1436
1 2 485 2100 586
1 2 2100 160 2152
1 2 586 2152 525
1 2 2100 2152 586
1 2 526 587 1112
1 2 587 525 1111
1 2 1112 1111 46
1 2 587 1111 1112
1 2 485 586 588
1 2 586 525 587
1 2 588 587 526
1 2 586 587 588
1 2 55 729 731
1 2 729 257 730
1 2 731 730 219
1 2 729 730 731
1 2 257 1451 1805
1 2 1451 160 2100
1 2 1805 2100 485
1 2 1451 2100 1805
1 2 219 1482 1483
1 2 1482 485 1435
1 2 1483 1435 128
1 2 1482 1435 1483
1 2 257 1805 730
1 2 1805 485 1482
1 2 730 1482 219
1 2 1805 1482 730
1 2 32 1353 1355
1 2 1353 576 1354
1 2 1355 1354 577
1 2 1353 1354 1355
1 2 576 1420 1421
1 2 1420 88 1062
1 2 1421 1062 529
1 2 1420 1062 1421
1 2 577 1762 1764
1 2 1762 529 1763
1 2 1764 1763 90
1 2 1762 1763 1764
1 2 576 1421 1354
1 2 1421 529 1762
1 2 1354 1762 577
1 2 1421 1762 1354
1 2 88 1202 1060
1 2 1202 470 1203
1 2 1060 1203 472
1 2 1202 1203 1060
1 2 470 1631 1530
1 2 1631 46 2191
1 2 1530 2191 471
1 2 1631 2191 1530
1 2 472 1531 1893
1 2 1531 471 1892
1 2 1893 1892 89
1 2 1531 1892 1893
1 2 470 1530 1203
1 2 1530 471 1531
1 2 1203 1531 472
1 2 1530 1531 1203
1 2 90 1148 1150
1 2 1148 407 1149
1 2 1150 1149 409
1 2 1148 1149 1150
1 2 407 879 881
1 2 879 89 880
1 2 881 880 408
1 2 879 880 881
1 2 409 1590 1592
1 2 1590 408 1591
1 2 1592 1591 2
1 2 1590 1591 1592
1 2 407 881 1149
1 2 881 408 1590
1 2 1149 1590 409
1 2 881 1590 1149
1 2 88 1060 1062
1 2 1060 472 1061
1 2 1062 1061 529
1 2 1060 1061 1062
1 2 472 1893 2027
1 2 1893 89 879
1 2 2027 879 407
1 2 1893 879 2027
1 2 529 2043 1763
1 2 2043 407 1148
1 2 1763 1148 90
1 2 2043 1148 1763
1 2 472 2027 1061
1 2 2027 407 2043
1 2 1061 2043 529
1 2 2027 2043 1061
1 2 45 1198 1146
1 2 1198 220 1303
1 2 1146 1303 546
1 2 1198 1303 1146
1 2 220 1016 1018
1 2 1016 128 1017
1 2 1018 1017 496
1 2 1016 1017 1018
1 2 546 726 728
1 2 726 496 727
1 2 728 727 129
1 2 726 727 728
1 2 220 1018 1303
1 2 1018 496 726
1 2 1303 726 546
1 2 1018 726 1303
1 2 128 1436 1791
1 2 1436 526 2062
1 2 1791 2062 494
1 2 1436 2062 1791
1 2 526 1112 1632
1 2 1112 46 1631
1 2 1632 1631 470
1 2 1112 1631 1632
1 2 494 1469 1373
1 2 1469 470 1202
1 2 1373 1202 88
1 2 1469 1202 1373
1 2 526 1632 2062
1 2 1632 470 1469
1 2 2062 1469 494
1 2 1632 1469 2062
1 2 129 1496 1688
1 2 1496 495 1767
1 2 1688 1767 354
1 2 1496 1767 1688
1 2 495 1374 1789
1 2 1374 88 1420
1 2 1789 1420 576
1 2 1374 1420 1789
1 2 354 1919 1920
1 2 1919 576 1353
1 2 1920 1353 32
1 2 1919 1353 1920
1 2 495 1789 1767
1 2 1789 576 1919
1 2 1767 1919 354
1 2 1789 1919 1767
1 2 128 1791 1017
1 2 1791 494 1792
1 2 1017 1792 496
1 2 1791 1792 1017
1 2 494 1373 1375
1 2 1373 88 1374
1 2 1375 1374 495
1 2 1373 1374 1375
1 2 496 1495 727
1 2 1495 495 1496
1 2 727 1496 129
1 2 1495 1496 727
1 2 494 1375 1792
1 2 1375 495 1495
1 2 1792 1495 496
1 2 1375 1495 1792
1 2 1 1813 2184
1 2 1813 255 1411
1 2 2184 1411 446
1 2 1813 1411 2184
1 2 255 1263 1265
1 2 1263 55 1264
1 2 1265 1264 393
1 2 1263 1264 1265
1 2 446 1356 1357
1 2 1356 393 1193
1 2 1357 1193 57
1 2 1356 1193 1357
1 2 255 1265 1411
1 2 1265 393 1356
1 2 1411 1356 446
1 2 1265 1356 1411
1 2 55 1567 1588
1 2 1567 218 1433
1 2 1588 1433 238
1 2 1567 1433 1588
1 2 218 1196 1431
1 2 1196 45 683
1 2 1431 683 237
1 2 1196 683 1431
1 2 238 1432 1291
1 2 1432 237 1842
1 2 1291 1842 56
1 2 1432 1842 1291
1 2 218 1431 1433
1 2 1431 237 1432
1 2 1433 1432 238
1 2 1431 1432 1433
1 2 57 1192 1886
1 2 1192 392 1885
1 2 1886 1885 435
1 2 1192 1885 1886
1 2 392 983 985
1 2 983 56 984
1 2 985 984 204
1 2 983 984 985
1 2 435 1651 1652
1 2 1651 204 1273
1 2 1652 1273 49
1 2 1651 1273 1652
1 2 392 985 1885
1 2 985 204 1651
1 2 1885 1651 435
1 2 985 1651 1885
1 2 55 1588 1264
1 2 1588 238 1589
1 2 1264 1589 393
1 2 1588 1589 1264
1 2 238 1291 1292
1 2 1291 56 983
1 2 1292 983 392
1 2 1291 983 1292
1 2 393 1191 1193
1 2 1191 392 1192
1 2 1193 1192 57
1 2 1191 1192 1193
1 2 238 1292 1589
1 2 1292 392 1191
1 2 1589 1191 393
1 2 1292 1191 1589
1 2 45 1145 681
1 2 1145 545 1821
1 2 681 1821 554
1 2 1145 1821 681
1 2 545 1576 1819
1 2 1576 140 2149
1 2 1819 2149 582
1 2 1576 2149 1819
1 2 554 1820 1525
1 2 1820 582 1999
1 2 1525 1999 134
1 2 1820 1999 1525
1 2 545 1819 1821
1 2 1819 582 1820
1 2 1821 1820 554
1 2 1819 1820 1821
1 2 140 1939 1940
1 2 1939 431 934
1 2 1940 934 433
1 2 1939 934 1940
1 2 431 737 739
1 2 737 11 738
1 2 739 738 432
1 2 737 738 739
1 2 433 933 2109
1 2 933 432 2108
1 2 2109 2108 141
1 2 933 2108 2109
1 2 431 739 934
1 2 739 432 933
1 2 934 933 433
1 2 739 933 934
1 2 134 805 807
1 2 805 227 806
1 2 807 806 229
1 2 805 806 807
1 2 227 2163 1914
1 2 2163 141 2193
1 2 1914 2193 228
1 2 2163 2193 1914
1 2 229 893 895
1 2 893 228 894
1 2 895 894 48
1 2 893 894 895
1 2 227 1914 806
1 2 1914 228 893
1 2 806 893 229
1 2 1914 893 806
1 2 140 1940 2149
1 2 1940 433 1623
1 2 2149 1623 582
1 2 1940 1623 2149
1 2 433 2109 1621
1 2 2109 141 2163
1 2 1621 2163 227
1 2 2109 2163 1621
1 2 582 1622 1999
1 2 1622 227 805
1 2 1999 805 134
1 2 1622 805 1999
1 2 433 1621 1623
1 2 1621 227 1622
1 2 1623 1622 582
1 2 1621 1622 1623
1 2 49 701 703
1 2 701 203 702
1 2 703 702 583
1 2 701 702 703
1 2 203 2050 975
1 2 2050 135 2051
1 2 975 2051 562
1 2 2050 2051 975
1 2 583 976 1855
1 2 976 562 988
1 2 1855 988 162
1 2 976 988 1855
1 2 203 975 702
1 2 975 562 976
1 2 702 976 583
1 2 975 976 702
1 2 135 595 597
1 2 595 379 596
1 2 597 596 381
1 2 595 596 597
1 2 379 2137 2014
1 2 2137 48 2192
1 2 2014 2192 380
1 2 2137 2192 2014
1 2 381 1225 704
1 2 1225 380 1226
1 2 704 1226 161
1 2 1225 1226 704
1 2 379 2014 596
1 2 2014 380 1225
1 2 596 1225 381
1 2 2014 1225 596
1 2 162 987 1144
1 2 987 384 1143
1 2 1144 1143 386
1 2 987 1143 1144
1 2 384 705 1812
1 2 705 161 1811
1 2 1812 1811 385
1 2 705 1811 1812
1 2 386 2084 2086
1 2 2084 385 2085
1 2 2086 2085 10
1 2 2084 2085 2086
1 2 384 1812 1143
1 2 1812 385 2084
1 2 1143 2084 386
1 2 1812 2084 1143
1 2 135 597 2051
1 2 597 381 1922
1 2 2051 1922 562
1 2 597 1922 2051
1 2 381 704 706
1 2 704 161 705
1 2 706 705 384
1 2 704 705 706
1 2 562 986 988
1 2 986 384 987
1 2 988 987 162
1 2 986 987 988
1 2 381 706 1922
1 2 706 384 986
1 2 1922 986 562
1 2 706 986 1922
1 2 45 681 683
1 2 681 554 682
1 2 683 682 237
1 2 681 682 683
1 2 554 1525 1527
1 2 1525 134 1526
1 2 1527 1526 528
1 2 1525 1526 1527
1 2 237 1989 1842
1 2 1989 528 1841
1 2 1842 1841 56
1 2 1989 1841 1842
1 2 554 1527 682
1 2 1527 528 1989
1 2 682 1989 237
1 2 1527 1989 682
1 2 134 807 2115
1 2 807 229 1912
1 2 2115 1912 527
1 2 807 1912 2115
1 2 229 895 1910
1 2 895 48 2137
1 2 1910 2137 379
1 2 895 2137 1910
1 2 527 1911 1915
1 2 1911 379 595
1 2 1915 595 135
1 2 1911 595 1915
1 2 229 1910 1912
1 2 1910 379 1911
1 2 1912 1911 527
1 2 1910 1911 1912
1 2 56 1012 984
1 2 1012 202 1013
1 2 984 1013 204
1 2 1012 1013 984
1 2 202 1972 1385
1 2 1972 135 2050
1 2 1385 2050 203
1 2 1972 2050 1385
1 2 204 1272 1273
1 2 1272 203 701
1 2 1273 701 49
1 2 1272 701 1273
1 2 202 1385 1013
1 2 1385 203 1272
1 2 1013 1272 204
1 2 1385 1272 1013
1 2 134 2115 1526
1 2 2115 527 2116
1 2 1526 2116 528
1 2 2115 2116 1526
1 2 527 1915 1973
1 2 1915 135 1972
1 2 1973 1972 202
1 2 1915 1972 1973
1 2 528 1840 1841
1 2 1840 202 1012
1 2 1841 1012 56
1 2 1840 1012 1841
1 2 527 1973 2116
1 2 1973 202 1840
1 2 2116 1840 528
1 2 1973 1840 2116
1 2 12 1185 1457
1 2 1185 335 1166
1 2 1457 1166 272
1 2 1185 1166 1457
1 2 335 749 751
1 2 749 130 750
1 2 751 750 336
1 2 749 750 751
1 2 272 1165 1833
1 2 1165 336 1685
1 2 1833 1685 132
1 2 1165 1685 1833
1 2 335 751 1166
1 2 751 336 1165
1 2 1166 1165 272
1 2 751 1165 1166
1 2 130 1598 1458
1 2 1598 416 1605
1 2 1458 1605 556
1 2 1598 1605 1458
1 2 416 1931 2070
1 2 1931 30 2069
1 2 2070 2069 383
1 2 1931 2069 2070
1 2 556 2119 1021
1 2 2119 383 1473
1 2 1021 1473 131
1 2 2119 1473 1021
1 2 416 2070 1605
1 2 2070 383 2119
1 2 1605 2119 556
1 2 2070 2119 1605
1 2 132 996 594
1 2 996 557 997
1 2 594 997 570
1 2 996 997 594
1 2 557 1022 1847
1 2 1022 131 1807
1 2 1847 1807 375
1 2 1022 1807 1847
1 2 570 1848 1242
1 2 1848 375 946
1 2 1242 946 21
1 2 1848 946 1242
1 2 557 1847 997
1 2 1847 375 1848
1 2 997 1848 570
1 2 1847 1848 997
1 2 130 1458 750
1 2 1458 556 1310
1 2 750 1310 336
1 2 1458 1310 750
1 2 556 1021 1023
1 2 1021 131 1022
1 2 1023 1022 557
1 2 1021 1022 1023
1 2 336 1309 1685
1 2 1309 557 996
1 2 1685 996 132
1 2 1309 996 1685
1 2 556 1023 1310
1 2 1023 557 1309
1 2 1310 1309 336
1 2 1023 1309 1310
1 2 30 776 778
1 2 776 370 777
1 2 778 777 372
1 2 776 777 778
1 2 370 1294 1702
1 2 1294 67 1701
1 2 1702 1701 371
1 2 1294 1701 1702
1 2 372 1321 1322
1 2 1321 371 745
1 2 1322 745 69
1 2 1321 745 1322
1 2 370 1702 777
1 2 1702 371 1321
1 2 777 1321 372
1 2 1702 1321 777
1 2 67 941 1033
1 2 941 530 1032
1 2 1033 1032 532
1 2 941 1032 1033
1 2 530 1745 1747
1 2 1745 2 1746
1 2 1747 1746 531
1 2 1745 1746 1747
1 2 532 2074 2155
1 2 2074 531 2154
1 2 2155 2154 68
1 2 2074 2154 2155
1 2 530 1747 1032
1 2 1747 531 2074
1 2 1032 2074 532
1 2 1747 2074 1032
1 2 69 744 919
1 2 744 387 1128
1 2 919 1128 389
1 2 744 1128 919
1 2 387 1835 1183
1 2 1835 68 1836
1 2 1183 1836 388
1 2 1835 1836 1183
1 2 389 1184 1800
1 2 1184 388 2167
1 2 1800 2167 51
1 2 1184 2167 1800
1 2 387 1183 1128
1 2 1183 388 1184
1 2 1128 1184 389
1 2 1183 1184 1128
1 2 67 1033 1701
1 2 1033 532 1985
1 2 1701 1985 371
1 2 1033 1985 1701
1 2 532 2155 2160
1 2 2155 68 1835
1 2 2160 1835 387
1 2 2155 1835 2160
1 2 371 743 745
1 2 743 387 744
1 2 745 744 69
1 2 743 744 745
1 2 532 2160 1985
1 2 2160 387 743
1 2 1985 743 371
1 2 2160 743 1985
1 2 21 945 2166
1 2 945 374 1511
1 2 2166 1511 448
1 2 945 1511 2166
1 2 374 902 1463
1 2 902 142 748
1 2 1463 748 447
1 2 902 748 1463
1 2 448 1510 1977
1 2 1510 447 1907
1 2 1977 1907 110
1 2 1510 1907 1977
1 2 374 1463 1511
1 2 1463 447 1510
1 2 1511 1510 448
1 2 1463 1510 1511
1 2 142 1778 746
1 2 1778 510 915
1 2 746 915 489
1 2 1778 915 746
1 2 510 1801 913
1 2 1801 51 2146
1 2 913 2146 536
1 2 1801 2146 913
1 2 489 914 1217
1 2 914 536 1736
1 2 1217 1736 164
1 2 914 1736 1217
1 2 510 913 915
1 2 913 536 914
1 2 915 914 489
1 2 913 914 915
1 2 110 1102 1104
1 2 1102 394 1103
1 2 1104 1103 396
1 2 1102 1103 1104
1 2 394 1218 1470
1 2 1218 164 1834
1 2 1470 1834 395
1 2 1218 1834 1470
1 2 396 1066 1068
1 2 1066 395 1067
1 2 1068 1067 3
1 2 1066 1067 1068
1 2 394 1470 1103
1 2 1470 395 1066
1 2 1103 1066 396
1 2 1470 1066 1103
1 2 142 746 748
1 2 746 489 747
1 2 748 747 447
1 2 746 747 748
1 2 489 1217 1219
1 2 1217 164 1218
1 2 1219 1218 394
1 2 1217 1218 1219
1 2 447 1906 1907
1 2 1906 394 1102
1 2 1907 1102 110
1 2 1906 1102 1907
1 2 489 1219 747
1 2 1219 394 1906
1 2 747 1906 447
1 2 1219 1906 747
1 2 30 778 2069
1 2 778 372 2125
1 2 2069 2125 383
1 2 778 2125 2069
1 2 372 1322 2113
1 2 1322 69 974
1 2 2113 974 382
1 2 1322 974 2113
1 2 383 1471 1473
1 2 1471 382 1472
1 2 1473 1472 131
1 2 1471 1472 1473
1 2 372 2113 2125
1 2 2113 382 1471
1 2 2125 1471 383
1 2 2113 1471 2125
1 2 69 919 920
1 2 919 389 813
1 2 920 813 511
1 2 919 813 920
1 2 389 1800 811
1 2 1800 51 1801
1 2 811 1801 510
1 2 1800 1801 811
1 2 511 812 1371
1 2 812 510 1778
1 2 1371 1778 142
1 2 812 1778 1371
1 2 389 811 813
1 2 811 510 812
1 2 813 812 511
1 2 811 812 813
1 2 131 1806 1807
1 2 1806 373 1293
1 2 1807 1293 375
1 2 1806 1293 1807
1 2 373 901 903
1 2 901 142 902
1 2 903 902 374
1 2 901 902 903
1 2 375 944 946
1 2 944 374 945
1 2 946 945 21
1 2 944 945 946
1 2 373 903 1293
1 2 903 374 944
1 2 1293 944 375
1 2 903 944 1293
1 2 69 920 974
1 2 920 511 973
1 2 974 973 382
1 2 920 973 974
1 2 511 1371 1372
1 2 1371 142 901
1 2 1372 901 373
1 2 1371 901 1372
1 2 382 1773 1472
1 2 1773 373 1806
1 2 1472 1806 131
1 2 1773 1806 1472
1 2 511 1372 973
1 2 1372 373 1773
1 2 973 1773 382
1 2 1372 1773 973
1 2 2 1745 1592
1 2 1745 530 964
1 2 1592 964 409
1 2 1745 964 1592
1 2 530 941 943
1 2 941 67 942
1 2 943 942 438
1 2 941 942 943
1 2 409 963 1150
1 2 963 438 1562
1 2 1150 1562 90
1 2 963 1562 1150
1 2 530 943 964
1 2 943 438 963
1 2 964 963 409
1 2 943 963 964
1 2 67 1294 1296
1 2 1294 370 1295
1 2 1296 1295 436
1 2 1294 1295 1296
1 2 370 776 1974
1 2 776 30 1500
1 2 1974 1500 213
1 2 776 1500 1974
1 2 436 1092 1093
1 2 1092 213 948
1 2 1093 948 143
1 2 1092 948 1093
1 2 370 1974 1295
1 2 1974 213 1092
1 2 1295 1092 436
1 2 1974 1092 1295
1 2 90 1950 1764
1 2 1950 437 1596
1 2 1764 1596 577
1 2 1950 1596 1764
1 2 437 1548 1594
1 2 1548 143 1656
1 2 1594 1656 558
1 2 1548 1656 1594
1 2 577 1595 1355
1 2 1595 558 1867
1 2 1355 1867 32
1 2 1595 1867 1355
1 2 437 1594 1596
1 2 1594 558 1595
1 2 1596 1595 577
1 2 1594 1595 1596
1 2 67 1296 942
1 2 1296 436 1494
1 2 942 1494 438
1 2 1296 1494 942
1 2 436 1093 1549
1 2 1093 143 1548
1 2 1549 1548 437
1 2 1093 1548 1549
1 2 438 1866 1562
1 2 1866 437 1950
1 2 1562 1950 90
1 2 1866 1950 1562
1 2 436 1549 1494
1 2 1549 437 1866
1 2 1494 1866 438
1 2 1549 1866 1494
1 2 30 1931 1499
1 2 1931 416 591
1 2 1499 591 211
1 2 1931 591 1499
1 2 416 1598 589
1 2 1598 130 1599
1 2 589 1599 417
1 2 1598 1599 589
1 2 211 590 1796
1 2 590 417 1795
1 2 1796 1795 144
1 2 590 1795 1796
1 2 416 589 591
1 2 589 417 590
1 2 591 590 211
1 2 589 590 591
1 2 130 749 801
1 2 749 335 800
1 2 801 800 509
1 2 749 800 801
1 2 335 1185 1008
1 2 1185 12 1186
1 2 1008 1186 508
1 2 1185 1186 1008
1 2 509 1009 1860
1 2 1009 508 2111
1 2 1860 2111 151
1 2 1009 2111 1860
1 2 335 1008 800
1 2 1008 508 1009
1 2 800 1009 509
1 2 1008 1009 800
1 2 144 1897 822
1 2 1897 184 1898
1 2 822 1898 186
1 2 1897 1898 822
1 2 184 1861 1984
1 2 1861 151 2060
1 2 1984 2060 185
1 2 1861 2060 1984
1 2 186 853 855
1 2 853 185 854
1 2 855 854 31
1 2 853 854 855
1 2 184 1984 1898
1 2 1984 185 853
1 2 1898 853 186
1 2 1984 853 1898
1 2 130 801 1599
1 2 801 509 1965
1 2 1599 1965 417
1 2 801 1965 1599
1 2 509 1860 1862
1 2 1860 151 1861
1 2 1862 1861 184
1 2 1860 1861 1862
1 2 417 1964 1795
1 2 1964 184 1897
1 2 1795 1897 144
1 2 1964 1897 1795
1 2 509 1862 1965
1 2 1862 184 1964
1 2 1965 1964 417
1 2 1862 1964 1965
1 2 32 930 932
1 2 930 439 931
1 2 932 931 355
1 2 930 931 932
1 2 439 779 781
1 2 779 122 780
1 2 781 780 223
1 2 779 780 781
1 2 355 1512 2158
1 2 1512 223 2089
1 2 2158 2089 124
1 2 1512 2089 2158
1 2 439 781 931
1 2 781 223 1512
1 2 931 1512 355
1 2 781 1512 931
1 2 122 843 845
1 2 843 269 844
1 2 845 844 221
1 2 843 844 845
1 2 269 1845 1710
1 2 1845 31 2150
1 2 1710 2150 512
1 2 1845 2150 1710
1 2 221 1711 1712
1 2 1711 512 2179
1 2 1712 2179 123
1 2 1711 2179 1712
1 2 269 1710 844
1 2 1710 512 1711
1 2 844 1711 221
1 2 1710 1711 844
1 2 124 2088 2097
1 2 2088 222 1902
1 2 2097 1902 401
1 2 2088 1902 2097
1 2 222 1713 1844
1 2 1713 123 1843
1 2 1844 1843 400
1 2 1713 1843 1844
1 2 401 1901 1988
1 2 1901 400 1987
1 2 1988 1987 11
1 2 1901 1987 1988
1 2 222 1844 1902
1 2 1844 400 1901
1 2 1902 1901 401
1 2 1844 1901 1902
1 2 122 845 780
1 2 845 221 1793
1 2 780 1793 223
1 2 845 1793 780
1 2 221 1712 1714
1 2 1712 123 1713
1 2 1714 1713 222
1 2 1712 1713 1714
1 2 223 2087 2089
1 2 2087 222 2088
1 2 2089 2088 124
1 2 2087 2088 2089
1 2 221 1714 1793
1 2 1714 222 2087
1 2 1793 2087 223
1 2 1714 2087 1793
1 2 30 1499 1500
1 2 1499 211 923
1 2 1500 923 213
1 2 1499 923 1500
1 2 211 1796 921
1 2 1796 144 1359
1 2 921 1359 212
1 2 1796 1359 921
1 2 213 922 948
1 2 922 212 947
1 2 948 947 143
1 2 922 947 948
1 2 211 921 923
1 2 921 212 922
1 2 923 922 213
1 2 921 922 923
1 2 144 822 824
1 2 822 186 823
1 2 824 823 264
1 2 822 823 824
1 2 186 855 1341
1 2 855 31 1845
1 2 1341 1845 269
1 2 855 1845 1341
1 2 264 1342 752
1 2 1342 269 843
1 2 752 843 122
1 2 1342 843 752
1 2 186 1341 823
1 2 1341 269 1342
1 2 823 1342 264
1 2 1341 1342 823
1 2 143 1655 1656
1 2 1655 265 1424
1 2 1656 1424 558
1 2 1655 1424 1656
1 2 265 753 1422
1 2 753 122 779
1 2 1422 779 439
1 2 753 779 1422
1 2 558 1423 1867
1 2 1423 439 930
1 2 1867 930 32
1 2 1423 930 1867
1 2 265 1422 1424
1 2 1422 439 1423
1 2 1424 1423 558
1 2 1422 1423 1424
1 2 144 824 1359
1 2 824 264 1358
1 2 1359 1358 212
1 2 824 1358 1359
1 2 264 752 754
1 2 752 122 753
1 2 754 753 265
1 2 752 753 754
1 2 212 1684 947
1 2 1684 265 1655
1 2 947 1655 143
1 2 1684 1655 947
1 2 264 754 1358
1 2 754 265 1684
1 2 1358 1684 212
1 2 754 1684 1358
1 2 13 761 1026
1 2 761 331 1078
1 2 1026 1078 333
1 2 761 1078 1026
1 2 331 1323 1076
1 2 1323 94 1619
1 2 1076 1619 332
1 2 1323 1619 1076
1 2 333 1077 1837
1 2 1077 332 1448
1 2 1837 1448 102
1 2 1077 1448 1837
1 2 331 1076 1078
1 2 1076 332 1077
1 2 1078 1077 333
1 2 1076 1077 1078
1 2 94 1412 1715
1 2 1412 533 2112
1 2 1715 2112 467
1 2 1412 2112 1715
1 2 533 1689 1691
1 2 1689 19 1690
1 2 1691 1690 486
1 2 1689 1690 1691
1 2 467 1708 1316
1 2 1708 486 1709
1 2 1316 1709 150
1 2 1708 1709 1316
1 2 533 1691 2112
1 2 1691 486 1708
1 2 2112 1708 467
1 2 1691 1708 2112
1 2 102 924 926
1 2 924 317 925
1 2 926 925 318
1 2 924 925 926
1 2 317 1233 1235
1 2 1233 150 1234
1 2 1235 1234 306
1 2 1233 1234 1235
1 2 318 1593 1434
1 2 1593 306 929
1 2 1434 929 37
1 2 1593 929 1434
1 2 317 1235 925
1 2 1235 306 1593
1 2 925 1593 318
1 2 1235 1593 925
1 2 94 1715 1619
1 2 1715 467 1660
1 2 1619 1660 332
1 2 1715 1660 1619
1 2 467 1316 1317
1 2 1316 150 1233
1 2 1317 1233 317
1 2 1316 1233 1317
1 2 332 1447 1448
1 2 1447 317 924
1 2 1448 924 102
1 2 1447 924 1448
1 2 467 1317 1660
1 2 1317 317 1447
1 2 1660 1447 332
1 2 1317 1447 1660
1 2 19 1580 1960
1 2 1580 224 1542
1 2 1960 1542 426
1 2 1580 1542 1960
1 2 224 687 1174
1 2 687 77 1173
1 2 1174 1173 425
1 2 687 1173 1174
1 2 426 1541 977
1 2 1541 425 742
1 2 977 742 79
1 2 1541 742 977
1 2 224 1174 1542
1 2 1174 425 1541
1 2 1542 1541 426
1 2 1174 1541 1542
1 2 77 1083 1085
1 2 1083 572 1084
1 2 1085 1084 561
1 2 1083 1084 1085
1 2 572 1686 1849
1 2 1686 3 1903
1 2 1849 1903 584
1 2 1686 1903 1849
1 2 561 1850 1034
1 2 1850 584 2124
1 2 1034 2124 78
1 2 1850 2124 1034
1 2 572 1849 1084
1 2 1849 584 1850
1 2 1084 1850 561
1 2 1849 1850 1084
1 2 79 741 1262
1 2 741 457 1095
1 2 1262 1095 239
1 2 741 1095 1262
1 2 457 1005 1007
1 2 1005 78 1006
1 2 1007 1006 458
1 2 1005 1006 1007
1 2 239 1094 1782
1 2 1094 458 1781
1 2 1782 1781 36
1 2 1094 1781 1782
1 2 457 1007 1095
1 2 1007 458 1094
1 2 1095 1094 239
1 2 1007 1094 1095
1 2 77 1085 1173
1 2 1085 561 1868
1 2 1173 1868 425
1 2 1085 1868 1173
1 2 561 1034 1035
1 2 1034 78 1005
1 2 1035 1005 457
1 2 1034 1005 1035
1 2 425 740 742
1 2 740 457 741
1 2 742 741 79
1 2 740 741 742
1 2 561 1035 1868
1 2 1035 457 740
1 2 1868 740 425
1 2 1035 740 1868
1 2 37 928 1020
1 2 928 305 1616
1 2 1020 1616 198
1 2 928 1616 1020
1 2 305 1552 1748
1 2 1552 149 951
1 2 1748 951 363
1 2 1552 951 1748
1 2 198 1749 1352
1 2 1749 363 671
1 2 1352 671 82
1 2 1749 671 1352
1 2 305 1748 1616
1 2 1748 363 1749
1 2 1616 1749 198
1 2 1748 1749 1616
1 2 149 1765 949
1 2 1765 240 1766
1 2 949 1766 430
1 2 1765 1766 949
1 2 240 1723 1725
1 2 1723 36 1724
1 2 1725 1724 429
1 2 1723 1724 1725
1 2 430 1441 1443
1 2 1441 429 1442
1 2 1443 1442 155
1 2 1441 1442 1443
1 2 240 1725 1766
1 2 1725 429 1441
1 2 1766 1441 430
1 2 1725 1441 1766
1 2 82 670 1114
1 2 670 235 1113
1 2 1114 1113 180
1 2 670 1113 1114
1 2 235 1908 1627
1 2 1908 155 1909
1 2 1627 1909 236
1 2 1908 1909 1627
1 2 180 1628 1658
1 2 1628 236 1657
1 2 1658 1657 4
1 2 1628 1657 1658
1 2 235 1627 1113
1 2 1627 236 1628
1 2 1113 1628 180
1 2 1627 1628 1113
1 2 149 949 951
1 2 949 430 950
1 2 951 950 363
1 2 949 950 951
1 2 430 1443 2120
1 2 1443 155 1908
1 2 2120 1908 235
1 2 1443 1908 2120
1 2 363 669 671
1 2 669 235 670
1 2 671 670 82
1 2 669 670 671
1 2 430 2120 950
1 2 2120 235 669
1 2 950 669 363
1 2 2120 669 950
1 2 19 1960 1690
1 2 1960 426 2140
1 2 1690 2140 486
1 2 1960 2140 1690
1 2 426 977 979
1 2 977 79 978
1 2 979 978 461
1 2 977 978 979
1 2 486 1716 1709
1 2 1716 461 1717
1 2 1709 1717 150
1 2 1716 1717 1709
1 2 426 979 2140
1 2 979 461 1716
1 2 2140 1716 486
1 2 979 1716 2140
1 2 79 1262 1756
1 2 1262 239 2169
1 2 1756 2169 241
1 2 1262 2169 1756
1 2 239 1782 2063
1 2 1782 36 1723
1 2 2063 1723 240
1 2 1782 1723 2063
1 2 241 2156 684
1 2 2156 240 1765
1 2 684 1765 149
1 2 2156 1765 684
1 2 239 2063 2169
1 2 2063 240 2156
1 2 2169 2156 241
1 2 2063 2156 2169
1 2 150 1695 1234
1 2 1695 304 1696
1 2 1234 1696 306
1 2 1695 1696 1234
1 2 304 685 1553
1 2 685 149 1552
1 2 1553 1552 305
1 2 685 1552 1553
1 2 306 927 929
1 2 927 305 928
1 2 929 928 37
1 2 927 928 929
1 2 304 1553 1696
1 2 1553 305 927
1 2 1696 927 306
1 2 1553 927 1696
1 2 79 1756 978
1 2 1756 241 1048
1 2 978 1048 461
1 2 1756 1048 978
1 2 241 684 686
1 2 684 149 685
1 2 686 685 304
1 2 684 685 686
1 2 461 1047 1717
1 2 1047 304 1695
1 2 1717 1695 150
1 2 1047 1695 1717
1 2 241 686 1048
1 2 686 304 1047
1 2 1048 1047 461
1 2 686 1047 1048
1 2 3 1686 1068
1 2 1686 572 1182
1 2 1068 1182 396
1 2 1686 1182 1068
1 2 572 1083 1180
1 2 1083 77 1730
1 2 1180 1730 314
1 2 1083 1730 1180
1 2 396 1181 1104
1 2 1181 314 1949
1 2 1104 1949 110
1 2 1181 1949 1104
1 2 572 1180 1182
1 2 1180 314 1181
1 2 1182 1181 396
1 2 1180 1181 1182
1 2 77 687 688
1 2 687 224 636
1 2 688 636 226
1 2 687 636 688
1 2 224 1580 634
1 2 1580 19 1581
1 2 634 1581 225
1 2 1580 1581 634
1 2 226 635 717
1 2 635 225 1522
1 2 717 1522 109
1 2 635 1522 717
1 2 224 634 636
1 2 634 225 635
1 2 636 635 226
1 2 634 635 636
1 2 110 1948 1977
1 2 1948 313 1971
1 2 1977 1971 448
1 2 1948 1971 1977
1 2 313 718 1969
1 2 718 109 2022
1 2 1969 2022 491
1 2 718 2022 1969
1 2 448 1970 2166
1 2 1970 491 2165
1 2 2166 2165 21
1 2 1970 2165 2166
1 2 313 1969 1971
1 2 1969 491 1970
1 2 1971 1970 448
1 2 1969 1970 1971
1 2 77 688 1730
1 2 688 226 1729
1 2 1730 1729 314
1 2 688 1729 1730
1 2 226 717 719
1 2 717 109 718
1 2 719 718 313
1 2 717 718 719
1 2 314 1947 1949
1 2 1947 313 1948
1 2 1949 1948 110
1 2 1947 1948 1949
1 2 226 719 1729
1 2 719 313 1947
1 2 1729 1947 314
1 2 719 1947 1729
1 2 19 1689 2044
1 2 1689 533 2083
1 2 2044 2083 535
1 2 1689 2083 2044
1 2 533 1412 1414
1 2 1412 94 1413
1 2 1414 1413 534
1 2 1412 1413 1414
1 2 535 991 993
1 2 991 534 992
1 2 993 992 96
1 2 991 992 993
1 2 533 1414 2083
1 2 1414 534 991
1 2 2083 991 535
1 2 1414 991 2083
1 2 94 1323 1325
1 2 1323 331 1324
1 2 1325 1324 424
1 2 1323 1324 1325
1 2 331 761 763
1 2 761 13 762
1 2 763 762 423
1 2 761 762 763
1 2 424 1132 1134
1 2 1132 423 1133
1 2 1134 1133 95
1 2 1132 1133 1134
1 2 331 763 1324
1 2 763 423 1132
1 2 1324 1132 424
1 2 763 1132 1324
1 2 96 2096 788
1 2 2096 410 954
1 2 788 954 412
1 2 2096 954 788
1 2 410 1895 952
1 2 1895 95 2144
1 2 952 2144 411
1 2 1895 2144 952
1 2 412 953 1368
1 2 953 411 1888
1 2 1368 1888 20
1 2 953 1888 1368
1 2 410 952 954
1 2 952 411 953
1 2 954 953 412
1 2 952 953 954
1 2 94 1325 1413
1 2 1325 424 1606
1 2 1413 1606 534
1 2 1325 1606 1413
1 2 424 1134 1896
1 2 1134 95 1895
1 2 1896 1895 410
1 2 1134 1895 1896
1 2 534 2095 992
1 2 2095 410 2096
1 2 992 2096 96
1 2 2095 2096 992
1 2 424 1896 1606
1 2 1896 410 2095
1 2 1606 2095 534
1 2 1896 2095 1606
1 2 21 1240 1242
1 2 1240 490 1241
1 2 1242 1241 570
1 2 1240 1241 1242
1 2 490 1176 1178
1 2 1176 139 1177
1 2 1178 1177 569
1 2 1176 1177 1178
1 2 570 592 594
1 2 592 569 593
1 2 594 593 132
1 2 592 593 594
1 2 490 1178 1241
1 2 1178 569 592
1 2 1241 592 570
1 2 1178 592 1241
1 2 139 2093 2094
1 2 2093 497 1664
1 2 2094 1664 499
1 2 2093 1664 2094
1 2 497 1369 1663
1 2 1369 20 2138
1 2 1663 2138 498
1 2 1369 2138 1663
1 2 499 1115 1117
1 2 1115 498 1116
1 2 1117 1116 145
1 2 1115 1116 1117
1 2 497 1663 1664
1 2 1663 498 1115
1 2 1664 1115 499
1 2 1663 1115 1664
1 2 132 736 1833
1 2 736 270 2052
1 2 1833 2052 272
1 2 736 2052 1833
1 2 270 1484 2024
1 2 1484 145 2023
1 2 2024 2023 271
1 2 1484 2023 2024
1 2 272 1455 1457
1 2 1455 271 1456
1 2 1457 1456 12
1 2 1455 1456 1457
1 2 270 2024 2052
1 2 2024 271 1455
1 2 2052 1455 272
1 2 2024 1455 2052
1 2 139 2094 1177
1 2 2094 499 2004
1 2 1177 2004 569
1 2 2094 2004 1177
1 2 499 1117 1485
1 2 1117 145 1484
1 2 1485 1484 270
1 2 1117 1484 1485
1 2 569 735 593
1 2 735 270 736
1 2 593 736 132
1 2 735 736 593
1 2 499 1485 2004
1 2 1485 270 735
1 2 2004 735 569
1 2 1485 735 2004
1 2 19 2044 1581
1 2 2044 535 654
1 2 1581 654 225
1 2 2044 654 1581
1 2 535 993 652
1 2 993 96 2135
1 2 652 2135 327
1 2 993 2135 652
1 2 225 653 1522
1 2 653 327 1521
1 2 1522 1521 109
1 2 653 1521 1522
1 2 535 652 654
1 2 652 327 653
1 2 654 653 225
1 2 652 653 654
1 2 96 788 790
1 2 788 412 789
1 2 790 789 325
1 2 788 789 790
1 2 412 1368 1370
1 2 1368 20 1369
1 2 1370 1369 497
1 2 1368 1369 1370
1 2 325 1575 2076
1 2 1575 497 2093
1 2 2076 2093 139
1 2 1575 2093 2076
1 2 412 1370 789
1 2 1370 497 1575
1 2 789 1575 325
1 2 1370 1575 789
1 2 109 2021 2022
1 2 2021 326 1839
1 2 2022 1839 491
1 2 2021 1839 2022
1 2 326 1693 1694
1 2 1693 139 1176
1 2 1694 1176 490
1 2 1693 1176 1694
1 2 491 1838 2165
1 2 1838 490 1240
1 2 2165 1240 21
1 2 1838 1240 2165
1 2 326 1694 1839
1 2 1694 490 1838
1 2 1839 1838 491
1 2 1694 1838 1839
1 2 96 790 2135
1 2 790 325 2130
1 2 2135 2130 327
1 2 790 2130 2135
1 2 325 2076 2077
1 2 2076 139 1693
1 2 2077 1693 326
1 2 2076 1693 2077
1 2 327 2129 1521
1 2 2129 326 2021
1 2 1521 2021 109
1 2 2129 2021 1521
1 2 325 2077 2130
1 2 2077 326 2129
1 2 2130 2129 327
1 2 2077 2129 2130
1 2 14 658 836
1 2 658 181 1884
1 2 836 1884 283
1 2 658 1884 836
1 2 181 1360 1630
1 2 1360 152 1629
1 2 1630 1629 295
1 2 1360 1629 1630
1 2 283 1904 775
1 2 1904 295 2121
1 2 775 2121 158
1 2 1904 2121 775
1 2 181 1630 1884
1 2 1630 295 1904
1 2 1884 1904 283
1 2 1630 1904 1884
1 2 152 1476 1478
1 2 1476 290 1477
1 2 1478 1477 539
1 2 1476 1477 1478
1 2 290 720 1468
1 2 720 33 1467
1 2 1468 1467 246
1 2 720 1467 1468
1 2 539 1676 1678
1 2 1676 246 1677
1 2 1678 1677 113
1 2 1676 1677 1678
1 2 290 1468 1477
1 2 1468 246 1676
1 2 1477 1676 539
1 2 1468 1676 1477
1 2 158 1582 1584
1 2 1582 518 1583
1 2 1584 1583 506
1 2 1582 1583 1584
1 2 518 873 875
1 2 873 113 874
1 2 875 874 415
1 2 873 874 875
1 2 506 2029 1410
1 2 2029 415 969
1 2 1410 969 35
1 2 2029 969 1410
1 2 518 875 1583
1 2 875 415 2029
1 2 1583 2029 506
1 2 875 2029 1583
1 2 152 1478 1629
1 2 1478 539 1559
1 2 1629 1559 295
1 2 1478 1559 1629
1 2 539 1678 1557
1 2 1678 113 873
1 2 1557 873 518
1 2 1678 873 1557
1 2 295 1558 2121
1 2 1558 518 1582
1 2 2121 1582 158
1 2 1558 1582 2121
1 2 539 1557 1559
1 2 1557 518 1558
1 2 1559 1558 295
1 2 1557 1558 1559
1 2 33 1204 1493
1 2 1204 172 1492
1 2 1493 1492 174
1 2 1204 1492 1493
1 2 172 1227 2101
1 2 1227 80 1416
1 2 2101 1416 173
1 2 1227 1416 2101
1 2 174 1464 1466
1 2 1464 173 1465
1 2 1466 1465 111
1 2 1464 1465 1466
1 2 172 2101 1492
1 2 2101 173 1464
1 2 1492 1464 174
1 2 2101 1464 1492
1 2 80 1381 1383
1 2 1381 178 1382
1 2 1383 1382 367
1 2 1381 1382 1383
1 2 178 2009 2011
1 2 2009 4 2010
1 2 2011 2010 366
1 2 2009 2010 2011
1 2 367 1824 1752
1 2 1824 366 1825
1 2 1752 1825 159
1 2 1824 1825 1752
1 2 178 2011 1382
1 2 2011 366 1824
1 2 1382 1824 367
1 2 2011 1824 1382
1 2 111 2102 2039
1 2 2102 296 995
1 2 2039 995 298
1 2 2102 995 2039
1 2 296 846 848
1 2 846 159 847
1 2 848 847 297
1 2 846 847 848
1 2 298 994 1127
1 2 994 297 1126
1 2 1127 1126 34
1 2 994 1126 1127
1 2 296 848 995
1 2 848 297 994
1 2 995 994 298
1 2 848 994 995
1 2 80 1383 1416
1 2 1383 367 1415
1 2 1416 1415 173
1 2 1383 1415 1416
1 2 367 1752 1753
1 2 1752 159 846
1 2 1753 846 296
1 2 1752 846 1753
1 2 173 2175 1465
1 2 2175 296 2102
1 2 1465 2102 111
1 2 2175 2102 1465
1 2 367 1753 1415
1 2 1753 296 2175
1 2 1415 2175 173
1 2 1753 2175 1415
1 2 35 968 1876
1 2 968 414 1516
1 2 1876 1516 189
1 2 968 1516 1876
1 2 414 865 1002
1 2 865 112 1001
1 2 1002 1001 324
1 2 865 1001 1002
1 2 189 1515 1533
1 2 1515 324 1131
1 2 1533 1131 116
1 2 1515 1131 1533
1 2 414 1002 1516
1 2 1002 324 1515
1 2 1516 1515 189
1 2 1002 1515 1516
1 2 112 1252 1254
1 2 1252 579 1253
1 2 1254 1253 322
1 2 1252 1253 1254
1 2 579 1311 1313
1 2 1311 34 1312
1 2 1313 1312 580
1 2 1311 1312 1313
1 2 322 989 655
1 2 989 580 990
1 2 655 990 136
1 2 989 990 655
1 2 579 1313 1253
1 2 1313 580 989
1 2 1253 989 322
1 2 1313 989 1253
1 2 116 1130 959
1 2 1130 323 1367
1 2 959 1367 549
1 2 1130 1367 959
1 2 323 656 1365
1 2 656 136 2185
1 2 1365 2185 548
1 2 656 2185 1365
1 2 549 1366 1640
1 2 1366 548 1639
1 2 1640 1639 5
1 2 1366 1639 1640
1 2 323 1365 1367
1 2 1365 548 1366
1 2 1367 1366 549
1 2 1365 1366 1367
1 2 112 1254 1001
1 2 1254 322 1998
1 2 1001 1998 324
1 2 1254 1998 1001
1 2 322 655 657
1 2 655 136 656
1 2 657 656 323
1 2 655 656 657
1 2 324 1129 1131
1 2 1129 323 1130
1 2 1131 1130 116
1 2 1129 1130 1131
1 2 322 657 1998
1 2 657 323 1129
1 2 1998 1129 324
1 2 657 1129 1998
1 2 33 1493 1467
1 2 1493 174 1545
1 2 1467 1545 246
1 2 1493 1545 1467
1 2 174 1466 1543
1 2 1466 111 1164
1 2 1543 1164 245
1 2 1466 1164 1543
1 2 246 1544 1677
1 2 1544 245 804
1 2 1677 804 113
1 2 1544 804 1677
1 2 174 1543 1545
1 2 1543 245 1544
1 2 1545 1544 246
1 2 1543 1544 1545
1 2 111 2039 1162
1 2 2039 298 2040
1 2 1162 2040 578
1 2 2039 2040 1162
1 2 298 1127 2047
1 2 1127 34 1311
1 2 2047 1311 579
1 2 1127 1311 2047
1 2 578 2048 1826
1 2 2048 579 1252
1 2 1826 1252 112
1 2 2048 1252 1826
1 2 298 2047 2040
1 2 2047 579 2048
1 2 2040 2048 578
1 2 2047 2048 2040
1 2 113 803 874
1 2 803 413 1574
1 2 874 1574 415
1 2 803 1574 874
1 2 413 864 866
1 2 864 112 865
1 2 866 865 414
1 2 864 865 866
1 2 415 967 969
1 2 967 414 968
1 2 969 968 35
1 2 967 968 969
1 2 413 866 1574
1 2 866 414 967
1 2 1574 967 415
1 2 866 967 1574
1 2 111 1162 1164
1 2 1162 578 1163
1 2 1164 1163 245
1 2 1162 1163 1164
1 2 578 1826 1827
1 2 1826 112 864
1 2 1827 864 413
1 2 1826 864 1827
1 2 245 802 804
1 2 802 413 803
1 2 804 803 113
1 2 802 803 804
1 2 578 1827 1163
1 2 1827 413 802
1 2 1163 802 245
1 2 1827 802 1163
1 2 4 2009 1658
1 2 2009 178 1454
1 2 1658 1454 180
1 2 2009 1454 1658
1 2 178 1381 1452
1 2 1381 80 1790
1 2 1452 1790 179
1 2 1381 1790 1452
1 2 180 1453 1114
1 2 1453 179 1975
1 2 1114 1975 82
1 2 1453 1975 1114
1 2 178 1452 1454
1 2 1452 179 1453
1 2 1454 1453 180
1 2 1452 1453 1454
1 2 80 1227 1229
1 2 1227 172 1228
1 2 1229 1228 214
1 2 1227 1228 1229
1 2 172 1204 1206
1 2 1204 33 1205
1 2 1206 1205 277
1 2 1204 1205 1206
1 2 214 1546 1637
1 2 1546 277 648
1 2 1637 648 81
1 2 1546 648 1637
1 2 172 1206 1228
1 2 1206 277 1546
1 2 1228 1546 214
1 2 1206 1546 1228
1 2 82 1351 1352
1 2 1351 196 816
1 2 1352 816 198
1 2 1351 816 1352
1 2 196 1210 814
1 2 1210 81 1211
1 2 814 1211 197
1 2 1210 1211 814
1 2 198 815 1020
1 2 815 197 1019
1 2 1020 1019 37
1 2 815 1019 1020
1 2 196 814 816
1 2 814 197 815
1 2 816 815 198
1 2 814 815 816
1 2 80 1229 1790
1 2 1229 214 2092
1 2 1790 2092 179
1 2 1229 2092 1790
1 2 214 1637 1638
1 2 1637 81 1210
1 2 1638 1210 196
1 2 1637 1210 1638
1 2 179 2091 1975
1 2 2091 196 1351
1 2 1975 1351 82
1 2 2091 1351 1975
1 2 214 1638 2092
1 2 1638 196 2091
1 2 2092 2091 179
1 2 1638 2091 2092
1 2 33 720 722
1 2 720 290 721
1 2 722 721 275
1 2 720 721 722
1 2 290 1476 1564
1 2 1476 152 1563
1 2 1564 1563 291
1 2 1476 1563 1564
1 2 275 1700 1215
1 2 1700 291 1110
1 2 1215 1110 125
1 2 1700 1110 1215
1 2 290 1564 721
1 2 1564 291 1700
1 2 721 1700 275
1 2 1564 1700 721
1 2 152 1360 1362
1 2 1360 181 1361
1 2 1362 1361 183
1 2 1360 1361 1362
1 2 181 658 660
1 2 658 14 659
1 2 660 659 182
1 2 658 659 660
1 2 183 1851 1681
1 2 1851 182 1894
1 2 1681 1894 153
1 2 1851 1894 1681
1 2 181 660 1361
1 2 660 182 1851
1 2 1361 1851 183
1 2 660 1851 1361
1 2 125 1109 1479
1 2 1109 564 1306
1 2 1479 1306 473
1 2 1109 1306 1479
1 2 564 1682 1304
1 2 1682 153 2030
1 2 1304 2030 573
1 2 1682 2030 1304
1 2 473 1305 1327
1 2 1305 573 1326
1 2 1327 1326 38
1 2 1305 1326 1327
1 2 564 1304 1306
1 2 1304 573 1305
1 2 1306 1305 473
1 2 1304 1305 1306
1 2 152 1362 1563
1 2 1362 183 1604
1 2 1563 1604 291
1 2 1362 1604 1563
1 2 183 1681 1603
1 2 1681 153 1682
1 2 1603 1682 564
1 2 1681 1682 1603
1 2 291 1108 1110
1 2 1108 564 1109
1 2 1110 1109 125
1 2 1108 1109 1110
1 2 183 1603 1604
1 2 1603 564 1108
1 2 1604 1108 291
1 2 1603 1108 1604
1 2 37 1315 1434
1 2 1315 427 1285
1 2 1434 1285 318
1 2 1315 1285 1434
1 2 427 1247 1283
1 2 1247 100 2172
1 2 1283 2172 428
1 2 1247 2172 1283
1 2 318 1284 926
1 2 1284 428 1419
1 2 926 1419 102
1 2 1284 1419 926
1 2 427 1283 1285
1 2 1283 428 1284
1 2 1285 1284 318
1 2 1283 1284 1285
1 2 100 1396 1398
1 2 1396 474 1397
1 2 1398 1397 555
1 2 1396 1397 1398
1 2 474 1376 1378
1 2 1376 38 1377
1 2 1378 1377 581
1 2 1376 1377 1378
1 2 555 1967 904
1 2 1967 581 1968
1 2 904 1968 101
1 2 1967 1968 904
1 2 474 1378 1397
1 2 1378 581 1967
1 2 1397 1967 555
1 2 1378 1967 1397
1 2 102 1418 1837
1 2 1418 459 2007
1 2 1837 2007 333
1 2 1418 2007 1837
1 2 459 905 1188
1 2 905 101 1187
1 2 1188 1187 460
1 2 905 1187 1188
1 2 333 1024 1026
1 2 1024 460 1025
1 2 1026 1025 13
1 2 1024 1025 1026
1 2 459 1188 2007
1 2 1188 460 1024
1 2 2007 1024 333
1 2 1188 1024 2007
1 2 100 1398 2172
1 2 1398 555 2057
1 2 2172 2057 428
1 2 1398 2057 2172
1 2 555 904 906
1 2 904 101 905
1 2 906 905 459
1 2 904 905 906
1 2 428 1417 1419
1 2 1417 459 1418
1 2 1419 1418 102
1 2 1417 1418 1419
1 2 555 906 2057
1 2 906 459 1417
1 2 2057 1417 428
1 2 906 1417 2057
1 2 33 722 1205
1 2 722 275 713
1 2 1205 713 277
1 2 722 713 1205
1 2 275 1215 712
1 2 1215 125 1216
1 2 712 1216 276
1 2 1215 1216 712
1 2 277 646 648
1 2 646 276 647
1 2 648 647 81
1 2 646 647 648
1 2 275 712 713
1 2 712 276 646
1 2 713 646 277
1 2 712 646 713
1 2 125 1479 1481
1 2 1479 473 1480
1 2 1481 1480 315
1 2 1479 1480 1481
1 2 473 1327 2053
1 2 1327 38 1376
1 2 2053 1376 474
1 2 1327 1376 2053
1 2 315 1941 1513
1 2 1941 474 1396
1 2 1513 1396 100
1 2 1941 1396 1513
1 2 473 2053 1480
1 2 2053 474 1941
1 2 1480 1941 315
1 2 2053 1941 1480
1 2 81 1810 1211
1 2 1810 316 1930
1 2 1211 1930 197
1 2 1810 1930 1211
1 2 316 1246 1248
1 2 1246 100 1247
1 2 1248 1247 427
1 2 1246 1247 1248
1 2 197 1314 1019
1 2 1314 427 1315
1 2 1019 1315 37
1 2 1314 1315 1019
1 2 316 1248 1930
1 2 1248 427 1314
1 2 1930 1314 197
1 2 1248 1314 1930
1 2 125 1481 1216
1 2 1481 315 1995
1 2 1216 1995 276
1 2 1481 1995 1216
1 2 315 1513 1514
1 2 1513 100 1246
1 2 1514 1246 316
1 2 1513 1246 1514
1 2 276 1809 647
1 2 1809 316 1810
1 2 647 1810 81
1 2 1809 1810 647
1 2 315 1514 1995
1 2 1514 316 1809
1 2 1995 1809 276
1 2 1514 1809 1995
2 2 15 1222 1259
2 2 1222 480 2157
2 2 1259 2157 482
2 2 1222 2157 1259
2 2 480 876 878
2 2 876 74 877
2 2 878 877 481
2 2 876 877 878
2 2 482 1550 1551
2 2 1550 481 1308
2 2 1551 1308 76
2 2 1550 1308 1551
2 2 480 878 2157
2 2 878 481 1550
2 2 2157 1550 482
2 2 878 1550 2157
2 2 74 1718 2005
2 2 1718 456 2106
2 2 2005 2106 568
2 2 1718 2106 2005
2 2 456 2117 2126
2 2 2117 25 787
2 2 2126 787 309
2 2 2117 787 2126
2 2 568 1750 1338
2 2 1750 309 1245
2 2 1338 1245 75
2 2 1750 1245 1338
2 2 456 2126 2106
2 2 2126 309 1750
2 2 2106 1750 568
2 2 2126 1750 2106
2 2 76 910 912
2 2 910 574 911
2 2 912 911 195
2 2 910 911 912
2 2 574 1339 1769
2 2 1339 75 1768
2 2 1769 1768 466
2 2 1339 1768 1769
2 2 195 1027 1028
2 2 1027 466 909
2 2 1028 909 27
2 2 1027 909 1028
2 2 574 1769 911
2 2 1769 466 1027
2 2 911 1027 195
2 2 1769 1027 911
2 2 74 2005 877
2 2 2005 568 2006
2 2 877 2006 481
2 2 2005 2006 877
2 2 568 1338 1340
2 2 1338 75 1339
2 2 1340 1339 574
2 2 1338 1339 1340
2 2 481 1307 1308
2 2 1307 574 910
2 2 1308 910 76
2 2 1307 910 1308
2 2 568 1340 2006
2 2 1340 574 1307
2 2 2006 1307 481
2 2 1340 1307 2006
2 2 25 689 785
2 2 689 500 1190
2 2 785 1190 307
2 2 689 1190 785
2 2 500 2008 1189
2 2 2008 106 1875
2 2 1189 1875 358
2 2 2008 1875 1189
2 2 307 935 937
2 2 935 358 936
2 2 937 936 108
2 2 935 936 937
2 2 500 1189 1190
2 2 1189 358 935
2 2 1190 935 307
2 2 1189 935 1190
2 2 106 1003 1873
2 2 1003 565 2099
2 2 1873 2099 356
2 2 1003 2099 1873
2 2 565 1504 1506
2 2 1504 5 1505
2 2 1506 1505 566
2 2 1504 1505 1506
2 2 356 2098 1624
2 2 2098 566 2190
2 2 1624 2190 107
2 2 2098 2190 1624
2 2 565 1506 2099
2 2 1506 566 2098
2 2 2099 2098 356
2 2 1506 2098 2099
2 2 108 1560 1561
2 2 1560 357 642
2 2 1561 642 422
2 2 1560 642 1561
2 2 357 1625 640
2 2 1625 107 2110
2 2 640 2110 421
2 2 1625 2110 640
2 2 422 641 1507
2 2 641 421 1783
2 2 1507 1783 26
2 2 641 1783 1507
2 2 357 640 642
2 2 640 421 641
2 2 642 641 422
2 2 640 641 642
2 2 106 1873 1875
2 2 1873 356 1874
2 2 1875 1874 358
2 2 1873 1874 1875
2 2 356 1624 1626
2 2 1624 107 1625
2 2 1626 1625 357
2 2 1624 1625 1626
2 2 358 1932 936
2 2 1932 357 1560
2 2 936 1560 108
2 2 1932 1560 936
2 2 356 1626 1874
2 2 1626 357 1932
2 2 1874 1932 358
2 2 1626 1932 1874
2 2 27 908 1287
2 2 908 465 1380
2 2 1287 1380 260
2 2 908 1380 1287
2 2 465 1328 1330
2 2 1328 114 1329
2 2 1330 1329 453
2 2 1328 1329 1330
2 2 260 1379 1777
2 2 1379 453 2164
2 2 1777 2164 133
2 2 1379 2164 1777
2 2 465 1330 1380
2 2 1330 453 1379
2 2 1380 1379 260
2 2 1330 1379 1380
2 2 114 709 711
2 2 709 542 710
2 2 711 710 451
2 2 709 710 711
2 2 542 1508 1617
2 2 1508 26 1704
2 2 1617 1704 543
2 2 1508 1704 1617
2 2 451 1618 1331
2 2 1618 543 2041
2 2 1331 2041 163
2 2 1618 2041 1331
2 2 542 1617 710
2 2 1617 543 1618
2 2 710 1618 451
2 2 1617 1618 710
2 2 133 1046 860
2 2 1046 452 612
2 2 860 612 254
2 2 1046 612 860
2 2 452 661 610
2 2 661 163 662
2 2 610 662 553
2 2 661 662 610
2 2 254 611 1675
2 2 611 553 1674
2 2 1675 1674 6
2 2 611 1674 1675
2 2 452 610 612
2 2 610 553 611
2 2 612 611 254
2 2 610 611 612
2 2 114 711 1329
2 2 711 451 1883
2 2 1329 1883 453
2 2 711 1883 1329
2 2 451 1331 1332
2 2 1331 163 661
2 2 1332 661 452
2 2 1331 661 1332
2 2 453 1882 2164
2 2 1882 452 1046
2 2 2164 1046 133
2 2 1882 1046 2164
2 2 451 1332 1883
2 2 1332 452 1882
2 2 1883 1882 453
2 2 1332 1882 1883
2 2 25 785 787
2 2 785 307 786
2 2 787 786 309
2 2 785 786 787
2 2 307 937 1856
2 2 937 108 627
2 2 1856 627 308
2 2 937 627 1856
2 2 309 1243 1245
2 2 1243 308 1244
2 2 1245 1244 75
2 2 1243 1244 1245
2 2 307 1856 786
2 2 1856 308 1243
2 2 786 1243 309
2 2 1856 1243 786
2 2 108 1561 625
2 2 1561 422 1659
2 2 625 1659 402
2 2 1561 1659 625
2 2 422 1507 1509
2 2 1507 26 1508
2 2 1509 1508 542
2 2 1507 1508 1509
2 2 402 1926 1927
2 2 1926 542 709
2 2 1927 709 114
2 2 1926 709 1927
2 2 422 1509 1659
2 2 1509 542 1926
2 2 1659 1926 402
2 2 1509 1926 1659
2 2 75 1620 1768
2 2 1620 403 1011
2 2 1768 1011 466
2 2 1620 1011 1768
2 2 403 1962 1010
2 2 1962 114 1328
2 2 1010 1328 465
2 2 1962 1328 1010
2 2 466 907 909
2 2 907 465 908
2 2 909 908 27
2 2 907 908 909
2 2 403 1010 1011
2 2 1010 465 907
2 2 1011 907 466
2 2 1010 907 1011
2 2 108 625 627
2 2 625 402 626
2 2 627 626 308
2 2 625 626 627
2 2 402 1927 1300
2 2 1927 114 1962
2 2 1300 1962 403
2 2 1927 1962 1300
2 2 308 1301 1244
2 2 1301 403 1620
2 2 1244 1620 75
2 2 1301 1620 1244
2 2 402 1300 626
2 2 1300 403 1301
2 2 626 1301 308
2 2 1300 1301 626
2 2 5 1504 1640
2 2 1504 565 757
2 2 1640 757 549
2 2 1504 757 1640
2 2 565 1003 755
2 2 1003 106 1004
2 2 755 1004 300
2 2 1003 1004 755
2 2 549 756 959
2 2 756 300 958
2 2 959 958 116
2 2 756 958 959
2 2 565 755 757
2 2 755 300 756
2 2 757 756 549
2 2 755 756 757
2 2 106 2008 1679
2 2 2008 500 1487
2 2 1679 1487 299
2 2 2008 1487 1679
2 2 500 689 691
2 2 689 25 690
2 2 691 690 445
2 2 689 690 691
2 2 299 1486 1579
2 2 1486 445 1578
2 2 1579 1578 115
2 2 1486 1578 1579
2 2 500 691 1487
2 2 691 445 1486
2 2 1487 1486 299
2 2 691 1486 1487
2 2 116 1042 1533
2 2 1042 187 1532
2 2 1533 1532 189
2 2 1042 1532 1533
2 2 187 1957 1645
2 2 1957 115 1799
2 2 1645 1799 188
2 2 1957 1799 1645
2 2 189 1646 1876
2 2 1646 188 1547
2 2 1876 1547 35
2 2 1646 1547 1876
2 2 187 1645 1532
2 2 1645 188 1646
2 2 1532 1646 189
2 2 1645 1646 1532
2 2 106 1679 1004
2 2 1679 299 1680
2 2 1004 1680 300
2 2 1679 1680 1004
2 2 299 1579 2025
2 2 1579 115 1957
2 2 2025 1957 187
2 2 1579 1957 2025
2 2 300 1041 958
2 2 1041 187 1042
2 2 958 1042 116
2 2 1041 1042 958
2 2 299 2025 1680
2 2 2025 187 1041
2 2 1680 1041 300
2 2 2025 1041 1680
2 2 25 2117 1966
2 2 2117 456 1195
2 2 1966 1195 444
2 2 2117 1195 1966
2 2 456 1718 1194
2 2 1718 74 1278
2 2 1194 1278 338
2 2 1718 1278 1194
2 2 444 1135 1137
2 2 1135 338 1136
2 2 1137 1136 146
2 2 1135 1136 1137
2 2 456 1194 1195
2 2 1194 338 1135
2 2 1195 1135 444
2 2 1194 1135 1195
2 2 74 876 1276
2 2 876 480 1740
2 2 1276 1740 337
2 2 876 1740 1276
2 2 480 1222 1224
2 2 1222 15 1223
2 2 1224 1223 524
2 2 1222 1223 1224
2 2 337 1739 1727
2 2 1739 524 2173
2 2 1727 2173 165
2 2 1739 2173 1727
2 2 480 1224 1740
2 2 1224 524 1739
2 2 1740 1739 337
2 2 1224 1739 1740
2 2 146 1427 1428
2 2 1427 292 897
2 2 1428 897 294
2 2 1427 897 1428
2 2 292 628 630
2 2 628 165 629
2 2 630 629 293
2 2 628 629 630
2 2 294 896 2078
2 2 896 293 2107
2 2 2078 2107 50
2 2 896 2107 2078
2 2 292 630 897
2 2 630 293 896
2 2 897 896 294
2 2 630 896 897
2 2 74 1276 1278
2 2 1276 337 1277
2 2 1278 1277 338
2 2 1276 1277 1278
2 2 337 1727 1728
2 2 1727 165 628
2 2 1728 628 292
2 2 1727 628 1728
2 2 338 2132 1136
2 2 2132 292 1427
2 2 1136 1427 146
2 2 2132 1427 1136
2 2 337 1728 1277
2 2 1728 292 2132
2 2 1277 2132 338
2 2 1728 2132 1277
2 2 35 1409 1410
2 2 1409 505 1088
2 2 1410 1088 506
2 2 1409 1088 1410
2 2 505 868 1086
2 2 868 147 2170
2 2 1086 2170 344
2 2 868 2170 1086
2 2 506 1087 1584
2 2 1087 344 1069
2 2 1584 1069 158
2 2 1087 1069 1584
2 2 505 1086 1088
2 2 1086 344 1087
2 2 1088 1087 506
2 2 1086 1087 1088
2 2 147 1200 2015
2 2 1200 328 1854
2 2 2015 1854 330
2 2 1200 1854 2015
2 2 328 2079 1852
2 2 2079 50 2141
2 2 1852 2141 329
2 2 2079 2141 1852
2 2 330 1853 1808
2 2 1853 329 2000
2 2 1808 2000 157
2 2 1853 2000 1808
2 2 328 1852 1854
2 2 1852 329 1853
2 2 1854 1853 330
2 2 1852 1853 1854
2 2 158 773 775
2 2 773 281 774
2 2 775 774 283
2 2 773 774 775
2 2 281 840 842
2 2 840 157 841
2 2 842 841 282
2 2 840 841 842
2 2 283 834 836
2 2 834 282 835
2 2 836 835 14
2 2 834 835 836
2 2 281 842 774
2 2 842 282 834
2 2 774 834 283
2 2 842 834 774
2 2 147 2015 2170
2 2 2015 330 982
2 2 2170 982 344
2 2 2015 982 2170
2 2 330 1808 980
2 2 1808 157 840
2 2 980 840 281
2 2 1808 840 980
2 2 344 981 1069
2 2 981 281 773
2 2 1069 773 158
2 2 981 773 1069
2 2 330 980 982
2 2 980 281 981
2 2 982 981 344
2 2 980 981 982
2 2 25 1966 690
2 2 1966 444 1251
2 2 690 1251 445
2 2 1966 1251 690
2 2 444 1137 1249
2 2 1137 146 1699
2 2 1249 1699 378
2 2 1137 1699 1249
2 2 445 1250 1578
2 2 1250 378 1040
2 2 1578 1040 115
2 2 1250 1040 1578
2 2 444 1249 1251
2 2 1249 378 1250
2 2 1251 1250 445
2 2 1249 1250 1251
2 2 146 1428 1697
2 2 1428 294 1997
2 2 1697 1997 376
2 2 1428 1997 1697
2 2 294 2078 1996
2 2 2078 50 2079
2 2 1996 2079 328
2 2 2078 2079 1996
2 2 376 1199 1201
2 2 1199 328 1200
2 2 1201 1200 147
2 2 1199 1200 1201
2 2 294 1996 1997
2 2 1996 328 1199
2 2 1997 1199 376
2 2 1996 1199 1997
2 2 115 1039 1799
2 2 1039 377 1524
2 2 1799 1524 188
2 2 1039 1524 1799
2 2 377 867 869
2 2 867 147 868
2 2 869 868 505
2 2 867 868 869
2 2 188 1523 1547
2 2 1523 505 1409
2 2 1547 1409 35
2 2 1523 1409 1547
2 2 377 869 1524
2 2 869 505 1523
2 2 1524 1523 188
2 2 869 1523 1524
2 2 146 1697 1699
2 2 1697 376 1698
2 2 1699 1698 378
2 2 1697 1698 1699
2 2 376 1201 1891
2 2 1201 147 867
2 2 1891 867 377
2 2 1201 867 1891
2 2 378 1038 1040
2 2 1038 377 1039
2 2 1040 1039 115
2 2 1038 1039 1040
2 2 376 1891 1698
2 2 1891 377 1038
2 2 1698 1038 378
2 2 1891 1038 1698
2 2 16 2054 2073
2 2 2054 190 1257
2 2 2073 1257 192
2 2 2054 1257 2073
2 2 190 1683 1255
2 2 1683 83 1172
2 2 1255 1172 191
2 2 1683 1172 1255
2 2 192 1256 734
2 2 1256 191 1832
2 2 734 1832 85
2 2 1256 1832 734
2 2 190 1255 1257
2 2 1255 191 1256
2 2 1257 1256 192
2 2 1255 1256 1257
2 2 83 2045 1170
2 2 2045 273 2058
2 2 1170 2058 274
2 2 2045 2058 1170
2 2 273 1154 1156
2 2 1154 28 1155
2 2 1156 1155 231
2 2 1154 1155 1156
2 2 274 1036 1037
2 2 1036 231 1015
2 2 1037 1015 84
2 2 1036 1015 1037
2 2 273 1156 2058
2 2 1156 231 1036
2 2 2058 1036 274
2 2 1156 1036 2058
2 2 85 1958 1744
2 2 1958 540 2059
2 2 1744 2059 303
2 2 1958 2059 1744
2 2 540 1297 1298
2 2 1297 84 1031
2 2 1298 1031 507
2 2 1297 1031 1298
2 2 303 1955 1881
2 2 1955 507 1956
2 2 1881 1956 40
2 2 1955 1956 1881
2 2 540 1298 2059
2 2 1298 507 1955
2 2 2059 1955 303
2 2 1298 1955 2059
2 2 83 1170 1172
2 2 1170 274 1171
2 2 1172 1171 191
2 2 1170 1171 1172
2 2 274 1037 1220
2 2 1037 84 1297
2 2 1220 1297 540
2 2 1037 1297 1220
2 2 191 1221 1832
2 2 1221 540 1958
2 2 1832 1958 85
2 2 1221 1958 1832
2 2 274 1220 1171
2 2 1220 540 1221
2 2 1171 1221 191
2 2 1220 1221 1171
2 2 28 1828 1830
2 2 1828 175 1829
2 2 1830 1829 177
2 2 1828 1829 1830
2 2 175 1770 1771
2 2 1770 117 1737
2 2 1771 1737 176
2 2 1770 1737 1771
2 2 177 643 645
2 2 643 176 644
2 2 645 644 119
2 2 643 644 645
2 2 175 1771 1829
2 2 1771 176 643
2 2 1829 643 177
2 2 1771 643 1829
2 2 117 672 674
2 2 672 252 673
2 2 674 673 284
2 2 672 673 674
2 2 252 1944 1990
2 2 1944 6 2181
2 2 1990 2181 434
2 2 1944 2181 1990
2 2 284 1991 2061
2 2 1991 434 2180
2 2 2061 2180 118
2 2 1991 2180 2061
2 2 252 1990 673
2 2 1990 434 1991
2 2 673 1991 284
2 2 1990 1991 673
2 2 119 692 694
2 2 692 285 693
2 2 694 693 559
2 2 692 693 694
2 2 285 1517 1519
2 2 1517 118 1518
2 2 1519 1518 567
2 2 1517 1518 1519
2 2 559 1981 1870
2 2 1981 567 1982
2 2 1870 1982 39
2 2 1981 1982 1870
2 2 285 1519 693
2 2 1519 567 1981
2 2 693 1981 559
2 2 1519 1981 693
2 2 117 674 1737
2 2 674 284 1334
2 2 1737 1334 176
2 2 674 1334 1737
2 2 284 2061 1333
2 2 2061 118 1517
2 2 1333 1517 285
2 2 2061 1517 1333
2 2 176 849 644
2 2 849 285 692
2 2 644 692 119
2 2 849 692 644
2 2 284 1333 1334
2 2 1333 285 849
2 2 1334 849 176
2 2 1333 849 1334
2 2 40 1212 1214
2 2 1212 339 1213
2 2 1214 1213 340
2 2 1212 1213 1214
2 2 339 679 1738
2 2 679 58 1933
2 2 1738 1933 201
2 2 679 1933 1738
2 2 340 1597 1237
2 2 1597 201 852
2 2 1237 852 60
2 2 1597 852 1237
2 2 339 1738 1213
2 2 1738 201 1597
2 2 1213 1597 340
2 2 1738 1597 1213
2 2 58 1647 1648
2 2 1647 345 819
2 2 1648 819 199
2 2 1647 819 1648
2 2 345 1731 817
2 2 1731 39 1732
2 2 817 1732 346
2 2 1731 1732 817
2 2 199 818 887
2 2 818 346 1384
2 2 887 1384 59
2 2 818 1384 887
2 2 345 817 819
2 2 817 346 818
2 2 819 818 199
2 2 817 818 819
2 2 60 851 1520
2 2 851 200 1586
2 2 1520 1586 484
2 2 851 1586 1520
2 2 200 888 1585
2 2 888 59 1951
2 2 1585 1951 483
2 2 888 1951 1585
2 2 484 1386 1065
2 2 1386 483 1387
2 2 1065 1387 7
2 2 1386 1387 1065
2 2 200 1585 1586
2 2 1585 483 1386
2 2 1586 1386 484
2 2 1585 1386 1586
2 2 58 1648 1933
2 2 1648 199 1846
2 2 1933 1846 201
2 2 1648 1846 1933
2 2 199 887 889
2 2 887 59 888
2 2 889 888 200
2 2 887 888 889
2 2 201 850 852
2 2 850 200 851
2 2 852 851 60
2 2 850 851 852
2 2 199 889 1846
2 2 889 200 850
2 2 1846 850 201
2 2 889 850 1846
2 2 28 1830 1155
2 2 1830 177 1000
2 2 1155 1000 231
2 2 1830 1000 1155
2 2 177 645 998
2 2 645 119 1462
2 2 998 1462 230
2 2 645 1462 998
2 2 231 999 1015
2 2 999 230 1014
2 2 1015 1014 84
2 2 999 1014 1015
2 2 177 998 1000
2 2 998 230 999
2 2 1000 999 231
2 2 998 999 1000
2 2 119 694 1460
2 2 694 559 1268
2 2 1460 1268 468
2 2 694 1268 1460
2 2 559 1870 1266
2 2 1870 39 1731
2 2 1266 1731 345
2 2 1870 1731 1266
2 2 468 1267 1720
2 2 1267 345 1647
2 2 1720 1647 58
2 2 1267 1647 1720
2 2 559 1266 1268
2 2 1266 345 1267
2 2 1268 1267 468
2 2 1266 1267 1268
2 2 84 1029 1031
2 2 1029 469 1030
2 2 1031 1030 507
2 2 1029 1030 1031
2 2 469 678 680
2 2 678 58 679
2 2 680 679 339
2 2 678 679 680
2 2 507 1401 1956
2 2 1401 339 1212
2 2 1956 1212 40
2 2 1401 1212 1956
2 2 469 680 1030
2 2 680 339 1401
2 2 1030 1401 507
2 2 680 1401 1030
2 2 119 1460 1462
2 2 1460 468 1461
2 2 1462 1461 230
2 2 1460 1461 1462
2 2 468 1720 1721
2 2 1720 58 678
2 2 1721 678 469
2 2 1720 678 1721
2 2 230 1446 1014
2 2 1446 469 1029
2 2 1014 1029 84
2 2 1446 1029 1014
2 2 468 1721 1461
2 2 1721 469 1446
2 2 1461 1446 230
2 2 1721 1446 1461
2 2 6 1944 1675
2 2 1944 252 1430
2 2 1675 1430 254
2 2 1944 1430 1675
2 2 252 672 1429
2 2 672 117 760
2 2 1429 760 253
2 2 672 760 1429
2 2 254 859 860
2 2 859 253 793
2 2 860 793 133
2 2 859 793 860
2 2 252 1429 1430
2 2 1429 253 859
2 2 1430 859 254
2 2 1429 859 1430
2 2 117 1770 758
2 2 1770 175 2148
2 2 758 2148 538
2 2 1770 2148 758
2 2 175 1828 2177
2 2 1828 28 1979
2 2 2177 1979 537
2 2 1828 1979 2177
2 2 538 1661 1662
2 2 1661 537 1392
2 2 1662 1392 54
2 2 1661 1392 1662
2 2 175 2177 2148
2 2 2177 537 1661
2 2 2148 1661 538
2 2 2177 1661 2148
2 2 133 792 1777
2 2 792 258 1776
2 2 1777 1776 260
2 2 792 1776 1777
2 2 258 1816 1818
2 2 1816 54 1817
2 2 1818 1817 259
2 2 1816 1817 1818
2 2 260 1286 1287
2 2 1286 259 1232
2 2 1287 1232 27
2 2 1286 1232 1287
2 2 258 1818 1776
2 2 1818 259 1286
2 2 1776 1286 260
2 2 1818 1286 1776
2 2 117 758 760
2 2 758 538 759
2 2 760 759 253
2 2 758 759 760
2 2 538 1662 2182
2 2 1662 54 1816
2 2 2182 1816 258
2 2 1662 1816 2182
2 2 253 791 793
2 2 791 258 792
2 2 793 792 133
2 2 791 792 793
2 2 538 2182 759
2 2 2182 258 791
2 2 759 791 253
2 2 2182 791 759
2 2 28 1154 1475
2 2 1154 273 1474
2 2 1475 1474 462
2 2 1154 1474 1475
2 2 273 2045 2046
2 2 2045 83 2038
2 2 2046 2038 441
2 2 2045 2038 2046
2 2 462 1784 1786
2 2 1784 441 1785
2 2 1786 1785 52
2 2 1784 1785 1786
2 2 273 2046 1474
2 2 2046 441 1784
2 2 1474 1784 462
2 2 2046 1784 1474
2 2 83 1683 2036
2 2 1683 190 2159
2 2 2036 2159 440
2 2 1683 2159 2036
2 2 190 2054 2056
2 2 2054 16 2055
2 2 2056 2055 571
2 2 2054 2055 2056
2 2 440 2122 1070
2 2 2122 571 2123
2 2 1070 2123 148
2 2 2122 2123 1070
2 2 190 2056 2159
2 2 2056 571 2122
2 2 2159 2122 440
2 2 2056 2122 2159
2 2 52 1672 1043
2 2 1672 232 1673
2 2 1043 1673 234
2 2 1672 1673 1043
2 2 232 1071 1953
2 2 1071 148 1952
2 2 1953 1952 233
2 2 1071 1952 1953
2 2 234 1976 1399
2 2 1976 233 2134
2 2 1399 2134 29
2 2 1976 2134 1399
2 2 232 1953 1673
2 2 1953 233 1976
2 2 1673 1976 234
2 2 1953 1976 1673
2 2 83 2036 2038
2 2 2036 440 2037
2 2 2038 2037 441
2 2 2036 2037 2038
2 2 440 1070 1072
2 2 1070 148 1071
2 2 1072 1071 232
2 2 1070 1071 1072
2 2 441 2033 1785
2 2 2033 232 1672
2 2 1785 1672 52
2 2 2033 1672 1785
2 2 440 1072 2037
2 2 1072 232 2033
2 2 2037 2033 441
2 2 1072 2033 2037
2 2 27 1231 1028
2 2 1231 193 1865
2 2 1028 1865 195
2 2 1231 1865 1028
2 2 193 2065 2066
2 2 2065 53 2035
2 2 2066 2035 194
2 2 2065 2035 2066
2 2 195 1925 912
2 2 1925 194 1859
2 2 912 1859 76
2 2 1925 1859 912
2 2 193 2066 1865
2 2 2066 194 1925
2 2 1865 1925 195
2 2 2066 1925 1865
2 2 53 1167 1169
2 2 1167 544 1168
2 2 1169 1168 288
2 2 1167 1168 1169
2 2 544 663 665
2 2 663 29 664
2 2 665 664 563
2 2 663 664 665
2 2 288 1942 1758
2 2 1942 563 1943
2 2 1758 1943 127
2 2 1942 1943 1758
2 2 544 665 1168
2 2 665 563 1942
2 2 1168 1942 288
2 2 665 1942 1168
2 2 76 1858 1551
2 2 1858 289 1122
2 2 1551 1122 482
2 2 1858 1122 1551
2 2 289 1118 1120
2 2 1118 127 1119
2 2 1120 1119 541
2 2 1118 1119 1120
2 2 482 1121 1259
2 2 1121 541 1258
2 2 1259 1258 15
2 2 1121 1258 1259
2 2 289 1120 1122
2 2 1120 541 1121
2 2 1122 1121 482
2 2 1120 1121 1122
2 2 53 1169 2035
2 2 1169 288 2034
2 2 2035 2034 194
2 2 1169 2034 2035
2 2 288 1758 1759
2 2 1758 127 1118
2 2 1759 1118 289
2 2 1758 1118 1759
2 2 194 1857 1859
2 2 1857 289 1858
2 2 1859 1858 76
2 2 1857 1858 1859
2 2 288 1759 2034
2 2 1759 289 1857
2 2 2034 1857 194
2 2 1759 1857 2034
2 2 28 1475 1979
2 2 1475 462 1978
2 2 1979 1978 537
2 2 1475 1978 1979
2 2 462 1786 1864
2 2 1786 52 1863
2 2 1864 1863 455
2 2 1786 1863 1864
2 2 537 1391 1392
2 2 1391 455 1056
2 2 1392 1056 54
2 2 1391 1056 1392
2 2 462 1864 1978
2 2 1864 455 1391
2 2 1978 1391 537
2 2 1864 1391 1978
2 2 52 1043 1045
2 2 1043 234 1044
2 2 1045 1044 454
2 2 1043 1044 1045
2 2 234 1399 1400
2 2 1399 29 663
2 2 1400 663 544
2 2 1399 663 1400
2 2 454 1772 1279
2 2 1772 544 1167
2 2 1279 1167 53
2 2 1772 1167 1279
2 2 234 1400 1044
2 2 1400 544 1772
2 2 1044 1772 454
2 2 1400 1772 1044
2 2 54 1055 1817
2 2 1055 334 2020
2 2 1817 2020 259
2 2 1055 2020 1817
2 2 334 1280 2080
2 2 1280 53 2065
2 2 2080 2065 193
2 2 1280 2065 2080
2 2 259 1230 1232
2 2 1230 193 1231
2 2 1232 1231 27
2 2 1230 1231 1232
2 2 334 2080 2020
2 2 2080 193 1230
2 2 2020 1230 259
2 2 2080 1230 2020
2 2 52 1045 1863
2 2 1045 454 697
2 2 1863 697 455
2 2 1045 697 1863
2 2 454 1279 695
2 2 1279 53 1280
2 2 695 1280 334
2 2 1279 1280 695
2 2 455 696 1056
2 2 696 334 1055
2 2 1056 1055 54
2 2 696 1055 1056
2 2 454 695 697
2 2 695 334 696
2 2 697 696 455
2 2 695 696 697
2 2 17 1141 1142
2 2 1141 513 621
2 2 1142 621 249
2 2 1141 621 1142
2 2 513 1937 619
2 2 1937 120 1536
2 2 619 1536 168
2 2 1937 1536 619
2 2 249 620 1406
2 2 620 168 1405
2 2 1406 1405 121
2 2 620 1405 1406
2 2 513 619 621
2 2 619 168 620
2 2 621 620 249
2 2 619 620 621
2 2 120 707 1534
2 2 707 475 1703
2 2 1534 1703 166
2 2 707 1703 1534
2 2 475 1057 1059
2 2 1057 41 1058
2 2 1059 1058 391
2 2 1057 1058 1059
2 2 166 1343 1345
2 2 1343 391 1344
2 2 1345 1344 73
2 2 1343 1344 1345
2 2 475 1059 1703
2 2 1059 391 1343
2 2 1703 1343 166
2 2 1059 1343 1703
2 2 121 1831 918
2 2 1831 167 1887
2 2 918 1887 251
2 2 1831 1887 918
2 2 167 1151 1153
2 2 1151 73 1152
2 2 1153 1152 250
2 2 1151 1152 1153
2 2 251 2072 833
2 2 2072 250 1125
2 2 833 1125 43
2 2 2072 1125 833
2 2 167 1153 1887
2 2 1153 250 2072
2 2 1887 2072 251
2 2 1153 2072 1887
2 2 120 1534 1536
2 2 1534 166 1535
2 2 1536 1535 168
2 2 1534 1535 1536
2 2 166 1345 1643
2 2 1345 73 1151
2 2 1643 1151 167
2 2 1345 1151 1643
2 2 168 1644 1405
2 2 1644 167 1831
2 2 1405 1831 121
2 2 1644 1831 1405
2 2 166 1643 1535
2 2 1643 167 1644
2 2 1535 1644 168
2 2 1643 1644 1535
2 2 41 856 858
2 2 856 319 857
2 2 858 857 321
2 2 856 857 858
2 2 319 1802 1804
2 2 1802 61 1803
2 2 1804 1803 320
2 2 1802 1803 1804
2 2 321 1363 1269
2 2 1363 320 1364
2 2 1269 1364 63
2 2 1363 1364 1269
2 2 319 1804 857
2 2 1804 320 1363
2 2 857 1363 321
2 2 1804 1363 857
2 2 61 1980 2176
2 2 1980 477 1993
2 2 2176 1993 479
2 2 1980 1993 2176
2 2 477 1063 1347
2 2 1063 7 1346
2 2 1347 1346 478
2 2 1063 1346 1347
2 2 479 1992 2001
2 2 1992 478 2032
2 2 2001 2032 62
2 2 1992 2032 2001
2 2 477 1347 1993
2 2 1347 478 1992
2 2 1993 1992 479
2 2 1347 1992 1993
2 2 63 1961 1537
2 2 1961 215 1900
2 2 1537 1900 217
2 2 1961 1900 1537
2 2 215 2002 1899
2 2 2002 62 2042
2 2 1899 2042 216
2 2 2002 2042 1899
2 2 217 1318 1320
2 2 1318 216 1319
2 2 1320 1319 42
2 2 1318 1319 1320
2 2 215 1899 1900
2 2 1899 216 1318
2 2 1900 1318 217
2 2 1899 1318 1900
2 2 61 2176 1803
2 2 2176 479 2183
2 2 1803 2183 320
2 2 2176 2183 1803
2 2 479 2001 2003
2 2 2001 62 2002
2 2 2003 2002 215
2 2 2001 2002 2003
2 2 320 1983 1364
2 2 1983 215 1961
2 2 1364 1961 63
2 2 1983 1961 1364
2 2 479 2003 2183
2 2 2003 215 1983
2 2 2183 1983 320
2 2 2003 1983 2183
2 2 43 1124 1869
2 2 1124 419 618
2 2 1869 618 420
2 2 1124 618 1869
2 2 419 1879 616
2 2 1879 64 2026
2 2 616 2026 312
2 2 1879 2026 616
2 2 420 617 884
2 2 617 312 1913
2 2 884 1913 66
2 2 617 1913 884
2 2 419 616 618
2 2 616 312 617
2 2 618 617 420
2 2 616 617 618
2 2 64 1787 1788
2 2 1787 359 1404
2 2 1788 1404 310
2 2 1787 1404 1788
2 2 359 1587 1402
2 2 1587 42 1751
2 2 1402 1751 449
2 2 1587 1751 1402
2 2 310 1403 1936
2 2 1403 449 1935
2 2 1936 1935 65
2 2 1403 1935 1936
2 2 359 1402 1404
2 2 1402 449 1403
2 2 1404 1403 310
2 2 1402 1403 1404
2 2 66 1571 603
2 2 1571 311 1098
2 2 603 1098 352
2 2 1571 1098 603
2 2 311 1488 1096
2 2 1488 65 1489
2 2 1096 1489 476
2 2 1488 1489 1096
2 2 352 1097 796
2 2 1097 476 1299
2 2 796 1299 8
2 2 1097 1299 796
2 2 311 1096 1098
2 2 1096 476 1097
2 2 1098 1097 352
2 2 1096 1097 1098
2 2 64 1788 2026
2 2 1788 310 1669
2 2 2026 1669 312
2 2 1788 1669 2026
2 2 310 1936 1667
2 2 1936 65 1488
2 2 1667 1488 311
2 2 1936 1488 1667
2 2 312 1668 1913
2 2 1668 311 1571
2 2 1913 1571 66
2 2 1668 1571 1913
2 2 310 1667 1669
2 2 1667 311 1668
2 2 1669 1668 312
2 2 1667 1668 1669
2 2 41 858 1058
2 2 858 321 1890
2 2 1058 1890 391
2 2 858 1890 1058
2 2 321 1269 1271
2 2 1269 63 1270
2 2 1271 1270 390
2 2 1269 1270 1271
2 2 391 1889 1344
2 2 1889 390 1815
2 2 1344 1815 73
2 2 1889 1815 1344
2 2 321 1271 1890
2 2 1271 390 1889
2 2 1890 1889 391
2 2 1271 1889 1890
2 2 63 1537 1538
2 2 1537 217 1159
2 2 1538 1159 360
2 2 1537 1159 1538
2 2 217 1320 1157
2 2 1320 42 1587
2 2 1157 1587 359
2 2 1320 1587 1157
2 2 360 1158 1986
2 2 1158 359 1787
2 2 1986 1787 64
2 2 1158 1787 1986
2 2 217 1157 1159
2 2 1157 359 1158
2 2 1159 1158 360
2 2 1157 1158 1159
2 2 73 1757 1152
2 2 1757 450 1261
2 2 1152 1261 250
2 2 1757 1261 1152
2 2 450 1878 1260
2 2 1878 64 1879
2 2 1260 1879 419
2 2 1878 1879 1260
2 2 250 1123 1125
2 2 1123 419 1124
2 2 1125 1124 43
2 2 1123 1124 1125
2 2 450 1260 1261
2 2 1260 419 1123
2 2 1261 1123 250
2 2 1260 1123 1261
2 2 63 1538 1270
2 2 1538 360 1692
2 2 1270 1692 390
2 2 1538 1692 1270
2 2 360 1986 1760
2 2 1986 64 1878
2 2 1760 1878 450
2 2 1986 1878 1760
2 2 390 1761 1815
2 2 1761 450 1757
2 2 1815 1757 73
2 2 1761 1757 1815
2 2 360 1760 1692
2 2 1760 450 1761
2 2 1692 1761 390
2 2 1760 1761 1692
2 2 7 1063 1065
2 2 1063 477 1064
2 2 1065 1064 484
2 2 1063 1064 1065
2 2 477 1980 1444
2 2 1980 61 1091
2 2 1444 1091 280
2 2 1980 1091 1444
2 2 484 1445 1520
2 2 1445 280 766
2 2 1520 766 60
2 2 1445 766 1520
2 2 477 1444 1064
2 2 1444 280 1445
2 2 1064 1445 484
2 2 1444 1445 1064
2 2 61 1802 1089
2 2 1802 319 2081
2 2 1089 2081 278
2 2 1802 2081 1089
2 2 319 856 2186
2 2 856 41 863
2 2 2186 863 349
2 2 856 863 2186
2 2 278 2145 1099
2 2 2145 349 2143
2 2 1099 2143 156
2 2 2145 2143 1099
2 2 319 2186 2081
2 2 2186 349 2145
2 2 2081 2145 278
2 2 2186 2145 2081
2 2 60 765 1237
2 2 765 279 1236
2 2 1237 1236 340
2 2 765 1236 1237
2 2 279 598 600
2 2 598 156 599
2 2 600 599 464
2 2 598 599 600
2 2 340 2147 1214
2 2 2147 464 2104
2 2 1214 2104 40
2 2 2147 2104 1214
2 2 279 600 1236
2 2 600 464 2147
2 2 1236 2147 340
2 2 600 2147 1236
2 2 61 1089 1091
2 2 1089 278 1090
2 2 1091 1090 280
2 2 1089 1090 1091
2 2 278 1099 1100
2 2 1099 156 598
2 2 1100 598 279
2 2 1099 598 1100
2 2 280 764 766
2 2 764 279 765
2 2 766 765 60
2 2 764 765 766
2 2 278 1100 1090
2 2 1100 279 764
2 2 1090 764 280
2 2 1100 764 1090
2 2 41 1057 861
2 2 1057 475 1179
2 2 861 1179 347
2 2 1057 1179 861
2 2 475 707 708
2 2 707 120 677
2 2 708 677 171
2 2 707 677 708
2 2 347 1665 1600
2 2 1665 171 1666
2 2 1600 1666 138
2 2 1665 1666 1600
2 2 475 708 1179
2 2 708 171 1665
2 2 1179 1665 347
2 2 708 1665 1179
2 2 120 1937 675
2 2 1937 513 1938
2 2 675 1938 169
2 2 1937 1938 675
2 2 513 1141 1275
2 2 1141 17 1274
2 2 1275 1274 514
2 2 1141 1274 1275
2 2 169 2187 1916
2 2 2187 514 2188
2 2 1916 2188 137
2 2 2187 2188 1916
2 2 513 1275 1938
2 2 1275 514 2187
2 2 1938 2187 169
2 2 1275 2187 1938
2 2 138 2075 1633
2 2 2075 170 900
2 2 1633 900 261
2 2 2075 900 1633
2 2 170 1439 898
2 2 1439 137 1440
2 2 898 1440 585
2 2 1439 1440 898
2 2 261 899 825
2 2 899 585 1994
2 2 825 1994 47
2 2 899 1994 825
2 2 170 898 900
2 2 898 585 899
2 2 900 899 261
2 2 898 899 900
2 2 120 675 677
2 2 675 169 676
2 2 677 676 171
2 2 675 676 677
2 2 169 1916 1917
2 2 1916 137 1439
2 2 1917 1439 170
2 2 1916 1439 1917
2 2 171 2028 1666
2 2 2028 170 2075
2 2 1666 2075 138
2 2 2028 2075 1666
2 2 169 1917 676
2 2 1917 170 2028
2 2 676 2028 171
2 2 1917 2028 676
2 2 40 1880 1881
2 2 1880 301 606
2 2 1881 606 303
2 2 1880 606 1881
2 2 301 1923 604
2 2 1923 86 1823
2 2 604 1823 302
2 2 1923 1823 604
2 2 303 605 1744
2 2 605 302 1079
2 2 1744 1079 85
2 2 605 1079 1744
2 2 301 604 606
2 2 604 302 605
2 2 606 605 303
2 2 604 605 606
2 2 86 2139 1822
2 2 2139 262 2118
2 2 1822 2118 369
2 2 2139 2118 1822
2 2 262 826 1642
2 2 826 47 1641
2 2 1642 1641 368
2 2 826 1641 1642
2 2 369 1393 1395
2 2 1393 368 1394
2 2 1395 1394 87
2 2 1393 1394 1395
2 2 262 1642 2118
2 2 1642 368 1393
2 2 2118 1393 369
2 2 1642 1393 2118
2 2 85 732 734
2 2 732 519 733
2 2 734 733 192
2 2 732 733 734
2 2 519 770 772
2 2 770 87 771
2 2 772 771 520
2 2 770 771 772
2 2 192 2068 2073
2 2 2068 520 2174
2 2 2073 2174 16
2 2 2068 2174 2073
2 2 519 772 733
2 2 772 520 2068
2 2 733 2068 192
2 2 772 2068 733
2 2 86 1822 1823
2 2 1822 369 609
2 2 1823 609 302
2 2 1822 609 1823
2 2 369 1395 607
2 2 1395 87 770
2 2 607 770 519
2 2 1395 770 607
2 2 302 608 1079
2 2 608 519 732
2 2 1079 732 85
2 2 608 732 1079
2 2 369 607 609
2 2 607 519 608
2 2 609 608 302
2 2 607 608 609
2 2 41 861 863
2 2 861 347 862
2 2 863 862 349
2 2 861 862 863
2 2 347 1600 1602
2 2 1600 138 1601
2 2 1602 1601 348
2 2 1600 1601 1602
2 2 349 2142 2143
2 2 2142 348 1650
2 2 2143 1650 156
2 2 2142 1650 2143
2 2 347 1602 862
2 2 1602 348 2142
2 2 862 2142 349
2 2 1602 2142 862
2 2 138 1633 1635
2 2 1633 261 1634
2 2 1635 1634 263
2 2 1633 1634 1635
2 2 261 825 827
2 2 825 47 826
2 2 827 826 262
2 2 825 826 827
2 2 263 1959 1049
2 2 1959 262 2139
2 2 1049 2139 86
2 2 1959 2139 1049
2 2 261 827 1634
2 2 827 262 1959
2 2 1634 1959 263
2 2 827 1959 1634
2 2 156 1569 599
2 2 1569 463 1570
2 2 599 1570 464
2 2 1569 1570 599
2 2 463 1050 2171
2 2 1050 86 1923
2 2 2171 1923 301
2 2 1050 1923 2171
2 2 464 2103 2104
2 2 2103 301 1880
2 2 2104 1880 40
2 2 2103 1880 2104
2 2 463 2171 1570
2 2 2171 301 2103
2 2 1570 2103 464
2 2 2171 2103 1570
2 2 138 1635 1601
2 2 1635 263 1794
2 2 1601 1794 348
2 2 1635 1794 1601
2 2 263 1049 1051
2 2 1049 86 1050
2 2 1051 1050 463
2 2 1049 1050 1051
2 2 348 1649 1650
2 2 1649 463 1569
2 2 1650 1569 156
2 2 1649 1569 1650
2 2 263 1051 1794
2 2 1051 463 1649
2 2 1794 1649 348
2 2 1051 1649 1794
2 2 18 1733 1924
2 2 1733 242 1540
2 2 1924 1540 488
2 2 1733 1540 1924
2 2 242 782 784
2 2 782 103 783
2 2 784 783 487
2 2 782 783 784
2 2 488 1539 2153
2 2 1539 487 725
2 2 2153 725 105
2 2 1539 725 2153
2 2 242 784 1540
2 2 784 487 1539
2 2 1540 1539 488
2 2 784 1539 1540
2 2 103 1741 1722
2 2 1741 575 1775
2 2 1722 1775 504
2 2 1741 1775 1722
2 2 575 1073 1608
2 2 1073 22 1607
2 2 1608 1607 207
2 2 1073 1607 1608
2 2 504 1774 955
2 2 1774 207 1140
2 2 955 1140 104
2 2 1774 1140 955
2 2 575 1608 1775
2 2 1608 207 1774
2 2 1775 1774 504
2 2 1608 1774 1775
2 2 105 724 1282
2 2 724 364 1281
2 2 1282 1281 365
2 2 724 1281 1282
2 2 364 956 1934
2 2 956 104 1107
2 2 1934 1107 210
2 2 956 1107 1934
2 2 365 631 633
2 2 631 210 632
2 2 633 632 24
2 2 631 632 633
2 2 364 1934 1281
2 2 1934 210 631
2 2 1281 631 365
2 2 1934 631 1281
2 2 103 1722 783
2 2 1722 504 1636
2 2 783 1636 487
2 2 1722 1636 783
2 2 504 955 957
2 2 955 104 956
2 2 957 956 364
2 2 955 956 957
2 2 487 723 725
2 2 723 364 724
2 2 725 724 105
2 2 723 724 725
2 2 504 957 1636
2 2 957 364 723
2 2 1636 723 487
2 2 957 723 1636
2 2 22 1080 1082
2 2 1080 404 1081
2 2 1082 1081 205
2 2 1080 1081 1082
2 2 404 622 624
2 2 622 97 623
2 2 624 623 405
2 2 622 623 624
2 2 205 1101 1407
2 2 1101 405 2178
2 2 1407 2178 99
2 2 1101 2178 1407
2 2 404 624 1081
2 2 624 405 1101
2 2 1081 1101 205
2 2 624 1101 1081
2 2 97 666 2136
2 2 666 350 966
2 2 2136 966 362
2 2 666 966 2136
2 2 350 794 965
2 2 794 8 1963
2 2 965 1963 361
2 2 794 1963 965
2 2 362 797 799
2 2 797 361 798
2 2 799 798 98
2 2 797 798 799
2 2 350 965 966
2 2 965 361 797
2 2 966 797 362
2 2 965 797 966
2 2 99 1565 1566
2 2 1565 522 890
2 2 1566 890 286
2 2 1565 890 1566
2 2 522 870 872
2 2 870 98 871
2 2 872 871 523
2 2 870 871 872
2 2 286 828 830
2 2 828 523 829
2 2 830 829 23
2 2 828 829 830
2 2 522 872 890
2 2 872 523 828
2 2 890 828 286
2 2 872 828 890
2 2 97 2136 623
2 2 2136 362 1707
2 2 623 1707 405
2 2 2136 1707 623
2 2 362 799 1705
2 2 799 98 870
2 2 1705 870 522
2 2 799 870 1705
2 2 405 1706 2178
2 2 1706 522 1565
2 2 2178 1565 99
2 2 1706 1565 2178
2 2 362 1705 1707
2 2 1705 522 1706
2 2 1707 1706 405
2 2 1705 1706 1707
2 2 24 960 962
2 2 960 209 961
2 2 962 961 551
2 2 960 961 962
2 2 209 649 651
2 2 649 91 650
2 2 651 650 550
2 2 649 650 651
2 2 551 1425 1426
2 2 1425 550 1290
2 2 1426 1290 93
2 2 1425 1290 1426
2 2 209 651 961
2 2 651 550 1425
2 2 961 1425 551
2 2 651 1425 961
2 2 91 715 820
2 2 715 266 1390
2 2 820 1390 268
2 2 715 1390 820
2 2 266 1490 1388
2 2 1490 23 1491
2 2 1388 1491 267
2 2 1490 1491 1388
2 2 268 1389 637
2 2 1389 267 2189
2 2 637 2189 92
2 2 1389 2189 637
2 2 266 1388 1390
2 2 1388 267 1389
2 2 1390 1389 268
2 2 1388 1389 1390
2 2 93 1289 1905
2 2 1289 515 1671
2 2 1905 1671 517
2 2 1289 1671 1905
2 2 515 638 1438
2 2 638 92 1437
2 2 1438 1437 516
2 2 638 1437 1438
2 2 517 1670 2017
2 2 1670 516 2016
2 2 2017 2016 9
2 2 1670 2016 2017
2 2 515 1438 1671
2 2 1438 516 1670
2 2 1671 1670 517
2 2 1438 1670 1671
2 2 91 820 650
2 2 820 268 821
2 2 650 821 550
2 2 820 821 650
2 2 268 637 639
2 2 637 92 638
2 2 639 638 515
2 2 637 638 639
2 2 550 1288 1290
2 2 1288 515 1289
2 2 1290 1289 93
2 2 1288 1289 1290
2 2 268 639 821
2 2 639 515 1288
2 2 821 1288 550
2 2 639 1288 821
2 2 22 1082 1607
2 2 1082 205 1719
2 2 1607 1719 207
2 2 1082 1719 1607
2 2 205 1407 1408
2 2 1407 99 839
2 2 1408 839 206
2 2 1407 839 1408
2 2 207 1138 1140
2 2 1138 206 1139
2 2 1140 1139 104
2 2 1138 1139 1140
2 2 205 1408 1719
2 2 1408 206 1138
2 2 1719 1138 207
2 2 1408 1138 1719
2 2 99 1566 837
2 2 1566 286 1726
2 2 837 1726 287
2 2 1566 1726 837
2 2 286 830 2131
2 2 830 23 1490
2 2 2131 1490 266
2 2 830 1490 2131
2 2 287 714 716
2 2 714 266 715
2 2 716 715 91
2 2 714 715 716
2 2 286 2131 1726
2 2 2131 266 714
2 2 1726 714 287
2 2 2131 714 1726
2 2 104 1105 1107
2 2 1105 208 1106
2 2 1107 1106 210
2 2 1105 1106 1107
2 2 208 1754 1614
2 2 1754 91 649
2 2 1614 649 209
2 2 1754 649 1614
2 2 210 1615 632
2 2 1615 209 960
2 2 632 960 24
2 2 1615 960 632
2 2 208 1614 1106
2 2 1614 209 1615
2 2 1106 1615 210
2 2 1614 1615 1106
2 2 99 837 839
2 2 837 287 838
2 2 839 838 206
2 2 837 838 839
2 2 287 716 1755
2 2 716 91 1754
2 2 1755 1754 208
2 2 716 1754 1755
2 2 206 2090 1139
2 2 2090 208 1105
2 2 1139 1105 104
2 2 2090 1105 1139
2 2 287 1755 838
2 2 1755 208 2090
2 2 838 2090 206
2 2 1755 2090 838
2 2 8 794 796
2 2 794 350 795
2 2 796 795 352
2 2 794 795 796
2 2 350 666 668
2 2 666 97 667
2 2 668 667 351
2 2 666 667 668
2 2 352 601 603
2 2 601 351 602
2 2 603 602 66
2 2 601 602 603
2 2 350 668 795
2 2 668 351 601
2 2 795 601 352
2 2 668 601 795
2 2 97 622 2067
2 2 622 404 2019
2 2 2067 2019 492
2 2 622 2019 2067
2 2 404 1080 2018
2 2 1080 22 2105
2 2 2018 2105 521
2 2 1080 2105 2018
2 2 492 970 972
2 2 970 521 971
2 2 972 971 72
2 2 970 971 972
2 2 404 2018 2019
2 2 2018 521 970
2 2 2019 970 492
2 2 2018 970 2019
2 2 66 882 884
2 2 882 493 883
2 2 884 883 420
2 2 882 883 884
2 2 493 2127 2012
2 2 2127 72 615
2 2 2012 615 503
2 2 2127 615 2012
2 2 420 2013 1869
2 2 2013 503 1175
2 2 1869 1175 43
2 2 2013 1175 1869
2 2 493 2012 883
2 2 2012 503 2013
2 2 883 2013 420
2 2 2012 2013 883
2 2 97 2067 667
2 2 2067 492 1946
2 2 667 1946 351
2 2 2067 1946 667
2 2 492 972 1945
2 2 972 72 2127
2 2 1945 2127 493
2 2 972 2127 1945
2 2 351 1921 602
2 2 1921 493 882
2 2 602 882 66
2 2 1921 882 602
2 2 492 1945 1946
2 2 1945 493 1921
2 2 1946 1921 351
2 2 1945 1921 1946
2 2 22 1073 1075
2 2 1073 575 1074
2 2 1075 1074 560
2 2 1073 1074 1075
2 2 575 1741 1743
2 2 1741 103 1742
2 2 1743 1742 552
2 2 1741 1742 1743
2 2 560 2031 2133
2 2 2031 552 940
2 2 2133 940 70
2 2 2031 940 2133
2 2 575 1743 1074
2 2 1743 552 2031
2 2 1074 2031 560
2 2 1743 2031 1074
2 2 103 782 1573
2 2 782 242 1572
2 2 1573 1572 244
2 2 782 1572 1573
2 2 242 1733 1735
2 2 1733 18 1734
2 2 1735 1734 243
2 2 1733 1734 1735
2 2 244 1160 698
2 2 1160 243 1161
2 2 698 1161 154
2 2 1160 1161 698
2 2 242 1735 1572
2 2 1735 243 1160
2 2 1572 1160 244
2 2 1735 1160 1572
2 2 70 939 1348
2 2 939 501 1459
2 2 1348 1459 443
2 2 939 1459 1348
2 2 501 699 1610
2 2 699 154 1609
2 2 1610 1609 502
2 2 699 1609 1610
2 2 443 2064 2049
2 2 2064 502 2168
2 2 2049 2168 44
2 2 2064 2168 2049
2 2 501 1610 1459
2 2 1610 502 2064
2 2 1459 2064 443
2 2 1610 2064 1459
2 2 103 1573 1742
2 2 1573 244 1302
2 2 1742 1302 552
2 2 1573 1302 1742
2 2 244 698 700
2 2 698 154 699
2 2 700 699 501
2 2 698 699 700
2 2 552 938 940
2 2 938 501 939
2 2 940 939 70
2 2 938 939 940
2 2 244 700 1302
2 2 700 501 938
2 2 1302 938 552
2 2 700 938 1302
2 2 43 831 833
2 2 831 418 832
2 2 833 832 251
2 2 831 832 833
2 2 418 1238 1239
2 2 1238 71 886
2 2 1239 886 406
2 2 1238 886 1239
2 2 251 916 918
2 2 916 406 917
2 2 918 917 121
2 2 916 917 918
2 2 418 1239 832
2 2 1239 406 916
2 2 832 916 251
2 2 1239 916 832
2 2 71 808 810
2 2 808 397 809
2 2 810 809 399
2 2 808 809 810
2 2 397 1554 1556
2 2 1554 44 1555
2 2 1556 1555 398
2 2 1554 1555 1556
2 2 399 1871 1335
2 2 1871 398 1872
2 2 1335 1872 126
2 2 1871 1872 1335
2 2 397 1556 809
2 2 1556 398 1871
2 2 809 1871 399
2 2 1556 1871 809
2 2 121 1497 1406
2 2 1497 247 1498
2 2 1406 1498 249
2 2 1497 1498 1406
2 2 247 1336 1780
2 2 1336 126 1779
2 2 1780 1779 248
2 2 1336 1779 1780
2 2 249 2071 1142
2 2 2071 248 2128
2 2 1142 2128 17
2 2 2071 2128 1142
2 2 247 1780 1498
2 2 1780 248 2071
2 2 1498 2071 249
2 2 1780 2071 1498
2 2 71 810 886
2 2 810 399 885
2 2 886 885 406
2 2 810 885 886
2 2 399 1335 1337
2 2 1335 126 1336
2 2 1337 1336 247
2 2 1335 1336 1337
2 2 406 2151 917
2 2 2151 247 1497
2 2 917 1497 121
2 2 2151 1497 917
2 2 399 1337 885
2 2 1337 247 2151
2 2 885 2151 406
2 2 1337 2151 885
2 2 22 1075 2105
2 2 1075 560 1613
2 2 2105 1613 521
2 2 1075 1613 2105
2 2 560 2133 1611
2 2 2133 70 2114
2 2 1611 2114 343
2 2 2133 2114 1611
2 2 521 1612 971
2 2 1612 343 1918
2 2 971 1918 72
2 2 1612 1918 971
2 2 560 1611 1613
2 2 1611 343 1612
2 2 1613 1612 521
2 2 1611 1612 1613
2 2 70 1348 1350
2 2 1348 443 1349
2 2 1350 1349 341
2 2 1348 1349 1350
2 2 443 2049 1954
2 2 2049 44 1554
2 2 1954 1554 397
2 2 2049 1554 1954
2 2 341 1877 1528
2 2 1877 397 808
2 2 1528 808 71
2 2 1877 808 1528
2 2 443 1954 1349
2 2 1954 397 1877
2 2 1349 1877 341
2 2 1954 1877 1349
2 2 72 613 615
2 2 613 342 614
2 2 615 614 503
2 2 613 614 615
2 2 342 1529 891
2 2 1529 71 1238
2 2 891 1238 418
2 2 1529 1238 891
2 2 503 892 1175
2 2 892 418 831
2 2 1175 831 43
2 2 892 831 1175
2 2 342 891 614
2 2 891 418 892
2 2 614 892 503
2 2 891 892 614
2 2 70 1350 2114
2 2 1350 341 1209
2 2 2114 1209 343
2 2 1350 1209 2114
2 2 341 1528 1207
2 2 1528 71 1529
2 2 1207 1529 342
2 2 1528 1529 1207
2 2 343 1208 1918
2 2 1208 342 613
2 2 1918 613 72
2 2 1208 613 1918
2 2 341 1207 1209
2 2 1207 342 1208
2 2 1209 1208 343
2 2 1207 1208 1209

boundary
288
3 1 1 1814
3 1 1814 256
3 1 256 1450
3 1 1450 160
3 1 160 2152
3 1 2152 525
3 1 525 1111
3 1 1111 46
3 1 46 2191
3 1 2191 471
3 1 471 1892
3 1 1892 89
3 1 89 880
3 1 880 408
3 1 408 1591
3 1 1591 2
3 1 2 1746
3 1 1746 531
3 1 531 2154
3 1 2154 68
3 1 68 1836
3 1 1836 388
3 1 388 2167
3 1 2167 51
3 1 51 2146
3 1 2146 536
3 1 536 1736
3 1 1736 164
3 1 164 1834
3 1 1834 395
3 1 395 1067
3 1 1067 3
3 1 3 1903
3 1 1903 584
3 1 584 2124
3 1 2124 78
3 1 78 1006
3 1 1006 458
3 1 458 1781
3 1 1781 36
3 1 36 1724
3 1 1724 429
3 1 429 1442
3 1 1442 155
3 1 155 1909
3 1 1909 236
3 1 236 1657
3 1 1657 4
3 1 4 2010
3 1 2010 366
3 1 366 1825
3 1 1825 159
3 1 159 847
3 1 847 297
3 1 297 1126
3 1 1126 34
3 1 34 1312
3 1 1312 580
3 1 580 990
3 1 990 136
3 1 136 2185
3 1 2185 548
3 1 548 1639
3 1 1639 5
3 1 5 1505
3 1 1505 566
3 1 566 2190
3 1 2190 107
3 1 107 2110
3 1 2110 421
3 1 421 1783
3 1 1783 26
3 1 26 1704
3 1 1704 543
3 1 543 2041
3 1 2041 163
3 1 163 662
3 1 662 553
3 1 553 1674
3 1 1674 6
3 1 6 2181
3 1 2181 434
3 1 434 2180
3 1 2180 118
3 1 118 1518
3 1 1518 567
3 1 567 1982
3 1 1982 39
3 1 39 1732
3 1 1732 346
3 1 346 1384
3 1 1384 59
3 1 59 1951
3 1 1951 483
3 1 483 1387
3 1 1387 7
3 1 7 1346
3 1 1346 478
3 1 478 2032
3 1 2032 62
3 1 62 2042
3 1 2042 216
3 1 216 1319
3 1 1319 42
3 1 42 1751
3 1 1751 449
3 1 449 1935
3 1 1935 65
3 1 65 1489
3 1 1489 476
3 1 476 1299
3 1 1299 8
3 1 8 1963
3 1 1963 361
3 1 361 798
3 1 798 98
3 1 98 871
3 1 871 523
3 1 523 829
3 1 829 23
3 1 23 1491
3 1 1491 267
3 1 267 2189
3 1 2189 92
3 1 92 1437
3 1 1437 516
3 1 516 2016
3 1 2016 9
3 1 11 738
3 1 738 432
3 1 432 2108
3 1 2108 141
3 1 141 2193
3 1 2193 228
3 1 228 894
3 1 894 48
3 1 48 2192
3 1 2192 380
3 1 380 1226
3 1 1226 161
3 1 161 1811
3 1 1811 385
3 1 385 2085
3 1 2085 10
3 1 12 1186
3 1 1186 508
3 1 508 2111
3 1 2111 151
3 1 151 2060
3 1 2060 185
3 1 185 854
3 1 854 31
3 1 31 2150
3 1 2150 512
3 1 512 2179
3 1 2179 123
3 1 123 1843
3 1 1843 400
3 1 400 1987
3 1 1987 11
3 1 13 762
3 1 762 423
3 1 423 1133
3 1 1133 95
3 1 95 2144
3 1 2144 411
3 1 411 1888
3 1 1888 20
3 1 20 2138
3 1 2138 498
3 1 498 1116
3 1 1116 145
3 1 145 2023
3 1 2023 271
3 1 271 1456
3 1 1456 12
3 1 14 659
3 1 659 182
3 1 182 1894
3 1 1894 153
3 1 153 2030
3 1 2030 573
3 1 573 1326
3 1 1326 38
3 1 38 1377
3 1 1377 581
3 1 581 1968
3 1 1968 101
3 1 101 1187
3 1 1187 460
3 1 460 1025
3 1 1025 13
3 1 15 1223
3 1 1223 524
3 1 524 2173
3 1 2173 165
3 1 165 629
3 1 629 293
3 1 293 2107
3 1 2107 50
3 1 50 2141
3 1 2141 329
3 1 329 2000
3 1 2000 157
3 1 157 841
3 1 841 282
3 1 282 835
3 1 835 14
3 1 16 2055
3 1 2055 571
3 1 571 2123
3 1 2123 148
3 1 148 1952
3 1 1952 233
3 1 233 2134
3 1 2134 29
3 1 29 664
3 1 664 563
3 1 563 1943
3 1 1943 127
3 1 127 1119
3 1 1119 541
3 1 541 1258
3 1 1258 15
3 1 17 1274
3 1 1274 514
3 1 514 2188
3 1 2188 137
3 1 137 1440
3 1 1440 585
3 1 585 1994
3 1 1994 47
3 1 47 1641
3 1 1641 368
3 1 368 1394
3 1 1394 87
3 1 87 771
3 1 771 520
3 1 520 2174
3 1 2174 16
3 1 18 1734
3 1 1734 243
3 1 243 1161
3 1 1161 154
3 1 154 1609
3 1 1609 502
3 1 502 2168
3 1 2168 44
3 1 44 1555
3 1 1555 398
3 1 398 1872
3 1 1872 126
3 1 126 1779
3 1 1779 248
3 1 248 2128
3 1 2128 17
1 1 10 2086
1 1 2086 386
1 1 386 1144
1 1 1144 162
1 1 162 1855
1 1 1855 583
1 1 583 703
1 1 703 49
1 1 49 1652
1 1 1652 435
1 1 435 1886
1 1 1886 57
1 1 57 1357
1 1 1357 446
1 1 446 2184
1 1 2184 1
2 1 9 2017
2 1 2017 517
2 1 517 1905
2 1 1905 93
2 1 93 1426
2 1 1426 551
2 1 551 962
2 1 962 24
2 1 24 633
2 1 633 365
2 1 365 1282
2 1 1282 105
2 1 105 2153
2 1 2153 488
2 1 488 1924
2 1 1924 18

vertices
2193
2
 0 0
 0.9966835063940659 -0.0037658038196719925
 1.9937976836237152 -0.013531541332635259
 2.9913558243095504 -0.02862467481422835
 3.9892175417914895 -0.048350295981177634
 4.911555436272603 -0.1649904143503815
 5.856052362357746 -0.40976768891672777
 6.822746686549198 -0.7433356779642055
 7.811039505053156 -1.122438574301652
 0 1
 1.0033147937475952 0.9962350710768422
 2.006200038576772 0.9864690958430078
 3.0086413471294646 0.9713762231280614
 4.0107781662995485 0.9516483566487769
 5.088390586855134 0.8350478376979854
 6.14386908852384 0.5902646944234021
 7.177152775659359 0.2566977973676935
 8.188805502716564 -0.12238330366253325
 2.4999987643986685 0.4797360964473668
 2.507476208064835 0.9795329552376677
 1.9999988595259126 0.48669074281975244
 7.499941091596362 -0.42863086508992176
 7.31439606296497 -0.929530905577882
 7.999946245257721 -0.6208392892596726
 4.499997125831066 0.4167697832497039
 4.447544054536793 -0.08977512012160219
 4.999971779422404 0.34058236870397557
 5.499965815752351 0.23113661637095617
 5.618903777436812 0.7265285465850277
 1.4999989547158534 0.49231359655077633
 1.504812882128591 0.992073459539116
 0.9999990781144384 0.49649379429643886
 3.499997716607929 0.4622704955739925
 3.4902989430373297 -0.037889506265340385
 3.999998232374034 0.45202774664235784
 2.4925212574002953 -0.020467700226672512
 2.9999986473233706 0.4715605321875141
 3.509699729461983 0.9621117915518386
 5.3810293254591715 -0.2735039508790796
 5.999960729660189 0.09394792214976788
 6.499955411213215 -0.06543732287405746
 6.336624932978118 -0.5682281720827279
 6.999949928854062 -0.24147087889658803
 7.68549979050081 0.07050118637017067
 0.49999998526120315 0.4991221659202259
 0.49828915456131323 -0.001158577339319549
 6.6632855608584824 0.431804389738479
 0.5017083197756774 0.9988434661968585
 0 0.5
 4.552385659497569 0.9102903797194216
 1.4951850966562872 -0.007927193861109568
 5.558625482106291 0.4799885911098809
 5.301344814888526 0.5384099846482343
 5.2499683466567575 0.28967347671617355
 0.24959393922041062 0.24974929759821676
 0.25000069973713024 0.49981265742418346
 0 0.25
 5.6847144265502685 -0.08538482739959241
 5.617847106118652 -0.3385143468322838
 5.928815801242101 -0.15698500056335662
 6.1736107983491255 -0.2341343025032835
 6.0956450109775755 -0.48657018006133584
 6.419099411366603 -0.31613910063824036
 6.665281646032589 -0.40230576341106805
 6.578992143182795 -0.6540480062350784
 6.912157807361078 -0.4919407091248287
 1.2479758920900141 0.2445283042040278
 1.2459204397091133 -0.005659156589469184
 1.4976082053765136 0.24225331874311695
 7.591871165057863 -0.178824048316496
 7.3401631355356205 -0.08433162833678032
 7.249946510094034 -0.3340014972512162
 6.7499527170617695 -0.1517196144925851
 4.784691893887664 0.6316762390748255
 4.749979297446784 0.3831771527369803
 5.043369364992227 0.5892026922967147
 2.246588390142213 0.23331962106721965
 2.243145600337033 -0.016840079210734573
 2.4962761967973046 0.22968506720138435
 3.2454233093177134 0.2170054978343397
 3.2499984191116007 0.4670488588983538
 2.9956934488695217 0.22151417069840987
 5.815212412555472 0.41463120650758767
 5.749963318810281 0.16566365695688406
 6.0711056876076155 0.34303113037482913
 6.326305301559104 0.26588190156411506
 6.404270978330956 0.5134622874279156
 0.7487534056757422 0.24794042618161846
 0.7474738914996147 -0.0022611917575584865
 0.9983575102000938 0.24642865129160593
 7.657062714541809 -0.7747613794516843
 7.56217310665822 -1.0251187762691036
 7.9067243509456535 -0.87142811300458
 2.754019526207158 0.7257456708329947
 2.7580726502967634 0.9756001827660559
 2.5037213094978767 0.7296853906917294
 7.15973081955956 -0.5843504822427785
 7.0678870155280835 -0.8353954338383536
 7.408017294676964 -0.6788450032884438
 3.254573779204725 0.7170065015192703
 3.2591826804578283 0.9668753254056788
 3.0043038258151276 0.7215147100336747
 7.842818154243307 -0.2747480806646794
 7.749935570469975 -0.5246469282535511
 8.093161196407376 -0.3714226266368481
 4.234837017054802 0.18896462149774806
 4.2173119528259795 -0.06607812387777633
 4.474674920283866 0.16510037187132576
 2.2499988106436963 0.4833729581559075
 1.996914456131422 0.23663509492610446
 3.495169987398637 0.21223272938982363
 3.7449422561468113 0.20720511662546917
 3.7499967838773576 0.45723880245656967
 4.715257453264938 0.13164318034077915
 4.250014722855483 0.44046462508527273
 3.994731191587864 0.2019341047109485
 5.1985926699197265 0.03839273220208653
 5.145599119454694 -0.21543077902000737
 5.441306673463188 -0.020027557639230975
 6.834623593808625 0.09771068486755452
 7.087741894875505 0.008076416012635534
 1.252022150870855 0.7445286653226006
 1.2540776941973673 0.9943415436441515
 1.0016406467784253 0.7464291778829399
 3.5048268137676644 0.7122344244093352
 7.4320083728210715 0.16463894460143336
 5.354340524748878 0.7846030632942746
 0.49916506228595164 0.24905037081576592
 0.7499993153499342 0.4980086707671731
 1.7527434346566502 0.7396179333326315
 1.7499989087409744 0.48967557924522415
 2.0030832647456407 0.7366354070007065
 4.9565736883820755 0.08918119112388556
 0.5008335665742494 0.7490522495560044
 0.2504066069958843 0.7497504405795942
 3.739792574899087 -0.04290799091772272
 6.920912774194653 0.3459847935158493
 6.580811270185243 0.18387717726075714
 2.253409222556592 0.7333199361230414
 0.7512448969133871 0.7479414412984049
 0.7525243972371135 0.9977401065019522
 1.74725439443129 0.23961761893327316
 1.249999001301305 0.49459093088811223
 1.5023897314912578 0.742253641186028
 2.256851999220692 0.9831605620550666
 4.525285323976439 0.6651525548040403
 4.265173032466399 0.6889938474943762
 5.882080002240365 0.6615179409705603
 2.7459778726651503 0.2257453046416532
 2.7499987196450135 0.47579403136999626
 1.7555203329179763 0.9894446859156751
 3.755053347710417 0.7072052757082865
 3.760211114540749 0.9570906072445453
 7.937728746636394 -0.025096462653442897
 2.741924659987757 -0.02440052872180351
 6.249958077386007 0.016683047281556784
 4.282519468521766 0.9340312536246957
 4.005266058014662 0.7019285399453647
 3.240814642077729 -0.033125943777029515
 0.24911924683348152 -0.00045960060829859634
 0.2508740624139847 0.9995443094546625
 0 0.75
 4.6788885935598685 -0.12287995436945144
 1.7444775148893639 -0.010555954506619053
 4.821059090632556 0.8771683037666765
 6.792187003454537 -0.026859965524281826
 6.9180092469424395 -0.0713306000484013
 6.96126956800505 0.05328363741612763
 6.87746476875977 0.22199226389863824
 6.749734917164566 0.2654800681918481
 6.707804143510671 0.1412707866589964
 3.3726489537366944 0.3396820493191596
 3.370294186183154 0.2146513495463885
 3.497587599382672 0.33726101852935547
 5.347516083923429 0.1360077235446432
 5.31986292584635 0.010093114669235237
 5.470737341445138 0.10584355678861379
 3.118325145208822 0.09423738339287817
 3.1205565269820714 0.21929366398439992
 2.993530672066401 0.09645632841219388
 3.882787435580788 0.8295376035457775
 3.8854852886035007 0.9544613460042259
 3.7576200048648296 0.8321622064501154
 1.6288631284409405 0.8659063884573004
 1.6301700755892659 0.9908032919142851
 1.5035952396728318 0.8671785787161381
 4.120061614244597 0.3227891889863304
 4.125009855829614 0.44801220706976697
 3.9973739162627764 0.32700478873281924
 5.977893403855179 0.5033438858566072
 5.943245760203777 0.3795681618052043
 6.107183934223153 0.4668791204296008
 5.1486054042134315 0.4407965522295702
 5.172444120763986 0.5648031754456633
 5.02156845306079 0.4652401981617528
 3.1227796786370483 0.3443273520604698
 3.124998567738087 0.4693386874789406
 2.9978481072998853 0.34654887707168935
 5.6515842502050635 -0.21168945356794466
 5.772030841277808 -0.24668028936954628
 5.806678410842031 -0.12044791637728491
 0.25020046744628033 0.6247975527087892
 0.12509578593520312 0.6249698737735673
 0.12500050568080853 0.49997929391633694
 7.454092306476801 -0.5536859384586317
 7.5788139057281 -0.6015550812858154
 7.624937676112243 -0.4765172270710841
 7.7036366606431415 -0.6496771711007823
 7.82854411285111 -0.6979106988555044
 7.874937864314863 -0.5728535669015957
 1.5011923171781814 0.6172986475367339
 1.3761012993154702 0.6184829783725879
 1.3749989771312985 0.49349821416008405
 3.24771318867048 0.3420379267129272
 6.25641845196359 -0.40051648568256903
 6.215961563424457 -0.5268355875657116
 6.378165632698267 -0.4420102270752
 0.3746928492393078 0.3745049575149241
 0.3743776665753581 0.24945152499053982
 0.4995857459892997 0.3741039202907475
 1.2530438582188663 0.8694507082499344
 1.1277603657691058 0.8704471833242569
 1.126833147126187 0.745526597397806
 2.3732166971871678 0.3565804594189509
 2.3749987871996794 0.48159354434318796
 2.2482956237740988 0.3583595850145125
 0.6265741847184308 0.8734619847298798
 0.6271192918437885 0.9983426730108831
 0.5012643198786289 0.8739647518042744
 5.594045329190567 0.07394526409940572
 5.624964577408722 0.1992238319788186
 5.718532025989582 0.5717647967223558
 5.750665277245303 0.694846920882519
 5.588461198813979 0.6035475626486474
 2.8687414014573185 0.0986059699590232
 2.8666367699657194 -0.02647706127501569
 0.3750004433975272 0.49952282414473625
 0.24980085245873423 0.3747973315938758
 2.4944047958369797 0.104621400548584
 2.619178463262669 0.10269024790459097
 2.6211253008837843 0.2277524712213005
 8.01530279900197 -0.19823151678834616
 8.063444974195502 -0.07339391094150516
 7.889933977442849 -0.14987614344077205
 3.6225300813779264 0.33477624851797977
 3.624997161154515 0.45978468162297786
 7.2590939437786215 0.08667544102087987
 7.304753129701337 0.21097131715526585
 7.132144225036572 0.13250297035822678
 6.874951350972537 -0.19620485944087085
 7.043744478666672 -0.11658178071064385
 5.053253084217277 -0.06188221064165575
 5.077496092746548 0.0647843997152188
 4.934366880462526 -0.03755867403471855
 0.124696291732884 0.12487686094407269
 0.12453621795061187 -0.00024019687715241714
 0.24936953007501075 0.12466333718583508
 5.101334370733242 0.19078690345897073
 5.124969833843498 0.3161245043912543
 4.978374861891679 0.21522886670885835
 6.621744949992823 0.30801419227553584
 6.493494865132147 0.3495078800993425
 6.453644989528077 0.2254431209384915
 1.3772076767714025 0.743437104418328
 1.2510085443775916 0.6195754098699172
 7.485601042580759 -0.8518616408732026
 7.438139569057239 -0.9771708424735278
 7.609960891872239 -0.89990000833773
 1.378322149504895 0.8683605960473308
 2.129882662947499 0.8599505841458174
 2.131529487128275 0.9848555795872876
 2.0046355827582056 0.861566123436983
 5.655883919595958 0.32395326438879335
 5.782486687351091 0.29040754213699566
 3.5024082275044672 0.587262008205337
 3.3773475481685775 0.5896828660358528
 3.374998150975377 0.46469239775770116
 6.21188559879919 -0.10852331256629105
 6.088144156012653 -0.0692550348966553
 6.051126594756519 -0.19490937214647813
 4.140504904774928 0.8205264391985431
 4.147096118761375 0.9427897060332442
 4.007956719148088 0.8268056314207202
 5.172399161878971 -0.08820119142475144
 5.291805267973136 -0.11642837249705842
 7.361508384563656 -0.8041223830845253
 7.532442324324568 -0.7266642500799448
 5.327539271517164 0.6618243705778606
 5.1966881489233625 0.6881450560326439
 3.627464782788648 0.58477701829685
 3.6299443201177675 0.7097522677108794
 4.670677202600079 0.7726205261972364
 4.6868841776179515 0.894892676924934
 4.538516380508812 0.7881181448209325
 3.8801554802073492 0.7045923823196093
 3.3679297591446113 0.08959899603958449
 3.3655540010676903 -0.03547585110357621
 3.4927400738724756 0.08718324637637238
 4.242545923241739 0.3151035584967118
 4.114989374196719 0.19704968029029057
 6.161774655000404 0.18075305356815585
 6.198792199819006 0.30510681056455924
 6.03543205151264 0.2187207334011637
 2.7479903239390726 0.3507818042432078
 2.87291833906401 0.34870091620206667
 2.874998691549093 0.473712860804037
 4.487462472414787 0.29134531994397855
 4.610044082612349 0.2757346663541753
 4.624986647745963 0.40114377592972794
 6.622440321038573 -0.5280323669529924
 6.7449678157744515 -0.5723873050660211
 6.788632926408324 -0.44673305239164807
 2.1233762851162616 0.3600589403686295
 2.1217496890788636 0.2350181093787881
 3.3797027771762833 0.714652712864007
 3.2522837258867354 0.5920385120647965
 2.8770790322029085 0.598701137828683
 3.002149181831723 0.5965491666831052
 6.335713744077733 -0.14900547219625226
 6.2962684071721275 -0.2745731110640066
 6.4596285807962115 -0.1906147985323957
 3.7423793598532438 0.08216117241163531
 3.86721096346081 0.07954074343815741
 3.8698391152635536 0.20459571513528463
 2.3785669996057033 0.7315416802489314
 2.251701995220297 0.6083597413782064
 2.376780872915752 0.6065806176383877
 4.406084635882393 0.8012378108827294
 4.417588904766634 0.9233184322489583
 4.273384942789182 0.8119959741932258
 2.8812558978482183 0.8486065808593921
 2.879163424735652 0.7236657219179234
 3.0064665777534736 0.8464570634298663
 5.275555227687572 0.41435976898267857
 1.8793833003783424 0.8630984264494781
 1.8779150838370327 0.738169155309984
 4.802572369039395 0.7547948030396402
 4.655082340570259 0.6495801364021024
 5.840921370224196 0.0052931049687847676
 5.964489418192655 -0.031287322839412324
 7.466108464366955 -0.13135971327959284
 7.294951182288254 -0.2090809633783951
 7.4204190873033795 -0.2561581542461644
 4.1350462846009135 0.6970370643777264
 5.5313977921515125 -0.17825935061634068
 5.499264768143209 -0.3051854137352203
 6.540282199616943 0.05939333392138102
 6.414199726395844 0.10100264446915885
 6.374956749851544 -0.02381355418756481
 6.990803079239442 -0.6633505927973956
 7.035856728129897 -0.5378420406794748
 6.8677554016242155 -0.6175223946767968
 0.8757197543829965 0.6222841799792238
 0.8749991615005717 0.4973005565668259
 1.0008177954065576 0.6214777068081757
 4.226542123566671 0.06190328342557444
 4.343837589082994 0.05115244375487715
 4.354673654529966 0.17826316213569426
 6.500172922734604 -0.48454442385753416
 6.542103818780297 -0.3587455553161182
 6.945143964080087 -0.7890626613236134
 7.114110890974631 -0.7097846254751281
 2.8708339162745626 0.2236652944145736
 7.9213311131606945 -0.44791170744157927
 8.046415467705229 -0.4959929069263487
 3.1160818101901295 -0.03084158434324484
 3.243124828598977 0.09195097434030824
 6.533951686411579 0.4731969188217444
 6.364984665351132 0.389874403783553
 1.3738966648511723 0.3684828104978663
 1.3727903131579315 0.2434367702677007
 1.4988055999477286 0.3672984870391965
 1.748628673359531 0.36466105050331293
 1.8735428103738787 0.3632114071235447
 1.8749988844139158 0.48822564659648393
 4.395302609919941 0.6783168176361982
 4.257482051706681 0.5651091799817318
 4.385032069723437 0.5545415528610823
 0.3759487848828308 0.8743654881913268
 0.37629272815687875 0.9992425731335706
 0.2506276259495872 0.8746669147010823
 1.6237162698168648 0.3660239886322887
 1.6249989321788807 0.4910388073201137
 0.12530429348616384 0.8748772541321609
 0.12545003096103188 0.9997664936025031
 0 0.875
 1.3716758732312027 0.11836009614321605
 1.3705492980736564 -0.0067472139392694645
 1.4964027209092985 0.11717809207841037
 6.583630119076293 -0.2332646087306286
 6.62495406571052 -0.10810157262652653
 0.12490537761120932 0.3749700279737705
 0.12480695986206579 0.24993949202213453
 1.8706144807090026 0.1130979536693445
 1.8691341306900648 -0.01200126113280606
 1.9953621395902517 0.11156565038169021
 7.512213903612391 -0.0067096555432000216
 7.55892152491754 0.11778736685645685
 7.385783802227252 0.04024221352055424
 1.1286997049963714 0.9953359955000548
 1.002471669814862 0.8713482845950449
 4.594871050348844 0.14953762699247536
 4.7327261902195925 0.25778773751096085
 7.32947009167826 -0.5061689067257903
 7.283782665871587 -0.6313797941871123
 7.214040118176245 -0.037824222444953315
 0.8728204599672718 0.12215135365792158
 0.8720753502902022 -0.0029640279286334676
 0.9975265297595448 0.12134757204545732
 2.630818958842167 0.852690752412539
 2.6327778998269755 0.9776038432237498
 2.5055926887177873 0.8546218884788388
 3.7474771151507005 0.3322305003794948
 3.872427193572729 0.3296319388472809
 3.874997102379496 0.4546441117454072
 1.6262815995679845 0.616024146256734
 1.6275683172021966 0.7409800064759512
 7.169392182546613 -0.1625271803916032
 6.831893397078147 -0.32133897901525543
 6.956155333057621 -0.3665904273647025
 4.332311329191626 -0.07676164500055849
 4.461417487811082 0.03805086805407265
 2.883360461479182 0.9735237201123292
 2.756040027453098 0.8506850672933157
 2.371430559649354 0.23154136214514354
 2.498139504952241 0.35472329895988086
 3.1272174742517787 0.5943277579057527
 3.129440665318765 0.7192943895103143
 2.6172194903588006 -0.022396830277794617
 2.7439573318595114 0.1006845265837967
 0.8771777620006499 0.8721522661990245
 0.8779229905928518 0.9970370222100057
 0.751878619743953 0.872857386117934
 5.028404183254316 -0.18921293526700117
 0 0.375
 1.2489894688294343 0.36957522558020334
 1.124084023425523 0.3705740032607613
 1.1231649505712884 0.24552617973820207
 1.125914047490437 0.6205742219668312
 5.848342763468167 0.5383346714806667
 5.6870056519146175 0.4481335801609779
 0.8764446007774751 0.7472346911941649
 7.638383993188085 -0.05409480919888354
 4.512522672566123 0.5413719786176474
 4.375008591814975 0.42993883445882697
 0 0.125
 1.8720826911633557 0.2381688430021862
 1.9984586808299811 0.3616767922940316
 6.457635123059746 -0.6106612143501247
 6.707718375162115 -0.2768681998649134
 4.697373000768353 0.004752507072143405
 4.815740300963591 -0.01531802424118367
 4.835826627882755 0.11149622732311701
 5.430071885101764 0.5101095992087872
 5.402418207084299 0.38601598530230263
 4.639923278157095 0.5257581504233269
 2.369636329469972 0.10647625215648325
 2.367829960852867 -0.018614870963411863
 3.1316720818315003 0.8442383154716686
 3.133915364130564 0.9691594852101546
 2.62306404699282 0.3527898379302776
 5.529194430520089 0.3558516229966411
 6.288030544869534 0.14148478097063277
 6.124959404530431 0.05596577660273022
 4.855504560335911 0.23759091836361354
 4.87497466968883 0.36296154986972085
 2.7520071042493814 0.6007819893121942
 5.56292384787451 -0.05188245994501339
 5.7174400073175375 0.040399538314493666
 0.6234238140176672 0.12346031144640664
 0.6228787611608944 -0.0016589509768191746
 0.74811955654103 0.12285616470192086
 3.5072577504276414 0.83718501959401
 3.382067669570842 0.839600507356052
 6.666277964836216 0.016743564467968652
 6.700696008086215 -0.6983017792919941
 6.013704411228353 -0.320997240515309
 5.975675270625332 -0.4475186448696263
 6.134931376733727 -0.3601499253762959
 4.934205101169934 0.7347169887284528
 4.914119431609119 0.6115222884558322
 5.065576836244977 0.7124715475835821
 5.736776307814174 -0.3734040132280602
 5.892737564112954 -0.28314512063890795
 0.37404828026077425 0.12436235820586802
 2.6249987422430845 0.47780234909317953
 7.968017428383326 -0.32306024287453816
 8.14048227182664 -0.24700491941265246
 1.7458720245736692 0.11454528383886681
 2.126621383902483 0.6100590956929571
 2.124998834786132 0.48507260219256754
 7.20494213035652 -0.45909081258642603
 7.08050458205261 -0.4125362891247607
 0.623957090817188 0.24854636342430228
 0.7493786762657891 0.37299140200195235
 0.6244809984833782 0.37359867254335777
 2.3803612162654546 0.8564767329063943
 2.3821675738763717 0.9813857757230741
 2.2551245409916363 0.8582535431654079
 4.364976417832035 0.3045198291876239
 7.764292428986075 -0.10183502908245357
 7.8117589283096205 0.022856815008693077
 7.124948366399882 -0.2874315722522979
 7.79623649265252 -0.3996723444968926
 4.129962266184178 0.5727845571506635
 4.002622697704429 0.5770025291008121
 5.874962037233002 0.1305427879585962
 1.8808636539044683 0.9879993756071473
 1.7541258154835133 0.8645457597094719
 1.6211347713237965 0.11590590819270341
 1.6224295659393244 0.24097968904996644
 1.379448754195704 0.9932534540804886
 7.004934525927819 0.17763759941607482
 7.049206127495182 0.30173128403212823
 7.734583857679857 -0.9482446819238872
 7.686456386603267 -1.0734225905720747
 7.859386564982771 -0.9970135495151471
 3.8775669864361384 0.5796301576162582
 6.236214354537972 0.4290270596843922
 6.2742434408039545 0.5525137884088069
 7.374944143104698 -0.38109606373672533
 7.237679059953631 -0.7567371665469295
 7.190973306453148 -0.8822466989081824
 4.954896584324401 0.8571919414481821
 0.37370348406951714 -0.0007600926659806103
 0.49873329254246507 0.12396244165243064
 0.3756215512952059 0.7494535517965145
 0.3753076778474162 0.6245057858388289
 0.8735536230905837 0.2472339744177354
 1.1222377818242475 0.12044658946652861
 1.1212985159241229 -0.004664767856881459
 1.24695422767531 0.11945017771322056
 2.626933429130828 0.6027900061690044
 2.6288721524054197 0.7277528077459583
 2.501858017667738 0.6047234602923499
 1.6198278361284122 -0.00919735388332442
 5.3749670540219645 0.26131537252648385
 5.224381666051994 0.16435105025929608
 3.752516824998797 0.5822302047430756
 5.909002730946314 0.2553011301363407
 5.2215388140610095 0.8108225818073777
 4.579264895296188 0.022567748868913703
 4.563058657567403 -0.10516312538987618
 5.4581302823656195 0.6335963032668288
 0.6255179399819683 0.6235994858207508
 0.6249995825256629 0.49861649533066693
 0.7506198486291586 0.6229919869290577
 3.864524239519577 -0.04553333214639591
 3.992042226604544 0.07681671213754412
 7.781858161703149 -0.8230607830048171
 7.953475566209317 -0.7459959506739198
 7.717443235780262 -0.22664439078147358
 4.795051434555071 -0.14285048669800743
 0.5004138627182535 0.6241048995813405
 3.256872436211822 0.8419521760752638
 1.751369146958455 0.6146612065912251
 1.8764549598549094 0.6132115622604695
 1.1249990315004061 0.49559002637571853
 5.411471469220952 -0.14647671783649002
 7.545791769306195 -0.3036746672752797
 2.2448730641640258 0.10825306627339165
 0.12519462514738453 0.7499390430019949
 5.486795522574391 0.7564761426727389
 3.6324423362110143 0.8347065144838635
 4.109508491459805 0.07051730185134669
 4.102566313378905 -0.05738355741936515
 5.263140782602681 -0.2435567839240742
 4.767229463835792 0.5078061219301787
 2.128247977612146 0.735018422652346
 2.0015390387992547 0.6116769472169
 6.013147938364481 0.6266283032529888
 2.120115000794072 0.10995010922897004
 3.6349534084141784 0.9596346019215709
 4.894443653781481 0.48760507211336224
 7.671064192845221 -0.3515451587507705
 0.8742785328661417 0.37228377650935
 0.9991803570433574 0.3714774211856678
 3.6200521509476014 0.20975065890212857
 3.6175562174334175 0.08470471570078253
 3.6150470214865735 -0.04036596157668167
 3.384443749896412 0.9645255587844334
 0.6260413196603283 0.7485477926552548
 0 0.625
 2.1184681740908196 -0.015145059529645838
 6.7922725920491756 0.3893714286157721
 0.37387746809133166 0.06180507487125222
 0.43619447267427075 0.06161823165777309
 0.43639006312881023 0.1241750978157641
 1.6269241993565937 0.6785057611869229
 1.564357557486432 0.679153994405263
 1.563737175260644 0.6166725599888118
 2.0648724828026923 0.6733611960960068
 2.06566605457788 0.7358372108303692
 2.0023103930383153 0.6741596449317765
 0.3131492417232953 0.8120763560316742
 0.313288852002462 0.8745282533122737
 0.2505145908150713 0.812213539521977
 6.168744033360984 -0.026072841905084465
 6.187458739635804 0.03648156348573839
 6.10656442203213 -0.006590437128584703
 6.951679296687654 -0.5775555041036246
 6.973985464643441 -0.5148100849789752
 6.8900197996211086 -0.5547025931504167
 6.180245495953562 0.24298412052259177
 6.116754472403589 0.26212691805274
 6.098614194685276 0.1999048882725506
 6.300632022090747 0.4096078856709222
 6.217440054917808 0.36712112279180925
 6.281538002048386 0.3476820807689989
 4.805483204019249 -0.07899431360833983
 4.864228555207081 -0.08982530856693235
 4.87502115719993 -0.026172519606749683
 7.27243579153158 -0.2715200653002008
 7.20980228882167 -0.248166378893253
 7.187447488819955 -0.31064568782928303
 6.8103011159386675 -0.3840035068696471
 6.8722315424699705 -0.4065279373006516
 6.894013484810791 -0.34387251974483635
 6.983038841640073 0.11549316218109262
 7.046486463139797 0.09299798935393688
 7.068571879655398 0.15516234096862036
 7.24450353266835 -0.5451678944115483
 7.221734276207949 -0.6078053845731634
 7.30666611691412 -0.5687566243701254
 4.534748691318626 0.1576150566409439
 4.602499768740247 0.21273383577198568
 4.541788666823394 0.22082616155168838
 4.7452491540038455 0.8252500671048197
 4.754013187542376 0.8863170270138137
 4.678695022879298 0.8338522160589932
 7.960637182203161 -0.5344250634773611
 7.937441344037582 -0.5969004027914542
 8.023163838928866 -0.5583778042686647
 2.374107995387413 0.4190902532736406
 2.311627624380586 0.4199897872212671
 2.3107559435898164 0.35747988511819945
 7.586154555396656 -0.9624964549013129
 7.6483609189251665 -0.9866129779090278
 7.672241050485786 -0.9240295728889325
 4.338161383224843 -0.012709575162734896
 4.39632727842404 -0.01893968873249577
 4.402593297632658 0.044900308335620184
 5.394877412330176 0.05827546414085749
 5.380563117723951 -0.0047450188512220826
 5.456059927503576 0.042980254643731175
 3.3761724470660104 0.5271901363704813
 3.313656790156178 0.5283764903971213
 3.31249830353307 0.4658788811581611
 7.7428157098160035 -0.736335404721882
 7.719442115698437 -0.798891280548111
 7.805256078286644 -0.7604772221995433
 2.4393196618747015 0.6056616845507369
 2.3758895778487608 0.5440903323192728
 2.4384089667440243 0.5431712906237984
 3.741086993480808 0.019630351627165102
 3.803480309571182 0.018330946634575296
 3.8047941160152448 0.08086197700220543
 3.946732815341685 0.8906417146927372
 3.9481325834380527 0.9530942721049206
 3.8841290527318892 0.8920046293846952
 4.746812790108211 -0.06870586872950149
 4.736927731947171 -0.13258867634871532
 5.538022130523206 0.6803333629389477
 5.552892993066835 0.741724512577045
 5.472374413080059 0.6951120798240735
 7.075161382596422 -0.6237378363516574
 7.0977717594677285 -0.5610257828458645
 7.013393122964815 -0.6005708735566461
 2.8697889209783995 0.16113859615815052
 2.932200576733973 0.16007214835802092
 2.933263244244415 0.22259851364579147
 5.125471316300889 -0.01140139608745011
 5.112793626941743 -0.07479773089469058
 5.185559104131658 -0.024824787255175423
 6.855980970402041 0.15988760922536727
 6.792370740653617 0.1817651787464184
 6.771235548551122 0.11960452999765059
 5.701115145168745 -0.022427610884127536
 5.762460228725246 -0.03978213023488769
 5.779169854181688 0.023035992577625397
 0.5002065741075481 0.5616179695429467
 0.4376802376451038 0.5618316806084273
 0.4375002195254765 0.49933588127564954
 2.683551153116958 0.22675810131786545
 2.746984857540436 0.2882665891137522
 2.684539819771802 0.28927963900852416
 2.309883251214963 0.2949634075734127
 2.247442765656349 0.29584292701101156
 4.431873010476615 0.3610612711582093
 4.437503038410335 0.42367065326620357
 4.370009566949288 0.36733207950151436
 5.3661476976862 -0.06791361649361632
 5.351605856374648 -0.1312303330137376
 5.426452287943385 -0.08317988070963683
 5.35232583502374 0.46253449978394845
 5.338997564887391 0.40042085503420666
 5.416207088881938 0.44813866244011386
 7.913745478327138 -0.08747101806723712
 7.8508791934103 -0.06343535662182265
 7.827147086448521 -0.12581949143424986
 0.06252323894138703 0.5625085373905314
 0.06254637033104599 0.6250048125037106
 0 0.5625
 0.2507472005244388 0.9371103030486874
 0.18805895074997855 0.9372284700012257
 0.18796563120949014 0.8747827313122807
 6.750201506304709 0.057368002119710826
 6.687003121295211 0.07904691446042644
 4.646728172591629 0.0775062899305486
 4.638286519680803 0.01394716586305321
 4.7063790361821445 0.06829059649101847
 3.4398783395844674 0.5884805242173796
 3.438687671983897 0.5259874329563013
 7.50909209773351 -0.7892503989564724
 7.571312177890886 -0.8132534550192387
 7.594728305557824 -0.7506826097842916
 2.249147470309266 0.42086959554027337
 2.1866675331064287 0.42172946103976555
 2.1858357375881954 0.3592193424313373
 3.5637165707695657 0.5235335741642558
 3.564937078892739 0.5860274467158347
 3.501202400098859 0.5247685208214425
 7.944618903038641 -0.38547809918318454
 8.007171038412823 -0.4096098039326104
 8.030582776552873 -0.3472532735262497
 0.624740651663121 0.4361119282320456
 0.6872148199266063 0.435820743099803
 0.6874994322673259 0.49832522549510005
 0.2494847162723569 0.1872113394493986
 0.31184928814625895 0.18707369014515476
 0.3119855481335746 0.24961339790100015
 6.153287918342847 0.3862350189075597
 6.171731657300873 0.44812108394526445
 6.089081592927905 0.4050129256599531
 2.129064055805059 0.7974878989855673
 2.0664616494640153 0.7983063622148063
 0.9402208092928283 0.9342094842648282
 0.9406197498330068 0.9966482966662297
 0.8775486389475005 0.9345987480523765
 2.3705347089894366 0.16901205876572883
 2.4329376931419016 0.1680938820329927
 2.43385294480966 0.23062286057341053
 1.3722343570368982 0.1809022624385588
 1.4346200002867238 0.18032224374822448
 1.4351988256713692 0.24285642539814128
 1.746564473921721 0.17708506435333812
 1.808956620143342 0.1763717316441862
 1.809668109253762 0.2389039609833115
 1.8160411862018913 0.8013721247710179
 1.8153296927828377 0.7389042739770999
 1.878647927816807 0.8006373309700074
 1.314615347979539 0.7439944806548164
 1.2515145868905275 0.6820559398447276
 1.3140844835639867 0.6815215008137034
 4.112335133477899 0.1339143824171239
 4.052974344752703 0.1370865141621849
 4.050925912222242 0.07404793710376932
 5.211525103214494 0.10145135569328126
 5.150472832702115 0.11490391634895991
 5.138022651302356 0.05183249203105689
 2.9449300695858733 0.9100025918671805
 2.9460017680084545 0.9724587393308484
 2.882306416518937 0.9110681131005745
 6.069673308796821 -0.13202801218846533
 6.008165669370285 -0.1128851942134001
 5.989949522659868 -0.1757791956994617
 0.8768099019443978 0.8096975842224666
 0.9394329478490357 0.8093074235413386
 0.9398253682924314 0.8717625246530517
 6.319877780725887 0.47142892575121553
 6.3393005609087725 0.5331451942983179
 6.255140387238138 0.4908246156465996
 4.072060390925664 0.7620592875493605
 4.074122218706238 0.8239980253500955
 4.006602764227122 0.7643730767924093
 1.4369251923973663 0.43041345058390473
 1.436350915327168 0.36790202909746494
 1.499402529179701 0.4298097992234761
 1.1889440374350857 0.6825669730044527
 1.1894280844691747 0.7450394427116211
 1.1263728333903418 0.6830543853791192
 7.928956497993633 -0.23644348747814714
 7.905435609894721 -0.29888419797508203
 7.991565578790103 -0.26064814878327347
 4.493746404254067 0.354160371526831
 4.555631920303198 0.3466478543818991
 4.562491538540832 0.4092556884115095
 2.5046557349857212 0.7921568185106648
 2.4420598310428567 0.7930942836855804
 2.4411445878565017 0.7306231810296682
 5.089453231332788 0.12786870566557332
 5.0284663965283825 0.14033489725046466
 5.0170130674265145 0.07723758681497128
 6.906662694811514 -0.7032094925228753
 6.929246728150845 -0.6403553048266636
 6.845339443397826 -0.6804001108070364
 7.029536367977604 -0.7493043918491912
 7.006472365568745 -0.8121587841152187
 7.091086571011747 -0.7725680250942134
 1.8167552082958611 0.8638328226448504
 1.753433360790347 0.8020854590172187
 3.685003035768957 0.33351069406054296
 3.748737894348249 0.39473678196845796
 3.686250793389625 0.39601676057480123
 0.5636774691119857 0.8112737477451629
 0.5639199440253103 0.8737261502815968
 0.5010473187205201 0.8115127974069205
 7.4260311894923 -0.04545953522790647
 7.449031325552066 0.01682570121996163
 7.362910073864567 -0.022022553073735907
 1.5587680957780023 0.11655316385061949
 1.6217834330332461 0.17844648370154773
 1.5593945383520191 0.17909413691701218
 3.123889392979489 0.4068358021171882
 3.061406401287692 0.4079552815667989
 3.0603136619720868 0.34544669871653594
 5.515419803094037 -0.24165373628216413
 5.5750740635109 -0.25814479055503986
 5.591458503859659 -0.19477388978936278
 7.633591390243072 -0.8373231376671573
 7.695927422760826 -0.8614565192654586
 1.5029912213398016 0.8047198669767184
 1.440377977121202 0.8053226529590297
 1.439799137888813 0.7428567525178762
 6.642426739461277 0.3699526412725179
 6.578068684234678 0.39081147852072085
 6.557652422210849 0.32889651285034194
 7.27618767342922 -0.8430927318728375
 7.252643327658596 -0.9058398436468952
 7.338036650881952 -0.8668101117142233
 7.084501519597828 -0.20189445742360057
 7.106579325379752 -0.1394730841471311
 7.021834513423905 -0.17899751162664146
 4.076364647657833 0.8856509501247161
 4.079089731016272 0.9468247253311691
 4.009339073986612 0.8892281060580411
 7.470205501633635 -0.7027152846167427
 7.5556740407533844 -0.6640999812416045
 7.493366674586443 -0.6401370421832246
 4.210726322899952 0.8777066919538858
 4.2148701010184455 0.9386068560527565
 4.143560883392105 0.8818410218646758
 1.3151482368245782 0.8064597297300247
 1.3156836540353796 0.8689172485408311
 1.2525317403117728 0.8069935877501135
 3.304356665487626 0.028247901403148118
 3.303183542953918 -0.03429282297904522
 3.3667433460799923 0.027064368105514283
 5.305897302305823 -0.053091772695103484
 5.789417850096844 -0.18350268193852687
 5.850101782989671 -0.20157614054635475
 5.867725430839491 -0.13853762913454304
 1.5668593204766816 0.9290053140304975
 1.5674923460389982 0.9914495391515873
 1.5042022916713156 0.9296297764698261
 6.417570852379858 -0.10703714795179242
 6.397660325922163 -0.16967465636030454
 6.479804644690089 -0.1279827114415636
 5.005458449962074 0.013970746577671417
 4.945533452132767 0.025897697089434513
 6.520106165615282 -0.002978642016677524
 6.4573413022002 0.01796691283659313
 6.437456082273635 -0.044489961232709985
 3.74621251366974 0.269719961482366
 3.8086743564597336 0.26842484293568647
 3.8099520426318167 0.33093687315540987
 4.261283649093963 0.6271528996845285
 4.196863807626849 0.6314411818533171
 4.193709733665869 0.5693353850158365
 7.1527120911853235 -0.795961186473406
 7.129387535332383 -0.8587616858176645
 7.214412610503083 -0.8194729868717794
 3.8137682079130935 0.5184435268528337
 3.8124968294399277 0.45594634325378486
 3.8762809513182566 0.51714036654728
 4.858860822923838 0.683545493440638
 4.849428087723744 0.6218752912101885
 4.924098644236147 0.6732096922217066
 0.8101232763758732 0.05996218098717825
 0.8097737999642098 -0.0026001346694377505
 0.8724496248593661 0.0595977657922696
 6.996190307452749 -0.4521189449926024
 7.018319000881488 -0.3894819339867236
 6.93419458234844 -0.4292366868463299
 7.2997342016273 0.0012846025055572863
 7.277123638700035 -0.06100748392610966
 5.634804199135515 -0.27503686792587584
 5.694610208606896 -0.29231913002061705
 5.7117750289271685 -0.22899520029579434
 7.299560986629544 -0.7803808924960012
 7.232182882848577 -0.18573336305133403
 7.147157479732612 -0.22495430519742354
 0.5641656181935295 0.9361701646025543
 0.564414477281345 0.9986058364064117
 0.5014847293675824 0.9364082715493912
 4.612066901043905 0.8418719683341229
 4.604630298209085 0.7806644099298593
 6.7709152420253105 0.3274654848224122
 6.706708924980684 0.34883369693965305
 6.685772449213865 0.28687176212162113
 1.7479422923063304 0.30214294769357686
 1.8103775756971352 0.3014290365796518
 1.8110855252492513 0.3639469586659932
 3.2580259373177594 0.9044165434307228
 3.1954096970995556 0.9055674443461714
 3.1942729007048536 0.8431035531220639
 4.865252776399693 0.3003670103835771
 4.927213706899814 0.28944498715003286
 4.937473063396409 0.35203710953397016
 4.968353322669381 0.5387465259947978
 4.958017107167088 0.47668780881192574
 5.032430659054153 0.5273082692214413
 1.620483074530984 0.053357962251636845
 1.682829048643058 0.05268906636178048
 1.6835027476257538 0.11523654245121354
 7.128707990969944 -0.07710575781058493
 7.15091281620977 -0.014792651145170033
 7.0657051725530104 -0.05422377112595711
 1.4970067274184131 0.17971946264570646
 1.5600184521943634 0.2416276674532578
 1.4386470252470818 0.6179021924611859
 1.3755498840971914 0.5559944263013498
 1.4380727416188819 0.5554135322970607
 2.9406734369135292 0.6601193912335865
 2.939614332690676 0.5976339360080616
 3.003225736919006 0.6590348318909705
 2.8739587712228323 0.4112098468188388
 2.936441094571386 0.41014250468923297
 2.937498672442436 0.4726454868675737
 1.0629323395111552 0.5585499770724679
 1.0633661422302059 0.6210379862180768
 1.0004081773695903 0.5589898089203701
 0.8148749703148956 0.9349632911915107
 0.8145288475893023 0.8725172913793618
 4.420478220225342 0.2352195274918727
 4.414650258702727 0.1719854727259985
 4.481114955690955 0.22832490982485498
 7.740797807460338 -0.16422646062734403
 7.677959031345267 -0.14029479205289908
 7.654681606677241 -0.20269446295321392
 1.185083932876849 0.1825035654793997
 1.1855699854330919 0.2450390582503398
 1.122702628326124 0.18299035427459168
 1.8742711002000811 0.4257220674062588
 1.9367499533228292 0.4249651646224132
 1.9374988720074116 0.48746870773568673
 1.313026809557563 0.5565523451659019
 1.3124989887822567 0.494056167929965
 2.7449688656356517 0.16321795067332884
 2.807378350946153 0.16218726956643473
 2.8084054598292827 0.22471429707342225
 2.6317966588822843 0.9151504042140353
 2.5691654269879276 0.9161249298369872
 2.568206473975709 0.8536657478905736
 7.773068211731778 -0.46215288408361865
 7.835595081091677 -0.48626414416835506
 7.8587905451276265 -0.42379071015247716
 4.0549373196051945 0.19995534793725453
 3.993395160954136 0.13938111189562763
 7.914245160150236 -0.6594248226391464
 7.891012965381349 -0.7219962632548462
 7.976728299829975 -0.6833793730235012
 1.0603224107260916 0.18345328813435471
 1.0598815071212426 0.120909119916714
 6.968061695888115 -0.7261812316916112
 7.052424463927946 -0.6864973432206389
 3.873713241895229 0.39214125784365
 3.936200663471457 0.39083212390604405
 3.9374975936704604 0.4533360967911259
 7.2898331745735545 -0.4200100434275552
 7.312445402896892 -0.3574884588786955
 7.227457308736085 -0.3965250539506331
 1.623073676112503 0.30350552396099484
 1.560640343350679 0.30415375562593344
 0.12514446704016646 0.6874575313481787
 0.06256984720987475 0.6874982262606093
 2.497208609583422 0.2922073622427036
 2.559651696118676 0.2912502414775965
 2.560601559021024 0.3537659977601665
 4.206952633413371 0.8165270841252033
 4.137702882452457 0.7589018105643284
 4.203436277030035 0.7550684325374031
 0.18742759347813454 0.4374093850312201
 0.18750066126040027 0.4999125257877485
 0.1249531023742075 0.43747702763701035
 0.12524728813091277 0.8124129835724477
 0.06261926220605583 0.812473218566549
 0.06259396180662435 0.749988106865404
 3.678694305097133 0.020910107035187128
 3.677420661259444 -0.041628275965362616
 2.5653457947012566 0.6662504876644563
 2.566297164363859 0.7287285271104736
 2.502788905773246 0.6672076045384083
 3.429131360593626 0.025864933206129904
 3.430334226910654 0.08839899619436303
 1.9397476531440159 0.6749372849779737
 1.9389972159697697 0.6124547676887012
 5.532380496992155 0.09010575415169308
 5.609517585946284 0.13665319097460132
 5.547435477140967 0.15281910799326082
 3.807390203799185 0.2059082928591378
 3.8711366659184234 0.2671165472856104
 4.171574501630314 0.13004215866941143
 4.174935976950551 0.1933556156015327
 2.306372250359816 0.04483174314154933
 2.3054869138923144 -0.01771761166724891
 2.368734915433881 0.0439339423018983
 1.8801217070371452 0.925552441156368
 1.8174722643729992 0.9262863679405476
 4.794103648584831 0.2479652817373456
 4.803303629435657 0.310747979897152
 0.2501002110661746 0.5623089224407886
 0.1875737525256406 0.5624093386434388
 5.671610527053951 0.12007541686199219
 5.687463950894654 0.18264425213917485
 0.49937655531482733 0.3115815219277534
 0.5617978252663601 0.31134199120420863
 0.56203305819484 0.37386416285807306
 3.0624986136465027 0.47045820017409457
 2.998923636967123 0.40905758175894724
 1.7506837745404955 0.5521720054796216
 1.8132053301903925 0.5514578048715998
 1.813912270109009 0.6139471141387857
 3.070172858704246 0.9078191743107518
 3.071279207585469 0.9702763961402094
 3.007552214604154 0.9089195367368935
 4.947732259766402 0.4144513933496337
 5.010757341804448 0.40299826705729935
 5.73371430248963 0.10309662875591746
 5.795828907550898 0.08572766602225268
 5.812462680943402 0.148292890983387
 1.1845953550010166 0.11996020192906255
 1.2474663229032927 0.18199314128292934
 2.2440111024542286 0.04570981748408123
 2.307254046718375 0.10737452250660554
 5.703317395723791 0.24507941547405615
 5.766212352837474 0.22810062900953942
 4.321260668142212 0.5601642372293069
 4.253735229940763 0.5028768594015294
 4.31687236738552 0.4979543068005671
 4.117551746005266 0.25999427830192984
 4.056856508913855 0.26270977707500714
 5.573480120240989 0.5418403241171187
 5.508786087339817 0.5571067342972298
 5.494370364086319 0.49527126169428665
 4.885662846812176 0.03730402662861751
 2.6855269684436083 0.3517950350627628
 2.6220954327389334 0.2902742616043959
 6.389996821851781 0.24580882404996385
 6.307129990382637 0.20373391538360514
 6.370523465629583 0.18364819329198412
 0.7509315316439543 0.6854709285650099
 0.8135068164677188 0.6851296883878047
 0.8138452167140058 0.7476005161254099
 5.262749100670933 0.3520961452405839
 5.325719948366548 0.3381518298059232
 6.582860192009387 -0.02418431385385389
 6.56245473907932 -0.08664480820428933
 6.645603377016685 -0.04563926604138635
 0.748437770048247 0.18540243280177368
 0.810812478408194 0.18506206923951446
 0.811153044567366 0.24759966493702698
 5.934592978866343 -0.3651331840041069
 5.953188472970324 -0.30190319182928793
 5.87448347633469 -0.34639859895297215
 1.9322281203939444 0.04979671814355845
 1.9314650400349804 -0.012755887903095417
 1.994581682102539 0.049020522976237435
 4.070085719734115 0.6999423926095715
 5.865122876641678 0.5999913288394336
 5.799854442864057 0.6168834153184777
 5.783469904919014 0.5552502340121304
 7.585424620614484 -0.3900433929067574
 7.608440762616469 -0.3275712236478311
 7.522851735492019 -0.36614026518068354
 2.880208400854137 0.7861391179640115
 2.9427967161822886 0.7850727227967311
 2.9438618859447754 0.8475405891890164
 6.1349706190911135 0.3242369610246083
 7.414619672199816 -0.4673311632613747
 7.391769103986129 -0.5298778718021376
 7.477030939634036 -0.49114599532411574
 2.1833322585170127 0.17164866596034817
 2.182493382185315 0.10911166718094947
 2.2457319915591687 0.17078966759546305
 4.132477414302251 0.6349858742897192
 4.068159175687745 0.6377042055772703
 4.066260840444474 0.5753754019993967
 6.192786132088028 -0.1712782271714931
 6.131213462059484 -0.15149596758812256
 6.112347018808438 -0.21436468411923632
 1.311971170770262 0.4315522575371207
 1.2494944872053426 0.4320869810259237
 2.431099097402627 0.04301663181689548
 2.4320199125205133 0.1055584722934835
 6.722920393382274 -0.6353120233674284
 6.784092001765139 -0.6577639839454632
 6.806329096761242 -0.5948627638570898
 6.230934482488959 -0.04586955201466536
 6.150004038208736 -0.08873202124782736
 7.36886358347337 -0.5924547411269006
 1.933744164384115 0.17488090317410754
 1.9329876598833413 0.11234231531771514
 1.996139562293421 0.17410384118152242
 7.726803397288005 -0.5871550442317257
 7.7892770415289725 -0.6112646069447241
 7.81243597725883 -0.5487550703742419
 3.6311909918180065 0.7722323816883022
 3.568616770673733 0.7734804761179919
 3.567386511754135 0.711001343291964
 0.43599596701299903 -0.0009466963484566067
 0.49851268018833816 0.061406029963484474
 2.931135386554485 0.0975399245403778
 2.9946133211395733 0.15898814579307408
 2.3186253207652103 0.9198323037405451
 2.3195106539380865 0.9822830318204551
 2.255986499644189 0.9207103763159871
 5.2749761595138525 0.7366738776040687
 5.287983002329606 0.7979566717792294
 5.209025064008775 0.7495668730279621
 5.14299815542775 0.761961294971965
 5.131165026541063 0.7005630053376567
 6.853435040510298 -0.25873943738416405
 6.915744746359693 -0.281278441514591
 6.937450649867202 -0.21874566637540016
 3.427925876796937 -0.036674806155849365
 3.4915206100582523 0.024649790908143378
 1.4340386467345292 0.11778047539729132
 3.868531627827194 0.1420702293795805
 3.9309655628087747 0.14073360544885072
 3.9322870997298747 0.2032691390596125
 2.8196812508710383 0.9121158764005649
 2.820717423148321 0.9745709421685329
 2.757054570361312 0.9131456594999414
 4.583178004195199 0.5958636216665437
 4.590207515945849 0.6576626904192786
 4.518859238842307 0.6033648510168574
 7.601891401798042 -0.5390278211832418
 7.664341076867728 -0.5630688361714904
 7.687436281337388 -0.5005600171087194
 7.090808905336574 0.21726519501881414
 7.154560137824631 0.19462931328261235
 0.06264694353409457 0.8749512733330506
 0 0.8125
 0.5627326475001851 0.5613780648713667
 0.5624997682969752 0.4988822399030798
 0.6252584544607357 0.5611123464841825
 0.9355652461506749 0.18430670963562215
 0.9351728480945467 0.12176172401240698
 0.9979432821490158 0.1838921467538377
 6.833767867344756 -0.11139146795720523
 6.812452037373694 -0.17385924058166236
 6.8964676481484295 -0.1337352411075886
 5.577494949500377 0.2778231181007574
 5.562465197758718 0.2153915605554213
 5.640411594201742 0.26165719059412146
 6.439136762757228 -0.4631526894302621
 6.521201586452562 -0.4216052488090388
 6.459921568490504 -0.4001936408127148
 7.976540865255586 -0.1115877517594448
 8.000617521011591 -0.04919329478972978
 3.5576101632224515 0.21099959586451789
 3.6212930852270904 0.2722657421901466
 3.558835850470526 0.2735154278168338
 1.9412535855699227 0.7998812950053005
 1.9420100919185737 0.8623427877475867
 5.379235440854119 0.5862957229540828
 5.39286728835318 0.6479433372726985
 5.314378815125546 0.6001966404459602
 5.798811613416799 0.3525844009130678
 5.862465221406349 0.3352298973445923
 5.879250764198682 0.3972893498576082
 2.3090090413714672 0.23244035462749124
 2.3723243870846407 0.29406416230927346
 7.062449171851973 -0.264369753245549
 2.1899947115447036 0.671702738076507
 2.1908290335349743 0.7341792588598095
 2.1274339222335192 0.6725421547658801
 6.603290921700057 0.03819308991541559
 2.1209336093045232 0.1724875053857225
 2.0585360438952462 0.17330596952506305
 2.0577379199213883 0.11076817604466217
 1.3711143558846637 0.05581027100066748
 1.4334542588722288 0.05523112013488121
 1.9427696324638752 0.9247972723783224
 1.9435327132006508 0.9872447485836984
 3.1965498415275575 0.9680257184917965
 3.13279201351389 0.9067017328660761
 4.359875868761293 0.2414982061026204
 4.4262087258248695 0.2982446444915471
 0.12485688830754935 0.3124578220405145
 0.06243095392159196 0.3124983545960417
 0.062407111160445575 0.24998849879788163
 4.647461065775085 0.5877677020388048
 4.576234805283775 0.5338633163981052
 0.4373201048320637 0.43683121376910544
 0.4371390426079684 0.37431765489325197
 0.49979330513556913 0.436617480380095
 4.40061335913854 0.7398849769754847
 4.3349233732714545 0.7455524129608011
 4.330250660314118 0.6839721643055228
 0.6860642047672125 0.1857176410405407
 0.6857710391655635 0.12317091910184938
 3.43630831514943 0.400986951756252
 3.4374979556695937 0.4634895515548961
 3.3738239074939065 0.40218970988291675
 7.380388376576593 -0.170152829589598
 7.357696735908024 -0.23255940327173408
 7.443223991748284 -0.1937409653335901
 3.1863726209346908 0.40569933273505504
 3.1874985048423308 0.46820218176343953
 5.920090614086487 0.049862562145500555
 5.902694561019046 -0.01281827669408786
 5.982237716860812 0.0313881048821254
 3.50361612798534 0.6497507503300459
 3.4410707415736264 0.6509686518517619
 1.7451765402916322 0.051998277478254785
 1.8075255494904563 0.051285812333211646
 1.8082426023320615 0.11383234889833875
 5.84575554888845 0.2730440041282099
 5.926086311530393 0.3174960589304135
 5.010717058423137 0.7852109529962694
 5.0216867181715905 0.84638546041282
 4.944463027436856 0.7960444481620381
 0.31343378777364267 0.9369709539077683
 0.31358372305217425 0.9994050109328544
 3.3090203930264654 0.2783550632342081
 3.3101807589663417 0.3408682106542177
 3.2465691021503322 0.27952443415092554
 5.1367749040861055 0.37854373434881744
 5.073771548336034 0.3910254927072752
 5.062470724860488 0.3286079415245827
 2.8135207452538604 0.5372595000691683
 2.812498706825576 0.47476244608256263
 2.8760386089287158 0.5362099587901406
 6.026305949757968 -0.05010318871907915
 5.946690543067943 -0.0940783576887928
 7.254614880408446 -0.12334693206577074
 7.191677956795321 -0.1001503970366725
 2.0632893847195364 0.54838857525492
 2.0640804280047447 0.610878317509824
 2.000768696117318 0.5491873131814966
 4.617530436200545 0.3385383648552879
 4.679442076933428 0.32984439258927456
 4.687482577157546 0.3924470434198309
 3.2534278936466188 0.654525256600126
 3.1908784718169065 0.6556779390736883
 3.189750873185018 0.5931915198229164
 4.44878766977582 0.5482702948643374
 4.380005565693921 0.4923421283637493
 4.443130690502639 0.48607367630097315
 3.681234508915984 0.14596643526290204
 3.679966802033965 0.08344147196617518
 3.743664797219636 0.14468572509895128
 5.9605063646301275 0.4415174374445574
 6.02482107361776 0.4234440116372822
 6.042571184135449 0.4852903330798344
 5.155007988821585 0.8231899247065791
 5.076895466612817 0.7738462778166016
 6.769795034324824 -0.2990006051031825
 6.791136191719683 -0.23639562263143554
 2.495341760658791 0.16715641304209966
 0.1871204936985142 0.18732476114504376
 0.1872017277910268 0.24985858242281503
 0.12475434654347274 0.18741343258441365
 5.471402113690993 -0.16215667429876296
 5.547224041023813 -0.11500225704815098
 5.486811067916569 -0.09887971278940955
 6.439401930464404 -0.25333359609636563
 6.501137158430255 -0.2745248271439308
 6.521618512116547 -0.21181506247557114
 0.12504794640959993 0.5624769641733225
 0.06250027032292259 0.5000097402292691
 7.113222776483337 0.2793065988707264
 7.0269818669575 0.2397169599315293
 4.793567683338464 0.6933289190852995
 4.728218692870869 0.7025494909169501
 4.719910222302133 0.6409146288630957
 5.365730039552242 0.5244927804454423
 5.288412036856438 0.47646437130444175
 7.983868339813564 -0.4719968746285821
 8.069735961470936 -0.433678289642242
 3.128328278370113 0.6568138966379751
 3.0657773570043036 0.6579329297397729
 3.0646835683072964 0.5954470392967146
 5.051169890286005 0.2660202474796972
 4.989186146416307 0.2779925167616165
 7.758313032741098 -0.8856527718424898
 7.8207315428721005 -0.9099099820307586
 7.844294587705629 -0.8472515102045297
 0.24990117507750226 0.4373088461268658
 0.18735394909738182 0.3748997507966045
 1.8117924636651872 0.42645772725788994
 1.3109135169529018 0.30652124047429635
 1.311442848906207 0.3690406147230387
 1.2484834390760011 0.30705566593412503
 5.829096466670589 0.2107316697532401
 5.891969736272747 0.19298337337365035
 6.7616780002884544 -0.7207266410872627
 4.663247714954743 0.20405813809771953
 4.671372785951162 0.2670477340976955
 7.803577068654902 -0.1882311562567156
 0.5622668122789863 0.436377598346053
 3.633697206924591 0.897173971333792
 3.5710878084466806 0.8984205592880268
 3.569850779320659 0.8359536779802494
 4.904242825544237 0.549654268410549
 4.9787664069036754 0.6006278564666476
 1.877184262935637 0.675693899001873
 1.814620222534273 0.6764292705136108
 3.5539109612567032 0.02341904880940176
 3.552672841546661 -0.039119859723653
 3.6163022506792473 0.022172632245123974
 3.1261077471228016 0.5318360112981874
 3.0635908268353496 0.5329554562149703
 2.7510026602269035 0.5382910442491032
 2.8145432878783763 0.5997505603551345
 6.296843222433481 -0.48421698445297656
 6.2762498971 -0.5473964030455661
 6.3574837935134365 -0.505075849116849
 1.435775628617385 0.3053830205810008
 1.4982076607984478 0.3047796601652361
 2.8176189998804406 0.7871877522937396
 2.8186486121289063 0.8496548144344755
 2.7550285146040507 0.7882184049558447
 3.5723265752799236 0.9608811803897771
 3.5084776481044138 0.8996513622720862
 4.784850761763605 0.18499768468446307
 4.775519565464976 0.1218460592450765
 4.845704283459201 0.17463378383735184
 4.688216862873494 -0.05897077841584998
 4.756524258639424 -0.00500608422453766
 5.232069706036633 -0.10208170207172418
 5.245701103546352 -0.038725203924784485
 7.408808515848252 0.10246259169487149
 7.345359660305568 0.12572593902368456
 7.32247134460911 0.0635290836233604
 4.758591217975678 0.4455867628386099
 4.821649278603507 0.4357562334748794
 4.8308478723441075 0.4979813753901608
 1.440959344862975 0.867780967300053
 1.377763649061343 0.8059026794394362
 6.7083357202128315 -0.06733266229772394
 6.687453391613211 -0.12979678422886387
 6.771057220689205 -0.08925367182421828
 5.915820458661423 -0.4284751701635599
 5.994778352348552 -0.3842037497436993
 7.615061948945493 -0.11644317483224431
 7.552107705442331 -0.09268023874867515
 7.529013079571762 -0.155042503052227
 3.0592198761044376 0.2829324387540055
 2.9967715459094033 0.2840344107007118
 0.9371144266809533 0.43440521711603836
 0.9367292086572561 0.3718928368560551
 0.9995899775506589 0.4339896628538428
 0.06238224280038554 0.18747416022838856
 0 0.1875
 1.376653728483048 0.680963870975486
 1.4392223222252873 0.6803832657639416
 3.81889920802546 0.7683864332504913
 3.820205200371344 0.8308616940687984
 3.7563324579143207 0.7696864209516879
 6.377699214713775 -0.23240247927395075
 6.357662234387419 -0.29522062778969993
 3.8658744034985006 0.017007029488683233
 3.9282690831525624 0.01564917877613734
 3.9296285335633225 0.07819307546419069
 2.506532677302646 0.9170806006462972
 2.44389840971382 0.9180171986872292
 2.4429776028238557 0.8555589563774744
 1.684841546690331 0.2403096005253195
 1.6855076591149243 0.3028351823389373
 0.6863547399153215 0.24825605562942143
 0.7490668842597971 0.31047010165578787
 0.6866430330208877 0.31078609587817535
 3.445866525124331 0.9008664825727674
 3.4470722559492986 0.963326597515892
 3.383254275731192 0.9020658404984696
 4.906591660866316 0.16372821252785077
 4.9169284257124115 0.22667523266678322
 3.18185815392837 0.15563302659360145
 3.180724334453345 0.09310249410267099
 3.2442753494322556 0.15448103286603268
 5.5585125776710305 -0.32164936933929533
 0.18764745489154203 0.6248996802649927
 5.814449847756421 -0.328010834623682
 5.796370975523519 -0.3914070214099238
 7.461953012161023 -0.9145012584596495
 7.524018519976292 -0.9384617216973377
 7.547747345979333 -0.8758450921236811
 5.388679960610047 0.32374155971418783
 5.312467687046179 0.2757274134683727
 6.449124968899698 0.4317054562398557
 6.469154683676648 0.49347591081215203
 6.38453930673422 0.4517189209124237
 3.318303460595212 0.7783139057623019
 3.319470692069362 0.8407844181245189
 3.2557218315816585 0.7794821605656368
 5.603593993919958 0.6651103031058121
 5.523328251230958 0.6187941013350164
 5.857954345797001 0.0679793640885879
 6.478992533127514 -0.5475630797745761
 6.539860701744234 -0.5691697743316362
 6.561274108648446 -0.5061745975493527
 7.0245274576752434 0.030772126810549527
 7.109879857563503 0.07031867934378211
 7.431096792179052 -0.6162517253191332
 7.516440386649335 -0.5775821922688049
 4.064378713411023 0.5129726408325554
 4.001309353954948 0.5145211904124899
 0.06235504827950836 0.12495313779563204
 2.6904576212641707 0.6642799008976823
 2.6914462731346513 0.7267584497283517
 2.627902033284153 0.6652745139602119
 3.3066937229134585 0.1533126056222608
 3.307858197277838 0.21583657067478357
 3.1305551143325316 0.7817692023364348
 3.0679700786084467 0.7828875406295464
 3.066872697683397 0.7204131038494707
 0.8114915081349432 0.3101289992700636
 0.873916869299348 0.30976298983870953
 1.1884615142203525 0.6200866254543329
 1.1254562832206623 0.5580861029982377
 1.1879800092852573 0.5575983977345375
 7.8677085744963 -0.7846086271343244
 7.9301530400727165 -0.8086826535670448
 4.597350305119018 0.7192621726103564
 4.5318293629186615 0.7267361959724086
 5.06543775382809 0.0015340772205735542
 4.993777510547295 -0.04946555000725161
 0.37484713504833905 0.4370182784860198
 0.31237424173430445 0.43717788814274483
 0.3122469309800479 0.3746651919868234
 3.0010736563589324 0.5340577294845233
 0.4365821887511544 0.1867237284413318
 0.4989507430590657 0.18651061329983948
 7.6242852750626415 -1.0492155804663996
 7.710637672675039 -1.010832140930646
 6.835045690630562 0.3058588551575805
 6.856636038292739 0.3677918937767388
 2.6805709976642143 0.039156637284225526
 2.6795712079635905 -0.02338946664147112
 2.7429427659410788 0.038145033458200486
 6.0324787245845455 -0.2578991154846226
 5.971632216982685 -0.23878519534484283
 5.655731833206462 0.05737290865042832
 2.8781204692429516 0.6611863940623404
 2.941734065073399 0.7225989893098741
 0.1869351229219109 0.06222347308627656
 0.18682714614934906 -0.0003419451399865748
 0.24924740920782051 0.06210578276834343
 3.1194420983050626 0.15676836048575063
 3.057027158859191 0.1578868087578765
 3.055927258111056 0.09535540549191626
 2.0680609312204647 0.9232240738402403
 2.0688656298764663 0.9856726339041696
 2.0054160404584476 0.9240210777444303
 1.7520555318313857 0.6771431825360414
 7.701371129708736 -0.0779248208747988
 5.502093583984466 -0.035743654709952666
 5.578522512427523 0.011100046007498199
 5.517274961040596 0.027251499278290292
 1.8728135093179443 0.3006936657547423
 3.4339257790821924 0.2759673597506178
 3.4327313960077332 0.21345001726228205
 3.4963801429385675 0.27474934912820287
 3.5624974430907095 0.46103543170258987
 3.6262301498057035 0.5222828685000965
 0.623691813864901 0.18600750495773832
 1.8698760762907447 0.05055188709176205
 1.6243578531898921 0.4285350830243884
 1.6868358400973544 0.42786445181372246
 1.6874989205873705 0.4903681396802781
 5.592550015139014 0.3401137776367936
 5.514567462668302 0.29356637567978117
 3.6912430776039007 0.64600117542255
 3.689991312535014 0.5835110500225104
 3.753782024737331 0.644719764617902
 3.5060406828422024 0.7747126379557829
 3.4434629890631334 0.7759289789517395
 3.442265494484014 0.7134515646113058
 0.37421503844034676 0.18691132079484835
 0.43677078455204554 0.2492638362081108
 2.193346160863901 0.921568506304589
 2.1925042522353437 0.8591121430497783
 4.3081520141153105 0.37294803692479206
 4.303759198756611 0.31014961587664425
 6.661824632027075 -0.6130550983722381
 6.639800723538691 -0.6760719450965298
 7.3999587433536425 -0.890615620563027
 7.376229231144157 -0.9533105107540727
 3.4351178626254777 0.338479599352424
 3.4987931346545644 0.3997680111604648
 1.186054015296675 0.307566679527665
 0.6869295487316716 0.3733076824808257
 0.7496893007496983 0.4355042723704563
 7.173218985684207 0.04746608687977527
 7.195651575797589 0.10967036863262192
 1.500595382186963 0.5548098793359962
 1.4374989657894692 0.49291728511258237
 0.8753591918817061 0.5597965145600854
 0.9378837955842745 0.559405390326729
 0.9382690018944704 0.6218931739794519
 4.048658351623457 0.010708499654863084
 4.045464644350947 -0.05337637574588012
 4.106321567813729 0.006742389341048802
 4.45456306824465 -0.025766141432855716
 4.512868943132292 -0.03318876104275921
 4.520308370676611 0.03060492968230083
 1.9352500930826184 0.2999370518646859
 1.9360005289443385 0.3624546127299251
 1.0638009719990689 0.683517963141239
 3.317138831417976 0.7158377471045145
 3.3159764795107147 0.6533560374166358
 3.9335979417194737 0.2657980882750866
 3.934901556083241 0.32831932162861727
 5.218286633676699 -0.16559352277456593
 5.204326595010123 -0.22926069793322135
 5.277561530774505 -0.17991669995265666
 5.910839904395332 -0.22000725533913218
 2.31336997246507 0.544989865629947
 2.3124987988386247 0.482493114048058
 4.127478563884887 0.5104558467269896
 4.190600867123669 0.5070643705389106
 0.500622620821963 0.6865829779288387
 0.438043349705068 0.6867966806724056
 0.4378610047483667 0.6243186173851987
 7.403158248913151 -0.10778592042721113
 7.317518492615173 -0.14668462150584904
 0.6231528499012811 0.06090483776848837
 0.6854749218874959 0.06061591725100576
 4.058750607229517 0.3253775210463026
 3.9960561954294644 0.26447537873230836
 6.8133673627826035 0.03546149074119809
 6.876500687344806 0.01333822290416864
 6.897968272089719 0.0756001039207781
 6.398695742030862 -0.3790313117230073
 6.480579937089372 -0.33731768945701124
 8.054143624183338 -0.28491142132293024
 8.077898600332208 -0.22256213983660045
 2.4347661732606367 0.29314540829608027
 2.4356778841924114 0.3556615249958779
 3.5600582961802827 0.3360264867043845
 3.623764306746923 0.3972824992708414
 3.5612784395313084 0.3985330905871133
 3.3113398508364935 0.4033761261298577
 4.0625043052524585 0.45050433811730456
 1.1870180235623158 0.43259829756135104
 1.1865365259989011 0.37008642690329985
 4.989281534166596 0.662332178878466
 5.054409762550215 0.6509237165688062
 2.809430546562663 0.2872353265989009
 2.8104541137617867 0.34975036010944066
 7.598705986578593 0.03193779660667029
 7.622251805973204 0.09419351755150907
 7.535481230568704 0.055557813803650324
 3.815041774946753 0.5809357871258756
 3.878857580068107 0.6421139125287001
 3.8163198075766616 0.6434234310750442
 4.408696268434813 0.10854419185017897
 4.468116274713966 0.10167437615076806
 1.0607607904641974 0.24598945022132623
 3.692499973559223 0.7084870104797547
 3.6287024617583743 0.6472669444802168
 7.322783545106138 -0.7177046694637791
 7.3848286894386455 -0.7414678469294919
 0.3121177239807585 0.3121438099730349
 0.374536666213068 0.311982741516887
 6.268981669497799 0.07913449057829863
 6.206173448771904 0.09893120294448982
 6.82841457164354 -0.5320230215437652
 7.952652093781448 -0.17400916888510398
 7.866296141815794 -0.2123041752210657
 3.811225481678948 0.3934441076619379
 2.3794628436131853 0.7940124579682285
 0.6883555014974102 0.6857870821776991
 0.6880691557160087 0.6233083793389415
 4.312512822299592 0.43554850126513733
 4.246294014532236 0.37787492424278785
 2.4365885833115133 0.4181712109642824
 2.437498775651172 0.4806744659986003
 3.9413971687725007 0.6407946865468156
 3.9400935833670263 0.5783171772689053
 4.003940647715398 0.639471678225632
 5.754492091906663 -0.30998073012161226
 5.832351687664702 -0.2647338753934795
 6.418200230447638 -0.5261948304304211
 0.24969882359895249 0.31227770042312697
 0.18727900228598096 0.31238311876405417
 0.934777450364215 0.05920860677828387
 0.9343785782507904 -0.0033526571736854412
 0.9971067673708884 0.058794925411508187
 2.938556247674338 0.5351426319562157
 1.1245417816532357 0.4330859921342948
 1.0620657648106393 0.4335498513478955
 1.0616319649817794 0.3710377392389222
 5.885247927076132 -0.07561834337291462
 1.6894901907866524 0.6778354183236825
 1.6901563094765266 0.7403099163762276
 6.560508803241057 0.1216786085043402
 6.497212875282826 0.1426097034627658
 6.477251800450102 0.08033346429888111
 3.6950322035480894 0.8334430629008329
 3.693763007262906 0.7709679667065144
 1.6888255901105558 0.6153536229091989
 2.692436945323674 0.7892308559709243
 7.562439364684541 -0.4525361055423939
 7.6479846435698375 -0.41402291571258665
 7.8747775398178215 -0.0010821415749677765
 7.787942813968989 -0.0394735958907374
 7.483117654970547 -0.2798667461646459
 7.397667990228634 -0.3186101296916598
 7.460266092714747 -0.34232549420869207
 7.766082233245629 -0.6737921130129276
 7.851759205634315 -0.6353680496117038
 2.935383002191815 0.34763368515873544
 4.57124583062746 -0.041202504225523184
 4.629694810736621 -0.04979960832999651
 2.816591910655076 0.7247146888438366
 4.741366599643329 0.3205773175598283
 0.689227069902153 0.8731723460117953
 0.6263063458037169 0.8110091069173014
 0.6889339909399811 0.8107189958695614
 4.222050615127533 -0.001989063844184652
 4.280067139926333 -0.007067361634106165
 4.285152990583269 0.05681391776103813
 2.8676908542161383 0.03606741674687561
 2.9300671736391655 0.03500184245840898
 3.817604764076578 0.7059068779159884
 3.881464062648577 0.7670666147515054
 0.560832121236137 0.06116823971706372
 0.561077891062144 0.1237241841303088
 6.601214890173091 0.24598903856546073
 6.53738789241754 0.26689122935328247
 6.517249806553565 0.20479562630079218
 7.882058657039392 -0.36133202650069896
 3.2488560994849904 0.4045460519474059
 3.185246177208808 0.34319103249359895
 3.92687927036198 -0.04689851948354532
 3.9906609033684544 0.014241211466515032
 6.598661979160331 0.4526361332843324
 6.513634761351832 0.4113993629743419
 6.855108982649939 -0.04899230916344388
 6.939601457831566 -0.00899096109592945
 4.122542175148068 0.38545782220467273
 4.060630563504252 0.3879732905809068
 5.607691204965262 -0.13153667321902573
 5.668212562723534 -0.1484721064842845
 6.351125973754403 0.12139002269137733
 6.331779054593026 0.059034312061160055
 0.06247732611430008 0.43750853326392997
 0 0.4375
 0.12462595503956168 0.06232521121641036
 0.18703263121330257 0.12477992436597964
 1.2505035179576862 0.5570870737428337
 1.1874990151308993 0.49510228829681185
 2.928995429250685 -0.027542093588123855
 2.9924450083723846 0.03391871919267876
 4.527595762590774 0.09420697996242063
 2.815566841252813 0.6622356241501862
 5.2992154768596675 0.2131476011007698
 5.237187644080247 0.22709177310187528
 2.381262624254642 0.9189345058134886
 2.3177435290373163 0.8573750009698563
 6.6237722187631505 0.10048740165132952
 6.644329381117531 0.1626986172877659
 6.683671557865665 -0.5501068888859612
 6.766863574607772 -0.5095276482624095
 6.705366785198168 -0.4872273363744245
 7.772982243413138 -1.0351961878884743
 7.796976630671962 -0.9725649506749698
 5.638119963995572 0.5261404102759987
 5.6535291232682034 0.5878675142458327
 4.853260494491565 -0.15365467605035044
 4.9230491637878 -0.10118796207209993
 3.688743166277053 0.5210169009161806
 3.6874969187653983 0.45851880816055285
 3.7512557575075434 0.519736584410889
 4.238739612062361 0.25213938651360734
 4.178167581618008 0.25644197393842677
 3.7589144928927065 0.8946308542761948
 3.6963060544029753 0.8959111311567302
 5.896137462558518 0.45922236431871344
 1.3135551391759315 0.6190407892625156
 1.9404996077839136 0.7374127939463366
 2.0569367611693825 0.04822351802073038
 0.8128343624634897 0.5601629772347002
 0.8124992270020199 0.4976670462317433
 2.563447094916648 0.5412755499878613
 2.5624987531163788 0.47877865188439156
 2.6259658339284218 0.540299284314391
 6.562904903564805 -0.29596534261855045
 2.2525548505841293 0.6708431622381421
 2.189161906295833 0.6092194980313059
 2.7489947762437525 0.4132909515287627
 2.811476665294287 0.4122593994319847
 4.460316217294573 0.672040337196579
 4.390120085574748 0.6165344420165699
 4.454505650462016 0.6102595827159639
 3.5661601011706594 0.6485168292376479
 1.3103826683815538 0.24399413559747468
 1.3733442471316721 0.30596361968341573
 6.72924332653214 -0.004944396813906238
 4.505263581288989 -0.09717407449810159
 7.175862402244907 -0.7332015184000219
 7.260794872547357 -0.694039621218506
 7.198861944970883 -0.6704830240289349
 2.688484355989872 0.539304377239816
 2.6874987310686143 0.47680740375251446
 1.3788836829119413 0.9308108544446462
 1.316222103588208 0.9313670371311853
 1.2535590079529517 0.9319000270527334
 1.1908943964911627 0.9324096074939294
 1.1904027621618047 0.869960758696642
 2.7530125576794937 0.6632668653248405
 2.62403164828756 0.41529920019931693
 2.6865131038130565 0.41430428981066286
 4.71170853516758 0.5790881509526103
 7.539454736022676 -0.5150489185750947
 5.6237974613853705 -0.06843313519798999
 5.639802572501178 -0.005463274833923115
 7.819475237326363 -0.3372043352589926
 2.5558320130275307 0.0411243517602988
 2.554869506722693 -0.021422835967932236
 2.6182007466017145 0.040149815507070696
 7.446931203456417 -0.7653193774002118
 4.811728798581984 0.816074625631923
 4.736657736280518 0.7639942516448003
 2.1850029305078227 0.2967025035436679
 2.1841686060342944 0.2341789447293335
 5.45584142341126 -0.22557454252443415
 5.440103683136175 -0.2891333232128773
 8.101901661411992 -0.16017741522721285
 8.126197225408957 -0.09774716559099872
 8.039261868313764 -0.1358073413480101
 1.6821518082971751 -0.009865707850434897
 5.2592061038520255 0.024475983692947317
 5.82383782075268 -0.057515987765626775
 4.878133531819614 0.8063359186216184
 4.8684214207607805 0.7450322199850097
 7.756859580245655 -0.3131168515349301
 7.780155249966174 -0.25066506710891434
 7.694207347107302 -0.2890849826740992
 6.053230934006712 0.2809337305454382
 1.059437585602658 0.05835694377437367
 1.0589901492804885 -0.004203247556841122
 1.1217699115786461 0.05789488374403143
 2.871876888636102 0.28618606681291237
 2.934323886552896 0.28511902365560315
 4.695521948250103 0.45485513318469867
 6.3970866770458095 -0.5893200581076824
 3.241971387946128 0.02941530152339175
 3.3055266332013225 0.09078306275158304
 7.68040085687343 -0.7122127960941145
 7.618019121253207 -0.688129362503737
 2.5587003153953582 0.22872819853397325
 6.728848202902288 -0.21425778775427218
 5.340851421623138 0.7232931797505969
 5.262146226424752 0.6752285595165404
 6.624705165382359 -0.3176442948861241
 6.645663406219003 -0.25495259645253043
 0.9363429408200934 0.3093722798454067
 0.9359551172429936 0.2468435650191849
 0.9987697030167914 0.30895707975351444
 2.6825604640291147 0.16423042160255552
 2.6815672473276773 0.10169660015658773
 0.8121640741746812 0.43516272569555364
 4.8124767051988835 0.3733450928338704
 4.884696261002549 0.42537424591228923
 5.272609980295235 0.08752186239389839
 5.33372742587901 0.07312628354988004
 5.4440378623970895 0.5719288092995068
 1.686172254859468 0.36535346605234537
 7.710532142472409 -0.438065061365404
 7.733662266238821 -0.3755839054274699
 5.0398435774912285 0.20326251154119207
 4.967512467177955 0.15229166052742113
 1.6841734115601146 0.1777767204993354
 7.3684237622058815 0.18787542825635095
 7.28183542091634 0.14884877956890963
 2.4301747419573063 -0.019531639635893484
 2.493464796490419 0.04208002924477691
 4.389895318875907 -0.08297100427526467
 5.607655686109803 0.40226354223097405
 5.622837242807423 0.46427241662080676
 5.543872008017399 0.41799235747485364
 6.582535797065554 -0.4432552893379996
 6.643924194910193 -0.4651329359466915
 0.8118283475696577 0.37265003285773374
 3.1829894382595825 0.21815793145788906
 0.5615605124962587 0.24881118107256134
 0.624219997678457 0.31107678807386996
 1.189914158819935 0.8075040373039186
 6.433884427484379 0.16326984766577302
 1.5649794579042478 0.7416279869777185
 1.5017902651596433 0.6797799014341298
 0.8131700416804825 0.62265051910788
 0.8760813841633618 0.6847635651407556
 4.187513670043316 0.4446398864937542
 1.495795679643075 0.054629206639791456
 1.5581386182326877 0.05400474818514945
 6.254391314079802 -0.19136395989021782
 6.234917928321367 -0.2542073901113103
 6.316029009460129 -0.2117423270177723
 0.3117080610050986 0.12452475255467488
 1.7493140435985937 0.42717192754637107
 1.8124988966927307 0.4889613425210975
 4.277813188418358 0.8731304813519621
 3.3148159765938017 0.5908689083982489
 3.2511407588655463 0.5295463566438124
 0.18816336573669368 0.9996631099851511
 0.12536926065857806 0.9373291337452517
 0.062320797823533135 0.062420216730851394
 0.0622518981415499 -0.00014262552766061587
 6.666571053468716 -0.19233676150469214
 5.175170729698759 0.24055912226941462
 5.187469052760638 0.30314276461442236
 5.113164787342199 0.2535388707478091
 0.6257786930703993 0.6860779471809862
 0.5632010732349839 0.6863433181671651
 0.5629661797197099 0.623865079669002
 6.345581760841178 0.32792873004434375
 6.262570428160052 0.2856515096846693
 3.1795875595333625 0.03056632539023013
 3.178447381866559 -0.03197545108364504
 3.682496156170774 0.2084858736338332
 3.683751979641998 0.2710004802311421
 5.423303775265443 0.18387206117791988
 5.40911586656944 0.12114782619691089
 5.485364206070447 0.1685623434167159
 7.002669636188423 -0.03151522778935445
 6.00719740089329 0.3614784761659243
 2.003858159391574 0.7991042330358546
 1.8068049558387338 -0.01126787757681018
 1.3087759703609743 0.056366441077638794
 1.3082340015707492 -0.006191585891868545
 3.005383943572315 0.7839887891208545
 2.125809856581948 0.5475692449076696
 2.188330111838183 0.5467295387221128
 0.31275405537544143 0.6246657567070797
 0.31262693846058764 0.5621781303404504
 0.31250061779793037 0.49968216128626136
 1.1913895653294515 0.9948505826537822
 1.1282282695861006 0.9328955614902632
 1.4415437456840707 0.9302316952710921
 5.728788110602443 -0.16579772538341125
 1.8757266689308927 0.5507221448047422
 1.9382477909102078 0.5499652420968537
 2.1192933575884645 0.04740592068820479
 2.1816514714084394 0.04656794854114327
 3.8215224064757263 0.8933305289440776
 4.4117414227344725 0.8623792061201552
 4.3448169176986156 0.86803602604924
 4.339766716384901 0.8069068094339563
 0 0.6875
 4.5487406120494045 0.2838376901680377
 5.184502881787879 0.6265571685890905
 5.119483504163471 0.6389951034946941
 5.107928548593297 0.5772575399834985
 1.7548213043471688 0.9269988353479738
 1.69216882699643 0.9276896265730501
 1.6914951222916415 0.8652370204369663
 5.4800558107606365 0.4332876753220219
 5.46581716153748 0.3711559706362456
 5.085097851543003 0.4532728821726809
 1.123625248172327 0.30805406401217705
 1.0624990517576853 0.4960539319409296
 2.308132808410597 0.16991072626691187
 6.978065329082388 -0.3040018486524596
 5.396338919014537 -0.20991807242106775
 7.472182247606602 0.07906961153945513
 7.495507394984707 0.14127267630383644
 4.230789638965291 0.1255575888724777
 4.29003659211192 0.12048262619450623
 4.294740239929674 0.18392632554733196
 3.9986871454923274 0.3895222619463526
 7.489097229058619 -0.06901561475842932
 6.686537948348579 -0.3395508563519781
 6.748403259738745 -0.3616742067873663
 6.080524485747232 0.137570860366877
 6.017683746612324 0.1563921307503066
 4.825846756219082 0.0481788269040444
 4.766085382932444 0.05851126602990067
 3.9453685871072337 0.8281854099996785
 0.062454274487478846 0.3750048356473377
 0 0.3125
 6.980887761166956 -0.0938640225852364
 2.570127921596305 0.9785778266403469
 6.6043047432248665 -0.17064335537724917
 6.542049271927782 -0.14918839293599717
 4.325708841988646 0.6221729800233089
 0.6851755719845493 -0.001947402621691914
 0.7477983849518055 0.06030163475166992
 3.822845125843598 0.9557891435030189
 2.694426373161176 0.9141572414167807
 2.6934301432841656 0.8516971196476527
 1.5656033817625414 0.8040945378218803
 1.5662298343344074 0.8665536468958148
 6.236278516730281 -0.46362907433631306
 6.317259529115647 -0.4211278795691916
 1.065560628306765 0.9333576715896555
 1.0651166685098568 0.8709097645716021
 2.0561320616500236 -0.014328004402820827
 3.9440300184348094 0.7657271928999007
 7.883150397108594 -0.9342143602447188
 1.8713498503393513 0.17563693914247558
 1.9344981401331198 0.23741248214381108
 2.8053160515565225 0.03711522038370059
 2.804279847096626 -0.02542979979038502
 0.43860727713474434 0.8741778030620608
 0.3757831282441269 0.8119140007452071
 0.43841586568083746 0.8117262015496307
 6.850373648616097 -0.4692447569507672
 0.6268451142881318 0.9359065024912752
 0.3130142379654739 0.7496151606139797
 6.899100273698135 0.2840246561617782
 6.813632357460219 0.24384995287117706
 7.335057782482327 -0.29500481901122566
 0.8746391214262839 0.43479630632954297
 0.9374991133974214 0.49690940453630367
 7.058218840441257 -0.47516393316617733
 0.1878800401810426 0.8123258105066169
 6.24370400188875 0.2235161751014178
 8.164473428499656 -0.18476457100315757
 5.096475066973124 0.5153501850876501
 4.587133447429483 0.08614822206547111
 4.655040984766174 0.14087709920007263
 0.6877840024518054 0.5608211034955647
 0.7503093019224266 0.5605045754522384
 3.1886243995401258 0.5306995851641341
 1.563117805793614 0.5541836836111661
 4.349336664671467 0.1148132666720492
 5.745674741352822 -0.10272670198198242
 7.898116374819144 -0.5103686516240826
 6.518270277193518 -0.6322408152116431
 6.600804737964342 -0.5910040581217536
 6.91953700676687 0.13779331739201173
 6.9412321567588595 0.1999178585795265
 0.8141857400923115 0.8100630391124789
 0.751560444743254 0.8104035773436069
 3.3808838735068614 0.7771294485964576
 5.406650841685671 0.7094356324372759
 5.42061136681517 0.770772603205846
 4.9819452468587695 -0.11307134331397309
 7.142712220371733 -0.435742807597026
 7.120280357130558 -0.49836089978549947
 2.122563745816886 0.2975419211387015
 2.0601252113226725 0.2983609627939364
 2.0593316391339282 0.23583689856771847
 1.0611971419880233 0.3085176028423993
 5.67726835121313 -0.3557695125404542
 5.816415989416552 0.6783829326682476
 5.7345101523155835 0.6333744941676516
 7.575331501578326 -0.03035323785345312
 5.954832162963649 0.17486658034290437
 5.937461387280427 0.11242418271394838
 4.184427184270806 0.38206567577424344
 5.98967488302988 0.29939372771180445
 6.473506704623339 0.2875224676048632
 2.499069388002255 0.4172328767233022
 6.337524101819989 -0.35812909263848547
 4.724031662126125 0.19480930324261808
 6.883902031019959 -0.7661179899455205
 1.6282144584849838 0.8034468822382244
 1.6908244515169775 0.8027771170555998
 4.506245552823254 0.47917362923887036
 3.3206407762490735 0.9032492652555023
 3.321813947716115 0.9657085328543671
 2.1241878129387715 0.4225691675880691
 2.061708309563545 0.4233884979226142
 2.060917266251759 0.36087816275828216
 0.25030228338335087 0.6872782305022467
 0.3128828433461868 0.6871448601738572
 1.3744480726563468 0.4309943422287797
 3.058124538315496 0.2204124821418063
 5.669090001133659 0.6494537360626562
 1.9976873271256266 0.2991594120960172
 5.451629132710816 0.3088761366489545
 5.437466432866224 0.24644816696343874
 6.093379422581718 -0.2773381692349807
 5.336912290190903 -0.19469517536804914
 5.322041692922633 -0.25830815621988756
 6.276406652807581 -0.3374978297348771
 1.6295148324130218 0.928358524987155
 1.3098497978289205 0.18145930093730173
 6.603671052407988 -0.38041185717940207
 1.0660081135483808 0.9957975643798397
 1.0028914739205788 0.9337957188209149
 0.3751536666304082 0.5620186624614645
 5.0409169499797155 -0.12546451446667112
 5.099964375730775 -0.13835653645416676
 6.055039595830926 -0.4035994615968005
 6.074285379604665 -0.34041643238086
 6.727822430728566 0.4107125424104199
 3.378524137474939 0.6521704530616158
 4.472334691408378 0.7949764143275538
 4.4662500407214605 0.7336121070186175
 3.8060973841676145 0.14338740781391773
 0.5634379830535894 0.7488128429261169
 4.350088091335436 0.9289532781247113
 6.11537670528648 -0.4233094740903003
 6.175789677157339 -0.44332295668387456
 6.195642402401121 -0.3801868886676699
 2.191665378463267 0.796649060560953
 4.775920926326276 0.5698356720253768
 4.840098840032322 0.5600208517292646
 3.06906997546026 0.8453562292842379
 4.299301036882051 0.2471457496401271
 3.0548243555618435 0.03281827160202559
 3.0537179533154344 -0.029724581254916945
 3.117205209417366 0.03170072864610356
 7.10273926113635 -0.34995888668689223
 7.040396820196311 -0.3268989012469874
 0.37611883929309775 0.936808220684294
 4.269190365101464 0.7506140926631553
 7.748694342772612 -1.097794588563707
 7.83537662968676 -1.0597809222476264
 7.352220533130278 -0.4436156054353423
 7.26719461396707 -0.4825696990389797
 5.19976741889521 0.36556370142973005
 2.250850150485985 0.545869673455661
 2.1874988226115284 0.4842328599336737
 2.194191610163839 0.984018150095498
 2.1307043046257395 0.9224064776007914
 4.181320129452999 0.31933742651311503
 6.726935597979136 -0.4244164473100055
 0.8104693634916923 0.1225162398826485
 6.7287063179436695 0.203415172129364
 3.9387945103132984 0.515831089774407
 3.697581145600292 0.9583715085382343
 7.631517198726461 -0.2651208737996976
 6.035616789420593 -0.4668872593414019
 5.702705617929299 0.510017823503453
 5.249467969407632 0.6136207344476273
 5.236916187761527 0.5518503870502304
 5.8317143681785435 0.47654796236883495
 5.7672370866714395 0.4934833961114
 5.751130707829543 0.43158289507405695
 3.4939566559577324 0.14971081285438936
 3.5563806705943515 0.14847856231669673
 4.620932819745501 -0.1137347806714347
 6.155759936363478 -0.5065565658638482
 0.8731883085583486 0.1846967566895765
 2.50092813903925 0.5422329573953921
 5.735125486905935 0.3695487336434402
 5.671406844262972 0.3861120622522426
 3.5551473666731512 0.08595184410627166
 3.6188065369003413 0.1472305213898955
 7.6618572195986365 0.008219795963410603
 0.1877224386660007 0.6873831017166329
 0.18779956560696745 0.749858837217964
 2.067259773044469 0.8607686498651372
 3.444663362780508 0.8384006530486544
 6.0604730157215565 0.5470174386704119
 6.078551860775859 0.6086253291520127
 5.995432165830203 0.565047509905723
 3.193139038614808 0.7806340003094255
 5.719196144340319 0.3073809101736751
 5.972228230572233 0.23718975992012348
 1.6928460713765363 0.9901349351221878
 5.159087589443057 -0.15173650552879267
 0.5613206407912094 0.18627186476621624
 2.5567909793117507 0.103665253505199
 7.724935818097606 -0.015586697351274492
 5.224465673180944 0.4899174721804377
 5.16048670502035 0.5028830045645973
 7.182375125669945 -0.5216991132289899
 6.190327126131995 0.5098951556623145
 1.5624989435193275 0.491687365190795
 1.6256400124195924 0.5535351617092931
 7.218235615847805 0.17182021070273235
 6.95915654070274 -0.1562741865367585
 6.125438001756145 0.5286297106815365
 1.1841037494648932 0.057408966434536135
 6.6649876990267565 0.2248267377285883
 2.3159885445299007 0.732440671026211
 2.31511433942967 0.6699636440335548
 4.545365249523708 0.8493018819890503
 4.478590260421061 0.8561374539371837
 5.212091182877398 0.4278219269209672
 6.273788837341044 -0.12861807708596085
 0.4369561945042439 0.3117951861872015
 2.5643959401005074 0.6037661617846368
 0.0626801388476983 0.9374179412613922
 0.06272986033833428 0.9998654441061211
 0 0.9375
 1.127295491308587 0.8079908621803291
 1.0646757360702392 0.8084538460395677
 1.064237335977704 0.7459899139997692
 7.641212969944151 -0.6255917797256143
 3.121668892904505 0.2818133166129693
 3.184118621792221 0.2806772488935072
 2.3168647723783935 0.7949111233013239
 2.2542656173420705 0.7957900631678424
 2.6298442922322667 0.7902248870968538
 2.567250555371548 0.7912002804504199
 1.0020548898846615 0.8088927719687241
 4.164126238493791 0.0025780718793470547
 4.168002938544552 0.06645587507859442
 0.3115617092944692 0.061967164336260795
 3.3714725797447938 0.27716931585982435
 3.431534268555277 0.15092731111515106
 6.143354385100093 0.11841360720388866
 6.062460068190568 0.075124841070145
 7.43744270139784 -0.404813779698482
 4.703588063173331 0.5170686586881073
 4.619674071179077 0.9028862323656546
 0.8152245311755437 0.997401030209888
 0.7521998149161855 0.9353028987443575
 4.27478530335586 -0.07113851325338731
 1.8181928605752868 0.9887327603653111
 2.689470484032199 0.6017952097283836
 1.561260718090561 0.36667240128406836
 7.5060246109521565 -0.217438573143672
 0.4382280663338593 0.7492658643785353
 0.37546334855156044 0.6869841189108344
 4.569349192546787 0.4716608235035052
 6.429272279068226 0.36983745619154007
 1.6881620019841352 0.5528645300046507
 2.8063487165111516 0.09965424394726369
 3.9427080711937763 0.7032642902869221
 5.930315452315657 0.5827090806132003
 5.947657318428879 0.6442627811276869
 2.1808060205497513 -0.015982489900895822
 1.561880082856028 0.42918360446134396
 4.632441318509369 0.46355036257676385
 7.165092717020091 -0.37317114711108246
 7.240996191995532 0.23391573514805808
 2.3142416507620824 0.6074800422684566
 2.377673178176995 0.6690644002966509
 7.423521579724735 -0.8279520614281991
 4.66281316508455 0.7111970851080218
 7.568789337182939 -0.24123529657934462
 5.6848278735912565 0.7108990685789729
 2.440231366893992 0.6681456479183
 7.13698423911067 -0.6470454992695835
 0.43880247014921103 0.9366208695033106
 2.444822758815517 0.9804690112389268
 6.409571325047391 0.3078719121464596
 2.561550409635742 0.41627546789815284
 4.4850225660745835 0.9171008057973004
 6.394565597622592 0.03864150635994612
 6.312457414805172 -0.003418941108555784
 2.6954261426067685 0.976611222811041
 6.293135771975452 -0.06596973563204356
 1.5575055988855038 -0.00855111011321927
 6.044395652297924 0.01256682411335236
 5.285938008571081 0.15041240999922084
 0.6886436105799258 0.7482572648148675
 1.4421316849274957 0.9926748367425606
 7.2365037931990965 0.02445110122689398
 0.3114113529625703 -0.0005981518572290419
 8.116729188189831 -0.30920778672518545
 1.1836086116596316 -0.0051501441912433854
 1.2464391018437586 0.05689941238260243
 2.6201531460653658 0.16522446648719208
 4.999923545421051 0.7238598243840838
 1.0012284486328225 0.6839574930904019
 5.91315059824741 0.521028941039692
 1.3093144002584853 0.11891673632676054
 0.9386552563040174 0.6843727638890711
 0.9390430719491338 0.7468441747062179
 0.689523188890484 0.9356173643702539
 4.896178123158574 0.10060434570441126
 2.0624988470515557 0.48589196882136465
 1.999229023062107 0.4241872359273158
 1.4328663297600763 -0.007325822545691245
 7.748667764385964 0.046719682743651125
 2.557746911679814 0.1661998692213308
 4.200092599826622 0.6933616680361192
 6.22491343917452 0.16127606923538274
 3.1920077049458975 0.718158784286352
 4.8880205199560445 0.8674564580641155
 6.209099614250986 0.57155723607464
 3.3691133332158096 0.1521279640208492
 6.15433431049255 -0.2970915355527332
 5.361254194805198 0.19873742563343136
 7.345876699909461 -0.6550631325272525
 1.316764090478863 0.993809095268822
 5.08695833045888 -0.20207789494276565
 4.969936596028574 -0.17684680617896198
 5.162847098136878 0.1778128181766151
 6.215343387381417 -0.31714836626874543
 0 0.0625
 3.80216113116726 -0.044207750806230746
 6.355347896784759 -0.08636254835783508
 6.963078992919793 0.2619737336149045
 6.985102802943635 0.32396096879473446
 7.500122680781948 -1.0011068930259106
 4.159894533368004 -0.06152921226318333
 0.5605833436638815 -0.0013959829062118018
 0.4390009978405164 0.9990556177904728
 0.6898226296154795 0.998054048354342
