<?xml version="1.0"?>
<VTKFile type="UnstructuredGrid" version="0.1" byte_order="LittleEndian">
  <UnstructuredGrid>
    <Piece NumberOfPoints="1089" NumberOfCells="2048">
      <Points>
        <DataArray type="Float64" NumberOfComponents="3" format="ascii">
          0 0 0
          0.0625 0 0
          0.125 0 0
          0.1875 0 0
          0.25 0 0
          0.3125 0 0
          0.375 0 0
          0.4375 0 0
          0.5 0 0
          0.5625 0 0
          0.625 0 0
          0.6875 0 0
          0.75 0 0
          0.8125 0 0
          0.875 0 0
          0.9375 0 0
          1 0 0
          0 0.0625 0
          0.0625 0.0625 0
          0.125 0.0625 0
          0.1875 0.0625 0
          0.25 0.0625 0
          0.3125 0.0625 0
          0.375 0.0625 0
          0.4375 0.0625 0
          0.5 0.0625 0
          0.5625 0.0625 0
          0.625 0.0625 0
          0.6875 0.0625 0
          0.75 0.0625 0
          0.8125 0.0625 0
          0.875 0.0625 0
          0.9375 0.0625 0
          1 0.0625 0
          0 0.125 0
          0.0625 0.125 0
          0.125 0.125 0
          0.1875 0.125 0
          0.25 0.125 0
          0.3125 0.125 0
          0.375 0.125 0
          0.4375 0.125 0
          0.5 0.125 0
          0.5625 0.125 0
          0.625 0.125 0
          0.6875 0.125 0
          0.75 0.125 0
          0.8125 0.125 0
          0.875 0.125 0
          0.9375 0.125 0
          1 0.125 0
          0 0.1875 0
          0.0625 0.1875 0
          0.125 0.1875 0
          0.1875 0.1875 0
          0.25 0.1875 0
          0.3125 0.1875 0
          0.375 0.1875 0
          0.4375 0.1875 0
          0.5 0.1875 0
          0.5625 0.1875 0
          0.625 0.1875 0
          0.6875 0.1875 0
          0.75 0.1875 0
          0.8125 0.1875 0
          0.875 0.1875 0
          0.9375 0.1875 0
          1 0.1875 0
          0 0.25 0
          0.0625 0.25 0
          0.125 0.25 0
          0.1875 0.25 0
          0.25 0.25 0
          0.3125 0.25 0
          0.375 0.25 0
          0.4375 0.25 0
          0.5 0.25 0
          0.5625 0.25 0
          0.625 0.25 0
          0.6875 0.25 0
          0.75 0.25 0
          0.8125 0.25 0
          0.875 0.25 0
          0.9375 0.25 0
          1 0.25 0
          0 0.3125 0
          0.0625 0.3125 0
          0.125 0.3125 0
          0.1875 0.3125 0
          0.25 0.3125 0
          0.3125 0.3125 0
          0.375 0.3125 0
          0.4375 0.3125 0
          0.5 0.3125 0
          0.5625 0.3125 0
          0.625 0.3125 0
          0.6875 0.3125 0
          0.75 0.3125 0
          0.8125 0.3125 0
          0.875 0.3125 0
          0.9375 0.3125 0
          1 0.3125 0
          0 0.375 0
          0.0625 0.375 0
          0.125 0.375 0
          0.1875 0.375 0
          0.25 0.375 0
          0.3125 0.375 0
          0.375 0.375 0
          0.4375 0.375 0
          0.5 0.375 0
          0.5625 0.375 0
          0.625 0.375 0
          0.6875 0.375 0
          0.75 0.375 0
          0.8125 0.375 0
          0.875 0.375 0
          0.9375 0.375 0
          1 0.375 0
          0 0.4375 0
          0.0625 0.4375 0
          0.125 0.4375 0
          0.1875 0.4375 0
          0.25 0.4375 0
          0.3125 0.4375 0
          0.375 0.4375 0
          0.4375 0.4375 0
          0.5 0.4375 0
          0.5625 0.4375 0
          0.625 0.4375 0
          0.6875 0.4375 0
          0.75 0.4375 0
          0.8125 0.4375 0
          0.875 0.4375 0
          0.9375 0.4375 0
          1 0.4375 0
          0 0.5 0
          0.0625 0.5 0
          0.125 0.5 0
          0.1875 0.5 0
          0.25 0.5 0
          0.3125 0.5 0
          0.375 0.5 0
          0.4375 0.5 0
          0.5 0.5 0
          0.5625 0.5 0
          0.625 0.5 0
          0.6875 0.5 0
          0.75 0.5 0
          0.8125 0.5 0
          0.875 0.5 0
          0.9375 0.5 0
          1 0.5 0
          0 0.5625 0
          0.0625 0.5625 0
          0.125 0.5625 0
          0.1875 0.5625 0
          0.25 0.5625 0
          0.3125 0.5625 0
          0.375 0.5625 0
          0.4375 0.5625 0
          0.5 0.5625 0
          0.5625 0.5625 0
          0.625 0.5625 0
          0.6875 0.5625 0
          0.75 0.5625 0
          0.8125 0.5625 0
          0.875 0.5625 0
          0.9375 0.5625 0
          1 0.5625 0
          0 0.625 0
          0.0625 0.625 0
          0.125 0.625 0
          0.1875 0.625 0
          0.25 0.625 0
          0.3125 0.625 0
          0.375 0.625 0
          0.4375 0.625 0
          0.5 0.625 0
          0.5625 0.625 0
          0.625 0.625 0
          0.6875 0.625 0
          0.75 0.625 0
          0.8125 0.625 0
          0.875 0.625 0
          0.9375 0.625 0
          1 0.625 0
          0 0.6875 0
          0.0625 0.6875 0
          0.125 0.6875 0
          0.1875 0.6875 0
          0.25 0.6875 0
          0.3125 0.6875 0
          0.375 0.6875 0
          0.4375 0.6875 0
          0.5 0.6875 0
          0.5625 0.6875 0
          0.625 0.6875 0
          0.6875 0.6875 0
          0.75 0.6875 0
          0.8125 0.6875 0
          0.875 0.6875 0
          0.9375 0.6875 0
          1 0.6875 0
          0 0.75 0
          0.0625 0.75 0
          0.125 0.75 0
          0.1875 0.75 0
          0.25 0.75 0
          0.3125 0.75 0
          0.375 0.75 0
          0.4375 0.75 0
          0.5 0.75 0
          0.5625 0.75 0
          0.625 0.75 0
          0.6875 0.75 0
          0.75 0.75 0
          0.8125 0.75 0
          0.875 0.75 0
          0.9375 0.75 0
          1 0.75 0
          0 0.8125 0
          0.0625 0.8125 0
          0.125 0.8125 0
          0.1875 0.8125 0
          0.25 0.8125 0
          0.3125 0.8125 0
          0.375 0.8125 0
          0.4375 0.8125 0
          0.5 0.8125 0
          0.5625 0.8125 0
          0.625 0.8125 0
          0.6875 0.8125 0
          0.75 0.8125 0
          0.8125 0.8125 0
          0.875 0.8125 0
          0.9375 0.8125 0
          1 0.8125 0
          0 0.875 0
          0.0625 0.875 0
          0.125 0.875 0
          0.1875 0.875 0
          0.25 0.875 0
          0.3125 0.875 0
          0.375 0.875 0
          0.4375 0.875 0
          0.5 0.875 0
          0.5625 0.875 0
          0.625 0.875 0
          0.6875 0.875 0
          0.75 0.875 0
          0.8125 0.875 0
          0.875 0.875 0
          0.9375 0.875 0
          1 0.875 0
          0 0.9375 0
          0.0625 0.9375 0
          0.125 0.9375 0
          0.1875 0.9375 0
          0.25 0.9375 0
          0.3125 0.9375 0
          0.375 0.9375 0
          0.4375 0.9375 0
          0.5 0.9375 0
          0.5625 0.9375 0
          0.625 0.9375 0
          0.6875 0.9375 0
          0.75 0.9375 0
          0.8125 0.9375 0
          0.875 0.9375 0
          0.9375 0.9375 0
          1 0.9375 0
          0 1 0
          0.0625 1 0
          0.125 1 0
          0.1875 1 0
          0.25 1 0
          0.3125 1 0
          0.375 1 0
          0.4375 1 0
          0.5 1 0
          0.5625 1 0
          0.625 1 0
          0.6875 1 0
          0.75 1 0
          0.8125 1 0
          0.875 1 0
          0.9375 1 0
          1 1 0
          0.25 0.34375 0
          0.21875 0.375 0
          0.21875 0.34375 0
          0.21875 0.5625 0
          0.21875 0.59375 0
          0.1875 0.59375 0
          0.25 0.71875 0
          0.21875 0.75 0
          0.21875 0.71875 0
          0.1875 0.15625 0
          0.15625 0.1875 0
          0.15625 0.15625 0
          1 0.15625 0
          0.96875 0.1875 0
          0.96875 0.15625 0
          0.75 0.53125 0
          0.71875 0.5625 0
          0.71875 0.53125 0
          0.59375 0 0
          0.59375 0.03125 0
          0.5625 0.03125 0
          0.75 0.96875 0
          0.71875 1 0
          0.71875 0.96875 0
          0.0625 0.59375 0
          0.03125 0.625 0
          0.03125 0.59375 0
          0.34375 0.9375 0
          0.34375 0.96875 0
          0.3125 0.96875 0
          0.375 0.15625 0
          0.34375 0.1875 0
          0.34375 0.15625 0
          0.21875 0.6875 0
          0.1875 0.71875 0
          0.25 0.46875 0
          0.21875 0.5 0
          0.21875 0.46875 0
          0.375 0.59375 0
          0.34375 0.625 0
          0.34375 0.59375 0
          0.625 0.28125 0
          0.59375 0.3125 0
          0.59375 0.28125 0
          0.5 0.34375 0
          0.46875 0.375 0
          0.46875 0.34375 0
          0.25 0.84375 0
          0.21875 0.875 0
          0.21875 0.84375 0
          0.125 0.96875 0
          0.09375 1 0
          0.09375 0.96875 0
          0.4375 0.90625 0
          0.40625 0.9375 0
          0.40625 0.90625 0
          0.65625 0.25 0
          0.65625 0.28125 0
          0.46875 0.40625 0
          0.4375 0.40625 0
          0.78125 0.625 0
          0.78125 0.65625 0
          0.75 0.65625 0
          0.59375 0.125 0
          0.59375 0.15625 0
          0.5625 0.15625 0
          0.46875 0.0625 0
          0.46875 0.09375 0
          0.4375 0.09375 0
          0.84375 0.5 0
          0.84375 0.53125 0
          0.8125 0.53125 0
          0.8125 0.65625 0
          0.78125 0.6875 0
          1 0.09375 0
          0.96875 0.125 0
          0.96875 0.09375 0
          1 0.90625 0
          0.96875 0.9375 0
          0.96875 0.90625 0
          0.40625 0.0625 0
          0.40625 0.09375 0
          0.375 0.09375 0
          0.03125 0.5625 0
          0 0.59375 0
          0.1875 0.28125 0
          0.15625 0.3125 0
          0.15625 0.28125 0
          0.96875 0.25 0
          0.96875 0.28125 0
          0.9375 0.28125 0
          0.53125 0.3125 0
          0.53125 0.34375 0
          0.46875 0.6875 0
          0.46875 0.71875 0
          0.4375 0.71875 0
          0.59375 0.6875 0
          0.59375 0.71875 0
          0.5625 0.71875 0
          0.09375 0.875 0
          0.09375 0.90625 0
          0.0625 0.90625 0
          0.78125 0.5625 0
          0.78125 0.59375 0
          0.75 0.59375 0
          0.21875 0.78125 0
          0.1875 0.78125 0
          0.125 0.28125 0
          0.09375 0.3125 0
          0.09375 0.28125 0
          0.21875 0.0625 0
          0.21875 0.09375 0
          0.1875 0.09375 0
          0.5 0.65625 0
          0.46875 0.65625 0
          0.53125 0.25 0
          0.53125 0.28125 0
          0.5 0.28125 0
          0.125 0.65625 0
          0.09375 0.6875 0
          0.09375 0.65625 0
          0.15625 0.75 0
          0.15625 0.71875 0
          0.28125 0.9375 0
          0.28125 0.96875 0
          0.25 0.96875 0
          0.46875 0.75 0
          0.46875 0.78125 0
          0.4375 0.78125 0
          0.53125 0.8125 0
          0.53125 0.84375 0
          0.5 0.84375 0
          0.1875 0.90625 0
          0.15625 0.9375 0
          0.15625 0.90625 0
          0.15625 0.21875 0
          0.125 0.21875 0
          0.15625 0.625 0
          0.15625 0.65625 0
          0.46875 0.9375 0
          0.46875 0.96875 0
          0.4375 0.96875 0
          0.8125 0.40625 0
          0.78125 0.4375 0
          0.78125 0.40625 0
          0.84375 0.5625 0
          0.84375 0.59375 0
          0.8125 0.59375 0
          0.65625 0.125 0
          0.65625 0.15625 0
          0.625 0.15625 0
          0.9375 0.15625 0
          0.6875 0.21875 0
          0.65625 0.21875 0
          0.0625 0.03125 0
          0.03125 0.0625 0
          0.03125 0.03125 0
          0.5625 0.34375 0
          0.53125 0.375 0
          0.46875 0.875 0
          0.46875 0.90625 0
          0.59375 0.5 0
          0.59375 0.53125 0
          0.5625 0.53125 0
          0.15625 0 0
          0.15625 0.03125 0
          0.125 0.03125 0
          0.90625 0.1875 0
          0.90625 0.15625 0
          0.09375 0.75 0
          0.09375 0.78125 0
          0.0625 0.78125 0
          0.90625 0.0625 0
          0.90625 0.09375 0
          0.875 0.09375 0
          0.21875 0.40625 0
          0.1875 0.40625 0
          0.34375 0.125 0
          0.3125 0.15625 0
          0.03125 0.375 0
          0.03125 0.40625 0
          0 0.40625 0
          0.875 0.03125 0
          0.84375 0.0625 0
          0.84375 0.03125 0
          0.15625 0.125 0
          0.15625 0.09375 0
          0.40625 0.5625 0
          0.40625 0.59375 0
          0.28125 0.6875 0
          0.28125 0.71875 0
          1 0.03125 0
          0.96875 0.0625 0
          0.96875 0.03125 0
          0.125 0.53125 0
          0.09375 0.5625 0
          0.09375 0.53125 0
          0.15625 0.25 0
          0.65625 0.5 0
          0.65625 0.53125 0
          0.625 0.53125 0
          0.71875 0.6875 0
          0.71875 0.65625 0
          0.71875 0.875 0
          0.71875 0.90625 0
          0.6875 0.90625 0
          0.4375 0.28125 0
          0.40625 0.3125 0
          0.40625 0.28125 0
          0.28125 0.375 0
          0.28125 0.40625 0
          0.25 0.40625 0
          0.03125 0.9375 0
          0.03125 0.96875 0
          0 0.96875 0
          0.9375 0.59375 0
          0.90625 0.625 0
          0.90625 0.59375 0
          0.03125 0.8125 0
          0.03125 0.78125 0
          0.5 0.96875 0
          0.46875 1 0
          0.53125 0.0625 0
          0.53125 0.09375 0
          0.5 0.09375 0
          0.28125 0.0625 0
          0.28125 0.09375 0
          0.25 0.09375 0
          0.3125 0.46875 0
          0.28125 0.5 0
          0.28125 0.46875 0
          0.46875 0.625 0
          0.4375 0.65625 0
          0.4375 0.03125 0
          0.40625 0.03125 0
          0.9375 0.09375 0
          0.90625 0.125 0
          0.3125 0.09375 0
          0.28125 0.125 0
          0.40625 0.5 0
          0.40625 0.53125 0
          0.375 0.53125 0
          0.84375 0.9375 0
          0.84375 0.96875 0
          0.8125 0.96875 0
          0.0625 0.09375 0
          0.03125 0.125 0
          0.03125 0.09375 0
          0.15625 0.34375 0
          0.125 0.34375 0
          0.3125 0.03125 0
          0.28125 0.03125 0
          0.84375 0.375 0
          0.84375 0.40625 0
          0.5 0.40625 0
          0.46875 0.4375 0
          0.21875 0.9375 0
          0.21875 0.96875 0
          0.1875 0.96875 0
          0.75 0.71875 0
          0.71875 0.75 0
          0.71875 0.71875 0
          0.625 0.21875 0
          0.59375 0.25 0
          0.59375 0.21875 0
          0.1875 0.03125 0
          0.15625 0.0625 0
          0.84375 0.6875 0
          0.84375 0.71875 0
          0.8125 0.71875 0
          0.15625 0.8125 0
          0.15625 0.84375 0
          0.125 0.84375 0
          0.90625 0.21875 0
          0.875 0.21875 0
          0.75 0.03125 0
          0.71875 0.0625 0
          0.71875 0.03125 0
          0.09375 0.84375 0
          0.75 0.09375 0
          0.71875 0.125 0
          0.71875 0.09375 0
          0.09375 0.375 0
          0.09375 0.34375 0
          0.8125 0.84375 0
          0.78125 0.875 0
          0.78125 0.84375 0
          0.34375 0.21875 0
          0.3125 0.21875 0
          0.03125 0 0
          0 0.03125 0
          0.40625 0.1875 0
          0.40625 0.21875 0
          0.375 0.21875 0
          0.21875 0.4375 0
          0.1875 0.46875 0
          0.78125 0.75 0
          0.78125 0.71875 0
          0.96875 0.96875 0
          0.9375 0.96875 0
          0.65625 0.625 0
          0.65625 0.65625 0
          0.625 0.65625 0
          0.9375 0.78125 0
          0.90625 0.8125 0
          0.90625 0.78125 0
          0.375 0.90625 0
          0.34375 0.90625 0
          0.0625 0.65625 0
          0.03125 0.6875 0
          0.03125 0.65625 0
          0.0625 0.46875 0
          0.03125 0.5 0
          0.03125 0.46875 0
          0.8125 0.03125 0
          0.78125 0.0625 0
          0.78125 0.03125 0
          0.6875 0.03125 0
          0.65625 0.0625 0
          0.65625 0.03125 0
          0.0625 0.15625 0
          0.03125 0.1875 0
          0.03125 0.15625 0
          0.25 0.21875 0
          0.21875 0.25 0
          0.21875 0.21875 0
          0.78125 0.78125 0
          0.75 0.78125 0
          0.59375 0.8125 0
          0.59375 0.84375 0
          0.5625 0.84375 0
          0.03125 0.53125 0
          0 0.53125 0
          0.6875 0.15625 0
          0.65625 0.1875 0
          0.78125 0.1875 0
          0.78125 0.21875 0
          0.75 0.21875 0
          0.9375 0.34375 0
          0.90625 0.375 0
          0.90625 0.34375 0
          0.03125 0.71875 0
          0 0.71875 0
          0.96875 0.3125 0
          0.96875 0.34375 0
          0.40625 0.4375 0
          0.40625 0.46875 0
          0.375 0.46875 0
          0.71875 0.4375 0
          0.71875 0.46875 0
          0.6875 0.46875 0
          0.71875 0.375 0
          0.71875 0.40625 0
          0.6875 0.40625 0
          0.53125 0.5 0
          0.53125 0.53125 0
          0.5 0.53125 0
          0.59375 0.1875 0
          0.40625 0.25 0
          0.375 0.28125 0
          0.0625 0.21875 0
          0.03125 0.25 0
          0.03125 0.21875 0
          0.15625 0.96875 0
          0.375 0.71875 0
          0.34375 0.75 0
          0.34375 0.71875 0
          0.84375 0.8125 0
          0.84375 0.84375 0
          0.40625 1 0
          0.40625 0.96875 0
          0.53125 0.1875 0
          0.53125 0.21875 0
          0.5 0.21875 0
          0.9375 0.21875 0
          0.90625 0.25 0
          0.65625 0.3125 0
          0.65625 0.34375 0
          0.625 0.34375 0
          0.375 0.96875 0
          0.875 0.59375 0
          0.84375 0.625 0
          0.28125 0.4375 0
          0.6875 0.71875 0
          0.65625 0.75 0
          0.65625 0.71875 0
          0.84375 0.1875 0
          0.84375 0.21875 0
          0.8125 0.21875 0
          0.65625 0.875 0
          0.65625 0.90625 0
          0.625 0.90625 0
          0.21875 0.90625 0
          0.96875 0.8125 0
          0.96875 0.84375 0
          0.9375 0.84375 0
          0.375 0.40625 0
          0.34375 0.4375 0
          0.34375 0.40625 0
          0.5 0.46875 0
          0.46875 0.5 0
          0.46875 0.46875 0
          0.59375 0.5625 0
          0.84375 0.25 0
          0.84375 0.28125 0
          0.8125 0.28125 0
          0.90625 0.9375 0
          0.90625 0.96875 0
          0.875 0.96875 0
          0.34375 1 0
          0.0625 0.84375 0
          0.03125 0.875 0
          0.03125 0.84375 0
          0.59375 0.34375 0
          0.53125 0.625 0
          0.53125 0.65625 0
          0.84375 1 0
          0.5 0.59375 0
          0.46875 0.59375 0
          0.875 0.40625 0
          0.84375 0.4375 0
          0.0625 0.28125 0
          0.03125 0.3125 0
          0.03125 0.28125 0
          0.65625 0.4375 0
          0.65625 0.40625 0
          0.53125 0.4375 0
          0.53125 0.46875 0
          0.8125 0.34375 0
          0.78125 0.375 0
          0.78125 0.34375 0
          0.34375 0.6875 0
          0.3125 0.71875 0
          0.4375 0.21875 0
          0.59375 0.4375 0
          0.59375 0.46875 0
          0.5625 0.46875 0
          0.46875 0.125 0
          0.65625 0.78125 0
          0.625 0.78125 0
          0.53125 0.875 0
          0.8125 0.90625 0
          0.78125 0.9375 0
          0.78125 0.90625 0
          0.03125 0.90625 0
          0.75 0.84375 0
          0.71875 0.84375 0
          0.59375 0.9375 0
          0.59375 0.90625 0
          0.6875 0.53125 0
          0.65625 0.5625 0
          0.46875 0.15625 0
          0.4375 0.15625 0
          0.5 0.15625 0
          0.46875 0.1875 0
          0.5625 0.09375 0
          0.53125 0.125 0
          0.3125 0.53125 0
          0.28125 0.5625 0
          0.28125 0.53125 0
          0.65625 0.46875 0
          0.625 0.46875 0
          0.53125 0.75 0
          0.53125 0.78125 0
          0.5 0.78125 0
          0.84375 0.875 0
          0.84375 0.90625 0
          0.28125 0.625 0
          0.28125 0.65625 0
          0.25 0.65625 0
          0.34375 0.65625 0
          0.3125 0.65625 0
          0.40625 0.75 0
          0.40625 0.71875 0
          0.6875 0.09375 0
          0.53125 0.15625 0
          0.875 0.90625 0
          0.875 0.46875 0
          0.84375 0.46875 0
          0.21875 0.125 0
          0.21875 0.15625 0
          0.71875 0.59375 0
          0.6875 0.59375 0
          0.34375 0.5625 0
          0.3125 0.59375 0
          0.875 0.34375 0
          0.84375 0.34375 0
          0.90625 0.5625 0
          0.84375 0.75 0
          0.84375 0.78125 0
          0.8125 0.78125 0
          0.21875 0.8125 0
          0.1875 0.84375 0
          0.21875 1 0
          0.78125 0.3125 0
          0.75 0.34375 0
          0.71875 0 0
          0.28125 0.1875 0
          0.28125 0.21875 0
          0.40625 0.125 0
          0.40625 0.15625 0
          0.15625 0.875 0
          1 0.84375 0
          0.96875 0.875 0
          0.25 0.78125 0
          0.8125 0.46875 0
          0.125 0.09375 0
          0.09375 0.0625 0
          0.09375 0.03125 0
          0.78125 0.46875 0
          0.75 0.46875 0
          0.0625 0.96875 0
          0.03125 1 0
          0.34375 0.375 0
          0.3125 0.40625 0
          0.71875 0.25 0
          0.71875 0.28125 0
          0.6875 0.28125 0
          0.28125 0.15625 0
          0.03125 0.4375 0
          0 0.46875 0
          0.71875 0.3125 0
          0.71875 0.34375 0
          0.6875 0.34375 0
          0.125 0.71875 0
          0.09375 0.71875 0
          0.28125 0.25 0
          0.28125 0.28125 0
          0.25 0.28125 0
          0.90625 0.6875 0
          0.90625 0.71875 0
          0.875 0.71875 0
          0.46875 0.8125 0
          0.53125 0.90625 0
          0.5 0.90625 0
          0.96875 0.625 0
          0.96875 0.65625 0
          0.9375 0.65625 0
          0.59375 0.65625 0
          0.4375 0.46875 0
          0.71875 0.5 0
          0.125 0.78125 0
          0.09375 0.8125 0
          0.96875 0.5625 0
          0.96875 0.59375 0
          1 0.78125 0
          0.96875 0.78125 0
          0.4375 0.84375 0
          0.40625 0.875 0
          0.40625 0.84375 0
          0.5625 0.21875 0
          0.15625 0.6875 0
          0.46875 0.25 0
          0.46875 0.21875 0
          0.125 0.15625 0
          0.40625 0.78125 0
          0.375 0.78125 0
          0.78125 0.09375 0
          1 0.46875 0
          0.96875 0.5 0
          0.96875 0.46875 0
          0.59375 0.59375 0
          0.5625 0.59375 0
          0.59375 0.75 0
          0.59375 0.78125 0
          0.5625 0.78125 0
          0.3125 0.84375 0
          0.28125 0.875 0
          0.28125 0.84375 0
          0.0625 0.71875 0
          0.96875 0.21875 0
          0.84375 0.09375 0
          0.8125 0.09375 0
          0.15625 0.5 0
          0.15625 0.46875 0
          0 0.15625 0
          0.1875 0.53125 0
          0.15625 0.5625 0
          0.15625 0.53125 0
          0.65625 0.6875 0
          0.625 0.71875 0
          0.71875 0.15625 0
          0.9375 0.03125 0
          0.90625 0.03125 0
          0.34375 0.78125 0
          0.3125 0.78125 0
          0.78125 0.25 0
          0.78125 0.28125 0
          0.75 0.28125 0
          0.09375 0.59375 0
          0.65625 0.9375 0
          0.65625 0.96875 0
          0.625 0.96875 0
          0.25 0.03125 0
          0.21875 0.03125 0
          0.34375 0.5 0
          0.34375 0.53125 0
          0.59375 0.375 0
          0.46875 0 0
          0.46875 0.03125 0
          0.28125 0.75 0
          0.28125 0.78125 0
          0.59375 0.96875 0
          0.5625 0.96875 0
          0 0.84375 0
          0.75 0.40625 0
          0.09375 0.09375 0
          0.28125 0.90625 0
          0.25 0.90625 0
          0.90625 0.3125 0
          0.90625 0.28125 0
          0.40625 0.8125 0
          0.375 0.84375 0
          0.53125 0.6875 0
          0.53125 0.71875 0
          0.5 0.71875 0
          0.78125 0.5 0
          0.90625 0.84375 0
          0.875 0.84375 0
          0.34375 0.8125 0
          0.34375 0.84375 0
          0.375 0.65625 0
          0.40625 0 0
          0.375 0.03125 0
          0 0.28125 0
          0.15625 0.59375 0
          0.9375 0.71875 0
          0.90625 0.75 0
          0.21875 0.1875 0
          0.1875 0.21875 0
          0.8125 0.15625 0
          0.78125 0.15625 0
          0.78125 0.8125 0
          0.65625 0.8125 0
          0.65625 0.84375 0
          0.625 0.84375 0
          0.71875 0.8125 0
          0.71875 0.78125 0
          0.65625 0.59375 0
          0.625 0.59375 0
          0.28125 0.8125 0
          1 0.40625 0
          0.96875 0.4375 0
          0.96875 0.40625 0
          0.53125 0 0
          0.53125 0.03125 0
          0.5 0.03125 0
          0.78125 0.125 0
          0.75 0.15625 0
          0.71875 0.1875 0
          0.71875 0.21875 0
          0.34375 0.25 0
          0.34375 0.28125 0
          0.3125 0.28125 0
          0.0625 0.40625 0
          1 0.34375 0
          0.96875 0.375 0
          0.125 0.90625 0
          1 0.96875 0
          0.96875 1 0
          0.03125 0.75 0
          0.09375 0.125 0
          0.09375 0.15625 0
          0.21875 0.625 0
          0.21875 0.65625 0
          0.1875 0.65625 0
          0.09375 0.25 0
          0.09375 0.21875 0
          0.3125 0.34375 0
          0.28125 0.34375 0
          0.59375 1 0
          0.34375 0.3125 0
          0.34375 0.34375 0
          0.40625 0.6875 0
          0.34375 0.875 0
          0.3125 0.90625 0
          0.53125 0.5625 0
          0.90625 0.65625 0
          0.875 0.65625 0
          0.59375 0.625 0
          0.5625 0.65625 0
          0.90625 0.4375 0
          0.90625 0.46875 0
          0.65625 0.09375 0
          0.875 0.78125 0
          0.40625 0.375 0
          0.40625 0.40625 0
          0.21875 0.3125 0
          0.1875 0.34375 0
          0.34375 0.46875 0
          0.28125 0.3125 0
          0.46875 0.84375 0
          0.59375 0.0625 0
          0.59375 0.09375 0
          0.84375 0 0
          0.53125 0.40625 0
          0 0.21875 0
          0.71875 0.625 0
          1 0.71875 0
          0.96875 0.75 0
          0.96875 0.71875 0
          0.90625 0.875 0
          0.25 0.15625 0
          0.625 0.09375 0
          0.625 0.03125 0
          0.5625 0.28125 0
          0.46875 0.3125 0
          0.4375 0.34375 0
          0.5625 0.40625 0
          0.78125 0.53125 0
          0.15625 0.78125 0
          0.875 0.28125 0
          0.53125 0.9375 0
          0.53125 0.96875 0
          0.4375 0.59375 0
          0.40625 0.625 0
          0.21875 0.28125 0
          0.4375 0.53125 0
          0.6875 0.96875 0
          0.65625 1 0
          0.0625 0.53125 0
          0.125 0.59375 0
          0.09375 0.625 0
          0.9375 0.90625 0
          0.90625 0.90625 0
          0 0.78125 0
          0.09375 0.5 0
          0.28125 1 0
          0.78125 0 0
          0.40625 0.34375 0
          0.875 0.53125 0
          0.34375 0 0
          0.34375 0.03125 0
          0.0625 0.34375 0
          0.03125 0.34375 0
          0.59375 0.875 0
          0.90625 0.40625 0
          0.65625 0 0
          0.53125 0.59375 0
          0.84375 0.3125 0
          1 0.65625 0
          0.96875 0.6875 0
          0.9375 0.40625 0
          0.84375 0.125 0
          0.375 0.34375 0
          0.15625 1 0
          0.34375 0.0625 0
          0.09375 0.9375 0
          0.78125 0.96875 0
          0 0.09375 0
          0.90625 1 0
          0.15625 0.375 0
          0.65625 0.375 0
          0.96875 0 0
          0.9375 0.46875 0
          0.90625 0.5 0
          0.53125 1 0
          0.875 0.15625 0
          0.84375 0.15625 0
          0.34375 0.09375 0
          0.90625 0.53125 0
          0.46875 0.5625 0
          0.6875 0.65625 0
          0.15625 0.4375 0
          0.125 0.46875 0
          0.46875 0.53125 0
          0.84375 0.65625 0
          0.78125 1 0
          0.59375 0.40625 0
          0.6875 0.84375 0
          0 0.65625 0
          0.625 0.40625 0
          0.75 0.90625 0
          0.5625 0.90625 0
          0.15625 0.40625 0
          0.125 0.40625 0
          0.25 0.53125 0
          0.21875 0.53125 0
          0.71875 0.9375 0
          0.46875 0.28125 0
          0 0.90625 0
          0.09375 0.40625 0
          0 0.34375 0
          0.28125 0.59375 0
          0.25 0.59375 0
          0.6875 0.78125 0
          0.90625 0 0
          0.09375 0.1875 0
          1 0.28125 0
          0.09375 0.4375 0
          0.40625 0.65625 0
          0.09375 0.46875 0
          0.21875 0 0
          0.28125 0 0
          0.96875 0.53125 0
          0.9375 0.53125 0
          1 0.53125 0
          0.09375 0 0
          1 0.59375 0
          1 0.21875 0
        </DataArray>
      </Points>
      <Cells>
        <DataArray type="Int32" Name="connectivity" format="ascii">
          0 578 579
          578 1 445
          579 445 17
          578 445 579
          1 443 445
          443 18 444
          445 444 17
          443 444 445
          1 1086 443
          1086 2 797
          443 797 18
          1086 797 443
          2 455 797
          455 19 796
          797 796 18
          455 796 797
          2 453 455
          453 3 454
          455 454 19
          453 454 455
          3 554 454
          554 20 555
          454 555 19
          554 555 454
          3 1081 554
          1081 4 883
          554 883 20
          1081 883 554
          4 882 883
          882 21 399
          883 399 20
          882 399 883
          4 1082 882
          1082 5 540
          882 540 21
          1082 540 882
          5 539 540
          539 22 514
          540 514 21
          539 514 540
          5 1020 539
          1020 6 1021
          539 1021 22
          1020 1021 539
          6 912 1021
          912 23 1035
          1021 1035 22
          912 1035 1021
          6 911 912
          911 7 523
          912 523 23
          911 523 912
          7 522 523
          522 24 369
          523 369 23
          522 369 523
          7 887 522
          887 8 888
          522 888 24
          887 888 522
          8 935 888
          935 25 355
          888 355 24
          935 355 888
          8 933 935
          933 9 934
          935 934 25
          933 934 935
          9 309 934
          309 26 511
          934 511 25
          309 511 934
          9 307 309
          307 10 308
          309 308 26
          307 308 309
          10 993 308
          993 27 981
          308 981 26
          993 981 308
          10 1026 993
          1026 11 608
          993 608 27
          1026 608 993
          11 606 608
          606 28 607
          608 607 27
          606 607 608
          11 785 606
          785 12 566
          606 566 28
          785 566 606
          12 564 566
          564 29 565
          566 565 28
          564 565 566
          12 1017 564
          1017 13 605
          564 605 29
          1017 605 564
          13 603 605
          603 30 604
          605 604 29
          603 604 605
          13 983 603
          983 14 473
          603 473 30
          983 473 603
          14 471 473
          471 31 472
          473 472 30
          471 472 473
          14 1075 471
          1075 15 872
          471 872 31
          1075 872 471
          15 871 872
          871 32 461
          872 461 31
          871 461 872
          15 1042 871
          1042 16 482
          871 482 32
          1042 482 871
          16 480 482
          480 33 481
          482 481 32
          480 481 482
          17 444 1038
          444 18 536
          1038 536 34
          444 536 1038
          18 534 536
          534 35 535
          536 535 34
          534 535 536
          18 796 534
          796 19 895
          534 895 35
          796 895 534
          19 795 895
          795 36 950
          895 950 35
          795 950 895
          19 555 795
          555 20 475
          795 475 36
          555 475 795
          20 401 475
          401 37 474
          475 474 36
          401 474 475
          20 399 401
          399 21 400
          401 400 37
          399 400 401
          21 516 400
          516 38 768
          400 768 37
          516 768 400
          21 514 516
          514 22 515
          516 515 38
          514 515 516
          22 526 515
          526 39 527
          515 527 38
          526 527 515
          22 1035 526
          1035 23 1048
          526 1048 39
          1035 1048 526
          23 371 1048
          371 40 466
          1048 466 39
          371 466 1048
          23 369 371
          369 24 370
          371 370 40
          369 370 371
          24 357 370
          357 41 788
          370 788 40
          357 788 370
          24 355 357
          355 25 356
          357 356 41
          355 356 357
          25 513 356
          513 42 726
          356 726 41
          513 726 356
          25 511 513
          511 26 512
          513 512 42
          511 512 513
          26 744 512
          744 43 745
          512 745 42
          744 745 512
          26 981 744
          981 27 982
          744 982 43
          981 982 744
          27 992 982
          992 44 352
          982 352 43
          992 352 982
          27 607 992
          607 28 972
          992 972 44
          607 972 992
          28 763 972
          763 45 437
          972 437 44
          763 437 972
          28 565 763
          565 29 570
          763 570 45
          565 570 763
          29 568 570
          568 46 569
          570 569 45
          568 569 570
          29 604 568
          604 30 846
          568 846 46
          604 846 568
          30 861 846
          861 47 936
          846 936 46
          861 936 846
          30 472 861
          472 31 860
          861 860 47
          472 860 861
          31 463 860
          463 48 1032
          860 1032 47
          463 1032 860
          31 461 463
          461 32 462
          463 462 48
          461 462 463
          32 524 462
          524 49 525
          462 525 48
          524 525 462
          32 481 524
          481 33 365
          524 365 49
          481 365 524
          33 363 365
          363 50 364
          365 364 49
          363 364 365
          34 535 864
          535 35 611
          864 611 51
          535 611 864
          35 609 611
          609 52 610
          611 610 51
          609 610 611
          35 950 609
          950 36 951
          609 951 52
          950 951 609
          36 843 951
          843 53 1076
          951 1076 52
          843 1076 951
          36 474 843
          474 37 300
          843 300 53
          474 300 843
          37 298 300
          298 54 299
          300 299 53
          298 299 300
          37 768 298
          768 38 769
          298 769 54
          768 769 298
          38 991 769
          991 55 917
          769 917 54
          991 917 769
          38 527 991
          527 39 807
          991 807 55
          527 807 991
          39 467 807
          467 56 786
          807 786 55
          467 786 807
          39 466 467
          466 40 321
          467 321 56
          466 321 467
          40 319 321
          319 57 320
          321 320 56
          319 320 321
          40 788 319
          788 41 789
          319 789 57
          788 789 319
          41 741 789
          741 58 580
          789 580 57
          741 580 789
          41 726 741
          726 42 740
          741 740 58
          726 740 741
          42 742 740
          742 59 743
          740 743 58
          742 743 740
          42 745 742
          745 43 764
          742 764 59
          745 764 742
          43 354 764
          354 60 660
          764 660 59
          354 660 764
          43 352 354
          352 44 353
          354 353 60
          352 353 354
          44 439 353
          439 61 646
          353 646 60
          439 646 353
          44 437 439
          437 45 438
          439 438 61
          437 438 439
          45 622 438
          622 62 623
          438 623 61
          622 623 438
          45 569 622
          569 46 870
          622 870 62
          569 870 622
          46 937 870
          937 63 938
          870 938 62
          937 938 870
          46 936 937
          936 47 920
          937 920 63
          936 920 937
          47 919 920
          919 64 624
          920 624 63
          919 624 920
          47 1032 919
          1032 48 1047
          919 1047 64
          1032 1047 919
          48 1046 1047
          1046 65 675
          1047 675 64
          1046 675 1047
          48 525 1046
          525 49 457
          1046 457 65
          525 457 1046
          49 440 457
          440 66 456
          457 456 65
          440 456 457
          49 364 440
          364 50 303
          440 303 66
          364 303 440
          50 301 303
          301 67 302
          303 302 66
          301 302 303
          51 610 985
          610 52 651
          985 651 68
          610 651 985
          52 649 651
          649 69 650
          651 650 68
          649 650 651
          52 1076 649
          1076 53 956
          649 956 69
          1076 956 649
          53 425 956
          425 70 955
          956 955 69
          425 955 956
          53 299 425
          299 54 424
          425 424 70
          299 424 425
          54 918 424
          918 71 486
          424 486 70
          918 486 424
          54 917 918
          917 55 614
          918 614 71
          917 614 918
          55 612 614
          612 72 613
          614 613 71
          612 613 614
          55 786 612
          786 56 787
          612 787 72
          786 787 612
          56 577 787
          577 73 815
          787 815 72
          577 815 787
          56 320 577
          320 57 576
          577 576 73
          320 576 577
          57 582 576
          582 74 940
          576 940 73
          582 940 576
          57 580 582
          580 58 581
          582 581 74
          580 581 582
          58 722 581
          722 75 647
          581 647 74
          722 647 581
          58 743 722
          743 59 842
          722 842 75
          743 842 722
          59 662 842
          662 76 841
          842 841 75
          662 841 842
          59 660 662
          660 60 661
          662 661 76
          660 661 662
          60 839 661
          839 77 404
          661 404 76
          839 404 661
          60 646 839
          646 61 553
          839 553 77
          646 553 839
          61 551 553
          551 78 552
          553 552 77
          551 552 553
          61 623 551
          623 62 442
          551 442 78
          623 442 551
          62 441 442
          441 79 345
          442 345 78
          441 345 442
          62 938 441
          938 63 939
          441 939 79
          938 939 441
          63 626 939
          626 80 804
          939 804 79
          626 804 939
          63 624 626
          624 64 625
          626 625 80
          624 625 626
          64 677 625
          677 81 875
          625 875 80
          677 875 625
          64 675 677
          675 65 676
          677 676 81
          675 676 677
          65 563 676
          563 82 692
          676 692 81
          563 692 676
          65 456 563
          456 66 562
          563 562 82
          456 562 563
          66 663 562
          663 83 664
          562 664 82
          663 664 562
          66 302 663
          302 67 859
          663 859 83
          302 859 663
          67 1088 859
          1088 84 377
          859 377 83
          1088 377 859
          68 650 913
          650 69 712
          913 712 85
          650 712 913
          69 710 712
          710 86 711
          712 711 85
          710 711 712
          69 955 710
          955 70 398
          710 398 86
          955 398 710
          70 396 398
          396 87 397
          398 397 86
          396 397 398
          70 486 396
          486 71 376
          396 376 87
          486 376 396
          71 374 376
          374 88 375
          376 375 87
          374 375 376
          71 613 374
          613 72 1005
          374 1005 88
          613 1005 374
          72 817 1005
          817 89 976
          1005 976 88
          817 976 1005
          72 815 817
          815 73 816
          817 816 89
          815 816 817
          73 942 816
          942 90 979
          816 979 89
          942 979 816
          73 940 942
          940 74 941
          942 941 90
          940 941 942
          74 648 941
          648 91 960
          941 960 90
          648 960 941
          74 647 648
          647 75 497
          648 497 91
          647 497 648
          75 495 497
          495 92 496
          497 496 91
          495 496 497
          75 841 495
          841 76 1068
          495 1068 92
          841 1068 495
          76 406 1068
          406 93 995
          1068 995 92
          406 995 1068
          76 404 406
          404 77 405
          406 405 93
          404 405 406
          77 994 405
          994 94 380
          405 380 93
          994 380 405
          77 552 994
          552 78 332
          994 332 94
          552 332 994
          78 330 332
          330 95 331
          332 331 94
          330 331 332
          78 345 330
          345 79 346
          330 346 95
          345 346 330
          79 806 346
          806 96 665
          346 665 95
          806 665 346
          79 804 806
          804 80 805
          806 805 96
          804 805 806
          80 877 805
          877 97 810
          805 810 96
          877 810 805
          80 875 877
          875 81 876
          877 876 97
          875 876 877
          81 694 876
          694 98 783
          876 783 97
          694 783 876
          81 692 694
          692 82 693
          694 693 98
          692 693 694
          82 1000 693
          1000 99 1028
          693 1028 98
          1000 1028 693
          82 664 1000
          664 83 899
          1000 899 99
          664 899 1000
          83 379 899
          379 100 898
          899 898 99
          379 898 899
          83 377 379
          377 84 378
          379 378 100
          377 378 379
          84 1077 378
          1077 101 632
          378 632 100
          1077 632 378
          85 711 1071
          711 86 1023
          1071 1023 102
          711 1023 1071
          86 1022 1023
          1022 103 468
          1023 468 102
          1022 468 1023
          86 397 1022
          397 87 572
          1022 572 103
          397 572 1022
          87 538 572
          538 104 571
          572 571 103
          538 571 572
          87 375 538
          375 88 537
          538 537 104
          375 537 538
          88 977 537
          977 105 1040
          537 1040 104
          977 1040 537
          88 976 977
          976 89 291
          977 291 105
          976 291 977
          89 289 291
          289 106 290
          291 290 105
          289 290 291
          89 979 289
          979 90 958
          289 958 106
          979 958 289
          90 957 958
          957 107 498
          958 498 106
          957 498 958
          90 960 957
          960 91 961
          957 961 107
          960 961 957
          91 1033 961
          1033 108 802
          961 802 107
          1033 802 961
          91 496 1033
          496 92 1018
          1033 1018 108
          496 1018 1033
          92 996 1018
          996 109 974
          1018 974 108
          996 974 1018
          92 995 996
          995 93 335
          996 335 109
          995 335 996
          93 333 335
          333 110 334
          335 334 109
          333 334 335
          93 380 333
          380 94 381
          333 381 110
          380 381 333
          94 446 381
          446 111 447
          381 447 110
          446 447 381
          94 331 446
          331 95 702
          446 702 111
          331 702 446
          95 667 702
          667 112 886
          702 886 111
          667 886 702
          95 665 667
          665 96 666
          667 666 112
          665 666 667
          96 812 666
          812 113 1041
          666 1041 112
          812 1041 666
          96 810 812
          810 97 811
          812 811 113
          810 811 812
          97 784 811
          784 114 640
          811 640 113
          784 640 811
          97 783 784
          783 98 719
          784 719 114
          783 719 784
          98 717 719
          717 115 718
          719 718 114
          717 718 719
          98 1028 717
          1028 99 775
          717 775 115
          1028 775 717
          99 774 775
          774 116 541
          775 541 115
          774 541 775
          99 898 774
          898 100 629
          774 629 116
          898 629 774
          100 627 629
          627 117 628
          629 628 116
          627 628 629
          100 632 627
          632 101 633
          627 633 117
          632 633 627
          101 944 633
          944 118 945
          633 945 117
          944 945 633
          102 468 470
          468 103 469
          470 469 119
          468 469 470
          103 943 469
          943 120 808
          469 808 119
          943 808 469
          103 571 943
          571 104 1070
          943 1070 120
          571 1070 943
          104 1064 1070
          1064 121 1078
          1070 1078 120
          1064 1078 1070
          104 1040 1064
          1040 105 1063
          1064 1063 121
          1040 1063 1064
          105 465 1063
          465 122 1052
          1063 1052 121
          465 1052 1063
          105 290 465
          290 106 464
          465 464 122
          290 464 465
          106 500 464
          500 123 583
          464 583 122
          500 583 464
          106 498 500
          498 107 499
          500 499 123
          498 499 500
          107 803 499
          803 124 671
          499 671 123
          803 671 499
          107 802 803
          802 108 687
          803 687 124
          802 687 803
          108 685 687
          685 125 686
          687 686 124
          685 686 687
          108 974 685
          974 109 975
          685 975 125
          974 975 685
          109 348 975
          348 126 634
          975 634 125
          348 634 975
          109 334 348
          334 110 347
          348 347 126
          334 347 348
          110 543 347
          543 127 544
          347 544 126
          543 544 347
          110 447 543
          447 111 984
          543 984 127
          447 984 543
          111 997 984
          997 128 715
          984 715 127
          997 715 984
          111 886 997
          886 112 1057
          997 1057 128
          886 1057 997
          112 1060 1057
          1060 129 723
          1057 723 128
          1060 723 1057
          112 1041 1060
          1041 113 714
          1060 714 129
          1041 714 1060
          113 642 714
          642 130 713
          714 713 129
          642 713 714
          113 640 642
          640 114 641
          642 641 130
          640 641 642
          114 894 641
          894 131 637
          641 637 130
          894 637 641
          114 718 894
          718 115 433
          894 433 131
          718 433 894
          115 431 433
          431 132 432
          433 432 131
          431 432 433
          115 541 431
          541 116 542
          431 542 132
          541 542 431
          116 708 542
          708 133 709
          542 709 132
          708 709 542
          116 628 708
          628 117 1025
          708 1025 133
          628 1025 708
          117 1031 1025
          1031 134 970
          1025 970 133
          1031 970 1025
          117 945 1031
          945 118 932
          1031 932 134
          945 932 1031
          118 930 932
          930 135 931
          932 931 134
          930 931 932
          119 808 809
          808 120 602
          809 602 136
          808 602 809
          120 600 602
          600 137 601
          602 601 136
          600 601 602
          120 1078 600
          1078 121 1080
          600 1080 137
          1078 1080 600
          121 1053 1080
          1053 138 1015
          1080 1015 137
          1053 1015 1080
          121 1052 1053
          1052 122 863
          1053 863 138
          1052 863 1053
          122 584 863
          584 139 862
          863 862 138
          584 862 863
          122 583 584
          583 123 326
          584 326 139
          583 326 584
          123 324 326
          324 140 325
          326 325 139
          324 325 326
          123 671 324
          671 124 519
          324 519 140
          671 519 324
          124 517 519
          517 141 518
          519 518 140
          517 518 519
          124 686 517
          686 125 978
          517 978 141
          686 978 517
          125 636 978
          636 142 884
          978 884 141
          636 884 978
          125 634 636
          634 126 635
          636 635 142
          634 635 636
          126 828 635
          828 143 528
          635 528 142
          828 528 635
          126 544 828
          544 127 690
          828 690 143
          544 690 828
          127 688 690
          688 144 689
          690 689 143
          688 689 690
          127 715 688
          715 128 716
          688 716 144
          715 716 688
          128 725 716
          725 145 643
          716 643 144
          725 643 716
          128 723 725
          723 129 724
          725 724 145
          723 724 725
          129 750 724
          750 146 450
          724 450 145
          750 450 724
          129 713 750
          713 130 749
          750 749 146
          713 749 750
          130 639 749
          639 147 487
          749 487 146
          639 487 749
          130 637 639
          637 131 638
          639 638 147
          637 638 639
          131 799 638
          799 148 829
          638 829 147
          799 829 638
          131 432 799
          432 132 798
          799 798 148
          432 798 799
          132 794 798
          794 149 905
          798 905 148
          794 905 798
          132 709 794
          709 133 767
          794 767 149
          709 767 794
          133 766 767
          766 150 358
          767 358 149
          766 358 767
          133 970 766
          970 134 971
          766 971 150
          970 971 766
          134 1043 971
          1043 151 1044
          971 1044 150
          1043 1044 971
          134 931 1043
          931 135 849
          1043 849 151
          931 849 1043
          135 847 849
          847 152 848
          849 848 151
          847 848 849
          136 601 621
          601 137 620
          621 620 153
          601 620 621
          137 1009 620
          1009 154 372
          620 372 153
          1009 372 620
          137 1015 1009
          1015 138 485
          1009 485 154
          1015 485 1009
          138 483 485
          483 155 484
          485 484 154
          483 484 485
          138 862 483
          862 139 867
          483 867 155
          862 867 483
          139 865 867
          865 156 866
          867 866 155
          865 866 867
          139 325 865
          325 140 1066
          865 1066 156
          325 1066 865
          140 1065 1066
          1065 157 292
          1066 292 156
          1065 292 1066
          140 518 1065
          518 141 748
          1065 748 157
          518 748 1065
          141 746 748
          746 158 747
          748 747 157
          746 747 748
          141 884 746
          884 142 885
          746 885 158
          884 885 746
          142 530 885
          530 159 772
          885 772 158
          530 772 885
          142 528 530
          528 143 529
          530 529 159
          528 529 530
          143 1006 529
          1006 160 476
          529 476 159
          1006 476 529
          143 689 1006
          689 144 1054
          1006 1054 160
          689 1054 1006
          144 645 1054
          645 161 1050
          1054 1050 160
          645 1050 1054
          144 643 645
          643 145 644
          645 644 161
          643 644 645
          145 452 644
          452 162 965
          644 965 161
          452 965 644
          145 450 452
          450 146 451
          452 451 162
          450 451 452
          146 489 451
          489 163 691
          451 691 162
          489 691 451
          146 487 489
          487 147 488
          489 488 163
          487 488 489
          147 738 488
          738 164 739
          488 739 163
          738 739 488
          147 829 738
          829 148 306
          738 306 164
          829 306 738
          148 304 306
          304 165 305
          306 305 164
          304 305 306
          148 905 304
          905 149 998
          304 998 165
          905 998 304
          149 360 998
          360 166 391
          998 391 165
          360 391 998
          149 358 360
          358 150 359
          360 359 166
          358 359 360
          150 1019 359
          1019 167 434
          359 434 166
          1019 434 359
          150 1044 1019
          1044 151 1049
          1019 1049 167
          1044 1049 1019
          151 1084 1049
          1084 168 776
          1049 776 167
          1084 776 1049
          151 848 1084
          848 152 1083
          1084 1083 168
          848 1083 1084
          152 1085 1083
          1085 169 832
          1083 832 168
          1085 832 1083
          153 372 373
          372 154 315
          373 315 170
          372 315 373
          154 313 315
          313 171 314
          315 314 170
          313 314 315
          154 484 313
          484 155 878
          313 878 171
          484 878 313
          155 1010 878
          1010 172 1011
          878 1011 171
          1010 1011 878
          155 866 1010
          866 156 914
          1010 914 172
          866 914 1010
          156 294 914
          294 173 426
          914 426 172
          294 426 914
          156 292 294
          292 157 293
          294 293 173
          292 293 294
          157 1073 293
          1073 174 952
          293 952 173
          1073 952 293
          157 747 1073
          747 158 1072
          1073 1072 174
          747 1072 1073
          158 773 1072
          773 175 756
          1072 756 174
          773 756 1072
          158 772 773
          772 159 329
          773 329 175
          772 329 773
          159 327 329
          327 176 328
          329 328 175
          327 328 329
          159 476 327
          476 160 477
          327 477 176
          476 477 327
          160 1003 477
          1003 177 1004
          477 1004 176
          1003 1004 477
          160 1050 1003
          1050 161 707
          1003 707 177
          1050 707 1003
          161 706 707
          706 178 520
          707 520 177
          706 520 707
          161 965 706
          965 162 1027
          706 1027 178
          965 1027 706
          162 851 1027
          851 179 703
          1027 703 178
          851 703 1027
          162 691 851
          691 163 850
          851 850 179
          691 850 851
          163 928 850
          928 180 968
          850 968 179
          928 968 850
          163 739 928
          739 164 927
          928 927 180
          739 927 928
          164 771 927
          771 181 589
          927 589 180
          771 589 927
          164 305 771
          305 165 770
          771 770 181
          305 770 771
          165 393 770
          393 182 986
          770 986 181
          393 986 770
          165 391 393
          391 166 392
          393 392 182
          391 392 393
          166 436 392
          436 183 349
          392 349 182
          436 349 392
          166 434 436
          434 167 435
          436 435 183
          434 435 436
          167 669 435
          669 184 670
          435 670 183
          669 670 435
          167 776 669
          776 168 506
          669 506 184
          776 506 669
          168 504 506
          504 185 505
          506 505 184
          504 505 506
          168 832 504
          832 169 833
          504 833 185
          832 833 504
          169 1087 833
          1087 186 824
          833 824 185
          1087 824 833
          170 314 1059
          314 171 599
          1059 599 187
          314 599 1059
          171 597 599
          597 188 598
          599 598 187
          597 598 599
          171 1011 597
          1011 172 409
          597 409 188
          1011 409 597
          172 407 409
          407 189 408
          409 408 188
          407 408 409
          172 426 407
          426 173 427
          407 427 189
          426 427 407
          173 954 427
          954 190 840
          427 840 189
          954 840 427
          173 952 954
          952 174 953
          954 953 190
          952 953 954
          174 758 953
          758 191 322
          953 322 190
          758 322 953
          174 756 758
          756 175 757
          758 757 191
          756 757 758
          175 760 757
          760 192 478
          757 478 191
          760 478 757
          175 328 760
          328 176 759
          760 759 192
          328 759 760
          176 910 759
          910 193 720
          759 720 192
          910 720 759
          176 1004 910
          1004 177 1079
          910 1079 193
          1004 1079 910
          177 521 1079
          521 194 962
          1079 962 193
          521 962 1079
          177 520 521
          520 178 403
          521 403 194
          520 403 521
          178 402 403
          402 195 382
          403 382 194
          402 382 403
          178 703 402
          703 179 704
          402 704 195
          703 704 402
          179 969 704
          969 196 902
          704 902 195
          969 902 704
          179 968 969
          968 180 827
          969 827 196
          968 827 969
          180 591 827
          591 197 385
          827 385 196
          591 385 827
          180 589 591
          589 181 590
          591 590 197
          589 590 591
          181 1051 590
          1051 198 868
          590 868 197
          1051 868 590
          181 986 1051
          986 182 491
          1051 491 198
          986 491 1051
          182 351 491
          351 199 490
          491 490 198
          351 490 491
          182 349 351
          349 183 350
          351 350 199
          349 350 351
          183 361 350
          361 200 362
          350 362 199
          361 362 350
          183 670 361
          670 184 1055
          361 1055 200
          670 1055 361
          184 967 1055
          967 201 556
          1055 556 200
          967 556 1055
          184 505 967
          505 185 966
          967 966 201
          505 966 967
          185 826 966
          826 202 818
          966 818 201
          826 818 966
          185 824 826
          824 186 825
          826 825 202
          824 825 826
          186 1029 825
          1029 203 1030
          825 1030 202
          1029 1030 825
          187 598 631
          598 188 630
          631 630 204
          598 630 631
          188 858 630
          858 205 949
          630 949 204
          858 949 630
          188 408 858
          408 189 814
          858 814 205
          408 814 858
          189 813 814
          813 206 458
          814 458 205
          813 458 814
          189 840 813
          840 190 411
          813 411 206
          840 411 813
          190 323 411
          323 207 410
          411 410 206
          323 410 411
          190 322 323
          322 191 297
          323 297 207
          322 297 323
          191 295 297
          295 208 296
          297 296 207
          295 296 297
          191 478 295
          478 192 479
          295 479 208
          478 479 295
          192 721 479
          721 209 889
          479 889 208
          721 889 479
          192 720 721
          720 193 655
          721 655 209
          720 655 721
          193 653 655
          653 210 654
          655 654 209
          653 654 655
          193 962 653
          962 194 762
          653 762 210
          962 762 653
          194 384 762
          384 211 761
          762 761 210
          384 761 762
          194 382 384
          382 195 383
          384 383 211
          382 383 384
          195 904 383
          904 212 415
          383 415 211
          904 415 383
          195 902 904
          902 196 903
          904 903 212
          902 903 904
          196 387 903
          387 213 751
          903 751 212
          387 751 903
          196 385 387
          385 197 386
          387 386 213
          385 386 387
          197 869 386
          869 214 852
          386 852 213
          869 852 386
          197 868 869
          868 198 674
          869 674 214
          868 674 869
          198 672 674
          672 215 673
          674 673 214
          672 673 674
          198 490 672
          490 199 550
          672 550 215
          490 550 672
          199 548 550
          548 216 549
          550 549 215
          548 549 550
          199 362 548
          362 200 586
          548 586 216
          362 586 548
          200 558 586
          558 217 585
          586 585 216
          558 585 586
          200 556 558
          556 201 557
          558 557 217
          556 557 558
          201 820 557
          820 218 777
          557 777 217
          820 777 557
          201 818 820
          818 202 819
          820 819 218
          818 819 820
          202 915 819
          915 219 916
          819 916 218
          915 916 819
          202 1030 915
          1030 203 989
          915 989 219
          1030 989 915
          203 987 989
          987 220 988
          989 988 219
          987 988 989
          204 949 1014
          949 205 508
          1014 508 221
          949 508 1014
          205 460 508
          460 222 507
          508 507 221
          460 507 508
          205 458 460
          458 206 459
          460 459 222
          458 459 460
          206 830 459
          830 223 831
          459 831 222
          830 831 459
          206 410 830
          410 207 999
          830 999 223
          410 999 830
          207 395 999
          395 224 559
          999 559 223
          395 559 999
          207 296 395
          296 208 394
          395 394 224
          296 394 395
          208 793 394
          793 225 780
          394 780 224
          793 780 394
          208 889 793
          889 209 890
          793 890 225
          889 890 793
          209 874 890
          874 226 929
          890 929 225
          874 929 890
          209 654 874
          654 210 873
          874 873 226
          654 873 874
          210 845 873
          845 227 908
          873 908 226
          845 908 873
          210 761 845
          761 211 844
          845 844 227
          761 844 845
          211 417 844
          417 228 900
          844 900 227
          417 900 844
          211 415 417
          415 212 416
          417 416 228
          415 416 417
          212 753 416
          753 229 821
          416 821 228
          753 821 416
          212 751 753
          751 213 752
          753 752 229
          751 752 753
          213 854 752
          854 230 418
          752 418 229
          854 418 752
          213 852 854
          852 214 853
          854 853 230
          852 853 854
          214 728 853
          728 231 617
          853 617 230
          728 617 853
          214 673 728
          673 215 727
          728 727 231
          673 727 728
          215 1074 727
          1074 232 922
          727 922 231
          1074 922 727
          215 549 1074
          549 216 926
          1074 926 232
          549 926 1074
          216 616 926
          616 233 925
          926 925 232
          616 925 926
          216 585 616
          585 217 615
          616 615 233
          585 615 616
          217 779 615
          779 234 921
          615 921 233
          779 921 615
          217 777 779
          777 218 778
          779 778 234
          777 778 779
          218 973 778
          973 235 656
          778 656 234
          973 656 778
          218 916 973
          916 219 594
          973 594 235
          916 594 973
          219 592 594
          592 236 593
          594 593 235
          592 593 594
          219 988 592
          988 220 835
          592 835 236
          988 835 592
          220 834 835
          834 237 682
          835 682 236
          834 682 835
          221 507 893
          507 222 701
          893 701 238
          507 701 893
          222 699 701
          699 239 700
          701 700 238
          699 700 701
          222 831 699
          831 223 567
          699 567 239
          831 567 699
          223 561 567
          561 240 388
          567 388 239
          561 388 567
          223 559 561
          559 224 560
          561 560 240
          559 560 561
          224 781 560
          781 241 790
          560 790 240
          781 790 560
          224 780 781
          780 225 338
          781 338 241
          780 338 781
          225 336 338
          336 242 337
          338 337 241
          336 337 338
          225 929 336
          929 226 857
          336 857 242
          929 857 336
          226 855 857
          855 243 856
          857 856 242
          855 856 857
          226 908 855
          908 227 909
          855 909 243
          908 909 855
          227 901 909
          901 244 963
          909 963 243
          901 963 909
          227 900 901
          900 228 838
          901 838 244
          900 838 901
          228 836 838
          836 245 837
          838 837 244
          836 837 838
          228 821 836
          821 229 980
          836 980 245
          821 980 836
          229 420 980
          420 246 448
          980 448 245
          420 448 980
          229 418 420
          418 230 419
          420 419 246
          418 419 420
          230 619 419
          619 247 729
          419 729 246
          619 729 419
          230 617 619
          617 231 618
          619 618 247
          617 618 619
          231 924 618
          924 248 1024
          618 1024 247
          924 1024 618
          231 922 924
          922 232 923
          924 923 248
          922 923 924
          232 1058 923
          1058 249 678
          923 678 248
          1058 678 923
          232 925 1058
          925 233 735
          1058 735 249
          925 735 1058
          233 734 735
          734 250 492
          735 492 249
          734 492 735
          233 921 734
          921 234 575
          734 575 250
          921 575 734
          234 573 575
          573 251 574
          575 574 250
          573 574 575
          234 656 573
          656 235 657
          573 657 251
          656 657 573
          235 907 657
          907 252 754
          657 754 251
          907 754 657
          235 593 907
          593 236 906
          907 906 252
          593 906 907
          236 684 906
          684 253 990
          906 990 252
          684 990 906
          236 682 684
          682 237 683
          684 683 253
          682 683 684
          237 791 683
          791 254 792
          683 792 253
          791 792 683
          238 700 1069
          700 239 733
          1069 733 255
          700 733 1069
          239 390 733
          390 256 501
          733 501 255
          390 501 733
          239 388 390
          388 240 389
          390 389 256
          388 389 390
          240 946 389
          946 257 1036
          389 1036 256
          946 1036 389
          240 790 946
          790 241 423
          946 423 257
          790 423 946
          241 421 423
          421 258 422
          423 422 257
          421 422 423
          241 337 421
          337 242 681
          421 681 258
          337 681 421
          242 897 681
          897 259 545
          681 545 258
          897 545 681
          242 856 897
          856 243 896
          897 896 259
          856 896 897
          243 964 896
          964 260 412
          896 412 259
          964 412 896
          243 963 964
          963 244 596
          964 596 260
          963 596 964
          244 595 596
          595 261 316
          596 316 260
          595 316 596
          244 837 595
          837 245 344
          595 344 261
          837 344 595
          245 342 344
          342 262 343
          344 343 261
          342 343 344
          245 448 342
          448 246 449
          342 449 262
          448 449 342
          246 823 449
          823 263 428
          449 428 262
          823 428 449
          246 729 823
          729 247 822
          823 822 263
          729 822 823
          247 1062 822
          1062 264 1001
          822 1001 263
          1062 1001 822
          247 1024 1062
          1024 248 737
          1062 737 264
          1024 737 1062
          248 680 737
          680 265 736
          737 736 264
          680 736 737
          248 678 680
          678 249 679
          680 679 265
          678 679 680
          249 494 679
          494 266 879
          679 879 265
          494 879 679
          249 492 494
          492 250 493
          494 493 266
          492 493 494
          250 1061 493
          1061 267 1067
          493 1067 266
          1061 1067 493
          250 574 1061
          574 251 732
          1061 732 267
          574 732 1061
          251 730 732
          730 268 731
          732 731 267
          730 731 732
          251 754 730
          754 252 755
          730 755 268
          754 755 730
          252 765 755
          765 269 531
          755 531 268
          765 531 755
          252 990 765
          990 253 1013
          765 1013 269
          990 1013 765
          253 1012 1013
          1012 270 695
          1013 695 269
          1012 695 1013
          253 792 1012
          792 254 368
          1012 368 270
          792 368 1012
          254 366 368
          366 271 367
          368 367 270
          366 367 368
          255 501 503
          501 256 502
          503 502 272
          501 502 503
          256 800 502
          800 273 801
          502 801 272
          800 801 502
          256 1036 800
          1036 257 341
          800 341 273
          1036 341 800
          257 339 341
          339 274 340
          341 340 273
          339 340 341
          257 422 339
          422 258 652
          339 652 274
          422 652 339
          258 547 652
          547 275 1034
          652 1034 274
          547 1034 652
          258 545 547
          545 259 546
          547 546 275
          545 546 547
          259 414 546
          414 276 782
          546 782 275
          414 782 546
          259 412 414
          412 260 413
          414 413 276
          412 413 414
          260 318 413
          318 277 1016
          413 1016 276
          318 1016 413
          260 316 318
          316 261 317
          318 317 277
          316 317 318
          261 668 317
          668 278 698
          317 698 277
          668 698 317
          261 343 668
          343 262 659
          668 659 278
          343 659 668
          262 430 659
          430 279 658
          659 658 278
          430 658 659
          262 428 430
          428 263 429
          430 429 279
          428 429 430
          263 509 429
          509 280 510
          429 510 279
          509 510 429
          263 1001 509
          1001 264 1002
          509 1002 280
          1001 1002 509
          264 892 1002
          892 281 1045
          1002 1045 280
          892 1045 1002
          264 736 892
          736 265 891
          892 891 281
          736 891 892
          265 881 891
          881 282 959
          891 959 281
          881 959 891
          265 879 881
          879 266 880
          881 880 282
          879 880 881
          266 1007 880
          1007 283 1008
          880 1008 282
          1007 1008 880
          266 1067 1007
          1067 267 312
          1007 312 283
          1067 312 1007
          267 310 312
          310 284 311
          312 311 283
          310 311 312
          267 731 310
          731 268 1037
          310 1037 284
          731 1037 310
          268 533 1037
          533 285 1056
          1037 1056 284
          533 1056 1037
          268 531 533
          531 269 532
          533 532 285
          531 532 533
          269 697 532
          697 286 705
          532 705 285
          697 705 532
          269 695 697
          695 270 696
          697 696 286
          695 696 697
          270 588 696
          588 287 1039
          696 1039 286
          588 1039 696
          270 367 588
          367 271 587
          588 587 287
          367 587 588
          271 947 587
          947 288 948
          587 948 287
          947 948 587
        </DataArray>
        <DataArray type="Int32" Name="offsets" format="ascii">
          3 6 9 12 15 18 21 24 27 30 33 36 39 42 45 48 51 54 57 60 63 66 69 72 75 78 81 84 87 90 93 96 99 102 105 108 111 114 117 120 123 126 129 132 135 138 141 144 147 150 153 156 159 162 165 168 171 174 177 180 183 186 189 192 195 198 201 204 207 210 213 216 219 222 225 228 231 234 237 240 243 246 249 252 255 258 261 264 267 270 273 276 279 282 285 288 291 294 297 300 303 306 309 312 315 318 321 324 327 330 333 336 339 342 345 348 351 354 357 360 363 366 369 372 375 378 381 384 387 390 393 396 399 402 405 408 411 414 417 420 423 426 429 432 435 438 441 444 447 450 453 456 459 462 465 468 471 474 477 480 483 486 489 492 495 498 501 504 507 510 513 516 519 522 525 528 531 534 537 540 543 546 549 552 555 558 561 564 567 570 573 576 579 582 585 588 591 594 597 600 603 606 609 612 615 618 621 624 627 630 633 636 639 642 645 648 651 654 657 660 663 666 669 672 675 678 681 684 687 690 693 696 699 702 705 708 711 714 717 720 723 726 729 732 735 738 741 744 747 750 753 756 759 762 765 768 771 774 777 780 783 786 789 792 795 798 801 804 807 810 813 816 819 822 825 828 831 834 837 840 843 846 849 852 855 858 861 864 867 870 873 876 879 882 885 888 891 894 897 900 903 906 909 912 915 918 921 924 927 930 933 936 939 942 945 948 951 954 957 960 963 966 969 972 975 978 981 984 987 990 993 996 999 1002 1005 1008 1011 1014 1017 1020 1023 1026 1029 1032 1035 1038 1041 1044 1047 1050 1053 1056 1059 1062 1065 1068 1071 1074 1077 1080 1083 1086 1089 1092 1095 1098 1101 1104 1107 1110 1113 1116 1119 1122 1125 1128 1131 1134 1137 1140 1143 1146 1149 1152 1155 1158 1161 1164 1167 1170 1173 1176 1179 1182 1185 1188 1191 1194 1197 1200 1203 1206 1209 1212 1215 1218 1221 1224 1227 1230 1233 1236 1239 1242 1245 1248 1251 1254 1257 1260 1263 1266 1269 1272 1275 1278 1281 1284 1287 1290 1293 1296 1299 1302 1305 1308 1311 1314 1317 1320 1323 1326 1329 1332 1335 1338 1341 1344 1347 1350 1353 1356 1359 1362 1365 1368 1371 1374 1377 1380 1383 1386 1389 1392 1395 1398 1401 1404 1407 1410 1413 1416 1419 1422 1425 1428 1431 1434 1437 1440 1443 1446 1449 1452 1455 1458 1461 1464 1467 1470 1473 1476 1479 1482 1485 1488 1491 1494 1497 1500 1503 1506 1509 1512 1515 1518 1521 1524 1527 1530 1533 1536 1539 1542 1545 1548 1551 1554 1557 1560 1563 1566 1569 1572 1575 1578 1581 1584 1587 1590 1593 1596 1599 1602 1605 1608 1611 1614 1617 1620 1623 1626 1629 1632 1635 1638 1641 1644 1647 1650 1653 1656 1659 1662 1665 1668 1671 1674 1677 1680 1683 1686 1689 1692 1695 1698 1701 1704 1707 1710 1713 1716 1719 1722 1725 1728 1731 1734 1737 1740 1743 1746 1749 1752 1755 1758 1761 1764 1767 1770 1773 1776 1779 1782 1785 1788 1791 1794 1797 1800 1803 1806 1809 1812 1815 1818 1821 1824 1827 1830 1833 1836 1839 1842 1845 1848 1851 1854 1857 1860 1863 1866 1869 1872 1875 1878 1881 1884 1887 1890 1893 1896 1899 1902 1905 1908 1911 1914 1917 1920 1923 1926 1929 1932 1935 1938 1941 1944 1947 1950 1953 1956 1959 1962 1965 1968 1971 1974 1977 1980 1983 1986 1989 1992 1995 1998 2001 2004 2007 2010 2013 2016 2019 2022 2025 2028 2031 2034 2037 2040 2043 2046 2049 2052 2055 2058 2061 2064 2067 2070 2073 2076 2079 2082 2085 2088 2091 2094 2097 2100 2103 2106 2109 2112 2115 2118 2121 2124 2127 2130 2133 2136 2139 2142 2145 2148 2151 2154 2157 2160 2163 2166 2169 2172 2175 2178 2181 2184 2187 2190 2193 2196 2199 2202 2205 2208 2211 2214 2217 2220 2223 2226 2229 2232 2235 2238 2241 2244 2247 2250 2253 2256 2259 2262 2265 2268 2271 2274 2277 2280 2283 2286 2289 2292 2295 2298 2301 2304 2307 2310 2313 2316 2319 2322 2325 2328 2331 2334 2337 2340 2343 2346 2349 2352 2355 2358 2361 2364 2367 2370 2373 2376 2379 2382 2385 2388 2391 2394 2397 2400 2403 2406 2409 2412 2415 2418 2421 2424 2427 2430 2433 2436 2439 2442 2445 2448 2451 2454 2457 2460 2463 2466 2469 2472 2475 2478 2481 2484 2487 2490 2493 2496 2499 2502 2505 2508 2511 2514 2517 2520 2523 2526 2529 2532 2535 2538 2541 2544 2547 2550 2553 2556 2559 2562 2565 2568 2571 2574 2577 2580 2583 2586 2589 2592 2595 2598 2601 2604 2607 2610 2613 2616 2619 2622 2625 2628 2631 2634 2637 2640 2643 2646 2649 2652 2655 2658 2661 2664 2667 2670 2673 2676 2679 2682 2685 2688 2691 2694 2697 2700 2703 2706 2709 2712 2715 2718 2721 2724 2727 2730 2733 2736 2739 2742 2745 2748 2751 2754 2757 2760 2763 2766 2769 2772 2775 2778 2781 2784 2787 2790 2793 2796 2799 2802 2805 2808 2811 2814 2817 2820 2823 2826 2829 2832 2835 2838 2841 2844 2847 2850 2853 2856 2859 2862 2865 2868 2871 2874 2877 2880 2883 2886 2889 2892 2895 2898 2901 2904 2907 2910 2913 2916 2919 2922 2925 2928 2931 2934 2937 2940 2943 2946 2949 2952 2955 2958 2961 2964 2967 2970 2973 2976 2979 2982 2985 2988 2991 2994 2997 3000 3003 3006 3009 3012 3015 3018 3021 3024 3027 3030 3033 3036 3039 3042 3045 3048 3051 3054 3057 3060 3063 3066 3069 3072 3075 3078 3081 3084 3087 3090 3093 3096 3099 3102 3105 3108 3111 3114 3117 3120 3123 3126 3129 3132 3135 3138 3141 3144 3147 3150 3153 3156 3159 3162 3165 3168 3171 3174 3177 3180 3183 3186 3189 3192 3195 3198 3201 3204 3207 3210 3213 3216 3219 3222 3225 3228 3231 3234 3237 3240 3243 3246 3249 3252 3255 3258 3261 3264 3267 3270 3273 3276 3279 3282 3285 3288 3291 3294 3297 3300 3303 3306 3309 3312 3315 3318 3321 3324 3327 3330 3333 3336 3339 3342 3345 3348 3351 3354 3357 3360 3363 3366 3369 3372 3375 3378 3381 3384 3387 3390 3393 3396 3399 3402 3405 3408 3411 3414 3417 3420 3423 3426 3429 3432 3435 3438 3441 3444 3447 3450 3453 3456 3459 3462 3465 3468 3471 3474 3477 3480 3483 3486 3489 3492 3495 3498 3501 3504 3507 3510 3513 3516 3519 3522 3525 3528 3531 3534 3537 3540 3543 3546 3549 3552 3555 3558 3561 3564 3567 3570 3573 3576 3579 3582 3585 3588 3591 3594 3597 3600 3603 3606 3609 3612 3615 3618 3621 3624 3627 3630 3633 3636 3639 3642 3645 3648 3651 3654 3657 3660 3663 3666 3669 3672 3675 3678 3681 3684 3687 3690 3693 3696 3699 3702 3705 3708 3711 3714 3717 3720 3723 3726 3729 3732 3735 3738 3741 3744 3747 3750 3753 3756 3759 3762 3765 3768 3771 3774 3777 3780 3783 3786 3789 3792 3795 3798 3801 3804 3807 3810 3813 3816 3819 3822 3825 3828 3831 3834 3837 3840 3843 3846 3849 3852 3855 3858 3861 3864 3867 3870 3873 3876 3879 3882 3885 3888 3891 3894 3897 3900 3903 3906 3909 3912 3915 3918 3921 3924 3927 3930 3933 3936 3939 3942 3945 3948 3951 3954 3957 3960 3963 3966 3969 3972 3975 3978 3981 3984 3987 3990 3993 3996 3999 4002 4005 4008 4011 4014 4017 4020 4023 4026 4029 4032 4035 4038 4041 4044 4047 4050 4053 4056 4059 4062 4065 4068 4071 4074 4077 4080 4083 4086 4089 4092 4095 4098 4101 4104 4107 4110 4113 4116 4119 4122 4125 4128 4131 4134 4137 4140 4143 4146 4149 4152 4155 4158 4161 4164 4167 4170 4173 4176 4179 4182 4185 4188 4191 4194 4197 4200 4203 4206 4209 4212 4215 4218 4221 4224 4227 4230 4233 4236 4239 4242 4245 4248 4251 4254 4257 4260 4263 4266 4269 4272 4275 4278 4281 4284 4287 4290 4293 4296 4299 4302 4305 4308 4311 4314 4317 4320 4323 4326 4329 4332 4335 4338 4341 4344 4347 4350 4353 4356 4359 4362 4365 4368 4371 4374 4377 4380 4383 4386 4389 4392 4395 4398 4401 4404 4407 4410 4413 4416 4419 4422 4425 4428 4431 4434 4437 4440 4443 4446 4449 4452 4455 4458 4461 4464 4467 4470 4473 4476 4479 4482 4485 4488 4491 4494 4497 4500 4503 4506 4509 4512 4515 4518 4521 4524 4527 4530 4533 4536 4539 4542 4545 4548 4551 4554 4557 4560 4563 4566 4569 4572 4575 4578 4581 4584 4587 4590 4593 4596 4599 4602 4605 4608 4611 4614 4617 4620 4623 4626 4629 4632 4635 4638 4641 4644 4647 4650 4653 4656 4659 4662 4665 4668 4671 4674 4677 4680 4683 4686 4689 4692 4695 4698 4701 4704 4707 4710 4713 4716 4719 4722 4725 4728 4731 4734 4737 4740 4743 4746 4749 4752 4755 4758 4761 4764 4767 4770 4773 4776 4779 4782 4785 4788 4791 4794 4797 4800 4803 4806 4809 4812 4815 4818 4821 4824 4827 4830 4833 4836 4839 4842 4845 4848 4851 4854 4857 4860 4863 4866 4869 4872 4875 4878 4881 4884 4887 4890 4893 4896 4899 4902 4905 4908 4911 4914 4917 4920 4923 4926 4929 4932 4935 4938 4941 4944 4947 4950 4953 4956 4959 4962 4965 4968 4971 4974 4977 4980 4983 4986 4989 4992 4995 4998 5001 5004 5007 5010 5013 5016 5019 5022 5025 5028 5031 5034 5037 5040 5043 5046 5049 5052 5055 5058 5061 5064 5067 5070 5073 5076 5079 5082 5085 5088 5091 5094 5097 5100 5103 5106 5109 5112 5115 5118 5121 5124 5127 5130 5133 5136 5139 5142 5145 5148 5151 5154 5157 5160 5163 5166 5169 5172 5175 5178 5181 5184 5187 5190 5193 5196 5199 5202 5205 5208 5211 5214 5217 5220 5223 5226 5229 5232 5235 5238 5241 5244 5247 5250 5253 5256 5259 5262 5265 5268 5271 5274 5277 5280 5283 5286 5289 5292 5295 5298 5301 5304 5307 5310 5313 5316 5319 5322 5325 5328 5331 5334 5337 5340 5343 5346 5349 5352 5355 5358 5361 5364 5367 5370 5373 5376 5379 5382 5385 5388 5391 5394 5397 5400 5403 5406 5409 5412 5415 5418 5421 5424 5427 5430 5433 5436 5439 5442 5445 5448 5451 5454 5457 5460 5463 5466 5469 5472 5475 5478 5481 5484 5487 5490 5493 5496 5499 5502 5505 5508 5511 5514 5517 5520 5523 5526 5529 5532 5535 5538 5541 5544 5547 5550 5553 5556 5559 5562 5565 5568 5571 5574 5577 5580 5583 5586 5589 5592 5595 5598 5601 5604 5607 5610 5613 5616 5619 5622 5625 5628 5631 5634 5637 5640 5643 5646 5649 5652 5655 5658 5661 5664 5667 5670 5673 5676 5679 5682 5685 5688 5691 5694 5697 5700 5703 5706 5709 5712 5715 5718 5721 5724 5727 5730 5733 5736 5739 5742 5745 5748 5751 5754 5757 5760 5763 5766 5769 5772 5775 5778 5781 5784 5787 5790 5793 5796 5799 5802 5805 5808 5811 5814 5817 5820 5823 5826 5829 5832 5835 5838 5841 5844 5847 5850 5853 5856 5859 5862 5865 5868 5871 5874 5877 5880 5883 5886 5889 5892 5895 5898 5901 5904 5907 5910 5913 5916 5919 5922 5925 5928 5931 5934 5937 5940 5943 5946 5949 5952 5955 5958 5961 5964 5967 5970 5973 5976 5979 5982 5985 5988 5991 5994 5997 6000 6003 6006 6009 6012 6015 6018 6021 6024 6027 6030 6033 6036 6039 6042 6045 6048 6051 6054 6057 6060 6063 6066 6069 6072 6075 6078 6081 6084 6087 6090 6093 6096 6099 6102 6105 6108 6111 6114 6117 6120 6123 6126 6129 6132 6135 6138 6141 6144
        </DataArray>
        <DataArray type="UInt8" Name="types" format="ascii">
          5 5 5 5 5 5 5 5 5 5 5 5 5 5 5 5 5 5 5 5 5 5 5 5 5 5 5 5 5 5 5 5 5 5 5 5 5 5 5 5 5 5 5 5 5 5 5 5 5 5 5 5 5 5 5 5 5 5 5 5 5 5 5 5 5 5 5 5 5 5 5 5 5 5 5 5 5 5 5 5 5 5 5 5 5 5 5 5 5 5 5 5 5 5 5 5 5 5 5 5 5 5 5 5 5 5 5 5 5 5 5 5 5 5 5 5 5 5 5 5 5 5 5 5 5 5 5 5 5 5 5 5 5 5 5 5 5 5 5 5 5 5 5 5 5 5 5 5 5 5 5 5 5 5 5 5 5 5 5 5 5 5 5 5 5 5 5 5 5 5 5 5 5 5 5 5 5 5 5 5 5 5 5 5 5 5 5 5 5 5 5 5 5 5 5 5 5 5 5 5 5 5 5 5 5 5 5 5 5 5 5 5 5 5 5 5 5 5 5 5 5 5 5 5 5 5 5 5 5 5 5 5 5 5 5 5 5 5 5 5 5 5 5 5 5 5 5 5 5 5 5 5 5 5 5 5 5 5 5 5 5 5 5 5 5 5 5 5 5 5 5 5 5 5 5 5 5 5 5 5 5 5 5 5 5 5 5 5 5 5 5 5 5 5 5 5 5 5 5 5 5 5 5 5 5 5 5 5 5 5 5 5 5 5 5 5 5 5 5 5 5 5 5 5 5 5 5 5 5 5 5 5 5 5 5 5 5 5 5 5 5 5 5 5 5 5 5 5 5 5 5 5 5 5 5 5 5 5 5 5 5 5 5 5 5 5 5 5 5 5 5 5 5 5 5 5 5 5 5 5 5 5 5 5 5 5 5 5 5 5 5 5 5 5 5 5 5 5 5 5 5 5 5 5 5 5 5 5 5 5 5 5 5 5 5 5 5 5 5 5 5 5 5 5 5 5 5 5 5 5 5 5 5 5 5 5 5 5 5 5 5 5 5 5 5 5 5 5 5 5 5 5 5 5 5 5 5 5 5 5 5 5 5 5 5 5 5 5 5 5 5 5 5 5 5 5 5 5 5 5 5 5 5 5 5 5 5 5 5 5 5 5 5 5 5 5 5 5 5 5 5 5 5 5 5 5 5 5 5 5 5 5 5 5 5 5 5 5 5 5 5 5 5 5 5 5 5 5 5 5 5 5 5 5 5 5 5 5 5 5 5 5 5 5 5 5 5 5 5 5 5 5 5 5 5 5 5 5 5 5 5 5 5 5 5 5 5 5 5 5 5 5 5 5 5 5 5 5 5 5 5 5 5 5 5 5 5 5 5 5 5 5 5 5 5 5 5 5 5 5 5 5 5 5 5 5 5 5 5 5 5 5 5 5 5 5 5 5 5 5 5 5 5 5 5 5 5 5 5 5 5 5 5 5 5 5 5 5 5 5 5 5 5 5 5 5 5 5 5 5 5 5 5 5 5 5 5 5 5 5 5 5 5 5 5 5 5 5 5 5 5 5 5 5 5 5 5 5 5 5 5 5 5 5 5 5 5 5 5 5 5 5 5 5 5 5 5 5 5 5 5 5 5 5 5 5 5 5 5 5 5 5 5 5 5 5 5 5 5 5 5 5 5 5 5 5 5 5 5 5 5 5 5 5 5 5 5 5 5 5 5 5 5 5 5 5 5 5 5 5 5 5 5 5 5 5 5 5 5 5 5 5 5 5 5 5 5 5 5 5 5 5 5 5 5 5 5 5 5 5 5 5 5 5 5 5 5 5 5 5 5 5 5 5 5 5 5 5 5 5 5 5 5 5 5 5 5 5 5 5 5 5 5 5 5 5 5 5 5 5 5 5 5 5 5 5 5 5 5 5 5 5 5 5 5 5 5 5 5 5 5 5 5 5 5 5 5 5 5 5 5 5 5 5 5 5 5 5 5 5 5 5 5 5 5 5 5 5 5 5 5 5 5 5 5 5 5 5 5 5 5 5 5 5 5 5 5 5 5 5 5 5 5 5 5 5 5 5 5 5 5 5 5 5 5 5 5 5 5 5 5 5 5 5 5 5 5 5 5 5 5 5 5 5 5 5 5 5 5 5 5 5 5 5 5 5 5 5 5 5 5 5 5 5 5 5 5 5 5 5 5 5 5 5 5 5 5 5 5 5 5 5 5 5 5 5 5 5 5 5 5 5 5 5 5 5 5 5 5 5 5 5 5 5 5 5 5 5 5 5 5 5 5 5 5 5 5 5 5 5 5 5 5 5 5 5 5 5 5 5 5 5 5 5 5 5 5 5 5 5 5 5 5 5 5 5 5 5 5 5 5 5 5 5 5 5 5 5 5 5 5 5 5 5 5 5 5 5 5 5 5 5 5 5 5 5 5 5 5 5 5 5 5 5 5 5 5 5 5 5 5 5 5 5 5 5 5 5 5 5 5 5 5 5 5 5 5 5 5 5 5 5 5 5 5 5 5 5 5 5 5 5 5 5 5 5 5 5 5 5 5 5 5 5 5 5 5 5 5 5 5 5 5 5 5 5 5 5 5 5 5 5 5 5 5 5 5 5 5 5 5 5 5 5 5 5 5 5 5 5 5 5 5 5 5 5 5 5 5 5 5 5 5 5 5 5 5 5 5 5 5 5 5 5 5 5 5 5 5 5 5 5 5 5 5 5 5 5 5 5 5 5 5 5 5 5 5 5 5 5 5 5 5 5 5 5 5 5 5 5 5 5 5 5 5 5 5 5 5 5 5 5 5 5 5 5 5 5 5 5 5 5 5 5 5 5 5 5 5 5 5 5 5 5 5 5 5 5 5 5 5 5 5 5 5 5 5 5 5 5 5 5 5 5 5 5 5 5 5 5 5 5 5 5 5 5 5 5 5 5 5 5 5 5 5 5 5 5 5 5 5 5 5 5 5 5 5 5 5 5 5 5 5 5 5 5 5 5 5 5 5 5 5 5 5 5 5 5 5 5 5 5 5 5 5 5 5 5 5 5 5 5 5 5 5 5 5 5 5 5 5 5 5 5 5 5 5 5 5 5 5 5 5 5 5 5 5 5 5 5 5 5 5 5 5 5 5 5 5 5 5 5 5 5 5 5 5 5 5 5 5 5 5 5 5 5 5 5 5 5 5 5 5 5 5 5 5 5 5 5 5 5 5 5 5 5 5 5 5 5 5 5 5 5 5 5 5 5 5 5 5 5 5 5 5 5 5 5 5 5 5 5 5 5 5 5 5 5 5 5 5 5 5 5 5 5 5 5 5 5 5 5 5 5 5 5 5 5 5 5 5 5 5 5 5 5 5 5 5 5 5 5 5 5 5 5 5 5 5 5 5 5 5 5 5 5 5 5 5 5 5 5 5 5 5 5 5 5 5 5 5 5 5 5 5 5 5 5 5 5 5 5 5 5 5 5 5 5 5 5 5 5 5 5 5 5 5 5 5 5 5 5 5 5 5 5 5 5 5 5 5 5 5 5 5 5 5 5 5 5 5 5 5 5 5 5 5 5 5 5 5 5 5 5 5 5 5 5 5 5 5 5 5 5 5 5 5 5 5 5 5 5 5 5 5 5 5 5 5 5 5 5 5 5 5 5 5 5 5 5 5 5 5 5 5 5 5 5 5 5 5 5 5 5 5 5 5 5 5 5 5 5 5 5 5 5 5 5 5 5 5 5 5 5 5 5 5 5 5 5 5 5 5 5 5 5 5 5 5 5 5 5 5 5 5 5 5 5 5 5 5 5 5 5 5 5 5 5 5 5 5 5 5 5 5 5 5 5 5 5 5 5 5 5 5 5 5 5 5 5 5 5 5 5 5 5 5 5 5 5 5 5 5 5 5 5 5 5 5 5 5 5 5 5 5 5 5 5 5 5 5 5 5 5 5 5 5 5 5 5 5 5 5 5 5 5 5 5 5 5 5 5 5 5 5 5 5 5 5 5 5 5 5 5 5 5 5 5 5 5 5 5 5 5 5 5 5 5 5 5 5 5 5 5 5 5 5 5 5 5 5 5 5 5 5 5 5 5 5 5 5 5 5 5 5 5 5 5 5 5 5 5 5 5 5 5 5 5 5 5 5 5 5 5 5 5 5 5 5 5 5 5 5 5 5 5 5 5 5 5 5 5 5 5 5 5 5 5 5 5 5 5 5 5 5 5 5 5 5 5 5 5 5 5 5 5 5 5 5 5 5 5 5 5 5 5 5 5 5 5 5 5 5 5 5 5 5 5 5 5 5 5 5 5 5 5 5 5 5 5 5 5 5 5 5 5 5 5 5 5 5 5 5 5 5 5 5 5 5 5 5 5 5 5 5 5 5 5 5 5 5 5 5 5 5 5 5 5 5 5 5 5 5 5 5 5 5 5 5 5 5 5 5 5 5 5 5 5 5 5 5 5 5 5 5 5 5 5 5 5 5 5 5 5 5 5 5 5 5 5 5 5 5 5 5 5 5 5 5 5 5 5 5 5 5 5 5 5 5 5 5 5 5 5 5 5 5 5 5 5 5 5 5 5 5 5 5 5 5 5 5 5 5 5 5 5 5 5 5 5 5 5 5 5 5 5 5 5 5 5 5 5 5 5 5 5 5 5 5 5 5 5 5 5 5 5 5 5
        </DataArray>
      </Cells>
      <PointData>
        <DataArray type="Float64" Name="u" NumberOfComponents="1" format="ascii">
          0.0000000000e0
          0.0000000000e0
          0.0000000000e0
          0.0000000000e0
          0.0000000000e0
          0.0000000000e0
          0.0000000000e0
          0.0000000000e0
          0.0000000000e0
          0.0000000000e0
          0.0000000000e0
          0.0000000000e0
          0.0000000000e0
          0.0000000000e0
          0.0000000000e0
          0.0000000000e0
          0.0000000000e0
          0.0000000000e0
          6.2488744356e-3
          1.0471932809e-2
          1.3506642958e-2
          1.5722180417e-2
          1.7310451268e-2
          1.8381998870e-2
          1.9001879718e-2
          1.9204849703e-2
          1.9001879718e-2
          1.8381998870e-2
          1.7310451268e-2
          1.5722180417e-2
          1.3506642958e-2
          1.0471932809e-2
          6.2488744356e-3
          0.0000000000e0
          0.0000000000e0
          1.0471932809e-2
          1.8175381385e-2
          2.3906501839e-2
          2.8155960675e-2
          3.1225963763e-2
          3.3305747080e-2
          3.4511514064e-2
          3.4906700124e-2
          3.4511514064e-2
          3.3305747080e-2
          3.1225963763e-2
          2.8155960675e-2
          2.3906501839e-2
          1.8175381385e-2
          1.0471932809e-2
          0.0000000000e0
          0.0000000000e0
          1.3506642958e-2
          2.3906501839e-2
          3.1859063029e-2
          3.7849371679e-2
          4.2216604262e-2
          4.5190821707e-2
          4.6920174814e-2
          4.7487703308e-2
          4.6920174814e-2
          4.5190821707e-2
          4.2216604262e-2
          3.7849371679e-2
          3.1859063029e-2
          2.3906501839e-2
          1.3506642958e-2
          0.0000000000e0
          0.0000000000e0
          1.5722180417e-2
          2.8155960675e-2
          3.7849371679e-2
          4.5246151820e-2
          5.0683937899e-2
          5.4406493713e-2
          5.6577468379e-2
          5.7290904068e-2
          5.6577468379e-2
          5.4406493713e-2
          5.0683937899e-2
          4.5246151820e-2
          3.7849371679e-2
          2.8155960675e-2
          1.5722180417e-2
          0.0000000000e0
          0.0000000000e0
          1.7310451268e-2
          3.1225963763e-2
          4.2216604262e-2
          5.0683937899e-2
          5.6950296428e-2
          6.1258864823e-2
          6.3778194394e-2
          6.4607122303e-2
          6.3778194394e-2
          6.1258864823e-2
          5.6950296428e-2
          5.0683937899e-2
          4.2216604262e-2
          3.1225963763e-2
          1.7310451268e-2
          0.0000000000e0
          0.0000000000e0
          1.8381998870e-2
          3.3305747080e-2
          4.5190821707e-2
          5.4406493713e-2
          6.1258864823e-2
          6.5985536552e-2
          6.8754821552e-2
          6.9666848083e-2
          6.8754821552e-2
          6.5985536552e-2
          6.1258864823e-2
          5.4406493713e-2
          4.5190821707e-2
          3.3305747080e-2
          1.8381998870e-2
          0.0000000000e0
          0.0000000000e0
          1.9001879718e-2
          3.4511514064e-2
          4.6920174814e-2
          5.6577468379e-2
          6.3778194394e-2
          6.8754821552e-2
          7.1674105016e-2
          7.2636092836e-2
          7.1674105016e-2
          6.8754821552e-2
          6.3778194394e-2
          5.6577468379e-2
          4.6920174814e-2
          3.4511514064e-2
          1.9001879718e-2
          0.0000000000e0
          0.0000000000e0
          1.9204849703e-2
          3.4906700124e-2
          4.7487703308e-2
          5.7290904068e-2
          6.4607122303e-2
          6.9666848083e-2
          7.2636092836e-2
          7.3614737355e-2
          7.2636092836e-2
          6.9666848083e-2
          6.4607122303e-2
          5.7290904068e-2
          4.7487703308e-2
          3.4906700124e-2
          1.9204849703e-2
          0.0000000000e0
          0.0000000000e0
          1.9001879718e-2
          3.4511514064e-2
          4.6920174814e-2
          5.6577468379e-2
          6.3778194394e-2
          6.8754821552e-2
          7.1674105016e-2
          7.2636092836e-2
          7.1674105016e-2
          6.8754821552e-2
          6.3778194394e-2
          5.6577468379e-2
          4.6920174814e-2
          3.4511514064e-2
          1.9001879718e-2
          0.0000000000e0
          0.0000000000e0
          1.8381998870e-2
          3.3305747080e-2
          4.5190821707e-2
          5.4406493713e-2
          6.1258864823e-2
          6.5985536552e-2
          6.8754821552e-2
          6.9666848083e-2
          6.8754821552e-2
          6.5985536552e-2
          6.1258864823e-2
          5.4406493713e-2
          4.5190821707e-2
          3.3305747080e-2
          1.8381998870e-2
          0.0000000000e0
          0.0000000000e0
          1.7310451268e-2
          3.1225963763e-2
          4.2216604262e-2
          5.0683937899e-2
          5.6950296428e-2
          6.1258864823e-2
          6.3778194394e-2
          6.4607122303e-2
          6.3778194394e-2
          6.1258864823e-2
          5.6950296428e-2
          5.0683937899e-2
          4.2216604262e-2
          3.1225963763e-2
          1.7310451268e-2
          0.0000000000e0
          0.0000000000e0
          1.5722180417e-2
          2.8155960675e-2
          3.7849371679e-2
          4.5246151820e-2
          5.0683937899e-2
          5.4406493713e-2
          5.6577468379e-2
          5.7290904068e-2
          5.6577468379e-2
          5.4406493713e-2
          5.0683937899e-2
          4.5246151820e-2
          3.7849371679e-2
          2.8155960675e-2
          1.5722180417e-2
          0.0000000000e0
          0.0000000000e0
          1.3506642958e-2
          2.3906501839e-2
          3.1859063029e-2
          3.7849371679e-2
          4.2216604262e-2
          4.5190821707e-2
          4.6920174814e-2
          4.7487703308e-2
          4.6920174814e-2
          4.5190821707e-2
          4.2216604262e-2
          3.7849371679e-2
          3.1859063029e-2
          2.3906501839e-2
          1.3506642958e-2
          0.0000000000e0
          0.0000000000e0
          1.0471932809e-2
          1.8175381385e-2
          2.3906501839e-2
          2.8155960675e-2
          3.1225963763e-2
          3.3305747080e-2
          3.4511514064e-2
          3.4906700124e-2
          3.4511514064e-2
          3.3305747080e-2
          3.1225963763e-2
          2.8155960675e-2
          2.3906501839e-2
          1.8175381385e-2
          1.0471932809e-2
          0.0000000000e0
          0.0000000000e0
          6.2488744356e-3
          1.0471932809e-2
          1.3506642958e-2
          1.5722180417e-2
          1.7310451268e-2
          1.8381998870e-2
          1.9001879718e-2
          1.9204849703e-2
          1.9001879718e-2
          1.8381998870e-2
          1.7310451268e-2
          1.5722180417e-2
          1.3506642958e-2
          1.0471932809e-2
          6.2488744356e-3
          0.0000000000e0
          0.0000000000e0
          0.0000000000e0
          0.0000000000e0
          0.0000000000e0
          0.0000000000e0
          0.0000000000e0
          0.0000000000e0
          0.0000000000e0
          0.0000000000e0
          0.0000000000e0
          0.0000000000e0
          0.0000000000e0
          0.0000000000e0
          0.0000000000e0
          0.0000000000e0
          0.0000000000e0
          0.0000000000e0
          5.2747657455e-2
          5.0111628934e-2
          4.8611599749e-2
          5.2072920215e-2
          5.1261038066e-2
          4.6204526927e-2
          4.8192655199e-2
          4.1811367190e-2
          4.4485885922e-2
          2.8154499567e-2
          2.8154499567e-2
          2.4946983986e-2
          0.0000000000e0
          7.1895348907e-3
          6.4803959165e-3
          5.7113020390e-2
          6.0468856722e-2
          6.1050709514e-2
          0.0000000000e0
          9.8340449563e-3
          9.9630689188e-3
          8.3098125474e-3
          0.0000000000e0
          8.7459690838e-3
          1.8745619714e-2
          9.6509286928e-3
          9.8340449563e-3
          1.7905919764e-2
          9.4111084453e-3
          9.1110228244e-3
          3.9603665945e-2
          4.3866902523e-2
          3.8472021872e-2
          4.6743647583e-2
          4.0219311217e-2
          5.7113020390e-2
          5.2717011018e-2
          5.2556437099e-2
          6.7607013302e-2
          6.3875778552e-2
          6.5431579060e-2
          5.8111612274e-2
          6.2734423220e-2
          5.9492492102e-2
          6.7407131801e-2
          6.9439359205e-2
          6.7188997160e-2
          3.3314900568e-2
          2.6194239782e-2
          3.0928886914e-2
          5.6467730015e-3
          0.0000000000e0
          4.6582007807e-3
          2.7167992453e-2
          1.8745619714e-2
          2.6787992811e-2
          5.2747657455e-2
          5.6312035959e-2
          7.1170207526e-2
          7.0463812535e-2
          5.0111628934e-2
          4.8611599749e-2
          5.2747657455e-2
          3.4012831769e-2
          4.0469510621e-2
          4.1080455342e-2
          1.9154275285e-2
          2.7394020718e-2
          2.7167992453e-2
          4.1564771167e-2
          4.1444059369e-2
          4.7346234272e-2
          4.3866902523e-2
          4.6743647583e-2
          0.0000000000e0
          5.6467730015e-3
          4.6582007807e-3
          0.0000000000e0
          3.4650795261e-3
          4.6582007807e-3
          1.8745619714e-2
          2.6787992811e-2
          2.6248964808e-2
          9.9630689188e-3
          0.0000000000e0
          4.0219311217e-2
          3.7059993225e-2
          3.5348820504e-2
          8.3098125474e-3
          8.7459690838e-3
          1.6586478463e-2
          6.4400396468e-2
          6.7188997160e-2
          6.4400396468e-2
          6.1050709514e-2
          6.0468856722e-2
          6.2734423220e-2
          5.9492492102e-2
          6.0468856722e-2
          1.4611294365e-2
          1.1821981855e-2
          8.5443880951e-3
          5.2072920215e-2
          5.1261038066e-2
          5.5678513690e-2
          3.8687496841e-2
          3.5075345241e-2
          2.9824514506e-2
          2.4661821522e-2
          2.3590750584e-2
          1.4702242815e-2
          2.0809047198e-2
          1.9049518352e-2
          6.7407131801e-2
          6.7188997160e-2
          5.7113020390e-2
          6.1050709514e-2
          6.1244001975e-2
          3.2380963297e-2
          2.4661821522e-2
          2.5543557973e-2
          3.3314900568e-2
          3.5348820504e-2
          1.6586478463e-2
          8.7459690838e-3
          8.3098125474e-3
          5.7113020390e-2
          5.2556437099e-2
          5.2072920215e-2
          4.7346234272e-2
          4.1444059369e-2
          4.1564771167e-2
          1.9049518352e-2
          1.2108713274e-2
          1.6999318912e-2
          3.0928886914e-2
          2.6194239782e-2
          3.9603665945e-2
          3.8472021872e-2
          1.9154275285e-2
          1.0039788501e-2
          9.9630689188e-3
          4.6204526927e-2
          5.2072920215e-2
          5.1261038066e-2
          4.1080455342e-2
          4.0469510621e-2
          4.6204526927e-2
          3.2380963297e-2
          3.8472021872e-2
          3.9603665945e-2
          1.2108713274e-2
          4.6743647583e-2
          4.8611599749e-2
          3.4650795261e-3
          3.4650795261e-3
          1.9766803880e-3
          6.6532538667e-2
          6.9439359205e-2
          3.4808214194e-2
          2.7394020718e-2
          7.1404979618e-2
          7.1170207526e-2
          7.2396116248e-2
          0.0000000000e0
          6.4803959165e-3
          5.6467730015e-3
          1.9049518352e-2
          1.6999318912e-2
          2.2313625344e-2
          2.0809047198e-2
          1.4702242815e-2
          8.5443880951e-3
          1.1821981855e-2
          1.4611294365e-2
          5.1261038066e-2
          4.6204526927e-2
          3.2380963297e-2
          3.7059993225e-2
          9.6509286928e-3
          9.8340449563e-3
          0.0000000000e0
          5.6467730015e-3
          1.2108713274e-2
          6.4803959165e-3
          2.1251187156e-2
          1.6999318912e-2
          7.0463812535e-2
          6.9279553543e-2
          5.4075228860e-2
          5.1378082655e-2
          0.0000000000e0
          3.4650795261e-3
          1.9766803880e-3
          3.4808214194e-2
          2.7167992453e-2
          2.7394020718e-2
          3.3314900568e-2
          6.7407131801e-2
          6.7188997160e-2
          6.9439359205e-2
          5.4075228860e-2
          5.6312035959e-2
          2.9824514506e-2
          2.3590750584e-2
          2.4661821522e-2
          6.0468856722e-2
          6.2734423220e-2
          5.9492492102e-2
          5.8111612274e-2
          5.9492492102e-2
          5.5678513690e-2
          3.4650795261e-3
          1.9766803880e-3
          0.0000000000e0
          1.8745619714e-2
          2.6248964808e-2
          2.6787992811e-2
          7.1895348907e-3
          7.7945381884e-3
          1.0065247301e-2
          0.0000000000e0
          1.9154275285e-2
          2.7394020718e-2
          2.7469038441e-2
          1.6586478463e-2
          2.3590750584e-2
          2.2313625344e-2
          6.4400396468e-2
          6.1244001975e-2
          6.1050709514e-2
          6.9439359205e-2
          6.6532538667e-2
          9.9630689188e-3
          9.8340449563e-3
          8.5443880951e-3
          1.4611294365e-2
          2.4661821522e-2
          2.9824514506e-2
          7.1404979618e-2
          7.1170207526e-2
          6.9439359205e-2
          1.2108713274e-2
          6.4803959165e-3
          7.1895348907e-3
          8.5443880951e-3
          5.6467730015e-3
          4.6582007807e-3
          3.8472021872e-2
          3.2380963297e-2
          9.1110228244e-3
          8.7459690838e-3
          3.9603665945e-2
          4.0469510621e-2
          7.1404979618e-2
          7.2396116248e-2
          1.4702242815e-2
          7.7945381884e-3
          7.1895348907e-3
          4.8192655199e-2
          4.8192655199e-2
          5.1378082655e-2
          5.0111628934e-2
          5.5678513690e-2
          5.1261038066e-2
          7.1895348907e-3
          1.2108713274e-2
          3.7059993225e-2
          3.5348820504e-2
          4.0219311217e-2
          2.8154499567e-2
          2.4946983986e-2
          2.1251187156e-2
          2.0809047198e-2
          2.6194239782e-2
          8.3098125474e-3
          1.6586478463e-2
          8.7459690838e-3
          1.6999318912e-2
          2.2313625344e-2
          2.9824514506e-2
          2.3590750584e-2
          2.6248964808e-2
          2.5543557973e-2
          2.8154499567e-2
          2.6194239782e-2
          3.0928886914e-2
          4.8611599749e-2
          4.6743647583e-2
          0.0000000000e0
          0.0000000000e0
          4.6204526927e-2
          5.1261038066e-2
          5.0111628934e-2
          5.2072920215e-2
          4.7346234272e-2
          4.1811367190e-2
          4.4485885922e-2
          1.9766803880e-3
          3.4650795261e-3
          6.3875778552e-2
          6.1850571274e-2
          6.3875778552e-2
          1.4702242815e-2
          1.9049518352e-2
          2.0809047198e-2
          2.6248964808e-2
          2.5543557973e-2
          1.7905919764e-2
          9.1110228244e-3
          9.4111084453e-3
          1.9154275285e-2
          1.0065247301e-2
          1.0039788501e-2
          7.1895348907e-3
          1.4702242815e-2
          7.7945381884e-3
          9.1110228244e-3
          1.7905919764e-2
          9.4111084453e-3
          1.2108713274e-2
          7.1895348907e-3
          6.4803959165e-3
          4.1811367190e-2
          4.1811367190e-2
          3.8687496841e-2
          3.8687496841e-2
          4.1811367190e-2
          4.6204526927e-2
          4.0469510621e-2
          4.1080455342e-2
          1.0039788501e-2
          0.0000000000e0
          3.7059993225e-2
          4.3866902523e-2
          3.5075345241e-2
          3.8687496841e-2
          4.1811367190e-2
          1.7905919764e-2
          2.6248964808e-2
          2.5543557973e-2
          8.7459690838e-3
          0.0000000000e0
          9.1110228244e-3
          9.4111084453e-3
          7.0463812535e-2
          7.1170207526e-2
          6.9439359205e-2
          6.0468856722e-2
          6.1050709514e-2
          6.4400396468e-2
          5.8111612274e-2
          5.9492492102e-2
          6.2734423220e-2
          7.3370596730e-2
          7.3127497114e-2
          7.3370596730e-2
          4.6204526927e-2
          5.5678513690e-2
          5.8111612274e-2
          1.4702242815e-2
          8.3098125474e-3
          7.7945381884e-3
          6.4803959165e-3
          5.8111612274e-2
          5.2747657455e-2
          5.6312035959e-2
          2.8154499567e-2
          2.4946983986e-2
          0.0000000000e0
          9.8340449563e-3
          4.7346234272e-2
          5.2556437099e-2
          5.2717011018e-2
          1.4702242815e-2
          2.2313625344e-2
          5.9337082746e-2
          6.1850571274e-2
          6.3875778552e-2
          9.6509286928e-3
          3.4012831769e-2
          3.9603665945e-2
          6.0468856722e-2
          5.4075228860e-2
          5.2747657455e-2
          5.6312035959e-2
          2.8154499567e-2
          3.0928886914e-2
          3.5075345241e-2
          3.2380963297e-2
          2.5543557973e-2
          2.6248964808e-2
          2.0809047198e-2
          7.1895348907e-3
          6.4803959165e-3
          1.2108713274e-2
          6.7607013302e-2
          6.6532538667e-2
          6.5431579060e-2
          7.3370596730e-2
          7.3370596730e-2
          7.3127497114e-2
          7.0463812535e-2
          3.3314900568e-2
          3.5348820504e-2
          4.0219311217e-2
          8.5443880951e-3
          4.6582007807e-3
          5.6467730015e-3
          0.0000000000e0
          1.2108713274e-2
          5.6467730015e-3
          6.4803959165e-3
          6.5431579060e-2
          6.9439359205e-2
          6.7188997160e-2
          0.0000000000e0
          7.1404979618e-2
          7.1170207526e-2
          3.4012831769e-2
          4.1080455342e-2
          1.6586478463e-2
          9.1110228244e-3
          8.7459690838e-3
          6.6532538667e-2
          6.5431579060e-2
          7.2396116248e-2
          7.3127497114e-2
          4.3866902523e-2
          5.0111628934e-2
          4.8611599749e-2
          5.9337082746e-2
          5.4075228860e-2
          5.2072920215e-2
          7.0463812535e-2
          7.1170207526e-2
          7.2396116248e-2
          3.4808214194e-2
          4.8611599749e-2
          5.0111628934e-2
          3.4808214194e-2
          1.9049518352e-2
          1.4702242815e-2
          2.0809047198e-2
          4.6582007807e-3
          3.3314900568e-2
          3.5348820504e-2
          1.8745619714e-2
          2.6787992811e-2
          6.4400396468e-2
          6.6532538667e-2
          4.1444059369e-2
          4.1080455342e-2
          4.1564771167e-2
          4.7346234272e-2
          2.7167992453e-2
          3.4808214194e-2
          6.4400396468e-2
          6.0468856722e-2
          6.1050709514e-2
          6.7188997160e-2
          6.9439359205e-2
          5.7113020390e-2
          5.2556437099e-2
          5.2717011018e-2
          2.1251187156e-2
          1.6999318912e-2
          5.8111612274e-2
          5.6312035959e-2
          5.2747657455e-2
          6.1850571274e-2
          5.9337082746e-2
          5.5678513690e-2
          5.9492492102e-2
          2.4661821522e-2
          4.1444059369e-2
          1.4611294365e-2
          3.4808214194e-2
          4.1444059369e-2
          2.6194239782e-2
          3.0928886914e-2
          5.9492492102e-2
          6.2734423220e-2
          6.6532538667e-2
          6.2734423220e-2
          3.2380963297e-2
          3.8472021872e-2
          2.7167992453e-2
          3.3314900568e-2
          3.0928886914e-2
          3.5075345241e-2
          3.5075345241e-2
          2.8154499567e-2
          0.0000000000e0
          4.6743647583e-2
          5.2747657455e-2
          0.0000000000e0
          4.0219311217e-2
          4.4485885922e-2
          3.4012831769e-2
          4.0469510621e-2
          2.1251187156e-2
          0.0000000000e0
          5.6467730015e-3
          4.1811367190e-2
          4.7346234272e-2
          1.4611294365e-2
          8.5443880951e-3
          4.6582007807e-3
          5.2556437099e-2
          5.7113020390e-2
          3.4650795261e-3
          0.0000000000e0
          6.3875778552e-2
          6.2734423220e-2
          4.8192655199e-2
          5.1378082655e-2
          5.4075228860e-2
          3.5348820504e-2
          9.9630689188e-3
          0.0000000000e0
          5.4075228860e-2
          5.6312035959e-2
          5.9337082746e-2
          2.9824514506e-2
          2.3590750584e-2
          4.8192655199e-2
          5.1378082655e-2
          4.8192655199e-2
          2.4661821522e-2
          2.3590750584e-2
          2.9824514506e-2
          4.7346234272e-2
          2.7394020718e-2
          2.7469038441e-2
          9.6509286928e-3
          9.4111084453e-3
          1.7905919764e-2
          6.5431579060e-2
          7.2396116248e-2
          6.1244001975e-2
          2.6194239782e-2
          1.9049518352e-2
          9.9630689188e-3
          9.8340449563e-3
          0.0000000000e0
          7.7945381884e-3
          4.1080455342e-2
          3.4012831769e-2
          4.0469510621e-2
          5.2072920215e-2
          3.7059993225e-2
          5.7113020390e-2
          5.2556437099e-2
          2.1251187156e-2
          5.1261038066e-2
          5.0111628934e-2
          2.0809047198e-2
          0.0000000000e0
          1.0065247301e-2
          1.0039788501e-2
          6.9279553543e-2
          7.0463812535e-2
          5.5678513690e-2
          5.1261038066e-2
          5.2072920215e-2
          3.7059993225e-2
          2.9824514506e-2
          3.5348820504e-2
          1.6586478463e-2
          7.7945381884e-3
          1.6999318912e-2
          1.9049518352e-2
          4.1564771167e-2
          4.1444059369e-2
          0.0000000000e0
          4.7346234272e-2
          4.1080455342e-2
          4.1444059369e-2
          5.9337082746e-2
          5.8111612274e-2
          3.5348820504e-2
          3.4650795261e-3
          4.6582007807e-3
          4.8611599749e-2
          4.6743647583e-2
          4.1811367190e-2
          4.4485885922e-2
          4.8192655199e-2
          2.6787992811e-2
          1.7905919764e-2
          9.4111084453e-3
          9.6509286928e-3
          8.3098125474e-3
          7.7945381884e-3
          6.7407131801e-2
          6.7188997160e-2
          6.7607013302e-2
          0.0000000000e0
          1.0039788501e-2
          4.8192655199e-2
          4.4485885922e-2
          9.8340449563e-3
          9.9630689188e-3
          0.0000000000e0
          5.5678513690e-2
          1.1821981855e-2
          2.3590750584e-2
          2.2313625344e-2
          2.4661821522e-2
          2.3590750584e-2
          4.6204526927e-2
          3.9603665945e-2
          6.4400396468e-2
          6.1050709514e-2
          6.1244001975e-2
          5.2717011018e-2
          1.6999318912e-2
          2.1251187156e-2
          4.3866902523e-2
          3.8472021872e-2
          6.3875778552e-2
          0.0000000000e0
          9.6509286928e-3
          0.0000000000e0
          4.0469510621e-2
          1.6586478463e-2
          2.2313625344e-2
          3.5075345241e-2
          3.5075345241e-2
          2.8154499567e-2
          3.0928886914e-2
          3.5075345241e-2
          4.3866902523e-2
          3.8472021872e-2
          3.9603665945e-2
          4.0219311217e-2
          4.4485885922e-2
          6.5431579060e-2
          6.7607013302e-2
          4.0219311217e-2
          0.0000000000e0
          9.9630689188e-3
          9.8340449563e-3
          0.0000000000e0
          1.0039788501e-2
          1.0065247301e-2
          2.6194239782e-2
          3.3314900568e-2
          4.0219311217e-2
          4.4485885922e-2
          5.2747657455e-2
          5.6312035959e-2
          5.4075228860e-2
          1.8745619714e-2
          0.0000000000e0
          9.6509286928e-3
          1.4611294365e-2
          0.0000000000e0
          0.0000000000e0
          8.3098125474e-3
          1.4611294365e-2
          1.6999318912e-2
          5.0111628934e-2
          4.8611599749e-2
          4.3866902523e-2
          2.2313625344e-2
          2.0809047198e-2
          5.9337082746e-2
          5.6312035959e-2
          0.0000000000e0
          5.9337082746e-2
          6.1850571274e-2
          6.2734423220e-2
          3.2380963297e-2
          2.4661821522e-2
          7.2396116248e-2
          2.5543557973e-2
          3.2380963297e-2
          6.7607013302e-2
          6.6532538667e-2
          2.7167992453e-2
          2.7394020718e-2
          2.5543557973e-2
          2.6194239782e-2
          6.7607013302e-2
          6.9279553543e-2
          4.6743647583e-2
          4.3866902523e-2
          6.7188997160e-2
          5.4075228860e-2
          4.1444059369e-2
          1.8745619714e-2
          2.6787992811e-2
          0.0000000000e0
          7.1170207526e-2
          0.0000000000e0
          5.8111612274e-2
          0.0000000000e0
          8.3098125474e-3
          8.7459690838e-3
          1.4611294365e-2
          3.3314900568e-2
          2.6248964808e-2
          9.6509286928e-3
          6.0468856722e-2
          6.4400396468e-2
          6.6532538667e-2
          7.0463812535e-2
          5.2556437099e-2
          3.0928886914e-2
          2.9824514506e-2
          1.9154275285e-2
          1.0039788501e-2
          7.0463812535e-2
          6.7607013302e-2
          4.4485885922e-2
          7.2396116248e-2
          9.1110228244e-3
          0.0000000000e0
          1.9154275285e-2
          3.4012831769e-2
          2.6248964808e-2
          8.5443880951e-3
          1.1821981855e-2
          0.0000000000e0
          2.7469038441e-2
          0.0000000000e0
          0.0000000000e0
          6.5431579060e-2
          3.4808214194e-2
          0.0000000000e0
          9.4111084453e-3
          1.7905919764e-2
          9.4111084453e-3
          3.4012831769e-2
          2.6787992811e-2
          0.0000000000e0
          7.1170207526e-2
          3.7059993225e-2
          0.0000000000e0
          9.1110228244e-3
          1.8745619714e-2
          2.1251187156e-2
          6.3875778552e-2
          0.0000000000e0
          1.7905919764e-2
          8.5443880951e-3
          7.7945381884e-3
          0.0000000000e0
          0.0000000000e0
          3.9603665945e-2
          6.3875778552e-2
          0.0000000000e0
          1.9154275285e-2
          2.7469038441e-2
          0.0000000000e0
          2.1251187156e-2
          2.4946983986e-2
          2.5543557973e-2
          2.7394020718e-2
          7.2396116248e-2
          5.9337082746e-2
          4.1080455342e-2
          3.4808214194e-2
          7.3127497114e-2
          3.8472021872e-2
          0.0000000000e0
          6.9279553543e-2
          3.7059993225e-2
          0.0000000000e0
          6.7607013302e-2
          2.2313625344e-2
          2.7167992453e-2
          4.0469510621e-2
          3.4012831769e-2
          5.7113020390e-2
          5.2556437099e-2
          1.6586478463e-2
          6.1050709514e-2
          0.0000000000e0
          2.6787992811e-2
          0.0000000000e0
          5.9492492102e-2
          5.5678513690e-2
          4.6743647583e-2
          0.0000000000e0
          1.9049518352e-2
          0.0000000000e0
          2.7167992453e-2
          6.5431579060e-2
          2.7394020718e-2
          0.0000000000e0
          0.0000000000e0
          1.0039788501e-2
          1.9154275285e-2
          0.0000000000e0
          0.0000000000e0
          0.0000000000e0
          0.0000000000e0
        </DataArray>
      </PointData>
    </Piece>
  </UnstructuredGrid>
</VTKFile>
