MFEM mesh v1.0

#
# MFEM Geometry Types (see fem/geom.hpp):
#
# POINT       = 0
# SEGMENT     = 1
# TRIANGLE    = 2
# SQUARE      = 3
# TETRAHEDRON = 4
# CUBE        = 5
# PRISM       = 6
#

dimension
2

elements
4464
1 2 770 782 1747
1 2 687 688 2321
1 2 656 209 622
1 2 1354 1355 1353
1 2 1877 1878 1876
1 2 443 444 1588
1 2 1357 1358 1356
1 2 536 537 535
2 2 784 192 736
2 2 1828 446 1716
2 2 810 811 809
2 2 1004 1005 1003
2 2 1319 258 1237
2 2 1007 1008 1006
2 2 1010 1011 1009
2 2 1880 1881 1879
1 2 785 348 773
1 2 1883 1884 1882
1 2 798 351 1627
1 2 1360 1361 1359
1 2 1886 1887 1885
1 2 1889 1890 1888
2 2 1363 1364 1362
2 2 727 176 1834
2 2 786 333 775
1 2 658 145 863
1 2 373 412 1819
1 2 542 543 541
2 2 500 339 1115
1 2 1459 485 1730
1 2 996 336 2125
1 2 1366 1367 1365
1 2 1892 1893 1891
1 2 660 207 612
1 2 674 159 873
1 2 473 415 1589
1 2 813 814 812
1 2 1829 452 1719
1 2 1369 1370 1368
1 2 1496 367 2037
1 2 661 207 616
1 2 1171 328 1846
1 2 1372 1373 1371
1 2 197 171 1062
1 2 1895 1896 1894
1 2 730 182 1835
1 2 545 546 544
1 2 1375 1376 1374
1 2 1198 294 1997
1 2 2284 647 2113
2 2 125 128 230
2 2 455 456 1592
2 2 314 318 662
2 2 279 152 1409
2 2 331 332 806
2 2 1320 710 1317
1 2 297 298 684
1 2 1898 1899 1897
1 2 1321 677 1301
1 2 1013 1014 1012
1 2 449 458 1593
1 2 283 286 663
1 2 1378 1379 1377
1 2 1653 1654 1652
1 2 548 549 547
1 2 1168 633 1159
1 2 691 692 690
2 2 1381 1382 1380
2 2 1594 446 1480
1 2 815 816 2326
2 2 694 695 693
1 2 858 123 1042
1 2 300 301 1199
1 2 551 552 550
1 2 664 150 584
1 2 553 554 1865
2 2 697 698 696
2 2 1901 1902 1900
2 2 791 190 2298
2 2 700 701 699
2 2 556 557 2285
2 2 819 820 818
2 2 560 561 559
2 2 524 163 869
2 2 1201 1202 1200
2 2 2286 562 2085
2 2 669 212 1075
2 2 322 337 1169
2 2 1054 587 2320
2 2 703 704 702
2 2 735 195 1069
2 2 1016 1017 1015
1 2 1384 1385 1383
1 2 1904 1905 1903
1 2 1907 1908 1906
1 2 706 707 705
1 2 264 265 1683
1 2 238 126 232
2 2 215 216 381
2 2 708 709 1350
2 2 2288 1217 2280
1 2 1656 1657 1655
1 2 1018 1019 1012
1 2 387 419 793
1 2 1028 240 1839
1 2 822 815 821
1 2 1910 1911 1909
1 2 824 825 823
1 2 228 241 1831
1 2 826 827 2168
1 2 973 79 2161
1 2 1021 1022 1020
1 2 1913 1914 1912
1 2 1172 305 1096
2 2 1387 1388 1386
1 2 1390 1391 1389
1 2 290 291 1084
2 2 1393 1394 1392
1 2 1916 1917 1915
2 2 789 339 1243
1 2 830 831 829
1 2 1659 1660 1658
1 2 1204 1205 1203
1 2 826 687 2162
1 2 499 321 685
1 2 238 198 1416
1 2 1662 1663 1661
1 2 972 76 822
1 2 450 171 1595
1 2 1170 451 1495
1 2 714 715 705
2 2 124 125 275
2 2 1207 1208 1206
1 2 573 574 1196
1 2 1210 1211 1209
1 2 1919 1920 1918
1 2 2290 716 2146
2 2 1213 1214 1212
2 2 1231 256 1230
2 2 833 834 832
2 2 353 356 1327
2 2 259 260 893
2 2 836 837 835
2 2 257 288 1117
2 2 974 420 1256
2 2 604 671 1165
2 2 838 839 832
1 2 1665 1666 1664
1 2 1922 1923 1921
1 2 1925 1926 1924
1 2 468 444 1596
1 2 1597 445 2071
1 2 1928 1929 1927
1 2 358 359 1598
1 2 1599 472 2059
1 2 840 841 2328
1 2 474 475 1854
1 2 843 844 812
1 2 361 362 1833
1 2 364 365 1600
1 2 1601 474 2062
1 2 846 847 845
1 2 472 477 1629
1 2 1931 1932 1930
1 2 469 417 1602
1 2 1024 1025 1023
1 2 437 242 431
1 2 1396 1397 1395
1 2 1218 113 1372
1 2 423 262 410
1 2 525 265 510
2 2 268 269 534
2 2 1215 1216 2333
2 2 388 220 1983
1 2 407 424 652
1 2 574 118 1655
1 2 271 272 526
1 2 425 223 1675
1 2 1027 1028 1026
1 2 1173 240 1078
1 2 1030 1031 1029
1 2 426 226 396
1 2 1033 1034 1032
2 2 273 274 624
2 2 125 124 1325
2 2 275 276 527
1 2 849 850 848
1 2 852 853 851
1 2 854 855 845
1 2 856 857 840
1 2 1603 706 1544
1 2 577 110 1605
2 2 399 427 978
2 2 216 114 268
1 2 118 129 218
1 2 1036 1037 1035
1 2 824 858 2327
1 2 1039 1040 1038
1 2 1002 277 1001
1 2 672 299 649
2 2 1324 696 2149
1 2 1934 1935 1933
1 2 507 428 979
1 2 233 113 267
1 2 1398 1399 1395
2 2 245 128 1400
2 2 125 85 1401
1 2 239 129 1013
1 2 118 73 1014
1 2 859 860 2171
1 2 817 120 1027
1 2 1937 1938 1936
1 2 1042 1032 1041
1 2 234 235 429
1 2 1219 1220 1218
1 2 1043 1044 1874
2 2 1940 1941 1939
1 2 1175 305 1100
1 2 1943 1944 1942
2 2 186 137 1405
2 2 1400 1401 1392
2 2 1403 1404 1402
2 2 1405 1406 1362
1 2 478 479 1720
1 2 1606 368 1445
1 2 1668 1669 1667
2 2 482 483 481
2 2 1046 1047 1003
2 2 1049 1050 1048
1 2 580 581 579
1 2 862 863 861
1 2 658 29 593
1 2 865 866 864
1 2 371 372 1694
1 2 1946 1947 1945
1 2 371 374 1607
1 2 484 480 1722
1 2 724 413 1712
2 2 486 487 777
2 2 1408 1409 1407
2 2 279 280 516
1 2 781 796 1608
1 2 520 530 1177
1 2 83 156 286
1 2 368 376 1697
1 2 981 478 967
1 2 1875 418 2122
1 2 867 868 864
1 2 583 584 582
1 2 664 30 874
2 2 557 586 585
2 2 1949 1950 1948
2 2 1952 1953 1951
2 2 491 492 2306
2 2 870 871 869
2 2 1052 1053 1051
2 2 667 144 1048
2 2 1221 1222 1200
2 2 493 494 2064
2 2 721 722 2319
2 2 1055 1056 1054
2 2 588 586 587
1 2 1609 369 1458
2 2 668 161 904
2 2 1058 1059 1057
2 2 721 213 1113
1 2 725 726 724
1 2 590 591 589
1 2 673 147 592
1 2 873 874 872
2 2 486 205 1418
2 2 1408 786 1546
1 2 239 155 282
1 2 156 171 529
1 2 1650 325 2114
2 2 1060 1061 1051
2 2 908 491 1499
1 2 875 876 872
2 2 878 879 877
2 2 984 250 905
1 2 674 146 862
1 2 592 593 550
1 2 1062 1063 1020
1 2 156 83 1595
1 2 665 158 583
1 2 599 175 731
1 2 595 537 594
1 2 535 33 1410
2 2 1065 1066 1064
2 2 1834 447 1729
2 2 728 729 727
1 2 659 181 1414
1 2 1955 1956 1954
1 2 38 181 541
1 2 1411 1412 1410
1 2 1835 453 1732
1 2 691 731 730
1 2 545 598 594
1 2 600 546 599
1 2 1958 1959 1957
2 2 952 985 1836
2 2 642 678 1330
2 2 138 187 318
1 2 458 522 1264
1 2 676 184 1321
1 2 1331 677 2131
2 2 1961 1962 1960
2 2 2298 563 2116
2 2 791 56 737
2 2 700 733 732
2 2 728 701 734
2 2 699 23 1670
2 2 1671 1672 1670
2 2 1068 1069 1067
2 2 694 733 735
1 2 646 679 1332
1 2 1493 986 1872
1 2 321 81 1417
2 2 356 421 1121
2 2 1964 1965 1963
2 2 671 93 1180
1 2 675 174 595
2 2 1967 1968 1966
2 2 736 737 734
2 2 1070 1071 1064
2 2 1073 1074 1072
2 2 799 178 738
1 2 659 293 635
1 2 1414 1415 1413
2 2 455 500 1838
1 2 522 308 1333
1 2 1970 1971 1969
1 2 529 197 498
1 2 787 183 1731
2 2 245 186 313
2 2 187 205 531
1 2 330 189 1331
2 2 1973 1974 1972
2 2 605 564 2107
2 2 1976 1977 1975
1 2 1416 1417 1356
2 2 1979 1980 1978
2 2 1418 1403 1380
2 2 680 200 603
2 2 738 729 702
1 2 181 38 690
2 2 187 138 1404
2 2 788 196 1068
1 2 608 609 607
1 2 611 612 610
1 2 660 29 623
1 2 613 614 610
1 2 615 616 607
1 2 881 661 2127
2 2 618 560 617
2 2 1076 1077 1075
2 2 1224 1225 1223
2 2 378 379 920
2 2 216 215 1387
2 2 381 382 750
1 2 926 987 1869
1 2 756 800 1612
1 2 129 219 419
2 2 619 620 1269
2 2 1982 1983 1981
2 2 388 389 757
1 2 391 392 801
1 2 1674 1675 1673
1 2 1985 1986 1984
1 2 1677 1678 1676
1 2 802 394 765
1 2 1988 1989 1987
2 2 957 988 1840
2 2 935 989 1841
2 2 128 231 427
1 2 939 990 1842
1 2 1127 991 1873
1 2 126 233 428
1 2 402 403 803
1 2 235 234 1613
1 2 1991 1992 1990
1 2 622 623 589
1 2 666 208 611
1 2 682 210 615
1 2 681 211 880
2 2 276 230 398
2 2 1226 1227 1223
2 2 1101 617 1743
2 2 1181 324 1114
1 2 1420 1174 1584
1 2 238 69 1603
2 2 280 215 378
2 2 216 70 1320
2 2 269 220 619
1 2 272 218 386
1 2 219 239 430
1 2 224 240 1632
1 2 1030 241 1033
1 2 804 404 769
1 2 438 243 1044
1 2 1182 575 1163
2 2 231 245 532
1 2 233 126 1373
2 2 137 186 245
1 2 239 74 1391
1 2 880 881 851
1 2 1420 1421 1419
1 2 1385 1423 1422
1 2 316 238 533
1 2 533 232 506
1 2 129 239 219
1 2 1078 1079 1036
1 2 1839 224 1674
1 2 1174 241 1614
1 2 1614 228 1987
1 2 1993 1994 1984
1 2 406 407 940
1 2 1680 1681 1679
2 2 128 245 231
1 2 1615 568 1506
1 2 1040 237 1422
1 2 539 657 2120
1 2 540 246 1039
2 2 810 883 882
2 2 885 811 884
2 2 878 886 809
2 2 888 889 887
2 2 1995 1996 1879
2 2 971 93 1426
2 2 819 890 884
2 2 891 820 882
2 2 870 892 818
2 2 258 90 896
2 2 1229 1230 1228
2 2 1232 1233 1231
2 2 1425 1426 1424
2 2 260 259 1073
2 2 894 889 893
2 2 836 896 895
2 2 897 837 887
2 2 835 16 1228
1 2 111 262 264
1 2 945 408 944
1 2 683 423 654
1 2 267 113 1684
1 2 1131 508 1130
1 2 992 525 969
2 2 739 740 1303
2 2 268 114 269
2 2 2181 1080 2180
1 2 511 512 1136
1 2 272 271 1656
1 2 1616 741 2150
2 2 1644 898 1751
2 2 274 273 2292
2 2 624 625 1275
2 2 514 515 1141
2 2 275 125 276
2 2 1617 901 1554
1 2 1618 278 1430
1 2 1001 433 998
1 2 111 278 1002
2 2 627 628 1149
2 2 279 153 280
2 2 516 517 960
1 2 1153 1184 2300
1 2 964 995 1843
1 2 155 283 530
2 2 284 6 559
2 2 905 886 904
2 2 354 285 833
2 2 1337 357 2029
2 2 487 279 627
1 2 286 156 489
2 2 982 254 891
2 2 890 907 906
1 2 1683 1684 1682
1 2 508 264 683
1 2 438 271 511
2 2 274 275 514
2 2 124 275 274
2 2 1185 338 1118
2 2 1427 1428 1424
1 2 401 267 992
2 2 382 268 739
2 2 269 114 2288
1 2 118 218 272
2 2 1206 1234 2291
2 2 125 230 276
1 2 1430 1431 1429
2 2 280 153 1388
1 2 430 282 519
2 2 983 249 885
2 2 337 285 1236
2 2 1237 1233 1236
1 2 286 155 1390
1 2 155 286 283
2 2 907 892 908
1 2 1084 1085 1083
2 2 1336 257 1229
2 2 434 435 2031
1 2 278 111 1220
1 2 1085 1087 1086
1 2 1328 290 1219
1 2 633 634 632
1 2 715 291 1328
1 2 635 636 553
1 2 636 292 714
1 2 746 296 1509
1 2 1998 1999 1997
1 2 1189 1198 2254
1 2 910 911 909
1 2 298 297 915
1 2 684 73 650
1 2 2301 744 2165
1 2 301 300 688
1 2 2001 2002 2000
2 2 1016 1089 1088
2 2 838 303 1017
2 2 1076 1090 1015
1 2 1092 1093 1091
1 2 1095 1096 1094
1 2 1172 65 2009
1 2 830 913 912
1 2 915 831 914
1 2 909 916 829
1 2 1097 1098 1094
1 2 1099 1100 1091
1 2 1175 136 1433
2 2 1338 637 1285
2 2 1156 1191 2302
2 2 186 314 678
1 2 1290 1192 2303
1 2 1339 637 1505
1 2 198 316 679
1 2 2004 2005 2003
1 2 1189 311 1432
1 2 1432 1433 1359
1 2 745 713 2322
1 2 2007 2008 2006
2 2 318 187 496
1 2 298 49 1170
1 2 1686 1687 1685
1 2 1435 1436 1434
1 2 1188 306 1095
2 2 974 302 1088
2 2 303 62 1181
2 2 1186 304 1102
1 2 1187 307 2304
1 2 996 308 912
1 2 321 198 315
2 2 532 313 641
1 2 198 238 316
1 2 1190 310 1099
2 2 186 138 318
2 2 186 318 314
2 2 1102 1090 1101
1 2 2010 2011 2009
1 2 197 81 321
1 2 685 315 645
2 2 1007 1104 1103
2 2 1106 1008 1105
2 2 1055 1107 1006
1 2 1892 2013 2012
1 2 1619 326 1893
1 2 2014 2015 1891
1 2 1845 651 1746
1 2 1846 554 1740
1 2 1171 37 1630
2 2 1239 1240 1238
2 2 332 331 1070
2 2 806 46 776
1 2 1109 1110 1108
1 2 1651 335 1897
1 2 2017 2018 2016
2 2 1111 1112 1105
2 2 337 322 1103
2 2 1169 91 1119
2 2 341 54 1116
2 2 1242 1243 1241
2 2 86 341 789
1 2 797 344 725
1 2 794 343 1660
1 2 1688 1689 1658
1 2 1323 347 1457
1 2 1245 1205 1244
1 2 89 347 1203
1 2 794 349 717
1 2 797 348 1663
1 2 1690 1691 1661
1 2 1210 1247 1246
1 2 1326 351 1211
1 2 1209 88 1856
2 2 1213 1249 1248
2 2 1251 1214 1250
2 2 1252 1253 1212
2 2 1254 1255 1250
2 2 356 353 1248
2 2 1327 201 2030
1 2 1438 1439 1437
1 2 359 358 2019
1 2 1598 103 2028
1 2 1693 1665 1692
1 2 362 361 813
1 2 32 363 1833
1 2 1441 1442 1440
1 2 365 364 843
1 2 1600 106 2014
1 2 1931 2020 2019
1 2 1437 366 1932
1 2 2021 2022 1930
1 2 1586 370 1354
1 2 1444 1445 1443
1 2 140 370 1606
1 2 373 148 1621
1 2 372 371 1446
1 2 1695 1696 1694
1 2 1447 1448 1446
1 2 374 371 1621
1 2 151 375 1607
1 2 377 10 1443
1 2 376 368 1586
1 2 1698 1699 1697
2 2 917 918 1755
2 2 378 215 379
2 2 920 921 1558
2 2 747 748 1519
2 2 381 216 382
2 2 750 751 1525
1 2 1849 919 1761
1 2 1622 922 1562
1 2 219 385 987
1 2 1623 749 1531
1 2 1624 752 1535
1 2 218 387 800
2 2 927 928 1765
2 2 388 221 389
2 2 757 758 1536
1 2 760 761 1341
1 2 391 223 392
1 2 225 393 801
1 2 226 394 396
1 2 1342 763 1311
1 2 227 396 802
2 2 1850 930 1773
2 2 1851 933 1779
2 2 230 399 989
1 2 1852 933 1783
1 2 1853 930 1787
1 2 233 401 990
1 2 767 764 766
1 2 402 234 403
1 2 227 395 803
1 2 242 404 405
1 2 762 769 768
1 2 225 405 804
1 2 1450 1451 1449
1 2 407 406 1680
1 2 940 941 1790
1 2 262 408 410
1 2 1566 942 1565
1 2 945 899 1792
1 2 2305 711 2160
1 2 1700 1701 1668
2 2 1178 323 1106
2 2 1114 1107 1113
1 2 773 774 772
1 2 1448 1453 1452
1 2 375 151 1627
1 2 1245 973 2174
2 2 775 776 708
1 2 1703 1704 1702
2 2 1115 1116 1067
1 2 1628 374 1460
1 2 2023 2024 2016
1 2 2025 2026 2012
1 2 327 414 875
1 2 359 415 841
1 2 1705 1706 1692
1 2 365 416 846
1 2 1455 1456 1454
1 2 596 555 1737
1 2 1708 1709 1707
1 2 459 330 1630
1 2 1620 360 2027
1 2 2027 2028 1894
2 2 448 331 1238
1 2 376 418 1848
2 2 790 340 1242
2 2 337 62 834
2 2 1118 1119 1117
2 2 379 381 747
2 2 215 381 379
1 2 419 219 384
1 2 218 419 387
1 2 798 344 1689
1 2 347 89 785
1 2 1710 1711 1691
1 2 1856 782 2166
2 2 1319 354 1251
2 2 1340 355 1257
2 2 1121 1122 1120
2 2 2029 2030 1978
1 2 849 441 1726
1 2 975 364 1440
1 2 264 262 423
2 2 620 388 927
1 2 1343 621 1296
1 2 392 425 1985
1 2 1677 426 1988
1 2 656 414 854
2 2 427 231 504
1 2 428 233 400
1 2 403 429 1991
1 2 1458 1444 1457
2 2 517 378 917
2 2 216 268 382
1 2 385 430 997
1 2 805 386 755
2 2 994 398 934
1 2 233 267 401
1 2 239 282 430
1 2 431 242 405
1 2 1857 1045 1826
1 2 1631 947 1570
2 2 434 273 993
2 2 2031 2032 1939
1 2 772 411 1587
1 2 370 140 1587
1 2 1858 412 1847
1 2 1847 373 1696
1 2 1712 1713 1667
1 2 1460 1461 1459
1 2 855 327 2015
1 2 2034 2035 2033
1 2 359 102 1589
1 2 682 416 1590
1 2 365 104 1368
1 2 1649 417 2036
1 2 2037 2022 2036
1 2 1821 579 2123
1 2 376 139 1652
1 2 218 129 419
1 2 793 384 925
2 2 1257 1253 1256
2 2 7 421 356
1 2 999 452 965
1 2 363 32 1832
1 2 1591 437 1375
1 2 1344 626 1300
1 2 655 410 946
1 2 424 438 686
1 2 243 424 407
1 2 1986 2039 2038
1 2 223 425 392
1 2 1989 2040 1990
1 2 396 227 2040
2 2 230 128 427
2 2 230 427 399
1 2 232 126 428
1 2 979 400 938
1 2 429 235 1384
1 2 234 429 403
1 2 219 430 385
1 2 405 225 1994
1 2 438 117 1657
1 2 808 406 807
1 2 408 262 998
2 2 949 900 1573
2 2 1000 434 949
1 2 1024 439 1396
1 2 976 422 1832
1 2 1465 431 1993
1 2 243 438 424
1 2 1463 1464 1462
1 2 1376 1465 1462
1 2 1877 2042 2041
1 2 1859 441 1878
1 2 2043 2044 1876
1 2 1467 1468 1466
1 2 444 443 2054
1 2 1588 99 2072
2 2 448 45 1478
2 2 1715 1716 1714
2 2 176 448 1828
1 2 1366 1470 1469
1 2 1475 450 1367
1 2 1471 1472 1365
1 2 966 454 2067
1 2 1718 1719 1717
1 2 1829 182 2068
2 2 1474 1363 1473
2 2 456 455 1724
2 2 1592 44 1494
1 2 1476 1477 1475
1 2 458 449 1469
1 2 189 459 1593
2 2 456 23 1714
2 2 1479 1480 1478
2 2 44 456 1594
2 2 1901 2046 2045
2 2 2047 1902 1973
2 2 2048 2049 1900
1 2 1922 2044 2050
1 2 1610 465 1923
1 2 2034 2042 1921
1 2 467 98 1859
1 2 2051 1926 2041
1 2 2052 2053 1924
1 2 1482 1483 1481
1 2 444 468 852
1 2 101 469 1596
1 2 1928 2055 2054
1 2 1466 470 1929
1 2 2056 2057 1927
1 2 1485 1486 1484
1 2 2052 2059 2058
1 2 97 473 1599
1 2 2061 2053 2060
1 2 475 474 1487
1 2 98 467 1854
1 2 1488 1369 1487
1 2 2056 2062 2060
1 2 100 476 1601
1 2 2063 2057 2058
1 2 477 472 1484
1 2 1629 101 2055
1 2 480 26 968
1 2 479 478 1830
1 2 1700 1721 1720
2 2 2307 483 2066
2 2 482 481 1058
2 2 483 482 144
1 2 485 148 1863
1 2 480 484 865
1 2 1721 1723 1722
2 2 1258 1259 2256
2 2 486 152 487
2 2 777 778 1312
1 2 2308 1260 2260
1 2 1346 779 1316
1 2 156 490 796
2 2 1500 462 2047
2 2 491 163 492
2 2 2306 164 2048
2 2 144 493 483
2 2 494 493 1201
2 2 2065 2066 2064
2 2 1490 1491 1489
2 2 1634 950 1577
2 2 187 497 985
1 2 1635 950 1798
1 2 1492 1493 1489
1 2 197 499 986
2 2 1725 1671 1724
2 2 500 455 1473
2 2 195 501 1838
1 2 1610 502 1411
1 2 2067 1971 2050
1 2 2068 2069 1969
2 2 2309 1123 2189
2 2 1860 955 1804
2 2 231 505 988
1 2 1861 955 1808
1 2 2310 1123 2193
1 2 232 507 991
1 2 265 508 510
1 2 2197 1128 2196
1 2 2203 1131 2202
1 2 1134 1135 2208
1 2 511 271 512
1 2 1136 1137 2213
2 2 1139 1140 2218
2 2 514 275 515
2 2 1141 1142 2222
2 2 1143 1144 1823
2 2 516 280 517
2 2 960 961 1812
1 2 1145 1146 2311
1 2 1862 962 1818
1 2 282 520 995
1 2 1726 1727 1664
1 2 2071 2072 2070
2 2 1729 1715 1728
2 2 448 176 1071
2 2 482 521 1049
2 2 1364 1494 1402
2 2 500 43 1241
1 2 1730 1723 1713
1 2 450 37 1063
1 2 1495 1472 1389
1 2 473 97 2033
1 2 965 966 848
1 2 1732 1718 1731
1 2 476 100 1590
1 2 1264 1265 1263
1 2 189 330 459
2 2 1382 1479 1407
2 2 693 461 2045
2 2 2046 2074 2073
2 2 492 524 1052
2 2 493 144 1322
1 2 197 321 499
1 2 2312 842 2176
1 2 977 468 1481
1 2 469 101 1454
1 2 475 104 814
1 2 1456 1497 1496
1 2 267 265 525
1 2 512 526 742
2 2 515 527 902
1 2 232 428 507
1 2 967 968 861
1 2 479 139 1353
2 2 1195 562 1161
1 2 980 484 1863
2 2 531 486 1258
2 2 152 279 487
2 2 628 516 1143
1 2 663 489 780
1 2 490 529 1345
1 2 530 283 630
2 2 1499 1500 1498
1 2 171 197 529
2 2 784 523 1060
1 2 1611 502 2069
2 2 662 496 951
2 2 497 531 1633
1 2 522 49 914
2 2 501 195 1837
1 2 1345 498 1492
2 2 978 504 956
2 2 505 532 1193
1 2 238 232 533
2 2 245 313 532
1 2 644 533 1194
1 2 265 264 508
2 2 534 269 1183
1 2 686 511 1134
2 2 625 514 1139
2 2 280 378 517
1 2 997 519 963
2 2 982 521 1004
2 2 482 142 1005
1 2 49 522 458
2 2 1061 463 2049
2 2 524 143 1176
2 2 163 524 492
1 2 1636 901 1583
1 2 970 510 1133
2 2 740 534 1148
1 2 526 272 805
1 2 271 526 512
2 2 527 276 994
2 2 275 527 515
2 2 1179 481 2307
1 2 156 529 490
1 2 282 155 530
1 2 282 530 520
2 2 205 486 531
2 2 187 531 497
2 2 231 532 505
1 2 1194 506 1126
2 2 1148 1082 2231
1 2 174 535 537
1 2 535 175 536
1 2 537 536 173
1 2 1889 2076 2075
1 2 2078 1890 2077
1 2 2079 2080 1888
1 2 180 541 543
1 2 541 181 542
1 2 543 542 179
1 2 546 180 2100
1 2 545 544 2098
1 2 546 545 173
1 2 549 172 2115
1 2 548 547 2025
1 2 549 548 158
1 2 170 550 552
1 2 550 29 551
1 2 552 551 208
1 2 179 553 555
1 2 554 553 1864
1 2 1865 328 1738
2 2 2082 1949 2081
2 2 557 556 2295
2 2 160 558 2285
2 2 168 559 561
2 2 559 6 560
2 2 561 560 214
2 2 564 142 1162
2 2 2084 2085 2083
2 2 2286 190 2108
1 2 1904 2010 2077
1 2 2086 1905 2075
1 2 320 566 1903
1 2 569 50 2287
1 2 1637 568 1908
1 2 2087 2088 1906
1 2 1604 572 1398
1 2 2289 571 1917
1 2 1943 2089 1915
1 2 1734 1735 1733
1 2 574 573 1844
1 2 1196 117 1164
1 2 1934 2091 2090
1 2 2093 1935 2092
1 2 2094 2095 1933
1 2 581 51 2124
1 2 579 145 580
1 2 581 580 147
1 2 150 582 584
1 2 583 582 1946
1 2 584 583 158
2 2 15 585 586
2 2 557 585 1221
2 2 586 557 162
2 2 586 162 2117
2 2 587 167 588
2 2 586 588 15
1 2 169 589 591
1 2 589 29 590
1 2 591 590 146
1 2 29 550 593
1 2 550 170 592
1 2 593 592 147
1 2 173 594 537
1 2 594 39 595
1 2 537 595 174
1 2 543 179 2296
1 2 2097 1956 2096
1 2 180 543 1954
1 2 39 594 598
1 2 594 173 545
1 2 598 545 184
1 2 173 599 546
1 2 599 38 600
1 2 546 600 180
1 2 1958 2099 2098
1 2 2101 1959 2100
1 2 2097 2102 1957
2 2 1964 2104 2103
2 2 2299 603 1965
2 2 200 604 1963
2 2 2106 1961 2105
2 2 564 605 1046
2 2 2108 2109 2107
1 2 28 607 609
1 2 607 207 608
1 2 609 608 209
1 2 207 610 612
1 2 610 11 611
1 2 612 611 208
1 2 11 610 614
1 2 610 207 613
1 2 614 613 211
1 2 207 607 616
1 2 607 28 615
1 2 616 615 210
2 2 560 6 1744
2 2 617 212 618
2 2 560 618 214
2 2 1267 1268 1266
2 2 619 220 620
2 2 1270 1271 1269
1 2 29 589 623
1 2 589 169 622
1 2 623 622 209
2 2 1273 1274 1272
2 2 624 274 625
2 2 1276 1277 1275
2 2 1278 1279 2261
2 2 627 279 628
2 2 1149 1150 2235
1 2 1281 1282 1280
1 2 2314 1151 2241
1 2 283 631 1184
1 2 53 632 634
1 2 633 632 1197
1 2 634 633 293
1 2 636 35 1864
1 2 553 179 635
1 2 636 635 293
2 2 1502 1503 1501
2 2 1284 1285 1283
2 2 314 639 1338
2 2 2315 1286 2266
2 2 2316 1154 2247
2 2 313 642 1191
1 2 2317 1154 2251
1 2 1286 1289 2318
1 2 316 644 1192
1 2 1291 1292 1283
1 2 1504 1505 1501
1 2 315 646 1339
1 2 2007 2110 2092
1 2 2111 2008 2090
1 2 317 648 2006
1 2 650 73 1844
1 2 1736 1687 1733
1 2 299 650 1685
1 2 651 27 2096
1 2 555 596 2296
1 2 1738 1739 1737
1 2 1293 1294 1268
1 2 1295 1296 1271
1 2 424 653 1343
1 2 1297 1298 1274
1 2 1299 1300 1277
1 2 423 655 1344
1 2 656 28 609
1 2 169 656 622
1 2 535 174 856
1 2 599 173 536
1 2 1435 569 2121
1 2 1615 540 2080
1 2 658 147 580
1 2 541 180 600
1 2 659 179 542
1 2 660 209 608
1 2 208 660 612
1 2 661 211 613
1 2 616 210 2128
1 2 2113 2111 2112
2 2 639 662 1638
1 2 631 663 1347
1 2 2026 2115 2114
1 2 664 158 548
1 2 665 172 549
1 2 1159 1160 1086
1 2 660 208 551
1 2 666 170 552
1 2 664 159 867
1 2 158 664 584
1 2 1740 1741 1707
2 2 1335 556 2081
2 2 667 58 984
2 2 559 168 877
2 2 668 168 561
2 2 1161 1162 1057
2 2 2116 2084 1975
2 2 618 669 1224
2 2 2118 2119 2117
1 2 566 320 2304
1 2 2287 828 2173
1 2 1506 1507 1419
1 2 2121 2088 2120
1 2 1604 1035 2252
1 2 578 670 1360
1 2 1605 572 2089
1 2 73 118 574
1 2 1163 1164 1043
2 2 1165 1166 1120
1 2 941 652 1295
2 2 993 624 1272
1 2 1025 577 2093
1 2 672 87 911
1 2 1942 578 2095
2 2 1176 605 2105
1 2 2123 2124 2122
1 2 673 51 581
1 2 658 146 590
1 2 147 658 593
1 2 582 150 1702
1 2 52 665 583
2 2 585 15 1329
2 2 1322 667 2293
2 2 1335 668 1226
1 2 674 169 591
1 2 170 673 592
1 2 857 675 1895
1 2 659 53 634
1 2 38 541 600
1 2 598 676 2023
1 2 2313 601 2132
2 2 678 314 638
2 2 313 678 642
1 2 2024 2126 2125
2 2 2297 606 2109
1 2 679 316 643
1 2 315 679 646
2 2 680 202 1011
1 2 293 659 634
1 2 179 659 635
1 2 11 666 611
1 2 209 660 623
1 2 681 11 614
1 2 682 100 1597
2 2 1743 1744 1742
2 2 1183 619 1266
2 2 220 388 620
1 2 682 28 847
1 2 1436 1508 1377
1 2 264 423 683
2 2 274 514 625
2 2 778 627 1278
2 2 279 516 628
1 2 1177 630 1152
1 2 636 293 1168
1 2 684 298 1018
2 2 1193 641 1155
1 2 316 533 644
1 2 321 315 685
1 2 1746 1739 1745
1 2 653 686 1348
1 2 423 410 655
1 2 438 511 686
1 2 656 169 876
1 2 209 656 609
1 2 175 599 536
1 2 1361 1510 1509
1 2 1508 539 2078
1 2 145 658 580
1 2 181 659 542
1 2 207 660 608
1 2 674 26 868
1 2 2127 2128 2070
1 2 207 661 613
1 2 1896 2130 2129
2 2 318 496 662
2 2 314 662 639
1 2 684 299 910
1 2 1301 1302 1263
1 2 286 489 663
1 2 283 663 631
1 2 30 664 548
1 2 158 665 549
1 2 29 660 551
1 2 208 666 552
2 2 558 160 2293
2 2 561 214 1227
2 2 669 213 1334
2 2 212 669 618
1 2 571 40 1510
1 2 954 685 1639
2 2 671 200 1010
2 2 200 671 604
1 2 1866 649 1736
1 2 147 673 581
1 2 29 658 590
1 2 146 674 591
1 2 595 39 2130
1 2 184 676 598
1 2 2132 2102 2131
2 2 313 186 678
2 2 1330 638 1284
1 2 315 198 679
1 2 1332 643 1289
2 2 8 680 603
1 2 211 681 614
1 2 28 682 615
1 2 1128 683 1349
1 2 1349 654 1299
1 2 299 684 650
1 2 1639 645 1504
1 2 424 686 653
1 2 2163 689 2154
1 2 687 50 688
1 2 2321 300 2155
1 2 204 690 692
1 2 690 38 691
1 2 692 691 183
2 2 206 693 695
2 2 693 57 694
2 2 695 694 196
2 2 698 85 2147
2 2 696 86 697
2 2 698 697 340
2 2 177 699 701
2 2 699 194 700
2 2 701 700 193
2 2 203 702 704
2 2 702 56 703
2 2 704 703 191
1 2 35 705 707
1 2 706 705 1640
1 2 707 706 69
2 2 2134 2135 2133
2 2 708 46 709
2 2 1350 71 1318
1 2 1913 2137 2136
1 2 2139 1914 2138
1 2 1998 2140 1912
1 2 715 67 1640
1 2 705 35 714
1 2 715 714 292
1 2 2142 2143 2141
1 2 2145 2146 2144
1 2 349 718 2290
2 2 86 696 720
2 2 2148 2149 2147
2 2 135 720 1324
2 2 2294 723 1952
2 2 721 166 722
2 2 162 723 2319
1 2 151 724 726
1 2 724 20 725
1 2 726 725 344
2 2 178 727 729
2 2 727 177 728
2 2 729 728 56
1 2 175 730 731
1 2 730 183 691
1 2 731 691 38
2 2 57 732 733
2 2 700 732 1967
2 2 733 700 194
2 2 193 734 701
2 2 734 56 728
2 2 701 728 177
2 2 194 735 733
2 2 735 196 694
2 2 733 694 57
2 2 56 734 737
2 2 734 193 736
2 2 737 736 192
2 2 56 702 729
2 2 702 203 738
2 2 729 738 178
2 2 1512 1513 1511
2 2 739 268 740
2 2 1303 1304 2271
1 2 1514 1515 1513
1 2 2151 2152 2150
1 2 526 743 1616
1 2 2004 2153 2144
1 2 2154 2005 2141
1 2 2155 2156 2003
1 2 40 745 746
1 2 713 745 1883
1 2 294 746 2322
2 2 1517 1518 1516
2 2 747 381 748
2 2 1520 1521 1519
2 2 1523 1524 1522
2 2 750 382 751
2 2 1526 1527 1525
1 2 1528 1529 1518
1 2 1530 1531 1521
1 2 387 754 1623
1 2 1532 1533 1524
1 2 1534 1535 1527
1 2 386 756 1624
2 2 1626 759 1450
2 2 757 389 758
2 2 1537 1538 1536
1 2 1306 1307 2324
1 2 760 391 761
1 2 393 762 1341
1 2 394 763 765
1 2 2325 1309 2279
1 2 395 765 1342
1 2 1352 764 1310
1 2 766 402 767
1 2 764 767 395
1 2 404 768 769
1 2 762 768 1351
1 2 769 762 393
1 2 2157 2158 2138
1 2 2159 2160 2136
1 2 343 771 2305
1 2 20 772 774
1 2 772 140 773
1 2 774 773 348
2 2 46 708 776
2 2 775 708 2133
2 2 776 775 333
2 2 1540 1541 1539
2 2 777 487 778
2 2 1313 1314 1312
1 2 1542 1543 1541
1 2 1315 1316 1314
1 2 489 781 1346
1 2 1747 1748 1688
1 2 2162 2163 2161
1 2 688 50 1434
1 2 707 783 1708
2 2 784 55 1960
1 2 785 89 1690
1 2 745 40 859
2 2 727 178 1065
2 2 786 45 1240
1 2 730 175 1611
2 2 1317 1318 1215
1 2 690 204 1415
1 2 787 204 692
2 2 693 206 1974
2 2 788 206 695
2 2 789 340 697
2 2 698 790 1393
2 2 699 177 1728
2 2 791 191 703
2 2 792 203 704
2 2 735 194 1837
1 2 1544 1545 1371
1 2 754 793 1642
1 2 2301 712 2139
2 2 790 43 1406
2 2 341 339 789
1 2 35 636 714
1 2 715 292 1087
2 2 1325 719 2148
1 2 794 342 1662
1 2 718 795 1886
1 2 724 151 1628
2 2 1259 777 1539
1 2 796 490 1261
2 2 723 162 2295
2 2 1334 721 2294
2 2 722 166 2320
1 2 797 342 1659
1 2 798 151 726
1 2 38 599 731
2 2 192 791 737
2 2 732 57 2073
2 2 799 24 1066
2 2 748 750 1522
2 2 381 750 748
1 2 800 387 753
1 2 386 800 756
2 2 928 757 1626
1 2 801 393 761
1 2 396 394 802
1 2 803 395 767
1 2 405 404 804
2 2 751 739 1511
2 2 268 534 740
1 2 1137 742 2282
1 2 743 805 1641
2 2 382 739 751
1 2 294 296 746
1 2 2165 2156 2164
2 2 332 46 806
1 2 797 20 774
1 2 771 794 2323
1 2 343 794 771
1 2 348 797 774
2 2 921 747 1516
1 2 272 386 805
1 2 807 406 1625
1 2 808 432 1681
1 2 772 20 1669
2 2 487 627 778
1 2 1347 780 1315
1 2 2166 2167 1918
1 2 2167 770 2159
1 2 1022 783 1357
1 2 707 69 1358
2 2 784 193 1966
2 2 193 784 736
1 2 785 140 1609
1 2 140 785 773
1 2 88 351 798
1 2 1855 795 1710
2 2 1546 1547 1386
2 2 775 70 1547
2 2 806 333 1239
1 2 183 787 692
2 2 196 788 695
2 2 86 789 697
2 2 340 790 698
2 2 791 192 2297
2 2 56 791 703
2 2 704 191 1977
1 2 419 384 793
1 2 387 793 754
1 2 2323 717 2145
1 2 718 349 1711
1 2 489 156 796
1 2 489 796 781
1 2 20 797 725
1 2 344 798 726
2 2 203 799 738
1 2 386 218 800
1 2 1612 753 1530
1 2 392 225 801
1 2 391 801 761
1 2 395 227 802
1 2 395 802 765
1 2 403 227 803
1 2 402 803 767
1 2 393 225 804
1 2 393 804 769
1 2 526 805 743
2 2 333 806 776
1 2 1641 755 1534
1 2 1451 1538 1548
1 2 1643 807 1548
2 2 249 809 811
2 2 809 250 810
2 2 811 810 248
1 2 104 812 814
1 2 812 105 813
1 2 814 813 361
1 2 75 815 817
1 2 815 76 816
1 2 130 817 2326
2 2 254 818 820
2 2 818 255 819
2 2 820 819 248
1 2 75 821 815
1 2 821 19 822
1 2 815 822 76
1 2 21 823 825
1 2 823 78 824
1 2 825 824 79
1 2 50 826 828
1 2 826 79 827
1 2 2169 2170 2168
1 2 297 829 831
1 2 829 309 830
1 2 831 830 308
2 2 62 832 834
2 2 832 92 833
2 2 834 833 285
2 2 261 835 837
2 2 835 256 836
2 2 837 836 251
2 2 92 832 839
2 2 832 62 838
2 2 839 838 302
1 2 33 840 842
1 2 840 103 841
1 2 2328 415 2177
1 2 105 812 844
1 2 812 104 843
1 2 844 843 364
1 2 28 845 847
1 2 845 106 846
1 2 847 846 416
1 2 436 848 850
1 2 848 96 849
1 2 850 849 422
1 2 236 851 853
1 2 851 99 852
1 2 853 852 468
1 2 106 845 855
1 2 845 28 854
1 2 855 854 414
1 2 103 840 857
1 2 840 33 856
1 2 857 856 174
1 2 79 824 827
1 2 824 78 858
1 2 2327 131 2169
1 2 76 859 816
1 2 859 40 860
1 2 1910 2172 2171
1 2 145 861 863
1 2 861 26 862
1 2 863 862 146
1 2 150 864 866
1 2 864 26 865
1 2 866 865 484
1 2 26 864 868
1 2 864 150 867
1 2 868 867 159
2 2 143 869 871
2 2 869 163 870
2 2 871 870 254
1 2 30 872 874
1 2 872 169 873
1 2 874 873 159
1 2 169 872 876
1 2 872 30 875
1 2 876 875 414
2 2 284 877 879
2 2 877 168 878
2 2 879 878 249
1 2 99 851 881
1 2 851 236 880
1 2 881 880 211
2 2 58 882 883
2 2 882 248 810
2 2 883 810 250
2 2 248 884 811
2 2 884 59 885
2 2 811 885 249
2 2 250 809 886
2 2 809 249 878
2 2 886 878 168
2 2 94 887 889
2 2 887 251 888
2 2 889 888 253
2 2 59 884 890
2 2 884 248 819
2 2 890 819 255
2 2 248 882 820
2 2 882 58 891
2 2 820 891 254
2 2 255 818 892
2 2 818 254 870
2 2 892 870 163
2 2 253 893 889
2 2 893 260 894
2 2 889 894 94
2 2 90 895 896
2 2 836 895 1995
2 2 896 836 256
2 2 251 887 837
2 2 887 94 897
2 2 837 897 261
2 2 434 898 900
2 2 1750 1751 1749
2 2 1644 409 1574
2 2 1550 1551 1549
2 2 1553 1554 1552
2 2 527 903 1617
2 2 168 904 886
2 2 904 161 905
2 2 886 905 250
2 2 287 906 907
2 2 906 59 890
2 2 907 890 255
2 2 163 908 892
2 2 908 287 907
2 2 892 907 255
1 2 87 909 911
1 2 909 297 910
1 2 911 910 299
1 2 48 912 913
1 2 912 308 830
1 2 913 830 309
1 2 308 914 831
1 2 914 49 915
1 2 831 915 297
1 2 309 829 916
1 2 829 297 909
1 2 916 909 87
2 2 1753 1754 1752
2 2 917 378 918
2 2 1756 1757 1755
2 2 1556 1557 1555
2 2 920 379 921
2 2 1559 1560 1558
1 2 1758 1759 1754
1 2 1760 1761 1757
1 2 385 924 1849
1 2 926 380 1557
1 2 1561 1562 1560
1 2 384 926 1622
2 2 1763 1764 1762
2 2 927 388 928
2 2 1766 1767 1765
2 2 1769 1770 1768
2 2 1772 1773 1771
2 2 399 932 1850
2 2 1775 1776 1774
2 2 1778 1779 1777
2 2 398 935 1851
1 2 1780 1781 1777
1 2 1782 1783 1774
1 2 401 937 1852
1 2 1784 1785 1771
1 2 1786 1787 1768
1 2 400 939 1853
1 2 1789 1767 1788
1 2 940 407 941
1 2 1791 1764 1790
1 2 408 942 944
1 2 1564 1565 1563
1 2 1567 1568 1566
1 2 410 945 946
1 2 899 945 1646
1 2 1750 1793 1792
1 2 433 947 948
1 2 1563 1570 1569
1 2 408 948 1631
2 2 1572 1564 1571
2 2 949 434 900
2 2 1574 1567 1573
2 2 1795 1796 1794
2 2 1576 1577 1575
2 2 496 952 1634
1 2 1578 1579 1575
1 2 1797 1798 1794
1 2 499 954 1635
2 2 1800 1801 1799
2 2 1803 1804 1802
2 2 504 957 1860
1 2 1805 1806 1802
1 2 1807 1808 1799
1 2 507 959 1861
2 2 1810 1811 1809
2 2 960 517 961
2 2 1813 1814 1812
1 2 1815 1816 1811
1 2 1817 1818 1814
1 2 519 964 1862
1 2 96 848 966
1 2 848 436 965
1 2 966 965 452
1 2 26 861 968
1 2 861 145 967
1 2 968 967 478
1 2 1580 1581 1552
1 2 1582 1583 1549
1 2 525 970 1636
2 2 971 253 888
1 2 146 658 863
1 2 169 674 873
1 2 105 362 813
1 2 814 361 1706
1 2 817 130 1037
1 2 858 78 1031
2 2 143 524 869
1 2 1882 972 1919
1 2 860 40 2289
1 2 973 21 825
1 2 50 687 826
1 2 2173 2170 1936
1 2 2174 2175 1885
1 2 972 19 1247
2 2 833 92 1252
2 2 285 337 834
2 2 893 253 1425
2 2 261 16 835
2 2 62 303 838
2 2 974 92 839
1 2 103 359 841
1 2 2176 2177 2035
1 2 104 365 843
1 2 975 105 844
1 2 106 365 846
1 2 416 682 847
1 2 849 96 2043
1 2 976 436 850
1 2 99 444 852
1 2 977 236 853
1 2 28 656 854
1 2 414 327 855
1 2 33 535 856
1 2 174 675 857
2 2 932 978 1870
1 2 959 979 1871
1 2 859 76 1884
1 2 26 674 862
1 2 26 480 865
1 2 866 980 1703
1 2 1830 981 1653
1 2 150 664 867
1 2 159 674 868
1 2 159 664 874
2 2 982 143 871
2 2 168 668 904
2 2 163 491 908
1 2 875 30 2013
1 2 414 656 876
2 2 284 559 877
2 2 983 284 879
2 2 984 58 883
2 2 161 984 905
2 2 985 497 1490
1 2 986 499 953
1 2 211 661 881
2 2 918 920 1555
2 2 378 920 918
1 2 987 385 923
1 2 384 987 926
2 2 988 505 1124
2 2 989 399 931
2 2 398 989 935
1 2 990 401 936
1 2 400 990 939
1 2 991 507 958
1 2 236 681 880
1 2 1625 940 1788
2 2 59 983 885
2 2 895 90 1337
2 2 58 982 891
2 2 256 258 896
1 2 410 408 945
1 2 1646 944 1568
1 2 267 525 992
2 2 898 993 1867
2 2 1142 902 1553
2 2 903 994 1645
2 2 1144 960 1809
1 2 995 520 1146
2 2 982 58 1050
1 2 937 992 1648
1 2 297 684 910
1 2 299 672 911
1 2 49 298 915
1 2 996 188 1333
1 2 308 522 914
2 2 961 917 1752
2 2 379 747 921
1 2 924 997 1868
1 2 1642 925 1561
2 2 1270 927 1762
2 2 388 757 928
2 2 276 398 994
1 2 428 400 979
1 2 407 652 941
1 2 1298 946 1793
1 2 1704 1820 1819
2 2 517 917 961
1 2 430 519 997
1 2 998 433 948
2 2 273 624 993
1 2 999 3 1717
2 2 435 434 1000
1 2 452 454 966
1 2 478 480 968
2 2 1638 951 1576
1 2 499 685 954
2 2 427 504 978
1 2 1868 963 1817
1 2 525 510 970
2 2 2283 971 1880
2 2 888 251 1881
1 2 996 48 1110
1 2 1654 1822 1821
1 2 19 972 822
1 2 79 973 825
2 2 95 420 974
2 2 302 974 839
1 2 364 975 844
1 2 422 976 850
1 2 468 977 853
2 2 399 978 932
1 2 507 979 959
1 2 484 980 866
1 2 967 145 1822
2 2 254 982 871
2 2 249 983 879
2 2 984 161 1948
2 2 250 984 883
2 2 496 187 985
2 2 496 985 952
1 2 498 197 986
1 2 1872 953 1797
1 2 384 219 987
1 2 1869 923 1760
2 2 504 231 988
2 2 504 988 957
2 2 398 230 989
2 2 1841 931 1772
1 2 400 233 990
1 2 1842 936 1782
1 2 506 232 991
1 2 1873 958 1807
1 2 1648 969 1582
2 2 434 993 898
2 2 527 994 903
1 2 277 433 1001
1 2 519 282 995
1 2 519 995 964
1 2 401 992 937
1 2 48 996 912
1 2 385 997 924
2 2 1645 934 1778
1 2 1871 938 1786
1 2 408 998 948
1 2 436 999 965
2 2 1647 949 1571
2 2 1870 956 1803
1 2 278 277 1002
1 2 262 1001 998
1 2 262 111 1002
1 2 262 1002 1001
2 2 142 1003 1005
2 2 1003 143 1004
2 2 1005 1004 521
2 2 323 1006 1008
2 2 1006 324 1007
2 2 1008 1007 322
2 2 202 1009 1011
2 2 1010 1009 1427
2 2 1011 1010 200
1 2 73 1012 1014
1 2 1012 74 1013
1 2 1014 1013 129
2 2 303 1015 1017
2 2 1015 304 1016
2 2 1017 1016 302
1 2 74 1012 1019
1 2 1012 73 1018
1 2 1019 1018 298
1 2 81 1020 1022
1 2 1020 37 1021
1 2 1022 1021 329
1 2 42 1023 1025
1 2 1023 108 1024
1 2 1025 1024 110
1 2 119 1026 1028
1 2 1026 75 1027
1 2 1028 1027 120
1 2 78 1029 1031
1 2 1029 121 1030
1 2 1031 1030 123
1 2 66 1032 1034
1 2 1032 123 1033
1 2 1034 1033 241
1 2 1037 130 2253
1 2 1035 77 1036
1 2 1037 1036 120
1 2 132 1038 1040
1 2 1038 64 1039
1 2 1040 1039 246
1 2 66 1041 1032
1 2 1042 1041 1937
1 2 1032 1042 123
1 2 244 1043 1045
1 2 1043 117 1044
1 2 1874 243 1827
2 2 143 1003 1047
2 2 1003 142 1046
2 2 1047 1046 605
2 2 58 1048 1050
2 2 1048 144 1049
2 2 1050 1049 521
2 2 55 1051 1053
2 2 1051 164 1052
2 2 1053 1052 524
2 2 167 1054 1056
2 2 1054 166 1055
2 2 1056 1055 323
2 2 528 1057 1059
2 2 1057 142 1058
2 2 1059 1058 481
2 2 164 1051 1061
2 2 1051 55 1060
2 2 1061 1060 523
1 2 37 1020 1063
1 2 1020 81 1062
1 2 1063 1062 171
2 2 24 1064 1066
2 2 1064 176 1065
2 2 1066 1065 178
2 2 195 1067 1069
2 2 1067 54 1068
2 2 1069 1068 196
2 2 176 1064 1071
2 2 1064 24 1070
2 2 1071 1070 331
2 2 202 1072 1074
2 2 1072 17 1073
2 2 1074 1073 259
2 2 213 1075 1077
2 2 1075 212 1076
2 2 1077 1076 303
1 2 120 1036 1079
1 2 1036 77 1078
1 2 1079 1078 240
2 2 534 1080 1082
2 2 2179 2180 2178
2 2 2182 2183 2181
1 2 84 1083 1085
1 2 1083 133 1084
1 2 1085 1084 291
1 2 292 1086 1087
1 2 1086 84 1085
1 2 1087 1085 291
2 2 95 1088 1089
2 2 1088 302 1016
2 2 1089 1016 304
2 2 304 1015 1090
2 2 1015 303 1076
2 2 1090 1076 212
1 2 22 1091 1093
1 2 1091 305 1092
1 2 1093 1092 307
1 2 305 1094 1096
1 2 1094 41 1095
1 2 1096 1095 306
1 2 41 1094 1098
1 2 1094 305 1097
1 2 1098 1097 311
1 2 305 1091 1100
1 2 1091 22 1099
1 2 1100 1099 310
2 2 212 1101 1090
2 2 1101 319 1102
2 2 1090 1102 304
2 2 62 1103 1104
2 2 1103 322 1007
2 2 1104 1007 324
2 2 322 1105 1008
2 2 1105 63 1106
2 2 1008 1106 323
2 2 324 1006 1107
2 2 1006 323 1055
2 2 1107 1055 166
1 2 48 1108 1110
1 2 1108 334 1109
1 2 1110 1109 336
2 2 63 1105 1112
2 2 1105 322 1111
2 2 1112 1111 338
2 2 166 1113 1107
2 2 1113 213 1114
2 2 1107 1114 324
2 2 54 1067 1116
2 2 1067 195 1115
2 2 1116 1115 339
2 2 91 1117 1119
2 2 1117 288 1118
2 2 1119 1118 338
2 2 199 1120 1122
2 2 1120 201 1121
2 2 1122 1121 421
2 2 2185 2186 2184
2 2 2188 2189 2187
2 2 505 1125 2309
1 2 2190 2191 2187
1 2 2192 2193 2184
1 2 506 1127 2310
1 2 508 1128 1130
1 2 2195 2196 2194
1 2 2198 2199 2197
1 2 510 1131 1133
1 2 2201 2202 2200
1 2 2204 2205 2203
1 2 2207 2179 2206
1 2 1134 511 1135
1 2 2209 2182 2208
1 2 2211 2212 2210
1 2 1136 512 1137
1 2 2214 2215 2213
2 2 2217 2195 2216
2 2 1139 514 1140
2 2 2219 2198 2218
2 2 2221 2201 2220
2 2 1141 515 1142
2 2 2223 2204 2222
2 2 2225 2226 2224
2 2 1143 516 1144
2 2 1824 1825 1823
1 2 2227 2228 2226
1 2 1146 1145 1825
1 2 520 1147 2311
2 2 2230 2215 2229
2 2 1148 534 1082
2 2 2183 2212 2231
2 2 2233 2234 2232
2 2 1149 628 1150
2 2 2236 2237 2235
1 2 2238 2239 2234
1 2 2240 2241 2237
1 2 630 1153 2314
2 2 2243 2244 2242
2 2 2246 2247 2245
2 2 641 1156 2316
1 2 2248 2249 2245
1 2 2250 2251 2242
1 2 644 1158 2317
1 2 84 1086 1160
1 2 1086 292 1159
1 2 1160 1159 633
2 2 142 1057 1162
2 2 1057 528 1161
2 2 1162 1161 562
1 2 117 1043 1164
1 2 1043 244 1163
1 2 1164 1163 575
2 2 201 1120 1166
2 2 1120 199 1165
2 2 1166 1165 671
2 2 143 982 1004
2 2 521 482 1005
2 2 1009 202 1074
2 2 93 671 1010
2 2 200 680 1011
2 2 195 500 1115
1 2 81 197 1062
1 2 1109 1167 2017
1 2 74 239 1013
1 2 129 118 1014
1 2 293 633 1168
1 2 131 858 1042
2 2 213 669 1075
2 2 1169 338 1111
2 2 167 587 1054
2 2 196 735 1069
2 2 302 838 1017
1 2 73 684 1018
1 2 1170 74 1019
1 2 1028 120 1079
1 2 240 1028 1079
1 2 1171 329 1021
1 2 1022 329 1709
1 2 1172 307 1092
1 2 306 1172 1096
1 2 1084 133 1429
1 2 1170 49 1470
2 2 1117 91 1232
2 2 1165 199 2104
1 2 1024 108 1374
1 2 110 577 1025
1 2 75 817 1027
1 2 1632 1173 1463
1 2 1030 121 1831
1 2 123 858 1031
1 2 123 1030 1033
1 2 1174 66 1034
1 2 2252 2253 1909
1 2 120 817 1037
1 2 1039 64 2076
1 2 1040 246 1421
1 2 1041 66 1637
1 2 117 438 1044
1 2 1826 1827 1679
1 2 1175 311 1097
1 2 310 1175 1100
2 2 142 564 1046
2 2 1176 143 1047
2 2 58 667 1048
2 2 144 482 1049
2 2 521 982 1050
1 2 1147 1177 2332
2 2 164 492 1052
2 2 1176 55 1053
2 2 1178 167 1056
2 2 142 482 1058
2 2 1179 528 1059
2 2 166 721 1113
2 2 55 784 1060
2 2 1061 523 2074
1 2 171 450 1063
2 2 176 727 1065
2 2 178 799 1066
2 2 54 788 1068
2 2 201 356 1121
2 2 1166 1180 1979
2 2 24 332 1070
2 2 331 448 1071
2 2 17 260 1073
2 2 1074 259 1428
2 2 1181 213 1077
1 2 506 991 1127
2 2 212 617 1101
2 2 1181 62 1104
2 2 324 1181 1104
2 2 213 1181 1114
1 2 1584 1585 1383
1 2 1182 134 1735
1 2 510 508 1131
1 2 2200 1130 2199
2 2 1080 1183 2329
1 2 1135 1136 2210
1 2 511 1136 1135
2 2 1140 1141 2220
2 2 514 1141 1140
2 2 1279 1149 2232
1 2 1184 631 1281
2 2 1185 63 1112
2 2 288 1185 1118
1 2 291 715 1087
2 2 95 974 1088
2 2 1186 95 1089
1 2 1187 22 1093
1 2 1188 301 1379
1 2 1189 41 1098
1 2 1190 317 2284
2 2 1191 642 1287
1 2 1192 644 1157
2 2 319 1186 1102
2 2 62 337 1103
2 2 63 1178 1106
1 2 336 996 1110
2 2 337 91 1169
2 2 339 341 1116
2 2 1840 1124 2188
2 2 1125 1193 2330
1 2 533 506 1194
1 2 508 683 1128
1 2 1581 1133 2205
1 2 1348 1134 2206
1 2 512 742 1137
2 2 1276 1139 2216
2 2 515 902 1142
2 2 1150 1143 2224
2 2 516 960 1144
1 2 1146 518 1843
2 2 1195 14 2083
2 2 628 1143 1150
2 2 532 641 1193
1 2 1158 1194 2331
1 2 644 1194 1158
2 2 269 619 1183
2 2 1304 1148 2229
2 2 562 564 1162
1 2 574 117 1196
1 2 530 630 1177
1 2 1197 84 1160
2 2 2330 1155 2246
1 2 1171 330 1745
1 2 2018 1898 2129
1 2 1109 334 1899
1 2 292 636 1168
1 2 292 1168 1159
2 2 322 1169 1111
1 2 298 1170 1019
1 2 37 1171 1021
1 2 1172 306 1378
1 2 305 1172 1092
1 2 1196 575 1734
1 2 1173 77 1397
1 2 77 1173 1078
1 2 241 1174 1034
1 2 1175 310 2112
1 2 305 1175 1097
2 2 605 1176 1047
1 2 520 1177 1147
2 2 524 1176 1053
2 2 323 1178 1056
2 2 481 1179 1059
2 2 1180 93 2283
2 2 671 1180 1166
2 2 303 1181 1077
1 2 244 1182 1163
2 2 534 1183 1080
1 2 630 283 1184
1 2 630 1184 1153
2 2 338 1185 1112
1 2 2254 2255 2000
1 2 1199 301 1188
2 2 304 1186 1089
1 2 307 1187 1093
1 2 41 1188 1095
1 2 311 1189 1098
1 2 22 1190 1099
2 2 641 313 1191
2 2 641 1191 1156
1 2 643 316 1192
1 2 2303 1157 2250
2 2 338 1169 1119
2 2 505 1193 1125
1 2 2331 1126 2192
2 2 528 1195 1161
1 2 575 1196 1164
1 2 2332 1152 2240
1 2 633 1197 1160
1 2 296 294 1198
1 2 2164 1199 2001
1 2 296 1198 1189
1 2 1188 41 2002
2 2 160 1200 1202
2 2 1200 165 1201
2 2 1202 1201 493
1 2 346 1203 1205
1 2 1203 347 1204
1 2 1205 1204 345
2 2 124 1206 1208
2 2 1206 135 1207
2 2 1208 1207 719
1 2 351 1209 1211
1 2 1209 352 1210
1 2 1211 1210 350
2 2 354 1212 1214
2 2 1212 355 1213
2 2 1214 1213 353
2 2 114 1215 1217
2 2 1215 71 1216
2 2 2333 115 2281
1 2 111 1218 1220
1 2 1218 67 1219
1 2 1220 1219 290
2 2 165 1200 1222
2 2 1200 160 1221
2 2 1222 1221 585
2 2 60 1223 1225
2 2 1223 214 1224
2 2 1225 1224 669
2 2 214 1223 1227
2 2 1223 60 1226
2 2 1227 1226 668
2 2 256 1228 1230
2 2 1228 16 1229
2 2 1230 1229 257
2 2 258 1231 1233
2 2 1231 257 1232
2 2 1233 1232 91
2 2 135 1206 1235
2 2 1206 124 1234
2 2 289 1235 2291
2 2 91 1236 1233
2 2 1236 285 1237
2 2 1233 1237 258
2 2 45 1238 1240
2 2 1238 331 1239
2 2 1240 1239 333
2 2 339 1241 1243
2 2 1241 43 1242
2 2 1243 1242 340
1 2 345 1244 1205
1 2 1244 21 1245
1 2 1205 1245 346
1 2 19 1246 1247
1 2 1246 350 1210
1 2 1247 1210 352
2 2 7 1248 1249
2 2 1248 353 1213
2 2 1249 1213 355
2 2 353 1250 1214
2 2 1250 90 1251
2 2 1214 1251 354
2 2 355 1212 1253
2 2 1212 354 1252
2 2 1253 1252 92
2 2 90 1250 1255
2 2 1250 353 1254
2 2 1255 1254 357
2 2 92 1256 1253
2 2 1256 420 1257
2 2 1253 1257 355
2 2 25 1258 1260
2 2 1258 486 1259
2 2 2257 2258 2256
1 2 25 1260 1262
1 2 2259 2260 2258
1 2 490 1262 2308
1 2 188 1263 1265
1 2 1263 189 1264
1 2 1265 1264 522
2 2 116 1266 1268
2 2 1266 619 1267
2 2 1268 1267 621
2 2 621 1269 1271
2 2 1269 620 1270
2 2 1271 1270 222
2 2 263 1272 1274
2 2 1272 624 1273
2 2 1274 1273 626
2 2 626 1275 1277
2 2 1275 625 1276
2 2 1277 1276 112
2 2 154 1278 1280
2 2 1278 627 1279
2 2 2262 2263 2261
1 2 154 1280 1282
1 2 1281 1280 2263
1 2 1282 1281 631
2 2 637 1283 1285
2 2 1283 312 1284
2 2 1285 1284 638
2 2 312 1286 1288
2 2 2265 2266 2264
2 2 642 1288 2315
1 2 2267 2268 2264
1 2 1286 312 1289
1 2 643 1290 2318
1 2 312 1283 1292
1 2 1283 637 1291
1 2 1292 1291 646
1 2 116 1268 1294
1 2 1268 621 1293
1 2 1294 1293 653
1 2 621 1271 1296
1 2 1271 222 1295
1 2 1296 1295 652
1 2 263 1274 1298
1 2 1274 626 1297
1 2 1298 1297 655
1 2 626 1277 1300
1 2 1277 112 1299
1 2 1300 1299 654
1 2 189 1263 1302
1 2 1263 188 1301
1 2 1302 1301 677
2 2 2270 2151 2269
2 2 1303 740 1304
2 2 2272 2273 2271
1 2 2275 2276 2274
1 2 1306 760 1307
1 2 762 1308 2324
1 2 763 1309 1311
1 2 2278 2279 2277
1 2 764 1311 2325
2 2 779 1312 1314
2 2 1312 778 1313
2 2 1314 1313 154
1 2 779 1314 1316
1 2 1314 154 1315
1 2 1316 1315 780
2 2 71 1215 1318
2 2 1215 114 1317
2 2 1318 1317 710
2 2 90 258 1319
2 2 1320 70 2135
1 2 1321 184 2313
2 2 165 494 1201
2 2 1322 160 1202
2 2 2280 2281 1981
2 2 340 789 1243
1 2 1203 346 1855
1 2 1323 345 1204
2 2 1324 719 1207
2 2 1325 124 1208
1 2 351 88 1209
1 2 1326 1 1452
2 2 258 256 1231
2 2 257 1231 1230
2 2 1327 357 1254
2 2 92 974 1256
1 2 1218 111 1682
2 2 85 125 1325
2 2 720 696 1324
1 2 291 290 1328
1 2 1220 290 1431
2 2 1234 124 2292
2 2 160 557 1221
2 2 1329 165 1222
2 2 1330 312 1288
1 2 189 458 1264
1 2 1331 189 1302
1 2 1332 312 1292
1 2 1333 188 1265
2 2 214 618 1224
2 2 1334 60 1225
2 2 1269 621 1267
2 2 619 1269 1267
2 2 161 668 1335
2 2 668 561 1227
2 2 256 835 1228
2 2 288 257 1336
2 2 257 1117 1232
2 2 1512 1303 2269
2 2 1275 626 1273
2 2 624 1275 1273
2 2 1337 90 1255
2 2 91 337 1236
1 2 67 715 1328
2 2 1338 639 1502
1 2 643 1192 1290
1 2 1339 646 1291
2 2 45 448 1238
2 2 331 806 1239
2 2 333 786 1240
2 2 339 500 1241
2 2 43 790 1242
1 2 21 973 1245
1 2 1247 352 1920
2 2 7 356 1248
2 2 1340 7 1249
2 2 285 354 1319
2 2 354 833 1252
1 2 1341 762 1307
1 2 765 763 1342
2 2 420 1340 1257
1 2 1343 653 1293
1 2 652 1343 1296
1 2 1344 655 1297
1 2 654 1344 1300
2 2 1258 25 1633
2 2 486 777 1259
2 2 1312 779 1540
1 2 1608 1261 2259
1 2 1345 25 1262
1 2 1346 781 1542
2 2 144 667 1322
1 2 529 498 1345
2 2 1266 116 2329
2 2 620 927 1270
2 2 1272 263 1867
2 2 625 1139 1276
2 2 1278 154 1313
2 2 627 1149 1279
1 2 1281 629 2300
1 2 1347 154 1282
2 2 678 638 1330
2 2 2302 1287 2265
1 2 679 643 1332
1 2 1348 116 1294
1 2 1295 222 1791
1 2 655 946 1298
1 2 683 654 1349
1 2 663 780 1347
2 2 1335 60 1951
2 2 778 1278 1313
1 2 686 1134 1348
2 2 213 721 1334
1 2 1349 112 2194
2 2 709 71 1350
2 2 740 1148 1304
1 2 2152 2273 2282
1 2 1308 1351 2334
1 2 766 764 1352
1 2 154 1347 1315
2 2 285 1319 1237
2 2 114 216 1320
2 2 114 1320 1317
1 2 1321 188 2126
1 2 188 1321 1301
2 2 493 1322 1202
2 2 1350 710 2134
1 2 347 1323 1204
2 2 135 1324 1207
2 2 719 1325 1208
1 2 350 1326 1211
2 2 356 201 1327
2 2 353 1327 1254
1 2 67 1328 1219
2 2 585 1329 1222
2 2 642 1330 1288
1 2 1331 27 1845
1 2 677 1331 1302
1 2 646 1332 1292
1 2 308 996 1333
1 2 522 1333 1265
2 2 669 1334 1225
2 2 60 1335 1226
2 2 16 1336 1229
2 2 1337 252 1996
2 2 357 1337 1255
2 2 638 314 1338
2 2 638 1338 1285
1 2 645 315 1339
1 2 637 1339 1291
2 2 355 1340 1249
2 2 90 1319 1251
1 2 761 393 1341
1 2 760 1341 1307
1 2 764 395 1342
1 2 764 1342 1311
1 2 652 424 1343
1 2 621 1343 1293
1 2 654 423 1344
1 2 626 1344 1297
1 2 490 1345 1262
1 2 780 489 1346
1 2 780 1346 1316
1 2 631 1347 1282
2 2 312 1330 1284
1 2 312 1332 1289
1 2 653 1348 1294
1 2 112 1349 1299
2 2 710 1350 1318
1 2 762 1351 1308
1 2 2335 1310 2278
1 2 411 1353 1355
1 2 1353 139 1354
1 2 1355 1354 370
1 2 69 1356 1358
1 2 1356 81 1357
1 2 1358 1357 783
1 2 296 1359 1361
1 2 1359 136 1360
1 2 1361 1360 670
2 2 138 1362 1364
2 2 1362 43 1363
2 2 1364 1363 457
1 2 450 1365 1367
1 2 1365 451 1366
1 2 1367 1366 449
1 2 416 1368 1370
1 2 1368 104 1369
1 2 1370 1369 476
1 2 126 1371 1373
1 2 1371 67 1372
1 2 1373 1372 113
1 2 439 1374 1376
1 2 1374 108 1375
1 2 1376 1375 437
1 2 301 1377 1379
1 2 1377 65 1378
1 2 1379 1378 306
2 2 152 1380 1382
2 2 1380 44 1381
2 2 1382 1381 460
1 2 237 1383 1385
1 2 1383 122 1384
1 2 1385 1384 235
2 2 153 1386 1388
2 2 1386 70 1387
2 2 1388 1387 215
1 2 74 1389 1391
1 2 1389 83 1390
1 2 1391 1390 155
2 2 137 1392 1394
2 2 1392 85 1393
2 2 1394 1393 790
1 2 77 1395 1397
1 2 1395 110 1396
1 2 1397 1396 439
1 2 110 1395 1399
1 2 1395 77 1398
1 2 1399 1398 572
2 2 85 1392 1401
2 2 1392 137 1400
2 2 1401 1400 128
2 2 138 1402 1404
2 2 1402 44 1403
2 2 1404 1403 205
2 2 43 1362 1406
2 2 1362 138 1405
2 2 1406 1405 137
2 2 152 1407 1409
2 2 1407 45 1408
2 2 1409 1408 153
1 2 175 1410 1412
1 2 1410 33 1411
1 2 1412 1411 502
1 2 204 1413 1415
1 2 1413 53 1414
1 2 1415 1414 181
1 2 81 1356 1417
1 2 1356 69 1416
1 2 1417 1416 198
2 2 44 1380 1403
2 2 1380 152 1418
2 2 1403 1418 205
1 2 246 1419 1421
1 2 1419 66 1420
1 2 1421 1420 237
1 2 132 1422 1423
1 2 1422 237 1385
1 2 1423 1385 235
2 2 93 1424 1426
2 2 1424 259 1425
2 2 1426 1425 253
2 2 259 1424 1428
2 2 1424 93 1427
2 2 1428 1427 1009
1 2 290 1429 1431
1 2 1429 133 1430
1 2 1431 1430 278
1 2 136 1359 1433
1 2 1359 296 1432
1 2 1433 1432 311
1 2 301 1434 1436
1 2 1434 50 1435
1 2 1436 1435 657
1 2 12 1437 1439
1 2 1437 358 1438
1 2 1439 1438 360
1 2 2 1440 1442
1 2 1440 364 1441
1 2 1442 1441 326
1 2 368 1443 1445
1 2 1443 10 1444
1 2 1445 1444 369
1 2 1 1446 1448
1 2 1446 371 1447
1 2 1448 1447 375
1 2 807 1449 1451
1 2 1449 390 1450
1 2 1451 1450 759
1 2 351 1452 1453
1 2 1452 1 1448
1 2 1453 1448 375
1 2 417 1454 1456
1 2 1454 101 1455
1 2 1456 1455 477
1 2 10 1457 1444
1 2 1457 347 1458
1 2 1444 1458 369
1 2 148 1459 1461
1 2 1459 413 1460
1 2 1461 1460 374
1 2 439 1462 1464
1 2 1462 109 1463
1 2 1464 1463 1173
1 2 109 1462 1465
1 2 1462 439 1376
1 2 1465 1376 437
1 2 100 1466 1468
1 2 1466 443 1467
1 2 1468 1467 445
1 2 49 1469 1470
1 2 1469 449 1366
1 2 1470 1366 451
1 2 451 1365 1472
1 2 1365 450 1471
1 2 1472 1471 83
2 2 43 1473 1363
2 2 1473 455 1474
2 2 1363 1474 457
1 2 37 1475 1477
1 2 1475 449 1476
1 2 1477 1476 459
2 2 446 1478 1480
2 2 1478 45 1479
2 2 1480 1479 460
1 2 34 1481 1483
1 2 1481 468 1482
1 2 1483 1482 469
1 2 102 1484 1486
1 2 1484 472 1485
1 2 1486 1485 473
1 2 104 1487 1369
1 2 1487 474 1488
1 2 1369 1488 476
2 2 25 1489 1491
2 2 1489 495 1490
2 2 1491 1490 497
1 2 495 1489 1493
1 2 1489 25 1492
1 2 1493 1492 498
2 2 44 1402 1494
2 2 1402 138 1364
2 2 1494 1364 457
1 2 83 1389 1472
1 2 1389 74 1495
1 2 1472 1495 451
2 2 45 1407 1479
2 2 1407 152 1382
2 2 1479 1382 460
1 2 102 1496 1497
1 2 1496 417 1456
1 2 1497 1456 477
2 2 5 1498 1500
2 2 1498 287 1499
2 2 1500 1499 491
2 2 185 1501 1503
2 2 1501 637 1502
2 2 1503 1502 639
1 2 637 1501 1505
1 2 1501 185 1504
1 2 1505 1504 645
1 2 66 1419 1507
1 2 1419 246 1506
1 2 1507 1506 568
1 2 65 1377 1508
1 2 1377 301 1436
1 2 1508 1436 657
1 2 40 1509 1510
1 2 1509 296 1361
1 2 1510 1361 670
2 2 72 1511 1513
2 2 1511 739 1512
2 2 1513 1512 741
1 2 72 1513 1515
1 2 1513 741 1514
1 2 1515 1514 743
2 2 217 1516 1518
2 2 1516 747 1517
2 2 1518 1517 749
2 2 749 1519 1521
2 2 1519 748 1520
2 2 1521 1520 383
2 2 383 1522 1524
2 2 1522 750 1523
2 2 1524 1523 752
2 2 752 1525 1527
2 2 1525 751 1526
2 2 1527 1526 72
1 2 217 1518 1529
1 2 1518 749 1528
1 2 1529 1528 754
1 2 749 1521 1531
1 2 1521 383 1530
1 2 1531 1530 753
1 2 383 1524 1533
1 2 1524 752 1532
1 2 1533 1532 756
1 2 752 1527 1535
1 2 1527 72 1534
1 2 1535 1534 755
2 2 759 1536 1538
2 2 1536 758 1537
2 2 1538 1537 13
2 2 488 1539 1541
2 2 1539 777 1540
2 2 1541 1540 779
1 2 488 1541 1543
1 2 1541 779 1542
1 2 1543 1542 781
1 2 67 1371 1545
1 2 1371 126 1544
1 2 1545 1544 706
2 2 70 1386 1547
2 2 1386 153 1546
2 2 1547 1546 786
1 2 13 1548 1538
1 2 1548 807 1451
1 2 1538 1451 759
2 2 68 1549 1551
2 2 1549 901 1550
2 2 1551 1550 903
2 2 901 1552 1554
2 2 1552 266 1553
2 2 1554 1553 902
2 2 380 1555 1557
2 2 1555 920 1556
2 2 1557 1556 922
2 2 922 1558 1560
2 2 1558 921 1559
2 2 1560 1559 217
1 2 922 1560 1562
1 2 1560 217 1561
1 2 1562 1561 925
1 2 942 1563 1565
1 2 1563 4 1564
1 2 1565 1564 943
1 2 944 1566 1568
1 2 1566 943 1567
1 2 1568 1567 409
1 2 947 1569 1570
1 2 1569 4 1563
1 2 1570 1563 942
2 2 4 1571 1564
2 2 1571 949 1572
2 2 1564 1572 943
2 2 943 1573 1567
2 2 1573 900 1574
2 2 1567 1574 409
2 2 950 1575 1577
2 2 1575 185 1576
2 2 1577 1576 951
1 2 185 1575 1579
1 2 1575 950 1578
1 2 1579 1578 954
1 2 266 1552 1581
1 2 1552 901 1580
1 2 1581 1580 970
1 2 901 1549 1583
1 2 1549 68 1582
1 2 1583 1582 969
1 2 122 1383 1585
1 2 1383 237 1584
1 2 1585 1584 1174
1 2 1353 411 1701
1 2 368 370 1586
1 2 1587 411 1355
1 2 1588 445 1467
1 2 81 1022 1357
1 2 783 707 1358
1 2 1360 136 2091
1 2 148 485 1459
1 2 37 450 1475
1 2 1589 102 1486
1 2 416 365 1368
1 2 1590 416 1370
1 2 1496 102 2020
1 2 67 1218 1372
1 2 113 233 1373
1 2 439 1024 1374
1 2 242 437 1591
2 2 1592 457 1474
2 2 153 279 1409
1 2 1593 459 1476
1 2 65 1172 1378
1 2 306 1188 1379
2 2 1594 460 1381
2 2 456 446 1594
2 2 460 1594 1480
1 2 1384 122 1992
2 2 70 216 1387
2 2 215 280 1388
1 2 83 286 1390
1 2 155 239 1391
2 2 85 698 1393
2 2 1406 137 1394
1 2 69 238 1416
1 2 1595 83 1471
1 2 74 1170 1495
1 2 1596 469 1482
1 2 1597 100 1468
1 2 1598 360 1438
1 2 1599 473 1485
1 2 1600 326 1441
1 2 1601 476 1488
1 2 1602 34 1483
1 2 110 1024 1396
1 2 1397 439 1464
1 2 69 706 1603
1 2 1604 570 1916
1 2 1605 110 1399
2 2 137 245 1400
2 2 128 125 1401
2 2 138 186 1405
2 2 205 187 1404
1 2 370 368 1606
1 2 1607 375 1447
2 2 45 786 1408
1 2 1608 488 1543
1 2 140 369 1609
2 2 152 486 1418
2 2 153 1408 1546
2 2 287 908 1499
1 2 175 535 1410
1 2 53 659 1414
1 2 1610 464 1970
1 2 1611 175 1412
1 2 498 986 1493
1 2 198 321 1417
1 2 181 690 1415
1 2 1612 383 1533
1 2 1613 132 1423
1 2 66 1174 1420
1 2 237 1420 1584
1 2 237 1040 1421
1 2 132 1040 1422
1 2 1614 122 1585
1 2 1615 247 2087
2 2 253 971 1426
2 2 259 893 1425
1 2 1616 743 1514
2 2 1617 903 1550
2 2 902 1617 1554
1 2 277 278 1618
2 2 93 1010 1427
2 2 1009 1074 1428
1 2 290 1084 1429
1 2 278 1220 1431
1 2 40 746 1509
1 2 311 1175 1433
1 2 645 1339 1505
1 2 296 1189 1432
1 2 301 688 1434
1 2 50 569 1435
1 2 1619 2 1442
1 2 10 1323 1457
1 2 12 366 1437
1 2 1620 12 1439
1 2 2 975 1440
1 2 139 376 1586
1 2 368 377 1443
1 2 1 372 1446
1 2 1621 148 1461
2 2 1558 922 1556
2 2 920 1558 1556
2 2 1519 749 1517
2 2 747 1519 1517
2 2 1525 752 1523
2 2 750 1525 1523
1 2 926 922 1622
1 2 1623 754 1528
1 2 753 1623 1531
1 2 1624 756 1532
1 2 755 1624 1535
2 2 759 757 1536
1 2 1625 390 1449
2 2 757 759 1626
1 2 944 942 1566
1 2 943 1566 1565
1 2 351 1326 1452
1 2 1627 351 1453
1 2 151 374 1628
1 2 417 469 1454
1 2 1629 477 1455
1 2 1630 37 1477
1 2 948 947 1631
1 2 140 772 1587
1 2 100 682 1590
2 2 1573 943 1572
2 2 949 1573 1572
1 2 437 431 1465
1 2 240 1173 1632
1 2 1173 1397 1464
1 2 100 470 1466
2 2 446 448 1478
1 2 49 458 1469
1 2 451 1170 1470
2 2 43 500 1473
2 2 456 44 1592
1 2 1610 33 2312
1 2 34 977 1481
1 2 1484 102 1497
1 2 104 475 1487
1 2 477 1484 1497
2 2 491 462 1500
2 2 1490 495 1836
2 2 1633 25 1491
2 2 1634 952 1795
1 2 1635 954 1578
1 2 25 1345 1492
1 2 182 730 1611
2 2 531 1258 1633
1 2 1636 970 1580
1 2 969 1636 1583
1 2 1637 66 1507
1 2 77 1035 1604
2 2 637 1338 1502
2 2 1638 185 1503
1 2 685 645 1639
2 2 662 951 1638
1 2 657 539 1508
1 2 1510 670 1944
1 2 1639 185 1579
1 2 954 1639 1579
1 2 1640 67 1545
2 2 1511 72 1526
2 2 739 1303 1512
1 2 1641 72 1515
2 2 1516 217 1559
2 2 1522 383 1520
2 2 751 1511 1526
1 2 1642 217 1529
1 2 800 753 1612
1 2 805 755 1641
2 2 1626 390 1766
2 2 1539 488 2257
2 2 777 1312 1540
1 2 779 1346 1542
1 2 793 925 1642
2 2 921 1516 1559
1 2 406 940 1625
2 2 786 775 1547
1 2 808 807 1643
2 2 899 409 1644
2 2 1645 68 1551
2 2 1553 266 2223
2 2 1555 380 1756
1 2 922 926 1557
1 2 217 1642 1561
1 2 945 944 1646
1 2 409 899 1646
2 2 1000 949 1647
2 2 185 1638 1576
1 2 970 1133 1581
1 2 992 969 1648
2 2 994 934 1645
1 2 1648 68 1781
1 2 139 1586 1354
1 2 370 1587 1355
1 2 444 99 1588
1 2 443 1588 1467
1 2 151 798 1627
1 2 449 1475 1367
1 2 415 359 1589
1 2 473 1589 1486
1 2 476 1590 1370
1 2 108 1591 1375
2 2 455 1592 1474
1 2 458 189 1593
1 2 449 1593 1476
2 2 44 1594 1381
2 2 790 1406 1394
1 2 171 156 1595
1 2 450 1595 1471
1 2 444 101 1596
1 2 468 1596 1482
1 2 210 682 1597
1 2 445 1597 1468
1 2 359 103 1598
1 2 358 1598 1438
1 2 1599 466 2051
1 2 472 1599 1485
1 2 365 106 1600
1 2 364 1600 1441
1 2 470 100 1601
1 2 474 1601 1488
1 2 1629 471 2063
1 2 1649 34 1602
1 2 469 1602 1483
1 2 126 238 1603
1 2 126 1603 1544
1 2 1605 127 2094
1 2 77 1604 1398
1 2 572 1605 1399
1 2 369 140 1606
1 2 369 1606 1445
1 2 374 151 1607
1 2 371 1607 1447
1 2 796 1261 1608
1 2 781 1608 1543
1 2 347 785 1609
1 2 347 1609 1458
1 2 1650 2 1619
1 2 33 1610 1411
1 2 502 1611 1412
1 2 756 1612 1533
1 2 235 1613 1423
1 2 1632 109 2038
1 2 241 228 1614
1 2 1174 1614 1585
1 2 246 540 1615
1 2 246 1615 1506
1 2 742 526 1616
1 2 741 1616 1514
2 2 900 898 1644
2 2 902 527 1617
2 2 901 1617 1550
1 2 133 1618 1430
1 2 326 1619 1442
1 2 330 1171 1630
1 2 1651 12 1620
1 2 360 1620 1439
1 2 371 373 1621
1 2 374 1621 1461
1 2 925 384 1622
1 2 925 1622 1562
1 2 753 387 1623
1 2 749 1623 1528
1 2 755 386 1624
1 2 752 1624 1532
1 2 807 1625 1449
2 2 390 1626 1450
1 2 375 1627 1453
1 2 413 724 1628
1 2 413 1628 1460
1 2 101 1629 1455
1 2 459 1630 1477
1 2 942 408 1631
1 2 942 1631 1570
1 2 109 1632 1463
2 2 457 1592 1494
2 2 497 1633 1491
2 2 951 496 1634
2 2 951 1634 1577
1 2 953 499 1635
1 2 950 1635 1578
1 2 969 525 1636
1 2 901 1636 1580
1 2 1637 567 1938
1 2 568 1637 1507
2 2 639 1638 1503
1 2 185 1639 1504
1 2 705 715 1640
1 2 706 1640 1545
1 2 743 1641 1515
2 2 748 1522 1520
1 2 754 1642 1529
1 2 383 1612 1530
1 2 72 1641 1534
1 2 13 1643 1548
2 2 900 1644 1574
2 2 903 1645 1551
1 2 409 1646 1568
2 2 4 1647 1571
1 2 68 1648 1582
1 2 417 1649 1602
1 2 325 1650 1619
1 2 335 1651 1620
1 2 418 1652 1654
1 2 1652 139 1653
1 2 1654 1653 981
1 2 117 1655 1657
1 2 1655 118 1656
1 2 1657 1656 271
1 2 343 1658 1660
1 2 1658 344 1659
1 2 1660 1659 342
1 2 348 1661 1663
1 2 1661 349 1662
1 2 1663 1662 342
1 2 422 1664 1666
1 2 1664 98 1665
1 2 1666 1665 363
1 2 20 1667 1669
1 2 1667 141 1668
1 2 1669 1668 411
2 2 194 1670 1672
2 2 1670 23 1671
2 2 1672 1671 501
1 2 223 1673 1675
1 2 1673 119 1674
1 2 1675 1674 224
1 2 121 1676 1678
1 2 1676 226 1677
1 2 1678 1677 228
1 2 432 1679 1681
1 2 1679 243 1680
1 2 1681 1680 406
1 2 113 1682 1684
1 2 1682 111 1683
1 2 1684 1683 265
1 2 649 1685 1687
1 2 1685 650 1686
1 2 1687 1686 573
1 2 344 1658 1689
1 2 1658 343 1688
1 2 1689 1688 88
1 2 349 1661 1691
1 2 1661 348 1690
1 2 1691 1690 89
1 2 98 1692 1665
1 2 1692 361 1693
1 2 1665 1693 363
1 2 373 1694 1696
1 2 1694 372 1695
1 2 1696 1695 149
1 2 377 1697 1699
1 2 1697 376 1698
1 2 1699 1698 157
1 2 411 1668 1701
1 2 1668 141 1700
1 2 1701 1700 479
1 2 412 1702 1704
1 2 1702 150 1703
1 2 1704 1703 980
1 2 361 1692 1706
1 2 1692 98 1705
1 2 1706 1705 475
1 2 329 1707 1709
1 2 1707 35 1708
1 2 1709 1708 783
1 2 349 1691 1711
1 2 1691 89 1710
1 2 1711 1710 795
1 2 141 1667 1713
1 2 1667 20 1712
1 2 1713 1712 413
2 2 446 1714 1716
2 2 1714 23 1715
2 2 1716 1715 447
1 2 452 1717 1719
1 2 1717 3 1718
1 2 1719 1718 453
1 2 480 1720 1721
1 2 1720 479 1700
1 2 1721 1700 141
1 2 485 1722 1723
1 2 1722 480 1721
1 2 1723 1721 141
2 2 23 1724 1671
2 2 1724 455 1725
2 2 1671 1725 501
1 2 98 1664 1727
1 2 1664 422 1726
1 2 1727 1726 441
2 2 23 1728 1715
2 2 1728 177 1729
2 2 1715 1729 447
1 2 141 1713 1723
1 2 1713 413 1730
1 2 1723 1730 485
1 2 3 1731 1718
1 2 1731 183 1732
1 2 1718 1732 453
1 2 134 1733 1735
1 2 1733 573 1734
1 2 1735 1734 575
1 2 573 1733 1687
1 2 1733 134 1736
1 2 1687 1736 649
1 2 651 1737 1739
1 2 1737 555 1738
1 2 1739 1738 328
1 2 35 1707 1741
1 2 1707 329 1740
1 2 1741 1740 554
2 2 6 1742 1744
2 2 1742 319 1743
2 2 1744 1743 617
1 2 328 1745 1739
1 2 1745 330 1746
1 2 1739 1746 651
1 2 88 1688 1748
1 2 1688 343 1747
1 2 1748 1747 782
2 2 898 1749 1751
2 2 1749 263 1750
2 2 1751 1750 899
2 2 47 1752 1754
2 2 1752 917 1753
2 2 1754 1753 919
2 2 919 1755 1757
2 2 1755 918 1756
2 2 1757 1756 380
1 2 47 1754 1759
1 2 1754 919 1758
1 2 1759 1758 924
1 2 919 1757 1761
1 2 1757 380 1760
1 2 1761 1760 923
2 2 222 1762 1764
2 2 1762 927 1763
2 2 1764 1763 929
2 2 929 1765 1767
2 2 1765 928 1766
2 2 1767 1766 390
2 2 229 1768 1770
2 2 1768 930 1769
2 2 1770 1769 932
2 2 930 1771 1773
2 2 1771 397 1772
2 2 1773 1772 931
2 2 397 1774 1776
2 2 1774 933 1775
2 2 1776 1775 935
2 2 933 1777 1779
2 2 1777 68 1778
2 2 1779 1778 934
1 2 68 1777 1781
1 2 1777 933 1780
1 2 1781 1780 937
1 2 933 1774 1783
1 2 1774 397 1782
1 2 1783 1782 936
1 2 397 1771 1785
1 2 1771 930 1784
1 2 1785 1784 939
1 2 930 1768 1787
1 2 1768 229 1786
1 2 1787 1786 938
1 2 390 1788 1767
1 2 1788 940 1789
1 2 1767 1789 929
1 2 929 1790 1764
1 2 1790 941 1791
1 2 1764 1791 222
1 2 946 1792 1793
1 2 1792 899 1750
1 2 1793 1750 263
2 2 495 1794 1796
2 2 1794 950 1795
2 2 1796 1795 952
1 2 950 1794 1798
1 2 1794 495 1797
1 2 1798 1797 953
2 2 503 1799 1801
2 2 1799 955 1800
2 2 1801 1800 957
2 2 955 1802 1804
2 2 1802 229 1803
2 2 1804 1803 956
1 2 229 1802 1806
1 2 1802 955 1805
1 2 1806 1805 959
1 2 955 1799 1808
1 2 1799 503 1807
1 2 1808 1807 958
2 2 518 1809 1811
2 2 1809 960 1810
2 2 1811 1810 962
2 2 962 1812 1814
2 2 1812 961 1813
2 2 1814 1813 47
1 2 518 1811 1816
1 2 1811 962 1815
1 2 1816 1815 964
1 2 962 1814 1818
1 2 1814 47 1817
1 2 1818 1817 963
1 2 148 1819 1820
1 2 1819 412 1704
1 2 1820 1704 980
1 2 145 1821 1822
1 2 1821 418 1654
1 2 1822 1654 981
2 2 1145 1823 1825
2 2 1823 1144 1824
2 2 1825 1824 518
1 2 243 1679 1827
1 2 1679 432 1826
1 2 1827 1826 1045
1 2 343 770 1747
2 2 448 446 1828
1 2 148 373 1819
1 2 413 1459 1730
1 2 454 452 1829
1 2 418 376 1652
1 2 478 981 1830
1 2 111 264 1683
1 2 117 574 1655
1 2 118 272 1656
1 2 271 438 1657
1 2 1831 121 1678
1 2 344 797 1659
1 2 342 794 1660
1 2 349 794 1662
1 2 342 797 1663
1 2 1832 422 1666
1 2 1833 363 1693
1 2 1675 224 2039
1 2 480 478 1720
1 2 411 772 1669
1 2 373 371 1694
1 2 485 484 1722
1 2 20 724 1712
1 2 377 368 1697
2 2 176 447 1834
1 2 182 453 1835
2 2 1836 495 1796
2 2 194 699 1670
2 2 1837 194 1672
2 2 1838 501 1725
1 2 3 787 1731
1 2 240 224 1839
1 2 226 426 1677
2 2 1840 503 1801
2 2 1841 397 1776
1 2 1842 397 1785
2 2 319 1101 1743
1 2 243 407 1680
1 2 406 808 1681
1 2 265 267 1684
2 2 899 1644 1751
1 2 1843 518 1816
1 2 113 1218 1682
1 2 649 299 1685
1 2 1844 573 1686
1 2 27 651 1845
1 2 328 554 1846
1 2 88 798 1689
1 2 348 785 1690
1 2 412 373 1847
1 2 1848 157 1698
2 2 1755 919 1753
2 2 917 1755 1753
1 2 1849 924 1758
1 2 923 1849 1761
2 2 1765 929 1763
2 2 927 1765 1763
2 2 1850 932 1769
2 2 931 1850 1773
2 2 1851 935 1775
2 2 934 1851 1779
1 2 1852 937 1780
1 2 936 1852 1783
1 2 1853 939 1784
1 2 938 1853 1787
1 2 1790 929 1789
1 2 940 1790 1789
1 2 946 945 1792
1 2 479 1353 1701
1 2 1702 412 1947
1 2 150 866 1703
1 2 1854 475 1705
1 2 475 814 1706
1 2 651 596 1737
1 2 35 707 1708
1 2 783 1022 1709
1 2 1855 346 1887
1 2 795 718 1711
1 2 1856 88 1748
1 2 422 849 1726
1 2 244 1045 1857
1 2 1858 52 1945
1 2 145 579 1821
1 2 32 976 1832
1 2 1859 98 1727
2 2 446 456 1714
1 2 452 999 1717
2 2 23 456 1724
1 2 139 479 1830
1 2 953 1635 1798
2 2 1860 957 1800
2 2 956 1860 1804
1 2 1861 959 1805
1 2 958 1861 1808
2 2 1823 1145 2225
2 2 1812 962 1810
2 2 960 1812 1810
1 2 1862 964 1815
1 2 963 1862 1818
2 2 23 699 1728
1 2 1863 148 1820
2 2 195 735 1837
1 2 1864 35 1741
1 2 554 328 1865
1 2 573 1196 1734
1 2 575 1182 1735
1 2 73 574 1844
2 2 617 560 1744
1 2 672 649 1866
1 2 328 1171 1745
1 2 89 1203 1855
2 2 1867 263 1749
2 2 1752 47 1813
2 2 918 1555 1756
1 2 1868 47 1759
1 2 987 923 1869
2 2 222 1270 1762
2 2 928 1626 1766
2 2 1870 229 1770
2 2 989 931 1841
2 2 68 1645 1778
1 2 937 1648 1781
1 2 990 936 1842
1 2 979 938 1871
1 2 390 1625 1788
1 2 941 1295 1791
1 2 263 1298 1793
2 2 950 1634 1795
1 2 986 953 1872
2 2 978 956 1870
1 2 1871 229 1806
1 2 991 958 1873
2 2 1809 518 1824
2 2 961 1752 1813
1 2 997 963 1868
2 2 993 1272 1867
2 2 1144 1809 1824
1 2 981 967 1822
1 2 1044 243 1874
1 2 518 1146 1825
2 2 447 176 1828
2 2 447 1828 1716
2 2 177 727 1834
1 2 453 182 1829
1 2 453 1829 1719
1 2 329 1171 1846
1 2 183 730 1835
1 2 139 1830 1653
1 2 555 553 1865
1 2 119 1028 1839
1 2 241 1030 1831
1 2 228 1831 1678
1 2 363 1832 1666
1 2 1854 467 2061
1 2 362 32 1833
1 2 361 1833 1693
1 2 1045 1043 1874
1 2 1875 157 1848
2 2 177 1834 1729
1 2 183 1835 1732
2 2 985 1490 1836
2 2 952 1836 1796
2 2 501 1837 1672
1 2 495 1493 1872
2 2 500 195 1838
2 2 455 1838 1725
1 2 380 926 1869
1 2 119 1839 1674
2 2 988 1124 1840
2 2 957 1840 1801
2 2 935 1841 1776
1 2 939 1842 1785
1 2 1873 503 2191
1 2 995 1146 1843
1 2 964 1843 1816
1 2 650 1844 1686
1 2 330 1331 1845
1 2 330 1845 1746
1 2 329 1846 1740
1 2 352 1209 1856
1 2 149 1847 1696
1 2 376 1848 1698
1 2 923 385 1849
1 2 919 1849 1758
2 2 931 399 1850
2 2 930 1850 1769
2 2 934 398 1851
2 2 933 1851 1775
1 2 936 401 1852
1 2 933 1852 1780
1 2 938 400 1853
1 2 930 1853 1784
1 2 98 1854 1705
1 2 89 1855 1710
1 2 782 1856 1748
1 2 432 1857 1826
1 2 149 1858 1847
1 2 1859 440 1925
1 2 441 1859 1727
1 2 484 485 1863
2 2 956 504 1860
2 2 955 1860 1800
1 2 958 507 1861
1 2 955 1861 1805
1 2 963 519 1862
1 2 962 1862 1815
1 2 980 1863 1820
1 2 553 636 1864
1 2 554 1864 1741
1 2 555 1865 1738
1 2 134 1866 1736
2 2 898 1867 1749
1 2 924 1868 1759
1 2 380 1869 1760
2 2 932 1870 1770
2 2 397 1841 1772
1 2 397 1842 1782
1 2 229 1871 1786
1 2 495 1872 1797
2 2 229 1870 1803
1 2 959 1871 1806
1 2 503 1873 1807
1 2 47 1868 1817
1 2 1045 1874 1827
1 2 418 1875 1848
1 2 441 1876 1878
1 2 1876 442 1877
1 2 1878 1877 440
2 2 251 1879 1881
2 2 1879 252 1880
2 2 1881 1880 971
1 2 76 1882 1884
1 2 1882 82 1883
1 2 1884 1883 745
1 2 346 1885 1887
1 2 1885 80 1886
1 2 1887 1886 795
1 2 539 1888 1890
1 2 1888 540 1889
1 2 1890 1889 538
1 2 326 1891 1893
1 2 1891 327 1892
1 2 1893 1892 325
1 2 335 1894 1896
1 2 1894 103 1895
1 2 1896 1895 675
1 2 334 1897 1899
1 2 1897 335 1898
1 2 1899 1898 1167
2 2 462 1900 1902
2 2 1900 463 1901
2 2 1902 1901 461
1 2 565 1903 1905
1 2 1903 566 1904
1 2 1905 1904 538
1 2 568 1906 1908
1 2 1906 569 1907
1 2 1908 1907 567
1 2 570 1909 1911
1 2 1909 130 1910
1 2 1911 1910 860
1 2 712 1912 1914
1 2 1912 713 1913
1 2 1914 1913 711
1 2 571 1915 1917
1 2 1915 572 1916
1 2 1917 1916 570
1 2 352 1918 1920
1 2 1918 82 1919
1 2 1920 1919 972
1 2 465 1921 1923
1 2 1921 442 1922
1 2 1923 1922 464
1 2 466 1924 1926
1 2 1924 467 1925
1 2 1926 1925 440
1 2 470 1927 1929
1 2 1927 471 1928
1 2 1929 1928 443
1 2 366 1930 1932
1 2 1930 367 1931
1 2 1932 1931 358
1 2 577 1933 1935
1 2 1933 578 1934
1 2 1935 1934 576
1 2 567 1936 1938
1 2 1936 131 1937
1 2 1938 1937 1041
2 2 273 1939 1941
2 2 1939 289 1940
2 2 1941 1940 1234
1 2 670 1942 1944
1 2 1942 127 1943
1 2 1944 1943 571
1 2 412 1945 1947
1 2 1945 52 1946
1 2 1947 1946 582
2 2 667 1948 1950
2 2 1948 161 1949
2 2 1950 1949 558
2 2 556 1951 1953
2 2 1951 60 1952
2 2 1953 1952 723
1 2 597 1954 1956
1 2 1954 543 1955
1 2 1956 1955 596
1 2 597 1957 1959
1 2 1957 601 1958
1 2 1959 1958 544
2 2 192 1960 1962
2 2 1960 55 1961
2 2 1962 1961 606
2 2 603 1963 1965
2 2 1963 604 1964
2 2 1965 1964 602
2 2 523 1966 1968
2 2 1966 193 1967
2 2 1968 1967 732
1 2 454 1969 1971
1 2 1969 502 1970
1 2 1971 1970 464
2 2 206 1972 1974
2 2 1972 5 1973
2 2 1974 1973 461
2 2 191 1975 1977
2 2 1975 14 1976
2 2 1977 1976 792
2 2 252 1978 1980
2 2 1978 201 1979
2 2 1980 1979 1180
2 2 220 1981 1983
2 2 1981 115 1982
2 2 1983 1982 221
1 2 109 1984 1986
1 2 1984 225 1985
1 2 1986 1985 425
1 2 122 1987 1989
1 2 1987 228 1988
1 2 1989 1988 426
1 2 122 1990 1992
1 2 1990 227 1991
1 2 1992 1991 429
1 2 225 1984 1994
1 2 1984 109 1993
1 2 1994 1993 431
2 2 252 1879 1996
2 2 1879 251 1995
2 2 1996 1995 895
1 2 295 1997 1999
1 2 1997 294 1998
1 2 1999 1998 712
1 2 41 2000 2002
1 2 2000 295 2001
1 2 2002 2001 1199
1 2 689 2003 2005
1 2 2003 744 2004
1 2 2005 2004 716
1 2 647 2006 2008
1 2 2006 648 2007
1 2 2008 2007 576
1 2 307 2009 2011
1 2 2009 65 2010
1 2 2011 2010 566
1 2 30 2012 2013
1 2 2012 325 1892
1 2 2013 1892 327
1 2 327 1891 2015
1 2 1891 326 2014
1 2 2015 2014 106
1 2 39 2016 2018
1 2 2016 336 2017
1 2 2018 2017 1167
1 2 102 2019 2020
1 2 2019 358 1931
1 2 2020 1931 367
1 2 367 1930 2022
1 2 1930 366 2021
1 2 2022 2021 107
1 2 336 2016 2024
1 2 2016 39 2023
1 2 2024 2023 676
1 2 325 2012 2026
1 2 2012 30 2025
1 2 2026 2025 547
1 2 103 1894 2028
1 2 1894 335 2027
1 2 2028 2027 360
2 2 201 1978 2030
2 2 1978 252 2029
2 2 2030 2029 357
2 2 289 1939 2032
2 2 1939 273 2031
2 2 2032 2031 435
1 2 415 2033 2035
1 2 2033 97 2034
1 2 2035 2034 465
1 2 107 2036 2022
1 2 2036 417 2037
1 2 2022 2037 367
1 2 224 2038 2039
1 2 2038 109 1986
1 2 2039 1986 425
1 2 227 1990 2040
1 2 1990 122 1989
1 2 2040 1989 426
1 2 97 2041 2042
1 2 2041 440 1877
1 2 2042 1877 442
1 2 442 1876 2044
1 2 1876 441 2043
1 2 2044 2043 96
2 2 57 2045 2046
2 2 2045 461 1901
2 2 2046 1901 463
2 2 461 1973 1902
2 2 1973 5 2047
2 2 1902 2047 462
2 2 463 1900 2049
2 2 1900 462 2048
2 2 2049 2048 164
1 2 96 2050 2044
1 2 2050 464 1922
1 2 2044 1922 442
1 2 442 1921 2042
1 2 1921 465 2034
1 2 2042 2034 97
1 2 440 2041 1926
1 2 2041 97 2051
1 2 1926 2051 466
1 2 467 1924 2053
1 2 1924 466 2052
1 2 2053 2052 31
1 2 101 2054 2055
1 2 2054 443 1928
1 2 2055 1928 471
1 2 471 1927 2057
1 2 1927 470 2056
1 2 2057 2056 31
1 2 472 2058 2059
1 2 2058 31 2052
1 2 2059 2052 466
1 2 31 2060 2053
1 2 2060 474 2061
1 2 2053 2061 467
1 2 474 2060 2062
1 2 2060 31 2056
1 2 2062 2056 470
1 2 31 2058 2057
1 2 2058 472 2063
1 2 2057 2063 471
2 2 483 2064 2066
2 2 2064 494 2065
2 2 2066 2065 61
1 2 464 2050 1971
1 2 2050 96 2067
1 2 1971 2067 454
1 2 502 1969 2069
1 2 1969 454 2068
1 2 2069 2068 182
1 2 99 2070 2072
1 2 2070 210 2071
1 2 2072 2071 445
2 2 523 2073 2074
2 2 2073 57 2046
2 2 2074 2046 463
1 2 64 2075 2076
1 2 2075 538 1889
1 2 2076 1889 540
1 2 538 2077 1890
1 2 2077 65 2078
1 2 1890 2078 539
1 2 540 1888 2080
1 2 1888 539 2079
1 2 2080 2079 247
2 2 161 2081 1949
2 2 2081 556 2082
2 2 1949 2082 558
2 2 562 2083 2085
2 2 2083 14 2084
2 2 2085 2084 563
1 2 65 2077 2010
1 2 2077 538 1904
1 2 2010 1904 566
1 2 538 2075 1905
1 2 2075 64 2086
1 2 1905 2086 565
1 2 569 1906 2088
1 2 1906 568 2087
1 2 2088 2087 247
1 2 572 1915 2089
1 2 1915 571 1943
1 2 2089 1943 127
1 2 136 2090 2091
1 2 2090 576 1934
1 2 2091 1934 578
1 2 576 2092 1935
1 2 2092 42 2093
1 2 1935 2093 577
1 2 578 1933 2095
1 2 1933 577 2094
1 2 2095 2094 127
1 2 596 2096 1956
1 2 2096 27 2097
1 2 1956 2097 597
1 2 184 2098 2099
1 2 2098 544 1958
1 2 2099 1958 601
1 2 544 2100 1959
1 2 2100 180 2101
1 2 1959 2101 597
1 2 601 1957 2102
1 2 1957 597 2097
1 2 2102 2097 27
2 2 199 2103 2104
2 2 2103 602 1964
2 2 2104 1964 604
2 2 55 2105 1961
2 2 2105 605 2106
2 2 1961 2106 606
2 2 606 2107 2109
2 2 2107 564 2108
2 2 2109 2108 190
1 2 42 2092 2110
1 2 2092 576 2007
1 2 2110 2007 648
1 2 576 2090 2008
1 2 2090 136 2111
1 2 2008 2111 647
1 2 136 2112 2111
1 2 2112 310 2113
1 2 2111 2113 647
1 2 172 2114 2115
1 2 2114 325 2026
1 2 2115 2026 547
2 2 14 1975 2084
2 2 1975 191 2116
2 2 2084 2116 563
2 2 587 2117 2119
2 2 2117 162 2118
2 2 2119 2118 722
1 2 247 2120 2088
1 2 2120 657 2121
1 2 2088 2121 569
1 2 51 2122 2124
1 2 2122 418 2123
1 2 2124 2123 579
1 2 188 2125 2126
1 2 2125 336 2024
1 2 2126 2024 676
1 2 210 2070 2128
1 2 2070 99 2127
1 2 2128 2127 661
1 2 39 2129 2130
1 2 2129 335 1896
1 2 2130 1896 675
1 2 27 2131 2102
1 2 2131 677 2132
1 2 2102 2132 601
2 2 70 2133 2135
2 2 2133 708 2134
2 2 2135 2134 710
1 2 82 2136 2137
1 2 2136 711 1913
1 2 2137 1913 713
1 2 711 2138 1914
1 2 2138 18 2139
1 2 1914 2139 712
1 2 713 1912 2140
1 2 1912 712 1998
1 2 2140 1998 294
1 2 80 2141 2143
1 2 2141 716 2142
1 2 2143 2142 718
1 2 716 2144 2146
1 2 2144 18 2145
1 2 2146 2145 717
2 2 696 2147 2149
2 2 2147 85 2148
2 2 2149 2148 719
1 2 742 2150 2152
1 2 2150 741 2151
1 2 2152 2151 1305
1 2 18 2144 2153
1 2 2144 716 2004
1 2 2153 2004 744
1 2 716 2141 2005
1 2 2141 80 2154
1 2 2005 2154 689
1 2 744 2003 2156
1 2 2003 689 2155
1 2 2156 2155 300
1 2 18 2138 2158
1 2 2138 711 2157
1 2 2158 2157 771
1 2 711 2136 2160
1 2 2136 82 2159
1 2 2160 2159 770
1 2 80 2161 2163
1 2 2161 79 2162
1 2 2163 2162 687
1 2 300 2164 2156
1 2 2164 295 2165
1 2 2156 2165 744
1 2 82 1918 2167
1 2 1918 352 2166
1 2 2167 2166 782
1 2 828 2168 2170
1 2 2168 827 2169
1 2 2170 2169 131
1 2 816 2171 2172
1 2 2171 860 1910
1 2 2172 1910 130
1 2 131 1936 2170
1 2 1936 567 2173
1 2 2170 2173 828
1 2 80 1885 2175
1 2 1885 346 2174
1 2 2175 2174 973
1 2 415 2035 2177
1 2 2035 465 2176
1 2 2177 2176 842
2 2 1080 2178 2180
2 2 2178 116 2179
2 2 2180 2179 1081
2 2 1082 2181 2183
2 2 2181 1081 2182
2 2 2183 2182 513
2 2 36 2184 2186
2 2 2184 1123 2185
2 2 2186 2185 1125
2 2 1123 2187 2189
2 2 2187 503 2188
2 2 2189 2188 1124
1 2 503 2187 2191
1 2 2187 1123 2190
1 2 2191 2190 1127
1 2 1123 2184 2193
1 2 2184 36 2192
1 2 2193 2192 1126
1 2 1128 2194 2196
1 2 2194 112 2195
1 2 2196 2195 1129
1 2 1130 2197 2199
1 2 2197 1129 2198
1 2 2199 2198 509
1 2 1131 2200 2202
1 2 2200 509 2201
1 2 2202 2201 1132
1 2 1133 2203 2205
1 2 2203 1132 2204
1 2 2205 2204 266
1 2 116 2206 2179
1 2 2206 1134 2207
1 2 2179 2207 1081
1 2 1081 2208 2182
1 2 2208 1135 2209
1 2 2182 2209 513
1 2 513 2210 2212
1 2 2210 1136 2211
1 2 2212 2211 1138
1 2 1138 2213 2215
1 2 2213 1137 2214
1 2 2215 2214 270
2 2 112 2216 2195
2 2 2216 1139 2217
2 2 2195 2217 1129
2 2 1129 2218 2198
2 2 2218 1140 2219
2 2 2198 2219 509
2 2 509 2220 2201
2 2 2220 1141 2221
2 2 2201 2221 1132
2 2 1132 2222 2204
2 2 2222 1142 2223
2 2 2204 2223 266
2 2 281 2224 2226
2 2 2224 1143 2225
2 2 2226 2225 1145
1 2 281 2226 2228
1 2 2226 1145 2227
1 2 2228 2227 1147
2 2 270 2229 2215
2 2 2229 1148 2230
2 2 2215 2230 1138
2 2 1138 2231 2212
2 2 2231 1082 2183
2 2 2212 2183 513
2 2 629 2232 2234
2 2 2232 1149 2233
2 2 2234 2233 1151
2 2 1151 2235 2237
2 2 2235 1150 2236
2 2 2237 2236 281
1 2 629 2234 2239
1 2 2234 1151 2238
1 2 2239 2238 1153
1 2 1151 2237 2241
1 2 2237 281 2240
1 2 2241 2240 1152
2 2 640 2242 2244
2 2 2242 1154 2243
2 2 2244 2243 1156
2 2 1154 2245 2247
2 2 2245 36 2246
2 2 2247 2246 1155
1 2 36 2245 2249
1 2 2245 1154 2248
1 2 2249 2248 1158
1 2 1154 2242 2251
1 2 2242 640 2250
1 2 2251 2250 1157
1 2 130 1909 2253
1 2 1909 570 2252
1 2 2253 2252 1035
1 2 335 2129 1898
1 2 2129 39 2018
1 2 1898 2018 1167
1 2 295 2000 2255
1 2 2000 41 2254
1 2 2255 2254 1198
2 2 1260 2256 2258
2 2 2256 1259 2257
2 2 2258 2257 488
1 2 1260 2258 2260
1 2 2258 488 2259
1 2 2260 2259 1261
2 2 1280 2261 2263
2 2 2261 1279 2262
2 2 2263 2262 629
2 2 1286 2264 2266
2 2 2264 640 2265
2 2 2266 2265 1287
1 2 640 2264 2268
1 2 2264 1286 2267
1 2 2268 2267 1290
2 2 741 2269 2151
2 2 2269 1303 2270
2 2 2151 2270 1305
2 2 1305 2271 2273
2 2 2271 1304 2272
2 2 2273 2272 270
1 2 0 2274 2276
1 2 2274 1306 2275
1 2 2276 2275 1308
1 2 1309 2277 2279
1 2 2277 9 2278
1 2 2279 2278 1310
2 2 115 1981 2281
2 2 1981 220 2280
2 2 2281 2280 1217
1 2 270 2282 2273
1 2 2282 742 2152
1 2 2273 2152 1305
1 2 440 1859 1878
2 2 93 971 2283
2 2 971 888 1881
1 2 76 972 1882
1 2 1883 82 2137
1 2 745 859 1884
1 2 1886 80 2143
1 2 795 1855 1887
1 2 188 996 2125
1 2 325 1619 1893
1 2 417 1496 2037
1 2 103 857 1895
1 2 1997 295 2255
1 2 1198 1997 2255
1 2 317 647 2284
1 2 334 1651 1897
1 2 1167 1109 1899
2 2 2285 558 2082
2 2 564 562 2286
1 2 565 320 1903
1 2 2287 567 1907
1 2 567 1637 1908
2 2 114 1217 2288
1 2 2289 570 1911
1 2 828 826 2168
1 2 2161 80 2175
1 2 973 2161 2175
1 2 572 1604 1916
1 2 40 571 2289
1 2 79 826 2162
1 2 82 1882 1919
1 2 972 1247 1920
1 2 2290 718 2142
1 2 717 2290 2146
1 2 464 1610 1923
1 2 467 1859 1925
1 2 210 1597 2071
1 2 443 1466 1929
1 2 466 1599 2059
1 2 470 1601 2062
1 2 358 1437 1932
2 2 221 388 1983
2 2 719 1324 2149
1 2 816 859 2171
1 2 131 1042 1937
1 2 1041 1637 1938
2 2 2291 1234 1940
2 2 2292 273 1941
1 2 670 578 1942
1 2 571 1510 1944
1 2 412 1858 1945
1 2 52 583 1946
1 2 582 1702 1947
1 2 51 1875 2122
2 2 667 984 1948
2 2 2293 667 1950
2 2 556 1335 1951
2 2 721 723 2294
2 2 2295 556 1953
2 2 483 493 2064
1 2 172 1650 2114
1 2 1954 597 2101
1 2 2296 596 1955
1 2 27 1331 2131
2 2 192 784 1960
2 2 2297 192 1962
2 2 190 563 2298
2 2 603 200 1963
2 2 8 603 2299
2 2 523 784 1966
2 2 193 700 1967
2 2 2073 523 1968
1 2 502 1610 1970
2 2 461 693 1974
2 2 2107 606 2106
2 2 605 2107 2106
2 2 792 704 1977
2 2 201 1166 1979
2 2 2283 252 1980
1 2 99 881 2127
1 2 225 392 1985
1 2 122 1614 1987
1 2 228 1677 1988
1 2 227 403 1991
1 2 429 1384 1992
1 2 109 1465 1993
1 2 431 405 1994
1 2 2120 247 2079
1 2 539 2120 2079
2 2 251 836 1995
2 2 895 1337 1996
2 2 1082 1080 2181
2 2 1081 2181 2180
1 2 742 1616 2150
2 2 124 274 2292
1 2 2300 629 2239
2 2 252 1337 2029
2 2 1235 1206 2291
2 2 273 434 2031
1 2 2301 295 1999
1 2 41 1189 2254
1 2 2301 18 2153
1 2 744 2301 2153
1 2 295 2301 2165
1 2 300 1199 2164
1 2 1199 1188 2002
1 2 307 1172 2009
2 2 2302 640 2244
1 2 2303 640 2268
1 2 647 317 2006
1 2 2304 307 2011
1 2 327 875 2013
1 2 326 1600 2014
1 2 106 855 2015
1 2 336 1109 2017
2 2 357 1327 2030
1 2 102 359 2019
1 2 360 1598 2028
1 2 367 1496 2020
1 2 2305 771 2157
1 2 770 2305 2160
1 2 346 1245 2174
1 2 39 598 2023
1 2 30 548 2025
1 2 335 1620 2027
1 2 352 1856 2166
1 2 415 473 2033
1 2 107 1649 2036
1 2 418 1821 2123
1 2 224 1632 2038
1 2 425 1675 2039
1 2 426 396 2040
1 2 441 849 2043
1 2 101 444 2054
1 2 445 1588 2072
1 2 96 966 2067
1 2 454 1829 2068
2 2 57 693 2045
2 2 5 1500 2047
2 2 492 164 2306
2 2 164 1061 2049
1 2 97 1599 2051
1 2 471 1629 2055
1 2 474 1854 2061
1 2 472 1629 2063
2 2 481 483 2307
2 2 1260 1258 2256
1 2 1262 1260 2308
1 2 182 1611 2069
2 2 2309 1125 2185
2 2 1124 2309 2189
1 2 2310 1127 2190
1 2 1126 2310 2193
1 2 1130 1128 2197
1 2 1129 2197 2196
1 2 1133 1131 2203
1 2 1132 2203 2202
1 2 2208 1081 2207
1 2 1134 2208 2207
1 2 2213 1138 2211
1 2 1136 2213 2211
2 2 2218 1129 2217
2 2 1139 2218 2217
2 2 2222 1132 2221
2 2 1141 2222 2221
1 2 2311 1147 2227
2 2 463 1061 2074
1 2 33 842 2312
2 2 2231 1138 2230
2 2 1148 2231 2230
1 2 540 1039 2076
1 2 65 1508 2078
1 2 247 1615 2080
1 2 544 546 2100
1 2 184 545 2098
1 2 547 549 2115
2 2 161 1335 2081
2 2 162 557 2295
2 2 562 1195 2083
2 2 563 190 2286
1 2 50 828 2287
1 2 568 1615 2087
1 2 127 1605 2089
1 2 578 1360 2091
1 2 42 1025 2093
1 2 577 1605 2094
1 2 127 1942 2095
1 2 579 581 2124
2 2 587 586 2117
1 2 179 555 2296
1 2 596 651 2096
1 2 180 1954 2101
1 2 2313 184 2099
2 2 604 1165 2104
2 2 55 1176 2105
2 2 190 2297 2109
2 2 1280 1278 2261
2 2 2235 1151 2233
2 2 1149 2235 2233
1 2 2314 1153 2238
1 2 1152 2314 2241
2 2 1288 1286 2315
2 2 2316 1156 2243
2 2 1155 2316 2247
1 2 2317 1158 2248
1 2 1157 2317 2251
1 2 2318 1290 2267
1 2 657 1435 2121
1 2 661 616 2128
1 2 136 1175 2112
2 2 2319 722 2118
2 2 2320 587 2119
1 2 567 2287 2173
1 2 570 1604 2252
2 2 160 1322 2293
1 2 677 1321 2313
1 2 677 2313 2132
1 2 676 1321 2126
2 2 190 791 2297
1 2 675 595 2130
1 2 687 689 2163
1 2 80 2163 2154
1 2 688 300 2321
2 2 696 698 2147
2 2 70 775 2133
2 2 708 1350 2134
2 2 710 1320 2135
1 2 713 1883 2137
1 2 18 2301 2139
1 2 2322 713 2140
1 2 718 1886 2143
1 2 794 717 2323
2 2 85 1325 2148
2 2 60 1334 2294
2 2 2271 1305 2270
2 2 1303 2271 2270
1 2 2324 1308 2275
1 2 1311 1309 2325
1 2 2323 18 2158
1 2 782 770 2167
1 2 2282 270 2214
1 2 1137 2282 2214
1 2 2326 816 2172
1 2 858 131 2327
1 2 841 415 2328
1 2 1035 1037 2253
2 2 2329 116 2178
2 2 2330 36 2186
2 2 503 1840 2188
1 2 1127 1873 2191
1 2 1194 1126 2331
1 2 1128 1349 2194
1 2 1131 1130 2200
1 2 266 1581 2205
1 2 116 1348 2206
1 2 2210 513 2209
2 2 112 1276 2216
2 2 2220 509 2219
2 2 1142 1553 2223
2 2 2224 281 2236
2 2 1143 1823 2225
1 2 2332 281 2228
2 2 2229 270 2272
2 2 2232 629 2262
2 2 1150 2224 2236
1 2 1177 1152 2332
2 2 1193 1155 2330
1 2 2331 36 2249
1 2 1192 1157 2303
2 2 1183 1266 2329
2 2 1279 2232 2262
2 2 1304 2229 2272
2 2 1216 115 2333
2 2 1259 1539 2257
1 2 488 1608 2259
1 2 629 1281 2263
2 2 1191 1287 2302
2 2 741 1512 2269
1 2 2334 0 2276
1 2 1352 1310 2335
1 2 689 687 2321
2 2 252 2283 1880
1 2 310 1190 2284
1 2 310 2284 2113
1 2 817 815 2326
2 2 191 791 2298
2 2 557 160 2285
2 2 556 2285 2082
2 2 563 2286 2085
2 2 166 1054 2320
1 2 569 2287 1907
2 2 220 269 2288
2 2 220 2288 2280
1 2 860 2289 1911
1 2 570 2289 1917
1 2 717 349 2290
1 2 716 2290 2142
1 2 842 840 2328
2 2 1217 1215 2333
1 2 827 824 2327
2 2 289 2291 1940
2 2 1234 2292 1941
2 2 558 2293 1950
2 2 60 2294 1952
2 2 723 2295 1953
2 2 462 491 2306
2 2 723 721 2319
1 2 543 2296 1955
2 2 606 2297 1962
2 2 191 2298 2116
2 2 602 2299 1965
2 2 732 2073 1968
2 2 1180 2283 1980
1 2 1184 1281 2300
1 2 1153 2300 2239
1 2 712 2301 1999
1 2 295 2164 2001
2 2 1156 2302 2244
1 2 1290 2303 2268
1 2 746 745 2322
1 2 320 1187 2304
1 2 566 2304 2011
1 2 770 343 2305
1 2 711 2305 2157
2 2 462 2306 2048
2 2 61 1179 2307
2 2 61 2307 2066
1 2 1261 490 2308
1 2 1261 2308 2260
2 2 1124 505 2309
2 2 1123 2309 2185
1 2 1126 506 2310
1 2 1123 2310 2190
1 2 1146 520 2311
1 2 1145 2311 2227
1 2 465 1610 2312
1 2 465 2312 2176
2 2 564 2286 2108
1 2 601 2313 2099
1 2 1152 630 2314
1 2 1151 2314 2238
2 2 1287 642 2315
2 2 1287 2315 2266
2 2 1155 641 2316
2 2 1154 2316 2243
1 2 1157 644 2317
1 2 1154 2317 2248
1 2 1289 643 2318
1 2 1286 2318 2267
2 2 162 2319 2118
2 2 722 2320 2119
1 2 689 2321 2155
1 2 294 2322 2140
1 2 18 2323 2145
1 2 1307 762 2324
1 2 1306 2324 2275
1 2 1310 764 2325
1 2 1310 2325 2279
1 2 771 2323 2158
1 2 82 2167 2159
1 2 130 2326 2172
1 2 827 2327 2169
1 2 842 2328 2177
2 2 1080 2329 2178
2 2 1125 2330 2186
1 2 36 2331 2192
1 2 509 2200 2199
1 2 1135 2210 2209
2 2 1140 2220 2219
1 2 1147 2332 2228
1 2 281 2332 2240
2 2 36 2330 2246
1 2 1158 2331 2249
1 2 640 2303 2250
2 2 1217 2333 2281
2 2 640 2302 2265
1 2 1308 2334 2276
1 2 9 2335 2278

boundary
206
3 1 0 2274
3 1 1 372
3 1 2 975
3 1 3 787
3 1 4 1647
3 1 5 1498
3 1 6 1742
3 1 7 421
3 1 10 1323
3 1 11 666
3 1 12 366
3 1 13 1643
3 1 14 1976
3 1 15 1329
3 1 16 1336
3 1 17 260
1 1 9 2335
2 1 8 680
3 1 19 1246
3 1 21 823
3 1 24 332
1 1 22 1190
3 1 52 665
3 1 32 976
3 1 53 632
3 1 54 788
3 1 51 1875
3 1 34 977
3 1 48 1108
3 1 46 709
1 1 42 1023
3 1 59 983
3 1 61 1179
3 1 63 1178
3 1 75 821
3 1 86 341
3 1 87 916
1 1 64 2086
3 1 78 1029
3 1 84 1083
3 1 71 1216
3 1 95 420
3 1 94 897
3 1 119 1026
3 1 105 362
3 1 135 720
3 1 107 1649
3 1 134 1866
1 1 132 1038
1 1 108 1591
3 1 121 1676
3 1 133 1618
3 1 115 1982
3 1 149 1858
3 1 170 673
3 1 165 494
3 1 172 1650
3 1 157 1699
3 1 167 588
3 1 204 1413
3 1 199 2103
3 1 203 799
2 1 202 1072
3 1 206 1972
3 1 223 1673
3 1 244 1182
1 1 234 1613
3 1 236 681
1 1 242 404
3 1 226 394
3 1 221 389
3 1 289 1235
3 1 287 906
3 1 288 1185
3 1 260 894
3 1 284 6
3 1 261 16
3 1 277 433
3 1 319 1186
1 1 317 648
3 1 309 913
1 1 320 1187
3 1 391 223
3 1 372 1695
3 1 435 2032
3 1 421 1122
3 1 345 1244
3 1 366 2021
3 1 432 1857
1 1 402 234
3 1 350 1326
3 1 332 46
3 1 436 999
3 1 334 1651
3 1 341 54
3 1 420 1340
3 1 362 32
3 1 377 10
1 1 404 768
3 1 394 763
3 1 389 758
3 1 433 947
3 1 528 1195
3 1 494 2065
3 1 666 170
2 1 680 202
3 1 665 172
3 1 632 1197
1 1 565 320
3 1 672 87
3 1 673 51
3 1 588 15
3 1 602 2299
3 1 681 11
1 1 648 2110
3 1 760 391
3 1 787 204
3 1 808 432
3 1 792 203
1 1 766 402
3 1 788 206
3 1 709 71
3 1 720 86
3 1 799 24
1 1 768 1351
3 1 763 1309
3 1 758 1537
3 1 975 105
3 1 1000 435
3 1 823 78
3 1 976 436
3 1 977 236
3 1 983 284
3 1 821 19
3 1 916 309
3 1 897 261
3 1 906 59
3 1 894 94
3 1 913 48
3 1 999 3
3 1 947 1569
1 1 1190 317
3 1 1108 334
1 1 1023 108
3 1 1179 528
3 1 1178 167
3 1 1029 121
3 1 1083 133
3 1 1026 75
1 1 1038 64
2 1 1072 17
3 1 1182 134
3 1 1185 63
3 1 1186 95
1 1 1187 22
3 1 1122 199
3 1 1195 14
3 1 1197 84
3 1 1306 760
3 1 1323 345
3 1 1329 165
3 1 1336 288
1 1 1352 766
3 1 1246 350
3 1 1216 115
3 1 1235 135
3 1 1244 21
3 1 1326 1
3 1 1340 7
1 1 1351 2334
3 1 1309 2277
3 1 1647 1000
3 1 1498 287
3 1 1643 808
3 1 1649 34
1 1 1591 242
3 1 1618 277
3 1 1650 2
3 1 1413 53
1 1 1613 132
3 1 1651 12
3 1 1537 13
3 1 1569 4
3 1 1742 319
3 1 1875 157
3 1 1866 672
3 1 1676 226
3 1 1858 52
3 1 1699 377
3 1 1673 119
3 1 1695 149
3 1 1857 244
3 1 2274 1306
3 1 1976 792
1 1 2335 1352
1 1 2086 565
3 1 1982 221
3 1 2103 602
3 1 1972 5
3 1 2032 289
3 1 2021 107
3 1 2065 61
3 1 2299 8
1 1 2110 42
1 1 2334 0
3 1 2277 9

vertices
2336

nodes
FiniteElementSpace
FiniteElementCollection: H1_2D_P2
VDim: 2
Ordering: 0

0
0.9901056127632708
1.982005584180526
2.975705708807481
3.970699145755766
4.831052383399581
5.760554840158398
6.735058684794025
7.731918422716638
0
1.009894386990224
2.017994262344657
3.02429429447068
4.029300430128886
5.16894506092807
6.239440997773884
7.264941083017337
8.268082441774048
0.5000000000121925
0.4948231675976273
1.000000000086375
0.5051768323896882
0
4.50000002932295
4.609891323048488
3.999999999501312
1.499999999305833
3.499999974927647
1.99999999985952
1.758003398156292
1.741996649051829
2.500000018453983
2.478630699799869
3.000000061593048
2.521369422605302
3.736192608722242
3.985764644320628
3.749999996417592
3.237272406527155
3.262727538898074
0.2487695375990746
0.250000000002834
0
4.216727552295056
4.250000016762066
4.283272442838351
4.323571278358325
4.014235350864396
3.526774963679666
3.763807396853001
0.2512304624005259
1.514169355885374
1.485830642287257
3.473225037265426
4.390108504240533
4.999996686499448
4.818140170989076
4.681860600440443
5.499998278585356
5.288781112493617
5.999997561040846
5.711222513818423
6.50000088653899
6.756407850059449
0
0.1252872073079386
0.1259307586950611
3.853828517120962
3.978490785840374
3.860983628328267
4.161573323647977
4.178633854895578
4.021509243094149
3.896171449163369
3.889016394022784
0.2473144174154117
0.3721197138606231
0.1240692413051844
0.2526855825838743
0.3778802861325444
0.5025118172127079
3.868018431332553
0.4974881827903617
3.881981597865416
3.722105942264728
4.08842665060908
4.176428682212559
3.777894141730763
0.7462727259816925
0.7537272740341442
6.999998946044578
6.879752188270198
6.620248199133409
7.499997357127376
7.7678482279159
6.243589092529521
2.738621496078132
2.750000011278645
2.48938101706533
2.259803465380732
2.249999962471755
2.510619066358964
2.761378424800525
3.012081453599876
2.240196523822795
2.230261999754418
1.991068525340766
2.772888068653681
0
0.0619393982101292
0.06214049292068938
3.912465029609342
3.974750919650611
3.916166235629088
4.097167331497038
4.105439344537908
4.02524904423022
3.962534953403319
3.958833673277301
0.123571435637283
0.1857729728629155
0.126428564361477
0.06306060178971444
0.1892270271348146
4.027832635030067
4.033703236816375
3.919795195672402
0.1244130959653542
4.038883093159038
3.955204834750868
0.2480831212863483
0.2519168787096474
0
3.846515713654775
3.903484396506077
4.071366145668558
0.1247127926935075
4.10155266459822
4.113470249964474
1.255978407638675
1.004881408508672
1.250000000045863
5.343750705312686
5.250001332900972
5.603558893615903
1.507019030003642
1.628750919581066
1.636318369531561
1.244021592549216
1.237911885361181
1.492980970872231
0.9951185915406607
4.136529756199861
4.148447329492239
4.007090632293209
3.948066929193839
3.941013704705966
1.262088113936277
1.613681630287787
1.621249078381247
5.861611850049646
5.749998320059418
6.118079084233002
5.156249059658609
4.917995297062559
5.976911700038579
6.373142178826659
6.499157110652174
5.638390497069728
1.749999999119817
1.766138013557311
3.875000045696211
1.733861914941199
3.250000004416276
3.13119754093942
3.118802473041296
4.551933593336067
4.654807449995396
4.717310596284396
3.486688936750554
3.368495926039685
3.355412409765517
2.987918447239218
3.106340915733765
3.381504088384716
3.992909376108535
4.048555435985402
4.057881635340444
3.513311079599377
3.631769075516813
5.082006358127679
4.98963838178933
4.912351285164449
4.750001615030577
4.595192437155765
4.448066472545073
4.532689654172745
3.933986290927517
3.92693307736001
7.232150081541323
7.616193223596221
7.117159496365871
8.000000320554291
4.891658177040584
3.224411915932121
4.125000011260977
4.608334530840303
2.008931528021653
1.887752752561819
1.879229042035076
2.12967899917554
2.139102750083405
6.126858099508743
6.249999943291384
5.881922391339153
4.086116899122452
4.091296749412773
4.017849183146899
3.98833907674343
3.984720817282442
4.063937890882952
4.068294036223676
4.027181243918055
0.06171062446423492
0.09277795237843313
0.03093021579474784
0.06328937553470376
0.0315697842051266
0.09472204762068184
3.982150811545544
4.008406253425391
4.01270465920772
3.952779174023888
3.949160913608559
0
0.03148967480955608
2.269738001163172
0.06294561957466101
3.923379257464724
3.951620739448535
0.1238494451321703
0.1261505548671625
0
3.995803960064399
3.966324381233007
4.043787510022833
0.06285950707977603
0.125586904034897
5.396440541012448
5.46209225713485
5.571346650611201
7.382840591705612
7.250000459680862
7.633509736623445
5.325826026150804
5.225326251285941
7.13164974457005
7.071775385196866
6.940283917361375
7.883807873971319
8.018092267551889
7.516921132737816
3.941696076524619
3.972818700475034
3.943612220333097
3.94548542361913
3.976634681796374
3.947332277114594
4.058604380963641
4.061072014698017
4.023365334729435
3.992014596271959
3.990167755245217
3.998562063394265
4.00142795281688
4.003895609725723
4.006187364330457
3.908675990117729
3.879460715512276
4.076444566454688
4.081212486560402
4.010652481766507
3.981139299281916
3.977582935618766
5.523083713886776
6.750000248091984
3.944533840592293
5.05798878439459
7.011553092717421
4.019560708915332
3.850182346896129
3.787911608017621
3.729180901772058
3.604568090366331
0.3740736415641184
0.3750000000061681
0.2493970849038456
3.77081911116613
3.829941414132446
3.837088300682712
0.3759263584448886
0.2506029151005319
6.373027214869709
6.312565414176238
6.186366241566579
0.125000000001138
0.187720348195972
0.06256929197689509
3.645431954289581
3.652336689912664
0.0624307080239349
0.18727965180739
3.989347524754594
4.016901377925972
4.021036151112104
3.959917073155947
3.956360700739356
0
4.053241838508773
6.00084648649907
0
3.930466169834855
6.626974246587432
6.563633658468319
6.437433688083718
1.862247214982621
1.986561700570628
1.866525578730658
3.618230799608115
3.743119629979407
3.625000105940751
4.441400410447414
4.467294137441589
4.301978231992258
3.275588182631541
3.14365912133057
3.394587604149668
6.689100438728717
6.818429763376545
4.308599537327273
4.198021732315405
4.282705775535951
0.7500000000396458
0.6234459144026913
0.8728526299144328
0.757588776249286
0.6297374461101483
0.8815091318471853
0.8771473701857737
0.6265540856327274
0.7424112236804502
0.868490868084015
0.620262553867761
6.868351031026948
6.809714897498207
6.678224663358581
6.926064356583907
7.058927268184047
2.892646525525688
2.886736984159998
3.018163303999865
2.359631576037178
2.354432282404402
2.484030414981555
2.110897234420735
2.115625521155827
2.898605251106992
2.76710857837519
1.133196535953189
1.007363291014652
1.130437029989724
1.116803463900275
1.113994855383821
1.240991440309559
1.119562970102646
0.9926367088776225
1.259008559531943
1.136005144192519
4.049795336851915
4.05192863532043
4.016037622331116
4.054093745903456
4.056312637018041
4.019672049174373
4.00128112896678
3.999478481850649
4.00491901799146
4.00309385951345
4.046994228774961
4.049407880956075
4.028186110196235
0.03079958358273717
0.04632966943535826
0.01544304847157122
0.03170041641666686
0.01580695152828993
0.04742033056396257
3.980327956864498
3.993378717522349
3.995382880883934
3.965656134496744
3.963831009700745
0
0.01576548780939964
0
0.01548451219075113
4.012486637955384
4.011490274959994
3.95626338187868
3.971814035443346
3.957259717033566
1.127710244401413
1.365200353440939
1.122289755781136
1.870770955356369
2.880860369103736
2.120320948455654
2.641549643412682
1.384799646498094
3.986524463086976
6.488443342814119
6.983079233669724
2.608450331388331
3.958229863745797
4.010520039678608
0.06184831551634834
0.06315168448309347
4.010571360351916
3.950975528330996
0.03151985480432077
3.9829263213535
0.03098014519584976
3.99777359866167
3.939726768767073
3.984255802636765
3.994206108629912
2.727112032993029
0.03101032519074564
3.993887842926586
0.06205438042660279
2.619505289893723
2.613994234804127
2.74431897777043
2.380100896353105
2.385218267483689
2.254893518376062
4.396041507898376
4.525578618697712
4.417888261710939
3.756880337045957
3.815962544561104
3.822912940750629
2.857353489897713
2.981836727654487
2.863262915606293
4.353958533562273
4.375000027168047
4.233717542948018
3.697752836861208
3.690910671419156
4.266282479475019
4.760357326496781
4.875446827081381
4.799649304359741
2.869139739509118
2.875000014633689
2.62500002419995
2.494698632837131
2.390368378754738
2.515969489396175
2.374999994011816
2.505301340917801
2.630494729871816
2.755680994710211
2.369899019212229
2.364781799592238
2.245106540069241
2.63600570176339
1.378244662211251
1.252981046182726
1.374999999831993
5.524673379730311
5.473883766961683
5.656620989252685
1.371755337789553
1.247018953984012
4.067118355000511
4.071758164519967
4.003542091060234
3.974043300780229
3.970513409177419
4.991325964258966
5.036870506426567
5.787909053427152
5.844487849351018
3.996457908782285
4.025135561016194
4.029213591237665
3.966986581460954
3.963456702507095
4.332111748530599
4.474421419155398
2.993967478971002
3.983962372911293
3.997362181802563
3.999322279744946
3.969271510589399
3.967468865381869
3.960126930680962
3.975697093285168
3.961061667558737
4.008623071881495
4.007688351052056
4.02430290323701
3.989235515149225
3.990297187425405
4.045598620290057
4.047688210984403
4.012440730849494
3.99768414195472
3.99589671580477
5.424173644291316
3.638572747554385
4.837647787613315
5.08122983817805
3.961989904772302
4.006760118355386
3.991337958769571
5.442013147355831
3.937499997596571
3.979358554550801
4.062500014511052
4.014811785985543
3.954573672517258
4.042014456832889
3.125000005092332
3.184362497120397
3.190637535650656
0.06270972764192169
0.1254344056876594
0.06278251100096734
3.361972037509874
3.421016133210565
3.427630504344932
3.374999988439533
3.31571414609012
3.309285850971317
1.737953887325212
1.677781370795578
1.673836562944024
1.762046110870153
1.822816275370314
1.827000166572439
3.611427187749673
3.677247201427899
3.552428690421332
5.932297962010143
5.990031858331222
5.805574160867994
5.70136102121249
5.821854570697263
5.759969063146751
5.258673350960398
5.124551155116288
5.213132520758682
0
0.06263898356068512
0.1886546667455286
0.125749208307659
0.1884056104434808
0.1863453332538025
0.1865943895565341
0.1242507916928095
3.89981771811086
3.929332208316856
3.933039074003231
0.06229027235840721
0.06221748899903017
0.1245655943130578
1.51056951639885
1.571603391640099
1.575302106774005
1.489430483607231
1.549697892093983
1.553396609423536
6.048635212230806
6.178143827610713
6.307124682374077
6.369628754267612
1.753993496145092
1.693314740386193
1.689435534035677
1.70116344697115
1.697218618213487
3.256354991282464
3.196921227992179
3.493356925603208
3.43421395928881
3.322151846308828
3.243645012879979
3.302848165176469
3.44078598348981
7.481908006076598
7.674068520051996
7.424250337859798
5.16877151093031
5.04069452342972
2.004457553939108
1.944021379079628
1.939671080181087
2.013438298994652
1.952812275639599
1.948396355364699
2.07395885706724
2.078599773885437
2.064783589765995
2.069358877720907
5.942875090005012
6.004226691520801
4.044243325142211
4.045484868617383
4.026206632515521
1.814555064912542
1.818673332708922
3.987006660814603
3.988142206428961
3.973793320526504
4.041463854873921
4.043526007374881
4.008869446262829
3.994114991788281
3.992337950194541
3.597663303904697
3.66338091216991
3.538861566307583
3.54566925611059
3.670347494226298
3.991130562939913
4.00512796675125
4.007045699179466
3.987559269282989
4.001268681756
4.003202720838386
3.972853286820059
3.971065855218686
3.976412058223942
3.97463501525507
0.0623610164396038
0
3.870269008072637
3.866641813444378
3.559147978627822
4.018845870281838
4.017882986055872
3.966491946806801
3.96552905947946
1.874999999243712
0.1881701007804424
1.632518246019284
3.479979573879774
1.883474492177405
2.134374527321975
4.02308912920814
3.975811497447708
1.617481755468826
1.609832297577616
1.892080201555677
5.678653537173343
5.817702026983026
6.064805314045567
0.186829899220819
7.366492144190438
3.840681071906865
1.64016770296389
1.624999998703887
3.137411771453912
3.388027975305461
3.506643007754266
4.018973999211306
3.958141450779831
7.86611161486025
2.143880196748929
2.125000007369886
3.959183854667887
3.8335005545026
3.961688510639019
4.009566103255692
0.3768785842161375
0.3136552285325432
0.4391374793748345
3.230866166763705
3.171769780188431
3.165420000778942
4.646099083301808
4.606447997204034
4.571612568077096
4.133936717683849
4.187624275941259
4.143120639132094
4.625000049311597
4.67164122422393
4.703358138978762
4.853903296782396
4.902893135747965
4.941349143060729
3.795058491678782
3.857426421006831
3.798585963336084
4.241063252089135
4.251270984935105
4.169341724672287
0.4987552936652953
0.4369582389425921
0.4358625206330166
3.732698479896682
3.791499427831285
0.5012447063535055
0.5631989588594862
0.5646073923712883
4.080658250156258
4.123728994866293
6.185195924772745
6.245775404200873
6.058834456710793
0.9975675701376432
0.9363556075351648
0.9340585841694669
4.685345026283758
4.735430288069838
4.768551855049009
3.112588154964623
3.178078717281369
4.716272387941979
4.639570093819688
4.783727992531859
4.56465517426701
4.830246982531088
4.866071085944546
4.803387675517341
4.039912051481084
4.04095281559423
4.022434516337296
4.015060939417983
4.014134348923552
0.4380417610737946
0.373121415784162
0.3113447714706875
4.03586711725031
4.036865426235935
4.018759043743625
4.037871291984696
4.038886738641714
4.020588620464697
4.011381777352748
4.010471497206877
4.013212729323057
4.01229538107548
4.038360771806029
4.039735441621772
4.02871232382832
0.01536220221464659
0.02312679828467753
0.007708494555454749
0.01588779778421493
0.007916505444232218
0.0237482017146288
0
0.007892772694806859
0
0.007732227305252696
0.5603926076457089
0.5618010411722878
1.002432430007441
0.9409414159169411
0.9386443926079295
4.231879330990029
4.31237568202224
4.037364430460181
4.039410873478289
4.005315128116025
3.990564612194833
3.988794157779593
0.6218722185801824
3.802087053020751
4.874999693321475
0.879311597942481
4.223565326312527
3.100044955992784
4.498652628916003
4.241650476537117
4.151434653961098
4.950350686076329
5.030844378903067
4.002186118065255
0.6250000000228281
0.6281277814284161
3.972277559531923
0.875000000062413
0.8706884020849649
4.751346904959878
4.004004685240841
0.03088190857100868
0.03161809142868714
0.01577971825793775
0.01547028174218629
4.00583731006944
4.383349465222085
4.020856845676163
4.013516783385662
5.517206529885804
5.483421111314188
5.429868779001249
2.235253887111319
2.294899054443614
2.299968856039917
0.3096493919662492
0.3100981617099703
0.2477075512679436
5.27611418406361
5.310408720503411
5.361770670374425
0.371062293784485
0.4335498129632391
0.3789377062118098
0.3153506080287503
0.4414501870266225
0.3144704506420108
0.3149018382846681
0.2515637822884501
3.711619076719071
3.648880529075333
3.708128957716983
6.560899066473731
6.685251814467545
6.62500002893048
7.323935287546013
7.257324851861491
7.449651522383694
6.43666680323595
6.496516677200641
3.006032534447657
2.946426066704122
2.940472657963356
2.175496205659957
2.170637341411238
1.995542438048686
2.055641133714379
2.060216408566492
2.732891396746707
2.673492300555619
2.667831882159256
2.264746114066003
2.32503113198426
2.330100936817367
1.935328917693549
1.930978616371635
3.065556966092839
3.071679094786708
0.2522924487282646
0.3105295493544238
0.24843621770928
1.503501309700557
1.564312488225848
1.567945602603984
1.496498689792567
1.435814067868872
1.432434106514778
1.557054397696833
1.560687509888534
5.203406376107515
5.240458445789286
5.288576962458885
1.746006503003509
1.685564463359985
1.681685258358083
1.806326660116096
1.810444934015043
5.581433130184136
5.549864490090693
5.493150976434872
2.204362663170178
2.199503774253384
5.448476395773072
5.536223265556877
5.3433789307835
5.375067082875023
5.605392974844458
7.575171054267892
7.508233394097849
7.700526328881642
5.25773312827078
5.41234386599496
5.19151165033892
7.825751785941191
7.893030555073212
7.19107329315986
7.065722358087658
7.64249355745995
3.978734254333315
3.972321633536115
3.978079197526951
3.977565508082358
3.983967981120825
3.984946746769284
5.694425829456974
5.660209265270535
5.172920096851155
5.14118819291672
5.107961696375797
3.774354922881053
3.803939472551941
3.807505365808581
3.586138421196057
3.589557616252451
3.704652563367055
3.767301540184167
3.715114348096312
4.031927714043614
4.032905725338725
4.015135439654143
4.033887813715426
4.034875002173402
4.016942123830396
4.007757137358097
4.006857041324668
4.009564134590171
4.008659429785891
4.036890754164651
4.037546191641561
4.027678321320876
3.981240953228356
3.987838884479186
3.988791511483855
3.979411401272922
3.985917465214643
3.986881068495736
3.972079632139491
3.971162299742281
3.973903496407288
3.972993221936997
4.019829651190483
4.019334394820842
3.963518748995939
3.971288031607095
3.964040037724301
3.964545271497384
3.965040527226473
3.955234149979372
3.947984901086848
3.977264379278418
3.994684876441389
4.008958184430185
4.010865831591606
3.979955842626983
3.978185393699638
3.983057871120633
3.989740176502389
3.990684905799406
3.975715564589975
3.974810859330741
4.029981311988088
4.030953007259547
4.013337165151992
4.005958917077825
4.005062611691732
2.792192057357663
2.79803526477111
1.442565893778359
1.439185931524044
3.970240678016927
3.969314081431862
7.441549734746955
0.4961801361111444
0.5038198638768681
6.431568292809016
2.106119809928902
2.602857295261064
2.395567690151998
3.996374993620375
3.966563874689674
1.368494303067163
1.381505697336913
5.374999866933798
5.405516913886897
5.62499811609883
4.027176084336479
3.965222436554712
4.000378658308938
3.99834427065339
3.994384576822765
3.96474531869316
3.968371334973929
3.962912721623604
3.985765075594704
3.992363273263017
3.996789640693342
3.520020411500977
3.998580372610644
3.940714431499564
2.851394880386561
3.981842279189384
3.925168999298285
3.910575595281176
5.296593264044891
5.33642248045055
5.384541279423425
6.500200516831425
6.531950953592365
6.595452022170535
7.749999999852236
7.55819605331626
7.808099972222172
3.892573676563928
3.92209871292271
3.925689263034308
6.249799422009256
6.279547729356429
6.343048319866692
3.863043020174941
3.859482845245258
3.809037422345651
3.746562739345072
3.805568602394662
0
0.03105507543779261
0.03109357285634542
0.1854421676111488
0.2165604344731354
0.1546620309017027
0.1895578323875009
0.1578379690965519
0.2209395655242824
0.1575540310657338
0.1576905067129266
0.1260341628055979
0.1860744787767533
0.1549459689329116
0.2169119788763791
0
0.03140642714364501
0.03144492456261289
0.1889255212215284
0.2205880211204797
3.96442452702022
3.979158526608317
3.98108093625337
5.255498770485474
5.210070668614059
5.551523106714243
5.513228777221753
5.46265626330154
4.959305186218819
4.998914194577304
5.041404892182686
6.435610684234807
6.468084524523566
6.531529108883682
5.392036312390331
5.433489563006175
5.483812637852618
4.91801049386641
4.87871690842622
3.87151243026058
3.81249995581475
4.579824779890852
4.633473624274643
4.664421470446047
4.420175169573803
4.460578304261943
4.491526511509286
4.524421458286406
4.497615118263226
8.133887826897515
8.075929817884223
7.941900696413843
6.188608198577535
6.219495642601744
6.28155538606017
0.1239658371939093
0.1548094932857104
4.033653924265876
4.024774753424895
4.033148491480465
3.784319181877444
3.817230960308796
3.754994628008018
3.725645124699422
3.758560496761255
6.308772410558401
6.215245854907475
6.156915470993658
0.06250000000048342
0.09380273046319473
0.03126699910742087
0.187500000001706
0.2188798237014661
0.1563405282022318
0.1561594718003856
0.2186201763030324
0.03123300089299923
0.09369726953839881
6.06438892545761
6.09347061067453
6.563332668383991
6.468930594608955
6.691229595293329
6.659754326724334
6.40550446508223
3.40119406256898
3.33512206023331
3.460640888759029
6.72247680204454
6.787498614809104
6.311391707900759
6.343444456622911
4.377384879130115
4.350578432807601
6.945266345340412
6.914800695094342
6.84918525045903
7.174829098534257
7.050348367708343
7.107506515398065
3.984864554266995
3.991626293678235
3.992564688824686
3.977517952513471
3.976617856139133
3.967441488139523
3.975225225256367
3.967912533907217
3.968381487371565
3.976166829263453
3.968848604744426
4.016933491507285
4.016462463549457
4.0159935228791
4.015526413889388
4.023833181134888
3.98197114218917
3.982476467130039
3.982977277941812
3.983474200586401
4.028047259680486
4.029012949135822
4.011545888221789
4.004167963178108
4.003274822431285
4.032647677583775
4.02612201127143
4.027083682563474
4.009760372659896
4.002383033373955
4.001492483523284
3.986662832669901
3.993500617176442
3.994434009770373
3.979312387012058
3.978416078628447
3.69627023299555
3.692754151190696
5.349531326519019
5.301795797593311
3.94967242467633
3.947792721548977
7.299474357803984
7.241766154401452
3.26913384951574
3.6668710742535
6.753484308371501
3.826413997699188
3.684089345096522
0.12514292957184
0.0929861012597446
0.09451389874075261
0.1248570704299956
5.125000302757551
3.995005210386643
6.628066410818688
5.577076707764776
7.308449420077014
6.375000657645129
3.934897722622082
4.043107768643543
3.993225947012724
6.884221997412165
6.121933675026485
0
0.2503000709938163
0.2496999290115747
0
4.00223704710712
3.971960359246437
4.000296989107973
3.97016962165559
5.30598268799412
3.931178569743873
3.659885510843166
0.3121192228742386
0.3128807771337327
5.918568895449449
5.881848946737385
5.825135545123902
0.7556337760221776
0.8196177371597047
0.6935849345366235
4.050079764112725
4.076216593078563
4.054191554565428
0.7443662239372587
0.6814150654190902
0.8053822627567557
6.744200739207081
6.773236009429765
6.839159346957808
4.137420225771281
4.142134880302621
4.100821423823505
3.883167747986426
3.852011303000368
3.881321278301128
5.954632533624806
6.013054380961004
5.941165354649696
5.973072041660145
6.032756401583547
5.908481610147846
5.850235121297216
7.197985237259976
7.168231523442546
7.10176449280729
7.00579926634448
6.975604289886796
6.910119517374258
4.024178559497326
4.045365137128098
6.814747634545064
6.844999586637519
4.360950748916299
4.371819331593021
4.292330435728759
4.26404922940496
4.207669542744885
4.253180624833783
0.6313952621476989
0.5675286982248301
0.6186047378199032
0.5574713017533915
6.802014626227204
6.706768019051141
6.934277497865476
6.904756015107528
6.714880383113865
6.649395315944923
6.963577829419458
7.029558787335325
6.554731809153167
6.583301197448376
4.033286318683386
4.035323821550073
4.001770667673195
3.987025707583236
3.985258450988022
3.572571264103041
3.635164840417138
3.575944956316696
4.034681234750537
4.035207312007211
4.025726138768295
4.035746222894128
4.036304172214495
4.026691311003915
3.979878458561903
3.980417353310048
3.973308649321751
3.980943451508969
3.981460251877417
3.974273813914825
4.024204284406357
4.025162351659533
4.007979574604122
4.000603045599008
3.99971459685348
3.990239635831123
3.997221831232074
3.998147740829054
3.988454114502825
3.995365134898647
3.996294292890432
3.981100181002971
3.980207037896344
3.982882523822313
3.98199197220154
4.022043837717873
4.021565685774663
4.02301210472518
4.022525689557608
3.9696617406817
3.969175318947085
3.97062175683833
3.970143594612882
3.509972639771168
3.569207966697747
4.031656990381296
4.032150751988071
4.022899163086149
0.007656762237805507
0.01153892408723078
0.003845636086583858
0.007968237761689881
0.003966863913155356
0.01189857591210726
4.022291792292837
4.023247435459542
4.006202515047034
3.998827014121799
3.997940210612791
4.133308417970005
4.17378339364596
6.874999908420148
4.129695180754716
3.447369548811024
5.732794927813503
0.8837553244946055
4.10251924991289
4.057804791988741
0.8662446753680723
6.992675879712976
3.820858194340995
6.108547547359193
4.004166293495164
3.565852025698619
3.973744794546809
3.579330711224436
6.124999510950014
5.874999067109005
7.138445485376338
7.124999787987139
4.006087626244041
3.975524061145325
6.61155601710486
0.01541426009900292
0.01583573990045726
4.01836240221329
3.966012524439714
3.968749994951902
3.98967907787249
3.991450872559359
4.017406878591518
3.966968076177834
4.209980730970925
0
0
1.191774917868033
1.193209451032918
1.129070542985384
3.864511313248343
3.835048431247217
3.831544897867787
0.1870571593203571
0.1557929458290545
0.2180944070096935
4.166503924947282
4.225363745449534
4.17361554201002
3.819431389434443
3.789888403352569
3.786426919710692
2.180314129797011
2.242654619260395
2.182712839169816
3.886810747659206
3.884997022926455
3.917987595470312
0.03103403785656926
0.01551343172519184
0.04652796722135814
0.1879428406826763
0.1565224661036193
0.2191407812023665
4.1944111991432
4.258101767094296
4.201384471728775
0.06299683217798847
0.04726325377940717
0.04722203277947389
4.154762479657248
4.123337428928823
4.117568470241761
3.885488697851876
3.915015137814776
3.918544372709578
4.095237504688767
4.119636484714682
4.126907093047374
0.09313433691982856
0.06209925873888007
0.09306455926445535
0.1241632420554196
0.09319857769231152
4.069931521548441
4.064162554619995
4.180588821748
4.187500012290184
4.119256801957954
4.107592426900292
4.159156259959181
4.208496079973512
4.215843733266044
4.14240757530283
3.059443074551998
2.996984767267125
3.056384071800116
3.348805942925889
3.414359116880994
3.289877937866596
3.893955632291885
3.897484873456466
4.130743208851554
0.09436566308121966
0.09443544073663249
0.06290074126192467
0.03146596214400445
0.01573656827506429
7.691803716993594
7.758694390275756
7.566701371347065
7.625000494231998
7.816867084354645
3.848346648905948
3.862980356524617
3.864828341725383
0.218359218801869
0.1559775338986957
0.250911846985751
0.2196776384113107
0.2194055929930156
2.958423223802662
2.955407565939547
3.021221593414849
2.046400179962344
2.048726816907625
1.984290875103866
1.071610764735005
1.0086216663976
1.070282574066468
1.053389235028092
1.054717425805245
0.9913783334153289
4.02451869039767
4.028446067560212
4.024783802344024
0.9293735289851061
0.9305611415689236
2.576033058787763
2.573314157575634
2.638772564052696
0.9456264708695432
0.9444388583438141
1.18322508231338
1.12092945716918
1.181790549096141
0.06200316782284322
0.07745805463920022
0.07752918455594897
0.04648674622114961
2.314998022444017
2.317498073295834
2.252445743169916
3.760335187205961
3.793365303194601
3.848964558861733
3.85245157224514
4.284241560960528
4.293819806866405
3.753437250542723
3.723887996074982
3.720461702103191
4.340758457654495
4.27463626495391
4.331180225356457
2.455814660177707
2.453171603971763
2.518662250331936
2.695888206398746
2.693088753500403
2.758526635305833
2.30499772795748
2.307501889092765
3.998229330425011
4.01277066839192
4.014673618069647
3.983491538056955
3.981724284944629
4.241898263459187
3.855955113874307
2.701507697825415
2.69869383125777
4.944015873031662
5.02546745655849
4.910614328474802
3.992020434563222
3.999072230366409
3.999995502253213
3.984660410883459
3.983771962340144
0.09430142230821389
0.1258367579452957
0.1567070541724543
0.2490881530163103
0.2178223615894465
4.030678244429567
4.031166392362016
4.021971251915128
4.018284018188362
4.01782172483923
4.026833473522441
4.027309224882761
4.018303746679475
4.027786100964961
4.028264347434889
4.019215126017082
4.028743923058343
4.029224920903205
4.02012986213662
4.029707528615661
4.030192006586472
4.02104839057112
4.014614989667568
4.01416033889125
4.015526608491684
4.015070395215457
4.01644166847467
4.015983684606818
4.017360619073047
4.016900625459383
4.033953706729409
4.034758721654137
4.02899003339918
4.020384119767606
4.02133747072948
4.004428359138577
3.997054077495883
3.996168503487275
3.888611421944423
3.855633214306621
4.185592894621831
4.192863491763277
4.025058361835585
3.978028775200411
3.981251762537765
3.981726521185238
3.977100856581373
3.980296665189496
3.980775250406249
4.024940080995012
4.025411986734102
4.016489569357012
4.02588480750359
4.026358664411005
4.017395317982116
4.013706396423306
4.013253137132915
3.967129410499262
3.971010062010193
3.967404016154645
3.967668978433836
3.971554261395655
3.967927777601266
3.962977291024377
3.959370268978185
3.973856079034035
3.974302352238789
3.974652670615546
3.974962584217877
3.993797491857359
4.000917769154857
4.001838987124656
3.986434793945584
3.98554799220064
3.973439900369003
3.972974858280026
3.974365802812215
3.973903506286644
0.07872081544520251
0.07879194536100233
1.194652217584077
1.066363525756859
2.320002282370663
2.821162447454839
2.185107466350102
0
4.303207842773019
3.694326593563568
4.321792198188888
3.878487646395079
2.45054083327355
2.189892554219048
2.952404147046686
2.690293317108374
2.051041194794915
2.310001994983551
2.581503712501862
3.890401302302217
0.155188832248174
0.09325930552800005
1.068966636037019
1.056033363941671
3.987909734968302
0.9432634390378839
2.934527362038752
3.053320875458026
4.011838138920985
0
0.09460689182955939
0.09424069447208075
4.014596960316249
3.98445858548633
3.877602349370007
1.922187704515976
3.08401385845605
1.18034778243152
4.009111465455605
4.010926248441715
4.012753555563589
4.020335057211315
4.033161885744147
0.9317365609388403
1.058636474372312
2.570603410133327
3.68749999169111
3.955750650894838
0.09289310817006652
4.031249956569156
4.009912496261391
3.979070925595142
3.96977806185063
0.157311167751797
4.008002543161444
3.977299134939705
3.824456944365516
4.013672969527355
4.010017469880985
4.021397440500847
3.975255472664692
3.985432984298914
3.96818246937501
3.975887536683486
3.97070206011486
2.647142725737031
1.857919785138229
3.149955074683263
1.320320175196252
1.318743844267791
1.38314756356593
3.960672812497394
3.975418983701235
3.977273542626571
0.7481452025250268
0.811500073715037
0.6866484355138477
0.7518547975372751
0.6883515645435672
0.8134999263806306
2.548966948088482
2.486710844784058
2.546237797393038
1.125000000095731
1.188922220826884
1.06378507933586
4.54868204800928
4.487260219464397
4.534768990820213
0.09263824372770636
0.108177419126802
0.07724671049170793
0.09486175627122964
0.07900328950731286
0.1105725808720957
3.99678566474751
4.004138952380925
4.005140093164028
3.914327193551141
3.928976471551048
3.930831017944906
3.868453786461586
3.883224777649077
3.885048426210149
0.6849358928885765
0.8094915026261104
0.8155084974281677
0.6900641071434415
2.424459136254458
2.421828418850274
1.177429504965404
1.17594980982119
1.239458840621297
1.19757049467071
1.260541158938546
1.199050189634127
1.251489470171815
1.190346510343284
1.429029429895905
1.430735850331688
1.36685243672933
2.427079589233377
2.362211825288888
3.739664788159501
3.769134690428079
3.772611597593179
0.6909294503522477
0.6273374085505652
1.061214920848754
1.186077779345974
4.449122321857426
4.512739830522567
4.46084390208797
2.91657678113131
2.978778405785424
2.919592447394654
1.314055835450465
1.312499999970479
1.310944164536655
1.248510529941997
4.425877734103238
4.414156144871124
2.611227449593902
2.551685827626993
4.576317968144413
4.590231008089064
1.18465348984275
3.04098613042957
3.044086161631689
3.901653323648623
3.916421715310216
3.918269611238145
3.886872345418523
3.555792093504184
3.585322376751763
3.588697552519585
3.710177407511642
3.7067291606148
5.880371715569217
5.972213620525559
5.851516129846656
3.621617685704871
3.592066593196481
0.6226625914731659
0.6840705496596243
3.975810201273223
3.97257124144683
3.975537062531482
4.023060312710339
4.023529170165875
4.014685147998434
4.023998691682714
4.024468996695131
4.015586254294541
4.010996018787514
4.010546230125287
4.011897145780519
4.011446314258913
4.032002253100106
4.032275442211214
4.027428717734862
4.032557014522991
4.032850207419844
4.027930532710387
3.981696248399161
3.985012155311319
3.985477191261232
3.980784874643351
3.984079270698039
3.984546218220952
3.979870151352498
3.983142030956606
3.983611207303518
3.978951637199708
3.98219980458838
3.9826715983237
3.975286899524465
3.974826909337835
3.976203824010644
3.975745848582113
3.97711710213714
3.976660893324244
3.97802715475994
3.977572504955098
4.024005076147316
4.023753467071529
4.02350441169997
4.023257414490503
3.968683013928001
3.968930008947967
3.99557164308492
4.002759323420979
4.00367896336273
3.988206495400604
3.987320924617784
3.983510425500787
3.986867361553266
3.987329185182051
3.982604677046959
3.985941414477481
3.986404787856874
3.978934357123407
3.97848109728309
3.979838951096195
3.97938696486344
4.021190991413748
4.021657373150158
4.012888739765303
4.02212436285027
4.022592031161119
4.01378602867868
4.009199686137324
4.008751717563546
4.010096922372305
4.009648080970972
1.304679824956573
1.306256156004659
1.445970570610498
1.444264150254027
4.020259846856021
4.020725159618748
4.011993120102998
3.989421830663783
3.98844567096316
4.472766835356292
2.922595851844022
1.317175696100414
0.1262826718078578
2.54349627865771
2.419185335904858
4.604334251570358
3.047173969126391
4.011818534824859
4.520665796729419
4.402233204738878
0.1237173281908475
3.991155989760162
3.987360638586738
3.972536866072613
4.004615090013048
3.897988712122032
3.562499978526536
3.680673408071257
1.301494336406507
1.32350566307135
4.007306829408455
3.988315758568626
3.986400070064687
3.971621467127873
3.973448747016901
2.429691900752229
0.6918036048660247
0.6831963951239493
3.982044707324631
1.361857280858324
2.554396589128658
3.99021299740426
3.975263529270091
4.005510546806434
1.307824304137063
3.673806215631692
3.614835151059143
3.872079692349403
3.979320436429969
4.006407743295406
4.00820799548403
3.989266318396955
3.974357523467504
3.980840260975945
3.976166997611972
3.980115619776428
1.388142717940716
2.67911181004368
2.681911254730891
2.616752891461414
7.316345289606915
7.345715238178741
7.412232432669053
0.4347312435992394
0.4353025313811236
0.3726277033466732
0.5660460360561314
0.5653220108356791
0.6289271665522276
0.09412574083929999
0.06274575166383255
0.09407037765209635
1.926603685272379
1.86439151269964
1.924401907607153
3.077826026881373
3.074748522917468
3.140530298548717
3.209580022506845
3.206399103170575
3.272353987282185
4.838474132801565
4.780204466453804
4.817802355532163
0.03133544745728178
0.06267410693218317
0.03135284387242347
0.1570960276503392
0.1885280277746679
0.1572010134624044
0.2172373734273416
0.2482624420905774
0.2173905530387607
0.4364134179922172
0.4672898171912961
0.4678768690056361
0.1554039723495892
0.1552989865375769
0.1864719722249
0.5589539639374984
0.4968400288799101
0.558218733232974
2.809615244215889
2.806728480353684
2.872070839069759
2.559801607910941
2.557101202036899
2.622253682991492
2.440099987574546
2.442701996680757
2.377549467506979
2.832807952976359
2.829880186536679
2.895618644311143
0.09337425916105142
0.09342962234849771
0.06225424833638133
0.2202626265704377
0.2204218177196872
0.1887870056305529
4.009265665562221
4.022014898854825
4.011330008837589
0.1556031000997763
0.1555050103357628
0.1867135266681343
1.425583791834849
1.487637763673866
1.427312695496092
5.714789816519929
5.777759707225879
5.742139108102118
5.966517701757702
6.029392769493436
5.995589007828828
3.430924981675529
3.460485385359279
3.463794285964013
3.437499987668478
3.407884088797549
3.404615878985635
4.956988709087072
5.020310299246076
4.976556965787546
7.549126069924791
7.453078801865447
7.578010245554494
4.794753844894766
4.733177414591978
4.77692402149809
2.92857388703364
2.931552624798632
2.866204405893432
4.719163876203331
4.796666405546469
4.683653312330942
5.078337705354033
5.100023349531229
5.009965694945552
7.183654649268883
7.212767049964292
7.279285130682967
4.084484351858679
4.086951329912194
4.065848475925756
0.04642966307522343
0.04638801028925274
0.0618981929030373
0.07888211047247204
0.07893813002955224
0.06310180709656948
0.04732033692449904
0.03154035997030039
0.04728862978297059
0.04646137021704904
0.03095964002963792
7.286882330353108
7.220593271059266
0.3745384464840628
0.4054963577713945
0.4059993993460799
0.3125000000042369
0.3439603434166443
0.2814200003296606
0.4385865820209199
0.4696231310122894
0.4702101828217144
0.03116455254277853
0.03114715612775405
0.06232589306808638
0.09390859928974185
0.09396195644565856
0.06260382627658287
1.802183735582733
1.804259240313981
1.988820253625525
1.928795176226789
3.32861640636494
3.331863249105249
3.265925619945768
2.82696473551854
2.764238429901257
2.835750019131806
2.769991135558542
3.325379876280462
3.391302553172049
1.739980355249765
1.800097919640175
3.080913746602377
3.015117317747632
7.154407127077319
7.088117453403937
3.996651542370311
4.006798761334053
2.815384722021873
2.812500005868954
2.877929088933014
2.707168156318434
2.704331835847154
0.07736788952703857
0.07731186996973219
0.04736198971034252
2.684706638685721
2.747160505904264
2.676306214928784
2.741473351395832
4.722106814645725
4.74068330729009
4.853525623131224
4.896915117654281
4.858750040226596
2.803837568825803
2.687499903936413
2.562500022191776
2.497350381937195
2.445308097314007
2.507957061149025
2.437500009393764
2.502649634771891
2.565198388232827
2.627746280414212
2.43490005380722
2.432298070145859
2.372450587098007
2.567898791192321
5.749932734320452
5.777957571706682
5.683696595131085
2.800940568758389
2.925589028325199
2.990946029813165
2.194685866286941
2.192287233559749
2.257345363266878
4.758927471651028
4.818767797374562
0.03137040439879973
0.03138833884041397
0.09401577304496697
0.1253602151830797
0.1255097128261499
0.09418248206152895
5.840702048036443
5.868959834167724
5.2143858431372
5.146475318370421
5.191709166546767
0
0.1256664872557517
0.1569949896644666
0.1243335127443686
0.09348422695568635
0.1246397848179953
0.03112959560126256
0.03111166115959054
0.09331751793859118
0.1244902871744063
3.496680127645242
3.467098604680353
3.378250771818905
3.411153775759354
3.371749239070382
3.401346279821071
3.470401360322567
7.356969860481111
7.328233206910546
5.083594920731048
5.104765080142982
5.126086062089027
5.147634211137197
5.061234879215519
0
0.09353804355516565
0.09359140071124789
0.06239617372392749
1.797999817282362
1.735915116543286
5.057195696476822
6.212209108015347
6.181970004560903
6.276328027821253
0.1568968999008793
0.188286473332584
1.449416207462588
1.447687304513616
1.512362235553361
3.453983898323493
3.450671928912194
2.197090639203535
2.132023740359436
3.203230213311498
3.200071616755767
3.503319896218737
3.473705779085362
4.200862997867728
4.20525434180679
4.16530942297478
0.4981257752863805
0.4666954400039559
0.4993791412083764
0.4684595441609825
0.4049886004343991
0.5018742247254364
0.5329062326069759
0.5335782732449282
0.5006208588145383
0.5315797706752178
0.5322409870947745
4.111636972834904
4.084690549088351
4.107245631565542
4.018747620095825
4.02266665335259
4.018979952271636
0.4690404558592774
0.4708045600020312
0.407511399574385
0.4070036422411746
0.5302590129302618
0.5309202293531268
0.5289217267645445
0.5295937674115854
0.4402687563961172
0.3773722966491505
0.4396974686203396
0.375461553527515
0.4065006006684438
0.6210728334398854
0.5596779891700304
0.2832113654557711
0.2834101075444653
0.2517375579062354
0.2792886345402247
0.2790898924507066
0.2201094469597826
0.5667812667506691
0.5031599711147502
2.907725307351599
2.910677154218401
4.029457004611147
4.025011584558998
4.029211460585046
4.028966898995645
4.024538559007744
4.028723229309334
3.985314846512751
3.988710625545788
3.989169889627382
3.984413739609781
3.987790331593554
3.988250784296954
3.980741179362037
3.980290347321068
3.981641264256769
3.981191474559852
3.971096913026652
3.974988385436296
3.971333512579406
3.971569506029689
3.97546142931308
3.971804949817884
3.972039861558152
3.975932203909294
3.972274279927803
3.972508229784436
3.976400966836093
3.9727417532492
4.021090557543806
4.020853967037363
4.020617982414642
4.020382546674219
4.0201476408448
4.019913229911682
4.024067796533299
4.019679283190592
4.019445764853642
4.02359904380278
3.978355525380104
3.978601044518413
3.978845595631712
3.979089306714726
3.979332210055512
3.979574295730504
3.979815683623622
3.980056472589153
4.019330727479545
4.019795086322125
4.011099013785569
4.007410169751309
4.00696371005589
4.027996832232938
4.028238191084717
4.028480317047745
4.01747727333039
4.017940014934593
4.009314767739633
4.018403172785879
4.018866738884062
4.010206267931183
4.005626255698173
4.005181032859804
4.006517577961125
4.00607176547032
3.987111258993267
3.990544440703474
3.991001572461808
3.986213968168347
3.989628630775201
3.990086798278137
3.982539415938072
3.982090572782882
3.983435781830737
3.982987811496128
0.1862129943683479
0.2170781822773865
0.2810799996772198
0.3435396565934596
4.018479356828226
4.019431525641033
4.002656220906245
3.995283373733952
3.994398601710667
4.016552772261773
4.017014849246562
4.008424383611584
3.988006881896894
3.991458241843245
3.991914448802763
3.984330524142476
3.983883346906004
4.027037275506347
4.027276256898817
4.027515848118187
4.027756019827939
4.023132050753425
0.00381515262760259
0.005754349619318956
0.001919186985542668
0.003997347372184623
0.001987063014253683
0.005964400380319613
4.08241996355275
4.102985115484081
4.019212660593106
7.375000298581549
0.03119897951614395
5.897330210224033
5.169483144225976
0.2199613337965539
4.080655977608073
0.2175386662025636
0.56390059088731
4.034867567990032
4.013093981725102
5.769607519503719
6.092243562358972
6.024765671667854
3.490027360545291
4.99628423764129
5.036524609624186
7.606909038929074
4.001047633637056
0.4375000000087157
3.994899832609539
3.979759910195313
0.03130102048407202
0.5610994091387326
4.955517545390021
5.617267426626967
3.986141987833848
3.992095820102716
3.977068163705557
4.003721214651253
2.937499999888316
3.444075001123137
4.001937611466502
3.995829932819376
3.993967618371057
3.978864450364883
3.980653787843728
6.151928382497285
6.340346024519001
0.3763976690360727
0.3736023309690012
0.5625000000168656
0.007690078294711149
0.007934921704761701
0.2788861041941009
0.2836138958010163
2.943447326198169
4.034164649331636
3.993032957896406
3.977967251311058
4.002828766973974
4.121382441695037
0
0
0.5911519342548063
0.6222684409384774
0.5915271701556135
0.3452457316681568
0.345026777554904
0.3766366546314276
1.877113453911083
1.846877212668109
1.844791997173047
1.161122478404973
1.1604230588893
1.192491317202251
2.649320874035253
2.647932130977251
2.680512314665408
2.382656521139043
2.352596973497418
2.350064002656812
3.833299189502814
3.848027228254331
3.849782084357469
3.187500001876759
3.157808738235245
3.154691270689167
4.893633085835272
4.871068528469322
4.852838909928098
4.434091288834557
4.428451198531416
4.466771181718491
5.456769947448499
5.473431533426002
5.500456802887099
5.360412997614032
5.340391162494782
5.316664773604264
6.907627018553365
6.892606773527001
6.860029458155087
6.563621494224318
6.547758597719202
6.516121704228514
7.683132967289993
7.77906098902015
7.654086278146571
7.378955026402316
7.364273896379192
7.331039581253521
0.8782263802937631
0.9090261262387098
0.9101439650902549
0.4039469411823352
0.4036789064964217
0.4350186721212517
0.8695947941405892
0.9000965652932821
0.9012310809958365
0.1869443290431271
0.2025811649726616
0.1714203732597382
0.5971049397926291
0.5974871541829587
0.5656826616416416
0.07841238528171111
0.09409796733129518
0.07843532399839272
4.199826461401623
4.170081332365774
4.195935048705199
4.618718087932781
4.578377198949916
4.644563987525755
4.262374134727567
4.266958883036132
4.227635699652007
1.569770398495345
1.537497586772095
1.600215994824464
1.303093251086591
1.334957274154106
1.272819786123294
3.424328070064588
3.39479257131266
3.391504067918218
4.320617826357926
4.342757327427524
4.355069070376402
1.215105656556205
1.215836011840607
1.183939959739834
3.457306627497519
3.424294390348823
3.486992009821053
3.788156113472414
3.802927250205928
3.804661127054028
1.894411721558831
1.925504075400516
1.895496961443641
1.946204766760696
1.978677381220571
1.91592029914868
1.623125604905238
1.653391728473139
1.655297648566985
2.818271456116707
2.851022071497464
2.788410013506649
2.297440132367058
2.267599117445597
2.265090493387422
2.88996452670894
2.888472309047021
2.921095499786104
2.212697408389675
2.181514160350881
2.211484046785154
2.73429589026744
2.735720888349476
2.702918432340981
2.071654778650525
2.039158718969358
2.101852528198085
3.651153374331838
3.649451646600162
3.682382355306899
3.901492412631345
3.90239940758321
3.885905667526245
3.904500152075949
3.87325660888377
3.902749537011692
3.10762834558713
3.109178640312688
3.076285987938539
3.050251517146787
3.017557366384644
3.07987153388838
3.312499997001928
3.342133846839408
3.345366147574915
0.03102267378350609
0.03878320420445271
0.0232728055578619
0.3431170849300832
0.3743064504488205
0.3433287771865013
0.0467848803025859
0.06237867295480518
0.04679789309737426
4.036341355114783
4.023572316001501
4.021187518311662
4.364527974299317
4.338815710335322
4.328889226728953
4.037073232099552
4.038168913190667
4.02206332820977
4.106757179576905
4.139451575321677
4.109406506699181
4.454024833149743
4.425012320196132
4.412597007915449
4.14938024357708
4.151340852526427
4.131455620005541
3.800388534673516
3.831717179762276
3.802161068572381
3.239365637857828
3.24096765933137
3.207987805640846
3.477014591502603
3.508306871169715
3.478671612516083
3.923888561558386
3.909128158670836
3.907336621161625
3.72732258756688
3.696038103570906
3.725603948300039
3.961055979773454
3.960172489014817
3.976696767375679
0.1878311871063529
0.203546600837758
0.1722274394503892
1.35092865270285
1.351734418180897
1.319530822536333
1.675815120259777
1.705881127922714
1.707883485632206
3.665127184840797
3.679822880061772
3.681573548065227
3.168600926486159
3.198134186392228
3.201328599728087
4.23002901655062
4.19788594092411
4.226254461615457
4.358610815529776
4.363616533342578
4.326469808842855
0.3098758495887363
0.2944879448783216
0.2942725782137802
4.58928437230132
4.608665147958254
4.626537599386773
0.2207608521523709
0.2049113126797402
0.236435325058277
0.3132647785959459
0.2817614717557076
0.3443829150786681
1.824902069234336
1.794507365619794
1.792445209861995
1.555229602701807
1.523205219572481
1.585424424130817
3.64432999777575
3.64604043558721
3.613132911066703
4.165751727872099
4.138655519431998
4.16073575702617
4.799234927763234
4.82818853192325
4.809314369313455
5.016246550965916
5.059441043792352
4.993195459518575
4.68750009875068
4.663925964883231
4.648573968428781
5.961082980030987
5.943562834433735
5.914903207255461
5.336221032388662
5.318810864616509
5.293429338704482
5.791352376024053
5.730801679901259
5.761540683575546
5.119500188675582
5.179935432949542
5.142287281157636
5.853314420501533
5.871717812622853
5.900290842876888
5.213873869529178
5.225215487130689
5.180549901263323
6.096164027347373
6.157801971738177
6.126686902694225
6.658191171559973
6.721240096906465
6.690258866356775
6.37142709412507
6.323788501926197
6.387898559482332
4.921876397980343
4.897367496689335
4.878589132027454
4.506282036441123
4.470090722799625
4.527871049712739
6.311378476591914
6.296378028356067
6.264741312215037
0.04724146894048307
0.05510694949368186
0.05513125767347474
0.04701746432153812
0.03134408349757257
0.04700427220759813
0.1728691751872284
0.1571479928514126
0.1728117966964562
3.828017171547761
3.796825944255829
3.826241641249225
3.944552865981896
3.937231505042085
3.936296268100858
3.921591729246431
3.936287106547558
3.938082433091099
4.088658635250281
4.072562475962963
4.070177678572986
4.246047374579435
4.230556289776754
4.225564490129821
4.090688680513006
4.091630770238008
4.081515804731399
3.976343124215833
3.968971688230781
3.968045654366785
3.86125832958786
3.876025333930846
3.877809346140663
3.994808141348516
3.994355117146318
4.0026396346176
0.1392607175478958
0.1237853703272527
0.1391891678494364
0.371596963917257
0.3403746510820959
0.4022881651121891
0.2328322841039856
0.2173146563812419
0.2327498521482644
0.3784030360758497
0.4102118348805405
0.3471253489133502
0.110438617196643
0.1262146296716509
0.1105032516702465
0.3146838378162666
0.2990512406625226
0.2988453575772177
0.4408529310784333
0.4090926974452036
0.4720246272774646
3.776073091967957
3.807304207873971
3.777799987246463
0.4675841026495693
0.4521403710094617
0.4518566432671797
0.1250713980890359
0.1406654511793494
0.1407464049943205
4.120404137253606
4.136055044568089
4.139124993707246
3.916777177282317
3.902014094113765
3.900252832679159
3.819046214748376
3.802575539441743
3.833701661130927
4.123341970674802
4.110999601385361
4.107553661860019
0.1708808248124677
0.1709382033033123
0.1553520071485159
4.274902932483066
4.280858747558953
4.247505798226332
3.678514477649119
3.709872757565487
3.680250204447838
0.7490737376323422
0.7174156900587126
0.7798044635125726
0.7566043138857328
0.7246269051189826
0.787606517298396
0.3456929317651565
0.3771236558013464
0.3459221143424355
3.946960215528896
3.9460775199937
3.962572968831009
3.9251592765155
3.91044362914241
3.908670196556598
0.750926262442672
0.7826955365664323
0.7200843100023505
0.4341470689125372
0.4028543485357046
0.4648471089598805
3.845487123580961
3.876743342752897
3.847225030553062
3.82466060899561
3.839431740582723
3.841185600725546
3.762111450467355
3.793282871351855
3.763877333421985
4.030909501732963
4.018716645838629
4.016069491122428
4.065330450579279
4.052210233331142
4.063124635994352
3.914578065234293
3.930253294122842
3.91549861879361
0.743395686052732
0.7748934826409573
0.7128730948362859
0.5275490299585514
0.5585878159425255
0.5278963434695846
0.5325729636688559
0.5167476353462096
0.5480658348021871
6.80625233205329
6.79166061877743
6.758752506732716
7.068746710028928
7.116719858002885
7.053746794252545
6.655297483681874
6.592967297041125
6.623061211836102
6.897309973414118
6.959427109081804
6.930490997654918
7.950873797613852
7.921920542717435
7.854767785369593
7.353408508030935
7.386819720472266
7.290573439031171
7.041699412932108
6.978298737751842
7.008561691949547
6.460200583424116
6.521703184302773
6.493107557248116
7.395396152937232
7.333014793061132
7.36184803986067
6.466808690494928
6.528760777220576
6.498767109050144
2.516487309100802
2.547603775665224
2.51783834535333
2.839388596715179
2.840842822071302
2.808172102784376
2.589665512362296
2.591027455619085
2.558451661460084
2.387788153930045
2.417866163777548
2.420466508039437
2.222379543345301
2.223590619663893
2.19108958467419
2.410113062121302
2.408824947052088
2.441400747708781
2.889686622513995
2.919558965667779
2.922535485319994
2.660405624600679
2.629120230987596
2.65901990910283
2.976239609374379
2.944936187417253
2.974740154430869
2.367343488268056
2.397224635890871
2.39980852887826
2.173072923636353
2.202933260558092
2.205389154480162
2.357039098363151
2.386797199832094
2.389422129353836
2.113266520061739
2.083320350506223
2.080983673175806
2.33996351802018
2.371175073276614
2.34122617244143
2.057930815823678
2.02786570059255
2.025606088964461
2.633247144837115
2.603292163982632
2.600560609972087
2.862737174982728
2.864213957290311
2.83134225875522
2.578762210002517
2.611537638108444
2.548723465241094
0.031074739595822
0.01554315981267986
0.0155337763360073
0.0155012352751479
0.0154936243447154
0.03099656160574828
0.07758980198276408
0.09310028034723085
0.07761774134398648
3.899666845083162
3.900581712784462
3.884084558397868
3.949963893031707
3.949478015145353
3.95774712522168
3.953738179833495
3.953273930368563
3.961526516005139
4.059810367137684
4.051484400822817
4.050332356183077
4.139699456924284
4.131734733406822
4.129401884119092
4.055491529002203
4.064826311497465
4.056457461374284
4.011002813772557
4.014681981371059
4.015167432659945
3.94408317071257
3.959750840695963
3.945002599180768
3.991088465255055
3.998462498904868
3.999386840133857
0.0617856799080622
0.06947969727324126
0.0695489595973157
0.1856101438148602
0.1700554992985889
0.2009979369381701
0.1084254452391645
0.1239094739139502
0.1084759542311189
0.1893898561829915
0.2052520630598818
0.1736945006996946
0.06321432009109375
0.05535426366843192
0.05528554881314279
0.1418559859528649
0.1417942577803904
0.157620805386715
4.000084237117032
3.99419027114186
3.992884829398059
4.042731178418537
4.045922725111135
4.005053758609669
3.998743822105535
3.997656471700143
2.670668265312505
2.700351053302766
2.703204204916946
2.327559879892891
2.297409510351274
2.294900877782096
1.933155817331774
1.963246711000576
1.965450078955987
3.068615957670494
3.038845021939964
3.03580495170795
3.873913320943775
3.873018942576607
3.889507567628907
0.06217967616637383
0.07769564438771955
0.07774443634116857
4.002960043216164
4.003476688069608
3.995879484280675
4.094090475167683
4.077680483791449
4.075033342971731
3.957012466688172
3.971768052436005
3.97358574036733
0.1859279800288525
0.2014988839890616
0.1705060042786475
0.2838223170094182
0.2679573603382779
0.2994774217811886
0.03142526040436082
0.01571622366413532
0.01570684018734436
3.909623795364421
3.91691814054913
3.917875727776709
3.838886417070803
3.853674647687948
3.855479429892593
4.118185484281672
4.120578211536067
4.10492550930849
0.07783761471869138
0.07781467600190768
0.09340203266919023
3.959222203292204
3.95876987496666
3.967016701545001
3.932664345513105
3.931749996735945
3.94824856344768
0.1086879178880205
0.09316697486512199
0.1086493625386155
4.041358105492121
4.054335748744069
4.056958904482394
4.061093414787198
4.076423904590865
4.048855581098303
3.953408254471195
3.938648549725963
3.936860040033122
3.927502976313388
3.910931144717063
3.942257594258077
0.2794824002434313
0.2638677873324022
0.2949046424188997
0.2167391478445068
0.2011711388478479
0.2321301445615311
0.2045986251358325
0.2045249705390201
0.2203414500568185
0.1890720199689152
0.1732439957197925
0.2047511160083715
0.01574876472505073
0.03150343839464752
0.0157563756554428
3.866671909670642
3.882246710625122
3.86758907825396
3.971793003542888
3.97963584948609
3.972270324381219
4.016723523698063
4.010334153362029
4.015630206556471
0.124928601912999
0.1093439903541179
0.1092819734663452
0.171104669128621
0.17115863027766
0.155554400787634
4.075416521782349
4.104598067470772
4.078093495246279
4.067095850743791
4.079624989891622
4.082694943765839
4.153091903230823
4.149926856149992
4.184048836209943
4.133744140752818
4.162866191673381
4.137059073978563
1.315613709966103
1.283534790030246
1.346133712499868
1.101063609278389
1.101740213944215
1.069623254382015
1.126354100548991
1.094409713600807
1.156944004038726
5.56459197236236
5.590731705632503
5.499112853445709
5.232712853223818
5.253151723622609
5.276205253633372
5.48787676589366
5.506939663126906
5.532507020280181
1.573446582808507
1.542919148098904
1.541101354173882
1.566126994701999
1.535707390221284
1.533922380914665
1.695262578698332
1.727625327141069
1.664852427466304
1.434126132917056
1.464450821476105
1.466172539033176
1.115406291640674
1.145696154123612
1.147134517859966
1.457492303077667
1.426450043847126
1.456610096997359
1.118188370031277
1.087781649421464
1.086436390646503
1.373378714630253
1.342955861533353
1.341366287468986
1.059927759038202
1.091769796594092
1.029373935932211
4.069432702879861
4.054487303294991
4.052307429314902
4.178755857780622
4.175440929197958
4.212133807702068
4.078812300414185
4.06331659204022
4.061087346812801
3.980535330676032
3.980093624595091
3.988351892431103
3.987626932523284
3.987181806817667
3.995450797610518
3.911502663575166
3.942772513971379
3.913257269606425
1.196105211012612
1.228305410874629
1.165365481897583
1.379872162525198
1.410388775736606
1.412051529780156
1.386464038678479
1.417090853548055
1.418794648977661
1.558873004327828
1.528577617933127
1.526792609573314
1.551553417086264
1.521398646324342
1.519580851402221
1.67973742995956
1.711856430225914
1.649568678073595
6.0836474852899
6.113457465459309
6.019198745166896
5.760065379639886
5.728457829001567
5.746281076643267
6.012583373719184
5.981047544947669
5.997960935242659
5.014282826790151
4.996033745567305
4.973627964371842
5.264586957221776
5.245834511250502
5.222109108220097
5.020234921734912
5.000167485123826
4.979317958209371
5.641579451633371
5.577445661408212
5.61511510237364
5.983674959740823
5.965683032708464
5.936682750957913
5.815982036497934
5.797054870590385
5.769008188751612
6.215413356990838
6.198757756359442
6.168630617808266
6.499677317069243
6.48348967944309
6.451891607319117
6.273483865128771
6.242697653013107
6.338207263643388
0.9752949836455106
0.9759017407957835
0.9438498039505713
5.784298249940047
5.722240940876222
5.756039907558431
5.458444163980226
5.437735673900815
5.412894253246668
6.217883094949138
6.280673486395049
6.248313487606465
0.9352091802193625
0.9657957426751723
0.9669795145080524
1.69137308667557
1.721699234897903
1.723668812604503
1.638235916845876
1.668724696811895
1.670679829030639
1.68362691016899
1.713831183679113
1.715800763026057
4.096336085778451
4.127869358367359
4.098924959694591
4.219644940830203
4.204473937785115
4.200789419937449
3.949840724190214
3.964600362277108
3.966380594321795
3.90799983253447
3.906250013750592
3.939256524206516
1.860090665166786
1.830109829212605
1.827975383892753
4.898442523742451
4.918820825694064
4.938870976561215
5.049554669848098
5.008603256846615
5.06658643058471
1.80838784887789
1.77821111570029
1.776181771481301
5.521685735984722
5.537210323289958
5.565782324492076
5.598205543508997
5.615661934013196
5.642732391024815
1.626874392465503
1.59651598424069
1.594671587374888
1.699184879790705
1.729616498206072
1.731618888416843
3.842012898604135
3.8107691260347
3.84027496846436
3.88023345090448
3.909750480286634
1.611764082070274
1.581675212211334
1.579781593265591
3.181222750600261
3.148451017172493
3.210852519102158
3.193777259364977
3.22348632106722
3.226647525818263
3.062499998922203
3.029732040002874
3.092211469858333
4.64868242218541
4.621829892394579
4.606869996679603
4.564667196970223
4.557914193742716
4.597250357191469
4.751817597249429
4.726677395374191
4.710611005388913
3.417693368924187
3.384896001862046
3.447160795046311
3.462140523126311
3.447357551416073
3.445707394396905
3.296383580281609
3.358697416779359
3.299620109026198
3.026695049340168
3.057913924361484
3.028213807704615
3.01449562001555
3.012960778086312
3.045631411994407
3.174928414088031
3.145323937365741
3.14218964210905
3.318930693536203
3.289243535563447
3.286043827159478
3.306069316770261
3.276456171218625
3.273256483090719
3.406249987961384
3.421055709035276
3.422694264513379
4.019004630120064
4.019497702291662
4.01134222523696
4.011072200801909
4.011571547399318
4.003684704807197
4.085977671059565
4.055567292440284
4.083368649569949
3.668169984838893
3.636867081192617
3.666459575099044
3.384762497252222
3.41442730153807
3.417707479344895
3.536255496683541
3.504981053205947
3.534586208252952
4.998637313330592
4.966764011007682
4.98865801953919
5.080316588537609
5.090898657802558
5.046812054086397
4.88431711247928
4.842315639870796
4.907974590942985
4.655693867966001
4.677697738273969
4.694205695015401
4.71930588259434
4.7432935025098
4.759802641384898
4.562500030379405
4.524614008145683
4.586587205604109
4.511293474937633
4.541741642022068
4.517966196267865
4.476317569451255
4.455630030818599
4.440669990128347
4.623182676754105
4.601889218687318
4.585822794423732
3.966388000838909
3.965943198325902
3.974190060527635
3.973472975293455
3.973031371362112
3.981282318774745
3.899242746401267
3.88275380915939
3.91397450080456
6.954644860277609
7.016781630212447
6.988179992355438
7.515536183952194
7.563568065213954
7.501107931517668
7.433298582000319
7.404194147676077
7.337510936348425
3.134301622654055
3.16404904880488
3.167176104131161
4.755283003938239
4.785849036472853
4.763956613173483
4.84807594011117
4.824655303706481
4.807209176315381
4.510734697220939
4.538416778233428
4.552341758138954
8.008863278185926
8.037882706624327
8.104898477585108
4.734034159614044
4.760072756997775
4.777561209639775
3.542271081618723
3.575129155692608
3.512815737044088
3.352115711135768
3.319352301803297
3.381574292586895
4.34318939102374
4.366911456630702
4.378408751505387
3.641995151019529
3.612370862175441
3.608960073998567
2.89886818778228
2.897388900353179
2.930064025500068
3.935743464229336
3.950484895648501
3.952245069211078
3.103199998398176
3.073654309361697
3.070526762780932
4.046187698526972
4.032662653235952
4.030433405662256
4.091163928115672
4.093750013212128
4.060191300985651
3.628382315939489
3.59880257749041
3.595433321702038
4.740027463709553
4.701648981916708
4.7577419867905
5.19083998777242
5.169402426422561
5.147595668956408
5.054756018237224
5.044183857553707
5.089111606092469
3.895722832065029
3.880997178290566
3.879235917692108
7.246044758135008
7.231460537911637
7.198225897317595
4.159408116694957
4.190951187422482
4.162573159896349
7.74113668724745
7.645140972109298
7.770101409660447
4.785716404721088
4.8109627786285
4.828836646054267
3.234074390274816
3.293136748291112
4.116369460132063
4.088575042752788
4.515965548621107
4.496427959999535
4.479901344800374
1.941844178022728
1.972049916441851
1.974253282486512
1.95059816370114
1.980902340706805
1.98313851792122
1.820740702735146
1.788352757836819
1.851058861236639
2.076273160861494
2.046004141589904
2.043711715394666
2.067069169749472
2.036893904220065
2.034634291546928
2.166924879114768
2.165732993975801
2.198295932956527
5.912790901040371
5.882303771918824
5.973671271385489
6.250568781498213
6.235019390592151
6.204126442594338
6.002963921957525
5.986879027039222
5.9572140865851
4.050857929364108
4.042883123690174
4.041858172934543
4.104605826947328
4.107394403047567
4.055195340599017
4.047059096688262
4.046000470327217
4.004518810585926
4.004293291092599
4.008433640160911
4.008149729527317
4.007921355435936
4.012066648444517
3.96996289483058
3.985621407944488
3.970864056665205
4.0448476040312
4.040586317053673
4.040003743221646
4.076348836456037
4.075187573775068
4.085650968978547
4.048029181895936
4.043833506436717
4.042686656354624
0.03856783692140165
0.03860472845839118
0.03084528236615621
0.09271090551905978
0.08494270816398222
0.1004080253800378
0.05414181561434125
0.05416361414755653
0.04640992069218772
0.09478909447986607
0.1027169746188885
0.08693229183490787
0.03165471763316581
0.0277240965839995
0.0276825874515253
0.07101766500487934
0.07099227477893691
0.07890903624105353
3.994510518154172
3.994750802758011
3.990920537428329
3.990628532116639
3.990873709504554
3.98712100284268
4.02589609768381
4.011642066220585
4.024740606638893
3.968869298310383
3.968641149229584
3.972765151687013
3.972494576775512
3.972269202271901
3.976392497865377
3.934481917240486
3.950069713306911
3.935385945527721
0.007884235550221485
0.01577171477240904
0.00788796738733606
0
0.01574231680370025
0.03941578085840512
0.047303368470129
0.03942994881888796
1.816612148029828
1.786318226007327
1.784288882949345
1.88990935669883
1.920267180518834
1.922459614336173
2.127338480180387
2.097217345620842
2.094905394055909
2.141484353642677
2.171718252999398
2.174133926294633
4.007304660572622
4.000874533125874
3.999815909738197
5.879411175277984
5.895616948440907
5.924922325093311
6.003574589550891
5.957635838098841
6.018260505168906
6.406194953066403
6.390371498227883
6.359282383139562
0.09447326357153261
0.08661510331500917
0.08657927568751496
3.892182214343658
3.875695240166038
3.906889958343583
4.083641888964866
4.067853897092139
4.065571470938555
4.126406563195781
4.145708951896511
4.110327252422485
4.062415723175515
4.053990140977129
4.052684695660866
3.989251486396785
3.996627873490334
3.997543115170126
3.9681675552401
3.967273120137534
3.983822557748107
0.1083113828024924
0.1083709151248999
0.09283898119889972
0.1419892824507222
0.1419209831654233
0.1577628849782207
0.007737032612776383
0.003867968686254166
0.01160069058472875
3.994838940575239
3.987478067961403
3.986522740117782
3.933970190121836
3.941353604134019
3.942287637579615
4.028178525230421
4.029308647304369
4.013760344102989
3.918892925074125
3.933574806698342
4.072698439436107
3.920317782645501
3.903781050044199
3.935079802793063
2.201927069781084
2.232110838718334
2.234566739932971
0.07866019801836475
0.07863225865697743
0.09439971965379505
0.03147732621703149
0.02360219444254092
0.03934179579628579
3.939869403430039
3.938976874521076
3.955468036286772
3.953677433094483
3.961025263135203
3.961923420022702
0.1393940140461574
0.154879194611933
0.1394557422186299
0.1082467483286824
0.1004786963422323
0.1159470349823802
0.1103245547606233
0.1103790848746298
0.09455829196646226
0.09466101880047142
0.0867997754883954
0.08674524443589969
0.03870921914153971
0.03869505118094557
0.04644663152972102
4.011984120859013
4.015658346151501
4.016157464694954
4.004637226983668
4.000960821175107
4.000463308765125
0.1099884944012524
0.1100247352908837
0.09427069249440082
0.04718744068254601
0.04720420357245005
0.03145505425141218
0.1568010946817912
0.1725380997139633
0.1411600031272729
0.06282032383364698
0.04712677017131238
0.04709853973271727
5.50988506555589
5.492220661158399
5.466095611377322
5.402654925694402
5.386517973664678
5.359380301635111
5.57774745238114
5.561193727592989
5.533674361520597
7.604339378478422
7.637867114870972
7.541661568699793
7.253718991684607
7.268450627313183
7.301627908639738
7.470808477198409
7.533343819654199
7.504132391352146
5.28426704735883
5.300450527536809
5.327056610201206
5.387123405949003
5.404992868501374
5.430560664740138
5.216122776853502
5.233681017327083
5.258458651513739
6.970243761472973
7.032848764589851
7.003014880185177
7.134915964513025
7.149844806428065
7.183114185964861
6.94280149820532
6.957922593115446
6.990720435659367
7.662667220005887
7.629257820255462
7.725233021994915
7.979859603660296
8.046990536693182
7.796766889019733
7.763153018499713
7.859357925456153
7.161422463903712
7.128407851007332
7.224166384427524
7.546023727990592
7.512433828487219
7.608776388495063
7.294437174868465
7.231373451707846
7.26099101588112
3.927091448888197
3.942660805510511
3.928038628594172
3.96040498421213
3.960151766491226
3.964294093198644
3.958708446412905
3.962361324854999
3.962838623327422
3.923499824727285
3.939082057927398
3.964254399195096
3.964019862861635
3.968147261822643
3.962451913924785
3.966115384508237
3.966577068283946
4.040429869072375
4.036295081223743
4.035789111579802
4.079098147630041
4.031307367334167
4.031431972860376
4.029089036775003
4.008154824943125
4.011840452990349
4.012308106924371
3.983715341581691
3.982792952456453
4.018515647773416
4.020591041271107
4.016672184190887
3.976989974844111
3.977137819796277
3.975397163396279
4.005802180687918
4.007342185176764
3.987581783647257
3.984536688008145
3.983993119721259
3.989769242540207
3.986632156370006
3.986117807084198
4.019966767043538
3.98101374029752
3.979172440804123
3.982615796626948
3.878529822253612
3.87121849601542
3.870292957773593
3.932453084992937
3.940219294818216
3.932941646068107
3.89595728521604
3.895018016324964
3.911523484312979
4.042493354140292
4.034804608781232
4.033809013706955
4.112083476943525
4.114801555977363
4.046640738811977
4.038813136591468
4.03780618412125
3.997359049790574
3.99713677457471
4.001270025575009
4.000925932844914
4.000702341449489
4.004838800775884
3.962825877314394
3.978470164709722
3.963712466489159
5.641457027039031
5.731416106099908
5.611947483152164
5.632860786169268
5.649803816089702
5.677440428524068
6.780001077840255
6.717642311079727
6.747472144935842
7.091977983986998
7.106653013416899
7.13972485227503
4.074093733442703
4.058875053923256
4.056676772310538
3.957526417505702
3.959289790859777
5.350448013529346
5.368942286777505
5.393827107157024
5.199358526458702
5.157237155375831
5.215222892479439
3.929906880768847
3.922579351741765
3.921653306046662
3.951870459261546
3.951398528147891
3.959656530673373
3.992947168143567
4.000316987458025
4.001254540979507
4.002689613950905
3.996542629275945
3.995390576490672
4.014651816980028
6.851203540211294
6.866565350665099
6.899525826271471
7.720914753020946
7.754339770816954
7.658396129114151
3.955581924481383
3.955122790649232
3.9633723951661
4.057446239197019
4.049218528882359
4.048131183353218
4.088937496157075
4.070782777007297
3.97450000181361
4.037097821550517
4.029546993663009
4.042473114425534
3.863903835099213
3.856585881545537
3.855664953503891
4.133079352926899
4.099291090171444
3.982031960923927
3.989410957661268
3.990305366657267
5.43401575428007
5.418486232768251
5.390441676384359
6.719701930739446
6.782357741115981
6.751938247430894
6.877528829069183
6.862393490005061
6.829905176635286
3.946298287431129
3.931538617098965
3.929775511521818
5.166554758332835
5.149604971440767
5.124763712441171
3.786113546441072
3.769659928663176
3.800770386626696
7.105008929673975
7.11996975187029
7.153342159542627
3.989317951052406
3.995495689589668
3.990417558875208
3.896892421459129
3.880392404956407
3.756778057082829
3.742099688575077
3.740323088268648
3.835525181171327
3.851098119316739
3.836434380603031
3.601119455240563
3.568272173592892
3.630512504260891
3.789708145500688
3.804381515435815
3.806182680285664
3.608004861377543
3.640897596046321
3.57853997321453
3.699775883977984
3.730942506464932
3.701521938284824
0.2803923633367152
0.2492436013389989
0.2802165123739216
0.405748284983467
0.3902640272945812
0.3900224720956535
0.2809096462763674
0.2966047083354001
0.2653850026637012
3.805721970945103
3.790926919859795
3.789150323184153
3.769057462797749
3.79862271359029
3.864837529857684
3.881408885625921
3.850067312474496
0.4377705282637445
0.4222661109032348
0.4220051941676507
0.3448101915032795
0.2821076366672687
0.3126901718730865
0.2969649888786222
0.3282250746507849
6.247517118856185
6.261981192276292
6.294223258038966
6.374601002375115
6.327873183551549
6.389813115453682
6.188292038855438
6.203312107637438
6.23471890033812
0.06253458365496611
0.04688784981721421
0.0781467801515779
0.1876100358185073
0.1719251006368163
0.2031849214149971
0.1252148945903835
0.1095929907106715
0.1095303081212518
3.61922786503318
3.587846961427427
3.617509981077818
3.7377240782716
3.706388557778901
3.73597809963289
3.744745839634845
3.713366716111485
3.742987294900556
0.1873899641849616
0.2030650785889274
0.1718248993662196
0.06246541634601671
0.07810321984976121
0.04686215018346655
0.124785105411184
0.1403405887451631
0.1404222762456127
3.998610148319621
3.994643725963256
4.002113690898118
3.998331523297264
3.998568858461951
3.994666966483157
4.034874951548423
4.020006653248593
4.03377039533978
3.976083651518424
3.975860158703525
3.979983523194864
3.983327374472106
3.987451428086126
3.979647942543107
3.941649640695522
3.957251772336793
3.942537539347148
0.4699158973661532
0.454393356745977
0.4541096290059907
0.2184900031577537
0.2028245962414332
0.2340246847007738
0.1871688128968874
0.1715225605523534
0.2027033991659014
0.4044730799501151
0.4047320970302962
0.3733633453712812
0.04673253567866437
0.04674572779257007
0.03115591650253651
4.041442555677265
4.0392626967075
3.796863767648028
3.79511146408464
3.828174105827867
3.884136035010031
3.876749916781633
3.875840291821155
0.2195404937283874
0.2351532348451854
0.2352995070189356
0.2190099968465979
0.2033049585056385
0.2345848283924119
6.402523335989167
6.340993580325153
6.370123436937084
6.406069827647674
6.437498556189011
6.343804720880345
6.154294397244637
6.139883101609715
6.107775318102347
0.03128398776038892
0.04693924985438967
0.01564608750410058
3.582728926469433
3.615794286012975
3.553069270952188
3.928701723049511
3.943424130820264
3.945194030122251
4.015859258571396
4.009068813250204
4.008061859904331
0.03121601223998367
0.04683639136938419
0.01561238385865547
4.080742824531947
4.050906271272315
6.125322190558306
6.110608176429557
6.079009404425658
0.07827797877295195
0.07825592803599903
0.09393519999464839
3.900997337368826
3.932227489188402
3.960803241662376
3.968164286188657
3.969050893111764
6.500400447536215
6.516073648273114
6.547687982853505
6.627483259431157
6.643277026471955
6.675519850791723
6.436708159700851
6.452781334279205
6.484187896094422
1.834340827398187
1.803222766909107
1.833287155746871
1.9543614893282
1.955481166546523
1.923296551869305
1.958822726331591
1.927700715917041
1.957711500496721
3.560824312915514
3.575605421477171
3.577285270294682
3.678961871791079
3.693710736940644
3.695427458925641
3.71703827290393
3.718749958205577
3.685795009613428
4.331715707642164
4.326662137810374
4.366307936821342
4.482601165142038
4.496073439780265
4.353664611780422
4.317875903206995
4.347900331178086
3.397884294352351
3.43092571381258
3.3681477082675
3.146800022401887
3.176608664550155
3.179776574251202
3.298884143235776
3.297271643723491
3.33023855916981
6.754877174411773
6.739305058977977
6.706882561147557
6.595095445828013
6.626232415661835
6.816645122837572
6.864491721323317
6.801283727748418
4.336264180849975
4.370643604306654
4.316426458756093
4.230784261168032
4.25869203015745
4.235837840321811
4.229425196611723
4.26248760773883
4.208835337444286
0.8739273997833339
0.9045864199594827
0.9056958822037163
0.624224207977944
0.6550284378221147
0.6558433135367203
0.747212229612624
0.7788371087837906
0.7165223392338625
0.8826251383762761
0.9135488911648801
0.9147077806420582
0.6305596858657435
0.6625077729161073
0.5994421876751248
0.8175425334697992
0.8185739956824257
0.7546753622312358
0.62577579206514
0.5948570826640383
0.5941185263121123
0.8760726003354166
0.8453053193095679
0.844267993579887
0.7527877704293351
0.7209776608125684
0.7836628912764387
0.6194403141029411
0.5880578122977037
0.6499922270439604
0.8673748615126319
0.836919469504854
0.835832600218037
0.7453246377557865
0.7147168128493373
0.7138004932743979
6.740083894569656
6.754385557398261
6.787655324740911
6.871984811044883
6.886697998707759
6.91954544631935
6.682198705011283
6.696779441160822
6.729577687060869
6.996592322386451
6.981897834547476
6.948954405235193
6.835244878698444
6.864008693357396
7.054898934869968
7.102656992667148
7.040384276143801
2.988302961044255
2.989823179412411
2.956913692922084
2.859793695610972
2.856861159008656
2.982252756232514
3.013598120410694
2.983761290818917
2.454258011082083
2.455584439246195
2.423145179840925
2.327253411884725
2.32467955410141
2.481337756298767
2.451596502507016
2.448921473064389
2.016495862833974
2.01534475962694
2.047565200758629
2.143184022531351
2.145575097159976
2.021069534472377
1.989945674650602
2.01993016214085
2.797047373307826
2.795602241356459
2.828421193105959
2.928524052795981
2.897110136707769
2.927021699297977
2.802858336903991
2.801400384080318
2.834277189065109
1.162526851917179
1.161823672146167
1.193929623104906
1.03946861651037
1.070944974767866
1.040116980146982
1.067660971057279
1.099718350612447
1.036905855519442
1.242511625514841
1.212168615020157
1.210687154297355
1.085080115067577
1.08371031853993
1.207688611891129
1.208443404883563
1.176691565302832
1.02303138332379
1.022383019642126
1.054055025048051
1.148559347441554
1.14997314814416
0.9938827344600871
1.024318290725759
1.025594144499733
1.072953256457847
1.040768909203228
1.103789681138141
1.163940652486713
1.226812845648225
1.229811387591497
1.198308434236557
1.229056594715416
4.032416171570372
4.028446619329919
4.027967221578725
4.069009387750757
4.034380647094315
4.030373784760865
4.029890412804913
4.036365241422485
4.032318992006107
4.031830752620198
4.073783225752739
4.038377572730442
4.034289210807647
4.033793781607404
4.011221101460814
4.013290883780596
4.009376515743707
4.013026754283054
4.015097632891334
4.011182238784609
3.992099728645745
3.999928295884998
3.992549599886413
4.014842595030211
4.016914716340659
4.012998250371376
4.016671021729771
4.018744611607993
4.014827006051999
3.995716369547276
4.003548859280211
3.996171666939925
4.037208509358849
4.035035096820031
4.034728800993689
4.057557137560143
4.058913946360764
4.038939268167524
4.036812118431111
4.036164469658972
0.01924685069100911
0.01926975690667373
0.01539144211913123
0.0462514142523587
0.05402073633069349
0.02318469667225716
0.02316146840209235
0.03090911851962237
0.04749858574694085
0.03955716307796004
0.01585855788009585
0.0138930361350016
0.0138667446175204
0.03949037272783489
0.03952027154111753
0.03159088148015875
3.984779304729009
3.982895137501413
3.986429960166219
3.982906975575286
3.981043253135613
3.984534761622659
4.001922097837537
3.994884759207726
4.001399778165712
3.975516499916822
3.977578709462799
3.97368366893077
3.977344900903594
3.979406800171287
3.975510628633324
3.956497141085767
3.9642886201494
3.956953332294838
0.007900586918991533
0.003952609790351494
0.003947263066398883
0
0.007879216920360338
0.02369030332761835
0.01579009844222715
0.02367387532365939
0
0.007740764449883959
0.00774578307970743
0.007724413080957906
0.003865236933655735
0.003859890209608896
0.02321300462578496
0.01547828522778047
0.02320112467639448
4.026613878481319
4.024650349952484
4.026482075483812
4.008310899869836
4.007814199177459
4.019581035197244
4.021418980070106
4.021666757029476
3.948985951722553
3.956765669511651
3.965594302420691
3.96546141640605
3.967537467686373
3.968434004461811
3.970502902288211
3.966614432029506
0.5299270363533571
0.5141794847274612
0.5453417996530265
1.220934589164049
1.189633991207427
1.220205959607179
6.595705564255076
6.611625125509319
6.643937791932344
6.374430895246319
6.358373431889838
6.327480443424239
0.9397908199028021
0.9705204856383454
0.9717042574417109
0.9609883832330555
0.9299690236083337
0.9603751678677934
0.9634106109606423
0.9622050162942286
0.5356546051065585
0.5353012182530588
0.5671534008660505
4.271748236668611
4.276764207375941
4.236344448766193
1.398778676106911
1.397940387524744
1.429883832878319
4.364265244119525
4.385158146335161
4.399083201554748
1.08911749778554
1.120247123625635
1.089782634223033
3.358330923436522
3.359960009563168
3.326996832183822
1.770054588336347
1.801142099376765
1.771081387537814
1.868651256434754
1.838534548795355
1.836441134305213
2.883795622019792
2.913631977910277
2.916591956559342
2.394633741715614
2.393334931488242
2.425770525041365
2.117976292699918
2.087967666903329
2.085647509841483
2.606030702985494
2.607403360173234
2.574672421935502
3.522901909626412
3.554111568354737
3.524574082978568
3.770875464645041
3.75613687340303
3.754401979406416
3.657947927028845
3.656250022016879
3.689204931746967
3.05107717546898
3.049539158785411
3.082462069311501
3.048004467029042
3.046472305798792
3.079368621478816
4.429382155290607
4.400844570545911
4.389672231446703
1.321906748784149
1.354168012393545
1.291239586094702
4.175125837944425
4.202930183498141
4.179535760260736
6.594347682991707
6.562500160548119
6.657031401899872
6.881891747513031
6.897180232164744
6.930049103982506
4.05300676000112
4.044952901711565
4.043914953390368
3.993000058129875
3.993902790142228
3.987430272067011
0.8717736197752169
0.84115435410075
0.8401084963069069
0.816521378217869
0.8804052058390071
0.6591141330647329
0.6587011473294011
0.6904958173849476
0.652553739306966
0.6214738878140124
0.6521340453464826
6.842373161196904
6.857210041472376
6.889909352758566
6.644990267681063
6.630752694137421
6.597464208978985
7.078976319174979
7.141223815139949
7.112566351386198
7.121280958052007
7.135871867122626
7.169049405955345
2.643755694909047
2.612611993555263
2.64235933148391
2.108515659281587
2.078635990044263
2.076274748826305
3.950923753264834
4.046174815932324
4.041883151218408
4.041198208981632
4.022284258590215
4.024366033222426
4.020443787510509
0.05408945118619701
0.0541178490612267
0.04636172538738617
0.07107604040193177
0.071045223250739
0.07896962615704775
1.87288654443048
1.903035773722431
1.905178997337169
4.005016822751627
4.003991872135436
3.957408627006402
3.958316848992031
0.02364403584621715
0.03152899250370475
0.02365190072666184
0.9765116166341287
0.9771248319669571
0.9450309762737443
4.04873965220893
4.040838894250949
4.039824417775411
3.991201572565541
3.990753232685583
3.999029186332647
4.005377638118419
4.009065538776649
4.009524950969734
3.992872439255195
3.989643727449053
3.989148307802591
0.02323096415383348
3.981563808943328
3.985250130531811
3.985734738235324
3.955491648094164
3.957300650027489
3.95756168471879
3.991383438518899
3.992175350391561
3.98507515665447
4.001776221704038
4.008099077537692
4.002937442106624
1.065072241128407
1.097053777668013
1.034380089431732
1.035639486791124
1.098382502328583
1.363535960711691
1.333331987280819
1.331693204579264
1.271260413596746
1.240226783121947
1.270475821002927
1.123645899641389
1.155555996144849
1.093090286591335
1.151377521739059
1.182508682959709
1.15207694127851
1.898738128161194
1.897659908526493
1.929887673509895
2.845203180358654
2.84665690370564
2.813942088211489
2.824059565325601
2.791281237323963
2.853938205116322
2.122661517869183
2.152700840008723
2.155067387717369
2.177909291143156
2.210269162905779
2.147956760761272
2.644339038843505
2.674346224936872
2.677166231048309
2.737148810774161
2.738580327176793
2.705748199093821
1.478253388118408
1.479129091222519
1.446827599275932
1.257488374549702
1.28813197870411
1.289680213870112
4.001733292070586
4.005422382906529
4.005875125041546
6.616439529466187
6.602046789846388
6.569058624711998
6.858919018740377
6.83056270820838
2.854381320098262
2.82476262193363
2.821805584653595
2.511052335383865
2.513776582955311
0.01550768319646835
0.02326417569186516
0.007755905620200176
3.969903175766035
3.971968716316055
3.968078176071276
3.96139500531022
3.961150404182003
3.965285488391714
4.002201144536762
4.001726463622861
4.010041472761476
4.003161017892478
4.003647027245477
0.0696073349945741
0.07734096375833502
0.0696327252206233
0.05523318438522563
0.04734007930746217
0.05521138585209238
0.03946620079929268
0.04738827461204696
4.009493237143094
3.95187858788487
3.966110357850015
3.969779825875617
3.970233946387324
0.03937363034009375
0.03939272914413235
0.03094604279577766
0.023223099273394
3.978211479945816
3.969904280329531
3.985578809725053
4.012999583889471
4.016667898276616
4.017191645688873
3.941207184174543
3.948487930486612
3.977711160381968
3.97636048389337
3.975993377467378
3.983220928887136
3.980751060347127
3.979603931444201
0.04656255931828722
0.06207737073377571
0.04657844222372586
2.605660983331247
2.575962369969092
2.573189786607972
0.03873227085622703
0.03872115733496429
0.04647456862053858
0.07749539331957814
0.06976501890420113
0.06973322238174888
0.04650853106015296
0.0542437423271691
0.05426805050722763
2.714524377342462
2.715933352519696
2.683309199553237
2.584207826634111
2.615374345410893
2.585574407314682
2.708878584101408
2.71029216809167
2.67770979110412
2.284958629619194
2.283721990727099
2.316247699174136
2.412691525823049
2.415275440304409
2.289915485814334
2.258573632170926
2.288674144519707
4.350640444093556
4.312291380638539
4.37899606539198
4.487060000320761
4.454966119848198
4.480935787987448
4.484989516817769
4.445588570363136
4.512051309373105
3.791624535318863
3.776848013935898
3.775113128498492
3.784699993936743
3.801196074124462
3.769930261836448
3.850706432538978
3.835939442660643
3.834199198658413
2.830638749278596
2.832101332911385
2.799489186626764
2.949197050275979
2.918086312380743
2.947676828035477
2.95524722037114
2.956753324507819
2.924093697099045
4.259311218166361
4.25479654722083
4.289062934471465
4.389639709912216
4.400733344647314
4.27690630696072
4.245955181928354
4.272552108256916
3.722174149860917
3.736947729987839
3.73866410582213
3.75860598230217
3.729044645737254
3.661346744668898
3.692617728925934
3.663048321110322
4.437500030241504
4.474837003076225
4.411766712319566
4.303188803130771
4.335937091535243
4.307703466986436
4.312500022101512
4.348684338255387
4.285593731067512
4.760693349666226
4.731445348724294
4.751137729272264
4.835904376981266
4.807303385012002
4.825071084024617
4.878064095710689
4.848660600409659
4.867676560106784
2.774090153632803
2.772655240539295
2.805283803207632
2.904774680760712
2.873535667351313
2.903298981013214
2.779819192890066
2.778387873288273
2.811057877887353
2.492042911353904
2.521877030515569
2.524560240897228
2.654865290488837
2.653480132387886
2.686103527797231
2.529913271912585
2.528575995140271
2.561151079124268
2.485903540729336
2.487239222973677
2.454491430307003
2.357686081544605
2.35513682995813
2.513289147607585
2.483242035650588
2.480591633131755
2.475316557904384
2.476632798742842
2.444004261375043
2.345011744865291
2.376274486340527
2.346273860716179
2.470062152110262
2.471374811963435
2.438799737255655
2.725795774774568
2.727207756093388
2.694487809812237
2.595110904820475
2.596472334539721
2.563848931056883
2.752839498816106
2.722975498836973
2.720158063229814
2.464811859785056
2.466125028902503
2.433599326049449
2.337435965798865
2.334903068137204
2.462183309316828
2.459549301546119
2.275065569997383
2.273825845004765
2.306250482566061
2.404962931989414
2.40367532124283
2.436200301721989
2.247554265865439
2.277541321760913
2.280014191449264
2.535261966499588
2.533924200451737
2.566548328484074
2.663179274173711
2.665958274012628
2.540622983452463
2.509287278131655
2.539280565773661
1.437499999619494
1.469608748662108
1.407076676626848
1.34772613251046
1.285061347178509
1.282011244395757
1.313277757121276
1.282772763663771
5.637044020344944
5.670102503090768
5.650503141164277
5.478903558628502
5.453816839612712
5.538781275168364
5.629929869315486
1.245523367961434
1.275906798081389
1.277438653013596
1.403768778922699
1.405423322879684
1.280488755640268
1.279727236396997
1.311722242831671
4.034304752570398
4.026884617243297
4.025899263196838
4.10152233074034
4.10413135443184
4.038386569818351
4.030833169178377
4.029844290255935
3.993956313721636
3.998084738212544
3.990270172804229
3.997497067390685
4.001627756140651
3.993809500744726
3.955765097366171
3.97139533090028
3.9566455516812
4.893257458427647
4.864555229578988
4.882041727656623
5.073205413832662
5.096497644434646
4.93697930688779
4.907503721253997
4.926199120286829
5.695130649828128
5.72234518349599
5.834735310650396
5.863249766767352
5.730671662173533
5.716840262256259
5.76388886391245
4.013722258383585
4.006435147829185
4.005516775547819
4.002299252566604
3.998266262675056
4.005871721853049
4.043617459982459
4.028195348891856
4.042530456881814
3.986877936264758
3.991003043882852
3.983195837195657
3.982608003592355
3.989976392503566
3.990860918510189
3.948723582130636
3.96433981077455
3.949604444410114
4.450440048633141
4.45656426693921
4.420033931254108
4.318828199122351
4.308503949175473
4.461391545889949
4.438073008754969
4.425448736190527
2.964258289548265
2.995476503905318
2.965755955777596
2.833561725083955
2.835020578088661
2.802389838376028
2.95825720150543
2.959759545149013
2.927082224356433
3.988480787134185
3.986559009363059
3.990172303199822
3.986636170439846
3.98473275270854
3.988307876157431
4.006036101715796
3.998833824648287
4.005527164735636
3.979160740605674
3.981222480479011
3.977325244520034
3.980966391805758
3.983028069705828
3.979129812672448
3.960124936055648
3.96792039731297
3.96057539259911
3.952808033967071
3.960595189277313
3.969505558131418
3.96938753932983
3.971451579163575
3.97044489860576
3.970327914052258
3.972391308564988
4.016697698987098
4.018540066463916
4.018775676494097
3.999851089366329
4.015759753573143
4.017602719959604
4.017836363162027
3.982224378561135
3.980659718740502
3.980411398899401
3.997104237516405
3.983226119845543
3.981643734279685
3.981398999962698
4.028529754812978
4.024631436033473
4.024157526259265
4.064441349713076
4.03046667048868
4.026533391286145
4.026056862659309
4.00785697830634
4.00394454437632
4.007633529490464
4.009423829070371
4.011492633299159
4.007579262875421
3.9885181989306
3.996342989948859
3.98896437781797
2.581469279814387
2.550327550797123
2.580096649588314
2.224802456915515
2.226015858472897
2.193485767770465
4.551206551920625
4.54453384154429
4.583258360171426
4.52500973740742
4.457430934773399
5.448930175926296
5.468540292892445
5.49369085589655
4.207471005539869
4.211245563981935
4.177114076420924
4.274359556115284
4.240746423427834
4.297827760604541
1.216565411000622
1.21729404054268
1.185366008972518
3.782974610432877
3.781249985169592
3.814230919831837
3.85420081638906
3.868967923718751
3.870722786059584
2.78268099960793
2.785544110424077
2.795119809001839
2.765452831541634
2.762553980813977
3.011422813835904
3.009881504478641
3.042537837965996
2.21754055761477
2.215120427936728
3.605562615620762
3.574256660337422
3.603868711015875
4.23767355166123
4.241564958647789
4.20491867734332
4.703124023418439
4.741481533365532
4.683904347817018
4.779518871738364
4.788829723235295
4.749835202317568
5.059157483862639
5.039897858170121
5.018093822605652
5.668230556041221
5.760196072375502
2.938986070067853
2.924096225420746
2.922615276649565
2.392960897875884
2.423077868172416
2.425702789113968
2.543313130297209
2.546012721498002
2.302487412607433
2.270096508270386
2.33236312715958
2.668744278557442
2.700099577606222
2.670140674232899
3.946411550183796
3.954662527664863
4.007223504837414
4.010910110713886
4.011374505888767
3.990820139032078
3.987648393290785
3.987142433852754
1.440873866894771
1.471327460347179
1.473049178517011
1.254476632247821
1.223859404418709
1.222394343637464
5.282070581138482
5.303896618713416
5.327889691891381
1.37012783773705
1.33977386765733
1.338176087950416
4.064808714607175
4.050132568142852
4.047961048861411
4.044561061503958
4.03680295206803
4.035802800452833
3.974927037257365
3.982303386299241
3.983188364160884
3.954004920266968
3.953124995679007
3.9696316701452
3.985848307243488
3.986737005432353
4.967930379662261
4.927531583812615
4.984611810913453
4.8563669499713
4.877624982501085
4.896725067059484
3.023655057454289
2.992457521069097
3.02213312643298
4.024113428329841
4.017030698659738
4.016041835330815
4.045788941371042
4.046875004356812
4.03023160012903
3.70119378589188
3.734237209100483
3.671602389698122
4.484122872812851
4.497832835817845
3.967868319497396
3.9752386361827
3.976121217445275
3.996869348789753
3.993547080549562
3.993063712475474
4.007050578026897
4.007556611658932
3.999809947739945
3.96281962889759
3.962371761338736
3.970617965870609
4.052077104102393
4.042556543330535
4.009093453151511
4.012777702621905
4.013249515466564
3.988693414687936
3.985597629222656
3.985071013395202
3.998132029826754
4.001821326094957
4.002269678963119
5.399551793057209
5.380133084742097
5.355864156672729
5.408877009018838
5.3642938403815
5.42904305470632
3.730770809293523
4.838989466800027
4.82918160717203
4.86876358497516
5.164930124070573
5.187496968040339
5.103153682631016
3.973671874716426
3.975734613117429
3.971840808020493
3.965188013499919
3.964955243654304
3.96908154079427
4.041480759717563
4.037319702214608
4.036805348091007
3.998002242026688
4.006298113464756
3.999281416148882
3.99185183333538
5.550643298163914
5.570800273141789
5.597280503787759
3.98024823038961
3.969720806911105
3.973394703290543
3.973843997431736
4.032897561836212
4.030811774449122
4.030565246645481
3.128097698561622
3.160927287606786
3.121902268451113
3.151572661593177
3.21717160802407
3.220328405486454
0.04707093039658298
0.03137927970520386
0.04705734886629871
0.1097196228100972
0.09404292751985183
0.1096875718608498
0.1098504180675861
0.0941538759416324
0.1098171704686241
3.365237495691356
3.398072627308039
3.388205559997869
3.45384393481938
3.457169304318254
3.338900316141777
3.370122903012727
3.340517401948286
3.376625063480914
3.346982602402305
3.282847558590452
3.279652435936455
1.703865333047354
1.734890319594762
1.704875034337554
1.738968393052799
1.708880349603735
1.645717046793098
1.643775304557308
1.764084942254641
1.796582905397718
1.760019586256137
1.79039427247728
1.85526908736392
1.857390129628012
3.549055039913487
3.581937365499903
3.519550642603809
3.642615831532248
3.675528705712351
3.616534334947631
3.601774782715586
3.600080956612659
5.823248247447217
5.809236820813324
5.854824307792626
5.978426103975568
6.00748626884703
5.833505641871183
5.85133398570212
5.879568113359488
5.670367237758724
5.699131310875828
5.791389619685314
5.852017944014971
5.820897405775398
5.278503270412886
5.322916324334511
5.257261857688716
5.169236401756836
5.202979307429044
5.180454809130916
5.125520612523498
5.114836477555942
5.158510578717479
0.07832235808143007
0.0939888025780327
0.07834465524141174
0.01568030708067146
0.0313616241356116
0.01568469721226552
0.03131822587091606
0.04699120442821825
0.01566310185469284
0.2198176458041692
0.2356005904044215
0.2041775290953002
0.1415234741416516
0.1414748798689843
0.1572552886700168
0.1413353930288015
0.1570451164285213
0.1413809405593649
0.1397265258586907
0.124207670558622
0.1396763469502786
0.2020724709042957
0.18653370859565
0.2020054168681879
0.139914606971295
0.1398690594406836
0.1554548835714977
3.917346105870782
3.909959994605082
3.909039106643843
3.89890181938133
3.913660944174737
3.946857495489404
3.955164912729326
3.939483803722285
0.1090303771906788
0.1090624281400321
0.0934570724807702
0.04667906960350068
0.04669265113384081
0.03112072029484221
0.1088995819327506
0.1089328295318286
0.09334612405862139
1.544750400570079
1.51326399557218
1.543832974187304
1.508789148757083
1.539294781528735
1.603944569374551
1.605824786802573
1.491210851994992
1.488535923822204
1.518667024963826
1.583555431195365
6.143586704902777
6.20861245459864
6.001513963708748
5.972413625421473
6.054100983389932
6.147983223367747
6.165045902302126
6.195242244368379
6.402785412054508
6.434469340040549
6.304616524420476
1.751995680896449
1.719732670978739
1.755995412664518
1.725643578770944
1.661017202306941
1.659108268655821
1.733634662952189
1.666782951123163
3.253176381297643
3.259538104105612
3.229814166019171
3.488359255990025
3.458828452180869
3.465446864667137
3.480235116197659
3.481891577042299
3.429278430474895
3.39971014102922
3.292448871354862
3.348599690526306
3.35183689868186
3.246823600750961
3.240461931434298
3.27005112909334
3.335663112898005
3.409518615630147
3.394700049497349
3.39306961526375
3.402981399861046
3.388180393317215
3.386549985726092
3.468749986571252
3.453948583388554
3.452301391452875
7.390641208556034
7.342601441170141
7.405032580475775
7.64050005903485
7.626044878425795
7.59245926445795
7.520230884489343
7.486679864134517
7.582677588541544
5.062340395198571
5.051960625729303
5.094171174007387
5.211942534911435
5.234477729828814
5.104227680175064
5.093676663575777
5.136831246222316
2.002227712452468
1.969849565699018
2.006691505321535
1.976461840759229
1.911610461417228
1.909464223952767
2.011179746467617
2.015709160080843
1.985388080348417
1.918088131018162
2.048309954368416
2.041430510006076
2.106516251294557
2.108864052814027
2.032377695276628
2.099532317248375
5.805985223322323
5.836790854048269
6.034654186994884
6.065502380215243
5.943029225264343
4.0304503868958
4.03019993621835
4.034943076101018
4.054699595598576
4.03147295478485
4.031213296729896
4.036022991198974
1.782262553895771
1.848965442368609
3.976855563735371
3.976599037543822
3.98014972381549
3.99479786833475
3.977861243261424
3.977612395828286
3.981202644390996
4.024683142039118
4.020853014243139
4.020382523002518
4.059979608286978
4.026602595678285
4.022738713968225
4.022266591599988
4.000158705941223
4.003846926028191
4.004291383150551
4.005848973838718
4.007916084678457
4.004004645370057
3.984960722529358
3.992781824909235
3.9854043814996
3.535442372867406
3.506034886272152
3.62877438885516
3.661633375491076
3.633985481274006
3.571705720304132
3.703262797683414
3.704998419878618
3.672079216880384
3.516189072388272
3.63744890915804
3.99953400114169
3.996003991114729
3.995550841586198
3.997684979238521
3.994189723238147
3.993735388901099
4.014059459304149
4.00656687704892
4.013562964289861
3.992142401315608
3.990185487678301
3.993871200978421
3.990315695715218
3.98837608381276
3.992026213195432
4.01007204255607
4.002720239828634
4.009570898163981
3.982763668103258
3.984825372496802
3.980926121002731
3.984777332749154
3.980877029021867
3.984553973044332
3.96371404095934
3.971513311529522
3.96416062215826
3.982437395474942
3.986115741224051
3.986561251433781
3.984216302252534
3.987896125169426
3.988340581837339
3.967276700732346
3.975079675778752
3.967720626961643
0.01556969291939176
0.01556530278776889
0.0311383758645083
0.07792764191905827
0.07790534475903887
0.09351119742269622
0
0.01557828735213342
0.01558689814532219
3.897078523467764
3.882315626275457
3.885960965094393
3.893349523251194
3.894264385959287
3.851868425658955
3.867546978017451
3.852771196886421
3.529582271501759
3.498340470631398
3.527913810929435
3.491693250416352
3.521227383457213
3.587010973385072
3.57224293829503
3.57055939807836
4.021804346853608
4.023645691575397
4.023884888197674
4.022768264049109
4.024608177697522
4.024851539442225
4.014201096799456
4.01812224148085
4.014441003048785
3.96941916924768
3.971242147177413
3.971485509147653
3.970383091219603
3.972208801328687
3.972448001480882
3.961880443883369
3.965771344943394
3.962121414469318
1.937499999194183
1.907321000963152
1.812499999400238
3.098366830342211
3.095288534991492
3.214013620692782
0.2040463040845291
0.188345696318188
0.2039819178646863
0.07850556365875964
0.07848194016714734
0.09421138355373593
1.634413140355919
1.602075577360418
3.332419906250614
3.483339902916745
3.450507975263654
1.881348732290916
1.913761888785979
1.885608454513625
2.136733446838648
2.104179688181071
2.130850614045158
2.1006916670009
0.07797202122767824
0.0935648000062463
0.07799407196474019
4.015051201158141
4.015546670740512
4.007524232618966
3.984074115278248
3.983631137601315
3.991894305714102
1.767992831171843
1.766956809034389
1.799050672313789
1.61558686006616
1.647647572096592
1.671843576457183
1.641820170743408
3.694512712854238
3.709196665976451
3.710960771345186
1.853159263061914
1.829112668441837
1.859524556002484
1.619368452558147
1.589136604693011
1.587284005963781
3.708455308563587
3.723195494432839
3.724923229877866
5.903619974922605
5.886388481773708
5.857948085877252
5.588775994137213
5.562501818290672
5.651794241322198
5.610053141566962
5.641325477638346
5.727669360972387
5.788915920403343
5.325447333730935
5.346720982684353
5.370915433100284
5.101597003422455
5.11243174386823
5.067698503502488
6.034585660655157
6.018865769434994
5.988739736139764
6.22905082236903
6.244279258004291
6.19705905242157
0.01565460386594212
0.04696511969765558
0.2357569406785764
0.2358366702348147
0.2200348722384479
0.1100620821127003
0.1101006374623304
0.09433302513560197
0.1726453308718277
0.1569455992128286
0.1725913697230511
0.170637886290891
0.1861445086608181
0.1707009326183156
0.155698905319181
0.171316919936589
0.1401747938677066
0.1087615055990764
0.1242925444474108
0.108796986939934
3.912747361823806
3.948732182303911
3.956106166657646
3.957051344613948
7.270660970633391
7.20833837784178
7.237133101357898
4.019089439237548
4.020928668135233
4.021173054810864
3.98640238636473
3.983433703571787
3.982851220271963
0.04665146026725
0.04666530424432922
0.0311025455640253
3.809286081133497
3.792702888387918
3.824089963769001
0.1400899968734661
0.1245281762525321
0.1400469832751519
5.146846508875502
5.125985921334721
5.104477495053148
1.480007696601202
1.480889902274261
1.448549955840914
1.577172060552449
1.607718405683934
1.630631548026425
1.662931324549197
1.460990003977513
1.459246612257585
1.547827938072832
1.517749598162119
6.174081575763281
6.078404194757527
5.705634478210449
5.723999234811587
5.751311253198947
5.846380091464514
5.862999184365
5.891843838637977
1.687499998726034
1.657202348751888
1.703156417614251
3.104534802201724
3.106080624783333
3.07321302639015
3.476607891049238
3.509430717865838
3.355080091172762
3.356704455587635
3.323765011058486
3.44243014068577
3.457243702153417
3.458892575059773
4.013065987368973
4.012070403638617
4.017938937166187
3.420995880154364
3.452326604478964
3.422643826112715
5.01867227650034
5.050935810931824
5.02876807380102
3.964606802411096
3.965498071422691
3.959029842770184
7.933080533854399
7.904050303390688
7.837117094766941
1.955040792842714
2.08094079017593
2.111225236352474
2.187500008733895
2.21995950060155
2.157432628174598
5.911792726115721
5.866041058158906
5.926251974596122
4.043668196199211
4.039444322322152
4.038900734491095
2.062500002056861
2.030122304708406
2.092594611522716
0.1880556709589603
0.1723296267425684
0.2036688350302767
4.040436676288768
4.032815548352425
4.031823798095767
3.994559945514879
3.998248839971144
3.9986941802118
3.6357188123351
3.66861142371145
3.84648913905106
3.848273804788081
4.00078332807537
3.997380637509263
3.996904104330525
3.590382599725108
3.605155834458066
3.606844063845077
4.013723815107103
4.013486319347034
4.017644567904106
1.780237444651636
1.842708001596006
0.2179595062732775
0.2334504929824103
0.2335967651572279
0.1410752061332918
0.1253971626066897
0.1410333749798479
1.562499998944533
1.530359611426699
1.5928284102057
2.164543348283687
2.163355214036234
2.195887497022908
3.170310178451536
3.201649628072751
3.171880746325051
3.835291816743133
3.820510186414233
3.818722879572949
3.539598185687301
3.570888461638549
3.541272548019912
1.709874670044642
5.815478391249739
5.787691081459706
5.866180213680762
5.805016852782242
6.157117019775547
6.187499730409738
6.094927898656645
0.2176823541956289
0.2333015916159445
0.2022036959157446
3.969936642819918
3.969493870193181
3.97774236277428
7.491304973195595
7.587214498987731
7.462329899362652
3.871175370292127
3.878569562207463
3.879477320087047
3.231400068221864
3.198495625470109
3.47205317092341
3.486858449136483
3.48851493293051
4.004647434695478
4.00117091646206
4.000698853771687
3.97329920618153
3.976976679885882
3.977422665517269
7.799042836392254
7.702991960248977
3.963312953217719
3.963076135798933
3.967205105464358
3.966730373557134
3.968556940849751
3.968795104420308
3.97685570239579
3.980536159794957
3.980979926465076
0.4394163070042481
0.4549659976154979
0.4552557363756905
0.3140558723935863
0.2824618708625005
0.3761611243094282
0.3917137491757677
0.3919593838088698
3.227645962758193
3.194926730902781
3.204511897092799
3.13904610894766
3.135891395939036
4.627508642816572
4.590243972551679
4.664185746627039
4.643946736132176
4.569362807454565
4.552427453730539
4.115748481620717
4.100145633894102
4.127315822698467
4.155494224801808
4.182124055121887
4.192926868832554
4.170541084457223
4.639857935867928
4.679322491599343
4.610141990296801
4.633177230667063
4.710583374722982
4.726916885263445
4.872494395268631
4.916682095121804
4.835811858211053
4.860261889511796
4.946019007099854
4.965669509599122
3.765636254445299
3.767388516023735
3.809760830946785
3.840940683873872
3.8592092469161
3.829784618873831
4.185168059890579
4.183099173777774
4.203021644540921
4.28200574175954
4.287462630725246
4.194326149949573
4.176159816461441
4.191898675257169
0.466993637862264
0.4824058351557033
0.482712818311905
0.4681685801757174
0.4836231112779038
0.4839243683601026
0.405243238654
0.4206961135928179
0.4209600177157637
3.822662495372477
3.83914642138417
3.80797623725512
3.734448462077543
3.76033885855148
0.5332412436615345
0.5177212947963271
0.5173948957794388
0.5319100052929184
0.516425995764501
0.5161051033669477
0.5955995155235987
0.5642533454472799
0.5952276529117991
4.128952599453297
4.150037339611961
4.096081912499056
4.109478326876643
4.098150797872999
4.097494822268956
4.113193691262259
4.086923839768566
6.075626165912245
6.044107803256519
6.060823406392004
6.278835694678429
6.309498411083068
6.08837959867745
6.105287282614403
6.13508066462954
0.9963461536537782
0.9646067144602447
0.9987848418913666
0.9681602424036387
0.9034738738571138
4.701106776129254
4.743137547662257
4.6699399706128
4.694855138287463
4.776527422658291
4.793553147072163
3.115698453308008
3.109469639047075
3.207685865441166
4.699194442026651
4.660973213625211
4.724735004543403
4.702404638145617
4.61764483904233
4.766820086172565
4.800807335619324
4.580060081820456
4.548893499160465
4.789886503442128
4.889417758658222
4.847254306838673
4.026560753223734
4.026323174329276
4.030922055711173
4.049770757127733
4.031903485128534
4.029831022698398
4.029587593658944
4.018052716479843
4.019896388868209
4.020127614587072
4.020823275866659
4.018863739593947
4.0207071119791
4.010447140794326
4.014365492086936
4.010678451654527
0.4693314198437057
0.4848256316615677
0.4851268887424848
0.4705063621474552
0.4860371817006404
0.4863441648531199
0.4072567613569312
0.4227899822971781
0.4230538864181107
0.3109441276060675
0.3422542683338728
0.2800381291385702
0.4042114066061082
0.4355836930005009
0.3426898085025776
0.3424732224491316
0.3738388756977756
4.022800338784532
4.022567714535633
4.027071222316637
4.045475223202015
4.023733230590936
4.023499615050234
4.028025054372792
4.024670480967304
4.024435739860905
4.028984233597143
4.047593590188269
4.025612716077718
4.025376630978141
4.029949538738054
4.014387573361886
4.016231974168095
4.016459366860569
4.015298397454839
4.01714268612932
4.017370862041485
4.006782667942637
4.010698778844723
4.007010003346402
4.016212559447625
4.018056692492213
4.018285756167911
4.017130488351029
4.01897441883205
4.019204490784536
4.008607153806119
4.012524346896178
4.008836221093489
4.030948250797051
4.028578163181965
4.030798964132061
4.044613087351845
4.031711204814624
4.031463154341811
4.03427973109556
0.009599563438055137
0.009613950742921921
0.007676406080638004
0.02307781238019153
0.02696340341521418
0.0115743962499234
0.01156053900701566
0.01543068425845992
0.02379718761903616
0.01981564930813192
0.007948593918839172
0.006965531456728995
0.006949230973639397
0.01977467676734234
0.01979274309267673
0.01581931574118431
0.003956833985536042
0.005942508125920719
0.001979542880054082
0
0.003944531313815902
0.01184625262486528
0.01186310374982298
0
0
0.003855666014314703
0.01159124737510801
0.5305899947341024
0.5151448966586192
0.5148240042595408
0.5292587563527029
0.5138551042356103
0.5135287052144833
0.5926429173701958
0.5614508713379437
0.5922723471186044
1.001215158275026
0.9693397577565717
1.003653846452631
0.9728932856107926
0.9079135801632076
4.220849302478224
4.21643414726615
4.307073090999445
4.012865669712689
4.012405774459444
4.020860698176972
4.055581089699341
4.01470723289555
4.014246491054513
4.022769448585406
3.996611228359436
4.000298293056042
4.000741309843653
3.998383521546723
4.002071213652732
4.002514846463769
3.981419082832577
3.989236547576066
3.981861156018676
0.6533858669546415
0.6845041826374824
0.653798852698331
0.4085530588156178
0.4399813278769308
0.4088210934991131
0.2510696393963449
0.2822834876286402
3.800339385700812
3.785609690888425
3.783862721412153
4.937502803438542
4.978696378607041
4.915771625450688
0.7846357046143666
0.8473915037366051
0.279671554433952
0.3418070682326861
4.675109002669101
4.659629156647788
4.253699619362524
4.287740378941042
4.257964218960993
3.086051906256591
3.082965192624
4.153419529076743
4.155625352819936
4.135289744740171
3.257136340957097
3.260382651597781
3.162224944397908
3.132723502176737
4.645820767501223
4.665143179033105
4.553351965657491
4.534938141146876
4.220179304264851
4.214599619217131
4.147364274888069
4.135463453586298
4.131486636040957
4.615296551663112
4.600912825552559
4.969793248238394
4.926810521981531
4.96139203637854
4.98584671639925
4.557692056674331
4.542936112536396
3.872121843932679
3.871221916973359
3.887712543042413
4.006328546518875
4.006101748990996
4.010244396407058
0.437229471753415
0.4527039977226848
0.452984842052774
4.183800367090081
4.187940940694784
4.155355045878689
4.295975087982228
3.743873969368209
3.775027089120598
4.069369728779733
4.082711424298725
4.071242399888472
0.6875000000304119
0.7191943671327586
0.6566566865153547
0.5963480657590774
0.5967254490108269
0.5649637223807821
1.026860513299035
1.028119910707891
4.036343860797651
4.028856808281293
4.027870319771917
3.978769064539543
3.979652018813645
6.071316665086998
6.04187859038971
6.155072359613906
6.138631448428902
6.108698788161411
6.356797250152488
6.292966367931818
0.81250000005039
0.7807685384965618
0.843232006531311
0.9329016950581188
0.9023560349656409
4.931232751852152
4.720187355451773
4.737852551168408
4.680764254578436
4.637364276646657
4.707598316405235
4.037367431263414
4.033300427251341
4.032808970127408
4.007237533466815
4.007693203286689
4.004461393513762
4.037913821924211
4.035725815726845
4.03535912115963
0.01928782323227562
0.02700491254803361
0.01183680941532935
4.039398177711333
4.035286708129719
4.034787005649484
4.015293476825514
4.017136680885393
4.017369501719427
4.009985460883851
4.009755063336816
4.013903513975426
0.3117352214102458
0.4067517150303059
0.3912275279164604
0.3909859727184377
4.395574742760863
0.9375000000748349
0.9068041179320782
0.5933814737265668
0.5937500000196857
0.5621508515396856
4.035370512168145
4.031343984949119
4.030858412293991
4.016410806216459
4.020593308521307
4.005642651690123
4.00145942535415
4.009324812417491
1.031874927026041
1.033126064235848
3.991007643985933
3.994695663735259
3.995139021447404
0.5903950602070672
0.5593173383577429
0.5900128458098816
0.5600362776308651
0.544652500091754
0.5443047382527526
3.803829854704377
3.818566667657296
3.820310563943222
3.846266754722377
3.815064388520292
4.812496306167676
4.772610015855877
4.834663913962693
0.9420983049784858
0.9740893890495337
0.9112689190095212
0.8074574665136064
0.8084786218030957
0.659946260693596
0.6595291049933983
0.6913652678768604
4.189158011186676
4.173696318391095
4.170250384328309
4.196751490766521
4.177294120261015
4.212263337145611
4.342320649903158
4.336930992219189
4.377494149393819
4.954094115401675
4.97351600540784
4.999733117017279
4.975689191649025
0.5628491484935039
0.5473844375771966
0.5470446470637804
0.6269450453786196
0.5959728298645671
3.973160189103979
4.821646472381577
4.011609850157204
4.013454118213152
4.013682366883976
0.038634627271723
0.02371353159769064
0.02366199537431818
0.01545990155773898
4.013442710539548
4.015286584713814
4.015516777712221
4.026883758239864
4.02702373768697
4.024919413600919
4.021126101420994
4.022955262487598
4.023231336490565
5.489801555951856
5.446128639096996
5.544367922281785
5.527266178446795
5.439812393212737
5.413307640699106
2.23773039511239
2.232765064507589
2.262568468418775
2.329813967053133
0.2784653153471671
0.2786776829862521
0.2475122532259512
0.3408671885303898
0.3411081769565574
0.2478980560429057
0.2632926396573083
0.2634897861730922
5.301071153528531
5.343959685487833
5.250888013858919
5.267748835813648
5.353305926732559
5.379262966194284
0.3091871346072773
0.4329405179987513
0.4642061701092935
0.4420594819941763
0.4732938298790831
0.3158128653911634
0.2840346846498211
0.3466328114632924
0.4096456514559025
0.2828284455642353
0.2830175997535628
0.2513950497856068
0.3461548661823098
0.3463918230373977
0.2675684715176534
0.2674746489428302
0.2833100433519149
3.741229774882572
3.739474961129981
3.681987529689372
3.650607984505335
3.647154991136882
3.676781218730293
6.530651621017223
6.590758767506391
6.652800020672887
6.687500117372097
7.420354992098772
7.483218489647082
7.227690020737205
7.194508074561774
7.320101436595259
7.416199125125455
6.558353904337852
6.46835171404916
6.404903982475797
6.434739994489726
3.003015204110293
2.973241717555144
2.970246851896634
3.009053976649144
2.979242674796342
2.912154057030447
2.895771421832282
2.927059430209872
2.200463981273201
2.207833818906466
2.140781743360055
1.997772283765046
1.993308491030778
2.023341311103717
2.09028263837679
2.730008836139909
2.697484506949776
2.735761653468952
2.706046133945152
2.640960454319293
2.638153811973989
2.267234936642812
2.299931526566602
2.262269595478195
2.292403480589226
2.360246568945511
1.961038156763057
1.967650432343467
1.900889531896941
3.041890295383288
3.03276792742869
3.101448187354117
0.3151241504056839
0.2524877467713571
0.2677602138223227
0.2676636803888832
0.2835113217312281
0.341345133812446
0.3103161621790684
0.2486049502130155
0.2636815284782919
0.2791899566436565
0.2637753510535379
1.505257137436609
1.501749589510139
1.532140386882796
1.598363394826447
1.49474286286774
1.462723890790999
1.498250409348411
1.46789125034338
1.402111224368371
1.525002413961172
1.590984013766372
5.226738299313795
5.269458695371656
5.198208679938024
5.282997766765273
5.307366618570958
1.744004586263983
1.748004317209324
1.717767326752123
1.651482795991434
1.774147252070836
1.840622785856928
5.552462082542966
5.508253738029338
5.594032850500207
5.505884656994454
5.477764216263651
2.229666165372196
2.237036023033299
2.169315958795029
5.474271566163243
5.518252310342152
5.422554708647957
5.553921669199458
5.37006989889444
5.31630219053115
5.331829544167045
5.588502784088114
5.622020976946778
7.671481003696544
7.734143013553079
7.478949179844939
7.445553092334945
7.57088406892745
7.66698557681364
5.273421985728979
5.24170049193415
5.456032662383238
5.208597162561437
5.174064066273401
7.729603759151776
7.955573462630412
7.830457557738796
7.095441392236282
7.238959158736577
7.272115257491484
7.098647822272394
7.705194643686166
7.579736493284462
3.981554392612746
3.978416648854919
3.981175037368598
3.974062675783693
3.975674439507393
3.974192623004654
3.973529929856441
3.973392104303708
3.975110810984787
3.981489338553659
3.979876566619545
3.979642236288802
3.980536239515756
3.978936924396927
3.978700950916534
3.988150807722761
3.984702976961106
3.987899997226738
5.666494796614347
5.704990981083877
5.115336295904558
5.099469058526724
5.230737844125564
5.183136459403457
5.132282251700276
5.083221320547418
3.776125152397856
3.772585468760403
3.787376000362343
3.82230060511042
3.556465124560151
3.55816682335399
3.62094749281531
3.675051015808029
3.765551553747588
3.683725560112695
3.74650380669198
4.019101870533761
4.018872169439622
4.023294664695293
4.041347831315754
4.020022168272773
4.019791853784656
4.024233745259451
4.020945132821055
4.020714130302653
4.02517592597982
4.043398307874606
4.0218710794912
4.021639285090226
4.02612160948984
4.010771062996029
4.012615634452392
4.012840591300194
4.011671661119397
4.013516226606499
4.013741705665784
4.003167790266062
4.00708187215732
4.003392622932705
4.012348543052253
4.016263520904296
4.012574460964895
4.013479683342603
4.015324162920472
4.015550858350046
4.004970289218853
4.00888536956662
4.005196256890052
4.029843553757828
4.029713605123917
4.032138035118773
4.042262563539777
4.030376681839663
4.030240885036966
4.032702273267614
3.985244777958489
3.983585702354747
3.983355719409063
3.984312878640874
3.982664520053822
3.982433668537413
3.99209351288892
3.988553780532482
3.991850287049301
3.983376765211037
3.981739636252382
3.981507785124799
3.982435880983156
3.980810553389568
3.980577544000392
3.990137084413044
3.986640789795601
3.98989065430589
3.975057039305794
3.976889287157956
3.977119357060123
3.975974953462161
3.977808008792358
3.978037068100575
3.967496989713283
3.971392011880539
3.967726303627783
3.976889102073487
3.978722888894601
3.978951062426994
3.977799920693703
3.97963437779667
3.979861769843038
3.969324963279744
3.973221084326341
3.969552491532566
4.025841326391302
4.025967606323822
4.023878903991612
4.015412038803536
4.025342601255623
4.025466441462375
4.023380681121487
3.959894742264971
3.96378191258504
3.969210218260729
3.967268376448908
3.969070211502196
3.969742149034522
3.967799011508625
3.969611952011464
3.960904039702676
3.964793885007609
3.966364440931621
3.970252407897381
3.970751086533388
3.968806746093073
3.970627255959246
3.947482552512573
3.951612654748241
3.943853206025788
3.963248933506166
3.961175739320962
3.965049369448536
3.952122349675681
3.951867731155356
3.956008197146516
3.972635827792192
3.97244677167256
3.974101918149674
3.973251914896673
3.973108225768416
3.974810642466136
4.003219215095982
3.999621290922261
3.999169768220405
4.001378501687118
3.997814245640933
3.997362022043989
4.018018173256197
4.01038929310636
4.017524600193489
3.985991484253639
3.98967265988931
3.990116291492926
3.987763772511669
3.991446192125433
3.991889207112539
3.970821618499678
3.978628242454442
3.971263847379595
3.987098361908236
3.985418801818419
3.985190289202328
3.986173205194192
3.984503719901969
3.984274501471905
3.994029322232652
3.990449074696556
3.993788336347611
3.978707810771857
3.98054288587365
3.980769581391411
3.979613033558784
3.981448691576679
3.981674748912448
3.971140111190645
3.975037275108694
3.971366237482808
4.017268056825167
4.017039430367986
4.021424110015266
4.039318385142828
4.01818386704651
4.017954708812037
4.02235811435029
4.008975650032392
4.01082017874543
4.011044223957633
4.009872444584723
4.011717002493612
4.011941484949308
4.001373418280829
4.005286526017776
4.001597317824364
2.768340442516844
2.759641748923519
2.827706290712642
1.47477610974624
1.408731220821421
3.97320756771235
3.975037886787683
3.975270492095317
3.9741348100378
3.975966160982068
3.976197387859262
3.965652411533489
3.969546248245995
3.965884071609472
7.537486869044754
7.474869949756769
2.292343587626128
2.360923153624849
2.331089800245578
0.2324933841180468
0.2323146749381236
0.2368084673078395
0.2366198554351726
0.4654753727146604
0.4965115498528165
0.4657849222212381
0.2331494095948504
0.2329930593199194
0.5044921280352052
0.4726528910282053
0.2359177158937214
0.2360001478490349
0.2201853436169068
0.5349509700313855
0.5346036565247311
0.5664121840458908
0.4955078719497176
0.5261292797294116
0.5268453948766562
6.667539454963625
6.700107574958542
7.6961123665152
7.792196829365811
7.391080830964794
6.525815147630143
6.464132188465446
2.949410999191574
2.909200955051075
2.894300364338976
2.89282985831352
2.168187347932253
2.138366085486469
2.053345261945861
2.707463442875371
2.674900501799013
2.664981108609371
2.635333865995983
2.322512611003402
2.332656401035629
2.362820435764074
3.992579081239616
3.992821517868587
3.989029016701322
3.970687368355687
3.970460744074245
3.974584276914227
0.3723754932347184
0.3415778856536362
1.400448470628229
1.399614628234233
1.431585807870994
1.349323912355226
1.350125221950398
1.317958932429314
5.312500144744145
5.331635654129112
1.773127476288589
1.805293724793708
5.464198914610281
5.449250788293313
5.580486068806669
5.687501636803371
4.020975756468644
4.019990626365239
3.971705919018813
3.972589667479996
4.033396261181172
4.02940817393163
4.028926975601284
4.003617585741241
4.004067916405236
4.00082959680393
3.995470274678374
3.994990877048695
3.99160674378476
3.991118512224246
3.993882575179965
3.967955365125549
3.968412779301334
3.965201139388926
3.971592205076909
3.972043683289392
2.206812661416287
4.020080887723511
4.021916776956935
4.022169645450303
5.347040434738124
7.062501037365318
7.158022362563823
5.437499587758181
7.035840923814618
3.966111645119994
3.965984078533378
3.968055562899055
3.982239229047601
3.982549810512123
3.979032585822544
3.983721559956217
3.982131170553343
3.98188782696141
3.988650503684679
3.988899634787592
3.98519005822819
4.029496794600507
4.025581073823619
4.025105973986739
4.000032152918605
4.00047884927644
5.481466823691656
5.418672611036826
3.967037580593966
3.966807467357654
3.970932319462638
3.516660113920102
3.546310929931578
3.549684264017271
4.031440047073166
4.027488631503321
4.027010724154438
4.002718496314286
4.002494028500899
4.006632332960677
4.009790716670618
4.011635200877158
4.011861933188648
4.0365923385095
4.034436966858187
4.034155845718964
3.967108117039935
3.966985366731464
3.969052860521307
1.336571347599264
1.305469177699404
1.3357655820365
3.944351668881816
2.913546798132326
2.946153034956813
2.883975979918715
3.987961225437496
2.860313385066645
1.376621285135955
4.008480570759089
4.004933968612933
4.004464650950157
4.006183271749165
4.008027867425917
4.008252341571209
7.408262205232932
7.393617521704057
7.360366501195456
7.397545829548025
7.46022083840655
3.52339211374238
3.493697951836705
3.490339203943345
1.413721324376698
1.445116167725188
1.414559612867095
6.365781303519976
6.337502540023241
1.475642030351715
1.44341419259791
5.73251004026556
5.669763911038672
4.02615611879656
3.966104662182352
3.980398106000753
3.984081075863561
3.984523511353124
4.007982495617827
4.009827083813913
4.010052575397329
3.997853734303347
3.987599959323711
3.985958043094732
3.985721621685941
3.972308360408355
3.974141736375821
3.974370422032561
3.968821696513851
3.975941353996855
3.977777253924565
3.978003033287973
3.970471514583461
3.972303259673649
3.972534024865524
3.924205024566349
3.997236687075968
3.98567549780783
3.984057556714221
3.983818328349606
3.974130596920887
3.975965326422841
3.976192405089559
2.789249897544003
3.976685555728535
3.975554258049972
3.974907102294715
3.98950339421869
3.987839776176771
3.987605373802537
3.894077590449132
3.933429489329705
3.92613430951628
5.320067542908991
5.273259754438764
5.293041299560981
5.404502301865602
6.531812939285077
6.579579412424049
6.468754595488662
6.484627649964191
6.579400779137226
6.611250621503077
7.875000349163425
7.68750024336449
7.591605426589902
7.712148514469836
3.894366807759864
3.890790650972173
3.90555474070469
3.940446983786737
6.281245728959477
6.218186989891358
6.232920584169222
6.326249414658289
6.358099169941926
3.874250341140618
3.879603674151145
3.844713339266542
3.838535433167005
3.836793553036093
3.779525397990379
3.748281764786056
3.744842319566404
3.774343879234883
0
0.01555217253076288
0
0.01552410993192585
0.04659386486414865
0.04662322982884348
0.1545062702354261
0.1391147854941675
0.2163781560887809
0.2319415326902921
0.1702143762514475
0.2211218439102441
0.1579937297633192
0.1421352145044752
0.1735356237465603
0.2050788611494556
0.1417355123272681
0.1259811339869724
0.1733849415249118
0.173459106282806
0.1260905260854651
0.2325804973433263
0.2169959796150131
0.1550717893084331
0.139514487672113
0.1703650584732657
0.2013386873174954
0
0.01572589006826573
0
0.0156978274692138
0.04715613513633634
0.1574282106908429
0.2046738239091326
0.2205040203818509
3.965376005384897
3.972749271772097
3.973706784319136
3.963476533366237
3.970844446245886
3.987960264281925
3.992125409848958
3.984279644156687
5.230203113253226
5.299439174962008
5.189592863382845
5.525730025179484
5.558239297918432
5.44355764085191
4.979693026448779
5.020903803686866
4.938762816979768
4.958275945269301
5.061513422760322
6.46722406646945
6.515376960084188
6.404263727880278
6.420535414192353
6.515785379500873
6.547616641543012
5.416779853068446
5.463032526877996
5.367715925375986
5.388434051520039
5.504361396045882
4.89857383339257
4.958805369444704
4.858408446438285
3.869766510300714
3.84375000726516
4.594554952881592
4.565642123137314
4.592409375084015
4.691071941878296
4.434357911639526
4.405444898909765
4.425135509499058
4.512391180549746
4.566856254647873
4.469742638592557
8.06691953620734
7.970950333702722
8.200956960075283
8.17200798890792
7.912850145507953
6.219326496480661
6.265848411380915
6.173122843178909
6.265976470375183
6.297127884995221
0.1702908937154404
0.124018866012838
0.1393290168336074
4.03783985586391
4.033400635811806
4.03757892798486
4.027112902662797
4.029334154030956
4.027233575019987
4.026632213294279
4.028844996821687
4.026752111989343
3.753213920623091
3.738547083929582
3.815420151707265
3.831877557338981
3.77144948677428
3.727414505260418
3.723874782307986
3.773239772194085
6.276316005800076
6.229481048334313
6.200874964827769
6.17171442142039
6.141964818869156
0.03125000000021032
0.01562922957763625
0.09375000000082179
0.1094060096478478
0.07819042471956354
0.04691360863128529
0.1562500000013711
0.2187500000021943
0.2344448767499617
0.1720254420489445
0.2343051232550717
0.140584548823057
0.1717245579540659
0.2029450414983127
0.01562077042253938
0.0780595752816404
6.095736541772408
6.032774481314471
6.047123896982398
6.531647657775157
6.484517086892824
6.453235614642343
6.659005214339379
6.723685259235958
6.708018282242604
6.421523348128448
6.389377322577587
3.463987368412869
3.338394412256826
3.305363675811096
3.364863421705596
3.427604004522236
6.771973821000747
6.674666015925824
6.770398679451412
6.802985489435065
6.342197939389079
6.296651605952396
4.412490295076552
4.3298987582621
6.912429308464692
6.963132648315923
6.833830037750233
7.203519372549431
7.16980473204559
7.146050434546592
7.083800209963666
7.04526365592193
3.98894031939132
3.987241369070053
3.987014041792951
3.988020626950413
3.986331261528065
3.986103375682752
3.995948864938097
3.992330336676515
3.99570965202105
3.980515832346712
3.982352037005167
3.982577517684873
3.981416431213045
3.983253151996231
3.983478110677165
3.972944906689689
3.976843074767159
3.97316986983493
3.963784788677532
3.96767729045948
3.973161126290747
3.971215291048731
3.973042688201839
3.973633346177456
3.971687295434365
3.973515501726808
3.964722062735401
3.968615260893469
3.974103384725994
3.972157131401723
3.973986063136296
3.974571488237771
3.972625044343363
3.974454625804964
4.022932598216943
4.02305103219422
4.020972183723445
4.01254263665318
4.022460396322848
4.022578236531439
4.020500197213628
4.021990370169177
4.022107688165222
4.020030373965079
4.011607274511811
4.021522275747825
4.021639136132744
4.019562470489772
3.976793338592408
3.976672670607111
3.97847836319496
3.98585854367898
3.97727405537353
3.977154144099176
3.978967518683797
3.977752005930404
3.977632767514371
3.979453313551754
3.986887779907234
3.978227511887297
3.978108833079299
3.979936130932933
4.015442264242859
4.015214498725304
4.01956286409869
4.037304100027702
4.016354258362605
4.016126096525547
4.020492438770535
4.007186897101455
4.009031315526923
4.009254606257688
4.011769457767029
4.008080518615262
3.999585823206062
4.003497974002908
3.999808943523973
4.025916198962832
4.025797378449205
4.028117458126482
4.026392883106333
4.026273439778171
4.028601711765377
4.013622777477928
4.013395726277245
4.017708608702059
4.035303448771494
4.014531789701171
4.014304384538299
4.018634916014466
4.005403608848557
4.007247857201365
4.007470528710591
4.006294631895218
4.008138971798475
4.008361938559503
3.997803802006355
4.001715010749364
3.99802628424322
3.990773058586846
3.989055420598372
3.988829083082152
3.98985777194494
3.988149383229908
3.987922567810515
3.997856425904817
3.994200890295128
3.997618607931453
3.982315051778748
3.984152260547839
3.984376744880296
3.983211848667638
3.985049523665501
3.985273570825789
3.974741170093022
3.978640318882823
3.974965179362191
3.707432732658794
3.712722848171806
3.678070304087969
5.395575188881328
5.280380051944581
3.957995716727913
3.940417806445635
7.179446630694111
7.265857516835517
7.304116287801168
7.845939430151277
7.529129380972554
4.390010511855748
3.30211733797247
3.300499179878631
3.33349101040717
0.252101943952905
0.2362566158782807
6.785867425696364
6.738009128334414
3.857715433732805
3.842945794891515
0.1547371150200777
3.713612036739997
3.715325862166359
3.757867641999523
3.789088895843661
0.09385554682845772
0.1094680265353734
0.1564312787257949
3.84742961893633
3.832789032626133
3.77858776860747
3.809887266226369
6.927636704760514
6.960454092831133
7.280199893528431
7.31386102765059
0.01551885234815421
0.03104494574909635
0.09294170803361167
0.08522093066848077
0.08517779179310507
0.1263544749623944
0.1420608321490135
0.1102268929313631
0.1102740457689024
0.2016513748621837
0.2171585499406315
0.2017250294593037
0.01569344025518956
0.03139745443594811
0.06287971263816398
0.04717155777690844
0.1416255328627841
0.1731121137082967
3.988933539712003
3.992614256465613
3.993105462034414
0.1560687212767502
0.1405035950078755
0.09364445317281002
5.167348952448746
3.999139838797932
3.998916968904658
4.003051754651261
4.977364056803276
5.06250307022271
5.083020185498222
6.563685675760851
6.579724865552019
5.509665130929656
5.530264694520479
4.828237605340948
4.848728769466165
4.444235495964389
7.021591512846152
7.275128828689333
7.260598882956365
7.227278377627434
4.538735698490131
8.143091617335253
7.850323035472796
7.879387134246545
6.312500151871267
6.328217958906206
6.421903558157877
0.07875460668106644
0.07089177761876604
0.07085998109684886
3.919189717286455
3.910878773128192
3.926582067137391
3.96997624862771
3.969858775917973
3.971922468483831
4.038366455390205
4.038632769711278
4.033908290724365
4.016227742207076
4.018070438808636
4.018305001387334
3.982727500519623
3.981153500109168
3.98090715972768
4.025642024695729
4.021795028441725
4.021323823111961
3.99647033757143
3.996914565597188
6.820378894907797
6.835807144513847
6.947945856908782
6.182692803293912
6.168562081581219
0
0.01563761614155974
0.2504509683514925
0.2348665857461309
0.2347253153039856
0.2498501649316932
0.2341651716125831
0
0.0155953961341161
0.01560391249603596
3.999279963195811
3.998806057765378
3.975189079859045
3.975636566319684
6.061315118012084
6.692306660971919
6.784241661733931
3.991391257226288
3.989707312210592
3.989474548055576
3.996426772453175
3.996665508797716
3.992798866335804
3.970911766397303
3.970795206491513
3.9728583572606
4.017169863079679
4.019011846944309
4.019248644536928
3.981716554071279
3.98016195739969
3.979911356912424
4.027565318124888
4.023684207769028
4.023211242693487
4.008304153760962
4.008527886318712
4.004391477715021
5.237586339413983
5.191809611330877
5.259972619574474
3.974292816273729
3.974068466064061
3.978191724109043
4.032398924411547
4.03031983642744
4.030075053638827
5.235717919367344
3.945927401911541
3.690996326626842
3.676317292742014
3.99326690284839
3.991563623982488
3.991332119632883
3.654551967971222
3.623309157924639
3.65285326815847
3.236171582357466
3.204813389675752
3.234578571065489
3.273969327759
3.303738749693919
3.69802497917318
0.1721261388150267
0.1408277237564197
3.932107781102477
3.924728618173386
3.923801529801986
0.1085231070689714
0.1085674175954134
0.09302673642922121
0.07801596695572306
0.1092196918801287
7.43749917539882
7.34173998672388
3.950608844756394
3.993670331958735
0.3123098281352737
0.3280249253585191
0.2967850111290424
0.2815903537301996
0.2501498350739754
0
4.001753202640286
3.97240701147676
3.97953619805786
3.9813740728422
3.981597894310634
3.977742660424989
3.97957959984505
3.979804310370715
5.374122765440383
4.002605859310812
4.004450260765263
4.004673187050424
0.2807385282502496
0.3441712228231529
0.328425548986862
0.359705785294419
0.2495490316535077
0.2657049031065916
0.2658649973424318
5.889943804880665
5.843465345437335
5.947540062050581
5.929245490279826
5.806615421956053
0.6926882537726059
0.6616416686424014
0.850580530414856
0.7886205180389343
0.7255672826972057
4.039132520135513
4.040999532157004
4.060796117543293
4.073840177894383
4.07849210539478
4.067409121723665
0.8064260042638648
0.68231174619738
0.6508583313251314
0.7119327172456872
0.7738794818811955
6.777001777404252
6.82447020891942
6.711284856077087
6.725718387253631
6.8207796242679
6.853785280411865
4.11711745413524
4.119152166497913
4.098905714264221
4.157953881650945
4.160405866918704
4.113380490881878
4.104175912836839
4.112192930850415
3.897822578214961
3.868502662956004
3.852921480975531
3.865751355436881
5.995054799046114
5.907993907942966
6.030916210094185
5.970609314217558
6.016469128333487
5.911618701709223
5.927421732254855
6.048868409538686
5.954150549449144
5.834076009010843
7.164754941382902
7.216557725649206
7.086781839413935
6.972999414906014
6.925227528077452
7.038715136184064
7.023652885927488
6.89496068851682
4.047800547461891
4.058344141271017
4.02609425355522
4.032426311391506
4.040140282478395
4.027244535042495
6.847200313544771
6.797462335614702
4.321753564358015
4.406641204564051
4.297069787256719
4.286655394994549
4.212259607883182
4.225568968337255
0.694495267245081
0.5682889597216789
0.5363707202524068
0.598650890746962
0.5567110402574483
0.6805047327063188
0.5888491092297206
6.768626380825325
6.720942087075043
6.692529789280317
6.901351877589018
6.967152340274694
6.952353657194996
6.663847795015966
6.762273326619669
6.634863347412058
7.014804252761863
6.915948462177563
7.011236789240845
7.044266458551515
6.587570833447281
6.535864384476178
4.016576401454164
4.017527717714981
4.000885283684206
4.051219493965185
4.011026901327787
4.010567431201205
4.018955401619512
3.993514071458495
3.99262967526859
3.994840948107192
3.99852727991151
3.998969900840712
3.977886353884783
3.98570019654799
3.978327686349218
3.542949293036287
3.544628716130894
3.602177637460048
3.633465664875318
3.607259663713789
4.02995115078104
4.02548719815834
4.039721101938139
4.030702523172227
4.025965890939223
4.030956882471231
4.026448361403723
4.040887505650792
4.031735878752119
4.026935497543442
3.97633961126565
3.973064419626806
3.983716264541254
3.977109804555863
3.97355156646988
3.977362029380173
3.974034041049609
3.984804705530947
3.978108912523461
3.974512744951226
4.015629510678781
4.016090999400946
4.007534993175271
4.03331203216476
4.01271506871156
4.012488315508024
4.016783779048695
4.003402692605359
4.00820194740238
4.004513699660811
3.996026348358993
3.990685238690101
3.989793736488114
3.993280709794174
4.001642514376145
3.988900988857034
3.992370244366036
3.992825652030954
3.991686392824001
3.989959675287935
3.989733767895576
3.999753343289794
3.996062167586113
3.999516707974012
3.984106983025236
3.985945101387172
3.986168751348769
3.98522379461169
3.976530348940059
3.980430457468553
3.976753559011488
3.985669926849997
3.987006475042567
3.978758705299914
3.978313666457572
4.023407287708835
4.024124968750685
4.019963189223276
4.019724247443721
4.025096267784782
4.02068562817709
3.970997402871207
3.971727652632387
3.967595552094932
3.96735251030095
3.972686411348678
3.968317993409371
3.600489025191756
3.511640603424986
3.537925927509864
4.024969335662465
4.024851509470742
4.027156719612798
4.036549706304086
4.025441757935951
4.025323443553102
4.027635884434471
0.003833461179605771
0.002867957420853697
0.004783843359023458
0.01150755187288472
0.013450713864096
0.005776241873727575
0.005767306742598462
0.007700259123432766
0.01192994812609638
0.009931686561293535
0.003979038820121569
0.00498178164067112
0.002991417578943402
0.009905872730191797
0.009917299256467079
0.007924740876088856
4.013786018869067
4.005758735839737
4.031328322973232
4.015168237247878
4.006646473027321
4.002958668203612
3.994252494903052
4.115250437798503
4.171507874210108
6.937501018684753
4.163404348015041
4.147507572440458
3.412789908017338
3.445721309783748
5.910801080575878
5.797250615241332
5.77882342992711
4.092651473055478
4.093744810221261
4.083415840531559
0.6607883722042952
0.7236995067020655
0.8206754862454972
0.8516673996730465
4.091691460512565
4.089351308704725
4.056044351503281
0.9281716830111774
0.9597583955304715
0.8977922192116349
7.025832581853145
6.978149442940832
3.913399279411387
3.898747400689182
4.073041021644371
3.85750681152447
3.873073552203274
4.020437466505818
4.018686289324638
5.925866984535582
6.04282752961392
6.060680211453132
3.996758261106073
4.000226284241309
3.66475248218604
3.567529375474248
3.981546238048221
3.977868325134805
3.577636271115993
6.062501806982828
6.078799344459219
4.035475413050118
5.812499243331069
7.075049005345434
4.031411420121623
4.029345013480584
4.029102973388124
3.980681925935603
7.077261003519843
3.837341127258669
4.003054982927618
4.002584530071944
3.979203458079158
0.5892399906112479
0.5578465991140688
6.673260662454022
6.659157638287245
6.812498614837243
0.009625377269236042
0.01347700538189063
6.549948232520715
4.020203003988764
4.018603583494306
3.967837392316342
3.966252686970605
4.015624912710788
4.032268444735471
4.013325738127223
4.021814541256475
3.987467674564655
3.991154409261649
3.991596650814974
3.984374995869187
3.977003772444794
3.992923978642887
3.993366665630353
4.029703407504617
4.034422503359756
3.976076865410421
3.979602340887151
4.023725780181907
4.004736079582019
4.004958524199762
4.000825306839423
3.999270703213221
3.995582581266173
3.995132568407933
3.993410698309053
3.993180278917015
4.021327781156651
4.019486093770603
4.025219221451226
4.02313455993357
5.937501466161261
5.983350116457326
5.920653205599985
3.970859675954602
3.972924093621528
3.969032567992377
4.215005167259854
4.021055882392379
4.021172330928158
4.019096256893779
0.001926707119870905
0
0.001922947052706786
0
4.113518792190637
3.480330694970133
3.481992104620729
3.449019687522458
4.189558517955195
4.187310996596059
4.207574467399028
0.8043245136552574
3.532917717383473
3.531249979413254
3.56417564612318
7.201739618348848
7.187500088990632
7.23531096402979
7.172775324436953
4.005607993939654
3.975968183495051
0.0118769609925264
3.990121762324025
0.001983302947153883
0.002977871228123521
0.0009925592379959427
1.159725182471474
1.128389763102235
1.224594369031671
1.129752876502555
3.862750568538516
3.866266945550492
3.851532369700458
3.816818259275494
0.2182274963755586
0.2337409319205707
0.1558857189980124
0.1402581605178778
0.2024574134468161
4.140324287240719
4.143550127539238
4.191977104829506
4.221088093188312
4.229567401165674
4.203667924426875
3.817695785622182
3.821170150615635
3.806398542027655
3.773382370920837
3.77165500567451
2.150331485552304
2.151516674134315
2.24142649641764
2.243881222096319
2.213909460785677
3.903302994342744
3.870318925003378
3.869412615612956
3.917078796944547
0.04654579642854815
0.0542900481208084
0.00775857450316347
0.03876803447430482
0.2192725036281357
0.1566142810043071
0.1409094112567344
0.2034254037623498
4.165751744059094
4.168949882291613
4.222496962450696
4.254044850903069
4.262176459578514
4.23383209351698
0.06297011230331556
0.0550849518803376
0.06302657077709702
0.05515893287242073
0.0393569655261791
4.151558847878722
4.158086486241778
4.142326073848601
4.101914242922915
3.887249452609337
3.883733068632898
3.898496206380808
3.933306375918518
4.09844114152379
4.114332940533472
4.091913492873979
4.103955854971706
4.139276046226076
0.1086092843609555
0.07764452706271163
0.06212028736249963
0.07756049804650984
0.07767037372909608
0.1241172219323676
0.1087252647096631
4.085670639731767
4.05164416158043
4.146748268548465
4.215003065507973
4.218750014350556
4.156250011215037
4.122130658352114
4.11054842968113
4.130368046389693
4.172175719693122
4.245522896106145
4.249559053139783
4.182131946936019
4.145401930908593
3.089133117301558
3.087593040312658
2.998492517350547
3.025175550710326
3.28660560746913
3.411012636784127
3.443802053230307
3.322636581301166
3.877468956671794
3.912211392454355
4.133630547528405
0.07860547293804702
0.1101407156397994
0.1101825824053153
0.07868950195476429
0.06292262926727783
0.01573114765210537
0.00786642549697429
0.02361082430844075
7.595872542876314
7.787784563010186
7.821258819702775
7.600085631375734
7.562499480236994
7.783429001492507
3.849264780128988
3.854746244753375
3.872146358742666
0.2338834142583121
0.1716238611877875
0.2507563986642627
0.235009068082935
0.2354484083842869
0.2039182227845322
0.2037925865551252
2.991346980377418
3.022755994195567
2.925522967802572
2.924027701656375
2.986786102588079
3.019690784591018
2.014190072856932
1.983150188643488
2.07981136673854
2.017643598885669
1.985427960376658
1.102419884729002
1.009256076111574
1.007990820078017
1.038823599641381
1.021731090545469
0.9907439236677364
1.085759785917811
1.02367640024068
0.9920091797731657
4.022687284604923
4.02282025052564
4.026351780528689
4.028315410823126
4.026747452464437
0.8989511087308453
0.899525351109687
0.9615982591068869
2.608778560475415
2.640159682987757
2.541967046195015
2.604660379066586
2.637387978086147
0.977741604276377
0.9129746488126067
1.213640595763793
1.212905631123428
1.152774817709563
1.121610237069504
1.150676327962767
0.06202988769792721
0.0697940484668774
0.0619734292232361
0.06969750379613648
0.08525989668581614
0.05421606712782035
0.03875136966043478
2.282485869427749
2.251222747176816
2.347536465404809
2.348799708728385
2.28619600666123
2.253669247651011
3.762068830073104
3.808140306009144
3.837683331468813
3.832461725894732
3.86547111731559
3.867217664185937
4.250208625516643
4.323883503640833
4.263766260839662
3.751718221294831
3.735232423493485
3.755157701169594
3.740382275891815
3.707397488306285
3.705687779540531
4.368671831790627
4.278911909994179
4.27043261580557
4.298733766384911
2.488578484128518
2.520013877535539
2.42177065096179
2.484571215859408
2.517314215219379
2.728621274730757
2.759951628963083
2.661791955627544
2.724385104053796
2.757103172183045
2.272584594764546
2.338700239611678
2.27630398671385
3.999114703162365
4.007353354695493
3.997343768356458
4.004598125617974
4.021960444618834
3.989091618730282
3.991745316226696
3.974355927283439
4.237823567391785
3.872483280712031
2.731453870958655
2.730036561742003
2.671539611937912
2.667350216462148
4.887407823012076
4.870687987940227
5.000878641428139
5.041925526496413
4.950826425893093
3.992465013753479
3.996456895098187
3.991575623366757
3.995097431946308
4.003525121952151
3.988784815179971
3.980092170700409
0.1258827780680911
0.0785796262714363
0.1257923294420374
0.1409918394837637
0.1724330800647168
0.2489303606045321
0.2023317772165417
4.026086007546663
4.021740095735356
4.035537503357292
4.026798765581099
4.02220271551956
4.019665467486469
4.020359160282801
4.016209083049845
4.015978017837701
4.022335306920936
4.01807637501733
4.031587206100602
4.023033187871543
4.018531298992335
4.023266283638097
4.018986982155556
4.032563787823885
4.023967124179847
4.019443477154649
4.024201304954141
4.019900840080715
4.033546849573085
4.024905534395906
4.020359116526811
4.025140927553472
4.020818372965242
4.034537870362432
4.025849171534396
4.021278673569023
4.01600476126005
4.016686945126148
4.012543174454418
4.012315917203724
4.017599250913216
4.013226081807148
4.017827860040059
4.018515059286985
4.014368443553188
4.014139524482482
4.019434836608446
4.015056664125932
4.031273425671664
4.028849374581878
4.037272776934709
4.032087454385638
4.029138637457531
4.011946037661017
4.003985168465552
4.029350378621507
4.004871671343001
3.999855393383885
4.001184458810142
3.992481423833664
3.854732444918063
3.904203535832383
3.856531157730443
4.166917050544708
4.208286524515657
4.027169661897712
3.978259930279315
3.980110551357735
3.977797307365389
3.979407541392745
3.983098169018908
3.98333860991739
3.977333363547911
3.976867969478708
3.97846450080219
3.982373805738201
4.02048331194266
4.029649155251564
4.02117632086766
4.016715768846709
4.021407709979414
4.017168638284396
4.030615973230256
4.022103086316995
4.017622163331377
4.015777723007834
4.011408637424413
3.965326328865916
3.96892375016526
3.970861147885124
3.971150803311498
3.969346548958994
3.965855447772819
3.969480165769692
3.971422010171334
3.971684729303462
3.969871147575705
3.959106993749364
3.966840984710349
3.961443311458647
3.972220121166632
3.975787903695176
3.972802889659295
3.972958901267117
3.976524892909731
3.994241268000548
3.993353532282249
3.996909580643516
4.005402980873695
3.989228838230833
3.990559748122471
3.982310010391931
3.981866842490124
3.974804893134498
3.975502728526384
3.971377019445352
3.971144585408803
3.976428310558512
3.972072192787163
0.0709274962038038
0.07083095153446672
0.08665406933192343
1.159028602880347
1.191060040448929
1.131811629958228
1.097717365918728
2.287434367530839
2.318749472064893
0.1246764365844296
0.1402166250214704
2.789844861476562
2.183910478800085
2.762807159429241
2.732873612691398
0
4.26817590534044
4.298530228353806
3.709108889098305
4.294324126689958
4.289947927422043
4.385472076359529
0.05517421615783076
0.04727543137976479
4.142960570230539
3.863727398006476
2.451854867556713
2.221169264696057
2.98527235593144
2.95390451295512
2.691690716034135
2.018788219474409
2.04988535291282
2.308752265710644
2.551447628137133
2.550083749898536
0.08529572431364675
0.1707624347692054
0.1708223909117574
0.1552447113300158
0.093229307505869
1.055376745545007
3.995725889859185
3.992038986220272
1.006117265515721
2.901822800266538
2.900345936043518
2.933040298797045
3.054853186283363
4.015755036262697
4.013910834824962
0
0.007869094379962402
0.078834077187691
0.08669720820675107
0.1099183161769138
0.1256263034164428
0.1099530130602015
4.016440465550925
3.982857258597035
3.984213613056404
3.893140760171141
1.95211194707024
1.953238518904453
0.9468283168032265
2.961453231707249
3.054163374164141
3.052618486149915
2.044059202132036
1.225331385085306
1.134593708063438
1.052046743217116
1.181070376975789
4.025648299760756
4.027547537057167
4.029466060550063
4.012800529872612
4.012770616385033
4.011153912816256
4.014597600881743
4.012983014667595
4.033511703393756
4.024259799623501
4.022425957298132
0.9311501959943719
1.057339029009576
2.571957948238195
3.70397909758303
3.974483270805762
2.312500012465257
4.406810637632032
2.967253116090734
2.968750021184419
2.936013888869459
2.458472052091988
2.697290156361027
4.933293662635508
4.004138592461514
4.01229472222244
4.022945025279025
4.006808562494546
4.006340259918773
3.982753003402305
3.020609662057642
3.971609087524516
3.970009532859275
0.1415736530501807
0.1396244671372293
4.000456761973607
4.003994996858326
0.1867720585143411
0.2022680821360076
3.98510430420981
3.981423485528551
3.840044889499295
4.030434969474872
4.017591029115851
4.015747253887257
4.026595982820215
4.028504010751651
4.013933281016816
4.012088838397474
4.030655042140174
4.030514380607461
4.033003152516137
4.011486450684604
4.019907821050437
4.017455999614473
3.972069447999013
3.973799187496768
3.981963344391855
3.98357864561268
3.978346085042205
3.980176671731242
4.020252652730361
4.024704461028142
3.969999076112503
3.978824539475194
3.974596499647898
3.976658941176347
3.972764501579751
0
2.447920301490788
2.159799138611104
2.657634741915818
2.65624993561746
2.688896374122095
2.342488286619688
2.537939719339538
2.53660025500444
2.569250353605191
2.584259575376584
2.614310220336513
3.905101421853264
0.1088316838231482
0.1088658633160724
0.09328861644625813
1.038181709204994
0.9124034346570367
1.919959183944495
1.89004037973865
0.07741592281198634
0.06965594742677324
0.08512975556363238
0.07855435561249899
4.014828774499265
3.976684073404705
3.862060362598791
3.087128180412877
3.116973250377486
1.178894788827707
4.009337719151058
1.090446222493632
3.959634011647184
4.009435462474159
3.979513454482078
0.1729875652304768
0.1887200640997968
0.1730490673811428
4.025346064115087
3.973069397379987
1.892232889495147
3.113845696185443
1.352542725927637
1.383972184767619
1.287361566194775
1.382325475464219
3.961600698784799
3.967125148309716
3.98464351442277
0.6857944721252983
0.8104979515393956
0.8421946807902201
0.7183056329359448
0.8145020485404751
0.6892055279222974
0.6574715622240561
0.7817314615919587
2.578721449123381
2.577343418255679
2.519186812789894
2.488047061213184
2.485372045564597
2.515133456228599
1.062500000094805
1.187500000082397
1.219477861512314
1.15833306244949
1.09573020359026
4.57220341121391
4.564970977498522
4.493635828051502
4.48085925607867
4.504585829995509
0.07717328623534518
0.1081044160399663
0.1158749377402147
0.08501242007574174
0.1106455839588543
0.1185000622585552
0.07907671376354418
0.07114530272569637
0.08686257992333143
0.1026463036567854
3.99728062380691
3.996292946353744
3.999970171384911
4.008815460957495
3.915249164399977
3.920720700231298
3.938159667409846
3.869361553586412
3.877660030378392
3.874932140816705
3.891519947342986
3.892434295290297
0.6542100995029511
0.7156233651276283
0.7778642954192956
0.6582899005320807
0.8463456459760261
0.721876634898121
2.456908299559077
2.39203355582038
2.390729351039736
2.452928766853679
1.209194588846437
1.144971456816526
1.206929989798902
1.238687299849062
1.166803845467056
1.167528542702934
1.259773216583155
1.261312699570288
1.230570009582024
1.250744606502053
1.252234858171487
1.221663988339652
1.397099551314106
1.366027815375306
1.461857970362795
1.36767452492028
2.458229852365528
2.395930244876626
2.363497944320418
3.741394056107818
3.737931166482243
3.752662218943921
3.787351456649693
0.7223288400433109
0.6277315590780662
1.218022138626917
1.030625073154987
1.154166937737447
4.422860339976485
4.506364230103367
4.51914078547512
4.49322020998887
2.886977024996069
2.977244013176099
2.980309228024284
2.950713920652471
1.344544138309592
1.343749999910355
1.281250000013594
1.278965210069979
1.247765141967505
1.249255393594731
4.462663056720977
4.384048846764266
4.444279835107349
2.520532971077714
2.60984034371277
2.582839592933975
4.537886045181586
4.622528976922761
1.153471397306276
3.008336632909035
3.075212880003372
3.902570306302224
3.900735257237562
3.908118234932457
3.925656407698177
3.895177238881091
3.557470684459065
3.573924788069105
3.568873632746066
3.603466237467006
3.721463245077374
3.726647106549546
3.691990424443408
5.820380035533737
5.940529453588206
5.986614497574986
5.897145129449993
3.619925120815588
3.608531509946002
0.7151711599704823
0.6230549546514688
0.6529708950168066
3.977281751557347
3.974321435916201
3.972695197277431
3.972446729376999
3.973931638754848
4.018642606361255
4.014460188624119
4.027727838807848
4.019331714028523
4.014910229569273
4.01956171046757
4.015360779195471
4.028686690276651
4.015811866397717
4.012390799337823
4.01306567303951
4.008926475294292
4.008701643924001
4.013967324682088
4.00960173188278
4.029584820114092
4.02730474960155
4.034580937560998
4.02997460052284
4.027553233114415
4.030107109095143
4.027804082622158
4.035194405670248
4.028057863059423
3.981923618762162
3.983815490878043
3.981468695708589
3.983125536488171
3.986900814099901
3.987135874495465
3.981013015175451
3.980556524284474
3.982202576350775
3.986194148199693
3.980099167948403
3.981971227744923
3.979640899219229
3.981275665179015
3.985010501594259
3.985247837150117
3.979181650183045
3.978721352713453
3.980344217903732
3.984296358614405
3.977349161463878
3.973224613078454
3.972994694209115
3.978265896916136
3.973912821733925
3.978494502324887
3.979179030527691
3.975055166469312
3.974827132346873
3.980088982723902
3.975738069650811
4.026094698997563
4.02179143450016
4.025715744976677
4.025590805843041
4.021295804317181
3.966862191015575
3.97087446047347
3.996014830648929
4.000072685258904
3.995128330261358
3.998718102268899
4.007276691082264
3.99233210535239
3.983638522759893
3.983736472873659
3.985647151900491
3.983284226473776
3.984961609826368
3.988775128091389
3.989008444121983
3.98283135588653
3.982377830296731
3.984045095094562
3.988073939770933
3.980316020695668
3.980996111592765
3.976872606699965
3.97664604294325
3.981900657165163
3.977551325725635
4.016810927878571
4.012664684239288
4.025818876737583
4.017496809420341
4.013112898341227
4.017725696332395
4.013561540346944
4.026771980049972
4.01841316640011
4.014010630418858
4.010596236031482
4.011268374431865
4.007131098909484
4.006907175936662
4.012166083000945
4.007803508746123
1.274368021478656
1.275138434031183
1.337374778381201
1.476509996765665
1.415400448900884
1.412885372251927
4.015898052338805
4.02486863298907
4.016582533699411
4.01221687682305
3.993596148693018
3.984764401577734
0.5919004845021459
2.892941000375728
0.1184279650164774
2.544868756871158
2.420508596139045
0.08504459517966803
0.07728037384211409
1.309386290147291
4.538608503816358
2.984882692923993
4.007744690461522
4.527749658961747
4.408228862427745
3.037871848264965
3.987559839735467
3.989241576836815
3.98384537581343
3.985484865656574
3.976432468892777
3.974598886482029
4.006683355139803
3.890607516208733
3.647747504142301
1.292812360168781
1.292024178516266
4.023763856100915
4.009151431213507
4.007531916782806
4.032415367118343
3.986665520223743
3.988077467988938
3.984772823858854
3.986158966038147
3.973454267996833
3.971850671070341
3.975282996052873
3.973676215473233
4.023628647481679
1.396255843711518
1.428172401028847
2.428386589565902
3.526244511667203
0.6293309445269243
0.660365954644682
0.683634732123991
3.974183743284886
1.423840592331835
1.45572429055374
1.39370535001445
2.540740445771541
2.553042050621849
1.286593202154739
3.988541612294383
3.989976700157027
3.977099005735965
3.975489624551468
4.015670115364705
4.020027417391782
4.021890802896582
4.007355126876123
4.005734676517112
1.307041067839033
3.690265960431547
3.856379770369217
0.7227831871517898
3.977562755386553
4.022826116401494
4.010321517205611
4.008476933614587
3.98570940555183
3.987370722038706
3.97825421271838
3.976419310363024
4.020958022505441
4.499427037001397
4.629807932837315
2.952227663787675
3.711896114023234
3.076768395016343
3.58363125294948
0.1236455250363684
2.46349816252179
2.430995730127839
2.416527939319607
3.980597791490346
1.325118929634172
1.355806794607866
3.988649107141216
4.012122772283266
3.980064721344207
3.982126418315144
3.978228667803756
3.59375004577829
0.6517116277780421
1.269687639179877
3.989907829998637
1.299881069447438
2.586939423439008
2.588303056133178
2.555749642335986
3.887781114012639
2.646541823363004
2.711704194846156
2.713114896475364
2.65070805253701
2.618129872955691
7.349574131634683
7.283154065622308
7.297842884171009
7.426900401068696
0.403407302548368
0.4660915370132373
0.4663947901092081
0.3728763441964878
0.5978720921818157
0.5342592777330955
0.5339174669029727
0.6285261121860581
0.1097843938872263
0.1097519694167043
0.07845844654388032
0.06276403941799695
0.06272764773847413
0.07838963039383548
1.956597704326937
1.896579643406953
1.865459824675899
1.86332064280188
1.893323923752519
3.110731508960009
3.142093422978762
3.044942675094662
3.043415465856315
3.138969748040433
3.242573195200641
3.175029766687428
3.237767130780012
3.270742161201099
4.857191996711724
4.846599660992543
4.819293235350904
4.789977173163158
4.770331184231678
4.789054910700242
0.0156717126478757
0.01567591694907739
0.06265648307915408
0.06269185511977236
0.04703078077003824
0.1414272725476914
0.1727554736156023
0.1884662914041151
0.188590819555139
0.1729276090879191
0.2017971398798886
0.2018678875355865
0.2326660338961615
0.2481734748366536
0.2483500230481195
0.2329133297633252
0.4366865880185078
0.4524225796495372
0.4361387288637201
0.4515713964226913
0.4830177829388307
0.4833211070108888
0.170994526384291
0.1398227274524287
0.1397751201312609
0.1864091804442841
0.5896279078047389
0.5282407222660394
0.4971655731924251
0.5271987817329395
2.842296566428247
2.776956047996617
2.775523509490535
2.837933890359879
2.870605529789028
2.592388885903546
2.623627110081885
2.527238190222136
2.525899727604882
2.620879742928771
2.407537320820615
2.472687994273608
2.474001888310605
2.411401666028257
2.378824937511171
2.865694361600493
2.799946025234592
2.798495041102494
2.861264014677743
2.894130773917117
0.07779155345629266
0.06223596058212141
0.1089656061133065
0.108998030583969
0.07786036960664376
0.06227235226180992
0.2044528601186956
0.2360839661007549
0.2361695026531921
0.1888554913377967
4.003964934330099
4.004935960463875
4.014464257090633
4.020824120047203
4.023133045338199
4.017744208515405
0.17121190028697
0.1400034986592376
0.1399593700442631
0.1710500168398531
0.1866543036821987
1.395409146130582
1.486736003162217
1.458370908794663
5.696837648822523
5.710402637408093
5.763872380333192
5.79166030073748
5.773862949255419
5.949500316941974
5.963949184536576
6.014689355421545
6.027217431886901
3.432570157946834
3.449006333505913
3.444055862448408
3.476919073077546
3.478577816663112
3.435856977548436
3.419417145417588
3.439142989648936
3.424332811851898
3.39143981432676
3.38981015999295
4.934873677939541
4.944462640848613
5.010144666443136
5.030493584908271
5.008634259981249
7.611588955230617
7.438664477336935
7.467493311445335
7.529964621438095
4.816433102147245
4.807276887985813
4.741599618087703
4.746589188150145
2.895908073756214
2.864734430333794
2.961260355438569
2.96275980577446
2.867672842285207
4.663616808292665
4.774975734572303
4.814099782122597
4.778752253671197
4.721832165329461
5.033749539570515
5.123402879139885
5.134516362633565
5.065466021621064
5.020336115574148
7.216846222286252
7.264657842882922
7.150425740628756
7.164953921100794
7.293882323080997
4.074160054907878
4.094910781735356
4.096216497107902
4.077643842950786
4.067004384167827
0.05418324466087255
0.06191987956653289
0.03867865345318187
0.03865879920042645
0.06187433821964245
0.07096905257291171
0.06308012043318334
0.08683040481953319
0.06312566177987286
0.05519175533887637
0.03944634654658245
0.03155395720410767
0.03940384266513393
0.05420078384210401
0.03097100749632862
7.334842808009453
7.205847380769289
0.3747696296698453
0.390504769644049
0.3897801040472663
0.4212224027365031
0.4214838891122609
0.2812500000034694
0.3437500000051365
0.3594851604230797
0.297145291672041
0.4388612711470286
0.4546786035876605
0.4383134119965085
0.4538274203677019
0.4854288930075573
0.485732217076996
0.04675879557193532
0.06234351692111531
0.01557408305101464
0.04671921923021824
0.06230814488051702
0.07823403304514971
0.06258648125368717
0.1096242971296353
0.07830018525600851
0.06262132704558218
1.772105643208658
1.832230926174054
1.835391941128004
1.987692262265533
1.959931381831546
3.295661681341775
3.264325310856637
3.361591713967572
3.363226057195595
3.267528466165469
2.794159645248391
2.765672236216574
2.768548059977892
2.867178474932266
2.804319883705611
2.771437805117138
3.392943769521979
3.294054237383942
3.389663955099876
1.831171909432963
1.740989773916108
1.769025245604258
3.112287067450764
3.016639045610689
7.202189609165307
7.073540878576236
4.013158573265049
3.997673666971844
4.00048127312234
2.848111178520475
2.87939445328445
2.781250006801996
2.843750008479518
2.876464276049427
2.740015437557371
2.672941420868222
0.0850752245109252
0.06957977674862563
0.05525715093827612
2.717341822007068
2.748580511436387
2.652094461314606
2.745739994682279
2.742896943201019
2.645149812238369
2.74004820235487
4.702233170337363
4.711254042587766
4.770148394547415
4.842358007738088
4.886229486263408
4.888354603523439
2.771218770210012
2.836477891925505
2.718749929156808
2.496024771460073
2.593750023412065
2.531250020539082
2.498675464268499
2.477950610825979
2.506628415411074
2.503975226616346
2.406250002493007
2.46875001471409
2.501324565384436
2.597834312569804
2.532586956860887
2.626372878151663
2.46743766987413
2.402387170253253
2.401098355709339
2.373725560676408
2.599196949481447
5.703121440541218
5.811248308059341
5.744615640293042
5.697403265373636
2.769780623147304
2.894425558691356
2.989433005203205
2.227230824336038
2.162168591233442
2.160983360063632
2.25611865866859
4.798080949038209
4.809238363714161
0.01568908734385958
0.04704395116482043
0.04708469575567323
0.07836707673595353
0.109655816568962
0.1253235634168293
0.1254718237481225
0.1255480729217414
0.1098841366841122
5.795238660798345
5.900634841271096
5.837272940700022
5.236673756347041
5.157641992236306
5.135445039330415
5.158154389208634
0
0
0.1726999831602931
0.1257074555528238
0.1412906299560012
0.1243736965836831
0.1090941834320292
0.07788292326447903
0.1246028373942047
0.04670604883534962
0.01556091265614602
0.01555655974481414
0.07776805983291044
0.1244519270786803
3.495018945969179
3.483547199197031
3.450654191377613
3.379877113453505
3.396331117027558
3.425972064580105
3.37337493421265
3.384918937219584
3.417777953844146
3.455595767184648
3.485202762903567
7.294545175179254
7.419424137446891
7.376250021687668
5.041598509119289
5.136776311277388
5.072737817527093
5.08318342775808
5.180399558871443
5.071591728280804
0
0
0.1091257028714891
0.07794981474453723
0.1091570092905094
0.06241351874697073
1.765917179191894
1.736936305786769
5.023442271139079
6.259568701372664
6.29169585123111
6.150035234482944
6.21388339446688
6.261021212144508
0.1412465013411906
0.1882279414866688
1.481775708241694
1.416244156272141
1.511464075828918
3.483656128073678
3.419350552473771
2.228447463005179
2.133198378118375
3.232988096904081
3.173453888120328
3.168742184499783
3.501659536792637
3.490172214285645
4.181104338257645
4.223171760304482
4.167288548527195
0.4978079883030091
0.4820968334702255
0.4984415437404759
0.4512840023915529
0.499067591029244
0.4996899442026926
0.484224878257485
0.4204306903676657
0.3895362508332167
0.5021920117046546
0.5180497123420506
0.5015584562750534
0.5170705152913855
0.5487518583002768
0.5490974999213408
0.5009324089919442
0.5003100558212877
0.5157849581535497
0.5477247615992
4.122900667431487
4.086595624525136
4.093938977772272
4.01690425281145
4.017020421099701
4.02255053825516
4.022782861629586
4.020939532933784
0.4845251217648059
0.4535460022956069
0.4866531665344345
0.4225275972779429
0.4233193096407406
0.3914698959634899
0.5154650418728813
0.5145023646756461
0.5460252384291424
0.5463655624529289
0.5132002876640804
0.5449981417176679
0.4714084629852853
0.471105209893003
0.3776245067595498
0.4082885933947178
0.3756935495616985
0.3752303703423382
0.3907452303694215
0.5285825331013857
0.6206690554578016
0.5907745509962961
0.2673822126644136
0.2516499769491394
0.2991561601763936
0.2518265251597381
0.2946987593327474
0.2945938398184753
0.2635863196066643
0.2043821124633539
0.5028344268062196
0.5982600093696989
0.5034884501382997
2.891359903755913
2.925577566262092
4.031556844529286
4.027354404511458
4.025130235827469
4.024893090424807
4.026992387439885
4.031059014373795
4.030935243382548
4.026872145346011
4.024656588885517
4.024420663791575
4.026512449260821
3.985539807221425
3.987468572737686
3.985089762194608
3.986786590906379
3.990636658185224
3.990868594989715
3.984639215943548
3.984188125265697
3.985875351827121
3.989939879068679
3.982802860354259
3.978679511290328
3.978454159929064
3.983702945748629
3.979354768829066
3.969269377865984
3.974869730789155
3.975106883592034
3.973279407888252
3.969741176580428
3.973397522255003
3.975343394795302
3.975579328809702
3.973751055606948
3.970210817272305
3.973868620229106
3.975814709255976
3.976049577245119
3.974220584998201
3.970678545459556
3.974337657719069
3.976283950876318
3.976517877142778
3.974688245017487
4.023169623305776
4.018893690415142
4.022814321373947
4.022696211401635
4.018422470932085
4.022342690775861
4.022225128987591
4.024185288471992
4.017953345871563
4.021873174999457
4.023950427420931
4.021756103582353
4.023716058936488
4.017486062007572
4.021405522427596
4.023482135733762
3.976551846130411
3.980286808552703
3.976913850086301
3.977034097803667
3.980783518549163
3.977393831626728
3.977513407780846
3.981276347368126
3.977871123028947
3.977990048618211
3.981765844437219
4.014986818812038
4.010875704973893
4.023920801094053
4.011322408201535
4.008808110400447
4.009477982592743
4.005342449697491
4.005119280732836
4.02567866500027
4.030442374765592
4.026035126541148
4.026154119276334
4.013168745937424
4.009092071570799
4.022030718845244
4.013849899539477
4.009537534769333
4.014077059016437
4.009983280475035
4.022974874903536
4.014759274505052
4.01042933502834
4.007025256553003
4.00769327108068
4.003559326512375
4.003336775183231
4.008584984961539
4.004227415035486
3.987335316142334
3.98928165410618
3.98688709783579
3.988602641557522
3.992488230107758
3.992719024349872
3.986438457837394
3.985989363662758
3.987695637554581
3.991794976066031
3.983927661378842
3.984601114376211
3.980477737355484
3.980253378532751
3.985497513977666
3.98115014966788
0.1862799358993427
0.2015761760885288
0.3592648395881279
0.2655450968996977
0.3278244510221632
4.010108040304859
4.002213404674603
4.027377315929523
4.003099116368123
3.999412601000148
3.990712258167564
4.012261625715434
4.021088338024393
4.012941885326041
4.008646883231734
3.988230545700856
3.987783123090939
3.989507765501224
3.993640997876212
3.985721356423581
3.986392306308373
3.982268768005133
3.982045240730258
4.024733776458584
4.02946616868133
4.025087255033756
4.025205228247437
4.023015557381195
4.029952880025301
4.025560171395983
4.023248643202838
0.001904269190976254
0.0009586857283340186
0.005732650309879008
0.0067063435428433
0.004800780467232475
0.002881503771625948
0.005986099689772173
0.002001980808927232
0.0009944392715458431
0.004964844532461733
4.073189003767732
4.101866952479637
4.02128887854112
0.4509942636279212
0.54944526175511
0.3590442147164874
0.03118177412915607
3.212774940837622
5.883124539660955
5.191468159064452
0
0.2043126925769229
0.2042445831311523
0.2019373074222143
0.2174651277603717
0.4717150777738655
0.5484082003692127
0.5635491286913789
4.028432080514876
4.012234159354226
1.451159406141415
5.755851472906009
6.122036152604967
6.010158046799729
1.795887476458493
3.416137983777233
3.475258768894913
4.986391711323622
5.103086360765555
7.66941268695597
4.76795773353342
5.115397564097986
7.312500726675563
7.327135404400728
0.1412030167254497
4.003114291879072
0.4062500000073258
0.4217448058482953
0.468750000010338
0.4532651579661122
3.991229969549885
3.992949701250303
3.983659613721802
3.981821616787417
0.04695210690297082
0.545684165223518
0.5607466545746542
2.710018773110485
3.990404562905337
3.991861139103289
3.978904726826202
3.977293122954328
4.020735905090684
4.019796202848362
3.978723463550445
3.979695084822422
4.005565705352879
4.028359123392254
5.147177476243255
3.427612209307077
5.038921651883291
4.018171531050444
4.003781949195687
4.002160285674699
3.992257297876007
3.993734193998162
3.980701983565266
3.979088473074629
3.982492202242166
6.166929900580483
6.308346931062452
3.475359367702113
0.4080269200535064
0.3892906161979938
6.046032266562953
4.027395955994463
0.006722644025899301
0.5312500000143678
0.5467053529672484
4.019329162766331
0.2789886782638437
4.031807229205265
3.989399336404043
3.991100407133605
4.020265031007709
3.979210915381044
4.019098694932531
4.00674060459459
4.004896194112174
4.027876353436844
4.017246022096038
3.98186597739658
3.980028903579898
4.123823721463686
0
0.0009605657619160777
0
0.4077679029760496
0.04681075014608355
5.013257055623178
4.072322775850033
2.94195948304687
4.111078005167265
0.2992620551164797
4.915321905894713
7.54440747863595
0
5.644257969485303
5.664074840185845
3.986583824845597
2.906249997704739
3.995597588590221
0.005951443256991126
0
0
-0.0115469194679219
-0.04043533039094737
-0.08372375596393793
-0.1383727359045616
-0.3919562700805741
-0.8315810613873451
-1.354706247718389
-1.893935499497181
1
0.9884530805640356
0.9595646674755641
0.9162762475261895
0.8616271300283449
0.6080476014688045
0.1684204044577359
-0.3547061591012914
-0.893936634112362
0.4972036776961662
-0.003628349424582287
0.4892035173713258
0.9963716505501692
0.5
0.2748194241777763
0.7631694481818114
0.3625735729572195
0.4767089609277105
0.3907209651861475
0.4601646728602934
0.7187555677386482
0.2187556154185219
0.4400203678949056
-0.06050462761330848
0.4167259092166207
0.9394953715619473
0.1267656416515003
0.1123590399354873
0.3768318066634699
0.1539355833817415
0.6539355557688031
0.2491667975452705
0.4993589473976011
0.25
0.07718038883376377
0.3299482932075467
0.5771803753009986
0.8175793978707716
0.6123590441914235
0.8903621004972281
0.6267657072693309
0.749166797537145
0.9760339338094485
-0.02396606915173918
-0.1096378966682068
-0.2368305200516496
0.116625300075889
0.4502047506253198
-0.04979190543240614
-0.08935546957083418
-0.5953495500933039
-0.327694225228768
0.4046482766352942
-0.58573434936114
-0.08797813341033689
0.75
0.6248721855242255
0.8745802840966318
-0.005492023651174127
-0.01291240497650303
0.1196146015916218
0.7198634196368801
0.8390215860626099
0.7370876018085476
0.7445079220927913
0.6196146586700061
-0.001465138858103972
0.1229682438985215
0.1245802840991986
0.9985348611375653
0.8729682438826605
0.7469925489728221
0.2446909579532387
0.2469925489978861
0.4946909260457143
-0.1234753507659585
-0.03013659068212432
-0.1824205930421166
0.8765246562249256
0.2435940586390974
0.7435940585934022
-0.8536359926386812
-0.4693956446850409
-0.9693955027376546
-1.124370124165411
-0.6247297863551284
-1.087976505598294
0.1786170597376227
0.4287388012617486
0.1898891176852718
0.7003737361753908
0.4505143966475453
0.6898890749597497
0.6786170463278158
0.6666136861550012
0.2003737764589133
-0.05004809573393234
0.2100147144993675
0.9282512761156305
0.125
0.06221725705919842
0.1874012785605692
-0.07175339296680222
-0.0755986203202012
-0.009171023268188611
0.7898619124046998
0.8490485753224366
0.7994014304420989
0.8032468030620092
0.7408289447509159
-0.0007815858757173047
0.06160115552184522
0.9992184141248535
0.9372172570580902
0.9366011555204278
-0.08513814789504992
-0.02075562107649104
0.05341443344886276
0.2497779256941611
0.04283437559865649
0.6784144164910541
0.1239067536961012
0.8739067536898387
0.875
-0.1306441458286701
0.8693558023596999
-0.1609784290211344
0.3748721855271149
0.09785872898361242
0.22421575943246
0.7333123472756236
0.7390157062668155
0.4834904737340376
0.266735410963225
0.01857712776470166
0.1591119675204531
0.7265402202364112
0.5978939831693392
0.847565862332968
0.2333123468164267
-0.01722201485395848
0.2265402182728165
0.2390157062589953
0.4742157529281872
0.5978587255030648
0.4875199219680983
0.5535568973902388
0.4286337041563613
0.9827779856308765
0.09756585393308856
0.3478939829453899
0.04340403795028669
-0.2053363507539618
-0.07870161440017576
-0.2332667594468827
-0.1355582531940724
0.2897821577145682
-0.2057223639127987
0.04206044312456292
-0.456592150346363
0.4689149430075004
0.9682774408912342
0.3697182938223071
-0.03172251191679313
0.404036521564375
0.5354357609156145
0.2854357760209182
0.5218564563910041
0.3650120861260954
0.6095259628911205
0.1406384989424591
0.2724312807764671
0.02224038767042651
0.1666136995708885
0.03522098164104631
0.5224312562757346
0.2375199249631165
0.1689926113384914
0.2944554878698456
0.6406385036604171
0.5088262935729152
0.3644360210866187
0.5310327302531044
0.285725177025986
0.2027737125584846
0.1150117031535293
0.02185636904968707
-0.140474215250828
0.3036337039312539
0.1785568948212863
-1.624730592355089
-1.509448189204343
-1.239177471271486
-1.393696485220121
0.6927066515198408
-0.09637292237677213
0.349612618479889
-0.307289520486284
0.7100146669003312
0.839307772977518
0.5896171499140528
0.5804122154198589
0.8301215678898135
-0.7057224249779009
-0.4549349123356061
-0.5787016219168624
0.6678343829072397
0.7292444074788733
0.6747378650408852
0.7077716858136225
0.6453787535822364
0.8250167881310648
0.8544017325407528
0.8305368675904248
-0.0004790345884989514
0.03072255235940715
0.03105549127185064
0.9995209654120049
0.9685554912719976
0.9682225523596114
0.04973787197724833
0.01502666084717844
0.0780190034112295
0.08287875459551056
0.02027173269884339
0.9375
0.9061546915153579
0.9499518993766838
0.8748322471426937
0.115992432699472
0.6159924387372288
0.06191942860247436
0.9369194286020499
0.0625
0.8325410021601634
0.8656542461991664
0.1060322918224547
0.8124012785586504
0.7497779256899928
-0.3408916204641047
-0.5245474210435576
-0.2718004970039082
-0.7391772971195976
-0.9889761509360275
-0.8744919472008503
-0.1596957194346385
-0.4130290362271081
-0.6039407368833609
-0.4119595426591847
-0.6612620795222357
-1.009447833021781
-0.7595519806727222
-0.4896380327108185
-0.104958870377871
-0.1069630470741635
-0.07365716066459105
-0.04234781067808324
-0.04425012061760564
-0.0110371232911165
0.7642293645492548
0.7948252627821442
0.7682499120235192
0.7701521874947133
0.738962899737838
-0.1124833644422645
-0.08017482191348432
-0.04827068851109212
-0.01656830094968689
-0.1343457198814862
-0.1011792677864761
0.5439926105842274
0.6060322930323562
0.5499528990857434
0.5829673891098045
0.5205352247448505
-0.7102147043716891
-0.7189580828704312
0.4911045429198874
-0.4886459266062717
-0.2205568316477513
-0.1509514852051918
-0.0680554659881919
-0.06444541411317173
0.001677104343311336
0.00867298485339521
0.3733939173231792
0.4984466491117381
0.3743125579811782
0.7516771321348447
0.685667770422874
0.8105545937494623
0.6233939173142706
0.6243125579760705
-0.8363329860618121
-0.6451384406861354
-0.8964800622431319
0.499900319479993
0.5621700022336455
0.5625073595690242
0.7586729919338902
0.8835151394278542
0.4375073595697621
0.4371700022357838
0.17495289539287
0.1408489332429464
0.203569634071686
0.2080352230941181
0.1454673854042328
0.375
0.2317900998913112
-0.9579380745825363
0.625
0.2411045423064834
-0.336332177624977
-0.146479786957934
-0.3951387063594305
0.08930769719759485
0.08482711812002895
0.2145012070615173
0.2588263180507895
0.2518152433785155
0.3838430275658866
0.6728133803482523
0.7924412078925234
0.6982908386866549
0.9036270331440057
0.7852209685951729
0.7722403949140473
-0.5272395945206092
-0.2782289525064088
-0.07718659437927547
-0.05170914448917152
-0.2075587762548176
0.4937927231518018
0.3705975390822183
0.3665936843390911
0.9930026687640091
0.8701902065026124
0.8662083740801966
0.6165936843177013
0.6205975390604221
-0.006997331198448299
0.116208374123209
0.1201902065437669
-1.10393993366184
-0.9112632545756929
-1.161959643238785
-1.296790573442744
-1.046328292521071
0.7975567470292193
0.6727032350238616
0.7914730817154991
0.07006346401391229
-0.05517440448048561
0.06472505782735649
0.08012158074348033
0.2053032089411654
0.9223516060502598
0.8034646643344601
0.861072606641302
0.863781204096992
0.7363011299621013
0.1110726065067055
-0.01424733424694752
0.10808968445685
0.2363011298189509
0.1137812040932745
0.8580896848928067
0.985752665926123
0.640519005423235
0.6715484791323469
0.6435519296868366
0.7025266695591078
0.7334317253778692
0.7059165942791435
0.6600620210620149
0.6288668060194159
0.7224355324614548
0.6912515377361422
0.8428644334527328
0.8574237215742639
0.8460931566131343
-0.0003017811524634243
0.01528639795501902
0.015497199300333
0.9996982188485072
0.9842471993009615
0.98403639795533
0.01841660888089383
0.001073045234674247
0.03250892928297455
0.0350015468906798
0.003685534602466706
0.96875
0.9530497658122848
0.03125
0.04679976581246102
0.8471440810146524
0.8315503355396435
-0.1216057092971041
-0.1226564518212148
-0.1059496997974081
0.6114383195457411
0.1048395873289505
0.361438319436316
0.3396171485177892
0.5477910011765688
0.3304121712407139
0.8091897793583029
0.854839588434096
0.6765773303602558
-1.220559702050473
-1.489637962714962
0.05918978210458989
-0.0902885067004211
0.8159614838008331
0.03087843765205001
0.9683784376519543
0.04654847613429774
0.05157733145480345
0.937367183615421
0.6141755867608411
0.06236718361670188
0.8637360343667153
-0.1362639377358767
-0.1258859235871224
-0.1455984636885327
-0.071748651034897
0.09365469151722114
0.8013430108569228
0.1248322471452131
0.3094429170678146
0.1843480316496678
0.3037083995015596
0.5703353534870872
0.6952333717447488
0.5754792639399325
0.4289898692181522
0.3990779115633547
0.5516965076371095
0.5018151969736137
0.4357795225809232
0.5607403110734202
0.04755670224765433
0.0414731079502898
0.1727032633032832
0.1789898597506215
0.3047395282235111
0.2042880520122939
0.5678167107147409
0.4428488300512672
0.4542880453739823
-0.2189700144169403
-0.2632470426044088
-0.09104582106799408
0.2977910256843593
0.4228203328492529
0.4344745273122856
0.3149876360229945
0.8200634780715689
0.8147250784025016
0.4453693360328757
0.5649875395747208
0.559442848011347
0.553708368122659
0.3203354206851307
0.1952333894959593
0.3254792458537861
0.6843479704410309
0.605186456561468
0.6084459819757875
0.4802298154530419
0.3369703242787837
0.2140444373155213
0.2822250745604437
0.3551864557994385
0.3584459816409342
0.4194554860793994
0.4817900954851967
0.4250601824005843
0.4580809952262611
0.3956040420640227
-0.3105217953551566
-0.1830526036823672
0.2254530286963546
0.3481264322146087
0.3000601882815889
0.2662068868511493
0.3287729289642876
0.3331040417398472
0.2705809961982524
0.05169650846143134
0.1490778284989416
0.2916978152134461
0.08105193241836264
0.06391220715965792
0.0952900798196871
0.09761680530157979
0.06631202432382563
-0.05896127977863408
-0.05992281959029078
-0.04329799656773048
0.7847887502107209
0.7692020213901588
0.7838272222339111
-0.0619669819559712
-0.04617610096778621
0.5783489367922304
0.6094503279790418
0.5811593431162471
0.5976657568520425
0.5664587845546578
0.09030407870162371
0.6337729820848966
0.03572083398706366
-0.05654275615008852
-0.02763567181666488
0.7536143426907383
-0.03041002950706942
0.511354178610403
0.3661434818621969
0.5517540186825176
0.3570104981820779
0.1094503250546629
0.1141755834400285
0.7817831341946004
0.4104624689271082
0.3447629274574713
0.4697629263789928
0.6874766915312742
0.6873347679561198
0.7499462659834798
0.147361116146233
0.08146619447668231
0.2065571742152304
0.397454187399773
0.46325854409594
0.3382585446833203
0.09355624743955511
0.1582026017015726
0.03296002127933882
0.8435563480494952
0.7790694635586642
0.9038339157668297
0.1337729980061483
0.1928166751785903
0.1997577454524131
-0.1410987566430195
-0.01694578924177625
-0.08065168247041543
-0.6433201213236612
-0.7049248454620265
-0.5169410643296337
0.4394772039226171
0.4867522387361211
0.3169479798810896
0.6875
0.6249963049225267
0.81191042097884
0.8121962385761815
0.7495144553498796
0.1869104209842982
0.2495144553559388
0.1871962385799401
0.8069444860160011
0.7738944064830788
0.8363206873427103
0.3124766915333359
0.2499462659855785
0.3123347679600307
0.8513293330542081
0.7870931824071355
0.9118435597432412
0.1013293304384014
0.03684355519020173
0.1620931791692691
0.1066789027155541
0.04507370659574927
-0.0177651576630341
0.1057785434191151
0.5938750985298475
0.6583643267977284
0.5334451855413156
0.9079600278708869
0.7832026097416327
0.529011443635849
0.5947109643756731
0.2657010256663063
0.3316007727057586
0.5882100958937383
0.2790114600493871
0.2132100963737185
0.4566007643861824
-1.759553133868187
-1.701760584707063
-1.567122532432549
0.1934561409128651
0.2410794457657483
0.5851271697811764
0.6498531171147824
0.5249292887578365
0.8348271661317036
0.899472254791212
0.7747007706881454
0.7701035590386339
0.8948820803504851
0.5203250536021575
0.6452512235236393
-0.7677652311995264
-0.641686194409292
0.8125720614870809
0.8278311374610099
0.8149717243710507
0.5293050111219307
0.6542264954400989
-0.09367806069181095
-0.07779536274623733
-0.09127826010109483
0.5160696326319341
0.5472207902419529
0.51873976013762
0.5352458110306789
0.5040267678381042
-0.1164849299322852
-0.05737573966548763
-0.05045646689499537
0.07467700090717107
0.06774706667564336
0.2062397593302481
0.1893108328705821
0.2206209296574364
0.1436593362269452
0.1266474130398783
0.1579866877803805
0.160208780021773
0.1289157528800394
0.2227767673859033
0.1914958081181749
0.3749963049239648
0.3125
0.8399674533794078
0.7775414967850008
0.3247950599596062
0.8232562089346642
0.8076779814154884
-0.08294703500788866
-0.09861876217128962
0.4646558218906883
0.687089801937233
0.7227709392254651
0.01552688121951197
0.7145011337843156
0.7053031660763526
0.2348979874056944
0.4893109289613081
0.2227709388334929
-0.02772125886332249
0.9640370697152039
-0.02180056839435784
-0.3911026692081876
-0.5160142338160134
0.312089801943241
-1.374491720190814
0.8729678599857522
0.9722787450023561
0.4729349986342828
0.6603554298669775
0.6473611105915739
0.5157010430468988
0.1722207888820894
0.1767540154644054
-1.643810229296095
0.9548672679968502
0.4554485233942451
-0.07462500332275088
0.7481186285226481
0.2393109291741883
0.8003750387171156
0.7482346187286989
0.6863310280564248
0.6852451604661806
0.0288075305191513
0.09460627880545584
-0.0305517013479511
-0.1779580789487539
-0.0944564319044563
-0.2233569701369685
-0.1056537092632702
-0.1168693872997489
-0.04046524551021791
0.2407082814533464
0.1595297460792819
0.2845301500339236
0.5720475615044027
0.4911278974628458
0.6125148637741127
0.06066785243468861
0.05706372421622424
0.1232077988182333
0.7693462855891705
0.828693222254187
0.7797976495491944
0.3721507149545084
0.4353517131522005
0.3102451604825011
0.06422743121744214
-0.001881301759595166
0.6221507149397058
0.5589514889294738
0.6838470749546556
-0.09520236343706229
-0.1713067770246522
-0.2660136288036878
-0.1416854011581468
-0.2029464899083588
0.3641565299754057
0.427946388712401
0.3028511840580489
0.4879351897582956
0.4081913885403422
0.5305443444466655
0.1603554363160636
0.2197109536593868
0.07712313825637729
0.03319091983150158
0.3271269182161231
-0.01206511504512053
0.2448115618166616
0.3685752507074472
0.6516426114213389
0.7508400029197616
0.76632395186143
0.7526699411249359
0.760934262542116
0.7453495473240205
0.5603517131461432
0.2482346187435001
0.3113310280658566
0.6887589278382014
0.7042957743440353
0.6903281629248036
0.7198230523903747
0.7353386302870745
0.7215031049856099
0.6985852637856763
0.6829938893034125
0.7297631157163482
0.7141750098161611
0.851983188614069
0.8591841073300716
0.8538651740410392
-0.0001878778871653421
0.007595796162927385
0.007732274185835135
0.999812122113883
0.9921072741857968
0.9919707961642708
0.984375
0.9765104221210426
0.015625
0.02338542212126492
0.3088470749802334
0.433951488938958
0.6141565299881483
0.677851184041977
0.5529463887083458
0.7095347479950822
0.7581305980805992
0.4537068961162772
0.4848979868009992
0.4562934032041419
0.4728015975018994
0.4415702646259625
0.2454439689662447
0.1857403071501681
0.1613184095720244
0.7414490312059883
0.6491263996727067
-0.0899677060801546
-0.2701512482306786
-0.1290256217281675
0.02412640800237956
0.4089454496116758
0.6520129405914455
0.675657485217283
0.4956490257001918
0.7454439689293295
0.4268454042155456
0.4916419865211106
0.2414490312448573
0.7298484619642159
0.7068442132822473
0.01538232367737272
0.9841323236782681
0.9686551523145748
0.03115515231450814
0.7380255709273704
0.7459743578315978
0.8544199125837022
0.8627368866872304
-0.397842115108934
-0.3059917432654505
-0.4324402986412182
0.07519799498608648
0.01004431938208335
0.1352517174005887
0.06080067494844594
0.1234736253353729
0.06123319812486294
-0.2859573779336261
-0.3765528337993965
-0.249957677392607
-0.002398671720895685
0.05971844760955576
0.9976013282649336
0.935800674938236
0.9347184475887603
0.8111205708751579
0.873473625324413
0.8115518505600573
0.8176242770200292
0.8211013554741294
0.755193593694617
-0.7772394676772951
-0.8440702220771839
-0.6521077544031266
-0.5467907279540152
-0.6715149561981035
-0.6143947990403653
-0.7108862370088047
-0.9026229756072164
0.5416978703573708
0.6072301583333383
0.4822874988134233
0.1402848711115453
0.01507042280531628
0.3351271665895031
0.2702512309407235
0.3953250566708828
0.05346462683570641
0.1189358913207464
-0.006250447987869848
0.8251979880820931
0.7602517321233999
0.8850443173936346
0.3999292886084204
0.274853109116946
0.4761080502192587
0.6010532078142193
0.9362331981202119
0.1861205708864834
0.1865518505676944
0.6016667737221734
0.5373427805892401
0.6622595779616303
0.3516667724542699
0.4159907688813589
0.2909052194462505
0.2872595761629329
0.412342780108433
-0.1068813744501147
-0.196047787921104
-0.07016392676140093
0.3438751031588534
0.4084451869860984
0.2833643283143311
0.2792264859303695
0.4043050123471523
-0.5831343897330763
-0.4902398575989566
-0.6171572502760069
0.8900704217735775
0.765284888458389
-0.2147428007741735
-0.1802587713347069
-0.4677756325317405
-0.5595670376249539
-0.363930056670023
-0.6820231616246351
-0.8068554270456794
-0.7496155781901981
-0.5038996082547814
-0.1241509342389557
-0.3227974294742851
-0.8171232552542989
-0.6921925430423772
-0.7963281235425617
-0.7287129235635286
-0.5571950376925505
-0.1162291745858987
-0.1148083572124841
-0.1242452309607998
-0.02858007975136434
-0.03732963845543963
-0.02161830002845874
-0.3306565696706112
-0.2382654345863684
-0.5408658473839324
-0.4503744930579885
-0.3605317035173932
0.8141103307121931
0.7811232920668841
0.8435477263877553
0.8245434777960965
0.8869561312535263
0.6927470723653324
0.6892274399617018
0.8800386758616822
0.6265400811203323
0.6421038907751496
0.627956349399071
0.657662206213107
0.6732142253999908
0.6591457759754306
0.6362101589274394
0.6206124019567647
0.6674009048661542
0.6518063257385127
0.8368960413976321
0.8445056205443517
0.8383165496364604
0.03407817459516671
0.02546962540866365
0.04115393683677443
0.00275311400825029
-0.005915354265503492
0.009780174670848241
0.01105001788448357
-0.0046118868039976
0.04236889699123084
0.02671027396385386
0.8388345544528886
0.8310452323151525
-0.1299550339082216
-0.1305097898794974
-0.1221243735702622
-0.1142903093791616
-0.106454730272711
-0.1372631384463234
-0.1289281325999883
-0.132391884019495
0.2687934093872765
0.251917951425513
0.2832024780280431
0.2853202670754533
0.2540515994186059
0.06539577925565604
0.05683367957319446
0.07250913444891985
0.0736813285545862
0.05802590963275234
0.5953974144712151
0.6109712780320664
0.5967600391025963
0.6050130566655461
0.5894121254832545
-0.01206403637643121
0.1131152525641634
0.6659052208117974
0.5409907694412892
-0.02027546553015916
-0.03594075644549399
-0.9317411381655327
0.1217317011774325
0.8717317011492243
-1.028227026765329
-0.0451327342819659
-0.06603172334664136
0.9448256017950402
0.0482142263283511
0.05065749057668009
0.2300563606763927
0.7300563617636289
-0.03427225910099363
-0.6518710564442968
-0.1464499808867579
0.2974982399131831
0.301845404384916
0.6444651375148813
0.07960389108862365
0.01679577354844253
0.01934422328458438
0.08196513898195576
-0.01197443963850076
-0.1096690773280807
-0.0146613895265652
0.5820630177377364
0.765526875071065
0.6132670187067748
-0.1206083184265016
-0.07764834992191626
-0.1425766792000125
-0.1196410732312674
-0.1030435874939999
0.1431153988380774
0.0548358742984304
0.1789520432389078
-0.2706531677512436
-0.3656304649014954
-0.2412587558042638
-1.259380232559914
-1.31696816115751
-1.451665593032432
0.6820636657169523
0.6490261773447051
0.711461304439595
-0.7706535665929461
-0.8662595489820408
-0.740631115469494
0.7150971912480523
0.6526442816399556
0.3107795061555944
0.3143276743640461
0.2482645499191727
0.1875
0.1562006450030282
0.218728842644152
-0.001098359597717997
0.03007782646258473
0.03041778471055031
0.9989016404018104
0.9679177847104236
0.9675778264604628
0.905604264163919
0.9367651283605778
0.9057559689893734
0.124273071428846
0.09310426416569424
0.09276495058636107
0.8125
0.7812288426431521
0.8437006450017873
0.8742730714253766
0.9052649505827166
0.8344566520865606
0.8179037588236886
0.8491089402562191
0.2305070796287329
0.1064727311843336
0.035254145614803
0.1250417078174818
0.0008488643259875195
-0.008923361712547817
-0.09553327773588272
0.03051524534675121
-0.08166895616178882
-0.1759886092667123
-0.052028241072123
0.3894664941170497
0.3022026952842484
0.4246243138247309
0.07671727647454618
-0.04942402854309569
0.3072113686821794
0.3732845849841767
0.6431918636523846
0.5662888329069385
0.6870868876962787
-0.1068081102346535
-0.1879130111107473
-0.05871129160549696
0.7185892743962263
0.598095998263784
-1.14381028710073
-0.9517597101322011
-1.201665863911191
-0.5801304821686336
-0.6752651093135696
-0.5498940227082025
0.09325596899089919
0.0617651283613386
0.7905848553117445
0.7916147419749466
0.7828313126864973
-0.1270321426723275
-0.09753249392014632
-0.09395221843688401
-0.06088968573209688
-0.03137668584584208
-0.9620474837223643
-0.992155175535046
-0.8009890076525765
0.5000109358971072
0.5312187377256125
0.5312709775368737
0.4996796178784726
0.5307785469403684
0.5310509864707609
0.4685509864713551
0.4682785469417242
0.4687709775370619
0.4687187377262136
-0.8316701871732964
-0.9270280982651335
-0.4608887751596162
-0.4903068465174258
-0.2120448591366879
-0.1171554163160102
-0.3002649030966537
0.8970679250123479
0.837960964027463
0.8313236330078209
-0.307210684313417
-0.1829750181447281
-0.3301302398074829
-0.4248940990616297
-0.02690400040094776
-0.1564106937759525
-0.344906746336749
-0.2493550590818885
-0.373711107714596
-1.432023006733614
-1.364393754648066
-1.557194531308576
0.09670634957223595
0.08818087456801477
0.1038492048013934
0.1049873997397753
0.08933515945362053
-0.06727658169978326
-0.06776029925181176
-0.05944196685164246
-0.05160779108639416
-0.05208610820900086
-0.04377405208862212
0.7920984528642534
0.7843080658487736
0.7765172371071161
0.7687259710477654
0.7760389285476221
-0.06879029970858697
-0.06091879452505522
-0.05305206733709827
-0.04518917148819404
0.5642367098546286
0.5798190454988998
0.5655569633515249
0.5738096085409481
0.55820550321295
0.7750729959615204
0.5330608472386318
0.5486506613312625
0.5343471680428141
0.5425998077865863
0.5269925194878986
0.1280100352112405
0.1195142059731267
0.1351759169844662
0.1362871206824847
0.1206380528980236
-0.0278416925769969
-0.09041860351114742
0.4757773991741872
0.3535962639625443
0.8509945678072711
0.8197889533933507
-1.499616958426888
-1.306855751969109
0.7788076173099513
0.005193513666091595
-0.4026217943060433
0.6232078482181318
0.317848869588684
0.5623934151192453
0.09339856575016832
0.9058985657484518
0.4373934151204507
0.06895972336026385
0.5508530539441108
-0.02257346307866892
0.4591320429833928
-1.181740236072046
-0.5199651617636378
0.8675202515838278
0.7972044919226533
0.5196370551293328
-0.1540147815245907
-1.022573252983628
0.5625
0.5618473216308322
0.4368473216335952
0.4375
0.1423190295932125
0.1445630143168253
0.1109712620510517
0.1132670168069003
0.5610783021040344
0.8051101863467944
-0.1199612852796574
0.4364333549109637
0.5614333549074478
0.1668694626984832
0.2578416930912044
0.1347613629704966
0.8683470560661183
0.929656192304474
0.9316440937008356
-0.1229769543723952
-0.1280278197227299
-0.09015139077852813
0.1183470561156599
0.0566440937439384
0.05465619234832914
-1.036535720211266
-1.132888980853833
-1.007567728864406
0.8145230725213021
0.8440181767956738
0.8196326984813492
-0.03860541180973834
-0.0367721359469407
-0.06988971893432488
0.07525879868016683
0.198537054549759
-0.4529485164067283
-0.5471376329935256
-0.4216615860314625
-0.3591589683971286
-0.4846955917467601
-0.4792881767067898
-0.383323664795999
-0.5078888217175503
-0.5365363325171593
-0.4406403872401001
-0.5652537920652503
-0.1178673615100543
-0.1559818525637627
-0.5940685666540826
-0.6900512696289387
0.6257523604326523
0.6860647730755669
0.6379782410966525
0.0007523794830987252
0.0129782571995159
-0.06393520430786215
0.994837826300881
0.9333332295770759
-0.005162173664618085
0.0583332296103674
-1.229288314503955
-1.258323761095036
-0.9787141230726562
-0.8823978408709807
-0.9402535876103648
-1.065640390827925
-1.075094203994544
-0.949954149151196
-1.094903425006613
-1.191174926042697
0.3912729413215584
0.4224982955644246
0.3938202387280274
0.410332725898586
0.3790889519818865
0.5747577929240935
0.5713046697501761
0.6372234553480792
0.8060730804072427
0.8138052394992762
0.8071871269486494
0.8215246056840908
0.8292245811539006
0.8227550714056474
-0.1003504830402992
-0.09244486257500331
-0.09911988222437099
-0.08455193425497803
-0.07666763648182079
-0.08343788462608331
0.5018709437385018
0.5174675403479018
0.5031306800652029
0.5113836339900711
0.4957731460412884
0.1905971655803381
0.182144311622903
0.197795081499291
0.1593069581808656
0.150834746426548
0.1664908644108958
0.1675804984458502
0.1519346039204789
0.1988675168911468
0.183224803856613
0.8113261032748891
0.8035388076714985
0.8268985123769887
0.8191126744997537
-0.09494980436377379
-0.1027889394387594
-0.07927371832063373
-0.08711140105077728
0.5781754828535441
0.5122813376720213
0.7595454133142722
0.7673109011863023
0.7604602350833044
-0.0001145282293509008
0.003771049301504128
0.003857900941301761
0.999885471770368
0.9960454009413695
0.9959585493017062
0.4706679598868853
0.4862711260906144
0.4719075003016655
0.4801610563258892
0.46454736273576
0.7848486397386657
0.8094721925999976
-0.7861688185496654
0.7548989032225095
0.5815571486209052
0.1021596701273579
0.990872106555831
-0.133155376435126
-0.0576011248020605
-0.009127893420219009
-1.171515676293355
-0.03495852251131668
0.2298150812537884
0.173650638853852
0.4497951117862848
0.1758530501255967
0.6996769799883048
-0.3907910907763245
-0.2658151234582461
-0.287487017954883
-0.9212672874524079
0.2049675183876665
0.2071370533991981
-1.287489294530583
0.00765807353198778
0.9920330735328347
0.8154672202061254
-0.09078277213276623
0.3643569319706847
0.4571867069246485
0.4884149516498166
0.7998884257067657
-0.07511160474772896
0.8043446266161304
0.0078125
0.9921875
0.6724195890671819
0.7348405701766859
0.6738811797505143
0.182158009693157
0.2152173515996304
0.1526849040327489
0.374640619000205
0.3434991804989277
0.343213258331941
0.151764352829493
0.1409348690310326
0.2149894940244599
0.4982645132075159
0.531283287992485
0.4688009707397544
0.2654278228305725
0.2629353004364747
0.3279725385458278
0.02396120366315946
-0.007322148203297768
0.02212204983773314
0.1249308280192208
0.1093388379695357
0.109241654077701
0.6246406189956506
0.5935341010232053
0.593257115717724
0.4029031185555541
0.3922827329396265
0.4649894870399714
0.906032885842338
0.921696474403969
0.8904916540752129
0.6591425158150084
0.6942596458548727
0.6329648951836511
0.5571579951951143
0.5241305131546193
0.5865841668722621
0.03414251364815526
-0.002878241797937831
0.06129777099768546
0.1560166885629104
0.1561206685615063
0.1247137008725857
0.1558933084791231
0.1873099775728648
0.07046489323842597
0.006759633266674975
0.2779031214187112
0.3405380154282576
0.2870149628434063
0.1611828434519474
0.08816965184286207
0.5267643436345405
0.588169642242931
0.5361828374680983
0.3511080759697142
0.3542189092669691
0.2885874850700783
-0.1029320711146875
-0.04367636365191559
-0.03703903266156229
0.1490841609826834
0.2116305158326904
0.4120149607114549
0.8435166885598164
0.8747137008699507
0.8436206685592361
0.8749308280173622
0.8905888379683857
-1.066968232646055
-0.942035400398205
-0.999401592704382
-1.191943274076041
-1.134400418156324
-0.09934560521335545
-0.1159077650845702
-0.0846134492671434
0.4057571157215729
0.4060341010257895
0.686752898588411
0.7181448882302852
0.6557132583260614
0.8569431032457595
0.7945364580251556
0.8538816981441434
0.01988208487639057
0.08250202969510317
0.02220530202787944
0.924811190825823
0.9261288520948097
0.8624616089085059
0.04981119076111813
0.1124616088543045
0.05112885208202914
0.8502528403541161
0.8499801211362413
0.8541463452897292
0.05237615852388844
0.1150304494264857
0.7495701735684317
0.6871427280877522
0.7467767784468555
0.9273761585051241
0.8650304493997896
0.297419588814004
0.2988811796141884
0.2348405699060021
0.09353288584475933
0.07780681452973696
0.1091227174453595
0.07794647440595398
0.5104591804689169
0.5729332067503532
0.5130056153400068
0.5642946593010305
0.5937573690239676
0.465240103207883
0.5277173691245378
0.1288289458774957
0.1922515875049644
0.4393276504798291
0.4723369872499358
0.4098449540092538
0.5038289396390179
0.51593485864508
0.4422515850799474
0.8798107795905803
0.8174193533317506
0.8771184092874528
0.6190600872013977
0.5565989435533153
0.6161703085529857
0.260390044320147
0.3229332229808394
0.3313202463262034
0.3144753850942704
0.3457369091909884
0.3478389522250028
0.3165827272365501
0.2672827359696442
0.5901848728717635
0.7439359024808778
0.6815057595499963
-0.438925876046978
-0.3992239876965311
-0.3506881674015136
0.2218806809888978
0.2134433694860928
0.229089214875729
0.230148146561523
0.2145086328951409
0.8123099775695611
0.8433933084757115
0.6559991804942714
0.3117528985956887
0.2806448882371775
0.7440067368615334
0.7517771925951332
0.744879055444533
0.7490102031118645
0.7412182226348082
0.6817789389425081
0.6895623550662646
0.6825332436018584
0.6973446268399836
0.7051256324099763
0.6981226160493235
0.712905181372801
0.7206832452130492
0.7137100959585302
0.728459665211016
0.7362342425943214
0.7292956136130496
0.6866612972108312
0.6788656763394144
0.7022512339410586
0.6944564846544617
0.7178394027956083
0.7100455415185944
0.7334257534742347
0.7256328096791153
0.8566736728566374
0.860220026693729
0.8577466996402381
0.4394524415552855
0.4550616752845433
0.440677631281482
0.4489320604336743
0.4333151444864184
0.05524424326640939
0.02578630761503117
0.6237977658736611
0.6846217571494092
0.8580419556511785
-0.0207459582410294
-0.02509846338235217
-0.01725495144878023
-0.03641478734671624
-0.0407895494594262
-0.03294328634090091
0.6506341368372824
0.6584218977473164
0.6513490706581341
0.6662086823391564
0.6739944004006372
0.6669420415687539
0.6710696292725666
0.6632731603870066
-0.1341454312662794
-0.134440843460477
-0.1302285426859484
-0.1263094825170211
-0.1265821952356422
-0.1223894819015637
-0.1377867982196183
-0.1336051649394946
-0.1355243745106851
-0.1314301212870478
-0.1274119391043924
-0.1234279458474293
0.253157504962485
0.2447325884975958
0.2603734887175702
0.2614223660370321
0.2457860583137245
-0.03226084144482946
-0.04009488837268743
-0.01659428828890183
-0.02442731283705651
0.8903727174429048
0.921556814528208
0.7972390598394722
0.6752741941030239
0.6353900049355388
0.6132348083160672
0.39049932993032
0.09375
0.2552974933562191
0.5053369758768598
0.3802974927710103
0.432211369580221
0.7550111921892863
0.5154992964028041
0.7321153904798019
0.4941222390602239
0.1451035662213925
0.3854591667048353
0.8743768292562522
0.08652616513698386
0.1557529224808239
0.2185957091364962
0.8000889463443019
0.1750889462890164
0.4259522739126778
0.8026610232798291
0.3572875055442299
0.2260532300580563
0.7063803412417804
0.90625
0.9370683685892202
0.7810957091333568
0.7531421233926372
-0.02947286007635624
-0.1324794461356028
0.02447228610468524
0.8507781658479783
0.172239059575017
0.6596038148472541
0.6907897806587401
0.7219692707096332
0.8466255169490413
0.8491498771114944
0.1776610233072649
0.3002741940430095
0.624699126768862
0.3803528568256792
-0.1294325856798146
0.06206836859009203
0.3600312910398604
0.2675616707665253
0.2696867095136334
-0.0281078923363404
0.8432529224771065
0.236271106207512
0.2384149524976935
0.02759711063956352
0.7375565445512758
0.6751975970293529
0.8622124070875856
-0.119459240769004
-0.01376579297030195
-0.1184692530973635
-0.1408103487030846
-0.01244346390718251
0.9339681789639785
-0.03596282724476556
0.9100322080184541
0.7941184075567339
0.7317173285273049
0.7924588072397963
0.7720367732850884
0.7554974759614144
0.786698616218792
0.3687429246406898
0.430241488212505
0.4322454234856624
0.6187429246135667
0.5572454234725054
0.5552414881988245
0.1245702026835018
0.1273152910217432
0.06198157341157781
0.4864840712606858
0.5475098160683369
0.5503668854967916
0.1955830104531768
0.2121344580946312
0.1325401429714572
-0.0006325524072507264
0.01497079552236777
0.0151217658318157
0.9993674475935448
0.9838717658322488
0.9837207955228346
0.8481419276554468
0.839848311253349
0.855446843938106
-0.04046324969717455
-0.05705133814099717
-0.02575252749355214
0.8087575420049149
0.7922457365224633
0.8234591939124537
0.3071443880328703
0.3051435136935328
0.6801435136559192
0.6821443879976089
0.1300111652947497
0.06741932582261048
0.04696834246562553
-0.01570079449276517
0.04544494593960929
0.9219683427286925
0.920444946379236
0.9842992058063544
0.5459793725354728
0.6099759871925819
0.1657341351815995
0.2283303427675578
0.1674588061370406
0.1925863028619453
0.1326569554258656
0.1892946287942482
0.1562573586597811
0.2187832723039691
0.7445562842104804
0.6830334223138774
0.425366885468165
0.4225098159564261
0.3526422701065603
0.337134498187282
0.4145783359063274
-0.01805687910457177
-0.02111829091078547
0.04453645343506267
0.5443821488048235
0.4818930708254155
0.4193821485194961
0.4209793723505424
0.2276422517390344
0.1645783005710384
0.1217767668071359
0.1871427229037115
0.3205830921853473
0.3825403140149231
0.3599759869921918
-0.02422183350404813
0.03836763143369278
0.8381545184629279
0.8216365600158108
0.8528421979789931
0.8546651599343325
0.2622814007872655
0.2292981440642401
0.2918158943193903
0.2223209456258332
0.1597965917228791
-0.8942199998255228
-0.8627364220028084
-0.7994332551745078
0.3213388516429626
0.3543245790033744
0.3080334223444646
0.2445562842528358
-0.1115514587604356
-0.1108853702644894
-0.1155016671503833
0.6194742130880884
0.6272654510050899
0.6201579115182718
0.6350558781446833
0.642845464136943
0.635754356079226
0.6242845581611667
0.6164855932842938
0.6398812450987164
0.6320831090657243
0.8337610045203426
0.8376233891864768
0.8344270094133315
0.8414783529431019
0.8453219871227545
0.8422053637967118
0.041908252751439
0.03761802679690002
0.04545339933081105
0.0262476297369201
0.0219449015652563
0.02978186741217775
0.01058510936568263
0.0062681461131322
0.01410700424363787
-0.005079384950380822
-0.00941270975059863
-0.00157173612235903
-0.0009296880952874564
-0.008761751185038191
0.01473305229950972
0.006901910606485678
0.03039399541274404
0.02256374540212708
0.04605318355597804
0.03822380632844616
0.8424681237753938
0.838575897288691
0.8346835935843825
0.8307911497297328
-0.1106288099213564
-0.1067087872796067
0.2844276388439146
0.2760120809512723
0.2916484150758699
0.2926901482600233
0.2770570645496283
0.07322407391673552
0.06895481532582232
0.07678719144400747
0.05756704675571053
0.05328797510617822
0.06112175240674311
0.06171066462967637
0.05388213476679052
0.07736646845789549
0.06953877533947531
0.5883009259540497
0.5960954440256974
0.5889599022094661
0.6038892037097796
0.6116821487350756
0.6045597536043585
0.5930862343762444
0.5852856285096497
0.6086862170480625
0.6008864306475895
0.169118406833078
0.2317173277990436
0.7907341367916754
0.7283303443052871
0.5727097340144967
0.5805056909286246
0.5733583633864907
0.8564266214196459
0.8408279372376029
0.4761309171034256
0.1071153727892276
0.6692942264802103
0.9680722525263175
-0.0006231603644750033
0.004810779153544657
0.4441418025062834
0.1009433363011961
0.2988404103128273
0.06914158133427678
0.1011308761740337
0.03057225252603583
0.08034546169061418
0.01762562442610552
0.01888035119983478
0.5816110654754763
0.7757279300604862
0.3872996417302119
0.2553369788823695
0.0438547573259401
0.9188547580342926
0.6284114801243402
0.03331235055855722
0.001933227990570663
0.003219274498499625
0.0345397899375563
0.255144745710044
0.8069434525514276
0.1819434525976319
0.8647039916516649
-0.02046403796095455
0.2496991006461708
0.06467189247712882
0.06585381864312481
0.5972127898419253
0.294294225810774
0.1302872586385003
0.1963046791916937
0.8711699872855703
-0.1082757618598637
0.6128129275463028
0.6440084409042357
0.04899439447618351
0.05019760307819021
0.3009522751560749
0.08150844246794037
0.8335074116352822
0.9795359632330572
0.244060095717259
0.3065989473842153
0.2469033406657554
-0.8640291306824452
-0.9603526485513787
-0.8354433154964982
0.1850328058009518
0.2476520436617838
0.1856145933877693
0.808640092339324
0.7462562135716775
0.8078295161098875
0.7186494941581486
0.7187129959175821
0.6874194418992767
0.1497007825339783
0.1519141259351367
0.08709610412946611
0.7259433203338762
0.6635051236866684
0.7227949848355332
0.8444483053725707
0.782033858909853
0.8412238657551044
-0.1766813213355251
-0.1548684236547542
-0.2407160473357636
0.6562597398169475
0.656237650344644
0.687504250691781
0.7808638187215986
0.7807163234802786
0.812062752284171
0.1554230320025118
0.1552330760595736
0.1867400289840748
0.3728117582412264
0.3412111138487669
0.4037642763203136
0.2183638187265075
0.1870627522885962
0.2182163234862303
0.1836400923734843
0.1843745880897886
0.1209990245833198
0.3632945325503046
0.3007721151323258
0.360313017304836
0.3747635382056083
0.3122393382657378
0.3719666305314523
0.5052115491703173
0.5676865152192823
0.5078608318433451
0.8629360384831776
0.8005331199839731
0.8599615253574582
0.2811494941612325
0.3124194419023042
0.2812129959197156
0.842923031996869
0.8740980231255366
0.8430960532329064
-0.1317367328345777
-0.1343814074010015
-0.1152388165280932
0.2809437492265585
0.2496571983777527
0.2808053756980677
0.04047751268292425
0.03869219639330423
0.1031164544912451
-0.1132659601566656
-0.142915866171005
-0.05101891953482041
-0.2341592734057413
-0.265257618633341
-0.1718640835358487
0.2690845836169906
0.2361355247960668
0.2986565113070708
0.3941061115954935
0.4270334279406662
0.3645334363780669
0.201716817287494
0.1789886001275987
0.2637839132574649
-1.634509740184019
-1.663366169610621
-1.730672888621569
0.1198122976577958
0.1401100646146185
0.05685159325225098
0.2322301655371623
0.2947660656827037
0.235254460749062
-0.3479829615402346
-0.3050127288103288
-0.2624911824225029
0.5699820105982413
0.630428347695331
0.5916554669556224
-1.114028982104271
-1.210443268745549
-1.08535226607265
0.8370133629100082
0.8516781963889914
0.8397812171018558
0.04663185671865704
0.03096325558193123
0.0465507993509106
0.9527230871832512
0.9682993143560252
0.952800799350349
0.9528818567178634
0.9529656918382879
0.9372922896976247
0.06229228969907771
0.04671569183898353
-0.7677450899048932
-0.8926302922827485
0.4359335296886155
0.404386073674188
0.466912590117243
0.4989459215510142
0.5299536919724722
0.530410329000534
0.6228117582296442
0.5912642763102404
0.6537111138327955
0.3437597398178173
0.3125042506928736
0.3437376503465231
0.5937080046225841
0.6249482581979712
0.5937528055354148
0.1540694709213049
0.2166577563959358
0.1474303285140613
0.2122864310404344
0.7131114874855747
0.7755427881466794
0.7163781537468589
0.7381152593895587
0.7410484360074043
0.9253240245915235
0.8658655988847828
0.6506671734218091
0.7098072041582923
0.1561658997088113
0.09146159327839094
0.7883676868224989
0.7290504034311356
-1.017630090161926
-1.142744927483928
-0.128968954980713
-0.1483219057560823
0.4882945721100893
0.4258020078146632
0.4853130015020095
0.8687495614718124
0.8063504275995961
0.04647308718377869
0.03079931435606746
0.9684632555818138
0.369122261639559
0.3662312246171928
0.1815057051785028
0.2411703472392428
-0.1338724815223561
-0.07000300212794919
-0.3274764340164407
-0.1992724188630323
-0.1129167021603922
0.23823475912344
0.4316300549448369
0.4372716249690716
0.3775122017074396
0.630144793774532
0.6274465504694544
0.4427198874678532
0.5025121517325121
0.4997636073305913
0.4969666425261223
0.3802115204980774
0.3176864532896049
0.3828608432989957
0.5622394644191544
0.3154348476243489
0.3766346542439769
0.3435195555541584
0.1756824509214808
0.16967991977624
0.2291628273575524
0.6404278427739117
0.5779724717658689
0.6379353160167753
-0.006424152457552179
-0.02751763697303822
0.7187474365771918
0.7499891155624383
0.6561855560565931
0.6561055226427412
0.7185590340481662
0.7498752239216989
-0.1729663015858192
-0.1106896777549539
0.5243112677042063
0.5475235505161461
0.4634710025354753
0.71875
0.7809907302167337
0.7496571983726589
0.2184907302207466
0.3436855560592495
0.3436055226463867
0.2812474365782205
0.2499891155634711
0.2498752239248409
0.281059034052254
0.3282160817964865
0.3611668548322539
0.4599484917201917
0.4895223637222697
0.3349484835834872
0.3020223560327774
0.4236668674998581
-1.692190841733963
-1.595934698468025
0.1555149060007383
0.2176222965562397
0.2794679000481325
0.3410570192001728
0.3028925507916792
0.28125
0.3749482582002196
0.4062080046242386
0.4062528055364746
0.02883390307738799
0.03092682919810175
0.5092774308757231
-0.04807324334397722
-0.1100504436815256
-0.07967471193208475
0.718443749221397
0.7183053756918981
0.9154775144842574
0.8531164561906387
0.913692199301823
0.7064661899372359
0.6440179440176258
0.7028653437147686
0.6428667589922014
0.7196062703717554
0.6571652986976672
0.4532160780540917
0.4861565054751751
0.7448136483659399
0.7746575555523705
0.7499299632104264
0.3095846590042745
0.2786314930700481
0.4346904458484042
0.4662908852841452
0.3418329174921871
0.6845846589836494
0.6530115078194525
0.7154329118296837
0.5596904458406338
0.5280904639672701
0.5905641155832255
-0.06768635361825451
-0.06257004946612521
-0.1003424468989192
0.7568016785160249
0.756565162177903
0.7606972249575101
0.5287908852807049
0.7161314930495309
0.6543329174797673
0.5918860736663535
0.4030641155959173
0.465590463971658
0.2779329118554126
0.3405115078394182
0.8100328057795343
0.8106145933718859
0.7476520436422961
0.5609335296838817
0.5294125901145265
0.1828295161504026
0.2462562136027072
0.8425257463816758
0.8736990277188144
0.842733076052621
0.155025746390645
0.1236990277273543
0.8117400289776862
0.8709990245485892
0.8093745880621587
0.4525611315732589
0.5150466110010574
0.7949911190794439
0.7955081850121767
0.7911070315056369
0.7872220034503432
0.7877210757863495
0.7833361480958423
0.1045329089214045
0.1002803873168282
0.1081101902445086
0.08887935607809641
0.08461890388379614
0.09244995386721527
0.09302060889917346
0.08519374576802113
0.108673091745327
0.1008470568211164
-0.07143671929858011
-0.07167935889844723
-0.06751846293945402
-0.06360036535531233
-0.06384146632343396
-0.05968241880947539
-0.05576462399210896
-0.05600437665993899
-0.05184697644273667
-0.04792947452981339
-0.04816803294008057
-0.04401211161773852
0.7957508178043893
0.7918565745138807
0.7879621717093032
0.7840676174640053
0.7801729106615232
0.7762780555860013
0.7799331641490848
0.7723830550565542
0.7684879144696
0.7721445017546381
-0.07219603213516296
-0.06826786695380427
-0.06434048408463916
-0.0604138292895354
-0.05648786417243631
-0.05256250334799642
-0.04863767348757031
-0.04471335170827831
0.5571158504065392
0.5649131027424267
0.5577551428094583
0.5618813594118344
0.5540791183877756
0.7716748563105609
0.775562536659067
0.7794496575378209
0.5259200868697506
0.5337200200198879
0.5265436752999908
0.5415193104604489
0.5493179289868196
0.5421502448103738
0.530669948383415
0.5228660748119991
0.5462764700922322
0.5384734125942643
0.135834896516807
0.1315958400787496
0.1394231849896522
0.1201847489575719
0.1159393582466695
0.1237679095503347
0.1243239264971525
0.1164987144890304
0.1399731244822165
0.1321487296754137
0.1555960532373956
0.1240980231301889
0.4679103290020438
0.4674536919745834
0.4082253369588971
0.423840297683847
0.4094410557228366
0.417696613898872
0.4020764640205645
0.5103183709644001
0.5181195408655579
0.5109354314295215
0.1514833574374163
0.1472499737648536
0.1550762260251347
0.1556206859940977
0.147797109769751
0.7561192506705028
0.7600088201162726
0.7638979793076491
0.7677866769029698
0.7643551501609949
-6.777764300180996e-05
0.001870717585664084
0.001927177426562847
0.9999322223570077
0.998020927426587
0.9979644675855763
0.822261277773132
0.8343686508343231
0.7645926365277989
-1.056697463059028
0.4062672944174015
-0.04856233004117638
0.4023873048010301
0.7805492163150258
0.8073840204268927
0.218049216321854
0.6214122875137497
-0.1369419288505742
-0.09886606829927957
0.01106986863105885
-0.2966617519262689
-0.1096964660973955
0.2031754888964905
0.3255754141657632
0.4483172156161405
-1.826783054619078
0.5191882766838496
0.4978650235957842
0.1430056860973198
0.1441110603362231
0.593767294416766
0.3714122875320189
-0.2226136836658439
0.371101802152874
0.39471161921361
0.09601544519431196
0.09716147861108407
0.5660077551494257
0.4197946809075606
0.5190845844003499
0.5347963630866428
0.1586631290547892
0.1273454373209071
0.1284627849865217
0.1597577500040709
-0.1721377993479514
-0.1115422231334887
0.6858277629561378
0.3108277629685585
0.4964645888045291
0.003810868400551135
0.9959983684004083
0.0923654864387593
0.904865486430771
0.5447659993394736
0.7983324173640276
0.1116821422011754
0.1128129240892919
0.5504028541632744
0.8318081096934669
0.00390625
0.99609375
0.2771577867448605
0.2767418292564395
0.3084497055972189
0.7172965237269421
0.6860893126799901
0.7170346697706335
0.5271461537995946
0.559470724214816
0.4969901983580229
0.7043719630572147
0.6731588825711727
0.703632894930577
0.2767591140603967
0.2454875404663892
0.2753314881274907
0.6327928366522438
0.665320015182323
0.6028714245885517
0.183952238094842
0.1674217037070258
0.1986893531173515
0.4072694019349746
0.4401193119397948
0.3776193043173405
0.2236692715615276
0.2654047254069257
0.2032067914020385
0.4527466498939782
0.421922949475098
0.4454024028460198
-0.3691284857701059
-0.4150522544754245
-0.3518451462225779
0.117003724440938
0.1611303223592301
0.09908237105599804
-0.7236924589475604
-0.6756435059491692
-0.7380949815784152
-0.3034082812985599
-0.2559310999646942
-0.3181047852969101
-1.384400428901702
-1.355543526731485
-1.288187754323614
-0.8978860836875966
-0.8497347240896214
-0.9121869140803951
0.6790333468683634
0.6472341456015944
0.7096623122132233
0.2166464208629635
0.1853333145421332
0.2163457152480574
0.1788406971506129
0.1469470640059928
0.2095665941564032
0.343368040988594
0.3589311440093486
0.3590729212599552
0.7770550434911841
0.8082442928797562
0.7774512600539799
0.7030684632055166
0.703034847318764
0.7186846730767603
0.178208812526893
0.1834186702239544
0.146515159568997
0.505388710997818
0.483179564971825
0.4661917350143648
0.6739250358967731
0.704031116214287
0.6794013852164628
0.7246867760075656
0.6944106230258658
0.6925253323788439
0.1064975732036589
0.1369895254971751
0.1386155022686609
0.1440179325062434
0.1769657733626803
0.1144192543216597
-0.01254837310023624
-0.05185276749570117
0.01256776485566768
0.327944153491958
0.3592193798153684
0.3287005956458885
0.7689014905029555
0.7393599775881425
0.7360020647499006
0.500043187669179
0.4835340173778082
0.5147747066897175
0.1195142700181027
0.1184008617831173
0.150814628352221
0.7122864656259249
0.7423675004789714
0.74461021376616
0.4104247449265369
0.3781798635219693
0.440700232690144
0.5507721954219023
0.580520503173399
0.5834789746505936
0.07265667713682583
0.1052339681450068
0.04262938974053378
0.07734370910178764
0.04605200721944414
0.07582770514633286
0.2954625968596666
0.2967024173199555
0.2641882255317738
0.7737075368540086
0.8049133474053316
0.7751450911244762
0.7076866165584768
0.6776425003709086
0.6752861046256943
0.2883429395329158
0.2570857956631095
0.286593956772781
0.007399539060415378
0.02304333312671122
0.008319548168825991
0.3366791187027317
0.3384665845227407
0.3054229043051843
0.6931565525007981
0.7243742940036244
0.6947259184113868
0.1635051929605992
0.133785114050808
0.1306565599491422
0.4007645428386837
0.3678626564865193
0.4303626611149334
0.1092937888038402
0.1170887897559682
0.1171344854671778
0.40492778601942
0.4046670351236865
0.4361940506147909
0.3906368427459506
0.3906247985526225
0.406264030021234
0.01110306501147554
0.02894828766095953
-0.002726630188205986
0.2420534010969369
0.2802158532012662
0.2173446068946883
0.2177295901449995
0.2334032163118155
0.219236384845863
0.5092879732274854
0.5052320316624302
0.5403054006457555
0.7328000128645976
0.7693548708621505
0.7095896582714233
0.7674122189682326
0.7823317939204861
0.7699072101265497
0.7186798807769827
0.7168947240958308
0.7499035492340815
0.8116349384582241
0.8428409770531603
0.8132427172732434
0.5486355104164061
0.5469396157233773
0.5798708355096254
0.6802442541076883
0.6967655687978727
0.6655448911153123
0.5348209577633645
0.5365778800859431
0.503580023064913
0.5058214033635466
0.4902075609204307
0.5049237663989107
0.5934078726783816
0.6089520845813242
0.6090916282153984
0.7620986476248108
0.7932968078891369
0.7629206184862081
0.09559140283093834
0.06326867243787733
0.1258890854804209
-0.02608904551419655
-0.04260687557427437
-0.01132258811800541
0.03203395490011483
-0.0008650710449570886
0.06171301008200213
0.4288326410905917
0.4339825055781085
0.3977722010571731
0.4048446091921015
0.4357691166702707
0.4113205178807746
0.09214028907847795
0.1079225745642264
0.07658594837670457
-0.1587545399508865
-0.2004864529703629
-0.1360725041635902
0.9364245007614037
0.9209356212092482
0.9207517341345457
0.623895260583207
0.5928860631979881
0.592427786013299
0.8414615040032625
0.8737045319055907
0.811323184306313
0.2246867735713618
0.1943268331442778
0.1924427168712087
0.1633010795624923
0.1945650389987366
0.1650401482322357
-0.07849619550066078
-0.07298729988124697
-0.111147853644052
-0.1976759578700897
-0.2086638108137161
-0.1656767522014119
0.387087521642334
0.4065223283379493
0.428754432396014
0.222198124299333
0.2627769994780618
0.2002769405793677
-0.07895380261324647
-0.03269495818774648
-0.09476263873037039
-0.3131585610517629
-0.2678559349694082
-0.3311729994607159
-0.6107476444760902
-0.5800671996004423
-0.6739561741063921
-0.1444928831423484
-0.1699608717375478
-0.08139414530222777
0.1963748488281685
0.1508739579919576
0.2124387697943544
0.42103561653708
0.4515631735305727
0.4329589138909074
-0.6107163841448908
-0.642879061720277
-0.5479554183075238
-0.431669673220205
-0.4649010884418203
-0.3694102520586655
-0.04959810275166154
-0.06460330598465447
-0.09657545068860451
0.5519640932312333
0.5924060009863811
0.5317490303979513
0.005388504763202934
-0.01827272640194444
-0.0352104936569706
-0.8034089350235842
-0.7556053596435182
-0.818431646634552
0.9060959388132269
0.8982646276252891
0.913864104627893
0.6718738473571335
0.6718822832838002
0.6562526713123318
0.7963916558218669
0.7964642568318646
0.7807924267276037
0.09014429232654034
0.0919387957482394
0.05887143938686432
-0.0580028797235777
-0.04970033850726144
-0.06535165313987051
0.08470490323357285
0.06814481829154115
0.09943870480008582
0.6986030801295914
0.7160233899720038
0.6851982964673162
0.7990626178487495
0.8165390893623656
0.7868879532373741
0.8135157431844521
0.8209311217439718
0.814835291118323
0.7710976686984803
0.779369470311897
0.7637668271556819
0.6838715339814468
0.6673563771184793
0.6985814269433346
0.6839155180066563
0.6761174306332993
0.6834546807218158
0.0461705818992244
0.04624684683673945
0.0304959273146843
0.06029689803978237
0.02921278984691269
0.02867275088899584
0.1709901636874022
0.1710824739752123
0.1553302773330623
0.9352968980245675
0.9661727508717555
0.9667127898346481
0.9525722341849837
0.9524968468367199
0.968147467844592
0.8423004718534778
0.8580029379629045
0.8268261699577361
0.8723880275166732
0.8415136271690457
0.8408944101273642
0.2813009897927642
0.2795232318208456
0.3125566017837564
0.3724910254405091
0.3882913113133355
0.3570147016117364
0.5311486063161327
0.5154795233126046
0.5467257059085741
0.6636753348527462
0.6461459356990973
0.6767256061930543
0.55535898109585
0.571873057054247
0.5406441769463392
-0.06624237538232616
-0.08098635814913097
-0.08279084621633528
0.02928170812845277
0.04775157245133735
0.01571380964785091
0.2026416558270553
0.2182924267329882
0.2027142568365798
-0.1029103173636218
-0.07042978058880678
-0.09643036371231622
0.7881544571906107
0.7864109985567621
0.8193672466124597
0.4312802612883627
0.4005064067459833
0.3995045785295777
0.9306870971350564
0.900008412841775
0.8990133886940725
0.7796902687287077
0.779427896566844
0.8108768558748708
0.2558424217674846
0.2402075607118345
0.2549466579334013
0.1472766474182945
0.1638199364416862
0.132540796475175
0.5562802612742566
0.5870045785087045
0.588006406725651
0.1223880275384651
0.09135539897340562
0.09073815491337844
0.4027517952906592
0.4009665821878389
0.4339973944847936
0.5919750535028578
0.5754642578100608
0.606697033079828
0.03117985901165937
0.02939459724943624
0.06245292386682685
-0.0528078702245478
-0.03452813463863941
-0.06652898870231258
-0.109057165514319
-0.1065322725672232
-0.1254973830589751
0.7904226444705795
0.7895027294727606
0.8060303392411776
0.05568709718020919
0.08651338874199119
0.08750841288856714
0.1526989849872186
0.1523226742289344
0.1840168579123165
0.6217910630942602
0.6063606686736246
0.6059913547665555
-1.070211254909309
-1.022036167676207
-1.084705005844619
-0.5702106223196541
-0.5559005955463283
-0.522204751670871
-0.7480117733369869
-0.7146414501257974
-0.8106021187705958
-1.200356363493167
-1.234142802979272
-1.137712702654418
-0.8845100056815247
-0.7883660761410962
-0.9132961682338221
-0.6429547300922247
-0.5805851742174544
-0.6091438443968922
-0.3161747721248502
-0.2827171974193481
-0.37839167901791
-1.124352868465224
-1.157716230664572
-1.061513287281649
-1.470828862134177
-1.437052057516279
-1.533382945670828
-0.8066699892204849
-0.8399007296605689
-0.7439961575851703
0.094656157035134
0.09327790690701668
0.1259488365126603
0.3305501078123055
0.3618093755624119
0.3320351583508227
0.3421110985330871
0.3733710997986136
0.3435034153210236
0.7576569634230854
0.7251304110112846
0.7875461707608631
0.5454980186353381
0.5767325508743939
0.5467381247783771
0.5377819513729435
0.5065424576789258
0.5364511539656407
0.7351373406210286
0.7024162156510889
0.7648437280697874
0.5267905033301314
0.5282067339848111
0.4955503485576339
0.5744713291175132
0.5759998715279291
0.5432372998034809
0.2577928958263128
0.2251977732283391
0.2877482987708957
0.07768658477573268
0.0451435602679831
0.107749903631594
0.007453049890794317
-0.02517284114020452
0.0374450812437177
0.1427214525819288
0.1752128818147595
0.1126213131558776
0.3529057391584361
0.3516002482270613
0.3841664170779184
0.3327973662428517
0.3652355108447916
0.302698304710926
0.6219033290661435
0.6545312539903276
0.5920791762324998
0.83025429849342
0.8614543854958512
0.831736416438005
0.8119815642644229
0.841791753545256
0.8445585817024561
0.1874662330069611
0.2031156320612453
0.1718587021056629
0.07807342899935482
0.06243818201990593
0.07801273680930548
0.1404244905787905
0.1403665312822382
0.1560713205635895
-0.02388777688462826
-0.008244202537787071
-0.02296384905198176
-0.09762433235270071
-0.1054510023341653
-0.09811944597344016
-0.03499302672220217
-0.04282243216142551
-0.03546671231029933
0.779561953389343
0.7883690695696838
0.7729983169928063
0.8292838026973419
0.8379088112583092
0.8231679548331747
0.8338932512344769
0.832416991807947
0.841261021514062
0.8237555270241652
0.8196104010355394
0.8274022834656602
0.7573622704324495
0.7564326774254524
0.7729689045456775
0.7545576203934603
0.74629045522853
0.7618819834913805
0.01520088139334053
0.007321203100600731
0.02300008607938713
0.03025409449897024
0.01466157389612196
0.0144921600356386
0.07766296783322181
0.07758920247913872
0.09332818339345005
0.9677540944981254
0.9832421600345088
0.9834115738959018
0.9839508813936449
0.9917771857843998
0.9762068628639856
0.9212636365003668
0.9056813700068408
0.9211858631586913
-0.09625589404858953
-0.08695076741629248
-0.1029978413798725
-0.07137372998412633
-0.03906210821542322
-0.03240222385943609
-0.023489551877863
-0.03929311290624288
0.05635047340767635
0.02361526242535113
0.08620755776255455
0.8226566661087387
0.8551293799995315
0.7927339634437353
0.3374007215542674
0.3049997810900891
0.3675375780845626
0.5385874988934279
0.5713822966289427
0.5089100303524468
0.07179494585628779
0.05615539263363706
0.07088541857099853
0.218676066999823
0.2029996308720947
0.2342771253120407
0.03953520941728966
0.04739846645208295
0.0403625552037466
0.759692175007336
0.7772210750487343
0.7467219050140411
0.709622070578086
0.6930975691268917
0.7242980157735111
0.09294129446320075
0.1085222189552428
0.1086908810551775
0.9360255703130488
0.9205523609526062
0.920335948367568
0.8124662330059125
0.8281087021051066
0.7968656320607104
-0.1186922956207846
-0.1269910925472919
-0.1113400263168599
0.841764159223007
0.825263566990254
0.8564699214865167
-0.1193620455171663
-0.102976680718283
-0.1167319175288775
0.2968184632081169
0.2811846730793793
0.296784847321833
0.05894403123989844
0.05111743486924464
0.05848493266519181
0.00554796691709647
-0.01010233009063324
0.00461760247982082
0.1716075850205975
0.1716644013466834
0.1559571996111449
0.07446909956640443
0.05667485548193432
0.08834208719159109
-0.025314895590027
-0.01159192599279885
-0.006988494952446633
0.6472049097588077
0.663723678604523
0.6325085744884378
0.7426778344803653
0.7279854369147838
0.7261493920735196
0.1863453638515532
0.1707920505889475
0.1705761699678944
0.06142450076418959
0.04584185439404809
0.0456582500495846
0.8586006493448539
0.84301157025687
0.8585116043189024
0.9054412944607722
0.8899408810526164
0.8897722189518087
0.9218234289985632
0.9217627368076013
0.9374381820193105
-0.05332733198775252
-0.05424728076901272
-0.0376860024780945
0.8261819516716168
0.8257057230153387
0.8339838296438249
-0.1248149389672598
-0.1234807706921801
-0.1330749335057731
0.4686486063166937
0.4843133939732432
0.4530603431768708
0.2652337583898746
0.2808773144254889
0.2653012855642751
0.1337631840729268
0.1295622168243145
0.1653054044991801
0.03867532859177869
0.02047559926292455
0.05239593335916976
0.3139947168437164
0.2826570171036021
0.3092542366365963
0.124971521387467
0.1200171698267521
0.1566604005589138
0.606849159125989
0.5764252007587602
0.5747951078076858
0.8305918630391177
0.8617757452203213
0.8312781724057339
0.548972634178664
0.5184370207349067
0.5170082622000343
0.2484464171155597
0.3098650107514016
0.2756051801720943
0.1686098907228253
0.1248989634047782
0.1869265322878526
0.06304518700862416
0.0181379823494342
0.08024375012697571
0.849478782367277
0.8815964269794655
0.8192221116106684
0.5998115793696935
0.6319734530992457
0.5695153486063569
0.7207935760137787
0.750989456288816
0.7529966225280494
0.3534586895832121
0.3212968123268629
0.383839294287834
0.04842406045219998
0.01637243491358069
0.07903134536038797
0.0709145138408543
0.07179962502457796
0.03959285344000653
0.1736982890927258
0.2057068844043684
0.1430918629489815
0.4177189582396806
0.4498169137106278
0.3872951073035081
0.3628321413724501
0.3934139905012405
0.3947734668614182
0.4506390954453787
0.4678206480150341
0.4366364580623042
0.5624715139680023
0.5316603928030621
0.5575171602090054
0.5750394174164212
0.5922832938629322
0.5612143557121454
0.4342080387530163
0.4263987259246104
0.433761461773094
0.5591069067323103
0.5513034561674175
0.5586561049013254
0.4616627019127021
0.4598714220398825
0.4928985040681677
0.8596149954509889
0.8900407279532623
0.8915313455511588
0.6676322350110355
0.6355564059297713
0.6979918306086685
0.9171985962649533
0.8851687397997979
0.9475180730253667
0.3498115781808393
0.382015347644295
0.3194734515102006
0.09947877835957954
0.1317221086603527
0.06909642353514538
0.2207935789222125
0.2510697407737052
0.253078064438971
0.01425143843244536
0.07604221704421799
0.04493011072164232
-0.09689176799853916
-0.08212290223544705
-0.1280391116894437
-0.2185015467020567
-0.2029959937369894
-0.2496688110845811
-0.2466677334712599
-0.2026991088047195
-0.266465026693151
-0.1329956534452479
-0.08841639035660076
-0.1513681879956698
-0.03237852980259709
0.01092425196069352
-0.05211164641124699
0.06900861665599112
0.09727689655143157
0.006969314312982644
0.1369624703568494
0.1827547459058716
0.1211405200487058
0.2868649492311025
0.3318454134786846
0.2705366574350716
-0.2037954874003038
-0.1568670637067237
-0.2190233152586605
-0.1139715922712892
-0.06682298745331594
-0.1287840066926177
0.07556949918996181
0.01379782048487432
0.04404926141993837
0.8332324833698077
0.864414670804671
0.8338486885464567
-0.2979657376362879
-0.2679174989107139
-0.3606878945094196
0.3635138979370437
0.4071300752869417
0.3459496439425101
-0.3602939061217153
-0.3924830197151405
-0.2979550316494506
0.3654106727587385
0.3335158610511627
0.3960631438528502
0.5959148633501704
0.5636700787809917
0.6261299422857086
0.9099325549128215
0.8777726364087246
0.9401301191466732
0.3459148661617565
0.3136299489310094
0.3761700815969421
0.3847621651406888
0.380837948529607
0.4159561889596418
0.6187106571453007
0.636533156124838
0.606021623593236
0.5847766521157309
0.5682643284422837
0.5994786984112489
0.3991791312248323
0.3679312381232861
0.397390962752213
0.0266821434404171
0.0590811277467382
-0.003555286426218662
0.01378830463319292
-0.02903645483796441
0.03402276481506572
-0.3352044906214037
-0.3547789732473972
-0.3797561123138852
0.3417755682373496
0.3741000428618997
0.3115604940763884
-0.5536260415213086
-0.6000619111438753
-0.5366280815686977
-0.209037821907238
-0.2549544579782419
-0.1922820066833187
0.5354247447039698
0.5676286114745733
0.505149257167486
0.8455914264362657
0.8133891221241251
0.8757687100637347
0.3402518053728378
0.3420333168086196
0.3089974012730603
0.4634528599953144
0.4304229120048076
0.03493254880499953
0.06721552271744519
0.004570919968144297
0.2822434734657128
0.2525797973428747
0.2493679887181153
0.5322434705856383
0.4993935472723395
0.5618679947948129
0.4136148887475571
0.3839238795151273
0.380792133760311
0.6268514522069893
0.6652843169391977
0.6049250152678978
0.4217753286710137
0.3909361807074114
0.4133859127682098
0.4695283165476693
0.5093824073506906
0.448232387731023
0.0189014988075516
-0.0107123476970694
-0.01406815378248799
0.2673974205906928
0.2838721536758553
0.2526114572367883
0.08811148602787956
0.08480721591641947
0.150667172521998
0.3214100316326515
0.3198494910935277
0.3526686990901285
0.0712155965579624
0.03992558682014714
0.06965721401113562
0.1571652552734868
0.1900401534285064
0.127487152440411
0.5257404566211248
0.5586168541514346
0.4961415557793546
0.2757404644766517
0.3086415615138987
0.2461168662843986
0.3957847679217473
0.3793212619987023
0.4105712588494052
0.29036457555705
0.2981844794173933
0.2910218254975427
0.1651153669893773
0.172951430136433
0.1658191494094154
0.2596091359122927
0.2631391005533837
0.2282201577428527
0.6008011141375873
0.6025401707700281
0.569565055511137
0.5849022876202544
0.551999905948757
0.6144657685716177
0.4827541244994559
0.4844598290348874
0.4515101317739645
0.2215216513766709
0.2327844220741744
0.1904481091729457
0.467646480132579
0.4981110714011996
0.4788298181221632
0.4300002164896046
0.4095471493366258
0.3888907839992574
0.09652619869901069
0.05531898927268947
0.1184754707680684
0.3465271659672159
0.3059771830449903
0.3678202029402857
0.2582617445908142
0.2353717427860368
0.2183134041740282
0.1725061908841668
0.1641064088222433
0.2039851739851289
-0.1231485331417441
-0.08257500353698594
-0.1472156252920459
-0.03047175734462604
0.01073207516382141
-0.05311791629555934
0.184124640762574
0.1763034527246165
0.1836746168250742
0.3092140363075267
0.3013987265922678
0.3087676957764985
0.2428985058353705
0.228162206321788
0.2263673126551641
-1.393224958110469
-1.427016364892494
-1.330586284623536
-1.697036574519649
-1.682598398517858
-1.648941962230806
-1.249402285257927
-1.153052342373214
-1.278125381767999
0.5979023277702383
0.5650797936301407
0.6275401977122791
0.09862208502969017
0.0883723552568203
0.1300685829188398
0.3068473949302913
0.3479896832779417
0.2861211316174037
0.6585191094024422
0.6207993486909803
0.6810822824808078
-1.076709953318054
-1.172750999279444
-1.047811047646065
0.6698421906527079
0.6307195707520007
0.6909231646241963
0.0121172574634285
0.04168037690278491
0.04510866208263614
-0.04033944667060992
-0.06997985051220366
-0.07329764535675737
0.1155410774739993
0.07660183674993085
0.1402466277726497
0.6962297224929712
0.7291803880804985
0.6667317550278975
0.2650176697855823
0.2337477244515624
0.2634999446737432
0.3348909547138024
0.3183689461454728
0.3496242546408606
-0.02736662828305715
0.005506844264896782
-0.05708852588382697
0.1375394174133455
0.1549643543452375
0.123533292121757
0.3222621652067526
0.3535301357652141
0.3257476705365721
0.4463388770776168
0.4793158832818573
0.4168245532620241
-0.2833419721806172
-0.3051244686217617
-0.3263381989180044
0.2553267547267919
0.2983214867707895
0.2365880724476942
0.6111523685097984
0.5809182579432334
0.600238337030123
0.1803589826477256
0.1968941849068564
0.1656230597752613
-1.147885810159228
-1.099686727856906
-1.162234643567063
0.3764947162063334
0.3717542354664468
0.4076570145260149
-1.576709996042656
-1.605625674566011
-1.672810283058166
0.5912465647868205
0.5514298873815372
0.6120150939631559
0.0913781440514134
0.02554277439113155
0.2556414880659636
0.2909561912014353
-0.2051575890450495
-0.1640117817335179
-0.2288945167828513
0.5874007243308824
0.5550375797637525
0.6174997876124176
0.8370960338454523
0.804773025351866
0.8671596464270058
0.7166577941081403
0.6865011716227372
0.6843733035614561
0.8325020501910892
0.8648634373793791
0.8024750559552748
0.5827973652382361
0.6151983032968256
0.5527355087353383
0.7353027422690788
0.7040909780427848
0.7340773501354095
-0.6730737256369659
-0.7362039864298124
-0.7046759694356153
-0.6125336532933795
-0.5649720956614662
-0.6276638370642953
-0.484340599863662
-0.4372504169842594
-0.4999961125618267
0.656039826103165
0.6646343497239274
0.6490989377021879
0.6811575835520363
0.7117615245022011
0.7179911278132516
0.7266665351747318
0.7111787381583006
0.648135944657463
0.6442367709157822
0.64790743276177
0.7105099404389649
0.7066122708306257
0.7102777253079338
0.6618948119361828
0.6609785844336847
0.6774965745697187
0.8202207290415833
0.8247110531883078
0.8170404164794272
0.845724877041238
0.8383855506202812
0.8443637688409866
0.8501823390264519
0.8546766536886046
0.8473929680398624
0.007491620302461793
0.01533277845993355
0.007541007736408038
0.01504557767950913
0.00724422227339746
0.007169233318970181
0.03875589810470405
0.04659040081477905
0.03879829414911573
0.9837955776799706
0.9915442333195307
0.9916192222740656
0.9919160077375151
0.9958333090611168
0.9880511210506199
0.9605508524717872
0.9527616481043607
0.9605119387684699
0.07605881503899481
0.07997900885640624
0.0764274157567523
0.01328936554826241
0.01721544873925143
0.01370309237160186
0.06053586994752536
0.06228982398100388
0.04475097947030426
0.02302701599453316
0.01911228036186927
0.0227953631243755
0.08565000254854782
0.08173677243643987
0.08542185069434508
0.03684756478473714
0.03592496569366407
0.0524965749254136
0.9608974896479434
0.9608535181772945
0.9687047307367576
0.921875
0.9062067408428924
0.9451278614061612
0.9450881618063887
0.9529237916182929
0.5917755676790661
0.6240604892505274
0.56160003999499
0.901682089184891
0.8693991208275111
0.9317648090911982
0.5179394528848514
0.5503776798412108
0.4878959894143233
0.8925034984177099
0.8601045161389602
0.9224784059648732
-0.0007588881688221638
0.00805373015390673
-0.007708482074137907
-0.4218610882053013
-0.4687616171718207
-0.406000684742865
-0.7995974188139719
-0.815219434340713
-0.8471539637930398
-0.457508054341407
-0.4099829106560751
-0.4723931372808661
0.8903078499720876
0.8981372583485854
0.8825431696095558
0.1178063677839133
0.1030729261941438
0.1012585702609891
0.6369691028349942
0.6542858740596047
0.6233092742916675
0.7246851250512858
0.737397109908735
0.7421879227337627
0.8099942177136412
0.8188773055502219
0.8036743129714576
0.7233676126444654
0.7151050022317058
0.7306981895717514
0.6306887083979482
0.6150842352288524
0.6297777556302646
0.04632223418527861
0.06199434235624023
0.04639744790689734
0.9524205818990011
0.9368432824464014
0.9523424201707658
0.03120473073694762
0.02732026516545738
0.02726920719020517
0.8169407377095198
0.8252254455914603
0.8096235019684984
0.8519220434969517
0.8436591143044018
0.8592586638727404
0.09205927197693353
0.107801729216181
0.09373916360420248
0.03776844799783485
0.02119797765498396
0.1021536113142913
0.6178063848076705
0.6030991230756435
0.6012908049497957
0.8276865861940131
0.7952499018735352
0.8576435551456385
0.859174490576048
0.8435713205608387
0.8591165312792546
0.8905437888018332
0.8827594854656096
0.8827137897536679
0.130728694460054
0.1150842308466608
0.1298221129669106
0.09852775360557794
0.09024726449819806
0.1058969242360925
0.07751363650142869
0.07743586315993561
0.09318137000840802
0.03064746784450701
0.02284673434337467
0.02277184936188747
0.9214129678322576
0.9369943423556408
0.9214853485036174
0.9526474479065113
0.9604736153900314
0.9448956312218099
0.05450286140731374
0.04667379161910217
0.05446316180754419
0.8393463067951582
0.8351948457886378
0.8429889366392657
0.8476482411765545
0.8517957385738704
0.8439962194314163
0.7966518186174922
0.8122557140547676
0.7967036849782304
0.8592752546435246
0.874884589549203
0.8593164021763973
0.6872241743418718
0.7027692469312611
0.7028940755469651
0.7811760669978769
0.7968222382097676
0.7655893015410385
-0.2430340828807446
-0.1974129708067606
-0.2602886334246192
-0.4959218485023646
-0.4500125654062345
-0.5136041522507563
-0.427005790482071
-0.3808034135457496
-0.443975798785483
-0.7782520757868758
-0.7158270824625725
-0.7444358519764931
-0.8301757927574789
-0.8783278063760505
-0.8158816490545326
-1.0280517439093
-1.06187799979505
-0.9655811360100131
-0.4401355441337761
-0.4857354943036719
-0.4220895993894497
-0.1869541149896486
-0.2322555432737234
-0.1693607436568623
-0.2593165037567711
-0.3042688698696123
-0.2409131613660427
-0.7573979538408915
-0.7911553136465177
-0.6949637566912963
-0.4455951297629483
-0.493584345647875
-0.4312905740564319
-0.5029262255240554
-0.5508845259313275
-0.4885696270859485
-0.9707335848188754
-1.033200028133523
-1.004497224536038
-0.9806254155688019
-0.8556726111360413
-0.7209329638778164
-0.7833826894939091
-0.7546641172644848
-0.7000937555281104
-0.7625065356736453
-0.7339085037468089
-0.5858140081843064
-0.6482102637378317
-0.619612123556601
-0.4507053397960175
-0.416990850788213
-0.5130216359854773
-0.0883462280367257
-0.08930933392600254
-0.07269927977222079
-0.1179484212687555
-0.121863057670851
-0.1182075805647787
-0.08245690830165747
-0.08661856666109491
-0.07878496933526782
-0.01746026040522106
-0.01839560515004673
-0.05528504739990575
-0.05920155117482784
-0.05552482122498931
-0.01980491470520265
-0.02395592388613793
-0.01612451691271266
0.7585847232509372
0.7629473450824454
0.7551926393499024
0.7923587697490948
0.7889076216759386
0.7908477516242636
0.7891646774248173
0.7769954639863234
0.7728602559923915
0.7806524804788875
0.7628268338651438
0.7472294104392192
0.7529060041988721
0.7547357039911051
0.7549720195354594
-0.1178487544627966
-0.115862208225488
-0.1174794028285641
-0.1056885444034276
-0.08946242816032837
-0.08572812420118042
-0.08117784396713632
-0.0890923323147757
-0.05406754818914436
-0.04961488865715316
-0.05749472321289911
-0.01860883592546161
-0.0290207015778895
-0.03075885660916994
-0.03120794622995929
-0.1168277963069644
-0.1085423773137784
-0.1241922767975581
-0.1279486238327961
-0.128434777787441
-0.1201219665552634
-0.08646106710564663
-0.1021065682083136
-0.08739754575548475
0.5316481638764742
0.5401613452251632
0.5245776014603259
0.5712631816112943
0.6021536104919814
0.5939038275678818
0.6024476968568598
0.5868839753917265
0.5233148860810012
0.5194126331691845
0.5230904477090934
0.5857377179597086
0.5818370161186196
0.5855116446055338
0.5370453122040985
0.5361452962852271
0.5526554273412262
-0.7701809752134047
-0.7372779458112666
-0.6764661606544103
-0.3010158882490289
-0.347216033601054
-0.2843921235237422
-0.8150510721195787
-0.7814866353976673
-0.877627018146087
-0.9837823327058164
-1.031973658449843
-0.9694432511373838
0.5129103753949253
0.5301118034506892
0.4989795875894372
0.4433583108180416
0.4745924213955693
-0.09687826422899326
-0.1418263673960204
-0.07911902522584413
-0.4768552161135619
-0.4955426324524582
-0.5222742437989036
-0.04140232926452436
-0.03310817803678137
-0.0487555415652417
-0.06631073620239233
-0.07413990121111519
-0.06679311839732086
0.7857471367764588
0.7774730989120426
0.7930643137814317
-0.06418811390456497
-0.05512675205026352
-0.07100599335359564
-0.08264130620675603
-0.2161028788798136
-0.2637808157954418
-0.2016570207472927
-1.163187023874542
-1.100702665823582
-1.129450001118573
-0.003676820653749163
-0.01150557729266519
-0.004144299234199317
0.7488478150602024
0.7575819323933914
0.742135477729691
0.7986091339555488
0.8011626612711207
0.7398976927576439
-0.1204392693092028
-0.1274089756337307
-0.1299570772042906
-0.1002593250654083
-0.09197844795924795
-0.1076255979275758
0.6154450912720483
0.6195920886054569
0.598572116511054
0.5903171875314044
0.6059202453194467
-0.5881351933785519
-0.5419647521531273
-0.6056586531707085
-0.6230127825811602
-0.6564860615657928
-0.5606046806139109
-0.6276275568457179
-0.5796473336897487
-0.6420415353740796
0.5223329661851807
0.5388455355692023
0.5076173137003621
-0.3864849691593401
-0.3415494773633376
-0.4053688046605877
-0.09573577342151005
-0.1104898076516856
-0.1122799646841325
-0.3497141868681912
-0.3976377234747392
-0.3353887152470076
-0.1357824615076192
-0.1372657195634514
-0.1274892227854333
-0.07081720891412951
-0.08553364822271192
-0.06266179633442479
-0.04613102355870383
-0.0774189768622446
-0.05150428664773526
-0.05241320729698748
-0.03586316362456241
-0.05389866865671665
-0.0834649855829319
-0.08692383539239769
-0.03316092787578048
-0.04969923497718509
-0.01841768130324087
0.07122972677734633
0.1007652593373708
0.1042317770106226
0.03471791565273036
0.03295403596187847
0.06599200286890031
0.3428366174161356
0.3430359157328147
0.3115522960061869
0.4356526435135047
0.4514263745120538
0.4201631539277201
0.4366512739133581
0.4521753864184441
0.4523821936582164
0.8123381986798841
0.8288310063885286
0.7976189783539567
0.7204540153204073
0.6874529430067521
0.7463207803797223
0.7610269431516337
0.7628322964432138
0.5291117027455737
0.5448855038767313
0.5136421043200429
0.6548755232496185
0.6553366174090143
0.5301927913105893
0.5146815477664939
0.5144533512237456
-0.9291771915241902
-0.9770641033337084
-0.9141329762767372
-0.6779301480981439
-0.692856215132241
-0.7257264132314141
-0.7380849077072147
-0.7857800282117915
-0.7229296714724209
0.5312600470386073
0.51564489736454
0.5156189375232295
0.5309272350348363
0.5153689772896877
0.5152328391103151
0.5936345516790262
0.6092946530923946
0.5780542391000461
0.8540350464188494
0.8557514128179553
0.8228267405419317
0.7222178615171515
0.7239721426142204
0.6909919738889228
0.8470814742873515
0.8488333760905782
0.815872101077483
0.4684272350358618
0.4839828391109156
0.4841189772900204
0.4687600470390774
0.4843689375235458
0.4843948973646746
0.406134551681019
0.3904562429232193
0.4217179517350415
0.2056195371111197
0.2020223201756962
0.2013844959055487
0.1387503287660967
0.1426664836420764
0.1390908826746847
0.1863618047382098
0.1878981657749411
0.1706667522867542
0.1482487114890252
0.1443370085926087
0.1480228818954726
0.2066882747544666
0.2103742908746334
0.210822782864826
0.1620143249324793
0.1611113499989809
0.1776554243775212
0.6224910254273885
0.6382647015980488
0.6070413113024054
0.4370205901716658
0.4214675667350615
0.4213056176917838
0.4059078726817504
0.3903416282190078
0.3902020845856434
0.2792529814827159
0.3105463788991247
0.2795346697843879
0.3281238473586571
0.3437526713137216
0.3281322832848136
0.2803864597599128
0.249070649894593
0.6562232777876953
0.6249913893860047
0.6544387603096624
0.8078532858805527
0.8161090876480532
0.8005024339283798
0.6869323147491762
0.6712371372840122
0.7024518482848071
0.5620205901690637
0.546477774257644
0.5463167692886068
-0.9322095731710462
-0.8991591711477451
-0.9950664230978363
-0.6153069996950287
-0.5527650270575697
-0.582508438714703
-0.9594965699450468
-0.9117108096154476
-0.9747797849509066
0.5625195416403022
0.5781407306509586
0.5781381744782146
0.7621172526008015
0.7916149217369668
0.7950406863371582
0.2098329647045401
0.1932953098759745
0.2245714023830638
0.1251538242315796
0.1337589703443772
0.1180726932159777
0.4375195416406948
0.4531435579399471
0.4531392104906524
0.1967879783822379
0.2004103785737761
-0.8639720260535904
-0.8162845616629618
-0.8793236462558276
0.6093550898856828
0.5937339083226482
0.6093283747326874
0.2741626965318288
0.2723714223011766
0.2236737656723735
0.2154057954698279
0.2310441900302055
-0.4279291938748668
-0.4755699339945538
-0.4132262019272237
-0.1791765147919995
-0.2266313944785463
-0.1645635341837568
-0.2380847047563791
-0.2854295376628306
-0.2232796575816007
0.1842953948188479
0.1853660321100155
0.1529991347171998
0.05465966214903802
0.08596878524241108
0.05578658522664669
0.1798675347630492
0.1809959598382971
0.1485726730890178
0.3560485019615878
0.3395612326186153
0.3708134752964258
0.2240778914330745
0.2075701566322625
0.2388302173097288
0.347344959150425
0.3785959687289306
0.3491018434033534
0.6622084179213797
0.6319977018717375
0.6559614460712934
0.6958536179121741
0.755709910789319
0.781969459266268
0.7879008341508332
0.7521781450428092
0.834660550693043
0.8642023517001184
0.8675201433573143
0.847633318631565
0.8148407131096171
0.8772474665382533
0.7459663489828066
0.7147495161248869
0.7443287796179975
-0.2450676518780914
-0.1974943812746777
-0.2595950694969902
-0.3985743362612022
-0.4939939795665731
-0.4359546222088497
-0.4215295609131706
-0.3881507362007228
-0.2216784702780041
-0.1964747267783261
-0.1817900663782276
-0.02529156237574684
-0.03153853248730049
0.006997720201882746
-0.1944789434635634
-0.1681451098828212
-0.1555305256622444
0.429129896993973
0.3972820875251061
0.4598060792771236
0.4331361543455127
0.4014341881509935
0.4639597284816615
0.3061808046493649
0.3369552145235529
0.3379562758806299
0.9285522375252839
0.8968037485014851
0.9591366218238547
0.9325263853125415
0.9632539496958733
0.9640976086928591
0.8049482097488425
0.8673143057286817
0.8059827231083545
0.5581361543340949
0.5897870758880712
0.5273130493909303
0.5541298969831724
0.5859295376823997
0.5234538700907844
0.6811808046114425
0.6504562758486507
0.6494552144904795
0.0575263853513558
0.02659760872729193
0.02575394973477981
0.0535522375615733
0.08544485757919719
0.02277569647301957
0.1809827231581356
0.2127814796353922
0.1501571632854191
-1.195595339239102
-1.243790728312793
-1.181084508693168
-0.944962221977617
-0.9931278014223484
-0.9305464988831984
-1.002925972911129
-1.051069488460064
-0.9883840801942174
-1.012506816366857
-0.9643237672030616
-1.026897498726995
-1.166601753818014
-1.263021841679336
-1.20533880799714
-1.190959210774619
-1.157122149656717
0.8242156961972242
0.8554177461137575
0.8257415792014965
0.7678430938871492
0.7054169812299662
0.6993719827905766
0.6978337996670397
0.7305882093603168
0.09737598958872354
0.1286694422193348
0.09871732808722911
0.04006294689831507
-0.02255701892878263
0.002118418241370601
0.0347766575931175
-0.02783918717998855
0.052363433591045
0.02105064452057726
0.0511943635179774
0.1102126194026064
0.1728027141354801
0.1775680970675902
0.1787248745578052
0.1462739372771273
0.770797868673449
0.7395874512740148
0.7693260848558325
0.8896551530344073
0.8911584029082886
0.8584577663601504
0.8956017875608575
0.8644064645611247
0.8941319387022849
0.7667811290790515
0.7355793761377531
0.7660426364669872
0.8943073508203743
0.8936392892225368
0.9254787386093444
0.7376931527488273
0.7682068844996274
0.7695636221212603
0.1707121399390824
0.2027872359710561
0.1401751826364525
0.08045386725023214
0.01779287572098641
0.01488382516607092
0.04621506982731251
0.01563660193774039
0.08180735079096825
0.05047873857359982
0.08113928916482804
0.1416675800698457
0.2042811288800434
0.1764101538062636
0.1444471361935501
0.2070636220932673
0.9871375700274897
0.956644289273321
0.955292875832442
0.8291675802598714
0.8276751829784783
0.9523838255247449
0.953136602215872
0.9212150701708799
0.6343226750148406
0.6385864265115004
0.6308004175075643
0.6697509853823789
0.6654391660706096
0.6697187819710568
0.6619375739598794
0.6965285043069182
0.7008285702166938
0.6930534297883787
0.7313911931030324
0.7275826600765043
0.7319091802852351
0.7241423757712406
0.6281838854378785
0.6300196933095937
0.6302473416542654
0.6593747682770998
0.6612094235747283
0.661438544675359
0.6371222645046052
0.6366661520793703
0.6449219372885099
0.6905589454297475
0.6923922673439395
0.692623203035805
0.7217361634382503
0.7235678834135184
0.7238011303504621
0.6995108250936897
0.6990480449653178
0.7073080514203597
0.8407123127231789
0.8430105076862648
0.8391827154884037
0.8485928134106737
0.8558689735554117
0.8556079304909525
0.8579111421842895
0.8543101465209618
0.003703518924221519
0.007625867014824788
0.003735541418009554
-0.0003950548921124833
0.007402185784052434
0.02327322731123622
0.01543696074922554
0.02322065496039025
0.9996049451084829
0.9918666203032126
0.9959230414189547
0.9978845158143822
0.9939955382392768
0.9762968969811755
0.9840827784605505
0.9763456549609489
0.03370004759106068
0.03193198867834435
0.03154757748488024
0.002348340915663466
0.0005929951237652054
0.0001810829130029779
0.02380052863298393
0.02465350560954402
0.01592874763562205
0.002986168693936725
0.004827599749777589
0.005060521021219067
0.034308955414868
0.03615105886903919
0.03638174349834158
0.01198001636644971
0.01151503729121919
0.01980807010017516
0.984312615047528
0.98824780395659
0.9804414867523931
0.953125
0.9452798754417998
0.9763982273118857
0.9764537957132979
0.9686048137048795
0.046875
0.03902248964808187
0.05465487544199963
0.01556261504760879
0.01950398675253035
0.01168530395669457
0.03893275327787647
0.0389785181773477
0.03110481370459043
0.8520615270122681
0.8521994718889955
0.8501167234523427
0.8434979614819584
0.8356992624558204
0.8349397903650121
0.8328650351786947
0.8367585962484716
-0.1132766552802224
-0.1137786646348041
-0.1281325556291263
-0.1300906457528215
-0.1282691237696316
-0.114548983038927
-0.1127178024290396
-0.1124600995876334
0.3717910631107735
0.3563342646149751
0.3559651510980146
0.5779889986775996
0.5787457247275628
0.5467530082361117
-0.08449672129761443
-0.13179720263705
-0.0698240413970086
-0.3625334855665012
-0.3151635646355944
-0.3774720196655094
0.6154106727492912
0.5835631438537219
0.6460158610495365
0.08309096896006674
0.0837062672087697
0.05176137648190029
0.2083505117061974
0.1457324833846703
0.9025446107811212
0.8713748805295745
0.9021692029245121
0.734003792874543
0.7638521359150308
0.7395126943025743
0.1979056735328003
0.1666045354827604
0.197034910376813
-0.09148086378659076
-0.1314176803755756
-0.06670064258073796
0.2682989288446497
0.2675940071703427
0.2995863076998645
0.6802430668260881
0.7114640558823386
0.6818909433050624
0.1238232001469127
0.1227680241697911
0.1551250905550121
0.2770688204502694
0.3094317575858071
0.2468732884393194
0.6102544223669013
0.5775176455375687
0.6399741934177953
0.1626303732713013
0.131340365560925
0.1613008258145679
0.2678667907676031
0.3003410561521161
0.2377861257822949
0.7169674042295793
0.7481794786246594
0.7183584699512837
0.2327347050890262
0.2310208545641124
0.2639956682730333
0.1875213165040246
0.2040400003504285
0.1727774094267813
0.4133509923647565
0.3821019696617526
0.4116018464298362
0.8211321130188839
0.7899255496857898
0.8195746445635574
0.7587155433665146
0.7275020272992966
0.7571572584521589
0.6124516113875064
0.6494526584327313
0.5889123103680459
0.8564975739068034
0.8868585543873422
0.8884827824414158
-0.01357495138411213
-0.01930408283397891
0.01868540605174726
-0.5563903617362898
-0.6188572757837263
-0.5896412453326547
-0.3115132647974841
-0.3592975325224022
-0.2971057430671609
0.687045325496103
0.6956755317573289
0.6801602108096853
0.6527212807541261
0.6683190280427173
0.692174954164955
0.3040333468993718
0.3358809040852679
0.2733080227654045
0.7425579365795972
0.8038406971072797
0.7138070091251555
0.6825982581510706
0.7133534453533674
0.2137057940477745
0.2141398496571729
0.1823958723885176
-0.8486921953327176
-0.8968163146766714
-0.834270553457211
-1.224714680733902
-1.176547587327116
-1.239328399968001
-1.460813618568297
-1.494611696069399
-1.398210070499371
-1.080175551573055
-1.128381421902443
-1.065827547530011
0.151649431024485
0.1530643728527543
0.1203622116233713
0.01750348414125304
0.05001145270409506
-0.01261672881231649
-0.08196873845263428
0.8353898584222346
0.8399266034939377
0.8323467462246087
0.8152194796637341
0.8170418872681082
0.817290302539988
0.02308186286387996
0.03091991939698585
0.02312595270237229
0.9761250860796477
0.9683385808415503
0.9760858827594792
0.4021461535491477
0.3697829113174593
0.4323021094090779
0.07097393694450715
0.05525934894777879
0.02763584079984677
0.0432905246027272
0.9452066759499259
0.9451675263254992
0.9530083032125169
0.8955909689496884
0.9267613764769547
0.8962062671851215
0.6249891659018544
0.6335554038597799
0.6180048809539213
0.6215219264157852
0.6137212589089212
0.6210670926554123
0.73023070663687
0.726099704044352
0.7338940348162533
-0.00679235214136481
-0.002420135969132708
-0.01027833068325218
0.05458167595063265
0.8569072761260889
0.8527686206150855
0.8605660388328972
-0.1333470542640103
-0.1354332942968081
-0.1315180369750066
-0.1192319636055902
-0.111083538238827
-0.1177354096263645
-0.13865025737111
-0.1400113295241586
-0.1303645767349504
0.6128321414219147
0.6433679709779425
0.6447268098648642
0.7071568591576425
0.7057989289420344
0.0421985951387016
0.074358553503548
0.01170572780949146
0.07598278188912787
0.07677010116564276
0.04465814738562526
0.4239726341176457
0.4545082621567985
0.4559370207127566
0.266871962859679
0.2661328946645104
0.2981588823823725
0.2446869968732863
0.2134009366159739
0.2435721501823846
0.455564922381069
0.48680939699584
0.4570501235846509
0.6756824404833832
0.6459336912022833
0.642976110842187
0.3929394517182005
0.3604648786786213
0.4229828930838728
0.2028653034158476
0.2329094401313247
0.2353747784775139
0.8715868659506688
0.8389769288487691
0.901367275208485
0.8361152716759008
0.8673133816166012
0.8375519017006385
0.8210419178597803
0.8522308934840451
0.8219279572491116
0.7957121403906826
0.7637261134356582
0.8261155028327154
0.6678599285353392
0.6637317001095598
0.6715290124602982
-1.128391860054204
-1.080251085107702
-1.143032029178793
-1.422115227877827
-1.32570548661355
-0.01503847946996525
0.01775422150926727
-0.0448493464492831
-0.03055522505913642
0.03205861575139968
0.09370674084396476
0.1014997288605212
0.1015438795394629
-0.0910305119475745
-0.08919450278857646
-0.08894736415485285
-0.1022851925048123
-0.1062015323701789
-0.1025367580136187
0.8086563396634328
0.8008601782451706
0.8081681271836595
0.8242505805041657
0.8320488173977904
0.03867585247210801
0.03863693876874467
0.04651164810492937
0.9606308981042863
0.9606732941486703
0.9528404008140657
0.9685084462068652
0.9762509527025399
0.03079532058978868
0.06722858762397807
0.04282968764096204
0.03868501830495474
0.04651345436396948
0.9139285194603342
0.9295306446473388
0.0388866801540939
0.04675830321293137
0.8023005338877293
0.7949729662149589
0.7940233016927086
0.8549423796602937
0.8507851978530432
0.8585820375584158
-0.1127831702275966
-0.1211019459488365
-0.1282944844157408
-0.1258384982706116
-0.1298747576108428
-0.1341930842952288
-0.1291700331988599
-0.1375111407641004
0.1405252546455051
0.1404776013841577
0.1561640947711282
-0.003413085809883268
0.02929175701865916
-0.03332000726677625
0.07015564464908074
0.06232975399817169
0.07011996157280957
0.09346680836777764
0.101327496111989
0.08567179925293457
0.09359593881567796
0.08573910463023131
0.1013896276278313
0.3364229366193984
0.3676825654032579
0.3378625105707718
0.2170312696707852
0.2156276527344651
0.2483071738334045
0.2113459962442841
0.2426210113494653
0.2127848048527938
0.5429780233195671
0.5117389171148167
0.5416983504337259
0.600248218518588
0.6626977533032279
0.6678908388610564
0.6691567300858615
0.6366692100735892
0.5650011832234214
0.5406877594023968
0.5279602214016914
0.3760386824443448
0.3836577213448496
0.3450228802110826
0.5373032577774547
0.5141018535708456
0.4991630557597753
0.5625213301605662
0.579027421628634
0.5477900251554364
0.4375565775794257
0.4522910981508
0.4540654845982678
0.4964800544226377
0.5129923577129163
0.4817529106762586
0.1429169448041827
0.1741984294626389
0.1444007203004439
0.0117157075614733
0.01324158360813395
-0.01958224088993883
0.1368719529583809
0.1681521692583528
0.1383994448660636
0.1667802379281847
0.1350346310565373
0.160589387544776
0.203503681739216
0.2663792568962924
0.2928296765713402
0.2986555608558621
0.2614520318476612
0.4410919535349711
0.4245874758426163
0.4558334119847416
0.5330559624358459
0.5660598065069007
0.4758429505664948
0.4740939509075518
0.5070857991441126
0.2903323135509766
0.3139142539466915
0.3288792623871688
0.4792802308206804
0.4730893835513593
0.5100346217751137
0.3179747029138212
0.3427158541285915
0.3553296754343096
-0.1123085932907724
-0.1019028683032244
-0.1442664873079924
-0.283983637316495
-0.2728330824915335
-0.3161464611196569
-0.1559782828865431
-0.1447664544889065
-0.1878805363566184
0.2709789102888966
0.239708153816183
0.2695053415327958
0.3900611240822425
0.3915685095865519
0.3588057309526305
0.3960241578096526
0.3647684887735393
0.3945501762413686
0.2524465526275645
0.2198025114204798
0.2823512873457463
0.4018061933568389
0.3705502937499606
0.4003781353775485
0.4074000274727476
0.3761439142978929
0.4060196315244623
0.8472766907721913
0.8784708275179074
0.8486171549693718
0.7901657902222463
0.7277514660523845
0.752315280318494
0.7848759850643086
0.7224587598338663
0.5975746777321468
0.6288019392940878
0.598917715297462
0.4779228723493309
0.4766172057089513
0.5091664136717621
0.4726242974418124
0.5038681093274053
0.47396776781851
0.5863921250053201
0.6176209784555801
0.5878314605053033
0.4671271335919632
0.4983711692697258
0.4685196048659079
0.491231190978055
0.5239228620883969
0.461438269569672
0.3476077340505371
0.3788680923366441
0.3489510368309635
0.2903714588126007
0.2278200386394121
0.2850746099956878
0.2225249506846319
0.2929431599928159
0.261669191961054
0.2916637897012818
0.4127987719354392
0.3815424407745271
0.4114678202179634
0.388005613455575
0.3554780435225881
0.4179954521264485
0.5323838079201995
0.5011439471880819
0.5310035853742976
0.5892591442761155
0.6517121356174168
0.6573024974142185
0.6586698735151568
0.6260789655267552
0.478501458799854
0.508860524070389
0.510621012846287
0.637251444988879
0.6388809687563413
0.5139473326989942
0.5131403557237409
0.5451890398927114
0.3267654085767387
0.3128930350463734
0.3573775066864632
0.319670073616142
0.2582322498057827
0.1868398321259997
0.2207576932431536
0.2958902931068348
0.2638146065785849
0.3263809682677741
0.3855994746809798
0.4481210125978924
0.4514473325805661
0.4201890396611437
0.4506403555770382
0.4068876448165908
0.4153783337148286
0.399764099435018
0.4471091302976621
0.4782201514553566
0.4693049716868747
0.477801324748159
0.4622010689311283
0.3942657756674663
0.3979483468011104
0.3983940670727683
0.4567399129462693
0.46042034992318
0.4608670969412686
0.4121189476737588
0.4112254371391578
0.4277393027388955
-0.3068634667163812
-0.295330432728912
-0.3389906392556858
-0.2714034552313163
-0.207828415372371
-0.1789748155513504
-0.1673827787695003
-0.2108530146494932
0.192559372853917
0.2540788185206292
0.2417069890273069
0.3030726926207357
0.3601418784582733
0.32953902654401
0.3460554709232353
0.3301075300588122
0.3385437320858301
0.3229142024110486
0.2681930728879716
0.2645878674518505
0.2639710668773693
0.3116799366449238
0.3131377490474174
0.296035768725185
0.2692399166889208
0.2729252955409566
0.2733718580331972
0.3322116196279655
0.3239514670732417
0.3395796971450442
0.287108310892184
0.2862139068094378
0.3027393021648543
0.1885386401989918
0.2200228524800161
0.1961576939917798
0.1540978932150005
0.0904602252199756
0.0856509525057513
0.125287777528222
0.06166299046843485
0.3244996881402193
0.3229601205053257
0.3557585364841273
0.2054761349383836
0.236750182286508
0.2069604340862706
0.1994287801365956
0.2307018560321459
0.2009568101480474
0.09636527196942371
0.09457973716899809
0.094233352063267
0.06503837299439472
0.06326050292269911
0.06289739381449291
0.08668040275041908
0.08744767494443254
0.07882806148192695
0.06562477221426741
0.06746733331633264
0.06769625375169167
0.09693388261374147
0.09877674873795389
0.09900423131266156
0.07459628328474732
0.07413875644101969
0.08242193863096664
-0.05065191691341125
-0.05112955811599945
-0.06543865065520887
-0.06739752793553277
-0.06555940113324774
-0.04976877004006514
-0.0517273904633252
-0.04988821170112115
0.7882033118570682
0.786135310728399
0.7900301351348352
0.7696775786095539
0.7726216592666103
0.7705546643668749
0.7744500087410209
-0.06485388957727903
-0.0626298736038986
-0.06656111256459307
-0.04720550609583526
-0.04912017930039206
-0.0469134308976254
-0.05084134973393745
0.5720283710623287
0.5762698948934321
0.5684761483529404
0.6078017311966097
0.6031850165861703
0.6074362255580653
0.5996460356542537
0.5696831913437707
0.569908731663306
0.5657823251959216
0.5969863837166544
0.5988232058234793
0.5990496494056168
0.57471275043109
0.5742610870273549
0.5825151448915078
0.1544674088342776
0.1558584722949715
0.1231794840542439
0.6079626106353938
0.6391882624168368
0.6092023612596688
0.3600062817391639
0.328985232030923
0.3516065373101555
0.56016366163704
0.5750677655080101
0.152277263838866
0.1077602816698735
0.1696441423138252
0.2413326462428025
0.2727722042643643
0.2464825106208839
0.06500119570718529
0.03917114654081141
0.02641232349491643
0.3904889984696733
0.4217530080918211
0.3912457245678326
0.4063099768109787
0.3750611079139432
0.4045333232312481
0.5589522324494469
0.5424393396667506
0.5736716873536966
0.4585241044086517
0.5210091109227113
0.05053307970440563
0.08329788191361873
0.0207073493202778
0.008632097482915033
-0.02266487282394884
0.007074622586548535
0.4205157731330907
0.3579980294396122
0.6042705092843734
0.6059920402046035
0.5730356403233023
0.4907088037388632
0.5215151493815573
0.495918661854464
-0.198035218649212
-0.1762941283690689
-0.1557523353472598
-0.04860747373421392
-0.01686692943473245
-0.03817736315089393
-0.1196740160936944
-0.07591314404537647
-0.139183266042711
0.1308683674556997
0.1638872286888239
0.4510428806256107
0.4674261191288213
0.4361796926718169
0.8824530560971583
0.8499450887180187
0.912327173497204
0.7197374498198645
0.7821561451488097
0.1978295216106474
0.1678211429059582
0.1652514763338865
0.7141494343024388
0.7127227727834903
0.7453622068379316
-0.02669238938917459
-0.01933455929178504
0.7614083031987463
0.7572748226627486
0.7650677122667123
-0.03829031674321082
-0.03386990223017775
-0.04174019216892372
0.6034586906233471
0.5713392951948277
0.6337968137149075
0.6708902935332579
0.7028769080547785
0.6404441537952088
0.5003888231843858
0.4577213437511026
0.5185574204119351
0.2926322340218769
0.3247514442468004
0.2621859351450417
0.3882476559834882
0.4054299007043272
0.3742018582995672
0.5627879720634387
0.5713146126532196
0.5557403738283809
0.4736966570651826
0.4654415711347095
0.4810561169873559
0.3808742569593045
0.3652499310281785
0.3799811962312567
0.5278909417110909
0.5434996438369146
-0.3746130781564578
-0.3947106538932065
-0.4189449293591493
0.09866973289750747
0.05635922993136022
0.1191529986667431
0.2588823087389882
0.2604320887768455
0.2276132639915566
0.2505549710288762
0.2590760648448038
0.2434263280314641
0.3429518642496244
0.3585794722934186
0.3444043325712693
0.6302872684582871
0.659762871367125
0.6632652799232075
0.045679406683171
0.1092751836145978
0.3487311956040023
0.3404715257834581
0.3560980178788254
0.05606416744735773
0.06037507361288108
0.05253128544399491
0.1023798773528295
0.1102270737502522
0.1031313266998834
0.1215452420101583
0.1137212561337009
0.1210915676068542
0.7960309917432817
0.7895001006324847
0.792581916381434
0.7884444054365547
0.7962360929775913
-0.06987497144692184
-0.06538070839193391
-0.07327448964574826
0.6054665711893871
0.6013395686491698
0.6091399189436245
0.02812166883293377
0.07266535975696831
0.01038193049466618
0.2406839471462806
0.222955194207172
0.1965872851653226
0.5972965275685632
-0.07009105839184149
-0.1018849278715328
-0.08113578305475133
-0.01852808362111324
0.04409504461113284
0.006333286089796941
-0.02834401348531457
-0.02650357931438713
-0.02626770152466965
-0.03961980704595602
-0.04353599262757438
-0.03985735061589527
0.7740575255674762
0.7784428469049112
0.770697679299039
0.7384944370846916
0.7458200984882181
-0.01559661512117896
-0.02253373737482195
0.3981425145905337
0.3541091886397876
0.4152269158747902
0.5673613536119733
0.1054420905623196
0.101301971037921
0.1091273824085989
0.7789526665263913
0.7811441193423494
0.7772612358229194
0.4729557762668172
0.502606153508901
0.3479557835481434
0.315106163981634
0.3744063098718177
0.4369063017282212
0.7343533284428989
0.7343686553598663
0.7187342118900615
0.6717652616532198
0.671803010453577
0.6561489673885621
0.7342193732820198
0.7342630308462013
0.7186075461243981
0.2099022723345255
0.2394999145535125
0.05185997739815677
0.1110590552098971
0.1736032773467343
0.3053509159606617
0.303691319553819
0.3366082235974323
0.4287027820305918
0.4616082279568141
0.4336538384707123
0.371153834099395
0.0006282349325929387
-0.0003953510001654947
0.03195094404441533
0.1248635656441264
0.1571917704975289
0.1278947960169536
0.0652726245957813
0.9059268551505627
0.9360661182035122
0.7811659191282695
0.7489220699427975
0.8091979687558719
0.8715810732203011
0.1372234464346988
0.1667705243402929
0.1702047155565665
0.1320345450559063
0.1615532352734491
0.2275666888334515
0.2440637155914483
0.212802683437181
-0.1267399589348116
-0.1578946984279712
-0.1418084520600906
-0.125346681514157
-0.06325581385520573
-0.01854760271681233
-0.06454790480206607
-0.00250472295066928
-0.549741676758999
-0.4865844470819949
-0.7682012200113634
-0.641755817534456
-0.5476599604097664
0.2921676871504761
0.3102850807874333
0.3353735071170132
0.5056344927779346
0.4939220427232617
0.5360064794117028
0.3835248631813404
0.3528377748224754
0.3717546568768328
0.6405957336535184
0.640567195156718
0.6562151064442673
0.7031293980487792
0.7031258436344864
0.7187526945201318
0.625014072638362
0.6406309192086582
0.640634933158102
0.7493506514531396
0.7648606586903437
0.7650361392309675
0.8277296143740918
0.8121318510568414
0.8276590721873147
0.7653260822343383
0.7652614205680404
0.7809300264323469
0.1714796143778637
0.1715459206616814
0.1558251915958717
0.2337861392374877
0.2338663607501125
0.2181352761564436
0.2340760822388917
0.2184300264368028
0.2340114205730541
0.8372406604150111
0.8454994296282066
0.8298965691635776
0.7913367021834712
0.7748140289362658
0.8041827410589204
0.8115189863696914
0.8124507856257601
0.3280152616566014
0.3436489673917233
0.3280530104564803
0.2656033284444815
0.2812342118916385
0.2656186553609104
0.2654693732856544
0.2811075461279861
0.2655130308493263
0.9439497709884738
0.9448657080231344
0.9127757404514684
0.7889452856467507
0.7568268356824246
0.8173394617209293
0.8797155282392662
0.1639452833659588
0.07001340485334609
0.03777573675999353
0.1298394568230757
0.1377189911977617
0.1067969080882821
0.09101920206524083
0.02922835271197599
-0.04765968480926619
-0.01675737660375354
-0.06334739320016958
-0.00143974238753275
0.0122646908850077
0.07404807346144904
0.1372496695311908
0.5314049814172511
0.5011901389530566
0.6563252940767111
0.688569729369942
0.6281391401813134
0.5656798624586492
0.9381282165474459
0.8153948078868836
0.4665302602398602
0.591479934459208
0.6243294642440597
0.1719084255675017
0.2048708327194274
0.3299129546622273
0.3134377930233539
0.3446928713446298
0.2378222814552345
0.270762537832269
0.6210795985699075
0.4928509098574757
0.5553272801973117
0.3415302531603321
0.2164799443825981
0.183579600761882
0.2428272869281202
0.4582793383020775
0.4747369157331528
0.4434925481782568
0.3332793335792639
0.3497425423036932
0.3184869088894576
0.3924181969284367
0.408887986019251
0.377637983892297
-1.629662678694904
-1.644069854216057
-1.677780539690843
-1.764276724813024
-1.716220743997802
-1.778731259103863
-1.538295613172242
-1.600833181711838
-1.57197768927268
0.1984239947185095
0.1673403788684018
0.186602658080184
0.2120882173976238
0.2738500360236868
0.3220883318021044
0.2912714800989855
0.3102961639655266
0.5226552953899714
0.4925564690650999
0.6475802955424197
0.6799430888159773
0.619744532706103
0.557282911450242
0.7724302903491845
0.8972052920960857
0.9295273571977203
0.8070142572730267
0.9272332276137812
0.7400680813743348
0.8001213276930907
0.8625114654052131
0.4902541266066653
0.6128410634756268
-0.8154445772798525
-0.7521410454056489
-0.736542515858147
-0.6735786163523144
-0.6100492826837841
0.8105192752581951
0.8066388125413945
0.8099404095623044
0.8264166452150223
0.8260241057499609
0.8221512049570951
0.8253774605865003
0.4991198241026181
0.6219317594096982
-0.09578680508960979
-0.09972386549873638
-0.09639569212005522
-0.07896905037625615
-0.0800551258489241
-0.08398614572331181
-0.08060888489097401
0.5096696425519909
0.5138977708456129
0.50609793396559
0.5456667528042909
0.5408562188379151
0.5450900848392083
0.5372932183722542
0.5035785904743
0.4994519975578026
0.5072570992106837
0.5345717303511897
0.5364102714884302
0.5366349139949682
0.5122807966083018
0.5118321016146318
0.520086052146051
-0.1130437754665276
-0.08004087373492146
-0.1182184402679264
-0.08866667369257679
-0.02434554822170799
-0.02088507194618065
0.09726291206437049
0.128531041778558
0.09901856675667546
0.1076630295010768
0.03821707541259005
0.2212665914292139
0.2254882741965583
0.2176668022434805
0.1899700117603207
0.1941993144124348
0.186375782064807
0.2121145702594888
0.212794649628594
0.2042840789065617
0.1589891594963209
0.1571929355333571
0.1568704325033602
0.1276819687750698
0.1258904196203254
0.125557389430845
0.1494396070971677
0.150153357291067
0.1415999096160811
0.12823637763535
0.1300794203754649
0.1303057279415978
0.1634438539937011
0.1636691739301872
0.159532319699126
0.1371921837986163
0.136739565948108
0.1450151411553525
0.1910463597830692
0.1869109091704602
0.1947324451157934
0.222328590180065
0.2181945989347299
0.226014497731828
0.1997659395131797
0.1993166186831957
0.2075860504628022
0.2968793980493249
0.2812526945206617
0.2968758436355471
0.3593457336556274
0.3437151064465563
0.3593171951592027
0.34375
0.3281327667478673
0.3593849331585419
0.7601182740823695
0.7766368366341003
0.8390632073480379
0.830807718038274
0.8464106560127498
0.7940506805178654
0.7931502370419521
0.8096579039773492
0.3577635958686481
0.3594697950838819
0.32651011792694
0.2344396889294253
0.2014711419708233
0.2605582061245224
0.2770501295959188
0.2457910536303207
0.8074325440456224
0.8053632358824205
0.8092563504891815
0.82300568608407
0.8209342778066728
0.824826384248499
0.8118189422655113
0.8115726333042159
0.8157146489188901
-0.09886927964994943
-0.1009548177853369
-0.09703444584286788
-0.08319247175757813
-0.08527490738036625
-0.08135553770559661
-0.09445207947971601
-0.09470076739474295
-0.0905353445250231
0.4624388106665855
0.4948021094751843
0.466814825924039
0.5057785958686631
0.4432921124200941
0.3118935544765689
0.7338323340576308
0.7339107272829744
0.7182278078782318
0.7655271253094342
0.74991402697383
0.7654862031601295
0.7851786574726257
0.7549427194988461
0.1802914128922595
0.0780892619644722
0.04850206904280796
0.6520688100717055
0.6821869725540207
0.7769141212450696
0.7677214673488933
0.737712856834194
0.611641754267054
0.6440658511116845
0.3906050898872971
0.3905783747346319
0.4062339083240265
0.2277724943298784
0.2355999057973338
0.2284464468319557
0.4966691900730064
0.4888628390504443
0.4962210497232207
0.06120453884749313
0.02988777137769887
0.06015023853706965
0.1601786524469694
0.1904966198359321
-0.02969158013491555
0.002630115611155993
-0.05912791091773735
-0.07565229798949819
-0.04436400112553313
0.7467953733461195
0.9661866988413119
0.9339446818346608
0.2853427131594108
0.3175873019226765
0.2550253308724418
0.1910598444781964
0.1745468983147752
0.2058091144418787
-0.2033866058632323
-0.1569697160862514
-0.2193274004670163
-0.05525789048270069
-0.1176676274990407
-0.08403756963928155
-0.5197912805787583
-0.613036048776491
-0.4235634621647543
-0.4539537773802544
0.4147976259843989
0.3716249253890574
0.4327451127645318
0.5285109518802562
0.5588490171524713
0.539660628340403
-0.5787962920140706
-0.5315237498066379
-0.5943697127866372
-0.09482254213489827
-0.06383821161362202
-0.07904920164312501
0.6093870508664465
0.6093868427449518
0.7960541623343073
0.8116481630709311
0.7961455396748086
0.8278575850171093
0.8434571996077722
0.827914401343376
0.7339837583842246
0.7340512855591134
0.7183773144198282
0.140016982762952
0.1399356390908267
0.1556764775150663
0.3122241743468002
0.3277989893118906
0.327919627270113
0.2029018186210449
0.2028443964212673
0.218546179817449
0.7592048513458074
0.8353933396039934
0.8271243519184325
0.8427274124844568
-1.403252211423618
-1.369435979810976
-1.465827069465189
0.8271507057685996
0.8250778289049938
0.8289714716637689
-0.1016544056480437
-0.09702221297851496
-0.104976528920404
0.2343393015425485
0.2499716864171953
0.2343592370890016
0.8747522080528379
0.8600379545040643
0.8582601700794631
0.2966440755514915
0.2966975728124319
0.2810043639881973
0.1313344776274149
0.174604069833392
0.1123583289698759
0.8834145160868522
0.9145928557546619
0.8842996268049468
0.9741875486951295
0.9420709250098842
0.660342714350569
0.6905780656960893
0.196148112301055
0.1335419158507168
-0.02581245593092711
0.006449767109855117
0.1992899945624856
0.1683035199426557
0.04026358991408274
-0.005298316418375859
0.05669686177907129
-0.3283875290787948
-0.3750682441428771
-0.3124279560281011
0.4709552933810873
0.5032002322814653
0.9703084160428344
0.6307108183208811
0.6619354181957426
0.6322808875753877
-0.04704896938544181
-0.01745929220680498
0.6177914188206269
0.6490188520670966
0.6194402187556723
0.4878440432834807
0.4713800353703373
0.5026221332855902
0.1964525965119875
0.1807863499285347
0.1565379677262214
0.67691925925046
0.6752436798288013
0.7081412312706716
0.2834619358019372
0.2720197026200877
0.3143293829441207
0.1528377465434992
0.1684819029963192
0.192395293784566
-1.518728742208265
-1.422708520374851
-1.547752077868743
0.9618294328517922
0.9572436530363834
0.9248832773536134
0.4530082759583343
0.4830157739921985
0.4854828854894465
-0.8309508666107043
-0.8467940300234558
-0.8784236355906058
0.8048969577219682
0.8093452597241602
0.8016351278836471
0.4578342900335852
0.4277541277972745
0.4253959910568558
0.6558680409833342
0.6403229212552785
0.6401811440041223
0.5004863832658176
0.5089895685781977
0.4933974986395432
0.5430496202320831
0.5389229202733719
0.5467263531365919
0.006937736384903928
0.03647219250899644
0.7003845391035606
0.731609914506121
0.1188100125057286
0.1230835382722553
0.1152487412113018
0.3230713172605127
0.3065787748025456
0.3378330237935511
0.8040275612481925
0.8001318540356115
0.8037832427091053
0.4366198249704012
0.4344901985043146
0.3119323147556896
0.2962018482919396
0.3274871372905586
0.6716696272658559
0.6717206567750726
0.6560554325380574
0.4748531806760822
0.4445363034845463
0.4426492570901593
0.6728747680975566
0.6416540240302808
0.6716488603053641
0.689987143814042
0.6883874809358258
0.7212055790735885
0.7793390210796087
0.795840947360561
0.7646231735407604
0.5452346953192403
0.5435208523084369
0.5764710802591061
0.1884894713747506
0.02730398675394641
-0.03471622766254279
-0.5316509053141737
-0.5007536039383774
-0.4852939826176538
-0.4227383897022728
-0.453346619432843
0.2493506514602103
0.2649098732144299
0.2650823340641936
0.2466811179383157
0.2388628395309441
0.2462334667052122
-1.442034558764408
-1.413227493413195
-1.345733777984272
0.8555695000589806
0.8473171030513564
0.8629181972226747
0.6555553787031794
0.6259397824481137
0.4549129549719088
0.4384428732166336
0.4696877924430567
0.1814812357131333
0.185730677350303
0.1779026480493298
0.168031100692877
0.1638945539126386
0.1717168944162852
-1.768897617134285
-1.797861192036281
-0.07095144158323718
-0.074868179851135
-0.07119403757133133
-0.0790292826324891
-0.08111060078309909
-0.07719241783192798
0.2305960499193918
0.2264624064691043
0.2342816293942528
0.7164518522061031
0.7006914863403632
0.7318950413132804
0.7487396389143638
0.7177611985495893
0.6546141375384017
0.6388667620444044
0.6700836028590202
-0.03377614992147093
-0.06345634879990492
0.1242778534517384
0.0649207104489835
0.002340802129847067
-0.2424795611686385
-0.2651961684661331
-0.1137236912464661
-0.07195933713114527
-0.1172918804446198
-0.181780566544858
-0.03519974700580969
-0.04885927306157872
-0.05404132435491765
-0.1439057460530123
-0.1495991536020164
-0.08423318213039888
-0.04596887145584705
0.3030328670528699
0.3249350110288001
0.1780326953239194
0.1374345125828766
0.1813065485387285
0.2438063782513701
0.6325218372855836
0.6527765043817881
0.5112780060430769
0.4707983307474652
0.5112031836117866
0.5719309765647713
0.09372328467762736
0.1249913763210044
0.04413454708474426
0.04233141559655651
0.0883398665200644
0.1214155447756163
0.762345958319627
0.7473932027839801
0.7597604591135024
0.7935942454877439
0.8232493239022332
0.8217197314984014
0.8242591324301289
0.8069256913416647
0.3099245602164268
0.2941113700697268
0.3254010460089843
0.4350308931829961
0.4192306585493493
0.4504939311330145
0.3731128259391565
0.3573256524758313
0.3886022606050439
-0.003679242151423151
0.01105504783930542
0.01285987415913606
0.09549793462165412
-9.643128196815121e-05
0.6842254665814145
0.7000119386247345
0.6688013583680371
0.5593306021559222
0.5751305008755422
0.5438937083161108
0.6522352745599956
0.6526329326271239
0.6210144266169547
-0.1384373786809456
-0.1767506704328494
-0.08140404909391155
-0.08398954336021985
-0.06510680417937811
-0.1660627103557067
-0.1522109113939682
-0.1470302769013992
-0.2497508736490146
-0.2340863695370442
-0.280924724493216
-0.2357158189937038
-0.1735781618670253
-0.1407633782784597
-0.1874976080818297
-0.1253623744336674
0.3015978500952038
0.2709449651326946
0.426691776737626
0.4585867894437862
0.3347341456222245
0.5488924749973769
0.5702087539158771
0.4266422026532926
0.3867520992767428
0.4293391721419154
0.4905403958937625
0.2229023206885827
0.0977949623878719
0.1868294667634796
0.01382394327297826
-0.008160375710583256
0.1086570112372948
0.1499314194551953
0.0742515197947996
0.2651116513652405
0.3888239833636075
0.05164182177677018
-0.07610786138706704
0.223938060125044
0.3272984452084496
0.6723018049592711
0.7483390609094703
0.7444484706484932
0.7478922242439491
0.7652945488592635
0.7634285471318079
0.7656075430401872
0.7617217864172516
0.7451142751473104
0.7430487461159716
0.746944533845976
0.7586310877383313
0.7587494702552132
0.7566834143831639
0.7494815902830103
0.7492458884373658
0.753378252176777
0.5600308931761471
0.5442439311274984
0.5754806585403247
0.6849245601980096
0.6691510459907298
0.7003613700490533
0.623112825928931
0.6073522605953843
0.6385756524637424
0.2487396389253556
0.27979652373887
0.2802611985585585
0.2479529461504146
0.2789518522241547
0.3423755232590319
0.3110893126908024
0.3421141375492044
0.6860555196350137
0.6821608038179005
0.6856707868168275
0.7034287527585983
0.7016323926268343
0.6977384848791002
0.7012353035788671
0.7172056411679846
0.7133126903907353
0.7167944059781977
0.7344034082139118
0.7327747978155693
0.7288829292575032
0.7323472082071469
0.682763540558788
0.6806995245852033
0.6845972171446436
0.6983539143395794
0.6962896228952428
0.7001868641440263
0.6871225101729882
0.6868918850655085
0.691020650613838
0.7139425285061244
0.7118779005721939
0.7157746798369273
0.729529340222136
0.7274643048465133
0.7313606030402676
0.7183050066420843
0.7180721908921198
0.7222024022540129
0.8514964549660541
0.8519228485940922
0.8495734194787694
0.8582764967555657
0.8590732193127005
0.8572169251192217
0.8584656329802882
0.001827869723439485
0.003790057170814679
0.001848391974338832
-0.0002481267607933366
0.003645809059837609
0.01161298785350947
0.007693435502508356
0.01157874273113338
0.9997518732406132
0.9958910189255926
0.9979421419741314
0.9989247274853991
0.9969813202897959
0.9881094264174382
0.9920008670159904
0.9881412427319857
0.9921488148243589
0.9940754770246126
0.99412018458576
0.9765625
0.9726327651652598
0.9803817110147398
0.9881754878537149
0.0234375
0.01171875
0.007773814824466533
0.01944421101465295
0.4343306021645544
0.4501437083223271
0.4188805008856847
0.3092254666044347
0.3250513583884346
0.2937619386478554
0.4022870759035541
0.4026851396285942
0.3710144266370065
0.5516917767453803
0.5210867894443778
0.6765978501072095
0.7084449651260698
0.5847820875128551
0.7571321659157838
0.7272086729599778
0.7282668017552429
0.4478870468800753
0.4400804600625532
0.4472574179126898
0.4834032137801953
0.479107586087568
0.4713033328209931
0.4784699549737673
0.4411238043669171
0.4369964376734947
0.4448048193729126
0.4723544103854225
0.4682274984478346
0.4760342364090053
0.4498255492985207
0.449378678432201
0.4576337468414992
0.2763070091619487
0.2758534453926316
0.3075982581841565
0.7791464208450393
0.7788457152274667
0.810333314523594
0.7179633299224982
0.6865522959979619
0.1544750437439655
0.1709997310829511
0.1397342119011823
0.1393620749561163
0.1593064533658307
0.181651067942961
0.7118813054385665
0.7108080227257193
0.217657735675835
0.2171902687419703
0.5880520154035898
0.5272897456431143
0.613319423355619
0.6076375763714766
0.6436853932315875
0.2557515189669257
0.1932108758820867
0.7971928542009663
0.8120026356880751
0.7997177565934652
-0.06669910073034994
-0.004109842247218193
-0.09315060846011139
-0.06025251295178984
-0.2847307051971161
-0.2200977436516479
-0.2882602341705159
-0.2465763718637013
-0.09020649960050212
-0.1228218371664143
-0.008098607338123648
0.01066040451481692
-0.02161201286292894
0.3429581047640782
0.2808134501059916
0.4701299231765545
0.450191140912613
0.6727873568797031
0.6323804847379775
0.09224914922585897
0.02869145340009449
0.04051557777750955
0.0248755781576579
0.03960281189168813
0.6793259479165021
0.675427527704472
0.6790957923717864
0.4666117027486521
0.4508245966831633
0.4820813066862831
0.05081943591823448
0.08282973047723163
0.05621066626458943
-0.1421999622743803
-0.01484808847522134
-0.01662677454908656
-0.07633780178032021
-0.07886134955322671
-0.06007049804538789
0.4947581129829411
0.5255315244285551
0.5264597284754218
0.7146577867135182
0.7458595799056539
0.7150548379267514
0.2696568591256225
0.332226809833314
0.4381047775666789
0.4465970753135681
0.430989645236025
0.4029685306593807
0.418589035668422
-0.09414811039273507
-0.1562628010511037
-0.3283459087658239
-0.2812896465924886
-0.3436762937304605
-0.1585819091095368
-0.1265760524859482
0.4927537301505868
0.462029287780577
0.4609538700971411
0.2402679561737371
0.2721623122420583
0.3474805495774267
-0.02795518312869938
0.03549061407889442
0.7470024467618017
0.7253163607184108
0.7086053040375768
0.7120608135461797
0.7163731750392668
0.7086018680731359
0.6949186958498904
0.7027145062525095
0.7146400286322496
0.8482692377700682
0.8505986503048811
0.8468184841233017
0.01154692641634917
0.01148862104940886
0.9725817071901085
0.7430912881482293
0.7474344062969995
0.7396732163282934
0.7648301731501841
0.7627635868462028
0.7666591811211374
0.7416879943848512
0.7377910620754887
0.7414530974708304
0.3738952605901657
0.5606526435081594
0.576413153921514
0.5451763745082407
0.8055210426928441
0.4904582988047379
0.5223060792730237
0.4648130493962448
0.496066366528948
0.4652113159605389
0.6809875537215544
0.6852767023324011
0.6774984937876786
0.8468867485821264
0.8505220419267817
0.8632419724799378
0.8595928814689715
0.8590943551942245
0.5197968036018226
0.5822734668850361
0.4806084652871612
0.4764813992194862
0.484287959836773
0.2145550435272194
0.2149512600869449
0.1832442929171039
0.277554837955297
0.2933932683844113
0.2620976289219653
0.217003506288421
0.2004794061460731
0.2317423314376924
0.1361518027490057
0.1379470499872661
0.1824650888992904
0.1614342612043956
0.1407086669946543
0.7402679561510374
0.770850511694117
0.7720665941211547
0.1799482097985506
0.2425579366252533
0.7762057940056621
0.745009509241794
0.7757529594109913
0.6542817049490011
0.6719638106859638
0.641501570593197
0.7148002537409239
0.7022724383652084
0.697137983411614
0.7222934808617153
0.6923054428050414
0.7160696139865492
0.3057739993732399
0.3674077393872455
0.5613772564877004
0.6021888885347113
0.5277113159556878
0.5435241966119845
0.512280724404924
0.6518186622003087
0.6834497055691534
0.4424639061475995
0.7117388978363069
0.7024828529332086
0.7004183242314951
0.7043157254923352
0.02317189698087415
0.9841869607502621
0.9608077532778188
0.02332879571296343
0.7336598818517918
0.7315945322239402
0.7354910658695961
0.855951354700994
0.8578966732890062
0.8560938520490825
0.858317563466934
0.8562329283612768
0.8601305772615426
-0.4611142673623705
-0.4784274879856962
-0.3347361646542064
-0.2888108113380287
-0.3233498017927677
-0.3865926559213873
0.1377946710281163
0.01258374168108551
-0.01999261820747496
0.1026657901443287
0.02967970805440306
0.0610255703206105
0.0298868524928264
0.09189721261760399
0.1232302157229155
0.0925733679903888
0.07680236095897147
0.1081392165360319
-0.2227230435729238
-0.2047390876753116
-0.3493944156478956
-0.3946854837912698
-0.3586236967492576
-0.2953442062383933
-0.001896253054440062
-0.002975702969066954
0.02805723897258237
0.9970242970115265
0.9655572389493974
0.9981037469361328
0.9671797080472139
0.9043972126046381
0.9038553989550446
0.7801577356662699
0.811345363842274
0.7803629921624116
0.8420568619879308
0.8732302157095801
0.8582193039955779
0.8426316207700706
0.8581133305321633
0.784658312860352
0.7534401285470719
0.8505761688890199
0.8523099559313603
0.7898890607620621
0.7569377095263997
-0.6813913325610765
-0.8732500895480815
-0.9067066656477336
-0.6854816029759845
-0.5182245578434781
-0.5520167882430329
-0.575355915046122
-0.6377116797440723
-0.7053398343769308
-0.67677957714173
-0.9359530052365705
-0.6482729333958437
-0.7735749183915699
-0.8694092440892363
0.4792189011671242
0.5119996851064023
0.4495138497406505
0.6041628034493427
0.6369287564236201
0.5462839209608362
0.5314206463403284
0.5299080716159192
-0.01748052665062506
0.1703385136424849
0.04760451668471341
0.3976552960307786
0.2725802967758244
0.2401425217803289
0.3628776782921099
-0.009134398378543698
-0.03899241454061465
0.1160484329141885
0.1487844381925744
0.08907105034616471
0.02647701731011905
0.8875837337628739
0.9175073768585127
0.762794658593851
0.7303211264341319
0.85256295863833
0.2424430683614869
0.4300564692797386
0.3072445349781266
0.6338406739920547
0.4464239036083806
0.5682515256969055
0.9046402890678581
0.9673868524884404
0.8893892165289848
0.8738051002572487
0.8892831050947679
0.1545568620014942
0.1548004718646799
0.2178629921703996
0.1394693040032418
0.1393633305409186
0.1551316207780136
0.6641140357435525
0.5391984147771053
0.5070363037944119
0.630087303208025
0.2891140340088014
0.2587330636582107
0.4141984141227493
0.4463605237546361
0.323056404873154
0.2569106209039416
0.3801286110228835
-0.04403677855800042
-0.02569097170876128
-0.2145450870919809
-0.177767154423972
-0.1148343907411885
0.2813253086518859
0.4064049834499655
0.4386901398789677
0.3156391407549231
0.2490011835956069
0.3719707237797801
-0.6466091184685688
-0.6636333421321893
-0.4733367348613428
-0.5073078057191379
-0.5707933720413549
0.732838511707292
0.9200194699999549
0.7977126267637135
-0.1519531433830921
-0.1347238914033039
-0.2777231368927859
-0.22595247683746
-0.4042441585356018
-0.5314796771193762
-0.5773597236411574
-0.3177951543925241
-0.4101981105561914
-0.6534012255657147
-0.6871776369212426
-0.7106102494306068
-0.7730197012097153
-0.8406829825979218
-0.8120516472612982
-0.5495561943060073
-0.4583884528001503
-0.1066631043770796
-0.3678298434811711
-0.2779401760894454
-0.8458285015502796
-0.7258851468686747
-0.6584713242002349
-0.8249540842805889
-0.7820347016171809
-0.7196222639553231
-0.66630983721416
-0.5909666210429692
-0.5234135452906818
-0.1210112620046117
-0.1202255587196564
-0.1250721686189452
-0.1131815786849955
-0.1135258707849135
-0.1112140660794944
-0.1210609097629436
-0.1230342122014571
-0.1214418315904768
-0.0211765549437779
-0.01900021368222429
-0.02291953128914545
-0.03686622099449122
-0.0346788730201664
-0.03859915622988566
-0.0260031193691668
-0.02554529270783584
-0.02993613205518272
-0.3935471432055332
-0.2217284171938545
-0.5144572552118214
-0.4693908656404091
-0.5678388575901893
-0.4315896798239827
-0.2967905867083869
-0.4244879775600395
0.8453196843475816
0.7828960707473442
0.7664019272565258
0.827053419500772
0.8574591292204371
0.8886635333204268
0.8852400788481353
0.7257170999746676
0.6579979557822428
0.8817815466953589
0.8782868035911412
0.623717892725106
0.6198203795338895
0.623369933731291
0.6413280624511767
0.6393064016676094
0.6354095075593017
0.6389507826297296
0.6548923126027226
0.6509960844463423
0.6545281338179595
0.6723984675509144
0.6704754704158494
0.6665799547497457
0.6701016861448024
0.6203851273483089
0.6183217962525123
0.6222212006383543
0.635982228976704
0.6339187808826768
0.6378177623651731
0.6247394731579868
0.6245119904858211
0.6286391235359341
0.6476789662333409
0.6474505541505358
0.6515776715651227
0.6671714474475738
0.6651076598249801
0.6690057881951395
0.6559340109726066
0.6557051201962367
0.6598329031315094
0.836037095766468
0.8340983044970331
0.8356928979000051
0.8436783510727861
0.8437824545576613
0.8418480240430697
0.8434018476180147
0.04153580870106535
0.04368134735771956
0.03976504917418988
0.02586348945748759
0.02801522680556531
0.0240983016361693
0.03683920603893776
0.03723329507727804
0.0329152490756616
0.01018769373763689
0.01234647335043912
0.008428835010934971
-0.005492080542176814
-0.00332521298846844
-0.007243628008846592
0.005435674367926996
0.005856913471293551
0.001508033630441663
-0.004845660966444065
-0.00692064892133934
-0.003004443818595631
0.01081753813315631
0.008743440226967658
0.01265916205304721
-0.0004627966104088499
-0.0006962555641182588
0.003452405067536496
0.0264789255956607
0.02440562666841134
0.02832088459714541
0.04213854872275269
0.04006597628393907
0.04398078243372175
0.03085620540637307
0.03062508210969164
0.03477065956418046
0.8403915471696309
0.8423367777522563
0.8405220077863189
0.8312984547607872
0.8326096847338643
0.8345552921281199
0.8327373937951508
-0.125777017786508
-0.1260403237259575
-0.132329879509577
-0.132187319391627
-0.1342908592243467
-0.1244842278996853
-0.1243495376856487
-0.1264456252084353
-0.1101176297177326
-0.1103726508895104
-0.1163788949879739
-0.1166395364199159
-0.1087964722544587
-0.1086687793484643
-0.1107570934285651
-0.1367581782130044
-0.133093310951252
-0.1325946483416291
-0.1338694151753244
-0.1356944228991893
-0.1359631008390504
-0.125265336443519
-0.1291787257924246
-0.1255188908829424
-0.1329466125283717
-0.1349524146743785
-0.1334622070446487
-0.1250092723303593
-0.1269865650600279
-0.1254175892007111
0.2838305255268933
0.2880416154433674
0.2802241899340437
0.2525533318583312
0.2567689730878411
0.2489495747146692
0.27472206945432
0.275382447151065
0.2668994992657849
0.2536044130640038
0.2494717395133588
0.2572900018660029
0.284873808498523
0.2807423248803661
0.2885589428464269
0.2623165726802743
0.2618693456398882
0.2701337484944284
0.07287108533108988
0.07500624227630237
0.07109113515661425
0.05720495588944521
0.05934497580788872
0.05542930131673263
0.06821754596901344
0.0685906389834611
0.06429645911708073
0.05779645225310745
0.05572454349369668
0.05963891418232284
0.07345267401468195
0.07138138207979577
0.07529532428545249
0.0621692040711147
0.06193991333471427
0.06608290658675714
0.5925333476301545
0.5886345954287819
0.592198276126481
0.6102270792115749
0.6081268863271435
0.6042287286826362
0.6077857852311225
0.5891859826123516
0.5871228019879184
0.5910230404775791
0.6047863751237061
0.602723132360616
0.606622954558599
0.5935388350633443
0.5933125069771765
0.5974392500646328
0.1458733510961912
-0.04189824881430128
0.08034299124399231
0.6962330653411622
0.5730994753928591
-0.03617779892553735
-0.03825495373860252
-0.03433768826872038
-0.02051073845142803
-0.02258673136606207
-0.01867001668328971
-0.03178769404315804
-0.03202427307475367
-0.0278717632877937
-0.9031251609525472
-0.8692900867956106
-0.05258531512377022
0.1013623405918931
0.1339607628562603
0.1083386528714413
0.07700173413844517
0.9830588661571896
0.9519082500463334
0.1533944101523138
0.1530562603841429
0.1847132106954922
0.2336106586978297
0.2023041623415046
0.9340640108792897
0.903238154888761
0.827240163680786
0.8428302773268044
0.8273324739691958
0.8401989849557756
0.809016857881409
0.8398226741942404
0.05906401090644051
0.02736553269095252
0.09004461081213196
-0.9548042232931739
-0.8921472619851649
-0.9082775726862569
-0.8795777657759825
-0.4221148953492855
-0.9987104211751987
-0.9653983707196878
0.6696799595998743
0.4838057049094329
0.5001816101870137
0.4689389067891496
-0.0475636131390168
-0.01502159884598356
0.2076866338598451
0.1800671723292772
0.1502227244797441
-0.06886690507305045
-0.0361327032959867
0.6978295093354507
0.9474146832024148
0.9149429817398858
0.0446859939794792
0.04860882002577452
0.04507431634360978
0.05434151752603397
0.05042753341872044
0.05411180574227689
0.154294709159835
0.1858768558884219
0.2604918293572551
0.2292014376550469
0.2596204572114664
0.6996859360150665
0.7308950232928249
0.7005085192174958
-0.007553233752750521
-0.0521180770462687
0.2177140221962079
0.2479445723064422
-0.6808279398276088
-0.634425245753653
-0.1632740382095568
-0.1756805425068314
0.3216389149146496
0.3060035231787901
0.2779505508981249
0.2935830397712697
0.6498838120854902
0.6541550437386843
0.6463713153070932
0.6325386778398596
0.64033750152417
0.6522637538704597
0.09173791908857609
0.08389892881618607
0.02899093022583285
0.02114107475231639
0.008935810745129114
0.007367512497568701
0.01519744938574977
0.02717305508616358
0.06999651398594917
0.07782344667104371
0.9524363894938529
0.8427297794529675
0.8406522496890751
0.8445461335893831
-0.6233684921156978
-0.8874371978731728
-0.85878210560609
-0.06154954166252979
-0.632568007254726
-0.1202973984765628
-0.1222565169611368
-0.1204293671544322
-0.1129659751566993
-0.108966283480373
-0.1122479551718809
-0.04125896780771296
-0.03905954273827414
-0.04298614666823192
-0.01813930994812421
-0.01420848655496276
-0.01769177693389271
0.5876087780452363
0.5918548721036323
0.5840628164235286
0.5701343309505802
0.577936217454833
-0.0441629316394021
-0.01661902924928682
-0.00829347209434575
-0.0122089472496939
-0.008527623819215041
0.7030892686718437
0.6701630342128214
0.7326086625485574
0.6187563286372464
0.6230133847127992
0.6152253353902526
0.6169398863874274
0.6130399507633151
0.6167127138213848
0.6712993003868053
0.6692353275664508
0.6731335649631092
0.833064756950768
0.8353405474634502
0.8314901674334467
-0.1046222325517135
-0.1065816870299444
-0.1047488381490367
0.1995986467220305
0.2004206177554243
0.1682968069899798
-0.1247668671084406
-0.08066449748244763
-0.05088372343668027
-0.04784480836105394
-0.1441313176265951
0.1101373072343632
0.5427189586593659
0.2440949682059825
0.2483286813174721
0.2405064706270742
0.6089130413652935
0.6068496781018135
0.6107495410428152
-0.9942082776074161
-0.9460453943586056
-1.00852408399116
-0.7873063307715311
-0.8211509184661463
0.8279510271923861
0.860848425235088
0.7984318410790001
0.7604056748614305
0.7595349119542998
0.7916045368235644
-1.154012766877881
-1.05797743790631
0.7274432518614531
0.6971204586792979
-0.1592255306009401
-0.129783431218683
0.2818547525286234
0.3174754371179858
0.2931364637084628
0.2890051874932104
0.2968212568236721
0.6401093492582233
0.6380457517379188
0.6419448041831231
0.07175881297436995
0.0215478161097844
0.02370770059510108
0.01978736867298628
0.01496523458783094
0.01289146928320897
0.01680678085118908
0.08979115226318685
0.07759493446422822
0.0755238579323875
0.07943750711631722
-0.01635941340578306
-0.0184349662057135
-0.014518772448114
-0.1352958751775239
0.5898645701541335
-0.009840291798889705
-0.007663751103982319
-0.011586723489448
0.04628329920096888
0.04421098954890884
0.04812545635868737
-0.07467608991641382
-0.1365808402754639
-0.1339775128489927
-0.1381952868977724
0.0529141946254785
0.05506137251376178
0.05114302529906231
-0.1177554944169107
-0.112297318101786
-0.103992776439762
0.2050387306775243
0.08096225715285071
0.03680917293755603
0.1347330789534109
-0.208529818564827
-0.1938303653160409
-0.3328547417970251
-0.3803560441061757
-0.3509572475121192
-0.288760751937454
-1.326649332635359
-1.225681689271549
-1.254449470865199
-1.480574763398095
0.7132862902125486
0.6508398938935536
0.6343229637876203
0.6949370077926069
-0.7078546840828801
-0.8335302994231031
-0.8813309540094996
-0.8512613869629724
-0.788458060342994
0.6361299192863472
0.72980506277395
0.6691571754100377
0.2777401027049436
0.2464800203001948
0.3438099866253677
0.3455807986080718
0.2830724793461661
0.2500431778591712
0.21875
0.2343711813501139
0.15625
0.1406000384047275
0.1718013565282934
0.2030722382112243
-0.0009350085900019692
0.01481984960681517
-0.001274315286419872
0.01430886616028165
0.04601182207623819
0.9987256847114151
0.999064991410203
0.9835698496072059
0.9522618220755578
0.9520918543924393
0.8900963515392476
0.8901696003695964
0.9211055816154703
0.9366846371980485
0.9213392024781862
0.1240044160550739
0.1084324635552708
0.1244336041675537
0.1088463515412141
0.07735558161707105
0.07718562121179158
0.84375
0.8593500384039707
0.78125
0.7656211813495445
0.8280513565266275
0.8744336041648263
0.8741875749174389
0.8896824635511447
0.8500577916595335
0.8417850148795692
0.8573837480361587
0.818852234673501
0.8105773595639588
0.8330267585545932
0.8366851143951233
0.8371683751510546
0.06263517649378447
0.2487203001011291
0.150081493201458
-0.02695416903315018
0.1421555693045559
0.04567336189923632
0.05398788005300681
0.07369332532564715
-0.07210645568715096
-0.115411332155497
-0.01289911435602697
-0.01976743682926763
-0.004936570024194453
-0.1436535674527613
-0.1908246324923188
-0.1612086338667349
-0.09921073394600555
0.4505122927462935
0.4681084072114872
0.3282096550917741
0.2845603632300874
0.3809097001566156
-0.09237317520298177
0.09680260542459473
-0.006723043588853173
0.2759528054361009
0.3715032701559318
0.703344978075686
0.582699630165639
0.5442273858340624
0.6484881327850329
-0.04230040328506635
-0.1716549731969439
-0.2121835838014514
-0.09944813418261439
0.7410252399908082
0.6356472125613774
-1.268728062119821
-1.297708365499386
-1.01889822165114
-0.9228615828781666
-1.105574871179263
-0.5174830236314609
-0.5023763305118348
-0.6904500010352129
-0.6601629048801319
-0.5974828855033931
0.0616846371990651
0.10891960037161
0.06184328244696637
0.7861819250184111
0.7867087237864298
0.782313211217298
0.7933071023095373
0.7930490999934539
0.7952514602613832
0.7855283559710012
0.785279099193573
0.7874732597772559
-0.1252477632146291
-0.1087119948569845
-0.1288298565943879
-0.1140849012941231
-0.07919654994049938
-0.02960396721977777
-0.09218022893766144
-0.04790900847571308
-1.024987526504541
-1.040049875998864
-0.9442973061778097
-0.8487090494264324
-0.75332486569641
0.5000213728064064
0.5156396732157862
0.4999701192593417
0.5155633939728804
0.5468667071376526
0.5468935579395122
0.499803036517085
0.4995312382046936
0.5150723336647005
0.5466144720360311
0.4838223336654583
0.4842295233128457
0.4528644720373676
0.4527277742594161
0.4843896732158255
0.4531167071384444
-0.7686537700157908
-0.8947687657299428
-0.9424358431409554
-0.523273875370011
-0.5379903375503425
-0.4426884398102446
-0.2741575634592845
-0.1499872660827606
-0.1025508196980727
-0.3476627464698134
-0.2529498273904254
0.8937330160053997
0.9003663077767956
0.8708008734488322
0.8051074129130064
0.8017876524420041
-0.1354426681152388
-0.3217517370847558
-0.2927040105513876
-0.2305715283935061
-0.2678787193848997
-0.4398763950738099
-0.002336373211092646
-0.1166463528954113
-0.4071297808763672
-0.2349485718220476
-0.3259433582550026
-1.528400865305862
-1.590966391291479
-1.33561045883279
-1.301780660354364
-1.523413181597265
0.1041953423225541
0.10632220211546
0.1024081650881334
0.08853448264620498
0.09066528007030769
0.08675071543021876
0.09957588769144093
0.09993242637525465
0.09565700476741049
0.08910723110429658
0.08703651451962008
0.09095003244664232
0.1047601278251075
0.1026899508481844
0.1066030458746435
0.09347617711781728
0.09324836878594883
0.09738912383146564
-0.06311812713814013
-0.06335922221917115
-0.0695986904910976
-0.06947756589712725
-0.07155804471442778
-0.06176175064235098
-0.06164136880798954
-0.06372092223650033
-0.04745226678757825
-0.04769086644689263
-0.05392550621477946
-0.05380577840749612
-0.05588450702478376
-0.04608992087416003
-0.04597077270547029
-0.04804876005110315
0.793682598800832
0.7956294956818531
0.7938037208600485
0.7845484793610192
0.7858945385745382
0.7878416171034921
0.7860149180071344
0.7781057801152954
0.780053030594962
0.7782255053133418
0.7689640283576659
0.7703163594268342
0.7722637716390857
0.770435505130344
-0.06997400595631798
-0.07193583738520631
-0.07023192432259379
-0.06143689599761126
-0.0621278821055361
-0.06408923076200215
-0.06237713341268297
-0.05428354518115314
-0.05624447430992435
-0.05452516195028967
-0.04567697876884189
-0.04644070073392265
-0.04840127962767005
-0.04667549222961864
0.5613393842600308
0.5574395631428363
0.561014529472189
0.5790999160426434
0.5769374887494871
0.5730381670692415
0.5766078015083482
0.557980291797511
0.5559171621310162
0.5598182304202535
0.5694577156518367
0.5735839539732756
0.5623320585937529
0.562106678999307
0.5662332445902857
0.7738568697863628
0.7719113226337235
0.7736187168520808
0.7816382903526538
0.7796931310023624
0.7813929250064111
0.5301367934553455
0.5262358841796619
0.5298201062472626
0.5479514334505199
0.5457391858419494
0.5418388148299904
0.545418672535158
0.5267680644001504
0.5247049012105096
0.5286067955915128
0.542374994154772
0.5403118578663358
0.544213338621194
0.5311190981867795
0.5308944911496208
0.5350210590924258
0.1355095652336294
0.1376297567484537
0.1337167578937649
0.1198536867445541
0.1219770130770439
0.1180635008416585
0.1309173722731966
0.1312607711132143
0.1270005492332536
0.1204113733391434
0.1183417023339312
0.1222543797454309
0.1360609797782437
0.1339917871029858
0.1379040484316495
0.1247770641630629
0.1245504684913395
0.1286892467360393
-0.1069451384405832
-0.01308031273701635
-0.07389552412381396
0.4936519225392207
0.3966623584710939
0.858326535838499
0.8280562574488558
-1.273019954130442
-1.562177021809893
-1.340683163251974
-1.2305440901657
-1.220678510347136
0.03730323026900897
0.8083901908459817
0.7771798982369854
0.806753497388164
0.9050733679849259
0.8895886528665162
-0.3403999006380036
-0.3548877796411867
0.6214154493957426
0.6379279909649556
0.04609242017118426
0.2848369742510505
0.3160919441515991
0.235300561398503
0.2335247305497332
0.5624648104830863
0.5468103431760747
0.5622946558183162
-0.1149937622932641
-0.09843678553300925
0.610262792044675
0.6084842292026018
-0.4550069700925472
-0.3927515766862422
-1.610334679430109
-1.547782017758912
0.1249698182585458
0.1405664021778695
0.07773534850486895
0.08560259502134507
0.06993872007905073
0.983645877020572
0.9679959273148225
0.8902400995438547
0.9058281833919009
0.1398506493493702
0.1397616043240562
0.1555115702618825
0.7499985534238938
0.7656092370879661
0.828011814342089
0.8436640947692589
0.8589182828563477
0.8587669827594536
0.8486281871357393
0.844485849697733
0.8522853755711106
0.4372946558199203
0.4529757059094942
0.4374648104842395
0.08782985005842492
0.5545293987681053
0.5506279234657794
0.5543042279900272
-0.1589452819784405
0.09314508755915618
0.04985686966669162
0.009849819202425669
-0.03728001093394462
0.485541133542941
0.4419551633812764
0.004137812648869477
-0.03837083684849057
-0.2529974695872391
-1.267954646415341
-1.244290180982774
-1.196087856177244
-1.258651171325054
0.7783215087623513
-0.8267829578732626
-1.07192093895538
-1.168055693403126
-0.4873474886978836
-0.5348930236301888
-0.5051033803233507
0.9059668083658371
0.9137967992510662
0.8982024961095942
0.8684411897681845
0.8610998376519589
0.8601825856220817
-0.05760344968067399
-0.05956219922768613
-0.05772350696478493
0.7939133810246957
0.7977758186887534
0.7944596140974827
0.7804127095136405
0.778345244132072
0.7822403337365753
-0.05698487068659508
-0.05477007093195274
-0.05869945516525069
0.5252645997745358
0.5294954128495973
0.521697016115453
0.5077052916257141
0.5155102843835293
-0.1209250053564375
-0.1684834635890688
-0.1872295117585117
-1.055187372827848
-1.007323772187893
0.53125
0.5468892104904935
0.593082945301626
0.6087888047320095
0.5775556176884353
0.468106024479194
0.4525667692906814
0.40625
0.3906370508668309
0.4218881744784775
0.1544136324095268
0.1465824014406294
0.132601330210882
0.14042521226879
-0.9901499129994377
-0.05518780819526792
-0.4982515716427065
0.08426328391453627
0.08640051432355733
0.08248383323884101
0.1074128564463714
0.1113309499280901
0.1077657711474165
-0.04193459011515688
-0.04389308816933646
-0.04205348309562654
0.7959934957784964
0.7939248543721247
0.7978194141122648
-0.07272809849156323
-0.07049355895206719
-0.0744269859909471
0.5564441363159454
0.5606815416146722
0.5528862941354709
0.5774846140755383
0.5813851721558023
0.5777103867455229
0.5849175051736308
0.5663166508386293
0.5427903804311321
0.116952414007589
0.1130399443776206
0.1167255381778342
0.7711923629807667
0.7733772767155509
0.7694928705213785
0.3783316327924723
0.7885758728034
-0.1217133512962426
-0.105188366366325
0.1155982975309621
0.1177274659329887
0.1138122520237256
0.3508509775774961
0.3525919865877786
0.3195980036366335
0.7492130083757979
0.7508217064426747
0.7179971035486299
0.8724270845815866
0.8395971672794384
0.00344013482136149
0.5778554028328147
0.5779679517332331
0.8207164965693292
0.8289797198904573
0.8133744284098433
0.1089900995459369
0.1246487378023623
0.1090578499742926
0.4218622401159503
0.4218042391015793
-1.090539874989297
-1.119208385600009
0.8665920542188017
0.527441621047088
0.4676927913123998
0.4832033512247391
0.4834315477673371
0.5616512739103007
0.5306060244777709
0.46875
0.1344837749454699
0.1523860826312747
0.1401991396415877
0.138130096589226
0.1420421286015035
0.1089002110064874
0.1068302137194751
0.1107430514511247
0.5365433051760038
0.5465013810264989
0.5444381681034262
0.5483396426955642
0.4053860632025373
0.561194050610605
0.5456969459306799
0.5454471483037869
0.4055829453057012
0.5148881826610699
0.5461321936560382
0.1052096601682521
0.08916295955418352
0.2283910644063825
0.2738644826364823
0.1801927097841084
0.8693060191878439
0.9009291382571631
0.897944857534451
0.961342187089484
0.9623352227724087
-0.1040031927489236
-0.08764841104898638
-0.1419745315097188
-0.1444908806957912
-0.1115928284443106
-0.09266822672093405
0.11731430577775
0.1193060192343015
0.08842913830010037
0.02483522281377162
0.02384218713066999
-0.9738785107287844
-0.9594052309589227
-1.099231183095643
-1.147407636568299
-1.118400541792034
-1.055747117273766
0.8022468500325777
0.81706077094153
0.8047978735162671
0.8267754874987278
0.841528049454125
0.8404419643394825
0.8417156165614874
0.8330860217034222
-0.05517411514168929
-0.02204525053654233
-0.02113174500075382
-0.06896967446395916
0.2442391800059741
0.05939017818637515
0.1526820675081014
-0.390258010655552
-0.374626665191652
-0.5157639843254486
-0.5628612209001125
-0.468792269205734
-0.3433699010680269
-0.437844093077976
-0.5416020690162151
-0.3690144009039003
-0.4599075847168661
-0.5988787034577008
-0.6132408142967523
-0.4742312304595815
-0.4262926077514388
-0.5173043457795112
-0.1394662241925455
-0.1584719714540551
-0.1014521881217578
-0.1534760988429922
-0.1464662211605848
-0.1439330835754132
-0.5317066834748625
-0.7044882416130835
0.6016711301906992
0.6795701953387714
0.6681959003933355
-0.03804731962766572
0.0451375914016286
-0.05769453702203062
0.9939575520183384
0.9956426436431683
0.9648655326616659
0.9017747597065674
-0.004357356326423405
-0.006042447944217373
0.08927475974394561
-1.291990960135975
-1.306514324844244
-1.210138058029838
-1.041309743401465
-0.9161556157441577
-0.8680054973088063
-1.113792546335356
-0.9257410300905065
-1.017506674180189
-0.9017864914456231
-1.089505679762843
-1.060702548645401
-0.9981354392269346
-1.032129362334
-1.205844824115211
0.3769868922034016
0.3926075191471096
0.3781977504698006
0.4210357711852937
0.4166571941565096
0.4088484610162025
0.4160330286110048
0.3864546971776812
0.3708313115089205
0.409886750249351
0.4057587998090223
0.4135688302376688
0.38734652594587
0.3869004806660917
0.3951577233709688
0.6077046862809934
0.6389353867966181
0.5417981739009372
0.5400667035232918
0.63550261801545
0.8027571280950435
0.8032944075782024
0.8131951576196429
0.8143983745623655
0.8110795856431516
0.8182757409994295
0.8188635882252395
0.8285339386102321
0.8298939963094081
0.8266462056369236
-0.1036633088385828
-0.1030412543756664
-0.09305493721323232
-0.09185170147124136
-0.09519889281573643
-0.08791825193494893
-0.08735792261229122
-0.07722496711862822
-0.07612508742994656
-0.07951812447450127
0.494714213862957
0.5025165950002651
0.495325511315965
0.5167840819306927
0.5145323013370017
0.5106308738526601
0.5142190087470065
0.4916464858977336
0.5070331085793897
0.5111594986359241
0.4998999065100801
0.1984186718383509
0.1827752391158007
0.1785517064084312
0.193557945211703
0.1671301362487105
0.1629019311494735
0.1707270924379825
0.1511631524533719
0.1532805248408023
0.1493680090314919
0.1622440945526676
0.1625770776418593
0.158328944390114
0.1517089504403021
0.14964020983944
0.1535520566397667
0.1712666138939462
0.1560718260971358
0.1558462266675015
0.1599832397101138
0.1790889655015451
0.2025535729193403
0.1951815953574614
0.1873604169393322
0.8014698990298976
0.8131492458341498
0.8095023420055394
0.8056081701073436
0.8287182063179768
0.8211841168810023
-0.1048754845746862
-0.09311434393181869
-0.0967846073227312
-0.1007033833225175
-0.07743638509229595
-0.08502891801667717
0.5105582220748331
0.6094084507383478
0.5139956744167855
0.7582898845098125
0.756343705403574
0.7580640539118334
0.7668230751480326
0.7660740163251938
0.7641281323088367
0.7658423472572051
0.001896319124031875
0.0009294576992026819
0.0009010267103091284
-0.0001533479808401331
0.001790765813678333
0.005794227024695945
0.003833482990713495
0.005772090110489087
0.9998466520194317
0.9979216197232513
0.9979900691240375
0.9989479017102676
0.9989763326992243
0.9940330065567656
0.995977557170775
0.9940533401104068
0.4634984823463841
0.4641006626588609
0.4855999087530957
0.486911219240898
0.4797139215079326
0.48384056608004
0.4686744451957561
0.7873516321632972
0.79465718412394
-0.8198756070736315
0.7349215485780005
0.7524295215928312
0.5207625290228005
0.5503223168673399
0.3191703483336221
0.07299606671751246
0.1185264374166352
0.8283101345995418
0.8356751404888969
0.8296443238246776
0.8385797364874296
0.8376571632365294
0.9919738762569587
0.9602756964367929
-0.1141445842662122
-0.1305743159777191
-0.07384281988924926
-0.0103017630960524
0.02042591207231115
0.02163662184660107
-1.108909468522469
-1.123301733352456
-0.05610862198186156
-0.03953108993321411
-0.04385290810718961
-0.07633359336490556
-0.07725060031819869
-0.09201593612982034
-0.1083593303575811
0.01341995390801409
0.2599894837181786
0.2142212253628577
0.1743179369619646
0.1700737855299833
0.5383265449587031
0.4810394216288901
0.1754028495986326
0.1795388491494939
0.6684517864667406
-0.3591027662400764
-0.4061774000168551
0.8176667278029316
-0.235393821127136
-0.2539812513667474
0.7556615816822334
0.7578352253551122
0.7539483495320437
-0.08849706212107231
-0.9356032155740923
-0.02022306872220025
0.2170354001030253
0.2092103108870125
0.2030023839061081
0.1206041332442234
0.08966920295871883
-1.321067645585809
-1.272889235894108
-0.7525261866897508
0.005751756556708134
0.005714288238705423
-1.253981023016997
0.8133963844460496
0.8193617126185567
-0.09286593300421456
-0.08686487211633881
0.3613634378778616
0.3756541952431588
0.455693057155242
0.4628651846666778
0.4181426949181596
0.4140147098360507
0.4218244276353365
0.3634647277311087
0.3717230177115343
0.4452512177537279
0.4530593548208292
0.7988742879484761
0.8022034920347583
-0.1076057259027379
-0.1043100076431916
0.4940714391657581
0.5150617923971095
0.5189639856733281
0.5152860056529127
0.4879673012659149
0.4920941287501942
0.1469203133995517
0.1490430932052276
0.145129208288774
0.7996448943704265
0.8017138598700044
0.8306639894330279
0.8288448585578106
-0.2965903138274434
-0.2808674449347165
-0.2499291554627998
-0.07535513823054257
-0.07351744938153765
-0.07327436747308391
0.8339372954396032
0.7625263248704979
0.7644738873805969
0.7626449498945502
0.005838934585706644
0.005859375
0.003883056006134746
0.98828125
0.7723763112273867
0.6111032975219391
0.642332758061929
0.6127890672696861
0.7921054228926534
0.7772489995465794
0.7895180850608108
-0.008026123708510767
0.4202636020796888
0.3890147610109547
0.4185484942306258
-0.3210676183303827
-0.9551152353522629
-0.9407977603702515
-0.90694320924004
0.1971396114602956
0.214957100508598
0.9920684355028023
0.4649943433276043
0.9960705560061734
0.9970327209229538
0.9970582722420623
0.6419401087423443
0.6426626082220189
0.7340848781697363
0.7050940073122258
0.1508874614802791
0.2134259260814207
0.2299544989700631
0.1692142622450202
0.3744881292504098
0.3587660404487634
0.3747689976332705
0.359190214862764
0.3276544622569089
0.1882663997083415
0.2197976130267073
0.1147245563570971
0.109109789159455
0.1726577034515585
0.2098129723513299
0.4670232177595752
0.5295035056787553
0.5460132569118272
0.5165505623519792
0.4853090692615128
0.2979288362828222
0.3291991023329435
0.2316567360614666
0.2942094700054348
0.3267325320494383
0.03868704555600735
0.009235429881880697
-0.0064048483421624
0.006475513726803911
0.1248845895515037
0.1170366634642577
0.1171721181762253
0.1014476093234708
0.6244881292454426
0.6247689976295333
0.6092062429204373
0.5777175667320121
0.4387591466464894
0.4697976064303981
0.3666347897107087
0.3611555593943546
0.4233282059909647
0.459812965299184
0.8904342352178348
0.882661663461793
0.9216275035084096
0.9294592438143362
0.8983226093211895
0.6285590889239618
0.68958628606475
0.7071580867768816
0.6504248603294094
0.5883874584705509
0.5259259097939784
0.5094121951357491
0.5700699395936919
0.06605909007030999
0.07965793948779581
0.002086279826011089
-0.01647756570314687
0.04278316265482551
0.1403043284784689
0.1717159537805144
0.1717618143441036
0.1247751205902842
0.1873586531758649
0.1402381488385016
0.1872557140583264
0.08419509212440568
0.02490757304418104
0.2512591515026069
0.3041347911876094
0.3354221039300987
0.3452733351106567
0.3183379483128511
0.1927320381365601
0.0931889790826754
0.5007663921237326
0.5522245450804073
0.5828297184199743
0.5931889725052621
0.5670622118506826
0.3182785977425248
0.2870167605233157
0.3854741602746405
0.2901478984193655
-0.09963367922704561
-0.1062669808573515
-0.07665157091715198
-0.007392587366226541
0.1343491038773161
0.1950955352335638
0.4431414831693891
0.8279659537778843
0.8590543284754626
0.8746487377998071
0.8747751205875002
0.8592276013817316
0.8749698182575877
0.8827971181756482
0.8983747288588172
-1.095679404565487
-1.038227043501739
-0.9757590645170069
-0.9369409505490109
-1.158172333107517
-1.19688600193389
-0.08369949232019183
-0.1232751305546625
-0.09289524752589298
0.3900388047364495
0.4216054028351994
0.6555359157264816
0.6400160404431794
0.7336598732068657
0.7026216581746619
0.6714044622509298
0.8866162638748579
0.8850807322584696
0.8272567052770341
0.7960520253224247
0.7930100903358092
0.8226791590984442
-0.01026681647049237
-0.009112672408461954
0.08131867987446947
0.0836715717519356
0.05351855836126305
0.8929538673435418
0.9572938945089594
0.8949579536720635
0.8631301488970656
0.01914428922859319
0.01979389448784213
0.1117757451301402
0.1131301488710175
0.08245795366496461
0.8523360612540454
0.8542842890606386
0.8481719132890442
0.8480368120112133
0.8540064370140323
0.08430374853499223
0.1156283721245642
0.1144146708182794
0.7793875751084511
0.777985253555627
0.6885219964502886
0.6857513289172371
0.7155643529214047
0.9579259120750954
0.8656283720882044
0.2653769077054812
0.2340848778139891
0.3294401085689354
0.3301626080964027
0.2355793759373755
0.1091842352204299
0.116979459179258
0.07787750351030177
0.07001168707237504
0.1012622583506689
0.07008424381597463
0.08580351946252272
0.4804954360022279
0.4817622003952314
0.5404057114525115
0.5716407165902546
0.5742127755981834
0.5442446264929897
0.5955312290772878
0.5772497417074057
0.5442294146430332
0.4505109478818286
0.4799668239373305
0.5112044590087863
0.1031877711234997
0.1857691144606457
0.1984292799805187
0.4080807931651383
0.3933395103915251
0.4705724553507282
0.4870773450380412
0.457594137690004
0.4263480873648472
0.4665978945149667
0.5466097771115828
0.4851576949491693
0.4484292747431297
0.9096608468422913
0.9083089438898733
0.8187477265570801
0.8160784129987109
0.8459237982551384
0.6488459990408646
0.6473955765119888
0.5580267723234698
0.5551594184323287
0.5849412526602187
0.2303908513134292
0.321640750831965
0.3242127774618656
0.3469477470454767
0.3541709912383889
0.3156910536142188
0.3072824600647309
0.337270941492516
0.3083216150684662
0.3552063122995188
0.3248435311970923
0.2358282107711167
0.6049017681961723
0.7112844744609196
0.6800671751707738
0.7765710425183365
0.6829327447462816
-0.4150796654490068
-0.371180422958016
-0.4634581900781614
-0.4438486711976163
-0.3304721132552174
0.2297005117354942
0.2333092271644391
0.2140604296538444
0.2098448133030054
0.2248598033498329
0.2338339874307689
0.218642790914556
0.8589881488354152
0.8123586531732676
0.827795920658146
0.6404402148589746
0.6715489893065231
0.2804633299303695
0.296371658181136
0.7405575665824631
0.7409833990854329
0.7513139023634916
0.7522293306564046
0.748774572122463
0.7391528259988608
0.7508401892375994
0.7471799888006427
0.7432837958681229
0.6782658937291055
0.6786356114303942
0.6891652474515992
0.6899500413107292
0.6864307620505288
0.6938443618113171
0.6942254492177162
0.7047154488478031
0.7055260685863008
0.7020196657536172
0.7094194975314441
0.7098134066557873
0.7202580406063871
0.7210983400792472
0.7176066639496133
0.724990767845633
0.7253994243966831
0.7357915342794599
0.736666349726701
0.733191675459183
0.6768017212445563
0.6884947988532679
0.6848276605364804
0.6809297320942156
0.7040839917850242
0.6965208166648518
0.7079810037425469
0.7196713418764252
0.7160072917513984
0.7121102099569271
0.73525677835032
0.7276978867039152
0.8553227883060968
0.8558062807607243
0.8596853206135238
0.8608602570910713
0.8596864256385173
0.4322732826993639
0.4328691159654049
0.4543995040851895
0.4484857286407608
0.4291876447668322
0.4526127907731601
0.4374426845029997
0.01014723168346499
0.05433052823116902
0.04142513416057603
0.6109079353348832
0.6669103994122884
0.8598423186190978
-0.01682911293405503
-0.01508112449627624
-0.02466294675303085
-0.02683908261697443
-0.02335822273443497
-0.01943398140105682
-0.0324973582299978
-0.0403323737443172
-0.04251974374515452
-0.03513350359028686
0.6470996901594968
0.6580464586953785
0.6587883710438025
0.6552474773842536
0.662684250810041
0.6630439642886022
0.6736088193373611
0.6743707862636573
0.6708400095841528
0.6729038092042704
0.6653369874623369
-0.1320483467412285
-0.1362514847120613
-0.1364079071710199
-0.1324749980356553
-0.1303685221705296
-0.1242154796102699
-0.1284070897154566
-0.1285457890648698
-0.1246191930745972
-0.1225229067151526
-0.1375216187923175
-0.1380629217748386
-0.1317788412668381
-0.1369829143560907
-0.1319151360089382
-0.1309533666717545
-0.1289672956695438
-0.1238332235638193
0.2609756667050409
0.2453389233776659
0.2411296587232785
0.2561502013270398
0.2416530679738646
0.2651078544630454
0.2577369477075068
0.2499189012446039
-0.04217236344378386
-0.03042056423628633
-0.03410090604534052
-0.03801768695419944
-0.01475343312291555
-0.02235127531802522
0.9293866870710004
0.882604459176585
0.9137275950196999
0.6107156520779006
0.6412005958779794
0.7986982892307577
0.6745863077941694
0.6054431733065653
0.6041637707514702
0.3592393655624542
0.3435554325421419
0.6147082351831408
0.3592381643529399
0.7098346363366768
0.7424979008265308
0.078125
0.2299859914283486
0.223820519233932
0.4888382283243219
0.4174859878051336
0.3864520295940866
0.367053406691051
0.9372547907180747
0.9294949615710547
0.07477163128687817
0.448726267660237
0.7862173537092217
0.5142590934195024
0.7618009261821143
0.7633277162610158
0.525362523430986
0.1149750713844828
0.1138051072672606
0.3541983618874021
0.9069447446453713
0.8757537147708244
0.1169181696122086
0.1713338187517689
0.1869889422630665
0.1714090721914355
0.2029536849814376
0.1437781723520535
0.4255060804778699
0.4296337544883061
0.8014101538095922
0.3275466688040035
0.2962839569919818
0.3260285897805617
0.2573220767363774
0.7061484430619714
0.708213020631242
0.890625
0.898418879538914
0.9371422232999082
0.9293137200778783
0.7654387169683435
0.7653852399742749
0.7810461798138295
0.7510760643703304
-0.02728286144221467
-0.03340093153629739
-0.13340822212284
-0.007972592643410971
0.02334587826558237
0.9896982369005025
0.9193354792716494
0.8835346701329593
0.8523351503172797
-0.04275638550848262
0.7652872363258435
0.9234240605965848
-0.0128624300598812
0.2035426361973411
0.662315410110089
0.6934536294358322
0.7245716576474257
0.6554762721008891
0.6887254843179325
0.6946875722391022
0.7199042653350789
0.7258662437951497
0.8529449160405483
0.8463603733216062
0.8484405829908663
0.1463486885744886
0.2376931526890851
0.6559229335394124
0.3951000943877399
-0.1294148513040204
0.4479677916602796
0.4905410854864308
0.3870138752460806
0.4182656850307466
0.3885428896328175
0.9421855758650703
0.6502848774342593
-0.2865303896538142
0.2994657349215727
0.306658268753688
0.3528996047516683
0.2796108129761861
0.2717912664944409
0.265554599903856
0.1963406842614326
-0.03018424526990837
-0.02419162595258317
0.8433251915923592
0.1401682828595087
0.236911223189455
0.2326835100493392
0.2964484005827738
0.2807278078847843
0.2379673024316943
0.2421004611313015
0.02669340736061782
0.7401207334952639
0.7373220480416678
0.7393874871390775
0.6778868089272199
0.7090155819872641
0.6749677056562775
0.6770316997844354
0.8476458581776409
0.8457152223739473
0.8472379938522305
0.4244655047175513
0.4316467286430301
0.8624781040396259
-0.1187319713492726
-0.1171190999594034
-0.0133336609032054
-0.01551013485280278
-0.04448016257678661
-0.04275137162053783
0.6432031312953546
0.6467399102399785
-0.1205616957121996
-0.1417233170893083
-0.01267796000286567
-0.01083697781184542
-0.01060269088919163
0.109375
0.6925863801786551
0.5479648648784298
0.4643062163529833
0.4330581387930162
0.4628780906257826
0.4154228625274045
0.5948513120381822
0.5636195696534677
0.5934713117918712
0.9367559379909122
0.9041799411603337
0.06997366984737988
0.2341887169720051
0.2498298568307438
0.2342362031632657
0.8319471362187086
0.8344470639685474
-0.03817050616123783
-0.005735133008484425
0.06214222330097883
0.05434596774010753
0.05427063122255706
0.7967496308694526
0.7570382465307975
-0.1218334999140078
-0.1315587426107212
0.9131748440902452
0.8804114380127972
0.1096149951954162
0.6635024090608346
0.3308679708905773
-0.1296906757119698
0.2597402003362672
0.2775036810690328
0.8275838187472075
0.8275043138635727
0.8431764775110301
0.8619371187353152
-0.1397762236956619
0.05689916006892826
0.8180068452746495
0.8244895263897164
0.8236519050766777
0.7325231188885077
0.761260293858727
0.7876414381751623
0.7481647285384486
0.7784246497012951
0.369707478059234
0.3677047067498977
0.3984295377009996
0.4630315244355495
0.6177047067235762
0.619707478033949
0.5889341881328241
0.5245292877734133
0.09188758116896074
0.06059167880493253
0.1572374467040089
0.1586042551937744
0.09602222522685738
0.06335941739204878
0.4878784930434733
0.4850211255849868
0.5155114188337182
0.5794855514794099
0.580913990562488
0.155457917872254
0.1238978316583722
0.2435233607914112
0.1806524195816207
0.1409360593797703
-0.0005569838978734319
-0.000706856526741787
0.007094678636001054
0.02292226976384287
0.9992931434738412
0.991469678636567
0.9994430161027051
0.9916962031011242
0.9760472697641894
0.9759717343436994
0.855940410652441
0.8403417065462269
0.8361958351735443
0.8512973237032334
-0.02481732612228774
-0.06440202734806369
-0.03404816851565318
0.824363363825978
0.8317140822605779
0.7848942655556713
0.7995958431569516
0.8152026971281303
0.3388832064921927
0.2753812404350702
0.274381305481384
0.6513832064634955
0.6483809040551189
0.712881240394062
0.1599587616017695
0.1000461337966575
0.06874769902412367
0.06607839414818804
0.07754072761611466
-0.01496555605902365
-0.01645302475249705
0.01411424977555286
0.9538724351250585
0.9850344441706
0.8892701015989647
0.9516142502329969
0.9835469756293429
0.5147377117302675
0.5772154612715934
0.6092193800768227
0.1352979975627896
0.1361519039732322
0.2274432500923775
0.1987602927550445
0.1912439368585796
0.1939161736330327
0.1639472905471611
0.2205559486751824
0.1580312282162433
0.1415127714964162
0.2022632554357288
0.7440844505642074
0.7142418292223911
0.453011418760461
0.4572968035934166
0.3919855513594599
0.3910036978681791
0.3060233795531767
0.3681524824953775
0.4069604035520021
0.01475669635827973
-0.05241926601970721
0.0101791687546955
0.04301009847916176
0.5123169138905325
0.4810696414460818
0.4827001020308408
0.3889252004241896
0.3897154610055508
0.4522377116356989
0.2514142402595058
0.1719229292064142
0.1569603479911934
0.1885219996326443
0.09048524436865758
0.1857513411129174
0.2978717695605926
0.3738980804394823
0.3607156519272804
-0.05396534258849381
0.03679940940286183
0.8537562713829733
0.8225505078384079
0.814291414471208
0.8445825842496448
0.8620114585807581
0.2935394314878079
0.3083068030463958
0.2145295151619552
0.2753223850109749
0.1432825085069794
0.2370692517628697
0.1763079371835753
-0.8627538444185709
-0.9259543312619953
-0.9103108480316685
-0.7835424347932495
0.2900836591041493
0.3690851547158477
0.2440844506085003
0.3393186622267688
0.2450095092816529
-0.1138783410444207
-0.1092471990114517
-0.1089241479581491
-0.1128467813915465
-0.1151498386720519
0.6159227104944645
0.6162585315234542
0.6269070231083821
0.6276152519283382
0.6240571847718239
0.6315124555095103
0.6318554072613251
0.6424790085358287
0.6396531973713434
0.6144222866988686
0.6261204999984715
0.6224485253507699
0.6185489649253796
0.6417166383403576
0.6341465975819079
0.8321588408756512
0.8324819982922225
0.8372629604287241
0.8379751156437226
0.8363718523757239
0.8399121207600977
0.840261044014499
0.8449172112544677
0.8441493859079776
0.04582311869140659
0.04759748885297285
0.03799327164582431
0.03584859413098812
0.03938646756360561
0.04330556082734863
0.03016296115821107
0.02233217882252611
0.02018120214101962
0.02762776143671999
0.01450091992482963
0.01626392861817688
0.00666917420049376
0.004511007470608758
0.008024523613743756
0.01194577195920599
-0.001163071495308254
-0.008995829314092485
-0.0111622661213937
-0.003741161495799644
0.000911638752585292
-0.002770863555769998
-0.006686721255249217
0.01657476632050617
0.008976049663488334
0.0204902542467251
0.03223602854248941
0.02855207711464652
0.0246370849688764
0.04789547829955801
0.04029641891113284
0.8442819158285901
0.8387054032671493
0.8384462258829722
0.8365008063996059
0.8309182623124998
-0.1085411564786189
-0.1068359355949573
0.2922441222697091
0.2958585454831216
0.2766107340732104
0.2724062710894175
0.2874297380708019
0.2963751496512433
0.2811887210780123
0.07713805713733934
0.07892121106549438
0.06930998127438356
0.06717588778052599
0.07073255871484718
0.07464984194887322
0.06148146802663113
0.05365251464132681
0.05151347202737594
0.05897948931654345
0.05181006510155059
0.06355317744702585
0.05986824198673898
0.0559540826982973
0.07920916027119704
0.07161010685639682
0.5847357019525211
0.5850596754655328
0.5957505656423747
0.5964319562987256
0.5928600238979547
0.6003304161135368
0.6006599496880188
0.6113309109799341
0.6120248818742848
0.6084594523531937
0.5832224595957042
0.5949231753108313
0.5912492175979263
0.5873488504854817
0.6105226729083315
0.6029497142494172
0.2012261128522527
0.2325231183056454
0.230895022397076
0.7586481141447123
0.8227979989151996
0.7292014389576706
0.5691387045225924
0.5801664590008899
0.5808366679471824
0.5772589053941992
0.860082588758406
0.8449692416582614
0.3397352745842472
0.1399162176041694
0.9758968493622288
0.03068122336562087
0.03611713705327845
0.03076063819532203
0.02296088275919972
0.3568491586041683
0.4606510597465608
0.1040504314660885
0.2952480311176588
0.1008857083463699
0.1329023626265492
-0.08682514890454178
0.08070313236784205
0.07856693393712388
0.01802607775980017
0.01586672715882642
0.0186484543474823
0.02072198611369838
0.5834483825518662
0.783987509842353
0.2258265454822233
0.950827946912192
0.9196581479451911
0.6311607617760937
0.6263479842681052
0.6323108688442389
0.8395519224189427
0.03546714513516186
0.02939114062929341
0.004102973578555907
-0.001990837041958043
0.001144883270109948
0.007134697241523436
0.03246696296288748
0.03845439357252545
0.8366297671162648
0.1039860198119901
0.1344279556086455
0.2238676159743799
0.2952540968001019
0.8390129684047291
0.807395872345025
0.2132529594557232
0.8651810348508353
-0.02218282878595385
0.008265910164172177
0.01001807157495352
-0.06324401405466278
0.2184229282503669
0.7013146071469272
0.06681508179900791
0.06075291700251609
0.06378229879797057
0.06976762288886565
0.5652390995818133
0.5688114929726038
0.5999924176743474
0.5951494838743955
0.6011129724992356
0.2630085185090211
0.1450434675829625
0.8720708398636423
0.7752814795885808
-0.109916200747388
0.6155782853635957
0.6125859564356816
0.614649303283745
0.04937079250503321
0.04722442056944653
0.0499677119129617
0.05203982073571381
0.5844033954068845
0.4377878427675294
0.4047494368511891
0.07430092792211264
0.2535799743091038
0.06808853924233771
0.198035623878733
0.01489587702006794
0.3163432758901853
0.2864176856171773
-0.05781445913626738
0.8413086655681825
0.9811899236080053
0.9492057287248175
0.3005060831471243
0.6437801573889996
0.08128015877361858
0.08312288905119927
0.08335105469198922
0.3855756646895735
0.1510797365315623
0.01332794633611933
0.8642228918613082
-0.01881007715121743
0.2795791448425167
0.3108471430968595
0.2809712315242148
0.8702652307588281
0.2142120337188747
0.2738922176448206
0.3051594957177695
0.308026754500897
0.2781750954435385
-0.8015913155646797
-0.9264907424728948
-0.9746629007438528
-0.8835882512944988
0.1540136271879236
0.2160257797376059
0.2473319112776076
0.2169278965823243
0.8394273280713698
0.7778284993064747
0.7466338699274002
0.7766398496180876
0.7029943753542214
0.6873805329665933
0.7343001243679014
0.7343300102405822
0.7030952230144795
0.6874514947541704
0.1172731053128049
0.1821101497835491
0.1832100849497221
0.1206133300177609
0.08820907478119402
0.7555886427042218
0.7540096731164675
0.696285001484136
0.6650645463397545
0.6915769037523698
0.8740437453840335
0.7836323052418357
0.7804256295992249
0.8100173766645594
-0.2198479043447978
-0.2518834246763584
-0.1337472935765904
-0.1229222488394459
-0.186884345513919
-0.2297449105826241
0.6718827667473948
0.6875061015774264
0.6406172656630212
0.671857458967395
0.6874944473430635
0.7965321465885321
0.7651912549753812
0.7651163607440589
0.796314343558539
0.8119889422581706
0.1711703376589831
0.1868274482862061
0.1396685040148846
0.1395708583597564
0.170893406795553
0.1866481630779042
0.4040850660526823
0.4195612603029968
0.3415317897178326
0.3257314311981995
0.3566842084342032
0.3879607612041508
0.2339412549808652
0.2027821465928658
0.1871318510608874
0.2025643435642922
0.15192732810929
0.2153284993363496
0.2156866842943697
0.1213748805610562
0.3930649742935033
0.3335090076196567
0.3022458579517843
0.2992871710431842
0.3290538560041051
0.404627146893439
0.4032225560072196
0.3448837012487934
0.3136195025744495
0.340706750884984
0.4752987204432262
0.5351078222141488
0.5663432945690962
0.5690172015252793
0.539100214436057
0.8926507980894232
0.8332073272315232
0.80200449573475
0.7990505370821297
0.8287609733977683
0.2655501243705125
0.2655800102427117
0.2967443753577386
0.3123805329700727
0.3124514947567253
0.2968452230165903
0.827420337653487
0.8584185040089863
0.8740044160496699
0.858685639086841
-0.1221148756411335
-0.1138769538731623
-0.1413489360225972
-0.1426594423139413
-0.1261173804663726
-0.1165689524070572
0.2965192469368641
0.2653633088123242
0.2497203139991326
0.2495885788300215
0.2651607272891227
0.07266873840451704
0.007365705058275808
0.1022308913667155
-0.06745763942113814
-0.03635794249019764
-0.1741065708521876
-0.1117642367104144
-0.06578349952822637
-0.1875697106418422
-0.1564417851544739
-0.2964602371972488
-0.1873656517871436
0.3003440807004986
0.3151300450366743
0.2213479557194732
0.2509198814450111
0.2821801715169481
0.3628547779130067
0.348068593623238
0.4253547737532186
0.4418185841753465
0.4122452956821417
0.3809953009702452
0.2438563918408791
0.2748499456071248
0.1478410069034388
0.2100680797483685
0.252527079977006
-1.668152207849094
-1.615251435136648
-1.711466735854467
-1.745117018578364
0.07790782191868517
0.04639361540228992
0.1714822983883484
0.06709476753694676
0.2024741209899221
0.2039806910899828
0.2619713969450036
0.2932373517565252
0.2665245722805208
-0.3272262575774607
-0.3695596323746058
-0.3483718960858443
-0.2618787682540274
-0.2405709521624442
0.5506178316099946
0.5891252672178446
0.6193374937483691
0.6413201633096897
0.6218673616568708
-1.051490609270278
-1.037162726646492
-1.176591269438007
-1.224806473776964
-1.133544769214501
0.8310102458163509
0.8430261394120366
0.8503516464700632
0.8530282250792214
0.8471094640127911
0.05442342752721085
0.0543847662038761
0.03884254463353697
0.03100844620688617
0.0387153565003019
0.9449709677392708
0.9450097662030513
0.9682606381953789
0.9605903564999834
0.9450484275261817
0.9607175446331354
0.9607616801537874
0.9373297539967401
0.06225479071941995
0.05454252632651952
-0.7534592884056988
-0.8444737466735184
0.467193401017966
0.4826829718608089
0.3888933101078081
0.4198722080223188
0.4511355038810401
0.4991632152983938
0.4987070661554623
0.514203593032825
0.5459253864159933
0.654031789703783
0.6694814311819511
0.5915850660437643
0.5758112602950207
0.606710761191802
0.6379342084187137
0.3593809192098498
0.3593672656647122
0.3125061015779882
0.3124944473446562
0.3281074589693977
0.5781122401147939
0.5781303258746293
0.6249137251047472
0.6249757848038977
0.6093747985513805
0.186421996823225
0.1216980377127615
0.2155868180177055
0.1161310763681359
0.211157690334899
0.6835293996632263
0.6851584965597014
0.7426818192358484
0.7738962870390333
0.7475945273302755
0.7083732435364475
0.7722584453399988
0.8346670387745557
0.9238434611980362
0.9267932962307216
0.897060344665141
0.7410254123875402
0.6523060746557112
0.6785857702263035
0.09039205047794688
0.1874632496336098
0.09251632559892702
0.7867994931256266
0.7602634974472888
-1.003297587657321
-1.094534621399412
-0.1496484283079421
-0.1207081699403174
-0.1469719175496125
0.5180502043660618
0.5165538349615638
0.4272760147279965
0.4243167805217486
0.4540685007979058
0.8985076772274329
0.8077759049172532
0.0385986153902119
0.03083858084164346
0.9684199193968435
0.3989383820693481
0.3974869189983553
0.3392904399723811
0.3349717181182609
0.2724412777753141
0.1829326582852997
0.2098956078933457
-0.09170507387680182
-0.05979348849961497
-0.08042044631740891
-0.3596850464669947
-0.2312271734746684
-0.124141143934572
0.2084335885336436
0.2680205715070119
0.4301902757677476
0.3462519688023394
0.4358791204820476
0.4386520407733576
0.4087683347382949
0.6600250792549193
0.5962191058226425
0.5337518951530412
0.4440508706263551
0.44137638655737
0.4712683093131336
0.5296112275153355
0.4698999874571147
0.4657225736352804
0.4101243507485063
0.3502818771436189
0.3190171682212534
0.4141172059009338
0.5608472238717808
0.298894734651602
0.3624423681840492
0.3907032903943919
0.3741046360837987
0.1771553276798087
0.1711969511245501
0.1978900309555668
0.670409506218723
0.6104287458409571
0.5791990266143571
0.6067094939681323
0.01480118658103546
-0.05924551487865937
0.7343759909914845
0.7031143367571216
0.7499716864156337
0.6718339031761444
0.6405316501726201
0.6404893655591255
0.7029475728084206
0.734169151675357
0.7498298568270865
-0.1890885131417226
-0.1258478317485459
-0.09562429466224376
0.4820314520655356
0.5778164835958961
0.5171688022295544
0.4752006909373247
0.734375
0.703125
0.74958857882445
0.7965943964173693
0.7497203139945064
0.2341352399783779
0.3592816501754382
0.3280839031785487
0.3279706567789121
0.2968643367586664
0.2656259909919984
0.249998553424406
0.2499140269764525
0.2654191516794971
0.2969598253239614
0.3759454064807759
0.3463853102405814
0.4911913164685726
0.50597839834683
0.4730631524020539
0.3662027728654719
0.2872284007275384
0.3168131466921841
0.4401353166214436
0.4071954170214261
-1.658472961700108
-1.725884232456656
-1.581530649468838
0.1361886494149039
0.2056278445387856
0.2294394969652273
0.2603872197131188
0.3290937542197109
0.3336979902805228
0.265625
0.296875
0.3749137251073372
0.3749757848057622
0.3905446530946268
0.4218803258755211
-0.001433976810455789
0.06224402867800863
0.5202513171596913
-0.0328791648315987
-0.04870729292793308
-0.09434026301644183
-0.1258321563954273
-0.1106674146754894
0.7341133088076409
0.702698400576651
0.9457659124874742
0.853986021173989
0.8825134076455142
0.6735590319613274
0.6456940615275074
0.7016262630923039
0.6740872295953009
0.6867779151177211
0.7524206215309059
0.6587653157522665
0.4219697901045117
0.5009301747006956
0.7323907329396386
0.7720233175665674
0.7648886635341576
0.2782918607580996
0.2628151806164308
0.3408709437364107
0.2944414863587382
0.403423892782223
0.4659503741530519
0.4817505789551462
0.3260423836346809
0.3576167620550199
0.7157918607350822
0.7312160053677391
0.653370943718524
0.6375842645976471
0.668432444605122
0.6996432683586559
0.5909238927708442
0.5284503741490745
0.5126502909953307
0.5747610556685085
-0.08661783235215167
-0.04632846317575773
-0.09775100780517904
0.7588678646996952
0.7608157377860131
0.7546175701698652
0.7585127171490494
0.7605787240566072
0.5130005789533231
0.5445745966783115
0.7315651805936839
0.576122208015285
0.6697923836203593
0.6076433100993488
0.4814002909974361
0.3876106686875089
0.4185110556797337
0.449774196618832
0.2624660053932376
0.3246824446278376
0.7785257797141264
0.747331911255443
0.8417947091438248
0.7479529461333814
0.5921670351167955
0.5296934010155292
0.5139329718595288
0.2466338699554571
0.151512968445934
0.2458595799396364
0.8270420505807267
0.8271434067882574
0.8735885360745358
0.8583208583531481
0.1392529379727868
0.1235885360842679
0.1238051002646321
0.8118274482803225
0.7781866842677743
0.8706041332062685
0.8405562603559753
0.4376925361467361
0.4986688951587557
0.7927874812462248
0.797195768811402
0.7974548324280513
0.7935614881944751
0.7913626949558645
0.7850264020983255
0.7830854505500793
0.7894181167425502
0.7896679323011283
0.7857741724306105
0.7835834053237862
0.1084460279703316
0.110236132059015
0.100619682788706
0.09849402097703547
0.1020654485916142
0.1059812144919681
0.09279290659586548
0.08496569801892881
0.08283604324873126
0.0903169996668875
0.094863442832266
0.09117784777295829
0.08726450256882823
0.110516033817331
0.1029172738217236
-0.06935643007132866
-0.07363896438743439
-0.06971980385323967
-0.06763938671154701
-0.06152097417937369
-0.06568014037945835
-0.06580085951321854
-0.06188211968245805
-0.05980262559701027
-0.05368603720269319
-0.05784355145464148
-0.05796357631518817
-0.05404522062454323
-0.05196654902462855
-0.04585161190446824
-0.0500076399646576
-0.05012705020623506
-0.04620905641053744
-0.04413112243382822
0.7975763431610474
0.7919775079626372
0.7917356525179839
0.7897886487914857
0.7841878350120551
0.783947413204624
0.7820002366954695
0.7818802153810774
0.7763976395362168
0.7761584852564698
0.777986068537933
0.7742111431168033
0.7740917355183969
0.7686069359921721
0.768368906480049
0.7701972272563455
-0.07389771925787431
-0.06852722519959684
-0.06801222497120923
-0.06605062596727687
-0.06066456746526089
-0.06016657999787867
-0.05820544705854899
-0.05280563923628406
-0.05232265967223537
-0.05036189925802881
-0.0449496880120808
0.5535396362302296
0.5538540738453068
0.5645789728333652
0.5616561059781977
0.5520159880463666
0.5637191929140788
0.5600434628447915
0.5561422901099701
0.7699657347465503
0.7753194099114176
0.7758023762044685
0.7777479272729119
0.5223348692990915
0.5226417705212488
0.5333944367240511
0.5340375971261422
0.5304454744738458
0.537938338194984
0.5382487592381177
0.5489883323536202
0.5496394512308607
0.5460516247595824
0.5208029012246196
0.5325085843676292
0.5288312600901715
0.5249292808997588
0.5481147137530047
0.5405365913603163
0.1397471690713046
0.1415426502042853
0.1319225185634523
0.1298036536402191
0.133386594526832
0.1373009405830458
0.1240974449304582
0.1162719472925816
0.1141498829141691
0.1216425050012685
0.1144289192303276
0.1261669514648266
0.1224809603082181
0.1185684257115957
0.1418162043614562
0.134217963111087
0.1712543138685527
0.1241875749214463
0.4829535930339689
0.4836381826617628
0.4519469459335817
0.40103930529663
0.4016308585150646
0.4231845612994715
0.4172508303513431
0.4213784380870498
0.4062045903863898
0.5067293407042635
0.5177975132624291
0.5184336231572882
0.5148376486155983
0.1553952103675187
0.1475713993905585
0.1454553881054262
0.1529568296561983
0.1457282579223578
0.157463798323338
0.1537776211931446
0.1498658917691247
0.7543974892604441
0.7597786156946434
0.7602360265791597
0.7621822099886882
0.7624077117740454
0.7675503566191507
0.7680198620377592
0.7663025502441528
-3.651720358249487e-05
0.0009631454522594151
-9.378131825794525e-05
0.0008778524855787548
0.002864067070905086
0.002892095922910295
0.9999062186816439
0.9999634827964599
0.9990100204522691
0.9970046920708998
0.8236231665688296
0.8270076781409437
0.7664214115869044
0.2631450413333448
0.730847628893562
0.4516971483071865
0.3750140726391663
0.9068494621934509
-0.07960888631577723
0.359801941214166
0.65625
0.7962324704111913
0.7806352761500591
0.2024824704173435
0.2023955396814437
0.8097132106710292
0.6372151510787599
0.590185139614533
-0.1356640256154166
-0.1070398007684878
0.9778171731045376
-0.01995547056606783
-0.2343402162096679
-0.1407651063476703
-0.03381337151134799
0.2855548915893
0.219656867038251
0.294713368052988
0.4257241094162956
-1.860368961542227
0.02525330211259758
0.2485762718846398
-1.022842888374605
-1.07102415512946
0.7185043639835805
0.5210272004410207
0.4981658014017191
0.482392104321504
0.4975443156939331
0.513331306684641
0.1433366369589427
0.1412151494128003
0.1438851695476686
0.1459540606455803
0.593764030020365
0.3872413547819799
0.3401329326492319
0.9311331675988783
0.09814950170484257
0.09209826125856535
0.09509108929640647
0.1010744889290262
0.7899093862367306
0.7743305691185701
-0.0663040111343362
-0.05059997838971983
0.5639445336300135
0.7775062251490396
0.4447040706416817
0.5043048745009684
0.3451294214035562
0.5376197813784104
0.53273313690492
0.5386981352989647
0.1294720859393662
0.1234299156075445
0.1263933936739748
0.1323750023835701
0.1576892494191701
-0.1410789530457867
-0.0955770373656748
0.5173974224083826
0.7167529814669074
0.3263336028715013
-0.3121299448050285
0.761953497182341
0.002840695289948327
0.4968436925269352
0.4810307244072611
0.7665402895875102
0.1080331051030335
0.79666644507361
0.1120248388703079
0.1098968219778793
0.7821202785716881
-0.05845070666986543
0.5532170023774294
0.5501778460365958
0.5522410163229188
0.7697308702084791
0.5220199153629714
0.1125859559419141
0.1146557890779429
0.8465239418171642
0.001953125
0.002917647242045364
0.994140625
0.6855463788848679
0.4218907306517119
0.4898206829211922
0.8161865718187313
0.5135285417679716
0.8257160721011468
0.8891725745547067
-0.2427963282657403
-1.793177778727731
0.59375
0.4321650663111292
0.387948164818043
0.4025223676244415
0.4213128968470627
0.1547490186496854
0.9960209829906066
0.998046875
