FiniteElementSpace
FiniteElementCollection: H1_2D_P2
VDim: 2
Ordering: 0

0
-0.009894387236729196
-0.01799441581947376
-0.0242942911925186
-0.02930085424423418
-0.1689476166004193
-0.2394451598416019
-0.2649413152059755
-0.2680815772833623
0
0.009894386990223634
0.01799426234465726
0.02429429447067986
0.02930043012888578
0.1689450609280702
0.2394409977738844
0.2649410830173377
0.2680824417740482
1.219251026007886e-11
-0.005176832402372679
8.63748000119891e-11
0.0051768323896883
0
2.932295039322225e-08
0.1098913230484881
-4.986882416009751e-10
-6.941670645681236e-10
-2.507235327936265e-08
-1.404801894700021e-10
0.008003398156291641
-0.008003350948170611
1.845398301472412e-08
-0.02136930020013096
6.159304851159716e-08
0.02136942260530187
-0.01380739127775775
-0.01423535567937147
-3.582408105544664e-09
-0.01272759347284524
0.01272753889807425
-0.001230462400925382
2.833960517824195e-12
0
-0.03327244770494363
1.676206561889829e-08
0.03327244283835087
0.07357127835832483
0.01423535086439516
0.02677496367966652
0.01380739685300056
0.001230462400525869
0.01416935588537377
-0.01416935771274329
-0.02677496273457413
-0.1098914957594676
-3.313500551765109e-06
0.06814017098907627
-0.06813939955955782
-1.721414643422208e-06
-0.2112188875063829
-2.438959153873162e-06
0.2112225138184223
8.865389895753828e-07
0.256407850059449
0
0.0002872073079386206
0.0009307586950610677
-0.02117148287903851
-0.0215092141596257
-0.01401637167173315
0.03657332364797669
0.05363385489557802
0.02150924309414928
0.02117144916336885
0.01401639402278434
-0.002685582584588341
-0.002880286139376902
-0.0009307586948156073
0.002685582583874307
0.002880286132544415
0.002511817212707829
-0.006981568667447254
-0.002511817209638289
0.006981597865416554
-0.02789405773527132
-0.03657334939092
-0.07357131778744118
0.02789414173076349
-0.003727274018307557
0.003727274034144199
-1.053955421252895e-06
0.1297521882701971
-0.1297518008665919
-2.642872623711684e-06
0.2678482279159001
-0.2564109074704793
-0.01137850392186838
1.127864518284388e-08
-0.0106189829346696
0.009803465380732573
-3.752824484353085e-08
0.01061906635896416
0.0113784248005248
0.01208145359987588
-0.009803476177205547
-0.01973800024558182
-0.008931474659234323
0.02288806865368092
0
-0.0005606017898707986
-0.0003595070793106199
-0.02503497039065837
-0.02524908034938863
-0.02133376437091202
0.03466733149703739
0.04293934453790788
0.02524904423021982
0.02503495340331886
0.0213336732773015
-0.001428564362717041
-0.001727027137084507
0.001428564361477036
0.0005606017897144367
0.001727027134814573
-0.03466736496993313
-0.02879676318362487
-0.01770480432759845
-0.0005869040346457972
-0.02361690684096189
0.01770483475086791
-0.001916878713651701
0.00191687870964733
0
-0.0284842863452252
0.02848439650607732
-0.05363385433144194
-0.0002872073064925116
-0.02344733540177977
-0.01152975003552612
0.005978407638674865
0.004881408508671842
4.586302972738689e-11
0.09375070531268563
1.332900971468358e-06
0.1035588936159029
0.007019030003641633
0.003750919581065798
0.01131836953156092
-0.005978407450783755
-0.01208811463881858
-0.007019029127769075
-0.00488140845933926
0.01152975619986123
0.02344732949223878
0.007090632293208839
0.01056692919383844
0.003513704705966042
0.01208811393627682
-0.01131836971221324
-0.003750921618752708
0.1116118500496458
-1.679940582319494e-06
0.1180790842330016
-0.0937509403413903
-0.08200470293744143
0.2269117000385789
0.1231421788266593
0.249157110652174
-0.111609502930272
-8.801833964952516e-10
0.01613801355731101
4.569621067063653e-08
-0.01613808505880134
4.416275640885199e-09
0.006197540939419661
-0.006197526958704123
0.05193359333606749
0.0298074499953961
0.09231059628439557
-0.01331106324944647
-0.006504073960315015
-0.01958759023448288
-0.01208155276078189
-0.01865908426623502
0.006504088384715665
-0.007090623891464562
-0.01394456401459832
-0.004618364659555685
0.01331107959937665
0.006769075516813018
0.08200635812767929
0.1146383817893303
0.03735128516444829
1.615030577022349e-06
-0.02980756284423531
-0.05193352745492697
-0.09231034582725557
-0.003513709072482895
-0.01056692263999006
-0.2678499184586773
-0.1338067764037797
-0.1328405036341289
3.205542911796155e-07
0.1416581770405844
-0.0255880840678789
1.126097704758232e-08
-0.1416654691596964
0.008931528021653104
0.01275275256181903
0.004229042035075794
0.004678999175540171
0.01410275008340547
-0.1231419004912573
-5.670861522089731e-08
-0.1180776086608467
0.02361689912245196
0.02879674941277316
0.01784918314689975
0.01958907674342966
0.01597081728244242
0.03268789088295279
0.03704403622367649
0.02718124391805533
-0.0007893755357650788
-0.0009720476215668757
-0.0003197842052521562
0.0007893755347037572
0.0003197842051265971
0.000972047620681836
-0.0178491884544561
-0.02284374657460906
-0.01854534079227997
-0.0159708259761122
-0.01958908639144038
0
0.000239674809556076
0.01973800116317177
0.0004456195746610038
-0.01412074253527577
0.01412073944853515
-0.001150554867829725
0.001150554867162484
0
0.02705396006439854
0.02882438123300674
-0.01871248997716748
0.0003595070797760311
0.0005869040348969844
-0.1035594589875521
-0.1629077428651499
-0.05365334938879942
0.1328405917056126
4.596808623116867e-07
0.1335097366234449
-0.04917397384919599
-0.1496737487140586
0.1316497445700503
0.196775385196866
0.0652839173613755
0.1338078739713191
0.2680922675518895
0.2669211327378159
-0.02705392347538127
-0.0271812995249665
-0.02513777966690284
-0.02326457638086988
-0.02336531820362573
-0.02141772288540564
0.02735438096364094
0.02982201469801703
0.02336533472943525
0.02326459627195919
0.0214177552452164
-0.03268793660573486
-0.02982204718311992
-0.02735439027427657
-0.02506263566954298
-0.02882400988227087
-0.02678928448772409
0.01394456645468772
0.01871248656040219
0.0106524817665069
0.01238929928191588
0.008832935618766422
-0.2269162861132236
2.480919843885542e-07
0.007033840592292296
-0.1920112156054103
0.2615530927174216
-0.04293929108466839
-0.02481765310387041
-0.02458839198237842
-0.02081909822794203
-0.02043190963366862
-0.0009263584358815712
6.16808905668137e-12
-0.0006029150961544051
0.02081911116612935
0.01744141413244596
0.02458830068271159
0.0009263584448886149
0.0006029151005319094
-0.1269727851302911
-0.06243458582376137
-0.1886337584334212
1.138043836947094e-12
0.0002203481959720324
6.929197689509846e-05
0.02043195428958164
0.02733668991266434
-6.929197606509273e-05
-0.0002203481926100237
-0.0106524752454063
-0.014348622074028
-0.01021384888789621
-0.008832926844053419
-0.01238929926064422
0
-0.009258161491227105
-0.2491535135009298
0
-0.007033830165145336
0.1269742465874321
0.1886336584683188
0.06243368808371851
-0.01275278501737871
-0.01343829942937229
-0.008474421269341718
-0.006769200391885137
-0.006880370020593119
1.059407510751899e-07
0.06640041044741379
0.09229413744158832
0.05197823199225881
0.02558818263154157
0.01865912133057006
0.01958760414966803
0.0641004387287173
0.1934297633765455
-0.06640046267272651
-0.05197826768459451
-0.09229422446404913
3.964587436131145e-11
-0.001554085597308755
-0.002147370085567154
0.007588776249285958
0.004737446110148254
0.006509131847185276
0.002147370185773693
0.001554085632727411
-0.007588776319549755
-0.006509131915985007
-0.004737446132239004
-0.1316489689730523
-0.06528510250179315
-0.1967753366414192
-0.1989356434160931
-0.06607273181595252
0.01764652552568776
0.01173698415999836
0.01816330399986465
-0.01536842396282245
-0.02056771759559767
-0.0159695850184451
-0.01410276557926476
-0.009374478844173183
0.02360525110699168
0.0171085783751902
0.008196535953189459
0.007363291014651738
0.005437029989723816
-0.008196536099725387
-0.0110051446161795
-0.009008559690441346
-0.005437029897354184
-0.007363291122377532
0.009008559531943214
0.01100514419251853
0.0185453368519147
0.02067863532043063
0.01603762233111599
0.02284374590345659
0.02506263701804117
0.01967204917437272
0.01690612896677971
0.01510348185064916
0.02054401799145956
0.01871885951344973
0.03136922877496184
0.03378288095607447
0.02818611019623464
-0.0004504164172628352
-0.0005453305646417377
-0.0001819515284287812
0.0004504164166668594
0.0001819515282899305
0.0005453305639625652
-0.01967204313550237
-0.02224628247765142
-0.02024211911606572
-0.01871886550325641
-0.02054399029925497
0
0.0001404878093996421
0
-0.0001404878092488667
0.02811163795538359
0.02711527495999371
-0.02811161812132021
-0.02818596455665411
-0.02711528296643403
0.002710244401413429
-0.009799646559060536
-0.002710244218863524
-0.00422904464363128
0.005860369103735759
-0.004679051544345866
0.01654964341268212
0.009799646498094101
0.01777446308697666
-0.2615566571858814
-0.2669207663302759
-0.0165496686116685
-0.02614513625420273
0.02614503967860838
-0.000651684483651662
0.0006516844830934723
-0.02067863964808415
-0.01777447166900428
0.0002698548043207674
0.01417632135349985
-0.0002698548041502371
0.02902359866166948
-0.02902323123292754
-0.03136919736323548
-0.03704389137008748
-0.02288796700697126
-0.000239674809254355
0.02513784292658573
-0.00044561957339721
-0.00549471010627754
-0.0110057651958728
-0.005681022229569704
0.005100896353104791
0.01021826748368899
0.004893518376061835
0.02104150789837624
0.02557861869771173
0.04288826171093842
0.006880337045957121
0.003462544561103757
0.01041294075062914
-0.01764651010228703
-0.01816327234551333
-0.01173708439370706
-0.02104146643772704
2.716804722010361e-08
-0.01628245705198248
0.01025283686120818
0.003410671419156145
0.01628247947501932
-0.1146426735032195
-0.1245531729186189
-0.07535069564025944
-0.005860260490881425
1.463368942973339e-08
2.419995025869485e-08
-0.00530136716286944
0.01536837875473769
0.01596948939617545
-5.988183775947075e-09
0.005301340917801404
0.00549472987181625
0.005680994710211106
-0.005100980787771066
-0.01021820040776228
-0.004893459930758731
0.01100570176338989
0.003244662211251433
0.002981046182725601
-1.68007125264009e-10
0.1496733797303107
0.09888376696168316
0.1566209892526849
-0.003244662210446987
-0.00298104601598805
0.004618355000510281
0.009258164519967025
0.003542091060234796
0.005293300780229086
0.001763409177419019
-0.1336740357410346
-0.08812949357343354
0.1629090534271517
0.2194878493510182
-0.003542091217714479
-0.006114438983805605
-0.002036408762335149
-0.001763418539045707
-0.005293297492905618
-0.04288825146940112
-0.02557858084460245
-0.006032521028998459
-0.01603762708870737
-0.01826281819743712
-0.01630272025505408
-0.01510348941060067
-0.01690613461813048
-0.02424806931903755
-0.02430290671483237
-0.02331333244126342
0.02424807188149518
0.0233133510520556
0.02430290323701005
-0.026389484850775
-0.02532781257459519
0.01434862029005627
0.01643821098440297
0.01244073084949372
0.01330914195471938
0.01152171580477017
0.04917364429131555
0.01357274755438496
-0.03735221238668551
-0.0437701618219498
-0.02238509522769869
0.02238511835538549
-0.02428704123042957
0.1920131473558313
-2.403429431192692e-09
0.01060855455080078
1.451105202630668e-08
-0.01643821401445712
-0.01417632748274211
0.0263894568328889
5.092332003445845e-09
-0.003137502879602742
0.003137535650656342
0.0002097276419216862
0.0004344056876593645
0.0002825110009673379
-0.01302796249012622
-0.01648386678943517
-0.009869495655068268
-1.156046722673626e-08
0.003214146090120364
-0.003214149028683018
-0.01204611267478799
-0.009718629204422074
-0.01366343705597555
0.01204611087015309
0.01031627537031373
0.01450016657243935
-0.01357281225032683
-0.01025279857210096
-0.01007130957866829
0.05729796201014298
0.1150318583312225
0.05557416086799435
-0.17363897878751
-0.1781454293027374
-0.1150309368532493
0.1336733509603987
0.1245511551162885
0.08813252075868226
0
0.0001389835606851215
0.001154666745528621
0.0007492083076589624
0.0009056104434808041
-0.001154666746197543
-0.0009056104434658653
-0.0007492083071905015
0.02481771811085984
0.02308220831685562
0.02678907400323104
-0.0002097276415927955
-0.0002825110009698282
-0.0004344056869422172
0.01056951639885032
0.009103391640099103
0.01280210677400454
-0.01056951639276876
-0.01280210790601717
-0.00910339057646394
0.1736352122308061
0.1781438276107127
0.1821246823740776
0.2446287542676118
0.003993496145091897
0.005814740386192872
0.001935534035677308
0.01366344697114967
0.009718618213486812
0.006354991282464037
0.009421227992179631
-0.006643074396791856
-0.003286040711190271
0.009651846308827787
-0.006354987120021442
-0.009651834823531305
0.00328598348980936
-0.2680919939234023
-0.2009314799480039
-0.2007496621402022
0.04377151093030995
0.04069452342971991
0.004457553939107767
0.006521379079628373
0.002171080181086592
0.01343829899465177
0.01531227563959896
0.01089635536469854
0.01145885706723996
0.01609977388543683
0.002283589765994704
0.006858877720906842
-0.1821249099949878
-0.1207733084791993
0.02861832514221079
0.02985986861738337
0.02620663251552069
0.002055064912542271
0.006173332708922123
-0.02861833918539708
-0.02748279357103866
-0.02620667947349593
0.01021385487392134
0.01227600737488123
0.008869446262829126
0.009739991788281506
0.007962950194541374
-0.02733669609530337
-0.02411908783008946
-0.02363843369241735
-0.01683074388940993
-0.01715250577370169
-0.008869437060087663
-0.0104970332487494
-0.008579300820533495
-0.01244073071701049
-0.01435631824400018
-0.01242227916161363
-0.01152171317994044
-0.01330914478131415
-0.007962941776058354
-0.009739984744929568
-0.0001389835603962002
0
0.02651900807263737
0.0228918134443777
-0.003352021372178082
0.0266583702818383
0.02569548605587177
-0.02569555319319847
-0.02665844052054003
-7.562879954059953e-10
0.0006701007804423612
0.007518246019283795
-0.02002042612022649
0.008474492177404968
0.009374527321975216
-0.008160870791860073
0.007061497447708028
-0.007518244531173643
-0.01516770242238404
0.01708020155567716
0.0536535371733429
-0.05729797301697347
-0.06019468595443307
-0.0006701007791810433
-0.1335078558095615
0.02818107190686524
0.01516770296388959
-1.296112761138475e-09
0.01241177145391249
0.01302797530546074
0.00664300775426611
-0.01227600078869322
-0.01060854922016873
-0.1338883851397502
0.01888019674892955
7.369886353895965e-09
-0.02519114533211332
0.02100055450259996
-0.007061489360980704
0.0251911032556925
0.001878584216137498
0.001155228532543217
0.001637479374834568
-0.01913383323629489
-0.01573021981156925
-0.02207999922105799
-0.1039009166981925
-0.08105200279596607
-0.1158874319229034
-0.05356328231615119
-0.06237572405874092
-0.04437936086790573
4.931159614523938e-08
-0.01585877577606978
0.01585813897876239
0.1039032967823961
0.09039313574796495
0.1288491430607292
-0.01744150832121775
-0.01757357899316876
-0.01391403666391597
0.05356325208913508
0.06377098493510507
0.04434172467228725
-0.001244706334704695
-0.0005417610574079201
-0.001637479366983454
-0.01730152010331743
-0.0210005721687145
0.001244706353505474
0.0006989588594862765
0.002107392371288286
-0.04434174984374156
-0.06377100513370694
0.06019592477274462
0.1207754042008724
0.05883445671079266
-0.002432429862356771
-0.001144392464835275
-0.003441415830533163
0.06034502628375847
0.04793028806983804
0.08105185504900905
-0.01241184503537666
-0.009421282718630868
-0.03372761205802127
-0.04792990618031194
0.03372799253185946
-0.0603448257329906
0.01774698253108846
0.05357108594454554
0.115887675517341
0.02428705148108445
0.02532781559422989
0.02243451633729652
0.0228734394179825
0.02194684892355207
0.0005417610737945281
-0.001878584215838013
-0.0011552285293125
0.02024211725031049
0.02124042623593498
0.01875904374362499
0.02224629198469608
0.02326173864171418
0.02058862046469694
0.01919427735274722
0.01828399720687719
0.02102522932305758
0.02010788107548086
0.03054827180602917
0.03192294162177275
0.02871232382832013
-0.0002627977853534076
-0.0003107017153224762
-0.0001040054445452511
0.0002627977842149265
0.000104005444232218
0.000310701714628796
0
8.027269480685969e-05
0
-8.027269474730428e-05
-0.002107392354291152
-0.0006989588277122301
0.002432430007441141
0.003441415916941176
0.001144392607929502
0.04437933099002935
0.06237568202223973
0.00611443046018115
0.008160873478289147
0.005315128116024854
0.006189612194832717
0.004419157779593445
-0.003127781419817574
-0.01041294697924874
-3.066785255085103e-07
0.004311597942481013
0.0360653263125272
-0.02495504400721587
-0.1263473710839971
-0.07084952346288284
-0.03606534603890219
0.07535068607632901
0.1558443789030673
0.017811118065255
2.282810796192243e-11
0.003127781428416087
0.00352755953192325
6.241296718089488e-11
-0.004311597915035095
0.1263469049598778
0.01962968524084076
-0.0003680914289913163
0.0003680914286871422
0.0001547182579377477
-0.0001547182578137072
0.02146231006944031
0.07084946522208438
0.02866934567616322
0.02914178338566252
-0.1077934701141967
-0.07907888868581224
-0.1326312209987506
-0.01474611288868077
-0.01760094555638599
-0.01253114396008345
-0.002850608033750738
-0.002401838290029739
-0.002292448732056398
-0.09888581593638987
-0.1270912794965898
-0.07572932962557512
-0.003937706215514965
-0.00395018703676091
0.003937706211809758
0.002850608028750259
0.003950187026622452
0.00197045064201078
0.002401838284668092
0.001563782288450062
0.02411907671907119
0.02388052907533238
0.02062895771698342
-0.06410093352626971
-0.06474818553245472
2.893048065743516e-08
0.1989352875460136
0.1323248518614911
0.1996515223836938
-0.06333319676404951
-0.1284833227993587
0.006032534447656428
0.008926066704122148
0.002972657963355796
-0.01200379434004241
-0.01686265858876252
-0.004457561951313832
-0.006858866285620781
-0.002283591433507654
-0.01710860325329363
-0.01400769944438033
-0.01966811784074353
0.01474611406600327
0.01253113198426015
0.01760093681736723
-0.002171082306451408
-0.006521383628364719
0.003056966092839438
0.009179094786708463
0.002292448728264595
-0.00197045064557621
-0.001563782290720054
0.0035013097005571
0.001812488225848243
0.005445602603984169
-0.003501310207433002
-0.001685932131128019
-0.005065893485221987
-0.005445602303167297
-0.001812490111465614
-0.04659362389248486
-0.07204155421071452
-0.02392303754111461
-0.003993496996490668
-0.00193553664001511
-0.005814741641917519
-0.006173339883903864
-0.002055065984956431
-0.1685668698158636
-0.1376355099093076
-0.1943490235651273
0.01686266317017838
0.01200377425338417
-0.05152360422692853
-0.02627673444312294
-0.1566210692164997
-0.1874329171249769
-0.0821070251555422
0.2001710542678916
0.1332333940978496
0.2005263288816423
-0.17976687172922
-0.02515613400503999
-0.1209883496610804
0.2007517859411911
0.2680305550732116
0.06607329315986016
0.06572235808765856
0.26749355745995
-0.02907824566668548
-0.02767836646388472
-0.02973330247304902
-0.02243449191764238
-0.02384451887917505
-0.02286575323071657
-0.05557417054302567
-0.02729073472946424
-0.2020799031488446
-0.1713118070832798
-0.1420383036242032
0.02435492288105311
0.02268947255194131
0.02625536580858084
0.02363842119605737
0.02705761625245139
0.01715256336705509
0.01730154018416703
0.02761434809631233
0.01630271404361404
0.01728072533872539
0.01513543965414283
0.01826281371542595
0.01925000217340243
0.01694212383039558
0.01556963735809755
0.01466954132466845
0.01737663459017134
0.0164719297858912
0.02907825416465143
0.02973369164156131
0.02767832132087652
-0.01875904677164371
-0.01997361552081433
-0.01902098851614504
-0.02058859872707821
-0.02189503478535742
-0.02093143150426452
-0.02010786786050889
-0.02102520025771912
-0.01828400359271191
-0.01919427806300313
0.02764215119048252
0.02714689482084209
-0.02866875100406103
-0.02871196839290487
-0.0281474622756992
-0.02764222850261629
-0.02714697277352676
-0.02914085002062797
-0.02857759891315199
-0.03054812072158201
-0.005315123558610734
-0.006666815569815085
-0.004759168408393413
-0.004419157373017179
-0.006189606300362529
-0.01694212887936712
-0.0180723234976106
-0.01712759420059372
-0.01647193541002517
-0.01737664066925935
0.01435631198808791
0.01532800725954671
0.01333716515199136
0.01377141707782448
0.01287511169173132
-0.0203079426423371
-0.01446473522888994
0.005065893778359208
0.001685931524043592
-0.02194682198307282
-0.02287341856813754
0.06654973474695537
-0.003819863888855586
0.003819863876868031
-0.1934317071909843
-0.01888019007109828
-0.02214270473893596
0.02056769015199833
-0.01925000637962476
-0.01781112531032551
-0.006505696932836477
0.006505697336912701
-1.330662019737459e-07
-0.2194830861131023
-1.883901169976338e-06
-0.004073915663520774
-0.003527563445287977
0.01600365830893845
-0.01728072934661031
-0.02124042317723539
-0.01962968130684006
-0.01600366502607072
-0.02146227837639618
-0.02985992440529574
-0.02326172673698276
0.01241464069334223
0.020020411500977
0.01420537261064379
-0.02803556850043593
-0.02360511961343951
-0.03378272081061612
-0.02795600070171526
-0.02692440471882342
0.04659326404489115
0.02392248045055064
0.07204127942342542
0.1252005168314248
0.09445095359236481
0.1579520221705348
-1.477643722268817e-10
-0.06680394668374008
-0.06690002777782782
0.01757367656392778
0.01584871292270983
0.0194392630343077
-0.1252005779907441
-0.1579522706435715
-0.09445168013330812
0.01929302017494073
0.0157328452452582
-0.003462577654348679
-0.003437260654928359
-0.006931397605338278
0
-0.000194924562207389
-0.0001564271436545782
-0.002057832388851176
-0.002189565526864547
-0.001587969098297246
0.002057832387500924
0.001587969096551911
0.002189565524282433
0.001304031065733777
0.001440506712926614
0.001034162805597914
-0.001425521223246691
-0.001304031067088388
-0.001838021123620937
0
0.000156427143645005
0.0001949245626128917
0.001425521221528455
0.001838021120479722
0.02692452702021973
0.02603352660831732
0.02795593625336992
0.06799877048547395
0.0225706686140593
0.05152310671424287
0.07572877722175284
0.02515626330153959
-0.0406948137811809
-0.06358580542269603
-0.02109510781731368
0.1856106842348075
0.1555845245235664
0.2190291088836823
0.1420363123903312
0.1209895630061749
0.1713126378526179
-0.01948950613359066
-0.05878309157377946
-0.003487569739419741
-4.418524973165107e-08
0.07982477989085139
0.07097362427464281
0.101921470446047
-0.07982483042619704
-0.1019216957380572
-0.0709734884907138
0.08692145828640588
0.06011511826322532
0.133887826897515
0.200929817884223
0.06690069641384216
-0.06139180142246463
-0.0930043573982566
-0.03094461393983048
-0.001034162806090738
-0.001440506714289636
0.02584142426587558
0.02477475342489498
0.02533599148046505
-0.02818081812255575
-0.02651903969120378
-0.02625537199198154
-0.0243548753005774
-0.02268950323874514
-0.1912275894415995
-0.222254145092525
-0.1555845290063423
4.834202632715662e-13
5.273046319473455e-05
1.699910742087188e-05
1.705992184165029e-12
0.0001298237014660498
9.052820223178809e-05
-9.052819961444445e-05
-0.0001298236969675733
-1.699910700076457e-05
-5.273046160119473e-05
-0.1856110745423902
-0.2190293893254708
0.06333266838399092
0.03143059460895491
0.1912295952933294
0.2222543267243343
0.09300446508223033
0.02619406256898062
0.02262206023330992
0.02314088875902897
0.1599768020445402
0.2249986148091046
0.06139170790075853
0.0309444566229112
-0.06011512086988516
-0.08692156719239898
0.1952663453404123
0.2273006950943416
0.16168525045903
-0.2001709014657429
-0.1996516322916569
-0.2674934846019359
-0.01513544573300454
-0.01618620632176544
-0.01524781117531425
-0.0146695474865289
-0.01556964386086646
-0.02474601186047691
-0.02477477474363249
-0.02427496609278304
-0.02380601262843465
-0.02383317073654755
-0.0233388952555736
0.02474599150728571
0.02427496354945767
0.02380602287910012
0.02333891388938789
0.02383318113488778
-0.02584135781082966
-0.02533603286996091
-0.02483522205818774
-0.02433829941359945
0.01242225968048616
0.01338794913582233
0.0115458882217898
0.01198046317810816
0.01108732243128486
0.02483517758377431
0.01049701127142981
0.01145868256347413
0.009760372659895463
0.01019553337395482
0.009304983523284205
-0.01333716733009945
-0.01431188282355851
-0.01337849022962704
-0.01287511298794217
-0.01377142137155362
-0.02247976700445009
-0.02599584880930371
0.1620313265190183
0.1142957975933109
0.02779742467632981
0.02591772154897726
-0.200525642196016
-0.1332338455985486
0.01913384951573966
-0.02062892574650035
0.1284843083715013
0.01391399769918819
-0.003410654903478306
0.0001429295718400073
-0.0007638987402553963
0.0007638987407526179
-0.0001429295700044382
3.027575515958747e-07
0.01063021038664258
0.2530664108186876
0.2020767077647756
-0.06655057992298671
6.576451289588749e-07
0.02864772262208154
0.02748276864354271
0.008850947012724396
0.2592219974121648
-0.2530663249735156
0
0.0003000709938163217
-0.0003000709884252623
0
-0.0133879528928801
-0.01241464075356325
-0.01532801089202714
-0.01420537834440954
0.1809826879941196
0.02492856974387314
-0.02761448915683394
-0.0003807771257614175
0.0003807771337327539
0.1685688954494497
0.1943489467373854
0.1376355451239022
0.005633776022177682
0.007117737159704697
0.00608493453662346
-0.0436702358872751
-0.04878340692143689
-0.03955844543457269
-0.005633776062741317
-0.006084934580909772
-0.007117737243244265
-0.1307992607929196
-0.1642639905702344
-0.0983406530421925
0.04367022577128114
0.04838488030262013
0.03832142382350494
-0.02308225201357392
-0.02298869699963264
-0.02492872169887178
0.1421325336248054
0.2005543809610034
-0.05883464535030367
-0.08942795833985522
-0.02974359841645303
-0.02901838985215432
-0.08726487870278406
0.1979852372599758
0.230731523442546
0.1642644928072906
0.1307992663444801
0.1631042898867956
0.09761951737425784
-0.03832144050267412
-0.04838486287190275
0.06474763454506449
0.03249958663751868
0.04845074891629837
0.05931933159302114
0.04233043572875821
-0.04845077059503977
-0.04233045725511565
-0.05931937516621631
0.006395262147698954
0.005028698224830067
-0.006395262180096805
-0.005028698246608467
-0.1979853737727955
-0.2307319809488587
-0.06572250213452413
-0.03274398489247253
-0.09761961688613538
-0.1631046840550768
-0.09892217058054209
-0.03294121266467494
-0.1952681908468328
-0.229198802551624
0.00203631868338612
0.004073821550073507
0.001770667673195531
0.002650707583236486
0.0008834509880223563
0.01007126410304121
0.01016484041713832
0.01344495631669641
0.02686873475053676
0.02739481200721096
0.02572613876829556
0.02793372289412747
0.02849167221449497
0.02669131100391427
-0.02793404143809679
-0.0273951466899524
-0.02669135067824925
-0.02686904849103059
-0.02635224812258291
-0.02572618608517521
0.008579284406357213
0.009537351659532267
0.007979574604122438
0.008415545599007592
0.007527096853479495
-0.009760364168876937
-0.01059066876792631
-0.009664759170946126
-0.01154588549717517
-0.0124473651013526
-0.01151820710956829
-0.01108731899702871
-0.01198046210365628
-0.009304976177687498
-0.01019552779845982
0.02595008771787253
0.02547193577466267
0.02691835472518036
0.02643193955760809
-0.02643200931830029
-0.02691843105291493
-0.02547199316166993
-0.0259501553871182
0.00997263977116827
0.006707966697747376
0.0238444903812962
0.02433825198807169
0.02289916308614882
-0.0001557377621944924
-0.0001798259127692199
-6.061391341614184e-05
0.0001557377616898808
6.061391315535639e-05
0.0001798259121072646
0.006666792292837072
0.007622435459541401
0.006202515047033591
0.006639514121798576
0.005752710612791145
0.03955841797000475
0.04878339364595986
-9.157985246663182e-08
0.03594518075471587
0.009869548811024424
0.1077949278135031
0.008755324494605487
-0.05373075008710965
-0.03594520801125915
-0.008755324631927781
-0.1323241202870238
-0.02289180565900497
0.2335475473591933
-0.01145870650483597
0.003352025698619425
-0.01063020545319061
0.01683071122443655
-4.890499861156936e-07
-9.328909946635835e-07
0.2634454853763383
-2.120128605744906e-07
-0.009537373755958733
-0.008850938854675335
-0.26344398289514
-0.000210739900997083
0.0002107399004572595
0.02617490221329035
-0.02617497556028538
-5.04809858441177e-09
0.005304077872490038
0.007075872559359373
0.02521937859151841
-0.02521942382216578
0.05373073097092458
0
0
0.004274917868033068
0.005709451032918252
0.004070542985383675
-0.01048868675165682
-0.008701568752782857
-0.01220510213221281
-0.0004428406796428772
-0.0004570541709455581
-0.0006555929903064908
-0.0209960750527183
-0.02463625455046633
-0.0138844579899805
0.00693138943444289
0.00863840335256867
0.005176919710692139
-0.007185870202988887
-0.007345380739604618
-0.004787160830184044
-0.01943925234079407
-0.02125297707354479
-0.01951240452968804
-0.0002159621434307432
-0.0001115682748081632
-0.0003470327786418622
0.0004428406826762849
0.0002724661036193239
0.0003907812023665589
0.006911199143200184
0.00810176709429569
0.01388447172877503
0.0004968321779884786
0.0003882537794071698
0.0003470327794738908
0.02976247965724815
0.02958742892882312
0.02381847024176056
0.01048869785187597
0.008765137814776046
0.0122943727095782
-0.0297624953112329
-0.0366135152853179
-0.02934290695262609
-0.0006156630801714424
-0.0004007412611199295
-0.0006854407355446449
-0.0008367579445803504
-0.0005514223076884846
-0.0238184784515587
-0.029587445380005
-0.006911178252000018
1.229018409785032e-08
-0.005743198042045826
-0.01740757309970751
-0.02834374004081912
0.0209960799735115
0.02834373326604414
0.01740757530282979
-0.003056925448002154
-0.003015232732875253
-0.006115928199883736
-0.02619405707411048
-0.02314088311900562
-0.02262206213340413
-0.01229436770811517
-0.0087651265435342
0.00574320885155338
0.0006156630812196598
0.0006854407366324805
0.0004007412619246784
0.0002159621440044506
0.0001115682750642949
0.06680371699359319
0.1336943902757561
0.06670137134706511
4.942319972112991e-07
0.06686708435464558
-0.02665335109405184
-0.02764464347538332
-0.02579665827461733
-0.0003907811981309969
-0.0002724661013042827
0.0009118469857509608
0.0009276384113106501
0.000655592993015571
0.02092322380266199
0.01790756593954749
0.02122159341484836
-0.01609982003765549
-0.01377318309237509
-0.0157091248961342
0.009110764735004618
0.008621666397600007
0.007782574066468186
-0.00911076497190756
-0.007782574194755469
-0.008621666584671079
0.02842494039767003
0.02844606756021249
0.02869005234402407
-0.008126471014893983
-0.006938858431076458
0.01353305878776338
0.01081415757563369
0.01377256405269651
0.008126470869543186
0.006938858343814108
-0.004274917686620363
-0.004070542830819536
-0.005709450903858783
-0.0004968321771567823
-0.000666945360799776
-0.0005958154440510248
-0.0003882537788503924
0.002498022444017287
0.004998073295833831
0.002445743169916006
0.01033518720596097
0.01211530319460106
0.005214558861732997
0.00870157224513938
-0.02825843903947247
-0.01868019313359553
0.003437250542723392
0.005137996074981882
0.00171170210319129
0.02825845765449525
0.02463626495390932
0.01868022535645655
0.0183146601777067
0.01567160397176355
0.0186622503319354
0.008388206398746136
0.005588753500402821
0.008526635305832767
-0.007502272042519521
-0.004998110907235094
-0.001770669574989018
-0.002854331608079762
-0.0009513819303527819
-0.0008834619430447392
-0.002650715055370851
-0.008101736540813198
0.01220511387430723
0.01400769782541466
0.0111938312577696
-0.1809841269683375
-0.1620325434415104
-0.151885671525198
-0.007979565436777655
-0.008740269633591471
-0.00781699774678685
-0.00752708911654078
-0.008415537659855549
0.0005514223082138933
0.000836757945295732
0.0004570541724542831
-0.0009118469836897381
-0.0009276384105535564
0.0228657444295676
0.02335389236201595
0.02197125191512811
0.02219026818836229
0.02172797483922964
0.01902097352244081
0.01949672488276112
0.01830374667947474
0.01997360096496028
0.02045184743488931
0.01921512601708172
0.02093142305834303
0.02141242090320555
0.02012986213661972
0.02189502861566054
0.02237950658647245
0.02104839057112024
0.018521239667568
0.0180665888912501
0.0194328584916842
0.01897664521545645
0.02034791847467014
0.01988993460681761
0.0212668690730474
0.02080687545938252
0.03004745672940838
0.0308524716541366
0.02899003339917998
0.004759119767605487
0.005712470729479851
0.004428359138576286
0.004866577495882865
0.003981003487274897
-0.01763857805557684
-0.01936678569337891
0.02934289462183128
0.03661349176327733
0.0289646118355854
-0.02197122479958885
-0.02265448746223493
-0.02217972881476208
-0.02289914341862745
-0.02360958481050399
-0.02313099959375138
0.01712758099501115
0.01759948673410274
0.01648956935701191
0.01807230750359011
0.01854616441100566
0.0173953179821154
0.01761264642330554
0.01715938713291418
-0.02896433950073782
-0.02898993798980737
-0.02868973384535531
-0.02842477156616343
-0.02844573860434516
-0.0281659723987344
-0.02921020897562359
-0.02891098102181464
-0.03005017096596516
-0.02960389776121091
-0.02925357938445426
-0.02894366578212261
-0.006202508142641385
-0.006894730845143855
-0.005973512875343744
-0.005752706054416285
-0.006639507799360099
-0.02265384963099668
-0.02311889171997389
-0.02172794718778502
-0.02219024371335588
0.0005958154452025098
0.0006669453610023256
0.007152217584076666
0.003863525756859033
0.007502282370662449
0.00866244745483862
-0.002392533649898059
0
-0.009292157226981386
0.006826593563567959
0.009292198188888203
0.003487646395079016
0.01304083327354986
0.002392554219048481
0.01490414704668531
0.002793317108374152
-0.01145880520508556
-0.00249800501644876
0.01900371250186159
-0.01584869769778284
-0.001061167751826044
-0.0004906944719999518
0.006466636037019251
-0.006466636058329128
0.00353473496830202
0.005763439037883885
-0.002972637961248494
-0.009179124541973553
0.0196506389209848
0
0.0008568918295593978
0.0004906944720807477
0.02240946031624889
-0.02335391451367011
-0.02864765062999338
-0.01531229548402422
0.02151385845605054
-0.00715221756847976
0.01692396545560521
0.01873874844171484
0.02056605556358888
0.028147557211315
0.02925563574414699
-0.005763439061159754
-0.00386352562768841
0.008103410133326947
-8.308890277706568e-09
-0.02862434910516242
-0.0008568918299334808
-4.343084355343594e-08
-0.005712503738609267
-0.005304074404858221
-0.0224094381493703
0.001061167751797009
-0.007622456838555965
-0.007075865060295023
-0.01929305563448451
0.02148546952735482
0.01782996988098545
0.02920994050084668
-0.02865077733530791
-0.02237951570108638
-0.02791128062499018
-0.03192496331651365
-0.02148543988513945
0.02214272573703134
-0.01708021486177058
0.02495507468326354
0.007820175196251831
0.006243844267791281
0.008147563565929647
0.02317281249739338
0.02229398370123451
0.02414854262657056
-0.001854797474973216
-0.0009999262849630099
-0.0008515644861523125
0.001854797537275137
0.0008515645435671164
0.0009999263806306127
-0.01353305191151755
-0.01328915521594179
-0.01626220260696168
9.573062205450458e-11
0.001422220826883842
0.001285079335859845
-0.0138179519907199
-0.01273978053560296
-0.02773100917978719
-0.001111756272293642
-0.001197580873198015
-0.0008782895082920724
0.001111756271229641
0.0008782895073128585
0.001197580872095732
0.02803566474750948
0.02757645238092565
0.02857759316402865
-0.0231728064488588
-0.02414852844895242
-0.022293982055094
0.02470378646158556
0.02384977764907733
0.02567342621014915
-0.002564107111423485
-0.003008497373889687
0.003008497428167689
0.002564107143441415
-0.01304086374554183
-0.01567158114972642
-0.01007049503459555
-0.01155019017880982
-0.01054115937870324
0.01007049467070986
0.01054115893854561
0.01155018963412693
0.001489470171814839
0.002846510343283736
-0.008470570104094544
-0.006764149668311436
-0.008147563270669556
-0.01042041076662313
-0.01278817471111164
-0.01033521184049911
-0.01211530957192083
-0.008638402406820817
0.003429450352247703
0.002337408550565222
-0.00128507915124645
-0.001422220654026223
0.01162232185742644
0.01273983052256726
0.02334390208796986
-0.02092321886868986
-0.02122159421457573
-0.01790755260534597
0.001555835450465114
-2.952102363394466e-11
-0.0015558354633452
-0.001489470058003019
-0.01162226589676253
-0.02334385512887608
-0.01377255040609782
-0.01081417237300695
0.01381796814441269
0.02773100808906368
-0.002846510157249958
-0.02151386957042968
-0.0184138383683107
0.02665332364862293
0.02579671531021615
0.02764461123814557
0.02749734541852242
-0.006707906495816096
-0.008427623248237263
-0.005052447480415525
-0.00857259248835743
-0.01202083938519996
-0.2446282844307824
-0.2152863794744408
-0.2109838701533436
-0.003382314295129186
-0.001683406803518849
-0.002337408526834098
-0.003429450340375665
-0.02809604872677687
-0.02742875855316971
-0.02836918746851824
0.01524781271033839
0.01571667016587473
0.01468514799843362
0.01618619168271462
0.01665649669513054
0.01558625429454046
0.01490226878751421
0.01445248012528651
0.0158033957805191
0.01535256425891377
0.02809600310010583
0.02836919221121361
0.02742871773486189
0.02865076452299157
0.02894395741984367
0.02793053271038737
-0.01830375160083866
-0.01889409468868093
-0.01842905873876778
-0.01921512535664945
-0.01982697930196124
-0.01936003177904759
-0.02012984864750219
-0.02076421904339368
-0.02029504269648208
-0.02104836280029242
-0.02170644541161989
-0.02123465167630042
-0.02080685047553486
-0.0212668406621647
-0.01988992598935645
-0.02034790141788705
-0.01897664786286032
-0.01943285667575592
-0.01806659524006059
-0.01852124504490235
0.02791132614731566
0.02765971707152898
0.02741066169996994
0.02716366449050349
-0.02741073607199882
-0.02716374105203321
-0.004428356915080351
-0.0050531765790211
-0.004133536637270238
-0.003981004599396474
-0.004866575382215943
-0.01648957449921288
-0.01703888844673395
-0.01657706481794927
-0.01739532295304081
-0.01796483552251871
-0.01750146214312635
-0.01715939287659356
-0.01761265271691024
-0.01625479890380494
-0.01670678513655997
0.01337849141374846
0.01384487315015822
0.01288873976530365
0.01431186285026986
0.01477953116111974
0.01378602867868076
0.01310593613732385
0.01265796756354593
0.01400317237230438
0.01355433097097118
-0.007820175043426764
-0.006243843995340445
0.008470570610498012
0.006764150254026823
0.01244734685602072
0.01291265961874808
0.01199312010299834
0.028484330663783
0.02750817096316
0.0352668353562913
-0.01490414815597809
0.004675696100414416
0.001282671807857859
-0.01900372134228961
-0.01831466409514184
0.04183425157035779
-0.01532603087360947
-0.003806465175141315
-0.04183420327058057
-0.0352667952611222
-0.001282671809152488
-0.01665651023983806
-0.02045186141326256
-0.01965063392738657
0.01242759001304813
0.02298871212203189
-2.147346390049696e-08
-0.006826591928742492
-0.01100566359349307
0.01100566307135012
0.01511932940845488
-0.01949674143137384
-0.02141242993531274
-0.02056603287212725
-0.01873875298309883
-0.007808099247770781
0.004303604866024704
-0.004303604876050703
0.02891970732463111
-0.01314271914167601
-0.008103410871341652
-0.01759950259574017
-0.01692397072990924
0.01332304680643422
-0.004675695862937337
-0.0136937843683079
-0.0101648489408574
0.02832969234940313
-0.02849206357003121
0.01422024329540638
0.01602049548402989
-0.0185461816030449
-0.01782997653249607
-0.003534739024054805
-0.01602050238802774
0.02699061977642808
0.01314271794071618
-0.008388189956319679
-0.005588745269109617
-0.00824710853858563
0.06634528960691509
0.03321523817874109
0.09973243266905339
-0.002768756400760612
-0.002197468618876396
-0.002372296653326762
0.003546036056131384
0.002822010835679096
0.003927166552227585
0.0003757408392999834
0.0002457516638325489
0.0003203776520963526
-0.01089631472762107
-0.01060848730036022
-0.01309809239284676
0.01532602688137263
0.01224852291746773
0.01553029854871686
0.02208002250684504
0.01889910317057532
0.02235398728218532
-0.09902586719843481
-0.09479553354619648
-0.1196976444678368
8.544745728178264e-05
0.0001741069321831662
0.0001028438724234719
0.000846027650339205
0.001028027774667875
0.0009510134624043521
-0.001512626572658428
-0.001737557909422631
-0.001359446961239307
-0.001086582007782828
-0.001460182808703903
-0.0008731309943638536
-0.0008460276504108223
-0.0009510134624231355
-0.001028027775100039
-0.00354603606250156
-0.003159971120089949
-0.004281266767025955
-0.002884755784110875
-0.005771519646315691
-0.002929160930240752
-0.002698392089058538
-0.00539879796310159
-0.002746317008507762
0.002599987574545947
0.005201996680757188
0.002549467506978634
0.02030795297635967
0.01738018653667867
0.02061864431114349
-0.0003757408389485761
-0.000320377651502288
-0.0002457516636186718
0.00151262657043766
0.001671817719687193
0.001287005630552877
-0.03760933443777868
-0.04048510114517517
-0.03554499116241178
-0.0006468999002237406
-0.0007449896642372037
-0.0007864733318656695
-0.01191620816515142
-0.0123622363261338
-0.01018730450390777
0.0272898165199289
0.02775970722587916
0.05463910810211807
0.02901770175770201
0.02939276949343596
0.05808900782882829
-0.006575018324471147
-0.008264614640720694
-0.00495571403598639
-1.233152192721156e-08
0.001634088797548656
-0.001634121014364939
0.01948870908707211
0.02031029924607634
0.0390569657875462
-0.2008739300752093
-0.2344211981345533
-0.2344897544455061
-0.01774615510523409
-0.01682258540802226
-0.03557597850191008
-0.008926112966360358
-0.005947375201367648
-0.008795594106568203
-0.1558361237966686
-0.1408335944535311
-0.128846687669058
0.1408377053540329
0.1625233495312294
0.1349656949455518
-0.06634535073111718
-0.09973295003570791
-0.03321486931703269
0.0376093518586791
0.04007632991219393
0.03459847592575632
-0.0004453369247765635
-0.0004869897107472617
-0.0006018070969626988
0.0007571104724720333
0.0008131300295522432
0.000601807096569481
0.0004453369244990465
0.0002903599703003854
0.0004136297829705914
-0.0004136297829509569
-0.0002903599703620788
0.09938233035310821
0.033093271059266
-0.0004615535159372235
-0.000753642228605541
-0.0002506006539201272
4.236915867218945e-12
0.0002103434166442938
0.0001700003296606167
0.00108658202091989
0.0008731310122894242
0.00146018282171437
-8.544745722147646e-05
-0.00010284387224595
-0.0001741069319136161
0.0001585992897418444
0.0002119564456585586
0.0001038262765828623
-0.01031626441726689
-0.008240759686019049
-0.01117974637447518
-0.008704823773211402
0.01611640636494029
0.01936324910524906
0.01592561994576839
0.01446473551854003
0.01423842990125763
0.02325001913180578
0.01999113555854174
0.01287987628046193
0.01630255317204871
-0.01001964475023502
-0.01240208035982487
0.01841374660237749
0.01511731774763179
-0.03309287292268068
-0.09938254659606317
-0.03459845762968883
-0.04007623866594733
0.002884722021873275
5.868953794086747e-09
0.002929088933013827
0.0196681563184346
0.01683183584715394
-0.0007571104729614315
-0.0008131300302678069
0.0004869897103425212
-0.002793361314278747
-0.002839494095735685
-0.01119378507121622
-0.008526648604167991
-0.0903931853542746
-0.07181669270990976
-0.1464743768687761
-0.1030848823457192
-0.0787499597734041
-0.008662431174196785
-9.606358735635243e-08
2.219177542831141e-08
-0.002649618062804839
0.007808097314007235
0.007957061149024799
9.393764477267398e-09
0.002649634771890552
0.002698388232826853
0.002746280414211413
-0.002599946192779502
-0.005201929854140697
-0.002549412901992781
0.005398791192321397
0.1874327343204516
0.2154575717066816
0.1836965951310851
-0.01155943124161114
-0.01191097167480142
-0.00905397018683498
0.007185866286941227
0.004787233559749248
0.007345363266878348
-0.05357252834897135
-0.05623220262543738
0.0001204043987997268
0.0001383388404139727
0.0002657730449669698
0.0003602151830796771
0.00050971282614988
0.0004324820615289482
0.0282020480364423
0.05645983416772326
0.1518858431372002
0.1464753183704214
0.129209166546767
0
0.0006664872557517367
0.0007449896644665635
-0.0006664872556313714
-0.0002657730443136479
-0.0003602151820046817
-0.0001204043987374437
-0.0001383388404094562
-0.0004324820614088139
-0.0005097128255936975
-0.003319872354757742
-0.001651395319646975
0.003250771818904898
0.004903775759354305
-0.003250760929618123
-0.004903720178929202
0.001651360322567357
-0.2680301395188895
-0.2342667930894537
0.02109492073104716
0.04226508014298232
0.06358606208902674
0.08513421113719634
0.06123487921551898
0
-0.0002119564448343533
-0.0001585992887521191
-0.0001038262760725155
-0.01450018271763765
-0.01408488345671447
0.119695696476822
0.1497091080153463
0.1194700045609036
0.1513280278212532
0.0006468999008793357
0.0007864733325839759
0.011916207462588
0.01018730451361567
0.01236223555336153
0.01648389832349329
0.01317192891219364
0.009590639203534986
0.007023740359436021
0.01573021331149835
0.01257161675576688
0.003319896218737342
0.00495577908536205
0.04461299786772781
0.04900434180679043
0.04030942297478016
-0.001874224713619482
-0.002054559996044066
-0.0006208587916235857
-0.0002904558390175561
-0.001261399565600876
0.001874224725436418
0.001656232606975935
0.00232827324492821
0.0006208588145383508
0.0003297706752177425
0.0009909870947744815
-0.04461302716509597
-0.04030945091164929
-0.04900436843445845
0.02265387009582486
0.02266665335258975
0.0228862022716356
0.0002904558592773987
0.002054560002031188
0.001261399574384991
0.0007536422411746525
-0.0009909870697381849
-0.0003297706468732141
-0.002328273235455461
-0.001656232588414608
0.002768756396117223
0.002372296649150459
0.002197468620339597
0.0004615535275149954
0.0002506006684438009
-0.003927166560114576
-0.002822010829969575
0.001961365455771097
0.002160107544465336
0.001737557906235419
-0.001961365459775311
-0.002160107549293385
0.001359446959782618
0.004281266750669042
0.003159971114750235
0.001475307351598416
0.004427154218400824
0.02555075461114664
0.02501158455899775
0.02530521058504543
0.02506064899564437
0.02453855900774351
0.02481697930933323
-0.01468515348724923
-0.01519562445421178
-0.01473636037261864
-0.01558626039021856
-0.01611591840644576
-0.01565546570304588
-0.01535257063796291
-0.01580340267893234
-0.01445248574323071
-0.01490227544014818
-0.02499683697334816
-0.02501161456370379
-0.02476023742059347
-0.02452424397031058
-0.0245385706869202
-0.0242888001821162
-0.02405388844184843
-0.02406779609070651
-0.02381947007219738
-0.02358552021556371
-0.02359903316390718
-0.02335199675079979
0.02499680754380603
0.02476021703736319
0.02452423241464138
0.0242887966742192
0.0240538908448002
0.02381947991168216
0.02406779653329913
0.02358553319059226
0.02335201485364206
0.02359904380277957
-0.02555072461989579
-0.02530520548158717
-0.02506065436828838
-0.02481694328527372
-0.02457403994448744
-0.02433195426949576
-0.0240905663763779
-0.02384977741084646
0.011518227479545
0.01198258632212507
0.01109901378556909
0.01131641975130955
0.01086996005589011
0.02409058223293806
0.02433194108471653
0.02457406704774472
0.009664773330389415
0.01012751493459313
0.009314767739633694
0.0105906727858795
0.01105423888406144
0.01020626793118338
0.009532505698173327
0.009087282859804015
0.01042382796112456
0.009978015470320418
-0.01288874100673262
-0.01336180929652614
-0.01290467753819241
-0.01378603183165347
-0.01427761922479899
-0.0138194517218627
-0.01355433406192745
-0.01400317721711749
-0.01265796816926345
-0.01310593850387189
-0.001287005631652135
-0.001671817722613518
-0.0001700003227801973
-0.0002103434065403868
0.002854356828225711
0.003806525641033258
0.002656220906245193
0.003095873733952505
0.002211101710666876
0.008740272261773027
0.009202349246562637
0.008424383611584332
-0.01199311810310576
-0.0124480081567553
-0.01199180119723715
-0.01176322585752418
-0.01221040309399646
0.02313102550634676
0.0233700068988165
0.02360959811818622
0.02384976982793888
0.02313205075342504
-9.109737239740967e-05
-0.0001050253806810443
-3.39380144573323e-05
9.109737218462365e-05
3.393801425368336e-05
0.0001050253803196125
0.03554496355275055
0.04048511548408169
0.02311891059310613
2.98581548756435e-07
-5.102048385605097e-05
0.08483021022403345
0.1069831442259757
0.001211333796553859
0.03378097760807312
-0.001211333797436366
0.001400590887310085
-0.04325743200996816
-0.03378101827489791
0.08210751950371929
0.02974356235897194
0.08726567166785383
-0.009972639454708658
0.05878423764128984
0.09902460962418544
-0.2680909610709258
0.008860133637055579
8.715687954187017e-12
-0.0129126673904608
-0.01242758980468668
5.102048407201563e-05
-0.001400590861267425
-0.1069824546099794
0.179767426626967
0.001766987833848529
-0.0157166798972838
-0.01511933629444271
0.01153371465125278
-1.116842815752701e-10
0.006575001123137362
0.009750111466501944
-0.01198256718062372
-0.01384488162894302
-0.01332304963511645
-0.01153371215627221
0.08942838249728548
0.1528460245190009
0.001397669036072762
-0.001397669030998829
1.686559995899314e-11
-0.0001224217052888507
0.0001224217047617008
-0.002363895805899072
0.002363895801016316
0.005947326198168839
0.02635214933163643
-0.01477954210359434
-0.01422024868894225
0.01064126697397408
0.04325744169503688
0
0
-0.002598065745193673
-0.002731559061522577
-0.002222829844386523
0.001495731668156792
0.001276777554903957
0.001636654631427574
0.002113453911082466
0.003127212668109005
0.001041997173046617
0.004872478404973282
0.004173058889300089
0.004991317202250639
-0.00692912596474723
-0.008317869022749152
-0.006987685334592262
0.007656521139043478
0.008846973497418585
0.006314002656812073
-0.01045081049718609
-0.01134777174566928
-0.009592915642530836
1.876758948113049e-09
0.001558738235244607
-0.00155872931083345
0.01863308583527154
0.02731852846932209
0.009088909928098285
0.02784128883455697
0.02220119853141606
0.02927118171849069
-0.1057300525515008
-0.1203184665739983
-0.09329319711290077
0.04791299761403226
0.05914116249478185
0.03541477360426401
0.0326270185533649
0.04885677352700109
0.01627945815508719
0.1261214942243178
0.141508597719202
0.1098717042285135
-0.06686703271000717
-0.03343901097985003
-0.03341372185342882
0.06645502640231665
0.0830238963791923
0.04978958125352044
0.003226380293763101
0.002776126238709848
0.003893965090254893
-0.002303058817664834
-0.002571093503578249
-0.00248132787874833
-0.005405205859410809
-0.006153434706717928
-0.005018919004163559
-0.000555670956872879
-0.0005438350273383874
-0.0004546267402618471
0.003354939792629176
0.003737154182958769
0.003182661641641593
0.0002873852817111088
0.0003479673312951772
0.000310323998392723
-0.01892353859837762
-0.01741866763422641
-0.02281495129480071
0.05621808793278098
0.04712719894991536
0.05081398752575516
0.04362413472756731
0.04820888303613189
0.04013569965200722
0.007270398495345101
0.006247586772094488
0.006465994824464413
-0.009406748913408741
-0.008792725845894201
-0.008430213876705709
-0.01317192993541145
-0.01145742868733981
-0.01474593208178241
-0.05438217364207415
-0.06349267257247614
-0.05118092962359771
-0.00364434344379509
-0.002913988159393016
-0.003560040260166417
0.01980662749751898
0.0180443903488234
0.01824200982105323
0.006906113472414511
0.006052250205928556
0.00778612705402745
-0.01183827844116951
-0.01199592459948392
-0.01075303855635846
0.008704766760695884
0.0099273812205708
0.009670299148680069
-0.001874395094762199
-0.002858271526861502
-0.0009523514330153346
0.005771456116706942
0.007272071497464355
0.007160013506648373
-0.01505986763294195
-0.01365088255440316
-0.01615950661257783
-0.01628547329105952
-0.01777769095297864
-0.01640450021389635
-0.006052591610325267
-0.005985839649119129
-0.007265953214845657
0.01554589026744032
0.01697088834947651
0.01541843234098091
0.009154778650525264
0.007908718969358046
0.008102528198085506
-0.005096625668161499
-0.006798353399837734
-0.005117644693100803
-0.02038258736865503
-0.01947559241679033
-0.02034433247375493
-0.001749847924051214
-0.001743391116230403
-0.00350046298830794
0.01387834558712971
0.01542864031268813
0.01378598793853907
-0.01224848285321333
-0.01369263361535541
-0.01387846611162022
-2.998071891765627e-09
-0.001616153160592461
0.001616147574915296
-0.0002273262164939086
-0.0002792957955472891
-0.0001646944421381
-0.0006329150699167414
-0.0006935495511795179
-0.0004212228134986847
-9.011969741409678e-05
-0.0001213270451948251
-7.710690262573963e-05
-0.02615864488521718
-0.02330268399849863
-0.02568748168833792
-0.01047202570068278
-0.004934289664677675
-0.01486077327104664
-0.009801767900447593
-0.008706086809333376
-0.009186671790230522
0.01300717957690508
0.0144515753216765
0.01565650669918121
0.07902483314974262
0.08126232019613215
0.06884700791544862
0.04000524357707985
0.04196585252642693
0.037705620005541
0.01913853467351644
0.01921717976227545
0.02091106857238075
0.02061563785782763
0.02221765933137029
0.02048780564084635
0.008264591502602999
0.008306871169714677
0.009921612516082893
0.01763856155838581
0.01850315867083552
0.01671162116162498
0.008572587566880247
0.008538103570906175
0.006853948300039484
0.00793097977345446
0.007047489014817222
0.007946767375679419
0.0003311871063528958
0.0004216008377579604
0.0003524394503892043
0.007178652702850371
0.007984418180897143
0.007030822536332637
-0.0116848797402226
-0.01286887207728658
-0.0108665143677941
-0.02237281515920286
-0.02330211993822749
-0.0215514519347728
-0.01889907351384168
-0.02061581360777184
-0.01742140027191315
0.01127901655061976
0.01038594092411025
0.007504461615456508
0.01486081552977558
0.0198665333425773
0.01396980884285561
-0.002624150411263735
-0.002387055121678406
-0.0026024217862198
-0.09821562769868032
-0.1100848520417461
-0.09221240061322683
0.002010852152370935
0.001786312679740261
0.002060325058277015
0.0007647785959458754
0.0005114717557075809
0.000632915078668109
0.01240206923433594
0.01325736561979388
0.01119520986199544
-0.00727039729819317
-0.008044780427518768
-0.008325575869182695
-0.01192000222424961
-0.01020956441278936
-0.01186708893329712
-0.05299827212790095
-0.04884448056800215
-0.05801424297383063
-0.1070150722367655
-0.1093114680767501
-0.09693563068654504
0.07874655096591582
0.09069104379235252
0.08694545951857488
9.875067990558109e-08
0.007675964883231373
-0.007676031571219452
0.08608298003098727
0.09981283443373423
0.07115320725546152
-0.1012789676113381
-0.08743913538349071
-0.1128206612955181
-0.1461476239759477
-0.1441983200987403
-0.1759593164244541
-0.06799981132441808
-0.07006456705045733
-0.04521271884236396
0.1658144205015329
0.1529678126228531
0.1815408428768886
0.1201238695291783
0.1314654871306887
0.1180499012633223
-0.09133597265262725
-0.09219802826182266
-0.06081309730577502
0.09569117155997284
0.096240096906465
0.1277588663567748
0.1839270941250704
0.1675385019261974
0.1691485594823323
0.1093763979803429
0.116117496689335
0.09733913202745402
-0.05621796355887691
-0.06115927720037458
-0.06587895028726071
-0.1261215234080857
-0.1098719716439333
-0.1415086877849636
0.000366468940483068
0.0004194494936818637
0.0004437576734747434
0.0001424643215381245
9.408349757256785e-05
0.0001292722075981317
0.000994175187228444
0.0008979928514125692
0.00093679669645618
-0.01573282845223893
-0.01567405574417142
-0.0175083587507751
-0.02419713401810373
-0.02370599495791523
-0.02464123189914166
-0.01590827075356909
-0.01683789345244162
-0.01504256690890142
0.02615863525028149
0.02568747596296313
0.02330267857298677
0.05854737457943484
0.05868128977675411
0.05368949012982074
0.03600118051300562
0.03694327023800817
0.03464080473139947
0.02321812421583286
0.02365918823078068
0.02273315436678468
0.01750832958786018
0.01665033393084572
0.01843434614066273
0.01824564134851639
0.01779261714631814
0.01826463461759939
-0.001364282452104157
-0.001214629672747295
-0.001435832150563547
-0.003403036082743006
-0.003375348917904106
-0.003961834887810873
-0.001542715896014421
-0.001435343618758056
-0.001625147851735657
0.003403036075849747
0.003961834880540455
0.003375348913350216
0.001063617196643017
0.001214629671650886
0.001128251670246519
0.002183837816266631
0.0021762406625226
0.001970357577217709
0.003352931078433324
0.002842697445203594
0.003274627277464555
-0.005176908032042367
-0.005195792126029328
-0.003450012753537433
-0.001165897350430663
-0.0009846289905382978
-0.001268356732820252
7.139808903585856e-05
4.045117934936853e-05
0.0001214049943205161
0.02665413725360626
0.02668004456808879
0.02974999370724572
0.01052717728231701
0.01138909411376508
0.009627832679158543
-0.02470378525162377
-0.02554946055825708
-0.02567333886907256
-0.03290802932519831
-0.02962539861463908
-0.03307133813998087
-0.0009941751875322472
-0.0009367966966877092
-0.0008979928514840627
-0.06884706751693459
-0.06289125244104761
-0.06499420177366878
0.02226447764911938
0.02237275756548715
0.02400020444783829
-0.0009262623676578298
-0.001334309941287336
-0.001445536487427422
0.006604313885732783
0.005876905118982659
0.006356517298396024
0.001942931765156477
0.002123655801346354
0.0021721143424355
-0.006164784471103778
-0.007047480006300217
-0.006177031168991367
-0.01234072348449996
-0.01143137085759046
-0.01320480344340173
0.000926262442672046
0.001445536566432354
0.001334310002350558
-0.00335293108746278
-0.003395651464295362
-0.003902891040119538
0.001737123580961081
0.001743342752897068
0.003475030553061816
0.01216060899561006
0.01130674058272286
0.01306060072554627
-0.01913854953264552
-0.01921712864814475
-0.01737266657801527
-0.03159049826703699
-0.02815835416137082
-0.03080550887757168
-0.04404454942072084
-0.04153976666885863
-0.04625036400564867
0.02395306523429271
0.02400329412284216
0.02487361879361063
-0.006604313947267961
-0.006356517359042692
-0.005876905163714041
-0.00370097004144868
-0.00391218405747451
-0.00335365653041542
0.001322963668855909
0.001122635346209629
0.001190834802187047
-0.1312476679467093
-0.1145893812225702
-0.1474974932672843
0.1312467100289283
0.1479698580028853
0.1474967942525449
-0.03220251631812573
-0.03203270295887484
-0.06443878816389788
-0.1651900265858822
-0.1655728909181964
-0.1320090023450823
0.2008737976138515
0.2344205427174349
0.1672677853695933
0.1659085080309357
0.1993197204722655
0.1655734390311711
0.2291994129321078
0.2282987377518413
0.1960616919495465
-0.2272994165758847
-0.2282968156972271
-0.1943924427518837
-0.1671038470627682
-0.1669852069388678
-0.2006519601393306
-0.09569130950507181
-0.09623922277942429
-0.0637328909498559
-0.01476269089919843
-0.01489622433477598
-0.01341165464667035
-0.004361403284820906
-0.002907177928698345
-0.004327897215624471
-0.004084487637704413
-0.002722544380915175
-0.004048338539916095
0.01278815393004535
0.01161616377754793
0.01421650803943693
0.003629543345300742
0.004840619663892602
0.0035895846741896
0.003863062121302194
0.002574947052088313
0.003900747708781099
0.01468662251399459
0.01330896566777918
0.01628548531999403
0.004155624600678547
0.004120230987595871
0.002769909102830075
0.007489609374378428
0.007436187417252961
0.005990154430868812
-0.007656511731943995
-0.009025364109129142
-0.006441471121739999
-0.01442707636364753
-0.01581673944190779
-0.01336084551983808
-0.01796090163684875
-0.01945280016790603
-0.01682787064616424
-0.01173347993826078
-0.01042964949377712
-0.01276632682419413
-0.003786481979819939
-0.003824926723385764
-0.002523827558569914
-0.00456918417632167
-0.003384299407449801
-0.005643911035538796
0.008247144837114641
0.009542163982631633
0.006810609972086918
0.01898717498272826
0.0204639572903115
0.01884225875522011
0.01626221000251733
0.01778763810844376
0.01747346524109438
-0.0001752604041780051
-8.184018732014293e-05
-9.122366399270079e-05
-0.0001237647248521017
-0.0001313756552846025
-0.0002534383942517211
-0.0005351980172359236
-0.0006497196527691535
-0.0005072586560135118
-0.02220815491683823
-0.02129328721553798
-0.02216544160213227
-0.02659860696829308
-0.0270844848546471
-0.02662787477831958
-0.02282432016650494
-0.02328856963143704
-0.02284848399486076
0.02856036713768385
0.02804690082281724
0.02689485618307668
0.04594945692428418
0.0457972334068221
0.0434643841190923
0.03205402900220309
0.03357631149746497
0.03301996137428324
0.02662781377255703
0.02640073137105824
0.02688618265994487
0.0222081707125698
0.02225084069596264
0.02312759918076801
0.02233846525505506
0.02189999890486842
0.02282434013385716
-0.0007143200919378019
-0.0008328027267587386
-0.0007635404026842971
-0.001889856185139799
-0.0018195007014111
-0.002127063061829881
-0.000949554760835479
-0.001090526086049766
-0.0008990457688810832
0.001889856182991452
0.002127063059881808
0.001819500699694641
0.0007143200910937505
0.0006667636684319197
0.0005980488131427944
0.001230985952864865
0.001169257780390407
0.001370805386714964
-0.03116576288296775
-0.02924722885814011
-0.03055267060194143
-0.03539382158146319
-0.03220227488886526
-0.02619624139033169
-0.02469367789446452
-0.02578102829985687
-0.01683173468749484
-0.01839894669723439
-0.01554579508305369
0.01505987989289108
0.01615951035127407
0.01365087778209582
-0.004344182668225716
-0.005503288999423655
-0.003299921044013064
0.006115957670494012
0.007595021939963774
0.004554951707949306
-0.01671167905622477
-0.01760605742339357
-0.01674243237109262
-0.0003203238336261647
-0.0004293556122804595
-0.0003805636588314397
-0.020477456783836
-0.01996081193039219
-0.01974551571932509
0.03159047516768215
0.03080548379144873
0.02815834297173168
0.01951246668817169
0.01864305243600462
0.02046074036733046
-0.001572019971147537
-0.001626116010938419
-0.001368995721352497
0.002572317009418236
0.002332360338277949
0.002602421781188559
0.0001752604043608195
9.122366413531811e-05
8.184018734435689e-05
-0.02787620463557883
-0.02839435945086958
-0.02743677222329081
0.02638641707080275
0.02554964768794744
0.02735442989259269
-0.05368951571832787
-0.05129678846393284
-0.05132449069150949
-0.0002873852813086183
-0.0003103239980923194
-0.0003479673308097721
-0.01734029670779607
-0.0177926250333401
-0.0173582984549986
-0.02046065448689535
-0.02137500326405534
-0.02050143655232058
-0.0006870821119795428
-0.0005830251348780119
-0.0007256374613845031
-0.02114189450787905
-0.02378925125593182
-0.02116609551760622
-0.03265658521280235
-0.03295109540913487
-0.02926941890169629
0.0159082544711946
0.01677354972596319
0.01498504003312183
0.02125297631338852
0.02030614471706282
0.02038259425807673
-0.001767599756568729
-0.001757212667597786
-0.001970357581100271
-0.002010852155493238
-0.001953861152152106
-0.002244855438468853
0.001473625135832456
0.001399970539020094
0.001591450056818511
0.00157201996891515
0.00136899571979252
0.001626116008371525
0.0001237647250507332
0.0002534383946475229
0.0001313756554428021
-0.02395309032935767
-0.02400328937487834
-0.02303592174604018
0.02648050354288817
0.02651084948609005
0.02695782438121853
-0.03796397630193774
-0.03654084663797121
-0.03905729344352874
-7.139808700095601e-05
-3.100964588207819e-05
-9.302653365477135e-05
-0.0007703308713790167
-0.0007163697223400481
-0.0006955992123660259
-0.01833347821765106
-0.02040193252922784
-0.01565650475372139
-0.02665414925620863
-0.02975001010837784
-0.0266800562341615
-0.003158096769176286
-0.006323143850007797
-0.003451163790057592
-0.02250585924718154
-0.02463380832661864
-0.01919092602143732
0.00311370996610315
0.002284790030245851
0.002383712499867746
0.007313609278388582
0.007990213944214767
0.007123254382014737
0.001354100548991476
0.0006597136008070073
0.0006940040387264977
0.1270919723623608
0.1532317056325027
0.1241128534457086
0.04521285322381816
0.03440172362260849
0.05745525363337206
0.05037676589365993
0.03818966312690589
0.06375702028018096
0.01094658280850675
0.01166914809890366
0.009851354173881674
0.003626994701999221
0.004457390221283619
0.002672380914665045
0.007762578698332349
0.008875327141069197
0.008602427466303937
-0.003373867082944095
-0.004299178523895364
-0.002577460966824093
-0.009593708359325718
-0.01055384587638783
-0.009115482140033977
-0.01125769692233316
-0.01104995615287403
-0.01213990300264088
-0.006811629968723215
-0.005968350578535617
-0.007313609353496702
-0.00162128536974685
-0.0007941384666473032
-0.002383712531014135
-0.002572240961797551
-0.001980203405908217
-0.001876064067789149
0.006932702879860531
0.007612303294991177
0.005432429314901658
0.0225058577806222
0.0191909291979578
0.02463380770206725
0.01631230041418507
0.01644159204021948
0.01421234681280094
0.003972830676032686
0.003531124595091376
0.003976892431102931
0.01106443252328463
0.0106193068176676
0.01107579761051811
0.005252663575165743
0.005272513971378481
0.007007269606424611
0.00860521101261235
0.009555410874628781
0.009115481897583141
0.004872162525198316
0.004138775736606036
0.005801529780156219
0.01146403867847849
0.01084085354805457
0.01254464897766051
-0.003626995672171566
-0.002672382066873321
-0.004457390426685699
-0.01094658291373575
-0.009851353675657903
-0.01166914859777907
-0.007762570040440304
-0.006893569774086108
-0.006681321926405442
0.1461474852899002
0.1759574654593089
0.1441987451668968
0.04131537963988577
0.04095782900156678
0.02753107664326639
0.04383337371918399
0.04354754494766929
0.0292109352426591
-0.1107171732098489
-0.0977162544326948
-0.1201220356281586
-0.04791304277822379
-0.03541548874949812
-0.05914089177990298
-0.04226507826508775
-0.03108251487617431
-0.05193204179062891
0.07907945163337046
0.0774456614082121
0.0526151023736397
0.1711749597408235
0.1844330327084642
0.1554327509579132
0.1909820364979345
0.2033048705903849
0.175258188751612
0.09041335699083757
0.1050077563594422
0.07488061780826577
0.1871773170692433
0.2022396794430897
0.1706416073191168
0.210983865128771
0.1801976530131071
0.2132072636433875
0.00654498364551064
0.007151740795783527
0.006349803950571286
-0.02820175005995319
-0.0277590591237776
-0.05646009244156913
0.1459441639802263
0.1564856739008148
0.1316442532466679
0.03038309494913777
0.03067348639504875
0.06081348760646496
-0.002290819780637455
-0.002954257324827703
-0.001770485491947629
0.003873086675569753
0.002949234897903004
0.004918812604502545
0.01323591684587626
0.01247469681189547
0.01442982903063943
-0.003873089831010017
-0.004918816320886885
-0.002949236973942726
0.002586085778450608
0.002869358367359558
0.00517495969459041
0.0321449408302024
0.03259893778511492
0.02891441993744867
0.01234072419021359
0.01147536227710804
0.01325559432179538
0.001749832534470259
1.375059166852821e-08
0.001756524206516395
-0.0149093348332139
-0.01364017078739508
-0.01577461610724738
-0.03905747625754893
-0.04992917430593646
-0.02987902343878573
-0.1379453301519012
-0.1476467431533847
-0.1521635694152897
-0.004112151122109856
-0.003038884299710398
-0.0050682285186988
-0.1658142640152782
-0.1815396767100416
-0.1529676755079237
-0.02679445649100296
-0.04058806598680397
-0.01351760897518493
0.001874392465502943
0.002765984240689941
0.0009215873748881193
0.01168487979070471
0.01086649820607204
0.01286888841684328
-0.001737101395865372
-0.001730873965300257
-0.003475031535640198
0.005233450904479951
0.003500480286634276
-0.01323591792972605
-0.01207478778866562
-0.01396840673440904
-0.006277249399738438
-0.007798982827506639
-0.007897480897842198
0.00627725936497754
0.004736321067219626
0.007897525818263607
-1.077797359414203e-09
-0.0015179599971262
-0.001538530141666724
0.0861824221854099
0.09057989239457893
0.07561999667960287
0.03341719697022352
0.0266641937427161
0.03475035719146939
0.06431759724942983
0.07042739537419052
0.05436100538891295
-0.01980663107581287
-0.02135399813795399
-0.02158920495368937
-0.006609476873689011
-0.005767448583926426
-0.007417605603094752
-0.01611641971839105
-0.0163025832206408
-0.01287989097380209
-0.004554950659831985
-0.004586075638516164
-0.003036192295385347
-0.01675437998445023
-0.01828922191368743
-0.01686858800559343
-0.0125715859119695
-0.01092606263425884
-0.01406035789094992
0.006430693536202622
0.007993535563447269
0.004793827159477444
-0.006430683229739291
-0.004793828781375424
-0.007993516909280829
-1.20386160093423e-08
-0.0008192909647240358
0.000819264513379317
-0.004432869879935279
-0.00393979770833859
-0.004282774763040655
-0.01236529919809149
-0.01186595260068255
-0.01194029519280288
-0.007772328940434596
-0.006932707559715918
-0.01038135043005076
0.01191998483889269
0.01186708119261733
0.01020957509904379
0.009762497252221988
0.008177301538070293
0.01145747934489546
0.005005496683540982
0.004981053205946957
0.003336208252952245
0.02988731333059223
0.02926401100768222
0.01990801953918975
0.1115665885376083
0.1221486578025584
0.1093120540863964
0.07181711247928042
0.06106563987079552
0.06422459094298508
-0.03180613203399943
-0.04105226172603087
-0.02454430498459919
0.0318058825943404
0.0245435025098008
0.04105264138489764
3.037940486807213e-08
-0.006635991854316817
-0.007162794395890523
-0.01995652506236744
-0.02075835797793271
-0.01328380373213477
-0.0861824305487453
-0.07561996918140096
-0.09058000987165264
-0.06431732324589486
-0.05436078131268186
-0.07042720557626878
-0.0101744991610907
-0.01061930167409783
-0.0101849394723645
-0.003089524706544697
-0.003531128637887854
-0.003092681225254899
-0.007007253598733274
-0.007871190840609586
-0.007900499195440405
-0.2328551397223912
-0.2332183697875531
-0.1993200076445617
-0.2344638160478063
-0.2176819347860455
-0.2176420684823321
-0.06670141799968105
-0.03330585232392297
-0.0999890636515746
0.009301622654055076
0.007799048804880112
0.01092610413116078
-0.02596699606176113
-0.02665096352714712
-0.01729338682651735
0.03557594011117022
0.04340530370648095
0.02595917631538099
0.07323469722093863
0.06966677823342814
0.08359175813895463
0.1338632781859255
0.1003827066243269
0.1673984775851076
0.1090341596140439
0.1038227569977748
0.1213112096397754
-0.02022891838127677
-0.01862084430739198
-0.01843426295591167
-0.02288428886423187
-0.02439769819670256
-0.0246757074131048
-0.03181060897625974
-0.03933854336929762
-0.02784124849461299
0.01699515101952903
0.01862086217544057
0.01521007399856735
-0.007381812217719825
-0.008861099646821207
-0.007435974499932493
-0.001756535770664057
-0.00264010435149951
-0.0008799307889223298
-0.02180000160182449
-0.02009569063830327
-0.02322323721906828
-0.01631230147302825
-0.01421234676404819
-0.01644159433774407
-0.002586071884327482
1.321212815736384e-08
-0.002308699014348612
0.003382315939488933
0.005052577490409721
0.001683321702037757
-0.1349725362904473
-0.1421010180832912
-0.1485080132094999
0.06583998777241973
0.07565242642256093
0.05384566895640744
0.1485060182372238
0.1379338575537075
0.1516116060924694
-0.01052716793497154
-0.009627821709433661
-0.01138908230789199
-0.06645524186499127
-0.04978946208836246
-0.08302410268240515
0.003158116694956763
0.003451187422481647
0.006323159896348854
-0.1338633127525498
-0.167359027890702
-0.1673985903395531
0.09821640472108804
0.09221277862850026
0.1100866460542672
-0.01592560972518383
-0.01936325170888762
-0.00863053986793705
-0.005174957247211749
-0.1090344513788925
-0.0973220400004657
-0.1138486551996262
0.004344178022728191
0.003299916441851213
0.005503282486511687
0.01309816370114018
0.01215234070680472
0.01438851792121965
0.00824070273514615
0.007102757836818542
0.00730886123663846
0.01377316086149386
0.01475414158990405
0.01246171539466576
0.004569169749471916
0.00564390422006491
0.003384291546927974
0.01067487911476781
0.009482993975800373
0.01079593295652725
-0.1497090989596289
-0.1801962280811754
-0.1513287286145109
-0.0619312185017868
-0.04623060940784887
-0.07712355740566207
-0.05953607804247509
-0.04437097296077878
-0.07403591341489964
0.01960792936410847
0.01944562369017425
0.01842067293454237
0.02648082694732752
0.02926940304756717
0.02394534059901649
0.02362159668826171
0.02256297032721685
0.01623756058592552
0.01601204109259893
0.01624614016091088
0.01986847952731745
0.01964010543593614
0.01987914844451686
0.0168378948305796
0.0168714079444886
0.0177390566652045
0.02922260403120022
0.02886756705367293
0.02828499322164641
0.03728633645603732
0.03612507377506814
0.03877596897854693
0.0324041818959365
0.03211475643671684
0.03096790635462395
-0.0004946630785983468
-0.0004577715416088141
-0.0004047176338437933
-0.001039094480940223
-0.0009947918360177707
-0.001154474619962186
-0.0005456843856587517
-0.0005238858524434693
-0.0004650793078122798
0.001039094479866063
0.001154474618888457
0.0009947918349078712
0.0004047176331658123
0.000380346583999502
0.0003388374515253035
0.0007051650048793363
0.0006797747789369043
0.0007840362410535198
-0.01720823184582857
-0.01696794724198925
-0.01689196257167132
-0.02109021788336126
-0.02084504049544585
-0.02069149715732036
-0.02097890231619026
-0.01960793377941522
-0.02213439336110658
-0.01941195168961723
-0.0196401007704157
-0.01942234831298718
-0.01578667322448857
-0.01601204772809874
-0.01579500213462285
-0.01864308275951402
-0.0186802866930887
-0.01773905447227868
7.173555022148439e-05
0.0001467147724090383
7.546738733606024e-05
0
0.0001173168037002532
0.0003532808584051208
0.0004283684701289947
0.0003674488188879633
0.004112148029827726
0.005068226007327404
0.003038882949345355
0.01490935669882986
0.0140171805188343
0.01620961433617328
0.002338480180387418
0.003467345620842235
0.001155394055908397
0.01648435364267707
0.01546825299939757
0.01788392629463291
-0.02394533942737842
-0.02256296687412663
-0.02362159026180271
-0.0580888247220158
-0.07313305155909319
-0.04382767490668903
-0.1839254104491087
-0.1986141619011591
-0.2004894948310948
0.03119495306640321
0.04662149822788322
0.01553238313956233
0.0007232635715326101
0.0006776033150091762
0.000641775687514954
-0.01406778565634214
-0.01492975983396223
-0.0149850416564173
0.0211418889648664
0.02097889709213909
0.01869647093855518
0.03265656319578109
0.03633395189651076
0.03220225242248553
0.03116572317551468
0.03055264097712885
0.02924719566086596
0.02050148639678528
0.02006537349033407
0.02098061517012566
0.01504255524010054
0.0141481201375336
0.01507255774810741
-0.00106361719750758
-0.001004084875100064
-0.0009110188011002777
0.001364282450722231
0.001295983165423298
0.00151288497822066
-7.546738722361724e-05
-3.828131374583434e-05
-0.000118059415271248
0.02608894057523875
0.02654056796140249
0.02558524011778198
0.02772019012183601
0.02729110413401869
0.02822513757961474
-0.01869647476957835
-0.01756635269563175
-0.01748965589701039
-0.01860707492587512
-0.01955019330165794
-0.02105156056389314
0.01406778264550126
0.01315605004419934
0.01320480279306327
0.01442706978108464
0.01336083871833403
0.01581673993297045
0.000535198018364758
0.0005072586569774281
0.0006497196537950481
0.0002273262170314865
0.0001646944425409171
0.0002792957962857847
-0.0132555965699604
-0.01414812547892363
-0.01328196371322769
-0.01507256690551729
-0.01553723686479723
-0.01463907997729827
-0.001230985953842606
-0.001370805388067007
-0.001169257781370087
-0.001128251671317554
-0.001083803657767709
-0.001240465017619832
0.0009495547606232449
0.00100408487462977
0.0008082919664622612
0.0009110188004714204
0.0008622754883954088
0.0008077444358996853
-0.0003532808584602894
-0.0003674488190544309
-0.0004283684702789807
0.0276091208590122
0.0273770961515001
0.02787621469495433
0.02807472698366823
0.02830457117510683
0.02780705876512513
0.0006134944012523705
0.0006497352908837496
0.0005206924944008114
0.0003124406825460091
0.0003292035724500493
0.0002050542514121755
0.0005510946817912115
0.0006630997139632642
0.0005350031272729615
0.0003203238336469764
0.0002517701713123803
0.0002235397327172707
-0.05261493444411011
-0.03902933884160165
-0.0651543886226779
-0.159845074305598
-0.1447320263353215
-0.1718696983648883
-0.1097525476188599
-0.09505627240701085
-0.1225756384794032
0.1668393784784223
0.2003671148709725
0.1666615686997931
0.06621899168460652
0.0497006273131835
0.08287790863973785
0.03330847719840833
0.03334381965419931
0.06663239135214666
-0.1532329526411706
-0.1682994724631904
-0.1416933897987938
-0.05037659405099697
-0.06375713149862568
-0.03818933525986171
-0.09637722314649796
-0.1100689826729171
-0.08529134848626058
0.03274376147297246
0.03284876458985159
0.06551488018517712
0.1974159645130251
0.1810948064280642
0.214364185964861
0.1303014982053201
0.1141725931154463
0.1469704356593668
0.1001672200058871
0.06675782025546172
0.1002330219949159
0.1673596036602965
0.2344905366931819
0.2342668890197331
0.2006530184997129
0.2343579254561525
0.09892246390371158
0.0659078510073326
0.09916638442752393
0.2335237279905921
0.1999338284872189
0.2337763884950634
0.2319371748684646
0.2313734517078459
0.1984910158811205
-0.02603355111180295
-0.02608919448948872
-0.02508637140582813
-0.02787626578787016
-0.02812948350877369
-0.02789340680135606
-0.02566655358709519
-0.02591992514500112
-0.02544262667257776
-0.02181267527271508
-0.02185544207260192
-0.02402685080490431
-0.02426138713836457
-0.02404023817735687
-0.02192308607521522
-0.02216586549176346
-0.02170418171605373
0.02480486907237579
0.02457633122374336
0.02407036157980176
0.03222314763004042
0.02544799233416678
0.02557259786037554
0.02518278677500381
0.0237798249431251
0.02355920299034882
0.02402685692437063
0.0227778415816913
0.02185545245645286
0.02242189777341598
0.02254416627110703
0.02253155919088715
-0.0288694001558892
-0.0287215552037226
-0.02850908660372063
-0.03326031931208237
-0.03172031482323553
-0.02804321635274259
-0.02718206199185462
-0.02772563027874137
-0.02585575745979321
-0.02508659362999465
-0.02560094291580238
-0.02690823295646173
-0.02289250970247988
-0.02278068419587721
-0.02324357837305254
-0.02772017774638798
-0.02721900398458051
-0.02814454222640662
-0.02848441500706265
-0.02853070518178466
-0.02799585393189275
-0.02591771478396026
-0.02685698367503627
-0.02597651568702093
0.01124335414029136
0.01136710878123182
0.0103715137069554
0.01833347694352476
0.02105155597736254
0.0153907388119772
0.01537563659146785
0.01436868412125033
0.009077799790574435
0.008855524574709691
0.00908252557500893
0.01264468284491404
0.01242109144948889
0.01265130077588448
0.009700877314393721
0.009720164709721849
0.01058746648915838
-0.2335429729609684
-0.2060838939000918
-0.2005525168478357
-0.05463921383073142
-0.06894618391029793
-0.04130957147593275
-0.03249892215974538
-0.03235768892027272
-0.06502785506415755
-0.03302201601300277
-0.04959698658310049
-0.0165251477249696
0.01159373344270244
0.01200005392325525
0.009801772310538056
0.004401417505701915
0.006164790859776802
-0.02455198647065429
-0.03730771322249546
-0.01242289284297667
-0.1756414735412984
-0.1865128446241696
-0.1910271075205616
-0.02321811923115307
-0.02273314825823454
-0.02365919395333777
-0.02469204073845435
-0.02516397185210878
-0.02471846932662732
0.02419716814356668
0.02375448745802569
0.02469204097950691
-0.0285603860490955
-0.0268948707240548
-0.02804692350932798
-0.03222318301997135
0.2262035402112945
0.2103153506650988
0.2432758262714713
0.03341475302094601
0.06683977081695396
0.03339612911415145
-0.02098057551861672
-0.02143970935076831
-0.0210026048338994
0.02619623919701945
0.0257810288823588
0.024693683353218
0.03424999615707477
0.03172027700729706
0.02137500181360953
-0.041027178449483
-0.04076550633699107
-0.0434643855744662
-0.02672116490078686
-0.02622661845446327
-0.02714754649610895
0.02370435292689846
0.02116609017144324
0.01328196092392681
0.01284845766126763
0.01374286665726727
-0.19098424571993
-0.1752637672317489
-0.2033083236156408
0.03220193073944592
0.03235774111598155
0.06443824743089462
0.06502882906918263
0.08114349000506106
0.04865517663528604
0.008798287431129363
0.009663617098965295
0.007900511521818419
-0.145945241667165
-0.1316450285592334
-0.1564862875588294
-0.02638645355892837
-0.02721507133682364
-0.0273546133733034
0.2300089296739747
0.2137197518702897
0.2470921595426269
-0.03411954894759415
-0.03575431041033257
-0.03301994112479212
-0.02498257854087097
-0.02585759504359352
-0.02447194291717115
-0.02352531142492236
-0.02530191173135142
-0.0238498188286731
-0.0239018806832613
-0.02294061939696846
-0.02388054475943687
-0.02547782640710793
-0.02573749573910936
-0.02279185449931235
-0.02374348456418507
-0.02194231971433631
-0.01699513862245727
-0.01535240395367866
-0.01521002678547006
-0.01897411602201585
-0.01905749353506743
-0.01722806171517594
-0.0008576366632848221
-0.0007563986610010615
-0.001033487626078367
-0.0005017150165329547
-0.0003609727054188742
-0.0006025279043464352
-0.0003403537236325842
-0.0002702916645999246
-0.000239997336298812
0.02447197094510283
0.0253019198597947
0.02352532318415309
0.01905746279774903
0.01737271359028988
0.02108752985768378
0.02203388562592037
0.02194231247449575
0.0002705282637444469
0.0003911109032347876
0.0001301941676507143
0.001060191503279538
0.000857636667268683
0.000190171873086428
8.998887862223436e-05
0.0001000746507849197
-0.189982881143815
-0.2067688077237074
-0.1745267419610341
-0.06289899762488538
-0.07837681644845064
-0.07893688454631725
-0.1242079611445619
-0.140437892362562
-0.1090310996618804
3.458365496611332e-05
1.284981721420989e-05
2.178015157789758e-05
0.0001100358185072702
5.010063681631864e-05
5.992141499711698e-05
0.0002148945903834775
0.0002179907106714787
0.0001553081212518436
0.02547786503318011
0.02534696142742697
0.0237599810778177
0.01897407827160018
0.01888855777890118
0.01722809963288967
0.02599583963484514
0.02586671611148429
0.02423729490055564
-0.0001100358150383759
-5.992141107264048e-05
-5.010063378040789e-05
-3.458365398328756e-05
-2.178015023879616e-05
-1.284981653345455e-05
-0.0002148945888159908
-0.0002844112548368948
-0.0002027237543873134
-0.009202351680379266
-0.009262524036744504
-0.009605059101881998
-0.01338722670273649
-0.01314989153804932
-0.01314553351684333
-0.01200004845157767
-0.01124334675140627
-0.01310460466022034
-0.01219759848157569
-0.01242109129647492
-0.01220397680513603
-0.008860125527894107
-0.008642321913873603
-0.008633307456892522
-0.01147535930447751
-0.01149822766320691
-0.01058746065285236
0.001165897366153233
0.001268356745976986
0.0009846290059907442
-0.0002599968422463133
-0.0003004037585668191
-0.0003503152992261666
-0.0003311871031125918
-0.0003524394476466082
-0.000421600834098657
-0.001776920049884905
-0.001517902969703854
-0.001636654628718763
-0.0001424643213356271
-0.0001292722074299343
-9.408349746349278e-05
-0.005432444322734616
-0.007612303292499965
0.01561376764802821
0.01386146408464055
0.01567410582786722
0.02476103501003079
0.02518741678163257
0.02427779182115436
0.0007904937283873454
0.0007782348451853473
0.000924507018935635
0.0002599968465979077
0.0001799585056385218
0.0002098283924118647
-0.1599766640108335
-0.1590064196748466
-0.1923765630629154
-0.03143017235232608
-1.443810989427222e-06
-0.03119527911965472
-0.2207056027553624
-0.2038668983902856
-0.2359746818976526
3.398776038891937e-05
6.424985438967365e-05
2.108750410057628e-05
0.02022892646943312
0.02204428601297537
0.02181927095218816
-0.008798276950489504
-0.009700869179736345
-0.007930969877748774
-0.01539074142860397
-0.01436868674979608
-0.01537564009566846
-3.398776001633457e-05
-3.860863061581347e-05
-1.261614134452833e-05
-0.01300717546805325
-0.01159372872768491
-0.1871778094416944
-0.1706418235704424
-0.2022405955743428
0.0001529787729519567
0.0001309280359990252
0.0001851999946483896
-0.005252662631174121
-0.005272510811597765
-0.007946758337624168
-0.008398213811343187
-0.007511606888235693
0.06290044753621549
0.04732364827311428
0.07893798285350465
0.1899832594311569
0.1745270264719545
0.2067698507917231
0.1242081597008508
0.1090313342792052
0.1404378960944225
-0.009409172601812694
-0.009277233090892973
-0.01046284425312928
-0.01438851067180031
-0.01326883345347734
-0.01420344813069449
-0.009927273668409304
-0.009799284082959202
-0.01103849950327897
-0.001675687084485699
-0.002519578522828784
-0.0008397297053174347
-0.008538128208920847
-0.009414263059356318
-0.007697541074359457
-0.001711727096070372
-4.179442324909317e-08
-0.001704990386572014
0.05046570764216479
0.04541213781037345
0.05380793682134258
0.07635116514203773
0.08982343978026498
0.07241461178042231
0.06787590320699505
0.06665033117808587
0.02288429435235101
0.02467571381258051
0.02439770826749987
0.02180002240188672
0.02035866455015485
0.02352657425120185
0.01763414323577601
0.01602164372349064
0.01773855916981003
0.1923771744117723
0.2080550589779769
0.1756325611475567
0.09509544582801319
0.06373241566183446
0.1291451228375716
0.1457417213233168
0.1450337277484181
-0.101235819150025
-0.09810639569334642
-0.08982354124390718
-0.05046573883196813
-0.05380796984254987
-0.04541215967818849
-0.08307480338827646
-0.08126239226117037
-0.07241466255571385
-0.001072600216666097
-0.0016635800405173
-0.0005541177962837118
-0.0007757920220560324
-0.001221562177885297
-0.0004066864632796323
-0.00278777038737601
-0.002412891216209339
-0.002227660766137489
0.007625138376276142
0.007298891164880145
0.008457780642058117
0.005559685865743527
0.006257772916107313
0.005692187675124758
0.005042533469799225
0.006073995682425719
0.004675362231235761
0.0007757920651399969
0.001107082664038263
0.0003685263121123016
0.001072600335416516
0.001555319309567902
0.0005179935798870417
0.002787770429335049
0.002227660812568413
0.002412891276438726
-0.005559685897058916
-0.005692187702296336
-0.006257772956039571
-0.00762513848736809
-0.006830530495146074
-0.007917399781963048
-0.004675362244213476
-0.004033187150662732
-0.004949506725602076
-0.1974161054303445
-0.2143644426017387
-0.1810946752590888
-0.06551518895511653
-0.08205200129224094
-0.04920455368064996
-0.1303012949887174
-0.1469705588391783
-0.1141723129391305
-0.0659076776135481
-0.04935216545252344
-0.08229559476480713
-0.1647551213015559
-0.1984913066426034
-0.1326010651300319
-0.1160930073328516
-0.1158657238561994
0.01955296104425466
0.02107317941241079
0.01941369292208424
0.01604369561097233
0.013111159008656
0.01350275623251403
0.01359812041069421
0.01501129081891716
-0.01449198891791732
-0.01316556075380445
-0.0143548201590755
-0.01649658811527486
-0.01907044589859019
-0.01866224370123312
-0.01715349749298381
-0.01982852693561103
-0.01475413716602619
-0.01590524037306019
-0.01493479924137044
-0.01306597746864862
-0.01067490284002396
-0.01018046552762301
-0.01005432534939772
-0.01131983785914997
0.01579737330782659
0.01435224135645875
0.01592119310595939
0.02227405279598104
0.02211013670776853
0.02077169929797729
0.02160833690399094
0.02015038408031808
0.02177718906510927
0.00627685191717852
0.0055736721461675
0.006429623104905852
0.008218616510369873
0.008444974767866015
0.008866980146981899
0.005160971057279087
0.005968350612446786
0.005655855519441999
-0.007488374485158991
-0.006581384979843023
-0.008062845702644558
-0.008669884932423075
-0.01003968146006993
-0.0110613881088706
-0.01030659511643689
-0.01080843469716791
-0.00821861667621045
-0.008866980357873946
-0.008444974951948922
-0.00769065255844605
-0.006276851855839708
-0.006117265539912846
-0.00693170927424089
-0.005655855500266843
0.01045325645784672
0.009518909203228483
0.01003968113814141
0.007690652486713022
0.008062845648224508
0.01106138759149698
0.01080843423655671
0.01030659471541564
0.01679117157037157
0.01672786932991883
0.01624847157872468
0.02213438775075744
0.01875564709431426
0.01865503476086548
0.01817166280491245
0.02074024142248464
0.02060024200610634
0.02011200262019735
0.02690822575273847
0.02275257273044242
0.02257046080764688
0.02207503160740381
0.01512735146081381
0.01524400878059628
0.01523589074370726
0.01693300428305342
0.01705075789133374
0.01704161378460883
0.01553722864574526
0.01555329588499737
0.01598709988641269
0.0187488450302109
0.01886784134065905
0.01885762537137562
0.0205772717297713
0.02069773660799235
0.02068638105199893
0.01915386954727572
0.01917385928021103
0.01960916693992532
0.02939600935884892
0.02917572182003117
0.02886942599368891
0.03411963756014256
0.03547644636076454
0.03112676816752412
0.03095274343111099
0.03030509465897179
-0.0002843993089908886
-0.0002614930933262719
-0.000233557880868766
-0.0006235857476412962
-0.0006667636693065135
-0.0002528033277428375
-0.0002760315979076527
-0.0003408814803776355
0.0006235857469408511
0.0004946630779600372
0.0002335578800958535
0.0002211611350016049
0.0001948696175203988
0.000427872727834883
0.0004577715411175265
0.0003408814801587528
-0.01912694527099072
-0.01905798749858702
-0.0194294148337808
-0.02099927442471374
-0.02090987186438746
-0.02132461337734082
-0.02151540216246315
-0.02074024079227364
-0.02203772183428834
-0.02057725008317796
-0.02046816553720052
-0.0204569560692301
-0.01874884909640555
-0.01864007482871248
-0.01862999636667557
-0.02006535891423305
-0.02008637985060037
-0.01960916770516227
8.808691899153388e-05
4.635979035149438e-05
4.10130663988836e-05
0
6.671692036033787e-05
0.0002528033276183515
0.0001650984422271545
0.0002363753236593904
0
-7.173555011604135e-05
-6.671692029256988e-05
-8.808691904209408e-05
-4.101306634426527e-05
-4.635979039110418e-05
-0.0002244953742150408
-0.0001467147722195342
-0.0002363753236055242
0.02856700348131929
0.02855659995248413
0.02843520048381219
0.02784214986983627
0.02734544917745958
0.0273935351972436
0.02727835507010562
0.02752613202947583
-0.02757654827744735
-0.02760933048834881
-0.02854632257930875
-0.02867920859394953
-0.02855628231362727
-0.02765974553818878
-0.02754397271178916
-0.02752619297049371
-0.00132296364664283
-0.001445515272538823
-0.001533200346973447
0.002184589164049004
0.002133991207427219
0.001455959607179425
0.2207055642550763
0.2053751255093189
0.2376877919323438
0.06193089524631936
0.07712343188983788
0.04623044342423889
0.002290819902802098
0.001770485638345389
0.002954257441710812
-0.007761616766944491
-0.00753097639166631
-0.008374832132206564
-0.005339389039357705
-0.006544983705771437
0.004404605106558522
0.004051218253058761
0.004653400866050461
0.05299823666861121
0.05801420737594166
0.04884444876619273
-0.007471323893089001
-0.008309612475255787
-0.007616167121681131
-0.07323475588047476
-0.08359185366483983
-0.06966679844525228
-0.004632502214459802
-0.004752876374365078
-0.003967365776967283
0.01458092343652261
0.01621000956316811
0.01449683218382219
-0.011195411663653
-0.01135790062323481
-0.01016861246218633
-0.00634874356524572
-0.005215451204645364
-0.007308865694787362
0.008795622019792353
0.007381977910277377
0.01034195655934185
-0.01161625828438575
-0.0129150685117583
-0.01172947495863523
-0.007023707300081691
-0.005782333096670653
-0.008102490158516915
0.01228070298549368
0.01365336017323346
0.01217242193550233
-0.008348090373588397
-0.008388431645262803
-0.006675917021432109
-0.01037453535495888
-0.009488126596970146
-0.0112230205935843
0.001697927028844984
2.201687905433043e-08
0.001704931746967014
0.01982717546898023
0.01828915878541111
0.01996206931150147
0.01675446702904206
0.01522230579879224
0.01686862147881544
0.05438215529060771
0.05709457054591086
0.04592223144670232
0.0094067487841492
0.01041801239354458
0.009989586094701599
-0.04362416205557441
-0.04706981650185828
-0.03921423973926405
0.03184768299170697
1.605481191527939e-07
0.03203140189987194
0.194391747513031
0.1784302321647439
0.2112991039825053
0.0217567600011201
0.02151540171156542
0.02047745339036768
0.01643755812987497
0.01734029014222816
0.01868027206701071
-0.003226380224783029
-0.002595645899249999
-0.003641503693093171
0.004021378217868985
0.005405205839007
0.002864133064732849
0.002451147329401064
0.002995817384947537
-0.003696260693033942
-0.003526112185987646
-0.00411595465351748
-0.03262683880309558
-0.04903995852762399
-0.01634064724143462
-0.2300097323189372
-0.2129973058625797
-0.2462857910210155
-0.2335236808250213
-0.2337761848600508
-0.1999336486138027
-0.0662190419479929
-0.08287813287737407
-0.04970059404465454
-0.01249430509095252
-0.01238800644473659
-0.01389066851608946
-0.0164843407184133
-0.01511400995573683
-0.01747525117369542
-0.02563874673516645
0.03054981593232406
0.0301644012184075
0.02947945898163181
0.02619050859021501
0.02631915822242588
0.02630316251050872
-0.0005980488138029889
-0.0005696509387733
-0.0005132746126138319
0.000763540401931766
0.000732723250739005
0.0008446261570477444
-0.002113455569520087
-0.003214226277568653
-0.00107100266283125
-0.01842067724837313
-0.01944562786456366
-0.01915387299359805
-0.01824565100796936
0.0002065358462171541
0.0002789925037047521
0.0002144007266618428
0.007761616634128631
0.008374831966957142
0.007530976273744369
0.01748965220893
0.0174013942509492
0.01638691777541072
0.01463907256554142
0.01419073268558306
0.01465418633264745
0.02100263811841869
0.02078428877664846
0.02124370096973357
-0.02275256074480542
-0.02207502255094717
-0.02257044219740885
-0.000206535846166523
0.02843880894332803
0.02821888053181077
0.0287034882353237
-0.02888335190583573
-0.02902747497251079
-0.02876644028120968
-0.03205406148110124
-0.03126214960843923
-0.0305498433455296
-0.03728627829596234
-0.03877592246230742
-0.0361250578933761
0.002572241128407197
0.003303777668013391
0.003130089431731836
0.004389486791123909
0.004632502328583096
-0.01146403928830943
-0.01041801271918132
-0.01205679542073567
-0.00998958640325434
-0.009773216878053173
-0.01077417899707302
-0.001354100358611005
-0.0006940038551506737
-0.0006597134086652599
-0.004872478260941347
-0.004991317040290774
-0.004173058721489664
-0.007511871838805965
-0.008590091473507405
-0.007612326490105374
0.001453180358654512
0.002906903705640173
0.001442088211488843
0.01155956532560053
0.01003123732396287
0.01018820511632262
-0.002338482130816834
-0.003549159991277276
-0.001182612282631064
-0.009590708856843683
-0.008480837094220548
-0.008293239238728526
0.01933903884350551
0.01809622493687163
0.02091623104830866
0.01839881077416111
0.01983032717679262
0.01824819909382082
0.009503388118407992
0.01037909122251886
0.009327599275931991
0.007488374549701785
0.006881978704109885
0.008430213870112443
0.01735829207058583
0.01714113290652931
0.01759387504154532
-0.1960604705338125
-0.1792032101536118
-0.2121913752880025
-0.2660809812596236
-0.2319372917916208
-0.02061867990173795
-0.0189873780663703
-0.02194441534640517
-0.02019766461613529
-0.01747341704468901
-0.0001173168035316463
-0.0001733243081348424
-5.659437979982381e-05
-0.02619057423396505
-0.02607815868394464
-0.02606244892872346
-0.02688624468977972
-0.02713084581799645
-0.02690201160828616
0.02563864453676267
0.02516396362286093
0.0256664727614762
0.0265985178924783
0.02708452724547659
-0.0007051650054259015
-0.0007840362416649863
-0.0006797747793766996
0.0005456843852256336
0.0004650793074621655
0.0005238858520923853
0.0004037007992926808
0.0005132746120469603
-0.02175676285690532
-0.0168714121151302
-0.01826464214998448
-0.01850142412438314
-0.01804730361267596
0.0003111303400937486
0.0003302291441323441
-0.000303957204222338
-0.0002144007266060025
0.02508647994581571
0.02459178032953116
0.02464130972505285
0.02862458388947099
0.02838664827661591
0.02891039568887242
-0.02754281582545756
-0.02807456951338814
-0.03010133961803163
-0.02949889110662985
-0.02986599753262211
-0.0324040711128637
-0.03096768965287307
-0.03211481855579853
-0.0003124406817127797
-0.0004226292662242903
-0.0002965577762741347
-0.01933901666875282
-0.01778763003090767
-0.02056021339202764
-0.0003302291437729747
-0.0003413426650357068
-0.0004004313794614215
-0.0006296066804218615
-0.0005474810957988768
-0.0005792776182511164
-0.0003664689398470357
-0.0004437576728309014
-0.0004194494927723709
-0.004225622657538293
-0.002816647480303715
-0.004190800446762537
-0.009542173365888735
-0.00962565458910683
-0.008175592685317919
-0.009871415898591713
-0.008457831908330243
-0.009790208895880188
0.003708629619193674
0.002471990727099456
0.003747699174135882
0.006441525823049203
0.009025440304409065
0.008665485814333995
0.008573632170925747
0.007424144519706865
0.03814044409355605
0.03104138063853891
0.03524606539197978
0.01831000032076082
0.01746611984819742
0.01218578798744792
0.04748951681776847
0.03933857036313596
0.0433013093731058
0.0103745353188625
0.01122301393589793
0.009488128498492119
0.003449993936743397
0.004321074124461746
0.004305261836447645
0.006956432538978126
0.007814442660642813
0.006074198658413221
-0.01311125072140423
-0.01164866708861496
-0.01301081337323604
-0.01955294972402142
-0.01941368761925707
-0.02107317196452305
-0.01350277962885952
-0.01199667549218089
-0.01340630290095486
-0.02193878183363922
-0.02645345277917012
-0.0234370655285347
-0.01661029008778417
-0.0055166553526861
-0.004343693039280042
-0.004044818071646033
-0.008697891743084486
0.003424149860916968
0.002572729987839291
0.004289105822130312
0.008605982302170174
0.01029464573725456
0.005096744668898246
0.005117728925934172
0.006798321110321941
3.024150387118897e-08
0.006087003076225508
0.005516712319566329
0.02193880313077113
0.02343709153524331
0.02645346698643626
2.210151204961313e-08
0.004934338255386552
0.004343731067512283
-0.0830566503337746
-0.08105465127570644
-0.09261227072773581
-0.1328456230187344
-0.1301966149879982
-0.143678915975383
-0.09068590428931059
-0.08883939959034172
-0.1010734398932154
-0.007159846367197312
-0.008594759460704919
-0.007216196792368475
-0.0014753192392885
-0.00146433264868685
-0.002951018986786412
-0.00143080710993363
-0.002862126711726658
-0.001442122112646896
-0.007957088646096464
-0.009372969484430803
-0.006689759102771918
-0.001384709511163201
-0.002769867612114524
-0.001396472202769082
-0.001336728087414442
-0.002674004859729491
-0.001348920875731962
0.01715354072933592
0.01848922297367745
0.01699143030700302
0.01393608154460474
0.01138682995812957
0.01328914760758484
0.01449203565058767
0.01184163313175554
0.006566557904384185
0.00788279874284204
0.006504261375042716
0.00126174486529109
0.001274486340526961
0.002523860716179349
0.001312152110261798
0.002624811963434464
0.001299737255654798
0.007045774774567694
0.00845775609338806
0.006987809812237355
0.001360904820475226
0.002722334539721331
0.00134893105688318
0.002839498816106456
0.004225498836973401
0.001408063229814228
-0.003938140214944137
-0.002624971097497281
-0.003900673950550506
-0.006314034201134864
-0.008846931862796491
-0.006566690683172409
-0.00920069845388065
-0.006184430002617009
-0.007424154995234683
-0.006249517433939257
-0.001287068010585521
-0.002574678757169927
-0.001299698278011352
-0.002445734134561495
-0.003708678239086738
-0.001235808550736188
0.00401196649958778
0.002674200451736845
0.00404832848407371
0.006929274173710644
0.009708274012627308
0.009372983452462326
0.009287278131654982
0.008030565773660599
-3.805063246838065e-10
0.0008587486621084021
0.0008266766268476757
0.00397613251046018
0.003811347178508899
0.000761244395757211
0.0007777571212758151
0.00152276366377118
0.1682940203449441
0.1701025030907679
0.1817531411642773
0.1351535586285021
0.1100668396127115
0.101281275168364
0.1299298693154859
-0.00447663203856558
-0.005343201918610903
-0.003811346986403626
-0.00248122107730073
-0.0008266771203155311
-0.0007612443597321409
-0.001522763603003081
-0.0007777571683286169
0.003054752570397981
0.003447117243297407
0.002461763196837237
0.007772330740340221
0.01038135443184027
0.007136569818350845
0.007395669178377517
0.006406790255935757
0.001768813721635773
0.00199098821254392
0.001988922804229245
0.005309567390684515
0.005534006140651526
0.005528250744725778
0.002640097366171222
0.00264533090028046
0.003520551681199778
-0.1379925415723525
-0.1354447704210118
-0.149208272343377
-0.1142945861673376
-0.09100235556535359
-0.09427069311220987
-0.09249627874600261
-0.105050879713171
0.132630649828128
0.1598451834959895
0.1784853106503965
0.206999766767352
0.1994216621735334
0.1855902622562587
0.2013888639124495
-0.001902741616414919
-0.001377352170815288
-0.002295724452180781
-0.005513247433396165
-0.005639987324943628
-0.005847028146950518
-0.003257540017541594
-0.003054651108143533
-0.004344543118185572
-0.005309563735242327
-0.005090706117147807
-0.005085412804343149
-0.001766996407644758
-0.002211107496434053
-0.001326581489811245
-0.004401417869364045
-0.00441018922545013
-0.003520555589885431
-0.01830995136685881
-0.01218573306079031
-0.01746606874589231
-0.02492180087764826
-0.03524605082452661
-0.03860845411005071
-0.03067699124503086
-0.04330126380947303
-0.004491710451735031
-0.004523496094681737
-0.002994044222403943
-0.01018827491604514
-0.008729421911338348
-0.01011016162397245
-0.0104927984945701
-0.008990454850986906
-0.01041777564356709
-0.01542546286581482
-0.01539411563694043
-0.01568707180017793
-0.01727007956015398
-0.01722037229146055
-0.01755149884256847
-0.01740139828420445
-0.01679117535171264
-0.01791033526436403
-0.01693300939432591
-0.01682439452098886
-0.0168153804799662
-0.01512735819424181
-0.01501880529417173
-0.0150108123275523
-0.01643756394435228
-0.01645460268703021
-0.01598710740088976
-0.02375446603292952
-0.02377981072268719
-0.02463506686858231
-0.02475308567016989
-0.02464217083642447
-0.02369572639423987
-0.02381271094774258
-0.02370244143501221
0.02451019898709853
0.02439944146391579
0.02463505149409713
0.02328858936632904
0.02357225357314303
0.02346209495960368
0.02369573816202621
-0.0255881214388645
-0.02519965625949757
-0.02544797610059876
-0.02633326248359556
-0.02458638015445722
-0.02421564072031477
-0.02446037503730259
0.01290475481297805
0.01291268603347302
0.01243877625926493
0.01756634971307621
0.01484167048868036
0.01481464128614547
0.01433811265930909
0.01176322830634051
0.01175704437631953
0.0115397794904641
0.01333007907037159
0.01344575829915869
0.01343863787542118
0.01195569893060003
0.01196798994885903
0.01240187781796938
-0.01228072018561279
-0.012172449202877
-0.01365335041168553
0.006052456915515012
0.007265858472896848
0.005985767770465522
0.01995655192062529
0.01328384154428946
0.02075836017142575
0.05625973740742014
0.05118093477339843
0.07393017592629686
0.06229029289244547
0.08744085589654994
-0.0112789944601308
-0.007504436018065261
-0.0103859235790754
-0.03814044388471565
-0.04050357657216611
-0.04592223939545881
-0.002184588999377772
-0.001455959457319862
-0.002133991027481977
0.001724610432876389
-1.483040852191254e-08
0.001730919831837371
0.01045081638906015
0.009592923718750881
0.01134778605958376
0.00143099960792993
0.0042941104240774
-0.01738019099816142
-0.01579716845836654
-0.01869601918602321
-0.01982718616409636
-0.02136849552135906
-0.01996216203400349
-0.001209442385230277
-0.00362957206327201
0.01181261562076225
0.01175666033742159
0.01011871101587537
0.01892355166123035
0.0228149586477894
0.01741867734332028
-0.1093759765815609
-0.1022684666344685
-0.09734565218298247
-0.06423112826163599
-0.05492027676470465
-0.06266479768243179
-0.06584251613736121
-0.05385214182987976
-0.07565617739434893
0.1057305560412202
0.1351960723755014
0.001486070067852855
0.002221225420746056
0.0007402766495650086
0.01796089787588424
0.0168278681724164
0.01945278911396809
0.01206313029720955
0.01476272149800218
-0.01001258739256658
-0.01115349172961403
-0.01138687284042011
0.01249427855744167
0.01259957760622197
0.01389067423289858
-0.02233844981620383
-0.02189997233513682
0.02284850483741388
0.02262886071388575
0.02309325588876725
-0.02480486096792203
-0.02407035670921482
-0.02457631614724638
0.003373866894771069
0.002577460347178916
0.004299178517010688
0.0044766322478206
0.005109404418708456
0.00364434363746402
0.1570705811384822
0.1476466187134159
0.1716396918913806
-0.004872162262949477
-0.003976132342669938
-0.005573912049584124
0.002308714607174193
0.00325756814285245
0.001086048861411167
0.01331106150395786
0.0133654520680296
0.01236530045283298
0.006177037257365428
0.005740886299240997
0.006625864160884331
0.0008799202669683398
-4.320993356289044e-09
0.0008816701452001134
0.009285807243487964
0.01017450543235338
-0.1570696203377397
-0.1662184161873851
-0.1716381890865467
-0.01863305002869988
-0.02862501749891467
-0.009524932940515865
-0.007594942545710785
-0.007542478930902921
-0.00911687356702031
-0.007136571670158825
-0.006406801340262104
-0.007395664669185214
-0.001086058628958703
4.356812030260984e-09
-0.001018399870969894
0.01369378589187947
0.01548720910048348
0.0153523896981216
-0.04712712718714897
-0.03341716418215462
-0.0008816805026041218
-0.001323863817299673
-0.0004412825547248301
-0.01875565121024704
-0.01817166945043846
-0.01865503752452554
-0.01638692197310268
-0.01588088834106869
-0.01581505226005469
-0.01374287110240981
-0.01419073866126384
-0.01375703412939067
0.02863960410239282
0.02693154333053433
0.02471845315151066
0.02449645262190516
0.02496826546656407
-0.02693158531206409
-0.0261211207773446
-0.02664773660479773
0.01375702982675459
0.01354007609495657
0.01398842896311913
0.02455179305720915
0.03638308474209716
0.01211415667272818
0.09637700901883742
0.08304384038150051
0.08529305470632012
0.01202080929352302
-0.06726053319997281
-0.07706839282797018
-0.06873641502483996
-0.02256987592942618
-3.031959661299607e-06
-0.02184631736898351
-0.02242187528357362
-0.0223122618825706
-0.02229981697950664
-0.02309323650008127
-0.02332600634569577
-0.02310595920572976
0.02585575971756322
0.02560095221460846
0.02508659809100705
0.021439742026688
0.02192311346475622
-0.02415608385111824
-0.0237731666646202
0.1756432981639144
0.164550273141789
0.1910305037877591
0.01149823038960961
-0.01465419308889493
-0.0148865467094564
-0.0144372525682643
0.02508506183621169
0.02495239944912196
0.02470587164548119
0.003097698561621853
0.004677287606786187
-0.003097731548886509
-0.004677338406822724
-0.001578391975930324
0.001578405486454316
0.0001959303965829817
0.000129279705203859
0.0001823488662987138
0.000344622810097219
0.0002929275198518323
0.0003125718608497802
0.0004754180675860722
0.0004038759416323922
0.0004421704686241285
-0.009762504308643437
-0.008177372691960519
-0.01804444000213117
-0.01490606518062047
-0.01158069568174631
-0.004849683858223248
-0.00487709698727332
-0.003232598051714605
0.001625063480914006
0.003232602402305657
0.001597558590451411
-0.001597564063545633
-0.01488466695264635
-0.01510968040523785
-0.01387496566244642
-0.01103160694720044
-0.009869650396264971
-0.01053295320690222
-0.01247469544269186
0.01408494225464062
0.01533290539771764
0.0100195862561365
0.009144272477280189
0.01151908736392039
0.0136401296280115
-0.01344496008651254
-0.0118126345000973
-0.01169935739619088
-0.01363416846775244
-0.01197129428764907
-0.008465665052369372
-0.007600217284414193
-0.009294043387340731
0.0419982474472167
0.02798682081332438
0.04232430779262607
0.0721761039755688
0.1012362688470303
0.08350564187118245
0.07008398570212014
0.09831811335948834
-0.1421327622412766
-0.1133686891241722
-0.2086103803146857
-0.1479820559850287
-0.1166025942246026
0.09100327041288517
0.1041663243345107
0.1010118576887158
0.1379864017568356
0.1404793074290441
0.1492048091309166
0.09427061252349794
0.0835864775559417
0.09601057871747865
0.0001973580814300665
0.0002388025780327048
0.0002196552414117399
5.530708067145686e-05
0.0001116241356115993
5.969721226552058e-05
6.822587091605782e-05
0.0001162044282182576
3.810185469283438e-05
0.001067645804169162
0.001225590404421517
0.001052529095300172
0.0008984741416515873
0.0008498798689842974
0.001005288670016842
0.0007103930288014805
0.0007951164285213251
0.0007559405593648882
-0.0008984741413092745
-0.0007923294413780081
-0.0009486530497213866
-0.001052529095704298
-0.0009662914043500362
-0.001119583131812073
-0.0007103930287049473
-0.0007559405593164399
-0.0007951164285023185
0.02672110587078193
0.02714749460508244
0.02622660664384306
0.02390181938133049
0.0230359441747368
0.02498249548940382
0.02547741272932606
0.02542130372228519
-0.0003446228093212335
-0.0003125718599678603
-0.0002929275192297973
-0.0001959303964993255
-0.0001823488661591933
-0.00012927970515779
-0.0004754180672493941
-0.0004421704681713872
-0.0004038759413786176
0.0135004005700789
0.01326399557218002
0.01258297418730365
0.008789148757083301
0.008044781528735485
0.01019456937455099
0.01207478680257266
-0.008789148005008109
-0.01146407617779572
-0.01258297503617432
-0.01019456880463533
0.206086704902777
0.2086124545986405
0.1577639637087482
0.1286636254214729
0.1166009833899326
0.1479832233677476
0.1337959023021256
0.1639922443683789
0.2152854120545075
0.2469693400405486
0.2421165244204758
0.001995680896448799
0.0009826709787393638
0.00599541266451831
0.006893578770943922
0.004767202306941438
0.002858268655821166
0.01488466295218869
0.01053295112316304
0.003176381297642842
0.009538104105611598
0.01106416601917128
-0.01164074400997494
-0.009921547819130877
-0.003303135332862976
-0.004139883802340866
-0.00248342295770119
-0.008221569525105176
-0.00653985897078033
0.01119887135486245
0.004849690526305677
0.008086898681859987
-0.003176399249039148
-0.009538068565701802
-0.0111988709066604
-0.00808688710199439
0.00326861563014665
0.004075049497349
0.002444615263749725
-0.003268600138953822
-0.002444606682785671
-0.004075014273907711
-1.342874767656412e-08
0.0008235833885539153
-0.0008236085471246216
-0.2343587914439659
-0.2511485588298594
-0.2512174195242249
-0.2344999409651501
-0.2177051215742057
-0.2512907355420508
-0.1672691155106573
-0.2008201358654823
-0.1673224114584562
0.03109039519857134
0.02071062572930359
0.0316711740073878
0.05569253491143471
0.07822772982881443
0.07297768017506408
0.06242666357577675
0.07433124622231638
0.002227712452468145
0.001099565699017581
0.00669150532153503
0.007711840759228802
0.005360461417227846
0.003214223952766848
0.0111797464676168
0.01570916008084253
0.01663808034841712
0.01183813101816204
0.01705995436841585
0.01018051000607593
0.01276625129455668
0.01511405281402674
0.001127695276627856
0.005782317248374978
-0.2252647766776771
-0.1944591459517305
-0.1528458130051158
-0.1219976197847574
-0.119470774735657
0.02654413689579982
0.02629368621834938
0.02713057610101824
0.03126209559857634
0.02756670478485044
0.02730704672989553
0.02821049119897326
0.001012553895770526
0.00521544236860906
-0.02705068626462863
-0.02730721245617741
-0.02766277618450998
-0.02863963166525033
-0.02604500673857573
-0.02629385417171424
-0.02660985560900404
0.009058142039117867
0.009134264243139066
0.008663773002518253
0.01310460828697832
0.01097759567828482
0.01101996396822549
0.01054784159998765
0.007971205941223018
0.007753176028191317
0.008197633150550269
0.009755223838717481
0.00986920967845676
0.009864020370057054
0.008398222529357569
0.008406824909235347
0.008841881499599791
-0.02705762713259415
-0.02521511372784795
-0.02747561114483944
-0.02586662450892442
-0.02226451872599355
-0.02204427969586803
-0.01548720231658557
-0.01375158012138175
-0.01542078311961647
-0.01506092761172765
-0.01880109084196061
-0.008278498858309349
-0.007902258885270777
-0.008355408413802128
-0.01012752076147934
-0.00971652676185265
-0.01017086109890052
-0.009378040695850659
-0.009058122951080235
-0.009874535710139638
-0.01176384868439164
-0.01176763732169948
-0.01198817402157863
-0.01359055428478198
-0.01357704118723951
-0.01383316180456859
-0.01336545744393044
-0.01290476017136586
-0.01386660183601836
-0.01333008189674181
-0.01322150250319844
-0.0132145039972694
-0.01131641725084609
-0.01131047097813289
-0.01153977695566756
-0.01284845904066001
-0.01286168847047781
-0.01240187784174013
-0.009750104525058189
-0.009978008775949216
-0.0095324985662188
-0.007971197747466461
-0.008197624830574467
-0.007753168162660991
-0.009285799267653813
-0.009295324221247986
-0.008841873038357593
-5.530708060823649e-05
-5.969721223110992e-05
-0.0001116241354916969
-0.0001973580809417333
-0.0002196552409611313
-0.0002388025773037801
0
-4.671264786658232e-05
-3.810185467780698e-05
0.02207852346776378
0.02294062627545763
0.02658596509439275
0.02616202325119429
0.02707688595928754
0.02374342565895461
0.02379697801745133
0.02464619688642049
-0.001667728498241352
-0.001659529368601804
-0.003336189070565539
-0.008306749583647631
-0.01002261654278701
-0.006739026614928311
-0.005882061704970356
-0.00756560192163964
0.02571059685360729
0.02559881657539707
0.02583801319767398
0.02667451404910893
0.0265613026975219
0.02680466444222514
0.02591984679945606
0.02593474148084941
0.02615975304878461
-0.02667458075231993
-0.02680472782258694
-0.02656136585234718
-0.02571065878039639
-0.02583807367131302
-0.02559887351911828
-0.0264008061166304
-0.02641615505660657
-0.02615983553068216
-8.058174496260015e-10
0.001071000963151748
-5.997625501991649e-10
0.004616830342211255
0.001538534991491446
-0.004736379307218567
0.0009213040845291012
0.0008456963181879883
0.000856917864686264
0.0003805636587596481
0.0003569401671473398
0.000461383553735923
0.009413140355918632
0.008325577360417839
-0.01133009374938568
-0.01666009708325475
-0.01824202473634603
0.006348732290916316
0.007511888785979005
0.01060845451362472
0.0117334468386482
0.01042968818107075
0.005850614045157678
0.006941667000899824
-0.0001529787723217636
-0.0001851999937537034
-0.0001309280352598166
-0.008386298841858486
-0.007890829259488153
-0.008100767381033658
0.007511615278247713
0.007068637601314915
0.007519305714102344
-0.01325716882815658
-0.01429319096561144
-0.01344932768621121
-0.009413139933839892
-0.008602427903407917
-0.01565642354281696
-0.01442982925659225
-0.02423728714576202
-0.0251783340235489
-0.0234142286548145
0.009409263061914225
0.01661266844183658
0.01577455600248442
-0.005631547441853411
-0.004613395306989169
-0.006465994036218934
-0.01029469143641276
-0.01117950556716137
-0.009451770122133824
0.028619974922605
0.04263848177370813
0.01419808587725256
0.02627599413721246
1.818290671821428e-06
0.0267942413221973
-0.1399468584330374
-0.1711745223616542
-0.0848306390276134
-0.08608407959665659
0.1379473337309347
0.1279709826843525
0.1521654331002836
0.1328470034224549
0.1436817438682303
0.130198503502488
-0.09041433934484325
-0.07488423056500616
-0.1050102638602356
0.13530082236903
0.1505292580042913
0.1345590524215695
2.960386594212441e-05
9.011969765557667e-05
0.001381940678576363
0.001461670234814659
0.001284872238447947
0.0006870821127002625
0.0007256374623303635
0.0005830251356019756
0.0007703308718276854
0.0006955992128285479
0.0007163697230510731
-0.00123711370910904
-0.001355491339181917
-0.001174067381684349
-0.0005510946808190223
-0.000558080063410981
-0.0004502061322933671
-0.0006134944009236193
-0.000707455552589242
-0.0005780130600660056
0.02212236182380643
0.02685718230391115
0.0264186666576461
0.0273638446139482
-0.166839029366609
-0.1666616221582193
-0.2003668986421022
0.02690193923754781
0.02678804313523287
0.0270324298108648
-0.02922261363526983
-0.02828504642821256
-0.02886752972803682
-0.0002235397327500018
-0.0002096957556707777
-0.0001474544359746967
0.02803608113349718
0.02707788838791804
0.02721496376900128
-0.0005350031265339401
-0.0004718237474678799
-0.0005780167248480671
0.02184650887550144
0.03223592133472057
0.01072749505314782
0.01125769660120212
0.01213990227426063
0.01104995584091421
0.0146720605524489
0.01396840568393406
0.005631548026424713
0.00668132454919652
-0.007759996022487324
-0.009503387742414623
-0.01467206192716821
-0.01350040183788068
0.2365815757632811
0.2034041947575272
0.08063447821044892
0.06774923481158732
0.09506125319894648
-0.02861990853548558
-0.04325081563499959
-0.01440616136202386
-1.273966490896224e-09
0.0009523487518879712
0.01565641761425063
0.01078480220172396
0.01233062478333349
0.01071302639014953
-0.023392108950762
-0.02181928213416204
0.01133009117276222
0.01295445558763494
0.01126501105848594
0.004930140685769796
0.004118702153416784
0.005767575059772654
-0.01037151263102674
-0.01136709636138295
-0.01331106283381267
0.01474588015436391
0.01482660447896455
0.01639382611271474
0.04992227650033911
0.05093581093182428
0.06001807380101994
-0.01195569758890442
-0.01106442857730904
-0.009720157229816388
-0.06691946614560089
-0.03344969660931173
-0.1003829052330592
0.01754079284271357
0.01844079017592991
0.01747523635247372
8.733895381474232e-09
0.00120950060155036
0.001182628174597672
-0.2132072738842784
-0.2277089418410941
-0.2299980254038783
0.02804319619921048
0.02772557232215206
0.02718198449109414
2.056860915242343e-09
-0.001127695291594162
-0.001155388477283933
0.0005556709589603022
0.0004546267425683767
0.0005438350302766515
0.009186676288767754
0.009378048352425356
0.008386298095767181
0.01018494551487913
0.009967589971143696
0.01041293021179959
-0.02053118766490012
-0.01888857628855004
0.01836413905105967
0.02014880478808132
-0.01484167192463017
-0.01433811249073648
-0.01481464566947458
-0.003367400274892182
-0.004219165541934098
-0.002530936154923168
0.02544256510710331
0.02520506934703389
0.02545706790410557
-0.001012555348364178
-0.001041998403993822
-0.0007904937267225491
-0.000924507017589725
-0.0007782348427720823
0.0004502061332917779
0.0003971626066896919
0.0004083749798479301
-1.055467530687145e-09
-0.0008903885733013848
-0.0009215897943004757
0.008293348283686717
0.007105214036233896
0.008387497022907689
0.01406017845153592
0.01414962807275151
0.01563074632505098
0.0227918167431328
0.0236351864142325
0.02184787957294922
0.008348185687300894
0.008388461638549007
0.01002254801991184
-0.008875329955357978
0.0967283912497388
0.0689410814597065
-0.1025697863192379
-0.1012331472177575
-0.03038298022445312
-2.695902625249055e-07
-0.0300721013433549
-0.001067645804371106
-0.001073408384055498
-0.0009213040842553638
-0.006625857180081839
-0.007068629806819405
-0.006632637225720499
-0.1336950268044057
-0.100285501012269
-0.1001701006373477
0.02742537029212741
0.02700706220746274
0.02791482008704713
0.01265006822186394
0.01099562547010941
0.003303170923409936
0.002483449136483428
0.004139932930509525
-0.01097756530452148
-0.01054783353794019
-0.01101989622831278
-0.01107579381847031
-0.01130457011411779
-0.010858584482731
-0.2009571636077456
-0.2345080397510225
-0.02496829678228095
-0.02520511420106676
-0.02498239453564144
-0.02545712644286617
-0.02558368415024853
-0.02534552057969151
-0.007519297604209698
-0.007745090205043061
-0.007301323534924298
0.001916307004248038
0.001840997615497875
0.00213073637569049
0.001555872393586367
0.001211870862500453
0.001161124309428232
0.001088749175767653
0.001334383808869782
-0.02235403724180753
-0.0238232690972194
-0.01423810290720066
-0.01720389105233993
-0.02035860406096445
-0.122491357183428
-0.128506027448321
-0.08581425337296107
-0.07480326386782407
-0.08688719254543449
-0.103822546269461
-0.04050151837928368
-0.04047936610589808
-0.04455917730153301
-0.0632557751981916
-0.06787594487811369
-0.05707313116744569
-0.04820891554277702
0.01485793586792792
0.02307249159934294
-0.01485800970319934
-0.02307276933293652
-0.008166625277017536
0.008166885263444649
0.1224943952686309
0.1354320951218036
0.0858118582110534
0.07901188951179623
0.1022690070998537
0.1219195095991224
-0.01561374555470098
-0.0138614839762646
-0.01836416905321499
-0.01843431612612842
-0.01579075308390025
-0.01396538112616855
0.04454305989057827
0.04247417377777381
0.04677164454092116
0.06325574175954023
0.06871263072524607
0.05370114994957298
0.05115981646144065
0.05127367525716939
-0.001756362137735982
-0.001969164844296731
-0.001662181688094991
-0.0005814198242825782
-0.0007518887220961824
-0.0004506316398974575
-0.001006761345999994
-0.001178886407182051
-0.0009149822842362754
-0.02108750462752317
-0.02022857861583015
-0.02014876274487937
-0.01555153792245705
-0.02091114144852003
0.001991243661534514
0.002096294796327078
0.001769895779438715
0.0006600052929184516
0.0008009957645010034
0.0004801033669476982
0.001849515523598639
0.001753345447279886
0.001477652911799152
-0.05854740054670338
-0.06871266038803932
-0.04454308750094398
-0.04677167312335684
-0.04247420212700066
-0.05875517773104401
-0.05868130873774113
-0.05370116023143356
0.04437616591224587
0.04410780325651845
0.02957340639200366
0.09133569467842829
0.1219984110830675
0.08837959867745065
0.0740372826144023
0.1038306646295403
-0.003653846346221822
-0.004143285539755294
-0.001215158108633393
-0.0005897575963612376
-0.002776126142886253
0.07610677612925452
0.08688754766225662
0.04493997061280009
0.038605138287463
0.05777742265829121
0.07480314707216269
-0.009301546691992469
-0.01553036095292515
-0.01106413455883372
-0.05080555797334872
-0.05777678637478856
-0.0252649954565968
-0.01634536185438339
-0.03860516095766951
0.01682008617256497
0.05080733561932382
-0.04493991817954444
-0.07610650083953448
0.008636503442127659
0.04566775865822281
0.1285043068386728
0.02265450322373379
0.02241692432927602
0.02310955571117324
0.02633325712773366
0.02409098512853335
0.02397164769839795
0.02372821865894392
0.02195896647984378
0.02184951386820845
0.02208073958707264
0.02277640086665902
0.022769989593947
0.02266023697909979
0.02216589079432567
0.02217799208693644
0.02239720165452641
0.0005814198437057512
0.0004506316615677305
0.0007518887424848574
0.001756362147455221
0.001662181700640392
0.001969164853119891
0.001006761356931157
0.000914982297178121
0.001178886418110711
-0.0015558723939325
-0.001495731666127195
-0.001211870861429839
-0.002038593393891766
-0.001916306999499047
-0.001060191497422433
-0.001276777550868377
-0.001161124302224368
0.01889408878453233
0.01866146453563264
0.01925872231663766
0.02203772320201484
0.01982698059093608
0.01959336505023363
0.02021255437279205
0.02076423096730351
0.0205294898609057
0.02117173359714258
0.02415609018826851
0.02170646607771771
0.02147038097814165
0.02213703873805316
0.01829382336188612
0.01818509916809539
0.01841249186056841
0.01920464745483917
0.01909581112932033
0.01932398704148482
0.01850141794263686
0.01851127884472251
0.01872875334640191
0.02011880944762482
0.02000981749221234
0.02023888116791137
0.02103673835102897
0.02092754383204985
0.021157615784536
0.02032590380611911
0.02033684689617746
0.02055497109348929
0.02899512579705119
0.02857816318196533
0.02884583913206081
0.03289433735184448
0.02975807981462397
0.02951002934181128
0.03037348109555987
-0.0001660615619448625
-0.0001516742570780777
-0.0001360939193619959
-0.0003596876198084733
-0.0003803465847858249
-0.0001443537500766019
-0.00015821099298434
-0.0001943157415400793
0.0003596876190361637
0.0002843993081319163
0.0001360939188391711
0.0001295939567289951
0.0001132934736393971
0.0002434267673423356
0.0002614930926767339
0.0001943157411843136
5.058398553604141e-05
8.313312592071898e-05
2.64178800540826e-05
0
3.828131381590256e-05
0.0001275026248652828
0.0001443537498229757
0
0
-5.058398568529716e-05
-0.0001275026248919887
-0.0006600052658975728
-0.0004801033413808305
-0.0008009957404592238
-0.001991243647297032
-0.00176989576438973
-0.002096294785516642
-0.00110708262980424
-0.001049128662056261
-0.001477652881395574
0.001215158275026021
0.0005897577565717097
0.003653846452631288
0.004143285610792559
0.001663580163207597
0.04897430247822443
0.0445591472661498
0.05707309099944535
0.005053169712689519
0.00459327445944421
0.005235698176971733
0.008706089699341389
0.006894732895549966
0.006433991054513209
0.007144448585406397
0.004423728359435728
0.004204543056041486
0.004647559843652348
0.00619602154672251
0.005977463652732296
0.006421096463769146
0.004856582832576664
0.004861547576066446
0.005298656018675478
-0.002864133045358498
-0.002995817362517588
-0.00245114730166899
0.002303058815617803
0.002481327876930786
0.002571093499113074
0.001069639396344832
0.001033487628640222
-0.0121606142991883
-0.01126530911157525
-0.01301227858784676
2.803438541896091e-06
0.009946378607041131
0.009521625450687679
0.003385704614366592
0.003641503736605049
-0.00157844556604798
-0.00194293176731391
0.08135900266910168
0.06587915664778773
0.03494961936252367
0.03774037894104165
0.03921421896099309
-0.007698093743409382
-0.01078480737599954
0.04404452907674272
0.04625035281993548
0.0415397447401715
-0.0241136590429028
-0.02086734840221844
-0.0252750556020914
-0.02352649782326355
-0.1354292324987772
-0.1161068209668945
-0.1341480343425091
-0.1213118588531238
-0.06107069573514951
-0.06665038078286939
-0.04013572511193104
-0.03641154641370243
-0.04038836395904317
0.02154655166311249
0.00716282555255844
0.09479324823839362
0.08306052198153049
0.1488920363785406
0.1420967163992498
-0.03605794332566881
-0.05081388746360352
-0.0185031560673206
-0.01940308302664108
-0.0185374569575869
0.01804729651887555
0.01782049899099546
0.01805689640705854
-0.0002705282465849946
-0.0004210022773152009
-0.000140157947225987
-0.03494963290991902
-0.03080905930521639
-0.0321449541213119
-0.07902491201777229
-0.02175103063179101
-0.02184791087940184
-0.04000527122026654
-0.04228857570127506
-0.03813260011152766
3.041186866990711e-11
0.0004443671327585923
0.000406686515354671
0.002598065759077418
0.002975449010826876
0.002463722380782098
-0.004389486700965064
-0.003130089292109349
0.005093860797650877
0.005419308281292748
0.00443281977191751
0.002206564539543232
0.003089518813645606
0.1025666650869981
0.07312859038970985
0.03007235961390615
0.04488144842890242
0.01494878816141131
0.1380472501524882
0.1367163679318185
5.038997274250104e-11
-0.0004814615034381788
-0.0005179934686889412
-0.004598304941881218
-0.003893965034359155
0.05623275185215146
-0.061062644548227
-0.04339744883159183
0.1182642545784353
0.1061142766466566
0.113848316405235
0.02174243126341403
0.02158167725134081
0.02109022012740779
0.01895628346681482
0.01941195328668903
0.0200863935137617
0.03010132192421107
0.02986644072684438
0.02949974615962925
-0.0002434267677243771
-0.0003388374519663933
0.0001180594153293501
0.02377317771133272
0.02356795812971966
0.02306825564948406
0.02310597682551364
0.02299605588539363
0.02322887671942716
0.02170421088385041
0.02147381333681639
0.02171601397542548
-0.0007647785897542018
0.0005017150303058876
0.0006025279164604471
0.0003609727184376684
0.08307474276086367
7.483487194491182e-11
0.0005541179320781933
-0.0003685262734331783
1.968567667245591e-11
-0.0003491484603143735
0.01974551216814475
0.01962523494911904
0.01913966229399094
0.02812955621645815
0.02840580852130685
0.02908015169012305
0.02880317535415016
0.0288560624174913
0.0006249270260405271
0.001876064235847938
0.006632643985932966
0.006414413735259452
0.006857771447403679
-0.003354939792932804
-0.00318266164225714
-0.003737154190118479
-0.002463722369134978
-0.002222499908245991
-0.002570261747247345
-0.008670145295622404
-0.009558332342703651
-0.007814436056777367
-0.01310824527762342
-0.01306061147970745
-3.693832324538091e-06
-0.008639984144123494
-0.00908608603730717
0.004598304978485747
0.005339389049533696
0.005018919009521267
-0.005042533486393616
-0.004021378196904246
0.003696260693596004
0.003279104993398313
0.003865267876860394
0.03290801118667543
0.03307131839109519
0.02962538432830889
0.04050149076652091
0.03666912026101554
0.04038833714561102
0.06107064990315825
0.05568099221918941
0.06499414939381851
0.04784411540167558
0.06726600540784015
0.1247331170172793
0.1319391916490243
0.0003491484935038447
0.0005094375771965967
0.0001696470637804486
0.00194504537861964
0.002222829864567084
0.004410189103978851
0.134146472381577
0.01942235015720449
0.01931349321315164
0.01954174188397582
-0.0004278727282769987
0.0002760315976906407
0.0002244953743181799
-0.0001650984422610199
0.02125521053954725
0.02114595971381418
0.02137615271222027
0.02883688323986335
0.02897686268697037
0.02882566360091922
0.02893860142099381
0.0288146374875984
0.02909071149056477
-0.1351984440481439
-0.1476213609030048
-0.08063207771821425
-0.0664838215532047
-0.09143760678726273
-0.1179423593008945
-0.01226960488760955
-0.01723493549241118
-0.01868153158122478
-0.01393603294686727
-0.002784684652832894
-0.002572317013747863
-0.002487746774048823
-0.00288281146961018
-0.002641823043442627
-0.002101943957094327
-0.002332360342691736
-0.002135213826907857
-0.0739288464714692
-0.0622903145121678
-0.1241119861410813
-0.1385011641863527
-0.1154440732674413
-0.08948703380571547
-0.003312865392722719
-0.004559482001248656
-0.004543829890706523
0.004559481994176254
0.004543829879083107
0.003312865391163388
0.002784684649821084
0.002882811463292363
0.003395651455902465
0.001578445564235234
0.001767599753562776
0.001395049785606801
0.002404866182309772
0.002641823037397721
0.001943471517653382
0.001849648942830164
0.002060043351914897
0.02247977488257242
0.02072496112998103
0.02573752968937175
0.02560798450533458
0.02215499113688205
0.02053121873029323
-0.03184837898277663
-0.09674123249360943
-0.0971999793271137
1.173720965034627e-07
0.2328549920987714
0.233218489647082
0.165190020737205
0.1320080745617733
0.1326014365952586
0.1661991251254547
-0.1291460956621478
-0.03164828595083962
-0.09509601752420352
-0.1277600055102741
0.003015204110293295
0.004491717555144262
0.00149685189663392
0.009053976649143895
0.01049267479634211
0.005904057030446568
0.005146421832282053
0.005184430209871938
-0.01828601872679863
-0.0109161810935342
-0.01546825663994533
-0.002227716234953995
-0.006691508969222087
-0.007908688896282868
-0.003467361623210069
-0.01999116386009146
-0.02126549305022443
-0.01423834653104861
-0.0127038660548484
-0.01528954568070673
-0.01809618802601046
0.01723493664281238
0.01868152656660194
0.01226959547819525
0.01115348058922581
0.01649656894551063
-0.007711843236943092
-0.001099567656532904
-0.005360468103058517
0.01064029538328834
0.001517927428689686
0.007698187354117002
0.002624150405683895
0.002487746771357113
0.00213521382232267
0.002038680388883239
0.00226132173122809
-0.002404866187553993
-0.002183837820931605
-0.001395049786984459
-0.001943471521708112
-0.002060043356343536
-0.001849648946462138
0.005257137436609275
0.00174958951013915
0.0008903868827957133
0.004613394826446889
-0.005257137132259581
-0.006026109209001221
-0.001749590651588903
-0.0008587496566196097
-0.004138775631629437
-0.006247586038827771
-0.002765986233628173
-0.02326170068620502
-0.01179130462834362
-0.08304132006197611
-0.06075223323472716
-0.0363833814290424
-0.005995413736016559
-0.001995682790675498
-0.0009826732478768062
-0.004767204008566445
-0.007102747929164164
-0.003127214143072244
-0.1975379174570335
-0.2104962619706624
-0.1247171494997932
-0.1503653430055468
-0.1784857837363493
0.01091616537219614
0.01828602303329877
0.0130659587950289
-0.02572843383675693
-0.01299768965784792
-0.07744529135204335
-0.0398283308005423
-0.1299301011055604
-0.1836978094688497
-0.1994204558329557
-0.06774721591188665
-0.09672902305322245
0.2339810036965443
0.234143013553079
0.1664491798449388
0.1330530923349451
0.1333840689274496
0.1669855768136399
-0.1953280142710205
-0.1645495080658497
-0.01271733761676127
-0.1351528374385626
-0.1071859337265982
0.1671037591517759
0.2680734626304111
0.2679575577387968
0.03294139223628204
0.08270915873657714
0.1158652574914842
0.09864782227239419
0.2676946436861661
0.2672364932844616
-0.03016435738725426
-0.02939585114508064
-0.03054371263140148
-0.02789044921630664
-0.0282318104926071
-0.02776050199534625
-0.02842319514355883
-0.02856102069629186
-0.02879543901521314
-0.02241691144634096
-0.02207655838045448
-0.02231088871119838
-0.02337001048424465
-0.02301620060307269
-0.02325217408346609
-0.02356794227723892
-0.02310952303889436
-0.02381875277326247
-0.08350520338565311
-0.01375901891612363
-0.1971637040954419
-0.1817809414732758
-0.2067621558744364
-0.1606135405965429
-0.1177177482997243
-0.1667786794525825
0.02612515239785566
0.02258546876040298
0.02175100036234332
0.02542560511042044
0.02521512456015145
0.02691682335399005
0.02719749281531027
0.01880101580802853
0.01555155374758751
0.02747556011269459
0.02775380669198009
0.01519562053376061
0.01496591943962252
0.01548216469529379
0.01791033131575387
0.01611591827277279
0.01588560378465572
0.01642124525945116
0.01703888282105458
0.01680788030265258
0.01736342597981971
0.019960807874606
0.01796482949120014
0.01773303509022535
0.01830910948983959
0.01467731299602874
0.01456875945239199
0.01479371630019418
0.01557791111939706
0.01546935160649904
0.0156948306657839
0.01488654026606225
0.0148943721573203
0.01511137293270491
0.01625479305225295
0.01626352090429643
0.01648071096489442
0.01738593334260344
0.01727728792047204
0.01750398335004591
0.01668903921885336
0.0166978695666203
0.0169150068900525
0.02789042875782742
0.02776048012391748
0.02823178511877381
0.03054381353977701
0.02842355683966379
0.02828776003696627
0.028796023267614
-0.01866147204151111
-0.0183674226452535
-0.01859740559093718
-0.01959337135912628
-0.01928860494617811
-0.01951945646258708
-0.01962523711107961
-0.01925871946751793
-0.01986846295069931
-0.0205294847889626
-0.02021348874761861
-0.02044533987520152
-0.02147036901684397
-0.02114257161043197
-0.02137558099960779
-0.02158166558695571
-0.02117171020439901
-0.02182809569410996
-0.02103671069420618
-0.02115758784204379
-0.02092751793987649
-0.02011879653783939
-0.02023886620764207
-0.02000980689942479
-0.02078426028671716
-0.02079548811946073
-0.02055494637221737
-0.01920464792651306
-0.0193239861053987
-0.01909581257300625
-0.01829382930629739
-0.01841249720332966
-0.01818510515696233
-0.01895628672025564
-0.01896641567365904
-0.01872875846743361
0.0277944513913024
0.02792073132382195
0.02778515399161226
0.02713078880353611
0.0272957262556229
0.0274195664623747
0.0272869311214869
-0.02838650773502881
-0.02840558741496064
-0.02883665673927149
-0.02882537355109202
-0.02897666349780383
-0.02830472596547833
-0.02829473849137499
-0.02843492298853588
-0.02737721029732405
-0.02739361499239115
-0.02777618406837938
-0.02779446710261921
-0.02729578846661183
-0.02728700390692727
-0.02741961904075405
-0.02907994748742699
-0.02885609525175855
-0.028803043974212
-0.02893856649383402
-0.02905863567903845
-0.02909125555146386
-0.02834640032431954
-0.0286010188446436
-0.02836680285348389
-0.0293172972078074
-0.02950635332743991
-0.02980433185032566
-0.02870121010332643
-0.02884489923158419
-0.02909560753386393
-0.004593284904018423
-0.004284959077738724
-0.004736481779594529
-0.006433998312882244
-0.006092004359067194
-0.006544227956010726
-0.005419326743803328
-0.005235706893639413
-0.005912899806510532
-0.0061960157463607
-0.006421090110690046
-0.005977458507073966
-0.004423727488331067
-0.004647557874567246
-0.004204542887460755
-0.005740881500321908
-0.005746757545558134
-0.005298652620405106
-0.01680788809176373
-0.01653432318158073
-0.01676283579767242
-0.01773304480580784
-0.01744940509803051
-0.01767862352809555
-0.01768942776734754
-0.01736342530344373
-0.01793041365238941
-0.01738593922814324
-0.01750398912635022
-0.01727729360858923
-0.01648071644121608
-0.01659818342332076
-0.01637212608755214
-0.01714113880935507
-0.01715022489130653
-0.0169150125171917
0.01336180682516723
0.01313318036798648
0.01361161001526553
0.01588088514282737
0.01427761704651017
0.01404845881203691
0.01454561435028971
0.01288190003239164
0.01277330374542979
0.01299734895763265
0.01377869458472319
0.01367012749361157
0.01389460994930795
0.013092168280829
0.01309902601777566
0.01331606782436406
-0.01290955748315614
-0.02160825107648057
-0.01604370928735824
0.006026109746240382
0.002481220821420649
-0.02288618228765039
-0.02300898821231715
-0.02277638290468279
-0.02195893996219989
-0.0220807140179322
-0.02184948714073843
-0.02262883846651126
-0.02264125175400529
-0.02239717839052793
0.09998686904475391
0.09986994975676955
-0.02015641237387181
-0.01407684637515041
-0.01266019975442216
-0.001881615881953227
-0.002060325061876395
0.002433467307839464
0.002244855435172566
-0.003274627285339619
-0.00348845014718352
-0.002965077778761914
-0.0012255904051496
-0.001381940680080609
0.004492128035205135
0.003902891028205275
0.00154271589372144
0.001625147849034859
0.00143534361690682
0.003700970031385474
0.003353656524731034
0.003912184045890789
-0.004492128050282362
-0.005120720270588366
-0.004404605123343821
-0.113710545036375
-0.08114242504145744
0.1336123665151998
0.167196829365811
0.2660808309647938
-0.1616848523698571
-0.1608678115345536
0.01191099919157375
0.002950955051074928
0.003675364338976277
0.002204858313519883
-0.01931265206774673
-0.01788391451353112
-0.009154738054138604
-0.01128655712462871
-0.01259949820098687
-0.02251889139062867
-0.0209161340040175
0.01001261100340198
0.02015640103562874
0.01907043576407439
-0.01913966876038363
-0.01889723213141331
-0.0187834832986786
-0.01759388164431342
-0.0178205059257553
-0.01760322308577277
-0.002624506765281658
-0.002172114346363778
-0.005801529371770907
-0.006635371765766996
-0.005914192129005507
0.005573912355225845
0.006375221950397575
0.005458932429314187
1.447441442438244e-07
-0.01211434587088784
-0.008122523711410552
-0.007206275206291484
-0.2233010853897198
-0.2069992117066877
-0.0132639311933305
1.636803371123028e-06
-0.002461743531355916
-0.003446873634761292
-0.004856580981186923
-0.00397283252000387
0.01777126118117252
0.01768942393163014
0.01720822560128418
0.01533633574124086
0.01578666640523612
0.01645459680392988
-0.01624847532162627
-0.01672787295130499
-0.02011200621524016
-0.02060023777575359
-0.02174242482003531
-0.02032588487445101
-0.01986847069866655
-0.01917386061107387
-0.01668904492309157
-0.01623756671060813
0.01931266141628674
0.02789338772351093
0.02777615195693511
0.02802902045030322
-0.2154595652618762
1.037365317973177e-06
0.03302236256382356
-4.122418193857518e-07
0.09834092381461781
-0.0280289798800066
-0.02815654646662206
-0.0280381871009446
-0.02947952095239893
-0.02916893948787651
-0.02877991417745628
-0.0240909400437835
-0.02372820444665699
-0.02397154803858964
-0.02306824631532102
-0.02281911521240807
-0.02262244177181021
0.0138717946005075
0.01386232382361943
0.01338722398673876
0.01175090291860514
0.01219759927643967
0.01271682369165656
0.0124226110368259
-0.02124366940603407
-0.02147378264234627
-0.02125518053736184
0.016660113920102
0.01506092993157811
0.01843426401727065
0.01581504707316547
0.01576988150332056
0.01529197415443821
0.01443724631428604
0.01421277850089928
0.01444483296067611
0.01760321667061754
0.01749457587715744
0.0177213081886475
0.02877983850950059
0.02857759185818696
0.02829647071896436
-0.02703250796006526
-0.02715525826853582
-0.02704088947869287
-0.007178652400736534
-0.007030822300595618
-0.007984417963500301
-0.02830458111818358
-0.02395320186767381
-0.02259696504318729
-0.02227402008128474
-0.0354762745625041
-0.01468661493335499
0.001621285135954962
-0.007144429240910833
-0.006784781387067051
-0.007254099049842822
0.01399577174916573
0.01388724242591694
0.01411171657120944
0.03326220523293208
0.0498675217040563
0.01661650119545555
0.1162958295480254
0.1164708384065497
0.02339211374238042
0.02494795183670488
0.02158920394334488
0.007471324376697822
0.00761616772518811
0.008309612867095261
-0.259218696480024
-0.2249974599767591
0.006892030351715381
0.00591419259791021
0.01376004026556044
0.01351391103867137
-0.005093881203439883
-0.002645337817648043
-0.003976893999247461
-0.004200174136438415
-0.003757738646876558
0.01579499561782698
0.01568645881391286
0.01591195039732924
-0.01777126569665304
-0.02021254067628958
-0.01990133190526829
-0.02013775331405906
-0.01987913959164544
-0.01999888862417921
-0.01977020296743853
-0.0155533034861493
-0.01624614600314479
-0.01636337107543522
-0.01613759171202633
-0.02171598541653883
-0.02183736532635074
-0.02160660013447634
-0.0289199754336514
0.01286168707596754
-0.02213700219216998
-0.02180181828577898
-0.02204104665039371
-0.01805690307911293
-0.01817529857715921
-0.01794821991044074
-0.02325010245599746
-0.03112694427146504
-0.03030511695002792
-0.03095227270528476
-0.01830910578131044
-0.01801959882322881
-0.01825400119746269
-0.0277974095508682
-0.0275080106702944
-0.02699069048372022
0.07006754290899071
0.02325975443876462
0.01179129956098067
0.06075230186560144
0.1568129392850764
0.1733294124240487
0.093754595488662
0.07837764996419133
0.1106507791372266
0.1425006215030768
3.491634249322763e-07
2.433644900653565e-07
-0.03339457341009763
-0.1003514855301642
0.0193668077598637
0.01579065097217311
0.01492974070468975
0.01857198378673646
-0.09375427104052314
-0.1568130101086422
-0.1733294158307775
-0.1425005853417114
-0.1106508300580746
0.01487534114061854
0.02022867415114459
0.01658833926654234
-0.005214566832995209
-0.00695644696390726
-0.001724602009621002
-0.001718235213943789
-0.005157680433596198
-0.006906120765116979
0
-7.282746923712047e-05
0
-0.0001008900680741488
-0.000281135135851345
-0.0002517701711565144
-0.001743729764573934
-0.001510214505832516
-0.002371843911219063
-0.002433467309707863
-0.001660623748552532
0.002371843910244067
0.001743729763319192
0.001510214504475199
0.00166062374656025
0.00195386114945562
0.001110512327268074
0.0009811339869723757
0.001509941524911836
0.001584106282805987
0.001090526085465142
-0.00179450265667369
-0.001754020384986903
-0.001178210691566923
-0.001110512327887032
-0.001509941526734279
-0.00178631268250458
0
0.0001008900682657327
0
7.282746921380267e-05
0.0002811351363363368
0.001178210690842902
0.001548823909132649
0.001754020381850934
0.02787600538489747
0.02743677177209666
0.02839428431913589
0.02597653336623752
0.02553194624588617
0.02702276428192527
0.02728165984895796
0.02724839415668699
0.01145311325322574
0.08068917496200773
0.03334286338284551
0.0257300251794833
0.08948929791843147
0.03730764085191085
-0.02030697355122044
-0.01034619631313403
-0.06123718302023181
-0.07297405473069901
-0.03223657723967758
0.2172240664694499
0.2341269600841883
0.154263727880278
0.139285414192353
0.1720353795008726
0.2038666415430125
0.1667798530684464
0.1817825268779956
0.1177159253759857
0.1071840515200395
0.1606113960458819
-0.07017616660743028
-0.009944630555296036
-0.04784155356171509
-0.005233489699286196
7.265159635960245e-09
0.09455495288159202
0.06564212313731405
0.06115937508401577
0.09732194187829638
-0.06564208836047444
-0.09455510109023457
-0.1061144905009422
-0.08135881945025437
0.09810625464787312
0.06349263859255637
0.06691953620733944
0.03345033370272176
0.2009569600752834
0.2345079889079205
0.1003501455079525
-0.03067350351933929
-0.01540158861908463
-0.1081271568210904
-0.07777352962481661
-0.04662211500477941
-0.00158410628455959
-0.0009811339871619673
-0.001295983166392629
0.02612110586391046
0.02558813581180594
0.02586017798485936
0.02515977766279633
0.02542790403095612
0.02528045001998724
0.02467908829427946
0.02493874682168655
0.02479898698934286
-0.0280360793769093
-0.02707791607041826
-0.02832984829273559
-0.02749744266101889
-0.02542551322571977
-0.02258549473958187
-0.02612521769201404
-0.02363522780591526
-0.2236839941999247
-0.2392689516656865
-0.2053750351722307
-0.1720355785796099
-0.1392851811308433
2.103179733552692e-13
4.229577636250141e-06
8.217916914233051e-13
3.100964784784673e-05
6.542471956354027e-05
3.860863128529163e-05
1.371105449159175e-12
2.194295805980938e-12
6.98767499617112e-05
0.0001504420489445251
-6.987674492829852e-05
-4.045117694303373e-05
-0.0001504420459341538
-0.0001799585016873366
-4.229577460614788e-06
-6.542471835960803e-05
-0.1542634582275918
-0.2172255186855294
-0.2341261030176023
0.03164765777515726
0.01576708689282421
0.04698561464234232
0.1590052143393792
0.2236852592359574
0.2392682822426047
0.07777334812844856
0.1081273225775878
0.02648736841286942
0.0258944122568255
0.02411367581109566
0.02111342170559587
0.02135400452223538
0.2407238210007462
0.1434160159258245
0.1766486794514115
0.2092354894350646
0.09219793938907941
0.01540160595239589
-0.05625970492344817
-0.07635124173789967
0.1624293084646928
0.2443826483159232
0.1775800377502326
-0.2339806274505683
-0.2676952679544108
-0.1664495654534074
-0.1661997900363337
-0.2672363440780694
-0.01496593060868052
-0.01471175592994703
-0.01493908320704945
-0.01588562304958647
-0.01562186347193456
-0.01584974931724738
-0.01576988506190241
-0.01548216332348502
-0.01600909797895033
-0.01557791765328828
-0.0156948379948323
-0.01546935731512709
-0.01467731878695475
-0.01479372300376884
-0.01456876432283534
-0.01533634331031077
-0.01534442523284085
-0.01511138016506984
-0.02449646132246846
-0.02451020954051973
-0.02488574870925248
-0.02487845895126913
-0.02500418679816067
-0.0244135288225439
-0.02440645456563533
-0.02453137327319251
-0.02355918726459845
-0.0235722391065308
-0.02394349027400568
-0.02393661859827705
-0.02406081186370404
-0.02347538676222927
-0.02346870565663688
-0.02359224919503547
0.02488572321694379
0.0250041571942201
0.0248784337234447
0.02426138665317936
0.02441352132284762
0.02453136153143878
0.02440644721362804
0.02394349516917692
0.02406081316522172
0.02393662396507874
0.02332602451181095
0.02347540074782442
0.02359226113274354
0.02346872048977167
-0.02515978640759214
-0.02528045439288881
-0.02542788680503979
-0.02586020632101971
-0.02467906962646988
-0.02479898090082356
-0.024938731316203
-0.02420111906959548
-0.024320357485629
-0.02445293644824574
-0.02483097009276568
-0.02372561311270292
-0.02384429192070101
-0.02397011906706732
0.0115360142428592
0.01130824872530382
0.01175036409869022
0.0138666000277026
0.01244800836260445
0.01221984652554635
0.0126799387705352
0.01109314710145502
0.01098444052692265
0.01120773125768788
0.01176945776702867
0.01198676861526237
0.01130457320606188
0.01131047400290789
0.01152769352397258
0.02396307396283137
0.02384425344920518
0.02421120812648181
0.02443975810633326
0.02432031477817084
0.02469546176537653
0.009716527477928399
0.009489476277244179
0.009896108702059122
0.01186594877149465
0.01062553970117109
0.01039813453829917
0.01082241601446602
0.009309858848556521
0.009200982201364727
0.009423653710590348
0.01020088189521804
0.01009209679847532
0.01031506355950279
0.009522552006355307
0.009527510749363682
0.00974503424322011
-0.01313319141315369
-0.01289770440162824
-0.01312404191784779
-0.01404847805506035
-0.01380374177009159
-0.01403055718948466
-0.01386232409518299
-0.01361160970487259
-0.0141001420685473
-0.01377869822125197
-0.01389461445216071
-0.0136701301197042
-0.01288190133236208
-0.01299735133449904
-0.0127733041742108
-0.01354007990697828
-0.01354718111717717
-0.01331607063780847
-0.02694226734120627
-0.02165215182819366
-0.02505469591203162
0.1768251888813283
0.124130051944581
0.02830821672791289
0.02635530644563481
-0.1330533693058897
-0.2341424831644831
-0.1333837121988319
0.03343943015127701
-0.03337061902744572
-0.04748948814425188
0.02086733797247064
0.01924917987863066
0.02099101040716956
0.002101943952905018
0.001881615878280693
0.1608674256963639
0.1442591283344144
0.01396543373280483
0.01482079489151519
-0.001512884979922343
-0.005137963260003328
-0.003424137833640709
-0.007757358000476624
-0.007786104156338418
0.0001055468284577173
9.302653537337725e-05
0.0001812787257949065
-0.02757038106367029
-0.02658596737386686
0.01296276860747028
0.01301226622636919
0.1463867047605134
0.1792040928311332
-0.251050106471569
-0.2173889723494103
-0.0001061476518457929
-0.0002050542509036471
-0.0008082919663883351
-0.0007165693315192307
-0.0007597082068949316
0.001354474962394415
0.001435832149013536
0.000851892931363076
0.0008990457689024125
-0.001473625137816278
-0.001591450059368478
-0.001399970540696362
6.844025518956226e-05
0.0001474544359481126
0.00037971263816399
0.0002965577769084342
0.001000532862784137
0.001237113708296709
0.02799603971200295
0.0277705064656127
0.02826171203441362
-0.000181278723249778
-0.00012140499212452
-0.0001055468271899774
0.01109895244874616
0.01085858879793189
0.01063571890465816
0.01086425465126083
-0.08513594319672388
3.070222710170488e-06
-0.01072981450177716
0.2511856757608509
0.2359748655520189
0.1971651309296567
0.1865146945204796
-0.04676239465905268
-0.05752123053383518
-0.1182645040356109
-0.1659084871538482
-0.09987117131066681
-0.08315111704363484
-0.1164716223725658
0.1012356984901317
0.2680916173352533
0.1003230354727957
0.06688713424654451
1.518712666211535e-07
-0.01553204109379415
0.0156535581578769
0.0006296066810664478
0.0005792776187660379
0.0005474810968488689
0.02856471728645515
0.02806627312819168
0.02814456713739072
-0.02416437637229027
-0.02428184908202674
-0.02417128151616932
0.02664770539020491
0.02691401971127836
0.02609579072436457
0.02404024220707577
0.02392981380863644
0.02416437638733376
-0.02508499948037683
-0.02470587489083194
-0.02495221527231962
0.01001702469572969
0.0100762784417246
0.009605073111961151
0.008189087571429979
0.008633315597188218
0.2578788949077974
0.2420571445138471
0.260445856908782
-0.2548071967060885
-0.237687918418781
0
1.261614155973756e-05
0.0004509683514924937
0.000491585746130881
0.0003503153039855775
-0.0001498350683068054
-0.0002098283874169298
0
-2.960386588390163e-05
-2.108750396404344e-05
-0.01243878680418938
-0.01291269223462182
-0.01309217014095438
-0.01264468368031625
-0.2511848819879156
0.2548066609719196
0.09674166173393146
-0.01642124277371173
-0.01615206278940794
-0.01638482694442437
-0.01529197754682498
-0.0150532412022845
-0.01501363366419557
-0.02322885860269712
-0.02334541850848672
-0.02323539273939974
0.02498236307967846
0.02487122194430919
0.02510801953692789
-0.0260959459287213
-0.02569741760030939
-0.0259480180875766
0.01194031812488853
0.0119654577690277
0.0114924926934871
0.01221040376096207
0.01243413631871179
0.01220397771502163
0.1750863394139827
0.1605596113308766
0.1662226195744738
-0.01398843372627123
-0.01421278393593883
-0.01399577589095729
0.02458642441154728
0.02446046142743951
0.0242156786388264
0.1107179193673445
0.02405240191154088
-0.02775367337315817
-0.02680770725798601
-0.01454559715161054
-0.01429575101751225
-0.0145272553671171
-0.001698032028778034
-0.001690842075360576
-0.003396731841529341
0.0174215823574659
0.01731338967575219
0.01582857106548848
0.02396932775899962
0.02248874969391933
-0.02072502082682032
0.000251138815026674
0.0002027237564197505
0.02585778110247689
0.02629111817338595
0.02536402980198605
-0.0008518929310285539
-0.0008075824045865831
-0.0007232635707787833
-0.0001090330442769352
-0.0001553081198713133
-8.246011801135163e-07
-0.03326001327612046
0.0287338447563941
0.009295331958734497
-0.0001901718647263193
-0.0001000746414808527
-8.998887095757137e-05
0.0003403537301995878
0.0001498350739753748
0
-0.01387179735971455
-0.01196798852323974
-0.01265130194213981
-0.01276655215779959
-0.01254273068936596
-0.01444483957501044
-0.01456102515494993
-0.01433631462928525
0.1866227654403828
0.01041835931081191
0.01030963576526311
0.01053256205042454
-0.0005114717497504271
0.0004212228231528622
0.0003005489868619919
0.0003307852944190007
-0.0004509683464923246
7.990310659160346e-05
0.0002399973424317962
0.139943804880665
0.1247153454373348
0.1975400620505806
0.210495490279826
0.1503654219560533
0.005188253772605888
0.005391668642401376
0.006830530414856002
0.007370518038934316
0.006817282697205722
-0.03899247986448747
-0.03712546784299564
-0.04857888245670651
-0.05115982210561684
-0.0465078946052204
-0.04196587827633454
-0.006073995736135176
-0.005188253802620033
-0.005391668674868593
-0.006817282754312799
-0.007370518118804514
-0.0979982225957475
-0.08177979108057995
-0.1637151439229138
-0.1805316127463693
-0.1479703757321006
-0.1149647195881353
0.03899245413523972
0.04102716649791324
0.03640571426422167
0.04857888165094502
0.0510308669187038
0.0430679908818776
0.0416759128368386
0.04188043085041487
-0.02405242178503854
-0.02212233704399574
-0.02207851902446901
-0.02487364456311905
0.2138047990461141
0.1267439079429662
0.1871662100941852
-0.02939068578244136
-0.01478087166651328
-0.08838129829077737
-0.1038282677451452
-0.04488159046131336
-0.01459945055085608
-0.07217399098915646
0.1647549413829019
0.2478077256492062
0.1805318394139349
0.09799941490601451
0.08147752807745201
0.1637151361840636
0.1799028859274883
0.1137106885168199
-0.04594945253810953
-0.05103085872898332
-0.03640574644477997
-0.04569868860849421
-0.04579721752160539
-0.04306796495750462
0.09720031354477118
0.01621233561470151
0.04050356435801505
0.0628912045640509
0.0470697872567192
-0.05709460500545111
-0.03774039211681861
-0.05568103166274485
0.006995267245081084
0.005788959721678883
0.005120720252406845
0.00490089074696195
-0.00578895974255164
-0.00699526729368118
-0.004900890770279452
-0.2313736191746743
-0.2478079129249569
-0.2137202107196829
-0.09864812241098138
-0.03284765972530569
-0.01639634280500468
-0.1799022049840333
-0.08147667338033104
-0.146386652587942
-0.01644574723813721
-0.1153015378224367
-0.0825132107591547
-0.04948354144848476
-0.1624291665527187
-0.2453856155238219
0.0009514014541642342
0.001902717714980897
0.0008852836842057746
0.004344493965184601
0.003214401327787023
0.002754931201205228
0.003330401619511991
0.001326571458495117
0.000442175268590409
0.002653448107192197
0.00243352991151025
0.002876150840711566
0.001323853884782926
0.001325196547990219
0.001765186349217856
0.01169929303628693
0.01337871613089452
0.008427637460047873
0.008465664875317866
0.01350966371378935
0.0260449007810395
0.02548719815833915
0.0280023519381385
0.02679627317222733
0.02596589093922271
0.02705063247123067
0.02644836140372286
0.02916875565079243
0.02782962875211938
0.02693549754344222
-0.02756663873434975
-0.02693558037319452
-0.02800248545874581
-0.02679644544413698
-0.02644843353012006
-0.02654422061982661
-0.02596595895039077
-0.02691404446905291
-0.02579733747653857
-0.02548725504877416
0.007817010678780814
0.008278499400945799
0.007534993175270335
0.009874532164760379
0.008808818711559904
0.008582065508024164
0.00897127904869497
0.007308942605359465
0.008201947402380522
0.008419949660811665
0.007745098358992777
-0.009314761309899319
-0.0102062635118859
-0.01062554020582543
-0.01007623562385572
-0.01109901114296638
-0.01153600563396449
-0.01108059796904616
-0.01221985717599946
-0.01199344971206489
-0.01221935710442385
-0.01196540671020562
-0.01175033241388682
-0.01220204202598832
-0.01198676697476355
-0.01210177361282822
-0.01187812365123074
-0.01086995538830972
-0.01175090105994139
-0.01175704253144667
-0.01152769098851202
-0.01042382315000305
-0.009087274957433529
-0.009522544700086198
-0.009967583542428307
0.02536041270883499
0.02607809375068472
0.02582256422327592
0.02558362244372069
0.02704939278478216
0.02654500317708996
-0.02704947212879297
-0.02631922236761305
-0.02654507290506838
-0.0267881146990502
-0.02536046365132194
-0.02582263159062915
0.006739025191756108
0.01164060342498577
0.006675927509863429
0.02301621066246573
0.02289838447074176
0.02325046961279841
0.02483095630408643
0.02348863293595095
0.02337031855310199
0.0237296344344708
-7.278882039422915e-05
-6.173007914630277e-05
-9.896914097654234e-05
-0.0002111981271152758
-0.0002211611359039949
-8.313312627242439e-05
-9.20682574015387e-05
-0.0001122408765672338
0.0002111981260963794
0.0001660615612935346
7.278882012156873e-05
9.896914067111935e-05
6.173007894340197e-05
0.0001402477301917974
0.0001516742564670802
0.0001122408760888558
0.005973518869066976
0.005758735839736864
0.007890822973231883
0.007355737247878663
0.006646473027321376
0.006864918203611859
0.005971244903052121
0.03712543779850309
0.04650787421010771
1.018684752466907e-06
0.03840434801504047
0.03813257244045735
0.006539908017338131
0.008221309783748264
0.2233010805758775
0.1097506152413316
0.1225734299271095
0.03796397305547831
0.03905731022126081
0.03654084053155864
0.004538372204295201
0.004949506702065468
0.008175486245497292
0.00791739967304645
-0.04893353948743506
-0.05127369129527526
-0.0377056484967196
-0.009328316988822607
-0.008991604469528515
-0.008457780788365102
-0.09916741814685574
-0.1156005570591682
-0.02410072058861327
-0.023127599310818
-0.03633397835562954
-0.02530568847552964
-0.02536394779672658
-0.0342500334941815
-0.03600121067536186
0.1133669845355817
0.2303275296139194
0.2169302114531323
-0.01105423889392633
-0.01149246575869041
0.008502482186039842
0.005029375474248089
-0.01064126195177915
-0.01041292486519521
0.01513627111599329
1.806982828188724e-06
-0.01495065554078074
0.02766291305011771
-7.56668930860699e-07
0.262549005345434
0.02359892012162336
0.02348563848058408
0.02324359838812372
-0.02713057406439645
-0.01648899648015733
-0.02203387274133071
-0.008663767072381546
-0.009134219928055609
-0.009077791920842031
-0.004510009388752144
-0.004653400885931301
-0.2642393375459775
-0.2470923617127554
-1.385162757380638e-06
-0.0001402477307639584
-0.0001948696181093668
-0.2625517674792844
0.02606237898876363
0.02641608349430626
-0.0263032326836576
-0.02593481302939494
-8.728921242911352e-08
0.001018444735470446
0.005513238127223742
0.00618954125647544
0.003092674564654751
0.002873159261648711
0.003315400814973942
-4.13081335345682e-09
0.0004412724447938092
0.004642728642886944
0.005085415630352837
0.02579715750461692
0.02661000335975561
-0.02782938458957894
-0.02821015911284902
0.00810078018190752
0.008642329582018788
0.008864774199762056
0.008637806839423208
0.007083203213221219
0.007301331266172756
-0.01267993159206744
-0.01244867669094739
-0.01267909608298442
0.02523403115665069
0.02534546877060302
0.02717234645122654
0.02704080993357001
1.466161261021091e-06
0.01460011645732593
0.01440320559998487
-0.0252340740453978
-0.02512278137847224
-0.02510805700762346
0.05875516725985364
0.02300900739237964
0.02312545592815807
0.02300250689377912
-2.641788012909549e-05
0
-3.017794729321389e-05
0
0.03539379219063678
0.01158069497013343
0.01324210462072888
0.01151968752245819
0.04893351795519524
0.04668599659605865
0.05132446739902781
-0.008175486344742593
0.001667717383473045
-2.058674590794107e-08
0.001675646123179879
0.2642396183488486
8.899063134893922e-08
0.01656096402979035
0.01652532443695365
-0.01001700606034519
-0.008406816504949378
0.0001582109925263955
0.00574676232402566
3.017794715388298e-05
4.818372812352116e-05
1.599673799594278e-05
0.003475182471473988
0.003389763102235036
0.005844369031670998
0.004752876502555301
-0.01224943146148397
-0.008733054449508145
-0.007842630299541438
-0.01130674072450549
-0.0005225036244413789
-0.000634068079429283
-0.0003642810019875928
-0.0003668394821222121
-0.0006675865531839342
-0.01592571275928125
-0.01269987246076201
-0.02677289517049466
-0.02891190681168758
-0.02043259883432585
-0.01508207557312469
0.005195785622182627
0.008670150615634425
0.009523542027655004
0.007757370920836725
0.006030005674509615
-0.005918514447695783
-0.004733325865684622
-0.008573503582359409
-0.006118777903681058
-0.004840539214322728
-0.01857200565725601
-0.02030607499662132
-0.02121238438704413
-0.02042120305545319
-0.0003292035714518536
-0.0003974518791915981
-5.39254968365299e-05
-0.0002944655256951767
0.0005225036281356964
0.0003642810043071291
0.0002844112567343807
0.0003004037623498379
0.009501744059093592
0.01269988229161242
0.003746962450696007
0.004044850903069257
0.01217645957851366
0.01508209351698079
0.0004701123033155638
0.0003974518803375995
0.0005265707770970153
0.0004714328724207357
0.000294465526179104
0.02655884787872111
0.03308648624177853
0.03295107384860042
0.02378924292291565
0.01224945260933731
0.008733068632898196
0.007871206380807816
0.01143137591851827
-0.02655885847621015
-0.02629205946652796
-0.03308650712602144
-0.0366691450282941
-0.03259895377392426
-0.0007657156390444601
-0.0004804729372883626
-0.0003797126375003713
-0.0005645019534901527
-0.0004546262709039193
-0.0008827780676323851
-0.0006497352903369537
-0.02370436026823277
-0.02648083841957027
-0.009501731451534677
-0.003746934492027328
1.435055631609936e-08
1.121503727832955e-08
-0.002869341647885745
-0.01445157031886969
-0.02588195361030764
0.01592571969312248
0.02677289610614505
0.03080905313978295
0.02588194693601978
0.02040193090859211
-0.00461688269844201
-0.006156959687341997
-0.001507482649453145
-0.006074449289673797
-0.02589439253087007
-0.02648736321587293
-0.02494794676969352
-0.02111341869883378
-0.01315604332820633
-0.009663607545644546
0.008630547528404602
0.0004804729380470213
0.0007657156397994466
0.0008075824053153078
0.0005645019547642946
0.0004226292672778335
0.0001061476521053746
5.39254969742895e-05
0.0001733243084407546
0.03337254287631406
0.1002845630101867
0.1337588197027752
0.1000856313757339
-5.197630061538714e-07
0.03342900149250776
-0.02573521987101201
-0.02806625524662527
-0.02629114125733455
-0.0004915857416879158
-0.0002511388122124801
0.0007563986642626676
0.0006340680829350381
0.001073408384286876
0.0007932227845322303
0.000667586555125182
0.02259698037741773
0.02275599419556708
0.01927296780257166
0.01777770165637544
0.01803610258807898
0.01969078459101835
-0.01705992714306813
-0.01684981135651195
-0.01393863326146005
-0.01360640111433073
-0.01457203962334217
0.008669884729002004
0.009256076111573705
0.007990820078017144
0.007573599641381396
-0.009518909454530655
-0.00925607633226359
-0.007990214082189129
-0.00757359975932015
-0.00799082022683433
0.02854665960492313
0.02867962552564
0.02830490552868863
0.02831541082312581
0.02870057746443728
-0.007298891269154713
-0.006724648890312963
-0.007151740893113085
0.01502856047541512
0.01515968298775651
0.01071704619501564
0.01091037906658582
0.01238797808614729
0.008991604276376968
0.006724648812606667
-0.00510940423620715
-0.005844368876571747
-0.003475182290437057
-0.003389762930495535
-0.005573672037233256
-0.0004701123020727945
-0.0005184515331226018
-0.0005265707767639005
-0.0006149962038635177
-0.0006776033141838584
-0.0004714328721796489
-0.0003111303395652225
0.00123586942774899
0.001222747176816027
0.003786465404808544
0.005049708728384843
0.004946006661230288
0.003669247651011233
0.01206883007310427
0.01126530600914418
0.009558331468812614
0.004336725894732081
0.006096117315590171
0.007842664185937315
-0.0310413744833576
-0.01986649635916785
-0.01748373916033768
0.00171822129483088
0.0008574234934854602
0.005157701169593693
0.006007275891815634
0.004272488306285431
0.002562779540530915
0.0249218317906263
0.02891190999417819
0.02043261580556933
0.01748376638491088
0.01982848412851817
0.02001387753553863
0.01552065096178969
0.01582121585940733
0.01731421521937882
0.009871274730756772
0.009951628963083301
0.005541955627543723
0.005635104053796048
0.007103172183044982
-0.00866540523545359
-0.005049760388321936
-0.004946013286150101
-0.0008852968376345623
-0.000459145304507536
-0.002656231643541613
-0.003214374382025686
-0.001477055381165881
-0.00309588126971771
-0.0004421837733043628
-0.002206572716560906
-0.01217643260821489
0.01310828071203116
0.01270387095865491
0.01128656174200339
0.0152896119379126
0.01110021646214784
-0.1750921769879245
-0.160562012059773
-0.1866213585718604
-0.1768244735035875
-0.1429235741069066
-0.007534986246520938
-0.007449354901812901
-0.008424376633243491
-0.0088088180536923
-0.008193628047848791
-0.007308934820028798
-0.008189079299590559
0.0008827780680911104
0.0004546262714363092
0.0007923294420374071
0.00036683948376374
0.0005580800647167722
-0.001069639395467928
-0.0007932227834583459
0.02217975754666314
0.02174009573535627
0.02381875335729177
0.02289251558109889
0.02220271551955969
0.02161859248646867
0.02231228528280133
0.02206845804984518
0.02183739283770105
0.01842905692093561
0.01807637501733015
0.01986845610060192
0.019126937871543
0.0185312989923355
0.01936003363809673
0.01898698215555577
0.02084503782388471
0.02006087417984678
0.01944347715464941
0.02029505495414093
0.01990084008071489
0.0218280995730849
0.02099928439590564
0.02035911652681119
0.02123467755347195
0.02081837296524194
0.02281912036243252
0.02194292153439537
0.02127867356902294
0.01795788626005034
0.01864007012614758
0.01840254945441762
0.01817529220372358
0.0195523759132157
0.01908545680714798
0.01978098504005937
0.02046818428698524
0.02022781855318782
0.01999889948248234
0.02138796160844583
0.02091603912593226
0.02932030067166422
0.0288493745818773
0.03141340193470913
0.03013432938563854
0.02913863745753095
0.004133537661017386
0.003985168465552296
0.005912878621506231
0.004871671343001194
0.003761643383884906
0.005090708810142207
0.004200173833663686
-0.02026755508193678
-0.01767146416761691
-0.01846884226955659
0.02629205054470737
0.03641152451565669
0.0291227868977115
-0.0217400697206846
-0.02184257364226504
-0.0222026926346116
-0.02254558360725558
-0.02276120598109162
-0.02252076508261019
-0.02266663645208914
-0.02313203052129182
-0.02348862419780972
-0.02348556926179892
0.01657706194265931
0.01793040525156371
0.01727007086766048
0.01671576884670889
0.01750145997941406
0.0171686382843959
0.01889722323025525
0.01819683631699523
0.01762216333137682
0.01773084800783423
0.01726801242441297
-0.02881429613408451
-0.02912312483473983
-0.02913885211487605
-0.0288491966885023
-0.02870032604100577
-0.02828517722718061
-0.0285667092303079
-0.02857798982866598
-0.0283152706965379
-0.02817572742429472
-0.02917425625063622
-0.02925276528965084
-0.02879106354135275
-0.0297330038333678
-0.03007147130482431
-0.02915023534070528
-0.02899422373288271
-0.02933448209026924
-0.00575873199945221
-0.006646467717750648
-0.006996669356484184
-0.006315769126304652
-0.006864911769167399
-0.005534001877529124
-0.005971239608069101
-0.006414407509875662
-0.02324198186550231
-0.02254414647361644
-0.02276360555464826
-0.02299603959119712
-0.02161856444148809
-0.0220684322128369
0.0006149962038037954
0.0005184515344667306
0.0007165693319234376
0.002778602880346864
0.003560040448929353
0.00681162995822837
0.00396736591872825
0.006184367530839162
0.006249472064893099
-0.000323563415570426
-0.000408374978529619
0.008594861476561588
-0.00358952119991447
0.01280715942924125
0.01412361269139765
0
-0.01307409465955936
-0.01396977164619404
0.005983889098305229
0.01307412668995763
0.008697927422043217
0.01047207635952854
0.0004867161578307614
0.0004004313797647872
-0.02891442976946102
0.004352398006476114
0.01435486755671323
0.002419264696056946
0.01652235593143953
0.01640451295512031
0.004190716034135446
-0.01246178052559098
-0.01261464708717994
-0.003747734289355497
0.02019762813713276
0.01883374989853662
-0.0006417756863532539
-0.00111256523079465
-0.001052609088242618
-0.001005288669984241
-0.0005206924941310013
-0.007123254454993032
0.003538389859184701
0.003757736220272063
0.006117265515721122
-0.004427199733461946
-0.005904063956481463
-0.004459701202955415
-0.007646813716636883
0.0196612862626975
0.01977020982496237
0
5.659437996240168e-05
0.0007090771876910016
0.0007597082067510661
0.0005433161769138043
0.0006263034164428014
0.0005780130602015283
0.02229984055092541
-0.02300211640296438
-0.02359888694359588
-0.0287342398288589
-0.01663805292975953
-0.01551148109554691
0.009328316803226593
0.02395323170724853
0.02291337416414089
0.0213684861499149
-0.01844079786796364
0.006581385085306234
0.009593708063437525
-0.01045325678288437
-0.006429623024211331
0.01783579976075632
0.019735037057167
0.02165356055006279
0.01670677987261159
0.01862999138503289
0.01896641281625533
0.02045697588174248
0.02079551466759539
0.02960545339375567
0.02816604962350086
0.02828533229813282
-0.006349804005628071
-0.005160970990424129
0.009457948238195239
0.0008540975830300283
-0.02942297919423817
1.246525670833975e-08
0.03181063763203142
-0.001496883909265938
2.118441880195081e-08
-0.001486111130540532
0.02097205209198837
0.009790156361026786
-0.1292063373644917
-0.003673907538486328
-0.003330277777560202
-0.0004924747209746709
-0.004910187505454498
-0.005378490081227022
-0.005528246597694768
-0.01064033794235743
-0.02253153747548425
-0.02217796714072454
0.0009486530501807546
-0.001000532862770713
-0.007355738026393435
-0.007723753141673722
-0.0007279414856589102
-0.0008569178639924087
-0.007083195790190591
-0.006857764471448731
-0.01933011050070529
0.02262246947487118
0.02149727911585101
0.02160662888725675
0.01878348282021521
0.02069151075165129
0.01783953101681537
0.01794821339747353
0.02870191714017436
0.02856125560746117
0.029096902516137
0.003673950684603803
0.004282821050437225
0.02917474961447331
-0.0279305520009868
-0.02815393750323259
-0.02194290560814456
-0.02228072938731955
-0.02360703995779457
-0.02372957826875815
0.01634640273036038
0.01689196102814206
-0.02804779888749673
-0.03289421052480578
-0.02149725035210201
-0.02138793382365332
-0.02137612342024931
0
0.01042030149078827
0.003549138611104335
0.001384741915817523
-6.438253981810923e-08
0.001396374122094607
-0.001261713380312209
0.006689719339537862
0.005350255004439543
0.006750353605190533
0.02175957537658339
0.02056022033651333
-0.01677357814673621
-0.000543316176851781
-0.0005091366839275559
-0.0004613835537418607
0.006931709204993547
0.006153434657036654
-0.01754081605550539
-0.01620962026134983
-0.0007090771880136638
-0.0006565525732267637
-0.0008077444363676193
0.0004293556124989912
0.02264127449926564
-0.02917530159529499
-0.02856463740120905
0.02462818041287728
0.02322325037748586
-0.008605211172293186
0.01715021915105779
-0.003303777506368498
-0.02864723835281576
-0.006189537525841104
-0.004861545517921352
0.001112565230476817
0.001220064099796834
0.001174067381142848
0.02925231411508711
-0.03083685262001268
-0.01401711050485305
0.02009569618544265
0.008792725927636599
0.008972184767618688
0.006111566194774654
0.007325475464219365
0.02410069878479875
0.0218126483097162
0.02370601442276988
-0.001705527874701719
-0.002002048460604331
-0.001555319209779892
-0.0004443670640551288
0.002002048540475146
0.001705527922297374
0.001221562224056153
0.0004814615919587052
-0.01502855087661877
-0.01640658174432067
-0.01206318721010614
-0.01195293878681596
-0.01462795443540257
-0.01611654377140114
9.480494048088656e-11
8.239700385790938e-11
0.0007278615123135594
0.002083062449489787
0.001980203590260378
-0.02154658878609022
-0.02877902250147792
-0.00636417194849797
-0.01914074392132982
-0.02666417000449058
-0.0009517137646548222
-0.001270583960033658
-0.001312562259785262
-0.0009250799242582639
0.001270583958854338
0.001312562258555238
0.0009517137635441812
0.0008328027256963692
0.0009250799233314284
0.001083803656785381
0.02853062380690944
0.0275429463537443
0.02731392138491062
0.02834671095749433
-0.02225083560002368
-0.02459179976870196
-0.02277783259015386
0.02561155358641171
0.02609753037839184
0.02336964081670531
0.02433244734298655
0.02524679529029721
-0.002039900497048944
-0.003126634872371729
-0.00338570458070443
0.002039900532080745
0.00259564597602612
0.003126634898121
-0.01184170044092327
-0.01421644417962023
-0.01552064896026378
-0.015821233146321
-0.00955541115356261
-0.01127854318347367
-0.01182001020109769
-0.01131270015093799
0.01055384546705601
0.01127854270293394
0.009773216583155392
0.01131269957028803
0.01182000958202443
0.0007446065020530285
0.002234858171487256
0.00291398833965226
-0.00915044868589392
-0.008972184624694081
-0.006892029637205284
-0.007325475079719699
-0.01052014763447166
-0.01031975512337367
-0.01150205567958197
-0.008605943892182579
-0.01206883351775731
-0.01296278105607939
-0.009523543350307213
0.003578840043310875
0.00273155907806625
-0.0007278613730831806
-0.0006249268450127614
-0.002083062262553094
0.01661033997648501
0.006364230103367116
0.01914078547511956
0.02447020998886953
-0.01927297500393074
-0.02275598682390109
-0.01969077197571579
-0.01803607934752913
0.0007941383095915354
-8.964481555048722e-11
1.359347030210064e-11
-0.002284789930021062
-0.002234858032494936
-0.0007446064052692758
-0.006086943279022491
-0.02220115323573427
-0.02447016489265081
-0.01071702892228541
-0.01515965628723035
-0.0109104070660252
0.006636045181586124
0.02877897692276122
-0.002778602693724285
-0.02291336709096459
-0.01853711999662849
0.0275703063022241
0.02573525723756231
0.02530573493245677
0.02721890769817677
0.02798973888109069
-0.005029315540935111
-0.004200211930895544
-0.009251367253933745
-0.005908762532994214
-0.0129117549226257
-0.007727893450453929
-0.01113457555659231
-0.2421199644662633
-0.2469705464117946
-0.232135502425014
-0.1966048705500074
-0.005074879184411796
-0.0008434900539979961
-0.003578840029517665
-0.001945045348531286
-0.003279104983193413
-0.0285776234426533
-0.02763168908379946
-0.02730480272256917
-0.02755327062300096
-0.02802148624515215
0.01473635636125539
0.01446018862411892
0.01600908880784796
0.01542546402852243
0.01491022956927376
0.01565546046757033
0.01536077919547097
0.01696794027665125
0.01581186639771727
0.01434392433782332
0.01501879803950981
0.01478585029429197
0.01456101892400052
0.01592044968208716
0.01546110688277986
0.02763169511409228
0.02730474960155011
0.02872156256099821
0.02802147552283991
0.02755323311441537
0.02815398409514261
0.02780408262215745
0.02933503067024853
0.02805786305942227
-0.0180763812378379
-0.01813763412195728
-0.0185313042914113
-0.01882758851182956
-0.01895856090009943
-0.01872350050453474
-0.01898698482454905
-0.01944347571552632
-0.0197505486492255
-0.01966522680030747
-0.01990083205159703
-0.01998189725507742
-0.02035910078077065
-0.0206774598209848
-0.02084887340574122
-0.02061153784988318
-0.02081834981695475
-0.02127864728654727
-0.02160890709626858
-0.02156301638559457
-0.02069771353612201
-0.02091601192154571
-0.02114593079088481
-0.01978097808386386
-0.02022780326607499
-0.0195523726751125
-0.01886784447230894
-0.01908545853068785
-0.0193134926531271
-0.01795789227609787
-0.01840255534918911
0.02804782399756229
0.02765080950015958
0.02766886997667656
0.02754393084304027
0.02715517931718082
-0.02727843398442476
-0.02717241452653025
-0.003985169351070661
-0.003833564741095896
-0.004871669738642593
-0.005188147731100716
-0.004442058917735351
-0.003761644647610356
-0.004642727240106823
-0.0162635271263405
-0.01630597309950889
-0.01671577352622368
-0.01699151517363208
-0.01708424690861041
-0.01685093087801693
-0.01716864411346948
-0.01762216970326913
-0.01790802990543802
-0.0177854352290666
-0.01773085430433223
-0.01705076340723461
-0.01726801830003485
-0.0174945820567496
-0.01614621783483694
-0.01658929927436528
0.01290467787857081
0.01266468423928814
0.01410012673758289
0.01359055942034067
0.01311289834122685
0.01381944633239493
0.01356154034694442
0.01505323004997177
0.01450691640011064
0.01401063041885814
0.01254936103148164
0.01322149943186525
0.01299047390948407
0.01276655093666128
0.01411920800094497
0.01366288374612379
-0.006881978521344339
-0.006111565968817098
-0.006375221618799111
0.007759996765664801
0.009150448900884256
0.006635372251926733
0.01199180233880526
0.01314988298906932
0.01267628369941132
0.01221687682304988
0.02875239869301773
0.02773315157773384
-0.00184951549785404
-0.01330899962427172
0.00124046501647741
-0.01763124312884195
-0.01699140386095506
-0.0008929048203319759
-0.0008446261578859151
-0.003113709852709434
0.03860850381635819
-0.01511730707600723
-0.003974059538477382
-0.03475034103825354
-0.02927113757225571
-0.02462815173503511
-0.01634641026453233
-0.01661779816318541
-0.02006087418656997
-0.02037450934342547
-0.01966128110722243
-0.01954173851797082
0.01254273013980266
0.02342001620873291
-0.008502495857698866
0.01156236016878141
0.01077417851626659
0.01595135610091524
0.01501080621350664
0.01534441678280664
0.02850911711834275
-0.01919385477625673
-0.019735032011062
-0.02108655114114659
-0.02165353396185298
-0.02068635700316706
-0.02033682892965902
-0.0188576289471267
-0.01851128452676655
0.02753489748167947
-0.009994156288482431
-0.00932759897115255
-0.009113410434097599
-0.005005488332797139
0.004330944526924273
0.004115954644681956
-0.003865267876009023
0.02887124328488583
-0.01365940766816508
-0.01302570944625973
-0.01254464998554963
-0.02175955422845845
-0.009457949378151672
0.00534320215473949
-0.0173177627056167
-0.01783579984297338
-0.01704161926403488
-0.0166978754485319
0.01176386536470421
0.01221491739178187
0.0140783028965825
0.01321450187612314
0.01354717651711193
-0.005458932160966818
-0.01285903956845272
0.02825477036921671
0.004033187151789755
-0.02829661961344672
0.01501361640149426
0.01422776720561119
0.01433630861458706
-0.01819684444817034
-0.01848865296129396
-0.01783953728162051
-0.01772131463697603
0.01314552250544115
0.0306770370013976
0.036057932837315
-0.01652233621232458
-0.006853885976766293
-0.01698160498365715
-0.01011874705052018
-0.00135447496363157
-0.005251837478210179
-0.006504269872161315
-0.02097206068039261
0.0274727914903457
0.01261892963417192
0.01205679460786635
-0.003538392858784264
0.01602902228326525
-0.01602902865579358
-0.01592045668485621
-0.01591195719624457
4.577829038174398e-08
-0.004538372221957873
-0.01156236082012241
0.02897032999863661
-0.01261893055256186
-0.006810576560991875
-0.00544694386682159
-0.006750357664013921
0.0284061140126393
-0.009708176636995844
-0.007045805153844298
-0.005635103524636159
-0.005541947462990077
-0.006870127044309201
0.09957413163468326
0.0331540656223081
0.01659288417100976
0.08315040106869673
-0.002842697451632011
-0.002658462986762705
-0.002355209890791904
-0.002123655803512214
0.004122092181815654
0.003009277733095442
0.002667466902972747
0.003526112186058189
0.000409393887226332
0.0003769694167043154
0.0003334465438803186
0.0002640394179969526
0.0002276477384741268
0.0002646303938354762
-0.0121522956730627
-0.009670356593047411
-0.009540175324100971
-0.01167935719811946
-0.01292607624748055
0.01698150896000876
0.01709342297876236
0.01369267509466167
0.01216546585631519
0.01396974804043357
0.02382319520064061
0.01877976668742781
0.0190171307800126
0.02074216120109867
-0.1115580032882758
-0.1221503390074573
-0.08695676464909603
-0.08502282683684222
-0.1046688157683222
-0.1171950892997575
4.671264787569679e-05
5.091694907739314e-05
0.0001564830791540845
0.0001918551197723668
0.0001557807700382362
0.0008022725476914142
0.0008804736156023351
0.0009662914041151301
0.001090819555139039
0.001052609087919127
-0.001327860120111437
-0.001257112464413552
-0.001708966103838516
-0.001826525163346355
-0.001649976951880531
-0.001461670236674808
-0.0008134119814921592
-0.0007024203504627734
-0.001361271136279926
-0.001553603577308636
-0.001357217061169256
-0.001053892989111161
-0.0008804736157090034
-0.0008022725475713215
-0.0008498798687390968
-0.001090819555715875
-0.00412209219526101
-0.003009277733960653
-0.002834426807574873
-0.004051218267060435
-0.001453433571753407
-0.004293952003382975
-0.005726490509465229
-0.00581610964012109
-0.004394470210972277
-0.001361114096453877
-0.001372889918114782
-0.004011809777863726
-0.00535027239511754
-0.004120257071228681
0.001287320820615369
0.003937994273607959
0.005251888310605319
0.005151666028257012
0.003824937511171244
0.02194436160049286
0.01869602523459212
0.01724504110249436
0.01751401467774314
0.01913077391711657
-0.0003334465437073405
-0.00026403941787859
-0.000409393886693535
-0.000376969416030948
-0.0002646303933562372
-0.0002276477381900737
0.001327860118695562
0.001708966100754917
0.001794502653192086
0.001355491337796751
-0.03509756566990103
-0.03412653953612514
-0.0402232429093678
-0.04167587995279776
-0.03936695466180062
-0.03694329148459477
-0.0006630997130299721
-0.000621501340762349
-0.0006656299557368436
-0.0008249831601468776
-0.0008456963178013211
-0.01084085386941835
-0.01326399683778298
-0.01037909120533655
0.04058764882252305
0.05415263740809284
0.01387238033319171
0.04166030073748005
0.05511294925541857
0.04325031694197436
0.05769918453657576
0.01468935542154519
0.05846743188690059
-0.004929842053166179
-0.004118666494087162
-0.009069137551592138
-0.007455926922453933
-0.005797183336887954
-0.001643022451563967
-0.002457854582411653
0.001642989648935848
0.002457811851898406
0.0008148143267601123
-0.0008148400070501305
0.02862367793954116
0.03821264084861277
0.01014466644313535
0.03049358490827119
0.03988425998124858
-0.2009110447693832
-0.2175855226630655
-0.2512566885546655
-0.2512853785619049
-0.02731689785275476
-0.03647311201418697
-0.008400381912297649
-0.03466081184985485
-0.01034192624378561
-0.01026556966620612
-0.007489644561431307
-0.00599019422553998
-0.007327157714793303
-0.1488831917073352
-0.1625242654276967
-0.1546502178774031
-0.1274977463288032
-0.1219178346705388
0.1274995395705148
0.1546528791398847
0.1657663626335649
0.1592160216210635
0.1453361155741478
-0.0331537777137484
-0.01659215711707781
-0.09957425937124401
-0.1162960788992059
-0.04986767691900232
0.03509755490787814
0.04022328173535568
0.04152899710790134
0.03858134295078565
0.03575438416782682
-0.0005042553391274526
-0.0005801204334671159
-0.0003838465468181314
-0.0004037007995735471
-0.0006256617803575475
0.0006565525729117092
0.0005801204331833405
0.0008929048195331869
0.0006256617798728584
0.000504255338876374
0.0003838465465824542
0.000303957204107667
0.0003413426651339267
-0.0004867161578959876
-0.0002789925036713785
0.1160928080094534
0.04959738076928927
-0.0002303703301546879
-0.000120230355951072
-0.000844895952733755
-0.0006525972634969293
-0.0003911108877390766
3.46941096251311e-12
5.136475231941698e-12
0.0001101604230796595
0.0002702916720410001
0.001361271147028565
0.001553603587660557
0.0008134119965085442
0.0007024203677018319
0.001053893007557305
0.001357217076996009
-0.0001162044280646824
-0.0001564830788846877
-5.091694898536306e-05
-0.0001557807697817608
-0.0001918551194829854
0.0001090330451497176
8.648125368716848e-05
0.0002492971296352615
0.000175185256008512
0.00012132704558218
-0.009144356791341807
-0.01151907382594585
-0.008358058871996105
-0.0123077377344667
-0.008818618168453708
0.01441168134177456
0.01432531085663668
0.01784171396757145
0.01947605719559484
0.01752846616546938
0.01290964524839085
0.01567223621657395
0.01854805997789252
0.0234284749322661
0.02306988370561072
0.02143780511713788
0.01794376952197945
0.0128042373839417
0.01466395509987581
-0.01257809056703717
-0.009010226083891744
-0.01222475439574181
0.01853706745076381
0.0166390456106886
-0.01656039083469308
-0.08270912142376347
-0.04152892673495021
-0.03357633302815627
-0.03858122687765975
0.004361178520475218
0.004394453284450102
6.801996110414843e-09
8.479518233859595e-09
0.001464276049426937
0.02126543755737103
0.01669142086822248
-0.0008622754890748022
-0.000732723251374369
0.0005696509382761184
-0.001408177992932424
-0.001419488563613607
-0.004155538685393785
-0.004260005317721052
-0.007103056798981084
-0.01110018776163092
-0.009951797645130423
-0.07901682966263769
-0.06999595741223408
-0.07360160545258487
-0.1576419922619119
-0.1137705137365914
-0.08039539647656119
-0.01003122978998805
-0.007272108074494575
-7.084319235603471e-08
-0.003975228539927546
2.341206504140361e-08
2.053908141941824e-08
-0.001324535731501319
0.009200610825978886
0.006628415411073606
0.003975226616345563
2.49300656512988e-09
1.471408996046548e-08
0.001324565384436369
0.004084312569803357
0.001336956860886739
0.001372878151662876
-0.001312330125869613
-0.003862829746746653
-0.005151644290660992
-0.001274439323592118
0.005446949481446966
0.1718714405412183
0.2174983080593402
0.2133656402930423
0.1974032653736366
-0.01146937685269562
-0.01182444130864348
-0.01056699479679464
0.008480824336038114
0.005918591233441912
0.004733360063631771
0.006118658668590378
-0.04566905096179085
-0.06576163628583964
6.40873438595843e-05
0.0001689511648204274
0.0002096957556732312
0.0002420767359535321
0.0002808165689619993
0.00032356341682932
0.0004718237481225486
0.0005480729217413585
0.0005091366841121631
0.01398866079834548
0.05688484127109677
0.05602294070002245
0.1429237563470409
0.1576419922363063
0.1354450393304154
0.1269043892086336
0
0
0.0008249831602931011
0.0007074555528237904
0.0006656299560011912
-0.0006263034163168899
-0.0002808165679708284
-0.0002420767355209703
-0.0003971626057952787
-0.0001689511646503811
-6.408734385398334e-05
-6.844025518586367e-05
-0.0003569401670895714
-0.00054807292131967
-0.004981054030821093
-0.0008278008029689269
-0.002470808622387423
0.004877113453505451
0.005706117027557933
0.004097064580104781
-0.001625065787349426
-0.005706062780416249
-0.004097046155853877
0.002470767184648188
0.0008277629035668681
-0.2679548248207458
-0.2680758625531083
-0.2174999783123314
0.01034850911928972
0.04302631127738799
0.04148781752709296
0.05193342775807974
0.0866495588714432
0.07159172828080397
0
0
-0.0002492971285109318
-0.0001751852554627761
-0.0002179907094906446
-8.648125302927135e-05
-0.0153328208081064
-0.01306369421323118
0.1171922711390793
0.1658187013726636
0.1666958512311099
0.1187852344829442
0.1201333944668796
0.1360212121445073
0.0006215013411905758
0.0007279414866687669
0.0130257082416944
0.009994156272140755
0.0114640758289183
0.01490612807367771
0.01310055247377093
0.009697463005179052
0.008198378118375199
0.01423809690408035
0.01720388812032825
0.01249218449978306
0.001659536792637263
0.005797214285645159
0.04047933825764524
0.05129676030448257
0.04228854852719575
-0.002192011696990883
-0.002278166529774476
-0.001558456259524086
-0.001840997608447059
-0.0009324089707560136
-0.000310055797307411
-0.0001501217425149857
-0.001444309632334256
-0.001088749166783315
0.002192011704654565
0.002424712342050558
0.001558456275053388
0.001445515291385468
0.001876858300276874
0.002222499921340786
0.000932408991944252
0.0003100558212877702
0.0001599581535497136
0.0008497615992000306
-0.04897433256851368
-0.03840437547486428
-0.04668602222772802
0.02276362781145002
0.02287979609970154
0.02255053825515991
0.02278286162958606
0.0228926579337847
0.0001501217648059244
0.0004210022956069333
0.002278166534434506
0.0006525972779428606
0.00144430964074063
0.000844895963489904
-0.0001599581271186905
-0.00112263532435387
-0.0008497615708576382
-0.0005094375470710607
-0.00242471233591956
-0.001876858282332051
0.002658462985285302
0.002355209893002946
0.002624506759549812
0.002038593394717781
0.000693549561698466
0.000230370342338203
0.0001202303694215681
-0.002667466898614343
-0.004330944542198361
-0.002975449003703985
0.001757212664413584
0.001649976949139421
0.00228116017639362
0.001826525159738055
-0.002176240667252629
-0.002281160181524728
-0.00203868039333571
0.001257112463353939
0.002834426806219609
0.004510009369698873
0.00348845013829971
0.0007349037559128734
0.003702566262092072
0.02569746952928584
0.02540127951145796
0.02513023582746888
0.02489309042480645
0.02503926243988524
0.0251996393737958
0.02507586838254806
0.02491902034601077
0.02465658888551699
0.02442066379157453
0.02455932426082057
-0.01446019277857566
-0.014484552262314
-0.01491023780539219
-0.01516653409362126
-0.01522271681477611
-0.01499078001028539
-0.0153607840564522
-0.01581187473430362
-0.01607777317287891
-0.01591949593132088
-0.01524401464574058
-0.01546111370967154
-0.01568646507093575
-0.01434392925137122
-0.01478585617093391
-0.02487124713401638
-0.02513026921084452
-0.02489311640796645
-0.02476746711174767
-0.02439944841957252
-0.02464935274499724
-0.02465660520469828
-0.02442067119029822
-0.02429581939305141
-0.02392980772769527
-0.02417825477089413
-0.02418529074402357
-0.02395042275488117
-0.02382629000179903
-0.02346207954044444
-0.02370921728093141
-0.0237160491236825
-0.02348212285722159
-0.02335862998251279
0.02512274830577624
0.02475306541514266
0.0247674463739473
0.02464933640163445
0.02428184593208477
0.02429581577586096
0.02417825398759141
0.02418528847199215
0.0238127208715632
0.02382629999945703
0.02395042742093102
0.02370922858235363
0.02371605893648819
0.0233454370075726
0.02335864742759628
0.02348213573376192
-0.02540127886958887
-0.02557256644729744
-0.02503927491369885
-0.02491902719633336
-0.02507585645083659
-0.02455929337327231
-0.02443971721915425
-0.02458302763187378
-0.02408200197105368
-0.02396307638178883
-0.02409353056278143
0.01108056881203807
0.01087570497389318
0.01220205109405239
0.01132240820153463
0.01076123540044706
0.01143110759274273
0.01120182469749026
0.01097865573283604
0.02372554000026997
0.02458299976559179
0.02408200154114853
0.02420099427633333
0.009262495937424259
0.009092071570799259
0.01031196884524409
0.00994364953947692
0.009537534769332428
0.01017080901643616
0.009983280475034972
0.01125612490353552
0.0108530245050519
0.01042933502834069
0.008978381553003408
0.009646396080680268
0.009418701512374639
0.009196150183230948
0.01053810996153915
0.01008679003548644
-0.01266468385766597
-0.01267147089381986
-0.01311290216421044
-0.01335048344247851
-0.01337114489224231
-0.01314035065012814
-0.01356154216260596
-0.01401063633724197
-0.01425748744541873
-0.01406439893396904
-0.01411921362115821
-0.01344576062378868
-0.01366288764451576
-0.01388724646724929
-0.01254936102233375
-0.0129904753321198
-0.001220064100657343
-0.001548823911471185
-0.0001101604118720795
-7.990310030223559e-05
-0.0003005489778368329
0.002295540304858419
0.002213404674602869
0.003939815929523159
0.003099116368122502
0.003318851000147866
0.002431008167564397
0.008355375715434151
0.009369588024392937
0.009035635326041368
0.008646883231733866
-0.01176945429914369
-0.01221687690906135
-0.01244535949877634
-0.01221837712378819
-0.01232551857641924
-0.01165456869162679
-0.01187185699486734
-0.01209538426974214
0.02278065145858424
0.02360679368132985
0.02313413003375616
0.02325210324743652
0.02301555738119518
0.02409350502530164
0.02360704639598342
0.0232486432028384
-4.885580902374571e-05
-1.787677166598149e-05
-0.0001267246901209919
-0.0001295939571567001
-8.203203276752485e-05
-4.818372837405241e-05
0.000126724689772173
4.885580892723264e-05
1.787677154584297e-05
8.20320324617329e-05
0.0341265037677321
0.03936695247963713
0.02324200354112
-0.002130736372078774
0.002570261755109961
-0.0003307852835126169
-6.822587084392578e-05
0.02527494083762236
0.07062453966095447
0.09771815906445158
0
0.001187692576922893
0.001119583131152323
-0.00118769257778568
-0.001284872239628272
0.002965077773865504
0.001533200369212661
0.001049128691378881
-0.04188041948512383
-0.03464084064577393
0.0136594061414155
0.06835147290600926
0.05953615260496749
0.07265804679972944
-0.01661252354150705
-0.005737016222767394
-0.00911623110508691
0.04889171132362287
0.1030863607655544
-0.2680873130440299
-0.04454226646658051
0.05289756409798543
7.266755628981692e-07
-0.01661459559927141
0.000578016725449695
0.00897366687907233
7.325735579385919e-12
-0.0001301941517046824
1.033794618108466e-11
0.0001401579661121664
-0.01267628045011452
-0.01290967374969734
-0.01243413627819854
-0.01231900821258305
7.710690297081324e-05
-0.001190834776481976
-0.001753345425345722
0.02251877311048526
-0.01545481209466302
-0.01595136089671061
-0.01523589817379818
-0.01489437704567206
0.024642155090684
0.02370245284836197
-0.02518278644955508
-0.02421116517757774
0.01142508035287905
0.02445287339225363
0.1159274762432547
0.005737209307076913
0.07017165188329108
0.01035903105044452
0.009641324195686455
0.009972785674698989
-0.01360207712399301
-0.01407830600183833
-0.01343864143473472
-0.01309902692537145
-0.01164842275783423
0.1044299005804829
0.1520969310624525
0.006609367702113354
0.001776920053506423
-0.001334383802006202
0.01478226656295317
0.02348970599446372
-0.0001132934741006991
1.436787782153413e-11
-0.0001696470327515864
0.0232354127663312
-0.002261321736156298
0.02594785420526548
-0.01450691359595666
-0.01475896786639506
0.02417128100770891
-0.02469533461895621
0.01128619493253031
0.01064685459459032
0.01075556911217413
0.02397010343684454
0.009433522096038189
-0.0142277726034198
-0.01411172142010228
0.04569872146368634
0
-1.599673808392229e-05
0
0.001517902976049632
-6.4249853916448e-05
0.107007055623178
0.03326027585003247
0.004459483046869784
0.0407655051672645
0.002387055116479697
-0.1159280941052875
-0.2680925213640499
0
0.2067579694853034
0.1953248401858448
0.002208824845597284
-2.295260738981078e-09
-0.01221491140977898
9.206825699112615e-05
0
0
-0.0115469194679219
-0.04043533039094737
-0.08372375596393793
-0.1383727359045616
-0.3919562700805741
-0.8315810613873451
-1.354706247718389
-1.893935499497181
0
-0.01154691943596438
-0.04043533252443585
-0.08372375247381048
-0.1383728699716551
-0.3919523985311955
-0.8315795955422641
-1.354706159101291
-1.893936634112362
-0.002796322303833807
-0.003628349424582287
-0.01079648262867421
-0.003628349449830768
0
-0.2251805758222237
-0.2368305518181886
-0.1374264270427805
-0.02329103907228945
-0.1092790348138526
-0.03983532713970662
-0.03124443226135179
-0.03124438458147811
-0.05997963210509445
-0.06050462761330848
-0.0832740907833793
-0.06050462843805274
-0.1232343583484997
-0.1376409600645127
-0.1231681933365301
-0.09606441661825854
-0.09606444423119688
-0.0008332024547294678
-0.0006410526023988816
0
-0.1728196111662362
-0.1700517067924533
-0.1728196246990014
-0.1824206021292284
-0.1376409558085764
-0.1096378995027719
-0.1232342927306691
-0.0008332024628550526
-0.02396606619055149
-0.02396606915173918
-0.1096378966682068
-0.2368305200516496
-0.383374699924111
-0.2997952493746802
-0.2997919054324061
-0.5893554695708342
-0.5953495500933039
-0.827694225228768
-0.5953517233647058
-1.08573434936114
-1.087978133410337
0
-0.0001278144757744275
-0.0004197159033682109
-0.1304920236511741
-0.137912404976503
-0.1303853984083782
-0.1551365803631199
-0.1609784139373901
-0.1379123981914524
-0.1304920779072087
-0.1303853413299939
-0.001465138858103972
-0.002031756101478532
-0.000419715900801412
-0.001465138862434683
-0.002031756117339565
-0.003007451027177867
-0.1303090420467613
-0.003007451002113901
-0.1303090739542857
-0.1234753507659585
-0.1551365906821243
-0.1824205930421166
-0.1234753437750744
-0.006405941360902629
-0.006405941406597735
-1.353635992638681
-1.219395644685041
-1.219395502737655
-1.624370124165411
-1.624729786355128
-1.087976505598294
-0.07138294026237726
-0.07126119873825143
-0.0601108823147282
-0.04962626382460927
-0.04948560335245468
-0.06011092504025028
-0.07138295367218415
-0.08338631384499889
-0.04962622354108669
-0.05004809573393234
-0.03998528550063255
-0.07174872388436949
0
-0.0002827429408015863
-9.872143943085074e-05
-0.1342533929668022
-0.1380986203202012
-0.1341710232681886
-0.1476380875953002
-0.1509514246775634
-0.1380985695579011
-0.1342531969379908
-0.1341710552490842
-0.0007815858757173047
-0.000898844478154775
-0.0007815858751465905
-0.000282742941909797
-0.0008988444795721858
-0.1476381478950499
-0.145755621076491
-0.1340855665511372
-0.000222074305838898
-0.1446656244013435
-0.1340855835089459
-0.001093246303898792
-0.001093246310161328
0
-0.1306441458286701
-0.1306441976403002
-0.1609784290211344
-0.0001278144728850718
-0.1521412710163876
-0.15078424056754
-0.01668765272437645
-0.01098429373318457
-0.01650952626596235
-0.483264589036775
-0.4814228722352983
-0.5908880324795469
-0.02345977976358878
-0.02710601683066079
-0.02743413766703199
-0.01668765318357334
-0.01722201485395848
-0.02345978172718348
-0.01098429374100465
-0.1507842470718128
-0.1521412744969352
-0.1374800780319017
-0.1339431026097612
-0.1338662958436387
-0.01722201436912353
-0.02743414606691144
-0.02710601705461009
-0.7065959620497133
-0.7053363507539618
-0.8287016144001758
-0.4832667594468827
-0.3855582531940724
-0.7102178422854318
-0.9557223639127987
-0.9579395568754371
-0.706592150346363
-0.03108505699249958
-0.03172255910876574
-0.1302817061776929
-0.03172251191679313
-0.09596347843562499
-0.08956423908438553
-0.08956422397908179
-0.2281435436089959
-0.2599879138739046
-0.2654740371088796
-0.1093615010575409
-0.1025687192235329
-0.1027596123295735
-0.08338630042911147
-0.08977901835895369
-0.1025687437242654
-0.1374800750368835
-0.1435073886615086
-0.1430445121301544
-0.1093614963395829
-0.1161737064270848
-0.3855639789133813
-0.3439672697468956
-0.339274822974014
-0.2972262874415154
-0.2599882968464707
-0.2281436309503129
-0.265474215250828
-0.1338662960687461
-0.1339431051787137
-1.624730592355089
-1.759448189204343
-1.489177471271486
-1.893696485220121
-0.3072933484801592
-0.09637292237677213
-0.150387381520111
-0.307289520486284
-0.03998533309966878
-0.03569222702248193
-0.03538285008594727
-0.04458778458014115
-0.04487843211018647
-0.9557224249779009
-0.9549349123356061
-0.8287016219168624
-0.1446656170927603
-0.1457555925211266
-0.1377621349591148
-0.1359783141863776
-0.1358712464177635
-0.1437332118689352
-0.1455982674592472
-0.1382131324095753
-0.0004790345884989514
-0.0005274476405928533
-0.0001945087281493586
-0.0004790345879951366
-0.0001945087280024281
-0.0005274476403885551
-0.1377621280227517
-0.1412233391528216
-0.1407309965887705
-0.1358712454044894
-0.1359782673011566
0
-9.530848464213525e-05
-0.05004810062331625
-0.0001677528573063402
-0.134007567300528
-0.1340075612627713
-0.0005805713975256364
-0.0005805713979501105
0
-0.1362089978398366
-0.1343457538008336
-0.1439677081775453
-9.872144134962282e-05
-0.0002220743100072552
-0.5908916204641047
-0.6495474210435576
-0.6468004970039082
-1.489177297119598
-1.488976150936028
-1.62449194720085
-0.5346957194346385
-0.5380290362271081
-1.353940736883361
-1.286959542659185
-1.286262079522236
-1.759447833021781
-1.759551980672722
-1.489638032710819
-0.136208870377871
-0.1382130470741635
-0.136157160664591
-0.1360978106780832
-0.1380001206176056
-0.1360371232911165
-0.1420206354507452
-0.1426747372178558
-0.1380000879764808
-0.1360978125052867
-0.136037100262162
-0.1437333644422645
-0.1426748219134843
-0.1420206885110921
-0.1415683009496869
-0.1343457198814862
-0.1324292677864761
-0.1435073894157725
-0.1439677069676438
-0.1375471009142566
-0.1357826108901955
-0.1357147752551495
-0.7102147043716891
-1.218958082870431
-0.1338954570801126
-0.4886459266062717
-1.220556831647751
-0.1509514852051918
-0.1305554659881919
-0.1269454141131717
-0.1233228956566887
-0.1163270151466048
-0.00160608267682079
-0.001553350888261843
-0.000687442018821733
-0.1233228678651553
-0.1268322295771261
-0.1269454062505378
-0.001606082685729327
-0.0006874420239294826
-1.086332986061812
-1.020138440686135
-1.021480062243132
-9.96805200070053e-05
-0.0003299977663544871
7.359569024201717e-06
-0.1163270080661099
-0.1164848605721458
7.359569762045133e-06
-0.0003299977642161494
-0.13754710460713
-0.1404010667570536
-0.140180365928314
-0.1357147769058819
-0.1357826145957672
0
-0.1432099001086888
-0.9579380745825363
0
-0.1338954576935166
-1.086332177624977
-1.021479786957934
-1.02013870635943
-0.03569230280240516
-0.04017288187997105
-0.03549879293848272
-0.1161736819492105
-0.1231847566214845
-0.1161569724341134
-0.2021866196517476
-0.2075587921074767
-0.1767091613133452
-0.09637296685599424
-0.08977903140482713
-0.1027596050859528
-1.152239594520609
-1.153228952506409
-0.2021865943792755
-0.1767091444891715
-0.2075587762548176
-0.006207276848198151
-0.004402460917781662
-0.008406315660908889
-0.006997331235990937
-0.004809793497387646
-0.00879162591980338
-0.008406315682298696
-0.004402460939577901
-0.006997331198448299
-0.008791625876790957
-0.004809793456233111
-1.35393993366184
-1.286263254575693
-1.286959643238785
-1.421790573442744
-1.421328292521071
-0.07744325297078064
-0.07729676497613835
-0.08352691828450085
-0.05493653598608771
-0.05517440448048561
-0.06027494217264351
-0.04487841925651968
-0.04469679105883462
-0.07764839394974021
-0.07153533566553998
-0.01392739335869798
-0.01121879590300802
-0.0136988700378987
-0.01392739349329447
-0.01424733424694752
-0.01691031554315001
-0.01369887018104914
-0.01121879590672555
-0.01691031510719328
-0.01424733407387707
-0.140730994576765
-0.1409515208676531
-0.1376980703131634
-0.1412233304408922
-0.1415682746221308
-0.1378334057208565
-0.136812978937985
-0.1367581939805841
-0.1369394675385453
-0.1368734622638578
-0.1415105665472672
-0.142576278425736
-0.1382818433868657
-0.0003017811524634243
-0.000338602044980981
-0.0001278006996670022
-0.0003017811514927726
-0.0001278006990385417
-0.0003386020446699399
-0.1378333911191062
-0.1395519547653258
-0.1393660707170254
-0.1368734531093202
-0.1369394653975333
0
-7.523418771520798e-05
0
-7.523418753898292e-05
-0.1372309189853476
-0.1371996644603564
-0.1372307092971041
-0.1382814518212148
-0.1371996997974081
-0.01356168045425887
-0.02016041267104946
-0.01356168056368403
-0.03538285148221077
-0.07720899882343123
-0.04458782875928608
-0.06581022064169705
-0.02016041156590402
-0.1359226696397441
-1.220559702050473
-1.489637962714962
-0.06581021789541011
-0.1371635067004211
-0.1371635161991669
-0.0003715623479499861
-0.0003715623480457127
-0.1409515238657023
-0.1359226685451966
-0.0001328163845789329
-0.1358244132391589
-0.0001328163832981204
-0.1362639656332847
-0.1362639377358767
-0.1415109235871224
-0.1455984636885327
-0.071748651034897
-9.530848277886565e-05
-0.1361569891430772
-0.0001677528547869046
-0.06555708293218544
-0.06565196835033223
-0.07129160049844036
-0.05466464651291285
-0.05476662825525122
-0.04952073606006748
-0.1960101307818478
-0.2259220884366453
-0.1983034923628904
-0.1231848030263864
-0.1267204774190768
-0.1267596889265798
-0.07744329775234567
-0.0835268920497102
-0.07729673669671684
-0.1960101402493785
-0.1952604717764889
-0.1707119479877061
-0.119683289285259
-0.1196511699487328
-0.1707119546260177
-0.3439700144169403
-0.3882470426044088
-0.3410458210679941
-0.07720897431564065
-0.07717966715074714
-0.06552547268771435
-0.06001236397700551
-0.05493652192843117
-0.06027492159749833
-0.05463066396712427
-0.06001246042527918
-0.06555715198865295
-0.07129163187734104
-0.05466457931486935
-0.05476661050404076
-0.0495207541462139
-0.06565202955896904
-0.01981354343853207
-0.01655401802421251
-0.01977018454695807
-0.5380296757212163
-0.5359555626844787
-0.5927749254395563
-0.01981354420056153
-0.01655401835906583
-0.1430445139206006
-0.1432099045148033
-0.1374398175994157
-0.1356690047737389
-0.1356459579359773
-0.4355217953551566
-0.4330526036823672
-0.6495469713036454
-0.6518735677853913
-0.1374398117184111
-0.1400431131488507
-0.1399770710357124
-0.1356459582601528
-0.1356690038017476
-0.1983034915385687
-0.2259221715010584
-0.08330218478655388
-0.1376980675816374
-0.1392127928403421
-0.1390849201803129
-0.1367581946984202
-0.1368129756761744
-0.1370862797786341
-0.1380478195902908
-0.1370479965677305
-0.1370862497892791
-0.1370479786098412
-0.1380477777660889
-0.1400919819559712
-0.1399261009677862
-0.1404010632077696
-0.1405496720209582
-0.1375906568837529
-0.1367092431479575
-0.1366662154453422
-0.5346959212983763
-0.1162270179151033
-0.3392791660129363
-0.4315427561500885
-0.1370106718166649
-0.1370106573092616
-0.1397850295070694
-0.4886458213895969
-0.1338565181378031
-0.1357459813174824
-0.1429895018179221
-0.1405496749453371
-0.1358244165599715
-0.1400918658053995
-0.08953753107289174
-0.09273707254252875
-0.09273707362100722
-2.330846872579208e-05
-0.0001652320438801399
-5.373401652024336e-05
-0.1026388838537669
-0.1060338055233177
-0.1059428257847696
-0.102545812600227
-0.09924145590405997
-0.09924145531667974
-0.03144375256044489
-0.02929739829842741
-0.02953997872066118
-0.03144365195050477
-0.03343053644133578
-0.0336660842331703
-0.1162270019938517
-0.1196833248214097
-0.1127422545475869
-0.7660987566430195
-0.7669457892417763
-0.7056516824704154
-0.7683201213236612
-0.8299248454620265
-0.7669410643296337
-0.4355227960773829
-0.3882477612638789
-0.4330520201189104
0
-3.695077473279726e-06
-0.0005895790211599966
-0.0003037614238184897
-0.0004855446501203898
-0.0005895790157017809
-0.0004855446440612185
-0.0003037614200599262
-0.1305555139839989
-0.1323555935169212
-0.1324293126572898
-2.330846666410598e-05
-5.373401442146426e-05
-0.000165232039969325
-0.02367066694579185
-0.02540681759286443
-0.02565644025675887
-0.02367066956159863
-0.02565644480979827
-0.0254068208307309
-0.7683210972844459
-0.8299262934042507
-0.8927651576630341
-0.8942214565808849
-0.03112490147015251
-0.02913567320227163
-0.02905481445868439
-0.02953997212911313
-0.0292973902583673
-0.09598855636415106
-0.0927890356243269
-0.1092989743336937
-0.1058992272942415
-0.09928990410626175
-0.09598853995061285
-0.09928990362628147
-0.1058992356138176
-1.759553133868187
-1.826760584707063
-1.692122532432549
-0.4315438590871349
-0.3839205542342517
-0.0398728302188236
-0.03764688288521759
-0.03757071124216348
-0.04017283386829644
-0.03802774520878804
-0.03779922931185469
-0.04239644096136603
-0.04261791964951488
-0.04217494639784244
-0.04224877647636073
-0.8927652311995264
-0.891686194409292
-0.140552938512919
-0.1409188625389902
-0.1381532756289493
-0.03319498887806929
-0.03327350455990111
-0.1405530606918109
-0.1402953627462373
-0.1381532601010948
-0.1401803673680659
-0.1402792097580471
-0.13751023986238
-0.1366291889693211
-0.1365982321618958
-0.1164849299322852
-0.1198757396654876
-0.1129564668949954
-0.1128229990928289
-0.1197529333243566
-0.1375102406697519
-0.1388141671294179
-0.1387540703425636
-0.1375906637730548
-0.1389775869601217
-0.1388883122196195
-0.136666219978227
-0.1367092471199606
-0.1365982326140967
-0.1366291918818251
-3.695076035177121e-06
0
-0.1287825466205922
-0.1287085032149991
-0.1127049400403937
-0.1376812910653358
-0.1376345185845116
-0.1376345350078887
-0.1376812621712896
-0.03534417810931174
-0.0004101980627670126
-0.0272290607745349
-0.109473118780488
-0.03549886621568443
-0.04469683392364746
-0.1401020125943056
-0.1356890710386919
-0.02722906116650714
-0.02772125886332249
-0.03596293028479616
-0.6468005683943578
-0.7661026692081876
-0.8910142338160134
-0.000410198056759015
-1.624491720190814
-0.1270321400142478
-0.02772125499764384
-0.02706500136571718
-0.08964457013302256
-0.1026388894084261
-0.1092989569531012
-0.1402792111179106
-0.1357459845355946
-1.893810229296095
-0.04513273200314982
-0.0445514766057549
-0.1371250033227509
-0.1268813714773519
-0.1356890708258117
-0.1371249612828845
-0.001765381271301106
-0.001168971943575232
-0.00225483953381942
-0.0961924694808487
-0.09289372119454416
-0.0930517013479511
-0.3029580789487539
-0.2819564319044563
-0.2858569701369685
-0.1681537092632702
-0.1793693872997489
-0.1654652455102179
-0.2592917185466536
-0.2779702539207181
-0.2779698499660764
-0.3029524384955972
-0.3213721025371542
-0.3249851362258874
-0.1268321475653114
-0.1304362757837758
-0.1267922011817667
-0.1681537144108295
-0.1713067777458131
-0.1577023504508056
-0.002849285045491634
-0.002148286847799481
-0.002254839517498879
-0.1232725687825579
-0.1268813017595952
-0.002849285060294207
-0.003548511070526203
-0.003652925045344444
-0.1577023634370623
-0.1713067770246522
-0.8910136288036878
-0.8916854011581468
-0.8279464899083588
-0.0108434700245943
-0.009553611287599025
-0.009648815941951118
-0.2620648102417044
-0.2793086114596578
-0.2819556555533345
-0.0896445636839364
-0.09278904634061318
-0.2978768617436227
-0.2793090801684984
-0.2978730817838769
-0.2620651150451205
-0.3176884381833384
-0.3189247492925528
-0.2858573885786611
-0.1397849970802384
-0.1399260481385701
-0.1379550588750641
-0.1375032374578839
-0.1374629526759795
-0.002148286853856867
-0.001765381256499872
-0.001168971934143446
-0.1393660721617986
-0.1394542256559646
-0.1377968370751964
-0.1395519476096253
-0.1396613697129255
-0.1378718950143902
-0.1373522362143237
-0.1373186106965875
-0.1374243842836517
-0.1373874901838389
-0.1402043113859311
-0.1408158926699284
-0.1383223259589607
-0.0001878778871653421
-0.0002167038370726149
-8.022581416486576e-05
-0.000187877886116937
-8.022581420322108e-05
-0.0002167038357292553
0
-5.207787895747407e-05
0
-5.207787873508238e-05
-0.003652925019766605
-0.003548511061042061
-0.01084347001185169
-0.009648815958023076
-0.009553611291654262
-0.1654652520049179
-0.1793694019194008
-0.1400431038837228
-0.1401020131990009
-0.1374565967958581
-0.1365734024981006
-0.1365547353740375
-0.004556031033755258
-0.1267596928498319
-0.3386815904279756
-0.008550968794011762
-0.1633736003272933
-0.0899677060801546
-0.2701512482306786
-0.1915256217281675
-0.1633735919976204
-0.3410545503883242
-0.3479870594085545
-0.1368425147827171
-0.00435097429980824
-0.004556031070670512
-0.1356545957844544
-0.00835801347888936
-0.008550968755142661
-0.2701515380357841
-0.1369057867177527
-0.0002426763226272775
-0.0002426763217319381
-9.484768542520456e-05
-9.484768549185647e-05
-0.1369744290726296
-0.1915256421684022
-0.1377675874162977
-0.1372631133127697
-0.647842115108934
-0.6184917432654505
-0.6199402986412182
-0.04980200501391353
-0.05245568061791665
-0.05224828259941134
-0.00169932505155406
-0.001526374664627145
-0.001266801875137064
-0.5359573779336261
-0.5640528337993965
-0.562457677392607
-0.002398671720895685
-0.002781552390444238
-0.002398671735066322
-0.001699325061763999
-0.002781552411239644
-0.001379429124842107
-0.001526374675587063
-0.0009481494399427196
-0.1198757229799708
-0.1163986445258706
-0.119806406305383
-1.152239467677295
-1.219070222077184
-1.152107754403127
-1.421790727954015
-1.421514956198104
-1.489394799040365
-1.085886237008805
-1.152622975607216
-0.08330212964262913
-0.08026984166666171
-0.08021250118657673
-0.04721512888845475
-0.04742957719468372
-0.03987283341049686
-0.0422487690592765
-0.04217494332911719
-0.07153537316429359
-0.06856410867925358
-0.06875044798786985
-0.04980201191790689
-0.05224826787660013
-0.05245568260636539
-0.03757071139157965
-0.03764689088305402
-0.08639194978074127
-0.08644679218578064
-0.001266801879788152
-0.001379429113516594
-0.000948149432305589
-0.02333322627782659
-0.02515721941075989
-0.02524042203836979
-0.02333322754573013
-0.02150923111864114
-0.02159478055374953
-0.02524042383706714
-0.025157219891567
-0.4818813744501147
-0.508547787921104
-0.5076639267614009
-0.03112489684114653
-0.02905481301390153
-0.02913567168566892
-0.03327351406963047
-0.0331949876528477
-0.7081343897330763
-0.6777398575989566
-0.6796572502760069
-0.04742957822642248
-0.04721511154161096
-0.5897428007741735
-0.6177587713347069
-0.5927756325317405
-0.6220670376249539
-0.676430056670023
-1.557023161624635
-1.556855427045679
-1.624615578190198
-0.5663996082547814
-0.5616509342389557
-0.5102974294742851
-1.692123255254299
-1.692192543042377
-1.421328123542562
-1.353712923563529
-1.557195037692551
-0.1396666745858987
-0.1382458572124841
-0.1398702309607998
-0.1379550797513643
-0.1388921384554396
-0.1388058000284587
-0.7056565696706112
-0.6757654345863684
-0.5408658473839324
-0.5128744930579885
-0.4855317035173932
-0.1233896692878069
-0.1251267079331159
-0.1252022736122447
-0.1129565222039036
-0.1130438687464736
-0.1197529276346676
-0.1232725600382982
-0.1199613241383178
-0.1390849188796677
-0.1391461092248504
-0.1376686506009291
-0.1392127937868931
-0.1392857746000093
-0.1377292240245695
-0.1372273410725607
-0.1372000980432353
-0.1372865951338458
-0.1372561742614873
-0.1396664586023679
-0.1398693794556482
-0.1382459503635396
-0.1377968254048333
-0.1385928745913363
-0.1385335631632256
-0.1378718859917497
-0.1387278542655035
-0.1386573253291518
-0.1373874821155164
-0.1374243868039976
-0.1373186030087692
-0.1373522260361461
-0.1377279455471115
-0.1377047676848475
-0.1377675339082216
-0.1383222898794974
-0.1377493735702622
-0.1377278093791616
-0.137704730272711
-0.1372631384463234
-0.1367406325999883
-0.140204384019495
-0.1374565906127235
-0.138707048574487
-0.1386725219719569
-0.1365547329245467
-0.1365734005813941
-0.137729220744344
-0.1384788204268055
-0.1384283655510802
-0.1372561714454138
-0.1372865903672477
-0.1389775855287849
-0.1390287219679336
-0.1376149608974037
-0.137174443334454
-0.1371503745167455
-0.07456403637643121
-0.07438474743583659
-0.02159477918820268
-0.02150923055871078
-0.1374629655301592
-0.137503256445494
-1.556741138165533
-0.003268298822567516
-0.003268298850775683
-1.153227026765329
-0.0451327342819659
-0.06603172334664136
-0.05517439820495981
-0.1392857736716489
-0.1368425094233199
-0.01994363932360729
-0.0199436382363711
-0.5342722591009936
-0.6518710564442968
-0.6464499808867579
-0.1400017600868169
-0.135654595615084
-0.1367848624851187
-0.1391461089113764
-0.1394542264515575
-0.1369057767154156
-0.1367848610180442
-0.1369744396385008
-0.1409190773280807
-0.1396613895265652
-0.1366869822622636
-0.109473124928935
-0.1367329812932251
-0.1362333184265016
-0.07764834992191626
-0.1425766792000125
-0.1352660732312674
-0.1342935874939999
-0.4818846011619226
-0.5076641257015696
-0.5085479567610922
-1.020653167751244
-1.053130464901495
-1.053758755804264
-1.759380232559914
-1.69196816115751
-1.826665593032432
-0.1304363342830477
-0.1322238226552949
-0.132288695560405
-1.020653566592946
-1.053759548982041
-1.053131115469494
-0.1286528087519477
-0.1286057183600444
-0.1267204938444056
-0.123172325635954
-0.1267354500808273
0
-4.935499697177647e-05
-2.115735584797357e-05
-0.001098359597717997
-0.001172173537415267
-0.0008322152894496942
-0.001098359598189589
-0.0008322152895764063
-0.001172173539537192
-0.0006457358360809475
-0.0007348716394222363
-0.0004940310106266363
-0.0007269285711539713
-0.0006457358343057616
-0.0009850494136389328
0
-2.115735684794501e-05
-4.935499821265695e-05
-0.000726928574623379
-0.000985049417283438
-0.1342933479134394
-0.1352212411763113
-0.1352660597437809
-0.4569929203712671
-0.4560272688156664
-0.589745854385197
-0.5624582921825182
-0.5616511356740125
-0.3839233617125478
-0.4080332777358827
-0.4069847546532488
-0.9566689561617888
-0.9884886092667123
-0.989528241072123
-0.4855335058829503
-0.5102973047157516
-0.5128756861752691
-0.3607827235254538
-0.3619240285430957
-0.1302886313178206
-0.1267154150158233
-0.2318081363476155
-0.2462111670930615
-0.2504131123037213
-0.2318081102346535
-0.2504130111107473
-0.246211291605497
-0.2189107256037737
-0.214404001736216
-1.89381028710073
-1.826759710132201
-1.826665863911191
-0.9551304821686336
-0.9877651093135696
-0.9873940227082025
-0.0004940310091008159
-0.0007348716386613973
-0.1391026446882555
-0.1380727580250533
-0.1390436873135027
-0.1270321426723275
-0.1287824939201463
-0.125202218436884
-0.1233896857320969
-0.1251266858458421
-1.087047483722364
-1.054655175535046
-0.9884890076525765
1.093589710720173e-05
-3.126227438757757e-05
2.097753687368354e-05
-0.0003203821215274254
-0.0004714530596316008
-0.0001990135292391337
-0.000199013528644902
-0.0004714530582758632
2.09775370618874e-05
-3.126227378635208e-05
-0.9566701871732964
-0.9895280982651335
-1.085888775159616
-1.052806846517426
-1.087044859136688
-1.05465541631601
-0.9877649030966537
-0.1029320749876521
-0.09953903597253694
-0.1061763669921791
-1.119710684313417
-1.120475018144728
-0.9551302398074829
-0.9873940990616297
-0.2144040004009478
-0.2189106937759525
-1.219906746336749
-1.186855059081888
-1.186211107714596
-1.557023006733614
-1.489393754648066
-1.557194531308576
-0.137668650427764
-0.1383816254319852
-0.1383382951986066
-0.1372001002602247
-0.1372273405463795
-0.1375890816997833
-0.1380727992518118
-0.1375669668516425
-0.1375452910863942
-0.1380236082090009
-0.1375240520886221
-0.1375890471357467
-0.1375669341512265
-0.1375452628928839
-0.1375240289522345
-0.1380235714523779
-0.139102799708587
-0.1390437945250552
-0.1389895673370983
-0.138939171488194
-0.1388882901453714
-0.1389309545011002
-0.137568036648475
-0.137127891459052
-0.1371069967870499
-0.1389895040384797
-0.1388141527613682
-0.1388493386687375
-0.1375278319571859
-0.1370876922134137
-0.1370699805121014
-0.1376149647887595
-0.1382982940268733
-0.1382615830155338
-0.1371503793175153
-0.1371744471019764
-0.1215916925769969
-0.1216686035111474
-0.4617226008258128
-0.4589037360374557
-0.1333804321927289
-0.1333360466066493
-1.624616958426888
-1.556855751969109
-0.09619238269004866
-0.1198064863339084
-1.152621794306043
-0.1267921517818682
-0.119651130411316
-0.0001065848807546988
-0.0003514342498316807
-0.0003514342515481768
-0.0001065848795492858
-0.4310402766397362
-0.1366469460558893
-1.022573463078669
-0.5408679570166072
-1.556740236072046
-1.019965161763638
-0.1324797484161722
-0.1402955080773467
-0.1366129448706672
-1.154014781524591
-1.022573252983628
0
-0.0006526783691677916
-0.0006526783664047942
0
-0.1389309704067875
-0.1366869856831747
-0.1390287379489483
-0.1367329831930997
-0.4389216978959656
-0.1323898136532055
-0.1199612852796574
-0.001066645089036244
-0.001066645092552217
-0.7081305373015168
-0.6796583069087956
-0.6777386370295034
-0.006652943933881736
-0.00784380769552593
-0.005855906299164453
-0.1542269543723952
-0.1592778197227299
-0.1526513907785281
-0.006652943884340086
-0.005855906256061603
-0.007843807651670866
-1.286535720211266
-1.320388980853833
-1.320067728864406
-0.154226927478698
-0.1559818232043262
-0.1491173015186508
-0.1323554118097383
-0.1305221359469407
-0.1323897189343249
-0.7372412013198332
-0.738962945450241
-0.8279485164067283
-0.8596376329935256
-0.8591615860314625
-0.7966589683971286
-0.7971955917467601
-1.35428817670679
-1.320823664795999
-1.32038882171755
-1.286536332517159
-1.2531403872401
-1.25275379206525
-0.1491173615100543
-0.1559818525637627
-1.219068566654083
-1.252551269628939
-0.1867476395673478
-0.1889352269244332
-0.1745217589033475
-0.1867476205169013
-0.1745217428004841
-0.1889352043078621
-0.005162173699118945
-0.004166770422924079
-0.005162173664618085
-0.004166770389632605
-1.354288314503955
-1.320823761095036
-1.353714123072656
-1.319897840870981
-1.252753587610365
-1.253140390827925
-1.387594203994544
-1.387454149151196
-1.219903425006613
-1.253674926042697
-0.1399770586784416
-0.1400017044355754
-0.1374297612719726
-0.136542274101414
-0.1365360480181135
-0.1127422070759065
-0.1161953302498239
-0.1127765446519208
-0.1392394195927573
-0.1393197605007238
-0.1381253730513506
-0.1394128943159092
-0.1395254188460993
-0.1381824285943526
-0.1394129830402992
-0.1393198625750033
-0.138182382224371
-0.139239434254978
-0.1391676364818208
-0.1381253846260833
-0.1387540562614982
-0.1387824596520983
-0.1374943199347972
-0.1370538660099289
-0.1370393539587116
-0.1375278344196619
-0.138168188377097
-0.138142418500709
-0.1375680418191344
-0.138227753573452
-0.1381966355891042
-0.1371070015541498
-0.1371278960795211
-0.1370699831088532
-0.137087696143387
-0.1378926467251109
-0.1378674423285014
-0.1379452376230112
-0.1379185755002463
-0.1379185543637738
-0.1379451894387594
-0.1378674683206337
-0.1378926510507773
-0.1093245171464558
-0.1127186623279787
-0.1388920866857279
-0.1389390988136977
-0.1379772649166956
-0.0001145282293509008
-0.0001352006984958723
-4.834905869823917e-05
-0.0001145282296319683
-4.83490586305e-05
-0.0001352006982937611
-0.1387070401131147
-0.1387288739093856
-0.1374674996983345
-0.1370264436741108
-0.13701513726424
-0.1526513602613343
-0.1592778074000024
-1.286168818549665
-0.1513510967774904
-0.1059428513790948
-0.6478403298726421
-0.009127893444168967
-0.164405376435126
-0.1513511248020605
-0.009127893420219009
-1.421515676293355
-0.1287085225113167
-0.7701849187462116
-0.138849361146148
-0.1127048882137152
-0.1366469498744033
-0.1128230200116952
-0.8907910907763245
-0.7658151234582461
-1.287487017954883
-1.421267287452408
-0.1387824816123335
-0.1366129466008019
-1.287489294530583
-0.0001544264680122199
-0.0001544264671653035
-0.1376577797938746
-0.1376577721327662
-0.1356430680293153
-0.1365632930753516
-0.1365850483501834
-0.1376115742932344
-0.137611604747729
-0.1644053733838697
0
0
-0.01508041093281813
-0.01515942982331404
-0.01361882024948567
-0.130341990306843
-0.1285326484003696
-0.1285650959672511
-0.0003593809997950613
-0.0002508195010722568
-0.000536741668059014
-0.160735647170507
-0.1715651309689674
-0.1600105059755401
-0.1267354867924841
-0.124966712007515
-0.1249490292602456
-0.04707217716942745
-0.04956469956352535
-0.0470274614541722
-0.1322887963368405
-0.1323221482032978
-0.1341279501622669
-6.917198077917548e-05
-3.616203046425822e-05
-0.0001333459222989961
-0.0003593810043494262
-0.0002158989767947893
-0.0004928842822759558
-0.159596881444446
-0.1702172670603736
-0.1600105129600286
-0.0002171141576619781
-0.0001785255960310834
-0.0001333459247870565
-0.1533574841849916
-0.1494903541451273
-0.148285104816349
-0.1303420048048857
-0.1321194868453807
-0.1321658331277379
-0.1533574863518447
-0.1591282417979378
-0.1574522290023145
-0.0002333114370895835
-0.0001293314384936621
-0.0002862991274142678
-0.0003566915208768709
-0.0001900224271352416
-0.148285106761574
-0.149490366733325
-0.1595968785812888
-0.1594619845717424
-0.1504850371565937
-0.1513171565480526
-0.1618303481571379
-0.1607356563654595
-0.1618303577570691
-0.1513171625319017
-0.08639192403028578
-0.08328109073303087
-0.08641251492992173
-0.1029320711146875
-0.1061763636519156
-0.09953903266156229
-0.1321658390173166
-0.1321194841673096
-0.1504850392885451
-0.0002333114401835168
-0.0002862991300492755
-0.0001293314407639066
-6.917198263775107e-05
-3.616203161425476e-05
-1.691968232646055
-1.692035400398205
-1.624401592704382
-1.691943274076041
-1.759400418156324
-0.1305956052133554
-0.1315327650845702
-0.1314884492671434
-0.0004928842784271644
-0.000215898974210521
-0.000747101411588993
-0.0006051117697147939
-0.0005367416739386249
-0.08055689675424052
-0.0804635419748444
-0.0836183018558566
-0.04261791512360943
-0.04249797030489683
-0.04029469797212056
-0.01268880917417702
-0.0113711479051903
-0.01253839109149408
-0.01268880923888187
-0.01253839114569551
-0.01137114791797086
-0.1380284096458839
-0.1383011288637586
-0.1380411547102708
-0.01012384147611156
-0.009969550573514268
-0.06292982643156833
-0.06285727191224774
-0.06572322155314443
-0.01012384149487592
-0.009969550600210412
-0.01508041118599598
-0.01361882038581157
-0.01515943009399794
-0.0002171141552406743
-0.000318185470263035
-0.0002522825546404752
-0.0001785255940460164
-0.0520408195310831
-0.05206679324964679
-0.04949438465999324
-0.1232053406989695
-0.1249926309760325
-0.128509896792117
-0.1285326308754621
-0.1836710541225043
-0.1827484124950356
-0.1231723495201709
-0.1214130127500642
-0.1214050459907462
-0.1836710603609822
-0.1715651413549199
-0.1827484149200526
-0.05768922040941969
-0.05758064666824941
-0.06038159071254721
-0.0684399127986023
-0.06840105644668469
-0.07132969144701426
-0.05210995567985301
-0.05206677701916055
-0.1374297536737966
-0.1386496149057296
-0.1386380908090116
-0.1365360477749972
-0.1365422727634499
-0.1702172640303557
-0.1285651271282366
-0.06856409751912219
-0.0684942404500038
-0.438925876046978
-0.4617239876965311
-0.4131881674015136
-0.1374943190111022
-0.1381191305139072
-0.138098285124271
-0.137039353438477
-0.1370538671048591
-0.0001900224304388979
-0.0003566915242885193
-0.0002508195057285634
-0.0007471014043112728
-0.0006051117628225383
-0.1388057631384666
-0.1388478074048668
-0.1379334445554669
-0.1377085468881355
-0.1376880273651918
-0.138533561057492
-0.1385626449337354
-0.1377792563981416
-0.1385928731600164
-0.1386243675900238
-0.1378148839506765
-0.138657318627199
-0.1386917547869508
-0.1378524040414698
-0.138727834788984
-0.1387657574056786
-0.1378918863869504
-0.1375574527891688
-0.1375405736605856
-0.1375925160589414
-0.1375747653455382
-0.1376293472043917
-0.1376107084814055
-0.1376679965257654
-0.1376484403208847
-0.1394200771433626
-0.139779973306271
-0.138347050359762
-0.1386725584447145
-0.1386883247154567
-0.137447368718518
-0.1370054395663257
-0.1369973555135816
-0.1322557567335906
-0.1304636923849688
-0.1574522341263389
-0.1591282428505908
-0.1380517943488215
-0.1379334582410294
-0.1383797133823522
-0.1383487014487802
-0.1379772873467162
-0.1384457994594262
-0.1384120363409009
-0.1384283631627175
-0.1384531022526835
-0.137713429341866
-0.1384788176608436
-0.1385055995993628
-0.1377454584312461
-0.1375241207274334
-0.1375080896129934
-0.1380516812662794
-0.138347093460477
-0.1380410426859484
-0.1380282325170211
-0.1383009452356422
-0.1380144819015637
-0.1377867982196183
-0.1375114149394946
-0.1394306245106851
-0.1392426212870478
-0.1391306891043924
-0.1390529458474293
-0.137467495037515
-0.1380799115024042
-0.1380640112824298
-0.137015133962968
-0.1370264416862755
-0.1377295914448295
-0.1377511383726874
-0.1376880382889018
-0.1377085628370565
-0.0002522825570952176
-0.0003181854717920122
-0.01526094016052781
-0.01222580589697612
-0.05210999506446123
-0.07426519168393278
-0.04700067006967997
0
-0.1822025066437809
-0.1196630241231402
-0.1822025072289897
-0.130288630419779
-0.05748880781071374
-0.04700070359719584
-0.08038460952019816
-0.0683777609397761
-0.04239643377860752
-0.05204083329516471
-0.06312317074374783
-0.1322238348630161
-0.000497077519176109
-0.0001542908635037663
-0.01241105365569809
-0.01241105371098363
-0.1365477260873222
-0.009838976720170881
-0.08021249445577007
-0.08644676994194372
-0.1373696587582197
0
-0.0004316314107798346
-0.0001542908666431773
-0.1374828766073628
-0.1388478600763562
-0.1324794461356028
-0.03802771389531476
-0.08672183415202177
-0.01526094042498306
-0.1372711851527459
-0.1373352193412599
-0.1374057292903668
-0.1377494830509587
-0.1391313728885056
-0.009838976692735155
-0.01222580595699052
-0.06280087323113807
-0.1196471431743209
-0.1372450856798146
-0.000431631409907967
-0.1399687089601396
-0.1386883292334748
-0.1365632904863666
-0.1374828923363404
-0.0004970775228935602
-0.138728893792488
-0.1365850475023065
-0.1286528893604365
-0.1374434554487242
-0.1373024029706471
-0.1377875929124144
-0.138990490769004
-0.1387657929703019
-0.1380005030973635
-0.1408103487030846
-0.1374434639071825
-0.06603182103602143
-0.03596282724476556
-0.08996779198154589
-0.0183815924432661
-0.01828267147269519
-0.02004119276020368
-0.1342132267149117
-0.1351275240385856
-0.135176383781208
-0.006257075359310266
-0.007258511787495038
-0.005254576514337569
-0.006257075386433259
-0.005254576527494652
-0.007258511801175487
-0.06292979731649824
-0.0601847089782568
-0.06301842658842219
-0.01351592873931424
-0.01499018393166309
-0.01213311450320844
-0.2419169895468232
-0.2253655419053688
-0.2424598570285428
-0.0006325524072507264
-0.0006542044776322255
-0.0005032341681843002
-0.0006325524064551675
-0.0005032341677512729
-0.0006542044771653031
-0.1362330723445532
-0.1367141887466509
-0.136740656061894
-0.1342132496971745
-0.1351763381409972
-0.1351275274935521
-0.128742457995085
-0.1296292634775367
-0.1296658060875463
-0.005355611967129775
-0.007356486306467244
-0.007356486344080793
-0.005355612002391107
-0.05748883470525031
-0.05758067417738952
-0.01553165753437446
-0.01570079449276517
-0.01705505406039071
-0.01553165727130748
-0.01705505362076397
-0.01570079419364558
-0.01652062746452717
-0.01502401280741805
-0.02176586481840054
-0.02166965723244225
-0.02004119386295941
-0.05741369713805471
-0.05484304457413444
-0.1232053712057518
-0.1249926413402189
-0.1249667276960309
-0.005443715789519629
-0.004466577686122626
-0.01213311453183494
-0.01499018404357392
-0.2098577298934397
-0.225365501812718
-0.2104216640936726
-0.08055687910457177
-0.08361829091078547
-0.08046354656493733
-0.01811785119517653
-0.01810692917458447
-0.01811785148050388
-0.01652062764945757
-0.2098577482609656
-0.2104216994289616
-0.06572323319286409
-0.06285727709628849
-0.2419169078146527
-0.2424596859850769
-0.0150240130078082
-0.08672183350404813
-0.08663236856630722
-0.1305954815370721
-0.1314884399841892
-0.1315328020210069
-0.1297098400656676
-0.1127185992127345
-0.1144518559357599
-0.1144341056806097
-0.1214290543741668
-0.1214534082771209
-0.8942199998255228
-0.9252364220028084
-0.8619332551745078
-0.1161611483570374
-0.1144254209966255
-0.004466577655535394
-0.005443715747164199
-0.1388952087604356
-0.1382291202644894
-0.1389391671503833
-0.1383382869119116
-0.1383595489949101
-0.1376545884817281
-0.1383816218553167
-0.138404535863057
-0.137683143920774
-0.1374341918388333
-0.1374206567157062
-0.1374625049012836
-0.1374481409342757
-0.1388952454796574
-0.1389391108135232
-0.1382292405866686
-0.1389903970568981
-0.1390530128772454
-0.1382633862032882
-0.137779247248561
-0.1381632232031
-0.1381403506691889
-0.1378148702630799
-0.1382113484347437
-0.1381868825878222
-0.1378523906343174
-0.1382631038868678
-0.1382367457563621
-0.1378918849503808
-0.1383189597505986
-0.138290486122359
-0.1376484380952875
-0.1376680011850382
-0.1376106977004903
-0.1376293393935143
-0.137574754587256
-0.1375925045978729
-0.137540566444022
-0.1375574436715538
-0.1380006262246062
-0.137986602711309
-0.1379726564156175
-0.1379588502702672
-0.1379725599213564
-0.1379587872796067
-0.1374473611560854
-0.1380504190487277
-0.1380390849241301
-0.1369973517399767
-0.1370054354503717
-0.1377134260832645
-0.1380764346741777
-0.1380565585559925
-0.1377454532442895
-0.1381182748938218
-0.1380969975932569
-0.1375080853703236
-0.1375241152332095
-0.1374772815421045
-0.1374924746605247
-0.1382615740459503
-0.1382795559743026
-0.1376025977905338
-0.1382982962902204
-0.1383178512649244
-0.1376277463956415
-0.1373825156237555
-0.1373706214903503
-0.1374075329519375
-0.1373948193524105
-0.01838159316692194
-0.01828267220095646
-0.02176586320832459
-0.02166965569471287
-0.1382277659855034
-0.1382443090713755
-0.1375791366135093
-0.1357608785803542
-0.1357345627623971
-0.2113690828965744
-0.08038462721077241
-0.01820577351978973
-0.0006777474736825655
-0.063123160364475
-0.05768922084645534
-0.2433581974937166
-0.08655666369880392
-0.1386595896871727
-0.2433584186657232
-0.2113691238259663
-0.0006777474739641722
-0.1384045383093858
-0.1386243755738945
-0.1373696488001652
-0.1371389345245237
-0.1305220699395138
-0.1127003582697881
-0.1196630211176305
-0.0186452426740599
-0.01864524196570734
-0.1372135198756598
-0.1385626494414428
-0.1386917720094293
-0.1374057255015004
-0.1373352100624437
-0.05735525428995605
-0.005556547448572396
-0.005556547402368116
-0.1352960083483351
-0.02046403796095455
-0.06280089935382921
-0.1384531075228712
-0.1372711813568752
-0.1371622101580747
-0.01820577418922597
-0.1197127413614997
-0.1161953208083063
-0.1288300127144297
-0.1395257618598637
-0.1371870724536972
-0.1372415590957644
-0.1385056055238165
-0.1373023969218098
-0.1365477248439251
-0.1372415575320596
-0.1352425883647178
-0.02046403676694277
-0.06843990428274103
-0.06840105261578469
-0.06559665933424462
-1.489029130682445
-1.522852648551379
-1.522943315496498
-0.002467194199048241
-0.002347956338216247
-0.001885406612230688
-0.003859907660676061
-0.00374378642832249
-0.004670483890112464
-0.0001005058418514264
-3.700408241792096e-05
-8.055810072322465e-05
-0.03779921746602175
-0.03558587406486331
-0.03790389587053389
-0.08655667966612383
-0.0864948763133316
-0.08970501516446683
-0.09305169462742933
-0.09296614109014695
-0.09627613424489552
-0.3641813213355251
-0.3423684236547542
-0.3657160473357636
9.739816947539049e-06
-1.23496553559622e-05
4.250691780990731e-06
-0.0003861812784013436
-0.000533676519721322
-0.0004372477158289553
-0.0008269679974881551
-0.001016923940426405
-0.0007599710159252203
-0.002188241758773662
-0.002538886151233107
-0.002485723679686404
-0.0003861812734924746
-0.000437247711403772
-0.0005336765137696643
-0.003859907626515722
-0.003125411910211427
-0.004000975416680156
-0.07420546744969538
-0.07422788486767415
-0.07718698269516402
-0.06273646179439177
-0.06276066173426219
-0.06553336946854765
-0.05728845082968273
-0.0573134847807177
-0.05463916815665491
-0.07456396151682242
-0.0744668800160268
-0.07753847464254186
-0.0001005058387674675
-8.055809769580729e-05
-3.700408028438891e-05
-0.0008269680031309337
-0.0009019768744633245
-0.0006539467670936388
-0.1473617328345777
-0.1500064074010015
-0.1464888165280932
-0.0003062507734414857
-0.0003428016222472591
-0.0004446243019322574
-0.02202248731707575
-0.02380780360669577
-0.02188354550875491
-0.6757659601566656
-0.705415866171005
-0.6760189195348204
-0.7966592734057413
-0.827757618633341
-0.7968640835358487
-0.1059154163830094
-0.1076144752039333
-0.1075934886929292
-0.1058938884045066
-0.1042165720593338
-0.1042165636219331
-0.360783182712506
-0.3835113998724013
-0.3612160867425351
-1.759509740184019
-1.725866169610621
-1.793172888621569
-0.3176877023422042
-0.2973899353853815
-0.318148406747749
-0.08026983446283771
-0.08023393431729625
-0.07724553925093801
-0.3479829615402346
-0.3675127288103288
-0.3249911824225029
-0.3675179894017587
-0.3695716523046691
-0.3458445330443775
-1.489028982104271
-1.522943268745549
-1.52285226607265
-0.1473616370899919
-0.1483218036110085
-0.1445937828981442
-0.0002431432813429643
-0.0002867444180687639
-0.0003242006490893967
-0.0004019128167488206
-0.0004506856439748229
-0.0003242006496509553
-0.0002431432821365666
-0.0001593081617121112
-0.0002077103023752925
-0.0002077103009222876
-0.0001593081610164701
-1.455245089904893
-1.455130292282748
-0.001566470311384533
-0.001863926325812018
-0.001837409882757047
-0.001054078448985815
-0.001296308027527793
-0.0008396709994660137
-0.002188241770355789
-0.002485723689759632
-0.002538886167204524
9.739817817288302e-06
4.250692873656211e-06
-1.234965347687707e-05
-4.199537741591506e-05
-5.174180202878317e-05
2.805535414709676e-06
-0.03343052907869509
-0.03334224360406425
-0.04006967148593864
-0.03771356895956558
-0.09938851251442528
-0.09945721185332054
-0.09612184625314112
-0.07438474061044135
-0.07145156399259565
-0.07467597540847652
-0.07163440111521729
-0.09933282657819091
-0.1026927958417077
-0.03133410029118874
-0.03353840672160906
-0.08663231317750111
-0.08344959656886436
-1.455130090161926
-1.455244927483928
-0.144593954980713
-0.1483219057560823
-0.07420542788991066
-0.07419799218533683
-0.07718699849799049
-0.0687504385281876
-0.06864957240040398
-0.0004019128162213079
-0.0004506856439325388
-0.000286744418186252
-0.06837773836044105
-0.07126877538280724
-0.0684942948214972
-0.07132965276075717
-0.3213724815223561
-0.3200030021279492
-0.3899764340164407
-0.3867724188630323
-0.3629167021603922
-0.07426524087656
-0.06836994505516317
-0.06272837503092843
-0.05998779829256042
-0.05735520622546793
-0.06005344953054556
-0.05728011253214681
-0.05998784826748789
-0.06273639266940864
-0.06553335747387774
-0.0572884795019226
-0.0573135467103951
-0.05463915670100435
-0.06276053558084566
-0.6220651523756511
-0.6233653457560231
-0.5939804444458416
-0.07431754907851924
-0.08032008022376001
-0.08333717264244757
-0.04707215722608826
-0.04702752823413118
-0.04956468398322462
-0.3189241524575522
-0.3400176369730382
-2.563422808279647e-06
-1.08844375616571e-05
-6.444394340690779e-05
-0.0001444773572587993
-0.0001909659518337195
-0.0001247760783010901
-0.7354663015858192
-0.7356896777549539
-0.4131887322957937
-0.3899764494838539
-0.4115289974645247
0
-0.0002592697832662684
-0.0003428016273411359
-0.0002592697792533894
-6.444394075048162e-05
-0.0001444773536133516
-2.563421779492864e-06
-1.088443652888414e-05
-0.0001247760751591199
-0.0001909659477460055
-0.1092839182035134
-0.1075831451677461
-0.1025515082798083
-0.1042276362777303
-0.1025515164165128
-0.1042276439672226
-0.1075831325001419
-1.692190841733963
-1.658434698468025
-0.4069850939992617
-0.4073777034437603
-0.4080320999518675
-0.4089429807998272
-0.3846074492083208
0
-5.174179978037615e-05
-4.199537576144671e-05
2.805536474617749e-06
-0.03366609692261201
-0.03157317080189825
-0.365722569124277
-0.8605732433439772
-0.8600504436815256
-0.8921747119320848
-0.0003062507786029768
-0.0004446243081018503
-0.0220224855157426
-0.02188354380936126
-0.02380780069817696
-0.1060338100627641
-0.1059820559823742
-0.04713465628523144
-0.04463324100779865
-0.09289372962824463
-0.09283470130233284
-0.1092839219459083
-0.1075934945248249
-0.1614363516340601
-0.1628424444476295
-0.1563200367895737
-0.002915340995725529
-0.002618506929951863
-0.00280955415159584
-0.002459114715854782
-0.00191708250781285
-0.002915341016350567
-0.003238492180547527
-0.003317088170316338
-0.002809554159366179
-0.003159536032729948
-0.003185884416774519
-0.1614363536182545
-0.1563200494661252
-0.1628424468989192
-0.1377295714839751
-0.137966087822097
-0.1377402750424899
-0.002459114719295088
-0.002618506950469027
-0.001917082520232717
-0.001863926333646472
-0.00318588440408268
-0.003159536028341934
-0.003317088144587357
-0.003238492160581814
-0.002467194220465724
-0.001885406628114047
-0.002347956357703924
-0.001566470316118334
-0.001837409885473511
-0.004670483849597358
-0.003743786397292835
-0.001224253618324259
-0.001300972281185606
-0.001016923947378966
-0.001224253609355014
-0.001300972272645719
-0.0007599710223138459
-0.004000975451410789
-0.003125411937841373
-0.07868886842674105
-0.07870338899894262
-0.1386026309205561
-0.1380855649878233
-0.1385804684943631
-0.1385592465496568
-0.1380601742136504
-0.1385388519041577
-0.1376545910785955
-0.1380008626831718
-0.1379835597554914
-0.1376831439219036
-0.1380373461162039
-0.1380187961327847
-0.1374481411008265
-0.1374625042319789
-0.137420658254673
-0.1374341931788836
-0.1378429692985801
-0.1380856088984472
-0.137830962939454
-0.1378191153553123
-0.138060216323434
-0.1378074188094754
-0.137795873992109
-0.138035626659939
-0.1377844764427367
-0.1377732245298134
-0.1380117829400806
-0.1377621116177385
-0.1378429321956107
-0.1378309254861193
-0.1378190782906968
-0.1378073825359947
-0.1377958393384769
-0.1377844444139987
-0.1380355858509153
-0.1377731949434458
-0.1377620855304
-0.1380117482453619
-0.138602282135163
-0.1385803669538043
-0.1385592340846392
-0.1385388292895354
-0.1385191141724363
-0.1385000033479964
-0.1384814234875703
-0.1384633517082783
-0.1381966495934607
-0.1382118972575733
-0.1375573571905417
-0.1373373905881657
-0.1373271316122244
-0.1384813936894391
-0.138499963340933
-0.1385190924621791
-0.1381424131302495
-0.1381549799801121
-0.1375188247000092
-0.1381681895395512
-0.1381820710131803
-0.1375372551896263
-0.1372988016165851
-0.1372901751880009
-0.1373172799077677
-0.1373078374057358
-0.137602603483193
-0.1379354099212504
-0.1379205650103478
-0.1376277510424281
-0.1379668917533305
-0.1379508404496653
-0.1373948235028475
-0.1374075355109696
-0.1373706255177835
-0.1373825203245863
-0.0006539467626044312
-0.0009019768698111157
-0.0008396709979562006
-0.001296308025416582
-0.138649663041103
-0.138659702316153
-0.1374339442771634
-0.136990886101128
-0.1369860359794355
-0.1381191290355998
-0.1381304591344421
-0.1375020685704785
-0.1375791425625837
-0.1379062762351464
-0.1378925239748653
-0.1373480640059023
-0.137359140230249
-0.1384119993294972
-0.1384286798837274
-0.1384457706923509
-0.1384633230970303
-0.1379885998390051
-6.777764300180996e-05
-8.240741433591643e-05
-2.594757343715296e-05
-6.777764299225507e-05
-2.594757341300716e-05
-8.240741442369101e-05
-0.1464887222268681
-0.1500063491656769
-0.1377511134722011
-1.556697463059028
1.729441740151668e-05
-0.7360623300411764
-0.4101126951989699
-0.0007007836849741554
-0.1457409795731073
-0.000700783678146006
-0.003587712486250368
-0.1525669288505742
-0.1457410682992796
-0.6764301313689411
-0.8591617519262689
-0.7971964660973955
-0.1093245111035095
-0.3619245858342368
-0.3641827843838595
-1.826783054619078
-0.1370617233161504
-0.002134976404215854
-0.1382443139026802
-0.1371389396637769
1.729441676604014e-05
-0.003587712467981126
-0.4101136836658439
-0.566398197847126
-0.13653838078639
-0.138359554805688
-0.1372135213889159
-0.1371172448505743
-0.08020531909243941
-0.1059154155996501
-0.1370786369133571
-0.1382118709452108
-0.1382795626790929
-0.1371622150134783
-0.1371172499959291
-0.8596377993479514
-0.9240422231334887
-0.001672237043862266
-0.001672237031441519
-0.003535411195470875
-9.538159944886555e-05
-9.538159959165135e-05
-0.001384513561240698
-0.001384513569228924
-0.08023400066052642
-0.1391675826359724
-0.1383178577988246
-0.1371870759107081
-0.1370971458367256
-0.1525668903065332
0
0
-0.004092213255139488
-0.00450817074356052
-0.004050294402781113
-0.001453476273057881
-0.001410687320009984
-0.001715330229366502
-0.03535384620040535
-0.03427927578518394
-0.03425980164197712
-0.01437803694278532
-0.01434111742882722
-0.01511710506942303
-0.06699088593960334
-0.06701245953361078
-0.06841851187250932
-0.05470716334775621
-0.05342998481767706
-0.05337857541144826
-0.128547761905158
-0.1294532962929742
-0.1294356468826485
-0.09273059806502544
-0.09113068806020526
-0.09113069568265955
-0.3388307284384724
-0.3283452745930743
-0.3280432085979615
-0.2035033501060219
-0.203077050524902
-0.2108475971539802
-0.6191284857701059
-0.6338022544754245
-0.6330951462225779
-0.507996275559062
-0.4951196776407699
-0.494667628944002
-1.28619245894756
-1.269393505949169
-1.269344981578415
-1.05340828129856
-1.037181099964694
-1.03685478529691
-1.759400428901702
-1.793043526731485
-1.725687754323614
-1.522886083687597
-1.505984724089621
-1.505936914080395
-0.00846665313163668
-0.00901585439840554
-0.009087687786776703
-0.002103579137036473
-0.002166685457866805
-0.002404284751942615
-0.008659302849387131
-0.009302935994007215
-0.009183405843596774
-0.000381959011405986
-0.0004438559906513713
-0.0003020787400448616
-0.004194956508815803
-0.004255707120243838
-0.003798739946020122
-5.653679448338151e-05
-9.015268123605135e-05
-6.532692323973837e-05
-0.165541187473107
-0.1603313297760456
-0.165984840431003
-0.244611289002182
-0.235570435028175
-0.2525582649856352
-0.1698249641032269
-0.170968883785713
-0.1643486147835373
-0.02531322399243439
-0.02433937697413419
-0.02622466762115603
-0.0185024267963411
-0.01926047450282491
-0.01763449773133912
-0.1059820674937566
-0.1042842266373197
-0.1043307456783403
-0.2000483731002362
-0.2081027674957012
-0.2061822351443323
-0.01580584650804201
-0.01578062018463162
-0.01504940435411146
-0.1060985094970445
-0.1043900224118575
-0.1077479352500995
-0.124956812330821
-0.1258409826221918
-0.1258502933102826
-0.03673572998189731
-0.03784913821688266
-0.03668537164777897
-0.03771353437407507
-0.03888249952102863
-0.03663978623384003
-0.02707525507346313
-0.02807013647803075
-0.02804976730985596
-0.07422780457809769
-0.075729496826601
-0.07277102534940642
-0.05234332286317417
-0.05101603185499324
-0.05112061025946622
-0.07890629089821236
-0.07894799278055586
-0.08042229485366714
-0.04828740314033345
-0.04704758268004448
-0.04831177446822614
-0.07004246314599136
-0.07008665259466834
-0.06860490887552381
-0.04231338344152329
-0.04110749962909142
-0.04346389537430578
-0.1179070604670842
-0.1179142043368905
-0.119656043227219
-0.1332254609395846
-0.1332066668732888
-0.132305451831174
-0.1320708812972683
-0.1302834154772593
-0.1320770956948157
-0.08809344749920192
-0.08812570599637555
-0.08652408158861322
-0.08649480703940082
-0.08496488594919199
-0.08809344005085779
-0.09923545716131633
-0.1008873435134807
-0.1008873388850666
-8.121119615984564e-05
-9.871024403180127e-05
-5.301453282223209e-05
-0.001322213980580011
-0.001582964876313466
-0.0013059493852091
1.184274595057256e-05
-2.014473774837495e-07
1.403002123403443e-05
-0.1451469349885245
-0.1429267123390405
-0.143351630188206
-0.1954465989030631
-0.1885341467987338
-0.1889053931053117
-0.1416454098550005
-0.1415967836881845
-0.140138615154137
-0.1469620267725145
-0.1510179683375697
-0.1471945993542445
-0.2046999871354024
-0.1993951291378495
-0.1966603417285767
-0.1544627810317673
-0.1551682060795139
-0.1519677898734503
-0.1250701192230172
-0.1268552759041693
-0.1250964507659184
-0.0946150615417759
-0.0946590229468397
-0.09300728272675665
-0.1076144895835939
-0.1093103842766226
-0.1076291644903746
-0.1322557458923117
-0.1313594312021273
-0.1313301088846876
-0.1214290422366355
-0.1196721199140569
-0.121419976935087
-0.1348035966364534
-0.1347924390795693
-0.1357012336010893
-0.0003421273216184188
-0.000422915418675791
-0.0002833717846016146
-0.01915135237518914
-0.01920319211086311
-0.0183293815137919
-0.02940859716906166
-0.03048132756212267
-0.03036091451957913
-0.1198390455141966
-0.1207318755742744
-0.1206975881180054
-0.09296604509988517
-0.09461507104495709
-0.09453698991799787
-0.1649173589094083
-0.1597674944218915
-0.1647277989428269
-0.1889053908078984
-0.1892308833297293
-0.1824294821192254
-0.001609710921522055
-0.00145242543577357
-0.001539051623295426
-0.2837545399508865
-0.2942364529703629
-0.2923225041635902
-0.001075499238596302
-0.0009393787907517479
-0.001123265865454298
-0.001104739416793021
-0.0008639368020119071
-0.001322213986700918
-0.0335384959967375
-0.03254546809440927
-0.03242681569368699
-0.02531322642863818
-0.02442316685572222
-0.02630728312879126
-0.1179489204375077
-0.1179349610012634
-0.1162098517677643
-0.1722461955006608
-0.166737299881247
-0.173647853644052
-0.3539259578700897
-0.3649138108137161
-0.3531767522014119
-0.362912478357666
-0.3747276716620507
-0.352495567603986
-0.277801875700667
-0.2684730005219382
-0.2684730594206323
-0.7664538026132465
-0.7514449581877465
-0.7510126387303704
-0.5631585610517629
-0.5491059349694082
-0.5499229994607159
-0.7982476444760902
-0.7675671996004423
-0.7989561741063921
-0.4569928831423484
-0.4824608717375478
-0.4563941453022278
-0.6786251511718315
-0.6928760420080424
-0.6938112302056456
-0.42271438346292
-0.4234368264694273
-0.4107910861090926
-0.9232163841448908
-0.955379061720277
-0.9229554183075238
-1.119169673220205
-1.15240108844182
-1.119410252058666
-0.9245981027516615
-0.9083533059846545
-0.9403254506886045
-0.3230359067687666
-0.3138439990136189
-0.3120009696020487
-0.2446114952367971
-0.2370227264019444
-0.2539604936569706
-1.053408935023584
-1.036855359643518
-1.037181646634552
-0.0001540611867731017
-0.0001728723747108722
-0.0001983953721069697
-1.152642866441007e-06
7.283283800158317e-06
2.671312331760117e-06
-0.0004833441781331146
-0.0004107431681354317
-0.0004575732723962608
-0.1286057076734597
-0.1268112042517606
-0.1286285606131357
-0.1361278797235777
-0.1356378385072614
-0.1356641531398705
-0.1340450967664271
-0.1349801817084589
-0.1349362951999142
-0.1451469198704086
-0.1433516100279963
-0.1429267035326838
-0.1696873821512504
-0.1678359106376343
-0.1662370467626259
-0.1474217568155479
-0.1478188782560282
-0.1461022088816771
-0.1351523313015197
-0.134693029688103
-0.1346706728443181
-0.1286284660185531
-0.1295186228815207
-0.1295435730566654
-0.1363969819933437
-0.1363825693667007
-0.1368578192781842
-0.0007044181007756036
-0.0006281531632605498
-0.0007540726853157002
-0.002203101960217627
-0.002037210153087315
-0.00257724911100416
-0.0008848363125977799
-0.0007925260247877413
-0.0009197226669376639
-0.002203101975432485
-0.002577249128244517
-0.002037210165351808
-0.0005527658150162868
-0.0006281531632801523
-0.0006025321554079578
-0.001449528146522166
-0.001372062037095503
-0.001298830042263968
-0.002611972483326733
-0.002236372830954396
-0.002855589872635805
-0.1249490102072358
-0.1267267681791544
-0.1249433982162436
-0.002508974559490876
-0.002333688686664496
-0.002360298388263596
-0.0001013936838672753
-0.0001454766873953711
-0.0001492940914259414
-0.1488246651472538
-0.1507290643009028
-0.1513993938069457
-0.1321410189041499
-0.131251942945753
-0.1312308230536608
-0.1287423753823262
-0.127861358149131
-0.1296658462163353
-0.1582182918715472
-0.1553734275486627
-0.1561611903521491
-0.0004833441729446937
-0.000457573267011799
-0.0004107431634201645
-0.1966603173636218
-0.1954297805888068
-0.1901803637123162
-0.1180955428093893
-0.1198390014432378
-0.1181327533875402
-0.006219738711637259
-0.005743593254016755
-0.006745421470422275
-0.00681290286494365
-0.006241587158225003
-0.007236611305927434
-0.001559731271292306
-0.001822103433156004
-0.001623144125129171
-0.1347825782325154
-0.1347924392881655
-0.1356783420665987
-0.1339733525817055
-0.1330550635583138
-0.133084203524825
-0.006219738725743493
-0.006745421491295488
-0.005743593274349017
-0.00261197246153494
-0.002394601026594378
-0.003011845086621563
-0.1284982047093408
-0.1302834178121612
-0.1285026055152064
-0.1267749464971421
-0.1276607421899392
-0.127677966920172
-0.1250701409883406
-0.1268554027505638
-0.1250470761331731
-0.1465578702245478
-0.1439031346386394
-0.1446539887023126
-0.155932165514319
-0.1534072725672232
-0.1567473830589751
-0.1314523555294205
-0.1323722705272394
-0.1314696607588224
-0.006812902819790813
-0.007236611258008814
-0.006241587111432853
-0.003551015012781346
-0.003927325771065618
-0.003483142087683536
-0.003208936905739784
-0.003014331326375441
-0.003383645233444494
-1.320211254909309
-1.303286167676207
-1.303455005844619
-1.320210622319654
-1.337150595546328
-1.303454751670871
-1.185511773336987
-1.152141450125797
-1.185602118770596
-1.387856363493167
-1.421642802979272
-1.387712702654418
-1.759510005681525
-1.725866076141096
-1.725796168233822
-1.455454730092225
-1.455585174217454
-1.421643844396892
-1.25367477212485
-1.220217197419348
-1.25339167901791
-1.186852868465224
-1.220216230664572
-1.186513287281649
-1.658328862134177
-1.624552057516279
-1.658382945670828
-1.119169989220485
-1.152400729660569
-1.11899615758517
-0.061593842964866
-0.06297209309298332
-0.06155116348733975
-0.07569989218769449
-0.07569062443758812
-0.0742148416491773
-0.06413890146691288
-0.0641289002013864
-0.06274658467897642
-0.0548430365769146
-0.05611958898871544
-0.05620382923913689
-0.04825198136466191
-0.04826744912560604
-0.04701187522162281
-0.05596804862705655
-0.05595754232107424
-0.0572988460343593
-0.07736265937897138
-0.07883378434891104
-0.0789062719302126
-0.06695949666986858
-0.06554326601518887
-0.06694965144236616
-0.08177867088248678
-0.08025012847207086
-0.08176270019651907
-0.05470710417368717
-0.05605222677166088
-0.05600170122910433
-0.04731341522426732
-0.0486064397320169
-0.04850009636840599
-0.05504695010920568
-0.05642284114020452
-0.0563049187562823
-0.04477854741807124
-0.04353711818524048
-0.04362868684412245
-0.05334426084156389
-0.05464975177293874
-0.05333358292208158
-0.04220263375714835
-0.04101448915520841
-0.04105169528907407
-0.06559667093385652
-0.06421874600967233
-0.06417082376750012
-0.07599570150657992
-0.07604561450414876
-0.07451358356199497
-0.06301843573557712
-0.064458246454744
-0.06169141829754392
-3.376699303886943e-05
-9.367938754697292e-06
-1.629789433709938e-05
-5.157100064518479e-05
-6.18179800940641e-05
-0.0001122631906945234
-0.0002005094212094957
-0.0002584687177617622
-0.0001786794364104647
-0.1332627768846283
-0.1332442025377871
-0.1323388490519818
-0.1366868323527007
-0.1367010023341653
-0.1371819459734402
-0.1365555267222022
-0.1365724321614255
-0.1370292123102993
-0.142313046610657
-0.1413184304303162
-0.1410641830071937
-0.1550911973026581
-0.1542786887416908
-0.1533945451668252
-0.1426692487655231
-0.1441455081920529
-0.143113978485938
-0.1371819729758348
-0.1374208489644606
-0.1374414665343397
-0.1332627295675505
-0.1341923225745476
-0.1332810954543225
-0.1360673796065397
-0.13652204477147
-0.1365555165086195
-0.0004241186066594649
-0.0004912968993992692
-0.0004374139206128704
-0.0009959055010297605
-0.0009634261038780385
-0.001132839964361399
-0.0004620321667781843
-0.0005357975208612773
-0.0004218166065499585
-0.0009959055018745459
-0.001132839965491239
-0.0009634261040981667
-0.000424118606355061
-0.0004103142156002704
-0.000355637136014417
-0.0006113634996332031
-0.0005686299931592073
-0.0006891368413086163
-0.1431308940485895
-0.1416382674162925
-0.1420603413798725
-0.1494987299841263
-0.1484371082154232
-0.1417772238594361
-0.140677051877863
-0.1408556129062429
-0.06864952659232365
-0.07013473757464887
-0.07004244223744545
-0.05234333389126129
-0.05112062000046851
-0.05101603655626477
-0.03759927844573264
-0.03875021890991091
-0.03871242191543743
-0.08641250110657202
-0.0848677033710573
-0.0848399696475533
-0.1313300541437122
-0.1313446073663629
-0.1322395814290015
-7.393300017697001e-05
-0.0001253691279052729
-9.787468795929261e-05
-0.1401522905827103
-0.140101533547917
-0.1393249447962534
-0.146557824992664
-0.1446539249512657
-0.1439030949859589
-0.134127929421914
-0.1350274308731083
-0.1350769842264889
-0.000808705536799257
-0.0008527810447572127
-0.000684118944822488
-0.001474429686951198
-0.001322639047393867
-0.001539051632431906
-3.376699408756915e-05
-1.629789489340742e-05
-9.367939289621734e-06
-0.1343172956207846
-0.1348035925472919
-0.1347775263168599
-0.126985840776993
-0.1278614330097459
-0.1279050785134833
-0.1662370455171663
-0.165476680718283
-0.1636069175288775
-5.653679188311631e-05
-6.532692062070114e-05
-9.015267816703834e-05
-0.1363684687601016
-0.1363825651307554
-0.1368275673348082
-0.1350770330829035
-0.1351023300906332
-0.1360073975201792
-0.0002674149794024627
-0.0002105986533166299
-0.0002928003888550916
-0.1442809004335956
-0.1464501445180657
-0.1460329128084089
-0.150314895590027
-0.1522169259927988
-0.1476134949524466
-0.1340450902411923
-0.1331513213954771
-0.1331164255115623
-0.1323221655196347
-0.1313895630852162
-0.1332256079264804
-0.00115463614844681
-0.001082949411052463
-0.0012988300321056
-0.001075499235810415
-0.001033145605951904
-0.001216749950415405
-0.0007743506551460494
-0.0007384297431300289
-0.0008633956810976169
-0.000808705539227849
-0.0006841189473836158
-0.0008527810481913406
-5.15710014368748e-05
-0.0001122631923986851
-6.181798068944094e-05
-0.1314523319877525
-0.1323722807690127
-0.1314360024780945
-0.1347555483283832
-0.1352317769846612
-0.1347661703561751
-0.1482524389672598
-0.1469182706921801
-0.1486999335057731
-0.0001013936833063012
-6.160602675678992e-05
-6.465682312922983e-05
-0.0003912416101253905
-0.0003726855745111718
-0.0003237144357249076
-0.1474868159270732
-0.1516877831756855
-0.1471945955008199
-0.1488246714082213
-0.1513994007370754
-0.1507290666408302
-0.1547552831562836
-0.1548429828963979
-0.1594957633634037
-0.156278478612533
-0.1612328301732479
-0.1558395994410862
-0.01815084087401099
-0.01732479924123974
-0.01895489219231411
-0.01315813696088233
-0.01322425477967869
-0.01247182759426614
-0.01352736582133592
-0.01281297926509327
-0.01424173779996568
-0.5640535828844403
-0.5651349892485984
-0.5368948198279057
-0.4563901092771747
-0.4688510365952218
-0.4693234677121474
-0.5619548129913758
-0.5756120176505658
-0.5760062498730243
-0.02552121763272297
-0.0246535730205345
-0.02452788838933164
-0.02518842063030651
-0.02427654690075435
-0.02423465139364306
-0.02920642398622129
-0.03026054371118399
-0.02825337747195056
-0.02154131041678783
-0.02245318767313711
-0.02241070571216595
-0.01407593954780002
-0.01487756508641931
-0.01471865463961203
-0.0228354861591457
-0.02195037497542204
-0.02290714655999347
-0.01380171090727418
-0.01304311559563165
-0.01315813705101848
-0.01978104176031937
-0.01893308628937221
-0.01895489269649188
-0.01216785862754992
-0.01283600949875944
-0.01147653313858185
-0.1431109045546212
-0.1415543519849659
-0.1414885419376958
-0.1562784860319977
-0.155839607196938
-0.1612328397909945
-0.1437105825835788
-0.1420917061370678
-0.1419106442878546
-0.1361044612469837
-0.1361012740753897
-0.1365510382269059
-0.1362055932676897
-0.1361965438325826
-0.1366563950986745
-0.1320872980872979
-0.1338785779601175
-0.1321014959318323
-0.01538500454901114
-0.01620927204673774
-0.01471865444884122
-0.0198677649889645
-0.02069359407022875
-0.02075816939133148
-0.02030140373504677
-0.02108126020020203
-0.02123192697463328
-0.02518842181916073
-0.02423465235570503
-0.02427654848979945
-0.02552122164042046
-0.02452789133964729
-0.02465357646485463
-0.02920642107778745
-0.03018025922629481
-0.02817193556102899
-0.7982485615675546
-0.798957782955782
-0.7675698892783577
-0.6906417679985392
-0.675872902235447
-0.6905391116894437
-0.8122515467020567
-0.7967459937369894
-0.8121688110845811
-0.4341677334712599
-0.4214491088047195
-0.422715026693151
-0.5079956534452479
-0.4946663903566008
-0.4951181879956698
-0.4073785298025971
-0.3953257480393065
-0.395861646411247
-0.6184913833440089
-0.5902231034485684
-0.6180306856870174
-0.7380375296431506
-0.7234952540941284
-0.7226094799512942
-0.6506350507688975
-0.6369045865213154
-0.6357133425649284
-0.8912954874003038
-0.8756170637067237
-0.8752733152586605
-0.9889715922712892
-0.9730729874533159
-0.9725340066926177
-0.8619305008100382
-0.8612021795151257
-0.8934507385800616
-0.0105175166301923
-0.01058532919532901
-0.009901311453543315
-0.7354657376362879
-0.7054174989107139
-0.7356878945094196
-0.5114861020629563
-0.4991199247130583
-0.4978003560574899
-0.9227939061217153
-0.9549830197151405
-0.9229550316494506
-0.009589327241261471
-0.01023413894883727
-0.01018685614714978
-0.02908513664982962
-0.03007992121900824
-0.03012005771429137
-0.02756744508717844
-0.02847736359127537
-0.0286198808533268
-0.02908513383824349
-0.03012005106899056
-0.03007991840305788
-0.1464878348593112
-0.150412051470393
-0.1465438110403582
-0.1625393428546992
-0.1603418438751621
-0.159603376406764
-0.1339733478842691
-0.1348606715577162
-0.1348963015887511
-0.1320708687751677
-0.1320687618767139
-0.1338590372477871
-0.0358178565595829
-0.0346688722532618
-0.03480528642621866
-0.3612116953668071
-0.3727864548379644
-0.3722272351849343
-0.4602044906214037
-0.4485289732473972
-0.4735061123138852
-0.03322443176265044
-0.0321499571381003
-0.03218950592361162
-0.6786260415213086
-0.6938119111438753
-0.6928780815686977
-0.646537821907238
-0.6612044579782419
-0.6610320066833187
-0.0270752552960302
-0.02612138852542662
-0.02610074283251394
-0.02940857356373424
-0.03036087787587496
-0.0304812899362653
-0.1284981946271622
-0.1267166831913804
-0.1285025987269397
-0.1302971400046856
-0.1320770879951924
-0.02756745119500047
-0.02653447728255482
-0.0266790800318557
-0.0927565265342872
-0.09117020265712529
-0.09438201128188466
-0.09275652941436179
-0.09435645272766052
-0.09438200520518718
-0.08638511125244284
-0.08482612048487267
-0.08795786623968897
-0.2481485477930107
-0.2409656830608023
-0.2388249847321022
-0.2344746713289862
-0.2340638192925885
-0.2428640872317902
-0.2804716834523307
-0.2718675926493094
-0.270517612268977
-0.1060985011924484
-0.1044623476970694
-0.107818153782488
-0.1076025794093072
-0.1067528463241447
-0.1067635427632117
-0.09938851397212044
-0.1026927840835805
-0.09933282747800203
-0.08483996836734856
-0.08640050890647231
-0.08483130090987152
-0.0850344034420376
-0.08507441317985286
-0.08659278598886438
-0.09283474472651319
-0.09120984657149359
-0.09126284755958899
-0.09925954337887526
-0.09763314584856546
-0.09760844422064544
-0.09925953552334825
-0.09760843848610129
-0.09763313371560137
-0.1042152320782527
-0.1050537380012977
-0.1050537411505949
-0.1393229244429501
-0.1393155205826067
-0.1386656745024573
-0.1395721330106227
-0.139548569863567
-0.1388683505905846
-0.1466408640877073
-0.1431108994466163
-0.1467798422571473
-0.1179488858624127
-0.1162098292299719
-0.117934944488863
-0.1025977123797455
-0.1042500940512429
-0.1042842314283822
-0.1109958755005441
-0.1092901709651126
-0.1109898682260355
-0.3722283486233291
-0.3609655779258256
-0.3720518908270543
-0.376103519867421
-0.3768889285988004
-0.3649201818778368
-0.3199997835103954
-0.3092028506633742
-0.3298592160007426
-0.2784738013009893
-0.2884310107273105
-0.2877745292319316
-0.2784728340327841
-0.2877728169550097
-0.2884297970597143
-0.2417382554091858
-0.2333782572139632
-0.2504365958259718
-0.2337438091158332
-0.2421435911777567
-0.2335148260148711
-0.2481485331417441
-0.2388250035369859
-0.2409656252920459
-0.280471757344626
-0.2705179248361786
-0.2718679162955593
-0.136187859237426
-0.1361965472753835
-0.1366378831749258
-0.1360984636924733
-0.1361012734077322
-0.1365448042235015
-0.1321014941646295
-0.131212793678212
-0.1330076873448359
-1.455724958110469
-1.489516364892494
-1.455586284623536
-1.759536574519649
-1.776348398517858
-1.742691962230806
-1.624402285257927
-1.590552342373214
-1.590625381767999
-0.08959767222976171
-0.0911702063698593
-0.0912098022877209
-0.3076279149703098
-0.3178776447431797
-0.3074314170811602
-0.3181526050697087
-0.3082603167220583
-0.3076288683825963
-0.2164808905975578
-0.2229506513090197
-0.2251677175191922
-1.826709953318054
-1.860250999279444
-1.860311047646065
-0.2676578093472922
-0.2755304292479993
-0.2778268353758037
-0.1128827425365715
-0.1145696230972151
-0.1111413379173639
-0.1028394466706099
-0.1012298505122037
-0.1045476453567574
-0.1969589225260007
-0.2046481632500692
-0.2035033722273503
-0.1162702775070288
-0.1145696119195015
-0.1145182449721025
-0.07873233021441772
-0.07875227554843761
-0.0802500553262568
-0.1338590452861977
-0.1347560538545272
-0.1347507453591394
-0.08986662828305715
-0.08824315573510322
-0.08833852588382697
-0.1437105825866545
-0.1419106456547625
-0.142091707878243
-0.1464878347932474
-0.1464698642347859
-0.1430023294634279
-0.1161611229223832
-0.1144341167181427
-0.114425446737976
-0.3458419721806172
-0.3363744686217617
-0.3575881989180044
-0.4321732452732081
-0.4204285132292105
-0.4196619275523058
-0.3575976314902016
-0.3565817420567666
-0.368511662969877
-0.1321410173522744
-0.1312308150931436
-0.1312519402247387
-1.522885810159228
-1.505936727856906
-1.505984643567063
-0.1547552837936666
-0.1594957645335532
-0.1548429854739851
-1.826709996042656
-1.793125674566011
-1.860310283058166
-0.2837534352131795
-0.2923201126184628
-0.2942349060368442
-0.0961218559485866
-0.09945722560886845
-0.1506085119340364
-0.1465438087985646
-0.2676575890450495
-0.2577617817335179
-0.2601445167828513
-0.03759927566911762
-0.03871242023624756
-0.03875021238758233
-0.03790396615454776
-0.03897697464813403
-0.03909035357299416
-0.03334220589185961
-0.03224882837726288
-0.03437669643854394
-0.04249794980891077
-0.04138656262062089
-0.04127494404472517
-0.04220263476176386
-0.04105169670317438
-0.04101449126466177
-0.04594725773092125
-0.04590902195721522
-0.04717264986459044
-0.8605737256369659
-0.8612039864298124
-0.8921759694356153
-0.9875336532933795
-0.9712220956614662
-0.9714138370642953
-0.859340599863662
-0.8435004169842594
-0.8437461125618267
-0.140835173896835
-0.1400531502760726
-0.1399635622978121
-0.1469674164479638
-0.1476134754977989
-0.1413838721867484
-0.1405209648252682
-0.1403837618416994
-0.1370203053425369
-0.1370132290842178
-0.1372488172382301
-0.1371463095610352
-0.1371377291693743
-0.1373785246920662
-0.1349801880638172
-0.1358964155663153
-0.1350034254302813
-0.1407167709584168
-0.1401326968116921
-0.1399908335205728
-0.146462622958762
-0.1459894493797188
-0.1478237311590134
-0.1420051609735481
-0.1414170963113955
-0.1408882819601376
-0.0003208796975382069
-0.0002922215400664502
-0.000271492263591962
-0.0005794223204908667
-0.0005682777266025403
-0.0006432666810298193
-0.0003066018952959532
-0.0002845991852209533
-0.0002642058508842667
-0.0005794223200293545
-0.0006432666804693011
-0.0005682777259343707
-0.0002714922624849291
-0.0002604409388831958
-0.0002301289493801565
-0.0003866475282128003
-0.0003633518956393103
-0.0004255612315301219
-0.1387849349610052
-0.1387709911435938
-0.1384163342432477
-0.1390543844517376
-0.1390345512607486
-0.1386406576283981
-0.1425891300524746
-0.1408351760189961
-0.1427490205296957
-0.1371292340054668
-0.1371377196381307
-0.1373608868756245
-0.1370062474514522
-0.1370132275635601
-0.1372343993056549
-0.1350274352152629
-0.1359500343063359
-0.1350034250745864
-4.001035205659886e-05
-8.398182270548517e-05
-4.526926324249116e-05
0
-4.325915710751958e-05
-0.0001846385938388154
-0.0002243381936112872
-0.0002012083817070708
-0.03322443232093391
-0.03218951074947261
-0.03214996000501001
-0.03581791081510904
-0.03685087917248887
-0.03698519090880185
-0.04456054711514856
-0.04337232015878928
-0.04335401058567671
-0.04499650158229006
-0.04614548386103975
-0.04627159403512677
-0.1413838881688222
-0.1403837698460933
-0.1405209820741379
-0.7968610882053013
-0.8125116171718207
-0.812250684742865
-0.9245974188139719
-0.908969434340713
-0.9409039637930398
-1.020008054341407
-1.003732910656075
-1.003643137280866
-0.000317150027912411
-0.000300241651414602
-0.0002693303904441376
-0.1321936322160867
-0.1313020738058562
-0.1331164297390109
-0.1442808971650058
-0.1425891259403953
-0.1423157257083325
-0.1503148749487143
-0.153227890091265
-0.1484370772662373
-0.1431307822863587
-0.1420601944497781
-0.1416381870285424
-0.1360073873555347
-0.1364574977682942
-0.1364893104282487
-0.1349362916020517
-0.1349157647711477
-0.1358472443697354
-0.0005527658147213909
-0.0005056576437597726
-0.0004775520931026563
-0.0007044181009988108
-0.0006567175535986029
-0.0007825798292342217
-4.526926305237826e-05
-2.348483454262133e-05
-7.454280979482406e-05
-0.1361842622904802
-0.1357120544085397
-0.1356889980315016
-0.1324529565030484
-0.1329033856955982
-0.1329288361272596
-0.1423157280230665
-0.142198270783819
-0.1406358363957975
-0.1341065520021651
-0.135052022345016
-0.1478463886857087
-0.1321936151923296
-0.1312758769243565
-0.1330841950502043
-0.04731341380598685
-0.04850009812646478
-0.04860644485436152
-0.0002005094239520212
-0.000178679439161278
-0.0002584687207454646
-8.121119816683727e-05
-5.301453439046727e-05
-9.87102463320979e-05
-0.134896305539946
-0.1349157691533392
-0.1358028870330894
-0.1358472463944221
-0.1363152355018019
-0.1362905757639075
-0.0006113634985713084
-0.0006891368400643905
-0.0005686299915919773
-0.0006025321554929848
-0.0005907656566253261
-0.0006656506381125291
-0.0004620321677424151
-0.0005056576443591721
-0.0003896514963825681
-0.0004775520934886474
-0.000463884609968599
-0.0004168687781901796
-0.0001846385926862518
-0.0002012083808978258
-0.0002243381924558086
-0.1372161932048418
-0.1374614042113622
-0.1374798133607344
-0.1367267588234455
-0.1364855114261296
-0.1364725305685837
-0.0002231813825077374
-0.0002442859452323603
-0.000171315021769627
-9.974535647537678e-05
-0.0001154104507970139
-5.859782360275592e-05
-0.0002758256581281744
-0.0003557530687389554
-0.0002309244530349077
-7.393300212310434e-05
-5.276179023235031e-05
-3.569845896150764e-05
-0.6180340828807446
-0.6036629708067606
-0.6040386334246192
-0.6209218485023646
-0.6062625654062345
-0.6073541522507563
-0.677005790482071
-0.6620534135457496
-0.662725798785483
-1.590752075786876
-1.590827082462573
-1.556935851976493
-1.455175792757479
-1.47207780637605
-1.472131649054533
-1.5905517439093
-1.62437799979505
-1.590581136010013
-0.5651355441337761
-0.5794854943036719
-0.5783395993894497
-0.5619541149896486
-0.5760055432737234
-0.5756107436568623
-0.5093165037567711
-0.5230188698696123
-0.5221631613660427
-1.319897953840891
-1.353655313646518
-1.319963756691296
-1.320595129762948
-1.337334345647875
-1.337540574056432
-1.252926225524055
-1.269634525931328
-1.269819627085949
-1.658233584818875
-1.658200028133523
-1.691997224536038
-1.793125415568802
-1.793172611136041
-1.658432963877816
-1.658382689493909
-1.692164117264485
-1.38759375552811
-1.387506535673645
-1.421408503746809
-1.523314008184306
-1.523210263737832
-1.557112123556601
-1.388205339796017
-1.354490850788213
-1.388021635985477
-0.1352212280367257
-0.1361843339260025
-0.1351992797722208
-0.1374796712687555
-0.137488057670851
-0.1377388305647787
-0.1371444083016575
-0.1373998166610949
-0.1373787193352678
-0.1346477604052211
-0.1355831051500467
-0.1373162973999058
-0.1373265511748278
-0.1375560712249893
-0.1369924147052027
-0.1372371738861379
-0.1372182669127127
-0.1398527767490628
-0.1393964049175546
-0.1393386106500976
-0.1451412302509051
-0.1388267533240614
-0.1388397483757365
-0.1385696975751827
-0.1370670360136767
-0.1372959940076085
-0.1373162695211125
-0.1356106661348561
-0.1355830895607808
-0.1377189958011279
-0.1378424210088948
-0.1376061054645405
-0.1393331294627966
-0.139299708225488
-0.1389637778285641
-0.1447510444034276
-0.1441499281603284
-0.1404156242011804
-0.1397715939671363
-0.1398735823147757
-0.1400050481891444
-0.1394586386571532
-0.1395259732128991
-0.1436088359254616
-0.1383957015778895
-0.1381807316091699
-0.1386298212299593
-0.1324527963069644
-0.1319798773137784
-0.1320047767975581
-0.1357611238327961
-0.136247277787441
-0.1357469665552634
-0.1333360671056466
-0.1333565682083136
-0.1342725457554848
-0.1402268361235258
-0.1395261547748367
-0.1394848985396741
-0.1474868183887057
-0.1478463895080186
-0.1404711724321181
-0.1397398031431401
-0.1396785246082735
-0.1368413639189988
-0.1368373668308155
-0.1370658022909066
-0.1369185320402914
-0.1369129838813804
-0.1371446053944662
-0.1348296877959015
-0.1357297037147729
-0.1348445726587738
-0.7701809752134047
-0.7997779458112666
-0.7389661606544103
-0.6760158882490289
-0.690966033601054
-0.6906421235237422
-1.252551072119579
-1.218986635397667
-1.252627018146087
-1.421282332705816
-1.438223658449843
-1.438193251137384
-0.1433396246050746
-0.1417631965493108
-0.1416454124105628
-0.1347666891819584
-0.1347825786044307
-0.5343782642289933
-0.5480763673960204
-0.5478690252258441
-0.5393552161135619
-0.5267926324524582
-0.5535242437989036
-0.1351523292645244
-0.1346706780367814
-0.1346930415652417
-0.1366232362023923
-0.1366399012111152
-0.1371056183973209
-0.1361278632235413
-0.1365894010879573
-0.1366231862185683
-0.142313113904565
-0.1410642520502635
-0.1413184933535956
-0.145141306206756
-1.153602878879814
-1.170030815795442
-1.170407020747293
-1.725687023874542
-1.725702665823582
-1.691950001118573
-0.1364893206537492
-0.1365055772926652
-0.1369567992341993
-0.1417771849397976
-0.1408555676066086
-0.140677022270309
-0.1467033660444512
-0.1441498387288793
-0.1351023072423561
-0.1516892693092028
-0.1508464756337307
-0.1533945772042906
-0.1315093250654083
-0.1310409479592479
-0.1310630979275758
-0.1501799087279518
-0.1460329113945431
-0.135802883488946
-0.1362453124685956
-0.1362672546805533
-0.6506351933785519
-0.6357147521531273
-0.6369086531707085
-1.18551278258116
-1.218986061565793
-1.185604680613911
-1.252627556845718
-1.235897333689749
-1.23579153537408
-0.1339170338148193
-0.1330294644307977
-0.1330076862996379
-0.5114849691593401
-0.4977994773633376
-0.4991188046605877
-0.12698577342151
-0.1261148076516856
-0.1279049646841325
-1.287214186868191
-1.303887723474739
-1.304138715247008
-0.1435949615076192
-0.1450782195634514
-0.1431142227854333
-0.1333172089141295
-0.1324086482227119
-0.1251617963344248
-0.1242560235587038
-0.1242939768622446
-0.1296292866477353
-0.1305382072969875
-0.1296131636245624
-0.1163986686567167
-0.1147149855829319
-0.1181738353923977
-0.1269109278757805
-0.1278242349771851
-0.1277926813032409
-0.1162702732226537
-0.1179847406626292
-0.1145182229893774
-0.1215320843472696
-0.1232959640381215
-0.1215079971310997
-0.0009133825838644128
-0.0007140842671852506
-0.0009477039938131094
-0.001847356486495337
-0.001698625487946261
-0.001711846072279872
-0.0008487260866418829
-0.0009496135815558817
-0.0007428063417835795
-0.125161801320116
-0.1242939936114715
-0.1242560216460433
-0.1232959846795927
-0.1250470569932479
-0.1286792196202778
-0.1295980568483663
-0.1277927035567862
-0.002138297254426307
-0.001989496123268728
-0.00198289567995712
-0.001374476750381471
-0.0009133825909857038
-0.001057208689410767
-0.0009434522335061053
-0.00117164877625442
-1.05417719152419
-1.070814103333708
-1.070382976276737
-1.052930148098144
-1.036606215132241
-1.069476413231414
-0.9880849077072147
-1.004530028211791
-1.004179671472421
1.004703860728003e-05
1.989736453995767e-05
-6.062476770505211e-06
-0.0003227649651637334
-0.0002560227103123149
-0.0003921608896848858
-0.0001154483209737332
-8.034690760537181e-05
-7.076089995392179e-05
-0.1147149535811506
-0.1129985871820447
-0.1146732594580683
-0.1215321384828485
-0.1197778573857796
-0.1215080261110772
-0.1216685257126485
-0.1199166239094219
-0.1216278989225171
-0.0003227649641382389
-0.0003921608890844556
-0.0002560227099796111
1.004703907740956e-05
-6.062476454174066e-06
1.989736467458666e-05
-0.0001154483189809702
-0.0001687570767807155
-0.0001570482649585425
-0.1381304628888803
-0.1378214298243038
-0.1384592540944513
-0.1385934212339033
-0.1385835163579236
-0.1382528673253153
-0.1417631952617902
-0.1402268342250589
-0.1418332477132458
-0.1369075385109748
-0.1369129914073913
-0.1371333681045274
-0.1370617252455334
-0.1372819591253666
-0.136833467135174
-0.1348606750675207
-0.1357636500010191
-0.1348445756224788
-0.002508974572611489
-0.00236029840195118
-0.002333688697594638
-0.0004794098283342061
-0.0004074332649385449
-0.0005693823082161918
-0.0003421273182495431
-0.0002833717809922343
-0.000422915414356578
-0.001997018517284057
-0.001953621100875288
-0.001715330215612122
-1.152641342891213e-06
2.671313721632916e-06
7.283284813663376e-06
-0.1414885402400872
-0.141554350105407
-0.1250267222123047
-0.1250086106139953
-0.1268112396903375
-0.1296467141194473
-0.1292034123519467
-0.1291850660716202
-0.0005676852508238537
-0.000637862715987809
-0.0006731517151929336
-0.0004794098309362907
-0.0003972257423560298
-0.0005582307113931449
-1.119709573171046
-1.086659171147745
-1.120066423097836
-1.052806999695029
-1.05276502705757
-1.020008438714703
-1.021996569945047
-1.005460809615448
-1.006029784950907
1.954164030213157e-05
1.573065095860575e-05
1.317447821455061e-05
-0.1128827473991984
-0.1146350782630332
-0.1112093136628419
-0.1339170352954599
-0.1348296901240255
-0.1348035976169362
-0.1404711757684204
-0.1396785296556228
-0.1397398067840223
1.954164069478123e-05
1.855793994711103e-05
1.421049065240646e-05
-0.1469620216177621
-0.1433396214262239
-0.9889720260535904
-0.9725345616629618
-0.9730736462558276
-1.991011431723729e-05
-1.609167735183508e-05
-4.662526731253694e-05
-0.1320873034681712
-0.1338785776988234
-0.1357012343276265
-0.1361567045301721
-0.1361433099697945
-1.052929193874867
-1.069319933994554
-1.069476201927224
-1.054176514791999
-1.070381394478546
-1.070813534183757
-0.9880847047563791
-1.004179537662831
-1.004529657581601
-0.03445460518115214
-0.03338396788998451
-0.03450086528280016
-0.03909033785096198
-0.03903121475758892
-0.03796341477335331
-0.03888246523695083
-0.03775404016170288
-0.03892732691098218
-0.1127014980384122
-0.1135637673813847
-0.1135615247035742
-0.1196721085669255
-0.1205548433677375
-0.1205447826902712
-0.1214050408495751
-0.1214040312710694
-0.1196481565966466
-0.1815415820786203
-0.1805022981282624
-0.1877885539287066
-0.2103963820878258
-0.213040089210681
-0.186780540733732
-0.1808491658491668
-0.1853218549571908
-0.102839449306957
-0.1045476482998817
-0.1012298566426857
-0.08986668136843499
-0.09140928689038288
-0.09150253346174669
-0.09778365101719344
-0.09775048387511315
-0.0994212203820025
-1.120067651878091
-1.103744381274678
-1.10334506949699
-1.086074336261202
-1.118993979566573
-1.18595462220885
-1.202779560913171
-1.169400736200723
-0.2216784702780041
-0.2277247267783261
-0.2130400663782276
-0.1815415623757468
-0.1877885324873005
-0.1805022797981173
-0.1944789434635634
-0.1993951098828212
-0.1867805256622444
-0.008370103006026971
-0.008967912474893942
-0.008943920722876373
-0.004363845654487342
-0.004815811849006459
-0.004790271518338484
-0.006319195350635058
-0.006794785476447099
-0.005793724119370048
-0.008947762474716035
-0.009446251498514874
-0.009613378176145295
-0.004973614687458495
-0.005496050304126705
-0.0046523913071409
-0.007551790251157499
-0.007685694271318257
-0.006517276891645465
-0.004363845665905082
-0.003962924111928797
-0.003936950609069693
-0.008370103016827588
-0.007820462317600302
-0.007796129909215679
-0.006319195388557539
-0.005793724151349241
-0.006794785509520547
-0.004973614648644193
-0.004652391272708071
-0.005496050265220191
-0.008947762438426703
-0.008305142420802806
-0.008474303526980429
-0.006517276841864367
-0.00596852036460781
-0.006092836714580919
-1.320595339239102
-1.337540728312793
-1.337334508693168
-1.319962221977617
-1.336877801422348
-1.336796498883198
-1.252925972911129
-1.269819488460064
-1.269634080194217
-1.387506816366857
-1.370573767203062
-1.370647498726995
-1.354101753818014
-1.388021841679336
-1.45533880799714
-1.472209210774619
-1.438372149656717
-0.08203430380277578
-0.08208225388624249
-0.0805084207985035
-0.07590690611285072
-0.07583301877003379
-0.08187801720942345
-0.08341620033296025
-0.08191179063968321
-0.05887401041127645
-0.05883055778066519
-0.05753267191277089
-0.05368705310168493
-0.05380701892878263
-0.0603815817586294
-0.0589733424068825
-0.05908918717998855
-0.041386566408955
-0.04144935547942274
-0.0425556364820226
-0.04603738059739358
-0.04594728586451991
-0.04118190293240981
-0.04002512544219481
-0.0412260627228727
-0.07295213132655096
-0.07291254872598513
-0.07442391514416748
-0.07909484696559264
-0.0775915970917114
-0.07904223363984964
-0.07314821243914249
-0.07309353543887527
-0.07461806129771512
-0.01446887092094851
-0.0144206238622468
-0.01520736353301277
-0.01194264917962577
-0.01261071077746326
-0.01202126139065563
-0.01230684725117265
-0.0130431155003726
-0.01168637787873969
-0.0167878600609176
-0.0159627640289439
-0.01607481736354751
-0.01329613274976786
-0.01345712427901359
-0.01636617483392908
-0.0162849301726875
-0.01561339806225961
-0.01194264920903175
-0.01202126142640019
-0.01261071083517195
-0.0145824199301543
-0.01446887111995658
-0.01108984619373644
-0.01180286380644987
-0.01168637790673275
-0.01286242997251026
-0.01210571072667899
-0.01345712416755795
-0.01458241974012867
-0.01607481702152174
-0.01636617447525516
-0.01561339778412797
-0.01628492982912013
-0.1391148249851594
-0.1387573234884995
-0.1387308324924356
-0.1427490146176212
-0.1392483339293904
-0.1388749680289431
-0.1388436760401206
-0.1394089956930819
-0.1390151797833062
-0.1389778202116213
-0.1436088068969677
-0.1396048399234956
-0.1391845697147649
-0.1391388742287593
-0.1374411145621215
-0.1375584316904063
-0.1373307833457346
-0.1375002317229001
-0.1376187014252716
-0.137389580324641
-0.1363152354953948
-0.1367713479206298
-0.1363280627114901
-0.1375660545702525
-0.1376858576560604
-0.137454921964195
-0.1376388365617497
-0.1377602415864816
-0.1375269946495379
-0.1364266749063104
-0.1368894550346822
-0.1364419485796403
-0.139756437276821
-0.1394113673137352
-0.1393329095115963
-0.1435946865893263
-0.1441310264445883
-0.1404858195090475
-0.1401357328157105
-0.1398304784790382
-0.0002027310757784809
-0.0001866329851752126
-0.0001707085819904457
-0.0003950548921124833
-0.0004103142159475657
-0.0001642726887637741
-0.0001880392507744553
-0.000216845039609754
-0.0003950548915171616
-0.0003208796967873801
-0.0001707085810452889
-0.0001623591856178013
-0.0001450867607232405
-0.0002656030188245439
-0.0002922215394495459
-0.0002168450390510285
-0.1381749524089393
-0.1379898863216557
-0.1383742975151198
-0.1382766590843365
-0.1380788798762348
-0.138490792086997
-0.1402619713670161
-0.139408994390456
-0.140321252364378
-0.1376388313060633
-0.1377505252502224
-0.1375176039787809
-0.137566044585132
-0.1376770661309608
-0.1374463815016584
-0.1364574836335503
-0.1369224627087808
-0.1364419298998248
-6.238495247206069e-05
-3.34460434100637e-05
-2.726324760688067e-05
0
-3.262455820020996e-05
-0.0001642726881142039
-0.0001087042867020568
-0.0001451862951204519
0
-4.001035191813262e-05
-3.262455800036736e-05
-6.238495239121204e-05
-2.726324746965254e-05
-3.344604330543038e-05
-0.0001297467221235266
-8.398182265230578e-05
-0.0001451862954095714
-0.1381728479877319
-0.1380349031110045
-0.1381645265476573
-0.1369707885180416
-0.1369569875441796
-0.1377164596349879
-0.1378380898213053
-0.1378507787515284
-0.1367141552802224
-0.1372161646348041
-0.1378981806291263
-0.1379031457528215
-0.1380347487696316
-0.137986483038927
-0.1381084274290396
-0.1378507245876334
-0.003208936889226446
-0.003040735385024898
-0.003409848901985428
-0.01576100132240048
-0.01500427527243721
-0.01574699176388828
-1.021996721297614
-1.03804720263705
-1.038574041397009
-0.9875334855665012
-0.9714135646355944
-0.9712220196655094
-0.009589327250708863
-0.01018685614627807
-0.01023413895046357
-0.01065903103993326
-0.01004373279123031
-0.01073862351809971
-0.01039948829380255
-0.01051751661532966
-0.003705389218878807
-0.003625119470425518
-0.00408079707548796
-0.172246207125457
-0.1736478640849693
-0.1667373056974257
-0.02084432646719968
-0.02089546451723964
-0.02171508962318697
-0.2164808637865908
-0.2251676803755756
-0.222950642580738
-0.01295107115535031
-0.01365599282965732
-0.01291369230013551
-0.1010069331739119
-0.1010359441176613
-0.09935905669493766
-0.03242679985308727
-0.03348197583020888
-0.03237490944498793
-0.03543117954973062
-0.03431824241419287
-0.0343767115606806
-0.07724557763309872
-0.07873235446243133
-0.07877580658220475
-0.05611962672869866
-0.05615963443907504
-0.05744917418543209
-0.04463320923239694
-0.04340894384788388
-0.04346387421770508
-0.0642825957704207
-0.0643205213753406
-0.06289153004871631
-0.1110152949109738
-0.1127291454358876
-0.1110043317269667
-0.1249786834959754
-0.1240849996495715
-0.1240975905732187
-0.1178990076352435
-0.1178980303382473
-0.1196481535701638
-0.08511788698111607
-0.08507445031421026
-0.08667535543644256
-0.08503445663348544
-0.08499797270070338
-0.08659274154784109
-0.2000483886124936
-0.1942973415672687
-0.1923376896319541
-0.0185024260931966
-0.0193914456126578
-0.01776721755858428
-0.1698249513841121
-0.1755540828339789
-0.1688145939482527
-1.11889036173629
-1.118857275783726
-1.152141245332655
-1.186513264797484
-1.203047532522402
-1.203355743067161
-0.141079674503897
-0.1402619682426711
-0.1401522891903147
-0.1363412192458739
-0.1363684719572827
-0.135950045835045
-0.008466653100628156
-0.007869095914732066
-0.007941977234595506
-0.007442063420402794
-0.008659302892720353
-0.004942990874844565
-0.00490174184892945
-0.005396554646632531
-0.005044205952225557
-0.004610150342827102
-0.005104127611482401
-1.286192195332718
-1.303066314676671
-1.303020553457211
-1.287214680733902
-1.270297587327116
-1.270578399968001
-1.523313618568297
-1.557111696069399
-1.523210070499371
-1.455175551573055
-1.472131421902443
-1.472077547530011
-0.06710056897551497
-0.0656856271472457
-0.06713778837662873
-0.04499651585874696
-0.04373854729590494
-0.04386672881231649
-0.1366562384526343
-0.1411726415777654
-0.1405421465060623
-0.1403095037753913
-0.1379055203362659
-0.1380362377318918
-0.1377878224600119
-0.0003556371361200379
-0.0003300806030141478
-0.0003115472976277143
-0.0004374139203523985
-0.0004114191584496901
-0.0004766172405208798
-0.03535384645085228
-0.03646708868254074
-0.03644789059092211
-0.1399635630554928
-0.1400531510522212
-0.1364266592001532
-0.1363969753972728
-0.0001058240500740586
-0.0001449736745008797
-0.0001166967874830003
-0.01065903105031166
-0.01073862352304534
-0.01004373281487845
-0.1406358340981456
-0.1398820961402201
-0.1398076190460787
-0.1362905735842148
-0.1362787410910789
-0.1367454073445878
-0.13695679336313
-0.137181545955648
-0.1371997151837467
-0.1396048521413648
-0.1391388859691327
-0.1391845806832522
-0.000105824049367357
-0.1352802238739111
-0.1355126293849144
-0.1355277111671028
-0.1372533042640103
-0.1373864192968081
-0.1373774119750066
-0.1426694636055902
-0.142333538238827
-0.1411729096263645
-0.14646275737111
-0.1478238295241586
-0.1459895767349504
-0.01216785857808531
-0.01288202902205752
-0.01152319013513581
-0.01159314084235747
-0.01295107105796557
-0.0203014048612984
-0.01939144649645199
-0.01954427219050854
-0.01776721811087213
-0.01697989883435725
-0.01784185261437474
-0.0135273658823543
-0.01424173784320151
-0.01281297928724339
-0.01437803714032099
-0.01511710533548961
-0.01434111761762746
-0.03656300312671369
-0.03659906338402614
-0.03767784981761537
-0.07568507761893099
-0.07569060300415996
-0.07419987641534907
-0.07431755951661673
-0.07281630879771669
-0.07577388915781307
-0.04456054828179946
-0.04578512132137871
-0.0457671069161272
-0.04713469658415242
-0.0483405598686753
-0.0458752215224861
-0.06591313404933116
-0.06727307115123091
-0.06738272479151498
-0.07013472832409923
-0.07018661838339882
-0.06869809829936144
-0.02270808214021967
-0.02276910651595489
-0.02182204275088841
-0.0167878596093174
-0.01752388656434175
-0.01763449716728461
-0.1368275714646609
-0.1370495498904401
-0.1370647375397018
-1.253391860054204
-1.236501085107702
-1.236782029178793
-1.422115227877827
-1.38820548661355
-0.07753847946996525
-0.07599577849073273
-0.0760993464492831
-0.06180522505913642
-0.06169138424860032
-4.325915603524533e-05
-6.277113947876817e-05
-1.862046053711335e-05
-0.1379055119475745
-0.1380226277885765
-0.1377754891548529
-0.1374414425048123
-0.1374515323701789
-0.1376930080136187
-0.1366561603365672
-0.1366398217548294
-0.1371443728163405
-0.1366869194958343
-0.1367011826022097
-0.0003866475278919898
-0.000425561231255326
-0.0003633518950706321
-0.0003066018957137172
-0.0002642058513297095
-0.0002845991859343064
-0.0002415537931348855
-0.0003115472974600259
-0.1410796794102113
-0.1358964123760219
-0.136857812359038
-0.1370962316950453
-0.1370802956360305
-0.0001339805396658718
-0.0001568553526612272
-0.000175819845906097
-0.0001166967870686244
-0.1351994661122707
-0.1347145337850411
-0.1356641983072914
-0.1372451203397062
-0.1374960521469568
-0.1375117124415842
-0.1362206702275966
-0.1367269459488365
-0.1400132344157408
-0.1395103732706116
-0.1396403826108428
-0.1420055842952288
-0.1408887831988599
-0.1414173907641004
-9.974535449490714e-05
-0.0001473986158423145
-8.590522887181681e-05
-0.06591308580988327
-0.06445824298134084
-0.06457000726677625
-0.0001568553509192609
-0.0001702460018283125
-0.0001925384271904253
-0.0002831916322223633
-0.0002350038880110208
-0.0002657007470654354
-0.0001540611843220351
-0.0001983953697686887
-0.0001728723721686549
-0.06982706338060161
-0.06981743459674208
-0.0683874894292282
-0.0642187303292148
-0.06562234726553487
-0.06419282616659547
-0.06990400375571587
-0.06987898865053471
-0.0684651951472062
-0.05077197668043291
-0.0507610828851833
-0.05205164956627409
-0.05600178148141198
-0.05605224669677214
-0.05085916113894359
-0.04959326991413851
-0.05083078992641074
-0.1849988167765786
-0.1780622405976032
-0.1907897785983086
-0.2177113175556552
-0.2100922786551504
-0.2174771197889174
-0.2126967422225453
-0.2046481464291544
-0.2195869442402247
-0.1249786698394339
-0.124097578371366
-0.1240849748445635
-0.1249434224205743
-0.1258339018491999
-0.1240595154017322
-0.1285199455773624
-0.1276326422870837
-0.1276220893237414
-0.07583305519581732
-0.0758015705373611
-0.07434927969955611
-0.0820342924385267
-0.08050841639186605
-0.08208224088993883
-0.08187804704161912
-0.0818478307416472
-0.08035055513393635
-0.1769697620718153
-0.1774653689434627
-0.183160612455224
-0.202746318260784
-0.2023707431037076
-0.1759203234286598
-0.1700944391441379
-0.1760479681523388
-0.1214080464650289
-0.1222875241573837
-0.1222915880152584
-0.1231940375641542
-0.1214401934930993
-0.1179070494335052
-0.1196560490924482
-0.1179142008558874
-0.2096676864490235
-0.2173357460533085
-0.2023707376128312
-0.1769697691793196
-0.1831606164486407
-0.1774653782248862
-0.1820252970861787
-0.1885341458714085
-0.1759203245656904
-0.3310585932907724
-0.3206528683032244
-0.3317664873079924
-0.377733637316495
-0.3665830824915335
-0.3786464611196569
-0.3747282828865431
-0.3635164544889065
-0.3753805363566184
-0.07277108971110342
-0.072791846183817
-0.07424465846720416
-0.07868887591775747
-0.07718149041344811
-0.07869426904736954
-0.07272584219034745
-0.0727315112264607
-0.07419982375863143
-0.06005344737243543
-0.06144748857952022
-0.06139871265425374
-0.06694380664316106
-0.06694970625003942
-0.06837186462245154
-0.06134997252725238
-0.0613560857021071
-0.0627303684755377
-0.05897330922780879
-0.05902917248209255
-0.05763284503062813
-0.05358420977775369
-0.05349853394761554
-0.06018471968150592
-0.05887401493569144
-0.05879124016613366
-0.05867532226785322
-0.05869806070591217
-0.05733228470253802
-0.0533271276506691
-0.05463279429104868
-0.05333358632823791
-0.0586257025581876
-0.05863189067259467
-0.05728223218149003
-0.06985787499467989
-0.06987902154441994
-0.06841853949469669
-0.06412286640803683
-0.0641288307302742
-0.06273039513409207
-0.07126880902194496
-0.06982713791160314
-0.06981173043032796
-0.05864226594946294
-0.05863190766335592
-0.05729896316903647
-0.05337854118739926
-0.05342996136058795
-0.05867539000431216
-0.05872504931536809
-0.05080684000718409
-0.05083080803894602
-0.05208621029871817
-0.05595122806456076
-0.05595755922547284
-0.05728217978203659
-0.04949438654442498
-0.05077195647741188
-0.05075454787355156
-0.06136619207980051
-0.06135605281191816
-0.06274641462570242
-0.06699085572388457
-0.06703786438258316
-0.06144750258578142
-0.06008012648484313
-0.0614210344732448
-0.02149854120014607
-0.022389475929611
-0.02062898715371296
-0.01899855501112097
-0.01736903124365872
-0.01730266730100585
-0.01810964427625906
-0.01731096010728863
-0.5794845914232613
-0.5933569649536266
-0.5801224933135368
-0.524079926383858
-0.5230177501942173
-0.5631601678740003
-0.5917423067568464
-0.01660970689316515
-0.01743539342141508
-0.01736903173222595
-0.02065052531902021
-0.02062898740210761
-0.0173026674194339
-0.01731096033885634
-0.01810964442296178
-0.1399873551834092
-0.1393091662851714
-0.139298400564982
-0.1466408697023379
-0.1467798485446434
-0.1400700283131253
-0.139386175251841
-0.1393614310688717
-0.1369842243325337
-0.1372079031988896
-0.1367621829272317
-0.1370100870537307
-0.13723590007682
-0.1367891530587314
-0.1347560523262412
-0.1356495628608422
-0.1347606972611045
-0.4006134667163812
-0.389080432728912
-0.4014906392556858
-0.4589034552313163
-0.457828415372371
-0.3977248155513504
-0.3861327787695003
-0.3983530146494932
-0.619940627146083
-0.6209211814793708
-0.6645430109726931
-0.6656773073792643
-0.6086081215417267
-0.60796097345599
-0.6226945290767647
-0.1386424699411878
-0.1380187679141699
-0.1380232975889514
-0.1380569271120284
-0.1377558825481495
-0.1383726831226307
-0.1414450633550762
-0.1399872509525826
-0.141464231274815
-0.1370100833110792
-0.1372309544590434
-0.1367843919668028
-0.1365383803720345
-0.1369860329267583
-0.1369828028549558
-0.1347666891078159
-0.1356610931905622
-0.1347606978351457
-0.2177113598010082
-0.2174771475199839
-0.2100923060082202
-0.1896521067849995
-0.1907897747800244
-0.2268490474942487
-0.218462222471778
-0.2195870095315652
-0.08175031185978067
-0.08328987949467426
-0.08174146351587272
-0.07577386506161639
-0.07574981771349204
-0.07428956591372944
-0.08182121986340438
-0.08179814396785409
-0.08029318985195258
-0.1380097280305763
-0.1378421378310019
-0.138188522936733
-0.1380866270056053
-0.1379113720773009
-0.1382744811855071
-0.1398820972495809
-0.1391148250555675
-0.1399219385180731
-0.1375002277857326
-0.1376107916836674
-0.1373818712483083
-0.1374411173862585
-0.1375513762620461
-0.1373238936873384
-0.1363412167152527
-0.1367987435589803
-0.1363280613690334
-0.1365894169134113
-0.1370670581159995
-0.1377042756552089
-0.1377100279355328
-0.1378250261332477
-0.1376593950400651
-0.1376648904633252
-0.1377788367011211
-0.1375779381429318
-0.1376928142716009
-0.1377042398651648
-0.1365724213904461
-0.1375345907333897
-0.1376484606331251
-0.1376593662589791
-0.139072639577279
-0.1388017486038986
-0.1388267375645931
-0.1409555060958353
-0.1389639293003921
-0.1387103058976254
-0.1387319747339374
-0.1389091289376713
-0.1385738551065679
-0.1385551016470597
-0.1421982688033903
-0.1390024834138297
-0.1386575244419347
-0.1386352143457463
-0.1373480586562294
-0.137122518336694
-0.1373426748040784
-0.1373886162833456
-0.1375049191765208
-0.1372784755943833
-0.13622474956891
-0.1366764129726451
-0.1362348551084922
-0.06428259116572242
-0.06289152770502855
-0.06432051594575608
-0.04828738936460616
-0.04831173758316316
-0.04704763874033127
-0.2337437182608361
-0.233514767969077
-0.2421434626898445
-0.22108633836296
-0.20618223449199
-0.535222736161134
-0.5484897183301265
-0.5491058576861748
-0.1649173537571975
-0.1647277957356357
-0.1597674893791161
-0.1849988042928147
-0.1795788534591886
-0.1923376765050836
-0.01576100153032671
-0.01574699190817888
-0.01500427543216736
-0.1249400231890213
-0.1249388920860568
-0.1267166767687519
-0.1285477675505531
-0.1294356603332494
-0.1294533126463035
-0.07272589559134837
-0.07274088907728865
-0.07446692029559437
-0.07295211808638127
-0.0730426506797222
-0.08511790251708497
-0.08516487282394884
-0.08667537741345147
-0.04823422686690924
-0.04825197056038775
-0.1144794907156266
-0.1127579597953965
-0.1144643596766976
-0.1655411962611368
-0.1659848506184426
-0.160331338145536
-0.323035218649212
-0.3325441283690689
-0.3120023353472598
-0.3298574737342139
-0.3293669294347324
-0.3194273631508939
-0.4321740160936944
-0.4196631440453765
-0.420433266042711
-0.6191316325443003
-0.6486127713111761
-0.08020711937438932
-0.07944888087117867
-0.0794453073281831
-0.05504694390284171
-0.05630491128198135
-0.056422826502796
-0.06151255018013541
-0.06159385485119025
-0.05217047838935261
-0.05092885709404182
-0.05349852366611352
-0.06710056569756119
-0.06852722721650972
-0.0671377931620684
-0.1360673893891746
-0.136522059291785
-0.1370291968012537
-0.1372564273372514
-0.1372760377332877
-0.1398528167432108
-0.1393386522301777
-0.1393964421689237
-0.02154130937665292
-0.02241070480517228
-0.02245318628509257
-0.01660970646674208
-0.0158730919452215
-0.01580584620479118
-0.4371111768156142
-0.4485286562488974
-0.4501925795880649
-0.01986776597812305
-0.01899855575319966
-0.01906406485495833
-0.1430023440165118
-0.1414450992956728
-0.1414231417004328
-0.1403370279365614
-0.1396228873467804
-0.139572126171619
-0.1356783429348174
-0.1361209288652905
-0.1361313830126441
-0.1347507430406955
-0.1347500689718215
-0.1356438037687433
-0.1361715582889092
-0.1361878561630853
-0.4371130781564578
-0.4259606538932065
-0.4501949293591493
-0.3388302671024925
-0.3498907700686398
-0.3495970013332569
-0.08486769126101185
-0.08331791122315445
-0.08488673600844338
-0.1400700289711238
-0.1393614351551962
-0.1393861719685359
-0.1414231357503756
-0.1414205277065814
-0.1399706674287307
-0.1197127315417129
-0.121487128632875
-0.1179847200767925
-0.235570593316829
-0.2344748163854022
-0.1356438043959977
-0.136090974216542
-0.1360894821211746
-0.1392483325526423
-0.1388436763871189
-0.1388749645560051
-0.1398076226471705
-0.1397729262497478
-0.1390561733001166
-0.1362672579898417
-0.1362787438662991
-0.1367209323931458
-0.1414690082567182
-0.1401873993675153
-0.1371055836185659
-0.1373368445634453
-0.1373576570224087
-0.1401874714469218
-0.1395994583919339
-0.1396807396457483
-0.136720928810613
-0.1369416813508302
-0.1369538310563755
-0.5343783311670662
-0.5210846402430317
-0.5208680695053338
-0.5093160528537194
-0.495794805792828
-0.5221627148346774
-0.1214534724314368
-0.3513410583918415
-0.3518849278715328
-0.3623857830547513
-0.4560280836211132
-0.4559049553888672
-0.4311667139102031
-0.1377190134853146
-0.1378317043143871
-0.1375958265246696
-0.137276057045956
-0.1372859926275744
-0.1375136006158953
-0.1400049744325238
-0.1395259030950889
-0.1394585707009611
-0.1365055629153084
-0.1369924015117819
-0.140596615121179
-0.1397212373748219
-0.5393574854094663
-0.5521408113602124
-0.5535230841252098
-0.1357636463880267
-0.1367454094376804
-0.136979278962079
-0.1369663675914011
-0.1390160834736087
-0.1387777556576505
-0.1387543891770806
-0.08954422373318285
-0.09114384649109895
-0.08954421645185655
-0.09114383601836597
-0.09434369012818233
-0.09434369827177877
-2.167155710113493e-05
-6.344640133694183e-06
-1.578810993848416e-05
-0.0001097383467802115
-7.198954642294512e-05
-0.0001010326114379182
-0.0001556267179802135
-0.0001119691537987637
-0.0001424538756019082
-0.1025977276654745
-0.1042500854464874
-0.1043900226018432
-0.1076909447901029
-0.1076467226532657
-0.1008990840393383
-0.102558680446181
-0.1008917764025677
-0.1025472179694082
-0.1008917720431859
-0.09759616152928775
-0.09759616590060503
-0.03062176506740706
-0.03164535100016549
-0.03054905595558467
-0.03138643435587363
-0.03030822950247109
-0.02835520398304639
-0.0284773754042187
-0.03157314484943728
-0.0326838817964878
-0.03133408087173054
-0.03232793005720242
-0.03455203124412804
-0.03466892677969891
-0.1127765535653012
-0.1144794756597071
-0.1110452844434335
-0.1179654549440937
-0.1196967647265509
-0.1161833111665485
-0.1153112844085517
-0.115322316562819
-0.7204899589348116
-0.7203946984279712
-0.7355584520600906
-0.781596681514157
-0.7820058138552057
-0.7060476027168123
-0.7207979048020661
-0.7212547229506693
-0.737241676758999
-0.7365844470819949
-0.8307012200113634
-0.829255817534456
-0.7976599604097664
-0.4578323128495239
-0.4709649192125667
-0.4458764928829868
-0.4006155072220654
-0.4123279572767383
-0.4014935205882972
-0.3977251368186596
-0.3971622251775246
-0.4094953431231672
-2.926634648157219e-05
-5.780484328195205e-05
-3.489355573266738e-05
4.398048779149464e-06
8.436344863555421e-07
2.69452013183187e-06
1.407263836200098e-05
5.91920865817439e-06
9.93315810204522e-06
-0.000649348546860358
-0.0007643413096562615
-0.0005888607690324977
-0.0003953856259082426
-0.0003681489431586506
-0.0004659278126852871
-0.000298917765661678
-0.0003635794319595887
-0.0003199735676531343
-0.0003953856221363226
-0.0003290793383185673
-0.0004248084041283057
-0.0005888607625122602
-0.0005086392498874825
-0.0006147238435564157
-0.0002989177611082999
-0.0003199735631972322
-0.0003635794269458611
-0.1315093395849889
-0.1310630703717934
-0.1310409308364225
-0.1305382978165288
-0.1314359710637342
-0.1333172589410795
-0.1337935136303085
-0.1328617143742399
-0.0001097383433985526
-0.0001010326082766895
-7.198954351968274e-05
-2.16715555184965e-05
-1.578810836147889e-05
-6.344639089589451e-06
-0.0001556267143455809
-0.0001424538720139712
-0.0001119691506737672
-0.02480022901152621
-0.02388429197686555
-0.02472425954853168
-0.0235547143532493
-0.02442316431757537
-0.02641053827907072
-0.02653447176073376
-0.0235547166340412
-0.02373659514665392
-0.02472426324000647
-0.02641054317692434
-0.7997810088022383
-0.8307030919117179
-0.7527307979347592
-0.752021647288024
-0.7976596848092662
-0.8292573766037535
-0.8445973932001696
-0.8451897423875327
-0.9252353091149923
-0.925951926538551
-0.8627503304688092
-0.03109501858274884
-0.03005986104694341
-0.03117470592328881
-0.03018027063005799
-0.02811085981868655
-0.02807013754135079
-0.03062178345255403
-0.02835519211311638
-0.09596973976013977
-0.09602006554079202
-0.09442053575594034
-0.1093415744324983
-0.1076291672805726
-0.1075870453377727
-0.1084372069766461
-0.1084321286553702
-0.1059277185447655
-0.104237462167731
-0.09767040143009249
-0.1008990901425243
-0.1009227198026883
-0.09596974683966786
-0.09602005561740187
-0.097670399238118
-0.1009227130718798
-0.1042206616979225
-0.1033880842668472
-0.1033824518217432
-0.1042206664207361
-0.1033824576963068
-0.1033880911105424
-0.1075818030715633
-0.106737013980749
-0.106737016107703
-1.692162678694904
-1.675319854216057
-1.709030539690843
-1.826776724813024
-1.809970743997802
-1.809981259103863
-1.725795613172242
-1.725833181711838
-1.75947768927268
-0.3953260052814905
-0.3951596211315982
-0.407147341919816
-0.4441617826023762
-0.4448999639763132
-0.3966616681978956
-0.3962285199010145
-0.4084538360344734
-0.03984470461002864
-0.03869353093490011
-0.0399197044575803
-0.03880691118402265
-0.03650546729389702
-0.03646708854975794
-0.04006970965081544
-0.04029470790391428
-0.03922264280227973
-0.03673574272697336
-0.0415167723862188
-0.04118191862566521
-0.04362867230690931
-0.04373853459478692
-0.04099587339333469
-0.0434089365243732
-0.8466945772798525
-0.8458910454056489
-0.924042515858147
-0.9235786163523144
-0.8600492826837841
-0.1386994747418049
-0.1386736874586055
-0.1392783404376956
-0.1423333547849777
-0.1388196442500391
-0.1387862950429049
-0.1394662894134997
-0.03213017589738185
-0.03431824059030172
-0.1387555550896098
-0.1387863654987364
-0.1393644421200552
-0.1414690503762562
-0.1386488758489241
-0.1386736457233118
-0.139202634890974
-0.1387678574480091
-0.1384459791543871
-0.13843331603441
-0.1418332471957091
-0.1388312811620848
-0.1385036651607917
-0.1384880316277458
-0.1370464095257001
-0.1372667524421975
-0.1372741507893162
-0.1373032696488103
-0.1374178535115698
-0.1371932110050318
-0.1361567033916982
-0.1366053983853683
-0.136163947853949
-0.1130437754665276
-0.1112908737349215
-0.1182184402679264
-0.1199166736925768
-0.118095548221708
-0.1146350719461807
-0.1214870879356295
-0.121468958221442
-0.1197314332433245
-0.1110869704989232
-0.11803292458741
-0.1381084085707861
-0.1377929758034417
-0.1378019477565195
-0.1381549882396793
-0.1378319355875652
-0.137842967935193
-0.1394479297405112
-0.138767850371406
-0.1394659210934383
-0.1378858405036791
-0.1377289394666429
-0.1380514424966398
-0.1379430312249302
-0.1377814553796746
-0.138114485569155
-0.1396228929028323
-0.138909142708933
-0.1396500903839189
-0.13738862236465
-0.1374987046245351
-0.1372723970584022
-0.1373373960062989
-0.1371120760698128
-0.137342680300874
-0.1362453162013837
-0.136697934051892
-0.1362348588446475
-0.1370786402169308
-0.1373078408295398
-0.1372988048842066
-0.137046409819935
-0.1372741510652701
-0.137266752268172
-0.1361715604868203
-0.1366208813168043
-0.1361639495371978
4.398049324968136e-06
2.694520661680868e-06
8.436355470816734e-07
-2.926634437259979e-05
-3.489355344374226e-05
-5.780484079723776e-05
0
7.766747867363366e-06
9.933158541859377e-06
-0.1305067259176305
-0.1296131633658997
-0.1296867926519621
-0.1301297819617259
-0.1301518439872502
-0.1278243194821345
-0.1287247629580479
-0.1278420960226508
-0.1109864041313519
-0.1092802049161181
-0.1109898820730601
-0.1093103110705747
-0.1110288580291767
-0.1144417938754777
-0.1135748704040812
-0.1135839463696793
-0.1378799559543776
-0.1379961391175795
-0.1380092745108185
-0.13793181391593
-0.1380500971933272
-0.1380642407515011
-0.1373998077344887
-0.1376461166957841
-0.1374103510811099
-0.1379317796499494
-0.1380641927853369
-0.1380500708428679
-0.1378799717575781
-0.1380092823803662
-0.1379961627055966
-0.137420829479716
-0.137669517394743
-0.1374103445250231
-0.03756118933341447
-0.03644789052481569
-0.033185174075961
-0.08797140413133682
-0.08795788757990583
-0.09435644552343109
-0.0005426659423692168
-0.0004642727170256573
-0.0005221921217681694
-9.787469056573347e-05
-8.597302617000193e-05
-0.0001387968398704592
-0.02732134252737429
-0.02630728050115391
-0.1009585871077405
-0.1094107380355278
-0.107747930957192
-0.03543118992829457
-0.03656302744597929
-0.03558587875493039
-0.04477853265110661
-0.043537143165806
-0.04460824573294599
-0.04343414888831558
-1.991011270286254e-05
-4.66252653681155e-05
-1.60916759734774e-05
-0.1394150056701216
-0.1394000942026662
-0.1387410531680443
-0.1361433099269936
-0.1361371609495557
-0.1365914502767793
-0.03254546115250687
-0.03261222862230113
-0.03359976146293035
-0.02732134755303058
-0.02825338016406795
-0.02969158013491555
-0.02861988438884401
-0.1216279109177374
-0.1225272979894982
-0.1224890011255331
-0.0344546266538806
-0.03381330115868811
-0.03480531816533917
-0.02715728684058922
-0.02616269807732353
-0.02622466912755824
-0.1214401555218036
-0.1223281016852248
-0.1223158855581213
-0.7658866058632323
-0.7507197160862514
-0.7505774004670163
-0.6177578904827007
-0.6176676274990407
-0.6465375696392816
-0.7072912805787583
-0.738036048776491
-0.7360634621647543
-0.7664537773802544
-0.4602023740156011
-0.4721250746109426
-0.4735048872354682
-0.3777390481197437
-0.3786509828475287
-0.366589371659597
-0.8912962920140706
-0.8752737498066379
-0.8756197127866372
-0.8760725421348983
-0.876338211613622
-0.860299201643125
1.205086644650489e-05
1.184274495184015e-05
-0.0008208376656927828
-0.0008518369290689046
-0.0007294603251913801
-0.0002674149828907787
-0.0002928003922277503
-0.0002105986566239898
-0.0003912416157754538
-0.0003237144408865936
-0.0003726855801717419
-0.0006080172370480393
-0.00068936090917334
-0.0005735224849337311
-0.0002758256531997615
-0.0003260106881093814
-0.0002053727298870348
-0.0002231813789551477
-0.0002806035787326522
-0.0002038201825510089
-0.1314201486541927
-0.1333566603960065
-0.1338131480815675
-0.1338350875155432
-1.590752211423618
-1.556935979810976
-1.590827069465189
-0.1376930442314004
-0.1378127960950062
-0.137825403336231
-0.1407169056480437
-0.139990962978515
-0.140132778920404
-3.569845745155986e-05
-2.83135828047122e-05
-1.576291099836154e-05
-0.125247791947162
-0.1243370454959357
-0.1261148299205369
-0.0002309244485085158
-0.0001774271875681387
-0.0002456360118026435
-0.4311655223725851
-0.419145930166608
-0.4188916710301241
-0.02283548391314782
-0.02290714424533811
-0.02195037319505325
-0.02581245130487057
-0.02667907499011582
-0.02715728564943094
-0.02817193430391074
-0.02260188769894497
-0.02270808414928323
-0.02581245593092711
-0.02480023289014488
-0.8007100054375144
-0.7691964800573443
-0.6472364100859173
-0.6615483164183759
-0.6620531382209287
-0.7658875290787948
-0.7813182441428771
-0.7811779560281011
-0.02904470661891274
-0.02804976771853468
-0.02969158395716563
-0.08803918167911895
-0.0880645818042573
-0.08646911242461233
-0.1095489693854418
-0.111209292206805
-0.100958581179373
-0.1009811479329034
-0.09930978124432763
-0.1059059567165193
-0.1067449646296626
-0.1067528667144097
-0.1394849034880125
-0.1395261500714653
-0.1403370322737786
-0.10433074074954
-0.1060063201711987
-0.1043587687293283
-0.3727880641980628
-0.3842302973799123
-0.3731706170558793
-0.1362247534565008
-0.1362055970036808
-0.135729706215434
-1.893728742208265
-1.860208520374851
-1.860252077868743
-0.03817056714820774
-0.04275634696361666
-0.04386672264638661
-0.04699172404166577
-0.04823422600780154
-0.04576711451055347
-0.8934508666107043
-0.8780440300234558
-0.9096736355906058
-0.1404155422780318
-0.1398734902758399
-0.1397711221163529
-0.04216570996641476
-0.04099587220272552
-0.04335400894314425
-0.000381959016665824
-0.0003020787447215707
-0.0004438559958777346
-0.1401386167341824
-0.1394479314218023
-0.1394150013604568
-0.1366378797679169
-0.1368583297266281
-0.1368673968634081
-0.1180622636150961
-0.1197778074910036
-0.1277404608964395
-0.1277650854938789
-0.1390024874942714
-0.1386352117277447
-0.1386575087886982
-0.1144286827394872
-0.1152962251974544
-0.1152919762064489
-0.1373786887518074
-0.1373681459643885
-0.1376230072908947
-0.03213017502959876
-0.03425980149568539
-0.000567685244310453
-0.0006731517080603828
-0.000637862709441414
-0.0002053727341441131
-0.0001543432249273485
-0.0001945674619426141
-0.02514681932391781
-0.02421369651545376
-0.02610074290984065
-0.04587523190244331
-0.04584597596971923
-0.04710113969463593
-0.091262856185958
-0.09286251906417423
-0.09129442092641152
-0.1269109789203913
-0.126034052639439
-0.1260018264592396
-0.1110153046807597
-0.112729147691563
-0.1110289197408939
-0.03026052862524944
-0.6914460132460536
-0.6909662276625428
-0.8129009053141737
-0.7820036039383774
-0.9227939826176538
-0.9227383897022728
-0.890846619432843
-0.0006493485397896654
-0.0007151267855701429
-0.0005426659358063738
-0.1361313820616843
-0.1361371604690559
-0.1365790332947878
-1.692034558764408
-1.725727493413195
-1.658233777984272
-0.1288054999410194
-0.1292453969486436
-0.1292693027773252
-0.09444462129682064
-0.0928102175518864
-0.1075870450280912
-0.1084321267833665
-0.1084372075569433
-0.1388312642868667
-0.138488072649697
-0.1385036019506702
-0.136656399307123
-0.1368866960873614
-0.1368768555837148
-1.893897617134285
-1.860361192036281
-0.1373576915832372
-0.137368179851135
-0.1376002875713313
-0.1376230326324891
-0.1377512257830991
-0.137739292831928
-0.1365914500806082
-0.1368188435308957
-0.1368121206057472
-0.002298147793896949
-0.00243351365963682
-0.002479958686719573
-0.00126036108563616
-0.0009888014504106438
-0.001635862461598329
-0.001758237955595608
-0.001791397140979789
-0.09627614992147093
-0.09470634879990492
-0.0944721465482616
-0.0913292895510165
-0.09140919787015293
-0.3049795611686385
-0.2964461684661331
-0.3012236912464661
-0.2907093371311453
-0.2735418804446198
-0.275530566544858
-0.1601997470058097
-0.1582342730615787
-0.1634163243549177
-0.1751557460530123
-0.1808491536020164
-0.1779831821303989
-0.170968871455847
-0.2594671329471301
-0.2688149889711999
-0.2594673046760806
-0.2688154874171234
-0.2874434514612715
-0.2874436217486299
-0.3049781627144163
-0.3159734956182119
-0.3012219939569231
-0.3104516692525348
-0.3325468163882134
-0.3343190234352287
-0.1250267153223726
-0.1250086236789956
-0.1277404529152557
-0.1295435844034435
-0.1304101334799356
-0.1285844552243837
-0.159529041680373
-0.1588567972160199
-0.1621145408864976
-0.1751557545122561
-0.1767506760977669
-0.1626552685015986
-0.1601158675698711
-0.1618243086583353
-0.002575439783573176
-0.002763629930273159
-0.002723953991015687
-0.002469106817003873
-0.002644341450650656
-0.002631068866985522
-0.001887174060843555
-0.002049347524168727
-0.002022739394956094
-0.1286792421514232
-0.1295699521606946
-0.1277651258408639
-0.1232520653783459
-0.1250964312819682
-0.003274533418585565
-0.003113061375265503
-0.003073641631962843
-0.003169397844077776
-0.002994499124457835
-0.002981291683889142
-0.004014725440004354
-0.003617067372876167
-0.003985573383045336
-0.1696873786809456
-0.1767506704328494
-0.1595290490939116
-0.1621145433602199
-0.1588568041793781
-0.1660627103557067
-0.1678359113939682
-0.1626552769013992
-0.8435008736490146
-0.8278363695370442
-0.843424724493216
-0.9232158189937038
-0.9235781618670253
-0.8282633782784597
-0.8437476080818297
-0.8441123744336674
-0.01090214990479623
-0.01030503486730541
-0.01080822326237401
-0.01016321055621384
-0.009015854377775504
-0.2636075250026231
-0.2735412460841228
-0.2608577973467074
-0.2694979007232572
-0.2894108278580846
-0.2907096041062375
-0.08959767931141729
-0.0897050376121281
-0.09442053323652039
-0.2986760567270217
-0.2894103757105833
-0.2975929887627052
-0.2875685805448047
-0.2694984802052004
-0.2973883486347595
-0.2986760166363925
-0.2608581782232298
-0.263607861387067
-0.307311939874956
-0.3289515547915504
-0.2964481950407289
-0.1383796890905296
-0.1383640293515068
-0.1388265257560509
-0.1409554511407365
-0.1389152028681922
-0.1386893319598128
-0.1386688385827483
-0.1376982248526896
-0.1378106288840284
-0.1378210911540239
-0.1378532872616687
-0.1377349047447868
-0.1378478356168361
-0.1372371597169897
-0.1374728615626342
-0.137246747823223
-0.002469106823852903
-0.002631068872501657
-0.002644341459675343
-0.002575439801990408
-0.002723954009270142
-0.002763629950946725
-0.001887174071069006
-0.002022739404615717
-0.002049347536257597
-0.001260361074644443
-0.001453476261130009
-0.0009888014414415084
-0.002047053849585399
-0.0022981477758453
-0.001374476740968073
-0.001410687309197572
-0.001635862450795551
-0.1381632303649864
-0.1381516961820995
-0.1385479631831725
-0.1403212472414017
-0.1382113573731657
-0.1381990151208999
-0.1386084464211329
-0.1382631088320155
-0.1382498096092647
-0.1386743440218024
-0.1405965917860882
-0.1383189521844307
-0.1383045707424968
-0.1387465417928531
-0.137548959441212
-0.1376598504147967
-0.1376684078553564
-0.1375835856604207
-0.1376947521047573
-0.1377037608559737
-0.1370962398270118
-0.1373268649344915
-0.137104349386162
-0.1376199714938756
-0.1377314744278061
-0.1377409451630727
-0.137658159777864
-0.1377700701534868
-0.1377800219597324
-0.1371637433579157
-0.1373965591078802
-0.1371725977459871
-0.1387379200339459
-0.1383115264059079
-0.1387078305212306
-0.1417235032444343
-0.1389736556872995
-0.1388768248807784
-0.1395812420197118
-0.0001252552765605154
-0.0001161928291853214
-0.0001047330256611684
-0.0002481267607933366
-0.0002604409401623915
-0.0001057621464905306
-0.0001190644974916434
-0.0001400072688666223
-0.0002481267593868064
-0.0002027310744073654
-0.0001047330258685606
-9.871001460094386e-05
-8.899221020412244e-05
-0.0001718235825618314
-0.0001866329840095611
-0.0001400072680143777
-3.868517564104127e-05
-6.514797538733337e-05
-2.044041424003071e-05
0
-2.34848347402477e-05
-8.703898526014237e-05
-0.0001057621462851586
0
0
-3.868517553346695e-05
-8.703898534704693e-05
-0.003169397835445587
-0.002981291677672845
-0.00299449911431526
-0.003274533395565275
-0.003073641611565448
-0.003113061352144617
-0.00396292409644592
-0.003564860371405792
-0.003985573362993526
-0.01080822325461971
-0.01016321055562215
-0.01090214989279053
-0.01030503487393023
-0.008967912487144927
-0.1647428340842162
-0.1634163270400222
-0.177983198244757
-0.1380504531199247
-0.1380445399374468
-0.1386800820873102
-0.1415967862198047
-0.138079913912432
-0.1380716671790069
-0.1387175450262327
-0.1370011956330829
-0.1372223123265053
-0.1372264306270874
-0.1370205896145775
-0.1372412515521654
-0.1372470135909947
-0.1361119507014793
-0.136558821567799
-0.1361162531585008
-0.004942990838051253
-0.005396554607368391
-0.004901741815843469
-0.002103579154960737
-0.002404284772533252
-0.002166685476405995
-0.0007866700775018032
-0.0009477040020381077
-0.1267749562560345
-0.1258752689170489
-0.1258907880988177
-0.3606379250438837
-0.3719435466341693
-0.349598932057039
-0.00686869456143341
-0.007941977274280672
-0.001092264324164963
-0.001559731258029696
-0.2556979845964103
-0.2539602543568857
-0.167930576644381
-0.1736124236285233
-0.1688146067684125
-0.0879984810330743
-0.08803912411791334
-0.1559321457990338
-0.156747364311925
-0.1534072434065347
-0.09794910073034994
-0.09785984224721819
-0.09315060846011139
-0.09150251295178984
-0.3159807051971161
-0.3138477436516479
-0.2882602341705159
-0.2778263718637013
-0.1839564996005021
-0.1853218371664143
-0.1643486073381236
-0.1612145954851831
-0.1622370128629289
-0.2507918952359218
-0.2504365498940084
-0.3423700768234455
-0.331058859087387
-0.3272126431202969
-0.3363695152620225
-0.251500850774141
-0.2525585465999055
-0.1313594222224904
-0.1313744218423421
-0.1322721881083119
-0.1370803020834978
-0.137072472295528
-0.1373104576282135
-0.002138297251347922
-0.002300403316836666
-0.002293693313716914
-0.1679305640817655
-0.1671702695227684
-0.1625393337354106
-0.2046999622743803
-0.1242230884752213
-0.1260017745490866
-0.1544628017803202
-0.1569863495532267
-0.1538204980453879
-0.005241887017058907
-0.005718475571444844
-0.00479027152457818
-0.00409221328648178
-0.004140420094346076
-0.003695162073248634
-0.01159314087437746
-0.01152319016668598
-0.1400202224333211
-0.1393404246864319
-0.139322854763975
-0.1360939693406193
-0.136098464331578
-0.8128981103927351
-0.8125128010511037
-0.8908459087658239
-0.8750396465924886
-0.8749262937304605
-0.9398319091095368
-0.9078260524859482
-0.007246269849413216
-0.006720712219422977
-0.007796129902858911
-0.009732043826262861
-0.009087687757941693
-0.3400194504225733
-0.3092051831286994
-0.3082593859211056
-0.2529975532381983
-0.2434336392815892
-0.2601446959624232
-0.1395016864538204
-0.1390955749607332
-0.1390543819268642
-0.1371125541501096
-0.1371292437474905
-0.1369224713677504
-0.1400120122299318
-0.1396357246951188
-0.1395096408766983
-0.0001718235836508275
-0.0002301289505911441
-7.454280989147849e-05
-0.1397212118517706
-0.1392843437030005
-0.1392330336717066
-0.1375135768498159
-0.1376270381537972
-0.1376376938788627
-0.1372182556151487
-0.1372089379245112
-0.1374531525291695
-0.001104739409834302
-0.001847356491840679
-0.001711846078485942
-0.001698625491759266
-0.194478957307156
-0.009541701195262112
-0.008943920726976223
-0.003936950603755218
-0.00393363347105202
-0.003538684039461038
-0.1393249462784456
-0.1389420476675989
-0.1389077562123214
-0.1374882514178736
-0.1377592080732183
-0.1367580275200622
-0.1365008685310285
-0.1369993948057756
-0.01145319639817749
-0.01147653311496392
-0.1365790347128389
-0.1367998507805138
-0.136805790163227
-0.004194956472780651
-0.003798739913055072
-0.004255707082896104
-0.003695162044702987
-0.003481731615588757
-0.003527371078034735
-0.126746493711579
-0.1276455938539269
-0.1276326685623076
-0.1294731972509943
-0.1276779500127339
-0.3175349111007096
-0.3073157387956044
-0.3280413330053457
-0.009732043848962681
-0.01039948830588295
-0.009183405878845226
-0.007551790201449421
-0.00744206337474669
-0.005044205994337888
-0.004990490758206029
-0.005497040589008703
-0.158218295050999
-0.1561611893140362
-0.155373429406803
-0.160199746259076
-0.1571025616347916
-0.162237016588386
-0.1839565191382847
-0.1826945571949587
-0.1901803860134508
-0.3504760006267601
-0.3513422606127545
-0.3448727435122996
-0.3353111114652887
-0.003538684044312283
-0.003350803388015561
-0.003344275595076029
-0.004431337799691258
-0.004050294430846638
-0.1356610938524005
-0.2882611021636931
-0.1373608970667914
-0.1374723007685049
-0.1374811495076647
-0.000265603019125845
-0.0001880392497379164
-0.0001297467221812265
-0.0001087042870365701
-0.1374338681482082
-0.1375460927760598
-0.1375558091304039
-0.138189270299006
-0.1381970767109938
-0.1380467729509175
-0.1377761865330659
-0.1379076966387232
-0.1379162977384574
-0.6486142673623705
-0.6346774879856962
-0.6472361646542064
-0.6325608113380287
-0.6045998017927677
-0.6053426559213873
-0.04970532897188373
-0.04991625831891449
-0.05124261820747496
-0.05358420985567131
-0.001570291945596937
-0.001474429679389501
-0.0013631475071736
-0.001852787382396014
-0.001769784277084551
-0.001176632009611195
-0.00132263904102853
-0.001235783463968105
-0.5352230435729238
-0.5484890876753116
-0.5368944156478956
-0.5509354837912698
-0.5773736967492576
-0.5765942062383933
-0.001896253054440062
-0.002975702969066954
-0.003192761027417633
-0.002975702988473542
-0.003192761050602642
-0.00189625306386723
-0.001570291952786102
-0.001852787395361868
-0.002394601044955351
-0.001092264333730141
-0.001154636157726086
-0.0008870078375884042
-0.00169313801206918
-0.001769784290419845
-0.001155696004422128
-0.001118379229929465
-0.001261669467836668
-0.121591687139648
-0.1215598714529281
-0.1181738311109801
-0.1164400440686397
-0.1163609392379379
-0.1180622904736003
-1.118891332561077
-1.185750089548081
-1.219206665647734
-1.185481602975984
-1.455724557843478
-1.489516788243033
-1.387855915046122
-1.387711679744072
-1.455339834376931
-1.48927957714173
-1.185953005236571
-1.085772933395844
-1.08607491839157
-1.119409244089236
-0.08328109883287584
-0.08175031489359776
-0.08173615025934948
-0.08333719655065734
-0.08182124357637983
-0.07871607903916378
-0.07795435365967157
-0.07946692838408073
-0.04873052665062506
-0.04841148635751513
-0.04614548331528659
-0.0398447039692214
-0.03991970322417562
-0.04110747821967109
-0.04337232170789007
-0.0716343983785437
-0.07024241454061465
-0.07145156708581153
-0.06996556180742564
-0.06717894965383529
-0.06727298268988095
-0.0499162662371261
-0.05124262314148729
-0.04970534140614898
-0.05092887356586807
-0.05368704136166998
-0.03880693163851308
-0.03869353072026142
-0.03650546502187334
-0.08490932600794529
-0.08482609639161937
-0.08799847430309453
-0.001609710932141956
-0.001363147511559641
-0.00123578347101518
-0.00119489974275132
-0.001341894905232104
-0.001693137998505821
-0.001449528135320067
-0.0008870078296003664
-0.001155695996758223
-0.00126166945908142
-0.001118379221986397
-0.02338596425644746
-0.02330158522289472
-0.0242136962055881
-0.02616269679197505
-0.0233859659911986
-0.02251693634178931
-0.02330158587725071
-0.02238947624536386
-0.02069359512684599
-0.02433937909605835
-0.02612138897711653
-0.4815367785580004
-0.4944409717087613
-0.4957950870919809
-0.521517154423972
-0.5210843907411885
-0.03117469134811412
-0.03109501655003452
-0.03005986012103235
-0.02811085924507695
-0.03224881640439314
-0.03427927622021985
-0.7091091184685688
-0.6948833421321893
-0.6920867348613428
-0.6635578057191379
-0.6645433720413549
-0.04841148829270808
-0.04873053000004507
-0.04603737323628655
-0.5894531433830921
-0.6034738914033039
-0.5902231368927859
-0.63220247683746
-0.5917441585356018
-0.5939796771193762
-0.6086097236411574
-0.6615451543925241
-0.6914481105561914
-1.590901225565715
-1.624677636921243
-1.523110249430607
-1.523019701209715
-1.590682982597922
-1.624551647261298
-0.5808061943060073
-0.5521384528001503
-0.5754131043770796
-0.5240798434811711
-0.4966901760894454
-1.65832850155028
-1.725885146868675
-1.658471324200235
-1.387454084280589
-1.438284701617181
-1.438372263955323
-1.35380983721416
-1.590966621042969
-1.523413545290682
-0.1405425120046117
-0.1397568087196564
-0.1406971686189452
-0.1385722036849955
-0.1389164957849135
-0.1385578160794944
-0.1386390347629436
-0.1386592122014571
-0.1390199565904768
-0.1383640549437779
-0.1381408386822243
-0.1381539062891455
-0.1384287209944912
-0.1381944980201664
-0.1382085312298857
-0.1392843693691668
-0.1388265427078358
-0.1393111320551827
-0.7060471432055332
-0.6904784171938545
-0.5144572552118214
-0.5006408656404091
-0.5678388575901893
-0.5253396798239827
-0.4842905867083869
-0.4869879775600395
-0.1234303156524184
-0.1233539292526558
-0.1242230727434742
-0.126071580499228
-0.1112908707795629
-0.1113364666795732
-0.1147599211518647
-0.1180329000253324
-0.1232520442177572
-0.1182184533046411
-0.1217131964088588
-0.1380008572748939
-0.1379921204661105
-0.138348816268709
-0.1399219375488233
-0.1380373483323906
-0.1380279924406983
-0.1383929673702703
-0.1380764373972773
-0.1380664155536577
-0.1384406161820405
-0.1401015324490856
-0.1381182795841505
-0.1381075452502543
-0.1384920638551977
-0.1374273726516912
-0.1375375787474878
-0.1375444243616458
-0.137455271023296
-0.1375655941173232
-0.1375728626348269
-0.1369792768420132
-0.1372067595141789
-0.1369858764640659
-0.1374772837666591
-0.1377056958494643
-0.1374848284348773
-0.1375160525524261
-0.1376267151750199
-0.1376348368048605
-0.1370347390273934
-0.1372636298037633
-0.1370420968684906
-0.138572279233532
-0.1385579455029668
-0.1389164770999949
-0.140696648927214
-0.1386394204423386
-0.1386207259569304
-0.1390200273819853
-0.1381516912989346
-0.1379592776422804
-0.1379693258258101
-0.1381990105425124
-0.1380003981944347
-0.1380110733638307
-0.1389420439610622
-0.138547954922722
-0.1389597509243384
-0.1382498062623631
-0.1380441516495609
-0.138055539989065
-0.1383045805421768
-0.1380908379884684
-0.1381030030088466
-0.139095575632073
-0.1386743365287064
-0.1391169663695583
-0.1376581609664441
-0.1377800239213393
-0.1377700688185956
-0.1376199618668437
-0.1377409347730323
-0.1377314629469528
-0.1371815466104088
-0.1374150055641183
-0.1371725949324635
-0.1375835744043393
-0.1377037483315887
-0.1376947404028546
-0.1375489512772473
-0.1376683987160609
-0.1376598425662783
-0.1371125445936269
-0.1373436678903084
-0.1371043404358195
-0.1381240778303691
-0.1381319722477436
-0.1379936172136811
-0.1374515452392128
-0.1380934402661357
-0.1381009578718801
-0.1379657312048492
-0.137495767786508
-0.1377590737259575
-0.138189254509577
-0.138046694391627
-0.1381971092243467
-0.1381561028996853
-0.1380214126856487
-0.1381643752084353
-0.1374613797177326
-0.1377164008895104
-0.1378632699879739
-0.1381239114199159
-0.1380933472544587
-0.1379656543484643
-0.1381008434285651
-0.1367581782130044
-0.136999560951252
-0.1365008983416291
-0.1377756651753244
-0.1376475478991893
-0.1379162258390504
-0.136984086443519
-0.1369912257924246
-0.1372376408829424
-0.1388059875283717
-0.1388586646743785
-0.1393215820446487
-0.1386811473303593
-0.1387053150600279
-0.1390894642007111
-0.1380444744731067
-0.1377396345566327
-0.1377445600659562
-0.1380716681416688
-0.1377622769121589
-0.1377691752853308
-0.13934043054568
-0.138680052848935
-0.139350500734215
-0.1370205869359961
-0.1372470104866412
-0.137241248133997
-0.137001191501477
-0.1372264251196339
-0.1372223071535731
-0.1361209273197257
-0.1365681543601118
-0.1361162515055716
-0.1380664146689101
-0.1378843827236976
-0.1378932398433858
-0.1381075441105548
-0.1379206491921113
-0.1379300736832674
-0.1388137040309866
-0.1384406110165389
-0.1388285408829193
-0.1375160477468926
-0.1376348315063033
-0.1376267108176772
-0.1374848259853181
-0.1376029929202042
-0.1375953007145475
-0.1370495459288853
-0.1372788366652857
-0.1370420934132429
-0.1379354023698455
-0.1379279045712181
-0.138270473873519
-0.139772920788425
-0.1379668636728565
-0.1379587713173638
-0.1383079647688776
-0.1373765173876485
-0.1374865730120816
-0.1374925845224208
-0.1374011248762938
-0.1375112426393839
-0.1375176704414009
-0.1369299149366558
-0.1371562430228234
-0.1369357499353671
-0.07287664890380881
-0.07314824881430128
-0.07590700875600769
-0.0225169346588378
-0.02065052460714091
-0.1377402989255374
-0.1378643287386025
-0.1378533132687204
-0.137698238451428
-0.1378211063660621
-0.1378106416832897
-0.137256444043158
-0.1374930230747537
-0.1372467632877937
-1.590625160952547
-1.556790086795611
-0.05258531512377022
-0.05488765940810694
-0.05353923714373974
-0.001036347128558747
-0.001123265861554831
-0.001316133842810401
-0.001216749953666662
-0.00285558984768619
-0.003193739615857152
-0.002786789304507813
-0.0007643413021703324
-0.0008208376584953887
-0.003435989120710249
-0.00301184511123899
-0.0008848363192139737
-0.0009197226731955716
-0.0007925260308041253
-0.003551015044224407
-0.003483142118590998
-0.003927325805759575
-0.00343598909355949
-0.003884467309047477
-0.003705389187868038
-1.236054223293174
-1.235897261985165
-1.658277572686257
-1.692077765775982
-1.422114895349285
-1.186210421175199
-1.152898370719688
-0.08032004040012576
-0.07869429509056716
-0.07794338981298633
-0.07793609321085043
-0.0475636131390168
-0.04627159884598356
-0.04231336614015489
-0.06993282767072284
-0.06852727552025592
-0.06886690507305045
-0.0673827032959867
-0.05217049066454921
-0.05258531679758518
-0.05380701826011421
-0.1389077560205208
-0.1388911799742255
-0.1385194336563902
-0.137064732473966
-0.1370724665812796
-0.1372944442577231
-0.001955290840164981
-0.00162314411157813
-0.02075817064274488
-0.02079856234495308
-0.02162954278853359
-0.01906406398493359
-0.01910497670717518
-0.01824148078250426
-0.5075532337527505
-0.5208680770462687
-0.03228597780379214
-0.03330542769355783
-0.6808279398276088
-0.665675245753653
-0.6320240382095568
-0.6756805425068314
-0.1392985850853505
-0.1393089768212099
-0.136111949101875
-0.1361044602287303
-0.1391786879145098
-0.1388137062613157
-0.1387849346929068
-0.1369925721601404
-0.13700624847583
-0.1367987461295403
-0.1387308309114239
-0.1387573211838139
-0.1389778197741671
-0.1390151752476836
-0.1395016892548709
-0.1371637375024313
-0.1371463006142502
-0.1368894449138364
-0.1370347360140508
-0.1370203033289563
-0.04756361050614712
-0.1377389705470325
-0.1378633753109248
-0.1378757414106169
-0.6233684921156978
-1.387437197873173
-1.42128210560609
-0.5615495416625298
-1.320068007254726
-0.1378755234765628
-0.1378815169611368
-0.1380074921544322
-0.1403097251566993
-0.140216283480373
-0.1395917051718809
-0.138915217807713
-0.1386689177382741
-0.1386892716682319
-0.1392330599481242
-0.1392084865549628
-0.1387855269338927
-0.1389537219547637
-0.1386138778963678
-0.1385934335764713
-0.1368969190494198
-0.136907532545167
-0.5754129316394021
-0.5478690292492868
-0.1371997220943457
-0.1372089472496939
-0.137433873819215
-0.1094107313281563
-0.1110869657871786
-0.1111413374514426
-0.1390561713627536
-0.1387053652872008
-0.1386809146097475
-0.1369663636125726
-0.1369600492366849
-0.1371935361786152
-0.1372944496131947
-0.1374052974335492
-0.1374133100368908
-0.139591493049232
-0.1392688275365498
-0.1392129575665533
-0.1378253575517135
-0.1378316870299444
-0.1379519631490367
-0.01915135327796947
-0.01832938224457573
-0.01920319301002022
-0.1364856171084406
-0.08066449748244763
-0.08213372343668027
-0.07909480836105394
-0.1441313176265951
-0.07736269276563679
-0.01978104134063402
-0.1387175317940175
-0.1383900686825279
-0.1383997793729258
-0.1371807086347065
-0.1372909468981865
-0.1372973339571848
-1.556708277607416
-1.539795394358606
-1.53977408399116
-1.506056330771531
-1.539900918466146
-0.1095489728076139
-0.107901574764912
-0.1078181589209999
-0.0208443251385695
-0.02171508804570026
-0.02089546317643567
-1.154012766877881
-1.12047743790631
-0.02255674813854687
-0.02162954132070202
-0.6904755306009401
-0.661033431218683
-0.1400202474713766
-0.1356495628820142
-0.1365510362915372
-0.1367760625067896
-0.1367724931763279
-0.1372344007417767
-0.1373448732620812
-0.137352070816877
-0.13917868702563
-0.1386084338902156
-0.1384016744048989
-0.1384157563270137
-0.1373785154121691
-0.137499155716791
-0.1374900941488109
-0.1367713477368132
-0.1372488155357718
-0.1373667670676125
-0.1373593678836828
-0.1374531634057831
-0.1375755912057135
-0.137565647448114
-0.1352958751775239
-0.1366979298458665
-0.1387465417988897
-0.1385231261039823
-0.138539848489448
-0.1373104507990311
-0.1374296354510912
-0.1374214186413126
-0.07467608991641382
-0.1404870902754639
-0.1398368878489927
-0.1401484118977724
-0.1384920553745215
-0.1382980024862382
-0.1383100997009377
-0.1333804944169107
-0.135734818101786
-0.135242776439762
-0.4824612693224757
-0.4815377428471493
-0.494440827062444
-0.5215169210465891
-1.021029818564827
-1.037580365316041
-1.020354741797025
-1.036606044106176
-1.069707247512119
-1.070010751937454
-1.826649332635359
-1.725681689271549
-1.691949470865199
-1.793074763398095
-0.1304637097874514
-0.1304101061064464
-0.1313020362123797
-0.1331879922073931
-1.02035468408288
-1.021030299423103
-1.0375809540095
-1.070011386962972
-1.069708060342994
-0.1294950807136528
-0.12956993722605
-0.1277178245899623
-0.1285098972950564
-0.1285199796998052
-0.1249400133746323
-0.1231692013919282
-0.1231775206538339
-0.1249568221408288
0
-3.818649886087203e-06
0
-2.496159527245853e-05
-7.364347170661092e-05
-5.276178877572266e-05
-0.0009350085900019692
-0.0008051503931848354
-0.001274315286419872
-0.001316133839718354
-0.0008631779237618107
-0.00127431528858495
-0.0009350085897969681
-0.000805150392794101
-0.0008631779244422379
-0.001033145607560791
-0.0005286484607523931
-0.0004553996304036499
-0.0007694183845297171
-0.000815362801951542
-0.000535797521813761
-0.0009955839449261373
-0.0009425364447291634
-0.0005663958324462636
-0.0005286484587859421
-0.000769418382928951
-0.0009393787882084196
0
-2.496159602929589e-05
0
-3.818650455469662e-06
-7.36434733724579e-05
-0.0005663958351736896
-0.0008124250825610945
-0.0009425364488552951
-0.1343172083404664
-0.1347774851204308
-0.1348037519638413
-0.1342727653264991
-0.1347351404360412
-0.1357232414454068
-0.1359711356048767
-0.1354878748489454
-0.4686148235062155
-0.4700296998988709
-0.443668506798542
-0.5894541690331502
-0.5765944306954441
-0.5480766381007637
-0.3835121199469932
-0.3950566746743528
-0.384606455687151
-0.396661332155497
-0.419149114356027
-0.9572674368292676
-0.9736865700241945
-0.9561535674527613
-0.9720746324923188
-1.004958633866735
-1.005460733946006
-0.4869877072537065
-0.5006415927885128
-0.4842903449082259
-0.4966896367699126
-0.5253402998433844
-0.3736231752029818
-0.3719473945754053
-0.3504730435888532
-0.1302971945638991
-0.1284967298440682
-0.234155021924314
-0.2298003698343611
-0.2370226141659376
-0.2577618672149671
-0.2298004032850663
-0.2341549731969439
-0.2434335838014514
-0.2556981341826144
-0.2277247600091918
-0.2081027874386226
-1.893728062119821
-1.860208365499386
-1.89389822165114
-1.860361582878167
-1.793074871179263
-0.9549830236314609
-0.9711263305118348
-0.9717000010352129
-1.003912904880132
-1.003732885503393
-0.0008153628009348999
-0.0004553996283900018
-0.0006567175530336321
-0.1395993249815889
-0.1390725262135702
-0.139561788782702
-0.1383335226904627
-0.1385915250065461
-0.1383422897386169
-0.1382997690289988
-0.1385490258064271
-0.1383079902227441
-0.1252477632146291
-0.1243369948569845
-0.1288298565943879
-0.1297099012941231
-0.1260715499404994
-0.1233539672197778
-0.1234302289376614
-0.1260340084757131
-1.087487526504541
-1.071299875998864
-1.03804730617781
-1.004959049426432
-0.97207486569641
2.137280640636116e-05
1.467321578615388e-05
-2.988074065829066e-05
-6.160602711958756e-05
-8.292862347348358e-06
1.855793951221689e-05
-0.0001969634829149776
-0.0004687617953063515
-0.0005526663352994794
-0.0002605279639688675
-0.0005526663345417068
-0.0001454766871542866
-0.0002605279626324056
-0.000397225740583882
1.467321582552826e-05
-8.292861555575678e-06
-0.9561537700157908
-0.9572687657299428
-0.9736858431409554
-1.085773875370011
-1.069240337550343
-1.036438439810245
-1.086657563459285
-1.087487266082761
-1.071300819698073
-1.003912746469813
-0.9716998273904254
-0.1062669839946003
-0.09963369222320434
-0.09794912655116784
-0.1011425870869937
-0.1044623475579959
-1.104192668115239
-1.103001737084756
-1.136454010551388
-1.136821528393506
-0.9553787193848997
-0.9711263950738099
-0.2210863732110926
-0.2103963528954113
-1.219629780876367
-1.203698571822048
-1.169693358255003
-1.590900865305862
-1.590966391291479
-1.52311045883279
-1.489280660354364
-1.523413181597265
-0.1379921576774459
-0.13781842288454
-0.1378262099118666
-0.138028017353795
-0.1378503449296923
-0.1378586595697812
-0.1387053623085591
-0.1383488236247453
-0.1387179952325895
-0.1374552688957034
-0.1375728604803799
-0.1375655925533577
-0.1374273721748925
-0.1375444241518156
-0.1375375791253565
-0.1369925728821827
-0.1372203812140512
-0.1369858761685344
-0.1373368771381401
-0.1375779722191711
-0.1379580654910976
-0.1378369408971273
-0.1379642947144278
-0.137933625642351
-0.1378132438079895
-0.1379396722365003
-0.1372960167875782
-0.1375346164468926
-0.1379098812147795
-0.1377901534074961
-0.1379157570247838
-0.13788679587416
-0.1377676477054703
-0.1378925100511031
-0.137958026199168
-0.1379642543181468
-0.1378369041399515
-0.1373265206389808
-0.1379335864254618
-0.1379396328965079
-0.1378132069928656
-0.1379098448847046
-0.137915719405038
-0.1377901196866582
-0.1372859716423341
-0.1378867655731658
-0.1378924783609144
-0.137767619869656
-0.138333380956318
-0.1383420873852063
-0.1385912993225938
-0.1395618959976113
-0.1382997571055361
-0.1383079807620022
-0.138549008412683
-0.1382679201811531
-0.1382757243099244
-0.1385095369502897
-0.1394269787688419
-0.1382375757339226
-0.13824502962767
-0.1384723672296186
-0.1378793657399692
-0.1378729368571637
-0.138204220527811
-0.1396500839573566
-0.1379062612505129
-0.1378993329307585
-0.1382359484916518
-0.137332208202489
-0.1374422128689839
-0.1374473945797465
-0.1375735343481634
-0.1373535460267244
-0.1368866914062471
-0.137112071000693
-0.1368917554097143
-0.1382525052136371
-0.1382449273662765
-0.1384906581479192
-0.1382835846473462
-0.1382756189976376
-0.1385289499935889
-0.1378319565446545
-0.1378266158203381
-0.1381486437527374
-0.1395485665494801
-0.1378545641580506
-0.1378486851700095
-0.138175077464842
-0.1372944355998496
-0.1374044737894904
-0.1374088294084872
-0.137312505845228
-0.1374225171336642
-0.137427286378806
-0.1368496518132205
-0.1370742588503792
-0.1368539409075742
-0.1379279347663706
-0.1377608682515463
-0.1377676171062351
-0.1379588132554459
-0.1377886119229561
-0.1377958741583415
-0.1386138777268034
-0.1382704788867857
-0.1386244507667464
-0.1374011266608566
-0.1375176726660688
-0.1375112452545691
-0.1373765202217563
-0.1374925878970142
-0.1374865765683505
-0.1369416858369371
-0.1371682815086605
-0.1369357532639607
-0.1225701384405832
-0.1224553127370163
-0.120770524123814
-0.4750980774607793
-0.4470876415289061
-0.133860964161501
-0.1328812425511442
-1.523019954130442
-1.624677021809893
-1.590683163251974
-1.7930440901657
-1.658178510347136
-0.212696769730991
-0.09785980915401829
-0.09782010176301456
-0.09949650261183593
-0.001176632015074095
-0.001036347133483764
-1.152899900638004
-1.136137779641187
-0.1285845506042574
-0.1276970090350445
-0.0007825798288157421
-0.1214130257489495
-0.1214080558484009
-0.124074438601497
-0.1258502694502668
-3.518951691370926e-05
-6.465682392526632e-05
-0.0002053441816838237
-0.1306187622932641
-0.1296867855330092
-0.124112207955325
-0.1258907707973982
-1.236256970092547
-1.236501576686242
-1.641584679430109
-1.641532017758912
-3.018174145421956e-05
-5.859782213049811e-05
-0.0003896514951310523
-0.0003349049786549359
-0.0003737799209492727
-0.0007291229794279012
-0.0007540726851774536
-0.0003849004561452191
-0.0004218166080991834
-0.0007743506506297407
-0.0008633956759437741
-0.0007384297381174766
-1.446576106212403e-06
-1.57629120338725e-05
-0.0001131856579109497
-8.590523074117561e-05
-0.0004567171436522931
-0.0006080172405463244
-0.1357468128642607
-0.135982900302267
-0.1359958744288894
-0.0002053441800796786
-0.0001492940905058327
-3.518951576054692e-05
-0.4434201499415751
-0.1368768512318947
-0.1368720765342206
-0.1371020220099727
-0.4089452819784405
-0.4068549124408438
-0.4188931303333084
-0.9901501807975743
-1.006030010933945
-0.514458866457059
-0.5267948366187236
-0.3396121873511305
-0.3508708368484906
-0.2529974695872391
-1.455454646415341
-1.556790180982774
-1.539837856177244
-1.539901171325054
-0.2216784912376487
-1.826782957873263
-1.75942093895538
-1.793055693403126
-0.9873474886978836
-1.003643023630189
-1.036353380323351
-0.0002831916341628924
-0.0002657007489337891
-0.0002350038904057876
-0.1315588102318155
-0.1310876623480411
-0.1320049143779183
-0.137681574680674
-0.1376871992276861
-0.1378016319647849
-0.1396803689753043
-0.1397241813112466
-0.1391341359025173
-0.1375560404863595
-0.137670380867928
-0.1376815412634247
-0.1390161206865951
-0.1387544459319527
-0.1387775801652507
-0.1387979002254642
-0.1384733371504027
-0.138459233884547
-0.1368259583742859
-0.1368334656164707
-1.120925005356437
-1.137233463589069
-1.187229511758512
-1.055187372827848
-1.038573772187893
0
1.421049049358358e-05
-0.0006670546983739878
-0.0005861952679905264
-0.0005693823115647016
-0.0006439755208059571
-0.0005582307093186012
0
1.205086683088187e-05
1.317447847751414e-05
-0.1385551175904732
-0.1385738485593706
-0.136929919789118
-0.13691853773121
-0.9901499129994377
-1.055187808195268
-1.185751571642707
-0.1383929660854637
-0.1382088606764427
-0.138219291761159
-0.1386808935536286
-0.1386690500719099
-0.1383279788525835
-0.1376377151151569
-0.1376430881693365
-0.1377566080956265
-0.1376002542215036
-0.1377157706278754
-0.1377274608877352
-0.1391343484915632
-0.1388529339520672
-0.1388801109909471
-0.1388683636840547
-0.1385372083853277
-0.1385199558645292
-0.1373591359244618
-0.1373648278441977
-0.1371333632544771
-0.4150824948263692
-0.4024333491613707
-0.4259596195688679
-0.136953835992411
-0.1369600556223794
-0.1371807118221658
-0.1389638870192333
-0.1387320982844491
-0.1387102544786215
-0.4341683672075277
-0.1332991271965999
-0.1217133512962426
-0.120813366366325
-0.1383079524690379
-0.1381319090670113
-0.1381408729762744
-0.1178990224225039
-0.1161580134122214
-0.1179019963633664
-0.09453699162420219
-0.09292829355732538
-0.09450289645137014
-0.0963229154184134
-0.09790283272056158
-0.1215598651786385
-0.0002695971671853524
-0.0001570482667668366
-0.1324085034306708
-0.1319577801095428
-0.1319380715901567
-0.0003849004540631203
-0.0003512621976377089
-0.0003171500257073879
-1.275988404968413e-05
-7.076089842074189e-05
-1.590539874989297
-1.556708385600009
-0.1334079457811983
-0.1366208789529119
-0.001057208687600255
-0.001171648775260858
-0.0009434522326628924
-0.0008487260896992961
-0.0006439755222291119
0
-0.1389537250545301
-0.1366764173687253
-0.1371446103584123
-0.137260528410774
-0.1372547463984965
-0.1371935389935126
-0.1373104112805249
-0.1373038235488753
-0.4634566948239962
-0.1370923689735011
-0.1372024568965738
-0.1372072323044358
-0.0008639367974626403
-0.001305949389395043
-0.001178054069320196
-0.0014278516962131
-0.0006670546942987871
-0.0007368173389300638
-0.0007428063439618201
-0.7072903398317479
-0.6920870404458165
-0.7091089355936175
-0.6948855173635177
-0.6635572902158916
-0.005693980812156097
-0.005320861742836834
-0.008305142465549066
-0.007407812910515935
-0.006414777227591316
-0.1508781927489236
-0.1501484110489864
-0.1575995315097188
-0.1601158806957912
-0.1584678284443106
-0.1551682267209341
-0.007685694222250047
-0.00569398076569849
-0.00532086169989964
-0.00641477718622838
-0.007407812869330015
-1.286378510728784
-1.303155230958923
-1.286731183095643
-1.303657636568299
-1.337150541792034
-1.336997117273766
-0.1508781499674223
-0.15168922905847
-0.1483271264837329
-0.1575995125012722
-0.1584719505458751
-0.1517455356605175
-0.1504718834385126
-0.1512889782965778
-0.1332991151416893
-0.1314202505365423
-0.1305067450007538
-0.1314696744639592
-0.7245108199940259
-0.7218598218136248
-0.7535679324918986
-0.827758010655552
-0.843376665191652
-0.8282639843254486
-0.8441112209001125
-0.875042269205734
-0.8121199010680269
-0.781594093077976
-1.354102069016215
-1.3377644009039
-1.303657584716866
-1.286378703457701
-1.269490814296752
-1.286731230459581
-1.270042607751439
-1.236054345779511
-0.1550912241925455
-0.1584719714540551
-0.1483271881217578
-0.1534760988429922
-0.1542787211605848
-0.1517455835754132
-1.219206683474862
-1.235738241613084
-0.1795788698093008
-0.1954298046612286
-0.1755540996066644
-0.1942973196276657
-0.1736124085983714
-0.1826945370220306
-0.006042447981661688
-0.004357356356831705
-0.003884467338334117
-0.004475240293432551
-0.004357356326423405
-0.006042447944217373
-0.004475240256054388
-1.354490960135975
-1.337764324844244
-1.303888058029838
-1.353809743401465
-1.353655615744158
-1.336755497308806
-1.270042546335356
-1.269491030090506
-1.236256674180189
-1.370536491445623
-1.370755679762843
-1.404452548645401
-1.404385439226935
-1.219629362334
-1.237094824115211
-0.1386381077965984
-0.1386424808528904
-0.1374272495301994
-0.1414642288147063
-0.1380303058434904
-0.1380265389837975
-0.1386544713889953
-0.1369828028223188
-0.1369811884910795
-0.136988249750649
-0.1372099501909777
-0.1372124197623313
-0.13609097405413
-0.1365370193339083
-0.1360922766290312
-0.1110453137190067
-0.1110646132033819
-0.1144518260990628
-0.1161832964767082
-0.11449738198455
-0.1386491219049565
-0.1381118424217976
-0.1399298423803571
-0.1387266254376345
-0.1381391643568483
-0.1387555090005706
-0.1381676617747605
-0.1402160613897679
-0.1388560036905919
-0.1381975443630764
-0.1388195588385828
-0.1381975043756664
-0.1399299372132323
-0.1387267014712414
-0.1381676428157364
-0.1386995019349489
-0.1381391726122912
-0.1397249671186282
-0.1386250874299466
-0.1381118744745013
-0.138098286137043
-0.1381084049997348
-0.137486988684035
-0.1394659180693073
-0.1378114486629983
-0.1378066261473399
-0.1381247412529935
-0.1372597641022664
-0.1374981414206103
-0.1372780013640759
-0.1368188434899199
-0.1375188281616491
-0.1375372608841993
-0.1378545435915688
-0.138473304788297
-0.1375573637512895
-0.1378793188505265
-0.1378666575620175
-0.1378993475466281
-0.1377351001591977
-0.1377413659685081
-0.1385371554473324
-0.1382041723581407
-0.138546055609886
-0.1373535495596979
-0.13746916516056
-0.1374635683602333
-0.1373271361060538
-0.1368969239028642
-0.1371225233324985
-0.1368917602898862
-0.1373172844984549
-0.1372901770806597
-0.1368496546425386
-0.1368583330606678
-0.1379832259701024
-0.1380226291658502
-0.1377632829944607
-0.1377512048926564
-0.1380786686820232
-0.1378002581189977
-0.1380786095746862
-0.1380362189318187
-0.1378002323227312
-0.1378127583225175
-0.1379832600922959
-0.1377632930166772
-0.1144417779251669
-0.1093415492616522
-0.1110043255832145
-0.1381944904901875
-0.138187544596426
-0.1384203210881666
-0.1394269248519674
-0.1382228586748062
-0.1382156176911633
-0.1384545277427948
-5.680587596812459e-05
-4.710480079731807e-05
-7.553578969087155e-05
-0.0001533479808401331
-0.0001623591863216675
-6.514797530405555e-05
-7.276700928650481e-05
-8.728488951091316e-05
-0.0001533479805683679
-0.0001252552767486697
-5.680587596241682e-05
-7.553578973241233e-05
-4.710480077574534e-05
-0.0001076184432343823
-0.0001161928292250864
-8.728488959323802e-05
-0.1380640176536159
-0.1374618373411391
-0.1394000912469044
-0.1380887807591021
-0.1374735784920675
-0.13725318391996
-0.1367943048042439
-0.1501483678367028
-0.1584678158760599
-1.319875607073631
-0.1557034514219995
-0.1538204784071689
-0.1042374709771995
-0.1059276831326601
-0.6808296516663779
-0.6770039332824875
-0.6627235625833648
-0.1482523654004581
-0.1486998595111031
-0.1469181761753224
-0.005170263512570436
-0.006092836763470615
-0.008026123743041354
-0.00847430356320711
-0.1610195842662122
-0.1618243159777191
-0.1519678198892493
-0.0103017630960524
-0.01082408792768885
-0.009613378153398928
-1.421409468522469
-1.404551733352456
-0.1342336219818616
-0.1332810899332141
-0.1532279081071896
-0.1310210933649056
-0.1319381003181987
-0.1467034361298203
-0.1474218303575811
-0.7365800460919859
-0.7400105162818214
-0.7545287746371423
-0.1381820630380354
-0.1385199644700167
-0.1179234550412969
-0.1127105783711098
-0.1370971504013674
-0.1368674008505061
-0.1127982135332593
-0.8591027662400764
-0.8749274000168551
-0.1393645221970684
-0.735393821127136
-1.253981251366747
-0.1388696683177666
-0.1386491496448878
-0.1386297754679563
-0.1392783121210723
-1.404353215574092
-0.1295980687222003
-0.1384333498969747
-0.1384459391129875
-0.1368413660938919
-0.004395866755776594
-0.004080797041281174
-1.321067645585809
-1.304139235894108
-1.252526186689751
-0.0001076184432918658
-0.0001450867612945772
-1.253981023016997
-0.1377754905539504
-0.1376695373814433
-0.1377878080042146
-0.1376461221163388
-0.1386365621221384
-0.1399708047568412
-0.138056942844758
-0.1386973153333222
-0.1365448050818404
-0.1367665401639493
-0.1367693223646635
-0.1365352722688913
-0.1360894822884657
-0.1367800322462721
-0.1367843951791708
-0.1386257120515239
-0.1392027579652418
-0.1388557259027379
-0.1394662576431916
-0.1387410608342419
-0.1372819576028906
-0.1372860143266719
-0.1370577443470873
-0.1370326987340851
-0.1368121212498058
-0.1382359366004483
-0.1380662817947724
-0.138073916711226
-0.1378551056295735
-0.1377392651299955
-0.1380860105669721
-0.1379520164421893
-0.7965903138274434
-0.8121174449347165
-0.7811791554627998
-0.1378551382305426
-0.1379705743815376
-0.1377274924730839
-0.1660627045603968
-0.1378643001295022
-0.1378698626194031
-0.1377456751054497
-2.044041429335569e-05
0
-2.319399386525432e-05
0
-0.1494986887726133
-0.1076467024780608
-0.107667241938071
-0.1059609327303139
-0.1610195771073466
-0.1602510004534206
-0.1636069149391892
-0.008026123708510767
-0.1109863979203112
-0.1109852389890453
-0.1127015057693742
-1.321067618330383
-1.455115235352263
-1.472047760370252
-1.43819320924004
-0.1387978885397044
-0.136605399491402
-0.0001190644971976651
-0.1365681566723958
-2.319399382651894e-05
-3.759157704619287e-05
-1.204025793769876e-05
-0.01430989125765571
-0.01358739177798104
-0.01591512183026367
-0.01365599268777415
-0.1303625385197209
-0.1303240739185793
-0.1294205010299369
-0.1276607377549798
-0.0005118707495902729
-0.0006089595512366435
-0.000231002366729528
-0.0001847851372359697
-0.0004705377430911022
-0.1554836002916585
-0.1552023869732927
-0.1665254436429029
-0.172140210840545
-0.1710922965484415
-0.1651870276486701
-0.1267267822404248
-0.1267464943212447
-0.1258617430881728
-0.1240744376480208
-0.1240659307384872
-0.04582116371717776
-0.04580089766705652
-0.04959326393853335
-0.04954052999456519
-0.04826746795056177
-0.1331879544439926
-0.1313895701181193
-0.1314048483421624
-0.1341494862731961
-0.0001154104484963022
-0.0001508365357422715
-1.53818237747275e-05
-0.0001148906765292467
-0.0005118707545573597
-0.0002310023704666947
-0.0001687570795626664
-0.0004074332679879047
-0.1549908533535106
-0.1552023935696019
-0.1646152102892913
-0.1700944406056454
-0.1704217940090354
-0.165187034700816
-0.0001907647821651522
-0.0001508365382070678
-0.0002474964915904118
-0.0002282561856638369
-0.0001148906788105143
-0.1526909110760381
-0.15416371393525
-0.1522169132231183
-0.1464501396705906
-0.1303625415294492
-0.1303240902060217
-0.1312128048642509
-0.1330550604063081
-0.15269090992969
-0.1547170605122042
-0.1541637201739889
-0.1571025657031469
-0.1603418373451745
-0.0003206715215310687
-0.0001590462194856216
-0.0001131856558964252
-0.0002248794097157729
-0.000141346824135127
-0.0003868511614983704
-0.0002442859416735719
-0.1501799078755943
-0.146967426955819
-0.1549908484973931
-0.1646152088123905
-0.1645778960699012
-0.1547266648893433
-0.1504120516871489
-0.1510179618634399
-0.1568110209173246
-0.1554836078762674
-0.1665254549195927
-0.1671702815800256
-0.1568110274947378
-0.1516877881493174
-0.08797140225747524
-0.08798323947668434
-0.08327583972535947
-0.08485210158063451
-0.09963367922704561
-0.1062669808573515
-0.107901570917152
-0.1011425873662265
-0.1312758961226839
-0.1330294647664362
-0.1506085168306109
-0.000159046222115676
-0.0003206715245373761
-0.0003512622001929347
-0.00022487941249982
-0.0001473986182683648
-3.018174241228094e-05
-1.538182435180494e-05
-6.277114118281534e-05
-1.658179404565487
-1.725727043501739
-1.725759064517007
-1.624440950549011
-1.658172333107517
-1.75938600193389
-0.1305744923201918
-0.1310876305546625
-0.131957747525893
-0.0005861952635504886
-0.0002695971648006229
-0.0007140842735184032
-0.0006089595568206191
-0.0007151267931343615
-0.0005033418253380475
-0.0004705377490702448
-0.08213373612514203
-0.08366926774153036
-0.07899329472296589
-0.07894797467757528
-0.08198990966419087
-0.08357084090155573
-0.04151681647049237
-0.04036267240846195
-0.04368132012553053
-0.04132842824806441
-0.04023144163873695
-0.01329613265645824
-0.0114561054910406
-0.01129204632793648
-0.01186985110293438
-0.01210571077140681
-0.01145610551215786
-0.01322425486985982
-0.01186985112898253
-0.01129204633503539
-0.1378983137459546
-0.1379032109393614
-0.1381562117109559
-0.1382913129887867
-0.1381810629859677
-0.009446251465007768
-0.009371627875435813
-0.01058532918172057
-0.06436242489154889
-0.06576474644437307
-0.0614780035497114
-0.06424867108276291
-0.06568564707859527
-0.01082408792490463
-0.009371627911795606
-0.01587309229451875
-0.01591512218601087
-0.01430989143106458
-0.01358739190359724
-0.01442062406262451
-0.0001907647795700635
-0.0002080408207419825
-0.0002474964896982215
-0.0003008129276249674
-0.0003002416493311351
-0.0002282561840253726
-0.0001339805374772721
-0.05075456399777208
-0.04948779960476861
-0.05334428854748857
-0.05335928340974537
-0.05078722440181655
-0.04950537350701033
-0.1232187709227121
-0.1258752582925943
-0.1276455853569668
-0.1276140521181714
-0.1294081760626695
-0.1294205409912138
-0.1780622288765003
-0.1892308855393543
-0.1765707200194813
-0.1231692068348617
-0.1222854896084749
-0.1231775446492718
-0.1222976549619588
-0.120530862309996
-0.1205269126351528
-0.1896521054850333
-0.1721402228884173
-0.1710923050508308
-0.1765707252568704
-0.05908915315770873
-0.06044105611012675
-0.05625227344291992
-0.05892158700128908
-0.06032620174486164
-0.0699040009591354
-0.07135442348801124
-0.06697322767653029
-0.0698405815676713
-0.07130874733978133
-0.05085914868657081
-0.053359249168035
-0.0507872225381344
-0.1374272529545233
-0.1380165087616111
-0.1374339463857812
-0.1380300399352691
-0.139291558507484
-0.1369908849315337
-0.1369811877004812
-0.1360939688029077
-0.1704217892288833
-0.1294732318038277
-0.06996552553908038
-0.06993282482922621
-0.06717895748166353
-0.06706725525371836
-0.4150796654490068
-0.402430422958016
-0.4634581900781614
-0.4750986711976163
-0.4242221132552174
-0.1374869882645058
-0.1377845228355609
-0.1375020703461556
-0.1378114366969946
-0.1384214466501671
-0.1372597625692311
-0.136825959085444
-0.0003868511645848029
-0.0001413468267323511
-0.0003290793418540523
-0.0001847851410253572
-0.0003260106934769138
-0.0007866700696304425
-0.0005033418188640038
-0.1383486834175369
-0.1379228509145671
-0.1393110976365083
-0.1383956693435954
-0.137944177877537
-0.1378002990011392
-0.1378316857624005
-0.1375856361993573
-0.1375755791318771
-0.1381403562708945
-0.1377706385696058
-0.1389597525484008
-0.1381749586892707
-0.1377879879494712
-0.1381868881886828
-0.1378058007822837
-0.1390345511521969
-0.1382239314136991
-0.1378240842463828
-0.1382367524685559
-0.1378428433442127
-0.1391169593936129
-0.1382766599207527
-0.1378620860503868
-0.138290482154367
-0.1378818256033169
-0.1392084657205402
-0.1383336502732991
-0.137902074540817
-0.1376514037554437
-0.1376770761467321
-0.1374379644635196
-0.1374296429057845
-0.1377128832149758
-0.1374635583351482
-0.137722121257453
-0.1377505331235747
-0.1375083332486016
-0.1374991650430729
-0.13779009664968
-0.1375364882960848
-0.1388178366939033
-0.1383343442392757
-0.1403146793864763
-0.1391397429089288
-0.1383604493614827
-0.138039217300636
-0.1374433840345951
-0.1393504959148105
-0.1374517713592393
-0.1372186052331678
-0.1372309592268399
-0.1367760654970002
-0.130477768316535
-0.133169471768831
-0.130449865839424
-0.1547170646651168
-0.1612146005877117
-0.1382045563809022
-0.137922862934055
-0.1381279994962762
-0.1379441967530309
-0.1381672076169744
-0.138592597734435
-0.1385746064010568
-0.1379661082299978
-0.1379886237443172
-0.1382228687451545
-0.1386491285902869
-0.1380565598405032
-0.1388285413046215
-0.1380866289561975
-0.1377212726157465
-0.138096999189959
-0.1377372857113978
-0.1388911806626389
-0.1381292137363427
-0.1377537404158472
-0.1376430657957296
-0.1373973875376631
-0.1379077217412285
-0.1382046097120613
-0.1383610321710199
-0.1383343730356553
-0.1381810221705296
-0.1378873546102699
-0.1381727147154566
-0.1383114140648698
-0.1382910680745972
-0.1381479067151526
-0.1375216187923175
-0.1380629217748386
-0.1376382162668381
-0.1389360393560907
-0.1397276360089382
-0.1387658666717545
-0.1387329206695438
-0.1394582235638193
-0.1374618332949591
-0.1374735766223341
-0.1377765912767215
-0.1383810486729602
-0.1372531820261354
-0.1372358955369546
-0.1367943022924932
-0.1367998487553961
-0.1378754884437839
-0.1378424392362863
-0.1376165310453405
-0.1376270619541994
-0.1378003081229155
-0.1375856503180252
-0.0003008129289995966
-0.0002080408234149461
-0.0003349049803001151
-0.01428434792209946
-0.01504940412202057
-0.01380171076924232
-0.01291369220583057
-0.05080682669343477
-0.05208622924852981
-0.00013563443754575
-0.0001945674578580405
-0.07279176481685917
-0.04701183564706006
-0.07141536366332329
-0.07000209917346926
0
-0.1762640085716514
-0.182429480766068
-0.1205367716756781
-0.1762640121948665
-0.1760479704059133
-0.195446593308949
-0.0002452092819252767
-0.0001925384289452639
-0.1596033687131218
-0.129398732339763
-0.05753264629077821
-0.04824090658049765
-0.08194907381788573
-0.08042228373898416
-0.06838747656901402
-0.04127492861551717
-0.04244489273273938
-0.05205163811259792
-0.06180525535462868
-0.06174628522917559
-0.000269330387791443
-0.0005411812482311454
-0.0005110577369335061
-0.0004659278085644636
-0.0001713150185623788
-0.01247182764794653
-0.1369939195221301
-0.1367724955116939
-0.01108984619040779
-0.07870333119599655
-0.0787160430080182
-0.08022141021943835
-0.0864279232636226
-0.1376015569380286
-0.137490104368758
0
-1.862046108600919e-05
-0.0003577767000918895
-0.0003737799221217281
-0.0001862830316565145
-0.0002397600257251108
-0.0002038201861704749
-0.1375958106296696
-0.1386109864422147
-0.1388696815362974
-0.13340822212284
-0.03922259264341097
-0.03915412173441763
-0.01030176309949753
-0.08066452072835059
-0.08521532986704072
-0.08516484968272034
-0.04275638550848262
-0.01596276367415645
-0.01407593940341527
-0.0128624300598812
-0.01520736380265887
-0.138465839889911
-0.1385776205641678
-0.1387095923525743
-0.1374924778991108
-0.1374463906820675
-0.1373436777608978
-0.1375176096649211
-0.1374150062048503
-0.1392425839594516
-0.1380146266783938
-0.1378875420091336
-0.009901311425511376
-0.01230684731091491
-0.06282706646058754
-0.1205249056122601
-0.1391804763040204
-0.05203220833972043
-0.1969589145135691
-0.08173612475391938
-0.0817343149692534
-0.08020711036718248
-0.05781442413492971
-0.06846512256574071
-0.4115303896538142
-0.1380342650784273
-0.138654231246312
-0.1392878952483318
-0.1383579370238139
-0.1383649835055591
-0.136789150096144
-0.08490931573856744
-0.1376061202699084
-0.1374728759525832
-0.0004248084076408395
-0.0004567171404912708
-0.138088776810545
-0.1384102399506608
-0.0004265994172261714
-0.000522192115215724
-0.1370326975683057
-0.1368057888686985
-0.1295565926393822
-0.1387855165047361
-0.1376779519583322
-0.1375656378609225
-0.1385194410727802
-0.1386406680127359
-0.1375322943437225
-0.1374214252155645
-0.1386822668223591
-0.1386597776260527
-0.1390901311477694
-0.1380344952824487
-0.1386657713569699
-0.1375218959603741
-0.1382632213492726
-0.1386034749594034
-0.1383336609032054
-0.1385570098528028
-0.1382301625767866
-0.1384544966205378
-0.1380468687046454
-0.1384163397600216
-0.1381398207121996
-0.1417233170893083
-0.1376779600028657
-0.1377901028118454
-0.1375558158891916
0
-0.05741361982134489
-0.04578513512157028
-0.06694378364701667
-0.06694186120698382
-0.06837190937421739
-0.0533271374725955
-0.06139868796181778
-0.06138043034653232
-0.06277868820812885
-0.06324406200908783
-0.06457005883966627
-0.1331513301526201
-0.0001862830279948815
-0.0001701431692562437
-0.0001387968367343218
-0.01180286378129136
-0.009302936031452593
-0.03817050616123783
-0.03698513300848442
-0.0003577766990211697
-0.0003415322598924692
-0.000416868777442935
-0.0001253691305474182
-0.1374930034692025
-0.1394116249140078
-0.1315587426107212
-0.08682515590975481
-0.08833856198720284
-0.01538500480458378
-0.1372788409391654
-0.01288202910942265
-0.1375031757119698
-0.1386972996637328
-0.1365588189309672
-0.0005411812527924755
-0.0006206861364273054
-0.0005735224889698877
-0.1380628812646848
-0.1397762236956619
-0.03685083993107174
-0.08824315472535046
-0.01926047361028356
-0.02009809492332221
-0.01747688111149223
-0.01998970614127302
-0.1342335618248377
-0.1346477714615514
-0.1356378502987049
-0.005292521940765934
-0.007295293250102329
-0.007820462299000368
-0.005718475564450556
-0.007295293276423802
-0.005292521966051024
-0.004815811867175986
-0.006720712226586619
-0.06436241883103926
-0.06440832119506747
-0.06151255329599108
-0.06014574480622562
-0.06022777477314262
-0.06164058260795122
-0.01212150695652667
-0.01497887441501317
-0.01573858116628184
-0.01426444852059005
-0.01283600943751191
-0.250792082127746
-0.2511021683416278
-0.2252266392085888
-0.2255975804183793
-0.2340639406202297
-0.0005569838978734319
-0.000706856526741787
-0.0007178213639989461
-0.0005152302361571305
-0.0007068565261587068
-0.0007178213634330366
-0.0005569838972948159
-0.0004912968988757905
-0.0005152302358105166
-0.0005907656563005816
-0.136247089347559
-0.1362207934537731
-0.1364604148264557
-0.1369839262967666
-0.1341923261222877
-0.1347145273480637
-0.1356106685156532
-0.128761636174022
-0.1292234177394221
-0.1291682344443287
-0.1300916568430483
-0.1301098028718697
-0.004866793507807284
-0.005868759564929851
-0.006868694518616053
-0.004866793536504558
-0.007869095944881018
-0.005868759605938031
-0.05879123839823053
-0.05620386620334247
-0.05625230097587634
-0.05892160585181196
-0.01620927238388533
-0.01496555605902365
-0.01645302475249705
-0.01713575022444714
-0.01487756487494148
-0.01496555582939993
-0.01697989840103533
-0.01713574976700306
-0.0164530243706571
-0.01651228826973251
-0.01653453872840665
-0.0157806199231772
-0.02095200243721039
-0.02009809602676776
-0.02255674990762255
-0.01998970724495553
-0.05875606314142044
-0.05608382636696728
-0.0548027094528389
-0.1231940513248176
-0.1232187717837567
-0.1241122285035838
-0.1258617445642712
-0.005915549435792647
-0.004508170777608929
-0.01573858123953905
-0.01145319640658336
-0.01426444864054004
-0.2027463021318209
-0.2252266204468233
-0.2255975175046225
-0.2180395964479978
-0.07899330364172027
-0.08366926601970721
-0.0835708312453045
-0.08198990152083824
-0.0189330861094675
-0.01893035855391817
-0.01729989796915917
-0.01732479957581042
-0.01653453899444919
-0.01651228836430116
-0.2173357597404942
-0.2030770707935858
-0.2180396520088066
-0.06147800036735571
-0.06576475563134242
-0.06424865888708262
-0.2333782304394074
-0.2511019195605177
-0.0142843480727196
-0.08521534258849381
-0.08820059059713817
-0.1306187286170267
-0.1305744921615921
-0.131021085528792
-0.1319799157503551
-0.1301760414192419
-0.1127105685121921
-0.1135681969536042
-0.1135954848380448
-0.1153026149890251
-0.1223424914930206
-0.1223057482371303
-0.1205670628164247
-0.8627538444185709
-0.9259543312619953
-0.9415608480316685
-0.8772924347932495
-0.1161663408958507
-0.1152898452841523
-0.005915549391499648
-0.004431337773231244
-0.004990490718347089
-0.1392689660444207
-0.1385440740114517
-0.1382210229581491
-0.1382374063915465
-0.1385873386720519
-0.1379835395055356
-0.1376477184765458
-0.1387179768916179
-0.1380097480716618
-0.1376615652281761
-0.1380187944904897
-0.137675842738675
-0.1387709914641713
-0.1376905526286566
-0.1375308383011314
-0.1375513750015284
-0.1373170996492301
-0.1373104100746204
-0.1375802366596424
-0.137337777418092
-0.1385442841243489
-0.1382211267077776
-0.139299539571276
-0.1385873843562774
-0.1382375226242761
-0.1386035042399024
-0.138254580985501
-0.1394577887455323
-0.1382724890920224
-0.1377706313085934
-0.1379493861470271
-0.1377879783541757
-0.1379795308690119
-0.1383479074363944
-0.1383350641726514
-0.1378057888417889
-0.1378240711774739
-0.1380219228589804
-0.13838786356328
-0.1378428300751704
-0.1380329463818231
-0.1378620757995062
-0.1380671175293912
-0.1384598513862562
-0.138444853040794
-0.1378818214953083
-0.1379020793140925
-0.1381153911213937
-0.1385067864957996
-0.1377602362474147
-0.13753648855577
-0.1375460962552492
-0.1377221086794938
-0.1375083253365117
-0.1377128707532749
-0.1376858464575106
-0.1374635478853535
-0.1374722900311236
-0.137651396700442
-0.1374379560888672
-0.1381399591714099
-0.1378570967328507
-0.1381162741170277
-0.1381085686003941
-0.1378317376875002
-0.1378380314786189
-0.1380859355949573
-0.1374433777302909
-0.1377352045168784
-0.1374517659267896
-0.1377499789105825
-0.1383515119291981
-0.1372186003487566
-0.1367800289219877
-0.1377056928626607
-0.1378756639345056
-0.1377212687256164
-0.137902237219474
-0.1382518162851528
-0.1382407830511268
-0.1377372819733689
-0.1377537353586732
-0.1379396529726241
-0.1382861356834565
-0.1376430598984494
-0.1376186975529742
-0.137397383013261
-0.1374052923017027
-0.137587714728803
-0.1373742681436032
-0.1379205480474789
-0.1375965745344672
-0.1386244343576253
-0.1379430437012744
-0.1376087261020454
-0.1379508338864632
-0.1376213003119812
-0.1386690890200659
-0.1379751181257152
-0.1376342976468063
-0.1374806654042958
-0.1374986996891688
-0.1372664074020738
-0.1372605245145183
-0.1375242020916685
-0.1372846607505828
-0.01752388714774733
-0.01747688169435464
-0.01910497760292396
-0.0226018858552877
-0.02095200108480049
-0.0207985610423294
-0.1378925454774075
-0.1385835409991101
-0.1379133320528176
-0.1375848446058008
-0.1360111612415939
-0.1354995083417386
-0.004014725415752735
-0.07883378239583064
-0.0006656506377712542
-0.06306877663437913
-0.05763286294672155
-0.0004893618046779758
-0.0004766172408002802
-0.01815084139583174
-0.2268489402534391
-0.08344956853391153
-0.1383457188823411
-0.2428642916536301
-0.2108476373734508
-0.08682514890454178
-0.138046867632158
-0.1382299410628761
-0.1382239222401998
-0.1384301478411736
-0.1376015456525177
-0.1374811388863016
-0.1372547424481339
-0.130074990157647
-0.1179234545177767
-0.01792205308780804
-0.01784185205480892
-0.1383704882239064
-0.1373238907318948
-0.1372203811557611
-0.1389637025810573
-0.1383609798648381
-0.1385776093707066
-0.1384751514214441
-0.138709587041958
-0.1375269917298901
-0.1373965527584766
-0.1374549120371125
-0.1373268564274746
-0.1379796078837352
-0.0210139801880099
-0.02182204439135453
-0.05738238402562012
-0.1109959031998981
-0.004737031595270901
-0.005104127654975008
-0.005497040544276824
-0.1348189651491647
-0.02218282878595385
-0.02298408983582782
-0.02123192842504648
-0.06324401405466278
-0.06282707174963313
-0.01743539285307288
-0.1382630432009921
-0.1384658329974839
-0.1373895762020294
-0.1372636271111344
-0.1378859004181867
-0.1382197570273961
-0.1382888323256526
-0.1372723911256045
-0.1371682775007644
-0.01824148149097887
-0.1205815324170375
-0.1279291601363577
-0.005968520411419168
-0.139213075747388
-0.1383279646364043
-0.1374140435643184
-0.137303821716255
-0.1381292074949668
-0.1383224544305535
-0.1375322880870383
-0.1374133042642862
-0.1382528545931156
-0.2184621572324706
-0.2515005631488109
-0.08194907207788736
-0.1214200256908962
-0.08816146075766229
-0.114464376121267
-0.0007291229799320598
-0.05865672410981473
-0.05733231438282266
-0.05781445913626738
-0.1352538344318175
-0.01881007639199469
-0.01954427127518256
-0.1369939168528756
-0.1374698426110003
-0.1374698412263814
-0.1375802359488007
-0.1373520703080108
-0.1144243353104264
-0.005170263468437658
-0.01792205366388067
-0.1357771081386918
-0.01881007715121743
-0.06417085515748326
-0.06415285690314049
-0.06277876847578517
-0.1297347692411719
-0.06703796628112532
-0.06985778235517938
-0.06984050428223047
-0.06697324549910302
-0.06557490455646148
-1.48909131556468
-1.488990742472895
-1.505912900743853
-1.539838251294499
-0.002236372812076393
-0.002724220262394077
-0.002668088722392414
-0.001822103417675651
-0.00432267192863018
-0.00342150069352529
-0.003366130072599754
-0.004610150381912335
-0.0001306246457785918
-0.0001194670334067469
-7.487563209864357e-05
-4.498975941780798e-05
-2.977698552058233e-05
-4.850524582957304e-05
-0.03897689468719511
-0.03663985021645095
-0.03553991505027786
-0.03563666998223908
-0.03679092521880597
-0.08816135729577818
-0.08974032688353248
-0.08496499851586406
-0.08493545366024546
-0.08967309624763019
-0.09470625461596645
-0.09136769475816431
-0.09457437040077507
-0.09623262333544061
-0.3760979043447978
-0.3768834246763584
-0.3524972935765904
-0.3416722488394459
-0.343134345513919
-0.3547449105826241
7.766747394814252e-06
6.101577426467058e-06
-7.734336978727538e-06
-1.754103260498372e-05
-5.552656936428984e-06
-0.0003428534114678926
-0.0004337450246188426
-0.0005086392559411381
-0.0005606564414609415
-0.000511057741829404
-0.0007046623410169352
-0.0006725517137938844
-0.0009564959851154405
-0.001054141640243652
-0.0009815932044470507
-0.0008518369220957885
-0.002164933947317692
-0.002313739697003154
-0.002218210282167391
-0.002393568801800455
-0.002690791565796834
-0.00266423879584923
-0.0004337450191348222
-0.000342853407134176
-0.0003681489391125787
-0.0005606564357077638
-0.004322671890709971
-0.003421500663650366
-0.003063315705630344
-0.003625119438943797
-0.07568502570649667
-0.07274099238034328
-0.07275414204821566
-0.0757128289568158
-0.07719614399589486
-0.06412285310656102
-0.06552744399278043
-0.0613662987512066
-0.06138049742555052
-0.06554324911501599
-0.05595127955677375
-0.05864217778585121
-0.05865670543090386
-0.05598279847472069
-0.05464978556394297
-0.0760992019105769
-0.07304267276847677
-0.07299550426525001
-0.07594946291787034
-0.07748902660223161
-7.487562948748407e-05
-4.498975728832753e-05
-0.0001306246422614145
-0.0001194670299273391
-4.850524327472959e-05
-2.97769834096484e-05
-0.000704662346513033
-0.0009564959910136988
-0.0009955839503300692
-0.0006893609131589965
-0.1455523756411335
-0.1451269538731623
-0.1491614360225972
-0.1504719423139413
-0.1495548804663726
-0.1478189524070572
-0.0003557530631358826
-0.0002616911876758242
-0.0002796860008673788
-0.000411421169978539
-0.0004642727108772731
-0.02108126159548296
-0.02388429494172419
-0.02276910863328449
-0.6612076394211381
-0.6613579424901976
-0.7053565708521876
-0.7055142367104144
-0.6907834995282264
-0.7813197106418422
-0.7814417851544739
-0.8277102371972488
-0.8123656517871436
-0.1059059192995014
-0.1067449549633257
-0.1067770442805268
-0.1084551185549889
-0.1084448284830519
-0.1058952220869933
-0.105056406376762
-0.1058952262467814
-0.1050564158246536
-0.1033797043178583
-0.1033796990297548
-0.3498936081591209
-0.3501500543928752
-0.3834089930965612
-0.3836819202516315
-0.372472920022994
-1.793152207849094
-1.709001435136648
-1.742716735854467
-1.776367018578364
-0.3283421780813148
-0.3286063845977101
-0.2972677016116516
-0.3079052324630532
-0.07877587901007788
-0.07726930891001724
-0.08177860305499639
-0.08176264824347482
-0.07722542771947914
-0.3272262575774607
-0.3695596323746058
-0.3796218960858443
-0.3556287682540274
-0.3343209521624442
-0.3556321683900054
-0.3796247327821554
-0.3806625062516308
-0.3586798366903103
-0.3468826383431291
-1.488990609270278
-1.505912726646492
-1.489091269438007
-1.506056473776964
-1.539794769214501
-0.1455522541836492
-0.1491613605879633
-0.1496483535299368
-0.1469717749207787
-0.1450780359872089
-0.0002640724727891483
-0.0003027337961238941
-0.0002199553664630344
-0.0002415537931138341
-0.000347143499698094
-0.0003415322607292199
-0.0003027337969486762
-0.0004893618046211113
-0.0003471435000166341
-0.0002640724738182953
-0.0002199553668646109
-0.0001758198462126273
-0.0001702460032598446
-0.0002452092805800455
-0.0001449736734804779
-1.472209288405699
-1.438223746673518
-0.001556598982033992
-0.001692028139191041
-0.001731689892191875
-0.00200279197768122
-0.00198949611895986
-0.0008367847016062116
-0.001292933844537692
-0.001421406967175009
-0.0009496135840067314
-0.002218210296217016
-0.0023935688180489
-0.002164933956235739
-0.002313739704979273
-0.002664238808197943
-0.002690791581286293
5.919209849774807e-06
-7.734335287835975e-06
6.101577988255405e-06
-5.552655343797584e-06
-1.75410306023004e-05
-1.275988520605722e-05
5.325874629267866e-06
-8.627489525283772e-05
-2.421519610226383e-05
-2.01448619472855e-07
-0.03232800317677496
-0.03455196228723849
-0.03441318198229445
-0.04011892363186405
-0.03884230966510106
-0.0977206003367737
-0.09609150344029858
-0.1010681807641516
-0.1011037129609666
-0.09615547266972448
-0.07287675646355249
-0.07149155466000121
-0.07158296122544427
-0.07615653880196378
-0.07320670376927843
-0.07168965533485903
-0.1027245876124598
-0.09769392534428875
-0.1026642297736965
-0.03460794952205311
-0.03128675036639024
-0.03248367440107298
-0.0882005068743734
-0.08348650255271123
-1.472047587657321
-1.438284621399412
-0.1496484283079421
-0.1441456699403174
-0.1469719175496125
-0.07569979563393828
-0.07719616503843618
-0.07272398527200352
-0.07568321947825138
-0.07718149920209413
-0.07024232277256713
-0.06722409508274688
-0.0004638846097881026
-0.0004114191583565422
-0.0003300806031565278
-0.0698116179306519
-0.07126308100164466
-0.06695956002761891
-0.07127828188173913
-0.07130872222468586
-0.06706734171470033
-0.07135439210665431
-0.3104550738768018
-0.309793488499615
-0.3304204463174089
-0.3909350464669947
-0.3874771734746684
-0.374141143934572
-0.0728164114663564
-0.07572942849298808
-0.06980972423225237
-0.05999803119766058
-0.06412087951795239
-0.06134795922664245
-0.05998166526170504
-0.0587249207450807
-0.06003089417735757
-0.05999810484695881
-0.05594912937364491
-0.05862361344262999
-0.05998169068686644
-0.06413877248466453
-0.06135001254288528
-0.06552742636471957
-0.0586256492514937
-0.05596812285638116
-0.05598283177874665
-0.0546327940990662
-0.06415277612821919
-0.607355265348398
-0.6375576318159508
-0.6092967096056081
-0.5946453639162013
-0.0728446723201913
-0.07880304887544989
-0.08335996904443324
-0.04834049378127703
-0.04582125415904297
-0.04580097338564288
-0.04954050603186762
-0.3289488134189645
-0.3404955148786594
9.909914845142751e-07
-1.066324287838177e-05
-2.831358436633408e-05
-4.109682385554944e-05
-9.334982737986712e-05
-0.0001356344408744923
-0.0001774271915794352
-0.0002058483246429929
-0.0001701431729135079
-0.7203385131417226
-0.7508478317485459
-0.7206242946622438
-0.4242185479344644
-0.3909335164041038
-0.3890811977704456
-0.3997993090626753
0
0
-0.0004114211755500912
-0.000280603582630728
-0.0002796860054935239
-0.0002397600216221381
-9.334982456174991e-05
-4.109682145126698e-05
-0.0001543432210878766
-1.066324133365939e-05
9.909919983935992e-07
-1.446575593980074e-06
-8.597302354752677e-05
-0.0002058483205029253
-0.1092901746760387
-0.1084295935192241
-0.1067396897594186
-0.1025586835314274
-0.1033966016531701
-0.1050618475979461
-0.1025472271345281
-0.1033965992724616
-0.1050618533078159
-0.1067396833785564
-0.1084295829785739
-1.658472961700108
-1.725884232456656
-1.675280649468838
-0.3950613505850961
-0.4193721554612144
-0.3955605030347727
-0.3958627802868812
-0.4209062457802891
-0.3850520097194772
0
0
-8.62748926627869e-05
-2.421519423783955e-05
-8.034690537324261e-05
5.325875521127377e-06
-0.03268397681045579
-0.03150597132199137
-0.3547486828403087
-0.8766291648315987
-0.8924572929279331
-0.8443402630164418
-0.8758321563954273
-0.8919174146754894
-0.0002616911923590768
-0.0004265994233489687
-0.02298408751252576
-0.02101397882601097
-0.02373659235448573
-0.1076909680386726
-0.1043059384724925
-0.04837373690769613
-0.04466277040469915
-0.09447208488227893
-0.09132937846909404
-0.09123468424773348
-0.1092802098954883
-0.1084448252993044
-0.1582342670603614
-0.1654766824334326
-0.1569863364658424
-0.002958139241900405
-0.00280981938356925
-0.002879056263589272
-0.002433513641261739
-0.002826107217777017
-0.002799625846948103
-0.002624421044853829
-0.002082616365319119
-0.001758237944980074
-0.00295813926491785
-0.003158994632260898
-0.00287905628147602
-0.003040735402352917
-0.003442555394878036
-0.003481731641344187
-0.002826107229155736
-0.002799625850925536
-0.002974709004669363
-0.003363944331491439
-0.1647428323521517
-0.1557034631757577
-0.160251007805179
-0.1376165103003048
-0.1376217622139869
-0.1379605548301348
-0.1379716578509506
-0.1378587759433928
-0.002624421046676885
-0.002300403321688415
-0.002809819406316043
-0.002002791984715013
-0.002082616379640655
-0.001731689900651243
-0.00297470900256387
-0.003014331312491116
-0.003363944320266329
-0.003350803381167998
-0.003158994606762405
-0.003442555372162383
-0.002724220285873547
-0.002668088744557005
-0.001955290856175234
-0.002047053866618625
-0.001582964883204518
-0.001556598984470775
-0.001692028140471216
-0.003366130044542932
-0.004737031554066028
-0.004140420060363611
-0.001082949419273331
-0.0009815932117425781
-0.001411463925464187
-0.001054141646851883
-0.001372062027213241
-0.001411463915732119
-0.001194899735367942
-0.0006725517196775431
-0.00306331573222577
-0.004395866793731499
-0.003193739644024677
-0.07793246385326388
-0.07945610484124432
-0.1388531437537752
-0.138351106188598
-0.1380920425719487
-0.1380791368055249
-0.1383248050441354
-0.1388017229016744
-0.1387895494499207
-0.1383162582574497
-0.1380664426988717
-0.1380539525693895
-0.1382915946762138
-0.1376477220296684
-0.137810742940985
-0.137661567211294
-0.1378341040229645
-0.1381689264083858
-0.1381594105080319
-0.1376758434041345
-0.1376905519810712
-0.1378670817512687
-0.1381986253331125
-0.137558432167734
-0.1373377772270417
-0.1373448724311718
-0.137530841182669
-0.1373171011782764
-0.1377158050713287
-0.1380920893874344
-0.1380791788532397
-0.137951886711547
-0.1376928491793737
-0.1379457653794584
-0.1380664845132185
-0.138053994682458
-0.1379276255970103
-0.1376704122026932
-0.1379216764546415
-0.1380417013151882
-0.1380295956245432
-0.1379040490246285
-0.1376484869044682
-0.1378982649646576
-0.1380176752062351
-0.1380059314105374
-0.1378811224338282
-0.1379705318389526
-0.1377099920373628
-0.1379518474820161
-0.1379457262085143
-0.1376871649879449
-0.137927586795376
-0.1379216383045305
-0.1380416596189225
-0.1376648604637832
-0.1379040147435303
-0.1380295564620671
-0.1378982318831967
-0.138017639481603
-0.1376430640078279
-0.137881093519951
-0.1380058977436545
-0.1383508442578743
-0.1388397251995968
-0.1383247249712092
-0.1383162509672769
-0.1387895674652609
-0.1382915799978787
-0.138283572058549
-0.1387431392362841
-0.1382601596722354
-0.1382525242580288
-0.1386996880120808
-0.1378666137697704
-0.1375521761546931
-0.1385460271666348
-0.1375626440218023
-0.1374371369536333
-0.1374526820859212
-0.1372221621552086
-0.13721708489003
-0.1382373902534497
-0.1387430900885824
-0.1382601237955315
-0.1382676977270882
-0.1378213807009085
-0.1375144794787512
-0.1384805632759489
-0.1378374028738578
-0.1375232755261541
-0.1378429118050159
-0.1375324907618823
-0.1385116676463797
-0.1378605487691393
-0.1375421252404177
-0.1374002237753805
-0.1374132906323708
-0.1371843649098286
-0.1371800941002412
-0.1374321612469953
-0.1371977836396837
-0.1375965809286954
-0.1377542247957147
-0.1376087314365477
-0.1377744713597809
-0.138097780473168
-0.1380896844169542
-0.1376213050695418
-0.1376343027074184
-0.1378032420858309
-0.1381231199987315
-0.1375242057696724
-0.1375049235351734
-0.1372846646917819
-0.1372909492884043
-0.1374806706385438
-0.137266411888913
-0.0006206861314472449
-0.0008124250785537271
-0.001421406966031097
-0.0007368173382372005
-0.001178054066418298
-0.13802319470337
-0.1374316414849353
-0.1393154387005285
-0.1374366696486569
-0.1372153119129502
-0.1367641596136102
-0.1378019092957365
-0.1384524867375709
-0.1378163768427118
-0.1375061013844017
-0.1375735396324813
-0.1375848506094415
-0.1377477368945738
-0.1380587953438017
-0.1374748670776422
-0.137458076676662
-0.1372380038068554
-0.1372434832308753
-0.1381806357395559
-0.1386588843053566
-0.1382014734208404
-0.1382084150113118
-0.1379829132259545
-0.1386996433808493
-0.1382301379622408
-0.1379943247558472
-3.651720358249487e-05
-1.341704774058482e-05
-9.378131825794525e-05
-9.871001442124521e-05
-6.562042909491442e-05
-3.759157708970441e-05
-9.378131835617941e-05
-3.651720354019527e-05
-1.341704773094287e-05
-6.562042910020972e-05
-0.1451268334311704
-0.1495548218590563
-0.1378754634130957
-0.002479958666655225
-0.00352737110643799
-0.001427851692813431
1.407263916628032e-05
-0.09315053780654908
-0.7358588863157772
-0.421448058785834
0
-0.0006425295888087336
-0.0006147238499408979
-0.0006425295826564889
-0.0007294603185563225
-0.002786789328970826
-0.003409848921240026
-0.003564860385467047
-0.1512890256154166
-0.1461023007684878
-0.02218282689546238
-0.6762054705660678
-0.8593402162096679
-0.7970151063476703
-0.03381337151134799
-0.1050701084107
-0.108468132961749
-0.361536631947012
-0.3867758905837044
-1.860368961542227
-0.3184966978874024
-0.4076737281153602
-1.522842888374605
-1.53977415512946
-0.0002456360164194977
-0.1371759245589793
-0.001834198598280856
-0.001982895678495985
-0.002455684306066838
-0.00229369331535901
-0.1379133630410573
-0.1380817255871997
-0.1373648304523314
-0.1372490643544197
1.403002036503512e-05
-0.003383645218020077
-0.003617067350768064
-0.06886683240112164
-0.1381786232951574
-0.1383704887414346
-0.1373307857035935
-0.1372067610709738
-0.1378249887632694
-0.1377788058814299
-0.1385696361343362
-0.1384906033897198
-0.1372273413699865
-0.1385093998509604
-0.3990459293583183
-0.1050701254990316
-0.3736205785964438
-0.1381614686215896
-0.1371887380950801
-0.1370831147010353
-0.1381060390606338
-0.1382888343924555
-0.1372784813260252
-0.1371562476164299
-0.1372326255808299
-0.8598289530457867
-0.9080770373656748
-0.1076025775916174
-0.001997018533092652
-0.001791397128498674
-0.8433799448050285
-0.138437127817659
-8.899221005167322e-05
-0.003156307473064804
-0.003344275592738921
-0.1377565854124898
-0.001341894896966525
-0.13888042992639
-0.1379751611296921
-0.1381500530221207
-0.1378015964283119
-0.1385288316698654
-0.1381892476225706
-0.1373221539634042
-0.1372121086770813
-0.1384722547915209
-0.1381363346370285
-0.1374140440580859
-0.1372973359220571
-0.1534760581828358
0
-1.20402579546355e-05
0
-0.001953621115132077
1.573065171190443e-05
-0.3539293170788078
-0.1447509281812687
-0.08022145823202838
-0.1508464278988532
-0.001452425445293323
-0.3990463282657403
-1.793177778727731
0
-0.5678349336888708
-0.580801835181957
-0.1365401323755585
-0.07868710315293732
-0.1382197313503146
-7.276700939345588e-05
0
