MFEM mesh v1.0

dimension
3

elements
4096
1 5 1 730 742 733 738 744 748 746
1 5 730 126 731 742 744 739 747 748
1 5 742 731 138 732 748 747 740 745
1 5 733 742 732 129 746 748 745 741
1 5 738 744 748 746 134 734 743 737
1 5 744 739 747 748 734 140 735 743
1 5 748 747 740 745 743 735 144 736
1 5 746 748 745 741 737 743 736 142
1 5 126 749 757 731 739 759 762 747
1 5 749 2 750 757 759 755 761 762
1 5 757 750 127 751 762 761 756 760
1 5 731 757 751 138 747 762 760 740
1 5 739 759 762 747 140 752 758 735
1 5 759 755 761 762 752 135 753 758
1 5 762 761 756 760 758 753 143 754
1 5 747 762 760 740 735 758 754 144
1 5 138 751 771 765 740 760 776 774
1 5 751 127 763 771 760 756 775 776
1 5 771 763 7 764 776 775 769 773
1 5 765 771 764 128 774 776 773 770
1 5 740 760 776 774 144 754 772 768
1 5 760 756 775 776 754 143 766 772
1 5 776 775 769 773 772 766 136 767
1 5 774 776 773 770 768 772 767 141
1 5 129 732 782 778 741 745 786 785
1 5 732 138 765 782 745 740 774 786
1 5 782 765 128 777 786 774 770 784
1 5 778 782 777 6 785 786 784 781
1 5 741 745 786 785 142 736 783 780
1 5 745 740 774 786 736 144 768 783
1 5 786 774 770 784 783 768 141 779
1 5 785 786 784 781 780 783 779 137
1 5 134 734 743 737 791 796 800 798
1 5 734 140 735 743 796 792 799 800
1 5 743 735 144 736 800 799 793 797
1 5 737 743 736 142 798 800 797 794
1 5 791 796 800 798 26 787 795 790
1 5 796 792 799 800 787 130 788 795
1 5 800 799 793 797 795 788 139 789
1 5 798 800 797 794 790 795 789 133
1 5 140 752 758 735 792 807 810 799
1 5 752 135 753 758 807 804 809 810
1 5 758 753 143 754 810 809 805 808
1 5 735 758 754 144 799 810 808 793
1 5 792 807 810 799 130 801 806 788
1 5 807 804 809 810 801 27 802 806
1 5 810 809 805 808 806 802 131 803
1 5 799 810 808 793 788 806 803 139
1 5 144 754 772 768 793 808 820 818
1 5 754 143 766 772 808 805 819 820
1 5 772 766 136 767 820 819 814 817
1 5 768 772 767 141 818 820 817 815
1 5 793 808 820 818 139 803 816 813
1 5 808 805 819 820 803 131 811 816
1 5 820 819 814 817 816 811 32 812
1 5 818 820 817 815 813 816 812 132
1 5 142 736 783 780 794 797 827 826
1 5 736 144 768 783 797 793 818 827
1 5 783 768 141 779 827 818 815 825
1 5 780 783 779 137 826 827 825 823
1 5 794 797 827 826 133 789 824 822
1 5 797 793 818 827 789 139 813 824
1 5 827 818 815 825 824 813 132 821
1 5 826 827 825 823 822 824 821 31
1 5 2 828 836 750 755 838 841 761
1 5 828 145 829 836 838 834 840 841
1 5 836 829 153 830 841 840 835 839
1 5 750 836 830 127 761 841 839 756
1 5 755 838 841 761 135 831 837 753
1 5 838 834 840 841 831 155 832 837
1 5 841 840 835 839 837 832 158 833
1 5 761 841 839 756 753 837 833 143
1 5 145 842 850 829 834 852 855 840
1 5 842 3 843 850 852 848 854 855
1 5 850 843 146 844 855 854 849 853
1 5 829 850 844 153 840 855 853 835
1 5 834 852 855 840 155 845 851 832
1 5 852 848 854 855 845 151 846 851
1 5 855 854 849 853 851 846 157 847
1 5 840 855 853 835 832 851 847 158
1 5 153 844 864 858 835 853 869 867
1 5 844 146 856 864 853 849 868 869
1 5 864 856 8 857 869 868 862 866
1 5 858 864 857 147 867 869 866 863
1 5 835 853 869 867 158 847 865 861
1 5 853 849 868 869 847 157 859 865
1 5 869 868 862 866 865 859 152 860
1 5 867 869 866 863 861 865 860 156
1 5 127 830 872 763 756 839 875 775
1 5 830 153 858 872 839 835 867 875
1 5 872 858 147 870 875 867 863 874
1 5 763 872 870 7 775 875 874 769
1 5 756 839 875 775 143 833 873 766
1 5 839 835 867 875 833 158 861 873
1 5 875 867 863 874 873 861 156 871
1 5 775 875 874 769 766 873 871 136
1 5 135 831 837 753 804 882 885 809
1 5 831 155 832 837 882 879 884 885
1 5 837 832 158 833 885 884 880 883
1 5 753 837 833 143 809 885 883 805
1 5 804 882 885 809 27 876 881 802
1 5 882 879 884 885 876 148 877 881
1 5 885 884 880 883 881 877 154 878
1 5 809 885 883 805 802 881 878 131
1 5 155 845 851 832 879 892 895 884
1 5 845 151 846 851 892 889 894 895
1 5 851 846 157 847 895 894 890 893
1 5 832 851 847 158 884 895 893 880
1 5 879 892 895 884 148 886 891 877
1 5 892 889 894 895 886 28 887 891
1 5 895 894 890 893 891 887 149 888
1 5 884 895 893 880 877 891 888 154
1 5 158 847 865 861 880 893 905 903
1 5 847 157 859 865 893 890 904 905
1 5 865 859 152 860 905 904 899 902
1 5 861 865 860 156 903 905 902 900
1 5 880 893 905 903 154 888 901 898
1 5 893 890 904 905 888 149 896 901
1 5 905 904 899 902 901 896 33 897
1 5 903 905 902 900 898 901 897 150
1 5 143 833 873 766 805 883 909 819
1 5 833 158 861 873 883 880 903 909
1 5 873 861 156 871 909 903 900 908
1 5 766 873 871 136 819 909 908 814
1 5 805 883 909 819 131 878 907 811
1 5 883 880 903 909 878 154 898 907
1 5 909 903 900 908 907 898 150 906
1 5 819 909 908 814 811 907 906 32
1 5 3 910 918 843 848 920 923 854
1 5 910 159 911 918 920 916 922 923
1 5 918 911 167 912 923 922 917 921
1 5 843 918 912 146 854 923 921 849
1 5 848 920 923 854 151 913 919 846
1 5 920 916 922 923 913 169 914 919
1 5 923 922 917 921 919 914 172 915
1 5 854 923 921 849 846 919 915 157
1 5 159 924 932 911 916 934 937 922
1 5 924 4 925 932 934 930 936 937
1 5 932 925 160 926 937 936 931 935
1 5 911 932 926 167 922 937 935 917
1 5 916 934 937 922 169 927 933 914
1 5 934 930 936 937 927 165 928 933
1 5 937 936 931 935 933 928 171 929
1 5 922 937 935 917 914 933 929 172
1 5 167 926 946 940 917 935 951 949
1 5 926 160 938 946 935 931 950 951
1 5 946 938 9 939 951 950 944 948
1 5 940 946 939 161 949 951 948 945
1 5 917 935 951 949 172 929 947 943
1 5 935 931 950 951 929 171 941 947
1 5 951 950 944 948 947 941 166 942
1 5 949 951 948 945 943 947 942 170
1 5 146 912 954 856 849 921 957 868
1 5 912 167 940 954 921 917 949 957
1 5 954 940 161 952 957 949 945 956
1 5 856 954 952 8 868 957 956 862
1 5 849 921 957 868 157 915 955 859
1 5 921 917 949 957 915 172 943 955
1 5 957 949 945 956 955 943 170 953
1 5 868 957 956 862 859 955 953 152
1 5 151 913 919 846 889 964 967 894
1 5 913 169 914 919 964 961 966 967
1 5 919 914 172 915 967 966 962 965
1 5 846 919 915 157 894 967 965 890
1 5 889 964 967 894 28 958 963 887
1 5 964 961 966 967 958 162 959 963
1 5 967 966 962 965 963 959 168 960
1 5 894 967 965 890 887 963 960 149
1 5 169 927 933 914 961 974 977 966
1 5 927 165 928 933 974 971 976 977
1 5 933 928 171 929 977 976 972 975
1 5 914 933 929 172 966 977 975 962
1 5 961 974 977 966 162 968 973 959
1 5 974 971 976 977 968 29 969 973
1 5 977 976 972 975 973 969 163 970
1 5 966 977 975 962 959 973 970 168
1 5 172 929 947 943 962 975 987 985
1 5 929 171 941 947 975 972 986 987
1 5 947 941 166 942 987 986 981 984
1 5 943 947 942 170 985 987 984 982
1 5 962 975 987 985 168 970 983 980
1 5 975 972 986 987 970 163 978 983
1 5 987 986 981 984 983 978 34 979
1 5 985 987 984 982 980 983 979 164
1 5 157 915 955 859 890 965 991 904
1 5 915 172 943 955 965 962 985 991
1 5 955 943 170 953 991 985 982 990
1 5 859 955 953 152 904 991 990 899
1 5 890 965 991 904 149 960 989 896
1 5 965 962 985 991 960 168 980 989
1 5 991 985 982 990 989 980 164 988
1 5 904 991 990 899 896 989 988 33
1 5 4 992 1000 925 930 1002 1005 936
1 5 992 173 993 1000 1002 998 1004 1005
1 5 1000 993 181 994 1005 1004 999 1003
1 5 925 1000 994 160 936 1005 1003 931
1 5 930 1002 1005 936 165 995 1001 928
1 5 1002 998 1004 1005 995 183 996 1001
1 5 1005 1004 999 1003 1001 996 186 997
1 5 936 1005 1003 931 928 1001 997 171
1 5 173 1006 1014 993 998 1016 1019 1004
1 5 1006 5 1007 1014 1016 1012 1018 1019
1 5 1014 1007 174 1008 1019 1018 1013 1017
1 5 993 1014 1008 181 1004 1019 1017 999
1 5 998 1016 1019 1004 183 1009 1015 996
1 5 1016 1012 1018 1019 1009 179 1010 1015
1 5 1019 1018 1013 1017 1015 1010 185 1011
1 5 1004 1019 1017 999 996 1015 1011 186
1 5 181 1008 1028 1022 999 1017 1033 1031
1 5 1008 174 1020 1028 1017 1013 1032 1033
1 5 1028 1020 10 1021 1033 1032 1026 1030
1 5 1022 1028 1021 175 1031 1033 1030 1027
1 5 999 1017 1033 1031 186 1011 1029 1025
1 5 1017 1013 1032 1033 1011 185 1023 1029
1 5 1033 1032 1026 1030 1029 1023 180 1024
1 5 1031 1033 1030 1027 1025 1029 1024 184
1 5 160 994 1036 938 931 1003 1039 950
1 5 994 181 1022 1036 1003 999 1031 1039
1 5 1036 1022 175 1034 1039 1031 1027 1038
1 5 938 1036 1034 9 950 1039 1038 944
1 5 931 1003 1039 950 171 997 1037 941
1 5 1003 999 1031 1039 997 186 1025 1037
1 5 1039 1031 1027 1038 1037 1025 184 1035
1 5 950 1039 1038 944 941 1037 1035 166
1 5 165 995 1001 928 971 1046 1049 976
1 5 995 183 996 1001 1046 1043 1048 1049
1 5 1001 996 186 997 1049 1048 1044 1047
1 5 928 1001 997 171 976 1049 1047 972
1 5 971 1046 1049 976 29 1040 1045 969
1 5 1046 1043 1048 1049 1040 176 1041 1045
1 5 1049 1048 1044 1047 1045 1041 182 1042
1 5 976 1049 1047 972 969 1045 1042 163
1 5 183 1009 1015 996 1043 1056 1059 1048
1 5 1009 179 1010 1015 1056 1053 1058 1059
1 5 1015 1010 185 1011 1059 1058 1054 1057
1 5 996 1015 1011 186 1048 1059 1057 1044
1 5 1043 1056 1059 1048 176 1050 1055 1041
1 5 1056 1053 1058 1059 1050 30 1051 1055
1 5 1059 1058 1054 1057 1055 1051 177 1052
1 5 1048 1059 1057 1044 1041 1055 1052 182
1 5 186 1011 1029 1025 1044 1057 1069 1067
1 5 1011 185 1023 1029 1057 1054 1068 1069
1 5 1029 1023 180 1024 1069 1068 1063 1066
1 5 1025 1029 1024 184 1067 1069 1066 1064
1 5 1044 1057 1069 1067 182 1052 1065 1062
1 5 1057 1054 1068 1069 1052 177 1060 1065
1 5 1069 1068 1063 1066 1065 1060 35 1061
1 5 1067 1069 1066 1064 1062 1065 1061 178
1 5 171 997 1037 941 972 1047 1073 986
1 5 997 186 1025 1037 1047 1044 1067 1073
1 5 1037 1025 184 1035 1073 1067 1064 1072
1 5 941 1037 1035 166 986 1073 1072 981
1 5 972 1047 1073 986 163 1042 1071 978
1 5 1047 1044 1067 1073 1042 182 1062 1071
1 5 1073 1067 1064 1072 1071 1062 178 1070
1 5 986 1073 1072 981 978 1071 1070 34
1 5 6 777 1082 1076 781 784 1087 1085
1 5 777 128 1074 1082 784 770 1086 1087
1 5 1082 1074 195 1075 1087 1086 1080 1084
1 5 1076 1082 1075 189 1085 1087 1084 1081
1 5 781 784 1087 1085 137 779 1083 1079
1 5 784 770 1086 1087 779 141 1077 1083
1 5 1087 1086 1080 1084 1083 1077 200 1078
1 5 1085 1087 1084 1081 1079 1083 1078 198
1 5 128 764 1093 1074 770 773 1097 1086
1 5 764 7 1088 1093 773 769 1096 1097
1 5 1093 1088 187 1089 1097 1096 1092 1095
1 5 1074 1093 1089 195 1086 1097 1095 1080
1 5 770 773 1097 1086 141 767 1094 1077
1 5 773 769 1096 1097 767 136 1090 1094
1 5 1097 1096 1092 1095 1094 1090 199 1091
1 5 1086 1097 1095 1080 1077 1094 1091 200
1 5 195 1089 1106 1100 1080 1095 1111 1109
1 5 1089 187 1098 1106 1095 1092 1110 1111
1 5 1106 1098 12 1099 1111 1110 1104 1108
1 5 1100 1106 1099 188 1109 1111 1108 1105
1 5 1080 1095 1111 1109 200 1091 1107 1103
1 5 1095 1092 1110 1111 1091 199 1101 1107
1 5 1111 1110 1104 1108 1107 1101 193 1102
1 5 1109 1111 1108 1105 1103 1107 1102 197
1 5 189 1075 1117 1113 1081 1084 1121 1120
1 5 1075 195 1100 1117 1084 1080 1109 1121
1 5 1117 1100 188 1112 1121 1109 1105 1119
1 5 1113 1117 1112 11 1120 1121 1119 1116
1 5 1081 1084 1121 1120 198 1078 1118 1115
1 5 1084 1080 1109 1121 1078 200 1103 1118
1 5 1121 1109 1105 1119 1118 1103 197 1114
1 5 1120 1121 1119 1116 1115 1118 1114 194
1 5 137 779 1083 1079 823 825 1131 1129
1 5 779 141 1077 1083 825 815 1130 1131
1 5 1083 1077 200 1078 1131 1130 1125 1128
1 5 1079 1083 1078 198 1129 1131 1128 1126
1 5 823 825 1131 1129 31 821 1127 1124
1 5 825 815 1130 1131 821 132 1122 1127
1 5 1131 1130 1125 1128 1127 1122 196 1123
1 5 1129 1131 1128 1126 1124 1127 1123 192
1 5 141 767 1094 1077 815 817 1138 1130
1 5 767 136 1090 1094 817 814 1137 1138
1 5 1094 1090 199 1091 1138 1137 1134 1136
1 5 1077 1094 1091 200 1130 1138 1136 1125
1 5 815 817 1138 1130 132 812 1135 1122
1 5 817 814 1137 1138 812 32 1132 1135
1 5 1138 1137 1134 1136 1135 1132 190 1133
1 5 1130 1138 1136 1125 1122 1135 1133 196
1 5 200 1091 1107 1103 1125 1136 1148 1146
1 5 1091 199 1101 1107 1136 1134 1147 1148
1 5 1107 1101 193 1102 1148 1147 1142 1145
1 5 1103 1107 1102 197 1146 1148 1145 1143
1 5 1125 1136 1148 1146 196 1133 1144 1141
1 5 1136 1134 1147 1148 1133 190 1139 1144
1 5 1148 1147 1142 1145 1144 1139 37 1140
1 5 1146 1148 1145 1143 1141 1144 1140 191
1 5 198 1078 1118 1115 1126 1128 1155 1154
1 5 1078 200 1103 1118 1128 1125 1146 1155
1 5 1118 1103 197 1114 1155 1146 1143 1153
1 5 1115 1118 1114 194 1154 1155 1153 1151
1 5 1126 1128 1155 1154 192 1123 1152 1150
1 5 1128 1125 1146 1155 1123 196 1141 1152
1 5 1155 1146 1143 1153 1152 1141 191 1149
1 5 1154 1155 1153 1151 1150 1152 1149 36
1 5 7 870 1161 1088 769 874 1165 1096
1 5 870 147 1156 1161 874 863 1164 1165
1 5 1161 1156 206 1157 1165 1164 1160 1163
1 5 1088 1161 1157 187 1096 1165 1163 1092
1 5 769 874 1165 1096 136 871 1162 1090
1 5 874 863 1164 1165 871 156 1158 1162
1 5 1165 1164 1160 1163 1162 1158 210 1159
1 5 1096 1165 1163 1092 1090 1162 1159 199
1 5 147 857 1171 1156 863 866 1175 1164
1 5 857 8 1166 1171 866 862 1174 1175
1 5 1171 1166 201 1167 1175 1174 1170 1173
1 5 1156 1171 1167 206 1164 1175 1173 1160
1 5 863 866 1175 1164 156 860 1172 1158
1 5 866 862 1174 1175 860 152 1168 1172
1 5 1175 1174 1170 1173 1172 1168 209 1169
1 5 1164 1175 1173 1160 1158 1172 1169 210
1 5 206 1167 1184 1178 1160 1173 1189 1187
1 5 1167 201 1176 1184 1173 1170 1188 1189
1 5 1184 1176 13 1177 1189 1188 1182 1186
1 5 1178 1184 1177 202 1187 1189 1186 1183
1 5 1160 1173 1189 1187 210 1169 1185 1181
1 5 1173 1170 1188 1189 1169 209 1179 1185
1 5 1189 1188 1182 1186 1185 1179 205 1180
1 5 1187 1189 1186 1183 1181 1185 1180 208
1 5 187 1157 1192 1098 1092 1163 1195 1110
1 5 1157 206 1178 1192 1163 1160 1187 1195
1 5 1192 1178 202 1190 1195 1187 1183 1194
1 5 1098 1192 1190 12 1110 1195 1194 1104
1 5 1092 1163 1195 1110 199 1159 1193 1101
1 5 1163 1160 1187 1195 1159 210 1181 1193
1 5 1195 1187 1183 1194 1193 1181 208 1191
1 5 1110 1195 1194 1104 1101 1193 1191 193
1 5 136 871 1162 1090 814 908 1202 1137
1 5 871 156 1158 1162 908 900 1201 1202
1 5 1162 1158 210 1159 1202 1201 1198 1200
1 5 1090 1162 1159 199 1137 1202 1200 1134
1 5 814 908 1202 1137 32 906 1199 1132
1 5 908 900 1201 1202 906 150 1196 1199
1 5 1202 1201 1198 1200 1199 1196 207 1197
1 5 1137 1202 1200 1134 1132 1199 1197 190
1 5 156 860 1172 1158 900 902 1209 1201
1 5 860 152 1168 1172 902 899 1208 1209
1 5 1172 1168 209 1169 1209 1208 1205 1207
1 5 1158 1172 1169 210 1201 1209 1207 1198
1 5 900 902 1209 1201 150 897 1206 1196
1 5 902 899 1208 1209 897 33 1203 1206
1 5 1209 1208 1205 1207 1206 1203 203 1204
1 5 1201 1209 1207 1198 1196 1206 1204 207
1 5 210 1169 1185 1181 1198 1207 1219 1217
1 5 1169 209 1179 1185 1207 1205 1218 1219
1 5 1185 1179 205 1180 1219 1218 1213 1216
1 5 1181 1185 1180 208 1217 1219 1216 1214
1 5 1198 1207 1219 1217 207 1204 1215 1212
1 5 1207 1205 1218 1219 1204 203 1210 1215
1 5 1219 1218 1213 1216 1215 1210 38 1211
1 5 1217 1219 1216 1214 1212 1215 1211 204
1 5 199 1159 1193 1101 1134 1200 1223 1147
1 5 1159 210 1181 1193 1200 1198 1217 1223
1 5 1193 1181 208 1191 1223 1217 1214 1222
1 5 1101 1193 1191 193 1147 1223 1222 1142
1 5 1134 1200 1223 1147 190 1197 1221 1139
1 5 1200 1198 1217 1223 1197 207 1212 1221
1 5 1223 1217 1214 1222 1221 1212 204 1220
1 5 1147 1223 1222 1142 1139 1221 1220 37
1 5 8 952 1229 1166 862 956 1233 1174
1 5 952 161 1224 1229 956 945 1232 1233
1 5 1229 1224 216 1225 1233 1232 1228 1231
1 5 1166 1229 1225 201 1174 1233 1231 1170
1 5 862 956 1233 1174 152 953 1230 1168
1 5 956 945 1232 1233 953 170 1226 1230
1 5 1233 1232 1228 1231 1230 1226 220 1227
1 5 1174 1233 1231 1170 1168 1230 1227 209
1 5 161 939 1239 1224 945 948 1243 1232
1 5 939 9 1234 1239 948 944 1242 1243
1 5 1239 1234 211 1235 1243 1242 1238 1241
1 5 1224 1239 1235 216 1232 1243 1241 1228
1 5 945 948 1243 1232 170 942 1240 1226
1 5 948 944 1242 1243 942 166 1236 1240
1 5 1243 1242 1238 1241 1240 1236 219 1237
1 5 1232 1243 1241 1228 1226 1240 1237 220
1 5 216 1235 1252 1246 1228 1241 1257 1255
1 5 1235 211 1244 1252 1241 1238 1256 1257
1 5 1252 1244 14 1245 1257 1256 1250 1254
1 5 1246 1252 1245 212 1255 1257 1254 1251
1 5 1228 1241 1257 1255 220 1237 1253 1249
1 5 1241 1238 1256 1257 1237 219 1247 1253
1 5 1257 1256 1250 1254 1253 1247 215 1248
1 5 1255 1257 1254 1251 1249 1253 1248 218
1 5 201 1225 1260 1176 1170 1231 1263 1188
1 5 1225 216 1246 1260 1231 1228 1255 1263
1 5 1260 1246 212 1258 1263 1255 1251 1262
1 5 1176 1260 1258 13 1188 1263 1262 1182
1 5 1170 1231 1263 1188 209 1227 1261 1179
1 5 1231 1228 1255 1263 1227 220 1249 1261
1 5 1263 1255 1251 1262 1261 1249 218 1259
1 5 1188 1263 1262 1182 1179 1261 1259 205
1 5 152 953 1230 1168 899 990 1270 1208
1 5 953 170 1226 1230 990 982 1269 1270
1 5 1230 1226 220 1227 1270 1269 1266 1268
1 5 1168 1230 1227 209 1208 1270 1268 1205
1 5 899 990 1270 1208 33 988 1267 1203
1 5 990 982 1269 1270 988 164 1264 1267
1 5 1270 1269 1266 1268 1267 1264 217 1265
1 5 1208 1270 1268 1205 1203 1267 1265 203
1 5 170 942 1240 1226 982 984 1277 1269
1 5 942 166 1236 1240 984 981 1276 1277
1 5 1240 1236 219 1237 1277 1276 1273 1275
1 5 1226 1240 1237 220 1269 1277 1275 1266
1 5 982 984 1277 1269 164 979 1274 1264
1 5 984 981 1276 1277 979 34 1271 1274
1 5 1277 1276 1273 1275 1274 1271 213 1272
1 5 1269 1277 1275 1266 1264 1274 1272 217
1 5 220 1237 1253 1249 1266 1275 1287 1285
1 5 1237 219 1247 1253 1275 1273 1286 1287
1 5 1253 1247 215 1248 1287 1286 1281 1284
1 5 1249 1253 1248 218 1285 1287 1284 1282
1 5 1266 1275 1287 1285 217 1272 1283 1280
1 5 1275 1273 1286 1287 1272 213 1278 1283
1 5 1287 1286 1281 1284 1283 1278 39 1279
1 5 1285 1287 1284 1282 1280 1283 1279 214
1 5 209 1227 1261 1179 1205 1268 1291 1218
1 5 1227 220 1249 1261 1268 1266 1285 1291
1 5 1261 1249 218 1259 1291 1285 1282 1290
1 5 1179 1261 1259 205 1218 1291 1290 1213
1 5 1205 1268 1291 1218 203 1265 1289 1210
1 5 1268 1266 1285 1291 1265 217 1280 1289
1 5 1291 1285 1282 1290 1289 1280 214 1288
1 5 1218 1291 1290 1213 1210 1289 1288 38
1 5 9 1034 1297 1234 944 1038 1301 1242
1 5 1034 175 1292 1297 1038 1027 1300 1301
1 5 1297 1292 226 1293 1301 1300 1296 1299
1 5 1234 1297 1293 211 1242 1301 1299 1238
1 5 944 1038 1301 1242 166 1035 1298 1236
1 5 1038 1027 1300 1301 1035 184 1294 1298
1 5 1301 1300 1296 1299 1298 1294 230 1295
1 5 1242 1301 1299 1238 1236 1298 1295 219
1 5 175 1021 1307 1292 1027 1030 1311 1300
1 5 1021 10 1302 1307 1030 1026 1310 1311
1 5 1307 1302 221 1303 1311 1310 1306 1309
1 5 1292 1307 1303 226 1300 1311 1309 1296
1 5 1027 1030 1311 1300 184 1024 1308 1294
1 5 1030 1026 1310 1311 1024 180 1304 1308
1 5 1311 1310 1306 1309 1308 1304 229 1305
1 5 1300 1311 1309 1296 1294 1308 1305 230
1 5 226 1303 1320 1314 1296 1309 1325 1323
1 5 1303 221 1312 1320 1309 1306 1324 1325
1 5 1320 1312 15 1313 1325 1324 1318 1322
1 5 1314 1320 1313 222 1323 1325 1322 1319
1 5 1296 1309 1325 1323 230 1305 1321 1317
1 5 1309 1306 1324 1325 1305 229 1315 1321
1 5 1325 1324 1318 1322 1321 1315 225 1316
1 5 1323 1325 1322 1319 1317 1321 1316 228
1 5 211 1293 1328 1244 1238 1299 1331 1256
1 5 1293 226 1314 1328 1299 1296 1323 1331
1 5 1328 1314 222 1326 1331 1323 1319 1330
1 5 1244 1328 1326 14 1256 1331 1330 1250
1 5 1238 1299 1331 1256 219 1295 1329 1247
1 5 1299 1296 1323 1331 1295 230 1317 1329
1 5 1331 1323 1319 1330 1329 1317 228 1327
1 5 1256 1331 1330 1250 1247 1329 1327 215
1 5 166 1035 1298 1236 981 1072 1338 1276
1 5 1035 184 1294 1298 1072 1064 1337 1338
1 5 1298 1294 230 1295 1338 1337 1334 1336
1 5 1236 1298 1295 219 1276 1338 1336 1273
1 5 981 1072 1338 1276 34 1070 1335 1271
1 5 1072 1064 1337 1338 1070 178 1332 1335
1 5 1338 1337 1334 1336 1335 1332 227 1333
1 5 1276 1338 1336 1273 1271 1335 1333 213
1 5 184 1024 1308 1294 1064 1066 1345 1337
1 5 1024 180 1304 1308 1066 1063 1344 1345
1 5 1308 1304 229 1305 1345 1344 1341 1343
1 5 1294 1308 1305 230 1337 1345 1343 1334
1 5 1064 1066 1345 1337 178 1061 1342 1332
1 5 1066 1063 1344 1345 1061 35 1339 1342
1 5 1345 1344 1341 1343 1342 1339 223 1340
1 5 1337 1345 1343 1334 1332 1342 1340 227
1 5 230 1305 1321 1317 1334 1343 1355 1353
1 5 1305 229 1315 1321 1343 1341 1354 1355
1 5 1321 1315 225 1316 1355 1354 1349 1352
1 5 1317 1321 1316 228 1353 1355 1352 1350
1 5 1334 1343 1355 1353 227 1340 1351 1348
1 5 1343 1341 1354 1355 1340 223 1346 1351
1 5 1355 1354 1349 1352 1351 1346 40 1347
1 5 1353 1355 1352 1350 1348 1351 1347 224
1 5 219 1295 1329 1247 1273 1336 1359 1286
1 5 1295 230 1317 1329 1336 1334 1353 1359
1 5 1329 1317 228 1327 1359 1353 1350 1358
1 5 1247 1329 1327 215 1286 1359 1358 1281
1 5 1273 1336 1359 1286 213 1333 1357 1278
1 5 1336 1334 1353 1359 1333 227 1348 1357
1 5 1359 1353 1350 1358 1357 1348 224 1356
1 5 1286 1359 1358 1281 1278 1357 1356 39
1 5 11 1112 1368 1362 1116 1119 1373 1371
1 5 1112 188 1360 1368 1119 1105 1372 1373
1 5 1368 1360 239 1361 1373 1372 1366 1370
1 5 1362 1368 1361 233 1371 1373 1370 1367
1 5 1116 1119 1373 1371 194 1114 1369 1365
1 5 1119 1105 1372 1373 1114 197 1363 1369
1 5 1373 1372 1366 1370 1369 1363 244 1364
1 5 1371 1373 1370 1367 1365 1369 1364 242
1 5 188 1099 1379 1360 1105 1108 1383 1372
1 5 1099 12 1374 1379 1108 1104 1382 1383
1 5 1379 1374 231 1375 1383 1382 1378 1381
1 5 1360 1379 1375 239 1372 1383 1381 1366
1 5 1105 1108 1383 1372 197 1102 1380 1363
1 5 1108 1104 1382 1383 1102 193 1376 1380
1 5 1383 1382 1378 1381 1380 1376 243 1377
1 5 1372 1383 1381 1366 1363 1380 1377 244
1 5 239 1375 1392 1386 1366 1381 1397 1395
1 5 1375 231 1384 1392 1381 1378 1396 1397
1 5 1392 1384 17 1385 1397 1396 1390 1394
1 5 1386 1392 1385 232 1395 1397 1394 1391
1 5 1366 1381 1397 1395 244 1377 1393 1389
1 5 1381 1378 1396 1397 1377 243 1387 1393
1 5 1397 1396 1390 1394 1393 1387 237 1388
1 5 1395 1397 1394 1391 1389 1393 1388 241
1 5 233 1361 1403 1399 1367 1370 1407 1406
1 5 1361 239 1386 1403 1370 1366 1395 1407
1 5 1403 1386 232 1398 1407 1395 1391 1405
1 5 1399 1403 1398 16 1406 1407 1405 1402
1 5 1367 1370 1407 1406 242 1364 1404 1401
1 5 1370 1366 1395 1407 1364 244 1389 1404
1 5 1407 1395 1391 1405 1404 1389 241 1400
1 5 1406 1407 1405 1402 1401 1404 1400 238
1 5 194 1114 1369 1365 1151 1153 1417 1415
1 5 1114 197 1363 1369 1153 1143 1416 1417
1 5 1369 1363 244 1364 1417 1416 1411 1414
1 5 1365 1369 1364 242 1415 1417 1414 1412
1 5 1151 1153 1417 1415 36 1149 1413 1410
1 5 1153 1143 1416 1417 1149 191 1408 1413
1 5 1417 1416 1411 1414 1413 1408 240 1409
1 5 1415 1417 1414 1412 1410 1413 1409 236
1 5 197 1102 1380 1363 1143 1145 1424 1416
1 5 1102 193 1376 1380 1145 1142 1423 1424
1 5 1380 1376 243 1377 1424 1423 1420 1422
1 5 1363 1380 1377 244 1416 1424 1422 1411
1 5 1143 1145 1424 1416 191 1140 1421 1408
1 5 1145 1142 1423 1424 1140 37 1418 1421
1 5 1424 1423 1420 1422 1421 1418 234 1419
1 5 1416 1424 1422 1411 1408 1421 1419 240
1 5 244 1377 1393 1389 1411 1422 1434 1432
1 5 1377 243 1387 1393 1422 1420 1433 1434
1 5 1393 1387 237 1388 1434 1433 1428 1431
1 5 1389 1393 1388 241 1432 1434 1431 1429
1 5 1411 1422 1434 1432 240 1419 1430 1427
1 5 1422 1420 1433 1434 1419 234 1425 1430
1 5 1434 1433 1428 1431 1430 1425 42 1426
1 5 1432 1434 1431 1429 1427 1430 1426 235
1 5 242 1364 1404 1401 1412 1414 1441 1440
1 5 1364 244 1389 1404 1414 1411 1432 1441
1 5 1404 1389 241 1400 1441 1432 1429 1439
1 5 1401 1404 1400 238 1440 1441 1439 1437
1 5 1412 1414 1441 1440 236 1409 1438 1436
1 5 1414 1411 1432 1441 1409 240 1427 1438
1 5 1441 1432 1429 1439 1438 1427 235 1435
1 5 1440 1441 1439 1437 1436 1438 1435 41
1 5 12 1190 1447 1374 1104 1194 1451 1382
1 5 1190 202 1442 1447 1194 1183 1450 1451
1 5 1447 1442 250 1443 1451 1450 1446 1449
1 5 1374 1447 1443 231 1382 1451 1449 1378
1 5 1104 1194 1451 1382 193 1191 1448 1376
1 5 1194 1183 1450 1451 1191 208 1444 1448
1 5 1451 1450 1446 1449 1448 1444 254 1445
1 5 1382 1451 1449 1378 1376 1448 1445 243
1 5 202 1177 1457 1442 1183 1186 1461 1450
1 5 1177 13 1452 1457 1186 1182 1460 1461
1 5 1457 1452 245 1453 1461 1460 1456 1459
1 5 1442 1457 1453 250 1450 1461 1459 1446
1 5 1183 1186 1461 1450 208 1180 1458 1444
1 5 1186 1182 1460 1461 1180 205 1454 1458
1 5 1461 1460 1456 1459 1458 1454 253 1455
1 5 1450 1461 1459 1446 1444 1458 1455 254
1 5 250 1453 1470 1464 1446 1459 1475 1473
1 5 1453 245 1462 1470 1459 1456 1474 1475
1 5 1470 1462 18 1463 1475 1474 1468 1472
1 5 1464 1470 1463 246 1473 1475 1472 1469
1 5 1446 1459 1475 1473 254 1455 1471 1467
1 5 1459 1456 1474 1475 1455 253 1465 1471
1 5 1475 1474 1468 1472 1471 1465 249 1466
1 5 1473 1475 1472 1469 1467 1471 1466 252
1 5 231 1443 1478 1384 1378 1449 1481 1396
1 5 1443 250 1464 1478 1449 1446 1473 1481
1 5 1478 1464 246 1476 1481 1473 1469 1480
1 5 1384 1478 1476 17 1396 1481 1480 1390
1 5 1378 1449 1481 1396 243 1445 1479 1387
1 5 1449 1446 1473 1481 1445 254 1467 1479
1 5 1481 1473 1469 1480 1479 1467 252 1477
1 5 1396 1481 1480 1390 1387 1479 1477 237
1 5 193 1191 1448 1376 1142 1222 1488 1423
1 5 1191 208 1444 1448 1222 1214 1487 1488
1 5 1448 1444 254 1445 1488 1487 1484 1486
1 5 1376 1448 1445 243 1423 1488 1486 1420
1 5 1142 1222 1488 1423 37 1220 1485 1418
1 5 1222 1214 1487 1488 1220 204 1482 1485
1 5 1488 1487 1484 1486 1485 1482 251 1483
1 5 1423 1488 1486 1420 1418 1485 1483 234
1 5 208 1180 1458 1444 1214 1216 1495 1487
1 5 1180 205 1454 1458 1216 1213 1494 1495
1 5 1458 1454 253 1455 1495 1494 1491 1493
1 5 1444 1458 1455 254 1487 1495 1493 1484
1 5 1214 1216 1495 1487 204 1211 1492 1482
1 5 1216 1213 1494 1495 1211 38 1489 1492
1 5 1495 1494 1491 1493 1492 1489 247 1490
1 5 1487 1495 1493 1484 1482 1492 1490 251
1 5 254 1455 1471 1467 1484 1493 1505 1503
1 5 1455 253 1465 1471 1493 1491 1504 1505
1 5 1471 1465 249 1466 1505 1504 1499 1502
1 5 1467 1471 1466 252 1503 1505 1502 1500
1 5 1484 1493 1505 1503 251 1490 1501 1498
1 5 1493 1491 1504 1505 1490 247 1496 1501
1 5 1505 1504 1499 1502 1501 1496 43 1497
1 5 1503 1505 1502 1500 1498 1501 1497 248
1 5 243 1445 1479 1387 1420 1486 1509 1433
1 5 1445 254 1467 1479 1486 1484 1503 1509
1 5 1479 1467 252 1477 1509 1503 1500 1508
1 5 1387 1479 1477 237 1433 1509 1508 1428
1 5 1420 1486 1509 1433 234 1483 1507 1425
1 5 1486 1484 1503 1509 1483 251 1498 1507
1 5 1509 1503 1500 1508 1507 1498 248 1506
1 5 1433 1509 1508 1428 1425 1507 1506 42
1 5 13 1258 1515 1452 1182 1262 1519 1460
1 5 1258 212 1510 1515 1262 1251 1518 1519
1 5 1515 1510 260 1511 1519 1518 1514 1517
1 5 1452 1515 1511 245 1460 1519 1517 1456
1 5 1182 1262 1519 1460 205 1259 1516 1454
1 5 1262 1251 1518 1519 1259 218 1512 1516
1 5 1519 1518 1514 1517 1516 1512 264 1513
1 5 1460 1519 1517 1456 1454 1516 1513 253
1 5 212 1245 1525 1510 1251 1254 1529 1518
1 5 1245 14 1520 1525 1254 1250 1528 1529
1 5 1525 1520 255 1521 1529 1528 1524 1527
1 5 1510 1525 1521 260 1518 1529 1527 1514
1 5 1251 1254 1529 1518 218 1248 1526 1512
1 5 1254 1250 1528 1529 1248 215 1522 1526
1 5 1529 1528 1524 1527 1526 1522 263 1523
1 5 1518 1529 1527 1514 1512 1526 1523 264
1 5 260 1521 1538 1532 1514 1527 1543 1541
1 5 1521 255 1530 1538 1527 1524 1542 1543
1 5 1538 1530 19 1531 1543 1542 1536 1540
1 5 1532 1538 1531 256 1541 1543 1540 1537
1 5 1514 1527 1543 1541 264 1523 1539 1535
1 5 1527 1524 1542 1543 1523 263 1533 1539
1 5 1543 1542 1536 1540 1539 1533 259 1534
1 5 1541 1543 1540 1537 1535 1539 1534 262
1 5 245 1511 1546 1462 1456 1517 1549 1474
1 5 1511 260 1532 1546 1517 1514 1541 1549
1 5 1546 1532 256 1544 1549 1541 1537 1548
1 5 1462 1546 1544 18 1474 1549 1548 1468
1 5 1456 1517 1549 1474 253 1513 1547 1465
1 5 1517 1514 1541 1549 1513 264 1535 1547
1 5 1549 1541 1537 1548 1547 1535 262 1545
1 5 1474 1549 1548 1468 1465 1547 1545 249
1 5 205 1259 1516 1454 1213 1290 1556 1494
1 5 1259 218 1512 1516 1290 1282 1555 1556
1 5 1516 1512 264 1513 1556 1555 1552 1554
1 5 1454 1516 1513 253 1494 1556 1554 1491
1 5 1213 1290 1556 1494 38 1288 1553 1489
1 5 1290 1282 1555 1556 1288 214 1550 1553
1 5 1556 1555 1552 1554 1553 1550 261 1551
1 5 1494 1556 1554 1491 1489 1553 1551 247
1 5 218 1248 1526 1512 1282 1284 1563 1555
1 5 1248 215 1522 1526 1284 1281 1562 1563
1 5 1526 1522 263 1523 1563 1562 1559 1561
1 5 1512 1526 1523 264 1555 1563 1561 1552
1 5 1282 1284 1563 1555 214 1279 1560 1550
1 5 1284 1281 1562 1563 1279 39 1557 1560
1 5 1563 1562 1559 1561 1560 1557 257 1558
1 5 1555 1563 1561 1552 1550 1560 1558 261
1 5 264 1523 1539 1535 1552 1561 1573 1571
1 5 1523 263 1533 1539 1561 1559 1572 1573
1 5 1539 1533 259 1534 1573 1572 1567 1570
1 5 1535 1539 1534 262 1571 1573 1570 1568
1 5 1552 1561 1573 1571 261 1558 1569 1566
1 5 1561 1559 1572 1573 1558 257 1564 1569
1 5 1573 1572 1567 1570 1569 1564 44 1565
1 5 1571 1573 1570 1568 1566 1569 1565 258
1 5 253 1513 1547 1465 1491 1554 1577 1504
1 5 1513 264 1535 1547 1554 1552 1571 1577
1 5 1547 1535 262 1545 1577 1571 1568 1576
1 5 1465 1547 1545 249 1504 1577 1576 1499
1 5 1491 1554 1577 1504 247 1551 1575 1496
1 5 1554 1552 1571 1577 1551 261 1566 1575
1 5 1577 1571 1568 1576 1575 1566 258 1574
1 5 1504 1577 1576 1499 1496 1575 1574 43
1 5 14 1326 1583 1520 1250 1330 1587 1528
1 5 1326 222 1578 1583 1330 1319 1586 1587
1 5 1583 1578 270 1579 1587 1586 1582 1585
1 5 1520 1583 1579 255 1528 1587 1585 1524
1 5 1250 1330 1587 1528 215 1327 1584 1522
1 5 1330 1319 1586 1587 1327 228 1580 1584
1 5 1587 1586 1582 1585 1584 1580 274 1581
1 5 1528 1587 1585 1524 1522 1584 1581 263
1 5 222 1313 1593 1578 1319 1322 1597 1586
1 5 1313 15 1588 1593 1322 1318 1596 1597
1 5 1593 1588 265 1589 1597 1596 1592 1595
1 5 1578 1593 1589 270 1586 1597 1595 1582
1 5 1319 1322 1597 1586 228 1316 1594 1580
1 5 1322 1318 1596 1597 1316 225 1590 1594
1 5 1597 1596 1592 1595 1594 1590 273 1591
1 5 1586 1597 1595 1582 1580 1594 1591 274
1 5 270 1589 1606 1600 1582 1595 1611 1609
1 5 1589 265 1598 1606 1595 1592 1610 1611
1 5 1606 1598 20 1599 1611 1610 1604 1608
1 5 1600 1606 1599 266 1609 1611 1608 1605
1 5 1582 1595 1611 1609 274 1591 1607 1603
1 5 1595 1592 1610 1611 1591 273 1601 1607
1 5 1611 1610 1604 1608 1607 1601 269 1602
1 5 1609 1611 1608 1605 1603 1607 1602 272
1 5 255 1579 1614 1530 1524 1585 1617 1542
1 5 1579 270 1600 1614 1585 1582 1609 1617
1 5 1614 1600 266 1612 1617 1609 1605 1616
1 5 1530 1614 1612 19 1542 1617 1616 1536
1 5 1524 1585 1617 1542 263 1581 1615 1533
1 5 1585 1582 1609 1617 1581 274 1603 1615
1 5 1617 1609 1605 1616 1615 1603 272 1613
1 5 1542 1617 1616 1536 1533 1615 1613 259
1 5 215 1327 1584 1522 1281 1358 1624 1562
1 5 1327 228 1580 1584 1358 1350 1623 1624
1 5 1584 1580 274 1581 1624 1623 1620 1622
1 5 1522 1584 1581 263 1562 1624 1622 1559
1 5 1281 1358 1624 1562 39 1356 1621 1557
1 5 1358 1350 1623 1624 1356 224 1618 1621
1 5 1624 1623 1620 1622 1621 1618 271 1619
1 5 1562 1624 1622 1559 1557 1621 1619 257
1 5 228 1316 1594 1580 1350 1352 1631 1623
1 5 1316 225 1590 1594 1352 1349 1630 1631
1 5 1594 1590 273 1591 1631 1630 1627 1629
1 5 1580 1594 1591 274 1623 1631 1629 1620
1 5 1350 1352 1631 1623 224 1347 1628 1618
1 5 1352 1349 1630 1631 1347 40 1625 1628
1 5 1631 1630 1627 1629 1628 1625 267 1626
1 5 1623 1631 1629 1620 1618 1628 1626 271
1 5 274 1591 1607 1603 1620 1629 1641 1639
1 5 1591 273 1601 1607 1629 1627 1640 1641
1 5 1607 1601 269 1602 1641 1640 1635 1638
1 5 1603 1607 1602 272 1639 1641 1638 1636
1 5 1620 1629 1641 1639 271 1626 1637 1634
1 5 1629 1627 1640 1641 1626 267 1632 1637
1 5 1641 1640 1635 1638 1637 1632 45 1633
1 5 1639 1641 1638 1636 1634 1637 1633 268
1 5 263 1581 1615 1533 1559 1622 1645 1572
1 5 1581 274 1603 1615 1622 1620 1639 1645
1 5 1615 1603 272 1613 1645 1639 1636 1644
1 5 1533 1615 1613 259 1572 1645 1644 1567
1 5 1559 1622 1645 1572 257 1619 1643 1564
1 5 1622 1620 1639 1645 1619 271 1634 1643
1 5 1645 1639 1636 1644 1643 1634 268 1642
1 5 1572 1645 1644 1567 1564 1643 1642 44
1 5 16 1398 1654 1648 1402 1405 1659 1657
1 5 1398 232 1646 1654 1405 1391 1658 1659
1 5 1654 1646 283 1647 1659 1658 1652 1656
1 5 1648 1654 1647 277 1657 1659 1656 1653
1 5 1402 1405 1659 1657 238 1400 1655 1651
1 5 1405 1391 1658 1659 1400 241 1649 1655
1 5 1659 1658 1652 1656 1655 1649 288 1650
1 5 1657 1659 1656 1653 1651 1655 1650 286
1 5 232 1385 1665 1646 1391 1394 1669 1658
1 5 1385 17 1660 1665 1394 1390 1668 1669
1 5 1665 1660 275 1661 1669 1668 1664 1667
1 5 1646 1665 1661 283 1658 1669 1667 1652
1 5 1391 1394 1669 1658 241 1388 1666 1649
1 5 1394 1390 1668 1669 1388 237 1662 1666
1 5 1669 1668 1664 1667 1666 1662 287 1663
1 5 1658 1669 1667 1652 1649 1666 1663 288
1 5 283 1661 1678 1672 1652 1667 1683 1681
1 5 1661 275 1670 1678 1667 1664 1682 1683
1 5 1678 1670 22 1671 1683 1682 1676 1680
1 5 1672 1678 1671 276 1681 1683 1680 1677
1 5 1652 1667 1683 1681 288 1663 1679 1675
1 5 1667 1664 1682 1683 1663 287 1673 1679
1 5 1683 1682 1676 1680 1679 1673 281 1674
1 5 1681 1683 1680 1677 1675 1679 1674 285
1 5 277 1647 1689 1685 1653 1656 1693 1692
1 5 1647 283 1672 1689 1656 1652 1681 1693
1 5 1689 1672 276 1684 1693 1681 1677 1691
1 5 1685 1689 1684 21 1692 1693 1691 1688
1 5 1653 1656 1693 1692 286 1650 1690 1687
1 5 1656 1652 1681 1693 1650 288 1675 1690
1 5 1693 1681 1677 1691 1690 1675 285 1686
1 5 1692 1693 1691 1688 1687 1690 1686 282
1 5 238 1400 1655 1651 1437 1439 1703 1701
1 5 1400 241 1649 1655 1439 1429 1702 1703
1 5 1655 1649 288 1650 1703 1702 1697 1700
1 5 1651 1655 1650 286 1701 1703 1700 1698
1 5 1437 1439 1703 1701 41 1435 1699 1696
1 5 1439 1429 1702 1703 1435 235 1694 1699
1 5 1703 1702 1697 1700 1699 1694 284 1695
1 5 1701 1703 1700 1698 1696 1699 1695 280
1 5 241 1388 1666 1649 1429 1431 1710 1702
1 5 1388 237 1662 1666 1431 1428 1709 1710
1 5 1666 1662 287 1663 1710 1709 1706 1708
1 5 1649 1666 1663 288 1702 1710 1708 1697
1 5 1429 1431 1710 1702 235 1426 1707 1694
1 5 1431 1428 1709 1710 1426 42 1704 1707
1 5 1710 1709 1706 1708 1707 1704 278 1705
1 5 1702 1710 1708 1697 1694 1707 1705 284
1 5 288 1663 1679 1675 1697 1708 1720 1718
1 5 1663 287 1673 1679 1708 1706 1719 1720
1 5 1679 1673 281 1674 1720 1719 1714 1717
1 5 1675 1679 1674 285 1718 1720 1717 1715
1 5 1697 1708 1720 1718 284 1705 1716 1713
1 5 1708 1706 1719 1720 1705 278 1711 1716
1 5 1720 1719 1714 1717 1716 1711 47 1712
1 5 1718 1720 1717 1715 1713 1716 1712 279
1 5 286 1650 1690 1687 1698 1700 1727 1726
1 5 1650 288 1675 1690 1700 1697 1718 1727
1 5 1690 1675 285 1686 1727 1718 1715 1725
1 5 1687 1690 1686 282 1726 1727 1725 1723
1 5 1698 1700 1727 1726 280 1695 1724 1722
1 5 1700 1697 1718 1727 1695 284 1713 1724
1 5 1727 1718 1715 1725 1724 1713 279 1721
1 5 1726 1727 1725 1723 1722 1724 1721 46
1 5 17 1476 1733 1660 1390 1480 1737 1668
1 5 1476 246 1728 1733 1480 1469 1736 1737
1 5 1733 1728 294 1729 1737 1736 1732 1735
1 5 1660 1733 1729 275 1668 1737 1735 1664
1 5 1390 1480 1737 1668 237 1477 1734 1662
1 5 1480 1469 1736 1737 1477 252 1730 1734
1 5 1737 1736 1732 1735 1734 1730 298 1731
1 5 1668 1737 1735 1664 1662 1734 1731 287
1 5 246 1463 1743 1728 1469 1472 1747 1736
1 5 1463 18 1738 1743 1472 1468 1746 1747
1 5 1743 1738 289 1739 1747 1746 1742 1745
1 5 1728 1743 1739 294 1736 1747 1745 1732
1 5 1469 1472 1747 1736 252 1466 1744 1730
1 5 1472 1468 1746 1747 1466 249 1740 1744
1 5 1747 1746 1742 1745 1744 1740 297 1741
1 5 1736 1747 1745 1732 1730 1744 1741 298
1 5 294 1739 1756 1750 1732 1745 1761 1759
1 5 1739 289 1748 1756 1745 1742 1760 1761
1 5 1756 1748 23 1749 1761 1760 1754 1758
1 5 1750 1756 1749 290 1759 1761 1758 1755
1 5 1732 1745 1761 1759 298 1741 1757 1753
1 5 1745 1742 1760 1761 1741 297 1751 1757
1 5 1761 1760 1754 1758 1757 1751 293 1752
1 5 1759 1761 1758 1755 1753 1757 1752 296
1 5 275 1729 1764 1670 1664 1735 1767 1682
1 5 1729 294 1750 1764 1735 1732 1759 1767
1 5 1764 1750 290 1762 1767 1759 1755 1766
1 5 1670 1764 1762 22 1682 1767 1766 1676
1 5 1664 1735 1767 1682 287 1731 1765 1673
1 5 1735 1732 1759 1767 1731 298 1753 1765
1 5 1767 1759 1755 1766 1765 1753 296 1763
1 5 1682 1767 1766 1676 1673 1765 1763 281
1 5 237 1477 1734 1662 1428 1508 1774 1709
1 5 1477 252 1730 1734 1508 1500 1773 1774
1 5 1734 1730 298 1731 1774 1773 1770 1772
1 5 1662 1734 1731 287 1709 1774 1772 1706
1 5 1428 1508 1774 1709 42 1506 1771 1704
1 5 1508 1500 1773 1774 1506 248 1768 1771
1 5 1774 1773 1770 1772 1771 1768 295 1769
1 5 1709 1774 1772 1706 1704 1771 1769 278
1 5 252 1466 1744 1730 1500 1502 1781 1773
1 5 1466 249 1740 1744 1502 1499 1780 1781
1 5 1744 1740 297 1741 1781 1780 1777 1779
1 5 1730 1744 1741 298 1773 1781 1779 1770
1 5 1500 1502 1781 1773 248 1497 1778 1768
1 5 1502 1499 1780 1781 1497 43 1775 1778
1 5 1781 1780 1777 1779 1778 1775 291 1776
1 5 1773 1781 1779 1770 1768 1778 1776 295
1 5 298 1741 1757 1753 1770 1779 1791 1789
1 5 1741 297 1751 1757 1779 1777 1790 1791
1 5 1757 1751 293 1752 1791 1790 1785 1788
1 5 1753 1757 1752 296 1789 1791 1788 1786
1 5 1770 1779 1791 1789 295 1776 1787 1784
1 5 1779 1777 1790 1791 1776 291 1782 1787
1 5 1791 1790 1785 1788 1787 1782 48 1783
1 5 1789 1791 1788 1786 1784 1787 1783 292
1 5 287 1731 1765 1673 1706 1772 1795 1719
1 5 1731 298 1753 1765 1772 1770 1789 1795
1 5 1765 1753 296 1763 1795 1789 1786 1794
1 5 1673 1765 1763 281 1719 1795 1794 1714
1 5 1706 1772 1795 1719 278 1769 1793 1711
1 5 1772 1770 1789 1795 1769 295 1784 1793
1 5 1795 1789 1786 1794 1793 1784 292 1792
1 5 1719 1795 1794 1714 1711 1793 1792 47
1 5 18 1544 1801 1738 1468 1548 1805 1746
1 5 1544 256 1796 1801 1548 1537 1804 1805
1 5 1801 1796 304 1797 1805 1804 1800 1803
1 5 1738 1801 1797 289 1746 1805 1803 1742
1 5 1468 1548 1805 1746 249 1545 1802 1740
1 5 1548 1537 1804 1805 1545 262 1798 1802
1 5 1805 1804 1800 1803 1802 1798 308 1799
1 5 1746 1805 1803 1742 1740 1802 1799 297
1 5 256 1531 1811 1796 1537 1540 1815 1804
1 5 1531 19 1806 1811 1540 1536 1814 1815
1 5 1811 1806 299 1807 1815 1814 1810 1813
1 5 1796 1811 1807 304 1804 1815 1813 1800
1 5 1537 1540 1815 1804 262 1534 1812 1798
1 5 1540 1536 1814 1815 1534 259 1808 1812
1 5 1815 1814 1810 1813 1812 1808 307 1809
1 5 1804 1815 1813 1800 1798 1812 1809 308
1 5 304 1807 1824 1818 1800 1813 1829 1827
1 5 1807 299 1816 1824 1813 1810 1828 1829
1 5 1824 1816 24 1817 1829 1828 1822 1826
1 5 1818 1824 1817 300 1827 1829 1826 1823
1 5 1800 1813 1829 1827 308 1809 1825 1821
1 5 1813 1810 1828 1829 1809 307 1819 1825
1 5 1829 1828 1822 1826 1825 1819 303 1820
1 5 1827 1829 1826 1823 1821 1825 1820 306
1 5 289 1797 1832 1748 1742 1803 1835 1760
1 5 1797 304 1818 1832 1803 1800 1827 1835
1 5 1832 1818 300 1830 1835 1827 1823 1834
1 5 1748 1832 1830 23 1760 1835 1834 1754
1 5 1742 1803 1835 1760 297 1799 1833 1751
1 5 1803 1800 1827 1835 1799 308 1821 1833
1 5 1835 1827 1823 1834 1833 1821 306 1831
1 5 1760 1835 1834 1754 1751 1833 1831 293
1 5 249 1545 1802 1740 1499 1576 1842 1780
1 5 1545 262 1798 1802 1576 1568 1841 1842
1 5 1802 1798 308 1799 1842 1841 1838 1840
1 5 1740 1802 1799 297 1780 1842 1840 1777
1 5 1499 1576 1842 1780 43 1574 1839 1775
1 5 1576 1568 1841 1842 1574 258 1836 1839
1 5 1842 1841 1838 1840 1839 1836 305 1837
1 5 1780 1842 1840 1777 1775 1839 1837 291
1 5 262 1534 1812 1798 1568 1570 1849 1841
1 5 1534 259 1808 1812 1570 1567 1848 1849
1 5 1812 1808 307 1809 1849 1848 1845 1847
1 5 1798 1812 1809 308 1841 1849 1847 1838
1 5 1568 1570 1849 1841 258 1565 1846 1836
1 5 1570 1567 1848 1849 1565 44 1843 1846
1 5 1849 1848 1845 1847 1846 1843 301 1844
1 5 1841 1849 1847 1838 1836 1846 1844 305
1 5 308 1809 1825 1821 1838 1847 1859 1857
1 5 1809 307 1819 1825 1847 1845 1858 1859
1 5 1825 1819 303 1820 1859 1858 1853 1856
1 5 1821 1825 1820 306 1857 1859 1856 1854
1 5 1838 1847 1859 1857 305 1844 1855 1852
1 5 1847 1845 1858 1859 1844 301 1850 1855
1 5 1859 1858 1853 1856 1855 1850 49 1851
1 5 1857 1859 1856 1854 1852 1855 1851 302
1 5 297 1799 1833 1751 1777 1840 1863 1790
1 5 1799 308 1821 1833 1840 1838 1857 1863
1 5 1833 1821 306 1831 1863 1857 1854 1862
1 5 1751 1833 1831 293 1790 1863 1862 1785
1 5 1777 1840 1863 1790 291 1837 1861 1782
1 5 1840 1838 1857 1863 1837 305 1852 1861
1 5 1863 1857 1854 1862 1861 1852 302 1860
1 5 1790 1863 1862 1785 1782 1861 1860 48
1 5 19 1612 1869 1806 1536 1616 1873 1814
1 5 1612 266 1864 1869 1616 1605 1872 1873
1 5 1869 1864 314 1865 1873 1872 1868 1871
1 5 1806 1869 1865 299 1814 1873 1871 1810
1 5 1536 1616 1873 1814 259 1613 1870 1808
1 5 1616 1605 1872 1873 1613 272 1866 1870
1 5 1873 1872 1868 1871 1870 1866 318 1867
1 5 1814 1873 1871 1810 1808 1870 1867 307
1 5 266 1599 1879 1864 1605 1608 1883 1872
1 5 1599 20 1874 1879 1608 1604 1882 1883
1 5 1879 1874 309 1875 1883 1882 1878 1881
1 5 1864 1879 1875 314 1872 1883 1881 1868
1 5 1605 1608 1883 1872 272 1602 1880 1866
1 5 1608 1604 1882 1883 1602 269 1876 1880
1 5 1883 1882 1878 1881 1880 1876 317 1877
1 5 1872 1883 1881 1868 1866 1880 1877 318
1 5 314 1875 1892 1886 1868 1881 1897 1895
1 5 1875 309 1884 1892 1881 1878 1896 1897
1 5 1892 1884 25 1885 1897 1896 1890 1894
1 5 1886 1892 1885 310 1895 1897 1894 1891
1 5 1868 1881 1897 1895 318 1877 1893 1889
1 5 1881 1878 1896 1897 1877 317 1887 1893
1 5 1897 1896 1890 1894 1893 1887 313 1888
1 5 1895 1897 1894 1891 1889 1893 1888 316
1 5 299 1865 1900 1816 1810 1871 1903 1828
1 5 1865 314 1886 1900 1871 1868 1895 1903
1 5 1900 1886 310 1898 1903 1895 1891 1902
1 5 1816 1900 1898 24 1828 1903 1902 1822
1 5 1810 1871 1903 1828 307 1867 1901 1819
1 5 1871 1868 1895 1903 1867 318 1889 1901
1 5 1903 1895 1891 1902 1901 1889 316 1899
1 5 1828 1903 1902 1822 1819 1901 1899 303
1 5 259 1613 1870 1808 1567 1644 1910 1848
1 5 1613 272 1866 1870 1644 1636 1909 1910
1 5 1870 1866 318 1867 1910 1909 1906 1908
1 5 1808 1870 1867 307 1848 1910 1908 1845
1 5 1567 1644 1910 1848 44 1642 1907 1843
1 5 1644 1636 1909 1910 1642 268 1904 1907
1 5 1910 1909 1906 1908 1907 1904 315 1905
1 5 1848 1910 1908 1845 1843 1907 1905 301
1 5 272 1602 1880 1866 1636 1638 1917 1909
1 5 1602 269 1876 1880 1638 1635 1916 1917
1 5 1880 1876 317 1877 1917 1916 1913 1915
1 5 1866 1880 1877 318 1909 1917 1915 1906
1 5 1636 1638 1917 1909 268 1633 1914 1904
1 5 1638 1635 1916 1917 1633 45 1911 1914
1 5 1917 1916 1913 1915 1914 1911 311 1912
1 5 1909 1917 1915 1906 1904 1914 1912 315
1 5 318 1877 1893 1889 1906 1915 1927 1925
1 5 1877 317 1887 1893 1915 1913 1926 1927
1 5 1893 1887 313 1888 1927 1926 1921 1924
1 5 1889 1893 1888 316 1925 1927 1924 1922
1 5 1906 1915 1927 1925 315 1912 1923 1920
1 5 1915 1913 1926 1927 1912 311 1918 1923
1 5 1927 1926 1921 1924 1923 1918 50 1919
1 5 1925 1927 1924 1922 1920 1923 1919 312
1 5 307 1867 1901 1819 1845 1908 1931 1858
1 5 1867 318 1889 1901 1908 1906 1925 1931
1 5 1901 1889 316 1899 1931 1925 1922 1930
1 5 1819 1901 1899 303 1858 1931 1930 1853
1 5 1845 1908 1931 1858 301 1905 1929 1850
1 5 1908 1906 1925 1931 1905 315 1920 1929
1 5 1931 1925 1922 1930 1929 1920 312 1928
1 5 1858 1931 1930 1853 1850 1929 1928 49
1 5 26 787 795 790 1936 1941 1945 1943
1 5 787 130 788 795 1941 1937 1944 1945
1 5 795 788 139 789 1945 1944 1938 1942
1 5 790 795 789 133 1943 1945 1942 1939
1 5 1936 1941 1945 1943 323 1932 1940 1935
1 5 1941 1937 1944 1945 1932 328 1933 1940
1 5 1945 1944 1938 1942 1940 1933 332 1934
1 5 1943 1945 1942 1939 1935 1940 1934 330
1 5 130 801 806 788 1937 1952 1955 1944
1 5 801 27 802 806 1952 1949 1954 1955
1 5 806 802 131 803 1955 1954 1950 1953
1 5 788 806 803 139 1944 1955 1953 1938
1 5 1937 1952 1955 1944 328 1946 1951 1933
1 5 1952 1949 1954 1955 1946 324 1947 1951
1 5 1955 1954 1950 1953 1951 1947 331 1948
1 5 1944 1955 1953 1938 1933 1951 1948 332
1 5 139 803 816 813 1938 1953 1965 1963
1 5 803 131 811 816 1953 1950 1964 1965
1 5 816 811 32 812 1965 1964 1959 1962
1 5 813 816 812 132 1963 1965 1962 1960
1 5 1938 1953 1965 1963 332 1948 1961 1958
1 5 1953 1950 1964 1965 1948 331 1956 1961
1 5 1965 1964 1959 1962 1961 1956 325 1957
1 5 1963 1965 1962 1960 1958 1961 1957 329
1 5 133 789 824 822 1939 1942 1972 1971
1 5 789 139 813 824 1942 1938 1963 1972
1 5 824 813 132 821 1972 1963 1960 1970
1 5 822 824 821 31 1971 1972 1970 1968
1 5 1939 1942 1972 1971 330 1934 1969 1967
1 5 1942 1938 1963 1972 1934 332 1958 1969
1 5 1972 1963 1960 1970 1969 1958 329 1966
1 5 1971 1972 1970 1968 1967 1969 1966 326
1 5 323 1932 1940 1935 1977 1982 1986 1984
1 5 1932 328 1933 1940 1982 1978 1985 1986
1 5 1940 1933 332 1934 1986 1985 1979 1983
1 5 1935 1940 1934 330 1984 1986 1983 1980
1 5 1977 1982 1986 1984 51 1973 1981 1976
1 5 1982 1978 1985 1986 1973 319 1974 1981
1 5 1986 1985 1979 1983 1981 1974 327 1975
1 5 1984 1986 1983 1980 1976 1981 1975 322
1 5 328 1946 1951 1933 1978 1993 1996 1985
1 5 1946 324 1947 1951 1993 1990 1995 1996
1 5 1951 1947 331 1948 1996 1995 1991 1994
1 5 1933 1951 1948 332 1985 1996 1994 1979
1 5 1978 1993 1996 1985 319 1987 1992 1974
1 5 1993 1990 1995 1996 1987 52 1988 1992
1 5 1996 1995 1991 1994 1992 1988 320 1989
1 5 1985 1996 1994 1979 1974 1992 1989 327
1 5 332 1948 1961 1958 1979 1994 2006 2004
1 5 1948 331 1956 1961 1994 1991 2005 2006
1 5 1961 1956 325 1957 2006 2005 2000 2003
1 5 1958 1961 1957 329 2004 2006 2003 2001
1 5 1979 1994 2006 2004 327 1989 2002 1999
1 5 1994 1991 2005 2006 1989 320 1997 2002
1 5 2006 2005 2000 2003 2002 1997 57 1998
1 5 2004 2006 2003 2001 1999 2002 1998 321
1 5 330 1934 1969 1967 1980 1983 2013 2012
1 5 1934 332 1958 1969 1983 1979 2004 2013
1 5 1969 1958 329 1966 2013 2004 2001 2011
1 5 1967 1969 1966 326 2012 2013 2011 2009
1 5 1980 1983 2013 2012 322 1975 2010 2008
1 5 1983 1979 2004 2013 1975 327 1999 2010
1 5 2013 2004 2001 2011 2010 1999 321 2007
1 5 2012 2013 2011 2009 2008 2010 2007 56
1 5 27 876 881 802 1949 2020 2023 1954
1 5 876 148 877 881 2020 2017 2022 2023
1 5 881 877 154 878 2023 2022 2018 2021
1 5 802 881 878 131 1954 2023 2021 1950
1 5 1949 2020 2023 1954 324 2014 2019 1947
1 5 2020 2017 2022 2023 2014 339 2015 2019
1 5 2023 2022 2018 2021 2019 2015 342 2016
1 5 1954 2023 2021 1950 1947 2019 2016 331
1 5 148 886 891 877 2017 2030 2033 2022
1 5 886 28 887 891 2030 2027 2032 2033
1 5 891 887 149 888 2033 2032 2028 2031
1 5 877 891 888 154 2022 2033 2031 2018
1 5 2017 2030 2033 2022 339 2024 2029 2015
1 5 2030 2027 2032 2033 2024 336 2025 2029
1 5 2033 2032 2028 2031 2029 2025 341 2026
1 5 2022 2033 2031 2018 2015 2029 2026 342
1 5 154 888 901 898 2018 2031 2043 2041
1 5 888 149 896 901 2031 2028 2042 2043
1 5 901 896 33 897 2043 2042 2037 2040
1 5 898 901 897 150 2041 2043 2040 2038
1 5 2018 2031 2043 2041 342 2026 2039 2036
1 5 2031 2028 2042 2043 2026 341 2034 2039
1 5 2043 2042 2037 2040 2039 2034 337 2035
1 5 2041 2043 2040 2038 2036 2039 2035 340
1 5 131 878 907 811 1950 2021 2047 1964
1 5 878 154 898 907 2021 2018 2041 2047
1 5 907 898 150 906 2047 2041 2038 2046
1 5 811 907 906 32 1964 2047 2046 1959
1 5 1950 2021 2047 1964 331 2016 2045 1956
1 5 2021 2018 2041 2047 2016 342 2036 2045
1 5 2047 2041 2038 2046 2045 2036 340 2044
1 5 1964 2047 2046 1959 1956 2045 2044 325
1 5 324 2014 2019 1947 1990 2054 2057 1995
1 5 2014 339 2015 2019 2054 2051 2056 2057
1 5 2019 2015 342 2016 2057 2056 2052 2055
1 5 1947 2019 2016 331 1995 2057 2055 1991
1 5 1990 2054 2057 1995 52 2048 2053 1988
1 5 2054 2051 2056 2057 2048 333 2049 2053
1 5 2057 2056 2052 2055 2053 2049 338 2050
1 5 1995 2057 2055 1991 1988 2053 2050 320
1 5 339 2024 2029 2015 2051 2064 2067 2056
1 5 2024 336 2025 2029 2064 2061 2066 2067
1 5 2029 2025 341 2026 2067 2066 2062 2065
1 5 2015 2029 2026 342 2056 2067 2065 2052
1 5 2051 2064 2067 2056 333 2058 2063 2049
1 5 2064 2061 2066 2067 2058 53 2059 2063
1 5 2067 2066 2062 2065 2063 2059 334 2060
1 5 2056 2067 2065 2052 2049 2063 2060 338
1 5 342 2026 2039 2036 2052 2065 2077 2075
1 5 2026 341 2034 2039 2065 2062 2076 2077
1 5 2039 2034 337 2035 2077 2076 2071 2074
1 5 2036 2039 2035 340 2075 2077 2074 2072
1 5 2052 2065 2077 2075 338 2060 2073 2070
1 5 2065 2062 2076 2077 2060 334 2068 2073
1 5 2077 2076 2071 2074 2073 2068 58 2069
1 5 2075 2077 2074 2072 2070 2073 2069 335
1 5 331 2016 2045 1956 1991 2055 2081 2005
1 5 2016 342 2036 2045 2055 2052 2075 2081
1 5 2045 2036 340 2044 2081 2075 2072 2080
1 5 1956 2045 2044 325 2005 2081 2080 2000
1 5 1991 2055 2081 2005 320 2050 2079 1997
1 5 2055 2052 2075 2081 2050 338 2070 2079
1 5 2081 2075 2072 2080 2079 2070 335 2078
1 5 2005 2081 2080 2000 1997 2079 2078 57
1 5 28 958 963 887 2027 2088 2091 2032
1 5 958 162 959 963 2088 2085 2090 2091
1 5 963 959 168 960 2091 2090 2086 2089
1 5 887 963 960 149 2032 2091 2089 2028
1 5 2027 2088 2091 2032 336 2082 2087 2025
1 5 2088 2085 2090 2091 2082 349 2083 2087
1 5 2091 2090 2086 2089 2087 2083 352 2084
1 5 2032 2091 2089 2028 2025 2087 2084 341
1 5 162 968 973 959 2085 2098 2101 2090
1 5 968 29 969 973 2098 2095 2100 2101
1 5 973 969 163 970 2101 2100 2096 2099
1 5 959 973 970 168 2090 2101 2099 2086
1 5 2085 2098 2101 2090 349 2092 2097 2083
1 5 2098 2095 2100 2101 2092 346 2093 2097
1 5 2101 2100 2096 2099 2097 2093 351 2094
1 5 2090 2101 2099 2086 2083 2097 2094 352
1 5 168 970 983 980 2086 2099 2111 2109
1 5 970 163 978 983 2099 2096 2110 2111
1 5 983 978 34 979 2111 2110 2105 2108
1 5 980 983 979 164 2109 2111 2108 2106
1 5 2086 2099 2111 2109 352 2094 2107 2104
1 5 2099 2096 2110 2111 2094 351 2102 2107
1 5 2111 2110 2105 2108 2107 2102 347 2103
1 5 2109 2111 2108 2106 2104 2107 2103 350
1 5 149 960 989 896 2028 2089 2115 2042
1 5 960 168 980 989 2089 2086 2109 2115
1 5 989 980 164 988 2115 2109 2106 2114
1 5 896 989 988 33 2042 2115 2114 2037
1 5 2028 2089 2115 2042 341 2084 2113 2034
1 5 2089 2086 2109 2115 2084 352 2104 2113
1 5 2115 2109 2106 2114 2113 2104 350 2112
1 5 2042 2115 2114 2037 2034 2113 2112 337
1 5 336 2082 2087 2025 2061 2122 2125 2066
1 5 2082 349 2083 2087 2122 2119 2124 2125
1 5 2087 2083 352 2084 2125 2124 2120 2123
1 5 2025 2087 2084 341 2066 2125 2123 2062
1 5 2061 2122 2125 2066 53 2116 2121 2059
1 5 2122 2119 2124 2125 2116 343 2117 2121
1 5 2125 2124 2120 2123 2121 2117 348 2118
1 5 2066 2125 2123 2062 2059 2121 2118 334
1 5 349 2092 2097 2083 2119 2132 2135 2124
1 5 2092 346 2093 2097 2132 2129 2134 2135
1 5 2097 2093 351 2094 2135 2134 2130 2133
1 5 2083 2097 2094 352 2124 2135 2133 2120
1 5 2119 2132 2135 2124 343 2126 2131 2117
1 5 2132 2129 2134 2135 2126 54 2127 2131
1 5 2135 2134 2130 2133 2131 2127 344 2128
1 5 2124 2135 2133 2120 2117 2131 2128 348
1 5 352 2094 2107 2104 2120 2133 2145 2143
1 5 2094 351 2102 2107 2133 2130 2144 2145
1 5 2107 2102 347 2103 2145 2144 2139 2142
1 5 2104 2107 2103 350 2143 2145 2142 2140
1 5 2120 2133 2145 2143 348 2128 2141 2138
1 5 2133 2130 2144 2145 2128 344 2136 2141
1 5 2145 2144 2139 2142 2141 2136 59 2137
1 5 2143 2145 2142 2140 2138 2141 2137 345
1 5 341 2084 2113 2034 2062 2123 2149 2076
1 5 2084 352 2104 2113 2123 2120 2143 2149
1 5 2113 2104 350 2112 2149 2143 2140 2148
1 5 2034 2113 2112 337 2076 2149 2148 2071
1 5 2062 2123 2149 2076 334 2118 2147 2068
1 5 2123 2120 2143 2149 2118 348 2138 2147
1 5 2149 2143 2140 2148 2147 2138 345 2146
1 5 2076 2149 2148 2071 2068 2147 2146 58
1 5 29 1040 1045 969 2095 2156 2159 2100
1 5 1040 176 1041 1045 2156 2153 2158 2159
1 5 1045 1041 182 1042 2159 2158 2154 2157
1 5 969 1045 1042 163 2100 2159 2157 2096
1 5 2095 2156 2159 2100 346 2150 2155 2093
1 5 2156 2153 2158 2159 2150 359 2151 2155
1 5 2159 2158 2154 2157 2155 2151 362 2152
1 5 2100 2159 2157 2096 2093 2155 2152 351
1 5 176 1050 1055 1041 2153 2166 2169 2158
1 5 1050 30 1051 1055 2166 2163 2168 2169
1 5 1055 1051 177 1052 2169 2168 2164 2167
1 5 1041 1055 1052 182 2158 2169 2167 2154
1 5 2153 2166 2169 2158 359 2160 2165 2151
1 5 2166 2163 2168 2169 2160 356 2161 2165
1 5 2169 2168 2164 2167 2165 2161 361 2162
1 5 2158 2169 2167 2154 2151 2165 2162 362
1 5 182 1052 1065 1062 2154 2167 2179 2177
1 5 1052 177 1060 1065 2167 2164 2178 2179
1 5 1065 1060 35 1061 2179 2178 2173 2176
1 5 1062 1065 1061 178 2177 2179 2176 2174
1 5 2154 2167 2179 2177 362 2162 2175 2172
1 5 2167 2164 2178 2179 2162 361 2170 2175
1 5 2179 2178 2173 2176 2175 2170 357 2171
1 5 2177 2179 2176 2174 2172 2175 2171 360
1 5 163 1042 1071 978 2096 2157 2183 2110
1 5 1042 182 1062 1071 2157 2154 2177 2183
1 5 1071 1062 178 1070 2183 2177 2174 2182
1 5 978 1071 1070 34 2110 2183 2182 2105
1 5 2096 2157 2183 2110 351 2152 2181 2102
1 5 2157 2154 2177 2183 2152 362 2172 2181
1 5 2183 2177 2174 2182 2181 2172 360 2180
1 5 2110 2183 2182 2105 2102 2181 2180 347
1 5 346 2150 2155 2093 2129 2190 2193 2134
1 5 2150 359 2151 2155 2190 2187 2192 2193
1 5 2155 2151 362 2152 2193 2192 2188 2191
1 5 2093 2155 2152 351 2134 2193 2191 2130
1 5 2129 2190 2193 2134 54 2184 2189 2127
1 5 2190 2187 2192 2193 2184 353 2185 2189
1 5 2193 2192 2188 2191 2189 2185 358 2186
1 5 2134 2193 2191 2130 2127 2189 2186 344
1 5 359 2160 2165 2151 2187 2200 2203 2192
1 5 2160 356 2161 2165 2200 2197 2202 2203
1 5 2165 2161 361 2162 2203 2202 2198 2201
1 5 2151 2165 2162 362 2192 2203 2201 2188
1 5 2187 2200 2203 2192 353 2194 2199 2185
1 5 2200 2197 2202 2203 2194 55 2195 2199
1 5 2203 2202 2198 2201 2199 2195 354 2196
1 5 2192 2203 2201 2188 2185 2199 2196 358
1 5 362 2162 2175 2172 2188 2201 2213 2211
1 5 2162 361 2170 2175 2201 2198 2212 2213
1 5 2175 2170 357 2171 2213 2212 2207 2210
1 5 2172 2175 2171 360 2211 2213 2210 2208
1 5 2188 2201 2213 2211 358 2196 2209 2206
1 5 2201 2198 2212 2213 2196 354 2204 2209
1 5 2213 2212 2207 2210 2209 2204 60 2205
1 5 2211 2213 2210 2208 2206 2209 2205 355
1 5 351 2152 2181 2102 2130 2191 2217 2144
1 5 2152 362 2172 2181 2191 2188 2211 2217
1 5 2181 2172 360 2180 2217 2211 2208 2216
1 5 2102 2181 2180 347 2144 2217 2216 2139
1 5 2130 2191 2217 2144 344 2186 2215 2136
1 5 2191 2188 2211 2217 2186 358 2206 2215
1 5 2217 2211 2208 2216 2215 2206 355 2214
1 5 2144 2217 2216 2139 2136 2215 2214 59
1 5 31 821 1127 1124 1968 1970 2227 2225
1 5 821 132 1122 1127 1970 1960 2226 2227
1 5 1127 1122 196 1123 2227 2226 2221 2224
1 5 1124 1127 1123 192 2225 2227 2224 2222
1 5 1968 1970 2227 2225 326 1966 2223 2220
1 5 1970 1960 2226 2227 1966 329 2218 2223
1 5 2227 2226 2221 2224 2223 2218 372 2219
1 5 2225 2227 2224 2222 2220 2223 2219 370
1 5 132 812 1135 1122 1960 1962 2234 2226
1 5 812 32 1132 1135 1962 1959 2233 2234
1 5 1135 1132 190 1133 2234 2233 2230 2232
1 5 1122 1135 1133 196 2226 2234 2232 2221
1 5 1960 1962 2234 2226 329 1957 2231 2218
1 5 1962 1959 2233 2234 1957 325 2228 2231
1 5 2234 2233 2230 2232 2231 2228 371 2229
1 5 2226 2234 2232 2221 2218 2231 2229 372
1 5 196 1133 1144 1141 2221 2232 2244 2242
1 5 1133 190 1139 1144 2232 2230 2243 2244
1 5 1144 1139 37 1140 2244 2243 2238 2241
1 5 1141 1144 1140 191 2242 2244 2241 2239
1 5 2221 2232 2244 2242 372 2229 2240 2237
1 5 2232 2230 2243 2244 2229 371 2235 2240
1 5 2244 2243 2238 2241 2240 2235 366 2236
1 5 2242 2244 2241 2239 2237 2240 2236 369
1 5 192 1123 1152 1150 2222 2224 2251 2250
1 5 1123 196 1141 1152 2224 2221 2242 2251
1 5 1152 1141 191 1149 2251 2242 2239 2249
1 5 1150 1152 1149 36 2250 2251 2249 2247
1 5 2222 2224 2251 2250 370 2219 2248 2246
1 5 2224 2221 2242 2251 2219 372 2237 2248
1 5 2251 2242 2239 2249 2248 2237 369 2245
1 5 2250 2251 2249 2247 2246 2248 2245 367
1 5 326 1966 2223 2220 2009 2011 2261 2259
1 5 1966 329 2218 2223 2011 2001 2260 2261
1 5 2223 2218 372 2219 2261 2260 2255 2258
1 5 2220 2223 2219 370 2259 2261 2258 2256
1 5 2009 2011 2261 2259 56 2007 2257 2254
1 5 2011 2001 2260 2261 2007 321 2252 2257
1 5 2261 2260 2255 2258 2257 2252 368 2253
1 5 2259 2261 2258 2256 2254 2257 2253 365
1 5 329 1957 2231 2218 2001 2003 2268 2260
1 5 1957 325 2228 2231 2003 2000 2267 2268
1 5 2231 2228 371 2229 2268 2267 2264 2266
1 5 2218 2231 2229 372 2260 2268 2266 2255
1 5 2001 2003 2268 2260 321 1998 2265 2252
1 5 2003 2000 2267 2268 1998 57 2262 2265
1 5 2268 2267 2264 2266 2265 2262 363 2263
1 5 2260 2268 2266 2255 2252 2265 2263 368
1 5 372 2229 2240 2237 2255 2266 2278 2276
1 5 2229 371 2235 2240 2266 2264 2277 2278
1 5 2240 2235 366 2236 2278 2277 2272 2275
1 5 2237 2240 2236 369 2276 2278 2275 2273
1 5 2255 2266 2278 2276 368 2263 2274 2271
1 5 2266 2264 2277 2278 2263 363 2269 2274
1 5 2278 2277 2272 2275 2274 2269 62 2270
1 5 2276 2278 2275 2273 2271 2274 2270 364
1 5 370 2219 2248 2246 2256 2258 2285 2284
1 5 2219 372 2237 2248 2258 2255 2276 2285
1 5 2248 2237 369 2245 2285 2276 2273 2283
1 5 2246 2248 2245 367 2284 2285 2283 2281
1 5 2256 2258 2285 2284 365 2253 2282 2280
1 5 2258 2255 2276 2285 2253 368 2271 2282
1 5 2285 2276 2273 2283 2282 2271 364 2279
1 5 2284 2285 2283 2281 2280 2282 2279 61
1 5 32 906 1199 1132 1959 2046 2292 2233
1 5 906 150 1196 1199 2046 2038 2291 2292
1 5 1199 1196 207 1197 2292 2291 2288 2290
1 5 1132 1199 1197 190 2233 2292 2290 2230
1 5 1959 2046 2292 2233 325 2044 2289 2228
1 5 2046 2038 2291 2292 2044 340 2286 2289
1 5 2292 2291 2288 2290 2289 2286 379 2287
1 5 2233 2292 2290 2230 2228 2289 2287 371
1 5 150 897 1206 1196 2038 2040 2299 2291
1 5 897 33 1203 1206 2040 2037 2298 2299
1 5 1206 1203 203 1204 2299 2298 2295 2297
1 5 1196 1206 1204 207 2291 2299 2297 2288
1 5 2038 2040 2299 2291 340 2035 2296 2286
1 5 2040 2037 2298 2299 2035 337 2293 2296
1 5 2299 2298 2295 2297 2296 2293 378 2294
1 5 2291 2299 2297 2288 2286 2296 2294 379
1 5 207 1204 1215 1212 2288 2297 2309 2307
1 5 1204 203 1210 1215 2297 2295 2308 2309
1 5 1215 1210 38 1211 2309 2308 2303 2306
1 5 1212 1215 1211 204 2307 2309 2306 2304
1 5 2288 2297 2309 2307 379 2294 2305 2302
1 5 2297 2295 2308 2309 2294 378 2300 2305
1 5 2309 2308 2303 2306 2305 2300 375 2301
1 5 2307 2309 2306 2304 2302 2305 2301 377
1 5 190 1197 1221 1139 2230 2290 2313 2243
1 5 1197 207 1212 1221 2290 2288 2307 2313
1 5 1221 1212 204 1220 2313 2307 2304 2312
1 5 1139 1221 1220 37 2243 2313 2312 2238
1 5 2230 2290 2313 2243 371 2287 2311 2235
1 5 2290 2288 2307 2313 2287 379 2302 2311
1 5 2313 2307 2304 2312 2311 2302 377 2310
1 5 2243 2313 2312 2238 2235 2311 2310 366
1 5 325 2044 2289 2228 2000 2080 2320 2267
1 5 2044 340 2286 2289 2080 2072 2319 2320
1 5 2289 2286 379 2287 2320 2319 2316 2318
1 5 2228 2289 2287 371 2267 2320 2318 2264
1 5 2000 2080 2320 2267 57 2078 2317 2262
1 5 2080 2072 2319 2320 2078 335 2314 2317
1 5 2320 2319 2316 2318 2317 2314 376 2315
1 5 2267 2320 2318 2264 2262 2317 2315 363
1 5 340 2035 2296 2286 2072 2074 2327 2319
1 5 2035 337 2293 2296 2074 2071 2326 2327
1 5 2296 2293 378 2294 2327 2326 2323 2325
1 5 2286 2296 2294 379 2319 2327 2325 2316
1 5 2072 2074 2327 2319 335 2069 2324 2314
1 5 2074 2071 2326 2327 2069 58 2321 2324
1 5 2327 2326 2323 2325 2324 2321 373 2322
1 5 2319 2327 2325 2316 2314 2324 2322 376
1 5 379 2294 2305 2302 2316 2325 2337 2335
1 5 2294 378 2300 2305 2325 2323 2336 2337
1 5 2305 2300 375 2301 2337 2336 2331 2334
1 5 2302 2305 2301 377 2335 2337 2334 2332
1 5 2316 2325 2337 2335 376 2322 2333 2330
1 5 2325 2323 2336 2337 2322 373 2328 2333
1 5 2337 2336 2331 2334 2333 2328 63 2329
1 5 2335 2337 2334 2332 2330 2333 2329 374
1 5 371 2287 2311 2235 2264 2318 2341 2277
1 5 2287 379 2302 2311 2318 2316 2335 2341
1 5 2311 2302 377 2310 2341 2335 2332 2340
1 5 2235 2311 2310 366 2277 2341 2340 2272
1 5 2264 2318 2341 2277 363 2315 2339 2269
1 5 2318 2316 2335 2341 2315 376 2330 2339
1 5 2341 2335 2332 2340 2339 2330 374 2338
1 5 2277 2341 2340 2272 2269 2339 2338 62
1 5 33 988 1267 1203 2037 2114 2348 2298
1 5 988 164 1264 1267 2114 2106 2347 2348
1 5 1267 1264 217 1265 2348 2347 2344 2346
1 5 1203 1267 1265 203 2298 2348 2346 2295
1 5 2037 2114 2348 2298 337 2112 2345 2293
1 5 2114 2106 2347 2348 2112 350 2342 2345
1 5 2348 2347 2344 2346 2345 2342 386 2343
1 5 2298 2348 2346 2295 2293 2345 2343 378
1 5 164 979 1274 1264 2106 2108 2355 2347
1 5 979 34 1271 1274 2108 2105 2354 2355
1 5 1274 1271 213 1272 2355 2354 2351 2353
1 5 1264 1274 1272 217 2347 2355 2353 2344
1 5 2106 2108 2355 2347 350 2103 2352 2342
1 5 2108 2105 2354 2355 2103 347 2349 2352
1 5 2355 2354 2351 2353 2352 2349 385 2350
1 5 2347 2355 2353 2344 2342 2352 2350 386
1 5 217 1272 1283 1280 2344 2353 2365 2363
1 5 1272 213 1278 1283 2353 2351 2364 2365
1 5 1283 1278 39 1279 2365 2364 2359 2362
1 5 1280 1283 1279 214 2363 2365 2362 2360
1 5 2344 2353 2365 2363 386 2350 2361 2358
1 5 2353 2351 2364 2365 2350 385 2356 2361
1 5 2365 2364 2359 2362 2361 2356 382 2357
1 5 2363 2365 2362 2360 2358 2361 2357 384
1 5 203 1265 1289 1210 2295 2346 2369 2308
1 5 1265 217 1280 1289 2346 2344 2363 2369
1 5 1289 1280 214 1288 2369 2363 2360 2368
1 5 1210 1289 1288 38 2308 2369 2368 2303
1 5 2295 2346 2369 2308 378 2343 2367 2300
1 5 2346 2344 2363 2369 2343 386 2358 2367
1 5 2369 2363 2360 2368 2367 2358 384 2366
1 5 2308 2369 2368 2303 2300 2367 2366 375
1 5 337 2112 2345 2293 2071 2148 2376 2326
1 5 2112 350 2342 2345 2148 2140 2375 2376
1 5 2345 2342 386 2343 2376 2375 2372 2374
1 5 2293 2345 2343 378 2326 2376 2374 2323
1 5 2071 2148 2376 2326 58 2146 2373 2321
1 5 2148 2140 2375 2376 2146 345 2370 2373
1 5 2376 2375 2372 2374 2373 2370 383 2371
1 5 2326 2376 2374 2323 2321 2373 2371 373
1 5 350 2103 2352 2342 2140 2142 2383 2375
1 5 2103 347 2349 2352 2142 2139 2382 2383
1 5 2352 2349 385 2350 2383 2382 2379 2381
1 5 2342 2352 2350 386 2375 2383 2381 2372
1 5 2140 2142 2383 2375 345 2137 2380 2370
1 5 2142 2139 2382 2383 2137 59 2377 2380
1 5 2383 2382 2379 2381 2380 2377 380 2378
1 5 2375 2383 2381 2372 2370 2380 2378 383
1 5 386 2350 2361 2358 2372 2381 2393 2391
1 5 2350 385 2356 2361 2381 2379 2392 2393
1 5 2361 2356 382 2357 2393 2392 2387 2390
1 5 2358 2361 2357 384 2391 2393 2390 2388
1 5 2372 2381 2393 2391 383 2378 2389 2386
1 5 2381 2379 2392 2393 2378 380 2384 2389
1 5 2393 2392 2387 2390 2389 2384 64 2385
1 5 2391 2393 2390 2388 2386 2389 2385 381
1 5 378 2343 2367 2300 2323 2374 2397 2336
1 5 2343 386 2358 2367 2374 2372 2391 2397
1 5 2367 2358 384 2366 2397 2391 2388 2396
1 5 2300 2367 2366 375 2336 2397 2396 2331
1 5 2323 2374 2397 2336 373 2371 2395 2328
1 5 2374 2372 2391 2397 2371 383 2386 2395
1 5 2397 2391 2388 2396 2395 2386 381 2394
1 5 2336 2397 2396 2331 2328 2395 2394 63
1 5 34 1070 1335 1271 2105 2182 2404 2354
1 5 1070 178 1332 1335 2182 2174 2403 2404
1 5 1335 1332 227 1333 2404 2403 2400 2402
1 5 1271 1335 1333 213 2354 2404 2402 2351
1 5 2105 2182 2404 2354 347 2180 2401 2349
1 5 2182 2174 2403 2404 2180 360 2398 2401
1 5 2404 2403 2400 2402 2401 2398 393 2399
1 5 2354 2404 2402 2351 2349 2401 2399 385
1 5 178 1061 1342 1332 2174 2176 2411 2403
1 5 1061 35 1339 1342 2176 2173 2410 2411
1 5 1342 1339 223 1340 2411 2410 2407 2409
1 5 1332 1342 1340 227 2403 2411 2409 2400
1 5 2174 2176 2411 2403 360 2171 2408 2398
1 5 2176 2173 2410 2411 2171 357 2405 2408
1 5 2411 2410 2407 2409 2408 2405 392 2406
1 5 2403 2411 2409 2400 2398 2408 2406 393
1 5 227 1340 1351 1348 2400 2409 2421 2419
1 5 1340 223 1346 1351 2409 2407 2420 2421
1 5 1351 1346 40 1347 2421 2420 2415 2418
1 5 1348 1351 1347 224 2419 2421 2418 2416
1 5 2400 2409 2421 2419 393 2406 2417 2414
1 5 2409 2407 2420 2421 2406 392 2412 2417
1 5 2421 2420 2415 2418 2417 2412 389 2413
1 5 2419 2421 2418 2416 2414 2417 2413 391
1 5 213 1333 1357 1278 2351 2402 2425 2364
1 5 1333 227 1348 1357 2402 2400 2419 2425
1 5 1357 1348 224 1356 2425 2419 2416 2424
1 5 1278 1357 1356 39 2364 2425 2424 2359
1 5 2351 2402 2425 2364 385 2399 2423 2356
1 5 2402 2400 2419 2425 2399 393 2414 2423
1 5 2425 2419 2416 2424 2423 2414 391 2422
1 5 2364 2425 2424 2359 2356 2423 2422 382
1 5 347 2180 2401 2349 2139 2216 2432 2382
1 5 2180 360 2398 2401 2216 2208 2431 2432
1 5 2401 2398 393 2399 2432 2431 2428 2430
1 5 2349 2401 2399 385 2382 2432 2430 2379
1 5 2139 2216 2432 2382 59 2214 2429 2377
1 5 2216 2208 2431 2432 2214 355 2426 2429
1 5 2432 2431 2428 2430 2429 2426 390 2427
1 5 2382 2432 2430 2379 2377 2429 2427 380
1 5 360 2171 2408 2398 2208 2210 2439 2431
1 5 2171 357 2405 2408 2210 2207 2438 2439
1 5 2408 2405 392 2406 2439 2438 2435 2437
1 5 2398 2408 2406 393 2431 2439 2437 2428
1 5 2208 2210 2439 2431 355 2205 2436 2426
1 5 2210 2207 2438 2439 2205 60 2433 2436
1 5 2439 2438 2435 2437 2436 2433 387 2434
1 5 2431 2439 2437 2428 2426 2436 2434 390
1 5 393 2406 2417 2414 2428 2437 2449 2447
1 5 2406 392 2412 2417 2437 2435 2448 2449
1 5 2417 2412 389 2413 2449 2448 2443 2446
1 5 2414 2417 2413 391 2447 2449 2446 2444
1 5 2428 2437 2449 2447 390 2434 2445 2442
1 5 2437 2435 2448 2449 2434 387 2440 2445
1 5 2449 2448 2443 2446 2445 2440 65 2441
1 5 2447 2449 2446 2444 2442 2445 2441 388
1 5 385 2399 2423 2356 2379 2430 2453 2392
1 5 2399 393 2414 2423 2430 2428 2447 2453
1 5 2423 2414 391 2422 2453 2447 2444 2452
1 5 2356 2423 2422 382 2392 2453 2452 2387
1 5 2379 2430 2453 2392 380 2427 2451 2384
1 5 2430 2428 2447 2453 2427 390 2442 2451
1 5 2453 2447 2444 2452 2451 2442 388 2450
1 5 2392 2453 2452 2387 2384 2451 2450 64
1 5 36 1149 1413 1410 2247 2249 2463 2461
1 5 1149 191 1408 1413 2249 2239 2462 2463
1 5 1413 1408 240 1409 2463 2462 2457 2460
1 5 1410 1413 1409 236 2461 2463 2460 2458
1 5 2247 2249 2463 2461 367 2245 2459 2456
1 5 2249 2239 2462 2463 2245 369 2454 2459
1 5 2463 2462 2457 2460 2459 2454 403 2455
1 5 2461 2463 2460 2458 2456 2459 2455 401
1 5 191 1140 1421 1408 2239 2241 2470 2462
1 5 1140 37 1418 1421 2241 2238 2469 2470
1 5 1421 1418 234 1419 2470 2469 2466 2468
1 5 1408 1421 1419 240 2462 2470 2468 2457
1 5 2239 2241 2470 2462 369 2236 2467 2454
1 5 2241 2238 2469 2470 2236 366 2464 2467
1 5 2470 2469 2466 2468 2467 2464 402 2465
1 5 2462 2470 2468 2457 2454 2467 2465 403
1 5 240 1419 1430 1427 2457 2468 2480 2478
1 5 1419 234 1425 1430 2468 2466 2479 2480
1 5 1430 1425 42 1426 2480 2479 2474 2477
1 5 1427 1430 1426 235 2478 2480 2477 2475
1 5 2457 2468 2480 2478 403 2465 2476 2473
1 5 2468 2466 2479 2480 2465 402 2471 2476
1 5 2480 2479 2474 2477 2476 2471 397 2472
1 5 2478 2480 2477 2475 2473 2476 2472 400
1 5 236 1409 1438 1436 2458 2460 2487 2486
1 5 1409 240 1427 1438 2460 2457 2478 2487
1 5 1438 1427 235 1435 2487 2478 2475 2485
1 5 1436 1438 1435 41 2486 2487 2485 2483
1 5 2458 2460 2487 2486 401 2455 2484 2482
1 5 2460 2457 2478 2487 2455 403 2473 2484
1 5 2487 2478 2475 2485 2484 2473 400 2481
1 5 2486 2487 2485 2483 2482 2484 2481 398
1 5 367 2245 2459 2456 2281 2283 2497 2495
1 5 2245 369 2454 2459 2283 2273 2496 2497
1 5 2459 2454 403 2455 2497 2496 2491 2494
1 5 2456 2459 2455 401 2495 2497 2494 2492
1 5 2281 2283 2497 2495 61 2279 2493 2490
1 5 2283 2273 2496 2497 2279 364 2488 2493
1 5 2497 2496 2491 2494 2493 2488 399 2489
1 5 2495 2497 2494 2492 2490 2493 2489 396
1 5 369 2236 2467 2454 2273 2275 2504 2496
1 5 2236 366 2464 2467 2275 2272 2503 2504
1 5 2467 2464 402 2465 2504 2503 2500 2502
1 5 2454 2467 2465 403 2496 2504 2502 2491
1 5 2273 2275 2504 2496 364 2270 2501 2488
1 5 2275 2272 2503 2504 2270 62 2498 2501
1 5 2504 2503 2500 2502 2501 2498 394 2499
1 5 2496 2504 2502 2491 2488 2501 2499 399
1 5 403 2465 2476 2473 2491 2502 2514 2512
1 5 2465 402 2471 2476 2502 2500 2513 2514
1 5 2476 2471 397 2472 2514 2513 2508 2511
1 5 2473 2476 2472 400 2512 2514 2511 2509
1 5 2491 2502 2514 2512 399 2499 2510 2507
1 5 2502 2500 2513 2514 2499 394 2505 2510
1 5 2514 2513 2508 2511 2510 2505 67 2506
1 5 2512 2514 2511 2509 2507 2510 2506 395
1 5 401 2455 2484 2482 2492 2494 2521 2520
1 5 2455 403 2473 2484 2494 2491 2512 2521
1 5 2484 2473 400 2481 2521 2512 2509 2519
1 5 2482 2484 2481 398 2520 2521 2519 2517
1 5 2492 2494 2521 2520 396 2489 2518 2516
1 5 2494 2491 2512 2521 2489 399 2507 2518
1 5 2521 2512 2509 2519 2518 2507 395 2515
1 5 2520 2521 2519 2517 2516 2518 2515 66
1 5 37 1220 1485 1418 2238 2312 2528 2469
1 5 1220 204 1482 1485 2312 2304 2527 2528
1 5 1485 1482 251 1483 2528 2527 2524 2526
1 5 1418 1485 1483 234 2469 2528 2526 2466
1 5 2238 2312 2528 2469 366 2310 2525 2464
1 5 2312 2304 2527 2528 2310 377 2522 2525
1 5 2528 2527 2524 2526 2525 2522 410 2523
1 5 2469 2528 2526 2466 2464 2525 2523 402
1 5 204 1211 1492 1482 2304 2306 2535 2527
1 5 1211 38 1489 1492 2306 2303 2534 2535
1 5 1492 1489 247 1490 2535 2534 2531 2533
1 5 1482 1492 1490 251 2527 2535 2533 2524
1 5 2304 2306 2535 2527 377 2301 2532 2522
1 5 2306 2303 2534 2535 2301 375 2529 2532
1 5 2535 2534 2531 2533 2532 2529 409 2530
1 5 2527 2535 2533 2524 2522 2532 2530 410
1 5 251 1490 1501 1498 2524 2533 2545 2543
1 5 1490 247 1496 1501 2533 2531 2544 2545
1 5 1501 1496 43 1497 2545 2544 2539 2542
1 5 1498 1501 1497 248 2543 2545 2542 2540
1 5 2524 2533 2545 2543 410 2530 2541 2538
1 5 2533 2531 2544 2545 2530 409 2536 2541
1 5 2545 2544 2539 2542 2541 2536 406 2537
1 5 2543 2545 2542 2540 2538 2541 2537 408
1 5 234 1483 1507 1425 2466 2526 2549 2479
1 5 1483 251 1498 1507 2526 2524 2543 2549
1 5 1507 1498 248 1506 2549 2543 2540 2548
1 5 1425 1507 1506 42 2479 2549 2548 2474
1 5 2466 2526 2549 2479 402 2523 2547 2471
1 5 2526 2524 2543 2549 2523 410 2538 2547
1 5 2549 2543 2540 2548 2547 2538 408 2546
1 5 2479 2549 2548 2474 2471 2547 2546 397
1 5 366 2310 2525 2464 2272 2340 2556 2503
1 5 2310 377 2522 2525 2340 2332 2555 2556
1 5 2525 2522 410 2523 2556 2555 2552 2554
1 5 2464 2525 2523 402 2503 2556 2554 2500
1 5 2272 2340 2556 2503 62 2338 2553 2498
1 5 2340 2332 2555 2556 2338 374 2550 2553
1 5 2556 2555 2552 2554 2553 2550 407 2551
1 5 2503 2556 2554 2500 2498 2553 2551 394
1 5 377 2301 2532 2522 2332 2334 2563 2555
1 5 2301 375 2529 2532 2334 2331 2562 2563
1 5 2532 2529 409 2530 2563 2562 2559 2561
1 5 2522 2532 2530 410 2555 2563 2561 2552
1 5 2332 2334 2563 2555 374 2329 2560 2550
1 5 2334 2331 2562 2563 2329 63 2557 2560
1 5 2563 2562 2559 2561 2560 2557 404 2558
1 5 2555 2563 2561 2552 2550 2560 2558 407
1 5 410 2530 2541 2538 2552 2561 2573 2571
1 5 2530 409 2536 2541 2561 2559 2572 2573
1 5 2541 2536 406 2537 2573 2572 2567 2570
1 5 2538 2541 2537 408 2571 2573 2570 2568
1 5 2552 2561 2573 2571 407 2558 2569 2566
1 5 2561 2559 2572 2573 2558 404 2564 2569
1 5 2573 2572 2567 2570 2569 2564 68 2565
1 5 2571 2573 2570 2568 2566 2569 2565 405
1 5 402 2523 2547 2471 2500 2554 2577 2513
1 5 2523 410 2538 2547 2554 2552 2571 2577
1 5 2547 2538 408 2546 2577 2571 2568 2576
1 5 2471 2547 2546 397 2513 2577 2576 2508
1 5 2500 2554 2577 2513 394 2551 2575 2505
1 5 2554 2552 2571 2577 2551 407 2566 2575
1 5 2577 2571 2568 2576 2575 2566 405 2574
1 5 2513 2577 2576 2508 2505 2575 2574 67
1 5 38 1288 1553 1489 2303 2368 2584 2534
1 5 1288 214 1550 1553 2368 2360 2583 2584
1 5 1553 1550 261 1551 2584 2583 2580 2582
1 5 1489 1553 1551 247 2534 2584 2582 2531
1 5 2303 2368 2584 2534 375 2366 2581 2529
1 5 2368 2360 2583 2584 2366 384 2578 2581
1 5 2584 2583 2580 2582 2581 2578 417 2579
1 5 2534 2584 2582 2531 2529 2581 2579 409
1 5 214 1279 1560 1550 2360 2362 2591 2583
1 5 1279 39 1557 1560 2362 2359 2590 2591
1 5 1560 1557 257 1558 2591 2590 2587 2589
1 5 1550 1560 1558 261 2583 2591 2589 2580
1 5 2360 2362 2591 2583 384 2357 2588 2578
1 5 2362 2359 2590 2591 2357 382 2585 2588
1 5 2591 2590 2587 2589 2588 2585 416 2586
1 5 2583 2591 2589 2580 2578 2588 2586 417
1 5 261 1558 1569 1566 2580 2589 2601 2599
1 5 1558 257 1564 1569 2589 2587 2600 2601
1 5 1569 1564 44 1565 2601 2600 2595 2598
1 5 1566 1569 1565 258 2599 2601 2598 2596
1 5 2580 2589 2601 2599 417 2586 2597 2594
1 5 2589 2587 2600 2601 2586 416 2592 2597
1 5 2601 2600 2595 2598 2597 2592 413 2593
1 5 2599 2601 2598 2596 2594 2597 2593 415
1 5 247 1551 1575 1496 2531 2582 2605 2544
1 5 1551 261 1566 1575 2582 2580 2599 2605
1 5 1575 1566 258 1574 2605 2599 2596 2604
1 5 1496 1575 1574 43 2544 2605 2604 2539
1 5 2531 2582 2605 2544 409 2579 2603 2536
1 5 2582 2580 2599 2605 2579 417 2594 2603
1 5 2605 2599 2596 2604 2603 2594 415 2602
1 5 2544 2605 2604 2539 2536 2603 2602 406
1 5 375 2366 2581 2529 2331 2396 2612 2562
1 5 2366 384 2578 2581 2396 2388 2611 2612
1 5 2581 2578 417 2579 2612 2611 2608 2610
1 5 2529 2581 2579 409 2562 2612 2610 2559
1 5 2331 2396 2612 2562 63 2394 2609 2557
1 5 2396 2388 2611 2612 2394 381 2606 2609
1 5 2612 2611 2608 2610 2609 2606 414 2607
1 5 2562 2612 2610 2559 2557 2609 2607 404
1 5 384 2357 2588 2578 2388 2390 2619 2611
1 5 2357 382 2585 2588 2390 2387 2618 2619
1 5 2588 2585 416 2586 2619 2618 2615 2617
1 5 2578 2588 2586 417 2611 2619 2617 2608
1 5 2388 2390 2619 2611 381 2385 2616 2606
1 5 2390 2387 2618 2619 2385 64 2613 2616
1 5 2619 2618 2615 2617 2616 2613 411 2614
1 5 2611 2619 2617 2608 2606 2616 2614 414
1 5 417 2586 2597 2594 2608 2617 2629 2627
1 5 2586 416 2592 2597 2617 2615 2628 2629
1 5 2597 2592 413 2593 2629 2628 2623 2626
1 5 2594 2597 2593 415 2627 2629 2626 2624
1 5 2608 2617 2629 2627 414 2614 2625 2622
1 5 2617 2615 2628 2629 2614 411 2620 2625
1 5 2629 2628 2623 2626 2625 2620 69 2621
1 5 2627 2629 2626 2624 2622 2625 2621 412
1 5 409 2579 2603 2536 2559 2610 2633 2572
1 5 2579 417 2594 2603 2610 2608 2627 2633
1 5 2603 2594 415 2602 2633 2627 2624 2632
1 5 2536 2603 2602 406 2572 2633 2632 2567
1 5 2559 2610 2633 2572 404 2607 2631 2564
1 5 2610 2608 2627 2633 2607 414 2622 2631
1 5 2633 2627 2624 2632 2631 2622 412 2630
1 5 2572 2633 2632 2567 2564 2631 2630 68
1 5 39 1356 1621 1557 2359 2424 2640 2590
1 5 1356 224 1618 1621 2424 2416 2639 2640
1 5 1621 1618 271 1619 2640 2639 2636 2638
1 5 1557 1621 1619 257 2590 2640 2638 2587
1 5 2359 2424 2640 2590 382 2422 2637 2585
1 5 2424 2416 2639 2640 2422 391 2634 2637
1 5 2640 2639 2636 2638 2637 2634 424 2635
1 5 2590 2640 2638 2587 2585 2637 2635 416
1 5 224 1347 1628 1618 2416 2418 2647 2639
1 5 1347 40 1625 1628 2418 2415 2646 2647
1 5 1628 1625 267 1626 2647 2646 2643 2645
1 5 1618 1628 1626 271 2639 2647 2645 2636
1 5 2416 2418 2647 2639 391 2413 2644 2634
1 5 2418 2415 2646 2647 2413 389 2641 2644
1 5 2647 2646 2643 2645 2644 2641 423 2642
1 5 2639 2647 2645 2636 2634 2644 2642 424
1 5 271 1626 1637 1634 2636 2645 2657 2655
1 5 1626 267 1632 1637 2645 2643 2656 2657
1 5 1637 1632 45 1633 2657 2656 2651 2654
1 5 1634 1637 1633 268 2655 2657 2654 2652
1 5 2636 2645 2657 2655 424 2642 2653 2650
1 5 2645 2643 2656 2657 2642 423 2648 2653
1 5 2657 2656 2651 2654 2653 2648 420 2649
1 5 2655 2657 2654 2652 2650 2653 2649 422
1 5 257 1619 1643 1564 2587 2638 2661 2600
1 5 1619 271 1634 1643 2638 2636 2655 2661
1 5 1643 1634 268 1642 2661 2655 2652 2660
1 5 1564 1643 1642 44 2600 2661 2660 2595
1 5 2587 2638 2661 2600 416 2635 2659 2592
1 5 2638 2636 2655 2661 2635 424 2650 2659
1 5 2661 2655 2652 2660 2659 2650 422 2658
1 5 2600 2661 2660 2595 2592 2659 2658 413
1 5 382 2422 2637 2585 2387 2452 2668 2618
1 5 2422 391 2634 2637 2452 2444 2667 2668
1 5 2637 2634 424 2635 2668 2667 2664 2666
1 5 2585 2637 2635 416 2618 2668 2666 2615
1 5 2387 2452 2668 2618 64 2450 2665 2613
1 5 2452 2444 2667 2668 2450 388 2662 2665
1 5 2668 2667 2664 2666 2665 2662 421 2663
1 5 2618 2668 2666 2615 2613 2665 2663 411
1 5 391 2413 2644 2634 2444 2446 2675 2667
1 5 2413 389 2641 2644 2446 2443 2674 2675
1 5 2644 2641 423 2642 2675 2674 2671 2673
1 5 2634 2644 2642 424 2667 2675 2673 2664
1 5 2444 2446 2675 2667 388 2441 2672 2662
1 5 2446 2443 2674 2675 2441 65 2669 2672
1 5 2675 2674 2671 2673 2672 2669 418 2670
1 5 2667 2675 2673 2664 2662 2672 2670 421
1 5 424 2642 2653 2650 2664 2673 2685 2683
1 5 2642 423 2648 2653 2673 2671 2684 2685
1 5 2653 2648 420 2649 2685 2684 2679 2682
1 5 2650 2653 2649 422 2683 2685 2682 2680
1 5 2664 2673 2685 2683 421 2670 2681 2678
1 5 2673 2671 2684 2685 2670 418 2676 2681
1 5 2685 2684 2679 2682 2681 2676 70 2677
1 5 2683 2685 2682 2680 2678 2681 2677 419
1 5 416 2635 2659 2592 2615 2666 2689 2628
1 5 2635 424 2650 2659 2666 2664 2683 2689
1 5 2659 2650 422 2658 2689 2683 2680 2688
1 5 2592 2659 2658 413 2628 2689 2688 2623
1 5 2615 2666 2689 2628 411 2663 2687 2620
1 5 2666 2664 2683 2689 2663 421 2678 2687
1 5 2689 2683 2680 2688 2687 2678 419 2686
1 5 2628 2689 2688 2623 2620 2687 2686 69
1 5 41 1435 1699 1696 2483 2485 2699 2697
1 5 1435 235 1694 1699 2485 2475 2698 2699
1 5 1699 1694 284 1695 2699 2698 2693 2696
1 5 1696 1699 1695 280 2697 2699 2696 2694
1 5 2483 2485 2699 2697 398 2481 2695 2692
1 5 2485 2475 2698 2699 2481 400 2690 2695
1 5 2699 2698 2693 2696 2695 2690 434 2691
1 5 2697 2699 2696 2694 2692 2695 2691 432
1 5 235 1426 1707 1694 2475 2477 2706 2698
1 5 1426 42 1704 1707 2477 2474 2705 2706
1 5 1707 1704 278 1705 2706 2705 2702 2704
1 5 1694 1707 1705 284 2698 2706 2704 2693
1 5 2475 2477 2706 2698 400 2472 2703 2690
1 5 2477 2474 2705 2706 2472 397 2700 2703
1 5 2706 2705 2702 2704 2703 2700 433 2701
1 5 2698 2706 2704 2693 2690 2703 2701 434
1 5 284 1705 1716 1713 2693 2704 2716 2714
1 5 1705 278 1711 1716 2704 2702 2715 2716
1 5 1716 1711 47 1712 2716 2715 2710 2713
1 5 1713 1716 1712 279 2714 2716 2713 2711
1 5 2693 2704 2716 2714 434 2701 2712 2709
1 5 2704 2702 2715 2716 2701 433 2707 2712
1 5 2716 2715 2710 2713 2712 2707 428 2708
1 5 2714 2716 2713 2711 2709 2712 2708 431
1 5 280 1695 1724 1722 2694 2696 2723 2722
1 5 1695 284 1713 1724 2696 2693 2714 2723
1 5 1724 1713 279 1721 2723 2714 2711 2721
1 5 1722 1724 1721 46 2722 2723 2721 2719
1 5 2694 2696 2723 2722 432 2691 2720 2718
1 5 2696 2693 2714 2723 2691 434 2709 2720
1 5 2723 2714 2711 2721 2720 2709 431 2717
1 5 2722 2723 2721 2719 2718 2720 2717 429
1 5 398 2481 2695 2692 2517 2519 2733 2731
1 5 2481 400 2690 2695 2519 2509 2732 2733
1 5 2695 2690 434 2691 2733 2732 2727 2730
1 5 2692 2695 2691 432 2731 2733 2730 2728
1 5 2517 2519 2733 2731 66 2515 2729 2726
1 5 2519 2509 2732 2733 2515 395 2724 2729
1 5 2733 2732 2727 2730 2729 2724 430 2725
1 5 2731 2733 2730 2728 2726 2729 2725 427
1 5 400 2472 2703 2690 2509 2511 2740 2732
1 5 2472 397 2700 2703 2511 2508 2739 2740
1 5 2703 2700 433 2701 2740 2739 2736 2738
1 5 2690 2703 2701 434 2732 2740 2738 2727
1 5 2509 2511 2740 2732 395 2506 2737 2724
1 5 2511 2508 2739 2740 2506 67 2734 2737
1 5 2740 2739 2736 2738 2737 2734 425 2735
1 5 2732 2740 2738 2727 2724 2737 2735 430
1 5 434 2701 2712 2709 2727 2738 2750 2748
1 5 2701 433 2707 2712 2738 2736 2749 2750
1 5 2712 2707 428 2708 2750 2749 2744 2747
1 5 2709 2712 2708 431 2748 2750 2747 2745
1 5 2727 2738 2750 2748 430 2735 2746 2743
1 5 2738 2736 2749 2750 2735 425 2741 2746
1 5 2750 2749 2744 2747 2746 2741 72 2742
1 5 2748 2750 2747 2745 2743 2746 2742 426
1 5 432 2691 2720 2718 2728 2730 2757 2756
1 5 2691 434 2709 2720 2730 2727 2748 2757
1 5 2720 2709 431 2717 2757 2748 2745 2755
1 5 2718 2720 2717 429 2756 2757 2755 2753
1 5 2728 2730 2757 2756 427 2725 2754 2752
1 5 2730 2727 2748 2757 2725 430 2743 2754
1 5 2757 2748 2745 2755 2754 2743 426 2751
1 5 2756 2757 2755 2753 2752 2754 2751 71
1 5 42 1506 1771 1704 2474 2548 2764 2705
1 5 1506 248 1768 1771 2548 2540 2763 2764
1 5 1771 1768 295 1769 2764 2763 2760 2762
1 5 1704 1771 1769 278 2705 2764 2762 2702
1 5 2474 2548 2764 2705 397 2546 2761 2700
1 5 2548 2540 2763 2764 2546 408 2758 2761
1 5 2764 2763 2760 2762 2761 2758 441 2759
1 5 2705 2764 2762 2702 2700 2761 2759 433
1 5 248 1497 1778 1768 2540 2542 2771 2763
1 5 1497 43 1775 1778 2542 2539 2770 2771
1 5 1778 1775 291 1776 2771 2770 2767 2769
1 5 1768 1778 1776 295 2763 2771 2769 2760
1 5 2540 2542 2771 2763 408 2537 2768 2758
1 5 2542 2539 2770 2771 2537 406 2765 2768
1 5 2771 2770 2767 2769 2768 2765 440 2766
1 5 2763 2771 2769 2760 2758 2768 2766 441
1 5 295 1776 1787 1784 2760 2769 2781 2779
1 5 1776 291 1782 1787 2769 2767 2780 2781
1 5 1787 1782 48 1783 2781 2780 2775 2778
1 5 1784 1787 1783 292 2779 2781 2778 2776
1 5 2760 2769 2781 2779 441 2766 2777 2774
1 5 2769 2767 2780 2781 2766 440 2772 2777
1 5 2781 2780 2775 2778 2777 2772 437 2773
1 5 2779 2781 2778 2776 2774 2777 2773 439
1 5 278 1769 1793 1711 2702 2762 2785 2715
1 5 1769 295 1784 1793 2762 2760 2779 2785
1 5 1793 1784 292 1792 2785 2779 2776 2784
1 5 1711 1793 1792 47 2715 2785 2784 2710
1 5 2702 2762 2785 2715 433 2759 2783 2707
1 5 2762 2760 2779 2785 2759 441 2774 2783
1 5 2785 2779 2776 2784 2783 2774 439 2782
1 5 2715 2785 2784 2710 2707 2783 2782 428
1 5 397 2546 2761 2700 2508 2576 2792 2739
1 5 2546 408 2758 2761 2576 2568 2791 2792
1 5 2761 2758 441 2759 2792 2791 2788 2790
1 5 2700 2761 2759 433 2739 2792 2790 2736
1 5 2508 2576 2792 2739 67 2574 2789 2734
1 5 2576 2568 2791 2792 2574 405 2786 2789
1 5 2792 2791 2788 2790 2789 2786 438 2787
1 5 2739 2792 2790 2736 2734 2789 2787 425
1 5 408 2537 2768 2758 2568 2570 2799 2791
1 5 2537 406 2765 2768 2570 2567 2798 2799
1 5 2768 2765 440 2766 2799 2798 2795 2797
1 5 2758 2768 2766 441 2791 2799 2797 2788
1 5 2568 2570 2799 2791 405 2565 2796 2786
1 5 2570 2567 2798 2799 2565 68 2793 2796
1 5 2799 2798 2795 2797 2796 2793 435 2794
1 5 2791 2799 2797 2788 2786 2796 2794 438
1 5 441 2766 2777 2774 2788 2797 2809 2807
1 5 2766 440 2772 2777 2797 2795 2808 2809
1 5 2777 2772 437 2773 2809 2808 2803 2806
1 5 2774 2777 2773 439 2807 2809 2806 2804
1 5 2788 2797 2809 2807 438 2794 2805 2802
1 5 2797 2795 2808 2809 2794 435 2800 2805
1 5 2809 2808 2803 2806 2805 2800 73 2801
1 5 2807 2809 2806 2804 2802 2805 2801 436
1 5 433 2759 2783 2707 2736 2790 2813 2749
1 5 2759 441 2774 2783 2790 2788 2807 2813
1 5 2783 2774 439 2782 2813 2807 2804 2812
1 5 2707 2783 2782 428 2749 2813 2812 2744
1 5 2736 2790 2813 2749 425 2787 2811 2741
1 5 2790 2788 2807 2813 2787 438 2802 2811
1 5 2813 2807 2804 2812 2811 2802 436 2810
1 5 2749 2813 2812 2744 2741 2811 2810 72
1 5 43 1574 1839 1775 2539 2604 2820 2770
1 5 1574 258 1836 1839 2604 2596 2819 2820
1 5 1839 1836 305 1837 2820 2819 2816 2818
1 5 1775 1839 1837 291 2770 2820 2818 2767
1 5 2539 2604 2820 2770 406 2602 2817 2765
1 5 2604 2596 2819 2820 2602 415 2814 2817
1 5 2820 2819 2816 2818 2817 2814 448 2815
1 5 2770 2820 2818 2767 2765 2817 2815 440
1 5 258 1565 1846 1836 2596 2598 2827 2819
1 5 1565 44 1843 1846 2598 2595 2826 2827
1 5 1846 1843 301 1844 2827 2826 2823 2825
1 5 1836 1846 1844 305 2819 2827 2825 2816
1 5 2596 2598 2827 2819 415 2593 2824 2814
1 5 2598 2595 2826 2827 2593 413 2821 2824
1 5 2827 2826 2823 2825 2824 2821 447 2822
1 5 2819 2827 2825 2816 2814 2824 2822 448
1 5 305 1844 1855 1852 2816 2825 2837 2835
1 5 1844 301 1850 1855 2825 2823 2836 2837
1 5 1855 1850 49 1851 2837 2836 2831 2834
1 5 1852 1855 1851 302 2835 2837 2834 2832
1 5 2816 2825 2837 2835 448 2822 2833 2830
1 5 2825 2823 2836 2837 2822 447 2828 2833
1 5 2837 2836 2831 2834 2833 2828 444 2829
1 5 2835 2837 2834 2832 2830 2833 2829 446
1 5 291 1837 1861 1782 2767 2818 2841 2780
1 5 1837 305 1852 1861 2818 2816 2835 2841
1 5 1861 1852 302 1860 2841 2835 2832 2840
1 5 1782 1861 1860 48 2780 2841 2840 2775
1 5 2767 2818 2841 2780 440 2815 2839 2772
1 5 2818 2816 2835 2841 2815 448 2830 2839
1 5 2841 2835 2832 2840 2839 2830 446 2838
1 5 2780 2841 2840 2775 2772 2839 2838 437
1 5 406 2602 2817 2765 2567 2632 2848 2798
1 5 2602 415 2814 2817 2632 2624 2847 2848
1 5 2817 2814 448 2815 2848 2847 2844 2846
1 5 2765 2817 2815 440 2798 2848 2846 2795
1 5 2567 2632 2848 2798 68 2630 2845 2793
1 5 2632 2624 2847 2848 2630 412 2842 2845
1 5 2848 2847 2844 2846 2845 2842 445 2843
1 5 2798 2848 2846 2795 2793 2845 2843 435
1 5 415 2593 2824 2814 2624 2626 2855 2847
1 5 2593 413 2821 2824 2626 2623 2854 2855
1 5 2824 2821 447 2822 2855 2854 2851 2853
1 5 2814 2824 2822 448 2847 2855 2853 2844
1 5 2624 2626 2855 2847 412 2621 2852 2842
1 5 2626 2623 2854 2855 2621 69 2849 2852
1 5 2855 2854 2851 2853 2852 2849 442 2850
1 5 2847 2855 2853 2844 2842 2852 2850 445
1 5 448 2822 2833 2830 2844 2853 2865 2863
1 5 2822 447 2828 2833 2853 2851 2864 2865
1 5 2833 2828 444 2829 2865 2864 2859 2862
1 5 2830 2833 2829 446 2863 2865 2862 2860
1 5 2844 2853 2865 2863 445 2850 2861 2858
1 5 2853 2851 2864 2865 2850 442 2856 2861
1 5 2865 2864 2859 2862 2861 2856 74 2857
1 5 2863 2865 2862 2860 2858 2861 2857 443
1 5 440 2815 2839 2772 2795 2846 2869 2808
1 5 2815 448 2830 2839 2846 2844 2863 2869
1 5 2839 2830 446 2838 2869 2863 2860 2868
1 5 2772 2839 2838 437 2808 2869 2868 2803
1 5 2795 2846 2869 2808 435 2843 2867 2800
1 5 2846 2844 2863 2869 2843 445 2858 2867
1 5 2869 2863 2860 2868 2867 2858 443 2866
1 5 2808 2869 2868 2803 2800 2867 2866 73
1 5 44 1642 1907 1843 2595 2660 2876 2826
1 5 1642 268 1904 1907 2660 2652 2875 2876
1 5 1907 1904 315 1905 2876 2875 2872 2874
1 5 1843 1907 1905 301 2826 2876 2874 2823
1 5 2595 2660 2876 2826 413 2658 2873 2821
1 5 2660 2652 2875 2876 2658 422 2870 2873
1 5 2876 2875 2872 2874 2873 2870 455 2871
1 5 2826 2876 2874 2823 2821 2873 2871 447
1 5 268 1633 1914 1904 2652 2654 2883 2875
1 5 1633 45 1911 1914 2654 2651 2882 2883
1 5 1914 1911 311 1912 2883 2882 2879 2881
1 5 1904 1914 1912 315 2875 2883 2881 2872
1 5 2652 2654 2883 2875 422 2649 2880 2870
1 5 2654 2651 2882 2883 2649 420 2877 2880
1 5 2883 2882 2879 2881 2880 2877 454 2878
1 5 2875 2883 2881 2872 2870 2880 2878 455
1 5 315 1912 1923 1920 2872 2881 2893 2891
1 5 1912 311 1918 1923 2881 2879 2892 2893
1 5 1923 1918 50 1919 2893 2892 2887 2890
1 5 1920 1923 1919 312 2891 2893 2890 2888
1 5 2872 2881 2893 2891 455 2878 2889 2886
1 5 2881 2879 2892 2893 2878 454 2884 2889
1 5 2893 2892 2887 2890 2889 2884 451 2885
1 5 2891 2893 2890 2888 2886 2889 2885 453
1 5 301 1905 1929 1850 2823 2874 2897 2836
1 5 1905 315 1920 1929 2874 2872 2891 2897
1 5 1929 1920 312 1928 2897 2891 2888 2896
1 5 1850 1929 1928 49 2836 2897 2896 2831
1 5 2823 2874 2897 2836 447 2871 2895 2828
1 5 2874 2872 2891 2897 2871 455 2886 2895
1 5 2897 2891 2888 2896 2895 2886 453 2894
1 5 2836 2897 2896 2831 2828 2895 2894 444
1 5 413 2658 2873 2821 2623 2688 2904 2854
1 5 2658 422 2870 2873 2688 2680 2903 2904
1 5 2873 2870 455 2871 2904 2903 2900 2902
1 5 2821 2873 2871 447 2854 2904 2902 2851
1 5 2623 2688 2904 2854 69 2686 2901 2849
1 5 2688 2680 2903 2904 2686 419 2898 2901
1 5 2904 2903 2900 2902 2901 2898 452 2899
1 5 2854 2904 2902 2851 2849 2901 2899 442
1 5 422 2649 2880 2870 2680 2682 2911 2903
1 5 2649 420 2877 2880 2682 2679 2910 2911
1 5 2880 2877 454 2878 2911 2910 2907 2909
1 5 2870 2880 2878 455 2903 2911 2909 2900
1 5 2680 2682 2911 2903 419 2677 2908 2898
1 5 2682 2679 2910 2911 2677 70 2905 2908
1 5 2911 2910 2907 2909 2908 2905 449 2906
1 5 2903 2911 2909 2900 2898 2908 2906 452
1 5 455 2878 2889 2886 2900 2909 2921 2919
1 5 2878 454 2884 2889 2909 2907 2920 2921
1 5 2889 2884 451 2885 2921 2920 2915 2918
1 5 2886 2889 2885 453 2919 2921 2918 2916
1 5 2900 2909 2921 2919 452 2906 2917 2914
1 5 2909 2907 2920 2921 2906 449 2912 2917
1 5 2921 2920 2915 2918 2917 2912 75 2913
1 5 2919 2921 2918 2916 2914 2917 2913 450
1 5 447 2871 2895 2828 2851 2902 2925 2864
1 5 2871 455 2886 2895 2902 2900 2919 2925
1 5 2895 2886 453 2894 2925 2919 2916 2924
1 5 2828 2895 2894 444 2864 2925 2924 2859
1 5 2851 2902 2925 2864 442 2899 2923 2856
1 5 2902 2900 2919 2925 2899 452 2914 2923
1 5 2925 2919 2916 2924 2923 2914 450 2922
1 5 2864 2925 2924 2859 2856 2923 2922 74
1 5 51 1973 1981 1976 2930 2935 2939 2937
1 5 1973 319 1974 1981 2935 2931 2938 2939
1 5 1981 1974 327 1975 2939 2938 2932 2936
1 5 1976 1981 1975 322 2937 2939 2936 2933
1 5 2930 2935 2939 2937 460 2926 2934 2929
1 5 2935 2931 2938 2939 2926 465 2927 2934
1 5 2939 2938 2932 2936 2934 2927 469 2928
1 5 2937 2939 2936 2933 2929 2934 2928 467
1 5 319 1987 1992 1974 2931 2946 2949 2938
1 5 1987 52 1988 1992 2946 2943 2948 2949
1 5 1992 1988 320 1989 2949 2948 2944 2947
1 5 1974 1992 1989 327 2938 2949 2947 2932
1 5 2931 2946 2949 2938 465 2940 2945 2927
1 5 2946 2943 2948 2949 2940 461 2941 2945
1 5 2949 2948 2944 2947 2945 2941 468 2942
1 5 2938 2949 2947 2932 2927 2945 2942 469
1 5 327 1989 2002 1999 2932 2947 2959 2957
1 5 1989 320 1997 2002 2947 2944 2958 2959
1 5 2002 1997 57 1998 2959 2958 2953 2956
1 5 1999 2002 1998 321 2957 2959 2956 2954
1 5 2932 2947 2959 2957 469 2942 2955 2952
1 5 2947 2944 2958 2959 2942 468 2950 2955
1 5 2959 2958 2953 2956 2955 2950 462 2951
1 5 2957 2959 2956 2954 2952 2955 2951 466
1 5 322 1975 2010 2008 2933 2936 2966 2965
1 5 1975 327 1999 2010 2936 2932 2957 2966
1 5 2010 1999 321 2007 2966 2957 2954 2964
1 5 2008 2010 2007 56 2965 2966 2964 2962
1 5 2933 2936 2966 2965 467 2928 2963 2961
1 5 2936 2932 2957 2966 2928 469 2952 2963
1 5 2966 2957 2954 2964 2963 2952 466 2960
1 5 2965 2966 2964 2962 2961 2963 2960 463
1 5 460 2926 2934 2929 2971 2976 2980 2978
1 5 2926 465 2927 2934 2976 2972 2979 2980
1 5 2934 2927 469 2928 2980 2979 2973 2977
1 5 2929 2934 2928 467 2978 2980 2977 2974
1 5 2971 2976 2980 2978 76 2967 2975 2970
1 5 2976 2972 2979 2980 2967 456 2968 2975
1 5 2980 2979 2973 2977 2975 2968 464 2969
1 5 2978 2980 2977 2974 2970 2975 2969 459
1 5 465 2940 2945 2927 2972 2987 2990 2979
1 5 2940 461 2941 2945 2987 2984 2989 2990
1 5 2945 2941 468 2942 2990 2989 2985 2988
1 5 2927 2945 2942 469 2979 2990 2988 2973
1 5 2972 2987 2990 2979 456 2981 2986 2968
1 5 2987 2984 2989 2990 2981 77 2982 2986
1 5 2990 2989 2985 2988 2986 2982 457 2983
1 5 2979 2990 2988 2973 2968 2986 2983 464
1 5 469 2942 2955 2952 2973 2988 3000 2998
1 5 2942 468 2950 2955 2988 2985 2999 3000
1 5 2955 2950 462 2951 3000 2999 2994 2997
1 5 2952 2955 2951 466 2998 3000 2997 2995
1 5 2973 2988 3000 2998 464 2983 2996 2993
1 5 2988 2985 2999 3000 2983 457 2991 2996
1 5 3000 2999 2994 2997 2996 2991 82 2992
1 5 2998 3000 2997 2995 2993 2996 2992 458
1 5 467 2928 2963 2961 2974 2977 3007 3006
1 5 2928 469 2952 2963 2977 2973 2998 3007
1 5 2963 2952 466 2960 3007 2998 2995 3005
1 5 2961 2963 2960 463 3006 3007 3005 3003
1 5 2974 2977 3007 3006 459 2969 3004 3002
1 5 2977 2973 2998 3007 2969 464 2993 3004
1 5 3007 2998 2995 3005 3004 2993 458 3001
1 5 3006 3007 3005 3003 3002 3004 3001 81
1 5 52 2048 2053 1988 2943 3014 3017 2948
1 5 2048 333 2049 2053 3014 3011 3016 3017
1 5 2053 2049 338 2050 3017 3016 3012 3015
1 5 1988 2053 2050 320 2948 3017 3015 2944
1 5 2943 3014 3017 2948 461 3008 3013 2941
1 5 3014 3011 3016 3017 3008 476 3009 3013
1 5 3017 3016 3012 3015 3013 3009 479 3010
1 5 2948 3017 3015 2944 2941 3013 3010 468
1 5 333 2058 2063 2049 3011 3024 3027 3016
1 5 2058 53 2059 2063 3024 3021 3026 3027
1 5 2063 2059 334 2060 3027 3026 3022 3025
1 5 2049 2063 2060 338 3016 3027 3025 3012
1 5 3011 3024 3027 3016 476 3018 3023 3009
1 5 3024 3021 3026 3027 3018 473 3019 3023
1 5 3027 3026 3022 3025 3023 3019 478 3020
1 5 3016 3027 3025 3012 3009 3023 3020 479
1 5 338 2060 2073 2070 3012 3025 3037 3035
1 5 2060 334 2068 2073 3025 3022 3036 3037
1 5 2073 2068 58 2069 3037 3036 3031 3034
1 5 2070 2073 2069 335 3035 3037 3034 3032
1 5 3012 3025 3037 3035 479 3020 3033 3030
1 5 3025 3022 3036 3037 3020 478 3028 3033
1 5 3037 3036 3031 3034 3033 3028 474 3029
1 5 3035 3037 3034 3032 3030 3033 3029 477
1 5 320 2050 2079 1997 2944 3015 3041 2958
1 5 2050 338 2070 2079 3015 3012 3035 3041
1 5 2079 2070 335 2078 3041 3035 3032 3040
1 5 1997 2079 2078 57 2958 3041 3040 2953
1 5 2944 3015 3041 2958 468 3010 3039 2950
1 5 3015 3012 3035 3041 3010 479 3030 3039
1 5 3041 3035 3032 3040 3039 3030 477 3038
1 5 2958 3041 3040 2953 2950 3039 3038 462
1 5 461 3008 3013 2941 2984 3048 3051 2989
1 5 3008 476 3009 3013 3048 3045 3050 3051
1 5 3013 3009 479 3010 3051 3050 3046 3049
1 5 2941 3013 3010 468 2989 3051 3049 2985
1 5 2984 3048 3051 2989 77 3042 3047 2982
1 5 3048 3045 3050 3051 3042 470 3043 3047
1 5 3051 3050 3046 3049 3047 3043 475 3044
1 5 2989 3051 3049 2985 2982 3047 3044 457
1 5 476 3018 3023 3009 3045 3058 3061 3050
1 5 3018 473 3019 3023 3058 3055 3060 3061
1 5 3023 3019 478 3020 3061 3060 3056 3059
1 5 3009 3023 3020 479 3050 3061 3059 3046
1 5 3045 3058 3061 3050 470 3052 3057 3043
1 5 3058 3055 3060 3061 3052 78 3053 3057
1 5 3061 3060 3056 3059 3057 3053 471 3054
1 5 3050 3061 3059 3046 3043 3057 3054 475
1 5 479 3020 3033 3030 3046 3059 3071 3069
1 5 3020 478 3028 3033 3059 3056 3070 3071
1 5 3033 3028 474 3029 3071 3070 3065 3068
1 5 3030 3033 3029 477 3069 3071 3068 3066
1 5 3046 3059 3071 3069 475 3054 3067 3064
1 5 3059 3056 3070 3071 3054 471 3062 3067
1 5 3071 3070 3065 3068 3067 3062 83 3063
1 5 3069 3071 3068 3066 3064 3067 3063 472
1 5 468 3010 3039 2950 2985 3049 3075 2999
1 5 3010 479 3030 3039 3049 3046 3069 3075
1 5 3039 3030 477 3038 3075 3069 3066 3074
1 5 2950 3039 3038 462 2999 3075 3074 2994
1 5 2985 3049 3075 2999 457 3044 3073 2991
1 5 3049 3046 3069 3075 3044 475 3064 3073
1 5 3075 3069 3066 3074 3073 3064 472 3072
1 5 2999 3075 3074 2994 2991 3073 3072 82
1 5 53 2116 2121 2059 3021 3082 3085 3026
1 5 2116 343 2117 2121 3082 3079 3084 3085
1 5 2121 2117 348 2118 3085 3084 3080 3083
1 5 2059 2121 2118 334 3026 3085 3083 3022
1 5 3021 3082 3085 3026 473 3076 3081 3019
1 5 3082 3079 3084 3085 3076 486 3077 3081
1 5 3085 3084 3080 3083 3081 3077 489 3078
1 5 3026 3085 3083 3022 3019 3081 3078 478
1 5 343 2126 2131 2117 3079 3092 3095 3084
1 5 2126 54 2127 2131 3092 3089 3094 3095
1 5 2131 2127 344 2128 3095 3094 3090 3093
1 5 2117 2131 2128 348 3084 3095 3093 3080
1 5 3079 3092 3095 3084 486 3086 3091 3077
1 5 3092 3089 3094 3095 3086 483 3087 3091
1 5 3095 3094 3090 3093 3091 3087 488 3088
1 5 3084 3095 3093 3080 3077 3091 3088 489
1 5 348 2128 2141 2138 3080 3093 3105 3103
1 5 2128 344 2136 2141 3093 3090 3104 3105
1 5 2141 2136 59 2137 3105 3104 3099 3102
1 5 2138 2141 2137 345 3103 3105 3102 3100
1 5 3080 3093 3105 3103 489 3088 3101 3098
1 5 3093 3090 3104 3105 3088 488 3096 3101
1 5 3105 3104 3099 3102 3101 3096 484 3097
1 5 3103 3105 3102 3100 3098 3101 3097 487
1 5 334 2118 2147 2068 3022 3083 3109 3036
1 5 2118 348 2138 2147 3083 3080 3103 3109
1 5 2147 2138 345 2146 3109 3103 3100 3108
1 5 2068 2147 2146 58 3036 3109 3108 3031
1 5 3022 3083 3109 3036 478 3078 3107 3028
1 5 3083 3080 3103 3109 3078 489 3098 3107
1 5 3109 3103 3100 3108 3107 3098 487 3106
1 5 3036 3109 3108 3031 3028 3107 3106 474
1 5 473 3076 3081 3019 3055 3116 3119 3060
1 5 3076 486 3077 3081 3116 3113 3118 3119
1 5 3081 3077 489 3078 3119 3118 3114 3117
1 5 3019 3081 3078 478 3060 3119 3117 3056
1 5 3055 3116 3119 3060 78 3110 3115 3053
1 5 3116 3113 3118 3119 3110 480 3111 3115
1 5 3119 3118 3114 3117 3115 3111 485 3112
1 5 3060 3119 3117 3056 3053 3115 3112 471
1 5 486 3086 3091 3077 3113 3126 3129 3118
1 5 3086 483 3087 3091 3126 3123 3128 3129
1 5 3091 3087 488 3088 3129 3128 3124 3127
1 5 3077 3091 3088 489 3118 3129 3127 3114
1 5 3113 3126 3129 3118 480 3120 3125 3111
1 5 3126 3123 3128 3129 3120 79 3121 3125
1 5 3129 3128 3124 3127 3125 3121 481 3122
1 5 3118 3129 3127 3114 3111 3125 3122 485
1 5 489 3088 3101 3098 3114 3127 3139 3137
1 5 3088 488 3096 3101 3127 3124 3138 3139
1 5 3101 3096 484 3097 3139 3138 3133 3136
1 5 3098 3101 3097 487 3137 3139 3136 3134
1 5 3114 3127 3139 3137 485 3122 3135 3132
1 5 3127 3124 3138 3139 3122 481 3130 3135
1 5 3139 3138 3133 3136 3135 3130 84 3131
1 5 3137 3139 3136 3134 3132 3135 3131 482
1 5 478 3078 3107 3028 3056 3117 3143 3070
1 5 3078 489 3098 3107 3117 3114 3137 3143
1 5 3107 3098 487 3106 3143 3137 3134 3142
1 5 3028 3107 3106 474 3070 3143 3142 3065
1 5 3056 3117 3143 3070 471 3112 3141 3062
1 5 3117 3114 3137 3143 3112 485 3132 3141
1 5 3143 3137 3134 3142 3141 3132 482 3140
1 5 3070 3143 3142 3065 3062 3141 3140 83
1 5 54 2184 2189 2127 3089 3150 3153 3094
1 5 2184 353 2185 2189 3150 3147 3152 3153
1 5 2189 2185 358 2186 3153 3152 3148 3151
1 5 2127 2189 2186 344 3094 3153 3151 3090
1 5 3089 3150 3153 3094 483 3144 3149 3087
1 5 3150 3147 3152 3153 3144 496 3145 3149
1 5 3153 3152 3148 3151 3149 3145 499 3146
1 5 3094 3153 3151 3090 3087 3149 3146 488
1 5 353 2194 2199 2185 3147 3160 3163 3152
1 5 2194 55 2195 2199 3160 3157 3162 3163
1 5 2199 2195 354 2196 3163 3162 3158 3161
1 5 2185 2199 2196 358 3152 3163 3161 3148
1 5 3147 3160 3163 3152 496 3154 3159 3145
1 5 3160 3157 3162 3163 3154 493 3155 3159
1 5 3163 3162 3158 3161 3159 3155 498 3156
1 5 3152 3163 3161 3148 3145 3159 3156 499
1 5 358 2196 2209 2206 3148 3161 3173 3171
1 5 2196 354 2204 2209 3161 3158 3172 3173
1 5 2209 2204 60 2205 3173 3172 3167 3170
1 5 2206 2209 2205 355 3171 3173 3170 3168
1 5 3148 3161 3173 3171 499 3156 3169 3166
1 5 3161 3158 3172 3173 3156 498 3164 3169
1 5 3173 3172 3167 3170 3169 3164 494 3165
1 5 3171 3173 3170 3168 3166 3169 3165 497
1 5 344 2186 2215 2136 3090 3151 3177 3104
1 5 2186 358 2206 2215 3151 3148 3171 3177
1 5 2215 2206 355 2214 3177 3171 3168 3176
1 5 2136 2215 2214 59 3104 3177 3176 3099
1 5 3090 3151 3177 3104 488 3146 3175 3096
1 5 3151 3148 3171 3177 3146 499 3166 3175
1 5 3177 3171 3168 3176 3175 3166 497 3174
1 5 3104 3177 3176 3099 3096 3175 3174 484
1 5 483 3144 3149 3087 3123 3184 3187 3128
1 5 3144 496 3145 3149 3184 3181 3186 3187
1 5 3149 3145 499 3146 3187 3186 3182 3185
1 5 3087 3149 3146 488 3128 3187 3185 3124
1 5 3123 3184 3187 3128 79 3178 3183 3121
1 5 3184 3181 3186 3187 3178 490 3179 3183
1 5 3187 3186 3182 3185 3183 3179 495 3180
1 5 3128 3187 3185 3124 3121 3183 3180 481
1 5 496 3154 3159 3145 3181 3194 3197 3186
1 5 3154 493 3155 3159 3194 3191 3196 3197
1 5 3159 3155 498 3156 3197 3196 3192 3195
1 5 3145 3159 3156 499 3186 3197 3195 3182
1 5 3181 3194 3197 3186 490 3188 3193 3179
1 5 3194 3191 3196 3197 3188 80 3189 3193
1 5 3197 3196 3192 3195 3193 3189 491 3190
1 5 3186 3197 3195 3182 3179 3193 3190 495
1 5 499 3156 3169 3166 3182 3195 3207 3205
1 5 3156 498 3164 3169 3195 3192 3206 3207
1 5 3169 3164 494 3165 3207 3206 3201 3204
1 5 3166 3169 3165 497 3205 3207 3204 3202
1 5 3182 3195 3207 3205 495 3190 3203 3200
1 5 3195 3192 3206 3207 3190 491 3198 3203
1 5 3207 3206 3201 3204 3203 3198 85 3199
1 5 3205 3207 3204 3202 3200 3203 3199 492
1 5 488 3146 3175 3096 3124 3185 3211 3138
1 5 3146 499 3166 3175 3185 3182 3205 3211
1 5 3175 3166 497 3174 3211 3205 3202 3210
1 5 3096 3175 3174 484 3138 3211 3210 3133
1 5 3124 3185 3211 3138 481 3180 3209 3130
1 5 3185 3182 3205 3211 3180 495 3200 3209
1 5 3211 3205 3202 3210 3209 3200 492 3208
1 5 3138 3211 3210 3133 3130 3209 3208 84
1 5 56 2007 2257 2254 2962 2964 3221 3219
1 5 2007 321 2252 2257 2964 2954 3220 3221
1 5 2257 2252 368 2253 3221 3220 3215 3218
1 5 2254 2257 2253 365 3219 3221 3218 3216
1 5 2962 2964 3221 3219 463 2960 3217 3214
1 5 2964 2954 3220 3221 2960 466 3212 3217
1 5 3221 3220 3215 3218 3217 3212 509 3213
1 5 3219 3221 3218 3216 3214 3217 3213 507
1 5 321 1998 2265 2252 2954 2956 3228 3220
1 5 1998 57 2262 2265 2956 2953 3227 3228
1 5 2265 2262 363 2263 3228 3227 3224 3226
1 5 2252 2265 2263 368 3220 3228 3226 3215
1 5 2954 2956 3228 3220 466 2951 3225 3212
1 5 2956 2953 3227 3228 2951 462 3222 3225
1 5 3228 3227 3224 3226 3225 3222 508 3223
1 5 3220 3228 3226 3215 3212 3225 3223 509
1 5 368 2263 2274 2271 3215 3226 3238 3236
1 5 2263 363 2269 2274 3226 3224 3237 3238
1 5 2274 2269 62 2270 3238 3237 3232 3235
1 5 2271 2274 2270 364 3236 3238 3235 3233
1 5 3215 3226 3238 3236 509 3223 3234 3231
1 5 3226 3224 3237 3238 3223 508 3229 3234
1 5 3238 3237 3232 3235 3234 3229 503 3230
1 5 3236 3238 3235 3233 3231 3234 3230 506
1 5 365 2253 2282 2280 3216 3218 3245 3244
1 5 2253 368 2271 2282 3218 3215 3236 3245
1 5 2282 2271 364 2279 3245 3236 3233 3243
1 5 2280 2282 2279 61 3244 3245 3243 3241
1 5 3216 3218 3245 3244 507 3213 3242 3240
1 5 3218 3215 3236 3245 3213 509 3231 3242
1 5 3245 3236 3233 3243 3242 3231 506 3239
1 5 3244 3245 3243 3241 3240 3242 3239 504
1 5 463 2960 3217 3214 3003 3005 3255 3253
1 5 2960 466 3212 3217 3005 2995 3254 3255
1 5 3217 3212 509 3213 3255 3254 3249 3252
1 5 3214 3217 3213 507 3253 3255 3252 3250
1 5 3003 3005 3255 3253 81 3001 3251 3248
1 5 3005 2995 3254 3255 3001 458 3246 3251
1 5 3255 3254 3249 3252 3251 3246 505 3247
1 5 3253 3255 3252 3250 3248 3251 3247 502
1 5 466 2951 3225 3212 2995 2997 3262 3254
1 5 2951 462 3222 3225 2997 2994 3261 3262
1 5 3225 3222 508 3223 3262 3261 3258 3260
1 5 3212 3225 3223 509 3254 3262 3260 3249
1 5 2995 2997 3262 3254 458 2992 3259 3246
1 5 2997 2994 3261 3262 2992 82 3256 3259
1 5 3262 3261 3258 3260 3259 3256 500 3257
1 5 3254 3262 3260 3249 3246 3259 3257 505
1 5 509 3223 3234 3231 3249 3260 3272 3270
1 5 3223 508 3229 3234 3260 3258 3271 3272
1 5 3234 3229 503 3230 3272 3271 3266 3269
1 5 3231 3234 3230 506 3270 3272 3269 3267
1 5 3249 3260 3272 3270 505 3257 3268 3265
1 5 3260 3258 3271 3272 3257 500 3263 3268
1 5 3272 3271 3266 3269 3268 3263 87 3264
1 5 3270 3272 3269 3267 3265 3268 3264 501
1 5 507 3213 3242 3240 3250 3252 3279 3278
1 5 3213 509 3231 3242 3252 3249 3270 3279
1 5 3242 3231 506 3239 3279 3270 3267 3277
1 5 3240 3242 3239 504 3278 3279 3277 3275
1 5 3250 3252 3279 3278 502 3247 3276 3274
1 5 3252 3249 3270 3279 3247 505 3265 3276
1 5 3279 3270 3267 3277 3276 3265 501 3273
1 5 3278 3279 3277 3275 3274 3276 3273 86
1 5 57 2078 2317 2262 2953 3040 3286 3227
1 5 2078 335 2314 2317 3040 3032 3285 3286
1 5 2317 2314 376 2315 3286 3285 3282 3284
1 5 2262 2317 2315 363 3227 3286 3284 3224
1 5 2953 3040 3286 3227 462 3038 3283 3222
1 5 3040 3032 3285 3286 3038 477 3280 3283
1 5 3286 3285 3282 3284 3283 3280 516 3281
1 5 3227 3286 3284 3224 3222 3283 3281 508
1 5 335 2069 2324 2314 3032 3034 3293 3285
1 5 2069 58 2321 2324 3034 3031 3292 3293
1 5 2324 2321 373 2322 3293 3292 3289 3291
1 5 2314 2324 2322 376 3285 3293 3291 3282
1 5 3032 3034 3293 3285 477 3029 3290 3280
1 5 3034 3031 3292 3293 3029 474 3287 3290
1 5 3293 3292 3289 3291 3290 3287 515 3288
1 5 3285 3293 3291 3282 3280 3290 3288 516
1 5 376 2322 2333 2330 3282 3291 3303 3301
1 5 2322 373 2328 2333 3291 3289 3302 3303
1 5 2333 2328 63 2329 3303 3302 3297 3300
1 5 2330 2333 2329 374 3301 3303 3300 3298
1 5 3282 3291 3303 3301 516 3288 3299 3296
1 5 3291 3289 3302 3303 3288 515 3294 3299
1 5 3303 3302 3297 3300 3299 3294 512 3295
1 5 3301 3303 3300 3298 3296 3299 3295 514
1 5 363 2315 2339 2269 3224 3284 3307 3237
1 5 2315 376 2330 2339 3284 3282 3301 3307
1 5 2339 2330 374 2338 3307 3301 3298 3306
1 5 2269 2339 2338 62 3237 3307 3306 3232
1 5 3224 3284 3307 3237 508 3281 3305 3229
1 5 3284 3282 3301 3307 3281 516 3296 3305
1 5 3307 3301 3298 3306 3305 3296 514 3304
1 5 3237 3307 3306 3232 3229 3305 3304 503
1 5 462 3038 3283 3222 2994 3074 3314 3261
1 5 3038 477 3280 3283 3074 3066 3313 3314
1 5 3283 3280 516 3281 3314 3313 3310 3312
1 5 3222 3283 3281 508 3261 3314 3312 3258
1 5 2994 3074 3314 3261 82 3072 3311 3256
1 5 3074 3066 3313 3314 3072 472 3308 3311
1 5 3314 3313 3310 3312 3311 3308 513 3309
1 5 3261 3314 3312 3258 3256 3311 3309 500
1 5 477 3029 3290 3280 3066 3068 3321 3313
1 5 3029 474 3287 3290 3068 3065 3320 3321
1 5 3290 3287 515 3288 3321 3320 3317 3319
1 5 3280 3290 3288 516 3313 3321 3319 3310
1 5 3066 3068 3321 3313 472 3063 3318 3308
1 5 3068 3065 3320 3321 3063 83 3315 3318
1 5 3321 3320 3317 3319 3318 3315 510 3316
1 5 3313 3321 3319 3310 3308 3318 3316 513
1 5 516 3288 3299 3296 3310 3319 3331 3329
1 5 3288 515 3294 3299 3319 3317 3330 3331
1 5 3299 3294 512 3295 3331 3330 3325 3328
1 5 3296 3299 3295 514 3329 3331 3328 3326
1 5 3310 3319 3331 3329 513 3316 3327 3324
1 5 3319 3317 3330 3331 3316 510 3322 3327
1 5 3331 3330 3325 3328 3327 3322 88 3323
1 5 3329 3331 3328 3326 3324 3327 3323 511
1 5 508 3281 3305 3229 3258 3312 3335 3271
1 5 3281 516 3296 3305 3312 3310 3329 3335
1 5 3305 3296 514 3304 3335 3329 3326 3334
1 5 3229 3305 3304 503 3271 3335 3334 3266
1 5 3258 3312 3335 3271 500 3309 3333 3263
1 5 3312 3310 3329 3335 3309 513 3324 3333
1 5 3335 3329 3326 3334 3333 3324 511 3332
1 5 3271 3335 3334 3266 3263 3333 3332 87
1 5 58 2146 2373 2321 3031 3108 3342 3292
1 5 2146 345 2370 2373 3108 3100 3341 3342
1 5 2373 2370 383 2371 3342 3341 3338 3340
1 5 2321 2373 2371 373 3292 3342 3340 3289
1 5 3031 3108 3342 3292 474 3106 3339 3287
1 5 3108 3100 3341 3342 3106 487 3336 3339
1 5 3342 3341 3338 3340 3339 3336 523 3337
1 5 3292 3342 3340 3289 3287 3339 3337 515
1 5 345 2137 2380 2370 3100 3102 3349 3341
1 5 2137 59 2377 2380 3102 3099 3348 3349
1 5 2380 2377 380 2378 3349 3348 3345 3347
1 5 2370 2380 2378 383 3341 3349 3347 3338
1 5 3100 3102 3349 3341 487 3097 3346 3336
1 5 3102 3099 3348 3349 3097 484 3343 3346
1 5 3349 3348 3345 3347 3346 3343 522 3344
1 5 3341 3349 3347 3338 3336 3346 3344 523
1 5 383 2378 2389 2386 3338 3347 3359 3357
1 5 2378 380 2384 2389 3347 3345 3358 3359
1 5 2389 2384 64 2385 3359 3358 3353 3356
1 5 2386 2389 2385 381 3357 3359 3356 3354
1 5 3338 3347 3359 3357 523 3344 3355 3352
1 5 3347 3345 3358 3359 3344 522 3350 3355
1 5 3359 3358 3353 3356 3355 3350 519 3351
1 5 3357 3359 3356 3354 3352 3355 3351 521
1 5 373 2371 2395 2328 3289 3340 3363 3302
1 5 2371 383 2386 2395 3340 3338 3357 3363
1 5 2395 2386 381 2394 3363 3357 3354 3362
1 5 2328 2395 2394 63 3302 3363 3362 3297
1 5 3289 3340 3363 3302 515 3337 3361 3294
1 5 3340 3338 3357 3363 3337 523 3352 3361
1 5 3363 3357 3354 3362 3361 3352 521 3360
1 5 3302 3363 3362 3297 3294 3361 3360 512
1 5 474 3106 3339 3287 3065 3142 3370 3320
1 5 3106 487 3336 3339 3142 3134 3369 3370
1 5 3339 3336 523 3337 3370 3369 3366 3368
1 5 3287 3339 3337 515 3320 3370 3368 3317
1 5 3065 3142 3370 3320 83 3140 3367 3315
1 5 3142 3134 3369 3370 3140 482 3364 3367
1 5 3370 3369 3366 3368 3367 3364 520 3365
1 5 3320 3370 3368 3317 3315 3367 3365 510
1 5 487 3097 3346 3336 3134 3136 3377 3369
1 5 3097 484 3343 3346 3136 3133 3376 3377
1 5 3346 3343 522 3344 3377 3376 3373 3375
1 5 3336 3346 3344 523 3369 3377 3375 3366
1 5 3134 3136 3377 3369 482 3131 3374 3364
1 5 3136 3133 3376 3377 3131 84 3371 3374
1 5 3377 3376 3373 3375 3374 3371 517 3372
1 5 3369 3377 3375 3366 3364 3374 3372 520
1 5 523 3344 3355 3352 3366 3375 3387 3385
1 5 3344 522 3350 3355 3375 3373 3386 3387
1 5 3355 3350 519 3351 3387 3386 3381 3384
1 5 3352 3355 3351 521 3385 3387 3384 3382
1 5 3366 3375 3387 3385 520 3372 3383 3380
1 5 3375 3373 3386 3387 3372 517 3378 3383
1 5 3387 3386 3381 3384 3383 3378 89 3379
1 5 3385 3387 3384 3382 3380 3383 3379 518
1 5 515 3337 3361 3294 3317 3368 3391 3330
1 5 3337 523 3352 3361 3368 3366 3385 3391
1 5 3361 3352 521 3360 3391 3385 3382 3390
1 5 3294 3361 3360 512 3330 3391 3390 3325
1 5 3317 3368 3391 3330 510 3365 3389 3322
1 5 3368 3366 3385 3391 3365 520 3380 3389
1 5 3391 3385 3382 3390 3389 3380 518 3388
1 5 3330 3391 3390 3325 3322 3389 3388 88
1 5 59 2214 2429 2377 3099 3176 3398 3348
1 5 2214 355 2426 2429 3176 3168 3397 3398
1 5 2429 2426 390 2427 3398 3397 3394 3396
1 5 2377 2429 2427 380 3348 3398 3396 3345
1 5 3099 3176 3398 3348 484 3174 3395 3343
1 5 3176 3168 3397 3398 3174 497 3392 3395
1 5 3398 3397 3394 3396 3395 3392 530 3393
1 5 3348 3398 3396 3345 3343 3395 3393 522
1 5 355 2205 2436 2426 3168 3170 3405 3397
1 5 2205 60 2433 2436 3170 3167 3404 3405
1 5 2436 2433 387 2434 3405 3404 3401 3403
1 5 2426 2436 2434 390 3397 3405 3403 3394
1 5 3168 3170 3405 3397 497 3165 3402 3392
1 5 3170 3167 3404 3405 3165 494 3399 3402
1 5 3405 3404 3401 3403 3402 3399 529 3400
1 5 3397 3405 3403 3394 3392 3402 3400 530
1 5 390 2434 2445 2442 3394 3403 3415 3413
1 5 2434 387 2440 2445 3403 3401 3414 3415
1 5 2445 2440 65 2441 3415 3414 3409 3412
1 5 2442 2445 2441 388 3413 3415 3412 3410
1 5 3394 3403 3415 3413 530 3400 3411 3408
1 5 3403 3401 3414 3415 3400 529 3406 3411
1 5 3415 3414 3409 3412 3411 3406 526 3407
1 5 3413 3415 3412 3410 3408 3411 3407 528
1 5 380 2427 2451 2384 3345 3396 3419 3358
1 5 2427 390 2442 2451 3396 3394 3413 3419
1 5 2451 2442 388 2450 3419 3413 3410 3418
1 5 2384 2451 2450 64 3358 3419 3418 3353
1 5 3345 3396 3419 3358 522 3393 3417 3350
1 5 3396 3394 3413 3419 3393 530 3408 3417
1 5 3419 3413 3410 3418 3417 3408 528 3416
1 5 3358 3419 3418 3353 3350 3417 3416 519
1 5 484 3174 3395 3343 3133 3210 3426 3376
1 5 3174 497 3392 3395 3210 3202 3425 3426
1 5 3395 3392 530 3393 3426 3425 3422 3424
1 5 3343 3395 3393 522 3376 3426 3424 3373
1 5 3133 3210 3426 3376 84 3208 3423 3371
1 5 3210 3202 3425 3426 3208 492 3420 3423
1 5 3426 3425 3422 3424 3423 3420 527 3421
1 5 3376 3426 3424 3373 3371 3423 3421 517
1 5 497 3165 3402 3392 3202 3204 3433 3425
1 5 3165 494 3399 3402 3204 3201 3432 3433
1 5 3402 3399 529 3400 3433 3432 3429 3431
1 5 3392 3402 3400 530 3425 3433 3431 3422
1 5 3202 3204 3433 3425 492 3199 3430 3420
1 5 3204 3201 3432 3433 3199 85 3427 3430
1 5 3433 3432 3429 3431 3430 3427 524 3428
1 5 3425 3433 3431 3422 3420 3430 3428 527
1 5 530 3400 3411 3408 3422 3431 3443 3441
1 5 3400 529 3406 3411 3431 3429 3442 3443
1 5 3411 3406 526 3407 3443 3442 3437 3440
1 5 3408 3411 3407 528 3441 3443 3440 3438
1 5 3422 3431 3443 3441 527 3428 3439 3436
1 5 3431 3429 3442 3443 3428 524 3434 3439
1 5 3443 3442 3437 3440 3439 3434 90 3435
1 5 3441 3443 3440 3438 3436 3439 3435 525
1 5 522 3393 3417 3350 3373 3424 3447 3386
1 5 3393 530 3408 3417 3424 3422 3441 3447
1 5 3417 3408 528 3416 3447 3441 3438 3446
1 5 3350 3417 3416 519 3386 3447 3446 3381
1 5 3373 3424 3447 3386 517 3421 3445 3378
1 5 3424 3422 3441 3447 3421 527 3436 3445
1 5 3447 3441 3438 3446 3445 3436 525 3444
1 5 3386 3447 3446 3381 3378 3445 3444 89
1 5 61 2279 2493 2490 3241 3243 3457 3455
1 5 2279 364 2488 2493 3243 3233 3456 3457
1 5 2493 2488 399 2489 3457 3456 3451 3454
1 5 2490 2493 2489 396 3455 3457 3454 3452
1 5 3241 3243 3457 3455 504 3239 3453 3450
1 5 3243 3233 3456 3457 3239 506 3448 3453
1 5 3457 3456 3451 3454 3453 3448 540 3449
1 5 3455 3457 3454 3452 3450 3453 3449 538
1 5 364 2270 2501 2488 3233 3235 3464 3456
1 5 2270 62 2498 2501 3235 3232 3463 3464
1 5 2501 2498 394 2499 3464 3463 3460 3462
1 5 2488 2501 2499 399 3456 3464 3462 3451
1 5 3233 3235 3464 3456 506 3230 3461 3448
1 5 3235 3232 3463 3464 3230 503 3458 3461
1 5 3464 3463 3460 3462 3461 3458 539 3459
1 5 3456 3464 3462 3451 3448 3461 3459 540
1 5 399 2499 2510 2507 3451 3462 3474 3472
1 5 2499 394 2505 2510 3462 3460 3473 3474
1 5 2510 2505 67 2506 3474 3473 3468 3471
1 5 2507 2510 2506 395 3472 3474 3471 3469
1 5 3451 3462 3474 3472 540 3459 3470 3467
1 5 3462 3460 3473 3474 3459 539 3465 3470
1 5 3474 3473 3468 3471 3470 3465 534 3466
1 5 3472 3474 3471 3469 3467 3470 3466 537
1 5 396 2489 2518 2516 3452 3454 3481 3480
1 5 2489 399 2507 2518 3454 3451 3472 3481
1 5 2518 2507 395 2515 3481 3472 3469 3479
1 5 2516 2518 2515 66 3480 3481 3479 3477
1 5 3452 3454 3481 3480 538 3449 3478 3476
1 5 3454 3451 3472 3481 3449 540 3467 3478
1 5 3481 3472 3469 3479 3478 3467 537 3475
1 5 3480 3481 3479 3477 3476 3478 3475 535
1 5 504 3239 3453 3450 3275 3277 3491 3489
1 5 3239 506 3448 3453 3277 3267 3490 3491
1 5 3453 3448 540 3449 3491 3490 3485 3488
1 5 3450 3453 3449 538 3489 3491 3488 3486
1 5 3275 3277 3491 3489 86 3273 3487 3484
1 5 3277 3267 3490 3491 3273 501 3482 3487
1 5 3491 3490 3485 3488 3487 3482 536 3483
1 5 3489 3491 3488 3486 3484 3487 3483 533
1 5 506 3230 3461 3448 3267 3269 3498 3490
1 5 3230 503 3458 3461 3269 3266 3497 3498
1 5 3461 3458 539 3459 3498 3497 3494 3496
1 5 3448 3461 3459 540 3490 3498 3496 3485
1 5 3267 3269 3498 3490 501 3264 3495 3482
1 5 3269 3266 3497 3498 3264 87 3492 3495
1 5 3498 3497 3494 3496 3495 3492 531 3493
1 5 3490 3498 3496 3485 3482 3495 3493 536
1 5 540 3459 3470 3467 3485 3496 3508 3506
1 5 3459 539 3465 3470 3496 3494 3507 3508
1 5 3470 3465 534 3466 3508 3507 3502 3505
1 5 3467 3470 3466 537 3506 3508 3505 3503
1 5 3485 3496 3508 3506 536 3493 3504 3501
1 5 3496 3494 3507 3508 3493 531 3499 3504
1 5 3508 3507 3502 3505 3504 3499 92 3500
1 5 3506 3508 3505 3503 3501 3504 3500 532
1 5 538 3449 3478 3476 3486 3488 3515 3514
1 5 3449 540 3467 3478 3488 3485 3506 3515
1 5 3478 3467 537 3475 3515 3506 3503 3513
1 5 3476 3478 3475 535 3514 3515 3513 3511
1 5 3486 3488 3515 3514 533 3483 3512 3510
1 5 3488 3485 3506 3515 3483 536 3501 3512
1 5 3515 3506 3503 3513 3512 3501 532 3509
1 5 3514 3515 3513 3511 3510 3512 3509 91
1 5 62 2338 2553 2498 3232 3306 3522 3463
1 5 2338 374 2550 2553 3306 3298 3521 3522
1 5 2553 2550 407 2551 3522 3521 3518 3520
1 5 2498 2553 2551 394 3463 3522 3520 3460
1 5 3232 3306 3522 3463 503 3304 3519 3458
1 5 3306 3298 3521 3522 3304 514 3516 3519
1 5 3522 3521 3518 3520 3519 3516 547 3517
1 5 3463 3522 3520 3460 3458 3519 3517 539
1 5 374 2329 2560 2550 3298 3300 3529 3521
1 5 2329 63 2557 2560 3300 3297 3528 3529
1 5 2560 2557 404 2558 3529 3528 3525 3527
1 5 2550 2560 2558 407 3521 3529 3527 3518
1 5 3298 3300 3529 3521 514 3295 3526 3516
1 5 3300 3297 3528 3529 3295 512 3523 3526
1 5 3529 3528 3525 3527 3526 3523 546 3524
1 5 3521 3529 3527 3518 3516 3526 3524 547
1 5 407 2558 2569 2566 3518 3527 3539 3537
1 5 2558 404 2564 2569 3527 3525 3538 3539
1 5 2569 2564 68 2565 3539 3538 3533 3536
1 5 2566 2569 2565 405 3537 3539 3536 3534
1 5 3518 3527 3539 3537 547 3524 3535 3532
1 5 3527 3525 3538 3539 3524 546 3530 3535
1 5 3539 3538 3533 3536 3535 3530 543 3531
1 5 3537 3539 3536 3534 3532 3535 3531 545
1 5 394 2551 2575 2505 3460 3520 3543 3473
1 5 2551 407 2566 2575 3520 3518 3537 3543
1 5 2575 2566 405 2574 3543 3537 3534 3542
1 5 2505 2575 2574 67 3473 3543 3542 3468
1 5 3460 3520 3543 3473 539 3517 3541 3465
1 5 3520 3518 3537 3543 3517 547 3532 3541
1 5 3543 3537 3534 3542 3541 3532 545 3540
1 5 3473 3543 3542 3468 3465 3541 3540 534
1 5 503 3304 3519 3458 3266 3334 3550 3497
1 5 3304 514 3516 3519 3334 3326 3549 3550
1 5 3519 3516 547 3517 3550 3549 3546 3548
1 5 3458 3519 3517 539 3497 3550 3548 3494
1 5 3266 3334 3550 3497 87 3332 3547 3492
1 5 3334 3326 3549 3550 3332 511 3544 3547
1 5 3550 3549 3546 3548 3547 3544 544 3545
1 5 3497 3550 3548 3494 3492 3547 3545 531
1 5 514 3295 3526 3516 3326 3328 3557 3549
1 5 3295 512 3523 3526 3328 3325 3556 3557
1 5 3526 3523 546 3524 3557 3556 3553 3555
1 5 3516 3526 3524 547 3549 3557 3555 3546
1 5 3326 3328 3557 3549 511 3323 3554 3544
1 5 3328 3325 3556 3557 3323 88 3551 3554
1 5 3557 3556 3553 3555 3554 3551 541 3552
1 5 3549 3557 3555 3546 3544 3554 3552 544
1 5 547 3524 3535 3532 3546 3555 3567 3565
1 5 3524 546 3530 3535 3555 3553 3566 3567
1 5 3535 3530 543 3531 3567 3566 3561 3564
1 5 3532 3535 3531 545 3565 3567 3564 3562
1 5 3546 3555 3567 3565 544 3552 3563 3560
1 5 3555 3553 3566 3567 3552 541 3558 3563
1 5 3567 3566 3561 3564 3563 3558 93 3559
1 5 3565 3567 3564 3562 3560 3563 3559 542
1 5 539 3517 3541 3465 3494 3548 3571 3507
1 5 3517 547 3532 3541 3548 3546 3565 3571
1 5 3541 3532 545 3540 3571 3565 3562 3570
1 5 3465 3541 3540 534 3507 3571 3570 3502
1 5 3494 3548 3571 3507 531 3545 3569 3499
1 5 3548 3546 3565 3571 3545 544 3560 3569
1 5 3571 3565 3562 3570 3569 3560 542 3568
1 5 3507 3571 3570 3502 3499 3569 3568 92
1 5 63 2394 2609 2557 3297 3362 3578 3528
1 5 2394 381 2606 2609 3362 3354 3577 3578
1 5 2609 2606 414 2607 3578 3577 3574 3576
1 5 2557 2609 2607 404 3528 3578 3576 3525
1 5 3297 3362 3578 3528 512 3360 3575 3523
1 5 3362 3354 3577 3578 3360 521 3572 3575
1 5 3578 3577 3574 3576 3575 3572 554 3573
1 5 3528 3578 3576 3525 3523 3575 3573 546
1 5 381 2385 2616 2606 3354 3356 3585 3577
1 5 2385 64 2613 2616 3356 3353 3584 3585
1 5 2616 2613 411 2614 3585 3584 3581 3583
1 5 2606 2616 2614 414 3577 3585 3583 3574
1 5 3354 3356 3585 3577 521 3351 3582 3572
1 5 3356 3353 3584 3585 3351 519 3579 3582
1 5 3585 3584 3581 3583 3582 3579 553 3580
1 5 3577 3585 3583 3574 3572 3582 3580 554
1 5 414 2614 2625 2622 3574 3583 3595 3593
1 5 2614 411 2620 2625 3583 3581 3594 3595
1 5 2625 2620 69 2621 3595 3594 3589 3592
1 5 2622 2625 2621 412 3593 3595 3592 3590
1 5 3574 3583 3595 3593 554 3580 3591 3588
1 5 3583 3581 3594 3595 3580 553 3586 3591
1 5 3595 3594 3589 3592 3591 3586 550 3587
1 5 3593 3595 3592 3590 3588 3591 3587 552
1 5 404 2607 2631 2564 3525 3576 3599 3538
1 5 2607 414 2622 2631 3576 3574 3593 3599
1 5 2631 2622 412 2630 3599 3593 3590 3598
1 5 2564 2631 2630 68 3538 3599 3598 3533
1 5 3525 3576 3599 3538 546 3573 3597 3530
1 5 3576 3574 3593 3599 3573 554 3588 3597
1 5 3599 3593 3590 3598 3597 3588 552 3596
1 5 3538 3599 3598 3533 3530 3597 3596 543
1 5 512 3360 3575 3523 3325 3390 3606 3556
1 5 3360 521 3572 3575 3390 3382 3605 3606
1 5 3575 3572 554 3573 3606 3605 3602 3604
1 5 3523 3575 3573 546 3556 3606 3604 3553
1 5 3325 3390 3606 3556 88 3388 3603 3551
1 5 3390 3382 3605 3606 3388 518 3600 3603
1 5 3606 3605 3602 3604 3603 3600 551 3601
1 5 3556 3606 3604 3553 3551 3603 3601 541
1 5 521 3351 3582 3572 3382 3384 3613 3605
1 5 3351 519 3579 3582 3384 3381 3612 3613
1 5 3582 3579 553 3580 3613 3612 3609 3611
1 5 3572 3582 3580 554 3605 3613 3611 3602
1 5 3382 3384 3613 3605 518 3379 3610 3600
1 5 3384 3381 3612 3613 3379 89 3607 3610
1 5 3613 3612 3609 3611 3610 3607 548 3608
1 5 3605 3613 3611 3602 3600 3610 3608 551
1 5 554 3580 3591 3588 3602 3611 3623 3621
1 5 3580 553 3586 3591 3611 3609 3622 3623
1 5 3591 3586 550 3587 3623 3622 3617 3620
1 5 3588 3591 3587 552 3621 3623 3620 3618
1 5 3602 3611 3623 3621 551 3608 3619 3616
1 5 3611 3609 3622 3623 3608 548 3614 3619
1 5 3623 3622 3617 3620 3619 3614 94 3615
1 5 3621 3623 3620 3618 3616 3619 3615 549
1 5 546 3573 3597 3530 3553 3604 3627 3566
1 5 3573 554 3588 3597 3604 3602 3621 3627
1 5 3597 3588 552 3596 3627 3621 3618 3626
1 5 3530 3597 3596 543 3566 3627 3626 3561
1 5 3553 3604 3627 3566 541 3601 3625 3558
1 5 3604 3602 3621 3627 3601 551 3616 3625
1 5 3627 3621 3618 3626 3625 3616 549 3624
1 5 3566 3627 3626 3561 3558 3625 3624 93
1 5 64 2450 2665 2613 3353 3418 3634 3584
1 5 2450 388 2662 2665 3418 3410 3633 3634
1 5 2665 2662 421 2663 3634 3633 3630 3632
1 5 2613 2665 2663 411 3584 3634 3632 3581
1 5 3353 3418 3634 3584 519 3416 3631 3579
1 5 3418 3410 3633 3634 3416 528 3628 3631
1 5 3634 3633 3630 3632 3631 3628 561 3629
1 5 3584 3634 3632 3581 3579 3631 3629 553
1 5 388 2441 2672 2662 3410 3412 3641 3633
1 5 2441 65 2669 2672 3412 3409 3640 3641
1 5 2672 2669 418 2670 3641 3640 3637 3639
1 5 2662 2672 2670 421 3633 3641 3639 3630
1 5 3410 3412 3641 3633 528 3407 3638 3628
1 5 3412 3409 3640 3641 3407 526 3635 3638
1 5 3641 3640 3637 3639 3638 3635 560 3636
1 5 3633 3641 3639 3630 3628 3638 3636 561
1 5 421 2670 2681 2678 3630 3639 3651 3649
1 5 2670 418 2676 2681 3639 3637 3650 3651
1 5 2681 2676 70 2677 3651 3650 3645 3648
1 5 2678 2681 2677 419 3649 3651 3648 3646
1 5 3630 3639 3651 3649 561 3636 3647 3644
1 5 3639 3637 3650 3651 3636 560 3642 3647
1 5 3651 3650 3645 3648 3647 3642 557 3643
1 5 3649 3651 3648 3646 3644 3647 3643 559
1 5 411 2663 2687 2620 3581 3632 3655 3594
1 5 2663 421 2678 2687 3632 3630 3649 3655
1 5 2687 2678 419 2686 3655 3649 3646 3654
1 5 2620 2687 2686 69 3594 3655 3654 3589
1 5 3581 3632 3655 3594 553 3629 3653 3586
1 5 3632 3630 3649 3655 3629 561 3644 3653
1 5 3655 3649 3646 3654 3653 3644 559 3652
1 5 3594 3655 3654 3589 3586 3653 3652 550
1 5 519 3416 3631 3579 3381 3446 3662 3612
1 5 3416 528 3628 3631 3446 3438 3661 3662
1 5 3631 3628 561 3629 3662 3661 3658 3660
1 5 3579 3631 3629 553 3612 3662 3660 3609
1 5 3381 3446 3662 3612 89 3444 3659 3607
1 5 3446 3438 3661 3662 3444 525 3656 3659
1 5 3662 3661 3658 3660 3659 3656 558 3657
1 5 3612 3662 3660 3609 3607 3659 3657 548
1 5 528 3407 3638 3628 3438 3440 3669 3661
1 5 3407 526 3635 3638 3440 3437 3668 3669
1 5 3638 3635 560 3636 3669 3668 3665 3667
1 5 3628 3638 3636 561 3661 3669 3667 3658
1 5 3438 3440 3669 3661 525 3435 3666 3656
1 5 3440 3437 3668 3669 3435 90 3663 3666
1 5 3669 3668 3665 3667 3666 3663 555 3664
1 5 3661 3669 3667 3658 3656 3666 3664 558
1 5 561 3636 3647 3644 3658 3667 3679 3677
1 5 3636 560 3642 3647 3667 3665 3678 3679
1 5 3647 3642 557 3643 3679 3678 3673 3676
1 5 3644 3647 3643 559 3677 3679 3676 3674
1 5 3658 3667 3679 3677 558 3664 3675 3672
1 5 3667 3665 3678 3679 3664 555 3670 3675
1 5 3679 3678 3673 3676 3675 3670 95 3671
1 5 3677 3679 3676 3674 3672 3675 3671 556
1 5 553 3629 3653 3586 3609 3660 3683 3622
1 5 3629 561 3644 3653 3660 3658 3677 3683
1 5 3653 3644 559 3652 3683 3677 3674 3682
1 5 3586 3653 3652 550 3622 3683 3682 3617
1 5 3609 3660 3683 3622 548 3657 3681 3614
1 5 3660 3658 3677 3683 3657 558 3672 3681
1 5 3683 3677 3674 3682 3681 3672 556 3680
1 5 3622 3683 3682 3617 3614 3681 3680 94
1 5 66 2515 2729 2726 3477 3479 3693 3691
1 5 2515 395 2724 2729 3479 3469 3692 3693
1 5 2729 2724 430 2725 3693 3692 3687 3690
1 5 2726 2729 2725 427 3691 3693 3690 3688
1 5 3477 3479 3693 3691 535 3475 3689 3686
1 5 3479 3469 3692 3693 3475 537 3684 3689
1 5 3693 3692 3687 3690 3689 3684 571 3685
1 5 3691 3693 3690 3688 3686 3689 3685 569
1 5 395 2506 2737 2724 3469 3471 3700 3692
1 5 2506 67 2734 2737 3471 3468 3699 3700
1 5 2737 2734 425 2735 3700 3699 3696 3698
1 5 2724 2737 2735 430 3692 3700 3698 3687
1 5 3469 3471 3700 3692 537 3466 3697 3684
1 5 3471 3468 3699 3700 3466 534 3694 3697
1 5 3700 3699 3696 3698 3697 3694 570 3695
1 5 3692 3700 3698 3687 3684 3697 3695 571
1 5 430 2735 2746 2743 3687 3698 3710 3708
1 5 2735 425 2741 2746 3698 3696 3709 3710
1 5 2746 2741 72 2742 3710 3709 3704 3707
1 5 2743 2746 2742 426 3708 3710 3707 3705
1 5 3687 3698 3710 3708 571 3695 3706 3703
1 5 3698 3696 3709 3710 3695 570 3701 3706
1 5 3710 3709 3704 3707 3706 3701 565 3702
1 5 3708 3710 3707 3705 3703 3706 3702 568
1 5 427 2725 2754 2752 3688 3690 3717 3716
1 5 2725 430 2743 2754 3690 3687 3708 3717
1 5 2754 2743 426 2751 3717 3708 3705 3715
1 5 2752 2754 2751 71 3716 3717 3715 3713
1 5 3688 3690 3717 3716 569 3685 3714 3712
1 5 3690 3687 3708 3717 3685 571 3703 3714
1 5 3717 3708 3705 3715 3714 3703 568 3711
1 5 3716 3717 3715 3713 3712 3714 3711 566
1 5 535 3475 3689 3686 3511 3513 3727 3725
1 5 3475 537 3684 3689 3513 3503 3726 3727
1 5 3689 3684 571 3685 3727 3726 3721 3724
1 5 3686 3689 3685 569 3725 3727 3724 3722
1 5 3511 3513 3727 3725 91 3509 3723 3720
1 5 3513 3503 3726 3727 3509 532 3718 3723
1 5 3727 3726 3721 3724 3723 3718 567 3719
1 5 3725 3727 3724 3722 3720 3723 3719 564
1 5 537 3466 3697 3684 3503 3505 3734 3726
1 5 3466 534 3694 3697 3505 3502 3733 3734
1 5 3697 3694 570 3695 3734 3733 3730 3732
1 5 3684 3697 3695 571 3726 3734 3732 3721
1 5 3503 3505 3734 3726 532 3500 3731 3718
1 5 3505 3502 3733 3734 3500 92 3728 3731
1 5 3734 3733 3730 3732 3731 3728 562 3729
1 5 3726 3734 3732 3721 3718 3731 3729 567
1 5 571 3695 3706 3703 3721 3732 3744 3742
1 5 3695 570 3701 3706 3732 3730 3743 3744
1 5 3706 3701 565 3702 3744 3743 3738 3741
1 5 3703 3706 3702 568 3742 3744 3741 3739
1 5 3721 3732 3744 3742 567 3729 3740 3737
1 5 3732 3730 3743 3744 3729 562 3735 3740
1 5 3744 3743 3738 3741 3740 3735 97 3736
1 5 3742 3744 3741 3739 3737 3740 3736 563
1 5 569 3685 3714 3712 3722 3724 3751 3750
1 5 3685 571 3703 3714 3724 3721 3742 3751
1 5 3714 3703 568 3711 3751 3742 3739 3749
1 5 3712 3714 3711 566 3750 3751 3749 3747
1 5 3722 3724 3751 3750 564 3719 3748 3746
1 5 3724 3721 3742 3751 3719 567 3737 3748
1 5 3751 3742 3739 3749 3748 3737 563 3745
1 5 3750 3751 3749 3747 3746 3748 3745 96
1 5 67 2574 2789 2734 3468 3542 3758 3699
1 5 2574 405 2786 2789 3542 3534 3757 3758
1 5 2789 2786 438 2787 3758 3757 3754 3756
1 5 2734 2789 2787 425 3699 3758 3756 3696
1 5 3468 3542 3758 3699 534 3540 3755 3694
1 5 3542 3534 3757 3758 3540 545 3752 3755
1 5 3758 3757 3754 3756 3755 3752 578 3753
1 5 3699 3758 3756 3696 3694 3755 3753 570
1 5 405 2565 2796 2786 3534 3536 3765 3757
1 5 2565 68 2793 2796 3536 3533 3764 3765
1 5 2796 2793 435 2794 3765 3764 3761 3763
1 5 2786 2796 2794 438 3757 3765 3763 3754
1 5 3534 3536 3765 3757 545 3531 3762 3752
1 5 3536 3533 3764 3765 3531 543 3759 3762
1 5 3765 3764 3761 3763 3762 3759 577 3760
1 5 3757 3765 3763 3754 3752 3762 3760 578
1 5 438 2794 2805 2802 3754 3763 3775 3773
1 5 2794 435 2800 2805 3763 3761 3774 3775
1 5 2805 2800 73 2801 3775 3774 3769 3772
1 5 2802 2805 2801 436 3773 3775 3772 3770
1 5 3754 3763 3775 3773 578 3760 3771 3768
1 5 3763 3761 3774 3775 3760 577 3766 3771
1 5 3775 3774 3769 3772 3771 3766 574 3767
1 5 3773 3775 3772 3770 3768 3771 3767 576
1 5 425 2787 2811 2741 3696 3756 3779 3709
1 5 2787 438 2802 2811 3756 3754 3773 3779
1 5 2811 2802 436 2810 3779 3773 3770 3778
1 5 2741 2811 2810 72 3709 3779 3778 3704
1 5 3696 3756 3779 3709 570 3753 3777 3701
1 5 3756 3754 3773 3779 3753 578 3768 3777
1 5 3779 3773 3770 3778 3777 3768 576 3776
1 5 3709 3779 3778 3704 3701 3777 3776 565
1 5 534 3540 3755 3694 3502 3570 3786 3733
1 5 3540 545 3752 3755 3570 3562 3785 3786
1 5 3755 3752 578 3753 3786 3785 3782 3784
1 5 3694 3755 3753 570 3733 3786 3784 3730
1 5 3502 3570 3786 3733 92 3568 3783 3728
1 5 3570 3562 3785 3786 3568 542 3780 3783
1 5 3786 3785 3782 3784 3783 3780 575 3781
1 5 3733 3786 3784 3730 3728 3783 3781 562
1 5 545 3531 3762 3752 3562 3564 3793 3785
1 5 3531 543 3759 3762 3564 3561 3792 3793
1 5 3762 3759 577 3760 3793 3792 3789 3791
1 5 3752 3762 3760 578 3785 3793 3791 3782
1 5 3562 3564 3793 3785 542 3559 3790 3780
1 5 3564 3561 3792 3793 3559 93 3787 3790
1 5 3793 3792 3789 3791 3790 3787 572 3788
1 5 3785 3793 3791 3782 3780 3790 3788 575
1 5 578 3760 3771 3768 3782 3791 3803 3801
1 5 3760 577 3766 3771 3791 3789 3802 3803
1 5 3771 3766 574 3767 3803 3802 3797 3800
1 5 3768 3771 3767 576 3801 3803 3800 3798
1 5 3782 3791 3803 3801 575 3788 3799 3796
1 5 3791 3789 3802 3803 3788 572 3794 3799
1 5 3803 3802 3797 3800 3799 3794 98 3795
1 5 3801 3803 3800 3798 3796 3799 3795 573
1 5 570 3753 3777 3701 3730 3784 3807 3743
1 5 3753 578 3768 3777 3784 3782 3801 3807
1 5 3777 3768 576 3776 3807 3801 3798 3806
1 5 3701 3777 3776 565 3743 3807 3806 3738
1 5 3730 3784 3807 3743 562 3781 3805 3735
1 5 3784 3782 3801 3807 3781 575 3796 3805
1 5 3807 3801 3798 3806 3805 3796 573 3804
1 5 3743 3807 3806 3738 3735 3805 3804 97
1 5 68 2630 2845 2793 3533 3598 3814 3764
1 5 2630 412 2842 2845 3598 3590 3813 3814
1 5 2845 2842 445 2843 3814 3813 3810 3812
1 5 2793 2845 2843 435 3764 3814 3812 3761
1 5 3533 3598 3814 3764 543 3596 3811 3759
1 5 3598 3590 3813 3814 3596 552 3808 3811
1 5 3814 3813 3810 3812 3811 3808 585 3809
1 5 3764 3814 3812 3761 3759 3811 3809 577
1 5 412 2621 2852 2842 3590 3592 3821 3813
1 5 2621 69 2849 2852 3592 3589 3820 3821
1 5 2852 2849 442 2850 3821 3820 3817 3819
1 5 2842 2852 2850 445 3813 3821 3819 3810
1 5 3590 3592 3821 3813 552 3587 3818 3808
1 5 3592 3589 3820 3821 3587 550 3815 3818
1 5 3821 3820 3817 3819 3818 3815 584 3816
1 5 3813 3821 3819 3810 3808 3818 3816 585
1 5 445 2850 2861 2858 3810 3819 3831 3829
1 5 2850 442 2856 2861 3819 3817 3830 3831
1 5 2861 2856 74 2857 3831 3830 3825 3828
1 5 2858 2861 2857 443 3829 3831 3828 3826
1 5 3810 3819 3831 3829 585 3816 3827 3824
1 5 3819 3817 3830 3831 3816 584 3822 3827
1 5 3831 3830 3825 3828 3827 3822 581 3823
1 5 3829 3831 3828 3826 3824 3827 3823 583
1 5 435 2843 2867 2800 3761 3812 3835 3774
1 5 2843 445 2858 2867 3812 3810 3829 3835
1 5 2867 2858 443 2866 3835 3829 3826 3834
1 5 2800 2867 2866 73 3774 3835 3834 3769
1 5 3761 3812 3835 3774 577 3809 3833 3766
1 5 3812 3810 3829 3835 3809 585 3824 3833
1 5 3835 3829 3826 3834 3833 3824 583 3832
1 5 3774 3835 3834 3769 3766 3833 3832 574
1 5 543 3596 3811 3759 3561 3626 3842 3792
1 5 3596 552 3808 3811 3626 3618 3841 3842
1 5 3811 3808 585 3809 3842 3841 3838 3840
1 5 3759 3811 3809 577 3792 3842 3840 3789
1 5 3561 3626 3842 3792 93 3624 3839 3787
1 5 3626 3618 3841 3842 3624 549 3836 3839
1 5 3842 3841 3838 3840 3839 3836 582 3837
1 5 3792 3842 3840 3789 3787 3839 3837 572
1 5 552 3587 3818 3808 3618 3620 3849 3841
1 5 3587 550 3815 3818 3620 3617 3848 3849
1 5 3818 3815 584 3816 3849 3848 3845 3847
1 5 3808 3818 3816 585 3841 3849 3847 3838
1 5 3618 3620 3849 3841 549 3615 3846 3836
1 5 3620 3617 3848 3849 3615 94 3843 3846
1 5 3849 3848 3845 3847 3846 3843 579 3844
1 5 3841 3849 3847 3838 3836 3846 3844 582
1 5 585 3816 3827 3824 3838 3847 3859 3857
1 5 3816 584 3822 3827 3847 3845 3858 3859
1 5 3827 3822 581 3823 3859 3858 3853 3856
1 5 3824 3827 3823 583 3857 3859 3856 3854
1 5 3838 3847 3859 3857 582 3844 3855 3852
1 5 3847 3845 3858 3859 3844 579 3850 3855
1 5 3859 3858 3853 3856 3855 3850 99 3851
1 5 3857 3859 3856 3854 3852 3855 3851 580
1 5 577 3809 3833 3766 3789 3840 3863 3802
1 5 3809 585 3824 3833 3840 3838 3857 3863
1 5 3833 3824 583 3832 3863 3857 3854 3862
1 5 3766 3833 3832 574 3802 3863 3862 3797
1 5 3789 3840 3863 3802 572 3837 3861 3794
1 5 3840 3838 3857 3863 3837 582 3852 3861
1 5 3863 3857 3854 3862 3861 3852 580 3860
1 5 3802 3863 3862 3797 3794 3861 3860 98
1 5 69 2686 2901 2849 3589 3654 3870 3820
1 5 2686 419 2898 2901 3654 3646 3869 3870
1 5 2901 2898 452 2899 3870 3869 3866 3868
1 5 2849 2901 2899 442 3820 3870 3868 3817
1 5 3589 3654 3870 3820 550 3652 3867 3815
1 5 3654 3646 3869 3870 3652 559 3864 3867
1 5 3870 3869 3866 3868 3867 3864 592 3865
1 5 3820 3870 3868 3817 3815 3867 3865 584
1 5 419 2677 2908 2898 3646 3648 3877 3869
1 5 2677 70 2905 2908 3648 3645 3876 3877
1 5 2908 2905 449 2906 3877 3876 3873 3875
1 5 2898 2908 2906 452 3869 3877 3875 3866
1 5 3646 3648 3877 3869 559 3643 3874 3864
1 5 3648 3645 3876 3877 3643 557 3871 3874
1 5 3877 3876 3873 3875 3874 3871 591 3872
1 5 3869 3877 3875 3866 3864 3874 3872 592
1 5 452 2906 2917 2914 3866 3875 3887 3885
1 5 2906 449 2912 2917 3875 3873 3886 3887
1 5 2917 2912 75 2913 3887 3886 3881 3884
1 5 2914 2917 2913 450 3885 3887 3884 3882
1 5 3866 3875 3887 3885 592 3872 3883 3880
1 5 3875 3873 3886 3887 3872 591 3878 3883
1 5 3887 3886 3881 3884 3883 3878 588 3879
1 5 3885 3887 3884 3882 3880 3883 3879 590
1 5 442 2899 2923 2856 3817 3868 3891 3830
1 5 2899 452 2914 2923 3868 3866 3885 3891
1 5 2923 2914 450 2922 3891 3885 3882 3890
1 5 2856 2923 2922 74 3830 3891 3890 3825
1 5 3817 3868 3891 3830 584 3865 3889 3822
1 5 3868 3866 3885 3891 3865 592 3880 3889
1 5 3891 3885 3882 3890 3889 3880 590 3888
1 5 3830 3891 3890 3825 3822 3889 3888 581
1 5 550 3652 3867 3815 3617 3682 3898 3848
1 5 3652 559 3864 3867 3682 3674 3897 3898
1 5 3867 3864 592 3865 3898 3897 3894 3896
1 5 3815 3867 3865 584 3848 3898 3896 3845
1 5 3617 3682 3898 3848 94 3680 3895 3843
1 5 3682 3674 3897 3898 3680 556 3892 3895
1 5 3898 3897 3894 3896 3895 3892 589 3893
1 5 3848 3898 3896 3845 3843 3895 3893 579
1 5 559 3643 3874 3864 3674 3676 3905 3897
1 5 3643 557 3871 3874 3676 3673 3904 3905
1 5 3874 3871 591 3872 3905 3904 3901 3903
1 5 3864 3874 3872 592 3897 3905 3903 3894
1 5 3674 3676 3905 3897 556 3671 3902 3892
1 5 3676 3673 3904 3905 3671 95 3899 3902
1 5 3905 3904 3901 3903 3902 3899 586 3900
1 5 3897 3905 3903 3894 3892 3902 3900 589
1 5 592 3872 3883 3880 3894 3903 3915 3913
1 5 3872 591 3878 3883 3903 3901 3914 3915
1 5 3883 3878 588 3879 3915 3914 3909 3912
1 5 3880 3883 3879 590 3913 3915 3912 3910
1 5 3894 3903 3915 3913 589 3900 3911 3908
1 5 3903 3901 3914 3915 3900 586 3906 3911
1 5 3915 3914 3909 3912 3911 3906 100 3907
1 5 3913 3915 3912 3910 3908 3911 3907 587
1 5 584 3865 3889 3822 3845 3896 3919 3858
1 5 3865 592 3880 3889 3896 3894 3913 3919
1 5 3889 3880 590 3888 3919 3913 3910 3918
1 5 3822 3889 3888 581 3858 3919 3918 3853
1 5 3845 3896 3919 3858 579 3893 3917 3850
1 5 3896 3894 3913 3919 3893 589 3908 3917
1 5 3919 3913 3910 3918 3917 3908 587 3916
1 5 3858 3919 3918 3853 3850 3917 3916 99
1 5 76 2967 2975 2970 3924 3929 3933 3931
1 5 2967 456 2968 2975 3929 3925 3932 3933
1 5 2975 2968 464 2969 3933 3932 3926 3930
1 5 2970 2975 2969 459 3931 3933 3930 3927
1 5 3924 3929 3933 3931 597 3920 3928 3923
1 5 3929 3925 3932 3933 3920 602 3921 3928
1 5 3933 3932 3926 3930 3928 3921 606 3922
1 5 3931 3933 3930 3927 3923 3928 3922 604
1 5 456 2981 2986 2968 3925 3940 3943 3932
1 5 2981 77 2982 2986 3940 3937 3942 3943
1 5 2986 2982 457 2983 3943 3942 3938 3941
1 5 2968 2986 2983 464 3932 3943 3941 3926
1 5 3925 3940 3943 3932 602 3934 3939 3921
1 5 3940 3937 3942 3943 3934 598 3935 3939
1 5 3943 3942 3938 3941 3939 3935 605 3936
1 5 3932 3943 3941 3926 3921 3939 3936 606
1 5 464 2983 2996 2993 3926 3941 3953 3951
1 5 2983 457 2991 2996 3941 3938 3952 3953
1 5 2996 2991 82 2992 3953 3952 3947 3950
1 5 2993 2996 2992 458 3951 3953 3950 3948
1 5 3926 3941 3953 3951 606 3936 3949 3946
1 5 3941 3938 3952 3953 3936 605 3944 3949
1 5 3953 3952 3947 3950 3949 3944 599 3945
1 5 3951 3953 3950 3948 3946 3949 3945 603
1 5 459 2969 3004 3002 3927 3930 3960 3959
1 5 2969 464 2993 3004 3930 3926 3951 3960
1 5 3004 2993 458 3001 3960 3951 3948 3958
1 5 3002 3004 3001 81 3959 3960 3958 3956
1 5 3927 3930 3960 3959 604 3922 3957 3955
1 5 3930 3926 3951 3960 3922 606 3946 3957
1 5 3960 3951 3948 3958 3957 3946 603 3954
1 5 3959 3960 3958 3956 3955 3957 3954 600
1 5 597 3920 3928 3923 3965 3970 3974 3972
1 5 3920 602 3921 3928 3970 3966 3973 3974
1 5 3928 3921 606 3922 3974 3973 3967 3971
1 5 3923 3928 3922 604 3972 3974 3971 3968
1 5 3965 3970 3974 3972 101 3961 3969 3964
1 5 3970 3966 3973 3974 3961 593 3962 3969
1 5 3974 3973 3967 3971 3969 3962 601 3963
1 5 3972 3974 3971 3968 3964 3969 3963 596
1 5 602 3934 3939 3921 3966 3981 3984 3973
1 5 3934 598 3935 3939 3981 3978 3983 3984
1 5 3939 3935 605 3936 3984 3983 3979 3982
1 5 3921 3939 3936 606 3973 3984 3982 3967
1 5 3966 3981 3984 3973 593 3975 3980 3962
1 5 3981 3978 3983 3984 3975 102 3976 3980
1 5 3984 3983 3979 3982 3980 3976 594 3977
1 5 3973 3984 3982 3967 3962 3980 3977 601
1 5 606 3936 3949 3946 3967 3982 3994 3992
1 5 3936 605 3944 3949 3982 3979 3993 3994
1 5 3949 3944 599 3945 3994 3993 3988 3991
1 5 3946 3949 3945 603 3992 3994 3991 3989
1 5 3967 3982 3994 3992 601 3977 3990 3987
1 5 3982 3979 3993 3994 3977 594 3985 3990
1 5 3994 3993 3988 3991 3990 3985 107 3986
1 5 3992 3994 3991 3989 3987 3990 3986 595
1 5 604 3922 3957 3955 3968 3971 4001 4000
1 5 3922 606 3946 3957 3971 3967 3992 4001
1 5 3957 3946 603 3954 4001 3992 3989 3999
1 5 3955 3957 3954 600 4000 4001 3999 3997
1 5 3968 3971 4001 4000 596 3963 3998 3996
1 5 3971 3967 3992 4001 3963 601 3987 3998
1 5 4001 3992 3989 3999 3998 3987 595 3995
1 5 4000 4001 3999 3997 3996 3998 3995 106
1 5 77 3042 3047 2982 3937 4008 4011 3942
1 5 3042 470 3043 3047 4008 4005 4010 4011
1 5 3047 3043 475 3044 4011 4010 4006 4009
1 5 2982 3047 3044 457 3942 4011 4009 3938
1 5 3937 4008 4011 3942 598 4002 4007 3935
1 5 4008 4005 4010 4011 4002 613 4003 4007
1 5 4011 4010 4006 4009 4007 4003 616 4004
1 5 3942 4011 4009 3938 3935 4007 4004 605
1 5 470 3052 3057 3043 4005 4018 4021 4010
1 5 3052 78 3053 3057 4018 4015 4020 4021
1 5 3057 3053 471 3054 4021 4020 4016 4019
1 5 3043 3057 3054 475 4010 4021 4019 4006
1 5 4005 4018 4021 4010 613 4012 4017 4003
1 5 4018 4015 4020 4021 4012 610 4013 4017
1 5 4021 4020 4016 4019 4017 4013 615 4014
1 5 4010 4021 4019 4006 4003 4017 4014 616
1 5 475 3054 3067 3064 4006 4019 4031 4029
1 5 3054 471 3062 3067 4019 4016 4030 4031
1 5 3067 3062 83 3063 4031 4030 4025 4028
1 5 3064 3067 3063 472 4029 4031 4028 4026
1 5 4006 4019 4031 4029 616 4014 4027 4024
1 5 4019 4016 4030 4031 4014 615 4022 4027
1 5 4031 4030 4025 4028 4027 4022 611 4023
1 5 4029 4031 4028 4026 4024 4027 4023 614
1 5 457 3044 3073 2991 3938 4009 4035 3952
1 5 3044 475 3064 3073 4009 4006 4029 4035
1 5 3073 3064 472 3072 4035 4029 4026 4034
1 5 2991 3073 3072 82 3952 4035 4034 3947
1 5 3938 4009 4035 3952 605 4004 4033 3944
1 5 4009 4006 4029 4035 4004 616 4024 4033
1 5 4035 4029 4026 4034 4033 4024 614 4032
1 5 3952 4035 4034 3947 3944 4033 4032 599
1 5 598 4002 4007 3935 3978 4042 4045 3983
1 5 4002 613 4003 4007 4042 4039 4044 4045
1 5 4007 4003 616 4004 4045 4044 4040 4043
1 5 3935 4007 4004 605 3983 4045 4043 3979
1 5 3978 4042 4045 3983 102 4036 4041 3976
1 5 4042 4039 4044 4045 4036 607 4037 4041
1 5 4045 4044 4040 4043 4041 4037 612 4038
1 5 3983 4045 4043 3979 3976 4041 4038 594
1 5 613 4012 4017 4003 4039 4052 4055 4044
1 5 4012 610 4013 4017 4052 4049 4054 4055
1 5 4017 4013 615 4014 4055 4054 4050 4053
1 5 4003 4017 4014 616 4044 4055 4053 4040
1 5 4039 4052 4055 4044 607 4046 4051 4037
1 5 4052 4049 4054 4055 4046 103 4047 4051
1 5 4055 4054 4050 4053 4051 4047 608 4048
1 5 4044 4055 4053 4040 4037 4051 4048 612
1 5 616 4014 4027 4024 4040 4053 4065 4063
1 5 4014 615 4022 4027 4053 4050 4064 4065
1 5 4027 4022 611 4023 4065 4064 4059 4062
1 5 4024 4027 4023 614 4063 4065 4062 4060
1 5 4040 4053 4065 4063 612 4048 4061 4058
1 5 4053 4050 4064 4065 4048 608 4056 4061
1 5 4065 4064 4059 4062 4061 4056 108 4057
1 5 4063 4065 4062 4060 4058 4061 4057 609
1 5 605 4004 4033 3944 3979 4043 4069 3993
1 5 4004 616 4024 4033 4043 4040 4063 4069
1 5 4033 4024 614 4032 4069 4063 4060 4068
1 5 3944 4033 4032 599 3993 4069 4068 3988
1 5 3979 4043 4069 3993 594 4038 4067 3985
1 5 4043 4040 4063 4069 4038 612 4058 4067
1 5 4069 4063 4060 4068 4067 4058 609 4066
1 5 3993 4069 4068 3988 3985 4067 4066 107
1 5 78 3110 3115 3053 4015 4076 4079 4020
1 5 3110 480 3111 3115 4076 4073 4078 4079
1 5 3115 3111 485 3112 4079 4078 4074 4077
1 5 3053 3115 3112 471 4020 4079 4077 4016
1 5 4015 4076 4079 4020 610 4070 4075 4013
1 5 4076 4073 4078 4079 4070 623 4071 4075
1 5 4079 4078 4074 4077 4075 4071 626 4072
1 5 4020 4079 4077 4016 4013 4075 4072 615
1 5 480 3120 3125 3111 4073 4086 4089 4078
1 5 3120 79 3121 3125 4086 4083 4088 4089
1 5 3125 3121 481 3122 4089 4088 4084 4087
1 5 3111 3125 3122 485 4078 4089 4087 4074
1 5 4073 4086 4089 4078 623 4080 4085 4071
1 5 4086 4083 4088 4089 4080 620 4081 4085
1 5 4089 4088 4084 4087 4085 4081 625 4082
1 5 4078 4089 4087 4074 4071 4085 4082 626
1 5 485 3122 3135 3132 4074 4087 4099 4097
1 5 3122 481 3130 3135 4087 4084 4098 4099
1 5 3135 3130 84 3131 4099 4098 4093 4096
1 5 3132 3135 3131 482 4097 4099 4096 4094
1 5 4074 4087 4099 4097 626 4082 4095 4092
1 5 4087 4084 4098 4099 4082 625 4090 4095
1 5 4099 4098 4093 4096 4095 4090 621 4091
1 5 4097 4099 4096 4094 4092 4095 4091 624
1 5 471 3112 3141 3062 4016 4077 4103 4030
1 5 3112 485 3132 3141 4077 4074 4097 4103
1 5 3141 3132 482 3140 4103 4097 4094 4102
1 5 3062 3141 3140 83 4030 4103 4102 4025
1 5 4016 4077 4103 4030 615 4072 4101 4022
1 5 4077 4074 4097 4103 4072 626 4092 4101
1 5 4103 4097 4094 4102 4101 4092 624 4100
1 5 4030 4103 4102 4025 4022 4101 4100 611
1 5 610 4070 4075 4013 4049 4110 4113 4054
1 5 4070 623 4071 4075 4110 4107 4112 4113
1 5 4075 4071 626 4072 4113 4112 4108 4111
1 5 4013 4075 4072 615 4054 4113 4111 4050
1 5 4049 4110 4113 4054 103 4104 4109 4047
1 5 4110 4107 4112 4113 4104 617 4105 4109
1 5 4113 4112 4108 4111 4109 4105 622 4106
1 5 4054 4113 4111 4050 4047 4109 4106 608
1 5 623 4080 4085 4071 4107 4120 4123 4112
1 5 4080 620 4081 4085 4120 4117 4122 4123
1 5 4085 4081 625 4082 4123 4122 4118 4121
1 5 4071 4085 4082 626 4112 4123 4121 4108
1 5 4107 4120 4123 4112 617 4114 4119 4105
1 5 4120 4117 4122 4123 4114 104 4115 4119
1 5 4123 4122 4118 4121 4119 4115 618 4116
1 5 4112 4123 4121 4108 4105 4119 4116 622
1 5 626 4082 4095 4092 4108 4121 4133 4131
1 5 4082 625 4090 4095 4121 4118 4132 4133
1 5 4095 4090 621 4091 4133 4132 4127 4130
1 5 4092 4095 4091 624 4131 4133 4130 4128
1 5 4108 4121 4133 4131 622 4116 4129 4126
1 5 4121 4118 4132 4133 4116 618 4124 4129
1 5 4133 4132 4127 4130 4129 4124 109 4125
1 5 4131 4133 4130 4128 4126 4129 4125 619
1 5 615 4072 4101 4022 4050 4111 4137 4064
1 5 4072 626 4092 4101 4111 4108 4131 4137
1 5 4101 4092 624 4100 4137 4131 4128 4136
1 5 4022 4101 4100 611 4064 4137 4136 4059
1 5 4050 4111 4137 4064 608 4106 4135 4056
1 5 4111 4108 4131 4137 4106 622 4126 4135
1 5 4137 4131 4128 4136 4135 4126 619 4134
1 5 4064 4137 4136 4059 4056 4135 4134 108
1 5 79 3178 3183 3121 4083 4144 4147 4088
1 5 3178 490 3179 3183 4144 4141 4146 4147
1 5 3183 3179 495 3180 4147 4146 4142 4145
1 5 3121 3183 3180 481 4088 4147 4145 4084
1 5 4083 4144 4147 4088 620 4138 4143 4081
1 5 4144 4141 4146 4147 4138 633 4139 4143
1 5 4147 4146 4142 4145 4143 4139 636 4140
1 5 4088 4147 4145 4084 4081 4143 4140 625
1 5 490 3188 3193 3179 4141 4154 4157 4146
1 5 3188 80 3189 3193 4154 4151 4156 4157
1 5 3193 3189 491 3190 4157 4156 4152 4155
1 5 3179 3193 3190 495 4146 4157 4155 4142
1 5 4141 4154 4157 4146 633 4148 4153 4139
1 5 4154 4151 4156 4157 4148 630 4149 4153
1 5 4157 4156 4152 4155 4153 4149 635 4150
1 5 4146 4157 4155 4142 4139 4153 4150 636
1 5 495 3190 3203 3200 4142 4155 4167 4165
1 5 3190 491 3198 3203 4155 4152 4166 4167
1 5 3203 3198 85 3199 4167 4166 4161 4164
1 5 3200 3203 3199 492 4165 4167 4164 4162
1 5 4142 4155 4167 4165 636 4150 4163 4160
1 5 4155 4152 4166 4167 4150 635 4158 4163
1 5 4167 4166 4161 4164 4163 4158 631 4159
1 5 4165 4167 4164 4162 4160 4163 4159 634
1 5 481 3180 3209 3130 4084 4145 4171 4098
1 5 3180 495 3200 3209 4145 4142 4165 4171
1 5 3209 3200 492 3208 4171 4165 4162 4170
1 5 3130 3209 3208 84 4098 4171 4170 4093
1 5 4084 4145 4171 4098 625 4140 4169 4090
1 5 4145 4142 4165 4171 4140 636 4160 4169
1 5 4171 4165 4162 4170 4169 4160 634 4168
1 5 4098 4171 4170 4093 4090 4169 4168 621
1 5 620 4138 4143 4081 4117 4178 4181 4122
1 5 4138 633 4139 4143 4178 4175 4180 4181
1 5 4143 4139 636 4140 4181 4180 4176 4179
1 5 4081 4143 4140 625 4122 4181 4179 4118
1 5 4117 4178 4181 4122 104 4172 4177 4115
1 5 4178 4175 4180 4181 4172 627 4173 4177
1 5 4181 4180 4176 4179 4177 4173 632 4174
1 5 4122 4181 4179 4118 4115 4177 4174 618
1 5 633 4148 4153 4139 4175 4188 4191 4180
1 5 4148 630 4149 4153 4188 4185 4190 4191
1 5 4153 4149 635 4150 4191 4190 4186 4189
1 5 4139 4153 4150 636 4180 4191 4189 4176
1 5 4175 4188 4191 4180 627 4182 4187 4173
1 5 4188 4185 4190 4191 4182 105 4183 4187
1 5 4191 4190 4186 4189 4187 4183 628 4184
1 5 4180 4191 4189 4176 4173 4187 4184 632
1 5 636 4150 4163 4160 4176 4189 4201 4199
1 5 4150 635 4158 4163 4189 4186 4200 4201
1 5 4163 4158 631 4159 4201 4200 4195 4198
1 5 4160 4163 4159 634 4199 4201 4198 4196
1 5 4176 4189 4201 4199 632 4184 4197 4194
1 5 4189 4186 4200 4201 4184 628 4192 4197
1 5 4201 4200 4195 4198 4197 4192 110 4193
1 5 4199 4201 4198 4196 4194 4197 4193 629
1 5 625 4140 4169 4090 4118 4179 4205 4132
1 5 4140 636 4160 4169 4179 4176 4199 4205
1 5 4169 4160 634 4168 4205 4199 4196 4204
1 5 4090 4169 4168 621 4132 4205 4204 4127
1 5 4118 4179 4205 4132 618 4174 4203 4124
1 5 4179 4176 4199 4205 4174 632 4194 4203
1 5 4205 4199 4196 4204 4203 4194 629 4202
1 5 4132 4205 4204 4127 4124 4203 4202 109
1 5 81 3001 3251 3248 3956 3958 4215 4213
1 5 3001 458 3246 3251 3958 3948 4214 4215
1 5 3251 3246 505 3247 4215 4214 4209 4212
1 5 3248 3251 3247 502 4213 4215 4212 4210
1 5 3956 3958 4215 4213 600 3954 4211 4208
1 5 3958 3948 4214 4215 3954 603 4206 4211
1 5 4215 4214 4209 4212 4211 4206 646 4207
1 5 4213 4215 4212 4210 4208 4211 4207 644
1 5 458 2992 3259 3246 3948 3950 4222 4214
1 5 2992 82 3256 3259 3950 3947 4221 4222
1 5 3259 3256 500 3257 4222 4221 4218 4220
1 5 3246 3259 3257 505 4214 4222 4220 4209
1 5 3948 3950 4222 4214 603 3945 4219 4206
1 5 3950 3947 4221 4222 3945 599 4216 4219
1 5 4222 4221 4218 4220 4219 4216 645 4217
1 5 4214 4222 4220 4209 4206 4219 4217 646
1 5 505 3257 3268 3265 4209 4220 4232 4230
1 5 3257 500 3263 3268 4220 4218 4231 4232
1 5 3268 3263 87 3264 4232 4231 4226 4229
1 5 3265 3268 3264 501 4230 4232 4229 4227
1 5 4209 4220 4232 4230 646 4217 4228 4225
1 5 4220 4218 4231 4232 4217 645 4223 4228
1 5 4232 4231 4226 4229 4228 4223 640 4224
1 5 4230 4232 4229 4227 4225 4228 4224 643
1 5 502 3247 3276 3274 4210 4212 4239 4238
1 5 3247 505 3265 3276 4212 4209 4230 4239
1 5 3276 3265 501 3273 4239 4230 4227 4237
1 5 3274 3276 3273 86 4238 4239 4237 4235
1 5 4210 4212 4239 4238 644 4207 4236 4234
1 5 4212 4209 4230 4239 4207 646 4225 4236
1 5 4239 4230 4227 4237 4236 4225 643 4233
1 5 4238 4239 4237 4235 4234 4236 4233 641
1 5 600 3954 4211 4208 3997 3999 4249 4247
1 5 3954 603 4206 4211 3999 3989 4248 4249
1 5 4211 4206 646 4207 4249 4248 4243 4246
1 5 4208 4211 4207 644 4247 4249 4246 4244
1 5 3997 3999 4249 4247 106 3995 4245 4242
1 5 3999 3989 4248 4249 3995 595 4240 4245
1 5 4249 4248 4243 4246 4245 4240 642 4241
1 5 4247 4249 4246 4244 4242 4245 4241 639
1 5 603 3945 4219 4206 3989 3991 4256 4248
1 5 3945 599 4216 4219 3991 3988 4255 4256
1 5 4219 4216 645 4217 4256 4255 4252 4254
1 5 4206 4219 4217 646 4248 4256 4254 4243
1 5 3989 3991 4256 4248 595 3986 4253 4240
1 5 3991 3988 4255 4256 3986 107 4250 4253
1 5 4256 4255 4252 4254 4253 4250 637 4251
1 5 4248 4256 4254 4243 4240 4253 4251 642
1 5 646 4217 4228 4225 4243 4254 4266 4264
1 5 4217 645 4223 4228 4254 4252 4265 4266
1 5 4228 4223 640 4224 4266 4265 4260 4263
1 5 4225 4228 4224 643 4264 4266 4263 4261
1 5 4243 4254 4266 4264 642 4251 4262 4259
1 5 4254 4252 4265 4266 4251 637 4257 4262
1 5 4266 4265 4260 4263 4262 4257 112 4258
1 5 4264 4266 4263 4261 4259 4262 4258 638
1 5 644 4207 4236 4234 4244 4246 4273 4272
1 5 4207 646 4225 4236 4246 4243 4264 4273
1 5 4236 4225 643 4233 4273 4264 4261 4271
1 5 4234 4236 4233 641 4272 4273 4271 4269
1 5 4244 4246 4273 4272 639 4241 4270 4268
1 5 4246 4243 4264 4273 4241 642 4259 4270
1 5 4273 4264 4261 4271 4270 4259 638 4267
1 5 4272 4273 4271 4269 4268 4270 4267 111
1 5 82 3072 3311 3256 3947 4034 4280 4221
1 5 3072 472 3308 3311 4034 4026 4279 4280
1 5 3311 3308 513 3309 4280 4279 4276 4278
1 5 3256 3311 3309 500 4221 4280 4278 4218
1 5 3947 4034 4280 4221 599 4032 4277 4216
1 5 4034 4026 4279 4280 4032 614 4274 4277
1 5 4280 4279 4276 4278 4277 4274 653 4275
1 5 4221 4280 4278 4218 4216 4277 4275 645
1 5 472 3063 3318 3308 4026 4028 4287 4279
1 5 3063 83 3315 3318 4028 4025 4286 4287
1 5 3318 3315 510 3316 4287 4286 4283 4285
1 5 3308 3318 3316 513 4279 4287 4285 4276
1 5 4026 4028 4287 4279 614 4023 4284 4274
1 5 4028 4025 4286 4287 4023 611 4281 4284
1 5 4287 4286 4283 4285 4284 4281 652 4282
1 5 4279 4287 4285 4276 4274 4284 4282 653
1 5 513 3316 3327 3324 4276 4285 4297 4295
1 5 3316 510 3322 3327 4285 4283 4296 4297
1 5 3327 3322 88 3323 4297 4296 4291 4294
1 5 3324 3327 3323 511 4295 4297 4294 4292
1 5 4276 4285 4297 4295 653 4282 4293 4290
1 5 4285 4283 4296 4297 4282 652 4288 4293
1 5 4297 4296 4291 4294 4293 4288 649 4289
1 5 4295 4297 4294 4292 4290 4293 4289 651
1 5 500 3309 3333 3263 4218 4278 4301 4231
1 5 3309 513 3324 3333 4278 4276 4295 4301
1 5 3333 3324 511 3332 4301 4295 4292 4300
1 5 3263 3333 3332 87 4231 4301 4300 4226
1 5 4218 4278 4301 4231 645 4275 4299 4223
1 5 4278 4276 4295 4301 4275 653 4290 4299
1 5 4301 4295 4292 4300 4299 4290 651 4298
1 5 4231 4301 4300 4226 4223 4299 4298 640
1 5 599 4032 4277 4216 3988 4068 4308 4255
1 5 4032 614 4274 4277 4068 4060 4307 4308
1 5 4277 4274 653 4275 4308 4307 4304 4306
1 5 4216 4277 4275 645 4255 4308 4306 4252
1 5 3988 4068 4308 4255 107 4066 4305 4250
1 5 4068 4060 4307 4308 4066 609 4302 4305
1 5 4308 4307 4304 4306 4305 4302 650 4303
1 5 4255 4308 4306 4252 4250 4305 4303 637
1 5 614 4023 4284 4274 4060 4062 4315 4307
1 5 4023 611 4281 4284 4062 4059 4314 4315
1 5 4284 4281 652 4282 4315 4314 4311 4313
1 5 4274 4284 4282 653 4307 4315 4313 4304
1 5 4060 4062 4315 4307 609 4057 4312 4302
1 5 4062 4059 4314 4315 4057 108 4309 4312
1 5 4315 4314 4311 4313 4312 4309 647 4310
1 5 4307 4315 4313 4304 4302 4312 4310 650
1 5 653 4282 4293 4290 4304 4313 4325 4323
1 5 4282 652 4288 4293 4313 4311 4324 4325
1 5 4293 4288 649 4289 4325 4324 4319 4322
1 5 4290 4293 4289 651 4323 4325 4322 4320
1 5 4304 4313 4325 4323 650 4310 4321 4318
1 5 4313 4311 4324 4325 4310 647 4316 4321
1 5 4325 4324 4319 4322 4321 4316 113 4317
1 5 4323 4325 4322 4320 4318 4321 4317 648
1 5 645 4275 4299 4223 4252 4306 4329 4265
1 5 4275 653 4290 4299 4306 4304 4323 4329
1 5 4299 4290 651 4298 4329 4323 4320 4328
1 5 4223 4299 4298 640 4265 4329 4328 4260
1 5 4252 4306 4329 4265 637 4303 4327 4257
1 5 4306 4304 4323 4329 4303 650 4318 4327
1 5 4329 4323 4320 4328 4327 4318 648 4326
1 5 4265 4329 4328 4260 4257 4327 4326 112
1 5 83 3140 3367 3315 4025 4102 4336 4286
1 5 3140 482 3364 3367 4102 4094 4335 4336
1 5 3367 3364 520 3365 4336 4335 4332 4334
1 5 3315 3367 3365 510 4286 4336 4334 4283
1 5 4025 4102 4336 4286 611 4100 4333 4281
1 5 4102 4094 4335 4336 4100 624 4330 4333
1 5 4336 4335 4332 4334 4333 4330 660 4331
1 5 4286 4336 4334 4283 4281 4333 4331 652
1 5 482 3131 3374 3364 4094 4096 4343 4335
1 5 3131 84 3371 3374 4096 4093 4342 4343
1 5 3374 3371 517 3372 4343 4342 4339 4341
1 5 3364 3374 3372 520 4335 4343 4341 4332
1 5 4094 4096 4343 4335 624 4091 4340 4330
1 5 4096 4093 4342 4343 4091 621 4337 4340
1 5 4343 4342 4339 4341 4340 4337 659 4338
1 5 4335 4343 4341 4332 4330 4340 4338 660
1 5 520 3372 3383 3380 4332 4341 4353 4351
1 5 3372 517 3378 3383 4341 4339 4352 4353
1 5 3383 3378 89 3379 4353 4352 4347 4350
1 5 3380 3383 3379 518 4351 4353 4350 4348
1 5 4332 4341 4353 4351 660 4338 4349 4346
1 5 4341 4339 4352 4353 4338 659 4344 4349
1 5 4353 4352 4347 4350 4349 4344 656 4345
1 5 4351 4353 4350 4348 4346 4349 4345 658
1 5 510 3365 3389 3322 4283 4334 4357 4296
1 5 3365 520 3380 3389 4334 4332 4351 4357
1 5 3389 3380 518 3388 4357 4351 4348 4356
1 5 3322 3389 3388 88 4296 4357 4356 4291
1 5 4283 4334 4357 4296 652 4331 4355 4288
1 5 4334 4332 4351 4357 4331 660 4346 4355
1 5 4357 4351 4348 4356 4355 4346 658 4354
1 5 4296 4357 4356 4291 4288 4355 4354 649
1 5 611 4100 4333 4281 4059 4136 4364 4314
1 5 4100 624 4330 4333 4136 4128 4363 4364
1 5 4333 4330 660 4331 4364 4363 4360 4362
1 5 4281 4333 4331 652 4314 4364 4362 4311
1 5 4059 4136 4364 4314 108 4134 4361 4309
1 5 4136 4128 4363 4364 4134 619 4358 4361
1 5 4364 4363 4360 4362 4361 4358 657 4359
1 5 4314 4364 4362 4311 4309 4361 4359 647
1 5 624 4091 4340 4330 4128 4130 4371 4363
1 5 4091 621 4337 4340 4130 4127 4370 4371
1 5 4340 4337 659 4338 4371 4370 4367 4369
1 5 4330 4340 4338 660 4363 4371 4369 4360
1 5 4128 4130 4371 4363 619 4125 4368 4358
1 5 4130 4127 4370 4371 4125 109 4365 4368
1 5 4371 4370 4367 4369 4368 4365 654 4366
1 5 4363 4371 4369 4360 4358 4368 4366 657
1 5 660 4338 4349 4346 4360 4369 4381 4379
1 5 4338 659 4344 4349 4369 4367 4380 4381
1 5 4349 4344 656 4345 4381 4380 4375 4378
1 5 4346 4349 4345 658 4379 4381 4378 4376
1 5 4360 4369 4381 4379 657 4366 4377 4374
1 5 4369 4367 4380 4381 4366 654 4372 4377
1 5 4381 4380 4375 4378 4377 4372 114 4373
1 5 4379 4381 4378 4376 4374 4377 4373 655
1 5 652 4331 4355 4288 4311 4362 4385 4324
1 5 4331 660 4346 4355 4362 4360 4379 4385
1 5 4355 4346 658 4354 4385 4379 4376 4384
1 5 4288 4355 4354 649 4324 4385 4384 4319
1 5 4311 4362 4385 4324 647 4359 4383 4316
1 5 4362 4360 4379 4385 4359 657 4374 4383
1 5 4385 4379 4376 4384 4383 4374 655 4382
1 5 4324 4385 4384 4319 4316 4383 4382 113
1 5 84 3208 3423 3371 4093 4170 4392 4342
1 5 3208 492 3420 3423 4170 4162 4391 4392
1 5 3423 3420 527 3421 4392 4391 4388 4390
1 5 3371 3423 3421 517 4342 4392 4390 4339
1 5 4093 4170 4392 4342 621 4168 4389 4337
1 5 4170 4162 4391 4392 4168 634 4386 4389
1 5 4392 4391 4388 4390 4389 4386 667 4387
1 5 4342 4392 4390 4339 4337 4389 4387 659
1 5 492 3199 3430 3420 4162 4164 4399 4391
1 5 3199 85 3427 3430 4164 4161 4398 4399
1 5 3430 3427 524 3428 4399 4398 4395 4397
1 5 3420 3430 3428 527 4391 4399 4397 4388
1 5 4162 4164 4399 4391 634 4159 4396 4386
1 5 4164 4161 4398 4399 4159 631 4393 4396
1 5 4399 4398 4395 4397 4396 4393 666 4394
1 5 4391 4399 4397 4388 4386 4396 4394 667
1 5 527 3428 3439 3436 4388 4397 4409 4407
1 5 3428 524 3434 3439 4397 4395 4408 4409
1 5 3439 3434 90 3435 4409 4408 4403 4406
1 5 3436 3439 3435 525 4407 4409 4406 4404
1 5 4388 4397 4409 4407 667 4394 4405 4402
1 5 4397 4395 4408 4409 4394 666 4400 4405
1 5 4409 4408 4403 4406 4405 4400 663 4401
1 5 4407 4409 4406 4404 4402 4405 4401 665
1 5 517 3421 3445 3378 4339 4390 4413 4352
1 5 3421 527 3436 3445 4390 4388 4407 4413
1 5 3445 3436 525 3444 4413 4407 4404 4412
1 5 3378 3445 3444 89 4352 4413 4412 4347
1 5 4339 4390 4413 4352 659 4387 4411 4344
1 5 4390 4388 4407 4413 4387 667 4402 4411
1 5 4413 4407 4404 4412 4411 4402 665 4410
1 5 4352 4413 4412 4347 4344 4411 4410 656
1 5 621 4168 4389 4337 4127 4204 4420 4370
1 5 4168 634 4386 4389 4204 4196 4419 4420
1 5 4389 4386 667 4387 4420 4419 4416 4418
1 5 4337 4389 4387 659 4370 4420 4418 4367
1 5 4127 4204 4420 4370 109 4202 4417 4365
1 5 4204 4196 4419 4420 4202 629 4414 4417
1 5 4420 4419 4416 4418 4417 4414 664 4415
1 5 4370 4420 4418 4367 4365 4417 4415 654
1 5 634 4159 4396 4386 4196 4198 4427 4419
1 5 4159 631 4393 4396 4198 4195 4426 4427
1 5 4396 4393 666 4394 4427 4426 4423 4425
1 5 4386 4396 4394 667 4419 4427 4425 4416
1 5 4196 4198 4427 4419 629 4193 4424 4414
1 5 4198 4195 4426 4427 4193 110 4421 4424
1 5 4427 4426 4423 4425 4424 4421 661 4422
1 5 4419 4427 4425 4416 4414 4424 4422 664
1 5 667 4394 4405 4402 4416 4425 4437 4435
1 5 4394 666 4400 4405 4425 4423 4436 4437
1 5 4405 4400 663 4401 4437 4436 4431 4434
1 5 4402 4405 4401 665 4435 4437 4434 4432
1 5 4416 4425 4437 4435 664 4422 4433 4430
1 5 4425 4423 4436 4437 4422 661 4428 4433
1 5 4437 4436 4431 4434 4433 4428 115 4429
1 5 4435 4437 4434 4432 4430 4433 4429 662
1 5 659 4387 4411 4344 4367 4418 4441 4380
1 5 4387 667 4402 4411 4418 4416 4435 4441
1 5 4411 4402 665 4410 4441 4435 4432 4440
1 5 4344 4411 4410 656 4380 4441 4440 4375
1 5 4367 4418 4441 4380 654 4415 4439 4372
1 5 4418 4416 4435 4441 4415 664 4430 4439
1 5 4441 4435 4432 4440 4439 4430 662 4438
1 5 4380 4441 4440 4375 4372 4439 4438 114
1 5 86 3273 3487 3484 4235 4237 4451 4449
1 5 3273 501 3482 3487 4237 4227 4450 4451
1 5 3487 3482 536 3483 4451 4450 4445 4448
1 5 3484 3487 3483 533 4449 4451 4448 4446
1 5 4235 4237 4451 4449 641 4233 4447 4444
1 5 4237 4227 4450 4451 4233 643 4442 4447
1 5 4451 4450 4445 4448 4447 4442 677 4443
1 5 4449 4451 4448 4446 4444 4447 4443 675
1 5 501 3264 3495 3482 4227 4229 4458 4450
1 5 3264 87 3492 3495 4229 4226 4457 4458
1 5 3495 3492 531 3493 4458 4457 4454 4456
1 5 3482 3495 3493 536 4450 4458 4456 4445
1 5 4227 4229 4458 4450 643 4224 4455 4442
1 5 4229 4226 4457 4458 4224 640 4452 4455
1 5 4458 4457 4454 4456 4455 4452 676 4453
1 5 4450 4458 4456 4445 4442 4455 4453 677
1 5 536 3493 3504 3501 4445 4456 4468 4466
1 5 3493 531 3499 3504 4456 4454 4467 4468
1 5 3504 3499 92 3500 4468 4467 4462 4465
1 5 3501 3504 3500 532 4466 4468 4465 4463
1 5 4445 4456 4468 4466 677 4453 4464 4461
1 5 4456 4454 4467 4468 4453 676 4459 4464
1 5 4468 4467 4462 4465 4464 4459 671 4460
1 5 4466 4468 4465 4463 4461 4464 4460 674
1 5 533 3483 3512 3510 4446 4448 4475 4474
1 5 3483 536 3501 3512 4448 4445 4466 4475
1 5 3512 3501 532 3509 4475 4466 4463 4473
1 5 3510 3512 3509 91 4474 4475 4473 4471
1 5 4446 4448 4475 4474 675 4443 4472 4470
1 5 4448 4445 4466 4475 4443 677 4461 4472
1 5 4475 4466 4463 4473 4472 4461 674 4469
1 5 4474 4475 4473 4471 4470 4472 4469 672
1 5 641 4233 4447 4444 4269 4271 4485 4483
1 5 4233 643 4442 4447 4271 4261 4484 4485
1 5 4447 4442 677 4443 4485 4484 4479 4482
1 5 4444 4447 4443 675 4483 4485 4482 4480
1 5 4269 4271 4485 4483 111 4267 4481 4478
1 5 4271 4261 4484 4485 4267 638 4476 4481
1 5 4485 4484 4479 4482 4481 4476 673 4477
1 5 4483 4485 4482 4480 4478 4481 4477 670
1 5 643 4224 4455 4442 4261 4263 4492 4484
1 5 4224 640 4452 4455 4263 4260 4491 4492
1 5 4455 4452 676 4453 4492 4491 4488 4490
1 5 4442 4455 4453 677 4484 4492 4490 4479
1 5 4261 4263 4492 4484 638 4258 4489 4476
1 5 4263 4260 4491 4492 4258 112 4486 4489
1 5 4492 4491 4488 4490 4489 4486 668 4487
1 5 4484 4492 4490 4479 4476 4489 4487 673
1 5 677 4453 4464 4461 4479 4490 4502 4500
1 5 4453 676 4459 4464 4490 4488 4501 4502
1 5 4464 4459 671 4460 4502 4501 4496 4499
1 5 4461 4464 4460 674 4500 4502 4499 4497
1 5 4479 4490 4502 4500 673 4487 4498 4495
1 5 4490 4488 4501 4502 4487 668 4493 4498
1 5 4502 4501 4496 4499 4498 4493 117 4494
1 5 4500 4502 4499 4497 4495 4498 4494 669
1 5 675 4443 4472 4470 4480 4482 4509 4508
1 5 4443 677 4461 4472 4482 4479 4500 4509
1 5 4472 4461 674 4469 4509 4500 4497 4507
1 5 4470 4472 4469 672 4508 4509 4507 4505
1 5 4480 4482 4509 4508 670 4477 4506 4504
1 5 4482 4479 4500 4509 4477 673 4495 4506
1 5 4509 4500 4497 4507 4506 4495 669 4503
1 5 4508 4509 4507 4505 4504 4506 4503 116
1 5 87 3332 3547 3492 4226 4300 4516 4457
1 5 3332 511 3544 3547 4300 4292 4515 4516
1 5 3547 3544 544 3545 4516 4515 4512 4514
1 5 3492 3547 3545 531 4457 4516 4514 4454
1 5 4226 4300 4516 4457 640 4298 4513 4452
1 5 4300 4292 4515 4516 4298 651 4510 4513
1 5 4516 4515 4512 4514 4513 4510 684 4511
1 5 4457 4516 4514 4454 4452 4513 4511 676
1 5 511 3323 3554 3544 4292 4294 4523 4515
1 5 3323 88 3551 3554 4294 4291 4522 4523
1 5 3554 3551 541 3552 4523 4522 4519 4521
1 5 3544 3554 3552 544 4515 4523 4521 4512
1 5 4292 4294 4523 4515 651 4289 4520 4510
1 5 4294 4291 4522 4523 4289 649 4517 4520
1 5 4523 4522 4519 4521 4520 4517 683 4518
1 5 4515 4523 4521 4512 4510 4520 4518 684
1 5 544 3552 3563 3560 4512 4521 4533 4531
1 5 3552 541 3558 3563 4521 4519 4532 4533
1 5 3563 3558 93 3559 4533 4532 4527 4530
1 5 3560 3563 3559 542 4531 4533 4530 4528
1 5 4512 4521 4533 4531 684 4518 4529 4526
1 5 4521 4519 4532 4533 4518 683 4524 4529
1 5 4533 4532 4527 4530 4529 4524 680 4525
1 5 4531 4533 4530 4528 4526 4529 4525 682
1 5 531 3545 3569 3499 4454 4514 4537 4467
1 5 3545 544 3560 3569 4514 4512 4531 4537
1 5 3569 3560 542 3568 4537 4531 4528 4536
1 5 3499 3569 3568 92 4467 4537 4536 4462
1 5 4454 4514 4537 4467 676 4511 4535 4459
1 5 4514 4512 4531 4537 4511 684 4526 4535
1 5 4537 4531 4528 4536 4535 4526 682 4534
1 5 4467 4537 4536 4462 4459 4535 4534 671
1 5 640 4298 4513 4452 4260 4328 4544 4491
1 5 4298 651 4510 4513 4328 4320 4543 4544
1 5 4513 4510 684 4511 4544 4543 4540 4542
1 5 4452 4513 4511 676 4491 4544 4542 4488
1 5 4260 4328 4544 4491 112 4326 4541 4486
1 5 4328 4320 4543 4544 4326 648 4538 4541
1 5 4544 4543 4540 4542 4541 4538 681 4539
1 5 4491 4544 4542 4488 4486 4541 4539 668
1 5 651 4289 4520 4510 4320 4322 4551 4543
1 5 4289 649 4517 4520 4322 4319 4550 4551
1 5 4520 4517 683 4518 4551 4550 4547 4549
1 5 4510 4520 4518 684 4543 4551 4549 4540
1 5 4320 4322 4551 4543 648 4317 4548 4538
1 5 4322 4319 4550 4551 4317 113 4545 4548
1 5 4551 4550 4547 4549 4548 4545 678 4546
1 5 4543 4551 4549 4540 4538 4548 4546 681
1 5 684 4518 4529 4526 4540 4549 4561 4559
1 5 4518 683 4524 4529 4549 4547 4560 4561
1 5 4529 4524 680 4525 4561 4560 4555 4558
1 5 4526 4529 4525 682 4559 4561 4558 4556
1 5 4540 4549 4561 4559 681 4546 4557 4554
1 5 4549 4547 4560 4561 4546 678 4552 4557
1 5 4561 4560 4555 4558 4557 4552 118 4553
1 5 4559 4561 4558 4556 4554 4557 4553 679
1 5 676 4511 4535 4459 4488 4542 4565 4501
1 5 4511 684 4526 4535 4542 4540 4559 4565
1 5 4535 4526 682 4534 4565 4559 4556 4564
1 5 4459 4535 4534 671 4501 4565 4564 4496
1 5 4488 4542 4565 4501 668 4539 4563 4493
1 5 4542 4540 4559 4565 4539 681 4554 4563
1 5 4565 4559 4556 4564 4563 4554 679 4562
1 5 4501 4565 4564 4496 4493 4563 4562 117
1 5 88 3388 3603 3551 4291 4356 4572 4522
1 5 3388 518 3600 3603 4356 4348 4571 4572
1 5 3603 3600 551 3601 4572 4571 4568 4570
1 5 3551 3603 3601 541 4522 4572 4570 4519
1 5 4291 4356 4572 4522 649 4354 4569 4517
1 5 4356 4348 4571 4572 4354 658 4566 4569
1 5 4572 4571 4568 4570 4569 4566 691 4567
1 5 4522 4572 4570 4519 4517 4569 4567 683
1 5 518 3379 3610 3600 4348 4350 4579 4571
1 5 3379 89 3607 3610 4350 4347 4578 4579
1 5 3610 3607 548 3608 4579 4578 4575 4577
1 5 3600 3610 3608 551 4571 4579 4577 4568
1 5 4348 4350 4579 4571 658 4345 4576 4566
1 5 4350 4347 4578 4579 4345 656 4573 4576
1 5 4579 4578 4575 4577 4576 4573 690 4574
1 5 4571 4579 4577 4568 4566 4576 4574 691
1 5 551 3608 3619 3616 4568 4577 4589 4587
1 5 3608 548 3614 3619 4577 4575 4588 4589
1 5 3619 3614 94 3615 4589 4588 4583 4586
1 5 3616 3619 3615 549 4587 4589 4586 4584
1 5 4568 4577 4589 4587 691 4574 4585 4582
1 5 4577 4575 4588 4589 4574 690 4580 4585
1 5 4589 4588 4583 4586 4585 4580 687 4581
1 5 4587 4589 4586 4584 4582 4585 4581 689
1 5 541 3601 3625 3558 4519 4570 4593 4532
1 5 3601 551 3616 3625 4570 4568 4587 4593
1 5 3625 3616 549 3624 4593 4587 4584 4592
1 5 3558 3625 3624 93 4532 4593 4592 4527
1 5 4519 4570 4593 4532 683 4567 4591 4524
1 5 4570 4568 4587 4593 4567 691 4582 4591
1 5 4593 4587 4584 4592 4591 4582 689 4590
1 5 4532 4593 4592 4527 4524 4591 4590 680
1 5 649 4354 4569 4517 4319 4384 4600 4550
1 5 4354 658 4566 4569 4384 4376 4599 4600
1 5 4569 4566 691 4567 4600 4599 4596 4598
1 5 4517 4569 4567 683 4550 4600 4598 4547
1 5 4319 4384 4600 4550 113 4382 4597 4545
1 5 4384 4376 4599 4600 4382 655 4594 4597
1 5 4600 4599 4596 4598 4597 4594 688 4595
1 5 4550 4600 4598 4547 4545 4597 4595 678
1 5 658 4345 4576 4566 4376 4378 4607 4599
1 5 4345 656 4573 4576 4378 4375 4606 4607
1 5 4576 4573 690 4574 4607 4606 4603 4605
1 5 4566 4576 4574 691 4599 4607 4605 4596
1 5 4376 4378 4607 4599 655 4373 4604 4594
1 5 4378 4375 4606 4607 4373 114 4601 4604
1 5 4607 4606 4603 4605 4604 4601 685 4602
1 5 4599 4607 4605 4596 4594 4604 4602 688
1 5 691 4574 4585 4582 4596 4605 4617 4615
1 5 4574 690 4580 4585 4605 4603 4616 4617
1 5 4585 4580 687 4581 4617 4616 4611 4614
1 5 4582 4585 4581 689 4615 4617 4614 4612
1 5 4596 4605 4617 4615 688 4602 4613 4610
1 5 4605 4603 4616 4617 4602 685 4608 4613
1 5 4617 4616 4611 4614 4613 4608 119 4609
1 5 4615 4617 4614 4612 4610 4613 4609 686
1 5 683 4567 4591 4524 4547 4598 4621 4560
1 5 4567 691 4582 4591 4598 4596 4615 4621
1 5 4591 4582 689 4590 4621 4615 4612 4620
1 5 4524 4591 4590 680 4560 4621 4620 4555
1 5 4547 4598 4621 4560 678 4595 4619 4552
1 5 4598 4596 4615 4621 4595 688 4610 4619
1 5 4621 4615 4612 4620 4619 4610 686 4618
1 5 4560 4621 4620 4555 4552 4619 4618 118
1 5 89 3444 3659 3607 4347 4412 4628 4578
1 5 3444 525 3656 3659 4412 4404 4627 4628
1 5 3659 3656 558 3657 4628 4627 4624 4626
1 5 3607 3659 3657 548 4578 4628 4626 4575
1 5 4347 4412 4628 4578 656 4410 4625 4573
1 5 4412 4404 4627 4628 4410 665 4622 4625
1 5 4628 4627 4624 4626 4625 4622 698 4623
1 5 4578 4628 4626 4575 4573 4625 4623 690
1 5 525 3435 3666 3656 4404 4406 4635 4627
1 5 3435 90 3663 3666 4406 4403 4634 4635
1 5 3666 3663 555 3664 4635 4634 4631 4633
1 5 3656 3666 3664 558 4627 4635 4633 4624
1 5 4404 4406 4635 4627 665 4401 4632 4622
1 5 4406 4403 4634 4635 4401 663 4629 4632
1 5 4635 4634 4631 4633 4632 4629 697 4630
1 5 4627 4635 4633 4624 4622 4632 4630 698
1 5 558 3664 3675 3672 4624 4633 4645 4643
1 5 3664 555 3670 3675 4633 4631 4644 4645
1 5 3675 3670 95 3671 4645 4644 4639 4642
1 5 3672 3675 3671 556 4643 4645 4642 4640
1 5 4624 4633 4645 4643 698 4630 4641 4638
1 5 4633 4631 4644 4645 4630 697 4636 4641
1 5 4645 4644 4639 4642 4641 4636 694 4637
1 5 4643 4645 4642 4640 4638 4641 4637 696
1 5 548 3657 3681 3614 4575 4626 4649 4588
1 5 3657 558 3672 3681 4626 4624 4643 4649
1 5 3681 3672 556 3680 4649 4643 4640 4648
1 5 3614 3681 3680 94 4588 4649 4648 4583
1 5 4575 4626 4649 4588 690 4623 4647 4580
1 5 4626 4624 4643 4649 4623 698 4638 4647
1 5 4649 4643 4640 4648 4647 4638 696 4646
1 5 4588 4649 4648 4583 4580 4647 4646 687
1 5 656 4410 4625 4573 4375 4440 4656 4606
1 5 4410 665 4622 4625 4440 4432 4655 4656
1 5 4625 4622 698 4623 4656 4655 4652 4654
1 5 4573 4625 4623 690 4606 4656 4654 4603
1 5 4375 4440 4656 4606 114 4438 4653 4601
1 5 4440 4432 4655 4656 4438 662 4650 4653
1 5 4656 4655 4652 4654 4653 4650 695 4651
1 5 4606 4656 4654 4603 4601 4653 4651 685
1 5 665 4401 4632 4622 4432 4434 4663 4655
1 5 4401 663 4629 4632 4434 4431 4662 4663
1 5 4632 4629 697 4630 4663 4662 4659 4661
1 5 4622 4632 4630 698 4655 4663 4661 4652
1 5 4432 4434 4663 4655 662 4429 4660 4650
1 5 4434 4431 4662 4663 4429 115 4657 4660
1 5 4663 4662 4659 4661 4660 4657 692 4658
1 5 4655 4663 4661 4652 4650 4660 4658 695
1 5 698 4630 4641 4638 4652 4661 4673 4671
1 5 4630 697 4636 4641 4661 4659 4672 4673
1 5 4641 4636 694 4637 4673 4672 4667 4670
1 5 4638 4641 4637 696 4671 4673 4670 4668
1 5 4652 4661 4673 4671 695 4658 4669 4666
1 5 4661 4659 4672 4673 4658 692 4664 4669
1 5 4673 4672 4667 4670 4669 4664 120 4665
1 5 4671 4673 4670 4668 4666 4669 4665 693
1 5 690 4623 4647 4580 4603 4654 4677 4616
1 5 4623 698 4638 4647 4654 4652 4671 4677
1 5 4647 4638 696 4646 4677 4671 4668 4676
1 5 4580 4647 4646 687 4616 4677 4676 4611
1 5 4603 4654 4677 4616 685 4651 4675 4608
1 5 4654 4652 4671 4677 4651 695 4666 4675
1 5 4677 4671 4668 4676 4675 4666 693 4674
1 5 4616 4677 4676 4611 4608 4675 4674 119
1 5 91 3509 3723 3720 4471 4473 4687 4685
1 5 3509 532 3718 3723 4473 4463 4686 4687
1 5 3723 3718 567 3719 4687 4686 4681 4684
1 5 3720 3723 3719 564 4685 4687 4684 4682
1 5 4471 4473 4687 4685 672 4469 4683 4680
1 5 4473 4463 4686 4687 4469 674 4678 4683
1 5 4687 4686 4681 4684 4683 4678 708 4679
1 5 4685 4687 4684 4682 4680 4683 4679 706
1 5 532 3500 3731 3718 4463 4465 4694 4686
1 5 3500 92 3728 3731 4465 4462 4693 4694
1 5 3731 3728 562 3729 4694 4693 4690 4692
1 5 3718 3731 3729 567 4686 4694 4692 4681
1 5 4463 4465 4694 4686 674 4460 4691 4678
1 5 4465 4462 4693 4694 4460 671 4688 4691
1 5 4694 4693 4690 4692 4691 4688 707 4689
1 5 4686 4694 4692 4681 4678 4691 4689 708
1 5 567 3729 3740 3737 4681 4692 4704 4702
1 5 3729 562 3735 3740 4692 4690 4703 4704
1 5 3740 3735 97 3736 4704 4703 4698 4701
1 5 3737 3740 3736 563 4702 4704 4701 4699
1 5 4681 4692 4704 4702 708 4689 4700 4697
1 5 4692 4690 4703 4704 4689 707 4695 4700
1 5 4704 4703 4698 4701 4700 4695 702 4696
1 5 4702 4704 4701 4699 4697 4700 4696 705
1 5 564 3719 3748 3746 4682 4684 4711 4710
1 5 3719 567 3737 3748 4684 4681 4702 4711
1 5 3748 3737 563 3745 4711 4702 4699 4709
1 5 3746 3748 3745 96 4710 4711 4709 4707
1 5 4682 4684 4711 4710 706 4679 4708 4706
1 5 4684 4681 4702 4711 4679 708 4697 4708
1 5 4711 4702 4699 4709 4708 4697 705 4705
1 5 4710 4711 4709 4707 4706 4708 4705 703
1 5 672 4469 4683 4680 4505 4507 4721 4719
1 5 4469 674 4678 4683 4507 4497 4720 4721
1 5 4683 4678 708 4679 4721 4720 4715 4718
1 5 4680 4683 4679 706 4719 4721 4718 4716
1 5 4505 4507 4721 4719 116 4503 4717 4714
1 5 4507 4497 4720 4721 4503 669 4712 4717
1 5 4721 4720 4715 4718 4717 4712 704 4713
1 5 4719 4721 4718 4716 4714 4717 4713 701
1 5 674 4460 4691 4678 4497 4499 4728 4720
1 5 4460 671 4688 4691 4499 4496 4727 4728
1 5 4691 4688 707 4689 4728 4727 4724 4726
1 5 4678 4691 4689 708 4720 4728 4726 4715
1 5 4497 4499 4728 4720 669 4494 4725 4712
1 5 4499 4496 4727 4728 4494 117 4722 4725
1 5 4728 4727 4724 4726 4725 4722 699 4723
1 5 4720 4728 4726 4715 4712 4725 4723 704
1 5 708 4689 4700 4697 4715 4726 4738 4736
1 5 4689 707 4695 4700 4726 4724 4737 4738
1 5 4700 4695 702 4696 4738 4737 4732 4735
1 5 4697 4700 4696 705 4736 4738 4735 4733
1 5 4715 4726 4738 4736 704 4723 4734 4731
1 5 4726 4724 4737 4738 4723 699 4729 4734
1 5 4738 4737 4732 4735 4734 4729 122 4730
1 5 4736 4738 4735 4733 4731 4734 4730 700
1 5 706 4679 4708 4706 4716 4718 4745 4744
1 5 4679 708 4697 4708 4718 4715 4736 4745
1 5 4708 4697 705 4705 4745 4736 4733 4743
1 5 4706 4708 4705 703 4744 4745 4743 4741
1 5 4716 4718 4745 4744 701 4713 4742 4740
1 5 4718 4715 4736 4745 4713 704 4731 4742
1 5 4745 4736 4733 4743 4742 4731 700 4739
1 5 4744 4745 4743 4741 4740 4742 4739 121
1 5 92 3568 3783 3728 4462 4536 4752 4693
1 5 3568 542 3780 3783 4536 4528 4751 4752
1 5 3783 3780 575 3781 4752 4751 4748 4750
1 5 3728 3783 3781 562 4693 4752 4750 4690
1 5 4462 4536 4752 4693 671 4534 4749 4688
1 5 4536 4528 4751 4752 4534 682 4746 4749
1 5 4752 4751 4748 4750 4749 4746 715 4747
1 5 4693 4752 4750 4690 4688 4749 4747 707
1 5 542 3559 3790 3780 4528 4530 4759 4751
1 5 3559 93 3787 3790 4530 4527 4758 4759
1 5 3790 3787 572 3788 4759 4758 4755 4757
1 5 3780 3790 3788 575 4751 4759 4757 4748
1 5 4528 4530 4759 4751 682 4525 4756 4746
1 5 4530 4527 4758 4759 4525 680 4753 4756
1 5 4759 4758 4755 4757 4756 4753 714 4754
1 5 4751 4759 4757 4748 4746 4756 4754 715
1 5 575 3788 3799 3796 4748 4757 4769 4767
1 5 3788 572 3794 3799 4757 4755 4768 4769
1 5 3799 3794 98 3795 4769 4768 4763 4766
1 5 3796 3799 3795 573 4767 4769 4766 4764
1 5 4748 4757 4769 4767 715 4754 4765 4762
1 5 4757 4755 4768 4769 4754 714 4760 4765
1 5 4769 4768 4763 4766 4765 4760 711 4761
1 5 4767 4769 4766 4764 4762 4765 4761 713
1 5 562 3781 3805 3735 4690 4750 4773 4703
1 5 3781 575 3796 3805 4750 4748 4767 4773
1 5 3805 3796 573 3804 4773 4767 4764 4772
1 5 3735 3805 3804 97 4703 4773 4772 4698
1 5 4690 4750 4773 4703 707 4747 4771 4695
1 5 4750 4748 4767 4773 4747 715 4762 4771
1 5 4773 4767 4764 4772 4771 4762 713 4770
1 5 4703 4773 4772 4698 4695 4771 4770 702
1 5 671 4534 4749 4688 4496 4564 4780 4727
1 5 4534 682 4746 4749 4564 4556 4779 4780
1 5 4749 4746 715 4747 4780 4779 4776 4778
1 5 4688 4749 4747 707 4727 4780 4778 4724
1 5 4496 4564 4780 4727 117 4562 4777 4722
1 5 4564 4556 4779 4780 4562 679 4774 4777
1 5 4780 4779 4776 4778 4777 4774 712 4775
1 5 4727 4780 4778 4724 4722 4777 4775 699
1 5 682 4525 4756 4746 4556 4558 4787 4779
1 5 4525 680 4753 4756 4558 4555 4786 4787
1 5 4756 4753 714 4754 4787 4786 4783 4785
1 5 4746 4756 4754 715 4779 4787 4785 4776
1 5 4556 4558 4787 4779 679 4553 4784 4774
1 5 4558 4555 4786 4787 4553 118 4781 4784
1 5 4787 4786 4783 4785 4784 4781 709 4782
1 5 4779 4787 4785 4776 4774 4784 4782 712
1 5 715 4754 4765 4762 4776 4785 4797 4795
1 5 4754 714 4760 4765 4785 4783 4796 4797
1 5 4765 4760 711 4761 4797 4796 4791 4794
1 5 4762 4765 4761 713 4795 4797 4794 4792
1 5 4776 4785 4797 4795 712 4782 4793 4790
1 5 4785 4783 4796 4797 4782 709 4788 4793
1 5 4797 4796 4791 4794 4793 4788 123 4789
1 5 4795 4797 4794 4792 4790 4793 4789 710
1 5 707 4747 4771 4695 4724 4778 4801 4737
1 5 4747 715 4762 4771 4778 4776 4795 4801
1 5 4771 4762 713 4770 4801 4795 4792 4800
1 5 4695 4771 4770 702 4737 4801 4800 4732
1 5 4724 4778 4801 4737 699 4775 4799 4729
1 5 4778 4776 4795 4801 4775 712 4790 4799
1 5 4801 4795 4792 4800 4799 4790 710 4798
1 5 4737 4801 4800 4732 4729 4799 4798 122
1 5 93 3624 3839 3787 4527 4592 4808 4758
1 5 3624 549 3836 3839 4592 4584 4807 4808
1 5 3839 3836 582 3837 4808 4807 4804 4806
1 5 3787 3839 3837 572 4758 4808 4806 4755
1 5 4527 4592 4808 4758 680 4590 4805 4753
1 5 4592 4584 4807 4808 4590 689 4802 4805
1 5 4808 4807 4804 4806 4805 4802 722 4803
1 5 4758 4808 4806 4755 4753 4805 4803 714
1 5 549 3615 3846 3836 4584 4586 4815 4807
1 5 3615 94 3843 3846 4586 4583 4814 4815
1 5 3846 3843 579 3844 4815 4814 4811 4813
1 5 3836 3846 3844 582 4807 4815 4813 4804
1 5 4584 4586 4815 4807 689 4581 4812 4802
1 5 4586 4583 4814 4815 4581 687 4809 4812
1 5 4815 4814 4811 4813 4812 4809 721 4810
1 5 4807 4815 4813 4804 4802 4812 4810 722
1 5 582 3844 3855 3852 4804 4813 4825 4823
1 5 3844 579 3850 3855 4813 4811 4824 4825
1 5 3855 3850 99 3851 4825 4824 4819 4822
1 5 3852 3855 3851 580 4823 4825 4822 4820
1 5 4804 4813 4825 4823 722 4810 4821 4818
1 5 4813 4811 4824 4825 4810 721 4816 4821
1 5 4825 4824 4819 4822 4821 4816 718 4817
1 5 4823 4825 4822 4820 4818 4821 4817 720
1 5 572 3837 3861 3794 4755 4806 4829 4768
1 5 3837 582 3852 3861 4806 4804 4823 4829
1 5 3861 3852 580 3860 4829 4823 4820 4828
1 5 3794 3861 3860 98 4768 4829 4828 4763
1 5 4755 4806 4829 4768 714 4803 4827 4760
1 5 4806 4804 4823 4829 4803 722 4818 4827
1 5 4829 4823 4820 4828 4827 4818 720 4826
1 5 4768 4829 4828 4763 4760 4827 4826 711
1 5 680 4590 4805 4753 4555 4620 4836 4786
1 5 4590 689 4802 4805 4620 4612 4835 4836
1 5 4805 4802 722 4803 4836 4835 4832 4834
1 5 4753 4805 4803 714 4786 4836 4834 4783
1 5 4555 4620 4836 4786 118 4618 4833 4781
1 5 4620 4612 4835 4836 4618 686 4830 4833
1 5 4836 4835 4832 4834 4833 4830 719 4831
1 5 4786 4836 4834 4783 4781 4833 4831 709
1 5 689 4581 4812 4802 4612 4614 4843 4835
1 5 4581 687 4809 4812 4614 4611 4842 4843
1 5 4812 4809 721 4810 4843 4842 4839 4841
1 5 4802 4812 4810 722 4835 4843 4841 4832
1 5 4612 4614 4843 4835 686 4609 4840 4830
1 5 4614 4611 4842 4843 4609 119 4837 4840
1 5 4843 4842 4839 4841 4840 4837 716 4838
1 5 4835 4843 4841 4832 4830 4840 4838 719
1 5 722 4810 4821 4818 4832 4841 4853 4851
1 5 4810 721 4816 4821 4841 4839 4852 4853
1 5 4821 4816 718 4817 4853 4852 4847 4850
1 5 4818 4821 4817 720 4851 4853 4850 4848
1 5 4832 4841 4853 4851 719 4838 4849 4846
1 5 4841 4839 4852 4853 4838 716 4844 4849
1 5 4853 4852 4847 4850 4849 4844 124 4845
1 5 4851 4853 4850 4848 4846 4849 4845 717
1 5 714 4803 4827 4760 4783 4834 4857 4796
1 5 4803 722 4818 4827 4834 4832 4851 4857
1 5 4827 4818 720 4826 4857 4851 4848 4856
1 5 4760 4827 4826 711 4796 4857 4856 4791
1 5 4783 4834 4857 4796 709 4831 4855 4788
1 5 4834 4832 4851 4857 4831 719 4846 4855
1 5 4857 4851 4848 4856 4855 4846 717 4854
1 5 4796 4857 4856 4791 4788 4855 4854 123
1 5 94 3680 3895 3843 4583 4648 4864 4814
1 5 3680 556 3892 3895 4648 4640 4863 4864
1 5 3895 3892 589 3893 4864 4863 4860 4862
1 5 3843 3895 3893 579 4814 4864 4862 4811
1 5 4583 4648 4864 4814 687 4646 4861 4809
1 5 4648 4640 4863 4864 4646 696 4858 4861
1 5 4864 4863 4860 4862 4861 4858 729 4859
1 5 4814 4864 4862 4811 4809 4861 4859 721
1 5 556 3671 3902 3892 4640 4642 4871 4863
1 5 3671 95 3899 3902 4642 4639 4870 4871
1 5 3902 3899 586 3900 4871 4870 4867 4869
1 5 3892 3902 3900 589 4863 4871 4869 4860
1 5 4640 4642 4871 4863 696 4637 4868 4858
1 5 4642 4639 4870 4871 4637 694 4865 4868
1 5 4871 4870 4867 4869 4868 4865 728 4866
1 5 4863 4871 4869 4860 4858 4868 4866 729
1 5 589 3900 3911 3908 4860 4869 4881 4879
1 5 3900 586 3906 3911 4869 4867 4880 4881
1 5 3911 3906 100 3907 4881 4880 4875 4878
1 5 3908 3911 3907 587 4879 4881 4878 4876
1 5 4860 4869 4881 4879 729 4866 4877 4874
1 5 4869 4867 4880 4881 4866 728 4872 4877
1 5 4881 4880 4875 4878 4877 4872 725 4873
1 5 4879 4881 4878 4876 4874 4877 4873 727
1 5 579 3893 3917 3850 4811 4862 4885 4824
1 5 3893 589 3908 3917 4862 4860 4879 4885
1 5 3917 3908 587 3916 4885 4879 4876 4884
1 5 3850 3917 3916 99 4824 4885 4884 4819
1 5 4811 4862 4885 4824 721 4859 4883 4816
1 5 4862 4860 4879 4885 4859 729 4874 4883
1 5 4885 4879 4876 4884 4883 4874 727 4882
1 5 4824 4885 4884 4819 4816 4883 4882 718
1 5 687 4646 4861 4809 4611 4676 4892 4842
1 5 4646 696 4858 4861 4676 4668 4891 4892
1 5 4861 4858 729 4859 4892 4891 4888 4890
1 5 4809 4861 4859 721 4842 4892 4890 4839
1 5 4611 4676 4892 4842 119 4674 4889 4837
1 5 4676 4668 4891 4892 4674 693 4886 4889
1 5 4892 4891 4888 4890 4889 4886 726 4887
1 5 4842 4892 4890 4839 4837 4889 4887 716
1 5 696 4637 4868 4858 4668 4670 4899 4891
1 5 4637 694 4865 4868 4670 4667 4898 4899
1 5 4868 4865 728 4866 4899 4898 4895 4897
1 5 4858 4868 4866 729 4891 4899 4897 4888
1 5 4668 4670 4899 4891 693 4665 4896 4886
1 5 4670 4667 4898 4899 4665 120 4893 4896
1 5 4899 4898 4895 4897 4896 4893 723 4894
1 5 4891 4899 4897 4888 4886 4896 4894 726
1 5 729 4866 4877 4874 4888 4897 4909 4907
1 5 4866 728 4872 4877 4897 4895 4908 4909
1 5 4877 4872 725 4873 4909 4908 4903 4906
1 5 4874 4877 4873 727 4907 4909 4906 4904
1 5 4888 4897 4909 4907 726 4894 4905 4902
1 5 4897 4895 4908 4909 4894 723 4900 4905
1 5 4909 4908 4903 4906 4905 4900 125 4901
1 5 4907 4909 4906 4904 4902 4905 4901 724
1 5 721 4859 4883 4816 4839 4890 4913 4852
1 5 4859 729 4874 4883 4890 4888 4907 4913
1 5 4883 4874 727 4882 4913 4907 4904 4912
1 5 4816 4883 4882 718 4852 4913 4912 4847
1 5 4839 4890 4913 4852 716 4887 4911 4844
1 5 4890 4888 4907 4913 4887 726 4902 4911
1 5 4913 4907 4904 4912 4911 4902 724 4910
1 5 4852 4913 4912 4847 4844 4911 4910 124

boundary
1536
2 3 104 4115 4172 4177
3 3 354 2195 3158 3162
3 3 496 3147 3154 3160
4 3 583 3823 3826 3828
1 3 269 1604 1876 1882
2 3 617 4104 4105 4109
1 3 1 730 738 744
6 3 392 2405 2435 2438
4 3 566 3712 3713 3716
4 3 96 3746 3747 3750
2 3 647 4316 4359 4383
2 3 664 4414 4422 4424
3 3 461 2943 3008 3014
5 3 367 2246 2247 2250
6 3 494 3164 3201 3206
3 3 361 2170 2198 2212
3 3 80 3188 3191 3194
1 3 290 1750 1762 1764
5 3 86 3274 3275 3278
2 3 697 4636 4659 4672
4 3 97 3736 4698 4701
1 3 167 911 912 918
1 3 239 1360 1375 1379
4 3 720 4820 4826 4828
3 3 633 4148 4175 4188
6 3 449 2912 3873 3886
1 3 195 1089 1100 1106
6 3 526 3437 3635 3668
2 3 622 4106 4126 4135
1 3 10 1020 1026 1032
6 3 524 3434 4395 4408
1 3 275 1661 1670 1678
2 3 595 3995 4240 4245
2 3 601 3962 3963 3969
3 3 610 4049 4070 4110
2 3 639 4244 4268 4272
1 3 211 1235 1244 1252
4 3 451 2884 2887 2892
3 3 27 876 1949 2020
3 3 486 3076 3113 3116
3 3 176 1040 2153 2156
3 3 620 4080 4117 4120
5 3 706 4680 4716 4719
2 3 697 4631 4636 4644
2 3 632 4173 4184 4187
1 3 211 1234 1235 1239
6 3 560 3635 3665 3668
4 3 428 2708 2744 2747
3 3 493 3154 3191 3194
1 3 255 1521 1530 1538
4 3 97 3738 3804 3806
6 3 60 2433 3167 3404
4 3 563 3736 3739 3741
2 3 686 4609 4610 4613
1 3 314 1864 1875 1879
4 3 566 3712 3747 3750
1 3 290 1755 1762 1766
4 3 587 3910 3916 3918
1 3 128 764 765 771
1 3 313 1888 1890 1894
2 3 650 4310 4318 4321
2 3 101 3961 3965 3970
1 3 128 764 1074 1093
2 3 702 4696 4732 4735
2 3 716 4837 4887 4889
2 3 727 4873 4876 4878
5 3 507 3240 3250 3278
6 3 70 2676 3645 3650
2 3 118 4553 4781 4784
5 3 56 2008 2962 2965
6 3 223 1339 1341 1344
1 3 161 939 1224 1239
5 3 604 3923 3927 3931
2 3 638 4259 4267 4270
4 3 705 4699 4705 4709
6 3 90 3437 3663 3668
3 3 54 2126 3089 3092
4 3 427 2752 3688 3716
1 3 16 1402 1648 1657
2 3 719 4830 4838 4840
1 3 151 845 889 892
4 3 451 2884 2915 2920
4 3 453 2885 2916 2918
6 3 70 2905 3645 3876
2 3 700 4733 4739 4743
1 3 142 780 794 826
2 3 642 4251 4259 4262
4 3 587 3907 4876 4878
1 3 270 1579 1600 1614
3 3 53 2061 2116 2122
1 3 11 1112 1113 1117
1 3 13 1176 1258 1260
2 3 608 4048 4056 4061
1 3 289 1748 1797 1832
5 3 91 3510 4471 4474
2 3 713 4761 4792 4794
6 3 666 4395 4400 4408
1 3 2 750 828 836
3 3 460 2929 2930 2937
3 3 483 3086 3123 3126
1 3 276 1677 1684 1691
6 3 420 2651 2877 2882
4 3 580 3851 3854 3856
2 3 593 3961 3966 3970
1 3 20 1604 1874 1882
6 3 35 1063 1339 1344
6 3 95 3673 3899 3904
1 3 1 733 738 746
3 3 165 927 930 934
5 3 41 1436 1437 1440
3 3 26 790 1936 1943
3 3 51 1973 1977 1982
6 3 387 2440 3401 3414
2 3 701 4714 4716 4719
2 3 718 4819 4882 4884
1 3 151 848 913 920
2 3 702 4696 4698 4701
2 3 103 4046 4049 4052
2 3 622 4105 4106 4109
2 3 612 4037 4048 4051
2 3 668 4487 4493 4498
6 3 389 2412 2443 2448
1 3 23 1754 1830 1834
2 3 699 4723 4729 4734
1 3 221 1306 1312 1324
4 3 450 2913 3882 3884
1 3 216 1224 1235 1239
1 3 13 1258 1452 1515
3 3 27 801 804 807
2 3 650 4303 4318 4327
3 3 483 3089 3144 3150
3 3 76 2970 3924 3931
6 3 524 3427 3429 3432
1 3 147 858 870 872
1 3 127 763 830 872
6 3 90 3434 3437 3442
6 3 454 2879 2884 2892
1 3 216 1225 1246 1260
1 3 161 952 1224 1229
1 3 25 1884 1890 1896
1 3 173 992 998 1002
2 3 121 4739 4740 4742
2 3 122 4729 4798 4799
1 3 269 1601 1604 1610
1 3 285 1677 1686 1691
4 3 99 3853 3916 3918
1 3 14 1244 1245 1252
4 3 312 1919 2888 2890
3 3 29 968 2095 2098
4 3 426 2745 2751 2755
1 3 8 857 1166 1171
1 3 289 1738 1739 1743
1 3 185 1010 1013 1018
6 3 494 3167 3399 3404
6 3 180 1023 1026 1032
5 3 86 3484 4235 4449
2 3 627 4172 4175 4178
5 3 467 2933 2961 2965
4 3 293 1754 1831 1834
5 3 81 3248 3956 4213
6 3 273 1601 1627 1640
2 3 110 4192 4195 4200
2 3 120 4664 4665 4669
3 3 80 3188 4151 4154
1 3 316 1891 1899 1902
6 3 631 4158 4161 4166
1 3 24 1822 1898 1902
1 3 231 1384 1443 1478
3 3 346 2129 2150 2190
3 3 465 2940 2972 2987
6 3 70 2676 2679 2684
1 3 299 1806 1807 1811
5 3 463 2962 3214 3219
1 3 202 1190 1442 1447
4 3 303 1822 1899 1902
5 3 280 1698 1722 1726
4 3 432 2692 2694 2697
5 3 91 3720 4471 4685
3 3 28 886 2027 2030
5 3 706 4706 4716 4744
1 3 265 1588 1592 1596
3 3 52 2048 2943 3014
6 3 526 3406 3437 3442
1 3 216 1224 1225 1229
6 3 225 1315 1349 1354
4 3 590 3888 3910 3918
2 3 710 4790 4798 4799
2 3 124 4845 4847 4850
2 3 700 4730 4733 4735
1 3 194 1115 1151 1154
5 3 564 3720 3722 3725
4 3 96 3745 4707 4709
3 3 493 3155 3157 3162
1 3 20 1599 1874 1879
3 3 26 790 791 798
5 3 286 1651 1698 1701
1 3 276 1671 1677 1680
1 3 181 993 994 1000
4 3 444 2831 2894 2896
3 3 343 2126 3079 3092
2 3 681 4546 4554 4557
4 3 580 3854 3860 3862
2 3 114 4372 4373 4377
3 3 349 2085 2092 2098
4 3 590 3882 3888 3890
5 3 322 2008 2933 2965
3 3 30 1050 2163 2166
4 3 588 3879 3881 3884
1 3 185 1023 1054 1068
4 3 303 1820 1853 1856
2 3 701 4713 4740 4742
2 3 618 4115 4116 4119
2 3 103 4046 4047 4051
3 3 162 958 961 964
4 3 443 2866 3826 3834
2 3 688 4594 4602 4604
2 3 111 4269 4478 4483
5 3 396 2490 2492 2495
1 3 226 1303 1314 1320
2 3 657 4359 4374 4383
2 3 699 4729 4775 4799
1 3 129 732 778 782
2 3 638 4267 4476 4481
2 3 596 3963 3996 3998
2 3 102 3975 3976 3980
4 3 587 3916 4876 4884
3 3 183 995 998 1002
1 3 146 844 856 864
1 3 195 1074 1075 1082
4 3 436 2801 2804 2806
6 3 35 1339 2173 2410
5 3 198 1115 1126 1154
6 3 423 2643 2648 2656
2 3 628 4184 4192 4197
4 3 588 3878 3881 3886
4 3 74 2922 3825 3890
3 3 491 3198 4152 4166
1 3 202 1177 1442 1457
6 3 40 1346 1349 1354
1 3 300 1817 1823 1826
3 3 483 3086 3089 3092
5 3 504 3241 3450 3455
1 3 195 1074 1089 1093
2 3 115 4428 4431 4436
2 3 686 4610 4618 4619
2 3 117 4562 4722 4777
1 3 134 734 791 796
1 3 187 1088 1157 1161
6 3 555 3670 4631 4644
1 3 185 1013 1023 1032
4 3 705 4696 4733 4735
4 3 443 2857 2860 2862
2 3 105 4183 4185 4190
1 3 270 1578 1579 1583
3 3 498 3158 3164 3172
5 3 238 1401 1402 1406
1 3 300 1823 1830 1834
2 3 654 4372 4415 4439
3 3 319 1973 2931 2935
2 3 104 4117 4172 4178
4 3 73 2801 3769 3772
6 3 35 1060 2173 2178
4 3 573 3795 3798 3800
2 3 669 4495 4503 4506
2 3 726 4887 4902 4911
4 3 49 1853 1928 1930
2 3 710 4789 4790 4793
4 3 75 2913 2915 2918
5 3 672 4470 4471 4474
5 3 370 2222 2246 2250
1 3 206 1156 1157 1161
6 3 65 2440 2443 2448
1 3 21 1685 1688 1692
2 3 647 4310 4316 4321
1 3 233 1367 1399 1406
1 3 294 1729 1750 1764
2 3 639 4241 4268 4270
1 3 15 1313 1588 1593
5 3 66 2516 2517 2520
6 3 85 3427 4161 4398
3 3 359 2150 2153 2156
4 3 580 3851 4820 4822
6 3 418 2676 3637 3650
5 3 569 3686 3688 3691
2 3 709 4782 4788 4793
3 3 349 2082 2119 2122
2 3 630 4148 4185 4188
2 3 725 4872 4875 4880
1 3 155 845 879 892
2 3 110 4195 4421 4426
4 3 711 4761 4791 4794
6 3 60 2207 2433 2438
1 3 282 1686 1723 1725
1 3 304 1796 1807 1811
1 3 127 750 830 836
3 3 633 4138 4141 4144
3 3 602 3934 3966 3981
1 3 155 831 834 838
1 3 314 1864 1865 1869
1 3 147 857 1156 1171
4 3 50 1919 1921 1924
1 3 289 1738 1797 1801
6 3 529 3399 3429 3432
4 3 427 2726 3688 3691
1 3 304 1807 1818 1824
2 3 630 4149 4151 4156
2 3 121 4739 4741 4743
1 3 12 1098 1190 1192
5 3 396 2492 2516 2520
4 3 96 3745 3747 3749
4 3 306 1820 1823 1826
4 3 705 4696 4699 4701
3 3 353 2184 2187 2190
1 3 128 777 1074 1082
6 3 555 3663 3665 3668
2 3 119 4608 4674 4675
6 3 267 1627 1632 1640
3 3 339 2017 2024 2030
3 3 470 3052 4005 4018
1 3 12 1190 1374 1447
5 3 600 3956 4208 4213
4 3 563 3739 3745 3749
1 3 137 781 1079 1085
1 3 201 1167 1176 1184
3 3 26 787 1936 1941
6 3 229 1304 1306 1310
1 3 250 1443 1464 1478
3 3 336 2024 2061 2064
6 3 387 2433 3401 3404
4 3 588 3878 3909 3914
6 3 180 1023 1063 1068
3 3 333 2058 3011 3024
2 3 663 4431 4629 4662
1 3 13 1176 1177 1184
4 3 581 3823 3853 3856
6 3 267 1632 2643 2656
2 3 670 4480 4504 4508
1 3 19 1530 1612 1614
1 3 316 1888 1922 1924
4 3 439 2776 2782 2784
3 3 353 2184 3147 3150
2 3 595 3986 4240 4253
2 3 105 4182 4183 4187
1 3 277 1647 1685 1689
1 3 256 1532 1544 1546
2 3 628 4186 4192 4200
2 3 648 4317 4318 4321
1 3 304 1797 1818 1832
1 3 19 1530 1531 1538
3 3 356 2160 2197 2200
4 3 73 2801 2803 2806
1 3 299 1806 1865 1869
1 3 242 1367 1401 1406
3 3 353 2194 3147 3160
3 3 54 2129 2184 2190
3 3 79 3178 4083 4144
2 3 609 4057 4058 4061
3 3 339 2014 2051 2054
3 3 176 1050 2153 2166
1 3 9 1034 1234 1297
3 3 359 2150 2187 2190
3 3 490 3178 3181 3184
3 3 77 2984 3042 3048
1 3 246 1463 1464 1470
6 3 529 3406 3429 3442
4 3 74 2857 3825 3828
1 3 246 1464 1476 1478
2 3 107 3986 4250 4253
4 3 75 2912 2915 2920
3 3 79 3123 3178 3184
3 3 602 3920 3925 3929
2 3 694 4639 4865 4870
4 3 303 1820 1822 1826
5 3 533 3484 3486 3489
4 3 446 2829 2860 2862
6 3 591 3871 3873 3876
3 3 480 3110 4073 4076
4 3 439 2773 2804 2806
1 3 174 1013 1020 1032
5 3 569 3688 3712 3716
2 3 593 3966 3975 3981
2 3 105 4182 4185 4188
6 3 357 2170 2207 2212
2 3 108 4057 4309 4312
3 3 460 2929 2971 2978
5 3 396 2490 3452 3455
4 3 100 3906 3909 3914
2 3 630 4149 4185 4190
2 3 638 4258 4259 4262
5 3 463 3003 3214 3253
3 3 148 879 886 892
2 3 719 4831 4846 4855
1 3 282 1686 1688 1691
1 3 142 741 780 785
1 3 18 1462 1463 1470
2 3 712 4774 4775 4777
1 3 134 734 738 744
1 3 309 1874 1875 1879
3 3 356 2160 2163 2166
2 3 726 4894 4902 4905
3 3 26 787 791 796
6 3 631 4195 4393 4426
4 3 46 1721 2719 2721
1 3 138 732 765 782
1 3 242 1401 1412 1440
3 3 610 4015 4070 4076
2 3 681 4538 4539 4541
2 3 700 4730 4731 4734
1 3 256 1531 1796 1811
5 3 192 1124 2222 2225
6 3 591 3871 3901 3904
4 3 573 3795 4764 4766
2 3 639 4242 4244 4247
4 3 48 1783 1785 1788
4 3 583 3826 3832 3834
3 3 76 2970 2971 2978
3 3 77 2981 2984 2987
3 3 323 1932 1936 1941
4 3 568 3702 3739 3741
1 3 10 1020 1021 1028
4 3 49 1851 1853 1856
1 3 260 1511 1532 1546
4 3 453 2894 2916 2924
4 3 303 1853 1899 1930
3 3 179 1010 1012 1018
2 3 661 4423 4428 4436
2 3 669 4503 4712 4717
3 3 148 876 2017 2020
1 3 175 1021 1022 1028
5 3 236 1410 2458 2461
2 3 112 4257 4326 4327
3 3 319 1973 1978 1982
6 3 70 2679 2905 2910
3 3 602 3920 3966 3970
3 3 356 2161 2163 2168
5 3 322 1980 2008 2012
5 3 31 1124 1968 2225
1 3 174 1008 1020 1028
4 3 451 2885 2887 2890
4 3 576 3770 3776 3778
2 3 122 4729 4730 4734
1 3 174 1007 1008 1014
2 3 594 3976 3977 3980
3 3 361 2161 2198 2202
2 3 107 3985 3986 3990
2 3 104 4114 4115 4119
3 3 333 2048 3011 3014
6 3 273 1590 1627 1630
4 3 720 4817 4820 4822
1 3 135 752 804 807
6 3 357 2173 2405 2410
1 3 129 732 733 742
2 3 627 4173 4182 4187
4 3 296 1763 1786 1794
2 3 661 4422 4428 4433
1 3 14 1245 1520 1525
2 3 673 4477 4495 4506
1 3 260 1510 1511 1515
3 3 179 1010 1053 1058
2 3 609 4058 4066 4067
1 3 232 1385 1646 1665
3 3 498 3155 3158 3162
3 3 493 3154 3157 3160
6 3 418 2669 2671 2674
1 3 277 1653 1685 1692
5 3 459 2970 3927 3931
1 3 22 1670 1762 1764
5 3 502 3250 3274 3278
4 3 75 2913 3881 3884
6 3 454 2877 2907 2910
3 3 354 2204 3158 3172
3 3 490 3178 4141 4144
1 3 137 823 1079 1129
3 3 130 792 801 807
1 3 129 733 741 746
1 3 14 1326 1520 1583
4 3 71 2751 2753 2755
1 3 146 843 844 850
1 3 160 926 938 946
1 3 5 1007 1012 1018
3 3 133 822 1939 1971
6 3 229 1306 1315 1324
3 3 51 1976 1977 1984
6 3 449 2905 2907 2910
5 3 236 1436 2458 2486
4 3 439 2773 2776 2778
2 3 125 4901 4903 4906
1 3 282 1687 1688 1692
6 3 40 1349 1625 1630
1 3 275 1660 1661 1665
1 3 189 1075 1113 1117
4 3 436 2801 3770 3772
5 3 286 1653 1687 1692
4 3 302 1854 1860 1862
3 3 346 2092 2129 2132
3 3 29 971 1040 1046
1 3 300 1818 1830 1832
1 3 6 777 1076 1082
5 3 61 2280 3241 3244
5 3 504 3240 3241 3244
5 3 538 3476 3486 3514
2 3 124 4844 4845 4849
4 3 583 3832 3854 3862
1 3 294 1739 1750 1756
1 3 159 910 911 918
3 3 470 3042 3045 3048
1 3 20 1598 1604 1610
4 3 302 1860 2832 2840
4 3 311 1911 1913 1916
5 3 41 1696 2483 2697
3 3 602 3925 3934 3940
1 3 275 1670 1729 1764
3 3 461 2984 3008 3048
2 3 106 3997 4242 4247
4 3 429 2717 2719 2721
1 3 23 1748 1830 1832
6 3 449 2907 2912 2920
1 3 294 1728 1739 1743
4 3 50 1919 2887 2890
3 3 343 2116 3079 3082
3 3 52 1987 2943 2946
2 3 114 4373 4601 4604
2 3 119 4609 4837 4840
2 3 115 4428 4429 4433
2 3 664 4415 4430 4439
1 3 206 1157 1178 1192
6 3 60 2204 2207 2212
2 3 699 4722 4723 4725
2 3 668 4493 4539 4563
5 3 31 822 823 826
2 3 120 4664 4667 4672
1 3 246 1476 1728 1733
1 3 6 777 778 782
2 3 719 4830 4831 4833
1 3 239 1361 1386 1403
2 3 619 4126 4134 4135
1 3 145 834 842 852
3 3 330 1939 1967 1971
1 3 242 1365 1412 1415
1 3 2 749 750 757
1 3 127 751 763 771
1 3 18 1463 1738 1743
2 3 596 3968 3996 4000
2 3 704 4723 4731 4734
3 3 55 2195 3157 3162
1 3 16 1398 1399 1403
1 3 270 1578 1589 1593
1 3 160 938 994 1036
5 3 641 4234 4269 4272
1 3 3 842 848 852
2 3 118 4618 4781 4833
1 3 11 1112 1362 1368
5 3 504 3275 3450 3489
4 3 72 2742 2744 2747
1 3 256 1544 1796 1801
1 3 17 1384 1476 1478
2 3 111 4267 4268 4270
4 3 98 3795 4763 4766
1 3 146 843 912 918
1 3 10 1021 1302 1307
3 3 328 1932 1978 1982
6 3 631 4158 4195 4200
3 3 465 2926 2972 2976
3 3 29 1040 2095 2156
2 3 695 4650 4651 4653
5 3 322 1976 2933 2937
1 3 285 1686 1715 1725
5 3 36 1150 2247 2250
2 3 727 4876 4882 4884
3 3 176 1043 1050 1056
1 3 16 1399 1402 1406
1 3 160 925 926 932
2 3 618 4116 4124 4129
2 3 688 4594 4595 4597
3 3 356 2161 2197 2202
6 3 40 1625 2415 2646
6 3 65 2669 3409 3640
6 3 560 3642 3665 3678
4 3 432 2718 2728 2756
2 3 678 4552 4595 4619
1 3 206 1167 1178 1184
3 3 339 2014 2017 2020
5 3 367 2246 2281 2284
2 3 123 4788 4854 4855
5 3 31 822 1968 1971
4 3 71 2752 3713 3716
1 3 6 781 1076 1085
2 3 114 4438 4601 4653
2 3 692 4658 4664 4669
4 3 432 2692 2728 2731
3 3 165 971 995 1046
4 3 590 3879 3882 3884
2 3 670 4477 4478 4481
6 3 423 2648 2671 2684
1 3 255 1530 1579 1614
2 3 601 3963 3987 3998
2 3 685 4601 4651 4653
2 3 718 4847 4882 4912
6 3 273 1592 1601 1610
2 3 685 4602 4608 4613
2 3 101 3964 3965 3972
5 3 502 3248 4210 4213
2 3 694 4636 4639 4644
4 3 426 2742 3705 3707
2 3 601 3977 3987 3990
4 3 446 2829 2832 2834
3 3 133 794 822 826
3 3 465 2926 2931 2935
5 3 569 3712 3722 3750
5 3 564 3746 4682 4710
1 3 188 1100 1112 1117
1 3 201 1176 1225 1260
1 3 187 1098 1157 1192
3 3 620 4080 4083 4086
2 3 657 4366 4374 4377
3 3 623 4080 4107 4120
4 3 565 3702 3738 3741
2 3 678 4545 4595 4597
1 3 313 1887 1921 1926
4 3 427 2726 2728 2731
5 3 365 2254 2256 2259
1 3 16 1398 1648 1654
1 3 129 741 778 785
4 3 566 3711 3713 3715
2 3 728 4872 4895 4908
1 3 232 1398 1646 1654
1 3 137 780 781 785
4 3 444 2859 2894 2924
1 3 310 1886 1898 1900
2 3 637 4251 4257 4262
2 3 628 4183 4186 4190
4 3 72 2742 3704 3707
1 3 153 844 858 864
2 3 679 4562 4774 4777
1 3 175 1034 1292 1297
2 3 117 4493 4494 4498
5 3 604 3923 3968 3972
5 3 198 1079 1081 1085
3 3 51 1973 2930 2935
1 3 222 1326 1578 1583
6 3 666 4393 4395 4398
1 3 151 889 913 964
6 3 225 1315 1318 1324
5 3 365 2280 3216 3244
1 3 250 1453 1464 1470
1 3 309 1874 1878 1882
1 3 285 1674 1715 1717
2 3 112 4326 4486 4541
3 3 54 2184 3089 3150
5 3 459 3002 3927 3959
3 3 51 1976 2930 2937
2 3 619 4125 4358 4368
3 3 456 2972 2981 2987
4 3 450 2916 2922 2924
2 3 110 4192 4193 4197
3 3 169 927 961 974
1 3 194 1151 1365 1415
6 3 389 2415 2641 2646
3 3 359 2153 2160 2166
2 3 113 4316 4382 4383
4 3 281 1674 1676 1680
2 3 704 4712 4713 4717
1 3 147 857 858 864
3 3 476 3008 3045 3048
3 3 55 2195 2197 2202
1 3 265 1589 1598 1606
3 3 169 913 961 964
4 3 431 2708 2745 2747
5 3 641 4234 4235 4238
6 3 420 2679 2877 2910
4 3 99 3851 4819 4822
1 3 126 730 731 742
6 3 420 2648 2651 2656
3 3 333 2048 2051 2054
4 3 566 3711 3747 3749
1 3 145 828 829 836
6 3 591 3878 3901 3914
2 3 663 4403 4629 4634
4 3 574 3767 3797 3800
1 3 194 1115 1116 1120
5 3 91 3510 3511 3514
3 3 54 2126 2129 2132
3 3 496 3144 3181 3184
6 3 526 3409 3635 3640
1 3 15 1318 1588 1596
3 3 480 3120 4073 4086
4 3 565 3704 3776 3778
2 3 669 4494 4495 4498
2 3 679 4553 4554 4557
2 3 116 4505 4714 4719
2 3 619 4134 4358 4361
1 3 212 1245 1510 1525
1 3 174 1007 1013 1018
1 3 290 1749 1755 1758
2 3 701 4713 4714 4717
6 3 666 4393 4423 4426
2 3 685 4601 4602 4604
6 3 273 1590 1592 1596
1 3 7 763 870 872
5 3 533 3484 4446 4449
6 3 223 1341 1346 1354
1 3 14 1244 1326 1328
6 3 85 3198 4161 4166
1 3 159 910 916 920
2 3 644 4208 4210 4213
2 3 709 4788 4831 4855
5 3 600 3955 3956 3959
4 3 444 2829 2831 2834
6 3 635 4149 4152 4156
1 3 266 1599 1600 1606
4 3 429 2717 2753 2755
1 3 147 870 1156 1161
3 3 53 2058 3021 3024
1 3 275 1660 1729 1733
5 3 280 1696 1698 1701
4 3 703 4705 4707 4709
4 3 50 1918 1921 1926
1 3 15 1312 1313 1320
3 3 162 968 2085 2098
5 3 672 4505 4680 4719
6 3 317 1876 1913 1916
2 3 668 4486 4487 4489
3 3 498 3164 3192 3206
6 3 45 1911 2651 2882
4 3 46 1722 1723 1726
6 3 177 1060 2164 2178
4 3 586 3901 3906 3914
2 3 106 3995 4242 4245
6 3 631 4161 4393 4398
4 3 431 2717 2745 2755
1 3 310 1885 1891 1894
6 3 392 2412 2435 2448
3 3 183 998 1009 1016
3 3 456 2981 3925 3940
3 3 78 3052 4015 4018
2 3 102 3975 3978 3981
2 3 655 4373 4594 4604
4 3 588 3879 3909 3912
1 3 222 1313 1314 1320
2 3 662 4429 4430 4433
6 3 524 3427 4395 4398
2 3 710 4792 4798 4800
1 3 316 1888 1891 1894
4 3 312 1928 2888 2896
5 3 192 1124 1126 1129
1 3 18 1544 1738 1801
2 3 593 3962 3975 3980
3 3 623 4070 4107 4110
1 3 22 1676 1762 1766
2 3 661 4421 4423 4426
5 3 672 4470 4505 4508
4 3 312 1922 1928 1930
4 3 587 3907 3910 3912
3 3 597 3920 3965 3970
4 3 705 4705 4733 4743
6 3 555 3663 4631 4634
1 3 226 1292 1293 1297
6 3 45 1635 1911 1916
2 3 695 4658 4666 4669
2 3 724 4901 4904 4906
1 3 201 1166 1225 1229
4 3 98 3795 3797 3800
2 3 103 4049 4104 4110
1 3 255 1520 1521 1525
3 3 80 3189 4151 4156
2 3 655 4373 4374 4377
5 3 192 1150 2222 2250
6 3 560 3635 3637 3640
4 3 446 2838 2860 2868
6 3 177 1051 1054 1058
2 3 107 3985 4066 4067
2 3 657 4358 4366 4368
6 3 526 3406 3409 3414
3 3 162 961 968 974
1 3 255 1520 1579 1583
2 3 108 4134 4309 4361
6 3 389 2443 2641 2674
5 3 367 2247 2456 2461
2 3 724 4902 4910 4911
2 3 111 4268 4269 4272
6 3 494 3164 3167 3172
3 3 336 2061 2082 2122
2 3 663 4400 4403 4408
1 3 22 1670 1671 1678
2 3 642 4240 4251 4253
1 3 24 1817 1822 1826
1 3 9 938 939 946
1 3 212 1258 1510 1515
3 3 460 2926 2971 2976
1 3 313 1887 1890 1896
3 3 324 1949 2014 2020
1 3 299 1807 1816 1824
1 3 175 1022 1034 1036
2 3 716 4844 4887 4911
6 3 85 3201 3427 3432
2 3 655 4374 4382 4383
2 3 102 3978 4036 4042
3 3 330 1935 1939 1943
1 3 175 1021 1292 1307
2 3 613 4002 4039 4042
6 3 35 1060 1063 1068
2 3 637 4250 4251 4253
5 3 600 3997 4208 4247
2 3 710 4789 4792 4794
1 3 7 763 764 771
6 3 529 3401 3406 3414
4 3 428 2744 2782 2812
4 3 49 1928 2831 2896
2 3 694 4636 4667 4672
3 3 324 1946 1990 1993
1 3 265 1592 1598 1610
3 3 148 886 2017 2030
6 3 557 3673 3871 3904
1 3 2 755 828 838
6 3 95 3670 3673 3678
3 3 55 2194 3157 3160
2 3 627 4175 4182 4188
5 3 56 2254 2962 3219
1 3 25 1884 1885 1892
5 3 61 2280 2281 2284
4 3 568 3705 3711 3715
5 3 502 3248 3250 3253
4 3 429 2718 2719 2722
5 3 706 4680 4682 4685
2 3 120 4667 4893 4898
2 3 619 4125 4126 4129
2 3 723 4893 4894 4896
6 3 557 3642 3673 3678
3 3 336 2027 2082 2088
1 3 2 749 755 759
5 3 286 1651 1653 1657
1 3 17 1476 1660 1733
6 3 555 3665 3670 3678
3 3 493 3155 3191 3196
3 3 30 1051 2163 2168
2 3 108 4056 4057 4061
2 3 596 3964 3968 3972
5 3 569 3686 3722 3725
5 3 600 3955 3997 4000
2 3 664 4422 4430 4433
3 3 486 3076 3079 3082
1 3 3 843 910 918
4 3 281 1714 1763 1794
3 3 473 3021 3076 3082
3 3 633 4141 4148 4154
1 3 140 752 792 807
4 3 97 3736 3738 3741
2 3 723 4894 4900 4905
1 3 134 737 738 746
1 3 153 829 844 850
1 3 194 1116 1365 1371
4 3 74 2857 2859 2862
5 3 459 2974 3002 3006
1 3 1 730 733 742
6 3 45 1632 2651 2656
4 3 586 3906 4867 4880
2 3 644 4208 4244 4247
5 3 36 1151 1410 1415
2 3 113 4317 4545 4548
2 3 693 4665 4666 4669
4 3 306 1823 1831 1834
3 3 470 3042 4005 4008
5 3 398 2482 2517 2520
2 3 681 4538 4546 4548
1 3 13 1177 1452 1457
3 3 52 1987 1990 1993
2 3 697 4629 4659 4662
5 3 463 2961 2962 2965
5 3 504 3240 3275 3278
2 3 622 4116 4126 4129
1 3 231 1375 1384 1392
2 3 595 3987 3995 3998
4 3 437 2803 2838 2868
1 3 17 1385 1660 1665
4 3 574 3767 3769 3772
1 3 195 1075 1100 1117
1 3 188 1099 1100 1106
2 3 724 4904 4910 4912
6 3 666 4400 4423 4436
5 3 507 3216 3240 3244
4 3 293 1752 1785 1788
4 3 311 1913 1918 1926
3 3 162 958 2085 2088
5 3 459 2970 2974 2978
2 3 713 4764 4770 4772
6 3 267 1625 1627 1630
1 3 283 1646 1647 1654
2 3 113 4316 4317 4321
2 3 668 4486 4539 4541
2 3 613 4005 4012 4018
4 3 98 3860 4763 4828
3 3 78 3052 3055 3058
6 3 524 3429 3434 3442
3 3 77 2981 3937 3940
5 3 604 3955 3968 4000
2 3 609 4057 4302 4312
4 3 47 1712 2710 2713
2 3 702 4698 4770 4772
4 3 565 3738 3776 3806
4 3 99 3851 3853 3856
2 3 622 4105 4116 4119
3 3 361 2161 2164 2168
1 3 17 1384 1385 1392
2 3 648 4326 4538 4541
2 3 704 4713 4731 4742
4 3 100 3907 3909 3912
3 3 476 3011 3018 3024
4 3 436 2804 2810 2812
1 3 159 911 924 932
6 3 317 1878 1887 1896
4 3 590 3879 3910 3912
2 3 688 4602 4610 4613
4 3 99 3916 4819 4884
2 3 723 4893 4895 4898
4 3 292 1792 2776 2784
1 3 233 1361 1362 1368
4 3 47 1712 1714 1717
2 3 726 4886 4894 4896
2 3 594 3976 4038 4041
3 3 476 3008 3011 3014
3 3 346 2092 2095 2098
4 3 446 2832 2838 2840
3 3 491 3192 3198 3206
3 3 53 2058 2061 2064
3 3 623 4073 4080 4086
2 3 632 4174 4194 4203
2 3 114 4372 4438 4439
1 3 126 730 739 744
3 3 456 2967 3925 3929
6 3 635 4158 4186 4200
6 3 223 1339 2407 2410
4 3 426 2751 3705 3715
2 3 121 4740 4741 4744
4 3 296 1755 1763 1766
5 3 326 1967 2009 2012
1 3 160 925 994 1000
3 3 323 1935 1977 1984
3 3 633 4138 4175 4178
1 3 304 1796 1797 1801
2 3 609 4066 4302 4305
2 3 702 4732 4770 4800
2 3 116 4503 4714 4717
3 3 133 790 1939 1943
4 3 437 2773 2803 2806
5 3 675 4446 4470 4474
2 3 618 4124 4174 4203
2 3 630 4148 4151 4154
2 3 118 4552 4618 4619
2 3 125 4900 4903 4908
2 3 695 4650 4658 4660
2 3 119 4608 4609 4613
1 3 4 925 992 1000
3 3 476 3018 3045 3058
5 3 507 3214 3250 3253
3 3 28 958 2027 2088
2 3 673 4476 4487 4489
2 3 596 3963 3964 3969
1 3 233 1362 1367 1371
2 3 723 4895 4900 4908
3 3 78 3110 4015 4076
5 3 401 2456 2458 2461
5 3 91 3511 3720 3725
2 3 701 4716 4740 4744
1 3 173 992 993 1000
6 3 229 1304 1341 1344
5 3 66 2726 3477 3691
1 3 146 856 912 954
2 3 648 4317 4538 4548
3 3 620 4083 4138 4144
2 3 686 4609 4830 4840
2 3 632 4173 4174 4177
2 3 601 3962 3977 3980
1 3 188 1112 1360 1368
5 3 81 3003 3248 3253
6 3 90 3663 4403 4634
1 3 181 993 1008 1014
5 3 280 1722 2694 2722
3 3 169 916 927 934
1 3 309 1875 1884 1892
6 3 85 3198 3201 3206
5 3 36 1150 1151 1154
4 3 292 1783 1786 1788
6 3 635 4149 4186 4190
1 3 231 1374 1443 1447
1 3 134 737 791 798
3 3 480 3110 3113 3116
4 3 432 2694 2718 2722
2 3 613 4002 4005 4008
5 3 641 4269 4444 4483
2 3 697 4629 4631 4634
1 3 20 1598 1599 1606
3 3 490 3181 3188 3194
3 3 76 2967 3924 3929
1 3 5 1006 1007 1014
1 3 167 926 940 946
2 3 657 4358 4359 4361
1 3 25 1885 1890 1894
4 3 48 1785 1860 1862
5 3 467 2929 2974 2978
4 3 581 3823 3825 3828
1 3 189 1081 1113 1120
1 3 233 1361 1399 1403
1 3 4 924 930 934
3 3 55 2194 2197 2200
4 3 439 2782 2804 2812
4 3 568 3711 3739 3749
4 3 302 1851 2832 2834
1 3 256 1531 1532 1538
3 3 330 1935 1980 1984
2 3 112 4257 4258 4262
2 3 106 3995 3996 3998
2 3 109 4124 4125 4129
3 3 133 790 794 798
5 3 463 2961 3003 3006
5 3 81 3002 3956 3959
2 3 116 4504 4505 4508
2 3 664 4414 4415 4417
2 3 673 4476 4477 4481
6 3 392 2407 2412 2420
4 3 98 3797 3860 3862
4 3 711 4763 4826 4828
2 3 637 4257 4303 4327
2 3 647 4309 4359 4361
6 3 45 1632 1635 1640
2 3 670 4477 4504 4506
1 3 206 1156 1167 1171
6 3 65 2443 2669 2674
4 3 443 2860 2866 2868
2 3 118 4552 4553 4557
1 3 181 1008 1022 1028
4 3 576 3776 3798 3806
2 3 663 4400 4431 4436
3 3 324 1990 2014 2054
3 3 169 913 916 920
2 3 650 4302 4303 4305
2 3 115 4431 4657 4662
3 3 486 3086 3113 3126
3 3 491 3189 4152 4156
1 3 187 1089 1098 1106
4 3 720 4826 4848 4856
1 3 276 1672 1684 1689
2 3 727 4873 4904 4906
3 3 361 2164 2170 2178
5 3 535 3476 3511 3514
2 3 727 4882 4904 4912
2 3 655 4382 4594 4597
1 3 138 751 765 771
2 3 123 4788 4789 4793
5 3 31 823 1124 1129
2 3 101 3961 3964 3969
2 3 608 4047 4106 4109
4 3 49 1851 2831 2834
2 3 117 4494 4722 4725
4 3 302 1851 1854 1856
2 3 681 4539 4554 4563
4 3 568 3702 3705 3707
1 3 232 1385 1386 1392
6 3 177 1054 1060 1068
4 3 429 2718 2753 2756
2 3 693 4674 4886 4889
1 3 265 1588 1589 1593
6 3 223 1346 2407 2420
1 3 126 731 749 757
6 3 389 2412 2415 2420
2 3 725 4873 4903 4906
3 3 359 2160 2187 2200
6 3 635 4152 4158 4166
5 3 326 2009 2220 2259
2 3 102 3976 4036 4041
3 3 130 787 792 796
6 3 423 2641 2643 2646
4 3 703 4705 4741 4743
2 3 712 4775 4790 4799
3 3 79 3120 3123 3126
4 3 453 2888 2894 2896
1 3 212 1246 1258 1260
2 3 607 4036 4039 4042
2 3 125 4900 4901 4905
2 3 644 4210 4234 4238
2 3 612 4037 4038 4041
5 3 538 3452 3476 3480
4 3 311 1918 2879 2892
6 3 267 1625 2643 2646
3 3 30 1050 1053 1056
5 3 398 2483 2692 2697
5 3 192 1126 1150 1154
4 3 711 4791 4826 4856
1 3 155 831 879 882
4 3 311 1911 2879 2882
2 3 726 4886 4887 4889
1 3 294 1728 1729 1733
5 3 280 1696 2694 2697
1 3 153 830 858 872
2 3 119 4674 4837 4889
5 3 236 1410 1412 1415
4 3 573 3798 3804 3806
4 3 431 2708 2711 2713
4 3 306 1820 1854 1856
3 3 130 801 1937 1952
2 3 647 4309 4310 4312
1 3 138 731 732 742
3 3 319 1987 2931 2946
2 3 724 4901 4902 4905
3 3 349 2082 2085 2088
1 3 5 1006 1012 1016
3 3 165 930 995 1002
6 3 177 1051 2164 2168
2 3 693 4666 4674 4675
1 3 167 911 926 932
1 3 11 1116 1362 1371
3 3 473 3018 3055 3058
1 3 189 1076 1081 1085
2 3 120 4665 4893 4896
2 3 678 4546 4552 4557
2 3 117 4493 4562 4563
4 3 563 3745 4699 4709
3 3 29 968 971 974
3 3 346 2095 2150 2156
6 3 317 1887 1913 1926
2 3 725 4872 4903 4908
2 3 693 4665 4886 4896
3 3 490 3188 4141 4154
5 3 675 4444 4480 4483
1 3 314 1865 1886 1900
5 3 675 4444 4446 4449
4 3 47 1792 2710 2784
3 3 486 3079 3086 3092
6 3 423 2641 2671 2674
2 3 642 4241 4259 4270
2 3 725 4873 4875 4878
2 3 638 4258 4476 4489
1 3 201 1166 1167 1171
2 3 108 4056 4134 4135
1 3 187 1088 1089 1093
5 3 86 3274 4235 4238
1 3 7 870 1088 1161
2 3 110 4193 4421 4424
3 3 473 3055 3076 3116
5 3 370 2246 2256 2284
1 3 159 916 924 934
1 3 181 994 1022 1036
5 3 502 3274 4210 4238
1 3 276 1671 1672 1678
3 3 319 1978 1987 1993
1 3 161 939 940 946
1 3 242 1365 1367 1371
2 3 669 4494 4712 4725
1 3 142 737 794 798
1 3 19 1531 1806 1811
6 3 529 3399 3401 3404
2 3 661 4421 4422 4424
2 3 679 4553 4774 4784
5 3 535 3511 3686 3725
1 3 23 1749 1754 1758
1 3 11 1113 1116 1120
2 3 594 3977 3985 3990
2 3 673 4487 4495 4498
1 3 290 1749 1750 1756
4 3 436 2810 3770 3778
3 3 333 2051 2058 2064
4 3 453 2885 2888 2890
2 3 704 4712 4723 4725
1 3 202 1177 1178 1184
1 3 24 1816 1898 1900
2 3 709 4781 4831 4833
4 3 46 1722 2719 2722
1 3 138 731 751 757
1 3 239 1360 1361 1368
2 3 598 3978 4002 4042
4 3 293 1752 1754 1758
2 3 700 4731 4739 4742
1 3 24 1816 1817 1824
4 3 703 4706 4741 4744
4 3 279 1712 1715 1717
1 3 309 1878 1884 1896
2 3 612 4038 4058 4067
2 3 629 4193 4414 4424
4 3 443 2857 3826 3828
3 3 343 2116 2119 2122
2 3 593 3961 3962 3969
4 3 563 3736 4699 4701
2 3 709 4781 4782 4784
2 3 124 4844 4910 4911
3 3 79 3120 4083 4086
4 3 46 1721 1723 1725
2 3 650 4302 4310 4312
1 3 266 1612 1864 1869
1 3 8 856 952 954
2 3 613 4012 4039 4052
1 3 145 828 834 838
2 3 654 4366 4372 4377
1 3 135 755 831 838
6 3 180 1063 1304 1344
5 3 322 1976 1980 1984
1 3 10 1026 1302 1310
2 3 695 4651 4666 4675
1 3 250 1442 1453 1457
4 3 281 1674 1714 1717
4 3 73 2803 2866 2868
4 3 296 1752 1755 1758
3 3 328 1932 1937 1941
4 3 437 2773 2775 2778
1 3 126 739 749 759
3 3 498 3155 3192 3196
1 3 246 1463 1728 1743
3 3 597 3923 3965 3972
6 3 560 3637 3642 3650
2 3 712 4782 4790 4793
2 3 639 4241 4242 4245
4 3 293 1785 1831 1862
4 3 296 1752 1786 1788
1 3 245 1462 1511 1546
5 3 564 3720 4682 4685
4 3 576 3767 3770 3772
3 3 597 3920 3924 3929
3 3 323 1935 1936 1943
1 3 239 1375 1386 1392
3 3 76 2967 2971 2976
2 3 728 4867 4872 4880
1 3 283 1647 1672 1689
2 3 717 4845 4848 4850
5 3 86 3275 3484 3489
1 3 145 829 842 850
5 3 401 2458 2482 2486
2 3 598 3937 4002 4008
4 3 72 2810 3704 3778
5 3 507 3214 3216 3219
6 3 357 2207 2405 2438
5 3 61 2490 3241 3455
3 3 328 1946 1978 1993
5 3 401 2482 2492 2520
2 3 115 4429 4657 4660
5 3 396 2516 3452 3480
3 3 179 1009 1053 1056
4 3 586 3899 4867 4870
2 3 617 4104 4107 4110
1 3 4 930 992 1002
5 3 370 2220 2256 2259
3 3 354 2198 2204 2212
4 3 71 2751 3713 3715
1 3 245 1453 1462 1470
1 3 3 848 910 920
5 3 538 3450 3486 3489
3 3 620 4117 4138 4178
1 3 12 1098 1099 1106
1 3 137 780 823 826
4 3 703 4706 4707 4710
2 3 109 4124 4202 4203
2 3 123 4791 4854 4856
4 3 450 2913 2916 2918
2 3 608 4056 4106 4135
3 3 130 787 1937 1941
5 3 286 1687 1698 1726
6 3 454 2877 2879 2882
2 3 717 4846 4854 4855
6 3 557 3645 3871 3876
4 3 427 2728 2752 2756
5 3 198 1079 1126 1129
1 3 277 1647 1648 1654
6 3 591 3873 3878 3886
1 3 135 804 831 882
6 3 90 3434 4403 4408
2 3 595 3986 3987 3990
4 3 451 2885 2915 2918
5 3 326 1967 1968 1971
1 3 3 842 843 850
2 3 123 4789 4791 4794
1 3 6 778 781 785
1 3 266 1600 1612 1614
1 3 222 1314 1326 1328
5 3 198 1081 1115 1120
6 3 40 1346 2415 2420
2 3 699 4722 4775 4777
2 3 594 3985 4038 4067
5 3 238 1401 1437 1440
4 3 73 2866 3769 3834
2 3 688 4595 4610 4619
1 3 153 829 830 836
2 3 109 4125 4365 4368
5 3 398 2517 2692 2731
2 3 718 4817 4847 4850
2 3 728 4865 4895 4898
5 3 41 1437 1696 1701
3 3 460 2926 2930 2935
4 3 74 2859 2922 2924
2 3 607 4037 4046 4051
3 3 323 1932 1977 1982
2 3 618 4115 4174 4177
4 3 292 1783 2776 2778
6 3 357 2170 2173 2178
1 3 128 765 777 782
2 3 116 4503 4504 4506
5 3 238 1402 1651 1657
5 3 326 1968 2220 2225
2 3 122 4730 4732 4735
5 3 641 4235 4444 4449
2 3 107 4066 4250 4305
4 3 431 2711 2717 2721
5 3 533 3486 3510 3514
1 3 21 1684 1688 1691
2 3 716 4837 4838 4840
6 3 392 2405 2407 2410
1 3 189 1075 1076 1082
2 3 654 4365 4366 4368
4 3 71 2752 2753 2756
3 3 461 2940 2984 2987
6 3 317 1876 1878 1882
3 3 28 886 889 892
5 3 41 1436 2483 2486
1 3 140 734 739 744
2 3 627 4172 4173 4177
2 3 717 4848 4854 4856
2 3 628 4183 4184 4187
5 3 535 3477 3686 3691
2 3 712 4774 4782 4784
4 3 100 3907 4875 4878
3 3 610 4012 4049 4052
1 3 221 1302 1306 1310
3 3 176 1040 1043 1046
1 3 270 1589 1600 1606
2 3 617 4105 4114 4119
5 3 398 2482 2483 2486
5 3 367 2281 2456 2495
2 3 632 4184 4194 4197
3 3 80 3189 3191 3196
4 3 583 3823 3854 3856
5 3 238 1437 1651 1701
1 3 18 1462 1544 1546
2 3 694 4667 4865 4898
1 3 12 1099 1374 1379
2 3 103 4047 4104 4109
5 3 467 2929 2933 2937
2 3 648 4318 4326 4327
3 3 339 2024 2051 2064
2 3 113 4382 4545 4597
5 3 672 4471 4680 4685
4 3 48 1783 2775 2778
4 3 100 3906 4875 4880
1 3 185 1010 1054 1058
2 3 598 3934 3937 3940
1 3 127 750 751 757
2 3 692 4657 4658 4660
3 3 324 1946 1949 1952
6 3 229 1315 1341 1354
3 3 165 927 971 974
6 3 95 3670 4639 4644
1 3 7 764 1088 1093
5 3 401 2456 2492 2495
1 3 245 1452 1511 1515
1 3 8 856 857 864
3 3 465 2931 2940 2946
3 3 349 2092 2119 2132
2 3 109 4202 4365 4417
2 3 642 4240 4241 4245
6 3 557 3642 3645 3650
2 3 685 4608 4651 4675
2 3 713 4761 4764 4766
4 3 428 2710 2782 2784
4 3 581 3825 3888 3890
3 3 473 3018 3021 3024
1 3 222 1313 1578 1593
4 3 586 3899 3901 3904
1 3 232 1386 1398 1403
3 3 343 2119 2126 2132
3 3 623 4070 4073 4076
3 3 354 2195 2198 2202
2 3 629 4194 4202 4203
6 3 418 2671 2676 2684
5 3 564 3722 3746 3750
2 3 692 4659 4664 4672
1 3 167 912 940 954
3 3 491 3189 3192 3196
1 3 142 737 741 746
1 3 226 1292 1303 1307
2 3 662 4430 4438 4439
4 3 281 1676 1763 1766
1 3 221 1303 1312 1320
2 3 607 4039 4046 4052
5 3 61 2281 2490 2495
2 3 629 4193 4194 4197
2 3 719 4838 4846 4849
3 3 480 3113 3120 3126
3 3 52 1990 2048 2054
1 3 269 1601 1635 1640
1 3 299 1816 1865 1900
1 3 283 1661 1672 1678
6 3 418 2669 3637 3640
4 3 573 3804 4764 4772
1 3 216 1235 1246 1252
6 3 180 1026 1304 1310
1 3 4 924 925 932
1 3 266 1599 1864 1879
5 3 604 3927 3955 3959
1 3 135 752 755 759
6 3 420 2648 2679 2684
4 3 450 2922 3882 3890
2 3 629 4202 4414 4417
3 3 77 3042 3937 4008
3 3 461 2940 2943 2946
1 3 151 845 848 852
4 3 97 3804 4698 4772
5 3 370 2220 2222 2225
1 3 316 1899 1922 1930
1 3 277 1648 1653 1657
4 3 50 1918 2887 2892
3 3 496 3154 3181 3194
4 3 292 1786 1792 1794
1 3 314 1875 1886 1892
6 3 454 2884 2907 2920
4 3 312 1919 1922 1924
3 3 610 4012 4015 4018
1 3 140 734 792 796
2 3 644 4234 4244 4272
3 3 328 1937 1946 1952
1 3 226 1293 1314 1328
4 3 574 3769 3832 3834
2 3 104 4114 4117 4120
3 3 496 3144 3147 3150
4 3 581 3853 3888 3918
1 3 140 739 752 759
3 3 330 1967 1980 2012
4 3 48 1860 2775 2840
1 3 161 940 952 954
3 3 597 3923 3924 3931
3 3 27 801 1949 1952
2 3 679 4554 4562 4563
2 3 716 4838 4844 4849
1 3 289 1739 1748 1756
6 3 60 2204 3167 3172
3 3 148 876 879 882
1 3 231 1374 1375 1379
1 3 260 1510 1521 1525
3 3 353 2187 2194 2200
2 3 607 4036 4037 4041
5 3 236 1412 1436 1440
1 3 211 1234 1293 1297
2 3 106 3996 3997 4000
6 3 225 1349 1590 1630
2 3 598 3934 3978 3981
5 3 538 3450 3452 3455
4 3 72 2744 2810 2812
1 3 310 1891 1898 1902
3 3 30 1051 1053 1058
1 3 285 1674 1677 1680
5 3 66 2517 2726 2731
2 3 728 4865 4867 4870
1 3 155 834 845 852
3 3 183 995 1043 1046
6 3 225 1318 1590 1596
5 3 56 2008 2009 2012
2 3 686 4618 4830 4833
1 3 23 1748 1749 1756
2 3 692 4657 4659 4662
1 3 8 952 1166 1229
2 3 713 4770 4792 4800
2 3 717 4845 4846 4849
2 3 124 4847 4910 4912
1 3 15 1312 1318 1324
6 3 95 3899 4639 4870
6 3 449 2905 3873 3876
6 3 387 2435 2440 2448
1 3 9 938 1034 1036
4 3 279 1712 2711 2713
1 3 283 1646 1661 1665
4 3 279 1715 1721 1725
3 3 179 1009 1012 1016
2 3 678 4545 4546 4548
5 3 36 1410 2247 2461
2 3 637 4250 4303 4305
2 3 718 4817 4819 4822
2 3 608 4047 4048 4051
3 3 470 3045 3052 3058
3 3 483 3123 3144 3184
5 3 56 2009 2254 2259
3 3 336 2024 2027 2030
3 3 456 2967 2972 2976
1 3 269 1635 1876 1916
2 3 654 4365 4415 4417
5 3 535 3476 3477 3480
6 3 65 2440 3409 3414
2 3 670 4478 4480 4483
1 3 22 1671 1676 1680
2 3 662 4438 4650 4653
1 3 221 1302 1303 1307
2 3 612 4048 4058 4061
1 3 9 939 1234 1239
1 3 173 993 1006 1014
1 3 212 1245 1246 1252
1 3 313 1888 1921 1924
2 3 617 4107 4114 4120
5 3 533 3510 4446 4474
2 3 112 4258 4486 4489
1 3 19 1612 1806 1869
5 3 365 2256 2280 2284
4 3 428 2708 2710 2713
4 3 565 3702 3704 3707
4 3 426 2742 2745 2747
4 3 720 4817 4848 4850
4 3 444 2829 2859 2862
1 3 282 1687 1723 1726
5 3 706 4682 4706 4710
2 3 111 4267 4478 4481
1 3 211 1244 1293 1328
5 3 675 4470 4480 4508
4 3 580 3860 4820 4828
1 3 260 1521 1532 1538
4 3 306 1831 1854 1862
1 3 173 998 1006 1016
6 3 494 3201 3399 3432
1 3 310 1885 1886 1892
1 3 245 1452 1453 1457
3 3 28 889 958 964
3 3 78 3055 3110 3116
4 3 75 2912 3881 3886
4 3 279 1721 2711 2721
5 3 365 2254 3216 3219
4 3 711 4761 4763 4766
1 3 250 1442 1443 1447
2 3 122 4732 4798 4800
1 3 21 1684 1685 1689
6 3 387 2433 2435 2438
1 3 300 1817 1818 1824
3 3 27 804 876 882
4 3 47 1714 1792 1794
5 3 467 2961 2974 3006
1 3 188 1099 1360 1379
4 3 96 3746 4707 4710
5 3 66 2516 3477 3480
4 3 437 2775 2838 2840
4 3 576 3767 3798 3800
4 3 574 3797 3832 3862
5 3 81 3002 3003 3006
1 3 202 1178 1190 1192
3 3 183 1009 1043 1056
2 3 662 4429 4650 4660
3 3 53 2116 3021 3082

vertices
4913
3
 0 0 0
 0.25 0 0
 0.5 0 0
 0.75 0 0
 1 0 0
 0 0.25 0
 0.25 0.25 0
 0.5 0.25 0
 0.75 0.25 0
 1 0.25 0
 0 0.5 0
 0.25 0.5 0
 0.5 0.5 0
 0.75 0.5 0
 1 0.5 0
 0 0.75 0
 0.25 0.75 0
 0.5 0.75 0
 0.75 0.75 0
 1 0.75 0
 0 1 0
 0.25 1 0
 0.5 1 0
 0.75 1 0
 1 1 0
 0 0 0.25
 0.25 0 0.25
 0.5 0 0.25
 0.75 0 0.25
 1 0 0.25
 0 0.25 0.25
 0.25 0.25 0.25
 0.5 0.25 0.25
 0.75 0.25 0.25
 1 0.25 0.25
 0 0.5 0.25
 0.25 0.5 0.25
 0.5 0.5 0.25
 0.75 0.5 0.25
 1 0.5 0.25
 0 0.75 0.25
 0.25 0.75 0.25
 0.5 0.75 0.25
 0.75 0.75 0.25
 1 0.75 0.25
 0 1 0.25
 0.25 1 0.25
 0.5 1 0.25
 0.75 1 0.25
 1 1 0.25
 0 0 0.5
 0.25 0 0.5
 0.5 0 0.5
 0.75 0 0.5
 1 0 0.5
 0 0.25 0.5
 0.25 0.25 0.5
 0.5 0.25 0.5
 0.75 0.25 0.5
 1 0.25 0.5
 0 0.5 0.5
 0.25 0.5 0.5
 0.5 0.5 0.5
 0.75 0.5 0.5
 1 0.5 0.5
 0 0.75 0.5
 0.25 0.75 0.5
 0.5 0.75 0.5
 0.75 0.75 0.5
 1 0.75 0.5
 0 1 0.5
 0.25 1 0.5
 0.5 1 0.5
 0.75 1 0.5
 1 1 0.5
 0 0 0.75
 0.25 0 0.75
 0.5 0 0.75
 0.75 0 0.75
 1 0 0.75
 0 0.25 0.75
 0.25 0.25 0.75
 0.5 0.25 0.75
 0.75 0.25 0.75
 1 0.25 0.75
 0 0.5 0.75
 0.25 0.5 0.75
 0.5 0.5 0.75
 0.75 0.5 0.75
 1 0.5 0.75
 0 0.75 0.75
 0.25 0.75 0.75
 0.5 0.75 0.75
 0.75 0.75 0.75
 1 0.75 0.75
 0 1 0.75
 0.25 1 0.75
 0.5 1 0.75
 0.75 1 0.75
 1 1 0.75
 0 0 1
 0.25 0 1
 0.5 0 1
 0.75 0 1
 1 0 1
 0 0.25 1
 0.25 0.25 1
 0.5 0.25 1
 0.75 0.25 1
 1 0.25 1
 0 0.5 1
 0.25 0.5 1
 0.5 0.5 1
 0.75 0.5 1
 1 0.5 1
 0 0.75 1
 0.25 0.75 1
 0.5 0.75 1
 0.75 0.75 1
 1 0.75 1
 0 1 1
 0.25 1 1
 0.5 1 1
 0.75 1 1
 1 1 1
 0.125 0 0
 0.25 0.125 0
 0.125 0.25 0
 0 0.125 0
 0.125 0 0.25
 0.25 0.125 0.25
 0.125 0.25 0.25
 0 0.125 0.25
 0 0 0.125
 0.25 0 0.125
 0.25 0.25 0.125
 0 0.25 0.125
 0.125 0.125 0
 0.125 0.125 0.25
 0.125 0 0.125
 0.125 0.25 0.125
 0 0.125 0.125
 0.25 0.125 0.125
 0.125 0.125 0.125
 0.375 0 0
 0.5 0.125 0
 0.375 0.25 0
 0.375 0 0.25
 0.5 0.125 0.25
 0.375 0.25 0.25
 0.5 0 0.125
 0.5 0.25 0.125
 0.375 0.125 0
 0.375 0.125 0.25
 0.375 0 0.125
 0.375 0.25 0.125
 0.5 0.125 0.125
 0.375 0.125 0.125
 0.625 0 0
 0.75 0.125 0
 0.625 0.25 0
 0.625 0 0.25
 0.75 0.125 0.25
 0.625 0.25 0.25
 0.75 0 0.125
 0.75 0.25 0.125
 0.625 0.125 0
 0.625 0.125 0.25
 0.625 0 0.125
 0.625 0.25 0.125
 0.75 0.125 0.125
 0.625 0.125 0.125
 0.875 0 0
 1 0.125 0
 0.875 0.25 0
 0.875 0 0.25
 1 0.125 0.25
 0.875 0.25 0.25
 1 0 0.125
 1 0.25 0.125
 0.875 0.125 0
 0.875 0.125 0.25
 0.875 0 0.125
 0.875 0.25 0.125
 1 0.125 0.125
 0.875 0.125 0.125
 0.25 0.375 0
 0.125 0.5 0
 0 0.375 0
 0.25 0.375 0.25
 0.125 0.5 0.25
 0 0.375 0.25
 0.25 0.5 0.125
 0 0.5 0.125
 0.125 0.375 0
 0.125 0.375 0.25
 0.125 0.5 0.125
 0 0.375 0.125
 0.25 0.375 0.125
 0.125 0.375 0.125
 0.5 0.375 0
 0.375 0.5 0
 0.5 0.375 0.25
 0.375 0.5 0.25
 0.5 0.5 0.125
 0.375 0.375 0
 0.375 0.375 0.25
 0.375 0.5 0.125
 0.5 0.375 0.125
 0.375 0.375 0.125
 0.75 0.375 0
 0.625 0.5 0
 0.75 0.375 0.25
 0.625 0.5 0.25
 0.75 0.5 0.125
 0.625 0.375 0
 0.625 0.375 0.25
 0.625 0.5 0.125
 0.75 0.375 0.125
 0.625 0.375 0.125
 1 0.375 0
 0.875 0.5 0
 1 0.375 0.25
 0.875 0.5 0.25
 1 0.5 0.125
 0.875 0.375 0
 0.875 0.375 0.25
 0.875 0.5 0.125
 1 0.375 0.125
 0.875 0.375 0.125
 0.25 0.625 0
 0.125 0.75 0
 0 0.625 0
 0.25 0.625 0.25
 0.125 0.75 0.25
 0 0.625 0.25
 0.25 0.75 0.125
 0 0.75 0.125
 0.125 0.625 0
 0.125 0.625 0.25
 0.125 0.75 0.125
 0 0.625 0.125
 0.25 0.625 0.125
 0.125 0.625 0.125
 0.5 0.625 0
 0.375 0.75 0
 0.5 0.625 0.25
 0.375 0.75 0.25
 0.5 0.75 0.125
 0.375 0.625 0
 0.375 0.625 0.25
 0.375 0.75 0.125
 0.5 0.625 0.125
 0.375 0.625 0.125
 0.75 0.625 0
 0.625 0.75 0
 0.75 0.625 0.25
 0.625 0.75 0.25
 0.75 0.75 0.125
 0.625 0.625 0
 0.625 0.625 0.25
 0.625 0.75 0.125
 0.75 0.625 0.125
 0.625 0.625 0.125
 1 0.625 0
 0.875 0.75 0
 1 0.625 0.25
 0.875 0.75 0.25
 1 0.75 0.125
 0.875 0.625 0
 0.875 0.625 0.25
 0.875 0.75 0.125
 1 0.625 0.125
 0.875 0.625 0.125
 0.25 0.875 0
 0.125 1 0
 0 0.875 0
 0.25 0.875 0.25
 0.125 1 0.25
 0 0.875 0.25
 0.25 1 0.125
 0 1 0.125
 0.125 0.875 0
 0.125 0.875 0.25
 0.125 1 0.125
 0 0.875 0.125
 0.25 0.875 0.125
 0.125 0.875 0.125
 0.5 0.875 0
 0.375 1 0
 0.5 0.875 0.25
 0.375 1 0.25
 0.5 1 0.125
 0.375 0.875 0
 0.375 0.875 0.25
 0.375 1 0.125
 0.5 0.875 0.125
 0.375 0.875 0.125
 0.75 0.875 0
 0.625 1 0
 0.75 0.875 0.25
 0.625 1 0.25
 0.75 1 0.125
 0.625 0.875 0
 0.625 0.875 0.25
 0.625 1 0.125
 0.75 0.875 0.125
 0.625 0.875 0.125
 1 0.875 0
 0.875 1 0
 1 0.875 0.25
 0.875 1 0.25
 1 1 0.125
 0.875 0.875 0
 0.875 0.875 0.25
 0.875 1 0.125
 1 0.875 0.125
 0.875 0.875 0.125
 0.125 0 0.5
 0.25 0.125 0.5
 0.125 0.25 0.5
 0 0.125 0.5
 0 0 0.375
 0.25 0 0.375
 0.25 0.25 0.375
 0 0.25 0.375
 0.125 0.125 0.5
 0.125 0 0.375
 0.125 0.25 0.375
 0 0.125 0.375
 0.25 0.125 0.375
 0.125 0.125 0.375
 0.375 0 0.5
 0.5 0.125 0.5
 0.375 0.25 0.5
 0.5 0 0.375
 0.5 0.25 0.375
 0.375 0.125 0.5
 0.375 0 0.375
 0.375 0.25 0.375
 0.5 0.125 0.375
 0.375 0.125 0.375
 0.625 0 0.5
 0.75 0.125 0.5
 0.625 0.25 0.5
 0.75 0 0.375
 0.75 0.25 0.375
 0.625 0.125 0.5
 0.625 0 0.375
 0.625 0.25 0.375
 0.75 0.125 0.375
 0.625 0.125 0.375
 0.875 0 0.5
 1 0.125 0.5
 0.875 0.25 0.5
 1 0 0.375
 1 0.25 0.375
 0.875 0.125 0.5
 0.875 0 0.375
 0.875 0.25 0.375
 1 0.125 0.375
 0.875 0.125 0.375
 0.25 0.375 0.5
 0.125 0.5 0.5
 0 0.375 0.5
 0.25 0.5 0.375
 0 0.5 0.375
 0.125 0.375 0.5
 0.125 0.5 0.375
 0 0.375 0.375
 0.25 0.375 0.375
 0.125 0.375 0.375
 0.5 0.375 0.5
 0.375 0.5 0.5
 0.5 0.5 0.375
 0.375 0.375 0.5
 0.375 0.5 0.375
 0.5 0.375 0.375
 0.375 0.375 0.375
 0.75 0.375 0.5
 0.625 0.5 0.5
 0.75 0.5 0.375
 0.625 0.375 0.5
 0.625 0.5 0.375
 0.75 0.375 0.375
 0.625 0.375 0.375
 1 0.375 0.5
 0.875 0.5 0.5
 1 0.5 0.375
 0.875 0.375 0.5
 0.875 0.5 0.375
 1 0.375 0.375
 0.875 0.375 0.375
 0.25 0.625 0.5
 0.125 0.75 0.5
 0 0.625 0.5
 0.25 0.75 0.375
 0 0.75 0.375
 0.125 0.625 0.5
 0.125 0.75 0.375
 0 0.625 0.375
 0.25 0.625 0.375
 0.125 0.625 0.375
 0.5 0.625 0.5
 0.375 0.75 0.5
 0.5 0.75 0.375
 0.375 0.625 0.5
 0.375 0.75 0.375
 0.5 0.625 0.375
 0.375 0.625 0.375
 0.75 0.625 0.5
 0.625 0.75 0.5
 0.75 0.75 0.375
 0.625 0.625 0.5
 0.625 0.75 0.375
 0.75 0.625 0.375
 0.625 0.625 0.375
 1 0.625 0.5
 0.875 0.75 0.5
 1 0.75 0.375
 0.875 0.625 0.5
 0.875 0.75 0.375
 1 0.625 0.375
 0.875 0.625 0.375
 0.25 0.875 0.5
 0.125 1 0.5
 0 0.875 0.5
 0.25 1 0.375
 0 1 0.375
 0.125 0.875 0.5
 0.125 1 0.375
 0 0.875 0.375
 0.25 0.875 0.375
 0.125 0.875 0.375
 0.5 0.875 0.5
 0.375 1 0.5
 0.5 1 0.375
 0.375 0.875 0.5
 0.375 1 0.375
 0.5 0.875 0.375
 0.375 0.875 0.375
 0.75 0.875 0.5
 0.625 1 0.5
 0.75 1 0.375
 0.625 0.875 0.5
 0.625 1 0.375
 0.75 0.875 0.375
 0.625 0.875 0.375
 1 0.875 0.5
 0.875 1 0.5
 1 1 0.375
 0.875 0.875 0.5
 0.875 1 0.375
 1 0.875 0.375
 0.875 0.875 0.375
 0.125 0 0.75
 0.25 0.125 0.75
 0.125 0.25 0.75
 0 0.125 0.75
 0 0 0.625
 0.25 0 0.625
 0.25 0.25 0.625
 0 0.25 0.625
 0.125 0.125 0.75
 0.125 0 0.625
 0.125 0.25 0.625
 0 0.125 0.625
 0.25 0.125 0.625
 0.125 0.125 0.625
 0.375 0 0.75
 0.5 0.125 0.75
 0.375 0.25 0.75
 0.5 0 0.625
 0.5 0.25 0.625
 0.375 0.125 0.75
 0.375 0 0.625
 0.375 0.25 0.625
 0.5 0.125 0.625
 0.375 0.125 0.625
 0.625 0 0.75
 0.75 0.125 0.75
 0.625 0.25 0.75
 0.75 0 0.625
 0.75 0.25 0.625
 0.625 0.125 0.75
 0.625 0 0.625
 0.625 0.25 0.625
 0.75 0.125 0.625
 0.625 0.125 0.625
 0.875 0 0.75
 1 0.125 0.75
 0.875 0.25 0.75
 1 0 0.625
 1 0.25 0.625
 0.875 0.125 0.75
 0.875 0 0.625
 0.875 0.25 0.625
 1 0.125 0.625
 0.875 0.125 0.625
 0.25 0.375 0.75
 0.125 0.5 0.75
 0 0.375 0.75
 0.25 0.5 0.625
 0 0.5 0.625
 0.125 0.375 0.75
 0.125 0.5 0.625
 0 0.375 0.625
 0.25 0.375 0.625
 0.125 0.375 0.625
 0.5 0.375 0.75
 0.375 0.5 0.75
 0.5 0.5 0.625
 0.375 0.375 0.75
 0.375 0.5 0.625
 0.5 0.375 0.625
 0.375 0.375 0.625
 0.75 0.375 0.75
 0.625 0.5 0.75
 0.75 0.5 0.625
 0.625 0.375 0.75
 0.625 0.5 0.625
 0.75 0.375 0.625
 0.625 0.375 0.625
 1 0.375 0.75
 0.875 0.5 0.75
 1 0.5 0.625
 0.875 0.375 0.75
 0.875 0.5 0.625
 1 0.375 0.625
 0.875 0.375 0.625
 0.25 0.625 0.75
 0.125 0.75 0.75
 0 0.625 0.75
 0.25 0.75 0.625
 0 0.75 0.625
 0.125 0.625 0.75
 0.125 0.75 0.625
 0 0.625 0.625
 0.25 0.625 0.625
 0.125 0.625 0.625
 0.5 0.625 0.75
 0.375 0.75 0.75
 0.5 0.75 0.625
 0.375 0.625 0.75
 0.375 0.75 0.625
 0.5 0.625 0.625
 0.375 0.625 0.625
 0.75 0.625 0.75
 0.625 0.75 0.75
 0.75 0.75 0.625
 0.625 0.625 0.75
 0.625 0.75 0.625
 0.75 0.625 0.625
 0.625 0.625 0.625
 1 0.625 0.75
 0.875 0.75 0.75
 1 0.75 0.625
 0.875 0.625 0.75
 0.875 0.75 0.625
 1 0.625 0.625
 0.875 0.625 0.625
 0.25 0.875 0.75
 0.125 1 0.75
 0 0.875 0.75
 0.25 1 0.625
 0 1 0.625
 0.125 0.875 0.75
 0.125 1 0.625
 0 0.875 0.625
 0.25 0.875 0.625
 0.125 0.875 0.625
 0.5 0.875 0.75
 0.375 1 0.75
 0.5 1 0.625
 0.375 0.875 0.75
 0.375 1 0.625
 0.5 0.875 0.625
 0.375 0.875 0.625
 0.75 0.875 0.75
 0.625 1 0.75
 0.75 1 0.625
 0.625 0.875 0.75
 0.625 1 0.625
 0.75 0.875 0.625
 0.625 0.875 0.625
 1 0.875 0.75
 0.875 1 0.75
 1 1 0.625
 0.875 0.875 0.75
 0.875 1 0.625
 1 0.875 0.625
 0.875 0.875 0.625
 0.125 0 1
 0.25 0.125 1
 0.125 0.25 1
 0 0.125 1
 0 0 0.875
 0.25 0 0.875
 0.25 0.25 0.875
 0 0.25 0.875
 0.125 0.125 1
 0.125 0 0.875
 0.125 0.25 0.875
 0 0.125 0.875
 0.25 0.125 0.875
 0.125 0.125 0.875
 0.375 0 1
 0.5 0.125 1
 0.375 0.25 1
 0.5 0 0.875
 0.5 0.25 0.875
 0.375 0.125 1
 0.375 0 0.875
 0.375 0.25 0.875
 0.5 0.125 0.875
 0.375 0.125 0.875
 0.625 0 1
 0.75 0.125 1
 0.625 0.25 1
 0.75 0 0.875
 0.75 0.25 0.875
 0.625 0.125 1
 0.625 0 0.875
 0.625 0.25 0.875
 0.75 0.125 0.875
 0.625 0.125 0.875
 0.875 0 1
 1 0.125 1
 0.875 0.25 1
 1 0 0.875
 1 0.25 0.875
 0.875 0.125 1
 0.875 0 0.875
 0.875 0.25 0.875
 1 0.125 0.875
 0.875 0.125 0.875
 0.25 0.375 1
 0.125 0.5 1
 0 0.375 1
 0.25 0.5 0.875
 0 0.5 0.875
 0.125 0.375 1
 0.125 0.5 0.875
 0 0.375 0.875
 0.25 0.375 0.875
 0.125 0.375 0.875
 0.5 0.375 1
 0.375 0.5 1
 0.5 0.5 0.875
 0.375 0.375 1
 0.375 0.5 0.875
 0.5 0.375 0.875
 0.375 0.375 0.875
 0.75 0.375 1
 0.625 0.5 1
 0.75 0.5 0.875
 0.625 0.375 1
 0.625 0.5 0.875
 0.75 0.375 0.875
 0.625 0.375 0.875
 1 0.375 1
 0.875 0.5 1
 1 0.5 0.875
 0.875 0.375 1
 0.875 0.5 0.875
 1 0.375 0.875
 0.875 0.375 0.875
 0.25 0.625 1
 0.125 0.75 1
 0 0.625 1
 0.25 0.75 0.875
 0 0.75 0.875
 0.125 0.625 1
 0.125 0.75 0.875
 0 0.625 0.875
 0.25 0.625 0.875
 0.125 0.625 0.875
 0.5 0.625 1
 0.375 0.75 1
 0.5 0.75 0.875
 0.375 0.625 1
 0.375 0.75 0.875
 0.5 0.625 0.875
 0.375 0.625 0.875
 0.75 0.625 1
 0.625 0.75 1
 0.75 0.75 0.875
 0.625 0.625 1
 0.625 0.75 0.875
 0.75 0.625 0.875
 0.625 0.625 0.875
 1 0.625 1
 0.875 0.75 1
 1 0.75 0.875
 0.875 0.625 1
 0.875 0.75 0.875
 1 0.625 0.875
 0.875 0.625 0.875
 0.25 0.875 1
 0.125 1 1
 0 0.875 1
 0.25 1 0.875
 0 1 0.875
 0.125 0.875 1
 0.125 1 0.875
 0 0.875 0.875
 0.25 0.875 0.875
 0.125 0.875 0.875
 0.5 0.875 1
 0.375 1 1
 0.5 1 0.875
 0.375 0.875 1
 0.375 1 0.875
 0.5 0.875 0.875
 0.375 0.875 0.875
 0.75 0.875 1
 0.625 1 1
 0.75 1 0.875
 0.625 0.875 1
 0.625 1 0.875
 0.75 0.875 0.875
 0.625 0.875 0.875
 1 0.875 1
 0.875 1 1
 1 1 0.875
 0.875 0.875 1
 0.875 1 0.875
 1 0.875 0.875
 0.875 0.875 0.875
 0.0625 0 0
 0.125 0.0625 0
 0.0625 0.125 0
 0 0.0625 0
 0.0625 0 0.125
 0.125 0.0625 0.125
 0.0625 0.125 0.125
 0 0.0625 0.125
 0 0 0.0625
 0.125 0 0.0625
 0.125 0.125 0.0625
 0 0.125 0.0625
 0.0625 0.0625 0
 0.0625 0.0625 0.125
 0.0625 0 0.0625
 0.0625 0.125 0.0625
 0 0.0625 0.0625
 0.125 0.0625 0.0625
 0.0625 0.0625 0.0625
 0.1875 0 0
 0.25 0.0625 0
 0.1875 0.125 0
 0.1875 0 0.125
 0.25 0.0625 0.125
 0.1875 0.125 0.125
 0.25 0 0.0625
 0.25 0.125 0.0625
 0.1875 0.0625 0
 0.1875 0.0625 0.125
 0.1875 0 0.0625
 0.1875 0.125 0.0625
 0.25 0.0625 0.0625
 0.1875 0.0625 0.0625
 0.25 0.1875 0
 0.1875 0.25 0
 0.125 0.1875 0
 0.25 0.1875 0.125
 0.1875 0.25 0.125
 0.125 0.1875 0.125
 0.25 0.25 0.0625
 0.125 0.25 0.0625
 0.1875 0.1875 0
 0.1875 0.1875 0.125
 0.1875 0.25 0.0625
 0.125 0.1875 0.0625
 0.25 0.1875 0.0625
 0.1875 0.1875 0.0625
 0.0625 0.25 0
 0 0.1875 0
 0.0625 0.25 0.125
 0 0.1875 0.125
 0 0.25 0.0625
 0.0625 0.1875 0
 0.0625 0.1875 0.125
 0.0625 0.25 0.0625
 0 0.1875 0.0625
 0.0625 0.1875 0.0625
 0.0625 0 0.25
 0.125 0.0625 0.25
 0.0625 0.125 0.25
 0 0.0625 0.25
 0 0 0.1875
 0.125 0 0.1875
 0.125 0.125 0.1875
 0 0.125 0.1875
 0.0625 0.0625 0.25
 0.0625 0 0.1875
 0.0625 0.125 0.1875
 0 0.0625 0.1875
 0.125 0.0625 0.1875
 0.0625 0.0625 0.1875
 0.1875 0 0.25
 0.25 0.0625 0.25
 0.1875 0.125 0.25
 0.25 0 0.1875
 0.25 0.125 0.1875
 0.1875 0.0625 0.25
 0.1875 0 0.1875
 0.1875 0.125 0.1875
 0.25 0.0625 0.1875
 0.1875 0.0625 0.1875
 0.25 0.1875 0.25
 0.1875 0.25 0.25
 0.125 0.1875 0.25
 0.25 0.25 0.1875
 0.125 0.25 0.1875
 0.1875 0.1875 0.25
 0.1875 0.25 0.1875
 0.125 0.1875 0.1875
 0.25 0.1875 0.1875
 0.1875 0.1875 0.1875
 0.0625 0.25 0.25
 0 0.1875 0.25
 0 0.25 0.1875
 0.0625 0.1875 0.25
 0.0625 0.25 0.1875
 0 0.1875 0.1875
 0.0625 0.1875 0.1875
 0.3125 0 0
 0.375 0.0625 0
 0.3125 0.125 0
 0.3125 0 0.125
 0.375 0.0625 0.125
 0.3125 0.125 0.125
 0.375 0 0.0625
 0.375 0.125 0.0625
 0.3125 0.0625 0
 0.3125 0.0625 0.125
 0.3125 0 0.0625
 0.3125 0.125 0.0625
 0.375 0.0625 0.0625
 0.3125 0.0625 0.0625
 0.4375 0 0
 0.5 0.0625 0
 0.4375 0.125 0
 0.4375 0 0.125
 0.5 0.0625 0.125
 0.4375 0.125 0.125
 0.5 0 0.0625
 0.5 0.125 0.0625
 0.4375 0.0625 0
 0.4375 0.0625 0.125
 0.4375 0 0.0625
 0.4375 0.125 0.0625
 0.5 0.0625 0.0625
 0.4375 0.0625 0.0625
 0.5 0.1875 0
 0.4375 0.25 0
 0.375 0.1875 0
 0.5 0.1875 0.125
 0.4375 0.25 0.125
 0.375 0.1875 0.125
 0.5 0.25 0.0625
 0.375 0.25 0.0625
 0.4375 0.1875 0
 0.4375 0.1875 0.125
 0.4375 0.25 0.0625
 0.375 0.1875 0.0625
 0.5 0.1875 0.0625
 0.4375 0.1875 0.0625
 0.3125 0.25 0
 0.3125 0.25 0.125
 0.3125 0.1875 0
 0.3125 0.1875 0.125
 0.3125 0.25 0.0625
 0.3125 0.1875 0.0625
 0.3125 0 0.25
 0.375 0.0625 0.25
 0.3125 0.125 0.25
 0.375 0 0.1875
 0.375 0.125 0.1875
 0.3125 0.0625 0.25
 0.3125 0 0.1875
 0.3125 0.125 0.1875
 0.375 0.0625 0.1875
 0.3125 0.0625 0.1875
 0.4375 0 0.25
 0.5 0.0625 0.25
 0.4375 0.125 0.25
 0.5 0 0.1875
 0.5 0.125 0.1875
 0.4375 0.0625 0.25
 0.4375 0 0.1875
 0.4375 0.125 0.1875
 0.5 0.0625 0.1875
 0.4375 0.0625 0.1875
 0.5 0.1875 0.25
 0.4375 0.25 0.25
 0.375 0.1875 0.25
 0.5 0.25 0.1875
 0.375 0.25 0.1875
 0.4375 0.1875 0.25
 0.4375 0.25 0.1875
 0.375 0.1875 0.1875
 0.5 0.1875 0.1875
 0.4375 0.1875 0.1875
 0.3125 0.25 0.25
 0.3125 0.1875 0.25
 0.3125 0.25 0.1875
 0.3125 0.1875 0.1875
 0.5625 0 0
 0.625 0.0625 0
 0.5625 0.125 0
 0.5625 0 0.125
 0.625 0.0625 0.125
 0.5625 0.125 0.125
 0.625 0 0.0625
 0.625 0.125 0.0625
 0.5625 0.0625 0
 0.5625 0.0625 0.125
 0.5625 0 0.0625
 0.5625 0.125 0.0625
 0.625 0.0625 0.0625
 0.5625 0.0625 0.0625
 0.6875 0 0
 0.75 0.0625 0
 0.6875 0.125 0
 0.6875 0 0.125
 0.75 0.0625 0.125
 0.6875 0.125 0.125
 0.75 0 0.0625
 0.75 0.125 0.0625
 0.6875 0.0625 0
 0.6875 0.0625 0.125
 0.6875 0 0.0625
 0.6875 0.125 0.0625
 0.75 0.0625 0.0625
 0.6875 0.0625 0.0625
 0.75 0.1875 0
 0.6875 0.25 0
 0.625 0.1875 0
 0.75 0.1875 0.125
 0.6875 0.25 0.125
 0.625 0.1875 0.125
 0.75 0.25 0.0625
 0.625 0.25 0.0625
 0.6875 0.1875 0
 0.6875 0.1875 0.125
 0.6875 0.25 0.0625
 0.625 0.1875 0.0625
 0.75 0.1875 0.0625
 0.6875 0.1875 0.0625
 0.5625 0.25 0
 0.5625 0.25 0.125
 0.5625 0.1875 0
 0.5625 0.1875 0.125
 0.5625 0.25 0.0625
 0.5625 0.1875 0.0625
 0.5625 0 0.25
 0.625 0.0625 0.25
 0.5625 0.125 0.25
 0.625 0 0.1875
 0.625 0.125 0.1875
 0.5625 0.0625 0.25
 0.5625 0 0.1875
 0.5625 0.125 0.1875
 0.625 0.0625 0.1875
 0.5625 0.0625 0.1875
 0.6875 0 0.25
 0.75 0.0625 0.25
 0.6875 0.125 0.25
 0.75 0 0.1875
 0.75 0.125 0.1875
 0.6875 0.0625 0.25
 0.6875 0 0.1875
 0.6875 0.125 0.1875
 0.75 0.0625 0.1875
 0.6875 0.0625 0.1875
 0.75 0.1875 0.25
 0.6875 0.25 0.25
 0.625 0.1875 0.25
 0.75 0.25 0.1875
 0.625 0.25 0.1875
 0.6875 0.1875 0.25
 0.6875 0.25 0.1875
 0.625 0.1875 0.1875
 0.75 0.1875 0.1875
 0.6875 0.1875 0.1875
 0.5625 0.25 0.25
 0.5625 0.1875 0.25
 0.5625 0.25 0.1875
 0.5625 0.1875 0.1875
 0.8125 0 0
 0.875 0.0625 0
 0.8125 0.125 0
 0.8125 0 0.125
 0.875 0.0625 0.125
 0.8125 0.125 0.125
 0.875 0 0.0625
 0.875 0.125 0.0625
 0.8125 0.0625 0
 0.8125 0.0625 0.125
 0.8125 0 0.0625
 0.8125 0.125 0.0625
 0.875 0.0625 0.0625
 0.8125 0.0625 0.0625
 0.9375 0 0
 1 0.0625 0
 0.9375 0.125 0
 0.9375 0 0.125
 1 0.0625 0.125
 0.9375 0.125 0.125
 1 0 0.0625
 1 0.125 0.0625
 0.9375 0.0625 0
 0.9375 0.0625 0.125
 0.9375 0 0.0625
 0.9375 0.125 0.0625
 1 0.0625 0.0625
 0.9375 0.0625 0.0625
 1 0.1875 0
 0.9375 0.25 0
 0.875 0.1875 0
 1 0.1875 0.125
 0.9375 0.25 0.125
 0.875 0.1875 0.125
 1 0.25 0.0625
 0.875 0.25 0.0625
 0.9375 0.1875 0
 0.9375 0.1875 0.125
 0.9375 0.25 0.0625
 0.875 0.1875 0.0625
 1 0.1875 0.0625
 0.9375 0.1875 0.0625
 0.8125 0.25 0
 0.8125 0.25 0.125
 0.8125 0.1875 0
 0.8125 0.1875 0.125
 0.8125 0.25 0.0625
 0.8125 0.1875 0.0625
 0.8125 0 0.25
 0.875 0.0625 0.25
 0.8125 0.125 0.25
 0.875 0 0.1875
 0.875 0.125 0.1875
 0.8125 0.0625 0.25
 0.8125 0 0.1875
 0.8125 0.125 0.1875
 0.875 0.0625 0.1875
 0.8125 0.0625 0.1875
 0.9375 0 0.25
 1 0.0625 0.25
 0.9375 0.125 0.25
 1 0 0.1875
 1 0.125 0.1875
 0.9375 0.0625 0.25
 0.9375 0 0.1875
 0.9375 0.125 0.1875
 1 0.0625 0.1875
 0.9375 0.0625 0.1875
 1 0.1875 0.25
 0.9375 0.25 0.25
 0.875 0.1875 0.25
 1 0.25 0.1875
 0.875 0.25 0.1875
 0.9375 0.1875 0.25
 0.9375 0.25 0.1875
 0.875 0.1875 0.1875
 1 0.1875 0.1875
 0.9375 0.1875 0.1875
 0.8125 0.25 0.25
 0.8125 0.1875 0.25
 0.8125 0.25 0.1875
 0.8125 0.1875 0.1875
 0.125 0.3125 0
 0.0625 0.375 0
 0 0.3125 0
 0.125 0.3125 0.125
 0.0625 0.375 0.125
 0 0.3125 0.125
 0.125 0.375 0.0625
 0 0.375 0.0625
 0.0625 0.3125 0
 0.0625 0.3125 0.125
 0.0625 0.375 0.0625
 0 0.3125 0.0625
 0.125 0.3125 0.0625
 0.0625 0.3125 0.0625
 0.25 0.3125 0
 0.1875 0.375 0
 0.25 0.3125 0.125
 0.1875 0.375 0.125
 0.25 0.375 0.0625
 0.1875 0.3125 0
 0.1875 0.3125 0.125
 0.1875 0.375 0.0625
 0.25 0.3125 0.0625
 0.1875 0.3125 0.0625
 0.25 0.4375 0
 0.1875 0.5 0
 0.125 0.4375 0
 0.25 0.4375 0.125
 0.1875 0.5 0.125
 0.125 0.4375 0.125
 0.25 0.5 0.0625
 0.125 0.5 0.0625
 0.1875 0.4375 0
 0.1875 0.4375 0.125
 0.1875 0.5 0.0625
 0.125 0.4375 0.0625
 0.25 0.4375 0.0625
 0.1875 0.4375 0.0625
 0.0625 0.5 0
 0 0.4375 0
 0.0625 0.5 0.125
 0 0.4375 0.125
 0 0.5 0.0625
 0.0625 0.4375 0
 0.0625 0.4375 0.125
 0.0625 0.5 0.0625
 0 0.4375 0.0625
 0.0625 0.4375 0.0625
 0.125 0.3125 0.25
 0.0625 0.375 0.25
 0 0.3125 0.25
 0.125 0.375 0.1875
 0 0.375 0.1875
 0.0625 0.3125 0.25
 0.0625 0.375 0.1875
 0 0.3125 0.1875
 0.125 0.3125 0.1875
 0.0625 0.3125 0.1875
 0.25 0.3125 0.25
 0.1875 0.375 0.25
 0.25 0.375 0.1875
 0.1875 0.3125 0.25
 0.1875 0.375 0.1875
 0.25 0.3125 0.1875
 0.1875 0.3125 0.1875
 0.25 0.4375 0.25
 0.1875 0.5 0.25
 0.125 0.4375 0.25
 0.25 0.5 0.1875
 0.125 0.5 0.1875
 0.1875 0.4375 0.25
 0.1875 0.5 0.1875
 0.125 0.4375 0.1875
 0.25 0.4375 0.1875
 0.1875 0.4375 0.1875
 0.0625 0.5 0.25
 0 0.4375 0.25
 0 0.5 0.1875
 0.0625 0.4375 0.25
 0.0625 0.5 0.1875
 0 0.4375 0.1875
 0.0625 0.4375 0.1875
 0.375 0.3125 0
 0.3125 0.375 0
 0.375 0.3125 0.125
 0.3125 0.375 0.125
 0.375 0.375 0.0625
 0.3125 0.3125 0
 0.3125 0.3125 0.125
 0.3125 0.375 0.0625
 0.375 0.3125 0.0625
 0.3125 0.3125 0.0625
 0.5 0.3125 0
 0.4375 0.375 0
 0.5 0.3125 0.125
 0.4375 0.375 0.125
 0.5 0.375 0.0625
 0.4375 0.3125 0
 0.4375 0.3125 0.125
 0.4375 0.375 0.0625
 0.5 0.3125 0.0625
 0.4375 0.3125 0.0625
 0.5 0.4375 0
 0.4375 0.5 0
 0.375 0.4375 0
 0.5 0.4375 0.125
 0.4375 0.5 0.125
 0.375 0.4375 0.125
 0.5 0.5 0.0625
 0.375 0.5 0.0625
 0.4375 0.4375 0
 0.4375 0.4375 0.125
 0.4375 0.5 0.0625
 0.375 0.4375 0.0625
 0.5 0.4375 0.0625
 0.4375 0.4375 0.0625
 0.3125 0.5 0
 0.3125 0.5 0.125
 0.3125 0.4375 0
 0.3125 0.4375 0.125
 0.3125 0.5 0.0625
 0.3125 0.4375 0.0625
 0.375 0.3125 0.25
 0.3125 0.375 0.25
 0.375 0.375 0.1875
 0.3125 0.3125 0.25
 0.3125 0.375 0.1875
 0.375 0.3125 0.1875
 0.3125 0.3125 0.1875
 0.5 0.3125 0.25
 0.4375 0.375 0.25
 0.5 0.375 0.1875
 0.4375 0.3125 0.25
 0.4375 0.375 0.1875
 0.5 0.3125 0.1875
 0.4375 0.3125 0.1875
 0.5 0.4375 0.25
 0.4375 0.5 0.25
 0.375 0.4375 0.25
 0.5 0.5 0.1875
 0.375 0.5 0.1875
 0.4375 0.4375 0.25
 0.4375 0.5 0.1875
 0.375 0.4375 0.1875
 0.5 0.4375 0.1875
 0.4375 0.4375 0.1875
 0.3125 0.5 0.25
 0.3125 0.4375 0.25
 0.3125 0.5 0.1875
 0.3125 0.4375 0.1875
 0.625 0.3125 0
 0.5625 0.375 0
 0.625 0.3125 0.125
 0.5625 0.375 0.125
 0.625 0.375 0.0625
 0.5625 0.3125 0
 0.5625 0.3125 0.125
 0.5625 0.375 0.0625
 0.625 0.3125 0.0625
 0.5625 0.3125 0.0625
 0.75 0.3125 0
 0.6875 0.375 0
 0.75 0.3125 0.125
 0.6875 0.375 0.125
 0.75 0.375 0.0625
 0.6875 0.3125 0
 0.6875 0.3125 0.125
 0.6875 0.375 0.0625
 0.75 0.3125 0.0625
 0.6875 0.3125 0.0625
 0.75 0.4375 0
 0.6875 0.5 0
 0.625 0.4375 0
 0.75 0.4375 0.125
 0.6875 0.5 0.125
 0.625 0.4375 0.125
 0.75 0.5 0.0625
 0.625 0.5 0.0625
 0.6875 0.4375 0
 0.6875 0.4375 0.125
 0.6875 0.5 0.0625
 0.625 0.4375 0.0625
 0.75 0.4375 0.0625
 0.6875 0.4375 0.0625
 0.5625 0.5 0
 0.5625 0.5 0.125
 0.5625 0.4375 0
 0.5625 0.4375 0.125
 0.5625 0.5 0.0625
 0.5625 0.4375 0.0625
 0.625 0.3125 0.25
 0.5625 0.375 0.25
 0.625 0.375 0.1875
 0.5625 0.3125 0.25
 0.5625 0.375 0.1875
 0.625 0.3125 0.1875
 0.5625 0.3125 0.1875
 0.75 0.3125 0.25
 0.6875 0.375 0.25
 0.75 0.375 0.1875
 0.6875 0.3125 0.25
 0.6875 0.375 0.1875
 0.75 0.3125 0.1875
 0.6875 0.3125 0.1875
 0.75 0.4375 0.25
 0.6875 0.5 0.25
 0.625 0.4375 0.25
 0.75 0.5 0.1875
 0.625 0.5 0.1875
 0.6875 0.4375 0.25
 0.6875 0.5 0.1875
 0.625 0.4375 0.1875
 0.75 0.4375 0.1875
 0.6875 0.4375 0.1875
 0.5625 0.5 0.25
 0.5625 0.4375 0.25
 0.5625 0.5 0.1875
 0.5625 0.4375 0.1875
 0.875 0.3125 0
 0.8125 0.375 0
 0.875 0.3125 0.125
 0.8125 0.375 0.125
 0.875 0.375 0.0625
 0.8125 0.3125 0
 0.8125 0.3125 0.125
 0.8125 0.375 0.0625
 0.875 0.3125 0.0625
 0.8125 0.3125 0.0625
 1 0.3125 0
 0.9375 0.375 0
 1 0.3125 0.125
 0.9375 0.375 0.125
 1 0.375 0.0625
 0.9375 0.3125 0
 0.9375 0.3125 0.125
 0.9375 0.375 0.0625
 1 0.3125 0.0625
 0.9375 0.3125 0.0625
 1 0.4375 0
 0.9375 0.5 0
 0.875 0.4375 0
 1 0.4375 0.125
 0.9375 0.5 0.125
 0.875 0.4375 0.125
 1 0.5 0.0625
 0.875 0.5 0.0625
 0.9375 0.4375 0
 0.9375 0.4375 0.125
 0.9375 0.5 0.0625
 0.875 0.4375 0.0625
 1 0.4375 0.0625
 0.9375 0.4375 0.0625
 0.8125 0.5 0
 0.8125 0.5 0.125
 0.8125 0.4375 0
 0.8125 0.4375 0.125
 0.8125 0.5 0.0625
 0.8125 0.4375 0.0625
 0.875 0.3125 0.25
 0.8125 0.375 0.25
 0.875 0.375 0.1875
 0.8125 0.3125 0.25
 0.8125 0.375 0.1875
 0.875 0.3125 0.1875
 0.8125 0.3125 0.1875
 1 0.3125 0.25
 0.9375 0.375 0.25
 1 0.375 0.1875
 0.9375 0.3125 0.25
 0.9375 0.375 0.1875
 1 0.3125 0.1875
 0.9375 0.3125 0.1875
 1 0.4375 0.25
 0.9375 0.5 0.25
 0.875 0.4375 0.25
 1 0.5 0.1875
 0.875 0.5 0.1875
 0.9375 0.4375 0.25
 0.9375 0.5 0.1875
 0.875 0.4375 0.1875
 1 0.4375 0.1875
 0.9375 0.4375 0.1875
 0.8125 0.5 0.25
 0.8125 0.4375 0.25
 0.8125 0.5 0.1875
 0.8125 0.4375 0.1875
 0.125 0.5625 0
 0.0625 0.625 0
 0 0.5625 0
 0.125 0.5625 0.125
 0.0625 0.625 0.125
 0 0.5625 0.125
 0.125 0.625 0.0625
 0 0.625 0.0625
 0.0625 0.5625 0
 0.0625 0.5625 0.125
 0.0625 0.625 0.0625
 0 0.5625 0.0625
 0.125 0.5625 0.0625
 0.0625 0.5625 0.0625
 0.25 0.5625 0
 0.1875 0.625 0
 0.25 0.5625 0.125
 0.1875 0.625 0.125
 0.25 0.625 0.0625
 0.1875 0.5625 0
 0.1875 0.5625 0.125
 0.1875 0.625 0.0625
 0.25 0.5625 0.0625
 0.1875 0.5625 0.0625
 0.25 0.6875 0
 0.1875 0.75 0
 0.125 0.6875 0
 0.25 0.6875 0.125
 0.1875 0.75 0.125
 0.125 0.6875 0.125
 0.25 0.75 0.0625
 0.125 0.75 0.0625
 0.1875 0.6875 0
 0.1875 0.6875 0.125
 0.1875 0.75 0.0625
 0.125 0.6875 0.0625
 0.25 0.6875 0.0625
 0.1875 0.6875 0.0625
 0.0625 0.75 0
 0 0.6875 0
 0.0625 0.75 0.125
 0 0.6875 0.125
 0 0.75 0.0625
 0.0625 0.6875 0
 0.0625 0.6875 0.125
 0.0625 0.75 0.0625
 0 0.6875 0.0625
 0.0625 0.6875 0.0625
 0.125 0.5625 0.25
 0.0625 0.625 0.25
 0 0.5625 0.25
 0.125 0.625 0.1875
 0 0.625 0.1875
 0.0625 0.5625 0.25
 0.0625 0.625 0.1875
 0 0.5625 0.1875
 0.125 0.5625 0.1875
 0.0625 0.5625 0.1875
 0.25 0.5625 0.25
 0.1875 0.625 0.25
 0.25 0.625 0.1875
 0.1875 0.5625 0.25
 0.1875 0.625 0.1875
 0.25 0.5625 0.1875
 0.1875 0.5625 0.1875
 0.25 0.6875 0.25
 0.1875 0.75 0.25
 0.125 0.6875 0.25
 0.25 0.75 0.1875
 0.125 0.75 0.1875
 0.1875 0.6875 0.25
 0.1875 0.75 0.1875
 0.125 0.6875 0.1875
 0.25 0.6875 0.1875
 0.1875 0.6875 0.1875
 0.0625 0.75 0.25
 0 0.6875 0.25
 0 0.75 0.1875
 0.0625 0.6875 0.25
 0.0625 0.75 0.1875
 0 0.6875 0.1875
 0.0625 0.6875 0.1875
 0.375 0.5625 0
 0.3125 0.625 0
 0.375 0.5625 0.125
 0.3125 0.625 0.125
 0.375 0.625 0.0625
 0.3125 0.5625 0
 0.3125 0.5625 0.125
 0.3125 0.625 0.0625
 0.375 0.5625 0.0625
 0.3125 0.5625 0.0625
 0.5 0.5625 0
 0.4375 0.625 0
 0.5 0.5625 0.125
 0.4375 0.625 0.125
 0.5 0.625 0.0625
 0.4375 0.5625 0
 0.4375 0.5625 0.125
 0.4375 0.625 0.0625
 0.5 0.5625 0.0625
 0.4375 0.5625 0.0625
 0.5 0.6875 0
 0.4375 0.75 0
 0.375 0.6875 0
 0.5 0.6875 0.125
 0.4375 0.75 0.125
 0.375 0.6875 0.125
 0.5 0.75 0.0625
 0.375 0.75 0.0625
 0.4375 0.6875 0
 0.4375 0.6875 0.125
 0.4375 0.75 0.0625
 0.375 0.6875 0.0625
 0.5 0.6875 0.0625
 0.4375 0.6875 0.0625
 0.3125 0.75 0
 0.3125 0.75 0.125
 0.3125 0.6875 0
 0.3125 0.6875 0.125
 0.3125 0.75 0.0625
 0.3125 0.6875 0.0625
 0.375 0.5625 0.25
 0.3125 0.625 0.25
 0.375 0.625 0.1875
 0.3125 0.5625 0.25
 0.3125 0.625 0.1875
 0.375 0.5625 0.1875
 0.3125 0.5625 0.1875
 0.5 0.5625 0.25
 0.4375 0.625 0.25
 0.5 0.625 0.1875
 0.4375 0.5625 0.25
 0.4375 0.625 0.1875
 0.5 0.5625 0.1875
 0.4375 0.5625 0.1875
 0.5 0.6875 0.25
 0.4375 0.75 0.25
 0.375 0.6875 0.25
 0.5 0.75 0.1875
 0.375 0.75 0.1875
 0.4375 0.6875 0.25
 0.4375 0.75 0.1875
 0.375 0.6875 0.1875
 0.5 0.6875 0.1875
 0.4375 0.6875 0.1875
 0.3125 0.75 0.25
 0.3125 0.6875 0.25
 0.3125 0.75 0.1875
 0.3125 0.6875 0.1875
 0.625 0.5625 0
 0.5625 0.625 0
 0.625 0.5625 0.125
 0.5625 0.625 0.125
 0.625 0.625 0.0625
 0.5625 0.5625 0
 0.5625 0.5625 0.125
 0.5625 0.625 0.0625
 0.625 0.5625 0.0625
 0.5625 0.5625 0.0625
 0.75 0.5625 0
 0.6875 0.625 0
 0.75 0.5625 0.125
 0.6875 0.625 0.125
 0.75 0.625 0.0625
 0.6875 0.5625 0
 0.6875 0.5625 0.125
 0.6875 0.625 0.0625
 0.75 0.5625 0.0625
 0.6875 0.5625 0.0625
 0.75 0.6875 0
 0.6875 0.75 0
 0.625 0.6875 0
 0.75 0.6875 0.125
 0.6875 0.75 0.125
 0.625 0.6875 0.125
 0.75 0.75 0.0625
 0.625 0.75 0.0625
 0.6875 0.6875 0
 0.6875 0.6875 0.125
 0.6875 0.75 0.0625
 0.625 0.6875 0.0625
 0.75 0.6875 0.0625
 0.6875 0.6875 0.0625
 0.5625 0.75 0
 0.5625 0.75 0.125
 0.5625 0.6875 0
 0.5625 0.6875 0.125
 0.5625 0.75 0.0625
 0.5625 0.6875 0.0625
 0.625 0.5625 0.25
 0.5625 0.625 0.25
 0.625 0.625 0.1875
 0.5625 0.5625 0.25
 0.5625 0.625 0.1875
 0.625 0.5625 0.1875
 0.5625 0.5625 0.1875
 0.75 0.5625 0.25
 0.6875 0.625 0.25
 0.75 0.625 0.1875
 0.6875 0.5625 0.25
 0.6875 0.625 0.1875
 0.75 0.5625 0.1875
 0.6875 0.5625 0.1875
 0.75 0.6875 0.25
 0.6875 0.75 0.25
 0.625 0.6875 0.25
 0.75 0.75 0.1875
 0.625 0.75 0.1875
 0.6875 0.6875 0.25
 0.6875 0.75 0.1875
 0.625 0.6875 0.1875
 0.75 0.6875 0.1875
 0.6875 0.6875 0.1875
 0.5625 0.75 0.25
 0.5625 0.6875 0.25
 0.5625 0.75 0.1875
 0.5625 0.6875 0.1875
 0.875 0.5625 0
 0.8125 0.625 0
 0.875 0.5625 0.125
 0.8125 0.625 0.125
 0.875 0.625 0.0625
 0.8125 0.5625 0
 0.8125 0.5625 0.125
 0.8125 0.625 0.0625
 0.875 0.5625 0.0625
 0.8125 0.5625 0.0625
 1 0.5625 0
 0.9375 0.625 0
 1 0.5625 0.125
 0.9375 0.625 0.125
 1 0.625 0.0625
 0.9375 0.5625 0
 0.9375 0.5625 0.125
 0.9375 0.625 0.0625
 1 0.5625 0.0625
 0.9375 0.5625 0.0625
 1 0.6875 0
 0.9375 0.75 0
 0.875 0.6875 0
 1 0.6875 0.125
 0.9375 0.75 0.125
 0.875 0.6875 0.125
 1 0.75 0.0625
 0.875 0.75 0.0625
 0.9375 0.6875 0
 0.9375 0.6875 0.125
 0.9375 0.75 0.0625
 0.875 0.6875 0.0625
 1 0.6875 0.0625
 0.9375 0.6875 0.0625
 0.8125 0.75 0
 0.8125 0.75 0.125
 0.8125 0.6875 0
 0.8125 0.6875 0.125
 0.8125 0.75 0.0625
 0.8125 0.6875 0.0625
 0.875 0.5625 0.25
 0.8125 0.625 0.25
 0.875 0.625 0.1875
 0.8125 0.5625 0.25
 0.8125 0.625 0.1875
 0.875 0.5625 0.1875
 0.8125 0.5625 0.1875
 1 0.5625 0.25
 0.9375 0.625 0.25
 1 0.625 0.1875
 0.9375 0.5625 0.25
 0.9375 0.625 0.1875
 1 0.5625 0.1875
 0.9375 0.5625 0.1875
 1 0.6875 0.25
 0.9375 0.75 0.25
 0.875 0.6875 0.25
 1 0.75 0.1875
 0.875 0.75 0.1875
 0.9375 0.6875 0.25
 0.9375 0.75 0.1875
 0.875 0.6875 0.1875
 1 0.6875 0.1875
 0.9375 0.6875 0.1875
 0.8125 0.75 0.25
 0.8125 0.6875 0.25
 0.8125 0.75 0.1875
 0.8125 0.6875 0.1875
 0.125 0.8125 0
 0.0625 0.875 0
 0 0.8125 0
 0.125 0.8125 0.125
 0.0625 0.875 0.125
 0 0.8125 0.125
 0.125 0.875 0.0625
 0 0.875 0.0625
 0.0625 0.8125 0
 0.0625 0.8125 0.125
 0.0625 0.875 0.0625
 0 0.8125 0.0625
 0.125 0.8125 0.0625
 0.0625 0.8125 0.0625
 0.25 0.8125 0
 0.1875 0.875 0
 0.25 0.8125 0.125
 0.1875 0.875 0.125
 0.25 0.875 0.0625
 0.1875 0.8125 0
 0.1875 0.8125 0.125
 0.1875 0.875 0.0625
 0.25 0.8125 0.0625
 0.1875 0.8125 0.0625
 0.25 0.9375 0
 0.1875 1 0
 0.125 0.9375 0
 0.25 0.9375 0.125
 0.1875 1 0.125
 0.125 0.9375 0.125
 0.25 1 0.0625
 0.125 1 0.0625
 0.1875 0.9375 0
 0.1875 0.9375 0.125
 0.1875 1 0.0625
 0.125 0.9375 0.0625
 0.25 0.9375 0.0625
 0.1875 0.9375 0.0625
 0.0625 1 0
 0 0.9375 0
 0.0625 1 0.125
 0 0.9375 0.125
 0 1 0.0625
 0.0625 0.9375 0
 0.0625 0.9375 0.125
 0.0625 1 0.0625
 0 0.9375 0.0625
 0.0625 0.9375 0.0625
 0.125 0.8125 0.25
 0.0625 0.875 0.25
 0 0.8125 0.25
 0.125 0.875 0.1875
 0 0.875 0.1875
 0.0625 0.8125 0.25
 0.0625 0.875 0.1875
 0 0.8125 0.1875
 0.125 0.8125 0.1875
 0.0625 0.8125 0.1875
 0.25 0.8125 0.25
 0.1875 0.875 0.25
 0.25 0.875 0.1875
 0.1875 0.8125 0.25
 0.1875 0.875 0.1875
 0.25 0.8125 0.1875
 0.1875 0.8125 0.1875
 0.25 0.9375 0.25
 0.1875 1 0.25
 0.125 0.9375 0.25
 0.25 1 0.1875
 0.125 1 0.1875
 0.1875 0.9375 0.25
 0.1875 1 0.1875
 0.125 0.9375 0.1875
 0.25 0.9375 0.1875
 0.1875 0.9375 0.1875
 0.0625 1 0.25
 0 0.9375 0.25
 0 1 0.1875
 0.0625 0.9375 0.25
 0.0625 1 0.1875
 0 0.9375 0.1875
 0.0625 0.9375 0.1875
 0.375 0.8125 0
 0.3125 0.875 0
 0.375 0.8125 0.125
 0.3125 0.875 0.125
 0.375 0.875 0.0625
 0.3125 0.8125 0
 0.3125 0.8125 0.125
 0.3125 0.875 0.0625
 0.375 0.8125 0.0625
 0.3125 0.8125 0.0625
 0.5 0.8125 0
 0.4375 0.875 0
 0.5 0.8125 0.125
 0.4375 0.875 0.125
 0.5 0.875 0.0625
 0.4375 0.8125 0
 0.4375 0.8125 0.125
 0.4375 0.875 0.0625
 0.5 0.8125 0.0625
 0.4375 0.8125 0.0625
 0.5 0.9375 0
 0.4375 1 0
 0.375 0.9375 0
 0.5 0.9375 0.125
 0.4375 1 0.125
 0.375 0.9375 0.125
 0.5 1 0.0625
 0.375 1 0.0625
 0.4375 0.9375 0
 0.4375 0.9375 0.125
 0.4375 1 0.0625
 0.375 0.9375 0.0625
 0.5 0.9375 0.0625
 0.4375 0.9375 0.0625
 0.3125 1 0
 0.3125 1 0.125
 0.3125 0.9375 0
 0.3125 0.9375 0.125
 0.3125 1 0.0625
 0.3125 0.9375 0.0625
 0.375 0.8125 0.25
 0.3125 0.875 0.25
 0.375 0.875 0.1875
 0.3125 0.8125 0.25
 0.3125 0.875 0.1875
 0.375 0.8125 0.1875
 0.3125 0.8125 0.1875
 0.5 0.8125 0.25
 0.4375 0.875 0.25
 0.5 0.875 0.1875
 0.4375 0.8125 0.25
 0.4375 0.875 0.1875
 0.5 0.8125 0.1875
 0.4375 0.8125 0.1875
 0.5 0.9375 0.25
 0.4375 1 0.25
 0.375 0.9375 0.25
 0.5 1 0.1875
 0.375 1 0.1875
 0.4375 0.9375 0.25
 0.4375 1 0.1875
 0.375 0.9375 0.1875
 0.5 0.9375 0.1875
 0.4375 0.9375 0.1875
 0.3125 1 0.25
 0.3125 0.9375 0.25
 0.3125 1 0.1875
 0.3125 0.9375 0.1875
 0.625 0.8125 0
 0.5625 0.875 0
 0.625 0.8125 0.125
 0.5625 0.875 0.125
 0.625 0.875 0.0625
 0.5625 0.8125 0
 0.5625 0.8125 0.125
 0.5625 0.875 0.0625
 0.625 0.8125 0.0625
 0.5625 0.8125 0.0625
 0.75 0.8125 0
 0.6875 0.875 0
 0.75 0.8125 0.125
 0.6875 0.875 0.125
 0.75 0.875 0.0625
 0.6875 0.8125 0
 0.6875 0.8125 0.125
 0.6875 0.875 0.0625
 0.75 0.8125 0.0625
 0.6875 0.8125 0.0625
 0.75 0.9375 0
 0.6875 1 0
 0.625 0.9375 0
 0.75 0.9375 0.125
 0.6875 1 0.125
 0.625 0.9375 0.125
 0.75 1 0.0625
 0.625 1 0.0625
 0.6875 0.9375 0
 0.6875 0.9375 0.125
 0.6875 1 0.0625
 0.625 0.9375 0.0625
 0.75 0.9375 0.0625
 0.6875 0.9375 0.0625
 0.5625 1 0
 0.5625 1 0.125
 0.5625 0.9375 0
 0.5625 0.9375 0.125
 0.5625 1 0.0625
 0.5625 0.9375 0.0625
 0.625 0.8125 0.25
 0.5625 0.875 0.25
 0.625 0.875 0.1875
 0.5625 0.8125 0.25
 0.5625 0.875 0.1875
 0.625 0.8125 0.1875
 0.5625 0.8125 0.1875
 0.75 0.8125 0.25
 0.6875 0.875 0.25
 0.75 0.875 0.1875
 0.6875 0.8125 0.25
 0.6875 0.875 0.1875
 0.75 0.8125 0.1875
 0.6875 0.8125 0.1875
 0.75 0.9375 0.25
 0.6875 1 0.25
 0.625 0.9375 0.25
 0.75 1 0.1875
 0.625 1 0.1875
 0.6875 0.9375 0.25
 0.6875 1 0.1875
 0.625 0.9375 0.1875
 0.75 0.9375 0.1875
 0.6875 0.9375 0.1875
 0.5625 1 0.25
 0.5625 0.9375 0.25
 0.5625 1 0.1875
 0.5625 0.9375 0.1875
 0.875 0.8125 0
 0.8125 0.875 0
 0.875 0.8125 0.125
 0.8125 0.875 0.125
 0.875 0.875 0.0625
 0.8125 0.8125 0
 0.8125 0.8125 0.125
 0.8125 0.875 0.0625
 0.875 0.8125 0.0625
 0.8125 0.8125 0.0625
 1 0.8125 0
 0.9375 0.875 0
 1 0.8125 0.125
 0.9375 0.875 0.125
 1 0.875 0.0625
 0.9375 0.8125 0
 0.9375 0.8125 0.125
 0.9375 0.875 0.0625
 1 0.8125 0.0625
 0.9375 0.8125 0.0625
 1 0.9375 0
 0.9375 1 0
 0.875 0.9375 0
 1 0.9375 0.125
 0.9375 1 0.125
 0.875 0.9375 0.125
 1 1 0.0625
 0.875 1 0.0625
 0.9375 0.9375 0
 0.9375 0.9375 0.125
 0.9375 1 0.0625
 0.875 0.9375 0.0625
 1 0.9375 0.0625
 0.9375 0.9375 0.0625
 0.8125 1 0
 0.8125 1 0.125
 0.8125 0.9375 0
 0.8125 0.9375 0.125
 0.8125 1 0.0625
 0.8125 0.9375 0.0625
 0.875 0.8125 0.25
 0.8125 0.875 0.25
 0.875 0.875 0.1875
 0.8125 0.8125 0.25
 0.8125 0.875 0.1875
 0.875 0.8125 0.1875
 0.8125 0.8125 0.1875
 1 0.8125 0.25
 0.9375 0.875 0.25
 1 0.875 0.1875
 0.9375 0.8125 0.25
 0.9375 0.875 0.1875
 1 0.8125 0.1875
 0.9375 0.8125 0.1875
 1 0.9375 0.25
 0.9375 1 0.25
 0.875 0.9375 0.25
 1 1 0.1875
 0.875 1 0.1875
 0.9375 0.9375 0.25
 0.9375 1 0.1875
 0.875 0.9375 0.1875
 1 0.9375 0.1875
 0.9375 0.9375 0.1875
 0.8125 1 0.25
 0.8125 0.9375 0.25
 0.8125 1 0.1875
 0.8125 0.9375 0.1875
 0.0625 0 0.375
 0.125 0.0625 0.375
 0.0625 0.125 0.375
 0 0.0625 0.375
 0 0 0.3125
 0.125 0 0.3125
 0.125 0.125 0.3125
 0 0.125 0.3125
 0.0625 0.0625 0.375
 0.0625 0 0.3125
 0.0625 0.125 0.3125
 0 0.0625 0.3125
 0.125 0.0625 0.3125
 0.0625 0.0625 0.3125
 0.1875 0 0.375
 0.25 0.0625 0.375
 0.1875 0.125 0.375
 0.25 0 0.3125
 0.25 0.125 0.3125
 0.1875 0.0625 0.375
 0.1875 0 0.3125
 0.1875 0.125 0.3125
 0.25 0.0625 0.3125
 0.1875 0.0625 0.3125
 0.25 0.1875 0.375
 0.1875 0.25 0.375
 0.125 0.1875 0.375
 0.25 0.25 0.3125
 0.125 0.25 0.3125
 0.1875 0.1875 0.375
 0.1875 0.25 0.3125
 0.125 0.1875 0.3125
 0.25 0.1875 0.3125
 0.1875 0.1875 0.3125
 0.0625 0.25 0.375
 0 0.1875 0.375
 0 0.25 0.3125
 0.0625 0.1875 0.375
 0.0625 0.25 0.3125
 0 0.1875 0.3125
 0.0625 0.1875 0.3125
 0.0625 0 0.5
 0.125 0.0625 0.5
 0.0625 0.125 0.5
 0 0.0625 0.5
 0 0 0.4375
 0.125 0 0.4375
 0.125 0.125 0.4375
 0 0.125 0.4375
 0.0625 0.0625 0.5
 0.0625 0 0.4375
 0.0625 0.125 0.4375
 0 0.0625 0.4375
 0.125 0.0625 0.4375
 0.0625 0.0625 0.4375
 0.1875 0 0.5
 0.25 0.0625 0.5
 0.1875 0.125 0.5
 0.25 0 0.4375
 0.25 0.125 0.4375
 0.1875 0.0625 0.5
 0.1875 0 0.4375
 0.1875 0.125 0.4375
 0.25 0.0625 0.4375
 0.1875 0.0625 0.4375
 0.25 0.1875 0.5
 0.1875 0.25 0.5
 0.125 0.1875 0.5
 0.25 0.25 0.4375
 0.125 0.25 0.4375
 0.1875 0.1875 0.5
 0.1875 0.25 0.4375
 0.125 0.1875 0.4375
 0.25 0.1875 0.4375
 0.1875 0.1875 0.4375
 0.0625 0.25 0.5
 0 0.1875 0.5
 0 0.25 0.4375
 0.0625 0.1875 0.5
 0.0625 0.25 0.4375
 0 0.1875 0.4375
 0.0625 0.1875 0.4375
 0.3125 0 0.375
 0.375 0.0625 0.375
 0.3125 0.125 0.375
 0.375 0 0.3125
 0.375 0.125 0.3125
 0.3125 0.0625 0.375
 0.3125 0 0.3125
 0.3125 0.125 0.3125
 0.375 0.0625 0.3125
 0.3125 0.0625 0.3125
 0.4375 0 0.375
 0.5 0.0625 0.375
 0.4375 0.125 0.375
 0.5 0 0.3125
 0.5 0.125 0.3125
 0.4375 0.0625 0.375
 0.4375 0 0.3125
 0.4375 0.125 0.3125
 0.5 0.0625 0.3125
 0.4375 0.0625 0.3125
 0.5 0.1875 0.375
 0.4375 0.25 0.375
 0.375 0.1875 0.375
 0.5 0.25 0.3125
 0.375 0.25 0.3125
 0.4375 0.1875 0.375
 0.4375 0.25 0.3125
 0.375 0.1875 0.3125
 0.5 0.1875 0.3125
 0.4375 0.1875 0.3125
 0.3125 0.25 0.375
 0.3125 0.1875 0.375
 0.3125 0.25 0.3125
 0.3125 0.1875 0.3125
 0.3125 0 0.5
 0.375 0.0625 0.5
 0.3125 0.125 0.5
 0.375 0 0.4375
 0.375 0.125 0.4375
 0.3125 0.0625 0.5
 0.3125 0 0.4375
 0.3125 0.125 0.4375
 0.375 0.0625 0.4375
 0.3125 0.0625 0.4375
 0.4375 0 0.5
 0.5 0.0625 0.5
 0.4375 0.125 0.5
 0.5 0 0.4375
 0.5 0.125 0.4375
 0.4375 0.0625 0.5
 0.4375 0 0.4375
 0.4375 0.125 0.4375
 0.5 0.0625 0.4375
 0.4375 0.0625 0.4375
 0.5 0.1875 0.5
 0.4375 0.25 0.5
 0.375 0.1875 0.5
 0.5 0.25 0.4375
 0.375 0.25 0.4375
 0.4375 0.1875 0.5
 0.4375 0.25 0.4375
 0.375 0.1875 0.4375
 0.5 0.1875 0.4375
 0.4375 0.1875 0.4375
 0.3125 0.25 0.5
 0.3125 0.1875 0.5
 0.3125 0.25 0.4375
 0.3125 0.1875 0.4375
 0.5625 0 0.375
 0.625 0.0625 0.375
 0.5625 0.125 0.375
 0.625 0 0.3125
 0.625 0.125 0.3125
 0.5625 0.0625 0.375
 0.5625 0 0.3125
 0.5625 0.125 0.3125
 0.625 0.0625 0.3125
 0.5625 0.0625 0.3125
 0.6875 0 0.375
 0.75 0.0625 0.375
 0.6875 0.125 0.375
 0.75 0 0.3125
 0.75 0.125 0.3125
 0.6875 0.0625 0.375
 0.6875 0 0.3125
 0.6875 0.125 0.3125
 0.75 0.0625 0.3125
 0.6875 0.0625 0.3125
 0.75 0.1875 0.375
 0.6875 0.25 0.375
 0.625 0.1875 0.375
 0.75 0.25 0.3125
 0.625 0.25 0.3125
 0.6875 0.1875 0.375
 0.6875 0.25 0.3125
 0.625 0.1875 0.3125
 0.75 0.1875 0.3125
 0.6875 0.1875 0.3125
 0.5625 0.25 0.375
 0.5625 0.1875 0.375
 0.5625 0.25 0.3125
 0.5625 0.1875 0.3125
 0.5625 0 0.5
 0.625 0.0625 0.5
 0.5625 0.125 0.5
 0.625 0 0.4375
 0.625 0.125 0.4375
 0.5625 0.0625 0.5
 0.5625 0 0.4375
 0.5625 0.125 0.4375
 0.625 0.0625 0.4375
 0.5625 0.0625 0.4375
 0.6875 0 0.5
 0.75 0.0625 0.5
 0.6875 0.125 0.5
 0.75 0 0.4375
 0.75 0.125 0.4375
 0.6875 0.0625 0.5
 0.6875 0 0.4375
 0.6875 0.125 0.4375
 0.75 0.0625 0.4375
 0.6875 0.0625 0.4375
 0.75 0.1875 0.5
 0.6875 0.25 0.5
 0.625 0.1875 0.5
 0.75 0.25 0.4375
 0.625 0.25 0.4375
 0.6875 0.1875 0.5
 0.6875 0.25 0.4375
 0.625 0.1875 0.4375
 0.75 0.1875 0.4375
 0.6875 0.1875 0.4375
 0.5625 0.25 0.5
 0.5625 0.1875 0.5
 0.5625 0.25 0.4375
 0.5625 0.1875 0.4375
 0.8125 0 0.375
 0.875 0.0625 0.375
 0.8125 0.125 0.375
 0.875 0 0.3125
 0.875 0.125 0.3125
 0.8125 0.0625 0.375
 0.8125 0 0.3125
 0.8125 0.125 0.3125
 0.875 0.0625 0.3125
 0.8125 0.0625 0.3125
 0.9375 0 0.375
 1 0.0625 0.375
 0.9375 0.125 0.375
 1 0 0.3125
 1 0.125 0.3125
 0.9375 0.0625 0.375
 0.9375 0 0.3125
 0.9375 0.125 0.3125
 1 0.0625 0.3125
 0.9375 0.0625 0.3125
 1 0.1875 0.375
 0.9375 0.25 0.375
 0.875 0.1875 0.375
 1 0.25 0.3125
 0.875 0.25 0.3125
 0.9375 0.1875 0.375
 0.9375 0.25 0.3125
 0.875 0.1875 0.3125
 1 0.1875 0.3125
 0.9375 0.1875 0.3125
 0.8125 0.25 0.375
 0.8125 0.1875 0.375
 0.8125 0.25 0.3125
 0.8125 0.1875 0.3125
 0.8125 0 0.5
 0.875 0.0625 0.5
 0.8125 0.125 0.5
 0.875 0 0.4375
 0.875 0.125 0.4375
 0.8125 0.0625 0.5
 0.8125 0 0.4375
 0.8125 0.125 0.4375
 0.875 0.0625 0.4375
 0.8125 0.0625 0.4375
 0.9375 0 0.5
 1 0.0625 0.5
 0.9375 0.125 0.5
 1 0 0.4375
 1 0.125 0.4375
 0.9375 0.0625 0.5
 0.9375 0 0.4375
 0.9375 0.125 0.4375
 1 0.0625 0.4375
 0.9375 0.0625 0.4375
 1 0.1875 0.5
 0.9375 0.25 0.5
 0.875 0.1875 0.5
 1 0.25 0.4375
 0.875 0.25 0.4375
 0.9375 0.1875 0.5
 0.9375 0.25 0.4375
 0.875 0.1875 0.4375
 1 0.1875 0.4375
 0.9375 0.1875 0.4375
 0.8125 0.25 0.5
 0.8125 0.1875 0.5
 0.8125 0.25 0.4375
 0.8125 0.1875 0.4375
 0.125 0.3125 0.375
 0.0625 0.375 0.375
 0 0.3125 0.375
 0.125 0.375 0.3125
 0 0.375 0.3125
 0.0625 0.3125 0.375
 0.0625 0.375 0.3125
 0 0.3125 0.3125
 0.125 0.3125 0.3125
 0.0625 0.3125 0.3125
 0.25 0.3125 0.375
 0.1875 0.375 0.375
 0.25 0.375 0.3125
 0.1875 0.3125 0.375
 0.1875 0.375 0.3125
 0.25 0.3125 0.3125
 0.1875 0.3125 0.3125
 0.25 0.4375 0.375
 0.1875 0.5 0.375
 0.125 0.4375 0.375
 0.25 0.5 0.3125
 0.125 0.5 0.3125
 0.1875 0.4375 0.375
 0.1875 0.5 0.3125
 0.125 0.4375 0.3125
 0.25 0.4375 0.3125
 0.1875 0.4375 0.3125
 0.0625 0.5 0.375
 0 0.4375 0.375
 0 0.5 0.3125
 0.0625 0.4375 0.375
 0.0625 0.5 0.3125
 0 0.4375 0.3125
 0.0625 0.4375 0.3125
 0.125 0.3125 0.5
 0.0625 0.375 0.5
 0 0.3125 0.5
 0.125 0.375 0.4375
 0 0.375 0.4375
 0.0625 0.3125 0.5
 0.0625 0.375 0.4375
 0 0.3125 0.4375
 0.125 0.3125 0.4375
 0.0625 0.3125 0.4375
 0.25 0.3125 0.5
 0.1875 0.375 0.5
 0.25 0.375 0.4375
 0.1875 0.3125 0.5
 0.1875 0.375 0.4375
 0.25 0.3125 0.4375
 0.1875 0.3125 0.4375
 0.25 0.4375 0.5
 0.1875 0.5 0.5
 0.125 0.4375 0.5
 0.25 0.5 0.4375
 0.125 0.5 0.4375
 0.1875 0.4375 0.5
 0.1875 0.5 0.4375
 0.125 0.4375 0.4375
 0.25 0.4375 0.4375
 0.1875 0.4375 0.4375
 0.0625 0.5 0.5
 0 0.4375 0.5
 0 0.5 0.4375
 0.0625 0.4375 0.5
 0.0625 0.5 0.4375
 0 0.4375 0.4375
 0.0625 0.4375 0.4375
 0.375 0.3125 0.375
 0.3125 0.375 0.375
 0.375 0.375 0.3125
 0.3125 0.3125 0.375
 0.3125 0.375 0.3125
 0.375 0.3125 0.3125
 0.3125 0.3125 0.3125
 0.5 0.3125 0.375
 0.4375 0.375 0.375
 0.5 0.375 0.3125
 0.4375 0.3125 0.375
 0.4375 0.375 0.3125
 0.5 0.3125 0.3125
 0.4375 0.3125 0.3125
 0.5 0.4375 0.375
 0.4375 0.5 0.375
 0.375 0.4375 0.375
 0.5 0.5 0.3125
 0.375 0.5 0.3125
 0.4375 0.4375 0.375
 0.4375 0.5 0.3125
 0.375 0.4375 0.3125
 0.5 0.4375 0.3125
 0.4375 0.4375 0.3125
 0.3125 0.5 0.375
 0.3125 0.4375 0.375
 0.3125 0.5 0.3125
 0.3125 0.4375 0.3125
 0.375 0.3125 0.5
 0.3125 0.375 0.5
 0.375 0.375 0.4375
 0.3125 0.3125 0.5
 0.3125 0.375 0.4375
 0.375 0.3125 0.4375
 0.3125 0.3125 0.4375
 0.5 0.3125 0.5
 0.4375 0.375 0.5
 0.5 0.375 0.4375
 0.4375 0.3125 0.5
 0.4375 0.375 0.4375
 0.5 0.3125 0.4375
 0.4375 0.3125 0.4375
 0.5 0.4375 0.5
 0.4375 0.5 0.5
 0.375 0.4375 0.5
 0.5 0.5 0.4375
 0.375 0.5 0.4375
 0.4375 0.4375 0.5
 0.4375 0.5 0.4375
 0.375 0.4375 0.4375
 0.5 0.4375 0.4375
 0.4375 0.4375 0.4375
 0.3125 0.5 0.5
 0.3125 0.4375 0.5
 0.3125 0.5 0.4375
 0.3125 0.4375 0.4375
 0.625 0.3125 0.375
 0.5625 0.375 0.375
 0.625 0.375 0.3125
 0.5625 0.3125 0.375
 0.5625 0.375 0.3125
 0.625 0.3125 0.3125
 0.5625 0.3125 0.3125
 0.75 0.3125 0.375
 0.6875 0.375 0.375
 0.75 0.375 0.3125
 0.6875 0.3125 0.375
 0.6875 0.375 0.3125
 0.75 0.3125 0.3125
 0.6875 0.3125 0.3125
 0.75 0.4375 0.375
 0.6875 0.5 0.375
 0.625 0.4375 0.375
 0.75 0.5 0.3125
 0.625 0.5 0.3125
 0.6875 0.4375 0.375
 0.6875 0.5 0.3125
 0.625 0.4375 0.3125
 0.75 0.4375 0.3125
 0.6875 0.4375 0.3125
 0.5625 0.5 0.375
 0.5625 0.4375 0.375
 0.5625 0.5 0.3125
 0.5625 0.4375 0.3125
 0.625 0.3125 0.5
 0.5625 0.375 0.5
 0.625 0.375 0.4375
 0.5625 0.3125 0.5
 0.5625 0.375 0.4375
 0.625 0.3125 0.4375
 0.5625 0.3125 0.4375
 0.75 0.3125 0.5
 0.6875 0.375 0.5
 0.75 0.375 0.4375
 0.6875 0.3125 0.5
 0.6875 0.375 0.4375
 0.75 0.3125 0.4375
 0.6875 0.3125 0.4375
 0.75 0.4375 0.5
 0.6875 0.5 0.5
 0.625 0.4375 0.5
 0.75 0.5 0.4375
 0.625 0.5 0.4375
 0.6875 0.4375 0.5
 0.6875 0.5 0.4375
 0.625 0.4375 0.4375
 0.75 0.4375 0.4375
 0.6875 0.4375 0.4375
 0.5625 0.5 0.5
 0.5625 0.4375 0.5
 0.5625 0.5 0.4375
 0.5625 0.4375 0.4375
 0.875 0.3125 0.375
 0.8125 0.375 0.375
 0.875 0.375 0.3125
 0.8125 0.3125 0.375
 0.8125 0.375 0.3125
 0.875 0.3125 0.3125
 0.8125 0.3125 0.3125
 1 0.3125 0.375
 0.9375 0.375 0.375
 1 0.375 0.3125
 0.9375 0.3125 0.375
 0.9375 0.375 0.3125
 1 0.3125 0.3125
 0.9375 0.3125 0.3125
 1 0.4375 0.375
 0.9375 0.5 0.375
 0.875 0.4375 0.375
 1 0.5 0.3125
 0.875 0.5 0.3125
 0.9375 0.4375 0.375
 0.9375 0.5 0.3125
 0.875 0.4375 0.3125
 1 0.4375 0.3125
 0.9375 0.4375 0.3125
 0.8125 0.5 0.375
 0.8125 0.4375 0.375
 0.8125 0.5 0.3125
 0.8125 0.4375 0.3125
 0.875 0.3125 0.5
 0.8125 0.375 0.5
 0.875 0.375 0.4375
 0.8125 0.3125 0.5
 0.8125 0.375 0.4375
 0.875 0.3125 0.4375
 0.8125 0.3125 0.4375
 1 0.3125 0.5
 0.9375 0.375 0.5
 1 0.375 0.4375
 0.9375 0.3125 0.5
 0.9375 0.375 0.4375
 1 0.3125 0.4375
 0.9375 0.3125 0.4375
 1 0.4375 0.5
 0.9375 0.5 0.5
 0.875 0.4375 0.5
 1 0.5 0.4375
 0.875 0.5 0.4375
 0.9375 0.4375 0.5
 0.9375 0.5 0.4375
 0.875 0.4375 0.4375
 1 0.4375 0.4375
 0.9375 0.4375 0.4375
 0.8125 0.5 0.5
 0.8125 0.4375 0.5
 0.8125 0.5 0.4375
 0.8125 0.4375 0.4375
 0.125 0.5625 0.375
 0.0625 0.625 0.375
 0 0.5625 0.375
 0.125 0.625 0.3125
 0 0.625 0.3125
 0.0625 0.5625 0.375
 0.0625 0.625 0.3125
 0 0.5625 0.3125
 0.125 0.5625 0.3125
 0.0625 0.5625 0.3125
 0.25 0.5625 0.375
 0.1875 0.625 0.375
 0.25 0.625 0.3125
 0.1875 0.5625 0.375
 0.1875 0.625 0.3125
 0.25 0.5625 0.3125
 0.1875 0.5625 0.3125
 0.25 0.6875 0.375
 0.1875 0.75 0.375
 0.125 0.6875 0.375
 0.25 0.75 0.3125
 0.125 0.75 0.3125
 0.1875 0.6875 0.375
 0.1875 0.75 0.3125
 0.125 0.6875 0.3125
 0.25 0.6875 0.3125
 0.1875 0.6875 0.3125
 0.0625 0.75 0.375
 0 0.6875 0.375
 0 0.75 0.3125
 0.0625 0.6875 0.375
 0.0625 0.75 0.3125
 0 0.6875 0.3125
 0.0625 0.6875 0.3125
 0.125 0.5625 0.5
 0.0625 0.625 0.5
 0 0.5625 0.5
 0.125 0.625 0.4375
 0 0.625 0.4375
 0.0625 0.5625 0.5
 0.0625 0.625 0.4375
 0 0.5625 0.4375
 0.125 0.5625 0.4375
 0.0625 0.5625 0.4375
 0.25 0.5625 0.5
 0.1875 0.625 0.5
 0.25 0.625 0.4375
 0.1875 0.5625 0.5
 0.1875 0.625 0.4375
 0.25 0.5625 0.4375
 0.1875 0.5625 0.4375
 0.25 0.6875 0.5
 0.1875 0.75 0.5
 0.125 0.6875 0.5
 0.25 0.75 0.4375
 0.125 0.75 0.4375
 0.1875 0.6875 0.5
 0.1875 0.75 0.4375
 0.125 0.6875 0.4375
 0.25 0.6875 0.4375
 0.1875 0.6875 0.4375
 0.0625 0.75 0.5
 0 0.6875 0.5
 0 0.75 0.4375
 0.0625 0.6875 0.5
 0.0625 0.75 0.4375
 0 0.6875 0.4375
 0.0625 0.6875 0.4375
 0.375 0.5625 0.375
 0.3125 0.625 0.375
 0.375 0.625 0.3125
 0.3125 0.5625 0.375
 0.3125 0.625 0.3125
 0.375 0.5625 0.3125
 0.3125 0.5625 0.3125
 0.5 0.5625 0.375
 0.4375 0.625 0.375
 0.5 0.625 0.3125
 0.4375 0.5625 0.375
 0.4375 0.625 0.3125
 0.5 0.5625 0.3125
 0.4375 0.5625 0.3125
 0.5 0.6875 0.375
 0.4375 0.75 0.375
 0.375 0.6875 0.375
 0.5 0.75 0.3125
 0.375 0.75 0.3125
 0.4375 0.6875 0.375
 0.4375 0.75 0.3125
 0.375 0.6875 0.3125
 0.5 0.6875 0.3125
 0.4375 0.6875 0.3125
 0.3125 0.75 0.375
 0.3125 0.6875 0.375
 0.3125 0.75 0.3125
 0.3125 0.6875 0.3125
 0.375 0.5625 0.5
 0.3125 0.625 0.5
 0.375 0.625 0.4375
 0.3125 0.5625 0.5
 0.3125 0.625 0.4375
 0.375 0.5625 0.4375
 0.3125 0.5625 0.4375
 0.5 0.5625 0.5
 0.4375 0.625 0.5
 0.5 0.625 0.4375
 0.4375 0.5625 0.5
 0.4375 0.625 0.4375
 0.5 0.5625 0.4375
 0.4375 0.5625 0.4375
 0.5 0.6875 0.5
 0.4375 0.75 0.5
 0.375 0.6875 0.5
 0.5 0.75 0.4375
 0.375 0.75 0.4375
 0.4375 0.6875 0.5
 0.4375 0.75 0.4375
 0.375 0.6875 0.4375
 0.5 0.6875 0.4375
 0.4375 0.6875 0.4375
 0.3125 0.75 0.5
 0.3125 0.6875 0.5
 0.3125 0.75 0.4375
 0.3125 0.6875 0.4375
 0.625 0.5625 0.375
 0.5625 0.625 0.375
 0.625 0.625 0.3125
 0.5625 0.5625 0.375
 0.5625 0.625 0.3125
 0.625 0.5625 0.3125
 0.5625 0.5625 0.3125
 0.75 0.5625 0.375
 0.6875 0.625 0.375
 0.75 0.625 0.3125
 0.6875 0.5625 0.375
 0.6875 0.625 0.3125
 0.75 0.5625 0.3125
 0.6875 0.5625 0.3125
 0.75 0.6875 0.375
 0.6875 0.75 0.375
 0.625 0.6875 0.375
 0.75 0.75 0.3125
 0.625 0.75 0.3125
 0.6875 0.6875 0.375
 0.6875 0.75 0.3125
 0.625 0.6875 0.3125
 0.75 0.6875 0.3125
 0.6875 0.6875 0.3125
 0.5625 0.75 0.375
 0.5625 0.6875 0.375
 0.5625 0.75 0.3125
 0.5625 0.6875 0.3125
 0.625 0.5625 0.5
 0.5625 0.625 0.5
 0.625 0.625 0.4375
 0.5625 0.5625 0.5
 0.5625 0.625 0.4375
 0.625 0.5625 0.4375
 0.5625 0.5625 0.4375
 0.75 0.5625 0.5
 0.6875 0.625 0.5
 0.75 0.625 0.4375
 0.6875 0.5625 0.5
 0.6875 0.625 0.4375
 0.75 0.5625 0.4375
 0.6875 0.5625 0.4375
 0.75 0.6875 0.5
 0.6875 0.75 0.5
 0.625 0.6875 0.5
 0.75 0.75 0.4375
 0.625 0.75 0.4375
 0.6875 0.6875 0.5
 0.6875 0.75 0.4375
 0.625 0.6875 0.4375
 0.75 0.6875 0.4375
 0.6875 0.6875 0.4375
 0.5625 0.75 0.5
 0.5625 0.6875 0.5
 0.5625 0.75 0.4375
 0.5625 0.6875 0.4375
 0.875 0.5625 0.375
 0.8125 0.625 0.375
 0.875 0.625 0.3125
 0.8125 0.5625 0.375
 0.8125 0.625 0.3125
 0.875 0.5625 0.3125
 0.8125 0.5625 0.3125
 1 0.5625 0.375
 0.9375 0.625 0.375
 1 0.625 0.3125
 0.9375 0.5625 0.375
 0.9375 0.625 0.3125
 1 0.5625 0.3125
 0.9375 0.5625 0.3125
 1 0.6875 0.375
 0.9375 0.75 0.375
 0.875 0.6875 0.375
 1 0.75 0.3125
 0.875 0.75 0.3125
 0.9375 0.6875 0.375
 0.9375 0.75 0.3125
 0.875 0.6875 0.3125
 1 0.6875 0.3125
 0.9375 0.6875 0.3125
 0.8125 0.75 0.375
 0.8125 0.6875 0.375
 0.8125 0.75 0.3125
 0.8125 0.6875 0.3125
 0.875 0.5625 0.5
 0.8125 0.625 0.5
 0.875 0.625 0.4375
 0.8125 0.5625 0.5
 0.8125 0.625 0.4375
 0.875 0.5625 0.4375
 0.8125 0.5625 0.4375
 1 0.5625 0.5
 0.9375 0.625 0.5
 1 0.625 0.4375
 0.9375 0.5625 0.5
 0.9375 0.625 0.4375
 1 0.5625 0.4375
 0.9375 0.5625 0.4375
 1 0.6875 0.5
 0.9375 0.75 0.5
 0.875 0.6875 0.5
 1 0.75 0.4375
 0.875 0.75 0.4375
 0.9375 0.6875 0.5
 0.9375 0.75 0.4375
 0.875 0.6875 0.4375
 1 0.6875 0.4375
 0.9375 0.6875 0.4375
 0.8125 0.75 0.5
 0.8125 0.6875 0.5
 0.8125 0.75 0.4375
 0.8125 0.6875 0.4375
 0.125 0.8125 0.375
 0.0625 0.875 0.375
 0 0.8125 0.375
 0.125 0.875 0.3125
 0 0.875 0.3125
 0.0625 0.8125 0.375
 0.0625 0.875 0.3125
 0 0.8125 0.3125
 0.125 0.8125 0.3125
 0.0625 0.8125 0.3125
 0.25 0.8125 0.375
 0.1875 0.875 0.375
 0.25 0.875 0.3125
 0.1875 0.8125 0.375
 0.1875 0.875 0.3125
 0.25 0.8125 0.3125
 0.1875 0.8125 0.3125
 0.25 0.9375 0.375
 0.1875 1 0.375
 0.125 0.9375 0.375
 0.25 1 0.3125
 0.125 1 0.3125
 0.1875 0.9375 0.375
 0.1875 1 0.3125
 0.125 0.9375 0.3125
 0.25 0.9375 0.3125
 0.1875 0.9375 0.3125
 0.0625 1 0.375
 0 0.9375 0.375
 0 1 0.3125
 0.0625 0.9375 0.375
 0.0625 1 0.3125
 0 0.9375 0.3125
 0.0625 0.9375 0.3125
 0.125 0.8125 0.5
 0.0625 0.875 0.5
 0 0.8125 0.5
 0.125 0.875 0.4375
 0 0.875 0.4375
 0.0625 0.8125 0.5
 0.0625 0.875 0.4375
 0 0.8125 0.4375
 0.125 0.8125 0.4375
 0.0625 0.8125 0.4375
 0.25 0.8125 0.5
 0.1875 0.875 0.5
 0.25 0.875 0.4375
 0.1875 0.8125 0.5
 0.1875 0.875 0.4375
 0.25 0.8125 0.4375
 0.1875 0.8125 0.4375
 0.25 0.9375 0.5
 0.1875 1 0.5
 0.125 0.9375 0.5
 0.25 1 0.4375
 0.125 1 0.4375
 0.1875 0.9375 0.5
 0.1875 1 0.4375
 0.125 0.9375 0.4375
 0.25 0.9375 0.4375
 0.1875 0.9375 0.4375
 0.0625 1 0.5
 0 0.9375 0.5
 0 1 0.4375
 0.0625 0.9375 0.5
 0.0625 1 0.4375
 0 0.9375 0.4375
 0.0625 0.9375 0.4375
 0.375 0.8125 0.375
 0.3125 0.875 0.375
 0.375 0.875 0.3125
 0.3125 0.8125 0.375
 0.3125 0.875 0.3125
 0.375 0.8125 0.3125
 0.3125 0.8125 0.3125
 0.5 0.8125 0.375
 0.4375 0.875 0.375
 0.5 0.875 0.3125
 0.4375 0.8125 0.375
 0.4375 0.875 0.3125
 0.5 0.8125 0.3125
 0.4375 0.8125 0.3125
 0.5 0.9375 0.375
 0.4375 1 0.375
 0.375 0.9375 0.375
 0.5 1 0.3125
 0.375 1 0.3125
 0.4375 0.9375 0.375
 0.4375 1 0.3125
 0.375 0.9375 0.3125
 0.5 0.9375 0.3125
 0.4375 0.9375 0.3125
 0.3125 1 0.375
 0.3125 0.9375 0.375
 0.3125 1 0.3125
 0.3125 0.9375 0.3125
 0.375 0.8125 0.5
 0.3125 0.875 0.5
 0.375 0.875 0.4375
 0.3125 0.8125 0.5
 0.3125 0.875 0.4375
 0.375 0.8125 0.4375
 0.3125 0.8125 0.4375
 0.5 0.8125 0.5
 0.4375 0.875 0.5
 0.5 0.875 0.4375
 0.4375 0.8125 0.5
 0.4375 0.875 0.4375
 0.5 0.8125 0.4375
 0.4375 0.8125 0.4375
 0.5 0.9375 0.5
 0.4375 1 0.5
 0.375 0.9375 0.5
 0.5 1 0.4375
 0.375 1 0.4375
 0.4375 0.9375 0.5
 0.4375 1 0.4375
 0.375 0.9375 0.4375
 0.5 0.9375 0.4375
 0.4375 0.9375 0.4375
 0.3125 1 0.5
 0.3125 0.9375 0.5
 0.3125 1 0.4375
 0.3125 0.9375 0.4375
 0.625 0.8125 0.375
 0.5625 0.875 0.375
 0.625 0.875 0.3125
 0.5625 0.8125 0.375
 0.5625 0.875 0.3125
 0.625 0.8125 0.3125
 0.5625 0.8125 0.3125
 0.75 0.8125 0.375
 0.6875 0.875 0.375
 0.75 0.875 0.3125
 0.6875 0.8125 0.375
 0.6875 0.875 0.3125
 0.75 0.8125 0.3125
 0.6875 0.8125 0.3125
 0.75 0.9375 0.375
 0.6875 1 0.375
 0.625 0.9375 0.375
 0.75 1 0.3125
 0.625 1 0.3125
 0.6875 0.9375 0.375
 0.6875 1 0.3125
 0.625 0.9375 0.3125
 0.75 0.9375 0.3125
 0.6875 0.9375 0.3125
 0.5625 1 0.375
 0.5625 0.9375 0.375
 0.5625 1 0.3125
 0.5625 0.9375 0.3125
 0.625 0.8125 0.5
 0.5625 0.875 0.5
 0.625 0.875 0.4375
 0.5625 0.8125 0.5
 0.5625 0.875 0.4375
 0.625 0.8125 0.4375
 0.5625 0.8125 0.4375
 0.75 0.8125 0.5
 0.6875 0.875 0.5
 0.75 0.875 0.4375
 0.6875 0.8125 0.5
 0.6875 0.875 0.4375
 0.75 0.8125 0.4375
 0.6875 0.8125 0.4375
 0.75 0.9375 0.5
 0.6875 1 0.5
 0.625 0.9375 0.5
 0.75 1 0.4375
 0.625 1 0.4375
 0.6875 0.9375 0.5
 0.6875 1 0.4375
 0.625 0.9375 0.4375
 0.75 0.9375 0.4375
 0.6875 0.9375 0.4375
 0.5625 1 0.5
 0.5625 0.9375 0.5
 0.5625 1 0.4375
 0.5625 0.9375 0.4375
 0.875 0.8125 0.375
 0.8125 0.875 0.375
 0.875 0.875 0.3125
 0.8125 0.8125 0.375
 0.8125 0.875 0.3125
 0.875 0.8125 0.3125
 0.8125 0.8125 0.3125
 1 0.8125 0.375
 0.9375 0.875 0.375
 1 0.875 0.3125
 0.9375 0.8125 0.375
 0.9375 0.875 0.3125
 1 0.8125 0.3125
 0.9375 0.8125 0.3125
 1 0.9375 0.375
 0.9375 1 0.375
 0.875 0.9375 0.375
 1 1 0.3125
 0.875 1 0.3125
 0.9375 0.9375 0.375
 0.9375 1 0.3125
 0.875 0.9375 0.3125
 1 0.9375 0.3125
 0.9375 0.9375 0.3125
 0.8125 1 0.375
 0.8125 0.9375 0.375
 0.8125 1 0.3125
 0.8125 0.9375 0.3125
 0.875 0.8125 0.5
 0.8125 0.875 0.5
 0.875 0.875 0.4375
 0.8125 0.8125 0.5
 0.8125 0.875 0.4375
 0.875 0.8125 0.4375
 0.8125 0.8125 0.4375
 1 0.8125 0.5
 0.9375 0.875 0.5
 1 0.875 0.4375
 0.9375 0.8125 0.5
 0.9375 0.875 0.4375
 1 0.8125 0.4375
 0.9375 0.8125 0.4375
 1 0.9375 0.5
 0.9375 1 0.5
 0.875 0.9375 0.5
 1 1 0.4375
 0.875 1 0.4375
 0.9375 0.9375 0.5
 0.9375 1 0.4375
 0.875 0.9375 0.4375
 1 0.9375 0.4375
 0.9375 0.9375 0.4375
 0.8125 1 0.5
 0.8125 0.9375 0.5
 0.8125 1 0.4375
 0.8125 0.9375 0.4375
 0.0625 0 0.625
 0.125 0.0625 0.625
 0.0625 0.125 0.625
 0 0.0625 0.625
 0 0 0.5625
 0.125 0 0.5625
 0.125 0.125 0.5625
 0 0.125 0.5625
 0.0625 0.0625 0.625
 0.0625 0 0.5625
 0.0625 0.125 0.5625
 0 0.0625 0.5625
 0.125 0.0625 0.5625
 0.0625 0.0625 0.5625
 0.1875 0 0.625
 0.25 0.0625 0.625
 0.1875 0.125 0.625
 0.25 0 0.5625
 0.25 0.125 0.5625
 0.1875 0.0625 0.625
 0.1875 0 0.5625
 0.1875 0.125 0.5625
 0.25 0.0625 0.5625
 0.1875 0.0625 0.5625
 0.25 0.1875 0.625
 0.1875 0.25 0.625
 0.125 0.1875 0.625
 0.25 0.25 0.5625
 0.125 0.25 0.5625
 0.1875 0.1875 0.625
 0.1875 0.25 0.5625
 0.125 0.1875 0.5625
 0.25 0.1875 0.5625
 0.1875 0.1875 0.5625
 0.0625 0.25 0.625
 0 0.1875 0.625
 0 0.25 0.5625
 0.0625 0.1875 0.625
 0.0625 0.25 0.5625
 0 0.1875 0.5625
 0.0625 0.1875 0.5625
 0.0625 0 0.75
 0.125 0.0625 0.75
 0.0625 0.125 0.75
 0 0.0625 0.75
 0 0 0.6875
 0.125 0 0.6875
 0.125 0.125 0.6875
 0 0.125 0.6875
 0.0625 0.0625 0.75
 0.0625 0 0.6875
 0.0625 0.125 0.6875
 0 0.0625 0.6875
 0.125 0.0625 0.6875
 0.0625 0.0625 0.6875
 0.1875 0 0.75
 0.25 0.0625 0.75
 0.1875 0.125 0.75
 0.25 0 0.6875
 0.25 0.125 0.6875
 0.1875 0.0625 0.75
 0.1875 0 0.6875
 0.1875 0.125 0.6875
 0.25 0.0625 0.6875
 0.1875 0.0625 0.6875
 0.25 0.1875 0.75
 0.1875 0.25 0.75
 0.125 0.1875 0.75
 0.25 0.25 0.6875
 0.125 0.25 0.6875
 0.1875 0.1875 0.75
 0.1875 0.25 0.6875
 0.125 0.1875 0.6875
 0.25 0.1875 0.6875
 0.1875 0.1875 0.6875
 0.0625 0.25 0.75
 0 0.1875 0.75
 0 0.25 0.6875
 0.0625 0.1875 0.75
 0.0625 0.25 0.6875
 0 0.1875 0.6875
 0.0625 0.1875 0.6875
 0.3125 0 0.625
 0.375 0.0625 0.625
 0.3125 0.125 0.625
 0.375 0 0.5625
 0.375 0.125 0.5625
 0.3125 0.0625 0.625
 0.3125 0 0.5625
 0.3125 0.125 0.5625
 0.375 0.0625 0.5625
 0.3125 0.0625 0.5625
 0.4375 0 0.625
 0.5 0.0625 0.625
 0.4375 0.125 0.625
 0.5 0 0.5625
 0.5 0.125 0.5625
 0.4375 0.0625 0.625
 0.4375 0 0.5625
 0.4375 0.125 0.5625
 0.5 0.0625 0.5625
 0.4375 0.0625 0.5625
 0.5 0.1875 0.625
 0.4375 0.25 0.625
 0.375 0.1875 0.625
 0.5 0.25 0.5625
 0.375 0.25 0.5625
 0.4375 0.1875 0.625
 0.4375 0.25 0.5625
 0.375 0.1875 0.5625
 0.5 0.1875 0.5625
 0.4375 0.1875 0.5625
 0.3125 0.25 0.625
 0.3125 0.1875 0.625
 0.3125 0.25 0.5625
 0.3125 0.1875 0.5625
 0.3125 0 0.75
 0.375 0.0625 0.75
 0.3125 0.125 0.75
 0.375 0 0.6875
 0.375 0.125 0.6875
 0.3125 0.0625 0.75
 0.3125 0 0.6875
 0.3125 0.125 0.6875
 0.375 0.0625 0.6875
 0.3125 0.0625 0.6875
 0.4375 0 0.75
 0.5 0.0625 0.75
 0.4375 0.125 0.75
 0.5 0 0.6875
 0.5 0.125 0.6875
 0.4375 0.0625 0.75
 0.4375 0 0.6875
 0.4375 0.125 0.6875
 0.5 0.0625 0.6875
 0.4375 0.0625 0.6875
 0.5 0.1875 0.75
 0.4375 0.25 0.75
 0.375 0.1875 0.75
 0.5 0.25 0.6875
 0.375 0.25 0.6875
 0.4375 0.1875 0.75
 0.4375 0.25 0.6875
 0.375 0.1875 0.6875
 0.5 0.1875 0.6875
 0.4375 0.1875 0.6875
 0.3125 0.25 0.75
 0.3125 0.1875 0.75
 0.3125 0.25 0.6875
 0.3125 0.1875 0.6875
 0.5625 0 0.625
 0.625 0.0625 0.625
 0.5625 0.125 0.625
 0.625 0 0.5625
 0.625 0.125 0.5625
 0.5625 0.0625 0.625
 0.5625 0 0.5625
 0.5625 0.125 0.5625
 0.625 0.0625 0.5625
 0.5625 0.0625 0.5625
 0.6875 0 0.625
 0.75 0.0625 0.625
 0.6875 0.125 0.625
 0.75 0 0.5625
 0.75 0.125 0.5625
 0.6875 0.0625 0.625
 0.6875 0 0.5625
 0.6875 0.125 0.5625
 0.75 0.0625 0.5625
 0.6875 0.0625 0.5625
 0.75 0.1875 0.625
 0.6875 0.25 0.625
 0.625 0.1875 0.625
 0.75 0.25 0.5625
 0.625 0.25 0.5625
 0.6875 0.1875 0.625
 0.6875 0.25 0.5625
 0.625 0.1875 0.5625
 0.75 0.1875 0.5625
 0.6875 0.1875 0.5625
 0.5625 0.25 0.625
 0.5625 0.1875 0.625
 0.5625 0.25 0.5625
 0.5625 0.1875 0.5625
 0.5625 0 0.75
 0.625 0.0625 0.75
 0.5625 0.125 0.75
 0.625 0 0.6875
 0.625 0.125 0.6875
 0.5625 0.0625 0.75
 0.5625 0 0.6875
 0.5625 0.125 0.6875
 0.625 0.0625 0.6875
 0.5625 0.0625 0.6875
 0.6875 0 0.75
 0.75 0.0625 0.75
 0.6875 0.125 0.75
 0.75 0 0.6875
 0.75 0.125 0.6875
 0.6875 0.0625 0.75
 0.6875 0 0.6875
 0.6875 0.125 0.6875
 0.75 0.0625 0.6875
 0.6875 0.0625 0.6875
 0.75 0.1875 0.75
 0.6875 0.25 0.75
 0.625 0.1875 0.75
 0.75 0.25 0.6875
 0.625 0.25 0.6875
 0.6875 0.1875 0.75
 0.6875 0.25 0.6875
 0.625 0.1875 0.6875
 0.75 0.1875 0.6875
 0.6875 0.1875 0.6875
 0.5625 0.25 0.75
 0.5625 0.1875 0.75
 0.5625 0.25 0.6875
 0.5625 0.1875 0.6875
 0.8125 0 0.625
 0.875 0.0625 0.625
 0.8125 0.125 0.625
 0.875 0 0.5625
 0.875 0.125 0.5625
 0.8125 0.0625 0.625
 0.8125 0 0.5625
 0.8125 0.125 0.5625
 0.875 0.0625 0.5625
 0.8125 0.0625 0.5625
 0.9375 0 0.625
 1 0.0625 0.625
 0.9375 0.125 0.625
 1 0 0.5625
 1 0.125 0.5625
 0.9375 0.0625 0.625
 0.9375 0 0.5625
 0.9375 0.125 0.5625
 1 0.0625 0.5625
 0.9375 0.0625 0.5625
 1 0.1875 0.625
 0.9375 0.25 0.625
 0.875 0.1875 0.625
 1 0.25 0.5625
 0.875 0.25 0.5625
 0.9375 0.1875 0.625
 0.9375 0.25 0.5625
 0.875 0.1875 0.5625
 1 0.1875 0.5625
 0.9375 0.1875 0.5625
 0.8125 0.25 0.625
 0.8125 0.1875 0.625
 0.8125 0.25 0.5625
 0.8125 0.1875 0.5625
 0.8125 0 0.75
 0.875 0.0625 0.75
 0.8125 0.125 0.75
 0.875 0 0.6875
 0.875 0.125 0.6875
 0.8125 0.0625 0.75
 0.8125 0 0.6875
 0.8125 0.125 0.6875
 0.875 0.0625 0.6875
 0.8125 0.0625 0.6875
 0.9375 0 0.75
 1 0.0625 0.75
 0.9375 0.125 0.75
 1 0 0.6875
 1 0.125 0.6875
 0.9375 0.0625 0.75
 0.9375 0 0.6875
 0.9375 0.125 0.6875
 1 0.0625 0.6875
 0.9375 0.0625 0.6875
 1 0.1875 0.75
 0.9375 0.25 0.75
 0.875 0.1875 0.75
 1 0.25 0.6875
 0.875 0.25 0.6875
 0.9375 0.1875 0.75
 0.9375 0.25 0.6875
 0.875 0.1875 0.6875
 1 0.1875 0.6875
 0.9375 0.1875 0.6875
 0.8125 0.25 0.75
 0.8125 0.1875 0.75
 0.8125 0.25 0.6875
 0.8125 0.1875 0.6875
 0.125 0.3125 0.625
 0.0625 0.375 0.625
 0 0.3125 0.625
 0.125 0.375 0.5625
 0 0.375 0.5625
 0.0625 0.3125 0.625
 0.0625 0.375 0.5625
 0 0.3125 0.5625
 0.125 0.3125 0.5625
 0.0625 0.3125 0.5625
 0.25 0.3125 0.625
 0.1875 0.375 0.625
 0.25 0.375 0.5625
 0.1875 0.3125 0.625
 0.1875 0.375 0.5625
 0.25 0.3125 0.5625
 0.1875 0.3125 0.5625
 0.25 0.4375 0.625
 0.1875 0.5 0.625
 0.125 0.4375 0.625
 0.25 0.5 0.5625
 0.125 0.5 0.5625
 0.1875 0.4375 0.625
 0.1875 0.5 0.5625
 0.125 0.4375 0.5625
 0.25 0.4375 0.5625
 0.1875 0.4375 0.5625
 0.0625 0.5 0.625
 0 0.4375 0.625
 0 0.5 0.5625
 0.0625 0.4375 0.625
 0.0625 0.5 0.5625
 0 0.4375 0.5625
 0.0625 0.4375 0.5625
 0.125 0.3125 0.75
 0.0625 0.375 0.75
 0 0.3125 0.75
 0.125 0.375 0.6875
 0 0.375 0.6875
 0.0625 0.3125 0.75
 0.0625 0.375 0.6875
 0 0.3125 0.6875
 0.125 0.3125 0.6875
 0.0625 0.3125 0.6875
 0.25 0.3125 0.75
 0.1875 0.375 0.75
 0.25 0.375 0.6875
 0.1875 0.3125 0.75
 0.1875 0.375 0.6875
 0.25 0.3125 0.6875
 0.1875 0.3125 0.6875
 0.25 0.4375 0.75
 0.1875 0.5 0.75
 0.125 0.4375 0.75
 0.25 0.5 0.6875
 0.125 0.5 0.6875
 0.1875 0.4375 0.75
 0.1875 0.5 0.6875
 0.125 0.4375 0.6875
 0.25 0.4375 0.6875
 0.1875 0.4375 0.6875
 0.0625 0.5 0.75
 0 0.4375 0.75
 0 0.5 0.6875
 0.0625 0.4375 0.75
 0.0625 0.5 0.6875
 0 0.4375 0.6875
 0.0625 0.4375 0.6875
 0.375 0.3125 0.625
 0.3125 0.375 0.625
 0.375 0.375 0.5625
 0.3125 0.3125 0.625
 0.3125 0.375 0.5625
 0.375 0.3125 0.5625
 0.3125 0.3125 0.5625
 0.5 0.3125 0.625
 0.4375 0.375 0.625
 0.5 0.375 0.5625
 0.4375 0.3125 0.625
 0.4375 0.375 0.5625
 0.5 0.3125 0.5625
 0.4375 0.3125 0.5625
 0.5 0.4375 0.625
 0.4375 0.5 0.625
 0.375 0.4375 0.625
 0.5 0.5 0.5625
 0.375 0.5 0.5625
 0.4375 0.4375 0.625
 0.4375 0.5 0.5625
 0.375 0.4375 0.5625
 0.5 0.4375 0.5625
 0.4375 0.4375 0.5625
 0.3125 0.5 0.625
 0.3125 0.4375 0.625
 0.3125 0.5 0.5625
 0.3125 0.4375 0.5625
 0.375 0.3125 0.75
 0.3125 0.375 0.75
 0.375 0.375 0.6875
 0.3125 0.3125 0.75
 0.3125 0.375 0.6875
 0.375 0.3125 0.6875
 0.3125 0.3125 0.6875
 0.5 0.3125 0.75
 0.4375 0.375 0.75
 0.5 0.375 0.6875
 0.4375 0.3125 0.75
 0.4375 0.375 0.6875
 0.5 0.3125 0.6875
 0.4375 0.3125 0.6875
 0.5 0.4375 0.75
 0.4375 0.5 0.75
 0.375 0.4375 0.75
 0.5 0.5 0.6875
 0.375 0.5 0.6875
 0.4375 0.4375 0.75
 0.4375 0.5 0.6875
 0.375 0.4375 0.6875
 0.5 0.4375 0.6875
 0.4375 0.4375 0.6875
 0.3125 0.5 0.75
 0.3125 0.4375 0.75
 0.3125 0.5 0.6875
 0.3125 0.4375 0.6875
 0.625 0.3125 0.625
 0.5625 0.375 0.625
 0.625 0.375 0.5625
 0.5625 0.3125 0.625
 0.5625 0.375 0.5625
 0.625 0.3125 0.5625
 0.5625 0.3125 0.5625
 0.75 0.3125 0.625
 0.6875 0.375 0.625
 0.75 0.375 0.5625
 0.6875 0.3125 0.625
 0.6875 0.375 0.5625
 0.75 0.3125 0.5625
 0.6875 0.3125 0.5625
 0.75 0.4375 0.625
 0.6875 0.5 0.625
 0.625 0.4375 0.625
 0.75 0.5 0.5625
 0.625 0.5 0.5625
 0.6875 0.4375 0.625
 0.6875 0.5 0.5625
 0.625 0.4375 0.5625
 0.75 0.4375 0.5625
 0.6875 0.4375 0.5625
 0.5625 0.5 0.625
 0.5625 0.4375 0.625
 0.5625 0.5 0.5625
 0.5625 0.4375 0.5625
 0.625 0.3125 0.75
 0.5625 0.375 0.75
 0.625 0.375 0.6875
 0.5625 0.3125 0.75
 0.5625 0.375 0.6875
 0.625 0.3125 0.6875
 0.5625 0.3125 0.6875
 0.75 0.3125 0.75
 0.6875 0.375 0.75
 0.75 0.375 0.6875
 0.6875 0.3125 0.75
 0.6875 0.375 0.6875
 0.75 0.3125 0.6875
 0.6875 0.3125 0.6875
 0.75 0.4375 0.75
 0.6875 0.5 0.75
 0.625 0.4375 0.75
 0.75 0.5 0.6875
 0.625 0.5 0.6875
 0.6875 0.4375 0.75
 0.6875 0.5 0.6875
 0.625 0.4375 0.6875
 0.75 0.4375 0.6875
 0.6875 0.4375 0.6875
 0.5625 0.5 0.75
 0.5625 0.4375 0.75
 0.5625 0.5 0.6875
 0.5625 0.4375 0.6875
 0.875 0.3125 0.625
 0.8125 0.375 0.625
 0.875 0.375 0.5625
 0.8125 0.3125 0.625
 0.8125 0.375 0.5625
 0.875 0.3125 0.5625
 0.8125 0.3125 0.5625
 1 0.3125 0.625
 0.9375 0.375 0.625
 1 0.375 0.5625
 0.9375 0.3125 0.625
 0.9375 0.375 0.5625
 1 0.3125 0.5625
 0.9375 0.3125 0.5625
 1 0.4375 0.625
 0.9375 0.5 0.625
 0.875 0.4375 0.625
 1 0.5 0.5625
 0.875 0.5 0.5625
 0.9375 0.4375 0.625
 0.9375 0.5 0.5625
 0.875 0.4375 0.5625
 1 0.4375 0.5625
 0.9375 0.4375 0.5625
 0.8125 0.5 0.625
 0.8125 0.4375 0.625
 0.8125 0.5 0.5625
 0.8125 0.4375 0.5625
 0.875 0.3125 0.75
 0.8125 0.375 0.75
 0.875 0.375 0.6875
 0.8125 0.3125 0.75
 0.8125 0.375 0.6875
 0.875 0.3125 0.6875
 0.8125 0.3125 0.6875
 1 0.3125 0.75
 0.9375 0.375 0.75
 1 0.375 0.6875
 0.9375 0.3125 0.75
 0.9375 0.375 0.6875
 1 0.3125 0.6875
 0.9375 0.3125 0.6875
 1 0.4375 0.75
 0.9375 0.5 0.75
 0.875 0.4375 0.75
 1 0.5 0.6875
 0.875 0.5 0.6875
 0.9375 0.4375 0.75
 0.9375 0.5 0.6875
 0.875 0.4375 0.6875
 1 0.4375 0.6875
 0.9375 0.4375 0.6875
 0.8125 0.5 0.75
 0.8125 0.4375 0.75
 0.8125 0.5 0.6875
 0.8125 0.4375 0.6875
 0.125 0.5625 0.625
 0.0625 0.625 0.625
 0 0.5625 0.625
 0.125 0.625 0.5625
 0 0.625 0.5625
 0.0625 0.5625 0.625
 0.0625 0.625 0.5625
 0 0.5625 0.5625
 0.125 0.5625 0.5625
 0.0625 0.5625 0.5625
 0.25 0.5625 0.625
 0.1875 0.625 0.625
 0.25 0.625 0.5625
 0.1875 0.5625 0.625
 0.1875 0.625 0.5625
 0.25 0.5625 0.5625
 0.1875 0.5625 0.5625
 0.25 0.6875 0.625
 0.1875 0.75 0.625
 0.125 0.6875 0.625
 0.25 0.75 0.5625
 0.125 0.75 0.5625
 0.1875 0.6875 0.625
 0.1875 0.75 0.5625
 0.125 0.6875 0.5625
 0.25 0.6875 0.5625
 0.1875 0.6875 0.5625
 0.0625 0.75 0.625
 0 0.6875 0.625
 0 0.75 0.5625
 0.0625 0.6875 0.625
 0.0625 0.75 0.5625
 0 0.6875 0.5625
 0.0625 0.6875 0.5625
 0.125 0.5625 0.75
 0.0625 0.625 0.75
 0 0.5625 0.75
 0.125 0.625 0.6875
 0 0.625 0.6875
 0.0625 0.5625 0.75
 0.0625 0.625 0.6875
 0 0.5625 0.6875
 0.125 0.5625 0.6875
 0.0625 0.5625 0.6875
 0.25 0.5625 0.75
 0.1875 0.625 0.75
 0.25 0.625 0.6875
 0.1875 0.5625 0.75
 0.1875 0.625 0.6875
 0.25 0.5625 0.6875
 0.1875 0.5625 0.6875
 0.25 0.6875 0.75
 0.1875 0.75 0.75
 0.125 0.6875 0.75
 0.25 0.75 0.6875
 0.125 0.75 0.6875
 0.1875 0.6875 0.75
 0.1875 0.75 0.6875
 0.125 0.6875 0.6875
 0.25 0.6875 0.6875
 0.1875 0.6875 0.6875
 0.0625 0.75 0.75
 0 0.6875 0.75
 0 0.75 0.6875
 0.0625 0.6875 0.75
 0.0625 0.75 0.6875
 0 0.6875 0.6875
 0.0625 0.6875 0.6875
 0.375 0.5625 0.625
 0.3125 0.625 0.625
 0.375 0.625 0.5625
 0.3125 0.5625 0.625
 0.3125 0.625 0.5625
 0.375 0.5625 0.5625
 0.3125 0.5625 0.5625
 0.5 0.5625 0.625
 0.4375 0.625 0.625
 0.5 0.625 0.5625
 0.4375 0.5625 0.625
 0.4375 0.625 0.5625
 0.5 0.5625 0.5625
 0.4375 0.5625 0.5625
 0.5 0.6875 0.625
 0.4375 0.75 0.625
 0.375 0.6875 0.625
 0.5 0.75 0.5625
 0.375 0.75 0.5625
 0.4375 0.6875 0.625
 0.4375 0.75 0.5625
 0.375 0.6875 0.5625
 0.5 0.6875 0.5625
 0.4375 0.6875 0.5625
 0.3125 0.75 0.625
 0.3125 0.6875 0.625
 0.3125 0.75 0.5625
 0.3125 0.6875 0.5625
 0.375 0.5625 0.75
 0.3125 0.625 0.75
 0.375 0.625 0.6875
 0.3125 0.5625 0.75
 0.3125 0.625 0.6875
 0.375 0.5625 0.6875
 0.3125 0.5625 0.6875
 0.5 0.5625 0.75
 0.4375 0.625 0.75
 0.5 0.625 0.6875
 0.4375 0.5625 0.75
 0.4375 0.625 0.6875
 0.5 0.5625 0.6875
 0.4375 0.5625 0.6875
 0.5 0.6875 0.75
 0.4375 0.75 0.75
 0.375 0.6875 0.75
 0.5 0.75 0.6875
 0.375 0.75 0.6875
 0.4375 0.6875 0.75
 0.4375 0.75 0.6875
 0.375 0.6875 0.6875
 0.5 0.6875 0.6875
 0.4375 0.6875 0.6875
 0.3125 0.75 0.75
 0.3125 0.6875 0.75
 0.3125 0.75 0.6875
 0.3125 0.6875 0.6875
 0.625 0.5625 0.625
 0.5625 0.625 0.625
 0.625 0.625 0.5625
 0.5625 0.5625 0.625
 0.5625 0.625 0.5625
 0.625 0.5625 0.5625
 0.5625 0.5625 0.5625
 0.75 0.5625 0.625
 0.6875 0.625 0.625
 0.75 0.625 0.5625
 0.6875 0.5625 0.625
 0.6875 0.625 0.5625
 0.75 0.5625 0.5625
 0.6875 0.5625 0.5625
 0.75 0.6875 0.625
 0.6875 0.75 0.625
 0.625 0.6875 0.625
 0.75 0.75 0.5625
 0.625 0.75 0.5625
 0.6875 0.6875 0.625
 0.6875 0.75 0.5625
 0.625 0.6875 0.5625
 0.75 0.6875 0.5625
 0.6875 0.6875 0.5625
 0.5625 0.75 0.625
 0.5625 0.6875 0.625
 0.5625 0.75 0.5625
 0.5625 0.6875 0.5625
 0.625 0.5625 0.75
 0.5625 0.625 0.75
 0.625 0.625 0.6875
 0.5625 0.5625 0.75
 0.5625 0.625 0.6875
 0.625 0.5625 0.6875
 0.5625 0.5625 0.6875
 0.75 0.5625 0.75
 0.6875 0.625 0.75
 0.75 0.625 0.6875
 0.6875 0.5625 0.75
 0.6875 0.625 0.6875
 0.75 0.5625 0.6875
 0.6875 0.5625 0.6875
 0.75 0.6875 0.75
 0.6875 0.75 0.75
 0.625 0.6875 0.75
 0.75 0.75 0.6875
 0.625 0.75 0.6875
 0.6875 0.6875 0.75
 0.6875 0.75 0.6875
 0.625 0.6875 0.6875
 0.75 0.6875 0.6875
 0.6875 0.6875 0.6875
 0.5625 0.75 0.75
 0.5625 0.6875 0.75
 0.5625 0.75 0.6875
 0.5625 0.6875 0.6875
 0.875 0.5625 0.625
 0.8125 0.625 0.625
 0.875 0.625 0.5625
 0.8125 0.5625 0.625
 0.8125 0.625 0.5625
 0.875 0.5625 0.5625
 0.8125 0.5625 0.5625
 1 0.5625 0.625
 0.9375 0.625 0.625
 1 0.625 0.5625
 0.9375 0.5625 0.625
 0.9375 0.625 0.5625
 1 0.5625 0.5625
 0.9375 0.5625 0.5625
 1 0.6875 0.625
 0.9375 0.75 0.625
 0.875 0.6875 0.625
 1 0.75 0.5625
 0.875 0.75 0.5625
 0.9375 0.6875 0.625
 0.9375 0.75 0.5625
 0.875 0.6875 0.5625
 1 0.6875 0.5625
 0.9375 0.6875 0.5625
 0.8125 0.75 0.625
 0.8125 0.6875 0.625
 0.8125 0.75 0.5625
 0.8125 0.6875 0.5625
 0.875 0.5625 0.75
 0.8125 0.625 0.75
 0.875 0.625 0.6875
 0.8125 0.5625 0.75
 0.8125 0.625 0.6875
 0.875 0.5625 0.6875
 0.8125 0.5625 0.6875
 1 0.5625 0.75
 0.9375 0.625 0.75
 1 0.625 0.6875
 0.9375 0.5625 0.75
 0.9375 0.625 0.6875
 1 0.5625 0.6875
 0.9375 0.5625 0.6875
 1 0.6875 0.75
 0.9375 0.75 0.75
 0.875 0.6875 0.75
 1 0.75 0.6875
 0.875 0.75 0.6875
 0.9375 0.6875 0.75
 0.9375 0.75 0.6875
 0.875 0.6875 0.6875
 1 0.6875 0.6875
 0.9375 0.6875 0.6875
 0.8125 0.75 0.75
 0.8125 0.6875 0.75
 0.8125 0.75 0.6875
 0.8125 0.6875 0.6875
 0.125 0.8125 0.625
 0.0625 0.875 0.625
 0 0.8125 0.625
 0.125 0.875 0.5625
 0 0.875 0.5625
 0.0625 0.8125 0.625
 0.0625 0.875 0.5625
 0 0.8125 0.5625
 0.125 0.8125 0.5625
 0.0625 0.8125 0.5625
 0.25 0.8125 0.625
 0.1875 0.875 0.625
 0.25 0.875 0.5625
 0.1875 0.8125 0.625
 0.1875 0.875 0.5625
 0.25 0.8125 0.5625
 0.1875 0.8125 0.5625
 0.25 0.9375 0.625
 0.1875 1 0.625
 0.125 0.9375 0.625
 0.25 1 0.5625
 0.125 1 0.5625
 0.1875 0.9375 0.625
 0.1875 1 0.5625
 0.125 0.9375 0.5625
 0.25 0.9375 0.5625
 0.1875 0.9375 0.5625
 0.0625 1 0.625
 0 0.9375 0.625
 0 1 0.5625
 0.0625 0.9375 0.625
 0.0625 1 0.5625
 0 0.9375 0.5625
 0.0625 0.9375 0.5625
 0.125 0.8125 0.75
 0.0625 0.875 0.75
 0 0.8125 0.75
 0.125 0.875 0.6875
 0 0.875 0.6875
 0.0625 0.8125 0.75
 0.0625 0.875 0.6875
 0 0.8125 0.6875
 0.125 0.8125 0.6875
 0.0625 0.8125 0.6875
 0.25 0.8125 0.75
 0.1875 0.875 0.75
 0.25 0.875 0.6875
 0.1875 0.8125 0.75
 0.1875 0.875 0.6875
 0.25 0.8125 0.6875
 0.1875 0.8125 0.6875
 0.25 0.9375 0.75
 0.1875 1 0.75
 0.125 0.9375 0.75
 0.25 1 0.6875
 0.125 1 0.6875
 0.1875 0.9375 0.75
 0.1875 1 0.6875
 0.125 0.9375 0.6875
 0.25 0.9375 0.6875
 0.1875 0.9375 0.6875
 0.0625 1 0.75
 0 0.9375 0.75
 0 1 0.6875
 0.0625 0.9375 0.75
 0.0625 1 0.6875
 0 0.9375 0.6875
 0.0625 0.9375 0.6875
 0.375 0.8125 0.625
 0.3125 0.875 0.625
 0.375 0.875 0.5625
 0.3125 0.8125 0.625
 0.3125 0.875 0.5625
 0.375 0.8125 0.5625
 0.3125 0.8125 0.5625
 0.5 0.8125 0.625
 0.4375 0.875 0.625
 0.5 0.875 0.5625
 0.4375 0.8125 0.625
 0.4375 0.875 0.5625
 0.5 0.8125 0.5625
 0.4375 0.8125 0.5625
 0.5 0.9375 0.625
 0.4375 1 0.625
 0.375 0.9375 0.625
 0.5 1 0.5625
 0.375 1 0.5625
 0.4375 0.9375 0.625
 0.4375 1 0.5625
 0.375 0.9375 0.5625
 0.5 0.9375 0.5625
 0.4375 0.9375 0.5625
 0.3125 1 0.625
 0.3125 0.9375 0.625
 0.3125 1 0.5625
 0.3125 0.9375 0.5625
 0.375 0.8125 0.75
 0.3125 0.875 0.75
 0.375 0.875 0.6875
 0.3125 0.8125 0.75
 0.3125 0.875 0.6875
 0.375 0.8125 0.6875
 0.3125 0.8125 0.6875
 0.5 0.8125 0.75
 0.4375 0.875 0.75
 0.5 0.875 0.6875
 0.4375 0.8125 0.75
 0.4375 0.875 0.6875
 0.5 0.8125 0.6875
 0.4375 0.8125 0.6875
 0.5 0.9375 0.75
 0.4375 1 0.75
 0.375 0.9375 0.75
 0.5 1 0.6875
 0.375 1 0.6875
 0.4375 0.9375 0.75
 0.4375 1 0.6875
 0.375 0.9375 0.6875
 0.5 0.9375 0.6875
 0.4375 0.9375 0.6875
 0.3125 1 0.75
 0.3125 0.9375 0.75
 0.3125 1 0.6875
 0.3125 0.9375 0.6875
 0.625 0.8125 0.625
 0.5625 0.875 0.625
 0.625 0.875 0.5625
 0.5625 0.8125 0.625
 0.5625 0.875 0.5625
 0.625 0.8125 0.5625
 0.5625 0.8125 0.5625
 0.75 0.8125 0.625
 0.6875 0.875 0.625
 0.75 0.875 0.5625
 0.6875 0.8125 0.625
 0.6875 0.875 0.5625
 0.75 0.8125 0.5625
 0.6875 0.8125 0.5625
 0.75 0.9375 0.625
 0.6875 1 0.625
 0.625 0.9375 0.625
 0.75 1 0.5625
 0.625 1 0.5625
 0.6875 0.9375 0.625
 0.6875 1 0.5625
 0.625 0.9375 0.5625
 0.75 0.9375 0.5625
 0.6875 0.9375 0.5625
 0.5625 1 0.625
 0.5625 0.9375 0.625
 0.5625 1 0.5625
 0.5625 0.9375 0.5625
 0.625 0.8125 0.75
 0.5625 0.875 0.75
 0.625 0.875 0.6875
 0.5625 0.8125 0.75
 0.5625 0.875 0.6875
 0.625 0.8125 0.6875
 0.5625 0.8125 0.6875
 0.75 0.8125 0.75
 0.6875 0.875 0.75
 0.75 0.875 0.6875
 0.6875 0.8125 0.75
 0.6875 0.875 0.6875
 0.75 0.8125 0.6875
 0.6875 0.8125 0.6875
 0.75 0.9375 0.75
 0.6875 1 0.75
 0.625 0.9375 0.75
 0.75 1 0.6875
 0.625 1 0.6875
 0.6875 0.9375 0.75
 0.6875 1 0.6875
 0.625 0.9375 0.6875
 0.75 0.9375 0.6875
 0.6875 0.9375 0.6875
 0.5625 1 0.75
 0.5625 0.9375 0.75
 0.5625 1 0.6875
 0.5625 0.9375 0.6875
 0.875 0.8125 0.625
 0.8125 0.875 0.625
 0.875 0.875 0.5625
 0.8125 0.8125 0.625
 0.8125 0.875 0.5625
 0.875 0.8125 0.5625
 0.8125 0.8125 0.5625
 1 0.8125 0.625
 0.9375 0.875 0.625
 1 0.875 0.5625
 0.9375 0.8125 0.625
 0.9375 0.875 0.5625
 1 0.8125 0.5625
 0.9375 0.8125 0.5625
 1 0.9375 0.625
 0.9375 1 0.625
 0.875 0.9375 0.625
 1 1 0.5625
 0.875 1 0.5625
 0.9375 0.9375 0.625
 0.9375 1 0.5625
 0.875 0.9375 0.5625
 1 0.9375 0.5625
 0.9375 0.9375 0.5625
 0.8125 1 0.625
 0.8125 0.9375 0.625
 0.8125 1 0.5625
 0.8125 0.9375 0.5625
 0.875 0.8125 0.75
 0.8125 0.875 0.75
 0.875 0.875 0.6875
 0.8125 0.8125 0.75
 0.8125 0.875 0.6875
 0.875 0.8125 0.6875
 0.8125 0.8125 0.6875
 1 0.8125 0.75
 0.9375 0.875 0.75
 1 0.875 0.6875
 0.9375 0.8125 0.75
 0.9375 0.875 0.6875
 1 0.8125 0.6875
 0.9375 0.8125 0.6875
 1 0.9375 0.75
 0.9375 1 0.75
 0.875 0.9375 0.75
 1 1 0.6875
 0.875 1 0.6875
 0.9375 0.9375 0.75
 0.9375 1 0.6875
 0.875 0.9375 0.6875
 1 0.9375 0.6875
 0.9375 0.9375 0.6875
 0.8125 1 0.75
 0.8125 0.9375 0.75
 0.8125 1 0.6875
 0.8125 0.9375 0.6875
 0.0625 0 0.875
 0.125 0.0625 0.875
 0.0625 0.125 0.875
 0 0.0625 0.875
 0 0 0.8125
 0.125 0 0.8125
 0.125 0.125 0.8125
 0 0.125 0.8125
 0.0625 0.0625 0.875
 0.0625 0 0.8125
 0.0625 0.125 0.8125
 0 0.0625 0.8125
 0.125 0.0625 0.8125
 0.0625 0.0625 0.8125
 0.1875 0 0.875
 0.25 0.0625 0.875
 0.1875 0.125 0.875
 0.25 0 0.8125
 0.25 0.125 0.8125
 0.1875 0.0625 0.875
 0.1875 0 0.8125
 0.1875 0.125 0.8125
 0.25 0.0625 0.8125
 0.1875 0.0625 0.8125
 0.25 0.1875 0.875
 0.1875 0.25 0.875
 0.125 0.1875 0.875
 0.25 0.25 0.8125
 0.125 0.25 0.8125
 0.1875 0.1875 0.875
 0.1875 0.25 0.8125
 0.125 0.1875 0.8125
 0.25 0.1875 0.8125
 0.1875 0.1875 0.8125
 0.0625 0.25 0.875
 0 0.1875 0.875
 0 0.25 0.8125
 0.0625 0.1875 0.875
 0.0625 0.25 0.8125
 0 0.1875 0.8125
 0.0625 0.1875 0.8125
 0.0625 0 1
 0.125 0.0625 1
 0.0625 0.125 1
 0 0.0625 1
 0 0 0.9375
 0.125 0 0.9375
 0.125 0.125 0.9375
 0 0.125 0.9375
 0.0625 0.0625 1
 0.0625 0 0.9375
 0.0625 0.125 0.9375
 0 0.0625 0.9375
 0.125 0.0625 0.9375
 0.0625 0.0625 0.9375
 0.1875 0 1
 0.25 0.0625 1
 0.1875 0.125 1
 0.25 0 0.9375
 0.25 0.125 0.9375
 0.1875 0.0625 1
 0.1875 0 0.9375
 0.1875 0.125 0.9375
 0.25 0.0625 0.9375
 0.1875 0.0625 0.9375
 0.25 0.1875 1
 0.1875 0.25 1
 0.125 0.1875 1
 0.25 0.25 0.9375
 0.125 0.25 0.9375
 0.1875 0.1875 1
 0.1875 0.25 0.9375
 0.125 0.1875 0.9375
 0.25 0.1875 0.9375
 0.1875 0.1875 0.9375
 0.0625 0.25 1
 0 0.1875 1
 0 0.25 0.9375
 0.0625 0.1875 1
 0.0625 0.25 0.9375
 0 0.1875 0.9375
 0.0625 0.1875 0.9375
 0.3125 0 0.875
 0.375 0.0625 0.875
 0.3125 0.125 0.875
 0.375 0 0.8125
 0.375 0.125 0.8125
 0.3125 0.0625 0.875
 0.3125 0 0.8125
 0.3125 0.125 0.8125
 0.375 0.0625 0.8125
 0.3125 0.0625 0.8125
 0.4375 0 0.875
 0.5 0.0625 0.875
 0.4375 0.125 0.875
 0.5 0 0.8125
 0.5 0.125 0.8125
 0.4375 0.0625 0.875
 0.4375 0 0.8125
 0.4375 0.125 0.8125
 0.5 0.0625 0.8125
 0.4375 0.0625 0.8125
 0.5 0.1875 0.875
 0.4375 0.25 0.875
 0.375 0.1875 0.875
 0.5 0.25 0.8125
 0.375 0.25 0.8125
 0.4375 0.1875 0.875
 0.4375 0.25 0.8125
 0.375 0.1875 0.8125
 0.5 0.1875 0.8125
 0.4375 0.1875 0.8125
 0.3125 0.25 0.875
 0.3125 0.1875 0.875
 0.3125 0.25 0.8125
 0.3125 0.1875 0.8125
 0.3125 0 1
 0.375 0.0625 1
 0.3125 0.125 1
 0.375 0 0.9375
 0.375 0.125 0.9375
 0.3125 0.0625 1
 0.3125 0 0.9375
 0.3125 0.125 0.9375
 0.375 0.0625 0.9375
 0.3125 0.0625 0.9375
 0.4375 0 1
 0.5 0.0625 1
 0.4375 0.125 1
 0.5 0 0.9375
 0.5 0.125 0.9375
 0.4375 0.0625 1
 0.4375 0 0.9375
 0.4375 0.125 0.9375
 0.5 0.0625 0.9375
 0.4375 0.0625 0.9375
 0.5 0.1875 1
 0.4375 0.25 1
 0.375 0.1875 1
 0.5 0.25 0.9375
 0.375 0.25 0.9375
 0.4375 0.1875 1
 0.4375 0.25 0.9375
 0.375 0.1875 0.9375
 0.5 0.1875 0.9375
 0.4375 0.1875 0.9375
 0.3125 0.25 1
 0.3125 0.1875 1
 0.3125 0.25 0.9375
 0.3125 0.1875 0.9375
 0.5625 0 0.875
 0.625 0.0625 0.875
 0.5625 0.125 0.875
 0.625 0 0.8125
 0.625 0.125 0.8125
 0.5625 0.0625 0.875
 0.5625 0 0.8125
 0.5625 0.125 0.8125
 0.625 0.0625 0.8125
 0.5625 0.0625 0.8125
 0.6875 0 0.875
 0.75 0.0625 0.875
 0.6875 0.125 0.875
 0.75 0 0.8125
 0.75 0.125 0.8125
 0.6875 0.0625 0.875
 0.6875 0 0.8125
 0.6875 0.125 0.8125
 0.75 0.0625 0.8125
 0.6875 0.0625 0.8125
 0.75 0.1875 0.875
 0.6875 0.25 0.875
 0.625 0.1875 0.875
 0.75 0.25 0.8125
 0.625 0.25 0.8125
 0.6875 0.1875 0.875
 0.6875 0.25 0.8125
 0.625 0.1875 0.8125
 0.75 0.1875 0.8125
 0.6875 0.1875 0.8125
 0.5625 0.25 0.875
 0.5625 0.1875 0.875
 0.5625 0.25 0.8125
 0.5625 0.1875 0.8125
 0.5625 0 1
 0.625 0.0625 1
 0.5625 0.125 1
 0.625 0 0.9375
 0.625 0.125 0.9375
 0.5625 0.0625 1
 0.5625 0 0.9375
 0.5625 0.125 0.9375
 0.625 0.0625 0.9375
 0.5625 0.0625 0.9375
 0.6875 0 1
 0.75 0.0625 1
 0.6875 0.125 1
 0.75 0 0.9375
 0.75 0.125 0.9375
 0.6875 0.0625 1
 0.6875 0 0.9375
 0.6875 0.125 0.9375
 0.75 0.0625 0.9375
 0.6875 0.0625 0.9375
 0.75 0.1875 1
 0.6875 0.25 1
 0.625 0.1875 1
 0.75 0.25 0.9375
 0.625 0.25 0.9375
 0.6875 0.1875 1
 0.6875 0.25 0.9375
 0.625 0.1875 0.9375
 0.75 0.1875 0.9375
 0.6875 0.1875 0.9375
 0.5625 0.25 1
 0.5625 0.1875 1
 0.5625 0.25 0.9375
 0.5625 0.1875 0.9375
 0.8125 0 0.875
 0.875 0.0625 0.875
 0.8125 0.125 0.875
 0.875 0 0.8125
 0.875 0.125 0.8125
 0.8125 0.0625 0.875
 0.8125 0 0.8125
 0.8125 0.125 0.8125
 0.875 0.0625 0.8125
 0.8125 0.0625 0.8125
 0.9375 0 0.875
 1 0.0625 0.875
 0.9375 0.125 0.875
 1 0 0.8125
 1 0.125 0.8125
 0.9375 0.0625 0.875
 0.9375 0 0.8125
 0.9375 0.125 0.8125
 1 0.0625 0.8125
 0.9375 0.0625 0.8125
 1 0.1875 0.875
 0.9375 0.25 0.875
 0.875 0.1875 0.875
 1 0.25 0.8125
 0.875 0.25 0.8125
 0.9375 0.1875 0.875
 0.9375 0.25 0.8125
 0.875 0.1875 0.8125
 1 0.1875 0.8125
 0.9375 0.1875 0.8125
 0.8125 0.25 0.875
 0.8125 0.1875 0.875
 0.8125 0.25 0.8125
 0.8125 0.1875 0.8125
 0.8125 0 1
 0.875 0.0625 1
 0.8125 0.125 1
 0.875 0 0.9375
 0.875 0.125 0.9375
 0.8125 0.0625 1
 0.8125 0 0.9375
 0.8125 0.125 0.9375
 0.875 0.0625 0.9375
 0.8125 0.0625 0.9375
 0.9375 0 1
 1 0.0625 1
 0.9375 0.125 1
 1 0 0.9375
 1 0.125 0.9375
 0.9375 0.0625 1
 0.9375 0 0.9375
 0.9375 0.125 0.9375
 1 0.0625 0.9375
 0.9375 0.0625 0.9375
 1 0.1875 1
 0.9375 0.25 1
 0.875 0.1875 1
 1 0.25 0.9375
 0.875 0.25 0.9375
 0.9375 0.1875 1
 0.9375 0.25 0.9375
 0.875 0.1875 0.9375
 1 0.1875 0.9375
 0.9375 0.1875 0.9375
 0.8125 0.25 1
 0.8125 0.1875 1
 0.8125 0.25 0.9375
 0.8125 0.1875 0.9375
 0.125 0.3125 0.875
 0.0625 0.375 0.875
 0 0.3125 0.875
 0.125 0.375 0.8125
 0 0.375 0.8125
 0.0625 0.3125 0.875
 0.0625 0.375 0.8125
 0 0.3125 0.8125
 0.125 0.3125 0.8125
 0.0625 0.3125 0.8125
 0.25 0.3125 0.875
 0.1875 0.375 0.875
 0.25 0.375 0.8125
 0.1875 0.3125 0.875
 0.1875 0.375 0.8125
 0.25 0.3125 0.8125
 0.1875 0.3125 0.8125
 0.25 0.4375 0.875
 0.1875 0.5 0.875
 0.125 0.4375 0.875
 0.25 0.5 0.8125
 0.125 0.5 0.8125
 0.1875 0.4375 0.875
 0.1875 0.5 0.8125
 0.125 0.4375 0.8125
 0.25 0.4375 0.8125
 0.1875 0.4375 0.8125
 0.0625 0.5 0.875
 0 0.4375 0.875
 0 0.5 0.8125
 0.0625 0.4375 0.875
 0.0625 0.5 0.8125
 0 0.4375 0.8125
 0.0625 0.4375 0.8125
 0.125 0.3125 1
 0.0625 0.375 1
 0 0.3125 1
 0.125 0.375 0.9375
 0 0.375 0.9375
 0.0625 0.3125 1
 0.0625 0.375 0.9375
 0 0.3125 0.9375
 0.125 0.3125 0.9375
 0.0625 0.3125 0.9375
 0.25 0.3125 1
 0.1875 0.375 1
 0.25 0.375 0.9375
 0.1875 0.3125 1
 0.1875 0.375 0.9375
 0.25 0.3125 0.9375
 0.1875 0.3125 0.9375
 0.25 0.4375 1
 0.1875 0.5 1
 0.125 0.4375 1
 0.25 0.5 0.9375
 0.125 0.5 0.9375
 0.1875 0.4375 1
 0.1875 0.5 0.9375
 0.125 0.4375 0.9375
 0.25 0.4375 0.9375
 0.1875 0.4375 0.9375
 0.0625 0.5 1
 0 0.4375 1
 0 0.5 0.9375
 0.0625 0.4375 1
 0.0625 0.5 0.9375
 0 0.4375 0.9375
 0.0625 0.4375 0.9375
 0.375 0.3125 0.875
 0.3125 0.375 0.875
 0.375 0.375 0.8125
 0.3125 0.3125 0.875
 0.3125 0.375 0.8125
 0.375 0.3125 0.8125
 0.3125 0.3125 0.8125
 0.5 0.3125 0.875
 0.4375 0.375 0.875
 0.5 0.375 0.8125
 0.4375 0.3125 0.875
 0.4375 0.375 0.8125
 0.5 0.3125 0.8125
 0.4375 0.3125 0.8125
 0.5 0.4375 0.875
 0.4375 0.5 0.875
 0.375 0.4375 0.875
 0.5 0.5 0.8125
 0.375 0.5 0.8125
 0.4375 0.4375 0.875
 0.4375 0.5 0.8125
 0.375 0.4375 0.8125
 0.5 0.4375 0.8125
 0.4375 0.4375 0.8125
 0.3125 0.5 0.875
 0.3125 0.4375 0.875
 0.3125 0.5 0.8125
 0.3125 0.4375 0.8125
 0.375 0.3125 1
 0.3125 0.375 1
 0.375 0.375 0.9375
 0.3125 0.3125 1
 0.3125 0.375 0.9375
 0.375 0.3125 0.9375
 0.3125 0.3125 0.9375
 0.5 0.3125 1
 0.4375 0.375 1
 0.5 0.375 0.9375
 0.4375 0.3125 1
 0.4375 0.375 0.9375
 0.5 0.3125 0.9375
 0.4375 0.3125 0.9375
 0.5 0.4375 1
 0.4375 0.5 1
 0.375 0.4375 1
 0.5 0.5 0.9375
 0.375 0.5 0.9375
 0.4375 0.4375 1
 0.4375 0.5 0.9375
 0.375 0.4375 0.9375
 0.5 0.4375 0.9375
 0.4375 0.4375 0.9375
 0.3125 0.5 1
 0.3125 0.4375 1
 0.3125 0.5 0.9375
 0.3125 0.4375 0.9375
 0.625 0.3125 0.875
 0.5625 0.375 0.875
 0.625 0.375 0.8125
 0.5625 0.3125 0.875
 0.5625 0.375 0.8125
 0.625 0.3125 0.8125
 0.5625 0.3125 0.8125
 0.75 0.3125 0.875
 0.6875 0.375 0.875
 0.75 0.375 0.8125
 0.6875 0.3125 0.875
 0.6875 0.375 0.8125
 0.75 0.3125 0.8125
 0.6875 0.3125 0.8125
 0.75 0.4375 0.875
 0.6875 0.5 0.875
 0.625 0.4375 0.875
 0.75 0.5 0.8125
 0.625 0.5 0.8125
 0.6875 0.4375 0.875
 0.6875 0.5 0.8125
 0.625 0.4375 0.8125
 0.75 0.4375 0.8125
 0.6875 0.4375 0.8125
 0.5625 0.5 0.875
 0.5625 0.4375 0.875
 0.5625 0.5 0.8125
 0.5625 0.4375 0.8125
 0.625 0.3125 1
 0.5625 0.375 1
 0.625 0.375 0.9375
 0.5625 0.3125 1
 0.5625 0.375 0.9375
 0.625 0.3125 0.9375
 0.5625 0.3125 0.9375
 0.75 0.3125 1
 0.6875 0.375 1
 0.75 0.375 0.9375
 0.6875 0.3125 1
 0.6875 0.375 0.9375
 0.75 0.3125 0.9375
 0.6875 0.3125 0.9375
 0.75 0.4375 1
 0.6875 0.5 1
 0.625 0.4375 1
 0.75 0.5 0.9375
 0.625 0.5 0.9375
 0.6875 0.4375 1
 0.6875 0.5 0.9375
 0.625 0.4375 0.9375
 0.75 0.4375 0.9375
 0.6875 0.4375 0.9375
 0.5625 0.5 1
 0.5625 0.4375 1
 0.5625 0.5 0.9375
 0.5625 0.4375 0.9375
 0.875 0.3125 0.875
 0.8125 0.375 0.875
 0.875 0.375 0.8125
 0.8125 0.3125 0.875
 0.8125 0.375 0.8125
 0.875 0.3125 0.8125
 0.8125 0.3125 0.8125
 1 0.3125 0.875
 0.9375 0.375 0.875
 1 0.375 0.8125
 0.9375 0.3125 0.875
 0.9375 0.375 0.8125
 1 0.3125 0.8125
 0.9375 0.3125 0.8125
 1 0.4375 0.875
 0.9375 0.5 0.875
 0.875 0.4375 0.875
 1 0.5 0.8125
 0.875 0.5 0.8125
 0.9375 0.4375 0.875
 0.9375 0.5 0.8125
 0.875 0.4375 0.8125
 1 0.4375 0.8125
 0.9375 0.4375 0.8125
 0.8125 0.5 0.875
 0.8125 0.4375 0.875
 0.8125 0.5 0.8125
 0.8125 0.4375 0.8125
 0.875 0.3125 1
 0.8125 0.375 1
 0.875 0.375 0.9375
 0.8125 0.3125 1
 0.8125 0.375 0.9375
 0.875 0.3125 0.9375
 0.8125 0.3125 0.9375
 1 0.3125 1
 0.9375 0.375 1
 1 0.375 0.9375
 0.9375 0.3125 1
 0.9375 0.375 0.9375
 1 0.3125 0.9375
 0.9375 0.3125 0.9375
 1 0.4375 1
 0.9375 0.5 1
 0.875 0.4375 1
 1 0.5 0.9375
 0.875 0.5 0.9375
 0.9375 0.4375 1
 0.9375 0.5 0.9375
 0.875 0.4375 0.9375
 1 0.4375 0.9375
 0.9375 0.4375 0.9375
 0.8125 0.5 1
 0.8125 0.4375 1
 0.8125 0.5 0.9375
 0.8125 0.4375 0.9375
 0.125 0.5625 0.875
 0.0625 0.625 0.875
 0 0.5625 0.875
 0.125 0.625 0.8125
 0 0.625 0.8125
 0.0625 0.5625 0.875
 0.0625 0.625 0.8125
 0 0.5625 0.8125
 0.125 0.5625 0.8125
 0.0625 0.5625 0.8125
 0.25 0.5625 0.875
 0.1875 0.625 0.875
 0.25 0.625 0.8125
 0.1875 0.5625 0.875
 0.1875 0.625 0.8125
 0.25 0.5625 0.8125
 0.1875 0.5625 0.8125
 0.25 0.6875 0.875
 0.1875 0.75 0.875
 0.125 0.6875 0.875
 0.25 0.75 0.8125
 0.125 0.75 0.8125
 0.1875 0.6875 0.875
 0.1875 0.75 0.8125
 0.125 0.6875 0.8125
 0.25 0.6875 0.8125
 0.1875 0.6875 0.8125
 0.0625 0.75 0.875
 0 0.6875 0.875
 0 0.75 0.8125
 0.0625 0.6875 0.875
 0.0625 0.75 0.8125
 0 0.6875 0.8125
 0.0625 0.6875 0.8125
 0.125 0.5625 1
 0.0625 0.625 1
 0 0.5625 1
 0.125 0.625 0.9375
 0 0.625 0.9375
 0.0625 0.5625 1
 0.0625 0.625 0.9375
 0 0.5625 0.9375
 0.125 0.5625 0.9375
 0.0625 0.5625 0.9375
 0.25 0.5625 1
 0.1875 0.625 1
 0.25 0.625 0.9375
 0.1875 0.5625 1
 0.1875 0.625 0.9375
 0.25 0.5625 0.9375
 0.1875 0.5625 0.9375
 0.25 0.6875 1
 0.1875 0.75 1
 0.125 0.6875 1
 0.25 0.75 0.9375
 0.125 0.75 0.9375
 0.1875 0.6875 1
 0.1875 0.75 0.9375
 0.125 0.6875 0.9375
 0.25 0.6875 0.9375
 0.1875 0.6875 0.9375
 0.0625 0.75 1
 0 0.6875 1
 0 0.75 0.9375
 0.0625 0.6875 1
 0.0625 0.75 0.9375
 0 0.6875 0.9375
 0.0625 0.6875 0.9375
 0.375 0.5625 0.875
 0.3125 0.625 0.875
 0.375 0.625 0.8125
 0.3125 0.5625 0.875
 0.3125 0.625 0.8125
 0.375 0.5625 0.8125
 0.3125 0.5625 0.8125
 0.5 0.5625 0.875
 0.4375 0.625 0.875
 0.5 0.625 0.8125
 0.4375 0.5625 0.875
 0.4375 0.625 0.8125
 0.5 0.5625 0.8125
 0.4375 0.5625 0.8125
 0.5 0.6875 0.875
 0.4375 0.75 0.875
 0.375 0.6875 0.875
 0.5 0.75 0.8125
 0.375 0.75 0.8125
 0.4375 0.6875 0.875
 0.4375 0.75 0.8125
 0.375 0.6875 0.8125
 0.5 0.6875 0.8125
 0.4375 0.6875 0.8125
 0.3125 0.75 0.875
 0.3125 0.6875 0.875
 0.3125 0.75 0.8125
 0.3125 0.6875 0.8125
 0.375 0.5625 1
 0.3125 0.625 1
 0.375 0.625 0.9375
 0.3125 0.5625 1
 0.3125 0.625 0.9375
 0.375 0.5625 0.9375
 0.3125 0.5625 0.9375
 0.5 0.5625 1
 0.4375 0.625 1
 0.5 0.625 0.9375
 0.4375 0.5625 1
 0.4375 0.625 0.9375
 0.5 0.5625 0.9375
 0.4375 0.5625 0.9375
 0.5 0.6875 1
 0.4375 0.75 1
 0.375 0.6875 1
 0.5 0.75 0.9375
 0.375 0.75 0.9375
 0.4375 0.6875 1
 0.4375 0.75 0.9375
 0.375 0.6875 0.9375
 0.5 0.6875 0.9375
 0.4375 0.6875 0.9375
 0.3125 0.75 1
 0.3125 0.6875 1
 0.3125 0.75 0.9375
 0.3125 0.6875 0.9375
 0.625 0.5625 0.875
 0.5625 0.625 0.875
 0.625 0.625 0.8125
 0.5625 0.5625 0.875
 0.5625 0.625 0.8125
 0.625 0.5625 0.8125
 0.5625 0.5625 0.8125
 0.75 0.5625 0.875
 0.6875 0.625 0.875
 0.75 0.625 0.8125
 0.6875 0.5625 0.875
 0.6875 0.625 0.8125
 0.75 0.5625 0.8125
 0.6875 0.5625 0.8125
 0.75 0.6875 0.875
 0.6875 0.75 0.875
 0.625 0.6875 0.875
 0.75 0.75 0.8125
 0.625 0.75 0.8125
 0.6875 0.6875 0.875
 0.6875 0.75 0.8125
 0.625 0.6875 0.8125
 0.75 0.6875 0.8125
 0.6875 0.6875 0.8125
 0.5625 0.75 0.875
 0.5625 0.6875 0.875
 0.5625 0.75 0.8125
 0.5625 0.6875 0.8125
 0.625 0.5625 1
 0.5625 0.625 1
 0.625 0.625 0.9375
 0.5625 0.5625 1
 0.5625 0.625 0.9375
 0.625 0.5625 0.9375
 0.5625 0.5625 0.9375
 0.75 0.5625 1
 0.6875 0.625 1
 0.75 0.625 0.9375
 0.6875 0.5625 1
 0.6875 0.625 0.9375
 0.75 0.5625 0.9375
 0.6875 0.5625 0.9375
 0.75 0.6875 1
 0.6875 0.75 1
 0.625 0.6875 1
 0.75 0.75 0.9375
 0.625 0.75 0.9375
 0.6875 0.6875 1
 0.6875 0.75 0.9375
 0.625 0.6875 0.9375
 0.75 0.6875 0.9375
 0.6875 0.6875 0.9375
 0.5625 0.75 1
 0.5625 0.6875 1
 0.5625 0.75 0.9375
 0.5625 0.6875 0.9375
 0.875 0.5625 0.875
 0.8125 0.625 0.875
 0.875 0.625 0.8125
 0.8125 0.5625 0.875
 0.8125 0.625 0.8125
 0.875 0.5625 0.8125
 0.8125 0.5625 0.8125
 1 0.5625 0.875
 0.9375 0.625 0.875
 1 0.625 0.8125
 0.9375 0.5625 0.875
 0.9375 0.625 0.8125
 1 0.5625 0.8125
 0.9375 0.5625 0.8125
 1 0.6875 0.875
 0.9375 0.75 0.875
 0.875 0.6875 0.875
 1 0.75 0.8125
 0.875 0.75 0.8125
 0.9375 0.6875 0.875
 0.9375 0.75 0.8125
 0.875 0.6875 0.8125
 1 0.6875 0.8125
 0.9375 0.6875 0.8125
 0.8125 0.75 0.875
 0.8125 0.6875 0.875
 0.8125 0.75 0.8125
 0.8125 0.6875 0.8125
 0.875 0.5625 1
 0.8125 0.625 1
 0.875 0.625 0.9375
 0.8125 0.5625 1
 0.8125 0.625 0.9375
 0.875 0.5625 0.9375
 0.8125 0.5625 0.9375
 1 0.5625 1
 0.9375 0.625 1
 1 0.625 0.9375
 0.9375 0.5625 1
 0.9375 0.625 0.9375
 1 0.5625 0.9375
 0.9375 0.5625 0.9375
 1 0.6875 1
 0.9375 0.75 1
 0.875 0.6875 1
 1 0.75 0.9375
 0.875 0.75 0.9375
 0.9375 0.6875 1
 0.9375 0.75 0.9375
 0.875 0.6875 0.9375
 1 0.6875 0.9375
 0.9375 0.6875 0.9375
 0.8125 0.75 1
 0.8125 0.6875 1
 0.8125 0.75 0.9375
 0.8125 0.6875 0.9375
 0.125 0.8125 0.875
 0.0625 0.875 0.875
 0 0.8125 0.875
 0.125 0.875 0.8125
 0 0.875 0.8125
 0.0625 0.8125 0.875
 0.0625 0.875 0.8125
 0 0.8125 0.8125
 0.125 0.8125 0.8125
 0.0625 0.8125 0.8125
 0.25 0.8125 0.875
 0.1875 0.875 0.875
 0.25 0.875 0.8125
 0.1875 0.8125 0.875
 0.1875 0.875 0.8125
 0.25 0.8125 0.8125
 0.1875 0.8125 0.8125
 0.25 0.9375 0.875
 0.1875 1 0.875
 0.125 0.9375 0.875
 0.25 1 0.8125
 0.125 1 0.8125
 0.1875 0.9375 0.875
 0.1875 1 0.8125
 0.125 0.9375 0.8125
 0.25 0.9375 0.8125
 0.1875 0.9375 0.8125
 0.0625 1 0.875
 0 0.9375 0.875
 0 1 0.8125
 0.0625 0.9375 0.875
 0.0625 1 0.8125
 0 0.9375 0.8125
 0.0625 0.9375 0.8125
 0.125 0.8125 1
 0.0625 0.875 1
 0 0.8125 1
 0.125 0.875 0.9375
 0 0.875 0.9375
 0.0625 0.8125 1
 0.0625 0.875 0.9375
 0 0.8125 0.9375
 0.125 0.8125 0.9375
 0.0625 0.8125 0.9375
 0.25 0.8125 1
 0.1875 0.875 1
 0.25 0.875 0.9375
 0.1875 0.8125 1
 0.1875 0.875 0.9375
 0.25 0.8125 0.9375
 0.1875 0.8125 0.9375
 0.25 0.9375 1
 0.1875 1 1
 0.125 0.9375 1
 0.25 1 0.9375
 0.125 1 0.9375
 0.1875 0.9375 1
 0.1875 1 0.9375
 0.125 0.9375 0.9375
 0.25 0.9375 0.9375
 0.1875 0.9375 0.9375
 0.0625 1 1
 0 0.9375 1
 0 1 0.9375
 0.0625 0.9375 1
 0.0625 1 0.9375
 0 0.9375 0.9375
 0.0625 0.9375 0.9375
 0.375 0.8125 0.875
 0.3125 0.875 0.875
 0.375 0.875 0.8125
 0.3125 0.8125 0.875
 0.3125 0.875 0.8125
 0.375 0.8125 0.8125
 0.3125 0.8125 0.8125
 0.5 0.8125 0.875
 0.4375 0.875 0.875
 0.5 0.875 0.8125
 0.4375 0.8125 0.875
 0.4375 0.875 0.8125
 0.5 0.8125 0.8125
 0.4375 0.8125 0.8125
 0.5 0.9375 0.875
 0.4375 1 0.875
 0.375 0.9375 0.875
 0.5 1 0.8125
 0.375 1 0.8125
 0.4375 0.9375 0.875
 0.4375 1 0.8125
 0.375 0.9375 0.8125
 0.5 0.9375 0.8125
 0.4375 0.9375 0.8125
 0.3125 1 0.875
 0.3125 0.9375 0.875
 0.3125 1 0.8125
 0.3125 0.9375 0.8125
 0.375 0.8125 1
 0.3125 0.875 1
 0.375 0.875 0.9375
 0.3125 0.8125 1
 0.3125 0.875 0.9375
 0.375 0.8125 0.9375
 0.3125 0.8125 0.9375
 0.5 0.8125 1
 0.4375 0.875 1
 0.5 0.875 0.9375
 0.4375 0.8125 1
 0.4375 0.875 0.9375
 0.5 0.8125 0.9375
 0.4375 0.8125 0.9375
 0.5 0.9375 1
 0.4375 1 1
 0.375 0.9375 1
 0.5 1 0.9375
 0.375 1 0.9375
 0.4375 0.9375 1
 0.4375 1 0.9375
 0.375 0.9375 0.9375
 0.5 0.9375 0.9375
 0.4375 0.9375 0.9375
 0.3125 1 1
 0.3125 0.9375 1
 0.3125 1 0.9375
 0.3125 0.9375 0.9375
 0.625 0.8125 0.875
 0.5625 0.875 0.875
 0.625 0.875 0.8125
 0.5625 0.8125 0.875
 0.5625 0.875 0.8125
 0.625 0.8125 0.8125
 0.5625 0.8125 0.8125
 0.75 0.8125 0.875
 0.6875 0.875 0.875
 0.75 0.875 0.8125
 0.6875 0.8125 0.875
 0.6875 0.875 0.8125
 0.75 0.8125 0.8125
 0.6875 0.8125 0.8125
 0.75 0.9375 0.875
 0.6875 1 0.875
 0.625 0.9375 0.875
 0.75 1 0.8125
 0.625 1 0.8125
 0.6875 0.9375 0.875
 0.6875 1 0.8125
 0.625 0.9375 0.8125
 0.75 0.9375 0.8125
 0.6875 0.9375 0.8125
 0.5625 1 0.875
 0.5625 0.9375 0.875
 0.5625 1 0.8125
 0.5625 0.9375 0.8125
 0.625 0.8125 1
 0.5625 0.875 1
 0.625 0.875 0.9375
 0.5625 0.8125 1
 0.5625 0.875 0.9375
 0.625 0.8125 0.9375
 0.5625 0.8125 0.9375
 0.75 0.8125 1
 0.6875 0.875 1
 0.75 0.875 0.9375
 0.6875 0.8125 1
 0.6875 0.875 0.9375
 0.75 0.8125 0.9375
 0.6875 0.8125 0.9375
 0.75 0.9375 1
 0.6875 1 1
 0.625 0.9375 1
 0.75 1 0.9375
 0.625 1 0.9375
 0.6875 0.9375 1
 0.6875 1 0.9375
 0.625 0.9375 0.9375
 0.75 0.9375 0.9375
 0.6875 0.9375 0.9375
 0.5625 1 1
 0.5625 0.9375 1
 0.5625 1 0.9375
 0.5625 0.9375 0.9375
 0.875 0.8125 0.875
 0.8125 0.875 0.875
 0.875 0.875 0.8125
 0.8125 0.8125 0.875
 0.8125 0.875 0.8125
 0.875 0.8125 0.8125
 0.8125 0.8125 0.8125
 1 0.8125 0.875
 0.9375 0.875 0.875
 1 0.875 0.8125
 0.9375 0.8125 0.875
 0.9375 0.875 0.8125
 1 0.8125 0.8125
 0.9375 0.8125 0.8125
 1 0.9375 0.875
 0.9375 1 0.875
 0.875 0.9375 0.875
 1 1 0.8125
 0.875 1 0.8125
 0.9375 0.9375 0.875
 0.9375 1 0.8125
 0.875 0.9375 0.8125
 1 0.9375 0.8125
 0.9375 0.9375 0.8125
 0.8125 1 0.875
 0.8125 0.9375 0.875
 0.8125 1 0.8125
 0.8125 0.9375 0.8125
 0.875 0.8125 1
 0.8125 0.875 1
 0.875 0.875 0.9375
 0.8125 0.8125 1
 0.8125 0.875 0.9375
 0.875 0.8125 0.9375
 0.8125 0.8125 0.9375
 1 0.8125 1
 0.9375 0.875 1
 1 0.875 0.9375
 0.9375 0.8125 1
 0.9375 0.875 0.9375
 1 0.8125 0.9375
 0.9375 0.8125 0.9375
 1 0.9375 1
 0.9375 1 1
 0.875 0.9375 1
 1 1 0.9375
 0.875 1 0.9375
 0.9375 0.9375 1
 0.9375 1 0.9375
 0.875 0.9375 0.9375
 1 0.9375 0.9375
 0.9375 0.9375 0.9375
 0.8125 1 1
 0.8125 0.9375 1
 0.8125 1 0.9375
 0.8125 0.9375 0.9375
