FiniteElementSpace
FiniteElementCollection: ND_2D_P2
VDim: 1
Ordering: 0

0
0
2.1688964e-06
3.2932583e-06
-2.4603939e-06
-3.5224246e-06
0
0
0
0
6.8450581e-06
8.2900803e-06
6.541791e-06
4.8394019e-06
-9.7434867e-06
-9.7049053e-06
8.371263e-06
8.533751e-06
-6.2460731e-06
-4.6341788e-06
-6.2472928e-06
-7.3944811e-06
0
0
0
0
1.1699249e-05
1.1232448e-05
-7.1780213e-06
-5.8695476e-06
0
0
1.0579529e-05
5.5014425e-06
-4.4934158e-06
2.8308026e-06
2.304058e-05
2.7269722e-06
-3.3022852e-05
-1.3897476e-05
-1.7075747e-06
-9.5457397e-06
-5.8518506e-06
3.0684023e-06
-9.4296458e-06
-3.2244027e-05
1.3001988e-05
3.4817835e-05
7.1939541e-06
-1.6629211e-06
-4.457306e-05
-7.7462492e-05
-8.0074744e-05
-5.4718366e-05
0.00010584292
9.8208862e-05
-9.2027364e-05
-8.6926042e-05
7.636827e-05
5.2421963e-05
4.2795341e-05
6.9875509e-05
2.8907144e-05
1.199895e-05
6.7111299e-06
5.1937297e-06
-8.2036899e-06
-7.3224635e-06
0
0
-2.4545494e-06
5.2957598e-06
-2.497105e-05
-7.8298683e-06
4.2367473e-06
-2.2048373e-06
-3.9999853e-06
5.99676e-07
0
0
0
0
7.4023274e-07
-9.2403545e-06
1.167875e-05
2.1994645e-05
0
0
-1.2256218e-05
-2.3627276e-05
-3.3272145e-05
-2.8482231e-05
6.0514495e-05
3.8622203e-05
-6.0788365e-05
-6.8080915e-05
5.1668969e-05
2.3648438e-05
4.7957981e-05
6.3478568e-05
0
0
-2.0000621e-05
-2.8063491e-05
3.2957819e-05
2.7030728e-05
0
0
-1.964418e-05
-2.2185254e-05
-6.5059778e-06
-1.9376283e-05
9.04877e-06
2.2760955e-05
4.7698552e-05
1.2832065e-05
4.1150904e-05
3.7028341e-05
4.5431756e-05
1.4070616e-05
-3.0332809e-05
2.1777919e-05
-3.5355191e-05
-0.00010824689
-7.1170838e-05
-5.8041866e-05
1.8242358e-05
8.848877e-05
0.00019397745
0.00015444053
-0.00026135213
-0.00016133892
0.00030368044
0.00033829797
-0.00022104125
-9.1762337e-05
-0.00024336777
-0.00031940859
-8.5151702e-05
1.876508e-05
-7.5233616e-05
-9.7245794e-05
9.2071054e-05
8.8563428e-05
-1.5844615e-05
-6.8165693e-05
0.00016365994
5.2314184e-05
5.3436673e-05
9.6485148e-05
7.5495108e-05
1.6072872e-05
1.2270428e-05
0.00013838762
-4.5708765e-05
-0.00016554933
-8.9288484e-05
-3.0258438e-05
0.0001914016
0.00034037337
0.00037892482
0.00026541168
-0.00044415053
-0.00042311029
0.0003954361
0.00038576183
-0.00034949933
-0.00024047518
-0.00019836726
-0.00031938144
-0.00013362614
-3.4987544e-05
0.00032170614
0.00040846207
-0.00042243458
-0.0003945248
0.00030960558
0.00028171377
0.00011013762
0.00030611289
9.4541647e-05
-0.00017270059
-0.00040767741
-9.4807534e-05
-0.00026318999
-0.00040337367
-0.00032547806
-0.00011858208
6.9394495e-05
-0.00026042963
4.3699815e-05
0.00035404248
0.00037647325
0.00017730832
-0.00034283472
-0.00065034279
-0.0008135403
-0.00058474028
0.00079758598
0.00079201959
-0.00071032536
-0.00072683927
0.00071780982
0.00049679046
0.00037924919
0.00061887718
0.0002863407
1.9223511e-05
0.00038529287
0.00035061894
-0.00025293684
-0.00029799402
0.00019760477
0.00024838896
0.00013631278
0.0002758061
-0.00018470411
3.0900314e-05
-0.00010435106
-0.00026743937
-0.0001779399
-0.00012859386
-0.00021046711
-0.00025148182
-9.9692241e-06
-1.713003e-05
5.0780786e-06
1.225541e-05
0
0
-4.0840103e-05
-5.0876353e-05
-4.1450584e-05
-2.2477111e-05
4.1081588e-05
5.1386931e-05
-3.5131618e-05
-2.6110235e-05
2.1881673e-05
2.074016e-05
1.2199267e-05
1.8339336e-05
0
0
-8.5901742e-05
-7.8812569e-05
5.6505329e-05
6.7389455e-05
-1.6548361e-05
-6.0971786e-05
0.00011106549
2.236717e-05
1.0252643e-05
5.743968e-05
3.6023141e-05
1.5243537e-05
3.1113121e-05
8.2664584e-05
-3.1275789e-06
-4.7258911e-05
-2.6753111e-05
-2.6962595e-06
0.00018813446
9.9227016e-05
0.00016463818
0.00011662713
-0.00012564768
-0.00010987078
-3.1178945e-05
-7.5472723e-05
-3.3787179e-05
-1.4876738e-05
-1.9795114e-05
-1.3771602e-05
1.2818986e-05
1.513159e-05
0
0
-1.1290519e-05
-1.6823196e-05
1.0606381e-05
-3.8228623e-06
7.7921194e-08
7.9882839e-06
8.6318779e-06
7.2881809e-06
0
0
0
0
-1.4840353e-05
-1.2766042e-05
-2.0701059e-06
-1.1158429e-05
0
0
-9.2956183e-06
-4.5221026e-06
2.3378598e-05
1.6934533e-05
-3.0242208e-05
-4.441562e-06
9.4276133e-05
8.941569e-05
-1.6649744e-05
6.9959181e-06
-6.6150211e-05
-8.1972117e-05
0
0
-4.6820795e-06
9.7547729e-07
-2.7014969e-05
-3.0581197e-05
0
0
-1.5642963e-06
3.6859737e-06
3.3541369e-05
3.2260796e-05
-2.8972264e-05
-1.19002e-05
7.7750409e-05
8.597063e-05
-3.3063636e-05
-1.0437877e-05
-9.4334838e-05
-9.0739829e-05
5.5734839e-05
8.1367856e-05
-0.00012535584
-8.5085271e-05
6.0188116e-05
0.00010682093
4.3600749e-05
5.222841e-05
1.4564704e-05
5.4618821e-05
2.408028e-05
-3.9956403e-05
-0.00032682693
-0.00025621447
-3.4823148e-05
-8.4268622e-05
9.7825141e-05
0.00019411411
-0.00012110978
-0.0001335017
4.9429646e-05
0.00011416797
-0.00020224433
-0.00019606109
0.0001523048
0.00018172348
-2.1099492e-05
8.5062542e-05
-0.00021029985
-0.00016759836
-0.0002478291
-0.00015980794
0
0
1.214918e-07
4.2574756e-06
-3.3869323e-05
-3.3765092e-05
0
0
6.8620373e-07
3.4500774e-06
3.2722515e-05
3.3397647e-05
-1.4069601e-05
-7.4579158e-06
4.7173681e-05
5.5117903e-05
-2.1803634e-05
-1.0439459e-05
-7.0978625e-05
-6.1653803e-05
0
0
5.1341288e-07
1.8905399e-06
-3.2186956e-05
-3.1548687e-05
0
0
-8.4399375e-09
-8.0278721e-09
3.0954132e-05
3.120068e-05
2.0375806e-09
5.9228229e-09
3.2725528e-05
3.4505532e-05
-6.791101e-06
-3.8308654e-06
-4.2264741e-05
-3.7091607e-05
8.1170668e-06
4.4292168e-06
0.00010255127
0.0001158072
1.7790881e-05
1.2811835e-05
6.6757852e-10
2.6980927e-09
-0.00012640617
-0.00012213322
-5.8611581e-09
-3.5189718e-09
-0.00047338558
-0.00047180248
2.7756178e-05
4.6082073e-06
0.00046171672
0.00046911052
4.7437847e-05
3.0598376e-06
2.9863431e-05
2.8371231e-05
1.2684437e-05
4.56071e-05
-8.9327339e-05
-6.6233371e-05
-0.00045256396
-0.00043219837
4.9549883e-05
-1.0479446e-05
0.00036785524
0.00041022821
-0.00011812488
-0.00021577059
0.00073071633
0.00069914564
-0.00010880021
-0.00025169608
-9.349971e-05
-0.00014972769
-0.00061754245
-0.00066634659
0.0001105719
0.00016540605
0.00011298617
-5.4340916e-05
0.00022623847
0.00026197911
0.00038589439
0.00019153788
0.00037331188
0.00034493652
-5.0412632e-05
-7.4955794e-05
0.00058248164
0.00054231145
5.1429347e-09
4.7488512e-09
-0.00050558274
-0.00052078609
-5.1439499e-09
-5.7989318e-09
0.00041781866
0.00038032689
4.0288053e-05
7.7525921e-05
-0.00021663367
-0.00032580492
1.9165309e-05
0.00012459578
-0.0015020966
-0.0016026825
-6.2522435e-06
0.00019558868
5.4061965e-09
5.1950632e-09
0.0016792891
0.0016487707
-2.2089719e-09
-5.3441252e-09
0.0015657765
0.0015887549
-0.00023198484
-0.00019574684
-0.0016627286
-0.0016188017
-0.00045260145
-0.00034522067
-0.00010789691
0.00016178448
-0.00075695816
-0.0010367683
-0.00028627502
-7.4500384e-06
0.0013980429
0.0012095888
0.0016877568
0.0016889388
-0.00061377781
-0.00039039946
-0.0015436087
-0.0016552816
-0.00062903041
-0.00027466024
0.00019493367
6.8690538e-05
4.5718874e-05
0.00023443394
5.7785091e-05
-0.00011844983
-0.00051714482
-0.0003647562
0.00052945237
0.0002971693
-0.00089939772
-0.00085450739
0.00039484114
0.00010220853
0.00059447221
0.00077047428
-5.0946217e-05
-0.00022718763
0.00060552179
0.00068964318
-0.00073990419
-0.00072455282
-0.00052612327
-0.00069623194
0.00050029321
0.00037197305
0.00088151539
0.00079635433
-0.0004931673
-0.00028975803
0.00038017687
6.282614e-05
-0.00063296594
-0.00058783308
0.00052457698
0.00018747189
0.0014086392
0.0011512503
-0.00042243292
1.4810921e-05
-0.00054860047
-0.00091443713
-5.2687972e-06
0.00040233969
-0.00059959073
-0.0007509361
0.00088174823
0.00086584765
-0.00058055324
-0.00078181624
0.00026487914
-0.00010451892
0.00047894722
0.00072276904
0.00058904557
0.00034309863
-0.00021722349
0.00013934425
2.5768174e-05
-0.00030849814
-0.00068036239
-0.00044597934
0.00031794285
0.00065981487
0.00087943901
0.00056372454
-0.00097644098
-0.00084763063
0.00091595068
0.00081122927
-0.00068123021
-0.00039462978
-0.00040750992
-0.00066428081
-6.9484884e-05
0.00023221219
0.00068423733
0.00089220481
-0.0010671668
-0.0012318805
0.00077962805
0.00080943292
0.0012341688
0.0012772166
-0.00041326585
-0.00070726191
0.00025082512
0.00059553885
-0.00083782361
-0.0009376616
-0.00091002366
-0.00077859913
0.00065455634
0.00030178215
-0.00032456017
8.4469624e-06
0.00097032174
0.00083700458
0.00010800242
-0.00035509413
-0.00075672532
-0.00030973875
0.0010446502
0.00068665991
-0.0011014636
-0.00080881084
0.00039496307
-2.058061e-07
0.00023318274
0.00056358663
-0.00037942377
-0.00066477104
0.00082799601
0.00092333823
-0.00053537456
-0.00062272145
0.00027708591
0.0005067939
0.00049648192
0.00061715764
-1.4150979e-05
0.00021929957
-0.00082584412
-0.0009174526
-0.00040001299
-0.0003323223
-0.00071223185
-0.00062562308
0.00065370157
0.00054636818
-0.0011319055
-0.00092133931
0.00042804392
0.00027587877
0.00045875953
0.00073079477
0.00024151918
-8.4580839e-05
-0.0012312518
-0.00082503358
1.9018417e-05
-0.0003558245
5.4158522e-05
0.00049892054
0.00020084612
9.7063143e-05
-0.00026755888
-4.9972722e-05
-6.7200628e-11
-2.868401e-09
-0.00014798253
-6.6095191e-05
7.4953982e-09
4.633238e-09
-0.0019810519
-0.001889186
0.00020326073
1.9108387e-05
0.0014861782
0.0017551159
-0.00033771155
-0.00047189221
0.0021544809
0.0022640202
-0.00049695772
-0.00078778817
-7.2649918e-09
-5.0143452e-09
-0.0023250787
-0.0023033342
5.057951e-10
6.2623915e-09
-0.00064614862
-0.00076439936
0.00044503019
0.00051179839
0.001139842
0.00091565082
0.00092794614
0.00092105301
-0.00034554669
-0.00077316252
0.0010879566
0.0015001314
-0.0020218853
-0.0017559443
-0.0012817775
-0.0013866646
0.0012223301
0.0010294624
0.0012646444
0.0013837674
-0.0012253031
-0.0010361445
0.00062762176
0.00040302709
-0.001207816
-0.0012656369
-0.00078642371
-0.00039210159
0.00032787578
-0.00014404291
-0.00067583786
-2.6113848e-05
0.0013408519
0.00084285205
0.00035269048
0.00077658439
-0.00019857385
-0.00054464968
0.00097657437
0.0011916934
-0.00029464172
6.6428006e-05
-0.00074548977
-0.0013325588
-1.1303984e-09
-1.1632719e-09
0.0020173215
0.0017144641
-1.2230446e-09
-2.4952944e-09
0.003958598
0.0032859603
-0.0011511983
-0.00044684217
-0.0018042744
-0.0026053763
0.0018461637
0.0030834252
-0.00063237864
-0.00087264435
0.0011381998
0.001478076
4.178966e-09
-1.5556625e-09
0.0052063915
0.0022573221
1.6538786e-09
-3.1693845e-09
0.0082542266
-0.0016062285
-0.0018040887
-0.003836125
0.0010173891
0.0028348465
-0.00046400613
-0.0013344709
-5.3356699e-05
0.00020555147
-0.00067869785
-0.00084904179
-0.00076777897
-0.00048068804
0.00078852427
0.00088088305
-3.7304928e-05
0.00063578878
-9.0561221e-05
-0.00023919425
-0.0007948952
-0.000809942
7.2885876e-05
0.00029179181
0.00071256864
0.00053202992
-0.00015754273
-1.5575877e-05
0.00072271512
0.00067881212
0.0001602351
-0.00010032097
-0.00031978007
-0.00011925432
0.00035483281
0.00024453857
-0.00036440988
-0.00028314621
-0.00023760531
-0.00039718663
5.4615148e-05
0.00019181943
-0.00049760148
-0.00061307608
-0.00064023449
-0.00086424621
0.00046410946
0.00062244943
-0.00070107676
-0.00069439292
-9.6333706e-06
-0.00022402633
0.00090864418
0.00093591168
0.00038011129
0.00032424294
-0.00080813322
-0.00059482024
0.00019133245
-1.2114169e-05
-0.00037027747
-0.00031261838
0.00048947135
0.00020752338
0.00064749816
0.00036922881
0.00010980372
0.00039956109
0.00010253179
-0.00014914544
6.4179076e-05
0.00022287097
0.00014649892
6.2772437e-05
0.0001792546
0.00027984008
0.00040219087
0.00026962219
-0.00028090455
-0.00031439201
-0.00023078349
-0.00030957579
-4.7979187e-06
-2.8575143e-05
0.00021789993
0.00029960718
-4.6142518e-05
-0.0001737804
4.2674401e-06
8.0203557e-06
3.7948209e-06
6.2672176e-07
0
0
4.1293372e-05
4.5043886e-05
2.0387152e-05
4.9561263e-06
-4.2008308e-05
-4.4951219e-05
2.0387344e-05
8.5222997e-06
-1.12601e-05
-9.8619167e-06
2.894273e-07
-3.1355579e-06
0
0
0.0001221312
0.00010749401
-3.8190359e-05
-6.7418778e-05
0.00016209018
9.5804908e-05
8.7962594e-05
8.6632e-05
1.3358647e-05
-4.6792208e-05
1.3353517e-05
4.2697587e-05
-6.8623108e-05
-9.2158375e-05
-3.1579056e-05
-4.3068043e-05
5.0947706e-05
2.8777147e-05
-1.9509022e-05
-1.7326261e-05
3.8304254e-05
3.2207964e-05
-5.0170545e-05
-8.7711697e-05
-3.4350572e-05
5.2184922e-06
0.00011794469
0.00010563033
-5.2069404e-05
-1.7554578e-05
3.9187216e-07
-1.4752451e-05
-7.909144e-06
1.7246265e-06
-2.1060273e-05
-2.7395314e-05
1.1565791e-05
1.1258788e-05
-1.6076539e-06
-4.3819056e-06
0
0
1.5126474e-05
8.3469491e-06
8.5805981e-06
6.3330242e-06
-9.4244583e-06
-1.0621246e-05
-2.2819805e-06
-4.0754713e-06
0
0
-1.2951927e-05
-0.00013892334
-5.8376403e-05
4.3325536e-05
-0.00042897735
-0.00054102278
-0.00034768148
-0.00016088608
0.00057355388
0.00057873869
-0.00033296911
-0.00023172692
0.0002866008
0.00021422225
3.5456407e-05
0.00013966173
-0.00077223477
-0.00073983119
0.00047015493
0.00054117979
-0.00026129053
-0.00049051606
0.00017978572
-0.00012335694
0.00048515566
0.00065580683
0.0003586122
0.00027652823
-0.00033404364
-0.00012455693
0.00016154601
3.04528e-06
-0.00053375224
-0.00044688538
0.00040534254
0.00016598188
0.00038815367
0.0002823983
-0.00017734208
-1.8248535e-05
-1.2725561e-05
-0.00016474848
0.00025686323
0.00036793481
-0.00031658526
-0.00032873963
8.0495132e-05
0.00015370669
-0.000210337
-0.00019957051
-6.7247284e-05
-0.00011722359
0.00028915398
0.00031933027
8.3063513e-05
0.00011478048
-0.00025804697
-0.00021067584
6.2485503e-05
5.8918396e-05
-0.00011902715
-0.00011225376
-0.00017977627
-9.1081864e-05
4.0463858e-05
-3.2818011e-05
-4.8638641e-06
4.1002265e-05
9.9408494e-05
2.8546149e-05
0.0001294013
0.00017507066
3.7140671e-05
1.08375e-05
8.4960346e-05
0.00010246588
0.00026189619
0.0003290003
-0.00011427831
-0.00020925225
0.00022844129
0.00025042968
4.8563305e-05
0.00015219267
-0.00032461897
-0.00034394683
-0.00014923739
-0.00017726371
0.00028580297
0.00020948122
-0.00015001936
-0.00012965089
2.2609696e-05
2.8998401e-05
-7.5362335e-05
6.4286235e-05
-0.00011775431
3.0643583e-05
-3.8791585e-05
-0.00014090116
-0.00014647427
-0.00010897497
-7.1629411e-06
-2.3099379e-05
-9.9127248e-05
-6.274769e-05
1.8564948e-05
-1.9041049e-05
-7.000272e-05
-4.8133535e-05
0.00012265279
6.2287273e-05
0.00012789848
7.2638505e-05
1.0214554e-05
3.9390282e-05
1.1938637e-05
-2.8906407e-05
8.4721377e-06
3.1490881e-05
8.3934336e-06
6.9247224e-06
-2.2872395e-06
-3.1532892e-06
0
0
1.6811633e-05
1.1836204e-05
3.0372233e-06
3.9582838e-06
-5.647419e-06
-8.8451546e-06
-7.2671028e-07
2.0457924e-06
-4.4646406e-06
-5.8558122e-06
-2.0501153e-06
-2.2513149e-06
0
0
-8.4139179e-06
-1.5349483e-05
5.5087358e-07
1.251715e-05
-4.9362569e-05
-2.6829843e-05
-3.8452921e-05
-2.7952861e-05
1.7973321e-05
1.7724328e-05
5.6167841e-06
1.7101391e-05
-1.6303923e-05
-1.2273168e-05
8.0758696e-06
1.8392523e-05
3.9027822e-06
2.1637855e-06
-2.8595108e-05
-2.6285535e-05
-2.4808203e-05
-2.5340137e-05
2.3193515e-06
8.3482438e-06
8.7771842e-06
1.8561664e-05
-3.042908e-07
-1.2640736e-06
3.513715e-06
2.3015905e-06
-1.8423404e-06
-1.6488439e-06
0
0
-2.771131e-06
8.7616268e-07
-3.4058591e-06
4.9003479e-07
-3.8726378e-07
-1.4748722e-06
-1.7771616e-06
-1.442334e-06
0
0
-3.9011067e-07
-1.4764213e-06
-1.8558219e-06
-1.657648e-06
0
0
-3.0704819e-07
-1.2670243e-06
-2.7703965e-06
8.828614e-07
3.9028563e-06
2.1654624e-06
-7.2419915e-07
2.0532021e-06
3.5119997e-06
2.3033394e-06
-2.0659021e-06
-2.2613641e-06
0
0
2.3171869e-06
8.3422997e-06
8.077712e-06
1.839394e-05
8.4660638e-06
3.1482781e-05
-2.8598129e-05
-2.6289254e-05
-6.9996149e-05
-4.8128302e-05
-3.8456496e-05
-2.7957104e-05
-1.6303587e-05
-1.2269758e-05
5.6189477e-06
1.7105906e-05
1.7972e-05
1.772558e-05
5.5276349e-07
1.2518677e-05
-5.6442947e-06
-8.840966e-06
8.4956756e-05
0.00010246401
-4.9366094e-05
-2.6834519e-05
-0.00011902783
-0.00011225091
-5.2069144e-05
-1.7556135e-05
-8.4180637e-06
-1.535255e-05
-7.908018e-06
1.7279936e-06
1.6808626e-05
1.1831266e-05
-4.4629059e-06
-5.8508e-06
-2.292336e-06
-3.156669e-06
0
0
3.0391065e-06
3.959696e-06
8.5795726e-06
6.3294374e-06
8.3897447e-06
6.9198608e-06
-2.2750209e-06
-4.0692891e-06
0
0
1.0208005e-05
3.9382073e-05
1.8568501e-05
-1.9041619e-05
-7.1597093e-06
-2.3096297e-05
0.00012265375
6.2286773e-05
2.2608045e-05
2.8995562e-05
9.9410661e-05
2.8548456e-05
-9.9118724e-05
-6.2742487e-05
3.7144021e-05
1.0835696e-05
-3.8772311e-05
-0.00014088087
-0.0001500194
-0.00012964883
-4.6116867e-05
-0.00017375967
-7.5367628e-05
6.4281577e-05
0.00040217122
0.00026959888
4.8552502e-05
0.00015218716
0.00028578853
0.00020946326
-0.00014924079
-0.00017726353
-0.00032460814
-0.00034394397
-0.0001142913
-0.0002092555
-4.8662229e-06
4.0998115e-05
-0.00049758313
-0.00061306259
0.00022842712
0.00025042787
0.00072271027
0.00067880373
0.0003881466
0.00028240402
0.0002619027
0.000329002
-1.2743088e-05
-0.00016475873
-0.00017976546
-9.1071641e-05
0.00012939553
0.0001750652
6.2485579e-05
5.8915017e-05
4.0473209e-05
-3.281018e-05
-6.7232135e-05
-0.00011721171
-0.00025804199
-0.0002106679
8.3060373e-05
0.00011477557
0.00028914909
0.00031932806
8.0494706e-05
0.00015370064
0.00011794811
0.00010563396
0.00025684935
0.00036791886
-0.00021031988
-0.00019956083
-0.00053373957
-0.00044687058
-0.00033296085
-0.00023172618
-0.00031658787
-0.00032873928
3.5461978e-05
0.00013966209
-5.0176129e-05
-8.771685e-05
-0.00017735774
-1.8271897e-05
0.00016152755
3.0267671e-06
-0.00071223651
-0.00062563848
0.00040534932
0.00016599821
0.00027711532
0.00050681576
0.00017980519
-0.00012333326
-0.00033401356
-0.0001245271
0.00035859759
0.00027650719
0.00048512388
0.00065578105
0.0004701534
0.00054116928
0.00057354379
0.00057873499
-6.9515913e-05
0.0002321774
-0.00026126646
-0.00049049793
-0.00068033091
-0.00044594292
-0.00071030747
-0.00072683685
-0.00077222239
-0.00073980954
0.00037926538
0.00061888391
-0.00042898889
-0.00054102532
0.00028660802
0.00021423445
-5.8368371e-05
4.3337983e-05
1.3369703e-05
-4.6781853e-05
-0.00034768767
-0.00016089644
-0.00018472462
3.0878647e-05
-1.2971163e-05
-0.00013893788
-0.0001779295
-0.00012857469
0.00016207865
9.5793963e-05
-9.4230975e-06
-1.0624168e-05
-1.5981359e-06
-4.3734635e-06
0
0
-2.1057743e-05
-2.7394207e-05
1.5122638e-05
8.337857e-06
3.8304613e-05
3.2207373e-05
2.0383747e-05
8.5162153e-06
1.1568174e-05
1.1258315e-05
2.9631719e-07
-3.128346e-06
0
0
3.9683577e-07
-1.4748368e-05
-1.9504967e-05
-1.7323506e-05
-3.434993e-05
5.2171246e-06
1.335156e-05
4.2695379e-05
5.0945316e-05
2.8775178e-05
-3.1577136e-05
-4.3065858e-05
-6.861985e-05
-9.2156466e-05
-3.8191342e-05
-6.741692e-05
-4.2011126e-05
-4.4953218e-05
8.7957532e-05
8.662623e-05
0.00016463356
0.0001166254
0.00012212694
0.00010748968
-3.1180494e-05
-7.5472825e-05
4.1293655e-05
4.504629e-05
-1.1261816e-05
-9.8649608e-06
3.7949473e-06
6.261635e-07
0
0
2.038805e-05
4.9558858e-06
1.06107e-05
-3.8177366e-06
4.2690195e-06
8.0221724e-06
8.6236169e-06
7.2814092e-06
0
0
7.8493353e-08
7.9887688e-06
1.2807486e-05
1.5123852e-05
0
0
-3.3788264e-05
-1.4875008e-05
-1.1285491e-05
-1.6816546e-05
-2.6751391e-05
-2.6948416e-06
-3.5127448e-05
-2.6107084e-05
-1.9796308e-05
-1.3772048e-05
1.2193493e-05
1.8337222e-05
0
0
-0.00012564553
-0.00010987187
-3.1327257e-06
-4.7262741e-05
-0.00021045623
-0.00025147446
0.00018813251
9.9228322e-05
0.00019760734
0.0002483849
0.0001110699
2.2372002e-05
3.1117299e-05
8.2665861e-05
3.6019979e-05
1.5239128e-05
1.0248847e-05
5.7433638e-05
5.650366e-05
6.7386586e-05
4.1081317e-05
5.1385258e-05
-0.00013363187
-3.4995737e-05
-1.6540168e-05
-6.0967201e-05
-8.9281927e-05
-3.0250893e-05
-9.2022147e-05
-8.6923482e-05
-8.5898531e-05
-7.880792e-05
4.279554e-05
6.987474e-05
-4.0839088e-05
-5.0874924e-05
2.1880635e-05
2.0740052e-05
5.0783982e-06
1.2257771e-05
0
0
-4.1451443e-05
-2.2479176e-05
-2.4972195e-05
-7.8320063e-06
-9.968959e-06
-1.7129725e-05
-3.9972526e-06
6.0287216e-07
0
0
-0.00010433165
-0.00026742064
-0.00025292978
-0.0002979792
0.00028635735
1.9244315e-05
0.00013628603
0.00027578629
0.0003764549
0.00017728647
0.00039541957
0.00038575422
0.00038528588
0.00035060455
-0.00019837086
-0.00031937847
0.00071780701
0.00049679894
4.372786e-05
0.00035406632
0.00079756021
0.00079200659
-0.00081354106
-0.00058475609
-0.00034284388
-0.00065034337
-0.00040769486
-9.4832052e-05
6.9375639e-05
-0.00026044546
-0.00032545637
-0.00011855668
-0.00026317193
-0.00040336026
-0.00042242815
-0.00039451152
-0.00044413802
-0.00042310459
9.4556375e-05
-0.00017268672
0.00011011926
0.0003060962
0.00030960042
0.00028170216
0.00030367178
0.00033829363
0.00032170548
0.00040845432
-0.0002433723
-0.00031940832
0.0001914058
0.00034037177
-0.0003494985
-0.0002404776
-4.5717519e-05
-0.00016555613
0.00037892408
0.00026541722
0.00016366788
5.2323282e-05
1.2276594e-05
0.00013839463
7.5487496e-05
1.6063589e-05
5.3432465e-05
9.6480758e-05
9.2068366e-05
8.8559097e-05
0.00010583763
9.8208272e-05
-8.5155576e-05
1.8761332e-05
-1.5837464e-05
-6.8160688e-05
-7.1173192e-05
-5.8040782e-05
-6.0784167e-05
-6.8079758e-05
-7.5235022e-05
-9.7245619e-05
4.7958743e-05
6.3478561e-05
-4.457321e-05
-7.7461852e-05
-0.00022104408
-9.1767038e-05
-3.5361778e-05
-0.00010825291
-0.00026135311
-0.00016134418
0.00019397656
0.00015444554
1.824795e-05
8.8495241e-05
4.7701378e-05
1.2837588e-05
-3.0333951e-05
2.178339e-05
4.542667e-05
1.4065985e-05
4.1154076e-05
3.7034775e-05
3.2957284e-05
2.7028577e-05
6.0520219e-05
3.8628166e-05
9.0442701e-06
2.2759144e-05
-6.5022206e-06
-1.9373366e-05
-1.9647428e-05
-2.2186025e-05
0
0
-2.0010992e-05
-2.8071781e-05
0
0
-1.2264056e-05
-2.3636077e-05
5.1670475e-05
2.3652075e-05
1.1679294e-05
2.1996318e-05
2.304095e-05
2.7276797e-06
-3.3270772e-05
-2.848294e-05
0
0
7.3894623e-07
-9.2427238e-06
0
0
1.0580953e-05
5.5013966e-06
4.2368075e-06
-2.2052109e-06
-8.202945e-06
-7.3217226e-06
0
0
2.8906747e-05
1.1999527e-05
-2.4550116e-06
5.2952296e-06
7.1929757e-06
-1.6640778e-06
8.371319e-06
8.5337767e-06
6.7110561e-06
5.193876e-06
-6.2471625e-06
-7.39444e-06
0
0
7.6366478e-05
5.2422914e-05
1.3002762e-05
3.4819741e-05
-8.0074184e-05
-5.4718249e-05
-3.3023702e-05
-1.3898359e-05
-9.4312344e-06
-3.2243661e-05
-5.8521186e-06
3.0687303e-06
-1.7066164e-06
-9.5456596e-06
-7.1785022e-06
-5.869026e-06
-9.7426225e-06
-9.7043923e-06
-4.4944567e-06
2.8300279e-06
0
0
1.1699928e-05
1.1232358e-05
0
0
6.8435348e-06
8.2890734e-06
-6.2460312e-06
-4.632977e-06
-2.4605631e-06
-3.5223025e-06
0
0
6.5419527e-06
4.8399339e-06
0
0
2.1678979e-06
3.2929008e-06
0
0
0
0
0.00058902184
0.00034306867
0.00047891866
0.00072274476
0.00088174156
0.00086583251
0.00026490222
-0.00010449192
-5.2878706e-06
0.00040231789
-0.00058053013
-0.00078179678
-0.0006329574
-0.00058781341
-0.000899386
-0.0008545038
-0.00059958967
-0.00075092204
0.00059448475
0.00077047701
-0.00054861978
-0.00091444745
-0.00042243555
1.4798094e-05
0.00038015258
6.2805608e-05
0.0014086336
0.0011512518
-0.00062902161
-0.00027466211
0.00052458607
0.00018748736
-0.00028626451
-7.4407149e-06
-0.00052610821
-0.00069621327
-0.00049315544
-0.00028974357
0.00088149989
0.00079633679
0.000500286
0.00037197221
0.00060552079
0.00068963615
0.00052944969
0.0002971756
0.0003732994
0.00034492843
-0.00073989104
-0.00072454423
-0.000108797
-0.00025168945
-0.00032682104
-0.0002562143
-5.0949936e-05
-0.00022719201
9.7830461e-05
0.00019411303
5.7773531e-05
-0.00011846059
0.00039484586
0.0001022188
4.5735396e-05
0.000234446
-0.00051714771
-0.00036476462
-2.1108053e-05
8.5052856e-05
0.00019492317
6.8678105e-05
-0.00024781855
-0.00015979587
-0.0015435964
-0.0016552615
-0.00061376495
-0.00039039674
-0.00075696186
-0.0010367651
0.0016877312
0.0016889137
-0.00045259431
-0.00034521622
0.0013980302
0.0012095797
-6.2465569e-06
0.00019558816
0.00011299002
-5.4332711e-05
-0.00010788852
0.00016178786
0.00038588001
0.00019152726
-0.0016627024
-0.0016187775
-0.00023198456
-0.00019574408
-0.0015020828
-0.0016026668
0.0015657603
0.0015887342
-4.2551338e-09
-2.3004972e-09
0.0016792756
0.0016487556
-1.5338985e-09
-4.7355945e-11
0.00041781571
0.00038032465
1.9164773e-05
0.00012459302
-0.00021663603
-0.00032580398
4.0286201e-05
7.7523243e-05
0.00058247365
0.00054230672
0.00011056363
0.00016539269
1.4214222e-09
7.4749314e-10
-0.00050558205
-0.00052078135
2.5168332e-09
1.6785683e-09
-0.00047338523
-0.00047179906
-5.0411133e-05
-7.4949411e-05
0.0004617107
0.00046910911
-9.3490571e-05
-0.00014971596
0.00022622661
0.00026196283
0.00073070314
0.00069913122
-0.00061753199
-0.00066633579
-0.00045255841
-0.00043219101
-0.00011811563
-0.00021575837
0.00036784903
0.00041022076
4.9542384e-05
-1.0479962e-05
1.2681336e-05
4.560376e-05
2.4081265e-05
-3.9953447e-05
4.7428706e-05
3.0557537e-06
-8.9324763e-05
-6.6228391e-05
1.7786846e-05
1.2811639e-05
4.7175271e-05
5.5120129e-05
2.985917e-05
2.8369546e-05
-7.0980126e-05
-6.1657266e-05
4.3596396e-05
5.2224142e-05
2.7751049e-05
4.6065994e-06
0.00010255084
0.00011580689
-3.51985e-09
-4.23521e-09
-0.00012640745
-0.00012213346
2.4863627e-09
3.4915807e-09
3.2723952e-05
3.4505145e-05
8.115305e-06
4.4299392e-06
-4.2266196e-05
-3.7090221e-05
-6.7908594e-06
-3.8298326e-06
-3.2188084e-05
-3.1548991e-05
-1.4064029e-05
-7.4516247e-06
-1.6337954e-09
3.2727078e-10
3.0953518e-05
3.1200819e-05
-6.6121581e-10
-7.1049577e-11
0
0
5.1462262e-07
1.8907758e-06
0
0
6.7694946e-07
3.4432557e-06
-2.1795581e-05
-1.0430791e-05
-3.387046e-05
-3.3765738e-05
-2.8968579e-05
-1.1896014e-05
3.2723649e-05
3.3399333e-05
0
0
1.0965261e-07
4.248229e-06
0
0
-1.568859e-06
3.6827585e-06
-0.00021029633
-0.00016759958
-0.00020224154
-0.00019605503
-0.00012110078
-0.00013349643
0.00015229832
0.0001817159
6.0193189e-05
0.00010682115
9.4272766e-05
8.9414042e-05
4.943798e-05
0.00011417282
-6.6152136e-05
-8.1971133e-05
-3.4813427e-05
-8.4261073e-05
-0.00012535183
-8.5079908e-05
1.4566708e-05
5.4618448e-05
7.7751432e-05
8.5969215e-05
5.5732602e-05
8.1365937e-05
-9.43322e-05
-9.073707e-05
-3.3064726e-05
-1.0442468e-05
-2.7013111e-05
-3.0580714e-05
-3.0249944e-05
-4.4515337e-06
3.354142e-05
3.2261599e-05
0
0
-4.6741751e-06
9.8234926e-07
0
0
-9.2847175e-06
-4.5097836e-06
-1.6659242e-05
6.9869199e-06
-2.0722325e-06
-1.1159586e-05
2.3377615e-05
1.6934794e-05
0
0
-1.4833661e-05
-1.2757106e-05
0
0
-4.7888925e-06
-2.8565803e-05
0.0001792624
0.00027984646
6.4167498e-05
0.00022286027
-0.00028090488
-0.00031439689
-0.00037027265
-0.00031261246
-0.00036441907
-0.0002831599
0.00014648877
6.276383e-05
5.4627412e-05
0.00019183255
0.00010978233
0.0003995401
0.00019133282
-1.2118062e-05
7.287318e-05
0.00029177678
0.00048947376
0.00020752451
-0.00076776195
-0.00048067204
-9.6260445e-06
-0.00022402233
-0.00080811752
-0.0005948037
0.00038011573
0.00032424076
0.00090863237
0.00093590427
0.00046411949
0.00062245333
0.00035483171
0.00024454482
0.00097655874
0.0011916827
-0.00070107016
-0.00069439207
-0.0012078136
-0.0012656294
-0.0011014596
-0.00080881807
-0.00064024322
-0.00086424704
0.00023320296
0.00056359876
0.00016022097
-0.00010032971
-0.00023759031
-0.00039717097
-0.00015752388
-1.5553576e-05
-0.00031979456
-0.00011927635
-1.417385e-05
0.00021927604
0.00071255949
0.00053201473
-0.00039999907
-0.00033230187
-9.0560934e-05
-0.0002391948
-0.00067869813
-0.00084904363
-0.00046399734
-0.0013344657
0.00078852136
0.0008808839
0.0011381997
0.0014780725
0.001340852
0.00084285646
-5.3345654e-05
0.00020555697
-0.00019858029
-0.0005446579
-0.0018040835
-0.003836121
-0.00063237618
-0.00087263897
-1.3793743e-09
-9.9297979e-10
0.0052063885
0.0022573186
-1.4861002e-09
-1.0070013e-09
0.0039585971
0.0032859594
0.0018461589
0.0030834216
-0.0018042745
-0.0026053744
-0.0011511957
-0.00044683943
-0.00074550036
-0.001332565
-0.00067584253
-2.6118992e-05
4.8129757e-09
6.8158396e-09
0.0020173266
0.0017144706
-5.9013023e-09
-6.185682e-09
-0.00064613574
-0.00076438515
-0.00029463982
6.6427818e-05
0.0011398237
0.00091563394
-0.00078641639
-0.00039209466
0.00035268015
0.00077657314
0.00062761068
0.00040301029
0.00032788725
-0.00014402751
-0.0012817581
-0.0013866443
-0.0012252944
-0.0010361355
0.0012646349
0.0013837506
0.0012223246
0.0010294637
0.0010879572
0.0015001253
0.0010446553
0.00068667137
0.00092793748
0.00092104814
-0.0020218706
-0.0017559325
-0.00049695745
-0.00078778287
-0.0012312546
-0.00082503936
-0.00034555925
-0.00077316686
5.4173464e-05
0.0004989307
0.00010797929
-0.0003551132
0.00044502765
0.00051179249
0.0021544649
0.0022640064
5.623909e-09
5.1550944e-10
-0.0023250669
-0.0023033196
4.7842051e-09
-8.8903216e-10
-0.0019810488
-0.0018891842
-0.00033770353
-0.00047188577
0.0014861797
0.0017551154
0.0002032536
1.9102489e-05
-0.00026754036
-4.9958617e-05
0.0002415228
-8.4575365e-05
-4.8308246e-09
-7.2557772e-09
-0.00014799344
-6.610659e-05
5.1261257e-09
7.4265253e-09
0.00020084527
9.7067792e-05
0.00042803706
0.00027587443
1.9033676e-05
-0.000355808
-0.001131884
-0.00092131708
-0.00041323919
-0.00070723697
0.00045873599
0.00073077291
0.00065368746
0.00054635126
0.000779611
0.00080941086
-0.00082583316
-0.00091744691
-0.00053537299
-0.00062270882
-0.00037940639
-0.00066475114
0.00049646279
0.00061714214
0.00097030682
0.00083698366
0.00091594271
0.00081122933
0.00082800521
0.00092333913
-0.00040752447
-0.00066428726
0.00039497771
-1.8496161e-07
-0.00032454057
8.4660758e-06
-0.00075673159
-0.00030975525
0.00025080817
0.00059552059
0.00065452954
0.00030175613
-0.0009100129
-0.00077858413
-0.00083779614
-0.00093763987
-0.0010671728
-0.0012318735
-0.0009764329
-0.00084762669
0.0012341508
0.0012772062
0.00068423157
0.00089218982
0.00031795556
0.00065981984
-0.00068124466
-0.0003946501
2.5741419e-05
-0.00030852204
0.00087944928
0.00056374517
-0.00021719118
0.00013937073
-0.0082542246
0.0016062276
0.0018040867
0.003836126
-0.0052063874
-0.0022573183
-0.0010173924
-0.0028348492
0.00046400826
0.0013344741
0.0006323799
0.00087264323
-0.0011382092
-0.0014780849
0.0018042838
0.0026053795
-0.0018461689
-0.0030834246
-0.0039585962
-0.0032859612
3.7304593e-05
-0.00063579125
9.0570941e-05
0.00023920446
-0.00078852675
-0.00088089111
0.0007949045
0.00080994832
-7.2874984e-05
-0.00029177542
0.00067870734
0.00084905163
0.00076776847
0.00048067478
0.00019858175
0.0005446628
5.3340124e-05
-0.00020556623
-0.0013408601
-0.00084286283
-0.00035267782
-0.00077657007
-0.00032788825
0.00014403166
0.00067585253
2.6127792e-05
-0.00097656905
-0.0011916945
-0.00062762113
-0.00040301762
0.0012078249
0.0012656401
-0.0012646587
-0.001383773
0.001225297
0.0010361349
0.0012817698
0.0013866642
0.00078641272
0.00039208554
0.0011512031
0.00044685115
-0.0020173282
-0.0017144738
0.00074550316
0.0013325683
-0.0011398309
-0.00091563907
0.00029463254
-6.6440955e-05
0.00064613613
0.00076438439
-0.00064750722
-0.00036923536
-0.00010979564
-0.00039955772
-0.00048948173
-0.00020752911
-0.00010253515
0.0001491512
-6.4186597e-05
-0.00022288275
-0.00019133792
1.2117734e-05
0.00037029775
0.00031263828
-0.00038011911
-0.00032424378
0.00080813828
0.00059481939
9.6260117e-06
0.00022402584
0.00023078778
0.00030958425
4.7778028e-06
2.8552046e-05
0.00028091009
0.00031440463
-0.00021791338
-0.00029962015
4.6120499e-05
0.00017376327
-0.00017926755
-0.00027985604
-0.00040218276
-0.00026960699
-5.4626288e-05
-0.00019183385
-0.00014647555
-6.2750134e-05
0.00036442208
0.00028316265
0.00023758349
0.00039716777
0.00031979883
0.00011927058
-0.00035485454
-0.00024456699
0.00049759756
0.00061307865
0.00015753861
1.556464e-05
-0.00072273202
-0.00067882084
0.00040001814
0.00033231822
-0.00071255694
-0.00053201314
1.4171116e-05
-0.00021928694
-0.00016020616
0.00010035037
-0.00090865554
-0.00093592919
0.00070108075
0.00069440513
-0.00046412672
-0.00062246293
-0.00023320659
-0.00056360842
0.00064026044
0.0008642682
0.001101481
0.00080883526
-0.00039499218
1.7620924e-07
0.0007567527
0.00030976796
-0.0010446661
-0.00068668268
0.00037939868
0.00066475444
0.00032454156
-8.4733053e-06
-0.00097032751
-0.00083699639
0.00091002347
0.00077858742
-0.00065453997
-0.00030175825
-0.00025080005
-0.00059551797
-0.00010797604
0.00035511931
0.00082584023
0.0009174603
-0.00049647006
-0.00061715897
0.00071225636
0.00062565581
0.00053539287
0.00062272929
-0.00027712726
-0.00050683057
0.000407541
0.00066430639
-0.00082802649
-0.00092335848
-0.0009159573
-0.00081124848
0.00068126751
0.00039466873
-0.00087946708
-0.00056376003
0.00097645675
0.00084765438
6.9526158e-05
-0.00023217641
-2.5739164e-05
0.0003085314
0.00068034302
0.00044594939
-0.00058903664
-0.00034307289
0.00021718523
-0.00013938576
-0.00026491418
0.00010448917
-0.00031797416
-0.00065984574
0.00083781177
0.00093766105
-0.0012341634
-0.0012772226
0.00041324271
0.00070724483
0.0010671901
0.0012318915
0.00054863773
0.00091447051
-0.00068425327
-0.00089221249
-0.0014086598
-0.0011512773
-0.00077962556
-0.0008094185
-0.00044501876
-0.0005117912
0.0023250678
0.0023033254
-0.00092793667
-0.00092104843
-0.0021544805
-0.0022640168
0.00049696537
0.00078778905
-0.0014861929
-0.0017551246
0.00033771173
0.00047188704
0.0019810509
0.001889189
-0.0012223279
-0.0010294701
0.0020218921
0.0017559587
-0.0010879813
-0.0015001519
-5.4185041e-05
-0.00049894549
0.00034556818
0.00077317461
0.0012312702
0.0008250566
-1.9039928e-05
0.0003558012
-0.00045873802
-0.00073077629
-0.00024153248
8.4563509e-05
0.001131894
0.0009213222
0.0015436231
0.0016552861
-0.00065369044
-0.00054634689
-0.0016877488
-0.0016889349
-0.00042802943
-0.0002758631
-0.00020326439
-1.9114844e-05
0.0001479934
6.6108593e-05
0.00026753999
4.995743e-05
0.0016627165
0.001618788
-0.00020083641
-9.7053953e-05
-0.0015657603
-0.001588739
0.0002319742
0.00019574174
-0.0016792776
-0.001648763
0.00045259219
0.00034521943
0.001502096
0.0016026781
6.2378908e-06
-0.00019559323
0.00021664081
0.00032580834
-1.9169939e-05
-0.00012459522
-0.00041781642
-0.000380327
0.00061376978
0.00039040701
-0.0013980496
-0.001209602
0.00062903722
0.00027467546
0.00075698593
0.0010367881
0.00028625787
7.4302154e-06
-0.00038587491
-0.00019152094
0.00010787864
-0.00016179752
-0.00011299671
5.4325602e-05
-0.00022621753
-0.00026195676
0.00061753666
0.00066634097
-0.00011055579
-0.00016538796
-0.00037329625
-0.00034492662
-0.00073070985
-0.0006991375
0.00010879473
0.00025168768
-0.00036785764
-0.00041022656
0.00011811136
0.00021575425
0.00045256137
0.00043219793
9.3487418e-05
0.00014971332
-4.0281946e-05
-7.7520988e-05
0.00050558064
0.00052078315
-0.00058247693
-0.00054230847
-0.000461715
-0.00046911066
5.0413098e-05
7.4950331e-05
0.00047338549
0.00047180077
0.00042245362
-1.4788259e-05
-0.00052460847
-0.00018750642
5.3015937e-06
-0.0004023183
-0.0003801476
-6.2793757e-05
0.00063297099
0.00058782252
-0.00088150949
-0.00079633853
0.00049315799
0.00028973799
0.00052610366
0.00069621452
-0.00047892204
-0.00072275966
0.00058053015
0.00078180739
-0.00079757957
-0.00079203468
-0.00088176532
-0.00086584932
0.00034286654
0.00065036792
-0.00059450148
-0.00077049484
0.0005996109
0.00075094091
0.00089939891
0.0008545203
-0.00039486712
-0.00010223566
0.00051715925
0.00036477501
-0.00052946598
-0.00029719011
-9.4573394e-05
0.00017267732
-4.5740444e-05
-0.00023445423
-0.00030959992
-0.00028169874
0.00024782237
0.00015979548
-0.00019491673
-6.8666819e-05
2.1112361e-05
-8.5050992e-05
-5.7768197e-05
0.00011847133
-0.00050029209
-0.00037197765
0.00073990073
0.00072455445
-0.00060553137
-0.00068964566
-9.7838279e-05
-0.00019412004
5.0952412e-05
0.0002271982
0.00032682911
0.00025622365
3.4811984e-05
8.4265117e-05
-1.4561636e-05
-5.4614506e-05
-2.4079233e-05
3.9958262e-05
0.00012109748
0.00013349554
0.00012534957
8.5076933e-05
-6.0193554e-05
-0.00010682057
9.4331732e-05
9.0736424e-05
-5.5737697e-05
-8.1368968e-05
-7.7750334e-05
-8.5968436e-05
-4.3600879e-05
-5.2229122e-05
0.00021029244
0.00016759562
-0.00015229832
-0.00018171871
0.00026135241
0.00016134339
0.00020224614
0.00019605833
-1.8242694e-05
-8.8492197e-05
6.6154142e-05
8.1973164e-05
-4.9433905e-05
-0.00011416924
-9.4272932e-05
-8.9415115e-05
1.6654146e-05
-6.9926482e-06
-2.337761e-05
-1.6935293e-05
3.0251218e-05
4.4525227e-06
-9.050996e-06
-2.2766589e-05
2.0729082e-06
1.1158775e-05
1.9655869e-05
2.2193649e-05
0
0
1.4838769e-05
1.2761259e-05
0
0
9.2827122e-06
4.5083272e-06
3.3070096e-05
1.0448626e-05
-3.3542754e-05
-3.2261042e-05
2.8973284e-05
1.1900615e-05
2.7013346e-05
3.0580603e-05
0
0
4.6686872e-06
-9.880279e-07
0
0
1.5656488e-06
-3.6858329e-06
-2.7756791e-05
-4.6125494e-06
0.00012640742
0.00012213352
-4.7430088e-05
-3.0573194e-06
-0.00010255079
-0.00011580789
-1.7786289e-05
-1.2809624e-05
4.226606e-05
3.7091144e-05
-8.1121342e-06
-4.4241873e-06
-3.2724146e-05
-3.4504785e-05
-4.9540876e-05
1.0483604e-05
8.9325845e-05
6.6230548e-05
-1.2684983e-05
-4.560637e-05
7.0979986e-05
6.1657595e-05
-2.9860885e-05
-2.8372326e-05
-4.7175739e-05
-5.5120768e-05
2.179725e-05
1.0430767e-05
-3.2723999e-05
-3.3400015e-05
1.4062707e-05
7.4484924e-06
3.3871484e-05
3.3766781e-05
0
0
-1.0780589e-07
-4.2457328e-06
0
0
-6.743218e-07
-3.4391074e-06
6.7875215e-06
3.8285196e-06
-3.0954081e-05
-3.120094e-05
3.2187992e-05
3.1549082e-05
0
0
-5.1363003e-07
-1.8897155e-06
0
0
0.00071032827
0.00072686251
-0.00071783272
-0.00049682296
0.00081356877
0.00058477952
-0.00037928493
-0.00061890992
-0.00028637375
-1.9254057e-05
-4.3735704e-05
-0.00035408234
-0.00037646258
-0.00017728556
0.00032546252
0.00011855538
-6.9365037e-05
0.00026046463
0.00040771012
9.4840119e-05
0.00018473764
-3.0875931e-05
0.00010432975
0.00026742555
-0.00013628616
-0.00027579404
0.00017793449
0.00012857737
0.00021046126
0.00025148183
0.00025294204
0.00029798973
-0.00019761875
-0.00024839613
0.0001983817
0.00031939274
-0.00038530143
-0.00035061606
-0.00039543081
-0.00038576783
0.00034951217
0.00024049284
-0.0003789383
-0.00026542835
0.00044415022
0.00042312111
0.0001336397
3.5000898e-05
4.5722158e-05
0.0001655652
8.9282602e-05
3.0247876e-05
-7.5489046e-05
-1.606143e-05
-1.2284803e-05
-0.00013840606
-0.00016367416
-5.2327821e-05
-0.00019141744
-0.00034038827
0.00026316969
0.00040336608
-0.00011011827
-0.00030609965
0.00042244112
0.00039452039
0.00024338148
0.00031941855
-0.00032171451
-0.00040846279
-0.00030367701
-0.00033830246
-0.00016463965
-0.00011663201
0.00012564949
0.00010987653
-0.00018814223
-9.9234889e-05
3.1184597e-05
7.5476749e-05
3.3789521e-05
1.4876964e-05
3.1363409e-06
4.7266836e-05
2.6750747e-05
2.6944774e-06
-3.6019418e-05
-1.5237394e-05
-3.1119976e-05
-8.267089e-05
-0.00011107964
-2.237616e-05
-1.0611993e-05
3.8158269e-06
-7.8390664e-08
-7.9888182e-06
1.1283349e-05
1.6815559e-05
-8.622092e-06
-7.2793206e-06
0
0
-1.2805993e-05
-1.5121567e-05
0
0
-1.2194759e-05
-1.8337301e-05
1.97962e-05
1.3773173e-05
3.5128288e-05
2.6107488e-05
-2.1880914e-05
-2.0741064e-05
4.145343e-05
2.2481246e-05
-4.1081364e-05
-5.1387226e-05
0
0
-5.0803357e-06
-1.2259095e-05
0
0
3.9963243e-06
-6.0332013e-07
9.9695322e-06
1.7130485e-05
2.4974218e-05
7.8333072e-06
4.0841116e-05
5.0877264e-05
-1.0245797e-05
-5.7434966e-05
1.6538577e-05
6.0967551e-05
-5.6505806e-05
-6.7388642e-05
-4.2798074e-05
-6.9876969e-05
8.5902107e-05
7.8809913e-05
9.2025232e-05
8.6926516e-05
-7.6370108e-05
-5.24258e-05
8.0076657e-05
5.472143e-05
-0.00010583902
-9.8209456e-05
-2.8908459e-05
-1.2001178e-05
-1.3003997e-05
-3.4821652e-05
-7.1923488e-06
1.6645265e-06
5.8519106e-06
-3.0689964e-06
9.4317832e-06
3.2246633e-05
3.3025171e-05
1.3899138e-05
4.4573786e-05
7.7463891e-05
-4.2368875e-06
2.2049417e-06
2.4564033e-06
-5.294835e-06
0
0
8.203347e-06
7.3223612e-06
0
0
6.2474431e-06
7.3947677e-06
-6.7111069e-06
-5.1931082e-06
-8.3717442e-06
-8.5343466e-06
6.2464714e-06
4.6326384e-06
-6.5428426e-06
-4.8399659e-06
9.7420097e-06
9.7043681e-06
0
0
2.4604042e-06
3.5222917e-06
0
0
0
0
-2.1679711e-06
-3.2926766e-06
0
0
-6.8438479e-06
-8.2885918e-06
1.7061575e-06
9.5452548e-06
4.4947129e-06
-2.8304201e-06
-2.3040688e-05
-2.7268476e-06
7.1787289e-06
5.8693665e-06
0
0
-1.169957e-05
-1.1232646e-05
0
0
-1.0582059e-05
-5.5033412e-06
0.00022105088
9.1772224e-05
-0.00019398244
-0.00015445055
8.5166123e-05
-1.8754136e-05
3.5365046e-05
0.000108258
7.1169516e-05
5.8035007e-05
-4.5427391e-05
-1.4063214e-05
3.0332349e-05
-2.1784347e-05
-4.7704481e-05
-1.2838076e-05
-5.342657e-05
-9.6478671e-05
1.5835655e-05
6.8161642e-05
-9.2071061e-05
-8.8561531e-05
-4.7960724e-05
-6.3480204e-05
7.5233137e-05
9.7242746e-05
6.0785661e-05
6.8081544e-05
-5.1668898e-05
-2.3648548e-05
3.3270357e-05
2.8483847e-05
-6.0517596e-05
-3.86234e-05
-1.1679838e-05
-2.1996669e-05
0
0
-7.4364526e-07
9.237923e-06
0
0
1.2258984e-05
2.3632739e-05
-4.1156787e-05
-3.7036731e-05
6.501714e-06
1.9373528e-05
-3.2957978e-05
-2.7027962e-05
0
0
2.0013896e-05
2.8075021e-05
0
0
0.00011776547
-3.0636971e-05
3.8786103e-05
0.0001409003
7.5372863e-05
-6.4282943e-05
0.00014647937
0.0001089736
7.170876e-06
2.3110999e-05
0.00015002912
0.00012965536
-2.2626653e-05
-2.9013736e-05
0.00014925064
0.0001772733
-0.00028581488
-0.00020948499
-4.8557219e-05
-0.00015219518
-0.00012790701
-7.2645983e-05
-1.0205133e-05
-3.9378119e-05
-0.00012266285
-6.2294374e-05
-1.1936452e-05
2.8914601e-05
-8.4684649e-06
-3.1485658e-05
-1.8566048e-05
1.9046685e-05
7.0002284e-05
4.8133708e-05
-3.7145199e-05
-1.0836051e-05
9.9117545e-05
6.2737806e-05
-9.9417747e-05
-2.8552268e-05
-0.0001293929
-0.00017506424
-4.047605e-05
3.2811911e-05
4.8864353e-06
-4.0980463e-05
-8.4962789e-05
-0.00010247169
-6.2491686e-05
-5.8917704e-05
0.00011903344
0.00011225949
-8.3068066e-05
-0.00011478202
0.00025804603
0.00021067052
6.7236581e-05
0.00011721897
0.00017975683
9.1060506e-05
0.00032463626
0.00034396997
-0.00022844265
-0.00025043966
0.00011429413
0.00020926731
1.2742197e-05
0.00016476977
-0.00026192708
-0.0003290257
-0.00038816662
-0.00028241911
2.4804204e-05
2.5339744e-05
-2.3182269e-06
-8.3482943e-06
2.8595961e-05
2.6289422e-05
-8.7797468e-06
-1.8563003e-05
3.046936e-07
1.2636622e-06
-8.0812893e-06
-1.8394523e-05
-3.8985097e-06
-2.1609344e-06
-5.6201221e-06
-1.7106955e-05
1.6309663e-05
1.2276236e-05
3.8457394e-05
2.795955e-05
3.4098254e-06
-4.8531062e-07
3.8946576e-07
1.4737901e-06
2.7740112e-06
-8.7796194e-07
1.7732816e-06
1.4378959e-06
0
0
1.8505595e-06
1.6526713e-06
0
0
2.0644828e-06
2.2622651e-06
-3.5095664e-06
-2.3008052e-06
7.2515055e-07
-2.0527617e-06
4.4602687e-06
5.8508801e-06
-3.0408321e-06
-3.9629987e-06
5.6404265e-06
8.8393334e-06
0
0
2.2960473e-06
3.1608623e-06
0
0
2.2788539e-06
4.0720291e-06
-8.3923884e-06
-6.9215539e-06
-8.5813349e-06
-6.3313261e-06
-1.6809904e-05
-1.1830575e-05
-1.7979595e-05
-1.773033e-05
4.9368276e-05
2.683727e-05
-5.5197442e-07
-1.251976e-05
7.9096896e-06
-1.7277359e-06
8.4193815e-06
1.5357745e-05
5.2072892e-05
1.7556889e-05
-3.9520745e-07
1.4748871e-05
3.4353158e-05
-5.2160297e-06
-0.00011795482
-0.00010563833
2.1060346e-05
2.7397424e-05
1.9507194e-05
1.7324513e-05
-3.8308105e-05
-3.2210186e-05
3.1577856e-05
4.3065513e-05
-5.094489e-05
-2.8775553e-05
-1.335091e-05
-4.2696139e-05
5.0180629e-05
8.7722828e-05
9.4257879e-06
1.062528e-05
-1.5122991e-05
-8.3381126e-06
0
0
1.597239e-06
4.3717887e-06
0
0
-2.9988808e-07
3.1246717e-06
-1.1567345e-05
-1.126169e-05
-2.0382917e-05
-8.5153892e-06
1.1263352e-05
9.8645786e-06
-2.0388029e-05
-4.9563672e-06
4.2013227e-05
4.4953791e-05
0
0
-3.7958829e-06
-6.2642004e-07
0
0
-4.2674127e-06
-8.0217157e-06
-4.1293034e-05
-4.5045461e-05
6.8622004e-05
9.2157902e-05
-8.7959814e-05
-8.6630404e-05
-1.3372111e-05
4.6781095e-05
3.819106e-05
6.7419718e-05
-0.00012213
-0.00010749203
-0.00016208058
-9.5792702e-05
0.00017737688
1.8281128e-05
-0.00040536721
-0.00016600862
-0.00025684596
-0.0003679224
-0.00016153343
-3.0233097e-06
0.00053375276
0.00044687942
-0.00035861313
-0.00027651616
0.00033401812
0.00012452411
-0.00017981516
0.00012333513
-0.00028915613
-0.00031933752
0.00021032967
0.00019957241
-8.0502499e-05
-0.00015370999
-3.5464732e-05
-0.00013967203
0.00031659959
0.00032875
0.00033297553
0.00023173983
-0.00028662131
-0.00021424542
0.00034770544
0.00016090729
-0.00057356206
-0.00057875577
5.8366345e-05
-4.3343215e-05
1.2977964e-05
0.00013894726
0.00042900895
0.00054104558
-0.00048513349
-0.0006557985
0.00026127015
0.00049051346
-0.0004701749
-0.0005411898
0.00077224729
0.00073982981
0.00071030883
0.00072683605
0.0007722212
0.0007398101
0.00026126613
0.00049049568
0.00068033315
0.00044594861
-0.00037926388
-0.00061888201
0.00042898469
0.0005410223
-0.00047015007
-0.00054116641
-0.00057354303
-0.00057873283
-0.00035859581
-0.00027650383
-0.0004851281
-0.00065578473
-0.00017980617
0.00012333072
6.95092e-05
-0.00023218495
0.00018472483
-3.0878147e-05
1.2968225e-05
0.0001389346
0.00034768456
0.00016089521
0.00017792574
0.00012857238
-0.00016207933
-9.5793733e-05
5.8366409e-05
-4.3336188e-05
-1.3366483e-05
4.6783517e-05
-3.5460072e-05
-0.000139659
-0.00028660547
-0.00021422918
0.00033295728
0.00023172305
0.00031658429
0.00032873564
0.00021032166
0.00019956036
0.00053373801
0.00044686763
5.0172524e-05
8.771484e-05
-8.049246e-05
-0.00015369883
-0.00011794491
-0.00010563007
-8.3059081e-05
-0.00011477551
-0.00028914742
-0.00031932428
6.7238041e-05
0.00011721564
-0.00025684555
-0.0003679171
0.00033401841
0.00012453142
-0.00040535366
-0.00016599865
-0.00027710339
-0.00050680489
-0.00016152792
-3.0272101e-06
1.2735229e-05
0.0001647536
0.00017735984
1.8270055e-05
-0.00038814773
-0.0002824001
0.00071223327
0.0006256309
-0.0001646292
-0.00011662158
-0.00012212482
-0.00010748827
-8.7955687e-05
-8.6624992e-05
3.1178519e-05
7.5469504e-05
-4.1290953e-05
-4.5041699e-05
3.8189796e-05
6.7413619e-05
4.2008014e-05
4.4950786e-05
3.1576825e-05
4.3066211e-05
6.8620123e-05
9.2154584e-05
-1.3353452e-05
-4.2695666e-05
-1.0610265e-05
3.8182769e-06
-4.2665422e-06
-8.0195543e-06
-2.038805e-05
-4.9578027e-06
-8.625078e-06
-7.2832482e-06
0
0
-3.7915809e-06
-6.2427056e-07
0
0
-2.9128224e-07
3.1321906e-06
1.1259788e-05
9.8613129e-06
-2.0384786e-05
-8.5186606e-06
-1.1566961e-05
-1.1259924e-05
-1.5124639e-05
-8.3417936e-06
-3.8304051e-05
-3.2209702e-05
0
0
1.6034473e-06
4.3771251e-06
0
0
2.2801712e-06
4.0734619e-06
9.4271251e-06
1.0624472e-05
-8.5795874e-06
-6.3329217e-06
2.1063663e-05
2.7397851e-05
-5.0946265e-05
-2.8777968e-05
3.4346285e-05
-5.2199227e-06
1.9506842e-05
1.7325408e-05
7.9091531e-06
-1.7243655e-06
-3.9088346e-07
1.4752322e-05
5.206659e-05
1.7551326e-05
8.4136961e-06
1.5352929e-05
4.9363009e-05
2.6829839e-05
0.0001190274
0.00011225282
-1.6814061e-05
-1.1834767e-05
-5.5108843e-07
-1.2514903e-05
5.642582e-06
8.8427558e-06
-5.6167479e-06
-1.7102842e-05
-1.7976465e-05
-1.7727334e-05
3.8454066e-05
2.795307e-05
-8.496222e-05
-0.0001024671
-8.3941325e-06
-6.9257441e-06
-3.0402379e-06
-3.9616882e-06
0
0
2.2921399e-06
3.1560374e-06
0
0
2.0571927e-06
2.2557833e-06
4.4628115e-06
5.8532259e-06
7.240281e-07
-2.050506e-06
-3.5105636e-06
-2.2996305e-06
2.7721868e-06
-8.7697382e-07
-3.8995653e-06
-2.1603226e-06
0
0
1.844483e-06
1.6492872e-06
0
0
3.8709095e-07
1.4723079e-06
3.0475942e-07
1.2608059e-06
1.6308276e-05
1.22758e-05
2.8593233e-05
2.6285781e-05
7.0003576e-05
4.8136127e-05
-8.0778865e-06
-1.8392785e-05
-2.3189421e-06
-8.3495655e-06
-8.4735055e-06
-3.1489091e-05
-0.00026191212
-0.00032901258
-0.00022842624
-0.00025041901
-0.00072271289
-0.00067880938
0.00017976051
9.1067886e-05
0.00011427789
0.0002092443
4.8752595e-06
-4.0990722e-05
0.00014923404
0.00017725367
0.00032462464
0.00034395628
-4.8545273e-05
-0.00015217687
0.00049760014
0.00061307179
0.00025804088
0.0002106683
-4.0465305e-05
3.2814321e-05
-6.2484804e-05
-5.8916545e-05
-3.7142348e-05
-1.0836268e-05
-0.00012939681
-0.00017506637
-9.9404218e-05
-2.85476e-05
9.9125628e-05
6.274826e-05
-0.00012265295
-6.2291582e-05
-2.2612251e-05
-2.8998792e-05
-1.8564696e-05
1.9046672e-05
-1.0217923e-05
-3.9389523e-05
7.1537939e-06
2.3095251e-05
-0.0002858079
-0.00020947999
7.5378969e-05
-6.427368e-05
-0.00040219129
-0.00026962158
0.00015001789
0.0001296417
3.8781569e-05
0.00014089432
4.6139553e-05
0.00017378014
-0.0015657749
-0.0015887504
-0.00020084231
-9.7067148e-05
0.00014798458
6.6100087e-05
0.0016627152
0.0016187899
-0.00042803716
-0.00027587465
0.00026754213
4.996267e-05
-0.00024151339
8.4580092e-05
-0.0014861865
-0.0017551206
-0.00020324836
-1.9101859e-05
0.0019810526
0.0018891876
-0.0016877411
-0.0016889228
-0.00065369074
-0.0005463574
-0.00045873946
-0.00073077346
0.0015436021
0.0016552692
-0.00077961599
-0.00080941584
0.0011318807
0.00092131449
0.00041324744
0.00070724571
-5.4182709e-05
-0.00049894093
-1.9023785e-05
0.00035581387
0.0012312635
0.00082504906
0.0003455502
0.00077315891
0.0020218814
0.0017559457
0.00049694885
0.00078777673
-0.00010798684
0.00035510831
-0.0010879662
-0.001500136
-0.0010446515
-0.00068666941
-0.0012646371
-0.0013837557
-0.0012223195
-0.0010294556
0.0012817626
0.0013866543
-0.00092793251
-0.00092103995
0.00033769921
0.0004718786
0.0023250745
0.0023033313
-0.0021544765
-0.0022640153
-0.0011398295
-0.00091564075
-0.0004450226
-0.00051178637
0.00064614422
0.00076439209
-0.0014086336
-0.0011512505
-0.00068423562
-0.00089219355
-0.0012341457
-0.0012771969
0.00054861503
0.00091444508
-0.00031795469
-0.00065982024
0.0010671636
0.0012318656
0.00097643186
0.00084762514
0.00091000813
0.0007785756
0.00083780131
0.00093764618
-0.0002507991
-0.00059551151
-0.00026489709
0.0001044956
0.00021719489
-0.00013936572
-0.0008794409
-0.00056373898
-0.00058902499
-0.00034307336
-2.5744079e-05
0.00030851817
0.0004075281
0.0006642899
0.0006812357
0.00039464423
-0.00091593976
-0.00081122744
-0.00082799633
-0.00092332941
-0.00049646969
-0.00061715068
-0.00097030255
-0.00083697723
0.00053537787
0.00062271614
0.00040000485
0.00033231244
0.0008258231
0.0009174365
1.4160524e-05
-0.00021928945
0.00037939477
0.00066474398
-0.00065453062
-0.00030175821
0.00075673757
0.00030975594
0.00032454344
-8.4641754e-06
-0.00023319053
-0.00056358836
-0.00039498389
1.8100057e-07
0.001101459
0.00080881303
0.00064025005
0.00086425798
0.00070106245
0.00069438333
0.001207814
0.0012656342
-0.00016020777
0.00010034283
-0.00046410883
-0.00062244181
-0.00035483825
-0.00024455389
-0.0003801063
-0.00032423
-0.00090864554
-0.00093591795
9.6161449e-06
0.00022401099
-0.00097657133
-0.0011916896
-0.00071254656
-0.00053201226
0.00031978295
0.00011926442
0.00015752913
1.5562058e-05
-5.4632134e-05
-0.00019183356
0.00023759713
0.00039717181
0.00036441272
0.00028315643
-0.00014649644
-6.2775428e-05
0.00028090499
0.00031440125
0.00037028061
0.00031261669
-0.00017927189
-0.000279854
4.8075021e-06
2.8579753e-05
-6.4165377e-05
-0.00022286244
0.00080813432
0.00059481656
-0.00048948156
-0.00020753342
0.00076777412
0.00048068314
-0.00019132896
1.2124863e-05
-0.00010979293
-0.00039955283
-7.288603e-05
-0.00029179102
0.00029463656
-6.643241e-05
-0.0020173209
-0.0017144706
0.00078641022
0.00039209113
0.0007455015
0.0013325647
0.00067584249
2.6122276e-05
0.0018042769
0.0026053758
0.0011511974
0.00044684358
-0.003958596
-0.0032859633
0.0012252889
0.001036133
-0.00032788802
0.00014402897
-0.00062760835
-0.00040300955
0.00019858658
0.00054466021
-0.00035268313
-0.00077657429
-0.0013408542
-0.00084285941
5.3352726e-05
-0.00020555323
-0.0007885223
-0.00088088513
-0.0011382008
-0.001478074
0.00067870684
0.00084904812
9.0552338e-05
0.00023918926
0.00046399558
0.0013344668
-0.0018461614
-0.0030834222
-0.0052063889
-0.0022573202
0.00063237468
0.00087264061
0.0018040868
0.0038361214
0
0
-5.2367874e-07
-1.8985214e-06
-3.0952967e-05
-3.1200741e-05
0
0
-6.8157966e-07
-3.4443023e-06
3.218677e-05
3.1547721e-05
1.4067591e-05
7.4530674e-06
4.2263587e-05
3.7089668e-05
6.7930128e-06
3.836882e-06
-3.2724845e-05
-3.4503674e-05
0
0
-1.0600408e-07
-4.2462526e-06
-3.272202e-05
-3.3398232e-05
0
0
1.5750995e-06
-3.6776245e-06
3.3870292e-05
3.3765522e-05
2.8969904e-05
1.1894015e-05
7.0978553e-05
6.1655109e-05
2.1799868e-05
1.0430252e-05
-4.717362e-05
-5.5118957e-05
-2.9863067e-05
-2.8375535e-05
8.9328716e-05
6.6233883e-05
-1.7791171e-05
-1.2813902e-05
-4.3601002e-05
-5.223166e-05
-1.2684952e-05
-4.5608345e-05
-2.4071255e-05
3.9962368e-05
-0.00036785528
-0.00041022726
-4.9538371e-05
1.0486535e-05
0.00045256292
0.00043219816
-4.7434623e-05
-3.05737e-06
-8.1168314e-06
-4.4262245e-06
0.00012640611
0.00012213369
-0.00010255249
-0.00011580794
-0.00046171709
-0.00046911034
-2.7762173e-05
-4.6134512e-06
0.00047338537
0.00047180214
0
0
4.6807234e-06
-9.7647854e-07
-3.354287e-05
-3.2261123e-05
0
0
9.286481e-06
4.5147577e-06
2.7013443e-05
3.0581032e-05
3.0243829e-05
4.4471499e-06
9.4332913e-05
9.0738283e-05
3.3063728e-05
1.0437937e-05
-7.7750582e-05
-8.5969715e-05
0
0
1.4831813e-05
1.2758237e-05
-2.3377487e-05
-1.6933392e-05
0
0
1.9641949e-05
2.2182327e-05
2.0696842e-06
1.1157758e-05
-9.0478187e-06
-2.275867e-05
6.6148648e-05
8.196992e-05
1.6651541e-05
-6.9900102e-06
-9.4273909e-05
-8.9413265e-05
-4.9428565e-05
-0.00011416154
-0.00015230047
-0.0001817184
-6.0187012e-05
-0.00010681605
-1.8242837e-05
-8.8486128e-05
0.00020224023
0.00019605597
0.00026134263
0.00016133487
0.00024782119
0.00015980003
0.000210286
0.00016758802
2.1105178e-05
-8.5055448e-05
0.00012110016
0.00013349484
-5.5734525e-05
-8.1367919e-05
-1.4562966e-05
-5.4617605e-05
0.00012535164
8.5081548e-05
-9.7828578e-05
-0.00019411519
3.4823775e-05
8.4267879e-05
0.00032682464
0.0002562146
5.094412e-05
0.00022718375
0.00073989462
0.00072454329
0.00010878619
0.00025168301
-5.7774935e-05
0.00011845783
-0.00060551704
-0.0006896339
-0.00052944892
-0.00029717498
-0.00088149524
-0.00079633171
-0.00050028303
-0.00037196671
0.00052610532
0.00069620976
-0.00037329726
-0.00034492286
-0.00019491762
-6.8673584e-05
0.00051714311
0.00036475967
-0.00030959178
-0.00028169545
-4.5731238e-05
-0.00023444008
-9.4560525e-05
0.00017268119
-0.00059448025
-0.00077047134
-0.00039484882
-0.00010222268
0.00089938114
0.00085449863
0.00059958952
0.00075092395
0.00058052686
0.00078179588
0.00063295639
0.0005878159
0.00034284567
0.00065034252
-0.00088174081
-0.00086583079
-0.00079756079
-0.00079200747
-0.0004789208
-0.00072274572
5.2881627e-06
-0.00040232039
0.00049315454
0.00028974323
-0.00052459165
-0.00018749171
0.00028626328
7.4407258e-06
-0.00038015
-6.2801885e-05
0.00042243621
-1.4798116e-05
0.00062902624
0.00027466135
5.0418631e-05
7.4960655e-05
0.00050558271
0.00052078546
9.3493819e-05
0.00014972203
-0.00058247914
-0.00054230956
-0.00011057061
-0.00016539967
0.00021663586
0.0003258075
-4.0294627e-05
-7.7532075e-05
-0.00041781925
-0.00038032686
0.00011811054
0.00021575682
0.00061753788
0.00066634101
-0.00073070843
-0.00069913718
-0.00038587912
-0.00019152702
-0.00022622773
-0.00026196349
-0.00011299221
5.4331461e-05
0.00010789128
-0.00016178391
-0.0013980404
-0.0012095881
6.2523645e-06
-0.00019558258
0.00075696934
0.0010367737
0.00061376552
0.00039039663
0.00045259457
0.00034521177
-1.9158592e-05
-0.00012458627
-0.0016792883
-0.0016487678
0.0015020923
0.0016026778
0.00023198093
0.00019573703
0
0
2.000347e-05
2.8064862e-05
6.5054596e-06
1.9374495e-05
0
0
1.2259713e-05
2.3630647e-05
-3.2956986e-05
-2.7029014e-05
-6.0512278e-05
-3.8622621e-05
-4.5427575e-05
-1.406746e-05
-4.1148336e-05
-3.7029971e-05
-4.7698736e-05
-1.2835264e-05
0
0
-7.384641e-07
9.2411696e-06
3.3270389e-05
2.8481401e-05
0
0
-1.0580081e-05
-5.501583e-06
-1.1678919e-05
-2.1995074e-05
-2.3040571e-05
-2.7272076e-06
-4.795841e-05
-6.347752e-05
-5.1667246e-05
-2.3649116e-05
6.0784568e-05
6.8078842e-05
7.523084e-05
9.7241335e-05
1.5838963e-05
6.8160698e-05
7.1166559e-05
5.8034114e-05
4.457282e-05
7.7460811e-05
-9.2067714e-05
-8.8559067e-05
-0.00010583687
-9.8206322e-05
-7.5487119e-05
-1.6063873e-05
-5.3428531e-05
-9.6476952e-05
-0.00016366582
-5.2322276e-05
8.5159542e-05
-1.8756931e-05
3.0330093e-05
-2.1782981e-05
-0.00019397549
-0.00015444234
3.536087e-05
0.00010824989
0.00024337052
0.00031940689
0.00022104108
9.1765888e-05
-0.00030367255
-0.00033829305
0
0
-1.1699528e-05
-1.1232864e-05
4.4943805e-06
-2.8296826e-06
0
0
-6.8452803e-06
-8.289954e-06
7.177352e-06
5.8683342e-06
9.7435531e-06
9.7058645e-06
5.8509297e-06
-3.0694986e-06
1.7069178e-06
9.5457975e-06
3.3023829e-05
1.3899152e-05
0
0
-2.1699776e-06
-3.2936239e-06
-6.5414779e-06
-4.8389437e-06
0
0
0
0
2.4601252e-06
3.5222289e-06
0
0
6.2468111e-06
7.3943317e-06
6.2462491e-06
4.6345526e-06
-8.3705964e-06
-8.533164e-06
-6.7114179e-06
-5.1936147e-06
2.4551498e-06
-5.2948627e-06
-7.1935145e-06
1.6634199e-06
0
0
8.20422e-06
7.3221849e-06
0
0
3.999395e-06
-6.0102052e-07
-4.2361276e-06
2.2047233e-06
2.497078e-05
7.8311343e-06
-2.8906686e-05
-1.1999424e-05
9.4306075e-06
3.2244057e-05
8.0072993e-05
5.4718128e-05
-1.3002696e-05
-3.4818779e-05
-4.2794745e-05
-6.9873134e-05
-7.6367213e-05
-5.2422615e-05
9.2021283e-05
8.6922463e-05
8.5898477e-05
7.8807033e-05
1.6538303e-05
6.0964858e-05
8.9281682e-05
3.0249484e-05
4.083864e-05
5.087409e-05
-5.6501828e-05
-6.7385028e-05
-4.1078618e-05
-5.1383895e-05
-3.6018899e-05
-1.5238306e-05
-1.0247597e-05
-5.7433663e-05
-0.00011107017
-2.2372401e-05
0.00013363139
3.4996116e-05
9.9686452e-06
1.7129358e-05
4.145007e-05
2.2478437e-05
0
0
-5.0791606e-06
-1.2257947e-05
0
0
-1.2198516e-05
-1.8339873e-05
-2.187953e-05
-2.0739483e-05
3.5129131e-05
2.6109262e-05
1.9794679e-05
1.3770593e-05
1.128788e-05
1.6820457e-05
2.6750026e-05
2.6931509e-06
0
0
-1.2812672e-05
-1.5128924e-05
0
0
-7.778915e-08
-7.987571e-06
3.378547e-05
1.4876113e-05
-3.1118283e-05
-8.2666985e-05
-0.00018812961
-9.9227158e-05
-0.00019760566
-0.00024838529
3.1304199e-06
4.7260035e-05
0.00012564253
0.00010987002
0.00021045522
0.00025147309
-0.00032170122
-0.00040845087
-0.00011012292
-0.00030609733
-0.00019140715
-0.00034037268
0.00042242683
0.00039451141
0.00044413623
0.00042310464
0.00032545519
0.0001185579
0.0002631684
0.0004033571
0.00040769075
9.4829964e-05
-1.2280273e-05
-0.00013839599
-0.00037892278
-0.00026541647
4.5719024e-05
0.00016555659
0.00019837079
0.00031937792
0.00034949677
0.00024047842
-0.00039541737
-0.00038575194
-0.00038528558
-0.00035060458
-0.00013628464
-0.00027578327
-0.00037645391
-0.00017728854
0.00025292783
0.00029797653
0.00010433436
0.00026742197
-0.00028635255
-1.9242057e-05
-6.9373838e-05
0.00026044566
0.00081354201
0.00058475517
-4.3727217e-05
-0.00035406331
-0.0007178039
-0.00049679536
-1.0575445e-06
-1.6416533e-06
8.4508913e-07
1.444393e-06
-2.3857527e-06
-3.4665893e-06
4.2059578e-06
5.6732195e-06
-7.1178937e-06
-8.5469517e-06
7.325831e-06
8.7787377e-06
-4.283914e-06
-5.5904686e-06
2.1788345e-06
3.1731718e-06
-4.04989e-06
-3.8841376e-06
9.6099232e-06
1.046147e-05
-2.7778924e-06
3.815371e-07
1.2241361e-05
9.7266594e-06
2.1715601e-06
1.5047666e-05
5.0559463e-06
-8.8908746e-06
-8.2589276e-06
-4.1242483e-06
1.0820414e-05
7.7890559e-06
1.2098031e-06
1.6471723e-05
1.598074e-06
-1.3764482e-05
3.2356416e-05
5.6593295e-05
-2.556092e-05
-5.5014175e-05
7.5363455e-05
9.4930956e-05
-7.7641232e-05
-9.7648474e-05
2.7956559e-05
5.4475851e-05
-2.9233605e-05
-5.1178376e-05
-7.7852643e-06
-8.2179888e-06
3.6317954e-06
3.292549e-06
-8.1799164e-06
-4.8849124e-06
8.3749096e-06
4.1602379e-06
2.8078234e-07
1.30557e-05
-1.8603756e-06
-1.31403e-05
-6.9785361e-06
-4.3113078e-06
2.1479344e-06
-6.6455998e-07
3.7436346e-06
8.9572044e-06
6.5809422e-06
-1.1642897e-06
1.2564438e-05
1.5908469e-05
-5.9441054e-06
-1.7235555e-05
4.837021e-05
5.0496984e-05
-3.2848943e-05
-5.9727298e-05
2.6437004e-05
4.0904813e-05
-1.2895102e-05
-3.839426e-05
1.6707514e-05
1.5173121e-05
-1.714955e-05
-2.7364793e-05
1.2336217e-05
6.9373481e-06
-2.0720016e-05
-2.606774e-05
1.4090544e-05
-9.1634408e-06
-3.0781984e-05
-2.5238098e-05
4.5333443e-05
2.9830169e-05
-3.9985593e-05
-5.3812566e-05
2.186136e-05
-3.036459e-05
-5.3951446e-05
-1.9994729e-05
-6.9174635e-05
-0.00011214188
-4.8385377e-06
5.9855395e-05
-0.00025437727
-0.00027002741
0.0001350953
0.00025580949
-0.00012802176
-0.00021249583
3.7336962e-05
0.00016071705
7.2524098e-05
8.3008228e-05
-6.2649736e-05
-9.3508929e-05
7.8759132e-05
5.3225964e-05
-7.8626737e-05
-8.5279658e-05
2.5565911e-05
-5.8133687e-05
-6.608732e-05
9.0200861e-06
9.6188056e-05
6.8629047e-05
-0.00010654224
-9.2558815e-05
2.6409539e-05
-6.6707647e-05
-5.2984201e-05
4.0911382e-05
-0.0001565765
-0.00028113395
9.8872737e-05
0.00024590753
-0.00035040366
-0.00042430348
0.00034770115
0.00042611282
-0.00012688759
-0.00025784409
0.00012863256
0.00024221669
-0.00035377484
-0.00039283745
0.00027117222
0.00039946725
-0.00036695163
-0.00025751369
0.00033430601
0.00036566667
-0.00014475119
0.00012746751
0.00030587908
9.0778218e-05
-0.00041755361
-0.00030150214
0.00044482353
0.00038860085
-0.00015949083
0.00011851402
0.00025456918
-2.3529003e-05
0.00035996224
0.00065960401
-0.00014380392
-0.00048471772
0.0007151489
0.00082961139
-0.00068960571
-0.00081772526
0.00023698994
0.00053286316
-0.0002555095
-0.00052401715
-0.00024348331
-0.00033382421
0.00030139385
0.00032225712
-0.00035913576
-0.00029209549
0.00041827323
0.00030622788
-0.00015692415
3.5266013e-05
0.00016413128
-6.2117034e-05
-0.00022787856
-0.00022294488
0.00028987351
0.00019329308
3.0718841e-07
6.5510258e-06
-3.3610942e-06
-7.0204912e-06
1.5853152e-05
3.5384873e-05
-2.221119e-05
-3.2056286e-05
2.6148232e-05
4.1401316e-05
-3.5635115e-05
-3.3573701e-05
9.3161303e-06
1.6461811e-05
-9.132985e-06
-1.0418353e-05
5.3482383e-05
7.5395779e-05
-6.3976155e-05
-6.9262083e-05
8.3047348e-05
6.5634476e-05
-9.7749395e-05
-6.8980363e-05
2.3323084e-05
-4.6928317e-05
-2.7496327e-05
4.6131501e-05
5.0343376e-05
4.5982007e-05
-6.1904677e-05
-3.6627363e-05
1.6781637e-05
-1.8170357e-05
-1.0219232e-05
2.7803336e-05
-6.6222426e-05
-0.00016157429
0.00010193979
0.00016046991
-0.00011621017
-0.00018780423
0.00018238421
0.00017883584
-1.9908648e-05
-6.7019594e-05
5.1947975e-05
7.3295237e-05
1.3342279e-05
1.774205e-05
-1.0029986e-05
-7.896773e-06
2.2639567e-05
2.4225237e-05
-2.721423e-05
-1.4102882e-05
1.0108804e-05
-9.88121e-07
-3.1695544e-06
1.0275885e-05
1.1057059e-05
1.1349911e-05
-5.536575e-06
-2.0289571e-06
3.0589154e-06
-1.2610791e-06
-1.7488052e-05
-1.7503284e-05
-4.1509184e-06
-7.5626359e-06
-1.2026464e-05
-8.3563926e-06
-4.4913571e-05
-5.2774123e-05
-6.0391499e-07
2.4971332e-05
-2.3191587e-05
-3.69464e-05
-1.4528387e-05
5.2022241e-06
-9.6327444e-06
-1.1863469e-05
-6.8172288e-06
-1.4016341e-06
-1.3085536e-05
-1.4272533e-05
-2.932237e-06
2.6452267e-06
-5.9123524e-05
-5.7925149e-05
1.1638864e-05
3.1620348e-05
-5.6407562e-05
-5.8884227e-05
8.0948011e-06
3.2779011e-05
-0.00012646112
-0.00010902562
5.9390489e-05
9.5364227e-05
-9.4067982e-05
-7.2689475e-05
5.0188692e-05
6.6550284e-05
5.980512e-05
0.00011953731
6.0637969e-05
1.2003991e-06
-5.8220113e-05
1.1274898e-05
0.00010930847
7.5612256e-05
-0.00013037023
-0.0001413363
3.6476806e-05
0.00010616469
-0.0001424443
-0.00013602939
5.7148517e-05
0.00011376833
-0.00017398846
-0.00010940598
0.00015400969
0.00016763511
-0.00025400982
-0.0002144793
0.00017097796
0.00024346973
-1.4837215e-05
-1.5299773e-05
-5.5838598e-07
4.1904076e-06
-1.5457869e-05
-1.5526088e-05
5.2074336e-07
3.9810717e-06
-5.0918413e-05
-4.7824422e-05
9.0722495e-06
1.7913325e-05
-5.6203901e-05
-5.3273176e-05
1.1436211e-05
2.5576885e-05
-1.5502146e-05
-1.5435868e-05
6.6744202e-07
2.7343057e-06
-1.5383632e-05
-1.5344136e-05
2.7355874e-07
9.6171013e-07
-4.242832e-05
-4.1635918e-05
1.9225298e-06
3.3572936e-06
-4.5788355e-05
-4.3569559e-05
5.6912698e-06
1.0354658e-05
1.9807506e-07
9.5261501e-06
1.2681987e-05
7.8965778e-06
1.4088233e-05
1.720524e-05
3.9518802e-06
1.9638088e-06
0.00028867699
0.00029291143
-2.6878552e-06
-1.4357975e-05
0.00026826403
0.00028228581
-4.986134e-06
-3.9160193e-05
-5.7093053e-05
-3.721187e-05
3.6663486e-05
3.933168e-05
-2.4113759e-05
-8.8696436e-06
2.352598e-05
1.9554954e-05
0.00022655453
0.00025364533
1.8917385e-06
-5.1339026e-05
0.00015760857
0.0002010093
2.3133081e-05
-4.0803838e-05
0.00059065629
0.00061028287
-0.00011874409
-0.00023930781
0.00061392141
0.00060994111
-0.00010901267
-0.00018487645
0.00049148187
0.00038284459
-0.00021346974
-0.0001627773
0.00068377649
0.00057538758
-0.000307445
-0.00029820903
0.00060290792
0.00059248002
-7.3452297e-05
-0.00011262661
0.00058591399
0.00058103603
-2.561154e-05
-3.7380885e-05
0.00019561593
0.00016815009
-3.7969142e-05
-1.8105675e-05
0.00031205869
0.00023512082
-0.00011987461
-7.0209417e-05
-0.00089267516
-0.0010142237
1.448365e-05
0.00017015506
-0.0010731097
-0.0011130917
1.2499581e-05
6.5628831e-05
-0.0018663611
-0.0018745615
0.00010055916
0.00011618885
-0.0018095233
-0.0018517485
0.00027960999
0.00034561526
-0.00013686829
-0.00039858108
-0.00018926022
9.430259e-05
-0.00057201587
-0.00077351144
-4.6561434e-05
0.00019451081
-0.0016382852
-0.0017561011
0.00038479223
0.00054546281
-0.0012845358
-0.0015136696
0.00035505749
0.00064549337
-0.00015106664
-7.8600685e-06
0.00025910012
0.00017711208
0.00010117389
0.00024261022
0.00012540176
-3.2543287e-05
0.00064510334
0.00076765415
-0.00021378715
-0.00048477628
0.00031526412
0.00052019753
3.0499231e-05
-0.00026177905
0.00033600174
0.00044249042
-2.2190568e-06
-0.00018393457
0.000503473
0.00056315896
-8.6524488e-05
-0.0002488825
0.00081774333
0.00075252134
-0.00036853716
-0.00044387761
0.00081938557
0.00083851605
-0.00034949184
-0.00053208653
0.00073218428
0.00052372367
-0.00057851989
-0.00044565289
0.00033849481
6.6102946e-05
-0.00039127527
-0.00013879834
-0.00073852057
-0.0010739516
0.00014927701
0.00055559988
-8.9763779e-05
-0.00046700657
-0.00020504029
0.000234256
0.0008050108
0.00090330917
-0.00049815651
-0.00073797895
0.00091298539
0.0008415033
-0.00064317747
-0.0006959451
0.0004860372
0.00017540217
-0.00058327261
-0.00024213365
0.00080133844
0.00066053867
-0.00079779406
-0.00067371273
0.00031072061
-1.2715591e-06
-0.00047535978
-0.00016470876
-0.00026650331
-0.00063511521
5.8628847e-05
0.00042557509
-0.00074951633
-0.00097139243
0.00065984194
0.00088233937
-0.00022350158
-0.00053682246
8.3318254e-05
0.0003969846
-0.00088963835
-0.0011780357
0.00053250661
0.00081849242
-0.0013333467
-0.001454991
0.00076554591
0.00088426576
-0.0010089123
-0.00080076685
0.00085194908
0.00064456397
-0.0010669124
-0.0010831919
0.00094050672
0.00095732858
-0.00064243726
-0.00038841331
0.00086039613
0.00060907978
-0.00012562503
0.00030321382
0.00038935865
-3.6459162e-05
0.00063566714
0.0010333308
-0.00036741652
-0.00076339141
-1.6657863e-05
0.00034165554
0.00036272084
6.5425282e-06
-0.00051126075
-0.00068794887
0.00058817818
0.00076724985
-0.00075796565
-0.00074225365
0.00096075871
0.00094779959
-0.00042511872
-0.0002293531
0.00085922139
0.00066631075
-0.0004917437
-0.00049409698
0.00083312365
0.0008385622
-0.0014780225
-0.0014324609
0.00073715913
0.00068892665
-0.0013533996
-0.0012126491
0.00054579799
0.0004033329
4.9874344e-05
0.00041791386
0.0002014118
-0.0001637915
-0.00058209447
-0.00022925672
0.00053237108
0.00018122183
-0.0010999233
-0.0009627204
0.00031119293
0.00017328971
-0.00088568736
-0.00083029104
9.805698e-05
4.2524591e-05
0.0010652027
0.0011609938
-1.8155005e-05
-0.00011264453
0.0006611618
0.00092761091
1.196503e-05
-0.00025151703
0.0020244882
0.00224098
-0.00044986901
-0.00066054605
0.0023422155
0.0024093692
-0.00018029919
-0.00024488131
0.0017478001
0.0017062542
-0.00026019028
-0.00021492929
0.0018381275
0.0017951562
-0.00073993045
-0.00069011361
0.00064815512
0.0011148306
-0.00014794157
-0.00061039473
0.001433948
0.0018064928
-0.00046398746
-0.00083075031
0.0017327141
0.0018310432
-0.001026291
-0.0011197866
0.0012996663
0.0015885481
-0.00091510719
-0.0012015472
0.0010155044
0.00095093914
-0.0012898634
-0.0012285292
0.00080923665
0.00050039071
-0.0010407239
-0.00073270943
-0.00045006019
-0.00099975649
-0.00038319528
0.0001535429
0.00019433182
-0.00013150091
-0.0010638386
-0.00074654863
0.00020805684
-0.00020490492
-0.00052160127
-0.00010165988
-0.0004690866
-0.00067325685
-0.00012626409
8.540589e-05
-0.0027263726
-0.0031559995
0.00030965118
0.0007731035
-0.0014878526
-0.002214678
0.00033740512
0.0010684827
-0.0015225569
-0.0022579809
0.0016755794
0.0023316433
-0.0032295175
-0.0044719329
0.0012770559
0.0026072346
1.2280976e-05
-0.0069523968
0.0041395825
0.0023684581
0.00048298782
0.001460406
0.0023324817
0.00089670068
-0.00049455242
-0.0007788164
-0.00049299699
-0.00021243057
-0.00097157472
-0.0012506468
0.00051548559
0.00077040974
-0.00071466261
-0.00022455047
0.00069317687
0.00023452901
-0.00076911478
-0.00082988091
-8.4681942e-05
-9.5249738e-06
-0.00028196562
-0.00016564787
0.00078917035
0.0006747011
-3.1089135e-05
0.00020196887
0.00049358364
0.00026141457
0.00022310678
0.0003690064
0.00011230546
-3.5084385e-05
-4.2194123e-05
0.00010487465
0.00056947971
0.0004218966
0.00039561948
0.00065408532
-0.00023856995
-0.00049755978
0.00082010988
0.00097350251
-0.0009807667
-0.0011363494
0.00047748465
0.00035566938
-0.0011427298
-0.0010252546
0.00045041628
0.00049851185
-0.00061585698
-0.00066638076
0.0002838954
0.0001422049
-0.00062574582
-0.00048551214
-1.6348137e-05
-0.00028156099
-0.00086739705
-0.00060269576
-0.00032812162
-0.00060903175
-0.00039220308
-0.00010484809
0.00012605465
-0.00011371871
-0.00033439762
-9.3790649e-05
0.00012851634
0.00024787812
0.00031943762
0.00019738758
0.00030912814
0.0003274014
-9.620689e-05
-0.0001171921
0.00031161049
0.00024448657
-9.3168343e-05
-2.8872241e-05
0.00020842977
0.00029520708
0.00012160784
3.0971511e-05
6.1068706e-06
3.6212768e-06
5.3838943e-08
1.9945853e-06
-1.2512952e-06
-1.6952962e-05
1.6820101e-05
2.1673178e-05
-7.3250511e-06
-2.1339004e-05
2.349105e-05
2.4031765e-05
1.836912e-06
-1.6174069e-06
3.0497836e-06
4.0031188e-06
-3.6889608e-05
-7.4578944e-05
7.8418352e-05
7.6565123e-05
-0.00010504813
-0.00012852234
0.00015776886
0.0001213614
-6.4862931e-05
-4.8290234e-05
9.0883283e-05
4.9671455e-05
-3.6056764e-05
-5.6220374e-05
7.121944e-05
6.0609559e-05
-2.5780141e-05
-2.9691997e-05
5.134425e-05
3.8440906e-05
-2.236158e-05
1.4472385e-05
2.1785123e-05
-1.0073941e-05
8.086121e-06
4.6518663e-05
-2.8121215e-05
-4.5056914e-05
-1.3413867e-05
-6.7445058e-06
2.9422062e-05
1.8657596e-05
-8.4555001e-07
-4.0156684e-06
4.3760841e-06
4.5325035e-06
-8.7793549e-06
-1.8131889e-05
2.3249809e-05
2.1144242e-05
-7.4633703e-06
-1.1828942e-05
1.9078297e-05
1.5990727e-05
-2.0623754e-06
-4.3600963e-06
4.4296836e-06
4.0939452e-06
-0.00011783096
-3.5798785e-05
0.00011044507
1.1098525e-05
7.8597273e-05
0.00029007155
-0.00020321643
-0.00033718103
0.00021163801
0.00035937515
-0.00040490877
-0.00045249708
-5.972734e-06
0.00010253679
-5.5291357e-05
-0.00012893969
0.00045517932
0.00061429158
-0.00063801516
-0.00069312899
0.00064004289
0.00050358184
-0.00078996215
-0.00065404684
0.00030841893
2.2831491e-05
-0.00049842837
-0.00024771784
0.00043312206
0.00042058756
-0.00067798732
-0.00059573295
0.00026294836
0.00013147353
-0.00050051596
-0.00034795114
-4.0155994e-05
-0.00032525833
-5.4742043e-05
0.00018501952
-0.00024646333
-0.0004225307
0.00033055631
0.00047102621
6.6912609e-05
-9.7224183e-05
-0.00023096972
-8.5200577e-05
6.4182671e-05
0.00015560003
-0.00016842922
-0.0002015168
0.00022549237
0.00027933153
-0.00045623891
-0.00042758663
0.0001612219
0.00013682738
-0.00038730619
-0.00031864837
8.5984438e-05
0.00013847956
-0.0002113345
-0.00020869667
7.4388994e-05
8.7063162e-05
-0.00019714125
-0.00017303091
7.3131223e-05
7.2677882e-06
-0.0002637187
-0.00019208693
-1.3795078e-06
-7.5554518e-05
-0.00014516661
-9.2615705e-05
4.9517306e-05
3.2970862e-05
-0.00015122491
-0.0001192939
-7.320554e-05
-0.00020035024
4.3715563e-06
9.3855017e-05
-0.00028028746
-0.0003178562
0.00052874881
0.00054929449
-0.00020417148
-0.00013487637
0.00052652564
0.00045741833
-0.00013827426
-0.00019883518
0.00013396679
0.00015549431
-0.00015172624
-0.00015213549
0.00014926178
0.00011784651
-0.00010339489
2.2864131e-05
0.00038546464
0.00027053892
-3.9260438e-05
0.00010713354
0.00017839757
4.8314012e-05
-0.00014755734
-0.00011438288
8.173112e-05
2.3053648e-05
2.6567994e-05
-6.6034839e-06
-9.541206e-05
-6.3536964e-05
-4.866289e-05
-0.0001142723
-6.304835e-05
-3.3755047e-05
-7.0100802e-05
-0.00012671912
-1.9134508e-05
-4.4700831e-06
1.3614937e-05
-2.6450982e-05
-4.0930708e-05
-1.0867021e-05
-2.3370641e-06
-3.6418282e-06
3.7425873e-06
3.1908828e-06
-5.1238165e-06
-5.6091673e-06
1.368136e-05
1.0700532e-05
-2.9182724e-06
-9.2526136e-07
8.7117778e-06
6.3262593e-06
-2.1795057e-06
-2.6746816e-06
2.7579116e-06
2.1612773e-06
-3.2322815e-06
8.0718828e-06
1.214504e-05
5.3443701e-06
2.3582608e-05
5.2476235e-05
-5.2039124e-05
-5.5222709e-05
2.8044369e-05
4.4254313e-05
-5.3525153e-05
-4.7163652e-05
3.4690746e-06
1.5399291e-05
1.8590788e-06
-1.0915214e-06
7.1129395e-06
1.7996276e-05
-2.0876605e-06
-2.2704138e-06
2.7195327e-05
3.2986149e-05
-4.0146015e-05
-2.8522367e-05
2.5596083e-05
2.5777446e-05
-1.8936651e-05
-5.1594741e-06
8.6079588e-06
1.85319e-05
-1.7332526e-06
-5.2394269e-07
-1.9316407e-06
-1.9031693e-06
1.7262898e-06
1.1497293e-06
-1.3644633e-06
1.9442121e-06
4.8214471e-06
3.0477407e-06
-5.8655026e-07
3.2499708e-06
1.9160078e-06
4.9678423e-07
-1.7912857e-06
-1.4919917e-06
7.4002466e-07
1.9589341e-07
-1.7986924e-06
-1.4974339e-06
-1.9756659e-07
-7.4158849e-07
-5.8974952e-07
3.2498873e-06
-5.0002111e-07
-1.9187394e-06
-1.3713413e-06
1.9423491e-06
-3.0485202e-06
-4.8205398e-06
-1.9479006e-06
-1.914961e-06
-1.1503427e-06
-1.7261388e-06
8.607524e-06
1.8535263e-05
5.2022607e-07
1.7313668e-06
2.5596972e-05
2.577947e-05
5.1547846e-06
1.8930338e-05
2.7200994e-05
3.2990471e-05
2.8518387e-05
4.0142195e-05
7.1141833e-06
1.7999327e-05
2.2671908e-06
2.0875333e-06
3.4694993e-06
1.5403462e-05
1.0918729e-06
-1.8545639e-06
2.804953e-05
4.4258063e-05
4.7161522e-05
5.3524893e-05
2.3585541e-05
5.2477127e-05
5.5223295e-05
5.2042024e-05
-3.2307935e-06
8.0737622e-06
-5.3407019e-06
-1.2142594e-05
-2.1907803e-06
-2.6833176e-06
-2.1592882e-06
-2.7555236e-06
-2.9228408e-06
-9.2718347e-07
-6.3231067e-06
-8.7061045e-06
-5.1226735e-06
-5.6094152e-06
-1.0695577e-05
-1.367786e-05
-2.3353876e-06
-3.6403114e-06
-3.1881133e-06
-3.7405418e-06
1.3616084e-05
-2.6450281e-05
1.0859456e-05
4.0923101e-05
-7.0100947e-05
-0.00012671977
4.4669126e-06
1.9130771e-05
-4.866447e-05
-0.00011427408
3.3751793e-05
6.3043281e-05
2.6570048e-05
-6.6022643e-06
6.3528888e-05
9.5405513e-05
-0.00014755815
-0.0001143814
-2.304257e-05
-8.1718473e-05
-3.9256766e-05
0.0001071379
-4.8288392e-05
-0.00017837374
-0.00010338963
2.2873417e-05
-0.00027051671
-0.00038544535
-0.00015172807
-0.00015213298
-0.00011783658
-0.00014925301
-0.00013827901
-0.00019883773
-0.00015548927
-0.00013397158
-0.00020416735
-0.00013486355
-0.00045740283
-0.00052651737
-0.0002802879
-0.00031784564
-0.00054928938
-0.00052875087
-7.3218797e-05
-0.00020035907
-9.385956e-05
-4.383603e-06
4.9518863e-05
3.2968848e-05
0.00011928751
0.00015122064
-1.3843274e-06
-7.5560927e-05
9.261101e-05
0.00014516034
7.3122405e-05
7.2534006e-06
0.00019207851
0.00026370874
7.4388765e-05
8.7057082e-05
0.00017302651
0.00019713744
8.5981563e-05
0.00013847294
0.0002086974
0.00021133723
0.00016121082
0.00013681041
0.00031863955
0.00038729776
0.00022548572
0.00027931808
0.00042757928
0.00045623544
6.4183143e-05
0.0001555979
0.00020151947
0.00016843686
6.6894785e-05
-9.7240252e-05
8.518596e-05
0.00023094799
-0.00024647373
-0.00042253018
-0.00047103718
-0.00033057814
-4.0176165e-05
-0.00032527148
-0.00018504833
5.4708557e-05
0.00026293025
0.00013145184
0.00034792754
0.00050049319
0.00043311323
0.00042056896
0.00059571145
0.0006779711
0.00030839725
2.2808837e-05
0.00024768337
0.00049839504
0.00064003144
0.0005035586
0.00065401572
0.00078993842
0.000455188
0.00061428822
0.00069312086
0.00063801486
-5.9672114e-06
0.00010254353
0.00012894858
5.5303959e-05
0.00021164284
0.00035937358
0.00045249706
0.00040491478
7.8614428e-05
0.00029008503
0.00033719274
0.00020323432
-0.00011781997
-3.5783678e-05
-1.1083163e-05
-0.00011043
-2.0526379e-06
-4.3513007e-06
-4.093275e-06
-4.4310413e-06
-7.4580155e-06
-1.1825746e-05
-1.5989515e-05
-1.9078263e-05
-8.7709073e-06
-1.8129008e-05
-2.1143566e-05
-2.3252659e-05
-8.3631769e-07
-4.0064366e-06
-4.532959e-06
-4.3775575e-06
-1.3411935e-05
-6.7407424e-06
-1.8653996e-05
-2.9418059e-05
8.0872994e-06
4.6518293e-05
4.5061668e-05
2.8125991e-05
-2.2358866e-05
1.4473085e-05
1.0078353e-05
-2.1781134e-05
-2.5776785e-05
-2.9689617e-05
-3.8439719e-05
-5.1343821e-05
-3.6056408e-05
-5.6216945e-05
-6.0610711e-05
-7.1219569e-05
-6.4860055e-05
-4.8284727e-05
-4.9664792e-05
-9.0874914e-05
-0.00010504461
-0.0001285165
-0.00012135484
-0.00015776131
-3.6891262e-05
-7.4576998e-05
-7.6564793e-05
-7.8415856e-05
1.8401276e-06
-1.6122994e-06
-4.004879e-06
-3.0500374e-06
-7.322992e-06
-2.1337364e-05
-2.4035227e-05
-2.3493273e-05
-1.2539407e-06
-1.6956629e-05
-2.1675529e-05
-1.6822151e-05
6.1020771e-06
3.6180038e-06
-1.9961867e-06
-5.4133691e-08
1.1045931e-05
1.1341952e-05
2.028935e-06
5.5368204e-06
1.0101896e-05
-9.9488482e-07
-1.0275728e-05
3.1698849e-06
2.2634575e-05
2.4220227e-05
1.4103061e-05
2.7214376e-05
1.3333668e-05
1.7735703e-05
7.8978156e-06
1.0030104e-05
-1.9911428e-05
-6.7020394e-05
-7.3295625e-05
-5.1948268e-05
-0.00011621074
-0.0001877998
-0.00017883098
-0.00018238152
-6.6225144e-05
-0.00016157621
-0.00016046904
-0.00010194481
1.6777725e-05
-1.8175084e-05
-2.7804536e-05
1.0215953e-05
5.0340524e-05
4.5978857e-05
3.662469e-05
6.1901374e-05
2.3316943e-05
-4.6935416e-05
-4.6137167e-05
2.7489364e-05
8.3043551e-05
6.562746e-05
6.8973457e-05
9.7744284e-05
5.3482203e-05
7.5393678e-05
6.925967e-05
6.3973984e-05
9.3142804e-06
1.6461397e-05
1.041874e-05
9.13248e-06
2.6148851e-05
4.1400444e-05
3.3573368e-05
3.5634402e-05
1.5855272e-05
3.5386932e-05
3.2055283e-05
2.2211128e-05
3.093185e-07
6.5544598e-06
7.0204684e-06
3.3611018e-06
-0.00022786861
-0.00022292705
-0.00019327639
-0.00028986022
-0.00015690103
3.5291754e-05
6.2137104e-05
-0.00016411037
-0.00035912071
-0.00029207246
-0.00030620811
-0.00041826011
-0.00024348155
-0.00033381522
-0.00032224833
-0.00030139294
0.00023701368
0.00053287979
0.00052402566
0.00025552644
0.00071515493
0.00082960268
0.00081770869
0.00068960392
0.00035998406
0.00065961603
0.00048472524
0.00014381966
-0.00015946334
0.00011854106
2.3549952e-05
-0.00025454917
-0.00041753961
-0.00030148188
-0.0003885844
-0.00044481319
-0.00014472912
0.00012748791
-9.0761273e-05
-0.0003058644
-0.0003669413
-0.00025749975
-0.00036565633
-0.00033430281
-0.00035377574
-0.00039283089
-0.00039946303
-0.00027117337
-0.00012689464
-0.00025784807
-0.00024221952
-0.00012863948
-0.00035040285
-0.00042429513
-0.00042610585
-0.00034769982
-0.00015658446
-0.00028113808
-0.00024591033
-9.8877986e-05
2.6400549e-05
-6.6717382e-05
-4.0919143e-05
5.2977197e-05
9.6183504e-05
6.8623145e-05
9.2553225e-05
0.00010653984
2.555732e-05
-5.8142155e-05
-9.0246863e-06
6.6083894e-05
7.8755725e-05
5.3221054e-05
8.5278469e-05
7.8629766e-05
7.2524155e-05
8.3006394e-05
9.3508606e-05
6.2649848e-05
-0.00012802914
-0.00021249958
-0.00016072076
-3.7340463e-05
-0.00025437758
-0.00027002432
-0.00025581099
-0.00013510243
-6.917937e-05
-0.00011214351
-5.9860808e-05
4.835845e-06
2.1855103e-05
-3.0371378e-05
1.9991648e-05
5.3952854e-05
4.5330461e-05
2.9826139e-05
5.3818302e-05
3.9993056e-05
1.4085805e-05
-9.1672073e-06
2.5238011e-05
3.0785434e-05
1.2335e-05
6.9356368e-06
2.6072784e-05
2.0727751e-05
1.6706846e-05
1.5172436e-05
2.7374021e-05
1.7160259e-05
2.6438051e-05
4.0904828e-05
3.8395361e-05
1.2895935e-05
4.8370116e-05
5.0495562e-05
5.9730495e-05
3.2854483e-05
1.2564596e-05
1.5909255e-05
1.7239822e-05
5.949306e-06
3.7448756e-06
8.9578556e-06
1.1662552e-06
-6.5819127e-06
-6.9762433e-06
-4.3098027e-06
6.6481332e-07
-2.1484125e-06
2.8206733e-07
1.3056062e-05
1.31402e-05
1.8600461e-06
-8.1795522e-06
-4.8845807e-06
-4.1596284e-06
-8.3743946e-06
-7.7849469e-06
-8.2177437e-06
-3.2926606e-06
-3.6318967e-06
2.79571e-05
5.4476237e-05
5.1177525e-05
2.923439e-05
7.5362469e-05
9.4927572e-05
9.7645023e-05
7.7640887e-05
3.2357549e-05
5.6594327e-05
5.5014047e-05
2.5562148e-05
1.2099846e-06
1.6472243e-05
1.3765403e-05
-1.5968435e-06
-8.2594131e-06
-4.1239191e-06
-7.7881627e-06
-1.0820356e-05
2.1719818e-06
1.5048631e-05
8.891169e-06
-5.0558215e-06
-2.7776858e-06
3.826823e-07
-9.7271581e-06
-1.2242198e-05
-4.0497634e-06
-3.8835881e-06
-1.0460653e-05
-9.6093382e-06
-4.2843298e-06
-5.5905032e-06
-3.1733947e-06
-2.1782729e-06
-7.1175838e-06
-8.5472281e-06
-8.7779867e-06
-7.3249513e-06
-2.3858534e-06
-3.4666224e-06
-5.672045e-06
-4.2045203e-06
-1.0575005e-06
-1.642043e-06
-1.4439101e-06
-8.4490509e-07
0.00080132091
0.00066051596
0.0006736813
0.00079777446
0.00048601122
0.00017537695
0.00024210824
0.00058324852
0.00091297332
0.00084148448
0.00069592717
0.00064317187
0.00080501392
0.00090330302
0.00073797114
0.00049816091
-8.9786456e-05
-0.00046702399
-0.00023426617
0.00020502163
-0.00073853035
-0.0010739539
-0.00055559628
-0.0001492844
0.00033847602
6.6088175e-05
0.00013878633
0.00039126265
0.00073216383
0.00052370321
0.00044563544
0.00057850889
0.00081937809
0.00083850331
0.00053208211
0.00034949487
0.00081772854
0.00075250559
0.0004438685
0.0003685335
0.00050346729
0.00056314997
0.00024888028
8.6526117e-05
0.00033600409
0.00044248978
0.00018394134
2.2296503e-06
0.0003152799
0.00052020667
0.00026178819
-3.048671e-05
0.00064510593
0.00076765116
0.00048477579
0.00021379633
0.00010118563
0.00024261614
3.2556425e-05
-0.00012539161
-0.00015105243
-7.8471469e-06
-0.00017710001
-0.00025909258
-0.0012845299
-0.0015136572
-0.00064548025
-0.0003550569
-0.0016382676
-0.0017560804
-0.00054545283
-0.00038478804
-0.00057201583
-0.00077350752
-0.00019451219
4.6553641e-05
-0.00013687809
-0.00039858661
-9.4308137e-05
0.00018924979
-0.0018095014
-0.0018517267
-0.00034561187
-0.00027960661
-0.0018663401
-0.0018745457
-0.00011618954
-0.00010055746
-0.0010731013
-0.0011130837
-6.5624705e-05
-1.2495746e-05
-0.00089267032
-0.0010142157
-0.00017015355
-1.4486182e-05
0.00031205125
0.00023511642
7.0204222e-05
0.00011986586
0.00019561277
0.00016815102
1.8106903e-05
3.797147e-05
0.00058591173
0.00058103412
3.7381304e-05
2.5610636e-05
0.00060290052
0.00059247444
0.00011261775
7.3445034e-05
0.00068376238
0.00057537465
0.00029819669
0.00030743257
0.00049147111
0.00038283525
0.00016276763
0.00021345403
0.00061391118
0.00060993259
0.00018486251
0.00010900233
0.00059064661
0.0006102713
0.00023929756
0.0001187367
0.00015760369
0.00020100381
4.0799802e-05
-2.3132226e-05
0.00022654965
0.0002536416
5.1330178e-05
-1.8952605e-06
-2.4118162e-05
-8.8717493e-06
-1.9554182e-05
-2.3520952e-05
-5.7095288e-05
-3.7215023e-05
-3.9328298e-05
-3.6658124e-05
0.00026826271
0.00028228377
3.9155029e-05
4.9823674e-06
0.00028867726
0.0002929121
1.435778e-05
2.6863176e-06
1.4089835e-05
1.7206212e-05
-1.9635717e-06
-3.9528318e-06
1.9671227e-07
9.5269354e-06
-7.8979483e-06
-1.2679499e-05
-4.5789447e-05
-4.3570026e-05
-1.0350763e-05
-5.6876255e-06
-4.2427357e-05
-4.1635418e-05
-3.3582076e-06
-1.9259248e-06
-1.5384783e-05
-1.5344212e-05
-9.6652219e-07
-2.780619e-07
-1.5502526e-05
-1.5436145e-05
-2.730501e-06
-6.6307431e-07
-5.6204276e-05
-5.3275221e-05
-2.5570366e-05
-1.1429883e-05
-5.0920514e-05
-4.7825705e-05
-1.790632e-05
-9.0639845e-06
-1.5458581e-05
-1.5526895e-05
-3.971758e-06
-5.0902197e-07
-1.4837402e-05
-1.5300404e-05
-4.1826405e-06
5.6772507e-07
-0.00025400294
-0.00021447098
-0.00024346796
-0.00017098235
-0.00017397893
-0.00010939839
-0.00016762729
-0.00015400751
-0.0001424399
-0.00013602428
-0.00011377162
-5.7156225e-05
-0.00013036957
-0.00014133351
-0.00010617033
-3.6485067e-05
-5.8214181e-05
1.1277758e-05
-7.5602973e-05
-0.00010930292
5.9804674e-05
0.00011953483
-1.1964407e-06
-6.0631776e-05
-9.406583e-05
-7.2690051e-05
-6.6546195e-05
-5.0184936e-05
-0.00012645702
-0.00010902321
-9.5360912e-05
-5.9392344e-05
-5.6405168e-05
-5.888264e-05
-3.2783003e-05
-8.1023375e-06
-5.9123249e-05
-5.7926438e-05
-3.1618969e-05
-1.1639894e-05
-1.3085125e-05
-1.427351e-05
-2.6458959e-06
2.9296132e-06
-9.6310795e-06
-1.1863472e-05
1.3914195e-06
6.8054534e-06
-2.3193713e-05
-3.6947556e-05
-5.2091375e-06
1.4521952e-05
-4.4912448e-05
-5.2772724e-05
-2.4979971e-05
5.9293922e-07
-4.1521531e-06
-7.5623373e-06
8.3444486e-06
1.2017242e-05
3.0569529e-06
-1.2617272e-06
1.7498126e-05
1.7486473e-05
0.00020843221
0.0002952098
-3.0952579e-05
-0.00012159025
0.00031161245
0.00024448677
2.8871001e-05
9.3168264e-05
0.00030913741
0.00032740636
0.00011719269
9.6209394e-05
0.00012852488
0.00024788852
-0.00019737153
-0.00031942043
0.00012605424
-0.00011372063
9.3772446e-05
0.00033438068
-0.00032812155
-0.00060903314
0.00010482995
0.00039218285
-1.6352122e-05
-0.0002815656
0.0006026771
0.00086738014
0.00028389549
0.00014220265
0.00048549748
0.00062573578
0.00045042406
0.00049851291
0.00066637305
0.00061585564
0.00047748029
0.0003556614
0.0010252388
0.0011427203
0.00082011239
0.00097349667
0.0011363457
0.00098077054
0.00039563408
0.00065409424
0.00049756449
0.00023858343
-4.217811e-05
0.00010489281
-0.00042187865
-0.00056946369
0.00022312491
0.00036901723
3.509302e-05
-0.00011229341
-3.1066883e-05
0.00020198796
-0.00026140294
-0.00049357107
-0.00028194609
-0.0001656234
-0.00067468794
-0.00078916245
-0.00076911457
-0.00082988259
9.5197298e-06
8.4673403e-05
-0.0007146618
-0.0002245477
-0.00023452396
-0.00069317467
-0.00097157653
-0.001250645
-0.00077040887
-0.00051549111
-0.00049455598
-0.00077881948
0.00021241878
0.00049298349
0.00048298854
0.0014604096
-0.00089669433
-0.0023324765
1.2281949e-05
-0.0069523958
-0.002368458
-0.00413958
-0.0032295124
-0.0044719322
-0.0026072312
-0.0012770527
-0.0015225539
-0.0022579781
-0.0023316369
-0.0016755772
-0.0014878567
-0.0022146804
-0.0010684828
-0.00033740719
-0.0027263749
-0.003156001
-0.00077309892
-0.00030964454
-0.00046909774
-0.00067326671
-8.5402478e-05
0.00012626664
0.00020804137
-0.00020491706
0.0001016565
0.00052159726
0.00019432245
-0.00013151254
0.0007465344
0.0010638282
-0.00045006922
-0.00099976353
-0.00015354893
0.00038318545
0.00080921785
0.00050037285
0.00073270134
0.0010407144
0.0010154925
0.00095092151
0.0012285186
0.0012898573
0.0012996603
0.001588534
0.0012015459
0.00091511285
0.0017326951
0.0018310252
0.0011197777
0.0010262898
0.0014339436
0.001806487
0.00083074784
0.000463994
0.00064816267
0.0011148307
0.00061040751
0.00014795941
0.0018381087
0.0017951405
0.00069010637
0.00073992431
0.0017477845
0.0017062427
0.00021492983
0.00026018527
0.0023422067
0.0024093617
0.0002448762
0.00018028926
0.0020244796
0.0022409732
0.0006605391
0.00044986513
0.00066117211
0.00092761846
0.00025151457
-1.1965235e-05
0.0010652083
0.0011609975
0.0001126342
1.8144455e-05
-0.00088566802
-0.00083027717
-4.2530608e-05
-9.8060254e-05
-0.0010998999
-0.00096269906
-0.0001732912
-0.00031118898
-0.00058207559
-0.00022923861
-0.00018120041
-0.00053234867
4.9890352e-05
0.00041792661
0.00016380097
-0.00020140241
-0.0013533739
-0.0012126236
-0.00040332044
-0.00054578666
-0.0014780036
-0.0014324367
-0.00068890638
-0.00073714262
-0.00049173466
-0.00049407998
-0.00083855863
-0.00083312976
-0.00042509776
-0.00022933093
-0.00066629499
-0.00085920731
-0.00075795619
-0.00074223909
-0.00094778826
-0.00096075566
-0.00051126744
-0.00068794487
-0.00076726193
-0.0005881981
-1.6636759e-05
0.00034167274
-6.5260097e-06
-0.00036269929
0.00063567866
0.0010333325
0.00076340121
0.00036743422
-0.00012560783
0.00030322756
3.6481643e-05
-0.00038933143
-0.00064242129
-0.00038839481
-0.00060905411
-0.00086037248
-0.001066907
-0.0010831803
-0.00095730842
-0.00094049457
-0.0010088971
-0.00080074722
-0.00064453574
-0.00085192365
-0.0013333416
-0.0014549784
-0.00088424428
-0.00076553244
-0.00088964998
-0.0011780388
-0.00081848395
-0.00053251031
-0.00022352376
-0.00053683956
-0.00039700859
-8.3348322e-05
-0.00074952781
-0.00097139406
-0.00088234288
-0.00065985086
-0.00026652998
-0.00063513349
-0.00042559147
-5.8651738e-05
0.00031069417
-1.2998997e-06
0.00016467551
0.00047532587
-0.006952396
1.2282117e-05
0.002368455
0.0041395807
0.0014604105
0.00048298914
0.00089670159
0.0023324828
-0.0022579802
-0.0015225609
0.0023316475
0.0016755862
-0.0044719332
-0.0032295157
0.0026072327
0.0012770578
-0.00022455109
-0.00071466737
0.00023453659
0.00069318395
-0.00082989036
-0.00076912621
-9.5137614e-06
-8.4667998e-05
-0.00077882756
-0.0004945625
-0.00021241457
-0.00049298358
-0.0012506539
-0.00097158394
0.00077042142
0.00051549918
-0.00099977031
-0.00045007233
0.00015355764
-0.00038317911
-0.00013151128
0.00019432628
-0.00074653654
-0.0010638315
0.00095093844
0.001015509
-0.0012285232
-0.0012898649
0.00050037704
0.00080922942
-0.00073269679
-0.0010407132
-0.0031560023
-0.0027263787
0.00077310799
0.00030965639
-0.0022146838
-0.0014878642
0.0010684937
0.00033741571
-0.00020491831
0.00020804446
-0.00010164599
-0.00052158915
-0.00067326681
-0.00046909916
8.5416294e-05
-0.00012625541
-0.00060904
-0.00032812693
-0.00010483704
-0.00039219229
-0.00011372199
0.00012605683
-9.3787984e-05
-0.00033440326
0.00014220274
0.00028389953
-0.00048552041
-0.00062576001
-0.00028156886
-1.6354087e-05
-0.00060268538
-0.00086739583
0.00024449199
0.00031162161
-2.8887939e-05
-9.3187974e-05
0.00029522037
0.00020844361
3.09478e-05
0.00012158698
0.00024789256
0.00012852864
0.00019736603
0.00031942023
0.00032741155
0.00030914348
-0.00011721434
-9.6231075e-05
0.00036902156
0.00022312243
-3.5108113e-05
0.00011227969
0.000104888
-4.2185594e-05
0.00042188196
0.00056947066
-0.00016563987
-0.00028196565
0.00067469607
0.00078917285
0.00020198909
-3.1073031e-05
0.00026138852
0.00049356135
0.00035566768
0.00047748813
-0.0010252559
-0.0011427401
0.00049851901
0.00045043007
-0.00066639945
-0.00061588063
0.0006541054
0.00039563974
-0.00049758727
-0.00023860193
0.0009735145
0.00082012722
-0.0011363618
-0.00098078618
0.0010333555
0.00063569446
-0.00076341429
-0.00036744528
0.00034168086
-1.6634883e-05
6.5134041e-06
0.00036269667
-0.00038839317
-0.00064242571
0.00060906093
0.00086039025
0.0003032429
-0.00012559873
-3.6485151e-05
0.00038933455
-0.0002293363
-0.00042511097
0.00066629399
0.00085921715
-0.00049409901
-0.00049175438
0.00083857242
0.00083314647
-0.00068796689
-0.0005112864
0.00076727999
0.00058821733
-0.00074225024
-0.00075797432
0.00094780469
0.00096077825
-0.00097141102
-0.00074954439
0.00088236703
0.0006598762
-0.00053685548
-0.00022353288
0.00039702549
8.3359983e-05
-1.3033515e-06
0.00031069961
-0.0001646708
-0.00047532938
-0.0006351506
-0.00026653915
0.00042561271
5.8665948e-05
-0.00080075046
-0.0010089035
0.00064454477
0.00085193982
-0.0010831905
-0.0010669229
0.00095732986
0.00094051888
-0.0011780595
-0.00088966977
0.00081851142
0.00053253147
-0.0014549992
-0.0013333628
0.00088425955
0.00076555205
0.0017062425
0.0017477868
-0.00021492008
-0.00026018396
0.0017951468
0.0018381208
-0.00069010226
-0.00073992323
0.0022409827
0.0020244952
-0.00066054328
-0.00044987306
0.002409362
0.0023422122
-0.00024487569
-0.00018029701
0.0018310431
0.0017327211
-0.001119779
-0.001026292
0.0015885616
0.0012996861
-0.001201553
-0.00091512237
0.0011148542
0.00064818248
-0.00061041521
-0.00014796705
0.001806507
0.0014339688
-0.00083075643
-0.00046400189
0.00041793478
4.9898192e-05
-0.00016381022
0.00020139229
-0.00022923399
-0.00058207445
0.00018119812
0.00053234921
-0.0014324532
-0.0014780238
0.0006889075
0.00073715082
-0.0012126343
-0.0013533882
0.00040331203
0.00054578344
0.0011609981
0.0010652114
-0.00011264494
-1.8158705e-05
0.00092762407
0.00066118069
-0.00025152564
1.195333e-05
-0.00096270335
-0.0010999074
0.0001732782
0.00031117948
-0.00083027607
-0.00088567104
4.2517804e-05
9.8049703e-05
-0.0018745475
-0.0018663483
0.00011617986
0.0001005532
-0.0018517379
-0.0018095171
0.00034560527
0.00027960578
-0.0010142241
-0.00089268077
0.00017015762
1.4493137e-05
-0.0011130851
-0.0010731066
6.5625466e-05
1.249921e-05
-0.0017561012
-0.0016382928
0.00054545421
0.00038479447
-0.0015136826
-0.0012845586
0.00064549188
0.00035506871
-0.00039860128
-0.00013689382
9.4319494e-05
-0.00018924158
-0.00077352185
-0.00057203064
0.00019451932
-4.6543193e-05
0.00038283527
0.0004914715
-0.00016275848
-0.00021344788
0.00057537621
0.0006837643
-0.0002981894
-0.00030742805
0.00061027995
0.00059065478
-0.00023929352
-0.00011873469
0.00060993867
0.00061391786
-0.00018485844
-0.0001089998
0.00016815006
0.00019561323
-1.8104383e-05
-3.7970342e-05
0.0002351166
0.00031205147
-7.019764e-05
-0.00011986257
0.00059247716
0.00060290441
-0.00011261634
-7.3445321e-05
0.00058103409
0.0005859133
-3.7382889e-05
-2.5614799e-05
-0.0010739812
-0.00073855521
0.00055561425
0.00014929706
-0.00046704386
-8.9798068e-05
0.00023428272
-0.00020501514
0.00052369796
0.00073216607
-0.00044563747
-0.00057851808
6.60747e-05
0.00033846747
-0.00013877806
-0.0003912607
0.0001753704
0.00048601461
-0.00024210202
-0.00058325677
0.00066052747
0.00080134327
-0.00067369365
-0.00079779611
0.00090332211
0.00080503671
-0.00073799406
-0.0004981833
0.000841493
0.00091298856
-0.00069594076
-0.00064319012
0.00076766435
0.00064512081
-0.00048479595
-0.00021381263
0.00052022044
0.00031529056
-0.00026180876
3.0471941e-05
-7.8435484e-06
-0.00015105229
0.00017709171
0.00025908892
0.00024262474
0.00010119129
-3.2568036e-05
0.00012538459
0.00075251016
0.00081773541
-0.00044386839
-0.00036853476
0.00083851165
0.00081938927
-0.00053209241
-0.00034950553
0.00044249937
0.00033601298
-0.00018394993
-2.2351059e-06
0.0005631606
0.00050347689
-0.0002488819
-8.6527397e-05
0.00011954165
5.9810555e-05
1.1979191e-06
6.0636586e-05
1.1284322e-05
-5.8209833e-05
7.5601839e-05
0.00010930386
-0.00010902136
-0.00012645623
9.536276e-05
5.9395479e-05
-7.2688251e-05
-9.4063521e-05
6.6549986e-05
5.0190774e-05
-0.00010939591
-0.00017398043
0.00016762404
0.00015400441
-0.00021447404
-0.00025400794
0.00024346428
0.00017097939
-0.00014133597
-0.00013037322
0.00010616667
3.6479167e-05
-0.00013602483
-0.00014244249
0.00011376923
5.715362e-05
-5.2772862e-05
-4.4912894e-05
2.4977653e-05
-5.9526409e-07
-3.6948255e-05
-2.319473e-05
5.202698e-06
-1.4528754e-05
-1.2622207e-06
3.0574496e-06
-1.750595e-05
-1.74934e-05
-7.5625655e-06
-4.151357e-06
-8.3466623e-06
-1.2018203e-05
-5.7926536e-05
-5.9122878e-05
3.1624323e-05
1.1645331e-05
-5.888218e-05
-5.6404949e-05
3.2787108e-05
8.1066742e-06
-1.1863612e-05
-9.6313839e-06
-1.387179e-06
-6.8013083e-06
-1.4273699e-05
-1.3085628e-05
2.6520257e-06
-2.9248277e-06
0.0002929123
0.00028867734
-1.436404e-05
-2.6943159e-06
0.00028228529
0.00026826416
-3.9157541e-05
-4.9861432e-06
9.5268556e-06
1.961608e-07
7.893561e-06
1.2676613e-05
1.720591e-05
1.4089424e-05
1.9567806e-06
3.9481092e-06
0.00025364476
0.0002265525
-5.1327819e-05
1.8955031e-06
0.00020100888
0.00015760965
-4.0796645e-05
2.3136697e-05
-3.7214674e-05
-5.7093173e-05
3.9331918e-05
3.6662029e-05
-8.8716369e-06
-2.4116693e-05
1.9554257e-05
2.3522088e-05
-4.7826601e-05
-5.0921103e-05
1.7905942e-05
9.0622625e-06
-5.3275858e-05
-5.6205479e-05
2.5574061e-05
1.1431836e-05
-1.5300531e-05
-1.4838173e-05
4.1829801e-06
-5.6752349e-07
-1.552703e-05
-1.5458966e-05
3.9679194e-06
5.0602589e-07
-4.1635356e-05
-4.2427037e-05
3.3550983e-06
1.9256504e-06
-4.3569579e-05
-4.5789394e-05
1.0348754e-05
5.6848781e-06
-1.5436099e-05
-1.5503264e-05
2.7281967e-06
6.6069244e-07
-1.534419e-05
-1.5384747e-05
9.6668096e-07
2.7869326e-07
0.00082962781
0.000715182
-0.00081773398
-0.00068963114
0.00053290234
0.00023702913
-0.00052404927
-0.0002555443
0.00011855049
-0.00015946388
-2.3559376e-05
0.00025454765
0.00065963805
0.00036000084
-0.00048475015
-0.00014383763
3.5298321e-05
-0.00015690325
-6.2146565e-05
0.00016410936
-0.00022293424
-0.00022787715
0.00019327937
0.00028986875
-0.00033382908
-0.00024349389
0.00032226053
0.00030140735
-0.00029207912
-0.00035913268
0.00030621479
0.00041827343
-0.00042430915
-0.00035041723
0.00042612078
0.0003477166
-0.00025785949
-0.00012690277
0.00024223134
0.00012864936
-6.6722359e-05
2.6399741e-05
4.0926252e-05
-5.2973868e-05
-0.00028114931
-0.00015659292
0.00024592611
9.8889353e-05
0.0001274958
-0.00014472814
9.0750438e-05
0.00030586154
-0.00030148684
-0.00041755097
0.00038859089
0.00044482567
-0.00039284162
-0.00035378659
0.00039947624
0.00027118531
-0.00025750287
-0.00036694932
0.00036565962
0.00033430731
-0.00018780938
-0.00011621713
0.0001788348
0.00018238837
-6.7025784e-05
-1.9915114e-05
7.3297356e-05
5.1951982e-05
-1.8179026e-05
1.6775265e-05
2.7806589e-05
-1.0214649e-05
-0.00016158547
-6.6231713e-05
0.00016047778
0.00010195036
-9.9681648e-07
1.0100522e-05
1.0275793e-05
-3.1694702e-06
1.1339535e-05
1.1043976e-05
-2.0290389e-06
-5.537071e-06
1.773564e-05
1.3332882e-05
-7.8976825e-06
-1.0030949e-05
2.4220012e-05
2.2633572e-05
-1.410297e-05
-2.7214304e-05
4.1401202e-05
2.6150626e-05
-3.357438e-05
-3.5635549e-05
1.6462443e-05
9.315701e-06
-1.041839e-05
-9.1331182e-06
6.5557983e-06
3.1037869e-07
-7.0205094e-06
-3.3615535e-06
3.5389224e-05
1.5857426e-05
-3.2056592e-05
-2.2212121e-05
-4.6940821e-05
2.3316199e-05
4.614239e-05
-2.7487267e-05
4.5978457e-05
5.0341751e-05
-3.662411e-05
-6.1903002e-05
7.5395708e-05
5.3484771e-05
-6.9262647e-05
-6.397724e-05
6.5628441e-05
8.3045571e-05
-6.8973851e-05
-9.7747043e-05
9.493078e-05
7.5365892e-05
-9.7648682e-05
-7.7643685e-05
5.4478336e-05
2.7959216e-05
-5.118038e-05
-2.9236533e-05
1.6473902e-05
1.2111072e-06
-1.3767242e-05
1.59607e-06
5.6596485e-05
3.2359429e-05
-5.5016632e-05
-2.5562735e-05
1.3057845e-05
2.8284461e-07
-1.3140839e-05
-1.8608755e-06
-4.3098452e-06
-6.9760182e-06
-6.6494146e-07
2.14824e-06
-8.2180319e-06
-7.7854129e-06
3.2926248e-06
3.6317507e-06
-4.884446e-06
-8.1801346e-06
4.1589937e-06
8.3740347e-06
-8.5475099e-06
-7.1182758e-06
8.7782472e-06
7.3242886e-06
-5.5912694e-06
-4.2841582e-06
3.1732908e-06
2.1785174e-06
-1.6417799e-06
-1.0572775e-06
1.4438144e-06
8.4480797e-07
-3.4669277e-06
-2.385907e-06
5.6718677e-06
4.2047802e-06
1.5048982e-05
2.172377e-06
-8.891798e-06
5.056403e-06
-4.1244932e-06
-8.2596591e-06
7.7874938e-06
1.0820082e-05
-3.8840769e-06
-4.0502476e-06
1.0460463e-05
9.6092319e-06
3.8262573e-07
-2.7778282e-06
9.7278834e-06
1.2242097e-05
-0.00027003083
-0.0002543845
0.00025581341
0.0001351044
-0.00021250672
-0.00012803506
0.00016073068
3.7347384e-05
-3.0373708e-05
2.1854111e-05
-1.9987203e-05
-5.3950766e-05
-0.00011214718
-6.9184173e-05
5.9860616e-05
-4.8400767e-06
-5.8145937e-05
2.5556817e-05
9.0328506e-06
-6.6078793e-05
6.862357e-05
9.6185556e-05
-9.2550887e-05
-0.00010653952
8.3008563e-05
7.2526314e-05
-9.3508709e-05
-6.2649951e-05
5.322168e-05
7.8757245e-05
-8.5273003e-05
-7.8626357e-05
5.0496618e-05
4.8371614e-05
-5.9728113e-05
-3.2850221e-05
4.0906464e-05
2.6439192e-05
-3.8394097e-05
-1.2894131e-05
8.958121e-06
3.744879e-06
-1.162633e-06
6.584643e-06
1.5909829e-05
1.2564752e-05
-1.7234129e-05
-5.9438886e-06
-9.1680493e-06
1.4084728e-05
-2.5242065e-05
-3.0791611e-05
2.9826065e-05
4.5330039e-05
-5.3815993e-05
-3.9992152e-05
1.5172232e-05
1.6706763e-05
-2.7372947e-05
-1.7158581e-05
6.935308e-06
1.2334769e-05
-2.6078997e-05
-2.073447e-05
0.00010714631
-3.9255554e-05
4.8299747e-05
0.00017838688
-0.00011438359
-0.00014756645
2.305701e-05
8.1736985e-05
-0.00015214104
-0.00015173777
0.00011785895
0.00014927817
2.2873405e-05
-0.00010339456
0.00027053345
0.00038546678
-0.00012672903
-7.0109734e-05
-4.4591534e-06
-1.9121418e-05
-2.6456872e-05
1.3612228e-05
-1.0858396e-05
-4.0923454e-05
-6.6066077e-06
2.6569469e-05
-6.3531011e-05
-9.5408072e-05
-0.00011428264
-4.8669935e-05
-3.3740604e-05
-6.3033202e-05
-7.5566764e-05
-1.3849142e-06
-9.2600576e-05
-0.00014515108
3.2971099e-05
4.9522638e-05
-0.00011929128
-0.00015122676
8.7063559e-05
7.4393588e-05
-0.00017303162
-0.00019714559
7.2552007e-06
7.3126773e-05
-0.00019207418
-0.00026370792
-0.00013487397
-0.00020417708
0.00045742572
0.00052654078
-0.00019884766
-0.00013828746
0.00015551617
0.00013399294
-0.00020036834
-7.3221944e-05
9.3881e-05
4.3989788e-06
-0.00031786412
-0.00028030248
0.00054931361
0.00052877708
2.5778262e-05
2.5596227e-05
-5.1554798e-06
-1.8936581e-05
1.8534335e-05
8.6112755e-06
-5.2365975e-07
-1.7354639e-06
1.8000292e-05
7.1168299e-06
-2.2727081e-06
-2.0925328e-06
3.2990708e-05
2.7201205e-05
-2.8524236e-05
-4.0150374e-05
3.2541066e-06
-5.8358034e-07
4.980406e-07
1.9157851e-06
-1.4920023e-06
-1.793652e-06
1.9737025e-07
7.4015269e-07
-1.9116031e-06
-1.9445156e-06
1.1491695e-06
1.7237949e-06
1.9452693e-06
-1.368801e-06
3.0455128e-06
4.816544e-06
-9.2772245e-07
-2.9248783e-06
6.3199713e-06
8.7055379e-06
-2.6858096e-06
-2.1924819e-06
2.1585342e-06
2.7555339e-06
-3.6441004e-06
-2.3403312e-06
3.1897086e-06
3.7421562e-06
-5.6110273e-06
-5.1255637e-06
1.0696458e-05
1.3680122e-05
4.4260447e-05
2.8050152e-05
-4.7167853e-05
-5.3533297e-05
1.5404806e-05
3.4700515e-06
-1.0974605e-06
1.8517109e-06
8.0742453e-06
-3.2319286e-06
5.3379101e-06
1.2142858e-05
5.2481417e-05
2.3586448e-05
-5.5229323e-05
-5.2046114e-05
4.6523384e-05
8.0884715e-06
-4.5063879e-05
-2.8128559e-05
-6.7429605e-06
-1.3413324e-05
1.8655809e-05
2.9421769e-05
-2.9691136e-05
-2.5777966e-05
3.8441383e-05
5.1346827e-05
1.4476857e-05
-2.2359578e-05
-1.0079534e-05
2.1777843e-05
-1.1827169e-05
-7.4585235e-06
1.5992098e-05
1.9081252e-05
-4.3525486e-06
-2.0543708e-06
4.0947374e-06
4.4319902e-06
-4.0049097e-06
-8.3348047e-07
4.5335725e-06
4.3777404e-06
-1.8126826e-05
-8.7697133e-06
2.1147661e-05
2.3253786e-05
-2.1337347e-05
-7.3214833e-06
2.4036278e-05
2.3494052e-05
-1.6107506e-06
1.8428898e-06
4.0047259e-06
3.0499236e-06
3.6162434e-06
6.1018104e-06
1.9955477e-06
5.3724434e-08
-1.6957688e-05
-1.2544215e-06
2.1673746e-05
1.6821033e-05
-4.8285466e-05
-6.4861786e-05
4.9665466e-05
9.0876861e-05
-5.6218872e-05
-3.6055898e-05
6.0611769e-05
7.1220607e-05
-7.458049e-05
-3.689309e-05
7.6566414e-05
7.8418038e-05
-0.00012852111
-0.00010504924
0.00012135569
0.00015776524
-0.00042254965
-0.00024648712
0.00047105924
0.00033059321
-9.7248394e-05
6.689698e-05
-8.5173128e-05
-0.00023094505
0.00013145392
0.00026294082
-0.00034793134
-0.00050050352
-0.0003252862
-4.0181138e-05
0.00018505799
-5.4705182e-05
0.00013681805
0.00016121975
-0.00031864227
-0.0003873066
0.00013848095
8.5989015e-05
-0.000208705
-0.0002113449
0.00015560796
6.418846e-05
-0.00020152736
-0.0001684442
0.0002793318
0.00022549792
-0.00042758969
-0.00045625058
0.00035939084
0.00021165483
-0.00045251311
-0.00040493182
0.00010255212
-5.9642723e-06
-0.00012895689
-5.5310262e-05
-3.5780955e-05
-0.00011782295
1.1079962e-05
0.00011042741
0.00029010094
7.8622465e-05
-0.00033720841
-0.00020324709
2.2804905e-05
0.00030840558
-0.00024768353
-0.00049840458
0.00042058405
0.00043313187
-0.00059572695
-0.00067799256
0.00061431187
0.00045521075
-0.00069314396
-0.00063803818
0.00050357277
0.00064005319
-0.00065402963
-0.00078995918
0.00050356036
0.00064002986
0.0007899396
0.0006540187
0.00061428485
0.0004551859
0.00063801108
0.00069312009
0.00042056575
0.00043310925
0.00067797179
0.00059571188
2.2806297e-05
0.0003083957
0.00049840009
0.00024769132
0.00029008344
7.861422e-05
0.00020322981
0.00033718862
-3.5782443e-05
-0.00011781841
-0.0001104311
-1.1086484e-05
0.00010254191
-5.9669749e-06
5.5300948e-05
0.00012894525
0.00035936973
0.0002116393
0.00040491098
0.00045249453
0.00027931664
0.0002254833
0.00045623272
0.00042757572
0.00015559489
6.4179865e-05
0.00016843326
0.00020151626
0.00013847262
8.597998e-05
0.00021133352
0.00020869495
0.00013681422
0.00016121172
0.00038729469
0.00031863601
-0.00032527474
-4.0178334e-05
5.4717004e-05
-0.0001850408
0.00013145033
0.00026292932
0.00050049509
0.00034792827
-9.7236725e-05
6.6898669e-05
0.00023094749
8.5181277e-05
-0.00042253251
-0.00024647291
-0.00033057228
-0.00047103746
-0.00012851228
-0.00010504161
-0.00015775992
-0.00012135403
-7.4573994e-05
-3.6889369e-05
-7.8413292e-05
-7.6561276e-05
-5.6216501e-05
-3.6055433e-05
-7.1218105e-05
-6.0608982e-05
-4.8284473e-05
-6.4859718e-05
-9.0874907e-05
-4.9667291e-05
-1.6955566e-05
-1.2550946e-06
-1.6818561e-05
-2.1671686e-05
3.6170123e-06
6.1008272e-06
-5.3367946e-08
-1.9946536e-06
-1.6166189e-06
1.8364885e-06
-3.0492186e-06
-4.0028856e-06
-2.1337123e-05
-7.3244846e-06
-2.348983e-05
-2.4032271e-05
-1.8129942e-05
-8.7744431e-06
-2.3250896e-05
-2.114605e-05
-4.010655e-06
-8.414545e-07
-4.376884e-06
-4.5331737e-06
-4.3558947e-06
-2.0586735e-06
-4.4313996e-06
-4.0955841e-06
-1.1828182e-05
-7.4600148e-06
-1.908142e-05
-1.5992795e-05
1.4471279e-05
-2.2361124e-05
-2.178251e-05
1.0075071e-05
-2.9691454e-05
-2.5777289e-05
-5.1344142e-05
-3.8441737e-05
-6.7440932e-06
-1.3413087e-05
-2.9422987e-05
-1.8660202e-05
4.6514639e-05
8.0845366e-06
2.8121689e-05
4.5058303e-05
5.2474064e-05
2.3580123e-05
5.2039571e-05
5.5224473e-05
8.0709364e-06
-3.2325744e-06
-1.2146936e-05
-5.3430145e-06
1.539928e-05
3.4679558e-06
-1.8548813e-06
1.0958136e-06
4.4255705e-05
2.8044884e-05
5.3528068e-05
4.7166654e-05
-5.609443e-06
-5.1249958e-06
-1.3683604e-05
-1.070097e-05
-3.6433319e-06
-2.3386318e-06
-3.743189e-06
-3.1907835e-06
-2.6804327e-06
-2.1857412e-06
-2.7577112e-06
-2.1593397e-06
-9.281055e-07
-2.9220282e-06
-8.7091245e-06
-6.3223042e-06
1.9430338e-06
-1.3668455e-06
-4.8183039e-06
-3.044155e-06
-1.9072492e-06
-1.936157e-06
-1.7255902e-06
-1.1480915e-06
-1.490361e-06
-1.7902692e-06
-7.3910556e-07
-1.9557643e-07
3.2527324e-06
-5.8455945e-07
-1.9130139e-06
-4.9712756e-07
3.2987002e-05
2.7196233e-05
4.0148744e-05
2.8524451e-05
1.7996417e-05
7.1137756e-06
2.0909594e-06
2.273686e-06
1.8532719e-05
8.6109398e-06
1.7359256e-06
5.2405398e-07
2.5776374e-05
2.5595439e-05
1.8937249e-05
5.1583033e-06
-0.00031784607
-0.00028028152
-0.0005287585
-0.00054929958
-0.00020034871
-7.3208767e-05
-4.3900771e-06
-9.3869117e-05
-0.00019882558
-0.00013826914
-0.00013398054
-0.00015550296
-0.00013485955
-0.00020415764
-0.0005265292
-0.00045742113
7.2629583e-06
7.3126017e-05
0.00026370753
0.0001920761
8.7058645e-05
7.4387189e-05
0.00019713781
0.00017302789
3.2969423e-05
4.9517821e-05
0.00015122329
0.0001192925
-7.5553868e-05
-1.3805569e-06
0.00014515744
9.2608934e-05
-0.00011427168
-4.866464e-05
6.3044224e-05
3.3755984e-05
-6.6055407e-06
2.6567074e-05
9.5412833e-05
6.3536566e-05
-2.6456713e-05
1.3611243e-05
4.0931074e-05
1.086709e-05
-0.0001267241
-7.0107568e-05
1.9135267e-05
4.4754411e-06
2.2882127e-05
-0.00010338003
-0.00038546725
-0.00027053738
-0.00015212493
-0.00015172127
-0.00014926685
-0.00011784505
-0.00011437825
-0.00014755929
-8.1725374e-05
-2.304266e-05
0.00010714845
-3.924957e-05
-0.00017839361
-4.8306311e-05
-0.00083028962
-0.00088568009
-9.8056878e-05
-4.252886e-05
-0.0009627091
-0.001099908
-0.00031118846
-0.00017329092
0.00092761794
0.0006611763
-1.1969138e-05
0.00025150886
0.0011609943
0.0010652075
1.81453e-05
0.00011263125
-0.0012126291
-0.0013533797
-0.00054578775
-0.0004033252
-0.0014324407
-0.0014780057
-0.00073714678
-0.00068891232
-0.00022923377
-0.00058206763
-0.00053235771
-0.00018120888
0.00041792965
4.9896007e-05
-0.00020140793
0.00016379215
0.0018064988
0.0014339563
0.00046398426
0.00083074039
0.0011148423
0.00064817318
0.0001479504
0.0006104005
0.0015885445
0.0012996676
0.00091510762
0.0012015417
0.0018310342
0.0017327066
0.0010262807
0.0011197716
0.0024093692
0.0023422147
0.00018028512
0.00024486786
0.0022409795
0.0020244893
0.00044985757
0.00066053287
0.0017951476
0.0018381186
0.00073991702
0.00069010305
0.0017062531
0.0017477933
0.00026018125
0.00021492402
-0.0014549758
-0.0013333359
-0.00076553823
-0.00088424989
-0.0011780312
-0.00088964275
-0.00053251088
-0.00081848748
-0.001083171
-0.0010668978
-0.00094049723
-0.00095730943
-0.00080073908
-0.0010088871
-0.00085193133
-0.00064454303
-0.00063512651
-0.00026652374
-5.864998e-05
-0.0004255884
-1.2951216e-06
0.00031069763
0.00047532882
0.00016468134
-0.00053683794
-0.00022352278
-8.3341184e-05
-0.00039699932
-0.00097138767
-0.0007495241
-0.00065984688
-0.00088233815
-0.00074224038
-0.00075796023
-0.00096074782
-0.00094777972
-0.00068795068
-0.00051127122
-0.00058818785
-0.00076725013
-0.0004940898
-0.00049173989
-0.00083312056
-0.00083855096
-0.00022934177
-0.00042510917
-0.00085919799
-0.00066628311
0.00030323669
-0.00012560134
-0.00038933554
3.6478018e-05
-0.00038839238
-0.0006424202
-0.0008603726
-0.00060905219
0.00034166572
-1.6646435e-05
-0.00036269249
-6.5168674e-06
0.0010333347
0.00063567513
0.00036743543
0.00076340162
0.00097349352
0.00082010394
0.0009807751
0.0011363528
0.00065408295
0.00039562229
0.00023859413
0.00049757752
0.00049850041
0.00045041412
0.00061586759
0.00066638593
0.00035565441
0.00047746968
0.0011427324
0.0010252525
0.00020197552
-3.1078693e-05
-0.00049355709
-0.00026139366
-0.00016563678
-0.00028195339
-0.00078915776
-0.00067468836
0.00010488855
-4.2177482e-05
-0.00056947011
-0.00042189094
0.00036900797
0.00022311693
-0.00011228893
3.5093301e-05
0.00032740219
0.00030913888
9.6208606e-05
0.00011718989
0.00024789255
0.00012853287
-0.00031943626
-0.00019738959
0.00029521968
0.00020844537
-0.00012161046
-3.0974194e-05
0.00024448994
0.00031161932
9.3162201e-05
2.8859748e-05
-0.00028157472
-1.6361766e-05
0.00086739545
0.00060269103
0.00014219186
0.00028388987
0.00062574791
0.00048550904
-0.00011372532
0.00012605312
0.00033438909
9.3775385e-05
-0.00060904146
-0.00032813001
0.00039219751
0.00010484211
-0.00067325943
-0.00046909404
0.00012626275
-8.5407501e-05
-0.00020491556
0.00020804369
0.00052159196
0.00010165292
-0.0022146809
-0.0014878596
-0.00033740943
-0.0010684855
-0.0031560009
-0.0027263762
-0.00030964959
-0.00077309935
0.00050037637
0.00080922081
0.0010407104
0.00073269623
0.00095092436
0.0010154915
0.0012898538
0.0012285196
-0.00013151554
0.00019431676
0.0010638318
0.00074654296
-0.00099976593
-0.00045006978
0.00038318473
-0.00015354832
-0.0012506465
-0.00097157768
-0.00051548838
-0.00077040929
-0.00077882395
-0.00049456412
0.00049299293
0.00021242664
-0.00082988578
-0.00076912418
8.4684953e-05
9.5293846e-06
-0.00022454821
-0.00071466305
-0.00069317222
-0.00023451975
-0.0044719348
-0.0032295178
-0.0012770531
-0.0026072322
-0.002257978
-0.0015225549
-0.0016755789
-0.0023316404
0.0014604099
0.00048299035
-0.0023324777
-0.00089669568
-0.0069523962
1.2280524e-05
-0.0041395789
-0.002368459
-1.5343846e-05
-1.5384361e-05
-2.8830172e-07
-9.7503313e-07
-1.5436217e-05
-1.5502004e-05
-6.7064575e-07
-2.7347813e-06
-4.3568094e-05
-4.5787138e-05
-5.6920287e-06
-1.0354316e-05
-4.1635194e-05
-4.2426951e-05
-1.9334992e-06
-3.3609581e-06
-1.5524751e-05
-1.5457934e-05
-5.0840864e-07
-3.9716229e-06
-1.5300298e-05
-1.4837931e-05
5.7310151e-07
-4.1794087e-06
-5.3274435e-05
-5.6204346e-05
-1.1428249e-05
-2.5573506e-05
-4.7824576e-05
-5.0919028e-05
-9.0647338e-06
-1.7909685e-05
-8.8690086e-06
-2.4114089e-05
-2.3525787e-05
-1.9558282e-05
-3.7212709e-05
-5.7092311e-05
-3.6663453e-05
-3.9334822e-05
0.00020101061
0.00015760861
-2.3140245e-05
4.0791124e-05
0.000253647
0.00022655503
-1.8969262e-06
5.1329775e-05
1.7204868e-05
1.4089824e-05
-3.9515588e-06
-1.9584042e-06
9.5275454e-06
1.9907825e-07
-1.2682151e-05
-7.8963448e-06
0.00028228593
0.00026826509
4.987454e-06
3.9161882e-05
0.00029291188
0.0002886778
2.6947463e-06
1.4368019e-05
-1.4273776e-05
-1.30854e-05
2.9365518e-06
-2.6412155e-06
-1.1863205e-05
-9.6319908e-06
6.8109394e-06
1.396425e-06
-5.8883934e-05
-5.6405998e-05
-8.0980648e-06
-3.277968e-05
-5.7925655e-05
-5.9123882e-05
-1.1635018e-05
-3.1619604e-05
-7.5619047e-06
-4.1504197e-06
1.2016634e-05
8.3479433e-06
-1.2603835e-06
3.0585776e-06
1.7482714e-05
1.7496914e-05
-3.6944743e-05
-2.3191045e-05
1.4524216e-05
-5.2039631e-06
-5.2772477e-05
-4.4911593e-05
5.9748866e-07
-2.4973092e-05
-0.00013602594
-0.00014244115
-5.7147018e-05
-0.00011376238
-0.00014133302
-0.00013036766
-3.6476253e-05
-0.00010615932
-0.00021447291
-0.00025400424
-0.0001709699
-0.0002434569
-0.0001094
-0.00017398184
-0.00015399991
-0.00016762223
-7.2688109e-05
-9.4066533e-05
-5.0188139e-05
-6.655186e-05
-0.00010902297
-0.00012645798
-5.9389871e-05
-9.5361481e-05
1.1277424e-05
-5.8215373e-05
-0.000109305
-7.5607063e-05
0.00011953855
5.980619e-05
-6.0641073e-05
-1.2071488e-06
0.00056315499
0.00050346886
8.651684e-05
0.00024887272
0.00044248746
0.00033600265
2.2229787e-06
0.00018393665
0.00083849983
0.0008193739
0.00034949142
0.0005320798
0.00075250621
0.0008177266
0.00036852658
0.00044386501
0.000242613
0.00010118035
-0.00012538799
3.255665e-05
-7.8513361e-06
-0.00015105648
-0.00025908384
-0.00017709453
0.0005202009
0.00031527454
-3.0480777e-05
0.00026179165
0.00076764543
0.00064510055
0.00021379786
0.00048477753
0.00084148039
0.0009129691
0.00064317169
0.00069592847
0.00090329978
0.00080501146
0.00049816202
0.00073797151
0.00066051729
0.00080132364
0.00079777492
0.00067368401
0.00017537695
0.00048601243
0.00058325081
0.00024211037
6.608398e-05
0.00033847106
0.00039126194
0.00013878556
0.00052369766
0.00073215815
0.00057850848
0.00044563625
-0.00046702368
-8.978571e-05
0.00020502359
-0.00023426754
-0.0010739587
-0.00073853313
-0.00014928404
-0.00055559853
0.0005810363
0.0005859132
2.5621153e-05
3.7388924e-05
0.00059247921
0.00060290594
7.3453291e-05
0.00011262585
0.00023511821
0.00031205395
0.00011987531
7.0211047e-05
0.00016815041
0.0001956142
3.7979872e-05
1.8113912e-05
0.0006099389
0.00061391778
0.00010900237
0.00018486519
0.0006102787
0.00059065217
0.00011872884
0.00023929237
0.00057537784
0.00068376466
0.00030742983
0.00029819591
0.00038283822
0.00049147393
0.00021345787
0.00016277124
-0.00077351405
-0.00057202143
4.6558233e-05
-0.00019450759
-0.00039859092
-0.00013688303
0.00018925073
-9.4306737e-05
-0.0015136654
-0.0012845371
-0.00035505611
-0.00064548351
-0.0017560926
-0.0016382788
-0.00038478522
-0.00054545314
-0.0011130914
-0.0010731096
-1.2489251e-05
-6.5618929e-05
-0.0010142224
-0.00089267598
-1.4478517e-05
-0.00017014727
-0.0018517407
-0.001809513
-0.00027960117
-0.00034560865
-0.0018745618
-0.0018663549
-0.0001005501
-0.00011618283
6.9365612e-06
1.2335881e-05
2.0720358e-05
2.6068039e-05
1.5172591e-05
1.6706272e-05
1.7153634e-05
2.7366683e-05
2.9827022e-05
4.5330537e-05
3.9987003e-05
5.3810463e-05
-9.1638447e-06
1.4088588e-05
3.0781795e-05
2.5236896e-05
1.590818e-05
1.2564001e-05
5.9473118e-06
1.7237519e-05
8.9572751e-06
3.7436504e-06
-6.5802677e-06
1.1646264e-06
4.0904166e-05
2.6437859e-05
1.2894607e-05
3.8393623e-05
5.0494573e-05
4.8369139e-05
3.2849587e-05
5.972519e-05
5.3221183e-05
7.875526e-05
7.8623403e-05
8.5272858e-05
8.3005973e-05
7.2523357e-05
6.2648319e-05
9.3506149e-05
6.862332e-05
9.6182731e-05
0.00010653691
9.2550844e-05
-5.8140282e-05
2.5558364e-05
6.6078791e-05
-9.029265e-06
-0.00011214129
-6.9176919e-05
4.8365828e-06
-5.9856356e-05
-3.0368659e-05
2.1856486e-05
5.3947085e-05
1.9988089e-05
-0.0002124972
-0.0001280266
-3.7343912e-05
-0.00016072171
-0.00027002295
-0.0002543761
-0.00013509531
-0.00025580422
3.8231545e-07
-2.7774673e-06
-1.2241443e-05
-9.7271417e-06
-3.8836213e-06
-4.0495367e-06
-9.6100646e-06
-1.0461479e-05
-4.1228487e-06
-8.2580497e-06
-1.0821095e-05
-7.7889444e-06
1.504881e-05
2.1732916e-06
-5.0560326e-06
8.8914153e-06
-3.4664065e-06
-2.385567e-06
-4.2066791e-06
-5.6733697e-06
-1.6413736e-06
-1.057268e-06
-8.4586998e-07
-1.4447492e-06
-5.5901656e-06
-4.2836553e-06
-2.1790404e-06
-3.1733184e-06
-8.5461146e-06
-7.1175348e-06
-7.3260949e-06
-8.7792425e-06
-4.8841091e-06
-8.179631e-06
-8.3744311e-06
-4.160165e-06
-8.2177931e-06
-7.7851797e-06
-3.6319667e-06
-3.2923473e-06
-4.3109627e-06
-6.9787952e-06
-2.1477838e-06
6.6436805e-07
1.3056025e-05
2.8197608e-07
1.8601606e-06
1.3139499e-05
5.6593574e-05
3.2357466e-05
2.5561644e-05
5.5013595e-05
1.6472522e-05
1.2106531e-06
-1.5973475e-06
1.37653e-05
5.4475387e-05
2.7956554e-05
2.9234543e-05
5.1177653e-05
9.4926924e-05
7.5361671e-05
7.7640551e-05
9.7645254e-05
6.5625497e-05
8.30417e-05
9.7744172e-05
6.8972703e-05
7.5391614e-05
5.348078e-05
6.3973916e-05
6.9259229e-05
4.5976173e-05
5.0339813e-05
6.1899497e-05
3.6623539e-05
-4.6936676e-05
2.3315868e-05
2.7488921e-05
-4.613741e-05
3.5385103e-05
1.5853931e-05
2.2210714e-05
3.2054581e-05
6.5529902e-06
3.0836734e-07
3.3609555e-06
7.0205161e-06
1.6463274e-05
9.3167759e-06
9.1325878e-06
1.0417515e-05
4.1399769e-05
2.6149472e-05
3.5633092e-05
3.3571781e-05
2.4221544e-05
2.2638679e-05
2.7211609e-05
1.4101741e-05
1.7740077e-05
1.3339325e-05
1.0029571e-05
7.8974369e-06
1.1345301e-05
1.1050161e-05
5.5356244e-06
2.0287444e-06
-9.914542e-07
1.0104127e-05
3.1695319e-06
-1.0275785e-05
-0.00016157518
-6.622512e-05
-0.00010194415
-0.00016046919
-1.8173668e-05
1.6777995e-05
1.0214841e-05
-2.7806583e-05
-6.7018181e-05
-1.9909077e-05
-5.1948195e-05
-7.3291913e-05
-0.00018779695
-0.00011620674
-0.00018238102
-0.00017882768
-0.00025750191
-0.00036694168
-0.00033429599
-0.00036565108
-0.00039283084
-0.00035377365
-0.00027117287
-0.00039946111
-0.00030148235
-0.00041753821
-0.00044481181
-0.00038858187
0.00012748376
-0.00014473118
-0.00030585957
-9.0757459e-05
-0.0002811374
-0.00015658383
-9.8881772e-05
-0.00024591177
-6.6717114e-05
2.6399954e-05
5.2975227e-05
-4.0920506e-05
-0.00025784765
-0.0001268956
-0.00012863987
-0.0002422186
-0.00042429313
-0.00035040155
-0.00034770043
-0.00042610432
-0.00029207091
-0.00035911849
-0.0004182595
-0.00030620944
-0.00033381303
-0.00024347963
-0.00030139163
-0.00032224795
-0.00022292381
-0.00022786562
-0.00028985994
-0.00019327773
3.5291923e-05
-0.00015689857
-0.00016411269
6.2133928e-05
0.00065961394
0.00035998181
0.00014382216
0.00048472516
0.00011853982
-0.00015946334
-0.00025454741
2.3548058e-05
0.00053287789
0.00023701328
0.00025552336
0.00052402148
0.000829604
0.0007151537
0.00068960246
0.00081770702
