MFEM mesh v1.0

dimension
2

elements
5120
1 3 1 1362 1366 1365
1 3 1362 362 1363 1366
1 3 1366 1363 366 1364
1 3 1365 1366 1364 365
1 3 362 1367 1370 1363
1 3 1367 102 1368 1370
1 3 1370 1368 363 1369
1 3 1363 1370 1369 366
1 3 366 1369 1374 1373
1 3 1369 363 1371 1374
1 3 1374 1371 106 1372
1 3 1373 1374 1372 364
1 3 365 1364 1377 1376
1 3 1364 366 1373 1377
1 3 1377 1373 364 1375
1 3 1376 1377 1375 105
1 3 102 1378 1381 1368
1 3 1378 367 1379 1381
1 3 1381 1379 370 1380
1 3 1368 1381 1380 363
1 3 367 1382 1385 1379
1 3 1382 32 1383 1385
1 3 1385 1383 368 1384
1 3 1379 1385 1384 370
1 3 370 1384 1389 1388
1 3 1384 368 1386 1389
1 3 1389 1386 103 1387
1 3 1388 1389 1387 369
1 3 363 1380 1391 1371
1 3 1380 370 1388 1391
1 3 1391 1388 369 1390
1 3 1371 1391 1390 106
1 3 106 1390 1395 1394
1 3 1390 369 1392 1395
1 3 1395 1392 374 1393
1 3 1394 1395 1393 373
1 3 369 1387 1398 1392
1 3 1387 103 1396 1398
1 3 1398 1396 371 1397
1 3 1392 1398 1397 374
1 3 374 1397 1402 1401
1 3 1397 371 1399 1402
1 3 1402 1399 36 1400
1 3 1401 1402 1400 372
1 3 373 1393 1405 1404
1 3 1393 374 1401 1405
1 3 1405 1401 372 1403
1 3 1404 1405 1403 104
1 3 105 1375 1409 1408
1 3 1375 364 1406 1409
1 3 1409 1406 377 1407
1 3 1408 1409 1407 376
1 3 364 1372 1411 1406
1 3 1372 106 1394 1411
1 3 1411 1394 373 1410
1 3 1406 1411 1410 377
1 3 377 1410 1414 1413
1 3 1410 373 1404 1414
1 3 1414 1404 104 1412
1 3 1413 1414 1412 375
1 3 376 1407 1417 1416
1 3 1407 377 1413 1417
1 3 1417 1413 375 1415
1 3 1416 1417 1415 35
1 3 32 1418 1421 1383
1 3 1418 378 1419 1421
1 3 1421 1419 381 1420
1 3 1383 1421 1420 368
1 3 378 1422 1425 1419
1 3 1422 107 1423 1425
1 3 1425 1423 379 1424
1 3 1419 1425 1424 381
1 3 381 1424 1429 1428
1 3 1424 379 1426 1429
1 3 1429 1426 110 1427
1 3 1428 1429 1427 380
1 3 368 1420 1431 1386
1 3 1420 381 1428 1431
1 3 1431 1428 380 1430
1 3 1386 1431 1430 103
1 3 107 1432 1435 1423
1 3 1432 382 1433 1435
1 3 1435 1433 385 1434
1 3 1423 1435 1434 379
1 3 382 1436 1439 1433
1 3 1436 12 1437 1439
1 3 1439 1437 383 1438
1 3 1433 1439 1438 385
1 3 385 1438 1443 1442
1 3 1438 383 1440 1443
1 3 1443 1440 108 1441
1 3 1442 1443 1441 384
1 3 379 1434 1445 1426
1 3 1434 385 1442 1445
1 3 1445 1442 384 1444
1 3 1426 1445 1444 110
1 3 110 1444 1449 1448
1 3 1444 384 1446 1449
1 3 1449 1446 389 1447
1 3 1448 1449 1447 388
1 3 384 1441 1452 1446
1 3 1441 108 1450 1452
1 3 1452 1450 386 1451
1 3 1446 1452 1451 389
1 3 389 1451 1456 1455
1 3 1451 386 1453 1456
1 3 1456 1453 33 1454
1 3 1455 1456 1454 387
1 3 388 1447 1459 1458
1 3 1447 389 1455 1459
1 3 1459 1455 387 1457
1 3 1458 1459 1457 109
1 3 103 1430 1462 1396
1 3 1430 380 1460 1462
1 3 1462 1460 391 1461
1 3 1396 1462 1461 371
1 3 380 1427 1464 1460
1 3 1427 110 1448 1464
1 3 1464 1448 388 1463
1 3 1460 1464 1463 391
1 3 391 1463 1467 1466
1 3 1463 388 1458 1467
1 3 1467 1458 109 1465
1 3 1466 1467 1465 390
1 3 371 1461 1469 1399
1 3 1461 391 1466 1469
1 3 1469 1466 390 1468
1 3 1399 1469 1468 36
1 3 36 1468 1473 1472
1 3 1468 390 1470 1473
1 3 1473 1470 395 1471
1 3 1472 1473 1471 394
1 3 390 1465 1476 1470
1 3 1465 109 1474 1476
1 3 1476 1474 392 1475
1 3 1470 1476 1475 395
1 3 395 1475 1480 1479
1 3 1475 392 1477 1480
1 3 1480 1477 114 1478
1 3 1479 1480 1478 393
1 3 394 1471 1483 1482
1 3 1471 395 1479 1483
1 3 1483 1479 393 1481
1 3 1482 1483 1481 113
1 3 109 1457 1486 1474
1 3 1457 387 1484 1486
1 3 1486 1484 398 1485
1 3 1474 1486 1485 392
1 3 387 1454 1489 1484
1 3 1454 33 1487 1489
1 3 1489 1487 396 1488
1 3 1484 1489 1488 398
1 3 398 1488 1493 1492
1 3 1488 396 1490 1493
1 3 1493 1490 111 1491
1 3 1492 1493 1491 397
1 3 392 1485 1495 1477
1 3 1485 398 1492 1495
1 3 1495 1492 397 1494
1 3 1477 1495 1494 114
1 3 114 1494 1499 1498
1 3 1494 397 1496 1499
1 3 1499 1496 402 1497
1 3 1498 1499 1497 401
1 3 397 1491 1502 1496
1 3 1491 111 1500 1502
1 3 1502 1500 399 1501
1 3 1496 1502 1501 402
1 3 402 1501 1506 1505
1 3 1501 399 1503 1506
1 3 1506 1503 27 1504
1 3 1505 1506 1504 400
1 3 401 1497 1509 1508
1 3 1497 402 1505 1509
1 3 1509 1505 400 1507
1 3 1508 1509 1507 112
1 3 113 1481 1513 1512
1 3 1481 393 1510 1513
1 3 1513 1510 405 1511
1 3 1512 1513 1511 404
1 3 393 1478 1515 1510
1 3 1478 114 1498 1515
1 3 1515 1498 401 1514
1 3 1510 1515 1514 405
1 3 405 1514 1518 1517
1 3 1514 401 1508 1518
1 3 1518 1508 112 1516
1 3 1517 1518 1516 403
1 3 404 1511 1521 1520
1 3 1511 405 1517 1521
1 3 1521 1517 403 1519
1 3 1520 1521 1519 34
1 3 35 1415 1525 1524
1 3 1415 375 1522 1525
1 3 1525 1522 409 1523
1 3 1524 1525 1523 408
1 3 375 1412 1528 1522
1 3 1412 104 1526 1528
1 3 1528 1526 406 1527
1 3 1522 1528 1527 409
1 3 409 1527 1532 1531
1 3 1527 406 1529 1532
1 3 1532 1529 117 1530
1 3 1531 1532 1530 407
1 3 408 1523 1535 1534
1 3 1523 409 1531 1535
1 3 1535 1531 407 1533
1 3 1534 1535 1533 116
1 3 104 1403 1538 1526
1 3 1403 372 1536 1538
1 3 1538 1536 411 1537
1 3 1526 1538 1537 406
1 3 372 1400 1540 1536
1 3 1400 36 1472 1540
1 3 1540 1472 394 1539
1 3 1536 1540 1539 411
1 3 411 1539 1543 1542
1 3 1539 394 1482 1543
1 3 1543 1482 113 1541
1 3 1542 1543 1541 410
1 3 406 1537 1545 1529
1 3 1537 411 1542 1545
1 3 1545 1542 410 1544
1 3 1529 1545 1544 117
1 3 117 1544 1549 1548
1 3 1544 410 1546 1549
1 3 1549 1546 414 1547
1 3 1548 1549 1547 413
1 3 410 1541 1551 1546
1 3 1541 113 1512 1551
1 3 1551 1512 404 1550
1 3 1546 1551 1550 414
1 3 414 1550 1554 1553
1 3 1550 404 1520 1554
1 3 1554 1520 34 1552
1 3 1553 1554 1552 412
1 3 413 1547 1557 1556
1 3 1547 414 1553 1557
1 3 1557 1553 412 1555
1 3 1556 1557 1555 115
1 3 116 1533 1561 1560
1 3 1533 407 1558 1561
1 3 1561 1558 417 1559
1 3 1560 1561 1559 416
1 3 407 1530 1563 1558
1 3 1530 117 1548 1563
1 3 1563 1548 413 1562
1 3 1558 1563 1562 417
1 3 417 1562 1566 1565
1 3 1562 413 1556 1566
1 3 1566 1556 115 1564
1 3 1565 1566 1564 415
1 3 416 1559 1569 1568
1 3 1559 417 1565 1569
1 3 1569 1565 415 1567
1 3 1568 1569 1567 15
1 3 1 1365 1573 1572
1 3 1365 365 1570 1573
1 3 1573 1570 421 1571
1 3 1572 1573 1571 420
1 3 365 1376 1576 1570
1 3 1376 105 1574 1576
1 3 1576 1574 418 1575
1 3 1570 1576 1575 421
1 3 421 1575 1580 1579
1 3 1575 418 1577 1580
1 3 1580 1577 121 1578
1 3 1579 1580 1578 419
1 3 420 1571 1583 1582
1 3 1571 421 1579 1583
1 3 1583 1579 419 1581
1 3 1582 1583 1581 120
1 3 105 1408 1586 1574
1 3 1408 376 1584 1586
1 3 1586 1584 424 1585
1 3 1574 1586 1585 418
1 3 376 1416 1589 1584
1 3 1416 35 1587 1589
1 3 1589 1587 422 1588
1 3 1584 1589 1588 424
1 3 424 1588 1593 1592
1 3 1588 422 1590 1593
1 3 1593 1590 118 1591
1 3 1592 1593 1591 423
1 3 418 1585 1595 1577
1 3 1585 424 1592 1595
1 3 1595 1592 423 1594
1 3 1577 1595 1594 121
1 3 121 1594 1599 1598
1 3 1594 423 1596 1599
1 3 1599 1596 428 1597
1 3 1598 1599 1597 427
1 3 423 1591 1602 1596
1 3 1591 118 1600 1602
1 3 1602 1600 425 1601
1 3 1596 1602 1601 428
1 3 428 1601 1606 1605
1 3 1601 425 1603 1606
1 3 1606 1603 40 1604
1 3 1605 1606 1604 426
1 3 427 1597 1609 1608
1 3 1597 428 1605 1609
1 3 1609 1605 426 1607
1 3 1608 1609 1607 119
1 3 120 1581 1613 1612
1 3 1581 419 1610 1613
1 3 1613 1610 431 1611
1 3 1612 1613 1611 430
1 3 419 1578 1615 1610
1 3 1578 121 1598 1615
1 3 1615 1598 427 1614
1 3 1610 1615 1614 431
1 3 431 1614 1618 1617
1 3 1614 427 1608 1618
1 3 1618 1608 119 1616
1 3 1617 1618 1616 429
1 3 430 1611 1621 1620
1 3 1611 431 1617 1621
1 3 1621 1617 429 1619
1 3 1620 1621 1619 39
1 3 35 1524 1624 1587
1 3 1524 408 1622 1624
1 3 1624 1622 434 1623
1 3 1587 1624 1623 422
1 3 408 1534 1627 1622
1 3 1534 116 1625 1627
1 3 1627 1625 432 1626
1 3 1622 1627 1626 434
1 3 434 1626 1631 1630
1 3 1626 432 1628 1631
1 3 1631 1628 124 1629
1 3 1630 1631 1629 433
1 3 422 1623 1633 1590
1 3 1623 434 1630 1633
1 3 1633 1630 433 1632
1 3 1590 1633 1632 118
1 3 116 1560 1636 1625
1 3 1560 416 1634 1636
1 3 1636 1634 437 1635
1 3 1625 1636 1635 432
1 3 416 1568 1639 1634
1 3 1568 15 1637 1639
1 3 1639 1637 435 1638
1 3 1634 1639 1638 437
1 3 437 1638 1643 1642
1 3 1638 435 1640 1643
1 3 1643 1640 122 1641
1 3 1642 1643 1641 436
1 3 432 1635 1645 1628
1 3 1635 437 1642 1645
1 3 1645 1642 436 1644
1 3 1628 1645 1644 124
1 3 124 1644 1649 1648
1 3 1644 436 1646 1649
1 3 1649 1646 441 1647
1 3 1648 1649 1647 440
1 3 436 1641 1652 1646
1 3 1641 122 1650 1652
1 3 1652 1650 438 1651
1 3 1646 1652 1651 441
1 3 441 1651 1656 1655
1 3 1651 438 1653 1656
1 3 1656 1653 37 1654
1 3 1655 1656 1654 439
1 3 440 1647 1659 1658
1 3 1647 441 1655 1659
1 3 1659 1655 439 1657
1 3 1658 1659 1657 123
1 3 118 1632 1662 1600
1 3 1632 433 1660 1662
1 3 1662 1660 443 1661
1 3 1600 1662 1661 425
1 3 433 1629 1664 1660
1 3 1629 124 1648 1664
1 3 1664 1648 440 1663
1 3 1660 1664 1663 443
1 3 443 1663 1667 1666
1 3 1663 440 1658 1667
1 3 1667 1658 123 1665
1 3 1666 1667 1665 442
1 3 425 1661 1669 1603
1 3 1661 443 1666 1669
1 3 1669 1666 442 1668
1 3 1603 1669 1668 40
1 3 40 1668 1673 1672
1 3 1668 442 1670 1673
1 3 1673 1670 447 1671
1 3 1672 1673 1671 446
1 3 442 1665 1676 1670
1 3 1665 123 1674 1676
1 3 1676 1674 444 1675
1 3 1670 1676 1675 447
1 3 447 1675 1680 1679
1 3 1675 444 1677 1680
1 3 1680 1677 128 1678
1 3 1679 1680 1678 445
1 3 446 1671 1683 1682
1 3 1671 447 1679 1683
1 3 1683 1679 445 1681
1 3 1682 1683 1681 127
1 3 123 1657 1686 1674
1 3 1657 439 1684 1686
1 3 1686 1684 450 1685
1 3 1674 1686 1685 444
1 3 439 1654 1689 1684
1 3 1654 37 1687 1689
1 3 1689 1687 448 1688
1 3 1684 1689 1688 450
1 3 450 1688 1693 1692
1 3 1688 448 1690 1693
1 3 1693 1690 125 1691
1 3 1692 1693 1691 449
1 3 444 1685 1695 1677
1 3 1685 450 1692 1695
1 3 1695 1692 449 1694
1 3 1677 1695 1694 128
1 3 128 1694 1699 1698
1 3 1694 449 1696 1699
1 3 1699 1696 454 1697
1 3 1698 1699 1697 453
1 3 449 1691 1702 1696
1 3 1691 125 1700 1702
1 3 1702 1700 451 1701
1 3 1696 1702 1701 454
1 3 454 1701 1706 1705
1 3 1701 451 1703 1706
1 3 1706 1703 28 1704
1 3 1705 1706 1704 452
1 3 453 1697 1709 1708
1 3 1697 454 1705 1709
1 3 1709 1705 452 1707
1 3 1708 1709 1707 126
1 3 127 1681 1713 1712
1 3 1681 445 1710 1713
1 3 1713 1710 457 1711
1 3 1712 1713 1711 456
1 3 445 1678 1715 1710
1 3 1678 128 1698 1715
1 3 1715 1698 453 1714
1 3 1710 1715 1714 457
1 3 457 1714 1718 1717
1 3 1714 453 1708 1718
1 3 1718 1708 126 1716
1 3 1717 1718 1716 455
1 3 456 1711 1721 1720
1 3 1711 457 1717 1721
1 3 1721 1717 455 1719
1 3 1720 1721 1719 38
1 3 39 1619 1725 1724
1 3 1619 429 1722 1725
1 3 1725 1722 461 1723
1 3 1724 1725 1723 460
1 3 429 1616 1728 1722
1 3 1616 119 1726 1728
1 3 1728 1726 458 1727
1 3 1722 1728 1727 461
1 3 461 1727 1732 1731
1 3 1727 458 1729 1732
1 3 1732 1729 131 1730
1 3 1731 1732 1730 459
1 3 460 1723 1735 1734
1 3 1723 461 1731 1735
1 3 1735 1731 459 1733
1 3 1734 1735 1733 130
1 3 119 1607 1738 1726
1 3 1607 426 1736 1738
1 3 1738 1736 463 1737
1 3 1726 1738 1737 458
1 3 426 1604 1740 1736
1 3 1604 40 1672 1740
1 3 1740 1672 446 1739
1 3 1736 1740 1739 463
1 3 463 1739 1743 1742
1 3 1739 446 1682 1743
1 3 1743 1682 127 1741
1 3 1742 1743 1741 462
1 3 458 1737 1745 1729
1 3 1737 463 1742 1745
1 3 1745 1742 462 1744
1 3 1729 1745 1744 131
1 3 131 1744 1749 1748
1 3 1744 462 1746 1749
1 3 1749 1746 466 1747
1 3 1748 1749 1747 465
1 3 462 1741 1751 1746
1 3 1741 127 1712 1751
1 3 1751 1712 456 1750
1 3 1746 1751 1750 466
1 3 466 1750 1754 1753
1 3 1750 456 1720 1754
1 3 1754 1720 38 1752
1 3 1753 1754 1752 464
1 3 465 1747 1757 1756
1 3 1747 466 1753 1757
1 3 1757 1753 464 1755
1 3 1756 1757 1755 129
1 3 130 1733 1761 1760
1 3 1733 459 1758 1761
1 3 1761 1758 469 1759
1 3 1760 1761 1759 468
1 3 459 1730 1763 1758
1 3 1730 131 1748 1763
1 3 1763 1748 465 1762
1 3 1758 1763 1762 469
1 3 469 1762 1766 1765
1 3 1762 465 1756 1766
1 3 1766 1756 129 1764
1 3 1765 1766 1764 467
1 3 468 1759 1769 1768
1 3 1759 469 1765 1769
1 3 1769 1765 467 1767
1 3 1768 1769 1767 18
1 3 1 1572 1773 1772
1 3 1572 420 1770 1773
1 3 1773 1770 473 1771
1 3 1772 1773 1771 472
1 3 420 1582 1776 1770
1 3 1582 120 1774 1776
1 3 1776 1774 470 1775
1 3 1770 1776 1775 473
1 3 473 1775 1780 1779
1 3 1775 470 1777 1780
1 3 1780 1777 135 1778
1 3 1779 1780 1778 471
1 3 472 1771 1783 1782
1 3 1771 473 1779 1783
1 3 1783 1779 471 1781
1 3 1782 1783 1781 134
1 3 120 1612 1786 1774
1 3 1612 430 1784 1786
1 3 1786 1784 476 1785
1 3 1774 1786 1785 470
1 3 430 1620 1789 1784
1 3 1620 39 1787 1789
1 3 1789 1787 474 1788
1 3 1784 1789 1788 476
1 3 476 1788 1793 1792
1 3 1788 474 1790 1793
1 3 1793 1790 132 1791
1 3 1792 1793 1791 475
1 3 470 1785 1795 1777
1 3 1785 476 1792 1795
1 3 1795 1792 475 1794
1 3 1777 1795 1794 135
1 3 135 1794 1799 1798
1 3 1794 475 1796 1799
1 3 1799 1796 480 1797
1 3 1798 1799 1797 479
1 3 475 1791 1802 1796
1 3 1791 132 1800 1802
1 3 1802 1800 477 1801
1 3 1796 1802 1801 480
1 3 480 1801 1806 1805
1 3 1801 477 1803 1806
1 3 1806 1803 44 1804
1 3 1805 1806 1804 478
1 3 479 1797 1809 1808
1 3 1797 480 1805 1809
1 3 1809 1805 478 1807
1 3 1808 1809 1807 133
1 3 134 1781 1813 1812
1 3 1781 471 1810 1813
1 3 1813 1810 483 1811
1 3 1812 1813 1811 482
1 3 471 1778 1815 1810
1 3 1778 135 1798 1815
1 3 1815 1798 479 1814
1 3 1810 1815 1814 483
1 3 483 1814 1818 1817
1 3 1814 479 1808 1818
1 3 1818 1808 133 1816
1 3 1817 1818 1816 481
1 3 482 1811 1821 1820
1 3 1811 483 1817 1821
1 3 1821 1817 481 1819
1 3 1820 1821 1819 43
1 3 39 1724 1824 1787
1 3 1724 460 1822 1824
1 3 1824 1822 486 1823
1 3 1787 1824 1823 474
1 3 460 1734 1827 1822
1 3 1734 130 1825 1827
1 3 1827 1825 484 1826
1 3 1822 1827 1826 486
1 3 486 1826 1831 1830
1 3 1826 484 1828 1831
1 3 1831 1828 138 1829
1 3 1830 1831 1829 485
1 3 474 1823 1833 1790
1 3 1823 486 1830 1833
1 3 1833 1830 485 1832
1 3 1790 1833 1832 132
1 3 130 1760 1836 1825
1 3 1760 468 1834 1836
1 3 1836 1834 489 1835
1 3 1825 1836 1835 484
1 3 468 1768 1839 1834
1 3 1768 18 1837 1839
1 3 1839 1837 487 1838
1 3 1834 1839 1838 489
1 3 489 1838 1843 1842
1 3 1838 487 1840 1843
1 3 1843 1840 136 1841
1 3 1842 1843 1841 488
1 3 484 1835 1845 1828
1 3 1835 489 1842 1845
1 3 1845 1842 488 1844
1 3 1828 1845 1844 138
1 3 138 1844 1849 1848
1 3 1844 488 1846 1849
1 3 1849 1846 493 1847
1 3 1848 1849 1847 492
1 3 488 1841 1852 1846
1 3 1841 136 1850 1852
1 3 1852 1850 490 1851
1 3 1846 1852 1851 493
1 3 493 1851 1856 1855
1 3 1851 490 1853 1856
1 3 1856 1853 41 1854
1 3 1855 1856 1854 491
1 3 492 1847 1859 1858
1 3 1847 493 1855 1859
1 3 1859 1855 491 1857
1 3 1858 1859 1857 137
1 3 132 1832 1862 1800
1 3 1832 485 1860 1862
1 3 1862 1860 495 1861
1 3 1800 1862 1861 477
1 3 485 1829 1864 1860
1 3 1829 138 1848 1864
1 3 1864 1848 492 1863
1 3 1860 1864 1863 495
1 3 495 1863 1867 1866
1 3 1863 492 1858 1867
1 3 1867 1858 137 1865
1 3 1866 1867 1865 494
1 3 477 1861 1869 1803
1 3 1861 495 1866 1869
1 3 1869 1866 494 1868
1 3 1803 1869 1868 44
1 3 44 1868 1873 1872
1 3 1868 494 1870 1873
1 3 1873 1870 499 1871
1 3 1872 1873 1871 498
1 3 494 1865 1876 1870
1 3 1865 137 1874 1876
1 3 1876 1874 496 1875
1 3 1870 1876 1875 499
1 3 499 1875 1880 1879
1 3 1875 496 1877 1880
1 3 1880 1877 142 1878
1 3 1879 1880 1878 497
1 3 498 1871 1883 1882
1 3 1871 499 1879 1883
1 3 1883 1879 497 1881
1 3 1882 1883 1881 141
1 3 137 1857 1886 1874
1 3 1857 491 1884 1886
1 3 1886 1884 502 1885
1 3 1874 1886 1885 496
1 3 491 1854 1889 1884
1 3 1854 41 1887 1889
1 3 1889 1887 500 1888
1 3 1884 1889 1888 502
1 3 502 1888 1893 1892
1 3 1888 500 1890 1893
1 3 1893 1890 139 1891
1 3 1892 1893 1891 501
1 3 496 1885 1895 1877
1 3 1885 502 1892 1895
1 3 1895 1892 501 1894
1 3 1877 1895 1894 142
1 3 142 1894 1899 1898
1 3 1894 501 1896 1899
1 3 1899 1896 506 1897
1 3 1898 1899 1897 505
1 3 501 1891 1902 1896
1 3 1891 139 1900 1902
1 3 1902 1900 503 1901
1 3 1896 1902 1901 506
1 3 506 1901 1906 1905
1 3 1901 503 1903 1906
1 3 1906 1903 29 1904
1 3 1905 1906 1904 504
1 3 505 1897 1909 1908
1 3 1897 506 1905 1909
1 3 1909 1905 504 1907
1 3 1908 1909 1907 140
1 3 141 1881 1913 1912
1 3 1881 497 1910 1913
1 3 1913 1910 509 1911
1 3 1912 1913 1911 508
1 3 497 1878 1915 1910
1 3 1878 142 1898 1915
1 3 1915 1898 505 1914
1 3 1910 1915 1914 509
1 3 509 1914 1918 1917
1 3 1914 505 1908 1918
1 3 1918 1908 140 1916
1 3 1917 1918 1916 507
1 3 508 1911 1921 1920
1 3 1911 509 1917 1921
1 3 1921 1917 507 1919
1 3 1920 1921 1919 42
1 3 43 1819 1925 1924
1 3 1819 481 1922 1925
1 3 1925 1922 513 1923
1 3 1924 1925 1923 512
1 3 481 1816 1928 1922
1 3 1816 133 1926 1928
1 3 1928 1926 510 1927
1 3 1922 1928 1927 513
1 3 513 1927 1932 1931
1 3 1927 510 1929 1932
1 3 1932 1929 145 1930
1 3 1931 1932 1930 511
1 3 512 1923 1935 1934
1 3 1923 513 1931 1935
1 3 1935 1931 511 1933
1 3 1934 1935 1933 144
1 3 133 1807 1938 1926
1 3 1807 478 1936 1938
1 3 1938 1936 515 1937
1 3 1926 1938 1937 510
1 3 478 1804 1940 1936
1 3 1804 44 1872 1940
1 3 1940 1872 498 1939
1 3 1936 1940 1939 515
1 3 515 1939 1943 1942
1 3 1939 498 1882 1943
1 3 1943 1882 141 1941
1 3 1942 1943 1941 514
1 3 510 1937 1945 1929
1 3 1937 515 1942 1945
1 3 1945 1942 514 1944
1 3 1929 1945 1944 145
1 3 145 1944 1949 1948
1 3 1944 514 1946 1949
1 3 1949 1946 518 1947
1 3 1948 1949 1947 517
1 3 514 1941 1951 1946
1 3 1941 141 1912 1951
1 3 1951 1912 508 1950
1 3 1946 1951 1950 518
1 3 518 1950 1954 1953
1 3 1950 508 1920 1954
1 3 1954 1920 42 1952
1 3 1953 1954 1952 516
1 3 517 1947 1957 1956
1 3 1947 518 1953 1957
1 3 1957 1953 516 1955
1 3 1956 1957 1955 143
1 3 144 1933 1961 1960
1 3 1933 511 1958 1961
1 3 1961 1958 521 1959
1 3 1960 1961 1959 520
1 3 511 1930 1963 1958
1 3 1930 145 1948 1963
1 3 1963 1948 517 1962
1 3 1958 1963 1962 521
1 3 521 1962 1966 1965
1 3 1962 517 1956 1966
1 3 1966 1956 143 1964
1 3 1965 1966 1964 519
1 3 520 1959 1969 1968
1 3 1959 521 1965 1969
1 3 1969 1965 519 1967
1 3 1968 1969 1967 21
1 3 1 1772 1973 1972
1 3 1772 472 1970 1973
1 3 1973 1970 525 1971
1 3 1972 1973 1971 524
1 3 472 1782 1976 1970
1 3 1782 134 1974 1976
1 3 1976 1974 522 1975
1 3 1970 1976 1975 525
1 3 525 1975 1980 1979
1 3 1975 522 1977 1980
1 3 1980 1977 149 1978
1 3 1979 1980 1978 523
1 3 524 1971 1983 1982
1 3 1971 525 1979 1983
1 3 1983 1979 523 1981
1 3 1982 1983 1981 148
1 3 134 1812 1986 1974
1 3 1812 482 1984 1986
1 3 1986 1984 528 1985
1 3 1974 1986 1985 522
1 3 482 1820 1989 1984
1 3 1820 43 1987 1989
1 3 1989 1987 526 1988
1 3 1984 1989 1988 528
1 3 528 1988 1993 1992
1 3 1988 526 1990 1993
1 3 1993 1990 146 1991
1 3 1992 1993 1991 527
1 3 522 1985 1995 1977
1 3 1985 528 1992 1995
1 3 1995 1992 527 1994
1 3 1977 1995 1994 149
1 3 149 1994 1999 1998
1 3 1994 527 1996 1999
1 3 1999 1996 532 1997
1 3 1998 1999 1997 531
1 3 527 1991 2002 1996
1 3 1991 146 2000 2002
1 3 2002 2000 529 2001
1 3 1996 2002 2001 532
1 3 532 2001 2006 2005
1 3 2001 529 2003 2006
1 3 2006 2003 48 2004
1 3 2005 2006 2004 530
1 3 531 1997 2009 2008
1 3 1997 532 2005 2009
1 3 2009 2005 530 2007
1 3 2008 2009 2007 147
1 3 148 1981 2013 2012
1 3 1981 523 2010 2013
1 3 2013 2010 535 2011
1 3 2012 2013 2011 534
1 3 523 1978 2015 2010
1 3 1978 149 1998 2015
1 3 2015 1998 531 2014
1 3 2010 2015 2014 535
1 3 535 2014 2018 2017
1 3 2014 531 2008 2018
1 3 2018 2008 147 2016
1 3 2017 2018 2016 533
1 3 534 2011 2021 2020
1 3 2011 535 2017 2021
1 3 2021 2017 533 2019
1 3 2020 2021 2019 47
1 3 43 1924 2024 1987
1 3 1924 512 2022 2024
1 3 2024 2022 538 2023
1 3 1987 2024 2023 526
1 3 512 1934 2027 2022
1 3 1934 144 2025 2027
1 3 2027 2025 536 2026
1 3 2022 2027 2026 538
1 3 538 2026 2031 2030
1 3 2026 536 2028 2031
1 3 2031 2028 152 2029
1 3 2030 2031 2029 537
1 3 526 2023 2033 1990
1 3 2023 538 2030 2033
1 3 2033 2030 537 2032
1 3 1990 2033 2032 146
1 3 144 1960 2036 2025
1 3 1960 520 2034 2036
1 3 2036 2034 541 2035
1 3 2025 2036 2035 536
1 3 520 1968 2039 2034
1 3 1968 21 2037 2039
1 3 2039 2037 539 2038
1 3 2034 2039 2038 541
1 3 541 2038 2043 2042
1 3 2038 539 2040 2043
1 3 2043 2040 150 2041
1 3 2042 2043 2041 540
1 3 536 2035 2045 2028
1 3 2035 541 2042 2045
1 3 2045 2042 540 2044
1 3 2028 2045 2044 152
1 3 152 2044 2049 2048
1 3 2044 540 2046 2049
1 3 2049 2046 545 2047
1 3 2048 2049 2047 544
1 3 540 2041 2052 2046
1 3 2041 150 2050 2052
1 3 2052 2050 542 2051
1 3 2046 2052 2051 545
1 3 545 2051 2056 2055
1 3 2051 542 2053 2056
1 3 2056 2053 45 2054
1 3 2055 2056 2054 543
1 3 544 2047 2059 2058
1 3 2047 545 2055 2059
1 3 2059 2055 543 2057
1 3 2058 2059 2057 151
1 3 146 2032 2062 2000
1 3 2032 537 2060 2062
1 3 2062 2060 547 2061
1 3 2000 2062 2061 529
1 3 537 2029 2064 2060
1 3 2029 152 2048 2064
1 3 2064 2048 544 2063
1 3 2060 2064 2063 547
1 3 547 2063 2067 2066
1 3 2063 544 2058 2067
1 3 2067 2058 151 2065
1 3 2066 2067 2065 546
1 3 529 2061 2069 2003
1 3 2061 547 2066 2069
1 3 2069 2066 546 2068
1 3 2003 2069 2068 48
1 3 48 2068 2073 2072
1 3 2068 546 2070 2073
1 3 2073 2070 551 2071
1 3 2072 2073 2071 550
1 3 546 2065 2076 2070
1 3 2065 151 2074 2076
1 3 2076 2074 548 2075
1 3 2070 2076 2075 551
1 3 551 2075 2080 2079
1 3 2075 548 2077 2080
1 3 2080 2077 156 2078
1 3 2079 2080 2078 549
1 3 550 2071 2083 2082
1 3 2071 551 2079 2083
1 3 2083 2079 549 2081
1 3 2082 2083 2081 155
1 3 151 2057 2086 2074
1 3 2057 543 2084 2086
1 3 2086 2084 554 2085
1 3 2074 2086 2085 548
1 3 543 2054 2089 2084
1 3 2054 45 2087 2089
1 3 2089 2087 552 2088
1 3 2084 2089 2088 554
1 3 554 2088 2093 2092
1 3 2088 552 2090 2093
1 3 2093 2090 153 2091
1 3 2092 2093 2091 553
1 3 548 2085 2095 2077
1 3 2085 554 2092 2095
1 3 2095 2092 553 2094
1 3 2077 2095 2094 156
1 3 156 2094 2099 2098
1 3 2094 553 2096 2099
1 3 2099 2096 558 2097
1 3 2098 2099 2097 557
1 3 553 2091 2102 2096
1 3 2091 153 2100 2102
1 3 2102 2100 555 2101
1 3 2096 2102 2101 558
1 3 558 2101 2106 2105
1 3 2101 555 2103 2106
1 3 2106 2103 30 2104
1 3 2105 2106 2104 556
1 3 557 2097 2109 2108
1 3 2097 558 2105 2109
1 3 2109 2105 556 2107
1 3 2108 2109 2107 154
1 3 155 2081 2113 2112
1 3 2081 549 2110 2113
1 3 2113 2110 561 2111
1 3 2112 2113 2111 560
1 3 549 2078 2115 2110
1 3 2078 156 2098 2115
1 3 2115 2098 557 2114
1 3 2110 2115 2114 561
1 3 561 2114 2118 2117
1 3 2114 557 2108 2118
1 3 2118 2108 154 2116
1 3 2117 2118 2116 559
1 3 560 2111 2121 2120
1 3 2111 561 2117 2121
1 3 2121 2117 559 2119
1 3 2120 2121 2119 46
1 3 47 2019 2125 2124
1 3 2019 533 2122 2125
1 3 2125 2122 565 2123
1 3 2124 2125 2123 564
1 3 533 2016 2128 2122
1 3 2016 147 2126 2128
1 3 2128 2126 562 2127
1 3 2122 2128 2127 565
1 3 565 2127 2132 2131
1 3 2127 562 2129 2132
1 3 2132 2129 159 2130
1 3 2131 2132 2130 563
1 3 564 2123 2135 2134
1 3 2123 565 2131 2135
1 3 2135 2131 563 2133
1 3 2134 2135 2133 158
1 3 147 2007 2138 2126
1 3 2007 530 2136 2138
1 3 2138 2136 567 2137
1 3 2126 2138 2137 562
1 3 530 2004 2140 2136
1 3 2004 48 2072 2140
1 3 2140 2072 550 2139
1 3 2136 2140 2139 567
1 3 567 2139 2143 2142
1 3 2139 550 2082 2143
1 3 2143 2082 155 2141
1 3 2142 2143 2141 566
1 3 562 2137 2145 2129
1 3 2137 567 2142 2145
1 3 2145 2142 566 2144
1 3 2129 2145 2144 159
1 3 159 2144 2149 2148
1 3 2144 566 2146 2149
1 3 2149 2146 570 2147
1 3 2148 2149 2147 569
1 3 566 2141 2151 2146
1 3 2141 155 2112 2151
1 3 2151 2112 560 2150
1 3 2146 2151 2150 570
1 3 570 2150 2154 2153
1 3 2150 560 2120 2154
1 3 2154 2120 46 2152
1 3 2153 2154 2152 568
1 3 569 2147 2157 2156
1 3 2147 570 2153 2157
1 3 2157 2153 568 2155
1 3 2156 2157 2155 157
1 3 158 2133 2161 2160
1 3 2133 563 2158 2161
1 3 2161 2158 573 2159
1 3 2160 2161 2159 572
1 3 563 2130 2163 2158
1 3 2130 159 2148 2163
1 3 2163 2148 569 2162
1 3 2158 2163 2162 573
1 3 573 2162 2166 2165
1 3 2162 569 2156 2166
1 3 2166 2156 157 2164
1 3 2165 2166 2164 571
1 3 572 2159 2169 2168
1 3 2159 573 2165 2169
1 3 2169 2165 571 2167
1 3 2168 2169 2167 24
1 3 1 1972 2172 1362
1 3 1972 524 2170 2172
1 3 2172 2170 576 2171
1 3 1362 2172 2171 362
1 3 524 1982 2175 2170
1 3 1982 148 2173 2175
1 3 2175 2173 574 2174
1 3 2170 2175 2174 576
1 3 576 2174 2179 2178
1 3 2174 574 2176 2179
1 3 2179 2176 162 2177
1 3 2178 2179 2177 575
1 3 362 2171 2181 1367
1 3 2171 576 2178 2181
1 3 2181 2178 575 2180
1 3 1367 2181 2180 102
1 3 148 2012 2184 2173
1 3 2012 534 2182 2184
1 3 2184 2182 579 2183
1 3 2173 2184 2183 574
1 3 534 2020 2187 2182
1 3 2020 47 2185 2187
1 3 2187 2185 577 2186
1 3 2182 2187 2186 579
1 3 579 2186 2191 2190
1 3 2186 577 2188 2191
1 3 2191 2188 160 2189
1 3 2190 2191 2189 578
1 3 574 2183 2193 2176
1 3 2183 579 2190 2193
1 3 2193 2190 578 2192
1 3 2176 2193 2192 162
1 3 162 2192 2197 2196
1 3 2192 578 2194 2197
1 3 2197 2194 583 2195
1 3 2196 2197 2195 582
1 3 578 2189 2200 2194
1 3 2189 160 2198 2200
1 3 2200 2198 580 2199
1 3 2194 2200 2199 583
1 3 583 2199 2204 2203
1 3 2199 580 2201 2204
1 3 2204 2201 51 2202
1 3 2203 2204 2202 581
1 3 582 2195 2207 2206
1 3 2195 583 2203 2207
1 3 2207 2203 581 2205
1 3 2206 2207 2205 161
1 3 102 2180 2210 1378
1 3 2180 575 2208 2210
1 3 2210 2208 585 2209
1 3 1378 2210 2209 367
1 3 575 2177 2212 2208
1 3 2177 162 2196 2212
1 3 2212 2196 582 2211
1 3 2208 2212 2211 585
1 3 585 2211 2215 2214
1 3 2211 582 2206 2215
1 3 2215 2206 161 2213
1 3 2214 2215 2213 584
1 3 367 2209 2217 1382
1 3 2209 585 2214 2217
1 3 2217 2214 584 2216
1 3 1382 2217 2216 32
1 3 47 2124 2220 2185
1 3 2124 564 2218 2220
1 3 2220 2218 588 2219
1 3 2185 2220 2219 577
1 3 564 2134 2223 2218
1 3 2134 158 2221 2223
1 3 2223 2221 586 2222
1 3 2218 2223 2222 588
1 3 588 2222 2227 2226
1 3 2222 586 2224 2227
1 3 2227 2224 165 2225
1 3 2226 2227 2225 587
1 3 577 2219 2229 2188
1 3 2219 588 2226 2229
1 3 2229 2226 587 2228
1 3 2188 2229 2228 160
1 3 158 2160 2232 2221
1 3 2160 572 2230 2232
1 3 2232 2230 591 2231
1 3 2221 2232 2231 586
1 3 572 2168 2235 2230
1 3 2168 24 2233 2235
1 3 2235 2233 589 2234
1 3 2230 2235 2234 591
1 3 591 2234 2239 2238
1 3 2234 589 2236 2239
1 3 2239 2236 163 2237
1 3 2238 2239 2237 590
1 3 586 2231 2241 2224
1 3 2231 591 2238 2241
1 3 2241 2238 590 2240
1 3 2224 2241 2240 165
1 3 165 2240 2245 2244
1 3 2240 590 2242 2245
1 3 2245 2242 595 2243
1 3 2244 2245 2243 594
1 3 590 2237 2248 2242
1 3 2237 163 2246 2248
1 3 2248 2246 592 2247
1 3 2242 2248 2247 595
1 3 595 2247 2252 2251
1 3 2247 592 2249 2252
1 3 2252 2249 49 2250
1 3 2251 2252 2250 593
1 3 594 2243 2255 2254
1 3 2243 595 2251 2255
1 3 2255 2251 593 2253
1 3 2254 2255 2253 164
1 3 160 2228 2258 2198
1 3 2228 587 2256 2258
1 3 2258 2256 597 2257
1 3 2198 2258 2257 580
1 3 587 2225 2260 2256
1 3 2225 165 2244 2260
1 3 2260 2244 594 2259
1 3 2256 2260 2259 597
1 3 597 2259 2263 2262
1 3 2259 594 2254 2263
1 3 2263 2254 164 2261
1 3 2262 2263 2261 596
1 3 580 2257 2265 2201
1 3 2257 597 2262 2265
1 3 2265 2262 596 2264
1 3 2201 2265 2264 51
1 3 51 2264 2269 2268
1 3 2264 596 2266 2269
1 3 2269 2266 601 2267
1 3 2268 2269 2267 600
1 3 596 2261 2272 2266
1 3 2261 164 2270 2272
1 3 2272 2270 598 2271
1 3 2266 2272 2271 601
1 3 601 2271 2276 2275
1 3 2271 598 2273 2276
1 3 2276 2273 169 2274
1 3 2275 2276 2274 599
1 3 600 2267 2279 2278
1 3 2267 601 2275 2279
1 3 2279 2275 599 2277
1 3 2278 2279 2277 168
1 3 164 2253 2282 2270
1 3 2253 593 2280 2282
1 3 2282 2280 604 2281
1 3 2270 2282 2281 598
1 3 593 2250 2285 2280
1 3 2250 49 2283 2285
1 3 2285 2283 602 2284
1 3 2280 2285 2284 604
1 3 604 2284 2289 2288
1 3 2284 602 2286 2289
1 3 2289 2286 166 2287
1 3 2288 2289 2287 603
1 3 598 2281 2291 2273
1 3 2281 604 2288 2291
1 3 2291 2288 603 2290
1 3 2273 2291 2290 169
1 3 169 2290 2295 2294
1 3 2290 603 2292 2295
1 3 2295 2292 608 2293
1 3 2294 2295 2293 607
1 3 603 2287 2298 2292
1 3 2287 166 2296 2298
1 3 2298 2296 605 2297
1 3 2292 2298 2297 608
1 3 608 2297 2302 2301
1 3 2297 605 2299 2302
1 3 2302 2299 31 2300
1 3 2301 2302 2300 606
1 3 607 2293 2305 2304
1 3 2293 608 2301 2305
1 3 2305 2301 606 2303
1 3 2304 2305 2303 167
1 3 168 2277 2309 2308
1 3 2277 599 2306 2309
1 3 2309 2306 611 2307
1 3 2308 2309 2307 610
1 3 599 2274 2311 2306
1 3 2274 169 2294 2311
1 3 2311 2294 607 2310
1 3 2306 2311 2310 611
1 3 611 2310 2314 2313
1 3 2310 607 2304 2314
1 3 2314 2304 167 2312
1 3 2313 2314 2312 609
1 3 610 2307 2317 2316
1 3 2307 611 2313 2317
1 3 2317 2313 609 2315
1 3 2316 2317 2315 50
1 3 32 2216 2320 1418
1 3 2216 584 2318 2320
1 3 2320 2318 614 2319
1 3 1418 2320 2319 378
1 3 584 2213 2323 2318
1 3 2213 161 2321 2323
1 3 2323 2321 612 2322
1 3 2318 2323 2322 614
1 3 614 2322 2327 2326
1 3 2322 612 2324 2327
1 3 2327 2324 171 2325
1 3 2326 2327 2325 613
1 3 378 2319 2329 1422
1 3 2319 614 2326 2329
1 3 2329 2326 613 2328
1 3 1422 2329 2328 107
1 3 161 2205 2332 2321
1 3 2205 581 2330 2332
1 3 2332 2330 616 2331
1 3 2321 2332 2331 612
1 3 581 2202 2334 2330
1 3 2202 51 2268 2334
1 3 2334 2268 600 2333
1 3 2330 2334 2333 616
1 3 616 2333 2337 2336
1 3 2333 600 2278 2337
1 3 2337 2278 168 2335
1 3 2336 2337 2335 615
1 3 612 2331 2339 2324
1 3 2331 616 2336 2339
1 3 2339 2336 615 2338
1 3 2324 2339 2338 171
1 3 171 2338 2343 2342
1 3 2338 615 2340 2343
1 3 2343 2340 619 2341
1 3 2342 2343 2341 618
1 3 615 2335 2345 2340
1 3 2335 168 2308 2345
1 3 2345 2308 610 2344
1 3 2340 2345 2344 619
1 3 619 2344 2348 2347
1 3 2344 610 2316 2348
1 3 2348 2316 50 2346
1 3 2347 2348 2346 617
1 3 618 2341 2351 2350
1 3 2341 619 2347 2351
1 3 2351 2347 617 2349
1 3 2350 2351 2349 170
1 3 107 2328 2354 1432
1 3 2328 613 2352 2354
1 3 2354 2352 621 2353
1 3 1432 2354 2353 382
1 3 613 2325 2356 2352
1 3 2325 171 2342 2356
1 3 2356 2342 618 2355
1 3 2352 2356 2355 621
1 3 621 2355 2359 2358
1 3 2355 618 2350 2359
1 3 2359 2350 170 2357
1 3 2358 2359 2357 620
1 3 382 2353 2361 1436
1 3 2353 621 2358 2361
1 3 2361 2358 620 2360
1 3 1436 2361 2360 12
1 3 12 2362 2365 1437
1 3 2362 622 2363 2365
1 3 2365 2363 625 2364
1 3 1437 2365 2364 383
1 3 622 2366 2369 2363
1 3 2366 172 2367 2369
1 3 2369 2367 623 2368
1 3 2363 2369 2368 625
1 3 625 2368 2373 2372
1 3 2368 623 2370 2373
1 3 2373 2370 175 2371
1 3 2372 2373 2371 624
1 3 383 2364 2375 1440
1 3 2364 625 2372 2375
1 3 2375 2372 624 2374
1 3 1440 2375 2374 108
1 3 172 2376 2379 2367
1 3 2376 626 2377 2379
1 3 2379 2377 629 2378
1 3 2367 2379 2378 623
1 3 626 2380 2383 2377
1 3 2380 52 2381 2383
1 3 2383 2381 627 2382
1 3 2377 2383 2382 629
1 3 629 2382 2387 2386
1 3 2382 627 2384 2387
1 3 2387 2384 173 2385
1 3 2386 2387 2385 628
1 3 623 2378 2389 2370
1 3 2378 629 2386 2389
1 3 2389 2386 628 2388
1 3 2370 2389 2388 175
1 3 175 2388 2393 2392
1 3 2388 628 2390 2393
1 3 2393 2390 633 2391
1 3 2392 2393 2391 632
1 3 628 2385 2396 2390
1 3 2385 173 2394 2396
1 3 2396 2394 630 2395
1 3 2390 2396 2395 633
1 3 633 2395 2400 2399
1 3 2395 630 2397 2400
1 3 2400 2397 55 2398
1 3 2399 2400 2398 631
1 3 632 2391 2403 2402
1 3 2391 633 2399 2403
1 3 2403 2399 631 2401
1 3 2402 2403 2401 174
1 3 108 2374 2406 1450
1 3 2374 624 2404 2406
1 3 2406 2404 635 2405
1 3 1450 2406 2405 386
1 3 624 2371 2408 2404
1 3 2371 175 2392 2408
1 3 2408 2392 632 2407
1 3 2404 2408 2407 635
1 3 635 2407 2411 2410
1 3 2407 632 2402 2411
1 3 2411 2402 174 2409
1 3 2410 2411 2409 634
1 3 386 2405 2413 1453
1 3 2405 635 2410 2413
1 3 2413 2410 634 2412
1 3 1453 2413 2412 33
1 3 52 2414 2417 2381
1 3 2414 636 2415 2417
1 3 2417 2415 639 2416
1 3 2381 2417 2416 627
1 3 636 2418 2421 2415
1 3 2418 176 2419 2421
1 3 2421 2419 637 2420
1 3 2415 2421 2420 639
1 3 639 2420 2425 2424
1 3 2420 637 2422 2425
1 3 2425 2422 179 2423
1 3 2424 2425 2423 638
1 3 627 2416 2427 2384
1 3 2416 639 2424 2427
1 3 2427 2424 638 2426
1 3 2384 2427 2426 173
1 3 176 2428 2431 2419
1 3 2428 640 2429 2431
1 3 2431 2429 643 2430
1 3 2419 2431 2430 637
1 3 640 2432 2435 2429
1 3 2432 2 2433 2435
1 3 2435 2433 641 2434
1 3 2429 2435 2434 643
1 3 643 2434 2439 2438
1 3 2434 641 2436 2439
1 3 2439 2436 177 2437
1 3 2438 2439 2437 642
1 3 637 2430 2441 2422
1 3 2430 643 2438 2441
1 3 2441 2438 642 2440
1 3 2422 2441 2440 179
1 3 179 2440 2445 2444
1 3 2440 642 2442 2445
1 3 2445 2442 647 2443
1 3 2444 2445 2443 646
1 3 642 2437 2448 2442
1 3 2437 177 2446 2448
1 3 2448 2446 644 2447
1 3 2442 2448 2447 647
1 3 647 2447 2452 2451
1 3 2447 644 2449 2452
1 3 2452 2449 53 2450
1 3 2451 2452 2450 645
1 3 646 2443 2455 2454
1 3 2443 647 2451 2455
1 3 2455 2451 645 2453
1 3 2454 2455 2453 178
1 3 173 2426 2458 2394
1 3 2426 638 2456 2458
1 3 2458 2456 649 2457
1 3 2394 2458 2457 630
1 3 638 2423 2460 2456
1 3 2423 179 2444 2460
1 3 2460 2444 646 2459
1 3 2456 2460 2459 649
1 3 649 2459 2463 2462
1 3 2459 646 2454 2463
1 3 2463 2454 178 2461
1 3 2462 2463 2461 648
1 3 630 2457 2465 2397
1 3 2457 649 2462 2465
1 3 2465 2462 648 2464
1 3 2397 2465 2464 55
1 3 55 2464 2469 2468
1 3 2464 648 2466 2469
1 3 2469 2466 653 2467
1 3 2468 2469 2467 652
1 3 648 2461 2472 2466
1 3 2461 178 2470 2472
1 3 2472 2470 650 2471
1 3 2466 2472 2471 653
1 3 653 2471 2476 2475
1 3 2471 650 2473 2476
1 3 2476 2473 183 2474
1 3 2475 2476 2474 651
1 3 652 2467 2479 2478
1 3 2467 653 2475 2479
1 3 2479 2475 651 2477
1 3 2478 2479 2477 182
1 3 178 2453 2482 2470
1 3 2453 645 2480 2482
1 3 2482 2480 656 2481
1 3 2470 2482 2481 650
1 3 645 2450 2485 2480
1 3 2450 53 2483 2485
1 3 2485 2483 654 2484
1 3 2480 2485 2484 656
1 3 656 2484 2489 2488
1 3 2484 654 2486 2489
1 3 2489 2486 180 2487
1 3 2488 2489 2487 655
1 3 650 2481 2491 2473
1 3 2481 656 2488 2491
1 3 2491 2488 655 2490
1 3 2473 2491 2490 183
1 3 183 2490 2495 2494
1 3 2490 655 2492 2495
1 3 2495 2492 660 2493
1 3 2494 2495 2493 659
1 3 655 2487 2498 2492
1 3 2487 180 2496 2498
1 3 2498 2496 657 2497
1 3 2492 2498 2497 660
1 3 660 2497 2502 2501
1 3 2497 657 2499 2502
1 3 2502 2499 13 2500
1 3 2501 2502 2500 658
1 3 659 2493 2505 2504
1 3 2493 660 2501 2505
1 3 2505 2501 658 2503
1 3 2504 2505 2503 181
1 3 182 2477 2509 2508
1 3 2477 651 2506 2509
1 3 2509 2506 663 2507
1 3 2508 2509 2507 662
1 3 651 2474 2511 2506
1 3 2474 183 2494 2511
1 3 2511 2494 659 2510
1 3 2506 2511 2510 663
1 3 663 2510 2514 2513
1 3 2510 659 2504 2514
1 3 2514 2504 181 2512
1 3 2513 2514 2512 661
1 3 662 2507 2517 2516
1 3 2507 663 2513 2517
1 3 2517 2513 661 2515
1 3 2516 2517 2515 54
1 3 33 2412 2520 1487
1 3 2412 634 2518 2520
1 3 2520 2518 666 2519
1 3 1487 2520 2519 396
1 3 634 2409 2523 2518
1 3 2409 174 2521 2523
1 3 2523 2521 664 2522
1 3 2518 2523 2522 666
1 3 666 2522 2527 2526
1 3 2522 664 2524 2527
1 3 2527 2524 185 2525
1 3 2526 2527 2525 665
1 3 396 2519 2529 1490
1 3 2519 666 2526 2529
1 3 2529 2526 665 2528
1 3 1490 2529 2528 111
1 3 174 2401 2532 2521
1 3 2401 631 2530 2532
1 3 2532 2530 668 2531
1 3 2521 2532 2531 664
1 3 631 2398 2534 2530
1 3 2398 55 2468 2534
1 3 2534 2468 652 2533
1 3 2530 2534 2533 668
1 3 668 2533 2537 2536
1 3 2533 652 2478 2537
1 3 2537 2478 182 2535
1 3 2536 2537 2535 667
1 3 664 2531 2539 2524
1 3 2531 668 2536 2539
1 3 2539 2536 667 2538
1 3 2524 2539 2538 185
1 3 185 2538 2543 2542
1 3 2538 667 2540 2543
1 3 2543 2540 671 2541
1 3 2542 2543 2541 670
1 3 667 2535 2545 2540
1 3 2535 182 2508 2545
1 3 2545 2508 662 2544
1 3 2540 2545 2544 671
1 3 671 2544 2548 2547
1 3 2544 662 2516 2548
1 3 2548 2516 54 2546
1 3 2547 2548 2546 669
1 3 670 2541 2551 2550
1 3 2541 671 2547 2551
1 3 2551 2547 669 2549
1 3 2550 2551 2549 184
1 3 111 2528 2554 1500
1 3 2528 665 2552 2554
1 3 2554 2552 673 2553
1 3 1500 2554 2553 399
1 3 665 2525 2556 2552
1 3 2525 185 2542 2556
1 3 2556 2542 670 2555
1 3 2552 2556 2555 673
1 3 673 2555 2559 2558
1 3 2555 670 2550 2559
1 3 2559 2550 184 2557
1 3 2558 2559 2557 672
1 3 399 2553 2561 1503
1 3 2553 673 2558 2561
1 3 2561 2558 672 2560
1 3 1503 2561 2560 27
1 3 27 2560 2565 2564
1 3 2560 672 2562 2565
1 3 2565 2562 677 2563
1 3 2564 2565 2563 676
1 3 672 2557 2568 2562
1 3 2557 184 2566 2568
1 3 2568 2566 674 2567
1 3 2562 2568 2567 677
1 3 677 2567 2572 2571
1 3 2567 674 2569 2572
1 3 2572 2569 189 2570
1 3 2571 2572 2570 675
1 3 676 2563 2575 2574
1 3 2563 677 2571 2575
1 3 2575 2571 675 2573
1 3 2574 2575 2573 188
1 3 184 2549 2578 2566
1 3 2549 669 2576 2578
1 3 2578 2576 680 2577
1 3 2566 2578 2577 674
1 3 669 2546 2581 2576
1 3 2546 54 2579 2581
1 3 2581 2579 678 2580
1 3 2576 2581 2580 680
1 3 680 2580 2585 2584
1 3 2580 678 2582 2585
1 3 2585 2582 186 2583
1 3 2584 2585 2583 679
1 3 674 2577 2587 2569
1 3 2577 680 2584 2587
1 3 2587 2584 679 2586
1 3 2569 2587 2586 189
1 3 189 2586 2591 2590
1 3 2586 679 2588 2591
1 3 2591 2588 684 2589
1 3 2590 2591 2589 683
1 3 679 2583 2594 2588
1 3 2583 186 2592 2594
1 3 2594 2592 681 2593
1 3 2588 2594 2593 684
1 3 684 2593 2598 2597
1 3 2593 681 2595 2598
1 3 2598 2595 59 2596
1 3 2597 2598 2596 682
1 3 683 2589 2601 2600
1 3 2589 684 2597 2601
1 3 2601 2597 682 2599
1 3 2600 2601 2599 187
1 3 188 2573 2605 2604
1 3 2573 675 2602 2605
1 3 2605 2602 687 2603
1 3 2604 2605 2603 686
1 3 675 2570 2607 2602
1 3 2570 189 2590 2607
1 3 2607 2590 683 2606
1 3 2602 2607 2606 687
1 3 687 2606 2610 2609
1 3 2606 683 2600 2610
1 3 2610 2600 187 2608
1 3 2609 2610 2608 685
1 3 686 2603 2613 2612
1 3 2603 687 2609 2613
1 3 2613 2609 685 2611
1 3 2612 2613 2611 58
1 3 54 2515 2616 2579
1 3 2515 661 2614 2616
1 3 2616 2614 690 2615
1 3 2579 2616 2615 678
1 3 661 2512 2619 2614
1 3 2512 181 2617 2619
1 3 2619 2617 688 2618
1 3 2614 2619 2618 690
1 3 690 2618 2623 2622
1 3 2618 688 2620 2623
1 3 2623 2620 192 2621
1 3 2622 2623 2621 689
1 3 678 2615 2625 2582
1 3 2615 690 2622 2625
1 3 2625 2622 689 2624
1 3 2582 2625 2624 186
1 3 181 2503 2628 2617
1 3 2503 658 2626 2628
1 3 2628 2626 693 2627
1 3 2617 2628 2627 688
1 3 658 2500 2631 2626
1 3 2500 13 2629 2631
1 3 2631 2629 691 2630
1 3 2626 2631 2630 693
1 3 693 2630 2635 2634
1 3 2630 691 2632 2635
1 3 2635 2632 190 2633
1 3 2634 2635 2633 692
1 3 688 2627 2637 2620
1 3 2627 693 2634 2637
1 3 2637 2634 692 2636
1 3 2620 2637 2636 192
1 3 192 2636 2641 2640
1 3 2636 692 2638 2641
1 3 2641 2638 697 2639
1 3 2640 2641 2639 696
1 3 692 2633 2644 2638
1 3 2633 190 2642 2644
1 3 2644 2642 694 2643
1 3 2638 2644 2643 697
1 3 697 2643 2648 2647
1 3 2643 694 2645 2648
1 3 2648 2645 56 2646
1 3 2647 2648 2646 695
1 3 696 2639 2651 2650
1 3 2639 697 2647 2651
1 3 2651 2647 695 2649
1 3 2650 2651 2649 191
1 3 186 2624 2654 2592
1 3 2624 689 2652 2654
1 3 2654 2652 699 2653
1 3 2592 2654 2653 681
1 3 689 2621 2656 2652
1 3 2621 192 2640 2656
1 3 2656 2640 696 2655
1 3 2652 2656 2655 699
1 3 699 2655 2659 2658
1 3 2655 696 2650 2659
1 3 2659 2650 191 2657
1 3 2658 2659 2657 698
1 3 681 2653 2661 2595
1 3 2653 699 2658 2661
1 3 2661 2658 698 2660
1 3 2595 2661 2660 59
1 3 59 2660 2665 2664
1 3 2660 698 2662 2665
1 3 2665 2662 703 2663
1 3 2664 2665 2663 702
1 3 698 2657 2668 2662
1 3 2657 191 2666 2668
1 3 2668 2666 700 2667
1 3 2662 2668 2667 703
1 3 703 2667 2672 2671
1 3 2667 700 2669 2672
1 3 2672 2669 196 2670
1 3 2671 2672 2670 701
1 3 702 2663 2675 2674
1 3 2663 703 2671 2675
1 3 2675 2671 701 2673
1 3 2674 2675 2673 195
1 3 191 2649 2678 2666
1 3 2649 695 2676 2678
1 3 2678 2676 706 2677
1 3 2666 2678 2677 700
1 3 695 2646 2681 2676
1 3 2646 56 2679 2681
1 3 2681 2679 704 2680
1 3 2676 2681 2680 706
1 3 706 2680 2685 2684
1 3 2680 704 2682 2685
1 3 2685 2682 193 2683
1 3 2684 2685 2683 705
1 3 700 2677 2687 2669
1 3 2677 706 2684 2687
1 3 2687 2684 705 2686
1 3 2669 2687 2686 196
1 3 196 2686 2691 2690
1 3 2686 705 2688 2691
1 3 2691 2688 710 2689
1 3 2690 2691 2689 709
1 3 705 2683 2694 2688
1 3 2683 193 2692 2694
1 3 2694 2692 707 2693
1 3 2688 2694 2693 710
1 3 710 2693 2698 2697
1 3 2693 707 2695 2698
1 3 2698 2695 4 2696
1 3 2697 2698 2696 708
1 3 709 2689 2701 2700
1 3 2689 710 2697 2701
1 3 2701 2697 708 2699
1 3 2700 2701 2699 194
1 3 195 2673 2705 2704
1 3 2673 701 2702 2705
1 3 2705 2702 713 2703
1 3 2704 2705 2703 712
1 3 701 2670 2707 2702
1 3 2670 196 2690 2707
1 3 2707 2690 709 2706
1 3 2702 2707 2706 713
1 3 713 2706 2710 2709
1 3 2706 709 2700 2710
1 3 2710 2700 194 2708
1 3 2709 2710 2708 711
1 3 712 2703 2713 2712
1 3 2703 713 2709 2713
1 3 2713 2709 711 2711
1 3 2712 2713 2711 57
1 3 58 2611 2717 2716
1 3 2611 685 2714 2717
1 3 2717 2714 717 2715
1 3 2716 2717 2715 716
1 3 685 2608 2720 2714
1 3 2608 187 2718 2720
1 3 2720 2718 714 2719
1 3 2714 2720 2719 717
1 3 717 2719 2724 2723
1 3 2719 714 2721 2724
1 3 2724 2721 199 2722
1 3 2723 2724 2722 715
1 3 716 2715 2727 2726
1 3 2715 717 2723 2727
1 3 2727 2723 715 2725
1 3 2726 2727 2725 198
1 3 187 2599 2730 2718
1 3 2599 682 2728 2730
1 3 2730 2728 719 2729
1 3 2718 2730 2729 714
1 3 682 2596 2732 2728
1 3 2596 59 2664 2732
1 3 2732 2664 702 2731
1 3 2728 2732 2731 719
1 3 719 2731 2735 2734
1 3 2731 702 2674 2735
1 3 2735 2674 195 2733
1 3 2734 2735 2733 718
1 3 714 2729 2737 2721
1 3 2729 719 2734 2737
1 3 2737 2734 718 2736
1 3 2721 2737 2736 199
1 3 199 2736 2741 2740
1 3 2736 718 2738 2741
1 3 2741 2738 722 2739
1 3 2740 2741 2739 721
1 3 718 2733 2743 2738
1 3 2733 195 2704 2743
1 3 2743 2704 712 2742
1 3 2738 2743 2742 722
1 3 722 2742 2746 2745
1 3 2742 712 2712 2746
1 3 2746 2712 57 2744
1 3 2745 2746 2744 720
1 3 721 2739 2749 2748
1 3 2739 722 2745 2749
1 3 2749 2745 720 2747
1 3 2748 2749 2747 197
1 3 198 2725 2753 2752
1 3 2725 715 2750 2753
1 3 2753 2750 725 2751
1 3 2752 2753 2751 724
1 3 715 2722 2755 2750
1 3 2722 199 2740 2755
1 3 2755 2740 721 2754
1 3 2750 2755 2754 725
1 3 725 2754 2758 2757
1 3 2754 721 2748 2758
1 3 2758 2748 197 2756
1 3 2757 2758 2756 723
1 3 724 2751 2761 2760
1 3 2751 725 2757 2761
1 3 2761 2757 723 2759
1 3 2760 2761 2759 14
1 3 15 1567 2765 2764
1 3 1567 415 2762 2765
1 3 2765 2762 729 2763
1 3 2764 2765 2763 728
1 3 415 1564 2768 2762
1 3 1564 115 2766 2768
1 3 2768 2766 726 2767
1 3 2762 2768 2767 729
1 3 729 2767 2772 2771
1 3 2767 726 2769 2772
1 3 2772 2769 203 2770
1 3 2771 2772 2770 727
1 3 728 2763 2775 2774
1 3 2763 729 2771 2775
1 3 2775 2771 727 2773
1 3 2774 2775 2773 202
1 3 115 1555 2778 2766
1 3 1555 412 2776 2778
1 3 2778 2776 732 2777
1 3 2766 2778 2777 726
1 3 412 1552 2781 2776
1 3 1552 34 2779 2781
1 3 2781 2779 730 2780
1 3 2776 2781 2780 732
1 3 732 2780 2785 2784
1 3 2780 730 2782 2785
1 3 2785 2782 200 2783
1 3 2784 2785 2783 731
1 3 726 2777 2787 2769
1 3 2777 732 2784 2787
1 3 2787 2784 731 2786
1 3 2769 2787 2786 203
1 3 203 2786 2791 2790
1 3 2786 731 2788 2791
1 3 2791 2788 736 2789
1 3 2790 2791 2789 735
1 3 731 2783 2794 2788
1 3 2783 200 2792 2794
1 3 2794 2792 733 2793
1 3 2788 2794 2793 736
1 3 736 2793 2798 2797
1 3 2793 733 2795 2798
1 3 2798 2795 62 2796
1 3 2797 2798 2796 734
1 3 735 2789 2801 2800
1 3 2789 736 2797 2801
1 3 2801 2797 734 2799
1 3 2800 2801 2799 201
1 3 202 2773 2805 2804
1 3 2773 727 2802 2805
1 3 2805 2802 739 2803
1 3 2804 2805 2803 738
1 3 727 2770 2807 2802
1 3 2770 203 2790 2807
1 3 2807 2790 735 2806
1 3 2802 2807 2806 739
1 3 739 2806 2810 2809
1 3 2806 735 2800 2810
1 3 2810 2800 201 2808
1 3 2809 2810 2808 737
1 3 738 2803 2813 2812
1 3 2803 739 2809 2813
1 3 2813 2809 737 2811
1 3 2812 2813 2811 61
1 3 34 1519 2816 2779
1 3 1519 403 2814 2816
1 3 2816 2814 742 2815
1 3 2779 2816 2815 730
1 3 403 1516 2819 2814
1 3 1516 112 2817 2819
1 3 2819 2817 740 2818
1 3 2814 2819 2818 742
1 3 742 2818 2823 2822
1 3 2818 740 2820 2823
1 3 2823 2820 205 2821
1 3 2822 2823 2821 741
1 3 730 2815 2825 2782
1 3 2815 742 2822 2825
1 3 2825 2822 741 2824
1 3 2782 2825 2824 200
1 3 112 1507 2828 2817
1 3 1507 400 2826 2828
1 3 2828 2826 744 2827
1 3 2817 2828 2827 740
1 3 400 1504 2830 2826
1 3 1504 27 2564 2830
1 3 2830 2564 676 2829
1 3 2826 2830 2829 744
1 3 744 2829 2833 2832
1 3 2829 676 2574 2833
1 3 2833 2574 188 2831
1 3 2832 2833 2831 743
1 3 740 2827 2835 2820
1 3 2827 744 2832 2835
1 3 2835 2832 743 2834
1 3 2820 2835 2834 205
1 3 205 2834 2839 2838
1 3 2834 743 2836 2839
1 3 2839 2836 747 2837
1 3 2838 2839 2837 746
1 3 743 2831 2841 2836
1 3 2831 188 2604 2841
1 3 2841 2604 686 2840
1 3 2836 2841 2840 747
1 3 747 2840 2844 2843
1 3 2840 686 2612 2844
1 3 2844 2612 58 2842
1 3 2843 2844 2842 745
1 3 746 2837 2847 2846
1 3 2837 747 2843 2847
1 3 2847 2843 745 2845
1 3 2846 2847 2845 204
1 3 200 2824 2850 2792
1 3 2824 741 2848 2850
1 3 2850 2848 749 2849
1 3 2792 2850 2849 733
1 3 741 2821 2852 2848
1 3 2821 205 2838 2852
1 3 2852 2838 746 2851
1 3 2848 2852 2851 749
1 3 749 2851 2855 2854
1 3 2851 746 2846 2855
1 3 2855 2846 204 2853
1 3 2854 2855 2853 748
1 3 733 2849 2857 2795
1 3 2849 749 2854 2857
1 3 2857 2854 748 2856
1 3 2795 2857 2856 62
1 3 62 2856 2861 2860
1 3 2856 748 2858 2861
1 3 2861 2858 753 2859
1 3 2860 2861 2859 752
1 3 748 2853 2864 2858
1 3 2853 204 2862 2864
1 3 2864 2862 750 2863
1 3 2858 2864 2863 753
1 3 753 2863 2868 2867
1 3 2863 750 2865 2868
1 3 2868 2865 208 2866
1 3 2867 2868 2866 751
1 3 752 2859 2871 2870
1 3 2859 753 2867 2871
1 3 2871 2867 751 2869
1 3 2870 2871 2869 207
1 3 204 2845 2874 2862
1 3 2845 745 2872 2874
1 3 2874 2872 755 2873
1 3 2862 2874 2873 750
1 3 745 2842 2876 2872
1 3 2842 58 2716 2876
1 3 2876 2716 716 2875
1 3 2872 2876 2875 755
1 3 755 2875 2879 2878
1 3 2875 716 2726 2879
1 3 2879 2726 198 2877
1 3 2878 2879 2877 754
1 3 750 2873 2881 2865
1 3 2873 755 2878 2881
1 3 2881 2878 754 2880
1 3 2865 2881 2880 208
1 3 208 2880 2885 2884
1 3 2880 754 2882 2885
1 3 2885 2882 758 2883
1 3 2884 2885 2883 757
1 3 754 2877 2887 2882
1 3 2877 198 2752 2887
1 3 2887 2752 724 2886
1 3 2882 2887 2886 758
1 3 758 2886 2890 2889
1 3 2886 724 2760 2890
1 3 2890 2760 14 2888
1 3 2889 2890 2888 756
1 3 757 2883 2893 2892
1 3 2883 758 2889 2893
1 3 2893 2889 756 2891
1 3 2892 2893 2891 206
1 3 207 2869 2897 2896
1 3 2869 751 2894 2897
1 3 2897 2894 761 2895
1 3 2896 2897 2895 760
1 3 751 2866 2899 2894
1 3 2866 208 2884 2899
1 3 2899 2884 757 2898
1 3 2894 2899 2898 761
1 3 761 2898 2902 2901
1 3 2898 757 2892 2902
1 3 2902 2892 206 2900
1 3 2901 2902 2900 759
1 3 760 2895 2905 2904
1 3 2895 761 2901 2905
1 3 2905 2901 759 2903
1 3 2904 2905 2903 60
1 3 61 2811 2909 2908
1 3 2811 737 2906 2909
1 3 2909 2906 765 2907
1 3 2908 2909 2907 764
1 3 737 2808 2912 2906
1 3 2808 201 2910 2912
1 3 2912 2910 762 2911
1 3 2906 2912 2911 765
1 3 765 2911 2916 2915
1 3 2911 762 2913 2916
1 3 2916 2913 211 2914
1 3 2915 2916 2914 763
1 3 764 2907 2919 2918
1 3 2907 765 2915 2919
1 3 2919 2915 763 2917
1 3 2918 2919 2917 210
1 3 201 2799 2922 2910
1 3 2799 734 2920 2922
1 3 2922 2920 767 2921
1 3 2910 2922 2921 762
1 3 734 2796 2924 2920
1 3 2796 62 2860 2924
1 3 2924 2860 752 2923
1 3 2920 2924 2923 767
1 3 767 2923 2927 2926
1 3 2923 752 2870 2927
1 3 2927 2870 207 2925
1 3 2926 2927 2925 766
1 3 762 2921 2929 2913
1 3 2921 767 2926 2929
1 3 2929 2926 766 2928
1 3 2913 2929 2928 211
1 3 211 2928 2933 2932
1 3 2928 766 2930 2933
1 3 2933 2930 770 2931
1 3 2932 2933 2931 769
1 3 766 2925 2935 2930
1 3 2925 207 2896 2935
1 3 2935 2896 760 2934
1 3 2930 2935 2934 770
1 3 770 2934 2938 2937
1 3 2934 760 2904 2938
1 3 2938 2904 60 2936
1 3 2937 2938 2936 768
1 3 769 2931 2941 2940
1 3 2931 770 2937 2941
1 3 2941 2937 768 2939
1 3 2940 2941 2939 209
1 3 210 2917 2945 2944
1 3 2917 763 2942 2945
1 3 2945 2942 773 2943
1 3 2944 2945 2943 772
1 3 763 2914 2947 2942
1 3 2914 211 2932 2947
1 3 2947 2932 769 2946
1 3 2942 2947 2946 773
1 3 773 2946 2950 2949
1 3 2946 769 2940 2950
1 3 2950 2940 209 2948
1 3 2949 2950 2948 771
1 3 772 2943 2953 2952
1 3 2943 773 2949 2953
1 3 2953 2949 771 2951
1 3 2952 2953 2951 3
1 3 15 2764 2956 1637
1 3 2764 728 2954 2956
1 3 2956 2954 776 2955
1 3 1637 2956 2955 435
1 3 728 2774 2959 2954
1 3 2774 202 2957 2959
1 3 2959 2957 774 2958
1 3 2954 2959 2958 776
1 3 776 2958 2963 2962
1 3 2958 774 2960 2963
1 3 2963 2960 214 2961
1 3 2962 2963 2961 775
1 3 435 2955 2965 1640
1 3 2955 776 2962 2965
1 3 2965 2962 775 2964
1 3 1640 2965 2964 122
1 3 202 2804 2968 2957
1 3 2804 738 2966 2968
1 3 2968 2966 779 2967
1 3 2957 2968 2967 774
1 3 738 2812 2971 2966
1 3 2812 61 2969 2971
1 3 2971 2969 777 2970
1 3 2966 2971 2970 779
1 3 779 2970 2975 2974
1 3 2970 777 2972 2975
1 3 2975 2972 212 2973
1 3 2974 2975 2973 778
1 3 774 2967 2977 2960
1 3 2967 779 2974 2977
1 3 2977 2974 778 2976
1 3 2960 2977 2976 214
1 3 214 2976 2981 2980
1 3 2976 778 2978 2981
1 3 2981 2978 783 2979
1 3 2980 2981 2979 782
1 3 778 2973 2984 2978
1 3 2973 212 2982 2984
1 3 2984 2982 780 2983
1 3 2978 2984 2983 783
1 3 783 2983 2988 2987
1 3 2983 780 2985 2988
1 3 2988 2985 65 2986
1 3 2987 2988 2986 781
1 3 782 2979 2991 2990
1 3 2979 783 2987 2991
1 3 2991 2987 781 2989
1 3 2990 2991 2989 213
1 3 122 2964 2994 1650
1 3 2964 775 2992 2994
1 3 2994 2992 785 2993
1 3 1650 2994 2993 438
1 3 775 2961 2996 2992
1 3 2961 214 2980 2996
1 3 2996 2980 782 2995
1 3 2992 2996 2995 785
1 3 785 2995 2999 2998
1 3 2995 782 2990 2999
1 3 2999 2990 213 2997
1 3 2998 2999 2997 784
1 3 438 2993 3001 1653
1 3 2993 785 2998 3001
1 3 3001 2998 784 3000
1 3 1653 3001 3000 37
1 3 61 2908 3004 2969
1 3 2908 764 3002 3004
1 3 3004 3002 788 3003
1 3 2969 3004 3003 777
1 3 764 2918 3007 3002
1 3 2918 210 3005 3007
1 3 3007 3005 786 3006
1 3 3002 3007 3006 788
1 3 788 3006 3011 3010
1 3 3006 786 3008 3011
1 3 3011 3008 217 3009
1 3 3010 3011 3009 787
1 3 777 3003 3013 2972
1 3 3003 788 3010 3013
1 3 3013 3010 787 3012
1 3 2972 3013 3012 212
1 3 210 2944 3016 3005
1 3 2944 772 3014 3016
1 3 3016 3014 791 3015
1 3 3005 3016 3015 786
1 3 772 2952 3019 3014
1 3 2952 3 3017 3019
1 3 3019 3017 789 3018
1 3 3014 3019 3018 791
1 3 791 3018 3023 3022
1 3 3018 789 3020 3023
1 3 3023 3020 215 3021
1 3 3022 3023 3021 790
1 3 786 3015 3025 3008
1 3 3015 791 3022 3025
1 3 3025 3022 790 3024
1 3 3008 3025 3024 217
1 3 217 3024 3029 3028
1 3 3024 790 3026 3029
1 3 3029 3026 795 3027
1 3 3028 3029 3027 794
1 3 790 3021 3032 3026
1 3 3021 215 3030 3032
1 3 3032 3030 792 3031
1 3 3026 3032 3031 795
1 3 795 3031 3036 3035
1 3 3031 792 3033 3036
1 3 3036 3033 63 3034
1 3 3035 3036 3034 793
1 3 794 3027 3039 3038
1 3 3027 795 3035 3039
1 3 3039 3035 793 3037
1 3 3038 3039 3037 216
1 3 212 3012 3042 2982
1 3 3012 787 3040 3042
1 3 3042 3040 797 3041
1 3 2982 3042 3041 780
1 3 787 3009 3044 3040
1 3 3009 217 3028 3044
1 3 3044 3028 794 3043
1 3 3040 3044 3043 797
1 3 797 3043 3047 3046
1 3 3043 794 3038 3047
1 3 3047 3038 216 3045
1 3 3046 3047 3045 796
1 3 780 3041 3049 2985
1 3 3041 797 3046 3049
1 3 3049 3046 796 3048
1 3 2985 3049 3048 65
1 3 65 3048 3053 3052
1 3 3048 796 3050 3053
1 3 3053 3050 801 3051
1 3 3052 3053 3051 800
1 3 796 3045 3056 3050
1 3 3045 216 3054 3056
1 3 3056 3054 798 3055
1 3 3050 3056 3055 801
1 3 801 3055 3060 3059
1 3 3055 798 3057 3060
1 3 3060 3057 221 3058
1 3 3059 3060 3058 799
1 3 800 3051 3063 3062
1 3 3051 801 3059 3063
1 3 3063 3059 799 3061
1 3 3062 3063 3061 220
1 3 216 3037 3066 3054
1 3 3037 793 3064 3066
1 3 3066 3064 804 3065
1 3 3054 3066 3065 798
1 3 793 3034 3069 3064
1 3 3034 63 3067 3069
1 3 3069 3067 802 3068
1 3 3064 3069 3068 804
1 3 804 3068 3073 3072
1 3 3068 802 3070 3073
1 3 3073 3070 218 3071
1 3 3072 3073 3071 803
1 3 798 3065 3075 3057
1 3 3065 804 3072 3075
1 3 3075 3072 803 3074
1 3 3057 3075 3074 221
1 3 221 3074 3079 3078
1 3 3074 803 3076 3079
1 3 3079 3076 808 3077
1 3 3078 3079 3077 807
1 3 803 3071 3082 3076
1 3 3071 218 3080 3082
1 3 3082 3080 805 3081
1 3 3076 3082 3081 808
1 3 808 3081 3086 3085
1 3 3081 805 3083 3086
1 3 3086 3083 16 3084
1 3 3085 3086 3084 806
1 3 807 3077 3089 3088
1 3 3077 808 3085 3089
1 3 3089 3085 806 3087
1 3 3088 3089 3087 219
1 3 220 3061 3093 3092
1 3 3061 799 3090 3093
1 3 3093 3090 811 3091
1 3 3092 3093 3091 810
1 3 799 3058 3095 3090
1 3 3058 221 3078 3095
1 3 3095 3078 807 3094
1 3 3090 3095 3094 811
1 3 811 3094 3098 3097
1 3 3094 807 3088 3098
1 3 3098 3088 219 3096
1 3 3097 3098 3096 809
1 3 810 3091 3101 3100
1 3 3091 811 3097 3101
1 3 3101 3097 809 3099
1 3 3100 3101 3099 64
1 3 37 3000 3104 1687
1 3 3000 784 3102 3104
1 3 3104 3102 814 3103
1 3 1687 3104 3103 448
1 3 784 2997 3107 3102
1 3 2997 213 3105 3107
1 3 3107 3105 812 3106
1 3 3102 3107 3106 814
1 3 814 3106 3111 3110
1 3 3106 812 3108 3111
1 3 3111 3108 223 3109
1 3 3110 3111 3109 813
1 3 448 3103 3113 1690
1 3 3103 814 3110 3113
1 3 3113 3110 813 3112
1 3 1690 3113 3112 125
1 3 213 2989 3116 3105
1 3 2989 781 3114 3116
1 3 3116 3114 816 3115
1 3 3105 3116 3115 812
1 3 781 2986 3118 3114
1 3 2986 65 3052 3118
1 3 3118 3052 800 3117
1 3 3114 3118 3117 816
1 3 816 3117 3121 3120
1 3 3117 800 3062 3121
1 3 3121 3062 220 3119
1 3 3120 3121 3119 815
1 3 812 3115 3123 3108
1 3 3115 816 3120 3123
1 3 3123 3120 815 3122
1 3 3108 3123 3122 223
1 3 223 3122 3127 3126
1 3 3122 815 3124 3127
1 3 3127 3124 819 3125
1 3 3126 3127 3125 818
1 3 815 3119 3129 3124
1 3 3119 220 3092 3129
1 3 3129 3092 810 3128
1 3 3124 3129 3128 819
1 3 819 3128 3132 3131
1 3 3128 810 3100 3132
1 3 3132 3100 64 3130
1 3 3131 3132 3130 817
1 3 818 3125 3135 3134
1 3 3125 819 3131 3135
1 3 3135 3131 817 3133
1 3 3134 3135 3133 222
1 3 125 3112 3138 1700
1 3 3112 813 3136 3138
1 3 3138 3136 821 3137
1 3 1700 3138 3137 451
1 3 813 3109 3140 3136
1 3 3109 223 3126 3140
1 3 3140 3126 818 3139
1 3 3136 3140 3139 821
1 3 821 3139 3143 3142
1 3 3139 818 3134 3143
1 3 3143 3134 222 3141
1 3 3142 3143 3141 820
1 3 451 3137 3145 1703
1 3 3137 821 3142 3145
1 3 3145 3142 820 3144
1 3 1703 3145 3144 28
1 3 28 3144 3149 3148
1 3 3144 820 3146 3149
1 3 3149 3146 825 3147
1 3 3148 3149 3147 824
1 3 820 3141 3152 3146
1 3 3141 222 3150 3152
1 3 3152 3150 822 3151
1 3 3146 3152 3151 825
1 3 825 3151 3156 3155
1 3 3151 822 3153 3156
1 3 3156 3153 227 3154
1 3 3155 3156 3154 823
1 3 824 3147 3159 3158
1 3 3147 825 3155 3159
1 3 3159 3155 823 3157
1 3 3158 3159 3157 226
1 3 222 3133 3162 3150
1 3 3133 817 3160 3162
1 3 3162 3160 828 3161
1 3 3150 3162 3161 822
1 3 817 3130 3165 3160
1 3 3130 64 3163 3165
1 3 3165 3163 826 3164
1 3 3160 3165 3164 828
1 3 828 3164 3169 3168
1 3 3164 826 3166 3169
1 3 3169 3166 224 3167
1 3 3168 3169 3167 827
1 3 822 3161 3171 3153
1 3 3161 828 3168 3171
1 3 3171 3168 827 3170
1 3 3153 3171 3170 227
1 3 227 3170 3175 3174
1 3 3170 827 3172 3175
1 3 3175 3172 832 3173
1 3 3174 3175 3173 831
1 3 827 3167 3178 3172
1 3 3167 224 3176 3178
1 3 3178 3176 829 3177
1 3 3172 3178 3177 832
1 3 832 3177 3182 3181
1 3 3177 829 3179 3182
1 3 3182 3179 69 3180
1 3 3181 3182 3180 830
1 3 831 3173 3185 3184
1 3 3173 832 3181 3185
1 3 3185 3181 830 3183
1 3 3184 3185 3183 225
1 3 226 3157 3189 3188
1 3 3157 823 3186 3189
1 3 3189 3186 835 3187
1 3 3188 3189 3187 834
1 3 823 3154 3191 3186
1 3 3154 227 3174 3191
1 3 3191 3174 831 3190
1 3 3186 3191 3190 835
1 3 835 3190 3194 3193
1 3 3190 831 3184 3194
1 3 3194 3184 225 3192
1 3 3193 3194 3192 833
1 3 834 3187 3197 3196
1 3 3187 835 3193 3197
1 3 3197 3193 833 3195
1 3 3196 3197 3195 68
1 3 64 3099 3200 3163
1 3 3099 809 3198 3200
1 3 3200 3198 838 3199
1 3 3163 3200 3199 826
1 3 809 3096 3203 3198
1 3 3096 219 3201 3203
1 3 3203 3201 836 3202
1 3 3198 3203 3202 838
1 3 838 3202 3207 3206
1 3 3202 836 3204 3207
1 3 3207 3204 230 3205
1 3 3206 3207 3205 837
1 3 826 3199 3209 3166
1 3 3199 838 3206 3209
1 3 3209 3206 837 3208
1 3 3166 3209 3208 224
1 3 219 3087 3212 3201
1 3 3087 806 3210 3212
1 3 3212 3210 841 3211
1 3 3201 3212 3211 836
1 3 806 3084 3215 3210
1 3 3084 16 3213 3215
1 3 3215 3213 839 3214
1 3 3210 3215 3214 841
1 3 841 3214 3219 3218
1 3 3214 839 3216 3219
1 3 3219 3216 228 3217
1 3 3218 3219 3217 840
1 3 836 3211 3221 3204
1 3 3211 841 3218 3221
1 3 3221 3218 840 3220
1 3 3204 3221 3220 230
1 3 230 3220 3225 3224
1 3 3220 840 3222 3225
1 3 3225 3222 845 3223
1 3 3224 3225 3223 844
1 3 840 3217 3228 3222
1 3 3217 228 3226 3228
1 3 3228 3226 842 3227
1 3 3222 3228 3227 845
1 3 845 3227 3232 3231
1 3 3227 842 3229 3232
1 3 3232 3229 66 3230
1 3 3231 3232 3230 843
1 3 844 3223 3235 3234
1 3 3223 845 3231 3235
1 3 3235 3231 843 3233
1 3 3234 3235 3233 229
1 3 224 3208 3238 3176
1 3 3208 837 3236 3238
1 3 3238 3236 847 3237
1 3 3176 3238 3237 829
1 3 837 3205 3240 3236
1 3 3205 230 3224 3240
1 3 3240 3224 844 3239
1 3 3236 3240 3239 847
1 3 847 3239 3243 3242
1 3 3239 844 3234 3243
1 3 3243 3234 229 3241
1 3 3242 3243 3241 846
1 3 829 3237 3245 3179
1 3 3237 847 3242 3245
1 3 3245 3242 846 3244
1 3 3179 3245 3244 69
1 3 69 3244 3249 3248
1 3 3244 846 3246 3249
1 3 3249 3246 851 3247
1 3 3248 3249 3247 850
1 3 846 3241 3252 3246
1 3 3241 229 3250 3252
1 3 3252 3250 848 3251
1 3 3246 3252 3251 851
1 3 851 3251 3256 3255
1 3 3251 848 3253 3256
1 3 3256 3253 234 3254
1 3 3255 3256 3254 849
1 3 850 3247 3259 3258
1 3 3247 851 3255 3259
1 3 3259 3255 849 3257
1 3 3258 3259 3257 233
1 3 229 3233 3262 3250
1 3 3233 843 3260 3262
1 3 3262 3260 854 3261
1 3 3250 3262 3261 848
1 3 843 3230 3265 3260
1 3 3230 66 3263 3265
1 3 3265 3263 852 3264
1 3 3260 3265 3264 854
1 3 854 3264 3269 3268
1 3 3264 852 3266 3269
1 3 3269 3266 231 3267
1 3 3268 3269 3267 853
1 3 848 3261 3271 3253
1 3 3261 854 3268 3271
1 3 3271 3268 853 3270
1 3 3253 3271 3270 234
1 3 234 3270 3275 3274
1 3 3270 853 3272 3275
1 3 3275 3272 858 3273
1 3 3274 3275 3273 857
1 3 853 3267 3278 3272
1 3 3267 231 3276 3278
1 3 3278 3276 855 3277
1 3 3272 3278 3277 858
1 3 858 3277 3282 3281
1 3 3277 855 3279 3282
1 3 3282 3279 6 3280
1 3 3281 3282 3280 856
1 3 857 3273 3285 3284
1 3 3273 858 3281 3285
1 3 3285 3281 856 3283
1 3 3284 3285 3283 232
1 3 233 3257 3289 3288
1 3 3257 849 3286 3289
1 3 3289 3286 861 3287
1 3 3288 3289 3287 860
1 3 849 3254 3291 3286
1 3 3254 234 3274 3291
1 3 3291 3274 857 3290
1 3 3286 3291 3290 861
1 3 861 3290 3294 3293
1 3 3290 857 3284 3294
1 3 3294 3284 232 3292
1 3 3293 3294 3292 859
1 3 860 3287 3297 3296
1 3 3287 861 3293 3297
1 3 3297 3293 859 3295
1 3 3296 3297 3295 67
1 3 68 3195 3301 3300
1 3 3195 833 3298 3301
1 3 3301 3298 865 3299
1 3 3300 3301 3299 864
1 3 833 3192 3304 3298
1 3 3192 225 3302 3304
1 3 3304 3302 862 3303
1 3 3298 3304 3303 865
1 3 865 3303 3308 3307
1 3 3303 862 3305 3308
1 3 3308 3305 237 3306
1 3 3307 3308 3306 863
1 3 864 3299 3311 3310
1 3 3299 865 3307 3311
1 3 3311 3307 863 3309
1 3 3310 3311 3309 236
1 3 225 3183 3314 3302
1 3 3183 830 3312 3314
1 3 3314 3312 867 3313
1 3 3302 3314 3313 862
1 3 830 3180 3316 3312
1 3 3180 69 3248 3316
1 3 3316 3248 850 3315
1 3 3312 3316 3315 867
1 3 867 3315 3319 3318
1 3 3315 850 3258 3319
1 3 3319 3258 233 3317
1 3 3318 3319 3317 866
1 3 862 3313 3321 3305
1 3 3313 867 3318 3321
1 3 3321 3318 866 3320
1 3 3305 3321 3320 237
1 3 237 3320 3325 3324
1 3 3320 866 3322 3325
1 3 3325 3322 870 3323
1 3 3324 3325 3323 869
1 3 866 3317 3327 3322
1 3 3317 233 3288 3327
1 3 3327 3288 860 3326
1 3 3322 3327 3326 870
1 3 870 3326 3330 3329
1 3 3326 860 3296 3330
1 3 3330 3296 67 3328
1 3 3329 3330 3328 868
1 3 869 3323 3333 3332
1 3 3323 870 3329 3333
1 3 3333 3329 868 3331
1 3 3332 3333 3331 235
1 3 236 3309 3337 3336
1 3 3309 863 3334 3337
1 3 3337 3334 873 3335
1 3 3336 3337 3335 872
1 3 863 3306 3339 3334
1 3 3306 237 3324 3339
1 3 3339 3324 869 3338
1 3 3334 3339 3338 873
1 3 873 3338 3342 3341
1 3 3338 869 3332 3342
1 3 3342 3332 235 3340
1 3 3341 3342 3340 871
1 3 872 3335 3345 3344
1 3 3335 873 3341 3345
1 3 3345 3341 871 3343
1 3 3344 3345 3343 17
1 3 18 1767 3349 3348
1 3 1767 467 3346 3349
1 3 3349 3346 877 3347
1 3 3348 3349 3347 876
1 3 467 1764 3352 3346
1 3 1764 129 3350 3352
1 3 3352 3350 874 3351
1 3 3346 3352 3351 877
1 3 877 3351 3356 3355
1 3 3351 874 3353 3356
1 3 3356 3353 241 3354
1 3 3355 3356 3354 875
1 3 876 3347 3359 3358
1 3 3347 877 3355 3359
1 3 3359 3355 875 3357
1 3 3358 3359 3357 240
1 3 129 1755 3362 3350
1 3 1755 464 3360 3362
1 3 3362 3360 880 3361
1 3 3350 3362 3361 874
1 3 464 1752 3365 3360
1 3 1752 38 3363 3365
1 3 3365 3363 878 3364
1 3 3360 3365 3364 880
1 3 880 3364 3369 3368
1 3 3364 878 3366 3369
1 3 3369 3366 238 3367
1 3 3368 3369 3367 879
1 3 874 3361 3371 3353
1 3 3361 880 3368 3371
1 3 3371 3368 879 3370
1 3 3353 3371 3370 241
1 3 241 3370 3375 3374
1 3 3370 879 3372 3375
1 3 3375 3372 884 3373
1 3 3374 3375 3373 883
1 3 879 3367 3378 3372
1 3 3367 238 3376 3378
1 3 3378 3376 881 3377
1 3 3372 3378 3377 884
1 3 884 3377 3382 3381
1 3 3377 881 3379 3382
1 3 3382 3379 72 3380
1 3 3381 3382 3380 882
1 3 883 3373 3385 3384
1 3 3373 884 3381 3385
1 3 3385 3381 882 3383
1 3 3384 3385 3383 239
1 3 240 3357 3389 3388
1 3 3357 875 3386 3389
1 3 3389 3386 887 3387
1 3 3388 3389 3387 886
1 3 875 3354 3391 3386
1 3 3354 241 3374 3391
1 3 3391 3374 883 3390
1 3 3386 3391 3390 887
1 3 887 3390 3394 3393
1 3 3390 883 3384 3394
1 3 3394 3384 239 3392
1 3 3393 3394 3392 885
1 3 886 3387 3397 3396
1 3 3387 887 3393 3397
1 3 3397 3393 885 3395
1 3 3396 3397 3395 71
1 3 38 1719 3400 3363
1 3 1719 455 3398 3400
1 3 3400 3398 890 3399
1 3 3363 3400 3399 878
1 3 455 1716 3403 3398
1 3 1716 126 3401 3403
1 3 3403 3401 888 3402
1 3 3398 3403 3402 890
1 3 890 3402 3407 3406
1 3 3402 888 3404 3407
1 3 3407 3404 243 3405
1 3 3406 3407 3405 889
1 3 878 3399 3409 3366
1 3 3399 890 3406 3409
1 3 3409 3406 889 3408
1 3 3366 3409 3408 238
1 3 126 1707 3412 3401
1 3 1707 452 3410 3412
1 3 3412 3410 892 3411
1 3 3401 3412 3411 888
1 3 452 1704 3414 3410
1 3 1704 28 3148 3414
1 3 3414 3148 824 3413
1 3 3410 3414 3413 892
1 3 892 3413 3417 3416
1 3 3413 824 3158 3417
1 3 3417 3158 226 3415
1 3 3416 3417 3415 891
1 3 888 3411 3419 3404
1 3 3411 892 3416 3419
1 3 3419 3416 891 3418
1 3 3404 3419 3418 243
1 3 243 3418 3423 3422
1 3 3418 891 3420 3423
1 3 3423 3420 895 3421
1 3 3422 3423 3421 894
1 3 891 3415 3425 3420
1 3 3415 226 3188 3425
1 3 3425 3188 834 3424
1 3 3420 3425 3424 895
1 3 895 3424 3428 3427
1 3 3424 834 3196 3428
1 3 3428 3196 68 3426
1 3 3427 3428 3426 893
1 3 894 3421 3431 3430
1 3 3421 895 3427 3431
1 3 3431 3427 893 3429
1 3 3430 3431 3429 242
1 3 238 3408 3434 3376
1 3 3408 889 3432 3434
1 3 3434 3432 897 3433
1 3 3376 3434 3433 881
1 3 889 3405 3436 3432
1 3 3405 243 3422 3436
1 3 3436 3422 894 3435
1 3 3432 3436 3435 897
1 3 897 3435 3439 3438
1 3 3435 894 3430 3439
1 3 3439 3430 242 3437
1 3 3438 3439 3437 896
1 3 881 3433 3441 3379
1 3 3433 897 3438 3441
1 3 3441 3438 896 3440
1 3 3379 3441 3440 72
1 3 72 3440 3445 3444
1 3 3440 896 3442 3445
1 3 3445 3442 901 3443
1 3 3444 3445 3443 900
1 3 896 3437 3448 3442
1 3 3437 242 3446 3448
1 3 3448 3446 898 3447
1 3 3442 3448 3447 901
1 3 901 3447 3452 3451
1 3 3447 898 3449 3452
1 3 3452 3449 246 3450
1 3 3451 3452 3450 899
1 3 900 3443 3455 3454
1 3 3443 901 3451 3455
1 3 3455 3451 899 3453
1 3 3454 3455 3453 245
1 3 242 3429 3458 3446
1 3 3429 893 3456 3458
1 3 3458 3456 903 3457
1 3 3446 3458 3457 898
1 3 893 3426 3460 3456
1 3 3426 68 3300 3460
1 3 3460 3300 864 3459
1 3 3456 3460 3459 903
1 3 903 3459 3463 3462
1 3 3459 864 3310 3463
1 3 3463 3310 236 3461
1 3 3462 3463 3461 902
1 3 898 3457 3465 3449
1 3 3457 903 3462 3465
1 3 3465 3462 902 3464
1 3 3449 3465 3464 246
1 3 246 3464 3469 3468
1 3 3464 902 3466 3469
1 3 3469 3466 906 3467
1 3 3468 3469 3467 905
1 3 902 3461 3471 3466
1 3 3461 236 3336 3471
1 3 3471 3336 872 3470
1 3 3466 3471 3470 906
1 3 906 3470 3474 3473
1 3 3470 872 3344 3474
1 3 3474 3344 17 3472
1 3 3473 3474 3472 904
1 3 905 3467 3477 3476
1 3 3467 906 3473 3477
1 3 3477 3473 904 3475
1 3 3476 3477 3475 244
1 3 245 3453 3481 3480
1 3 3453 899 3478 3481
1 3 3481 3478 909 3479
1 3 3480 3481 3479 908
1 3 899 3450 3483 3478
1 3 3450 246 3468 3483
1 3 3483 3468 905 3482
1 3 3478 3483 3482 909
1 3 909 3482 3486 3485
1 3 3482 905 3476 3486
1 3 3486 3476 244 3484
1 3 3485 3486 3484 907
1 3 908 3479 3489 3488
1 3 3479 909 3485 3489
1 3 3489 3485 907 3487
1 3 3488 3489 3487 70
1 3 71 3395 3493 3492
1 3 3395 885 3490 3493
1 3 3493 3490 913 3491
1 3 3492 3493 3491 912
1 3 885 3392 3496 3490
1 3 3392 239 3494 3496
1 3 3496 3494 910 3495
1 3 3490 3496 3495 913
1 3 913 3495 3500 3499
1 3 3495 910 3497 3500
1 3 3500 3497 249 3498
1 3 3499 3500 3498 911
1 3 912 3491 3503 3502
1 3 3491 913 3499 3503
1 3 3503 3499 911 3501
1 3 3502 3503 3501 248
1 3 239 3383 3506 3494
1 3 3383 882 3504 3506
1 3 3506 3504 915 3505
1 3 3494 3506 3505 910
1 3 882 3380 3508 3504
1 3 3380 72 3444 3508
1 3 3508 3444 900 3507
1 3 3504 3508 3507 915
1 3 915 3507 3511 3510
1 3 3507 900 3454 3511
1 3 3511 3454 245 3509
1 3 3510 3511 3509 914
1 3 910 3505 3513 3497
1 3 3505 915 3510 3513
1 3 3513 3510 914 3512
1 3 3497 3513 3512 249
1 3 249 3512 3517 3516
1 3 3512 914 3514 3517
1 3 3517 3514 918 3515
1 3 3516 3517 3515 917
1 3 914 3509 3519 3514
1 3 3509 245 3480 3519
1 3 3519 3480 908 3518
1 3 3514 3519 3518 918
1 3 918 3518 3522 3521
1 3 3518 908 3488 3522
1 3 3522 3488 70 3520
1 3 3521 3522 3520 916
1 3 917 3515 3525 3524
1 3 3515 918 3521 3525
1 3 3525 3521 916 3523
1 3 3524 3525 3523 247
1 3 248 3501 3529 3528
1 3 3501 911 3526 3529
1 3 3529 3526 921 3527
1 3 3528 3529 3527 920
1 3 911 3498 3531 3526
1 3 3498 249 3516 3531
1 3 3531 3516 917 3530
1 3 3526 3531 3530 921
1 3 921 3530 3534 3533
1 3 3530 917 3524 3534
1 3 3534 3524 247 3532
1 3 3533 3534 3532 919
1 3 920 3527 3537 3536
1 3 3527 921 3533 3537
1 3 3537 3533 919 3535
1 3 3536 3537 3535 5
1 3 18 3348 3540 1837
1 3 3348 876 3538 3540
1 3 3540 3538 924 3539
1 3 1837 3540 3539 487
1 3 876 3358 3543 3538
1 3 3358 240 3541 3543
1 3 3543 3541 922 3542
1 3 3538 3543 3542 924
1 3 924 3542 3547 3546
1 3 3542 922 3544 3547
1 3 3547 3544 252 3545
1 3 3546 3547 3545 923
1 3 487 3539 3549 1840
1 3 3539 924 3546 3549
1 3 3549 3546 923 3548
1 3 1840 3549 3548 136
1 3 240 3388 3552 3541
1 3 3388 886 3550 3552
1 3 3552 3550 927 3551
1 3 3541 3552 3551 922
1 3 886 3396 3555 3550
1 3 3396 71 3553 3555
1 3 3555 3553 925 3554
1 3 3550 3555 3554 927
1 3 927 3554 3559 3558
1 3 3554 925 3556 3559
1 3 3559 3556 250 3557
1 3 3558 3559 3557 926
1 3 922 3551 3561 3544
1 3 3551 927 3558 3561
1 3 3561 3558 926 3560
1 3 3544 3561 3560 252
1 3 252 3560 3565 3564
1 3 3560 926 3562 3565
1 3 3565 3562 931 3563
1 3 3564 3565 3563 930
1 3 926 3557 3568 3562
1 3 3557 250 3566 3568
1 3 3568 3566 928 3567
1 3 3562 3568 3567 931
1 3 931 3567 3572 3571
1 3 3567 928 3569 3572
1 3 3572 3569 75 3570
1 3 3571 3572 3570 929
1 3 930 3563 3575 3574
1 3 3563 931 3571 3575
1 3 3575 3571 929 3573
1 3 3574 3575 3573 251
1 3 136 3548 3578 1850
1 3 3548 923 3576 3578
1 3 3578 3576 933 3577
1 3 1850 3578 3577 490
1 3 923 3545 3580 3576
1 3 3545 252 3564 3580
1 3 3580 3564 930 3579
1 3 3576 3580 3579 933
1 3 933 3579 3583 3582
1 3 3579 930 3574 3583
1 3 3583 3574 251 3581
1 3 3582 3583 3581 932
1 3 490 3577 3585 1853
1 3 3577 933 3582 3585
1 3 3585 3582 932 3584
1 3 1853 3585 3584 41
1 3 71 3492 3588 3553
1 3 3492 912 3586 3588
1 3 3588 3586 936 3587
1 3 3553 3588 3587 925
1 3 912 3502 3591 3586
1 3 3502 248 3589 3591
1 3 3591 3589 934 3590
1 3 3586 3591 3590 936
1 3 936 3590 3595 3594
1 3 3590 934 3592 3595
1 3 3595 3592 255 3593
1 3 3594 3595 3593 935
1 3 925 3587 3597 3556
1 3 3587 936 3594 3597
1 3 3597 3594 935 3596
1 3 3556 3597 3596 250
1 3 248 3528 3600 3589
1 3 3528 920 3598 3600
1 3 3600 3598 939 3599
1 3 3589 3600 3599 934
1 3 920 3536 3603 3598
1 3 3536 5 3601 3603
1 3 3603 3601 937 3602
1 3 3598 3603 3602 939
1 3 939 3602 3607 3606
1 3 3602 937 3604 3607
1 3 3607 3604 253 3605
1 3 3606 3607 3605 938
1 3 934 3599 3609 3592
1 3 3599 939 3606 3609
1 3 3609 3606 938 3608
1 3 3592 3609 3608 255
1 3 255 3608 3613 3612
1 3 3608 938 3610 3613
1 3 3613 3610 943 3611
1 3 3612 3613 3611 942
1 3 938 3605 3616 3610
1 3 3605 253 3614 3616
1 3 3616 3614 940 3615
1 3 3610 3616 3615 943
1 3 943 3615 3620 3619
1 3 3615 940 3617 3620
1 3 3620 3617 73 3618
1 3 3619 3620 3618 941
1 3 942 3611 3623 3622
1 3 3611 943 3619 3623
1 3 3623 3619 941 3621
1 3 3622 3623 3621 254
1 3 250 3596 3626 3566
1 3 3596 935 3624 3626
1 3 3626 3624 945 3625
1 3 3566 3626 3625 928
1 3 935 3593 3628 3624
1 3 3593 255 3612 3628
1 3 3628 3612 942 3627
1 3 3624 3628 3627 945
1 3 945 3627 3631 3630
1 3 3627 942 3622 3631
1 3 3631 3622 254 3629
1 3 3630 3631 3629 944
1 3 928 3625 3633 3569
1 3 3625 945 3630 3633
1 3 3633 3630 944 3632
1 3 3569 3633 3632 75
1 3 75 3632 3637 3636
1 3 3632 944 3634 3637
1 3 3637 3634 949 3635
1 3 3636 3637 3635 948
1 3 944 3629 3640 3634
1 3 3629 254 3638 3640
1 3 3640 3638 946 3639
1 3 3634 3640 3639 949
1 3 949 3639 3644 3643
1 3 3639 946 3641 3644
1 3 3644 3641 259 3642
1 3 3643 3644 3642 947
1 3 948 3635 3647 3646
1 3 3635 949 3643 3647
1 3 3647 3643 947 3645
1 3 3646 3647 3645 258
1 3 254 3621 3650 3638
1 3 3621 941 3648 3650
1 3 3650 3648 952 3649
1 3 3638 3650 3649 946
1 3 941 3618 3653 3648
1 3 3618 73 3651 3653
1 3 3653 3651 950 3652
1 3 3648 3653 3652 952
1 3 952 3652 3657 3656
1 3 3652 950 3654 3657
1 3 3657 3654 256 3655
1 3 3656 3657 3655 951
1 3 946 3649 3659 3641
1 3 3649 952 3656 3659
1 3 3659 3656 951 3658
1 3 3641 3659 3658 259
1 3 259 3658 3663 3662
1 3 3658 951 3660 3663
1 3 3663 3660 956 3661
1 3 3662 3663 3661 955
1 3 951 3655 3666 3660
1 3 3655 256 3664 3666
1 3 3666 3664 953 3665
1 3 3660 3666 3665 956
1 3 956 3665 3670 3669
1 3 3665 953 3667 3670
1 3 3670 3667 19 3668
1 3 3669 3670 3668 954
1 3 955 3661 3673 3672
1 3 3661 956 3669 3673
1 3 3673 3669 954 3671
1 3 3672 3673 3671 257
1 3 258 3645 3677 3676
1 3 3645 947 3674 3677
1 3 3677 3674 959 3675
1 3 3676 3677 3675 958
1 3 947 3642 3679 3674
1 3 3642 259 3662 3679
1 3 3679 3662 955 3678
1 3 3674 3679 3678 959
1 3 959 3678 3682 3681
1 3 3678 955 3672 3682
1 3 3682 3672 257 3680
1 3 3681 3682 3680 957
1 3 958 3675 3685 3684
1 3 3675 959 3681 3685
1 3 3685 3681 957 3683
1 3 3684 3685 3683 74
1 3 41 3584 3688 1887
1 3 3584 932 3686 3688
1 3 3688 3686 962 3687
1 3 1887 3688 3687 500
1 3 932 3581 3691 3686
1 3 3581 251 3689 3691
1 3 3691 3689 960 3690
1 3 3686 3691 3690 962
1 3 962 3690 3695 3694
1 3 3690 960 3692 3695
1 3 3695 3692 261 3693
1 3 3694 3695 3693 961
1 3 500 3687 3697 1890
1 3 3687 962 3694 3697
1 3 3697 3694 961 3696
1 3 1890 3697 3696 139
1 3 251 3573 3700 3689
1 3 3573 929 3698 3700
1 3 3700 3698 964 3699
1 3 3689 3700 3699 960
1 3 929 3570 3702 3698
1 3 3570 75 3636 3702
1 3 3702 3636 948 3701
1 3 3698 3702 3701 964
1 3 964 3701 3705 3704
1 3 3701 948 3646 3705
1 3 3705 3646 258 3703
1 3 3704 3705 3703 963
1 3 960 3699 3707 3692
1 3 3699 964 3704 3707
1 3 3707 3704 963 3706
1 3 3692 3707 3706 261
1 3 261 3706 3711 3710
1 3 3706 963 3708 3711
1 3 3711 3708 967 3709
1 3 3710 3711 3709 966
1 3 963 3703 3713 3708
1 3 3703 258 3676 3713
1 3 3713 3676 958 3712
1 3 3708 3713 3712 967
1 3 967 3712 3716 3715
1 3 3712 958 3684 3716
1 3 3716 3684 74 3714
1 3 3715 3716 3714 965
1 3 966 3709 3719 3718
1 3 3709 967 3715 3719
1 3 3719 3715 965 3717
1 3 3718 3719 3717 260
1 3 139 3696 3722 1900
1 3 3696 961 3720 3722
1 3 3722 3720 969 3721
1 3 1900 3722 3721 503
1 3 961 3693 3724 3720
1 3 3693 261 3710 3724
1 3 3724 3710 966 3723
1 3 3720 3724 3723 969
1 3 969 3723 3727 3726
1 3 3723 966 3718 3727
1 3 3727 3718 260 3725
1 3 3726 3727 3725 968
1 3 503 3721 3729 1903
1 3 3721 969 3726 3729
1 3 3729 3726 968 3728
1 3 1903 3729 3728 29
1 3 29 3728 3733 3732
1 3 3728 968 3730 3733
1 3 3733 3730 973 3731
1 3 3732 3733 3731 972
1 3 968 3725 3736 3730
1 3 3725 260 3734 3736
1 3 3736 3734 970 3735
1 3 3730 3736 3735 973
1 3 973 3735 3740 3739
1 3 3735 970 3737 3740
1 3 3740 3737 265 3738
1 3 3739 3740 3738 971
1 3 972 3731 3743 3742
1 3 3731 973 3739 3743
1 3 3743 3739 971 3741
1 3 3742 3743 3741 264
1 3 260 3717 3746 3734
1 3 3717 965 3744 3746
1 3 3746 3744 976 3745
1 3 3734 3746 3745 970
1 3 965 3714 3749 3744
1 3 3714 74 3747 3749
1 3 3749 3747 974 3748
1 3 3744 3749 3748 976
1 3 976 3748 3753 3752
1 3 3748 974 3750 3753
1 3 3753 3750 262 3751
1 3 3752 3753 3751 975
1 3 970 3745 3755 3737
1 3 3745 976 3752 3755
1 3 3755 3752 975 3754
1 3 3737 3755 3754 265
1 3 265 3754 3759 3758
1 3 3754 975 3756 3759
1 3 3759 3756 980 3757
1 3 3758 3759 3757 979
1 3 975 3751 3762 3756
1 3 3751 262 3760 3762
1 3 3762 3760 977 3761
1 3 3756 3762 3761 980
1 3 980 3761 3766 3765
1 3 3761 977 3763 3766
1 3 3766 3763 79 3764
1 3 3765 3766 3764 978
1 3 979 3757 3769 3768
1 3 3757 980 3765 3769
1 3 3769 3765 978 3767
1 3 3768 3769 3767 263
1 3 264 3741 3773 3772
1 3 3741 971 3770 3773
1 3 3773 3770 983 3771
1 3 3772 3773 3771 982
1 3 971 3738 3775 3770
1 3 3738 265 3758 3775
1 3 3775 3758 979 3774
1 3 3770 3775 3774 983
1 3 983 3774 3778 3777
1 3 3774 979 3768 3778
1 3 3778 3768 263 3776
1 3 3777 3778 3776 981
1 3 982 3771 3781 3780
1 3 3771 983 3777 3781
1 3 3781 3777 981 3779
1 3 3780 3781 3779 78
1 3 74 3683 3784 3747
1 3 3683 957 3782 3784
1 3 3784 3782 986 3783
1 3 3747 3784 3783 974
1 3 957 3680 3787 3782
1 3 3680 257 3785 3787
1 3 3787 3785 984 3786
1 3 3782 3787 3786 986
1 3 986 3786 3791 3790
1 3 3786 984 3788 3791
1 3 3791 3788 268 3789
1 3 3790 3791 3789 985
1 3 974 3783 3793 3750
1 3 3783 986 3790 3793
1 3 3793 3790 985 3792
1 3 3750 3793 3792 262
1 3 257 3671 3796 3785
1 3 3671 954 3794 3796
1 3 3796 3794 989 3795
1 3 3785 3796 3795 984
1 3 954 3668 3799 3794
1 3 3668 19 3797 3799
1 3 3799 3797 987 3798
1 3 3794 3799 3798 989
1 3 989 3798 3803 3802
1 3 3798 987 3800 3803
1 3 3803 3800 266 3801
1 3 3802 3803 3801 988
1 3 984 3795 3805 3788
1 3 3795 989 3802 3805
1 3 3805 3802 988 3804
1 3 3788 3805 3804 268
1 3 268 3804 3809 3808
1 3 3804 988 3806 3809
1 3 3809 3806 993 3807
1 3 3808 3809 3807 992
1 3 988 3801 3812 3806
1 3 3801 266 3810 3812
1 3 3812 3810 990 3811
1 3 3806 3812 3811 993
1 3 993 3811 3816 3815
1 3 3811 990 3813 3816
1 3 3816 3813 76 3814
1 3 3815 3816 3814 991
1 3 992 3807 3819 3818
1 3 3807 993 3815 3819
1 3 3819 3815 991 3817
1 3 3818 3819 3817 267
1 3 262 3792 3822 3760
1 3 3792 985 3820 3822
1 3 3822 3820 995 3821
1 3 3760 3822 3821 977
1 3 985 3789 3824 3820
1 3 3789 268 3808 3824
1 3 3824 3808 992 3823
1 3 3820 3824 3823 995
1 3 995 3823 3827 3826
1 3 3823 992 3818 3827
1 3 3827 3818 267 3825
1 3 3826 3827 3825 994
1 3 977 3821 3829 3763
1 3 3821 995 3826 3829
1 3 3829 3826 994 3828
1 3 3763 3829 3828 79
1 3 79 3828 3833 3832
1 3 3828 994 3830 3833
1 3 3833 3830 999 3831
1 3 3832 3833 3831 998
1 3 994 3825 3836 3830
1 3 3825 267 3834 3836
1 3 3836 3834 996 3835
1 3 3830 3836 3835 999
1 3 999 3835 3840 3839
1 3 3835 996 3837 3840
1 3 3840 3837 272 3838
1 3 3839 3840 3838 997
1 3 998 3831 3843 3842
1 3 3831 999 3839 3843
1 3 3843 3839 997 3841
1 3 3842 3843 3841 271
1 3 267 3817 3846 3834
1 3 3817 991 3844 3846
1 3 3846 3844 1002 3845
1 3 3834 3846 3845 996
1 3 991 3814 3849 3844
1 3 3814 76 3847 3849
1 3 3849 3847 1000 3848
1 3 3844 3849 3848 1002
1 3 1002 3848 3853 3852
1 3 3848 1000 3850 3853
1 3 3853 3850 269 3851
1 3 3852 3853 3851 1001
1 3 996 3845 3855 3837
1 3 3845 1002 3852 3855
1 3 3855 3852 1001 3854
1 3 3837 3855 3854 272
1 3 272 3854 3859 3858
1 3 3854 1001 3856 3859
1 3 3859 3856 1006 3857
1 3 3858 3859 3857 1005
1 3 1001 3851 3862 3856
1 3 3851 269 3860 3862
1 3 3862 3860 1003 3861
1 3 3856 3862 3861 1006
1 3 1006 3861 3866 3865
1 3 3861 1003 3863 3866
1 3 3866 3863 8 3864
1 3 3865 3866 3864 1004
1 3 1005 3857 3869 3868
1 3 3857 1006 3865 3869
1 3 3869 3865 1004 3867
1 3 3868 3869 3867 270
1 3 271 3841 3873 3872
1 3 3841 997 3870 3873
1 3 3873 3870 1009 3871
1 3 3872 3873 3871 1008
1 3 997 3838 3875 3870
1 3 3838 272 3858 3875
1 3 3875 3858 1005 3874
1 3 3870 3875 3874 1009
1 3 1009 3874 3878 3877
1 3 3874 1005 3868 3878
1 3 3878 3868 270 3876
1 3 3877 3878 3876 1007
1 3 1008 3871 3881 3880
1 3 3871 1009 3877 3881
1 3 3881 3877 1007 3879
1 3 3880 3881 3879 77
1 3 78 3779 3885 3884
1 3 3779 981 3882 3885
1 3 3885 3882 1013 3883
1 3 3884 3885 3883 1012
1 3 981 3776 3888 3882
1 3 3776 263 3886 3888
1 3 3888 3886 1010 3887
1 3 3882 3888 3887 1013
1 3 1013 3887 3892 3891
1 3 3887 1010 3889 3892
1 3 3892 3889 275 3890
1 3 3891 3892 3890 1011
1 3 1012 3883 3895 3894
1 3 3883 1013 3891 3895
1 3 3895 3891 1011 3893
1 3 3894 3895 3893 274
1 3 263 3767 3898 3886
1 3 3767 978 3896 3898
1 3 3898 3896 1015 3897
1 3 3886 3898 3897 1010
1 3 978 3764 3900 3896
1 3 3764 79 3832 3900
1 3 3900 3832 998 3899
1 3 3896 3900 3899 1015
1 3 1015 3899 3903 3902
1 3 3899 998 3842 3903
1 3 3903 3842 271 3901
1 3 3902 3903 3901 1014
1 3 1010 3897 3905 3889
1 3 3897 1015 3902 3905
1 3 3905 3902 1014 3904
1 3 3889 3905 3904 275
1 3 275 3904 3909 3908
1 3 3904 1014 3906 3909
1 3 3909 3906 1018 3907
1 3 3908 3909 3907 1017
1 3 1014 3901 3911 3906
1 3 3901 271 3872 3911
1 3 3911 3872 1008 3910
1 3 3906 3911 3910 1018
1 3 1018 3910 3914 3913
1 3 3910 1008 3880 3914
1 3 3914 3880 77 3912
1 3 3913 3914 3912 1016
1 3 1017 3907 3917 3916
1 3 3907 1018 3913 3917
1 3 3917 3913 1016 3915
1 3 3916 3917 3915 273
1 3 274 3893 3921 3920
1 3 3893 1011 3918 3921
1 3 3921 3918 1021 3919
1 3 3920 3921 3919 1020
1 3 1011 3890 3923 3918
1 3 3890 275 3908 3923
1 3 3923 3908 1017 3922
1 3 3918 3923 3922 1021
1 3 1021 3922 3926 3925
1 3 3922 1017 3916 3926
1 3 3926 3916 273 3924
1 3 3925 3926 3924 1019
1 3 1020 3919 3929 3928
1 3 3919 1021 3925 3929
1 3 3929 3925 1019 3927
1 3 3928 3929 3927 20
1 3 21 1967 3933 3932
1 3 1967 519 3930 3933
1 3 3933 3930 1025 3931
1 3 3932 3933 3931 1024
1 3 519 1964 3936 3930
1 3 1964 143 3934 3936
1 3 3936 3934 1022 3935
1 3 3930 3936 3935 1025
1 3 1025 3935 3940 3939
1 3 3935 1022 3937 3940
1 3 3940 3937 279 3938
1 3 3939 3940 3938 1023
1 3 1024 3931 3943 3942
1 3 3931 1025 3939 3943
1 3 3943 3939 1023 3941
1 3 3942 3943 3941 278
1 3 143 1955 3946 3934
1 3 1955 516 3944 3946
1 3 3946 3944 1028 3945
1 3 3934 3946 3945 1022
1 3 516 1952 3949 3944
1 3 1952 42 3947 3949
1 3 3949 3947 1026 3948
1 3 3944 3949 3948 1028
1 3 1028 3948 3953 3952
1 3 3948 1026 3950 3953
1 3 3953 3950 276 3951
1 3 3952 3953 3951 1027
1 3 1022 3945 3955 3937
1 3 3945 1028 3952 3955
1 3 3955 3952 1027 3954
1 3 3937 3955 3954 279
1 3 279 3954 3959 3958
1 3 3954 1027 3956 3959
1 3 3959 3956 1032 3957
1 3 3958 3959 3957 1031
1 3 1027 3951 3962 3956
1 3 3951 276 3960 3962
1 3 3962 3960 1029 3961
1 3 3956 3962 3961 1032
1 3 1032 3961 3966 3965
1 3 3961 1029 3963 3966
1 3 3966 3963 82 3964
1 3 3965 3966 3964 1030
1 3 1031 3957 3969 3968
1 3 3957 1032 3965 3969
1 3 3969 3965 1030 3967
1 3 3968 3969 3967 277
1 3 278 3941 3973 3972
1 3 3941 1023 3970 3973
1 3 3973 3970 1035 3971
1 3 3972 3973 3971 1034
1 3 1023 3938 3975 3970
1 3 3938 279 3958 3975
1 3 3975 3958 1031 3974
1 3 3970 3975 3974 1035
1 3 1035 3974 3978 3977
1 3 3974 1031 3968 3978
1 3 3978 3968 277 3976
1 3 3977 3978 3976 1033
1 3 1034 3971 3981 3980
1 3 3971 1035 3977 3981
1 3 3981 3977 1033 3979
1 3 3980 3981 3979 81
1 3 42 1919 3984 3947
1 3 1919 507 3982 3984
1 3 3984 3982 1038 3983
1 3 3947 3984 3983 1026
1 3 507 1916 3987 3982
1 3 1916 140 3985 3987
1 3 3987 3985 1036 3986
1 3 3982 3987 3986 1038
1 3 1038 3986 3991 3990
1 3 3986 1036 3988 3991
1 3 3991 3988 281 3989
1 3 3990 3991 3989 1037
1 3 1026 3983 3993 3950
1 3 3983 1038 3990 3993
1 3 3993 3990 1037 3992
1 3 3950 3993 3992 276
1 3 140 1907 3996 3985
1 3 1907 504 3994 3996
1 3 3996 3994 1040 3995
1 3 3985 3996 3995 1036
1 3 504 1904 3998 3994
1 3 1904 29 3732 3998
1 3 3998 3732 972 3997
1 3 3994 3998 3997 1040
1 3 1040 3997 4001 4000
1 3 3997 972 3742 4001
1 3 4001 3742 264 3999
1 3 4000 4001 3999 1039
1 3 1036 3995 4003 3988
1 3 3995 1040 4000 4003
1 3 4003 4000 1039 4002
1 3 3988 4003 4002 281
1 3 281 4002 4007 4006
1 3 4002 1039 4004 4007
1 3 4007 4004 1043 4005
1 3 4006 4007 4005 1042
1 3 1039 3999 4009 4004
1 3 3999 264 3772 4009
1 3 4009 3772 982 4008
1 3 4004 4009 4008 1043
1 3 1043 4008 4012 4011
1 3 4008 982 3780 4012
1 3 4012 3780 78 4010
1 3 4011 4012 4010 1041
1 3 1042 4005 4015 4014
1 3 4005 1043 4011 4015
1 3 4015 4011 1041 4013
1 3 4014 4015 4013 280
1 3 276 3992 4018 3960
1 3 3992 1037 4016 4018
1 3 4018 4016 1045 4017
1 3 3960 4018 4017 1029
1 3 1037 3989 4020 4016
1 3 3989 281 4006 4020
1 3 4020 4006 1042 4019
1 3 4016 4020 4019 1045
1 3 1045 4019 4023 4022
1 3 4019 1042 4014 4023
1 3 4023 4014 280 4021
1 3 4022 4023 4021 1044
1 3 1029 4017 4025 3963
1 3 4017 1045 4022 4025
1 3 4025 4022 1044 4024
1 3 3963 4025 4024 82
1 3 82 4024 4029 4028
1 3 4024 1044 4026 4029
1 3 4029 4026 1049 4027
1 3 4028 4029 4027 1048
1 3 1044 4021 4032 4026
1 3 4021 280 4030 4032
1 3 4032 4030 1046 4031
1 3 4026 4032 4031 1049
1 3 1049 4031 4036 4035
1 3 4031 1046 4033 4036
1 3 4036 4033 284 4034
1 3 4035 4036 4034 1047
1 3 1048 4027 4039 4038
1 3 4027 1049 4035 4039
1 3 4039 4035 1047 4037
1 3 4038 4039 4037 283
1 3 280 4013 4042 4030
1 3 4013 1041 4040 4042
1 3 4042 4040 1051 4041
1 3 4030 4042 4041 1046
1 3 1041 4010 4044 4040
1 3 4010 78 3884 4044
1 3 4044 3884 1012 4043
1 3 4040 4044 4043 1051
1 3 1051 4043 4047 4046
1 3 4043 1012 3894 4047
1 3 4047 3894 274 4045
1 3 4046 4047 4045 1050
1 3 1046 4041 4049 4033
1 3 4041 1051 4046 4049
1 3 4049 4046 1050 4048
1 3 4033 4049 4048 284
1 3 284 4048 4053 4052
1 3 4048 1050 4050 4053
1 3 4053 4050 1054 4051
1 3 4052 4053 4051 1053
1 3 1050 4045 4055 4050
1 3 4045 274 3920 4055
1 3 4055 3920 1020 4054
1 3 4050 4055 4054 1054
1 3 1054 4054 4058 4057
1 3 4054 1020 3928 4058
1 3 4058 3928 20 4056
1 3 4057 4058 4056 1052
1 3 1053 4051 4061 4060
1 3 4051 1054 4057 4061
1 3 4061 4057 1052 4059
1 3 4060 4061 4059 282
1 3 283 4037 4065 4064
1 3 4037 1047 4062 4065
1 3 4065 4062 1057 4063
1 3 4064 4065 4063 1056
1 3 1047 4034 4067 4062
1 3 4034 284 4052 4067
1 3 4067 4052 1053 4066
1 3 4062 4067 4066 1057
1 3 1057 4066 4070 4069
1 3 4066 1053 4060 4070
1 3 4070 4060 282 4068
1 3 4069 4070 4068 1055
1 3 1056 4063 4073 4072
1 3 4063 1057 4069 4073
1 3 4073 4069 1055 4071
1 3 4072 4073 4071 80
1 3 81 3979 4077 4076
1 3 3979 1033 4074 4077
1 3 4077 4074 1061 4075
1 3 4076 4077 4075 1060
1 3 1033 3976 4080 4074
1 3 3976 277 4078 4080
1 3 4080 4078 1058 4079
1 3 4074 4080 4079 1061
1 3 1061 4079 4084 4083
1 3 4079 1058 4081 4084
1 3 4084 4081 287 4082
1 3 4083 4084 4082 1059
1 3 1060 4075 4087 4086
1 3 4075 1061 4083 4087
1 3 4087 4083 1059 4085
1 3 4086 4087 4085 286
1 3 277 3967 4090 4078
1 3 3967 1030 4088 4090
1 3 4090 4088 1063 4089
1 3 4078 4090 4089 1058
1 3 1030 3964 4092 4088
1 3 3964 82 4028 4092
1 3 4092 4028 1048 4091
1 3 4088 4092 4091 1063
1 3 1063 4091 4095 4094
1 3 4091 1048 4038 4095
1 3 4095 4038 283 4093
1 3 4094 4095 4093 1062
1 3 1058 4089 4097 4081
1 3 4089 1063 4094 4097
1 3 4097 4094 1062 4096
1 3 4081 4097 4096 287
1 3 287 4096 4101 4100
1 3 4096 1062 4098 4101
1 3 4101 4098 1066 4099
1 3 4100 4101 4099 1065
1 3 1062 4093 4103 4098
1 3 4093 283 4064 4103
1 3 4103 4064 1056 4102
1 3 4098 4103 4102 1066
1 3 1066 4102 4106 4105
1 3 4102 1056 4072 4106
1 3 4106 4072 80 4104
1 3 4105 4106 4104 1064
1 3 1065 4099 4109 4108
1 3 4099 1066 4105 4109
1 3 4109 4105 1064 4107
1 3 4108 4109 4107 285
1 3 286 4085 4113 4112
1 3 4085 1059 4110 4113
1 3 4113 4110 1069 4111
1 3 4112 4113 4111 1068
1 3 1059 4082 4115 4110
1 3 4082 287 4100 4115
1 3 4115 4100 1065 4114
1 3 4110 4115 4114 1069
1 3 1069 4114 4118 4117
1 3 4114 1065 4108 4118
1 3 4118 4108 285 4116
1 3 4117 4118 4116 1067
1 3 1068 4111 4121 4120
1 3 4111 1069 4117 4121
1 3 4121 4117 1067 4119
1 3 4120 4121 4119 7
1 3 21 3932 4124 2037
1 3 3932 1024 4122 4124
1 3 4124 4122 1072 4123
1 3 2037 4124 4123 539
1 3 1024 3942 4127 4122
1 3 3942 278 4125 4127
1 3 4127 4125 1070 4126
1 3 4122 4127 4126 1072
1 3 1072 4126 4131 4130
1 3 4126 1070 4128 4131
1 3 4131 4128 290 4129
1 3 4130 4131 4129 1071
1 3 539 4123 4133 2040
1 3 4123 1072 4130 4133
1 3 4133 4130 1071 4132
1 3 2040 4133 4132 150
1 3 278 3972 4136 4125
1 3 3972 1034 4134 4136
1 3 4136 4134 1075 4135
1 3 4125 4136 4135 1070
1 3 1034 3980 4139 4134
1 3 3980 81 4137 4139
1 3 4139 4137 1073 4138
1 3 4134 4139 4138 1075
1 3 1075 4138 4143 4142
1 3 4138 1073 4140 4143
1 3 4143 4140 288 4141
1 3 4142 4143 4141 1074
1 3 1070 4135 4145 4128
1 3 4135 1075 4142 4145
1 3 4145 4142 1074 4144
1 3 4128 4145 4144 290
1 3 290 4144 4149 4148
1 3 4144 1074 4146 4149
1 3 4149 4146 1079 4147
1 3 4148 4149 4147 1078
1 3 1074 4141 4152 4146
1 3 4141 288 4150 4152
1 3 4152 4150 1076 4151
1 3 4146 4152 4151 1079
1 3 1079 4151 4156 4155
1 3 4151 1076 4153 4156
1 3 4156 4153 85 4154
1 3 4155 4156 4154 1077
1 3 1078 4147 4159 4158
1 3 4147 1079 4155 4159
1 3 4159 4155 1077 4157
1 3 4158 4159 4157 289
1 3 150 4132 4162 2050
1 3 4132 1071 4160 4162
1 3 4162 4160 1081 4161
1 3 2050 4162 4161 542
1 3 1071 4129 4164 4160
1 3 4129 290 4148 4164
1 3 4164 4148 1078 4163
1 3 4160 4164 4163 1081
1 3 1081 4163 4167 4166
1 3 4163 1078 4158 4167
1 3 4167 4158 289 4165
1 3 4166 4167 4165 1080
1 3 542 4161 4169 2053
1 3 4161 1081 4166 4169
1 3 4169 4166 1080 4168
1 3 2053 4169 4168 45
1 3 81 4076 4172 4137
1 3 4076 1060 4170 4172
1 3 4172 4170 1084 4171
1 3 4137 4172 4171 1073
1 3 1060 4086 4175 4170
1 3 4086 286 4173 4175
1 3 4175 4173 1082 4174
1 3 4170 4175 4174 1084
1 3 1084 4174 4179 4178
1 3 4174 1082 4176 4179
1 3 4179 4176 293 4177
1 3 4178 4179 4177 1083
1 3 1073 4171 4181 4140
1 3 4171 1084 4178 4181
1 3 4181 4178 1083 4180
1 3 4140 4181 4180 288
1 3 286 4112 4184 4173
1 3 4112 1068 4182 4184
1 3 4184 4182 1087 4183
1 3 4173 4184 4183 1082
1 3 1068 4120 4187 4182
1 3 4120 7 4185 4187
1 3 4187 4185 1085 4186
1 3 4182 4187 4186 1087
1 3 1087 4186 4191 4190
1 3 4186 1085 4188 4191
1 3 4191 4188 291 4189
1 3 4190 4191 4189 1086
1 3 1082 4183 4193 4176
1 3 4183 1087 4190 4193
1 3 4193 4190 1086 4192
1 3 4176 4193 4192 293
1 3 293 4192 4197 4196
1 3 4192 1086 4194 4197
1 3 4197 4194 1091 4195
1 3 4196 4197 4195 1090
1 3 1086 4189 4200 4194
1 3 4189 291 4198 4200
1 3 4200 4198 1088 4199
1 3 4194 4200 4199 1091
1 3 1091 4199 4204 4203
1 3 4199 1088 4201 4204
1 3 4204 4201 83 4202
1 3 4203 4204 4202 1089
1 3 1090 4195 4207 4206
1 3 4195 1091 4203 4207
1 3 4207 4203 1089 4205
1 3 4206 4207 4205 292
1 3 288 4180 4210 4150
1 3 4180 1083 4208 4210
1 3 4210 4208 1093 4209
1 3 4150 4210 4209 1076
1 3 1083 4177 4212 4208
1 3 4177 293 4196 4212
1 3 4212 4196 1090 4211
1 3 4208 4212 4211 1093
1 3 1093 4211 4215 4214
1 3 4211 1090 4206 4215
1 3 4215 4206 292 4213
1 3 4214 4215 4213 1092
1 3 1076 4209 4217 4153
1 3 4209 1093 4214 4217
1 3 4217 4214 1092 4216
1 3 4153 4217 4216 85
1 3 85 4216 4221 4220
1 3 4216 1092 4218 4221
1 3 4221 4218 1097 4219
1 3 4220 4221 4219 1096
1 3 1092 4213 4224 4218
1 3 4213 292 4222 4224
1 3 4224 4222 1094 4223
1 3 4218 4224 4223 1097
1 3 1097 4223 4228 4227
1 3 4223 1094 4225 4228
1 3 4228 4225 297 4226
1 3 4227 4228 4226 1095
1 3 1096 4219 4231 4230
1 3 4219 1097 4227 4231
1 3 4231 4227 1095 4229
1 3 4230 4231 4229 296
1 3 292 4205 4234 4222
1 3 4205 1089 4232 4234
1 3 4234 4232 1100 4233
1 3 4222 4234 4233 1094
1 3 1089 4202 4237 4232
1 3 4202 83 4235 4237
1 3 4237 4235 1098 4236
1 3 4232 4237 4236 1100
1 3 1100 4236 4241 4240
1 3 4236 1098 4238 4241
1 3 4241 4238 294 4239
1 3 4240 4241 4239 1099
1 3 1094 4233 4243 4225
1 3 4233 1100 4240 4243
1 3 4243 4240 1099 4242
1 3 4225 4243 4242 297
1 3 297 4242 4247 4246
1 3 4242 1099 4244 4247
1 3 4247 4244 1104 4245
1 3 4246 4247 4245 1103
1 3 1099 4239 4250 4244
1 3 4239 294 4248 4250
1 3 4250 4248 1101 4249
1 3 4244 4250 4249 1104
1 3 1104 4249 4254 4253
1 3 4249 1101 4251 4254
1 3 4254 4251 22 4252
1 3 4253 4254 4252 1102
1 3 1103 4245 4257 4256
1 3 4245 1104 4253 4257
1 3 4257 4253 1102 4255
1 3 4256 4257 4255 295
1 3 296 4229 4261 4260
1 3 4229 1095 4258 4261
1 3 4261 4258 1107 4259
1 3 4260 4261 4259 1106
1 3 1095 4226 4263 4258
1 3 4226 297 4246 4263
1 3 4263 4246 1103 4262
1 3 4258 4263 4262 1107
1 3 1107 4262 4266 4265
1 3 4262 1103 4256 4266
1 3 4266 4256 295 4264
1 3 4265 4266 4264 1105
1 3 1106 4259 4269 4268
1 3 4259 1107 4265 4269
1 3 4269 4265 1105 4267
1 3 4268 4269 4267 84
1 3 45 4168 4272 2087
1 3 4168 1080 4270 4272
1 3 4272 4270 1110 4271
1 3 2087 4272 4271 552
1 3 1080 4165 4275 4270
1 3 4165 289 4273 4275
1 3 4275 4273 1108 4274
1 3 4270 4275 4274 1110
1 3 1110 4274 4279 4278
1 3 4274 1108 4276 4279
1 3 4279 4276 299 4277
1 3 4278 4279 4277 1109
1 3 552 4271 4281 2090
1 3 4271 1110 4278 4281
1 3 4281 4278 1109 4280
1 3 2090 4281 4280 153
1 3 289 4157 4284 4273
1 3 4157 1077 4282 4284
1 3 4284 4282 1112 4283
1 3 4273 4284 4283 1108
1 3 1077 4154 4286 4282
1 3 4154 85 4220 4286
1 3 4286 4220 1096 4285
1 3 4282 4286 4285 1112
1 3 1112 4285 4289 4288
1 3 4285 1096 4230 4289
1 3 4289 4230 296 4287
1 3 4288 4289 4287 1111
1 3 1108 4283 4291 4276
1 3 4283 1112 4288 4291
1 3 4291 4288 1111 4290
1 3 4276 4291 4290 299
1 3 299 4290 4295 4294
1 3 4290 1111 4292 4295
1 3 4295 4292 1115 4293
1 3 4294 4295 4293 1114
1 3 1111 4287 4297 4292
1 3 4287 296 4260 4297
1 3 4297 4260 1106 4296
1 3 4292 4297 4296 1115
1 3 1115 4296 4300 4299
1 3 4296 1106 4268 4300
1 3 4300 4268 84 4298
1 3 4299 4300 4298 1113
1 3 1114 4293 4303 4302
1 3 4293 1115 4299 4303
1 3 4303 4299 1113 4301
1 3 4302 4303 4301 298
1 3 153 4280 4306 2100
1 3 4280 1109 4304 4306
1 3 4306 4304 1117 4305
1 3 2100 4306 4305 555
1 3 1109 4277 4308 4304
1 3 4277 299 4294 4308
1 3 4308 4294 1114 4307
1 3 4304 4308 4307 1117
1 3 1117 4307 4311 4310
1 3 4307 1114 4302 4311
1 3 4311 4302 298 4309
1 3 4310 4311 4309 1116
1 3 555 4305 4313 2103
1 3 4305 1117 4310 4313
1 3 4313 4310 1116 4312
1 3 2103 4313 4312 30
1 3 30 4312 4317 4316
1 3 4312 1116 4314 4317
1 3 4317 4314 1121 4315
1 3 4316 4317 4315 1120
1 3 1116 4309 4320 4314
1 3 4309 298 4318 4320
1 3 4320 4318 1118 4319
1 3 4314 4320 4319 1121
1 3 1121 4319 4324 4323
1 3 4319 1118 4321 4324
1 3 4324 4321 303 4322
1 3 4323 4324 4322 1119
1 3 1120 4315 4327 4326
1 3 4315 1121 4323 4327
1 3 4327 4323 1119 4325
1 3 4326 4327 4325 302
1 3 298 4301 4330 4318
1 3 4301 1113 4328 4330
1 3 4330 4328 1124 4329
1 3 4318 4330 4329 1118
1 3 1113 4298 4333 4328
1 3 4298 84 4331 4333
1 3 4333 4331 1122 4332
1 3 4328 4333 4332 1124
1 3 1124 4332 4337 4336
1 3 4332 1122 4334 4337
1 3 4337 4334 300 4335
1 3 4336 4337 4335 1123
1 3 1118 4329 4339 4321
1 3 4329 1124 4336 4339
1 3 4339 4336 1123 4338
1 3 4321 4339 4338 303
1 3 303 4338 4343 4342
1 3 4338 1123 4340 4343
1 3 4343 4340 1128 4341
1 3 4342 4343 4341 1127
1 3 1123 4335 4346 4340
1 3 4335 300 4344 4346
1 3 4346 4344 1125 4345
1 3 4340 4346 4345 1128
1 3 1128 4345 4350 4349
1 3 4345 1125 4347 4350
1 3 4350 4347 89 4348
1 3 4349 4350 4348 1126
1 3 1127 4341 4353 4352
1 3 4341 1128 4349 4353
1 3 4353 4349 1126 4351
1 3 4352 4353 4351 301
1 3 302 4325 4357 4356
1 3 4325 1119 4354 4357
1 3 4357 4354 1131 4355
1 3 4356 4357 4355 1130
1 3 1119 4322 4359 4354
1 3 4322 303 4342 4359
1 3 4359 4342 1127 4358
1 3 4354 4359 4358 1131
1 3 1131 4358 4362 4361
1 3 4358 1127 4352 4362
1 3 4362 4352 301 4360
1 3 4361 4362 4360 1129
1 3 1130 4355 4365 4364
1 3 4355 1131 4361 4365
1 3 4365 4361 1129 4363
1 3 4364 4365 4363 88
1 3 84 4267 4368 4331
1 3 4267 1105 4366 4368
1 3 4368 4366 1134 4367
1 3 4331 4368 4367 1122
1 3 1105 4264 4371 4366
1 3 4264 295 4369 4371
1 3 4371 4369 1132 4370
1 3 4366 4371 4370 1134
1 3 1134 4370 4375 4374
1 3 4370 1132 4372 4375
1 3 4375 4372 306 4373
1 3 4374 4375 4373 1133
1 3 1122 4367 4377 4334
1 3 4367 1134 4374 4377
1 3 4377 4374 1133 4376
1 3 4334 4377 4376 300
1 3 295 4255 4380 4369
1 3 4255 1102 4378 4380
1 3 4380 4378 1137 4379
1 3 4369 4380 4379 1132
1 3 1102 4252 4383 4378
1 3 4252 22 4381 4383
1 3 4383 4381 1135 4382
1 3 4378 4383 4382 1137
1 3 1137 4382 4387 4386
1 3 4382 1135 4384 4387
1 3 4387 4384 304 4385
1 3 4386 4387 4385 1136
1 3 1132 4379 4389 4372
1 3 4379 1137 4386 4389
1 3 4389 4386 1136 4388
1 3 4372 4389 4388 306
1 3 306 4388 4393 4392
1 3 4388 1136 4390 4393
1 3 4393 4390 1141 4391
1 3 4392 4393 4391 1140
1 3 1136 4385 4396 4390
1 3 4385 304 4394 4396
1 3 4396 4394 1138 4395
1 3 4390 4396 4395 1141
1 3 1141 4395 4400 4399
1 3 4395 1138 4397 4400
1 3 4400 4397 86 4398
1 3 4399 4400 4398 1139
1 3 1140 4391 4403 4402
1 3 4391 1141 4399 4403
1 3 4403 4399 1139 4401
1 3 4402 4403 4401 305
1 3 300 4376 4406 4344
1 3 4376 1133 4404 4406
1 3 4406 4404 1143 4405
1 3 4344 4406 4405 1125
1 3 1133 4373 4408 4404
1 3 4373 306 4392 4408
1 3 4408 4392 1140 4407
1 3 4404 4408 4407 1143
1 3 1143 4407 4411 4410
1 3 4407 1140 4402 4411
1 3 4411 4402 305 4409
1 3 4410 4411 4409 1142
1 3 1125 4405 4413 4347
1 3 4405 1143 4410 4413
1 3 4413 4410 1142 4412
1 3 4347 4413 4412 89
1 3 89 4412 4417 4416
1 3 4412 1142 4414 4417
1 3 4417 4414 1147 4415
1 3 4416 4417 4415 1146
1 3 1142 4409 4420 4414
1 3 4409 305 4418 4420
1 3 4420 4418 1144 4419
1 3 4414 4420 4419 1147
1 3 1147 4419 4424 4423
1 3 4419 1144 4421 4424
1 3 4424 4421 310 4422
1 3 4423 4424 4422 1145
1 3 1146 4415 4427 4426
1 3 4415 1147 4423 4427
1 3 4427 4423 1145 4425
1 3 4426 4427 4425 309
1 3 305 4401 4430 4418
1 3 4401 1139 4428 4430
1 3 4430 4428 1150 4429
1 3 4418 4430 4429 1144
1 3 1139 4398 4433 4428
1 3 4398 86 4431 4433
1 3 4433 4431 1148 4432
1 3 4428 4433 4432 1150
1 3 1150 4432 4437 4436
1 3 4432 1148 4434 4437
1 3 4437 4434 307 4435
1 3 4436 4437 4435 1149
1 3 1144 4429 4439 4421
1 3 4429 1150 4436 4439
1 3 4439 4436 1149 4438
1 3 4421 4439 4438 310
1 3 310 4438 4443 4442
1 3 4438 1149 4440 4443
1 3 4443 4440 1154 4441
1 3 4442 4443 4441 1153
1 3 1149 4435 4446 4440
1 3 4435 307 4444 4446
1 3 4446 4444 1151 4445
1 3 4440 4446 4445 1154
1 3 1154 4445 4450 4449
1 3 4445 1151 4447 4450
1 3 4450 4447 10 4448
1 3 4449 4450 4448 1152
1 3 1153 4441 4453 4452
1 3 4441 1154 4449 4453
1 3 4453 4449 1152 4451
1 3 4452 4453 4451 308
1 3 309 4425 4457 4456
1 3 4425 1145 4454 4457
1 3 4457 4454 1157 4455
1 3 4456 4457 4455 1156
1 3 1145 4422 4459 4454
1 3 4422 310 4442 4459
1 3 4459 4442 1153 4458
1 3 4454 4459 4458 1157
1 3 1157 4458 4462 4461
1 3 4458 1153 4452 4462
1 3 4462 4452 308 4460
1 3 4461 4462 4460 1155
1 3 1156 4455 4465 4464
1 3 4455 1157 4461 4465
1 3 4465 4461 1155 4463
1 3 4464 4465 4463 87
1 3 88 4363 4469 4468
1 3 4363 1129 4466 4469
1 3 4469 4466 1161 4467
1 3 4468 4469 4467 1160
1 3 1129 4360 4472 4466
1 3 4360 301 4470 4472
1 3 4472 4470 1158 4471
1 3 4466 4472 4471 1161
1 3 1161 4471 4476 4475
1 3 4471 1158 4473 4476
1 3 4476 4473 313 4474
1 3 4475 4476 4474 1159
1 3 1160 4467 4479 4478
1 3 4467 1161 4475 4479
1 3 4479 4475 1159 4477
1 3 4478 4479 4477 312
1 3 301 4351 4482 4470
1 3 4351 1126 4480 4482
1 3 4482 4480 1163 4481
1 3 4470 4482 4481 1158
1 3 1126 4348 4484 4480
1 3 4348 89 4416 4484
1 3 4484 4416 1146 4483
1 3 4480 4484 4483 1163
1 3 1163 4483 4487 4486
1 3 4483 1146 4426 4487
1 3 4487 4426 309 4485
1 3 4486 4487 4485 1162
1 3 1158 4481 4489 4473
1 3 4481 1163 4486 4489
1 3 4489 4486 1162 4488
1 3 4473 4489 4488 313
1 3 313 4488 4493 4492
1 3 4488 1162 4490 4493
1 3 4493 4490 1166 4491
1 3 4492 4493 4491 1165
1 3 1162 4485 4495 4490
1 3 4485 309 4456 4495
1 3 4495 4456 1156 4494
1 3 4490 4495 4494 1166
1 3 1166 4494 4498 4497
1 3 4494 1156 4464 4498
1 3 4498 4464 87 4496
1 3 4497 4498 4496 1164
1 3 1165 4491 4501 4500
1 3 4491 1166 4497 4501
1 3 4501 4497 1164 4499
1 3 4500 4501 4499 311
1 3 312 4477 4505 4504
1 3 4477 1159 4502 4505
1 3 4505 4502 1169 4503
1 3 4504 4505 4503 1168
1 3 1159 4474 4507 4502
1 3 4474 313 4492 4507
1 3 4507 4492 1165 4506
1 3 4502 4507 4506 1169
1 3 1169 4506 4510 4509
1 3 4506 1165 4500 4510
1 3 4510 4500 311 4508
1 3 4509 4510 4508 1167
1 3 1168 4503 4513 4512
1 3 4503 1169 4509 4513
1 3 4513 4509 1167 4511
1 3 4512 4513 4511 23
1 3 24 2167 4517 4516
1 3 2167 571 4514 4517
1 3 4517 4514 1173 4515
1 3 4516 4517 4515 1172
1 3 571 2164 4520 4514
1 3 2164 157 4518 4520
1 3 4520 4518 1170 4519
1 3 4514 4520 4519 1173
1 3 1173 4519 4524 4523
1 3 4519 1170 4521 4524
1 3 4524 4521 317 4522
1 3 4523 4524 4522 1171
1 3 1172 4515 4527 4526
1 3 4515 1173 4523 4527
1 3 4527 4523 1171 4525
1 3 4526 4527 4525 316
1 3 157 2155 4530 4518
1 3 2155 568 4528 4530
1 3 4530 4528 1176 4529
1 3 4518 4530 4529 1170
1 3 568 2152 4533 4528
1 3 2152 46 4531 4533
1 3 4533 4531 1174 4532
1 3 4528 4533 4532 1176
1 3 1176 4532 4537 4536
1 3 4532 1174 4534 4537
1 3 4537 4534 314 4535
1 3 4536 4537 4535 1175
1 3 1170 4529 4539 4521
1 3 4529 1176 4536 4539
1 3 4539 4536 1175 4538
1 3 4521 4539 4538 317
1 3 317 4538 4543 4542
1 3 4538 1175 4540 4543
1 3 4543 4540 1180 4541
1 3 4542 4543 4541 1179
1 3 1175 4535 4546 4540
1 3 4535 314 4544 4546
1 3 4546 4544 1177 4545
1 3 4540 4546 4545 1180
1 3 1180 4545 4550 4549
1 3 4545 1177 4547 4550
1 3 4550 4547 92 4548
1 3 4549 4550 4548 1178
1 3 1179 4541 4553 4552
1 3 4541 1180 4549 4553
1 3 4553 4549 1178 4551
1 3 4552 4553 4551 315
1 3 316 4525 4557 4556
1 3 4525 1171 4554 4557
1 3 4557 4554 1183 4555
1 3 4556 4557 4555 1182
1 3 1171 4522 4559 4554
1 3 4522 317 4542 4559
1 3 4559 4542 1179 4558
1 3 4554 4559 4558 1183
1 3 1183 4558 4562 4561
1 3 4558 1179 4552 4562
1 3 4562 4552 315 4560
1 3 4561 4562 4560 1181
1 3 1182 4555 4565 4564
1 3 4555 1183 4561 4565
1 3 4565 4561 1181 4563
1 3 4564 4565 4563 91
1 3 46 2119 4568 4531
1 3 2119 559 4566 4568
1 3 4568 4566 1186 4567
1 3 4531 4568 4567 1174
1 3 559 2116 4571 4566
1 3 2116 154 4569 4571
1 3 4571 4569 1184 4570
1 3 4566 4571 4570 1186
1 3 1186 4570 4575 4574
1 3 4570 1184 4572 4575
1 3 4575 4572 319 4573
1 3 4574 4575 4573 1185
1 3 1174 4567 4577 4534
1 3 4567 1186 4574 4577
1 3 4577 4574 1185 4576
1 3 4534 4577 4576 314
1 3 154 2107 4580 4569
1 3 2107 556 4578 4580
1 3 4580 4578 1188 4579
1 3 4569 4580 4579 1184
1 3 556 2104 4582 4578
1 3 2104 30 4316 4582
1 3 4582 4316 1120 4581
1 3 4578 4582 4581 1188
1 3 1188 4581 4585 4584
1 3 4581 1120 4326 4585
1 3 4585 4326 302 4583
1 3 4584 4585 4583 1187
1 3 1184 4579 4587 4572
1 3 4579 1188 4584 4587
1 3 4587 4584 1187 4586
1 3 4572 4587 4586 319
1 3 319 4586 4591 4590
1 3 4586 1187 4588 4591
1 3 4591 4588 1191 4589
1 3 4590 4591 4589 1190
1 3 1187 4583 4593 4588
1 3 4583 302 4356 4593
1 3 4593 4356 1130 4592
1 3 4588 4593 4592 1191
1 3 1191 4592 4596 4595
1 3 4592 1130 4364 4596
1 3 4596 4364 88 4594
1 3 4595 4596 4594 1189
1 3 1190 4589 4599 4598
1 3 4589 1191 4595 4599
1 3 4599 4595 1189 4597
1 3 4598 4599 4597 318
1 3 314 4576 4602 4544
1 3 4576 1185 4600 4602
1 3 4602 4600 1193 4601
1 3 4544 4602 4601 1177
1 3 1185 4573 4604 4600
1 3 4573 319 4590 4604
1 3 4604 4590 1190 4603
1 3 4600 4604 4603 1193
1 3 1193 4603 4607 4606
1 3 4603 1190 4598 4607
1 3 4607 4598 318 4605
1 3 4606 4607 4605 1192
1 3 1177 4601 4609 4547
1 3 4601 1193 4606 4609
1 3 4609 4606 1192 4608
1 3 4547 4609 4608 92
1 3 92 4608 4613 4612
1 3 4608 1192 4610 4613
1 3 4613 4610 1197 4611
1 3 4612 4613 4611 1196
1 3 1192 4605 4616 4610
1 3 4605 318 4614 4616
1 3 4616 4614 1194 4615
1 3 4610 4616 4615 1197
1 3 1197 4615 4620 4619
1 3 4615 1194 4617 4620
1 3 4620 4617 322 4618
1 3 4619 4620 4618 1195
1 3 1196 4611 4623 4622
1 3 4611 1197 4619 4623
1 3 4623 4619 1195 4621
1 3 4622 4623 4621 321
1 3 318 4597 4626 4614
1 3 4597 1189 4624 4626
1 3 4626 4624 1199 4625
1 3 4614 4626 4625 1194
1 3 1189 4594 4628 4624
1 3 4594 88 4468 4628
1 3 4628 4468 1160 4627
1 3 4624 4628 4627 1199
1 3 1199 4627 4631 4630
1 3 4627 1160 4478 4631
1 3 4631 4478 312 4629
1 3 4630 4631 4629 1198
1 3 1194 4625 4633 4617
1 3 4625 1199 4630 4633
1 3 4633 4630 1198 4632
1 3 4617 4633 4632 322
1 3 322 4632 4637 4636
1 3 4632 1198 4634 4637
1 3 4637 4634 1202 4635
1 3 4636 4637 4635 1201
1 3 1198 4629 4639 4634
1 3 4629 312 4504 4639
1 3 4639 4504 1168 4638
1 3 4634 4639 4638 1202
1 3 1202 4638 4642 4641
1 3 4638 1168 4512 4642
1 3 4642 4512 23 4640
1 3 4641 4642 4640 1200
1 3 1201 4635 4645 4644
1 3 4635 1202 4641 4645
1 3 4645 4641 1200 4643
1 3 4644 4645 4643 320
1 3 321 4621 4649 4648
1 3 4621 1195 4646 4649
1 3 4649 4646 1205 4647
1 3 4648 4649 4647 1204
1 3 1195 4618 4651 4646
1 3 4618 322 4636 4651
1 3 4651 4636 1201 4650
1 3 4646 4651 4650 1205
1 3 1205 4650 4654 4653
1 3 4650 1201 4644 4654
1 3 4654 4644 320 4652
1 3 4653 4654 4652 1203
1 3 1204 4647 4657 4656
1 3 4647 1205 4653 4657
1 3 4657 4653 1203 4655
1 3 4656 4657 4655 90
1 3 91 4563 4661 4660
1 3 4563 1181 4658 4661
1 3 4661 4658 1209 4659
1 3 4660 4661 4659 1208
1 3 1181 4560 4664 4658
1 3 4560 315 4662 4664
1 3 4664 4662 1206 4663
1 3 4658 4664 4663 1209
1 3 1209 4663 4668 4667
1 3 4663 1206 4665 4668
1 3 4668 4665 325 4666
1 3 4667 4668 4666 1207
1 3 1208 4659 4671 4670
1 3 4659 1209 4667 4671
1 3 4671 4667 1207 4669
1 3 4670 4671 4669 324
1 3 315 4551 4674 4662
1 3 4551 1178 4672 4674
1 3 4674 4672 1211 4673
1 3 4662 4674 4673 1206
1 3 1178 4548 4676 4672
1 3 4548 92 4612 4676
1 3 4676 4612 1196 4675
1 3 4672 4676 4675 1211
1 3 1211 4675 4679 4678
1 3 4675 1196 4622 4679
1 3 4679 4622 321 4677
1 3 4678 4679 4677 1210
1 3 1206 4673 4681 4665
1 3 4673 1211 4678 4681
1 3 4681 4678 1210 4680
1 3 4665 4681 4680 325
1 3 325 4680 4685 4684
1 3 4680 1210 4682 4685
1 3 4685 4682 1214 4683
1 3 4684 4685 4683 1213
1 3 1210 4677 4687 4682
1 3 4677 321 4648 4687
1 3 4687 4648 1204 4686
1 3 4682 4687 4686 1214
1 3 1214 4686 4690 4689
1 3 4686 1204 4656 4690
1 3 4690 4656 90 4688
1 3 4689 4690 4688 1212
1 3 1213 4683 4693 4692
1 3 4683 1214 4689 4693
1 3 4693 4689 1212 4691
1 3 4692 4693 4691 323
1 3 324 4669 4697 4696
1 3 4669 1207 4694 4697
1 3 4697 4694 1217 4695
1 3 4696 4697 4695 1216
1 3 1207 4666 4699 4694
1 3 4666 325 4684 4699
1 3 4699 4684 1213 4698
1 3 4694 4699 4698 1217
1 3 1217 4698 4702 4701
1 3 4698 1213 4692 4702
1 3 4702 4692 323 4700
1 3 4701 4702 4700 1215
1 3 1216 4695 4705 4704
1 3 4695 1217 4701 4705
1 3 4705 4701 1215 4703
1 3 4704 4705 4703 9
1 3 24 4516 4708 2233
1 3 4516 1172 4706 4708
1 3 4708 4706 1220 4707
1 3 2233 4708 4707 589
1 3 1172 4526 4711 4706
1 3 4526 316 4709 4711
1 3 4711 4709 1218 4710
1 3 4706 4711 4710 1220
1 3 1220 4710 4715 4714
1 3 4710 1218 4712 4715
1 3 4715 4712 328 4713
1 3 4714 4715 4713 1219
1 3 589 4707 4717 2236
1 3 4707 1220 4714 4717
1 3 4717 4714 1219 4716
1 3 2236 4717 4716 163
1 3 316 4556 4720 4709
1 3 4556 1182 4718 4720
1 3 4720 4718 1223 4719
1 3 4709 4720 4719 1218
1 3 1182 4564 4723 4718
1 3 4564 91 4721 4723
1 3 4723 4721 1221 4722
1 3 4718 4723 4722 1223
1 3 1223 4722 4727 4726
1 3 4722 1221 4724 4727
1 3 4727 4724 326 4725
1 3 4726 4727 4725 1222
1 3 1218 4719 4729 4712
1 3 4719 1223 4726 4729
1 3 4729 4726 1222 4728
1 3 4712 4729 4728 328
1 3 328 4728 4733 4732
1 3 4728 1222 4730 4733
1 3 4733 4730 1227 4731
1 3 4732 4733 4731 1226
1 3 1222 4725 4736 4730
1 3 4725 326 4734 4736
1 3 4736 4734 1224 4735
1 3 4730 4736 4735 1227
1 3 1227 4735 4740 4739
1 3 4735 1224 4737 4740
1 3 4740 4737 95 4738
1 3 4739 4740 4738 1225
1 3 1226 4731 4743 4742
1 3 4731 1227 4739 4743
1 3 4743 4739 1225 4741
1 3 4742 4743 4741 327
1 3 163 4716 4746 2246
1 3 4716 1219 4744 4746
1 3 4746 4744 1229 4745
1 3 2246 4746 4745 592
1 3 1219 4713 4748 4744
1 3 4713 328 4732 4748
1 3 4748 4732 1226 4747
1 3 4744 4748 4747 1229
1 3 1229 4747 4751 4750
1 3 4747 1226 4742 4751
1 3 4751 4742 327 4749
1 3 4750 4751 4749 1228
1 3 592 4745 4753 2249
1 3 4745 1229 4750 4753
1 3 4753 4750 1228 4752
1 3 2249 4753 4752 49
1 3 91 4660 4756 4721
1 3 4660 1208 4754 4756
1 3 4756 4754 1232 4755
1 3 4721 4756 4755 1221
1 3 1208 4670 4759 4754
1 3 4670 324 4757 4759
1 3 4759 4757 1230 4758
1 3 4754 4759 4758 1232
1 3 1232 4758 4763 4762
1 3 4758 1230 4760 4763
1 3 4763 4760 331 4761
1 3 4762 4763 4761 1231
1 3 1221 4755 4765 4724
1 3 4755 1232 4762 4765
1 3 4765 4762 1231 4764
1 3 4724 4765 4764 326
1 3 324 4696 4768 4757
1 3 4696 1216 4766 4768
1 3 4768 4766 1235 4767
1 3 4757 4768 4767 1230
1 3 1216 4704 4771 4766
1 3 4704 9 4769 4771
1 3 4771 4769 1233 4770
1 3 4766 4771 4770 1235
1 3 1235 4770 4775 4774
1 3 4770 1233 4772 4775
1 3 4775 4772 329 4773
1 3 4774 4775 4773 1234
1 3 1230 4767 4777 4760
1 3 4767 1235 4774 4777
1 3 4777 4774 1234 4776
1 3 4760 4777 4776 331
1 3 331 4776 4781 4780
1 3 4776 1234 4778 4781
1 3 4781 4778 1239 4779
1 3 4780 4781 4779 1238
1 3 1234 4773 4784 4778
1 3 4773 329 4782 4784
1 3 4784 4782 1236 4783
1 3 4778 4784 4783 1239
1 3 1239 4783 4788 4787
1 3 4783 1236 4785 4788
1 3 4788 4785 93 4786
1 3 4787 4788 4786 1237
1 3 1238 4779 4791 4790
1 3 4779 1239 4787 4791
1 3 4791 4787 1237 4789
1 3 4790 4791 4789 330
1 3 326 4764 4794 4734
1 3 4764 1231 4792 4794
1 3 4794 4792 1241 4793
1 3 4734 4794 4793 1224
1 3 1231 4761 4796 4792
1 3 4761 331 4780 4796
1 3 4796 4780 1238 4795
1 3 4792 4796 4795 1241
1 3 1241 4795 4799 4798
1 3 4795 1238 4790 4799
1 3 4799 4790 330 4797
1 3 4798 4799 4797 1240
1 3 1224 4793 4801 4737
1 3 4793 1241 4798 4801
1 3 4801 4798 1240 4800
1 3 4737 4801 4800 95
1 3 95 4800 4805 4804
1 3 4800 1240 4802 4805
1 3 4805 4802 1245 4803
1 3 4804 4805 4803 1244
1 3 1240 4797 4808 4802
1 3 4797 330 4806 4808
1 3 4808 4806 1242 4807
1 3 4802 4808 4807 1245
1 3 1245 4807 4812 4811
1 3 4807 1242 4809 4812
1 3 4812 4809 335 4810
1 3 4811 4812 4810 1243
1 3 1244 4803 4815 4814
1 3 4803 1245 4811 4815
1 3 4815 4811 1243 4813
1 3 4814 4815 4813 334
1 3 330 4789 4818 4806
1 3 4789 1237 4816 4818
1 3 4818 4816 1248 4817
1 3 4806 4818 4817 1242
1 3 1237 4786 4821 4816
1 3 4786 93 4819 4821
1 3 4821 4819 1246 4820
1 3 4816 4821 4820 1248
1 3 1248 4820 4825 4824
1 3 4820 1246 4822 4825
1 3 4825 4822 332 4823
1 3 4824 4825 4823 1247
1 3 1242 4817 4827 4809
1 3 4817 1248 4824 4827
1 3 4827 4824 1247 4826
1 3 4809 4827 4826 335
1 3 335 4826 4831 4830
1 3 4826 1247 4828 4831
1 3 4831 4828 1252 4829
1 3 4830 4831 4829 1251
1 3 1247 4823 4834 4828
1 3 4823 332 4832 4834
1 3 4834 4832 1249 4833
1 3 4828 4834 4833 1252
1 3 1252 4833 4838 4837
1 3 4833 1249 4835 4838
1 3 4838 4835 25 4836
1 3 4837 4838 4836 1250
1 3 1251 4829 4841 4840
1 3 4829 1252 4837 4841
1 3 4841 4837 1250 4839
1 3 4840 4841 4839 333
1 3 334 4813 4845 4844
1 3 4813 1243 4842 4845
1 3 4845 4842 1255 4843
1 3 4844 4845 4843 1254
1 3 1243 4810 4847 4842
1 3 4810 335 4830 4847
1 3 4847 4830 1251 4846
1 3 4842 4847 4846 1255
1 3 1255 4846 4850 4849
1 3 4846 1251 4840 4850
1 3 4850 4840 333 4848
1 3 4849 4850 4848 1253
1 3 1254 4843 4853 4852
1 3 4843 1255 4849 4853
1 3 4853 4849 1253 4851
1 3 4852 4853 4851 94
1 3 49 4752 4856 2283
1 3 4752 1228 4854 4856
1 3 4856 4854 1258 4855
1 3 2283 4856 4855 602
1 3 1228 4749 4859 4854
1 3 4749 327 4857 4859
1 3 4859 4857 1256 4858
1 3 4854 4859 4858 1258
1 3 1258 4858 4863 4862
1 3 4858 1256 4860 4863
1 3 4863 4860 337 4861
1 3 4862 4863 4861 1257
1 3 602 4855 4865 2286
1 3 4855 1258 4862 4865
1 3 4865 4862 1257 4864
1 3 2286 4865 4864 166
1 3 327 4741 4868 4857
1 3 4741 1225 4866 4868
1 3 4868 4866 1260 4867
1 3 4857 4868 4867 1256
1 3 1225 4738 4870 4866
1 3 4738 95 4804 4870
1 3 4870 4804 1244 4869
1 3 4866 4870 4869 1260
1 3 1260 4869 4873 4872
1 3 4869 1244 4814 4873
1 3 4873 4814 334 4871
1 3 4872 4873 4871 1259
1 3 1256 4867 4875 4860
1 3 4867 1260 4872 4875
1 3 4875 4872 1259 4874
1 3 4860 4875 4874 337
1 3 337 4874 4879 4878
1 3 4874 1259 4876 4879
1 3 4879 4876 1263 4877
1 3 4878 4879 4877 1262
1 3 1259 4871 4881 4876
1 3 4871 334 4844 4881
1 3 4881 4844 1254 4880
1 3 4876 4881 4880 1263
1 3 1263 4880 4884 4883
1 3 4880 1254 4852 4884
1 3 4884 4852 94 4882
1 3 4883 4884 4882 1261
1 3 1262 4877 4887 4886
1 3 4877 1263 4883 4887
1 3 4887 4883 1261 4885
1 3 4886 4887 4885 336
1 3 166 4864 4890 2296
1 3 4864 1257 4888 4890
1 3 4890 4888 1265 4889
1 3 2296 4890 4889 605
1 3 1257 4861 4892 4888
1 3 4861 337 4878 4892
1 3 4892 4878 1262 4891
1 3 4888 4892 4891 1265
1 3 1265 4891 4895 4894
1 3 4891 1262 4886 4895
1 3 4895 4886 336 4893
1 3 4894 4895 4893 1264
1 3 605 4889 4897 2299
1 3 4889 1265 4894 4897
1 3 4897 4894 1264 4896
1 3 2299 4897 4896 31
1 3 31 4896 4901 4900
1 3 4896 1264 4898 4901
1 3 4901 4898 1269 4899
1 3 4900 4901 4899 1268
1 3 1264 4893 4904 4898
1 3 4893 336 4902 4904
1 3 4904 4902 1266 4903
1 3 4898 4904 4903 1269
1 3 1269 4903 4908 4907
1 3 4903 1266 4905 4908
1 3 4908 4905 341 4906
1 3 4907 4908 4906 1267
1 3 1268 4899 4911 4910
1 3 4899 1269 4907 4911
1 3 4911 4907 1267 4909
1 3 4910 4911 4909 340
1 3 336 4885 4914 4902
1 3 4885 1261 4912 4914
1 3 4914 4912 1272 4913
1 3 4902 4914 4913 1266
1 3 1261 4882 4917 4912
1 3 4882 94 4915 4917
1 3 4917 4915 1270 4916
1 3 4912 4917 4916 1272
1 3 1272 4916 4921 4920
1 3 4916 1270 4918 4921
1 3 4921 4918 338 4919
1 3 4920 4921 4919 1271
1 3 1266 4913 4923 4905
1 3 4913 1272 4920 4923
1 3 4923 4920 1271 4922
1 3 4905 4923 4922 341
1 3 341 4922 4927 4926
1 3 4922 1271 4924 4927
1 3 4927 4924 1276 4925
1 3 4926 4927 4925 1275
1 3 1271 4919 4930 4924
1 3 4919 338 4928 4930
1 3 4930 4928 1273 4929
1 3 4924 4930 4929 1276
1 3 1276 4929 4934 4933
1 3 4929 1273 4931 4934
1 3 4934 4931 99 4932
1 3 4933 4934 4932 1274
1 3 1275 4925 4937 4936
1 3 4925 1276 4933 4937
1 3 4937 4933 1274 4935
1 3 4936 4937 4935 339
1 3 340 4909 4941 4940
1 3 4909 1267 4938 4941
1 3 4941 4938 1279 4939
1 3 4940 4941 4939 1278
1 3 1267 4906 4943 4938
1 3 4906 341 4926 4943
1 3 4943 4926 1275 4942
1 3 4938 4943 4942 1279
1 3 1279 4942 4946 4945
1 3 4942 1275 4936 4946
1 3 4946 4936 339 4944
1 3 4945 4946 4944 1277
1 3 1278 4939 4949 4948
1 3 4939 1279 4945 4949
1 3 4949 4945 1277 4947
1 3 4948 4949 4947 98
1 3 94 4851 4952 4915
1 3 4851 1253 4950 4952
1 3 4952 4950 1282 4951
1 3 4915 4952 4951 1270
1 3 1253 4848 4955 4950
1 3 4848 333 4953 4955
1 3 4955 4953 1280 4954
1 3 4950 4955 4954 1282
1 3 1282 4954 4959 4958
1 3 4954 1280 4956 4959
1 3 4959 4956 344 4957
1 3 4958 4959 4957 1281
1 3 1270 4951 4961 4918
1 3 4951 1282 4958 4961
1 3 4961 4958 1281 4960
1 3 4918 4961 4960 338
1 3 333 4839 4964 4953
1 3 4839 1250 4962 4964
1 3 4964 4962 1285 4963
1 3 4953 4964 4963 1280
1 3 1250 4836 4967 4962
1 3 4836 25 4965 4967
1 3 4967 4965 1283 4966
1 3 4962 4967 4966 1285
1 3 1285 4966 4971 4970
1 3 4966 1283 4968 4971
1 3 4971 4968 342 4969
1 3 4970 4971 4969 1284
1 3 1280 4963 4973 4956
1 3 4963 1285 4970 4973
1 3 4973 4970 1284 4972
1 3 4956 4973 4972 344
1 3 344 4972 4977 4976
1 3 4972 1284 4974 4977
1 3 4977 4974 1289 4975
1 3 4976 4977 4975 1288
1 3 1284 4969 4980 4974
1 3 4969 342 4978 4980
1 3 4980 4978 1286 4979
1 3 4974 4980 4979 1289
1 3 1289 4979 4984 4983
1 3 4979 1286 4981 4984
1 3 4984 4981 96 4982
1 3 4983 4984 4982 1287
1 3 1288 4975 4987 4986
1 3 4975 1289 4983 4987
1 3 4987 4983 1287 4985
1 3 4986 4987 4985 343
1 3 338 4960 4990 4928
1 3 4960 1281 4988 4990
1 3 4990 4988 1291 4989
1 3 4928 4990 4989 1273
1 3 1281 4957 4992 4988
1 3 4957 344 4976 4992
1 3 4992 4976 1288 4991
1 3 4988 4992 4991 1291
1 3 1291 4991 4995 4994
1 3 4991 1288 4986 4995
1 3 4995 4986 343 4993
1 3 4994 4995 4993 1290
1 3 1273 4989 4997 4931
1 3 4989 1291 4994 4997
1 3 4997 4994 1290 4996
1 3 4931 4997 4996 99
1 3 99 4996 5001 5000
1 3 4996 1290 4998 5001
1 3 5001 4998 1295 4999
1 3 5000 5001 4999 1294
1 3 1290 4993 5004 4998
1 3 4993 343 5002 5004
1 3 5004 5002 1292 5003
1 3 4998 5004 5003 1295
1 3 1295 5003 5008 5007
1 3 5003 1292 5005 5008
1 3 5008 5005 348 5006
1 3 5007 5008 5006 1293
1 3 1294 4999 5011 5010
1 3 4999 1295 5007 5011
1 3 5011 5007 1293 5009
1 3 5010 5011 5009 347
1 3 343 4985 5014 5002
1 3 4985 1287 5012 5014
1 3 5014 5012 1298 5013
1 3 5002 5014 5013 1292
1 3 1287 4982 5017 5012
1 3 4982 96 5015 5017
1 3 5017 5015 1296 5016
1 3 5012 5017 5016 1298
1 3 1298 5016 5021 5020
1 3 5016 1296 5018 5021
1 3 5021 5018 345 5019
1 3 5020 5021 5019 1297
1 3 1292 5013 5023 5005
1 3 5013 1298 5020 5023
1 3 5023 5020 1297 5022
1 3 5005 5023 5022 348
1 3 348 5022 5027 5026
1 3 5022 1297 5024 5027
1 3 5027 5024 1302 5025
1 3 5026 5027 5025 1301
1 3 1297 5019 5030 5024
1 3 5019 345 5028 5030
1 3 5030 5028 1299 5029
1 3 5024 5030 5029 1302
1 3 1302 5029 5034 5033
1 3 5029 1299 5031 5034
1 3 5034 5031 11 5032
1 3 5033 5034 5032 1300
1 3 1301 5025 5037 5036
1 3 5025 1302 5033 5037
1 3 5037 5033 1300 5035
1 3 5036 5037 5035 346
1 3 347 5009 5041 5040
1 3 5009 1293 5038 5041
1 3 5041 5038 1305 5039
1 3 5040 5041 5039 1304
1 3 1293 5006 5043 5038
1 3 5006 348 5026 5043
1 3 5043 5026 1301 5042
1 3 5038 5043 5042 1305
1 3 1305 5042 5046 5045
1 3 5042 1301 5036 5046
1 3 5046 5036 346 5044
1 3 5045 5046 5044 1303
1 3 1304 5039 5049 5048
1 3 5039 1305 5045 5049
1 3 5049 5045 1303 5047
1 3 5048 5049 5047 97
1 3 98 4947 5053 5052
1 3 4947 1277 5050 5053
1 3 5053 5050 1309 5051
1 3 5052 5053 5051 1308
1 3 1277 4944 5056 5050
1 3 4944 339 5054 5056
1 3 5056 5054 1306 5055
1 3 5050 5056 5055 1309
1 3 1309 5055 5060 5059
1 3 5055 1306 5057 5060
1 3 5060 5057 351 5058
1 3 5059 5060 5058 1307
1 3 1308 5051 5063 5062
1 3 5051 1309 5059 5063
1 3 5063 5059 1307 5061
1 3 5062 5063 5061 350
1 3 339 4935 5066 5054
1 3 4935 1274 5064 5066
1 3 5066 5064 1311 5065
1 3 5054 5066 5065 1306
1 3 1274 4932 5068 5064
1 3 4932 99 5000 5068
1 3 5068 5000 1294 5067
1 3 5064 5068 5067 1311
1 3 1311 5067 5071 5070
1 3 5067 1294 5010 5071
1 3 5071 5010 347 5069
1 3 5070 5071 5069 1310
1 3 1306 5065 5073 5057
1 3 5065 1311 5070 5073
1 3 5073 5070 1310 5072
1 3 5057 5073 5072 351
1 3 351 5072 5077 5076
1 3 5072 1310 5074 5077
1 3 5077 5074 1314 5075
1 3 5076 5077 5075 1313
1 3 1310 5069 5079 5074
1 3 5069 347 5040 5079
1 3 5079 5040 1304 5078
1 3 5074 5079 5078 1314
1 3 1314 5078 5082 5081
1 3 5078 1304 5048 5082
1 3 5082 5048 97 5080
1 3 5081 5082 5080 1312
1 3 1313 5075 5085 5084
1 3 5075 1314 5081 5085
1 3 5085 5081 1312 5083
1 3 5084 5085 5083 349
1 3 350 5061 5089 5088
1 3 5061 1307 5086 5089
1 3 5089 5086 1317 5087
1 3 5088 5089 5087 1316
1 3 1307 5058 5091 5086
1 3 5058 351 5076 5091
1 3 5091 5076 1313 5090
1 3 5086 5091 5090 1317
1 3 1317 5090 5094 5093
1 3 5090 1313 5084 5094
1 3 5094 5084 349 5092
1 3 5093 5094 5092 1315
1 3 1316 5087 5097 5096
1 3 5087 1317 5093 5097
1 3 5097 5093 1315 5095
1 3 5096 5097 5095 26
1 3 12 2360 5100 2362
1 3 2360 620 5098 5100
1 3 5100 5098 1320 5099
1 3 2362 5100 5099 622
1 3 620 2357 5103 5098
1 3 2357 170 5101 5103
1 3 5103 5101 1318 5102
1 3 5098 5103 5102 1320
1 3 1320 5102 5107 5106
1 3 5102 1318 5104 5107
1 3 5107 5104 354 5105
1 3 5106 5107 5105 1319
1 3 622 5099 5109 2366
1 3 5099 1320 5106 5109
1 3 5109 5106 1319 5108
1 3 2366 5109 5108 172
1 3 170 2349 5112 5101
1 3 2349 617 5110 5112
1 3 5112 5110 1323 5111
1 3 5101 5112 5111 1318
1 3 617 2346 5115 5110
1 3 2346 50 5113 5115
1 3 5115 5113 1321 5114
1 3 5110 5115 5114 1323
1 3 1323 5114 5119 5118
1 3 5114 1321 5116 5119
1 3 5119 5116 352 5117
1 3 5118 5119 5117 1322
1 3 1318 5111 5121 5104
1 3 5111 1323 5118 5121
1 3 5121 5118 1322 5120
1 3 5104 5121 5120 354
1 3 354 5120 5125 5124
1 3 5120 1322 5122 5125
1 3 5125 5122 1327 5123
1 3 5124 5125 5123 1326
1 3 1322 5117 5128 5122
1 3 5117 352 5126 5128
1 3 5128 5126 1324 5127
1 3 5122 5128 5127 1327
1 3 1327 5127 5132 5131
1 3 5127 1324 5129 5132
1 3 5132 5129 101 5130
1 3 5131 5132 5130 1325
1 3 1326 5123 5135 5134
1 3 5123 1327 5131 5135
1 3 5135 5131 1325 5133
1 3 5134 5135 5133 353
1 3 172 5108 5138 2376
1 3 5108 1319 5136 5138
1 3 5138 5136 1329 5137
1 3 2376 5138 5137 626
1 3 1319 5105 5140 5136
1 3 5105 354 5124 5140
1 3 5140 5124 1326 5139
1 3 5136 5140 5139 1329
1 3 1329 5139 5143 5142
1 3 5139 1326 5134 5143
1 3 5143 5134 353 5141
1 3 5142 5143 5141 1328
1 3 626 5137 5145 2380
1 3 5137 1329 5142 5145
1 3 5145 5142 1328 5144
1 3 2380 5145 5144 52
1 3 50 2315 5148 5113
1 3 2315 609 5146 5148
1 3 5148 5146 1332 5147
1 3 5113 5148 5147 1321
1 3 609 2312 5151 5146
1 3 2312 167 5149 5151
1 3 5151 5149 1330 5150
1 3 5146 5151 5150 1332
1 3 1332 5150 5155 5154
1 3 5150 1330 5152 5155
1 3 5155 5152 356 5153
1 3 5154 5155 5153 1331
1 3 1321 5147 5157 5116
1 3 5147 1332 5154 5157
1 3 5157 5154 1331 5156
1 3 5116 5157 5156 352
1 3 167 2303 5160 5149
1 3 2303 606 5158 5160
1 3 5160 5158 1334 5159
1 3 5149 5160 5159 1330
1 3 606 2300 5162 5158
1 3 2300 31 4900 5162
1 3 5162 4900 1268 5161
1 3 5158 5162 5161 1334
1 3 1334 5161 5165 5164
1 3 5161 1268 4910 5165
1 3 5165 4910 340 5163
1 3 5164 5165 5163 1333
1 3 1330 5159 5167 5152
1 3 5159 1334 5164 5167
1 3 5167 5164 1333 5166
1 3 5152 5167 5166 356
1 3 356 5166 5171 5170
1 3 5166 1333 5168 5171
1 3 5171 5168 1337 5169
1 3 5170 5171 5169 1336
1 3 1333 5163 5173 5168
1 3 5163 340 4940 5173
1 3 5173 4940 1278 5172
1 3 5168 5173 5172 1337
1 3 1337 5172 5176 5175
1 3 5172 1278 4948 5176
1 3 5176 4948 98 5174
1 3 5175 5176 5174 1335
1 3 1336 5169 5179 5178
1 3 5169 1337 5175 5179
1 3 5179 5175 1335 5177
1 3 5178 5179 5177 355
1 3 352 5156 5182 5126
1 3 5156 1331 5180 5182
1 3 5182 5180 1339 5181
1 3 5126 5182 5181 1324
1 3 1331 5153 5184 5180
1 3 5153 356 5170 5184
1 3 5184 5170 1336 5183
1 3 5180 5184 5183 1339
1 3 1339 5183 5187 5186
1 3 5183 1336 5178 5187
1 3 5187 5178 355 5185
1 3 5186 5187 5185 1338
1 3 1324 5181 5189 5129
1 3 5181 1339 5186 5189
1 3 5189 5186 1338 5188
1 3 5129 5189 5188 101
1 3 101 5188 5193 5192
1 3 5188 1338 5190 5193
1 3 5193 5190 1343 5191
1 3 5192 5193 5191 1342
1 3 1338 5185 5196 5190
1 3 5185 355 5194 5196
1 3 5196 5194 1340 5195
1 3 5190 5196 5195 1343
1 3 1343 5195 5200 5199
1 3 5195 1340 5197 5200
1 3 5200 5197 359 5198
1 3 5199 5200 5198 1341
1 3 1342 5191 5203 5202
1 3 5191 1343 5199 5203
1 3 5203 5199 1341 5201
1 3 5202 5203 5201 358
1 3 355 5177 5206 5194
1 3 5177 1335 5204 5206
1 3 5206 5204 1345 5205
1 3 5194 5206 5205 1340
1 3 1335 5174 5208 5204
1 3 5174 98 5052 5208
1 3 5208 5052 1308 5207
1 3 5204 5208 5207 1345
1 3 1345 5207 5211 5210
1 3 5207 1308 5062 5211
1 3 5211 5062 350 5209
1 3 5210 5211 5209 1344
1 3 1340 5205 5213 5197
1 3 5205 1345 5210 5213
1 3 5213 5210 1344 5212
1 3 5197 5213 5212 359
1 3 359 5212 5217 5216
1 3 5212 1344 5214 5217
1 3 5217 5214 1348 5215
1 3 5216 5217 5215 1347
1 3 1344 5209 5219 5214
1 3 5209 350 5088 5219
1 3 5219 5088 1316 5218
1 3 5214 5219 5218 1348
1 3 1348 5218 5222 5221
1 3 5218 1316 5096 5222
1 3 5222 5096 26 5220
1 3 5221 5222 5220 1346
1 3 1347 5215 5225 5224
1 3 5215 1348 5221 5225
1 3 5225 5221 1346 5223
1 3 5224 5225 5223 357
1 3 358 5201 5229 5228
1 3 5201 1341 5226 5229
1 3 5229 5226 1351 5227
1 3 5228 5229 5227 1350
1 3 1341 5198 5231 5226
1 3 5198 359 5216 5231
1 3 5231 5216 1347 5230
1 3 5226 5231 5230 1351
1 3 1351 5230 5234 5233
1 3 5230 1347 5224 5234
1 3 5234 5224 357 5232
1 3 5233 5234 5232 1349
1 3 1350 5227 5237 5236
1 3 5227 1351 5233 5237
1 3 5237 5233 1349 5235
1 3 5236 5237 5235 100
1 3 52 5144 5240 2414
1 3 5144 1328 5238 5240
1 3 5240 5238 1354 5239
1 3 2414 5240 5239 636
1 3 1328 5141 5243 5238
1 3 5141 353 5241 5243
1 3 5243 5241 1352 5242
1 3 5238 5243 5242 1354
1 3 1354 5242 5247 5246
1 3 5242 1352 5244 5247
1 3 5247 5244 361 5245
1 3 5246 5247 5245 1353
1 3 636 5239 5249 2418
1 3 5239 1354 5246 5249
1 3 5249 5246 1353 5248
1 3 2418 5249 5248 176
1 3 353 5133 5252 5241
1 3 5133 1325 5250 5252
1 3 5252 5250 1356 5251
1 3 5241 5252 5251 1352
1 3 1325 5130 5254 5250
1 3 5130 101 5192 5254
1 3 5254 5192 1342 5253
1 3 5250 5254 5253 1356
1 3 1356 5253 5257 5256
1 3 5253 1342 5202 5257
1 3 5257 5202 358 5255
1 3 5256 5257 5255 1355
1 3 1352 5251 5259 5244
1 3 5251 1356 5256 5259
1 3 5259 5256 1355 5258
1 3 5244 5259 5258 361
1 3 361 5258 5263 5262
1 3 5258 1355 5260 5263
1 3 5263 5260 1359 5261
1 3 5262 5263 5261 1358
1 3 1355 5255 5265 5260
1 3 5255 358 5228 5265
1 3 5265 5228 1350 5264
1 3 5260 5265 5264 1359
1 3 1359 5264 5268 5267
1 3 5264 1350 5236 5268
1 3 5268 5236 100 5266
1 3 5267 5268 5266 1357
1 3 1358 5261 5271 5270
1 3 5261 1359 5267 5271
1 3 5271 5267 1357 5269
1 3 5270 5271 5269 360
1 3 176 5248 5274 2428
1 3 5248 1353 5272 5274
1 3 5274 5272 1361 5273
1 3 2428 5274 5273 640
1 3 1353 5245 5276 5272
1 3 5245 361 5262 5276
1 3 5276 5262 1358 5275
1 3 5272 5276 5275 1361
1 3 1361 5275 5279 5278
1 3 5275 1358 5270 5279
1 3 5279 5270 360 5277
1 3 5278 5279 5277 1360
1 3 640 5273 5281 2432
1 3 5273 1361 5278 5281
1 3 5281 5278 1360 5280
1 3 2432 5281 5280 2

boundary
320
1 1 14 2888
1 1 2888 756
1 1 756 2891
1 1 2891 206
1 1 206 2900
1 1 2900 759
1 1 759 2903
1 1 2903 60
1 1 60 2936
1 1 2936 768
1 1 768 2939
1 1 2939 209
1 1 209 2948
1 1 2948 771
1 1 771 2951
1 1 2951 3
1 1 13 2629
1 1 2629 691
1 1 691 2632
1 1 2632 190
1 1 190 2642
1 1 2642 694
1 1 694 2645
1 1 2645 56
1 1 56 2679
1 1 2679 704
1 1 704 2682
1 1 2682 193
1 1 193 2692
1 1 2692 707
1 1 707 2695
1 1 2695 4
1 1 17 3472
1 1 3472 904
1 1 904 3475
1 1 3475 244
1 1 244 3484
1 1 3484 907
1 1 907 3487
1 1 3487 70
1 1 70 3520
1 1 3520 916
1 1 916 3523
1 1 3523 247
1 1 247 3532
1 1 3532 919
1 1 919 3535
1 1 3535 5
1 1 16 3213
1 1 3213 839
1 1 839 3216
1 1 3216 228
1 1 228 3226
1 1 3226 842
1 1 842 3229
1 1 3229 66
1 1 66 3263
1 1 3263 852
1 1 852 3266
1 1 3266 231
1 1 231 3276
1 1 3276 855
1 1 855 3279
1 1 3279 6
1 1 20 4056
1 1 4056 1052
1 1 1052 4059
1 1 4059 282
1 1 282 4068
1 1 4068 1055
1 1 1055 4071
1 1 4071 80
1 1 80 4104
1 1 4104 1064
1 1 1064 4107
1 1 4107 285
1 1 285 4116
1 1 4116 1067
1 1 1067 4119
1 1 4119 7
1 1 19 3797
1 1 3797 987
1 1 987 3800
1 1 3800 266
1 1 266 3810
1 1 3810 990
1 1 990 3813
1 1 3813 76
1 1 76 3847
1 1 3847 1000
1 1 1000 3850
1 1 3850 269
1 1 269 3860
1 1 3860 1003
1 1 1003 3863
1 1 3863 8
1 1 23 4640
1 1 4640 1200
1 1 1200 4643
1 1 4643 320
1 1 320 4652
1 1 4652 1203
1 1 1203 4655
1 1 4655 90
1 1 90 4688
1 1 4688 1212
1 1 1212 4691
1 1 4691 323
1 1 323 4700
1 1 4700 1215
1 1 1215 4703
1 1 4703 9
1 1 22 4381
1 1 4381 1135
1 1 1135 4384
1 1 4384 304
1 1 304 4394
1 1 4394 1138
1 1 1138 4397
1 1 4397 86
1 1 86 4431
1 1 4431 1148
1 1 1148 4434
1 1 4434 307
1 1 307 4444
1 1 4444 1151
1 1 1151 4447
1 1 4447 10
1 1 26 5220
1 1 5220 1346
1 1 1346 5223
1 1 5223 357
1 1 357 5232
1 1 5232 1349
1 1 1349 5235
1 1 5235 100
1 1 100 5266
1 1 5266 1357
1 1 1357 5269
1 1 5269 360
1 1 360 5277
1 1 5277 1360
1 1 1360 5280
1 1 5280 2
1 1 25 4965
1 1 4965 1283
1 1 1283 4968
1 1 4968 342
1 1 342 4978
1 1 4978 1286
1 1 1286 4981
1 1 4981 96
1 1 96 5015
1 1 5015 1296
1 1 1296 5018
1 1 5018 345
1 1 345 5028
1 1 5028 1299
1 1 1299 5031
1 1 5031 11
1 1 4 2696
1 1 2696 708
1 1 708 2699
1 1 2699 194
1 1 194 2708
1 1 2708 711
1 1 711 2711
1 1 2711 57
1 1 57 2744
1 1 2744 720
1 1 720 2747
1 1 2747 197
1 1 197 2756
1 1 2756 723
1 1 723 2759
1 1 2759 14
1 1 2 2433
1 1 2433 641
1 1 641 2436
1 1 2436 177
1 1 177 2446
1 1 2446 644
1 1 644 2449
1 1 2449 53
1 1 53 2483
1 1 2483 654
1 1 654 2486
1 1 2486 180
1 1 180 2496
1 1 2496 657
1 1 657 2499
1 1 2499 13
1 1 6 3280
1 1 3280 856
1 1 856 3283
1 1 3283 232
1 1 232 3292
1 1 3292 859
1 1 859 3295
1 1 3295 67
1 1 67 3328
1 1 3328 868
1 1 868 3331
1 1 3331 235
1 1 235 3340
1 1 3340 871
1 1 871 3343
1 1 3343 17
1 1 3 3017
1 1 3017 789
1 1 789 3020
1 1 3020 215
1 1 215 3030
1 1 3030 792
1 1 792 3033
1 1 3033 63
1 1 63 3067
1 1 3067 802
1 1 802 3070
1 1 3070 218
1 1 218 3080
1 1 3080 805
1 1 805 3083
1 1 3083 16
1 1 8 3864
1 1 3864 1004
1 1 1004 3867
1 1 3867 270
1 1 270 3876
1 1 3876 1007
1 1 1007 3879
1 1 3879 77
1 1 77 3912
1 1 3912 1016
1 1 1016 3915
1 1 3915 273
1 1 273 3924
1 1 3924 1019
1 1 1019 3927
1 1 3927 20
1 1 5 3601
1 1 3601 937
1 1 937 3604
1 1 3604 253
1 1 253 3614
1 1 3614 940
1 1 940 3617
1 1 3617 73
1 1 73 3651
1 1 3651 950
1 1 950 3654
1 1 3654 256
1 1 256 3664
1 1 3664 953
1 1 953 3667
1 1 3667 19
1 1 10 4448
1 1 4448 1152
1 1 1152 4451
1 1 4451 308
1 1 308 4460
1 1 4460 1155
1 1 1155 4463
1 1 4463 87
1 1 87 4496
1 1 4496 1164
1 1 1164 4499
1 1 4499 311
1 1 311 4508
1 1 4508 1167
1 1 1167 4511
1 1 4511 23
1 1 7 4185
1 1 4185 1085
1 1 1085 4188
1 1 4188 291
1 1 291 4198
1 1 4198 1088
1 1 1088 4201
1 1 4201 83
1 1 83 4235
1 1 4235 1098
1 1 1098 4238
1 1 4238 294
1 1 294 4248
1 1 4248 1101
1 1 1101 4251
1 1 4251 22
1 1 11 5032
1 1 5032 1300
1 1 1300 5035
1 1 5035 346
1 1 346 5044
1 1 5044 1303
1 1 1303 5047
1 1 5047 97
1 1 97 5080
1 1 5080 1312
1 1 1312 5083
1 1 5083 349
1 1 349 5092
1 1 5092 1315
1 1 1315 5095
1 1 5095 26
1 1 9 4769
1 1 4769 1233
1 1 1233 4772
1 1 4772 329
1 1 329 4782
1 1 4782 1236
1 1 1236 4785
1 1 4785 93
1 1 93 4819
1 1 4819 1246
1 1 1246 4822
1 1 4822 332
1 1 332 4832
1 1 4832 1249
1 1 1249 4835
1 1 4835 25

vertices
5281
2
 0 0
 1 0
 0.309017 0.951057
 1.30902 0.951057
 -0.809017 0.587785
 -0.5 1.53884
 -0.809017 -0.587785
 -1.61803 0
 0.309017 -0.951057
 -0.5 -1.53884
 1.30902 -0.951057
 0.5 0
 1.15451 0.475529
 0.809019 0.951057
 0.154508 0.475529
 -0.0954915 1.24495
 -0.654508 1.06331
 -0.404508 0.293893
 -1.21352 0.293893
 -1.21352 -0.293892
 -0.404508 -0.293893
 -0.654508 -1.06331
 -0.0954915 -1.24495
 0.154508 -0.475529
 0.809019 -0.951057
 1.15451 -0.475529
 0.654509 0.475529
 -0.25 0.769421
 -0.809016 0
 -0.25 -0.76942
 0.654509 -0.475529
 0.25 0
 0.5772545 0.2377645
 0.4045085 0.475529
 0.077254 0.2377645
 0.32725425 0.2377645
 -0.047746 0.622475
 -0.327254 0.531657
 -0.202254 0.1469465
 -0.125 0.38471075
 -0.606762 0.1469465
 -0.606762 -0.1469465
 -0.202254 -0.1469465
 -0.404508 0
 -0.327254 -0.5316565
 -0.047746 -0.6224745
 0.077254 -0.2377645
 -0.125 -0.38471049999999996
 0.4045085 -0.475529
 0.5772545 -0.2377645
 0.32725424999999997 -0.2377645
 0.75 0
 1.077255 0.2377645
 0.9045095 0.475529
 0.82725475 0.2377645
 1.231765 0.713293
 1.0590195 0.951057
 0.7317640000000001 0.713293
 0.9817645 0.713293
 0.559018 0.951057
 0.23176249999999998 0.713293
 0.48176325 0.713293
 0.10676274999999999 1.0980035
 -0.17274575 1.0071855
 0.02950837499999999 0.8602392499999999
 -0.29774575000000003 1.3918949999999999
 -0.5772539999999999 1.301075
 -0.452254 0.9163654999999999
 -0.374999875 1.1541302500000001
 -0.7317625 0.8255475
 -0.6067625 0.440839
 -0.52950825 0.67860225
 -1.0112685 0.440839
 -1.0112679999999998 0.1469465
 -0.8090152499999999 0.29389275
 -1.415775 0.1469465
 -1.415775 -0.146946
 -1.0112679999999998 -0.146946
 -1.2135215 0.0000002500000000071889
 -1.0112685 -0.4408385
 -0.6067625 -0.440839
 -0.80901525 -0.2938925
 -0.7317625 -0.8255475
 -0.452254 -0.916365
 -0.52950825 -0.6786019999999999
 -0.5772539999999999 -1.301075
 -0.29774575000000003 -1.3918949999999999
 -0.17274575 -1.007185
 -0.374999875 -1.15413
 0.10676274999999999 -1.0980035
 0.23176249999999998 -0.713293
 0.029508374999999996 -0.8602390000000001
 0.559018 -0.951057
 0.7317640000000001 -0.713293
 0.48176325 -0.713293
 1.0590195 -0.951057
 1.231765 -0.713293
 0.9045095 -0.475529
 0.9817645000000002 -0.713293
 1.077255 -0.2377645
 0.82725475 -0.2377645
 0.125 0
 0.288627125 0.11888225
 0.202254125 0.2377645
 0.038627 0.11888225
 0.1636270625 0.11888225
 0.375 0
 0.53862725 0.11888225
 0.452254375 0.2377645
 0.4136271875 0.11888225
 0.61588175 0.35664675
 0.52950875 0.475529
 0.365881375 0.35664675
 0.4908815625 0.35664675
 0.27950825 0.475529
 0.11588100000000001 0.35664675
 0.2408811875 0.35664675
 -0.023873 0.31123762499999996
 -0.163627 0.265828625
 -0.101127 0.07347325
 -0.0625 0.19235543749999998
 0.053381000000000005 0.549002
 -0.086373 0.503592875
 0.014754000000000003 0.4301198125
 -0.148873 0.695948
 -0.28862699999999997 0.650539
 -0.226127 0.458183875
 -0.1875 0.5770659375
 -0.365881 0.412775
 -0.303381 0.22041975000000003
 -0.264754 0.33930181249999997
 -0.303381 0.07347325
 -0.303381 -0.07347325
 -0.101127 -0.07347325
 -0.202254 0
 -0.5056350000000001 0.22041975000000003
 -0.5056350000000001 0.07347325
 -0.404508 0.1469465
 -0.707889 0.07347325
 -0.707889 -0.07347325
 -0.5056350000000001 -0.07347325
 -0.606762 0
 -0.5056350000000001 -0.22041975000000003
 -0.303381 -0.22041975000000003
 -0.404508 -0.1469465
 -0.163627 -0.26582849999999997
 -0.023873 -0.31123749999999994
 0.038627 -0.11888225
 -0.0625 -0.192355375
 -0.365881 -0.41277474999999997
 -0.226127 -0.45818349999999997
 -0.264754 -0.339301625
 -0.28862699999999997 -0.65053825
 -0.148873 -0.69594725
 -0.086373 -0.5035925
 -0.18749999999999997 -0.577065375
 0.053381000000000005 -0.54900175
 0.11588100000000001 -0.35664675
 0.014754000000000003 -0.430119625
 0.20225412499999998 -0.2377645
 0.288627125 -0.11888225
 0.16362706249999998 -0.11888225
 0.27950825 -0.475529
 0.36588137499999995 -0.35664675
 0.24088118749999998 -0.35664675
 0.52950875 -0.475529
 0.61588175 -0.35664675
 0.452254375 -0.2377645
 0.4908815625 -0.35664675
 0.53862725 -0.11888225
 0.4136271875 -0.11888225
 0.625 0
 0.788627375 0.11888225
 0.702254625 0.2377645
 0.6636273125 0.11888225
 0.875 0
 1.0386275 0.11888225
 0.9522548750000001 0.2377645
 0.9136274375 0.11888225
 1.1158825 0.35664675
 1.02950975 0.475529
 0.865882125 0.35664675
 0.9908823125 0.35664675
 0.77950925 0.475529
 0.7408819375 0.35664675
 0.943137 0.594411
 0.8567642500000001 0.713293
 0.6931365 0.594411
 0.8181367500000001 0.594411
 1.1931375 0.594411
 1.10676475 0.713293
 1.06813725 0.594411
 1.2703925 0.832175
 1.18401975 0.951057
 1.020392 0.832175
 1.14539225 0.832175
 0.93401925 0.951057
 0.7703915000000001 0.832175
 0.8953917500000002 0.832175
 0.44313587499999996 0.594411
 0.356762875 0.713293
 0.19313524999999998 0.594411
 0.31813556249999997 0.594411
 0.606763625 0.713293
 0.5681361875 0.594411
 0.6840185000000001 0.951057
 0.520390625 0.832175
 0.6453910625 0.832175
 0.4340175 0.951057
 0.27038975 0.832175
 0.3953901875 0.832175
 0.13063543749999998 0.786766125
 -0.009118812500000004 0.741357125
 0.09200821874999998 0.6678840625
 0.207889875 1.02453025
 0.0681355625 0.9791213749999998
 0.16926265625 0.9056481874999999
 0.005635624999999991 1.17147675
 -0.134118625 1.12606775
 -0.0716186875 0.933712375
 -0.032991531250000004 1.0525945625
 -0.21137287500000002 0.8883032500000001
 -0.11024584375 0.8148301875
 -0.2738728125 1.080657875
 -0.4136269375 1.035247875
 -0.35112699999999997 0.8428932499999999
 -0.31249990625 0.9617755625000001
 -0.19661862500000002 1.3184225
 -0.3363728125 1.273012625
 -0.23524571875 1.1995401875
 -0.398872875 1.4653675
 -0.538627 1.4199575
 -0.47612693749999996 1.227602625
 -0.43749990625 1.3464850625
 -0.6158809999999999 1.1821925
 -0.553381 0.98983775
 -0.51475396875 1.1087201875
 -0.42838112500000003 0.605129625
 -0.568135375 0.559720625
 -0.50563525 0.36736599999999997
 -0.46700818749999995 0.4862478125
 -0.49088112500000003 0.797483875
 -0.3897540625 0.7240114375
 -0.69313525 0.9444287499999999
 -0.630635375 0.7520748749999999
 -0.5920081875 0.8709563124999999
 -0.77038975 0.70666625
 -0.70788975 0.514312
 -0.6692625624999999 0.6331934374999999
 -0.7078888749999999 0.36736587499999995
 -0.7078886249999999 0.220419625
 -0.6067619375 0.2938928125
 -0.9101427499999999 0.514312
 -0.9101418749999999 0.36736587499999995
 -0.8090158125 0.44083893749999997
 -1.11239425 0.36736599999999997
 -1.1123939999999999 0.22041975000000003
 -0.9101416249999998 0.220419625
 -1.0112679375 0.2938928125
 -0.9101419999999999 0.07347325
 -0.8090153124999999 0.1469464375
 -1.11239475 0.07347337500000001
 -1.11239475 -0.07347287499999999
 -0.9101419999999999 -0.073473
 -1.0112683749999998 0.0000001875000000053917
 -1.3146475 0.22041975000000003
 -1.3146482499999999 0.07347337500000001
 -1.213521125 0.14694656250000002
 -1.5169025 0.07347325
 -1.5169025 -0.073473
 -1.3146482499999999 -0.07347287499999999
 -1.415775375 0.0000001875000000053917
 -1.3146475 -0.22041899999999998
 -1.1123939999999999 -0.22041899999999998
 -1.213521125 -0.1469459375
 -0.707888625 -0.2204195
 -0.707888875 -0.36736575
 -0.50563525 -0.36736599999999997
 -0.6067619375 -0.29389275000000004
 -0.9101416249999998 -0.22041925
 -0.8090153124999999 -0.14694625
 -1.11239425 -0.36736525
 -0.9101418749999999 -0.3673655
 -1.0112679375 -0.29389224999999997
 -0.9101427499999999 -0.5143117500000001
 -0.70788975 -0.514312
 -0.8090158125 -0.44083875
 -0.568135375 -0.5597205
 -0.42838112500000003 -0.60512925
 -0.46700818749999995 -0.48624762499999996
 -0.77038975 -0.70666625
 -0.630635375 -0.75207475
 -0.6692625625 -0.6331933750000001
 -0.69313525 -0.9444287499999999
 -0.553381 -0.9898374999999999
 -0.49088112500000003 -0.7974835
 -0.5920081875 -0.870956125
 -0.35112699999999997 -0.8428925
 -0.3897540625 -0.724010875
 -0.4136269375 -1.0352475
 -0.2738728125 -1.0806575
 -0.21137287500000002 -0.8883025
 -0.31249990624999996 -0.961775
 -0.6158809999999999 -1.1821925
 -0.47612693749999996 -1.2276025000000002
 -0.51475396875 -1.10872
 -0.538627 -1.4199575
 -0.398872875 -1.4653675
 -0.3363728125 -1.2730125
 -0.43749990624999996 -1.346485
 -0.19661862500000002 -1.3184225
 -0.134118625 -1.1260675
 -0.23524571875 -1.19954
 -0.0091188125 -0.74135675
 0.13063543749999998 -0.7867660000000001
 0.19313524999999998 -0.594411
 0.09200821875 -0.667883875
 -0.0716186875 -0.9337120000000001
 -0.11024584375 -0.814829625
 0.005635624999999991 -1.17147675
 0.0681355625 -0.9791212499999999
 -0.032991531250000004 -1.052594375
 0.207889875 -1.02453025
 0.27038975 -0.832175
 0.16926265624999998 -0.905648125
 0.356762875 -0.713293
 0.44313587499999996 -0.594411
 0.31813556249999997 -0.594411
 0.4340175 -0.951057
 0.520390625 -0.832175
 0.3953901875 -0.8321750000000001
 0.6840185000000001 -0.951057
 0.7703915000000001 -0.832175
 0.606763625 -0.713293
 0.6453910625 -0.8321750000000001
 0.6931365 -0.594411
 0.5681361875 -0.594411
 0.8567642500000001 -0.713293
 0.9431370000000001 -0.594411
 0.77950925 -0.475529
 0.8181367500000001 -0.594411
 0.93401925 -0.951057
 1.0203920000000002 -0.832175
 0.89539175 -0.8321750000000001
 1.18401975 -0.951057
 1.2703925 -0.832175
 1.10676475 -0.713293
 1.1453922500000002 -0.8321750000000001
 1.1931375 -0.594411
 1.02950975 -0.475529
 1.0681372500000001 -0.594411
 0.702254625 -0.2377645
 0.788627375 -0.11888225
 0.6636273125000001 -0.11888225
 0.865882125 -0.35664675
 0.7408819375 -0.35664675
 1.1158825 -0.35664675
 0.9522548750000001 -0.2377645
 0.9908823124999999 -0.35664675
 1.0386275 -0.11888225
 0.9136274375 -0.11888225
 0.0625 0
 0.14431353125000002 0.059441125
 0.10112703125 0.11888225
 0.0193135 0.059441125
 0.08181351562500001 0.059441125
 0.1875 0
 0.2693135625 0.059441125
 0.22612709375 0.11888225
 0.206813546875 0.059441125
 0.30794068750000003 0.178323375
 0.2647541875 0.2377645
 0.18294059375 0.178323375
 0.24544064062500004 0.178323375
 0.1397540625 0.2377645
 0.057940500000000006 0.178323375
 0.120440546875 0.178323375
 0.3125 0
 0.39431359374999997 0.059441125
 0.35112715625 0.11888225
 0.331813578125 0.059441125
 0.4375 0
 0.519313625 0.059441125
 0.47612721874999997 0.11888225
 0.456813609375 0.059441125
 0.557940875 0.178323375
 0.5147544374999999 0.2377645
 0.43294078125 0.178323375
 0.495440828125 0.178323375
 0.38975431250000003 0.2377645
 0.37044073437499997 0.178323375
 0.47156796874999996 0.29720562500000003
 0.42838146875 0.35664675
 0.3465678125 0.29720562500000003
 0.40906789062500004 0.29720562500000003
 0.596568125 0.29720562500000003
 0.55338165625 0.35664675
 0.534068046875 0.29720562500000003
 0.635195375 0.416087875
 0.592008875 0.475529
 0.51019515625 0.416087875
 0.572695265625 0.416087875
 0.46700862499999996 0.475529
 0.3851949375 0.416087875
 0.44769504687499995 0.416087875
 0.22156765625000002 0.29720562500000003
 0.17838109375 0.35664675
 0.0965675 0.29720562500000003
 0.159067578125 0.29720562500000003
 0.30338128125 0.35664675
 0.28406773437500005 0.29720562500000003
 0.34200837500000003 0.475529
 0.26019471875 0.416087875
 0.32269482812500005 0.416087875
 0.217008125 0.475529
 0.1351945 0.416087875
 0.197694609375 0.416087875
 -0.0119365 0.15561884374999999
 -0.0818135 0.13291434375
 -0.0505635 0.036736625
 -0.03125 0.09617773437499999
 0.026690500000000002 0.27450106249999995
 -0.0431865 0.25179653124999996
 0.007377000000000002 0.21505995312499998
 -0.0744365 0.3479741875
 -0.14431349999999998 0.32526968749999996
 -0.1130635 0.22909203125
 -0.09375 0.288533109375
 -0.1829405 0.2063875625
 -0.1516905 0.11020987500000001
 -0.132377 0.16965095312499998
 0.0653175 0.39338328125
 -0.004559499999999998 0.37067871874999997
 0.046003999999999996 0.33394217187499997
 0.10394450000000001 0.5122655
 0.0340675 0.48956090625
 0.084631 0.452824390625
 0.002817500000000004 0.5857384999999999
 -0.0670595 0.5630339375
 -0.0358095 0.46685634375
 -0.016496 0.5262974218750001
 -0.1056865 0.4441518125
 -0.055123 0.40741526562499997
 -0.13693650000000002 0.54032940625
 -0.20681349999999998 0.51762490625
 -0.17556349999999998 0.4214473125
 -0.15625 0.480888359375
 -0.0983095 0.6592115000000001
 -0.16818650000000002 0.63650696875
 -0.117623 0.599770453125
 -0.19943650000000002 0.7326845
 -0.2693135 0.70998
 -0.23806349999999998 0.61380246875
 -0.21875 0.6732434843749999
 -0.30794049999999995 0.591098
 -0.2766905 0.49492043750000003
 -0.25737699999999997 0.5543614531250001
 -0.2141905 0.30256521875
 -0.28406750000000003 0.27986078125
 -0.25281750000000003 0.183683125
 -0.23350400000000002 0.24312417187500002
 -0.2454405 0.39874284375
 -0.19487699999999997 0.362006265625
 -0.34656750000000003 0.472216
 -0.31531750000000003 0.37603840624999996
 -0.29600400000000004 0.435479421875
 -0.3851945 0.35333400000000004
 -0.3539445 0.257156375
 -0.334631 0.31659739062500003
 -0.1516905 0.036736625
 -0.1516905 -0.036736625
 -0.0505635 -0.036736625
 -0.101127 0
 -0.25281750000000003 0.11020987500000001
 -0.25281750000000003 0.036736625
 -0.202254 0.07347325
 -0.3539445 0.036736625
 -0.3539445 -0.036736625
 -0.25281750000000003 -0.036736625
 -0.303381 0
 -0.25281750000000003 -0.11020987500000001
 -0.1516905 -0.11020987500000001
 -0.202254 -0.07347325
 -0.3539445 0.183683125
 -0.3539445 0.11020987500000001
 -0.303381 0.1469465
 -0.4550715 0.257156375
 -0.4550715 0.183683125
 -0.404508 0.22041975
 -0.5561985 0.183683125
 -0.5561985 0.11020987500000001
 -0.4550715 0.11020987500000001
 -0.5056350000000001 0.1469465
 -0.4550715 0.036736625
 -0.404508 0.07347325
 -0.5561985 0.036736625
 -0.5561985 -0.036736625
 -0.4550715 -0.036736625
 -0.5056350000000001 0
 -0.6573255 0.11020987500000001
 -0.6573255 0.036736625
 -0.606762 0.07347325
 -0.7584525 0.036736625
 -0.7584525 -0.036736625
 -0.6573255 -0.036736625
 -0.707889 0
 -0.6573255 -0.11020987500000001
 -0.5561985 -0.11020987500000001
 -0.606762 -0.07347325
 -0.3539445 -0.11020987500000001
 -0.3539445 -0.183683125
 -0.25281750000000003 -0.183683125
 -0.303381 -0.1469465
 -0.4550715 -0.11020987500000001
 -0.404508 -0.07347325
 -0.5561985 -0.183683125
 -0.4550715 -0.183683125
 -0.5056350000000001 -0.1469465
 -0.4550715 -0.257156375
 -0.3539445 -0.257156375
 -0.404508 -0.22041975000000003
 -0.0818135 -0.1329143125
 -0.0119365 -0.15561881249999998
 0.0193135 -0.059441125
 -0.03125 -0.09617771875
 -0.1829405 -0.2063875
 -0.1130635 -0.22909193749999998
 -0.132377 -0.16965090625
 -0.14431349999999998 -0.3252695
 -0.0744365 -0.34797399999999995
 -0.0431865 -0.25179643749999997
 -0.09374999999999999 -0.28853296875
 0.026690500000000002 -0.274501
 0.057940500000000006 -0.178323375
 0.007377000000000002 -0.21505990625
 -0.28406750000000003 -0.27986068750000004
 -0.2141905 -0.3025650625
 -0.233504 -0.24312409375
 -0.3851945 -0.353333875
 -0.31531750000000003 -0.37603818749999995
 -0.334631 -0.31659728125
 -0.34656750000000003 -0.47221562499999997
 -0.2766905 -0.49491999999999997
 -0.2454405 -0.39874256249999995
 -0.296004 -0.43547909374999993
 -0.17556349999999998 -0.42144699999999996
 -0.194877 -0.36200603124999997
 -0.20681349999999998 -0.5176244375
 -0.1369365 -0.5403289375
 -0.1056865 -0.4441515
 -0.15625 -0.48088796874999995
 -0.30794049999999995 -0.5910973749999999
 -0.23806349999999998 -0.6138018125
 -0.25737699999999997 -0.55436090625
 -0.2693135 -0.709979125
 -0.19943650000000002 -0.732683625
 -0.1681865 -0.6365063125
 -0.21875 -0.67324271875
 -0.0983095 -0.6592108750000001
 -0.0670595 -0.5630335
 -0.11762299999999999 -0.59976990625
 -0.004559499999999998 -0.3706785625
 0.0653175 -0.3933831875
 0.0965675 -0.29720562500000003
 0.046004 -0.33394209375
 -0.0358095 -0.4668560625
 -0.055123000000000005 -0.40741503125
 0.002817500000000004 -0.585738125
 0.0340675 -0.4895606875
 -0.016495999999999997 -0.52629709375
 0.10394450000000001 -0.5122653749999999
 0.1351945 -0.416087875
 0.08463100000000001 -0.45282428124999996
 0.10112703124999999 -0.11888225
 0.14431353125 -0.059441125
 0.081813515625 -0.059441125
 0.1397540625 -0.2377645
 0.18294059375 -0.178323375
 0.12044054687499998 -0.178323375
 0.26475418749999996 -0.2377645
 0.3079406875 -0.178323375
 0.22612709374999998 -0.11888225
 0.24544064062499998 -0.178323375
 0.2693135625 -0.059441125
 0.20681354687499998 -0.059441125
 0.17838109375 -0.35664675
 0.22156765624999997 -0.29720562500000003
 0.159067578125 -0.29720562500000003
 0.217008125 -0.475529
 0.26019471875 -0.416087875
 0.197694609375 -0.416087875
 0.34200837500000003 -0.475529
 0.3851949375 -0.416087875
 0.30338128124999997 -0.35664675
 0.32269482812499994 -0.416087875
 0.34656781249999996 -0.29720562500000003
 0.284067734375 -0.29720562500000003
 0.42838146874999994 -0.35664675
 0.47156796874999996 -0.29720562500000003
 0.3897543125 -0.2377645
 0.40906789062499993 -0.29720562500000003
 0.46700862499999996 -0.475529
 0.51019515625 -0.416087875
 0.447695046875 -0.416087875
 0.592008875 -0.475529
 0.635195375 -0.416087875
 0.55338165625 -0.35664675
 0.572695265625 -0.416087875
 0.596568125 -0.29720562500000003
 0.5147544374999999 -0.2377645
 0.534068046875 -0.29720562500000003
 0.35112715625 -0.11888225
 0.39431359374999997 -0.059441125
 0.331813578125 -0.059441125
 0.43294078125 -0.178323375
 0.37044073437499997 -0.178323375
 0.557940875 -0.178323375
 0.47612721874999997 -0.11888225
 0.495440828125 -0.178323375
 0.519313625 -0.059441125
 0.456813609375 -0.059441125
 0.5625 0
 0.64431365625 0.059441125
 0.6011272812499999 0.11888225
 0.5818136406250001 0.059441125
 0.6875 0
 0.7693136875 0.059441125
 0.72612734375 0.11888225
 0.706813671875 0.059441125
 0.8079410625000001 0.178323375
 0.7647546875 0.2377645
 0.68294096875 0.178323375
 0.745441015625 0.178323375
 0.6397545625000001 0.2377645
 0.620440921875 0.178323375
 0.8125 0
 0.89431371875 0.059441125
 0.85112740625 0.11888225
 0.8318137031249999 0.059441125
 0.9375 0
 1.01931375 0.059441125
 0.97612746875 0.11888225
 0.9568137343750001 0.059441125
 1.05794125 0.178323375
 1.0147549375 0.2377645
 0.9329411562500001 0.178323375
 0.9954412031250001 0.178323375
 0.8897548125000001 0.2377645
 0.870441109375 0.178323375
 0.97156859375 0.29720562500000003
 0.9283822187499999 0.35664675
 0.8465684375 0.29720562500000003
 0.909068515625 0.29720562500000003
 1.09656875 0.29720562500000003
 1.0533824062500001 0.35664675
 1.034068671875 0.29720562500000003
 1.13519625 0.416087875
 1.092009875 0.475529
 1.01019603125 0.416087875
 1.072696140625 0.416087875
 0.967009625 0.475529
 0.8851958124999999 0.416087875
 0.947695921875 0.416087875
 0.7215682812499999 0.29720562500000003
 0.67838184375 0.35664675
 0.6590682031249999 0.29720562500000003
 0.80338203125 0.35664675
 0.784068359375 0.29720562500000003
 0.842009375 0.475529
 0.76019559375 0.416087875
 0.822695703125 0.416087875
 0.717009125 0.475529
 0.6976954843750001 0.416087875
 0.7988230000000001 0.53497
 0.7556366250000001 0.594411
 0.67382275 0.53497
 0.736322875 0.53497
 0.92382325 0.53497
 0.880636875 0.594411
 0.861323125 0.53497
 0.96245075 0.653852
 0.919264375 0.713293
 0.8374505000000001 0.653852
 0.899950625 0.653852
 0.7942641250000001 0.713293
 0.7124502500000001 0.653852
 0.7749503750000001 0.653852
 1.0488235 0.53497
 1.005637125 0.594411
 0.986323375 0.53497
 1.17382375 0.53497
 1.130637375 0.594411
 1.1113236249999998 0.53497
 1.21245125 0.653852
 1.169264875 0.713293
 1.087451 0.653852
 1.149951125 0.653852
 1.044264625 0.713293
 1.024950875 0.653852
 1.1260785 0.772734
 1.0828921249999999 0.832175
 1.00107825 0.772734
 1.063578375 0.7727339999999999
 1.25107875 0.772734
 1.2078923750000001 0.832175
 1.1885786249999999 0.7727339999999999
 1.28970625 0.891616
 1.2465198750000002 0.951057
 1.164706 0.891616
 1.2272061250000001 0.8916160000000001
 1.121519625 0.951057
 1.03970575 0.891616
 1.102205875 0.8916160000000001
 0.8760780000000001 0.772734
 0.8328916250000001 0.832175
 0.7510777500000001 0.772734
 0.8135778750000001 0.7727339999999999
 0.9578918750000001 0.832175
 0.938578125 0.7727339999999999
 0.996519375 0.951057
 0.9147055000000001 0.891616
 0.977205625 0.8916160000000001
 0.8715191250000001 0.951057
 0.7897052500000001 0.891616
 0.852205375 0.8916160000000001
 0.29882190625 0.53497
 0.25563540625 0.594411
 0.17382162499999998 0.53497
 0.23632176562499999 0.53497
 0.4238221875 0.53497
 0.38063571874999996 0.594411
 0.36132204687499997 0.53497
 0.46244956249999997 0.653852
 0.4192630625 0.713293
 0.33744921875 0.653852
 0.39994939062499996 0.653852
 0.29426268749999995 0.713293
 0.21244887499999998 0.653852
 0.274949046875 0.653852
 0.54882246875 0.53497
 0.5056360312499999 0.594411
 0.486322328125 0.53497
 0.63063634375 0.594411
 0.6113226093749999 0.53497
 0.6692638125000001 0.713293
 0.58744990625 0.653852
 0.649950078125 0.653852
 0.5442634375 0.713293
 0.524949734375 0.653852
 0.62607734375 0.772734
 0.58289084375 0.832175
 0.5010769374999999 0.772734
 0.563577140625 0.7727339999999999
 0.70789128125 0.832175
 0.6885775468750001 0.7727339999999999
 0.7465187500000001 0.951057
 0.66470478125 0.891616
 0.7272050156250001 0.8916160000000001
 0.62151825 0.951057
 0.5397043125000001 0.891616
 0.602204546875 0.8916160000000001
 0.37607653124999996 0.772734
 0.33288996875 0.832175
 0.251076125 0.772734
 0.31357632812499997 0.7727339999999999
 0.45789040625 0.832175
 0.438576734375 0.7727339999999999
 0.49651775 0.951057
 0.41470384375 0.891616
 0.477204078125 0.8916160000000001
 0.37151725 0.951057
 0.289703375 0.891616
 0.35220360937499995 0.8916160000000001
 0.14257173437499998 0.63114753125
 0.072694609375 0.60844303125
 0.12325811718749999 0.571706515625
 0.18119896874999997 0.7500295625
 0.11132182812499998 0.72732509375
 0.16188535156249997 0.6905885468749999
 0.08007190624999999 0.8235026875
 0.010194781249999993 0.8007981874999999
 0.04144470312499999 0.70462059375
 0.06075830468749999 0.7640616406249999
 -0.02843240625 0.6819160625
 0.022131101562499995 0.645179546875
 0.219826203125 0.8689115937499999
 0.149949046875 0.84620715625
 0.2005125859375 0.809470578125
 0.2584534375 0.987793625
 0.18857626562500002 0.96508921875
 0.2391398203125 0.9283526093749999
 0.1573263125 1.0612668749999998
 0.08744915624999999 1.0385624375
 0.118699109375 0.9423847812499999
 0.1380127109375 1.0018258281249999
 0.04882196874999999 0.9196803124999999
 0.09938550781249998 0.8829437343749998
 0.017572015624999996 1.0158579687499998
 -0.052305109375000006 0.99315346875
 -0.021055156250000005 0.8969758125
 -0.0017415703125000029 0.9564168906249999
 0.05619918749999999 1.134740125
 -0.013677953125000007 1.11203565625
 0.03688560156249999 1.075299046875
 -0.04492793750000001 1.2082133750000001
 -0.1148050625 1.185508875
 -0.083555078125 1.08933115625
 -0.0642415078125 1.148772265625
 -0.15343218749999998 1.066626625
 -0.12218221875 0.9704489375
 -0.1028686484375 1.029890046875
 -0.059682328125 0.77809365625
 -0.129559421875 0.7553890937500001
 -0.0789959140625 0.718652578125
 -0.09093226562500001 0.87427128125
 -0.0403687421875 0.8375347343749999
 -0.19205931250000002 0.9477443750000001
 -0.16080935937500002 0.85156671875
 -0.14149578906250002 0.911007828125
 -0.2306864375 0.8288621250000001
 -0.1801229296875 0.7921256093750001
 -0.261936390625 0.92503940625
 -0.331813453125 0.90233440625
 -0.3005635 0.8061571249999999
 -0.2812499453125 0.8655982656250001
 -0.22330928125 1.0439216875000001
 -0.29318635937500004 1.02121671875
 -0.2426228359375 0.9844805468750001
 -0.32443634374999997 1.1173940625
 -0.39431340625 1.0946890625
 -0.363063421875 0.9985117187500001
 -0.3437498828125 1.0579528906250002
 -0.43294046875000003 0.9758066875
 -0.40169049999999995 0.8796293749999999
 -0.38237696093749995 0.939070546875
 -0.184682171875 1.16280396875
 -0.254559265625 1.1400990312500001
 -0.20399572656249998 1.103362828125
 -0.1460550625 1.28168625
 -0.21593217187500002 1.25898134375
 -0.1653686171875 1.222245109375
 -0.24718218750000004 1.35515875
 -0.31705928125000005 1.3324538124999998
 -0.285809265625 1.23627640625
 -0.26649572656250003 1.2957175781249999
 -0.35568634374999997 1.2135714375000002
 -0.30512280468749997 1.176835234375
 -0.38693635937500004 1.30974884375
 -0.45681342187499996 1.28704384375
 -0.42556340625 1.1908664375
 -0.40624988281249996 1.2503076406250002
 -0.3483093125 1.42863125
 -0.418186390625 1.40592628125
 -0.36762283593750006 1.369190046875
 -0.4494364375 1.5021037499999998
 -0.5193135 1.47939875
 -0.488063453125 1.38322128125
 -0.4687499453125 1.442662515625
 -0.5579405 1.3605162499999999
 -0.5266904687499999 1.2643388125000001
 -0.5073769609375 1.323780046875
 -0.464190453125 1.07198403125
 -0.534067484375 1.04927896875
 -0.5028175 0.953101625
 -0.4835039765625 1.012542828125
 -0.49544045312499996 1.1681614062499999
 -0.4448769296875 1.131425234375
 -0.5965674999999999 1.24163375
 -0.565317484375 1.1454563437499998
 -0.5460039765625 1.204897578125
 -0.6351944999999999 1.1227512499999999
 -0.6039445 1.026573875
 -0.5846309921874999 1.086015109375
 -0.41644459375 0.44951140624999997
 -0.48632171874999996 0.42680690624999995
 -0.455071625 0.3306295
 -0.43575810937500004 0.390070453125
 -0.3778175625 0.5683933125
 -0.44769465625 0.54568871875
 -0.39713107812500004 0.5089523593749999
 -0.4789446875 0.6418659375
 -0.5488218125 0.6191614375
 -0.51757178125 0.52298421875
 -0.498258234375 0.582425078125
 -0.5874489375 0.5002798125
 -0.556198875 0.4041025
 -0.536885328125 0.46354335937499996
 -0.33919053125 0.68727521875
 -0.40906759375 0.66457053125
 -0.358504046875 0.627834265625
 -0.37044053125 0.78345234375
 -0.319877015625 0.746716171875
 -0.4715675625 0.8569246875
 -0.44031759375 0.76074765625
 -0.421004046875 0.820188515625
 -0.5101946875000001 0.7380430625
 -0.459631140625 0.701306796875
 -0.5414446562499999 0.83422009375
 -0.61132178125 0.8115155937499999
 -0.5800718125 0.7153385624999999
 -0.5607582343749999 0.7747793281249999
 -0.57269459375 0.93039703125
 -0.5221310781249999 0.893660859375
 -0.673821625 1.0038693749999998
 -0.64257171875 0.9076925312499999
 -0.623258109375 0.967133203125
 -0.712448875 0.884988125
 -0.6811989375 0.7888111874999999
 -0.661885328125 0.8482518593749999
 -0.61869896875 0.5964570312499999
 -0.6885761562499999 0.57375271875
 -0.657326125 0.4775755
 -0.638012546875 0.5370162656249999
 -0.64994896875 0.6926341562499999
 -0.599385390625 0.6558977968749999
 -0.751076125 0.766106875
 -0.7198261562499999 0.66992984375
 -0.700512546875 0.729370515625
 -0.789703375 0.647225625
 -0.758453375 0.5510485
 -0.739139765625 0.6104891718750001
 -0.55619859375 0.33062940625
 -0.55619846875 0.25715628125
 -0.5056350468749999 0.293892890625
 -0.6573256875 0.40410243749999997
 -0.6573254062499999 0.33062934374999997
 -0.6067621406249999 0.367365921875
 -0.7584520624999999 0.33062931249999994
 -0.7584519374999998 0.2571561875
 -0.6573252812499999 0.25715621875
 -0.7078886718749999 0.293892765625
 -0.6573253125 0.1836830625
 -0.6067618906250001 0.220419671875
 -0.7584527812499999 0.47757546875
 -0.7584523437499999 0.40410240624999993
 -0.7078892343750001 0.440838953125
 -0.8595798749999999 0.5510485
 -0.8595792812499999 0.47757546875
 -0.809016328125 0.514311984375
 -0.9607056249999999 0.4775755
 -0.9607051874999999 0.40410243749999997
 -0.8595788437499999 0.40410240624999993
 -0.9101422343749999 0.440838953125
 -0.8595785624999999 0.33062931249999994
 -0.8090154531249999 0.36736585937499994
 -0.9607049062499999 0.33062934374999997
 -0.9607047812499999 0.25715621875
 -0.8595784374999998 0.2571561875
 -0.910141671875 0.293892765625
 -1.061831375 0.4041025
 -1.06183109375 0.33062940625
 -1.011268140625 0.367365921875
 -1.162957125 0.3306295
 -1.162957 0.257156375
 -1.0618309687499998 0.25715628125
 -1.112394046875 0.293892890625
 -1.0618309999999997 0.183683125
 -0.9607048124999998 0.1836830625
 -1.0112678906249999 0.220419671875
 -0.75845196875 0.18368303125000002
 -0.75845215625 0.11020984375000001
 -0.707888734375 0.14694645312500001
 -0.8595784687499999 0.18368303125000002
 -0.8090152031249997 0.22041960937500002
 -0.9607049999999999 0.11020987500000001
 -0.8595786562499999 0.11020984375000001
 -0.9101417343749999 0.14694645312500001
 -0.8595789999999999 0.036736625
 -0.8090155781249999 0.073473234375
 -0.9607051874999999 0.03673671875000001
 -0.9607051874999999 -0.03673640624999999
 -0.8595789999999999 -0.0367365
 -0.9101420937499999 0.00000010937500000487987
 -1.061831375 0.11020993750000001
 -1.0618315624999999 0.03673678125
 -1.01126828125 0.07347332812500001
 -1.1629581249999998 0.03673681250000001
 -1.1629581249999998 -0.03673631249999999
 -1.0618315624999999 -0.03673634375
 -1.11239484375 0.00000023437500000500489
 -1.061831375 -0.1102094375
 -0.9607049999999999 -0.11020949999999999
 -1.01126828125 -0.07347292187499999
 -1.1629575625 0.18368315625000003
 -1.1629579374999999 0.11020996875000001
 -1.1123944687499998 0.14694654687500003
 -1.26408375 0.257156375
 -1.2640843125 0.18368315625000003
 -1.21352065625 0.220419765625
 -1.36521125 0.183683125
 -1.365211625 0.11020993750000001
 -1.2640846875 0.11020996875000001
 -1.3146479687500001 0.14694654687500003
 -1.264084875 0.03673681250000001
 -1.21352140625 0.07347339062500002
 -1.3652118125 0.03673678125
 -1.3652118125 -0.03673634375
 -1.264084875 -0.03673631249999999
 -1.31464834375 0.00000023437500000500489
 -1.46633875 0.11020987500000001
 -1.4663389375 0.03673671875000001
 -1.41577528125 0.07347332812500001
 -1.56746625 0.036736625
 -1.56746625 -0.0367365
 -1.4663389375 -0.03673640624999999
 -1.5169025937500002 0.00000010937500000487987
 -1.46633875 -0.11020949999999999
 -1.365211625 -0.1102094375
 -1.41577528125 -0.07347292187499999
 -1.1629579374999999 -0.11020940625
 -1.1629575625 -0.18368246875
 -1.0618309999999997 -0.18368249999999997
 -1.11239446875 -0.14694595312499997
 -1.2640846875 -0.11020940625
 -1.21352140625 -0.073472859375
 -1.36521125 -0.18368249999999997
 -1.2640843125 -0.18368246875
 -1.3146479687500001 -0.14694595312499997
 -1.26408375 -0.2571555
 -1.162957 -0.2571555
 -1.21352065625 -0.22041898437500002
 -0.55619846875 -0.25715625000000003
 -0.55619859375 -0.330629375
 -0.455071625 -0.3306295
 -0.505635046875 -0.293892875
 -0.6573253125 -0.18368299999999999
 -0.65732528125 -0.257156125
 -0.6067618906250001 -0.220419625
 -0.7584519375000001 -0.257156
 -0.7584520625 -0.33062912499999997
 -0.65732540625 -0.33062925
 -0.707888671875 -0.293892625
 -0.6573256875 -0.404102375
 -0.556198875 -0.4041025
 -0.606762140625 -0.367365875
 -0.75845215625 -0.11020975
 -0.75845196875 -0.183682875
 -0.707888734375 -0.14694637500000002
 -0.8595786562499999 -0.110209625
 -0.8090155781249999 -0.073473125
 -0.9607048124999998 -0.183682625
 -0.8595784687499999 -0.18368275
 -0.9101417343749998 -0.14694612499999998
 -0.8595784375 -0.25715587500000003
 -0.809015203125 -0.220419375
 -0.9607047812499999 -0.25715575
 -0.9607049062499999 -0.330628875
 -0.8595785624999999 -0.330629
 -0.910141671875 -0.293892375
 -1.0618309687499998 -0.257155625
 -1.0112678906249999 -0.22041912499999997
 -1.162957125 -0.330628625
 -1.06183109375 -0.33062874999999997
 -1.112394046875 -0.293892125
 -1.061831375 -0.404101875
 -0.9607051874999999 -0.404102
 -1.011268140625 -0.367365375
 -0.7584523437499999 -0.40410225
 -0.7584527812499999 -0.477575375
 -0.657326125 -0.4775755
 -0.707889234375 -0.44083887499999996
 -0.8595788437499999 -0.404102125
 -0.809015453125 -0.367365625
 -0.9607056249999999 -0.47757512500000004
 -0.8595792812499999 -0.47757525
 -0.910142234375 -0.44083862500000004
 -0.8595798749999999 -0.551048375
 -0.758453375 -0.5510485
 -0.8090163281249999 -0.514311875
 -0.48632171874999996 -0.42680681249999997
 -0.41644459375 -0.44951118749999996
 -0.4357581093749999 -0.39007034375000005
 -0.5874489375 -0.50027975
 -0.51757178125 -0.5229840625
 -0.536885328125 -0.46354328125
 -0.5488218125 -0.6191612499999999
 -0.4789446875 -0.6418656249999999
 -0.44769465625 -0.5456884375
 -0.49825823437500005 -0.5824248437499999
 -0.3778175625 -0.568392875
 -0.397131078125 -0.50895203125
 -0.68857615625 -0.5737526875000001
 -0.61869896875 -0.5964569375
 -0.638012546875 -0.53701621875
 -0.789703375 -0.647225625
 -0.71982615625 -0.6699298125
 -0.7391397656250001 -0.6104891562500001
 -0.751076125 -0.766106875
 -0.6811989375 -0.7888111250000001
 -0.64994896875 -0.6926340625
 -0.700512546875 -0.72937046875
 -0.5800718125 -0.715338375
 -0.599385390625 -0.65589765625
 -0.61132178125 -0.8115154375
 -0.5414446562499999 -0.8342198125
 -0.5101946875000001 -0.73804275
 -0.5607582343749999 -0.7747790937500001
 -0.712448875 -0.884988125
 -0.64257171875 -0.9076924375
 -0.661885328125 -0.8482517812500001
 -0.673821625 -1.0038693749999998
 -0.6039445 -1.0265737499999998
 -0.57269459375 -0.9303968125
 -0.6232581093749999 -0.96713309375
 -0.5028175 -0.95310125
 -0.4715675625 -0.85692425
 -0.5221310781249999 -0.8936605312499999
 -0.40906759375 -0.6645700625
 -0.33919053125 -0.6872745625000001
 -0.358504046875 -0.62783371875
 -0.44031759375 -0.7607471875
 -0.45963114062500005 -0.7013064062500001
 -0.40169049999999995 -0.87962875
 -0.37044053125 -0.7834516875
 -0.421004046875 -0.82018796875
 -0.3005635 -0.80615625
 -0.319877015625 -0.7467154062500001
 -0.331813453125 -0.90233375
 -0.26193639062499996 -0.92503875
 -0.2306864375 -0.82886125
 -0.2812499453125 -0.8655975
 -0.43294046875000003 -0.97580625
 -0.36306342187499996 -0.9985112500000001
 -0.3823769609375 -0.9390700000000001
 -0.39431340625 -1.09468875
 -0.32443634374999997 -1.1173937500000002
 -0.293186359375 -1.0212162500000002
 -0.34374988281249996 -1.0579525
 -0.22330928125 -1.04392125
 -0.19205931250000002 -0.94774375
 -0.2426228359375 -0.98448
 -0.534067484375 -1.04927875
 -0.464190453125 -1.07198375
 -0.4835039765625 -1.0125425
 -0.6351944999999999 -1.1227512499999999
 -0.565317484375 -1.14545625
 -0.5846309921874999 -1.086015
 -0.5965674999999999 -1.24163375
 -0.5266904687499999 -1.26433875
 -0.49544045312499996 -1.16816125
 -0.5460039765625 -1.2048975
 -0.42556340625 -1.19086625
 -0.44487692968750003 -1.1314250000000001
 -0.45681342187499996 -1.28704375
 -0.386936359375 -1.30974875
 -0.35568634374999997 -1.2135712500000002
 -0.4062498828125 -1.2503075
 -0.5579405 -1.3605162499999999
 -0.488063453125 -1.38322125
 -0.5073769609375 -1.3237800000000002
 -0.5193135 -1.47939875
 -0.4494364375 -1.5021037499999998
 -0.41818639062499996 -1.4059262499999998
 -0.4687499453125 -1.4426625000000002
 -0.3483093125 -1.42863125
 -0.31705928125000005 -1.33245375
 -0.3676228359375 -1.36919
 -0.254559265625 -1.14009875
 -0.184682171875 -1.1628037500000001
 -0.15343218749999998 -1.06662625
 -0.20399572656249998 -1.1033624999999998
 -0.285809265625 -1.23627625
 -0.30512280468749997 -1.176835
 -0.24718218750000004 -1.35515875
 -0.21593217187500002 -1.2589812500000002
 -0.2664957265625 -1.2957174999999999
 -0.1460550625 -1.28168625
 -0.1148050625 -1.18550875
 -0.1653686171875 -1.222245
 0.072694609375 -0.6084428125
 0.14257173437499998 -0.6311474375
 0.17382162499999998 -0.53497
 0.1232581171875 -0.5717064062499999
 -0.02843240625 -0.681915625
 0.041444703124999996 -0.7046203125
 0.0221311015625 -0.6451792187500001
 0.010194781249999998 -0.800797875
 0.08007190624999999 -0.8235025
 0.111321828125 -0.7273249375
 0.060758304687499994 -0.7640614062500001
 0.18119896874999997 -0.7500295
 0.21244887499999998 -0.653852
 0.16188535156249997 -0.6905884687500001
 -0.129559421875 -0.7553884375
 -0.059682328125 -0.7780931875
 -0.0789959140625 -0.7186520312500001
 -0.16080935937500002 -0.8515660625
 -0.18012292968750002 -0.7921248437499999
 -0.12218221875 -0.9704485
 -0.09093226562500001 -0.8742708125
 -0.14149578906250002 -0.9110072812500001
 -0.021055156250000002 -0.8969755000000001
 -0.0403687421875 -0.83753434375
 -0.052305109375000006 -0.9931531875
 0.017572015624999996 -1.0158578125
 0.04882196875 -0.919680125
 -0.0017415703125000029 -0.95641665625
 -0.083555078125 -1.0893309375
 -0.10286864843749999 -1.02988971875
 -0.04492793750000001 -1.2082133750000001
 -0.013677953125000007 -1.1120355625
 -0.0642415078125 -1.14877215625
 0.05619918749999999 -1.134740125
 0.08744915624999999 -1.038562375
 0.036885601562499995 -1.0752989687499999
 0.149949046875 -0.8462070625
 0.21982620312499998 -0.8689115625
 0.251076125 -0.772734
 0.20051258593749996 -0.80947053125
 0.11869910937499999 -0.9423846874999999
 0.0993855078125 -0.88294359375
 0.1573263125 -1.0612668749999998
 0.188576265625 -0.9650891875000001
 0.1380127109375 -1.00182578125
 0.2584534375 -0.987793625
 0.289703375 -0.891616
 0.2391398203125 -0.92835259375
 0.25563540625 -0.594411
 0.29882190625 -0.53497
 0.23632176562499999 -0.53497
 0.29426268749999995 -0.713293
 0.33744921875 -0.653852
 0.274949046875 -0.653852
 0.4192630625 -0.713293
 0.46244956249999997 -0.653852
 0.38063571874999996 -0.594411
 0.399949390625 -0.653852
 0.4238221875 -0.53497
 0.36132204687499997 -0.53497
 0.33288996875 -0.8321750000000001
 0.37607653124999996 -0.772734
 0.31357632812499997 -0.772734
 0.37151725 -0.951057
 0.41470384375 -0.8916160000000001
 0.35220360937499995 -0.891616
 0.49651775 -0.951057
 0.5397043125000001 -0.891616
 0.45789040625 -0.8321750000000001
 0.477204078125 -0.8916160000000001
 0.5010769374999999 -0.772734
 0.43857673437499994 -0.772734
 0.58289084375 -0.8321750000000001
 0.62607734375 -0.772734
 0.5442634375 -0.713293
 0.563577140625 -0.772734
 0.62151825 -0.951057
 0.66470478125 -0.8916160000000001
 0.602204546875 -0.891616
 0.7465187500000001 -0.951057
 0.7897052500000001 -0.891616
 0.70789128125 -0.8321750000000001
 0.7272050156250001 -0.8916160000000001
 0.7510777500000001 -0.772734
 0.6692638125000001 -0.713293
 0.6885775468750001 -0.772734
 0.5056360312499999 -0.594411
 0.54882246875 -0.53497
 0.486322328125 -0.53497
 0.58744990625 -0.653852
 0.524949734375 -0.653852
 0.7124502500000001 -0.653852
 0.63063634375 -0.594411
 0.649950078125 -0.653852
 0.67382275 -0.53497
 0.6113226093749999 -0.53497
 0.7556366250000001 -0.594411
 0.7988230000000001 -0.53497
 0.717009125 -0.475529
 0.7363228750000002 -0.53497
 0.7942641250000001 -0.713293
 0.8374505000000001 -0.653852
 0.774950375 -0.653852
 0.9192643750000001 -0.713293
 0.9624507500000001 -0.653852
 0.8806368750000001 -0.594411
 0.8999506250000001 -0.653852
 0.9238232500000001 -0.53497
 0.842009375 -0.475529
 0.8613231250000001 -0.53497
 0.832891625 -0.8321750000000001
 0.8760780000000001 -0.772734
 0.813577875 -0.772734
 0.8715191250000001 -0.951057
 0.9147055 -0.8916160000000001
 0.852205375 -0.891616
 0.996519375 -0.951057
 1.03970575 -0.891616
 0.9578918750000001 -0.8321750000000001
 0.9772056250000001 -0.8916160000000001
 1.0010782500000002 -0.772734
 0.9385781250000002 -0.772734
 1.0828921250000003 -0.8321750000000001
 1.1260785000000002 -0.772734
 1.044264625 -0.713293
 1.063578375 -0.772734
 1.121519625 -0.951057
 1.1647060000000002 -0.8916160000000001
 1.1022058750000001 -0.891616
 1.2465198750000002 -0.951057
 1.28970625 -0.891616
 1.2078923750000001 -0.8321750000000001
 1.2272061250000001 -0.8916160000000001
 1.25107875 -0.772734
 1.169264875 -0.713293
 1.188578625 -0.772734
 1.0056371250000002 -0.594411
 1.0488235000000001 -0.53497
 0.967009625 -0.475529
 0.986323375 -0.53497
 1.0874510000000002 -0.653852
 1.024950875 -0.653852
 1.21245125 -0.653852
 1.130637375 -0.594411
 1.149951125 -0.653852
 1.17382375 -0.53497
 1.092009875 -0.475529
 1.111323625 -0.53497
 0.60112728125 -0.11888225
 0.64431365625 -0.059441125
 0.5818136406250001 -0.059441125
 0.6397545625000001 -0.2377645
 0.6829409687500001 -0.178323375
 0.620440921875 -0.178323375
 0.7647546875 -0.2377645
 0.8079410625000001 -0.178323375
 0.72612734375 -0.11888225
 0.745441015625 -0.178323375
 0.7693136875 -0.059441125
 0.706813671875 -0.059441125
 0.67838184375 -0.35664675
 0.7215682812499999 -0.29720562500000003
 0.659068203125 -0.29720562500000003
 0.76019559375 -0.416087875
 0.6976954843750001 -0.416087875
 0.8851958124999999 -0.416087875
 0.80338203125 -0.35664675
 0.822695703125 -0.416087875
 0.8465684375 -0.29720562500000003
 0.784068359375 -0.29720562500000003
 0.9283822187499999 -0.35664675
 0.97156859375 -0.29720562500000003
 0.8897548125000001 -0.2377645
 0.9090685156249999 -0.29720562500000003
 1.01019603125 -0.416087875
 0.9476959218749998 -0.416087875
 1.13519625 -0.416087875
 1.05338240625 -0.35664675
 1.0726961406250002 -0.416087875
 1.09656875 -0.29720562500000003
 1.0147549375 -0.2377645
 1.034068671875 -0.29720562500000003
 0.85112740625 -0.11888225
 0.89431371875 -0.059441125
 0.8318137031249999 -0.059441125
 0.9329411562500001 -0.178323375
 0.870441109375 -0.178323375
 1.05794125 -0.178323375
 0.97612746875 -0.11888225
 0.9954412031250001 -0.178323375
 1.01931375 -0.059441125
 0.9568137343750001 -0.059441125
 0.03125 0
 0.0721567578125 0.0297205625
 0.050563507812500005 0.059441125
 0.00965675 0.0297205625
 0.04090675390625 0.0297205625
 0.09375 0
 0.134656765625 0.0297205625
 0.11306352343750001 0.059441125
 0.10340676171875 0.0297205625
 0.15397029687500002 0.0891616875
 0.13237704687500002 0.11888225
 0.0914702734375 0.0891616875
 0.12272028515625 0.0891616875
 0.069877015625 0.11888225
 0.028970250000000003 0.0891616875
 0.06022026171875 0.0891616875
 0.15625 0
 0.1971567734375 0.0297205625
 0.1755635390625 0.059441125
 0.16590676953125 0.0297205625
 0.21875 0
 0.25965678125 0.0297205625
 0.2380635546875 0.059441125
 0.22840677734375 0.0297205625
 0.27897034374999996 0.0891616875
 0.257377109375 0.11888225
 0.21647032031250002 0.0891616875
 0.24772033203125 0.0891616875
 0.194877078125 0.11888225
 0.18522030859375 0.0891616875
 0.23578386718750002 0.14860281250000001
 0.21419061718750002 0.178323375
 0.17328382812499998 0.14860281250000001
 0.20453384765625 0.14860281250000001
 0.29828390625 0.14860281250000001
 0.27669066406250004 0.178323375
 0.26703388671875006 0.14860281250000001
 0.31759746875000006 0.2080439375
 0.29600421875000005 0.2377645
 0.2550974140625 0.2080439375
 0.28634744140625 0.2080439375
 0.23350415625 0.2377645
 0.192597359375 0.2080439375
 0.22384738671875004 0.2080439375
 0.1107837890625 0.14860281250000001
 0.0891905234375 0.178323375
 0.04828375 0.14860281250000001
 0.07953376953125 0.14860281250000001
 0.1516905703125 0.178323375
 0.14203380859375 0.14860281250000001
 0.17100409375 0.2377645
 0.1300973046875 0.2080439375
 0.16134733203125 0.2080439375
 0.10850403125 0.2377645
 0.06759725 0.2080439375
 0.09884727734375 0.2080439375
 0.28125 0
 0.3221567890625 0.0297205625
 0.30056357031250003 0.059441125
 0.29090678515625 0.0297205625
 0.34375 0
 0.384656796875 0.0297205625
 0.3630635859375 0.059441125
 0.35340679296875 0.0297205625
 0.40397039062499995 0.0891616875
 0.382377171875 0.11888225
 0.3414703671875 0.0891616875
 0.37272037890625 0.0891616875
 0.319877140625 0.11888225
 0.31022035546875004 0.0891616875
 0.40625 0
 0.44715680468749996 0.0297205625
 0.42556360156249995 0.059441125
 0.41590680078125 0.0297205625
 0.46875 0
 0.5096568125000001 0.0297205625
 0.4880636171875 0.059441125
 0.47840680859375 0.0297205625
 0.5289704375 0.0891616875
 0.507377234375 0.11888225
 0.4664704140625 0.0891616875
 0.49772042578125 0.0891616875
 0.444877203125 0.11888225
 0.4352204023437499 0.0891616875
 0.4857840234375 0.14860281250000001
 0.4641908046875 0.178323375
 0.42328398437500003 0.14860281250000001
 0.45453400390625 0.14860281250000001
 0.5482840625000001 0.14860281250000001
 0.5266908515625 0.178323375
 0.51703404296875 0.14860281250000001
 0.5675976875 0.2080439375
 0.54600446875 0.2377645
 0.5050976328125 0.2080439375
 0.53634766015625 0.2080439375
 0.48350440624999996 0.2377645
 0.442597578125 0.2080439375
 0.47384760546874993 0.2080439375
 0.3607839453125 0.14860281250000001
 0.3391907109375 0.178323375
 0.32953392578124996 0.14860281250000001
 0.40169075781249997 0.178323375
 0.39203396484375 0.14860281250000001
 0.42100434375 0.2377645
 0.38009752343750003 0.2080439375
 0.41134755078124996 0.2080439375
 0.35850428125 0.2377645
 0.34884749609375 0.2080439375
 0.39941110156250004 0.26748506250000004
 0.37781785156250003 0.29720562500000003
 0.33691103125 0.26748506250000004
 0.36816106640625 0.26748506250000004
 0.46191117187499997 0.26748506250000004
 0.4403179296875 0.29720562500000003
 0.43066113671875 0.26748506250000004
 0.48122476562499994 0.3269261875
 0.459631515625 0.35664675
 0.41872467968750005 0.3269261875
 0.44997472265625 0.3269261875
 0.397131421875 0.35664675
 0.35622459375000004 0.3269261875
 0.38747463671875004 0.3269261875
 0.5244112421875 0.26748506250000004
 0.5028180078125 0.29720562500000003
 0.49316120703125 0.26748506250000004
 0.5869113125000001 0.26748506250000004
 0.5653180859375 0.29720562500000003
 0.5556612773437499 0.26748506250000004
 0.6062249375 0.3269261875
 0.584631703125 0.35664675
 0.5437248515625 0.3269261875
 0.5749748945312501 0.3269261875
 0.522131609375 0.35664675
 0.5124748085937499 0.3269261875
 0.5630384609375 0.3863673125
 0.5414452109375 0.416087875
 0.500538359375 0.3863673125
 0.53178841015625 0.3863673125
 0.6255385625000001 0.3863673125
 0.6039453203125 0.416087875
 0.59428851171875 0.3863673125
 0.6448521875 0.4458084375
 0.6232589374999999 0.475529
 0.5823520703125 0.4458084375
 0.61360212890625 0.4458084375
 0.5607588125 0.475529
 0.519851953125 0.4458084375
 0.55110201171875 0.4458084375
 0.43803825781249994 0.3863673125
 0.4164449921875 0.416087875
 0.37553815625 0.3863673125
 0.40678820703124996 0.3863673125
 0.4789451015625 0.416087875
 0.4692883085937499 0.3863673125
 0.49825868749999996 0.475529
 0.45735183593749995 0.4458084375
 0.48860189453125 0.4458084375
 0.4357585625 0.475529
 0.39485171875 0.4458084375
 0.42610177734375 0.4458084375
 0.1494108203125 0.26748506250000004
 0.12781753906249999 0.29720562500000003
 0.08691075000000001 0.26748506250000004
 0.11816078515625 0.26748506250000004
 0.21191089062500001 0.26748506250000004
 0.1903176171875 0.29720562500000003
 0.18066085546875 0.26748506250000004
 0.23122442187500003 0.3269261875
 0.209631140625 0.35664675
 0.1687243359375 0.3269261875
 0.19997437890625 0.3269261875
 0.147131046875 0.35664675
 0.10622425 0.3269261875
 0.13747429296875 0.3269261875
 0.27441096093750006 0.26748506250000004
 0.25281769531250003 0.29720562500000003
 0.24316092578125004 0.26748506250000004
 0.3153177734375 0.29720562500000003
 0.30566099609375 0.26748506250000004
 0.334631328125 0.35664675
 0.29372450781250004 0.3269261875
 0.32497455078125004 0.3269261875
 0.27213123437500003 0.35664675
 0.26247446484375003 0.3269261875
 0.3130380546875 0.3863673125
 0.2914447734375 0.416087875
 0.250537953125 0.3863673125
 0.28178800390625003 0.3863673125
 0.35394488281250003 0.416087875
 0.34428810546875 0.3863673125
 0.3732584375 0.475529
 0.33235160156250004 0.4458084375
 0.36360166015625 0.4458084375
 0.3107583125 0.475529
 0.269851484375 0.4458084375
 0.30110154296875 0.4458084375
 0.1880378515625 0.3863673125
 0.1664445546875 0.416087875
 0.12553775 0.3863673125
 0.15678780078125 0.3863673125
 0.2289446640625 0.416087875
 0.21928790234375 0.3863673125
 0.2482581875 0.475529
 0.2073513671875 0.4458084375
 0.23860142578125 0.4458084375
 0.1857580625 0.475529
 0.14485125 0.4458084375
 0.17610130859374998 0.4458084375
 -0.00596825 0.07780942968749999
 -0.04090675 0.06645717968749999
 -0.02528175 0.0183683125
 -0.015625 0.04808887109374999
 0.013345250000000001 0.137250546875
 -0.02159325 0.1258982890625
 0.003688500000000001 0.10752998828124999
 -0.03721825 0.17398714062499998
 -0.07215674999999999 0.16263489062499997
 -0.05653175 0.1145460390625
 -0.046875 0.14426658984375
 -0.09147025 0.103193796875
 -0.07584525 0.055104937500000006
 -0.0661885 0.08482548828124999
 0.03265875 0.1966916640625
 -0.002279749999999999 0.18533939843749997
 0.023001999999999998 0.16697110546875002
 0.051972250000000005 0.25613278124999994
 0.01703375 0.24478050781249996
 0.0423155 0.22641222265625
 0.001408750000000002 0.29286934374999996
 -0.03352975 0.28151707812499993
 -0.01790475 0.23342824218749997
 -0.008248 0.26314879296874993
 -0.05284325 0.22207598437499998
 -0.0275615 0.20370769140624997
 -0.06846825000000001 0.2701648203125
 -0.10340674999999999 0.2588125703125
 -0.08778174999999999 0.21072373437499997
 -0.078125 0.24044427734374998
 -0.04915475 0.32960590624999997
 -0.08409325000000001 0.3182536484375
 -0.0588115 0.29988536328124993
 -0.09971825000000001 0.36634246875
 -0.13465675 0.35499021875
 -0.11903174999999999 0.3069013984375
 -0.109375 0.33662193359375003
 -0.15397024999999998 0.29554915625
 -0.13834525 0.247460328125
 -0.12868849999999998 0.27718086328124997
 -0.10709525 0.1512826484375
 -0.14203375000000001 0.1399304140625
 -0.12640875000000001 0.0918415625
 -0.11675200000000001 0.12156210546874999
 -0.12272025 0.1993714921875
 -0.09743849999999998 0.18100319140624999
 -0.17328375000000001 0.23610809375
 -0.15765875000000001 0.1880192578125
 -0.14800200000000002 0.21773979296875
 -0.19259725 0.17666703125
 -0.17697225 0.1285781875
 -0.1673155 0.15829872265625
 0.07128575 0.3155738984375
 0.03634725 0.30422161718749996
 0.061629 0.28585333984375
 0.09059925 0.375015015625
 0.055660749999999995 0.3636627265625
 0.0809425 0.34529445703125
 0.04003575 0.411751546875
 0.005097250000000003 0.40039926562499994
 0.020722249999999998 0.3523104453125
 0.030379000000000003 0.38203099609374996
 -0.014216249999999998 0.340958171875
 0.0110655 0.32258989453125
 0.10991275 0.4344561328125
 0.07497424999999999 0.4231038359375
 0.10025600000000001 0.40473557421875
 0.12922625000000001 0.49389725
 0.09428775 0.48254494531250003
 0.1195695 0.46417669140625
 0.07866275 0.53063375
 0.043724250000000006 0.519281453125
 0.05934925 0.4711926484375
 0.06900600000000001 0.50091319921875
 0.024410750000000002 0.459840359375
 0.0496925 0.44147209765624995
 0.00878575 0.5079291640625
 -0.026152750000000002 0.4965768828125
 -0.010527749999999999 0.448488078125
 -0.0008709999999999985 0.47820862109375
 0.028099250000000006 0.56737025
 -0.006839249999999998 0.5560179609375
 0.018442500000000004 0.53764970703125
 -0.022464249999999998 0.6041067499999999
 -0.057402749999999995 0.5927544687499999
 -0.041777749999999995 0.5446656796875
 -0.032121 0.57438621484375
 -0.07671625 0.53331340625
 -0.06109125 0.485224609375
 -0.0514345 0.5149451445312501
 -0.02984125 0.38904699218749994
 -0.06477975 0.37769472656249997
 -0.039498 0.35932644921874995
 -0.04546625 0.4371358046875
 -0.020184499999999998 0.41876753515625
 -0.09602975 0.47387234375000004
 -0.08040475 0.4257835390625
 -0.070748 0.45550407421875005
 -0.11534325000000001 0.41443128125
 -0.0900615 0.39606300390625
 -0.13096825 0.46252008593750005
 -0.16590675 0.4511678359375
 -0.15028175 0.40307903125
 -0.140625 0.43279955859375
 -0.11165475000000001 0.521961140625
 -0.14659325 0.5106088828125
 -0.1213115 0.49224061328125
 -0.16221825 0.5586976718750001
 -0.19715675 0.547345421875
 -0.18153175 0.4992566328125
 -0.171875 0.5289771523437501
 -0.21647024999999998 0.487904390625
 -0.20084524999999998 0.43981559375
 -0.19118849999999998 0.46953611328125
 -0.09234125 0.5814021953124999
 -0.12727975000000002 0.5700499296875
 -0.101998 0.5516816679687501
 -0.07302775 0.6408432500000001
 -0.10796625 0.6294909765625001
 -0.0826845 0.61112272265625
 -0.12359125 0.67757975
 -0.15852975000000002 0.666227484375
 -0.14290475000000002 0.6181387109375001
 -0.133248 0.64785923046875
 -0.17784325 0.606786453125
 -0.15256150000000002 0.5884181914062501
 -0.19346825 0.6548752265625
 -0.22840675 0.6435229765624999
 -0.21278175 0.595434203125
 -0.203125 0.62515471484375
 -0.17415475000000002 0.71431625
 -0.20909325 0.7029639921874999
 -0.18381150000000002 0.68459573828125
 -0.22471825 0.7510527499999999
 -0.25965675 0.7397005000000001
 -0.24403175 0.6916117421875
 -0.234375 0.7213322460937499
 -0.27897025 0.6802595
 -0.26334525 0.632170734375
 -0.2536885 0.66189123828125
 -0.23209524999999998 0.5359931796875
 -0.26703374999999996 0.5246409453125
 -0.25140875 0.47655215625
 -0.24175199999999997 0.50627266796875
 -0.24772024999999998 0.5840819609375001
 -0.22243849999999998 0.5657136914062499
 -0.29828374999999996 0.6208184999999999
 -0.28265874999999996 0.5727297265625
 -0.27300199999999997 0.60245023046875
 -0.31759724999999994 0.5613775000000001
 -0.30197225 0.51328871875
 -0.29231549999999995 0.5430092226562501
 -0.20822225 0.2247558671875
 -0.24316075000000004 0.2134036484375
 -0.22753575 0.16531481250000002
 -0.21787900000000002 0.19503533984375
 -0.18890875000000001 0.284196921875
 -0.22384725 0.2728446953125
 -0.19856550000000003 0.25447639453125004
 -0.23947225 0.32093351562499994
 -0.27441075000000004 0.309581296875
 -0.25878575000000004 0.2614924765625
 -0.24912900000000002 0.29121299609375
 -0.29372425 0.250140265625
 -0.27809925 0.20205143750000001
 -0.26844250000000003 0.23177195703125003
 -0.16959524999999998 0.34363797656249995
 -0.20453375 0.33228574218749996
 -0.17925199999999997 0.31391744921875
 -0.18522024999999998 0.3917267890625
 -0.15993849999999998 0.37335850390624997
 -0.23578375000000001 0.428463359375
 -0.22015875 0.38037455468750003
 -0.21050199999999997 0.41009507421875
 -0.25509725 0.369022328125
 -0.2298155 0.35065403515625
 -0.27072225000000005 0.4171111328125
 -0.30566075000000004 0.4057589140625
 -0.29003575000000004 0.357670109375
 -0.28037900000000004 0.38739062109375
 -0.28634725000000005 0.4651999296875
 -0.26106550000000006 0.44683164453125
 -0.33691075000000004 0.5019365
 -0.32128575000000004 0.4538477109375
 -0.31162900000000004 0.48356821484375
 -0.35622425 0.44249550000000004
 -0.34059925 0.394406703125
 -0.33094250000000003 0.42412720703124995
 -0.30934925 0.2982290859375
 -0.34428775 0.2868768828125
 -0.32866275 0.2387880625
 -0.319006 0.26850857421875
 -0.32497425 0.3463178984375
 -0.29969250000000003 0.32794959765625
 -0.37553775 0.3830545
 -0.35991275 0.33496569531250003
 -0.350256 0.36468619921875
 -0.39485125 0.3236135
 -0.37922625 0.27552468750000003
 -0.3695695 0.30524519140625
 -0.07584525 0.0183683125
 -0.07584525 -0.0183683125
 -0.02528175 -0.0183683125
 -0.0505635 0
 -0.12640875000000001 0.055104937500000006
 -0.12640875000000001 0.0183683125
 -0.101127 0.036736625
 -0.17697225 0.0183683125
 -0.17697225 -0.0183683125
 -0.12640875000000001 -0.0183683125
 -0.1516905 0
 -0.12640875000000001 -0.055104937500000006
 -0.07584525 -0.055104937500000006
 -0.101127 -0.036736625
 -0.17697225 0.0918415625
 -0.17697225 0.055104937500000006
 -0.1516905 0.07347325
 -0.22753575 0.1285781875
 -0.22753575 0.0918415625
 -0.202254 0.110209875
 -0.27809925 0.0918415625
 -0.27809925 0.055104937500000006
 -0.22753575 0.055104937500000006
 -0.25281750000000003 0.07347325
 -0.22753575 0.0183683125
 -0.202254 0.036736625
 -0.27809925 0.0183683125
 -0.27809925 -0.0183683125
 -0.22753575 -0.0183683125
 -0.25281750000000003 0
 -0.32866275 0.055104937500000006
 -0.32866275 0.0183683125
 -0.303381 0.036736625
 -0.37922625 0.0183683125
 -0.37922625 -0.0183683125
 -0.32866275 -0.0183683125
 -0.3539445 0
 -0.32866275 -0.055104937500000006
 -0.27809925 -0.055104937500000006
 -0.303381 -0.036736625
 -0.17697225 -0.055104937500000006
 -0.17697225 -0.0918415625
 -0.12640875000000001 -0.0918415625
 -0.1516905 -0.07347325
 -0.22753575 -0.055104937500000006
 -0.202254 -0.036736625
 -0.27809925 -0.0918415625
 -0.22753575 -0.0918415625
 -0.25281750000000003 -0.07347325
 -0.22753575 -0.1285781875
 -0.17697225 -0.1285781875
 -0.202254 -0.11020987500000001
 -0.27809925 0.16531481250000002
 -0.27809925 0.1285781875
 -0.25281750000000003 0.1469465
 -0.32866275 0.20205143750000001
 -0.32866275 0.16531481250000002
 -0.303381 0.183683125
 -0.37922625 0.16531481250000002
 -0.37922625 0.1285781875
 -0.32866275 0.1285781875
 -0.3539445 0.1469465
 -0.32866275 0.0918415625
 -0.303381 0.110209875
 -0.37922625 0.2387880625
 -0.37922625 0.2020514375
 -0.3539445 0.22041975000000003
 -0.42978974999999997 0.27552468750000003
 -0.42978974999999997 0.2387880625
 -0.404508 0.257156375
 -0.48035325000000006 0.2387880625
 -0.48035325000000006 0.20205143750000001
 -0.42978974999999997 0.2020514375
 -0.4550715 0.22041975000000003
 -0.42978974999999997 0.16531481250000002
 -0.404508 0.18368312499999997
 -0.48035325000000006 0.16531481250000002
 -0.48035325000000006 0.1285781875
 -0.42978974999999997 0.1285781875
 -0.4550715 0.1469465
 -0.53091675 0.20205143750000001
 -0.53091675 0.16531481250000002
 -0.5056350000000001 0.183683125
 -0.58148025 0.16531481250000002
 -0.58148025 0.1285781875
 -0.53091675 0.1285781875
 -0.5561985 0.1469465
 -0.53091675 0.0918415625
 -0.48035325000000006 0.0918415625
 -0.5056350000000001 0.110209875
 -0.37922625 0.0918415625
 -0.37922625 0.055104937500000006
 -0.3539445 0.07347325
 -0.42978974999999997 0.0918415625
 -0.404508 0.110209875
 -0.48035325000000006 0.055104937500000006
 -0.42978974999999997 0.055104937500000006
 -0.4550715 0.07347325
 -0.42978974999999997 0.0183683125
 -0.404508 0.036736625
 -0.48035325000000006 0.0183683125
 -0.48035325000000006 -0.0183683125
 -0.42978974999999997 -0.0183683125
 -0.4550715 0
 -0.53091675 0.055104937500000006
 -0.53091675 0.0183683125
 -0.5056350000000001 0.036736625
 -0.58148025 0.0183683125
 -0.58148025 -0.0183683125
 -0.53091675 -0.0183683125
 -0.5561985 0
 -0.53091675 -0.055104937500000006
 -0.48035325000000006 -0.055104937500000006
 -0.5056350000000001 -0.036736625
 -0.58148025 0.0918415625
 -0.58148025 0.055104937500000006
 -0.5561985 0.07347325
 -0.63204375 0.1285781875
 -0.63204375 0.0918415625
 -0.606762 0.110209875
 -0.68260725 0.0918415625
 -0.68260725 0.055104937500000006
 -0.63204375 0.055104937500000006
 -0.6573255 0.07347325
 -0.63204375 0.0183683125
 -0.606762 0.036736625
 -0.68260725 0.0183683125
 -0.68260725 -0.0183683125
 -0.63204375 -0.0183683125
 -0.6573255 0
 -0.73317075 0.055104937500000006
 -0.73317075 0.0183683125
 -0.707889 0.036736625
 -0.78373425 0.0183683125
 -0.78373425 -0.0183683125
 -0.73317075 -0.0183683125
 -0.7584525 0
 -0.73317075 -0.055104937500000006
 -0.68260725 -0.055104937500000006
 -0.707889 -0.036736625
 -0.58148025 -0.055104937500000006
 -0.58148025 -0.0918415625
 -0.53091675 -0.0918415625
 -0.5561985 -0.07347325
 -0.63204375 -0.055104937500000006
 -0.606762 -0.036736625
 -0.68260725 -0.0918415625
 -0.63204375 -0.0918415625
 -0.6573255 -0.07347325
 -0.63204375 -0.1285781875
 -0.58148025 -0.1285781875
 -0.606762 -0.11020987500000001
 -0.27809925 -0.1285781875
 -0.27809925 -0.16531481250000002
 -0.22753575 -0.16531481250000002
 -0.25281750000000003 -0.14694649999999998
 -0.32866275 -0.0918415625
 -0.32866275 -0.1285781875
 -0.303381 -0.11020987500000001
 -0.37922625 -0.1285781875
 -0.37922625 -0.16531481250000002
 -0.32866275 -0.16531481250000002
 -0.3539445 -0.14694649999999998
 -0.32866275 -0.20205143750000001
 -0.27809925 -0.20205143750000001
 -0.303381 -0.183683125
 -0.37922625 -0.055104937500000006
 -0.37922625 -0.0918415625
 -0.3539445 -0.07347325
 -0.42978974999999997 -0.055104937500000006
 -0.404508 -0.036736625
 -0.48035325000000006 -0.0918415625
 -0.42978974999999997 -0.0918415625
 -0.4550715 -0.07347325
 -0.42978974999999997 -0.1285781875
 -0.404508 -0.11020987500000001
 -0.48035325000000006 -0.1285781875
 -0.48035325000000006 -0.16531481250000002
 -0.42978974999999997 -0.16531481250000002
 -0.4550715 -0.14694649999999998
 -0.53091675 -0.1285781875
 -0.5056350000000001 -0.11020987500000001
 -0.58148025 -0.16531481250000002
 -0.53091675 -0.16531481250000002
 -0.5561985 -0.14694649999999998
 -0.53091675 -0.20205143750000001
 -0.48035325000000006 -0.20205143750000001
 -0.5056350000000001 -0.183683125
 -0.37922625 -0.20205143750000001
 -0.37922625 -0.2387880625
 -0.32866275 -0.2387880625
 -0.3539445 -0.22041975
 -0.42978974999999997 -0.20205143750000001
 -0.404508 -0.183683125
 -0.48035325000000006 -0.2387880625
 -0.42978974999999997 -0.2387880625
 -0.4550715 -0.22041975
 -0.42978974999999997 -0.27552468750000003
 -0.37922625 -0.27552468750000003
 -0.404508 -0.257156375
 -0.04090675 -0.066457171875
 -0.00596825 -0.077809421875
 0.00965675 -0.0297205625
 -0.015625 -0.048088867187499995
 -0.09147025 -0.10319378125
 -0.05653175 -0.114546015625
 -0.0661885 -0.0848254765625
 -0.07215674999999999 -0.16263484374999998
 -0.03721825 -0.17398709375
 -0.02159325 -0.125898265625
 -0.04687499999999999 -0.1442665546875
 0.013345250000000001 -0.13725053124999997
 0.028970250000000003 -0.0891616875
 0.003688500000000001 -0.10752997656249999
 -0.14203375000000001 -0.139930390625
 -0.10709525 -0.151282609375
 -0.116752 -0.12156208593750001
 -0.19259725 -0.17666700000000002
 -0.15765875000000001 -0.188019203125
 -0.1673155 -0.15829869531250002
 -0.17328375000000001 -0.23610799999999998
 -0.13834525 -0.24746021874999996
 -0.12272025 -0.199371421875
 -0.148002 -0.2177397109375
 -0.08778174999999999 -0.21072365625
 -0.0974385 -0.1810031328125
 -0.10340674999999999 -0.258812453125
 -0.06846825 -0.27016470312499996
 -0.05284325 -0.22207590624999998
 -0.078125 -0.24044417968749998
 -0.15397024999999998 -0.29554899999999995
 -0.11903174999999999 -0.306901234375
 -0.12868849999999998 -0.2771807265625
 -0.13465675 -0.35498999999999997
 -0.09971825000000001 -0.36634225
 -0.08409325 -0.318253484375
 -0.109375 -0.33662174218749996
 -0.04915475 -0.3296057499999999
 -0.03352975 -0.28151696875
 -0.058811499999999996 -0.29988522656249994
 -0.002279749999999999 -0.18533935937499998
 0.03265875 -0.196691640625
 0.04828375 -0.14860281250000001
 0.023002 -0.16697108593749999
 -0.01790475 -0.23342817187499998
 -0.027561500000000003 -0.20370763281249998
 0.001408750000000002 -0.29286924999999997
 0.01703375 -0.244780453125
 -0.008247999999999998 -0.2631487109375
 0.051972250000000005 -0.25613275
 0.06759725 -0.2080439375
 0.042315500000000006 -0.2264121953125
 -0.24316075 -0.213403609375
 -0.20822225 -0.224755796875
 -0.217879 -0.19503530468750002
 -0.29372425 -0.25014021875000003
 -0.25878575000000004 -0.261492390625
 -0.26844250000000003 -0.2317719140625
 -0.27441075000000004 -0.30958115625000004
 -0.23947225 -0.32093334375
 -0.22384725 -0.27284457812499996
 -0.249129 -0.2912128671875
 -0.18890875000000001 -0.28419678125
 -0.1985655 -0.25447628906249997
 -0.34428775 -0.286876828125
 -0.30934925 -0.298228984375
 -0.319006 -0.2685085234375
 -0.39485125 -0.32361343750000005
 -0.35991275 -0.334965578125
 -0.3695695 -0.3052451328125
 -0.37553775 -0.3830543125
 -0.34059925 -0.39440646874999996
 -0.32497425 -0.34631773437499996
 -0.350256 -0.3646860234375
 -0.29003575000000004 -0.35766990624999995
 -0.29969250000000003 -0.3279494453125
 -0.30566075000000004 -0.40575864062499994
 -0.27072225 -0.41711082812499994
 -0.25509725 -0.36902209374999995
 -0.280379 -0.3873903671875
 -0.35622425 -0.44249518749999994
 -0.32128575000000004 -0.453847359375
 -0.33094250000000003 -0.42412691406249997
 -0.33691075000000004 -0.5019360625
 -0.30197225 -0.51328825
 -0.28634725 -0.465199546875
 -0.311629 -0.4835678046875
 -0.25140875 -0.47655174999999994
 -0.23578375000000001 -0.42846303124999996
 -0.2610655 -0.4468312890624999
 -0.20453375000000001 -0.332285546875
 -0.16959524999999998 -0.343637765625
 -0.179252 -0.3139172734375
 -0.22015875000000001 -0.38037429687499996
 -0.2298155 -0.3506538203125
 -0.20084524999999998 -0.43981525
 -0.18522024999999998 -0.39172651562499994
 -0.210502 -0.41009477343749995
 -0.15028175 -0.40307874999999993
 -0.15993849999999998 -0.3733582578125
 -0.16590675 -0.451167484375
 -0.13096825 -0.46251973437499994
 -0.11534325000000001 -0.414431
 -0.140625 -0.43279924218749993
 -0.21647024999999998 -0.48790396874999997
 -0.18153175 -0.49925620312499996
 -0.19118849999999998 -0.4695357265625
 -0.19715675 -0.54734490625
 -0.16221824999999998 -0.55869715625
 -0.14659325 -0.5106084531249999
 -0.171875 -0.5289766796875
 -0.11165475 -0.5219607187499999
 -0.09602975 -0.47387199999999996
 -0.12131150000000002 -0.4922402265625
 -0.26703374999999996 -0.524640453125
 -0.23209524999999998 -0.535992671875
 -0.241752 -0.5062722109375
 -0.31759724999999994 -0.5613769375
 -0.28265874999999996 -0.5727291406249999
 -0.29231549999999995 -0.5430086953125
 -0.29828374999999996 -0.6208178124999999
 -0.26334525 -0.63217003125
 -0.24772024999999998 -0.584081359375
 -0.27300199999999997 -0.6024495859374999
 -0.21278175 -0.5954335937499999
 -0.22243849999999998 -0.5657131328125
 -0.22840675 -0.6435222656249999
 -0.19346825 -0.654874515625
 -0.17784324999999998 -0.60678584375
 -0.203125 -0.6251540546875
 -0.27897025 -0.6802586875000001
 -0.24403175 -0.691610921875
 -0.2536885 -0.6618904765625
 -0.25965675 -0.7396995625
 -0.22471825 -0.7510518125
 -0.20909325 -0.702963171875
 -0.234375 -0.7213313671874999
 -0.17415475000000002 -0.7143154375
 -0.15852975 -0.66622678125
 -0.18381150000000002 -0.6845949765625
 -0.12727975 -0.5700494218750001
 -0.09234124999999999 -0.5814017031250001
 -0.07671625 -0.5333129999999999
 -0.10199799999999999 -0.5516812109375
 -0.14290475 -0.618138109375
 -0.1525615 -0.5884176328125
 -0.12359125 -0.6775790625
 -0.10796624999999999 -0.629490390625
 -0.13324799999999998 -0.6478585859375001
 -0.07302775 -0.6408426875000001
 -0.057402749999999995 -0.592754
 -0.0826845 -0.6111221953125001
 0.036347250000000005 -0.304221546875
 0.07128575000000001 -0.31557385937500004
 0.08691075000000001 -0.26748506250000004
 0.061629 -0.28585330468750003
 -0.014216249999999998 -0.34095803124999996
 0.020722250000000005 -0.35231032812499996
 0.011065500000000002 -0.32258978906249997
 0.005097250000000003 -0.40039909375
 0.04003575 -0.41175140625
 0.05566075 -0.363662640625
 0.030379000000000003 -0.3820308671875
 0.09059925 -0.37501496875
 0.10622425 -0.3269261875
 0.0809425 -0.34529441406250005
 -0.06477975 -0.377694515625
 -0.02984125 -0.389046796875
 -0.039498 -0.35932627343749995
 -0.08040475 -0.425783265625
 -0.09006150000000002 -0.3960627578125
 -0.06109125 -0.48522428125
 -0.04546625 -0.437135546875
 -0.070748 -0.4555037734375
 -0.010527749999999999 -0.44848784375
 -0.020184499999999998 -0.41876732031249997
 -0.02615275 -0.496576578125
 0.008785750000000002 -0.507928890625
 0.024410750000000002 -0.45984015624999997
 -0.0008709999999999985 -0.47820836718750004
 -0.041777749999999995 -0.544665296875
 -0.051434499999999994 -0.5149447890625001
 -0.022464249999999998 -0.6041063125
 -0.006839249999999996 -0.556017609375
 -0.032121 -0.5743858046875
 0.028099250000000006 -0.5673699375
 0.043724250000000006 -0.51928121875
 0.018442500000000004 -0.5376494140625
 0.07497425 -0.423103734375
 0.10991275 -0.434456078125
 0.12553775 -0.3863673125
 0.10025600000000001 -0.40473552343749997
 0.059349250000000006 -0.47119248437499994
 0.0496925 -0.4414719453125
 0.07866275 -0.5306335624999999
 0.09428775 -0.48254482812499994
 0.06900600000000001 -0.5009130234374999
 0.12922625000000001 -0.49389718749999995
 0.14485125 -0.4458084375
 0.1195695 -0.4641766328125
 0.0505635078125 -0.059441125
 0.0721567578125 -0.0297205625
 0.040906753906249996 -0.0297205625
 0.069877015625 -0.11888225
 0.0914702734375 -0.0891616875
 0.06022026171875 -0.0891616875
 0.132377046875 -0.11888225
 0.15397029687499997 -0.0891616875
 0.1130635234375 -0.059441125
 0.12272028515625 -0.0891616875
 0.134656765625 -0.0297205625
 0.10340676171874999 -0.0297205625
 0.0891905234375 -0.178323375
 0.11078378906249998 -0.14860281250000001
 0.07953376953124999 -0.14860281250000001
 0.10850403125 -0.2377645
 0.1300973046875 -0.2080439375
 0.09884727734375 -0.2080439375
 0.17100409374999997 -0.2377645
 0.192597359375 -0.2080439375
 0.1516905703125 -0.178323375
 0.16134733203125 -0.2080439375
 0.17328382812499998 -0.14860281250000001
 0.14203380859374998 -0.14860281250000001
 0.2141906171875 -0.178323375
 0.2357838671875 -0.14860281250000001
 0.194877078125 -0.11888225
 0.20453384765625 -0.14860281250000001
 0.23350415624999998 -0.2377645
 0.25509741406249997 -0.2080439375
 0.22384738671874999 -0.2080439375
 0.29600421874999994 -0.2377645
 0.31759746874999994 -0.2080439375
 0.2766906640625 -0.178323375
 0.28634744140624996 -0.2080439375
 0.29828390625 -0.14860281250000001
 0.25737710937499997 -0.11888225
 0.26703388671874995 -0.14860281250000001
 0.1755635390625 -0.059441125
 0.1971567734375 -0.0297205625
 0.16590676953125 -0.0297205625
 0.21647032031249996 -0.0891616875
 0.18522030859374997 -0.0891616875
 0.27897034374999996 -0.0891616875
 0.23806355468749998 -0.059441125
 0.24772033203125 -0.0891616875
 0.25965678125 -0.0297205625
 0.22840677734374998 -0.0297205625
 0.12781753906249999 -0.29720562500000003
 0.1494108203125 -0.26748506250000004
 0.11816078515625 -0.26748506250000004
 0.147131046875 -0.35664675
 0.1687243359375 -0.3269261875
 0.13747429296875002 -0.3269261875
 0.209631140625 -0.35664675
 0.23122442187499997 -0.3269261875
 0.19031761718749998 -0.29720562500000003
 0.19997437890624997 -0.3269261875
 0.21191089062499996 -0.26748506250000004
 0.18066085546874996 -0.26748506250000004
 0.1664445546875 -0.416087875
 0.1880378515625 -0.3863673125
 0.15678780078125 -0.3863673125
 0.1857580625 -0.475529
 0.2073513671875 -0.4458084375
 0.17610130859375 -0.4458084375
 0.2482581875 -0.475529
 0.269851484375 -0.4458084375
 0.2289446640625 -0.416087875
 0.23860142578125 -0.4458084375
 0.250537953125 -0.3863673125
 0.21928790234374998 -0.3863673125
 0.29144477343749997 -0.416087875
 0.31303805468749996 -0.3863673125
 0.272131234375 -0.35664675
 0.28178800390625 -0.3863673125
 0.3107583125 -0.475529
 0.3323516015625 -0.4458084375
 0.30110154296875 -0.4458084375
 0.3732584375 -0.475529
 0.39485171875 -0.4458084375
 0.3539448828125 -0.416087875
 0.36360166015624995 -0.4458084375
 0.37553815625 -0.3863673125
 0.33463132812499996 -0.35664675
 0.34428810546875 -0.3863673125
 0.2528176953125 -0.29720562500000003
 0.27441096093749995 -0.26748506250000004
 0.24316092578124998 -0.26748506250000004
 0.2937245078125 -0.3269261875
 0.26247446484375 -0.3269261875
 0.35622459374999993 -0.3269261875
 0.3153177734375 -0.29720562500000003
 0.32497455078125 -0.3269261875
 0.33691103125 -0.26748506250000004
 0.30566099609374997 -0.26748506250000004
 0.3778178515624999 -0.29720562500000003
 0.3994111015624999 -0.26748506250000004
 0.35850428125 -0.2377645
 0.36816106640625 -0.26748506250000004
 0.39713142187499995 -0.35664675
 0.41872467968749993 -0.3269261875
 0.38747463671874993 -0.3269261875
 0.45963151562499993 -0.35664675
 0.48122476562499994 -0.3269261875
 0.44031792968749994 -0.29720562500000003
 0.44997472265624994 -0.3269261875
 0.46191117187499997 -0.26748506250000004
 0.42100434374999995 -0.2377645
 0.43066113671874995 -0.26748506250000004
 0.4164449921875 -0.416087875
 0.43803825781249994 -0.3863673125
 0.40678820703124996 -0.3863673125
 0.4357585625 -0.475529
 0.45735183593749995 -0.4458084375
 0.42610177734375004 -0.4458084375
 0.49825868749999996 -0.475529
 0.519851953125 -0.4458084375
 0.47894510156250003 -0.416087875
 0.48860189453124997 -0.4458084375
 0.500538359375 -0.3863673125
 0.46928830859375 -0.3863673125
 0.5414452109375 -0.416087875
 0.5630384609375 -0.3863673125
 0.522131609375 -0.35664675
 0.53178841015625 -0.3863673125
 0.5607588125 -0.475529
 0.5823520703125 -0.4458084375
 0.55110201171875 -0.4458084375
 0.6232589374999999 -0.475529
 0.6448521875 -0.4458084375
 0.6039453203125 -0.416087875
 0.61360212890625 -0.4458084375
 0.6255385625000001 -0.3863673125
 0.584631703125 -0.35664675
 0.59428851171875 -0.3863673125
 0.5028180078125 -0.29720562500000003
 0.5244112421875 -0.26748506250000004
 0.48350440624999996 -0.2377645
 0.49316120703124994 -0.26748506250000004
 0.5437248515625 -0.3269261875
 0.5124748085937499 -0.3269261875
 0.6062249375 -0.3269261875
 0.5653180859375 -0.29720562500000003
 0.57497489453125 -0.3269261875
 0.5869113125000001 -0.26748506250000004
 0.54600446875 -0.2377645
 0.55566127734375 -0.26748506250000004
 0.30056357031250003 -0.059441125
 0.3221567890625 -0.0297205625
 0.29090678515625 -0.0297205625
 0.319877140625 -0.11888225
 0.3414703671875 -0.0891616875
 0.31022035546875 -0.0891616875
 0.382377171875 -0.11888225
 0.40397039062499995 -0.0891616875
 0.3630635859375 -0.059441125
 0.37272037890625 -0.0891616875
 0.384656796875 -0.0297205625
 0.35340679296875 -0.0297205625
 0.3391907109375 -0.178323375
 0.3607839453125 -0.14860281250000001
 0.32953392578125 -0.14860281250000001
 0.3800975234375 -0.2080439375
 0.34884749609375 -0.2080439375
 0.442597578125 -0.2080439375
 0.40169075781249997 -0.178323375
 0.41134755078124996 -0.2080439375
 0.42328398437500003 -0.14860281250000001
 0.39203396484374997 -0.14860281250000001
 0.4641908046875 -0.178323375
 0.4857840234375 -0.14860281250000001
 0.444877203125 -0.11888225
 0.45453400390625 -0.14860281250000001
 0.5050976328125 -0.2080439375
 0.47384760546875 -0.2080439375
 0.5675976875 -0.2080439375
 0.5266908515625 -0.178323375
 0.53634766015625 -0.2080439375
 0.5482840625000001 -0.14860281250000001
 0.507377234375 -0.11888225
 0.51703404296875 -0.14860281250000001
 0.42556360156249995 -0.059441125
 0.44715680468749996 -0.0297205625
 0.41590680078125 -0.0297205625
 0.4664704140625 -0.0891616875
 0.43522040234375 -0.0891616875
 0.5289704375 -0.0891616875
 0.4880636171875 -0.059441125
 0.49772042578125 -0.0891616875
 0.5096568125000001 -0.0297205625
 0.47840680859374995 -0.0297205625
 0.53125 0
 0.5721568203125 0.0297205625
 0.5505636328125001 0.059441125
 0.54090681640625 0.0297205625
 0.59375 0
 0.634656828125 0.0297205625
 0.6130636484375 0.059441125
 0.60340682421875 0.0297205625
 0.653970484375 0.0891616875
 0.6323772968749999 0.11888225
 0.5914704609375 0.0891616875
 0.6227204726562501 0.0891616875
 0.569877265625 0.11888225
 0.56022044921875 0.0891616875
 0.65625 0
 0.6971568359375 0.0297205625
 0.6755636640625 0.059441125
 0.66590683203125 0.0297205625
 0.71875 0
 0.75965684375 0.0297205625
 0.7380636796875 0.059441125
 0.72840683984375 0.0297205625
 0.7789705312499999 0.0891616875
 0.757377359375 0.11888225
 0.7164705078125 0.0891616875
 0.74772051953125 0.0891616875
 0.694877328125 0.11888225
 0.68522049609375 0.0891616875
 0.7357841796875 0.14860281250000001
 0.7141909921875 0.178323375
 0.673284140625 0.14860281250000001
 0.70453416015625 0.14860281250000001
 0.7982842187500001 0.14860281250000001
 0.7766910390625 0.178323375
 0.76703419921875 0.14860281250000001
 0.8175979062500001 0.2080439375
 0.79600471875 0.2377645
 0.7550978515625 0.2080439375
 0.78634787890625 0.2080439375
 0.73350465625 0.2377645
 0.692597796875 0.2080439375
 0.72384782421875 0.2080439375
 0.6107841015625 0.14860281250000001
 0.5891908984375 0.178323375
 0.57953408203125 0.14860281250000001
 0.6516909453124999 0.178323375
 0.6420341210937499 0.14860281250000001
 0.67100459375 0.2377645
 0.6300977421875 0.2080439375
 0.66134776953125 0.2080439375
 0.60850453125 0.2377645
 0.5988477148437501 0.2080439375
 0.78125 0
 0.8221568515625 0.0297205625
 0.8005636953124999 0.059441125
 0.79090684765625 0.0297205625
 0.84375 0
 0.8846568593749999 0.0297205625
 0.8630637109374999 0.059441125
 0.85340685546875 0.0297205625
 0.903970578125 0.0891616875
 0.882377421875 0.11888225
 0.8414705546875 0.0891616875
 0.8727205664062498 0.0891616875
 0.8198773906250001 0.11888225
 0.8102205429687499 0.0891616875
 0.90625 0
 0.9471568671875 0.0297205625
 0.9255637265625001 0.059441125
 0.91590686328125 0.0297205625
 0.96875 0
 1.0096568750000001 0.0297205625
 0.9880637421875 0.059441125
 0.9784068710937501 0.0297205625
 1.028970625 0.0891616875
 1.007377484375 0.11888225
 0.9664706015625 0.0891616875
 0.9977206132812501 0.0891616875
 0.9448774531249999 0.11888225
 0.93522058984375 0.0891616875
 0.9857843359375 0.14860281250000001
 0.9641911796875 0.178323375
 0.923284296875 0.14860281250000001
 0.95453431640625 0.14860281250000001
 1.0482843750000002 0.14860281250000001
 1.0266912265625001 0.178323375
 1.01703435546875 0.14860281250000001
 1.067598125 0.2080439375
 1.0460049687500002 0.2377645
 1.0050980703125 0.2080439375
 1.03634809765625 0.2080439375
 0.9835049062500001 0.2377645
 0.942598015625 0.2080439375
 0.97384804296875 0.2080439375
 0.8607842578125 0.14860281250000001
 0.8391910859375 0.178323375
 0.8295342382812501 0.14860281250000001
 0.9016911328125 0.178323375
 0.89203427734375 0.14860281250000001
 0.92100484375 0.2377645
 0.8800979609375 0.2080439375
 0.9113479882812501 0.2080439375
 0.8585047812500001 0.2377645
 0.84884793359375 0.2080439375
 0.8994116640625001 0.26748506250000004
 0.8778184765625 0.29720562500000003
 0.83691159375 0.26748506250000004
 0.8681616289062501 0.26748506250000004
 0.9619117343750001 0.26748506250000004
 0.9403185546875 0.29720562500000003
 0.93066169921875 0.26748506250000004
 0.981225453125 0.3269261875
 0.959632265625 0.35664675
 0.9187253671875 0.3269261875
 0.94997541015625 0.3269261875
 0.8971321718749999 0.35664675
 0.85622528125 0.3269261875
 0.8874753242187499 0.3269261875
 1.0244118046875 0.26748506250000004
 1.0028186328125002 0.29720562500000003
 0.99316176953125 0.26748506250000004
 1.0869118750000002 0.26748506250000004
 1.0653187109375 0.29720562500000003
 1.0556618398437503 0.26748506250000004
 1.106225625 0.3269261875
 1.0846324531250002 0.35664675
 1.0437255390625002 0.3269261875
 1.07497558203125 0.3269261875
 1.022132359375 0.35664675
 1.01247549609375 0.3269261875
 1.0630392734375 0.3863673125
 1.0414460859374999 0.416087875
 1.000539171875 0.3863673125
 1.0317892226562502 0.3863673125
 1.125539375 0.3863673125
 1.1039461953125 0.416087875
 1.0942893242187501 0.3863673125
 1.144853125 0.4458084375
 1.1232599374999999 0.475529
 1.0823530078124999 0.4458084375
 1.1136030664062502 0.4458084375
 1.0607598125 0.475529
 1.019852890625 0.4458084375
 1.05110294921875 0.4458084375
 0.9380390703124999 0.3863673125
 0.9164458671875 0.416087875
 0.8755389687499999 0.3863673125
 0.90678901953125 0.3863673125
 0.9789459765624999 0.416087875
 0.96928912109375 0.3863673125
 0.9982596874999999 0.475529
 0.9573527734375 0.4458084375
 0.9886028320312499 0.4458084375
 0.9357595624999999 0.475529
 0.8948526562499999 0.4458084375
 0.9261027148437501 0.4458084375
 0.6494113828125 0.26748506250000004
 0.6278181640625 0.29720562500000003
 0.61816134765625 0.26748506250000004
 0.7119114531249999 0.26748506250000004
 0.6903182421874999 0.29720562500000003
 0.68066141796875 0.26748506250000004
 0.731225109375 0.3269261875
 0.709631890625 0.35664675
 0.6687250234375 0.3269261875
 0.69997506640625 0.3269261875
 0.647131796875 0.35664675
 0.6374749804687501 0.3269261875
 0.7744115234375 0.26748506250000004
 0.7528183203125 0.29720562500000003
 0.7431614882812501 0.26748506250000004
 0.8153183984375 0.29720562500000003
 0.80566155859375 0.26748506250000004
 0.834632078125 0.35664675
 0.7937251953125 0.3269261875
 0.82497523828125 0.3269261875
 0.772131984375 0.35664675
 0.7624751523437501 0.3269261875
 0.8130388671875 0.3863673125
 0.7914456484375 0.416087875
 0.750538765625 0.3863673125
 0.7817888164062499 0.3863673125
 0.8539457578124999 0.416087875
 0.8442889179687499 0.3863673125
 0.8732594375 0.475529
 0.8323525390625 0.4458084375
 0.8636025976562499 0.4458084375
 0.8107593125 0.475529
 0.769852421875 0.4458084375
 0.8011024804687501 0.4458084375
 0.6880386640625 0.3863673125
 0.6664454296875 0.416087875
 0.65678861328125 0.3863673125
 0.7289455390625 0.416087875
 0.71928871484375 0.3863673125
 0.7482591875 0.475529
 0.7073523046875001 0.4458084375
 0.7386023632812501 0.4458084375
 0.6857590625000001 0.475529
 0.67610224609375 0.4458084375
 0.726666 0.5052494999999999
 0.7050728125000001 0.53497
 0.664165875 0.5052494999999999
 0.6954159375 0.5052494999999999
 0.789166125 0.5052494999999999
 0.7675729375 0.53497
 0.7579160625 0.5052494999999999
 0.8084798750000001 0.5646905
 0.7868866875 0.594411
 0.74597975 0.5646905
 0.7772298125000001 0.5646905
 0.7243865625000001 0.594411
 0.683479625 0.5646905
 0.7147296875000001 0.5646905
 0.85166625 0.5052494999999999
 0.8300730625 0.53497
 0.8204161875 0.5052494999999999
 0.914166375 0.5052494999999999
 0.8925731875 0.53497
 0.8829163124999999 0.5052494999999999
 0.933480125 0.5646905
 0.9118869375 0.594411
 0.87098 0.5646905
 0.9022300625 0.5646905
 0.8493868125 0.594411
 0.8397299375 0.5646905
 0.89029375 0.6241315000000001
 0.8687005625 0.653852
 0.8277936250000001 0.6241315000000001
 0.8590436875 0.6241315000000001
 0.952793875 0.6241315000000001
 0.9312006875000001 0.653852
 0.9215438125 0.6241315000000001
 0.972107625 0.6835724999999999
 0.9505144375000001 0.713293
 0.9096075 0.6835724999999999
 0.9408575625000001 0.6835724999999999
 0.8880143125000001 0.713293
 0.8471073750000001 0.6835724999999999
 0.8783574375000001 0.6835724999999999
 0.7652935000000001 0.6241315000000001
 0.7437003125000001 0.653852
 0.702793375 0.6241315000000001
 0.7340434375 0.6241315000000001
 0.8062004375 0.653852
 0.7965435625 0.6241315000000001
 0.8255141875 0.713293
 0.7846072500000001 0.6835724999999999
 0.8158573125 0.6835724999999999
 0.7630140625000001 0.713293
 0.7221071250000001 0.6835724999999999
 0.7533571875000001 0.6835724999999999
 0.9766665 0.5052494999999999
 0.9550733124999999 0.53497
 0.9454164374999999 0.5052494999999999
 1.039166625 0.5052494999999999
 1.0175734374999998 0.53497
 1.0079165625 0.5052494999999999
 1.0584803749999998 0.5646905
 1.0368871875 0.594411
 0.99598025 0.5646905
 1.0272303125 0.5646905
 0.9743870625 0.594411
 0.9647301875000001 0.5646905
 1.10166675 0.5052494999999999
 1.0800735625 0.53497
 1.0704166874999999 0.5052494999999999
 1.1641668749999998 0.5052494999999999
 1.1425736874999999 0.53497
 1.1329168125 0.5052494999999999
 1.183480625 0.5646905
 1.1618874375 0.594411
 1.1209805 0.5646905
 1.1522305625 0.5646905
 1.0993873125 0.594411
 1.0897304375 0.5646905
 1.1402942500000002 0.6241315000000001
 1.1187010625 0.653852
 1.077794125 0.6241315000000001
 1.1090441875 0.6241315000000001
 1.2027943749999999 0.6241315000000001
 1.1812011875000001 0.653852
 1.1715443125 0.6241315000000001
 1.222108125 0.6835724999999999
 1.2005149375 0.713293
 1.159608 0.6835724999999999
 1.1908580625000003 0.6835724999999999
 1.1380148125 0.713293
 1.0971078749999998 0.6835724999999999
 1.1283579375000001 0.6835724999999999
 1.015294 0.6241315000000001
 0.9937008125 0.653852
 0.9840439375 0.6241315000000001
 1.0562009374999999 0.653852
 1.0465440625 0.6241315000000001
 1.0755146875000001 0.713293
 1.0346077500000002 0.6835724999999999
 1.0658578125 0.6835724999999999
 1.0130145625 0.713293
 1.0033576874999999 0.6835724999999999
 1.0539215 0.7430135
 1.0323283125 0.772734
 0.991421375 0.7430135
 1.0226714375000001 0.7430135
 1.116421625 0.7430135
 1.0948284375 0.772734
 1.0851715625000002 0.7430135
 1.1357353749999999 0.8024545000000001
 1.1141421875 0.832175
 1.07323525 0.8024545
 1.1044853125 0.8024545
 1.0516420625 0.832175
 1.010735125 0.8024545000000001
 1.0419851875 0.8024545
 1.17892175 0.7430135
 1.1573285625 0.772734
 1.1476716875 0.7430135
 1.241421875 0.7430135
 1.2198286875 0.772734
 1.2101718125 0.7430135
 1.2607356250000001 0.8024545000000001
 1.2391424375 0.832175
 1.1982355 0.8024545
 1.2294855625 0.8024545
 1.1766423125 0.832175
 1.1669854375000002 0.8024545
 1.2175492500000002 0.8618955
 1.1959560625 0.891616
 1.1550491250000001 0.8618954999999999
 1.1862991875 0.8618955
 1.280049375 0.8618954999999999
 1.2584561875000002 0.891616
 1.2487993125 0.8618954999999999
 1.2993631250000002 0.9213365
 1.2777699375 0.951057
 1.236863 0.9213365
 1.2681130625000003 0.9213365
 1.2152698125 0.951057
 1.174362875 0.9213365
 1.2056129375000002 0.9213365
 1.092549 0.8618955
 1.0709558124999998 0.891616
 1.0300488749999999 0.8618954999999999
 1.0612989375000002 0.8618955
 1.1334559375 0.891616
 1.1237990625 0.8618954999999999
 1.1527696875 0.951057
 1.1118627499999998 0.9213365
 1.1431128125 0.9213365
 1.0902695625 0.951057
 1.049362625 0.9213365
 1.0806126875 0.9213365
 0.8039210000000001 0.7430135
 0.7823278125000002 0.772734
 0.7414208750000001 0.7430135
 0.7726709375 0.7430135
 0.8664211250000001 0.7430135
 0.8448279375000001 0.772734
 0.8351710625000001 0.7430135
 0.8857348750000001 0.8024545000000001
 0.8641416875000001 0.832175
 0.8232347500000001 0.8024545
 0.8544848125000002 0.8024545
 0.8016415625000002 0.832175
 0.7607346250000001 0.8024545000000001
 0.7919846875000002 0.8024545
 0.92892125 0.7430135
 0.9073280625000001 0.772734
 0.8976711875000001 0.7430135
 0.9698281875 0.772734
 0.9601713125 0.7430135
 0.9891419375 0.832175
 0.948235 0.8024545
 0.9794850625 0.8024545
 0.9266418125000001 0.832175
 0.9169849375000001 0.8024545
 0.96754875 0.8618955
 0.9459555625 0.891616
 0.905048625 0.8618954999999999
 0.9362986875000001 0.8618955
 1.0084556875 0.891616
 0.9987988125 0.8618954999999999
 1.0277694375 0.951057
 0.9868625 0.9213365
 1.0181125625 0.9213365
 0.9652693125 0.951057
 0.9243623750000001 0.9213365
 0.9556124375 0.9213365
 0.8425485000000001 0.8618955
 0.8209553125000001 0.891616
 0.7800483750000001 0.8618954999999999
 0.8112984375000001 0.8618955
 0.8834554375000001 0.891616
 0.8737985625000001 0.8618954999999999
 0.9027691875 0.951057
 0.86186225 0.9213365
 0.8931123125 0.9213365
 0.8402690625 0.951057
 0.799362125 0.9213365
 0.8306121875000001 0.9213365
 0.22666494531249998 0.5052494999999999
 0.20507169531249997 0.53497
 0.16416481249999998 0.5052494999999999
 0.19541487890624998 0.5052494999999999
 0.28916507812500003 0.5052494999999999
 0.2675718359375 0.53497
 0.25791501171875003 0.5052494999999999
 0.30847873437499995 0.5646905
 0.28688548437499994 0.594411
 0.2459785859375 0.5646905
 0.27722866015625 0.5646905
 0.22438532812499998 0.594411
 0.18347843749999998 0.5646905
 0.21472851171875 0.5646905
 0.35166521093750003 0.5052494999999999
 0.3300719765625 0.53497
 0.32041514453125 0.5052494999999999
 0.41416534375 0.5052494999999999
 0.39257211718749996 0.53497
 0.38291527734375 0.5052494999999999
 0.43347903125 0.5646905
 0.41188579687499993 0.594411
 0.37097888281249997 0.5646905
 0.40222895703125 0.5646905
 0.349385640625 0.594411
 0.33972880859375 0.5646905
 0.39029255468749996 0.6241315000000001
 0.3686993046875 0.653852
 0.327792390625 0.6241315000000001
 0.35904247265625 0.6241315000000001
 0.45279271874999993 0.6241315000000001
 0.43119947656249996 0.653852
 0.42154263671875 0.6241315000000001
 0.47210640625 0.6835724999999999
 0.45051315625 0.713293
 0.4096062265625 0.6835724999999999
 0.44085631640624995 0.6835724999999999
 0.38801296875 0.713293
 0.347106046875 0.6835724999999999
 0.37835613671875 0.6835724999999999
 0.26529222656249996 0.6241315000000001
 0.2436989609375 0.653852
 0.20279206249999998 0.6241315000000001
 0.23404214453125 0.6241315000000001
 0.3061991328125 0.653852
 0.29654230859374997 0.6241315000000001
 0.32551278124999994 0.713293
 0.2846058671875 0.6835724999999999
 0.31585595703125 0.6835724999999999
 0.26301259374999997 0.713293
 0.22210568749999998 0.6835724999999999
 0.25335577734375 0.6835724999999999
 0.47666547656249997 0.5052494999999999
 0.4550722578125 0.53497
 0.44541541015624997 0.5052494999999999
 0.5391656093749999 0.5052494999999999
 0.5175723984375 0.53497
 0.50791554296875 0.5052494999999999
 0.558479328125 0.5646905
 0.5368861093749999 0.594411
 0.49597917968749994 0.5646905
 0.52722925390625 0.5646905
 0.4743859531249999 0.594411
 0.4647291054687499 0.5646905
 0.6016657421875 0.5052494999999999
 0.5800725390624999 0.53497
 0.57041567578125 0.5052494999999999
 0.6425726796875 0.53497
 0.63291580859375 0.5052494999999999
 0.661886421875 0.594411
 0.6209794765625 0.5646905
 0.65222955078125 0.5646905
 0.599386265625 0.594411
 0.5897294023437499 0.5646905
 0.6402932109375 0.6241315000000001
 0.6186999921875 0.653852
 0.577793046875 0.6241315000000001
 0.60904312890625 0.6241315000000001
 0.6812001640625001 0.653852
 0.6715432929687501 0.6241315000000001
 0.7005139062500001 0.713293
 0.6596069453125001 0.6835724999999999
 0.6908570351562501 0.6835724999999999
 0.6380137187500001 0.713293
 0.597106765625 0.6835724999999999
 0.6283568554687501 0.6835724999999999
 0.5152928828125 0.6241315000000001
 0.4936996484375 0.653852
 0.48404280078125 0.6241315000000001
 0.5561998203125 0.653852
 0.54654296484375 0.6241315000000001
 0.5755135312499999 0.713293
 0.5346065859375 0.6835724999999999
 0.56585667578125 0.6835724999999999
 0.51301334375 0.713293
 0.50335649609375 0.6835724999999999
 0.5539202890624999 0.7430135
 0.5323270390624999 0.772734
 0.49142009374999995 0.7430135
 0.5226701914062499 0.7430135
 0.6164204843750001 0.7430135
 0.5948272421875 0.772734
 0.58517038671875 0.7430135
 0.635734203125 0.8024545000000001
 0.6141409531249999 0.832175
 0.5732339921875 0.8024545
 0.60448409765625 0.8024545
 0.551640734375 0.832175
 0.5107337812499999 0.8024545000000001
 0.54198388671875 0.8024545
 0.6789206796875 0.7430135
 0.6573274453125 0.772734
 0.64767058203125 0.7430135
 0.7198276484375001 0.772734
 0.71017077734375 0.7430135
 0.7391413906250001 0.832175
 0.6982344140625001 0.8024545
 0.72948451953125 0.8024545
 0.6766411718750001 0.832175
 0.6669843085937499 0.8024545
 0.7175481484375 0.8618955
 0.6959548984375 0.891616
 0.655047921875 0.8618954999999999
 0.68629803515625 0.8618955
 0.7584551328125001 0.891616
 0.7487982617187501 0.8618954999999999
 0.777768875 0.951057
 0.7368618828125001 0.9213365
 0.7681120039062501 0.9213365
 0.7152686250000001 0.951057
 0.674361640625 0.9213365
 0.7056117617187501 0.9213365
 0.5925476953125 0.8618955
 0.5709544296875 0.891616
 0.5300474687500001 0.8618954999999999
 0.56129758203125 0.8618955
 0.6334546640625001 0.891616
 0.62379780859375 0.8618954999999999
 0.6527683750000001 0.951057
 0.6118613984375001 0.9213365
 0.64311151953125 0.9213365
 0.590268125 0.951057
 0.54936115625 0.9213365
 0.58061127734375 0.9213365
 0.3039195078125 0.7430135
 0.28232622656249995 0.772734
 0.24141931249999998 0.7430135
 0.27266941015624996 0.7430135
 0.36641970312499994 0.7430135
 0.3448264296875 0.772734
 0.33516960546874996 0.7430135
 0.385733359375 0.8024545000000001
 0.364140078125 0.832175
 0.32323314843749995 0.8024545
 0.35448325390625 0.8024545
 0.301639859375 0.832175
 0.2607329375 0.8024545000000001
 0.29198304296875 0.8024545
 0.4289198984375 0.7430135
 0.4073266328125 0.772734
 0.39766980078125 0.7430135
 0.46982683593749996 0.772734
 0.46016999609375 0.7430135
 0.489140515625 0.832175
 0.4482335703125 0.8024545
 0.47948367578125 0.8024545
 0.426640296875 0.832175
 0.41698346484374993 0.8024545
 0.4675472421875 0.8618955
 0.4459539609375 0.891616
 0.405047015625 0.8618954999999999
 0.43629712890624994 0.8618955
 0.5084541953125 0.891616
 0.49879735546875 0.8618954999999999
 0.527767875 0.951057
 0.4868609140625 0.9213365
 0.51811103515625 0.9213365
 0.46526762499999996 0.951057
 0.42436067187500004 0.9213365
 0.45561079296874996 0.9213365
 0.34254678906249997 0.8618955
 0.32095349218749997 0.891616
 0.2800465625 0.8618954999999999
 0.31129667578125 0.8618955
 0.3834537265625 0.891616
 0.37379690234374996 0.8618954999999999
 0.40276737500000004 0.951057
 0.3618604296875 0.9213365
 0.39311055078125 0.9213365
 0.340267125 0.951057
 0.2993601875 0.9213365
 0.33061030859374996 0.9213365
 0.14853987109375 0.5533382578124999
 0.11360130859375 0.5419860078125001
 0.138883060546875 0.5236177539062499
 0.16785349218749998 0.612779265625
 0.13291492578124997 0.6014270234375
 0.158196681640625 0.5830587617187499
 0.11728997656249998 0.649515796875
 0.08235141406249999 0.638163546875
 0.09797636328124999 0.5900747734375
 0.10763316992187498 0.61979528515625
 0.0630378046875 0.578722515625
 0.088319556640625 0.56035426171875
 0.18716711328124996 0.6722202734375
 0.15222854296875 0.6608680390624999
 0.17751030273437496 0.64249976953125
 0.20648073437499997 0.73166128125
 0.17154216015624996 0.7203090546875
 0.19682392382812497 0.7019407773437499
 0.15591720312499996 0.76839784375
 0.12097863281249999 0.757045609375
 0.13660358984374998 0.7089568203125
 0.14626039648437497 0.7386773320312501
 0.10166502343749997 0.697604578125
 0.12694678320312497 0.6792363085937498
 0.08604006640624998 0.7456933671874999
 0.051101503906249984 0.7343411171875
 0.06672646093749998 0.6862523281249999
 0.07638326367187498 0.71597284765625
 0.10535367187499999 0.80513440625
 0.07041510546874999 0.7937821640625
 0.09569686914062499 0.77541388671875
 0.05479014062499999 0.8418709687499999
 0.01985157812499999 0.8305187187499998
 0.03547654296874999 0.7824299140625
 0.04513334179687499 0.8121504414062499
 0.0005379843749999946 0.7710776562499999
 0.016162945312499993 0.722988859375
 0.02581974414062499 0.7527093867187499
 0.047412855468749994 0.6268112890624999
 0.01247430078125 0.6154590234374999
 0.037756052734375004 0.59709076953125
 0.031787902343749994 0.6749000703125
 0.05706965820312499 0.65653180859375
 -0.018775609375000002 0.71163659375
 -0.0031506523437500027 0.6635478046875001
 0.006506146484374996 0.69326833203125
 -0.038089203125 0.6521955312500001
 -0.012807451171875 0.63382727734375
 0.22579435546874999 0.7911022890625
 0.19085577734374998 0.7797500703125
 0.21613754492187498 0.76138178515625
 0.2451079765625 0.850543296875
 0.21016939453125 0.8391910859375
 0.235451166015625 0.82082279296875
 0.19454442968750002 0.8872798906249999
 0.1596058515625 0.875927671875
 0.17523081640625 0.8278388671875
 0.184887623046875 0.8575593789062499
 0.14029224218749997 0.816486640625
 0.16557400976562497 0.7981183554687499
 0.26442159765625 0.9099843046874999
 0.22948301171875002 0.8986321015624998
 0.254764787109375 0.88026380078125
 0.28373521874999996 0.9694253125000001
 0.24879662890624998 0.9580731171874999
 0.27407840820312496 0.93970480859375
 0.23317165625 1.0061619375
 0.1982330703125 0.994809734375
 0.21385804296875 0.9467209140624999
 0.223514849609375 0.9764414257812499
 0.1789194609375 0.935368703125
 0.204201236328125 0.9170004023437499
 0.16329448828125 0.9834575234374999
 0.12835591015625 0.9721053046874999
 0.1439808828125 0.9240164843749998
 0.153637685546875 0.9537370039062499
 0.18260809375 1.0428985625
 0.14766951171875 1.0315463515624999
 0.172951291015625 1.0131780429687498
 0.13204453124999999 1.0796351874999999
 0.09710595312499999 1.06828296875
 0.11273093359375 1.0201941328125
 0.12238773242187499 1.04991466015625
 0.077792359375 1.0088419062499998
 0.0934173359375 0.9607530781249999
 0.10307413476562499 0.99047360546875
 0.12466727734375 0.8645754453124999
 0.08972870703125 0.8532232109375
 0.11501047460937498 0.83485492578125
 0.10904230859375 0.9126642578124999
 0.134324080078125 0.89429596484375
 0.058478765625 0.9494008437499999
 0.07410373828124998 0.9013120234374998
 0.083760537109375 0.9310325507812498
 0.03916517187499999 0.88995978125
 0.06444693945312499 0.87159149609375
 0.023540199218749995 0.9380486015624999
 -0.011398363281250004 0.9266963515625
 0.004226609374999992 0.8786075312499999
 0.013883404296874994 0.90832806640625
 0.042853789062499995 0.9974896718749998
 0.007915222656249997 0.9861374296874998
 0.033196994140625 0.9677691367187499
 -0.007709757812500004 1.0342262656249999
 -0.0426483203125 1.022874015625
 -0.027023339843750004 0.9747851796875
 -0.017366548828125005 1.00450572265625
 -0.0619618984375 0.963432921875
 -0.046336921875000006 0.91534409375
 -0.03668013085937501 0.9450646367187501
 0.06216737890624999 1.0569307421875
 0.027228808593749994 1.0455785078125
 0.05251058398437499 1.0272102070312499
 0.08148096875 1.1163718125
 0.04654239453124999 1.1050195859375
 0.07182417382812499 1.08665127734375
 0.03091740624999999 1.1531084375
 -0.004021164062500008 1.141756203125
 0.01160382421874999 1.0936673515625
 0.02126061523437499 1.12338789453125
 -0.023334742187500007 1.082315109375
 0.001947033203124995 1.0639468085937498
 -0.03895973046875 1.1304039609375
 -0.07389829296875 1.1190517109375
 -0.0582733046875 1.070962859375
 -0.048616517578125004 1.10068341015625
 -0.019646156250000008 1.1898450625
 -0.05458472265625 1.1784928203125
 -0.029302943359375007 1.16012451171875
 -0.07020971875000001 1.2265816875
 -0.10514828125 1.2152294375000001
 -0.08952328515625 1.1671405703125
 -0.079866501953125 1.19686112890625
 -0.12446184375 1.1557883125
 -0.1088368515625 1.107699453125
 -0.099180068359375 1.13742001171875
 -0.07758687890625 1.0115217578125
 -0.11252543359375 1.0001694921875002
 -0.09690045312500001 0.95208065625
 -0.087243666015625 0.98180120703125
 -0.09321186328125 1.0596106015625
 -0.067930091796875 1.04124230859375
 -0.14377540625 1.0963471875000002
 -0.12815041796874999 1.0482583359375002
 -0.118493634765625 1.0779788945312498
 -0.16308896875 1.0369060625
 -0.147463984375 0.9888172187500001
 -0.137807201171875 1.01853777734375
 -0.05371416015625 0.7002843203125
 -0.08865270703125 0.6889320390625
 -0.063370955078125 0.67056378515625
 -0.0344005703125 0.759725390625
 -0.06933912109375001 0.7483731171875001
 -0.04405736523437501 0.7300048554687499
 -0.0849640859375 0.796461921875
 -0.11990263281249999 0.785109640625
 -0.10427766796875 0.7370208359375001
 -0.09462087695312502 0.76674137890625
 -0.1392162109375 0.725668546875
 -0.11393445898437501 0.7073002929687501
 -0.015086980468750004 0.8191664609374999
 -0.05002553515625 0.8078141953125
 -0.024743775390625004 0.7894459257812501
 -0.030711949218750003 0.8672552734375
 -0.005430185546875006 0.84888699609375
 -0.0812754765625 0.903991828125
 -0.06565050390625 0.8559030078125
 -0.055993712890625005 0.88562355078125
 -0.10058905468750001 0.8445507343750001
 -0.075307294921875 0.82618246484375
 -0.11621402734375001 0.8926395546875
 -0.15115257421875 0.8812872734375
 -0.13552760156250002 0.8331984531250001
 -0.12587081445312504 0.86291900390625
 -0.13183900390625 0.9407283828125
 -0.10655724023437502 0.92236010546875
 -0.18240253125 0.9774649375000001
 -0.16677755078125 0.9293761015625001
 -0.157120767578125 0.9590966601562501
 -0.20171609375000002 0.9180238125000001
 -0.18609111718750002 0.869934984375
 -0.17643433398437502 0.89965554296875
 -0.15484117578125 0.7737573515625
 -0.18977971484375 0.7624050546875001
 -0.16449796289062502 0.74403680078125
 -0.17046614453125 0.8218461640625001
 -0.145184388671875 0.80347790234375
 -0.22102965625 0.8585826875000001
 -0.20540468359375 0.8104938671875002
 -0.195747900390625 0.8402144257812502
 -0.24034321875 0.7991415625
 -0.215061466796875 0.78077330859375
 -0.25596819140625005 0.8472301953125001
 -0.29090672265625 0.8358776953125
 -0.27528175 0.7877890624999999
 -0.265624970703125 0.81750962890625
 -0.23665463281250002 0.9066713281250001
 -0.27159316796875 0.8953188359375001
 -0.24631141210937502 0.8769507617187501
 -0.28721814843750004 0.943407484375
 -0.3221566796875 0.9320549843750001
 -0.30653169921875 0.8839663359375001
 -0.29687492382812497 0.91368691015625
 -0.3414702265625 0.872613828125
 -0.32584525 0.8245251874999999
 -0.316188474609375 0.85424576171875
 -0.21734107421875 0.9661124609375
 -0.25227961328125004 0.9547599765625001
 -0.22699785351562501 0.9363918945312502
 -0.19802751562499998 1.0255535937500002
 -0.23296605859375 1.0142011171875
 -0.207684294921875 0.9958330273437501
 -0.248591046875 1.06228978125
 -0.2835295859375 1.050937296875
 -0.26790459765625 1.0028486328125001
 -0.25824782226562504 1.03256920703125
 -0.3028431328125 0.991496140625
 -0.277561373046875 0.9731280585937502
 -0.31846812109375 1.0395848046875003
 -0.35340665234375 1.0282323046875002
 -0.3377816640625 0.9801436406250001
 -0.328124892578125 1.0098642226562502
 -0.299154578125 1.09902596875
 -0.33409311328125 1.0876734765625002
 -0.308811349609375 1.0693053867187499
 -0.349718109375 1.1357621562500002
 -0.384656640625 1.1244096562500001
 -0.36903164453125004 1.0763209765625001
 -0.35937487695312503 1.1060415664062502
 -0.403970171875 1.06496846875
 -0.38834517968750004 1.016879796875
 -0.378688412109375 1.04660038671875
 -0.35709520703125 0.9207024765625
 -0.39203373046874995 0.9093499609375
 -0.37640874999999996 0.8612613124999999
 -0.36675197851562497 0.89098189453125
 -0.37272019140625 0.9687911328125001
 -0.34743843554687504 0.9504230585937501
 -0.423283703125 1.00552728125
 -0.40765871484375 0.9574386171875
 -0.398001947265625 0.98715920703125
 -0.442597234375 0.94608609375
 -0.42697224999999994 0.8979974374999999
 -0.417315482421875 0.92771802734375
 -0.17871395703124998 1.0849947265625
 -0.21365250390624999 1.0736422578125002
 -0.188370736328125 1.05527416015625
 -0.15940039843749998 1.1444358593750001
 -0.19433894921875 1.1330833984375
 -0.16905717773437498 1.11471529296875
 -0.2099639453125 1.181172078125
 -0.2449024921875 1.1698196093750002
 -0.22927749609374998 1.1217309296875002
 -0.219620720703125 1.15145150390625
 -0.2642160390625 1.110378453125
 -0.23893427148437502 1.0920103554687501
 -0.14008683984375 1.2038769921874999
 -0.17502539453125 1.1925245390625
 -0.149743619140625 1.1741564257812498
 -0.12077328125 1.263318125
 -0.15571183984375 1.2519656796874998
 -0.130430060546875 1.23359755859375
 -0.17133684375000002 1.300054375
 -0.20627539843750003 1.288701921875
 -0.19065039453125002 1.2406132265625
 -0.180993619140625 1.27033380078125
 -0.2255889453125 1.2292607656249999
 -0.200307169921875 1.21089265234375
 -0.24121394921875003 1.2773494609374998
 -0.27615249609375003 1.2659969921875
 -0.2605274921875 1.2179082968750001
 -0.250870720703125 1.24762887890625
 -0.22190040625000002 1.336790625
 -0.25683895703125004 1.3254381640625
 -0.23155717773437506 1.30707004296875
 -0.27246396875 1.373526875
 -0.30740251562500004 1.3621744062499999
 -0.29177750390625 1.3140856953125
 -0.28212073632812507 1.3438062851562498
 -0.326716046875 1.3027332187499998
 -0.3110910390625 1.254644515625
 -0.301434271484375 1.28436510546875
 -0.27984103515625 1.1584671328125
 -0.31477957421874997 1.1471146484374999
 -0.28949780664062497 1.12874655078125
 -0.29546603515625 1.2065558203125
 -0.270184263671875 1.18818771484375
 -0.346029578125 1.2432920312500002
 -0.33040457421874997 1.1952033359375
 -0.32074780664062497 1.2249239257812499
 -0.365343109375 1.1838508437500002
 -0.34006134179687497 1.16548274609375
 -0.38096811328124996 1.2319395390625
 -0.41590664453125 1.2205870390625
 -0.400281640625 1.17249834375
 -0.390624876953125 1.20221894140625
 -0.3616545859375 1.2913807343750001
 -0.39659312109375 1.2800282421875
 -0.37131134960937495 1.26166013671875
 -0.4122181328125 1.3281169531249999
 -0.4471566640625 1.316764453125
 -0.43153165234374996 1.2686757421875001
 -0.421874892578125 1.2983963476562501
 -0.46647017968749993 1.257323234375
 -0.45084517187499995 1.20923453125
 -0.44118841210937493 1.2389551367187501
 -0.3423410585937501 1.3508219296875
 -0.3772795976562501 1.3394694453125
 -0.35199782226562504 1.32110133203125
 -0.32302753125000006 1.410263125
 -0.35796607421875004 1.3989106484375
 -0.332684294921875 1.3805425273437497
 -0.37359109375 1.4469993749999999
 -0.4085296328125 1.435646890625
 -0.39290461328125004 1.3875581640624999
 -0.383247853515625 1.41727876953125
 -0.42784314843750004 1.376205671875
 -0.40256137304687506 1.35783755859375
 -0.44346816796875 1.4242943984375
 -0.47840669921875 1.4129418984375
 -0.4627816796875 1.364853171875
 -0.4531249238281251 1.39457378515625
 -0.42415465625000004 1.483735625
 -0.45909319140625005 1.4723831328124999
 -0.433811412109375 1.4540150117187498
 -0.47471821875 1.520471875
 -0.50965675 1.509119375
 -0.49403172265625 1.4610306328125
 -0.484374970703125 1.4907512539062497
 -0.52897025 1.4496781250000002
 -0.5133452265625 1.4015893906249999
 -0.503688474609375 1.43131001171875
 -0.48209519140624996 1.3054119453125002
 -0.5170337148437499 1.2940594296875
 -0.501408703125 1.2459707187500002
 -0.491751947265625 1.2756913320312502
 -0.49772020703125 1.3535006640625
 -0.47243843554687504 1.33513255859375
 -0.54828375 1.3902368749999998
 -0.53265873046875 1.3421481484375
 -0.523001978515625 1.37186876953125
 -0.5675972499999999 1.330795625
 -0.551972234375 1.28270690625
 -0.542315482421875 1.31242752734375
 -0.45822222265625 0.9941747578125
 -0.49316073828125 0.9828222265625
 -0.47753575000000004 0.9347335625
 -0.46787898632812497 0.96445416015625
 -0.4389086953125 1.053615953125
 -0.47384721484375003 1.0422634296875
 -0.448565458984375 1.02389535546875
 -0.48947221093750004 1.090352109375
 -0.5244107265625 1.078999578125
 -0.50878573046875 1.0309108984375
 -0.499128970703125 1.06063150390625
 -0.5437242421874999 1.019558359375
 -0.52809925 0.9714696875
 -0.5184424902343749 1.00119029296875
 -0.41959516796874996 1.1130571484375
 -0.45453369140625 1.1017046328125
 -0.42925193164062503 1.08333655078125
 -0.43522016796874996 1.1611458359375
 -0.40993840429687495 1.14277774609375
 -0.4857836953125 1.1978820156249999
 -0.47015869140625 1.1497933203125
 -0.4605019316406249 1.17951392578125
 -0.5050972109375 1.1384407968749999
 -0.47981545117187496 1.12007271484375
 -0.52072221484375 1.1865294921874998
 -0.55566073046875 1.1751769609374998
 -0.5400357265625 1.1270882656249999
 -0.530378970703125 1.1568088789062498
 -0.53634722265625 1.2346181953125002
 -0.5110654589843749 1.21625010546875
 -0.5869107499999999 1.271354375
 -0.57128573828125 1.2232656640625001
 -0.561628986328125 1.25298628515625
 -0.6062242499999999 1.2119131250000001
 -0.5905992421874999 1.1638244218749998
 -0.5809424902343749 1.19354504296875
 -0.5593492382812499 1.0676470390625
 -0.5942877460937499 1.0562944921875
 -0.57866275 1.0082058125
 -0.5690059941406249 1.03792642578125
 -0.5749742382812499 1.1157357265624999
 -0.549692482421875 1.0973676523437499
 -0.6255377499999999 1.1524718749999998
 -0.6099127460937499 1.1043831796874999
 -0.6002559941406249 1.1341038007812498
 -0.6448512499999999 1.093030625
 -0.62922625 1.0449419375
 -0.6195694980468749 1.07466255859375
 -0.4104763046875 0.3717022265625
 -0.4454148671875 0.3603499765625
 -0.4297898125 0.31226125000000005
 -0.42013305859375 0.34198173828125
 -0.391162796875 0.431143203125
 -0.4261013515625 0.4197909296875
 -0.40081955078125 0.40142271484375003
 -0.44172639062499996 0.46787960937499995
 -0.47666495312499996 0.456527359375
 -0.4610399140625 0.4084386796875
 -0.45138315234375 0.43815914453125
 -0.495978484375 0.39708645312499996
 -0.4803534375 0.34899775
 -0.47069667578124996 0.37871821484375
 -0.37184928906250003 0.4905841796875
 -0.4067878359375 0.47923188281249995
 -0.38150604296875 0.46086369140625005
 -0.35253578124999996 0.55002515625
 -0.3874743203125 0.5386728359374999
 -0.36219253515625005 0.52030466796875
 -0.40309934375 0.58676146875
 -0.438037890625 0.5754091718750001
 -0.42241286718750004 0.5273205390625
 -0.41275610546874997 0.55704100390625
 -0.457351421875 0.515968265625
 -0.43206962890625 0.49760007421875
 -0.4729764453125 0.5640568984375001
 -0.5079150078125 0.5527046484375
 -0.492289984375 0.504616015625
 -0.48263321484375 0.53433645703125
 -0.45366290625000005 0.62349778125
 -0.4886014609375 0.6121455078125
 -0.46331967578125 0.59377733984375
 -0.50422646875 0.66023409375
 -0.53916503125 0.6488818437499999
 -0.5235400234375 0.6007932578124999
 -0.51388324609375 0.63051367578125
 -0.55847859375 0.58944103125
 -0.542853578125 0.541352421875
 -0.53319680078125 0.5710728398437499
 -0.5116035234375 0.4451751328125
 -0.5465421015625 0.43382292968749997
 -0.5309170624999999 0.38573424999999995
 -0.52126029296875 0.41545469140624997
 -0.5272285546875 0.4932637890625
 -0.50194675390625 0.47489557421875
 -0.57779215625 0.5300002187499999
 -0.5621671328125 0.48191158593749994
 -0.55251035546875 0.51163200390625
 -0.59710571875 0.47055940625
 -0.5814806875 0.42247075
 -0.57182391015625 0.45219116796875
 -0.3332222734375 0.6094661328125
 -0.3681608046875 0.5981137890625
 -0.34287902734375 0.5797456445312501
 -0.313908765625 0.668907109375
 -0.34884728906249995 0.6575547421875
 -0.32356551953124996 0.63918662109375
 -0.364472296875 0.705643328125
 -0.399410828125 0.694290984375
 -0.38378582031249997 0.6462023984375
 -0.37412905859375 0.67592286328125
 -0.418724359375 0.6348500781249999
 -0.39344258203125004 0.61648193359375
 -0.29459525781249996 0.7283480859375
 -0.3295337734375 0.7169956953125
 -0.30425201171874994 0.6986275976562499
 -0.31022025781249996 0.7764366484374999
 -0.28493850390625 0.7580685742187501
 -0.360783765625 0.813172796875
 -0.3451587734375 0.7650842578124999
 -0.33550201171874994 0.7948047226562499
 -0.380097296875 0.7537318906249999
 -0.35481553515625003 0.73536379296875
 -0.39572228906249995 0.8018204296875
 -0.43066082031249997 0.7904680859375
 -0.415035828125 0.742379546875
 -0.40537905859375 0.7720999882812499
 -0.4113472734375 0.8499089453124999
 -0.38606551953124996 0.83154087109375
 -0.46191078124999996 0.8866450937499999
 -0.4462858046875 0.8385566015624999
 -0.43662902734375 0.8682770195312499
 -0.48122434375 0.82720428125
 -0.465599359375 0.779115765625
 -0.45594258203125 0.8088361835937499
 -0.4343493671875 0.6829386640624999
 -0.46928791406250003 0.6715863671875
 -0.44400613671875006 0.65321822265625
 -0.4499743671875 0.7310272265625
 -0.42469259765625 0.71265910546875
 -0.50053790625 0.7677634687499999
 -0.48491291406250003 0.7196749296875
 -0.47525613671875006 0.74939534765625
 -0.51985146875 0.70832265625
 -0.49456969140625007 0.68995451171875
 -0.5354764609375 0.7564111953124999
 -0.5704150234375 0.7450589453124999
 -0.55479003125 0.69697040625
 -0.5451332460937499 0.7266908007812499
 -0.516162890625 0.815851984375
 -0.5511014453124999 0.8044997109375
 -0.52581967578125 0.78613158984375
 -0.5667264218749999 0.8525882031249999
 -0.6016649843749999 0.841235953125
 -0.5860400078125 0.7931474609375
 -0.57638321484375 0.8228678320312499
 -0.620978578125 0.7817952343749999
 -0.60535359375 0.7337067187499999
 -0.59569680078125 0.76342708984375
 -0.49684932031249995 0.8752927734375
 -0.5317878671874999 0.8639404765625
 -0.50650610546875 0.8455723789062499
 -0.5124742890625 0.9233812421875
 -0.48719253515625 0.9050131679687499
 -0.563037796875 0.960117390625
 -0.5474128359374999 0.9120289453124999
 -0.53775604296875 0.94174931640625
 -0.582351390625 0.9006766718749999
 -0.5570696289062499 0.88230857421875
 -0.5979763515625001 0.9487651171875
 -0.6329149140625 0.9374128671874999
 -0.617289953125 0.8893244218749999
 -0.6076331523437499 0.9190447695312499
 -0.6136013046875 0.9968535390625
 -0.58831955078125 0.97848546484375
 -0.6641648124999999 1.0335896875
 -0.6485398671875 0.9855012890624999
 -0.6388830585937499 1.01522161328125
 -0.6834784375 0.9741490624999999
 -0.6678534843749999 0.9260606406249999
 -0.65819667578125 0.9557809648437499
 -0.6366035546875 0.8298837265624999
 -0.6715421328125 0.8185315234374999
 -0.65591715625 0.7704430312499999
 -0.64626035546875 0.8001633789062499
 -0.6522285234375 0.8779721953124999
 -0.62694675390625 0.85960407421875
 -0.7027920624999999 0.9147084375
 -0.6871671015625 0.8666199921875
 -0.67751029296875 0.8963403164062499
 -0.7221056875 0.8552678125
 -0.70648071875 0.8071793437499999
 -0.69682391015625 0.8368996679687499
 -0.6127307421875 0.5186480390624999
 -0.6476693359375 0.5072958828124999
 -0.6320443124999999 0.45920724999999996
 -0.62238752734375 0.4889276445312499
 -0.593417171875 0.578088828125
 -0.6283557578125 0.5667366484374999
 -0.60307395703125 0.54836843359375
 -0.643980765625 0.6148252343749999
 -0.6789193593749999 0.603473078125
 -0.6632943515624999 0.5553844921875
 -0.65363755859375 0.5851048632812499
 -0.698232953125 0.544032359375
 -0.6826079375 0.49594375
 -0.6729511445312499 0.5256641210937499
 -0.5741036015625 0.6375296171875
 -0.6090421796875 0.6261774140624999
 -0.58376038671875 0.6078092226562499
 -0.5897286015625 0.6856181796874999
 -0.5644468164062499 0.6672500117187499
 -0.640292171875 0.722354515625
 -0.6246671796875 0.6742659765624999
 -0.61501038671875 0.7039863476562499
 -0.659605765625 0.6629137968749998
 -0.63432397265625 0.64454560546875
 -0.6752307578125 0.7110023359375
 -0.7101693515624999 0.6996501796875
 -0.6945443593749999 0.651561640625
 -0.68488755859375 0.6812819882812499
 -0.6908557421875 0.7590908515624999
 -0.66557395703125 0.7407226835937499
 -0.7414193124999999 0.7958271875
 -0.7257943359375 0.7477386953125
 -0.71613752734375 0.7774590195312499
 -0.7607329375 0.7363865625
 -0.745107953125 0.688298046875
 -0.73545114453125 0.71801837109375
 -0.7138579609375 0.5921209453125
 -0.7487965703124999 0.5807688359375001
 -0.7331715624999999 0.5326802500000001
 -0.7235147617187501 0.5624005976562501
 -0.7294829609375 0.6402095078125001
 -0.70420116015625 0.62184129296875
 -0.7800465624999999 0.6769459375
 -0.7644215703124999 0.6288573984375001
 -0.7547647617187501 0.65857772265625
 -0.7993601875 0.6175053125000001
 -0.7837351875 0.56941675
 -0.77407837890625 0.5991370742187501
 -0.48035333593749996 0.3122611953125
 -0.4803532734375 0.2755246328125
 -0.45507154296875 0.29389294140625
 -0.5309169218750001 0.348997703125
 -0.5309168203125 0.31226114843749997
 -0.50563512890625 0.33062944921875
 -0.581480265625 0.31226110937499996
 -0.5814802031249999 0.275524546875
 -0.5309167578125 0.2755245859375
 -0.55619851171875 0.29389284765625
 -0.5309167343750001 0.23878801562500002
 -0.50563500390625 0.25715632421875
 -0.5814805078124999 0.3857342109375
 -0.5814803671875 0.3489976640625
 -0.5561987148437499 0.36736595703124997
 -0.63204409375 0.42247071875
 -0.6320439140624999 0.3857341796875
 -0.6067623007812499 0.40410246484375
 -0.6826072812499999 0.38573415624999996
 -0.6826071406249998 0.34899760937499996
 -0.6320437734375 0.34899763281249996
 -0.6573255273437499 0.36736589453125
 -0.632043671875 0.312261078125
 -0.60676201953125 0.33062937109374996
 -0.6826070390624999 0.3122610546875
 -0.6826069765624999 0.27552449218749997
 -0.6320436093749999 0.275524515625
 -0.65732532421875 0.29389278515625
 -0.7331704687499998 0.34899759374999995
 -0.7331703671874998 0.31226103906249997
 -0.70788875390625 0.3306293242187499
 -0.7837336562499999 0.31226103124999993
 -0.7837335937499998 0.27552446875000003
 -0.7331703046874999 0.2755244765625
 -0.7584519804687498 0.29389275390625
 -0.7331702812499998 0.23878790625000001
 -0.6826069531249999 0.238787921875
 -0.7078886289062498 0.25715619921875
 -0.5814801796875 0.2387879765625
 -0.5814801953125001 0.2020513984375
 -0.5561984648437501 0.22041970703125002
 -0.6320435859375 0.2387879453125
 -0.60676189453125 0.25715624609375
 -0.68260696875 0.20205134375
 -0.6320436015625001 0.2020513671875
 -0.6573252773437499 0.22041964453125
 -0.63204365625 0.16531478125
 -0.60676192578125 0.18368308984375
 -0.6826076796875 0.4592072265625
 -0.6826074609375 0.4224706953125
 -0.6573258867187499 0.44083897265625
 -0.733171265625 0.495943734375
 -0.7331710078125 0.4592072109375
 -0.70788947265625 0.47757548046875
 -0.783734296875 0.45920720312499996
 -0.783734078125 0.422470671875
 -0.7331707890625 0.42247067968749996
 -0.7584525429687501 0.44083894140625
 -0.7331706093749999 0.38573414062499994
 -0.7078890351562499 0.40410241796874996
 -0.7837348515625 0.5326802421875001
 -0.7837345546875 0.4959437265625
 -0.7584530585937499 0.51431198828125
 -0.8342984375 0.56941675
 -0.8342981015625 0.5326802421875001
 -0.8090166445312499 0.5510484960937501
 -0.8848613124999999 0.5326802500000001
 -0.8848610156249999 0.495943734375
 -0.8342978046875 0.4959437265625
 -0.8595795585937499 0.51431198828125
 -0.834297546875 0.45920720312499996
 -0.80901605078125 0.47757546484374996
 -0.8848607578124998 0.4592072109375
 -0.8848605390625 0.42247067968749996
 -0.8342973281249999 0.422470671875
 -0.85957904296875 0.4408389414062499
 -0.9354241874999999 0.49594375
 -0.9354239296874999 0.4592072265625
 -0.9101424726562499 0.47757548046875
 -0.9859870624999999 0.45920724999999996
 -0.9859868437499999 0.42247071875
 -0.9354237109374999 0.4224706953125
 -0.9607053867187499 0.44083897265625
 -0.9354235312499999 0.38573415624999996
 -0.884860359375 0.38573414062499994
 -0.9101420351562499 0.40410241796874996
 -0.7837338984375 0.3857341328124999
 -0.7837337578124999 0.34899758593749997
 -0.7584521835937499 0.3673658632812499
 -0.8342971484374999 0.3857341328124999
 -0.8090156132812499 0.40410240234374994
 -0.8848602187499999 0.34899759374999995
 -0.8342970078124998 0.34899758593749997
 -0.8595786835937499 0.3673658632812499
 -0.8342969062499999 0.31226103124999993
 -0.8090153320312499 0.33062930859374995
 -0.8848601171874999 0.31226103906249997
 -0.8848600546874998 0.2755244765625
 -0.8342968437499998 0.27552446875000003
 -0.8595784804687499 0.29389275390624997
 -0.9354233906249999 0.34899760937499996
 -0.9354232890624999 0.3122610546875
 -0.9101417539062499 0.3306293242187499
 -0.985986421875 0.312261078125
 -0.985986359375 0.275524515625
 -0.9354232265625 0.27552449218749997
 -0.96070482421875 0.29389278515625
 -0.9354232031249998 0.238787921875
 -0.8848600312499999 0.23878790625000001
 -0.9101416289062498 0.25715619921875
 -0.9859866640624999 0.3857341796875
 -0.9859865234374999 0.34899763281249996
 -0.9607050273437499 0.36736589453125
 -1.0365499374999998 0.42247075
 -1.0365497578124998 0.3857342109375
 -1.01126830078125 0.40410246484375
 -1.0871128125 0.38573424999999995
 -1.087112671875 0.348997703125
 -1.0365496171875 0.3489976640625
 -1.0618312148437499 0.36736595703124997
 -1.036549515625 0.31226110937499996
 -1.0112680195312498 0.33062937109374996
 -1.0871125703125 0.31226114843749997
 -1.0871125078125 0.2755245859375
 -1.036549453125 0.275524546875
 -1.06183101171875 0.29389284765625
 -1.1376756874999998 0.34899775
 -1.1376755859375 0.3122611953125
 -1.11239412890625 0.33062944921875004
 -1.1882385625 0.31226125000000005
 -1.1882385 0.27552468750000003
 -1.1376755234375 0.2755246328125
 -1.16295704296875 0.29389294140625
 -1.1376754999999998 0.2387880625
 -1.087112484375 0.23878801562500002
 -1.1123940039062499 0.25715632421875
 -0.9859863359374998 0.2387879453125
 -0.9859863515624998 0.2020513671875
 -0.9354232187499998 0.20205134375
 -0.9607047773437499 0.22041964453125
 -1.0365494296874997 0.2387879765625
 -1.0112678945312499 0.25715624609375
 -1.0871125 0.20205143750000001
 -1.0365494453124997 0.2020513984375
 -1.0618309648437498 0.22041970703125002
 -1.0365494999999998 0.16531481250000002
 -0.9859864062499999 0.16531478125
 -1.0112679257812498 0.18368308984375
 -0.6826070234375 0.1653147578125
 -0.6826071171875 0.1285781640625
 -0.6573253867187501 0.14694647265625
 -0.733170296875 0.202051328125
 -0.7331703515625 0.16531474218750003
 -0.7078886601562501 0.18368304296875
 -0.783733640625 0.165314734375
 -0.7837337343749999 0.128578140625
 -0.7331704453125 0.1285781484375
 -0.75845204296875 0.14694644140625002
 -0.733170578125 0.09184154687500001
 -0.7078888476562499 0.11020985546874999
 -0.7837335703124998 0.23878789843750003
 -0.7837335859374999 0.2020513203125
 -0.7584519335937498 0.22041961328125004
 -0.8342968203124999 0.23878789843750003
 -0.8090152070312497 0.25715618359375003
 -0.8848600468749999 0.202051328125
 -0.8342968359374998 0.2020513203125
 -0.8595784335937497 0.22041961328125004
 -0.8342968906249999 0.165314734375
 -0.8090152382812499 0.18368302734375003
 -0.8848601015625 0.16531474218750003
 -0.8848601953124999 0.1285781484375
 -0.8342969843749999 0.128578140625
 -0.8595785429687499 0.14694644140625
 -0.9354232734374999 0.1653147578125
 -0.9101416601562499 0.18368304296875
 -0.9859864999999999 0.1285781875
 -0.9354233671874999 0.1285781640625
 -0.9607048867187499 0.14694647265625
 -0.9354235 0.0918415625
 -0.8848603281249998 0.09184154687500001
 -0.91014184765625 0.11020985546875
 -0.7837338671874999 0.0918415390625
 -0.7837340390624999 0.0551049296875
 -0.75845230859375 0.07347323828125
 -0.8342971171874999 0.0918415390625
 -0.8090154257812499 0.11020983984374999
 -0.8848604999999998 0.055104937500000006
 -0.8342972890624999 0.0551049296875
 -0.8595788085937499 0.07347323828125
 -0.8342974999999999 0.0183683125
 -0.8090157695312499 0.03673662109375
 -0.8848605468749999 0.018368367187500005
 -0.8848605468749999 -0.018368195312499995
 -0.8342974999999999 -0.01836825
 -0.8595790234374998 0.000000058593750002985945
 -0.93542359375 0.055104984375000006
 -0.9354236406249998 0.018368414062500005
 -0.9101420703124998 0.036736675781250006
 -0.9859867812499998 0.018368453125000007
 -0.9859867812499998 -0.018368109374999993
 -0.9354236406249998 -0.018368148437499995
 -0.9607052109374998 0.0000001523437500056818
 -0.93542359375 -0.055104703124999994
 -0.8848604999999998 -0.055104749999999994
 -0.9101420703124999 -0.036736449218749995
 -0.985986640625 0.09184160156250001
 -0.985986734375 0.05510502343750001
 -0.9607051171875 0.07347329296875
 -1.0365496875 0.12857821875
 -1.036549828125 0.09184163281250002
 -1.0112681640624999 0.11020991015625001
 -1.0871130624999998 0.09184165625000001
 -1.08711315625 0.055105078125000005
 -1.0365499218749998 0.05510505468750001
 -1.0618314921875 0.07347335546875002
 -1.0365499687499997 0.018368484375000004
 -1.0112683515624998 0.03673675390625001
 -1.087113203125 0.018368507812500004
 -1.087113203125 -0.018368054687499996
 -1.0365499687499997 -0.018368078124999996
 -1.0618315859374998 0.00000021484375000400957
 -1.1376764375 0.05510509375000001
 -1.137676484375 0.018368523437500006
 -1.1123948203125 0.03673680078125001
 -1.1882398125 0.018368531250000007
 -1.1882398125 -0.018368031249999993
 -1.137676484375 -0.018368039062499994
 -1.1629581484374998 0.0000002460937500066429
 -1.1376764375 -0.05510459374999999
 -1.08711315625 -0.055104609374999995
 -1.1123948203124998 -0.03673632421874999
 -0.985986734375 -0.05510466406249999
 -0.985986640625 -0.09184121093749999
 -0.9354235 -0.09184124999999999
 -0.9607051171875 -0.07347295703124998
 -1.0365499218749998 -0.05510463281249999
 -1.0112683515624998 -0.03673637109374999
 -1.0871130624999998 -0.09184115625
 -1.036549828125 -0.0918411796875
 -1.0618314921874998 -0.07347289453125
 -1.0365496875 -0.12857771875
 -0.9859864999999999 -0.12857775
 -1.0112681640624999 -0.11020946484375
 -1.0871127343749998 0.16531483593750002
 -1.0871129218749997 0.12857824218750002
 -1.0618312109374999 0.14694652734375002
 -1.13767578125 0.20205145312500003
 -1.1376760156249999 0.16531485156250003
 -1.1123942578125 0.18368314453125
 -1.1882393437499998 0.165314859375
 -1.1882395312499998 0.12857826562500002
 -1.1376762031249998 0.1285782578125
 -1.1629577734374998 0.14694655859375003
 -1.13767634375 0.091841671875
 -1.1123946328124998 0.11020995703125001
 -1.188238828125 0.2387880703125
 -1.188239109375 0.20205146093750004
 -1.1629573046875 0.22041976171875
 -1.238801875 0.27552468750000003
 -1.2388022031250001 0.2387880703125
 -1.2135203515625 0.25715637890625004
 -1.2893656249999998 0.2387880625
 -1.28936590625 0.20205145312500003
 -1.238802484375 0.20205146093750004
 -1.2640840546875 0.22041976171875
 -1.2388027187500001 0.165314859375
 -1.2135209140625 0.18368316015625005
 -1.289366140625 0.16531485156250003
 -1.289366328125 0.1285782578125
 -1.2388029062500001 0.12857826562500002
 -1.2640845234375 0.14694655859375003
 -1.339929375 0.20205143750000001
 -1.339929609375 0.16531483593750002
 -1.3146477578125 0.18368314453125
 -1.3904931249999999 0.16531481250000002
 -1.3904933124999999 0.12857821875
 -1.339929796875 0.12857824218750002
 -1.3652114609375 0.14694652734375
 -1.3399299375 0.09184165625000001
 -1.28936646875 0.091841671875
 -1.3146481328125001 0.11020995703125001
 -1.188239671875 0.09184167968750001
 -1.1882397656249999 0.055105101562500015
 -1.1629580546875 0.07347338671875
 -1.238803046875 0.09184167968750001
 -1.2135212890624998 0.11020997265625002
 -1.2893665625 0.05510509375000001
 -1.238803140625 0.055105101562500015
 -1.2640848046875 0.07347338671875
 -1.2388031874999998 0.018368531250000007
 -1.2135214765625 0.03673681640625001
 -1.289366609375 0.018368523437500006
 -1.289366609375 -0.018368039062499994
 -1.2388031874999998 -0.018368031249999993
 -1.2640848984375 0.0000002460937500066429
 -1.3399300312499998 0.055105078125000005
 -1.339930078125 0.018368507812500004
 -1.3146483203125 0.03673680078125001
 -1.39049359375 0.018368484375000004
 -1.39049359375 -0.018368078124999996
 -1.339930078125 -0.018368054687499996
 -1.3652118359375 0.00000021484375000400957
 -1.3399300312499998 -0.055104609374999995
 -1.2893665625 -0.05510459374999999
 -1.3146483203125001 -0.03673632421874999
 -1.390493453125 0.09184163281250002
 -1.390493546875 0.05510505468750001
 -1.3652117421875 0.07347335546875002
 -1.4410568750000001 0.1285781875
 -1.441057015625 0.09184160156250001
 -1.4157751640625 0.11020991015625001
 -1.491620625 0.0918415625
 -1.4916207187500001 0.055104984375000006
 -1.441057109375 0.05510502343750001
 -1.4663388671875 0.07347329296875
 -1.4410571562499999 0.018368453125000007
 -1.4157753515625 0.03673675390625001
 -1.491620765625 0.018368414062500005
 -1.491620765625 -0.018368148437499995
 -1.4410571562499999 -0.018368109374999993
 -1.4663389609375 0.0000001523437500074165
 -1.5421843750000002 0.055104937500000006
 -1.542184421875 0.018368367187500005
 -1.5169025703125 0.036736675781250006
 -1.592748125 0.0183683125
 -1.592748125 -0.01836825
 -1.542184421875 -0.018368195312499995
 -1.5674662734375 0.000000058593750002985945
 -1.5421843750000002 -0.055104749999999994
 -1.4916207187500001 -0.055104703124999994
 -1.5169025703124999 -0.036736449218749995
 -1.390493546875 -0.05510463281249999
 -1.390493453125 -0.0918411796875
 -1.3399299375 -0.09184115625
 -1.3652117421874999 -0.07347289453125
 -1.441057109375 -0.05510466406249999
 -1.4157753515625 -0.03673637109374999
 -1.491620625 -0.09184124999999999
 -1.441057015625 -0.09184121093749999
 -1.4663388671875 -0.07347295703124998
 -1.4410568750000001 -0.12857775
 -1.3904933124999999 -0.12857771875
 -1.4157751640625 -0.11020946484375
 -1.087112921875 -0.1285776953125
 -1.0871127343749998 -0.16531422656249997
 -1.0365494999999998 -0.16531425
 -1.0618312109374999 -0.14694597265624998
 -1.13767634375 -0.091841140625
 -1.1376762031249998 -0.1285776796875
 -1.1123946328124998 -0.11020941796874999
 -1.1882395312499998 -0.12857767187500002
 -1.1882393437499998 -0.165314203125
 -1.1376760156249999 -0.16531421093749998
 -1.1629577734374998 -0.14694594140625
 -1.13767578125 -0.20205073437499999
 -1.0871125 -0.20205074999999997
 -1.1123942578125 -0.18368248046874996
 -1.1882397656249999 -0.0551045859375
 -1.188239671875 -0.0918411328125
 -1.1629580546875 -0.07347286328125
 -1.238803140625 -0.0551045859375
 -1.2135214765625 -0.036736308593749996
 -1.28936646875 -0.091841140625
 -1.238803046875 -0.0918411328125
 -1.2640848046875 -0.07347286328125
 -1.2388029062500001 -0.12857767187500002
 -1.2135212890625 -0.11020940234375
 -1.289366328125 -0.1285776796875
 -1.289366140625 -0.16531421093749998
 -1.2388027187500001 -0.165314203125
 -1.2640845234375 -0.14694594140625
 -1.339929796875 -0.1285776953125
 -1.3146481328125 -0.11020941796874999
 -1.3904931249999999 -0.16531425
 -1.339929609375 -0.16531422656249997
 -1.3652114609375 -0.14694597265624998
 -1.339929375 -0.20205074999999997
 -1.28936590625 -0.20205073437499999
 -1.3146477578125002 -0.18368248046874996
 -1.188239109375 -0.2020507265625
 -1.188238828125 -0.2387872421875
 -1.1376754999999998 -0.23878724999999998
 -1.1629573046875001 -0.22041898828124998
 -1.238802484375 -0.2020507265625
 -1.2135209140624998 -0.18368246484375
 -1.2893656249999998 -0.23878724999999998
 -1.2388022031250001 -0.2387872421875
 -1.2640840546875 -0.22041898828124998
 -1.238801875 -0.27552374999999996
 -1.1882385 -0.27552374999999996
 -1.2135203515625 -0.25715549609375
 -0.4803532734375 -0.27552462499999997
 -0.4803533359375 -0.3122611875
 -0.4297898125 -0.31226125000000005
 -0.45507154296874996 -0.2938929375
 -0.5309167343750001 -0.23878800000000003
 -0.5309167578125 -0.2755245625
 -0.50563500390625 -0.25715631250000004
 -0.5814802031249999 -0.27552450000000006
 -0.581480265625 -0.3122610625
 -0.5309168203125001 -0.31226112500000003
 -0.55619851171875 -0.2938928125
 -0.5309169218750001 -0.3489976875
 -0.4803534375 -0.34899775
 -0.5056351289062501 -0.33062943749999996
 -0.5814801953125001 -0.202051375
 -0.5814801796875 -0.23878793750000002
 -0.55619846484375 -0.22041968750000002
 -0.63204365625 -0.16531475
 -0.6320436015625001 -0.2020513125
 -0.60676192578125 -0.18368306250000002
 -0.68260696875 -0.20205125
 -0.6826069531250001 -0.2387878125
 -0.6320435859375 -0.238787875
 -0.65732527734375 -0.2204195625
 -0.6320436093749999 -0.2755244375
 -0.60676189453125 -0.2571561875
 -0.6826069765625 -0.27552437500000004
 -0.6826070390625001 -0.3122609375
 -0.632043671875 -0.312261
 -0.65732532421875 -0.29389268749999997
 -0.73317028125 -0.23878775
 -0.7331703046875 -0.2755243125
 -0.7078886289062502 -0.2571560625
 -0.7837335937500001 -0.27552425
 -0.7837336562499999 -0.3122608125
 -0.7331703671875001 -0.312260875
 -0.75845198046875 -0.29389256249999995
 -0.73317046875 -0.3489974375
 -0.682607140625 -0.34899749999999996
 -0.7078887539062501 -0.3306291875
 -0.5814803671875 -0.348997625
 -0.5814805078125 -0.3857341875
 -0.5309170624999999 -0.38573424999999995
 -0.5561987148437499 -0.3673659375
 -0.6320437734375 -0.3489975625
 -0.60676201953125 -0.3306293125
 -0.6826072812499999 -0.3857340625
 -0.6320439140625 -0.38573412500000004
 -0.6573255273437499 -0.3673658125
 -0.63204409375 -0.4224706875
 -0.5814806875 -0.42247075
 -0.60676230078125 -0.40410243749999997
 -0.6826071171875 -0.12857812500000002
 -0.6826070234375 -0.1653146875
 -0.6573253867187501 -0.1469464375
 -0.733170578125 -0.09184149999999999
 -0.7331704453125 -0.1285780625
 -0.70788884765625 -0.1102098125
 -0.7837337343749999 -0.128578
 -0.783733640625 -0.16531456249999998
 -0.7331703515625 -0.165314625
 -0.75845204296875 -0.1469463125
 -0.733170296875 -0.2020511875
 -0.70788866015625 -0.1836829375
 -0.7837340390624999 -0.055104875
 -0.7837338671874999 -0.0918414375
 -0.75845230859375 -0.07347318750000001
 -0.8342972890624999 -0.0551048125
 -0.8090157695312499 -0.0367365625
 -0.8848603281249998 -0.0918413125
 -0.8342971171874999 -0.091841375
 -0.8595788085937499 -0.07347306249999999
 -0.8342969843749999 -0.12857793750000002
 -0.8090154257812499 -0.1102096875
 -0.8848601953124998 -0.128577875
 -0.8848601015624998 -0.1653144375
 -0.8342968906249999 -0.1653145
 -0.8595785429687499 -0.1469461875
 -0.9354233671874999 -0.1285778125
 -0.9101418476562498 -0.11020956249999998
 -0.9859864062499999 -0.1653143125
 -0.9354232734374999 -0.16531437499999999
 -0.9607048867187499 -0.1469460625
 -0.9354232187499998 -0.2020509375
 -0.8848600468749999 -0.202051
 -0.9101416601562498 -0.1836826875
 -0.7837335859375 -0.202051125
 -0.7837335703125 -0.2387876875
 -0.7584519335937501 -0.22041943749999998
 -0.8342968359374999 -0.2020510625
 -0.8090152382812499 -0.1836828125
 -0.8848600312499999 -0.23878756250000002
 -0.8342968203125 -0.238787625
 -0.85957843359375 -0.22041931250000002
 -0.83429684375 -0.2755241875
 -0.80901520703125 -0.2571559375
 -0.8848600546875 -0.275524125
 -0.8848601171874999 -0.3122606875
 -0.8342969062499999 -0.31226075
 -0.85957848046875 -0.2938924375
 -0.9354232031249998 -0.2387875
 -0.9354232265625 -0.2755240625
 -0.9101416289062499 -0.2571558125
 -0.985986359375 -0.275524
 -0.985986421875 -0.3122605625
 -0.9354232890624999 -0.31226062499999996
 -0.9607048242187499 -0.2938923125
 -0.9354233906249999 -0.3489971875
 -0.8848602187499999 -0.34899725000000004
 -0.91014175390625 -0.3306289375
 -0.9859863515624998 -0.20205087499999996
 -0.9859863359374998 -0.23878743749999998
 -0.9607047773437499 -0.2204191875
 -1.0365494453124997 -0.20205081249999995
 -1.0112679257812498 -0.18368256249999998
 -1.087112484375 -0.2387873125
 -1.0365494296874997 -0.23878737499999997
 -1.0618309648437498 -0.22041906249999998
 -1.036549453125 -0.2755239375
 -1.0112678945312499 -0.25715568749999995
 -1.0871125078125 -0.275523875
 -1.0871125703125 -0.3122604375
 -1.036549515625 -0.31226049999999994
 -1.06183101171875 -0.2938921875
 -1.1376755234375 -0.2755238125
 -1.11239400390625 -0.2571555625
 -1.1882385625 -0.31226031249999997
 -1.1376755859375 -0.31226037500000003
 -1.16295704296875 -0.2938920625
 -1.1376756874999998 -0.3489969375
 -1.087112671875 -0.348997
 -1.1123941289062498 -0.33062868749999996
 -0.9859865234374999 -0.348997125
 -0.9859866640624999 -0.38573368750000003
 -0.9354235312499999 -0.38573375
 -0.96070502734375 -0.36736543749999995
 -1.0365496171875 -0.34899706249999995
 -1.01126801953125 -0.3306288125
 -1.0871128125 -0.3857335625
 -1.0365497578124998 -0.38573362499999997
 -1.0618312148437499 -0.3673653125
 -1.0365499374999998 -0.4224701875
 -0.9859868437499999 -0.42247025000000005
 -1.01126830078125 -0.4041019375
 -0.6826074609374999 -0.422470625
 -0.6826076796875 -0.4592071875
 -0.6320443124999999 -0.45920724999999996
 -0.65732588671875 -0.44083893749999997
 -0.7331706093749999 -0.385734
 -0.7331707890624999 -0.4224705625
 -0.7078890351562499 -0.40410231249999995
 -0.783734078125 -0.42247049999999997
 -0.783734296875 -0.4592070625
 -0.7331710078125 -0.459207125
 -0.7584525429687499 -0.4408388125
 -0.733171265625 -0.4959436875
 -0.6826079375 -0.49594375
 -0.70788947265625 -0.4775754375
 -0.7837337578125 -0.34899737499999994
 -0.7837338984375 -0.38573393749999996
 -0.7584521835937501 -0.3673656875
 -0.8342970078124999 -0.3489973125
 -0.8090153320312499 -0.33062906249999996
 -0.884860359375 -0.3857338125
 -0.8342971484374999 -0.385733875
 -0.8595786835937499 -0.36736556249999996
 -0.8342973281249999 -0.4224704375
 -0.80901561328125 -0.4041021875
 -0.8848605390625 -0.422470375
 -0.8848607578125 -0.4592069375
 -0.834297546875 -0.45920700000000003
 -0.8595790429687499 -0.4408386875
 -0.9354237109374999 -0.4224703125
 -0.9101420351562499 -0.4041020625
 -0.9859870624999999 -0.45920681250000006
 -0.9354239296875 -0.459206875
 -0.9607053867187498 -0.4408385625
 -0.9354241874999999 -0.49594343750000003
 -0.8848610156249999 -0.49594350000000004
 -0.9101424726562499 -0.47757518750000005
 -0.7837345546874999 -0.495943625
 -0.7837348515625 -0.5326801875
 -0.7331715624999999 -0.5326802500000001
 -0.7584530585937499 -0.5143119375
 -0.8342978046874999 -0.4959435625
 -0.8090160507812499 -0.4775753125
 -0.8848613124999999 -0.5326800625000001
 -0.8342981015625 -0.532680125
 -0.8595795585937498 -0.5143118125
 -0.8342984375 -0.5694166875
 -0.7837351875 -0.56941675
 -0.8090166445312499 -0.5510484375
 -0.44541486718749995 -0.36034992187500003
 -0.41047630468749996 -0.37170210937500003
 -0.42013305859374994 -0.34198167968750004
 -0.495978484375 -0.39708640624999997
 -0.46103991406249994 -0.408438578125
 -0.47069667578124996 -0.37871816406250003
 -0.47666495312499996 -0.45652721874999996
 -0.44172639062499996 -0.46787940624999996
 -0.42610135156249995 -0.419790765625
 -0.4513831523437499 -0.4381589921875
 -0.391162796875 -0.43114296874999997
 -0.40081955078125 -0.40142253906250003
 -0.5465421015625 -0.433822890625
 -0.5116035234375 -0.445175046875
 -0.52126029296875 -0.41545464843749996
 -0.59710571875 -0.470559375
 -0.5621671328125 -0.481911515625
 -0.57182391015625 -0.4521911328125
 -0.57779215625 -0.5300001249999999
 -0.542853578125 -0.54135228125
 -0.5272285546875 -0.493263671875
 -0.55251035546875 -0.5116318984375
 -0.492289984375 -0.5046158437499999
 -0.50194675390625 -0.47489544531249994
 -0.5079150078125001 -0.5527044531249999
 -0.47297644531250005 -0.5640566406249999
 -0.457351421875 -0.5159680312499999
 -0.48263321484375 -0.5343362421875
 -0.55847859375 -0.589440875
 -0.5235400234375001 -0.6007930468749999
 -0.53319680078125 -0.5710726640624999
 -0.53916503125 -0.6488816249999999
 -0.50422646875 -0.6602338124999999
 -0.4886014609375 -0.6121452343749999
 -0.51388324609375 -0.6305134296874999
 -0.45366290625000005 -0.6234974375
 -0.438037890625 -0.57540884375
 -0.46331967578125005 -0.5937770390624999
 -0.4067878359375 -0.479231609375
 -0.37184928906250003 -0.490583828125
 -0.38150604296875 -0.4608633984375
 -0.4224128671875 -0.527320234375
 -0.43206962890624995 -0.4975998203125
 -0.40309934375 -0.5867610624999999
 -0.38747432031249995 -0.538672453125
 -0.41275610546875 -0.5570406484374999
 -0.35253578124999996 -0.5500246875
 -0.36219253515625 -0.5203042578125
 -0.6476693359375 -0.507295859375
 -0.6127307421875 -0.518647984375
 -0.62238752734375 -0.4889276171875
 -0.698232953125 -0.5440323437500001
 -0.6632943515625 -0.5553844531250001
 -0.6729511445312499 -0.5256641015625001
 -0.678919359375 -0.6034730312500001
 -0.6439807656250001 -0.61482515625
 -0.6283557578125 -0.566736578125
 -0.6536375585937501 -0.5851048046875
 -0.593417171875 -0.5780887187499999
 -0.60307395703125 -0.5483683515625
 -0.7487965703125 -0.5807688281250001
 -0.7138579609375 -0.5921209218750001
 -0.72351476171875 -0.5624005859375001
 -0.7993601875 -0.6175053125000001
 -0.7644215703125 -0.6288573906250001
 -0.7740783789062501 -0.5991370703125001
 -0.7800465624999999 -0.6769459375
 -0.745107953125 -0.68829803125
 -0.7294829609375 -0.6402094843750001
 -0.75476476171875 -0.6585777109375001
 -0.694544359375 -0.6515615937500001
 -0.70420116015625 -0.6218412578125001
 -0.7101693515625 -0.699650140625
 -0.6752307578125 -0.711002265625
 -0.6596057656250001 -0.66291371875
 -0.6848875585937501 -0.6812819296875001
 -0.7607329375 -0.7363865625
 -0.7257943359375 -0.747738671875
 -0.7354511445312499 -0.7180183515625
 -0.7414193124999999 -0.7958271875
 -0.70648071875 -0.8071793125
 -0.6908557421875 -0.759090796875
 -0.71613752734375 -0.7774589921875
 -0.65591715625 -0.7704429375
 -0.640292171875 -0.72235440625
 -0.66557395703125 -0.7407226015625001
 -0.6090421796875 -0.6261772968749999
 -0.5741036015625 -0.637529453125
 -0.58376038671875 -0.6078090859374999
 -0.6246671796875 -0.6742658593749999
 -0.63432397265625 -0.6445455078125
 -0.60535359375 -0.7337065625
 -0.5897286015625 -0.685618015625
 -0.61501038671875 -0.7039862109374999
 -0.55479003125 -0.6969701875
 -0.5644468164062499 -0.6672498203124999
 -0.5704150234375 -0.745058734375
 -0.5354764609375 -0.756410921875
 -0.51985146875 -0.708322375
 -0.54513324609375 -0.7266905546875
 -0.620978578125 -0.78179509375
 -0.5860400078125 -0.793147265625
 -0.59569680078125 -0.7634269140625001
 -0.6016649843749999 -0.84123578125
 -0.5667264218749999 -0.85258796875
 -0.5511014453124999 -0.804499453125
 -0.57638321484375 -0.8228676171875
 -0.516162890625 -0.81585165625
 -0.50053790625 -0.767763125
 -0.52581967578125 -0.7861312890625001
 -0.6715421328125 -0.8185314531250001
 -0.6366035546875 -0.829883609375
 -0.64626035546875 -0.8001632734374999
 -0.7221056875 -0.8552678125
 -0.6871671015625 -0.8666199531250001
 -0.6968239101562499 -0.8368996328125
 -0.7027920624999999 -0.9147084375
 -0.6678534843749999 -0.9260605937499999
 -0.6522285234375 -0.877972109375
 -0.67751029296875 -0.8963402734374999
 -0.617289953125 -0.88932428125
 -0.62694675390625 -0.8596039453125
 -0.6329149140624999 -0.937412765625
 -0.5979763515625 -0.948764953125
 -0.582351390625 -0.90067646875
 -0.60763315234375 -0.9190446171875
 -0.6834784375 -0.9741490624999999
 -0.6485398671875 -0.9855012343749999
 -0.65819667578125 -0.9557809140625
 -0.6641648124999999 -1.0335896875
 -0.62922625 -1.044941875
 -0.6136013046875 -0.9968534218749999
 -0.6388830585937499 -1.0152215546874999
 -0.57866275 -1.008205625
 -0.563037796875 -0.9601171562499999
 -0.58831955078125 -0.9784852890625
 -0.5317878671874999 -0.8639401718749999
 -0.49684932031249995 -0.875292390625
 -0.48122434375 -0.827203875
 -0.50650610546875 -0.8455720234375
 -0.5474128359374999 -0.9120286718749999
 -0.55706962890625 -0.8823083203125
 -0.52809925 -0.971469375
 -0.5124742890625 -0.923380890625
 -0.5377560429687499 -0.9417490234375
 -0.47753575000000004 -0.9347331249999999
 -0.46191078124999996 -0.886644625
 -0.48719253515624994 -0.9050127578125
 -0.3681608046875 -0.598113296875
 -0.3332222734375 -0.609465546875
 -0.34287902734375 -0.5797451171875
 -0.418724359375 -0.6348496562499999
 -0.38378582031249997 -0.646201890625
 -0.39344258203125 -0.6164814765625
 -0.399410828125 -0.69429046875
 -0.364472296875 -0.7056427187500001
 -0.34884728906249995 -0.6575541406250001
 -0.37412905859375 -0.6759223046875
 -0.313908765625 -0.6689064062500001
 -0.32356551953125 -0.6391859765625
 -0.46928791406250003 -0.671586015625
 -0.43434936718750006 -0.682938234375
 -0.44400613671875 -0.6532178359375
 -0.48491291406250003 -0.719674578125
 -0.49456969140625 -0.6899541953125
 -0.465599359375 -0.77911534375
 -0.44997436718750006 -0.731026796875
 -0.47525613671875 -0.7493949609374999
 -0.415035828125 -0.74237903125
 -0.42469259765625006 -0.7126586328125
 -0.43066082031249997 -0.790467578125
 -0.39572228906249995 -0.801819828125
 -0.380097296875 -0.7537312812500001
 -0.40537905859375 -0.7720994296875
 -0.4462858046875 -0.838556109375
 -0.45594258203125 -0.8088357265625
 -0.42697224999999994 -0.897996875
 -0.4113472734375 -0.849908359375
 -0.43662902734375 -0.8682764921874999
 -0.37640874999999996 -0.861260625
 -0.360783765625 -0.81317209375
 -0.38606551953124996 -0.8315402265624999
 -0.3295337734375 -0.7169949843750001
 -0.29459525781249996 -0.7283472656250001
 -0.30425201171875 -0.6986268359375001
 -0.3451587734375 -0.7650835468750001
 -0.35481553515625 -0.7353631328125001
 -0.32584525 -0.824524375
 -0.31022025781249996 -0.7764358281250001
 -0.33550201171875 -0.7948039609375
 -0.27528175 -0.7877881250000001
 -0.28493850390625 -0.7580676953125001
 -0.29090672265625 -0.8358768750000001
 -0.25596819140625005 -0.847229375
 -0.24034321875 -0.7991406249999999
 -0.265624970703125 -0.81750875
 -0.3414702265625 -0.872613125
 -0.30653169921875 -0.8839656250000001
 -0.316188474609375 -0.8542449999999999
 -0.32215667968749995 -0.9320543750000001
 -0.28721814843749993 -0.943406875
 -0.27159316796875 -0.895318125
 -0.29687492382812497 -0.9136862500000001
 -0.2366546328125 -0.9066706250000001
 -0.22102965625 -0.858581875
 -0.24631141210937502 -0.87695
 -0.39203373046875 -0.909349375
 -0.35709520703125 -0.920701875
 -0.366751978515625 -0.89098125
 -0.442597234375 -0.946085625
 -0.40765871484375005 -0.957438125
 -0.417315482421875 -0.9277175
 -0.423283703125 -1.0055268750000002
 -0.3883451796875 -1.016879375
 -0.37272019140625 -0.968790625
 -0.39800194726562504 -0.9871587500000001
 -0.3377816640625 -0.9801431250000001
 -0.347438435546875 -0.9504225
 -0.35340665234374996 -1.0282318750000001
 -0.31846812109375 -1.039584375
 -0.30284313281249997 -0.9914956250000001
 -0.32812489257812494 -1.00986375
 -0.403970171875 -1.064968125
 -0.36903164453125 -1.0763206250000001
 -0.378688412109375 -1.0466
 -0.384656640625 -1.124409375
 -0.349718109375 -1.135761875
 -0.33409311328124996 -1.0876731250000002
 -0.359374876953125 -1.10604125
 -0.299154578125 -1.0990256250000001
 -0.2835295859375 -1.050936875
 -0.308811349609375 -1.069305
 -0.25227961328125 -0.9547593750000001
 -0.21734107421875 -0.966111875
 -0.20171609375000002 -0.9180231249999999
 -0.22699785351562501 -0.93639125
 -0.26790459765624997 -1.002848125
 -0.27756137304687495 -0.9731275
 -0.248591046875 -1.062289375
 -0.23296605859375 -1.014200625
 -0.258247822265625 -1.03256875
 -0.19802751562499998 -1.025553125
 -0.18240253125 -0.977464375
 -0.207684294921875 -0.9958324999999999
 -0.49316073828125 -0.982821875
 -0.45822222265625 -0.9941743749999999
 -0.467878986328125 -0.9644537499999999
 -0.5437242421874999 -1.019558125
 -0.50878573046875 -1.030910625
 -0.5184424902343749 -1.0011899999999998
 -0.5244107265625 -1.078999375
 -0.48947221093750004 -1.090351875
 -0.47384721484375003 -1.0422631249999998
 -0.499128970703125 -1.06063125
 -0.4389086953125 -1.053615625
 -0.44856545898437505 -1.023895
 -0.5942877460937499 -1.0562943749999998
 -0.5593492382812499 -1.0676468749999999
 -0.5690059941406249 -1.03792625
 -0.6448512499999999 -1.093030625
 -0.6099127460937499 -1.104383125
 -0.6195694980468749 -1.0746624999999999
 -0.6255377499999999 -1.1524718749999998
 -0.5905992421874999 -1.163824375
 -0.5749742382812499 -1.1157356250000001
 -0.6002559941406249 -1.13410375
 -0.5400357265625 -1.127088125
 -0.549692482421875 -1.0973674999999998
 -0.55566073046875 -1.175176875
 -0.52072221484375 -1.186529375
 -0.5050972109375 -1.1384406249999999
 -0.530378970703125 -1.15680875
 -0.6062242499999999 -1.2119131250000001
 -0.57128573828125 -1.223265625
 -0.5809424902343749 -1.1935449999999999
 -0.5869107499999999 -1.271354375
 -0.551972234375 -1.2827068750000001
 -0.53634722265625 -1.234618125
 -0.561628986328125 -1.25298625
 -0.501408703125 -1.245970625
 -0.4857836953125 -1.1978818750000002
 -0.511065458984375 -1.21625
 -0.45453369140625 -1.1017043750000002
 -0.41959516796875 -1.113056875
 -0.429251931640625 -1.08333625
 -0.47015869140625 -1.149793125
 -0.4798154511718751 -1.1200725
 -0.45084517187499995 -1.209234375
 -0.43522016796875 -1.161145625
 -0.460501931640625 -1.17951375
 -0.400281640625 -1.1724981250000002
 -0.409938404296875 -1.1427775
 -0.41590664453125004 -1.220586875
 -0.38096811328125 -1.231939375
 -0.365343109375 -1.1838506250000003
 -0.390624876953125 -1.2022187500000001
 -0.46647017968749993 -1.257323125
 -0.43153165234375 -1.268675625
 -0.441188412109375 -1.238955
 -0.4471566640625 -1.316764375
 -0.41221813281249997 -1.328116875
 -0.39659312109375 -1.2800281249999999
 -0.421874892578125 -1.29839625
 -0.3616545859375 -1.291380625
 -0.346029578125 -1.2432918750000002
 -0.371311349609375 -1.26166
 -0.5170337148437499 -1.2940593750000002
 -0.48209519140624996 -1.305411875
 -0.49175194726562493 -1.27569125
 -0.5675972499999999 -1.330795625
 -0.53265873046875 -1.342148125
 -0.542315482421875 -1.3124275
 -0.54828375 -1.3902368749999998
 -0.5133452265625 -1.401589375
 -0.49772020703125 -1.3535006250000001
 -0.523001978515625 -1.37186875
 -0.46278167968749995 -1.364853125
 -0.472438435546875 -1.3351325
 -0.47840669921875 -1.412941875
 -0.44346816796875 -1.4242943750000001
 -0.42784314843749993 -1.3762056249999999
 -0.45312492382812497 -1.3945737500000002
 -0.52897025 -1.4496781250000002
 -0.49403172265625 -1.4610306250000002
 -0.503688474609375 -1.43131
 -0.50965675 -1.509119375
 -0.47471821875 -1.520471875
 -0.45909319140625005 -1.472383125
 -0.484374970703125 -1.4907512500000002
 -0.42415465625000004 -1.483735625
 -0.4085296328125 -1.4356468749999998
 -0.433811412109375 -1.454015
 -0.37727959765624997 -1.339469375
 -0.34234105859375 -1.3508218749999998
 -0.326716046875 -1.302733125
 -0.35199782226562504 -1.32110125
 -0.39290461328125 -1.387558125
 -0.402561373046875 -1.3578375
 -0.37359109375 -1.4469993749999999
 -0.35796607421875004 -1.398910625
 -0.383247853515625 -1.41727875
 -0.32302753125000006 -1.410263125
 -0.30740251562500004 -1.362174375
 -0.332684294921875 -1.3805424999999998
 -0.21365250390624999 -1.0736418749999999
 -0.17871395703124998 -1.084994375
 -0.16308896875 -1.0369056250000002
 -0.18837073632812498 -1.05527375
 -0.2642160390625 -1.110378125
 -0.22927749609374998 -1.1217306249999999
 -0.238934271484375 -1.09201
 -0.2449024921875 -1.1698193749999999
 -0.2099639453125 -1.181171875
 -0.19433894921875 -1.133083125
 -0.219620720703125 -1.15145125
 -0.15940039843749998 -1.144435625
 -0.14377540625 -1.096346875
 -0.169057177734375 -1.114715
 -0.31477957421874997 -1.1471143750000001
 -0.27984103515625 -1.158466875
 -0.28949780664062497 -1.12874625
 -0.33040457421874997 -1.1952031250000001
 -0.34006134179687497 -1.1654825
 -0.3110910390625 -1.254644375
 -0.29546603515625 -1.206555625
 -0.32074780664062497 -1.22492375
 -0.2605274921875 -1.2179081250000001
 -0.270184263671875 -1.1881875
 -0.27615249609375 -1.265996875
 -0.24121394921875 -1.277349375
 -0.2255889453125 -1.2292606250000002
 -0.250870720703125 -1.24762875
 -0.29177750390625 -1.314085625
 -0.301434271484375 -1.284365
 -0.27246396875 -1.373526875
 -0.25683895703125004 -1.3254381249999998
 -0.282120736328125 -1.3438062499999999
 -0.22190040625000002 -1.336790625
 -0.20627539843750003 -1.288701875
 -0.23155717773437504 -1.30707
 -0.17502539453125 -1.192524375
 -0.14008683984375 -1.203876875
 -0.12446184375 -1.155788125
 -0.149743619140625 -1.17415625
 -0.19065039453125002 -1.240613125
 -0.20030716992187503 -1.2108925
 -0.17133684375000002 -1.300054375
 -0.15571183984375 -1.251965625
 -0.180993619140625 -1.27033375
 -0.12077328125 -1.263318125
 -0.10514828125 -1.2152293749999998
 -0.130430060546875 -1.2335975
 0.11360130859375 -0.5419858906249999
 0.14853987109375 -0.5533382031249999
 0.16416481249999998 -0.5052494999999999
 0.138883060546875 -0.5236176953124999
 0.0630378046875 -0.5787222812499999
 0.09797636328125 -0.590074609375
 0.088319556640625 -0.5603540859375
 0.08235141406249999 -0.6381633437500001
 0.11728997656249998 -0.64951565625
 0.13291492578125 -0.6014269218749999
 0.107633169921875 -0.6197951328125
 0.16785349218749998 -0.6127792187500001
 0.18347843749999998 -0.5646905
 0.158196681640625 -0.5830587109375
 0.012474300781250003 -0.615458671875
 0.04741285546875 -0.626811015625
 0.037756052734375004 -0.5970904765625
 -0.038089203125 -0.6521950625
 -0.0031506523437499993 -0.663547421875
 -0.012807451171874998 -0.6338268671875
 -0.018775609375000002 -0.7116361875
 0.016162945312499996 -0.72298853125
 0.03178790234375 -0.674899765625
 0.006506146484374999 -0.6932679765624999
 0.0667264609375 -0.6862520937500001
 0.057069658203125 -0.6565315546874999
 0.05110150390625 -0.734340859375
 0.08604006640624999 -0.7456931718750001
 0.1016650234375 -0.69760440625
 0.07638326367187499 -0.7159726328125001
 0.000537984374999999 -0.7710773125
 0.03547654296875 -0.782429640625
 0.025819744140624996 -0.7527090859375
 0.019851578124999998 -0.8305184375000001
 0.054790140625 -0.84187075
 0.07041510546874999 -0.7937819531250001
 0.045133341796875 -0.8121501953125
 0.10535367187499999 -0.80513425
 0.12097863281249999 -0.7570454687500001
 0.09569686914062497 -0.7754137109375001
 0.15222854296875 -0.6608679531250001
 0.18716711328124996 -0.6722202343750001
 0.20279206249999998 -0.6241315000000001
 0.177510302734375 -0.6424997265625001
 0.13660358984374998 -0.7089567031250001
 0.12694678320312497 -0.6792361796875
 0.15591720312499996 -0.7683977500000001
 0.17154216015624996 -0.7203089843750001
 0.14626039648437497 -0.7386772265625001
 0.20648073437499997 -0.7316612499999999
 0.22210568749999998 -0.6835724999999999
 0.19682392382812497 -0.7019407421875001
 -0.08865270703125 -0.6889314531250001
 -0.05371416015625 -0.7002838281250001
 -0.063370955078125 -0.6705632578125
 -0.1392162109375 -0.7256678437499999
 -0.10427766796875 -0.7370202343750001
 -0.113934458984375 -0.7072996484374999
 -0.11990263281249999 -0.78510903125
 -0.0849640859375 -0.79646140625
 -0.06933912109375001 -0.748372609375
 -0.094620876953125 -0.7667408203125
 -0.0344005703125 -0.7597249687500001
 -0.044057365234375 -0.7300043984375001
 -0.18977971484375 -0.7624042343749999
 -0.15484117578125 -0.7737566406249999
 -0.16449796289062502 -0.7440360390625
 -0.20540468359375003 -0.810493046875
 -0.215061466796875 -0.7807724296874999
 -0.18609111718750002 -0.8699342812499999
 -0.17046614453125003 -0.8218454531249999
 -0.195747900390625 -0.8402136640625
 -0.13552760156250002 -0.8331978437500001
 -0.145184388671875 -0.8034772421875
 -0.15115257421875 -0.8812866718750001
 -0.11621402734375001 -0.8926390468750001
 -0.10058905468750001 -0.84455021875
 -0.125870814453125 -0.8629184453125001
 -0.16677755078125 -0.9293755156250001
 -0.17643433398437502 -0.8996548984374999
 -0.147463984375 -0.98881675
 -0.13183900390625 -0.9407278906250001
 -0.15712076757812501 -0.9590961328125001
 -0.09690045312500001 -0.9520802500000001
 -0.0812754765625 -0.9039914062500001
 -0.106557240234375 -0.9223596484375001
 -0.05002553515625 -0.807813765625
 -0.01508698046875 -0.819166109375
 -0.024743775390625004 -0.7894455390624999
 -0.06565050390625 -0.855902578125
 -0.07530729492187499 -0.8261819921875
 -0.046336921875 -0.9153437500000001
 -0.03071194921875 -0.8672549218750001
 -0.055993712890625005 -0.8856231640625001
 0.004226609374999997 -0.8786072500000002
 -0.0054301855468750024 -0.8488866796875001
 -0.011398363281250002 -0.9266960781250001
 0.02354019921875 -0.938048390625
 0.039165171875 -0.8899595625000001
 0.013883404296874999 -0.9083278203125
 -0.0619618984375 -0.9634325937500001
 -0.027023339843750004 -0.974784921875
 -0.036680130859375 -0.9450643359375
 -0.0426483203125 -1.02287378125
 -0.007709757812500004 -1.03422609375
 0.007915222656249997 -0.986137234375
 -0.017366548828125005 -1.0045055078125
 0.042853789062499995 -0.99748953125
 0.058478765625 -0.9494006875
 0.033196994140625 -0.9677689609375
 -0.11252543359375 -1.000169109375
 -0.07758687890624999 -1.011521453125
 -0.087243666015625 -0.9818008515625001
 -0.12815041796874999 -1.0482579843750002
 -0.137807201171875 -1.0185373671875
 -0.1088368515625 -1.10769921875
 -0.09321186328125 -1.059610328125
 -0.118493634765625 -1.0779786015625001
 -0.0582733046875 -1.0709626562499999
 -0.067930091796875 -1.0412420546875
 -0.07389829296875 -1.119051546875
 -0.03895973046875 -1.1304038593749999
 -0.023334742187500007 -1.08231496875
 -0.048616517578125 -1.1006832578124999
 -0.08952328515625 -1.167140453125
 -0.099180068359375 -1.1374198359375
 -0.07020971875000001 -1.2265816875
 -0.05458472265625 -1.1784927656250002
 -0.079866501953125 -1.1968610703125
 -0.019646156250000008 -1.1898450625
 -0.004021164062500008 -1.14175615625
 -0.029302943359375003 -1.1601244609374999
 0.027228808593749994 -1.0455783906249998
 0.062167378906249994 -1.056930671875
 0.077792359375 -1.0088418125
 0.052510583984375 -1.0272101015625
 0.011603824218749994 -1.093667265625
 0.001947033203124995 -1.0639466796875001
 0.03091740624999999 -1.1531084375
 0.04654239453124999 -1.105019546875
 0.02126061523437499 -1.1233878515625
 0.08148096875 -1.1163718125
 0.09710595312499999 -1.0682829374999998
 0.07182417382812499 -1.0866512421875
 0.19085577734374998 -0.779750015625
 0.22579435546874999 -0.791102265625
 0.24141931249999998 -0.7430135
 0.21613754492187498 -0.7613817578125
 0.14029224218749997 -0.81648653125
 0.17523081640625 -0.8278387968750001
 0.16557400976562497 -0.7981182734375001
 0.15960585156249998 -0.87592759375
 0.19454442968749996 -0.88727984375
 0.21016939453124997 -0.839191046875
 0.184887623046875 -0.8575593203125
 0.2451079765625 -0.85054328125
 0.2607329375 -0.8024545000000001
 0.235451166015625 -0.8208227734375
 0.08972870703125 -0.853223046875
 0.12466727734375 -0.8645753281249999
 0.115010474609375 -0.8348547890625
 0.07410373828125 -0.901311859375
 0.06444693945312499 -0.8715913046875
 0.09341733593749998 -0.9607529687499999
 0.10904230859375 -0.912664140625
 0.08376053710937499 -0.9310324140624999
 0.1439808828125 -0.92401640625
 0.134324080078125 -0.8942958671874999
 0.12835591015625 -0.972105234375
 0.16329448828124998 -0.983457484375
 0.1789194609375 -0.9353686562500001
 0.15363768554687499 -0.9537369453125
 0.11273093359375 -1.0201940781249998
 0.10307413476562499 -0.9904735234375
 0.13204453124999999 -1.0796351874999999
 0.14766951171875 -1.031546328125
 0.12238773242187499 -1.0499146328125
 0.18260809375 -1.0428985625
 0.19823307031249998 -0.99480971875
 0.172951291015625 -1.0131780234374999
 0.22948301171875 -0.898632078125
 0.26442159765625 -0.909984296875
 0.2800465625 -0.8618954999999999
 0.254764787109375 -0.8802637890625
 0.21385804296875 -0.946720890625
 0.20420123632812498 -0.9170003671875001
 0.23317165625 -1.0061619375
 0.24879662890624998 -0.958073109375
 0.223514849609375 -0.9764414140625
 0.28373521874999996 -0.9694253125000001
 0.2993601875 -0.9213365
 0.274078408203125 -0.9397048046875001
 0.20507169531249997 -0.53497
 0.22666494531249998 -0.5052494999999999
 0.19541487890624998 -0.5052494999999999
 0.22438532812499998 -0.594411
 0.2459785859375 -0.5646905
 0.21472851171875 -0.5646905
 0.28688548437499994 -0.594411
 0.30847873437499995 -0.5646905
 0.2675718359375 -0.53497
 0.27722866015625 -0.5646905
 0.28916507812500003 -0.5052494999999999
 0.25791501171875 -0.5052494999999999
 0.2436989609375 -0.653852
 0.26529222656249996 -0.6241315000000001
 0.23404214453125 -0.6241315000000001
 0.26301259374999997 -0.713293
 0.2846058671875 -0.6835724999999999
 0.25335577734375 -0.6835725
 0.32551278124999994 -0.713293
 0.347106046875 -0.6835724999999999
 0.3061991328125 -0.653852
 0.31585595703124997 -0.6835725
 0.327792390625 -0.6241315000000001
 0.29654230859374997 -0.6241315000000001
 0.3686993046875 -0.653852
 0.3902925546875 -0.6241315000000001
 0.349385640625 -0.594411
 0.35904247265625 -0.6241315000000001
 0.38801296875 -0.713293
 0.4096062265625 -0.6835724999999999
 0.37835613671875 -0.6835725
 0.45051315625 -0.713293
 0.47210640625 -0.6835724999999999
 0.4311994765625 -0.653852
 0.44085631640625 -0.6835725
 0.45279271874999993 -0.6241315000000001
 0.41188579687499993 -0.594411
 0.42154263671875003 -0.6241315000000001
 0.3300719765625 -0.53497
 0.35166521093750003 -0.5052494999999999
 0.32041514453125003 -0.5052494999999999
 0.37097888281249997 -0.5646905
 0.33972880859375 -0.5646905
 0.43347903125 -0.5646905
 0.39257211718749996 -0.53497
 0.40222895703124995 -0.5646905
 0.41416534375 -0.5052494999999999
 0.38291527734374997 -0.5052494999999999
 0.28232622656249995 -0.772734
 0.3039195078125 -0.7430135
 0.27266941015625 -0.7430135
 0.301639859375 -0.8321750000000001
 0.32323314843749995 -0.8024545000000001
 0.29198304296875 -0.8024545000000001
 0.364140078125 -0.8321750000000001
 0.385733359375 -0.8024545000000001
 0.3448264296875 -0.772734
 0.3544832539062499 -0.8024545000000001
 0.36641970312499994 -0.7430135
 0.33516960546874996 -0.7430135
 0.32095349218749997 -0.891616
 0.34254678906249997 -0.8618955
 0.31129667578125 -0.8618954999999999
 0.340267125 -0.951057
 0.3618604296875 -0.9213365
 0.33061030859374996 -0.9213365
 0.40276737500000004 -0.951057
 0.42436067187500004 -0.9213365
 0.3834537265625 -0.891616
 0.39311055078125 -0.9213365
 0.405047015625 -0.8618955000000001
 0.37379690234374996 -0.8618955000000001
 0.4459539609375 -0.8916160000000001
 0.4675472421875 -0.8618955000000001
 0.426640296875 -0.8321750000000001
 0.43629712890625 -0.8618955000000001
 0.46526762499999996 -0.951057
 0.4868609140625 -0.9213365
 0.45561079296875 -0.9213365
 0.527767875 -0.951057
 0.54936115625 -0.9213365
 0.5084541953125 -0.891616
 0.51811103515625 -0.9213365
 0.5300474687500001 -0.8618954999999999
 0.489140515625 -0.8321750000000001
 0.49879735546875004 -0.8618955
 0.4073266328124999 -0.772734
 0.4289198984375 -0.7430135
 0.39766980078124997 -0.7430135
 0.4482335703125 -0.8024545000000001
 0.41698346484375 -0.8024545000000001
 0.5107337812499999 -0.8024545000000001
 0.46982683593749996 -0.772734
 0.47948367578125 -0.8024545000000001
 0.49142009374999995 -0.7430135
 0.46016999609375 -0.7430135
 0.5323270390624999 -0.772734
 0.5539202890624999 -0.7430135
 0.51301334375 -0.713293
 0.5226701914062499 -0.7430135
 0.551640734375 -0.8321750000000001
 0.5732339921875 -0.8024545000000001
 0.54198388671875 -0.8024545000000001
 0.6141409531249999 -0.8321750000000001
 0.635734203125 -0.8024545000000001
 0.5948272421875 -0.772734
 0.60448409765625 -0.8024545000000001
 0.6164204843750001 -0.7430135
 0.5755135312499999 -0.713293
 0.58517038671875 -0.7430135
 0.5709544296875 -0.891616
 0.5925476953125 -0.8618955
 0.56129758203125 -0.8618954999999999
 0.590268125 -0.951057
 0.6118613984375001 -0.9213365
 0.5806112773437501 -0.9213365
 0.6527683750000001 -0.951057
 0.674361640625 -0.9213365
 0.6334546640625001 -0.891616
 0.64311151953125 -0.9213365
 0.655047921875 -0.8618955000000001
 0.62379780859375 -0.8618955000000001
 0.6959548984375 -0.8916160000000001
 0.7175481484375 -0.8618955000000001
 0.6766411718750001 -0.8321750000000001
 0.68629803515625 -0.8618955000000001
 0.7152686250000001 -0.951057
 0.7368618828125001 -0.9213365
 0.7056117617187501 -0.9213365
 0.777768875 -0.951057
 0.799362125 -0.9213365
 0.7584551328125001 -0.891616
 0.7681120039062501 -0.9213365
 0.7800483750000001 -0.8618954999999999
 0.7391413906250001 -0.8321750000000001
 0.7487982617187501 -0.8618955
 0.6573274453125 -0.772734
 0.6789206796875 -0.7430135
 0.6380137187500001 -0.713293
 0.64767058203125 -0.7430135
 0.6982344140625001 -0.8024545000000001
 0.66698430859375 -0.8024545000000001
 0.7607346250000001 -0.8024545000000001
 0.7198276484375001 -0.772734
 0.72948451953125 -0.8024545000000001
 0.7414208750000001 -0.7430135
 0.7005139062500001 -0.713293
 0.71017077734375 -0.7430135
 0.4550722578125 -0.53497
 0.47666547656249997 -0.5052494999999999
 0.44541541015624997 -0.5052494999999999
 0.4743859531249999 -0.594411
 0.49597917968749994 -0.5646905
 0.46472910546874996 -0.5646905
 0.5368861093749999 -0.594411
 0.558479328125 -0.5646905
 0.5175723984375 -0.53497
 0.52722925390625 -0.5646905
 0.5391656093749999 -0.5052494999999999
 0.50791554296875 -0.5052494999999999
 0.4936996484375 -0.653852
 0.5152928828125 -0.6241315000000001
 0.48404280078124995 -0.6241315000000001
 0.5346065859375 -0.6835724999999999
 0.50335649609375 -0.6835725
 0.597106765625 -0.6835724999999999
 0.5561998203125 -0.653852
 0.56585667578125 -0.6835725
 0.577793046875 -0.6241315000000001
 0.54654296484375 -0.6241315000000001
 0.6186999921875 -0.653852
 0.6402932109375 -0.6241315000000001
 0.599386265625 -0.594411
 0.60904312890625 -0.6241315000000001
 0.6596069453125001 -0.6835724999999999
 0.62835685546875 -0.6835725
 0.7221071250000001 -0.6835724999999999
 0.6812001640625001 -0.653852
 0.69085703515625 -0.6835725
 0.702793375 -0.6241315000000001
 0.661886421875 -0.594411
 0.67154329296875 -0.6241315000000001
 0.5800725390624999 -0.53497
 0.6016657421875 -0.5052494999999999
 0.57041567578125 -0.5052494999999999
 0.6209794765625 -0.5646905
 0.58972940234375 -0.5646905
 0.683479625 -0.5646905
 0.6425726796875 -0.53497
 0.65222955078125 -0.5646905
 0.664165875 -0.5052494999999999
 0.6329158085937501 -0.5052494999999999
 0.7050728125000001 -0.53497
 0.726666 -0.5052494999999999
 0.6857590625000001 -0.475529
 0.6954159375000001 -0.5052494999999999
 0.7243865625000001 -0.594411
 0.74597975 -0.5646905
 0.7147296875 -0.5646905
 0.7868866875 -0.594411
 0.8084798750000001 -0.5646905
 0.7675729375000001 -0.53497
 0.7772298125 -0.5646905
 0.789166125 -0.5052494999999999
 0.7482591875 -0.475529
 0.7579160625000001 -0.5052494999999999
 0.7437003125 -0.653852
 0.7652935000000001 -0.6241315000000001
 0.7340434375 -0.6241315000000001
 0.7630140625000001 -0.713293
 0.7846072500000001 -0.6835724999999999
 0.7533571875 -0.6835725
 0.8255141875 -0.713293
 0.8471073750000001 -0.6835724999999999
 0.8062004375 -0.653852
 0.8158573125000002 -0.6835725
 0.8277936250000001 -0.6241315000000001
 0.7965435625000001 -0.6241315000000001
 0.8687005625000002 -0.653852
 0.8902937500000001 -0.6241315000000001
 0.8493868125000001 -0.594411
 0.8590436875 -0.6241315000000001
 0.8880143125000002 -0.713293
 0.9096075000000001 -0.6835724999999999
 0.8783574375000002 -0.6835725
 0.9505144375000001 -0.713293
 0.9721076250000001 -0.6835724999999999
 0.9312006875000001 -0.653852
 0.9408575625000002 -0.6835725
 0.9527938750000001 -0.6241315000000001
 0.9118869375 -0.594411
 0.9215438125000002 -0.6241315000000001
 0.8300730625000001 -0.53497
 0.8516662500000001 -0.5052494999999999
 0.8107593125 -0.475529
 0.8204161875 -0.5052494999999999
 0.8709800000000001 -0.5646905
 0.8397299375000001 -0.5646905
 0.9334801250000001 -0.5646905
 0.8925731875 -0.53497
 0.9022300625000002 -0.5646905
 0.914166375 -0.5052494999999999
 0.8732594375 -0.475529
 0.8829163125 -0.5052494999999999
 0.7823278125 -0.772734
 0.8039210000000001 -0.7430135
 0.7726709375000002 -0.7430135
 0.8016415625000001 -0.8321750000000001
 0.82323475 -0.8024545000000001
 0.7919846875000001 -0.8024545000000001
 0.8641416875000001 -0.8321750000000001
 0.885734875 -0.8024545000000001
 0.8448279375000001 -0.772734
 0.8544848125000001 -0.8024545000000001
 0.8664211250000001 -0.7430135
 0.8351710625000002 -0.7430135
 0.8209553125000001 -0.891616
 0.8425485 -0.8618955
 0.8112984375000001 -0.8618954999999999
 0.8402690625 -0.951057
 0.86186225 -0.9213365
 0.8306121875 -0.9213365
 0.9027691875 -0.951057
 0.924362375 -0.9213365
 0.8834554375 -0.891616
 0.8931123125 -0.9213365
 0.905048625 -0.8618955000000001
 0.8737985625 -0.8618955000000001
 0.9459555625 -0.8916160000000001
 0.9675487500000001 -0.8618955000000001
 0.9266418125 -0.8321750000000001
 0.9362986875 -0.8618955000000001
 0.9652693125 -0.951057
 0.9868625 -0.9213365
 0.9556124374999999 -0.9213365
 1.0277694375 -0.951057
 1.049362625 -0.9213365
 1.0084556875000001 -0.891616
 1.0181125624999998 -0.9213365
 1.030048875 -0.8618954999999999
 0.9891419375000001 -0.8321750000000001
 0.9987988125 -0.8618955
 0.9073280625000002 -0.772734
 0.9289212500000001 -0.7430135
 0.8976711875000001 -0.7430135
 0.9482350000000002 -0.8024545000000001
 0.9169849375000001 -0.8024545000000001
 1.010735125 -0.8024545000000001
 0.9698281875000001 -0.772734
 0.9794850625000002 -0.8024545000000001
 0.9914213750000002 -0.7430135
 0.9601713125000001 -0.7430135
 1.0323283125000002 -0.772734
 1.0539215 -0.7430135
 1.0130145625 -0.713293
 1.0226714375000001 -0.7430135
 1.0516420625000003 -0.8321750000000001
 1.0732352500000002 -0.8024545000000001
 1.0419851875000001 -0.8024545000000001
 1.1141421875000002 -0.8321750000000001
 1.1357353750000003 -0.8024545000000001
 1.0948284375000001 -0.772734
 1.1044853125000003 -0.8024545000000001
 1.116421625 -0.7430135
 1.0755146875000001 -0.713293
 1.0851715625 -0.7430135
 1.0709558125 -0.891616
 1.0925490000000002 -0.8618955
 1.0612989375000002 -0.8618954999999999
 1.0902695625 -0.951057
 1.11186275 -0.9213365
 1.0806126875 -0.9213365
 1.1527696875 -0.951057
 1.1743628750000001 -0.9213365
 1.1334559375000002 -0.891616
 1.1431128125 -0.9213365
 1.1550491250000001 -0.8618955000000001
 1.1237990625000003 -0.8618955000000001
 1.1959560625 -0.8916160000000001
 1.2175492500000002 -0.8618955000000001
 1.1766423125000003 -0.8321750000000001
 1.1862991875000002 -0.8618955000000001
 1.2152698125 -0.951057
 1.236863 -0.9213365
 1.2056129375000002 -0.9213365
 1.2777699375 -0.951057
 1.2993631250000002 -0.9213365
 1.2584561875000002 -0.891616
 1.2681130625 -0.9213365
 1.280049375 -0.8618954999999999
 1.2391424375 -0.8321750000000001
 1.2487993125 -0.8618955
 1.1573285625 -0.772734
 1.1789217500000002 -0.7430135
 1.1380148125 -0.713293
 1.1476716875 -0.7430135
 1.1982355 -0.8024545000000001
 1.1669854375000002 -0.8024545000000001
 1.2607356250000001 -0.8024545000000001
 1.2198286875000002 -0.772734
 1.2294855624999999 -0.8024545000000001
 1.241421875 -0.7430135
 1.2005149375 -0.713293
 1.2101718125 -0.7430135
 0.9550733125 -0.53497
 0.9766665 -0.5052494999999999
 0.9357595624999999 -0.475529
 0.9454164375 -0.5052494999999999
 0.9743870625000002 -0.594411
 0.9959802500000001 -0.5646905
 0.9647301875000002 -0.5646905
 1.0368871875 -0.594411
 1.0584803750000003 -0.5646905
 1.0175734375 -0.53497
 1.0272303125000002 -0.5646905
 1.039166625 -0.5052494999999999
 0.9982596874999999 -0.475529
 1.0079165625 -0.5052494999999999
 0.9937008125000001 -0.653852
 1.0152940000000001 -0.6241315000000001
 0.9840439375000002 -0.6241315000000001
 1.0346077500000002 -0.6835724999999999
 1.0033576875 -0.6835725
 1.097107875 -0.6835724999999999
 1.0562009375 -0.653852
 1.0658578125 -0.6835725
 1.077794125 -0.6241315000000001
 1.0465440625000002 -0.6241315000000001
 1.1187010625 -0.653852
 1.1402942500000002 -0.6241315000000001
 1.0993873125000002 -0.594411
 1.1090441875000001 -0.6241315000000001
 1.159608 -0.6835724999999999
 1.1283579375000001 -0.6835725
 1.222108125 -0.6835724999999999
 1.1812011875000001 -0.653852
 1.1908580625 -0.6835725
 1.2027943749999999 -0.6241315000000001
 1.1618874375 -0.594411
 1.1715443125 -0.6241315000000001
 1.0800735625 -0.53497
 1.1016667500000001 -0.5052494999999999
 1.0607598125 -0.475529
 1.0704166874999999 -0.5052494999999999
 1.1209805 -0.5646905
 1.0897304375 -0.5646905
 1.183480625 -0.5646905
 1.1425736875 -0.53497
 1.1522305624999998 -0.5646905
 1.1641668749999998 -0.5052494999999999
 1.1232599374999999 -0.475529
 1.1329168125 -0.5052494999999999
 0.5505636328125001 -0.059441125
 0.5721568203125 -0.0297205625
 0.54090681640625 -0.0297205625
 0.569877265625 -0.11888225
 0.5914704609375001 -0.0891616875
 0.56022044921875 -0.0891616875
 0.6323772968750001 -0.11888225
 0.653970484375 -0.0891616875
 0.6130636484375 -0.059441125
 0.6227204726562501 -0.0891616875
 0.634656828125 -0.0297205625
 0.60340682421875 -0.0297205625
 0.5891908984375 -0.178323375
 0.6107841015625 -0.14860281250000001
 0.57953408203125 -0.14860281250000001
 0.60850453125 -0.2377645
 0.6300977421875 -0.2080439375
 0.59884771484375 -0.2080439375
 0.67100459375 -0.2377645
 0.6925977968750001 -0.2080439375
 0.6516909453125 -0.178323375
 0.6613477695312501 -0.2080439375
 0.6732841406250001 -0.14860281250000001
 0.64203412109375 -0.14860281250000001
 0.7141909921875 -0.178323375
 0.7357841796875 -0.14860281250000001
 0.694877328125 -0.11888225
 0.70453416015625 -0.14860281250000001
 0.73350465625 -0.2377645
 0.7550978515625 -0.2080439375
 0.72384782421875 -0.2080439375
 0.79600471875 -0.2377645
 0.8175979062500001 -0.2080439375
 0.7766910390625 -0.178323375
 0.7863478789062501 -0.2080439375
 0.7982842187500001 -0.14860281250000001
 0.757377359375 -0.11888225
 0.7670341992187499 -0.14860281250000001
 0.6755636640625 -0.059441125
 0.6971568359375 -0.0297205625
 0.66590683203125 -0.0297205625
 0.7164705078125 -0.0891616875
 0.68522049609375 -0.0891616875
 0.7789705312499999 -0.0891616875
 0.7380636796875 -0.059441125
 0.74772051953125 -0.0891616875
 0.75965684375 -0.0297205625
 0.72840683984375 -0.0297205625
 0.6278181640625 -0.29720562500000003
 0.6494113828125001 -0.26748506250000004
 0.61816134765625 -0.26748506250000004
 0.647131796875 -0.35664675
 0.6687250234375 -0.3269261875
 0.63747498046875 -0.3269261875
 0.709631890625 -0.35664675
 0.731225109375 -0.3269261875
 0.6903182421875 -0.29720562500000003
 0.6999750664062498 -0.3269261875
 0.7119114531249999 -0.26748506250000004
 0.68066141796875 -0.26748506250000004
 0.6664454296875 -0.416087875
 0.6880386640625 -0.3863673125
 0.65678861328125 -0.3863673125
 0.7073523046875001 -0.4458084375
 0.67610224609375 -0.4458084375
 0.769852421875 -0.4458084375
 0.7289455390625 -0.416087875
 0.73860236328125 -0.4458084375
 0.750538765625 -0.3863673125
 0.7192887148437501 -0.3863673125
 0.7914456484375 -0.416087875
 0.8130388671875 -0.3863673125
 0.772131984375 -0.35664675
 0.78178881640625 -0.3863673125
 0.8323525390625 -0.4458084375
 0.80110248046875 -0.4458084375
 0.8948526562499999 -0.4458084375
 0.8539457578124999 -0.416087875
 0.86360259765625 -0.4458084375
 0.8755389687499999 -0.3863673125
 0.834632078125 -0.35664675
 0.8442889179687498 -0.3863673125
 0.7528183203125 -0.29720562500000003
 0.7744115234375 -0.26748506250000004
 0.74316148828125 -0.26748506250000004
 0.7937251953125 -0.3269261875
 0.76247515234375 -0.3269261875
 0.85622528125 -0.3269261875
 0.8153183984375 -0.29720562500000003
 0.8249752382812501 -0.3269261875
 0.83691159375 -0.26748506250000004
 0.8056615585937499 -0.26748506250000004
 0.8778184765624999 -0.29720562500000003
 0.8994116640625001 -0.26748506250000004
 0.8585047812500001 -0.2377645
 0.86816162890625 -0.26748506250000004
 0.8971321718749999 -0.35664675
 0.9187253671875 -0.3269261875
 0.88747532421875 -0.3269261875
 0.9596322656249999 -0.35664675
 0.981225453125 -0.3269261875
 0.9403185546874999 -0.29720562500000003
 0.9499754101562499 -0.3269261875
 0.9619117343750001 -0.26748506250000004
 0.92100484375 -0.2377645
 0.9306616992187501 -0.26748506250000004
 0.9164458671874999 -0.416087875
 0.9380390703124999 -0.3863673125
 0.9067890195312499 -0.3863673125
 0.9573527734374999 -0.4458084375
 0.92610271484375 -0.4458084375
 1.019852890625 -0.4458084375
 0.9789459765624999 -0.416087875
 0.98860283203125 -0.4458084375
 1.0005391718749999 -0.3863673125
 0.96928912109375 -0.3863673125
 1.0414460859375 -0.416087875
 1.0630392734375 -0.3863673125
 1.022132359375 -0.35664675
 1.03178922265625 -0.3863673125
 1.0823530078125 -0.4458084375
 1.05110294921875 -0.4458084375
 1.144853125 -0.4458084375
 1.1039461953125 -0.416087875
 1.11360306640625 -0.4458084375
 1.125539375 -0.3863673125
 1.084632453125 -0.35664675
 1.09428932421875 -0.3863673125
 1.0028186328125002 -0.29720562500000003
 1.0244118046875 -0.26748506250000004
 0.9835049062500001 -0.2377645
 0.99316176953125 -0.26748506250000004
 1.0437255390625 -0.3269261875
 1.0124754960937499 -0.3269261875
 1.106225625 -0.3269261875
 1.0653187109375 -0.29720562500000003
 1.07497558203125 -0.3269261875
 1.0869118750000002 -0.26748506250000004
 1.0460049687500002 -0.2377645
 1.05566183984375 -0.26748506250000004
 0.8005636953124999 -0.059441125
 0.8221568515625 -0.0297205625
 0.79090684765625 -0.0297205625
 0.8198773906250001 -0.11888225
 0.8414705546875 -0.0891616875
 0.81022054296875 -0.0891616875
 0.882377421875 -0.11888225
 0.903970578125 -0.0891616875
 0.8630637109374999 -0.059441125
 0.87272056640625 -0.0891616875
 0.8846568593749999 -0.0297205625
 0.85340685546875 -0.0297205625
 0.8391910859375 -0.178323375
 0.8607842578125 -0.14860281250000001
 0.8295342382812501 -0.14860281250000001
 0.8800979609375 -0.2080439375
 0.84884793359375 -0.2080439375
 0.942598015625 -0.2080439375
 0.9016911328125 -0.178323375
 0.9113479882812501 -0.2080439375
 0.923284296875 -0.14860281250000001
 0.89203427734375 -0.14860281250000001
 0.9641911796875 -0.178323375
 0.9857843359375 -0.14860281250000001
 0.9448774531249999 -0.11888225
 0.9545343164062501 -0.14860281250000001
 1.0050980703125 -0.2080439375
 0.9738480429687499 -0.2080439375
 1.067598125 -0.2080439375
 1.0266912265625001 -0.178323375
 1.03634809765625 -0.2080439375
 1.0482843750000002 -0.14860281250000001
 1.007377484375 -0.11888225
 1.0170343554687502 -0.14860281250000001
 0.9255637265625001 -0.059441125
 0.9471568671875 -0.0297205625
 0.9159068632812499 -0.0297205625
 0.9664706015625 -0.0891616875
 0.93522058984375 -0.0891616875
 1.028970625 -0.0891616875
 0.9880637421875 -0.059441125
 0.99772061328125 -0.0891616875
 1.0096568750000001 -0.0297205625
 0.97840687109375 -0.0297205625
