FiniteElementSpace
FiniteElementCollection: L2_T1_2D_P3
VDim: 1
Ordering: 0

0.76024952
0.76024897
0.76024642
0.76024241
0.71093543
0.71093478
0.71093177
0.71092709
0.62241104
0.62241019
0.62240638
0.62240053
0.56388764
0.56388666
0.56388233
0.56387575
0.76024241
0.76023424
0.76020123
0.76015521
0.71092709
0.71091762
0.71087985
0.71082773
0.62240053
0.62238888
0.62234328
0.62228143
0.56387575
0.56386278
0.56381256
0.56374518
0.56387575
0.56386278
0.56381256
0.56374518
0.50391521
0.50390098
0.50384659
0.50377436
0.4073014
0.40728548
0.40722579
0.40714787
0.34993985
0.34992319
0.34986145
0.34978171
0.56388764
0.56388666
0.56388233
0.56387575
0.50392842
0.50392732
0.50392248
0.50391521
0.40731653
0.40731523
0.40730965
0.4073014
0.34995592
0.34995452
0.34994856
0.34993985
0.76015521
0.76007052
0.75977287
0.75940618
0.71082773
0.71073264
0.71040238
0.70999981
0.62228143
0.62217014
0.62179097
0.62133665
0.56374518
0.56362495
0.56322017
0.5627403
0.75940618
0.75879584
0.75692831
0.75489759
0.70999981
0.7093355
0.70732658
0.70516542
0.62133665
0.62059729
0.61840354
0.61608418
0.5627403
0.56196605
0.55969558
0.55732077
0.5627403
0.56196605
0.55969558
0.55732077
0.50272283
0.50192516
0.49961332
0.49722112
0.4060567
0.40524971
0.40295476
0.40062106
0.34869137
0.34789761
0.34566654
0.34342214
0.56374518
0.56362495
0.56322017
0.5627403
0.50377436
0.50364658
0.50322147
0.50272283
0.40714787
0.40701193
0.40656824
0.4060567
0.34978171
0.34964377
0.34919887
0.34869137
0.34978171
0.34964377
0.34919887
0.34869137
0.29565558
0.29551825
0.29508046
0.2945864
0.21730835
0.21717751
0.21676831
0.21631444
0.17557557
0.1754519
0.17506966
0.1746502
0.34869137
0.34789761
0.34566654
0.34342214
0.2945864
0.29382025
0.29169184
0.28957371
0.21631444
0.21562033
0.21372815
0.21187776
0.1746502
0.1740142
0.17230057
0.17064281
0.1746502
0.1740142
0.17230057
0.17064281
0.13846958
0.13789879
0.13637867
0.13492395
0.091421962
0.090963848
0.089766598
0.088640777
0.068983707
0.068594971
0.067590788
0.06665671
0.17557557
0.1754519
0.17506966
0.1746502
0.13931352
0.13919903
0.13884929
0.13846958
0.092117217
0.092020585
0.091730976
0.091421962
0.069583319
0.069498733
0.069248186
0.068983707
0.34995592
0.34995452
0.34994856
0.34993985
0.29583218
0.2958307
0.29582446
0.29581544
0.21748161
0.21748005
0.2174736
0.21746443
0.17574236
0.17574079
0.17573438
0.17572537
0.34993985
0.34992319
0.34986145
0.34978171
0.29581544
0.29579833
0.29573567
0.29565558
0.21746443
0.21744729
0.21738572
0.21730835
0.17572537
0.17570866
0.17564933
0.17557557
0.17572537
0.17570866
0.17564933
0.17557557
0.13945435
0.13943839
0.1393824
0.13931352
0.092239076
0.092224911
0.092176162
0.092117217
0.069691653
0.069678862
0.069635361
0.069583319
0.17574236
0.17574079
0.17573438
0.17572537
0.13947082
0.13946927
0.13946304
0.13945435
0.092254043
0.0922526
0.09224689
0.092239076
0.069705369
0.069704025
0.06969877
0.069691653
0.75489759
0.75184107
0.74368722
0.73587181
0.70516542
0.70194038
0.69343667
0.68537377
0.61608418
0.61267085
0.60383859
0.59560991
0.55732077
0.55385573
0.54499333
0.53682576
0.73587181
0.7252341
0.70046017
0.67955699
0.68537377
0.67449308
0.64944397
0.62853882
0.59560991
0.58465878
0.5599133
0.53962472
0.53682576
0.52604895
0.5019761
0.48245449
0.53682576
0.52604895
0.5019761
0.48245449
0.47703627
0.46660277
0.44356336
0.42508396
0.38163243
0.37208692
0.3513966
0.33509413
0.32556399
0.3167408
0.29783437
0.28310066
0.55732077
0.55385573
0.54499333
0.53682576
0.49722112
0.49376057
0.48501186
0.47703627
0.40062106
0.39729174
0.38903137
0.38163243
0.34342214
0.3402476
0.33246204
0.32556399
0.67955699
0.65382776
0.60144689
0.56259321
0.62853882
0.60302727
0.55167944
0.51401124
0.53962472
0.51520736
0.46696079
0.43219655
0.48245449
0.45916114
0.41365709
0.3812307
0.56259321
0.51934525
0.44227251
0.39208306
0.51401124
0.47244147
0.39919234
0.35202331
0.43219655
0.39436111
0.32889929
0.28750178
0.3812307
0.34624153
0.28638325
0.24895137
0.3812307
0.34624153
0.28638325
0.24895137
0.33124421
0.29941127
0.24556287
0.21226493
0.2550467
0.22870977
0.18496251
0.158398
0.21223732
0.18936052
0.15178565
0.12922433
0.48245449
0.45916114
0.41365709
0.3812307
0.42508396
0.4032228
0.36100007
0.33124421
0.33509413
0.31607449
0.28000974
0.2550467
0.28310066
0.26605827
0.23410779
0.21223732
0.28310066
0.26605827
0.23410779
0.21223732
0.23506877
0.22008377
0.1923075
0.17350494
0.1674732
0.15579836
0.13455118
0.12042557
0.13252763
0.12278265
0.10524735
0.093718927
0.21223732
0.18936052
0.15178565
0.12922433
0.17350494
0.15400546
0.12233556
0.10353266
0.12042557
0.1059786
0.082936852
0.069503802
0.093718927
0.082029086
0.063592537
0.052964843
0.093718927
0.082029086
0.063592537
0.052964843
0.071511343
0.062246444
0.047797088
0.039561327
0.044231166
0.038150218
0.028836578
0.023624267
0.031990315
0.027433517
0.020531819
0.016712805
0.13252763
0.12278265
0.10524735
0.093718927
0.10286965
0.09490235
0.080727137
0.071511343
0.065469897
0.059970914
0.050364548
0.044231166
0.048219328
0.043968544
0.036626056
0.031990315
0.34342214
0.3402476
0.33246204
0.32556399
0.28957371
0.28660339
0.27940256
0.2730918
0.21187776
0.20931871
0.20322996
0.19798728
0.17064281
0.16836978
0.1630237
0.15847054
0.32556399
0.3167408
0.29783437
0.28310066
0.2730918
0.26508885
0.24813557
0.23506877
0.19798728
0.19143058
0.17779606
0.1674732
0.15847054
0.1528249
0.14121845
0.13252763
0.15847054
0.1528249
0.14121845
0.13252763
0.12447538
0.11971391
0.1100364
0.10286965
0.080836698
0.077380858
0.070485578
0.065469897
0.060321757
0.057566016
0.052129964
0.048219328
0.17064281
0.16836978
0.1630237
0.15847054
0.13492395
0.13294638
0.1283486
0.12447538
0.088640777
0.087131446
0.08368719
0.080836698
0.06665671
0.06541515
0.062614396
0.060321757
0.06665671
0.06541515
0.062614396
0.060321757
0.04914184
0.048142767
0.045914816
0.044110977
0.028752544
0.028082094
0.026614537
0.02544729
0.020098029
0.019589348
0.018488604
0.017622689
0.060321757
0.057566016
0.052129964
0.048219328
0.044110977
0.041961317
0.037768883
0.03478617
0.02544729
0.024075466
0.02144885
0.019613428
0.017622689
0.016613716
0.014703686
0.01338376
0.017622689
0.016613716
0.014703686
0.01338376
0.011947155
0.011221842
0.0098643014
0.0089365575
0.006085646
0.0056807713
0.0049367674
0.0044374009
0.0038981238
0.0036242307
0.0031265924
0.0027962894
0.020098029
0.019589348
0.018488604
0.017622689
0.013759165
0.013381949
0.012574999
0.011947155
0.007127416
0.0069059914
0.0064410182
0.006085646
0.0046159082
0.0044613883
0.0041406031
0.0038981238
0.048219328
0.043968544
0.036626056
0.031990315
0.03478617
0.031571754
0.026081679
0.02265412
0.019613428
0.017662729
0.014391207
0.012385493
0.01338376
0.011992933
0.0096864725
0.0082882235
0.031990315
0.027433517
0.020531819
0.016712805
0.02265412
0.019313748
0.0143106
0.011573323
0.012385493
0.010457781
0.0076221066
0.0060988881
0.0082882235
0.0069558474
0.0050176195
0.0039882305
0.0082882235
0.0069558474
0.0050176195
0.0039882305
0.0054253037
0.0045252339
0.0032303756
0.0025504499
0.0026067885
0.0021524387
0.0015104502
0.0011794932
0.0016089711
0.001320133
0.00091651495
0.00071079894
0.01338376
0.011992933
0.0096864725
0.0082882235
0.0089365575
0.0079673412
0.0063780225
0.0054253037
0.0044374009
0.0039229126
0.0030944466
0.0026067885
0.0027962894
0.0024588952
0.0019216584
0.0016089711
0.0027962894
0.0024588952
0.0019216584
0.0016089711
0.001722998
0.0015068761
0.0011665778
0.00097073673
0.00075020804
0.00065021871
0.00049560459
0.00040823609
0.00043554039
0.00037534776
0.00028330636
0.00023188103
0.0016089711
0.001320133
0.00091651495
0.00071079894
0.00097073673
0.00079138024
0.00054351419
0.00041861392
0.00040823609
0.00032932619
0.00022221186
0.00016922433
0.00023188103
0.00018583175
0.00012401105
9.3776906e-05
0.00023188103
0.00018583175
0.00012401105
9.3776906e-05
0.00012867908
0.00010244144
6.7604911e-05
5.0761425e-05
4.7221587e-05
3.7186287e-05
2.4098025e-05
1.7885994e-05
2.4642349e-05
1.9273988e-05
1.2349242e-05
9.1000341e-06
0.00043554039
0.00037534776
0.00028330636
0.00023188103
0.00024710876
0.00021172994
0.00015823263
0.00012867908
9.4044738e-05
7.9815237e-05
5.8683366e-05
4.7221587e-05
5.0211123e-05
4.235878e-05
3.0826701e-05
2.4642349e-05
0.0046159082
0.0044613883
0.0041406031
0.0038981238
0.002925626
0.0028202985
0.0026041244
0.0024425157
0.0013358669
0.0012819806
0.0011734105
0.001093685
0.00079958797
0.0007650685
0.00069630791
0.0006463717
0.0038981238
0.0036242307
0.0031265924
0.0027962894
0.0024425157
0.0022615316
0.0019364028
0.001722998
0.001093685
0.0010056337
0.00085032228
0.00075020804
0.0006463717
0.00059169229
0.00049632817
0.00043554039
0.0006463717
0.00059169229
0.00049632817
0.00043554039
0.00037347031
0.00034031737
0.00028314564
0.00024710876
0.00014650732
0.00013248535
0.00010874179
9.4044738e-05
7.9738364e-05
7.1756272e-05
5.8391448e-05
5.0211123e-05
0.00079958797
0.0007650685
0.00069630791
0.0006463717
0.00046811804
0.00044652765
0.00040400859
0.00037347031
0.0001877723
0.00017816972
0.00015960421
0.00014650732
0.0001036759
9.8037007e-05
8.7258173e-05
7.9738364e-05
0.069705369
0.069704025
0.06969877
0.069691653
0.051659015
0.051657791
0.051653059
0.051646718
0.030514887
0.030513882
0.030510073
0.030505056
0.021471295
0.021470432
0.021467198
0.021462984
0.069691653
0.069678862
0.069635361
0.069583319
0.051646718
0.051635419
0.051597446
0.051552498
0.030505056
0.030496239
0.030467169
0.030433347
0.021462984
0.02145564
0.021431713
0.021404171
0.021462984
0.02145564
0.021431713
0.021404171
0.014798577
0.014792599
0.014773351
0.014751429
0.0077647888
0.0077607085
0.0077478185
0.0077333897
0.0050730808
0.0050699552
0.0050601966
0.0050493893
0.021471295
0.021470432
0.021467198
0.021462984
0.014805445
0.01480472
0.014802037
0.014798577
0.0077695936
0.0077690731
0.007767184
0.0077647888
0.0050768179
0.0050764066
0.0050749314
0.0050730808
0.069583319
0.069498733
0.069248186
0.068983707
0.051552498
0.051480067
0.051268027
0.051046591
0.030433347
0.030379597
0.030225204
0.030066753
0.021404171
0.021360774
0.021237573
0.021112488
0.068983707
0.068594971
0.067590788
0.06665671
0.051046591
0.050723902
0.04989997
0.04914184
0.030066753
0.029839037
0.029268425
0.028752544
0.021112488
0.020934262
0.020492813
0.020098029
0.021112488
0.020934262
0.020492813
0.020098029
0.014524584
0.014388247
0.014054445
0.013759165
0.0075895504
0.0075053934
0.0073031708
0.007127416
0.0049440995
0.004883517
0.0047396159
0.0046159082
0.021404171
0.021360774
0.021237573
0.021112488
0.014751429
0.014717184
0.014621095
0.014524584
0.0077333897
0.007711161
0.0076499577
0.0075895504
0.0050493893
0.0050328823
0.0049879604
0.0049440995
0.0050493893
0.0050328823
0.0049879604
0.0049440995
0.0032285882
0.0032166147
0.0031844082
0.0031533008
0.0014973474
0.0014905734
0.0014726933
0.0014557235
0.00090571925
0.00090110159
0.00088905412
0.00087774333
0.0049440995
0.004883517
0.0047396159
0.0046159082
0.0031533008
0.0031107014
0.0030106781
0.002925626
0.0014557235
0.0014328054
0.0013799891
0.0013358669
0.00087774333
0.00086259852
0.00082809649
0.00079958797
0.00087774333
0.00086259852
0.00082809649
0.00079958797
0.0005178799
0.00050810846
0.00048610269
0.00046811804
0.00021055553
0.00020598542
0.00019588315
0.0001877723
0.00011729799
0.00011452957
0.0001084799
0.0001036759
0.00090571925
0.00090110159
0.00088905412
0.00087774333
0.00053623963
0.00053316625
0.00052524059
0.0005178799
0.00021938328
0.00021787173
0.00021404632
0.00021055553
0.00012273825
0.00012179369
0.00011943083
0.00011729799
0.0050768179
0.0050764066
0.0050749314
0.0050730808
0.0032488897
0.0032485722
0.003247447
0.0032460503
0.0015092185
0.0015090199
0.0015083293
0.0015074868
0.00091398046
0.00091383637
0.00091334138
0.00091274379
0.0050730808
0.0050699552
0.0050601966
0.0050493893
0.0032460503
0.0032437115
0.0032364951
0.0032285882
0.0015074868
0.0015060954
0.0015018832
0.0014973474
0.00091274379
0.00091176534
0.00090883792
0.00090571925
0.00091274379
0.00091176534
0.00090883792
0.00090571925
0.00054099144
0.00054031966
0.00053833323
0.00053623963
0.00022178285
0.00022143541
0.00022042737
0.00021938328
0.00012426251
0.00012403854
0.00012339632
0.00012273825
0.00091398046
0.00091383637
0.00091334138
0.00091274379
0.00054185378
0.00054175173
0.00054140528
0.00054099144
0.00022224022
0.00022218472
0.00022199988
0.00022178285
0.00012456199
0.00012452508
0.00012440361
0.00012426251
0.76024952
0.71093543
0.62241104
0.56388764
0.73032357
0.67824832
0.58648252
0.52691616
0.67824851
0.62241169
0.52691647
0.46674095
0.64411965
0.58648285
0.48971112
0.429841
0.56388764
0.50392842
0.40731653
0.34995592
0.52691616
0.46674059
0.37154426
0.31605752
0.46674095
0.40731758
0.31605799
0.2644335
0.429841
0.37154479
0.28363906
0.23482444
0.429841
0.37154479
0.28363906
0.23482444
0.39354429
0.33684875
0.25290411
0.20714584
0.33684879
0.28363917
0.20714589
0.16668454
0.30348863
0.25290417
0.18149603
0.14442127
0.64411965
0.58648285
0.48971112
0.429841
0.6087944
0.54981443
0.45259511
0.39354429
0.54981444
0.48971117
0.39354433
0.33684879
0.51271543
0.45259513
0.35815032
0.30348863
0.34995592
0.29583218
0.21748161
0.17574236
0.31605752
0.264433
0.19104861
0.15267576
0.2644335
0.21748292
0.15267629
0.11979577
0.23482444
0.19104927
0.1317117
0.10216311
0.17574236
0.13947082
0.092254043
0.069705369
0.15267576
0.11979525
0.077758433
0.058056663
0.11979577
0.092255297
0.058057118
0.042509351
0.10216311
0.077759042
0.047995494
0.034716349
0.10216311
0.077759042
0.047995494
0.034716349
0.086498633
0.065060907
0.039380411
0.028137011
0.065060956
0.047995595
0.028137047
0.019704402
0.054034265
0.039380467
0.022630482
0.015651218
0.23482444
0.19104927
0.1317117
0.10216311
0.20714584
0.16668449
0.11282314
0.086498633
0.16668454
0.13171183
0.086498686
0.065060956
0.14442127
0.11282322
0.07270325
0.054034265
0.14442127
0.11282322
0.07270325
0.054034265
0.12425451
0.095952545
0.060659141
0.044541993
0.09595256
0.072703278
0.044542006
0.03206787
0.081014775
0.060659161
0.036441422
0.025914626
0.054034265
0.039380467
0.022630482
0.015651218
0.044541993
0.032067859
0.018061724
0.012335334
0.03206787
0.0226305
0.012335341
0.0082535506
0.025914626
0.018061736
0.0096461378
0.0063724275
0.025914626
0.018061736
0.0096461378
0.0063724275
0.020781797
0.014303908
0.0074840729
0.0048811864
0.014303912
0.0096461435
0.0048811885
0.003117878
0.011239857
0.0074840771
0.0037092634
0.0023388171
0.081014775
0.060659161
0.036441422
0.025914626
0.067903019
0.05023514
0.029588381
0.020781797
0.050235144
0.036441432
0.020781801
0.014303912
0.041291453
0.029588387
0.016537261
0.011239857
0.51271543
0.45259513
0.35815032
0.30348863
0.47550598
0.41588904
0.32393559
0.27169084
0.41588902
0.35815031
0.27169084
0.22401816
0.37990283
0.32393557
0.24164481
0.19710508
0.30348863
0.25290417
0.18149603
0.14442127
0.27169084
0.22401815
0.15793218
0.12425451
0.22401816
0.18149605
0.12425453
0.09595256
0.19710508
0.15793219
0.10614512
0.081014775
0.19710508
0.15793219
0.10614512
0.081014775
0.17224742
0.13647224
0.090024078
0.067903019
0.13647223
0.10614512
0.067903022
0.050235144
0.11709765
0.090024077
0.056493782
0.041291453
0.37990283
0.32393557
0.24164481
0.19710508
0.34492807
0.29114738
0.2135
0.17224742
0.29114735
0.24164478
0.17224741
0.13647223
0.25999842
0.21349997
0.14948711
0.11709765
0.069705369
0.051659015
0.030514887
0.021471295
0.058056663
0.042508937
0.024615418
0.017105571
0.042509351
0.030515787
0.017105862
0.011647742
0.034716349
0.024615841
0.013522071
0.0090916044
0.021471295
0.014805445
0.0077695936
0.0050768179
0.017105571
0.011647498
0.0059877556
0.0038625604
0.011647742
0.0077700757
0.0038626991
0.0024401663
0.0090916044
0.0059879756
0.002915354
0.0018179324
0.0090916044
0.0059879756
0.002915354
0.0018179324
0.0070407163
0.0045781144
0.0021827638
0.0013434788
0.0045781295
0.0029153816
0.0013434863
0.00080957246
0.0034724173
0.0021827767
0.00098484879
0.00058570952
0.034716349
0.024615841
0.013522071
0.0090916044
0.028137011
0.019704371
0.010605893
0.0070407163
0.019704402
0.013522131
0.0070407352
0.0045781295
0.015651218
0.010605924
0.0054094833
0.0034724173
0.0050768179
0.0032488897
0.0015092185
0.00091398046
0.0038625604
0.0024400591
0.0011098357
0.00066335438
0.0024401663
0.0015094096
0.0006634032
0.00038815602
0.0018179324
0.0011099204
0.00047755411
0.00027574518
0.00091398046
0.00054185378
0.00022224022
0.00012456199
0.00066335438
0.00038812138
0.00015581172
8.6175591e-05
0.00038815602
0.00022229585
8.6188193e-05
4.6649739e-05
0.00027574518
0.0001558357
5.913041e-05
3.1578829e-05
0.00027574518
0.0001558357
5.913041e-05
3.1578829e-05
0.00019428702
0.00010834849
4.0232186e-05
2.1199745e-05
0.00010835002
5.9132839e-05
2.1200251e-05
1.0930631e-05
7.4713137e-05
4.0233184e-05
1.411419e-05
7.1796822e-06
0.0018179324
0.0011099204
0.00047755411
0.00027574518
0.0013434788
0.00080956695
0.00034097058
0.00019428702
0.00080957246
0.00047756356
0.00019428927
0.00010835002
0.00058570952
0.0003409747
0.00013577199
7.4713137e-05
0.00058570952
0.0003409747
0.00013577199
7.4713137e-05
0.00042030704
0.00024146602
9.4100697e-05
5.1094508e-05
0.00024146646
0.00013577257
5.1094644e-05
2.7148111e-05
0.00016959967
9.4101008e-05
3.4654131e-05
1.8167089e-05
7.4713137e-05
4.0233184e-05
1.411419e-05
7.1796822e-06
5.1094508e-05
2.7148027e-05
9.3186478e-06
4.6766848e-06
2.7148111e-05
1.4114298e-05
4.6767066e-06
2.2962494e-06
1.8167089e-05
9.3186993e-06
3.0209301e-06
1.463302e-06
1.8167089e-05
9.3186993e-06
3.0209301e-06
1.463302e-06
1.2056395e-05
6.1013863e-06
1.9351071e-06
9.2470906e-07
6.1013972e-06
3.0209405e-06
9.2471116e-07
4.3227069e-07
3.9616346e-06
1.9351133e-06
5.794676e-07
2.6721914e-07
0.00016959967
9.4101008e-05
3.4654131e-05
1.8167089e-05
0.00011814617
6.4683079e-05
2.3309393e-05
1.2056395e-05
6.468316e-05
3.4654215e-05
1.2056414e-05
6.1013972e-06
4.4095543e-05
2.3309447e-05
7.9347072e-06
3.9616346e-06
0.015651218
0.010605924
0.0054094833
0.0034724173
0.012335334
0.0082535452
0.0041232593
0.0026127639
0.0082535506
0.005409491
0.0026127664
0.0016211659
0.0063724275
0.0041232645
0.0019502051
0.001194365
0.0034724173
0.0021827767
0.00098484879
0.00058570952
0.0026127639
0.0016211641
0.00071611042
0.00042030704
0.0016211659
0.00098485119
0.00042030771
0.00024146646
0.001194365
0.00071611187
0.00029915772
0.00016959967
0.001194365
0.00071611187
0.00029915772
0.00016959967
0.00087282577
0.00051648201
0.00021118978
0.00011814617
0.00051648245
0.00029915821
0.0001181463
6.468316e-05
0.00036947434
0.00021119012
8.162694e-05
4.4095543e-05
0.0063724275
0.0041232645
0.0019502051
0.001194365
0.0048811864
0.0031178764
0.0014439736
0.00087282577
0.003117878
0.0019502071
0.00087282642
0.00051648245
0.0023388171
0.0014439751
0.00063268666
0.00036947434
0.0023388171
0.0014439751
0.00063268666
0.00036947434
0.0017403644
0.0010605384
0.00045489357
0.00026215507
0.0010605388
0.00063268723
0.00026215524
0.0001478693
0.00077262724
0.00045489396
0.00018448841
0.00010268466
0.00036947434
0.00021119012
8.162694e-05
4.4095543e-05
0.00026215507
0.00014786919
5.593174e-05
2.9812509e-05
0.0001478693
8.1627059e-05
2.9812539e-05
1.5548858e-05
0.00010268466
5.5931819e-05
1.998926e-05
1.0286052e-05
0.00010268466
5.5931819e-05
1.998926e-05
1.0286052e-05
7.0721109e-05
3.8009155e-05
1.3291754e-05
6.7480382e-06
3.800918e-05
1.9989286e-05
6.7480444e-06
3.3518006e-06
2.5616254e-05
1.3291771e-05
4.3901557e-06
2.1513008e-06
0.00077262724
0.00045489396
0.00018448841
0.00010268466
0.00055831577
0.00032440095
0.000128768
7.0721109e-05
0.00032440106
0.00018448854
7.0721148e-05
3.800918e-05
0.00022945423
0.00012876809
4.8306048e-05
2.5616254e-05
4.4095543e-05
2.3309447e-05
7.9347072e-06
3.9616346e-06
2.9812509e-05
1.554884e-05
5.1786776e-06
2.5508589e-06
1.5548858e-05
7.9347241e-06
2.5508627e-06
1.2292225e-06
1.0286052e-05
5.1786884e-06
1.6287752e-06
7.742988e-07
3.9616346e-06
1.9351133e-06
5.794676e-07
2.6721914e-07
2.5508589e-06
1.2292205e-06
3.6008089e-07
1.6380261e-07
1.2292225e-06
5.7946929e-07
1.6380294e-07
7.2887772e-08
7.742988e-07
3.6008191e-07
9.9566373e-08
4.3703138e-08
7.742988e-07
3.6008191e-07
9.9566373e-08
4.3703138e-08
4.8365657e-07
2.2187893e-07
6.0011974e-08
2.5983601e-08
2.2187926e-07
9.9566644e-08
2.5983649e-08
1.100378e-08
1.3557246e-07
6.0012134e-08
1.5318366e-08
6.398858e-09
1.0286052e-05
5.1786884e-06
1.6287752e-06
7.742988e-07
6.7480382e-06
3.3517972e-06
1.0313182e-06
4.8365657e-07
3.3518006e-06
1.6287784e-06
4.8365722e-07
2.2187926e-07
2.1513008e-06
1.0313201e-06
2.9957976e-07
1.3557246e-07
2.1513008e-06
1.0313201e-06
2.9957976e-07
1.3557246e-07
1.3692551e-06
6.4755703e-07
1.8400501e-07
8.2141506e-08
6.4755761e-07
2.9958029e-07
8.2141606e-08
3.5867051e-08
4.0319185e-07
1.8400532e-07
4.935001e-08
2.1255885e-08
1.3557246e-07
6.0012134e-08
1.5318366e-08
6.398858e-09
8.2141506e-08
3.5867002e-08
8.954622e-09
3.6896136e-09
3.5867051e-08
1.5318404e-08
3.68962e-09
1.4868534e-09
2.1255885e-08
8.954644e-09
2.1094787e-09
8.384822e-10
2.1255885e-08
8.954644e-09
2.1094787e-09
8.384822e-10
1.249071e-08
5.1904226e-09
1.1958621e-09
4.6884356e-10
5.1904287e-09
2.1094834e-09
4.6884429e-10
1.7976478e-10
2.9831451e-09
1.1958647e-09
2.5993738e-10
9.8302134e-11
4.0319185e-07
1.8400532e-07
4.935001e-08
2.1255885e-08
2.4893723e-07
1.1206917e-07
2.939956e-08
1.249071e-08
1.1206925e-07
4.9350081e-08
1.2490723e-08
5.1904287e-09
6.7682629e-08
2.9399598e-08
7.2780806e-09
2.9831451e-09
0.00022945423
0.00012876809
4.8306048e-05
2.5616254e-05
0.00016096938
8.9138979e-05
3.2723189e-05
1.7121204e-05
8.9138994e-05
4.8306072e-05
1.7121211e-05
8.7649741e-06
6.1198421e-05
3.2723202e-05
1.1348507e-05
5.7318483e-06
2.5616254e-05
1.3291771e-05
4.3901557e-06
2.1513008e-06
1.7121204e-05
8.7649697e-06
2.83237e-06
1.3692551e-06
8.7649741e-06
4.3901604e-06
1.3692562e-06
6.4755761e-07
5.7318483e-06
2.8323728e-06
8.6421872e-07
4.0319185e-07
5.7318483e-06
2.8323728e-06
8.6421872e-07
4.0319185e-07
3.7171487e-06
1.8121061e-06
5.4089631e-07
2.4893723e-07
1.8121064e-06
8.6421929e-07
2.4893737e-07
1.1206925e-07
1.1496755e-06
5.4089653e-07
1.5240846e-07
6.7682629e-08
6.1198421e-05
3.2723202e-05
1.1348507e-05
5.7318483e-06
4.1669546e-05
2.1983926e-05
7.4597253e-06
3.7171487e-06
2.1983916e-05
1.1348505e-05
3.7171487e-06
1.8121064e-06
1.4646825e-05
7.45972e-06
2.3905135e-06
1.1496755e-06
0.25999842
0.21349997
0.14948711
0.11709765
0.23066318
0.18736449
0.12882775
0.099757345
0.18736446
0.14948707
0.09975733
0.075797392
0.16330511
0.12882771
0.084372154
0.063351251
0.11709765
0.090024077
0.056493782
0.041291453
0.099757345
0.075797401
0.046652002
0.033684351
0.075797392
0.056493775
0.033684349
0.023840984
0.063351251
0.046651995
0.027270143
0.019062601
0.063351251
0.046651995
0.027270143
0.019062601
0.052557136
0.03823588
0.021908626
0.015124278
0.038235869
0.027270134
0.015124276
0.010229936
0.03110125
0.021908617
0.011906448
0.0079518048
0.16330511
0.12882771
0.084372154
0.063351251
0.14134886
0.11023781
0.070839929
0.052557136
0.11023776
0.084372107
0.052557119
0.038235869
0.093654943
0.070839876
0.043276848
0.03110125
0.041291453
0.029588387
0.016537261
0.011239857
0.033684351
0.023840984
0.013057691
0.0087631364
0.023840984
0.016537263
0.0087631375
0.0057608804
0.019062601
0.013057692
0.0067785115
0.0043993652
0.011239857
0.0074840771
0.0037092634
0.0023388171
0.0087631364
0.0057608793
0.0027962594
0.0017403644
0.0057608804
0.0037092651
0.001740365
0.0010605388
0.0043993652
0.0027962605
0.0012846329
0.00077262724
0.0043993652
0.0027962605
0.0012846329
0.00077262724
0.0033329391
0.0020911343
0.00094059185
0.00055831577
0.0020911344
0.0012846333
0.00055831591
0.00032440106
0.0015512733
0.00094059206
0.00040017183
0.00022945423
0.019062601
0.013057692
0.0067785115
0.0043993652
0.015124278
0.010229937
0.0052019846
0.0033329391
0.010229936
0.0067785111
0.0033329391
0.0020911344
0.0079518048
0.0052019839
0.0025048821
0.0015512733
0.0079518048
0.0052019839
0.0025048821
0.0015512733
0.0061323682
0.0039604881
0.001867484
0.0011415241
0.003960486
0.0025048808
0.0011415238
0.00068311863
0.0029912928
0.0018674824
0.00083322243
0.00049210024
0.0015512733
0.00094059206
0.00040017183
0.00022945423
0.0011415241
0.00068311874
0.00028448566
0.00016096938
0.00068311863
0.00040017182
0.00016096939
8.9138994e-05
0.00049210024
0.00028448561
0.00011199942
6.1198421e-05
0.00049210024
0.00028448561
0.00011199942
6.1198421e-05
0.00035161224
0.00020059155
7.7286895e-05
4.1669546e-05
0.00020059125
0.00011199927
4.1669517e-05
2.1983916e-05
0.00014027942
7.7286702e-05
2.8138184e-05
1.4646825e-05
0.0029912928
0.0018674824
0.00083322243
0.00049210024
0.0022412318
0.0013810945
0.00060326157
0.00035161224
0.0013810898
0.00083321961
0.00035161159
0.00020059125
0.0010131496
0.00060325799
0.00024918207
0.00014027942
0.093654943
0.070839876
0.043276848
0.03110125
0.078990656
0.059040542
0.035367234
0.025105396
0.059040413
0.043276749
0.025105363
0.01746583
0.048841141
0.035367098
0.020110156
0.013816264
0.03110125
0.021908617
0.011906448
0.0079518048
0.025105396
0.017465849
0.0093000826
0.0061323682
0.01746583
0.011906434
0.0061323643
0.003960486
0.013816264
0.0093000654
0.0046918535
0.0029912928
0.013816264
0.0093000654
0.0046918535
0.0029912928
0.010844255
0.007207254
0.0035612322
0.0022412318
0.0072072001
0.0046918184
0.0022412223
0.0013810898
0.005541294
0.0035611856
0.0016657741
0.0010131496
0.048841141
0.035367098
0.020110156
0.013816264
0.04010134
0.028684048
0.015984653
0.010844255
0.028683587
0.02010983
0.010844155
0.0072072001
0.023085648
0.015984204
0.0084448423
0.005541294
0.76024952
0.73032357
0.67824851
0.64411965
0.78826634
0.76024983
0.71093593
0.67824856
0.82930096
0.80457926
0.76024993
0.73032377
0.85192401
0.82930102
0.78826656
0.76024994
0.64411965
0.6087944
0.54981444
0.51271543
0.67824856
0.64411967
0.58648288
0.54981444
0.73032377
0.69863484
0.64411967
0.60879441
0.76024994
0.73032377
0.67824857
0.64411968
0.76024994
0.73032377
0.67824857
0.64411968
0.78826656
0.76024994
0.71093596
0.67824857
0.82930103
0.8045793
0.76024994
0.73032377
0.85192404
0.82930103
0.78826656
0.76024994
0.85192401
0.82930102
0.78826656
0.76024994
0.87244712
0.85192403
0.81426825
0.78826656
0.9013046
0.88409448
0.85192404
0.82930103
0.91656561
0.90130461
0.87244713
0.85192404
0.51271543
0.47550598
0.41588902
0.37990283
0.54981444
0.51271543
0.45259512
0.41588902
0.60879441
0.57254761
0.51271543
0.47550598
0.64411968
0.60879441
0.54981444
0.51271543
0.37990283
0.34492807
0.29114735
0.25999842
0.41588902
0.37990283
0.32393555
0.29114734
0.47550598
0.43850908
0.37990282
0.34492807
0.51271543
0.47550598
0.41588901
0.37990282
0.51271543
0.47550598
0.41588901
0.37990282
0.54981444
0.51271543
0.45259511
0.41588899
0.6087944
0.57254759
0.51271538
0.47550588
0.64411966
0.60879437
0.54981432
0.51271521
0.64411968
0.60879441
0.54981444
0.51271543
0.67824857
0.64411968
0.58648288
0.54981444
0.73032377
0.69863484
0.64411967
0.6087944
0.76024994
0.73032377
0.67824856
0.64411966
0.76024994
0.73032377
0.67824856
0.64411966
0.78826656
0.76024993
0.71093594
0.67824853
0.82930102
0.80457927
0.76024986
0.73032362
0.85192402
0.82930098
0.7882664
0.76024962
0.64411966
0.60879437
0.54981432
0.51271521
0.67824853
0.64411959
0.58648263
0.54981398
0.73032362
0.69863455
0.64411887
0.60879294
0.76024962
0.73032316
0.67824693
0.64411673
0.76024962
0.73032316
0.67824693
0.64411673
0.7882659
0.76024871
0.71093272
0.67824283
0.82929903
0.80457562
0.76024058
0.73030755
0.85192015
0.82929401
0.78824905
0.76022
0.85192402
0.82930098
0.7882664
0.76024962
0.87244708
0.85192393
0.81426791
0.7882659
0.90130442
0.88409411
0.85192297
0.82929903
0.91656522
0.90130386
0.87244502
0.85192015
0.91656561
0.90130461
0.87244713
0.85192404
0.929981
0.91656561
0.89090393
0.87244713
0.94809268
0.93740159
0.91656561
0.90130461
0.95727915
0.94809268
0.929981
0.91656561
0.85192404
0.82930103
0.78826656
0.76024994
0.87244713
0.85192404
0.81426825
0.78826656
0.90130461
0.88409449
0.85192404
0.82930102
0.91656561
0.9013046
0.87244712
0.85192402
0.91656561
0.9013046
0.87244712
0.85192402
0.92998099
0.9165656
0.8909039
0.87244708
0.94809267
0.93740156
0.91656552
0.90130442
0.95727912
0.94809262
0.9299808
0.91656522
0.95727915
0.94809268
0.929981
0.91656561
0.96510436
0.95727915
0.9416718
0.92998099
0.97524926
0.96932287
0.95727915
0.94809267
0.98018373
0.97524926
0.96510435
0.95727912
0.25999842
0.23066318
0.18736446
0.16330511
0.29114734
0.25999842
0.21349993
0.18736445
0.34492807
0.31123081
0.25999839
0.23066313
0.37990282
0.34492805
0.29114729
0.25999831
0.16330511
0.14134886
0.11023776
0.093654943
0.18736445
0.16330509
0.12882763
0.1102377
0.23066313
0.20327529
0.16330491
0.14134852
0.25999831
0.23066299
0.187364
0.16330437
0.25999831
0.23066299
0.187364
0.16330437
0.2911471
0.259998
0.21349896
0.18736287
0.34492724
0.31122939
0.25999522
0.23065806
0.37990109
0.34492515
0.29114088
0.25998818
0.37990282
0.34492805
0.29114729
0.25999831
0.41588899
0.37990278
0.32393541
0.2911471
0.47550588
0.43850889
0.37990235
0.34492724
0.51271521
0.47550558
0.41588802
0.37990109
0.093654943
0.078990656
0.059040413
0.048841141
0.1102377
0.093654831
0.070839549
0.059040055
0.14134852
0.12148491
0.09365383
0.078988968
0.16330437
0.14134767
0.11023534
0.093651295
0.048841141
0.04010134
0.028683587
0.023085648
0.059040055
0.048840609
0.035365814
0.028682256
0.078988968
0.066132781
0.048836681
0.040095166
0.093651295
0.078985302
0.059030965
0.048828151
0.093651295
0.078985302
0.059030965
0.048828151
0.11023022
0.093643978
0.070820708
0.059014409
0.14132591
0.1214526
0.093599218
0.078915828
0.16326094
0.14128627
0.11013327
0.09351597
0.16330437
0.14134767
0.11023534
0.093651295
0.18736287
0.16330259
0.12882261
0.11023022
0.23065806
0.20326737
0.16328946
0.14132591
0.25998818
0.23064736
0.18733402
0.16326094
0.25998818
0.23064736
0.18733402
0.16326094
0.29112737
0.25996787
0.21344218
0.18728148
0.34487204
0.31114662
0.25984361
0.23044448
0.37980006
0.34477532
0.2908713
0.2596125
0.16326094
0.14128627
0.11013327
0.09351597
0.18728148
0.16318874
0.12863646
0.10998593
0.23044448
0.20297365
0.16282215
0.1407227
0.2596125
0.23013619
0.18653445
0.16223946
0.2596125
0.23013619
0.18653445
0.16223946
0.29048217
0.25909939
0.21210673
0.18559305
0.34340007
0.30919986
0.25693271
0.22682618
0.37742375
0.341667
0.28630421
0.25399546
0.37980006
0.34477532
0.2908713
0.2596125
0.41570484
0.37963209
0.32345473
0.29048217
0.47505513
0.4378582
0.37877928
0.34340007
0.5119544
0.47441961
0.41404667
0.37742375
0.51271521
0.47550558
0.41588802
0.37990109
0.54981398
0.5127146
0.45259305
0.4158855
0.60879294
0.572545
0.51270912
0.47549542
0.64411673
0.60878925
0.54980223
0.51269524
0.37990109
0.34492515
0.29114088
0.25998818
0.4158855
0.37989696
0.32392279
0.29112737
0.47549542
0.43849181
0.37986641
0.34487204
0.51269524
0.47547335
0.41582146
0.37980006
0.51269524
0.47547335
0.41582146
0.37980006
0.54977672
0.51265519
0.45247268
0.41570484
0.60869552
0.57239273
0.51241014
0.47505513
0.64394543
0.60852481
0.54929314
0.5119544
0.64411673
0.60878925
0.54980223
0.51269524
0.67824283
0.64410972
0.58645979
0.54977672
0.73030755
0.69860733
0.64405792
0.60869552
0.76022
0.73027366
0.6781384
0.64394543
0.76022
0.73027366
0.6781384
0.64394543
0.78821248
0.76016061
0.71074364
0.67794821
0.82916632
0.80436164
0.75979726
0.72963132
0.85169358
0.82893378
0.78751918
0.75912149
0.64394543
0.60852481
0.54929314
0.5119544
0.67794821
0.64366064
0.58561236
0.5485583
0.72963132
0.69759785
0.64221472
0.60609751
0.75912149
0.72865523
0.67524399
0.63991643
0.75912149
0.72865523
0.67524399
0.63991643
0.78646564
0.75762113
0.7062967
0.67183617
0.8256273
0.79932896
0.75128563
0.71817508
0.84636476
0.82146053
0.77515401
0.74269695
0.85169358
0.82893378
0.78751918
0.75912149
0.87206077
0.85131692
0.81305962
0.78646564
0.90045005
0.88278222
0.84940452
0.8256273
0.91520514
0.89924543
0.86858227
0.84636476
0.5119544
0.47441961
0.41404667
0.37742375
0.5485583
0.51094255
0.44964168
0.41195706
0.60609751
0.56881142
0.50666987
0.4675961
0.63991643
0.60303865
0.54066846
0.50087763
0.37742375
0.341667
0.28630421
0.25399546
0.41195706
0.37478415
0.31645638
0.28196663
0.4675961
0.42838458
0.36549422
0.32751619
0.50087763
0.4605119
0.39489505
0.3547762
0.50087763
0.4605119
0.39489505
0.3547762
0.5324772
0.49098521
0.42266065
0.380404
0.57806262
0.53467953
0.46190263
0.41619214
0.60151784
0.55685007
0.48123149
0.43340985
0.63991643
0.60303865
0.54066846
0.50087763
0.67183617
0.63544104
0.5729419
0.5324772
0.71817508
0.68250445
0.6196901
0.57806262
0.74269695
0.70729455
0.64401075
0.60151784
0.74269695
0.70729455
0.64401075
0.60151784
0.76341024
0.72802856
0.66391493
0.62037817
0.78743812
0.75136473
0.68490517
0.63922438
0.79557811
0.75854234
0.68993948
0.64265632
0.60151784
0.55685007
0.48123149
0.43340985
0.62037817
0.57429733
0.49576713
0.4458911
0.63922438
0.5905717
0.50729871
0.45436889
0.64265632
0.59228141
0.50620545
0.45168416
0.64265632
0.59228141
0.50620545
0.45168416
0.63927213
0.58715085
0.49853859
0.44277106
0.61894226
0.56420528
0.47250899
0.41572522
0.59740543
0.54138042
0.44870823
0.39206549
0.79557811
0.75854234
0.68993948
0.64265632
0.79800707
0.75957578
0.68831921
0.63927213
0.78887735
0.7473449
0.67096222
0.61894226
0.77479347
0.73094425
0.65114401
0.59740543
0.91520514
0.89924543
0.86858227
0.84636476
0.9278563
0.91339629
0.88509028
0.86419871
0.94389272
0.93128452
0.90575814
0.88631171
0.95103237
0.93912908
0.91451108
0.89540353
0.84636476
0.82146053
0.77515401
0.74269695
0.86419871
0.84044552
0.79546806
0.76341024
0.88631171
0.86368212
0.81961305
0.78743812
0.89540353
0.87288387
0.82840622
0.79557811
0.89540353
0.87288387
0.82840622
0.79557811
0.90065601
0.87771916
0.83197988
0.79800707
0.9002332
0.87540221
0.82572913
0.78887735
0.89396507
0.86719829
0.8139767
0.77479347
0.95103237
0.93912908
0.91451108
0.89540353
0.95597992
0.94438112
0.91993006
0.90065601
0.95902632
0.94694271
0.92097235
0.9002332
0.95755281
0.94449683
0.91638613
0.89396507
0.98018373
0.97524926
0.96510435
0.95727912
0.98425666
0.98018372
0.97171223
0.9651043
0.98932764
0.9863964
0.98018363
0.97524906
0.99169237
0.98932759
0.98425646
0.98018331
0.95727912
0.94809262
0.9299808
0.91656522
0.9651043
0.95727903
0.94167141
0.92998022
0.97524906
0.96932247
0.95727795
0.94809039
0.98018331
0.97524845
0.96510203
0.95727478
0.98018331
0.97524845
0.96510203
0.95727478
0.98425584
0.98018214
0.97170783
0.96509618
0.98932527
0.98639193
0.98017166
0.9752276
0.99168787
0.98931927
0.9842348
0.98014513
0.99169237
0.98932759
0.98425646
0.98018331
0.99358335
0.99169227
0.98758889
0.98425584
0.99584344
0.99455087
0.99169115
0.98932527
0.99685243
0.99584282
0.99358102
0.99168787
0.91656522
0.90130386
0.87244502
0.85192015
0.92998022
0.91656413
0.89089986
0.87243974
0.94809039
0.93739731
0.91655433
0.90128459
0.95727478
0.94808465
0.92996034
0.91652952
0.85192015
0.82929401
0.78824905
0.76022
0.87243974
0.85191088
0.81423619
0.78821248
0.90128459
0.88405967
0.85184237
0.82916632
0.91652952
0.90124277
0.87230542
0.85169358
0.91652952
0.90124277
0.87230542
0.85169358
0.92991719
0.91645791
0.89066292
0.87206077
0.94793868
0.93714801
0.91601986
0.90045005
0.95702019
0.94767282
0.92909925
0.91520514
0.95727478
0.94808465
0.92996034
0.91652952
0.96509618
0.95726436
0.94163473
0.92991719
0.9752276
0.96928471
0.95718738
0.94793868
0.98014513
0.97518235
0.96494759
0.95702019
0.98014513
0.97518235
0.96494759
0.95702019
0.98418913
0.98006856
0.9714494
0.96467697
0.98916695
0.98612959
0.9796001
0.97432459
0.99142413
0.98888953
0.98332345
0.97872883
0.95702019
0.94767282
0.92909925
0.91520514
0.96467697
0.95659695
0.94027407
0.9278563
0.97432459
0.9678841
0.95444804
0.94389272
0.97872883
0.97302114
0.96082904
0.95103237
0.97872883
0.97302114
0.96082904
0.95103237
0.98200797
0.97679442
0.96537129
0.95597992
0.98494503
0.97995964
0.96862612
0.95902632
0.98522105
0.9799742
0.96788389
0.95755281
0.99142413
0.98888953
0.98332345
0.97872883
0.99314341
0.99098567
0.98612342
0.98200797
0.99489946
0.99307507
0.98875952
0.98494503
0.99537321
0.99356848
0.98918193
0.98522105
0.99685243
0.99584282
0.99358102
0.99168787
0.99763238
0.99685123
0.99507767
0.993575
0.99852143
0.99801668
0.99684058
0.99582154
0.99889505
0.99851539
0.99761106
0.99681359
0.99168787
0.98931927
0.9842348
0.98014513
0.993575
0.99167708
0.98755042
0.98418913
0.99582154
0.99451213
0.99159733
0.98916695
0.99681359
0.99577533
0.99342202
0.99142413
0.99681359
0.99577533
0.99342202
0.99142413
0.99756477
0.99673572
0.99481302
0.99314341
0.99836165
0.99775125
0.99625929
0.99489946
0.99862939
0.99808165
0.99668732
0.99537321
0.99889505
0.99851539
0.99761106
0.99681359
0.99916608
0.99888418
0.99819081
0.99756477
0.99943295
0.9992637
0.99880385
0.99836165
0.99950889
0.99938657
0.99901225
0.99862939
0.76024952
0.78826634
0.82930096
0.85192401
0.80457873
0.82930074
0.86485435
0.88409443
0.86485353
0.88409401
0.91096017
0.92506715
0.89496471
0.91095969
0.93289131
0.94419421
0.85192401
0.87244712
0.9013046
0.91656561
0.88409443
0.90130457
0.92506722
0.93740158
0.92506715
0.93740154
0.95393872
0.96226685
0.94419421
0.95393869
0.96676869
0.97310998
0.94419421
0.95393869
0.96676869
0.97310998
0.95924365
0.96676864
0.97649855
0.9812182
0.97649835
0.98121811
0.98714476
0.98993331
0.98371102
0.98714465
0.99137893
0.99333374
0.89496471
0.91095969
0.93289131
0.94419421
0.91989309
0.93289068
0.95039141
0.95924365
0.95038918
0.95924248
0.97081808
0.97649835
0.96403865
0.97081681
0.97951988
0.98371102
0.91656561
0.929981
0.94809268
0.95727915
0.93740158
0.94809267
0.96226686
0.96932286
0.96226685
0.96932285
0.9784075
0.98279467
0.97310998
0.97840749
0.98510583
0.98828028
0.95727915
0.96510436
0.97524926
0.98018373
0.96932286
0.97524925
0.98279468
0.98639642
0.98279467
0.98639641
0.99084984
0.99291158
0.98828028
0.99084984
0.99396979
0.99538669
0.98828028
0.99084984
0.99396979
0.99538669
0.9921783
0.99396979
0.99610524
0.99705586
0.99610524
0.99705586
0.99815293
0.99862291
0.99753177
0.99815293
0.99885162
0.99913988
0.97310998
0.97840749
0.98510583
0.98828028
0.9812182
0.98510582
0.98993332
0.9921783
0.98993331
0.99217829
0.99488513
0.99610524
0.99333374
0.99488512
0.99672104
0.99753177
0.99333374
0.99488512
0.99672104
0.99753177
0.99567412
0.99672103
0.99793542
0.99845911
0.99793538
0.99845909
0.99904061
0.99927527
0.99871526
0.99904059
0.99938285
0.99950588
0.99753177
0.99815293
0.99885162
0.99913988
0.99845911
0.99885162
0.99927527
0.99943686
0.99927527
0.99943686
0.99957402
0.99959282
0.99950588
0.99957402
0.99958063
0.9995212
0.99950588
0.99957402
0.99958063
0.9995212
0.99959127
0.99958063
0.99945812
0.99930763
0.99945812
0.99930762
0.99890756
0.99853459
0.99918026
0.99890755
0.99824293
0.99765008
0.99871526
0.99904059
0.99938285
0.99950588
0.99919503
0.99938282
0.99955402
0.99959127
0.9995539
0.99959122
0.99954986
0.99945812
0.99959015
0.9995498
0.99937267
0.99918026
0.96403865
0.97081681
0.97951988
0.98371102
0.97444538
0.97951823
0.98591455
0.98893724
0.98590902
0.98893426
0.99263781
0.99433475
0.99050076
0.99263467
0.99519904
0.99635108
0.98371102
0.98714465
0.99137893
0.99333374
0.98893724
0.99137878
0.99433529
0.99567412
0.99433475
0.99567384
0.99724672
0.99793538
0.99635108
0.99724642
0.99827612
0.99871526
0.99635108
0.99724642
0.99827612
0.99871526
0.99769293
0.99827573
0.99892803
0.99919503
0.99892665
0.99919432
0.99946555
0.9995539
0.99931748
0.99946479
0.99958244
0.99959015
0.99050076
0.99263467
0.99519904
0.99635108
0.99372335
0.99519506
0.99692988
0.99769293
0.99691708
0.99768585
0.99855955
0.99892665
0.99805402
0.99855227
0.99909969
0.99931748
0.98018373
0.98425666
0.98932764
0.99169237
0.98639642
0.98932765
0.99291158
0.99455126
0.99291158
0.99455128
0.99649711
0.99735905
0.99538669
0.99649711
0.99778914
0.99834844
0.99169237
0.99358335
0.99584344
0.99685243
0.99455126
0.9958436
0.99735891
0.99802091
0.99735905
0.9980212
0.99876916
0.99907982
0.99834844
0.99876923
0.99922696
0.9994044
0.99834844
0.99876923
0.99922696
0.9994044
0.99897276
0.99922702
0.99948203
0.9995624
0.99948208
0.99956251
0.99958741
0.99953974
0.99958685
0.99958744
0.99948471
0.99934894
0.99538669
0.99649711
0.99778914
0.99834844
0.99705586
0.99778915
0.99862291
0.99897276
0.99862291
0.99897276
0.99934483
0.99948208
0.99913988
0.99934483
0.999538
0.99958685
0.99685243
0.99763238
0.99852143
0.99889505
0.99802091
0.9985232
0.99907814
0.99929947
0.99907982
0.99930263
0.99951781
0.99957734
0.9994044
0.99951875
0.99959171
0.99957318
0.99889505
0.99916608
0.99943295
0.99950889
0.99929947
0.99944844
0.999562
0.9995599
0.99957734
0.99958702
0.99949591
0.99936445
0.99957318
0.99950462
0.99927033
0.99902971
0.99957318
0.99950462
0.99927033
0.99902971
0.99943859
0.9992773
0.99885219
0.99845617
0.99885896
0.99846844
0.99754403
0.99673407
0.99816554
0.99754785
0.99612772
0.99491145
0.9994044
0.99951875
0.99959171
0.99957318
0.9995624
0.99959244
0.99953906
0.99943859
0.99953974
0.9994399
0.99914541
0.99885896
0.99934894
0.99914578
0.99863256
0.99816554
0.99934894
0.99914578
0.99863256
0.99816554
0.9989801
0.99863285
0.99780469
0.99707593
0.99780496
0.99707645
0.99541753
0.99400884
0.99652129
0.99541768
0.99295695
0.99090655
0.99816554
0.99754785
0.99612772
0.99491145
0.99707593
0.99613074
0.99400596
0.99222186
0.99400884
0.99222719
0.98834885
0.98518876
0.99090655
0.98835045
0.9828915
0.97852381
0.99090655
0.98835045
0.9828915
0.97852381
0.9864767
0.98289275
0.97538203
0.96948077
0.9753832
0.96948299
0.95748872
0.94833709
0.96528266
0.95748936
0.94194099
0.93029085
0.99652129
0.99541768
0.99295695
0.99090655
0.99458729
0.99295706
0.98939274
0.9864767
0.98939284
0.9864769
0.98029477
0.9753832
0.98434794
0.98029482
0.97186215
0.96528266
0.99913988
0.99934483
0.999538
0.99958685
0.99943686
0.999538
0.99959282
0.99956386
0.99959282
0.99956386
0.99940812
0.99923231
0.9995212
0.99940812
0.99908655
0.9987782
0.99958685
0.99958744
0.99948471
0.99934894
0.99956386
0.99948473
0.99923229
0.9989801
0.99923231
0.99898014
0.99836044
0.99780496
0.9987782
0.99836045
0.99737774
0.99652129
0.9987782
0.99836045
0.99737774
0.99652129
0.99803549
0.99737775
0.99587189
0.99458729
0.99587189
0.9945873
0.99174474
0.98939284
0.99362507
0.99174474
0.98766363
0.98434794
0.9995212
0.99940812
0.99908655
0.9987782
0.99930763
0.99908655
0.99853459
0.99803549
0.99853459
0.99803549
0.99687478
0.99587189
0.99765008
0.99687478
0.99511506
0.99362507
0.99765008
0.99687478
0.99511506
0.99362507
0.99628506
0.99511506
0.99251396
0.99035248
0.99251395
0.99035247
0.9856952
0.98193749
0.98875899
0.98569518
0.97921746
0.97408463
0.99362507
0.99174474
0.98766363
0.98434794
0.99035248
0.98766363
0.9819375
0.97736878
0.98193749
0.97736877
0.96793137
0.96061868
0.97408463
0.96793135
0.9554571
0.94596473
0.97408463
0.96793135
0.9554571
0.94596473
0.96355774
0.95545708
0.93933978
0.92729556
0.93933972
0.92729549
0.90404605
0.88717527
0.91898388
0.90404599
0.87574387
0.85557703
0.98875899
0.98569518
0.97921746
0.97408463
0.98346191
0.97921744
0.97041084
0.96355774
0.9704108
0.96355769
0.94976384
0.93933972
0.95870758
0.9497638
0.93209575
0.91898388
0.98434794
0.98029482
0.97186215
0.96528266
0.97736878
0.97186219
0.96061866
0.9520034
0.96061868
0.95200346
0.93493792
0.9222396
0.94596473
0.93493792
0.91350002
0.89783536
0.96528266
0.95748936
0.94194099
0.93029085
0.9520034
0.94194148
0.92223917
0.90774223
0.9222396
0.90774307
0.88020223
0.86052549
0.89783536
0.88020245
0.84732166
0.82425399
0.89783536
0.88020245
0.84732166
0.82425399
0.86828662
0.84732181
0.80894878
0.78251484
0.80894885
0.78251506
0.73556447
0.70416453
0.76517362
0.73556448
0.68394007
0.65004105
0.94596473
0.93493792
0.91350002
0.89783536
0.92729556
0.91350001
0.88717533
0.86828662
0.88717527
0.86828656
0.83331374
0.80894885
0.85557703
0.83331368
0.79285229
0.76517362
0.85557703
0.83331368
0.79285229
0.76517362
0.8185021
0.7928522
0.74709396
0.71635899
0.74709377
0.71635881
0.66314933
0.62845338
0.69650925
0.66314919
0.60645388
0.57015731
0.76517362
0.73556448
0.68394007
0.65004105
0.71635899
0.68394004
0.62845351
0.59268075
0.62845338
0.59268066
0.53325759
0.49606945
0.57015731
0.53325748
0.47308233
0.43611064
0.57015731
0.53325748
0.47308233
0.43611064
0.51028738
0.47308219
0.41351628
0.37758763
0.41351602
0.3775874
0.32175099
0.28906383
0.35587947
0.32175083
0.26967602
0.23975005
0.69650925
0.66314919
0.60645388
0.57015731
0.64184758
0.60645371
0.54740321
0.51028738
0.54740289
0.51028708
0.45018421
0.41351602
0.48728274
0.45018399
0.39120446
0.35587947
0.95870758
0.9497638
0.93209575
0.91898388
0.94350503
0.93209568
0.90997445
0.89385329
0.9099743
0.89385314
0.86352587
0.84206584
0.88290041
0.86352574
0.82775043
0.80289273
0.91898388
0.90404599
0.87574387
0.85557703
0.89385329
0.87574379
0.84206601
0.8185021
0.84206584
0.81850192
0.77597978
0.74709377
0.80289273
0.77597963
0.72830699
0.69650925
0.80289273
0.77597963
0.72830699
0.69650925
0.75835281
0.72830682
0.67606219
0.64184758
0.67606185
0.64184724
0.58410878
0.54740289
0.62009455
0.58410854
0.52449194
0.48728274
0.88290041
0.86352574
0.82775043
0.80289273
0.85051063
0.82775027
0.78649762
0.75835281
0.78649728
0.75835248
0.70884996
0.67606185
0.73999856
0.7088497
0.65506915
0.62009455
0.99805402
0.99855227
0.99909969
0.99931748
0.99877824
0.99909058
0.99941251
0.99952411
0.9993842
0.99950808
0.99958603
0.99956735
0.99952615
0.99956984
0.99952418
0.99942347
0.99931748
0.99946479
0.99958244
0.99959015
0.99952411
0.99958146
0.99957067
0.99949939
0.99956735
0.99949762
0.99926166
0.99902201
0.99942347
0.99925979
0.99882853
0.99842878
0.99942347
0.99925979
0.99882853
0.99842878
0.99911771
0.99882616
0.9981162
0.99748446
0.99810846
0.99748025
0.99603264
0.99479371
0.99698972
0.99602828
0.99386276
0.99204522
0.99952615
0.99956984
0.99952418
0.99942347
0.99953427
0.99950412
0.99932246
0.99911771
0.99926215
0.9990827
0.99858001
0.99810846
0.99886514
0.99854533
0.99772676
0.99698972
0.99959015
0.9995498
0.99937267
0.99918026
0.99949939
0.99937259
0.99902232
0.99869037
0.99902201
0.99869022
0.99789582
0.99719511
0.99842878
0.99789565
0.99666033
0.9955962
0.99918026
0.99890755
0.99824293
0.99765008
0.99869037
0.99824292
0.99719514
0.99628506
0.99719511
0.99628504
0.9942362
0.99251395
0.9955962
0.99423618
0.99123528
0.98875899
0.9955962
0.99423618
0.99123528
0.98875899
0.99321915
0.99123525
0.98694131
0.98346191
0.98694122
0.98346185
0.97615822
0.9704108
0.98093648
0.97615816
0.96631476
0.95870758
0.99842878
0.99789565
0.99666033
0.9955962
0.99748446
0.9966601
0.9947945
0.99321915
0.99479371
0.99321873
0.9897686
0.98694122
0.99204522
0.98976815
0.98487461
0.98093648
0.99204522
0.98976815
0.98487461
0.98093648
0.98809096
0.98487404
0.97809029
0.97272888
0.97808834
0.97272782
0.96176269
0.95334665
0.968895
0.96176159
0.94744107
0.93664706
0.98093648
0.97615816
0.96631476
0.95870758
0.97272888
0.96631467
0.95334691
0.94350503
0.95334665
0.94350485
0.92420108
0.9099743
0.93664706
0.9242009
0.90024082
0.88290041
0.93664706
0.9242009
0.90024082
0.88290041
0.91562575
0.90024059
0.87117007
0.85051063
0.87116943
0.85051017
0.81263277
0.78649728
0.83669152
0.81263236
0.76933375
0.73999856
0.968895
0.96176159
0.94744107
0.93664706
0.95671845
0.94743968
0.92915782
0.91562575
0.92915336
0.91562329
0.88975903
0.87116943
0.90633668
0.88975657
0.85864735
0.83669152
0.99886514
0.99854533
0.99772676
0.99698972
0.99820868
0.99768422
0.99640751
0.99529012
0.9962837
0.99521651
0.99275483
0.99067831
0.9942742
0.99268335
0.98911023
0.9861577
0.99698972
0.99602828
0.99386276
0.99204522
0.99529012
0.99385728
0.99069563
0.98809096
0.99067831
0.98808131
0.98252915
0.97808834
0.9861577
0.98251936
0.9748885
0.968895
0.9861577
0.98251936
0.9748885
0.968895
0.97985796
0.97487639
0.96462517
0.95671845
0.96458843
0.95669755
0.94094859
0.92915336
0.95110448
0.94092801
0.9209959
0.90633668
0.9942742
0.99268335
0.98911023
0.9861577
0.99133349
0.98902365
0.98395991
0.97985796
0.98371667
0.97971015
0.97123934
0.96458843
0.97655554
0.97109931
0.95980547
0.95110448
0.76024952
0.80457873
0.86485353
0.89496471
0.76024897
0.80457799
0.86485236
0.89496316
0.76024642
0.80457459
0.86484705
0.89495628
0.76024241
0.80456928
0.86483892
0.89494585
0.89496471
0.91989309
0.95038918
0.96403865
0.89496316
0.91989109
0.95038616
0.9640348
0.89495628
0.91988224
0.95037312
0.96401838
0.89494585
0.91986897
0.95035387
0.96399438
0.89494585
0.91986897
0.95035387
0.96399438
0.89492525
0.919843
0.95031674
0.9639485
0.89484556
0.91974371
0.95017746
0.96377843
0.8947386
0.91961185
0.94999564
0.96355874
0.76024241
0.80456928
0.86483892
0.89494585
0.76023424
0.80455857
0.86482275
0.89492525
0.76020123
0.80451582
0.86475938
0.89484556
0.76015521
0.80445684
0.86467344
0.8947386
0.96403865
0.97444538
0.98590902
0.99050076
0.9640348
0.9744405
0.98590195
0.99049191
0.96401838
0.97441995
0.98587272
0.9904558
0.96399438
0.97439023
0.98583117
0.99040499
0.99050076
0.99372335
0.99691708
0.99805402
0.99049191
0.99371234
0.99690149
0.99803477
0.9904558
0.99366789
0.99683978
0.99795952
0.99040499
0.99360603
0.99675534
0.99785763
0.99040499
0.99360603
0.99675534
0.99785763
0.9903108
0.99349231
0.99660227
0.99767448
0.98997641
0.99309336
0.99607548
0.99705163
0.9895607
0.99260262
0.99543851
0.99630649
0.96399438
0.97439023
0.98583117
0.99040499
0.9639485
0.97433388
0.98575347
0.9903108
0.96377843
0.97412748
0.98547432
0.98997641
0.96355874
0.97386368
0.98512359
0.9895607
0.96355874
0.97386368
0.98512359
0.9895607
0.96317878
0.9734113
0.98453045
0.98886368
0.96195317
0.97196928
0.98267546
0.98670935
0.96055516
0.97034188
0.98061791
0.98434523
0.9895607
0.99260262
0.99543851
0.99630649
0.98886368
0.99178684
0.99439428
0.99509536
0.98670935
0.98929497
0.9912647
0.99150798
0.98434523
0.98658958
0.98792543
0.98772113
0.98434523
0.98658958
0.98792543
0.98772113
0.98076068
0.98252268
0.98297495
0.98215513
0.97110251
0.97169192
0.97003721
0.96777706
0.9617592
0.96132708
0.95787134
0.95440276
0.96055516
0.97034188
0.98061791
0.98434523
0.95836853
0.96781824
0.97747128
0.98076068
0.95222251
0.96080746
0.96889351
0.97110251
0.94603977
0.95383052
0.9605051
0.9617592
0.76015521
0.80445684
0.86467344
0.8947386
0.76007052
0.80434922
0.86451879
0.89454778
0.75977287
0.80397547
0.86399193
0.89390535
0.75940618
0.80351987
0.86336064
0.89314374
0.8947386
0.91961185
0.94999564
0.96355874
0.89454778
0.9193786
0.94967846
0.96317878
0.89390535
0.91860258
0.9486432
0.96195317
0.89314374
0.91769234
0.94744963
0.96055516
0.89314374
0.91769234
0.94744963
0.96055516
0.8919149
0.91623625
0.94556668
0.95836853
0.88831135
0.91201612
0.94021188
0.95222251
0.88454222
0.90764929
0.93476668
0.94603977
0.75940618
0.80351987
0.86336064
0.89314374
0.75879584
0.80276806
0.86233328
0.8919149
0.75692831
0.80049453
0.85928502
0.88831135
0.75489759
0.7980487
0.85606222
0.88454222
0.99805402
0.99877824
0.9993842
0.99952615
0.99803477
0.99875455
0.99935129
0.99948595
0.99795952
0.99866306
0.99922655
0.99933542
0.99785763
0.99854048
0.99906223
0.99913922
0.99952615
0.99953427
0.99926215
0.99886514
0.99948595
0.99948532
0.99919521
0.99878422
0.99933542
0.99930418
0.99895224
0.99849398
0.99913922
0.99907056
0.9986442
0.99812987
0.99913922
0.99907056
0.9986442
0.99812987
0.99879738
0.998667
0.99811943
0.99751489
0.99768354
0.99736752
0.99646161
0.99559488
0.99640139
0.99588755
0.99460589
0.99346855
0.99785763
0.99854048
0.99906223
0.99913922
0.99767448
0.99832203
0.99877347
0.99879738
0.99705163
0.99758785
0.9978214
0.99768354
0.99630649
0.99671883
0.99671371
0.99640139
0.99886514
0.99820868
0.9962837
0.9942742
0.99878422
0.99811113
0.99615258
0.99411746
0.99849398
0.99776542
0.99569675
0.99357898
0.99812987
0.9973363
0.99514056
0.99292889
0.9942742
0.99133349
0.98371667
0.97655554
0.99411746
0.99114679
0.98347101
0.9762662
0.99357898
0.99051295
0.98265282
0.97531389
0.99292889
0.98975583
0.98169218
0.97420764
0.99292889
0.98975583
0.98169218
0.97420764
0.99186449
0.98852679
0.98015429
0.97245177
0.98867989
0.98489256
0.97569234
0.96741678
0.98528724
0.98106228
0.9710708
0.96225756
0.99812987
0.9973363
0.99514056
0.99292889
0.99751489
0.9966177
0.99422204
0.99186449
0.99559488
0.99440048
0.99144143
0.98867989
0.99346855
0.99197114
0.98844718
0.98528724
0.99346855
0.99197114
0.98844718
0.98528724
0.99022079
0.98829232
0.98397551
0.98026392
0.9813824
0.978397
0.97217228
0.96715808
0.97275276
0.96883936
0.96096994
0.95485363
0.98528724
0.98106228
0.9710708
0.96225756
0.98026392
0.97543947
0.96438011
0.95485234
0.96715808
0.96093929
0.94744744
0.93632767
0.95485363
0.94747275
0.93199594
0.91960638
0.95485363
0.94747275
0.93199594
0.91960638
0.93837834
0.92959568
0.91176695
0.89790225
0.90084528
0.88933564
0.8670506
0.85047334
0.86983227
0.85643232
0.83114903
0.8128104
0.97275276
0.96883936
0.96096994
0.95485363
0.96083314
0.95575088
0.94584093
0.93837834
0.93252056
0.92501909
0.91097523
0.90084528
0.90818104
0.89888717
0.8818487
0.86983227
0.99630649
0.99671883
0.99671371
0.99640139
0.99509536
0.99531843
0.99495336
0.9943812
0.99150798
0.99121884
0.98989688
0.98864596
0.98772113
0.98693758
0.98470749
0.98282306
0.99640139
0.99588755
0.99460589
0.99346855
0.9943812
0.99357564
0.99174703
0.99022079
0.98864596
0.98708855
0.98387556
0.9813824
0.98282306
0.98057298
0.97610645
0.97275276
0.98282306
0.98057298
0.97610645
0.97275276
0.97452632
0.9713687
0.96528286
0.96083314
0.95397611
0.9488333
0.93927463
0.93252056
0.93559822
0.92889855
0.91667047
0.90818104
0.98772113
0.98693758
0.98470749
0.98282306
0.98215513
0.9806987
0.97724964
0.97452632
0.96777706
0.96476875
0.95856169
0.95397611
0.95440276
0.95011102
0.94166622
0.93559822
0.95440276
0.95011102
0.94166622
0.93559822
0.93662589
0.93079489
0.91970851
0.91191821
0.89652418
0.88771957
0.87164499
0.86067667
0.86369777
0.85284405
0.8334168
0.82036685
0.93559822
0.92889855
0.91667047
0.90818104
0.91191821
0.90343223
0.88819264
0.87777922
0.86067667
0.84895401
0.82839155
0.81466466
0.82036685
0.80656749
0.78268646
0.76695679
0.82036685
0.80656749
0.78268646
0.76695679
0.7733974
0.7576007
0.73061475
0.71306825
0.68448217
0.66595142
0.634927
0.6151578
0.6230373
0.60331826
0.57070253
0.55017061
0.86369777
0.85284405
0.8334168
0.82036685
0.82424058
0.8112824
0.78848859
0.7733974
0.7464062
0.73022565
0.70246506
0.68448217
0.69041302
0.67255773
0.64235368
0.6230373
0.90818104
0.89888717
0.8818487
0.86983227
0.87777922
0.8665257
0.84627665
0.83228024
0.81466466
0.80010706
0.77460601
0.75747899
0.76695679
0.75045342
0.72197669
0.70315585
0.86983227
0.85643232
0.83114903
0.8128104
0.83228024
0.81693222
0.78864448
0.76860192
0.75747899
0.73914267
0.70646672
0.68409677
0.70315585
0.6832722
0.6484951
0.6251421
0.70315585
0.6832722
0.6484951
0.6251421
0.64367283
0.62261817
0.58642873
0.56256316
0.53993091
0.51802122
0.481331
0.45778406
0.47380288
0.45209095
0.41627648
0.393651
0.76695679
0.75045342
0.72197669
0.70315585
0.71306825
0.69484677
0.66385117
0.64367283
0.6151578
0.59495222
0.5613251
0.53993091
0.55017061
0.52938441
0.49523647
0.47380288
0.55017061
0.52938441
0.49523647
0.47380288
0.48378821
0.46298182
0.42923029
0.40832229
0.37808675
0.35842649
0.32716454
0.308195
0.31656544
0.29825507
0.26948978
0.25225192
0.47380288
0.45209095
0.41627648
0.393651
0.40832229
0.38736462
0.35329149
0.33208929
0.308195
0.2894901
0.25975408
0.24167875
0.25225192
0.23542122
0.20902005
0.19319395
0.25225192
0.23542122
0.20902005
0.19319395
0.20215718
0.18741889
0.16460014
0.15110645
0.1349055
0.12368468
0.10666669
0.096817022
0.10201526
0.092869151
0.079169966
0.071343505
0.31656544
0.29825507
0.26948978
0.25225192
0.25973649
0.24314849
0.21739882
0.20215718
0.18032454
0.16699262
0.1466892
0.1349055
0.13984986
0.12861749
0.11171043
0.10201526
0.69041302
0.67255773
0.64235368
0.6230373
0.62954953
0.61041001
0.57846692
0.55829188
0.52441846
0.50426461
0.47132224
0.45092215
0.45804309
0.43799599
0.40563368
0.38583122
0.6230373
0.60331826
0.57070253
0.55017061
0.55829188
0.53788525
0.50453323
0.48378821
0.45092215
0.43058834
0.39798264
0.37808675
0.38583122
0.36626909
0.33526401
0.31656544
0.38583122
0.36626909
0.33526401
0.31656544
0.3238068
0.30550424
0.27682922
0.25973649
0.23357892
0.21808673
0.19426186
0.18032454
0.18565907
0.17218409
0.15169686
0.13984986
0.45804309
0.43799599
0.40563368
0.38583122
0.39279804
0.37341307
0.34249975
0.3238068
0.29397828
0.27668193
0.2496294
0.23357892
0.23929695
0.22375926
0.19974291
0.18565907
0.75489759
0.7980487
0.85606222
0.88454222
0.75184107
0.79439886
0.85131933
0.87904275
0.74368722
0.78477506
0.83904671
0.86497692
0.73587181
0.77565013
0.82761278
0.85201391
0.88454222
0.90764929
0.93476668
0.94603977
0.87904275
0.90133225
0.92699839
0.93729473
0.86497692
0.88536196
0.90772452
0.91584751
0.85201391
0.87080297
0.89046063
0.89684515
0.85201391
0.87080297
0.89046063
0.89684515
0.83490968
0.85175721
0.86818814
0.87253952
0.79670287
0.80970004
0.81991154
0.82045719
0.76571948
0.77596694
0.78187309
0.77986958
0.73587181
0.77565013
0.82761278
0.85201391
0.7252341
0.76333625
0.81239596
0.83490968
0.70046017
0.73498771
0.77801158
0.79670287
0.67955699
0.71132897
0.74982016
0.76571948
0.94603977
0.95383052
0.9605051
0.9617592
0.93729473
0.94404654
0.94890416
0.94894818
0.91584751
0.92032764
0.92130204
0.91881714
0.89684515
0.89954055
0.89753542
0.89315514
0.9617592
0.96132708
0.95787134
0.95440276
0.94894818
0.94723698
0.94156119
0.93662589
0.91881714
0.91447803
0.90434182
0.89652418
0.89315514
0.88688155
0.87353879
0.86369777
0.89315514
0.88688155
0.87353879
0.86369777
0.86133577
0.85295623
0.83619424
0.82424058
0.79592069
0.78400441
0.76168235
0.7464062
0.74693837
0.73294165
0.70748183
0.69041302
0.89684515
0.89954055
0.89753542
0.89315514
0.87253952
0.87317953
0.86781196
0.86133577
0.82045719
0.81733691
0.8060026
0.79592069
0.77986958
0.774296
0.75920598
0.74693837
0.77986958
0.774296
0.75920598
0.74693837
0.73292219
0.72493674
0.70628046
0.69201474
0.64490683
0.63344412
0.60996065
0.59318412
0.58465929
0.57151013
0.54592504
0.52820884
0.74693837
0.73294165
0.70748183
0.69041302
0.69201474
0.676175
0.64805863
0.62954953
0.59318412
0.57517724
0.54425016
0.52441846
0.52820884
0.50951512
0.47797152
0.45804309
0.52820884
0.50951512
0.47797152
0.45804309
0.46232377
0.44350313
0.41225948
0.39279804
0.35841362
0.34055211
0.31161428
0.29397828
0.29851492
0.28187269
0.25528893
0.23929695
0.58465929
0.57151013
0.54592504
0.52820884
0.5216396
0.50728054
0.48043261
0.46232377
0.41813046
0.40296266
0.3759775
0.35841362
0.35597984
0.34102754
0.31508148
0.29851492
0.67955699
0.71132897
0.74982016
0.76571948
0.65382776
0.68245707
0.71589171
0.72874983
0.60144689
0.62434579
0.64885207
0.65652884
0.56259321
0.58171599
0.60054641
0.60506385
0.76571948
0.77596694
0.78187309
0.77986958
0.72874983
0.73606061
0.73749469
0.73292219
0.65652884
0.65898539
0.65334501
0.64490683
0.60506385
0.60466775
0.59509891
0.58465929
0.60506385
0.60466775
0.59509891
0.58465929
0.54953138
0.54655849
0.53364711
0.5216396
0.45452833
0.44826126
0.4315719
0.41813046
0.39511894
0.38747773
0.36958909
0.35597984
0.56259321
0.58171599
0.60054641
0.60506385
0.51934525
0.53467072
0.54797325
0.54953138
0.44227251
0.45177332
0.45701264
0.45452833
0.39208306
0.39839126
0.39948992
0.39511894
0.39208306
0.34156289
0.26264381
0.21758775
0.35202331
0.30494959
0.23223255
0.19118384
0.28750178
0.24675821
0.18494758
0.15068847
0.24895137
0.21242589
0.15762954
0.12760022
0.21758775
0.17657447
0.12033819
0.092228606
0.19118384
0.15413796
0.10390103
0.079075281
0.15068847
0.12019688
0.079581444
0.059878171
0.12760022
0.10110189
0.066193334
0.049451255
0.12760022
0.10110189
0.066193334
0.049451255
0.10636408
0.083709028
0.054191152
0.040195648
0.076478173
0.059528073
0.037833781
0.027736799
0.060956709
0.047120862
0.0296064
0.021547838
0.24895137
0.21242589
0.15762954
0.12760022
0.21226493
0.18005122
0.1322595
0.10636408
0.158398
0.13305322
0.096123835
0.076478173
0.12922433
0.10788306
0.077131213
0.060956709
0.092228606
0.069089604
0.041202588
0.029015061
0.079075281
0.058814239
0.034661829
0.024227483
0.059878171
0.044019707
0.025447262
0.017572084
0.049451255
0.036091415
0.020615308
0.01412847
0.029015061
0.019942613
0.010319102
0.0066468208
0.024227483
0.016526551
0.0084459552
0.0053981509
0.017572084
0.011840143
0.0059300863
0.0037426209
0.01412847
0.0094474185
0.0046728348
0.0029261468
0.01412847
0.0094474185
0.0046728348
0.0029261468
0.011179115
0.0074182013
0.0036233764
0.0022512391
0.00738353
0.0048389342
0.0023158505
0.0014206534
0.0055820373
0.0036301467
0.001715513
0.0010441032
0.049451255
0.036091415
0.020615308
0.01412847
0.040195648
0.02912305
0.016435822
0.011179115
0.027736799
0.019858799
0.010989947
0.00738353
0.021547838
0.015314063
0.0083722899
0.0055820373
0.021547838
0.015314063
0.0083722899
0.0055820373
0.016432938
0.011592505
0.0062606833
0.0041422781
0.01017727
0.0070932595
0.0037554126
0.0024539359
0.0073749615
0.0051016826
0.0026678732
0.001729867
0.0055820373
0.0036301467
0.001715513
0.0010441032
0.0041422781
0.0026730471
0.001247302
0.00075315668
0.0024539359
0.00156375
0.00071482066
0.00042612459
0.001729867
0.0010937761
0.00049365003
0.00029194738
0.001729867
0.0010937761
0.00049365003
0.00029194738
0.0011947344
0.00074953163
0.00033398685
0.00019595396
0.00062792839
0.00038896838
0.00016976429
9.8323623e-05
0.00041029593
0.00025216379
0.00010865081
6.2426265e-05
0.0073749615
0.0051016826
0.0026678732
0.001729867
0.0052364663
0.0035951591
0.0018569132
0.0011947344
0.0028787824
0.0019523829
0.00098832394
0.00062792839
0.0019342676
0.0013018678
0.00065084588
0.00041029593
0.12922433
0.10788306
0.077131213
0.060956709
0.10353266
0.085898691
0.060769839
0.047702317
0.069503802
0.057079754
0.039690434
0.030812696
0.052964843
0.04321951
0.029729905
0.022921139
0.060956709
0.047120862
0.0296064
0.021547838
0.047702317
0.036619832
0.022744277
0.016432938
0.030812696
0.023387471
0.014254731
0.01017727
0.022921139
0.017275086
0.010406462
0.0073749615
0.022921139
0.017275086
0.010406462
0.0073749615
0.016709145
0.012504005
0.007444093
0.0052364663
0.0095886844
0.0070927696
0.0041422694
0.0028787824
0.0066169415
0.0048593352
0.0028042192
0.0019342676
0.052964843
0.04321951
0.029729905
0.022921139
0.039561327
0.032073936
0.021824017
0.016709145
0.023624267
0.018951001
0.012667054
0.0095886844
0.016712805
0.013318032
0.0088034112
0.0066169415
0.0066468208
0.0041747371
0.0018637167
0.0010947384
0.0053981509
0.0033639989
0.0014826719
0.00086399104
0.0037426209
0.0023028254
0.00099409299
0.0005718334
0.0029261468
0.0017863065
0.00076125616
0.00043440126
0.0010947384
0.00062661605
0.00024042424
0.00012851946
0.00086399104
0.00049058536
0.00018578654
9.8509027e-05
0.0005718334
0.00032049607
0.00011882825
6.2181667e-05
0.00043440126
0.00024151491
8.8377808e-05
4.5871795e-05
0.00043440126
0.00024151491
8.8377808e-05
4.5871795e-05
0.00032470865
0.00017907756
6.4674824e-05
3.3296113e-05
0.00019554614
0.00010644217
3.763235e-05
1.9119502e-05
0.00013961189
7.5382118e-05
2.6302207e-05
1.3254186e-05
0.0029261468
0.0017863065
0.00076125616
0.00043440126
0.0022512391
0.0013634796
0.00057361649
0.00032470865
0.0014206534
0.00084946465
0.0003499714
0.00019554614
0.0010441032
0.00061936845
0.00025188834
0.00013961189
0.00012851946
6.6915122e-05
2.200756e-05
1.0690399e-05
9.8509027e-05
5.087316e-05
1.6511175e-05
7.9547514e-06
6.2181667e-05
3.1690889e-05
1.0066867e-05
4.7857986e-06
4.5871795e-05
2.3188083e-05
7.268614e-06
3.427127e-06
1.0690399e-05
5.0563956e-06
1.4227797e-06
6.2739268e-07
7.9547514e-06
3.7315597e-06
1.0360244e-06
4.530707e-07
4.7857986e-06
2.2152058e-06
6.018283e-07
2.5967455e-07
3.427127e-06
1.5732548e-06
4.2172535e-07
1.804574e-07
3.427127e-06
1.5732548e-06
4.2172535e-07
1.804574e-07
2.4146731e-06
1.0993442e-06
2.9075855e-07
1.2338532e-07
1.3213329e-06
5.9356397e-07
1.5361094e-07
6.4313341e-08
8.8907622e-07
3.9609007e-07
1.0113626e-07
4.1991975e-08
4.5871795e-05
2.3188083e-05
7.268614e-06
3.427127e-06
3.3296113e-05
1.6693829e-05
5.1637383e-06
2.4146731e-06
1.9119502e-05
9.4596822e-06
2.8636767e-06
1.3213329e-06
1.3254186e-05
6.5040976e-06
1.9428649e-06
8.8907622e-07
1.3254186e-05
6.5040976e-06
1.9428649e-06
8.8907622e-07
9.0173641e-06
4.3887847e-06
1.2936091e-06
5.870903e-07
4.6401632e-06
2.2285157e-06
6.4281373e-07
2.8784942e-07
2.9977483e-06
1.4279068e-06
4.0640627e-07
1.8048425e-07
8.8907622e-07
3.9609007e-07
1.0113626e-07
4.1991975e-08
5.870903e-07
2.5939229e-07
6.5346852e-08
2.6906833e-08
2.8784942e-07
1.2548244e-07
3.0930378e-08
1.2564907e-08
1.8048425e-07
7.802754e-08
1.8975614e-08
7.644399e-09
1.8048425e-07
7.802754e-08
1.8975614e-08
7.644399e-09
1.1085416e-07
4.7527975e-08
1.1403537e-08
4.5557375e-09
4.8174191e-08
2.0378112e-08
4.7837614e-09
1.8854455e-09
2.7982126e-08
1.1738518e-08
2.7186475e-09
1.0625866e-09
2.9977483e-06
1.4279068e-06
4.0640627e-07
1.8048425e-07
1.8971677e-06
8.9625094e-07
2.5169628e-07
1.1085416e-07
8.6540538e-07
4.0340694e-07
1.108601e-07
4.8174191e-08
5.1797476e-07
2.3946604e-07
6.4930898e-08
2.7982126e-08
0.0010441032
0.00061936845
0.00025188834
0.00013961189
0.00075315668
0.00044323371
0.00017793196
9.782746e-05
0.00042612459
0.00024755677
9.7309307e-05
5.2805034e-05
0.00029194738
0.00016825498
6.5280892e-05
3.5138778e-05
0.00013961189
7.5382118e-05
2.6302207e-05
1.3254186e-05
9.782746e-05
5.2394229e-05
1.8041674e-05
9.0173641e-06
5.2805034e-05
2.7911787e-05
9.4079526e-06
4.6401632e-06
3.5138778e-05
1.8423157e-05
6.1280781e-06
2.9977483e-06
3.5138778e-05
1.8423157e-05
6.1280781e-06
2.9977483e-06
2.2906581e-05
1.1912379e-05
3.9102582e-06
1.8971677e-06
1.0962635e-05
5.6262373e-06
1.8076049e-06
8.6540538e-07
6.7592889e-06
3.4407601e-06
1.0908661e-06
5.1797476e-07
0.00029194738
0.00016825498
6.5280892e-05
3.5138778e-05
0.00019595396
0.00011203057
4.2902709e-05
2.2906581e-05
9.8323623e-05
5.5487604e-05
2.0804271e-05
1.0962635e-05
6.2426265e-05
3.4946986e-05
1.293228e-05
6.7592889e-06
6.2426265e-05
3.4946986e-05
1.293228e-05
6.7592889e-06
3.877912e-05
2.1534719e-05
7.8651278e-06
4.0774715e-06
1.7125968e-05
9.3868637e-06
3.3562208e-06
1.7171098e-06
1.0035121e-05
5.4559902e-06
1.9252438e-06
9.7697201e-07
6.7592889e-06
3.4407601e-06
1.0908661e-06
5.1797476e-07
4.0774715e-06
2.0586894e-06
6.4407127e-07
3.0331169e-07
1.7171098e-06
8.5554024e-07
2.6195692e-07
1.2172595e-07
9.7697201e-07
4.8279358e-07
1.458691e-07
6.7224424e-08
9.7697201e-07
4.8279358e-07
1.458691e-07
6.7224424e-08
5.4335528e-07
2.6631572e-07
7.939735e-08
3.6289212e-08
2.0029428e-07
9.687322e-08
2.8263769e-08
1.2746283e-08
1.0486216e-07
5.0301266e-08
1.4481055e-08
6.4767117e-09
1.0035121e-05
5.4559902e-06
1.9252438e-06
9.7697201e-07
5.7480868e-06
3.0999525e-06
1.0795492e-06
5.4335528e-07
2.2225359e-06
1.1829772e-06
4.0326158e-07
2.0029428e-07
1.1984957e-06
6.3275105e-07
2.1286361e-07
1.0486216e-07
5.1797476e-07
2.3946604e-07
6.4930898e-08
2.7982126e-08
3.0331169e-07
1.3906994e-07
3.7205941e-08
1.5901184e-08
1.2172595e-07
5.5069468e-08
1.4416206e-08
6.0788162e-09
6.7224424e-08
3.0161757e-08
7.7903717e-09
3.2576805e-09
2.7982126e-08
1.1738518e-08
2.7186475e-09
1.0625866e-09
1.5901184e-08
6.6152008e-09
1.5115192e-09
5.8585534e-10
6.0788162e-09
2.4950119e-09
5.5775161e-10
2.1327156e-10
3.2576805e-09
1.3259828e-09
2.9243511e-10
1.1088751e-10
3.2576805e-09
1.3259828e-09
2.9243511e-10
1.1088751e-10
1.7064604e-09
6.8881012e-10
1.4986899e-10
5.6353948e-11
5.7088589e-10
2.2734298e-10
4.8392163e-11
1.7951215e-11
2.8147309e-10
1.1115736e-10
2.3342392e-11
8.5865695e-12
6.7224424e-08
3.0161757e-08
7.7903717e-09
3.2576805e-09
3.6289212e-08
1.6147541e-08
4.1149608e-09
1.7064604e-09
1.2746283e-08
5.5960448e-09
1.3953397e-09
5.7088589e-10
6.4767117e-09
2.8199743e-09
6.9373318e-10
2.8147309e-10
6.4767117e-09
2.8199743e-09
6.9373318e-10
2.8147309e-10
3.2148696e-09
1.3881762e-09
3.3692798e-10
1.3556721e-10
9.8468753e-10
4.1950283e-10
9.9620128e-11
3.9545083e-11
4.5944628e-10
1.9411364e-10
4.5478378e-11
1.7902712e-11
2.8147309e-10
1.1115736e-10
2.3342392e-11
8.5865695e-12
1.3556721e-10
5.3091306e-11
1.0998706e-11
4.0120838e-12
3.9545083e-11
1.5278473e-11
3.0964518e-12
1.1142702e-12
1.7902712e-11
6.8591335e-12
1.3713814e-12
4.8936725e-13
1.7902712e-11
6.8591335e-12
1.3713814e-12
4.8936725e-13
7.9138003e-12
3.0067472e-12
5.9304569e-13
2.0985239e-13
2.0076468e-12
7.5250332e-13
1.4519512e-13
5.0683634e-14
8.3337055e-13
3.0975378e-13
5.8959865e-14
2.0408824e-14
4.5944628e-10
1.9411364e-10
4.5478378e-11
1.7902712e-11
2.0932346e-10
8.7704524e-11
2.0272369e-11
7.9138003e-12
5.5764527e-11
2.3051805e-11
5.213016e-12
2.0076468e-12
2.3858503e-11
9.7806463e-12
2.1821144e-12
8.3337055e-13
1.1984957e-06
6.3275105e-07
2.1286361e-07
1.0486216e-07
6.3137319e-07
3.3063358e-07
1.0976588e-07
5.3631136e-08
2.1295217e-07
1.1005591e-07
3.5761884e-08
1.7242104e-08
1.0546768e-07
5.4063524e-08
1.7335955e-08
8.2897485e-09
1.0486216e-07
5.0301266e-08
1.4481055e-08
6.4767117e-09
5.3631136e-08
2.5515197e-08
7.2478742e-09
3.2148696e-09
1.7242104e-08
8.0942408e-09
2.249979e-09
9.8468753e-10
8.2897485e-09
3.8595905e-09
1.0585776e-09
4.5944628e-10
8.2897485e-09
3.8595905e-09
1.0585776e-09
4.5944628e-10
3.8917829e-09
1.7970478e-09
4.8631321e-10
2.0932346e-10
1.0883814e-09
4.9588324e-10
1.3131137e-10
5.5764527e-11
4.7985884e-10
2.1682825e-10
5.6650459e-11
2.3858503e-11
1.0546768e-07
5.4063524e-08
1.7335955e-08
8.2897485e-09
5.1006497e-08
2.5933445e-08
8.206054e-09
3.8917829e-09
1.4967687e-08
7.5099486e-09
2.3257593e-09
1.0883814e-09
6.7985675e-09
3.3832937e-09
1.0339136e-09
4.7985884e-10
0.016712805
0.013318032
0.0088034112
0.0066169415
0.011573323
0.0091609332
0.0059879998
0.0044688076
0.0060988881
0.0047749911
0.003064523
0.0022605983
0.0039882305
0.0031011958
0.0019677112
0.0014410463
0.0066169415
0.0048593352
0.0028042192
0.0019342676
0.0044688076
0.0032580422
0.0018577204
0.0012717631
0.0022605983
0.0016287308
0.00091073447
0.0006158664
0.0014410463
0.0010306399
0.00056934929
0.00038208787
0.0014410463
0.0010306399
0.00056934929
0.00038208787
0.00089818849
0.000637653
0.00034798811
0.00023175402
0.00039834914
0.00027941691
0.00014949519
9.8331489e-05
0.00023387912
0.00016282865
8.6052067e-05
5.6166485e-05
0.0039882305
0.0031011958
0.0019677112
0.0014410463
0.0025504499
0.0019695627
0.0012354121
0.00089818849
0.0011794932
0.00090064671
0.00055444353
0.00039834914
0.00071079894
0.00053895629
0.0003279349
0.00023387912
0.0019342676
0.0013018678
0.00065084588
0.00041029593
0.0012717631
0.00084945275
0.00041938355
0.0002623192
0.0006158664
0.00040628301
0.00019654745
0.00012138545
0.00038208787
0.00025012658
0.00011948678
7.3214548e-05
0.00041029593
0.00025216379
0.00010865081
6.2426265e-05
0.0002623192
0.00015995181
6.8037238e-05
3.877912e-05
0.00012138545
7.3074499e-05
3.0440497e-05
1.7125968e-05
7.3214548e-05
4.3727135e-05
1.7981132e-05
1.0035121e-05
7.3214548e-05
4.3727135e-05
1.7981132e-05
1.0035121e-05
4.3170132e-05
2.5579056e-05
1.0382952e-05
5.7480868e-06
1.749513e-05
1.0233353e-05
4.0674791e-06
2.2225359e-06
9.7128049e-06
5.6360636e-06
2.2112066e-06
1.1984957e-06
0.00038208787
0.00025012658
0.00011948678
7.3214548e-05
0.00023175402
0.00015054564
7.1012557e-05
4.3170132e-05
9.8331489e-05
6.3078777e-05
2.9149648e-05
1.749513e-05
5.6166485e-05
3.5750919e-05
1.631207e-05
9.7128049e-06
5.6166485e-05
3.5750919e-05
1.631207e-05
9.7128049e-06
3.1345267e-05
1.9796675e-05
8.918119e-06
5.2680973e-06
1.160887e-05
7.2394793e-06
3.1944585e-06
1.8628309e-06
6.0924433e-06
3.7696156e-06
1.6421577e-06
9.4999009e-07
9.7128049e-06
5.6360636e-06
2.2112066e-06
1.1984957e-06
5.2680973e-06
3.0325591e-06
1.1743567e-06
6.3137319e-07
1.8628309e-06
1.0585039e-06
4.0133116e-07
2.1295217e-07
9.4999009e-07
5.3548474e-07
2.0038864e-07
1.0546768e-07
9.4999009e-07
5.3548474e-07
2.0038864e-07
1.0546768e-07
4.7309805e-07
2.6453471e-07
9.7704908e-08
5.1006497e-08
1.4558195e-07
8.0347115e-08
2.9052106e-08
1.4967687e-08
6.8098902e-08
3.7281438e-08
1.3304183e-08
6.7985675e-09
6.0924433e-06
3.7696156e-06
1.6421577e-06
9.4999009e-07
3.1225172e-06
1.9168609e-06
8.2437533e-07
4.7309805e-07
1.0067183e-06
6.1016054e-07
2.5699306e-07
1.4558195e-07
4.8471277e-07
2.9146143e-07
1.2118451e-07
6.8098902e-08
0.00071079894
0.00053895629
0.0003279349
0.00023387912
0.00041861392
0.00031517228
0.00018953315
0.00013417488
0.00016922433
0.00012594614
7.4304965e-05
5.1971711e-05
9.3776906e-05
6.9294044e-05
4.0398268e-05
2.8045122e-05
0.00023387912
0.00016282865
8.6052067e-05
5.6166485e-05
0.00013417488
9.2714527e-05
4.8396674e-05
3.1345267e-05
5.1971711e-05
3.5476197e-05
1.8150542e-05
1.160887e-05
2.8045122e-05
1.8999039e-05
9.6000901e-06
6.0924433e-06
2.8045122e-05
1.8999039e-05
9.6000901e-06
6.0924433e-06
1.4780757e-05
9.9371862e-06
4.9588581e-06
3.1225172e-06
4.9864996e-06
3.3112108e-06
1.6191717e-06
1.0067183e-06
2.4693919e-06
1.6272131e-06
7.8574984e-07
4.8471277e-07
9.3776906e-05
6.9294044e-05
4.0398268e-05
2.8045122e-05
5.0761425e-05
3.7238655e-05
2.1452103e-05
1.4780757e-05
1.7885994e-05
1.2967518e-05
7.3262756e-06
4.9864996e-06
9.1000341e-06
6.5494266e-06
3.6557608e-06
2.4693919e-06
9.1000341e-06
6.5494266e-06
3.6557608e-06
2.4693919e-06
4.5208716e-06
3.2298568e-06
1.7810823e-06
1.1939449e-06
1.3855285e-06
9.780666e-07
5.2880016e-07
3.5011387e-07
6.4644598e-07
4.529472e-07
2.4190408e-07
1.5893527e-07
2.4693919e-06
1.6272131e-06
7.8574984e-07
4.8471277e-07
1.1939449e-06
7.807134e-07
3.7226363e-07
2.2783896e-07
3.5011387e-07
2.2608919e-07
1.0561867e-07
6.3821029e-08
1.5893527e-07
1.0183991e-07
4.6974461e-08
2.816065e-08
1.5893527e-07
1.0183991e-07
4.6974461e-08
2.816065e-08
7.0423732e-08
4.4774909e-08
2.0391466e-08
1.2127745e-08
1.7923016e-08
1.1252156e-08
5.0196695e-09
2.9472123e-09
7.4519507e-09
4.6418361e-09
2.0444052e-09
1.1907941e-09
6.4644598e-07
4.529472e-07
2.4190408e-07
1.5893527e-07
2.9442873e-07
2.0475952e-07
1.080172e-07
7.0423732e-08
7.836003e-08
5.3835606e-08
2.7837349e-08
1.7923016e-08
3.3497271e-08
2.2840158e-08
1.1664419e-08
7.4519507e-09
4.8471277e-07
2.9146143e-07
1.2118451e-07
6.8098902e-08
2.2783896e-07
1.3591832e-07
5.5785673e-08
3.1096901e-08
6.3821029e-08
3.7585698e-08
1.5106063e-08
8.3113918e-09
2.816065e-08
1.6452706e-08
6.5270927e-09
3.5622973e-09
6.8098902e-08
3.7281438e-08
1.3304183e-08
6.7985675e-09
3.1096901e-08
1.6887078e-08
5.9474555e-09
3.0144543e-09
8.3113918e-09
4.4546487e-09
1.5357565e-09
7.6814847e-10
3.5622973e-09
1.8938364e-09
6.4433974e-10
3.1965124e-10
3.5622973e-09
1.8938364e-09
6.4433974e-10
3.1965124e-10
1.4901324e-09
7.8578782e-10
2.6383654e-10
1.2981701e-10
3.4542887e-10
1.7976921e-10
5.9079915e-11
2.8685427e-11
1.3554736e-10
6.9968869e-11
2.2691893e-11
1.0927445e-11
2.816065e-08
1.6452706e-08
6.5270927e-09
3.5622973e-09
1.2127745e-08
7.029173e-09
2.7525262e-09
1.4901324e-09
2.9472123e-09
1.6861931e-09
6.4649599e-10
3.4542887e-10
1.1907941e-09
6.7584388e-10
2.5575693e-10
1.3554736e-10
1.1907941e-09
6.7584388e-10
2.5575693e-10
1.3554736e-10
4.6950235e-10
2.6433561e-10
9.873045e-11
5.1901662e-11
9.8873293e-11
5.4945921e-11
2.0091621e-11
1.0423625e-11
3.6557567e-11
2.0152452e-11
7.2728029e-12
3.7424945e-12
1.3554736e-10
6.9968869e-11
2.2691893e-11
1.0927445e-11
5.1901662e-11
2.6573462e-11
8.5045156e-12
4.061821e-12
1.0423625e-11
5.2666981e-12
1.649685e-12
7.7746076e-13
3.7424945e-12
1.8755297e-12
5.7970597e-13
2.7095714e-13
3.7424945e-12
1.8755297e-12
5.7970597e-13
2.7095714e-13
1.3109885e-12
6.5163011e-13
1.9874718e-13
9.2131111e-14
2.2791519e-13
1.1179108e-13
3.3368568e-14
1.5262733e-14
7.4837289e-14
3.6406791e-14
1.0722988e-14
4.8642498e-15
3.6557567e-11
2.0152452e-11
7.2728029e-12
3.7424945e-12
1.3188249e-11
7.2115203e-12
2.5685494e-12
1.3109885e-12
2.4046986e-12
1.2978042e-12
4.5249303e-13
2.2791519e-13
8.1323873e-13
4.3535454e-13
1.4980107e-13
7.4837289e-14
3.3497271e-08
2.2840158e-08
1.1664419e-08
7.4519507e-09
1.3975408e-08
9.4570717e-09
4.7699008e-09
3.0236447e-09
3.2260112e-09
2.156244e-09
1.0657619e-09
6.6709123e-10
1.2626323e-09
8.3749362e-10
4.0878083e-10
2.5386776e-10
7.4519507e-09
4.6418361e-09
2.0444052e-09
1.1907941e-09
3.0236447e-09
1.8686913e-09
8.1253286e-10
4.6950235e-10
6.6709123e-10
4.0705487e-10
1.7334612e-10
9.8873293e-11
2.5386776e-10
1.5368873e-10
6.461015e-11
3.6557567e-11
2.5386776e-10
1.5368873e-10
6.461015e-11
3.6557567e-11
9.4268083e-11
5.6618528e-11
2.3496574e-11
1.3188249e-11
1.8013058e-11
1.0680695e-11
4.3405303e-12
2.4046986e-12
6.2711841e-12
3.6889523e-12
1.4798169e-12
8.1323873e-13
1.2626323e-09
8.3749362e-10
4.0878083e-10
2.5386776e-10
4.8223271e-10
3.1741182e-10
1.5299024e-10
9.4268083e-11
9.6455083e-11
6.2700129e-11
2.9609448e-11
1.8013058e-11
3.4545665e-11
2.2282927e-11
1.039031e-11
6.2711841e-12
6.7985675e-09
3.3832937e-09
1.0339136e-09
4.7985884e-10
3.0144543e-09
1.4878786e-09
4.4866656e-10
2.0652044e-10
7.6814847e-10
3.7413715e-10
1.1041062e-10
5.0145948e-11
3.1965124e-10
1.5441509e-10
4.4964389e-11
2.0253345e-11
4.7985884e-10
2.1682825e-10
5.6650459e-11
2.3858503e-11
2.0652044e-10
9.254797e-11
2.3856976e-11
9.9640784e-12
5.0145948e-11
2.2172357e-11
5.5924849e-12
2.3044546e-12
2.0253345e-11
8.8811211e-12
2.2101017e-12
9.031343e-13
2.0253345e-11
8.8811211e-12
2.2101017e-12
9.031343e-13
7.9830946e-12
3.4716421e-12
8.5236867e-13
3.4541593e-13
1.6806468e-12
7.2110493e-13
1.7322688e-13
6.9256499e-14
6.2133688e-13
2.6438443e-13
6.2660251e-14
2.484319e-14
3.1965124e-10
1.5441509e-10
4.4964389e-11
2.0253345e-11
1.2981701e-10
6.2196999e-11
1.7870747e-11
7.9830946e-12
2.8685427e-11
1.3561486e-11
3.8130917e-12
1.6806468e-12
1.0927445e-11
5.1236696e-12
1.4214573e-12
6.2133688e-13
2.3858503e-11
9.7806463e-12
2.1821144e-12
8.3337055e-13
9.9640784e-12
4.0507649e-12
8.9159998e-13
3.3766923e-13
2.3044546e-12
9.2427152e-13
1.9902957e-13
7.4361378e-14
9.031343e-13
3.5921496e-13
7.6311214e-14
2.8273201e-14
8.3337055e-13
3.0975378e-13
5.8959865e-14
2.0408824e-14
3.3766923e-13
1.2445886e-13
2.3370061e-14
8.0216902e-15
7.4361378e-14
2.703849e-14
4.9665643e-15
1.681686e-15
2.8273201e-14
1.0194411e-14
1.8472446e-15
6.2023273e-16
2.8273201e-14
1.0194411e-14
1.8472446e-15
6.2023273e-16
1.0490653e-14
3.7509432e-15
6.7048545e-16
2.2323378e-16
2.0026786e-15
7.0638562e-16
1.2351465e-16
4.0566275e-17
6.9691669e-16
2.4375796e-16
4.204525e-17
1.3693075e-17
9.031343e-13
3.5921496e-13
7.6311214e-14
2.8273201e-14
3.4541593e-13
1.3624273e-13
2.8553581e-14
1.0490653e-14
6.9256499e-14
2.6949616e-14
5.525474e-15
2.0026786e-15
2.484319e-14
9.5865829e-15
1.9390433e-15
6.9691669e-16
2.484319e-14
9.5865829e-15
1.9390433e-15
6.9691669e-16
8.6952579e-15
3.3273748e-15
6.6394132e-16
2.3663192e-16
1.5098428e-15
5.6998374e-16
1.1126179e-16
3.9118437e-17
4.9543354e-16
1.8547048e-16
3.571549e-17
1.2451995e-17
6.9691669e-16
2.4375796e-16
4.204525e-17
1.3693075e-17
2.3663192e-16
8.207244e-17
1.3964813e-17
4.5097815e-18
3.9118437e-17
1.3384148e-17
2.2276412e-18
7.0963576e-19
1.2451995e-17
4.2246529e-18
6.9361815e-19
2.1910099e-19
1.2451995e-17
4.2246529e-18
6.9361815e-19
2.1910099e-19
3.8668722e-18
1.3009291e-18
2.1069595e-19
6.5995261e-20
5.5311878e-19
1.8356528e-19
2.9080352e-20
8.9850456e-21
1.6097805e-19
5.2975801e-20
8.2785713e-21
2.5363325e-21
4.9543354e-16
1.8547048e-16
3.571549e-17
1.2451995e-17
1.5860159e-16
5.887814e-17
1.1184895e-17
3.8668722e-18
2.3830682e-17
8.7274158e-18
1.6218326e-18
5.5311878e-19
7.1498764e-18
2.5965763e-18
4.7600537e-19
1.6097805e-19
1.0927445e-11
5.1236696e-12
1.4214573e-12
6.2133688e-13
4.061821e-12
1.8888473e-12
5.1704468e-13
2.2413679e-13
7.7746076e-13
3.5673494e-13
9.5554002e-14
4.0868708e-14
2.7095714e-13
1.2330313e-13
3.2587071e-14
1.3822075e-14
6.2133688e-13
2.6438443e-13
6.2660251e-14
2.484319e-14
2.2413679e-13
9.4581559e-14
2.2115614e-14
8.6952579e-15
4.0868708e-14
1.701492e-14
3.8924967e-15
1.5098428e-15
1.3822075e-14
5.7067838e-15
1.2880067e-15
4.9543354e-16
1.3822075e-14
5.7067838e-15
1.2880067e-15
4.9543354e-16
4.56069e-15
1.8673508e-15
4.1579387e-16
1.5860159e-16
7.1965783e-16
2.9070701e-16
6.3328109e-17
2.3830682e-17
2.2255616e-16
8.9154095e-17
1.916022e-17
7.1498764e-18
2.7095714e-13
1.2330313e-13
3.2587071e-14
1.3822075e-14
9.2131111e-14
4.1579905e-14
1.0842236e-14
4.56069e-15
1.5262733e-14
6.7964966e-15
1.7340833e-15
7.1965783e-16
4.8642498e-15
2.1481556e-15
5.4076068e-16
2.2255616e-16
4.8642498e-15
2.1481556e-15
5.4076068e-16
2.2255616e-16
1.5122891e-15
6.6233751e-16
1.6450144e-16
6.7139898e-17
2.1669359e-16
9.3637991e-17
2.2754712e-17
9.1625263e-18
6.3129172e-17
2.7053579e-17
6.4861379e-18
2.5900109e-18
2.2255616e-16
8.9154095e-17
1.916022e-17
7.1498764e-18
6.7139898e-17
2.6671827e-17
5.6549332e-18
2.0925802e-18
9.1625263e-18
3.5909618e-18
7.4483268e-19
2.7190369e-19
2.5900109e-18
1.0066141e-18
2.0597749e-19
7.4563957e-20
2.5900109e-18
1.0066141e-18
2.0597749e-19
7.4563957e-20
7.1413045e-19
2.7523466e-19
5.5560513e-20
1.9944671e-20
8.4242008e-20
3.2030813e-20
6.325428e-21
2.2399802e-21
2.1760092e-20
8.2046481e-21
1.5983875e-21
5.6128612e-22
6.3129172e-17
2.7053579e-17
6.4861379e-18
2.5900109e-18
1.7939524e-17
7.6241597e-18
1.8034014e-18
7.1413045e-19
2.2221896e-18
9.3177431e-19
2.1563596e-19
8.4242008e-20
5.9161083e-19
2.4600653e-19
5.6167873e-20
2.1760092e-20
7.1498764e-18
2.5965763e-18
4.7600537e-19
1.6097805e-19
2.0925802e-18
7.5359259e-19
1.3628113e-19
4.570164e-20
2.7190369e-19
9.6597096e-20
1.7088095e-20
5.6528485e-21
7.4563957e-20
2.6267961e-20
4.5839417e-21
1.5036651e-21
1.6097805e-19
5.2975801e-20
8.2785713e-21
2.5363325e-21
4.570164e-20
1.4913525e-20
2.2989277e-21
6.9840176e-22
5.6528485e-21
1.8196498e-21
2.7436573e-22
8.221831e-23
1.5036651e-21
4.7996159e-22
7.1385754e-23
2.1211781e-23
1.5036651e-21
4.7996159e-22
7.1385754e-23
2.1211781e-23
3.9013478e-22
1.2348208e-22
1.8116342e-23
5.3377981e-24
4.1707049e-23
1.3021611e-23
1.8686136e-24
5.430812e-25
1.0136882e-23
3.1382749e-24
4.4422549e-25
1.2801846e-25
7.4563957e-20
2.6267961e-20
4.5839417e-21
1.5036651e-21
1.9944671e-20
6.9674114e-21
1.1994037e-21
3.9013478e-22
2.2399802e-21
7.7192601e-22
1.299837e-22
4.1707049e-23
5.6128612e-22
1.918049e-22
3.1860262e-23
1.0136882e-23
5.6128612e-22
1.918049e-22
3.1860262e-23
1.0136882e-23
1.3717603e-22
4.6483233e-23
7.6165904e-24
2.4029746e-24
1.3310738e-23
4.4493867e-24
7.1313758e-25
2.2193576e-25
3.0469583e-24
1.0099601e-24
1.596789e-25
4.9275662e-26
1.0136882e-23
3.1382749e-24
4.4422549e-25
1.2801846e-25
2.4029746e-24
7.3767681e-25
1.0299945e-25
2.9432495e-26
2.2193576e-25
6.7205486e-26
9.178114e-27
2.5869888e-27
4.9275662e-26
1.4795781e-26
1.993147e-27
5.5705933e-28
4.9275662e-26
1.4795781e-26
1.993147e-27
5.5705933e-28
1.0669963e-26
3.1768408e-27
4.2213202e-28
1.1698514e-28
8.5109954e-28
2.4995867e-28
3.2485779e-29
8.8801479e-30
1.7258886e-28
5.0260345e-29
6.4431557e-30
1.7464007e-30
3.0469583e-24
1.0099601e-24
1.596789e-25
4.9275662e-26
6.8023637e-25
2.2358164e-25
3.486968e-26
1.0669963e-26
5.7009172e-26
1.8483935e-26
2.8197168e-27
8.5109954e-28
1.1919262e-26
3.8320823e-27
5.7664727e-28
1.7258886e-28
5.9161083e-19
2.4600653e-19
5.6167873e-20
2.1760092e-20
1.5362314e-19
6.3349917e-20
1.4269716e-20
5.4821589e-21
1.6443796e-20
6.6900324e-21
1.4743147e-21
5.5877787e-22
3.9996549e-21
1.6136988e-21
3.5083667e-22
1.3186008e-22
2.1760092e-20
8.2046481e-21
1.5983875e-21
5.6128612e-22
5.4821589e-21
2.0497897e-21
3.9393932e-22
1.3717603e-22
5.5877787e-22
2.0611117e-22
3.8749589e-23
1.3310738e-23
1.3186008e-22
4.8231444e-23
8.9451582e-24
3.0469583e-24
1.3186008e-22
4.8231444e-23
8.9451582e-24
3.0469583e-24
3.0347379e-23
1.1007565e-23
2.0139056e-24
6.8023637e-25
2.6717591e-24
9.5601278e-25
1.7109795e-25
5.7009172e-26
5.7587507e-25
2.043357e-25
3.6075317e-26
1.1919262e-26
3.9996549e-21
1.6136988e-21
3.5083667e-22
1.3186008e-22
9.4881762e-22
3.7962486e-22
8.1424471e-23
3.0347379e-23
8.7730867e-23
3.4629819e-23
7.266534e-24
2.6717591e-24
1.9491762e-23
7.6298537e-24
1.5794441e-24
5.7587507e-25
3.4545665e-11
2.2282927e-11
1.039031e-11
6.2711841e-12
1.2071841e-11
7.7264153e-12
3.5572578e-12
2.1300662e-12
2.0906114e-12
1.3212926e-12
5.959079e-13
3.522661e-13
6.8486837e-13
4.2947235e-13
1.9123321e-13
1.1214862e-13
6.2711841e-12
3.6889523e-12
1.4798169e-12
8.1323873e-13
2.1300662e-12
1.2430296e-12
4.9219692e-13
2.6830955e-13
3.522661e-13
2.0292677e-13
7.8675582e-14
4.2329496e-14
1.1214862e-13
6.4088664e-14
2.4525136e-14
1.3088482e-14
1.1214862e-13
6.4088664e-14
2.4525136e-14
1.3088482e-14
3.4830148e-14
1.9744931e-14
7.4577378e-15
3.9478005e-15
4.9823602e-15
2.7879275e-15
1.0309266e-15
5.3858631e-16
1.4500199e-15
8.0485739e-16
2.9374194e-16
1.5221329e-16
6.8486837e-13
4.2947235e-13
1.9123321e-13
1.1214862e-13
2.1887996e-13
1.3618462e-13
5.9867653e-14
3.4830148e-14
3.2799303e-14
2.0149229e-14
8.675524e-15
4.9823602e-15
9.8244239e-15
5.9878935e-15
2.545177e-15
1.4500199e-15
8.1323873e-13
4.3535454e-13
1.4980107e-13
7.4837289e-14
2.6830955e-13
1.4247317e-13
4.8380189e-14
2.3972252e-14
4.2329496e-14
2.2183098e-14
7.3732683e-15
3.6052117e-15
1.3088482e-14
6.8034468e-15
2.2315838e-15
1.082214e-15
7.4837289e-14
3.6406791e-14
1.0722988e-14
4.8642498e-15
2.3972252e-14
1.1566458e-14
3.3614919e-15
1.5122891e-15
3.6052117e-15
1.7164641e-15
4.8816796e-16
2.1669359e-16
1.082214e-15
5.1101797e-16
1.4340264e-16
6.3129172e-17
1.082214e-15
5.1101797e-16
1.4340264e-16
6.3129172e-17
3.1688527e-16
1.4840247e-16
4.1090765e-17
1.7939524e-17
4.1204018e-17
1.9040293e-17
5.1588671e-18
2.2221896e-18
1.1303861e-17
5.1804741e-18
1.3849101e-18
5.9161083e-19
1.3088482e-14
6.8034468e-15
2.2315838e-15
1.082214e-15
3.9478005e-15
2.0354077e-15
6.5883416e-16
3.1688527e-16
5.3858631e-16
2.7403727e-16
8.6816673e-17
4.1204018e-17
1.5221329e-16
7.6816264e-17
2.4014441e-17
1.1303861e-17
1.5221329e-16
7.6816264e-17
2.4014441e-17
1.1303861e-17
4.1960065e-17
2.1002904e-17
6.479166e-18
3.0247423e-18
4.948042e-18
2.4440663e-18
7.3788771e-19
3.3990127e-19
1.2778175e-18
6.2601074e-19
1.8649458e-19
8.5199361e-20
1.1303861e-17
5.1804741e-18
1.3849101e-18
5.9161083e-19
3.0247423e-18
1.3747921e-18
3.6262398e-19
1.5362314e-19
3.3990127e-19
1.5243355e-19
3.9341841e-20
1.6443796e-20
8.5199361e-20
3.7893377e-20
9.6492821e-21
3.9996549e-21
8.5199361e-20
3.7893377e-20
9.6492821e-21
3.9996549e-21
2.0828967e-20
9.1873742e-21
2.3082195e-21
9.4881762e-22
2.0221043e-21
8.800188e-22
2.1632725e-22
8.7730867e-23
4.6301343e-22
1.9983545e-22
4.8465959e-23
1.9491762e-23
1.2778175e-18
6.2601074e-19
1.8649458e-19
8.5199361e-20
3.2185702e-19
1.5638891e-19
4.5971924e-20
2.0828967e-20
3.2794071e-20
1.5723711e-20
4.5232539e-21
2.0221043e-21
7.7370479e-21
3.6792276e-21
1.044342e-21
4.6301343e-22
9.8244239e-15
5.9878935e-15
2.545177e-15
1.4500199e-15
2.8706249e-15
1.7358375e-15
7.2836496e-16
4.1163837e-16
3.7202291e-16
2.2209058e-16
9.1260129e-17
5.0908531e-17
1.0185712e-16
6.0325226e-17
2.4469195e-17
1.3540222e-17
1.4500199e-15
8.0485739e-16
2.9374194e-16
1.5221329e-16
4.1163837e-16
2.2664921e-16
8.1638417e-17
4.1960065e-17
5.0908531e-17
2.7665881e-17
9.7551982e-18
4.948042e-18
1.3540222e-17
7.2989469e-18
2.5399588e-18
1.2778175e-18
1.3540222e-17
7.2989469e-18
2.5399588e-18
1.2778175e-18
3.5126488e-18
1.8782136e-18
6.4502959e-19
3.2185702e-19
3.7543315e-19
1.9812125e-19
6.6600541e-20
3.2794071e-20
9.1235686e-20
4.7755939e-20
1.584257e-20
7.7370479e-21
1.0185712e-16
6.0325226e-17
2.4469195e-17
1.3540222e-17
2.7202456e-17
1.5982921e-17
6.3993695e-18
3.5126488e-18
3.0475393e-18
1.7676083e-18
6.9298293e-19
3.7543315e-19
7.6250377e-19
4.3873536e-19
1.6977587e-19
9.1235686e-20
0.00012456199
0.00012452508
0.00012440361
0.00012426251
6.8323626e-05
6.8299672e-05
6.822176e-05
6.8132213e-05
2.4695686e-05
2.4684381e-05
2.4648308e-05
2.4607558e-05
1.2797064e-05
1.279018e-05
1.2768471e-05
1.2744209e-05
0.00012426251
0.00012403854
0.00012339632
0.00012273825
6.8132213e-05
6.7991298e-05
6.7591927e-05
6.718709e-05
2.4607558e-05
2.4544317e-05
2.4368445e-05
2.4193252e-05
1.2744209e-05
1.2706877e-05
1.2604264e-05
1.2503146e-05
1.2744209e-05
1.2706877e-05
1.2604264e-05
1.2503146e-05
6.4571602e-06
6.4356556e-06
6.3772329e-06
6.3202799e-06
2.0514299e-06
2.0430667e-06
2.0207708e-06
1.9994131e-06
9.8116699e-07
9.7664945e-07
9.6474541e-07
9.5346525e-07
1.2797064e-05
1.279018e-05
1.2768471e-05
1.2744209e-05
6.4880965e-06
6.484006e-06
6.4712571e-06
6.4571602e-06
2.0637773e-06
2.0621044e-06
2.056989e-06
2.0514299e-06
9.8794495e-07
9.8701279e-07
9.8419573e-07
9.8116699e-07
0.00012273825
0.00012179369
0.00011943083
0.00011729799
6.718709e-05
6.6610981e-05
6.5186426e-05
6.391448e-05
2.4193252e-05
2.3947382e-05
2.3350707e-05
2.2827269e-05
1.2503146e-05
1.2362449e-05
1.2024933e-05
1.1732061e-05
0.00011729799
0.00011452957
0.0001084799
0.0001036759
6.391448e-05
6.2277625e-05
5.8741532e-05
5.5964284e-05
2.2827269e-05
2.216296e-05
2.0754246e-05
1.9667394e-05
1.1732061e-05
1.1363548e-05
1.0590992e-05
1.0001489e-05
1.1732061e-05
1.1363548e-05
1.0590992e-05
1.0001489e-05
5.8955002e-06
5.6960153e-06
5.2825731e-06
4.9705582e-06
1.8457067e-06
1.7755499e-06
1.6328121e-06
1.5270012e-06
8.7404903e-07
8.3843657e-07
7.6680393e-07
7.1428743e-07
1.2503146e-05
1.2362449e-05
1.2024933e-05
1.1732061e-05
6.3202799e-06
6.2417126e-06
6.0554068e-06
5.8955002e-06
1.9994131e-06
1.9703567e-06
1.9027313e-06
1.8457067e-06
9.5346525e-07
9.3825022e-07
9.0324522e-07
8.7404903e-07
9.5346525e-07
9.3825022e-07
9.0324522e-07
8.7404903e-07
4.4461018e-07
4.3683694e-07
4.1915815e-07
4.0457377e-07
1.2336752e-07
1.2087891e-07
1.1532349e-07
1.1082114e-07
5.4232878e-08
5.3041117e-08
5.0411134e-08
4.8302974e-08
8.7404903e-07
8.3843657e-07
7.6680393e-07
7.1428743e-07
4.0457377e-07
3.8693644e-07
3.5186242e-07
3.2643167e-07
1.1082114e-07
1.0545147e-07
9.4968356e-08
8.7502665e-08
4.8302974e-08
4.5810211e-08
4.0998732e-08
3.7610011e-08
4.8302974e-08
4.5810211e-08
4.0998732e-08
3.7610011e-08
2.0572757e-08
1.9443859e-08
1.7289533e-08
1.5789013e-08
4.9225321e-09
4.6252395e-09
4.0682382e-09
3.6872011e-09
1.9728579e-09
1.8466966e-09
1.6129912e-09
1.4548876e-09
5.4232878e-08
5.3041117e-08
5.0411134e-08
4.8302974e-08
2.3307069e-08
2.2750318e-08
2.1535716e-08
2.0572757e-08
5.6640258e-09
5.5098446e-09
5.1796746e-09
4.9225321e-09
2.293306e-09
2.225811e-09
2.0829222e-09
1.9728579e-09
9.8794495e-07
9.8701279e-07
9.8419573e-07
9.8116699e-07
4.6263511e-07
4.6212834e-07
4.6061472e-07
4.5900474e-07
1.293596e-07
1.2918019e-07
1.2865441e-07
1.281048e-07
5.7170778e-08
5.707935e-08
5.6814539e-08
5.6540688e-08
9.8116699e-07
9.7664945e-07
9.6474541e-07
9.5346525e-07
4.5900474e-07
4.566239e-07
4.5042285e-07
4.4461018e-07
1.281048e-07
1.2730326e-07
1.2525451e-07
1.2336752e-07
5.6540688e-08
5.6144724e-08
5.5144323e-08
5.4232878e-08
5.6540688e-08
5.6144724e-08
5.5144323e-08
5.4232878e-08
2.4403904e-08
2.4213083e-08
2.3736539e-08
2.3307069e-08
5.9763901e-09
5.9208205e-09
5.7846237e-09
5.6640258e-09
2.4324453e-09
2.407351e-09
2.3465549e-09
2.293306e-09
5.7170778e-08
5.707935e-08
5.6814539e-08
5.6540688e-08
2.4712578e-08
2.4667127e-08
2.4537016e-08
2.4403904e-08
6.0687118e-09
6.0547931e-09
6.0156966e-09
5.9763901e-09
2.4748335e-09
2.4683496e-09
2.4503487e-09
2.4324453e-09
0.0001036759
9.8037007e-05
8.7258173e-05
7.9738364e-05
5.5964284e-05
5.2732256e-05
4.6624019e-05
4.2409769e-05
1.9667394e-05
1.8420028e-05
1.6105535e-05
1.4537213e-05
1.0001489e-05
9.3307112e-06
8.1001167e-06
7.2754993e-06
7.9738364e-05
7.1756272e-05
5.8391448e-05
5.0211123e-05
4.2409769e-05
3.7974709e-05
3.0631944e-05
2.6187824e-05
1.4537213e-05
1.29095e-05
1.0263189e-05
8.6904377e-06
7.2754993e-06
6.4269753e-06
5.062856e-06
4.261217e-06
7.2754993e-06
6.4269753e-06
5.062856e-06
4.261217e-06
3.5569747e-06
3.125332e-06
2.4391458e-06
2.0404224e-06
1.0631734e-06
9.2589496e-07
7.1158203e-07
5.8930478e-07
4.8870087e-07
4.2321638e-07
3.2212247e-07
2.6509106e-07
1.0001489e-05
9.3307112e-06
8.1001167e-06
7.2754993e-06
4.9705582e-06
4.6185625e-06
3.9800752e-06
3.5569747e-06
1.5270012e-06
1.4092796e-06
1.1996187e-06
1.0631734e-06
7.1428743e-07
6.5635917e-07
5.5434941e-07
4.8870087e-07
5.0211123e-05
4.235878e-05
3.0826701e-05
2.4642349e-05
2.6187824e-05
2.1958376e-05
1.5815718e-05
1.2558768e-05
8.6904377e-06
7.2143192e-06
5.1087052e-06
4.0126196e-06
4.261217e-06
3.5152676e-06
2.4629606e-06
1.9213776e-06
2.4642349e-05
1.9273988e-05
1.2349242e-05
9.1000341e-06
1.2558768e-05
9.7557378e-06
6.1796791e-06
4.5208716e-06
4.0126196e-06
3.0823164e-06
1.9163989e-06
1.3855285e-06
1.9213776e-06
1.4656406e-06
9.0072507e-07
6.4644598e-07
1.9213776e-06
1.4656406e-06
9.0072507e-07
6.4644598e-07
8.9824308e-07
6.8038293e-07
4.1328077e-07
2.9442873e-07
2.4944705e-07
1.8678937e-07
1.1132092e-07
7.836003e-08
1.0949312e-07
8.1405593e-08
4.7944034e-08
3.3497271e-08
4.261217e-06
3.5152676e-06
2.4629606e-06
1.9213776e-06
2.0404224e-06
1.672572e-06
1.1593747e-06
8.9824308e-07
5.8930478e-07
4.7805258e-07
3.2560104e-07
2.4944705e-07
2.6509106e-07
2.1364569e-07
1.4392516e-07
1.0949312e-07
2.6509106e-07
2.1364569e-07
1.4392516e-07
1.0949312e-07
1.1642185e-07
9.3211483e-08
6.2102049e-08
4.6912981e-08
2.9220352e-08
2.3143554e-08
1.5142998e-08
1.1308402e-08
1.204856e-08
9.478679e-09
6.1323761e-09
4.5467878e-09
1.0949312e-07
8.1405593e-08
4.7944034e-08
3.3497271e-08
4.6912981e-08
3.4628664e-08
2.0153302e-08
1.3975408e-08
1.1308402e-08
8.2499418e-09
4.7091711e-09
3.2260112e-09
4.5467878e-09
3.2929461e-09
1.8571438e-09
1.2626323e-09
4.5467878e-09
3.2929461e-09
1.8571438e-09
1.2626323e-09
1.7841342e-09
1.2826897e-09
7.1470586e-10
4.8223271e-10
3.7290613e-10
2.6491471e-10
1.4473148e-10
9.6455083e-11
1.3725734e-10
9.6786913e-11
5.2235172e-11
3.4545665e-11
1.204856e-08
9.478679e-09
6.1323761e-09
4.5467878e-09
4.8493176e-09
3.7891082e-09
2.4237238e-09
1.7841342e-09
1.0564348e-09
8.1633108e-10
5.1257658e-10
3.7290613e-10
3.9901491e-10
3.0619398e-10
1.9005126e-10
1.3725734e-10
7.1428743e-07
6.5635917e-07
5.5434941e-07
4.8870087e-07
3.2643167e-07
2.9862027e-07
2.5019538e-07
2.193784e-07
8.7502665e-08
7.9450788e-08
6.5684575e-08
5.7081371e-08
3.7610011e-08
3.3986479e-08
2.7860788e-08
2.4075249e-08
4.8870087e-07
4.2321638e-07
3.2212247e-07
2.6509106e-07
2.193784e-07
1.8890137e-07
1.4237445e-07
1.1642185e-07
5.7081371e-08
4.8690518e-08
3.6110209e-08
2.9220352e-08
2.4075249e-08
2.0414729e-08
1.4987423e-08
1.204856e-08
2.4075249e-08
2.0414729e-08
1.4987423e-08
1.204856e-08
9.9141754e-09
8.3563468e-09
6.0722114e-09
4.8493176e-09
2.242508e-09
1.8715132e-09
1.3372579e-09
1.0564348e-09
8.6716411e-10
7.1921476e-10
5.08514e-10
3.9901491e-10
3.7610011e-08
3.3986479e-08
2.7860788e-08
2.4075249e-08
1.5789013e-08
1.4198243e-08
1.1539108e-08
9.9141754e-09
3.6872011e-09
3.2888224e-09
2.6349e-09
2.242508e-09
1.4548876e-09
1.2910024e-09
1.0249966e-09
8.6716411e-10
1.4548876e-09
1.2910024e-09
1.0249966e-09
8.6716411e-10
5.6057242e-10
4.9480991e-10
3.8926059e-10
3.2733538e-10
1.1389436e-10
9.9657439e-11
7.7217821e-11
6.4290722e-11
4.1223358e-11
3.5871339e-11
2.752965e-11
2.2778101e-11
8.6716411e-10
7.1921476e-10
5.08514e-10
3.9901491e-10
3.2733538e-10
2.6978431e-10
1.8872878e-10
1.4708182e-10
6.4290722e-11
5.2442578e-11
3.6052396e-11
2.7784859e-11
2.2778101e-11
1.846039e-11
1.2553286e-11
9.6074282e-12
2.2778101e-11
1.846039e-11
1.2553286e-11
9.6074282e-12
7.8766167e-12
6.3419433e-12
4.2654582e-12
3.241678e-12
1.3420063e-12
1.0690135e-12
7.061917e-13
5.3058637e-13
4.3539411e-13
3.4450909e-13
2.2504492e-13
1.6788241e-13
4.1223358e-11
3.5871339e-11
2.752965e-11
2.2778101e-11
1.4566938e-11
1.260458e-11
9.5800628e-12
7.8766167e-12
2.571959e-12
2.2048844e-12
1.6492622e-12
1.3420063e-12
8.5333329e-13
7.2726851e-13
5.3856857e-13
4.3539411e-13
3.9901491e-10
3.0619398e-10
1.9005126e-10
1.3725734e-10
1.4708182e-10
1.1208022e-10
6.8763006e-11
4.9297833e-11
2.7784859e-11
2.093244e-11
1.2601341e-11
8.9267401e-12
9.6074282e-12
7.1866845e-12
4.2756657e-12
3.0064149e-12
1.3725734e-10
9.6786913e-11
5.2235172e-11
3.4545665e-11
4.9297833e-11
3.4503981e-11
1.8394381e-11
1.2071841e-11
8.9267401e-12
6.1725342e-12
3.2256284e-12
2.0906114e-12
3.0064149e-12
2.063217e-12
1.0649187e-12
6.8486837e-13
3.0064149e-12
2.063217e-12
1.0649187e-12
6.8486837e-13
9.8789203e-13
6.7285013e-13
3.4299915e-13
2.1887996e-13
1.5486902e-13
1.0419077e-13
5.2051833e-14
3.2799303e-14
4.7705221e-14
3.1850235e-14
1.5713733e-14
9.8244239e-15
9.6074282e-12
7.1866845e-12
4.2756657e-12
3.0064149e-12
3.241678e-12
2.4075882e-12
1.4154981e-12
9.8789203e-13
5.3058637e-13
3.8949284e-13
2.2461736e-13
1.5486902e-13
1.6788241e-13
1.2234693e-13
6.9714662e-14
4.7705221e-14
1.6788241e-13
1.2234693e-13
6.9714662e-14
4.7705221e-14
5.1828454e-14
3.7495923e-14
2.1109555e-14
1.4336035e-14
7.3451277e-15
5.2510824e-15
2.8988432e-15
1.9445688e-15
2.125833e-15
1.5085708e-15
8.2271333e-16
5.4767748e-16
4.7705221e-14
3.1850235e-14
1.5713733e-14
9.8244239e-15
1.4336035e-14
9.4983191e-15
4.6276226e-15
2.8706249e-15
1.9445688e-15
1.2724245e-15
6.0741335e-16
3.7202291e-16
5.4767748e-16
3.5561276e-16
1.6762384e-16
1.0185712e-16
5.4767748e-16
3.5561276e-16
1.6762384e-16
1.0185712e-16
1.5047088e-16
9.6948e-17
4.5122141e-17
2.7202456e-17
1.7651274e-17
1.1230423e-17
5.1204419e-18
3.0475393e-18
4.5441848e-18
2.8687049e-18
1.2913846e-18
7.6250377e-19
2.125833e-15
1.5085708e-15
8.2271333e-16
5.4767748e-16
6.0024834e-16
4.2280481e-16
2.2777669e-16
1.5047088e-16
7.3614091e-17
5.1229233e-17
2.7055043e-17
1.7651274e-17
1.9481766e-17
1.3456176e-17
7.0192096e-18
4.5441848e-18
8.5333329e-13
7.2726851e-13
5.3856857e-13
4.3539411e-13
2.7636487e-13
2.3414046e-13
1.716378e-13
1.3784887e-13
4.2361234e-14
3.5539285e-14
2.5621463e-14
2.0357471e-14
1.2876014e-14
1.0736137e-14
7.6595792e-15
6.0451158e-15
4.3539411e-13
3.4450909e-13
2.2504492e-13
1.6788241e-13
1.3784887e-13
1.0833924e-13
6.9975888e-14
5.1828454e-14
2.0357471e-14
1.5823614e-14
1.0033659e-14
7.3451277e-15
6.0451158e-15
4.666479e-15
2.9251695e-15
2.125833e-15
6.0451158e-15
4.666479e-15
2.9251695e-15
2.125833e-15
1.751567e-15
1.3427408e-15
8.3201498e-16
6.0024834e-16
2.2405381e-16
1.6981953e-16
1.0326117e-16
7.3614091e-17
6.0870992e-17
4.5811247e-17
2.7531064e-17
1.9481766e-17
1.2876014e-14
1.0736137e-14
7.6595792e-15
6.0451158e-15
3.8197892e-15
3.1651891e-15
2.2344567e-15
1.751567e-15
5.0785305e-16
4.1653596e-16
2.8900988e-16
2.2405381e-16
1.4134737e-16
1.1519e-16
7.9063573e-17
6.0870992e-17
2.4748335e-09
2.4683496e-09
2.4503487e-09
2.4324453e-09
9.8697226e-10
9.8402601e-10
9.7594153e-10
9.679873e-10
2.1269393e-10
2.1191398e-10
2.0981383e-10
2.0778337e-10
7.9996542e-11
7.9664521e-11
7.878087e-11
7.7935743e-11
2.4324453e-09
2.407351e-09
2.3465549e-09
2.293306e-09
9.679873e-10
9.5693355e-10
9.3046175e-10
9.075279e-10
2.0778337e-10
2.0500065e-10
1.9846e-10
1.9289285e-10
7.7935743e-11
7.6787415e-11
7.411931e-11
7.1873041e-11
7.7935743e-11
7.6787415e-11
7.411931e-11
7.1873041e-11
2.8576349e-11
2.8114157e-11
2.7052588e-11
2.6168593e-11
5.3709446e-12
5.270409e-12
5.0437626e-12
4.8583479e-12
1.8553054e-12
1.8174041e-12
1.7329376e-12
1.664592e-12
7.9996542e-11
7.9664521e-11
7.878087e-11
7.7935743e-11
2.9419932e-11
2.9282078e-11
2.8919439e-11
2.8576349e-11
5.5595525e-12
5.52802e-12
5.446618e-12
5.3709446e-12
1.9276338e-12
1.9153709e-12
1.88408e-12
1.8553054e-12
2.293306e-09
2.225811e-09
2.0829222e-09
1.9728579e-09
9.075279e-10
8.7870705e-10
8.1838754e-10
7.7243448e-10
1.9289285e-10
1.8599322e-10
1.7181781e-10
1.6120991e-10
7.1873041e-11
6.9112945e-11
6.3506733e-11
5.9357573e-11
1.9728579e-09
1.8466966e-09
1.6129912e-09
1.4548876e-09
7.7243448e-10
7.2021134e-10
6.2456228e-10
5.6057242e-10
1.6120991e-10
1.4932102e-10
1.2794142e-10
1.1389436e-10
5.9357573e-11
5.4747145e-11
4.6549564e-11
4.1223358e-11
5.9357573e-11
5.4747145e-11
4.6549564e-11
4.1223358e-11
2.1346236e-11
1.9602422e-11
1.6536681e-11
1.4566938e-11
3.8807209e-12
3.5377029e-12
2.945572e-12
2.571959e-12
1.3116958e-12
1.1901739e-12
9.827506e-13
8.5333329e-13
7.1873041e-11
6.9112945e-11
6.3506733e-11
5.9357573e-11
2.6168593e-11
2.5091677e-11
2.2929123e-11
2.1346236e-11
4.8583479e-12
4.6355871e-12
4.1964418e-12
3.8807209e-12
1.664592e-12
1.5831825e-12
1.4245122e-12
1.3116958e-12
1.664592e-12
1.5831825e-12
1.4245122e-12
1.3116958e-12
5.5718499e-13
5.2816873e-13
4.7225509e-13
4.3293895e-13
9.0244575e-14
8.5060542e-14
7.5253157e-14
6.847997e-14
2.8410765e-14
2.6680372e-14
2.344371e-14
2.1233148e-14
1.3116958e-12
1.1901739e-12
9.827506e-13
8.5333329e-13
4.3293895e-13
3.9095118e-13
3.2008616e-13
2.7636487e-13
6.847997e-14
6.1346376e-14
4.9523896e-14
4.2361234e-14
2.1233148e-14
1.8924876e-14
1.5142149e-14
1.2876014e-14
2.1233148e-14
1.8924876e-14
1.5142149e-14
1.2876014e-14
6.4277524e-15
5.6993477e-15
4.5189932e-15
3.8197892e-15
8.8364914e-16
7.7679548e-16
6.0675765e-16
5.0785305e-16
2.511809e-16
2.1960689e-16
1.6992258e-16
1.4134737e-16
2.8410765e-14
2.6680372e-14
2.344371e-14
2.1233148e-14
8.7363505e-15
8.173065e-15
7.1313414e-15
6.4277524e-15
1.2329776e-15
1.1460844e-15
9.8830714e-16
8.8364914e-16
3.5641111e-16
3.299246e-16
2.8237294e-16
2.511809e-16
1.9276338e-12
1.9153709e-12
1.88408e-12
1.8553054e-12
6.5344481e-13
6.4879372e-13
6.3706265e-13
6.2639168e-13
1.0820182e-13
1.0728293e-13
1.050084e-13
1.0297554e-13
3.4569106e-14
3.4242716e-14
3.3444111e-14
3.2738095e-14
1.8553054e-12
1.8174041e-12
1.7329376e-12
1.664592e-12
6.2639168e-13
6.1245629e-13
5.8175516e-13
5.5718499e-13
1.0297554e-13
1.0035744e-13
9.4695713e-14
9.0244575e-14
3.2738095e-14
3.1836604e-14
2.9909342e-14
2.8410765e-14
3.2738095e-14
3.1836604e-14
2.9909342e-14
2.8410765e-14
1.0170904e-14
9.8681824e-15
9.2283829e-15
8.7363505e-15
1.4609298e-15
1.411823e-15
1.3099416e-15
1.2329776e-15
4.271857e-16
4.1174457e-16
3.8007342e-16
3.5641111e-16
3.4569106e-14
3.4242716e-14
3.3444111e-14
3.2738095e-14
1.0796546e-14
1.0683484e-14
1.041003e-14
1.0170904e-14
1.5653318e-15
1.5460451e-15
1.5002632e-15
1.4609298e-15
4.605958e-16
4.5433988e-16
4.3966039e-16
4.271857e-16
0.00012456199
6.8323626e-05
2.4695686e-05
1.2797064e-05
8.6175591e-05
4.6641596e-05
1.6497286e-05
8.434667e-06
4.6649739e-05
2.470746e-05
8.4370261e-06
4.2206016e-06
3.1578829e-05
1.6502216e-05
5.5135993e-06
2.7211426e-06
1.2797064e-05
6.4880965e-06
2.0637773e-06
9.8794495e-07
8.434667e-06
4.2191951e-06
1.3130969e-06
6.2015232e-07
4.2206016e-06
2.065602e-06
6.204758e-07
2.866798e-07
2.7211426e-06
1.3138418e-06
3.860864e-07
1.7597494e-07
2.7211426e-06
1.3138418e-06
3.860864e-07
1.7597494e-07
1.7397123e-06
8.286644e-07
2.3821404e-07
1.0710698e-07
8.2871203e-07
3.8614968e-07
1.0711718e-07
4.7110754e-08
5.1828669e-07
2.3823768e-07
6.4644006e-08
2.8044871e-08
3.1578829e-05
1.6502216e-05
5.5135993e-06
2.7211426e-06
2.1199745e-05
1.0930323e-05
3.5730608e-06
1.7397123e-06
1.0930631e-05
5.5140503e-06
1.7397945e-06
8.2871203e-07
7.1796822e-06
3.5732354e-06
1.1029743e-06
5.1828669e-07
9.8794495e-07
4.6263511e-07
1.293596e-07
5.7170778e-08
6.2015232e-07
2.8650329e-07
7.8374465e-08
3.4171613e-08
2.866798e-07
1.2956485e-07
3.4203769e-08
1.4588193e-08
1.7597494e-07
7.8456173e-08
2.0259601e-08
8.5237053e-09
5.7170778e-08
2.4712578e-08
6.0687118e-09
2.4748335e-09
3.4171613e-08
1.4572147e-08
3.5008951e-09
1.4084639e-09
1.4588193e-08
6.0854265e-09
1.410776e-09
5.5520235e-10
8.5237053e-09
3.507385e-09
7.9531843e-10
3.0873962e-10
8.5237053e-09
3.507385e-09
7.9531843e-10
3.0873962e-10
4.9377599e-09
2.0041886e-09
4.4449394e-10
1.7020058e-10
2.0046375e-09
7.9579976e-10
1.7026113e-10
6.3760417e-11
1.1356159e-09
4.4466392e-10
9.3041552e-11
3.4366262e-11
1.7597494e-07
7.8456173e-08
2.0259601e-08
8.5237053e-09
1.0710698e-07
4.7105335e-08
1.1897992e-08
4.9377599e-09
4.7110754e-08
2.026608e-08
4.9386826e-09
2.0046375e-09
2.8044871e-08
1.1900342e-08
2.8364061e-09
1.1356159e-09
2.8044871e-08
1.1900342e-08
2.8364061e-09
1.1356159e-09
1.6554202e-08
6.9289059e-09
1.615221e-09
6.3786338e-10
6.9290298e-09
2.8365545e-09
6.3788256e-10
2.4636036e-10
4.0002709e-09
1.6152711e-09
3.5524933e-10
1.3532689e-10
1.1356159e-09
4.4466392e-10
9.3041552e-11
3.4366262e-11
6.3786338e-10
2.4635132e-10
5.0410836e-11
1.8365084e-11
2.4636036e-10
9.3051438e-11
1.8366212e-11
6.543232e-12
1.3532689e-10
5.0414036e-11
9.7309058e-12
3.4192283e-12
1.3532689e-10
5.0414036e-11
9.7309058e-12
3.4192283e-12
7.370505e-11
2.7081706e-11
5.1118412e-12
1.7715396e-12
2.708186e-11
9.7310624e-12
1.7715557e-12
6.0035957e-13
1.4424379e-11
5.1118913e-12
9.1004424e-13
3.0416557e-13
4.0002709e-09
1.6152711e-09
3.5524933e-10
1.3532689e-10
2.2899247e-09
9.120322e-10
1.9616864e-10
7.370505e-11
9.1203532e-10
3.5525236e-10
7.3705408e-11
2.708186e-11
5.1060414e-10
1.9616976e-10
3.9802488e-11
1.4424379e-11
7.1796822e-06
3.5732354e-06
1.1029743e-06
5.1828669e-07
4.6766848e-06
2.2962382e-06
6.9340135e-07
3.2142607e-07
2.2962494e-06
1.1029887e-06
3.2142847e-07
1.4574946e-07
1.463302e-06
6.9340714e-07
1.9766777e-07
8.8416515e-08
5.1828669e-07
2.3823768e-07
6.4644006e-08
2.8044871e-08
3.2142607e-07
1.4574815e-07
3.8683421e-08
1.6554202e-08
1.4574946e-07
6.4645666e-08
1.6554446e-08
6.9290298e-09
8.8416515e-08
3.8684021e-08
9.689182e-09
4.0002709e-09
8.8416515e-08
3.8684021e-08
9.689182e-09
4.0002709e-09
5.3185463e-08
2.2953633e-08
5.6231422e-09
2.2899247e-09
2.2953691e-08
9.6892333e-09
2.2899317e-09
9.1203532e-10
1.3505071e-08
5.6231656e-09
1.2997701e-09
5.1060414e-10
1.463302e-06
6.9340714e-07
1.9766777e-07
8.8416515e-08
9.2470906e-07
4.3226974e-07
1.2053865e-07
5.3185463e-08
4.3227069e-07
1.9766856e-07
5.318559e-08
2.2953691e-08
2.6721914e-07
1.2053908e-07
3.1723661e-08
1.3505071e-08
2.4748335e-09
9.8697226e-10
2.1269393e-10
7.9996542e-11
1.4084639e-09
5.5414773e-10
1.1683548e-10
4.3353931e-11
5.5520235e-10
2.1367777e-10
4.3473984e-11
1.5780655e-11
3.0873962e-10
1.1720803e-10
2.3324461e-11
8.3515287e-12
7.9996542e-11
2.9419932e-11
5.5595525e-12
1.9276338e-12
4.3353931e-11
1.5730617e-11
2.9086851e-12
9.95084e-13
1.5780655e-11
5.6013549e-12
9.9958049e-13
3.3455357e-13
8.3515287e-12
2.9241217e-12
5.1041056e-13
1.6851601e-13
8.3515287e-12
2.9241217e-12
5.1041056e-13
1.6851601e-13
4.3809912e-12
1.513012e-12
2.5830227e-13
8.4119584e-14
1.5141791e-12
5.1141357e-13
8.4217804e-14
2.6822558e-14
7.7641261e-13
2.5863875e-13
4.1650873e-14
1.3083503e-14
3.0873962e-10
1.1720803e-10
2.3324461e-11
8.3515287e-12
1.7020058e-10
6.3733484e-11
1.2404474e-11
4.3809912e-12
6.3760417e-11
2.3350322e-11
4.3838624e-12
1.5141791e-12
3.4366262e-11
1.2413373e-11
2.2791044e-12
7.7641261e-13
1.9276338e-12
6.5344481e-13
1.0820182e-13
3.4569106e-14
9.95084e-13
3.3284151e-13
5.393912e-14
1.7005838e-14
3.3455357e-13
1.094827e-13
1.7127208e-14
5.2837168e-15
1.6851601e-13
5.4400322e-14
8.3249648e-15
2.5336115e-15
3.4569106e-14
1.0796546e-14
1.5653318e-15
4.605958e-16
1.7005838e-14
5.2415101e-15
7.4394753e-16
2.1606324e-16
5.2837168e-15
1.5936134e-15
2.1842252e-16
6.208722e-17
2.5336115e-15
7.5387588e-16
1.0109344e-16
2.835188e-17
2.5336115e-15
7.5387588e-16
1.0109344e-16
2.835188e-17
1.2036628e-15
3.5329898e-16
4.6345213e-17
1.2822438e-17
3.5411995e-16
1.0165837e-16
1.2865399e-17
3.4815757e-18
1.6431839e-16
4.6525348e-17
5.758206e-18
1.5369587e-18
1.6851601e-13
5.4400322e-14
8.3249648e-15
2.5336115e-15
8.4119584e-14
2.6786087e-14
4.0093896e-15
1.2036628e-15
2.6822558e-14
8.3530108e-15
1.2060838e-15
3.5411995e-16
1.3083503e-14
4.0185626e-15
5.6742106e-16
1.6431839e-16
1.3083503e-14
4.0185626e-15
5.6742106e-16
1.6431839e-16
6.3265986e-15
1.9165047e-15
2.6462124e-16
7.5578637e-17
1.9170521e-15
5.6785461e-16
7.5612647e-17
2.1116838e-17
9.0626979e-16
2.6475001e-16
3.4469994e-17
9.4939462e-18
1.6431839e-16
4.6525348e-17
5.758206e-18
1.5369587e-18
7.5578637e-17
2.1105593e-17
2.5543693e-18
6.7245131e-19
2.1116838e-17
5.766171e-18
6.7300218e-19
1.7324392e-19
9.4939462e-18
2.5566752e-18
2.9177429e-19
7.4072696e-20
9.4939462e-18
2.5566752e-18
2.9177429e-19
7.4072696e-20
4.2316494e-18
1.1238365e-18
1.2540275e-19
3.1396458e-20
1.1239447e-18
2.9185334e-19
3.1401415e-20
7.6867605e-21
4.8978269e-19
1.2542349e-19
1.31941e-20
3.1851159e-21
9.0626979e-16
2.6475001e-16
3.4469994e-17
9.4939462e-18
4.2475897e-16
1.2237485e-16
1.5578945e-17
4.2316494e-18
1.2238064e-16
3.4474719e-17
4.2319849e-18
1.1239447e-18
5.6081781e-17
1.5580218e-17
1.8700143e-18
4.8978269e-19
3.4366262e-11
1.2413373e-11
2.2791044e-12
7.7641261e-13
1.8365084e-11
6.542744e-12
1.1747183e-12
3.9469597e-13
6.543232e-12
2.279586e-12
3.9474449e-13
1.2969586e-13
3.4192283e-12
1.1748692e-12
1.989433e-13
6.4465472e-14
7.7641261e-13
2.5863875e-13
4.1650873e-14
1.3083503e-14
3.9469597e-13
1.2967665e-13
2.0420987e-14
6.3265986e-15
1.2969586e-13
4.1667879e-14
6.3281108e-15
1.9170521e-15
6.4465472e-14
2.0426171e-14
3.0333342e-15
9.0626979e-16
6.4465472e-14
2.0426171e-14
3.0333342e-15
9.0626979e-16
3.1768954e-14
9.9275884e-15
1.4415569e-15
4.2475897e-16
9.927815e-15
3.0335389e-15
4.2477542e-16
1.2238064e-16
4.7838664e-15
1.4416139e-15
1.9737953e-16
5.6081781e-17
3.4192283e-12
1.1748692e-12
1.989433e-13
6.4465472e-14
1.7715396e-12
6.0035292e-13
9.9407853e-14
3.1768954e-14
6.0035957e-13
1.9894981e-13
3.1769546e-14
9.927815e-15
3.0416557e-13
9.9409758e-14
1.5522407e-14
4.7838664e-15
3.0416557e-13
9.9409758e-14
1.5522407e-14
4.7838664e-15
1.5278907e-13
4.9248796e-14
7.5194201e-15
2.2854902e-15
4.9248908e-14
1.5522489e-14
2.285497e-15
6.7923898e-16
2.4190393e-14
7.519448e-15
1.0825668e-15
3.1729725e-16
4.7838664e-15
1.4416139e-15
1.9737953e-16
5.6081781e-17
2.2854902e-15
6.7923667e-16
9.0931455e-17
2.547992e-17
6.7923898e-16
1.9738142e-16
2.5480055e-17
6.9809451e-18
3.1729725e-16
9.0931976e-17
1.1477376e-17
3.1011016e-18
3.1729725e-16
9.0931976e-17
1.1477376e-17
3.1011016e-18
1.4695401e-16
4.1533316e-17
5.1256827e-18
1.365787e-18
4.1533371e-17
1.1477402e-17
1.3657887e-18
3.5582395e-19
1.8808136e-17
5.125693e-18
5.9636871e-19
1.5322176e-19
2.4190393e-14
7.519448e-15
1.0825668e-15
3.1729725e-16
1.1780616e-14
3.6114961e-15
5.0839594e-16
1.4695401e-16
3.6115019e-15
1.0825695e-15
1.4695421e-16
4.1533371e-17
1.7197464e-15
5.0839719e-16
6.7478828e-17
1.8808136e-17
5.6081781e-17
1.5580218e-17
1.8700143e-18
4.8978269e-19
2.547992e-17
6.9809002e-18
8.1923292e-19
2.1160281e-19
6.9809451e-18
1.8700508e-18
2.1160513e-19
5.343874e-20
3.1011016e-18
8.1924198e-19
9.0636323e-20
2.2572693e-20
4.8978269e-19
1.2542349e-19
1.31941e-20
3.1851159e-21
2.1160281e-19
5.3438017e-20
5.4962153e-21
1.3084526e-21
5.343874e-20
1.3194646e-20
1.3084833e-21
3.0455601e-22
2.2572693e-20
5.4963442e-21
5.3290472e-22
1.2231864e-22
2.2572693e-20
5.4963442e-21
5.3290472e-22
1.2231864e-22
9.4530154e-21
2.2699094e-21
2.1517268e-22
4.8704935e-23
2.2699129e-21
5.3290725e-22
4.8705055e-23
1.0778454e-23
9.2939745e-22
2.1517322e-22
1.9226865e-23
4.1959528e-24
3.1011016e-18
8.1924198e-19
9.0636323e-20
2.2572693e-20
1.365787e-18
3.5582352e-19
3.8489265e-20
9.4530154e-21
3.5582395e-19
9.0636569e-20
9.4530286e-21
2.2699129e-21
1.5322176e-19
3.8489336e-20
3.9247954e-21
9.2939745e-22
1.5322176e-19
3.8489336e-20
3.9247954e-21
9.2939745e-22
6.5413582e-20
1.6204596e-20
1.6155553e-21
3.7726916e-22
1.6204613e-20
3.9248006e-21
3.7726941e-22
8.6135353e-23
6.7638901e-21
1.6155576e-21
1.5183025e-22
3.4184574e-23
9.2939745e-22
2.1517322e-22
1.9226865e-23
4.1959528e-24
3.7726916e-22
8.6135307e-23
7.5248444e-24
1.6194154e-24
8.6135353e-23
1.9226878e-23
1.6194157e-24
3.4072928e-25
3.4184574e-23
7.524849e-24
6.1963938e-25
1.28566e-25
3.4184574e-23
7.524849e-24
6.1963938e-25
1.28566e-25
1.3450363e-23
2.9197177e-24
2.3505642e-25
4.8094384e-26
2.9197201e-24
6.1963992e-25
4.8094401e-26
9.6205883e-27
1.1231501e-24
2.3505667e-25
1.7836669e-26
3.5184682e-27
6.7638901e-21
1.6155576e-21
1.5183025e-22
3.4184574e-23
2.7990696e-21
6.5930345e-22
6.0578878e-23
1.3450363e-23
6.5930437e-22
1.5183053e-22
1.3450377e-23
2.9197201e-24
2.6675112e-22
6.0579e-23
5.2467794e-24
1.1231501e-24
1.7197464e-15
5.0839719e-16
6.7478828e-17
1.8808136e-17
8.1192352e-16
2.3671334e-16
3.0720081e-17
8.4442678e-18
2.367138e-16
6.7479016e-17
8.4442814e-18
2.26949e-18
1.0927336e-16
3.0720171e-17
3.7587689e-18
9.9625025e-19
1.8808136e-17
5.125693e-18
5.9636871e-19
1.5322176e-19
8.4442678e-18
2.2694866e-18
2.5817239e-19
6.5413582e-20
2.26949e-18
5.9636995e-19
6.5413657e-20
1.6204613e-20
9.9625025e-19
2.5817296e-19
2.7687089e-20
6.7638901e-21
9.9625025e-19
2.5817296e-19
2.7687089e-20
6.7638901e-21
4.3358356e-19
1.1080733e-19
1.1618411e-20
2.7990696e-21
1.1080754e-19
2.7687164e-20
2.7990739e-21
6.5930437e-22
4.7150796e-20
1.1618444e-20
1.1483919e-21
2.6675112e-22
1.0927336e-16
3.0720171e-17
3.7587689e-18
9.9625025e-19
5.0012096e-17
1.386586e-17
1.6588009e-18
4.3358356e-19
1.3865893e-17
3.7587818e-18
4.3358444e-19
1.1080754e-19
6.2049508e-18
1.6588069e-18
1.8708604e-19
4.7150796e-20
2.6721914e-07
1.2053908e-07
3.1723661e-08
1.3505071e-08
1.6380261e-07
7.2887608e-08
1.8762875e-08
7.8788535e-09
7.2887772e-08
3.1723773e-08
7.8788706e-09
3.2358651e-09
4.3703138e-08
1.8762943e-08
4.5577348e-09
1.8463477e-09
1.3505071e-08
5.6231656e-09
1.2997701e-09
5.1060414e-10
7.8788535e-09
3.2358582e-09
7.3151082e-10
2.8344141e-10
3.2358651e-09
1.2997744e-09
2.8344199e-10
1.0740652e-10
1.8463477e-09
7.3151331e-10
1.5600812e-10
5.8308085e-11
1.8463477e-09
7.3151331e-10
1.5600812e-10
5.8308085e-11
1.0445962e-09
4.0821063e-10
8.5139686e-11
3.1385233e-11
4.0821162e-10
1.560087e-10
3.1385304e-11
1.1314191e-11
2.2586709e-10
8.5140017e-11
1.6750176e-11
5.9555226e-12
4.3703138e-08
1.8762943e-08
4.5577348e-09
1.8463477e-09
2.5983601e-08
1.1003752e-08
2.614269e-09
1.0445962e-09
1.100378e-08
4.5577532e-09
1.0445988e-09
4.0821162e-10
6.398858e-09
2.61428e-09
5.859949e-10
2.2586709e-10
5.1060414e-10
1.9616976e-10
3.9802488e-11
1.4424379e-11
2.8344141e-10
1.074063e-10
2.1311701e-11
7.6174494e-12
1.0740652e-10
3.9802621e-11
7.6174644e-12
2.6625309e-12
5.8308085e-11
2.1311769e-11
3.9885491e-12
1.3749787e-12
1.4424379e-11
5.1118913e-12
9.1004424e-13
3.0416557e-13
7.6174494e-12
2.6625256e-12
4.6350718e-13
1.5278907e-13
2.6625309e-12
9.1004766e-13
1.527894e-13
4.9248908e-14
1.3749787e-12
4.6350864e-13
7.6095264e-14
2.4190393e-14
1.3749787e-12
4.6350864e-13
7.6095264e-14
2.4190393e-14
7.0401982e-13
2.3406502e-13
3.7575353e-14
1.1780616e-14
2.3406547e-13
7.6095485e-14
1.1780636e-14
3.6115019e-15
1.1719242e-13
3.7575466e-14
5.6881529e-15
1.7197464e-15
5.8308085e-11
2.1311769e-11
3.9885491e-12
1.3749787e-12
3.1385233e-11
1.1314166e-11
2.0706649e-12
7.0401982e-13
1.1314191e-11
3.9885624e-12
7.0402123e-13
2.3406547e-13
5.9555226e-12
2.0706721e-12
3.5740505e-13
1.1719242e-13
5.9555226e-12
2.0706721e-12
3.5740505e-13
1.1719242e-13
3.1081913e-12
1.0658472e-12
1.7989539e-13
5.8175971e-14
1.0658499e-12
3.5740645e-13
5.8176109e-14
1.8396301e-14
5.4395965e-13
1.7989612e-13
2.8633166e-14
8.9296404e-15
1.1719242e-13
3.7575466e-14
5.6881529e-15
1.7197464e-15
5.8175971e-14
1.8396259e-14
2.7230145e-15
8.1192352e-16
1.8396301e-14
5.6881723e-15
8.1192516e-16
2.367138e-16
8.9296404e-15
2.7230243e-15
3.800491e-16
1.0927336e-16
8.9296404e-15
2.7230243e-15
3.800491e-16
1.0927336e-16
4.2974853e-15
1.2924245e-15
1.7637427e-16
5.0012096e-17
1.292428e-15
3.8005065e-16
5.0012218e-17
1.3865893e-17
6.0818231e-16
1.7637502e-16
2.2693728e-17
6.2049508e-18
5.4395965e-13
1.7989612e-13
2.8633166e-14
8.9296404e-15
2.7524706e-13
8.9776796e-14
1.397247e-14
4.2974853e-15
8.9777065e-14
2.8633297e-14
4.2974973e-15
1.292428e-15
4.4421085e-14
1.3972537e-14
2.0505567e-15
6.0818231e-16
6.398858e-09
2.61428e-09
5.859949e-10
2.2586709e-10
3.6896136e-09
1.486849e-09
3.2594558e-10
1.2391497e-10
1.4868534e-09
5.8599763e-10
1.2391532e-10
4.6070145e-11
8.384822e-10
3.2594715e-10
6.7405741e-11
2.471735e-11
2.2586709e-10
8.5140017e-11
1.6750176e-11
5.9555226e-12
1.2391497e-10
4.6070016e-11
8.8635333e-12
3.1081913e-12
4.6070145e-11
1.6750249e-11
3.1081995e-12
1.0658499e-12
2.471735e-11
8.8635733e-12
1.6083721e-12
5.4395965e-13
2.471735e-11
8.8635733e-12
1.6083721e-12
5.4395965e-13
1.3148612e-11
4.6503863e-12
8.2518659e-13
2.7524706e-13
4.6504013e-12
1.6083801e-12
2.7524791e-13
8.9777065e-14
2.4191427e-12
8.2519088e-13
1.3809053e-13
4.4421085e-14
8.384822e-10
3.2594715e-10
6.7405741e-11
2.471735e-11
4.6884356e-10
1.7976417e-10
3.6355296e-11
1.3148612e-11
1.7976478e-10
6.7406098e-11
1.3148655e-11
4.6504013e-12
9.8302134e-11
3.6355495e-11
6.9351065e-12
2.4191427e-12
9.8302134e-11
3.6355495e-11
6.9351065e-12
2.4191427e-12
5.3299635e-11
1.9441985e-11
3.6267677e-12
1.2477413e-12
1.944226e-11
6.9352668e-12
1.2477596e-12
4.1977443e-13
1.03089e-11
3.6268526e-12
6.3808936e-13
2.1171714e-13
2.4191427e-12
8.2519088e-13
1.3809053e-13
4.4421085e-14
1.2477413e-12
4.1976819e-13
6.868932e-14
2.179195e-14
4.1977443e-13
1.3809388e-13
2.1792284e-14
6.7603147e-15
2.1171714e-13
6.869101e-14
1.0599575e-14
3.2428621e-15
2.1171714e-13
6.869101e-14
1.0599575e-14
3.2428621e-15
1.0587157e-13
3.3877105e-14
5.1115368e-15
1.5422874e-15
3.3877622e-14
1.0599843e-14
1.5423121e-15
4.5502086e-16
1.6565276e-14
5.1116653e-15
7.2724899e-16
2.1159767e-16
1.03089e-11
3.6268526e-12
6.3808936e-13
2.1171714e-13
5.4196469e-12
1.8805583e-12
3.2353248e-13
1.0587157e-13
1.880584e-12
6.3810425e-13
1.0587315e-13
3.3877622e-14
9.6680197e-13
3.2353975e-13
5.2491713e-14
1.6565276e-14
4.4421085e-14
1.3972537e-14
2.0505567e-15
6.0818231e-16
2.179195e-14
6.76021e-15
9.7007589e-16
2.8375081e-16
6.7603147e-15
2.0506083e-15
2.8375532e-16
8.1154716e-17
3.2428621e-15
9.7010072e-16
1.3125592e-16
3.7021438e-17
6.0818231e-16
1.7637502e-16
2.2693728e-17
6.2049508e-18
2.8375081e-16
8.1153416e-17
1.020956e-17
2.7529528e-18
8.1154716e-17
2.2694318e-17
2.7529979e-18
7.2580531e-19
3.7021438e-17
1.020983e-17
1.2109657e-18
3.1484828e-19
3.7021438e-17
1.020983e-17
1.2109657e-18
3.1484828e-19
1.6744084e-17
4.5539354e-18
5.281074e-19
1.3540838e-19
4.5540125e-18
1.210999e-18
1.3541073e-19
3.3946142e-20
2.0138571e-18
5.2812212e-19
5.773771e-20
1.4274046e-20
3.2428621e-15
9.7010072e-16
1.3125592e-16
3.7021438e-17
1.5422874e-15
4.5501347e-16
6.0195514e-17
1.6744084e-17
4.5502086e-16
1.3125941e-16
1.6744365e-17
4.5540125e-18
2.1159767e-16
6.0197125e-17
7.5083491e-18
2.0138571e-18
2.1159767e-16
6.0197125e-17
7.5083491e-18
2.0138571e-18
9.7557651e-17
2.7370973e-17
3.3380033e-18
8.8293364e-19
2.7371379e-17
7.5085433e-18
8.8294818e-19
2.2834727e-19
1.2338954e-17
3.3380838e-18
3.8379406e-19
9.7884127e-20
2.0138571e-18
5.2812212e-19
5.773771e-20
1.4274046e-20
8.8293364e-19
2.2834341e-19
2.4407728e-20
5.9506416e-21
2.2834727e-19
5.7739337e-20
5.9507475e-21
1.4184513e-21
9.7884127e-20
2.4408404e-20
2.4595028e-21
5.7814386e-22
9.7884127e-20
2.4408404e-20
2.4595028e-21
5.7814386e-22
4.1599688e-20
1.0229799e-20
1.0078162e-21
2.3362241e-22
1.0229889e-20
2.4595542e-21
2.3362562e-22
5.2948491e-23
4.2506405e-21
1.0078297e-21
9.3595168e-23
2.0918407e-23
1.2338954e-17
3.3380838e-18
3.8379406e-19
9.7884127e-20
5.5147535e-18
1.4713078e-18
1.6539559e-19
4.1599688e-20
1.4713022e-18
3.8379705e-19
4.1599946e-20
1.0229889e-20
6.4293109e-19
1.6539419e-19
1.7527769e-20
4.2506405e-21
9.6680197e-13
3.2353975e-13
5.2491713e-14
1.6565276e-14
4.9279747e-13
1.6264749e-13
2.5803325e-14
8.0308641e-15
1.6264789e-13
5.2492384e-14
8.0309362e-15
2.4440263e-15
8.1067268e-14
2.5803394e-14
3.8601447e-15
1.1585561e-15
1.6565276e-14
5.1116653e-15
7.2724899e-16
2.1159767e-16
8.0308641e-15
2.4440001e-15
3.3999043e-16
9.7557651e-17
2.4440263e-15
7.2726462e-16
9.7559013e-17
2.7371379e-17
1.1585561e-15
3.3999621e-16
4.4595029e-17
1.2338954e-17
1.1585561e-15
3.3999621e-16
4.4595029e-17
1.2338954e-17
5.4450202e-16
1.5758886e-16
2.0210311e-17
5.5147535e-18
1.5758424e-16
4.4594187e-17
5.5147027e-18
1.4713022e-18
7.2413198e-17
2.0209255e-17
2.4435757e-18
6.4293109e-19
8.1067268e-14
2.5803394e-14
3.8601447e-15
1.1585561e-15
4.0060761e-14
1.2575709e-14
1.839559e-15
5.4450202e-16
1.2574712e-14
3.8598675e-15
5.4448023e-16
1.5758424e-16
6.0757256e-15
1.8393059e-15
2.536976e-16
7.2413198e-17
6.2049508e-18
1.6588069e-18
1.8708604e-19
4.7150796e-20
2.7529528e-18
7.2579334e-19
8.0034144e-20
1.989178e-20
7.2580531e-19
1.8709104e-19
1.9892113e-20
4.8337981e-21
3.1484828e-19
8.0036316e-20
8.3200509e-21
1.9937967e-21
4.7150796e-20
1.1618444e-20
1.1483919e-21
2.6675112e-22
1.989178e-20
4.8337164e-21
4.6711911e-22
1.0700085e-22
4.8337981e-21
1.1484232e-21
1.0700269e-22
2.3963609e-23
1.9937967e-21
4.6713208e-22
4.2553159e-23
9.397881e-24
1.9937967e-21
4.6713208e-22
4.2553159e-23
9.397881e-24
8.1532651e-22
1.883799e-22
1.6777386e-23
3.6539446e-24
1.8838326e-22
4.2554389e-23
3.6540108e-24
7.7803528e-25
7.5317125e-23
1.6777878e-23
1.408496e-24
2.9574813e-25
3.1484828e-19
8.0036316e-20
8.3200509e-21
1.9937967e-21
1.3540838e-19
3.3945549e-20
3.4500913e-21
8.1532651e-22
3.3946142e-20
8.3202861e-21
8.1534099e-22
1.8838326e-22
1.4274046e-20
3.4501902e-21
3.3055799e-22
7.5317125e-23
2.6675112e-22
6.0579e-23
5.2467794e-24
1.1231501e-24
1.0700085e-22
2.3963197e-23
2.029127e-24
4.2834282e-25
2.3963609e-23
5.2469252e-24
4.2835028e-25
8.8403531e-26
9.397881e-24
2.0291843e-24
1.6195904e-25
3.2961774e-26
1.1231501e-24
2.3505667e-25
1.7836669e-26
3.5184682e-27
4.2834282e-25
8.8401986e-26
6.5582489e-27
1.2757328e-27
8.8403531e-26
1.7837172e-26
1.2757553e-27
2.4261585e-28
3.2961774e-26
6.5584366e-27
4.5858806e-28
8.600117e-29
3.2961774e-26
6.5584366e-27
4.5858806e-28
8.600117e-29
1.218435e-26
2.3906975e-27
1.6342811e-28
3.0222989e-29
2.3907416e-27
4.5860171e-28
3.0223551e-29
5.4642622e-30
8.6398565e-28
1.6343305e-28
1.0529944e-29
1.8773238e-30
9.397881e-24
2.0291843e-24
1.6195904e-25
3.2961774e-26
3.6539446e-24
7.7802113e-25
6.0710402e-26
1.218435e-26
7.7803528e-25
1.619638e-25
1.2184575e-26
2.3907416e-27
2.9574813e-25
6.0712213e-26
4.4653202e-27
8.6398565e-28
2.9574813e-25
6.0712213e-26
4.4653202e-27
8.6398565e-28
1.114543e-25
2.2562403e-26
1.6223503e-27
3.0954898e-28
2.2562835e-26
4.4654585e-27
3.0955498e-28
5.774318e-29
8.3129217e-27
1.6224012e-27
1.0995354e-28
2.0225575e-29
8.6398565e-28
1.6343305e-28
1.0529944e-29
1.8773238e-30
3.0954898e-28
5.7742057e-29
3.6370862e-30
6.394301e-31
5.774318e-29
1.0530275e-29
6.3944263e-31
1.0990368e-31
2.0225575e-29
3.6372019e-30
2.1592423e-31
3.6596251e-32
2.0225575e-29
3.6372019e-30
2.1592423e-31
3.6596251e-32
7.0234137e-30
1.2454939e-30
7.2284728e-32
1.2081077e-32
1.2455191e-30
2.1593131e-31
1.2081325e-32
1.973972e-33
4.2283469e-31
7.2287112e-32
3.9539211e-33
6.3705462e-34
8.3129217e-27
1.6224012e-27
1.0995354e-28
2.0225575e-29
3.0364336e-27
5.8438586e-28
3.8719398e-29
7.0234137e-30
5.8439723e-28
1.0995705e-28
7.0235545e-30
1.2455191e-30
2.0868831e-28
3.8720627e-29
2.4179708e-30
4.2283469e-31
1.4274046e-20
3.4501902e-21
3.3055799e-22
7.5317125e-23
5.9506416e-21
1.4184257e-21
1.3286571e-22
2.9853889e-23
1.4184513e-21
3.3056775e-22
2.9854443e-23
6.5583186e-24
5.7814386e-22
1.3286964e-22
1.1731978e-23
2.5415226e-24
7.5317125e-23
1.6777878e-23
1.408496e-24
2.9574813e-25
2.9853889e-23
6.5581959e-24
5.3826295e-25
1.114543e-25
6.5583186e-24
1.4085388e-24
1.1145642e-25
2.2562835e-26
2.5415226e-24
5.3827946e-25
4.1641997e-26
8.3129217e-27
2.5415226e-24
5.3827946e-25
4.1641997e-26
8.3129217e-27
9.7644722e-25
2.0393849e-25
1.5424423e-26
3.0364336e-27
2.0394217e-25
4.1643263e-26
3.0364917e-27
5.8439723e-28
7.6603671e-26
1.5424874e-26
1.0995917e-27
2.0868831e-28
5.7814386e-22
1.3286964e-22
1.1731978e-23
2.5415226e-24
2.3362241e-22
5.2947695e-23
4.5707543e-24
9.7644722e-25
5.2948491e-23
1.1732298e-23
9.764642e-25
2.0394217e-25
2.0918407e-23
4.5708645e-24
3.7193155e-25
7.6603671e-26
2.0918407e-23
4.5708645e-24
3.7193155e-25
7.6603671e-26
8.1932596e-24
1.765493e-24
1.4044975e-25
2.8526116e-26
1.7654664e-24
3.7193057e-25
2.8526124e-26
5.6643514e-27
6.7603191e-25
1.404458e-25
1.0531222e-26
2.0621506e-27
7.6603671e-26
1.5424874e-26
1.0995917e-27
2.0868831e-28
2.8526116e-26
5.6643268e-27
3.947657e-28
7.3881552e-29
5.6643514e-27
1.0996109e-27
7.3882428e-29
1.3518076e-29
2.0621506e-27
3.947678e-28
2.5931233e-29
4.6787033e-30
2.0621506e-27
3.947678e-28
2.5931233e-29
4.6787033e-30
7.4427666e-28
1.4050391e-28
9.0229625e-30
1.6053878e-30
1.4049103e-28
2.5929094e-29
1.6053138e-30
2.7923352e-31
4.9568389e-29
9.0215258e-30
5.4605504e-31
9.3664383e-32
6.7603191e-25
1.404458e-25
1.0531222e-26
2.0621506e-27
2.5663548e-25
5.2577295e-26
3.8544136e-27
7.4427666e-28
5.2566736e-26
1.052911e-26
7.4419079e-28
1.4049103e-28
1.9506537e-26
3.8530858e-27
2.6625715e-28
4.9568389e-29
2.0868831e-28
3.8720627e-29
2.4179708e-30
4.2283469e-31
7.3881552e-29
1.351789e-29
8.2526089e-31
1.423103e-31
1.3518076e-29
2.4180363e-30
1.4231277e-31
2.3991583e-32
4.6787033e-30
8.252788e-31
4.7484642e-32
7.893912e-33
4.2283469e-31
7.2287112e-32
3.9539211e-33
6.3705462e-34
1.423103e-31
2.3991144e-32
1.2828777e-33
2.0382414e-34
2.3991583e-32
3.9540463e-33
2.0382821e-34
3.1659095e-35
7.893912e-33
1.2829156e-33
6.4652531e-35
9.90239e-36
7.893912e-33
1.2829156e-33
6.4652531e-35
9.90239e-36
2.5749482e-33
4.1266429e-34
2.0330526e-35
3.0705981e-36
4.1266261e-34
6.4653161e-35
3.0706211e-36
4.5337981e-37
1.3159127e-34
2.0330332e-35
9.439413e-37
1.3743597e-37
4.6787033e-30
8.252788e-31
4.7484642e-32
7.893912e-33
1.6053878e-30
2.7924293e-31
1.5707449e-32
2.5749482e-33
2.7923352e-31
4.7483641e-32
2.5749216e-33
4.1266261e-34
9.3664383e-32
1.57065e-32
8.3266792e-34
1.3159127e-34
9.3664383e-32
1.57065e-32
8.3266792e-34
1.3159127e-34
3.1146582e-32
5.1504569e-33
2.6693956e-34
4.160001e-35
5.1488721e-33
8.3240405e-34
4.159236e-35
6.3367949e-36
1.6734775e-33
2.6679937e-34
1.3033328e-35
1.9581447e-36
1.3159127e-34
2.0330332e-35
9.439413e-37
1.3743597e-37
4.160001e-35
6.3377398e-36
2.8767354e-37
4.1302394e-38
6.3367949e-36
9.4380591e-37
4.1299017e-38
5.7966814e-39
1.9581447e-36
2.8759958e-37
1.2303225e-38
1.7028749e-39
1.9581447e-36
2.8759958e-37
1.2303225e-38
1.7028749e-39
5.9981797e-37
8.6875824e-38
3.6333799e-39
4.959094e-40
8.6801403e-38
1.2291736e-38
4.9563649e-40
6.6136737e-41
2.5979513e-38
3.6281276e-39
1.4303868e-40
1.8822676e-41
1.6734775e-33
2.6679937e-34
1.3033328e-35
1.9581447e-36
5.3913668e-34
8.4764875e-35
4.048463e-36
5.9981797e-37
8.4636153e-35
1.301119e-35
5.9921348e-37
8.6801403e-38
2.6633263e-35
4.0381496e-36
1.8184991e-37
2.5979513e-38
1.9506537e-26
3.8530858e-27
2.6625715e-28
4.9568389e-29
7.1754308e-27
1.3977543e-27
9.4434805e-29
1.7337209e-29
1.3962539e-27
2.6594209e-28
1.7325086e-29
3.1098418e-30
5.0180601e-28
9.4264167e-29
6.0046817e-30
1.062969e-30
4.9568389e-29
9.0215258e-30
5.4605504e-31
9.3664383e-32
1.7337209e-29
3.1116772e-30
1.8413637e-31
3.1146582e-32
3.1098418e-30
5.4570998e-31
3.113504e-32
5.1488721e-33
1.062969e-30
1.8395239e-31
1.026148e-32
1.6734775e-33
1.062969e-30
1.8395239e-31
1.026148e-32
1.6734775e-33
3.6010453e-31
6.1459543e-32
3.3522095e-33
5.3913668e-34
6.1300588e-32
1.0231115e-32
5.3818451e-34
8.4636153e-35
2.0274627e-32
3.3377436e-33
1.7170848e-34
2.6633263e-35
5.0180601e-28
9.4264167e-29
6.0046817e-30
1.062969e-30
1.7871606e-28
3.3111928e-29
2.0625942e-30
3.6010453e-31
3.2971367e-29
5.9748961e-30
3.5903263e-31
6.1300588e-32
1.1456358e-29
2.0480596e-30
1.2038303e-31
2.0274627e-32
6.0757256e-15
1.8393059e-15
2.536976e-16
7.2413198e-17
2.9103755e-15
8.6893679e-16
1.1719401e-16
3.2989698e-17
8.6849064e-16
2.5355852e-16
3.297911e-17
9.0774331e-18
4.0664482e-16
1.1709199e-16
1.4892343e-17
4.0426737e-18
7.2413198e-17
2.0209255e-17
2.4435757e-18
6.4293109e-19
3.2989698e-17
9.0798482e-18
1.0734605e-18
2.7853742e-19
9.0774331e-18
2.4429083e-18
2.7849336e-19
7.0654477e-20
4.0426737e-18
1.0729729e-18
1.1960209e-19
2.9924519e-20
4.0426737e-18
1.0729729e-18
1.1960209e-19
2.9924519e-20
1.7847454e-18
4.6717503e-19
5.091922e-20
1.2564311e-20
4.6655077e-19
1.1942409e-19
1.2553232e-20
3.0288015e-21
2.0122937e-19
5.0804949e-20
5.2224542e-21
1.2427564e-21
4.0664482e-16
1.1709199e-16
1.4892343e-17
4.0426737e-18
1.8872535e-16
5.3598561e-17
6.6662348e-18
1.7847454e-18
5.3475625e-17
1.4853431e-17
1.7819658e-18
4.6655077e-19
2.423673e-17
6.6406948e-18
7.7921745e-19
2.0122937e-19
6.4293109e-19
1.6539419e-19
1.7527769e-20
4.2506405e-21
2.7853742e-19
7.0663518e-20
7.3217743e-21
1.7510282e-21
7.0654477e-20
1.7525619e-20
1.7509062e-21
4.0940149e-22
2.9924519e-20
7.3201584e-21
7.1503761e-22
1.6487931e-22
4.2506405e-21
1.0078297e-21
9.3595168e-23
2.0918407e-23
1.7510282e-21
4.0942346e-22
3.7174074e-23
8.1932596e-24
4.0940149e-22
9.3591123e-23
8.193069e-24
1.7654664e-24
1.6487931e-22
3.7170571e-23
3.1813616e-24
6.7603191e-25
1.6487931e-22
3.7170571e-23
3.1813616e-24
6.7603191e-25
6.5829249e-23
1.4635309e-23
1.2246729e-24
2.5663548e-25
1.4629462e-23
3.1800265e-24
2.5657267e-25
5.2566736e-26
5.7089769e-24
1.2238407e-24
9.6544558e-26
1.9506537e-26
2.9924519e-20
7.3201584e-21
7.1503761e-22
1.6487931e-22
1.2564311e-20
3.0310683e-21
2.8948651e-22
6.5829249e-23
3.0288015e-21
7.1445714e-22
6.5797808e-23
1.4629462e-23
1.2427564e-21
2.8912078e-22
2.6035828e-23
5.7089769e-24
1.2427564e-21
2.8912078e-22
2.6035828e-23
5.7089769e-24
5.0537592e-22
1.1596116e-22
1.0211388e-23
2.2082786e-24
1.1559694e-22
2.594147e-23
2.2034918e-24
4.6599564e-25
4.5885994e-23
1.0157982e-23
8.4393739e-25
1.7604348e-25
5.7089769e-24
1.2238407e-24
9.6544558e-26
1.9506537e-26
2.2082786e-24
4.6686949e-25
3.6011091e-26
7.1754308e-27
4.6599564e-25
9.6340536e-26
7.1664128e-27
1.3962539e-27
1.7604348e-25
3.5898266e-26
2.611415e-27
5.0180601e-28
1.7604348e-25
3.5898266e-26
2.611415e-27
5.0180601e-28
6.5889057e-26
1.3253319e-26
9.429351e-28
1.7871606e-28
1.316417e-26
2.59047e-27
1.7785149e-28
3.2971367e-29
4.8024423e-27
9.3245794e-28
6.2638956e-29
1.1456358e-29
4.5885994e-23
1.0157982e-23
8.4393739e-25
1.7604348e-25
1.8039688e-23
3.9398386e-24
3.2020621e-25
6.5889057e-26
3.8992464e-24
8.3336529e-25
6.538875e-26
1.316417e-26
1.4923642e-24
3.1478291e-25
2.4174874e-26
4.8024423e-27
2.423673e-17
6.6406948e-18
7.7921745e-19
2.0122937e-19
1.0882129e-17
2.9414195e-18
3.376176e-19
8.6003948e-20
2.9180345e-18
7.7177403e-19
8.5507483e-20
2.1309136e-20
1.2766021e-18
3.3319205e-19
3.6126942e-20
8.8831094e-21
2.0122937e-19
5.0804949e-20
5.2224542e-21
1.2427564e-21
8.6003948e-20
2.1418031e-20
2.1532193e-21
5.0537592e-22
2.1309136e-20
5.1911786e-21
5.0355614e-22
1.1559694e-22
8.8831094e-21
2.1350812e-21
2.0262132e-22
4.5885994e-23
8.8831094e-21
2.1350812e-21
2.0262132e-22
4.5885994e-23
3.6660071e-21
8.6945719e-22
8.0740389e-23
1.8039688e-23
8.5617929e-22
1.9878768e-22
1.7831795e-23
3.8992464e-24
3.4346044e-22
7.8723264e-23
6.91475e-24
1.4923642e-24
1.2766021e-18
3.3319205e-19
3.6126942e-20
8.8831094e-21
5.5260398e-19
1.4235171e-19
1.5108708e-20
3.6660071e-21
1.3922994e-19
3.5127648e-20
3.6039395e-21
8.5617929e-22
5.847675e-20
1.4569363e-20
1.4643713e-21
3.4346044e-22
0.023085648
0.015984204
0.0084448423
0.005541294
0.018437321
0.012606349
0.0065246649
0.0042267075
0.012605009
0.0084439169
0.0042264406
0.0026813276
0.0098629315
0.0065234739
0.0031979898
0.002002724
0.005541294
0.0035611856
0.0016657741
0.0010131496
0.0042267075
0.0026814653
0.0012281163
0.00073722474
0.0026813276
0.0016656891
0.00073720341
0.00043320697
0.002002724
0.0012280076
0.00053206792
0.00030855863
0.002002724
0.0012280076
0.00053206792
0.00030855863
0.0014838074
0.00089800195
0.00038088384
0.00021797799
0.0008977219
0.00053189102
0.00021793569
0.00012207326
0.00065101615
0.00038068173
0.00015267637
8.4389382e-05
0.0098629315
0.0065234739
0.0031979898
0.002002724
0.0076564026
0.0049997469
0.0024003911
0.0014838074
0.0049968445
0.0031959681
0.0014832559
0.0008977219
0.0037978469
0.0023980331
0.0010898005
0.00065101615
0.0010131496
0.00060325799
0.00024918207
0.00014027942
0.00073722474
0.00043321687
0.00017514831
9.7296826e-05
0.00043320697
0.00024917687
9.729572e-05
5.2893433e-05
0.00030855863
0.00017514138
6.692797e-05
3.590056e-05
0.00014027942
7.7286702e-05
2.8138184e-05
1.4646825e-05
9.7296826e-05
5.2893869e-05
1.8843759e-05
9.6775696e-06
5.2893433e-05
2.8138036e-05
9.6775479e-06
4.8627475e-06
3.590056e-05
1.8843491e-05
6.3410803e-06
3.1434626e-06
3.590056e-05
1.8843491e-05
6.3410803e-06
3.1434626e-06
2.4165379e-05
1.2514475e-05
4.120323e-06
2.0151031e-06
1.2513488e-05
6.340581e-06
2.0150128e-06
9.6408823e-07
8.2410445e-06
4.1197642e-06
1.2808807e-06
6.0457743e-07
0.00030855863
0.00017514138
6.692797e-05
3.590056e-05
0.00021797799
0.0001220929
4.5658795e-05
2.4165379e-05
0.00012207326
6.691678e-05
2.4163044e-05
1.2513488e-05
8.4389382e-05
4.5646226e-05
1.6128743e-05
8.2410445e-06
8.4389382e-05
4.5646226e-05
1.6128743e-05
8.2410445e-06
5.7853185e-05
3.0877463e-05
1.0675985e-05
5.3819499e-06
3.0851673e-05
1.6113908e-05
5.3790294e-06
2.653172e-06
2.0685873e-05
1.0660949e-05
3.4823374e-06
1.6946559e-06
8.2410445e-06
4.1197642e-06
1.2808807e-06
6.0457743e-07
5.3819499e-06
2.6543872e-06
8.0738465e-07
3.7594423e-07
2.653172e-06
1.280249e-06
3.7583561e-07
1.7119385e-07
1.6946559e-06
8.06758e-07
2.3169779e-07
1.0411371e-07
1.6946559e-06
8.06758e-07
2.3169779e-07
1.0411371e-07
1.0731499e-06
5.040346e-07
1.4161882e-07
6.2777786e-08
5.030047e-07
2.3115945e-07
6.2690923e-08
2.7186816e-08
3.1125557e-07
1.41135e-07
3.7451107e-08
1.6023078e-08
2.0685873e-05
1.0660949e-05
3.4823374e-06
1.6946559e-06
1.3749994e-05
6.9925252e-06
2.2350849e-06
1.0731499e-06
6.9687674e-06
3.4686129e-06
1.0706175e-06
5.030047e-07
4.5244325e-06
2.2224515e-06
6.713965e-07
3.1125557e-07
0.0037978469
0.0023980331
0.0010898005
0.00065101615
0.0028628124
0.0017844957
0.00079410123
0.00046820264
0.0017800463
0.0010866857
0.0004674039
0.00026980476
0.0013121143
0.000790797
0.00033307596
0.00018976862
0.00065101615
0.00038068173
0.00015267637
8.4389382e-05
0.00046820264
0.0002702016
0.00010607008
5.7853185e-05
0.00026980476
0.00015242436
5.7796503e-05
3.0851673e-05
0.00018976862
0.00010580876
3.9271201e-05
2.0685873e-05
0.00018976862
0.00010580876
3.9271201e-05
2.0685873e-05
0.00013230777
7.2809857e-05
2.6452652e-05
1.3749994e-05
7.2412364e-05
3.9017588e-05
1.3696552e-05
6.9687674e-06
4.9282185e-05
2.6213573e-05
9.0099243e-06
4.5244325e-06
0.0013121143
0.000790797
0.00033307596
0.00018976862
0.00095858242
0.00057038058
0.00023526842
0.00013230777
0.00056554204
0.00032966866
0.00013148917
7.2412364e-05
0.00040298784
0.00023198024
9.0644021e-05
4.9282185e-05
1.4646825e-05
7.45972e-06
2.3905135e-06
1.1496755e-06
9.6775696e-06
4.8627503e-06
1.5245272e-06
7.2330651e-07
4.8627475e-06
2.3905214e-06
7.2330856e-07
3.3570277e-07
3.1434626e-06
1.5245258e-06
4.5125218e-07
2.0660286e-07
1.1496755e-06
5.4089653e-07
1.5240846e-07
6.7682629e-08
7.2330651e-07
3.3570148e-07
9.2526691e-08
4.0532318e-08
3.3570277e-07
1.5240978e-07
4.0532565e-08
1.7367056e-08
2.0660286e-07
9.2527319e-08
2.4068893e-08
1.0172575e-08
2.0660286e-07
9.2527319e-08
2.4068893e-08
1.0172575e-08
1.2608296e-07
5.5700633e-08
1.4172054e-08
5.9082043e-09
5.5699917e-08
2.4068696e-08
5.9081833e-09
2.4089992e-09
3.3248173e-08
1.4171737e-08
3.4024502e-09
1.3683946e-09
3.1434626e-06
1.5245258e-06
4.5125218e-07
2.0660286e-07
2.0151031e-06
9.6412243e-07
2.7916416e-07
1.2608296e-07
9.6408823e-07
4.5123756e-07
1.2608072e-07
5.5699917e-08
6.0457743e-07
2.7914705e-07
7.629495e-08
3.3248173e-08
6.7682629e-08
2.9399598e-08
7.2780806e-09
2.9831451e-09
4.0532318e-08
1.7366937e-08
4.205008e-09
1.7000508e-09
1.7367056e-08
7.278174e-09
1.7000655e-09
6.7220904e-10
1.0172575e-08
4.2050582e-09
9.6064839e-10
3.7465365e-10
2.9831451e-09
1.1958647e-09
2.5993738e-10
9.8302134e-11
1.7000508e-09
6.7220278e-10
1.4289439e-10
5.3299635e-11
6.7220904e-10
2.5994169e-10
5.3300222e-11
1.944226e-11
3.7465365e-10
1.428967e-10
2.8654207e-11
1.03089e-11
3.7465365e-10
1.428967e-10
2.8654207e-11
1.03089e-11
2.0704303e-10
7.7887889e-11
1.5273687e-11
5.4196469e-12
7.7888334e-11
2.8654578e-11
5.4196954e-12
1.880584e-12
4.2093786e-11
1.5273837e-11
2.8250355e-12
9.6680197e-13
1.0172575e-08
4.2050582e-09
9.6064839e-10
3.7465365e-10
5.9082043e-09
2.4090015e-09
5.382352e-10
2.0704303e-10
2.4089992e-09
9.6065321e-10
2.070439e-10
7.7888334e-11
1.3683946e-09
5.3823427e-10
1.1344726e-10
4.2093786e-11
1.3683946e-09
5.3823427e-10
1.1344726e-10
4.2093786e-11
7.7071457e-10
2.9900619e-10
6.1634599e-11
2.2555867e-11
2.9898969e-10
1.1344147e-10
2.2555231e-11
8.0720959e-12
1.6468236e-10
6.1628732e-11
1.1983139e-11
4.2297494e-12
4.2093786e-11
1.5273837e-11
2.8250355e-12
9.6680197e-13
2.2555867e-11
8.0722639e-12
1.4600295e-12
4.9279747e-13
8.0720959e-12
2.8249958e-12
4.9279423e-13
1.6264789e-13
4.2297494e-12
1.4599767e-12
2.490434e-13
8.1067268e-14
4.2297494e-12
1.4599767e-12
2.490434e-13
8.1067268e-14
2.1974767e-12
7.480905e-13
1.24785e-13
4.0060761e-14
7.4795445e-13
2.4899718e-13
4.0056485e-14
1.2574712e-14
3.7993334e-13
1.2474622e-13
1.9623957e-14
6.0757256e-15
1.6468236e-10
6.1628732e-11
1.1983139e-11
4.2297494e-12
8.9933697e-11
3.3195446e-11
6.3121354e-12
2.1974767e-12
3.3183614e-11
1.1978608e-11
2.1969924e-12
7.4795445e-13
1.7717561e-11
6.3083131e-12
1.1314978e-12
3.7993334e-13
6.0457743e-07
2.7914705e-07
7.629495e-08
3.3248173e-08
3.7594423e-07
1.7123509e-07
4.5779171e-08
1.9678953e-08
1.7119385e-07
7.6275676e-08
1.9676067e-08
8.2729129e-09
1.0411371e-07
4.5760376e-08
1.1546386e-08
4.7887567e-09
3.3248173e-08
1.4171737e-08
3.4024502e-09
1.3683946e-09
1.9678953e-08
8.2739078e-09
1.9428561e-09
7.7071457e-10
8.2729129e-09
3.4020379e-09
7.7066116e-10
2.9898969e-10
4.7887567e-09
1.9424556e-09
4.303552e-10
1.6468236e-10
4.7887567e-09
1.9424556e-09
4.303552e-10
1.6468236e-10
2.7483464e-09
1.0996334e-09
2.3827338e-10
8.9933697e-11
1.0989035e-09
4.3004402e-10
8.9895461e-11
3.3183614e-11
6.165562e-10
2.3800617e-10
4.8661181e-11
1.7717561e-11
1.0411371e-07
4.5760376e-08
1.1546386e-08
4.7887567e-09
6.2777786e-08
2.7219107e-08
6.7179571e-09
2.7483464e-09
2.7186816e-08
1.1531127e-08
2.7461963e-09
1.0989035e-09
1.6023078e-08
6.704563e-09
1.561962e-09
6.165562e-10
1.6023078e-08
6.704563e-09
1.561962e-09
6.165562e-10
9.3594625e-09
3.8637226e-09
8.8058872e-10
3.428971e-10
3.8460633e-09
1.5535819e-09
3.4179215e-10
1.3020681e-10
2.1924657e-09
8.7391348e-10
1.8814354e-10
7.0716047e-11
6.165562e-10
2.3800617e-10
4.8661181e-11
1.7717561e-11
3.428971e-10
1.3057323e-10
2.6111707e-11
9.3777944e-12
1.3020681e-10
4.8504055e-11
9.3597031e-12
3.2879193e-12
7.0716047e-11
2.5989575e-11
4.9063382e-12
1.7002294e-12
7.0716047e-11
2.5989575e-11
4.9063382e-12
1.7002294e-12
3.8045121e-11
1.3796056e-11
2.548252e-12
8.7119113e-13
1.3666877e-11
4.8507014e-12
8.6520969e-13
2.8944475e-13
7.1621388e-12
2.508986e-12
4.3808611e-13
1.446258e-13
2.1924657e-09
8.7391348e-10
1.8814354e-10
7.0716047e-11
1.2376013e-09
4.8683797e-10
1.0258221e-10
3.8045121e-11
4.8003348e-10
1.8489851e-10
3.7645887e-11
1.3666877e-11
2.6357533e-10
1.0023403e-10
1.998654e-11
7.1621388e-12
1.7717561e-11
6.3083131e-12
1.1314978e-12
3.7993334e-13
9.3777944e-12
3.2933981e-12
5.7771407e-13
1.9132807e-13
3.2879193e-12
1.1293762e-12
1.9111496e-13
6.1899986e-14
1.7002294e-12
5.7610407e-13
9.5354874e-14
3.046358e-14
3.7993334e-13
1.2474622e-13
1.9623957e-14
6.0757256e-15
1.9132807e-13
6.1958878e-14
9.5312242e-15
2.9103755e-15
6.1899986e-14
1.9603397e-14
2.9085759e-15
8.6849064e-16
3.046358e-14
9.5159679e-15
1.3807772e-15
4.0664482e-16
3.046358e-14
9.5159679e-15
1.3807772e-15
4.0664482e-16
1.4858597e-14
4.5782527e-15
6.4970762e-16
1.8872535e-16
4.5608323e-15
1.3746593e-15
1.8822417e-16
5.3475625e-17
2.171102e-15
6.4559984e-16
8.6478678e-17
2.423673e-17
1.7002294e-12
5.7610407e-13
9.5354874e-14
3.046358e-14
8.7119113e-13
2.9121256e-13
4.7149461e-14
1.4858597e-14
2.8944475e-13
9.4667286e-14
1.4794047e-14
4.5608323e-15
1.446258e-13
4.6676176e-14
7.1378931e-15
2.171102e-15
1.446258e-13
4.6676176e-14
7.1378931e-15
2.171102e-15
7.1530627e-14
2.2783335e-14
3.4101205e-15
1.0234903e-15
2.2381971e-14
6.9809812e-15
1.0097605e-15
2.9667951e-16
1.0754571e-14
3.312031e-15
4.6923321e-16
1.3609533e-16
2.171102e-15
6.4559984e-16
8.6478678e-17
2.423673e-17
1.0234903e-15
3.0029375e-16
3.9357376e-17
1.0882129e-17
2.9667951e-16
8.520352e-17
1.0784686e-17
2.9180345e-18
1.3609533e-16
3.858016e-17
4.780843e-18
1.2766021e-18
1.3609533e-16
3.858016e-17
4.780843e-18
1.2766021e-18
6.1731365e-17
1.7276731e-17
2.0966242e-18
5.5260398e-19
1.6748702e-17
4.5933989e-18
5.3927558e-19
1.3922994e-19
7.3557411e-18
1.9928582e-18
2.2933938e-19
5.847675e-20
1.0754571e-14
3.312031e-15
4.6923321e-16
1.3609533e-16
5.1057718e-15
1.552896e-15
2.1556506e-16
6.1731365e-17
1.4886757e-15
4.4395062e-16
5.9674387e-17
1.6748702e-17
6.8272477e-16
2.0120825e-16
2.6527162e-17
7.3557411e-18
2.6357533e-10
1.0023403e-10
1.998654e-11
7.1621388e-12
1.4307173e-10
5.3727944e-11
1.04953e-11
3.7130552e-12
5.1878447e-11
1.9098526e-11
3.6113657e-12
1.2519534e-12
2.7247132e-11
9.9114597e-12
1.8378088e-12
6.2935728e-13
7.1621388e-12
2.508986e-12
4.3808611e-13
1.446258e-13
3.7130552e-12
1.2840487e-12
2.1953278e-13
7.1530627e-14
1.2519534e-12
4.2418133e-13
7.0138314e-14
2.2381971e-14
6.2935728e-13
2.1061814e-13
3.4129252e-14
1.0754571e-14
6.2935728e-13
2.1061814e-13
3.4129252e-14
1.0754571e-14
3.1232519e-13
1.0326356e-13
1.640485e-14
5.1057718e-15
9.7640796e-14
3.1673962e-14
4.8773341e-15
1.4886757e-15
4.6692422e-14
1.4974768e-14
2.2631547e-15
6.8272477e-16
2.7247132e-11
9.9114597e-12
1.8378088e-12
6.2935728e-13
1.4114115e-11
5.0744338e-12
9.230414e-13
3.1232519e-13
4.719812e-12
1.6660249e-12
2.9405934e-13
9.7640796e-14
2.3499456e-12
8.2042424e-13
1.4221899e-13
4.6692422e-14
0.00040298784
0.00023198024
9.0644021e-05
4.9282185e-05
0.00028422119
0.00016159263
6.1869452e-05
3.3212939e-05
0.00015786279
8.7997734e-05
3.2618995e-05
1.7159665e-05
0.00010810678
5.954661e-05
2.1644229e-05
1.1247299e-05
4.9282185e-05
2.6213573e-05
9.0099243e-06
4.5244325e-06
3.3212939e-05
1.7441397e-05
5.8707465e-06
2.9098843e-06
1.7159665e-05
8.8290617e-06
2.8742788e-06
1.3952947e-06
1.1247299e-05
5.7157255e-06
1.8233742e-06
8.739965e-07
1.1247299e-05
5.7157255e-06
1.8233742e-06
8.739965e-07
7.2869966e-06
3.6582728e-06
1.1439456e-06
5.4152097e-07
3.5170316e-06
1.7319733e-06
5.2475478e-07
2.4354669e-07
2.2037029e-06
1.0727224e-06
3.188931e-07
1.4625045e-07
0.00010810678
5.954661e-05
2.1644229e-05
1.1247299e-05
7.3122724e-05
3.9807418e-05
1.4193351e-05
7.2869966e-06
3.7771169e-05
2.0186004e-05
6.982084e-06
3.5170316e-06
2.4651768e-05
1.3029326e-05
4.4252223e-06
2.2037029e-06
4.5244325e-06
2.2224515e-06
6.713965e-07
3.1125557e-07
2.9098843e-06
1.410751e-06
4.1717762e-07
1.9084908e-07
1.3952947e-06
6.6242234e-07
1.8930164e-07
8.477693e-08
8.739965e-07
4.0966965e-07
1.1465653e-07
5.0684907e-08
3.1125557e-07
1.41135e-07
3.7451107e-08
1.6023078e-08
1.9084908e-07
8.5391304e-08
2.2172796e-08
9.3594625e-09
8.477693e-08
3.7128578e-08
9.3108057e-09
3.8460633e-09
5.0684907e-08
2.1909484e-08
5.3784764e-09
2.1924657e-09
5.0684907e-08
2.1909484e-08
5.3784764e-09
2.1924657e-09
2.9991607e-08
1.2797917e-08
3.0761614e-09
1.2376013e-09
1.2539257e-08
5.2418964e-09
1.218387e-09
4.8003348e-10
7.205206e-09
2.974838e-09
6.7753276e-10
2.6357533e-10
8.739965e-07
4.0966965e-07
1.1465653e-07
5.0684907e-08
5.4152097e-07
2.5065154e-07
6.8722116e-08
2.9991607e-08
2.4354669e-07
1.1050304e-07
2.9324038e-08
1.2539257e-08
1.4625045e-07
6.5563723e-08
1.7058945e-08
7.205206e-09
1.4625045e-07
6.5563723e-08
1.7058945e-08
7.205206e-09
8.667824e-08
3.8402311e-08
9.8006103e-09
4.0897294e-09
3.6095348e-08
1.5698311e-08
3.8864029e-09
1.5911831e-09
2.0599957e-08
8.8602546e-09
2.153899e-09
8.718385e-10
7.205206e-09
2.974838e-09
6.7753276e-10
2.6357533e-10
4.0897294e-09
1.6680543e-09
3.7239217e-10
1.4307173e-10
1.5911831e-09
6.3662589e-10
1.3771838e-10
5.1878447e-11
8.718385e-10
3.4481513e-10
7.3193516e-11
2.7247132e-11
8.718385e-10
3.4481513e-10
7.3193516e-11
2.7247132e-11
4.706884e-10
1.8407131e-10
3.8356414e-11
1.4114115e-11
1.6794812e-10
6.4528338e-11
1.3061825e-11
4.719812e-12
8.6929691e-11
3.3048309e-11
6.5744998e-12
2.3499456e-12
2.0599957e-08
8.8602546e-09
2.153899e-09
8.718385e-10
1.1572922e-08
4.9239843e-09
1.1758936e-09
4.706884e-10
4.3950378e-09
1.8384916e-09
4.2697594e-10
1.6794812e-10
2.3613562e-09
9.777914e-10
2.2332668e-10
8.6929691e-11
2.4651768e-05
1.3029326e-05
4.4252223e-06
2.2037029e-06
1.5850212e-05
8.287123e-06
2.7648748e-06
1.3615432e-06
7.5004397e-06
3.8554663e-06
1.250855e-06
6.0525098e-07
4.6210848e-06
2.3513425e-06
7.5019887e-07
3.5920151e-07
2.2037029e-06
1.0727224e-06
3.188931e-07
1.4625045e-07
1.3615432e-06
6.5530862e-07
1.9121575e-07
8.667824e-08
6.0525098e-07
2.8617367e-07
8.1100258e-08
3.6095348e-08
3.5920151e-07
1.6803879e-07
4.6795568e-08
2.0599957e-08
3.5920151e-07
1.6803879e-07
4.6795568e-08
2.0599957e-08
2.0964909e-07
9.7062848e-08
2.6572605e-08
1.1572922e-08
8.4527023e-08
3.8502009e-08
1.0262297e-08
4.3950378e-09
4.7071373e-08
2.1232787e-08
5.5694033e-09
2.3613562e-09
4.6210848e-06
2.3513425e-06
7.5019887e-07
3.5920151e-07
2.7974717e-06
1.409366e-06
4.4237262e-07
2.0964909e-07
1.194428e-06
5.9244383e-07
1.8125072e-07
8.4527023e-08
6.8841675e-07
3.3827879e-07
1.019132e-07
4.7071373e-08
0.023085648
0.018437321
0.012605009
0.0098629315
0.028682256
0.023083861
0.015980408
0.012601482
0.040095166
0.032668709
0.023072852
0.018421136
0.048828151
0.040083945
0.028657075
0.023052345
0.0098629315
0.0076564026
0.0049968445
0.0037978469
0.012601482
0.0098585766
0.0065152512
0.0049901631
0.018421136
0.014590942
0.0098364403
0.0076258756
0.023052345
0.018396503
0.012551237
0.0098012441
0.023052345
0.018396503
0.012551237
0.0098012441
0.028618753
0.023006795
0.015880457
0.0124879
0.03992411
0.032464372
0.022814422
0.018131932
0.048522733
0.039722639
0.028207168
0.022553617
0.048828151
0.040083945
0.028657075
0.023052345
0.059014409
0.048806584
0.035314765
0.028618753
0.078915828
0.066037252
0.048696984
0.03992411
0.09351597
0.07881029
0.058779084
0.048522733
0.0037978469
0.0028628124
0.0017800463
0.0013121143
0.0049901631
0.0037903432
0.0023853756
0.0017710639
0.0076258756
0.0058618621
0.0037586504
0.0028216412
0.0098012441
0.0075873934
0.0049183975
0.0037156834
0.0013121143
0.00095858242
0.00056554204
0.00040298784
0.0017710639
0.0013029385
0.00077691994
0.00055697419
0.0028216412
0.0020977874
0.001270643
0.00091888197
0.0037156834
0.002778894
0.0016977139
0.0012333822
0.0037156834
0.002778894
0.0016977139
0.0012333822
0.0048438848
0.0036422997
0.0022422435
0.0016354153
0.0072731553
0.0055101268
0.0034265574
0.0025114555
0.0092131297
0.0070062632
0.0043777137
0.0032151896
0.0098012441
0.0075873934
0.0049183975
0.0037156834
0.0124879
0.0097327019
0.0063742982
0.0048438848
0.018131932
0.014275275
0.0094914603
0.0072731553
0.022553617
0.017857237
0.011970703
0.0092131297
0.022553617
0.017857237
0.011970703
0.0092131297
0.027779834
0.022108189
0.014927564
0.011531433
0.038077488
0.030516375
0.020798669
0.016138674
0.045611163
0.036680216
0.02510633
0.019515702
0.0092131297
0.0070062632
0.0043777137
0.0032151896
0.011531433
0.0087962121
0.0055156957
0.0040562284
0.016138674
0.012352431
0.0077700382
0.0057168602
0.019515702
0.014953503
0.0094092375
0.0069182256
0.019515702
0.014953503
0.0094092375
0.0069182256
0.023262604
0.017830169
0.01120925
0.0082301432
0.029929752
0.022915038
0.01434884
0.010495974
0.03424986
0.026179185
0.016328195
0.011906009
0.045611163
0.036680216
0.02510633
0.019515702
0.05400319
0.043547143
0.029896844
0.023262604
0.069137759
0.055905933
0.038466899
0.029929752
0.0791689
0.064060512
0.044064682
0.03424986
0.09351597
0.07881029
0.058779084
0.048522733
0.10998593
0.093331178
0.070377682
0.058482461
0.1407227
0.12069275
0.092550764
0.07767685
0.16223946
0.14001255
0.10840412
0.091492757
0.048522733
0.039722639
0.028207168
0.022553617
0.058482461
0.048183399
0.034550742
0.027779834
0.07767685
0.064608547
0.046989087
0.038077488
0.091492757
0.076500054
0.056060352
0.045611163
0.091492757
0.076500054
0.056060352
0.045611163
0.10676181
0.089685792
0.066154717
0.05400319
0.13421377
0.11345064
0.084373486
0.069137759
0.15250435
0.12928872
0.096487141
0.0791689
0.16223946
0.14001255
0.10840412
0.091492757
0.18559305
0.16110485
0.12585336
0.10676181
0.22682618
0.19858211
0.15711155
0.13421377
0.25399546
0.22338976
0.17790648
0.15250435
0.00040298784
0.00028422119
0.00015786279
0.00010810678
0.00055697419
0.00039502892
0.00022115064
0.0001520699
0.00091888197
0.00065682714
0.00037163031
0.00025686788
0.0012333822
0.00088516304
0.00050337133
0.00034870614
0.00010810678
7.3122724e-05
3.7771169e-05
2.4651768e-05
0.0001520699
0.00010321463
5.3535486e-05
3.4997351e-05
0.00025686788
0.00017505256
9.1173437e-05
5.9665429e-05
0.00034870614
0.00023800423
0.00012408343
8.1178223e-05
0.00034870614
0.00023800423
0.00012408343
8.1178223e-05
0.00046640522
0.00031858892
0.00016606381
0.00010853415
0.00072226093
0.00049321711
0.00025638435
0.0001670566
0.00092615753
0.00063175239
0.00032737275
0.00021273578
0.0012333822
0.00088516304
0.00050337133
0.00034870614
0.0016354153
0.0011775684
0.00067227042
0.00046640522
0.0025114555
0.0018152202
0.0010401918
0.00072226093
0.0032151896
0.0023270222
0.0013344398
0.00092615753
2.4651768e-05
1.5850212e-05
7.5004397e-06
4.6210848e-06
3.4997351e-05
2.2522621e-05
1.065782e-05
6.5605312e-06
5.9665429e-05
3.8395282e-05
1.8125054e-05
1.1125339e-05
8.1178223e-05
5.2188557e-05
2.456482e-05
1.5039313e-05
4.6210848e-06
2.7974717e-06
1.194428e-06
6.8841675e-07
6.5605312e-06
3.9654618e-06
1.6867507e-06
9.6919286e-07
1.1125339e-05
6.6989801e-06
2.8265079e-06
1.6142269e-06
1.5039313e-05
9.0274236e-06
3.7856304e-06
2.1524889e-06
1.5039313e-05
9.0274236e-06
3.7856304e-06
2.1524889e-06
1.9932616e-05
1.192078e-05
4.9643891e-06
2.8090804e-06
3.0114475e-05
1.7884466e-05
7.3534811e-06
4.1249246e-06
3.7812731e-05
2.2346094e-05
9.1078703e-06
5.0792476e-06
8.1178223e-05
5.2188557e-05
2.456482e-05
1.5039313e-05
0.00010853415
6.9661005e-05
3.2660437e-05
1.9932616e-05
0.0001670566
0.00010679457
4.9653154e-05
3.0114475e-05
0.00021273578
0.00013555471
6.262773e-05
3.7812731e-05
0.00021273578
0.00013555471
6.262773e-05
3.7812731e-05
0.00026564007
0.00016862332
7.735241e-05
4.6472188e-05
0.00036454215
0.00022974046
0.00010401755
6.1939539e-05
0.00043140432
0.00027050448
0.00012138002
7.1847803e-05
3.7812731e-05
2.2346094e-05
9.1078703e-06
5.0792476e-06
4.6472188e-05
2.7317446e-05
1.1030466e-05
6.1135421e-06
6.1939539e-05
3.6067972e-05
1.4328675e-05
7.8575896e-06
7.1847803e-05
4.1576162e-05
1.6341096e-05
8.8993621e-06
7.1847803e-05
4.1576162e-05
1.6341096e-05
8.8993621e-06
8.1474884e-05
4.6837989e-05
1.8205187e-05
9.8437706e-06
9.5118134e-05
5.4070385e-05
2.0623179e-05
1.1017535e-05
0.00010153291
5.7298591e-05
2.1590571e-05
1.1445683e-05
0.00043140432
0.00027050448
0.00012138002
7.1847803e-05
0.0004997809
0.0003116642
0.00013851553
8.1474884e-05
0.00060559943
0.00037401119
0.00016347582
9.5118134e-05
0.000662464
0.00040650159
0.00017573925
0.00010153291
0.0032151896
0.0023270222
0.0013344398
0.00092615753
0.0040562284
0.0029374996
0.0016837208
0.0011672176
0.0057168602
0.0041376052
0.0023639537
0.0016333528
0.0069182256
0.0050004663
0.0028470953
0.0019614997
0.00092615753
0.00063175239
0.00032737275
0.00021273578
0.0011672176
0.00079475875
0.00041013343
0.00026564007
0.0016333528
0.001107416
0.00056649089
0.00036454215
0.0019614997
0.001325352
0.00067352366
0.00043140432
0.0019614997
0.001325352
0.00067352366
0.00043140432
0.0023102198
0.001554768
0.00078427783
0.0004997809
0.0028854392
0.0019272996
0.00095908053
0.00060559943
0.0032225158
0.0021411096
0.0010556202
0.000662464
0.0069182256
0.0050004663
0.0028470953
0.0019614997
0.0082301432
0.0059367032
0.0033649769
0.0023102198
0.010495974
0.0075358874
0.004231587
0.0028854392
0.011906009
0.0085167547
0.0047490737
0.0032225158
0.011906009
0.0085167547
0.0047490737
0.0032225158
0.013249198
0.0094372118
0.0052212803
0.0035240003
0.01510629
0.010673852
0.0058214809
0.0038916059
0.015953628
0.011209466
0.0060540277
0.004021063
0.0032225158
0.0021411096
0.0010556202
0.000662464
0.0035240003
0.0023280792
0.0011364658
0.00070857292
0.0038916059
0.002545124
0.0012211381
0.00075288479
0.004021063
0.0026121966
0.0012391552
0.00075843503
0.004021063
0.0026121966
0.0012391552
0.00075843503
0.0040636983
0.0026213571
0.0012288546
0.0007464603
0.0039416217
0.0025121462
0.0011542092
0.00069222551
0.0037547693
0.0023744119
0.00107687
0.00064057688
0.015953628
0.011209466
0.0060540277
0.004021063
0.016503364
0.011525566
0.006160021
0.0040636983
0.016671574
0.011519002
0.0060454623
0.0039416217
0.016312163
0.011190609
0.0058031334
0.0037547693
0.000662464
0.00040650159
0.00017573925
0.00010153291
0.00070857292
0.00043186438
0.00018458338
0.00010586429
0.00075288479
0.00045359925
0.00019015396
0.00010772173
0.00075843503
0.0004535336
0.00018776985
0.00010553387
0.00010153291
5.7298591e-05
2.1590571e-05
1.1445683e-05
0.00010586429
5.9296278e-05
2.2066178e-05
1.1605764e-05
0.00010772173
5.958183e-05
2.1715136e-05
1.1272052e-05
0.00010553387
5.7904623e-05
2.0826142e-05
1.0720979e-05
0.00010553387
5.7904623e-05
2.0826142e-05
1.0720979e-05
0.00010093362
5.4927599e-05
1.9490394e-05
9.9487629e-06
8.9221479e-05
4.789618e-05
1.6619524e-05
8.3655423e-06
8.0084265e-05
4.2621616e-05
1.4581995e-05
7.2755828e-06
0.00075843503
0.0004535336
0.00018776985
0.00010553387
0.0007464603
0.0004429343
0.00018104486
0.00010093362
0.00069222551
0.00040545173
0.000162209
8.9221479e-05
0.00064057688
0.00037209837
0.0001468476
8.0084265e-05
0.00064057688
0.00037209837
0.0001468476
8.0084265e-05
0.00057885996
0.00033340359
0.00012975663
7.0149958e-05
0.00046710713
0.00026526149
0.00010087851
5.3757539e-05
0.00039647213
0.00022313988
8.3628681e-05
4.416194e-05
8.0084265e-05
4.2621616e-05
1.4581995e-05
7.2755828e-06
7.0149958e-05
3.7008227e-05
1.2481376e-05
6.1721591e-06
5.3757539e-05
2.795219e-05
9.2071619e-06
4.4866776e-06
4.416194e-05
2.2754104e-05
7.384525e-06
3.565495e-06
4.416194e-05
2.2754104e-05
7.384525e-06
3.565495e-06
3.539775e-05
1.8070387e-05
5.777001e-06
2.7634558e-06
2.3489443e-05
1.1809932e-05
3.683442e-06
1.7352488e-06
1.7651678e-05
8.7902822e-06
2.6994658e-06
1.2595745e-06
0.00039647213
0.00022313988
8.3628681e-05
4.416194e-05
0.00032852235
0.00018321623
6.7653418e-05
3.539775e-05
0.0002302968
0.00012650937
4.5581829e-05
2.3489443e-05
0.00017915109
9.7478398e-05
3.4582829e-05
1.7651678e-05
0.016312163
0.011190609
0.0058031334
0.0037547693
0.015617366
0.010634007
0.0054459416
0.0034957767
0.013893242
0.0093394008
0.0046822588
0.0029654847
0.012554346
0.0083692154
0.004138565
0.0025986166
0.0037547693
0.0023744119
0.00107687
0.00064057688
0.0034957767
0.0021928268
0.00098132464
0.00057885996
0.0029654847
0.0018350398
0.00080304568
0.00046710713
0.0025986166
0.0015940648
0.00068770818
0.00039647213
0.0025986166
0.0015940648
0.00068770818
0.00039647213
0.0022246417
0.0013525126
0.00057504582
0.00032852235
0.0016464376
0.00098616254
0.00040923227
0.0002302968
0.0013256337
0.00078651318
0.00032139713
0.00017915109
0.012554346
0.0083692154
0.004138565
0.0025986166
0.011093771
0.0073318772
0.00357454
0.0022246417
0.0086595722
0.0056402067
0.0026850422
0.0016464376
0.0072140711
0.0046548605
0.0021824268
0.0013256337
0.25399546
0.22338976
0.17790648
0.15250435
0.28196663
0.24897907
0.19937928
0.1713781
0.32751619
0.2906462
0.23423139
0.20189087
0.3547762
0.31549775
0.25483031
0.21978277
0.15250435
0.12928872
0.096487141
0.0791689
0.1713781
0.14560313
0.1089012
0.089401444
0.20189087
0.17183352
0.12861694
0.10549498
0.21978277
0.18706465
0.13983839
0.11451694
0.21978277
0.18706465
0.13983839
0.11451694
0.23611637
0.20080054
0.14971574
0.12231491
0.25743477
0.21824884
0.16159433
0.13130203
0.26640456
0.22517496
0.16573176
0.13408354
0.3547762
0.31549775
0.25483031
0.21978277
0.380404
0.33872159
0.27383022
0.23611637
0.41619214
0.37068168
0.29920592
0.25743477
0.43340985
0.38562822
0.31039586
0.26640456
0.0791689
0.064060512
0.044064682
0.03424986
0.089401444
0.072331241
0.04967621
0.038542835
0.10549498
0.085191162
0.058208615
0.044964553
0.11451694
0.092275154
0.06275154
0.04829884
0.03424986
0.026179185
0.016328195
0.011906009
0.038542835
0.02939067
0.018239268
0.013249198
0.044964553
0.034106724
0.020949206
0.01510629
0.04829884
0.03648562
0.022240542
0.015953628
0.04829884
0.03648562
0.022240542
0.015953628
0.050918527
0.03828373
0.023139242
0.016503364
0.053245934
0.039682149
0.023615878
0.016671574
0.053342127
0.039510594
0.023266481
0.016312163
0.11451694
0.092275154
0.06275154
0.04829884
0.12231491
0.098269877
0.066437718
0.050918527
0.13130203
0.10483102
0.070045212
0.053245934
0.13408354
0.10654249
0.070579896
0.053342127
0.13408354
0.10654249
0.070579896
0.053342127
0.13447981
0.10628034
0.069737755
0.052373078
0.1299336
0.10166049
0.065560561
0.048683026
0.12409142
0.09641585
0.06144856
0.045284549
0.053342127
0.039510594
0.023266481
0.016312163
0.052373078
0.038536576
0.022438278
0.015617366
0.048683026
0.035404993
0.020213446
0.013893242
0.045284549
0.032677935
0.018416118
0.012554346
0.045284549
0.032677935
0.018416118
0.012554346
0.041246652
0.029521291
0.016413138
0.011093771
0.033903001
0.023926306
0.012998514
0.0086595722
0.029205523
0.020422982
0.010930258
0.0072140711
0.12409142
0.09641585
0.06144856
0.045284549
0.11625106
0.089648785
0.056420573
0.041246652
0.10035837
0.076375952
0.047023116
0.033903001
0.089300491
0.067364394
0.040877701
0.029205523
0.43340985
0.38562822
0.31039586
0.26640456
0.4458911
0.39597692
0.31737943
0.27149933
0.45436889
0.40149501
0.31866242
0.270675
0.45168416
0.39743058
0.31297381
0.26441131
0.26640456
0.22517496
0.16573176
0.13408354
0.27149933
0.22860841
0.16705639
0.13447981
0.270675
0.22614269
0.16294837
0.1299336
0.26441131
0.21963389
0.15666428
0.12409142
0.26441131
0.21963389
0.15666428
0.12409142
0.25395638
0.2095836
0.14783548
0.11625106
0.22933062
0.18701638
0.12928457
0.10035837
0.21039435
0.17017226
0.11604145
0.089300491
0.45168416
0.39743058
0.31297381
0.26441131
0.44277106
0.38760126
0.30245351
0.25395638
0.41572522
0.36029057
0.27627565
0.22933062
0.39206549
0.33733181
0.25549345
0.21039435
0.39206549
0.33733181
0.25549345
0.21039435
0.36409517
0.31076781
0.23221905
0.18958624
0.31239422
0.26280654
0.1917016
0.15413878
0.2782712
0.23180887
0.16636791
0.13241375
0.21039435
0.17017226
0.11604145
0.089300491
0.18958624
0.15199763
0.10214861
0.077891515
0.15413878
0.12168219
0.079726715
0.059838196
0.13241375
0.10346391
0.066664787
0.049517343
0.13241375
0.10346391
0.066664787
0.049517343
0.11167258
0.086321363
0.05465389
0.040158478
0.08151167
0.061852811
0.038008096
0.027417622
0.065492508
0.049102156
0.029592895
0.021094157
0.2782712
0.23180887
0.16636791
0.13241375
0.24386927
0.2010347
0.1418222
0.11167258
0.19022537
0.15398403
0.10544795
0.08151167
0.15963968
0.12768665
0.085752523
0.065492508
0.089300491
0.067364394
0.040877701
0.029205523
0.077891515
0.058215561
0.034793786
0.024624495
0.059838196
0.0440152
0.025632857
0.017851369
0.049517343
0.036046181
0.02064102
0.014226011
0.029205523
0.020422982
0.010930258
0.0072140711
0.024624495
0.017056336
0.0089880878
0.0058754359
0.017851369
0.012167069
0.0062462665
0.0040177031
0.014226011
0.009595796
0.0048442422
0.0030838392
0.014226011
0.009595796
0.0048442422
0.0030838392
0.01109534
0.0074042529
0.0036739074
0.0023141158
0.007091163
0.0046476021
0.0022403055
0.0013863051
0.0052285769
0.0033874789
0.0016029438
0.00098074148
0.049517343
0.036046181
0.02064102
0.014226011
0.040158478
0.028918645
0.016272775
0.01109534
0.027417622
0.019384567
0.010590402
0.007091163
0.021094157
0.014738021
0.0079001513
0.0052285769
0.021094157
0.014738021
0.0079001513
0.0052285769
0.015907314
0.010978935
0.0057709486
0.0037739358
0.0096595916
0.006531089
0.0033218965
0.0021292013
0.0069154089
0.004614428
0.0022981291
0.0014542307
0.0052285769
0.0033874789
0.0016029438
0.00098074148
0.0037739358
0.0024162001
0.0011218451
0.00067847864
0.0021292013
0.0013363716
0.00060111347
0.00035658679
0.0014542307
0.00090122773
0.00039726757
0.00023278081
0.0014542307
0.00090122773
0.00039726757
0.00023278081
0.00097272983
0.00059504485
0.00025692764
0.00014866519
0.00048574294
0.00029076976
0.00012129135
6.8726854e-05
0.00030788007
0.00018177438
7.4179544e-05
4.1475807e-05
0.0069154089
0.004614428
0.0022981291
0.0014542307
0.004854507
0.0031957094
0.0015575591
0.00097272983
0.0026276884
0.0016911274
0.00079504344
0.00048574294
0.0017532419
0.0011122227
0.00051101522
0.00030788007
0.15963968
0.12768665
0.085752523
0.065492508
0.13174931
0.10407014
0.06848917
0.051656825
0.093187927
0.072063843
0.045823068
0.033836592
0.073592053
0.056135887
0.034913196
0.025431404
0.065492508
0.049102156
0.029592895
0.021094157
0.051656825
0.03824831
0.022592972
0.015907314
0.033836592
0.024530421
0.014007054
0.0096595916
0.025431404
0.018188467
0.010162159
0.0069154089
0.025431404
0.018188467
0.010162159
0.0069154089
0.018767185
0.013236357
0.0072318312
0.004854507
0.01104331
0.0076092897
0.0040049263
0.0026276884
0.0077706596
0.0052754382
0.0027112968
0.0017532419
0.073592053
0.056135887
0.034913196
0.025431404
0.057143226
0.042978548
0.026128047
0.018767185
0.036612814
0.026895345
0.015739344
0.01104331
0.027196756
0.019680805
0.011241483
0.0077706596
0.0072140711
0.0046548605
0.0021824268
0.0013256337
0.0058754359
0.0037547306
0.0017330856
0.0010425557
0.0040177031
0.0025264041
0.0011360703
0.00067248911
0.0030838392
0.0019192748
0.00084882551
0.0004973393
0.0013256337
0.00078651318
0.00032139713
0.00017915109
0.0010425557
0.00061259505
0.00024643121
0.0001360381
0.00067248911
0.00038883771
0.00015240455
8.2793505e-05
0.0004973393
0.00028464495
0.00010974612
5.9018645e-05
0.0004973393
0.00028464495
0.00010974612
5.9018645e-05
0.0003592829
0.00020350241
7.7158765e-05
4.1069166e-05
0.00020203489
0.00011247797
4.1481102e-05
2.1706838e-05
0.00013729542
7.5605396e-05
2.7398661e-05
1.4184555e-05
0.0030838392
0.0019192748
0.00084882551
0.0004973393
0.0023141158
0.0014250868
0.00061963983
0.0003592829
0.0013863051
0.00083879834
0.00035453993
0.00020203489
0.00098074148
0.00058678197
0.00024359821
0.00013729542
0.00017915109
9.7478398e-05
3.4582829e-05
1.7651678e-05
0.0001360381
7.3305523e-05
2.5601964e-05
1.2941594e-05
8.2793505e-05
4.3905195e-05
1.4942327e-05
7.433662e-06
5.9018645e-05
3.0982975e-05
1.0374199e-05
5.1095677e-06
1.7651678e-05
8.7902822e-06
2.6994658e-06
1.2595745e-06
1.2941594e-05
6.3825604e-06
1.9295764e-06
8.9166721e-07
7.433662e-06
3.608195e-06
1.0631164e-06
4.8353355e-07
5.1095677e-06
2.4554283e-06
7.1188702e-07
3.2058191e-07
5.1095677e-06
2.4554283e-06
7.1188702e-07
3.2058191e-07
3.4267219e-06
1.6301438e-06
4.6497074e-07
2.0729654e-07
1.7042969e-06
7.9738354e-07
2.2143093e-07
9.7107607e-08
1.0718649e-06
4.9627886e-07
1.3552031e-07
5.8821985e-08
5.9018645e-05
3.0982975e-05
1.0374199e-05
5.1095677e-06
4.1069166e-05
2.1340155e-05
7.0284548e-06
3.4267219e-06
2.1706838e-05
1.1090005e-05
3.5545325e-06
1.7042969e-06
1.4184555e-05
7.1700219e-06
2.2591115e-06
1.0718649e-06
1.4184555e-05
7.1700219e-06
2.2591115e-06
1.0718649e-06
9.0500952e-06
4.5253998e-06
1.4013145e-06
6.5783662e-07
4.1588552e-06
2.0427591e-06
6.1470746e-07
2.8356005e-07
2.4934773e-06
1.2110272e-06
3.5791294e-07
1.6329367e-07
1.0718649e-06
4.9627886e-07
1.3552031e-07
5.8821985e-08
6.5783662e-07
3.0137806e-07
8.0912343e-08
3.4755471e-08
2.8356005e-07
1.2766911e-07
3.333287e-08
1.407514e-08
1.6329367e-07
7.2721601e-08
1.865712e-08
7.7941151e-09
1.6329367e-07
7.2721601e-08
1.865712e-08
7.7941151e-09
9.1790065e-08
4.0427808e-08
1.0189711e-08
4.21088e-09
3.4346275e-08
1.4853976e-08
3.6362856e-09
1.4761392e-09
1.813137e-08
7.7518896e-09
1.8631991e-09
7.4793996e-10
2.4934773e-06
1.2110272e-06
3.5791294e-07
1.6329367e-07
1.4601626e-06
7.0109452e-07
2.0344881e-07
9.1790065e-08
5.8454271e-07
2.7540537e-07
7.7541993e-08
3.4346275e-08
3.2200968e-07
1.4991127e-07
4.1412052e-08
1.813137e-08
0.00098074148
0.00058678197
0.00024359821
0.00013729542
0.00067847864
0.00040130173
0.00016356572
9.1159187e-05
0.00035658679
0.00020691536
8.1799622e-05
4.4747523e-05
0.00023278081
0.00013344167
5.1740221e-05
2.7971543e-05
0.00013729542
7.5605396e-05
2.7398661e-05
1.4184555e-05
9.1159187e-05
4.9643683e-05
1.7672659e-05
9.0500952e-06
4.4747523e-05
2.3923222e-05
8.2689099e-06
4.1588552e-06
2.7971543e-05
1.4780618e-05
5.0144261e-06
2.4934773e-06
2.7971543e-05
1.4780618e-05
5.0144261e-06
2.4934773e-06
1.7090384e-05
8.9239547e-06
2.9705808e-06
1.4601626e-06
7.3402672e-06
3.7578676e-06
1.2121835e-06
5.8454271e-07
4.2276186e-06
2.1374291e-06
6.7588891e-07
3.2200968e-07
0.00023278081
0.00013344167
5.1740221e-05
2.7971543e-05
0.00014866519
8.4169534e-05
3.199592e-05
1.7090384e-05
6.8726854e-05
3.8114374e-05
1.4019704e-05
7.3402672e-06
4.1475807e-05
2.2701258e-05
8.1776708e-06
4.2276186e-06
4.1475807e-05
2.2701258e-05
8.1776708e-06
4.2276186e-06
2.4502343e-05
1.323231e-05
4.6661573e-06
2.3812744e-06
9.9989181e-06
5.2807765e-06
1.7974074e-06
8.9778682e-07
5.5915241e-06
2.9116074e-06
9.6901594e-07
4.7747096e-07
4.2276186e-06
2.1374291e-06
6.7588891e-07
3.2200968e-07
2.3812744e-06
1.1886849e-06
3.6833834e-07
1.7333781e-07
8.9778682e-07
4.3877406e-07
1.3147003e-07
6.0620123e-08
4.7747096e-07
2.3024549e-07
6.7535863e-08
3.0741158e-08
4.7747096e-07
2.3024549e-07
6.7535863e-08
3.0741158e-08
2.4851283e-07
1.1821085e-07
3.3929988e-08
1.5242707e-08
8.2576756e-08
3.8399193e-08
1.0632476e-08
4.673623e-09
4.0658803e-08
1.8637406e-08
5.0444213e-09
2.1869693e-09
5.5915241e-06
2.9116074e-06
9.6901594e-07
4.7747096e-07
3.0630937e-06
1.5721759e-06
5.1139708e-07
2.4851283e-07
1.1079774e-06
5.5525231e-07
1.7388461e-07
8.2576756e-08
5.7564699e-07
2.8415079e-07
8.6873107e-08
4.0658803e-08
3.2200968e-07
1.4991127e-07
4.1412052e-08
1.813137e-08
1.7333781e-07
7.9722231e-08
2.1600624e-08
9.3466201e-09
6.0620123e-08
2.7325369e-08
7.1706199e-09
3.0429669e-09
3.0741158e-08
1.368184e-08
3.5184881e-09
1.4749086e-09
1.813137e-08
7.7518896e-09
1.8631991e-09
7.4793996e-10
9.3466201e-09
3.9497796e-09
9.3186312e-10
3.6985844e-10
3.0429669e-09
1.2614465e-09
2.8863154e-10
1.1243998e-10
1.4749086e-09
6.0405053e-10
1.3557123e-10
5.2196768e-11
1.4749086e-09
6.0405053e-10
1.3557123e-10
5.2196768e-11
6.9844474e-10
2.8254827e-10
6.2184044e-11
2.3658156e-11
1.9845269e-10
7.8664417e-11
1.6761582e-11
6.2528956e-12
8.8497775e-11
3.4631409e-11
7.2300247e-12
2.6639368e-12
3.0741158e-08
1.368184e-08
3.5184881e-09
1.4749086e-09
1.5242707e-08
6.6967213e-09
1.6871081e-09
6.9844474e-10
4.673623e-09
2.0097254e-09
4.8936485e-10
1.9845269e-10
2.1869693e-09
9.2774698e-10
2.2109275e-10
8.8497775e-11
2.1869693e-09
9.2774698e-10
2.2109275e-10
8.8497775e-11
1.001353e-09
4.1895763e-10
9.767777e-11
3.8582258e-11
2.7033222e-10
1.1054373e-10
2.4853768e-11
9.6036654e-12
1.1704871e-10
4.7174894e-11
1.0365605e-11
3.9500356e-12
8.8497775e-11
3.4631409e-11
7.2300247e-12
2.6639368e-12
3.8582258e-11
1.4902049e-11
3.0472038e-12
1.1087099e-12
9.6036654e-12
3.6299037e-12
7.1720075e-13
2.5557603e-13
3.9500356e-12
1.4727027e-12
2.8473279e-13
1.0014031e-13
3.9500356e-12
1.4727027e-12
2.8473279e-13
1.0014031e-13
1.5895446e-12
5.8443674e-13
1.1052797e-13
3.8356434e-14
3.4814545e-13
1.2508652e-13
2.2807324e-14
7.7416488e-15
1.324473e-13
4.6898768e-14
8.3558586e-15
2.7969017e-15
1.1704871e-10
4.7174894e-11
1.0365605e-11
3.9500356e-12
4.9629349e-11
1.970971e-11
4.2307008e-12
1.5895446e-12
1.1852095e-11
4.5935107e-12
9.4858214e-13
3.4814545e-13
4.7622361e-12
1.817495e-12
3.662591e-13
1.324473e-13
5.7564699e-07
2.8415079e-07
8.6873107e-08
4.0658803e-08
2.9319227e-07
1.4251702e-07
4.251923e-08
1.9607084e-08
9.440613e-08
4.4738581e-08
1.2818698e-08
5.7678184e-09
4.5687436e-08
2.1307279e-08
5.9513483e-09
2.6366489e-09
4.0658803e-08
1.8637406e-08
5.0444213e-09
2.1869693e-09
1.9607084e-08
8.8572024e-09
2.3423619e-09
1.001353e-09
5.7678184e-09
2.5432337e-09
6.4724259e-10
2.7033222e-10
2.6366489e-09
1.1449526e-09
2.8439728e-10
1.1704871e-10
2.6366489e-09
1.1449526e-09
2.8439728e-10
1.1704871e-10
1.1813847e-09
5.0510282e-10
1.2240455e-10
4.9629349e-11
3.0905857e-10
1.2879372e-10
2.9964157e-11
1.1852095e-11
1.3152537e-10
5.3932937e-11
1.222923e-11
4.7622361e-12
4.5687436e-08
2.1307279e-08
5.9513483e-09
2.6366489e-09
2.1689691e-08
9.9526555e-09
2.7088804e-09
1.1813847e-09
6.2411126e-09
2.788444e-09
7.2729366e-10
3.0905857e-10
2.8197033e-09
1.2389056e-09
3.1460554e-10
1.3152537e-10
0.027196756
0.019680805
0.011241483
0.0077706596
0.019862626
0.014155184
0.0078878379
0.0053701077
0.011523716
0.0080070725
0.0042829407
0.0028432911
0.008050089
0.0055049351
0.0028695608
0.00187495
0.0077706596
0.0052754382
0.0027112968
0.0017532419
0.0053701077
0.0035909347
0.0018012695
0.0011476118
0.0028432911
0.0018541691
0.00089337009
0.00055532551
0.00187495
0.0012034817
0.00056529129
0.00034595717
0.00187495
0.0012034817
0.00056529129
0.00034595717
0.0012146012
0.00076719628
0.00035117432
0.00021154304
0.00057948507
0.00035648329
0.00015638218
9.177668e-05
0.00035839881
0.00021685477
9.2624705e-05
5.3475234e-05
0.008050089
0.0055049351
0.0028695608
0.00187495
0.0055286356
0.0037200664
0.0018891223
0.0012146012
0.0029033717
0.0019024521
0.00092549747
0.00057948507
0.0019068634
0.0012289134
0.00058198041
0.00035839881
0.0017532419
0.0011122227
0.00051101522
0.00030788007
0.0011476118
0.00071739502
0.00032196757
0.00019123177
0.00055532551
0.00033877261
0.00014623073
8.4817192e-05
0.00034595717
0.00020781361
8.7515964e-05
5.0003888e-05
0.00030788007
0.00018177438
7.4179544e-05
4.1475807e-05
0.00019123177
0.00011132413
4.4422819e-05
2.4502343e-05
8.4817192e-05
4.8232312e-05
1.8542713e-05
9.9989181e-06
5.0003888e-05
2.8016083e-05
1.0519145e-05
5.5915241e-06
5.0003888e-05
2.8016083e-05
1.0519145e-05
5.5915241e-06
2.8907522e-05
1.5953086e-05
5.8473741e-06
3.0630937e-06
1.1431278e-05
6.1525815e-06
2.166984e-06
1.1079774e-06
6.2830669e-06
3.3287007e-06
1.1432323e-06
5.7564699e-07
0.00034595717
0.00020781361
8.7515964e-05
5.0003888e-05
0.00021154304
0.00012509221
5.13737e-05
2.8907522e-05
9.177668e-05
5.2882499e-05
2.083601e-05
1.1431278e-05
5.3475234e-05
3.0314901e-05
1.163643e-05
6.2830669e-06
5.3475234e-05
3.0314901e-05
1.163643e-05
6.2830669e-06
3.0595021e-05
1.7060585e-05
6.3778226e-06
3.3884401e-06
1.1928635e-05
6.4742507e-06
2.3174236e-06
1.1988928e-06
6.5090465e-06
3.4735305e-06
1.2099718e-06
6.1561084e-07
6.2830669e-06
3.3287007e-06
1.1432323e-06
5.7564699e-07
3.3884401e-06
1.7666187e-06
5.9141664e-07
2.9319227e-07
1.1988928e-06
6.087867e-07
1.9539037e-07
9.440613e-08
6.1561084e-07
3.0746706e-07
9.6100462e-08
4.5687436e-08
6.1561084e-07
3.0746706e-07
9.6100462e-08
4.5687436e-08
3.1030845e-07
1.5241126e-07
4.6376489e-08
2.1689691e-08
9.8513909e-08
4.707774e-08
1.3708652e-08
6.2411126e-09
4.7330812e-08
2.2234417e-08
6.2987929e-09
2.8197033e-09
6.5090465e-06
3.4735305e-06
1.2099718e-06
6.1561084e-07
3.4884932e-06
1.8301594e-06
6.2026535e-07
3.1030845e-07
1.2242358e-06
6.2464432e-07
2.0241837e-07
9.8513909e-08
6.2609439e-07
3.1396686e-07
9.8938355e-08
4.7330812e-08
0.0019068634
0.0012289134
0.00058198041
0.00035839881
0.0012311279
0.00078025559
0.00035962564
0.00021778865
0.00058488234
0.00036069102
0.00015904443
9.3716346e-05
0.00036101069
0.00021887483
9.388532e-05
5.4385661e-05
0.00035839881
0.00021685477
9.2624705e-05
5.3475234e-05
0.00021778865
0.00012959102
5.3879495e-05
3.0595021e-05
9.3716346e-05
5.4259773e-05
2.1585387e-05
1.1928635e-05
5.4385661e-05
3.0955629e-05
1.1980015e-05
6.5090465e-06
5.4385661e-05
3.0955629e-05
1.1980015e-05
6.5090465e-06
3.1011455e-05
1.7351065e-05
6.5313355e-06
3.4884932e-06
1.2039795e-05
6.5506992e-06
2.3568854e-06
1.2242358e-06
6.5565151e-06
3.5059042e-06
1.2264449e-06
6.2609439e-07
0.00036101069
0.00021887483
9.388532e-05
5.4385661e-05
0.00021901891
0.00013053561
5.4461153e-05
3.1011455e-05
9.4058497e-05
5.4520326e-05
2.1742772e-05
1.2039795e-05
5.4534136e-05
3.1068694e-05
1.2047735e-05
6.5565151e-06
0.99950889
0.99938657
0.99901225
0.99862939
0.99952132
0.9994308
0.99909842
0.99873206
0.99939318
0.99932118
0.99895308
0.99850752
0.99919829
0.99911289
0.99864215
0.99806461
0.99862939
0.99808165
0.99668732
0.99537321
0.99873206
0.99818774
0.99674843
0.99535396
0.99850752
0.99781978
0.99594541
0.99410047
0.99806461
0.99717172
0.99474829
0.99238123
0.99806461
0.99717172
0.99474829
0.99238123
0.99730617
0.99609198
0.99284732
0.989728
0.9951276
0.99306868
0.98776231
0.98282956
0.99294655
0.99010538
0.98296207
0.97647026
0.99919829
0.99911289
0.99864215
0.99806461
0.99888133
0.99875639
0.99809986
0.99730617
0.99798879
0.99771753
0.99651277
0.9951276
0.99709075
0.99665367
0.99489695
0.99294655
0.99537321
0.99356848
0.98918193
0.98522105
0.99535396
0.9934059
0.98858874
0.98418973
0.99410047
0.99150858
0.9850987
0.97927815
0.99238123
0.98908345
0.98103795
0.97383711
0.98522105
0.9799742
0.96788389
0.95755281
0.98418973
0.9783307
0.96478741
0.95322023
0.97927815
0.97158868
0.95408048
0.93938676
0.97383711
0.9644419
0.94342772
0.92610245
0.97383711
0.9644419
0.94342772
0.92610245
0.96617504
0.95460375
0.92926809
0.90880794
0.94811879
0.93201276
0.89805995
0.87162437
0.93283303
0.91332689
0.87319073
0.84266291
0.99238123
0.98908345
0.98103795
0.97383711
0.989728
0.98544081
0.97518258
0.96617504
0.98282956
0.97623074
0.96101438
0.94811879
0.97647026
0.9679395
0.94873664
0.93283303
0.97647026
0.9679395
0.94873664
0.93283303
0.96806999
0.95718488
0.93327114
0.91392205
0.94909832
0.93347916
0.90048815
0.87478534
0.9333643
0.91427042
0.87490322
0.8449413
0.93283303
0.91332689
0.87319073
0.84266291
0.91392205
0.89061978
0.84382716
0.80906638
0.87478534
0.8447341
0.78671917
0.74524194
0.8449413
0.81054386
0.74572755
0.70047284
0.8449413
0.81054386
0.74572755
0.70047284
0.81065306
0.77196527
0.70080177
0.65227864
0.74601163
0.70095784
0.62123945
0.56892663
0.70087148
0.65252705
0.56900321
0.51547596
0.9333643
0.91427042
0.87490322
0.8449413
0.91405843
0.89112693
0.84497105
0.81065306
0.87433053
0.84464718
0.787167
0.74601163
0.84411641
0.81012231
0.74583856
0.70087148
0.99709075
0.99665367
0.99489695
0.99294655
0.99580614
0.99512004
0.99258999
0.98987589
0.99253682
0.99119973
0.98679847
0.98231891
0.98947364
0.98752766
0.98148355
0.97551738
0.99294655
0.99010538
0.98296207
0.97647026
0.98987589
0.98600216
0.97650473
0.96806999
0.98231891
0.97613063
0.96156176
0.94909832
0.97551738
0.96743654
0.94887829
0.9333643
0.97551738
0.96743654
0.94887829
0.9333643
0.96661381
0.95625076
0.93302907
0.91405843
0.94662716
0.93172211
0.89960919
0.87433053
0.93009949
0.9118898
0.87358688
0.84411641
0.98947364
0.98752766
0.98148355
0.97551738
0.98531176
0.98255349
0.97441498
0.96661381
0.97543167
0.97082939
0.95819845
0.94662716
0.96677736
0.96065355
0.94450297
0.93009949
0.95755281
0.94449683
0.91638613
0.89396507
0.95322023
0.93864101
0.90744364
0.88275856
0.93938676
0.9211567
0.88304262
0.8535986
0.92610245
0.90491524
0.86148254
0.82857184
0.89396507
0.86719829
0.8139767
0.77479347
0.88275856
0.85351055
0.79601646
0.75420056
0.8535986
0.81939078
0.75393884
0.70760214
0.82857184
0.79091291
0.7202989
0.67128596
0.82857184
0.79091291
0.7202989
0.67128596
0.79821793
0.75700955
0.68140731
0.63003635
0.73837823
0.69170479
0.60920373
0.55514729
0.69541869
0.64585024
0.56027484
0.50548922
0.92610245
0.90491524
0.86148254
0.82857184
0.90880794
0.88419375
0.83483205
0.79821793
0.87162437
0.84071731
0.78104276
0.73837823
0.84266291
0.80761504
0.74155459
0.69541869
0.77479347
0.73094425
0.65114401
0.59740543
0.75420056
0.7078757
0.62474008
0.56954718
0.70760214
0.65734669
0.56966288
0.51305431
0.67128596
0.61893059
0.52937825
0.47267983
0.59740543
0.54138042
0.44870823
0.39206549
0.56954718
0.51264821
0.41992343
0.36409517
0.51305431
0.45593388
0.36540696
0.31239422
0.47267983
0.41630771
0.32864754
0.2782712
0.47267983
0.41630771
0.32864754
0.2782712
0.42955352
0.37466603
0.29100387
0.24386927
0.35714382
0.30619234
0.23111795
0.19022537
0.31268541
0.26501476
0.19627794
0.15963968
0.67128596
0.61893059
0.52937825
0.47267983
0.63003635
0.57604721
0.48562761
0.42955352
0.55514729
0.49988795
0.41059711
0.35714382
0.50548922
0.45046346
0.36355234
0.31268541
0.50548922
0.45046346
0.36355234
0.31268541
0.45462415
0.40067234
0.31740008
0.26977017
0.37267772
0.32219682
0.24716052
0.20583263
0.32392684
0.27654164
0.20773385
0.17072083
0.31268541
0.26501476
0.19627794
0.15963968
0.26977017
0.2258969
0.16401268
0.13174931
0.20583263
0.16882902
0.1184888
0.093187927
0.17072083
0.13816284
0.094860129
0.073592053
0.17072083
0.13816284
0.094860129
0.073592053
0.13943903
0.11129403
0.074701714
0.057143226
0.097241277
0.075830703
0.049003862
0.036612814
0.076237892
0.058577635
0.036951013
0.027196756
0.32392684
0.27654164
0.20773385
0.17072083
0.27773134
0.23401826
0.1720108
0.13943903
0.2101796
0.17322352
0.12274875
0.097241277
0.17362442
0.14108073
0.097659631
0.076237892
0.84266291
0.80761504
0.74155459
0.69541869
0.80906638
0.7698837
0.69779587
0.64862859
0.74524194
0.6998569
0.61956436
0.56687091
0.70047284
0.65185389
0.56788964
0.51408609
0.69541869
0.64585024
0.56027484
0.50548922
0.64862859
0.59675628
0.50930852
0.45462415
0.56687091
0.51289909
0.42535842
0.37267772
0.51408609
0.45997647
0.37428098
0.32392684
0.51408609
0.45997647
0.37428098
0.32392684
0.4608031
0.40748667
0.32503418
0.27773134
0.37614213
0.32599424
0.25136413
0.2101796
0.32628113
0.2791124
0.21055733
0.17362442
0.70047284
0.65185389
0.56788964
0.51408609
0.65227864
0.60109341
0.51479637
0.4608031
0.56892663
0.51534962
0.4284499
0.37614213
0.51547596
0.46164452
0.3763872
0.32628113
0.51547596
0.46164452
0.3763872
0.32628113
0.46170663
0.40858831
0.32643431
0.27929424
0.3765304
0.3265069
0.25204366
0.21094177
0.32646658
0.27940045
0.21097012
0.17409378
0.32628113
0.2791124
0.21055733
0.17362442
0.27929424
0.23571912
0.17386431
0.14133428
0.21094177
0.17405114
0.12364091
0.09814527
0.17409378
0.14159232
0.098209207
0.076792007
0.17409378
0.14159232
0.098209207
0.076792007
0.14161134
0.11349289
0.076828049
0.059160717
0.098246507
0.076845101
0.049972055
0.037521644
0.076835582
0.059183174
0.037526677
0.0277341
0.32646658
0.27940045
0.21097012
0.17409378
0.27933552
0.23585304
0.17409983
0.14161134
0.21083168
0.17403291
0.1237111
0.098246507
0.17392341
0.14151838
0.098223642
0.076835582
0.17362442
0.14108073
0.097659631
0.076237892
0.14133428
0.11318693
0.076498525
0.058829654
0.09814527
0.076724489
0.049837344
0.037386079
0.076792007
0.059122204
0.037453271
0.027659339
0.076237892
0.058577635
0.036951013
0.027196756
0.058829654
0.044523781
0.027402265
0.019862626
0.037386079
0.027595469
0.016305275
0.011523716
0.027659339
0.020096495
0.011573297
0.008050089
0.027659339
0.020096495
0.011573297
0.008050089
0.020132614
0.014395973
0.0080776114
0.0055286356
0.011630851
0.0081014724
0.0043558191
0.0029033717
0.0081086013
0.0055561297
0.0029085899
0.0019068634
0.076792007
0.059122204
0.037453271
0.027659339
0.059160717
0.044847394
0.027697556
0.020132614
0.037521644
0.027727314
0.016423789
0.011630851
0.0277341
0.020169366
0.011638426
0.0081086013
0.0277341
0.020169366
0.011638426
0.0081086013
0.020172069
0.014434883
0.0081124057
0.0055597485
0.011642838
0.0081142026
0.0043675913
0.002913899
0.008113194
0.0055618548
0.0029142889
0.0019120168
0.0081086013
0.0055561297
0.0029085899
0.0019068634
0.0055597485
0.0037471183
0.0019094982
0.0012311279
0.002913899
0.0019115494
0.00093223534
0.00058488234
0.0019120168
0.001233375
0.00058526324
0.00036101069
0.0019120168
0.001233375
0.00058526324
0.00036101069
0.0012335399
0.00078236831
0.00036118001
0.00021901891
0.00058548463
0.00036125983
0.00015947702
9.4058497e-05
0.00036121477
0.00021910171
9.4071055e-05
5.4534136e-05
0.008113194
0.0055618548
0.0029142889
0.0019120168
0.0055605571
0.0037492395
0.0019120819
0.0012335399
0.0029123696
0.0019113442
0.00093276263
0.00058548463
0.0019101393
0.0012327271
0.00058534782
0.00036121477
0.17392341
0.14151838
0.098223642
0.076835582
0.14139787
0.11338178
0.076807906
0.059169394
0.097990299
0.076700154
0.049923095
0.037502009
0.07656646
0.059028803
0.037470058
0.027706914
0.076835582
0.059183174
0.037526677
0.0277341
0.059169394
0.04487283
0.027735054
0.020172069
0.037502009
0.027724375
0.016433096
0.011642838
0.027706914
0.020158803
0.011640123
0.008113194
0.027706914
0.020158803
0.011640123
0.008113194
0.020141624
0.014420727
0.0081102675
0.0055605571
0.011612451
0.0080988814
0.0043633047
0.0029123696
0.0080847582
0.0055473354
0.0029098864
0.0019101393
0.07656646
0.059028803
0.037470058
0.027706914
0.05889624
0.044715632
0.027675554
0.020141624
0.037238819
0.02757362
0.016375511
0.011612451
0.027458467
0.020017312
0.011586366
0.0080847582
0.96677736
0.96065355
0.94450297
0.93009949
0.95564964
0.94768323
0.92743517
0.90984351
0.93118784
0.91954875
0.89154884
0.86819989
0.91132062
0.89701683
0.86367741
0.83655302
0.93009949
0.9118898
0.87358688
0.84411641
0.90984351
0.88800969
0.84316235
0.80943321
0.86819989
0.84005944
0.78441309
0.74406866
0.83655302
0.80444164
0.74239878
0.69841923
0.83655302
0.80444164
0.74239878
0.69841923
0.80025118
0.76430103
0.69641833
0.64936663
0.73193213
0.6904959
0.61507091
0.56464243
0.68431703
0.64021132
0.5617009
0.51035715
0.91132062
0.89701683
0.86367741
0.83655302
0.88728968
0.87008037
0.83115962
0.80025118
0.83871437
0.81651559
0.76857493
0.73193213
0.80239802
0.7771211
0.72399489
0.68431703
0.84411641
0.81012231
0.74583856
0.70087148
0.80943321
0.77121146
0.7006196
0.65237561
0.74406866
0.69963789
0.62063255
0.56863039
0.69841923
0.65082733
0.56814655
0.51497222
0.70087148
0.65252705
0.56900321
0.51547596
0.65237561
0.60143538
0.51549401
0.46170663
0.56863039
0.51529621
0.42869351
0.3765304
0.51497222
0.46140401
0.37644292
0.32646658
0.51497222
0.46140401
0.37644292
0.32646658
0.46101135
0.40818888
0.32634914
0.27933552
0.37554919
0.32589162
0.25179711
0.21083168
0.32532379
0.27867222
0.21065218
0.17392341
0.69841923
0.65082733
0.56814655
0.51497222
0.64936663
0.59933081
0.51438998
0.46101135
0.56464243
0.51249659
0.42719309
0.37554919
0.51035715
0.45816781
0.37470615
0.32532379
0.51035715
0.45816781
0.37470615
0.32532379
0.45578087
0.40453053
0.32439157
0.27804661
0.36942275
0.32163254
0.24954014
0.20935261
0.31875417
0.27412595
0.20826181
0.17236433
0.32532379
0.27867222
0.21065218
0.17392341
0.27804661
0.23502731
0.17372667
0.14139787
0.20935261
0.17308702
0.12327787
0.097990299
0.17236433
0.14052547
0.09777026
0.07656646
0.17236433
0.14052547
0.09777026
0.07656646
0.13979325
0.11236532
0.076346998
0.05889624
0.096391467
0.07569754
0.049475475
0.037238819
0.07502003
0.058065623
0.037044757
0.027458467
0.31875417
0.27412595
0.20826181
0.17236433
0.27115299
0.23028096
0.17125282
0.13979325
0.20224158
0.16823512
0.12078811
0.096391467
0.16532604
0.13575214
0.095346006
0.07502003
0.80239802
0.7771211
0.72399489
0.68431703
0.76127947
0.73309557
0.67539377
0.63326861
0.68528932
0.65314299
0.58995771
0.54546509
0.6333299
0.59941304
0.53434548
0.48951901
0.68431703
0.64021132
0.5617009
0.51035715
0.63326861
0.58722901
0.50706649
0.45578087
0.54546509
0.49813207
0.41856665
0.36942275
0.48951901
0.44260638
0.36541636
0.31875417
0.48951901
0.44260638
0.36541636
0.31875417
0.4335835
0.38801301
0.31459746
0.27115299
0.34588
0.30423262
0.23935071
0.20224158
0.29500343
0.25665606
0.19811857
0.16532604
0.6333299
0.59941304
0.53434548
0.48951901
0.57850658
0.54347528
0.47783804
0.4335835
0.48634572
0.45107231
0.38737917
0.34588
0.42906983
0.39463479
0.33381607
0.29500343
0.99950889
0.99952132
0.99939318
0.99919829
0.9995599
0.99949996
0.99925365
0.99897775
0.99936445
0.99916131
0.99862892
0.99812658
0.99902971
0.998693
0.99787241
0.99713351
0.99919829
0.99888133
0.99798879
0.99709075
0.99897775
0.99856871
0.99749472
0.99646
0.99812658
0.9974405
0.99578368
0.99428909
0.99713351
0.99615468
0.99387917
0.99189648
0.99713351
0.99615468
0.99387917
0.99189648
0.99559514
0.99419016
0.99102402
0.98834665
0.9913557
0.98887329
0.98350588
0.97914861
0.98715892
0.98369834
0.97638146
0.97057187
0.99902971
0.998693
0.99787241
0.99713351
0.99845617
0.99792486
0.99668069
0.99559514
0.99673407
0.99568574
0.99333219
0.9913557
0.99491145
0.99336278
0.98995939
0.98715892
0.99709075
0.99580614
0.99253682
0.98947364
0.99646
0.99501764
0.99144692
0.98817016
0.99428909
0.99229922
0.98763803
0.98355374
0.99189648
0.98932617
0.98351028
0.97857117
0.98947364
0.98531176
0.97543167
0.96677736
0.98817016
0.98377656
0.97349255
0.96457804
0.98355374
0.9782498
0.96628743
0.95622493
0.97857117
0.97230312
0.95856125
0.94728047
0.97857117
0.97230312
0.95856125
0.94728047
0.97141176
0.96382325
0.94766902
0.93475378
0.95382968
0.94327977
0.92182898
0.90540173
0.93832484
0.92542652
0.8998813
0.88080994
0.99189648
0.98932617
0.98351028
0.97857117
0.98834665
0.98495748
0.97753088
0.97141176
0.97914861
0.97381219
0.96263781
0.95382968
0.97057187
0.96358307
0.949306
0.93832484
0.97057187
0.96358307
0.949306
0.93832484
0.95911816
0.95010098
0.93209712
0.9185618
0.93295815
0.91986007
0.89459373
0.87623964
0.91114514
0.89508146
0.86471552
0.84309707
0.93832484
0.92542652
0.8998813
0.88080994
0.9185618
0.90295014
0.87278407
0.85080193
0.87623964
0.85564021
0.81728264
0.79034088
0.84309707
0.81921735
0.77569805
0.74578137
0.84309707
0.81921735
0.77569805
0.74578137
0.80442507
0.77728796
0.72884811
0.69623435
0.73054862
0.69862394
0.64345605
0.60750171
0.67866034
0.64434955
0.5862045
0.54904606
0.91114514
0.89508146
0.86471552
0.84309707
0.88439674
0.86511378
0.8293745
0.80442507
0.82978783
0.80505373
0.76061998
0.73054862
0.78885988
0.76084241
0.71145723
0.67866034
0.99491145
0.99336278
0.98995939
0.98715892
0.99222186
0.98998412
0.98516414
0.98127407
0.98518876
0.98131678
0.9732339
0.96690506
0.97852381
0.97324777
0.96244143
0.95413459
0.98715892
0.98369834
0.97638146
0.97057187
0.98127407
0.9765404
0.96673987
0.95911816
0.96690506
0.95938564
0.94431283
0.93295815
0.95413459
0.94440658
0.92528109
0.91114514
0.95413459
0.94440658
0.92528109
0.91114514
0.93766494
0.92535676
0.90161699
0.88439674
0.90169294
0.88452142
0.85239909
0.82978783
0.87292009
0.85244051
0.81484195
0.78885988
0.97852381
0.97324777
0.96244143
0.95413459
0.96948077
0.96245244
0.94832646
0.93766494
0.94833709
0.93768375
0.91691307
0.90169294
0.93029085
0.91691887
0.89133106
0.87292009
0.96677736
0.95564964
0.93118784
0.91132062
0.96457804
0.95318813
0.92830969
0.90819541
0.95622493
0.94362174
0.91669875
0.89531346
0.94728047
0.93338999
0.90430433
0.88158499
0.91132062
0.88728968
0.83871437
0.80239802
0.90819541
0.88392819
0.83499564
0.79847451
0.89531346
0.86980733
0.81902682
0.78151764
0.88158499
0.85479341
0.80214635
0.76368569
0.88158499
0.85479341
0.80214635
0.76368569
0.8627845
0.83435922
0.77940909
0.7398292
0.82054002
0.78894925
0.72976946
0.68831377
0.78676412
0.75308584
0.69132078
0.64888082
0.94728047
0.93338999
0.90430433
0.88158499
0.93475378
0.91915119
0.88722684
0.8627845
0.90540173
0.88618472
0.84842048
0.82054002
0.88080994
0.85893067
0.817002
0.78676412
0.80239802
0.76127947
0.68528932
0.6333299
0.79847451
0.75716422
0.68089776
0.62879636
0.78151764
0.7393808
0.66220594
0.60985459
0.76368569
0.72080336
0.64295166
0.59055165
0.6333299
0.57850658
0.48634572
0.42906983
0.62879636
0.5738623
0.48161368
0.42435614
0.60985459
0.55493496
0.46329486
0.40676943
0.59055165
0.53588269
0.44527327
0.38973949
0.59055165
0.53588269
0.44527327
0.38973949
0.56543626
0.51130871
0.42237563
0.36831335
0.51335647
0.46093886
0.37633347
0.32574878
0.47513318
0.42439543
0.34354991
0.29579158
0.76368569
0.72080336
0.64295166
0.59055165
0.7398292
0.69612638
0.61769163
0.56543626
0.68831377
0.64342353
0.56471127
0.51335647
0.64888082
0.60355101
0.52537473
0.47513318
0.64888082
0.60355101
0.52537473
0.47513318
0.60434041
0.55895276
0.48205304
0.43343187
0.52383442
0.47943268
0.40644652
0.36158596
0.47073041
0.42771087
0.3583452
0.31648067
0.47513318
0.42439543
0.34354991
0.29579158
0.43343187
0.38489601
0.30863723
0.26417746
0.36158596
0.31769986
0.25042246
0.21209908
0.31648067
0.27605984
0.21508265
0.18087505
0.31648067
0.27605984
0.21508265
0.18087505
0.27234365
0.2357308
0.1814047
0.15140737
0.20576477
0.17572599
0.13236283
0.10904626
0.16896012
0.14302641
0.10623067
0.08677585
0.47073041
0.42771087
0.3583452
0.31648067
0.41668414
0.37565735
0.3107783
0.27234365
0.33074819
0.29412515
0.23800784
0.20576477
0.28057894
0.24725999
0.1971874
0.16896012
0.88080994
0.85893067
0.817002
0.78676412
0.85080193
0.82605279
0.77977554
0.74717324
0.79034088
0.76086772
0.70781374
0.67179369
0.74578137
0.71360073
0.65695692
0.61934078
0.78676412
0.75308584
0.69132078
0.64888082
0.74717324
0.71148837
0.64745707
0.60434041
0.67179369
0.63345362
0.56706187
0.52383442
0.61934078
0.57997167
0.51326385
0.47073041
0.61934078
0.57997167
0.51326385
0.47073041
0.56362909
0.5238521
0.45788027
0.41668414
0.46981181
0.43087752
0.36845109
0.33074819
0.41172587
0.37426242
0.31540839
0.28057894
0.74578137
0.71360073
0.65695692
0.61934078
0.69623435
0.66171897
0.60226778
0.56362909
0.60750171
0.57040476
0.50862735
0.46981181
0.54904606
0.51128666
0.44966403
0.41172587
0.54904606
0.51128666
0.44966403
0.41172587
0.48935503
0.45172998
0.3915315
0.35520478
0.39364561
0.35791985
0.30252817
0.27014981
0.33712288
0.30350735
0.25237384
0.22305945
0.41172587
0.37426242
0.31540839
0.28057894
0.35520478
0.31988008
0.26548913
0.23394241
0.27014981
0.23942403
0.19359772
0.16785963
0.22305945
0.19565147
0.15555723
0.13347672
0.22305945
0.19565147
0.15555723
0.13347672
0.18094939
0.15702813
0.12269806
0.10415722
0.12410624
0.105788
0.08029115
0.06694549
0.095933843
0.080846605
0.060236293
0.049653884
0.33712288
0.30350735
0.25237384
0.22305945
0.28401825
0.25308512
0.20691375
0.18094939
0.20758564
0.18180108
0.14446317
0.12410624
0.16711431
0.14474316
0.11294416
0.095933843
0.28057894
0.24725999
0.1971874
0.16896012
0.23394241
0.20421761
0.16040092
0.13616728
0.16785963
0.14418881
0.11036061
0.092220501
0.13347672
0.11346848
0.085411898
0.070650991
0.16896012
0.14302641
0.10623067
0.08677585
0.13616728
0.11421242
0.083600213
0.067689134
0.092220501
0.076155765
0.054383357
0.043380207
0.070650991
0.057761569
0.040597676
0.032074501
0.070650991
0.057761569
0.040597676
0.032074501
0.053060723
0.042935651
0.029688607
0.023225736
0.031990158
0.025443902
0.017120335
0.013174889
0.022781399
0.017922257
0.011851946
0.0090257009
0.13347672
0.11346848
0.085411898
0.070650991
0.10415722
0.087601804
0.064820263
0.053060723
0.06694549
0.055306894
0.039768148
0.031990158
0.049653884
0.040557751
0.028636497
0.022781399
0.049653884
0.040557751
0.028636497
0.022781399
0.036103722
0.029150153
0.020203392
0.015891692
0.020657676
0.016362475
0.01099751
0.0084899677
0.014244174
0.011147106
0.0073485293
0.0056063734
0.022781399
0.017922257
0.011851946
0.0090257009
0.015891692
0.012363278
0.0080324636
0.0060520912
0.0084899677
0.006483972
0.0040910156
0.0030283623
0.0056063734
0.0042320541
0.0026212396
0.0019188094
0.0056063734
0.0042320541
0.0026212396
0.0019188094
0.0036245943
0.0027038929
0.0016435756
0.0011895638
0.0017106621
0.0012515151
0.0007375685
0.00052393559
0.0010457925
0.00075580273
0.00043685261
0.00030669238
0.014244174
0.011147106
0.0073485293
0.0056063734
0.0096216144
0.0074380959
0.0048081691
0.0036245943
0.0048801807
0.0036976523
0.0023144116
0.0017106621
0.0031212149
0.0023353397
0.0014324794
0.0010457925
0.16711431
0.14474316
0.11294416
0.095933843
0.13210887
0.113133
0.086653918
0.072755602
0.086817571
0.072959644
0.054188571
0.044633154
0.065326734
0.054249356
0.039516522
0.032157161
0.095933843
0.080846605
0.060236293
0.049653884
0.072755602
0.060604499
0.044310903
0.036103722
0.044633154
0.036470131
0.025846203
0.020657676
0.032157161
0.025959136
0.018039167
0.014244174
0.032157161
0.025959136
0.018039167
0.014244174
0.022709004
0.018108187
0.012335556
0.0096216144
0.012390598
0.0096829447
0.0063841261
0.0048801807
0.0082952578
0.0064011741
0.0041349546
0.0031212149
0.065326734
0.054249356
0.039516522
0.032157161
0.048210284
0.039554399
0.028250096
0.022709004
0.028280078
0.022745691
0.015727311
0.012390598
0.019811829
0.015737171
0.010662661
0.0082952578
0.93029085
0.91691887
0.89133106
0.87292009
0.90774223
0.89133552
0.86052143
0.83875102
0.86052549
0.83875838
0.79909049
0.7718811
0.82425399
0.79909256
0.75408327
0.72376971
0.87292009
0.85244051
0.81484195
0.78885988
0.83875102
0.81487423
0.77185026
0.74266153
0.7718811
0.74271254
0.69171253
0.65812734
0.72376971
0.69172833
0.63673517
0.60118049
0.72376971
0.69172833
0.63673517
0.60118049
0.67115184
0.63674686
0.57878035
0.54198683
0.57879074
0.54200416
0.4818501
0.44478972
0.51906904
0.48185496
0.42211314
0.38597972
0.82425399
0.79909256
0.75408327
0.72376971
0.78251484
0.75408474
0.70416341
0.67115184
0.70416453
0.67115411
0.61490114
0.57879074
0.65004105
0.61490161
0.55611718
0.51906904
0.78885988
0.76084241
0.71145723
0.67866034
0.74266153
0.7116313
0.65795649
0.6229732
0.65812734
0.62323329
0.56467355
0.52764094
0.60118049
0.56475904
0.50476172
0.46751876
0.67866034
0.64434955
0.5862045
0.54904606
0.6229732
0.58690272
0.52694036
0.48935503
0.52764094
0.49033564
0.43019492
0.39364561
0.46751876
0.43053358
0.37201748
0.33712288
0.46751876
0.43053358
0.37201748
0.33712288
0.40811539
0.37226631
0.31659573
0.28401825
0.31682751
0.28433948
0.23537871
0.20758564
0.26515586
0.23548016
0.19157475
0.16711431
0.60118049
0.56475904
0.50476172
0.46751876
0.54198683
0.504825
0.44473174
0.40811539
0.44478972
0.40820321
0.35078125
0.31682751
0.38597972
0.35080771
0.29661237
0.26515586
0.38597972
0.35080771
0.29661237
0.26515586
0.32968189
0.29663068
0.24662997
0.21814214
0.24664541
0.21816538
0.17633851
0.1532139
0.20155873
0.17634483
0.13998541
0.12025434
0.26515586
0.23548016
0.19157475
0.16711431
0.21814214
0.19164423
0.15315432
0.13210887
0.1532139
0.13219032
0.10254386
0.086817571
0.12025434
0.1025672
0.078076849
0.065326734
0.12025434
0.1025672
0.078076849
0.065326734
0.092636989
0.078091643
0.058315145
0.048210284
0.058326743
0.048225902
0.034890266
0.028280078
0.042720243
0.034894294
0.024747703
0.019811829
0.20155873
0.17634483
0.13998541
0.12025434
0.16180915
0.13998945
0.10909359
0.092636989
0.10909666
0.092641622
0.070018417
0.058326743
0.083435107
0.070019521
0.051907263
0.042720243
0.65004105
0.61490161
0.55611718
0.51906904
0.59268075
0.55611742
0.4960695
0.45891527
0.49606945
0.45891556
0.39968951
0.36412107
0.43611064
0.3996894
0.34268888
0.30908363
0.51906904
0.48185496
0.42211314
0.38597972
0.45891527
0.42211647
0.36411846
0.32968189
0.36412107
0.32968642
0.27700339
0.24664541
0.30908363
0.27700445
0.22881646
0.20155873
0.30908363
0.27700445
0.22881646
0.20155873
0.25802886
0.22881709
0.18573208
0.16180915
0.18573241
0.16180991
0.12755361
0.10909666
0.1480767
0.12755369
0.098696212
0.083435107
0.43611064
0.3996894
0.34268888
0.30908363
0.37758763
0.34268871
0.2890642
0.25802886
0.28906383
0.25802859
0.21173392
0.18573241
0.23975005
0.2117337
0.17069957
0.1480767
0.23975005
0.2117337
0.17069957
0.1480767
0.1954206
0.17069911
0.13514599
0.11590608
0.13514534
0.11590551
0.089039899
0.074933091
0.10503382
0.089039598
0.067108601
0.055805876
0.1480767
0.12755369
0.098696212
0.083435107
0.11590608
0.098696036
0.074933416
0.062598998
0.074933091
0.062598794
0.046061639
0.037733472
0.055805876
0.046061493
0.033231505
0.026890158
0.055805876
0.046061493
0.033231505
0.026890158
0.040756291
0.033231385
0.02350145
0.018781685
0.023501293
0.018781566
0.012854663
0.010065749
0.016288306
0.012854604
0.0086197289
0.00666416
0.10503382
0.089039598
0.067108601
0.055805876
0.08010502
0.067108357
0.049608347
0.040756291
0.049608034
0.040756025
0.029181359
0.023501293
0.035957794
0.029181233
0.020479264
0.016288306
0.083435107
0.070019521
0.051907263
0.042720243
0.062598998
0.051907778
0.03773321
0.030676852
0.037733472
0.030677382
0.02159246
0.017205012
0.026890158
0.021592529
0.014893848
0.011719022
0.042720243
0.034894294
0.024747703
0.019811829
0.030676852
0.024749982
0.017203424
0.013600724
0.017205012
0.013602877
0.0091484282
0.0070856976
0.011719022
0.0091489099
0.0060274346
0.00460897
0.011719022
0.0091489099
0.0060274346
0.00460897
0.0078201563
0.006027687
0.0038894994
0.0029360358
0.0038896507
0.0029362486
0.0018315275
0.001353756
0.0024580024
0.0018315669
0.0011185983
0.00081603961
0.026890158
0.021592529
0.014893848
0.011719022
0.018781685
0.014893868
0.010065771
0.0078201563
0.010065749
0.0078201755
0.0051116027
0.0038896507
0.00666416
0.0051115919
0.0032722741
0.0024580024
0.00666416
0.0051115919
0.0032722741
0.0024580024
0.0043215185
0.003272264
0.0020513326
0.0015209474
0.0020513178
0.0015209394
0.00092141472
0.000668837
0.0012590976
0.00092141009
0.00054646249
0.00039146798
0.0024580024
0.0018315669
0.0011185983
0.00081603961
0.0015209474
0.0011186162
0.00066882924
0.00048154257
0.000668837
0.00048155606
0.00027814805
0.00019601592
0.00039146798
0.00027814963
0.00015724739
0.00010935009
0.00039146798
0.00027814963
0.00015724739
0.00010935009
0.00022426928
0.00015724784
8.7002279e-05
5.9698932e-05
8.7002081e-05
5.9699253e-05
3.1893711e-05
2.1415e-05
4.7106819e-05
3.1893636e-05
1.6672579e-05
1.1045121e-05
0.0012590976
0.00092141009
0.00054646249
0.00039146798
0.00075661974
0.00054645943
0.00031723958
0.00022426928
0.00031723633
0.00022426713
0.0001257485
8.7002081e-05
0.00018025733
0.00012574764
6.9002502e-05
4.7106819e-05
0.035957794
0.029181233
0.020479264
0.016288306
0.025550053
0.02047917
0.014084107
0.011061513
0.014083997
0.011061424
0.0073591723
0.0056618185
0.0094899692
0.0073591336
0.0047956994
0.0036424111
0.016288306
0.012854604
0.0086197289
0.00666416
0.011061513
0.0086196865
0.0056618669
0.0043215185
0.0056618185
0.0043214814
0.00274445
0.0020513178
0.0036424111
0.0027444343
0.0017066661
0.0012590976
0.0036424111
0.0027444343
0.0017066661
0.0012590976
0.0022947175
0.0017066558
0.001039114
0.00075661974
0.0010391034
0.00075661186
0.00044508356
0.00031723633
0.00061936636
0.00044508055
0.00025627951
0.00018025733
0.0094899692
0.0073591336
0.0047956994
0.0036424111
0.0062640231
0.0047956729
0.0030606844
0.0022947175
0.0030606558
0.0022946955
0.0014155347
0.0010391034
0.0019127874
0.0014155259
0.00085490205
0.00061936636
0.019811829
0.015737171
0.010662661
0.0082952578
0.013600724
0.01066828
0.0070816624
0.0054397309
0.0070856976
0.0054445877
0.0034950627
0.002629487
0.00460897
0.0034962306
0.0021979254
0.0016323018
0.0082952578
0.0064011741
0.0041349546
0.0031212149
0.0054397309
0.0041445178
0.0026225586
0.0019545565
0.002629487
0.0019621175
0.0012004211
0.00087622889
0.0016323018
0.00120231
0.0007202703
0.00051897016
0.0016323018
0.00120231
0.0007202703
0.00051897016
0.00099205932
0.0007212438
0.0004230358
0.00030085162
0.00042367546
0.00030153487
0.0001708714
0.00011896032
0.00024350049
0.00017102447
9.4860487e-05
6.5173285e-05
0.00460897
0.0034962306
0.0021979254
0.0016323018
0.0029360358
0.0021985388
0.0013533582
0.00099205932
0.001353756
0.00099253103
0.00059038468
0.00042367546
0.00081603961
0.00059048561
0.00034382667
0.00024350049
0.0031212149
0.0023353397
0.0014324794
0.0010457925
0.0019545565
0.00144398
0.0008678389
0.00062571237
0.00087622889
0.00063403793
0.00036854927
0.00026034719
0.00051897016
0.00037069433
0.00021103093
0.00014718263
0.0010457925
0.00075580273
0.00043685261
0.00030669238
0.00062571237
0.00044665423
0.00025313981
0.00017561355
0.00026034719
0.00018211898
9.9939694e-05
6.7989888e-05
0.00014718263
0.00010166236
5.4673425e-05
3.6741929e-05
0.00014718263
0.00010166236
5.4673425e-05
3.6741929e-05
8.1415218e-05
5.5522126e-05
2.9257499e-05
1.9420039e-05
2.9822425e-05
1.9918106e-05
1.0152057e-05
6.6034385e-06
1.557882e-05
1.0270561e-05
5.1271078e-06
3.2930024e-06
0.00051897016
0.00037069433
0.00021103093
0.00014718263
0.00030085162
0.00021211233
0.00011824526
8.1415218e-05
0.00011896032
8.2108718e-05
4.4232754e-05
2.9822425e-05
6.5173285e-05
4.4393215e-05
2.3410946e-05
1.557882e-05
6.5173285e-05
4.4393215e-05
2.3410946e-05
1.557882e-05
3.4938985e-05
2.348503e-05
1.2122589e-05
7.9615254e-06
1.2166948e-05
8.0035591e-06
3.9898393e-06
2.5647768e-06
6.1606466e-06
3.9985599e-06
1.9506308e-06
1.2373248e-06
1.557882e-05
1.0270561e-05
5.1271078e-06
3.2930024e-06
7.9615254e-06
5.1805557e-06
2.5325904e-06
1.6059997e-06
2.5647768e-06
1.6337062e-06
7.7185267e-07
4.7936734e-07
1.2373248e-06
7.7776909e-07
3.5973129e-07
2.2053272e-07
1.2373248e-06
7.7776909e-07
3.5973129e-07
2.2053272e-07
5.8389072e-07
3.6217238e-07
1.6396906e-07
9.9216389e-08
1.6529841e-07
1.003334e-07
4.3871466e-08
2.5987074e-08
7.3613704e-08
4.408532e-08
1.8864255e-08
1.1027129e-08
6.1606466e-06
3.9985599e-06
1.9506308e-06
1.2373248e-06
3.051829e-06
1.9543145e-06
9.3289269e-07
5.8389072e-07
9.3488784e-07
5.8573822e-07
2.6990571e-07
1.6529841e-07
4.37225e-07
2.7024881e-07
1.2183249e-07
7.3613704e-08
0.00081603961
0.00059048561
0.00034382667
0.00024350049
0.00048154257
0.00034387502
0.00019598793
0.0001369706
0.00019601592
0.00013700362
7.5410682e-05
5.1577601e-05
0.00010935009
7.5416867e-05
4.0623432e-05
2.7415007e-05
0.00024350049
0.00017102447
9.4860487e-05
6.5173285e-05
0.0001369706
9.4932729e-05
5.1534654e-05
3.4938985e-05
5.1577601e-05
3.4983921e-05
1.8338314e-05
1.2166948e-05
2.7415007e-05
1.8347312e-05
9.4109358e-06
6.1606466e-06
2.7415007e-05
1.8347312e-05
9.4109358e-06
6.1606466e-06
1.4258323e-05
9.4148167e-06
4.7251265e-06
3.051829e-06
4.7272055e-06
3.0539662e-06
1.4794737e-06
9.3488784e-07
2.3218759e-06
1.4798541e-06
7.0135798e-07
4.37225e-07
0.00010935009
7.5416867e-05
4.0623432e-05
2.7415007e-05
5.9698932e-05
4.0626108e-05
2.141366e-05
1.4258323e-05
2.1415e-05
1.4259945e-05
7.2560584e-06
4.7272055e-06
1.1045121e-05
7.256313e-06
3.6125127e-06
2.3218759e-06
1.1045121e-05
7.256313e-06
3.6125127e-06
2.3218759e-06
5.5737066e-06
3.6126093e-06
1.7595545e-06
1.115694e-06
1.7595916e-06
1.1157462e-06
5.2446233e-07
3.2531614e-07
8.3843019e-07
5.2446807e-07
2.4116032e-07
1.4756386e-07
2.3218759e-06
1.4798541e-06
7.0135798e-07
4.37225e-07
1.115694e-06
7.015074e-07
3.2524464e-07
2.0002083e-07
3.2531614e-07
2.0009364e-07
8.9522141e-08
5.3854706e-08
1.4756386e-07
8.953352e-08
3.918256e-08
2.3251778e-08
1.4756386e-07
8.953352e-08
3.918256e-08
2.3251778e-08
6.5473226e-08
3.9186602e-08
1.6774097e-08
9.8189015e-09
1.6775786e-08
9.8206458e-09
4.0557324e-09
2.3220083e-09
7.0241064e-09
4.0559643e-09
1.6382574e-09
9.2515562e-10
8.3843019e-07
5.2446807e-07
2.4116032e-07
1.4756386e-07
3.9081292e-07
2.4116194e-07
1.0847176e-07
6.5473226e-08
1.0847176e-07
6.5474032e-08
2.8414854e-08
1.6775786e-08
4.7723234e-08
2.8414818e-08
1.2061565e-08
7.0241064e-09
4.37225e-07
2.7024881e-07
1.2183249e-07
7.3613704e-08
2.0002083e-07
1.2196495e-07
5.3789904e-08
3.2064037e-08
5.3854706e-08
3.2122729e-08
1.3671179e-08
7.97223e-09
2.3251778e-08
1.3680912e-08
5.695349e-09
3.2762558e-09
7.3613704e-08
4.408532e-08
1.8864255e-08
1.1027129e-08
3.2064037e-08
1.8944925e-08
7.9325191e-09
4.5756717e-09
7.97223e-09
4.6082412e-09
1.8626418e-09
1.0514068e-09
3.2762558e-09
1.8682266e-09
7.3877737e-10
4.1144802e-10
3.2762558e-09
1.8682266e-09
7.3877737e-10
4.1144802e-10
1.3167691e-09
7.4070235e-10
2.8654346e-10
1.57446e-10
2.8739958e-10
1.5813154e-10
5.9031227e-11
3.1732326e-11
1.0896108e-10
5.9136381e-11
2.1593341e-11
1.1450748e-11
2.3251778e-08
1.3680912e-08
5.695349e-09
3.2762558e-09
9.8189015e-09
5.6987789e-09
2.320497e-09
1.3167691e-09
2.3220083e-09
1.3181114e-09
5.1781458e-10
2.8739958e-10
9.2515562e-10
5.1801252e-10
1.9902894e-10
1.0896108e-10
9.2515562e-10
5.1801252e-10
1.9902894e-10
1.0896108e-10
3.6049547e-10
1.9909246e-10
7.4812039e-11
4.0398095e-11
7.4837088e-11
4.042005e-11
1.4650729e-11
7.7371046e-12
2.7507529e-11
1.4653582e-11
5.1941818e-12
2.7055168e-12
1.0896108e-10
5.9136381e-11
2.1593341e-11
1.1450748e-11
4.0398095e-11
2.1626439e-11
7.7238185e-12
4.0404058e-12
7.7371046e-12
4.0508015e-12
1.3956866e-12
7.1412072e-13
2.7055168e-12
1.3971104e-12
4.7077713e-13
2.3759885e-13
2.7055168e-12
1.3971104e-12
4.7077713e-13
2.3759885e-13
9.2512683e-13
4.7118599e-13
1.5527456e-13
7.7297171e-14
1.554224e-13
7.7410434e-14
2.4604976e-14
1.1978788e-14
5.0117187e-14
2.4618783e-14
7.652113e-15
3.6743568e-15
2.7507529e-11
1.4653582e-11
5.1941818e-12
2.7055168e-12
9.8875296e-12
5.1950114e-12
1.8007814e-12
9.2512683e-13
1.8010695e-12
9.2538028e-13
3.0937318e-13
1.554224e-13
6.1057578e-13
3.0940157e-13
1.0114947e-13
5.0117187e-14
4.7723234e-08
2.8414818e-08
1.2061565e-08
7.0241064e-09
2.053681e-08
1.2061524e-08
5.0076088e-09
2.8764716e-09
5.0075545e-09
2.8764566e-09
1.1520679e-09
6.4722147e-10
2.0333309e-09
1.1520592e-09
4.5126769e-10
2.5005382e-10
7.0241064e-09
4.0559643e-09
1.6382574e-09
9.2515562e-10
2.8764716e-09
1.6383304e-09
6.471968e-10
3.6049547e-10
6.4722147e-10
3.6052346e-10
1.3738082e-10
7.4837088e-11
2.5005382e-10
1.3738366e-10
5.1197289e-11
2.7507529e-11
2.5005382e-10
1.3738366e-10
5.1197289e-11
2.7507529e-11
9.447926e-11
5.1198015e-11
1.8658428e-11
9.8875296e-12
1.865854e-11
9.8877819e-12
3.4755526e-12
1.8010695e-12
6.6497031e-12
3.4755596e-12
1.1946428e-12
6.1057578e-13
2.0333309e-09
1.1520592e-09
4.5126769e-10
2.5005382e-10
8.074875e-10
4.5126377e-10
1.7286971e-10
9.447926e-11
1.7286683e-10
9.4477912e-11
3.4910055e-11
1.865854e-11
6.4761182e-11
3.4909673e-11
1.2614528e-11
6.6497031e-12
0.0019127874
0.0014155259
0.00085490205
0.00061936636
0.0011704478
0.0008548965
0.00050544014
0.00036138316
0.00050543461
0.00036137911
0.00020638513
0.00014442771
0.00029250559
0.00020638364
0.00011535776
7.9657634e-05
0.00061936636
0.00044508055
0.00025627951
0.00018025733
0.00036138316
0.0002562777
0.00014442943
0.00010024228
0.00014442771
0.00010024107
5.4553475e-05
3.7052559e-05
7.9657634e-05
5.455305e-05
2.905237e-05
1.9469068e-05
7.9657634e-05
5.455305e-05
2.905237e-05
1.9469068e-05
4.2994027e-05
2.9052136e-05
1.5139059e-05
1.0009545e-05
1.5138854e-05
1.0009407e-05
5.0349969e-06
3.2570281e-06
7.7186774e-06
5.0349527e-06
2.47789e-06
1.5813206e-06
0.00029250559
0.00020638364
0.00011535776
7.9657634e-05
0.0001656843
0.00011535689
6.3101278e-05
4.2994027e-05
6.3100488e-05
4.2993477e-05
2.2707093e-05
1.5138854e-05
3.3776636e-05
2.2706908e-05
1.173452e-05
7.7186774e-06
0.00018025733
0.00012574764
6.9002502e-05
4.7106819e-05
0.00010024228
6.9002002e-05
3.7053022e-05
2.4958407e-05
3.7052559e-05
2.4958098e-05
1.2938973e-05
8.5277131e-06
1.9469068e-05
1.2938867e-05
6.5631416e-06
4.2675479e-06
4.7106819e-05
3.1893636e-05
1.6672579e-05
1.1045121e-05
2.4958407e-05
1.6672516e-05
8.5277945e-06
5.5737066e-06
8.5277131e-06
5.5736721e-06
2.751792e-06
1.7595916e-06
4.2675479e-06
2.7517739e-06
1.3291228e-06
8.3843019e-07
4.2675479e-06
2.7517739e-06
1.3291228e-06
8.3843019e-07
2.0893676e-06
1.329113e-06
6.2801929e-07
3.9081292e-07
6.2801069e-07
3.9080809e-07
1.781963e-07
1.0847176e-07
2.9027847e-07
1.781947e-07
7.947744e-08
4.7723234e-08
1.9469068e-05
1.2938867e-05
6.5631416e-06
4.2675479e-06
1.0009545e-05
6.5630858e-06
3.2570749e-06
2.0893676e-06
3.2570281e-06
2.0893374e-06
1.000735e-06
6.2801069e-07
1.5813206e-06
1.0007257e-06
4.6889656e-07
2.9027847e-07
1.5813206e-06
1.0007257e-06
4.6889656e-07
2.9027847e-07
7.5107139e-07
4.6889204e-07
2.1491602e-07
1.3124603e-07
2.1491257e-07
1.3124389e-07
5.8044707e-08
3.4672141e-08
9.635423e-08
5.8044105e-08
2.5109327e-08
1.4794798e-08
2.9027847e-07
1.781947e-07
7.947744e-08
4.7723234e-08
1.3124603e-07
7.9476683e-08
3.4672709e-08
2.053681e-08
3.4672141e-08
2.0536482e-08
8.6439052e-09
5.0075545e-09
1.4794798e-08
8.6438133e-09
3.5583898e-09
2.0333309e-09
1.4794798e-08
8.6438133e-09
3.5583898e-09
2.0333309e-09
6.174604e-09
3.5583507e-09
1.4326804e-09
8.074875e-10
1.4326539e-09
8.0747258e-10
3.1361385e-10
1.7286683e-10
5.6412862e-10
3.1361012e-10
1.191194e-10
6.4761182e-11
9.635423e-08
5.8044105e-08
2.5109327e-08
1.4794798e-08
4.2255376e-08
2.5109059e-08
1.0623979e-08
6.174604e-09
1.062379e-08
6.1744929e-09
2.5203774e-09
1.4326539e-09
4.3964113e-09
2.5203487e-09
1.0061739e-09
5.6412862e-10
3.3776636e-05
2.2706908e-05
1.173452e-05
7.7186774e-06
1.7691495e-05
1.173442e-05
5.9332501e-06
3.8503664e-06
5.9331663e-06
3.8503109e-06
1.8790845e-06
1.1929801e-06
2.935043e-06
1.8790673e-06
8.9714032e-07
5.6188369e-07
7.7186774e-06
5.0349527e-06
2.47789e-06
1.5813206e-06
3.8503664e-06
2.4778675e-06
1.1929981e-06
7.5107139e-07
1.1929801e-06
7.5105982e-07
3.4896701e-07
2.1491257e-07
5.6188369e-07
3.489636e-07
1.5860523e-07
9.635423e-08
5.6188369e-07
3.489636e-07
1.5860523e-07
9.635423e-08
2.588794e-07
1.5860363e-07
7.051185e-08
4.2255376e-08
7.0510669e-08
4.2254656e-08
1.8125009e-08
1.062379e-08
3.0661677e-08
1.8124813e-08
7.6041736e-09
4.3964113e-09
2.935043e-06
1.8790673e-06
8.9714032e-07
5.6188369e-07
1.4204374e-06
8.9713184e-07
4.1900881e-07
2.588794e-07
4.1900221e-07
2.5887525e-07
1.166721e-07
7.0510669e-08
1.914301e-07
1.1667091e-07
5.1433361e-08
3.0661677e-08
0.97655554
0.97109931
0.95980547
0.95110448
0.96689551
0.95963886
0.94492444
0.93379896
0.94447548
0.93352141
0.91201746
0.89624078
0.92546831
0.91176319
0.88538049
0.86637922
0.95110448
0.94092801
0.9209959
0.90633668
0.93379896
0.92097103
0.89631258
0.87850439
0.89624078
0.87846302
0.84530792
0.82205922
0.86637922
0.84526879
0.8066252
0.78001791
0.86637922
0.84526879
0.8066252
0.78001791
0.83108213
0.80657956
0.76255269
0.7327876
0.76242865
0.73271582
0.68090472
0.64689866
0.71332874
0.68084034
0.62522709
0.58938814
0.92546831
0.91176319
0.88538049
0.86637922
0.90184092
0.88508608
0.85345039
0.83108213
0.85269727
0.83061184
0.79017908
0.76242865
0.81518679
0.78976752
0.74410136
0.71332874
0.90633668
0.88975657
0.85864735
0.83669152
0.87850439
0.85864432
0.82206831
0.79672073
0.82205922
0.79671568
0.75142331
0.7209496
0.78001791
0.75141853
0.70124664
0.66810223
0.83669152
0.81263236
0.76933375
0.73999856
0.79672073
0.7693332
0.72095093
0.68876588
0.7209496
0.68876492
0.63358697
0.59795413
0.66810223
0.63358623
0.57549545
0.53866436
0.66810223
0.63358623
0.57549545
0.53866436
0.61167713
0.57549465
0.51571312
0.4785009
0.51571119
0.47849967
0.41882396
0.38276897
0.45557271
0.41882301
0.36096192
0.32664288
0.78001791
0.75141853
0.70124664
0.66810223
0.7327876
0.70124108
0.64691436
0.61167713
0.64689866
0.61166853
0.55278547
0.51571119
0.58938814
0.55277776
0.49270592
0.45557271
0.58938814
0.55277776
0.49270592
0.45557271
0.52988511
0.49269742
0.43279161
0.3964371
0.4327693
0.39642511
0.33959326
0.30611905
0.37436264
0.33958316
0.28618627
0.2553115
0.45557271
0.41882301
0.36096192
0.32664288
0.3964371
0.36096094
0.30612139
0.27419046
0.30611905
0.27418913
0.22627371
0.19919832
0.2553115
0.2262727
0.18348573
0.15975288
0.2553115
0.2262727
0.18348573
0.15975288
0.20929937
0.18348474
0.14613688
0.12580246
0.14613456
0.12580125
0.097238684
0.08214908
0.11426692
0.097237794
0.073747961
0.061567652
0.37436264
0.33958316
0.28618627
0.2553115
0.31870815
0.28617584
0.23713512
0.20929937
0.23710995
0.20928611
0.16856479
0.14613456
0.19307316
0.16855443
0.13331842
0.11426692
0.81518679
0.78976752
0.74410136
0.71332874
0.77223517
0.74364352
0.69323163
0.65987776
0.69213375
0.65919085
0.60282757
0.56662392
0.637154
0.60226091
0.54365214
0.50668799
0.71332874
0.68084034
0.62522709
0.58938814
0.65987776
0.6251555
0.56680478
0.52988511
0.56662392
0.52978082
0.46968176
0.4327693
0.50668799
0.46959413
0.41018588
0.37436264
0.50668799
0.46959413
0.41018588
0.37436264
0.44659807
0.41009409
0.35269092
0.31870815
0.3524776
0.31858633
0.26684239
0.23710995
0.29816563
0.26674746
0.21964419
0.19307316
0.637154
0.60226091
0.54365214
0.50668799
0.57917468
0.54305417
0.48348682
0.44659807
0.48215876
0.44577166
0.38750876
0.3524776
0.42234505
0.3868736
0.33109637
0.29816563
0.73999856
0.7088497
0.65506915
0.62009455
0.68876588
0.65506873
0.59795483
0.56148815
0.59795413
0.56148745
0.50149875
0.46431968
0.53866436
0.50149833
0.44147565
0.40495479
0.62009455
0.58410854
0.52449194
0.48728274
0.56148815
0.52449147
0.4643204
0.42745051
0.46431968
0.42744978
0.36924436
0.3346281
0.40495479
0.36924395
0.3138945
0.28157976
0.40495479
0.36924395
0.3138945
0.28157976
0.34770331
0.31389412
0.26244457
0.23295776
0.26244405
0.23295726
0.18939516
0.16516705
0.21569523
0.18939491
0.15124387
0.13041596
0.53866436
0.50149833
0.44147565
0.40495479
0.4785009
0.44147524
0.38276963
0.34770331
0.38276897
0.34770271
0.29373192
0.26244405
0.32664288
0.29373158
0.24399769
0.21569523
0.48728274
0.45018399
0.39120446
0.35587947
0.42745051
0.39120398
0.33462881
0.30136426
0.3346281
0.30136357
0.25096138
0.22220092
0.28157976
0.25096101
0.20540943
0.17989451
0.35587947
0.32175083
0.26967602
0.23975005
0.30136426
0.26967558
0.22220153
0.1954206
0.22220092
0.19542002
0.15646821
0.13514534
0.17989451
0.15646791
0.12301103
0.10503382
0.17989451
0.15646791
0.12301103
0.10503382
0.14304166
0.12301078
0.094920142
0.08010502
0.094919829
0.08010474
0.059931098
0.049608034
0.071865185
0.059930966
0.043972557
0.035957794
0.28157976
0.25096101
0.20540943
0.17989451
0.23295776
0.20540911
0.16516748
0.14304166
0.16516705
0.14304126
0.11166143
0.094919829
0.13041596
0.11166124
0.085542509
0.071865185
0.13041596
0.11166124
0.085542509
0.071865185
0.10108157
0.085542354
0.064291725
0.053369481
0.064291534
0.053369312
0.038864972
0.031632396
0.047390563
0.038864896
0.027746377
0.022305077
0.071865185
0.059930966
0.043972557
0.035957794
0.053369481
0.043972457
0.031632513
0.025550053
0.031632396
0.025549953
0.017793076
0.014083997
0.022305077
0.017793033
0.012141848
0.0094899692
0.022305077
0.017793033
0.012141848
0.0094899692
0.015413531
0.012141818
0.008117332
0.0062640231
0.0081173001
0.0062639971
0.0040497049
0.0030606558
0.0053157341
0.0040496946
0.0025639822
0.0019127874
0.047390563
0.038864896
0.027746377
0.022305077
0.034251398
0.027746321
0.019414996
0.015413531
0.019414934
0.015413479
0.010436207
0.0081173001
0.01331253
0.010436186
0.0069223002
0.0053157341
0.32664288
0.29373158
0.24399769
0.21569523
0.27419046
0.24399739
0.1991988
0.17417352
0.19919832
0.17417313
0.13812399
0.11858291
0.15975288
0.13812377
0.10752978
0.09125174
0.21569523
0.18939491
0.15124387
0.13041596
0.17417352
0.15124365
0.11858319
0.10108157
0.11858291
0.10108131
0.076876551
0.064291534
0.09125174
0.07687643
0.057353457
0.047390563
0.09125174
0.07687643
0.057353457
0.047390563
0.068894892
0.057353365
0.041960858
0.034251398
0.041960746
0.034251303
0.024266509
0.019414934
0.030097803
0.024266467
0.016849408
0.01331253
0.15975288
0.13812377
0.10752978
0.09125174
0.12580246
0.1075296
0.082149369
0.068894892
0.08214908
0.068894692
0.051018396
0.041960746
0.061567652
0.051018287
0.037046044
0.030097803
0.061567652
0.051018287
0.037046044
0.030097803
0.045253239
0.037045956
0.026370831
0.021160793
0.02637068
0.021160706
0.014579496
0.011463641
0.018398075
0.014579447
0.0098420315
0.0076409195
0.030097803
0.024266467
0.016849408
0.01331253
0.021160793
0.016849379
0.011463674
0.0089433052
0.011463641
0.0089432793
0.0058853792
0.0044973253
0.0076409195
0.0058853686
0.0037933615
0.0028615046
0.0076409195
0.0058853686
0.0037933615
0.0028615046
0.0049886373
0.0037933546
0.0023943435
0.0017828402
0.0023943357
0.0017828348
0.0010875664
0.00079283632
0.0014798054
0.0010875642
0.00064949842
0.00046728814
0.018398075
0.014579447
0.0098420315
0.0076409195
0.0125778
0.0098419932
0.0065085325
0.0049886373
0.006508464
0.0049886039
0.0031898227
0.0023943357
0.0042156439
0.0031898035
0.001997297
0.0014798054
0.01331253
0.010436186
0.0069223002
0.0053157341
0.0089433052
0.0069222859
0.0044973399
0.003409361
0.0044973253
0.0034093493
0.0021413177
0.0015895347
0.0028615046
0.0021413133
0.0013168459
0.00096480832
0.0053157341
0.0040496946
0.0025639822
0.0019127874
0.003409361
0.0025639757
0.001589541
0.0011704478
0.0015895347
0.0011704429
0.00070116755
0.00050543461
0.00096480832
0.00070116579
0.00041118147
0.00029250559
0.00096480832
0.00070116579
0.00041118147
0.00029250559
0.0005732974
0.00041118044
0.00023601866
0.0001656843
0.00023601776
0.00016568362
9.1848254e-05
6.3100488e-05
0.00013259338
9.1848036e-05
4.9827856e-05
3.3776636e-05
0.0028615046
0.0021413133
0.0013168459
0.00096480832
0.0017828402
0.0013168433
0.00079283881
0.0005732974
0.00079283632
0.0005732955
0.00033346006
0.00023601776
0.00046728814
0.00033345942
0.00018984315
0.00013259338
0.00046728814
0.00033345942
0.00018984315
0.00013259338
0.00026958533
0.0001898428
0.00010577843
7.2900333e-05
0.00010577812
7.2900114e-05
3.922258e-05
2.6451695e-05
5.7678829e-05
3.9222513e-05
2.0649723e-05
1.3740126e-05
0.00013259338
9.1848036e-05
4.9827856e-05
3.3776636e-05
7.2900333e-05
4.9827741e-05
2.6451787e-05
1.7691495e-05
2.6451695e-05
1.7691429e-05
9.0667281e-06
5.9331663e-06
1.3740126e-05
9.066709e-06
4.5462361e-06
2.935043e-06
1.3740126e-05
9.066709e-06
4.5462361e-06
2.935043e-06
6.983243e-06
4.546227e-06
2.2302109e-06
1.4204374e-06
2.2302043e-06
1.4204329e-06
6.7249536e-07
4.1900221e-07
1.0703128e-06
6.724942e-07
3.1145764e-07
1.914301e-07
5.7678829e-05
3.9222513e-05
2.0649723e-05
1.3740126e-05
3.077693e-05
2.0649688e-05
1.0637432e-05
6.983243e-06
1.0637404e-05
6.9832249e-06
3.4723955e-06
2.2302043e-06
5.3614023e-06
3.4723903e-06
1.68922e-06
1.0703128e-06
0.0042156439
0.0031898035
0.001997297
0.0014798054
0.0026740854
0.0019972826
0.0012244933
0.0008954295
0.0012244676
0.00089541827
0.00053041802
0.00037969403
0.00073493392
0.00053041167
0.00030755716
0.00021726342
0.0014798054
0.0010875642
0.00064949842
0.00046728814
0.0008954295
0.00064949709
0.00037969563
0.00026958533
0.00037969403
0.00026958442
0.00015222289
0.00010577812
0.00021726342
0.00015222252
8.4120611e-05
5.7678829e-05
0.00021726342
0.00015222252
8.4120611e-05
5.7678829e-05
0.00012167422
8.4120387e-05
4.5491624e-05
3.077693e-05
4.5491321e-05
3.0776793e-05
1.6069196e-05
1.0637404e-05
2.4073236e-05
1.6069137e-05
8.209156e-06
5.3614023e-06
0.00073493392
0.00053041167
0.00030755716
0.00021726342
0.00043181109
0.00030755267
0.00017454788
0.00012167422
0.00017454033
0.00012167114
6.668584e-05
4.5491321e-05
9.6945207e-05
6.668419e-05
3.5765626e-05
2.4073236e-05
0.42234505
0.3868736
0.33109637
0.29816563
0.3642617
0.33046734
0.27827661
0.24801958
0.27699513
0.24723105
0.20257775
0.17744154
0.22872054
0.20201822
0.16266504
0.1409113
0.29816563
0.26674746
0.21964419
0.19307316
0.24801958
0.21955136
0.17763839
0.15442783
0.17744154
0.15431702
0.12125349
0.10348307
0.1409113
0.12117401
0.093457729
0.078834279
0.1409113
0.12117401
0.093457729
0.078834279
0.10985131
0.093385635
0.070675492
0.058913064
0.070536797
0.058836351
0.043159502
0.035279538
0.052303047
0.043109131
0.031008422
0.025037627
0.22872054
0.20201822
0.16266504
0.1409113
0.18556037
0.16214914
0.12825201
0.10985131
0.12729471
0.10927126
0.083907473
0.070536797
0.098408208
0.08352995
0.062954937
0.052303047
0.19307316
0.16855443
0.13331842
0.11426692
0.15442783
0.13330846
0.10350499
0.087687774
0.10348307
0.087676467
0.066016038
0.054861905
0.078834279
0.066007895
0.048746848
0.040022551
0.11426692
0.097237794
0.073747961
0.061567652
0.087687774
0.073747135
0.054863724
0.045253239
0.054861905
0.045252353
0.032611959
0.02637068
0.040022551
0.032611338
0.023037441
0.018398075
0.040022551
0.032611338
0.023037441
0.018398075
0.028623928
0.023036904
0.015948733
0.0125778
0.015947641
0.01257729
0.008424305
0.006508464
0.010817618
0.0084239725
0.0055270835
0.0042156439
0.078834279
0.066007895
0.048746848
0.040022551
0.058913064
0.048739599
0.03529398
0.028623928
0.035279538
0.028616634
0.020063909
0.015947641
0.025037627
0.020059099
0.013782398
0.010817618
0.025037627
0.020059099
0.013782398
0.010817618
0.017414523
0.013778451
0.0092757955
0.0071885007
0.0092686989
0.0071849934
0.0046783232
0.003551085
0.0061098048
0.0046762141
0.002982121
0.0022344839
0.010817618
0.0084239725
0.0055270835
0.0042156439
0.0071885007
0.0055268174
0.0035515771
0.0026740854
0.003551085
0.0026738628
0.0016609141
0.0012244676
0.0022344839
0.0016607807
0.0010100537
0.00073493392
0.0022344839
0.0016607807
0.0010100537
0.00073493392
0.0013767025
0.0010099554
0.00060132983
0.00043181109
0.00060116581
0.00043173887
0.0002483274
0.00017454033
0.00035032168
0.00024828789
0.00013977734
9.6945207e-05
0.0061098048
0.0046762141
0.002982121
0.0022344839
0.0039445825
0.0029805295
0.0018613938
0.0013767025
0.0018588189
0.0013754581
0.00083021925
0.00060116581
0.001135722
0.00082953864
0.00049021118
0.00035032168
0.098408208
0.08352995
0.062954937
0.052303047
0.074634897
0.062632706
0.046320902
0.038027174
0.045778896
0.037704716
0.027033355
0.021763269
0.032973326
0.026841753
0.018875383
0.015011149
0.052303047
0.043109131
0.031008422
0.025037627
0.038027174
0.030966231
0.021836624
0.017414523
0.021763269
0.017374744
0.011860684
0.0092686989
0.015011149
0.011836863
0.0079180977
0.0061098048
0.015011149
0.011836863
0.0079180977
0.0061098048
0.010143714
0.0078997315
0.005177642
0.0039445825
0.0051488585
0.003929302
0.0024910967
0.0018588189
0.0032946435
0.0024827749
0.0015418219
0.001135722
0.032973326
0.026841753
0.018875383
0.015011149
0.023274543
0.018724582
0.012912803
0.010143714
0.012683614
0.010010102
0.0066871002
0.0051488585
0.0084820549
0.0066148605
0.0043325426
0.0032946435
0.97655554
0.96689551
0.94447548
0.92546831
0.9762662
0.96655653
0.94404314
0.92497049
0.97531389
0.96545394
0.94266353
0.92340052
0.97420764
0.9641867
0.94110506
0.92164586
0.92546831
0.90184092
0.85269727
0.81518679
0.92497049
0.90127234
0.85200609
0.81441764
0.92340052
0.89950025
0.84989255
0.81209319
0.92164586
0.89754079
0.84759569
0.80959407
0.92164586
0.89754079
0.84759569
0.80959407
0.91894608
0.89455166
0.84414024
0.80586649
0.91152528
0.88643095
0.83492816
0.79604407
0.90421251
0.87851452
0.82610375
0.78673642
0.97420764
0.9641867
0.94110506
0.92164586
0.97245177
0.96219252
0.93868644
0.91894608
0.96741678
0.95654074
0.93196031
0.91152528
0.96225756
0.9508116
0.92526011
0.90421251
0.81518679
0.77223517
0.69213375
0.637154
0.81441764
0.77138926
0.69117382
0.63613505
0.81209319
0.76886271
0.68836067
0.6331838
0.80959407
0.76617532
0.68542
0.6301318
0.637154
0.57917468
0.48215876
0.42234505
0.63613505
0.57810946
0.48105292
0.42123853
0.6331838
0.57506013
0.4779467
0.41816656
0.6301318
0.57194046
0.47482381
0.41511125
0.6301318
0.57194046
0.47482381
0.41511125
0.62571888
0.5674683
0.4704088
0.41082875
0.61456966
0.5562998
0.45958798
0.40045354
0.60441184
0.54623456
0.45000648
0.39136629
0.80959407
0.76617532
0.68542
0.6301318
0.80586649
0.7622012
0.68113138
0.62571888
0.79604407
0.75185034
0.67016961
0.61456966
0.78673642
0.74214778
0.66007338
0.60441184
0.78673642
0.74214778
0.66007338
0.60441184
0.77418199
0.72917261
0.64675814
0.59112996
0.74529818
0.69966298
0.61703408
0.56181945
0.72120742
0.6753186
0.59294442
0.53832454
0.60441184
0.54623456
0.45000648
0.39136629
0.59112996
0.53318629
0.4377568
0.37984787
0.56181945
0.50472037
0.41152481
0.35546306
0.53832454
0.48215204
0.39109485
0.33667992
0.53832454
0.48215204
0.39109485
0.33667992
0.51054332
0.45569471
0.36747497
0.31514975
0.45692059
0.40520498
0.32322126
0.27526653
0.41915415
0.37003814
0.29294789
0.24828522
0.72120742
0.6753186
0.59294442
0.53832454
0.69182237
0.64587819
0.56421419
0.51054332
0.63271586
0.58733229
0.50812468
0.45692059
0.58938271
0.54488302
0.46817978
0.41915415
0.96225756
0.9508116
0.92526011
0.90421251
0.95485234
0.94265868
0.91585693
0.89403744
0.93632767
0.9224988
0.89303735
0.86962875
0.91960638
0.90449861
0.87301871
0.84844855
0.90421251
0.87851452
0.82610375
0.78673642
0.89403744
0.86759373
0.81409842
0.77418199
0.86962875
0.84169735
0.78615741
0.74529818
0.84844855
0.81947043
0.76259636
0.72120742
0.84844855
0.81947043
0.76259636
0.72120742
0.82179812
0.79174217
0.73360947
0.69182237
0.76592783
0.734274
0.67463407
0.63271586
0.72329569
0.69090415
0.63091582
0.58938271
0.91960638
0.90449861
0.87301871
0.84844855
0.89790225
0.88133432
0.84761251
0.82179812
0.85047334
0.83129259
0.79373688
0.76592783
0.8128104
0.7919898
0.75217072
0.72329569
0.42234505
0.3642617
0.27699513
0.22872054
0.42123853
0.36317432
0.27597938
0.22777124
0.41816656
0.36019059
0.27324432
0.22524477
0.41511125
0.35725492
0.27060001
0.22282844
0.22872054
0.18556037
0.12729471
0.098408208
0.22777124
0.18469088
0.12657272
0.097782173
0.22524477
0.1824036
0.12470889
0.096184728
0.22282844
0.18023963
0.12297623
0.09471575
0.22282844
0.18023963
0.12297623
0.09471575
0.21954522
0.17732445
0.12067431
0.092780838
0.21191677
0.17062881
0.11548489
0.088468716
0.20549439
0.16505319
0.11123953
0.084979581
0.41511125
0.35725492
0.27060001
0.22282844
0.41082875
0.35317532
0.26697603
0.21954522
0.40045354
0.34340537
0.25845802
0.21191677
0.39136629
0.33494118
0.25120783
0.20549439
0.098408208
0.074634897
0.045778896
0.032973326
0.097782173
0.07410366
0.045390125
0.032662003
0.096184728
0.072763766
0.044427798
0.031900263
0.09471575
0.071544953
0.043567718
0.031226839
0.032973326
0.023274543
0.012683614
0.0084820549
0.032662003
0.023030811
0.012527338
0.0083668495
0.031900263
0.022441316
0.012156375
0.0080965209
0.031226839
0.021925822
0.011837663
0.0078667945
0.031226839
0.021925822
0.011837663
0.0078667945
0.030366962
0.021273233
0.011439759
0.0075824401
0.028528666
0.019893992
0.010614232
0.0069992032
0.027099267
0.018833298
0.0099906054
0.0065634523
0.09471575
0.071544953
0.043567718
0.031226839
0.092780838
0.069953286
0.042460032
0.030366962
0.088468716
0.066446677
0.040064623
0.028528666
0.084979581
0.063640332
0.0381814
0.027099267
0.084979581
0.063640332
0.0381814
0.027099267
0.080823521
0.060326164
0.035988097
0.025448752
0.072723196
0.053939842
0.03183871
0.022361502
0.066963776
0.049449247
0.028973056
0.020252983
0.027099267
0.018833298
0.0099906054
0.0065634523
0.025448752
0.017619001
0.0092865243
0.0060756926
0.022361502
0.015373316
0.0080080826
0.0052000099
0.020252983
0.013856561
0.0071600569
0.0046255962
0.020252983
0.013856561
0.0071600569
0.0046255962
0.018051265
0.01228631
0.0062942401
0.0040441482
0.014443157
0.0097417732
0.0049164528
0.0031291919
0.012281631
0.0082344715
0.0041150459
0.002602968
0.066963776
0.049449247
0.028973056
0.020252983
0.060759923
0.044653505
0.025954917
0.018051265
0.050170694
0.036559472
0.020952968
0.014443157
0.043563772
0.031565731
0.017922531
0.012281631
0.39136629
0.33494118
0.25120783
0.20549439
0.37984787
0.32430427
0.24222231
0.19760291
0.35546306
0.30204216
0.22376142
0.18157402
0.33667992
0.28508227
0.20994656
0.16971103
0.20549439
0.16505319
0.11123953
0.084979581
0.19760291
0.15826076
0.10613906
0.080823521
0.18157402
0.14462088
0.096084143
0.072723196
0.16971103
0.13463713
0.088855216
0.066963776
0.16971103
0.13463713
0.088855216
0.066963776
0.15652922
0.12363837
0.081001279
0.060759923
0.13309127
0.10430182
0.067443509
0.050170694
0.11786295
0.091878065
0.05888905
0.043563772
0.33667992
0.28508227
0.20994656
0.16971103
0.31514975
0.26580829
0.19446344
0.15652922
0.27526653
0.2305071
0.16662041
0.13309127
0.24828522
0.20689037
0.14832667
0.11786295
0.24828522
0.20689037
0.14832667
0.11786295
0.22031723
0.18261942
0.12978567
0.10256083
0.17492176
0.14366435
0.10056216
0.078710856
0.14798671
0.12080962
0.083726963
0.065125559
0.11786295
0.091878065
0.05888905
0.043563772
0.10256083
0.079500879
0.0504843
0.037128002
0.078710856
0.060424339
0.037762454
0.027494625
0.065125559
0.049680192
0.030727347
0.022227434
0.065125559
0.049680192
0.030727347
0.022227434
0.052780661
0.040000545
0.024476748
0.017587637
0.035891482
0.026903528
0.016169371
0.011488835
0.027468889
0.020446239
0.01214861
0.0085706149
0.14798671
0.12080962
0.083726963
0.065125559
0.12273827
0.099569255
0.068296912
0.052780661
0.086780936
0.069654102
0.046951683
0.035891482
0.068094265
0.054283464
0.036184722
0.027468889
0.043563772
0.031565731
0.017922531
0.012281631
0.037128002
0.026742961
0.015036246
0.010240535
0.027494625
0.019604057
0.010840134
0.0073059976
0.022227434
0.015744766
0.0086130023
0.0057660611
0.012281631
0.0082344715
0.0041150459
0.002602968
0.010240535
0.0068233239
0.0033751192
0.0021212696
0.0073059976
0.0048169071
0.0023417973
0.0014559871
0.0057660611
0.0037759226
0.0018154695
0.0011209635
0.0057660611
0.0037759226
0.0018154695
0.0011209635
0.0044510649
0.0028945997
0.0013760184
0.00084363233
0.0027901378
0.0017936078
0.00083670745
0.00050699549
0.0020277003
0.0012939792
0.00059648231
0.00035876447
0.022227434
0.015744766
0.0086130023
0.0057660611
0.017587637
0.012374248
0.0066947818
0.0044510649
0.011488835
0.0079924778
0.004245121
0.0027901378
0.0085706149
0.0059197216
0.0031076356
0.0020277003
0.0085706149
0.0059197216
0.0031076356
0.0020277003
0.0062459698
0.0042826943
0.0022216701
0.0014389321
0.003559024
0.0024110827
0.0012264659
0.00078473523
0.0024354134
0.0016374275
0.00082272377
0.00052239558
0.0020277003
0.0012939792
0.00059648231
0.00035876447
0.0014389321
0.00091145715
0.00041510166
0.00024780083
0.00078473523
0.00049102726
0.00021922235
0.00012926154
0.00052239558
0.00032437606
0.00014302523
8.368297e-05
0.00052239558
0.00032437606
0.00014302523
8.368297e-05
0.00033919696
0.00020899466
9.0998188e-05
5.2828342e-05
0.00015988599
9.7271593e-05
4.149006e-05
2.3781361e-05
9.7155187e-05
5.8641416e-05
2.4693686e-05
1.404181e-05
0.0024354134
0.0016374275
0.00082272377
0.00052239558
0.0016259958
0.0010848752
0.00053834759
0.00033919696
0.00080220649
0.00052855593
0.00025698932
0.00015988599
0.0005015496
0.00032787588
0.00015739844
9.7155187e-05
0.068094265
0.054283464
0.036184722
0.027468889
0.052253822
0.041365431
0.027260692
0.020547667
0.032433376
0.025378352
0.016410953
0.012224685
0.02342378
0.018194343
0.011625454
0.0085957319
0.027468889
0.020446239
0.01214861
0.0085706149
0.020547667
0.015185383
0.0089180518
0.0062459698
0.012224685
0.0089279724
0.0051429681
0.003559024
0.0085957319
0.0062309323
0.0035459701
0.0024354134
0.0085957319
0.0062309323
0.0035459701
0.0024354134
0.0058990063
0.0042438683
0.0023856117
0.0016259958
0.0030447413
0.0021633989
0.0011918087
0.00080220649
0.0019581279
0.0013805418
0.00075099168
0.0005015496
0.02342378
0.018194343
0.011625454
0.0085957319
0.016517262
0.012734379
0.0080386023
0.0058990063
0.0089142424
0.0067888114
0.0042007938
0.0030447413
0.0058954229
0.0044553526
0.0027226408
0.0019581279
0.8128104
0.7919898
0.75217072
0.72329569
0.76860192
0.74625111
0.70446574
0.67478584
0.68409677
0.65980917
0.61594898
0.58579071
0.6251421
0.60017036
0.5559692
0.52615538
0.72329569
0.69090415
0.63091582
0.58938271
0.67478584
0.64197699
0.58227642
0.54158415
0.58579071
0.55322769
0.49565017
0.45741245
0.52615538
0.49441701
0.43927468
0.40324362
0.52615538
0.49441701
0.43927468
0.40324362
0.46479114
0.43441898
0.3825549
0.34921015
0.36613967
0.33903957
0.29400656
0.26579414
0.30816609
0.2836173
0.24348489
0.2187356
0.6251421
0.60017036
0.5559692
0.52615538
0.56256316
0.53740672
0.49371806
0.46479114
0.45778406
0.4334941
0.39251107
0.36613967
0.393651
0.37060225
0.33236191
0.30816609
0.58938271
0.54488302
0.46817978
0.41915415
0.54158415
0.49845994
0.42509851
0.3787708
0.45741245
0.41762864
0.35144289
0.3105015
0.40324362
0.36618862
0.30541177
0.26831262
0.41915415
0.37003814
0.29294789
0.24828522
0.3787708
0.33275618
0.26129673
0.22031723
0.3105015
0.27043554
0.20934264
0.17492176
0.26831262
0.23235291
0.17816711
0.14798671
0.26831262
0.23235291
0.17816711
0.14798671
0.22751704
0.19584296
0.1486916
0.12273827
0.16703108
0.14231098
0.10624505
0.086780936
0.13427819
0.11365071
0.08393368
0.068094265
0.40324362
0.36618862
0.30541177
0.26831262
0.34921015
0.31531605
0.26051682
0.22751704
0.26579414
0.23765287
0.19320634
0.16703108
0.2187356
0.19433253
0.15634241
0.13427819
0.2187356
0.19433253
0.15634241
0.13427819
0.17628629
0.15558954
0.12382873
0.1056375
0.11875752
0.10366136
0.081022053
0.068343794
0.090346478
0.078307618
0.060505187
0.050672811
0.13427819
0.11365071
0.08393368
0.068094265
0.1056375
0.08880318
0.064857451
0.052253822
0.068343794
0.056803441
0.040724176
0.032433376
0.050672811
0.041813741
0.029627368
0.02342378
0.050672811
0.041813741
0.029627368
0.02342378
0.036699059
0.030061671
0.021047456
0.016517262
0.020697403
0.016750156
0.011498907
0.0089142424
0.014071721
0.011301815
0.0076633501
0.0058954229
0.090346478
0.078307618
0.060505187
0.050672811
0.067170508
0.057802513
0.044141009
0.036699059
0.039560244
0.033640094
0.025196246
0.020697403
0.027639731
0.023327891
0.017260654
0.014071721
0.393651
0.37060225
0.33236191
0.30816609
0.33208929
0.31074837
0.27590842
0.25421994
0.24167875
0.22381931
0.19538015
0.17811835
0.19319395
0.17772793
0.15346084
0.13895172
0.30816609
0.2836173
0.24348489
0.2187356
0.25421994
0.23248635
0.19751847
0.17628629
0.17811835
0.16115228
0.13452959
0.11875752
0.13895172
0.12485517
0.10306481
0.090346478
0.13895172
0.12485517
0.10306481
0.090346478
0.10599337
0.094572756
0.077176345
0.067170508
0.065139356
0.05744574
0.04599481
0.039560244
0.046750198
0.040925389
0.032376257
0.027639731
0.19319395
0.17772793
0.15346084
0.13895172
0.15110645
0.13806028
0.11788181
0.10599337
0.096817022
0.08745297
0.073291819
0.065139356
0.071343505
0.063978023
0.052988919
0.046750198
0.071343505
0.063978023
0.052988919
0.046750198
0.051346956
0.045707968
0.03740572
0.032756598
0.028660858
0.025205343
0.020223726
0.017494213
0.019359826
0.016896351
0.013389949
0.011494008
0.046750198
0.040925389
0.032376257
0.027639731
0.032756598
0.028461431
0.022243425
0.018846187
0.017494213
0.015014315
0.011501644
0.0096247063
0.011494008
0.0097888498
0.0074053083
0.0061488566
0.011494008
0.0097888498
0.0074053083
0.0061488566
0.0073649397
0.0062236813
0.0046490883
0.003830136
0.0033971366
0.0028343997
0.0020739925
0.0016869078
0.0020365444
0.0016857482
0.0012177089
0.00098256446
0.019359826
0.016896351
0.013389949
0.011494008
0.012757215
0.011048423
0.0086466802
0.0073649397
0.0061602129
0.0052681636
0.0040393387
0.0033971366
0.0038001075
0.0032243087
0.0024408068
0.0020365444
0.027639731
0.023327891
0.017260654
0.014071721
0.018846187
0.015785839
0.011536904
0.0093336565
0.0096247063
0.0079619663
0.0057023199
0.0045557599
0.0061488566
0.005047098
0.003569247
0.0028292926
0.014071721
0.011301815
0.0076633501
0.0058954229
0.0093336565
0.0074390009
0.0049815212
0.0038027139
0.0045557599
0.0035855454
0.0023524687
0.0017731682
0.0028292926
0.0022093076
0.0014311363
0.0010702148
0.0028292926
0.0022093076
0.0014311363
0.0010702148
0.0017128224
0.0013269363
0.00084858053
0.00062954163
0.00072006393
0.00055067589
0.00034485485
0.00025253955
0.00040742492
0.00030908552
0.00019105315
0.00013878402
0.0061488566
0.005047098
0.003569247
0.0028292926
0.003830136
0.0031192383
0.0021779321
0.0017128224
0.0016869078
0.001356288
0.00092748201
0.00072006393
0.00098256446
0.00078369803
0.00052901791
0.00040742492
0.00098256446
0.00078369803
0.00052901791
0.00040742492
0.00055766164
0.00044123165
0.00029398612
0.00022459403
0.00021103369
0.00016480186
0.00010749948
8.1053566e-05
0.00011184471
8.6634776e-05
5.577122e-05
4.1709164e-05
0.00040742492
0.00030908552
0.00019105315
0.00013878402
0.00022459403
0.00016901231
0.00010311046
7.4295839e-05
8.1053566e-05
6.0197636e-05
3.5950542e-05
2.5564444e-05
4.1709164e-05
3.0724893e-05
1.8107847e-05
1.2771428e-05
4.1709164e-05
3.0724893e-05
1.8107847e-05
1.2771428e-05
2.0902309e-05
1.5271885e-05
8.8817938e-06
6.2130352e-06
6.4606777e-06
4.6579249e-06
2.6511306e-06
1.8299416e-06
3.0197495e-06
2.1592246e-06
1.2126231e-06
8.3011313e-07
0.00011184471
8.6634776e-05
5.577122e-05
4.1709164e-05
5.773368e-05
4.4356689e-05
2.8179274e-05
2.0902309e-05
1.8723849e-05
1.4195823e-05
8.8265787e-06
6.4606777e-06
9.0166047e-06
6.7800324e-06
4.1597751e-06
3.0197495e-06
0.0038001075
0.0032243087
0.0024408068
0.0020365444
0.0022850332
0.0019234754
0.0014374482
0.0011898399
0.00095007637
0.00078946215
0.00057772463
0.00047203151
0.00053388969
0.00044007403
0.00031786547
0.00025762106
0.0020365444
0.0016857482
0.0012177089
0.00098256446
0.0011898399
0.00097705018
0.00069668964
0.00055766164
0.00047203151
0.00038259924
0.00026711476
0.00021103369
0.00025762106
0.00020712737
0.00014272192
0.00011184471
0.00025762106
0.00020712737
0.00014272192
0.00011184471
0.00013695997
0.00010922396
7.4275804e-05
5.773368e-05
4.6597876e-05
3.6673097e-05
2.4410232e-05
1.8723849e-05
2.3116794e-05
1.8044474e-05
1.1852047e-05
9.0166047e-06
0.00053388969
0.00044007403
0.00031786547
0.00025762106
0.00029228335
0.00023898088
0.00017036605
0.00013695997
0.00010430368
8.4166611e-05
5.8734322e-05
4.6597876e-05
5.33002e-05
4.2659656e-05
2.9377495e-05
2.3116794e-05
0.0058954229
0.0044553526
0.0027226408
0.0019581279
0.0038027139
0.0028515869
0.0017207431
0.0012279174
0.0017731682
0.0013128766
0.00077606157
0.00054676066
0.0010702148
0.00078614319
0.00045876248
0.00032064751
0.0019581279
0.0013805418
0.00075099168
0.0005015496
0.0012279174
0.00085895739
0.00046134833
0.00030568974
0.00054676066
0.00037760331
0.00019863978
0.00012993459
0.00032064751
0.00021968422
0.00011407898
7.40254e-05
0.00032064751
0.00021968422
0.00011407898
7.40254e-05
0.00018323784
0.00012453722
6.383399e-05
4.1089015e-05
7.0120558e-05
4.7038197e-05
2.3604687e-05
1.4995908e-05
3.7421675e-05
2.4899966e-05
1.2331782e-05
7.770686e-06
0.0010702148
0.00078614319
0.00045876248
0.00032064751
0.00062954163
0.00045876476
0.00026427518
0.00018323784
0.00025253955
0.00018165504
0.00010246062
7.0120558e-05
0.00013878402
9.9024964e-05
5.5126463e-05
3.7421675e-05
0.0005015496
0.00032787588
0.00015739844
9.7155187e-05
0.00030568974
0.00019826319
9.3963866e-05
5.7540492e-05
0.00012993459
8.3192096e-05
3.8611068e-05
2.3339648e-05
7.40254e-05
4.7016346e-05
2.153879e-05
1.2915178e-05
9.7155187e-05
5.8641416e-05
2.4693686e-05
1.404181e-05
5.7540492e-05
3.4455017e-05
1.4322626e-05
8.0794862e-06
2.3339648e-05
1.3795375e-05
5.6151214e-06
3.1264902e-06
1.2915178e-05
7.5723566e-06
3.0420702e-06
1.6801414e-06
1.2915178e-05
7.5723566e-06
3.0420702e-06
1.6801414e-06
6.9620128e-06
4.0489396e-06
1.6053424e-06
8.7944461e-07
2.4227092e-06
1.3905159e-06
5.3965272e-07
2.9174723e-07
1.2188309e-06
6.9383997e-07
2.6572472e-07
1.4248081e-07
7.40254e-05
4.7016346e-05
2.153879e-05
1.2915178e-05
4.1089015e-05
2.5887329e-05
1.1705103e-05
6.9620128e-06
1.4995908e-05
9.324544e-06
4.1273076e-06
2.4227092e-06
7.770686e-06
4.7925778e-06
2.0934574e-06
1.2188309e-06
7.770686e-06
4.7925778e-06
2.0934574e-06
1.2188309e-06
3.92157e-06
2.3989013e-06
1.0340552e-06
5.9711283e-07
1.2259684e-06
7.4003477e-07
3.1219146e-07
1.7788562e-07
5.7707678e-07
3.454788e-07
1.4380816e-07
8.1266387e-08
1.2188309e-06
6.9383997e-07
2.6572472e-07
1.4248081e-07
5.9711283e-07
3.3713379e-07
1.2740653e-07
6.775444e-08
1.7788562e-07
9.9103504e-08
3.6651148e-08
1.9231974e-08
8.1266387e-08
4.4901831e-08
1.6384763e-08
8.5265765e-09
8.1266387e-08
4.4901831e-08
1.6384763e-08
8.5265765e-09
3.6144142e-08
1.9805588e-08
7.1306408e-09
3.6800492e-09
9.2038518e-09
4.9759205e-09
1.7528625e-09
8.9251991e-10
3.8150228e-09
2.0454039e-09
7.1086811e-10
3.5894855e-10
5.7707678e-07
3.454788e-07
1.4380816e-07
8.1266387e-08
2.6446993e-07
1.5702545e-07
6.4492812e-08
3.6144142e-08
7.0701458e-08
4.141804e-08
1.6645062e-08
9.2038518e-09
3.0202501e-08
1.7546467e-08
6.9571733e-09
3.8150228e-09
0.00013878402
9.9024964e-05
5.5126463e-05
3.7421675e-05
7.4295839e-05
5.258255e-05
2.8889447e-05
1.9451941e-05
2.5564444e-05
1.7855669e-05
9.6023397e-06
6.3803889e-06
1.2771428e-05
8.8474351e-06
4.6951319e-06
3.094191e-06
3.7421675e-05
2.4899966e-05
1.2331782e-05
7.770686e-06
1.9451941e-05
1.2837929e-05
6.2745147e-06
3.92157e-06
6.3803889e-06
4.1554653e-06
1.9878044e-06
1.2259684e-06
3.094191e-06
1.9986908e-06
9.4343086e-07
5.7707678e-07
3.094191e-06
1.9986908e-06
9.4343086e-07
5.7707678e-07
1.4610669e-06
9.3601904e-07
4.3595748e-07
2.6446993e-07
4.1000683e-07
2.5917182e-07
1.1812038e-07
7.0701458e-08
1.8049453e-07
1.1314998e-07
5.0880529e-08
3.0202501e-08
1.2771428e-05
8.8474351e-06
4.6951319e-06
3.094191e-06
6.2130352e-06
4.2688309e-06
2.2353821e-06
1.4610669e-06
1.8299416e-06
1.2406253e-06
6.3574991e-07
4.1000683e-07
8.3011313e-07
5.5814029e-07
2.8220396e-07
1.8049453e-07
8.3011313e-07
5.5814029e-07
2.8220396e-07
1.8049453e-07
3.6659552e-07
2.444488e-07
1.2194644e-07
7.7349708e-08
9.2284023e-08
6.0712522e-08
2.963387e-08
1.8544713e-08
3.7980531e-08
2.4779312e-08
1.1932523e-08
7.4051787e-09
1.8049453e-07
1.1314998e-07
5.0880529e-08
3.0202501e-08
7.7349708e-08
4.808787e-08
2.133444e-08
1.2558953e-08
1.8544713e-08
1.1374595e-08
4.9373247e-09
2.8674428e-09
7.4051787e-09
4.5042357e-09
1.9288534e-09
1.1108809e-09
7.4051787e-09
4.5042357e-09
1.9288534e-09
1.1108809e-09
2.8780408e-09
1.7359879e-09
7.3339591e-10
4.1885794e-10
5.8891647e-10
3.5043688e-10
1.4483063e-10
8.1599759e-11
2.1318807e-10
1.2579704e-10
5.1287874e-11
2.8654385e-11
3.7980531e-08
2.4779312e-08
1.1932523e-08
7.4051787e-09
1.5214676e-08
9.8437669e-09
4.6765741e-09
2.8780408e-09
3.2698054e-09
2.0870653e-09
9.7000898e-10
5.8891647e-10
1.2201689e-09
7.7230825e-10
3.5410506e-10
2.1318807e-10
3.0202501e-08
1.7546467e-08
6.9571733e-09
3.8150228e-09
1.2558953e-08
7.2356753e-09
2.8304727e-09
1.5392072e-09
2.8674428e-09
1.6298527e-09
6.2376493e-10
3.3464134e-10
1.1108809e-09
6.2615902e-10
2.3641223e-10
1.2577316e-10
3.8150228e-09
2.0454039e-09
7.1086811e-10
3.5894855e-10
1.5392072e-09
8.1837241e-10
2.8059946e-10
1.4050679e-10
3.3464134e-10
1.7552997e-10
5.8879474e-11
2.9086091e-11
1.2577316e-10
6.5421051e-11
2.1648804e-11
1.0604968e-11
1.2577316e-10
6.5421051e-11
2.1648804e-11
1.0604968e-11
4.6004983e-11
2.3729445e-11
7.746407e-12
3.7629231e-12
8.5322317e-12
4.3414563e-12
1.3863772e-12
6.643413e-13
2.9063045e-12
1.4664126e-12
4.6193551e-13
2.1949794e-13
1.1108809e-09
6.2615902e-10
2.3641223e-10
1.2577316e-10
4.1885794e-10
2.3412205e-10
8.7203171e-11
4.6004983e-11
8.1599759e-11
4.4994803e-11
1.6394488e-11
8.5322317e-12
2.8654385e-11
1.5667916e-11
5.631614e-12
2.9063045e-12
2.8654385e-11
1.5667916e-11
5.631614e-12
2.9063045e-12
9.7918892e-12
5.3092032e-12
1.8824823e-12
9.633383e-13
1.6265077e-12
8.6994866e-13
3.0171997e-13
1.523078e-13
5.1750101e-13
2.7446198e-13
9.3898366e-14
4.7000998e-14
2.9063045e-12
1.4664126e-12
4.6193551e-13
2.1949794e-13
9.633383e-13
4.8198382e-13
1.4977214e-13
7.056932e-14
1.523078e-13
7.5169956e-14
2.284768e-14
1.0619189e-14
4.7000998e-14
2.3001664e-14
6.8963131e-15
3.1782924e-15
4.7000998e-14
2.3001664e-14
6.8963131e-15
3.1782924e-15
1.4112778e-14
6.8484419e-15
2.025372e-15
9.2556424e-16
1.9011393e-15
9.1000677e-16
2.6322668e-16
1.1865327e-16
5.3134435e-16
2.5218951e-16
7.195431e-17
3.2160664e-17
5.1750101e-13
2.7446198e-13
9.3898366e-14
4.7000998e-14
1.6021301e-13
8.4255674e-14
2.8433837e-14
1.4112778e-14
2.2678288e-14
1.176435e-14
3.8831502e-15
1.9011393e-15
6.5355086e-15
3.3617089e-15
1.094524e-15
5.3134435e-16
1.2201689e-09
7.7230825e-10
3.5410506e-10
2.1318807e-10
4.4312117e-10
2.781283e-10
1.2580013e-10
7.5103524e-11
8.1233145e-11
5.0297255e-11
2.2254133e-11
1.3106087e-11
2.747186e-11
1.6867097e-11
7.3618062e-12
4.2991743e-12
2.1318807e-10
1.2579704e-10
5.1287874e-11
2.8654385e-11
7.5103524e-11
4.3945561e-11
1.7674461e-11
9.7918892e-12
1.3106087e-11
7.5650004e-12
2.9761815e-12
1.6265077e-12
4.2991743e-12
2.4606975e-12
9.5494856e-13
5.1750101e-13
4.2991743e-12
2.4606975e-12
9.5494856e-13
5.1750101e-13
1.3722727e-12
7.7883862e-13
2.9815029e-13
1.6021301e-13
2.0410117e-13
1.1426522e-13
4.2784851e-14
2.2678288e-14
6.0647246e-14
3.3667099e-14
1.2434699e-14
6.5355086e-15
2.747186e-11
1.6867097e-11
7.3618062e-12
4.2991743e-12
9.0406352e-12
5.5041325e-12
2.3697627e-12
1.3722727e-12
1.4127874e-12
8.4846488e-13
3.5731142e-13
2.0410117e-13
4.3284021e-13
2.5775903e-13
1.0707438e-13
6.0647246e-14
5.33002e-05
4.2659656e-05
2.9377495e-05
2.3116794e-05
2.652474e-05
2.1056013e-05
1.4308708e-05
1.1167114e-05
8.1057961e-06
6.3493949e-06
4.2226049e-06
3.2517707e-06
3.7620531e-06
2.9226155e-06
1.9178094e-06
1.4646976e-06
2.3116794e-05
1.8044474e-05
1.1852047e-05
9.0166047e-06
1.1167114e-05
8.6453397e-06
5.6032414e-06
4.227713e-06
3.2517707e-06
2.4840214e-06
1.5754669e-06
1.1728925e-06
1.4646976e-06
1.1096446e-06
6.9439809e-07
5.1268608e-07
1.4646976e-06
1.1096446e-06
6.9439809e-07
5.1268608e-07
6.4227202e-07
4.8255584e-07
2.9794117e-07
2.1815253e-07
1.598319e-07
1.1847865e-07
7.1572689e-08
5.1703092e-08
6.5313588e-08
4.8012575e-08
2.8614923e-08
2.0498956e-08
3.7620531e-06
2.9226155e-06
1.9178094e-06
1.4646976e-06
1.6999153e-06
1.3097112e-06
8.4797189e-07
6.4227202e-07
4.4413486e-07
3.3761679e-07
2.1388209e-07
1.598319e-07
1.8704867e-07
1.4100866e-07
8.8132839e-08
6.5313588e-08
9.0166047e-06
6.7800324e-06
4.1597751e-06
3.0197495e-06
4.227713e-06
3.1528828e-06
1.9086971e-06
1.3741825e-06
1.1728925e-06
8.6305617e-07
5.1125816e-07
3.6317474e-07
5.1268608e-07
3.7413139e-07
2.1866651e-07
1.5404357e-07
3.0197495e-06
2.1592246e-06
1.2126231e-06
8.3011313e-07
1.3741825e-06
9.7448466e-07
5.3998121e-07
3.6659552e-07
3.6317474e-07
2.5410334e-07
1.377728e-07
9.2284023e-08
1.5404357e-07
1.0688631e-07
5.7176768e-08
3.7980531e-08
1.5404357e-07
1.0688631e-07
5.7176768e-08
3.7980531e-08
6.3600675e-08
4.3764042e-08
2.3096653e-08
1.5214676e-08
1.4354512e-08
9.7447252e-09
5.0314141e-09
3.2698054e-09
5.5214827e-09
3.7170555e-09
1.8933462e-09
1.2201689e-09
5.1268608e-07
3.7413139e-07
2.1866651e-07
1.5404357e-07
2.1815253e-07
1.5787649e-07
9.1037699e-08
6.3600675e-08
5.1703092e-08
3.6915605e-08
2.082666e-08
1.4354512e-08
2.0498956e-08
1.4514212e-08
8.0783582e-09
5.5214827e-09
2.0498956e-08
1.4514212e-08
8.0783582e-09
5.5214827e-09
7.9102138e-09
5.5540873e-09
3.049677e-09
2.0670221e-09
1.5999702e-09
1.1082575e-09
5.953021e-10
3.9804019e-10
5.7504953e-10
3.9498838e-10
2.0930175e-10
1.3877436e-10
5.5214827e-09
3.7170555e-09
1.8933462e-09
1.2201689e-09
2.0670221e-09
1.3798936e-09
6.9339262e-10
4.4312117e-10
3.9804019e-10
2.6213404e-10
1.288545e-10
8.1233145e-11
1.3877436e-10
9.0625691e-11
4.3945251e-11
2.747186e-11
1.3877436e-10
9.0625691e-11
4.3945251e-11
2.747186e-11
4.7082698e-11
3.0489137e-11
1.458425e-11
9.0406352e-12
7.7302005e-12
4.9379616e-12
2.3104321e-12
1.4127874e-12
2.4418257e-12
1.5466935e-12
7.1386129e-13
4.3284021e-13
5.7504953e-10
3.9498838e-10
2.0930175e-10
1.3877436e-10
2.0113293e-10
1.3699614e-10
7.1611387e-11
4.7082698e-11
3.4692958e-11
2.3310205e-11
1.1918912e-11
7.7302005e-12
1.1298619e-11
7.5277725e-12
3.79688e-12
2.4418257e-12
1.8704867e-07
1.4100866e-07
8.8132839e-08
6.5313588e-08
7.6679448e-08
5.7325213e-08
3.5348352e-08
2.5977995e-08
1.7107594e-08
1.2617656e-08
7.6117972e-09
5.5187354e-09
6.5335553e-09
4.7785939e-09
2.8439177e-09
2.044684e-09
6.5313588e-08
4.8012575e-08
2.8614923e-08
2.0498956e-08
2.5977995e-08
1.8937645e-08
1.1134857e-08
7.9102138e-09
5.5187354e-09
3.9689279e-09
2.2829773e-09
1.5999702e-09
2.044684e-09
1.4581935e-09
8.2745296e-10
5.7504953e-10
2.044684e-09
1.4581935e-09
8.2745296e-10
5.7504953e-10
7.3724757e-10
5.213785e-10
2.9185954e-10
2.0113293e-10
1.3359051e-10
9.3197013e-11
5.1032933e-11
3.4692958e-11
4.4854486e-11
3.1029341e-11
1.6760894e-11
1.1298619e-11
6.5335553e-09
4.7785939e-09
2.8439177e-09
2.044684e-09
2.4284437e-09
1.7613046e-09
1.034075e-09
7.3724757e-10
4.6224041e-10
3.3072612e-10
1.8994403e-10
1.3359051e-10
1.6000347e-10
1.1352056e-10
6.4315329e-11
4.4854486e-11
0.39208306
0.39839126
0.39948992
0.39511894
0.34156289
0.34511707
0.34287584
0.33714815
0.26264381
0.26282186
0.25698864
0.25017905
0.21758775
0.21636628
0.20938487
0.20251853
0.39511894
0.38747773
0.36958909
0.35597984
0.33714815
0.32867341
0.31045226
0.29719011
0.25017905
0.2414323
0.22428516
0.21247668
0.20251853
0.19416167
0.17844606
0.16792007
0.20251853
0.19416167
0.17844606
0.16792007
0.16046215
0.15280614
0.13889649
0.12980587
0.10505763
0.098922911
0.08827733
0.081558026
0.078485721
0.073374903
0.064718103
0.059358757
0.21758775
0.21636628
0.20938487
0.20251853
0.17657447
0.17444077
0.16701615
0.16046215
0.12033819
0.11758671
0.11058013
0.10505763
0.092228606
0.089490953
0.083202006
0.078485721
0.35597984
0.34102754
0.31508148
0.29851492
0.29719011
0.28294279
0.25875956
0.24358929
0.21247668
0.20017055
0.17992858
0.16756059
0.16792007
0.15712727
0.13968315
0.12918573
0.29851492
0.28187269
0.25528893
0.23929695
0.24358929
0.22852536
0.2047886
0.19068998
0.16756059
0.15549515
0.13688291
0.12604882
0.12918573
0.11905191
0.10361739
0.094742559
0.12918573
0.11905191
0.10361739
0.094742559
0.097364038
0.089090476
0.076645997
0.069576835
0.058651813
0.05303883
0.044762256
0.040151315
0.041565988
0.037309588
0.031108743
0.027695192
0.16792007
0.15712727
0.13968315
0.12918573
0.12980587
0.12062253
0.10602239
0.097364038
0.081558026
0.074917662
0.064620948
0.058651813
0.059358757
0.054128662
0.0461366
0.041565988
0.059358757
0.054128662
0.0461366
0.041565988
0.04218631
0.0381847
0.032155862
0.028753571
0.023063508
0.020622144
0.017024406
0.015036388
0.015377079
0.013644303
0.011124424
0.0097496956
0.041565988
0.037309588
0.031108743
0.027695192
0.028753571
0.025615348
0.021097871
0.018640377
0.015036388
0.013230424
0.010680042
0.0093189284
0.0097496956
0.008512429
0.0067855295
0.005874691
0.0097496956
0.008512429
0.0067855295
0.005874691
0.0061646265
0.0053403793
0.0042032762
0.0036105265
0.0027822588
0.0023796413
0.0018345095
0.0015556819
0.0016454433
0.0013961632
0.0010625063
0.0008938305
0.015377079
0.013644303
0.011124424
0.0097496956
0.010000122
0.0088047837
0.0070889452
0.0061646265
0.0047257976
0.0041085038
0.0032404954
0.0027822588
0.002876236
0.0024808324
0.0019317499
0.0016454433
0.092228606
0.089490953
0.083202006
0.078485721
0.069089604
0.066561158
0.06116633
0.057281877
0.041202588
0.03922743
0.035359518
0.032719236
0.029015061
0.027418688
0.024416788
0.022423762
0.078485721
0.073374903
0.064718103
0.059358757
0.057281877
0.053162495
0.046336415
0.04218631
0.032719236
0.030002671
0.025642776
0.023063508
0.022423762
0.020406847
0.017227945
0.015377079
0.022423762
0.020406847
0.017227945
0.015377079
0.01499431
0.013541511
0.011290656
0.010000122
0.0074164105
0.0066142705
0.0054035599
0.0047257976
0.0046441844
0.0041095108
0.003314802
0.002876236
0.029015061
0.027418688
0.024416788
0.022423762
0.019942613
0.018703402
0.016452133
0.01499431
0.010319102
0.0095584431
0.0082399825
0.0074164105
0.0066468208
0.0061091869
0.0052004522
0.0046441844
0.23929695
0.22375926
0.19974291
0.18565907
0.19068998
0.17711798
0.15638435
0.14436606
0.12604882
0.11577232
0.1003653
0.091600378
0.094742559
0.086400172
0.074036199
0.067083212
0.18565907
0.17218409
0.15169686
0.13984986
0.14436606
0.13296766
0.11583388
0.10603978
0.091600378
0.083404228
0.071308033
0.06452127
0.067083212
0.060637837
0.051232438
0.046015772
0.067083212
0.060637837
0.051232438
0.046015772
0.047978079
0.043048758
0.035936339
0.032036576
0.0265042
0.023493116
0.019226859
0.016930765
0.017786855
0.015646006
0.012646599
0.011050769
0.094742559
0.086400172
0.074036199
0.067083212
0.069576835
0.062991166
0.053342089
0.047978079
0.040151315
0.035917269
0.0298272
0.0265042
0.027695192
0.024588338
0.020170062
0.017786855
0.13984986
0.12861749
0.11171043
0.10201526
0.10603978
0.096835453
0.083141099
0.075381569
0.06452127
0.05823332
0.049051099
0.043947281
0.046015772
0.041224709
0.034308199
0.030508903
0.10201526
0.092869151
0.079169966
0.071343505
0.075381569
0.068128945
0.057398986
0.051346956
0.043947281
0.039247098
0.032428781
0.028660858
0.030508903
0.027041722
0.022072075
0.019359826
0.030508903
0.027041722
0.022072075
0.019359826
0.020668116
0.018180302
0.014656633
0.012757215
0.010443464
0.0090723407
0.0071670473
0.0061602129
0.0066276682
0.0057127145
0.0044561043
0.0038001075
0.046015772
0.041224709
0.034308199
0.030508903
0.032036576
0.028486177
0.023418979
0.020668116
0.016930765
0.014869689
0.011981757
0.010443464
0.011050769
0.009630711
0.0076633884
0.0066276682
0.011050769
0.009630711
0.0076633884
0.0066276682
0.0070340018
0.0060824513
0.0047790133
0.0041007787
0.0032094036
0.0027400573
0.0021087649
0.0017864222
0.0019109967
0.0016186024
0.0012297146
0.0010334473
0.0066276682
0.0057127145
0.0044561043
0.0038001075
0.0041007787
0.0035069395
0.0027007941
0.0022850332
0.0017864222
0.0015082129
0.0011375455
0.00095007637
0.0010334473
0.00086554337
0.00064439907
0.00053388969
0.0010334473
0.00086554337
0.00064439907
0.00053388969
0.0005825274
0.00048397211
0.00035564578
0.00029228335
0.00021799291
0.00017875329
0.00012859527
0.00010430368
0.00011473308
9.3317517e-05
6.6252468e-05
5.33002e-05
0.0019109967
0.0016186024
0.0012297146
0.0010334473
0.0011088969
0.00093174195
0.00069875248
0.0005825274
0.00043505543
0.0003608165
0.00026493161
0.00021799291
0.00023580433
0.00019398695
0.00014057658
0.00011473308
0.027695192
0.024588338
0.020170062
0.017786855
0.018640377
0.016423366
0.013306057
0.011643828
0.0093189284
0.0081083846
0.0064370686
0.0055623173
0.005874691
0.0050716937
0.0039754596
0.0034082646
0.017786855
0.015646006
0.012646599
0.011050769
0.011643828
0.010163526
0.008112681
0.0070340018
0.0055623173
0.0047941472
0.0037489915
0.0032094036
0.0034082646
0.00291447
0.0022500818
0.0019109967
0.0034082646
0.00291447
0.0022500818
0.0019109967
0.0020355742
0.0017268743
0.001316131
0.0011088969
0.00083705298
0.00070096618
0.00052312619
0.00043505543
0.00046715234
0.00038806059
0.00028584456
0.00023580433
0.005874691
0.0050716937
0.0039754596
0.0034082646
0.0036105265
0.0030925171
0.0023932417
0.0020355742
0.0015556819
0.0013154357
0.00099694788
0.00083705298
0.0008938305
0.00074975762
0.00056088759
0.00046715234
0.0008938305
0.00074975762
0.00056088759
0.00046715234
0.00050037723
0.00041635344
0.00030742645
0.00025398583
0.00018516672
0.00015206481
0.00010991861
8.962345e-05
9.6780715e-05
7.8834057e-05
5.6236564e-05
4.5479747e-05
0.00046715234
0.00038806059
0.00028584456
0.00023580433
0.00025398583
0.0002092817
0.00015214495
0.00012449392
8.962345e-05
7.2881729e-05
5.1864236e-05
4.1880966e-05
4.5479747e-05
3.66826e-05
2.5760227e-05
2.0631655e-05
4.5479747e-05
3.66826e-05
2.5760227e-05
2.0631655e-05
2.2474881e-05
1.797931e-05
1.2459048e-05
9.896786e-06
6.7904603e-06
5.3602152e-06
3.6350569e-06
2.8491511e-06
3.1294139e-06
2.4499304e-06
1.6393236e-06
1.2742946e-06
9.6780715e-05
7.8834057e-05
5.6236564e-05
4.5479747e-05
4.9265423e-05
3.9802813e-05
2.801955e-05
2.2474881e-05
1.5619216e-05
1.2452509e-05
8.5792751e-06
6.7904603e-06
7.4164557e-06
5.8642448e-06
3.9866112e-06
3.1294139e-06
0.00023580433
0.00019398695
0.00014057658
0.00011473308
0.00012449392
0.00010158588
7.2651448e-05
5.8813039e-05
4.1880966e-05
3.372514e-05
2.360757e-05
1.8858929e-05
2.0631655e-05
1.6477957e-05
1.1382068e-05
9.0180081e-06
0.00011473308
9.3317517e-05
6.6252468e-05
5.33002e-05
5.8813039e-05
4.7445811e-05
3.3241785e-05
2.652474e-05
1.8858929e-05
1.5013158e-05
1.0294663e-05
8.1057961e-06
9.0180081e-06
7.1201029e-06
4.8175749e-06
3.7620531e-06
9.0180081e-06
7.1201029e-06
4.8175749e-06
3.7620531e-06
4.1986579e-06
3.2877387e-06
2.1949609e-06
1.6999153e-06
1.1515742e-06
8.8972079e-07
5.8123224e-07
4.4413486e-07
4.9980891e-07
3.8296191e-07
2.4683423e-07
1.8704867e-07
2.0631655e-05
1.6477957e-05
1.1382068e-05
9.0180081e-06
9.896786e-06
7.8394447e-06
5.3432689e-06
4.1986579e-06
2.8491511e-06
2.2268811e-06
1.4852836e-06
1.1515742e-06
1.2742946e-06
9.8775613e-07
6.5002393e-07
4.9980891e-07
1.2742946e-06
9.8775613e-07
6.5002393e-07
4.9980891e-07
5.5483062e-07
4.2651173e-07
2.7692732e-07
2.1116665e-07
1.3649217e-07
1.0351981e-07
6.5762453e-08
4.9473681e-08
5.5379897e-08
4.1652497e-08
2.6104982e-08
1.9475476e-08
4.9980891e-07
3.8296191e-07
2.4683423e-07
1.8704867e-07
2.1116665e-07
1.6045737e-07
1.0203574e-07
7.6679448e-08
4.9473681e-08
3.7088749e-08
2.3074719e-08
1.7107594e-08
1.9475476e-08
1.4478473e-08
8.8865804e-09
6.5335553e-09
1.9475476e-08
1.4478473e-08
8.8865804e-09
6.5335553e-09
7.4617127e-09
5.5009106e-09
3.3308555e-09
2.4284437e-09
1.4918581e-09
1.0849902e-09
6.4268679e-10
4.6224041e-10
5.3235847e-10
3.8392959e-10
2.2434434e-10
1.6000347e-10
5.5379897e-08
4.1652497e-08
2.6104982e-08
1.9475476e-08
2.1870238e-08
1.6312097e-08
1.0085811e-08
7.4617127e-09
4.5926212e-09
3.3793095e-09
2.0440675e-09
1.4918581e-09
1.6894096e-09
1.2326971e-09
7.3556565e-10
5.3235847e-10
7.4164557e-06
5.8642448e-06
3.9866112e-06
3.1294139e-06
3.4287179e-06
2.6887859e-06
1.8035642e-06
1.4040823e-06
9.2969227e-07
7.1934169e-07
4.7214097e-07
3.6265536e-07
4.0065311e-07
3.0743437e-07
1.9908554e-07
1.5165069e-07
3.1294139e-06
2.4499304e-06
1.6393236e-06
1.2742946e-06
1.4040823e-06
1.0901409e-06
7.1971792e-07
5.5483062e-07
3.6265536e-07
2.7780619e-07
1.7945729e-07
1.3649217e-07
1.5165069e-07
1.1520529e-07
7.3422716e-08
5.5379897e-08
1.5165069e-07
1.1520529e-07
7.3422716e-08
5.5379897e-08
6.1726807e-08
4.650244e-08
2.9239011e-08
2.1870238e-08
1.3613363e-08
1.0117844e-08
6.2238077e-09
4.5926212e-09
5.1620066e-09
3.804526e-09
2.3087398e-09
1.6894096e-09
4.0065311e-07
3.0743437e-07
1.9908554e-07
1.5165069e-07
1.6807422e-07
1.2789866e-07
8.1713412e-08
6.1726807e-08
3.8926085e-08
2.9223796e-08
1.8266761e-08
1.3613363e-08
1.5214306e-08
1.1326959e-08
6.9847949e-09
5.1620066e-09
0.0066468208
0.0061091869
0.0052004522
0.0046441844
0.0041747371
0.0038070995
0.0031998255
0.0028351062
0.0018637167
0.0016779671
0.0013813136
0.0012082148
0.0010947384
0.00097779458
0.00079457481
0.0006894526
0.0046441844
0.0041095108
0.003314802
0.002876236
0.0028351062
0.0024889556
0.0019820507
0.001706201
0.0012082148
0.0010471048
0.00081658613
0.00069388766
0.0006894526
0.00059273744
0.00045626661
0.00038459489
0.0006894526
0.00059273744
0.00045626661
0.00038459489
0.0003833163
0.00032689605
0.00024836087
0.00020765837
0.00014026734
0.00011806027
8.7807334e-05
7.2455824e-05
7.2804643e-05
6.0780189e-05
4.4611419e-05
3.6511876e-05
0.0010947384
0.00097779458
0.00079457481
0.0006894526
0.00062661605
0.00055520449
0.00044533619
0.0003833163
0.00024042424
0.00021025805
0.00016511441
0.00014026734
0.00012851946
0.00011148448
8.6402765e-05
7.2804643e-05
0.002876236
0.0024808324
0.0019317499
0.0016454433
0.001706201
0.0014599731
0.0011222487
0.00094830118
0.00069388766
0.00058609235
0.00044113213
0.00036792935
0.00038459489
0.00032223512
0.00023938098
0.00019804551
0.0016454433
0.0013961632
0.0010625063
0.0008938305
0.00094830118
0.00079821279
0.00059961101
0.00050037723
0.00036792935
0.00030567988
0.00022481544
0.00018516672
0.00019804551
0.00016320837
0.0001184646
9.6780715e-05
0.00019804551
0.00016320837
0.0001184646
9.6780715e-05
0.00010383467
8.4875167e-05
6.0798333e-05
4.9265423e-05
3.4538434e-05
2.7860415e-05
1.9533368e-05
1.5619216e-05
1.6895596e-05
1.3517235e-05
9.3517571e-06
7.4164557e-06
0.00038459489
0.00032223512
0.00023938098
0.00019804551
0.00020765837
0.00017258202
0.00012653246
0.00010383467
7.2455824e-05
5.9427699e-05
4.2649057e-05
3.4538434e-05
3.6511876e-05
2.970241e-05
2.1035244e-05
1.6895596e-05
3.6511876e-05
2.970241e-05
2.1035244e-05
1.6895596e-05
1.7917118e-05
1.4456274e-05
1.0102527e-05
8.0478194e-06
5.3520937e-06
4.2610355e-06
2.9140665e-06
2.2905446e-06
2.4491766e-06
1.9338242e-06
1.3049073e-06
1.0172265e-06
1.6895596e-05
1.3517235e-05
9.3517571e-06
7.4164557e-06
8.0478194e-06
6.3857478e-06
4.3593024e-06
3.4287179e-06
2.2905446e-06
1.7933247e-06
1.1979781e-06
9.2969227e-07
1.0172265e-06
7.8983092e-07
5.2058069e-07
4.0065311e-07
1.0172265e-06
7.8983092e-07
5.2058069e-07
4.0065311e-07
4.3977068e-07
3.386347e-07
2.2021027e-07
1.6807422e-07
1.0694837e-07
8.124969e-08
5.1694357e-08
3.8926085e-08
4.3084564e-08
3.2459426e-08
2.037453e-08
1.5214306e-08
2.4491766e-06
1.9338242e-06
1.3049073e-06
1.0172265e-06
1.0911264e-06
8.5441556e-07
5.6884935e-07
4.3977068e-07
2.7860441e-07
2.1524683e-07
1.4021663e-07
1.0694837e-07
1.156771e-07
8.862876e-08
5.6960474e-08
4.3084564e-08
0.00012851946
0.00011148448
8.6402765e-05
7.2804643e-05
6.6915122e-05
5.7574093e-05
4.4035172e-05
3.6802573e-05
2.200756e-05
1.8686001e-05
1.3988128e-05
1.1536258e-05
1.0690399e-05
9.0025388e-06
6.6499701e-06
5.4393065e-06
7.2804643e-05
6.0780189e-05
4.4611419e-05
3.6511876e-05
3.6802573e-05
3.047365e-05
2.2072219e-05
1.7917118e-05
1.1536258e-05
9.4261149e-06
6.6817994e-06
5.3520937e-06
5.4393065e-06
4.4078504e-06
3.083058e-06
2.4491766e-06
5.4393065e-06
4.4078504e-06
3.083058e-06
2.4491766e-06
2.4969646e-06
2.0067911e-06
1.3849592e-06
1.0911264e-06
6.6933424e-07
5.3076345e-07
3.5841948e-07
2.7860441e-07
2.864099e-07
2.2523299e-07
1.5006193e-07
1.156771e-07
1.0690399e-05
9.0025388e-06
6.6499701e-06
5.4393065e-06
5.0563956e-06
4.2230749e-06
3.0780762e-06
2.4969646e-06
1.4227797e-06
1.1724879e-06
8.3625337e-07
6.6933424e-07
6.2739268e-07
5.1274846e-07
3.6082337e-07
2.864099e-07
