FiniteElementSpace
FiniteElementCollection: L2_T1_2D_P3
VDim: 1
Ordering: 0

1.07995e-181
-9.0042124e-181
5.9708342e-180
1.2465906e-179
-1.0360819e-181
1.4324837e-180
-5.1991888e-180
-1.20484e-179
-7.305674e-181
-4.525999e-180
8.9514152e-181
2.0843405e-179
2.2579761e-180
-2.8353212e-180
2.5279354e-179
4.3629438e-179
-5.4891253e-180
2.0868527e-179
-6.5888511e-179
-1.6697534e-178
-2.4872111e-179
-1.6932198e-180
1.2555613e-179
6.7786639e-179
1.3213653e-179
5.1649748e-179
-4.0510027e-179
-7.9740277e-179
5.8100022e-179
-4.6890396e-180
-2.3952041e-178
-1.8786609e-178
2.2369001e-178
4.1529838e-178
3.7739071e-178
-1.4115652e-177
-1.1536227e-179
-5.2582226e-178
-4.6916828e-178
1.4395939e-177
4.1135347e-178
1.5372205e-178
3.2639579e-177
2.0816738e-177
1.5913397e-178
1.9506619e-177
5.7811516e-178
-9.2435337e-177
-1.1593304e-179
-3.4950047e-179
-6.0041915e-182
1.6652646e-178
1.4959934e-179
3.2879429e-179
3.6598079e-179
-1.1196696e-178
-3.2665912e-179
-2.5572008e-179
-2.0620839e-178
-1.4911281e-178
-4.0320377e-179
-1.236141e-178
2.5420499e-179
6.4171095e-178
-2.314703e-178
-9.1424238e-179
5.2748745e-178
6.5521397e-178
-5.5155168e-178
6.5881344e-178
-7.8390414e-179
-4.4809809e-177
-2.325747e-177
1.3038148e-177
-4.840128e-177
-3.4977165e-177
-9.0520565e-178
3.8061591e-178
-4.1220411e-177
9.7179216e-177
7.5292988e-178
1.2100495e-177
8.4580342e-177
-2.3627841e-176
1.1635385e-176
-1.6348795e-176
5.4898358e-176
2.5486361e-176
-6.8866333e-176
6.1911764e-176
-2.1300776e-176
-3.0457138e-175
-1.3840704e-175
1.3241758e-175
-2.5196153e-175
-4.8351807e-175
-3.4546258e-178
8.5975616e-176
-9.6440354e-177
-4.6160076e-176
-1.8464587e-175
1.1973966e-175
-6.6446133e-175
-2.7027209e-175
6.310727e-175
-4.7222494e-175
4.4724689e-175
3.2573453e-174
1.4740491e-174
-9.5336768e-175
2.2423661e-174
3.8997639e-174
-1.0983703e-177
-5.9211188e-177
-8.8459593e-177
1.8972294e-176
5.9076927e-177
1.7535185e-177
5.8515161e-177
1.983619e-176
1.7173678e-176
-1.7524102e-176
1.1461281e-177
1.2859941e-176
7.3682693e-177
-3.37257e-176
4.3666173e-176
5.5502268e-176
-3.6359034e-176
2.9975921e-177
-2.8428034e-175
-4.5380988e-175
1.3458538e-177
-1.5776784e-176
3.4456409e-175
3.2716479e-175
-1.5426887e-175
3.0613294e-175
-5.1038047e-175
-1.6107203e-174
-2.9635347e-175
1.2678381e-175
-1.630946e-174
-1.431007e-174
6.9849422e-175
-6.4433054e-175
5.0238938e-174
6.531011e-174
1.7482219e-174
-1.225744e-174
1.5600575e-174
-2.9133812e-174
-5.1334265e-174
1.1671256e-174
3.4605651e-174
-1.0727798e-173
-1.1558246e-173
1.0110873e-173
-8.4608325e-175
-2.3784807e-173
-9.491231e-174
-1.2787235e-173
-1.2575543e-174
8.9989983e-173
-1.3755675e-173
3.5724854e-173
-3.5168774e-173
-1.2423756e-172
1.5479665e-173
-4.0739521e-173
-1.302391e-172
1.5488424e-172
9.7536449e-173
-1.5359343e-172
1.5386456e-172
7.8930389e-172
1.9764321e-175
1.1563442e-174
-1.7160006e-174
-7.7519203e-174
-3.3024403e-175
-1.3378962e-174
-4.7561363e-175
8.0311132e-174
2.7377471e-174
4.262324e-175
8.3964138e-174
4.6963811e-174
2.2554593e-174
3.0740442e-174
-1.385371e-174
-2.7918074e-173
-2.5942501e-178
-1.6900381e-178
-1.4786677e-177
-1.0915486e-177
2.1102841e-178
8.315267e-180
1.663941e-177
2.1441416e-177
-5.5923417e-179
6.9954635e-178
-2.1672029e-177
-6.4069326e-177
-8.9476405e-178
-5.4320882e-178
-5.3986091e-177
-3.9501429e-177
2.7495082e-177
1.4251885e-177
2.2027067e-176
2.2536672e-176
-3.5104391e-177
1.8992759e-177
-2.4174924e-176
-3.9034329e-176
-1.5234942e-177
-1.0588447e-176
2.0773095e-176
9.0273288e-176
1.332336e-176
3.065323e-177
7.9445013e-176
9.4840173e-176
-1.9961768e-177
-7.0099122e-176
1.5674364e-175
5.9627129e-175
2.8552096e-176
8.1893153e-176
-5.006054e-176
-5.1317636e-175
-8.352163e-176
-1.2274811e-175
-3.6008705e-175
1.5121397e-175
-1.9473928e-176
-2.6819737e-175
5.3193145e-175
2.0623606e-174
-4.8881139e-178
3.7079818e-177
-1.3249682e-176
-3.9259057e-176
-7.9651036e-178
-5.3971483e-177
7.1122031e-177
3.9621421e-176
6.1355218e-177
8.0789874e-177
2.0572227e-176
-2.2209177e-176
-1.349002e-177
1.5624732e-176
-4.1516527e-176
-1.430685e-175
1.8081772e-175
-2.0750513e-175
4.0414254e-175
6.0061516e-175
6.3171825e-175
-5.6207604e-175
6.3217204e-175
2.2243622e-174
5.2816513e-176
-4.3402424e-175
3.0241808e-174
-1.3039205e-174
-2.5203441e-174
1.786277e-174
1.4794844e-174
-1.0890413e-173
4.4493272e-174
-3.3536165e-174
1.0477224e-174
1.6248815e-173
4.4665935e-174
-1.8335015e-174
-1.4394441e-173
2.2212592e-173
3.3563716e-173
-3.4615276e-173
5.5716803e-173
1.1559723e-172
2.4601403e-173
-3.735824e-173
1.3384712e-172
4.8325123e-173
-4.177563e-173
3.7052704e-173
2.3184311e-173
-1.7385699e-172
-3.2367716e-173
-3.9680245e-174
1.8895258e-172
-2.0595858e-172
-4.2073944e-172
4.1015842e-172
-5.3363277e-172
-1.4385152e-171
-4.1655108e-172
5.592479e-172
-1.5582103e-171
-1.0794252e-171
-2.4158679e-174
1.4261651e-174
-5.0632731e-174
-6.3107841e-174
-6.7384609e-174
6.5592483e-174
-4.0679554e-174
-2.6128594e-173
-4.559548e-174
7.0618245e-174
-3.9805035e-173
-1.2978241e-174
2.0780814e-173
-1.7466006e-173
-2.7491318e-173
1.1569803e-172
4.5505171e-174
1.6699973e-173
-1.4172098e-172
5.9290754e-173
-1.2976984e-172
1.6796959e-172
-3.3438229e-172
-4.7896456e-172
4.1361586e-172
-2.8298302e-172
-4.3670826e-172
1.6680559e-171
1.1690719e-171
-1.1515829e-171
1.0579712e-171
4.3964539e-171
-1.1849517e-171
1.339525e-171
-1.9968883e-171
-4.2894203e-171
-2.0897208e-171
1.6898784e-171
9.7707235e-172
-7.759477e-171
-3.7504243e-171
6.455573e-171
-1.7154215e-170
-1.474771e-170
6.0773393e-171
-6.2311899e-172
-2.5997681e-170
2.2644519e-170
1.6857541e-170
-1.7115568e-170
2.3321206e-170
6.1130484e-170
2.6884528e-170
-2.0272118e-170
-2.2706064e-170
1.0307538e-169
6.9247321e-170
-9.9316196e-170
2.3442674e-169
2.5740311e-169
-4.4706766e-170
-2.391139e-170
3.9557596e-169
-2.081499e-169
1.5617391e-172
-4.3260392e-172
1.7168226e-171
-8.2373652e-173
1.9760044e-171
-2.2675385e-171
4.2310157e-171
7.1388484e-171
-4.2621392e-171
2.5119167e-171
7.1646864e-171
-1.9094352e-170
-1.4769389e-170
1.3390545e-170
-9.8204809e-171
-5.5912507e-170
-4.3748518e-171
7.6665607e-171
-2.7097686e-170
-1.7803328e-170
-2.7523616e-170
2.8344187e-170
-4.3858758e-170
-8.9182239e-170
3.921153e-170
-1.29932e-170
-1.1329956e-169
1.7717796e-169
1.7196372e-169
-1.4868134e-169
4.6944477e-170
6.4503886e-169
-2.2172969e-169
1.9711159e-169
-1.8238681e-169
-7.0042481e-169
-3.1670659e-169
2.2834625e-169
3.6953468e-169
-1.372807e-168
-1.1283919e-168
1.3757536e-168
-2.9589097e-168
-3.8483662e-168
8.3718784e-170
7.3467211e-169
-5.3555781e-168
1.6114311e-168
2.5094671e-168
-2.8121313e-168
1.2805478e-168
1.0791943e-167
3.5711695e-168
-1.6486154e-168
-5.7743133e-168
1.4399485e-167
1.6198645e-167
-1.9064875e-167
3.2743166e-167
5.4996981e-167
4.8045016e-168
-1.6481214e-167
7.2690435e-167
8.5453254e-168
8.9008505e-170
-5.2299981e-170
2.9737257e-169
6.1113652e-170
3.4100732e-169
-3.9452058e-169
4.5639359e-169
1.3541451e-168
-2.5597398e-169
6.114363e-170
1.7975563e-168
-1.5798537e-168
-1.8445161e-168
1.7349009e-168
-1.7570071e-169
-8.3707202e-168
2.1103767e-173
-1.3971181e-173
-1.421438e-173
-7.7464621e-174
7.1304602e-173
-6.8288371e-173
7.9604883e-173
3.6545569e-172
8.68328e-173
-6.5009669e-173
3.7019471e-172
-8.6663345e-173
-1.7398201e-172
1.1351049e-172
1.573855e-172
-1.2702136e-171
3.8547928e-172
-3.4292503e-172
1.7715286e-172
2.6759878e-171
9.1546349e-173
3.3540281e-172
-3.0184816e-171
6.7802702e-172
4.8286344e-171
-4.9222743e-171
5.541091e-171
1.9453252e-170
6.17102e-171
-6.9905763e-171
1.9740374e-170
1.9401766e-170
-3.8226014e-171
-1.5856576e-171
3.0185801e-171
-3.3147096e-171
3.0726635e-171
-1.7799469e-171
3.5733489e-170
-1.7609481e-170
-5.5422823e-170
4.5461354e-170
-6.7402643e-170
-2.1701828e-169
-8.0489731e-170
6.6721969e-170
-1.8762964e-169
-1.6229217e-169
-1.468603e-172
4.1742541e-172
-1.9156003e-172
-1.8840596e-171
-7.5443373e-172
3.0540204e-172
-4.7972219e-172
-2.0031296e-171
-9.0565863e-172
1.3298885e-171
-2.4082092e-171
-6.938794e-172
1.1998256e-171
4.4812118e-172
-4.2353379e-171
3.5801697e-171
3.6298398e-171
-5.6965149e-172
1.1876485e-170
1.6398301e-170
4.3403352e-171
-4.3225241e-171
-1.1450303e-170
1.0219349e-170
1.3600151e-170
-1.8172734e-170
5.1321078e-170
7.2041934e-170
3.1669965e-171
2.6258393e-171
8.5597062e-170
-2.6932448e-170
-5.8144915e-171
-9.030759e-171
-2.2285505e-169
-5.799051e-170
-3.4509801e-170
6.1958801e-170
-1.9092745e-169
2.6719379e-169
5.3832182e-169
-3.7073841e-169
2.0153744e-169
1.4825373e-168
8.1557377e-169
-8.7968789e-169
1.2256776e-168
2.0015274e-168
5.0735932e-170
4.7028003e-169
-1.1583267e-169
-4.8314252e-168
6.4877887e-169
-1.6033957e-168
3.9662045e-168
4.5084696e-168
-4.3705707e-168
4.9465864e-168
8.1090523e-169
-2.1455414e-167
-9.4348536e-168
1.0970885e-167
-1.9950053e-167
-4.5012442e-167
-1.4609965e-170
-2.1602469e-170
7.9301116e-170
2.2367095e-169
-3.859219e-170
7.8868243e-170
-2.5250103e-170
-5.1649859e-169
-1.8888983e-169
6.8976561e-170
-5.1509552e-169
-2.1137446e-169
-2.5280979e-170
-9.2020182e-170
-1.8967475e-169
1.4821782e-168
-8.4625323e-169
1.0939133e-168
-6.1637519e-169
4.8685727e-170
-4.4273039e-168
4.3359039e-168
-7.3548606e-168
-1.9278229e-167
1.0734317e-168
-1.3082239e-169
-1.7853255e-167
2.3244574e-167
2.0123069e-167
-1.5334061e-167
5.0406097e-168
9.3749668e-167
-3.1812844e-167
2.6622446e-167
-3.8846199e-167
-1.5389294e-166
-3.1785284e-167
1.2139165e-167
1.2203545e-166
-1.1617692e-166
-2.1976874e-166
2.5568776e-166
-4.2244927e-166
-8.8292287e-166
-1.4711503e-166
2.3421051e-166
-1.0329944e-165
-3.8648796e-166
3.3453689e-166
-1.179361e-166
-2.6811213e-167
5.4796612e-166
2.3474629e-166
-2.0912723e-166
-1.3935326e-165
2.1996758e-165
2.9126887e-165
-2.714406e-165
5.0893109e-165
1.0282407e-164
2.4854011e-165
-2.7521526e-165
1.074183e-164
2.5737438e-165
1.1726071e-167
-2.1340469e-167
3.5156392e-167
9.195743e-167
5.0866334e-167
-3.4839595e-167
5.0990458e-167
1.3415653e-166
-6.8633909e-169
-3.9267317e-167
1.817148e-166
-1.1289869e-166
-1.8590843e-166
1.039608e-166
1.2702845e-166
-6.4163405e-166
-2.1433446e-166
8.739653e-167
-5.6358766e-166
-5.8057412e-166
-4.4454087e-166
4.6289026e-166
-1.0810151e-167
-1.5338247e-165
-3.5643631e-166
6.4721528e-166
-3.1941435e-165
-1.2340686e-165
1.3221834e-165
-1.2625912e-165
-2.9196195e-165
7.4409773e-165
-1.9817848e-165
2.6486937e-165
6.1102716e-165
-8.8490664e-165
-2.5658632e-165
-3.3751464e-166
1.0697096e-164
-2.2765396e-164
-3.2545478e-164
2.8983851e-164
-3.5610569e-164
-9.5111005e-164
-3.1665102e-164
4.328605e-164
-1.0331765e-163
-7.0754548e-164
2.5435699e-164
-3.1977263e-164
1.8623419e-164
2.5700395e-163
5.749252e-165
3.9722177e-164
-2.2350248e-163
-2.1960263e-164
3.4254959e-163
-3.6704841e-163
3.1823927e-163
1.4134268e-162
4.6129578e-163
-5.6790852e-163
1.4578218e-162
1.7484231e-162
1.3610253e-165
-4.5692819e-166
-1.0421139e-165
-3.9116281e-165
4.9692431e-165
-5.6950762e-165
5.0868764e-165
3.0276264e-164
6.8111891e-165
-4.5059166e-165
3.2442683e-164
-2.7279263e-165
-1.2646861e-164
1.2079527e-164
1.2407746e-164
-1.0836725e-163
-1.6494062e-169
-3.437325e-169
-1.0220932e-168
9.9632197e-169
6.6624588e-169
-1.1928095e-169
1.3825727e-168
3.0371538e-168
1.0783019e-168
-6.4869247e-169
-8.9040887e-170
-3.0642565e-168
-3.8040729e-169
-1.4764962e-168
-2.1376207e-169
-2.5202987e-168
3.0666536e-168
5.5747146e-168
9.882718e-168
3.2254474e-168
-1.5440055e-167
9.621142e-168
-6.4423254e-167
-3.9794481e-167
4.8520646e-167
-4.5377934e-167
5.2855531e-167
3.0489564e-166
1.1336294e-166
-7.37727e-167
2.2610258e-166
3.3739441e-166
4.3446768e-167
-7.035861e-167
2.932451e-166
5.4647111e-166
1.2611628e-166
-4.2746266e-167
2.2112104e-166
-3.8407224e-166
-4.5235039e-166
1.65359e-166
-2.3885173e-166
-1.3398269e-165
-8.669226e-166
5.4553557e-166
-5.5885605e-166
-9.7160802e-166
-2.2765728e-168
2.5213791e-168
-1.1944089e-167
-3.3269521e-167
-1.8799406e-168
-2.6230805e-168
1.2655709e-167
2.2048572e-167
-8.0383538e-168
1.7101686e-167
-8.9219559e-168
-6.4677456e-167
-1.3668923e-167
2.0731699e-167
-7.7734003e-167
-1.1481259e-166
3.3719931e-176
4.0367013e-176
8.8798928e-176
-1.4389664e-175
-4.2888198e-176
-2.5094478e-176
-1.8203421e-175
-6.1262987e-176
5.0817968e-176
-4.6046977e-176
3.7258153e-175
7.3832901e-175
1.323662e-175
1.1276005e-175
4.5148231e-175
-2.0504814e-175
-5.9399845e-175
-5.9464256e-175
-2.0398839e-174
9.5650345e-175
6.1129556e-175
3.3870536e-175
3.2715198e-174
1.9831214e-174
-7.4780428e-175
1.0825583e-174
-6.1043351e-174
-1.3215513e-173
-2.1973864e-174
-1.6826206e-174
-9.1930079e-174
2.1333663e-175
-3.6148782e-174
3.7408364e-174
-2.9048256e-173
-6.0866543e-173
1.1879537e-174
-8.1314581e-174
2.1936097e-173
7.8929421e-173
1.0510137e-173
1.3734224e-173
2.1505689e-173
-7.1352447e-173
-8.802728e-174
2.0534358e-173
-8.6545005e-173
-2.4271209e-172
2.723468e-175
-1.3153718e-175
1.7141642e-174
3.0554695e-174
-1.1909809e-175
3.8653901e-175
-1.4600001e-174
-4.3795114e-174
-4.804326e-175
-7.9581057e-175
-5.7649321e-175
4.9604859e-174
6.9051215e-175
-9.3817643e-175
5.2996058e-174
1.2676929e-173
9.4595475e-174
7.7443395e-174
4.1569746e-173
3.7725068e-174
-9.0251283e-174
-3.3419514e-174
-4.9617363e-173
-5.7605947e-173
-3.3167983e-174
-1.1822549e-173
7.5193678e-173
1.8019116e-172
1.8871946e-173
3.4591345e-173
1.3123102e-172
3.3050932e-173
-7.7535305e-173
-1.3848083e-172
-5.9188143e-172
-2.4390063e-172
3.1548251e-172
-1.4665432e-172
1.2053245e-171
1.4519126e-171
-2.5932097e-172
4.7330133e-172
-7.9803723e-172
-4.7563718e-171
-1.3689144e-171
4.0076027e-172
-3.3458331e-171
-5.1357672e-171
-8.4367506e-172
2.1807767e-171
-7.1199753e-171
-2.000326e-170
-2.0393145e-171
-1.2592393e-171
7.8969405e-172
1.4937155e-170
3.8223213e-171
3.4427697e-171
6.0143901e-171
-9.891032e-172
5.8076772e-171
2.9390054e-171
-1.6631996e-170
-4.205186e-170
3.7193356e-173
-8.4016434e-173
4.3484073e-172
1.1170892e-171
-5.9886598e-174
1.5843917e-172
-3.4365952e-172
-1.2474179e-171
-1.0310855e-172
-2.9709541e-172
-4.3004493e-172
1.2378089e-171
2.2674908e-172
-5.1639243e-172
1.5954684e-171
4.5255092e-171
-7.8724241e-172
-1.0893462e-171
-1.6103262e-171
5.1837133e-171
1.3350853e-171
6.0072871e-172
5.0589164e-171
4.9388018e-172
-2.1192106e-171
1.5793698e-171
-1.0446313e-170
-2.155628e-170
-4.5988601e-171
-2.066117e-171
-1.2932431e-170
4.8671512e-171
2.0025079e-170
1.423785e-170
5.046636e-170
-4.6000381e-170
-6.014939e-171
-2.1360424e-170
-7.0525367e-170
4.1590002e-171
2.4049194e-170
-2.9050674e-170
2.1705516e-169
3.0767775e-169
1.8985939e-170
7.9664345e-170
2.318587e-169
-2.6370584e-169
8.1932973e-170
-6.1365154e-170
7.1808014e-169
1.3759475e-168
-1.5876101e-169
2.94606e-169
-7.3378279e-169
-2.4618131e-168
-3.1354554e-169
-2.9213454e-169
-9.1416256e-169
2.2668293e-168
5.5938e-169
-7.455996e-169
2.1366283e-168
7.8386586e-168
-7.8744184e-171
3.2803784e-171
-4.1878443e-170
-7.0265849e-170
2.5704492e-171
-8.7314242e-171
3.3182341e-170
1.093469e-169
1.554614e-170
1.5754933e-170
1.7460925e-170
-1.054808e-169
-1.0495942e-170
1.8531284e-170
-1.1400751e-169
-2.900617e-169
-1.6258659e-174
-3.0401905e-174
5.0435437e-175
2.3982354e-173
3.4485976e-174
2.5978799e-174
9.409323e-174
-9.3943152e-174
-5.936663e-174
1.5483073e-174
-2.8675e-173
-4.2395529e-173
-8.9147634e-174
-8.5993376e-174
-1.8332066e-173
4.8887285e-173
3.9374001e-173
5.8756105e-173
4.4411711e-173
-3.7626562e-172
-6.8887599e-173
-4.3117544e-173
-2.2048573e-172
6.1825455e-173
9.532344e-173
-4.3559683e-173
5.4586675e-172
9.3627323e-172
1.8266298e-172
1.6296509e-172
4.7666234e-172
-6.623614e-172
4.411594e-172
-6.7530303e-173
2.0757143e-171
2.9368447e-171
-2.641335e-172
4.1566567e-172
-2.0579446e-171
-5.4113971e-171
-4.9327416e-172
-9.1981361e-172
-1.8273351e-172
7.0805167e-171
1.1369128e-171
-1.0127757e-171
6.6049688e-171
1.4592089e-170
-2.4178561e-173
-5.4664188e-175
-9.8198151e-173
-1.0647551e-172
1.7542298e-173
-1.7021069e-173
1.0877694e-172
2.5455078e-172
2.0404828e-173
4.1802519e-173
-1.7828639e-173
-3.7842703e-172
-6.2772586e-173
3.7107087e-173
-3.2219673e-172
-6.4019545e-172
-9.5301652e-181
1.0149698e-180
-1.8403931e-180
-3.0511572e-180
-7.2954463e-181
7.9321842e-181
-1.4001606e-180
-2.3848622e-180
-4.5922339e-181
5.1596446e-181
-8.7006898e-181
-1.5487342e-180
-3.3841337e-181
3.8800242e-181
-6.3495473e-181
-1.162346e-180
-1.4924321e-179
1.1383534e-179
4.7148669e-180
-5.50281e-179
-1.084249e-179
8.1508197e-180
4.2275974e-180
-3.9180778e-179
-6.2885639e-180
4.5931128e-180
3.2093994e-180
-2.1880364e-179
-4.4013485e-180
3.1453363e-180
2.5929466e-180
-1.4898019e-179
-4.4088399e-180
3.1515023e-180
2.5847994e-180
-1.4930851e-179
-3.0492263e-180
2.1268473e-180
2.0178743e-180
-1.0023274e-179
-1.6330076e-180
1.0877186e-180
1.2752828e-180
-5.0852417e-180
-1.0829129e-180
6.9621615e-181
9.332954e-181
-3.237923e-180
-3.384352e-181
3.8793301e-181
-6.3495255e-181
-1.1619913e-180
-2.4574907e-181
2.8726824e-181
-4.5581647e-181
-8.5783165e-181
-1.4196106e-181
1.7105858e-181
-2.5757244e-181
-5.0734719e-181
-9.8974029e-182
1.2154267e-181
-1.7671193e-181
-3.587042e-181
2.52361e-179
-1.1430346e-178
4.3525166e-178
1.4251238e-178
1.9318908e-179
-8.4802665e-179
3.0445905e-178
1.2055486e-178
1.1940227e-179
-5.0473826e-179
1.6546081e-178
8.3191772e-179
8.6509579e-180
-3.5814047e-179
1.1066842e-178
6.3633846e-179
2.3918372e-177
-2.6514181e-177
2.1250867e-177
8.7594506e-177
1.5982265e-177
-1.7601598e-177
1.2667875e-177
5.795962e-177
8.1153446e-178
-8.8052539e-178
5.1748353e-178
2.8793858e-177
5.1831567e-178
-5.5538806e-178
2.7197165e-178
1.8068307e-177
5.227718e-178
-5.6032145e-178
2.8046851e-178
1.8230178e-177
3.3254755e-178
-3.5129926e-178
1.4508913e-178
1.1363285e-177
1.5613185e-178
-1.6034874e-178
4.3673193e-179
5.1316024e-178
9.3889004e-179
-9.4094695e-179
1.4527759e-179
2.9860953e-178
8.6341859e-180
-3.5822805e-179
1.110436e-178
6.3257283e-179
6.1177318e-180
-2.4996512e-179
7.3360747e-179
4.6575067e-179
3.3682921e-180
-1.3483539e-179
3.6350051e-179
2.676356e-179
2.2709882e-180
-8.9650371e-180
2.276856e-179
1.8488513e-179
2.273299e-180
-8.9929794e-180
2.2974619e-179
1.8428695e-179
1.5066127e-180
-5.8989003e-180
1.4292871e-179
1.2381359e-179
7.4864739e-181
-2.8837059e-180
6.4358665e-180
6.2115906e-180
4.7057565e-181
-1.7866493e-180
3.7386618e-180
3.9283147e-180
9.5493057e-179
-9.5944822e-179
1.6884961e-179
3.0481979e-178
5.7709668e-179
-5.6586822e-179
4.5100079e-180
1.7842121e-178
2.5001448e-179
-2.3471777e-179
-1.7438287e-180
7.303015e-179
1.4023314e-179
-1.2612994e-179
-2.8988349e-180
3.8748419e-179
1.4475795e-179
-1.3134062e-179
-2.4458318e-180
4.0493407e-179
8.2936278e-180
-7.2550855e-180
-2.1523591e-180
2.2184943e-179
3.3099257e-180
-2.7257675e-180
-1.2861064e-180
8.2169427e-180
1.7067256e-180
-1.3061105e-180
-9.2006941e-181
3.8578077e-180
4.7402801e-181
-1.804455e-180
3.8171372e-180
3.9421447e-180
2.9506089e-181
-1.1114588e-180
2.2300715e-180
2.4495852e-180
1.3306983e-181
-4.9244391e-181
9.1030947e-181
1.0905959e-180
7.7664976e-182
-2.8149858e-181
4.8282885e-181
6.2936052e-181
-9.911204e-182
1.2162555e-181
-1.7698873e-181
-3.5890742e-181
-6.816245e-182
8.5130844e-182
-1.1956877e-181
-2.497107e-181
-3.6071993e-182
4.6262387e-182
-6.1222566e-182
-1.341264e-181
-2.3706321e-182
3.0928348e-182
-3.9258124e-182
-8.8951907e-182
-1.0879622e-180
7.0054288e-181
9.3066873e-181
-3.2603199e-180
-7.1498938e-181
4.4336112e-181
6.6297322e-181
-2.0559793e-180
-3.527739e-181
2.0432867e-181
3.6563765e-181
-9.4327076e-181
-2.2048406e-181
1.2077004e-181
2.4629392e-181
-5.5550133e-181
-2.2282701e-181
1.2271775e-181
2.462021e-181
-5.6534433e-181
-1.3889482e-181
7.2356667e-182
1.6219077e-181
-3.3353599e-181
-6.3018501e-182
2.9779188e-182
7.9317032e-182
-1.3781169e-181
-3.6827306e-182
1.5906919e-182
4.9261703e-182
-7.3638659e-182
-2.3818398e-182
3.1028511e-182
-3.949066e-182
-8.9255894e-182
-1.5494551e-182
2.0483697e-182
-2.5044009e-182
-5.8420936e-182
-7.5034267e-183
1.0135976e-182
-1.1584691e-182
-2.8445084e-182
-4.6226912e-183
6.3380431e-183
-6.8787693e-183
-1.7578707e-182
1.2919426e-176
-1.1306983e-177
-3.7953531e-176
2.5116506e-176
7.917387e-177
1.1063165e-178
-2.5159182e-176
1.3043931e-176
3.498108e-177
6.811709e-178
-1.2485913e-176
3.9625851e-177
1.9961088e-177
7.1678036e-178
-7.8262703e-177
1.3355821e-177
-1.3559473e-175
2.3066796e-175
-3.1110151e-175
-6.2302411e-175
-8.6232538e-176
1.4394316e-175
-1.7917833e-175
-3.8941761e-175
-4.0368083e-176
6.5183196e-176
-7.0982737e-176
-1.7609971e-175
-2.4216628e-176
3.8011733e-176
-3.6364069e-176
-1.0267292e-175
-2.4616014e-176
3.8798022e-176
-3.8248194e-176
-1.0461506e-175
-1.4816174e-176
2.2765915e-176
-2.0206252e-176
-6.1150847e-176
-6.3687886e-177
9.3692611e-177
-6.9445436e-177
-2.4941739e-176
-3.547254e-177
4.9962168e-177
-2.9471324e-177
-1.3212091e-176
2.0501368e-177
6.7843217e-178
-7.8869967e-177
1.5452934e-177
1.1865454e-177
5.6722415e-178
-4.8971308e-177
4.2260088e-178
4.7894233e-178
3.5212522e-178
-2.1941633e-177
-1.5095651e-178
2.5001827e-178
2.5293026e-178
-1.2690472e-177
-2.6031568e-178
-1.3892846e-174
7.6107819e-175
1.7096087e-174
-3.0919856e-174
-8.0375974e-175
3.8734478e-175
1.1070605e-174
-1.6264238e-174
-3.2567489e-175
1.2114664e-175
5.1951774e-175
-5.5224522e-175
-1.7061471e-175
4.3300105e-176
3.1284389e-175
-2.2943671e-175
3.0303428e-174
-1.1027452e-173
1.925139e-173
2.5970493e-173
1.9914501e-174
-6.5347274e-174
1.042042e-173
1.5495829e-173
9.4483261e-175
-2.7148649e-174
3.7721592e-174
6.4575616e-174
5.7648143e-175
-1.4659703e-174
1.7238943e-174
3.5137991e-174
5.7544512e-175
-1.5200467e-174
1.9016051e-174
3.6194859e-174
3.4154009e-175
-8.3884769e-175
9.4609035e-175
1.9918174e-174
1.4129506e-175
-3.1371119e-175
3.0135748e-175
7.3824434e-175
7.6453995e-176
-1.497777e-175
1.0892618e-175
3.5117862e-175
-1.7971175e-175
5.1740042e-176
3.1457801e-175
-2.6083282e-175
-9.8300282e-176
1.9889369e-176
1.8615013e-175
-1.190504e-175
-3.6583601e-176
2.4207342e-177
7.6761992e-176
-3.0790662e-176
-1.7260141e-176
-2.069702e-177
4.1276865e-176
-5.6639395e-177
-1.8933836e-176
-8.3819785e-178
4.2693275e-176
-1.0374224e-176
-9.7486372e-177
-1.4994011e-177
2.3328157e-176
-2.6562814e-177
-3.3196847e-177
-1.0615565e-177
8.5795754e-177
4.2145809e-178
-1.3514428e-177
-8.5867128e-178
4.0330061e-177
1.2626364e-177
7.8850422e-176
-1.6254095e-175
1.3600596e-175
3.8050355e-175
4.322599e-176
-8.3486011e-176
6.0636298e-176
1.9385645e-175
1.5991966e-176
-2.8214165e-176
1.6260001e-176
6.4349276e-176
7.5915128e-177
-1.1334578e-176
3.1119995e-177
2.5404778e-176
8.2459479e-177
-1.3434784e-176
6.1069845e-177
3.0362275e-176
4.2039312e-177
-6.399066e-177
2.2315162e-177
1.4327242e-176
1.4031733e-177
-1.9637018e-177
3.9594231e-178
4.2807985e-177
5.6291901e-178
-5.9700022e-178
-1.7732656e-178
1.2330644e-177
-1.5974983e-177
-7.4570205e-178
4.3944642e-177
7.7512495e-178
-7.7010818e-178
-4.6978817e-178
2.2228799e-177
6.1834645e-178
-2.3907675e-178
-1.9540696e-178
7.3326745e-178
2.9244705e-178
-7.6683573e-179
-1.1046045e-178
2.8750008e-178
2.0760827e-178
2.6306702e-178
2.4683684e-178
-1.2955455e-177
-2.1972738e-178
1.428795e-178
1.6526589e-178
-7.5288736e-178
-1.959828e-178
5.2238663e-179
8.019587e-179
-3.0474361e-178
-1.1808405e-178
2.4079991e-179
4.9607176e-179
-1.6020453e-178
-8.5103887e-179
-3.6649588e-177
5.2157083e-177
-3.3301965e-177
-1.3798598e-176
-2.0852434e-177
2.8689236e-177
-1.5533426e-177
-7.5337892e-177
-8.2281448e-178
1.071634e-177
-4.2663564e-178
-2.7739624e-177
-4.1921318e-178
5.089508e-178
-1.0365577e-178
-1.2978707e-177
-4.4553353e-178
5.5470953e-178
-1.6048882e-178
-1.4222816e-177
-2.392011e-178
2.8493882e-178
-5.3754107e-179
-7.2393595e-178
-8.658334e-179
9.6590583e-179
-3.9398153e-180
-2.4088254e-178
-3.9362399e-179
3.8929816e-179
9.8081364e-180
-9.405599e-179
2.6573215e-179
4.941629e-179
-1.6775386e-178
-8.0250472e-179
1.3407554e-179
2.9641647e-179
-9.1107456e-179
-5.0953551e-179
4.3795763e-180
1.2384406e-179
-3.3331304e-179
-2.2302468e-179
1.6405825e-180
6.7401812e-180
-1.5508939e-179
-1.3054773e-179
2.0148587e-180
6.9302974e-180
-1.7042198e-179
-1.2918473e-179
9.2561167e-181
3.8132764e-180
-8.6346338e-180
-7.2236574e-180
2.6310193e-181
1.4133835e-180
-2.8536842e-180
-2.6724762e-180
5.8690533e-182
6.6314463e-181
-1.1187568e-180
-1.3122843e-180
-4.3934142e-179
4.6111709e-179
3.9400177e-180
-1.1343008e-178
-2.2214939e-179
2.1988389e-179
4.3161735e-180
-5.3659342e-179
-7.3711255e-180
6.7708524e-180
2.4016883e-180
-1.62056e-179
-2.8595609e-180
2.1033596e-180
1.9172352e-180
-4.6196093e-180
-3.4833775e-180
2.9493367e-180
1.5403047e-180
-6.8887072e-180
-1.6558348e-180
1.2925662e-180
8.4928878e-181
-3.0136895e-180
-5.0371075e-181
3.6208864e-181
2.9870635e-181
-8.3983517e-181
-1.5211347e-181
6.8826237e-182
1.632743e-181
-1.07311e-181
1.0238343e-181
7.2268335e-181
-1.3475035e-180
-1.3867794e-180
4.0127027e-182
3.6705557e-181
-6.3604843e-181
-7.0749151e-181
9.160001e-183
1.2267257e-181
-1.8965091e-181
-2.2962143e-181
-1.9068287e-183
4.6853525e-182
-5.6382113e-182
-8.9707167e-182
-1.0542816e-178
-1.0791985e-178
3.4525832e-178
1.7839557e-178
-4.7236787e-179
-5.7705811e-179
1.6166881e-178
9.8527621e-179
-1.336341e-179
-2.0032328e-179
4.7834669e-179
3.3581046e-179
-2.5855502e-180
-8.5650586e-180
1.4166352e-179
1.6821284e-179
6.6862144e-178
-8.4943882e-178
5.5618153e-179
1.824375e-177
3.1775736e-178
-3.7212458e-178
-1.5333854e-179
7.9693829e-178
9.5903051e-179
-1.0459348e-178
-2.0217021e-179
2.1668555e-178
2.9867658e-179
-1.8119925e-179
-2.7455822e-179
2.7923717e-179
4.2016573e-179
-4.0431861e-179
-1.5570893e-179
8.0381631e-179
1.867221e-179
-1.595442e-179
-8.0167975e-180
3.2441415e-179
5.0870668e-180
-4.1627591e-180
-2.6102766e-180
8.4744772e-180
9.6490762e-181
-1.5115444e-182
-1.8168314e-180
-1.2371091e-180
-5.243938e-180
-9.6031401e-180
2.0625468e-179
1.696052e-179
-2.1563601e-180
-4.6087923e-180
8.9548328e-180
8.2599969e-180
-5.6607639e-181
-1.4317758e-180
2.3498309e-180
2.3502142e-180
1.2173744e-182
-4.0576889e-181
3.9936213e-181
7.9436733e-181
-1.8259544e-181
-5.9854739e-181
9.2159089e-181
1.0315741e-180
-6.6088868e-182
-2.5886105e-181
3.7701612e-181
4.6870147e-181
-1.8255888e-182
-7.6139658e-182
8.4623108e-182
1.157262e-181
7.9623821e-183
-7.7533189e-183
-2.4355465e-183
1.1946932e-182
2.0171119e-180
-1.4281264e-180
-1.4324017e-180
2.4144857e-180
8.4759314e-181
-4.7713454e-181
-5.7993891e-181
8.7186434e-181
2.0936726e-181
-1.1311129e-181
-1.1954324e-181
2.8912271e-181
-1.4657819e-183
1.6955029e-182
-9.6248073e-182
-1.7812978e-181
7.0836158e-182
-3.9052129e-182
-7.5451988e-182
3.8043597e-182
2.9136813e-182
-9.2231984e-183
-2.8071094e-182
5.4963964e-183
7.0322566e-183
-7.135012e-184
-7.143585e-184
1.1756971e-182
-2.7877055e-183
-9.4619692e-184
-6.1964833e-183
-1.1923102e-182
-3.566332e-183
-2.7068762e-182
2.9160513e-182
4.1686589e-182
-7.4572703e-184
-1.0156821e-182
1.2172885e-182
1.8913909e-182
-5.3402504e-184
-3.1226761e-183
2.2319536e-183
4.5457457e-183
5.8394346e-184
3.6969252e-184
-1.1327176e-183
-1.6418049e-183
1.988732e-183
5.7109564e-182
-8.1955702e-182
-1.0736677e-181
2.3038548e-184
2.674655e-182
-3.6107616e-182
-5.0694735e-182
-5.2186077e-185
8.1913062e-183
-9.6857372e-183
-1.472884e-182
-4.3530405e-184
2.2364011e-183
-1.5812229e-183
-3.7928e-183
-2.1943616e-181
1.424156e-181
1.5517587e-181
-3.1000521e-181
-9.8001446e-182
5.6203685e-182
7.2671001e-182
-1.2359772e-181
-2.7438726e-182
1.4180538e-182
2.0400457e-182
-3.3912308e-182
-5.0018233e-183
6.1076308e-184
8.9575687e-183
4.2899498e-183
-1.0790608e-182
5.1020255e-183
9.7762766e-183
-9.816879e-183
-4.5364259e-183
1.7340962e-183
4.1301091e-183
-3.2974054e-183
-1.1924881e-183
3.4889407e-184
8.6666893e-184
-1.1525054e-183
3.0875752e-186
-1.8226926e-185
3.7180623e-184
5.8632596e-184
-1.7759451e-184
3.4385543e-183
-3.7535568e-183
-6.0948935e-183
-1.1913699e-184
1.470606e-183
-1.5643852e-183
-2.695277e-183
-2.6789656e-185
4.222746e-184
-3.7895043e-184
-7.2533652e-184
-3.1542664e-185
5.7366561e-185
2.287062e-185
-3.5305009e-185
-4.6773048e-183
6.3964306e-183
-6.9895645e-183
-1.7761632e-182
-2.8747617e-183
3.974376e-183
-4.1510157e-183
-1.0920019e-182
-1.2731416e-183
1.788478e-183
-1.7307425e-183
-4.8157322e-183
-7.2879372e-184
1.036519e-183
-9.3631876e-184
-2.7426477e-183
-3.7635771e-182
1.6518705e-182
4.9578468e-182
-7.6684474e-182
-2.2210854e-182
8.9812883e-183
3.0349763e-182
-4.2112285e-182
-9.2546434e-183
3.2527632e-183
1.3252117e-182
-1.5618624e-182
-4.9937295e-183
1.5020653e-183
7.54007e-183
-7.2995665e-183
-5.2079924e-183
1.6389745e-183
7.7028366e-183
-7.9843442e-183
-2.9046986e-183
8.052712e-184
4.38927e-183
-4.0515582e-183
-1.1110058e-183
2.4812298e-184
1.7173206e-183
-1.3472653e-183
-5.420796e-184
8.7780058e-185
8.8213419e-184
-5.0744042e-184
-7.4749856e-184
1.058965e-183
-9.7214257e-184
-2.8127533e-183
-4.3354548e-184
6.1798727e-184
-5.3947024e-184
-1.6221365e-183
-1.7558087e-184
2.5286027e-184
-2.0254978e-184
-6.4829108e-184
-9.2039436e-185
1.3387776e-184
-9.6873587e-185
-3.3375808e-184
7.9170513e-182
-2.8837571e-181
5.0458231e-181
6.4111704e-181
4.6345005e-182
-1.665491e-181
2.7615106e-181
3.7031839e-181
1.9004432e-182
-6.6934053e-182
1.0204259e-181
1.4748374e-181
1.0197189e-182
-3.4707685e-182
4.8114485e-182
7.6448924e-182
1.8077309e-180
-1.4167964e-180
-8.6654937e-181
4.2236692e-180
9.7975681e-181
-7.2904411e-181
-5.4444601e-181
2.1581712e-180
3.5976049e-181
-2.4743211e-181
-2.3673112e-181
7.2365671e-181
1.6653727e-181
-1.0074409e-181
-1.3797233e-181
2.8316485e-181
1.8446714e-181
-1.1841169e-181
-1.3628944e-181
3.4092142e-181
9.4375017e-182
-5.6288877e-182
-7.5165509e-182
1.6156111e-181
3.1878732e-182
-1.7178255e-182
-2.7554214e-182
4.931199e-182
1.2701561e-182
-5.3985011e-183
-1.363322e-182
1.3963056e-182
1.0618365e-182
-3.6556079e-182
5.2598241e-182
8.0305035e-182
5.844088e-183
-1.9759514e-182
2.6915555e-182
4.3225309e-182
2.1760398e-183
-7.2207294e-183
8.9964631e-183
1.5490649e-182
1.0539066e-183
-3.2986288e-183
3.5833303e-183
6.9640162e-183
1.1392716e-183
-3.660835e-183
4.2785536e-183
7.7769012e-183
5.892602e-184
-1.8464881e-183
2.0448237e-183
3.9043076e-183
1.9855755e-184
-6.1587468e-184
6.1897981e-184
1.2675325e-183
8.3850214e-185
-2.3546716e-184
1.8568048e-184
4.5853168e-184
1.5241244e-182
-7.4865601e-183
-1.4300109e-182
2.0864825e-182
7.3443444e-183
-3.2413516e-183
-7.158328e-183
9.0737509e-183
2.2867782e-183
-8.7809629e-184
-2.2788421e-183
2.5754834e-183
7.2101273e-184
-1.6872382e-184
-9.3825115e-184
3.1411646e-184
1.0084254e-183
-3.4591743e-184
-1.0853392e-183
9.3938756e-184
4.5672063e-184
-1.3264944e-184
-4.9957506e-184
3.6327848e-184
1.3210239e-184
-2.9900593e-185
-1.374964e-184
1.0335867e-184
2.6628356e-185
-1.2891668e-186
-4.4619673e-185
-1.3185907e-185
9.6991567e-185
-2.8809149e-184
2.6786414e-184
5.8066086e-184
4.7146242e-185
-1.3493691e-184
1.1982091e-184
2.7204468e-184
1.4276948e-185
-4.1341846e-185
3.3106341e-185
8.1051899e-185
4.8991405e-186
-1.200652e-185
5.1091447e-186
1.9458454e-185
-9.6794221e-185
1.400364e-184
-1.0519957e-184
-3.5267751e-184
-5.2900045e-185
7.6577928e-185
-5.447278e-185
-1.9057746e-184
-1.959422e-185
2.8526144e-185
-1.8448361e-185
-6.9228677e-185
-9.1748968e-186
1.3480963e-185
-7.318507e-186
-3.1093864e-185
-5.8637092e-184
1.0934264e-184
9.2828137e-184
-6.2061984e-184
-3.0850758e-184
4.571491e-185
4.9282722e-184
-2.8649006e-184
-1.0845402e-184
1.0333094e-185
1.7298474e-184
-8.5699765e-185
-4.6113514e-185
1.0933464e-186
7.8026519e-185
-2.0432003e-185
-5.3315689e-185
3.3286978e-186
8.6818581e-185
-3.4141577e-185
-2.6403131e-185
6.8320036e-187
4.2966416e-185
-1.3734295e-185
-8.5670817e-186
-2.2281054e-187
1.3508414e-185
-3.800632e-186
-2.9562105e-186
-3.0575696e-187
5.0828147e-186
3.3327819e-188
-1.009452e-185
1.4724841e-185
-8.7498222e-186
-3.4843829e-185
-5.1880033e-186
7.522537e-186
-4.223301e-186
-1.7614404e-185
-1.759248e-186
2.5563162e-186
-1.3000024e-186
-5.8511035e-186
-7.0387478e-187
1.0381124e-186
-3.6346785e-187
-2.1380472e-186
5.5987771e-182
4.3446401e-182
2.7559828e-182
2.0242357e-182
-7.9272677e-182
-6.5383597e-182
-4.623924e-182
-3.6554842e-182
1.4668783e-182
1.2445334e-182
9.2029396e-183
7.4715235e-183
-1.8994166e-182
-1.6172044e-182
-1.2022883e-182
-9.7908825e-183
2.0228303e-182
1.4512852e-182
8.0583079e-183
5.4112333e-183
-3.6539021e-182
-2.8399194e-182
-1.8230584e-182
-1.3566884e-182
7.4689615e-183
5.9585058e-183
3.9846166e-183
3.0395805e-183
-9.7876258e-183
-7.8310862e-183
-5.2599974e-183
-4.0228147e-183
4.9436493e-184
3.7755751e-184
2.3542303e-184
1.7196419e-184
-4.3298914e-185
-3.6385625e-185
-2.6199658e-185
-2.0820537e-185
-5.0397799e-185
-3.7576788e-185
-2.2464071e-185
-1.5945544e-185
7.4850905e-185
5.5925751e-185
3.3559849e-185
2.3884804e-185
1.139373e-183
9.246588e-184
6.3643816e-184
4.9460843e-184
-6.6587667e-185
-6.1096588e-185
-5.0360891e-185
-4.3305733e-185
-1.2529282e-184
-9.9738807e-185
-6.6362721e-185
-5.0426621e-185
1.849176e-184
1.4743295e-184
9.8372827e-185
7.4893194e-185
5.4139077e-183
3.5372523e-183
1.665085e-183
9.8476394e-184
-1.3561792e-182
-9.9182757e-183
-5.7695556e-183
-4.032552e-183
3.0378428e-183
2.2752534e-183
1.3733412e-183
9.8259088e-184
-4.0204342e-183
-3.0184566e-183
-1.8285411e-183
-1.3111767e-183
9.9165814e-184
5.6474655e-184
2.013019e-184
8.7158449e-185
-4.0350921e-183
-2.7730234e-183
-1.4598375e-183
-9.5495917e-184
9.8241379e-184
6.8995273e-184
3.7540026e-184
2.5121852e-184
-1.3108412e-183
-9.2245883e-184
-5.0339476e-184
-3.3754071e-184
4.7735178e-185
3.2160306e-185
1.6400597e-185
1.0482689e-185
-7.5879633e-186
-5.4783523e-186
-3.1008423e-186
-2.1290141e-186
-3.9284935e-186
-2.545926e-186
-1.2138029e-186
-7.3533931e-187
5.9543677e-186
3.8747698e-186
1.8612437e-186
1.1346879e-186
1.7192557e-184
1.2340501e-184
6.9618599e-185
4.7670517e-185
-2.0802058e-185
-1.616709e-185
-1.0291246e-185
-7.5973725e-186
-1.5945761e-185
-1.1105414e-185
-5.9428585e-186
-3.9177533e-186
2.3884598e-185
1.6682158e-185
8.9737595e-186
5.9389458e-186
1.0833105e-186
7.8954292e-187
4.5675023e-187
3.1808419e-187
3.1020582e-187
2.1982206e-187
1.213248e-187
8.1811958e-188
-2.2124919e-187
-1.5952413e-187
-9.0673195e-188
-6.2406383e-188
3.1535766e-187
2.2747957e-187
1.2939485e-187
8.9101551e-188
3.1832457e-187
2.1800699e-187
1.1414816e-187
7.4383144e-188
8.1968045e-188
5.4383117e-188
2.7028731e-188
1.6938258e-188
-6.2479545e-188
-4.230597e-188
-2.1752441e-188
-1.39886e-188
8.9204425e-188
6.0431478e-188
3.109674e-188
2.0009487e-188
7.8044412e-190
5.5013209e-190
3.0094564e-190
2.0212353e-190
7.8301165e-190
5.3248974e-190
2.7570857e-190
1.7821497e-190
-3.1355748e-190
-2.1564913e-190
-1.1366146e-190
-7.4414917e-191
4.3990691e-190
3.0269327e-190
1.5966052e-190
1.0458686e-190
2.3771785e-189
1.7884268e-189
1.0867154e-189
7.8069271e-190
2.7317644e-189
1.9775386e-189
1.1314724e-189
7.8221932e-190
-1.0509159e-189
-7.6917474e-190
-4.4798972e-190
-3.1336939e-190
1.4717609e-189
1.0777295e-189
6.2819737e-190
4.3965089e-190
6.4892413e-186
5.3346787e-186
3.7522722e-186
2.9564346e-186
2.2194902e-186
1.785005e-186
1.2095225e-186
9.304091e-187
-1.4249805e-186
-1.1605277e-186
-8.0359581e-187
-6.2692917e-187
2.0252259e-186
1.6499762e-186
1.1432115e-186
8.9223176e-187
2.9551185e-186
2.2890054e-186
1.4612871e-186
1.0836881e-186
9.2991615e-187
7.0257623e-187
4.3002188e-187
3.1024437e-187
-6.2662837e-187
-4.804904e-187
-3.0163975e-187
-2.213071e-187
8.9180498e-187
6.8410184e-187
4.2975429e-187
3.154413e-187
5.7376433e-189
4.6025313e-189
3.1032723e-189
2.3786186e-189
7.6314562e-189
5.8732186e-189
3.709743e-189
2.73257e-189
-2.8234087e-189
-2.1961662e-189
-1.4115948e-189
-1.0513176e-189
3.9469143e-189
3.0716125e-189
1.9758876e-189
1.4723293e-189
1.101565e-188
9.4092419e-189
7.0287763e-189
5.7394706e-189
1.7138839e-188
1.400456e-188
9.7517482e-189
7.6350301e-189
-6.1080795e-189
-5.0418574e-189
-3.5701388e-189
-2.8246235e-189
8.5232594e-189
7.0389292e-189
4.9882957e-189
3.9486054e-189
9.1235163e-185
3.3200731e-185
-2.4836242e-186
-1.0551641e-185
-9.5856578e-184
-6.1815921e-184
-2.9421452e-184
-1.7912002e-184
2.5169183e-184
1.655631e-184
8.1119997e-185
5.0533327e-185
-3.3812173e-184
-2.2279353e-184
-1.0942431e-184
-6.8291859e-185
-9.2225101e-186
-1.0049967e-185
-7.0034818e-186
-5.4194402e-186
-1.8112005e-184
-1.0944602e-184
-4.7059899e-185
-2.6422582e-185
5.0913992e-185
3.1333964e-185
1.3813329e-185
7.9444158e-186
-6.8786524e-185
-4.2394712e-185
-1.8725519e-185
-1.078909e-185
1.846008e-186
1.0907752e-186
4.5421554e-187
2.4681488e-187
-4.6195186e-187
-2.8925542e-187
-1.3042986e-187
-7.6593304e-188
-1.0553728e-187
-5.7874549e-188
-2.1352934e-188
-1.0028578e-188
1.6729749e-187
9.2763826e-188
3.489917e-188
1.6826611e-188
1.0542973e-185
6.6574138e-186
3.0676921e-186
1.8177208e-186
-2.1285795e-186
-1.4305705e-186
-7.2217056e-187
-4.6008657e-187
-7.4305784e-187
-4.4540601e-187
-1.8790612e-187
-1.0248505e-187
1.1459506e-186
6.9130487e-187
2.9501689e-187
1.6278588e-187
-5.1702635e-186
-3.5438554e-186
-1.6699496e-186
-1.0456941e-186
-2.7120419e-185
-1.5333896e-185
-5.9524517e-186
-3.0383027e-186
8.1044583e-186
4.6609967e-186
1.8466768e-186
9.6712124e-187
-1.100141e-185
-6.3350926e-186
-2.5136836e-186
-1.3188397e-186
-1.0275829e-186
-6.1213743e-187
-2.3835611e-187
-1.2672174e-187
-3.2075389e-186
-1.6948049e-186
-5.9297992e-187
-2.6890244e-187
1.011303e-186
5.4313053e-187
1.9309811e-187
8.9929305e-188
-1.3781651e-186
-7.4100377e-187
-2.6373773e-187
-1.2304741e-187
2.7922641e-188
1.4372173e-188
4.8956045e-189
2.1173714e-189
-1.0132576e-188
-5.5100959e-189
-1.9824612e-189
-9.4116446e-190
-7.3063843e-190
-2.9494829e-190
-7.1419543e-191
-7.8412304e-192
1.3552903e-189
5.8746008e-190
1.6067083e-190
3.8205115e-191
2.5549989e-187
1.4103315e-187
5.3125433e-188
2.6050137e-188
-7.7728966e-188
-4.5349478e-188
-1.8268156e-188
-9.7615654e-189
-1.0810742e-188
-5.2946794e-189
-1.6681152e-189
-5.967301e-190
1.8001437e-188
9.0233388e-189
2.9559641e-189
1.1491407e-189
2.0630794e-189
1.1624495e-189
4.493622e-190
2.2813183e-190
3.5355444e-190
1.8954794e-190
6.8685177e-191
3.1835958e-191
-3.5592225e-190
-1.9788011e-190
-7.5228177e-191
-3.7354935e-191
5.111657e-190
2.8437575e-190
1.0820048e-190
5.3787564e-191
2.4132656e-190
1.2706822e-190
4.4307788e-191
1.9975781e-191
3.4883404e-191
1.7279398e-191
5.6449613e-192
2.2495242e-192
-3.9848134e-191
-2.0681523e-191
-7.1066359e-192
-3.1224849e-192
5.7353113e-191
2.9788582e-191
1.0243729e-191
4.5069494e-192
8.3474049e-193
4.4922577e-193
1.6003394e-193
7.4792086e-194
5.3516008e-193
2.7945316e-193
9.6635873e-194
4.2937469e-194
-2.5181201e-193
-1.3315258e-193
-4.6628352e-194
-2.1176787e-194
3.555702e-193
1.8810374e-193
6.5901276e-194
2.9952932e-194
6.6426455e-192
3.8289902e-192
1.521045e-192
7.9927999e-193
4.6936e-192
2.6238844e-192
1.0044813e-192
5.0345901e-193
-2.1240666e-192
-1.2018054e-192
-4.6695113e-193
-2.3863648e-193
2.9948963e-192
1.6953014e-192
6.5906118e-193
3.3705605e-193
7.4688104e-188
4.7999084e-188
2.2727233e-188
1.3778185e-188
1.7064752e-188
1.0577137e-188
4.7294093e-189
2.7284916e-189
-1.4061687e-188
-8.9293961e-189
-4.1511072e-189
-2.4783225e-189
2.0113028e-188
1.277896e-188
5.945665e-189
3.5522392e-189
1.3941324e-188
8.3954082e-189
3.5925885e-189
2.0075414e-189
2.783107e-189
1.6070864e-189
6.4633223e-190
3.3807686e-190
-2.5138201e-189
-1.4948101e-189
-6.2825058e-190
-3.4469698e-190
3.6027078e-189
2.14357e-189
9.0168665e-190
4.9515882e-190
4.1374911e-191
2.5530076e-191
1.1293807e-191
6.5170102e-192
3.256208e-191
1.9460915e-191
8.2390685e-192
4.55448e-192
-1.4149722e-191
-8.5565024e-192
-3.6829232e-192
-2.0699776e-192
1.9919198e-191
1.205099e-191
5.1903918e-192
2.9191103e-192
2.024437e-190
1.3357788e-190
6.5734074e-191
4.1087407e-191
1.7906771e-190
1.1424354e-190
5.3495565e-191
3.2133817e-191
-7.4690465e-191
-4.8202063e-191
-2.2967488e-191
-1.3995569e-191
1.0496943e-190
6.7775077e-191
3.2316676e-191
1.9703984e-191
-5.7545817e-193
-3.4779821e-193
-1.489278e-193
-8.2451709e-194
7.0820367e-193
4.5952223e-193
2.2071952e-193
1.3537091e-193
-1.24972e-193
-8.425421e-194
-4.2711569e-194
-2.7295065e-194
1.6727274e-193
1.1317418e-193
5.7645846e-194
3.6966054e-194
-8.4687229e-194
-4.7105069e-194
-1.7820475e-194
-8.6529775e-195
1.3672231e-193
8.3108885e-194
3.6030061e-194
2.0393953e-194
-2.7392859e-194
-1.7192143e-194
-7.7749856e-195
-4.5781982e-195
3.7079105e-194
2.33318e-194
1.0586392e-194
6.2520504e-195
-1.3499217e-195
-8.0309635e-196
-3.3777363e-196
-1.8546042e-196
1.1702828e-196
7.8040854e-197
3.7938788e-197
2.3737826e-197
1.3343259e-196
7.704548e-197
3.0984752e-197
1.6205964e-197
-1.9808549e-196
-1.1459011e-196
-4.6217375e-197
-2.4252489e-197
-7.5389873e-195
-4.7894632e-195
-2.228056e-195
-1.3309948e-195
3.9023968e-196
2.9360941e-196
1.6965053e-196
1.1807732e-196
8.182723e-196
5.0716125e-196
2.2675502e-196
1.3081526e-196
-1.2080796e-195
-7.498165e-196
-3.3603021e-196
-1.9426815e-196
-9.2383975e-195
-4.6592382e-195
-1.5422921e-195
-6.1158547e-196
2.0889018e-194
1.1878723e-194
4.6435753e-195
2.391724e-195
-4.6429065e-195
-2.7137326e-195
-1.0953574e-195
-5.867844e-196
6.3357891e-195
3.7106083e-195
1.5011125e-195
8.0629187e-196
-7.1512628e-196
-3.1514469e-196
-8.8529859e-197
-2.3210983e-197
2.5164153e-195
1.3372493e-195
4.7060623e-196
2.1553756e-196
-6.0851313e-196
-3.313949e-196
-1.1939188e-196
-5.6825632e-197
8.3534109e-196
4.5566779e-196
1.6441336e-196
7.8442591e-197
-2.1475713e-197
-1.1153349e-197
-3.8360975e-198
-1.6878033e-198
3.4855087e-198
1.9545674e-198
7.2308537e-199
3.5859081e-199
1.6721311e-198
8.2834765e-199
2.7079895e-199
1.0792174e-199
-2.5234928e-198
-1.2547421e-198
-4.1190506e-199
-1.6559305e-199
-1.9146151e-196
-1.0650154e-196
-4.0518651e-197
-2.013962e-197
2.372161e-197
1.4427483e-197
6.0803274e-198
3.4203514e-198
1.6948023e-197
9.0854585e-198
3.2924543e-198
1.5260032e-198
-2.5340501e-197
-1.3619346e-197
-4.9528421e-198
-2.3078467e-198
-8.5027822e-199
-4.8117987e-199
-1.8700709e-199
-9.5605521e-200
-2.3131936e-199
-1.2660059e-199
-4.7171502e-200
-2.2776643e-200
1.6816699e-199
9.3970118e-200
3.5956116e-200
1.8009822e-200
-2.4262518e-199
-1.3562554e-199
-5.1918226e-200
-2.6020657e-200
-1.0086947e-199
-5.3348132e-200
-1.8688066e-200
-8.4927625e-201
-2.4559772e-200
-1.2512561e-200
-4.2188545e-201
-1.7883316e-201
1.9148527e-200
9.9947818e-201
3.4555166e-201
1.5345125e-201
-2.7659539e-200
-1.4442835e-200
-4.9953068e-201
-2.2198588e-201
-1.8111559e-202
-9.8623274e-203
-3.5523799e-203
-1.6912714e-203
-1.6422617e-202
-8.6131426e-203
-2.9924053e-203
-1.3404231e-203
6.7732932e-203
3.5964851e-203
1.2647917e-203
5.7869285e-204
-9.6837221e-203
-5.1436135e-203
-1.809473e-203
-8.2837344e-204
-1.3821146e-201
-8.0775514e-202
-3.260132e-202
-1.7465417e-202
-1.4212848e-201
-7.9776778e-202
-3.0696062e-202
-1.5489368e-202
5.636934e-202
3.2028223e-202
1.2508251e-202
6.4348908e-203
-8.0501645e-202
-4.5755836e-202
-1.7876918e-202
-9.2017514e-203
-2.9857011e-197
-1.927239e-197
-9.18584e-198
-5.5989103e-198
-1.0023279e-197
-6.2908831e-198
-2.8708734e-198
-1.6868516e-198
6.4335572e-198
4.1030118e-198
1.9201583e-198
1.1528518e-198
-9.2604967e-198
-5.9077633e-198
-2.7661065e-198
-1.6614325e-198
-5.6603477e-198
-3.4235396e-198
-1.4739928e-198
-8.2869144e-199
-1.7154277e-198
-1.0063884e-198
-4.1467044e-199
-2.2279097e-199
1.1683009e-198
6.9795992e-199
2.9532506e-199
1.6315921e-199
-1.6835868e-198
-1.0061381e-198
-4.2592862e-199
-2.3543037e-199
-8.1560494e-201
-5.118306e-201
-2.3145368e-201
-1.3628599e-201
-9.7285828e-201
-5.8367434e-201
-2.4846632e-201
-1.3811614e-201
3.7001028e-201
2.2472193e-201
9.7309852e-202
5.501792e-202
-5.2776304e-201
-3.2064879e-201
-1.3891832e-201
-7.8581544e-202
-3.72181e-200
-2.5089092e-200
-1.2717747e-200
-8.1269247e-201
-5.2798775e-200
-3.3808816e-200
-1.5920362e-200
-9.6078345e-201
1.9225824e-200
1.2463522e-200
5.9786564e-201
3.6629315e-201
-2.7385945e-200
-1.7760328e-200
-8.5243538e-201
-5.2249869e-201
-9.1662539e-191
-7.3112779e-191
-4.8822699e-191
-3.7191174e-191
5.3224399e-191
4.4202045e-191
3.1609822e-191
2.5160175e-191
-3.4037052e-192
-3.1992325e-192
-2.716042e-192
-2.3683966e-192
3.7964995e-192
3.6987483e-192
3.2724755e-192
2.9073926e-192
-3.7169793e-191
-2.7788436e-191
-1.6693757e-191
-1.1890742e-191
2.5149952e-191
1.9680966e-191
1.2772833e-191
9.5698848e-192
-2.3682109e-192
-2.0138568e-192
-1.4728256e-192
-1.179793e-192
2.9073474e-192
2.5104881e-192
1.8722976e-192
1.5145932e-192
-3.3459227e-193
-2.5664456e-193
-1.6120282e-193
-1.1831481e-193
-1.2568997e-194
-7.7843634e-195
-2.9337516e-195
-1.2242602e-195
4.4611127e-194
3.3703142e-194
2.0626744e-194
1.4881184e-194
-6.517272e-194
-4.9272068e-194
-3.0192472e-194
-2.1800584e-194
-7.6004271e-193
-6.1916965e-193
-4.289469e-193
-3.3475358e-193
-4.7141003e-194
-3.439094e-194
-1.9123037e-194
-1.2584395e-194
1.0649555e-193
8.5643143e-194
5.8026657e-194
4.4635223e-194
-1.5523042e-193
-1.2490727e-193
-8.4714975e-194
-6.5207748e-194
-1.1890385e-191
-8.311799e-192
-4.4780734e-192
-2.9671832e-192
9.5657977e-192
7.0424083e-192
4.13987e-192
2.9132124e-192
-1.1787057e-192
-9.2244117e-193
-5.9272276e-193
-4.3985827e-193
1.5130908e-192
1.1940545e-192
7.7587147e-193
5.793305e-193
-2.9747092e-192
-1.9381325e-192
-9.3306468e-193
-5.6990737e-193
2.9143591e-192
2.0156752e-192
1.0716937e-192
7.0595118e-193
-4.3924515e-193
-3.185518e-193
-1.8141518e-193
-1.2503466e-193
5.7840623e-193
4.2166561e-193
2.4184437e-193
1.6741501e-193
-3.3447898e-194
-2.2657156e-194
-1.1657126e-194
-7.5001593e-195
6.480818e-196
6.3657995e-196
4.9227456e-196
3.9486029e-196
3.9310346e-195
2.6079966e-195
1.2960924e-195
8.1221778e-196
-5.7786847e-195
-3.8380091e-195
-1.9109576e-195
-1.1992939e-195
-1.1828302e-193
-8.531477e-194
-4.8521714e-194
-3.3409395e-194
-1.2310324e-195
-2.0825566e-196
5.2203257e-196
6.5781069e-196
1.4879157e-194
1.0543364e-194
5.8186564e-195
3.9236023e-195
-2.1797472e-194
-1.5459218e-194
-8.5446048e-195
-5.7679823e-195
-4.1943052e-196
-3.0705586e-196
-1.789038e-196
-1.2517166e-196
-1.696347e-196
-1.2121032e-196
-6.7858491e-197
-4.6221646e-197
9.8393945e-197
7.120471e-197
4.0718435e-197
2.8139755e-197
-1.4132796e-196
-1.0230324e-196
-5.8528944e-197
-4.0460693e-197
-1.2524611e-196
-8.6156748e-197
-4.5425787e-197
-2.9747408e-197
-4.6292569e-197
-3.1025698e-197
-1.5685415e-197
-9.9605023e-198
2.8168566e-197
1.9149438e-197
9.9094044e-198
6.4027164e-198
-4.0501679e-197
-2.7541862e-197
-1.4259101e-197
-9.2163769e-198
-1.3084024e-199
-9.4878546e-200
-5.4030845e-200
-3.7236743e-200
-2.2794129e-199
-1.5555576e-199
-8.0993114e-200
-5.2565385e-200
7.9379429e-200
5.4849823e-200
2.9120681e-200
1.9163074e-200
-1.1290838e-199
-7.8049564e-200
-4.1463846e-200
-2.7297558e-200
-3.5115697e-199
-2.747872e-199
-1.7656714e-199
-1.3102321e-199
-7.8555038e-199
-5.7056179e-199
-3.2823185e-199
-2.2773958e-199
2.6145505e-199
1.9229571e-199
1.1286771e-199
7.9345456e-200
-3.7132272e-199
-2.7321902e-199
-1.6047427e-199
-1.1286175e-199
-2.4335122e-195
-2.009224e-195
-1.4233093e-195
-1.1263585e-195
-1.1560591e-195
-9.3503075e-196
-6.3984601e-196
-4.954028e-196
6.1865675e-196
5.0537998e-196
3.5174403e-196
2.7531389e-196
-8.8695873e-196
-7.2472765e-196
-5.0461124e-196
-3.9506452e-196
-1.1258786e-195
-8.7596845e-196
-5.632515e-196
-4.1959031e-196
-4.9514881e-196
-3.7667365e-196
-2.3330133e-196
-1.6966824e-196
2.7518463e-196
2.1172003e-196
1.3366193e-196
9.8422797e-197
-3.9487938e-196
-3.0388887e-196
-1.9193231e-196
-1.4136971e-196
-7.0548795e-199
-5.9990959e-199
-4.3878999e-199
-3.5148352e-199
-2.1691454e-198
-1.6746436e-198
-1.0632742e-198
-7.8580187e-199
6.8989117e-199
5.393228e-199
3.4945714e-199
2.6156476e-199
-9.7822154e-199
-7.650695e-199
-4.9608719e-199
-3.7147978e-199
-1.0132875e-198
-9.5258484e-199
-8.090425e-199
-7.0555397e-199
-4.818882e-198
-3.949124e-198
-2.7632955e-198
-2.1701344e-198
1.4653836e-198
1.2157285e-198
8.6797125e-199
6.9017469e-199
-2.0743687e-198
-1.7217579e-198
-1.2301689e-198
-9.786219e-199
5.9092498e-182
-8.3504162e-182
1.5437449e-182
-1.9986672e-182
-7.32898e-182
-6.475106e-182
2.7079809e-182
-3.7548195e-182
-7.888453e-182
-3.3250473e-183
1.0917784e-182
-1.583047e-182
-2.6958323e-182
1.7200697e-182
-1.3058524e-183
1.384753e-183
1.2007038e-183
-7.0007749e-185
-1.3208192e-184
1.9493642e-184
2.7421115e-184
-3.2265542e-184
5.4246096e-185
-7.0090658e-185
-3.9891163e-184
-1.8561915e-184
1.0136372e-184
-1.4281791e-184
-3.2751823e-184
-1.8884611e-185
4.6468536e-185
-6.734929e-185
-3.4530688e-184
-1.844982e-185
4.8590307e-185
-7.0462321e-185
-1.1477154e-184
6.4380837e-185
-3.2610501e-186
2.94531e-186
7.1965077e-185
4.8304444e-185
-2.2363377e-185
3.1307814e-185
7.4899801e-185
1.0620833e-185
-1.2358458e-185
1.775589e-185
-2.8019776e-182
1.8349671e-182
-1.4869387e-183
1.6140765e-183
1.0719027e-182
1.6649481e-182
-5.9323191e-183
8.1532484e-183
1.8507942e-182
2.8222523e-183
-3.1216692e-183
4.4701524e-183
7.9943896e-183
-3.003794e-183
-1.8820946e-184
3.6525059e-184
6.8374988e-186
2.3387864e-186
-1.5015139e-186
2.1340107e-186
4.528072e-186
-1.6687283e-187
-5.2108055e-187
7.6640167e-187
-2.4641732e-187
-1.2513722e-186
3.7603008e-187
-5.1696056e-187
-1.490759e-186
-7.2191632e-187
3.8580117e-187
-5.4521591e-187
1.1612614e-188
1.8058923e-188
-6.436748e-189
8.981932e-189
2.2955168e-188
8.2819034e-189
-5.1459369e-189
7.3311357e-189
9.9602767e-189
-3.1370372e-189
-3.723514e-190
6.2135917e-190
-6.3739869e-190
-4.372543e-189
1.2879415e-189
-1.7791942e-189
-7.7226212e-190
-4.6298229e-189
1.3758555e-189
-1.9016379e-189
-4.887203e-189
-2.4851965e-189
1.295009e-189
-1.8354682e-189
-2.7528726e-189
3.6247715e-190
2.4226925e-190
-3.6344031e-190
-2.6534984e-190
9.0685522e-190
-2.1768803e-190
2.9674945e-190
-1.5859933e-186
-7.576601e-187
4.0758809e-187
-5.7614129e-187
-1.2061978e-186
-9.1140122e-188
1.7616119e-187
-2.5522575e-187
-9.833055e-188
2.5850148e-187
-5.9000194e-188
7.9506922e-188
2.7893738e-187
1.7859914e-187
-8.4186464e-188
1.1844531e-187
2.8974825e-187
1.7935149e-187
-8.5747038e-188
1.207078e-187
3.7704181e-187
9.6737708e-188
-7.3884423e-188
1.0552997e-187
3.9209946e-187
1.0091613e-187
-7.6925055e-188
1.0986694e-187
3.7642854e-187
1.1103842e-187
-7.7755763e-188
1.108148e-187
-2.2124248e-190
9.2888908e-190
-2.2926455e-190
3.1316479e-190
9.2231649e-190
9.1831722e-190
-3.6861229e-190
5.1743203e-190
9.5780872e-190
9.5631758e-190
-3.8354219e-190
5.3835063e-190
7.9407962e-190
9.4830766e-190
-3.6095655e-190
5.0547563e-190
7.673477e-190
9.5067342e-190
-3.5828412e-190
5.0150541e-190
8.4052346e-190
8.7344281e-190
-3.4603538e-190
4.8544982e-190
7.5684015e-190
7.9455945e-190
-3.1381853e-190
4.4019103e-190
6.5638705e-190
7.3277099e-190
-2.8423864e-190
3.9838072e-190
3.7508972e-187
1.1333473e-187
-7.8221591e-188
1.1143551e-187
3.5546489e-187
9.4569776e-188
-7.0587402e-188
1.0076293e-187
3.2268998e-187
8.657801e-188
-6.4280336e-188
9.1747527e-188
2.9428242e-187
8.2770012e-188
-5.9673634e-188
8.5108893e-188
7.8923964e-183
-3.1549577e-183
-1.3376018e-184
2.9033781e-184
1.2144509e-183
-4.8574289e-183
1.1806074e-183
-1.576333e-183
1.2912033e-183
-5.0404561e-183
1.2211732e-183
-1.6298424e-183
2.1748406e-183
-4.760465e-183
1.0322021e-183
-1.3625252e-183
7.5912503e-185
1.0029656e-185
-1.2323264e-185
1.7721061e-185
5.7007343e-185
-9.0658305e-186
-4.6844673e-186
7.1007357e-186
5.9352304e-185
-9.3576796e-186
-4.8998864e-186
7.4243201e-186
6.1296551e-185
-6.694894e-186
-5.8780033e-186
8.7779338e-186
6.1898622e-185
-6.236879e-186
-6.0799625e-186
9.0599978e-186
5.4747038e-185
-7.9922382e-186
-4.6956958e-186
7.0870425e-186
4.991776e-185
-7.1339579e-186
-4.3237476e-186
6.5194092e-186
4.6684171e-185
-5.8899206e-186
-4.2589795e-186
6.3894995e-186
2.3443012e-183
-4.7288215e-183
1.0020183e-183
-1.3194362e-183
1.3700585e-183
-4.5546432e-183
1.0776793e-183
-1.4351537e-183
1.2934962e-183
-4.1291235e-183
9.7047883e-184
-1.2915339e-183
1.430955e-183
-3.7444048e-183
8.473431e-184
-1.1234569e-183
-9.6525305e-191
5.6104275e-191
-3.6000569e-192
4.0194182e-192
3.2666615e-191
5.6364562e-191
-1.9650489e-191
2.7533925e-191
6.8892601e-191
1.1088216e-191
-1.1590228e-191
1.6735711e-191
3.2743629e-191
-9.7546956e-192
-1.3469267e-192
2.1910197e-192
-8.0073773e-193
-4.9462577e-194
1.1214153e-193
-1.6346552e-193
-2.8688139e-193
1.5456036e-193
-7.634462e-195
8.0555142e-195
1.9222405e-193
1.2863279e-193
-5.9319026e-194
8.4389951e-194
2.0210538e-193
3.3653933e-194
-3.4173711e-194
4.9439244e-194
2.1354431e-193
3.4620739e-194
-3.5847632e-194
5.1875194e-194
9.4347664e-194
-2.6042467e-194
-4.3649234e-195
6.9290103e-195
-2.9188379e-194
-3.0672611e-194
1.2098628e-194
-1.7124932e-194
-4.3321164e-194
-1.0845307e-194
8.3318265e-195
-1.2001584e-194
3.4238197e-191
-1.0501146e-191
-1.3249319e-192
2.1755227e-192
-1.0684089e-192
-1.3376919e-191
3.8371935e-192
-5.3250199e-192
-1.487785e-191
-4.0469364e-192
2.9602446e-192
-4.2478216e-192
-8.4805718e-192
1.3291564e-192
6.8013354e-193
-1.0261538e-192
-2.5655044e-195
-1.2174327e-195
6.5184543e-196
-9.3455617e-196
-2.0662247e-195
-1.4767181e-196
2.9340824e-196
-4.2800004e-196
-1.6293728e-196
4.8642941e-196
-1.1535468e-196
1.6044621e-196
5.0413248e-196
3.4138492e-196
-1.5648509e-196
2.2348286e-196
-1.0783775e-198
-5.078392e-198
1.5455872e-198
-2.1879681e-198
-5.8152137e-198
-2.8247373e-198
1.4926878e-198
-2.1470374e-198
-3.4136817e-198
5.3020569e-199
2.6658442e-199
-4.0027255e-199
-3.9500515e-199
1.1480556e-198
-2.718932e-199
3.8083254e-199
-3.8678876e-199
1.2186176e-198
-2.9255083e-199
4.1003591e-199
1.1217879e-198
7.7740026e-199
-3.5269875e-199
5.0558239e-199
8.6169349e-199
-1.5310995e-200
-1.0029107e-199
1.4759522e-199
1.964788e-199
-2.2302759e-199
3.8297286e-200
-5.2663215e-200
5.3899934e-196
3.5909853e-196
-1.6566898e-196
2.3664196e-196
5.1223681e-196
8.9648581e-197
-8.7474041e-197
1.267742e-196
9.8492245e-197
-9.2095505e-197
1.3583433e-197
-1.8264108e-197
-8.3591975e-197
-7.8873974e-197
3.213833e-197
-4.5745729e-197
-8.8101532e-197
-7.964527e-197
3.2903291e-197
-4.6854661e-197
-1.4384236e-196
-5.2507635e-197
3.2162705e-197
-4.6262671e-197
-1.5007902e-196
-5.4795529e-197
3.3561162e-197
-4.8273631e-197
-1.4109396e-196
-5.7949879e-197
3.3341261e-197
-4.7892968e-197
1.8656132e-199
-2.2981242e-199
4.1390656e-200
-5.7098613e-200
-1.5359471e-199
-2.5858528e-199
9.0682124e-200
-1.2905482e-199
-1.605279e-199
-2.700141e-199
9.4708815e-200
-1.3478245e-199
-1.1285688e-199
-2.6356253e-199
8.7126499e-200
-1.237461e-199
-1.0452997e-199
-2.6343717e-199
8.6081037e-200
-1.2221205e-199
-1.3591178e-199
-2.4553998e-199
8.4902375e-200
-1.2077099e-199
-1.2159425e-199
-2.2327776e-199
7.696277e-200
-1.0946523e-199
-9.97218e-200
-2.0481307e-199
6.9164045e-200
-9.8305499e-200
-1.4001103e-196
-5.8763716e-197
3.3435326e-197
-4.8016158e-197
-1.3526967e-196
-5.0851446e-197
3.0656035e-197
-4.4080299e-197
-1.2273663e-196
-4.6442942e-197
2.7900081e-197
-4.0114487e-197
-1.1113019e-196
-4.3803227e-197
2.5748952e-197
-3.7004325e-197
-8.4680788e-192
1.4484417e-192
6.455494e-193
-9.7811521e-193
-3.4148145e-192
3.4050437e-192
-5.2117981e-193
6.8806712e-193
-3.5665682e-192
3.5451154e-192
-5.4121566e-193
7.1421941e-193
-4.2144969e-192
3.2461593e-192
-3.7828686e-193
4.8211811e-193
-4.4147374e-194
-1.0610149e-194
8.3680483e-195
-1.2059435e-194
-3.8483377e-194
8.7632589e-196
4.4841251e-195
-6.595351e-195
-4.0133806e-194
9.0328538e-196
4.679586e-195
-6.882784e-195
-4.0512817e-194
-6.596416e-196
5.1599725e-195
-7.555672e-195
-4.0745873e-194
-9.4916769e-196
5.2689673e-195
-7.7096559e-195
-3.6808433e-194
4.7483086e-196
4.3899677e-195
-6.4491508e-195
-3.3526025e-194
3.5797807e-196
4.0192017e-195
-5.90295e-195
-3.1112028e-194
-8.6248379e-197
3.8459607e-195
-5.6397832e-195
-4.3502121e-192
3.2044949e-192
-3.4996393e-193
4.4154386e-193
-3.4079994e-192
3.1775798e-192
-4.589907e-193
6.0193202e-193
-3.1336377e-192
2.8778142e-192
-4.0986266e-193
5.3659051e-193
-3.0712998e-192
2.5820823e-192
-3.3563676e-193
4.3440036e-193
-3.0865729e-192
2.566609e-192
-3.2946097e-193
4.2569736e-193
-2.6329333e-192
2.3501838e-192
-3.2558575e-193
4.2483562e-193
-2.2157523e-192
1.9207242e-192
-2.5818266e-193
3.3561153e-193
-1.9396461e-192
1.6412298e-192
-2.1488507e-193
2.7838316e-193
-3.1059025e-194
-1.389513e-196
3.8540762e-195
-5.6506072e-195
-2.7672636e-194
1.7537483e-196
3.3508154e-195
-4.918769e-195
-2.2871276e-194
4.3342618e-197
2.7976454e-195
-4.1046617e-195
-1.972737e-194
-3.606076e-197
2.4334659e-195
-3.5688318e-195
-1.9669088e-194
-1.8782206e-197
2.4215084e-195
-3.5516402e-195
-1.6693876e-194
1.6230799e-197
2.0462968e-195
-3.0019686e-195
-1.2345714e-194
-4.0582073e-197
1.5279105e-195
-2.2404074e-195
-9.9272627e-195
-3.2099922e-197
1.2284546e-195
-1.8013149e-195
-1.927164e-192
1.6400644e-192
-2.1610528e-193
2.8019836e-193
-1.6230417e-192
1.3987326e-192
-1.8684528e-193
2.4268759e-193
-1.2207108e-192
1.0232518e-192
-1.3256166e-193
1.7149251e-193
-9.81276e-193
8.2294156e-193
-1.0666909e-193
1.3800644e-193
-1.105876e-196
-4.3817786e-197
2.5686731e-197
-3.6912694e-197
-1.0050642e-196
-3.8538596e-197
2.2987843e-197
-3.3046674e-197
-8.240325e-197
-3.2024318e-197
1.8966139e-197
-2.7260965e-197
-7.0588233e-197
-2.7746908e-197
1.6334132e-197
-2.3474768e-197
-9.7869379e-200
-2.0415435e-199
6.875567e-200
-9.7716209e-200
-9.6534011e-200
-1.835992e-199
6.2866721e-200
-8.9396623e-200
-7.663335e-200
-1.5118691e-199
5.1421468e-200
-7.3104797e-200
-6.3772668e-200
-1.2998414e-199
4.3953463e-200
-6.2475481e-200
-6.4110256e-200
-1.2969388e-199
4.391354e-200
-6.242157e-200
-5.5427991e-200
-1.102678e-199
3.7447706e-200
-5.323589e-200
-3.9342294e-200
-8.125483e-200
2.7412428e-200
-3.8960899e-200
-3.1640713e-200
-6.5340791e-200
2.204403e-200
-3.1330894e-200
-7.049156e-197
-2.7636089e-197
1.6291504e-197
-2.3414211e-197
-6.0044038e-197
-2.3402429e-197
1.3838662e-197
-1.9890298e-197
-4.4058624e-197
-1.7396529e-197
1.0216851e-197
-1.4682464e-197
-3.5430714e-197
-1.3988367e-197
8.2156995e-198
-1.1806645e-197
-3.5471437e-197
-1.3961584e-197
8.2132245e-198
-1.1803503e-197
-2.8067192e-197
-1.1111843e-197
6.516773e-198
-9.3648399e-198
-1.8342409e-197
-7.3150362e-198
4.2736336e-198
-6.1408415e-198
-1.3765689e-197
-5.4829959e-198
3.2053972e-198
-4.6059384e-198
-3.1930493e-200
-6.5350877e-200
2.2082008e-200
-3.1386537e-200
-2.4884505e-200
-5.1809542e-200
1.7454262e-200
-2.4806288e-200
-1.5945021e-200
-3.3940121e-200
1.1390881e-200
-1.6186806e-200
-1.2005897e-200
-2.5461803e-200
8.5507424e-201
-1.2151127e-200
-1.20142e-200
-2.5484676e-200
8.5581249e-201
-1.21616e-200
-8.6536794e-201
-1.8714984e-200
6.264239e-201
-8.9008527e-201
-4.9877551e-201
-1.0864461e-200
3.6321664e-201
-5.1607251e-201
-3.4409417e-201
-7.5668851e-201
2.5257346e-201
-3.5884639e-201
-1.3777625e-197
-5.488165e-198
3.2082931e-198
-4.6100956e-198
-1.0096772e-197
-4.0472967e-198
2.3582119e-198
-3.3883393e-198
-5.8568844e-198
-2.3530148e-198
1.3694075e-198
-1.9675452e-198
-4.0750239e-198
-1.6420817e-198
9.5415987e-199
-1.370874e-198
-9.7668249e-193
8.2447072e-193
-1.0766069e-193
1.3942549e-193
-7.8135357e-193
6.5144769e-193
-8.3875047e-194
1.0841835e-193
-5.1760312e-193
4.2501553e-193
-5.3752256e-194
6.9313782e-194
-3.874831e-193
3.190558e-193
-4.0484374e-194
5.2228161e-194
-9.9201963e-195
-2.2092773e-197
1.2248088e-195
-1.7961708e-195
-7.8769896e-195
-3.2596169e-197
9.7672303e-196
-1.4320499e-195
-5.1704721e-195
-3.3671809e-197
6.445319e-196
-9.4474835e-196
-3.877282e-195
-2.3628861e-197
4.8287829e-196
-7.0782949e-196
-3.8808062e-195
-2.3756703e-197
4.83347e-196
-7.0851475e-196
-2.8548389e-195
-2.3310357e-197
3.5718482e-196
-5.2346165e-196
-1.6582085e-195
-1.4722551e-197
2.0779655e-196
-3.0450553e-196
-1.1558003e-195
-1.1388327e-197
1.4515085e-196
-2.1268162e-196
-3.8787992e-193
3.1931959e-193
-4.050839e-194
5.2257367e-194
-2.8758568e-193
2.3366647e-193
-2.9178779e-194
3.7560443e-194
-1.6747913e-193
1.3547334e-193
-1.6824755e-194
2.1641303e-194
-1.1716643e-193
9.4186633e-194
-1.1607159e-194
1.4913842e-194
1.4566608e-183
-3.7275809e-183
8.394594e-184
-1.1124643e-183
1.1306072e-183
-3.3841873e-183
7.8645205e-184
-1.0454861e-183
9.90993e-184
-2.7745218e-183
6.3664684e-184
-8.4527435e-184
8.9399646e-184
-2.3780835e-183
5.4002089e-184
-7.162418e-184
4.6650821e-185
-5.7905393e-186
-4.2821404e-186
6.4204977e-186
4.1300711e-185
-5.6866082e-186
-3.6368031e-186
5.4746552e-186
3.4214401e-185
-4.5191171e-186
-3.0656467e-186
4.6071083e-186
2.9571546e-185
-3.7724906e-186
-2.6863765e-186
4.0317915e-186
2.9469873e-185
-3.7926593e-186
-2.6680121e-186
4.005523e-186
2.4980481e-185
-3.2745413e-186
-2.2451568e-186
3.3730405e-186
1.8514526e-185
-2.3301068e-186
-1.6907018e-186
2.5361933e-186
1.4885286e-185
-1.875859e-186
-1.3586021e-186
2.0381023e-186
8.8145359e-184
-2.3749353e-183
5.4074587e-184
-7.1739702e-184
7.3026855e-184
-2.0220028e-183
4.6294721e-184
-6.145199e-184
5.6854288e-184
-1.4840432e-183
3.3564761e-184
-4.4499423e-184
4.5625539e-184
-1.1935352e-183
2.7006768e-184
-3.5806738e-184
2.9315098e-187
8.293136e-188
-5.9576436e-188
8.4962399e-188
2.6490227e-187
7.2136947e-188
-5.3062159e-188
7.5717883e-188
2.1762876e-187
6.020382e-188
-4.3852408e-188
6.2560236e-188
1.8681384e-187
5.234462e-188
-3.7826664e-188
5.3952816e-188
6.4956131e-190
7.3096759e-190
-2.8289046e-190
3.9645085e-190
6.1175183e-190
6.5453643e-190
-2.5705679e-190
3.6048224e-190
4.943102e-190
5.3978211e-190
-2.1072186e-190
2.9542505e-190
4.1837682e-190
4.6477705e-190
-1.8053907e-190
2.5305356e-190
4.1907221e-190
4.6360392e-190
-1.8030115e-190
2.5273391e-190
3.5918504e-190
3.9379871e-190
-1.5355288e-190
2.1526456e-190
2.5984781e-190
2.9062208e-190
-1.1267073e-190
1.5791116e-190
2.0903956e-190
2.3369209e-190
-9.0611092e-191
1.2699464e-190
1.8648573e-187
5.2088876e-188
-3.7715003e-188
5.3796226e-188
1.586558e-187
4.4018191e-188
-3.2004698e-188
4.5655929e-188
1.1666528e-187
3.2850274e-188
-2.366724e-188
3.3754215e-188
9.3819806e-188
2.6406962e-188
-1.9029777e-188
2.7140387e-188
9.3877309e-188
2.6330453e-188
-1.9015869e-188
2.712207e-188
7.4345865e-188
2.0991387e-188
-1.5097952e-188
2.1531686e-188
4.8645393e-188
1.3845758e-188
-9.9093522e-189
1.4130198e-188
3.6496587e-188
1.0371597e-188
-7.4300777e-189
1.0595133e-188
2.0998904e-190
2.3363629e-190
-9.0713812e-191
1.2714643e-190
1.6507316e-190
1.8533394e-190
-7.1772554e-191
1.00586e-190
1.0701925e-190
1.215089e-190
-4.690544e-191
6.5726285e-191
8.0434496e-191
9.11308e-191
-3.5199969e-191
4.9325252e-191
8.0492636e-191
9.1211514e-191
-3.522953e-191
4.9366557e-191
5.8576429e-191
6.7029744e-191
-2.5817837e-191
3.6173529e-191
3.3898376e-191
3.8917156e-191
-1.4975894e-191
2.0981897e-191
2.3503917e-191
2.7111325e-191
-1.0419005e-191
1.4596585e-191
3.6527575e-188
1.0381735e-188
-7.4367577e-189
1.0604638e-188
2.6796988e-188
7.6693196e-189
-5.4703508e-189
7.7997062e-189
1.5548958e-188
4.4600598e-189
-3.1769139e-189
4.5295131e-189
1.0822814e-188
3.1146715e-189
-2.2141154e-189
3.1566216e-189
4.50426e-184
-1.1947904e-183
2.711518e-184
-3.5961167e-184
3.6582255e-184
-9.4535358e-184
2.1334666e-184
-2.827876e-184
2.4649815e-184
-6.1792106e-184
1.3851485e-184
-1.834736e-184
1.8379639e-184
-4.6367813e-184
1.0408753e-184
-1.3789178e-184
1.4866237e-185
-1.8919902e-186
-1.3517603e-186
2.028564e-186
1.181501e-185
-1.4758558e-186
-1.0819825e-186
1.6226207e-186
7.7638821e-186
-9.4793024e-187
-7.1702345e-187
1.0744413e-186
5.8197063e-186
-7.138811e-187
-5.3655815e-187
8.0414491e-187
5.8250411e-186
-7.1424873e-187
-5.371294e-187
8.0499086e-187
4.2892779e-186
-5.1544346e-187
-3.9840778e-187
5.9668151e-187
2.491687e-186
-2.9753857e-187
-2.3196075e-187
3.4732476e-187
1.7373598e-186
-2.0545412e-187
-1.6229145e-187
2.4292841e-187
1.840519e-184
-4.6405594e-184
1.0415897e-184
-1.3798443e-184
1.3846802e-184
-3.4013e-184
7.5890651e-185
-1.0047495e-184
8.0942436e-185
-1.9729925e-184
4.3942774e-185
-5.8166996e-185
5.6997099e-185
-1.3726412e-184
3.0484763e-185
-4.0340723e-185
-6.2540982e-183
-1.0232569e-181
-1.8582587e-181
-1.9013302e-181
4.0259514e-181
1.2829881e-181
-4.9129782e-182
2.4562929e-182
5.4738247e-181
5.7661053e-181
-1.0659266e-181
-3.5460193e-181
-4.8316803e-181
6.3293744e-181
4.066551e-181
-2.3415951e-181
-1.8835105e-181
-1.74983e-181
-1.7422002e-181
-1.7672903e-181
1.1541219e-182
8.663981e-182
1.509531e-181
1.4318934e-181
-3.7354782e-181
-4.3042738e-181
-3.2752188e-181
-2.9243787e-181
-1.6419182e-181
-4.7786783e-181
-5.369385e-181
-4.6688901e-181
-7.9258153e-180
-7.3068769e-180
-6.027046e-180
-5.1808703e-180
6.8794857e-180
5.7469527e-180
4.4586434e-180
3.9755768e-180
-2.364454e-180
-1.5415997e-180
-1.2043942e-180
-6.4481647e-181
-3.6609899e-179
-3.1680187e-179
-2.5745555e-179
-2.1970209e-179
-1.121542e-179
-9.8721507e-180
-8.4024587e-180
-8.0371202e-180
4.6035374e-180
7.2078131e-180
8.0342375e-180
6.6382102e-180
-1.4592784e-179
-1.2792396e-179
-4.7431088e-180
-2.8400339e-180
-4.5045956e-179
-5.1880448e-179
-4.3638753e-179
-3.6451099e-179
-1.7731622e-181
-1.6954494e-181
-1.3972827e-181
-1.2287606e-181
1.4701542e-181
1.3586303e-181
1.1622395e-181
1.0524705e-181
-2.8610409e-181
-2.6466611e-181
-2.2780996e-181
-1.956274e-181
-4.8125774e-181
-4.4575688e-181
-3.8438453e-181
-3.3702027e-181
-1.2246867e-181
-1.0770739e-181
-8.30778e-182
-6.9422305e-182
1.0462541e-181
9.2441936e-182
7.3927828e-182
6.3277595e-182
-1.9882178e-181
-1.7484258e-181
-1.3781672e-181
-1.1541694e-181
-3.3954842e-181
-2.9981432e-181
-2.3804395e-181
-2.0130834e-181
-2.8150994e-180
-2.3123316e-180
-1.6367994e-180
-1.2989961e-180
2.1317824e-180
1.7522575e-180
1.2378957e-180
9.831347e-181
-7.255057e-182
3.090245e-182
1.259113e-181
1.566924e-181
-1.1603427e-179
-9.4243656e-180
-6.5400904e-180
-5.1164523e-180
-5.2008786e-180
-4.4547155e-180
-3.3882453e-180
-2.8142654e-180
3.9183959e-180
3.3662605e-180
2.5543444e-180
2.1353602e-180
-7.8421772e-181
-5.1089167e-181
-2.1849413e-181
-7.1123328e-182
-2.2075225e-179
-1.874089e-179
-1.4088345e-179
-1.1611131e-179
9.3603102e-180
7.9550797e-180
5.7969658e-180
4.6567436e-180
-3.567762e-179
-3.0832482e-179
-2.3805716e-179
-1.9952824e-179
2.4762071e-178
2.0400214e-178
1.451758e-178
1.1558755e-178
-1.0546107e-178
-7.402384e-179
-3.8074145e-179
-2.3427678e-179
4.6624514e-180
3.6821097e-180
2.3957368e-180
1.7907635e-180
-1.9933505e-179
-1.6445995e-179
-1.1693093e-179
-9.2854317e-180
1.1563534e-178
9.0918238e-179
5.9763276e-179
4.5218122e-179
-2.3328701e-179
-1.2778459e-179
-2.6038553e-180
7.0020396e-181
9.8934606e-178
7.2862296e-178
4.3177569e-178
3.0624183e-178
-1.0732792e-177
-7.9847245e-178
-4.8015184e-178
-3.4351218e-178
1.5077594e-177
1.0709559e-177
5.93764e-178
4.0119883e-178
3.5114059e-177
2.6129132e-177
1.567997e-177
1.1187545e-177
2.6875683e-177
2.0723281e-177
1.3259919e-177
9.8891112e-178
-2.7994e-177
-2.1837067e-177
-1.422725e-177
-1.0732606e-177
4.5418322e-177
3.4159658e-177
2.0879431e-177
1.5067114e-177
9.0639689e-177
7.1009976e-177
4.6491696e-177
3.5111409e-177
1.0776476e-179
8.8010017e-180
1.2170443e-179
1.4922482e-179
-2.0264297e-179
-5.0327031e-179
-6.1312639e-179
-5.2763747e-179
7.63157e-178
6.8130959e-178
5.2532957e-178
4.6170361e-178
-7.0883381e-178
-5.2285242e-178
-3.7703678e-178
-2.9414341e-178
1.4310133e-179
1.3715032e-179
1.0781034e-179
9.4958748e-180
-5.462749e-179
-4.8680932e-179
-4.0665085e-179
-3.5779309e-179
4.5524799e-178
3.9120968e-178
2.9787486e-178
2.4704686e-178
-2.9882282e-178
-2.2963698e-178
-1.4399459e-178
-1.0646728e-178
6.2563264e-177
5.0261127e-177
3.4459763e-177
2.6864867e-177
-6.2481375e-177
-5.0755332e-177
-3.5440292e-177
-2.801028e-177
1.13518e-176
8.9602303e-177
5.9561847e-177
4.5392518e-177
1.9738219e-176
1.616006e-176
1.1422124e-176
9.0630471e-177
1.2665025e-176
1.0601049e-176
7.7130876e-177
6.2601721e-177
-1.2305514e-176
-1.0260403e-176
-7.5997029e-177
-6.2549481e-177
2.4191006e-176
1.9929744e-176
1.4253396e-176
1.1306259e-176
3.7099377e-176
3.1551507e-176
2.3896611e-176
1.9676583e-176
-6.9441634e-182
-5.7545894e-182
-4.0612189e-182
-3.2158358e-182
6.3269833e-182
5.3349974e-182
3.9262135e-182
3.1816673e-182
-1.1594388e-181
-9.6671722e-182
-6.9538393e-182
-5.5353914e-182
-2.0185724e-181
-1.6924178e-181
-1.229249e-181
-9.8678687e-182
-3.2140279e-182
-2.4989618e-182
-1.5956179e-182
-1.1865437e-182
3.1817714e-182
2.5378602e-182
1.6978714e-182
1.2955362e-182
-5.5443356e-182
-4.353659e-182
-2.8325079e-182
-2.1223788e-182
-9.8731315e-182
-7.8002097e-182
-5.1298873e-182
-3.8725406e-182
-5.0034218e-181
-3.7128943e-181
-2.2168375e-181
-1.5770422e-181
3.7295348e-181
2.7491358e-181
1.6192182e-181
1.1400683e-181
1.3968121e-181
1.2032323e-181
8.7806041e-182
6.9583283e-182
-1.8407903e-180
-1.3347725e-180
-7.6440714e-181
-5.281457e-181
-1.2990686e-180
-1.01707e-180
-6.6393807e-181
-5.0037409e-181
9.8220246e-181
7.6701603e-181
4.9738603e-181
3.7317398e-181
1.5594663e-181
1.660539e-181
1.554276e-181
1.4002165e-181
-5.1152057e-180
-3.9390976e-180
-2.4951961e-180
-1.8408208e-180
-1.1849765e-182
-8.6061537e-183
-4.9335732e-183
-3.4120115e-183
1.2949427e-182
9.7037611e-183
5.84952e-183
4.1773701e-183
-2.1222787e-182
-1.5603543e-182
-9.1107166e-183
-6.3764866e-183
-3.8701123e-182
-2.8642756e-182
-1.6911248e-182
-1.1913151e-182
-3.4113974e-183
-2.3086815e-183
-1.1805762e-183
-7.5233531e-184
4.1761553e-183
2.9246422e-183
1.5787572e-183
1.0478008e-183
-6.3746493e-183
-4.3699589e-183
-2.2777943e-183
-1.4759316e-183
-1.1909929e-182
-8.2214051e-183
-4.3321149e-183
-2.8256953e-183
-4.0077577e-182
-2.6354366e-182
-1.2914157e-182
-8.0103245e-183
2.7564722e-182
1.7812188e-182
8.4605283e-183
5.1247029e-183
2.3635006e-182
1.6543349e-182
8.8144023e-183
5.7920022e-183
-1.1904278e-181
-7.5328092e-182
-3.4613101e-182
-2.0415568e-182
-1.5778773e-181
-1.1045009e-181
-5.9901813e-182
-3.9959481e-182
1.1405996e-181
7.8908062e-182
4.1865488e-182
2.7465948e-182
6.9434505e-182
5.3360877e-182
3.2921671e-182
2.3681854e-182
-5.2871047e-181
-3.5896509e-181
-1.8454684e-181
-1.1845997e-181
1.05912e-181
6.3771785e-182
2.6183744e-182
1.3896463e-182
-1.0601734e-180
-7.2961873e-181
-3.8333308e-181
-2.4981827e-181
3.6918953e-180
2.4272799e-180
1.1866132e-180
7.3469273e-181
1.5169119e-180
1.1197356e-180
6.3837111e-181
4.3675922e-181
1.4212676e-182
7.3350455e-183
2.1815854e-183
7.361242e-184
-2.5073878e-181
-1.6086609e-181
-7.5548748e-182
-4.5361717e-182
7.4125872e-181
4.5469893e-181
1.9900825e-181
1.1260344e-181
4.3487107e-181
2.881288e-181
1.3999746e-181
8.5981643e-182
2.8116239e-180
1.6549037e-180
6.8421945e-181
3.6646298e-181
-3.1207475e-180
-1.8130435e-180
-7.3123048e-181
-3.8312032e-181
1.2711532e-180
6.064382e-181
1.6514788e-181
4.0018807e-182
9.1944877e-180
5.2637882e-180
2.0755787e-180
1.0568008e-180
1.6551418e-179
1.0355585e-179
4.7095248e-180
2.7563164e-180
-1.8877274e-179
-1.1753202e-179
-5.2809684e-180
-3.0589185e-180
1.2588918e-179
6.9955585e-180
2.5532325e-180
1.1858618e-180
5.825572e-179
3.5854966e-179
1.5792837e-179
8.9843082e-180
1.7898867e-180
1.3080915e-180
7.4907402e-181
5.1473867e-181
-9.2817812e-180
-7.251147e-180
-4.6979754e-180
-3.5150954e-180
4.5222045e-179
3.3697597e-179
2.0239685e-179
1.4441394e-179
6.8857822e-181
2.4706411e-180
3.331779e-180
3.2044369e-180
5.1457689e-181
3.444908e-181
1.7029779e-181
1.0550624e-181
-3.5142623e-180
-2.5834205e-180
-1.5121032e-180
-1.059565e-180
1.4449191e-179
1.0140004e-179
5.5137615e-180
3.6820371e-180
3.1829656e-180
2.784e-180
1.9779519e-180
1.5271871e-180
7.8774439e-179
5.2227127e-179
2.6057601e-179
1.6405753e-179
-8.9991312e-179
-5.9777906e-179
-2.9800725e-179
-1.8725252e-179
8.2981622e-179
5.0922186e-179
2.2044442e-179
1.2316679e-179
2.8730119e-178
1.8932268e-178
9.2966881e-179
5.7747032e-179
3.0663691e-178
2.1469488e-178
1.1704975e-178
7.8492542e-179
-3.4378479e-178
-2.423811e-178
-1.3324389e-178
-8.9732911e-179
4.0211038e-178
2.6710392e-178
1.3220955e-178
8.2385018e-179
1.1194987e-177
7.8612389e-178
4.2831412e-178
2.8649696e-178
2.488911e-177
1.6293447e-177
7.9864503e-178
4.9639685e-178
-1.1411372e-177
-6.6460146e-178
-2.5424726e-178
-1.2333372e-178
-4.3053155e-177
-3.0446852e-177
-1.6646785e-177
-1.1140579e-177
7.1645157e-177
4.3756094e-177
1.8777494e-177
1.0393839e-177
5.019791e-178
3.1119425e-178
1.3981306e-178
8.0964482e-179
-1.2800755e-178
-5.8525591e-179
-1.0543391e-179
1.7127751e-180
-1.1153249e-177
-7.3190077e-178
-3.5526927e-178
-2.1884893e-178
1.0640335e-177
5.8539004e-178
2.0881991e-178
9.405733e-179
-3.4415547e-177
-2.1414321e-177
-9.6423456e-178
-5.5999228e-178
6.8567261e-177
4.2145146e-177
1.8544879e-177
1.054795e-177
-1.0310194e-176
-5.8978081e-177
-2.3092639e-177
-1.1694757e-177
-1.7499254e-176
-1.0752109e-176
-4.7028589e-177
-2.6626448e-177
-1.6582938e-176
-1.097225e-176
-5.4430872e-177
-3.4124145e-177
3.4067774e-176
2.2392334e-176
1.0960664e-176
6.7937463e-177
-6.5016534e-176
-4.0091855e-176
-1.7692431e-176
-1.0082282e-176
-8.5209648e-176
-5.6555846e-176
-2.7902242e-176
-1.7391224e-176
8.2843031e-179
4.8450523e-179
1.9875891e-179
1.0551284e-179
3.4966606e-181
4.1417289e-180
4.2807556e-180
3.6677676e-180
-2.2061943e-178
-1.3427999e-178
-5.7904742e-179
-3.2405887e-179
1.0147134e-178
4.6488351e-179
1.1107882e-179
1.5230041e-180
1.104082e-179
6.0655831e-180
2.2655865e-180
1.0731844e-180
3.4138607e-180
2.4318308e-180
1.2229022e-180
7.7943893e-181
-3.3234733e-179
-1.874003e-179
-7.1892146e-180
-3.5614811e-180
3.0236533e-180
2.2789335e-182
-8.3680451e-181
-9.4794345e-181
-7.5608609e-179
-4.1405847e-179
-1.5339989e-179
-7.2090742e-180
1.315605e-178
6.9931333e-179
2.4734085e-179
1.0932491e-179
-1.0707941e-178
-5.0817547e-179
-1.502535e-179
-4.2866914e-180
-3.2043955e-178
-1.6833419e-178
-5.8460487e-179
-2.4796373e-179
-5.7174559e-178
-3.3408931e-178
-1.3647236e-178
-7.2296713e-179
1.0798705e-177
6.1835649e-178
2.4399403e-178
1.2466506e-178
-1.2343528e-177
-6.4853286e-178
-2.2273573e-178
-9.3844263e-179
-2.7227321e-177
-1.5480547e-177
-6.0200717e-178
-3.0227973e-178
-5.2430487e-177
-2.8069841e-177
-1.009567e-177
-4.5266461e-178
2.2347525e-177
1.0051918e-177
2.5754523e-178
4.5697553e-179
6.8812706e-177
3.9617392e-177
1.5479916e-177
7.9389193e-178
-8.3546926e-177
-3.8940621e-177
-1.1084358e-177
-2.8710431e-178
-5.0744787e-178
-2.5414645e-178
-8.3319983e-179
-3.0980507e-179
8.8100756e-179
2.4507954e-179
-1.0762022e-180
-8.0527209e-180
8.2834919e-178
4.3436149e-178
1.4846319e-178
6.3175723e-179
-4.3836597e-178
-1.660137e-178
-3.3043536e-179
8.2050333e-180
1.0033014e-177
5.3824814e-178
1.8850534e-178
8.3900283e-179
-3.0591607e-177
-1.494431e-177
-4.7084629e-178
-1.6292952e-178
2.9684898e-177
1.2943066e-177
3.470338e-178
4.7603125e-179
6.5451023e-177
3.1672542e-177
9.8187485e-178
3.112158e-178
7.4487276e-177
4.472259e-177
1.8217052e-177
9.9077055e-178
-3.3104505e-176
-1.7593339e-176
-6.1986437e-177
-2.725982e-177
4.6308649e-176
2.2356622e-176
6.8422172e-177
2.1883773e-177
7.3175519e-176
3.8715595e-176
1.3447752e-176
5.7915291e-177
-2.8716111e-175
-1.7343608e-175
-7.4866996e-176
-4.182954e-176
2.3313054e-175
1.3344335e-175
5.210934e-176
2.6284653e-176
1.3462132e-175
1.0348228e-175
5.8946321e-176
4.0349933e-176
-8.296858e-175
-4.7440865e-175
-1.854095e-175
-9.3633787e-176
-4.3170104e-176
-2.4597404e-176
-9.7040346e-177
-4.9363377e-177
2.7712421e-176
1.4406356e-176
4.8006289e-177
1.9407871e-177
3.9542354e-176
2.542266e-176
1.1608372e-176
6.8741213e-177
-9.8833678e-176
-5.1689666e-176
-1.7571333e-176
-7.2945802e-177
3.0560257e-176
2.2792676e-176
1.1789503e-176
7.7855216e-177
-2.6695658e-175
-1.5423506e-175
-6.124261e-176
-3.161626e-176
5.1877381e-175
2.7360639e-175
9.5009318e-176
4.0803188e-176
5.8728216e-175
3.4176602e-175
1.3562569e-175
7.0450103e-176
-5.9192565e-176
1.2632237e-176
3.4146817e-176
3.4564295e-176
-1.5872344e-174
-1.0006876e-174
-4.5206343e-175
-2.636191e-175
4.3241835e-174
2.4712361e-174
9.6833164e-175
4.9126731e-175
3.2211962e-174
2.1036818e-174
9.7972005e-175
5.8858944e-175
2.6216496e-175
2.0548854e-175
1.3572021e-175
1.033467e-175
-2.0532428e-175
-1.59839e-175
-1.0360649e-175
-7.8052192e-176
-2.2562258e-176
-3.4527255e-176
-4.1574094e-176
-4.1419898e-176
1.0812649e-174
8.4410877e-175
5.521057e-175
4.1774607e-175
1.0344251e-175
7.7996219e-176
4.8227946e-176
3.5224879e-176
-7.8018059e-176
-5.7908097e-176
-3.4612826e-176
-2.4624108e-176
-4.1397814e-176
-3.9010851e-176
-3.2415633e-176
-2.7744842e-176
4.1767599e-175
3.1155356e-175
1.8813399e-175
1.3489588e-175
-4.9335247e-175
-3.9327275e-175
-2.6203935e-175
-1.9946385e-175
1.0971606e-174
8.608388e-175
5.6324578e-175
4.2502629e-175
-3.9896303e-174
-2.946977e-174
-1.7530382e-174
-1.2452479e-174
-1.5314332e-174
-1.3707643e-174
-1.0447172e-174
-8.4800542e-175
-9.469002e-175
-8.1452463e-175
-6.0733927e-175
-4.937089e-175
2.3387146e-174
1.9323238e-174
1.3773974e-174
1.0979854e-174
-1.0707633e-173
-8.2834226e-174
-5.3303139e-174
-3.9873535e-174
-9.4299863e-175
-1.4107542e-174
-1.612069e-174
-1.5351137e-174
3.5256672e-176
2.5461295e-176
1.4650881e-176
1.020269e-176
-2.4647818e-176
-1.7248712e-176
-9.3072173e-177
-6.160966e-177
-2.7717347e-176
-2.3051737e-176
-1.6205823e-176
-1.2670892e-176
1.3498765e-175
9.5291998e-176
5.2366644e-176
3.5196067e-176
1.0225465e-176
7.0437391e-177
3.7501865e-177
2.4760739e-177
-6.1797241e-177
-4.0115889e-177
-1.8933244e-177
-1.1300732e-177
-1.2652119e-176
-9.6592976e-177
-5.9609886e-177
-4.3101606e-177
3.5289057e-176
2.3332571e-176
1.146837e-176
7.1074142e-177
-6.4163314e-176
-4.5114434e-176
-2.4650978e-176
-1.654027e-176
1.3417807e-175
9.3933427e-176
5.0934067e-176
3.3966717e-176
-3.1874823e-175
-2.1024168e-175
-1.0353807e-175
-6.4436711e-176
-3.1282609e-175
-2.2479494e-175
-1.2560485e-175
-8.5234865e-176
-1.9930143e-175
-1.4897777e-175
-8.9731923e-176
-6.4162378e-176
4.2488803e-175
3.1550645e-175
1.8848826e-175
1.3410942e-175
-1.2467365e-174
-8.7330981e-175
-4.7516549e-175
-3.1767074e-175
-8.4560624e-175
-6.6444068e-175
-4.2513518e-175
-3.1358261e-175
-7.0526925e-174
-4.733454e-174
-2.4185061e-174
-1.5507882e-174
7.0970737e-174
4.6863354e-174
2.3151929e-174
1.4440143e-174
-3.0720921e-174
-1.4979261e-174
-2.9385765e-175
3.133953e-176
-2.5558556e-173
-1.6866861e-173
-8.3146836e-174
-5.1781754e-174
-1.5632224e-174
-9.9707556e-175
-4.6926832e-175
-2.8256323e-175
1.45734e-174
9.0113531e-175
3.9932478e-175
2.2808627e-175
1.0434979e-176
1.3423601e-175
1.5765862e-175
1.4006212e-175
-5.2247163e-174
-3.2239678e-174
-1.4237631e-174
-8.1143463e-175
-2.1519823e-174
-1.0179172e-174
-2.4346457e-175
-3.2855489e-176
-6.7065292e-174
-4.6814083e-174
-2.4512044e-174
-1.5924435e-174
2.7423451e-173
1.6882746e-173
7.4306821e-174
4.2279392e-174
9.8720546e-174
7.9327525e-174
4.7098661e-174
3.2993096e-174
-2.022939e-173
-1.144115e-173
-4.2752272e-174
-2.0303045e-174
-1.7485915e-173
-1.4381731e-173
-9.2577819e-174
-6.7828444e-174
1.3462844e-172
8.8864765e-173
4.3722372e-173
2.7197121e-173
-9.3019731e-174
5.1105619e-174
1.0645899e-173
1.0369344e-173
-8.617482e-173
-6.329514e-173
-3.7519628e-173
-2.6669822e-173
9.0657056e-173
6.6556945e-173
3.9292742e-173
2.7811103e-173
-1.0126988e-172
-6.8747561e-173
-3.504489e-173
-2.2150495e-173
-3.2038089e-172
-2.3645143e-172
-1.4052658e-172
-9.9803265e-173
-2.6716629e-173
-1.8796412e-173
-1.037407e-173
-7.0259989e-174
2.7853423e-173
1.9467489e-173
1.0577424e-173
7.0700564e-174
-2.2261229e-173
-1.3690674e-173
-5.7265388e-174
-3.0163357e-174
-9.991806e-173
-6.9981812e-173
-3.8085413e-173
-2.5471672e-173
-1.2695117e-172
-7.8672037e-173
-3.4830622e-173
-1.9805417e-173
-3.8791965e-174
-1.5817922e-173
-1.9407738e-173
-1.7827904e-173
5.1887895e-172
3.658446e-172
2.0025934e-172
1.3432914e-172
-3.1038257e-172
-1.5986874e-172
-4.1139247e-173
-7.4052771e-174
-6.1149696e-172
-4.0486016e-172
-2.0105922e-172
-1.2579749e-172
2.2816324e-172
1.1593017e-172
2.222908e-173
-4.887722e-174
1.5852349e-171
1.1913085e-171
7.2294226e-172
5.1894534e-172
-2.0947361e-171
-1.3021545e-171
-5.6051557e-172
-3.0523543e-172
-1.2907674e-170
8.2569735e-171
1.5559793e-170
-4.6561957e-170
6.8934869e-171
-1.9733784e-170
6.0261618e-170
4.1570968e-170
-1.0181082e-169
9.7016304e-170
-1.9508611e-170
-3.7739401e-169
-1.6707631e-169
2.2602487e-169
-3.6060555e-169
-6.7818958e-169
9.6468648e-170
-1.8339687e-169
4.348334e-169
4.53348e-169
2.8954559e-169
-3.0073059e-169
6.6256907e-170
1.0691284e-168
-9.2752493e-170
-4.7478558e-169
2.3280985e-168
4.9972885e-169
-1.8846382e-168
1.252163e-168
2.2253277e-168
-6.0391359e-168
-1.9450678e-168
3.0370633e-168
-6.3178525e-168
-8.0587717e-168
-4.7697819e-168
4.6358071e-168
-1.5886608e-169
-1.7666665e-167
-1.4529336e-168
9.866273e-168
-3.8512289e-167
-1.5582802e-167
2.6048889e-167
-1.4811179e-167
-4.3246543e-167
8.5334006e-167
1.4815508e-169
-7.8703182e-170
-2.896022e-169
5.563306e-169
-1.7122796e-169
3.4528087e-169
-9.2098297e-169
-8.0267149e-169
1.4658529e-168
-1.3011033e-168
-1.0542931e-169
5.4727593e-168
2.7673575e-168
-3.40789e-168
4.8209426e-168
1.086726e-167
2.1661755e-168
-1.9899863e-168
-3.7671567e-169
7.5897122e-168
4.0658255e-169
1.2577352e-168
-5.761056e-168
-1.9341747e-168
1.0384428e-167
-1.2672886e-167
8.7412356e-168
4.0771574e-167
9.558572e-168
-2.2227866e-167
4.7630693e-167
5.6486287e-167
-6.4599905e-169
1.3556976e-167
-4.5499225e-167
-2.7207486e-167
-2.0877453e-167
2.6119847e-167
-1.1266438e-167
-8.0537963e-167
4.3319306e-167
1.248472e-167
-1.8191577e-166
3.0484874e-167
1.9957196e-166
-1.726788e-166
-1.0161769e-166
6.234733e-166
6.6669433e-167
-2.7611277e-166
8.1017591e-166
6.179003e-166
4.151899e-166
-4.8258356e-166
1.4090818e-166
1.562698e-165
-5.5688416e-166
-4.6679509e-166
3.5789724e-165
9.7599052e-167
-3.4772837e-165
2.7573276e-165
2.6991671e-165
-1.0794131e-164
-3.386455e-167
2.8762086e-167
1.4003336e-167
-1.1991857e-166
-4.2650288e-169
-2.7677213e-167
1.0617642e-166
5.1796982e-167
-1.8652192e-166
2.1083227e-166
-1.1269724e-166
-7.1861992e-166
-2.1904063e-166
4.0681306e-166
-7.8921701e-166
-1.1037758e-165
4.9694062e-166
-3.7436097e-166
-3.6059123e-166
1.7173701e-165
-1.0797309e-166
5.4111267e-166
-1.8349923e-165
-1.1094732e-165
3.1419202e-165
-3.2889962e-165
1.2476041e-165
1.1914845e-164
4.3875517e-165
-6.9598851e-165
1.2263095e-164
1.9839868e-164
-2.0375258e-165
5.0808296e-165
-1.3509267e-164
-1.209218e-164
-7.7432866e-165
8.5594512e-165
-1.4085885e-165
-2.925859e-164
5.4934644e-165
1.1821466e-164
-6.6559312e-164
-1.2420269e-164
5.6821263e-164
-4.1467889e-164
-5.9770241e-164
1.7919247e-163
4.4940701e-164
-9.3103321e-164
2.0621807e-163
2.2883181e-163
1.3752561e-163
-1.3978524e-163
1.1856346e-164
5.1486336e-163
-2.1785919e-164
-2.5876574e-163
1.1453053e-162
3.6379662e-163
-8.774492e-163
5.6019134e-163
1.1921373e-162
-2.7528966e-162
-6.57558e-165
5.0871614e-165
7.9423076e-165
-2.4520409e-164
3.3884753e-165
-1.0346669e-164
2.9564983e-164
2.2674869e-164
-4.9466981e-164
4.9170796e-164
-7.4903233e-165
-1.8587468e-163
-7.8867842e-164
1.1452586e-163
-1.8150505e-163
-3.442386e-163
-1.4434191e-168
6.2956696e-169
4.2665637e-168
-6.9530545e-168
3.3693858e-168
-5.6709246e-168
1.3682702e-167
1.4831439e-167
-1.9555804e-167
1.664459e-167
6.6810637e-168
-7.6336515e-167
-4.2264171e-167
4.8211781e-167
-6.2330795e-167
-1.6581691e-166
3.4050042e-167
-4.7943946e-167
8.9708987e-167
1.4083111e-166
7.3978445e-167
-6.6387586e-167
-1.4521515e-167
2.6976989e-166
6.4639847e-167
-1.8502999e-166
6.0205011e-166
3.6175699e-166
-3.3026584e-166
1.4833106e-166
7.8131513e-166
-1.0985871e-165
-5.6397985e-166
6.3133166e-166
-1.2178925e-165
-2.0333563e-165
-1.0583473e-165
9.5587311e-166
4.9885096e-166
-4.0710269e-165
-1.5669903e-165
3.0597978e-165
-9.1783817e-165
-7.0957822e-165
3.7081517e-165
-1.319255e-165
-1.2757111e-164
1.4112519e-164
1.2921949e-167
5.3387214e-168
-6.0202371e-167
5.0686474e-167
-6.010434e-167
7.983023e-167
-1.9247588e-166
-2.2513296e-166
2.4631173e-166
-1.8758551e-166
-1.3269886e-166
1.0004687e-165
6.0624428e-166
-6.1752733e-166
7.2014227e-166
2.2426192e-165
-1.7325817e-166
1.9379287e-166
-3.4243854e-167
-6.2266439e-166
-6.2705393e-167
-5.9938295e-167
3.4487868e-166
8.9072635e-167
-5.9284727e-166
9.1644276e-166
-7.8781057e-166
-2.6155795e-165
-1.3984951e-166
1.3565361e-165
-3.4755391e-165
-3.1193861e-165
-3.198668e-166
-7.0389602e-166
2.8795122e-165
1.3314677e-165
9.5522661e-166
-1.3365606e-165
4.8144911e-166
3.7098513e-165
-3.4465274e-165
6.104121e-167
9.4222497e-165
-2.700691e-165
-1.1648252e-164
1.1493937e-164
3.6591264e-165
-3.5362926e-164
2.7834629e-165
1.7031736e-164
-5.942064e-164
-3.5548777e-164
-2.2073844e-164
2.8523308e-164
-6.8143568e-165
-8.2728894e-164
5.9916482e-164
1.3317821e-164
-2.1373445e-163
2.0338465e-164
2.4073381e-163
-2.1781699e-163
-1.2846885e-163
7.1211927e-163
3.3048379e-165
-3.4339242e-165
-1.2591491e-167
1.1658961e-164
8.6428612e-166
1.5936104e-165
-7.3333092e-165
-2.8539038e-165
1.2879759e-164
-1.7958338e-164
1.3061858e-164
5.3726922e-164
7.4913288e-165
-2.957062e-164
6.7507294e-164
7.2432541e-164
8.5045107e-165
-1.0626928e-164
1.8266644e-165
3.0339675e-164
3.0751383e-165
2.869263e-165
-1.363206e-164
-5.6273509e-165
2.2326521e-164
-4.179544e-164
3.4405847e-164
1.0896612e-163
-8.867189e-165
-5.9811926e-164
1.5750803e-163
1.331158e-163
2.0239801e-164
3.1475005e-164
-1.1803494e-163
-6.5217928e-164
-3.0939038e-164
4.2135035e-164
-2.7516365e-165
-1.0610674e-163
1.4291224e-163
1.0634833e-165
-3.4119361e-163
5.3733557e-164
4.3746047e-163
-4.4241534e-163
-1.7350528e-163
1.205736e-162
-3.0405065e-163
-8.6027727e-163
2.7674472e-162
1.9091933e-162
8.0267953e-163
-9.9990939e-163
-7.8718753e-164
2.6047428e-162
-2.9318659e-162
-6.4541621e-163
8.6767409e-162
2.2043977e-163
-1.0360028e-161
9.4675911e-162
6.3297602e-162
-2.7054306e-161
-1.891841e-163
2.1929409e-163
-5.1254139e-165
-6.5658956e-163
-5.4386526e-164
-8.3236144e-164
3.2807031e-163
1.7715163e-163
-5.6989139e-163
9.3831861e-163
-6.501487e-163
-2.5478135e-162
-4.6699167e-164
1.5023137e-162
-3.4951471e-162
-3.540334e-162
3.9978694e-162
-4.2886349e-162
-5.141428e-163
1.3533465e-161
8.3147508e-163
2.1561444e-162
-7.6115941e-162
-4.8607607e-162
1.355058e-161
-2.0102985e-161
1.1722935e-161
5.7109117e-161
5.9287704e-162
-3.5136843e-161
7.4321434e-161
8.6718046e-161
3.2270624e-162
2.1296404e-161
-6.2684868e-161
-5.0014015e-161
-1.9789342e-161
2.3265069e-161
5.3069571e-162
-6.2701523e-161
5.615046e-161
2.7430358e-161
-2.1241617e-160
-3.8635853e-161
2.3291983e-160
-1.9558072e-160
-1.9046626e-160
5.9006671e-160
-1.2638287e-162
-5.0511891e-160
1.305007e-159
1.1722106e-159
4.6737614e-160
-5.1545752e-160
-1.4532713e-160
1.5018664e-159
-9.897847e-160
-8.4556796e-160
4.8724484e-159
1.3890672e-159
-5.0053195e-159
3.8066697e-159
4.9593749e-159
-1.2388103e-158
-7.9531375e-161
8.2439785e-161
2.771631e-161
-2.653298e-160
-1.0276357e-161
-5.3374405e-161
1.6417535e-160
1.197623e-160
-3.0240325e-160
4.1227377e-160
-1.864578e-160
-1.2084288e-159
-2.1220191e-160
7.8434702e-160
-1.5052338e-159
-2.0068643e-159
-5.9049869e-164
5.8519914e-164
1.0666294e-164
-2.1105823e-163
-9.1199364e-165
-3.821697e-164
1.4898764e-163
7.7124597e-164
-2.6056675e-163
3.3609833e-163
-2.0081915e-163
-1.0526416e-162
-2.2186344e-163
6.0304527e-163
-1.2561968e-162
-1.5665799e-162
1.2302142e-164
-3.8292575e-163
1.1698204e-162
8.6259816e-163
4.837915e-163
-5.7911559e-163
7.2701924e-164
1.758706e-162
-9.5272675e-163
-5.4639983e-163
4.5821718e-162
2.9816799e-163
-4.710833e-162
3.9158706e-162
3.5584368e-162
-1.3653155e-161
-1.478006e-162
7.6147936e-162
-2.2671297e-161
-1.8928137e-161
-9.9766694e-162
1.1521344e-161
3.7071852e-163
-3.587218e-161
1.346663e-161
1.5284389e-161
-9.5041375e-161
-2.0578019e-161
8.6854353e-161
-6.847563e-161
-8.6404085e-161
2.5411717e-160
1.0063515e-162
-8.9996617e-163
-2.7604064e-163
3.5911504e-162
1.9799452e-164
7.9648501e-163
-2.9450676e-162
-1.7876008e-162
4.9518045e-162
-5.9559009e-162
3.0642244e-162
1.9829119e-161
5.3675393e-162
-1.1350131e-161
2.234819e-161
3.1028751e-161
-1.6068756e-161
1.2987064e-161
1.1228763e-161
-5.1023595e-161
2.221783e-162
-1.5385806e-161
5.0798767e-161
3.1401428e-161
-8.9266686e-161
9.7798023e-161
-3.7666765e-161
-3.3831193e-160
-1.1270507e-160
2.0481365e-160
-3.608976e-160
-5.6466033e-160
4.7532018e-161
-1.3960929e-160
3.7059888e-160
3.1279449e-160
1.9447544e-160
-2.2246882e-160
-1.969265e-163
7.6196587e-160
-1.5186432e-160
-3.3459017e-160
1.8228882e-159
4.9033764e-160
-1.5233344e-159
1.1222789e-159
1.7184555e-159
-4.6896225e-159
-1.0049928e-159
2.9759521e-159
-6.1536031e-159
-7.4392387e-159
-3.7343484e-159
3.5909188e-159
1.0374928e-160
-1.3152904e-158
1.3019687e-159
7.6790125e-159
-3.1658918e-158
-1.1711483e-158
2.5655688e-158
-1.5788507e-158
-3.5734346e-158
7.2175387e-158
2.2968691e-160
-2.2606875e-160
-2.1476093e-160
9.4720148e-160
-6.8456199e-161
3.2914284e-160
-8.8064808e-160
-7.6327843e-160
1.487813e-159
-1.6278339e-159
2.4794787e-160
5.7025986e-159
2.1336525e-159
-3.6451127e-159
5.9640668e-159
1.0834903e-158
1.4873036e-159
-1.562983e-159
-4.4516521e-160
5.6439549e-159
7.765307e-161
1.2687552e-159
-3.7064283e-159
-3.2885028e-159
6.28727e-159
-8.3412456e-159
3.0028472e-159
2.5707777e-158
5.8331108e-159
-1.638502e-158
3.0750717e-158
4.5218857e-158
-1.0520293e-159
1.1781999e-158
-2.9006634e-158
-3.1553097e-158
-1.0714037e-158
1.0529861e-158
5.79026e-159
-3.0132646e-158
1.6482419e-158
2.4578408e-158
-1.086498e-157
-4.8729766e-158
1.0253026e-157
-7.1308503e-158
-1.310812e-157
2.3625074e-157
5.4994722e-158
-2.0107262e-157
6.1397121e-157
5.7479149e-157
2.2102535e-157
-2.5439167e-157
-1.7884287e-157
7.2857731e-157
-2.2572002e-157
-5.4612416e-157
2.4989007e-156
1.3446924e-156
-1.9574823e-156
1.4617025e-156
2.9183453e-156
-5.2169017e-156
-2.792804e-158
2.2645513e-158
8.2036886e-159
-9.1018945e-158
2.3108574e-159
-2.2885397e-158
7.8525712e-158
6.1458029e-158
-1.2638268e-157
1.5252402e-157
-6.3789663e-158
-5.1440446e-157
-1.4257735e-157
3.0588112e-157
-5.7162766e-157
-8.5306086e-157
4.5538238e-157
-3.8975902e-157
-5.1592214e-157
1.2386951e-156
-7.8029582e-158
4.6491551e-157
-1.2129756e-156
-8.8523888e-157
2.3930791e-156
-2.5864464e-156
4.8804766e-157
8.4720645e-156
2.9431694e-156
-5.9334216e-156
9.159148e-156
1.5872778e-155
-1.2746445e-156
3.9951636e-156
-8.2156197e-156
-7.3738475e-156
-4.6350496e-156
5.1654943e-156
7.6888176e-157
-1.9456478e-155
2.3261871e-156
1.0217743e-155
-4.6225172e-155
-1.8270894e-155
3.7221825e-155
-2.4164121e-155
-4.9161333e-155
1.080809e-154
2.4377963e-155
-1.0086602e-154
1.7854169e-154
2.8770793e-154
9.6406818e-155
-7.2278698e-155
-3.6480714e-155
2.5978897e-154
-2.7960112e-155
-2.6148396e-154
8.0449508e-154
4.844714e-154
-6.6972388e-154
3.1891432e-154
1.1825517e-153
-1.3876452e-153
-7.0249517e-156
8.3834317e-156
5.7758061e-156
-3.4355162e-155
1.8159743e-156
-1.1227194e-155
2.5024445e-155
3.0191497e-155
-4.1216079e-155
4.9159455e-155
1.6872711e-156
-1.6252682e-154
-5.7882684e-155
1.1317767e-154
-1.7803433e-154
-3.4789319e-154
-3.4988037e-159
2.6709515e-159
1.1686573e-159
-1.5651726e-158
1.9883818e-159
-5.5037793e-159
1.7393329e-158
1.6254454e-158
-2.387834e-158
2.599509e-158
-5.8001057e-159
-1.0215997e-157
-3.9107377e-158
5.6478139e-158
-1.0044859e-157
-1.8315606e-157
2.3743558e-158
-4.7289497e-158
1.2955108e-157
1.5736685e-157
6.4208937e-158
-6.3197887e-158
-3.6090088e-158
2.0588186e-157
3.5962316e-159
-1.6227206e-157
6.0522386e-157
3.6817249e-157
-3.9293158e-157
2.5198394e-157
7.7069077e-157
-1.1295193e-156
-4.5887673e-157
5.7112183e-157
-1.6266285e-156
-1.3318891e-156
-1.0530037e-156
1.2452145e-156
3.9943767e-157
-4.7561483e-156
-6.0817272e-157
2.4831312e-156
-1.0649409e-155
-5.7542826e-156
5.8468679e-156
-4.1452815e-156
-1.1474746e-155
2.2502205e-155
4.6749839e-158
-1.8057569e-158
-5.9657694e-158
1.0910804e-157
-4.2514505e-158
7.3744479e-158
-2.4813288e-157
-1.662835e-157
3.7369032e-157
-3.4279334e-157
8.507943e-158
1.4588988e-156
6.4561204e-157
-8.1303062e-157
1.3021338e-156
2.4772297e-156
-2.462634e-167
-1.3170076e-166
1.251738e-165
8.9681818e-167
9.1764008e-166
-1.1393666e-165
2.1028528e-165
2.9283063e-165
-2.8591717e-165
1.787084e-165
3.2204401e-165
-1.0631296e-164
-7.9185922e-165
7.9754181e-165
-6.2839903e-165
-2.9085518e-164
8.0355734e-165
-8.6769088e-165
1.0230659e-164
2.4055829e-164
1.4565161e-164
-1.2367143e-164
-6.1205428e-165
6.2398747e-164
3.0197643e-164
-4.5450525e-164
1.226569e-163
1.0505095e-163
-3.7734753e-164
1.5363807e-165
1.7894727e-163
-1.6835376e-163
-1.0606745e-163
1.3955901e-163
-1.4357034e-163
-5.0211458e-163
-1.9136398e-163
1.1747627e-163
1.4818342e-163
-6.7054781e-163
-4.8578158e-163
7.2087536e-163
-1.5153012e-162
-1.7809144e-162
2.970124e-163
2.781492e-163
-2.8094187e-162
9.7078058e-163
-1.1784488e-165
5.1766306e-166
-1.2241808e-164
9.4633833e-165
-1.2988436e-164
1.7767352e-164
-2.8033347e-164
-5.625821e-164
2.871983e-164
-2.0607651e-164
-5.9806883e-164
1.2876238e-163
9.918442e-164
-1.0290375e-163
7.5553791e-164
4.2758658e-163
8.3519711e-164
-5.7867038e-164
-9.2431081e-164
3.8029987e-163
-7.9450842e-164
1.7828085e-163
-5.033132e-163
-4.736782e-163
7.3005679e-163
-7.1596654e-163
2.2096216e-164
2.9413813e-162
1.3288256e-162
-1.7271558e-162
2.7190118e-162
5.6562658e-162
-8.8847137e-163
1.5515782e-162
-3.5341138e-162
-4.65006e-162
-2.2927446e-162
2.1803647e-162
4.8976494e-163
-8.0265683e-162
-7.2168475e-163
5.2873961e-162
-1.947142e-161
-1.01044e-161
1.2550782e-161
-7.2775785e-162
-2.3724194e-161
3.9000335e-161
1.6610814e-161
-1.979755e-161
4.8441647e-161
5.6243043e-161
3.5206325e-161
-3.6797206e-161
-1.2074902e-161
1.439987e-160
3.0409751e-161
-8.7328929e-161
3.2345194e-160
1.9377467e-160
-1.6617553e-160
9.8615527e-161
3.845879e-160
-6.245007e-160
-1.0165094e-162
2.0781128e-163
1.8964528e-162
-2.8302847e-162
1.6238213e-162
-2.4848797e-162
7.3235531e-162
6.2738634e-162
-1.0426974e-161
8.9193472e-162
3.491037e-163
-4.1115013e-161
-2.08221e-161
2.3650521e-161
-3.4064995e-161
-7.7611722e-161
7.8419252e-162
-2.9700954e-162
-4.6535721e-161
2.2429784e-161
-2.5727788e-161
4.0350491e-161
-8.3474833e-161
-8.7762547e-161
1.3539845e-160
-1.0382308e-160
-7.2413278e-161
4.7666245e-160
2.947643e-160
-3.4122232e-160
3.647166e-160
1.1212528e-159
-2.4009503e-160
3.2798677e-160
-4.2710334e-160
-7.5304655e-160
-5.4880119e-160
5.0280429e-160
1.4797238e-161
-2.3773664e-159
-6.8039273e-160
1.3609871e-159
-4.3972576e-159
-2.5351839e-159
2.1648352e-159
-8.3564253e-160
-5.4377775e-159
8.3487146e-159
3.6988607e-159
-5.5886441e-159
8.1453772e-159
1.9709582e-158
7.8244279e-159
-5.4836983e-159
-3.6587543e-159
2.5479981e-158
1.2138858e-158
-2.41811e-158
5.9706945e-158
5.3383727e-158
-2.4120795e-158
1.9331258e-159
9.7464161e-158
-6.9613558e-158
-6.670157e-161
6.2697583e-161
4.0391807e-160
-7.8734216e-160
4.1512416e-160
-6.7676291e-160
1.3153737e-159
2.0516277e-159
-1.6091597e-159
1.3959503e-159
1.5587506e-159
-6.7845098e-159
-4.1373332e-159
4.7301138e-159
-5.2098929e-159
-1.7913357e-158
1.1138998e-164
-4.1520171e-164
7.052179e-164
-4.4296924e-164
1.948535e-163
-2.0764518e-163
4.3424931e-163
7.9678204e-163
-2.9525791e-163
2.0439389e-163
6.1852022e-163
-1.796971e-162
-1.2352878e-162
1.0720724e-162
-9.4300753e-163
-5.03955e-162
1.5841031e-162
-1.3961201e-162
2.6694176e-162
6.5834928e-162
2.0758209e-162
-1.4565996e-162
-4.0597399e-162
7.4240145e-162
7.6980595e-162
-1.0450672e-161
2.2162876e-161
3.2585521e-161
-1.8348514e-163
-4.7084383e-162
4.2971433e-161
-5.4147741e-162
-1.7905345e-161
1.1959212e-161
-8.9196363e-162
-3.6513209e-161
-2.3112417e-161
2.0570641e-161
4.3349571e-161
-1.3578579e-160
-1.1432925e-160
1.2314049e-160
-2.7796963e-160
-3.9210306e-160
-2.7470489e-161
7.0542443e-161
-4.8400818e-160
1.3878836e-160
-3.9937257e-163
7.9089563e-163
-2.2075038e-162
-2.8983508e-162
-2.4293092e-162
2.1333507e-162
-3.6856292e-162
-6.6255503e-162
2.8526063e-162
-6.0414424e-163
-8.1510326e-162
1.4226323e-161
1.3338619e-161
-1.0534949e-161
2.6669034e-162
4.6739336e-161
8.1029023e-162
-4.9937274e-162
2.742023e-161
1.4650096e-161
2.6090321e-161
-2.8997328e-161
2.7110098e-161
9.3112031e-161
-1.5205403e-161
-3.6581388e-162
1.4432021e-160
-8.1708272e-161
-1.3171753e-160
1.2266482e-160
2.6321563e-161
-5.8402099e-160
1.6511859e-160
-1.9674551e-160
-4.2402426e-161
7.0728251e-160
2.8302661e-160
-1.3543105e-160
-4.1371845e-160
1.4393603e-159
1.4289841e-159
-1.5137852e-159
2.5938119e-159
4.3379811e-159
5.9794282e-160
-1.4315946e-159
5.5875724e-159
5.279702e-160
-2.182971e-159
2.1838853e-159
-2.027949e-159
-1.2621203e-158
-2.3626141e-159
3.6494774e-160
9.1546539e-159
-8.1200758e-159
-1.7474827e-158
1.9898148e-158
-2.8945604e-158
-6.7296164e-158
-1.3214863e-158
2.1279993e-158
-7.8446003e-158
-4.1473592e-158
-6.8969224e-161
5.6134706e-161
-9.5112663e-161
4.7041616e-161
-3.2435156e-160
3.5080151e-160
-4.598912e-160
-1.5156578e-159
1.9566836e-161
3.5831861e-161
-1.6272344e-159
1.2970439e-159
1.4100227e-159
-1.2442326e-159
5.4927027e-161
7.2963012e-159
8.5004293e-160
7.9454497e-160
-3.6296475e-159
4.7982278e-159
-6.9703288e-159
8.3491113e-159
-2.0326181e-158
-2.8504277e-158
1.9858877e-158
-1.6022921e-158
-1.5826527e-158
9.6545176e-158
5.6514446e-158
-5.5136498e-158
6.6006256e-158
2.2251876e-157
-6.1418241e-158
5.9148629e-158
-1.3187329e-157
-2.3842169e-157
-9.4910816e-158
8.1142007e-158
1.2117402e-157
-3.4662648e-157
-2.2578968e-157
3.6964318e-157
-9.4989568e-157
-1.0652947e-156
2.0931662e-157
-3.6196042e-159
-1.5580612e-156
8.7014035e-157
7.397873e-157
-6.5243633e-157
7.8899134e-157
1.7360666e-156
1.2467898e-156
-1.1637431e-156
-1.1507787e-156
6.3518934e-156
3.694331e-156
-4.7061169e-156
1.2500076e-155
1.3040794e-155
-1.8712607e-156
-5.607434e-157
1.8715956e-155
-1.4142048e-155
3.0494537e-159
-1.9861388e-158
9.850219e-158
4.9785834e-158
9.3195464e-158
-9.8717791e-158
2.0148465e-157
2.6956857e-157
-2.2650234e-157
1.3494381e-157
2.6188203e-157
-9.494936e-157
-6.808143e-157
6.327676e-157
-5.1156101e-157
-2.4338237e-156
-1.7078566e-157
1.5327862e-157
-1.2024645e-156
4.4504817e-159
-1.1426358e-156
1.3918151e-156
-2.0707351e-156
-4.1573291e-156
2.1184055e-156
-1.2100373e-156
-5.0632356e-156
9.0974512e-156
7.8207623e-156
-7.7343963e-156
4.2147581e-156
3.2035814e-155
-8.3755565e-156
1.0181933e-155
-6.5547874e-156
-3.4814682e-155
-1.6507409e-155
1.1098517e-155
1.253293e-155
-7.2623362e-155
-5.0606019e-155
6.3312509e-155
-1.3664491e-154
-1.618239e-154
1.2548836e-155
2.94065e-155
-2.4050402e-154
9.6388554e-155
1.1651682e-154
-1.1995204e-154
1.4724971e-154
5.4935435e-154
1.7457666e-154
-1.0002315e-154
-3.0307695e-154
6.4900031e-154
6.9008147e-154
-8.7454535e-154
1.6782962e-153
2.6199006e-153
9.7351685e-155
-5.5723744e-154
3.4596813e-153
-2.202149e-155
1.8384633e-156
-2.3231905e-156
8.5614797e-156
-3.40997e-156
1.5411099e-155
-1.7659019e-155
2.9279955e-155
6.4987544e-155
-1.9180007e-155
1.2302048e-155
6.396033e-155
-1.1584245e-154
-9.1788044e-155
8.6373118e-155
-5.2454363e-155
-4.0357259e-154
7.1861286e-160
-1.0642096e-159
1.1698954e-159
3.2596305e-159
3.8305834e-159
-3.2053146e-159
5.0674403e-159
1.4281176e-158
3.4573466e-160
-1.5061627e-159
1.4569268e-158
-1.3345447e-158
-1.3905367e-158
9.7158803e-159
2.4878752e-159
-6.3290696e-158
2.426981e-158
-1.305309e-158
1.2434632e-158
7.9610708e-158
1.3456425e-158
-5.5287449e-159
-1.3008521e-157
1.0992277e-157
2.2115388e-157
-2.2508713e-157
3.6821465e-157
8.7581441e-157
2.1183234e-157
-2.4263302e-157
9.1027587e-157
4.5187333e-157
-1.6892265e-157
1.0520486e-157
2.2213963e-157
-4.8153336e-157
-1.1002868e-157
2.5947083e-158
1.2045425e-156
-1.6268625e-156
-2.5136137e-156
2.2788901e-156
-3.5114728e-156
-8.7165538e-156
-2.6038014e-156
2.8596566e-156
-8.7837597e-156
-4.8048908e-156
-1.1300741e-158
1.0667812e-158
-2.3397837e-158
-4.9123394e-158
-3.6421893e-158
2.9798023e-158
-2.8397691e-158
-1.1793644e-157
-1.6531326e-158
3.3828986e-158
-1.6784288e-157
2.9084829e-158
1.1103285e-157
-7.4447866e-158
-1.1895215e-157
5.1285554e-157
-4.5965495e-157
3.5590877e-157
1.5188941e-156
-1.592637e-156
6.5570993e-157
-1.3444973e-156
2.9598704e-156
2.6529323e-156
-5.2061971e-156
4.5189015e-156
1.3612091e-156
-1.8137006e-155
-9.6791859e-156
1.2754594e-155
-1.5896501e-155
-3.94592e-155
6.3811661e-156
-1.1397287e-155
1.542701e-155
2.3647906e-155
1.8352629e-155
-1.7286458e-155
2.9862673e-156
8.0165522e-155
1.392556e-155
-3.9862598e-155
1.4403191e-154
6.130757e-155
-8.7455159e-155
4.3061643e-155
1.6183496e-154
-3.138587e-154
-1.1562445e-154
1.9807181e-154
-3.557666e-154
-6.9887229e-154
-2.7431552e-154
2.0773812e-154
1.0844534e-154
-8.5005815e-154
-2.700426e-154
7.6827676e-154
-2.1251258e-153
-1.6162416e-153
1.1099724e-153
-3.6270748e-154
-3.2176951e-153
3.0464617e-153
5.945304e-156
-5.220462e-156
-1.1537178e-155
4.0331127e-155
-1.2033862e-155
2.3477013e-155
-5.2599517e-155
-7.01324e-155
6.8904975e-155
-6.6491201e-155
-3.2863314e-155
2.879378e-154
1.4828408e-154
-1.8670492e-154
2.5002913e-154
6.656323e-154
1.248199e-154
-9.4590976e-155
8.2482677e-156
5.4095406e-154
-6.1488935e-155
1.7222239e-154
-5.7217302e-154
-5.8445205e-154
7.1907396e-154
-8.4173715e-154
2.3121513e-154
3.2921605e-153
1.1352216e-153
-1.753884e-153
3.305703e-153
5.7853603e-153
-7.1708705e-154
1.3954654e-153
-4.4733983e-153
-5.3236717e-153
-1.6245305e-153
1.6311732e-153
2.2522826e-153
-4.3442298e-153
-1.9938335e-154
5.4164725e-153
-1.8360006e-152
-1.5563867e-152
1.0606833e-152
-6.9050477e-153
-2.6597175e-152
2.6695014e-152
1.2558325e-152
-1.6179461e-152
4.8427927e-152
2.8001538e-152
2.9102502e-152
-3.8006144e-152
-1.721474e-152
1.478963e-151
1.7820142e-152
-7.4637107e-152
3.3325835e-151
1.9362185e-151
-1.7663778e-151
1.3383028e-151
3.5293327e-151
-6.994967e-151
-1.7156474e-153
8.2528101e-154
1.9980255e-153
-3.4596908e-153
1.1852774e-153
-2.2193958e-153
7.7516682e-153
4.6094591e-153
-1.2063261e-152
1.1516174e-152
-3.8853818e-153
-4.6782303e-152
-1.9068193e-152
2.6269769e-152
-4.3348623e-152
-7.6397544e-152
1.9325663e-152
-1.8270513e-152
-4.668578e-152
7.3423909e-152
-1.6780776e-152
4.4080741e-152
-9.7283035e-152
-8.6900191e-152
1.7644306e-151
-1.6660501e-151
-2.9056994e-152
6.1822339e-151
2.9712246e-151
-4.3867229e-151
5.8540248e-151
1.3209664e-150
-1.6252624e-151
3.7905167e-151
-5.0954654e-151
-7.8288023e-151
-5.6427479e-151
5.2472158e-151
-1.0042468e-151
-2.4530552e-150
-3.1261722e-151
1.2161055e-150
-4.4462786e-150
-1.7856081e-150
2.9330227e-150
-1.4978188e-150
-4.9974596e-150
9.8428822e-150
3.4447715e-150
-6.5752535e-150
1.3349006e-149
2.3459072e-149
8.6786696e-150
-6.8065357e-150
-4.3173648e-150
2.5614643e-149
6.0964579e-150
-2.4347239e-149
7.0540795e-149
5.2863435e-149
-4.0302565e-149
1.6647173e-149
1.0539306e-148
-1.0410136e-148
-2.9297579e-151
2.6434515e-151
3.1032308e-151
-1.6624759e-150
3.4170104e-151
-7.8155954e-151
1.8899937e-150
2.3593974e-150
-2.5281434e-150
2.6264055e-150
6.2479534e-151
-1.0658755e-149
-4.8571975e-150
6.7006759e-150
-9.9001528e-150
-2.3047655e-149
-7.7403819e-155
1.1913446e-155
1.3767438e-154
-3.0624228e-154
2.1982693e-154
-3.0252473e-154
8.2371964e-154
9.4970094e-154
-9.4329023e-154
8.408227e-154
2.7561512e-154
-4.2437013e-153
-2.1708585e-153
2.3637339e-153
-3.3403682e-153
-8.668861e-153
2.0544714e-153
-2.2068581e-153
5.4625234e-153
7.8982124e-153
3.6062484e-153
-3.4332645e-153
-3.5766117e-153
1.3523867e-152
5.9344932e-153
-1.2106076e-152
3.5896968e-152
3.3215797e-152
-1.255863e-152
5.2195884e-153
5.2507836e-152
-4.6931401e-152
-2.6040746e-152
2.7821662e-152
-4.3654549e-152
-6.916239e-152
-5.2519585e-152
5.1491156e-152
2.9023073e-152
-2.5231996e-151
-1.0501514e-151
1.6258482e-151
-4.951905e-151
-4.0718511e-151
1.5352177e-151
-5.3047222e-152
-6.6201787e-151
7.5693514e-151
4.9455833e-154
1.7251404e-154
-3.5984085e-153
7.9002023e-154
-3.1020742e-153
3.8999508e-153
-9.1807542e-153
-9.8310972e-153
1.1893042e-152
-9.0247642e-153
-6.1798473e-153
4.7807046e-152
2.8391777e-152
-2.9764803e-152
3.3950397e-152
1.0515038e-151
-1.6400659e-153
-9.7111037e-154
4.61235e-152
-2.6711686e-152
4.1678215e-152
-5.6771311e-152
1.0873345e-151
1.5770712e-151
-1.3347833e-151
1.0053563e-151
1.4133817e-151
-5.4430333e-151
-3.5920934e-151
3.8375649e-151
-3.6899834e-151
-1.4417513e-150
3.3384864e-151
-4.3249277e-151
5.0304497e-151
1.3843114e-150
7.4176425e-151
-5.8532561e-151
-3.276623e-151
3.1246846e-150
1.5449914e-150
-2.3158197e-150
6.0000632e-150
5.3895778e-150
-1.7041031e-150
-4.5794542e-153
9.0646618e-150
-7.561911e-150
-4.8827166e-150
5.4673319e-150
-8.15416e-150
-2.1351967e-149
-8.9212094e-150
6.5868667e-150
8.6402828e-150
-3.4077333e-149
-2.2901319e-149
3.3379954e-149
-7.8347979e-149
-8.9667495e-149
1.3804689e-149
7.0290286e-150
-1.3368653e-148
6.3195305e-149
8.6563486e-153
4.1982435e-152
-4.3795267e-151
3.6021111e-151
-5.9994205e-151
7.5883203e-151
-1.4992256e-150
-2.4675593e-150
1.4750945e-150
-1.1419244e-150
-2.0054692e-150
6.9595157e-150
4.5398027e-150
-4.6369361e-150
4.4680645e-150
1.8867424e-149
4.0185304e-150
-1.8612642e-150
-4.4445466e-150
1.4954032e-149
-6.5437093e-150
1.0419707e-149
-3.0298277e-149
-3.1330513e-149
3.7252033e-149
-3.5878241e-149
-1.8534044e-150
1.6359908e-148
7.4857671e-149
-9.0305547e-149
1.4028095e-148
3.1277671e-148
-6.3322677e-149
7.6695816e-149
-2.0246237e-148
-2.540142e-148
-1.2162022e-148
1.2303844e-148
1.1550822e-148
-4.6415527e-148
-1.5246652e-148
3.8796237e-148
-1.2473446e-147
-1.0560927e-147
5.2190515e-148
-2.8051574e-148
-1.7274857e-147
1.841534e-147
8.3277273e-148
-1.0404123e-147
1.9424728e-147
2.5208021e-147
1.9100415e-147
-1.9506707e-147
-8.5401273e-148
8.9436564e-147
2.8178512e-147
-5.3782887e-147
1.799955e-146
1.2888263e-146
-7.2565375e-147
3.7056923e-147
2.2552864e-146
-3.1143884e-146
-3.8346358e-149
1.4925579e-149
1.1530204e-148
-1.1428891e-148
9.5509752e-149
-1.4127359e-148
3.7001384e-148
3.4496866e-148
-5.061535e-148
4.3773874e-148
9.6497781e-149
-2.0321242e-147
-1.0416044e-147
1.2105548e-147
-1.6490263e-147
-4.0606164e-147
3.6252888e-148
-1.970951e-148
-1.5746694e-147
1.9233812e-147
-1.360191e-147
2.0970094e-147
-4.7520073e-147
-5.5146709e-147
6.3175657e-147
-5.4100256e-147
-3.1018606e-147
2.5463193e-146
1.410026e-146
-1.6337618e-146
2.0127874e-146
5.7360104e-146
-1.154749e-146
1.6255316e-146
-2.4987156e-146
-4.9020169e-146
-2.8544662e-146
2.4898912e-146
8.8867226e-147
-1.1959354e-145
-4.3276471e-146
7.8820236e-146
-2.3466983e-145
-1.735526e-145
9.3372115e-146
-3.2646194e-146
-3.1859527e-145
3.7225402e-145
1.7591533e-145
-2.1804086e-145
3.7656007e-145
7.6101991e-145
3.7531325e-145
-3.1386488e-145
-2.2997851e-145
1.4669561e-144
6.7832444e-145
-1.1672198e-144
3.203487e-144
2.8744384e-144
-1.0376954e-144
2.3353002e-145
4.7640041e-144
-4.1269991e-144
-3.9326066e-147
1.3435918e-147
1.7495632e-146
-2.4533971e-146
2.0506462e-146
-2.9215266e-146
6.6247485e-146
8.654969e-146
-7.7412738e-146
6.6577281e-146
5.009953e-146
-3.3677429e-145
-1.8890446e-145
2.0988223e-145
-2.5504449e-145
-7.7961891e-145
2.9926051e-151
-1.1152894e-150
5.4746344e-150
-6.0703363e-151
8.0775127e-150
-9.1134488e-150
1.8291855e-149
3.0060273e-149
-1.6131037e-149
1.1528489e-149
2.497468e-149
-8.1175165e-149
-5.4373628e-149
5.2173953e-149
-4.679889e-149
-2.1968881e-148
6.2472536e-149
-5.9844271e-149
8.6334958e-149
2.2545224e-148
1.0283844e-148
-8.1510379e-149
-1.3896589e-148
4.5218307e-148
3.3675046e-148
-4.4115456e-148
1.0272512e-147
1.2941308e-147
-7.7002995e-149
-1.3937138e-148
1.7693084e-147
-6.8986325e-148
-7.0591682e-148
6.7291751e-148
-7.1412466e-148
-2.4986013e-147
-1.2150946e-147
9.3958452e-148
1.7086454e-147
-5.8993399e-147
-4.5613647e-147
5.4795542e-147
-1.2301003e-146
-1.6263773e-146
1.8490428e-149
2.4162972e-147
-2.1555273e-146
7.0051037e-147
-1.0488172e-149
1.6954717e-149
-7.0718637e-149
-1.9200369e-149
-9.8877107e-149
1.0654402e-148
-1.9770421e-148
-3.4789666e-148
1.617106e-148
-1.0218311e-148
-3.2994719e-148
8.3850879e-148
6.1108576e-148
-5.6691223e-148
4.1731562e-148
2.4605596e-147
1.1718131e-157
-8.296852e-158
1.6261745e-157
2.923983e-157
3.3715832e-157
-3.0795337e-157
1.7993544e-157
1.378141e-156
3.6020346e-157
-4.4269538e-157
1.9652115e-156
3.6538118e-157
-8.295248e-157
6.0206834e-157
1.6107245e-156
-5.1137699e-156
1.2776785e-156
-1.1867472e-156
-2.4405362e-156
8.4911712e-156
5.5932486e-157
1.1808739e-156
-1.306641e-155
1.0975882e-155
2.5802049e-155
-2.3503889e-155
2.7993647e-155
9.0657094e-155
3.129339e-155
-3.4889113e-155
8.9799981e-155
8.0368659e-155
-1.2292133e-155
7.3339069e-156
1.8359817e-155
-8.397123e-155
9.648947e-156
-2.4375205e-155
1.6502604e-154
-4.083641e-155
-2.627218e-154
2.4011129e-154
-2.4535656e-154
-1.0239667e-153
-3.7841796e-154
3.9012989e-154
-9.482684e-154
-1.0956225e-153
-9.5142183e-157
8.0125781e-157
-7.0271031e-157
-2.7639442e-156
-3.3353629e-156
2.8966606e-156
-1.8543059e-156
-1.5058303e-155
-4.8529928e-156
4.9400521e-156
-1.9131745e-155
-4.9782133e-156
6.2156199e-156
-3.9221742e-156
-1.6838728e-155
4.691934e-155
-2.7177237e-155
4.2691114e-155
-1.0343206e-154
-8.155197e-155
-1.9419217e-154
1.9132048e-154
-3.3530134e-154
-7.1281162e-154
1.7826311e-154
-8.3800246e-155
-6.9858288e-154
1.2476755e-153
1.0088705e-153
-8.6107635e-154
4.2325719e-154
4.2130959e-153
-1.3839569e-153
1.0972474e-153
-1.2806627e-153
-4.8091513e-153
-1.6990982e-153
1.1732262e-153
4.5587816e-153
-8.4299122e-153
-9.4543416e-153
1.0802743e-152
-2.1307238e-152
-3.5948543e-152
-3.8676493e-153
7.6162884e-153
-4.3130857e-152
-1.5516358e-153
1.3392484e-152
-1.1104915e-152
3.7342699e-153
4.5713529e-152
1.8081775e-152
-1.1779315e-152
-5.0116396e-152
1.0902777e-151
1.1819921e-151
-1.2366249e-151
2.3334359e-151
4.1185602e-151
6.558994e-152
-1.0376037e-151
4.8051673e-151
4.5609198e-152
4.6276113e-154
-5.155818e-154
1.3994258e-153
1.5171914e-153
2.1485674e-153
-2.0481541e-153
3.0333767e-153
7.3545446e-153
-1.2817002e-153
1.080612e-154
8.5719571e-153
-1.0137282e-152
-1.0077036e-152
8.3394299e-153
-1.1015065e-153
-4.23034e-152
-5.7314232e-153
5.4152266e-153
-1.327242e-152
-1.4440522e-152
-2.3043291e-152
2.2193767e-152
-2.8166737e-152
-8.5253304e-152
4.3633626e-153
5.9906237e-153
-1.0403017e-151
7.7901501e-152
9.6534199e-152
-7.9191233e-152
-1.5506394e-152
4.3905567e-151
-1.3332719e-151
1.1722306e-151
-8.4355644e-153
-5.7975809e-151
-1.7551089e-151
8.1585166e-152
5.9973612e-151
-1.0637095e-150
-1.3715202e-150
1.3959953e-150
-2.3510604e-150
-4.7478995e-150
-9.9158524e-151
1.4019969e-150
-5.3792402e-150
-1.638025e-150
1.3529995e-150
-1.0684755e-150
-8.4427375e-152
6.1442739e-150
1.3414712e-150
-3.4374527e-151
-7.6543091e-150
9.3847716e-150
1.5493607e-149
-1.5385938e-149
2.3658768e-149
5.5760248e-149
1.409434e-149
-1.7575456e-149
5.9788486e-149
3.0301709e-149
6.1443453e-152
-5.8769104e-152
1.1369287e-151
1.6848185e-151
2.4635754e-151
-2.292346e-151
2.7218167e-151
9.5362554e-151
4.3102159e-152
-1.272163e-151
1.1484761e-150
-5.9733312e-151
-8.9718864e-151
7.057009e-151
3.7540668e-151
-4.3646519e-150
8.7586693e-156
-7.7579535e-156
6.0185756e-156
3.6594483e-155
3.0677274e-155
-2.4275726e-155
1.1220926e-155
1.3387469e-154
5.5045543e-155
-5.456708e-155
1.745293e-154
8.1763039e-155
-3.7054397e-155
1.436716e-155
1.884223e-154
-3.5301095e-154
7.2982656e-155
-9.6762359e-156
-2.9476012e-154
4.7136528e-154
-2.4238434e-154
3.2166358e-154
-1.7968343e-153
1.897606e-154
2.6302577e-153
-2.2903545e-153
2.1221222e-153
1.0595945e-152
4.2274091e-153
-4.0481708e-153
9.1512809e-153
1.2118388e-152
-4.3439858e-155
-3.2031333e-154
3.9321526e-153
-2.7641734e-153
3.4319478e-153
-3.9785217e-153
1.7707269e-152
5.8637958e-154
-2.4735595e-152
2.060847e-152
-1.4965748e-152
-1.0085266e-151
-4.3844861e-152
4.0579019e-152
-8.2324852e-152
-1.2933815e-151
-8.135983e-155
6.3565621e-155
-4.5131173e-155
-3.4212376e-154
-2.5324252e-154
1.9469029e-154
-2.1183312e-156
-1.1480856e-153
-6.0292319e-154
5.7770137e-154
-1.6082541e-153
-1.2404816e-153
9.5239439e-155
6.6520147e-155
-2.0656411e-153
2.4293528e-153
2.410445e-173
1.2594237e-172
-2.5710362e-172
-1.4421698e-171
-1.6547718e-172
-1.2364069e-172
-2.8882618e-172
8.7835529e-172
3.416263e-172
-3.9614936e-173
1.2809738e-171
1.5307905e-171
3.8041252e-172
3.4902002e-172
4.3640224e-172
-3.0084498e-171
-1.1572206e-171
-2.9132731e-171
3.0849686e-171
2.8711592e-170
3.8620926e-171
2.5314311e-171
8.8868496e-171
-1.3885198e-170
-7.270893e-171
1.8695383e-171
-2.9547858e-170
-4.2720669e-170
-9.8547499e-171
-7.3305071e-171
-1.7381517e-170
5.3888427e-170
-2.4568249e-170
-9.8440091e-172
-8.4391906e-170
-7.3199552e-170
1.8186694e-170
-1.5136022e-170
9.8042958e-170
2.3546412e-169
2.2161534e-170
3.1515132e-170
-1.0191211e-170
-3.3204782e-169
-5.5588784e-170
3.2047047e-170
-2.6591081e-169
-5.6013102e-169
1.1090241e-171
1.595076e-172
3.3084259e-171
1.5612779e-171
-9.5172032e-172
5.3493794e-172
-4.4823829e-171
-9.2998948e-171
-6.076045e-172
-1.3637276e-171
1.591158e-171
1.5708649e-170
2.8177527e-171
-1.1306998e-171
1.1671738e-170
2.1228586e-170
3.9514286e-170
6.0211134e-170
-2.4596593e-171
-5.2346616e-169
-7.4880635e-170
-5.5795809e-170
-2.0976184e-169
1.8211025e-169
1.173185e-169
-4.0228085e-170
6.3228057e-169
9.3800612e-169
1.6867393e-169
1.936481e-169
4.3731287e-169
-1.0481912e-168
-6.6617393e-169
-1.4582354e-168
-7.3180745e-169
9.932486e-168
2.6234905e-168
1.9682555e-169
6.3683716e-168
1.9797113e-168
-1.6754243e-168
7.3231543e-169
-9.5018761e-168
-2.4933802e-167
-6.4027409e-168
-1.9468711e-168
-1.1047801e-167
1.2932259e-168
-1.1434296e-167
3.4719112e-168
-4.4504808e-167
-7.2335085e-167
-1.0962342e-168
-5.2116973e-168
3.6059258e-167
9.8034674e-167
5.5123882e-168
2.4085697e-167
-9.6292996e-168
-1.3418207e-166
-1.3547351e-167
1.998503e-167
-1.4738232e-166
-2.557251e-166
4.772326e-169
-1.8755826e-170
1.9418905e-168
2.3152028e-168
-4.0542588e-169
4.6154359e-169
-2.2199237e-168
-5.6708224e-168
-4.8367644e-169
-8.1825291e-169
-3.6859575e-169
7.531834e-168
1.4829581e-168
-1.1916629e-168
6.3032368e-168
1.5284324e-167
-6.1869373e-169
-2.3796892e-168
3.5887375e-168
2.6282235e-167
4.3632892e-168
1.2387901e-168
8.9347955e-168
-9.6988649e-168
-6.5145502e-168
2.1473107e-168
-2.272558e-167
-4.1726443e-167
-1.122058e-167
-3.0996284e-168
-1.7359707e-167
3.0074599e-167
4.0270663e-167
4.5555453e-167
-2.9868821e-167
-4.8061988e-166
-4.6048648e-167
-6.6215049e-167
-2.01848e-166
3.3852334e-166
2.174108e-166
-1.2645829e-166
7.6922253e-166
1.0982333e-165
2.1103035e-166
1.0571462e-166
7.0156873e-166
-1.1066028e-165
3.8603631e-166
-7.1537268e-168
1.5882193e-165
1.466841e-165
-5.1485919e-166
5.201895e-166
-1.5697461e-165
-5.9450875e-165
-1.3443135e-165
1.1721645e-166
-2.1501591e-165
3.5630321e-165
5.7458568e-166
-5.551625e-166
2.1594793e-165
1.3471119e-164
-2.095545e-167
1.1451906e-168
-6.1963532e-167
-5.5778887e-167
8.2174496e-168
-8.4140319e-168
6.1547132e-167
1.6883055e-166
2.0807472e-167
1.8914282e-167
-3.3346904e-168
-2.0004327e-166
-2.3990756e-167
1.673401e-167
-1.6859486e-166
-3.5833722e-166
6.1042385e-172
-3.3944505e-171
1.2280982e-170
4.9297335e-170
5.4186815e-171
3.4275027e-171
6.5195056e-171
-3.4858379e-170
-1.1949625e-170
1.4079451e-171
-3.7737277e-170
-4.1117777e-170
-1.1780599e-170
-8.4983141e-171
-8.8880791e-171
9.8359848e-170
1.225679e-170
8.8589905e-170
-2.2040333e-169
-1.161398e-168
-1.4577484e-169
-7.937819e-170
-2.4229371e-169
6.5532839e-169
2.6588902e-169
-4.8720705e-170
9.5933905e-169
1.2701747e-168
3.1836953e-169
2.1735955e-169
4.0901906e-169
-2.0814913e-168
8.0587635e-169
6.5829397e-170
2.1917205e-168
9.9122752e-169
-6.4509844e-169
4.163419e-169
-2.9404234e-168
-6.7314687e-168
-5.7445619e-169
-7.9440031e-169
4.4538973e-169
9.9787581e-168
1.8440003e-168
-9.610574e-169
7.2400501e-168
1.5343828e-167
-3.2141758e-170
-4.5654229e-171
-7.5437967e-170
4.0627495e-171
2.9009569e-170
-1.333828e-170
1.1667108e-169
2.3915074e-169
1.7655877e-170
2.8343089e-170
-4.0289764e-170
-4.0305111e-169
-7.4462382e-170
2.7661408e-170
-2.728801e-169
-5.0983723e-169
2.3342684e-167
2.2986297e-167
2.6232904e-167
-1.1028936e-166
-2.2104498e-167
-2.0917991e-167
-1.6095828e-166
9.115003e-167
1.5756316e-166
-1.2686012e-166
4.1508744e-166
8.4540529e-166
2.1077855e-166
-4.3199907e-167
6.4591384e-166
-4.4523712e-167
-7.1707098e-166
-1.4897279e-166
-1.8796763e-165
1.3880572e-165
-7.3717055e-166
1.4397577e-165
-7.2055275e-166
-1.9810317e-165
2.0058849e-165
-1.1877277e-165
-6.1659773e-165
4.5322477e-165
6.3117446e-165
-7.6743148e-165
2.2668001e-165
2.9700098e-164
4.009678e-166
-8.39043e-166
-1.0316112e-164
-2.8076406e-164
1.4384222e-164
-1.6779147e-164
4.0646603e-164
8.484312e-164
-1.1104895e-164
1.9639304e-164
4.026701e-164
-1.5709738e-163
-7.4793361e-164
6.8651146e-164
-1.0750751e-163
-4.1252019e-163
1.742441e-166
-8.3095558e-167
1.0301149e-165
1.4152312e-165
-1.0607732e-166
2.3425354e-166
-3.4357521e-166
-3.3052882e-165
-1.2827594e-165
3.8877617e-166
-1.7703189e-165
-6.4482001e-166
-7.9560572e-166
3.7084394e-166
-3.2888386e-166
5.543239e-165
-7.4808572e-165
1.9877858e-164
9.4173985e-165
-7.390935e-164
-5.8003962e-164
3.6191283e-164
-6.8196963e-164
-2.2865512e-163
-6.1096234e-164
5.9843075e-164
-1.8910782e-163
9.6985781e-164
1.1354161e-163
-2.7094449e-164
-1.3560879e-163
6.2790793e-163
-3.0589039e-163
-2.3218489e-164
-1.3281564e-163
-8.2383082e-163
3.1558962e-163
-2.8658132e-163
3.1452311e-162
-1.956505e-163
-3.998617e-162
3.724614e-162
-4.9579765e-162
-1.7956332e-161
-6.0678507e-162
5.3117153e-162
-1.5855446e-161
-1.5868599e-161
2.4899545e-163
9.5080233e-163
-1.0331407e-161
-6.4699372e-162
-3.4279142e-162
2.7464461e-162
-2.1594421e-161
2.0319867e-161
4.0716456e-161
-3.000715e-161
3.6566055e-161
1.3989733e-160
6.0766129e-161
-5.3504936e-161
1.1438628e-160
1.2160199e-160
1.8314374e-163
-1.6079912e-163
4.1526012e-163
1.2405332e-162
4.1307612e-163
-2.3039268e-163
-1.3594727e-163
9.0209801e-163
7.2036203e-163
-9.8303261e-163
2.1885455e-162
2.203224e-162
-2.9387039e-163
-2.0020473e-163
3.8544039e-162
-1.6768745e-162
-1.6393066e-162
3.6310772e-163
-1.3713674e-162
-1.6215225e-162
-2.6368099e-162
2.8927917e-162
3.414159e-162
-1.5633589e-161
-1.0416036e-161
9.7170041e-162
-2.8912953e-161
-3.2914204e-161
-2.5878861e-162
1.187354e-162
-3.9190105e-161
3.2530846e-161
9.8020308e-162
4.8153298e-162
8.2293098e-161
-9.4471865e-161
3.6853515e-161
-6.5504126e-161
1.9587948e-160
-2.2985091e-162
-3.3987825e-160
2.7401658e-160
-8.2771657e-161
-1.2078641e-159
-6.0765827e-160
6.2089597e-160
-1.0167749e-159
-1.9539489e-159
-6.7842098e-162
5.2666673e-161
-2.3051157e-160
1.0389295e-159
-7.0362865e-160
8.5099685e-160
-2.8241476e-159
-2.1174416e-159
2.9774746e-159
-2.6686541e-159
4.1568764e-160
1.4445855e-158
6.6837943e-159
-6.1930864e-159
1.1241794e-158
2.4343052e-158
5.1111846e-162
-4.2444848e-162
-1.8963818e-161
3.9557356e-162
2.7788402e-161
-2.5028752e-161
-9.9061235e-163
1.9881955e-160
1.0527109e-160
-7.9612835e-161
2.2438518e-160
1.9694568e-160
2.8686741e-161
-2.9887655e-161
2.6769179e-160
-3.4163751e-160
-1.0246433e-165
-1.0035492e-165
-1.5427986e-165
1.1147091e-164
1.7095371e-165
1.0582421e-165
1.7546002e-165
3.0187577e-165
4.7868444e-165
-4.1140067e-165
-4.8054132e-165
1.099799e-165
5.4338456e-165
-1.0864065e-164
9.0314825e-165
3.0855213e-164
-1.196018e-164
5.3636592e-164
-3.1992084e-164
-2.7019536e-163
-1.6935233e-163
9.453323e-164
-3.5970562e-163
-3.6088211e-163
1.5537344e-163
-1.0353573e-163
-2.4106793e-164
1.4408033e-162
6.7060811e-163
-3.8570405e-163
6.8754959e-163
2.1310132e-162
5.033049e-163
-3.2616825e-163
1.3152901e-162
2.3534515e-162
1.0669273e-162
-7.1153507e-163
1.0612638e-162
7.6344441e-163
-7.7330136e-163
-1.2105598e-163
2.3702105e-162
-3.9608294e-162
-3.8955147e-162
2.6103882e-162
4.8788144e-163
-1.157076e-161
-6.8406989e-165
-3.1237334e-166
-2.6785176e-164
-5.6772495e-164
1.0795712e-164
-1.482357e-164
6.8362193e-164
9.1888259e-164
-4.0036901e-164
5.3034384e-164
-2.1796508e-164
-3.1113406e-163
-1.0858838e-163
9.4812416e-164
-2.6081564e-163
-4.999089e-163
-5.2671109e-165
6.0689429e-164
-1.068345e-163
-4.2103384e-163
-1.6074974e-163
5.8131699e-164
-4.8987834e-163
7.5925443e-164
4.8292232e-163
-3.44065e-163
5.9665628e-163
2.4733015e-162
9.6050727e-163
-5.6242623e-163
1.618038e-162
1.8083788e-162
-3.4550201e-162
1.2798241e-162
-3.6389998e-162
5.0093552e-164
-7.7389507e-162
7.9533432e-162
-7.5133049e-162
-2.9677885e-161
-2.9126896e-162
3.6518407e-162
-3.9538678e-161
1.4284389e-161
2.4641083e-161
-2.2348862e-161
-1.1444786e-161
1.4553389e-160
1.4544608e-161
-1.4630834e-161
-4.3732561e-162
3.3232734e-161
7.9429661e-161
-6.7062992e-161
1.0475276e-160
3.4528105e-160
5.5476098e-161
-3.8637653e-161
3.0532799e-160
-2.2794408e-160
-1.9637062e-160
1.4862857e-160
4.6438555e-161
-1.2637603e-159
6.0702562e-163
-3.0112004e-163
1.6946003e-162
1.760586e-162
7.7321305e-163
-5.0716918e-163
1.6341845e-162
-2.4146325e-162
-3.1216358e-162
1.7241709e-162
-1.3866232e-162
-1.0090678e-161
-5.7650524e-162
4.1748418e-162
-6.1823928e-162
-1.0929868e-161
-3.974977e-161
6.0800047e-161
6.6512679e-161
-4.9039804e-160
-2.3293413e-160
1.2770438e-160
8.515203e-161
-1.2068163e-159
-8.8304036e-160
7.5035086e-160
-1.4837077e-159
-1.9089515e-159
-4.5585756e-160
6.0495678e-160
-2.587864e-159
7.2109302e-160
8.6270273e-160
-1.9764679e-159
5.1881578e-159
3.5516126e-159
9.1418254e-159
-7.9778759e-159
2.785833e-158
1.6776845e-158
-2.7431936e-158
2.1661508e-158
-4.7285563e-159
-1.3723967e-157
-6.5882253e-158
5.4198745e-158
-9.4283678e-158
-2.130528e-157
-2.1971363e-158
2.0460956e-158
-7.3091631e-158
-5.8188876e-158
-8.888828e-158
7.8592555e-158
-2.1747913e-157
-1.4304774e-157
2.1751095e-157
-1.5256283e-157
-5.745881e-158
1.0487353e-156
5.7552273e-157
-4.7230378e-157
6.4677507e-157
1.889789e-156
5.191735e-160
-2.8614046e-160
-1.7304041e-161
3.6093529e-159
1.1442602e-159
-5.6770214e-160
-3.0660125e-159
6.7919093e-159
8.0499668e-159
-7.1135075e-159
1.2616937e-158
2.5175431e-158
7.2684761e-159
-7.126242e-159
2.717658e-158
7.6495837e-159
-2.2415181e-159
2.1847195e-160
7.2510909e-159
-1.1652184e-158
-3.9324648e-159
2.3458762e-159
3.3051716e-158
-5.9275395e-158
-7.3928674e-158
6.0462804e-158
-1.0499389e-157
-2.4287396e-157
-8.1655699e-158
6.9780532e-158
-2.3324405e-157
-1.0008519e-157
2.3350015e-157
-1.8726425e-157
5.4967473e-157
3.2557799e-157
8.6830941e-157
-8.0496126e-157
1.8673067e-156
2.0799114e-156
-1.4822521e-156
1.0276666e-156
1.5305294e-156
-8.2599339e-156
-4.9248352e-156
4.0773371e-156
-4.5725254e-156
-1.8269187e-155
-2.1318407e-156
1.8994748e-156
-4.094633e-156
-4.5302019e-156
-8.6762401e-156
7.6477995e-156
-1.6621764e-155
-2.4152569e-155
9.3283326e-156
-6.1886753e-156
-1.9044272e-155
6.6766353e-155
4.1499386e-155
-3.3261803e-155
3.1299235e-155
1.652851e-154
-3.7872625e-159
6.4944252e-159
-9.5511267e-158
7.4557078e-158
3.8307416e-159
8.2331763e-159
-2.8898301e-157
4.4088451e-157
6.1585096e-157
-4.8284326e-157
7.2805218e-157
2.0318989e-156
7.79523e-157
-6.584209e-157
1.845539e-156
1.2738042e-156
-3.3411781e-162
1.5330146e-162
-4.6874828e-162
3.921352e-162
-6.1528448e-162
6.4701013e-162
-1.459958e-161
-1.1011521e-161
1.4572884e-161
-1.0419063e-161
-9.7181973e-162
6.9665308e-161
4.0988549e-161
-3.4149179e-161
4.3414503e-161
1.4883292e-160
-1.4218421e-160
1.3960478e-160
-1.1712094e-160
-8.4646378e-160
-6.5769503e-160
4.6762904e-160
-6.7621068e-160
-2.2907099e-159
-5.5373658e-160
5.0127063e-160
-2.2606775e-159
1.0688354e-159
1.2272974e-159
-7.4496478e-160
-1.2079808e-159
7.7185936e-159
1.3142431e-159
-8.9475945e-160
1.0037882e-159
5.7450177e-159
4.4854828e-159
-3.2919141e-159
2.7890018e-159
1.6468336e-158
6.221124e-159
-5.5754072e-159
1.9686252e-158
3.4464086e-159
-5.1789621e-159
2.8833532e-159
1.7616135e-158
-4.7945907e-158
1.6818023e-161
-1.6428187e-161
2.0348307e-161
3.1564458e-161
6.9951601e-161
-5.7047794e-161
1.5014162e-160
1.8309303e-160
-7.9601343e-161
6.2537443e-161
9.3233543e-161
-6.1740049e-160
-3.2397056e-160
2.4472168e-160
-3.2984505e-160
-1.264349e-159
-3.0704592e-170
6.4517902e-170
-3.0348351e-169
-1.1024623e-168
-1.3356222e-169
-5.5777199e-170
-1.3950366e-169
7.7156779e-169
2.6466467e-169
-4.449422e-170
7.5879486e-169
9.0323038e-169
2.7756827e-169
1.2422124e-169
2.1581345e-169
-1.902598e-168
2.3532277e-169
-1.9059406e-168
6.7515558e-168
2.9521465e-167
4.1137775e-168
1.2779864e-168
6.104075e-168
-1.6477842e-167
-7.137642e-168
1.8585909e-168
-2.1517836e-167
-3.284468e-167
-9.4425996e-168
-2.5913701e-168
-1.1465671e-167
4.1207543e-167
-1.8475562e-167
-2.4348577e-169
-4.1793018e-167
-1.020348e-167
1.126982e-167
-7.029474e-168
5.1658219e-167
1.355839e-166
1.799628e-167
9.2141965e-168
-4.6307376e-169
-1.6322969e-166
-2.4570387e-167
1.244871e-167
-1.1269165e-166
-2.6781191e-166
6.4121126e-169
5.0662757e-170
1.2695474e-168
-4.1240289e-169
-5.2542071e-169
2.4823436e-169
-2.0009688e-168
-4.4639981e-168
-4.4529812e-169
-3.7908639e-169
4.1125045e-169
6.6731408e-168
1.2099927e-168
-5.0825232e-169
4.2705794e-168
9.0242657e-168
2.1331358e-167
4.486699e-167
-1.2030012e-166
-7.0962958e-166
-8.0187282e-167
-5.5070604e-167
-1.6171963e-166
4.0613807e-166
1.7735955e-166
-6.3474675e-167
6.6431654e-166
8.7750898e-166
1.7814006e-166
1.28807e-166
3.965025e-166
-1.3131608e-165
-4.3564253e-166
-1.5239746e-165
1.4638577e-165
2.0021581e-164
4.5993335e-165
-4.1191664e-166
5.8290722e-165
4.4908804e-165
2.264531e-165
-2.9544194e-165
-3.9285182e-165
-1.6331969e-164
-3.5277852e-165
-4.7083029e-165
2.8287408e-165
6.7445105e-165
-1.2997717e-164
1.3820855e-165
-3.0346809e-164
-4.999038e-164
-2.6211974e-165
-1.6997327e-165
4.4659219e-164
5.2122932e-164
-3.089288e-164
4.2897009e-164
-5.6957627e-164
-2.1894026e-163
-5.450829e-164
4.6443879e-164
-2.0883568e-163
-2.3077316e-163
4.2635256e-166
2.8253389e-167
1.2180887e-165
5.8552512e-166
-4.8466772e-166
3.9080059e-166
-1.6243417e-165
-4.7089936e-165
-7.0794492e-166
-1.5254792e-166
-9.9445041e-166
4.7451341e-165
1.0590103e-165
-7.5012204e-166
2.9235386e-165
1.1105127e-164
1.1356864e-166
-1.0123428e-165
2.5703137e-165
1.5487883e-164
3.6769619e-165
-7.0101449e-166
5.0975082e-165
6.7433268e-166
-9.9936426e-166
-2.3209235e-166
-4.1300152e-165
-1.9140999e-164
-6.341829e-165
4.4322949e-166
-4.1765916e-165
-3.6725101e-165
9.6721686e-165
2.742741e-164
-9.9759646e-164
-3.017042e-163
-3.7174293e-164
-2.3364343e-164
-2.4682542e-163
4.264417e-163
4.1901371e-163
-2.9209479e-163
7.3481719e-163
1.5714881e-162
5.2000354e-163
-2.7619311e-163
1.2147988e-162
5.6752331e-164
3.1872923e-163
-1.0829351e-163
1.0158249e-162
3.0072223e-163
-6.7472439e-164
8.1513443e-164
6.187537e-163
-3.8642038e-162
-2.7878425e-162
1.7449245e-162
-3.2678385e-162
-6.5711055e-162
-3.0616175e-162
2.2109221e-162
-5.851147e-162
-7.0939306e-163
-9.62691e-165
1.78732e-165
-1.7896122e-164
-2.2169013e-164
-5.3849183e-165
2.6621982e-165
1.2397739e-164
2.5412987e-164
-4.9437889e-165
1.2902815e-164
-2.6449287e-164
-5.9080409e-164
-3.4125326e-165
4.4047692e-165
-6.7777034e-164
-3.6355262e-164
4.8151105e-169
-8.7471615e-169
4.549894e-168
1.7012092e-167
2.4314146e-168
4.7352092e-169
2.8159553e-168
-1.0060475e-167
-3.8658315e-168
9.9626434e-169
-1.061798e-167
-1.6139683e-167
-4.9553269e-168
-8.2659568e-169
-5.1502338e-168
2.1645442e-167
-3.4871392e-169
2.4480816e-167
-1.0741712e-166
-4.8945147e-166
-6.8509154e-167
-1.7227279e-167
-9.4309913e-167
2.3857532e-166
9.5773383e-167
-2.6322997e-167
3.2240896e-166
4.9429858e-166
1.2547184e-166
4.4133918e-167
1.7199958e-166
-6.3220997e-166
2.5339431e-166
1.5289795e-168
5.356768e-166
9.2108827e-167
-1.8637981e-166
1.3825888e-166
-7.2808834e-166
-2.0413958e-165
-2.6984458e-166
-9.255558e-167
-2.5544106e-166
2.2238938e-165
4.5653463e-166
-3.1281229e-166
1.3874448e-165
4.4378998e-165
-9.0738357e-168
1.6535587e-169
-1.6529396e-167
3.2403226e-168
5.4181362e-168
-3.1358645e-168
2.2036359e-167
6.0678716e-167
9.022228e-168
2.3814563e-168
2.3644506e-168
-6.7205924e-167
-1.021918e-167
5.5269299e-168
-4.1763391e-167
-1.1297897e-166
6.7184018e-173
-5.0010492e-173
-4.8733496e-173
1.5428305e-172
3.6616548e-173
-2.467525e-173
-3.1746609e-173
7.6538583e-173
1.3563635e-173
-7.6627923e-174
-1.4369813e-173
2.4140344e-173
6.3560602e-174
-2.6142675e-174
-8.5498084e-174
8.5362697e-174
6.9918769e-174
3.460438e-172
-6.9183703e-172
-7.4467389e-172
-8.064521e-174
1.9530141e-172
-3.4910337e-172
-4.2402456e-172
-8.7891272e-174
7.460415e-173
-1.1428913e-172
-1.6243677e-172
-8.3005295e-174
3.7033633e-173
-4.3588079e-173
-8.1934242e-173
-6.8026547e-174
3.9248561e-173
-5.2962758e-173
-8.5628581e-173
-4.468919e-174
2.0344419e-173
-2.4379978e-173
-4.4165342e-173
-1.945098e-174
6.9106184e-174
-7.0109197e-174
-1.4802518e-173
-1.1692061e-174
2.8438743e-174
-1.7988526e-174
-6.0921932e-174
6.9949171e-174
-3.3374708e-174
-8.4247151e-174
1.0751116e-173
3.5899792e-174
-1.4116568e-174
-4.768807e-174
4.7140404e-174
1.2189766e-174
-3.3114663e-175
-1.8149002e-174
1.2143068e-174
4.9340228e-175
-1.3380129e-176
-9.0416062e-175
1.7199617e-175
-1.9684402e-171
1.6676605e-171
1.1045882e-171
-4.4007731e-171
-1.0107206e-171
7.6794031e-172
7.173439e-172
-2.0202632e-171
-3.4300193e-172
2.1864216e-172
3.0573496e-172
-5.738741e-172
-1.3902789e-172
5.3435981e-173
1.7949524e-172
-1.4047468e-172
-1.8022589e-171
-7.9600542e-171
1.6003543e-170
1.6263539e-170
-5.6512862e-172
-4.2421526e-171
7.4483441e-171
8.690921e-171
-4.3631737e-173
-1.4724195e-171
2.1885335e-171
3.0046954e-171
1.1881328e-172
-6.5001934e-172
6.0081422e-172
1.353323e-171
3.8533624e-173
-7.1951722e-172
9.1315974e-172
1.46887e-171
4.0538561e-173
-3.473984e-172
3.8146447e-172
7.0067234e-172
2.0583277e-173
-1.0639105e-172
9.7236312e-173
2.0932845e-172
1.6375061e-173
-3.4017315e-173
8.9468946e-174
6.797927e-173
-1.6462922e-172
8.7086995e-173
1.7110122e-172
-2.3032679e-172
-7.9023861e-173
3.4277857e-173
9.1280939e-173
-9.2286733e-173
-2.4450973e-173
7.6582625e-174
3.1619651e-173
-2.1257797e-173
-7.8602037e-174
-8.8162175e-175
1.4025934e-173
1.3411571e-174
-1.0808078e-173
1.9981651e-174
1.531603e-173
-6.1749935e-174
-4.8297246e-174
3.6287943e-175
7.2432421e-174
-1.6880975e-174
-1.35821e-174
-5.8047743e-176
2.1855648e-174
-1.3084647e-175
-2.8362897e-175
-2.6857575e-175
6.9199579e-175
5.8824884e-175
1.262693e-173
-4.6229867e-173
3.4777112e-173
9.1264411e-173
6.7384346e-174
-2.0361939e-173
1.2443352e-173
3.9600324e-173
2.2403581e-174
-5.6475908e-174
2.4095191e-174
1.0246663e-173
1.1062007e-174
-8.7784148e-175
-7.7123192e-175
1.7261161e-174
1.0982823e-174
-2.1249053e-174
6.3806049e-175
3.9666224e-174
4.9961012e-175
-8.4386408e-175
1.6295722e-175
1.60999e-174
1.3412511e-175
-2.2480041e-175
-2.0295887e-176
3.4987066e-175
4.6931038e-176
2.0943451e-176
-6.1067104e-176
-3.8780344e-176
-5.4493645e-175
-1.0873281e-175
9.4480174e-175
1.4875809e-175
-2.260299e-175
-7.669732e-176
4.0022104e-175
1.1097515e-175
-5.750264e-176
-2.6914282e-176
1.0526178e-175
3.5253353e-176
-2.1876869e-177
-1.6500687e-176
2.0204242e-176
4.2823461e-176
5.8561349e-175
-9.5494216e-176
-9.4954745e-175
4.2221302e-175
2.8179143e-175
-1.7638592e-176
-4.8634718e-175
1.3683617e-175
8.7459065e-176
6.1944046e-177
-1.6244872e-175
1.5820267e-176
2.82119e-176
1.4218819e-176
-6.5855611e-176
-2.5377554e-176
-1.1104492e-174
3.3091712e-174
-2.8672999e-174
-7.0582602e-174
-6.020137e-175
1.580725e-174
-1.1706797e-174
-3.3359566e-174
-2.1300167e-175
4.8358618e-175
-2.8132311e-175
-9.9157896e-175
-1.000579e-175
1.474751e-175
-7.0241936e-177
-2.9741451e-175
-1.0657043e-175
2.0867644e-175
-9.3119697e-176
-4.259115e-175
-5.1832349e-176
9.1473302e-176
-3.0504359e-176
-1.8551149e-175
-1.5911318e-176
2.560763e-176
-4.2469622e-177
-4.9117646e-176
-5.7266397e-177
4.0783013e-177
4.5527738e-177
-6.9000416e-177
3.8724541e-176
8.014853e-177
-7.6965454e-176
-5.5271781e-177
1.7383766e-176
5.763961e-177
-3.600843e-176
-6.82039e-177
4.9226467e-177
2.3794477e-177
-1.0684296e-176
-3.2346544e-177
1.0245577e-177
1.5061535e-177
-3.2230638e-177
-3.1327855e-177
3.9273433e-170
-3.3273382e-170
-2.3598562e-170
7.7851986e-170
1.8908653e-170
-1.3974276e-170
-1.4176077e-170
3.2419393e-170
5.862914e-171
-3.5512865e-171
-5.3535017e-171
8.0795232e-171
1.9144465e-171
-2.4257097e-172
-2.8673073e-171
4.9493211e-172
3.9417408e-170
1.4031212e-169
-2.4478084e-169
-2.7656448e-169
1.2015172e-170
6.9340643e-170
-1.0309312e-169
-1.3495857e-169
1.3192051e-171
2.1429102e-170
-2.6963107e-170
-4.1202838e-170
-2.5067888e-171
7.625913e-171
-2.9498007e-171
-1.5044475e-170
-4.1920117e-172
9.5088795e-171
-9.7946392e-171
-1.8345276e-170
-4.9492354e-172
4.2286818e-171
-3.5521328e-171
-7.9205771e-171
-2.3863848e-172
1.1547803e-171
-7.5920066e-172
-2.0334084e-171
-2.1752866e-172
1.9585942e-172
1.4576636e-172
-4.2867127e-172
2.59507e-171
-1.2053478e-171
-2.7375137e-171
2.7654413e-171
1.1558204e-171
-4.0838276e-172
-1.3359943e-171
9.6323854e-172
3.2372979e-172
-7.8287535e-173
-4.1693192e-172
1.7633116e-172
6.8384765e-173
5.0686437e-173
-1.438716e-172
-1.1025351e-172
-5.6153281e-169
4.0176069e-169
4.345845e-169
-8.4320678e-169
-2.5035975e-169
1.4809705e-169
2.2775319e-169
-3.0692224e-169
-7.0334447e-170
3.2646415e-170
7.4756457e-170
-6.1472561e-170
-1.5398669e-170
-1.0123534e-170
2.9697405e-170
2.0241133e-170
-3.5434795e-169
-1.8507737e-168
2.4030154e-168
3.5026776e-168
-7.1965765e-170
-8.3406785e-169
8.7011002e-169
1.5057403e-168
7.3840909e-171
-2.2304921e-169
2.0041449e-169
3.9641628e-169
4.3369044e-170
-4.7037655e-170
-3.4451746e-170
9.9672761e-170
1.3686704e-170
-8.6714112e-170
6.1107644e-170
1.6336816e-169
7.8440222e-171
-3.5688741e-170
1.5838663e-170
6.161108e-170
3.0343777e-171
-8.577972e-171
1.245308e-171
1.082771e-170
2.2500882e-171
1.1486146e-171
-1.3244424e-171
2.3708261e-171
-2.83133e-170
7.6020677e-171
3.2762894e-170
-1.5297627e-170
-1.1507544e-170
1.5648367e-171
1.4008176e-170
-4.1112503e-171
-2.8337613e-171
2.2260436e-172
4.1276562e-171
-1.7275698e-173
-1.7574716e-172
-9.9218742e-172
6.6997362e-172
1.9395917e-171
-1.0346434e-171
-1.9832485e-172
1.5226206e-171
4.851307e-172
-3.9032617e-172
-1.5908342e-172
5.0636159e-172
1.6590753e-172
-7.3481901e-173
-2.5563313e-173
1.3868441e-172
3.6604418e-173
1.4656164e-173
-3.506507e-173
1.6023103e-173
1.3258998e-172
1.6027615e-171
-2.4164416e-171
8.8519064e-172
5.2419295e-171
5.7947619e-172
-9.5335209e-172
1.8246826e-172
2.2182535e-171
1.2615755e-172
-3.1051764e-172
-3.4764839e-172
-7.726827e-173
1.2329149e-172
2.3667638e-172
1.5414214e-172
1.1491118e-172
9.1775907e-173
-1.7350614e-173
-7.9583677e-174
7.5879162e-173
3.0161696e-173
1.1809377e-175
3.3050706e-173
1.1075907e-172
-3.782791e-174
-1.8311239e-173
-3.4096371e-173
-1.9175554e-173
1.1234655e-173
1.9675042e-173
8.1189886e-174
-1.7841889e-173
-2.4112554e-173
-1.6537471e-173
5.8599733e-173
6.036081e-173
-1.0350706e-173
-1.1903356e-173
1.335029e-173
1.8879388e-173
-8.1567032e-175
-2.07527e-174
-1.4730525e-175
-4.6151409e-174
1.6761362e-174
1.0498218e-174
5.1510806e-174
1.2195735e-173
1.3006202e-172
-9.4241194e-174
-1.810012e-172
2.5563135e-173
5.3467413e-173
3.3416426e-174
-7.6360595e-173
5.5546027e-175
1.3314832e-173
1.9538065e-174
-2.095449e-173
-2.5039977e-174
6.3189617e-175
3.9503996e-174
-3.9895128e-174
-9.6486845e-174
-1.4346725e-172
4.3653293e-172
-2.3072244e-172
-8.1691943e-172
-6.8668751e-173
1.7609647e-172
-6.4137238e-173
-3.2476359e-172
-1.999889e-173
4.5666739e-173
-8.2347988e-175
-6.2010086e-173
-1.072095e-173
-5.9552276e-174
9.1002713e-174
-5.1822759e-175
-9.9231863e-174
1.2992833e-173
-5.483318e-175
-2.3299345e-173
-3.981794e-174
4.4956417e-174
-4.4588861e-175
-1.052599e-173
-7.196057e-175
1.5717384e-174
1.2540766e-174
-9.7558791e-175
-4.7159604e-175
-9.2425127e-175
1.1578064e-175
1.0083915e-174
4.7577584e-174
1.6957766e-174
-8.2267305e-174
-3.6593468e-174
1.8346819e-174
1.0338413e-174
-2.947794e-174
-1.6402927e-174
3.8984475e-175
2.6629601e-175
-6.3117072e-175
-2.0020763e-175
-1.0493843e-175
8.9246677e-176
-1.163777e-175
-5.6687106e-175
1.0851112e-175
9.6848733e-176
-2.8972055e-175
-2.7276728e-175
4.4296707e-176
5.4285426e-176
-9.3976592e-176
-1.2383101e-175
9.1037433e-177
1.7578106e-176
1.9390009e-177
1.2947279e-176
-1.1355203e-176
-8.9233261e-177
-1.6627783e-176
-3.3924654e-176
-4.3725343e-175
2.185369e-175
3.1969803e-175
-1.0067593e-175
-1.8350747e-175
4.5424692e-178
-6.0043937e-176
-3.1595695e-175
3.5644517e-177
6.2755081e-176
6.8213722e-176
-5.3308378e-176
-2.5819423e-176
-4.9271174e-176
4.8804614e-176
1.8315885e-175
-1.1894705e-176
4.239853e-177
4.5022309e-176
5.9882358e-176
-9.5142983e-177
-9.5165527e-177
-3.7245216e-178
8.0802926e-177
1.6659467e-177
1.094803e-177
-3.1899492e-177
-1.1180969e-176
-6.2454602e-178
-8.3986658e-179
1.0034628e-176
2.2109404e-176
-4.9844759e-178
1.4939516e-177
-9.3381643e-177
-1.0771217e-176
2.523414e-178
1.1479449e-177
-4.8132769e-177
-9.2195865e-177
5.1876551e-178
1.4115652e-177
1.9209167e-177
1.6795157e-177
-1.023818e-177
-1.2911197e-177
-1.4183258e-177
-1.1746501e-177
1.4176179e-175
-8.1925439e-176
2.82974e-174
3.98831e-174
-2.0804203e-175
-4.5741939e-175
8.4708386e-175
2.2195215e-174
-4.8328152e-176
-2.6774914e-175
-6.2748883e-175
-8.3729842e-175
2.1219404e-175
3.213509e-175
6.3281505e-175
8.5731188e-175
4.0834374e-174
1.9093949e-174
-7.8297006e-174
-1.4780613e-173
2.2924509e-174
3.1923654e-174
3.1123701e-174
2.1614765e-174
-8.7203497e-175
-1.0052082e-174
-5.1364155e-175
1.3649525e-174
7.7793301e-175
8.9453202e-175
-1.2165196e-174
-4.6420958e-174
3.3982748e-176
-4.6641819e-176
-7.1371404e-175
-1.4044926e-174
1.4504078e-175
2.1144297e-175
1.7806268e-175
-5.5344172e-176
-6.024062e-176
-4.1232226e-176
1.0208945e-175
3.2495602e-175
1.770235e-176
-3.0971628e-176
-2.7787296e-175
-5.499584e-175
6.9564874e-176
5.7685598e-176
7.2415037e-176
5.8885388e-176
1.1763149e-176
1.825338e-176
7.5164717e-176
1.4211382e-175
-1.2152867e-176
-2.4747313e-176
-5.2532738e-176
-5.9343107e-176
2.3133629e-176
3.5254205e-176
4.3626466e-176
2.4274078e-176
5.1798918e-177
5.8488852e-177
1.9730445e-177
-7.5467043e-177
1.6796665e-177
3.3997928e-177
8.743787e-177
1.2087479e-176
-1.6128697e-177
-2.414625e-177
-3.4138073e-177
-1.8304581e-177
1.8769031e-177
2.3339594e-177
1.001919e-177
-2.9092502e-177
-1.0817204e-176
-2.5676006e-176
-8.8399468e-176
-1.3460165e-175
1.181458e-176
1.262313e-176
-9.3383113e-177
-5.0028391e-176
-1.0786716e-177
3.2632486e-177
2.4916466e-176
4.5486199e-176
-3.7749382e-177
-1.0286328e-176
-3.1727179e-176
-4.5757778e-176
-2.2976058e-177
-3.7736162e-177
-5.4966567e-177
-3.4257444e-177
1.2561065e-178
-5.7514234e-178
-3.6971306e-177
-6.3197795e-177
4.6453395e-178
9.4822773e-178
2.0430614e-177
2.2205198e-177
-6.8255417e-178
-1.1583549e-177
-1.8859655e-177
-1.5201033e-177
2.7536864e-178
1.8281936e-178
-8.5359078e-178
-2.1534084e-177
2.5521947e-178
4.0636738e-178
5.360839e-178
2.4355664e-178
-1.276684e-178
-1.3661421e-178
6.184539e-179
4.0928844e-178
9.7329877e-179
6.5285532e-179
-2.3896267e-178
-6.3482439e-178
-2.2208271e-178
-7.5527788e-179
3.2036529e-180
1.3632521e-178
-8.9116504e-179
-9.5839455e-179
-2.6085129e-178
-4.3127877e-178
5.2504632e-179
9.0005347e-179
1.3363384e-178
8.619963e-179
-8.1416764e-179
-1.0381202e-178
-4.2743286e-179
9.9541402e-179
2.6267106e-178
6.1264613e-178
3.0301752e-177
4.9278596e-177
-4.1575843e-178
-5.3606335e-178
1.2784279e-178
1.4017551e-177
7.6256645e-179
-7.354029e-179
-7.3747597e-178
-1.4859839e-177
1.3241171e-178
3.5081305e-178
1.1676688e-177
1.8406639e-177
7.3753178e-179
1.2396411e-178
2.7110443e-178
3.0728736e-178
-1.9726362e-179
-7.2193456e-180
1.0460664e-178
2.4128247e-178
-1.0211791e-179
-2.9438077e-179
-9.2995861e-179
-1.3070544e-178
2.4414935e-179
4.6040493e-179
9.4902767e-179
1.0452406e-178
-1.4470517e-179
-1.1493591e-179
2.0013631e-179
6.2704372e-179
-8.9789751e-180
-1.4469504e-179
-2.4630172e-179
-2.3622547e-179
5.3021832e-180
6.6723535e-180
3.6425467e-180
-7.4795803e-180
-4.7485906e-180
-4.51421e-180
5.6994104e-180
2.1862705e-179
1.9698536e-177
1.300922e-177
-4.6076784e-177
-2.1402071e-177
8.2065172e-178
6.7681668e-178
-1.9735709e-177
-1.133457e-177
2.1340365e-178
2.1781805e-178
-5.1294859e-178
-3.2158533e-178
6.0072185e-180
7.7292631e-179
-9.2827605e-179
-1.8153944e-178
-7.198474e-177
9.7319043e-177
-1.3848953e-178
-1.848293e-176
-3.2140573e-177
3.8391476e-177
3.0165363e-178
-7.5131718e-177
-8.5856872e-178
1.0199899e-177
2.7565024e-178
-1.8201438e-177
-2.0473084e-178
-4.544712e-179
3.5194137e-178
2.7341123e-178
-3.5436513e-178
3.2959334e-178
1.8439276e-178
-5.2431665e-178
-1.4933857e-178
1.0778939e-178
6.6958361e-179
-2.0632918e-178
-3.3551179e-179
2.9633046e-179
1.8760478e-179
-5.9645761e-179
-1.9302163e-180
-8.0956939e-180
2.1130295e-179
4.445769e-179
7.3372037e-179
9.4050367e-179
-2.0376147e-178
-1.6394081e-178
2.8130618e-179
4.2555254e-179
-8.1106261e-179
-7.7106311e-179
7.1755343e-180
1.2812972e-179
-1.6909866e-179
-1.621486e-179
-2.1942896e-180
1.0994589e-180
-5.3729189e-181
-5.1990612e-180
-2.0164163e-176
-1.3314893e-176
4.2065528e-176
2.495445e-176
-7.8098657e-177
-6.6898674e-177
1.6042879e-176
1.1912873e-176
-1.8399998e-177
-1.9834182e-177
3.2162606e-177
1.9161048e-177
5.3414262e-178
-2.4361911e-178
3.9022311e-178
1.9104984e-177
5.9929032e-176
-6.7877984e-176
-1.7091914e-176
1.0926395e-175
2.5069806e-176
-2.2219045e-176
-4.475842e-177
4.7121569e-176
4.9594983e-177
-7.0859138e-177
-4.2794771e-177
9.783021e-177
1.2787093e-177
2.9935967e-177
-3.333799e-177
-8.6862975e-177
2.2233408e-177
-1.5513575e-177
-2.3362434e-177
4.6427261e-178
9.968004e-178
-1.5105965e-178
-2.8589065e-178
7.4801012e-178
9.2729582e-179
-1.7528391e-178
-5.9582911e-179
5.6701838e-178
7.8721475e-181
7.8903635e-179
-3.9672795e-178
-9.3146846e-178
-4.7237939e-178
-6.4854132e-178
1.3733826e-177
1.305987e-177
-1.7494356e-178
-2.8428984e-178
5.2755077e-178
6.7224338e-178
-5.2883337e-179
-1.0649476e-178
2.24901e-179
2.4540537e-179
5.3164551e-179
4.0910169e-179
2.3972337e-179
4.979861e-179
-4.9712916e-181
-1.7050073e-179
3.0002301e-179
3.1352591e-179
5.8190905e-181
-4.7335079e-180
2.0733997e-179
3.3581681e-179
-2.5490119e-180
-5.9815278e-180
-3.774596e-180
5.7910837e-181
3.8455709e-180
4.1884052e-180
5.6394761e-181
-3.4087818e-180
4.2264038e-179
-4.9729103e-179
-1.9417405e-178
-1.8248726e-178
3.5922475e-179
1.9791164e-179
-3.8810884e-179
-7.1547753e-179
1.2437677e-180
4.937081e-180
2.2852137e-179
5.0179449e-179
-6.2441244e-180
-9.1391735e-180
-4.5712867e-179
-8.0597522e-179
-1.6965782e-180
-2.9746037e-180
-1.0728448e-179
-1.4434945e-179
9.3272491e-181
9.794983e-181
-2.9196877e-180
-8.1131834e-180
2.2204492e-181
9.354095e-181
3.2575045e-180
5.1441914e-180
-1.0101244e-180
-1.7286365e-180
-3.8397298e-180
-4.917513e-180
5.654734e-181
-3.732207e-181
-7.499078e-181
-1.1938963e-180
4.130465e-181
3.1095897e-181
7.3279988e-181
1.0948035e-180
-1.7545353e-181
-2.7690516e-181
-2.2237316e-181
1.5935886e-181
2.3343403e-181
2.391185e-181
-2.4427476e-181
-8.8015961e-181
1.7483679e-180
4.3135673e-180
-6.4154344e-180
-7.0666608e-180
5.7238973e-181
1.6706742e-180
-2.6396224e-180
-3.518482e-180
2.1967269e-181
5.8279799e-181
-3.0873391e-181
-5.5878359e-181
-1.9770894e-181
-1.4187143e-181
1.0855761e-181
1.4309052e-181
-1.2298523e-179
8.5605681e-180
1.352934e-179
-5.0603109e-180
-5.341099e-180
1.5122e-180
3.8136667e-180
-1.7241538e-180
-9.8631507e-181
4.0852846e-181
-1.0406915e-181
-2.9223856e-180
3.952942e-181
3.5952757e-182
1.8126832e-180
3.6488459e-180
-2.2756764e-181
2.6562584e-181
7.5332656e-181
3.936931e-181
-1.4301114e-181
-8.8713357e-183
2.6947252e-181
3.3376914e-181
-3.4062561e-182
-4.1841537e-182
-9.3150428e-182
-1.7537779e-181
5.0172534e-182
5.3864702e-182
1.592304e-181
2.4189436e-181
9.622284e-183
1.3645291e-181
-1.099656e-181
-1.4172034e-181
-6.923376e-183
3.3495364e-182
-8.0360774e-182
-1.224729e-181
9.1111302e-183
2.3838374e-182
-1.5753053e-183
-2.8343814e-182
-1.1723841e-182
-1.1516774e-182
1.5420843e-182
3.7114109e-182
-1.0826396e-183
4.155348e-183
4.0376588e-183
4.2466426e-183
-1.566261e-183
-4.8928507e-184
-1.6475253e-183
-2.3120474e-183
4.6571963e-184
7.5613647e-184
-1.3403432e-184
-2.0046456e-183
-5.1683261e-184
-3.6033025e-184
1.9969457e-183
4.2861189e-183
5.6447554e-183
1.0814135e-182
3.3485618e-182
3.3827564e-182
-1.4624245e-183
-3.0812327e-184
1.6921084e-182
3.4143911e-182
-2.2375745e-183
-4.9272022e-183
-1.1221647e-182
-1.4002497e-182
4.7569018e-183
6.4591588e-183
1.0182627e-182
9.7959259e-183
1.0686507e-183
1.1684696e-183
6.3408281e-184
-1.0198817e-183
2.839231e-184
5.7032032e-184
1.5856877e-183
2.1430918e-183
-2.6570407e-184
-4.3417571e-184
-5.762857e-184
-2.9546258e-184
3.4147514e-184
4.6461429e-184
3.7363064e-184
-1.2773276e-184
-3.9444929e-185
1.248041e-184
6.6553227e-184
1.0101705e-183
-1.1936154e-184
-1.3377937e-184
-2.1640742e-186
2.2155021e-184
2.4017476e-185
5.9550781e-186
-1.1292553e-184
-2.5606968e-184
-2.3681738e-186
2.5226994e-185
1.8676827e-184
3.351373e-184
3.1496002e-182
2.2505559e-183
-1.4667556e-181
-2.8832728e-181
3.5865762e-182
4.9032141e-182
4.6416655e-182
4.3698757e-183
-1.3601055e-182
-1.2892423e-182
1.4245393e-182
6.0014829e-182
8.404815e-183
2.7945032e-183
-4.2577546e-182
-9.5834788e-182
-3.1699917e-181
-4.3509599e-181
-6.0078157e-181
-3.4275158e-181
-1.4060914e-182
-9.1147962e-182
-4.8055261e-181
-8.2076656e-181
6.6818171e-182
1.3068671e-181
2.6513717e-181
2.7315763e-181
-1.0130023e-181
-1.5969305e-181
-2.243252e-181
-1.4578301e-181
-1.9468444e-182
-1.9909101e-182
1.1887012e-182
6.0090618e-182
-8.6396959e-183
-1.6151359e-182
-2.8711773e-182
-2.6459951e-182
5.7307431e-183
7.6880633e-183
5.232806e-183
-3.9710733e-183
-6.4156834e-183
-7.7524878e-183
-1.9049188e-183
1.0846365e-182
-1.4845169e-183
-4.4098228e-183
-1.4647331e-182
-2.0186363e-182
2.018189e-183
2.0449271e-183
-2.0773222e-183
-8.0251373e-183
-2.0121834e-184
4.8304776e-184
3.3272962e-183
5.7151828e-183
-2.4282984e-184
-1.1438401e-183
-4.2691064e-183
-6.4936091e-183
-2.2691204e-184
-3.5622538e-184
-4.5341932e-184
-2.5576127e-184
1.1270621e-185
-5.4662545e-185
-2.9366391e-184
-4.7087763e-184
3.3257969e-185
7.291737e-185
1.5340051e-184
1.6982658e-184
-5.2583894e-185
-1.0142516e-184
-1.8616571e-184
-1.8510785e-184
-1.9721869e-184
2.7995548e-184
2.150647e-183
3.6310084e-183
-4.6483463e-184
-5.9080319e-184
-3.0053379e-184
4.2293071e-184
1.603474e-184
1.181505e-184
-2.4442417e-184
-6.653015e-184
-1.711077e-184
-9.0129834e-185
4.2577628e-184
9.78137e-184
8.7100682e-186
2.3689743e-185
5.8136794e-185
7.460675e-185
-9.1395925e-186
-7.9250766e-186
5.9765074e-186
2.387401e-185
1.9120917e-186
-4.5407325e-187
-9.897763e-186
-1.8486493e-185
-1.3720913e-186
2.8110295e-186
1.7325874e-185
2.8903454e-185
-6.8570455e-186
-7.8524299e-186
-2.2891789e-186
7.8422856e-186
-1.6899158e-186
-3.8276807e-186
-8.065555e-186
-9.3863438e-186
1.4646038e-186
2.2696351e-186
2.9722392e-186
2.1163138e-186
-2.2475616e-186
-3.285419e-186
-3.6557167e-186
-1.7242209e-186
9.121383e-186
1.7586435e-185
3.8862418e-185
4.1117914e-185
-3.5906662e-186
-1.7627392e-186
1.3488797e-185
2.9072508e-185
-8.3173239e-187
-3.2727886e-186
-1.0136477e-185
-1.400738e-185
2.0944162e-186
4.9363683e-186
1.2267507e-185
1.5554343e-185
3.8045156e-185
1.9951546e-185
-9.8152961e-185
-2.206428e-184
2.9675647e-185
4.4987426e-185
5.0346943e-185
1.9030662e-185
-1.3607547e-185
-1.4842847e-185
2.1331116e-186
3.0441221e-185
1.4860357e-185
1.4369908e-185
-1.1809201e-185
-4.931618e-185
-1.931905e-187
-1.3941113e-186
-4.8592727e-186
-6.9685973e-186
8.8884513e-187
9.5032246e-187
-3.8880482e-188
-1.5807825e-186
-2.4577913e-187
-9.1791182e-188
6.7658808e-187
1.4358425e-186
2.5600794e-187
-6.4975662e-189
-1.1609205e-186
-2.2209205e-186
5.7429273e-187
7.4849319e-187
5.8602528e-187
-9.4639624e-188
6.489321e-188
2.3265908e-187
6.7699964e-187
9.131033e-187
-9.8916812e-188
-1.7856113e-187
-2.9028861e-187
-2.6374135e-187
1.5191536e-187
2.5559316e-187
3.6805112e-187
2.8583704e-187
-1.9386477e-181
5.288079e-181
4.2818252e-180
7.5647651e-180
-8.1870635e-181
-1.0808001e-180
-4.8031336e-181
1.2156006e-180
2.4713636e-181
1.2836091e-181
-7.7613773e-181
-1.8254557e-180
-1.1069105e-181
1.11652e-181
1.2062903e-180
2.2674997e-180
7.6271713e-180
1.0232197e-179
6.4285708e-180
-7.2079335e-180
1.5435429e-180
4.2455273e-180
1.1926794e-179
1.552925e-179
-1.9118173e-180
-3.0829195e-180
-4.2068437e-180
-2.4233979e-180
2.3239948e-180
3.3300095e-180
3.2369311e-180
2.5419811e-182
2.2749665e-181
1.1635578e-181
-6.4819459e-181
-1.4619035e-180
1.9226844e-181
2.9332259e-181
3.2605245e-181
1.0815301e-181
-8.9398511e-182
-9.5389082e-182
2.3660037e-182
2.1343172e-181
9.7080774e-182
8.983157e-182
-8.739433e-182
-3.3197163e-181
6.5581319e-182
1.2917157e-181
2.497645e-181
2.5120306e-181
-2.3363116e-182
-7.1091629e-183
9.0212301e-182
1.8896008e-181
-5.6055814e-183
-2.130809e-182
-6.7112178e-182
-9.22195e-182
1.2714191e-182
3.2167446e-182
8.1314277e-182
1.0147288e-181
-1.007011e-179
-3.2925329e-179
-1.0255179e-178
-1.3993341e-178
1.4784916e-179
1.4377982e-179
-1.3663146e-179
-5.4445177e-179
-1.7403367e-180
2.8491745e-180
2.279123e-179
3.9543395e-179
-7.7263561e-181
-7.0266148e-180
-2.9287373e-179
-4.5117578e-179
-1.3438882e-178
-1.4024734e-178
7.535432e-179
4.0996469e-178
-5.8605927e-179
-1.1119915e-178
-1.9953116e-178
-1.8326076e-178
3.9590547e-179
5.3226416e-179
3.5853141e-179
-2.7561588e-179
-4.4634809e-179
-5.4119819e-179
-1.500924e-179
7.1179419e-179
-1.0791325e-180
2.2385007e-180
1.4681363e-179
2.4221205e-179
-3.0780452e-180
-3.8220641e-180
-1.6290797e-180
3.3809841e-180
1.0077159e-180
6.8345162e-181
-1.8365764e-180
-4.6716456e-180
-1.041476e-180
-4.5166049e-181
3.0476668e-180
6.6595072e-180
-1.4954787e-180
-2.365325e-180
-2.9134019e-180
-1.4673514e-180
5.684897e-182
-3.9736175e-181
-1.9877151e-180
-3.1214984e-180
2.3209768e-181
4.9213172e-181
1.0014274e-180
1.0764629e-180
-3.5339058e-181
-6.6639974e-181
-1.1902243e-180
-1.1396785e-180
-4.4401597e-182
-4.8384899e-182
-2.9258031e-183
7.1783716e-182
-1.3414279e-182
-2.7837932e-182
-5.4392801e-182
-5.9085216e-182
1.0400129e-182
1.5357104e-182
1.7479921e-182
8.798334e-183
-1.5106287e-182
-2.1006825e-182
-1.9682713e-182
-3.4301825e-183
7.7956734e-182
1.8395726e-181
4.0731641e-181
4.8588891e-181
-5.6661221e-182
-4.1715109e-182
7.2010454e-182
2.0396325e-181
7.1397578e-183
-1.2064494e-182
-7.9992957e-182
-1.3495874e-181
-8.3030425e-184
3.0122708e-182
1.2771285e-181
1.9686976e-181
1.9222088e-183
4.2687196e-183
1.0108411e-182
1.2880828e-182
-1.3522319e-183
-1.0826783e-183
1.6280907e-183
5.2157052e-183
1.4661759e-184
-3.4017077e-184
-2.2342019e-183
-3.8649843e-183
1.7104385e-184
9.6953245e-184
3.4443486e-183
5.1737717e-183
-8.8636247e-184
-8.9384457e-184
9.4279604e-185
1.7198133e-183
-3.3966452e-184
-6.3342552e-184
-1.2376775e-183
-1.4005581e-183
2.5667208e-184
3.6464817e-184
4.1501854e-184
1.9890828e-184
-3.7464136e-184
-4.7549593e-184
-3.5371572e-184
9.9840747e-185
3.6080891e-183
4.7779312e-183
3.2752887e-183
-1.6732367e-183
5.0888524e-184
1.6544793e-183
4.5017244e-183
5.8291314e-183
-6.8782036e-184
-1.1809578e-183
-1.7879091e-183
-1.4703693e-183
1.0035884e-183
1.6112317e-183
2.1588706e-183
1.4439823e-183
-2.3220134e-183
-1.0615505e-182
-3.2997318e-182
-4.5375966e-182
5.6523314e-183
5.6681453e-183
-1.8337075e-183
-1.2636866e-182
-1.3317255e-183
-1.5096227e-184
5.2482113e-183
1.0263929e-182
1.2339477e-183
-6.8018111e-184
-8.4127398e-183
-1.5015521e-182
-1.3319355e-184
-3.0398943e-184
-7.004321e-184
-8.9341477e-184
1.0076346e-184
8.1593476e-185
-9.0976643e-185
-3.1708401e-184
-1.6835264e-185
1.4618673e-185
1.3803477e-184
2.5044958e-184
1.7806971e-188
-5.6410917e-185
-2.3667208e-184
-3.7198005e-184
7.3640822e-185
7.4875792e-185
-2.1305062e-186
-1.2214005e-184
2.515158e-185
4.8277802e-185
9.1919213e-185
1.0307653e-184
-1.8873752e-185
-2.7306572e-185
-3.2610845e-185
-1.9661249e-185
2.9120298e-185
3.8778062e-185
3.4562776e-185
4.5541252e-186
2.2956678e-186
2.751303e-186
1.0827372e-186
-2.7989497e-186
6.0077829e-187
1.3671197e-186
3.2266157e-186
3.9526353e-186
-5.7572512e-187
-8.8788295e-187
-1.1459611e-186
-6.9240694e-187
8.0967434e-187
1.121646e-186
1.0934685e-186
2.0933183e-187
-3.3847749e-186
-9.4933789e-186
-2.5936051e-185
-3.4133648e-185
3.7885454e-186
3.445548e-186
-3.4111186e-186
-1.2784773e-185
-5.5045828e-187
5.9044753e-187
5.2879963e-186
9.2746924e-186
2.7293246e-188
-1.7047599e-186
-7.6415602e-186
-1.2011097e-185
-2.3166011e-187
-4.2498301e-187
-6.8642417e-187
-5.8925543e-187
5.9089918e-188
-3.9251471e-189
-2.8292665e-187
-5.233107e-187
1.7748317e-188
6.3030951e-188
1.7617419e-187
2.2704357e-187
-3.2634666e-188
-9.3278426e-188
-2.3412122e-187
-2.8745677e-187
6.8971299e-188
6.1186549e-188
-6.4109514e-188
-2.2237054e-187
3.3260488e-188
5.8017589e-188
8.6849617e-188
6.7505716e-188
-1.938436e-188
-2.4913892e-188
-1.4222728e-188
1.4188618e-188
2.5209394e-188
3.0685139e-188
1.1900367e-188
-2.8138344e-188
-3.3030134e-185
-3.3613633e-185
1.4082151e-185
8.6378892e-185
-1.3616212e-185
-2.5581222e-185
-4.5749851e-185
-4.4006347e-185
9.3122847e-186
1.2747796e-185
1.0497616e-185
-1.718136e-186
-1.1947797e-185
-1.4989004e-185
-8.0721618e-186
1.0151767e-185
9.3436102e-185
1.9043443e-184
3.743728e-184
3.9156184e-184
-4.0092489e-185
-1.7970626e-185
1.1572032e-184
2.5325655e-184
-3.8601274e-186
-2.5634849e-185
-9.1364824e-185
-1.3135146e-184
1.2763409e-185
4.2098668e-185
1.2054944e-184
1.6038054e-184
3.7820788e-186
5.5351589e-186
5.4234735e-186
1.1535563e-186
9.9220537e-188
1.2467723e-186
4.547395e-186
6.4422913e-186
-5.6311681e-187
-1.1212855e-186
-1.9970753e-186
-1.9110118e-186
8.2437081e-187
1.5509379e-186
2.5812167e-186
2.3131351e-186
-5.2833935e-187
-1.0909791e-187
1.9264996e-186
3.7739947e-186
-5.2226885e-187
-7.375069e-187
-6.4274109e-187
-1.867946e-189
2.1815854e-187
2.1592907e-187
-9.9878058e-188
-5.3504444e-187
-2.7470209e-187
-2.5235714e-187
2.036748e-187
7.9035668e-187
3.6840262e-189
1.4844563e-188
4.1201298e-188
5.2300264e-188
-6.8811078e-189
-6.312415e-189
4.4919753e-189
1.7858049e-188
1.4304852e-189
-1.5277764e-190
-6.4893633e-189
-1.1587359e-188
-1.837674e-189
4.6805791e-190
9.3940435e-189
1.6418678e-188
5.0207403e-188
4.8842161e-188
-2.1991898e-188
-1.1470127e-187
1.8408846e-188
3.4640758e-188
5.5333834e-188
4.7734403e-188
-1.147467e-188
-1.5778728e-188
-1.2518913e-188
1.3015812e-189
1.6238425e-188
2.2000642e-188
1.6518349e-188
-3.5422448e-189
1.2562118e-190
-3.7911347e-191
-6.2573307e-190
-1.0637752e-189
1.568199e-190
2.0146545e-190
1.2105123e-190
-7.8062225e-191
-5.880242e-191
-5.2517029e-191
3.8108384e-191
1.4495136e-190
8.6862931e-191
7.7588997e-191
-5.6254345e-191
-2.1406761e-190
9.144943e-191
1.5472913e-190
2.0569127e-190
1.4161178e-190
-1.5536927e-191
1.0262182e-191
9.7668645e-191
1.5971812e-190
-6.1779015e-192
-2.0775124e-191
-5.1348169e-191
-6.1468435e-191
9.1203358e-192
3.0681029e-191
7.5844569e-191
9.0800423e-191
4.3049203e-190
-3.6835703e-190
-3.2180363e-189
-5.3141382e-189
7.3974834e-190
9.2724351e-190
4.5832961e-190
-5.9500345e-190
-2.6002326e-190
-2.0791013e-190
2.8908842e-190
8.489525e-190
3.4965714e-190
2.6483965e-190
-4.4642805e-190
-1.2268334e-189
-5.2316664e-189
-6.7844868e-189
-4.1155141e-189
2.9395479e-189
-6.9656512e-190
-2.302939e-189
-5.8881519e-189
-7.1987008e-189
8.6623859e-190
1.508141e-189
2.1533845e-189
1.6120297e-189
-1.2487822e-189
-2.12788e-189
-2.9381508e-189
-2.0930987e-189
-2.8439965e-191
-2.1366841e-191
3.3139004e-191
9.0578578e-191
-1.4207578e-191
-2.3223266e-191
-2.9002331e-191
-1.790066e-191
7.2983256e-192
9.0272906e-192
4.361955e-192
-5.4097259e-192
-1.0780155e-191
-1.3334958e-191
-6.4465507e-192
7.9855301e-192
-5.0918592e-192
-1.3007633e-191
-2.7411873e-191
-3.0009016e-191
3.9883906e-192
2.7164738e-192
-5.6701611e-192
-1.4127423e-191
-5.3809593e-193
7.3568331e-193
4.7684356e-192
7.4569709e-192
7.9532688e-193
-1.0859272e-192
-7.0426875e-192
-1.1014416e-191
1.1716505e-188
1.3510133e-188
7.0078791e-189
-7.1374127e-189
2.5243082e-189
5.9005528e-189
1.3711274e-188
1.7927899e-188
-2.4993128e-189
-4.0171824e-189
-6.2506629e-189
-5.8291214e-189
4.2526593e-189
6.230765e-189
7.5956038e-189
4.8439852e-189
-8.8675573e-189
-3.1569659e-188
-9.8230179e-188
-1.4669634e-187
1.7928527e-188
1.9013314e-188
3.1147974e-189
-2.6557943e-188
-5.5032033e-189
-2.4255756e-189
1.4493327e-188
3.3345044e-188
4.2546858e-189
-2.6293153e-189
-2.9573709e-188
-5.4205332e-188
-6.2205014e-191
-9.9217874e-190
-4.0353983e-189
-6.0816739e-189
7.4190934e-190
8.3662501e-190
4.6848888e-191
-1.3510432e-189
-2.0157192e-190
-7.7519931e-191
6.239734e-190
1.3294078e-189
1.8161342e-190
-2.555961e-191
-9.6959885e-190
-1.8306288e-189
4.0059388e-190
5.640828e-190
5.2814076e-190
3.6970854e-191
3.5591052e-191
1.5970626e-190
5.3321505e-190
7.5923449e-190
-7.7048385e-191
-1.3947898e-190
-2.3832328e-190
-2.2176724e-190
1.1701061e-190
1.8963986e-190
2.7374108e-190
2.087441e-190
-1.4842171e-187
-1.8144128e-187
-1.1951191e-187
7.8290024e-188
-3.0650891e-188
-7.5873074e-188
-1.9940126e-187
-2.7028126e-187
3.4927064e-188
5.6650371e-188
8.7947345e-188
7.6931602e-188
-5.5527356e-188
-7.9562231e-188
-9.335109e-188
-5.0642126e-188
1.1285485e-187
4.5506759e-187
1.5443062e-186
2.3037146e-186
-2.6707533e-187
-2.8783409e-187
5.3915766e-189
5.30783e-187
6.9668611e-188
1.6811512e-188
-2.655101e-187
-5.5841471e-187
-4.0206258e-188
5.9639095e-188
4.5291359e-187
7.973662e-187
9.2921698e-189
2.4632532e-188
6.0036384e-188
7.25091e-188
-8.3864586e-189
-6.6765574e-189
1.1094539e-188
3.2166707e-188
8.9712423e-190
-1.9090493e-189
-1.2049911e-188
-1.9612314e-188
-2.4149939e-190
3.7355997e-189
1.6754103e-188
2.5629852e-188
-5.9766305e-189
-7.162481e-189
-2.1543381e-189
8.0937246e-189
-1.5013071e-189
-3.4995645e-189
-7.7734524e-189
-8.8921675e-189
1.3525797e-189
2.0855333e-189
2.4739874e-189
1.2084867e-189
-1.8484262e-189
-2.6649856e-189
-2.6784413e-189
-6.4392988e-190
-9.7908739e-191
-6.3969148e-191
1.6807715e-190
4.0874231e-190
-6.0342667e-191
-9.4715135e-191
-1.1096613e-190
-5.5841408e-191
2.9595568e-191
3.4524534e-191
8.4646883e-192
-3.8206814e-191
-4.0442674e-191
-4.5893307e-191
-6.7140684e-192
5.9317168e-191
4.1375921e-190
6.732721e-190
8.5129534e-190
5.1296855e-190
-4.4225975e-191
7.5067583e-191
4.7534198e-190
7.5389745e-190
-4.2020705e-191
-1.0873391e-190
-2.4186509e-190
-2.7448033e-190
6.444098e-191
1.5691142e-190
3.3456902e-190
3.7024193e-190
3.8642568e-192
4.4100881e-192
9.6286085e-193
-4.7396498e-192
8.5980064e-193
2.0293269e-192
4.0231254e-192
4.2279697e-192
-6.8928088e-193
-1.082639e-192
-1.2474473e-192
-6.4644972e-193
1.0180313e-192
1.5991236e-192
1.8428541e-192
9.5537791e-193
-9.1187222e-194
6.6140948e-193
2.7609536e-192
3.9737138e-192
-5.6502501e-193
-6.2153991e-193
-5.5663527e-194
8.1173779e-193
1.7010729e-193
9.9111127e-194
-3.0327152e-193
-6.8835381e-193
-2.5129993e-193
-1.4647011e-193
4.4783782e-193
1.0166541e-192
1.158675e-191
1.2564004e-191
-7.0274474e-193
-2.1243479e-191
3.5313318e-192
7.3248977e-192
1.3555074e-191
1.3437375e-191
-2.5517505e-192
-3.7216105e-192
-3.6331215e-192
-8.4244605e-193
3.5514953e-192
5.0278259e-192
4.5115807e-192
4.0272618e-193
-2.2720799e-191
-5.0524179e-191
-1.0001636e-190
-1.0468853e-190
1.2456368e-191
6.8147669e-192
-2.6715572e-191
-5.9868898e-191
-3.8172325e-193
4.8862276e-192
2.0649272e-191
3.0352434e-191
-2.2396381e-193
-7.6596296e-192
-2.9036862e-191
-4.1562853e-191
-3.9544087e-193
-5.7678638e-193
-5.545048e-193
-1.4678671e-193
1.1408807e-195
-1.1384679e-193
-4.1859175e-193
-5.826423e-193
4.5365096e-194
9.8795176e-194
1.8228524e-193
1.815057e-193
-6.6993927e-194
-1.4591523e-193
-2.6925802e-193
-2.6813568e-193
7.434268e-194
2.4176898e-194
-2.0237409e-193
-3.9795678e-193
5.974678e-194
8.4549021e-194
7.4398663e-194
9.1564184e-195
-2.545951e-194
-2.6672954e-194
2.3672446e-195
4.3392529e-194
3.7607651e-194
3.940542e-194
-3.4828695e-195
-6.4079352e-194
-8.4122259e-187
1.2252123e-186
-5.4918907e-187
-2.6950054e-186
-4.054404e-187
5.8217815e-187
-2.4765812e-187
-1.2715726e-186
-1.2608852e-187
1.8098842e-187
-7.1235302e-188
-3.9134552e-187
-3.9516558e-188
5.9241384e-188
-6.6542933e-189
-9.8853005e-188
-3.8810457e-186
-1.8863882e-187
6.2799899e-186
-1.1689251e-186
-1.8038794e-186
-1.440236e-187
2.9040494e-186
-3.3009362e-187
-5.4602526e-187
-7.3998469e-188
8.1229007e-187
-1.025032e-187
-1.298297e-187
-2.5756101e-188
2.2942883e-187
5.9620982e-188
-2.2394333e-187
-3.0868083e-188
3.4869907e-187
-1.3115158e-188
-9.7185859e-188
-1.5316604e-188
1.5188798e-187
7.9002367e-189
-2.809204e-188
-6.5016922e-189
3.7131817e-188
-7.3527788e-190
-2.5021847e-189
-3.0112852e-190
5.8286015e-189
3.1830514e-189
-5.5406887e-188
8.0325129e-188
-2.5273138e-188
-1.6187705e-187
-2.494785e-188
3.5262133e-188
-1.0761243e-188
-7.0951029e-188
-7.1350811e-189
1.0044379e-188
-3.162548e-189
-2.0791339e-188
-1.4152523e-189
2.36847e-189
6.9178907e-190
-1.9684317e-189
6.4577171e-186
-1.7723566e-185
1.2628699e-185
3.3141456e-185
2.9600605e-186
-7.6398747e-186
5.3430888e-186
1.4485027e-185
7.9621188e-187
-2.1683219e-186
1.3958064e-186
4.0866437e-186
1.8467744e-187
-3.8784052e-187
-1.2424241e-187
2.4081172e-187
5.2684061e-185
-1.1066359e-185
-6.1007261e-185
2.9726565e-185
2.2361539e-185
-3.5542055e-186
-2.6232499e-185
8.8324952e-186
6.1475869e-186
-3.6893634e-187
-5.9665655e-186
3.3296114e-186
2.2322494e-187
-2.6451222e-188
-1.3782137e-186
-1.5464303e-186
2.1287003e-186
-2.2835556e-187
-2.5339612e-186
6.4791661e-187
8.3985063e-187
-6.197574e-188
-1.0636494e-186
4.3422405e-189
2.3404314e-187
3.2309865e-188
-1.7347427e-187
9.452191e-188
-5.0024678e-188
-2.3860531e-188
-2.1657768e-188
-5.9802558e-188
3.283823e-187
-8.490643e-187
4.272466e-187
1.4195997e-186
1.4386669e-187
-3.3080395e-187
1.7646519e-187
5.7553639e-187
3.3771075e-188
-8.7441254e-188
5.0248055e-188
1.6713534e-187
1.7874967e-189
-4.838692e-189
-2.586315e-188
-3.6628759e-188
1.2194878e-188
-3.1741224e-188
8.7580501e-189
4.3846828e-188
5.3283506e-189
-1.0765135e-188
3.8721135e-189
1.5922137e-188
1.0725944e-189
-2.5841954e-189
1.9038912e-189
5.9591589e-189
-3.1369394e-190
9.3332985e-191
-2.0383418e-189
-3.6161714e-189
6.3998339e-188
-3.3995286e-189
-7.5038505e-188
1.5435662e-188
2.2588744e-188
-2.3629604e-189
-3.5309409e-188
-1.1569901e-188
7.5834276e-189
3.2089271e-189
-2.6870543e-189
1.6774733e-189
-4.4618054e-189
-2.6142279e-189
2.5732401e-190
1.6449491e-190
1.2459968e-189
-2.0965707e-191
-1.4238728e-189
6.51292e-190
2.922984e-190
-1.723083e-190
-1.1116768e-189
-9.412737e-190
2.2449514e-190
2.1525483e-190
4.789436e-191
-1.3961125e-190
-2.4344064e-190
-1.5012719e-190
1.0884346e-190
2.5959777e-190
2.9294528e-190
-9.4610173e-190
-2.4093628e-191
8.8135361e-190
1.4703505e-190
-2.5840188e-190
6.1889278e-192
2.231257e-190
2.582753e-191
-4.4489237e-191
8.3080507e-191
2.0665435e-190
-2.8766615e-191
-6.6815646e-192
-1.2930373e-190
-2.1137149e-190
-2.8381936e-189
4.1353909e-189
-8.0175785e-190
-7.4641338e-189
-1.1880564e-189
1.6589264e-189
-3.3239778e-190
-3.0029633e-189
-3.140276e-190
4.3038219e-190
-1.2887618e-190
-8.8803315e-190
-1.2277057e-191
5.9110733e-191
8.6917257e-191
1.1416733e-190
-1.0111927e-188
-1.9881189e-189
1.4635724e-188
6.7652748e-190
-4.0483247e-189
-7.7559136e-190
6.1499704e-189
1.1527272e-189
-1.1750274e-189
-3.7285148e-190
1.262305e-189
6.881494e-191
1.4015555e-190
1.0368743e-190
-4.0213966e-191
-1.268746e-191
-3.5082688e-190
-7.6004952e-191
4.4855253e-190
1.2170519e-191
-1.2532314e-190
-1.8844446e-191
1.9448813e-190
5.8281313e-191
-4.0607917e-191
-1.6545945e-191
3.0980811e-191
5.8437524e-192
1.6421367e-191
1.035835e-191
-1.1969506e-191
-1.2517759e-191
-1.1039414e-190
1.6700281e-190
-1.4028058e-191
-2.5950262e-190
-4.2719757e-191
6.0145847e-191
-6.1932669e-192
-9.2542712e-191
-1.0529145e-191
1.3747382e-191
-5.7396849e-192
-3.1344787e-191
2.0288072e-192
7.8079179e-193
6.1492298e-192
1.3455141e-191
-1.9589663e-185
1.5797255e-184
-1.2265451e-184
-2.4876024e-184
-1.0766807e-185
5.9928393e-185
-5.0901696e-185
-1.0463858e-184
-1.537881e-186
1.6698049e-185
-1.2049465e-185
-2.9157812e-185
-1.2423405e-186
-3.5476635e-187
6.1786837e-186
8.9806142e-186
-4.0097586e-184
1.3866251e-184
4.3240057e-184
-1.9963575e-184
-1.5933599e-184
3.8299045e-185
1.7760191e-184
-2.0760113e-185
-4.268052e-185
-9.5467535e-187
1.7849932e-185
-3.9384045e-185
1.3456959e-185
5.2285137e-186
1.5734466e-185
3.2097089e-185
-1.0354935e-185
3.4458454e-186
1.3745581e-185
-2.9637142e-186
-3.8188272e-186
1.0279963e-186
6.881787e-186
3.7057584e-186
-1.3945687e-186
-7.9100552e-187
-3.1982608e-187
-1.1977951e-186
1.1393632e-186
7.6394534e-187
8.1066815e-187
1.0138693e-186
-9.448567e-187
5.6065659e-186
-2.275906e-186
-6.6928168e-186
-5.7614582e-187
1.7382067e-186
-1.1526708e-186
-2.7098945e-186
-4.3893941e-188
4.8548462e-187
-4.1658764e-187
-1.1274093e-186
-9.3862059e-189
-6.0622736e-188
5.2484406e-187
9.0561761e-187
1.0329344e-185
-9.1903604e-184
4.8838972e-184
9.4693146e-184
5.9883886e-185
-2.5299355e-184
3.0501611e-184
5.1867865e-184
-2.0469407e-185
-1.0078225e-184
6.380454e-185
2.0090321e-184
2.6007742e-185
2.7731298e-185
-1.0964421e-184
-2.0337585e-184
1.5381354e-183
-1.0930715e-183
-2.9941901e-183
-2.3619515e-184
6.7949253e-184
-1.7209212e-184
-1.4010904e-183
-1.2046858e-183
2.4158169e-184
1.9927807e-184
2.6547089e-184
5.0904165e-184
-2.6031002e-184
-2.197639e-184
-4.3716916e-184
-5.9128224e-184
-3.9519852e-186
-3.2332921e-185
-9.7845402e-185
-5.0483966e-185
2.1013348e-186
-7.9237829e-186
-7.3789575e-185
-1.1904301e-184
1.1624835e-185
1.9844694e-185
3.1184727e-185
2.7471838e-185
-1.8702516e-185
-2.0249079e-185
-2.0169042e-185
-8.934598e-186
2.1222117e-186
-2.776577e-185
-1.3830974e-185
-3.8571202e-186
5.5705757e-186
-2.4741312e-186
2.7702504e-186
4.9280851e-186
-8.1673556e-187
-2.0626312e-186
3.3130478e-186
1.0942784e-185
5.4254632e-187
-5.1607426e-188
-9.6426629e-186
-1.6943822e-185
-5.8867093e-188
-8.6050361e-187
-2.3926324e-186
-2.8053727e-186
3.4312437e-187
2.6075033e-187
-4.6607213e-187
-1.2650029e-186
-5.3550804e-189
8.5374062e-188
4.7401865e-187
8.3086228e-187
-6.2377718e-188
-1.5192215e-187
-6.611106e-187
-1.0231819e-186
-2.9037779e-186
-2.1525562e-186
2.0467548e-186
8.0058595e-186
-1.4377986e-186
-2.1869731e-186
-4.0334446e-186
-4.1588364e-186
8.217798e-187
1.1680692e-186
8.2843754e-187
-6.0332847e-187
-1.0154237e-186
-1.167868e-186
-1.399979e-187
1.8030662e-186
-5.4564625e-188
3.0726346e-188
3.41857e-187
5.7228228e-187
-7.8256661e-188
-9.7962697e-188
-5.4258794e-188
5.1377426e-188
2.6293747e-188
2.1726455e-188
-3.0491108e-188
-9.5390483e-188
-2.9630328e-188
-2.0423676e-188
5.7839938e-188
1.4786437e-187
-3.2566179e-188
-4.9906064e-188
-8.2420092e-188
-6.0654143e-188
3.1479473e-189
-4.5098014e-189
-4.6450164e-188
-7.8456267e-188
4.881004e-189
1.1608059e-188
2.4437964e-188
2.7740842e-188
-8.4431203e-189
-1.5806274e-188
-3.0066686e-188
-3.2012342e-188
-2.0964596e-188
1.649278e-187
3.0207235e-188
-7.9222038e-188
-2.3465537e-188
3.3440428e-188
-3.4426436e-189
-2.4314222e-188
-1.0688022e-189
7.6357788e-189
-1.9198904e-188
-4.8606603e-188
3.0070792e-189
2.3257255e-189
3.7892964e-188
6.0754126e-188
-1.1605488e-187
7.4624567e-188
3.1357237e-187
-4.1566428e-188
-2.282856e-188
4.7603565e-188
2.8593011e-187
3.5699378e-187
-5.1044135e-188
-6.8395199e-188
-6.4746601e-188
-1.8896653e-188
6.8042638e-188
5.5917557e-188
1.5935788e-188
-3.5779865e-188
5.5479718e-189
7.0541809e-190
-1.493554e-188
-3.0139557e-188
5.0703399e-189
6.3073095e-189
7.6396491e-189
4.925848e-189
-2.1184689e-189
-2.6118627e-189
-1.5065425e-190
4.5311895e-189
2.876652e-189
2.6083771e-189
-2.0030935e-189
-7.8543217e-189
4.523899e-190
4.5068188e-189
7.1564571e-189
5.4561259e-189
-8.9254961e-190
-3.5048286e-191
2.5781907e-189
4.6516436e-189
-1.7824639e-190
-4.6838279e-190
-1.5109428e-189
-2.2261299e-189
3.7139855e-190
5.2994408e-190
2.069374e-189
2.9176295e-189
8.4927969e-191
1.0394065e-190
1.4800264e-190
7.2511376e-191
4.7002729e-192
2.0932628e-191
1.1472591e-190
1.7132894e-190
-1.4503859e-191
-3.0001665e-191
-4.8930532e-191
-4.7305627e-191
2.5368724e-191
4.0355933e-191
6.5270301e-191
6.1512354e-191
7.3383643e-191
-1.8043465e-190
-8.2135728e-190
-1.1330548e-189
1.723116e-190
1.7527482e-190
1.7075286e-191
-1.9319308e-190
-4.4123571e-191
-2.8858108e-191
7.646539e-191
1.9680843e-190
5.5827885e-191
2.6857701e-191
-1.5170549e-190
-3.3812279e-190
1.6766773e-192
-9.2481636e-193
-1.2535304e-191
-2.3773894e-191
3.165762e-192
4.2582995e-192
4.0531473e-192
6.4424968e-193
-1.3932628e-192
-1.3120931e-192
6.7362149e-193
3.6969908e-192
1.4391916e-192
8.9403244e-193
-2.6862774e-192
-7.0535093e-192
2.0305663e-192
1.884227e-192
2.4919204e-192
1.9112812e-192
1.6288712e-193
4.3131379e-193
1.8549013e-192
3.1133484e-192
-2.7352926e-193
-5.7090563e-193
-1.1824406e-192
-1.4217213e-192
5.9256653e-193
1.0311219e-192
1.5856108e-192
1.5227003e-192
-1.1453277e-189
-1.2340879e-189
-6.8278965e-190
5.3771958e-190
-2.1257661e-190
-4.9969726e-190
-1.1922092e-189
-1.5345731e-189
2.017286e-190
3.4303501e-190
5.2399626e-190
4.760671e-190
-3.4211607e-190
-5.4395738e-190
-7.0127162e-190
-4.9995565e-190
6.6485869e-190
2.7155953e-189
8.2432917e-189
1.1702304e-188
-1.5109957e-189
-1.5573765e-189
-3.8470304e-191
2.3318416e-189
4.5474802e-190
1.9304695e-190
-1.0701164e-189
-2.4038082e-189
-4.5195026e-190
7.5422494e-191
2.2013278e-189
4.1709701e-189
-1.9979508e-191
2.4457945e-191
2.1919173e-190
3.9609499e-190
-5.0039834e-191
-6.5852262e-191
-4.8230437e-191
2.3068018e-191
1.9480191e-191
1.6192717e-191
-2.2777928e-191
-7.2968725e-191
-1.9424972e-191
-9.781489e-192
4.8567481e-191
1.1282277e-190
-2.4542234e-191
-3.5871845e-191
-4.425142e-191
-2.5999954e-191
-4.4912368e-194
-6.7251362e-192
-3.0484366e-191
-4.9789595e-191
4.0579572e-192
8.2157686e-192
1.752186e-191
2.0389274e-191
-7.4164049e-192
-1.2742253e-191
-2.1434888e-191
-2.080627e-191
-9.9557255e-193
-1.3779843e-192
-1.0946687e-192
1.9148396e-193
-9.2389794e-194
-4.0292167e-193
-1.2044719e-192
-1.5933752e-192
1.6769938e-193
3.0474904e-193
4.8384103e-193
4.1242737e-193
-2.4389346e-193
-4.2032852e-193
-6.2198193e-193
-4.8653601e-193
3.7670665e-193
2.5929846e-192
8.6792806e-192
1.1965473e-191
-1.5356942e-192
-1.5797474e-192
4.4213758e-193
3.3413399e-192
3.7176284e-193
7.7300777e-194
-1.3102622e-192
-2.5513412e-192
-4.3084884e-193
9.1974261e-195
1.9207076e-192
3.5598575e-192
2.9705075e-194
5.7146432e-194
9.1865265e-194
8.0649549e-194
-9.8753539e-195
-1.7613853e-195
3.22065e-194
6.0294188e-194
-6.4694375e-196
-6.1066459e-195
-1.9705906e-194
-2.6343441e-194
9.5352644e-196
9.0164304e-195
2.9105337e-194
3.891339e-194
-1.2723891e-194
-1.1874743e-194
6.4031816e-195
2.8937095e-194
-4.7047155e-195
-8.6486143e-195
-1.313912e-194
-1.0821821e-194
2.7998711e-195
3.8168275e-195
2.9697563e-195
-2.9036942e-196
-4.1366108e-195
-5.6370866e-195
-4.3868604e-195
4.2668104e-196
6.6586774e-194
1.0996853e-193
1.5058141e-193
1.0401859e-193
-8.110753e-195
1.0940684e-194
8.0365403e-194
1.3477785e-193
-7.490539e-195
-1.9153286e-194
-4.5049864e-194
-5.3495021e-194
1.2672702e-194
2.8415988e-194
5.9101314e-194
6.5461668e-194
8.7088066e-194
-3.617003e-194
-5.6041532e-193
-1.0018658e-192
1.3336599e-193
1.7769939e-193
1.1988691e-193
-6.7978777e-194
-5.0920937e-194
-4.4106913e-194
4.836954e-194
1.6180026e-193
6.1829618e-194
4.6945923e-194
-8.4956279e-194
-2.3673706e-193
-1.0875005e-195
-4.1051833e-195
-1.0748565e-194
-1.3255491e-194
1.8027821e-195
1.5990411e-195
-1.2626586e-195
-4.6091906e-195
-3.8498269e-196
2.067763e-197
1.5984898e-195
2.8347396e-195
5.7031326e-196
-2.975901e-197
-2.3621847e-195
-4.1878204e-195
1.5075769e-195
1.9270379e-195
1.0870042e-195
-9.0659416e-196
1.9242314e-196
6.5484829e-196
1.593646e-195
1.8892392e-195
-2.3008787e-196
-4.0538018e-196
-5.7454785e-196
-4.3023079e-196
3.3946824e-196
5.9799681e-196
8.4917736e-196
6.368977e-196
-3.1290319e-192
5.3154774e-192
1.2106339e-193
-6.5956616e-192
-1.1116163e-192
1.6724026e-192
3.5738035e-194
-1.8325774e-192
-2.5724712e-193
2.918336e-193
-2.7211311e-193
-9.551622e-193
1.5081224e-193
2.6294586e-194
3.4829461e-193
7.5316054e-193
-8.9712018e-192
-1.8300868e-192
9.1040072e-192
-1.9481395e-192
-2.4948453e-192
1.283959e-193
5.0025563e-192
2.4771121e-192
-1.1575202e-192
-6.882126e-193
5.1167761e-193
8.2791633e-193
9.2384535e-193
5.0857265e-193
-8.5549692e-193
-1.0661378e-192
-1.3213471e-193
-7.8046424e-194
-6.2534536e-194
-1.1931491e-193
1.1629843e-194
1.7770442e-194
1.13592e-194
3.9133899e-195
-1.5508868e-194
-1.2155694e-194
8.5920564e-195
2.6996315e-194
3.4051348e-194
1.7093468e-194
-3.9294527e-194
-5.6590965e-194
-5.3693452e-194
1.3311343e-193
2.8240979e-194
-1.0550159e-193
-1.4315102e-194
3.3267459e-194
2.0819954e-194
1.0013531e-194
-2.8658084e-195
-1.5610126e-195
-7.5957564e-195
-1.3786433e-194
5.9341131e-195
1.1584247e-195
1.466803e-194
2.8600274e-194
1.2846575e-192
-2.3211205e-191
-1.7401698e-191
1.1726997e-192
2.6907273e-192
-3.6381865e-192
-9.1937055e-192
-1.1928527e-191
9.1652303e-193
1.3928896e-192
3.9215844e-192
5.2673002e-192
-1.5937597e-192
-1.1687784e-192
-5.9880868e-192
-8.5107576e-192
2.8391043e-192
1.4822573e-191
4.9401646e-191
7.7581324e-191
-1.2781302e-191
-1.3690427e-191
-9.3901234e-192
-3.0189235e-193
4.9661598e-192
5.1625667e-192
-3.0323852e-192
-1.4542987e-191
-8.7273225e-192
-5.7216756e-192
1.0509948e-191
2.4371151e-191
-2.8853512e-193
2.5550117e-193
1.4792181e-192
1.8634194e-192
-3.6355505e-193
-3.3003341e-193
-7.5421724e-194
1.1464927e-193
8.2886474e-194
8.6847776e-194
-4.3119351e-194
-2.5763745e-193
-1.3033974e-193
-9.4879766e-194
2.1944972e-193
5.8454909e-193
-1.4822105e-193
-1.5782159e-193
-3.1189423e-193
-2.4296493e-193
-1.1301654e-194
-1.802218e-194
-2.083794e-193
-3.3957929e-193
2.2734868e-194
5.8201659e-194
9.0176026e-194
9.0033298e-194
-5.6971678e-194
-7.4693376e-194
-1.3456328e-193
-1.4103518e-193
-4.3400858e-195
-4.2764641e-195
-1.2567457e-194
-1.5880043e-194
9.7636965e-196
1.0643867e-195
-3.7681415e-195
-9.1170323e-195
9.8433083e-197
1.0357612e-195
3.2613402e-195
4.6209885e-195
-5.5376681e-196
-1.8765876e-195
-4.3605819e-195
-5.5292769e-195
-1.5266396e-194
-1.0183216e-194
2.6562429e-194
6.5133944e-194
-9.3745077e-195
-1.4575503e-194
-1.8051158e-194
-1.0067756e-194
4.5253293e-195
5.3074714e-195
1.2073103e-195
-6.6653957e-195
-5.2930368e-195
-5.8990024e-195
5.5972283e-196
1.172145e-194
-1.1687317e-196
1.1374401e-196
9.5162159e-196
1.5431092e-195
-2.2266225e-196
-2.747881e-196
-1.2754756e-196
1.7297356e-196
7.8440943e-197
6.4844225e-197
-7.6338178e-197
-2.2813808e-196
-1.1503274e-196
-9.510416e-197
1.1253347e-196
3.3639842e-196
-1.2918547e-196
-2.2434675e-196
-2.6521603e-196
-1.4464975e-196
1.7239181e-197
-2.7388324e-197
-1.4426947e-196
-2.2561195e-196
9.4440669e-198
3.3132604e-197
7.2207628e-197
8.2048547e-197
-1.336203e-197
-4.9905084e-197
-1.0695209e-196
-1.2046617e-196
-4.8136642e-197
4.8344957e-196
1.103068e-195
1.4999976e-195
-3.8210475e-197
-1.633072e-196
2.5555244e-196
8.3556343e-196
1.1507982e-197
-7.1669635e-197
-1.8032521e-196
-2.8323079e-196
7.9960066e-197
2.2669293e-197
2.7423742e-196
5.1092162e-196
1.7084837e-195
9.0757045e-196
-2.3894186e-195
-3.5160817e-195
1.0010719e-195
9.8433166e-196
9.2763056e-196
1.2191227e-195
-2.8615028e-196
-4.2239567e-196
-4.018172e-196
6.2777226e-197
5.4390732e-196
5.7240361e-196
1.4881401e-196
-5.6591948e-196
5.3012777e-197
2.9859088e-197
-6.5352019e-197
-1.3588838e-196
2.7395083e-197
3.2349148e-197
3.7622485e-197
1.9971728e-197
-1.1585203e-197
-1.1498634e-197
-4.0974119e-198
9.1775064e-198
1.6401337e-197
1.6831265e-197
6.9941363e-198
-1.3206577e-197
1.0374832e-197
1.4631229e-197
3.3670091e-197
4.8133239e-197
-3.1782099e-199
-4.9567472e-198
8.3721729e-198
2.4935396e-197
-1.252536e-199
-2.1790331e-198
-6.4237496e-198
-1.0753479e-197
2.8513967e-199
3.2695614e-198
9.2616976e-198
1.5345278e-197
-1.3041983e-187
-7.0571913e-188
-2.3603052e-188
-1.0305125e-188
-2.9849781e-187
-1.4722194e-187
-4.6223368e-188
-1.795855e-188
9.8526639e-188
4.9386851e-188
1.5689341e-188
6.2395513e-189
-1.3469298e-187
-6.7588275e-188
-2.1488118e-188
-8.5584219e-189
-1.1615797e-188
-5.8112096e-189
-1.6861104e-189
-5.3590345e-190
-2.1751737e-188
-1.0015168e-188
-2.7912655e-189
-8.7742999e-190
7.4476118e-189
3.4878445e-189
9.8050702e-190
3.0896632e-190
-1.0205945e-188
-4.7848217e-189
-1.3458398e-189
-4.2412794e-190
1.6378545e-190
7.2857709e-191
1.9943919e-191
6.2412372e-192
-7.9221848e-191
-3.7524242e-191
-1.0608519e-191
-3.3504435e-192
1.1599557e-192
1.1444962e-192
4.0591642e-193
1.3539452e-193
5.5742279e-193
-6.0517733e-193
-2.9140242e-193
-1.0246858e-193
2.406906e-189
1.1526654e-189
3.5398555e-190
1.3129932e-190
-1.0215579e-189
-5.1795968e-190
-1.658885e-190
-6.703098e-191
-2.2208925e-191
-2.7264668e-192
1.0399081e-192
1.8991655e-192
6.1477142e-191
1.8704211e-191
3.1955821e-192
-8.6864901e-193
-7.412753e-190
-3.4848161e-190
-8.7538184e-191
-1.2883289e-191
-1.233844e-189
-5.3204347e-190
-1.281763e-190
-2.9782921e-191
4.3290781e-190
1.9033271e-190
4.6308043e-191
9.8140235e-192
-5.9415333e-190
-2.6154194e-190
-6.3671084e-191
-1.3411786e-191
-3.3495346e-191
-1.5241476e-191
-3.2761636e-192
4.3160622e-193
-5.4029387e-191
-2.2065617e-191
-4.3055432e-192
-6.5540793e-193
1.908812e-191
7.9938398e-192
1.5981167e-192
1.252397e-193
-2.6207946e-191
-1.0992513e-191
-2.2007733e-192
-1.6261162e-193
3.8165444e-193
1.4722158e-193
2.7076908e-194
9.2915733e-195
-2.0746756e-193
-8.8284852e-194
-1.791245e-194
-6.4204708e-196
8.9902616e-195
5.7401433e-195
1.5165787e-195
-9.9509524e-196
-7.22986e-195
-5.8724092e-195
-1.7055401e-195
1.4724799e-195
8.8398905e-192
3.6525231e-192
8.6051142e-193
2.4154902e-193
-4.6813361e-192
-2.0840896e-192
-5.1020594e-193
-1.0194586e-193
1.741797e-193
1.1320661e-193
3.1953748e-194
-2.3960402e-195
-1.2133196e-193
-1.0610297e-193
-3.2168419e-194
6.4067622e-195
9.0733279e-194
3.8943919e-194
9.3631946e-195
2.2327899e-195
7.6772202e-195
2.8276703e-195
6.2287793e-196
2.6979721e-196
-1.3482575e-194
-5.6579803e-195
-1.3446352e-195
-3.5413752e-196
1.9514021e-194
8.1995326e-195
1.9499146e-195
5.1073937e-196
3.9719441e-195
1.6123389e-195
3.1291318e-196
5.4304862e-197
3.1946487e-196
1.0420111e-196
1.5356464e-197
1.7917595e-197
-5.8565606e-196
-2.307104e-196
-4.3433645e-197
-1.1747774e-197
8.4800874e-196
3.3463586e-196
6.311018e-197
1.670459e-197
1.6029351e-197
6.7357077e-198
1.3509494e-198
9.9717575e-200
8.2752549e-198
3.3046115e-198
6.3122947e-199
1.4292922e-199
-4.2824479e-198
-1.7518003e-198
-3.4262763e-199
-5.1925826e-200
6.0668057e-198
2.4836843e-198
4.8613392e-199
7.2498695e-200
3.6253884e-196
1.5979611e-196
3.8930994e-197
8.221229e-198
1.8971442e-196
8.0428799e-197
1.9221059e-197
4.8527726e-198
-9.756073e-197
-4.2119844e-197
-1.0158311e-197
-2.3646937e-198
1.3818603e-196
5.9694963e-197
1.4401155e-197
3.3428359e-198
2.2238843e-191
1.0928707e-191
3.4226171e-192
1.3231138e-192
2.6679133e-192
1.2118369e-192
3.5665481e-193
1.1970178e-193
-3.5213366e-192
-1.703099e-192
-5.270664e-193
-1.9874363e-193
5.0791795e-192
2.4586253e-192
7.6136343e-193
2.874815e-193
1.6076676e-192
7.3729531e-193
2.0511706e-193
6.4531134e-194
1.5937164e-193
6.5655749e-194
1.7212039e-194
5.3192622e-195
-2.4532524e-193
-1.1045884e-193
-3.0439482e-194
-9.5504767e-195
3.5455514e-193
1.5980154e-193
4.4059862e-194
1.3825932e-194
6.2133101e-195
2.9159566e-195
8.2065722e-196
2.592376e-196
3.4100363e-195
1.5480063e-195
4.2848808e-196
1.3469266e-196
-1.7158659e-195
-7.9080135e-196
-2.2057631e-196
-6.9496134e-197
2.4286205e-195
1.1198675e-195
3.1243981e-196
9.8443997e-197
8.1803152e-194
4.1085644e-194
1.3071212e-194
5.2166871e-195
4.8151101e-194
2.3450707e-194
7.2962353e-195
2.7823208e-195
-2.3490421e-194
-1.1595419e-194
-3.643557e-195
-1.4183284e-195
3.3212658e-194
1.6402282e-194
5.155729e-195
2.0083652e-195
-1.0129245e-192
-4.8128703e-193
-8.7412545e-194
5.750184e-194
-1.8048598e-192
-7.1965453e-193
-9.5395119e-194
-1.122022e-194
6.2419507e-193
2.5871184e-193
3.7290009e-194
-4.2143578e-195
-8.5577916e-193
-3.5556045e-193
-5.1499933e-194
6.5007423e-195
-1.6305212e-194
-1.0688988e-194
-2.2138272e-195
2.7480484e-195
-4.514831e-194
-1.9003439e-194
-5.8446733e-196
9.6473157e-197
1.4468175e-194
6.5755087e-195
4.4152216e-196
-3.7517435e-196
-1.9731344e-194
-9.0139928e-195
-6.26189e-196
5.4467358e-196
3.8449248e-196
1.4053603e-196
-6.1108724e-198
1.4208514e-197
-1.4757901e-196
-7.0804139e-197
-6.4835126e-198
6.4339396e-198
-7.8658086e-198
1.7669072e-198
2.554712e-198
-3.5625956e-198
1.5707942e-197
-5.5723733e-199
-3.5456918e-198
5.021511e-198
1.3349503e-194
4.8932059e-195
5.1898813e-196
4.3726844e-196
-6.6997142e-195
-2.8476747e-195
-4.3123677e-196
1.0165571e-196
1.6092085e-196
1.6686503e-196
5.3248266e-197
-8.3130522e-197
-4.4184298e-197
-1.6258134e-196
-6.5484267e-197
1.1857241e-196
-1.4933423e-196
-1.4289098e-196
2.5206235e-198
6.3349919e-197
-3.1892176e-196
-8.2137863e-197
3.4489398e-197
1.83267e-197
1.0657099e-196
4.069816e-197
-9.7948446e-198
-1.3069904e-197
-1.4572185e-196
-5.6904817e-197
1.3243859e-197
1.8506615e-197
6.6007807e-198
-3.5273797e-198
6.8752193e-199
-7.7814158e-199
-4.1560245e-198
-2.8189956e-198
2.1118685e-198
-2.9445093e-198
3.0393334e-199
1.2222105e-198
-6.6737519e-199
9.0759935e-199
-3.1429331e-199
-1.6973399e-198
9.0901902e-199
-1.2339847e-198
8.0551253e-200
9.8811073e-201
-1.8368991e-200
2.6614129e-200
4.5006206e-201
-1.4966252e-200
6.7862429e-201
-9.0544271e-201
-1.1400366e-200
2.8750098e-201
4.4851436e-202
-8.6397344e-202
1.653395e-200
-3.7699479e-201
-8.5086207e-202
1.523326e-201
2.514928e-198
6.2697843e-200
-3.4590927e-199
1.5596535e-199
-1.1302148e-198
-5.2327585e-199
9.0213336e-200
1.8846568e-199
-6.0002419e-201
1.3622048e-199
1.8759947e-200
-7.1514165e-200
4.1402489e-200
-1.8409055e-199
-2.9986109e-200
9.9088121e-200
2.3987604e-200
5.3467411e-201
-2.6454552e-201
-1.0407702e-201
2.6043238e-201
-1.0893698e-201
-5.0920418e-202
7.5522423e-202
-3.7244103e-201
-3.6892818e-202
4.7179964e-202
-7.7810893e-203
5.3788411e-201
5.689823e-202
-6.7662559e-202
9.3877378e-203
3.7532808e-202
1.9593372e-202
-1.6100252e-202
2.2571698e-202
1.7860879e-202
-1.4424287e-203
-2.2566864e-203
3.45007e-203
-9.6326512e-203
-2.0569431e-203
2.640117e-203
-3.780296e-203
1.3612287e-202
3.0482626e-203
-3.8015195e-203
5.437428e-203
2.1147203e-205
1.0663252e-204
-5.6926593e-205
7.725526e-205
1.111011e-204
3.4219382e-205
-3.5737886e-205
5.0724811e-205
-3.3352402e-205
-2.273712e-205
1.6967489e-205
-2.3641705e-205
4.6077273e-205
3.2451359e-205
-2.3961002e-205
3.3363164e-205
9.1691355e-203
3.5072378e-203
-8.0420655e-204
-1.1739658e-203
5.1540705e-203
7.7478953e-204
-6.1264736e-204
-4.0101175e-205
-2.5665922e-203
-6.5072063e-204
2.6945295e-204
1.5724352e-204
3.6308497e-203
9.3402149e-204
-3.7953048e-204
-2.2912008e-204
1.3368855e-196
5.2809798e-197
6.8633141e-198
1.279385e-198
1.2463721e-197
3.6623178e-198
9.2771646e-200
1.1464784e-198
-2.0185557e-197
-7.6259412e-198
-8.8546372e-199
-4.7665642e-199
2.9188971e-197
1.1055265e-197
1.2924157e-198
6.6663979e-199
3.4169996e-198
1.4125653e-198
3.1913904e-200
1.0925867e-200
4.6352948e-199
1.3034297e-199
-2.7760702e-200
4.4430894e-200
-5.5597985e-199
-2.1293543e-199
3.6543825e-201
-1.3626461e-200
8.007619e-199
3.0794605e-199
-4.6053076e-201
1.8749223e-200
1.215253e-200
5.572497e-201
4.0287398e-202
-3.4355744e-202
7.5466182e-201
2.9866125e-201
1.9482903e-204
1.1691545e-202
-3.5987806e-201
-1.5192502e-201
-5.0713765e-203
1.0445208e-203
5.0831178e-201
2.1507953e-201
7.4176696e-203
-1.8171311e-203
5.2491348e-199
2.1868324e-199
3.1870717e-200
-4.0759938e-201
2.8252999e-199
1.0888923e-199
1.3346242e-200
4.9439152e-201
-1.4343102e-199
-5.7318801e-200
-7.6563443e-201
-8.59527e-202
2.0305307e-199
8.1243849e-200
1.0880973e-200
1.1362111e-201
-9.7424459e-204
6.8343497e-203
3.0553152e-203
-5.8188833e-203
1.4789345e-201
5.986687e-202
8.2298079e-203
2.9421557e-204
-4.083867e-202
-1.7425839e-202
-2.6571763e-203
6.3836855e-204
5.6521769e-202
2.419022e-202
3.7086388e-203
-9.4252074e-204
-8.4181606e-204
2.9535163e-206
1.758151e-204
-2.4592334e-204
3.6324562e-203
1.5707955e-203
7.1294465e-205
-3.6292316e-205
-9.0185791e-204
-4.3540541e-204
-4.1498487e-205
4.0473327e-205
1.2397659e-203
6.0266157e-204
5.9191849e-205
-5.8500131e-205
-3.0369083e-205
-1.1655285e-205
1.7415007e-207
-7.170632e-207
5.3621458e-206
2.9014839e-206
4.1156575e-207
-4.5471657e-207
2.2454499e-206
6.2765487e-207
-1.3560471e-207
2.1434892e-207
-3.4031504e-206
-9.8002192e-207
1.9042186e-207
-3.0510516e-207
-1.101245e-203
-4.1677479e-204
-4.8890565e-205
-2.5588778e-205
2.7021389e-204
1.2088775e-204
1.997281e-205
-8.6120953e-206
6.0382045e-205
1.7683807e-205
4.6764333e-207
5.5364257e-206
-9.4076725e-205
-2.8406189e-205
-1.094092e-206
-7.945107e-206
-1.653938e-206
9.0950102e-206
1.4625799e-206
-4.8080198e-206
2.6417197e-205
7.6180232e-206
-2.6187997e-206
-2.1414037e-206
-7.1133906e-206
-3.2356119e-206
5.4454599e-207
1.187717e-206
9.8264675e-206
4.5712463e-206
-7.3926286e-207
-1.6919804e-206
-8.1363917e-207
1.9092212e-207
4.1403072e-208
-7.4348481e-208
2.6370643e-207
2.547911e-207
-1.7152176e-207
2.3727207e-207
2.7627668e-208
-9.4207225e-208
4.2387109e-208
-5.6523199e-208
-4.6536772e-208
1.3230692e-207
-5.8234968e-208
7.7462265e-208
-5.2446358e-209
-1.1163535e-209
1.4401283e-209
-2.0608413e-209
-7.8959442e-210
7.7647446e-210
-2.5348903e-210
3.2371282e-210
8.640823e-210
-7.829368e-211
-1.0670954e-210
1.6353553e-210
-1.2514305e-209
9.8821667e-211
1.6176443e-210
-2.465746e-210
-2.0245479e-207
-1.9546996e-208
2.5162881e-208
-3.236296e-209
4.666411e-208
2.8395852e-208
-2.5226981e-209
-1.1551712e-208
1.1938644e-208
-5.4812637e-209
-2.3922677e-209
3.6025704e-209
-1.8479327e-208
7.458446e-209
3.5607045e-209
-5.0475326e-209
-1.0497424e-209
-2.5865085e-210
1.0777578e-210
6.5995833e-211
-2.0756135e-210
2.0817374e-211
3.1288828e-211
-2.3888198e-211
1.8596998e-210
2.579728e-211
-2.1863404e-211
-1.422708e-212
-2.6920662e-210
-3.827045e-211
3.1523312e-211
2.5250427e-212
-1.3926176e-211
-9.2409661e-212
6.9448866e-212
-9.6772949e-212
-8.7995592e-212
-2.5521021e-213
1.6151901e-212
-2.3775463e-212
4.1488724e-212
1.199896e-212
-1.2976313e-212
1.8434538e-212
-5.9278923e-212
-1.7571984e-212
1.8752136e-212
-2.6624475e-212
6.7116917e-215
-2.8682801e-214
1.3069495e-214
-1.7455512e-214
-3.1241446e-214
-1.2025522e-214
1.1257683e-214
-1.5881811e-214
7.8897063e-215
6.8327202e-215
-4.7230617e-215
6.5438099e-215
-1.1075515e-214
-9.8423511e-215
6.754343e-215
-9.3534667e-215
-2.1969126e-212
-9.6344395e-213
1.6401271e-213
3.5808339e-213
-1.6436923e-212
-2.9120277e-213
1.8299921e-213
4.7828765e-214
7.2467166e-213
1.9807502e-213
-7.0889318e-214
-5.6795582e-214
-1.0377484e-212
-2.8631564e-213
1.0117008e-213
8.2644763e-214
-5.7973072e-206
-2.3187216e-206
-3.1099908e-207
-3.5937813e-208
-1.1093454e-206
-3.8828357e-207
-3.5876984e-208
-5.0909975e-208
1.0165927e-206
3.9119651e-207
4.7966147e-208
1.8549282e-208
-1.4719225e-206
-5.6712769e-207
-6.9752122e-208
-2.6290604e-208
-1.4620244e-207
-6.1747827e-208
-2.1373926e-209
4.2684091e-210
-3.4143989e-208
-1.1671077e-208
9.4317605e-210
-1.7847185e-209
2.7354008e-208
1.0788359e-208
-1.0201865e-212
4.4415605e-210
-3.952579e-208
-1.5622213e-208
-1.5925587e-211
-6.1912228e-210
-2.725003e-210
-1.3154155e-210
-1.2656504e-211
1.2001488e-211
-2.3690849e-210
-9.5837659e-211
-1.279431e-212
-2.1952143e-212
9.907606e-211
4.2666538e-211
1.8932365e-212
-8.4530527e-213
-1.4168112e-210
-6.1115943e-211
-2.7602753e-212
1.2781528e-212
-1.2234493e-208
-5.2260404e-209
-7.9809717e-210
1.8489082e-210
-9.0050477e-209
-3.5173498e-209
-4.4756347e-210
-1.2389359e-210
3.9936464e-209
1.6142172e-209
2.215612e-210
1.2074111e-211
-5.7202465e-209
-2.3141034e-209
-3.1819243e-210
-1.569304e-211
-3.5091216e-197
-1.1647804e-197
-2.3723584e-198
1.1229704e-199
2.3809452e-196
1.1812886e-196
3.7257664e-197
1.4616238e-197
-6.1603644e-197
-3.1276891e-197
-1.0025552e-197
-4.0620321e-198
8.4939193e-197
4.3186206e-197
1.3856542e-197
5.6248386e-198
-6.5206904e-199
1.2133456e-199
9.2076046e-200
3.467779e-200
1.7596689e-197
8.1546214e-198
2.2809718e-198
7.1976679e-199
-4.7929695e-198
-2.2735317e-198
-6.4312543e-199
-2.0363401e-199
6.6292299e-198
3.1488516e-198
8.9130393e-199
2.8225588e-199
-1.3287216e-199
-5.9885447e-200
-1.65232e-200
-5.1948016e-201
3.1234486e-200
1.5144316e-200
4.3270983e-201
1.3756208e-201
7.6626744e-201
3.1574861e-201
8.2998818e-202
2.5675801e-202
-1.1875008e-200
-4.9395884e-201
-1.3054671e-201
-4.0462766e-202
-1.9021538e-198
-9.2076046e-199
-2.8526669e-199
-1.0776996e-199
3.8116885e-199
1.9820805e-199
6.4556253e-200
2.6982864e-200
1.2800037e-199
5.8158668e-200
1.7145182e-200
5.7575201e-201
-1.955012e-199
-8.9338418e-200
-2.6461374e-200
-8.9942579e-201
3.7337679e-200
4.2565735e-200
1.3383659e-200
-3.6381874e-201
1.0087309e-198
4.3831229e-199
1.0605923e-199
2.4028738e-200
-2.8399548e-199
-1.2665984e-199
-3.1029163e-200
-6.2047358e-201
3.9354817e-199
1.7577764e-199
4.3091238e-200
8.5521643e-201
2.5705097e-201
2.4967002e-201
7.5694997e-202
-7.2979042e-202
4.4406154e-200
1.8318946e-200
3.6124305e-201
4.6227837e-202
-1.2616466e-200
-5.3823886e-201
-1.0941004e-201
-3.7746673e-203
1.7491675e-200
7.4761739e-201
1.5221844e-201
4.4846075e-203
-3.1885359e-202
-1.2578975e-202
-2.3761586e-203
-6.3697039e-204
8.5546314e-203
3.7574357e-203
7.8268337e-204
-2.9569874e-205
1.5451674e-203
5.0341078e-204
7.4870917e-205
8.6522183e-205
-2.4406693e-203
-8.1498721e-204
-1.2577407e-204
-1.2631184e-204
-7.3219794e-201
-3.0763148e-201
-7.3234224e-202
-1.9290518e-202
1.908874e-201
8.7120944e-202
2.1564099e-202
3.8443801e-203
3.7019862e-202
1.3633513e-202
3.0170128e-203
1.3044762e-203
-5.8185826e-202
-2.1771711e-202
-4.8643927e-203
-1.9917948e-203
-3.9222403e-203
-1.6942143e-203
-4.0889926e-204
-9.5662828e-205
-7.1736427e-204
-2.897483e-204
-6.7640432e-205
-2.0929998e-205
6.7852113e-204
2.8749503e-204
6.8750462e-205
1.7505071e-205
-9.82889e-204
-4.1671977e-204
-9.9682046e-205
-2.5311725e-205
-1.7253723e-204
-7.062886e-205
-1.3833066e-205
-2.1239315e-206
-3.0859232e-205
-1.1528028e-205
-2.0572576e-206
-9.5556905e-207
2.9654602e-205
1.1832256e-205
2.2616663e-206
5.2520605e-207
-4.2965302e-205
-1.7157749e-205
-3.2822468e-206
-7.5336547e-207
-3.7650729e-207
-1.6075179e-207
-3.2682238e-208
-1.2406466e-209
-2.6441645e-207
-1.0656686e-207
-2.0575468e-208
-4.1532492e-209
1.1936015e-207
4.9199175e-208
9.6988434e-209
1.3076571e-209
-1.710472e-207
-7.0543544e-208
-1.3913464e-208
-1.8529445e-209
-8.4593545e-206
-3.7744491e-206
-9.2459326e-207
-1.863686e-207
-6.030489e-206
-2.5744391e-206
-6.1802874e-207
-1.5266661e-207
2.7067238e-206
1.1753137e-206
2.8439341e-207
6.5151185e-208
-3.8783576e-206
-1.6847778e-206
-4.0774697e-207
-9.3222675e-208
-9.4179236e-201
-4.6503104e-201
-1.4618634e-201
-5.6974589e-202
-2.0540324e-201
-9.7130969e-202
-2.957508e-202
-1.0740291e-202
1.7213843e-201
8.3804038e-202
2.6077915e-202
9.9450728e-203
-2.4893115e-201
-1.2124249e-201
-3.7739607e-202
-1.440214e-202
-6.8876599e-202
-3.1755606e-202
-8.8620474e-203
-2.7984866e-203
-1.3581291e-202
-5.9418846e-203
-1.615315e-203
-5.0562383e-204
1.2188628e-202
5.5306726e-203
1.5315249e-203
4.8240143e-204
-1.7643603e-202
-8.0099595e-203
-2.2186109e-203
-6.9886682e-204
-1.426526e-204
-6.7679247e-205
-1.9141797e-205
-6.0756995e-206
-1.0734116e-204
-4.9005993e-205
-1.3613668e-205
-4.2957681e-206
4.7217421e-205
2.1866635e-205
6.1158184e-206
1.9341534e-206
-6.7622063e-205
-3.132758e-205
-8.7633901e-206
-2.7715421e-206
-1.8332194e-203
-9.3076246e-204
-2.9828046e-204
-1.2095976e-204
-1.4971701e-203
-7.3276753e-204
-2.2892918e-204
-8.8060407e-205
6.3958745e-204
3.1710532e-204
9.9978664e-205
3.9213216e-205
-9.1528568e-204
-4.5395048e-204
-1.4315765e-204
-5.6176235e-205
2.5699619e-206
1.1614413e-206
3.4146229e-207
1.1361368e-207
-4.0563461e-206
-2.0224766e-206
-6.4019019e-207
-2.5320015e-207
8.2209236e-207
4.2435874e-207
1.3748267e-207
5.6961352e-208
-1.1509208e-206
-5.9511472e-207
-1.9301782e-207
-8.0141123e-208
1.5217585e-207
6.2127185e-208
1.629005e-208
5.0489746e-209
-3.0329411e-207
-1.4130086e-207
-3.9633831e-208
-1.2554459e-208
6.629059e-208
3.1941841e-208
9.0964436e-209
2.8947866e-209
-9.3144597e-208
-4.4950233e-208
-1.2809592e-208
-4.077127e-209
1.7590228e-209
7.9750982e-210
2.208779e-210
6.9721672e-211
-2.1588208e-210
-1.0899569e-210
-3.1655524e-211
-1.0145284e-211
-1.5050481e-210
-6.512751e-211
-1.762735e-211
-5.5215816e-212
2.2409859e-210
9.7164292e-211
2.632469e-211
8.2488802e-212
2.4862887e-208
1.2095821e-208
3.7634801e-209
1.4349704e-209
-2.3746161e-209
-1.2989445e-209
-4.3617408e-210
-1.9314014e-210
-2.3165155e-209
-1.0868116e-209
-3.2919787e-210
-1.1801805e-210
3.4376465e-209
1.6150612e-209
4.897277e-210
1.7601906e-210
7.2792923e-209
2.6370293e-209
5.8050506e-210
2.6492547e-210
-1.7538407e-208
-7.6687088e-209
-1.8617132e-209
-4.1423117e-210
4.0167374e-209
1.8221794e-209
4.4956136e-210
8.3648511e-211
-5.6557747e-209
-2.569813e-209
-6.3444372e-210
-1.1706741e-210
3.0349441e-210
9.627078e-211
1.3875971e-211
1.8247098e-211
-7.757209e-210
-3.2267848e-210
-6.4141205e-211
-7.0750144e-212
1.7988591e-210
7.8443916e-211
1.6227277e-211
-2.2676418e-213
-2.5341992e-210
-1.1073213e-210
-2.2943623e-211
4.3551098e-213
4.2872679e-212
1.7080493e-212
3.2644149e-213
7.8243486e-214
-6.3506272e-213
-2.93068e-213
-6.3286902e-214
8.9567261e-215
-3.3639496e-213
-1.2281951e-213
-2.143943e-214
-1.1885552e-214
5.0275986e-213
1.8431171e-213
3.23219e-214
1.7380387e-214
9.793185e-211
4.1450818e-211
9.9154359e-212
2.5504405e-212
-1.3945821e-211
-6.6229751e-212
-1.6647014e-212
-2.4143247e-213
-7.8406024e-212
-3.1172513e-212
-7.2320129e-213
-2.3825672e-213
1.1707568e-211
4.6678935e-212
1.0845138e-212
3.5354825e-213
2.6350767e-213
1.143184e-213
2.7659948e-214
6.4059115e-215
6.5056443e-214
2.6791881e-214
6.3282239e-215
1.8216764e-215
-4.9615272e-214
-2.1123765e-214
-5.0678264e-215
-1.2734588e-215
7.2396485e-214
3.0832161e-214
7.3979691e-215
1.856601e-215
1.1637068e-214
4.7912781e-215
9.4401768e-216
1.3400614e-216
2.8238861e-215
1.0835305e-215
1.9969806e-216
7.2833827e-217
-2.1773728e-215
-8.7431719e-216
-1.6840407e-216
-3.6368374e-217
3.1774318e-215
1.2764045e-215
2.4594155e-216
5.2808598e-217
1.1703652e-217
5.0727534e-218
1.0435207e-218
7.389594e-221
1.0200369e-217
4.131639e-218
8.0240539e-219
1.5292859e-219
-4.2477529e-218
-1.7598849e-218
-3.486951e-219
-4.3784973e-220
6.1761184e-218
2.5595921e-218
5.072749e-219
6.3266857e-220
2.6128063e-216
1.1793935e-216
2.9027569e-217
5.6028147e-218
2.3181573e-216
9.9338698e-217
2.3906874e-217
5.8526715e-218
-9.5978606e-217
-4.1836622e-217
-1.014469e-217
-2.3055449e-218
1.3954057e-216
6.0838929e-217
1.4753869e-217
3.34956e-218
6.2371127e-211
3.0898316e-211
9.7376733e-212
3.8172531e-212
1.7709356e-211
8.4677246e-212
2.602037e-212
9.6462143e-213
-1.2390856e-211
-6.0528279e-212
-1.8889147e-212
-7.2495695e-213
1.8065397e-211
8.8266601e-212
2.7549577e-212
1.0576856e-212
4.5981068e-212
2.1276568e-212
5.9498658e-213
1.8852057e-213
1.2038443e-212
5.3434134e-213
1.4651139e-213
4.6105795e-214
-8.8498676e-213
-4.0314545e-213
-1.1192124e-213
-3.53739e-214
1.2908961e-212
5.8819622e-213
1.6331338e-213
5.1618758e-214
4.3387702e-215
2.0802474e-215
5.910096e-216
1.8843106e-216
4.1030055e-215
1.8790458e-215
5.2301437e-216
1.6553609e-216
-1.6649296e-215
-7.7352411e-216
-2.1672294e-216
-6.8756706e-217
2.4199412e-215
1.1245221e-215
3.1509164e-216
9.9967118e-217
5.4443792e-214
2.7945991e-214
9.0193617e-215
3.7136124e-215
5.683376e-214
2.7892623e-214
8.7337491e-215
3.3767137e-215
-2.2392488e-214
-1.1134892e-214
-3.5184006e-215
-1.3871315e-215
3.2533713e-214
1.6180708e-214
5.1134174e-215
2.0165019e-215
1.2039784e-211
3.4072993e-212
5.0265423e-214
1.1840703e-212
-2.5797938e-211
-1.0575126e-211
-1.4945504e-212
3.3487952e-214
5.7475299e-212
2.5404049e-212
4.1104824e-213
-1.5219418e-213
-8.0820883e-212
-3.5840763e-212
-5.8299938e-213
2.2335777e-213
4.5913241e-213
1.2399597e-213
-2.9917279e-214
4.6139695e-214
-6.2532189e-213
-2.7663788e-213
-1.589102e-214
1.0280639e-214
1.1913107e-213
6.2249448e-214
8.0445964e-215
-8.4354632e-215
-1.6620343e-213
-8.7564663e-214
-1.159966e-214
1.2257317e-214
4.0029203e-215
1.5709937e-215
-2.8620652e-218
6.9457679e-217
-3.090762e-216
-2.129081e-216
-4.7940464e-217
5.6436648e-217
-3.9349609e-216
-1.2881642e-216
1.374646e-217
-2.4107954e-217
5.8282446e-216
1.9217233e-216
-1.9636324e-217
3.4783377e-217
1.4758678e-213
5.6649748e-214
6.9287387e-215
2.8367378e-215
-1.9292215e-214
-9.3826207e-215
-1.7401199e-215
1.1706608e-215
-1.2299235e-214
-4.1680177e-215
-3.4413683e-216
-6.6746621e-216
1.833425e-214
6.248183e-215
5.277329e-216
9.6786164e-216
2.2561423e-215
-1.2597254e-215
-4.8510206e-216
7.7954267e-216
-4.6958704e-215
-1.4574222e-215
4.2966623e-216
4.6465981e-216
1.0385851e-215
5.5881244e-216
-6.1419944e-217
-2.237084e-216
-1.4595143e-215
-8.0092769e-216
8.4171919e-217
3.2226366e-216
1.8348126e-216
-2.0067391e-217
-2.1310034e-217
3.2908453e-217
-3.5861026e-217
-4.8284441e-217
2.9960715e-217
-4.1176499e-217
-1.2127805e-217
1.5899561e-217
-5.7916474e-218
7.5228876e-218
1.8360458e-217
-2.268558e-217
8.0845187e-218
-1.0468449e-217
6.2788959e-219
1.6801085e-219
-1.8999453e-219
2.7026288e-219
1.3174067e-219
-7.7722761e-220
1.5809853e-220
-1.8267918e-220
-1.1212802e-219
1.5924763e-221
1.8358796e-220
-2.7295368e-220
1.6339401e-219
-1.3798595e-221
-2.7213788e-220
4.0396026e-220
2.7009553e-217
3.3958861e-218
-3.1591629e-218
-1.6652936e-219
-3.5299065e-218
-2.9545172e-218
5.217527e-220
1.3031111e-218
-2.2511838e-218
4.1924447e-219
3.640963e-219
-3.443344e-219
3.3568803e-218
-5.8060534e-219
-5.3644925e-219
4.9070613e-219
7.1826137e-220
1.8567983e-220
-6.961953e-221
-5.416155e-221
1.8188436e-220
-3.4739224e-222
-2.4958273e-221
1.1993099e-221
-1.3653051e-220
-2.1146035e-221
1.5284974e-221
3.0945096e-222
1.9919818e-220
3.1180548e-221
-2.2254455e-221
-4.6781241e-222
8.5093801e-222
6.6090084e-222
-4.7057964e-222
6.5313177e-222
6.4709451e-222
5.4525457e-223
-1.3762186e-222
2.0015467e-222
-2.8267029e-222
-9.4018185e-223
9.4620257e-223
-1.3388813e-222
4.0961114e-222
1.3790717e-222
-1.3792872e-222
1.9511401e-222
-5.310963e-225
1.0093753e-224
-4.0362648e-225
5.311375e-225
1.1364901e-224
4.872065e-225
-4.3408342e-225
6.104686e-225
-2.5601757e-225
-2.5623624e-225
1.6959676e-225
-2.3418876e-225
3.6789827e-225
3.7360815e-225
-2.4635701e-225
3.4009251e-225
7.0669579e-223
3.4142041e-223
-4.4551442e-224
-1.349567e-223
6.3750068e-223
1.1969953e-223
-6.7807281e-224
-2.6070086e-224
-2.6256556e-223
-7.4012936e-224
2.4301168e-224
2.3294896e-224
3.8169198e-223
1.0809573e-223
-3.5257832e-224
-3.4110607e-224
3.9107836e-216
1.5776286e-216
2.1599707e-217
1.6105111e-218
9.9912896e-217
3.6294579e-217
3.8322086e-218
3.5157492e-218
-7.4578634e-217
-2.8962088e-217
-3.6468644e-218
-1.1767602e-218
1.0879902e-216
4.2277113e-217
5.3309594e-218
1.6968315e-218
9.7977147e-218
4.1988398e-218
1.800434e-219
-6.8036002e-220
2.9328433e-218
1.0555231e-218
-5.1996197e-220
1.1469665e-219
-1.9888426e-218
-7.959262e-219
-6.891301e-221
-2.4022491e-220
2.8986522e-218
1.1612472e-218
1.0681071e-220
3.4200885e-220
8.1200427e-221
4.1245968e-221
4.8929298e-222
-4.8599169e-222
9.0881788e-221
3.7195019e-221
7.5824639e-223
5.4262295e-223
-3.5114457e-221
-1.5320167e-221
-7.9218025e-223
4.2319218e-223
5.1000113e-221
2.2271088e-221
1.1610601e-222
-6.280602e-223
3.7785483e-219
1.6530802e-219
2.6275099e-220
-8.2866856e-221
3.4742126e-219
1.3668473e-219
1.7746026e-220
4.1453552e-221
-1.42219e-219
-5.7924476e-220
-8.0903484e-221
-1.8197784e-222
2.0673173e-219
8.4239144e-220
1.1776559e-220
2.3406034e-222
-3.4191097e-222
-1.1072448e-222
-7.5470333e-224
-2.2261747e-223
4.4015132e-222
1.819996e-222
2.6187663e-223
-1.4487924e-224
-8.3468879e-223
-3.8121391e-223
-6.4719338e-224
3.027047e-224
1.2039701e-222
5.5102001e-223
9.3832152e-224
-4.4546353e-224
-1.1448737e-223
-3.5398817e-224
5.0622832e-225
-8.2802386e-225
1.0604065e-223
4.7636884e-224
3.1258064e-225
-2.1797746e-225
-1.6329686e-224
-9.2227138e-225
-1.4742888e-225
1.5870776e-225
2.3431925e-224
1.3308384e-224
2.1546022e-225
-2.3268232e-225
-3.2113282e-226
-1.2715825e-226
-4.9569113e-229
-4.7212999e-228
1.0597818e-227
1.1066137e-227
3.6327025e-228
-4.3752606e-228
3.4576584e-227
1.1757203e-227
-9.6467743e-229
1.7839461e-228
-5.1051067e-227
-1.7389044e-227
1.4085337e-228
-2.6142836e-228
-1.1898483e-224
-4.5937122e-225
-5.7234731e-226
-2.1023943e-226
9.5689603e-226
5.1645657e-226
1.071893e-226
-9.4457481e-227
1.1222537e-225
3.9188481e-226
3.6766276e-227
5.1182511e-227
-1.6593957e-225
-5.8018277e-226
-5.4666952e-227
-7.5130067e-227
-5.9968121e-226
1.8498765e-226
1.0742419e-226
-1.2553983e-226
8.1912782e-226
2.6207801e-226
-7.0416574e-227
-8.9602507e-227
-1.5965915e-226
-9.5434164e-227
7.1506443e-228
3.9955763e-227
2.3040187e-226
1.391251e-226
-1.0116211e-227
-5.8365222e-227
-3.6281817e-227
2.1360558e-228
5.2065115e-228
-7.8423353e-228
5.2245907e-228
8.7272408e-228
-5.167869e-228
7.0757449e-228
2.8014833e-228
-2.7044038e-228
8.3977387e-229
-1.0658111e-228
-4.1632214e-228
3.9342511e-228
-1.2066088e-228
1.5282176e-228
-4.8616989e-230
-1.4040714e-230
1.5249708e-230
-2.1641031e-230
-1.1396636e-230
5.4460425e-231
-6.8716901e-232
6.6224234e-232
8.8950173e-231
1.0896259e-232
-1.5901896e-231
2.3447543e-231
-1.3077059e-230
-1.8274174e-232
2.3487687e-231
-3.4618765e-231
-2.1741504e-228
-2.9100777e-229
2.4538837e-229
3.5765522e-230
1.9805892e-229
2.0958123e-229
5.0776779e-231
-9.5952283e-230
1.9853259e-229
-2.4971251e-230
-3.0128796e-230
2.282805e-230
-2.9369631e-229
3.5999579e-230
4.4427867e-230
-3.329358e-230
-1.7843072e-231
-4.6227762e-232
1.6635699e-232
1.448256e-232
-4.8923755e-232
-4.3722137e-235
6.4741956e-233
-2.4148887e-233
3.4537203e-232
5.3859119e-233
-3.7593397e-233
-1.0026261e-233
-5.0884358e-232
-7.9499211e-233
5.5365382e-233
1.4844685e-233
-2.043667e-233
-1.6664348e-233
1.1649972e-233
-1.6145727e-233
-1.6562372e-233
-1.6764367e-234
3.6858546e-234
-5.3409893e-234
7.0459589e-234
2.4098722e-234
-2.3935884e-234
3.3829117e-234
-1.0368169e-233
-3.5538932e-234
3.5259379e-234
-4.9830315e-234
2.9255872e-237
-4.8508034e-237
1.8460803e-237
-2.4159208e-237
-5.5523069e-237
-2.4102995e-237
2.1347948e-237
-2.9999388e-237
1.2300503e-237
1.241155e-237
-8.1619176e-238
1.12636e-237
-1.8174322e-237
-1.833275e-237
1.2056708e-237
-1.6638577e-237
-3.2928703e-235
-1.6192499e-235
1.8695154e-236
6.5826095e-236
-3.1337926e-235
-5.8357422e-236
3.2446653e-236
1.4306516e-236
1.2654826e-235
3.5189405e-236
-1.1323455e-236
-1.1645743e-236
-1.8693279e-235
-5.1975511e-236
1.6727403e-236
1.7200133e-236
-9.5756664e-228
-3.8796917e-228
-5.3685592e-229
-3.2136049e-230
-2.7345809e-228
-1.0039111e-228
-1.1018066e-229
-8.7416307e-230
1.884193e-228
7.3406793e-229
9.347476e-230
2.8385169e-230
-2.7758675e-228
-1.0815764e-228
-1.377594e-229
-4.1729336e-230
-2.3995738e-229
-1.0353486e-229
-4.8787378e-231
2.0769394e-231
-7.9178571e-230
-2.8923733e-230
1.1492594e-231
-2.7516159e-231
5.0220102e-230
2.0191149e-230
2.4308917e-232
5.3445469e-232
-7.3974067e-230
-2.9747132e-230
-3.6101608e-232
-7.8358974e-232
-3.5706157e-233
-1.8640098e-233
-2.4327824e-234
2.4167126e-234
-4.4511821e-233
-1.8279111e-233
-4.2114416e-235
-2.2181159e-235
1.6696251e-233
7.3159419e-234
4.0001432e-235
-2.1657646e-235
-2.4663697e-233
-1.0806891e-233
-5.9078683e-235
3.1978525e-235
-1.6818694e-231
-7.458157e-232
-1.2093592e-232
4.2192538e-233
-1.6993416e-231
-6.7022096e-232
-8.7752694e-233
-1.9595422e-233
6.7424002e-232
2.7545069e-232
3.8755381e-233
6.5927961e-235
-9.9596978e-232
-4.0688434e-232
-5.7246675e-233
-9.7704494e-235
-6.6363043e-217
-3.0828512e-217
-9.2733032e-218
-3.2638164e-218
6.7958316e-217
3.400015e-217
1.0788362e-217
4.2917488e-218
-1.1290409e-217
-5.9280028e-218
-1.9408303e-218
-8.2212714e-219
1.6235467e-217
8.5345469e-218
2.7962841e-218
1.1861673e-218
-4.2121726e-218
-1.7965473e-218
-4.8319359e-219
-1.5097814e-219
5.1224168e-218
2.3952192e-218
6.7304869e-219
2.1389642e-219
-9.4398776e-219
-4.6176853e-219
-1.3230034e-219
-4.2349122e-220
1.3608188e-218
6.6633593e-219
1.9098996e-219
6.1143928e-220
-1.4074314e-220
-6.3976433e-221
-1.7750167e-221
-5.6163526e-222
1.0174644e-221
5.4363594e-222
1.6118121e-222
5.2314394e-223
1.3596534e-221
5.952054e-222
1.6222568e-222
5.0960186e-223
-2.0098363e-221
-8.8022311e-222
-2.3996024e-222
-7.5386073e-223
-1.9780233e-219
-9.6447008e-220
-3.0066304e-220
-1.1511983e-220
9.3933392e-221
5.6293069e-221
1.9847584e-221
9.5667501e-222
2.0489906e-220
9.6953729e-221
2.9577184e-221
1.077087e-221
-3.0264472e-220
-1.4325205e-220
-4.3711836e-221
-1.5927506e-221
-2.151062e-219
-8.3673698e-220
-1.9233075e-220
-6.8429856e-221
2.9802528e-219
1.3087672e-219
3.1839462e-220
7.0157472e-221
-5.8447297e-220
-2.6936645e-220
-6.6852121e-221
-1.1664994e-221
8.4370538e-220
3.8922964e-220
9.6638699e-221
1.6773127e-221
-9.1727845e-221
-3.2415291e-221
-5.4717841e-222
-3.7624949e-222
1.3230679e-220
5.5353497e-221
1.1060105e-221
1.107595e-222
-2.6390604e-221
-1.1742635e-221
-2.464541e-222
1.3149154e-223
3.8108819e-221
1.6977935e-221
3.5666848e-222
-2.0064835e-223
-3.4567596e-223
-1.3829007e-223
-2.6573662e-224
-6.0923703e-225
3.3014162e-224
1.6159573e-224
3.621405e-225
-8.9056158e-226
3.1135491e-224
1.1624924e-224
2.0885294e-225
9.6329237e-226
-4.6063291e-224
-1.7213794e-224
-3.0954855e-225
-1.4175429e-225
-7.8729705e-222
-3.3429345e-222
-8.0151404e-223
-2.0451297e-223
7.0960987e-223
3.5402421e-223
9.049423e-224
9.816623e-225
7.2103336e-223
2.9131652e-223
6.8267543e-224
2.1156183e-224
-1.0665081e-222
-4.3116644e-223
-1.0107015e-223
-3.124943e-224
-6.4213133e-225
-2.7920649e-225
-6.7646816e-226
-1.564339e-226
-1.7812495e-225
-7.3786248e-226
-1.750029e-226
-4.9329919e-227
1.2486983e-225
5.3261617e-226
1.2798114e-226
3.2094265e-227
-1.8396947e-225
-7.8474009e-226
-1.8856774e-226
-4.7277271e-227
-2.8439321e-226
-1.1744513e-226
-2.3212884e-227
-3.2084037e-228
-7.7586215e-227
-3.000139e-227
-5.5871292e-228
-1.8851182e-228
5.4936095e-227
2.2111839e-227
4.273778e-228
9.0451951e-229
-8.0938217e-227
-3.2580082e-227
-6.2974809e-228
-1.3314736e-228
-5.2111322e-230
-2.2782056e-230
-4.7136438e-231
2.7470936e-233
-4.9793427e-230
-2.020598e-230
-3.9346305e-231
-7.4201544e-232
2.0083264e-230
8.3386703e-231
1.6558048e-231
2.0638381e-232
-2.9666328e-230
-1.2317523e-230
-2.4458692e-231
-3.0490416e-232
-1.1576808e-228
-5.2600505e-229
-1.2975452e-229
-2.4631827e-230
-1.1289112e-228
-4.8445616e-229
-1.1673327e-229
-2.8589216e-230
4.5257796e-229
1.9759141e-229
4.795885e-230
1.0919962e-230
-6.6853428e-229
-2.9187448e-229
-7.0842823e-230
-1.6130875e-230
-1.508043e-222
-7.4832592e-223
-2.3614253e-223
-9.2876008e-224
-4.7679977e-223
-2.2882149e-223
-7.0538696e-224
-2.6324359e-224
3.0974388e-223
1.5150907e-223
4.7339946e-224
1.8218966e-224
-4.5627629e-223
-2.231928e-223
-6.9739791e-224
-2.6841201e-224
-1.1164648e-223
-5.1757494e-224
-1.4489381e-224
-4.6037587e-225
-3.2712303e-224
-1.45861e-224
-4.011511e-225
-1.2650946e-225
2.2202107e-224
1.0129337e-224
2.8154307e-225
8.9187985e-226
-3.2708173e-224
-1.49232e-224
-4.1479568e-225
-1.314011e-225
-1.9050168e-227
-9.1880529e-228
-2.6162484e-228
-8.3787002e-229
-1.9927842e-227
-9.1370435e-228
-2.5455806e-228
-8.0758057e-229
7.8289482e-228
3.6420111e-228
1.0211875e-228
3.2487922e-229
-1.1564753e-227
-5.3798764e-228
-1.5084664e-228
-4.7990118e-229
-2.3578906e-226
-1.2179025e-226
-3.9456753e-227
-1.6396896e-227
-2.7524556e-226
-1.3522356e-226
-4.2382173e-227
-1.6424024e-227
1.0497622e-226
5.2260635e-227
1.652814e-227
6.5328659e-228
-1.5507003e-226
-7.7198668e-227
-2.4415063e-227
-9.6501723e-228
2.2344616e-200
1.7959865e-200
1.2156467e-200
9.3443732e-201
-7.6476066e-201
-6.4025525e-201
-4.6378388e-201
-3.7201802e-201
-5.6094766e-202
-3.7951709e-202
-1.7199465e-202
-8.8895238e-203
9.337854e-202
6.4927595e-202
3.1899543e-202
1.8373175e-202
9.3393598e-201
7.0512195e-201
4.3102776e-201
3.1069516e-201
-3.7187687e-201
-2.9321386e-201
-1.9257791e-201
-1.453396e-201
-8.8685748e-203
-3.2219388e-203
1.7541442e-203
3.0854743e-203
1.8340547e-202
8.916832e-203
1.6583852e-204
-2.4649997e-203
4.0295773e-203
3.0988374e-203
1.9548312e-203
1.4387118e-203
4.5099603e-204
3.256587e-204
1.8315963e-204
1.2424598e-204
-6.0914595e-204
-4.6252863e-204
-2.8554751e-204
-2.072052e-204
8.9081141e-204
6.7660429e-204
4.1792828e-204
3.0337209e-204
9.0735756e-203
7.409094e-203
5.1530537e-203
4.0314754e-203
1.2280748e-203
9.5658557e-204
6.1120252e-204
4.5130764e-204
-1.4310689e-203
-1.1556297e-203
-7.8861636e-204
-6.0946002e-204
2.0907251e-203
1.6887506e-203
1.1529332e-203
8.9126928e-204
3.1065717e-201
2.1995749e-201
1.2121352e-201
8.1645222e-202
-1.4526923e-201
-1.0769509e-201
-6.4000533e-202
-4.5349802e-202
3.0703733e-203
3.5244212e-203
3.2406486e-203
2.8083113e-203
-2.4437355e-203
-3.6469439e-203
-3.8525529e-203
-3.4827265e-203
8.1803782e-202
5.4218004e-202
2.6896644e-202
1.6829965e-202
-4.5356757e-202
-3.1571118e-202
-1.6950337e-202
-1.1241402e-202
2.7911153e-203
2.2711955e-203
1.4862966e-203
1.1072723e-203
-3.4573264e-203
-2.889383e-203
-1.9437353e-203
-1.4678203e-203
4.1099148e-204
2.7925102e-204
1.4438192e-204
9.3227231e-205
2.4260627e-205
1.42801e-205
5.5483353e-206
2.7145503e-206
-5.6051065e-205
-3.7468051e-205
-1.8859148e-205
-1.1934635e-205
8.21795e-205
5.4957609e-205
2.7682361e-205
1.7527964e-205
1.438297e-203
1.0403391e-203
5.9442911e-204
4.1056239e-204
1.242937e-204
8.2235858e-205
3.9771986e-205
2.4116955e-205
-2.0716903e-204
-1.4770424e-204
-8.2377644e-205
-5.59594e-205
3.0331845e-204
2.1633337e-204
1.2072795e-204
8.2046329e-205
2.5983395e-206
1.9089897e-206
1.118594e-206
7.8552805e-207
1.2933225e-206
9.2759228e-207
5.2258796e-207
3.5749498e-207
-6.7180129e-207
-4.8723782e-207
-2.796359e-207
-1.9371502e-207
9.7607087e-207
7.080217e-207
4.0644787e-207
2.816088e-207
7.8589189e-207
5.4248077e-207
2.8755846e-207
1.8902453e-207
3.5799071e-207
2.4097338e-207
1.2270493e-207
7.8337849e-208
-1.9389733e-207
-1.32123e-207
-6.8626852e-208
-4.4461184e-208
2.8187224e-207
1.9209989e-207
9.9804873e-208
6.467224e-208
2.5605851e-210
1.9631866e-210
1.2010046e-210
8.634861e-211
8.3196681e-210
5.6900709e-210
2.9729476e-210
1.9342865e-210
-2.6374673e-210
-1.828936e-210
-9.7633612e-211
-6.4495111e-211
3.8187585e-210
2.6487376e-210
1.4144926e-210
9.3462987e-211
4.9676588e-210
4.370489e-210
3.2287126e-210
2.5699271e-210
2.845018e-209
2.0707849e-209
1.1953905e-209
8.3129773e-210
-8.5705706e-210
-6.3275675e-210
-3.7362482e-210
-2.6366957e-210
1.2397752e-209
9.1555449e-210
5.4083074e-210
3.8176768e-210
1.4679018e-205
1.2164542e-205
8.6692335e-206
6.8859895e-206
8.6157264e-206
6.9876788e-206
4.8042831e-206
3.7309777e-206
-4.1619685e-206
-3.4064057e-206
-2.3784436e-206
-1.8653741e-206
6.0408458e-206
4.9448435e-206
3.4533829e-206
2.7088074e-206
6.8831306e-206
5.3749458e-206
3.4765915e-206
2.5994112e-206
3.7291201e-206
2.8460036e-206
1.7724252e-206
1.2936089e-206
-1.8645142e-206
-1.4374837e-206
-9.1062375e-207
-6.7200882e-207
2.7075604e-206
2.0877424e-206
1.3228629e-206
9.7637343e-207
3.4963547e-210
4.8354716e-210
5.3090572e-210
4.9775782e-210
7.7971728e-209
6.0319426e-209
3.8427221e-209
2.8459785e-209
-2.2290803e-209
-1.7496591e-209
-1.1410289e-209
-8.5744392e-210
3.2212483e-209
2.5291519e-209
1.6501084e-209
1.2403379e-209
-1.3688251e-209
-6.4889801e-210
9.7554077e-211
3.4879189e-210
1.7198394e-208
1.4121483e-208
9.9128903e-209
7.8006755e-209
-4.6633388e-209
-3.8852825e-209
-2.792847e-209
-2.229963e-209
6.7318104e-209
5.6103226e-209
4.0347844e-209
3.2225219e-209
1.6957761e-202
1.0496931e-202
4.6829154e-203
2.6957299e-203
-1.1270907e-202
-7.3561071e-203
-3.5638517e-203
-2.2008096e-203
1.1000894e-203
7.868385e-204
4.2976625e-204
2.8905635e-204
-1.456835e-203
-1.0520567e-203
-5.8109907e-204
-3.9363774e-204
2.7506668e-203
1.5855473e-203
6.3591064e-204
3.314804e-204
-2.2203759e-203
-1.3570015e-203
-5.926696e-204
-3.3789686e-204
2.8789005e-204
1.8747175e-204
8.8702677e-205
5.4319536e-205
-3.9164345e-204
-2.5630238e-204
-1.2197429e-204
-7.5051176e-205
1.6976433e-205
1.0135792e-205
4.2850397e-206
2.3651381e-206
-1.2961267e-208
-9.9398266e-208
-9.7566377e-208
-8.5389456e-208
-2.0314345e-206
-1.1872412e-206
-4.8639147e-207
-2.5964717e-207
2.9893015e-206
1.748174e-206
7.1688985e-207
3.8309985e-207
9.3681575e-205
5.9711787e-205
2.791989e-205
1.6749876e-205
2.8018117e-206
1.2821634e-206
2.3575879e-207
-4.226489e-208
-1.201351e-205
-7.5164698e-206
-3.4128256e-206
-1.9960805e-206
1.7642968e-205
1.1044395e-205
5.0188986e-206
2.9376366e-206
3.4697479e-204
1.8555798e-204
6.7024421e-205
3.0892946e-205
-3.454594e-204
-1.9743955e-204
-7.7650927e-205
-4.0307222e-205
5.4561135e-205
3.2720884e-205
1.3586925e-205
7.5229588e-206
-7.5298559e-205
-4.5296133e-205
-1.887041e-205
-1.0486657e-205
3.392556e-205
1.6747347e-205
5.4572666e-206
2.1568785e-206
-4.2285595e-205
-2.2578998e-205
-7.9836677e-206
-3.687122e-206
7.7092953e-206
4.2814677e-206
1.5698913e-206
7.6887072e-207
-1.0732435e-205
-5.97331e-206
-2.1944515e-206
-1.0779278e-206
2.770487e-207
1.4450579e-207
4.9934103e-208
2.2151258e-208
-1.7920857e-208
-1.0879062e-208
-4.2908085e-209
-2.3303348e-209
-2.820075e-208
-1.4280954e-208
-4.7861832e-209
-2.0038479e-209
4.1714871e-208
2.1146598e-208
7.0950341e-209
2.9770359e-209
2.438315e-206
1.36161e-206
5.2059792e-207
2.6046484e-207
-7.9560917e-208
-5.7676996e-208
-2.8380539e-208
-1.8468101e-208
-2.7004919e-207
-1.4709727e-207
-5.4471775e-208
-2.6059727e-208
3.983348e-207
2.1715036e-207
8.0498957e-208
3.8571153e-208
5.5246791e-209
3.1362089e-209
1.2235255e-209
6.2864064e-210
1.8941623e-209
1.0441237e-209
3.9272033e-210
1.9209617e-210
-1.1887228e-209
-6.6608319e-210
-2.5576259e-210
-1.2869784e-210
1.7311282e-209
9.7018749e-210
3.7261581e-210
1.8755366e-210
6.6200944e-210
3.5120766e-210
1.2341411e-210
5.6399566e-211
2.0609915e-210
1.0592432e-210
3.6058556e-211
1.555738e-211
-1.3659539e-210
-7.1509776e-211
-2.4802687e-211
-1.1076696e-211
1.9904041e-210
1.0422077e-210
3.6155167e-211
1.6152182e-211
5.2002394e-213
2.8677213e-213
1.044773e-213
5.0690509e-214
6.1877806e-213
3.2533725e-213
1.1332785e-213
5.1001722e-214
-2.3518633e-213
-1.2523635e-213
-4.4167433e-214
-2.0311758e-214
3.4152176e-213
1.8189355e-213
6.4160274e-214
2.9515096e-214
3.7843343e-212
2.2475325e-212
9.2342172e-213
5.053538e-213
5.3134964e-212
2.9895518e-212
1.1537624e-212
5.8448603e-213
-1.9389119e-212
-1.1049088e-212
-4.3305302e-213
-2.2382781e-213
2.8138378e-212
1.6038058e-212
6.2873392e-213
3.250634e-213
1.8966004e-207
1.2283034e-207
5.8835927e-208
3.6005968e-208
7.8795864e-208
4.9706008e-208
2.2867648e-208
1.3529988e-208
-4.4665207e-208
-2.8555624e-208
-1.3414451e-208
-8.0792059e-209
6.4968015e-208
4.1542557e-208
1.9520173e-208
1.1759008e-208
3.6377672e-208
2.2072855e-208
9.5458977e-209
5.3905975e-209
1.3743744e-208
8.1114954e-209
3.3722033e-209
1.8288619e-209
-8.1833646e-209
-4.9016131e-209
-2.0817768e-209
-1.1544583e-209
1.1910209e-208
7.1351194e-209
3.0311155e-209
1.6813377e-209
2.0864841e-211
1.3386221e-211
6.2219567e-212
3.754184e-212
3.6079877e-211
2.1696305e-211
9.2663848e-212
5.1679313e-212
-1.259357e-211
-7.6724096e-212
-3.3366144e-212
-1.8944996e-212
1.8263653e-211
1.1129117e-211
4.8412548e-212
2.7495784e-212
8.6017909e-211
5.9931328e-211
3.1708535e-211
2.0885616e-211
1.9424635e-210
1.246614e-210
5.8903653e-211
3.5648182e-211
-6.4685394e-211
-4.2072891e-211
-2.0281267e-211
-1.2474904e-211
9.3736713e-211
6.0982187e-211
2.9406156e-211
1.8092306e-211
-3.6868876e-213
-2.2990861e-213
-1.0382655e-213
-6.0429663e-214
1.7943864e-213
1.1765283e-213
5.7381151e-214
3.5621914e-214
-7.0451933e-215
-6.0114855e-215
-3.9090437e-215
-2.9004025e-215
9.3028215e-215
8.1521492e-215
5.4166156e-215
4.0609955e-215
-6.1549911e-214
-3.5822176e-214
-1.4583957e-214
-7.73043e-215
3.5908728e-214
2.2036263e-214
9.6779547e-215
5.5475203e-215
-2.8491773e-215
-1.9778711e-215
-1.0038057e-215
-6.4944429e-216
3.9837261e-215
2.7829379e-215
1.4214936e-215
9.2399443e-216
-1.3256281e-216
-7.9285087e-217
-3.3604261e-217
-1.8595718e-217
-5.39962e-218
-2.5508842e-218
-6.7103441e-219
-1.3830493e-219
1.7024203e-217
9.9910422e-218
4.1191498e-218
2.2138286e-218
-2.509294e-217
-1.4728822e-217
-6.0739743e-218
-3.2653299e-218
-7.2717574e-216
-4.6425508e-216
-2.1762857e-216
-1.3083794e-216
-5.0896567e-217
-2.8742722e-217
-1.0769664e-217
-5.1103251e-218
9.9376366e-217
6.2389319e-217
2.8484951e-217
1.674101e-217
-1.4639936e-216
-9.1923512e-217
-4.1978662e-217
-2.4676306e-217
-8.0554589e-215
-4.3644405e-215
-1.605003e-215
-7.5979003e-216
5.6638384e-215
3.2491128e-215
1.2835079e-215
6.7006371e-216
-6.4388644e-216
-3.9957312e-216
-1.7185969e-216
-9.891249e-217
9.1509584e-216
5.6948177e-216
2.456277e-216
1.4178371e-216
-8.2562589e-216
-4.1514485e-216
-1.3812618e-216
-5.6951272e-217
7.0145723e-216
3.7585906e-216
1.3334724e-216
6.195571e-217
-9.9988264e-217
-5.6782696e-217
-2.1223139e-217
-1.071087e-217
1.4317999e-216
8.1446948e-217
3.0484794e-217
1.5417267e-217
-2.1905357e-218
-1.1448791e-218
-3.9649598e-219
-1.7657431e-219
4.1919357e-220
3.3125711e-220
1.5331375e-220
9.955036e-221
2.4439711e-219
1.2457596e-219
4.205685e-220
1.7849077e-220
-3.6070612e-219
-1.8390866e-219
-6.2104026e-220
-2.637091e-220
-1.9158244e-217
-1.0718395e-217
-4.1080524e-218
-2.061907e-218
-2.0501724e-219
-1.7188567e-220
3.9779763e-220
5.1358521e-220
2.2984025e-218
1.2584277e-218
4.6926556e-219
2.2669566e-219
-3.3898314e-218
-1.8563879e-218
-6.9242732e-219
-3.3462998e-219
-1.3222816e-220
-7.5185898e-221
-2.9391697e-221
-1.514189e-221
-5.006252e-221
-2.766831e-221
-1.0443175e-221
-5.1321495e-222
2.9486853e-221
1.6541537e-221
6.3612655e-222
3.2072637e-222
-4.3427483e-221
-2.4362743e-221
-9.3693872e-222
-4.7241712e-222
-1.592952e-221
-8.4646067e-222
-2.9793899e-222
-1.3657238e-222
-5.4964106e-222
-2.8335714e-222
-9.6793632e-223
-4.2016133e-223
3.4015334e-222
1.7829413e-222
6.1926475e-223
2.7722997e-223
-5.010222e-222
-2.6262387e-222
-9.1219595e-223
-4.0839326e-223
-2.2077603e-225
-1.2267102e-225
-4.4985534e-226
-2.2071184e-226
-2.9876352e-225
-1.572339e-225
-5.4831087e-226
-2.4724284e-226
1.0988347e-225
5.8578446e-226
2.068268e-226
9.5325743e-227
-1.6232081e-225
-8.6532227e-226
-3.0552389e-226
-1.4081391e-226
-1.5598244e-224
-9.3594889e-225
-3.8879191e-225
-2.1555398e-225
-2.5574918e-224
-1.4402629e-224
-5.5651893e-225
-2.823767e-225
9.0249465e-225
5.1489033e-225
2.0208981e-225
1.0465219e-225
-1.3331912e-224
-7.6060757e-225
-2.9853009e-225
-1.5459274e-225
-4.484398e-219
-2.9094978e-219
-1.3974033e-219
-8.5703244e-220
-2.050477e-219
-1.2960183e-219
-5.9810957e-220
-3.5482366e-220
1.0994573e-219
7.0364976e-220
3.3108851e-220
1.9967436e-220
-1.6189022e-219
-1.0361241e-219
-4.8755003e-220
-2.940451e-220
-8.6557822e-220
-5.2610836e-220
-2.2807111e-220
-1.290987e-220
-3.6027612e-220
-2.1311327e-220
-8.8897574e-221
-4.8380777e-221
2.022053e-220
1.2124845e-220
5.1578311e-221
2.8648855e-221
-2.9777045e-220
-1.7855777e-220
-7.5960674e-221
-4.2193785e-221
-8.2094002e-224
-5.3503096e-224
-2.5337369e-224
-1.5534845e-224
-1.7310684e-223
-1.0419056e-223
-4.4557748e-224
-2.4882809e-224
5.8373077e-224
3.5606689e-224
1.5511233e-224
8.8221558e-225
-8.6231754e-224
-5.2599813e-224
-2.2913751e-224
-1.3032324e-224
-3.1225296e-223
-2.2369595e-223
-1.2240648e-223
-8.2449615e-224
-9.2899238e-223
-5.9673017e-223
-2.823465e-223
-1.7106643e-223
2.9843928e-223
1.9437143e-223
9.38817e-224
5.7837902e-224
-4.4087783e-223
-2.8713921e-223
-1.3868767e-223
-8.5441101e-224
-4.5389082e-211
-3.6594538e-211
-2.4903575e-211
-1.9211225e-211
1.1145161e-211
9.4020195e-212
6.8919321e-212
5.5670113e-212
2.2089167e-212
1.6639055e-212
9.9360193e-213
6.9611054e-213
-3.324092e-212
-2.5100135e-212
-1.5065739e-212
-1.0599574e-212
-1.9201173e-211
-1.4551857e-211
-8.954277e-212
-6.4833438e-212
5.5650397e-212
4.4176182e-212
2.9319259e-212
2.2266158e-212
6.9548456e-213
4.7084803e-213
2.2969375e-213
1.3714895e-213
-1.059026e-212
-7.2089588e-213
-3.5636845e-213
-2.1566171e-213
-3.078123e-214
-2.370319e-214
-1.4986033e-214
-1.1045229e-214
-4.6178907e-215
-3.3955666e-215
-1.9782209e-215
-1.3783264e-215
4.9000876e-215
3.7281571e-215
2.309619e-215
1.6798349e-215
-7.210322e-215
-5.4863325e-215
-3.3993192e-215
-2.4726374e-215
-6.899366e-214
-5.6406255e-214
-3.9311652e-214
-3.0795581e-214
-1.196267e-214
-9.4279645e-215
-6.1589541e-215
-4.6207963e-215
1.143697e-214
9.2512229e-215
6.3316093e-215
4.9025795e-215
-1.6824417e-214
-1.361005e-214
-9.3159927e-215
-7.2139833e-215
-6.4823238e-212
-4.6111913e-212
-2.5617664e-212
-1.7354555e-212
2.225429e-212
1.6596395e-212
9.9529891e-213
7.0928213e-213
1.3736338e-213
7.6188935e-214
2.1731516e-214
4.8788575e-215
-2.1597188e-213
-1.2235923e-213
-3.8054411e-214
-1.1479111e-214
-1.7384717e-212
-1.1589356e-212
-5.8066255e-213
-3.6615343e-213
7.0925036e-213
4.9626086e-213
2.6853597e-213
1.7904917e-213
5.2429529e-215
-3.0943927e-215
-7.1416736e-215
-7.2341276e-215
-1.2016059e-214
1.5633913e-215
8.9067448e-215
9.5838042e-215
-3.1721468e-215
-2.1586571e-215
-1.1188699e-215
-7.2375894e-216
-3.1120199e-216
-1.9526005e-216
-8.74803e-217
-5.0106647e-217
4.5861266e-216
3.0743848e-216
1.5548646e-216
9.8754277e-217
-6.7531559e-216
-4.5276195e-216
-2.2902834e-216
-1.454847e-216
-1.1041922e-214
-7.998291e-215
-4.5809262e-215
-3.1690106e-215
-1.3785465e-215
-9.4076935e-216
-4.8451281e-216
-3.1000414e-216
1.6795117e-215
1.2002964e-215
6.7216834e-216
4.5790819e-216
-2.4721609e-215
-1.7669557e-215
-9.8966684e-216
-6.7428077e-216
-6.0586018e-218
-4.4602259e-218
-2.6218537e-218
-1.8449615e-218
-3.3248058e-218
-2.3881888e-218
-1.3488686e-218
-9.243452e-219
1.6417716e-218
1.1918719e-218
6.8511495e-219
4.7510304e-219
-2.4169348e-218
-1.7546634e-218
-1.0086658e-218
-6.9949514e-219
-1.8456824e-218
-1.2764625e-218
-6.7862774e-219
-4.4701578e-219
-9.2557144e-219
-6.2409602e-219
-3.1869418e-219
-2.0389189e-219
4.7553287e-219
3.243574e-219
1.6874851e-219
1.0945423e-219
-7.0012732e-219
-4.7756535e-219
-2.4846711e-219
-1.6116694e-219
-7.8337834e-223
-6.402651e-223
-4.2093955e-223
-3.1436595e-223
-3.9662687e-222
-2.7150303e-222
-1.4205277e-222
-9.2515987e-223
1.2106477e-222
8.4074283e-223
4.4981411e-223
2.9760099e-223
-1.7884983e-222
-1.2420284e-222
-6.645043e-223
-4.3963933e-223
-8.1010944e-223
-9.6195579e-223
-9.034272e-223
-7.8839116e-223
-1.3520603e-221
-9.8496266e-222
-5.6937758e-222
-3.9632069e-222
3.9120348e-222
2.8928355e-222
1.7123937e-222
1.210362e-222
-5.7794007e-222
-4.2736722e-222
-2.5297467e-222
-1.7880764e-222
-3.3704154e-217
-2.7991771e-217
-2.001903e-217
-1.5935161e-217
-2.1943053e-217
-1.7816766e-217
-1.2273482e-217
-9.5435198e-218
1.0105189e-217
8.2776681e-218
5.7878441e-218
4.543351e-218
-1.4873537e-217
-1.2183963e-217
-8.5195234e-218
-6.6878421e-218
-1.592867e-217
-1.2464849e-217
-8.0897279e-218
-6.061201e-218
-9.5388122e-218
-7.2894113e-218
-4.5498233e-218
-3.3255794e-218
4.5412714e-218
3.5043589e-218
2.2232952e-218
1.642291e-218
-6.6847821e-218
-5.158576e-218
-3.2729345e-218
-2.4176997e-218
2.7735371e-222
1.0937964e-222
-4.0307324e-223
-8.1446824e-223
-3.6941548e-221
-2.8602128e-221
-1.8246348e-221
-1.352526e-221
1.0112445e-221
7.9513298e-222
5.1996341e-222
3.9138533e-222
-1.4939858e-221
-1.1747007e-221
-7.6816722e-222
-5.7820891e-222
1.6687882e-221
1.1355103e-221
5.2392166e-222
2.7797313e-222
-8.1242628e-221
-6.6761066e-221
-4.6926474e-221
-3.6958031e-221
2.1016163e-221
1.754247e-221
1.2647473e-221
1.0116384e-221
-3.1049512e-221
-2.5917257e-221
-1.8685177e-221
-1.4945685e-221
2.3512166e-200
-8.0736923e-201
-5.828439e-202
9.7209837e-202
-1.8982894e-201
-1.0250315e-200
3.0897067e-201
-4.3969703e-201
-1.2551904e-200
-3.0526446e-201
2.3658509e-201
-3.435214e-201
-7.1240091e-201
1.1128573e-201
5.4858364e-202
-8.224042e-202
9.5594949e-203
1.2882425e-203
-1.5061423e-203
2.2004674e-203
4.1782794e-203
-1.4004014e-203
-1.0931305e-204
1.7792129e-204
-1.7524332e-203
-1.5606372e-203
6.464067e-204
-9.321491e-204
-2.2815293e-203
-5.47223e-204
4.2646758e-204
-6.2086982e-204
-2.4147312e-203
-5.6730743e-204
4.4804943e-204
-6.5238523e-204
-1.2435686e-203
1.8955411e-204
9.60475e-205
-1.4363014e-204
2.1330792e-204
3.5103919e-204
-1.2371798e-204
1.7778903e-204
4.6497627e-204
1.5320121e-204
-9.8560503e-205
1.4317424e-204
-7.4674889e-201
1.2178155e-201
5.6071084e-202
-8.4173834e-202
-8.4804104e-202
2.282535e-201
-5.3478309e-202
7.5395877e-202
2.5388324e-201
9.2692983e-202
-5.6486837e-202
8.1743676e-202
1.7189013e-201
-8.4024042e-203
-1.8381516e-202
2.7146643e-202
1.5489457e-205
9.0703377e-206
-4.3858647e-206
6.3659189e-206
1.4330902e-205
1.9495886e-206
-2.2533351e-206
3.2981879e-206
2.2676015e-206
-3.0129663e-206
5.737794e-207
-8.1435645e-207
-2.7595173e-206
-2.4014909e-206
1.0013686e-206
-1.4501998e-206
-1.3691299e-209
1.8130754e-208
-4.9249224e-209
7.1096745e-209
1.9233174e-208
1.122959e-208
-5.4279506e-209
7.9069175e-209
1.3596594e-208
-1.0697946e-209
-1.3096171e-209
1.938302e-209
2.7393373e-209
-3.8890313e-209
7.6686754e-210
-1.0985601e-209
2.775836e-209
-4.1366631e-209
8.3203211e-210
-1.1925747e-209
-3.4002712e-209
-2.934461e-209
1.2259092e-209
-1.782672e-209
-3.2527762e-209
-1.4079396e-210
4.2458391e-210
-6.2447427e-210
-9.6807587e-210
7.1637489e-210
-8.6405594e-211
1.2155927e-210
-2.9670031e-206
-2.5293404e-206
1.0618985e-206
-1.5380379e-206
-3.3757701e-206
-8.0988662e-207
6.2896406e-207
-9.179544e-207
-8.9278155e-207
5.2938035e-207
-4.1937978e-208
5.6412472e-208
4.0056766e-207
5.2967041e-207
-1.960747e-207
2.8338437e-207
4.2970646e-207
5.3661583e-207
-2.0149059e-207
2.9128918e-207
8.7734709e-207
3.9163795e-207
-2.1420202e-207
3.1147443e-207
9.1907533e-207
4.0934274e-207
-2.2413456e-207
3.2591995e-207
8.4972821e-207
4.2538855e-207
-2.2036871e-207
3.2021111e-207
-9.3881406e-210
7.4155443e-210
-9.6934221e-211
1.368707e-210
3.1158398e-210
9.143058e-210
-2.9343726e-210
4.2502474e-210
3.3052761e-210
9.5776592e-210
-3.0787675e-210
4.4594446e-210
1.5690234e-210
9.2562247e-210
-2.7830183e-210
4.0262421e-210
1.2532121e-210
9.23392e-210
-2.7393695e-210
3.9621046e-210
2.6069919e-210
8.6823881e-210
-2.7448769e-210
3.9746785e-210
2.3042721e-210
7.8956595e-210
-2.4882902e-210
3.6029204e-210
1.6652858e-210
7.2183404e-210
-2.2225862e-210
3.2168568e-210
8.403113e-207
4.3007576e-207
-2.205599e-207
3.2044504e-207
8.241795e-207
3.7819842e-207
-2.0410651e-207
2.9674138e-207
7.4776562e-207
3.4513235e-207
-1.8574308e-207
2.7003361e-207
6.7316069e-207
3.2359745e-207
-1.7082446e-207
2.4828189e-207
1.7259547e-201
-1.0397491e-202
-1.7909754e-202
2.6481103e-202
9.037145e-202
-5.1668441e-202
3.5253155e-203
-4.4518069e-203
9.4330564e-202
-5.4031134e-202
3.7072342e-203
-4.684759e-203
1.046233e-201
-4.7919228e-202
7.5991076e-204
-4.3773255e-204
4.7571651e-204
1.5152846e-204
-9.9379891e-205
1.4440003e-204
4.5705737e-204
2.439149e-205
-6.1593839e-205
9.0343222e-205
4.7782386e-204
2.5260318e-205
-6.43269e-205
9.4355522e-205
4.7596673e-204
4.232969e-205
-6.8877441e-205
1.0084367e-204
4.7754249e-204
4.5656008e-205
-6.9996446e-205
1.0244973e-204
4.3662643e-204
2.7106273e-205
-5.9905656e-205
8.7826087e-205
3.9755851e-204
2.5418775e-205
-5.475204e-205
8.026285e-205
3.6728048e-204
2.809218e-205
-5.1871056e-205
7.5990455e-205
1.0694446e-201
-4.6984584e-202
2.1907971e-204
3.4422133e-204
8.8675277e-202
-4.8008632e-202
2.7080004e-203
-3.3012311e-203
8.1203109e-202
-4.3447622e-202
2.3358743e-203
-2.8185351e-203
7.7875242e-202
-3.8554399e-202
1.3712367e-203
-1.4695453e-203
-4.7735735e-211
1.1793256e-211
2.3028984e-212
-3.4666058e-212
-1.1217947e-212
1.7878953e-211
-4.8928716e-212
7.1059742e-212
2.1908548e-211
6.4215068e-212
-4.3827825e-212
6.423133e-212
1.3654583e-211
-1.2323127e-212
-1.2603702e-212
1.865663e-212
-7.2694841e-214
-1.2537662e-214
1.2031718e-214
-1.769954e-214
-3.4721487e-214
8.841143e-215
1.5719543e-215
-2.3540631e-215
1.1112489e-214
1.1876015e-214
-4.6429369e-215
6.8022611e-215
1.6709177e-214
4.6835702e-215
-3.2726724e-215
4.8093594e-215
1.7703569e-214
4.8653248e-215
-3.4401384e-215
5.0556967e-215
9.8245293e-215
-9.5764572e-216
-8.793853e-216
1.3010679e-215
-1.0819522e-215
-2.5728434e-215
8.5083761e-216
-1.2450163e-215
-3.2841958e-215
-1.2328758e-215
7.3115335e-216
-1.0737557e-215
1.4327142e-211
-1.3846008e-212
-1.2967065e-212
1.9201631e-212
2.5850572e-212
-3.799847e-212
7.6378977e-213
-1.1032729e-212
-4.2251655e-212
-1.8024584e-212
1.0037391e-212
-1.4690681e-212
-3.1556452e-212
-1.6420566e-214
3.7590687e-213
-5.5413093e-213
-3.5601918e-217
-2.3094632e-217
1.0650509e-217
-1.5676247e-217
-3.5354332e-217
-5.8679884e-218
5.7642948e-218
-8.4969614e-218
-6.8953627e-218
6.9764144e-218
-1.165618e-218
1.7072269e-218
5.9225636e-218
5.9132012e-218
-2.3558007e-218
3.4659713e-218
1.7073276e-221
-8.5675102e-221
2.2223453e-221
-3.283314e-221
-8.7763346e-221
-5.5212806e-221
2.573291e-221
-3.8010272e-221
-6.6867407e-221
3.3888494e-222
6.7685904e-222
-9.9947686e-222
-1.5522606e-221
1.7799129e-221
-3.2333306e-222
4.7778987e-222
-1.5802695e-221
1.8954994e-221
-3.5274043e-222
5.2123667e-222
1.4720112e-221
1.4017587e-221
-5.6595126e-222
8.3600393e-222
1.553312e-221
1.0349017e-222
-2.0869226e-222
3.0820003e-222
5.0171395e-222
-3.1702936e-222
3.1567798e-223
-4.6673151e-223
6.3967584e-218
6.2309916e-218
-2.5005318e-218
3.6789941e-218
8.0592596e-218
2.1888422e-218
-1.5540034e-218
2.289574e-218
2.4152616e-218
-1.1660409e-218
4.8043331e-220
-6.8710875e-220
-7.750239e-219
-1.2650479e-218
4.4679755e-219
-6.5709143e-219
-8.4314376e-219
-1.2836933e-218
4.5997316e-219
-6.7650344e-219
-2.0040308e-218
-9.7685667e-219
5.0839434e-219
-7.4855503e-219
-2.1088157e-218
-1.0227976e-218
5.3352995e-219
-7.8556784e-219
-1.931659e-218
-1.0561253e-218
5.2233472e-219
-7.6897986e-219
4.8946657e-222
-3.2885282e-222
3.6321916e-223
-5.3695698e-223
-1.0268527e-222
-4.2232019e-222
1.3113405e-222
-1.9372399e-222
-1.1174187e-222
-4.4386666e-222
1.3826551e-222
-2.0425904e-222
-2.9510064e-223
-4.2730456e-222
1.2408728e-222
-1.8331874e-222
-1.426486e-223
-4.259361e-222
1.2193943e-222
-1.8014667e-222
-8.1626611e-223
-4.0170337e-222
1.2287848e-222
-1.8152911e-222
-7.1445214e-223
-3.6545638e-222
1.1146541e-222
-1.6466872e-222
-4.3929528e-223
-3.3368281e-222
9.9312955e-223
-1.4671724e-222
-1.9064143e-218
-1.0666056e-218
5.223556e-219
-7.6899077e-219
-1.8844706e-218
-9.4347274e-219
4.8508426e-219
-7.1421079e-219
-1.7105002e-218
-8.608788e-219
4.4157291e-219
-6.5014313e-219
-1.534903e-218
-8.0550713e-219
4.0554815e-219
-5.9707428e-219
-3.1777625e-212
1.6032428e-214
3.6938844e-213
-5.4471435e-213
-1.8486842e-212
7.9030354e-213
-4.6147932e-215
2.0579902e-215
-1.9309096e-212
8.3118898e-213
-6.4300588e-215
4.4811401e-215
-2.095573e-212
7.1802829e-213
4.4751217e-214
-7.0299255e-214
-3.3678461e-215
-1.2248368e-215
7.3867294e-216
-1.0848802e-215
-3.4115775e-215
-3.0742573e-216
4.8551523e-216
-7.1504358e-216
-3.576287e-215
-3.1759218e-216
5.0764291e-216
-7.4764941e-216
-3.5392698e-215
-4.4042292e-216
5.3789387e-216
-7.917893e-216
-3.5466605e-215
-4.6507097e-216
5.4569751e-216
-8.0320383e-216
-3.261258e-215
-3.2047602e-216
4.7161284e-216
-6.9448249e-216
-2.9698104e-215
-2.9665896e-216
4.3082459e-216
-6.3440389e-216
-2.7377547e-215
-3.0754065e-216
4.0675013e-216
-5.9884398e-216
-2.1346326e-212
6.9989211e-213
5.4444938e-214
-8.4482451e-214
-1.8056916e-212
7.3272641e-213
6.5120557e-215
-1.400604e-214
-1.6514243e-212
6.6304596e-213
7.9460384e-215
-1.5702694e-214
-1.5721612e-212
5.8300598e-213
2.1117066e-214
-3.4640433e-214
-1.5746428e-212
5.7769084e-213
2.2903157e-214
-3.7241774e-214
-1.3753059e-212
5.3745001e-213
1.0759256e-214
-1.9094664e-214
-1.1465716e-212
4.367508e-213
1.2149793e-214
-2.0539703e-214
-9.9630623e-213
3.7085603e-213
1.2990524e-214
-2.1382795e-214
-2.7304613e-215
-3.1130213e-216
4.0695629e-216
-5.9913321e-216
-2.4458911e-215
-2.5482739e-216
3.5777769e-216
-5.2680575e-216
-2.0182433e-215
-2.183238e-216
2.9748945e-216
-4.3800936e-216
-1.7376803e-215
-1.9425596e-216
2.5790294e-216
-3.7970402e-216
-1.7331191e-215
-1.9245695e-216
2.5686316e-216
-3.7817727e-216
-1.4728117e-215
-1.6088917e-216
2.1753411e-216
-3.2028179e-216
-1.0873762e-215
-1.2314517e-216
1.6183304e-216
-2.3825764e-216
-8.7446904e-216
-9.912452e-217
1.3017192e-216
-1.9164437e-216
-9.9179723e-213
3.7096796e-213
1.242859e-214
-2.0554952e-214
-8.3891466e-213
3.1744143e-213
9.484906e-215
-1.589308e-214
-6.256976e-213
2.3074572e-213
8.765102e-215
-1.431053e-214
-5.0328886e-213
1.8550189e-213
7.0789761e-215
-1.1552396e-214
-1.5251133e-218
-8.0496091e-219
4.0425627e-219
-5.9516848e-219
-1.3956875e-218
-7.1270444e-219
3.631979e-219
-5.3474002e-219
-1.1418666e-218
-5.9093577e-219
2.9935835e-219
-4.4074163e-219
-9.7536083e-219
-5.1099688e-219
2.5746308e-219
-3.7905443e-219
-4.0821111e-223
-3.3234605e-222
9.8576299e-223
-1.4562913e-222
-5.1957467e-223
-2.9997194e-222
9.0719979e-223
-1.3402177e-222
-3.7734562e-223
-2.4680423e-222
7.4061279e-223
-1.0941201e-222
-2.8400539e-223
-2.1189808e-222
6.3124787e-223
-9.3255617e-223
-2.9136157e-223
-2.1145582e-222
6.3084879e-223
-9.3196588e-223
-2.6479623e-223
-1.7996192e-222
5.3883559e-223
-7.9603176e-223
-1.6735266e-223
-1.3246729e-222
3.9344466e-223
-5.8124499e-223
-1.3379151e-223
-1.0652136e-222
3.1629158e-223
-4.6726502e-223
-9.7435796e-219
-5.0920456e-219
2.5684118e-219
-3.7813992e-219
-8.3132641e-219
-4.3181044e-219
2.1839216e-219
-3.215347e-219
-6.0842373e-219
-3.2034852e-219
1.6105272e-219
-2.3711121e-219
-4.8916892e-219
-2.5766546e-219
1.295156e-219
-1.9068031e-219
-4.9005386e-219
-2.5731924e-219
1.2952088e-219
-1.9068878e-219
-3.8739474e-219
-2.0463988e-219
1.0273364e-219
-1.5124987e-219
-2.527541e-219
-1.3460053e-219
6.7333807e-220
-9.9131446e-220
-1.8975145e-219
-1.0094752e-219
5.0521146e-220
-7.4379268e-220
-1.3899804e-223
-1.0657232e-222
3.1703705e-223
-4.6836588e-223
-1.0239441e-223
-8.4464124e-223
2.5037081e-223
-3.6987891e-223
-6.0126054e-224
-5.5298722e-223
1.631194e-223
-2.4098077e-223
-4.5742184e-224
-4.1497886e-223
1.2248172e-223
-1.8094557e-223
-4.5793084e-224
-4.1537274e-223
1.2259884e-223
-1.8111856e-223
-3.0397242e-224
-3.0487252e-223
8.9612981e-224
-1.323879e-223
-1.6838039e-224
-1.7698285e-223
5.1928262e-224
-7.6715215e-224
-1.1091499e-224
-1.2325923e-223
3.6091895e-224
-5.331971e-224
-1.8993028e-219
-1.0104251e-219
5.0568735e-220
-7.4449333e-220
-1.3899697e-219
-7.4452719e-220
3.7150645e-220
-5.4694249e-220
-8.0587497e-220
-4.3291609e-220
2.157454e-220
-3.1762547e-220
-5.6043138e-220
-3.0206867e-220
1.5031964e-220
-2.2130325e-220
-5.0197958e-213
1.8613404e-213
6.7472729e-215
-1.1067186e-214
-4.0013617e-213
1.4668352e-213
5.8525762e-215
-9.5108962e-215
-2.6398164e-213
9.5315273e-214
4.2704525e-215
-6.8693396e-215
-1.978804e-213
7.1594788e-214
3.159955e-215
-5.089416e-215
-8.7426143e-216
-9.8286334e-217
1.2991173e-216
-1.9126391e-216
-6.9378758e-216
-7.922777e-217
1.0344055e-216
-1.5228754e-216
-4.5502923e-216
-5.3038413e-217
6.8145666e-217
-1.0032219e-216
-3.4137178e-216
-3.9685796e-217
5.1094746e-217
-7.5220586e-217
-3.4169146e-216
-3.9723829e-217
5.1142868e-217
-7.529145e-217
-2.5116946e-216
-2.9701622e-217
3.7735143e-217
-5.5551297e-217
-1.4589249e-216
-1.7373694e-217
2.1952748e-217
-3.2317052e-217
-1.0167555e-216
-1.2206858e-217
1.5327142e-217
-2.256306e-217
-1.9806747e-213
7.1659931e-214
3.1636716e-215
-5.0953155e-215
-1.4631843e-213
5.2260512e-214
2.5273624e-215
-4.0405028e-215
-8.5158324e-214
3.0256076e-214
1.5158991e-215
-2.4169084e-215
-5.9489371e-214
2.1003898e-214
1.0961341e-215
-1.7423921e-215
7.8065111e-202
-3.8260007e-202
1.2661504e-203
-1.3192275e-203
6.7767426e-202
-3.5342768e-202
1.6936195e-203
-1.9891783e-203
5.6624651e-202
-2.8792132e-202
1.2087373e-203
-1.3690435e-203
4.9292492e-202
-2.452026e-202
9.0044382e-204
-9.7633601e-204
3.6642615e-204
2.8628216e-205
-5.1918568e-205
7.605379e-205
3.2766377e-204
2.2319702e-205
-4.5509116e-205
6.6698589e-205
2.7048432e-204
1.9529521e-205
-3.7876489e-205
5.5500499e-205
2.3301945e-204
1.7654523e-205
-3.2862307e-205
4.8144447e-205
2.3238805e-204
1.7424487e-205
-3.2722315e-205
4.7941239e-205
1.9739166e-204
1.4442192e-205
-2.7694356e-205
4.0578527e-205
1.4580149e-204
1.1252521e-205
-2.0619771e-205
3.0206508e-205
1.1724824e-204
9.0520358e-206
-1.6582553e-205
2.4292199e-205
4.9045283e-202
-2.4517412e-202
9.2945685e-204
-1.0190464e-203
4.1435742e-202
-2.0947453e-202
8.5056054e-204
-9.5364076e-204
3.0966118e-202
-1.5271111e-202
5.2857434e-204
-5.6067808e-204
2.4901917e-202
-1.2279988e-202
4.2490725e-204
-4.5067048e-204
6.6926636e-207
3.2346483e-207
-1.703234e-207
2.4754535e-207
6.1100534e-207
2.8588017e-207
-1.5285591e-207
2.2220315e-207
5.0019997e-207
2.3714349e-207
-1.2600615e-207
1.8315703e-207
4.2772364e-207
2.0515896e-207
-1.0841406e-207
1.5757442e-207
1.6000345e-210
7.1913113e-210
-2.2072758e-210
3.1945154e-210
1.7588168e-210
6.4845315e-210
-2.0277537e-210
2.9356834e-210
1.3418006e-210
5.3356117e-210
-1.6560022e-210
2.3971538e-210
1.0715496e-210
4.5828209e-210
-1.4127762e-210
2.0448222e-210
1.0865371e-210
4.5732409e-210
-1.4118622e-210
2.0435532e-210
9.5906318e-211
3.8907609e-210
-1.2052703e-210
1.7446344e-210
6.4944533e-211
2.8645254e-210
-8.8065773e-211
1.2745803e-210
5.2149616e-211
2.3034931e-210
-7.0808666e-211
1.0248151e-210
4.2725016e-207
2.0441515e-207
-1.0814931e-207
1.5719211e-207
3.6429635e-207
1.7326884e-207
-9.1926406e-208
1.3361739e-207
2.6685481e-207
1.2859479e-207
-6.7806298e-208
9.8550054e-208
2.1457742e-207
1.0341857e-207
-5.452729e-208
7.9250148e-208
2.1491592e-207
1.0326474e-207
-5.4524537e-208
7.924767e-208
1.6994279e-207
8.2132731e-208
-4.3248425e-208
6.2856285e-208
1.1094529e-207
5.4027668e-208
-2.8348593e-208
4.1199213e-208
8.328048e-208
4.0510639e-208
-2.1267128e-208
3.0907861e-208
5.3236545e-211
2.3044055e-210
-7.0962955e-211
1.0270812e-210
4.0584787e-211
1.8263574e-210
-5.6051345e-211
8.1120762e-211
2.5189675e-211
1.1958528e-210
-3.6537088e-211
5.2874258e-211
1.9046879e-211
8.9729628e-211
-2.7432517e-211
3.9699115e-211
1.9060617e-211
8.981226e-211
-2.7457334e-211
3.9735005e-211
1.334235e-211
6.5926565e-211
-2.0078158e-211
2.9054155e-211
7.5938708e-212
3.8269478e-211
-1.1637186e-211
1.683914e-211
5.1606894e-212
2.6651232e-211
-8.0891188e-212
1.1704635e-211
8.3355351e-208
4.0548595e-208
-2.1286687e-208
3.0936281e-208
6.1032401e-208
2.9881831e-208
-1.5639886e-208
2.2728763e-208
3.5392412e-208
1.73723e-208
-9.0818089e-209
1.3197972e-208
2.4616602e-208
1.2120952e-208
-6.3273281e-209
9.1948861e-209
2.4823978e-202
-1.2313193e-202
4.4357397e-204
-4.776447e-204
1.9803911e-202
-9.7150235e-203
3.236851e-204
-3.3819411e-204
1.3076923e-202
-6.3248976e-203
1.8856983e-204
-1.8759451e-204
9.798255e-203
-4.7497273e-203
1.4425255e-204
-1.4476506e-204
1.1720289e-204
8.9382759e-206
-1.6545314e-205
2.4238797e-205
9.3019854e-205
7.260122e-206
-1.317791e-205
1.9303835e-205
6.1020914e-205
4.9030485e-206
-8.6839661e-206
1.2719346e-205
4.5770852e-205
3.6616998e-206
-6.509239e-206
9.5341927e-206
4.5812902e-205
3.6657291e-206
-6.5154098e-206
9.5432287e-206
3.3682679e-205
2.7611688e-206
-4.8087474e-206
7.0427633e-206
1.9563373e-205
1.6184231e-206
-2.7971003e-206
4.0963995e-206
1.3633954e-205
1.1408296e-206
-1.9529513e-206
2.8599943e-206
9.8077081e-203
-4.7537945e-203
1.4424717e-204
-1.4469728e-204
7.2512436e-203
-3.4724192e-203
9.4849186e-205
-9.0232212e-205
4.220234e-203
-2.0118231e-203
5.2651612e-205
-4.8895463e-205
2.9489454e-203
-1.3975932e-203
3.4502236e-205
-3.0916954e-205
2.951163e-203
-1.394514e-203
3.3375289e-205
-2.9303451e-205
2.0109013e-203
-9.4782039e-204
2.20734e-205
-1.901896e-205
1.0329279e-203
-4.8517114e-204
1.0865856e-205
-9.0987147e-206
6.6754021e-204
-3.1103477e-204
6.3206635e-206
-4.8843708e-206
1.3625671e-205
1.1466213e-206
-1.9535785e-206
2.8608467e-206
9.2739476e-206
7.8433194e-207
-1.3307463e-206
1.9487203e-206
4.7564028e-206
4.0501983e-207
-6.8328135e-207
1.0005547e-206
3.0627031e-206
2.6480205e-207
-4.4109317e-207
6.4586775e-207
3.0532442e-206
2.6330042e-207
-4.3953952e-207
6.4359965e-207
1.9310256e-206
1.6663376e-207
-2.780178e-207
4.0708853e-207
8.6954991e-207
7.6209574e-208
-1.2552112e-207
1.8378241e-207
5.1654219e-207
4.4737607e-208
-7.4414656e-208
1.0895987e-207
6.6505262e-204
-3.1031325e-204
6.4192678e-206
-5.0396724e-206
4.2065119e-204
-1.9621905e-204
4.0442869e-206
-3.1649781e-206
1.9012165e-204
-8.7956075e-205
1.6242576e-206
-1.1414173e-206
1.1259891e-204
-5.2434388e-205
1.0575856e-206
-8.1178556e-207
2.4576843e-208
1.2120305e-208
-6.3224116e-209
9.1876524e-209
1.6712456e-208
8.2537874e-209
-4.3026187e-209
6.2524532e-209
8.5611041e-209
4.23639e-209
-2.2063834e-209
3.2062155e-209
5.4972956e-209
2.7321453e-209
-1.4200935e-209
2.0635574e-209
5.0922578e-212
2.6624456e-211
-8.0735051e-212
1.1681843e-211
3.4236597e-212
1.8115281e-211
-5.4883413e-212
7.9411456e-212
1.7266388e-212
9.2872795e-212
-2.8103558e-212
4.0662427e-212
1.070693e-212
5.9739078e-212
-1.8029902e-212
2.6085798e-212
1.074091e-212
5.9565076e-212
-1.79851e-212
2.6021189e-212
6.7788727e-213
3.7672568e-212
-1.1373165e-212
1.6454859e-212
2.9308323e-213
1.694652e-212
-5.102029e-213
7.3813057e-213
1.7927612e-213
1.0075791e-212
-3.0394227e-213
4.397411e-213
5.4828828e-209
2.722999e-209
-1.4158146e-209
2.0573488e-209
3.4673002e-209
1.722364e-209
-8.9544735e-210
1.3011899e-209
1.556878e-209
7.7687515e-210
-4.030528e-210
5.8566559e-210
9.2686758e-210
4.6096255e-210
-2.3952085e-210
3.4804853e-210
9.2488601e-210
4.5873098e-210
-2.3865975e-210
3.4680312e-210
5.4221601e-210
2.7084759e-210
-1.4045135e-210
2.0408454e-210
2.1189387e-210
1.0640899e-210
-5.5045212e-211
7.9981346e-211
1.1758388e-210
5.8234144e-211
-3.031756e-211
4.405555e-211
1.8285766e-213
1.0043591e-212
-3.0346282e-213
4.3906059e-213
1.0110919e-213
5.904802e-213
-1.7765374e-213
2.5701511e-213
3.7684014e-214
2.3124631e-213
-6.9346908e-214
1.0031937e-213
2.349051e-214
1.2762812e-213
-3.8592261e-214
5.5837309e-214
2.3888845e-214
1.2705933e-213
-3.8479829e-214
5.5676224e-214
1.1468786e-214
6.9672902e-214
-2.0907318e-214
3.0245483e-214
3.4568939e-215
2.3447364e-214
-6.9883414e-215
1.0108365e-214
2.4693317e-215
1.199037e-214
-3.6567147e-215
5.2915507e-215
1.1717832e-210
5.7882712e-211
-3.0170816e-211
4.3843019e-211
6.3864904e-211
3.2035742e-211
-1.6580581e-211
2.4091906e-211
2.1397991e-211
1.0853373e-211
-5.5888804e-212
8.120176e-212
1.1109251e-211
5.4218735e-212
-2.8419578e-212
4.1301163e-212
1.1189896e-204
-5.2375442e-205
1.1255481e-206
-9.1254689e-207
6.629872e-205
-3.06201e-205
5.5192176e-207
-3.7747372e-207
2.6108683e-205
-1.1943094e-205
1.8516658e-207
-1.0297782e-207
1.4185726e-205
-6.662658e-206
1.4905555e-207
-1.2472806e-207
5.1453177e-207
4.4140107e-208
-7.400663e-208
1.0836674e-207
3.0302034e-207
2.664692e-208
-4.3766631e-208
6.4080091e-208
1.1882024e-207
1.0636044e-208
-1.7214145e-208
2.5201798e-208
6.5341581e-208
5.5728006e-209
-9.389175e-209
1.374869e-208
6.5006627e-208
5.4929477e-209
-9.3267026e-209
1.3657735e-208
3.5782821e-208
3.1904073e-209
-5.1805308e-209
7.5844991e-209
1.2075242e-208
1.1166074e-209
-1.7593986e-209
2.5754142e-209
6.1144705e-209
4.9370449e-210
-8.7084411e-210
1.275464e-209
1.4081293e-205
-6.6460694e-206
1.5701987e-207
-1.3667289e-207
7.8537406e-206
-3.6008399e-206
5.7995183e-208
-3.4232741e-208
2.6745154e-206
-1.2015164e-206
1.2848128e-208
-1.8623692e-209
1.3097984e-206
-6.3309689e-207
1.8762787e-208
-1.8615985e-208
-5.9519241e-214
2.0949619e-214
1.1149042e-215
-1.7697422e-215
-4.0557685e-214
1.4231973e-214
7.7196445e-216
-1.2237279e-215
-2.0835611e-214
7.2812895e-215
4.0503666e-216
-6.4095031e-216
-1.3459678e-214
4.6625158e-215
2.7322038e-216
-4.3085907e-216
-1.0160644e-216
-1.2246801e-217
1.5330305e-217
-2.256757e-217
-6.915766e-217
-8.369218e-218
1.0443897e-217
-1.5374235e-217
-3.5474491e-217
-4.3160541e-218
5.363701e-218
-7.8957128e-218
-2.2840712e-217
-2.8099996e-218
3.4622316e-218
-5.0965299e-218
-2.2770616e-217
-2.7965433e-218
3.4502451e-218
-5.0788997e-218
-1.4403351e-217
-1.7702848e-218
2.1828043e-218
-3.2131707e-218
-6.4861316e-218
-8.065058e-219
9.8558403e-219
-1.4507876e-218
-3.8540034e-218
-4.7555058e-219
5.8459287e-219
-8.6053622e-219
-1.3411284e-214
4.6522838e-215
2.7040169e-216
-4.2664086e-216
-8.4846557e-215
2.9416344e-215
1.7153053e-216
-2.70584e-216
-3.8339534e-215
1.3169979e-215
8.09495e-217
-1.2726679e-216
-2.272587e-215
7.856311e-216
4.6584471e-217
-7.3405318e-217
-5.5945724e-220
-3.0203264e-220
1.5019627e-220
-2.2112122e-220
-3.8037374e-220
-2.0570227e-220
1.0221706e-220
-1.504852e-220
-1.948332e-220
-1.056042e-220
5.2424911e-221
-7.7180374e-221
-1.2506421e-220
-6.8106719e-221
3.3741699e-221
-4.9674528e-221
-1.0772907e-224
-1.2313038e-223
3.6018706e-224
-5.3211605e-224
-7.1031051e-225
-8.3778249e-224
2.4481021e-224
-3.6166623e-224
-3.487583e-225
-4.2956323e-224
1.2534514e-224
-1.8517663e-224
-2.0416349e-225
-2.7630095e-224
8.0390755e-225
-1.1876413e-224
-2.0656882e-225
-2.7549496e-224
8.0190922e-225
-1.184689e-224
-1.2963738e-225
-1.742598e-224
5.0711612e-225
-7.4918072e-225
-5.220869e-226
-7.8392633e-225
2.2742567e-225
-3.3598446e-225
-3.3294921e-226
-4.6615572e-225
1.3549681e-225
-2.0017435e-225
-1.2473859e-220
-6.7880724e-221
3.364012e-221
-4.9525024e-221
-7.8886992e-221
-4.2944152e-221
2.12789e-221
-3.1326804e-221
-3.5410434e-221
-1.9372953e-221
9.5787517e-222
-1.4101758e-221
-2.1085333e-221
-1.1498928e-221
5.6933417e-222
-8.3817193e-222
-2.1045427e-221
-1.1444685e-221
5.6734078e-222
-8.3523993e-222
-1.2332787e-221
-6.7566277e-222
3.3387472e-222
-4.9152665e-222
-4.8170304e-222
-2.6548619e-222
1.3085299e-222
-1.9263896e-222
-2.6762751e-222
-1.4541318e-222
7.2111551e-223
-1.0616277e-222
-3.5224189e-226
-4.6470861e-225
1.3531102e-225
-1.9989974e-225
-1.7579445e-226
-2.7320725e-225
7.9189279e-226
-1.1698934e-225
-5.8804252e-227
-1.0699006e-225
3.0895152e-226
-4.5642653e-226
-4.5419082e-227
-5.9079922e-226
1.7209896e-226
-2.5424781e-226
-4.7685349e-227
-5.8822286e-226
1.7163319e-226
-2.5355955e-226
-1.8203626e-227
-3.2247309e-226
9.3174873e-227
-1.3765097e-226
-4.0638505e-228
-1.084976e-226
3.1111024e-227
-4.5961704e-227
-5.4614908e-228
-5.5541596e-227
1.631686e-227
-2.4105385e-227
-2.667695e-222
-1.4455397e-222
7.1769539e-223
-1.0565958e-222
-1.4523816e-222
-7.9966589e-223
3.943087e-223
-5.8049326e-223
-4.8607996e-223
-2.7090214e-223
1.3288889e-223
-1.9563359e-223
-2.5311307e-223
-1.3558989e-223
6.7654474e-224
-9.9602587e-224
-2.2594366e-215
7.8530787e-216
4.5127915e-217
-7.1255862e-217
-1.3375046e-215
4.5835428e-216
2.8546792e-217
-4.4843879e-217
-5.2658048e-216
1.7848348e-216
1.1793488e-217
-1.8460791e-217
-2.8683302e-216
9.9920152e-217
5.6655274e-218
-8.9536709e-218
-3.8395477e-218
-4.7059304e-219
5.8150657e-219
-8.5600284e-219
-2.2608904e-218
-2.8199578e-219
3.4379297e-219
-5.0606296e-219
-8.8650867e-219
-1.1208622e-219
1.3522957e-219
-1.9905301e-219
-4.8791672e-219
-5.9655729e-220
7.3854962e-220
-1.08718e-219
-4.8548502e-219
-5.8973568e-220
7.3378531e-220
-1.0801785e-219
-2.670896e-219
-3.3688787e-220
4.0719579e-220
-5.9937952e-220
-9.0104315e-220
-1.167936e-220
1.3825473e-220
-2.0349684e-220
-4.571346e-220
-5.395901e-221
6.8651348e-221
-1.010638e-220
-2.8484216e-216
9.9739996e-217
5.4819018e-218
-8.6818576e-218
-1.5851207e-216
5.3838495e-217
3.5189019e-218
-5.5117837e-218
-5.3924407e-217
1.7904698e-217
1.3125505e-218
-2.0427921e-218
-2.6583663e-217
9.5234143e-218
4.5122182e-219
-7.2249687e-219
-2.619378e-217
9.6841729e-218
3.6015762e-219
-5.8920052e-219
-1.4266189e-217
4.8244921e-218
3.2261603e-219
-5.046567e-219
-4.0418086e-218
1.2606782e-218
1.2124458e-219
-1.8633281e-219
-1.6940591e-218
7.5679263e-219
-1.3380889e-220
1.5181774e-220
-4.5600075e-220
-5.1600161e-221
6.7854645e-221
-9.9897858e-221
-2.4003565e-220
-3.0441295e-221
3.66415e-221
-5.3934584e-221
-6.6034457e-221
-9.1858292e-222
1.0308589e-221
-1.517125e-221
-3.1914667e-221
-2.6599365e-222
4.4811561e-222
-6.6002752e-222
-3.3460144e-221
-2.5899666e-222
4.6422023e-222
-6.8381505e-222
-1.6876905e-221
-2.3331023e-222
2.6305424e-222
-3.8714457e-222
-3.0845272e-222
-4.1707749e-223
4.7814285e-223
-7.0371905e-223
-2.0620887e-222
-5.1475998e-224
2.5564771e-223
-3.7694413e-223
-1.7473352e-218
8.0958097e-219
-2.1949711e-220
2.7495895e-220
-1.0309392e-218
3.2310685e-219
3.0491057e-220
-4.6898216e-220
-1.8693572e-219
5.9981778e-220
5.1369882e-221
-7.9334497e-221
-9.1926049e-220
5.8796e-220
-5.709452e-221
8.0640441e-221
-2.5522232e-223
-1.3447175e-223
6.7584363e-224
-9.9501243e-224
-1.3033982e-223
-7.1939362e-224
3.5435634e-224
-5.2167442e-224
-3.4848138e-224
-2.0077792e-224
9.7121284e-225
-1.4297254e-224
-1.9031448e-224
-9.0792982e-225
4.7723249e-225
-7.0268604e-225
-6.8845677e-228
-5.5611659e-227
1.6501065e-227
-2.4377419e-227
-1.5226881e-228
-2.897467e-227
8.358848e-228
-1.2348868e-227
1.1482505e-229
-7.893241e-228
2.215914e-228
-3.2736978e-228
-1.0924404e-228
-3.9814094e-228
1.2506324e-228
-1.847548e-228
-1.2775893e-228
-4.1943597e-228
1.3321646e-228
-1.9679866e-228
1.6669177e-230
-2.0203382e-228
5.6865068e-229
-8.4009963e-229
-1.0314506e-231
-3.6946399e-229
1.0446185e-229
-1.5432707e-229
-1.4910288e-229
-2.6896686e-229
9.3187539e-230
-1.3766021e-229
-2.0203545e-224
-9.449348e-225
5.0129171e-225
-7.38128e-225
-8.930033e-225
-5.126901e-225
2.4836746e-225
-3.6562376e-225
-1.6409039e-225
-9.3379983e-226
4.5404311e-226
-6.6840728e-226
-1.379307e-225
-5.4457633e-226
3.1388695e-226
-4.6227324e-226
-1.4642783e-225
-6.4921145e-226
3.5326865e-226
-5.2020249e-226
-4.2708761e-226
-2.9514897e-226
1.3286873e-226
-1.9555701e-226
-5.5653097e-227
-1.3153103e-227
1.0177812e-227
-1.4997891e-227
-9.0229143e-227
-4.3886648e-227
2.2863185e-227
-3.3663361e-227
-1.1490145e-229
-2.9802873e-229
9.7443559e-230
-1.4395034e-229
3.1398079e-230
-1.0537257e-229
2.61313e-230
-3.8607455e-230
-1.1345413e-230
-9.2860432e-231
3.9333452e-231
-5.8101233e-231
-4.7214602e-231
-1.9053495e-230
5.9265224e-231
-8.7552309e-231
7.9053793e-232
-1.9930727e-230
5.5374276e-231
-8.1807988e-231
4.3928564e-231
-3.0351991e-231
3.4965269e-232
-5.1687851e-232
-1.882736e-231
-3.2677957e-232
3.098135e-232
-4.575681e-232
7.2407596e-232
-1.2441824e-231
2.6771994e-232
-3.9556951e-232
-8.715417e-227
-5.1129573e-227
2.4548057e-227
-3.6136467e-227
-7.9070235e-228
-1.1677129e-227
4.211738e-228
-6.1944101e-228
-3.8316168e-228
8.8818944e-229
1.9493858e-229
-2.8944401e-229
-4.5817115e-228
-3.8061374e-228
1.6058165e-228
-2.3629897e-228
-1.1695433e-219
5.9784505e-220
-3.0422191e-221
4.1253893e-221
-6.2873997e-220
1.3636012e-220
3.565563e-221
-5.3389908e-221
-1.2909005e-221
2.7156704e-221
-6.1141561e-222
8.8519729e-222
-8.2638562e-221
3.5357876e-221
-2.1428032e-223
1.0276405e-223
-2.3450468e-222
-1.4367291e-223
3.1469601e-223
-4.6368915e-223
-9.1682519e-223
-1.739749e-223
1.5619953e-223
-2.2974183e-223
-6.3928987e-224
9.0418112e-225
4.9305014e-225
-7.3094932e-225
-1.5297472e-223
-1.3725335e-224
2.1754249e-224
-3.2038757e-224
-1.6698284e-223
-2.4181594e-224
2.6336226e-224
-3.8756691e-224
-3.0639297e-224
-1.0976344e-224
6.6733607e-225
-9.8011569e-225
-4.5296896e-226
2.8602749e-225
-7.5229511e-226
1.0984343e-225
-1.1231752e-224
-2.6717372e-225
2.065721e-225
-3.0368545e-225
-1.0361388e-220
3.0980941e-221
3.4841305e-222
-5.3237542e-222
-2.8522354e-221
2.8777258e-223
3.2753438e-222
-4.8307593e-222
3.9837868e-222
2.511399e-222
-1.1746742e-222
1.7168265e-222
-8.4939247e-222
1.2146371e-222
6.5807057e-223
-9.7760482e-223
1.2871711e-206
-6.4131896e-207
2.3787147e-208
-2.5887047e-208
7.0633223e-207
-3.2273783e-207
4.9059023e-209
-2.6383915e-209
2.0107448e-207
-8.5400838e-208
-4.1098208e-210
1.8142709e-209
8.1607001e-208
-4.9113165e-208
3.867793e-209
-4.9911648e-209
6.0948456e-209
4.6228679e-210
-8.5970596e-210
1.2594583e-209
3.2137928e-209
2.88405e-210
-4.6580637e-210
6.819375e-210
8.8580666e-210
8.9941748e-211
-1.3131061e-210
1.9213061e-210
4.244234e-210
1.9258405e-211
-5.6250039e-211
8.2539536e-211
4.4437323e-210
1.7634483e-211
-5.8187059e-211
8.5410324e-211
2.2611868e-210
2.2898986e-211
-3.3502945e-211
4.9021663e-211
4.1379237e-211
3.9844506e-212
-6.0732306e-212
8.8881739e-212
2.7105965e-211
-3.6506946e-213
-3.1464709e-212
4.634769e-212
8.3894413e-208
-5.2272286e-208
4.4738178e-209
-5.837162e-209
5.12976e-208
-2.1803552e-208
-1.0031391e-210
4.5669755e-210
9.2514203e-209
-4.069499e-209
2.021245e-211
2.7845461e-211
4.2273843e-209
-3.6803649e-209
5.1753344e-210
-7.0873635e-210
1.1187747e-211
5.3735304e-212
-2.8377667e-212
4.1244389e-212
5.7295507e-212
2.8798196e-212
-1.4891232e-212
2.1636904e-212
1.5388106e-212
8.0468848e-213
-4.0868981e-213
5.936771e-213
8.2851192e-213
3.6087732e-213
-1.9977042e-213
2.9052556e-213
2.7621966e-215
1.2000574e-214
-3.694253e-215
5.3467855e-215
1.0098581e-215
6.2565906e-215
-1.8750908e-215
2.7125191e-215
1.7088019e-216
1.7070333e-215
-4.9920248e-216
7.2181706e-216
3.2195492e-216
8.5688387e-216
-2.7854899e-216
4.0353893e-216
3.6341967e-216
9.01619e-216
-2.9601137e-216
4.2890807e-216
4.4927964e-217
4.361968e-216
-1.2771104e-216
1.8466504e-216
9.8824855e-218
8.0024348e-217
-2.362348e-217
3.4164646e-217
3.6809842e-217
5.7427705e-217
-2.0471845e-217
2.9702364e-217
8.7737576e-213
3.7522225e-213
-2.0960972e-213
3.0486981e-213
3.9327511e-213
2.0537045e-213
-1.043703e-213
1.5161294e-213
7.264857e-214
3.7373643e-214
-1.9121692e-214
2.7779593e-214
5.9079362e-214
2.1402566e-214
-1.3032334e-214
1.897468e-214
6.3076428e-214
2.5676679e-214
-1.4705719e-214
2.1395444e-214
1.9103837e-214
1.1892703e-214
-5.6067657e-215
8.1358049e-215
2.3620953e-215
4.951005e-216
-4.2001703e-216
6.1352368e-216
3.8992764e-215
1.7425793e-215
-9.5258935e-216
1.3851119e-215
3.0354945e-217
6.3757854e-217
-2.1483831e-217
3.1142229e-217
-3.9073652e-218
2.2841415e-217
-5.9463908e-218
8.5777073e-218
2.6017586e-218
1.9807517e-218
-8.6378817e-219
1.2568945e-218
1.3872305e-218
4.0771114e-218
-1.3082523e-218
1.894801e-218
2.7907259e-219
4.2870028e-218
-1.2359411e-218
1.786545e-218
-8.2206492e-219
6.7147225e-219
-9.1072134e-220
1.287705e-219
3.9483994e-219
6.4274439e-220
-6.4782468e-220
9.4944961e-220
-1.2252965e-219
2.6933349e-219
-6.1066401e-220
8.78031e-220
3.8204323e-215
2.0473955e-215
-1.0285773e-215
1.4939074e-215
3.9422948e-216
4.7839479e-216
-1.8095703e-216
2.616126e-216
1.5030502e-216
-4.0494595e-217
-6.560439e-218
1.0076525e-217
2.0650826e-216
1.5414553e-216
-6.7777287e-217
9.8242826e-217
5.5556555e-209
-3.8037845e-209
3.9178556e-210
-5.2206253e-210
3.1961591e-209
-9.7570527e-210
-1.1311279e-210
1.8015655e-210
3.499492e-211
-1.6408569e-210
4.1583487e-211
-5.8825584e-211
4.007391e-210
-2.2799754e-210
1.5313746e-211
-1.9276218e-211
3.0984513e-211
7.5179775e-213
-3.923661e-212
5.7648223e-212
1.2371414e-211
1.8843014e-212
-2.0096109e-212
2.9342108e-212
8.2362039e-213
-1.6129127e-213
-5.3593686e-214
8.0825236e-214
2.0272385e-212
1.0936138e-213
-2.7354672e-213
4.0121327e-213
2.2329112e-212
2.4421808e-213
-3.3590821e-213
4.9133179e-213
4.2425686e-213
1.3264556e-213
-8.7939563e-214
1.2778343e-213
1.6560658e-216
-3.9227633e-214
1.0950484e-214
-1.563449e-214
1.5215279e-213
3.0762482e-214
-2.6838456e-214
3.911907e-214
5.1789221e-210
-2.0864342e-210
-4.2185692e-212
9.1689442e-212
1.5157703e-210
-1.0125924e-211
-1.5455069e-211
2.2867532e-211
-2.4228111e-211
-1.3518969e-211
6.6959991e-212
-9.6541132e-212
4.4027713e-211
-9.3462205e-212
-2.7010915e-212
4.1049241e-212
5.7290661e-185
-1.3708002e-184
3.0396983e-185
-4.0218179e-185
3.911508e-185
-9.3238926e-185
2.0656616e-185
-2.7328175e-185
2.0147346e-185
-4.7764982e-185
1.0568152e-185
-1.3979453e-185
1.3151316e-185
-3.0691852e-185
6.7645773e-186
-8.9445474e-186
1.7370677e-186
-2.04347e-187
-1.6255934e-187
2.4328843e-187
1.1823776e-186
-1.3864055e-187
-1.1077521e-187
1.6576959e-187
6.0636799e-187
-7.0766067e-188
-5.6902193e-188
8.5138114e-188
3.9077861e-187
-4.5003417e-188
-3.6837112e-188
5.5093222e-188
3.8949435e-187
-4.4978872e-188
-3.6682047e-188
5.4865921e-188
2.4625736e-187
-2.8445328e-188
-2.3190238e-188
3.4686201e-188
1.1095696e-187
-1.2650337e-188
-1.0494806e-188
1.5690924e-188
6.5825688e-188
-7.6065773e-189
-6.1980995e-189
9.2706497e-189
1.3072858e-185
-3.0609732e-185
6.7519632e-186
-8.9286322e-186
8.2617126e-186
-1.9353654e-185
4.2695454e-186
-5.6459945e-186
3.7680685e-186
-8.6950717e-186
1.9110321e-186
-2.5261386e-186
2.2060238e-186
-5.1736841e-186
1.1416523e-186
-1.5097474e-186
1.0810713e-188
3.1166243e-189
-2.2131391e-189
3.1551416e-189
7.3542941e-189
2.122606e-189
-1.5062219e-189
2.1472875e-189
3.7685103e-189
1.0894571e-189
-7.723161e-190
1.1009899e-189
2.422916e-189
7.0355387e-190
-4.9740662e-190
7.0903557e-190
2.3429408e-191
2.7092697e-191
-1.0404588e-191
1.4575927e-191
1.5915887e-191
1.8436241e-191
-7.0767545e-192
9.9136915e-192
8.139421e-192
9.4515503e-192
-3.6254793e-192
5.0786918e-192
5.205379e-192
6.0836117e-192
-2.3293944e-192
3.2628214e-192
5.1962076e-192
6.0651871e-192
-2.3231591e-192
3.2541407e-192
3.2856523e-192
3.8351034e-192
-1.4689671e-192
2.0576363e-192
1.4692511e-192
1.7260216e-192
-6.5993963e-193
9.2432382e-193
8.7817931e-193
1.0253535e-192
-3.9270756e-193
5.5007557e-193
2.4161206e-189
7.0095877e-190
-4.9583971e-190
7.0681194e-190
1.5277052e-189
4.4319445e-190
-3.135127e-190
4.4690693e-190
6.8677391e-190
2.0010294e-190
-1.411776e-190
2.0123138e-190
4.0840867e-190
1.1848689e-190
-8.3814413e-191
1.1947514e-190
4.0716428e-190
1.1777471e-190
-8.3462157e-191
1.1897869e-190
2.3916847e-190
6.9718368e-191
-4.9174057e-191
7.0090743e-191
9.3615317e-191
2.7422473e-191
-1.928448e-191
2.7485048e-191
5.1704388e-191
1.4908311e-191
-1.0585487e-191
1.5090675e-191
8.7863016e-193
1.0214779e-192
-3.9169237e-193
5.4868337e-193
5.1134543e-193
6.0120155e-193
-2.2981513e-193
3.2187884e-193
1.9893817e-193
2.3562054e-193
-8.9885464e-194
1.2588154e-193
1.1197831e-193
1.2963e-193
-4.9766499e-194
6.9716295e-194
1.1187131e-193
1.2897819e-193
-4.9573016e-194
6.9448842e-194
6.0023965e-194
7.092464e-194
-2.7074149e-194
3.7917372e-194
1.9909809e-194
2.3915339e-194
-9.0881371e-195
1.2725291e-194
1.0754031e-194
1.2131552e-194
-4.6915619e-195
6.5743947e-195
5.1480542e-191
1.4801368e-191
-1.0527962e-191
1.5009355e-191
2.8188412e-191
8.243479e-192
-5.8029709e-192
8.2708212e-192
9.4785601e-192
2.802275e-192
-1.959661e-192
2.7925473e-192
4.8605215e-192
1.3754983e-192
-9.8793285e-193
1.408805e-192
2.1763008e-186
-5.1598376e-186
1.141618e-186
-1.5101154e-186
1.3133177e-186
-3.0276293e-186
6.6525437e-187
-8.7935442e-187
5.2228662e-187
-1.18433e-186
2.5914277e-187
-3.4239392e-187
2.7275712e-187
-6.5541794e-187
1.4547591e-187
-1.924958e-187
6.5518439e-188
-7.6399175e-189
-6.150209e-189
9.2016318e-189
3.8646454e-188
-4.4010677e-189
-3.6567838e-189
5.4670783e-189
1.5166025e-188
-1.701746e-189
-1.4420282e-189
2.154927e-189
8.3038065e-189
-9.7826846e-190
-7.7674265e-190
1.1624863e-189
8.2549708e-189
-9.8085334e-190
-7.6987829e-190
1.1525316e-189
4.5619614e-189
-5.1466025e-190
-4.330053e-190
6.4717288e-190
1.5430345e-189
-1.6824532e-190
-1.4806703e-190
2.2107965e-190
7.7256273e-190
-9.6216857e-191
-7.0834702e-191
1.0620868e-190
2.6880075e-187
-6.5281028e-187
1.4526129e-187
-1.9226132e-187
1.5627339e-187
-3.5663969e-187
7.8162827e-188
-1.0328983e-187
5.4471128e-188
-1.197569e-187
2.5992984e-188
-3.4314098e-188
2.3876822e-188
-6.1758532e-188
1.393894e-188
-1.8475728e-188
-1.1734085e-193
9.4021121e-194
-1.1539765e-194
1.4818764e-194
-7.9977273e-194
6.3931596e-194
-7.8232772e-195
1.0042031e-194
-4.1094883e-194
3.2741001e-194
-3.9895728e-195
5.1179691e-195
-2.6600791e-194
2.1015941e-194
-2.5332971e-195
3.24478e-195
-1.1552829e-195
-1.196574e-197
1.4524748e-196
-2.1281162e-196
-7.8633479e-196
-8.4476802e-198
9.8945942e-197
-1.4496583e-196
-4.0327163e-196
-4.5492348e-198
5.0804766e-197
-7.4429623e-197
-2.5974929e-196
-3.2739257e-198
3.2819085e-197
-4.8073445e-197
-2.5893017e-196
-3.1993012e-198
3.2697719e-197
-4.7896912e-197
-1.6373881e-196
-2.0268233e-198
2.0678012e-197
-3.028985e-197
-7.3746942e-197
-1.0112669e-198
9.3405936e-198
-1.3680423e-197
-4.3787305e-197
-5.4885189e-199
5.531669e-198
-8.1027909e-198
-2.6491639e-194
2.0963481e-194
-2.5322599e-195
3.244435e-195
-1.6752423e-194
1.3255686e-194
-1.6010504e-195
2.0513004e-195
-7.5822751e-195
5.9494461e-195
-7.1073506e-196
9.0916373e-196
-4.4813826e-195
3.543489e-195
-4.2759095e-196
5.4776817e-196
-4.0693488e-198
-1.6423323e-198
9.535366e-199
-1.3699542e-198
-2.7677637e-198
-1.1184099e-198
6.4893039e-199
-9.323096e-199
-1.418055e-198
-5.7399227e-199
3.3274964e-199
-4.7804656e-199
-9.1111175e-199
-3.7031256e-199
2.1421638e-199
-3.0774015e-199
-3.4210958e-201
-7.5601997e-201
2.5214649e-201
-3.5822986e-201
-2.3183882e-201
-5.1442322e-201
1.7145472e-201
-2.4358363e-201
-1.1818723e-201
-2.6372367e-201
8.7816715e-202
-1.2475598e-201
-7.5026715e-202
-1.6967859e-201
5.6377694e-202
-8.0086363e-202
-7.4986625e-202
-1.6917821e-201
5.6233407e-202
-7.9882499e-202
-4.7401047e-202
-1.0698685e-201
3.5559095e-202
-5.0513387e-202
-2.103248e-202
-4.8134652e-202
1.596277e-202
-2.2674095e-202
-1.2644855e-202
-2.8609936e-202
9.5052657e-203
-1.3502474e-202
-9.0865627e-199
-3.6903647e-199
2.1356163e-199
-3.0680218e-199
-5.7459067e-199
-2.333848e-199
1.350528e-199
-1.940161e-199
-2.581471e-199
-1.0529116e-199
6.0797166e-200
-8.7336483e-200
-1.5361479e-199
-6.243307e-200
3.6116564e-200
-5.1884301e-200
-1.5322276e-199
-6.2108336e-200
3.5978397e-200
-5.1687391e-200
-8.9905522e-200
-3.6697211e-200
2.1181541e-200
-3.0427411e-200
-3.5162274e-200
-1.4421398e-200
8.3033421e-201
-1.1927113e-200
-1.9471126e-200
-7.8759145e-201
4.567408e-201
-6.5617686e-201
-1.2710821e-202
-2.8511927e-202
9.4859671e-203
-1.3475708e-202
-7.3075309e-203
-1.6769046e-202
5.5586719e-203
-7.8956059e-203
-2.8161733e-203
-6.5690662e-203
2.1718963e-203
-3.0847089e-203
-1.6244557e-203
-3.6210532e-203
1.2059593e-203
-1.713233e-203
-1.6300697e-203
-3.6040944e-203
1.201916e-203
-1.707567e-203
-8.5164536e-204
-1.9783663e-203
6.5452287e-204
-9.2962662e-204
-2.7674388e-204
-6.6630506e-204
2.192155e-204
-3.1129403e-204
-1.5981227e-204
-3.3968457e-204
1.1402937e-204
-1.6203828e-204
-1.9396134e-200
-7.8256052e-201
4.5442622e-201
-6.5287068e-201
-1.0593303e-200
-4.3391831e-201
2.5000018e-201
-3.5911032e-201
-3.5554208e-201
-1.4714777e-201
8.4327708e-202
-1.2111695e-201
-1.8357397e-201
-7.3113621e-202
4.2744323e-202
-6.1419253e-202
-4.4479606e-195
3.5366363e-195
-4.2982531e-196
5.5119453e-196
-2.6433499e-195
2.071599e-195
-2.470786e-196
3.1598545e-196
-1.0425933e-195
8.0932892e-196
-9.5303264e-197
1.2165447e-196
-5.62602e-196
4.4964191e-196
-5.5004642e-197
7.0601714e-197
-4.3604226e-197
-5.0882027e-199
5.4980639e-198
-8.0543128e-198
-2.5693615e-197
-3.5786614e-199
3.2558344e-198
-4.768433e-198
-1.0077949e-197
-1.5574462e-199
1.2813258e-198
-1.876293e-198
-5.5330871e-198
-6.0455037e-200
6.9653154e-199
-1.0204481e-198
-5.5031542e-198
-5.5557791e-200
6.9149475e-199
-1.0131597e-198
-3.033504e-198
-4.557288e-200
3.8532324e-199
-5.6426729e-199
-1.0245763e-198
-1.8782599e-200
1.3108567e-199
-1.9189388e-199
-5.166765e-199
-2.9909973e-201
6.4305209e-200
-9.4261569e-200
-5.5777946e-196
4.4817301e-196
-5.519402e-197
7.0911843e-197
-3.1326614e-196
2.4387518e-196
-2.8828418e-197
3.682008e-197
-1.0710012e-196
8.1657496e-197
-9.3794522e-198
1.1928314e-197
-5.147744e-197
4.2551763e-197
-5.4233389e-198
7.0009049e-198
-5.0187394e-197
4.2911872e-197
-5.6826416e-198
7.3728707e-198
-2.816451e-197
2.1862214e-197
-2.5741389e-198
3.2857702e-198
-8.1395344e-198
5.861013e-198
-6.1724612e-199
7.7417435e-199
-2.9973615e-198
3.205242e-198
-5.1735302e-199
6.8684275e-199
-5.1417501e-199
-3.0110527e-202
6.3251125e-200
-9.2770243e-200
-2.7231373e-199
-4.2241788e-201
3.4627239e-200
-5.0705232e-200
-7.5351137e-200
-2.0680849e-201
9.8312085e-201
-1.4378091e-200
-3.5418409e-200
1.1557618e-201
4.0303923e-201
-5.9352203e-201
-3.6997564e-200
1.4245074e-201
4.1498273e-201
-6.1159486e-201
-1.9216058e-200
-5.3295555e-202
2.5087393e-201
-3.6689662e-201
-3.5151512e-201
-7.2464027e-203
4.5195468e-202
-6.6141561e-202
-2.2111755e-201
2.1478582e-202
2.1203378e-202
-3.1539337e-202
-3.0474268e-198
3.3931365e-198
-5.6322102e-199
7.4985227e-199
-2.0785128e-198
1.4925891e-198
-1.5649009e-199
1.9610447e-199
-3.6992991e-199
2.7877551e-199
-3.1486558e-200
3.9948317e-200
-1.3172591e-199
2.3004299e-199
-4.7443767e-200
6.4401e-200
-1.8445348e-201
-7.2306602e-202
4.2627292e-202
-6.1262293e-202
-9.5017643e-202
-3.8983226e-202
2.2441423e-202
-3.2234994e-202
-2.5692038e-202
-1.0940714e-202
6.1791613e-203
-8.8719404e-203
-1.3482972e-202
-4.7829123e-203
2.9761886e-203
-4.2821391e-203
-1.6744313e-204
-3.3955345e-204
1.1491896e-204
-1.6334769e-204
-7.6005626e-205
-1.7757144e-204
5.8694781e-205
-8.3361872e-205
-1.8152234e-205
-4.8616709e-205
1.5747236e-205
-2.2349397e-205
-1.5210707e-205
-2.4058024e-205
8.5483936e-206
-1.2170349e-205
-1.6593322e-205
-2.5261933e-205
9.0516402e-206
-1.2890194e-205
-4.6304895e-206
-1.2403692e-205
4.0175779e-206
-5.7018964e-206
-9.1483717e-207
-2.2797685e-206
7.4613565e-207
-1.0593661e-206
-1.4021798e-206
-1.5852004e-206
6.1180669e-207
-8.7322868e-207
-1.4231062e-202
-4.9593532e-203
3.1166112e-203
-4.4850854e-203
-6.5515523e-203
-2.7912237e-203
1.5760892e-203
-2.2629056e-203
-1.2135267e-203
-5.0646761e-204
2.8899304e-204
-4.1502589e-204
-9.3691098e-204
-2.7455321e-204
1.9074246e-204
-2.7502785e-204
-1.0127457e-203
-3.3633957e-204
2.1718477e-204
-3.1271652e-204
-3.272441e-204
-1.6478168e-204
8.5777097e-205
-1.2291834e-204
-3.6174993e-205
-5.4246358e-206
5.9246636e-206
-8.5998405e-206
-6.3193806e-205
-2.3154758e-205
1.4155004e-205
-2.0358417e-205
-1.281903e-206
-1.7739572e-206
6.497997e-207
-9.2597867e-207
-8.0887989e-208
-6.58179e-207
1.9318164e-207
-2.7316369e-207
-8.4437083e-208
-5.3216164e-208
2.5071774e-208
-3.5978592e-208
-6.7234777e-208
-1.1403813e-207
3.9931144e-208
-5.6819916e-208
-4.0301826e-208
-1.2168028e-207
3.8791538e-208
-5.5021034e-208
1.5740423e-208
-2.0406877e-208
3.7747672e-209
-5.2149569e-209
-1.0740213e-208
-1.2711122e-209
1.6575605e-209
-2.4151167e-209
1.1309305e-209
-7.8319946e-209
2.0447995e-209
-2.8771227e-209
-6.35557e-205
-2.7894181e-205
1.5517088e-205
-2.2271172e-205
-7.9005207e-206
-6.9568904e-206
2.899109e-206
-4.1288065e-206
-1.9412466e-206
7.5433281e-207
2.7244287e-208
-5.3916305e-208
-3.6276604e-206
-2.1728815e-206
1.0472e-206
-1.4976557e-206
-1.9508167e-199
2.4316154e-199
-4.324367e-200
5.7952052e-200
-1.3746646e-199
7.1104779e-200
-2.6999974e-201
2.3740783e-201
1.8693944e-201
9.6470792e-201
-2.9037318e-201
4.041154e-201
-1.5062891e-200
1.4859067e-200
-2.2539863e-201
2.9716872e-201
-2.5600191e-201
1.3945791e-202
2.758067e-202
-4.0740643e-202
-1.0687486e-201
-8.5882808e-203
1.5514404e-202
-2.2581513e-202
-6.3196605e-203
2.0510719e-203
2.0691514e-204
-3.4504791e-204
-1.6900835e-202
3.6088643e-204
1.9762836e-203
-2.9062956e-203
-1.898068e-202
-7.1399915e-204
2.5301945e-203
-3.6968772e-203
-3.8618183e-203
-9.0261947e-204
7.2501585e-204
-1.0450403e-203
1.1081568e-204
3.541353e-204
-1.1192745e-204
1.5696653e-204
-1.3327983e-203
-1.7685098e-204
2.1284714e-204
-3.0861675e-204
-2.1273724e-200
1.4323128e-200
-1.3374744e-201
1.6405898e-201
-7.2692141e-201
1.3186068e-201
5.3362994e-202
-8.1125428e-202
1.4874325e-201
6.5734526e-202
-3.6605182e-202
5.2179559e-202
-1.9879008e-201
7.3685202e-202
4.1679913e-203
-7.753681e-203
2.2303751e-188
-6.2021832e-188
1.4210817e-188
-1.8864564e-188
1.4059807e-188
-3.1967128e-188
6.9992988e-189
-9.2483022e-189
4.3545048e-189
-8.6656973e-189
1.8284368e-189
-2.4064927e-189
8.8297902e-190
-4.5202349e-189
1.129865e-189
-1.5123095e-189
7.6661912e-190
-1.0039748e-190
-6.8934456e-191
1.035512e-190
4.0928724e-190
-4.6003062e-191
-3.8896034e-191
5.8127395e-191
1.1395663e-190
-1.1231366e-191
-1.1264079e-191
1.6773532e-191
5.1790129e-191
-8.9823856e-192
-4.0511881e-192
6.1727611e-192
5.3910231e-191
-9.7345703e-192
-4.1112031e-192
6.2819605e-192
2.9048555e-191
-2.8326313e-192
-2.8797475e-192
4.2873546e-192
5.2937498e-192
-5.7433211e-193
-5.0877272e-193
7.5945007e-193
3.1090487e-192
-8.0333366e-193
-1.7048641e-193
2.7186512e-193
8.1226504e-190
-4.7618577e-189
1.2052283e-189
-1.6149518e-189
1.1198852e-189
-2.2033147e-189
4.632863e-190
-6.0948285e-190
1.8674046e-190
-4.1073486e-190
8.9151159e-191
-1.1770356e-190
-2.1313225e-191
-3.1069525e-190
8.8063409e-191
-1.1911962e-190
4.8702866e-192
1.3535254e-192
-9.8309297e-193
1.4023087e-192
2.5277214e-192
7.4018833e-193
-5.2063766e-193
7.4202889e-193
6.8856838e-193
2.0979759e-193
-1.4407666e-193
2.0520879e-193
3.5011045e-193
8.6388368e-194
-6.766079e-194
9.669203e-194
1.099535e-194
1.2102642e-194
-4.7136009e-195
6.6073781e-195
5.3737783e-195
6.3632042e-195
-2.4276036e-195
3.3997397e-195
1.3903388e-195
1.7508893e-195
-6.5697884e-196
9.1936534e-196
8.8703567e-196
8.4661423e-196
-3.4439592e-196
4.8368174e-196
9.4953375e-196
8.8654481e-196
-3.6321364e-196
5.1026089e-196
3.5318532e-196
4.4618758e-196
-1.672842e-196
2.3408171e-196
6.7770665e-197
8.1987066e-197
-3.1094407e-197
4.3535255e-197
7.0828347e-197
5.4363711e-197
-2.3841253e-197
3.3586026e-197
3.6820069e-193
8.9025236e-194
-7.0653579e-194
1.0100065e-193
1.7530577e-193
5.3545744e-194
-3.6718394e-194
5.2296047e-194
3.2473769e-194
9.630903e-195
-6.721962e-195
9.5781249e-195
2.3569586e-194
4.5754159e-195
-4.2129646e-195
6.0419737e-195
2.5915513e-194
5.9259232e-195
-4.8793028e-195
6.9809389e-195
9.0467423e-195
3.2989041e-195
-2.042664e-195
2.9007222e-195
8.5888592e-196
4.6773745e-197
-1.2040231e-196
1.7489416e-196
1.6388906e-195
4.2338454e-196
-3.2199103e-196
4.5982042e-196
6.996392e-197
6.1711271e-197
-2.5764937e-197
3.6223301e-197
1.3472017e-197
2.4183222e-197
-8.3610962e-198
1.1653612e-197
3.6305912e-198
1.7194883e-198
-9.2698193e-199
1.3156178e-198
3.9969951e-198
4.0089189e-198
-1.6055843e-198
2.253274e-198
3.2637748e-198
4.3794112e-198
-1.6167526e-198
2.2605813e-198
-1.6045362e-199
8.084756e-199
-2.0349923e-199
2.7826663e-199
3.6535088e-199
1.334912e-200
-4.9151756e-200
7.1657994e-200
8.9462355e-200
2.9325942e-199
-9.2201789e-200
1.278509e-199
1.7024909e-195
5.398187e-196
-3.6207576e-196
5.1537016e-196
2.5377439e-196
1.5304304e-196
-7.3990677e-197
1.0417831e-196
3.3647495e-197
-2.3275673e-197
2.209992e-198
-2.614671e-198
1.036164e-196
4.5202825e-197
-2.5444237e-197
3.6023627e-197
3.5532298e-191
-3.3640804e-190
8.7918156e-191
-1.1812569e-190
9.2880959e-191
-1.1064983e-190
1.8618158e-191
-2.3823786e-191
-8.7796696e-192
-1.2068671e-191
4.4288484e-192
-6.0997844e-192
5.4639448e-192
-2.0975775e-191
5.069924e-192
-6.7636737e-192
3.6896747e-192
-7.384584e-193
-2.615137e-193
4.0302443e-193
1.6611426e-192
-5.9805883e-194
-1.9282189e-193
2.8338877e-193
7.6930377e-194
-4.8852766e-194
3.7626259e-195
-4.1183087e-195
2.4802197e-193
-3.8798152e-194
-2.05657e-194
3.1148915e-194
2.8798694e-193
-2.4180989e-194
-2.962642e-194
4.3971218e-194
6.4933091e-194
8.0610075e-195
-1.0401082e-194
1.4965685e-194
-4.5981214e-195
-5.9599124e-195
2.2207242e-195
-3.0754054e-195
2.1267692e-194
5.2636964e-196
-2.8247112e-195
4.1121631e-195
1.2235938e-191
-2.1230336e-191
4.2809069e-192
-5.6044228e-192
6.5624239e-192
-2.7677509e-192
-7.2043268e-194
1.888386e-193
-1.9891235e-192
-6.1335046e-193
4.208019e-193
-5.9562506e-193
1.5580578e-192
-1.2201092e-192
1.3760361e-193
-1.6379792e-193
-7.5633514e-184
-4.757698e-184
-2.1592022e-184
-1.2574187e-184
1.0503024e-183
6.8483307e-184
3.2959722e-184
2.0177673e-184
-1.4806272e-183
-9.4351025e-184
-4.3784357e-184
-2.5954087e-184
-2.8346372e-183
-1.8185662e-183
-8.5274708e-184
-5.097221e-184
-1.2803643e-184
-7.4377719e-185
-2.9976606e-185
-1.5668991e-185
2.0364497e-184
1.2328305e-184
5.2729741e-185
2.9543861e-185
-2.6328364e-184
-1.5550822e-184
-6.4244248e-185
-3.4215599e-185
-5.1627985e-184
-3.0678986e-184
-1.2811404e-184
-6.8878104e-185
-1.2801394e-183
-7.3480018e-184
-2.9177747e-184
-1.4904282e-184
7.4960411e-184
4.1835275e-184
1.5763702e-184
7.6936075e-185
1.0418575e-183
6.1586352e-184
2.5041473e-184
1.3295796e-184
-2.7622261e-183
-1.5004883e-183
-5.4917216e-184
-2.5647358e-184
-8.0851674e-183
-4.9760444e-183
-2.1956611e-183
-1.2502326e-183
5.1841254e-183
3.1174541e-183
1.320212e-183
7.2751486e-184
5.7955022e-183
3.7213963e-183
1.7274643e-183
1.0305831e-183
-2.0726606e-182
-1.2175073e-182
-4.9907238e-183
-2.658218e-183
-1.6416109e-185
-8.7075456e-186
-3.1566837e-186
-1.4024733e-186
3.0201407e-185
1.6925611e-185
6.4219984e-186
3.253725e-186
-3.5585457e-185
-1.9417728e-185
-7.1702704e-186
-3.3169332e-186
-7.1387306e-185
-3.9155371e-185
-1.4652052e-185
-6.8171316e-186
-1.5818291e-186
-7.5298391e-187
-2.5187417e-187
-8.8051539e-188
3.4087759e-186
1.7625469e-186
5.9125826e-187
2.6834134e-187
-3.6340518e-186
-1.824909e-186
-6.0903813e-187
-2.2791197e-187
-7.4494036e-186
-3.7520037e-186
-1.2783724e-186
-4.7534522e-187
-1.4896464e-185
-7.3535378e-186
-2.4157235e-186
-8.2230279e-187
6.8669247e-186
3.2985639e-186
9.7738611e-187
3.0618843e-187
1.3557312e-185
6.8826603e-186
2.1736039e-186
7.482348e-187
-2.1466395e-185
-9.7831929e-186
-2.8906853e-186
-8.7976715e-187
-1.5741401e-184
-8.398147e-185
-3.0132102e-185
-1.3196082e-185
8.2533042e-185
4.2691198e-185
1.4296684e-185
5.875717e-186
1.3825611e-184
7.548658e-185
2.6985761e-185
1.2189032e-185
-2.7974322e-184
-1.3982479e-184
-4.5884947e-185
-1.7911386e-185
-2.7843547e-185
-1.5577363e-185
-6.2176219e-186
-3.8898076e-186
-6.9090139e-184
-3.5187995e-184
-1.1745561e-184
-4.8272139e-185
1.2492432e-183
6.1197809e-184
1.9475696e-184
6.2800195e-185
1.303025e-183
6.6164495e-184
2.2273616e-184
8.0273365e-185
-3.5303573e-186
-1.6492845e-186
-5.2625014e-187
-3.1581302e-187
-5.622067e-185
-2.6296164e-185
-7.825359e-186
-2.5875854e-186
8.5405042e-185
3.8609223e-185
1.1440455e-185
1.9771808e-186
1.0095629e-184
4.6791149e-185
1.4628722e-185
3.2077063e-186
2.2709328e-184
1.0104187e-184
2.9493129e-185
5.2765695e-186
-1.6895682e-184
-7.266681e-185
-1.8345421e-185
-2.8860879e-186
-1.1434826e-184
-5.8095573e-185
-1.5987958e-185
-5.426078e-186
3.830816e-184
1.5437361e-184
4.1327597e-185
3.8805271e-186
3.4684355e-183
1.6672446e-183
5.2205349e-184
1.6108896e-184
-2.9769021e-183
-1.3778216e-183
-3.9643526e-184
-1.1116631e-184
-1.1809487e-183
-6.7648118e-184
-2.231011e-184
-1.1440956e-184
7.2308925e-183
3.2319144e-183
9.4170847e-184
2.2091926e-184
8.5494846e-184
2.5872879e-184
-5.2202262e-185
-1.1447019e-184
-4.5918384e-182
-2.7367517e-182
-1.1464894e-182
-6.2487198e-183
1.1536527e-181
6.5809196e-182
2.5758736e-182
1.2985036e-182
8.6418825e-182
5.21958e-182
2.2084098e-182
1.2030805e-182
-8.7843421e-185
-7.2963834e-185
-4.2298658e-185
-3.1558884e-185
-6.4513141e-183
-3.5607804e-183
-1.3306289e-183
-6.4222349e-184
1.3770395e-182
7.2862518e-183
2.5578669e-183
1.0924952e-183
1.23983e-182
6.8626242e-183
2.5648475e-183
1.1916149e-183
4.1122042e-182
2.122359e-182
7.2492011e-183
2.9315599e-183
-3.9591781e-182
-1.9809905e-182
-6.4038128e-183
-2.428796e-183
-4.8524509e-183
-4.0125627e-183
-1.8785667e-183
-1.3637898e-183
1.0323542e-181
5.0500269e-182
1.6117538e-182
5.5843802e-183
3.8210594e-181
2.1093434e-181
7.9200489e-182
3.7794033e-182
-4.009802e-181
-2.1654327e-181
-7.8232796e-182
-3.5894604e-182
5.7999454e-182
1.5103872e-182
-2.567279e-183
-7.2912806e-183
1.1161628e-180
5.920917e-181
2.093223e-181
9.1487168e-182
-1.1700266e-187
-4.5967472e-188
-1.580606e-188
-3.8675795e-189
2.9258748e-187
1.3893568e-187
4.0477703e-188
1.7644902e-188
-2.7993843e-187
-1.2826731e-187
-3.9309624e-188
-1.0745639e-188
-5.846119e-187
-2.6686128e-187
-8.6091745e-188
-2.0429711e-188
-6.819681e-189
-1.4492176e-189
-1.0590144e-189
2.1712371e-190
1.9338929e-188
8.1825718e-189
2.061593e-189
9.8990498e-190
-1.6415348e-188
-6.6888154e-189
-1.9136207e-189
-3.514721e-190
-3.4057008e-188
-1.3824925e-188
-4.6856012e-189
1.7182193e-190
-5.7904714e-188
-2.3994591e-188
-7.7881422e-189
8.9289601e-190
2.0034176e-188
8.3436774e-189
1.9201187e-189
1.8931458e-190
5.2761127e-188
2.4103852e-188
5.5868407e-189
6.8153268e-190
-5.3524968e-188
-1.9324483e-188
-5.6497665e-189
6.9095426e-190
-1.0752438e-186
-4.8693628e-187
-1.5194367e-187
-2.8749479e-188
4.2856462e-187
1.9261369e-187
5.0211876e-188
9.5676731e-189
9.7923059e-187
4.678225e-187
1.3150902e-187
2.6085594e-188
-1.2480859e-186
-5.1188881e-187
-1.3728525e-187
-2.6569261e-188
-1.7919373e-190
4.607463e-191
-9.2001967e-191
8.7463982e-191
1.0189607e-189
3.2723689e-190
9.6919283e-191
1.880305e-191
-7.1414428e-190
-2.5428856e-190
-7.6042813e-191
1.2995134e-191
-1.3418169e-189
-5.196948e-190
-2.303783e-190
1.4644729e-190
2.1958965e-191
7.1008061e-192
-6.3689577e-192
8.3530352e-192
4.1253093e-191
4.2128535e-192
6.562671e-192
-7.3788537e-192
-1.8634915e-191
-4.6629382e-192
-4.5374903e-193
2.5124171e-192
-2.5621723e-191
-1.8159941e-191
-7.4560395e-192
1.1966469e-191
-2.743452e-191
-2.7032012e-191
-9.0459071e-192
1.5416095e-191
7.1156712e-192
-1.1035586e-191
-1.7051871e-192
7.4493828e-193
1.2500076e-190
4.2204803e-191
-1.3227256e-191
1.5075824e-191
7.5602944e-191
4.2408526e-191
-1.5575367e-191
2.4201994e-191
-2.1046978e-189
-8.6843207e-190
-3.2276256e-190
2.5117839e-190
7.536522e-190
2.3723224e-190
1.9456185e-191
1.3682249e-191
2.3928129e-189
1.1000007e-189
1.2388675e-190
1.6077427e-190
-1.3866729e-189
-2.8062231e-190
-1.9209131e-190
3.1766441e-190
3.2776791e-191
1.4406604e-190
-8.0009228e-191
2.291685e-190
-5.9700179e-189
-1.8177129e-189
-6.0350041e-190
2.150184e-190
3.8388446e-189
1.7458237e-189
-1.5878438e-190
-6.2105359e-190
7.7461149e-189
3.9959496e-189
6.4720207e-190
-1.3479871e-189
6.7435702e-191
2.6534685e-191
-1.0423356e-191
1.5051301e-191
-6.6342801e-191
5.4162415e-191
-1.3301e-191
2.8102662e-191
-1.8824569e-190
2.2049812e-191
8.3585317e-192
-1.4350716e-191
-3.0542785e-190
-5.6915525e-191
4.832203e-191
-8.0518485e-191
-3.370825e-190
-7.968821e-191
5.5080525e-191
-9.2445704e-191
-3.5490822e-190
-1.1815274e-190
8.1536668e-191
-1.2391119e-190
-1.3081953e-190
-3.1100205e-190
1.1469648e-190
-1.6258983e-190
2.0079703e-190
-3.9035579e-190
8.1977225e-191
-1.1655592e-190
9.4500835e-189
4.1743873e-189
9.3242916e-190
-1.9138865e-189
-3.2220345e-189
2.1724294e-189
1.217377e-189
-1.2679186e-189
-2.429818e-188
-7.0405124e-189
3.6371498e-189
-3.0837063e-189
-2.0171278e-188
-1.3449239e-188
5.298848e-189
-5.5635672e-189
-2.8257579e-187
-1.1453986e-187
-2.9820449e-188
-1.4831238e-188
-3.4712372e-186
-1.4843781e-186
-3.925203e-187
-9.4688349e-188
4.3794064e-186
1.818859e-186
5.1627794e-187
-2.0513165e-188
5.8001692e-186
2.4430687e-186
7.2602483e-187
1.3868465e-188
-1.3395062e-188
-4.4732735e-189
-1.4795296e-189
6.630555e-190
-1.6199545e-187
-6.2280468e-188
-1.6154487e-188
-1.9896928e-189
1.6758196e-187
6.8018978e-188
1.6877589e-188
-7.1032998e-189
2.4368702e-187
1.0154201e-187
3.0452216e-188
-8.8486084e-189
4.2979531e-187
1.6557452e-187
4.3560518e-188
-1.7524455e-188
-2.4122948e-187
-7.6095291e-188
-5.2089719e-189
-2.7073553e-189
-3.8001585e-187
-1.6824141e-187
-2.6581257e-188
-3.3517833e-188
3.7630768e-187
8.6083519e-188
3.9792818e-188
-7.2636325e-188
1.1453364e-185
4.6945843e-186
1.2992133e-186
-1.4776682e-188
-7.1846166e-186
-2.8769491e-186
-6.2814257e-187
-3.299954e-188
-7.0764368e-186
-3.2520402e-186
-7.7235518e-187
-2.4543432e-187
1.5088883e-185
5.4857541e-186
1.5040236e-186
-2.8548716e-187
1.1425554e-185
3.8516756e-186
1.0209967e-186
-4.0187303e-187
2.5926109e-185
1.0137371e-185
2.9305013e-186
1.308813e-187
-3.739031e-185
-1.5046498e-185
-3.3294487e-186
1.1766828e-186
-3.8573344e-185
-1.7523836e-185
-4.8344567e-186
7.5047671e-187
1.6444379e-187
5.5932354e-189
3.8152165e-188
-6.9724139e-188
9.9396661e-187
3.2976801e-187
1.2411722e-187
-6.9997152e-188
-8.8733325e-187
-3.6330419e-187
1.1089564e-187
1.2004702e-187
-1.5732448e-186
-9.1473528e-187
-1.1071158e-189
2.4979207e-187
-1.6451703e-186
-8.8354781e-187
-5.2736372e-188
3.5152292e-187
2.9184472e-187
-8.836918e-187
-2.0142395e-187
3.0074468e-187
5.6255868e-186
9.3200061e-187
-1.0739407e-186
9.7798143e-187
7.090434e-186
3.1897292e-186
-1.8414785e-186
1.6919739e-186
-7.3523076e-185
-2.9081269e-185
-6.6341737e-186
2.5578496e-186
5.800986e-185
1.6934418e-185
1.9386999e-186
-8.9705984e-187
6.0382298e-185
2.6791929e-185
5.9910563e-186
9.1841178e-186
-8.066598e-185
-2.2135637e-185
-6.1840586e-186
2.0257254e-185
-1.8319145e-188
-1.3061458e-188
4.9240571e-189
-4.867327e-189
-1.1841819e-189
-1.9333012e-188
5.3949479e-189
-6.0564509e-189
5.7154202e-188
-1.529064e-188
-3.745145e-189
8.3924431e-189
1.0840814e-187
4.5506813e-189
-1.8124359e-188
2.6958084e-188
2.1731404e-190
-3.6356952e-190
7.6063477e-191
-1.0801617e-190
8.7688953e-190
-3.0094157e-190
-3.924084e-191
5.7233933e-191
2.3438869e-189
3.9683641e-190
-3.7730073e-190
5.510116e-190
2.7071546e-189
1.1791186e-189
-6.2143598e-190
9.1312657e-190
2.5492517e-189
1.2015523e-189
-6.0519318e-190
8.8647128e-190
2.0108234e-189
2.0092746e-189
-7.8901623e-190
1.1699829e-189
-3.0954532e-189
2.4784968e-189
-3.6097666e-190
5.4262346e-190
-8.2725068e-189
1.4175202e-189
5.4053449e-190
-8.0033252e-190
1.1325298e-187
1.0901199e-188
-1.9136589e-188
2.8355572e-188
1.5207338e-187
3.9719565e-188
-3.7791691e-188
4.8312377e-188
1.385975e-187
1.5004596e-187
-6.2768686e-188
6.9571267e-188
-7.4047978e-189
2.1479804e-187
-4.9961375e-188
4.7316521e-188
-4.296193e-188
2.018297e-187
-4.2711451e-188
3.7832177e-188
-3.3168571e-187
2.182844e-187
4.0058892e-189
-2.510817e-188
-1.2614894e-186
-1.1837137e-187
2.1788686e-187
-2.9634001e-187
-1.7133507e-186
-5.8825901e-187
3.9729891e-187
-5.1539634e-187
-8.269693e-189
1.2017617e-189
6.0065398e-190
-8.8718993e-190
-1.3825635e-188
-1.2809558e-189
1.9601347e-189
-2.9090308e-189
-1.6998113e-188
-9.2890239e-189
4.6068456e-189
-6.8034664e-189
-9.2188934e-189
-1.4457012e-188
5.1613205e-189
-7.611154e-189
-7.5338581e-189
-1.3970928e-188
4.8365699e-189
-7.1301075e-189
9.3838306e-189
-1.7124707e-188
3.7378348e-189
-5.5138114e-189
6.417088e-188
-5.4180421e-189
-5.9082567e-189
8.7150889e-189
9.8933961e-188
1.5878276e-188
-1.5907442e-188
2.348245e-188
-1.6245152e-186
-6.1422019e-187
3.903404e-187
-5.0382411e-187
-1.6329435e-186
-1.1966823e-186
5.4448412e-187
-6.8323581e-187
1.021797e-186
-1.9362007e-186
3.6294129e-187
-3.7898068e-187
4.5464287e-186
-1.5493401e-186
-2.406457e-187
4.5544674e-187
-4.3295812e-185
-8.0314899e-186
-7.6908258e-186
2.1254469e-185
-1.7083373e-184
-6.6717811e-185
-2.5160384e-185
2.1818837e-185
2.0619312e-184
6.3784048e-185
-4.8727363e-185
-8.3809068e-186
3.8071103e-184
2.1404673e-184
-4.5234239e-185
-3.2615956e-185
6.6890256e-186
3.4304515e-186
-1.7836733e-186
1.5596279e-186
5.3230362e-186
5.9410899e-186
-2.3897936e-186
1.9737505e-186
-9.9366188e-186
8.7775671e-186
-3.9350459e-187
-1.579116e-186
-2.890196e-185
5.6786924e-186
4.3819289e-186
-7.2610737e-186
-3.1826029e-185
3.3006851e-186
5.0515558e-186
-7.9633901e-186
-5.2426101e-185
-4.5674156e-186
1.2312962e-185
-1.5207469e-185
-8.2897844e-185
-5.083428e-185
2.7843726e-185
-2.7844452e-185
-5.4816712e-185
-8.9192585e-185
2.9409836e-185
-2.4990034e-185
3.4560754e-184
2.0889526e-184
-3.3468658e-185
-5.4506554e-185
1.2703939e-184
3.1280965e-184
-8.9879654e-186
-5.7628404e-185
-1.2167718e-183
7.1036308e-185
2.4931884e-184
-2.8720282e-184
-2.1665365e-183
-5.0886004e-184
5.5857403e-184
-5.3880907e-184
1.1717506e-180
6.0166854e-181
2.0454934e-181
8.2406627e-182
7.5704846e-181
4.47781e-181
1.8075096e-181
9.6104296e-182
-3.7962221e-180
-1.9808934e-180
-6.7824355e-181
-2.820854e-181
-7.6109107e-181
-5.4690716e-181
-2.5083568e-181
-1.5311415e-181
9.7651807e-182
4.654029e-182
1.4469934e-182
4.5349868e-183
9.7979021e-182
5.1447868e-182
1.7889731e-182
7.8181529e-183
-3.2692541e-181
-1.5785946e-181
-4.8654229e-182
-1.4974807e-182
-1.4423038e-181
-8.0353508e-182
-2.8855707e-182
-1.2253381e-182
-6.4448846e-181
-3.077807e-181
-9.481072e-182
-2.7817047e-182
8.7039325e-181
3.9412786e-181
1.1198158e-181
2.8154572e-182
-1.7900847e-181
-4.6563589e-182
-6.4624524e-183
1.7426161e-182
-1.8867224e-180
-8.3443585e-181
-2.4031115e-181
-4.5722758e-182
-7.8959499e-180
-4.0432049e-180
-1.3604251e-180
-5.3700283e-181
1.2276467e-179
6.0346767e-180
1.9154452e-180
6.8366455e-181
-6.2005457e-180
-2.545485e-180
-6.1939792e-181
1.5053679e-182
-2.84004e-179
-1.374525e-179
-4.3064146e-180
-1.3896253e-180
6.3204439e-183
2.762106e-183
7.9126743e-184
1.6171457e-184
8.6997669e-183
4.1032563e-183
1.25765e-183
4.2595967e-184
-2.1056392e-182
-9.4051619e-183
-2.6765623e-183
-4.0736715e-184
-1.3669039e-182
-6.6641198e-183
-2.1441285e-183
-5.12819e-184
3.1539531e-184
1.2422795e-184
3.2661816e-185
1.779879e-186
5.5650909e-184
2.3671849e-184
6.4498913e-185
1.4344113e-185
-1.0111392e-183
-4.1561582e-184
-1.1282203e-184
5.6891397e-186
-8.5454885e-184
-3.7098888e-184
-1.103606e-184
-3.9068407e-186
-1.9823585e-183
-8.1271404e-184
-2.1993512e-184
5.9692056e-186
1.8551812e-183
7.1792538e-184
1.6433748e-184
-3.6946725e-186
7.0727841e-184
3.5947491e-184
9.0026994e-185
7.3521066e-185
-3.4815307e-183
-1.2905611e-183
-3.4926689e-184
9.9287215e-185
-4.0685118e-182
-1.8025295e-182
-5.1868127e-183
-8.0939102e-184
4.6514814e-182
1.9421485e-182
4.8815307e-183
5.8440624e-184
4.0507894e-183
3.8443767e-183
1.0456536e-183
1.2429623e-183
-9.3949065e-182
-3.744089e-182
-1.004546e-182
-2.1390751e-184
-1.0295994e-181
-4.0092249e-182
-1.042769e-182
4.9227333e-184
-7.5954561e-182
-3.2995989e-182
-9.5014514e-183
-2.4584576e-183
2.0967236e-181
8.5580114e-182
2.2511213e-182
-9.0803195e-184
1.0481852e-181
4.9133512e-182
1.4871874e-182
2.2293709e-183
-3.3987453e-183
-1.1707303e-183
-2.8922535e-184
1.5516582e-184
-3.8501177e-183
-1.5900639e-183
-5.2124266e-184
-1.596819e-185
7.769177e-183
3.120597e-183
6.1400706e-184
-1.2315555e-184
5.9307929e-183
3.0315884e-183
7.7609425e-184
1.5520692e-184
1.2126031e-182
4.9452468e-183
9.5652399e-184
-2.0658167e-184
-1.2372636e-182
-3.3347061e-183
-4.8228391e-184
5.7497431e-184
-9.9214508e-183
-4.614741e-183
-1.8008993e-183
-2.0785543e-183
1.6327055e-182
5.0858729e-183
2.0104463e-185
-5.0652746e-183
3.1206732e-181
1.2985382e-181
3.4712299e-182
-3.1618315e-185
-4.1262204e-181
-1.5650979e-181
-3.7562663e-182
2.9203194e-183
-1.6118803e-182
-2.081009e-182
-8.9143079e-183
-1.8880804e-182
7.2612724e-181
2.7740873e-181
7.3462869e-182
-2.4705169e-182
-3.8577077e-179
-1.7973785e-179
-5.4020755e-180
-1.4623035e-180
-4.0938941e-180
-3.3949584e-180
-1.6318678e-180
-1.1107782e-180
7.1904563e-179
3.4606667e-179
1.0479033e-179
3.2731311e-180
-6.1618635e-180
9.4980576e-181
1.4182883e-180
1.8152902e-180
-2.2732414e-180
-9.7550604e-181
-2.7245176e-181
-3.7637585e-182
-9.2984617e-181
-4.7955761e-181
-1.6388669e-181
-7.096221e-182
4.5419453e-180
2.0174716e-180
5.5572481e-181
8.3183984e-182
1.0695253e-180
6.7095668e-181
2.4171757e-181
9.833485e-182
6.2267556e-180
2.8112872e-180
8.0855591e-181
1.3971886e-181
-1.0853905e-179
-4.4354073e-180
-1.1139303e-180
-9.6696518e-182
2.8145855e-180
6.9088699e-181
1.7335991e-181
-2.9803685e-181
2.0368233e-179
8.0609445e-180
2.1590633e-180
-6.0888872e-182
9.2960986e-179
4.5629108e-179
1.4202664e-179
4.6381357e-180
-2.1110082e-178
-9.4389589e-179
-2.6675028e-179
-6.1388949e-180
1.2641643e-178
4.7852111e-179
1.1465544e-179
-2.9002977e-180
4.2615921e-178
1.8788885e-178
5.3501171e-179
8.7839135e-180
6.0494542e-178
2.5634396e-178
7.0206786e-179
6.8208812e-180
-4.4591897e-180
1.9641545e-179
1.3566029e-179
1.2794594e-179
-8.9024675e-178
-3.9574342e-178
-1.0589497e-178
-1.782037e-179
1.2984912e-178
-1.4921231e-180
-1.1130838e-179
-2.3316764e-179
2.5674598e-179
9.8881624e-180
2.535739e-180
-2.8762021e-181
7.896746e-180
3.7884971e-180
1.2306894e-180
4.7939753e-181
-4.0388523e-179
-1.6388564e-179
-4.2365408e-180
1.0735748e-182
-8.9337412e-180
-5.2702611e-180
-1.6607051e-180
-9.5239638e-181
-4.5032234e-179
-1.94568e-179
-5.128102e-180
-5.6995517e-181
8.3679954e-179
3.1522328e-179
8.0694852e-180
-1.0468022e-180
-1.6852653e-179
-4.0988333e-180
1.0503806e-180
4.2896415e-180
-1.4321873e-178
-5.7624727e-179
-1.4440868e-179
4.9644313e-180
-7.704829e-178
-3.7351458e-178
-1.0945712e-178
-3.0321847e-179
2.2861703e-177
9.1912802e-178
2.3179806e-178
1.3003354e-179
-1.1704056e-177
-3.7673246e-178
-9.2820544e-179
6.9151836e-179
-4.0753639e-177
-1.6085206e-177
-4.2682548e-178
2.386282e-179
7.8958438e-181
2.7387904e-181
6.3202992e-182
-4.221741e-182
5.2782445e-181
2.5095033e-181
9.5879317e-182
6.2684493e-183
-1.5632393e-180
-6.2867243e-181
-1.1141395e-181
-3.9741444e-183
-9.4581034e-181
-5.5993843e-181
-1.3889888e-181
-1.1004521e-181
8.4488509e-183
2.6908106e-183
6.5677223e-184
-5.6167996e-183
3.240895e-182
1.5576519e-182
4.0828764e-183
-6.3905168e-183
-4.5005541e-182
-5.2871459e-183
1.5389689e-182
-4.3982637e-183
-1.0040993e-181
-4.4114325e-182
2.2267124e-182
-1.8903661e-183
-8.9491838e-182
-4.7055979e-182
2.0531431e-182
2.4480266e-183
-8.9688908e-182
-8.9654434e-182
2.2654298e-182
4.241283e-183
1.9838688e-181
-1.0853453e-181
-3.3701156e-182
7.0466779e-182
5.3160035e-181
-8.8379658e-183
-1.3253925e-181
1.5535023e-181
-2.0086631e-180
-8.4890275e-181
-1.3891877e-181
-4.7172878e-182
2.4541369e-180
6.0180895e-181
8.5771182e-182
-2.2785244e-181
1.8513753e-180
9.7097047e-181
5.4415049e-181
3.4236051e-181
-3.2043341e-180
-9.7137605e-181
4.368875e-181
1.0677091e-180
-1.5395524e-180
-6.8329964e-181
2.7957842e-181
1.2418944e-180
-7.0035127e-180
-3.7294219e-180
-2.4207251e-181
1.6289106e-180
8.0729699e-180
-2.025442e-180
-3.6340355e-180
2.5587248e-180
2.4713025e-179
6.3483149e-180
-7.1730531e-180
3.2042195e-180
5.7903808e-181
4.6097766e-182
-1.4754834e-181
1.6147045e-181
8.8011154e-181
2.267367e-181
-2.7898444e-181
2.4767409e-181
9.939098e-181
1.1096121e-180
-4.7448064e-181
2.196898e-181
-2.3938757e-182
1.719832e-180
-2.9411816e-181
-1.2644252e-181
-5.4547795e-181
1.5709515e-180
-1.757015e-181
-2.3990421e-181
-2.5079002e-180
1.8914719e-180
3.481303e-181
-8.6470763e-181
-1.1316797e-179
-1.4931824e-180
2.954816e-180
-3.1497947e-180
-1.6419246e-179
-7.0034638e-180
4.9991045e-180
-4.492015e-180
2.3521054e-179
8.3582585e-180
-7.3293065e-180
2.52037e-180
3.4095083e-179
2.0106797e-179
-1.0506861e-179
2.7408834e-180
-9.7408722e-180
4.621093e-179
-4.0890091e-180
-1.2962966e-179
-9.518608e-179
4.3461415e-179
2.0379144e-179
-3.8164266e-179
-5.5890369e-177
-2.1327951e-177
-5.346203e-178
8.7855534e-179
-3.0391966e-178
-2.91575e-178
-1.2937221e-178
-1.0767154e-178
7.4040847e-177
2.978182e-177
7.8052369e-178
5.5630319e-179
-7.9822069e-179
3.1180803e-178
1.2788488e-178
3.294461e-178
-1.6164564e-178
-5.6934509e-179
-1.1951723e-179
9.3413984e-180
-6.8582247e-179
-4.3758601e-179
-1.8908489e-179
-2.9040391e-180
3.1720116e-178
1.2649251e-178
1.9445973e-179
5.8937931e-180
1.7780956e-178
1.175689e-178
2.8813702e-179
3.8516427e-179
3.5335345e-178
1.5407692e-178
2.32262e-179
2.9359737e-179
-4.5607598e-178
-9.2316736e-179
-6.7499755e-180
7.3899349e-179
-4.2489322e-178
-2.4330678e-178
-1.4004108e-178
-2.1076708e-179
5.6172866e-178
1.1534756e-178
-1.9487352e-178
-1.7465454e-178
6.0851664e-177
2.7941591e-177
7.2181358e-178
2.8088931e-178
-1.5973994e-176
-6.1087395e-177
-1.6975613e-177
3.2374781e-178
6.4422077e-177
2.0377876e-177
-3.6877361e-178
-8.5473813e-178
2.7979149e-176
1.209995e-176
2.5889117e-177
-8.0377799e-178
-2.1740567e-183
-6.5668548e-184
5.7194911e-184
-5.2826252e-184
-2.63182e-183
-1.4398204e-183
9.0878265e-184
-7.2894646e-184
-2.1221585e-184
-3.5882797e-183
8.6185817e-184
-8.913965e-185
5.0872222e-183
-4.0989756e-183
-3.4316159e-184
1.4616462e-183
-3.7724899e-185
-8.6198908e-185
2.616106e-185
-2.100131e-185
4.848973e-185
-1.1481771e-184
1.5168149e-185
-3.8542695e-186
4.5659573e-184
-3.1430749e-185
-7.2724847e-185
1.0153851e-184
7.5797518e-184
1.5231777e-184
-1.6519633e-184
2.0375668e-184
7.3358256e-184
1.7473159e-184
-1.6634105e-184
2.0341548e-184
9.2851676e-184
4.4494683e-184
-2.62927e-184
3.0247349e-184
1.9382377e-184
1.008233e-183
-2.7699261e-184
2.6149936e-184
-1.2913906e-183
1.081772e-183
-5.1305829e-185
-5.2674418e-185
6.5002509e-183
-3.3866537e-183
-6.7163619e-184
1.7773839e-183
1.3967408e-182
-2.4248716e-183
-2.9131641e-183
4.0807093e-183
3.5065181e-182
1.2241255e-182
-1.0132135e-182
1.0069144e-182
3.8228298e-182
2.883758e-182
-1.3653016e-182
1.1664447e-182
4.7109108e-186
-1.339409e-186
-3.167535e-187
5.5317819e-187
9.0726188e-186
3.3370538e-188
-1.3000003e-186
1.8645137e-186
1.4362831e-185
6.2094409e-186
-3.6638839e-186
4.8638373e-186
1.1231603e-185
1.1193984e-185
-4.5311404e-186
5.820241e-186
9.5716147e-188
1.7127995e-188
-1.5893584e-188
2.3461925e-188
1.1511504e-187
4.7198889e-188
-2.6591849e-188
3.9273283e-188
3.2598393e-188
1.0004245e-187
-3.2022163e-188
4.731929e-188
-1.1190996e-187
1.056917e-187
-1.6954177e-188
2.5067595e-188
-1.1979937e-187
9.876151e-188
-1.4088142e-188
2.0838671e-188
-3.2154787e-187
6.6181787e-188
1.8433286e-188
-2.7216048e-188
-6.6510051e-187
-1.5032944e-187
1.193229e-187
-1.7625141e-187
-6.9225419e-187
-3.5858658e-187
1.8128516e-187
-2.6777119e-187
9.7051852e-186
1.0952485e-185
-4.2659065e-186
5.4548714e-186
-7.0896905e-187
1.5057876e-185
-3.8796604e-186
4.6870013e-186
-4.5908727e-185
9.5286764e-186
3.7829515e-186
-5.9780582e-186
-8.1438725e-185
-6.8550439e-186
1.2950247e-185
-1.8298171e-185
-7.955695e-185
-8.6181074e-186
1.3168375e-185
-1.8548588e-185
-1.0784658e-184
-3.4683619e-185
2.3906241e-185
-3.267031e-185
-6.4728324e-185
-9.3569759e-185
3.380073e-185
-4.4173171e-185
5.3166428e-185
-1.1282132e-184
2.3149285e-185
-2.7996524e-185
-6.4683266e-187
-3.5557986e-187
1.7519007e-187
-2.5877301e-187
-4.1719808e-187
-5.6666034e-187
2.0824769e-187
-3.0760383e-187
1.0239902e-186
-6.1164009e-187
5.4389892e-188
-8.0423554e-188
2.3809638e-186
-2.4558215e-187
-2.0576578e-187
3.0379971e-187
2.3555198e-186
-1.9169364e-187
-2.18057e-187
3.2196021e-187
3.7097519e-186
5.2548025e-187
-5.7699861e-187
8.5214358e-187
3.8854712e-186
2.5349574e-186
-1.164783e-186
1.7205253e-186
1.4271528e-186
3.6371552e-186
-1.1920834e-186
1.7610481e-186
6.4803848e-185
-1.061434e-184
1.9844747e-185
-2.3497509e-185
2.4951037e-184
-9.2766956e-185
-8.4555334e-186
1.6606599e-185
6.5282587e-184
1.0054869e-184
-1.1390841e-184
1.6043584e-184
7.7475259e-184
3.2059653e-184
-1.8916769e-184
2.5999938e-184
3.2436128e-182
2.9052874e-182
-1.2691232e-182
1.045392e-182
1.7726761e-182
4.6383398e-182
-1.2723036e-182
7.8529156e-183
-1.1853282e-181
4.43756e-182
1.3777458e-182
-2.5006346e-182
-2.5796848e-181
-5.9633422e-183
5.0702025e-182
-6.4643555e-182
-1.4521802e-183
9.7646734e-184
-1.6424553e-186
-1.117362e-184
-3.6041276e-183
6.1848897e-184
4.3776444e-184
-6.7113377e-184
-7.8614242e-183
-2.2516398e-183
1.8185495e-183
-2.2825739e-183
-8.2289782e-183
-5.2010252e-183
2.5973017e-183
-3.0793705e-183
-7.4278018e-183
-5.200528e-183
2.4778019e-183
-2.9177873e-183
-4.397971e-183
-8.2548477e-183
2.7428869e-183
-3.0084416e-183
1.7688656e-182
-8.6166092e-183
-5.8394904e-184
1.6109948e-183
3.9607513e-182
-1.8827593e-183
-5.617722e-183
8.0222038e-183
-2.5808432e-181
-1.795168e-182
5.3272624e-182
-6.666195e-182
-3.9502752e-181
-1.1041272e-181
9.904064e-182
-1.1171742e-181
-3.4367243e-181
-3.9653123e-181
1.5303252e-181
-1.4257019e-181
9.4060066e-182
-5.3718281e-181
1.050938e-181
-6.1551067e-182
1.847872e-181
-5.0189562e-181
8.2004646e-182
-3.5133246e-182
9.6186949e-181
-5.1176304e-181
-5.6808014e-182
1.465849e-181
3.2112935e-180
4.2130781e-181
-6.6577252e-181
8.3331407e-181
4.2194981e-180
1.6936202e-180
-1.1331212e-180
1.3008106e-180
3.942939e-182
-5.7699542e-184
-5.9170961e-183
8.3552892e-183
6.1560751e-182
1.2396446e-182
-1.2531846e-182
1.6456364e-182
6.1319961e-182
5.1155351e-182
-2.2274146e-182
2.6995693e-182
1.0059397e-182
7.2069464e-182
-1.9915553e-182
2.2116435e-182
1.1278915e-183
6.8669532e-182
-1.7766608e-182
1.9340175e-182
-9.4908681e-182
7.4881833e-182
-5.0205402e-183
1.0944911e-183
-3.690544e-181
-1.6297506e-182
5.866305e-182
-8.1603325e-182
-5.0922246e-181
-1.4820044e-181
1.1298501e-181
-1.4864961e-181
3.9325714e-180
1.7575827e-180
-1.1011584e-180
1.2537671e-180
3.8436482e-180
3.3296611e-180
-1.445889e-180
1.5269515e-180
-3.7169146e-180
5.0745876e-180
-5.7487809e-181
1.702097e-181
-1.3489023e-179
3.5355833e-180
1.4234973e-180
-2.3442976e-180
7.2856941e-184
3.2306062e-184
-1.8382544e-184
2.5228703e-184
6.2020029e-184
5.7365287e-184
-2.3682717e-184
3.1868183e-184
-7.2561582e-184
7.6571062e-184
-1.1189086e-184
1.308264e-184
-2.2166899e-183
4.8381385e-184
1.5927708e-184
-2.5064009e-184
1.0932449e-186
3.5004566e-186
-1.1148903e-186
1.6470315e-186
-3.6114699e-186
3.9248258e-186
-6.9123305e-187
1.0214709e-186
-1.6390613e-185
3.4281544e-187
1.7968924e-186
-2.6534842e-186
-2.3143688e-185
-4.9551284e-186
4.0734038e-186
-6.0162113e-186
-2.2250807e-185
-5.1189107e-186
4.0164964e-186
-5.9322102e-186
-2.4510005e-185
-1.2062822e-185
6.2386039e-186
-9.2148493e-186
-9.6468114e-187
-2.1877958e-185
6.2901272e-186
-9.2926454e-186
3.258129e-185
-2.0671574e-185
2.0735887e-186
-3.0657744e-186
-2.2244586e-183
4.1338288e-184
1.7924512e-184
-2.7737177e-184
-3.8956229e-183
-2.7190894e-184
5.8258379e-184
-8.3514455e-184
-5.0387706e-183
-2.621771e-183
1.367418e-183
-1.8879696e-183
-3.0361392e-183
-4.1864075e-183
1.5321921e-183
-2.0725505e-183
-2.5880034e-183
-4.0507874e-183
1.4381913e-183
-1.9407721e-183
2.0823463e-183
-5.0391405e-183
1.1017925e-183
-1.4200066e-183
1.7437089e-182
-1.8900454e-183
-1.7322312e-183
2.5864353e-183
2.7287444e-182
4.0623204e-183
-4.6173473e-183
6.581607e-183
3.3415181e-185
-1.924665e-185
1.5748189e-186
-2.3289696e-186
7.6683289e-185
-9.186653e-186
-6.265329e-186
9.2505368e-186
1.3456107e-184
3.8881902e-185
-2.65276e-185
3.9180915e-185
1.2376442e-184
7.8974482e-185
-3.6602987e-185
5.4066642e-185
1.1520493e-184
7.7314218e-185
-3.5145146e-185
5.1913511e-185
4.9440534e-185
1.1323089e-184
-3.7690482e-185
5.5678647e-185
-2.4563756e-184
9.7451465e-185
8.5824285e-187
-1.2501739e-186
-4.832513e-184
1.1339666e-185
5.2630851e-185
-7.7719499e-185
2.6353686e-182
4.3839511e-183
-4.5859249e-183
6.5284698e-183
3.2175995e-182
1.2888599e-182
-7.6470745e-183
1.0700737e-182
1.0481101e-182
2.7718114e-182
-8.9157669e-183
1.2089202e-182
-2.8028443e-182
2.9370547e-182
-4.4544364e-183
5.5572934e-183
-1.3854287e-179
2.8749027e-180
1.6377597e-180
-2.5761773e-180
-2.5624893e-179
-1.5318708e-180
4.6427234e-180
-6.1367197e-180
-3.7010332e-179
-1.9804074e-179
1.0893413e-179
-1.2715876e-179
-2.39805e-179
-3.3292075e-179
1.203368e-179
-1.2915263e-179
-4.8440116e-181
-1.539533e-181
1.1092157e-181
-1.4548864e-181
-5.1536226e-181
-3.2416051e-181
1.5905897e-181
-2.0134664e-181
1.4806802e-181
-5.5283272e-181
1.221015e-181
-1.3408152e-181
1.0663772e-180
-4.7662364e-181
-2.9645684e-182
7.5147647e-182
1.0976085e-180
-4.2698598e-181
-4.6816013e-182
9.6720213e-182
2.2599366e-180
-9.3504049e-182
-2.998745e-181
4.3248025e-181
3.698918e-180
1.4257232e-180
-8.997812e-181
1.1877771e-180
3.0641737e-180
2.648054e-180
-1.1287154e-180
1.4384642e-180
-1.9330988e-179
-3.2205139e-179
1.1047284e-179
-1.1674472e-179
1.4896363e-179
-4.1824508e-179
7.8229e-180
-6.3556155e-180
1.4706947e-178
-1.5896881e-179
-1.9612664e-179
2.8638403e-179
2.3952753e-178
3.9492267e-179
-4.7851318e-179
6.2168434e-179
3.0987654e-176
1.1345403e-176
1.9602151e-177
-1.7392945e-177
9.8206047e-177
9.4543877e-177
3.9184788e-177
1.0938011e-177
-6.6725993e-176
-2.5066283e-176
-2.8149699e-177
-1.7273919e-177
-4.3661394e-176
-2.7759122e-176
-5.9285662e-177
-1.0536903e-176
2.5613699e-178
1.2133918e-178
-1.7314046e-178
-2.182086e-178
1.5760231e-177
7.9875939e-178
-1.4311317e-178
-3.4601107e-178
-8.9578888e-178
1.2478931e-177
5.9141389e-178
-8.6699556e-178
-5.1418474e-177
-8.1414525e-179
1.7321098e-177
-1.3784425e-177
-5.4622851e-177
-7.9580689e-178
1.95637e-177
-1.3313337e-177
-9.5768844e-177
-3.2108922e-177
3.2945453e-177
-1.7202909e-177
-7.8896092e-177
-1.3563102e-176
4.5361094e-177
1.1480589e-177
8.3208425e-177
-1.9271596e-176
1.8500301e-178
7.597941e-177
-7.0695224e-176
-3.0588752e-176
-4.3300704e-177
-9.5827536e-177
7.381036e-176
7.6508079e-177
-1.5302674e-177
-2.1039964e-176
1.0836588e-175
5.8852831e-176
2.9864531e-176
-1.1912127e-176
-7.1110465e-176
4.1996655e-177
5.6866372e-176
1.5365036e-176
-1.1967405e-178
2.8402952e-179
2.7392437e-179
-4.2289185e-179
-2.2166106e-178
3.7190226e-180
6.6719653e-179
-7.2741296e-179
-4.7072835e-178
-2.5891022e-178
1.7773097e-178
-1.1241252e-178
-4.0764883e-178
-5.3245355e-178
1.9411373e-178
-5.9463249e-179
-1.5025893e-179
-7.5392547e-180
4.8355118e-180
-4.2294059e-180
-1.6165569e-179
-1.463644e-179
6.2705383e-180
-4.6048833e-180
1.7891122e-179
-2.3879967e-179
9.162941e-181
3.4624772e-180
6.6734117e-179
-1.5968125e-179
-1.0677513e-179
1.6301026e-179
7.0353155e-179
-1.1321047e-179
-1.228876e-179
1.7696945e-179
1.3039829e-178
1.1772115e-179
-2.9234515e-179
3.4538764e-179
1.9463529e-178
1.2032622e-178
-6.4458777e-179
6.1122354e-179
1.1422437e-178
2.0321375e-178
-6.6059053e-179
5.0297187e-179
-2.5640043e-178
-5.2011439e-178
1.6140356e-178
-2.6052591e-179
8.5586626e-179
-7.8133935e-178
8.7499428e-179
1.1205347e-178
2.8226842e-177
-3.4191624e-178
-6.5720535e-178
8.3318454e-178
5.2755014e-177
1.0744258e-177
-1.4616892e-177
1.4402716e-177
5.0866764e-177
1.3568936e-177
-1.4737523e-177
1.4120682e-177
7.0674947e-177
3.5657794e-177
-2.2899108e-177
1.8726324e-177
1.5080513e-177
8.9289406e-177
-2.0094527e-177
4.8207553e-178
-1.184123e-176
9.6158882e-177
7.9554854e-178
-2.9828644e-177
7.7462086e-179
1.9568509e-178
-5.7840943e-179
4.0923241e-179
-1.3047965e-178
2.5416494e-178
-2.9284723e-179
-3.8034442e-180
-1.0127308e-177
5.3567284e-179
1.8124854e-178
-2.4313399e-178
-1.6384228e-177
-3.6619818e-178
3.894859e-178
-4.5150963e-178
-1.5678305e-177
-4.1184509e-178
3.8715877e-178
-4.4393809e-178
-1.9610986e-177
-1.0220506e-177
5.9287192e-178
-6.2353435e-178
-1.750794e-178
-2.1939268e-177
5.2976745e-178
-3.8648799e-178
3.1598162e-177
-2.2123271e-177
-6.4272783e-179
3.9186195e-178
-1.3930947e-176
8.2217579e-177
1.4775798e-177
-3.5946799e-177
-3.3640418e-176
4.6854241e-177
6.4720923e-177
-8.8423667e-177
-7.5132227e-176
-2.7494297e-176
2.1552954e-176
-2.1324321e-176
-7.4680808e-176
-6.0558027e-176
2.8028161e-176
-2.3465205e-176
-2.6786595e-176
-1.1681984e-176
5.8194522e-176
2.4618984e-176
-3.2137333e-175
-1.420544e-175
7.1695116e-176
5.7640122e-176
-2.7032107e-176
-4.049556e-175
-3.8652679e-176
2.3218095e-175
8.8180811e-175
-2.9681854e-175
-3.2053778e-175
4.3597928e-175
1.6727319e-176
-1.6198938e-176
-2.1660232e-177
9.2136742e-177
4.1347436e-176
-1.7862356e-176
-1.1335178e-176
1.8250745e-176
1.4869484e-175
4.1442851e-176
-5.1645462e-176
4.0465039e-176
1.9376077e-175
1.2814118e-175
-7.458588e-176
3.9943657e-176
1.5878972e-175
1.3394952e-175
-6.7713151e-176
3.1695818e-176
1.4333988e-175
2.3791335e-175
-7.2568728e-176
9.2083371e-177
-5.2545623e-175
2.8597909e-175
9.4973962e-176
-1.8332945e-175
-1.3444748e-174
1.324888e-176
3.4130261e-175
-3.9181394e-175
1.0974021e-174
-1.0976452e-175
-4.1703406e-175
4.5546284e-175
2.1704114e-174
2.4749136e-175
-8.086705e-175
6.4812657e-175
3.743317e-174
3.1309054e-174
-1.8031466e-174
3.2751918e-175
1.6548213e-174
5.7719471e-174
-1.4106611e-174
-1.1117577e-174
9.1436548e-171
6.4641634e-171
3.5801067e-171
2.4278384e-171
-1.4085676e-170
-9.8507611e-171
-5.3505881e-171
-3.5757319e-171
2.5177737e-170
1.638132e-170
7.8664965e-171
4.7898734e-171
3.9452423e-170
2.8025917e-170
1.5503775e-170
1.0471878e-170
2.4347962e-171
1.6320691e-171
8.2981418e-172
5.2999481e-172
-3.5882483e-171
-2.3678313e-171
-1.1690094e-171
-7.2932065e-172
4.842664e-171
2.9162477e-171
1.2241049e-171
6.6291488e-172
1.0487666e-170
6.9622145e-171
3.4540331e-171
2.1617997e-171
2.2744539e-170
1.3645706e-170
5.8132971e-171
3.2048027e-171
-1.1944121e-170
-6.0322196e-171
-1.6836009e-171
-4.5690446e-172
-3.4812267e-170
-2.4007776e-170
-1.2406798e-170
-7.9894536e-171
5.6678625e-170
3.0615693e-170
1.0458084e-170
4.4081887e-171
1.2602939e-169
8.00355e-170
3.7385755e-170
2.2357596e-170
-9.4371306e-170
-5.5781948e-170
-2.2408675e-170
-1.1537665e-170
-9.9999939e-170
-7.8940059e-170
-4.8865786e-170
-3.5115653e-170
4.0017265e-169
2.4137747e-169
1.015671e-169
5.5108763e-170
5.3403347e-172
3.3877713e-172
1.5777994e-172
9.4207116e-173
-7.3603302e-172
-4.5559781e-172
-2.0276548e-172
-1.1638721e-172
6.8212626e-172
3.681091e-172
1.2588097e-172
5.3233016e-173
2.1777173e-171
1.3472062e-171
5.9707964e-172
3.4172963e-172
9.580753e-173
5.7380795e-173
2.4419164e-173
1.3466249e-173
-1.1896031e-172
-6.8595874e-173
-2.7280367e-173
-1.4044302e-173
5.8449067e-173
2.4864259e-173
4.3035124e-174
-9.6249815e-175
3.4898998e-172
2.0024452e-172
7.8875271e-173
4.0231089e-173
3.7670542e-172
1.9561017e-172
6.6114297e-173
2.6974606e-173
1.5125512e-172
1.2241897e-172
6.8628412e-173
4.7138399e-173
-1.3215389e-171
-7.6068285e-172
-3.0004414e-172
-1.5388046e-172
-2.4206622e-173
-1.222034e-172
-1.0598413e-172
-8.9552421e-173
3.3146588e-171
1.8629882e-171
7.1474223e-172
3.5195843e-172
-5.6448232e-172
-7.0861534e-173
1.4376659e-172
1.7137387e-172
-7.9804454e-171
-5.0049676e-171
-2.2464794e-171
-1.3027272e-171
4.8366683e-171
2.0354376e-171
3.2575877e-172
-1.0758057e-172
-2.0912194e-170
-1.2843512e-170
-5.6190677e-171
-3.1898943e-171
4.1437364e-170
2.4039013e-170
9.6318551e-171
5.0085913e-171
-4.7530051e-170
-2.417104e-170
-7.7058802e-171
-2.8693472e-171
-1.0817748e-169
-6.2684445e-170
-2.494745e-170
-1.2919337e-170
-3.2592411e-171
-1.8578741e-171
-7.2795795e-172
-3.6941667e-172
5.2426338e-171
2.8063692e-171
9.9649087e-172
4.4356622e-172
-3.4214983e-171
-1.4443003e-171
-3.1209873e-172
3.4493546e-174
-1.3501931e-170
-7.1742739e-171
-2.5126117e-171
-1.0983767e-171
-1.7324455e-170
-8.4708483e-171
-2.6499591e-171
-8.9779062e-172
-1.9243589e-171
-2.3872578e-171
-1.4728899e-171
-1.135837e-171
4.1250489e-170
2.2056582e-170
7.7512745e-171
3.4445756e-171
-3.5942958e-171
1.7390304e-171
2.1908242e-171
2.256648e-171
-1.8876362e-169
-9.9919302e-170
-3.5148541e-170
-1.5283735e-170
6.8561745e-170
2.459008e-170
1.9206741e-171
-3.8002809e-171
3.1196646e-169
1.8517096e-169
7.5257342e-170
4.0238704e-170
-2.7264317e-169
-1.1241329e-169
-2.208804e-170
2.6756469e-171
-3.3138131e-169
-2.5085512e-169
-1.4612435e-169
-1.0166684e-169
1.1283576e-168
7.6325947e-169
3.8792876e-169
2.4712239e-169
-2.7281515e-168
-1.6735709e-168
-7.3089111e-169
-4.1214228e-169
-2.6584075e-168
-1.8593162e-168
-9.7797978e-169
-6.3733954e-169
-1.0067597e-169
-6.7308596e-170
-3.3310958e-170
-2.0867136e-170
2.4804949e-169
1.5536374e-169
7.0075256e-170
4.0738988e-170
-4.220302e-169
-2.386194e-169
-9.1090806e-170
-4.476971e-170
-6.35358e-169
-4.0192901e-169
-1.8253536e-169
-1.0690193e-169
-1.5947897e-168
-9.0360325e-169
-3.5262875e-169
-1.77199e-169
1.1206893e-168
5.5886787e-169
1.6781729e-169
5.5159292e-170
1.5163706e-168
1.0365181e-168
5.0691596e-169
3.1650014e-169
-3.8694146e-168
-1.9651599e-168
-6.2152565e-169
-2.2807856e-169
-1.0751472e-167
-6.4739898e-168
-2.7787772e-168
-1.5437981e-168
1.0185485e-167
5.7450643e-168
2.1732204e-168
1.0540543e-168
2.7350424e-168
2.901823e-168
2.0703839e-168
1.5825705e-168
-3.4195306e-167
-1.9379054e-167
-7.4126451e-168
-3.6507992e-168
1.3936297e-173
7.8570257e-174
3.0480974e-174
1.5213581e-174
-1.4765076e-173
-7.8603959e-174
-2.7641212e-174
-1.2115883e-174
4.2010277e-176
-1.2044529e-174
-1.118139e-174
-9.6955964e-175
4.2382305e-173
2.2400848e-173
7.7927805e-174
3.3553929e-174
1.6265246e-174
8.6018641e-175
3.0366776e-175
1.3237706e-175
-1.3587351e-174
-6.5835489e-175
-2.0123233e-175
-6.5503954e-176
-8.459914e-175
-5.5896322e-175
-2.4643796e-175
-1.4801784e-175
3.7968256e-174
1.8281981e-174
5.5644474e-175
1.7554335e-175
1.5947636e-174
5.8566063e-175
9.5946918e-176
-5.2103073e-176
6.6288514e-174
3.6132438e-174
1.299854e-174
6.0009745e-175
-1.4519333e-173
-7.0222296e-174
-2.1576692e-174
-7.0487774e-175
-1.334113e-173
-7.3399808e-174
-2.6253053e-174
-1.2329793e-174
3.1313742e-173
1.4564073e-173
4.0987215e-174
1.0193547e-174
4.4949656e-173
2.7809454e-173
1.1789127e-173
6.6199573e-174
-1.6143466e-172
-8.5335971e-173
-2.9701359e-173
-1.2859276e-173
-7.9195151e-173
-5.2288317e-173
-2.3154615e-173
-1.3844255e-173
1.5045927e-175
7.4347757e-176
2.3882085e-176
8.4811926e-177
-8.7096543e-176
-3.7195771e-176
-9.4260042e-177
-1.0672111e-177
-1.4177587e-175
-7.748873e-176
-2.740578e-176
-1.2929921e-176
2.3914704e-175
1.0240664e-175
2.6780024e-176
3.031435e-177
1.0874673e-176
4.9977976e-177
1.469238e-177
3.6125064e-178
-3.2750307e-177
-1.0807693e-177
-1.5748391e-178
1.4113211e-178
-1.3703767e-176
-6.6733443e-177
-2.0158169e-177
-6.9116142e-178
9.4190708e-177
3.2643751e-177
6.7554789e-178
-2.9329886e-178
-7.8006687e-177
-4.5511897e-177
-1.5563003e-177
-8.0991747e-178
4.5319134e-176
2.018836e-176
5.712083e-177
1.2463244e-177
-4.2395608e-176
-1.6650543e-176
-4.0384226e-177
5.4851851e-178
-8.7165245e-176
-3.8625307e-176
-1.0857562e-176
-1.7055531e-177
2.7004425e-177
-1.5958458e-176
-1.1054864e-176
-1.1076662e-176
6.5054221e-175
3.2025848e-175
1.0132087e-175
3.5589376e-176
-9.4464013e-175
-4.1507045e-175
-1.1227487e-175
-1.8420624e-176
-1.3123884e-174
-6.4399678e-175
-1.9939514e-175
-6.6719143e-176
-2.5724122e-174
-1.1743998e-174
-3.3988911e-175
-7.9760588e-176
1.5482173e-174
5.9020102e-175
1.3244295e-175
-1.7416418e-176
2.2518599e-174
1.1402997e-174
3.5208583e-175
1.4581377e-175
-3.5264578e-174
-1.3335199e-174
-3.1636846e-175
5.7228602e-176
-1.3834453e-175
-5.814916e-176
-1.5627296e-176
-1.0994199e-177
3.8523558e-176
1.0445604e-176
8.8003782e-178
-2.6478179e-177
1.6219372e-175
7.2670983e-176
1.8980237e-176
4.0481394e-177
-8.7105973e-176
-2.2688189e-176
-4.1070053e-177
6.1233503e-177
5.9502147e-176
3.8320766e-176
1.2199043e-176
7.7932153e-177
-4.4966557e-175
-1.7890706e-175
-4.546194e-176
-1.2333944e-177
3.2332839e-175
1.0864568e-175
2.5842222e-176
-1.4785286e-176
7.7623142e-175
3.0616245e-175
7.9470341e-176
-3.8080233e-177
-9.164792e-175
-1.0755384e-175
3.879989e-176
1.5890716e-175
-8.8828522e-174
-3.9872813e-174
-1.1362129e-174
-2.49321e-175
1.1356059e-173
4.4817388e-174
1.0677953e-174
-1.1249027e-175
1.6583536e-173
7.4566352e-174
2.0635692e-174
3.625886e-175
-3.9085256e-172
-2.0722428e-172
-7.3098706e-173
-3.2048022e-173
4.9436905e-172
2.423212e-172
7.5863945e-173
2.603768e-173
-7.3029718e-173
2.1231663e-174
1.8074265e-173
2.23993e-173
-1.2327967e-171
-5.9783923e-172
-1.8415478e-172
-6.0339287e-173
-3.6202114e-173
-1.7832678e-173
-5.679616e-174
-1.9995713e-174
3.3668643e-173
1.4874026e-173
4.0568562e-174
7.5007237e-175
1.5706435e-173
1.022918e-173
4.1150806e-174
2.5059981e-174
-8.043353e-173
-3.5170387e-173
-9.5050439e-174
-1.4675672e-174
-5.2531193e-173
-1.9629835e-173
-4.1549221e-174
1.1525683e-174
-1.1963314e-172
-6.0696877e-173
-1.9584726e-173
-7.4890245e-174
2.5074909e-172
1.1015527e-172
2.9715974e-173
5.1771745e-174
2.3020001e-172
1.1726591e-172
3.6802287e-173
1.4285389e-173
-1.17429e-171
-5.1886443e-172
-1.4029175e-172
-2.4409992e-173
-9.7917025e-172
-5.8589008e-172
-2.2699539e-172
-1.2154164e-172
3.8172992e-171
1.8518964e-171
5.7028718e-172
1.9016131e-172
1.7069097e-171
1.0798947e-171
4.2695334e-172
2.4817659e-172
7.3987204e-171
3.6858262e-171
1.1809183e-171
4.3462063e-172
-9.996109e-171
-4.4571696e-171
-1.2370303e-171
-2.4735683e-172
7.32455e-172
-4.4084062e-172
-4.1092427e-172
-4.7436582e-172
2.2217425e-170
9.7770586e-171
2.6539038e-171
4.4594955e-172
5.3947017e-172
2.466058e-172
7.0703045e-173
1.6940187e-173
-4.804419e-172
-1.8814126e-172
-4.5089239e-173
2.6374149e-174
-3.0151198e-172
-1.6990068e-172
-5.6336159e-173
-3.1277903e-173
9.9998523e-172
3.8698861e-172
9.3405233e-173
-1.288404e-173
6.6821259e-172
2.1498929e-172
4.1242812e-173
-3.5059691e-173
1.6223974e-171
7.4564405e-172
2.1502043e-172
5.1938291e-173
-2.7099139e-171
-1.0641443e-171
-2.4754154e-172
2.3591394e-173
-3.0011484e-171
-1.3847431e-171
-3.7745603e-172
-8.6422437e-173
2.1641875e-170
8.7094477e-171
2.1183927e-171
-6.3657476e-173
1.8548391e-170
1.0156223e-170
3.4318906e-171
1.5788837e-171
-5.960273e-170
-2.6178087e-170
-7.0465777e-171
-1.292182e-171
-3.4307658e-170
-1.9059679e-170
-6.2440302e-171
-3.1300966e-171
2.8760959e-173
1.2041989e-173
3.1722498e-174
1.8643718e-175
-1.4214433e-173
-4.4458071e-174
-7.6610984e-175
6.2766215e-175
-2.800572e-173
-1.2778082e-173
-3.2988326e-174
-9.3911204e-175
2.7019027e-173
8.0330654e-174
1.7144705e-174
-1.581483e-174
1.1217928e-174
4.2419277e-175
1.0221841e-175
-2.0030548e-176
-1.2594272e-175
-5.8110907e-177
7.0491214e-177
2.7889527e-176
-1.3198016e-174
-5.2262255e-175
-1.4979118e-175
-2.4055201e-176
2.6098436e-175
5.2101492e-176
-5.6305361e-177
-9.8823416e-176
-8.1472426e-175
-3.9224497e-175
-1.045734e-175
-9.4792103e-176
2.9541445e-174
1.1911106e-174
3.5139776e-175
-9.8699862e-176
-1.7681613e-174
-5.3209355e-175
1.8715496e-175
1.3351927e-175
-5.714066e-174
-2.6097598e-174
-3.5752966e-175
7.39466e-176
4.1229162e-174
-1.7176423e-174
-9.7593881e-175
-2.0548364e-174
8.4980769e-173
3.373752e-173
8.5895759e-174
4.5574772e-176
-7.5991198e-173
-2.5294012e-173
-5.8837818e-174
2.8835321e-174
-1.4519482e-172
-5.6894158e-173
-1.4330271e-173
-3.1340003e-175
-2.1528283e-172
-8.0099882e-173
-1.817896e-173
3.4625011e-174
4.56679e-173
7.8009367e-174
1.3581789e-174
-8.162606e-174
2.3319998e-172
9.0881003e-173
3.2244004e-173
5.8783665e-174
-7.9714482e-173
-2.7701603e-173
4.5080677e-174
2.569531e-173
-5.9134356e-174
-2.2820043e-174
-2.1569853e-175
2.4866374e-175
-2.2145139e-174
-2.5265314e-174
-7.4914232e-175
-3.6730584e-175
1.4256282e-173
4.4182987e-174
2.3963502e-175
3.1613698e-175
1.2658604e-173
6.4336007e-174
9.6402927e-175
2.5294694e-174
1.6455973e-173
6.2304511e-174
6.6436055e-175
2.5492207e-174
-7.4971792e-174
1.5805631e-174
5.1039496e-175
5.5567419e-174
-2.3703566e-173
-1.1026778e-173
-6.0083954e-174
7.0036966e-174
4.2808856e-174
-4.0611788e-174
-1.3930047e-173
3.4197908e-174
1.1799621e-172
5.3421225e-173
2.0175082e-173
2.5667769e-173
-5.4998157e-172
-2.4422046e-172
-6.7527572e-173
2.9207059e-173
4.2175886e-172
8.6783722e-173
-7.5282804e-173
-6.8896578e-174
1.2585183e-171
5.5139163e-172
6.6663438e-174
2.0909286e-173
-1.0290997e-169
-4.762143e-170
-1.3645211e-170
-3.6306002e-171
1.2559371e-169
4.9604495e-170
1.2125908e-170
-5.7298708e-172
2.5030611e-170
2.0689795e-170
8.3038884e-171
6.8573259e-171
-2.4872045e-169
-9.7025433e-170
-2.3167274e-170
2.9297219e-171
-5.6208719e-171
-2.3542145e-171
-6.0817727e-172
-4.0304657e-173
3.8499245e-171
1.2305661e-171
2.3739296e-172
-1.6062401e-172
4.6926914e-171
2.2216871e-171
5.8026681e-172
2.1253167e-172
-6.7713328e-171
-2.0676877e-171
-4.3100997e-172
3.7744651e-172
-3.1678624e-171
-4.6741627e-172
3.5865519e-173
5.0711057e-172
-1.5948624e-170
-6.3740273e-171
-1.5858178e-171
-1.2687784e-173
1.6335538e-170
5.1764915e-171
1.2489067e-171
-5.54956e-172
2.753466e-170
1.0508529e-170
2.6458947e-171
4.2955433e-172
-2.1827467e-169
-7.5594348e-170
-1.5888103e-170
8.1777056e-171
-2.8131198e-169
-1.3535967e-169
-3.9654334e-170
-1.1754157e-170
6.0468963e-169
2.3556915e-169
5.3695034e-170
-5.0757701e-171
5.2879349e-169
2.5389632e-169
6.9040991e-170
2.1909019e-170
-5.8914969e-168
-2.7559365e-169
1.874575e-168
2.1187432e-168
-5.7509377e-167
-3.7963313e-167
-1.811464e-167
-1.1058019e-167
1.7039714e-166
9.7814965e-167
3.8374805e-167
1.95035e-167
1.2186787e-166
8.4476967e-167
4.2001454e-167
2.6530687e-167
1.8471358e-168
1.4442179e-168
7.8445973e-169
5.3210436e-169
-1.1046447e-167
-6.550862e-168
-2.6851251e-168
-1.4384553e-168
2.0512015e-167
1.0741091e-167
3.6481531e-168
1.5198893e-168
2.609244e-167
1.5614632e-167
6.4154653e-168
3.4676567e-168
6.4372063e-167
3.4270263e-167
1.216436e-167
5.3732576e-168
-4.9077582e-167
-2.2617498e-167
-6.1098945e-168
-1.3643668e-168
-5.2884892e-167
-3.4708467e-167
-1.5402952e-167
-9.1558297e-168
1.4278666e-166
6.6165245e-167
1.8315659e-167
4.4376216e-168
5.3208586e-166
3.0354862e-166
1.194858e-166
6.0758e-167
-5.7785688e-166
-3.0390475e-166
-1.0342818e-166
-4.3218321e-167
-4.3128091e-167
-9.1086772e-167
-7.2222887e-167
-5.8831968e-167
1.6838897e-165
8.8396047e-166
3.0050327e-166
1.2554389e-166
5.0755337e-169
3.1137668e-169
1.3129527e-169
7.3404426e-170
-1.482728e-168
-8.0156161e-169
-2.8739673e-169
-1.3067945e-169
1.7349433e-168
8.0715644e-169
2.2699149e-169
5.7691567e-170
3.5419747e-168
1.9062117e-168
6.7527634e-169
3.0386643e-169
7.3811327e-170
4.0331557e-170
1.4626922e-170
6.8332696e-171
-1.4370155e-169
-7.0858324e-170
-2.2350186e-170
-7.8488418e-171
8.8912987e-170
3.3150701e-170
5.9404265e-171
-2.2774809e-171
3.3447141e-169
1.6310211e-169
5.0472967e-170
1.7011676e-170
4.2840064e-169
1.9344427e-169
5.4517958e-170
1.1991189e-170
5.4691869e-170
5.8691426e-170
3.0186114e-170
2.3359728e-170
-8.8604926e-169
-4.340448e-169
-1.3462731e-169
-4.6777686e-170
-1.8538671e-170
-8.3224723e-170
-5.1387909e-170
-4.860238e-170
6.0457414e-168
2.9827032e-168
9.4898889e-169
3.3502395e-169
-2.2405928e-168
-7.2419792e-169
-5.1696689e-170
1.421779e-169
-8.8788491e-168
-4.8955668e-168
-1.7655552e-168
-8.3405765e-169
7.0012524e-168
2.4906738e-168
3.6597196e-169
-2.69943e-169
-9.5778582e-168
-5.8997188e-168
-2.3653139e-168
-1.3240475e-168
3.6095886e-167
1.7971354e-167
5.7091771e-168
2.0751925e-168
-3.6586715e-167
-1.5083818e-167
-3.5786887e-168
-7.6551187e-170
-8.0067178e-167
-3.945054e-167
-1.2294699e-167
-4.3351623e-168
-1.2806242e-168
-6.6288393e-169
-2.1874764e-169
-9.0910963e-170
2.5734494e-168
1.1539326e-168
3.2185161e-169
6.6753465e-170
-1.1061182e-168
-3.0370749e-169
-1.6854395e-170
9.0212703e-170
-5.4638641e-168
-2.4139304e-168
-6.5400912e-169
-1.1754511e-169
-6.4295439e-168
-2.6285545e-168
-6.5448422e-169
-1.089893e-170
-2.1446444e-168
-1.4492659e-168
-5.4326909e-169
-3.4242671e-169
1.3138854e-167
5.7908909e-168
1.563981e-168
3.0735778e-169
3.8254843e-168
2.6818926e-168
9.815012e-169
7.0406676e-169
-1.2318416e-166
-5.5992067e-167
-1.5949821e-167
-3.7314095e-168
2.9677249e-167
5.177909e-168
-1.6199808e-168
-4.3754225e-168
1.8575525e-166
9.2947596e-167
2.9288337e-167
1.0951935e-167
-8.1133895e-167
-1.8115527e-167
1.4889612e-168
9.4632719e-168
8.8412068e-166
3.3804678e-166
4.6871809e-167
-3.0880265e-167
2.205649e-165
1.3982969e-165
6.1078272e-166
3.5264735e-166
-6.8247396e-165
-3.626946e-165
-1.2616254e-165
-5.4848961e-166
-4.5867626e-165
-3.0280182e-165
-1.3563007e-165
-8.1077854e-166
-7.6541407e-168
-1.9038572e-167
-1.3683036e-167
-1.1463958e-167
3.5010632e-166
1.9388016e-166
7.1033382e-167
3.3838013e-167
-6.1382186e-166
-2.932681e-166
-8.7165516e-167
-2.6411481e-167
-7.8643814e-166
-4.3616793e-166
-1.5855258e-166
-7.5702025e-167
-1.701011e-165
-8.4461789e-166
-2.7077377e-166
-9.797731e-167
1.1976922e-165
4.8862612e-166
1.0961421e-166
-3.6958654e-168
1.5691403e-165
9.3162856e-166
3.5578139e-166
1.8904993e-166
-3.057367e-165
-1.2459733e-165
-2.8455348e-166
6.1869027e-168
-1.7550435e-164
-9.4469499e-165
-3.3918952e-165
-1.5348415e-165
1.9817508e-164
9.5476973e-165
2.8516445e-165
8.8538533e-166
3.0464762e-165
3.8550554e-165
2.3686315e-165
1.8354496e-165
-5.169558e-164
-2.4726557e-164
-7.3241793e-165
-2.214866e-165
