FiniteElementSpace
FiniteElementCollection: ND_3D_P1
VDim: 1
Ordering: 0

0
0
0
0
0
0.0027268752
0.0046312116
0
0
0
0.0018468251
0
0
0
0
0
0.0040657827
-0.0034595313
0
0.0025009334
0
0
0
-0.0022333219
-0.0064798178
-0.0011427133
0.0029378106
0.0019597214
0
0
0.0074574447
0
0
0
0.0047251089
0.0084273825
0
0
0
-0.0012065744
0
0
0.0069871542
-0.0063715013
0
-0.0015034621
-0.0045034649
-0.012244006
-0.002382385
-0.0021108435
-0.0014977893
0.014098233
0
0
0
0
0
0
0.0046411618
0.002972363
0
0.0026522023
0
0
0
0
0.0046298608
-0.0026788835
0
0.002510663
0
0
0
-0.0029899085
-0.0053456721
-0.0028315526
0.0031064511
0.0032248701
0
0.0057806369
0
0.0079634907
0.0056152714
0
-0.0015092089
0
0.0079554816
-0.0051993156
0
-0.001385372
-0.0059029638
-0.010334101
-0.0056310482
-0.0020646132
-0.0022085622
0.011029536
0
0
0
0.0022319121
0.0082631776
0.0017246772
0.0028488062
0.0025725704
0
0
0.0024054357
-0.0078060683
0.0027591435
0
0
0
-0.0022128979
-0.0099495149
-0.0020754761
0.0018351578
0.0019355353
0
0
0.01035701
-0.0016620658
0.0018216348
0.0044241044
0.015869211
0.0034134161
-0.0019734545
-0.0018640265
0.0047651589
-0.015103548
-0.0018521483
-0.0043244121
-0.019273135
-0.004034611
-0.0010321322
-0.0011508508
0.019955262
-0.0032022086
-0.0011689752
0
0
0
0.00096410135
0.0097934221
0
0.0017132042
0
0
-0.0089102439
0
0
-0.010947836
-0.00097347615
0.0012783889
0
0
0.011772889
0
0
0.0018820736
0.018667562
0
-0.0013005576
0
-0.017023822
-0.020992272
-0.0018569799
-0.00088555985
0.022499006
0
0
0
0.0061769462
0.011432447
0
0
0
0.00076833702
0
0
0.0090909164
-0.0087390201
0
0.00087004304
-0.0062444887
-0.016968613
-0.0033454754
0.00111899
0.00088481898
0.01946216
0
0
0
0.0070294474
0.01346438
0
0
0
-0.00026629749
0
0
0.010325737
-0.010433954
0
-0.00016737423
-0.0073698955
-0.020374495
-0.0039748628
2.349369e-05
-0.00015495554
0.023192511
0
0
0
0.010368434
0.0078559947
0
0.00081688634
0
0.010396992
-0.0074262864
0
0.00073439649
-0.0081362084
-0.014708878
-0.0077711207
0.00094644749
0.0010636866
0.015472751
0
0.011821762
0.0095828711
0
-7.2219152e-05
0
0.011936831
-0.009247805
0
-5.2964031e-05
-0.0096168686
-0.018248978
-0.0091641201
0.00026301844
0.00021346698
0.018874787
0.0062835285
0.02234204
0.004851314
0.00074096456
0.00082802823
0.006765648
-0.021483978
0.0006226572
-0.0061327506
-0.027423665
-0.0056950974
-0.00018971695
-6.9263614e-05
0.028160329
-0.004488579
0.00014398577
0.0075700412
0.027296451
0.0058380639
0.00083245947
0.00053310465
0.0081672805
-0.026613687
0.00090276447
-0.0074499891
-0.033954716
-0.0068812263
0.0018286679
0.0017416093
0.034451292
-0.0053872403
0.001285551
0.0026673829
0.025968009
0
0.00068160039
0
-0.023771691
-0.029407442
-0.0025801553
0.00026881994
0.031373704
0
0
0.0032034059
0.031124145
0
0.00015401311
0
-0.028685214
-0.035574905
-0.0030736369
0.00059925385
0.037685799
0
0
0
0
0
0
0.004111584
0.0024554355
0
0.0021620337
0
0
0
0
0.0031310219
-0.0022446108
0
0.001629949
0
0
0
-0.0021591568
-0.0047315253
-0.0027541206
0.0020870154
0.002715038
0
0.0050249802
0
0.0070861659
0.0048916173
0
-0.0011845038
0
0.0054203581
-0.0045883298
0
-0.0009084304
-0.0042269806
-0.0093803352
-0.0054133457
-0.0013806461
-0.0017845395
0.0098417374
0
0
0
0
0.001730267
0.0020220446
0
0.00090680183
0
0
0
0
0
-0.0018141736
0
0
0
0
0
0
-0.0040693121
-0.0012368605
0
0.0011998096
0
0.004418002
0
0.0030204162
0.0042432973
0
-0.00053136559
0
0
-0.0038642564
0
0
0
-0.0082407134
-0.0024026448
0
-0.00081041791
0.0088578678
0
0
0
0.001021369
0.0068282509
0.0017799508
0.0011180903
0.0018999051
0
0
0
-0.0064424645
0
0
0
0
0
-0.0087342434
-0.00093861735
0
0.00078883761
0
0
0.0090851484
-0.0016351609
0.0012921872
0.002020403
0.013499033
0.0035223172
-0.00077117341
-0.0012753964
0
-0.012804896
0
0
-0.017221277
-0.001847585
0
-0.00048639947
0.017856918
-0.003212335
-0.0007449674
0
0
0.0022489398
0.0074663493
0.0024330546
0
-0.007159409
0
0
-0.0093782564
-0.0020646425
0.0016195344
0
0.0096476405
0.0044522886
0.014560286
-0.0016159351
-0.014063662
-0.018356567
-0.004047249
-0.00090028893
0.018790233
0
0.0093127184
0.0071179761
0
0.00064735907
0
0.0071756851
-0.0067856676
0
0.00053535787
-0.0058316388
-0.013685887
-0.0074640698
0.00068939151
0.00082985619
0.014197373
0
0.010783282
0.009013309
0
-9.6391039e-05
0
0.0083898956
-0.008702723
0
-0.0001548368
-0.0069461304
-0.017406607
-0.0088555458
2.0916462e-05
0.00017407246
0.017865801
0
0.0040415741
0.0063594802
0
0.00035020619
0
0
-0.0058083152
0
0
0
-0.012194379
-0.0033108519
0
0.00045075103
0.013040042
0
0.0047824974
0.0082270482
0
-0.000159525
0
0
-0.0075139953
0
0
0
-0.015662357
-0.003954783
0
-8.541929e-05
0.016704637
0.0028662713
0.019674061
0.0050023702
0.00034980791
0.00048853069
0
-0.018739667
0
0
-0.025044717
-0.0026402719
0
6.2456083e-05
0.025892311
-0.0045822239
-4.2852042e-05
0.0034803742
0.025036738
0.0060677359
0.00013688346
0.00043957973
0
-0.023919122
0
0
-0.031819709
-0.0032403512
0
0.00047340578
0.032809005
-0.0056105155
0.0010562331
0.0063225017
0.020915677
0.00054839929
-0.020368596
-0.026491493
-0.0057587508
-0.00016473409
0.026944773
0.0076516588
0.026220444
0.0007411918
-0.025764543
-0.033396628
-0.0070265363
0.0015623425
0.033707219
0
0
0
0.0020502502
0.011470888
0.0022254672
0.0004602696
0.00053665035
0
0
0.0016143329
-0.011273621
0.00040825923
0
0
0
-0.0016637412
-0.012749796
-0.0021354815
-0.00063685994
-0.00090274529
0
0
0.012853015
-0.0023627801
-0.00099902756
0.0039748793
0.022333704
0.0042929234
0.00018631093
0.00019550716
0.0031416572
-0.022034329
7.754911e-05
-0.0032137081
-0.024909366
-0.0041051129
0.0010792206
0.001502777
0.025027844
-0.0045146479
0.0016916077
0
0
0.0009249785
0.011060124
0.00029507718
0
0
0
-0.010797212
0
0
0
0
0
-0.012511534
-0.00094910079
0
-0.00029673205
0
0.012646584
0.0018058921
0.02168268
-3.0231198e-05
0
-0.021209773
0
0
-0.024536926
-0.0018405833
0
0.00053283384
0.02476775
0
0
0
0.00099286012
0.013755667
0.001753178
-0.000925057
-0.0017344708
0
0
0
-0.013778561
0
0
0
0
0
-0.014520688
-0.0010444098
0
-0.0015284176
0
0
0.014317808
-0.0018624992
-0.0027719311
0.0019162886
0.026938927
0.0033679912
0.0011425988
0.0021539976
0
-0.027009691
0
0
-0.028475846
-0.0020090717
0
0.0017390777
0.028060536
-0.0035636526
0.0031925103
0
0
0
0.0022843506
0.013712508
0.0025953477
-0.0023313256
-0.0026317875
0
-0.013724114
0
0
-0.014129566
-0.0024726257
-0.003670736
0
0
0.013973387
-0.0029038538
-0.0041725721
0.0043626444
0.026720775
0.004919183
0.0029158837
0.0033262159
-0.026822627
-0.027645627
-0.0046981291
0.0042775116
0.027271476
-0.0054668538
0.0049242841
0.005620051
0.032002571
0.0060337116
-0.0011955824
-0.0013584329
0.0044625207
-0.031743278
-0.00082063067
-0.0045377147
-0.035857959
-0.005760826
-0.0017535589
-0.00242868
0.035856136
-0.0062867788
-0.002768308
0.0068446931
0.039987883
0.0072960389
0.0025814283
0.0029817764
0.0054655426
-0.039937721
0.0018252064
-0.0055365439
-0.045064883
-0.0069760599
0.0026846493
0.0037209631
0.044776853
-0.0075405313
0.0042871838
0.0025746675
0.031355307
-0.00036731312
0
-0.030737855
0
0
-0.035493851
-0.0026117618
0
-0.00088858677
0.035769239
0.00316693
0.03962613
0.00089770879
0
-0.038932767
0
0
-0.0448695
-0.0032054629
0
0.0013756504
0.045133519
0.0027067041
0.038888352
0.0047292813
-0.0014493767
-0.0027492937
0
-0.039039226
0
0
-0.041156848
-0.0028267012
0
-0.0019963245
0.040519685
-0.004980677
-0.003710521
0.0033095831
0.049030947
0.0057415221
0.0018679967
0.0035641962
0
-0.049296975
0
0
-0.051948578
-0.0034425909
0
0.0023322903
0.051081844
-0.0060166899
0.0043861565
0.0060803782
0.038296025
0.0067910836
-0.003748107
-0.0043082779
-0.038611362
-0.039823375
-0.0065096859
-0.0050233091
0.039130734
-0.0074898826
-0.0058285741
0.0073139436
0.047823667
0.0080721524
0.0048929989
0.005663247
-0.048505399
-0.050041407
-0.0077798652
0.0059943159
0.048904119
-0.0088255569
0.0069958834
0
0
0
0.0010790097
0.013464648
0
0.00071701647
0
0
0
0.0017696986
-0.012628904
0.00080893305
0
0
0
-0.0020193825
-0.013967656
-0.0012984235
-0.00044554054
3.4328297e-05
0
0
0.014982229
0
0
0.0020301504
0.025732586
0
-0.00032316263
0
0.0033609661
-0.024242657
-0.00018164074
-0.0037962593
-0.026809903
-0.0024131915
0.001074928
0.00038897577
0.028572728
0
0
0
0
0.0021367523
0.012061608
0.00067329379
0
-0.011707245
0
0
-0.013016952
-0.0023378617
-0.00085855842
0
0.013342969
0.0040937227
0.023269961
5.7065569e-05
-0.022693459
-0.025243851
-0.0044341431
0.0015648206
0.025753558
0
0
0
0.0026875342
0.014077902
0.0025202635
-0.0025607967
-0.002049902
0
-0.013786433
0
0
-0.01389946
-0.0031971642
-0.0042307034
0
0
0.0140372
-0.0033868086
-0.0037797667
0.0050446129
0.027197972
0.0046691488
0.0032950184
0.0027405944
-0.026761894
-0.027041445
-0.0059435012
0.0050763903
0.027197999
-0.0061935279
0.0046585732
0
0
0
0.0017882067
0.016627679
0
-0.00085309319
0
0
-0.01495544
0
0
-0.014625664
-0.0036191938
-0.0027723498
0
0
0.019822545
0
0
0.0032719255
0.031551221
0
0.0013654017
0
-0.028672279
-0.028266448
-0.006365379
0.0036844857
0.037052949
0
0
0.0027804246
0.035875893
0
-0.00028649969
0
0.0046448126
-0.033988596
-0.00081315851
-0.0051808339
-0.037564614
-0.0032579516
-0.0020256787
-0.00099354979
0.039735725
0
0
0.003265755
0.043076302
0
0.0011535763
0
0.0055101071
-0.041138932
0.0022307985
-0.0060606927
-0.045422756
-0.0037625238
0.0033695869
0.0018366588
0.047567238
0
0
0.0057097487
0.032869926
-0.001226377
-0.032299835
-0.035938245
-0.0061167206
-0.0026585001
0.036386419
0.0068431908
0.040233862
0.0028813936
-0.039983028
-0.044481189
-0.0072511409
0.0042106835
0.044534616
0.006881372
0.038446156
0.0062778281
-0.0043067249
-0.0036305818
-0.038124914
-0.038590233
-0.008025537
-0.0060351025
0.03853497
-0.0082119032
-0.0055407061
0.0080567265
0.047064743
0.0072173598
0.0056952144
0.0048289094
-0.047203827
-0.047848931
-0.0092835068
0.0072438072
0.047263306
-0.0092883157
0.0065849444
0.0043404622
0.043629232
0
-0.001978714
0
-0.040107545
-0.039647265
-0.0082594362
-0.0042505771
0.050598523
0
0
0.0049067318
0.051878967
0
0.0027776607
0
-0.048392253
-0.047921068
-0.0091247846
0.0048723167
0.059324392
0
0
0
0.0072141457
0.014331277
0
0
0
-0.00035225766
0
0
0.010617333
-0.01133535
0
-0.00069009196
-0.0078092706
-0.022209256
-0.0042243843
-0.0014438849
-0.00076759507
0.024939685
0
0
0
0.0066652479
0.013832359
0
0
0
0.0011443722
0
0
0.009918519
-0.011362289
0
0.0017640585
-0.0075147564
-0.022288411
-0.0040564776
0.0032677033
0.0019881518
0.02434327
0
0
0
0.012266802
0.010711759
0
-0.00081850025
0
0.012535755
-0.010588243
0
-0.00074722735
-0.010292748
-0.020804106
-0.0097429968
-0.0016939574
-0.0017624352
0.021058236
0
0.011697365
0.011223713
0
0.00189176
0
0.012205382
-0.011425369
0
0.0016849983
-0.010156708
-0.022334225
-0.0094791697
0.0033908162
0.0036678936
0.02196535
0.0081832776
0.030456441
0.0062845188
-0.0028076879
-0.0022882462
0.0088771628
-0.030266961
-0.0027653046
-0.0081523798
-0.03856614
-0.0074703693
-0.0039217126
-0.0039367661
0.038456682
-0.0057968909
-0.0032094543
0.0080788336
0.031717812
0.0061389671
0.0052999013
0.0046088315
0.0088664506
-0.032382369
0.0050179405
-0.0081939405
-0.041172563
-0.0074076319
0.0065204739
0.0067899312
0.040027079
-0.0056615756
0.0058348595
0.0034355814
0.033640246
0
-0.0012509517
0
-0.031384239
-0.038997702
-0.0032790408
-0.0017836284
0.040815362
0
0
0.0033260497
0.033017671
0
0.0027512923
0
-0.031588867
-0.039313857
-0.003157986
0.003456507
0.040153603
0
0
0
0.0052921429
0.011671706
0
0
0
-0.0022589855
0
0
0.0082413686
-0.010535018
0
-0.0031494827
-0.0064524897
-0.020562038
-0.0034265204
-0.0057274758
-0.0037799516
0.020875908
0
0
0
0.0028578939
0.0069158573
0
0
0
0.0043982689
0
0
0.0058000192
-0.0096993597
0
0.0047646892
-0.0046716332
-0.018532794
-0.002081998
0.0087874656
0.0075754476
0.01270969
0
0
0
0.01020416
0.011241542
0
-0.0031413638
0
0.01103342
-0.011780638
0
-0.0027476509
-0.0092675804
-0.022904951
-0.0084097529
-0.0053425943
-0.0059523773
0.021828228
0
0.0079816729
0.010880656
0
0.004528578
0
0.0091877583
-0.011712331
0
0.0038946257
-0.0077583821
-0.022653157
-0.0066693168
0.0074813343
0.0085522278
0.020975799
0.0072681894
0.031391027
0.0053647221
-0.0083744433
-0.0078576312
0.0081695673
-0.033069387
-0.0076598657
-0.0075948336
-0.041918828
-0.0066974807
-0.0096385029
-0.010410318
0.039534415
-0.0049457508
-0.0096399834
0.0058373334
0.029994161
0.0039757732
0.01197463
0.012085144
0.0068915363
-0.032559801
0.010608337
-0.0064424658
-0.041123685
-0.005411262
0.013191918
0.014765467
0.037651169
-0.0036681001
0.014763634
0.0028282384
0.028526577
0
-0.0050435146
0
-0.029183623
-0.036352576
-0.0026655512
-0.0061055952
0.034810545
0
0
0.0017226126
0.017566447
0
0.010194388
0
-0.026194557
-0.032563849
-0.0016044693
0.012327697
0.021553472
0
0
0
0.011467501
0.01049451
0
-0.00054512436
0
0.0090365873
-0.010247303
0
-0.0002907966
-0.0075466336
-0.020369489
-0.0095511017
-0.00084071535
-0.0013408394
0.020690332
0
0.01137456
0.011515905
0
0.0012907989
0
0.0091167131
-0.011361108
0
0.00081057952
-0.0076340224
-0.022467526
-0.0095515376
0.0017917292
0.0027009287
0.022591152
0
0.0052234067
0.0097512062
0
-6.9268286e-05
0
0
-0.008895554
0
0
0
-0.018466573
-0.0043217965
0
-0.00033898343
0.019668498
0
0.0053595386
0.010869569
0
0.00033988105
0
0
-0.009896737
0
0
0
-0.020490827
-0.0044111318
0
0.00083364954
0.021812027
0.0038383533
0.029334643
0.0066675356
-0.00070541678
-0.001530936
0
-0.028086626
0
0
-0.037234008
-0.0036044637
0
-0.0011228155
0.038302181
-0.0062160582
-0.0022986032
0.0039356626
0.03240034
0.0067919489
0.0013677198
0.0028054599
0
-0.031071229
0
0
-0.041073023
-0.0037198833
0
0.0018893409
0.042167706
-0.006373752
0.0037761619
0.008365019
0.03025243
-0.0022803233
-0.030013466
-0.038779505
-0.0077418481
-0.0033053693
0.038794669
0.0084453496
0.032904224
0.00409852
-0.032969913
-0.042464392
-0.0078685467
0.0054112295
0.042074846
0
0.010571525
0.012066796
0
-0.0021279461
0
0.0086704816
-0.012015368
0
-0.0013954608
-0.0072449519
-0.023653645
-0.0089098377
-0.0028621294
-0.0042384769
0.023560798
0
0.009182878
0.012160182
0
0.0030269913
0
0.0077766579
-0.012205718
0
0.0020256925
-0.0064533066
-0.023928827
-0.0077345929
0.0040178067
0.0059018675
0.02364174
0
0.0052065331
0.011547355
0
-0.00064732907
0
0
-0.010487043
0
0
0
-0.021672306
-0.0042404164
0
-0.0013921886
0.023071497
0
0.0047998208
0.01177372
0
0.00098158412
0
0
-0.010659124
0
0
0
-0.021995151
-0.0038463065
0
0.0019974673
0.02343092
0.0037873036
0.034148304
0.0064694347
-0.0021172104
-0.0042502203
0
-0.032781552
0
0
-0.043223831
-0.0035969169
0
-0.002765569
0.044306015
-0.006102361
-0.005474369
0.0034276259
0.03456363
0.0057661864
0.0029323578
0.0058217177
0
-0.033196527
0
0
-0.043665465
-0.0032665171
0
0.0037277168
0.044709554
-0.0054602342
0.0073448008
0.0079298177
0.034180759
-0.0061799667
-0.034577581
-0.04439247
-0.0074300379
-0.0078656969
0.043567119
0.0069105237
0.034164467
0.0084591884
-0.034851867
-0.044599779
-0.0065056195
0.010597138
0.04339838
0.0075475244
0.045948765
0.0079699757
-0.0043728437
-0.0051283551
0.0060712088
-0.046272811
-0.0031024084
-0.0061386438
-0.052137429
-0.0076619459
-0.0039015805
-0.0054352651
0.051398122
-0.0081816377
-0.0063446792
0.007684597
0.049729179
0.0080064191
0.0065970651
0.0078725441
0.0062452779
-0.050546944
0.0046604267
-0.0063113907
-0.05685007
-0.0077807126
0.0054269743
0.0076233123
0.055540746
-0.008173299
0.0090512945
0.0035373093
0.046140985
-0.0015643231
0
-0.045433887
0
0
-0.05225794
-0.003579728
0
-0.0020062031
0.052460312
0.003666524
0.050666849
0.0023695785
0
-0.049993851
0
0
-0.057385107
-0.0037145254
0
0.0027889446
0.057491421
0.0036862644
0.056926407
0.0063396255
-0.0024218605
-0.0046486599
0
-0.05733645
0
0
-0.060371833
-0.003820181
0
-0.0027816302
0.059275848
-0.0066104699
-0.0052893587
0.003818983
0.062294309
0.0064970953
0.003130194
0.0060461297
0
-0.062860837
0
0
-0.066110995
-0.0039448429
0
0.0033756692
0.064802537
-0.0067426988
0.0064860392
0.0079836344
0.054870432
0.0086791406
-0.0064348439
-0.0075212296
-0.056071794
-0.057836929
-0.0084342233
-0.0073009658
0.056128739
-0.0093967463
-0.0085855434
0.008063158
0.059234197
0.0085939656
0.0084562396
0.010032696
-0.061062921
-0.062942333
-0.0084592875
0.0090565846
0.060579411
-0.0092062685
0.010784076
0.0072725395
0.051360872
0.0074230773
-0.0092483778
-0.011250207
0.0059995025
-0.052702011
-0.0064868974
-0.0060654352
-0.05914539
-0.0073517638
-0.007259853
-0.010300285
0.057244488
-0.0075431732
-0.012477921
0.006384292
0.051012356
0.0063037066
0.012258004
0.015188773
0.0053867964
-0.052797293
0.0085337005
-0.0054525135
-0.059104524
-0.006449818
0.0093594831
0.013411054
0.056712437
-0.0063836425
0.016576428
0.0035604969
0.053096409
-0.0033062745
0
-0.052485884
0
0
-0.060116182
-0.0036138968
0
-0.0037215039
0.060115107
0.0032471533
0.053434193
0.0043506956
0
-0.052894657
0
0
-0.060445496
-0.0033043276
0
0.0047835248
0.06035001
0.0037130136
0.065019056
0.0062294421
-0.0039998907
-0.0077746872
0
-0.065730177
0
0
-0.069021826
-0.0038251272
0
-0.0041333097
0.067541298
-0.0064373752
-0.0080174627
0.0033956346
0.065132219
0.0055921408
0.0050179598
0.0098088195
0
-0.065949843
0
0
-0.069119201
-0.0034912192
0
0.0050523822
0.067532433
-0.005757973
0.0098796837
0.0075832894
0.060955156
0.0078663076
-0.011002464
-0.01331163
-0.06341943
-0.065291685
-0.00790264
-0.011340488
0.062284034
-0.0083361904
-0.013747735
0.00662856
0.060259428
0.006609316
0.014043115
0.017347336
-0.063239245
-0.064990751
-0.0068657605
0.014155143
0.061474953
-0.0069321011
0.017513997
0.0034399996
0.046630715
0
-0.002359731
0
0.0058740554
-0.045108536
-0.0041922799
-0.0063661618
-0.049741797
-0.0038858634
-0.0052564439
-0.0030136235
0.051313961
0
0
0.0032716798
0.045861124
0
0.0041110979
0
0.005687952
-0.045475414
0.0069524567
-0.0060720017
-0.050064987
-0.003619067
0.0079856717
0.0047507198
0.050287384
0
0
0.0073897785
0.044910381
-0.0051255885
-0.045375205
-0.05044896
-0.0077495252
-0.0063606248
0.049686898
0.0072975455
0.046711016
0.0081343845
-0.048366802
-0.053708512
-0.0075786572
0.0093312433
0.051623736
0.0084937633
0.052507031
0.0074208625
-0.007634179
-0.0065198592
-0.053532457
-0.054325845
-0.0096434048
-0.0089067166
0.05283491
-0.0093392843
-0.0080343571
0.0081878171
0.054524823
0.0069024144
0.010391204
0.0090340779
-0.056952529
-0.057830426
-0.0091370839
0.011320293
0.05498413
-0.0084157228
0.010232285
0.0049199325
0.05550929
0
-0.0038845638
0
-0.052858323
-0.052449709
-0.0088524609
-0.0057476369
0.062354643
0
0
0.0043954729
0.053871338
0
0.0055310222
0
-0.053050156
-0.052857231
-0.0074256319
0.0071788734
0.059054308
0
0
0.0027240347
0.039775694
0
-0.0069781204
0
0.0049264904
-0.042032649
-0.011091385
-0.0051812304
-0.046180163
-0.0029484789
-0.012226953
-0.0076877168
0.043479892
0
0
0.0016125175
0.024667842
0
0.013982156
0
0.0036248942
-0.037567684
0.016833048
-0.0037595002
-0.041136267
-0.0017075851
0.018289474
0.015162259
0.026900196
0
0
0.0065759132
0.046056341
-0.012064561
-0.049130126
-0.054450298
-0.0067679627
-0.013334629
0.050801246
0.0053009899
0.043744274
0.016918004
-0.048057057
-0.053123469
-0.0054131362
0.018418588
0.048116969
0.0072084756
0.053581567
0.0057318138
-0.014235395
-0.01311216
-0.057656563
-0.058534993
-0.0078912864
-0.014805733
0.054084861
-0.0067435059
-0.013896584
0.0056898028
0.050623365
0.0040559021
0.019274018
0.019148921
-0.056129375
-0.056914866
-0.0061128838
0.01952525
0.05108308
-0.004589775
0.019562117
0.00343003
0.046120213
0
-0.0083457792
0
-0.048738889
-0.048952451
-0.0050651344
-0.0097316842
0.048852819
0
0
0.0019085106
0.028279116
0
0.015923772
0
-0.043193008
-0.043555104
-0.0024094131
0.016662502
0.028830546
0
0
0
0
0
0.0057856781
0.0085105881
0.016394
-0.0041909389
-0.0016830268
0
0
0.0045079759
-0.012852045
-0.0051769043
0
0
0
-0.005164438
-0.0096667484
-0.0074386987
-0.0058155854
-0.0045508526
0
0
0.0077181795
-0.0071976592
-0.0029810001
0.010491298
0.016791056
0.029340067
0.0055779231
0.0035588385
0.0082265579
-0.024992565
0.0063844279
-0.0096116775
-0.018882597
-0.013909985
0.0072761229
0.0062499355
0.014768126
-0.013888928
0.0046226525
0
0
0.0037739775
0.013008569
-0.0055464887
0
0
0.0032391838
-0.013293185
-0.0053967533
0
0
0
-0.0035122447
-0.012042993
-0.0042104839
-0.0061088826
-0.0062450056
0
0.011310043
0.0069998119
0.025358628
0.0065785883
0.0060788132
-0.025947501
0.0062593844
-0.0066065529
-0.023585804
-0.007861255
0.007106107
0.007474318
0.022121836
0
0
0
0.0042987499
0.0094080676
0.0050393107
-0.0062574582
-0.0057657069
0
0
0.0036407968
-0.010378012
-0.0062092868
0
0
0
-0.0036098589
-0.0085027092
-0.0040736553
-0.0056984524
-0.0056609615
0
0
0.007704436
-0.0042601806
-0.0052799692
0.0081320588
0.018375274
0.0095815553
0.007607258
0.0072930448
0.0068937025
-0.020354452
0.0073232661
-0.0068917381
-0.016665256
-0.0077993567
0.006882051
0.0070346944
0.014986973
-0.0081984647
0.0067428764
0
0
0
0.0052399251
0.0068260782
0.0048385056
-0.0048807544
-0.0038910825
0
-0.0082001434
0
0
-0.006792138
-0.0041106696
-0.004690909
0
0
0.0058095426
-0.0036075594
-0.0040622141
0.010107996
0.013049801
0.0092803809
0.0064427461
0.0053612456
-0.015855945
-0.013095221
-0.0078942934
0.0061401086
0.01109834
-0.0068644116
0.0054117018
0.013718604
0.023736278
0.038498001
-0.0064240713
-0.0044576941
0.010876086
-0.035282237
-0.0073673727
-0.012847993
-0.026935401
-0.018533479
-0.008456783
-0.0076013863
0.02085068
-0.018451226
-0.0061727842
0.015193869
0.028881206
0.042959191
0.0071615251
0.0053170026
0.012223718
-0.04293003
0.0083604845
-0.01453453
-0.033263282
-0.020773749
0.0095553145
0.0088476358
0.025555561
-0.020342553
0.0076544227
0.0094078543
0.036105686
-0.0075526701
0.0082904182
-0.037141625
-0.0071241255
-0.0090133394
-0.033882424
-0.010604329
-0.0079706506
-0.0085192531
0.03165339
0.010805908
0.044502257
0.0086274007
0.0097080396
-0.046185576
0.008119569
-0.010538288
-0.042297291
-0.012191133
0.008834345
0.0095357573
0.039263046
0.011081057
0.026355756
0.01301128
-0.0087160927
-0.0086165109
0.0094537896
-0.029318027
-0.0082006535
-0.0095291252
-0.024026386
-0.010752749
-0.007749848
-0.0081371996
0.021469637
-0.011279798
-0.0080374783
0.01284042
0.032863711
0.01490174
0.009711835
0.0098449317
0.011093896
-0.036731355
0.0089665726
-0.011269835
-0.030167415
-0.012601365
0.0084230272
0.0090755578
0.026802843
-0.013085952
0.0092358024
0.013725097
0.018395806
0.012496766
-0.0079489902
-0.0069641503
-0.022578169
-0.018610721
-0.010795098
-0.0075623432
0.015642263
-0.0092415377
-0.0068913262
0.015537769
0.022624926
0.013822886
0.0094256132
0.008673982
-0.027980354
-0.023076438
-0.012331165
0.0089973188
0.01925741
-0.010268451
0.0085098493
0
0
0.0026706338
0.01359361
-0.0047557152
0
0
0.0019734931
-0.013926626
-0.003635561
0
0
0
-0.0020674239
-0.013117208
-0.0028387452
-0.0042240733
-0.0054404407
0
0.012600839
0.0050595363
0.026593518
0.0054222197
0.0037665354
-0.027298245
0.0040816579
-0.0039431632
-0.025774
-0.0053787642
0.0047155605
0.0061920093
0.024719191
0
0
0.0010944636
0.014288327
-0.0020462935
0
0
0
-0.014684361
0
0
0
0
0
-0.014243715
-0.0011349791
0
-0.0024244641
0
0.01365362
0.0021008532
0.028043113
0.0022623611
0
-0.028828902
0
0
-0.028014437
-0.002176669
0
0.002656954
0.026854373
0
0
0
0.0011608188
0.01243241
0.0021305295
-0.0026211321
-0.0044631865
0
0
0
-0.013201486
0
0
0
0
0
-0.011584247
-0.0011740517
0
-0.0026091958
0
0
0.010668711
-0.0021648615
-0.0043104698
0.0022266631
0.024523221
0.0040677027
0.0028782423
0.0050116047
0
-0.026032526
0
0
-0.022930305
-0.0022534112
0
0.0028965543
0.021128737
-0.0041411741
0.0049195866
0
0
0.0029421455
0.011094857
-0.0056294608
0
-0.011748139
0
0
-0.0098976302
-0.0029759407
-0.0052862749
0
0.0092096049
0.005591355
0.02181975
0.0064713785
-0.023150627
-0.019570271
-0.0056811487
0.0062062481
0.018145617
0.0069822725
0.038234918
-0.0061038624
0.0052461014
-0.039377794
-0.004534357
-0.0054829098
-0.037254278
-0.0074145661
-0.0051204256
-0.0068365446
0.035632796
0.0083020637
0.047865689
0.0069018379
0.006310615
-0.049529532
0.0050661339
-0.0065777645
-0.046934942
-0.0087943897
0.0055186523
0.0074825783
0.044717429
0.002946921
0.040533671
-0.0024751429
0
-0.041693113
0
0
-0.040566225
-0.0030476082
0
-0.0028340584
0.038877999
0.0035761192
0.051125506
0.0027241918
0
-0.052634105
0
0
-0.051249453
-0.0036883239
0
0.0030003073
0.049092124
0.003116096
0.035584132
0.0056583754
-0.0030295558
-0.0053851767
0
-0.037769848
0
0
-0.033364026
-0.0031561586
0
-0.0030308931
0.030754491
-0.0057741653
-0.0052727594
0.0037661876
0.045010765
0.0067847809
0.0031228137
0.0056684436
0
-0.047780964
0
0
-0.042295215
-0.0038160718
0
0.003063784
0.038996052
-0.0069375503
0.0054612062
0.0077240602
0.031536765
-0.0070975198
-0.033546404
-0.028441035
-0.0078861785
-0.0068162815
0.026283681
0.0091706637
0.039684882
0.0076184959
-0.042354492
-0.035999321
-0.0094052087
0.0072318175
0.033154474
0
0
0
0.0029733263
0.0070639196
0.0034856126
-0.0044206627
-0.0046367616
0
0
0.0021963765
-0.0076583703
-0.0037472781
0
0
0
-0.0022700669
-0.0051449083
-0.002973916
-0.0027675422
-0.0030892265
0
0
0.0047615379
-0.0033320469
-0.003140538
0.005708637
0.013932128
0.0067120718
0.0053916146
0.0058292085
0.004211545
-0.015205318
0.0044149225
-0.0043803009
-0.0102595
-0.0057772943
0.0034738744
0.0040453845
0.0093883914
-0.0065038553
0.004246432
0
0
0.0011890807
0.0084199238
-0.0023716438
0
0
0
-0.0094311999
0
0
0
0
0
-0.0067780359
-0.0012371105
0
-0.0018895373
0
0.0057529514
0.0022828003
0.016776391
0.0026940534
0
-0.018781203
0
0
-0.013649003
-0.0023782503
0
0.0022495617
0.011579458
0
0
0
0.0013750037
0.0027949432
0.0024034849
-0.0011184713
-0.0014047858
0
0
0
-0.003633496
0
0
0
0
0
0
-0.0016485056
0
0
0
0
0
-0.0023320432
0
0.0026761133
0.0057016109
0.0047758037
0.0014954916
0.0020243297
0
-0.0075196362
0
0
0
-0.0036327538
0
0
0
-0.0051908065
0
0
0
0
0.0029362035
0.0023892487
0.0031268444
-0.0014656102
-0.0014387481
0
-0.0025403929
0
0
0
-0.0026293053
0
0
0
0
-0.0026760216
0
0.0058925218
0.0046990097
0.0063016275
0.0022213965
0.0022568028
-0.0050795025
0
-0.0058639263
0
0
-0.0059614621
0
0.0079840674
0.020209273
0.0093758832
-0.005970201
-0.006638631
0.0058989974
-0.0221722
-0.0047508112
-0.006195483
-0.015013123
-0.0081901044
-0.0037816742
-0.0045521776
0.013622901
-0.0092221519
-0.0049241663
0.0095996633
0.025535179
0.011210873
0.0062888118
0.0071968993
0.0071240237
-0.028143807
0.0048631212
-0.0075633086
-0.01911077
-0.0099866326
0.0038362257
0.0047742935
0.017223611
-0.011199937
0.0053328606
0.0032045049
0.02452875
-0.0028181503
0
-0.027446241
0
0
-0.020094159
-0.0033577948
0
-0.0023661512
0.017046841
0.0038848502
0.031207605
0.0028046165
0
-0.034903749
0
0
-0.025686357
-0.0040997551
0
0.0023223436
0.021796037
0.0038479918
0.0084664175
0.0069394889
-0.0015888316
-0.0022471708
0
-0.011237266
0
0
0
-0.0055918164
0
0
0
-0.0080328243
0
0.0047837273
0.010890744
0.00867688
0.0015378492
0.0022653246
0
-0.014504242
0
0
0
-0.0072959568
0
0
0
-0.01049269
0
0.0085944616
0.0068096622
0.0091883165
-0.0025584248
-0.002680897
-0.0074516554
0
-0.0090749308
0
0
-0.0091955075
0
0.010741982
0.0086022964
0.011433669
0.0026762809
0.0029018703
-0.0095046394
0
-0.011818409
0
0
-0.011897684
0
0
0
0
0.0033777514
0.004601932
0.0028682552
-0.0039117854
-0.0035333121
0
0
0.0036780689
-0.0052905214
-0.004281667
0
0
0
-0.0032221088
-0.0036565413
-0.0028536916
-0.0028711212
-0.0026682873
0
0
0.0032183994
-0.0023543804
-0.0024738047
0.0064901045
0.0087754847
0.0054513685
0.0052259165
0.0047466848
0.0071012384
-0.0101696
0.0056382974
-0.006289728
-0.0069979549
-0.0055384996
0.0040344328
0.0037710499
0.0061128817
-0.0045205757
0.0034796031
0
0
0.0037189693
0.005933682
-0.0045550227
0
-0.0065169108
0
0
-0.0044222887
-0.0033985575
-0.0030450595
0
0.0040600278
0.0071821862
0.011507048
0.0058750728
-0.012749164
-0.0086258857
-0.0066452167
0.0042149177
0.0078404306
0
0
0
0.003061997
0.0020839653
0.0028030307
-0.0013745533
-0.0012978293
0
-0.002246756
0
0
0
-0.0025355448
0
0
0
0
-0.0022551162
0
0.0061743881
0.0039973128
0.0056382884
0.0022008616
0.0020923363
-0.0043593306
0
-0.005634707
0
0
-0.0049961279
0
0
0
0
0.0024060543
0.0016820491
0.0019289324
-0.0012241051
-0.0011624193
0
-0.0018943329
0
0
0
-0.001880293
0
0
0
0
-0.00145809
0
0.0048130893
0.0031706895
0.0038236121
0.0019589239
0.0018208931
-0.0035985997
0
-0.0041525965
0
0
-0.0032123636
0
0.0089140714
0.0123538
0.0073511068
-0.0064550357
-0.0060046643
0.0098535283
-0.014423499
-0.0067826045
-0.0088380072
-0.0098931429
-0.0076918077
-0.0049288323
-0.0047100798
0.0085809579
-0.0061581746
-0.0044253054
0.010270904
0.015201578
0.0082110314
0.0076664284
0.0073517003
0.011563535
-0.017865996
0.0078065787
-0.010520585
-0.012224176
-0.0089739734
0.0056766133
0.0055858403
0.010535712
-0.0069540995
0.0053901465
0.010012947
0.016451542
-0.0068778712
-0.018368449
-0.012404665
-0.0093980184
-0.0050227566
0.011175948
0.011883424
0.020523777
0.0076781669
-0.023071527
-0.015563424
-0.011327791
0.0056115472
0.013912274
0.0089685849
0.0056717078
0.0081285019
-0.0026847694
-0.0026111991
-0.0062474723
0
-0.0086401432
0
0
-0.0075951072
0
0.011065963
0.0070341093
0.009894021
0.0030008647
0.0030087768
-0.0078174253
0
-0.011065969
0
0
-0.0095845993
0
0.0068546432
0.0044285415
0.005343543
-0.0024910696
-0.0023479268
-0.0050617931
0
-0.0062374301
0
0
-0.0047445427
0
0.0081702012
0.0054148573
0.0061620889
0.0029528187
0.0028536068
-0.0062284492
0
-0.0077034349
0
0
-0.0056712205
0
0.014710662
0.031882891
0.042013376
-0.0081166483
-0.0063960732
0.012152356
-0.04740281
-0.0096479427
-0.014500713
-0.03749519
-0.020325004
-0.010848174
-0.010301431
0.028643485
-0.019189819
-0.009401494
0.012234166
0.032591992
0.035161151
0.0096464901
0.0080212086
0.010709506
-0.048423468
0.01158909
-0.012788382
-0.039474342
-0.017128667
0.012671537
0.012328911
0.03003826
-0.014879746
0.011768804
0.011105985
0.050032011
-0.010031416
0.010252805
-0.052588362
-0.0094237157
-0.011088087
-0.048369334
-0.012504434
-0.0098801406
-0.010751687
0.044503929
0.01036866
0.052452009
0.012061772
0.0099454559
-0.05612528
0.011246833
-0.01069061
-0.051861678
-0.011598513
0.011322116
0.012446354
0.047162908
0.013254711
0.03754414
0.015035103
-0.010794057
-0.011191298
0.011696229
-0.042191567
-0.0097945713
-0.011968125
-0.034762243
-0.013156961
-0.0090581781
-0.010011832
0.030717403
-0.013384358
-0.010487101
0.012351241
0.040215558
0.013431915
0.012206093
0.012929855
0.011276048
-0.045472377
0.010886045
-0.011612359
-0.037613151
-0.012410094
0.0098335093
0.011143262
0.033061979
-0.012167455
0.011992864
0.015271102
0.025557473
0.012966265
-0.011073174
-0.010630604
-0.031785854
-0.026293501
-0.012238534
-0.010561213
0.021819484
-0.0096735183
-0.010347499
0.012935733
0.027138427
0.0099377449
0.013175779
0.013104665
-0.033872815
-0.028163185
-0.010517017
0.012441674
0.023282308
-0.0074732192
0.01256068
0.0079241613
0.031127449
0.021875178
-0.012372272
-0.010840215
0.0083042206
-0.046068442
-0.014729057
-0.0097726686
-0.039337008
-0.011513473
-0.015437696
-0.015444405
0.029911977
-0.0076837293
-0.01534456
0.0040904169
0.029043306
-8.3232605e-09
0.017612699
0.017440053
0.0053545011
-0.041287909
0.019771634
-0.0062823777
-0.037612173
-0.0047424813
0.019579447
0.020309592
0.028694028
4.7873702e-09
0.020896671
0.0087878077
0.051939338
-0.015064406
0.0089039098
-0.056917753
-0.013777437
-0.0094892313
-0.052809734
-0.0097286544
-0.013365242
-0.014927024
0.047317945
0.0066715428
0.049368816
0.019235244
0.00731591
-0.055369225
0.017102198
-0.0077178297
-0.051527944
-0.0072584481
0.016128883
0.018432256
0.045409682
0.01036801
0.040899463
0.010408381
-0.014201526
-0.015366405
0.0099853023
-0.046549994
-0.012438146
-0.01033382
-0.038669364
-0.010547563
-0.010924521
-0.01267215
0.033820807
-0.0096828323
-0.013969837
0.0077280764
0.0398199
0.0066264142
0.016981796
0.018765701
0.008077808
-0.045602994
0.014590993
-0.0083850787
-0.038022865
-0.0079363997
0.012468283
0.014760085
0.033108167
-0.0064249044
0.016595313
0.0089387053
0.027454699
0.0052318935
-0.016070459
-0.016436536
-0.034299786
-0.028702364
-0.0074709405
-0.014853478
0.023689856
-0.0040173414
-0.015345982
0.0042435265
0.026731072
-4.7709409e-09
0.020064206
0.020955013
-0.033299502
-0.028035588
-0.0037059588
0.017976163
0.02316246
4.5159079e-09
0.018869243
0.0089451265
0.055009369
-0.007946322
0.0069000447
-0.057274505
-0.0057633191
-0.0071656596
-0.054338818
-0.0094388446
-0.0060074654
-0.008270361
0.051506399
0.0089090526
0.059418999
0.0093756109
0.0070014918
-0.06232875
0.0067120666
-0.0072375542
-0.059172878
-0.0093507877
0.0066879355
0.0093531235
0.055737525
0.0039527684
0.059328904
-0.0030539195
0
-0.061150973
0
0
-0.059555717
-0.0040627381
0
-0.0032073129
0.057004258
0.0040652184
0.064830777
0.0035072509
0
-0.066914318
0
0
-0.065148644
-0.0041612781
0
0.0035074575
0.062294529
0.0041389928
0.052327011
0.0073791614
-0.0032139463
-0.0059636839
0
-0.055567225
0
0
-0.049254898
-0.0041917589
0
-0.0030532279
0.045415516
-0.0075541863
-0.0055883351
0.0042253565
0.057216814
0.0074317892
0.0033615387
0.00637987
0
-0.06079458
0
0
-0.053923679
-0.0042720916
0
0.0030604005
0.049714992
-0.0076078874
0.0057638663
0.0098389759
0.045833825
-0.0081753804
-0.049121747
-0.041840055
-0.010127918
-0.0075892902
0.038388575
0.00972812
0.049723724
0.0089240853
-0.053558209
-0.045693623
-0.010038909
0.0080371522
0.041749452
0.0082604072
0.06109582
-0.011300537
0.0066488216
-0.064613866
-0.0079770965
-0.0068360984
-0.061341788
-0.0086129385
-0.007644726
-0.010864292
0.05737784
0.007122378
0.060254817
0.01375997
0.0059163149
-0.064231428
0.0095794166
-0.0060471456
-0.060930519
-0.0073701346
0.0089234408
0.012876922
0.056596393
0.0039261887
0.067503627
-0.0041158721
0
-0.069775479
0
0
-0.067875074
-0.0040006653
0
-0.0039440872
0.064827401
0.0035702121
0.067389841
0.0048905674
0
-0.069754844
0
0
-0.067755388
-0.0036203373
0
0.0045413494
0.064639482
0.0040447029
0.05953784
0.0069903193
-0.0036178646
-0.0070149291
0
-0.063306607
0
0
-0.056145601
-0.0040768225
0
-0.0031425997
0.051750784
-0.0071448209
-0.0060908512
0.0036408651
0.059314111
0.0061498907
0.004018945
0.007935085
0
-0.063117868
0
0
-0.055924921
-0.0036524368
0
0.0033445645
0.051530329
-0.0062645321
0.0066486087
0.0089270804
0.051286755
-0.010008856
-0.055553098
-0.047441481
-0.0092208464
-0.0087172665
0.043150808
0.0075974385
0.050637981
0.011526632
-0.055164276
-0.047112625
-0.0078383172
0.0097384958
0.042653508
0.010422152
0.029619805
0.01204314
-0.0064785003
-0.0076450916
0.007795564
-0.03278663
-0.0048554169
-0.0083679642
-0.022313772
-0.010998449
-0.003740416
-0.004835534
0.019992114
-0.012227334
-0.0055992342
0.0104118
0.03226888
0.011825981
0.0066729047
0.0081331391
0.0078839981
-0.035871291
0.0048317908
-0.0085561054
-0.024453816
-0.011149516
0.0035847319
0.0048459717
0.021791221
-0.012213898
0.0058400144
0.004276837
0.036437195
-0.0027126867
0
-0.040736829
0
0
-0.030087896
-0.0045462421
0
-0.0021786347
0.025541705
0.0043642117
0.039955951
0.0026025701
0
-0.044656551
0
0
-0.033061145
-0.0046707414
0
0.0019899109
0.02808142
0.0053986633
0.012819445
0.0098181061
-0.0013948688
-0.0021599085
0
-0.017103448
0
0
0
-0.008575075
0
0
0
-0.012300446
0
0.0056444447
0.014140697
0.010264808
0.0012003477
0.0019910828
0
-0.018880168
0
0
0
-0.0093165593
0
0
0
-0.013279187
0
0.012104297
0.0099771443
0.012768618
-0.0026663811
-0.003009731
-0.011114099
0
-0.013764029
0
0
-0.013708788
0
0.01254987
0.010863743
0.013044326
0.0025979093
0.0030746237
-0.012190692
0
-0.014698418
0
0
-0.014401458
0
0.0096309668
0.033397928
0.010652513
-0.007000365
-0.0088079697
0.0074262149
-0.037285527
-0.004891519
-0.0081456991
-0.025442031
-0.010469242
-0.0034542313
-0.0049090142
0.02255509
-0.011205537
-0.0061664641
0.008233599
0.033032012
0.0087428384
0.0075673375
0.0097912126
0.0065188171
-0.03703438
0.0051175448
-0.0072224305
-0.025270506
-0.0090874338
0.0034235893
0.0051144173
0.022290641
-0.0093780255
0.0066745999
0.0041637084
0.041628831
-0.0025319962
0
-0.046514734
0
0
-0.034477741
-0.0044824188
0
-0.0018085808
0.029303941
0.0037217685
0.041447442
0.0025497746
0
-0.046303495
0
0
-0.034319701
-0.0040241647
0
0.0016813335
0.029190679
0.0055144458
0.014789559
0.010000251
-0.00099205941
-0.0018135225
0
-0.019746104
0
0
0
-0.0094692429
0
0
0
-0.013352214
0
0.0050431192
0.014749266
0.0090884824
0.00080495562
0.0016766776
0
-0.019680719
0
0
0
-0.0090442669
0
0
0
-0.012544716
0
0.012060534
0.011226531
0.012250023
-0.002533447
-0.0031606733
-0.01268475
0
-0.014536068
0
0
-0.013895161
0
0.010730537
0.011066209
0.010512003
0.0025288493
0.0033247489
-0.012587685
0
-0.013322017
0
0
-0.012259938
0
0.010316339
0.017229359
0.007804583
-0.0089523392
-0.0088535264
0.011994334
-0.020359274
-0.008826869
-0.011090401
-0.013903383
-0.0091475876
-0.0063794257
-0.0064805372
0.011919497
-0.006696113
-0.0064361018
0.0090126113
0.018403239
0.0061118022
0.010434782
0.010605165
0.011098113
-0.02183056
0.0099866852
-0.010456512
-0.014884474
-0.0081363313
0.0071373156
0.007476332
0.0127109
-0.0053303901
0.007624887
0.012583015
0.023532245
-0.0084111644
-0.026615162
-0.017942373
-0.012197272
-0.0060988701
0.015927103
0.012061717
0.025361984
0.0092299798
-0.028843139
-0.019435301
-0.011910797
0.0065973068
0.017145095
0.012180854
0.0080257212
0.010652687
-0.0032315947
-0.0033566335
-0.0089910322
0
-0.012549919
0
0
-0.01061976
0
0.012161828
0.0086104172
0.010263614
0.0034422697
0.0037114467
-0.0097155604
0
-0.012869462
0
0
-0.010497778
0
0.0084977266
0.0061022998
0.0060490796
-0.0034033111
-0.0033843714
-0.0070568368
0
-0.0082382517
0
0
-0.0057219822
0
0.0077173474
0.0064817494
0.0049119432
0.0038883514
0.0039743147
-0.0075255939
0
-0.007669055
0
0
-0.0047592635
0
0.0065573263
0.018746896
0.0033583069
-0.012249973
-0.012718472
0.0090387466
-0.022281408
-0.011437377
-0.008709254
-0.015166848
-0.0060544901
-0.0080505437
-0.0086572032
0.012925021
-0.0029924631
-0.009020236
0.0033682309
0.018333291
-5.0872859e-09
0.014511535
0.015286107
0.0061760773
-0.021782585
0.013305126
-0.0061121119
-0.014792827
-0.003198813
0.0092051891
0.010094501
0.012607741
4.5407299e-09
0.010674508
0.010447587
0.025987503
-0.010289545
-0.029700517
-0.019999567
-0.010535119
-0.0072167629
0.017545879
0.0080319062
0.025470185
0.011718501
-0.029232617
-0.019656867
-0.0082918814
0.0080518748
0.017163442
0.011012984
0.0087786135
0.0087510827
-0.0036934078
-0.0041260659
-0.0099689468
0
-0.011960013
0
0
-0.0091776671
0
0.0088930364
0.0085471981
0.0063038104
0.0040384577
0.0046467783
-0.0097607224
0
-0.009919496
0
0
-0.0067850286
0
0.0058759955
0.0065624514
0.0028193167
-0.0044503614
-0.0046540454
-0.0076358032
0
-0.005982193
0
0
-0.0027963134
0
0.003186777
0.0063690408
-3.2128493e-09
0.0051256469
0.0054483264
-0.0074095187
0
-0.0033273351
0
0
2.5969466e-09
0
0
0
0
0
0
-3.4394583e-10
0.00033894528
0
0
0
-0.00033894566
0
0
0
0
0
0.00019892
-0.00045731179
0
-0.00058764957
0
0
0
-0.00012122236
-0.00078264192
1.1061328e-10
-0.0011393326
-0.00062386905
0
0
0.00062386892
0
0
0
-0.00019892002
0.00058764983
0
0
0
0.00045731231
0
0
2.5643357e-10
-0.00081814491
0
0.00081814514
-3.2582739e-10
-0.0014479117
0.00012122223
0.0014479116
0.00078264213
0.0011393332
0
0
0
0
0
0
0.00081570169
0.00072310558
0
-0.00064320402
0
0
0
0
0.0019939008
-0.0010861962
0
-0.00048698987
0
0
0
-0.0011826478
-0.0016129486
-0.00048029813
-0.0015021047
-0.0014382143
0
0.0011249744
0
0.00097202288
0.0012782557
0
0.0010341376
0
0.0029732725
-0.0018996734
0
0.001110092
-0.0019573996
-0.0029771921
-0.00062245133
0.002173116
0.0019112441
0.0020838505
0
0
0
0.00036226535
0.0013360125
9.49545e-05
-0.002004004
-0.0015070694
0
0
0.00086908386
-0.0018371149
-0.0022914167
0
0
0
-0.00067798097
-0.0018217914
-0.00028831071
-0.0026087078
-0.0022062717
0
0
0.00136903
-7.7375941e-05
-0.0016254695
0.0004477459
0.0025091225
1.8012484e-10
0.0025119631
0.001847477
0.0013915593
-0.0034459635
0.0029779121
-0.0010634272
-0.0034335219
-0.00034850079
0.0032837654
0.0027151012
0.0025811312
-1.079097e-10
0.0019697474
0
0
0
-1.6270173e-10
0.0008100209
0
-0.00081002048
0
0
-0.00098516071
0
0
-0.0010467772
-1.9765657e-10
-0.00086993263
0
0
0.00086993321
0
0
-9.4953688e-05
0.0015070691
0
0.00098516089
0
-0.0018474769
-0.0019697474
7.7375403e-05
0.0010467768
0.001625469
0
0
0
-0.00081570179
0.0006432058
0
0
0
-0.00072310595
0
0
-0.00097202185
-0.0010341377
0
-0.0012782562
0.00062245074
-0.0019112453
0.00048029701
-0.0020838505
-0.001124975
0.0014382162
0
0
0
-0.0019939
0.00048699116
0
0
0
0.0010861964
0
0
-0.0029732711
-0.0011100925
0
0.001899674
0.001957398
-0.0021731172
0.0011826474
0.002977192
0.0016129486
0.0015021065
0
0
0
3.7442454e-10
0.0016672804
0
-0.0016672806
0
0.0024483281
-0.0025000704
0
-0.0019028276
-0.0016919743
-0.0040333712
-1.2822081e-09
-0.0033112764
-0.0028083116
0.002808311
0
-0.002448327
0.0019028273
0
0.0025000711
0
-3.2413552e-10
-0.002904353
0
0.0029043544
-3.1014531e-10
-0.004800576
0.0016919727
0.0048005763
0.0040333721
0.0033112766
9.118909e-10
0.0034481505
-0.00044774438
-0.0034481499
-0.0025091226
0.0012083597
-0.004750086
-0.004154597
-0.00090836043
-0.0047703952
-8.3609904e-10
-0.0043676796
-0.0035810286
0.0035810281
0.00034849913
-0.0025811317
-0.0012083573
0.004154597
-0.0013915572
0.0047500857
0.0034459643
1.2325662e-09
-0.005745927
0.0057459276
-2.1131367e-09
-0.0058226323
0.00090835774
0.0058226323
0.0047703954
0.0043676795
0.0010634253
0.0034335223
-0.00036226455
0.0020040047
0
-0.0013360122
0
-0.0025119633
-0.0027151005
0.00028830993
-0.0013690306
0.0022062706
0
0
-0.00086908278
0.0022914171
0
0.001837114
0
-0.0029779121
-0.0032837654
0.00067797898
0.0018217924
0.0026087073
0
0
0
0
0
0
0.0038461264
0.0015459152
0
-0.00016432206
0
0
0
0
0.0065029948
-0.0021513047
0
0.00019043686
0
0
0
-0.0038600998
-0.0030425901
-0.0022988342
-0.0013723172
-0.0014111991
0
0.0022389892
0
0.0062151167
0.0026980471
0
0.0010965795
0
0.010957213
-0.0037835011
0
0.00111512
-0.007240678
-0.0056202822
-0.0041434551
0.0025423533
0.002318441
0.0041259944
0
0
0
0
0.010257725
0.0030926692
0
0.00025901421
0
0
0
-0.0053700606
0
0
-0.0057252112
-0.0058104729
-0.0018426923
0
0.0041556337
0
0.017783008
0.0055341508
0
0.001452237
0
-0.01003652
-0.01076248
-0.011143774
0.0032675403
0.0077283724
0
0
0
0.0038715548
0.0042732904
0.0027039007
-0.0031013074
-0.002653933
0
-0.0054721897
0
0
-0.0048260979
-0.0028563451
-0.0035364157
0
0
0.0039068364
-0.0020242737
-0.0031636357
0.0073063594
0.0080274936
0.0049785322
0.0043964762
0.0037404392
-0.010352027
-0.009149748
-0.0053398506
0.0047331733
0.0073715147
-0.0036755734
0.004186493
0
0
0.0016545566
0.0024799376
-0.002448992
0
-0.0032802461
0
0
-0.0030924382
-0.0012658748
-0.0028920648
0
0.002396848
0.0029119899
0.0046456991
0.0033293273
-0.0061459905
-0.0058229593
-0.0021887882
0.0037384231
0.0045133534
0
0.006669193
0.0035730573
0
-0.0020323571
0
0.013033259
-0.0050555151
0
-0.0021645277
-0.0089682154
-0.0076663914
-0.0046524468
-0.0040722147
-0.0036740169
0.0056041792
0
0.0047349779
0.0041873079
0
0.0031541536
0
0.012206416
-0.0059717689
0
0.0033447988
-0.0085248389
-0.0091869473
-0.003369462
0.0058333313
0.0053499917
0.0066923238
0
0.022379693
0.0075003953
0
-0.0025449279
0
-0.013903085
-0.014970902
-0.014490399
-0.004875336
0.010621641
0
0.023426558
0.0089418419
0
0.003695212
0
-0.016726544
-0.018185279
-0.015286852
0.0065643635
0.012798761
0.0096003284
0.011130485
0.0062336656
-0.00600525
-0.0052698184
-0.014453147
-0.012803707
-0.0069831764
-0.0062006465
0.010265582
-0.004563303
-0.0055784083
0.010123721
0.013507861
0.0059415748
0.0078666672
0.0071597562
-0.017639632
-0.015666843
-0.0073688754
0.0079232561
0.012512684
-0.0043372335
0.0073090784
0.0033003688
0.0064082825
-0.0047085799
-0.0084901355
-0.0080908932
-0.0024508672
-0.004999792
0.0062692344
0.0023994648
0.0077518806
0.0065027871
-0.010275411
-0.0098500273
-0.0017722984
0.0066388047
0.0076396943
0
0
0
0.00099108799
0.0020597348
0.00053403354
-0.0027013888
-0.0024167022
0
0
0.0015778785
-0.0026061462
-0.002942024
0
0
0
-0.0012479263
-0.0018964697
-0.00077350115
-0.002159779
-0.0020049518
0
0
0.0015197672
-0.00041069039
-0.001801
0.0017087915
0.0038791158
0.00083509871
0.0034764357
0.0030405637
0.0028589919
-0.0049096184
0.0038699377
-0.0022909175
-0.0035617923
-0.0013546025
0.002924217
0.0026446377
0.0028524336
-0.00065463968
0.0023176387
0
0
0.0022343752
0.0032265833
-0.0032062801
0
-0.0039016712
0
0
-0.0027643148
-0.0017950911
-0.0023063604
0
0.0023167528
0.0041688918
0.0060896426
0.0042843521
-0.0073935916
-0.0052203898
-0.0033875411
0.003195204
0.0043591071
0
0
0
0.0014305525
0.0012307998
0.00096544832
-0.0011136013
-0.0010688655
0
-0.0014568802
0
0
0
-0.0010353544
0
0
0
0
-0.00065458402
0
0.0027962696
0.0022989358
0.0018461985
0.0016885424
0.0015596996
-0.0027308296
0
-0.0022806022
0
0
-0.0014496382
0
0
0
0
0.00057679102
0.00082076918
0.00029035809
-0.0010114289
-0.00092139751
0
-0.0010154941
0
0
0
-0.00034883868
0
0
0
0
-0.00013718221
0
0.0010620921
0.0015288515
0.00049459667
0.0014208363
0.0012522658
-0.0018933708
0
-0.00078810991
0
0
-0.00033238417
0
0.0019064299
0.0053994853
0.00071018998
-0.0045332635
-0.0039496027
0.0035421505
-0.0068336363
-0.0050368158
-0.0028676474
-0.0049506376
-0.001528517
-0.0037864471
-0.0034227719
0.0039651025
-0.00056426334
-0.0029856908
0.0013746392
0.006598996
2.4952119e-09
0.0058712453
0.005137274
0.0033653395
-0.0083385317
0.0064524575
-0.002749114
-0.0060370177
-0.00111194
0.0047898896
0.0043698278
0.0048440904
-1.5786394e-09
0.0038262257
0.0054500107
0.0084896562
-0.0055197992
-0.010346736
-0.0072891034
-0.004472639
-0.0041140937
0.0060666405
0.0057638481
0.010363465
0.0069376866
-0.012666836
-0.0089088069
-0.0047765359
0.0051228918
0.0073976919
0.003793336
0.003185224
0.0023816768
-0.0021947899
-0.0020312265
-0.0037948622
0
-0.0032857069
0
0
-0.0020056098
0
0.0041380224
0.0038705191
0.0023350706
0.0027216421
0.0025545122
-0.0046202291
0
-0.0037216842
0
0
-0.0020499502
0
0.0012418326
0.002116125
0.0004460114
-0.0018444542
-0.0016149077
-0.0026204657
0
-0.0010076024
0
0
-0.00034174402
0
0.00092636308
0.0025773256
1.5526667e-09
0.0023383141
0.0020534719
-0.0031853223
0
-0.00078998741
0
0
-1.1790159e-09
0
0
0
0
2.6593151e-10
0.00079725054
0
-0.00079724985
0
0
0
6.1472414e-05
-0.00096205891
-0.0014829481
0
0
0
-4.5033778e-05
-0.00074288036
-7.158017e-10
-0.0011129275
-0.00060595217
0
0
0.00060595235
0
0
-6.1472152e-05
0.0014829483
0
0.00096205856
0
7.9597829e-10
-0.0018046403
0.0018046406
-7.8676552e-10
-0.0013810733
4.5033476e-05
0.0013810737
0.00074288035
0.0011129275
0
0
0
0
0.00022816593
0.0012308972
-0.0020229341
0
-0.0015987787
0
0
-0.0011980875
-0.00017192099
-0.0015107251
0
0.00093844757
0.00027507589
0.0023168799
0.0024966548
-0.0030115925
-0.0022471863
-0.00021235558
0.0019045451
0.0017558972
0
0
0
0.0001114546
0.0005185302
2.5247938e-05
-0.00078198427
-0.00058412993
0
-0.00065377028
0
0
0
-2.1820077e-05
0
0
0
0
1.2783687e-05
0
0.00015150612
0.00095945014
2.8757994e-10
0.0010352514
0.00075764705
-0.0012157387
0
-8.2118594e-05
0
0
-6.8969977e-10
0
0
0
0
6.9420609e-10
0.00032640637
0
-0.0003264056
0
0
-0.00041463555
0
0
0
-9.3626904e-10
0
0
0
0
0
0
-2.5246295e-05
0.00058412932
0
0.00041463555
0
-0.00075764652
0
-1.2785454e-05
0
0
0
0
-0.00022816516
0.0020229321
0
-0.0012308967
0
-0.00027507505
-0.0024966535
-0.0023168802
0.00021235512
-0.0019045435
0.00017192034
-0.0017558974
-0.00093844803
0.0015107236
0
0
-0.00053403259
0.002416701
0
0.0015987791
0
-0.00083509605
-0.0030405617
0.0030115929
0.00065463757
-0.0023176379
0.00041068918
0.0022471876
0.0011980876
0.001800999
0
0
9.1738791e-10
0.0032232423
-0.0032232432
-0.004193989
-0.0031246716
-9.315014e-10
-0.0024376721
0.0024376712
-0.00071018785
0.0039496012
0.0041939903
-0.0051372729
-0.0038262248
0.00056426152
0.0031246716
0.0029856901
-1.3222837e-10
0.0013238373
-0.00015150523
-0.001323838
-0.00095945063
-0.0016824253
0
3.0870652e-10
0
0
8.2118963e-05
0
-0.00044600952
0.0016149071
-0.00049459578
0.001682426
0.0012157388
-0.0020534717
0
0.00034174371
0
0
0.00033238336
0
-0.00011145445
0.0007819843
0
-0.00051853028
0
-0.0010352503
0
2.1819516e-05
0
0
0
0
-0.0002903574
0.00092139706
0
0.00065377005
0
-0.0012522652
0
0.00013718142
0
0
0
0
0
-0.0038461251
0.00016432444
0
0
0
-0.0015459152
0
0
-0.0062151143
-0.0010965807
0
-0.0026980475
0.0041434535
-0.0023184425
0.0022988325
-0.0041259943
-0.0022389894
0.0014112011
0
0
0
-0.0065029926
-0.0001904339
0
0
0
0.002151305
0
0
-0.010957211
-0.0011151214
0
0.0037835009
0.0072406757
-0.0025423551
0.0038600977
0.005620282
0.0030425901
0.0013723206
0
0
0
-0.0066691923
0.0020323579
0
-0.003573057
0
-0.0047349798
-0.0031541533
0
-0.0041873092
0.0033694618
-0.0053499907
0.0046524441
-0.006692325
-0.0056041804
0.0036740168
0
-0.013033258
0.0021645281
0
0.0050555149
0
-0.012206418
-0.0033447981
0
0.0059717693
0.0085248396
-0.0058333314
0.0089682138
0.0091869487
0.0076663911
0.0040722155
-0.0033003664
0.0047085798
-0.0029119871
-0.0064082829
-0.0046456997
-0.0023994623
-0.0065027861
-0.007751882
0.0017722955
-0.006638805
0.0024508638
-0.0076396949
-0.0062692348
0.0049997914
0.0021887854
-0.0045133541
-0.0062336631
0.0052698186
-0.0049785292
0.0084901364
0.0061459906
-0.0059415731
-0.0071597545
0.010275413
0.004337231
-0.0073090786
0.0045632989
0.009850028
0.0080908945
0.0055784093
0.0036755698
0.0058229595
-0.0016545549
0.0024489935
0
-0.0024799372
0
-0.0033293275
-0.0037384237
0.0012658727
-0.0023968483
0.002892066
0
0
-0.0027038987
0.0026539357
0
0.0032802457
0
-0.0037404411
-0.004186495
0.0020242709
0.0030924386
0.0031636384
0
0
0
-0.010257723
-0.00025901019
0
0
0
-0.003092669
0
0
-0.017783005
-0.0014522392
0
-0.0055341504
0.011143772
-0.0032675442
0.0058104714
-0.0077283719
-0.0041556325
0.0018426974
0
0
0
-0.016393996
0.0016830323
0
0
0
0.0053700595
0
0
-0.029340062
-0.0035588421
0
0.010036519
0.013888925
-0.0046226581
0.0071976566
0.010762478
0.0057252102
0.0029810066
0
0
0
-0.022379692
0.0025449289
0
-0.0075003944
0
-0.023426561
-0.0036952113
0
-0.0089418419
0.015286852
-0.0065643639
0.014490397
-0.012798761
-0.010621641
0.0048753374
0
-0.038497998
0.0044576958
0
0.013903084
0
-0.042959193
-0.0053170023
0
0.016726544
0.020342554
-0.0076544233
0.018451223
0.018185278
0.014970901
0.0061727878
-0.009600325
0.0060052519
-0.0073063558
-0.011130485
-0.0080274931
-0.01012372
-0.0078666674
-0.013507862
0.0073688728
-0.0079232572
0.0069831731
-0.012512685
-0.010265582
0.0062006491
0.0053398465
-0.007371515
-0.012496763
0.0069641542
-0.0092803774
0.014453146
0.010352026
-0.013822885
-0.0086739843
0.017639632
0.010268449
-0.0085098519
0.009241533
0.015666843
0.012803707
0.0068913303
0.0068644076
0.0091497474
-0.0038715523
0.0031013117
0
-0.0042732905
0
-0.004396479
-0.0047331769
0.0028563427
-0.0039068363
0.0035364198
0
0
-0.0048385041
0.0038910891
0
0.0054721885
0
-0.0053612514
-0.0054117067
0.0036075572
0.0048260977
0.0040622201
0
0
0
-2.2921939e-09
0.0045732432
0
-0.0045732445
0
0.0080211272
-0.0065459338
0
-0.0048147184
-0.0055788942
-0.010211179
1.1582519e-09
-0.0079906773
-0.0074458015
0.0074457996
0
-0.0080211327
0.0048147173
0
0.0065459352
0
-4.0746184e-09
-0.0068491803
0
0.0068491825
2.8943532e-09
-0.010836558
0.005578897
0.010836561
0.010211181
0.0079906748
0
0.020397803
0.0098277803
0
-0.0051131785
0
-0.018356076
-0.020290019
-0.013165476
-0.0085902966
0.014237172
0
0.012838791
0.010204944
0
0.0070786894
0
-0.018758693
-0.021290555
-0.0079913396
0.011283279
0.01499682
0.008592959
0.015146047
0.003850715
-0.010063108
-0.0094533587
-0.019829848
-0.017675539
-0.0062520682
-0.009948137
0.014092961
-0.0027974491
-0.0093989096
0.00503326
0.016096072
-1.8883097e-09
0.012826148
0.012336157
-0.021027428
-0.018829673
-0.0036695782
0.012394904
0.015040539
9.995543e-10
0.01193287
1.6249773e-11
0.00872864
-0.0087286415
-0.011528545
-0.011111293
-1.8828756e-09
-0.0086575785
0.008657578
-0.0038507157
0.0094533572
0.011528547
-0.012336154
-0.011932868
0.0027974481
0.011111294
0.0093989079
0
-0.02039781
0.005113177
0
-0.009827781
0
-0.012838801
-0.0070786872
0
-0.010204946
0.0079913476
-0.011283277
0.01316548
-0.014996823
-0.014237175
0.0085902958
0
-0.042013383
0.0063960712
0
0.018356077
0
-0.035161164
-0.0080212058
0
0.018758696
0.014879754
-0.011768802
0.019189824
0.021290559
0.020290019
0.0094014931
0
-6.9004236e-09
0.010282598
0
-0.0102826
0
-0.018124241
-0.021364559
4.7777077e-09
-0.01526757
0.015267567
0
-0.021875193
0.010840212
0
0.018124244
0
-0.017440049
-0.020896667
0.0076837396
0.021364562
0.015344556
-3.7323462e-09
0.016477614
-0.0050332646
-0.016477618
-0.016096076
-0.021340333
-0.019191884
2.9165172e-09
-0.015429429
0.015429426
0.0036695818
-0.015040542
-0.0052319025
0.016436532
-0.0099377516
0.021340337
0.021027431
-0.020955009
-0.018869239
0.0040173492
0.019191886
0.015345979
0.0074732242
0.018829674
-0.008592961
0.010063106
-0.015146048
-0.012826144
-0.012394902
0.0062520681
-0.014092962
0.0099481369
-0.012966268
0.010630604
0.019829849
-0.013104664
-0.01256068
0.00967352
0.017675539
0.0103475
2.2907743e-09
0.0074956482
-0.0013746356
-0.0074956489
-0.0065989963
0.0021761172
-0.0094260494
-0.0081373649
-0.0017949383
-0.0068204676
-2.4757248e-09
-0.0059611714
-0.005499627
0.0054996263
0.0011119368
-0.0048440916
-0.0021761142
0.0081373642
-0.0033653349
0.0094260501
0.0083385323
3.5935168e-10
-0.010132453
0.010132455
-7.652533e-10
-0.0073233754
0.0017949342
0.007323375
0.0068204681
0.0059611712
0.0027491098
0.006037018
0.0049179387
0.011690875
-0.0085789661
-0.014303844
-0.010046123
-0.0041214606
-0.0062645816
0.008337605
0.0029155227
0.012491991
0.010510457
-0.01525504
-0.010699146
-0.0024790395
0.007580491
0.0088987178
0.0036382427
0.0043481317
0.0015536315
-0.0033035707
-0.0031535913
-0.0051911905
0
-0.0033642729
0
0
-0.0014044539
0
0.0022303016
0.0046252469
1.988421e-09
0.0039633204
0.0038411632
-0.0055080626
0
-0.0021117329
0
0
-2.3203691e-09
0
1.9044607e-09
0.0029180296
-0.00092636056
-0.0029180302
-0.0025773257
-0.0035882165
0
-1.2864983e-09
0
0
0.00078998541
0
-0.001553628
0.0031535919
-0.0023350659
0.0035882171
0.0031853228
-0.0038411629
0
0.0014044497
0
0
0.0020499466
0
-0.0049179377
0.0085789658
-0.0057638451
-0.011690875
-0.010363465
-0.002915525
-0.010510456
-0.012491993
0.0024790394
-0.0075804916
0.004121458
-0.008898718
-0.0083376051
0.0062645834
0.0047765319
-0.0073976921
-0.007804583
0.0088535286
-0.0082110288
0.014303845
0.012666835
-0.006111805
-0.010605165
0.015255042
0.0053303922
-0.0076248885
0.0066961117
0.010699146
0.010046123
0.0064361039
0.0069540964
0.0089088058
-2.9993847e-09
0.01281523
-0.012815232
-0.015559793
-0.010893679
2.0077358e-09
-0.0091129525
0.0091129526
-0.0033583134
0.012718471
0.015559795
-0.015286104
-0.010674507
0.0029924684
0.01089368
0.0090202364
-4.0384541e-10
0.0047196488
-0.0022303007
-0.0047196486
-0.0046252469
-0.0055855508
0
-2.0551521e-10
0
0
0.0021117308
0
-0.0028193209
0.0046540452
-0.0049119428
0.0055855506
0.0055080618
-0.005448326
0
0.0027963149
0
0
0.004759261
0
-0.0036382386
0.0033035705
-0.0041380187
-0.0043481321
-0.0038705198
-0.0039633209
0
0.0033642695
0
0
0.0037216797
0
-0.0060490775
0.0033843724
-0.0061620849
0.0051911903
0.0046202289
-0.0039743149
0
0.005721978
0
0
0.0056712162
0
-0.00099108529
0.0027013881
0
-0.0020597358
0
-0.0017087885
-0.0034764346
-0.0038791166
0.0013546
-0.0026446369
0.00077349924
-0.0028524349
-0.0015197672
0.002004951
0
0
-0.0015778761
0.002942025
0
0.0026061463
0
-0.0028589869
-0.0038699379
0.0049096195
0.0022909133
-0.0029242179
0.0012479242
0.0035617931
0.0018964697
0.0021597799
0
0
-0.0019064267
0.004533263
-0.0053994863
-0.0058712439
-0.0043698281
0.0015285142
-0.0039651032
0.0034227708
-0.0035421469
0.005036816
0.0068336365
-0.006452457
-0.0047898898
0.0028676433
0.0049506383
0.0037864474
-0.001241832
0.0018444543
-0.0010620901
-0.0021161252
-0.0015288516
-0.0023383136
0
0.0010076018
0
0
0.00078810999
0
-0.0023816735
0.0020312268
-0.001846196
0.0026204662
0.0018933703
-0.0025545121
0
0.0020056071
0
0
0.0014496359
0
-0.00057679036
0.0010114288
0
-0.00082076934
0
-0.0014208358
0
0.00034883818
0
0
0
0
-0.00096544675
0.0010688666
0
0.001015494
0
-0.0015596999
0
0.00065458282
0
0
0
0
-0.0022343725
0.0032062831
0
-0.003226583
0
-0.0041688877
-0.0042843547
-0.0060896434
0.0033875371
-0.0031952056
0.0017950879
-0.0043591066
-0.0023167533
0.0023063621
0
0
-0.0028682529
0.0035333173
0
0.0039016713
0
-0.0054513646
-0.0047466885
0.0073935914
0.0045205721
-0.0034796059
0.0023543778
0.0052203895
0.0027643145
0.0024738073
0
0
-0.0054500061
0.005519801
-0.0084896561
-0.006937688
-0.0051228941
0.0044726348
-0.0060666408
0.0041140961
-0.0073511029
0.0060046683
0.010346736
-0.0073517035
-0.0053901484
0.0061581708
0.0072891028
0.0044253076
-0.0037933323
0.0021947906
-0.0027962658
-0.0031852245
-0.002298936
-0.0027216432
0
0.003285704
0
0
0.0022805987
0
-0.0053435393
0.0023479281
-0.0038236085
0.0037948623
0.0027308295
-0.0028536081
0
0.0047445389
0
0
0.0032123597
0
-0.0014305499
0.0011136024
0
-0.0012307994
0
-0.001688543
0
0.0010353517
0
0
0
0
-0.0019289307
0.0011624209
0
0.0014568799
0
-0.0018208943
0
0.0014580885
0
0
0
0
0.0027723549
-0.0057856762
0.0041909462
0
0
-0.019822542
-0.0085105871
0
-0.0036844891
-0.010491295
-0.0055779292
-0.037052942
-0.016791053
0.013909981
-0.006249943
0.0074386968
-0.014768124
-0.0077181772
0.004550863
0
0
0.0037797747
-0.0045079746
0.0051769159
0
0
0.014625662
0.012852043
0
-0.0046585788
-0.0082265544
-0.0063844359
0.028266443
0.024992561
0.0096116743
-0.0072761331
0.0051644355
0.018882595
0.0096667457
0.0058155972
0
0
0.004250579
-0.013718601
0.006424075
-0.050598518
-0.023736276
-0.0048723162
-0.015193869
-0.0071615268
-0.05932439
-0.028881204
0.020773748
-0.0088476406
0.018533475
-0.02555556
-0.020850676
0.0076013926
0.0055407091
-0.010876084
0.0073673789
0.03964726
0.035282233
-0.0065849459
-0.012223716
-0.0083604876
0.047921065
0.042930027
0.014534528
-0.0095553199
0.012847989
0.033263279
0.026935398
0.008456791
-0.013725091
0.007948997
-0.010107993
-0.018395805
-0.013049798
-0.015537768
-0.0094256187
-0.022624924
0.012331163
-0.0089973257
0.010795094
-0.019257408
-0.01564226
0.0075623513
0.0078942894
-0.011098338
-0.013011276
0.0086165208
-0.0095815516
0.022578166
0.015855942
-0.014901737
-0.00984494
0.027980351
0.013085949
-0.0092358105
0.011279793
0.023076434
0.018610717
0.0080374887
0.0081984603
0.013095218
-0.0052399223
0.0048807641
0
-0.0068260776
0
-0.0064427553
-0.0061401172
0.0041106675
-0.0058095413
0.0046909185
0
0
-0.005039308
0.0057657206
0
0.0082001422
0
-0.007293057
-0.0067428876
0.0042601785
0.0067921359
0.0052799812
0
0
0.0042307131
-0.0037739744
0.0055465022
0
0
-0.014037197
-0.013008566
0
-0.0050763967
-0.0069998085
-0.0065785997
-0.027197994
-0.025358624
0.0078612503
-0.0074743313
0.0042104808
-0.022121832
-0.01131004
0.0062450224
0
0
0.004172582
-0.0032391812
0.0053967666
0
0
0.013899458
0.013293182
0
-0.0049242914
-0.0060788096
-0.0062593953
0.027041441
0.025947496
0.0066065484
-0.0071061202
0.0035122417
0.023585799
0.012042989
0.0061088976
0
0
0.0060351068
-0.0094078501
0.0075526784
-0.038534965
-0.036105681
-0.0072438082
-0.010805906
-0.0086274065
-0.047263301
-0.044502253
0.012191129
-0.0095357654
0.010604325
-0.039263041
-0.031653385
0.008519264
0.0058285785
-0.0082904151
0.0071241329
0.038590229
0.037141619
-0.0069958854
-0.0097080367
-0.0081195736
0.047848925
0.046185571
0.010538285
-0.0088343525
0.0090133351
0.042297285
0.033882417
0.0079706616
-0.011081051
0.0087161048
-0.0081320543
-0.026355752
-0.01837527
-0.012840417
-0.0097118448
-0.032863706
0.012601362
-0.0090755688
0.010752744
-0.026802838
-0.021469631
0.008137212
0.0077993518
-0.014986968
-0.0094537843
0.0082006663
-0.0068936976
0.029318021
0.020354447
-0.011093892
-0.008966584
0.036731349
0.011269831
-0.0084230384
0.0095291203
0.030167408
0.024026378
0.0077498617
0.0068917332
0.01666525
-0.0042987458
0.0062574725
0
-0.0094080655
0
-0.0076072722
-0.0070347082
0.0040736518
-0.0077044331
0.0056609765
0
0
-0.0036407936
0.0062093029
0
0.01037801
0
-0.0073232814
-0.0068820652
0.0036098568
0.008502705
0.0056984668
0
0
0.0057476362
-0.014710665
0.0081166481
-0.062354646
-0.031882891
-0.0071788717
-0.01223417
-0.0096464884
-0.059054316
-0.032591995
0.017128674
-0.012328909
0.020325007
-0.030038262
-0.028643484
0.010301433
0.0080343553
-0.012152357
0.0096479436
0.052449709
0.04740281
-0.010232282
-0.010709508
-0.011589088
0.052857233
0.048423471
0.012788385
-0.012671538
0.014500715
0.039474343
0.037495188
0.010848178
0.0097316818
-0.0079241653
0.012372269
-0.048852831
-0.031127455
-0.016662496
-0.0040904214
-0.017612694
-0.028830564
-0.02904331
0.00474249
-0.020309588
0.011513481
-0.028694033
-0.02991198
0.015444403
0.01389658
-0.0083042226
0.014729053
0.048952456
0.046068447
-0.01956211
-0.0053545032
-0.01977163
0.043555111
0.041287915
0.006282382
-0.019579444
0.0097726733
0.037612178
0.039337011
0.015437695
-0.0089387137
0.016070456
-0.012935739
-0.027454703
-0.027138428
-0.0042435351
-0.020064202
-0.026731076
0.0037059696
-0.017976161
0.0074709487
-0.023162463
-0.023689857
0.014853478
0.010517022
-0.023282309
-0.010408387
0.015366406
-0.013431921
0.034299789
0.033872815
-0.0066264221
-0.018765699
0.033299505
0.0064249129
-0.016595312
0.0096828391
0.02803559
0.028702364
0.013969839
0.012167458
0.028163184
-0.015271104
0.011073177
-0.025557473
-0.013175779
-0.012441676
0.012238535
-0.021819483
0.010561218
-0.015035103
0.011191305
0.031785852
-0.01292986
-0.011992869
0.013384359
0.026293498
0.010487109
0.008906716
-0.011105984
0.010031418
-0.052834907
-0.050032008
-0.011320289
-0.010368661
-0.012061773
-0.05498413
-0.052452009
0.011598514
-0.012446357
0.012504434
-0.047162907
-0.044503925
0.010751693
0.0085855423
-0.010252802
0.0094237177
0.054325842
0.052588359
-0.010784073
-0.009945455
-0.011246834
0.057830425
0.056125279
0.01069061
-0.01132212
0.011088086
0.051861677
0.048369328
0.0098801463
0.014805728
-0.0087878078
0.015064404
-0.054084863
-0.05193934
-0.019525243
-0.0066715429
-0.019235241
-0.051083084
-0.049368821
0.0072584503
-0.018432255
0.0097286564
-0.045409685
-0.047317946
0.014927026
0.013747731
-0.0089039088
0.013777436
0.058534994
0.056917753
-0.017513991
-0.0073159088
-0.017102195
0.056914869
0.055369227
0.0077178301
-0.016128883
0.0094892316
0.051527946
0.052809733
0.013365243
-0.010368013
0.014201527
-0.012351243
-0.040899464
-0.040215557
-0.0077280798
-0.016981796
-0.039819903
0.0079364059
-0.014760087
0.010547567
-0.033108169
-0.033820806
0.012672155
0.012410096
-0.033061976
-0.0099853036
0.01243815
-0.011276049
0.046549993
0.045472373
-0.0080778102
-0.014590995
0.045602995
0.0083850826
-0.012468286
0.010333823
0.038022864
0.03866936
0.010924527
0.01161236
0.037613146
-0.01325471
0.010794065
-0.037544136
-0.012206099
-0.011143269
0.013156959
-0.030717398
0.010011841
-0.011696228
0.00979458
0.042191562
-0.010886052
-0.0098335173
0.011968124
0.034762236
0.0090581891
-0.010316339
0.0089523418
-0.010270901
-0.017229359
-0.015201576
-0.0090126153
-0.010434784
-0.018403238
0.0081363329
-0.0074763337
0.0091475868
-0.0127109
-0.011919496
0.0064805409
0.0089739694
-0.010535711
-0.011994333
0.0088268748
-0.011563533
0.020359272
0.017865992
-0.011098116
-0.0099866892
0.021830559
0.010456514
-0.0071373192
0.0110904
0.014884472
0.013903381
0.0063794312
0.010520581
0.012224173
-0.006557333
0.012249973
-0.018746898
-0.003368242
-0.014511533
-0.018333293
0.0031988233
-0.010094502
0.0060544958
-0.012607743
-0.01292502
0.0086572037
-0.0090387524
0.011437379
0.022281408
-0.0061760865
-0.013305128
0.021782587
0.0061121212
-0.0092051908
0.0087092597
0.014792828
0.015166847
0.0080505467
-0.0058760001
0.0044503616
-0.0077173484
-0.0065624515
-0.0064817484
-0.003186787
-0.0051256468
-0.006369041
0.0033273426
0
0.0059821961
0
0
0
0.007669054
0
-0.0087510873
0.004126067
-0.010263614
0.0076358028
0.0075255928
-0.0063038183
-0.0046467787
0.0074095197
0.0067850365
0
0.0091776698
0
0
0
0.010497776
0
-0.0084977235
0.0034033123
-0.0081701975
-0.0061022996
-0.0054148565
-0.0038883522
0
0.0082382475
0
0
0.0077034295
0
-0.010652684
0.0033566359
-0.0098940161
0.0070568356
0.0062284482
-0.0037114487
0
0.010619755
0
0
0.0095845937
0
-0.012583012
0.0084111727
-0.01188342
-0.02353224
-0.020523772
-0.012061718
-0.0092299865
-0.025361981
0.011910797
-0.0065973123
0.012197269
-0.017145092
-0.015927099
0.0060988774
0.011327786
-0.013912269
-0.012043137
0.007645101
-0.01121087
0.026615155
0.02307152
-0.011825981
-0.008133147
0.028843133
0.012213897
-0.0058400211
0.01222733
0.019435296
0.017942368
0.0055992427
0.011199932
0.015563418
-0.010447592
0.010289549
-0.025987501
-0.0080319144
-0.011718504
-0.025470186
0.008291889
-0.0080518772
0.010535124
-0.017163442
-0.017545877
0.0072167673
-0.010652515
0.008807975
0.029700513
-0.0087428444
-0.0097912155
0.029232615
0.009378032
-0.0066746028
0.01120554
0.019656865
0.019999564
0.0061664695
-0.011012987
0.0036934098
-0.012161828
-0.0087786123
-0.0086104157
-0.0088930447
-0.0040384591
-0.0085471986
0.0099195025
0
0.011960014
0
0
0
0.012869459
0
-0.012250024
0.0031606765
-0.013044324
0.009968945
0.0097155577
-0.010512009
-0.003324751
0.0097607213
0.012259942
0
0.01389516
0
0
0
0.014401453
0
-0.012180849
0.0032315982
-0.011065958
-0.0080257191
-0.0070341073
-0.0034422735
0
0.012549913
0
0
0.011065962
0
-0.012768612
0.0030097354
-0.011433663
0.008991029
0.0078174216
-0.0030746277
0
0.01370878
0
0
0.011897676
0
-0.0033777491
0.0039117919
0
-0.0046019316
0
-0.006490101
-0.0052259242
-0.0087754845
0.0055384953
-0.0037710543
0.0028536893
-0.0061128807
-0.003218398
0.0026682932
0
0
-0.003678067
0.0042816775
0
0.0052905214
0
-0.0071012349
-0.0056383071
0.010169599
0.0062897249
-0.0040344393
0.0032221077
0.0069979535
0.0036565391
0.0028711275
0
0
-0.0089140667
0.0064550417
-0.012353798
-0.0076664335
-0.0055858448
0.0076918035
-0.0085809562
0.0047100848
-0.0098535234
0.006782614
0.014423495
-0.0078065869
-0.0056766187
0.0088380026
0.00989314
0.0049288387
-0.0068546384
0.0024910719
-0.0048130857
-0.0044285415
-0.0031706895
-0.0029528207
0
0.0062374248
0
0
0.0041525925
0
-0.0081284965
0.0026112024
-0.005638285
0.0050617927
0.0035985993
-0.0030087795
0
0.0075951015
0
0
0.0049961231
0
-0.0024060512
0.0012241068
0
-0.0016820489
0
-0.0019589266
0
0.0018802898
0
0
0
0
-0.0028030283
0.0012978336
0
0.0018943329
0
-0.0020923398
0
0.0022551136
0
0
0
0
-0.0037189671
0.0045550355
0
-0.0059336799
0
-0.0071821812
-0.0058750858
-0.011507046
0.0066452123
-0.0042149263
0.0033985546
-0.0078404286
-0.0040600264
0.0030450692
0
0
-0.0034856102
0.0046367753
0
0.0065169089
0
-0.0067120675
-0.0058292217
0.01274916
0.0065038505
-0.0042464414
0.003332045
0.0086258822
0.0044222861
0.0031405484
0
0
-0.010012942
0.0068778832
-0.016451537
-0.0076781778
-0.0056115549
0.009398012
-0.011175944
0.0050227644
-0.0093758771
0.0066386428
0.018368443
-0.0071969111
-0.0053328694
0.0092221466
0.012404659
0.0049241757
-0.0089685781
0.0026847731
-0.0061743838
-0.0056717059
-0.0039973125
-0.003000869
0
0.0086401362
0
0
0.0056347013
0
-0.0091883091
0.0026809023
-0.0063016226
0.00624747
0.0043593289
-0.0029018748
0
0.0091954991
0
0
0.0059614555
0
-0.0030619938
0.0013745578
0
-0.0020839641
0
-0.0022008668
0
0.002535541
0
0
0
0
-0.0031268413
0.0014387546
0
0.0022467553
0
-0.0022568087
0
0.0026760175
0
0
0
0
0.0036707448
-0.002670631
0.0047557269
0
0
-0.013973385
-0.013593607
0
-0.004277518
-0.0050595325
-0.0054222294
-0.027271472
-0.026593513
0.0053787601
-0.0061920221
0.0028387424
-0.024719185
-0.012600836
0.0054404546
0
0
0.0027719375
-0.0019734914
0.0036355692
0
0
0.014129565
0.013926623
0
-0.0031925152
-0.0037665324
-0.0040816645
0.027645624
0.027298239
0.0039431597
-0.0047155694
0.0020674219
0.025773994
0.013117204
0.0042240839
0
0
0.0050233137
-0.0069822683
0.0061038704
-0.039130729
-0.038234913
-0.0059943174
-0.0083020608
-0.0069018432
-0.048904113
-0.047865682
0.0087943864
-0.0074825869
0.0074145616
-0.044717423
-0.035632788
0.0068365553
0.0037105242
-0.0052460978
0.004534362
0.03982337
0.039377787
-0.0043861583
-0.0063106115
-0.0050661382
0.050041401
0.049529526
0.0065777605
-0.0055186588
0.005482906
0.046934935
0.03725427
0.0051204333
-0.0077240547
0.0070975326
-0.0055913503
-0.031536757
-0.021819743
-0.0091706595
-0.0076185071
-0.039684874
0.0094052043
-0.0072318298
0.007886173
-0.033154466
-0.026283672
0.0068162947
0.0056811434
-0.018145611
-0.0056583712
0.0053851859
-0.0040676989
0.033546395
0.02315062
-0.0067847774
-0.0056684517
0.042354483
0.0069375466
-0.0054612152
0.0057741603
0.035999311
0.028441024
0.0052727694
0.0041411709
0.019570263
-0.0029421428
0.0056294757
0
-0.011094853
0
-0.0064713923
-0.0062062622
0.0029759377
-0.0092096011
0.00528629
0
0
-0.0021305276
0.0044631981
0
0.011748136
0
-0.0050116149
-0.004919597
0.0021648593
0.0098976266
0.0043104807
0
0
0.0015284207
-0.0010944628
0.002046298
0
0
-0.014317807
-0.014288325
0
-0.0017390801
-0.0021008514
-0.002262365
-0.028060533
-0.028043108
0.0021766673
-0.0026569592
0.0011349779
-0.026854367
-0.013653616
0.0024244705
0
0
0
0
0
0
0
0.014520687
0.014684359
0
0
0
0
0.028475843
0.028828898
0
0
0
0.028014431
0.014243711
0
0
0
0.0019963264
-0.0029469193
0.0024751468
-0.04051968
-0.040533665
-0.0023322912
-0.0035761171
-0.0027241944
-0.051081838
-0.051125499
0.0036883222
-0.0030003117
0.0030476056
-0.049092116
-0.038877991
0.0028340629
0
0
0
0.041156842
0.041693107
0
0
0
0.051948572
0.052634097
0
0
0
0.051249445
0.040566217
0
-0.0031160934
0.0030295611
-0.002226661
-0.035584124
-0.024523213
-0.003766185
-0.0031228181
-0.045010756
0.0038160691
-0.0030637889
0.0031561564
-0.038996041
-0.03075448
0.0030308987
0.0022534085
-0.02112873
0
0
0
0.037769838
0.026032518
0
0
0.047780954
0
0
0
0.042295204
0.033364014
0
0
0.022930297
-0.0011608169
0.0026211384
0
-0.012432406
0
-0.0028782485
-0.0028965599
0.0011740501
-0.010668707
0.0026092018
0
0
0
0
0
0.013201481
0
0
0
0
0.011584242
0
0
0
0.0073009662
-0.0089451232
0.0079463259
-0.056128734
-0.055009365
-0.0090565829
-0.0089090503
-0.0093756129
-0.060579409
-0.059418997
0.0093507857
-0.0093531284
0.0094388417
-0.055737523
-0.051506393
0.0082703673
0.0052893592
-0.0069000411
0.0057633214
0.057836925
0.0572745
-0.0064860377
-0.0070014889
-0.0067120686
0.06294233
0.062328747
0.0072375521
-0.0066879389
0.0071656567
0.059172873
0.054338812
0.0060074711
0.011340485
-0.0082604053
0.011300537
-0.062284033
-0.06109582
-0.014155138
-0.0071223769
-0.013759968
-0.061474955
-0.060254817
0.0073701337
-0.012876923
0.0086129377
-0.056596393
-0.057377837
0.010864296
0.0080174607
-0.0066488197
0.0079770966
0.065291684
0.064613864
-0.0098796814
-0.0059163131
-0.0095794154
0.064990752
0.064231427
0.0060471451
-0.0089234418
0.0068360965
0.060930517
0.061341785
0.0076447286
-0.0089270795
0.01000886
-0.0097281193
-0.051286751
-0.049723719
-0.0075974386
-0.011526635
-0.050637978
0.0078383187
-0.0097384994
0.009220847
-0.042653505
-0.043150802
0.0087172728
0.010038908
-0.041749445
-0.0069903185
0.0070149325
-0.0074317875
0.055553092
0.053558203
-0.0061498908
-0.0079350874
0.055164272
0.006264533
-0.006648611
0.0071448207
0.047112619
0.047441474
0.006090856
0.0076078861
0.045693614
-0.0098389728
0.0081753894
-0.045833818
-0.0089240926
-0.00803716
0.010127915
-0.038388566
0.0075893005
-0.0073791586
0.005963691
0.049121739
-0.0063798754
-0.0057638731
0.0075541836
0.041840045
0.0055883437
0.0027816302
-0.0039527666
0.0030539214
-0.059275842
-0.059328898
-0.0033756691
-0.0040652168
-0.0035072513
-0.064802533
-0.064830772
0.004161277
-0.0035074601
0.0040627361
-0.062294524
-0.05700425
0.0032073161
0
0
0
0.060371827
0.061150966
0
0
0
0.06611099
0.066914313
0
0
0
0.065148637
0.059555709
0
0.0041333092
-0.0039261867
0.0041158726
-0.067541296
-0.067503624
-0.0050523804
-0.0035702112
-0.004890567
-0.067532433
-0.067389839
0.0036203363
-0.0045413497
0.0040006644
-0.064639479
-0.064827396
0.0039440888
0
0
0
0.069021824
0.069775474
0
0
0
0.0691192
0.069754842
0
0
0
0.067755385
0.067875068
0
-0.004044702
0.0036178664
-0.0042253563
-0.059537833
-0.057216807
-0.0036408651
-0.004018946
-0.059314105
0.0036524378
-0.0033445661
0.0040768224
-0.051530322
-0.051750775
0.0031426018
0.0042720912
-0.049714981
0
0
0
0.063306598
0.060794573
0
0
0.063117862
0
0
0
0.055924913
0.056145592
0
0
0.053923669
-0.0041389907
0.0032139501
-0.052327002
-0.0033615417
-0.0030604038
0.0041917569
-0.045415505
0.0030532328
0
0
0.055567215
0
0
0
0.049254886
0
-0.010422148
0.0064785094
-0.0095996594
-0.029619797
-0.025535171
-0.010411799
-0.0066729127
-0.032268873
0.011149514
-0.0048459776
0.010998445
-0.021791214
-0.019992106
0.0048355422
0.0099866277
-0.017223603
-0.0077955604
0.004855424
-0.0071240199
0.03278662
0.028143796
-0.0078839974
-0.0048317966
0.035871281
0.0085561033
-0.0035847371
0.008367961
0.024453808
0.022313761
0.0037404223
0.0075633038
0.019110762
-0.0096309673
0.0070003706
-0.033397922
-0.0082336021
-0.0075673414
-0.033032008
0.0090874369
-0.0051144203
0.010469243
-0.022290638
-0.022555084
0.0049090194
-0.0074262148
0.0048915228
0.037285518
-0.006518819
-0.0051175474
0.037034373
0.0072224331
-0.0034235916
0.0081456994
0.025270501
0.025442022
0.0034542354
-0.012060534
0.0025334504
-0.012549866
-0.011226528
-0.010863739
-0.01073054
-0.0025288518
-0.011066207
0.013322019
0
0.014536065
0
0
0
0.014698412
0
-0.01000025
0.0018135249
-0.010264805
0.012684745
0.012190686
-0.0090884844
-0.0016766795
0.012587681
0.012544717
0
0.013352211
0
0
0
0.01327918
0
-0.012104291
0.0026663851
-0.010741975
-0.0099771392
-0.0086022924
-0.0025979134
0
0.01376402
0
0
0.011818399
0
-0.0098181008
0.0021599118
-0.0086768748
0.011114093
0.0095046343
-0.001991086
0
0.012300437
0
0
0.010492682
0
-0.0042768343
0.0027126907
-0.0038848478
-0.036437183
-0.031207593
-0.0043642107
-0.0026025737
-0.039955939
0.0046707404
-0.0019899145
0.0045462393
-0.02808141
-0.025541694
0.0021786391
0.0040997525
-0.021796026
0
0
0
0.040736815
0.034903735
0
0
0.044656538
0
0
0
0.033061133
0.030087883
0
0
0.025686343
-0.0041637083
0.0025319991
-0.04162882
-0.0037217695
-0.0025497759
-0.041447432
0.0040241657
-0.0016813349
0.004482418
-0.029190671
-0.02930393
0.0018085832
0
0
0.046514722
0
0
0.046303486
0
0
0
0.034319692
0.03447773
0
-0.0055144438
0.00099206132
-0.0056444422
-0.014789553
-0.014140691
-0.0050431202
-0.00080495736
-0.014749261
0.0090442654
0
0.0094692393
0
0
0
0.0093165535
0
0
0
0
0.019746096
0.018880159
0
0
0.019680713
0
0
0
0
0
0
0
0
-0.0053986596
0.0013948706
-0.0047837245
-0.012819439
-0.010890738
-0.0012003499
0
0.0085750692
0
0
0.0072959509
0
0
0
0
0.017103439
0.014504233
0
0
0
0
0
0
0
-0.0029733231
0.0044206755
0
-0.0070639168
0
-0.0057086321
-0.0053916272
-0.013932122
0.0057772892
-0.0040453945
0.0029739129
-0.0093883868
-0.0047615346
0.0030892371
0
0
-0.0021963743
0.0037472885
0
0.0076583668
0
-0.0042115413
-0.0044149328
0.015205312
0.0043802968
-0.0034738814
0.0022700653
0.010259494
0.0051449045
0.0027675502
0
0
-0.0079840624
0.0059702135
-0.020209265
-0.0062888232
-0.0047743014
0.0081900984
-0.013622895
0.0045521868
-0.0058989921
0.0047508203
0.02217219
-0.0048631299
-0.0038362328
0.0061954791
0.015013114
0.003781682
-0.0085944545
0.00255843
-0.0058925161
-0.0068096581
-0.0046990079
-0.0026762863
0
0.0090749216
0
0
0.0058639184
0
-0.0069394831
0.0022471748
-0.0047757997
0.007451651
0.0050794996
-0.0022653283
0
0.0080328165
0
0
0.0051908006
0
-0.0029362001
0.001465616
0
-0.0023892472
0
-0.0022214025
0
0.002629301
0
0
0
0
-0.0024034819
0.0014047903
0
0.0025403912
0
-0.0020243344
0
0.0023320394
0
0
0
0
-0.0011890794
0.0023716487
0
-0.0084199196
0
-0.002282798
-0.0026940585
-0.016776383
0.0023782485
-0.0022495664
0.0012371089
-0.011579451
-0.0057529472
0.0018895412
0
0
0
0
0
0.0094311959
0
0
0
0.018781194
0
0
0
0.013648995
0.0067780317
0
0
0
-0.0032045022
0.0028181557
-0.024528738
-0.0028046219
-0.0023223475
0.0033577912
-0.017046831
0.0023661556
0
0
0.027446229
0
0
0
0.020094146
0
-0.0038479879
0.0015888338
-0.0026761108
-0.0084664116
-0.0057016065
-0.0015378516
0
0.005591811
0
0
0.0036327492
0
0
0
0
0.011237258
0.0075196305
0
0
0
0
0
0
0
-0.0013750019
0.0011184735
0
-0.002794941
0
-0.0014954938
0
0.0016485031
0
0
0
0
0
0
0
0.0036334929
0
0
0
0
0
0
0
0
0.026790036
-1.1048839e-09
0.02724663
-0.026790042
-0.027246637
-0.038465833
0.0025436006
-0.037310645
-0.027084802
-0.026454789
-0.0028377047
-0.034891234
2.6065679e-09
-0.025265572
-0.027055603
0.027055598
0.027084795
-0.0025436012
0.026454783
0.038465841
0.037310653
-0.035152554
6.872721e-10
-0.034020173
0.035152561
0.034020178
1.6035732e-09
-0.031756422
0.0028377092
0.031756428
0.034891238
0.025265567
0.047120756
0.004315096
0.045564761
-0.025265564
-0.024478628
-0.053517752
0.0054093741
-0.05202275
-0.021933522
-0.021124
-0.0056402719
-0.048443024
-0.0046202814
-0.01958363
-0.022913314
0.042218235
0.042606038
0.0020194255
0.041159445
0.031469463
0.030287205
-0.048748235
0.0034126573
-0.047274969
0.026686997
0.025576202
-0.0035187151
-0.043958716
-0.0021208528
0.02352699
0.02804725
0.038165721
0.0048762596
0.037319941
0.0029944598
-0.020593812
-0.023183842
0.0058600658
-0.042958917
-0.01736377
-0.0060815108
-0.035874473
-0.0050466243
-0.014522661
-0.017468801
0.031134396
-0.0030114636
-0.019932116
0.0022131538
0.033761475
-3.4685836e-09
0.024832105
0.028361027
0.0036207304
-0.038948511
0.0206408
-0.0037433094
-0.032481001
-0.0022982838
0.017041527
0.020723711
0.02813782
4.8918936e-09
0.023865203
-4.5565608e-09
0.025240869
-0.025240873
-0.031226226
-0.026355218
4.970864e-09
-0.021860916
0.021860913
-0.0029944656
0.023183839
0.03122623
-0.028361024
-0.023865202
0.0030114725
0.026355221
0.019932114
0.025265557
-0.0043150952
0.024478622
-0.047120762
-0.045564766
-0.031469457
-0.0020194234
-0.030287198
-0.042606043
-0.04115945
0.0021208547
-0.028047246
0.0046202828
-0.038165725
-0.042218239
0.022913311
0.021933516
-0.005409373
0.021123996
0.053517756
0.052022753
-0.02668699
-0.0034126552
-0.025576198
0.048748239
0.047274973
0.0035187155
-0.023526987
0.0056402728
0.043958718
0.048443025
0.019583628
0.037463922
9.1514949e-10
0.03607086
-0.037463928
-0.036070864
-0.042781448
0.0015446874
-0.041353866
-0.0313898
-0.030101174
-0.0015760933
-0.038327388
3.9260093e-10
-0.027666588
-0.033324597
0.033324593
0.031389794
-0.0015446842
0.03010117
0.042781453
0.04135387
-0.035704902
1.4786111e-09
-0.034377268
0.035704907
0.034377272
-6.2281624e-10
-0.031715526
0.0015760929
0.031715528
0.038327391
0.027666585
-2.3909672e-09
0.02935341
-0.0022131588
-0.029353413
-0.033761478
0.0016042331
-0.033838342
-0.024209276
-0.0016455111
-0.028095229
4.3687465e-09
-0.01990035
-0.024334242
0.024334241
0.002298291
-0.028137822
-0.0016042364
0.024209275
-0.0036207335
0.033838343
0.038948512
-2.6230925e-10
-0.02784487
0.027844871
2.4416101e-09
-0.022952904
0.0016455173
0.022952904
0.028095229
0.01990035
0.0037433161
0.032481002
-0.0048762649
0.02059381
-0.037319944
-0.024832102
-0.020723709
0.0050466314
-0.031134398
0.017468801
-0.0058600685
0.017363769
0.042958918
-0.020640798
-0.017041527
0.0060815157
0.035874473
0.014522663
0.058483609
0.0056551342
0.057223199
-0.017400929
-0.016691473
-0.062260589
0.0049081063
-0.061409696
-0.012012692
-0.011482662
-0.0049859378
-0.05815685
-0.005805128
-0.010515212
-0.015369811
0.053694341
0.053633734
0.0040367509
0.052342628
0.020887131
0.019934963
-0.057378248
0.003745775
-0.056442407
0.014306387
0.013596314
-0.0037823315
-0.053316052
-0.0041107128
0.012356087
0.01822739
0.049002626
0.0649419
0.0030488228
0.064666781
-0.0061053614
-0.005815672
-0.066549871
0
-0.06701397
0
0
0
-0.064956863
-0.0030764677
0
-0.005297483
0.061907972
0.060021016
0.0024245432
0.059605117
0.0072417597
0.0068503352
-0.061558779
0
-0.061820042
0
0
0
-0.059758184
-0.0024348988
0
0.006184703
0.056909951
0.0030749646
0.05670968
0.005037255
-0.0045772666
-0.0091585005
0
-0.060390509
0
0
-0.053407296
-0.0030645148
0
-0.0036912411
0.049192913
-0.0051026805
-0.0074779391
0.0024171947
0.051992497
0.0037924441
0.0052801621
0.01065205
0
-0.055400976
0
0
-0.048850953
-0.0023884013
0
0.0041851435
0.044979925
-0.003811027
0.008575445
0.0059414859
0.048020025
-0.013497174
-0.052583512
-0.04485951
-0.0061078255
-0.011150644
0.04043758
0.0041719215
0.043735162
0.015853844
-0.048087604
-0.040922497
-0.0042605822
0.012934719
0.0367517
0.047195478
0.0024457331
0.045906253
-0.024377231
-0.023275531
-0.050638203
0.0025567846
-0.049647416
-0.016621303
-0.015794633
-0.0025673051
-0.046736096
-0.0024721513
-0.01434316
-0.021271055
0.042830322
0.039402238
0.0010503571
0.038174653
0.027642742
0.026495565
-0.042341485
0.0014646074
-0.041350532
0.018814047
0.01794244
-0.0014633996
-0.038758536
-0.0010548558
0.016357971
0.024309724
0.03545972
0.053072951
0.0017647335
0.052532472
-0.0083963679
-0.007936219
-0.054457131
0
-0.05451144
0
0
0
-0.052513802
-0.0017644534
0
-0.0071556119
0.049985438
0.044431105
0.0011360702
0.04380906
0.0094996183
0.0090080098
-0.045596673
0
-0.04546959
0
0
0
-0.043623881
-0.0011313783
0
0.0081530677
0.041510451
0.0017389872
0.045498842
0.0025532006
-0.006094641
-0.012342658
0
-0.048505245
0
0
-0.042595036
-0.0017001895
0
-0.0048093912
0.039203996
-0.0025385433
-0.0099010016
0.0011067841
0.037606057
0.0014432075
0.0069758496
0.014137666
0
-0.04010823
0
0
-0.035030888
-0.0010689479
0
0.0055347145
0.03222377
-0.0014165215
0.011394061
0.0024856152
0.038087267
-0.018468382
-0.04199804
-0.035595003
-0.0025133694
-0.015016063
0.031871543
0.0010503972
0.03137005
0.021190974
-0.034658217
-0.029201701
-0.0010483802
0.017296247
0.026082119
0.0064376204
0.031290217
0.0064036698
-0.0084400872
-0.011153647
0.0053021837
-0.035226565
-0.0055644789
-0.0059260038
-0.024005413
-0.0072132136
-0.0035490806
-0.0055271471
0.021069993
-0.0070081119
-0.0074307412
0.0044901196
0.028359076
0.0039680687
0.0096343185
0.012899991
0.0039395267
-0.032050321
0.0062525274
-0.0044304438
-0.021773395
-0.0051033595
0.0038630975
0.0061797842
0.019015958
-0.0044294012
0.0084614914
0.0031070108
0.039517373
-0.0026895115
0
-0.04414172
0
0
-0.032670957
-0.0033658841
0
-0.0016444451
0.027808813
0.0024005031
0.036036533
0.0029663846
0
-0.040252158
0
0
-0.029701273
-0.0025948731
0
0.0017206243
0.025297508
0.0043002366
0.014048633
0.0076634214
-0.00066851573
-0.0016209324
0
-0.018727333
0
0
0
-0.0081102463
0
0
0
-0.010975747
0
0.0033815339
0.012755879
0.0059104964
0.0006043155
0.0016740364
0
-0.016984379
0
0
0
-0.0067830608
0
0
0
-0.0088409458
0
0.0087509426
0.010416909
0.0080736892
-0.0026282688
-0.0036102574
-0.011929434
0
-0.011221181
0
0
-0.0097034583
0
0.0063830257
0.0093399913
0.0052610495
0.0028596617
0.0040417791
-0.010772471
0
-0.0084950673
0
0
-0.0065425443
0
0.0026340442
0.024463589
0.0017468959
-0.011122123
-0.014977152
0.002596432
-0.027748109
-0.0071711484
-0.0029230598
-0.01874554
-0.0030299496
-0.0043751559
-0.007074503
0.016285873
-0.0019861507
-0.0097570537
0.0010831078
0.019850719
-3.9824742e-09
0.012854593
0.017310834
0.0014229116
-0.022598636
0.0082917098
-0.0015854554
-0.015124955
-0.001253553
0.0050803494
0.0081973446
0.013060209
5.7451273e-09
0.011291814
0.0016857616
0.031270756
-0.0033786579
0
-0.034935046
0
0
-0.025646591
-0.001805456
0
-0.001919203
0.021851346
0.0010395434
0.025533218
0.0039132253
0
-0.028543628
0
0
-0.020790441
-0.0010891262
0
0.0022399989
0.017705686
0.0023979092
0.010970487
0.0040454265
-0.00062534771
-0.0018505051
0
-0.014593893
0
0
0
-0.005212361
0
0
0
-0.0063896918
0
0.0014651107
0.008815638
0.0022945307
0.00073775056
0.0021554148
0
-0.011730128
0
0
0
-0.0035677603
0
0
0
-0.0039020795
0
0.0039275242
0.0079165207
0.0024432875
-0.0032345367
-0.0046252026
-0.0092042576
0
-0.005471169
0
0
-0.0031660661
0
0.0016976284
0.0062414723
-5.3035554e-09
0.003754146
0.0053566103
-0.0073308027
0
-0.0025130466
0
0
5.7509733e-09
0
-5.8964564e-09
0.01726503
-0.017265033
0.0029977466
-0.020455057
-0.015650571
-0.0030582022
-0.013837834
5.9233874e-09
-0.010652889
-0.011825418
0.011825418
-0.0029977574
0.015650571
0.020455059
-5.2128135e-09
-0.01844122
0.018441221
5.8896857e-09
-0.012396598
0.0030582137
0.012396597
0.013837835
0.01065289
0.0052130821
0.023939458
-0.013586149
-0.027567922
-0.01848483
-0.0055212223
-0.0091642814
0.016077026
0.0024137897
0.021563354
0.015880128
-0.024887906
-0.016602063
-0.0026234129
0.010570377
0.014396135
0.0060914675
0.0079557641
0.0032480244
-0.0045165246
-0.0053054267
-0.0091287546
0
-0.0069934942
0
0
-0.00359569
0
0.0029869064
0.0070602885
-5.3359475e-09
0.005146241
0.0061128978
-0.0081328579
0
-0.003542542
0
0
5.3457719e-09
0
-5.0692515e-09
0.0059366289
-0.0059366293
-0.0068854358
0
4.8284058e-09
0
0
-0.0032480364
0.0053054278
0.0068854359
-0.0061128976
0
0.0035957
0
0
-0.0052130903
0.01358615
-0.023939459
-0.0024137999
-0.015880129
-0.021563355
0.0026234239
-0.010570377
0.0055212327
-0.014396136
-0.016077026
0.0091642824
-0.0064036765
0.011153648
0.027567922
-0.0039680768
-0.012899991
0.024887905
0.0044294109
-0.0084614918
0.0070081197
0.016602063
0.01848483
0.0074307431
-4.7854033e-09
0.018518218
-0.018518219
-0.021397866
-0.014151757
5.229532e-09
-0.012245533
0.012245533
-0.0017469054
0.014977152
0.021397867
-0.017310834
-0.011291814
0.0019861615
0.014151757
0.0097570538
-5.716392e-09
0.0059264087
-0.0029869181
-0.0059264086
-0.0070602889
-0.006847494
0
5.7679025e-09
0
0
0.0035425531
0
-0.0024432992
0.0046252028
-0.0052610589
0.0068474939
0.0081328583
-0.0053566101
0
0.0031660773
0
0
0.006542555
0
-0.0060914778
0.0045165243
-0.0079557644
-0.0051462413
0
0.0069935049
0
0
-0.0080736974
0.0036102581
0.0091287552
-0.0040417788
0
0.0097034664
0
0
0.017400924
-0.0056551331
0.016691469
-0.058483611
-0.057223201
-0.020887126
-0.0040367495
-0.019934959
-0.053633738
-0.05234263
0.0041107135
-0.018227388
0.0058051289
-0.049002629
-0.05369434
0.015369809
0.012012688
-0.0049081059
0.01148266
0.062260591
0.061409697
-0.014306384
-0.0037457738
-0.013596311
0.057378251
0.056442409
0.0037823309
-0.012356085
0.0049859381
0.053316053
0.05815685
0.010515212
0.024377227
-0.0024457304
0.023275528
-0.047195482
-0.045906256
-0.027642738
-0.0010503531
-0.026495562
-0.039402242
-0.038174656
0.0010548538
-0.024309722
0.0024721503
-0.035459722
-0.042830324
0.021271052
0.016621301
-0.0025567826
0.015794631
0.050638207
0.049647418
-0.018814044
-0.0014646055
-0.017942439
0.042341488
0.041350535
0.0014633982
-0.01635797
0.0025673046
0.038758537
0.046736097
0.014343159
-0.0024856176
0.018468381
-0.0041719233
-0.038087267
-0.043735161
-0.0010503971
-0.021190973
-0.03137005
0.0010483833
-0.017296248
0.002513374
-0.026082119
-0.031871542
0.015016063
0.0042605858
-0.0367517
-0.0025532015
0.012342657
-0.0037924456
0.041998039
0.048087603
-0.0014432076
-0.014137666
0.034658217
0.001416524
-0.011394061
0.0025385459
0.029201699
0.035595002
0.0099010024
0.0038110302
0.040922494
-0.0059414882
0.013497175
-0.048020024
-0.015853843
-0.01293472
0.006107829
-0.040437577
0.011150644
-0.0050372561
0.0091585013
0.052583509
-0.01065205
-0.0085754453
0.0051026821
0.044859507
0.0074779408
0.0061053594
-0.0030488222
0.0058156709
-0.064941902
-0.064666782
-0.0072417575
-0.0024245423
-0.0068503343
-0.060021019
-0.05960512
0.0024348989
-0.0061847023
0.0030764676
-0.056909952
-0.061907971
0.0052974823
0
0
0
0.066549872
0.067013971
0
0
0
0.061558782
0.061820044
0
0
0
0.059758185
0.064956862
0
0.0083963663
-0.0017647332
0.0079362187
-0.053072954
-0.052532475
-0.0094996179
-0.0011360686
-0.0090080089
-0.044431109
-0.043809062
0.0011313781
-0.0081530668
0.0017644528
-0.041510452
-0.049985439
0.0071556103
0
0
0
0.054457133
0.054511443
0
0
0
0.045596675
0.045469591
0
0
0
0.043623882
0.052513804
0
-0.001738988
0.0060946412
-0.0024171947
-0.045498841
-0.051992495
-0.0011067846
-0.0069758497
-0.037606057
0.0010689491
-0.0055347143
0.001700191
-0.032223768
-0.039203994
0.0048093905
0.0023884028
-0.044979922
0
0
0
0.048505245
0.055400974
0
0
0.04010823
0
0
0
0.035030888
0.042595034
0
0
0.048850949
-0.0030749654
0.0045772677
-0.056709677
-0.005280162
-0.004185144
0.0030645162
-0.049192908
0.0036912417
0
0
0.060390505
0
0
0
0.053407291
0
0.030496886
1.3305339e-09
0.02941272
-0.030496889
-0.029412722
-0.032800063
0.00058106514
-0.031887687
-0.020756066
-0.019915112
-0.00057818686
-0.029735317
-1.0918719e-09
-0.018286453
-0.02717571
0.027175708
0.020756065
-0.00058106142
0.01991511
0.032800065
0.03188769
-0.022340411
1.7530143e-09
-0.021606998
0.022340413
0.021606999
-1.1294815e-09
-0.02002787
0.00057818463
0.02002787
0.029735318
0.018286452
0.034446655
0.00059983357
0.033812971
-0.010485866
-0.010002354
-0.035350134
0
-0.03509759
0
0
0
-0.033510856
-0.00059521379
0
-0.0091190022
0.031879748
0.023478826
0.00020800837
0.022929276
0.011297257
0.010862405
-0.024095047
0
-0.023802943
0
0
0
-0.022600383
-0.00020567484
0
0.0099992544
0.02149358
0.00057791002
0.028713025
0.00056555383
-0.0078748212
-0.015942037
0
-0.03063866
0
0
-0.026577661
-0.00055069888
0
-0.006326178
0.024425562
-0.00054717028
-0.012989164
0.0001981375
0.019223899
8.6656744e-10
0.0087427812
0.017666051
0
-0.02052777
0
0
-0.01765886
-0.00018612054
0
0.0071448104
0.01620523
2.8713919e-10
0.014618261
-3.4256074e-10
0.023882802
-0.023882802
-0.026425567
-0.022089394
1.4825369e-09
-0.019682318
0.019682319
-0.00056555337
0.015942038
0.026425566
-0.017666053
-0.014618263
0.00054717195
0.022089392
0.012989164
0.010485865
-0.00059983287
0.010002354
-0.034446656
-0.033812974
-0.011297257
-0.00020800606
-0.010862404
-0.023478827
-0.022929276
0.00020567302
-0.0099992539
0.00059521257
-0.02149358
-0.031879749
0.0091190016
0
0
0
0.035350136
0.035097592
0
0
0
0.024095047
0.023802943
0
0
0
0.022600382
0.033510856
0
0.011883446
2.3032196e-10
0.011537875
-0.011883446
-0.011537876
-0.012198291
0
-0.011981413
0
0
0
-0.011303835
-3.5591426e-10
0
-0.010743942
0.010743942
0
0
0
0.012198291
0.011981413
0
0
0
0
0
0
0
0
0
0.011303836
0
-8.5244263e-11
0.0095313998
-0.00019813684
-0.0095313992
-0.019223897
0
-0.010189444
0
0
-0.0086790829
1.6465366e-10
0
-0.0079466857
0.0079466867
0.00018612045
-0.016205228
0
0
0
0.010189444
0.020527769
0
0
0
0
0
0
0
0.0086790817
0
0
0.017658858
-0.00057791033
0.0078748215
-0.028713024
-0.0087427818
-0.0071448113
0.00055069984
-0.024425562
0.006326179
0
0
0.03063866
0
0
0
0.02657766
0
-2.9829235e-09
0.014789742
-0.0010831143
-0.014789741
-0.019850718
0.00053635797
-0.016909881
-0.0095829427
-0.00057529535
-0.011142844
3.7870959e-09
-0.0059735679
-0.0095422699
0.0095422709
0.0012535616
-0.01306021
-0.00053636099
0.0095829446
-0.0014229151
0.01690988
0.022598634
-1.02637e-09
-0.011019862
0.011019861
1.1951603e-09
-0.0070673448
0.00057529968
0.0070673441
0.011142842
0.0059735686
0.0015854611
0.015124954
0.00052294799
0.019170562
-0.0045523061
0
-0.021464044
0
0
-0.015449844
-0.00052460322
0
-0.0026797633
0.013128072
0.00017191891
0.012553874
0.0052765383
0
-0.014097282
0
0
-0.009967542
-0.00016382757
0
0.0032396453
0.0084188855
0.00069470329
0.0064339495
0.00087890049
-0.00094499267
-0.002592908
0
-0.0085911903
0
0
0
-0.0020276305
0
0
0
-0.0016714964
0
0.00018467532
0.003990687
-1.5250509e-09
0.001255096
0.0031815739
0
-0.0053971671
0
0
0
-0.00077377143
0
0
0
2.3306081e-09
0
-4.6720907e-09
0.0044231085
-0.0016976396
-0.0044231083
-0.0062414719
-0.0052745639
0
5.2812292e-09
0
0
0.0025130581
0
-0.00087890597
0.0025929081
-0.0022945376
0.0052745638
0.007330802
-0.0031815739
0
0.001671504
0
0
0.0039020892
0
-0.00052294982
0.0045523068
-0.0010395456
-0.01917056
-0.025533216
-0.00017191907
-0.0052765387
-0.012553873
0.00016382844
-0.0032396455
0.00052460522
-0.0084188849
-0.013128071
0.0026797636
0.0010891288
-0.017705684
0
0
0
0.021464043
0.028543627
0
0
0.014097281
0
0
0
0.0099675414
0.015449843
0
0
0.020790439
-1.7249896e-10
0.0060526038
-0.0060526033
0
-0.0068292641
0
0
-0.0047102638
-3.6821207e-11
0
-0.0039316567
0.0039316567
0
0
0.0068292636
0
0
0
0
0
0
0
0.0047102636
0
-2.3161251e-10
0.0016965867
-0.00018467669
-0.0016965868
-0.0039906871
0
-0.0024036862
0
0
0
4.8424054e-10
0
0
0
0.00077377387
0
0
0
0
0.0024036864
0.0053971675
0
0
0
0
0
0
0
0
0
0
0
-0.0006947064
0.00094499236
-0.0014651147
-0.0064339486
-0.0088156369
-0.0012550958
0
0.0020276346
0
0
0.0035677656
0
0
0
0
0.00859119
0.011730127
0
0
0
0
0
0
0
-0.0064376249
0.0084400884
-0.031290215
-0.0044901263
-0.0096343192
-0.028359074
0.0051033669
-0.006179784
0.00721322
-0.019015958
-0.021069991
0.0055271482
-0.0053021865
0.00556448
0.035226561
-0.0039395311
-0.0062525273
0.032050318
0.0044304497
-0.0038630978
0.0059260075
0.021773393
0.024005409
0.0035490817
-0.0026340509
0.011122123
-0.024463588
-0.012854594
-0.008197345
0.0030299593
-0.016285872
0.0070745031
-0.0025964364
0.0071711489
0.027748107
-0.008291711
-0.0050803506
0.0029230662
0.018745538
0.0043751558
-0.0039275349
0.0032345363
-0.0063830347
-0.0079165204
-0.0093399911
-0.0037541466
0
0.0054711804
0
0
0.0084950758
0
-0.004045435
0.0018505048
-0.0059105027
0.0092042574
0.010772471
-0.0021554141
0
0.0063897009
0
0
0.0088409531
0
-0.0087509492
0.0026282702
-0.010416908
-0.0028596621
0
0.011221187
0
0
-0.0076634256
0.0016209334
0.011929432
-0.001674036
0
0.010975749
0
0
-0.0031070128
0.0026895128
-0.039517367
-0.002400505
-0.0029663847
-0.036036529
0.0025948757
-0.0017206246
0.0033658856
-0.025297506
-0.027808807
0.0016444458
0
0
0.044141713
0
0
0.040252154
0
0
0
0.029701269
0.032670951
0
-0.0016857642
0.0033786576
-0.031270754
-0.0039132257
-0.0022399988
0.0018054598
-0.021851345
0.0019192033
0
0
0.034935045
0
0
0
0.02564659
0
-0.0023979139
0.00062534767
-0.0033815374
-0.010970486
-0.012755877
-0.00073775056
0
0.0052123672
0
0
0.0067830638
0
0
0
0
0.014593893
0.016984376
0
0
0
0
0
0
0
-0.004300238
0.0006685168
-0.01404863
-0.00060431646
0
0.0081102476
0
0
0
0
0.018727328
0
0
0
0
0
0
4.6311623e-09
0.0065782951
-0.0028578863
0
0
-0.0065782977
-0.0069158623
0
0.0029077481
-0.008814859
0
-0.006530913
-0.002404675
-0.016698855
-5.2589058e-09
-0.012217253
-0.012102985
0.012102979
0.0020819906
-0.012709699
0
-0.0029077362
0.0065309102
-0.005800008
0
0
0.0088148624
0.0096993632
0
5.763881e-09
-0.0081539516
0
0.0081539547
-6.4257782e-09
-0.015456396
0.0024046623
0.015456401
0.016698861
0.012217249
0.0046716216
0.018532798
0
0.0053219991
0.010304686
0
-0.0059528975
0
0.0068978421
-0.011268554
0
-0.0050652968
-0.0058298998
-0.021705054
-0.0044859102
-0.0096886946
-0.011282426
0.019741114
0
0.0025526424
0.0095068362
0
0.0073063278
0
0.0044273049
-0.010487561
0
0.0061846182
-0.0037252863
-0.020139347
-0.0021583443
0.011816479
0.013904238
0.01816382
0.0039693316
0.028086832
0.0020900112
-0.015841835
-0.017004091
0.0052046478
-0.031070383
-0.013698943
-0.0048902342
-0.039100483
-0.0037029277
-0.016984127
-0.019554406
0.035127606
-0.0019361861
-0.020894776
0.001924237
0.025770653
6.5363719e-09
0.019616154
0.02175882
0.0033321753
-0.028735832
0.016713564
-0.003144131
-0.036047182
-0.001805766
0.020738815
0.024312579
0.032142725
-6.1654299e-09
0.026953986
4.9388635e-09
0.016731673
-0.0017226053
-0.016731681
-0.01756646
-0.02351669
-0.029166412
-4.393556e-09
-0.020512833
0.020512825
0.0016044629
-0.021553487
-0.0020899984
0.017004084
-0.0039757622
0.023516699
0.026194565
-0.021758812
-0.026953977
0.0019361741
0.029166423
0.020894768
0.0036680896
0.032563857
0
-0.0053219884
0.005952896
-0.0079816608
0
0
-0.010304689
-0.010880658
0
-0.0025526325
-0.0073063251
0
-0.0095068387
0.0021583325
-0.013904234
0.0044858972
-0.018163825
-0.019741119
0.011282421
0.0066693042
-0.020975802
0
-0.006897832
0.0050652944
-0.0091877482
0
0
0.011268555
0.011712332
0
-0.0044272969
-0.0061846159
0
0.010487563
0.003725276
-0.011816476
0.0058298882
0.02013935
0.021705058
0.0096886911
0.0077583708
0.022653158
0
3.2488506e-09
0.0084755963
0
-0.008475599
0
0.0020435993
-0.0093849215
0
-0.0071788072
-0.0017008936
-0.017983391
-5.1622049e-09
-0.013717538
-0.016187928
0.016187924
0
-0.0020435933
0.0071788052
0
0.0093849242
0
2.6315933e-09
-0.0079799757
0
0.0079799775
-2.9371197e-09
-0.015264153
0.0017008862
0.015264156
0.017983395
0.013717535
5.7030561e-09
0.02294276
-0.0019242241
-0.022942766
-0.02577066
0.0015186394
-0.025596431
-0.019434667
-0.0014373761
-0.032023145
-6.0687228e-09
-0.024174134
-0.028568338
0.028568329
0.0018057532
-0.032142733
-0.0015186299
0.019434662
-0.0033321637
0.025596436
0.028735837
3.8514504e-09
-0.021679947
0.021679952
-4.3882072e-09
-0.027057894
0.0014373651
0.027057899
0.032023152
0.024174127
0.0031441186
0.036047189
-0.0039693187
0.01584183
-0.0058373203
-0.028086838
-0.029994166
-0.019616148
-0.024312571
0.0037029152
-0.035127615
0.019554398
0.0054112504
-0.037651176
-0.005204635
0.013698937
-0.006891525
0.031070387
0.032559803
-0.016713559
-0.020738807
0.0048902223
0.039100489
0.01698412
0.0064424543
0.041123689
0
0.0073786391
0.011822815
0
-0.0039453445
0
0.0065449001
-0.011945475
0
-0.0026738813
-0.0053644208
-0.023327349
-0.0061816069
-0.0052082639
-0.0076112912
0.022898161
0
0.0053557472
0.011083931
0
0.0048326709
0
0.0051046686
-0.011259898
0
0.0033074095
-0.0041046368
-0.021903889
-0.0044376389
0.0063723008
0.0092696575
0.021394424
0
0.0041909017
0.011557433
0
-0.0013289259
0
0
-0.010425247
0
0
0
-0.021482701
-0.0032814916
0
-0.0026246423
0.022912363
0
0.0034420772
0.010922026
0
0.0016729848
0
0
-0.009812841
0
0
0
-0.020188451
-0.0026096108
0
0.0032435393
0.021565965
0.002907591
0.033686802
0.0047809806
-0.0037798957
-0.0074513394
0
-0.032353207
0
0
-0.042452842
-0.002777128
0
-0.0047368863
0.043442306
-0.0045396525
-0.0093062309
0.0022898432
0.031598161
0.0036354652
0.0046184282
0.0090536588
0
-0.030333042
0
0
-0.039698409
-0.0021897727
0
0.0057431535
0.040618577
-0.0034574145
0.011254145
0.0055286584
0.032968987
-0.010825939
-0.033855484
-0.043183513
-0.005224267
-0.013474021
0.041737303
0.0039599122
0.030700382
0.013141761
-0.031677708
-0.040272142
-0.003751926
0.01632383
0.038738048
0
0.0033197423
0.009974281
0
-0.0056355727
0
0.0035938843
-0.010181529
0
-0.0038908476
-0.0028094079
-0.019725329
-0.002700739
-0.007443672
-0.010775105
0.019190874
0
0.0014711196
0.0085261781
0
0.0063011406
0
0.0021502313
-0.0087471019
0
0.0043872599
-0.0016126439
-0.01686632
-0.0011632699
0.0083549274
0.012029748
0.016349298
0
0.0026210377
0.0099009402
0
-0.0019956873
0
0
-0.0088594616
0
0
0
-0.018186379
-0.0018995459
0
-0.0038208922
0.01946074
0
0.0017965111
0.0085324718
0
0.0022778299
0
0
-0.0076072274
0
0
0
-0.015560692
-0.0012203513
0
0.0043218059
0.016675946
0.0016426934
0.02840469
0.002461799
-0.0054022132
-0.01053617
0
-0.027247969
0
0
-0.035554319
-0.0015718447
0
-0.0066909202
0.036385771
-0.0023425225
-0.013074382
0.0010341332
0.024229005
0.0013902769
0.0060840787
0.011806759
0
-0.023226648
0
0
-0.030195993
-0.00099053653
0
0.0075236024
0.030911598
-0.0013229001
0.014655025
0.0023951036
0.027450643
-0.015260985
-0.02842214
-0.036008644
-0.0022728283
-0.01896299
0.034527665
0.0010203251
0.023309426
0.017047594
-0.024202421
-0.030546602
-0.000968807
0.021222985
0.029223829
0.0051421624
0.048907082
0.0047941574
-0.015483718
-0.019476773
0.004494845
-0.050967033
-0.010713361
-0.0045589773
-0.056897418
-0.0051971585
-0.011639487
-0.016814824
0.054216597
-0.0048450087
-0.021137807
0.0037055494
0.045249276
0.0030907807
0.018729014
0.023795743
0.0034367882
-0.04738147
0.012908346
-0.0034963781
-0.05273539
-0.0037511695
0.013976494
0.02030309
0.050008716
-0.0031221948
0.025821131
0.0027727514
0.051771364
-0.0054612965
0
-0.051296985
0
0
-0.058474284
-0.0028310054
0
-0.0059342492
0.058315563
0.0021968474
0.04825888
0.0065825942
0
-0.047839096
0
0
-0.054383846
-0.0022527009
0
0.0071159854
0.054199817
0.0029125534
0.062779334
0.0046739898
-0.0061483042
-0.01207138
0
-0.063645426
0
0
-0.0029910166
-0.0047994145
0.0023227258
0.058183017
0.0035874387
0.0073348053
0.014441265
0
-0.059032146
0
0
-0.0023847316
-0.0036775257
0.0053279753
0.057457233
0.0049876827
-0.017451605
-0.02195216
-0.060722583
-0.0054905364
-0.0051840414
0.0038414656
0.052841363
0.0032017821
0.021021102
0.026783395
-0.056117607
-0.0039436836
-0.0033040523
0.0022536005
0.040203687
0.0014179101
-0.021780169
-0.027811284
0.0023391689
-0.042224689
-0.014988013
-0.0023898394
-0.046843264
-0.0022880168
-0.016229455
-0.023641971
0.044291521
-0.0014341672
-0.030255349
0.00096526126
0.033917168
5.3576997e-09
0.024441819
0.03124806
0.0013286831
-0.035690518
0.016824968
-0.001365442
-0.039454076
-0.00098440903
0.018260018
0.026616025
0.03724163
-4.4798246e-09
0.034131519
0.0015860591
0.043086105
-0.0076517976
0
-0.042715064
0
0
-0.048410342
-0.0016355963
0
-0.0082616748
0.048233821
0.0010073115
0.036466338
0.008605336
0
-0.036148109
0
0
-0.040823887
-0.0010466747
0
0.009303076
0.040675149
0.0016923108
0.051613206
0.0024573072
-0.0085094523
-0.016774155
0
-0.052386125
0
0
-0.0017389105
-0.0025178652
0.0010883936
0.043368289
0.0014091488
0.0096018697
0.018926008
0
-0.044021152
0
0
-0.0011205627
-0.0014451546
0.0023442687
0.046650262
0.0014681508
-0.024509455
-0.03145231
-0.049686861
-0.0024012478
-0.0015075257
0.0010108618
0.039089643
4.3053193e-09
0.027689545
0.035628516
-0.041699743
-0.0010348381
-2.8410585e-09
3.9744878e-09
0.023426549
-0.0016125119
-0.023426558
-0.024667858
0.0019015923
-0.033559514
-0.023867054
-0.0019487379
-0.036614911
-3.1638312e-09
-0.025885912
-0.025443749
0.02544374
0.0017075813
-0.026900211
-0.0019015814
0.023867045
-0.0036248854
0.033559524
0.037567693
5.6070343e-09
-0.030952908
0.030952917
-5.1615419e-09
-0.033678523
0.0019487293
0.033678533
0.036614922
0.025885903
0.0037594932
0.041136275
0.0036252254
0.040682533
-0.022375419
-0.045546461
-0.050198479
-0.0036795561
-0.024269421
0.044605018
0.0017698262
0.037121168
0.027899142
-0.041859569
-0.045993566
-0.0017896896
0.03030637
0.040577419
0.0038248725
0.046779065
0.0020596698
-0.025222767
-0.026932492
-0.05289348
-0.0040417463
-0.0022440785
0.0018450724
0.042419714
4.1429842e-09
0.031494374
0.035077309
-0.048315873
-0.0019235319
-2.8775104e-09
2.4656441e-09
0.02654068
-0.001908509
-0.026540688
-0.028279131
-0.038261455
-2.219498e-10
0.0024094133
-0.002059664
0.026932485
-0.0040558975
0.038261463
0.043193016
-0.035077302
0.0022440756
0.0045897735
-0.0036252145
0.022375411
-0.0053009798
-0.040682542
-0.043744281
-0.0017698138
-0.027899132
-0.037121177
0.0017896791
-0.030306361
0.0036795472
-0.040577427
-0.044605026
0.024269412
0.0054131287
-0.048116975
-0.0047941462
0.019476763
-0.0063036971
0.045546467
0.048057062
-0.0030907687
-0.023795735
0.041859577
0.0031221853
-0.025821122
0.0048449997
0.045993573
0.050198486
0.021137798
0.006383635
0.053123473
5.5625538e-09
0.032922492
-0.032922501
-0.037081343
-0.040622
-4.8286871e-09
-0.035895867
0.035895859
-0.0014178994
0.027811277
0.037081351
-0.031248053
-0.034131513
0.0014341569
0.040622008
0.030255342
3.7174704e-09
0.037417315
-0.0018450648
-0.037417322
-0.042419722
-0.042539709
-2.854203e-09
0.0019235272
-0.0014681424
0.031452303
-0.0032017743
0.042539715
0.04831588
-0.035628509
0.0015075203
0.0033040473
-0.003824866
0.025222759
-0.005689798
-0.046779072
-0.050623371
-0.031494366
0.0040417425
0.0061128814
-0.0049876763
0.021952152
-0.0066093103
0.052893486
0.056129379
-0.026783387
0.0051840377
0.0069320978
0
-0.0073786321
0.0039453424
-0.0091828706
0
0
-0.011822816
-0.012160182
0
-0.0053557407
-0.0048326696
0
-0.011083933
0.0044376314
-0.0092696541
0.0061815984
-0.021394427
-0.022898164
0.0076112867
0.0077345846
-0.02364174
0
-0.0065448959
0.0026738796
-0.0077766543
0
0
0.011945475
0.012205718
0
-0.0051046641
-0.0033074082
0
0.011259899
0.0041046323
-0.0063722983
0.0053644154
0.021903891
0.023327351
0.005208261
0.0064533016
0.023928827
0
-0.0033197362
0.005635572
0
-0.009974283
0
-0.0014711142
-0.0063011399
0
-0.0085261794
0.0011632638
-0.012029746
0.0027007322
-0.016349301
-0.019190878
0.010775101
0
-0.0035938798
0.0038908471
0
0.01018153
0
-0.0021502272
-0.0043872599
0
0.0087471028
0.0016126394
-0.0083549259
0.0028094024
0.016866322
0.019725332
0.0074436703
-0.0023950964
0.015260981
-0.0039599029
-0.027450648
-0.030700387
-0.0010203192
-0.01704759
-0.02330943
0.00096879959
-0.02122298
0.0022728199
-0.029223835
-0.034527672
0.018962984
0.0037519156
-0.038738054
-0.0024617933
0.010536167
-0.0036354596
0.028422144
0.031677712
-0.0013902714
-0.011806756
0.024202425
0.0013228941
-0.014655021
0.0023425162
0.030546607
0.03600865
0.013074377
0.0034574088
0.040272146
-0.0055286495
0.010825934
-0.006910514
-0.03296899
-0.034164469
-0.013141756
-0.016323823
0.0052242572
-0.041737307
0.013474013
0.0065056109
-0.043398382
-0.0047809749
0.007451334
-0.0057661807
0.033855486
0.034851868
-0.0090536544
-0.01125414
0.004539646
0.043183516
0.0093062252
0.0054602287
0.044599779
0
-0.0041909005
0.0013289255
-0.0047998198
0
0
-0.011557434
-0.01177372
0
-0.0034420753
-0.0016729843
0
-0.010922026
0.0026096082
-0.0032435381
0.0032814891
-0.021565968
-0.022912364
0.0026246396
0.0038463049
-0.02343092
0
0
0
0
0
0
0.010425248
0.010659125
0
0
0
0
0.0098128414
0
0
0
0.020188451
0.021482701
0
0
0.021995151
0
-0.0026210361
0.0019956872
0
-0.0099009412
0
-0.00179651
-0.0022778296
0
-0.0085324716
0.0012203489
-0.0043218048
0.0018995434
-0.016675947
-0.019460741
0.0038208905
0
0
0
0
0.0088594615
0
0
0
0
0.0076072275
0
0
0
0.015560692
0.01818638
0
-0.0016426906
0.0054022118
-0.0022898401
-0.028404693
-0.031598163
-0.0010341299
-0.0060840772
-0.024229008
0.00099053303
-0.0075235997
0.0015718414
-0.030911602
-0.036385776
0.0066909169
0.0021897698
-0.040618581
0
0
0
0.027247971
0.030333044
0
0
0.023226649
0
0
0
0.030195996
0.035554323
0
0
0.039698412
-0.0029075884
0.0037798933
-0.0034276232
-0.033686804
-0.034563629
-0.0046184257
-0.0057431501
0.0027771252
-0.043442307
0.0047368828
0.0032665146
-0.044709555
0
0
0
0.032353207
0.033196526
0
0
0
0.042452843
0
0
0.043665463
0
2.135535e-09
0.0067752886
0
-0.0067752891
0
0.00090737825
-0.0069935834
0
-0.0047570711
-0.00063910482
-0.01340457
-2.4197817e-09
-0.0090370604
-0.012939722
0.012939719
0
-0.00090737669
0.0047570711
0
0.0069935834
0
1.3993437e-09
-0.0049514011
0
0.0049514014
-1.1286429e-09
-0.0094122594
0.00063910101
0.0094122595
0.013404572
0.0090370596
0
0.0010361769
0.0068535115
0
-0.0024985226
0
0
-0.006095993
0
0
0
-0.012393923
-0.00063772174
0
-0.0047094023
0.013291402
0
0.0004090866
0.0048897054
0
0.0026318
0
0
-0.0043527641
0
0
0
-0.0087504132
-0.00021237054
0
0.004940885
0.0093738132
0.000526521
0.019198392
0.0005383381
-0.0066161799
-0.012775927
0
-0.018399731
0
0
-0.023806085
-0.00050649749
0
-0.0081859861
0.024373094
-0.00051270428
-0.015892061
0.00017143495
0.013431014
1.6232297e-09
0.0069475239
0.013352174
0
-0.012881872
0
0
-0.016557055
-0.00016741032
0
0.0086235782
0.016944038
-2.2279833e-09
0.01668771
2.8794177e-09
0.018379284
-0.018379288
-0.019139091
-0.024049831
-3.0224336e-09
-0.022960128
0.022960123
-0.00053833356
0.012775924
0.019139094
-0.013352172
-0.016687707
0.00051269978
0.024049836
0.015892057
0
-0.0010361753
0.0024985227
0
-0.0068535121
0
-0.00040908462
-0.0026318003
0
-0.0048897054
0.0002123687
-0.0049408843
0.00063772013
-0.0093738131
-0.013291403
0.0047094013
0
0
0
0
0.006095993
0
0
0
0
0.0043527635
0
0
0
0.0087504126
0.012393924
0
0
1.3554061e-09
0.0026347921
0
-0.0026347918
0
0
-0.0023691625
0
0
0
-0.0046471353
-9.1197333e-10
0
-0.004955065
0.0049550646
0
0
0
0
0.0023691615
0
0
0
0
0
0
0
0
0
0.0046471346
0
3.0039952e-10
0.0070175749
-0.00017143306
-0.0070175751
-0.013431015
0
-0.0067475449
0
0
-0.0085912657
-5.0291687e-10
0
-0.0087795384
0.0087795372
0.00016740883
-0.01694404
0
0
0
0.0067475451
0.012881872
0
0
0
0
0
0
0
0.0085912658
0
0
0.016557056
-0.00052651862
0.0066161788
-0.019198395
-0.0069475231
-0.0086235772
0.00050649449
-0.024373097
0.0081859841
0
0
0.018399733
0
0
0
0.023806087
0
2.8865645e-09
0.026553229
-0.00096525308
-0.026553233
-0.033917174
0.0005192385
-0.02798503
-0.018304434
-0.00053797774
-0.030813669
-3.3755355e-09
-0.019945525
-0.029051101
0.029051096
0.00098440108
-0.037241636
-0.00051923382
0.018304431
-0.0013286774
0.027985034
0.035690523
1.695332e-09
-0.019325029
0.019325031
-1.6017506e-09
-0.021181906
0.00053797274
0.021181909
0.030813673
0.019945522
0.001365437
0.039454081
0.00052120469
0.028626145
-0.0093829217
0
-0.028373903
0
0
-0.031911243
-0.00054727907
0
-0.010176469
0.03179733
0.00017569681
0.019794235
0.0099283673
0
-0.019624039
0
0
-0.021959925
-0.00018724791
0
0.010824638
0.021879843
0.00057300825
0.033763985
0.00055825118
-0.010546456
-0.020769318
0
-0.034270474
0
0
-0.00059179931
-0.00057383523
0.0001978379
0.023123899
2.437985e-09
0.01128538
0.022197991
0
-0.023471045
0
0
-0.00020518608
-2.4163275e-09
2.8296756e-09
0.030378079
-0.0010108547
-0.030378082
-0.039089648
-0.032437846
-2.8709631e-09
0.0010348331
-0.00055824642
0.020769315
-0.0014091436
0.03243785
0.041699748
-0.022197989
0.00057383188
0.0014451507
-0.00052120245
0.0093829208
-0.0010073078
-0.028626149
-0.036466343
-0.00017569466
-0.0099283657
-0.019794237
0.00018724549
-0.010824636
0.00054727612
-0.021879845
-0.031797333
0.010176466
0.0010466718
-0.040675155
0
0
0
0.028373906
0.036148113
0
0
0.01962404
0
0
0
0.021959926
0.031911246
0
0
0.040823891
5.1450718e-11
0.010188033
-0.010188035
0
-0.010108738
0
0
-0.011242285
-4.7916384e-10
0
-0.011195978
0.011195977
0
0
0.01010874
0
0
0
0
0
0
0
0.011242286
0
2.4985722e-10
0.011768013
-0.00019783572
-0.011768013
-0.023123901
0
-0.011948169
0
0
-4.4923358e-10
0.00020518453
0
0
0
0.01194817
0.023471046
0
0
0
0
0
0
-0.0005730061
0.010546455
-0.0010883907
-0.033763988
-0.043368292
-0.011285379
0.00059179753
0.0011205606
0
0
0
0.034270477
0.044021155
0
0
0
-0.0051421534
0.015483711
-0.0063842841
-0.048907086
-0.051012358
-0.0037055395
-0.018729007
-0.045249282
0.0037511608
-0.020303083
0.005197151
-0.050008722
-0.054216602
0.016814816
0.0064498117
-0.05671244
-0.0044948392
0.010713356
-0.0053867899
0.050967036
0.052797294
-0.0034367817
-0.012908341
0.047381474
0.0034963723
-0.01397649
0.0045589717
0.052735395
0.056897422
0.011639482
0.0054525094
0.059104525
-0.0022535919
0.021780163
-0.040203694
-0.024441814
-0.026616019
0.0022880082
-0.044291529
0.023641965
-0.0023391624
0.014988009
0.042224696
-0.016824964
-0.018260015
0.0023898336
0.04684327
0.016229452
-0.0023442628
0.024509449
-0.0038414588
-0.046650267
-0.052841369
-0.02768954
0.0024012431
0.0039436795
-0.0024573022
0.01677415
-0.0035874336
0.049686866
0.056117611
-0.018926005
0.0025178625
0.0036775219
-0.0053279697
0.017451599
-0.0066285561
-0.057457237
-0.060259431
-0.021021096
0.0054905339
0.0068657572
-0.0046739863
0.012071376
-0.0055921371
0.060722586
0.063239247
-0.01444126
0.0047994125
0.0057579708
-0.0027727483
0.0054612942
-0.003247151
-0.051771366
-0.053434192
-0.0021968441
-0.0065825921
-0.048258884
0.0022526976
-0.0071159826
0.002831003
-0.054199821
-0.058315565
0.0059342461
0.0033043247
-0.06035001
0
0
0
0.051296986
0.052894657
0
0
0.047839099
0
0
0
0.054383848
0.058474285
0
0
0.060445495
-0.0015860563
0.0076517957
-0.043086111
-0.0086053343
-0.009303074
0.001635593
-0.048233825
0.0082616717
0
0
0.042715069
0
0
0
0.048410346
0
-0.0016923085
0.008509451
-0.002322723
-0.051613209
-0.058183021
-0.009601868
0.0017389091
0.0023847305
0
0
0
0.052386127
0.059032148
0
0
0
-0.0029125515
0.0061483018
-0.0033956323
-0.062779336
-0.06513222
-0.0073348031
0.0029910156
0.0034912174
0
0
0
0.063645427
0.065949842
0
0
0
0
0
0
0
0
-0.0027268747
-0.0018468256
0
0
0
-0.0046312107
0
0
0
0
0
-0.0047251072
0.0012065743
0
-0.0084273813
0
0
0
0.0023823847
0.0014977891
0.0011427129
-0.014098231
-0.0074574437
0
0
-0.0019597217
0
0
0
-0.0040657834
-0.0025009344
0
0
0
0.0034595311
0
0
-0.0069871535
0.0015034631
0
0.0063715005
0.0045034653
0.0021108453
0.0022333221
0.012244005
0.0064798171
-0.0029378126
0
0
0
0
0
0
-0.0061769431
-0.00076833611
0
-0.011432445
0
0
0
0
-0.0070294434
0.00026629647
0
-0.013464378
0
0
0
0.0039748611
0.00015495433
0.0033454736
-0.023192508
-0.019462158
0
-0.00088481892
0
-0.0090909131
-0.00087004295
0
0.0087390183
0
-0.010325731
0.0001673741
0
0.010433952
0.0073698911
-2.349284e-05
0.006244487
0.020374491
0.016968611
-0.0011189908
0
0
0
-0.0026673823
-0.00068160084
-0.0018820732
-0.025968007
-0.018667561
0
0
-0.0032034048
-0.00015401243
-0.031124142
0
0
0
0.0030736365
-0.00059925312
0.0025801555
-0.037685796
-0.031373701
0
0
-0.00026882004
0.0018569795
-0.022499004
-0.0048513138
-0.00082802992
-0.0034134165
0.023771689
0.017023821
-0.005838061
-0.00053310282
0.02868521
0.0053872394
-0.0012855484
0.0044885786
0.035574903
0.02940744
-0.00014398787
0.0032022097
0.020992271
0
0
0
-0.0009641011
-0.0017132052
0
-0.0097934212
0
0
0.0013005584
0
0
0.00088556043
0.00097347608
-0.011772888
0
0
-0.0012783891
0
0
-0.0017246773
-0.0025725721
0
0.008910243
0
0.0018640284
0.0011689763
0.0016620655
0.010947835
-0.0018216361
0
0
0
-0.0046411631
-0.0026522042
0
0
0
-0.0029723625
0
0
-0.0079634908
0.0015092106
0
-0.0056152707
0.0056310494
0.0022085633
0.0028315533
-0.011029535
-0.005780636
-0.0032248719
0
0
0
-0.0046298621
-0.0025106648
0
0
0
0.0026788829
0
0
-0.0079554822
0.0013853734
0
0.0051993146
0.0059029654
0.0020646162
0.0029899098
0.010334099
0.0053456716
-0.003106454
0
0
0
-0.010368431
-0.00081688738
0
-0.0078559926
0
-0.011821758
7.2220017e-05
0
-0.0095828693
0.0091641163
-0.00021346556
0.0077711193
-0.018874784
-0.015472748
-0.001063689
0
-0.01039699
-0.00073439788
0
0.0074262843
0
-0.011936828
5.2966035e-05
0
0.0092478028
0.0096168663
-0.00026301455
0.0081362072
0.018248973
0.014708875
-0.00094645052
-0.0062835286
-0.00074096757
-0.0044241052
-0.022342037
-0.015869209
-0.0075700387
-0.00083245552
-0.027296446
0.0068812248
-0.0017416051
0.0056950981
-0.034451289
-0.028160325
6.9260103e-05
0.0040346113
-0.019955261
-0.0067656479
-0.00062266117
-0.0047651606
0.021483974
0.015103546
-0.0081672778
-0.00090275853
0.026613682
0.0074499878
-0.001828662
0.0061327501
0.033954712
0.027423661
0.00018971305
0.004324414
0.019273132
-0.0022319128
-0.0028488086
0
-0.0082631769
0
0.0019734574
0.001150853
0.0020754765
-0.010357008
-0.0019355367
0
0
-0.0024054365
-0.002759147
0
0.0078060672
0
0.0018521515
0.0010321351
0.0022128983
0.0099495136
-0.00183516
0
0
0
0
0
0
-0.00721414
0.00035225854
0
-0.014331275
0
0
0
0
-0.0066652408
-0.0011443719
0
-0.013832358
0
0
0
0.0040564733
-0.0019881517
0.0042243797
-0.024343269
-0.024939682
0
0.00076759518
0
-0.010617325
0.00069009209
0
0.011335348
0
-0.0099185082
-0.0017640586
0
0.011362288
0.0075147471
-0.0032677018
0.0078092645
0.02228841
0.022209253
0.0014438845
0
0
0
0
-0.0052921364
0.0022589855
0
-0.011671708
0
0
0
-0.0043982672
0
0
-0.0075754448
0.0034265146
-0.020875912
0
0.0037799506
0
-0.008241357
0.0031494822
0
0.010535019
0
-0.0047646886
-0.0087874619
0.0064524796
0.020562041
0.0057274738
0
0
0
-0.0028282339
0.0050435126
-0.0033260463
-0.028526583
-0.033017672
0
-0.010194383
0
0
-0.012327692
0.0026655469
-0.034810552
0
0
0.0061055927
0.0031579831
-0.040153605
-0.0053647128
0.0078576285
-0.0061389597
0.029183628
0.031588868
-0.012085139
-0.014763628
0.0049457431
0.036352582
0.0096399793
0.0056615699
0.039313858
0
0
-0.0034355782
0.0012509514
-0.033640244
0
-0.0027512914
0
0
-0.0034565059
0.0032790387
-0.040815361
0
0.0017836274
-0.0062845137
0.0022882446
0.031384237
-0.0046088296
-0.0058348563
0.0057968871
0.0389977
0.0032094512
0
-0.012266794
0.00081849884
0
-0.010711757
0
-0.011697354
-0.0018917583
0
-0.011223712
0.0094791605
-0.0036678908
0.0097429895
-0.021965349
-0.021058232
0.0017624326
0
-0.01253575
0.00074722532
0
0.010588241
0
-0.012205374
-0.0016849957
0
0.011425367
0.0101567
-0.0033908115
0.010292742
0.022334223
0.020804102
0.0016939531
0
-0.010204147
0.0031413628
0
-0.011241542
0
-0.0045285765
-0.008552225
0.00840974
-0.021828229
0.0059523742
0
-0.011033409
0.0027476483
0
0.011780637
0
-0.0038946234
-0.0074813296
0.0092675698
0.022904951
0.0053425893
-0.0072681784
0.0083744382
-0.0080788257
-0.031391029
-0.031717811
-0.011974625
-0.01476546
0.006697471
-0.039534419
0.010410311
0.007407625
-0.040027079
-0.0081695571
0.0076598592
-0.0088664427
0.033069387
0.032382366
-0.010608331
-0.01319191
0.0075948252
0.041918829
0.0096384957
0.0081939348
0.041172561
-0.0081832712
0.0028076838
-0.030456437
-0.0052998965
-0.0067899259
0.0074703647
-0.038456679
0.003936761
-0.0088771588
0.0027652981
0.030266955
-0.0050179339
-0.0065204662
0.008152376
0.038566136
0.0039217049
0
0
0
-0.0034399986
0.0023597294
-0.0032657543
-0.046630715
-0.0430763
0
0
-0.0032716771
-0.0041110953
-0.045861126
0
0
0
0.0036190658
-0.0047507176
0.0038858624
-0.050287386
-0.051313961
0
0
0.0030136229
0.003762524
-0.047567235
-0.0058740532
0.0041922762
-0.0055101065
0.045108535
0.041138929
-0.0056879472
-0.0069524512
0.045475416
0.006071999
-0.0079856669
0.0063661603
0.050064988
0.049741796
0.0052564398
0.0060606922
0.045422753
0
0
-0.0027240317
0.0069781172
-0.039775701
0
-0.01398215
0
0
-0.015162252
0.0029484761
-0.043479899
0
0.0076877136
-0.0049264833
0.011091379
0.042032655
-0.016833041
-0.018289467
0.005181226
0.046180168
0.012226947
0
0
0
-0.0034300287
0.0083457761
-0.0043954727
-0.046120221
-0.053871342
0
-0.015923767
0
0.0050651358
0
0.0074256328
-0.0057318119
0.013112155
-0.0069024126
0.048738895
0.053050158
-0.019148914
0.0067435062
0.0084157238
0
0
0
-0.004919932
0.0038845616
-0.0049067324
-0.05550929
-0.051878964
0
-0.0055310204
0
0.0088524623
0
0.0091247843
-0.0074208625
0.0065198565
-0.0072173587
0.052858322
0.04839225
-0.0090340734
0.0093392845
0.0092883159
-0.0073897757
0.0051255816
-0.00684319
-0.044910378
-0.040233858
-0.0072975408
-0.0081343768
-0.046711016
0.0075786535
-0.0093312365
0.0077495235
-0.051623736
-0.049686895
0.0063606199
0.0072511406
-0.044534612
-0.0079699731
0.0051283485
-0.0072960383
0.045375201
0.039983023
-0.0080064145
-0.0078725355
0.0483668
0.0081732961
-0.0090512877
0.0081816349
0.053708512
0.050448956
0.006344673
0.007540531
0.044481184
-0.0065759064
0.012064553
-0.046056345
-0.016917996
-0.01841858
0.0067679571
-0.050801249
0.013334621
-0.0074230699
0.011250198
0.049130128
-0.015188764
-0.016576419
0.0075431681
0.0544503
0.012477914
-0.007208472
0.014235388
-0.0081878148
-0.05358157
-0.054524822
-0.019274011
0.0078912856
0.0091370828
-0.0078663039
0.013311623
-0.008593963
0.057656565
0.056952527
-0.017347328
0.0083361877
0.0092062668
-0.0084937624
0.0076341752
-0.0080567262
-0.052507027
-0.047064738
-0.010391199
0.0096434049
0.0092835051
-0.0086791389
0.0075212263
-0.0080721506
0.053532452
0.047203821
-0.01003269
0.0093967439
0.0088255555
0
0
0
-0.0010790093
-0.00071701682
0
-0.013464646
0
0
0
-0.0020301509
0.00032316254
-0.025732583
0
0
0
0.0024131917
-0.00038897589
0.0012984232
-0.028572725
-0.014982227
0
0
-3.4326396e-05
0
0
-0.0017696985
-0.00080893249
0
0.012628903
0
-0.0033609659
0.00018164254
0.024242654
0.0037962587
-0.001074929
0.0020193813
0.0268099
0.013967653
0.00044554225
0
0
0
0
-0.0027804239
0.00028649921
-0.035875889
0
-0.0011535751
0
0
-0.001836658
0.0032579506
-0.039735721
0
0.00099354886
-0.0046448127
0.00081315639
0.033988592
-0.0022307957
-0.0033695854
0.0051808339
0.03756461
0.0020256778
0
0
0
-0.0043404622
0.0019787138
-0.003271925
-0.043629227
-0.031551216
0
-0.0027776597
0
0.0082594359
0
0.006365378
-0.006277828
0.0036305823
-0.0046691473
0.040107539
0.028672274
-0.0048289077
0.0082119014
0.0061935255
0
0
0
-0.0017882063
0.00085309595
0
-0.016627677
0
0
-0.0013654026
0
0.0036191926
0
0
-0.0025202627
0.0020499067
0
0.014955437
0
-0.0027405973
0.0033868076
0
-0.0021367521
-0.00067329461
0
-0.012061607
0
-0.0040937233
-5.7063681e-05
-0.023269958
0.0044341433
-0.0015648212
0.002337861
-0.025753554
-0.013342967
0.00085856081
0
0
-0.0022254676
-0.00053665115
0
0.011707243
0
-0.0042929245
-0.00019550503
0.022693457
0.0045146487
-0.0016916081
0.0023627796
0.025243848
0.013016951
0.00099902973
0
0
-0.0057097496
0.0012263745
-0.032869921
-0.0028813885
-0.0042106803
0.0061167206
-0.036386415
0.0026584986
-0.0060337113
0.0013584284
0.03229983
-0.0029817712
-0.0042871805
0.0062867786
0.03593824
0.0027683065
-0.0068813713
0.0043067265
-0.005044612
-0.038446151
-0.027197967
-0.0056952132
0.0080255357
0.0059434986
-0.0067910842
0.004308279
-0.0049191816
0.038124908
0.02676189
-0.0056632456
0.0074898805
0.0054668515
-0.0026875327
0.0025608016
0
-0.014077899
0
-0.0032950215
0.0031971622
0
-0.0025953473
0.0026317931
0
0.01378643
0
-0.0033262197
0.0029038523
0
0
-0.0041115848
-0.0021620348
0
0
0
-0.0024554343
0
0
-0.0070861665
0.0011845046
0
-0.0048916158
0.0054133462
0.0017845419
0.0027541216
-0.0098417355
-0.0050249792
-0.0027150402
0
0
0
-0.0031310219
-0.001629949
0
0
0
0.0022446097
0
0
-0.0054203584
0.00090843093
0
0.004588328
0.0042269814
0.0013806471
0.0021591566
0.009380332
0.0047315237
-0.0020870163
0
0
0
-0.0093127183
-0.00064736068
0
-0.0071179738
0
-0.010783281
9.6393441e-05
0
-0.0090133064
0.0088555445
-0.00017406959
0.0074640695
-0.017865796
-0.014197368
-0.00082985893
0
-0.0071756841
-0.00053535886
0
0.0067856652
0
-0.0083898942
0.00015483874
0
0.0087027211
0.0069461298
-2.091323e-05
0.0058316379
0.017406602
0.013685882
-0.00068939384
-0.0063225012
-0.00054840386
-0.00445229
-0.020915672
-0.014560283
-0.0076516573
-0.00074118637
-0.026220437
0.0070265344
-0.0015623372
0.0057587508
-0.033707213
-0.026944767
0.00016473025
0.0040472501
-0.01879023
-0.0050023697
-0.00048853309
-0.0035223179
0.02036859
0.014063658
-0.0060677352
-0.00043957572
0.025764535
0.0056105138
-0.0010562293
0.0045822233
0.033396622
0.026491486
4.2848641e-05
0.0032123357
0.018356564
-0.0022489409
-0.0024330581
0
-0.0074663485
0
0.0016159382
0.00090029258
0.0020646443
-0.0096476385
-0.0016195369
0
0
-0.0017799512
-0.0018999067
0
0.0071594074
0
0.0012753981
0.00074497002
0.0016351613
0.009378255
-0.0012921893
0
0
0
-0.0017302674
-0.00090680175
0
0
0
-0.0020220435
0
0
-0.0030204155
0.00053136572
0
-0.0042432956
0.0024026444
0.00081041856
0.0012368609
-0.0088578639
-0.0044179998
-0.0011998097
0
0
0
0
0
0
0
0
0.0018141727
0
0
0
0
0
0.0038642549
0
0
0
0.0082407103
0.0040693098
0
0
0
0
-0.0040415729
-0.00035020675
0
-0.0063594773
0
-0.0047824953
0.00015952542
0
-0.0082270458
0.003954782
8.5420499e-05
0.0033108521
-0.016704632
-0.013040037
-0.00045075135
0
0
0
0
0.0058083119
0
0
0
0
0.0075139918
0
0
0
0.015662353
0.012194374
0
-0.002866271
-0.00034980963
-0.0020204029
-0.019674054
-0.013499029
-0.003480373
-0.00013688145
-0.025036732
0.0032403506
-0.00047340461
0.0026402709
-0.032808998
-0.025892305
-6.2456893e-05
0.0018475847
-0.017856915
0
0
0
0.018739661
0.012804891
0
0
0.023919115
0
0
0
0.031819702
0.025044711
0
0
0.017221274
-0.0010213689
-0.0011180913
0
-0.0068282488
0
0.00077117434
0.00048640015
0.00093861756
-0.0090851468
-0.00078883773
0
0
0
0
0
0.0064424618
0
0
0
0
0.0087342416
0
0
0
0
-0.011467498
0.00054512184
0
-0.010494507
0
-0.011374555
-0.0012907951
0
-0.011515902
0.0095515324
-0.0027009242
0.0095510976
-0.022591149
-0.020690327
0.001340835
0
-0.0090365855
0.00029079438
0
0.0102473
0
-0.0091167107
-0.00081057749
0
0.011361106
0.0076340188
-0.0017917248
0.007546632
0.022467522
0.020369484
0.00084071214
0
-0.010571519
0.0021279432
0
-0.012066793
0
-0.0030269884
-0.0059018628
0.0089098295
-0.023560797
0.0042384714
0
-0.0086704783
0.0013954579
0
0.012015366
0
-0.0020256905
-0.0040178027
0.0072449478
0.023653643
0.0028621251
-0.0079298098
0.00617996
-0.0084453439
-0.034180757
-0.03290422
-0.0084591814
-0.010597131
0.00743003
-0.043567118
0.0078656889
0.0078685413
-0.042074843
-0.0064694298
0.0042502144
-0.0067919448
0.034577578
0.032969909
-0.005821712
-0.0073447944
0.0061023552
0.044392469
0.0054743635
0.0063737479
0.042464387
-0.0083650146
0.0022803169
-0.030252424
-0.0040985127
-0.0054112226
0.0077418444
-0.038794663
0.0033053631
-0.0066675333
0.0015309312
0.030013459
-0.0028054547
-0.0037761567
0.0062160556
0.038779498
0.0022985985
0
-0.0052234053
6.9267514e-05
0
-0.0097512035
0
-0.0053595373
-0.00033987928
0
-0.010869567
0.0044111308
-0.00083364764
0.0043217948
-0.021812024
-0.019668494
0.00033898128
0
0
0
0
0.0088955508
0
0
0
0
0.0098967349
0
0
0
0.020490824
0.018466568
0
0
-0.0052065329
0.00064732791
0
-0.011547354
0
-0.00098158228
-0.0019974653
0.0042404146
-0.023071495
0.0013921861
0
0
0
0
0.010487042
0
0
0
0
0.021672304
0
-0.0037873016
0.002117207
-0.00393566
-0.034148301
-0.032400335
-0.0029323543
-0.003727714
0.0035969144
-0.044306012
0.0027655662
0.0037198809
-0.042167701
0
0
0
0.032781548
0.031071224
0
0
0
0.043223827
0
0
0.041073018
-0.0038383526
0.00070541431
-0.029334635
-0.0013677161
-0.0018893382
0.0036044617
-0.038302174
0.0011228135
0
0
0.028086619
0
0
0
0.037234
0
-0.0075475212
0.0043728367
-0.0068446905
-0.04594876
-0.039987877
-0.0076845927
-0.0065970574
-0.049729175
0.0077807087
-0.0076233061
0.0076619426
-0.055540744
-0.051398118
0.0054352607
0.0069760574
-0.044776848
-0.0060712051
0.0031024035
-0.005465541
0.046272806
0.039937715
-0.0062452735
-0.0046604205
0.05054694
0.0063113872
-0.0054269704
0.0061386401
0.056850067
0.052137424
0.0039015771
0.0055365417
0.045064878
-0.0072725331
0.00924837
-0.051360872
-0.012257996
-0.013411046
0.0073517589
-0.057244489
0.010300278
-0.0059994971
0.0064868905
0.052702008
-0.0085336943
-0.0093594772
0.0060654304
0.05914539
0.0072598477
-0.0075832859
0.011002458
-0.0080631548
-0.060955157
-0.059234194
-0.014043109
0.0079026384
0.008459284
-0.0062294388
0.0077746832
-0.0064970918
0.063419428
0.061062917
-0.0098088148
0.0064373726
0.0067426954
-0.0079836312
0.0064348408
-0.0073139414
-0.054870426
-0.047823661
-0.0084562356
0.0084342213
0.0077798616
-0.0063396226
0.0046486577
-0.0057415192
0.056071788
0.048505393
-0.0060461268
0.0066104663
0.0060166867
-0.0035373073
0.0015643204
-0.0031669281
-0.046140978
-0.039626124
-0.0036665218
-0.002369575
-0.050666843
0.0037145229
-0.002788942
0.0035797255
-0.057491417
-0.052460307
0.0020062014
0.0032054614
-0.045133513
0
0
0
0.045433878
0.03893276
0
0
0.049993845
0
0
0
0.057385103
0.052257933
0
0
0.044869494
-0.003560494
0.0033062712
-0.053096405
-0.0043506923
-0.0047835222
0.0036138943
-0.060115105
0.0037215017
0
0
0.052485879
0
0
0
0.060116179
0
-0.0037130109
0.0039998886
-0.0038189805
-0.065019053
-0.062294305
-0.0050179577
0.0038251252
0.0039448406
0
0
0
0.065730173
0.062860832
0
0
0
-0.0036862618
0.0024218588
-0.0033095817
-0.056926401
-0.049030941
-0.003130192
0.0038201795
0.0034425891
0
0
0
0.057336443
0.049296968
0
0
0
-0.0020502501
-0.00046027137
0
-0.011470887
0
-0.0039748806
-0.0001863078
-0.0223337
0.0041051127
-0.0015027772
0.0021354808
-0.025027841
-0.012853013
0.0009027471
0
0
-0.0016143329
-0.00040826113
0
0.011273619
0
-0.0031416578
-7.7546501e-05
0.022034326
0.0032137079
-0.0010792204
0.0016637403
0.024909364
0.012749794
0.00063686068
0
0
-0.0056200505
0.0011955786
-0.032002566
-0.0025814226
-0.0037209597
0.005760825
-0.03585613
0.0024286779
-0.0044625192
0.00082062673
0.031743274
-0.0018252021
-0.0026846475
0.0045377133
0.035857955
0.0017535576
-0.0060803767
0.0037481084
-0.0043626431
-0.03829602
-0.026720771
-0.0048929979
0.0065096838
0.0046981264
-0.0047292797
0.0027492943
-0.00336799
0.038611357
0.026822624
-0.0035641953
0.0049806742
0.00356365
-0.0022843496
0.0023313306
0
-0.013712506
0
-0.0029158864
0.0024726236
0
-0.0017531768
0.0017344741
0
0.013724112
0
-0.0021540002
0.001862498
0
-0.00092497831
-0.00029507844
0
-0.011060122
0
-0.0018058918
3.0232481e-05
-0.021682677
0.0018405828
-0.00053283375
0.00094910077
-0.024767748
-0.012646582
0.00029673238
0
0
0
0
0
0.01079721
0
0
0
0.02120977
0
0
0
0.024536924
0.012511533
0
0
0
-0.0025746668
0.00036731176
-0.031355302
-0.00089770651
-0.0013756492
0.002611761
-0.035769235
0.00088858624
0
0
0.030737848
0
0
0
0.035493846
0
-0.0027067032
0.0014493769
-0.0019162879
-0.038888347
-0.026938924
-0.0018679959
0.0028266999
0.0020090704
0
0
0
0.039039221
0.027009688
0
0
0
-0.00099285942
0.00092505835
0
-0.013755666
0
-0.0011425999
0.0010444091
0
0
0
0
0.01377856
0
0
0
0
