FiniteElementSpace
FiniteElementCollection: ND_3D_P1
VDim: 1
Ordering: 0

0
0
0
0
0
-0.0057065764
-0.0050471326
0
0
0
-0.0064375404
0
0
0
0
0
-0.0089964704
0.0031191632
0
-0.01044579
0
0
0
0.005775426
0.0052577239
0.0030916606
-0.016960247
-0.0098352982
0
0
-0.0070722039
0
0
0
-0.0089306316
-0.007743477
0
0
0
0.004415464
0
0
-0.013968224
0.0047050783
0
0.007214023
0.010667416
0.0085970317
0.005830952
0.013726537
0.0079745284
-0.011727487
0
0
0
0
0
0
-0.01045819
-0.0019418282
0
-0.012443631
0
0
0
0
-0.010265106
0.00096800094
0
-0.012482078
0
0
0
0.00746081
0.002062471
0.0072286591
-0.021270942
-0.020792599
0
-0.003521307
0
-0.016164462
-0.0030293971
0
0.0086639361
0
-0.015818284
0.0017227492
0
0.008764707
0.013551266
0.0036104897
0.013220643
0.017292156
0.016858235
-0.0058253407
0
0
0
-0.0068514144
-0.0047833298
-0.0054597571
-0.027652704
-0.022275878
0
0
-0.0071281228
0.0030497935
-0.028553097
0
0
0
0.0075734291
0.0038892733
0.0073461956
-0.034969242
-0.033791021
0
0
-0.0057975879
0.0059756074
-0.027161594
-0.012314892
-0.0081483839
-0.0097805345
0.023691777
0.019014151
-0.012830696
0.0053931041
0.024542824
0.013398731
0.006944003
0.012931811
0.030919708
0.029739231
-0.010022875
0.010449289
0.023760484
0
0
0
-0.0031099048
-0.0086500256
0
-0.012747633
0
0
0.0067039283
0
0
0.0079388494
0.0034831819
-0.015503853
0
0
-0.010135486
0
0
-0.0055119367
-0.014602269
0
0.010827069
0
0.011307099
0.013538143
0.0060494057
0.013459044
-0.017212208
0
0
0
-0.010609175
-0.0089359706
0
0
0
-0.0034278987
0
0
-0.016564676
0.0053672779
0
-0.0058164092
0.013591124
0.010124176
0.0074984267
-0.011350261
-0.0064854359
-0.013960283
0
0
0
-0.011024802
-0.0088432241
0
0
0
0.002719505
0
0
-0.01725456
0.0052280003
0
0.0048892666
0.014787511
0.010019492
0.0081956233
0.0097131272
0.0053900808
-0.014010171
0
0
0
-0.019162092
-0.0035229736
0
-0.0071687962
0
-0.01875748
0.0021522635
0
-0.0074048657
0.017151991
0.0044461458
0.016777275
-0.014707688
-0.014152567
-0.0069069531
0
-0.020015494
-0.0034457127
0
0.0062486464
0
-0.019645284
0.002169395
0
0.0066267257
0.01864836
0.0044281405
0.01824057
0.013136636
0.012403233
-0.0068014381
-0.016034535
-0.0098278629
-0.012722759
-0.020654407
-0.0164099
-0.016711434
0.0066494572
-0.021587117
0.017382078
0.0086005802
0.016703796
-0.02785076
-0.026579123
-0.012203872
0.013416949
-0.021034804
-0.017809432
-0.0097461883
-0.014108463
0.018376581
0.014366181
-0.018583794
0.0066045656
0.019468651
0.019440385
0.0085428299
0.018602854
0.025508807
0.024088101
-0.012141467
0.014856117
0.018819893
-0.0071433335
-0.017642069
0
-0.0092382541
0
0.013591127
0.016401135
0.007710501
-0.011774861
-0.020869344
0
0
-0.0078974304
-0.017809669
0
0.0079334692
0
0.013576137
0.016421989
0.0084758852
0.010367823
-0.021057375
0
0
0
0
0
0
-0.0086752454
-0.00018615282
0
-0.010764557
0
0
0
0
-0.0060731878
-0.00034706272
0
-0.0076914304
0
0
0
0.0048811094
8.2011892e-05
0.0066015567
-0.013604393
-0.018666077
0
-0.00089131358
0
-0.013337636
-0.00071601626
0
0.007625529
0
-0.0093216963
6.9909113e-05
0
0.0055061037
0.0087433181
0.00077692496
0.011914862
0.011115836
0.015215138
-0.0018990433
0
0
0
0
-0.0029595935
0.00055409591
0
-0.0038406073
0
0
0
0
0
-0.00026698786
0
0
0
0
0
0
-9.2922667e-05
0.0025968668
0
-0.0070072307
0
0.00027802777
0
-0.004546379
0.00011200229
0
0.0028001695
0
0
0.00038433182
0
0
0
0.00082265744
0.0045933458
0
0.0057380765
-0.00036845539
0
0
0
-0.0025362745
-0.00021517964
-0.0047478976
-0.0096720943
-0.018571099
0
0
0
0.00034052688
0
0
0
0
0
0.00091536799
0.0026712942
0
-0.011959243
0
0
-0.00079683578
0.0050143302
-0.022868044
-0.0045720957
-0.0012202359
-0.0085554033
0.008370901
0.01604245
0
0.0015857789
0
0
0.0025995987
0.0047768685
0
0.010670501
-0.002253717
0.008934856
0.020351548
0
0
-0.0063641022
-0.0016478396
-0.025261305
0
0.00067435649
0
0
0.0012962899
0.0067342909
-0.031012204
0
-0.002353439
-0.011463495
-0.0032356687
0.021772932
0.0018039834
0.0029214615
0.011960034
0.027520064
-0.004523315
0
-0.015826843
-0.0011366324
0
-0.0065659391
0
-0.011077113
0.00052726953
0
-0.0048385228
0.011003194
0.0014926476
0.015043526
-0.0096806442
-0.013095046
-0.0026181269
0
-0.01661478
-0.0012587878
0
0.0060034939
0
-0.011654537
0.00075643341
0
0.0045124379
0.011947326
0.0017716686
0.01635236
0.0089172093
0.011885166
-0.0027342908
0
-0.0054247598
-0.0004280726
0
-0.0025288271
0
0
0.0010430653
0
0
0
0.0018756906
0.0057479318
0
-0.0050676157
-0.0011959166
0
-0.0057262751
-0.0007564064
0
0.0024077978
0
0
0.0014374523
0
0
0
0.0024985966
0.0062238578
0
0.0047399142
-0.0016522381
-0.0059327096
-0.00225075
-0.011129
-0.0075295779
-0.014325252
0
0.0028831261
0
0
0.0041447467
0.00624203
0
-0.0097876323
-0.0035230405
0.011654825
-0.018563005
-0.0065823065
-0.002718198
-0.012375232
0.0070156553
0.013209334
0
0.003590094
0
0
0.0048722254
0.0070141774
0
0.0091882031
-0.0039734898
0.013093689
0.017294215
-0.014927253
-0.0042457379
-0.019301685
0.00273821
0.004113658
0.015564735
-0.024953501
-0.0058455351
-0.016608351
-0.0043167925
0.017611198
0.0029856134
0.0043250122
0.017458282
0.02306181
-0.0058818365
0
0
0
-0.0073776835
-0.0029731832
-0.0083648891
-0.036084682
-0.04077038
0
0
-0.0054691458
0.001901079
-0.026591763
0
0
0
0.0059957812
0.0024681985
0.0081266076
-0.029717843
-0.040465465
0
0
-0.0034867226
0.009303842
-0.045992214
-0.012985815
-0.0056802514
-0.014652592
0.032604241
0.036671717
-0.0096657998
0.0040314578
0.024111996
0.010568608
0.00508366
0.014265503
0.027314169
0.03704216
-0.006660681
0.016247544
0.041877584
0
0
-0.0029060969
-0.0014167089
-0.013915021
0
0
0
0.001572797
0
0
0
0
0
0.00228085
0.0031813675
0
-0.015526049
0
-0.0020521243
-0.0051567967
-0.0033758055
0.012657449
0
0.0037779195
0
0
0.0050580601
0.0056287734
0
0.014321395
-0.0045342006
0
0
0
-0.0034551185
-0.002688747
-0.0065164327
-0.016728146
-0.032121395
0
0
0
0.0030186269
0
0
0
0
0
0.0037648847
0.0036969872
0
-0.017418328
0
0
-0.0033096047
0.0069760383
-0.033597834
-0.0061213867
-0.005691428
-0.011506038
0.015608549
0.029857034
0
0.0063916783
0
0
0.0077305799
0.006578345
0
0.016425148
-0.0068071721
0.01237484
0.031555794
0
0
0
-0.0088755396
-0.0038677267
-0.010276538
-0.043992052
-0.050487695
0
0.0029828827
0
0
0.0034278458
0.0095495894
-0.046371566
0
0
-0.0040858578
0.011195212
-0.053913492
-0.015608034
-0.0074115032
-0.017972478
0.040709948
0.046440671
0.0060403614
0.0068595999
0.016873934
0.043347828
-0.0078641202
0.019673202
0.0500686
-0.016813679
-0.0073075171
-0.018881652
-0.030056716
-0.033592992
-0.012562229
0.0055082753
-0.022352615
0.01370425
0.0068532692
0.018420203
-0.02565007
-0.034592401
-0.00856569
0.020864871
-0.038864806
-0.018848173
-0.0073295879
-0.021064992
0.028138517
0.031208991
-0.014128963
0.0057144164
0.02107035
0.015401047
0.0070906057
0.020615111
0.024448197
0.032763439
-0.0085894033
0.023213147
0.036559114
-0.0067235658
-0.0049293689
-0.011796682
0
0.0056212888
0
0
0.0072512417
0.0073237192
0
-0.013522271
-0.0064065316
-0.0075771763
-0.0053909151
0.011192738
0
0.0063801807
0
0
0.0080881322
0.008252438
0
0.012969287
-0.0069257561
-0.0079673748
-0.0079016872
-0.014927221
-0.014904209
-0.028348975
0
0.008972758
0
0
0.010718392
0.0085851414
0
-0.015848155
-0.0093567365
0.01610062
-0.030266679
-0.008981021
-0.0085284611
-0.016778914
0.014443217
0.027299362
0
0.0099450372
0
0
0.011881705
0.0096951509
0
0.015512722
-0.010137656
0.018130593
0.029430565
-0.020160619
-0.0095507974
-0.023074367
-0.038436883
-0.043578613
0.0080943325
0.0091716161
0.021856665
-0.041336987
-0.010172285
0.02531524
-0.047450478
-0.02255725
-0.0095916605
-0.025641268
0.036789294
0.041454326
0.0083985594
0.0095761265
0.024490153
0.039951331
-0.010247611
0.028145408
0.045597723
0
0
0
-0.0040570186
-0.011757471
0
-0.018300962
0
0
0
-0.0068168597
0.0091197946
-0.031918541
0
0
0
0.0079280781
0.010327197
0.0048816566
-0.036810912
-0.021408564
0
0
-0.013822034
0
0
-0.0069657495
-0.019979078
0
0.016060703
0
-0.011787358
0.015628757
0.028303472
0.013617064
0.017757175
0.0082943307
0.032900474
0.018851484
-0.023407818
0
0
0
0
-0.0082264195
-0.0066588241
-0.039531667
0
0.00457853
0
0
0.0050965587
0.0093093665
-0.045012318
0
-0.0073505298
-0.014324024
-0.01161072
0.035341502
0.0082401733
0.0092532883
0.016143172
0.040677996
-0.012928365
0
0
0
-0.010523237
-0.0076685984
-0.0094362466
-0.050214905
-0.042239613
0
0.0053756452
0
0
0.0053215642
0.01179414
-0.054863392
0
0
-0.0073527854
0.011306633
-0.048271547
-0.018250798
-0.013696245
-0.016112437
0.045777746
0.037935608
0.0098719656
0.0099176077
0.020537059
0.050430502
-0.013396619
0.019370813
0.043581221
0
0
0
-0.0063065944
-0.017027767
0
-0.025502366
0
0
0.011462388
0
0
0.010635654
0.010098808
-0.033438935
0
0
-0.023978303
0
0
-0.010518322
-0.028561767
0
0.02231471
0
0.019860749
0.019332698
0.016283344
0.02874134
-0.039336318
0
0
-0.008789986
-0.024192045
0
-0.014270874
0
-0.014988486
0.018965808
-0.025474086
0.017204801
0.021529315
0.010374823
-0.029989735
-0.016937372
-0.028211919
0
0
-0.0095780637
-0.024288791
0
0.012785029
0
-0.016480607
0.018936879
0.023177447
0.01879783
0.021365777
0.011205803
0.027683798
0.015391348
-0.028091395
0
0
-0.018346788
-0.014196496
-0.032125244
0.010243286
0.01154029
0.02058229
-0.037465474
-0.015844106
-0.020336455
-0.014109574
0.029572748
0.01016814
0.011433796
0.022716488
0.034961883
-0.015683751
-0.023227117
-0.016853359
-0.020234036
-0.042643136
-0.035019717
0.0123663
0.012500492
0.026156564
-0.047455932
-0.01661902
0.024233107
-0.040653646
-0.025557913
-0.016591029
-0.021950238
0.040299314
0.032850341
0.012221198
0.01232149
0.028729224
0.045363795
-0.016256965
0.026096437
0.038720753
-0.012990501
-0.034136695
0
-0.020263374
0
0.024054413
0.023651617
0.019651191
-0.026786044
-0.046365723
0
0
-0.013851221
-0.033606935
0
0.018708517
0
0.02367183
0.023133673
0.020377363
0.025594517
-0.044974696
0
0
0
-0.010383315
-0.0076596268
0
0
0
-0.0021632197
0
0
-0.01636082
0.004393893
0
-0.0041897678
0.014496632
0.0084871595
0.0080437849
-0.008483511
-0.0045349858
-0.012170049
0
0
0
-0.0088776922
-0.0056347204
0
0
0
0.0017306425
0
0
-0.01419211
0.0030247994
0
0.0036587158
0.012964443
0.005842498
0.0071680592
0.0075569351
0.0038762028
-0.008860953
0
0
0
-0.019099657
-0.0028367161
0
-0.0055819623
0
-0.018844577
0.0017480149
0
-0.0060834421
0.018375147
0.0035266232
0.017925098
-0.012048175
-0.011141794
-0.0055982767
0
-0.016784095
-0.0017936367
0
0.0050843345
0
-0.016719887
0.00092910431
0
0.0056757885
0.016679806
0.0018397589
0.016156093
0.011246842
0.010207906
-0.0035003159
-0.017810875
-0.0080165339
-0.014058302
-0.016672775
-0.01278436
-0.018643222
0.0052292082
-0.017937977
0.019649163
0.006729384
0.018700721
-0.023710068
-0.02212621
-0.0099370852
0.014827058
-0.01703367
-0.016307322
-0.0049389513
-0.01276498
0.015393864
0.011581579
-0.017190124
0.0026848422
0.016795796
0.018258172
0.0033811522
0.017221938
0.022318717
0.020608672
-0.0059720578
0.013496633
0.01564671
-0.0078331166
-0.015425163
0
-0.0068894896
0
0.01150101
0.013832294
0.008386035
-0.0092075837
-0.018102176
0
0
-0.007048234
-0.011045899
0
0.0060820236
0
0.0078056438
0.0091780529
0.0075332271
0.0082999753
-0.012691457
0
0
0
-0.0066582994
-0.0030745579
0
0
0
-0.0014219523
0
0
-0.011048436
0.001352762
0
-0.0033083868
0.010412674
0.002524659
0.0056565886
-0.0069345166
-0.0034164662
-0.0046255918
0
0
0
-0.00354874
-0.00033938468
0
0
0
0.0012773402
0
0
-0.0073112274
-0.00033490923
0
0.0032015644
0.0071040782
-0.0009486432
0.0032381171
0.0066900628
0.0032246734
-0.00011758815
0
0
0
-0.01348331
-0.00046292017
0
-0.0047505914
0
-0.013682803
-0.00019465604
0
-0.0053803857
0.013953198
-0.00042905357
0.01329533
-0.010667139
-0.0095687981
-0.00081067623
0
-0.009660761
0.0010237932
0
0.0045829834
0
-0.010188013
-0.0014889147
0
0.005189744
0.01063262
-0.0030021384
0.0097622901
0.010280105
0.009221451
0.0021519619
-0.01362767
-0.00096155469
-0.0104167
-0.014494822
-0.010766539
-0.014596265
-0.00070868282
-0.015951862
0.015626087
-0.001069378
0.014483441
-0.021247901
-0.019502554
-0.00082581801
0.011046554
-0.014695543
-0.010164584
0.0034170101
-0.0072374001
0.013962142
0.010412835
-0.011293997
-0.0045212726
0.015356885
0.012191926
-0.0060444062
0.010880455
0.02043768
0.018789906
0.0048432081
0.0077051998
0.014261295
-0.0056130706
-0.0054291097
0
-0.0055275223
0
0.0031142338
0.0032594046
0.0059894866
-0.0076856226
-0.005801967
0
0
-0.0032401797
0.00046107908
0
0.0053633245
0
-0.0018984403
-0.0031314942
0.0034516411
0.0076023366
0.0012655392
0
0
0
-0.015996106
-0.0010003536
0
-0.0056223069
0
-0.01124393
0.00063692368
0
-0.0042945319
0.011795374
0.0013944129
0.016141237
-0.0084262174
-0.011078541
-0.0021096366
0
-0.014271626
-0.00036297358
0
0.0053289032
0
-0.010047827
0.00014769289
0
0.0041178047
0.010768934
0.0003258092
0.014717111
0.0080572898
0.010481919
-0.00076172346
0
-0.00552967
-0.00074015601
0
-0.0023239874
0
0
0.0014603594
0
0
0
0.0024445224
0.0061330546
0
-0.0045344448
-0.0014754381
0
-0.0049288009
-0.00035203573
0
0.0022478296
0
0
0.0010992755
0
0
0
0.0016690533
0.0055880081
0
0.0043738343
-0.00060778748
-0.0066064121
-0.0022847211
-0.012442827
-0.0066849547
-0.012460561
0
0.0033538891
0
0
0.0043914444
0.0071237916
0
-0.0087709459
-0.0032465566
0.013304426
-0.01637577
-0.0061182081
-0.00087673085
-0.011542185
0.0064377914
0.01190379
0
0.0021007287
0
0
0.0026223263
0.0066687176
0
0.0084526124
-0.001278053
0.012464474
0.015669684
-0.016694099
-0.0032858171
-0.016432498
0.0022761827
0.0032712656
0.017709746
-0.021648191
-0.0044569481
-0.015461984
-0.0012024726
0.01555533
0.00057995525
0.00094737615
0.016550425
0.020556294
-0.0016620046
0
-0.011786992
0.00058301959
0
-0.005098091
0
-0.0083072935
-0.00065499717
0
-0.0039651191
0.0091182259
-0.0013197457
0.012424521
-0.0077556584
-0.010023971
0.001160959
0
-0.0089232042
0.0017136101
0
0.0049219341
0
-0.0062922625
-0.0016546679
0
0.0038333125
0.0071190513
-0.0033126257
0.0096433988
0.0074999361
0.0096734124
0.0034083954
0
-0.0040430686
0.00035636289
0
-0.0021736919
0
0
0.00041320598
0
0
0
0.00027941861
0.0047182761
0
-0.0042321846
0.00085096348
0
-0.0030106175
0.0012731407
0
0.0021028676
0
0
-0.00048434483
0
0
0
-0.001503692
0.0036682622
0
0.0041015142
0.0026820479
-0.0052536487
0.0013557938
-0.0099278817
-0.0062280611
-0.01145336
0
-1.7657149e-05
0
0
-0.00023398157
0.0057859834
0
-0.0081785473
0.0017239135
0.010825527
-0.015082026
-0.004165918
0.0040908445
-0.0078868118
0.0060348029
0.011066362
0
-0.0026790196
0
0
-0.003756834
0.0046375992
0
0.0079174421
0.0053356258
0.0086865938
0.014555169
-0.013251717
0.0016976748
-0.014876409
-0.0019240398
-0.0023951022
0.014311278
-0.019679336
0.0021759751
-0.01044971
0.0050359514
0.014340089
-0.0048936381
-0.0063017894
0.011389779
0.018947351
0.0065496107
-0.019166029
-0.0055514895
-0.021303744
-0.026643761
-0.029313506
-0.014412934
0.0043501744
-0.02009627
0.015723189
0.0054770066
0.02095693
-0.023514532
-0.031309656
-0.0065129506
0.023436092
-0.034697168
-0.017976498
-0.0021057213
-0.019834017
0.025428962
0.027779239
-0.013569166
0.0014439837
0.019305758
0.01483117
0.0020712137
0.019671464
0.022711852
0.030065336
-0.0025042671
0.021801085
0.03311843
-0.007736737
-0.0043893455
-0.01074914
0
0.0056504941
0
0
0.0071543499
0.0084403682
0
-0.012553949
-0.0057069219
-0.0072853384
-0.0018869834
0.010391797
0
0.0033703303
0
0
0.0044151345
0.0079699644
0
0.012197043
-0.0027406268
-0.0091940087
-0.0071725966
-0.017138083
-0.014100319
-0.026483165
0
0.008883401
0
0
0.010786273
0.0099406831
0
-0.015278467
-0.0087393054
0.01854269
-0.02879596
-0.0086953139
-0.0038477982
-0.016181265
0.01378224
0.025735752
0
0.0057783673
0
0
0.0074410922
0.00941742
0
0.015034538
-0.0051902952
0.017528271
0.028165704
-0.022925111
-0.0072879692
-0.025847906
-0.035474457
-0.039734289
0.0066143451
0.0077156324
0.024905649
-0.038857949
-0.0078126275
0.028352515
-0.044111081
-0.021518745
-0.0028340628
-0.024007126
0.034284627
0.038197605
0.0028231767
0.00368364
0.023384509
0.037799765
-0.0030720809
0.026296826
0.042696391
-0.015609794
0.0025911764
-0.017019727
-0.024393536
-0.026527762
-0.011847105
-0.0026767691
-0.018608132
0.012982306
-0.002727993
0.017106251
-0.021943289
-0.028919888
0.0029379592
0.018703133
-0.031730522
-0.012481117
0.0079089134
-0.013322492
0.023462841
0.025496559
-0.0095594124
-0.0074486915
0.01793961
0.010507364
-0.0082570694
0.013704574
0.021141296
0.02779502
0.0090717833
0.014644446
0.030467727
-0.0063589661
0.0018427753
-0.010066175
0
-0.00020099164
0
0
0.00019231783
0.0069797048
0
-0.011840875
0.0016345425
-0.0051280596
0.0062764728
0.0097355581
0
-0.0045461793
0
0
-0.0049040773
0.0056494559
0
0.01144561
0.0068015142
-0.0076314103
0.0010509231
-0.014184622
-0.013421811
-0.02494207
0
0.0010096121
0
0
0.0022710787
0.0082822514
0
-0.014699601
7.3416932e-05
0.015386372
-0.027398404
-0.0061937963
0.0068257299
-0.011502869
0.012974464
0.024026745
0
-0.004729811
0
0
-0.0039648413
0.0067399649
0
0.01422135
0.006293463
0.012499505
0.026405107
-0.018719147
0.0032024288
-0.020566857
-0.033081974
-0.036714983
-0.0025166575
-0.0020206216
0.020347465
-0.036599983
0.0033597197
0.022490964
-0.041169205
-0.015008353
0.0099850008
-0.016086485
0.03177806
0.035209393
-0.0086572007
-0.0085881125
0.016322113
0.035152
0.010577283
0.017564585
0.039429796
-0.0094085965
-0.020641678
0
-0.01154898
0
-0.016375081
0.015783605
-0.02129287
0.018559949
0.017541121
0.01090256
-0.025781795
-0.014104055
-0.023505684
0
0
-0.0083952843
-0.014103132
0
0.010570562
0
-0.014855346
0.010165976
0.019792332
0.01673065
0.010866006
0.0096238004
0.024218663
0.013063904
-0.015545605
0
0
-0.020407773
-0.011437625
-0.027508822
0.0079519984
0.0088482106
0.022712536
-0.032916663
-0.012528697
-0.018786227
-0.0066372708
0.025852642
0.003868398
0.004105507
0.020842473
0.031208004
-0.006918845
-0.025455803
-0.012974897
-0.02148825
-0.038386826
-0.03107208
0.0093213446
0.0092143487
0.028509887
-0.043683862
-0.012322824
0.025272529
-0.037178554
-0.023259495
-0.0066253446
-0.019178876
0.03670263
0.029518813
0.0040286117
0.0035550604
0.025921058
0.042097579
-0.0054599863
0.022249322
0.035702099
-0.013275305
-0.027579256
0
-0.017423129
0
0.019030098
0.018049834
0.018811787
-0.024668152
-0.036085481
0
0
-0.01151041
-0.0174805
0
0.016330376
0
0.011117636
0.0094085437
0.015508583
0.023727728
-0.021728054
0
0
-0.0066325115
-0.0059121731
0
-0.0099167856
0
-0.012124421
0.0030722608
-0.018741786
0.013567715
0.0025636528
0.0075166873
-0.023071498
-0.012365526
-0.0058358648
0
0
-0.0038004024
0.0022443482
0
0.0099483461
0
-0.0084394165
-0.0046036963
0.018235805
0.0093871636
-0.0063591475
0.0042654804
0.022453433
0.012528161
0.0034393956
0
0
-0.015803775
-0.00041316851
-0.02458413
-0.0015440769
-0.0021554589
0.017485102
-0.029802288
0.00030964939
-0.011884303
0.0064289544
0.023687061
-0.0075698658
-0.0090915653
0.013118357
0.028682438
0.008204116
-0.019425925
0.0014869146
-0.015384689
-0.035166949
-0.028231309
-0.0029271907
-0.0038637804
0.021528244
-0.040446616
0.0032597123
0.01757296
-0.034210761
-0.014513531
0.01025129
-0.010529163
0.033754409
0.027313254
-0.010588818
-0.011997591
0.015994424
0.038682018
0.012578286
0.011852592
0.032766475
-0.0087991735
-0.0055538849
0
-0.015502318
0
0.0014871266
-0.0010803934
0.011138767
-0.022642836
-0.0050344903
0
0
-0.0048849244
0.0050230286
0
0.015716704
0
-0.0086707837
-0.012021354
0.0057751074
0.022093194
0.0085200123
0
0
0
0
0
-0.013585944
-0.0048313901
-0.02966513
-0.04355951
-0.034562365
0
0
-0.01332234
0.0082931905
-0.054283032
0
0
0
0.014455428
0.0040910175
0.016560197
-0.058228449
-0.053472169
0
0
-0.0036548873
0.014647621
-0.046385008
-0.023218364
-0.01017546
-0.046801297
0.038038292
0.026993976
-0.023068274
0.015408215
0.04936503
0.025692269
0.007806736
0.029388565
0.053738649
0.047969328
-0.0062461735
0.02756847
0.040608994
0
0
-0.012941691
-0.0061556164
-0.058269106
0
0
-0.011971107
0.0049138289
-0.055740274
0
0
0
0.012515116
0.0042526703
0.01374372
-0.055337994
-0.059422582
0
-0.0046265132
-0.022750051
-0.011541037
0.054063197
-0.02119562
0.0092798158
0.052275093
0.022375892
0.0080820326
0.024474887
0.052452424
0.05575361
-0.0087324454
0
0
0
-0.014015907
-0.0032937385
-0.014559254
-0.057281894
-0.058201358
0
0
-0.012789896
0.003578021
-0.052164029
0
0
0
0.012853179
0.0030274564
0.01390396
-0.045973797
-0.051324733
0
0
-0.0026499157
0.013804884
-0.053083236
-0.02532337
-0.0060528509
-0.026422795
0.054482356
0.054754487
-0.023106475
0.0067227568
0.050022328
0.02344364
0.0055359805
0.025397187
0.04463522
0.04955553
-0.0046158837
0.025326706
0.050968445
0
0
0
-0.013692453
-0.0025094163
-0.011927573
-0.055446889
-0.050017115
0
0.0029595714
0
0
0.0022420154
0.012686686
-0.051545639
0
0
-0.00178039
0.010762572
-0.047355108
-0.025324182
-0.0039912013
-0.022104512
0.051584226
0.046005438
0.0051158073
0.0036399432
0.023297802
0.049212025
-0.0025761096
0.019720735
0.044966972
-0.028313004
-0.012641249
-0.054279404
-0.035445276
-0.024542998
-0.02897592
0.019035456
-0.04643063
0.032751294
0.0095855728
0.0366996
-0.050831878
-0.044494964
-0.0071150593
0.034191861
-0.036473538
-0.029221108
-0.011882523
-0.052606635
0.034168749
0.023157935
-0.0310985
0.018319401
0.044660677
0.035396435
0.0085331787
0.038241239
0.049038151
0.042381033
-0.0054730775
0.034645359
0.033908901
-0.029101782
-0.01445115
-0.051314452
-0.027401002
0.011772831
-0.049997483
0.029127049
0.010270733
0.031583786
-0.050609654
-0.053336995
-0.0108962
-0.031986081
-0.013987146
0.049506285
-0.030533707
0.011557654
0.048481706
0.032600674
0.0099894214
0.034875974
0.049471081
0.051800804
-0.010222354
-0.03306335
-0.0073066468
-0.034282302
-0.052555325
-0.052176717
-0.030336148
0.0084594885
-0.048702866
0.031055084
0.0068184634
0.033529192
-0.04388807
-0.048272969
-0.0052527084
0.033339599
-0.049134734
-0.036831371
-0.0063381261
-0.037559746
0.051314212
0.0503836
-0.034176624
0.0080681282
0.047969357
0.035265923
0.006324294
0.037741501
0.04357684
0.04741818
-0.0040631768
0.037108082
0.047673965
-0.032802976
-0.003790119
-0.028474254
-0.048369102
-0.042364335
0.0057081808
0.0035964999
0.030511095
-0.046901106
-0.0018558903
0.025507169
-0.042313892
-0.035297772
-0.0015045487
-0.029828049
0.045979738
0.039405899
0.0041004183
0.0017083697
0.033411622
0.044838279
0.00069940363
0.027186577
0.039743546
0
0
-0.010092688
-0.004124749
-0.047220199
0
0
-0.0073376364
0.0037820703
-0.03389831
0
0
0
0.00758349
0.0040207102
0.010469627
-0.032784276
-0.046141324
0
-0.0040045437
-0.017956796
-0.0079655548
0.044590389
-0.013101564
0.0074920084
0.032169182
0.013644532
0.0078843771
0.018781552
0.031447529
0.044033857
-0.0077231053
0
0
-0.0038865922
-0.0038872207
-0.017474264
0
0
0
0.0044884767
0
0
0
0
0
0.0051398853
0.0040141664
0
-0.016781963
0
-0.0043770944
-0.0069590759
-0.007825257
0.016652104
0
0.0090121329
0
0
0.010145507
0.0072406047
0
0.01616924
-0.008663286
0
0
0
-0.0040832992
-0.0047102069
-0.0077218079
-0.015269041
-0.030096752
0
0
0
0.00564318
0
0
0
0
0
0.0058871495
0.0041161644
0
-0.012938915
0
0
-0.0047835509
0.0077976336
-0.025827925
-0.0074226044
-0.00920082
-0.014005125
0.014885946
0.029196301
0
0.010998004
0
0
0.011378935
0.0075372908
0
0.012773475
-0.0092617775
0.014249612
0.025344619
0
0
-0.010680438
-0.0037683499
-0.04283785
0
0.0041096614
0
0
0.0039909168
0.010782239
-0.037233708
0
-0.0034447319
-0.019328152
-0.0072088421
0.041337947
0.0079744319
0.0076672607
0.01967404
0.036340134
-0.0064932699
-0.023368449
-0.010347071
-0.042927559
-0.017125335
0.01001357
-0.031160822
0.01793996
0.010540954
0.024593419
-0.030771542
-0.042794927
-0.010059097
-0.026262288
-0.010469963
0.041871035
-0.019347327
0.010545152
0.030590249
0.020357687
0.011212201
0.027761115
0.030505407
0.042116018
-0.010227378
-0.0091225014
-0.01069327
-0.016233772
0
0.012401392
0
0
0.013899759
0.0095453053
0
-0.015935253
-0.011799684
-0.010335642
-0.011666342
0.016051958
0
0.013802021
0
0
0.015567345
0.010862298
0
0.015928053
-0.012987121
-0.0098473106
-0.012516444
-0.01853589
-0.014849443
-0.028880978
0
0.015039002
0
0
0.015570341
0.010064159
0
-0.012925874
-0.012612697
0.018987573
-0.02537723
-0.011264367
-0.013914765
-0.021146472
0.015026846
0.028937886
0
0.016977224
0
0
0.017743422
0.011577679
0
0.0132804
-0.014178633
0.021790599
0.02574401
-0.025491789
-0.00938058
-0.04057309
0.010664377
0.010257346
0.026144054
-0.036050249
-0.0084063385
-0.028939086
-0.0095752088
0.04029689
0.011465438
0.011147925
0.029876221
0.036167748
-0.0086024686
0
0
0
-0.01089429
-0.0030025643
-0.012867261
-0.02955814
-0.0369643
0
0
-0.0079040199
0.0035753237
-0.020179983
0
0
0
0.0081856452
0.002774599
0.011163916
-0.013596598
-0.020345333
0
0
-0.0023726001
0.012998644
-0.025733938
-0.020023658
-0.0055533088
-0.023655075
0.029153105
0.036331523
-0.0145365
0.0068113807
0.020007365
0.015141894
0.0052339552
0.020677187
0.013536999
0.020211688
-0.0042886791
0.024079449
0.025573279
0
0
-0.0041615668
-0.0044520079
-0.0099019545
0
0
0
0.0057142989
0
0
0
0
0
0.0049053983
0.0043079909
0
-0.0064048122
0
-0.003535365
-0.0076659816
-0.0085937013
0.0098954611
0
0.011017218
0
0
0.0095241995
0.0079691024
0
0.0064403839
-0.0068619846
0
0
0
-0.0047177887
-0.0019108407
-0.0087940996
-0.0028791051
-0.0067234832
0
0
0
0.0031444036
0
0
0
0
0
0
0.0056464946
0
0
0
0
0
0.009516503
0
-0.0087680882
-0.0037353888
-0.016462824
0.0027846264
0.0065893821
0
0.0063005302
0
0
0
0.011045212
0
0
0
0.018477362
0
0
0
0
-0.01165627
-0.0014421107
-0.013340048
-0.010289604
-0.013120439
0
0.0015995042
0
0
0
0.012250622
0
0
0
0
0.013872631
0
-0.021851899
-0.0025307158
-0.024963142
0.01020914
0.013140858
0.0029577805
0
0.023558741
0
0
0.026405751
0
-0.026807655
-0.0071311504
-0.031597743
-0.029260049
-0.036115055
-0.019497516
0.0091197352
-0.020313597
0.020453591
0.0070052958
0.027913146
-0.013965463
-0.02054205
-0.0054503579
0.032434993
-0.025725612
-0.030857857
-0.0073069362
-0.036186217
0.029703794
0.036198338
-0.022518405
0.01001557
0.020926245
0.023799214
0.0077559476
0.032406562
0.014680797
0.021151814
-0.0055866264
0.037479782
0.026078592
-0.010298293
-0.01175282
-0.010195251
0
0.015137236
0
0
0.013212308
0.010768331
0
-0.0068013722
-0.0094684653
-0.011916414
-0.013379134
0.010691619
0
0.01744733
0
0
0.015452901
0.012540017
0
0.0073597889
-0.01093714
-0.011952108
-0.005206406
-0.022511878
-0.0030739413
-0.0069242485
0
0.008924161
0
0
0
0.015543974
0
0
0
0.025902905
0
-0.014050221
-0.0060932893
-0.026507663
0.0035375785
0.0074778269
0
0.010660048
0
0
0
0.018735701
0
0
0
0.031137098
0
-0.029854376
-0.0031761668
-0.033975455
-0.010520559
-0.013395785
0.0039377848
0
0.032805506
0
0
0.036451363
0
-0.035070523
-0.003255124
-0.039681081
0.011021438
0.013764631
0.0043753067
0
0.03919426
0
0
0.04315505
0
0
0
0
-0.012179921
-0.0012870467
-0.010272732
-0.042803424
-0.0397274
0
0
-0.013412689
0.0017722087
-0.043621345
0
0
0
0.013273433
0.00138166
0.011994319
-0.030792699
-0.03038518
0
0
-0.00094918701
0.010100215
-0.028350572
-0.022312383
-0.0017056947
-0.018684381
0.041769504
0.038686479
-0.024646048
0.002730868
0.042660833
0.024470156
0.0020650549
0.021978581
0.03065899
0.030281731
-0.0011999771
0.01832474
0.028279098
0
0
-0.013694581
-0.0021924668
-0.041727582
0
0.002582495
0
0
0.0020639361
0.013671864
-0.029273482
0
-0.0017474121
-0.025187115
-0.0036703178
0.040904783
0.0045761305
0.0035538537
0.025289729
0.029117489
-0.00283861
0
0
0
-0.013887214
-0.0011153655
-0.013408693
-0.01498204
-0.015794678
0
0.0012954017
0
0
0
0.014399766
0
0
0
0
0.013927136
0
-0.025882543
-0.0017671063
-0.024835231
0.015116811
0.016035309
0.0021646371
0
0.027104532
0
0
0.025879837
0
0
0
0
-0.012096417
-0.00061108533
-0.010204751
-0.015608958
-0.014579293
0
0.00088803111
0
0
0
0.012633686
0
0
0
0
0.010760271
0
-0.02220274
-0.00077767474
-0.018486308
0.015933317
0.014957989
0.0013074073
0
0.023110482
0
0
0.019287715
0
-0.029290851
-0.00083196678
-0.024137739
-0.040433631
-0.037084365
-0.032653314
0.0024399034
-0.041672406
0.032578725
0.0017733719
0.028919343
-0.030361106
-0.029761953
-0.00046375116
0.023663621
-0.027568898
-0.03234559
0.0015704379
-0.025873699
0.039011851
0.035231681
-0.036703981
0.00061859045
0.040757192
0.036883117
0.00033376334
0.032098787
0.029989527
0.029014986
0.0014144309
0.02543655
0.026491621
-0.033540544
-0.0039801132
-0.040304865
0.0055040875
0.0041990465
0.03391792
-0.029051679
-0.0030057862
-0.038125368
-0.0027943837
0.039913217
0.0049875231
0.0037722062
0.038883878
0.029061213
-0.0020525616
-0.034996705
-0.0018673528
-0.033251768
-0.015291053
-0.016111409
0.0025283215
0
0.037010449
0
0
0.034848385
0
-0.040484975
-0.0013298374
-0.037911339
0.015479472
0.016093863
0.0022865597
0
0.043267316
0
0
0.04003301
0
-0.029300545
-0.0003728828
-0.023875411
-0.015902491
-0.014821632
0.0011523383
0
0.030546443
0
0
0.024840592
0
-0.032679417
0.00067717619
-0.025727032
0.015674988
0.014400608
0.00034435785
0
0.034224692
0
0
0.026804908
0
-0.026489126
-0.0079658024
-0.043130817
-0.033253856
-0.02212181
-0.029835408
0.013371983
-0.043325682
0.033977703
0.004469199
0.034646776
-0.047706135
-0.040818359
-0.0012361625
0.029669436
-0.031925229
-0.021087372
-0.001419283
-0.028291272
0.032229342
0.021081106
-0.025882722
0.0049887951
0.041935539
0.029310807
-0.0022336056
0.027200867
0.046294486
0.039251939
0.0053168629
0.020757568
0.030066291
-0.031669905
-0.010035856
-0.048096397
-0.030774387
0.0084020609
-0.047294029
0.032934851
0.0069500649
0.034570955
-0.048615654
-0.050634894
-0.0064803296
-0.028667677
-0.0031435687
0.046659704
-0.028523441
0.0026490249
0.046073221
0.030549165
0.001416742
0.031241893
0.047645962
0.049368815
-4.4575199e-05
-0.036726549
-0.0028825772
-0.036413311
-0.050368938
-0.048976535
-0.03468738
0.0052528234
-0.047458865
0.036035916
0.0038043946
0.037984918
-0.043415718
-0.046739238
-0.000846416
0.036557451
-0.046411853
-0.033297877
0.0028355975
-0.031595825
0.049286258
0.047498354
-0.032270985
0.0001929061
0.046782846
0.033710519
-0.00061778262
0.034707361
0.043062797
0.0458924
0.0042295451
0.032230525
0.045035471
-0.033013305
0.0030029516
-0.026421479
-0.044058679
-0.036953841
7.9185518e-05
-0.0021599146
0.031885296
-0.042975113
0.0051427103
0.024598417
-0.037330189
-0.026881774
0.0095086085
-0.019268225
0.042167192
0.034633794
-0.0061184252
-0.0078029439
0.026540655
0.041068012
0.011237833
0.018376224
0.034938907
-0.014401739
0.0069873351
-0.011701496
-0.0308184
-0.019867898
-0.020079104
-0.0054558045
-0.040227509
0.022514437
-0.01078736
0.017755527
-0.044438788
-0.037347782
0.013690637
0.010114188
-0.028067285
-0.0072128162
0.017009016
6.2692949e-08
0.029030486
0.018621018
-0.013279499
-0.016174826
0.038205984
0.014701049
-0.020105151
0.0083439187
0.041977015
0.034957366
0.023091009
-2.2503542e-08
0.025757654
-0.023673708
0.0056314806
-0.04494259
-0.02436269
-0.0049044343
-0.044571743
0.02608555
-0.0058785605
0.025703849
-0.046261695
-0.047667172
0.008213489
-0.017485939
0.01501448
0.042840493
-0.018998197
-0.01317262
0.042656883
0.020326444
-0.013892602
0.018896738
0.04428836
0.04536541
0.017082257
-0.02742329
0.010160257
-0.024277605
-0.047706642
-0.045579468
-0.027601758
-0.006499369
-0.045614971
0.028956948
-0.0064550659
0.028753654
-0.042201607
-0.044549435
0.010637264
0.025136894
-0.043228867
-0.020144893
0.018107821
-0.015801233
0.045408041
0.042993456
-0.021525342
-0.01388925
0.043745409
0.022654771
-0.012929609
0.021209969
0.040604763
0.042473625
0.017557695
0.016547847
0.040757702
-0.018322298
0.017468802
-0.0099006884
-0.039960423
-0.032162144
-0.013863319
-0.014675947
0.018502802
-0.03884078
0.01844103
0.0096866392
-0.032357422
-0.0089030453
0.025981002
1.3400977e-08
0.037213382
0.029321348
-0.022189393
-0.021943865
0.0091760722
0.036073899
0.025926255
-6.158164e-09
0.029393907
-0.026755081
-0.0080235185
-0.041065977
-0.019833679
0.0087151768
-0.030190652
0.020939966
0.0095226899
0.028367089
-0.030381332
-0.041646581
-0.0078951733
-0.025146343
-0.0032000355
0.040211122
-0.018783898
0.0046157041
0.029734972
0.019885175
0.0055495372
0.026714577
0.030151338
0.041057888
-0.0032201479
-0.010624903
-0.010328378
-0.015956265
0
0.012775472
0
0
0.014713098
0.011206182
0
-0.015993958
-0.011813329
-0.010089421
-0.0067131694
0.015818945
0
0.0093403964
0
0
0.011355834
0.010674934
0
0.015992105
-0.0083072295
-0.01167191
-0.012999453
-0.021845152
-0.015267666
-0.029111706
0
0.016390452
0
0
0.017499265
0.012056593
0
-0.013694258
-0.013592886
0.022626193
-0.026210388
-0.01116184
-0.0097856746
-0.020818571
0.015423717
0.029146514
0
0.013288352
0
0
0.014830008
0.011582203
0
0.014018561
-0.010850597
0.021658867
0.026526419
-0.029699206
-0.0074649061
-0.040187229
0.010015237
0.010010575
0.030833624
-0.036412103
-0.0067926983
-0.028059767
-0.003162143
0.039912015
0.0063667055
0.0068714631
0.029267988
0.036471693
-0.0030504195
-0.021895048
0.0033739202
-0.039086548
-0.016518042
-0.0012384581
-0.02905245
0.017528596
-0.00020716814
0.023292957
-0.029617752
-0.040092061
0.0032022999
-0.017576179
0.01076257
0.037560102
-0.01344644
-0.008008554
0.028035746
0.014305193
-0.006918272
0.018721231
0.028652167
0.038587821
0.010455378
-0.008895608
-0.0012767952
-0.015542451
0
0.0039485139
0
0
0.0059514463
0.0094414849
0
-0.015809376
-0.002920195
-0.0072613479
0.005189136
0.015064019
0
-0.0025997676
0
0
-0.0006888859
0.0077348769
0
0.015370929
0.0035565313
-0.0099095087
-0.0046933542
-0.0184088
-0.015369444
-0.028825371
0
0.0081056966
0
0
0.010122949
0.010327954
0
-0.014120582
-0.0063140407
0.019227816
-0.026467815
-0.0081521319
0.0015251591
-0.015069984
0.015017873
0.02799966
0
0.0016285623
0
0
0.0040993769
0.008536076
0
0.013903212
-0.00065547615
0.015799885
0.02587105
-0.024526
0.0028072646
-0.039190337
0.00097425518
0.0021133879
0.025680945
-0.036063664
0.0021920577
-0.019752578
0.0096008351
0.037833941
-0.0053863403
-0.0035850351
0.020750307
0.034983343
0.0082117863
-0.032065271
-0.0058566168
-0.037280498
-0.030245737
-0.036364078
-0.023521456
0.0092251635
-0.021633361
0.025045586
0.0072874031
0.033966004
-0.015494732
-0.021843486
-0.0045500692
0.038976943
-0.026469674
-0.030628933
-0.0028282125
-0.035143383
0.030613252
0.036335757
-0.022639984
0.0067516832
0.022204335
0.024284431
0.0055890249
0.032722766
0.016212805
0.022401393
-0.0023730054
0.037096097
0.026696085
-0.01247793
-0.013150536
-0.011251218
0
0.017582921
0
0
0.015932172
0.013216241
0
-0.007992244
-0.011011655
-0.012049787
-0.011039721
0.011731391
0
0.015512425
0
0
0.014594285
0.012845337
0
0.0085715446
-0.009647191
-0.014950468
-0.0062486571
-0.02822487
-0.0040783822
-0.0081159862
0
0.011284908
0
0
0
0.020379119
0
0
0
0.033791544
0
-0.014671904
-0.0056331632
-0.027689432
0.0046039555
0.0087134208
0
0.01073398
0
0
0
0.020414123
0
0
0
0.033774054
0
-0.037195746
-0.0026967293
-0.041730329
-0.01158273
-0.014150086
0.0041651972
0
0.04225355
0
0
0.04601671
0
-0.036269599
-0.0015189998
-0.040187092
0.012074528
0.014437645
0.0032958955
0
0.041887704
0
0
0.044963976
0
-0.027028037
0.001447337
-0.030397978
-0.030545236
-0.035837457
-0.020201318
0.0028879962
-0.022422908
0.021823858
0.0028540877
0.029118124
-0.016647941
-0.022612713
0.00071725981
0.032395612
-0.026546205
-0.021949968
0.0063989142
-0.023927707
0.029838529
0.034651907
-0.016679809
-0.0018232064
0.02212143
0.018144801
-0.0005418822
0.023839951
0.016646918
0.022301695
0.004321553
0.025740539
0.025841446
-0.010799866
-0.0073281036
-0.011999566
0
0.011549972
0
0
0.011657305
0.011587182
0
-0.0089761747
-0.0070267284
-0.0089732966
-0.0025660858
0.011953138
0
0.0063098026
0
0
0.0075841352
0.0096906275
0
0.0091068941
-0.0035383711
-0.013364229
-0.0043268386
-0.025179262
-0.0050244061
-0.0091482683
0
0.009113271
0
0
0
0.018967792
0
0
0
0.03130023
0
-0.011287156
-0.0025207222
-0.021186665
0.0052623231
0.0093159694
0
0.0066863725
0
0
0
0.016337329
0
0
0
0.026866256
0
-0.032677858
0.00015967851
-0.03553272
-0.012366927
-0.014505012
0.0018611819
0
0.038395348
0
0
0.040378582
0
-0.027101542
0.0021298283
-0.028604511
0.012347469
0.014243524
5.2021867e-05
0
0.032435421
0
0
0.033058164
0
-0.0312444
0.0055114355
-0.023671418
-0.037544388
-0.033268095
-0.036588869
-0.0027939259
-0.039853256
0.03710512
-0.002272649
0.031253023
-0.0295249
-0.028103793
0.00442191
0.023414454
-0.02518538
-0.026377483
0.010753931
-0.017931442
0.035926278
0.031179123
-0.032671547
-0.0076024007
0.038772694
0.033483893
-0.0058834491
0.026651484
0.028861818
0.026990245
0.0083639578
0.017894628
0.023680096
-0.038767375
5.6744472e-06
-0.039574966
0.0028529821
0.0021730594
0.039920216
-0.029047847
7.7879903e-05
-0.035786423
0.0042723815
0.03904291
-0.00080179457
-0.00052057012
0.037232888
0.028848147
0.00326328
-0.041985463
-0.00013582466
-0.038469803
-0.01563046
-0.015982556
0.001397051
0
0.045390698
0
0
0.040998602
0
-0.039596531
0.0016407293
-0.035067832
0.015658599
0.015729112
-9.3055454e-05
0
0.043353444
0
0
0.037778251
0
-0.032036804
0.0023572779
-0.023796444
-0.015301442
-0.013790518
-0.0011161256
0
0.03378227
0
0
0.024901758
0
-0.0275599
0.0045529391
-0.018315694
0.014773544
0.013021549
-0.003132363
0
0.029319286
0
0
0.019296261
0
-0.018667819
0.016816044
-0.0096016924
-0.033978485
-0.028854594
-0.025808708
-0.013349475
-0.037282694
0.026753866
-0.010154753
0.019079667
-0.027849866
-0.025574826
0.012870246
0.0096859191
-0.021932147
-0.0093982323
0.02300084
6.4946453e-10
0.031528997
0.0261609
-0.017193651
-0.019354006
0.035183224
0.0180347
-0.014589314
0.0097248836
0.026344972
0.02374554
0.017425037
3.9915854e-09
0.01986747
-0.029935361
0.0095837361
-0.038051166
-0.0055987922
-0.0040400331
0.0314794
-0.028272683
0.0071945971
-0.022270211
0.015286853
0.036384272
-0.010924531
-0.0079509171
0.023670366
0.027154365
0.011402747
-0.033883525
0.0038286003
-0.028340724
-0.015460792
-0.015257828
-0.0020382306
0
0.037618739
0
0
0.030910291
0
-0.025809894
0.0061727254
-0.019345954
0.01494062
0.014490895
-0.0042056446
0
0.029099678
0
0
0.02139702
0
-0.019936578
0.0070551246
-0.010004325
-0.01404755
-0.012082871
-0.0055113839
0
0.021436999
0
0
0.010633959
0
-0.010283268
0.0095787576
-8.8044211e-09
0.013068555
0.010944357
-0.0079801283
0
0.01119645
0
0
1.2087693e-08
0
0
0
0
0
0
-3.1869483e-09
0.0016045965
0
0
0
-0.0016046024
0
0
0
0
0
-0.0010476707
-0.00085180022
0
-0.0039945081
0
0
0
0.00033653515
-0.0022206921
1.60384e-09
-0.0066943883
-0.0029540892
0
0
0.0029540829
0
0
0
0.0010476652
0.0039945003
0
0
0
0.00085180474
0
0
-4.698863e-09
-0.0025122155
0
0.0025122216
3.5110829e-09
-0.0052555088
-0.00033653194
0.0052555194
0.0022206982
0.0066943781
0
0
0
0
0
0
-0.0032607777
0.00011200434
0
-0.0071552649
0
0
0
0
-0.0066396097
0.00062102418
0
-0.011039878
0
0
0
0.0032133821
-0.0002881906
0.001375162
-0.017167823
-0.011434216
0
0.0012810259
0
-0.0031712711
0.0012644438
0
0.0047872733
0
-0.0084270692
-7.1257577e-05
0
0.0076065315
0.0052855513
-0.0017547725
0.0018225482
0.014138251
0.0092466802
0.0035187802
0
0
0
-0.0010009722
0.0023860404
-0.00025721971
-0.013748231
-0.0083278597
0
0
-0.0023675226
-0.0013750465
-0.020163646
0
0
0
0.0020938632
-0.002141529
0.00089531542
-0.020247887
-0.014058876
0
0
0.0030409628
0.00023343276
-0.0087190169
-0.0012527663
0.005551367
-2.871447e-09
0.012054506
0.0071872645
-0.003788376
-0.0036954377
0.017892136
0.0032619974
-0.0049783123
0.0010901404
0.018823191
0.012972311
0.0066410185
2.0856633e-09
0.0079732636
0
0
0
-6.7851706e-10
0.0038418808
0
-0.0038418865
0
0
-0.0032566709
0
0
-0.0037513343
1.1419217e-10
-0.004138882
0
0
0.0041388763
0
0
0.00025721705
0.0083278471
0
0.0032566768
0
-0.0071872535
-0.0079732516
-0.00023343107
0.0037513405
0.0087190042
0
0
0
0.0032607729
0.0071552562
0
0
0
-0.00011200754
0
0
0.0031712624
-0.0047872663
0
-0.0012644487
-0.0018225419
-0.0092466661
-0.0013751589
-0.0035187894
-0.0012810299
0.0114342
0
0
0
0.0066396026
0.011039866
0
0
0
-0.00062102296
0
0
0.0084270605
-0.007606523
0
7.1261483e-05
-0.0052855443
-0.014138233
-0.0032133792
0.001754779
0.00028819362
0.017167801
0
0
0
-4.7998562e-09
0.0030934254
0
-0.0030934314
0
-0.0061228279
-0.0015557384
0
-0.0055043905
0.0042675317
-0.004443707
5.0847728e-09
-0.011036568
-0.0068014974
0.0068014864
0
0.0061228213
0.0055043837
0
0.0015557426
0
-3.2147922e-10
-0.003717116
0
0.0037171212
1.6357229e-09
-0.0082331279
-0.0042675243
0.00823314
0.0044437163
0.011036554
-5.0164271e-09
0.0097505225
0.0012527588
-0.0097505381
-0.0055513774
-0.0032096559
-0.0072174378
-0.015007981
0.0027256036
-0.0088404255
5.5753501e-09
-0.01653731
-0.011113887
0.01111387
-0.0010901334
-0.0066410294
0.0032096477
0.015007961
0.003788369
0.0072174516
0.0036954465
-3.8413927e-09
-0.011965666
0.011965682
6.2236957e-09
-0.013818215
-0.0027255929
0.013818233
0.0088404405
0.016537289
-0.0032619887
0.0049783231
0.00100097
0.013748212
0
-0.0023860467
0
-0.012054489
-0.012972293
-0.00089531161
-0.0030409687
0.014058858
0
0
0.0023675188
0.020163621
0
0.0013750506
0
-0.017892114
-0.018823168
-0.0020938595
0.0021415349
0.020247862
0
0
0
0
0
0
-0.011050273
-0.0013151938
0
-0.015546675
0
0
0
0
-0.016290921
0.0019675077
0
-0.02059181
0
0
0
0.0089202851
0.001545032
0.0057922598
-0.030967075
-0.023750416
0
-0.00067274794
0
-0.015515514
-0.001061365
0
0.010898722
0
-0.024078683
0.0021651614
0
0.014654923
0.016336064
0.0015248825
0.0102508
0.026112231
0.01980401
5.6236942e-05
0
0
0
0
-0.022269132
-0.0026918498
0
-0.026341493
0
0
0
0.0041254826
0
0
0.0029339322
0.012231685
-0.038654893
0
-0.0023067543
0
-0.033955827
-0.003465532
0
0.019153844
0
0.0066050305
0.004514633
0.022890985
0.033106608
-0.0030323773
0
0
0
-0.0094237383
-0.0013699541
-0.0067849406
-0.042945374
-0.035178153
0
0.0020046728
0
0
0.0012265547
0.0084197743
-0.041344835
0
0
-0.00055077034
0.0060104222
-0.034359305
-0.017398956
-0.0014301202
-0.012300332
0.03910733
0.031757028
0.0027743595
0.0013932646
0.015273933
0.039058568
-4.3400671e-05
0.01067354
0.032299395
0
0
-0.0043439737
0.00035374872
-0.027416592
0
0.00058206961
0
0
-0.00026050385
0.003834035
-0.027137784
0
0.0011803772
-0.0075714165
0.0018333683
0.024549963
-0.00010004993
-0.0015012478
0.0065291078
0.025380024
0.0032087956
0
-0.014807179
0.00011333138
0
-0.0084356561
0
-0.025516297
0.0013116452
0
-0.011912219
0.01887389
-9.7664265e-05
0.010747996
-0.021960516
-0.016113131
0.0022066408
0
-0.009376976
0.0020838685
0
0.0064956673
0
-0.021233406
-0.0004818351
0
0.0099311833
0.016480156
-0.0032018727
0.0071706843
0.018773248
0.013021142
0.0056415545
0
-0.037973101
-0.0030562084
0
-0.016318881
0
0.0073395066
0.0043012773
0.027721127
-0.028764703
-0.0020095872
0
-0.035023235
-0.0014679183
0
0.014440861
0
0.0060519554
0.0020537134
0.026756175
0.025769602
0.00072460511
-0.021965377
0.00019780863
-0.014848976
-0.035300958
-0.028062322
0.0018223745
2.184363e-05
0.019273024
-0.036244322
0.0019508428
0.012842
-0.029508597
-0.021930193
0.0036443051
-0.013414244
0.031953449
0.024578703
-0.0010970045
-0.0031260468
0.01954008
0.033329688
0.0056107312
0.011752337
0.026453206
-0.0083115788
0.0047098004
-0.021185964
-0.002354614
-0.0041097274
0.0071150972
-0.022775617
0.0064399746
-0.0057427226
0.0090178273
0.017815244
-0.0062455508
-0.0082237539
0.0049668175
0.019790059
0.010983684
0
0
0
-0.0036622633
0.0015527898
-0.0020139396
-0.0234228
-0.017664152
0
0
-0.0057236659
-0.00072607895
-0.029377901
0
0
0
0.0056603502
-0.00076288228
0.0036484841
-0.021177183
-0.016976923
0
0
0.001413701
0.0020289936
-0.012889984
-0.0061413553
0.0036960281
-0.0030853183
0.022657618
0.017034007
-0.010029187
-0.002171326
0.028488284
0.0098423883
-0.0020041972
0.0060561605
0.021156283
0.016968217
0.0031892515
0.0030679933
0.012883618
0
0
-0.0080145858
-4.103107e-05
-0.035023841
0
0.00071434357
0
0
0.00044332683
0.0078920968
-0.025120567
0
0.00013280557
-0.014383512
0.00073612012
0.034036094
0.00055798828
0.00022904069
0.01409061
0.025077901
0.00084680704
0
0
0
-0.0080159173
7.1980055e-05
-0.0058022943
-0.012928355
-0.010906498
0
0.00028817721
0
0
0
0.0085759618
0
0
0
0
0.0063422738
0
-0.014240351
0.00047270815
-0.0099984259
0.013329835
0.011300886
0.00018052379
0
0.01494965
0
0
0.010611821
0
0
0
0
-0.003793994
0.00083766792
-0.0021566153
-0.0087524904
-0.0066607061
0
-0.00045458535
0
0
0
0.0042823072
0
0
0
0
0.0025589483
0
-0.0062093101
0.0018431609
-0.0031926731
0.0091141733
0.0069696256
-0.0011594879
0
0.0067077708
0
0
0.0035479981
0
-0.006625719
0.0067797019
-0.0025465827
-0.020913684
-0.01545828
-0.011978119
-0.0047077745
-0.026679107
0.011690992
-0.0040210802
0.0064824152
-0.020221791
-0.016017099
0.0056150306
0.0025059457
-0.011984138
-0.0046100774
0.010927433
-8.2344475e-09
0.018606369
0.013322278
-0.010961141
-0.0084800232
0.024363454
0.010676213
-0.0069288522
0.0044900601
0.018737778
0.014492627
0.0087947026
1.0556703e-08
0.010537735
-0.018068751
0.0027240454
-0.032273142
-0.00087883448
-0.00094064594
0.017647959
-0.02422573
0.0024428506
-0.018370983
0.0060922455
0.030112827
-0.0037957895
-0.0032060582
0.017949976
0.022895208
0.0050484339
-0.017784243
0.0013633885
-0.011802361
-0.013099567
-0.01099744
-0.00046933369
0
0.018525911
0
0
0.012355447
0
-0.018086881
0.0028117968
-0.010747204
0.012519472
0.010307031
-0.0017321527
0
0.018802561
0
0
0.011182461
0
-0.0065780949
0.0031908101
-0.0025670551
-0.0087656273
-0.006609386
-0.0022849406
0
0.0069541247
0
0
0.0027602019
0
-0.0045290154
0.0049412975
-1.1295327e-08
0.0080237262
0.005880756
-0.0038952849
0
0.0047346479
0
0
1.2780965e-08
0
0
0
0
3.6244225e-10
0.003808131
0
-0.0038081343
0
0
0
-0.00023065937
-0.0036207405
-0.0078459002
0
0
0
0.00024174681
-0.0028851973
-3.0219674e-10
-0.0058609091
-0.0029058143
0
0
0.0029058138
0
0
0.00023065788
0.0078458892
0
0.0036207446
0
-2.3021885e-09
-0.0074979174
0.007497927
1.6481961e-09
-0.0058419008
-0.00024174578
0.0058419078
0.0028851998
0.0058609028
0
0
0
0
-0.00087077057
0.0031016431
-0.012431063
0
-0.0023749284
0
0
-0.0020339724
0.00089180085
-0.0091570788
0
0.0025545126
-0.001041681
0.0065391036
0.011939138
-0.0052044844
-0.0043134787
0.0010489373
0.0091456456
0.0052526633
0
0
0
-0.00098026347
0.0014780123
-0.00027916524
-0.0047567993
-0.0030805688
0
-0.0011915835
0
0
0
0.0012641461
0
0
0
0
0.0004205855
0
-0.0011172298
0.0029718898
-1.5488568e-09
0.0049982559
0.0032435067
-0.0024710669
0
0.001301172
0
0
1.1493869e-09
0
0
0
0
1.4727891e-09
0.0015699232
0
-0.0015699227
0
0
-0.0016438795
0
0
0
-1.3448765e-09
0
0
0
0
0
0
0.00027916436
0.0030805661
0
0.0016438792
0
-0.0032435031
0
-0.00042058634
0
0
0
0
0.00087076732
0.012431046
0
-0.0031016492
0
0.0010416751
-0.011939121
-0.0065391134
-0.0010489301
-0.0091456335
-0.00089179646
-0.0052526701
-0.0025545155
0.0091570668
0
0
0.0020139348
0.017664131
0
0.0023749335
0
0.0030853083
-0.017033986
0.0052044938
-0.0030679832
-0.012883602
-0.0020289889
0.0043134853
0.002033977
0.012889968
0
0
-5.8033865e-09
0.010626726
-0.010626742
-0.008818179
-0.0071168638
5.6937181e-09
-0.0083668155
0.0083668038
0.0025465682
0.01545826
0.0088181934
-0.01332226
-0.010537723
-0.0025059292
0.0071168753
0.011984124
-5.7055649e-09
0.0046630637
0.0011172213
-0.0046630699
-0.0029718934
-0.0040148282
0
7.4386874e-09
0
0
-0.0013011636
0
0.0025670359
0.0066093789
0.0031926612
0.0040148329
0.0024710701
-0.005880749
0
-0.0027601826
0
0
-0.0035479854
0
0.00098026046
0.0047567928
0
-0.0014780132
0
-0.0049982496
0
-0.0012641432
0
0
0
0
0.0021566098
0.0066606987
0
0.0011915851
0
-0.0069696176
0
-0.0025589428
0
0
0
0
0
0.011050266
0.015546659
0
0
0
0.0013151913
0
0
0.015515506
-0.010898711
0
0.0010613622
-0.010250793
-0.019803989
-0.0057922558
-5.6242592e-05
0.00067274631
0.02375039
0
0
0
0.016290914
0.020591793
0
0
0
-0.0019675052
0
0
0.024078676
-0.014654911
0
-0.0021651583
-0.016336058
-0.026112207
-0.0089202811
-0.0015248767
-0.0015450296
0.030967045
0
0
0
0.014807177
0.0084356478
0
-0.00011333497
0
0.0093769827
-0.0064956624
0
-0.0020838722
-0.0071706846
-0.01302113
-0.010747992
-0.0056415637
-0.0022066486
0.016113115
0
0.025516297
0.01191221
0
-0.0013116414
0
0.021233417
-0.009931178
0
0.00048183665
-0.01648016
-0.018773235
-0.018873887
0.0032018799
9.7670248e-05
0.021960498
0.0083115713
0.021185942
0.0075714094
-0.0047098125
-0.0018333752
0.0057427178
-0.017815226
-0.0090178403
-0.004966807
-0.019790038
-0.0071150857
-0.010983699
-0.0064399873
0.022775592
-0.0065290992
-0.0032088048
0.014848969
0.028062296
0.012300325
0.0023546237
0.0001000567
0.01341424
-0.024578685
0.0062455612
-0.011752325
-0.026453185
-0.012841988
0.0082237669
0.0041097376
0.02950857
-0.010673531
0.0015012564
0.0043439706
0.027416561
0
-0.00035375331
0
-0.024549936
-0.025379995
-0.00383403
-0.0011803815
0.027137754
0
0
0.006784936
0.035178117
0
-0.00058206594
0
-0.031756997
-0.032299362
-0.0060104164
0.00026050781
0.034359269
0
0
0
0.022269124
0.026341473
0
0
0
0.002691847
0
0
0.033955819
-0.019153829
0
0.0034655286
-0.022890979
-0.033106582
-0.01223168
0.0030323721
0.0023067514
0.038654861
0
0
0
0.029665117
0.03456234
0
0
0
-0.0041254792
0
0
0.046801285
-0.026993958
0
-0.0066050265
-0.027568461
-0.040608966
-0.014647613
-0.0045146277
-0.0029339283
0.046384973
0
0
0
0.037973099
0.016318871
0
0.0030562059
0
0.035023247
-0.014440856
0
0.0014679179
-0.026756178
-0.025769589
-0.027721123
-0.0007246099
0.0020095822
0.028764684
0
0.054279399
0.024542985
0
-0.0073395037
0
0.052606646
-0.023157928
0
-0.0060519565
-0.034645359
-0.033908889
-0.034191855
-0.0020537117
-0.0043012738
0.036473518
0.021965368
0.035300932
0.017398948
-0.00019781653
0.0014301132
0.021930189
-0.03195343
-0.0036443133
-0.019540067
-0.033329666
-0.019273012
-0.0056107401
-0.0019508529
0.036244293
-0.015273921
4.3392942e-05
0.028474244
0.042364309
0.022104501
-0.0018223665
-0.0027743528
0.029828042
-0.039405882
0.0010970106
-0.027186564
-0.039743525
-0.025507154
0.0031260551
-2.1833632e-05
0.042313863
-0.019720723
-0.0013932546
0.0094237326
0.042945335
0
0.0013699498
0
-0.039107296
-0.039058532
-0.0084197678
0.00055076626
0.041344795
0
0
0.011927566
0.050017073
0
-0.0020046675
0
-0.046005404
-0.044966936
-0.010762563
-0.00122655
0.047355066
0
0
0
8.8062165e-09
0.0047901578
0
-0.00479016
0
-0.012224975
-0.003162966
0
-0.0082651433
0.0097813349
-0.0077071469
-4.7938518e-09
-0.01605874
-0.010266088
0.01026608
0
0.012225
0.0082651427
0
0.003162966
0
1.9198373e-08
-0.0067369133
0
0.0067369096
-1.1702204e-08
-0.013581244
-0.0097813481
0.013581245
0.0077071503
0.016058734
0
-0.026284557
0.0012706115
0
-0.012920435
0
0.0028018837
-0.0022641547
0.020745269
-0.023341378
0.0051312401
0
-0.01370073
0.0051041793
0
0.011557637
0
-0.0021651664
-0.0084847799
0.011134016
0.021129922
0.011133776
-0.017515072
0.0088517452
-0.008172017
-0.029053065
-0.021424017
-0.0060024466
-0.0080390261
0.015919849
-0.030499513
0.010879588
0.0072828887
-0.023399498
-0.0097039736
0.015647862
5.5681017e-09
0.026356247
0.018491252
-0.012702085
-0.014453675
0.0090254888
0.027732589
0.01747887
2.1646295e-09
0.020424629
-3.9076169e-11
0.014645381
-0.014645395
-0.011679173
-0.013757249
4.9713798e-09
-0.016734175
0.016734159
0.0081720187
0.021424005
0.011679182
-0.018491247
-0.020424619
-0.0072828802
0.01375726
0.023399482
0
0.026284588
0.012920435
0
-0.0012706087
0
0.013700779
-0.011557643
0
-0.0051041714
-0.011134045
-0.021129926
-0.020745284
-0.011133771
-0.0051312386
0.023341372
0
0.043130851
0.022121809
0
-0.0028018914
0
0.028291333
-0.021081113
0
0.0021651516
-0.020757595
-0.030066296
-0.02966945
0.0084847673
0.0022641519
0.031925225
0
3.4694837e-08
0.010222423
0
-0.010222412
0
-0.0085985002
-0.016531743
-1.9372569e-08
-0.018923197
0.018923209
0
0.011701585
0.019867913
0
0.0085984769
0
-0.018621049
-0.025757681
-0.010114229
0.016531723
0.028067301
9.7690284e-09
0.023654785
0.0097039849
-0.023654779
-0.01564786
-0.020738269
-0.021841515
-2.5459673e-09
-0.024897582
0.024897582
-0.0090254871
-0.017478873
0.0099007098
0.032162157
0.019268238
0.020738256
0.012702078
-0.02932137
-0.029393922
-0.0096866467
0.021841507
0.032357429
-0.018376225
0.014453674
0.017515075
0.029053054
-0.0088517494
-0.026356244
-0.027732582
-0.015919841
-0.010879596
0.030499499
0.02642148
0.036953833
0.0060024476
-0.034633795
-0.034938903
-0.024598408
0.0080390304
0.037330177
-9.4410632e-09
0.016041336
0.00461006
-0.016041351
-0.010927448
-0.0068375994
-0.01340573
-0.021819922
0.0066703942
-0.01066044
1.1833105e-08
-0.016943539
-0.01265177
0.012651757
-0.0044900363
-0.0087947155
0.0068375818
0.021819906
0.010961122
0.013405743
0.0084800361
-8.0884787e-09
-0.019189305
0.019189316
1.1999799e-08
-0.014976349
-0.006670368
0.01497636
0.01066045
0.016943525
-0.010676188
0.0069288651
-0.015103745
0.010779307
-0.027776988
-0.0081613814
-0.0065304319
0.014816199
-0.021284974
0.0086092053
-0.0086691827
0.016499669
0.02533677
-0.01370854
-0.010695904
0.0085647955
0.019485537
0.012893069
-0.014968378
0.0047839566
-0.0067162702
-0.011720458
-0.0093835759
-0.0035817561
0
0.015586421
0
0
0.0069784026
0
-0.0086973527
0.0071458659
-1.6339704e-08
0.010765809
0.0083150358
-0.0058914065
0
0.0090971783
0
0
1.9853971e-08
0
-1.532596e-08
0.0070515194
0.0045289883
-0.0070515265
-0.0049413041
-0.0059510905
0
1.7546699e-08
0
0
-0.0047346197
0
0.0067162385
0.0093835666
0.010747174
0.005951097
0.0038952921
-0.008315029
0
-0.0069783656
0
0
-0.011182427
0
0.015103727
0.027776974
0.018370964
-0.010779316
-0.006092257
0.0086691693
-0.025336761
-0.016499676
-0.0085647715
-0.01948553
-0.014816174
-0.012893076
-0.0086092146
0.021284961
-0.017949951
-0.0050484452
0.023671401
0.033268082
0.025873679
0.0081613898
0.0037957995
0.01793143
-0.031179118
0.013708544
-0.017894607
-0.02368009
-0.023414428
0.01069591
0.0065304403
0.02518537
-0.025436523
0.0032060675
-4.496165e-09
0.022754436
-0.022754439
-0.019941315
-0.015316058
9.3801339e-09
-0.017507409
0.017507405
0.0096016883
0.028854596
0.019941314
-0.026160908
-0.019867472
-0.009685904
0.015316059
0.021932145
-1.3583513e-08
0.0096750813
0.0086973213
-0.009675085
-0.0071458704
-0.0084423469
0
1.738039e-08
0
0
-0.0090971401
0
0.010004302
0.012082869
0.018315665
0.0084423488
0.00589141
-0.010944358
0
-0.01063393
0
0
-0.019296225
0
0.014968345
0.011720451
0.01808685
-0.0047839631
-0.0028118035
-0.010765803
0
-0.015586382
0
0
-0.018802526
0
0.023796412
0.01379051
0.025726999
0.0035817621
0.0017321597
-0.013021545
0
-0.024901719
0
0
-0.02680487
0
0.0036622576
0.023422774
0
-0.0015527951
0
0.006141345
-0.022657593
-0.0036960372
-0.0060561477
-0.016968199
-0.0036484768
-0.0031892583
-0.0014137046
0.016976904
0
0
0.0057236595
0.02937787
0
0.00072608342
0
0.010029174
-0.028488256
0.0021713338
-0.0098423728
-0.021156263
-0.0056603438
0.0020042046
0.00076288633
0.021177161
0
0
0.0066257026
0.020913661
-0.0067797159
-0.01860635
-0.014492611
-0.0064823949
-0.005615041
0.016017082
0.011978103
0.026679082
0.0047077872
-0.024363433
-0.018737762
-0.011690971
0.0040210915
0.020221773
0.0065780739
0.008765619
0.0062092954
-0.0031908151
-0.0018431651
-0.0080237185
0
-0.0069541019
0
0
-0.0067077556
0
0.011802336
0.01099743
0.0099984106
0.0022849463
0.001159493
-0.010307022
0
-0.012355421
0
0
-0.010611804
0
0.0037939861
0.0087524797
0
-0.00083766981
0
-0.009114165
0
-0.0042822976
0
0
0
0
0.0058022851
0.010906487
0
0.00045458824
0
-0.011300875
0
-0.0063422632
0
0
0
0
0.0080145778
0.035023808
0
4.1024992e-05
0
0.014383498
-0.034036063
-0.00073612926
-0.014090593
-0.025077879
-0.0078920875
-0.00084681603
-0.00013280982
0.025120543
0
0
0.010272723
0.039727364
0
-0.00071433723
0
0.018684364
-0.038686447
-0.00055797759
-0.018324718
-0.028279075
-0.010100205
-0.00022903204
-0.00044332104
0.028350546
0
0
0.018068733
0.032273115
-0.0027240574
-0.030112807
-0.022895192
-0.017647936
-0.0024428605
0.02422571
0.024137719
0.037084339
0.00087884691
-0.035231661
-0.026491605
-0.023663595
0.00094065624
0.027568878
0.017784216
0.013099557
0.014240331
-0.0013633953
-0.00047271373
-0.012519462
0
-0.018525883
0
0
-0.014949629
0
0.023875379
0.014821621
0.018486284
0.00046933989
-0.00018051826
-0.014400599
0
-0.024840557
0
0
-0.01928769
0
0.0080159075
0.012928343
0
-7.1983153e-05
0
-0.013329824
0
-0.0085759509
0
0
0
0
0.010204739
0.014579279
0
-0.00028817337
0
-0.014957975
0
-0.010760257
0
0
0
0
0.033438913
0.013585936
0.043559483
0
0
0.023978292
0.0048313862
0
-0.028741324
0.023218354
-0.038038271
0.039336306
0.010175455
-0.029388551
-0.047969301
-0.016560188
0.0062461676
0.0036548807
0.053472133
0
0
0.048271523
0.01332233
0.054283005
0
0
-0.010635647
-0.0082931837
0
-0.043581201
0.023068259
-0.049365007
-0.019332689
-0.015408206
-0.025692254
-0.053738625
-0.014455418
-0.0078067271
-0.0040910101
0.058228419
0
0
0.026786032
0.028312995
0.035445261
0.046365719
0.012641247
-0.025594511
0.029221103
-0.03416874
0.044974707
0.011882525
-0.038241234
-0.04238102
-0.036699589
0.0054730772
0.0071150532
0.044494944
0.040653629
0.028975903
0.046430613
-0.023651612
-0.019035451
-0.038720744
0.031098485
-0.044660668
-0.023133676
-0.018319403
-0.03539642
-0.049038142
-0.032751278
-0.0085331765
-0.009585566
0.050831859
0.032802961
0.048369079
0.025324168
0.0037901121
0.0039911925
0.035297761
-0.045979722
0.001504543
-0.033411605
-0.044838262
-0.030511078
-0.00069941267
0.001855879
0.04690108
-0.023297785
0.0025760996
0.034282283
0.052176697
0.026422779
-0.0057081713
-0.0051157972
0.03755973
-0.050383587
-0.004100412
-0.037108061
-0.047673952
-0.033339578
-0.00170836
-0.0035964881
0.049134712
-0.025326686
-0.0036399319
0.013692443
0.055446851
0
0.0025094105
0
-0.051584194
-0.049211992
-0.012686676
0.0017803824
0.0515456
0
0
0.014559243
0.058201323
0
-0.0029595642
0
-0.054754459
-0.050968416
-0.013804873
-0.002242007
0.053083202
0
0
0.054863367
0.01294168
0.058269083
0
0
0.0073527775
0.0061556087
0
-0.050430483
0.022750032
-0.054063177
0.013396609
0.011541026
-0.024474869
-0.055753589
-0.013743709
0.0087324339
0.0046265063
0.059422556
0
0
0.053913472
0.011971096
0.055740254
0
0
-0.0053215554
-0.0049138203
0
-0.050068585
0.021195602
-0.052275076
-0.0099175927
-0.0092798025
-0.022375874
-0.052452409
-0.012515108
-0.0080820187
-0.0042526619
0.055337975
0
0
0.047455918
0.029101761
0.051314437
0.01661901
0.014451141
-0.045363788
0.031986059
-0.049506277
0.016256961
0.013987144
-0.034875952
-0.051800796
-0.031583765
0.010222348
0.010896189
0.05333698
0.047450467
0.027400978
0.049997474
-0.012500477
-0.011772817
-0.045597719
0.03053368
-0.048481703
-0.012321476
-0.011557643
-0.032600649
-0.049471078
-0.029127026
-0.0099894092
-0.010270718
0.050609643
0.033063328
0.052555309
0.025323351
0.007306635
0.0060528395
0.03683135
-0.051314204
0.0063381171
-0.037741478
-0.04741817
-0.033529168
0.0040631643
0.0052526947
0.048272951
-0.025397166
0.0046158708
0.030336125
0.048702856
0.023106458
-0.0084594732
-0.0067227428
0.034176599
-0.047969354
-0.0080681133
-0.035265899
-0.043576837
-0.031055061
-0.0063242772
-0.0068184461
0.043888059
-0.023443622
-0.0055359664
0.014015896
0.057281867
0
0.0032937309
0
-0.054482333
-0.049555506
-0.013903949
0.0026499076
0.051324706
0
0
0.012789888
0.052164009
0
-0.0035780146
0
-0.050022311
-0.044635205
-0.01285317
-0.0030274486
0.045973778
0
0
0.024668151
0.026489128
0.033253854
0.036085516
0.007965814
-0.023727735
0.021087382
-0.032229349
0.021728115
0.001419306
-0.027200883
-0.039251946
-0.03464678
-0.0053168474
0.0012361677
0.040818355
0.037178554
0.029835397
0.043325682
-0.018049851
-0.013371998
-0.035702111
0.025882718
-0.04193555
-0.0094085771
-0.0049888238
-0.029310804
-0.046294495
-0.033977693
0.0022335895
-0.0044692042
0.047706134
0.022642852
0.014401761
0.030818419
0.0050345852
-0.006987299
-0.022093233
0.0072128358
-0.02903052
-0.00851987
-0.017008969
-0.0083439572
-0.034957399
-0.017755559
-0.023090971
-0.01369061
0.0373478
0.034210785
0.020079107
0.040227533
0.0010803389
0.0054557559
-0.032766513
0.013279511
-0.038206022
0.012021293
0.016174765
-0.014701064
-0.041977049
-0.022514444
0.020105107
0.01078733
0.044438809
0.018322315
0.03996044
0.02688178
-0.017468783
-0.0095085999
0.0089030692
-0.037213409
-0.025980972
-0.0091760866
-0.03607392
-0.018502809
-0.025926233
-0.018441017
0.03884079
-0.02654065
-0.01123783
0.024277612
0.045579486
0.031595821
0.013863297
0.0061184174
0.015801252
-0.042993484
0.02218936
-0.016547859
-0.040757727
-0.025136896
0.021943839
0.014675934
0.043228882
-0.032230516
0.0078029397
0.033013301
0.044058673
-0.0030029516
-0.042167196
-0.041068014
-0.031885285
-0.0051427142
0.042975103
0.0364133
0.048976532
-7.918436e-05
-0.047498361
-0.045035475
-0.036557436
0.0021599204
0.046411847
0.043683864
0.031669884
0.0480964
0.01232283
0.010035861
-0.042097591
0.028667662
-0.046659715
0.0054600053
0.0031435877
-0.03124188
-0.049368826
-0.034570936
4.4587298e-05
0.0064803309
0.050634895
0.044111082
0.030774361
0.047294034
-0.0092143426
-0.0084020573
-0.0426964
0.028523421
-0.046073233
-0.0035550638
-0.0026490313
-0.030549146
-0.047645976
-0.032934828
-0.0014167462
-0.0069500577
0.048615659
0.040446638
0.023673702
0.044942613
-0.0032596797
-0.005631447
-0.03868205
0.017485939
-0.042840526
-0.012578246
-0.015014435
-0.018896743
-0.045365443
-0.025703847
-0.017082216
-0.008213462
0.047667194
0.04116922
0.024362675
0.044571764
0.0038637664
0.0049044153
-0.039429819
0.018998189
-0.04265691
0.011997567
0.013172589
-0.020326441
-0.044288389
-0.026085541
0.013892571
0.0058785431
0.046261716
0.027423288
0.047706661
0.033297865
-0.010160238
-0.0028355917
0.020144902
-0.045408068
-0.018107786
-0.021209977
-0.042473649
-0.02875365
-0.01755767
-0.010637251
0.04454945
-0.034707347
-0.0042295447
0.02760175
0.04561499
0.032270968
0.0064993552
-0.00019290559
0.021525345
-0.043745435
0.013889223
-0.022654774
-0.040604787
-0.028956941
0.012929587
0.0064550574
0.042201623
-0.033710503
0.00061778583
0.036726529
0.050368939
0.0028825724
-0.049286268
-0.045892408
-0.037984896
0.00084640757
0.046739238
0.034687357
0.04745887
-0.0052528143
-0.046782858
-0.043062807
-0.036035894
-0.0038043809
0.043415721
0.031244379
0.037544381
0.032345568
-0.0055114418
-0.0015704474
0.02637747
-0.035926275
-0.010753932
-0.026651461
-0.026990243
-0.031252998
-0.008363962
-0.0044219178
0.028103785
-0.032098757
-0.001414441
0.036588848
0.039853252
0.036703957
0.0027939323
-0.00061858006
0.032671533
-0.038772697
0.0076024018
-0.033483872
-0.028861819
-0.037105093
0.0058834514
0.0022726557
0.029524895
-0.036883086
-0.00033375293
0.018667815
0.033978492
-0.016816038
0.0093982377
-0.031529011
-0.023000827
-0.0097248792
-0.023745548
-0.019079653
-0.017425031
-0.012870245
0.025574828
0.025808702
0.037282704
0.013349466
0.017193656
-0.035183243
0.019353989
-0.018034699
-0.026344984
-0.026753854
0.014589307
0.010154751
0.027849871
0.019936556
0.014047549
0.027559871
-0.0070551251
-0.0045529419
0.010283257
-0.013068557
-0.0095787558
-0.011196433
0
-0.021436971
0
0
0
-0.029319252
0
0.028340705
0.01525783
0.035067806
0.0055113842
0.0031323653
0.019345947
-0.014490901
0.007980126
-0.021397007
0
-0.030910267
0
0
0
-0.037778218
0
0.032036769
0.015301437
0.032679382
-0.0023572838
-0.00067718184
-0.014773541
0
-0.03378223
0
0
-0.03422465
0
0.038469769
0.015982552
0.037911302
0.0011161303
-0.00034435161
-0.01572911
0
-0.040998562
0
0
-0.040032967
0
0.038767351
0.039574965
0.038125341
-5.6838384e-06
0.0027943703
0.035786406
-0.039042917
-0.0042723833
-0.037232866
-0.028848151
-0.039920188
-0.0032632825
-7.7887626e-05
0.029047845
-0.038883845
0.0020525509
0.037280473
0.036364081
0.03618619
-0.002852969
-0.0049875058
0.035143366
-0.036335767
0.00080180013
-0.037096077
-0.026696091
-0.038976914
0.00052057634
-0.0021730499
0.026469676
-0.037479752
-0.0037721918
0.029935353
0.03805118
-0.0095837293
0.022270217
-0.03638429
-0.015286835
-0.023670366
-0.027154379
-0.031479388
-0.011402738
-0.0071945944
0.028272693
0.030397969
0.035837472
0.0055987871
0.023927711
-0.034651926
0.010924515
-0.025740541
-0.025841459
-0.032395601
0.0079509072
0.0040400306
0.026546214
0.033883507
0.015460796
0.039596506
-0.0038286006
-0.0016407319
0.02580989
-0.014940626
-0.0061727226
-0.029099669
0
-0.037618717
0
0
0
-0.043353414
0
0.035532706
0.014505016
0.040187067
0.002038231
9.305865e-05
0.02860451
-0.014243529
0.00420564
-0.033058159
0
-0.040378564
0
0
0
-0.044963946
0
0.041985428
0.015630458
0.04048494
0.00013582043
0.0013298309
-0.015658599
0
-0.045390658
0
0
-0.043267274
0
0.041730297
0.014150087
0.039681048
-0.0013970452
-0.0022865523
-0.014437646
0
-0.046016675
0
0
-0.043155013
0
0.012179908
0.042803391
0
0.0012870404
0
0.022312363
-0.041769473
0.0017056836
-0.021978556
-0.030281709
-0.011994305
0.0011999682
0.00094918111
0.030385154
0
0
0.013412675
0.043621315
0
-0.0017722024
0
0.024646026
-0.042660807
-0.0027308564
-0.024470131
-0.03065897
-0.013273419
-0.0020650459
-0.0013816545
0.030792678
0
0
0.029290828
0.040433608
0.00083195449
-0.039011834
-0.029014974
-0.028919313
0.00046374079
0.029761934
0.032653287
0.041672386
-0.0024398907
-0.040757179
-0.029989517
-0.032578694
-0.0017733605
0.030361091
0.029300509
0.015902482
0.022202712
0.00037287678
0.00077766839
-0.01567498
0
-0.030546405
0
0
-0.023110451
0
0.033251732
0.016111402
0.024835202
-0.001152331
-0.0013074009
-0.016093857
0
-0.034848344
0
0
-0.025879806
0
0.012096402
0.015608945
0
0.00061108208
0
-0.015933305
0
-0.01263367
0
0
0
0
0.013408678
0.015794666
0
-0.00088802744
0
-0.016035299
0
-0.01392712
0
0
0
0
0.013694567
0.041727559
0
0.0021924588
0
0.025187092
-0.040904762
0.0036703057
-0.025289704
-0.029117476
-0.01367185
0.002838599
0.0017474066
0.029273463
0
0
0.012867252
0.036964282
0
-0.002582487
0
0.023655055
-0.03633151
-0.0045761156
-0.024079427
-0.025573269
-0.012998633
-0.0035538411
-0.0020639284
0.025733925
0
0
0.033540517
0.04030485
0.0039800978
-0.039913208
-0.029061206
-0.033917888
0.0030057738
0.029051668
0.031597718
0.036115047
-0.0055040695
-0.036198336
-0.026078591
-0.032434965
-0.0041990318
0.025725607
0.03499667
0.015291049
0.025882517
0.0018673452
0.0017670996
-0.015479467
0
-0.037010411
0
0
-0.027104502
0
0.033975425
0.013395782
0.024963118
-0.0025283133
-0.0021646287
-0.013764631
0
-0.036451329
0
0
-0.026405726
0
0.013887198
0.014982032
0
0.0011153614
0
-0.015116803
0
-0.014399751
0
0
0
0
0.013340036
0.013120432
0
-0.0012953975
0
-0.013140854
0
-0.013872618
0
0
0
0
0.046371552
0.010092678
0.047220185
0
0
0.0040858468
0.0041247381
0
-0.043347817
0.017956779
-0.044590378
0.0078641023
0.0079655371
-0.018781535
-0.044033845
-0.010469617
0.0077230886
0.0040045341
0.046141308
0
0
0.033597826
0.0073376296
0.033898301
0
0
-0.003427833
-0.0037820584
0
-0.031555787
0.013101552
-0.032169176
-0.0068595786
-0.0074919861
-0.013644519
-0.031447523
-0.0075834837
-0.0078843563
-0.0040206985
0.032784266
0
0
0.04133698
0.023368428
0.042927552
0.010172263
0.010347051
-0.03995133
0.026262265
-0.041871033
0.010247592
0.010469942
-0.02776109
-0.042116019
-0.024593398
0.010227359
0.010059076
0.042794921
0.030266674
0.017125318
0.031160819
-0.009171589
-0.010013544
-0.029430563
0.019347307
-0.03059025
-0.0095760991
-0.010545125
-0.020357667
-0.03050541
-0.017939943
-0.011212173
-0.010540927
0.03077154
0.025491767
0.040573085
0.019328135
0.0093805592
0.0072088251
0.028939062
-0.040296891
0.0095751865
-0.029876197
-0.036167749
-0.026144033
0.0086024475
0.008406316
0.036050245
-0.019674024
0.0064932531
0.018535873
0.028880977
0.014005113
-0.010664349
-0.0079744106
0.021146454
-0.02893789
-0.011465409
-0.021790582
-0.025744014
-0.018987556
-0.011147897
-0.010257318
0.02537723
-0.014249599
-0.0076672389
0.01068043
0.042837834
0
0.003768343
0
-0.041337936
-0.036340124
-0.010782232
0.0034447231
0.037233693
0
0
0.0077218007
0.030096741
0
-0.004109651
0
-0.029196294
-0.025344613
-0.0077976264
-0.0039909068
0.025827914
0
0
0.017418325
0.0038865891
0.017474261
0
0
0.0033095923
0.0038872068
0
-0.016425146
0.0069590684
-0.016652102
0.0068071472
0.0078252319
-0.0072405983
-0.016169238
-0.0040141626
0.0086632607
0.004377081
0.016781958
0
0
0
0
0
0
0
-0.0037648709
-0.0044884616
0
0
0
0
-0.0077305535
-0.0090121053
0
0
0
-0.010145478
-0.0051398706
0
0
0
0.015848152
0.0091224915
0.016233771
0.0093567066
0.010693238
-0.015512719
0.01033563
-0.016051958
0.010137623
0.011666309
-0.010862288
-0.015928056
-0.0095452947
0.012987085
0.011799652
0.015935253
0
0
0
-0.010718357
-0.012401356
0
0
0
-0.011881668
-0.013801981
0
0
0
-0.015567304
-0.013899721
0
0.0098473005
0.014849443
0.0074225969
0.01251641
0.0092007944
0.011264356
-0.015026849
0.01391473
-0.011577668
-0.013280402
-0.010064148
0.014178598
0.012612663
0.012925874
-0.007537282
0.009261751
0
0
0
-0.015038964
-0.010997976
0
0
-0.016977182
0
0
0
-0.017743382
-0.015570302
0
0
-0.011378905
0.0040832949
0.015269035
0
0.0047101937
0
-0.014885944
-0.012773472
-0.0041161599
0.0047835367
0.012938909
0
0
0
0
0
-0.0056431645
0
0
0
0
-0.0058871327
0
0
0
0.038857951
0.026755057
0.041065982
0.0078126103
0.0080235041
-0.037799772
0.025146321
-0.040211133
0.0030720714
0.0032000288
-0.026714558
-0.041057901
-0.028367065
0.0032201418
0.0078951569
0.041646588
0.028795962
0.01983366
0.030190657
-0.0077156069
-0.0087151522
-0.02816571
0.018783881
-0.029734981
-0.0036836194
-0.0046156853
-0.019885159
-0.03015135
-0.020939947
-0.0055495203
-0.0095226651
0.03038134
0.036599995
0.02189503
0.039086565
-0.0033597227
-0.0033739157
-0.035152016
0.017576167
-0.037560122
-0.010577275
-0.010762555
-0.018721224
-0.038587846
-0.023292944
-0.010455359
-0.0032022931
0.040092079
0.027398412
0.016518026
0.029052463
0.0020206376
0.0012384677
-0.026405117
0.013446427
-0.028035761
0.0085881204
0.0080085536
-0.014305185
-0.028652185
-0.017528584
0.0069182647
0.00020717327
0.029617768
0.02452599
0.039190355
0.02805975
-0.0028072588
0.0031621352
0.019752576
-0.037833965
-0.0096008163
-0.020750307
-0.034983362
-0.025680936
-0.0082117699
-0.0021920547
0.03606368
-0.029267972
0.0030504104
0.018408791
0.028825386
0.020818555
-0.00097425346
-0.00636669
0.015069981
-0.027999678
0.0053863298
-0.015799883
-0.025871066
-0.019227808
0.0035850246
-0.0021133853
0.026467828
-0.021658853
-0.0068714483
0.029699184
0.040187237
0.0074648892
-0.039912027
-0.036471704
-0.030833601
0.0067926794
0.036412109
0.021845134
0.029111714
-0.010015214
-0.029146527
-0.02652643
-0.022626175
-0.010010551
0.026210396
0.015278467
0.010624891
0.015956267
0.0087392727
0.010328346
-0.015034541
0.010089412
-0.01581895
0.0051902661
0.006713141
-0.010674925
-0.015992111
-0.01120617
0.0083072028
0.011813297
0.015993963
0
0
0
-0.010786235
-0.012775432
0
0
0
-0.0074410549
-0.0093403617
0
0
0
-0.0113558
-0.014713058
0
0.014699607
0.008895599
0.015542459
-7.3443381e-05
0.0012767743
-0.014221355
0.0072613405
-0.015064026
-0.0062934813
-0.0051891476
-0.0077348717
-0.015370939
-0.0094414773
-0.0035565351
0.00292018
0.015809384
0
0
0
-0.0022710447
-0.003948486
0
0
0
0.0039648682
0.0025997869
0
0
0
0.00068889723
-0.005951423
0
0.0099095026
0.015369452
0.011161831
0.0046933439
0.0097856517
0.0081521293
-0.015017882
-0.0015251559
-0.0085360754
-0.01390322
-0.010327948
0.00065548431
0.0063140339
0.01412059
-0.011582195
0.010850576
0
0
0
-0.0081056793
-0.013288322
0
0
-0.0016285599
0
0
0
-0.0040993811
-0.010122938
0
0
-0.014829981
0.011671899
0.015267672
0.012999421
-0.015423724
-0.014018569
-0.012056582
0.013592856
0.013694263
0
0
-0.016390413
0
0
0
-0.017499229
0
0.032065247
0.030245743
0.030857833
0.0058565995
0.0073069152
0.030628915
-0.030613261
0.0028282035
-0.032722747
-0.0224014
-0.033965979
0.0023729975
0.0045500555
0.02184349
-0.032406535
0.0055866089
0.023521438
0.021633368
0.022518388
-0.0092251422
-0.010015544
0.022639971
-0.022204345
-0.0067516694
-0.024284416
-0.016212812
-0.025045567
-0.0055890161
-0.0072873857
0.015494737
-0.023799194
-0.0077559283
0.027028028
0.030545249
-0.0014473356
0.02194997
-0.029838543
-0.0063989003
-0.023839951
-0.022301705
-0.029118115
-0.0043215428
-0.00071725922
0.022612721
0.02020131
0.022422918
-0.0028879947
0.016679809
-0.02212144
0.0018231952
-0.018144801
-0.016646924
-0.021823851
0.0005418728
-0.002854086
0.016647946
0.032677847
0.012366929
0.036269577
-0.00015967871
0.0015189957
0.027101542
-0.012347472
-0.0021298227
-0.032435419
0
-0.038395333
0
0
0
-0.041887678
0
0.025179253
0.0091482714
0.027689416
-0.0018611809
-0.0032958898
0.021186665
-0.0093159711
-5.202642e-05
-0.026866255
0
-0.031300219
0
0
0
-0.033774034
0
0.037195716
0.011582733
0.035070493
0.0026967212
0.0032551165
-0.012074531
0
-0.042253517
0
0
-0.039194227
0
0.028224848
0.008115989
0.02650764
-0.0041651878
-0.0043752959
-0.0087134239
0
-0.033791518
0
0
-0.031137069
0
0.012477919
0.011251222
0.011916403
0.013150509
0.013379103
0.01204978
-0.011731396
0.011039705
-0.01284533
-0.0085715478
-0.01321623
0.009647179
0.011011633
0.0079922468
-0.012540006
0.010937116
0
0
0
-0.017582887
-0.017447291
0
0
-0.015512404
0
0
0
-0.014594268
-0.015932145
0
0
-0.01545287
0.010799862
0.011999571
0.0073280993
0.0089732959
-0.011953144
0.002566094
-0.0096906272
-0.0091068964
-0.011587178
0.0035383776
0.0070267257
0.0089761782
0
0
-0.011549965
0
0
-0.0063098115
0
0
0
-0.007584142
-0.011657301
0
0.013364225
0.005024407
0.014671897
0.0043268369
0.0056331566
0.011287156
-0.0052623237
0.0025207258
-0.016337328
0
-0.018967786
0
0
0
-0.020414112
0
0
0
0
-0.0091132678
-0.010733971
0
0
-0.0066863767
0
0
0
0
0
0
0
0
0.014950455
0.0040783845
0.014050209
0.0062486456
0.0060932759
-0.0046039576
0
-0.020379101
0
0
-0.018735682
0
0
0
0
-0.01128489
-0.010660028
0
0
0
0
0
0
0
0.010894281
0.029558128
0
0.0030025555
0
0.020023641
-0.029153098
0.0055532919
-0.020677169
-0.020211683
-0.011163905
0.0042886639
0.0023725906
0.020345325
0
0
0.0079040138
0.020179976
0
-0.0035753129
0
0.014536487
-0.020007361
-0.0068113604
-0.015141881
-0.013536998
-0.008185638
-0.005233938
-0.0027745889
0.013596596
0
0
0.026807633
0.029260047
0.0071311285
-0.029703795
-0.021151816
-0.027913122
0.0054503397
0.020542049
0.019497499
0.020313597
-0.0091197101
-0.020926249
-0.0146808
-0.020453574
-0.0070052745
0.013965463
0.029854349
0.010520559
0.021851878
0.0031761556
0.0025307066
-0.011021438
0
-0.032805475
0
0
-0.023558719
0
0.022511858
0.0069242491
0.016462808
-0.0039377726
-0.00295777
-0.0074778289
0
-0.025902879
0
0
-0.018477344
0
0.011656259
0.010289601
0
0.001442105
0
-0.010209139
0
-0.012250611
0
0
0
0
0.0087940908
0.0067234836
0
-0.0015994972
0
-0.0065893826
0
-0.0095164939
0
0
0
0
0.0041615623
0.0099019525
0
0.0044519942
0
0.0076659734
-0.0098954597
0.0085936765
-0.0079690953
-0.0064403844
-0.0043079865
0.0068619657
0.0035353542
0.006404814
0
0
0
0
0
-0.0057142827
0
0
0
-0.011017188
0
0
0
-0.0095241772
-0.0049053856
0
0
0
0.010298283
0.01019525
0.011752788
-0.010691621
-0.0073597905
-0.01076832
0.0094684411
0.0068013731
0
0
-0.015137198
0
0
0
-0.013212278
0
0.011952096
0.0030739431
0.0087680793
0.0052063924
0.0037353776
-0.0035375799
0
-0.015543958
0
0
-0.011045201
0
0
0
0
-0.0089241424
-0.0063005169
0
0
0
0
0
0
0
0.0047177849
0.0028791078
0
0.0019108339
0
-0.0027846295
0
-0.005646489
0
0
0
0
0
0
0
-0.0031443965
0
0
0
0
0
0
0
0
0.02180074
1.0015469e-08
0.027552924
-0.021800689
-0.027552865
-0.021994995
-0.0063196773
-0.02586769
-0.031457019
-0.035895307
0.0068926217
-0.028814861
-1.4009062e-08
-0.038966331
-0.032052608
0.032052651
0.031457065
0.0063196878
0.035895355
0.021994935
0.02586763
-0.029991768
5.3288591e-09
-0.033342028
0.029991719
0.033341975
-8.3060486e-09
-0.035475615
-0.0068926409
0.035475563
0.02881481
0.038966377
0.021280309
-0.010941698
0.023680596
-0.036760276
-0.040345509
-0.019693607
-0.013194796
-0.020962198
-0.037426168
-0.040281229
0.014107973
-0.021442963
0.011773314
-0.041672216
-0.042433022
0.025272118
0.028157248
-0.0048709193
0.030417032
0.034616785
0.037451329
-0.025821718
-0.0076987618
-0.027110458
0.035126206
0.037458887
0.0082318847
-0.027377217
0.0052228244
0.038454616
0.038931111
0.031574423
-0.012527945
0.025506551
-0.0073797799
-0.04232633
-0.039669081
-0.01494723
-0.020880786
-0.041096896
0.015769226
-0.019092362
0.013225909
-0.038169763
-0.039559405
0.023994547
0.0077778209
-0.037512254
-0.0055481025
0.031184429
1.1359402e-08
0.038523652
0.035681692
-0.0087274148
-0.026383756
0.037716547
0.0092256099
-0.023970877
0.0058662451
0.034926216
0.035840896
0.028927386
-1.2572967e-08
0.033519411
1.4293826e-08
0.033837734
-0.033837697
-0.029881566
-0.028580674
-9.8567e-09
-0.032649937
0.032649966
0.0073798016
0.03966912
0.029881524
-0.035681737
-0.033519448
-0.007777842
0.028580641
0.037512286
0.036760316
0.010941704
0.040345552
-0.021280264
-0.023680546
-0.034616826
0.0048709278
-0.037451376
-0.028157203
-0.030416982
-0.0052228385
-0.038931157
-0.011773326
-0.031574373
-0.025272068
0.042433063
0.037426197
0.013194796
0.040281262
0.019693576
0.020962159
-0.03512624
0.0076987674
-0.037458923
0.025821684
0.027110416
-0.0082318947
-0.038454656
-0.014107979
0.027377171
0.021442922
0.04167225
0.03216046
5.6273078e-09
0.034181869
-0.03216042
-0.034181821
-0.029392694
-0.0031522572
-0.030623496
-0.032532867
-0.034255932
0.0033746896
-0.030717705
-8.6425818e-09
-0.034758899
-0.034967547
0.034967595
0.032532901
0.0031522664
0.034255972
0.029392659
0.030623454
-0.02971122
3.945541e-09
-0.030810515
0.029711189
0.030810476
-6.8117485e-09
-0.030790031
-0.0033747043
0.030789989
0.030717658
0.03475894
9.2799808e-09
0.03415638
0.0055481222
-0.034156335
-0.031184382
-0.0035831575
-0.029463891
-0.033758295
0.0037954236
-0.026717553
-1.2668607e-08
-0.031026504
-0.031474309
0.031474348
-0.0058662682
-0.028927347
0.0035831772
0.033758335
0.0087274307
0.029463846
0.026383711
9.5896492e-09
-0.029473176
0.029473135
-1.1803548e-08
-0.026733341
-0.0037954466
0.026733304
0.026717513
0.031026541
-0.0092256307
0.023970839
0.012527962
0.042326367
-0.025506508
-0.038523694
-0.035840934
-0.013225929
-0.023994513
0.039559436
0.01494724
0.04109693
0.020880747
-0.037716586
-0.03492625
-0.01576924
0.019092329
0.038169793
0.017521846
-0.012821251
0.017869589
-0.033403049
-0.03557953
-0.015028891
-0.010025285
-0.014668407
-0.025143587
-0.026640383
0.010699001
-0.013561815
0.013677206
-0.027202686
-0.036484422
0.01745357
0.023122368
-0.0082479216
0.023593257
0.031344349
0.033161003
-0.020319008
-0.0067025861
-0.020159211
0.023614143
0.024881361
0.0071844804
-0.019080453
0.0088189126
0.025293165
0.033814758
0.023102443
0.012513834
-0.0054316113
0.011687948
-0.013575276
-0.014357068
-0.010299109
0
-0.009286834
0
0
0
-0.007531055
0.0058132474
0
-0.0146454
0.010121957
0.017729714
-0.0036484081
0.017173961
0.012763629
0.01343068
-0.015708312
0
-0.015038499
0
0
0
-0.013481534
0.0039317084
0
0.013645891
0.015723055
-0.0061589121
0.0079073886
-0.01131103
-0.014330155
-0.026604897
0
-0.0051324178
0
0
-0.0022995553
0.0064851049
0
-0.013318341
0.0052497428
0.011906376
-0.024656461
-0.0041964775
0.013432936
-0.0076313027
0.013319003
0.02466495
0
-0.011101915
0
0
-0.0080612086
0.0044525961
0
0.012373256
0.01046123
0.0080723292
0.022838225
-0.014460547
0.016198622
-0.035765793
-0.01174507
-0.0093576108
0.015236157
-0.033134037
0.014111114
-0.0093486043
0.021560055
0.033020438
-0.017089048
-0.014286188
0.0098807169
0.030537425
0.018957238
0.026441287
-0.0043829599
0.026976241
-0.029012455
-0.030385823
-0.023551874
-0.0038604759
-0.023547365
-0.021859631
-0.02283038
0.0041658708
-0.022540928
0.0047041244
-0.023019253
-0.030697016
0.026452884
0.026814245
-0.0015880984
0.02734643
0.026500535
0.027402725
-0.024079623
-0.0017609423
-0.024169116
0.019967722
0.020614136
0.0019215438
-0.023279085
0.0017151944
0.020542861
0.027330458
0.026839652
0.021043234
-0.002118785
0.020715052
-0.011815099
-0.012328336
-0.01927425
0
-0.018893132
0
0
0
-0.017560116
0.0023088735
0
-0.012428241
0.019419542
0.021807322
-0.00098506988
0.021642023
0.010784664
0.01112585
-0.020332545
0
-0.020157392
0
0
0
-0.01905928
0.0010961201
0
0.011087289
0.020535252
-0.00249367
0.017184334
-0.0044561454
-0.012047516
-0.022288831
0
-0.015310565
0
0
-0.012262685
0.0026775787
0
-0.011130987
0.01412248
0.0047464839
-0.02052414
-0.0012099173
0.01849603
-0.0020793951
0.010624643
0.019663483
0
-0.01705374
0
0
-0.014223235
0.0013273853
0
0.0097061979
0.015601103
0.0022399684
0.017909022
-0.0050063108
0.024776581
-0.029736568
-0.020517719
-0.017543066
0.0053121408
-0.027330345
0.021922943
-0.0018370554
0.025205705
0.026148289
-0.021384129
-0.01852203
0.0019609465
0.023755889
0.02241157
-0.016190821
0.01130035
-0.016742779
-0.02838267
-0.032662089
-0.012629562
-0.0066722373
-0.021207417
0.013831857
-0.0040951499
0.017722785
-0.016115036
-0.02136069
0.0079240126
0.018175266
-0.024472643
-0.010544354
0.015381669
-0.009838467
0.026177717
0.029871261
-0.0086071693
-0.010892333
0.019678334
0.0094895149
-0.0072501102
0.011628205
0.0150324
0.019769981
0.010968564
0.010773129
0.022422537
-0.0068580412
0.0025116287
-0.011535086
0
0.00061152075
0
0
0.0030130612
0.0074578099
0
-0.0089020472
0.00028211734
-0.0047447348
0.007100764
0.010742971
0
-0.0046480737
0
0
-0.00134074
0.0052008168
0
0.0083478152
0.0038336344
-0.0087733364
-0.00048969473
-0.016348578
-0.0052642794
-0.0091454397
0
0.0038359665
0
0
0
0.012948531
0
0
0
0.021181015
0
-0.0061802652
0.0014489821
-0.011354993
0.0050096032
0.008611322
0
0.0010057223
0
0
0
0.0092946744
0
0
0
0.015065696
0
-0.020421178
0.0041176904
-0.020479225
-0.011940492
-0.013580178
-0.0018692582
0
0.024939617
0
0
0.024114052
0
-0.013591063
0.0058244134
-0.012320447
0.011121392
0.012493468
-0.0036076207
0
0.01698252
0
0
0.014819261
0
-0.0056930258
0.017946952
-0.0040624068
-0.023337001
-0.026403607
-0.0050941859
-0.013778808
-0.017625105
0.0056549185
-0.0094849856
0.0063217121
-0.013460226
-0.01760465
0.012943152
0.004484509
-0.019772611
-0.0021123536
0.018480528
1.3881086e-08
0.020080844
0.022494378
-0.0024284068
-0.014800894
0.015227759
0.0027175265
-0.010393949
0.0023599216
0.011539014
0.015031496
0.01345752
-1.5385153e-08
0.016697855
-0.0028859177
0.010454668
-0.0096313258
0
-0.0086375616
0
0
-0.0047980441
0.0031964372
0
-0.0074823201
0.0065440042
-0.001459784
0.012006694
0.0083088516
0
-0.010728707
0
0
-0.0068274666
0.0016445756
0
0.0063944045
0.0079629245
-0.0038376105
0.0029848027
-0.0068480825
-0.0045148193
-0.0077399419
0
-0.0013687473
0
0
0
0.0058640056
0
0
0
0.0093345973
0
-0.0019964465
0.0038636361
-0.0033243582
0.003833778
0.0066092633
0
-0.0029303919
0
0
0
0.0030652015
0
0
0
0.0046727356
0
-0.0075012002
0.0069704875
-0.0052121853
-0.0099231534
-0.011020206
-0.0048801514
0
0.0096278345
0
0
0.0064291355
0
-0.0028440825
0.0073377019
1.8101656e-08
0.0084356855
0.0092538228
-0.0054598972
0
0.0037714691
0
0
-2.1951699e-08
0
5.7164709e-09
0.028470185
-0.028470164
-0.0081631814
-0.024791444
-0.032360217
0.0086634355
-0.01859432
-2.8585698e-09
-0.024253955
-0.021423639
0.021423651
0.0081631986
0.032360242
0.024791419
1.2566707e-08
-0.02881236
0.02881233
-1.1390022e-08
-0.021562485
-0.008663447
0.021562465
0.018594304
0.024253971
-0.013984264
0.020584419
-0.033924959
-0.016017506
-0.011710099
0.015018848
-0.025389557
0.015316535
-0.0062365599
0.024651452
0.030676614
-0.020082708
-0.014744203
0.0067646927
0.022963184
0.01834302
-0.016605164
0.0083639938
-0.0094215357
-0.014032442
-0.013373406
-0.0063035089
0
0.019047155
0
0
0.010587237
0
-0.0075921719
0.010081034
9.3607198e-09
0.012718639
0.011891693
-0.008021608
0
0.00888239
0
0
-8.7497866e-09
0
-1.2140118e-09
0.011794782
-0.011794776
-0.010216416
0
3.5853825e-09
0
0
0.0094215436
0.013373414
0.010216409
-0.011891704
0
-0.01058724
0
0
0.013984281
0.033924985
-0.020584392
0.0062365871
-0.030676644
-0.02465142
-0.0067647193
-0.022963206
-0.015018863
-0.018342997
-0.015316518
0.025389575
0.016742794
0.032662112
0.016017481
0.0098384919
-0.029871289
0.020082677
-0.010773155
-0.022422555
-0.018175279
0.014744179
0.011710081
0.024472658
1.4173251e-08
0.026762935
-0.0267629
-0.022412884
-0.016535334
-1.6175362e-08
-0.01995573
0.019955755
0.0040624348
0.026403637
0.022412849
-0.022494409
-0.016697879
-0.0044845415
0.016535307
0.019772633
1.6820766e-08
0.011036771
0.0075921979
-0.011036758
-0.010081022
-0.0090766581
0
-1.8131112e-08
0
0
-0.0088824138
0
0.0052122208
0.011020217
0.012320473
0.0090766436
0.0080215949
-0.0092538373
0
-0.0064291735
0
0
-0.014819288
0
0.016605174
0.01403245
-0.0083639853
-0.012718649
0
-0.019047163
0
0
0.020479238
0.013580184
0.0063035003
-0.012493477
0
-0.024114063
0
0
0.03340307
0.012821246
0.035579554
-0.01752183
-0.017869563
-0.031344373
0.0082479229
-0.033161032
-0.023122346
-0.023593226
-0.0088189188
-0.03381479
-0.013677206
-0.023102404
-0.017453541
0.036484451
0.0251436
0.01002528
0.026640398
0.015028888
0.014668396
-0.023614158
0.0067025851
-0.024881379
0.020318998
0.020159191
-0.0071844819
-0.025293188
-0.010698998
0.019080426
0.013561797
0.027202706
0.02901248
0.0043829649
0.030385854
-0.026441261
-0.026976206
-0.02650056
0.0015881046
-0.027402755
-0.026814221
-0.027346396
-0.0017152063
-0.027330492
-0.0047041361
-0.026839612
-0.026452844
0.03069705
0.021859648
0.003860478
0.022830402
0.023551859
0.02354734
-0.019967739
0.001760945
-0.020614156
0.024079606
0.024169089
-0.0019215513
-0.020542885
-0.0041658778
0.02327905
0.022540894
0.023019275
0.0050063269
0.029736603
0.0093486161
-0.024776538
-0.021560015
0.0018370733
-0.026148323
-0.025205665
-0.0019609674
-0.02375592
-0.0053121622
-0.022411533
-0.021922904
0.027330375
-0.0098807337
-0.018957202
0.0044561561
0.022288854
0.0076313099
0.020517679
0.017089016
0.002079407
-0.019663507
0.021384091
-0.0022399844
-0.017909044
-0.0047464981
0.018521991
0.017543027
0.020524161
-0.0080723401
0.014286154
0.014460551
0.035765822
-0.01619859
-0.03302047
-0.030537454
-0.015236166
-0.014111085
0.033134062
0.01131103
0.026604918
0.011745047
-0.024664972
-0.022838242
-0.01190638
0.0093575864
0.024656476
0.013575282
0.0054316058
0.014357075
-0.012513844
-0.011687948
-0.012763637
0.003648407
-0.013430689
-0.017729714
-0.017173952
-0.003931709
-0.013645901
-0.0058132433
-0.015723037
-0.01012195
0.014645409
0
0
0
0.010299127
0.0092868431
0
0
0
0.015708321
0.015038498
0
0
0
0.013481524
0.0075310556
0
0.011815109
0.0021187863
0.012328347
-0.021043228
-0.020715035
-0.010784673
0.00098507075
-0.01112586
-0.021807311
-0.021642003
-0.0010961235
-0.0110873
-0.0023088769
-0.020535222
-0.019419516
0.012428252
0
0
0
0.019274249
0.018893121
0
0
0
0.02033254
0.020157376
0
0
0
0.019059254
0.017560094
0
0.0024936761
0.012047526
0.0041964797
-0.0171843
-0.01343291
0.0012099229
-0.010624654
-0.018495994
-0.0013273928
-0.0097062092
-0.0026775868
-0.015601064
-0.014122441
0.011130995
-0.0044526006
-0.010461198
0
0
0
0.015310535
0.011101894
0
0
0.017053706
0
0
0
0.014223195
0.012262649
0
0
0.0080611788
0.006158911
0.014330165
-0.0079073719
-0.013319012
-0.012373264
-0.0064851068
-0.0052497227
0.013318351
0
0
0.0051324074
0
0
0
0.002299536
0
0.023965662
2.5096836e-09
0.024429425
-0.02396564
-0.024429396
-0.02162464
-0.00050319398
-0.021743822
-0.018071138
-0.018410129
0.00056080924
-0.021012893
-5.9709437e-09
-0.018083818
-0.023989958
0.02398999
0.018071153
0.00050319779
0.018410149
0.021624623
0.021743798
-0.016341508
1.3479822e-09
-0.016436762
0.016341495
0.016436743
-3.8457593e-09
-0.015906024
-0.00056081514
0.015906002
0.021012862
0.018083842
0.019737856
-0.00030168337
0.019664675
-0.0097518736
-0.0099274325
-0.018587985
0
-0.018527076
0
0
0
-0.017668398
0.00035379886
0
-0.0097507061
0.018776133
0.014975851
-2.2340203e-05
0.014936472
0.0088160021
0.0088586036
-0.014178162
0
-0.014154313
0
0
0
-0.013543972
3.796972e-05
0
0.0085696119
0.014297136
-0.0004112126
0.017072151
-0.00062019832
-0.0091974346
-0.017042641
0
-0.016016821
0
0
-0.013627697
0.00047347091
0
-0.0082575521
0.014602862
0.00068222572
-0.015264109
-5.7007514e-05
0.01305579
4.0233951e-09
0.0079397874
0.014729996
0
-0.01234837
0
0
-0.010602625
7.9025941e-05
0
0.0069756988
0.011243791
-5.5920821e-09
0.012920414
7.3924505e-09
0.022575202
-0.022575168
-0.019405886
-0.016943358
-9.5870548e-09
-0.02015324
0.020153271
0.00062020939
0.017042666
0.019405853
-0.014730022
-0.012920439
-0.00068223855
0.016943325
0.015264133
0.0097518813
0.00030168411
0.0099274414
-0.019737846
-0.019664655
-0.0088160076
2.234135e-05
-0.0088586132
-0.014975842
-0.014936457
-3.797168e-05
-0.0085696222
-0.00035380162
-0.014297114
-0.018776107
0.0097507165
0
0
0
0.018587977
0.018527061
0
0
0
0.014178157
0.0141543
0
0
0
0.013543953
0.017668374
0
0.008087308
8.5666534e-10
0.0080553978
-0.0080873035
-0.0080553896
-0.0076725303
0
-0.0076479389
0
0
0
-0.0073126832
-1.5115202e-09
0
-0.00770563
0.0077056402
0
0
0
0.0076725276
0.0076479326
0
0
0
0
0
0
0
0
0
0.0073126723
0
7.4529474e-10
0.0070374314
5.7011699e-05
-0.0070374188
-0.013055765
0
-0.0066678091
0
0
-0.0057314958
-1.1730807e-09
0
-0.0060670283
0.0060670415
-7.903039e-05
-0.011243765
0
0
0
0.0066677966
0.012348346
0
0
0
0
0
0
0
0.0057314822
0
0
0.010602597
0.00041121674
0.0091974469
-0.017072118
-0.0079397994
-0.0069757129
-0.00047347767
-0.014602828
0.0082575648
0
0
0.01601679
0
0
0
0.013627662
0
1.0078659e-08
0.016728328
0.0021123772
-0.016728299
-0.018480496
-0.0007535653
-0.013693126
-0.012747431
0.00085546314
-0.0097550416
-1.1679716e-08
-0.0094829877
-0.012302491
0.012302512
-0.002359948
-0.013457494
0.00075358039
0.01274745
0.0024284246
0.013693096
0.01480086
6.138002e-09
-0.010518206
0.010518184
-6.7429888e-09
-0.0075779849
-0.00085548017
0.0075779673
0.0097550186
0.0094830025
-0.0027175463
0.010393921
-0.00054380869
0.011473203
-0.0069323441
0
-0.010612296
0
0
-0.0071431667
0.00063586177
0
-0.0052193241
0.0078425877
-0.00010435541
0.008926775
0.0056985625
0
-0.0083777951
0
0
-0.0057797112
0.00013531647
0
0.0041349187
0.0061996544
-0.00078605315
0.0039316083
-0.0010503972
-0.0030548704
-0.0053453123
0
-0.0034643736
0
0
0
0.0011592261
0
0
0
0.0015242667
0
-0.00018318157
0.0031699104
8.6640089e-09
0.0022986127
0.0041206642
0
-0.0029502127
0
0
0
0.00020279988
0
0
0
-1.2687416e-08
0
1.4503594e-08
0.0068012009
0.0028441141
-0.006801188
-0.0073376858
-0.0052124089
0
-1.9398025e-08
0
0
-0.0037715083
0
0.0010504187
0.0053453202
0.0033243831
0.0052123953
0.0054598808
-0.004120674
0
-0.0015242979
0
0
-0.0046727685
0
0.00054381646
0.0069323552
0.0014597934
-0.011473169
-0.012006657
0.00010436151
-0.0056985751
-0.00892675
-0.00013532301
-0.0041349278
-0.00063587078
-0.0061996337
-0.0078425615
0.0052193312
-0.0016445857
-0.0079628949
0
0
0
0.01061226
0.010728668
0
0
0.0083777674
0
0
0
0.005779686
0.0071431358
0
0
0.006827432
1.1107907e-09
0.0048274717
-0.0048274574
0
-0.0045395414
0
0
-0.0031436219
-1.5726763e-09
0
-0.0033646994
0.0033647103
0
0
0.0045395265
0
0
0
0
0
0
0
0.0031436085
0
1.6972097e-09
0.001724304
0.00018318978
-0.0017242971
-0.0031698984
0
-0.0016072422
0
0
0
-4.690105e-09
0
0
0
-0.00020281518
0
0
0
0
0.0016072329
0.0029501968
0
0
0
0
0
0
0
0
0
0
0
0.00078606441
0.0030548745
0.0019964588
-0.0039315938
-0.0038636185
-0.0022986177
0
-0.001159245
0
0
-0.0030652213
0
0
0
0
0.0034643534
0.0029303694
0
0
0
0
0
0
0
0.016190831
0.028382688
-0.011300325
0.010544375
-0.026177738
-0.015381637
-0.011628226
-0.019769995
-0.017722798
-0.01096854
-0.0079239955
0.021360701
0.012629569
0.021207429
0.0066722145
0.0086071825
-0.019678347
0.010892301
-0.0094895306
-0.015032408
-0.013831864
0.0072500856
0.0040951329
0.016115044
0.0056930497
0.023337026
-0.017946917
-0.02008087
-0.015031516
-0.0063217389
-0.012943124
0.017604666
0.0050942026
0.01762512
0.013778772
-0.015227777
-0.011539026
-0.0056549371
0.0094849579
0.013460236
0.007501231
0.0099231609
0.013591085
-0.0069704718
-0.0058243996
-0.0084356954
0
-0.0096278706
0
0
-0.016982546
0
0.0068481045
0.0077399457
0.011355011
0.0048801348
0.0036076075
-0.0066092693
0
-0.0093346255
0
0
-0.015065718
0
0.020421191
0.011940497
-0.004117682
-0.011121398
0
-0.02493963
0
0
0.016348588
0.0091454423
0.001869249
-0.0086113253
0
-0.021181026
0
0
0.0068580443
0.011535091
-0.0025116062
0.0047447413
-0.010742976
-0.0071007319
-0.0052008234
-0.0083478186
-0.0074578139
-0.0038336085
-0.00028209909
0.0089020491
0
0
-0.00061154298
0
0
0.0046480395
0
0
0
0.0013407104
-0.0030130808
0
0.0028859262
0.0096313327
-0.010454631
-0.0083088597
-0.0063944101
-0.0031964466
-0.0065439738
0.0074823232
0
0
0.0086375216
0
0
0
0.0047980108
0
0.0038376222
0.0045148207
0.0061802749
-0.0029847858
-0.0014489678
-0.0038337803
0
-0.0058640244
0
0
-0.009294688
0
0
0
0
0.0013687261
-0.0010057409
0
0
0
0
0
0
0
0.0087733407
0.0052642796
0.00048970478
-0.0050096033
0
-0.012948538
0
0
0
0
-0.0038359783
0
0
0
0
0
0
-1.6337468e-08
0.0015898007
0.0035487149
0
0
-0.0015898037
0.00033937468
0
-0.0034333942
-0.0020508037
0
-0.0033089436
0.0034430393
-0.0043090403
1.2431465e-08
-0.0068199239
-0.0035949999
0.0035949957
-0.003238101
0.000117577
0
0.00343335
0.0033089414
0.0073111928
0
0
0.0020508074
0.00033491254
0
-2.5109953e-08
-0.0035559039
0
0.0035559076
2.0404691e-08
-0.0071836816
-0.0034430061
0.0071836865
0.0043090462
0.0068199205
-0.0071040522
0.00094865043
0
-0.0058239415
0.0025003993
0
-0.0045605849
0
-0.0067017039
-0.0027903773
0
-0.0050837536
0.0071816538
-0.0055486514
0.0060383335
-0.010043262
-0.0091236483
0.0050571539
0
-0.0024683625
0.0037894228
0
0.0046169245
0
-0.003651825
-0.0039070104
0
0.0050241136
0.0040442859
-0.0077017064
0.0026339945
0.0098842151
0.0091659472
0.0075404071
-0.006392654
0.007673506
-0.0035734133
-0.013739342
-0.010510325
-0.0077555475
-0.0082543146
-0.014947951
0.0084485662
-0.010880028
0.0068983999
-0.01981178
-0.018399129
0.010338569
0.0038265543
-0.014318338
-0.0028389117
0.011260038
-1.5291508e-08
0.013685541
0.010891264
-0.0044508826
-0.011371061
0.014628312
0.0048981678
-0.014877262
0.0030916142
0.019259284
0.018168367
0.014928342
9.8414144e-09
0.014652401
-8.6820086e-09
0.0058506104
0.0032401682
-0.0058506124
-0.00046108352
-0.0067566017
-0.0093541411
5.5761425e-09
-0.008261648
0.0082616546
-0.0034516337
-0.0012655239
0.0035733896
0.010510325
0.0072373817
0.0067566066
0.0018984469
-0.010891261
-0.014652405
-0.0038265383
0.0093541385
0.014318347
-0.0077051869
0.0031314934
0
0.0058238951
0.0045605829
0.009660721
0
0
-0.0025004046
-0.0010237987
0
0.00246831
-0.0046169217
0
-0.0037894292
-0.0026339524
-0.0091659442
-0.0060382951
-0.0075404151
-0.0050571623
0.0091236483
-0.0097622576
-0.0021519708
0
0.006701659
0.0050837521
0.010187972
0
0
0.0027903857
0.0014889222
0
0.0036517776
-0.0050241115
0
0.0039070199
-0.0040442435
-0.0098842148
-0.0071816154
0.0077017193
0.0055486637
0.010043261
-0.010632585
0.0030021524
0
-2.4875492e-08
0.0046703227
0
-0.0046703284
0
-0.0013637451
-0.0046457067
0
-0.0049609712
0.0015806697
-0.0090987143
2.2256157e-08
-0.0097131736
-0.0092016504
0.009201644
0
0.001363699
0.0049609669
0
0.0046457142
0
-2.0333186e-08
-0.0048473541
0
0.0048473612
1.9758231e-08
-0.0094476382
-0.0015806289
0.009447647
0.0090987257
0.0097131688
-1.7401053e-08
0.013613371
0.0028388791
-0.013613375
-0.011260046
-0.0017802333
-0.013356341
-0.014281681
0.0019821583
-0.017380868
1.262759e-08
-0.018653236
-0.017887948
0.017887948
-0.0030915894
-0.014928343
0.0017801994
0.014281679
0.0044508486
0.013356351
0.011371072
-1.7212282e-08
-0.013805898
0.013805905
1.3138414e-08
-0.017889932
-0.0019821316
0.017889934
0.017380873
0.018653239
-0.0048981421
0.01487727
0.0063926256
0.013739344
0.010164558
-0.0076735143
-0.0034170212
-0.013685543
-0.018168373
-0.0068983781
-0.010338573
0.018399137
-0.010880435
-0.0048432143
0.0077555147
0.014947954
0.011293967
0.0082543279
0.0045212881
-0.014628313
-0.01925929
-0.0084485406
0.010880038
0.019811786
-0.0121919
0.0060444211
0
-0.0060649931
0.0028647866
0
-0.0047894786
0
-0.0042762136
-0.0026932714
0
-0.0037194125
0.0050520999
-0.0053458605
0.0067637971
-0.0072747224
-0.0094001966
0.0056601951
0
-0.003556567
0.0038517337
0
0.0046805839
0
-0.0025034633
-0.0035934557
0
0.0036160948
0.0031723576
-0.0070795129
0.0041451214
0.007060693
0.0091624934
0.0075620908
0
-0.0019739604
0.0022459403
0
-0.0020370459
0
0
-0.0014445708
0
0
0
-0.0033869641
0.0025853412
0
-0.00397782
0.0045887607
0
-0.0010621763
0.0031052153
0
0.0019759178
0
0
-0.0023058931
0
0
0
-0.005050746
0.0016031907
0
0.0038558847
0.0062431942
-0.0030132088
0.006895131
-0.0057161937
-0.005845651
-0.010712402
0
-0.0054526635
0
0
-0.0073858155
0.0033949624
0
-0.0076495533
0.0089945831
0.0063657854
-0.014047156
-0.0019415971
0.0092934266
-0.0036922593
0.0056497742
0.010360821
0
-0.0078693973
0
0
-0.010512663
0.0022197118
0
0.0073602303
0.012089456
0.0041654198
0.013520582
-0.0074625392
0.0083386663
-0.013897083
-0.0078797293
-0.010187751
0.0082157824
-0.018297761
0.010837027
-0.0046756147
0.011093272
0.013487755
-0.010391667
-0.013422766
0.0052065398
0.017661283
0.0143771
0
-0.0016533194
0.0044939232
0
-0.0045687275
0
-0.0011552436
-0.0041851056
0
-0.003512027
0.0016753366
-0.0081914739
0.0020673002
-0.0068347255
-0.0089103629
0.0087744769
0
-0.00047914652
0.0046469887
0
0.0044268046
0
-0.00032098046
-0.0043330002
0
0.003394196
0.00066723317
-0.0084300013
0.00068538286
0.0065743201
0.0085969071
0.0090301289
0
-0.00037284929
0.0036899704
0
-0.0019169339
0
0
-0.0029182878
0
0
0
-0.0061982038
0.00082402309
0
-0.0037286521
0.0073368257
0
4.311597e-05
0.0038730092
0
0.0018559458
0
0
-0.0031662569
0
0
0
-0.0066015073
0.00030326482
0
0.0035885914
0.0076295429
-0.0010662282
0.01084272
-0.0020345479
-0.0054369002
-0.0099805315
0
-0.0094950212
0
0
-0.01257761
0.0012428909
0
-0.0070390439
0.014055897
0.0023328591
-0.012943132
-0.00045454208
0.011203347
-0.00087313767
0.0051992042
0.0095461218
0
-0.0099990426
0
0
-0.013159204
0.00054595371
0
0.0066820206
0.0144677
0.0010236247
0.012294804
-0.002402069
0.012817389
-0.013046756
-0.011970701
-0.01542543
0.0027113919
-0.016968179
0.016558728
-0.00083249066
0.013138838
0.012518078
-0.012264514
-0.01575704
0.00095585299
0.016166225
0.016920056
-0.0090498417
0.013086951
-0.0092683951
-0.022569804
-0.02460439
-0.0070475972
-0.012159733
-0.01725312
0.0077737945
-0.013690077
0.0099619783
-0.020259314
-0.026626396
0.015013631
0.010197516
-0.029252971
-0.0057689022
0.017328666
-0.0053990368
0.021645844
0.023738644
-0.0046422342
-0.016052637
0.016511563
0.0051415471
-0.018158731
0.0063704367
0.019267962
0.025357293
0.019849791
0.0059504825
0.027985341
-0.0037780129
0.01073071
-0.00937604
0
-0.008983231
0
0
-0.010080578
0.004179076
0
-0.01098637
0.011967412
-0.0024870784
0.014470218
0.0089725197
0
-0.012776502
0
0
-0.014487687
0.002763556
0
0.010451413
0.016287496
-0.004597368
0.012590785
-0.0085320415
-0.012415806
-0.022945963
0
-0.010549278
0
0
0.0050207874
0.0092939084
-0.0030535859
0.017409977
-0.0056620304
0.01174044
0.021683926
0
-0.015501962
0
0
0.0033520226
0.0061891924
-0.010924197
0.016528245
-0.011196064
-0.030314967
-0.033614055
-0.014677746
0.011892675
0.012212023
-0.0070002167
0.021825734
-0.0065352136
0.028656941
0.031857973
-0.019619459
0.0076350102
0.0071270278
-0.0030244856
0.019909241
-0.0021972297
-0.020629675
-0.022777791
-0.0026193602
-0.018437628
-0.01568979
0.0029149917
-0.020881072
0.003352911
-0.018158063
-0.023948043
0.022760471
0.0024280162
-0.026566756
-0.001074407
0.020291472
-9.0977375e-09
0.019486774
0.021635073
-0.0011590417
-0.018802957
0.014782426
0.0012971184
-0.021285685
0.0011966991
0.016948052
0.022395559
0.023148558
5.5990702e-09
0.024945491
-0.0014028989
0.016822908
-0.0085185293
0
-0.015253643
0
0
-0.017354554
0.0015668242
0
-0.0098426383
0.018996725
-0.00062090656
0.017288566
0.0080185947
0
-0.015914312
0
0
-0.018113958
0.00069751416
0
0.009177738
0.019533206
-0.001741905
0.020442136
-0.003224672
-0.010962477
-0.020255024
0
-0.01873427
0
0
0.0019275952
0.0035432906
-0.00078319984
0.021076226
-0.0014442377
0.010116851
0.01870955
0
-0.01962416
0
0
0.00087963708
0.0016001709
-0.0036956262
0.024985659
-0.0026702247
-0.026798344
-0.029883916
-0.022627201
0.0040432735
0.0029150033
-0.0013247869
0.025368341
-3.2200507e-09
0.024779675
0.027692136
-0.023083953
0.0014566319
-3.5702331e-10
-2.7293145e-09
0.010816916
0.0038003975
-0.010816897
-0.0022443067
-0.0041872555
-0.012084145
-0.018227489
0.0046345915
-0.014997578
1.0720895e-09
-0.022303751
-0.013603527
0.013603559
-0.0042654774
-0.0034393223
0.0041872457
0.018227507
0.0084394073
0.012084127
0.004603682
-6.3925406e-09
-0.018444707
0.018444691
2.4617943e-09
-0.022275061
-0.0046345858
0.022275034
0.014997545
0.02230378
-0.0093871576
0.0063591178
-0.0075497039
0.013037537
-0.023079068
-0.01339282
-0.015751692
0.0083209256
-0.027765174
0.015771863
-0.0033940267
0.018512041
0.022581855
-0.018165293
-0.021162637
0.0037391877
0.026877317
0.021971398
-0.0091736399
0.018547598
-0.0051507893
-0.032402129
-0.026716443
-0.017891942
0.01006276
0.0057184123
-0.0041127175
0.025238883
-1.1019966e-10
0.030960521
0.026158524
-0.0237665
0.0044960405
-2.1222979e-09
1.5420513e-10
0.016974357
0.004884925
-0.016974311
-0.0050229205
-0.018257536
-3.5027895e-09
-0.0057751158
0.0051507891
0.026716483
0.010529159
0.018257487
0.0086707339
-0.026158565
-0.0057184168
-0.011852594
0.0075496878
0.023079083
0.011884288
-0.013037529
-0.0064289511
0.0033940109
-0.02258187
-0.018512032
-0.0037391788
-0.026877341
-0.008320915
-0.021971377
-0.015771844
0.027765197
-0.013118343
-0.0082041014
0.0092683737
0.0246044
0.013322469
0.013392821
0.0075698729
0.0053990173
-0.023738654
0.018165293
-0.0059504696
-0.027985359
-0.0101975
0.021162625
0.015751685
0.029252988
-0.014644427
0.0090915647
-8.7889034e-09
0.021979155
-0.021979144
-0.021106859
-0.02444214
4.5323367e-09
-0.025813261
0.025813281
0.0021972107
0.022777798
0.021106855
-0.021635076
-0.024945502
-0.0024280047
0.024442127
0.026566771
-5.3114452e-10
0.029272241
0.0041127154
-0.02927221
-0.025238848
-0.027260772
-2.1729356e-09
-0.0044960449
0.0026702192
0.029883941
0.0065352065
0.027260747
0.023766476
-0.027692158
-0.0029150052
-0.0071270268
0.0091736341
0.032402161
0.014513521
-0.018547564
-0.010251262
-0.030960555
-0.010062759
-0.015994419
0.011196053
0.033614079
0.016086469
0.017891921
0.010588807
-0.031857999
-0.012212018
-0.017564571
0
0.0060649549
0.0047894784
0.0089231679
0
0
-0.0028647978
-0.0017136195
0
0.0035565281
-0.004680584
0
-0.0038517446
-0.0041450856
-0.0091624922
-0.006763761
-0.0075621075
-0.0056602124
0.0094001967
-0.009643365
-0.0034084121
0
0.0042761836
0.0037194118
0.0062922323
0
0
0.0026932829
0.0016546799
0
0.0025034368
-0.0036160946
0
0.0035934677
-0.0031723298
-0.0070606921
-0.0050520721
0.0070795335
0.0053458822
0.0072747208
-0.0071190247
0.0033126461
0
0.0016532848
0.0045687262
0
-0.0044939319
0
0.0004791147
-0.0044268016
0
-0.0046469968
-0.0006853528
-0.0085969011
-0.0020672665
-0.0090301416
-0.0087744926
0.0089103604
0
0.0011552209
0.0035120259
0
0.0041851149
0
0.00032095865
-0.0033941943
0
0.0043330088
-0.00066721241
-0.0065743173
-0.0016753125
0.0084300171
0.0081914907
0.0068347236
0.0024020392
0.013046754
0.0046755835
-0.012817404
-0.01109329
0.00083246286
-0.012518073
-0.013138851
-0.00095582969
-0.016166223
-0.0027113678
-0.016920065
-0.016558739
0.016968181
-0.0052065136
-0.014377113
0.0020345241
0.0099805283
0.0036922329
0.011970722
0.010391691
0.00087311713
-0.0095461169
0.012264531
-0.0010236056
-0.012294803
-0.0023328387
0.015757055
0.015425447
0.012943132
-0.0041653987
0.013422789
0.0074625091
0.013897083
0.01044968
-0.0083386858
-0.0050359726
-0.013487755
-0.017661288
-0.0082157563
-0.010837045
0.018297765
-0.011389752
-0.0065496308
0.0057161684
0.010712401
0.0078867874
0.0078797544
0.004893664
-0.010360819
-0.013520584
-0.0063657638
0.010187777
0.014047158
-0.0086865727
0.0063018183
0
0.0019739439
0.0020370452
0.0030105993
0
0
-0.0022459539
-0.0012731548
0
0.0010621629
-0.0019759177
0
-0.0031052261
-0.001603176
-0.0038558823
-0.0025853237
-0.0062432156
-0.0045887853
0.0039778195
-0.0036682455
-0.0026820705
0
0
0
0
0
0
0.0014445852
0.00048436137
0
0
0
0
0.0023059031
0
0
0
0.005050769
0.0033869903
0
0
0.0015037197
0
0.00037283784
0.0019169331
0
-0.0036899794
0
-4.3127522e-05
-0.0018559443
0
-0.0038730183
-0.00030325343
-0.0035885892
-0.00082401051
-0.0076295585
-0.0073368435
0.00372865
0
0
0
0
0.0029182962
0
0
0
0
0.0031662664
0
0
0
0.0066015249
0.0061982224
0
0.0010662156
0.0054368977
0.0019415823
-0.010842745
-0.009293456
0.00045453138
-0.0051992008
-0.011203368
-0.00054594376
-0.0066820195
-0.0012428795
-0.014467722
-0.014055922
0.0070390434
-0.0022196988
-0.012089486
0
0
0
0.0094950494
0.0078694312
0
0
0.0099990667
0
0
0
0.013159231
0.012577643
0
0
0.010512699
0.0030131941
0.0058456485
0.0041659036
-0.006895161
-0.0040908765
-0.0056497723
-0.0073602314
-0.0033949496
-0.008994616
0.0076495554
-0.0046375868
-0.0053356603
0
0
0
0.0054526983
0.0026790558
0
0
0
0.0073858537
0
0
0.0037568743
0
-1.3032718e-08
0.0042312872
0
-0.0042312928
0
1.9484989e-05
-0.00396043
0
-0.003249433
0.00014617358
-0.0076583368
1.1946548e-08
-0.0062612817
-0.0081871353
0.0081871276
0
-1.9503084e-05
0.0032494299
0
0.0039604378
0
-5.9574484e-09
-0.003062402
0
0.0030624071
6.160981e-09
-0.0058805768
-0.00014615682
0.0058805846
0.0076583465
0.0062612761
0
0.00019108115
0.0035810097
0
-0.0017875853
0
0
-0.0029862205
0
0
0
-0.0061372571
3.9952152e-05
0
-0.0034287641
0.0069888544
0
0.00013559443
0.0028041318
0
0.0017039607
0
0
-0.002373316
0
0
0
-0.0048026016
-2.4757921e-05
0
0.0032415843
0.0054103683
-0.00011540021
0.010196008
-0.00022691056
-0.0049331229
-0.009043574
0
-0.0092079609
0
0
-0.012044296
0.00014771059
0
-0.0062938693
0.013109685
0.0002753217
-0.011574912
2.5972138e-06
0.0078331122
-5.3061164e-09
0.0046388466
0.0084710196
0
-0.0071321467
0
0
-0.0092653601
8.2990656e-07
0
0.0058878907
0.010018615
4.9881753e-09
0.010803845
-1.1238464e-08
0.011868303
-0.011868312
-0.011090143
-0.014200007
9.6451447e-09
-0.015236778
0.015236772
0.00022689595
0.0090435675
0.011090155
-0.0084710107
-0.010803837
-0.00027530852
0.014200017
0.011574906
0
-0.00019108996
0.0017875829
0
-0.003581018
0
-0.00013559926
-0.0017039576
0
-0.0028041374
2.4763121e-05
-0.0032415795
-3.9943198e-05
-0.005410378
-0.0069888669
0.0034287616
0
0
0
0
0.0029862291
0
0
0
0
0.0023733217
0
0
0
0.0048026116
0.0061372704
0
0
-1.3238672e-09
0.0015883369
0
-0.0015883404
0
0
-0.001370424
0
0
0
-0.0027025833
2.0217674e-09
0
-0.0030120061
0.0030120014
0
0
0
0
0.0013704266
0
0
0
0
0
0
0
0
0
0.0027025888
0
-1.6681082e-09
0.0043163048
-2.6043122e-06
-0.0043163109
-0.0078331223
0
-0.0039577454
0
0
-0.0050958516
1.7988645e-09
0
-0.0054827551
0.0054827488
-8.2487961e-07
-0.010018626
0
0
0
0.0039577523
0.0071321592
0
0
0
0
0
0
0
0.0050958591
0
0
0.0092653738
0.00011539227
0.0049331194
-0.010196023
-0.0046388423
-0.0058878858
-0.00014770415
-0.013109701
0.0062938664
0
0
0.0092079777
0
0
0
0.012044316
0
-7.8015884e-09
0.018226269
0.0010743894
-0.01822627
-0.020291474
-0.00031456631
-0.016905881
-0.013811002
0.00035437594
-0.019112395
5.4623008e-09
-0.015690037
-0.020748953
0.020748959
-0.0011966876
-0.023148553
0.0003145552
0.013811001
0.0011590279
0.016905887
0.018802965
-3.4374661e-09
-0.012825327
0.012825334
2.6220477e-09
-0.01446955
-0.00035436808
0.01446955
0.019112395
0.01569004
-0.0012971081
0.021285686
-0.00016868456
0.015625281
-0.0074903568
0
-0.014515047
0
0
-0.016499745
0.00019080198
0
-0.0084916243
0.017635652
3.1051889e-08
0.011898097
0.006964165
0
-0.011115527
0
0
-0.012600344
3.8308646e-08
0
0.0078350405
0.013397981
-0.00021942758
0.019037357
-0.00039874918
-0.0092594706
-0.017137367
0
-0.017888712
0
0
0.0002564458
0.00044863234
-3.2949697e-06
0.014445755
-1.9562561e-09
0.0084643067
0.015665097
0
-0.013643352
0
0
1.0673807e-05
8.8651929e-10
-2.5354311e-09
0.022700379
0.0013247811
-0.022700366
-0.025368325
-0.02071839
-2.7591998e-10
-0.0014566317
0.00039874505
0.017137377
0.0014442317
0.020718382
0.023083945
-0.015665102
-0.00044863198
-0.0016001693
0.00016868012
0.0074903552
0.00062089843
-0.015625292
-0.017288581
-3.4462526e-08
-0.006964162
-0.011898106
-3.6296372e-08
-0.0078350401
-0.00019079874
-0.013397985
-0.017635658
0.0084916268
-0.00069750862
-0.019533213
0
0
0
0.014515063
0.015914335
0
0
0.011115539
0
0
0
0.012600351
0.016499754
0
0
0.018113973
-1.3257713e-09
0.0064792888
-0.0064792939
0
-0.0060758283
0
0
-0.0068568527
7.6164146e-11
0
-0.0072694583
0.0072694554
0
0
0.0060758357
0
0
0
0
0
0
0
0.0068568573
0
1.2893575e-10
0.0078165764
3.2944384e-06
-0.0078165758
-0.014445753
0
-0.0074003212
0
0
2.0581869e-10
-1.0674488e-05
0
0
0
0.0074003213
0.013643353
0
0
0
0
0
0
0.00021942539
0.0092594757
0.00078319656
-0.019037354
-0.021076224
-0.0084643092
-0.00025644474
-0.00087963574
0
0
0
0.017888712
0.019624164
0
0
0
0.0090498207
0.022569811
0.012481094
-0.013086963
-0.0079089312
0.0057688828
-0.021645853
-0.017328674
-0.0063704232
-0.025357307
-0.0099619618
-0.01984979
-0.015013635
0.026626409
-0.013704554
-0.0090717944
0.0070475795
0.017253125
0.0095593926
0.012159756
0.0074487186
0.0046422177
-0.016511569
0.016052654
-0.0051415352
-0.019267971
-0.0077737796
0.01815874
0.013690092
0.020259322
-0.010507347
0.0082570924
0.0030244682
0.020629683
-0.019909247
-0.019486778
-0.02239557
-0.0033528985
-0.022760465
0.023948056
0.0026193438
0.015689794
0.018437639
-0.014782427
-0.01694806
-0.0029149818
0.020881075
0.018158071
0.0036956202
0.026798363
0.007000209
-0.024985644
-0.021825722
-0.024779692
-0.0040432722
-0.0076350071
0.0032246661
0.020255037
0.0056620218
0.022627194
0.019619458
-0.018709563
-0.0035432893
-0.0061891884
0.010924184
0.030314983
0.015008335
-0.016528239
-0.0099850029
-0.02865696
-0.011892666
-0.016322096
0.0085320302
0.022945973
0.011502853
0.014677753
0.0086572152
-0.02168394
-0.0092938993
-0.012499491
0.0037780022
0.0093760424
0.0051280479
-0.01073074
-0.0062765098
0.0024870682
-0.0089725228
-0.014470244
-0.0027635478
-0.010451418
-0.0041790672
-0.016287514
-0.011967439
0.010986374
-0.0056494457
-0.0068015464
0
0
0
0.0089832678
0.0045462233
0
0
0.012776535
0
0
0
0.014487714
0.010080611
0
0
0.0049041181
0.0014028901
0.0085185317
-0.016822928
-0.0080185952
-0.0091777424
-0.0015668178
-0.018996738
0.0098426437
0
0
0.015253669
0
0
0
0.017354573
0
0.001741901
0.010962483
0.0030535809
-0.020442139
-0.017409987
-0.010116857
-0.0019275941
-0.0033520191
0
0
0
0.018734281
0.015501981
0
0
0
0.0045973604
0.012415811
0.0061937876
-0.012590802
-0.006825756
-0.011740445
-0.0050207816
-0.0067399565
0
0
0
0.010549303
0.0047298456
0
0
0
0
0
0
0
0
0.0057065683
0.0064375343
0
0
0
0.005047125
0
0
0
0
0
0.0089306184
-0.0044154599
0
0.0077434661
0
0
0
-0.0058309433
-0.0079745214
-0.0030916561
0.011727469
0.007072193
0
0
0.0098352892
0
0
0
0.0089964579
0.010445779
0
0
0
-0.0031191589
0
0
0.013968204
-0.0072140165
0
-0.0047050709
-0.010667401
-0.013726525
-0.0057754183
-0.0085970172
-0.0052577139
0.016960231
0
0
0
0
0
0
0.010609159
0.0034278961
0
0.0089359579
0
0
0
0
0.011024785
-0.0027195032
0
0.008843212
0
0
0
-0.0081956121
-0.0053900776
-0.0074984156
0.014010152
0.013960264
0
0.0064854308
0
0.016564651
0.0058164049
0
-0.0053672697
0
0.017254532
-0.0048892632
0
-0.0052279913
-0.014787488
-0.0097131217
-0.013591105
-0.010019476
-0.01012416
0.011350252
0
0
0
0.0071433242
0.0092382478
0.0055119293
0.017642049
0.014602251
0
0
0.0078974212
-0.0079334645
0.017809651
0
0
0
-0.0084758758
-0.010367818
-0.0077104929
0.02105736
0.020869327
0
0
0.011774854
-0.0060493981
0.017212194
0.012722742
0.01640989
0.0097805216
-0.013591108
-0.011307081
0.014108445
-0.014366173
-0.013576119
-0.014856099
-0.018819886
-0.013416932
-0.016421974
-0.016401118
0.021034791
-0.010449276
-0.013538128
0
0
0
0.0031099019
0.012747623
0
0.0086500138
0
0
-0.01082706
0
0
-0.013459035
-0.0034831785
0.010135477
0
0
0.01550384
0
0
0.0054597491
0.022275859
0
-0.0067039184
0
-0.019014137
-0.023760467
-0.0059755989
-0.0079388397
0.027161573
0
0
0
0.010458176
0.01244362
0
0
0
0.0019418247
0
0
0.016164439
-0.008663929
0
0.0030293912
-0.013220623
-0.016858221
-0.007228649
0.0058253291
0.0035212992
0.02079258
0
0
0
0.010265093
0.012482069
0
0
0
-0.00096799882
0
0
0.015818261
-0.0087647009
0
-0.0017227455
-0.013551248
-0.017292143
-0.0074608005
-0.0036104793
-0.0020624647
0.021270926
0
0
0
0.019162063
0.0071687906
0
0.0035229664
0
0.02001546
-0.006248642
0
0.0034457054
-0.018240542
-0.012403223
-0.01677725
0.0068014238
0.0069069381
0.014152556
0
0.018757452
0.0074048603
0
-0.0021522573
0
0.01964525
-0.0066267206
0
-0.0021693881
-0.018648331
-0.013136628
-0.017151965
-0.0044281254
-0.0044461324
0.014707678
0.016034513
0.020654393
0.012314875
0.009827845
0.0081483667
0.017809407
-0.01837657
0.0097461692
-0.01860283
-0.024088089
-0.016703774
0.01214145
0.012203853
0.026579107
-0.012931794
0.01002286
0.016711412
0.021587103
0.012830679
-0.0066494396
-0.0053930888
0.018583767
-0.01946864
-0.0066045459
-0.019440361
-0.025508795
-0.017382056
-0.0085428087
-0.0086005608
0.027850745
-0.013398714
-0.0069439863
0.0068514048
0.027652682
0
0.0047833207
0
-0.023691759
-0.029739211
-0.0073461859
0.0057975778
0.033790995
0
0
0.0071281135
0.028553076
0
-0.003049785
0
-0.024542807
-0.030919689
-0.0075734184
-0.0038892641
0.034969218
0
0
0
0
0
0
0.010383298
0.0021632191
0
0.0076596151
0
0
0
0
0.008877675
-0.0017306416
0
0.0056347105
0
0
0
-0.0071680481
-0.003876201
-0.0080437721
0.0088609392
0.012170034
0
0.0045349839
0
0.016360791
0.0041897645
0
-0.0043938862
0
0.014192081
-0.0036587126
0
-0.0030247925
-0.01296442
-0.007556932
-0.01449661
-0.0058424856
-0.0084871449
0.0084835061
0
0
0
0
0.0066582814
0.0014219505
0
0.0030745498
0
0
0
-0.0012773369
0
0
-0.0032246688
-0.0056565768
0.0046255814
0
0.0034164645
0
0.011048405
0.0033083841
0
-0.0013527577
0
-0.0032015622
-0.0066900603
-0.010412652
-0.0025246501
0.0069345134
0
0
0
0.0056130629
0.0055275234
0.0070482248
0.0054291032
0.011045889
0
-0.0053633248
0
0
-0.0076023435
-0.0059894802
0.0058019724
0
0
0.0076856273
-0.0075332195
0.012691455
0.010416683
0.010766538
0.012764962
-0.0031142258
-0.0078056312
-0.010412835
-0.014261305
-0.011046541
-0.0032594016
0.014695548
-0.013496616
-0.0091780448
0
0
0.0078331071
0.0068894877
0.015425149
0
-0.0060820234
0
0
-0.0082999768
-0.0083860255
0.018102167
0
0.0092075822
0.014058282
0.012784355
-0.011500997
-0.011581577
-0.015646711
-0.014827041
-0.013832282
0.017033666
0
0.019099622
0.0055819581
0
0.0028367079
0
0.016784058
-0.00508433
0
0.0017936301
-0.016156063
-0.0102079
-0.017925066
0.0035003037
0.0055982635
0.011141787
0
0.018844539
0.0060834371
0
-0.0017480076
0
0.016719848
-0.0056757848
0
-0.00092909572
-0.016679772
-0.011246837
-0.018375115
-0.0018397441
-0.0035266081
0.012048168
0
0.013483273
0.0047505883
0
0.00046291435
0
-0.0045829815
-0.0092214492
-0.013295298
0.000810666
0.0095687938
0
0.013682764
0.0053803833
0
0.00019466345
0
-0.005189743
-0.010280104
-0.013953163
0.00042906831
0.010667137
0.013627644
0.01449482
0.016307296
0.00096154129
0.0049389363
-0.013962144
-0.018789913
-0.014483418
0.00082580667
0.019502557
-0.017221914
0.005972044
0.014596234
0.01595186
0.017190094
0.00070870143
-0.0026848233
-0.015356885
-0.020437686
-0.01562606
0.0010693961
0.021247902
-0.018258145
-0.0033811301
0.017810849
0.016672767
0.008016518
-0.015393859
-0.02060867
-0.018700696
0.0099370695
0.022126204
0.018643195
0.017937969
-0.0052291897
-0.016795791
-0.022318715
-0.019649138
-0.0067293641
0.023710059
0
0
0
0.0094085886
0.01154898
0.009578054
0.020641678
0.024288782
0
0
0.0083952778
-0.010570565
0.014103144
0
0
0
-0.0096237951
-0.01306391
-0.010902552
0.015545633
0.023505699
0
0
0.014104054
-0.011205794
0.028091395
0.016375063
0.021292867
0.016480589
-0.015783601
-0.018936868
0.01485533
-0.019792335
-0.010165978
-0.016730636
-0.02421867
-0.018559932
-0.010866022
-0.017541126
0.025781794
-0.018797811
-0.021365773
0
0
0.0066325081
0.0099167943
0.0059121963
0
-0.0099483625
0
0
-0.012528188
-0.0075166845
0.0058359105
0
0.012365538
0.012124409
0.018741796
-0.0030722729
-0.018235821
-0.022453457
-0.013567706
-0.0025636809
0.023071513
0
0
0
0.0087991726
0.015502335
0.011510408
0.0055539536
0.017480545
0
-0.01571674
0
-0.011138776
0
-0.015508586
0.015384683
0.028231332
0.019178863
-0.0014871737
-0.011117665
-0.027313287
-0.017572959
-0.022249314
0
0
0
0.013275298
0.017423131
0.013851212
0.027579282
0.033606943
0
-0.016330384
0
-0.018811784
0
-0.020377355
0.021488234
0.031072079
0.02195022
-0.019030114
-0.023671832
-0.029518824
-0.025272515
-0.026096421
0.020407749
0.027508819
0.020336432
0.011437613
0.01410956
0.018786206
-0.025852643
0.006637262
-0.020842451
-0.031208009
-0.022712512
0.0069188463
0.012528691
0.03291666
-0.022716463
0.015683741
0.021303718
0.0293135
0.021064966
-0.0079519809
-0.010168121
0.019833991
-0.027779238
-0.0038683792
-0.021801061
-0.033118432
-0.023436067
-0.0041054944
-0.0088481949
0.034697164
-0.023213122
-0.011433778
0.015803754
0.024584138
0.00041316555
-0.023687072
-0.028682457
-0.017485084
-0.0003096411
0.0298023
0.017019701
0.026527766
0.0015440895
-0.025496567
-0.030467741
-0.01870311
0.0021554653
0.03173053
0.01942591
0.035166968
0.023259475
-0.0014868923
0.0066253565
-0.033754436
-0.021528232
-0.025921039
0.020566835
0.036714996
0.024007102
0.0029271856
-0.0040286071
-0.035209412
-0.022490945
-0.026296802
0.02545578
0.038386826
0.02555789
0.012974899
0.016591023
-0.036702637
-0.028509865
-0.0287292
0.025847879
0.039734287
0.025641243
-0.0093213362
-0.012221182
-0.038197611
-0.028352489
-0.028145383
0
0
0
0.0040570132
0.018300948
0
0.011757464
0
0
0
0.0069657429
-0.016060692
0.019979067
0
0
0
-0.0082943233
-0.018851472
-0.0048816505
0.023407807
0.013822027
0
0
0.021408548
0
0
0.0068168516
0.031918517
0
-0.0091197876
0
0.011787343
-0.028303455
-0.015628746
-0.013617048
-0.032900455
-0.0079280686
-0.017757165
-0.01032719
0.036810889
0
0
0
0
0.0087899767
0.014270867
0.024192033
0
-0.012785025
0
0
-0.015391343
-0.010374813
0.028211912
0
0.016937363
0.014988469
0.025474072
-0.018965796
-0.023177438
-0.027683791
-0.017204785
-0.021529306
0.029989721
0
0
0
0.012990492
0.020263366
0.010518314
0.03413669
0.028561758
0
-0.018708512
0
-0.019651183
0
-0.016283335
0.020234018
0.035019703
0.016112421
-0.024054408
-0.019860741
-0.032850333
-0.02423309
-0.019370797
0
0
0
0.0063065874
0.02550235
0
0.017027759
0
0
-0.022314698
0
-0.0100988
0
0
0.0094362371
0.042239589
0
-0.011462382
0
-0.037935588
-0.011306623
0
0.0082264085
0.039531641
0
0.0066588161
0
0.014324006
-0.035341479
0.011610708
-0.016143152
-0.040677974
-0.0093093554
0.012928354
0.007350523
0.045012291
0
0
0.0083648784
0.040770354
0
-0.0045785215
0
0.014652573
-0.036671696
-0.0082401593
-0.016247525
-0.041877565
-0.0093038299
-0.0092532741
-0.0050965518
0.04599219
0
0
0.018346765
0.032125227
0.01419648
-0.029572737
-0.034961873
-0.020582265
0.015844094
0.037465458
0.018881629
0.033592977
-0.010243268
-0.031208981
-0.036559105
-0.020864847
-0.011540273
0.038864791
0.023227093
0.04264312
0.01825078
0.016853349
0.013696235
-0.040299304
-0.026156541
-0.020537039
0.023074343
0.043578602
0.017972459
-0.012366284
-0.0098719523
-0.041454319
-0.025315215
-0.019673183
0.010523225
0.050214882
0
0.0076685914
0
-0.045777725
-0.011794129
0
0.010276527
0.050487673
0
-0.0053756375
0
-0.046440654
-0.011195201
0
0
0.0086752336
0.010764549
0
0
0
0.00018615215
0
0
0.013337618
-0.0076255236
0
0.00071601232
-0.011914846
-0.015215127
-0.006601548
0.0018990349
0.00089130942
0.018666064
0
0
0
0.0060731802
0.007691425
0
0
0
0.00034706347
0
0
0.0093216821
-0.0055061004
0
-6.9906239e-05
-0.008743307
-0.011115829
-0.0048811037
-0.00077691762
-8.2009214e-05
0.013604384
0
0
0
0.015826817
0.0065659337
0
0.0011366273
0
0.016614748
-0.0060034895
0
0.0012587802
-0.016352332
-0.011885159
-0.015043503
0.0027342763
0.0026181141
0.013095037
0
0.011077094
0.0048385197
0
-0.00052726374
0
0.011654514
-0.0045124348
0
-0.00075642501
-0.011947305
-0.0089172046
-0.011003178
-0.0017716516
-0.0014926355
0.009680638
0.014927232
0.019301675
0.011463479
0.0042457201
0.0032356552
0.016608329
-0.017611188
0.0043167709
-0.01745826
-0.023061799
-0.015564715
0.0058818151
0.005845514
0.024953488
-0.011960018
0.004523299
0.011128984
0.014325244
0.0085553938
-0.0027381931
-0.0018039711
0.012375213
-0.013209328
-0.0029855908
-0.013093673
-0.017294207
-0.011654811
-0.0043249869
-0.0041136368
0.018562997
-0.0089348456
-0.0029214454
0.0063640943
0.025261287
0
0.0016478327
0
-0.021772919
-0.027520048
-0.0067342824
0.0023534288
0.031012184
0
0
0.0047478923
0.018571087
0
-0.00067435043
0
-0.016042442
-0.020351537
-0.0050143239
-0.0012962806
0.02286803
0
0
0
0.002959589
0.0038406048
0
0
0
-0.0005540976
0
0
0.0045463721
-0.0028001676
0
-0.00011200592
-0.0045933397
-0.0057380735
-0.0025968641
0.00036844917
-0.00027803092
0.0070072256
0
0
0
0
0
0
0
0
0.00026699054
0
0
0
0
0
-0.00038432701
0
0
0
-0.00082264992
9.2926373e-05
0
0
0
0
0.0054247513
0.0025288253
0
0.00042806598
0
0.0057262645
-0.0024077961
0
0.00075639822
-0.0062238473
-0.0047399111
-0.0057479231
0.0016522213
0.0011959039
0.0050676138
0
0
0
0
-0.001043059
0
0
0
0
-0.0014374442
0
0
0
-0.0024985794
-0.0018756781
0
0.0059327023
0.0075295745
0.0045720903
0.0022507314
0.0012202255
0.0065822964
-0.0070156513
0.0027181755
-0.0070141682
-0.0091882005
-0.0062420224
0.0039734624
0.0035230201
0.0097876281
-0.0047768636
0.002253701
0
0
0
-0.0028831081
-0.0015857686
0
0
-0.0035900696
0
0
0
-0.004872197
-0.0041447245
0
0
-0.0025995827
0.0025362715
0.0096720881
0
0.00021517417
0
-0.0083708965
-0.010670496
-0.0026712903
0.00079682745
0.011959237
0
0
0
0
0
-0.00034052176
0
0
0
0
-0.00091535905
0
0
0
0
0.015996071
0.0056223034
0
0.0010003441
0
0.014271591
-0.0053288999
0
0.00036296362
-0.014717078
-0.010481915
-0.016141206
0.00076170529
0.0021096189
0.011078536
0
0.011243903
0.0042945278
0
-0.00063691299
0
0.010047799
-0.0041178014
0
-0.00014768178
-0.010768908
-0.0080572858
-0.011795349
-0.00032578733
-0.0013943935
0.0084262126
0
0.011786956
0.0050980887
0
-0.00058302962
0
-0.004921932
-0.0096734112
-0.012424488
-0.0011609767
0.010023969
0
0.0083072657
0.0039651161
0
0.00065500781
0
-0.0038333116
-0.0074999341
-0.0091181995
0.0013197667
0.0077556546
0.013251687
0.014876408
0.015461955
-0.0016976986
0.0012024485
-0.014340089
-0.018947354
-0.014311251
-0.0021760005
0.019679336
-0.016550398
0.0016619793
0.0099278567
0.011453357
0.01154216
0.0019240675
-0.00057992662
-0.01106636
-0.01455517
-0.010825504
0.0023951334
0.015082024
-0.012464452
-0.00094734326
0.016694071
0.016432491
0.0032857944
-0.015555325
-0.020556288
-0.01770972
0.004456922
0.021648183
0.012442805
0.012460554
-0.0022761571
-0.011903785
-0.01566968
-0.013304406
-0.0032712364
0.016375764
0
0.0055296558
0.0023239856
0
0.00074014486
0
0.0049287847
-0.0022478266
0
0.00035202438
-0.0055879923
-0.0043738299
-0.0061330413
0.00060776559
0.0014754162
0.0045344416
0
0
0
0
-0.0014603492
0
0
0
0
-0.0010992641
0
0
0
-0.00166903
-0.0024445012
0
0
0.0040430521
0.0021736884
0
-0.00035637564
0
-0.0021028657
-0.0041015118
-0.0047182596
-0.00085098775
0.0042321813
0
0
0
0
-0.00041319163
0
0
0
0
-0.00027939191
0
0.0052536334
0.0062280583
0.0061181931
-0.0013558262
0.00087669826
-0.0060348008
-0.0079174423
-0.0057859695
-0.0017239521
0.0081785461
-0.006668704
0.0012780162
0
0
0
1.7694286e-05
-0.0021006926
0
0
0
0.0002340254
0
0
-0.0026222842
0.0066063999
0.0066849511
0.0022846912
-0.0064377876
-0.0084526094
-0.0071237805
0.0032465238
0.0087709423
0
0
-0.0033538574
0
0
0
-0.0043914079
0
0.019166005
0.026643753
0.018848152
0.0055514636
0.0073295631
0.017976473
-0.025428958
0.0021056946
-0.019671438
-0.030065335
-0.020956905
0.0025042446
0.0065129273
0.03130965
-0.020615088
0.0085893802
0.014412915
0.020096264
0.014128947
-0.004350143
-0.0057143893
0.013569144
-0.019305755
-0.0014439506
-0.01483115
-0.022711851
-0.015723171
-0.0020711815
-0.0054769756
0.023514529
-0.015401032
-0.0070905768
0.015609769
0.024393537
-0.0025911991
-0.023462846
-0.027795029
-0.017106228
-0.0029379776
0.028919892
0.011847085
0.018608131
0.0026768011
-0.017939613
-0.021141302
-0.012982286
0.0027280219
0.021943291
0.018719125
0.033081981
0.021518721
-0.0032024387
0.0028340472
-0.031778072
-0.020347444
-0.023384485
0.014184603
0.024942074
0.016181245
0.0025166791
-0.0028231515
-0.024026752
-0.015386354
-0.017528253
0.022925087
0.035474456
0.022557228
0.0072879496
0.0095916377
-0.034284628
-0.024905626
-0.024490128
0.017138065
0.026483164
0.016778897
-0.0066143176
-0.008398532
-0.025735754
-0.018542672
-0.018130576
0.0077367268
0.010749139
0.0075771681
0.0043893089
0.0053908849
0.0072853264
-0.010391796
0.0018869433
-0.0079699533
-0.012197043
-0.0084403584
0.0027405877
0.0057068854
0.012553948
-0.0082524296
0.0069257235
0
0
0
-0.0056504547
-0.0063801475
0
0
-0.0033702847
0
0
0
-0.0044150895
-0.0071543095
0
0
-0.0080880959
0.006358953
0.010066175
-0.0018428158
-0.0097355597
-0.011445613
-0.0069796926
-0.0016345811
0.011840876
0
0
0.00020103841
0
0
0
-0.00019227041
0
0.0076313994
0.013421813
0.0086953035
-0.0010509554
0.0038477645
-0.012974468
-0.0082822412
-0.0094174101
0
0
0
-0.001009571
-0.0057783265
0
0
0
0.0091939992
0.014100319
0.0089810124
0.0071725622
0.0085284286
-0.013782241
-0.0099406732
-0.0096951405
0
0
0
-0.0088833613
-0.0099450002
0
0
0
0.0073776736
0.03608466
0
0.0029731743
0
0.012985798
-0.032604223
0.0056802338
-0.014265485
-0.037042145
-0.0081265967
0.0066606645
0.0034867126
0.040465446
0
0
0.0054691382
0.026591749
0
-0.0019010695
0
0.0096657872
-0.024111985
-0.0040314387
-0.010568594
-0.027314159
-0.005995773
-0.0050836387
-0.0024681867
0.02971783
0
0
0.016813659
0.030056704
0.0073074961
-0.028138507
-0.032763431
-0.018420182
0.0085656672
0.03459239
0.012562214
0.022352606
-0.0055082518
-0.021070343
-0.024448192
-0.013704235
-0.0068532431
0.025650062
0.020160597
0.038436875
0.015608017
0.0095507766
0.007411485
-0.036789288
-0.021856645
-0.016873916
0.014927205
0.028348968
0.011506023
-0.0080943063
-0.0060403395
-0.027299358
-0.016100604
-0.012374826
0.0088755284
0.043992036
0
0.0038677163
0
-0.040709935
-0.0095495792
0
0.0065164241
0.032121387
0
-0.002982871
0
-0.029857027
-0.0069760309
0
0.0029060934
0.013915014
0
0.0014166977
0
0.005156791
-0.012657443
0.0033757858
-0.0056287651
-0.014321391
-0.0031813628
0.0045341783
0.0020521122
0.015526044
0
0
0
0
0
-0.0015727853
0
0
0
-0.0037779001
0
0
0
-0.0050580362
-0.0022808383
0
0
0
0.006723558
0.011796679
0.0049293419
-0.011192735
-0.012969285
-0.0073237115
0.0064065021
0.013522266
0
0
-0.0056212603
0
0
0
-0.0072512097
0
0.0079673652
0.014904204
0.0061213786
0.0079016559
0.005691404
-0.014443213
-0.0085851307
-0.0065783365
0
0
0
-0.0089727242
-0.0063916523
0
0
0
0.003455113
0.016728143
0
0.002688734
0
-0.015608544
-0.0036969834
0
0
0
0
-0.0030186132
0
0
0
0
