FiniteElementSpace
FiniteElementCollection: RT_3D_P0
VDim: 1
Ordering: 0

0
0
-0.00073096401
0.0013904078
0
-0.00065944382
0
0
-0.0014493194
0.00088908623
-0.00017073087
0
-0.00073903128
0.0018672251
0.00030609719
-0.00054520479
0
0.0027630943
0
-0.0010665892
0
-0.0011914088
0.0017191195
0
-0.0011871546
0
-0.002242269
0.0012126439
-0.00033251453
-0.0016205243
0.0024127012
0.00081977302
-0.00094451078
0.0033192451
0
-0.0018469418
0
0
-0.0019854411
5.601337e-05
0.00048010837
0
0
-0.0022169726
-0.00092955414
0.0011610856
0
-0.001328054
-0.0015841282
0.0011203089
0.00086231914
0
0.0003110452
0.00012624576
0
-0.0029576647
0.0003623443
0.00083315975
0
-0.0032115284
-0.00065397737
0.0020689267
-0.0024369928
-0.0011140977
0.0022023147
0.0015571176
0.0008276635
0.00024271694
0
-8.6899332e-06
0.00059349614
-0.00014412654
-0.00012963447
0
-0.00015403206
-0.0021494001
0.00071061402
0
0.0011572841
-0.0027110521
-0.0012078785
0.00061224636
0
0.00083183905
-0.0010898912
-0.0003563302
-0.0013700649
0.0013125718
0.00096683607
-0.00021131391
-0.0015480955
-0.0014922634
0.0012668102
-0.00055158256
-0.0018742527
0.00046183915
0.0010839791
0.0017534602
0.00027265168
-0.00060803116
0
0.00019756966
0.0040976077
0
-0.0015320831
0
0.0028243161
-0.00090364789
0
0.0037188916
-0.0007269624
-0.0012575043
0
0.0053683667
0
-0.0019977214
-0.00045050869
0.0048748255
0
-0.0026371548
0.0035839117
-0.001558531
0.0047021469
6.5751185e-05
-0.0021688391
0.0063823217
0
-0.0034394664
0
-0.0017493555
0.0022354051
0
-0.0016732042
0
-0.0032199577
0.0017263109
-0.00058822323
-0.0026101436
0.0033376804
0.0013900625
-0.0013357992
0.00425264
0
-0.0024741141
0
-0.0023038779
0.0028122515
0
-0.0021815778
0
-0.004199383
0.0023090391
-0.0010017573
-0.0036274742
0.0044277301
0.0019733792
-0.0018003951
0.0053401935
0
-0.0030286769
0
-0.004171166
0.0008588105
0.00092555762
0
-0.0044656694
-0.00019344481
0.0025568749
-0.0037020973
-0.00028053517
0.0034271388
0.0019191664
0.0017206938
0.00019782891
0
-0.0053952444
0.0014366407
0.00068477837
0
-0.0057389225
0.00036094789
0.0025396052
-0.0050135417
0.00075140902
0.0046912912
0.0018509557
0.0027956205
-9.7333885e-05
-0.002782197
0.0025650282
0.002117415
-0.00039086624
-0.0029986909
-0.00032364344
0.0015264123
-0.0022802959
-0.00038494014
0.0021527305
0.0012728411
0.0033633216
0.0016572448
-0.00091083881
-0.0041984513
0.0040920738
0.0032673498
-0.000756218
-0.0044596542
0.0011369618
0.0014020625
-0.0039818487
0.0014784558
0.0038124632
0.0011007326
0.005330613
0.0030145431
-0.001351458
-0.0011214214
0.0061984546
0
-0.003461548
0.0048876178
-0.0021124748
0.0063969515
0.00087551155
-0.0028964395
0.0081177251
0
-0.0044832254
-0.0017892915
0.0077658691
0
-0.0040979322
0.0064477016
-0.002654388
0.0084312157
0.0016689696
-0.0035343801
0.010179792
0
-0.0052281788
0
0
-0.0020893115
-0.0019036741
0.001776013
0
0
-0.0016182426
-0.0027260638
0.0022549949
0
-0.0010318531
-0.0051436965
0.0012999639
0.0021495219
0
-0.0034961783
0.0015644141
0
-0.0029631384
-0.0016690415
0.0031966645
0
-0.0022575953
-0.0025363971
0.0040858489
-0.0017475231
-0.0047942158
0.0022763043
0.0038785593
-0.0030847471
0.0028194313
0
0
-0.00088101374
-0.0032967272
0.0025594984
0
0
0
-0.0035736194
0.0026926057
0
0
-0.006914308
0.00056975666
0.002770932
0
-0.0063191344
0.0025603108
0
-0.001213384
-0.0031480278
0.0046633149
0
0
-0.0034514892
0.0049307109
0
-0.0066536566
0.00094142801
0.0050316714
-0.0060242421
0.00463043
0
-0.00012858911
-0.0091141843
0.00021880842
0.0027048306
0
0
-0.010012621
0.002969724
0
0
-0.012874611
-0.0003841453
0.0032461353
0
-0.011705636
-0.00071738527
0.0029246921
-0.00059700316
-0.0086766057
0.0011191092
0.0048350881
0
-0.009616153
0.0053352172
0
-0.012354732
0.00019402575
0.0057906882
-0.011137928
0.00038857165
0.0051914687
0
-0.00023112483
-0.0049396321
0.0015205465
0
-0.007364562
0.0022085492
0
-0.0094404502
-0.00098339122
0.0023418941
0
-0.0063104768
0.0015447376
-0.0014584017
-0.0043577208
0.0027038265
-0.0068601089
0.0039351498
-0.0087936876
0.0005213889
0.0041426556
-0.0055695205
0.0027263437
0
-0.0040767319
-0.0012595427
0.0040672696
0
-0.0030831063
-0.0021847768
0.0052770001
-0.0025822451
-0.0041301241
0.0034004425
0.0050057094
-0.0023317258
0.0035899596
0
-0.0052155569
-0.00074538719
0.0042892912
0
-0.0039350135
-0.0017202198
0.0057166766
-0.0034606402
-0.0032469779
0.0045728383
0.0054202694
-0.0013676341
0.0037715031
0
-0.0016504463
-0.0028497706
0.0060804254
0
0
-0.0031875606
0.0064678252
0
-0.0061206489
0.0013842026
0.006580557
-0.0054404897
0.0060231066
0
-0.0021062826
-0.0024329739
0.0066846684
0
0
-0.0028021848
0.0071637274
0
-0.0053628203
0.0018561904
0.0072850021
-0.0046336166
0.0066192994
-0.0011013484
-0.0078261877
0.002071011
0.0062511234
0
-0.0088269251
0.0069401451
0
-0.01133278
0.0007928929
0.0075036506
-0.010044696
0.0015177839
0.0066850859
-0.0016261442
-0.0066611268
0.0030458926
0.0068588852
0
-0.0077226231
0.0076738038
0
-0.0099156818
0.0014004003
0.0082963089
-0.0085564609
0.0026460167
0.0073348037
-0.0027428808
-0.0032955013
0.0034117919
-0.00591066
0.0050438158
-0.0075826929
0.0020471151
0.0052853573
-0.0042194791
0.0034171407
-0.0040449337
-0.0019285072
0.0035579444
-0.0046492676
0.0054470644
-0.0059789492
0.0035570638
0.0057039918
-0.0024832983
0.0035471469
0
0.0023052062
-0.0076588811
-0.0025637516
0.0016069498
0
0.0017454264
-0.011393997
0.0025133268
0
0.002869702
-0.013215821
-0.0037458239
0.0026979458
0
-0.0090134713
-0.0040820076
0.0016907739
0.00052395418
-0.0067745441
-0.00053569469
0.0028237139
0.0004362059
-0.010622624
0.0044300111
0.0013706534
-0.012343453
-0.0017009762
0.0047490978
-0.0080093824
-0.0017378345
0.0029624705
0
0.00095031894
-0.014093451
0.003182922
0
0
-0.015487818
0.003563526
0
0
-0.017806899
-0.0015703395
0.0038894204
0
-0.016243918
0.0034498292
0.00026375219
-0.013413644
0.0056310916
0
-0.014862571
0.0063351175
0
-0.017098605
-0.00078345908
0.0069089139
-0.01547485
0.0060982293
0
0.0022530217
-0.018081996
-0.0041128803
0.003697937
0
0
-0.019746773
0.0041928953
0
0
-0.021183212
-0.0030068054
0.0044432449
0
-0.019489111
-0.0054995996
0.0038999087
0.0013791151
-0.017251166
-0.00244674
0.0065418784
0
-0.0189816
0.007455005
0
-0.020390843
-0.0020647582
0.0079172466
-0.018628213
-0.0037000421
0.0069122396
0
0.0053489533
-0.01036337
-0.0057810572
0.0017820028
0
-0.014853539
0.0028737912
0
-0.016201579
-0.0071700745
0.0030185143
0
-0.011627783
-0.0077694153
0.0018637537
0.0030647068
-0.0092745002
-0.0031328525
0.0031152664
-0.013910392
0.0050586977
-0.015223788
-0.0046864647
0.0053183323
-0.010499034
-0.0048500617
0.0032518848
-0.0012753505
-0.0051635418
0.0015131725
0.0035299547
-0.00089318132
-0.0091809185
0.0056460675
-0.00016181253
-0.01071194
0.00038098479
0.0060609468
-0.006177414
0.00065448578
0.0037028416
-0.0030422134
-0.0030925448
0.003516845
0.0036645696
-0.0022094004
-0.0072743089
0.0061086142
-0.0016810492
-0.0085525787
0.0024300132
0.0065902527
-0.003819389
0.0030018478
0.0038578511
-0.00044228073
-0.012109497
0.0072449916
0
-0.013640051
0.0082001079
0
-0.015715453
3.0642921e-05
0.0089536721
-0.01400013
0.0078576933
-0.0011509241
-0.010339158
0.0079692125
0
-0.01195163
0.0090851315
0
-0.013806178
0.00084783057
0.0099603895
-0.011998134
0.0086834505
0.00046405035
-0.015655025
-0.00072227888
0.0084550021
0
-0.017485288
0.009688891
0
-0.018835967
-0.0010628499
0.010330775
-0.016968088
-0.0018080756
0.0089705283
-0.00046028333
-0.013482919
0.0009994725
0.0094005981
0
-0.015415496
0.010837926
0
-0.016676035
-4.0504317e-05
0.011631819
-0.014698763
0.0001012305
0.010044638
0.00070810243
-0.0072810241
-0.00038808142
0.0038988555
-0.01214188
0.0064744613
-0.013382324
-0.0020826273
0.0068333283
-0.0084216561
-0.0017701729
0.0040800623
-0.0016292238
-0.0047058954
0.0023283103
0.0040862754
-0.0097941586
0.0070862899
-0.010925276
0.00052854915
0.0075371275
-0.0057217182
0.0013132289
0.0043112054
0
0.0012599094
0.0065434908
0
-0.0024350335
0
0.0020599123
0.0044977846
-0.0015788959
0
0.0030357072
0.0050751503
-0.0017740542
-0.0018390187
0
0.0075865308
0
-0.0028170942
0.00030707196
0.0078390962
0
-0.00419888
0.00042750995
0.0057338074
-0.0027309943
0.0010919836
0.0066190123
-0.00062189297
-0.0031943141
0.0092656999
0
-0.0048655909
0
0.002485773
0.00095430182
-0.00054832348
0
-0.0033398178
0.00055078708
0
-0.0041166627
-0.0038287159
0.00052355317
0
0.00085087591
-0.00068958273
0.0004953343
0.0020861336
-0.00094882121
-0.0023314282
0.0009676022
-0.002957141
-0.0014973111
0.00090874269
0.0021996863
-0.0012084631
0
0.0053206504
0.0003066931
-0.0040075453
-0.00076892233
0
-0.005102855
0.00052578548
0
-0.0062714639
-0.0071456533
0.00054484685
0
-0.00076094091
-0.0052746992
-0.00080332006
0.0026278101
0.0018144915
-0.001641057
-0.0013704805
-0.0038333954
0.00089699743
-0.0049579458
-0.0040901636
0.00090949915
0.0008054474
-0.0024185669
-0.0014658727
0
0.002212793
0.0084745986
0
-0.0031008608
0
0.0052748591
-0.0019944612
0
0.004196958
-0.002162239
-0.002034559
0
0.0094606319
0
-0.0031482723
0.00074850161
0.010780711
0
-0.0053643731
0.0072225374
-0.0034905417
0.0061428377
0.00024209342
-0.0036155196
0.013383325
0
-0.0055087932
-0.00067177627
0.010057907
0
-0.0054672854
-0.0012381531
0.0078661606
-0.0036338267
-0.0009279121
0.0092802235
0.00058600605
-0.004266471
0.012133271
0
-0.0063549487
-0.001629128
0.012688283
0
-0.0063466482
-0.0028654322
0.010421347
-0.0043876542
-0.0029133218
0.012455988
0.0017753389
-0.0051631284
0.015511872
0
-0.0074031986
-0.001523357
0.0040653825
-0.0013656781
-0.00053536425
0.0011078418
-0.00088767036
0.0009011123
0.0010144223
0.0045599976
-0.001729878
-0.0034949795
0.0064822226
-0.0018877404
0.0017113901
0.00089677298
0.0017037249
0.0032549373
0.0007689979
0.0074384406
-0.0023444805
-0.00020134245
0.0044663048
0.00090838331
-0.0019838285
-0.0015588568
0.00097875995
-0.002588338
-0.00080670916
0.00097551667
0.0035798852
0.00077163422
-0.0021577966
-0.003006635
0.0077113032
0.0034503409
-0.0027003971
0.0013001143
0.00070404582
0.00041293056
0.0024918212
0.00068410815
0.0070050969
0.0040070829
-0.0029668519
-0.00085382328
0.014688446
0
-0.0070657253
0.010562679
-0.0047184371
0.0095486833
0.0031548231
-0.0049847127
0.019756638
0
-0.007422162
-0.0024564489
0.019238277
0
-0.0083356819
0.014524407
-0.0057929639
0.013644181
0.0061598277
-0.0062572314
0.026985545
0
-0.0090096016
0
-0.0028047065
0.0033468169
0
-0.0027236883
0
-0.0050835071
0.0028606554
-0.0015836121
-0.004584622
0.0054808581
0.0025236045
-0.0023595803
0.006375107
0
-0.0035333624
0
-0.0032362654
0.0037555489
0
-0.0032429718
0
-0.0058274261
0.0032971669
-0.0022896183
-0.0054304084
0.0063253939
0.003021286
-0.0029786849
0.0071852991
0
-0.0039418266
0
-0.0064977988
0.0020011911
9.7878926e-05
0
-0.0068841493
0.00092285992
0.0020030958
-0.0062379454
0.0018078977
0.0058753041
0.0013285592
0.0038614445
-0.00066690517
0
-0.0073998971
0.002468698
-0.0007983481
0
-0.0078004785
0.0014103646
0.00099331253
-0.0072663937
0.0027257998
0.0068925759
0.00038694191
0.0047489319
-0.0014849715
-0.0055295371
0.0056180697
0.0043510098
-0.0013343159
-0.0058303748
0.0026405599
0.00087023801
-0.0055633126
0.0033973035
0.0053555685
0.00055173315
0.0072969215
0.0042783697
-0.001953111
-0.0066895114
0.0068898678
0.0053179657
-0.0021037062
-0.0070020532
0.0039462982
-3.7718608e-05
-0.0069139122
0.0050582766
0.0066935907
-0.00033992377
0.0089269895
0.0053955566
-0.0026921985
-0.0024188176
0.009273995
0
-0.0045780026
0.0079699968
-0.0032113346
0.010415782
0.0024079442
-0.0041097395
0.012162783
0
-0.0057090227
-0.0029907034
0.010461288
0
-0.0048632878
0.009194922
-0.0037536004
0.012000976
0.0030707597
-0.0045909966
0.013710694
0
-0.005887669
0
-0.0036413452
0.0039821149
0
-0.0035837415
0
-0.0064520606
0.0035584718
-0.0030373748
-0.0061778981
0.0068358893
0.0035059845
-0.0035841888
0.0076518274
0
-0.0041055547
0
-0.0043868996
0.0040125134
0
-0.0032093553
0
-0.0069387731
0.0036118954
-0.0040973967
-0.0067970945
0.0069386916
0.0043658047
-0.0044796951
0.0077326771
0
-0.0034599137
0
-0.0080513764
0.0027729211
-0.0019719534
0
-0.0084174689
0.0017535547
-0.00039414968
-0.0080133619
0.0033671535
0.0076789702
-0.0008922652
0.0053239211
-0.0025348994
0
-0.0084055321
0.0028681324
-0.0033733268
0
-0.0086845347
0.0019010193
-0.0020161664
-0.0084109387
0.0036317393
0.0081715073
-0.0023835538
0.0054940263
-0.0037863806
-0.0076056756
0.0077056791
0.0061803025
-0.003060091
-0.0078785815
0.004850565
-0.0012482243
-0.0079281238
0.0061958762
0.0077462299
-0.0015033411
0.0099532516
0.0063790827
-0.0035726238
-0.0082037774
0.0079278724
0.0069020723
-0.0041922319
-0.0083790469
0.0052073319
-0.0026485475
-0.008514956
0.0066228022
0.0084307491
-0.0028346045
0.010197637
0.0071898143
-0.0046014537
-0.0035462194
0.011144312
0
-0.0048095528
0.0099304269
-0.0042140549
0.012928568
0.0037018408
-0.0049118961
0.014575113
0
-0.0056166294
-0.0045115421
0.011253513
0
-0.0038188469
0.010062184
-0.0049470175
0.013049858
0.0047768577
-0.0054866126
0.014669843
0
-0.0042561012
0
-0.0062409807
-0.000202701
0.0038488236
0
-0.0047051395
-0.0012082653
0.0053891006
-0.004283637
-0.0022750681
0.0056673569
0.0051033524
-0.00034497902
0.0033431925
0
-0.0070533835
0.00029049463
0.0028112339
0
-0.0053139072
-0.00072186766
0.0043714921
-0.0049659251
-0.0013560255
0.0065771425
0.0041262928
0.00058299057
0.0023614453
0
-0.0025205924
-0.0019542942
0.0064544156
0
0
-0.0023468944
0.0069900293
0
-0.0044803706
0.0023012606
0.0071172177
-0.0037149727
0.0063976015
0
-0.0028486987
-0.0014818548
0.0054710618
0
0
-0.0018867458
0.0060280765
0
-0.0035983652
0.0026710512
0.0061577858
-0.0028158049
0.0054366778
-0.0021264043
-0.0053421293
0.0039667479
0.0066456983
0
-0.0064487499
0.0075157788
0
-0.0082901649
0.001976377
0.0081613469
-0.0068778914
0.003704473
0.0071424698
-0.0025521611
-0.0040580083
0.0047471426
0.0056929202
0
-0.005184631
0.0065498835
0
-0.0066834942
0.0024698949
0.0071903152
-0.0052485685
0.0046058463
0.0061970786
-0.0052682092
-0.00047450347
0.0031253033
-0.0032625068
0.0051330417
-0.0042186741
0.0049642294
0.0054004026
-0.00063698833
0.0031105486
-0.0063055266
0.00084287814
0.0021688892
-0.0019553125
0.0041739448
-0.0025627198
0.0061602847
0.0044533714
0.0010325202
0.002167279
0
-0.0075827249
0.0006636984
0.0013127914
0
-0.0057056527
-0.00033028177
0.0028247016
-0.0054412474
-0.00062275804
0.0072184698
0.0026415467
0.0012795147
0.00095073696
0
-0.0077857223
0.00086278066
-0.00044880163
0
-0.0058483435
-8.8950901e-05
0.00097627374
-0.0056657982
-0.00018059634
0.0075326006
0.00086638976
0.0016407434
-0.0007055638
0
-0.0030594242
-0.0010830286
0.003907862
0
0
-0.0014876224
0.0044562746
0
-0.0028425499
0.0029282247
0.0045844887
-0.0020647228
0.0039053492
0
-0.0031353188
-0.00081366707
0.0020085043
0
0
-0.0012053168
0.0025262726
0
-0.0023184036
0.0030486604
0.002648915
-0.0015673374
0.0020418818
-0.002860436
-0.0029927744
0.005312005
0.0041694027
0
-0.0041096753
0.004956573
0
-0.0053222394
0.0028332204
0.005569659
-0.0039015121
0.0052676126
0.0046714241
-0.0030210194
-0.0022965083
0.0056074958
0.0023120972
0
-0.0033734405
0.0029905904
0
-0.0043945897
0.0030310234
0.0035597847
-0.0030260143
0.0056277402
0.0028042133
-0.0070627039
0.0018246946
0.00080783174
-0.00091905365
0.0027195415
-0.0012548314
0.0070420736
0.0030146882
0.0022694148
0.00083650856
-0.0074686837
0.0023214811
-0.00078326923
-0.00030412884
0.00098188606
-0.00048549548
0.0075287608
0.0012950343
0.0028833068
-0.00071151226
-0.0046777136
-0.00089164749
0.0053646859
0.0032322565
-0.0034365284
-0.0051832487
0.0058320036
-0.0030961201
-0.0061815248
0.0043240762
0.0063605726
-0.0013110593
0.0051607154
0.0034406238
-0.0060621996
0.0010954916
0.0069302495
0.0023012353
-0.0044798413
-0.0032170136
0.0049039391
-0.0042981138
-0.0039476907
0.0059218395
0.0054675241
0.00095558898
0.0069741991
0.0025281668
-0.0018186333
-0.0083455603
0.0078189863
0
-0.010019453
0.0089957867
0
-0.011620167
0.0016168787
0.009944224
-0.0097417487
0.0086003976
-0.0023905831
-0.0064115988
0.0068927583
0
-0.0081116331
0.0080333425
0
-0.0094578278
0.0022756502
0.0090147686
-0.0075485138
0.0077148489
-0.0013333829
-0.011026981
0.0026094643
0.0094097488
0
-0.013038683
0.01092306
0
-0.014183035
0.000932615
0.011843555
-0.012119143
0.0019006987
0.010168716
-0.0020838919
-0.0086287132
0.0039807177
0.0085931224
0
-0.010677207
0.010058547
0
-0.011689357
0.0017755608
0.011080145
-0.0095821561
0.0034443714
0.0094533482
-0.0037969402
-0.0019561405
0.0048304838
0.0036978131
-0.0072070781
0.0069243672
-0.0082014939
0.002967996
0.0074642459
-0.0028181488
0.0041696855
0.0039715242
-0.0056256574
0.00054092784
0.0069199554
0.0028181762
-0.0047577064
0.0060894432
-0.0056020684
0.0050362784
0.0067167009
-0.00015607938
0.006554475
0.0031503348
-0.0070809038
0.0025626712
0.0080941515
0.00099473107
-0.0052481669
-0.0016646512
0.003481022
-0.0051840213
-0.0021773918
0.007091565
0.004072721
0.0026315919
0.008300712
0.0012500991
-0.0076441675
0.0032840194
0.0087561134
-0.00051792744
-0.0056721341
-0.00075130894
0.001774802
-0.0056766285
-0.0011246471
0.0077338551
0.0023888326
0.0034611165
0.0090298554
-0.00022299832
-0.0028140003
-0.004812198
0.0053692776
0
-0.0064948532
0.006391956
0
-0.0076180582
0.0027649593
0.0073730143
-0.005727245
0.006210834
-0.0030490224
-0.0037703543
0.0034905058
0
-0.0053903704
0.0043387143
0
-0.0063492154
0.0030403013
0.005291558
-0.0045287142
0.0043328667
-0.0026448393
-0.0066215381
0.0049954234
0.0071368314
0
-0.0086530554
0.0084487045
0
-0.009529588
0.0024129594
0.0095437181
-0.0074350901
0.0045982327
0.0080816269
-0.0029664678
-0.0052774738
0.0055672018
0.005284857
0
-0.0072350413
0.0063680626
0
-0.0079854296
0.0027891718
0.0075049346
-0.0059637114
0.0052652293
0.0062918069
-0.0069616847
0.0024034826
0.0084247305
0.0015832398
-0.0028000702
0.0047458603
-0.0034973181
0.0065550527
0.0054571288
0.001862579
0.0082600831
0.0019862081
-0.0076938351
0.0033512397
0.0092220365
0.00016491525
-0.0016107724
0.0031053523
-0.0021794018
0.0073992917
0.0038916958
0.0029397675
0.0091467822
0.00065018969
-0.0025108637
0.015196093
0
-0.0068690945
-0.0043647259
0.012897163
-0.0050151738
-0.0047268062
0.015502397
0.0028583176
-0.0058998731
0.018689766
0
-0.0080385542
-0.0032838987
0.017109107
0
-0.0069836096
-0.0056653573
0.014839399
-0.0054721386
-0.0062556293
0.017829873
0.0037721018
-0.0064068196
0.021023983
0
-0.008181328
-0.0053112938
0.0088879002
-0.0025321512
0.0040208256
0.00032664297
0.00436609
0.0054117932
0.0001726557
0.010289922
-0.0030615156
-0.0068655164
0.010860665
-0.0032656677
0.0060101967
-0.00056054403
0.0066531297
0.0072254248
-0.00072150291
0.012599194
-0.0038302487
-0.0055722721
0.010930878
0.005752273
-0.0035213535
0.0042473166
8.1030916e-05
0.0035343598
0.0055163742
5.0376253e-05
0.010439449
0.0069303824
-0.0038894308
-0.0076909331
0.013533369
0.0076095237
-0.00437412
0.0067877086
-0.00082452574
0.0062581002
0.0079837788
-0.0008493191
0.013258318
0.0092064931
-0.0048370935
-0.003894991
0.023450808
0
-0.0092017326
0.018290682
-0.0067239671
0.017594241
0.0088105986
-0.0074410064
0.033557367
0
-0.010305562
-0.0050313675
0.026429132
0
-0.0095755143
0.021100899
-0.007416836
0.020615662
0.010700555
-0.008449831
0.038085154
0
-0.01126103
-0.0039939358
0.018107745
0
-0.0065223054
-0.0067771691
0.015918716
-0.005679053
-0.0074926462
0.019008325
0.0045558532
-0.0065596359
0.022075265
0
-0.0075929956
-0.0051781186
0.018104867
0
-0.0047792114
-0.007659514
0.015963416
-0.0061112163
-0.008398179
0.018848072
0.0058310222
-0.0068771344
0.021803422
0
-0.0054605279
-0.0080640275
0.012066446
-0.0040920036
0.0073561071
-0.0016906508
0.0081892003
0.0085755289
-0.001829413
0.013959284
-0.0046402045
-0.0088166261
0.012293379
-0.0050306332
0.0078352867
-0.002963648
0.0087213963
0.009362121
-0.0030477882
0.014123472
-0.0055063553
-0.0091982317
0.015047899
0.0089539986
-0.0052185014
0.0085038366
-0.0019126633
0.0081414298
0.00967248
-0.0018993091
0.014955553
0.010655815
-0.0057280823
-0.0099843661
0.015205532
0.0097153471
-0.0060315424
0.009116611
-0.0030702077
0.0088815882
0.010461429
-0.0029789334
0.015234117
0.011173589
-0.0064688279
-0.0058480289
0.027428933
0
-0.0090811535
0.022359501
-0.0076620416
0.022056862
0.011510334
-0.0090017125
0.0393364
0
-0.011658162
-0.0071027914
0.026293617
0
-0.0064685574
0.02175446
-0.0079558747
0.021614242
0.01174015
-0.0094280552
0.035647697
0
-0.0092720911
0
0.0034653692
0.0041657545
0.0048972347
-0.0030677265
0
0.007310855
0.0024303323
-0.0020788602
0
0.010510011
0.00066526248
-0.0066475372
-0.0020974043
0
0.0034322739
-0.0028249784
-0.0030890783
0.00033546718
0.0057002467
0.0098578084
-0.0055779238
0.0039621254
0.0042117131
-0.0037743938
0.0068632217
0.0020536027
-0.0028973328
-0.0039051828
0.0047690484
0.00069416952
-0.0057493823
0
0.0095359764
-0.0021695433
-0.00081651906
0
0.010144325
-0.0074426607
0.00056284875
0
0.012917395
-0.0083372579
-0.012590243
0.00056744531
0
-0.00343238
-0.00081739536
0.0061756653
-0.0006872538
-0.0015373578
0.0070180203
-0.006154091
0.00091663898
0.009683445
-0.0071305482
-0.0090407546
0.00090121211
-0.0020909721
-0.0015912099
0
0.016156595
-0.0042132028
-0.014586345
-0.00078942739
0
0.015963862
-0.0086958854
0.00055136105
0
0.019043411
-0.0083783927
-0.019861121
0.00050021657
0
-0.0044084184
-0.018923006
-0.00074289893
0.012578716
-0.0030312434
-0.010847703
-0.0015801694
0.012746675
-0.0076047645
0.00085761843
0.015977568
-0.0074288333
-0.016420053
0.0007667704
-0.0033788832
-0.015307864
-0.0015074481
0
0.011717732
0.0029203581
-0.0082954658
-0.0029103505
0
-0.00020510277
-0.0019982476
0
-0.0007044185
-0.016587936
-0.0018357539
0
0.0024101418
-0.013424579
-0.0026531408
0.0080168309
0.0040970029
-0.0047804936
-0.0054746424
0.0010140252
-0.0037895417
0.00035849184
-0.012983317
-0.0035047677
0.0034493339
-0.0099966303
-0.0049921586
-0.0035645933
0.0084364899
0.017064891
-0.0077580737
0.00013066137
0.0073581116
-0.0052790768
0.0026577763
0.0045580777
0.001738652
-0.0055015771
0.0071525395
0.0053071488
-0.0080339288
-0.0076661271
0.01176954
0.024830704
-0.009706646
-0.0038173436
0.011207984
-0.006691664
-0.0017323329
0.0077095119
0.006670646
-0.006941418
0.010114114
0.010297468
-0.010005325
0.0024932112
0.0019737095
-0.0022937319
0.0036583772
-0.003809984
0.00097311891
0.006138986
-0.0049160421
-0.0050863561
0.00095464034
0.00034136307
-0.0023874433
-0.0012581906
0.0053096115
-0.0031573996
0.00024872198
-0.00080940221
0.0006885391
0.0024842509
-0.0020484111
-0.00099766882
0.00070706712
0.0034364975
-0.003244331
0.0085216508
-0.00087518812
-0.0065146677
-0.0023706014
0.0091364601
-0.0055891904
0.00091595739
0.012426241
-0.0056673819
-0.012414362
0.00083308275
-0.0014985903
-0.011054876
-0.0022435318
0.0042546121
0.0018991332
-0.0019319957
-0.0031558535
0.005342199
-0.0029534948
0.00073345421
0.0086033558
-0.0033471703
-0.0081083413
0.00073174372
0.00093374655
-0.0064781177
-0.0029083687
0.0036046555
0.0062058501
-0.00047894603
-0.0076536625
0.0032152413
-0.0053567175
0.0022770717
-0.0086812893
-0.0049401846
0.0053074329
-0.0058368761
-0.0069381546
-0.0011039089
0.0088594095
0.0041432024
-0.0094382513
0.0060116245
-0.0066947346
0.0047238162
-0.0040419855
-0.0060885086
0.0076500274
-0.0013417613
-0.0084289967
0
0.0092440546
-0.012644823
0.0019173101
0
0.0070371597
-0.017103959
0.0031092758
0
0.0086975245
-0.017377758
-0.011548503
0.0031247766
0
-0.013201215
0.001925284
0.0066215475
-0.011525509
0.003340258
0.0051505396
-0.016131145
0.0054876403
0.0067826954
-0.016449994
-0.0088684578
0.0055293888
-0.012137128
0.0033518903
0
0.0038306555
-0.020311267
0.0040286602
0
0
-0.021962741
0.0046101843
0
0
-0.021921848
-0.0047064681
0.004665575
0
-0.020379408
0.0040591972
0.0028455282
-0.019455115
0.0071605733
0
-0.02117576
0.0082406289
0
-0.021174862
-0.0037093019
0.0083739787
-0.019564481
0.0072419564
0
0.0055962212
-0.019537918
-0.010409332
0.0039716213
0
0
-0.020912221
0.0045865939
0
0
-0.018826064
-0.0064462905
0.0043601339
0
-0.017672561
-0.012066461
0.0037548131
0.0046225993
-0.018800968
-0.0085345456
0.007120055
0
-0.02024077
0.0082751015
0
-0.018265261
-0.0055335975
0.0079182219
-0.01704937
-0.010303661
0.0067732785
0
0.013983912
-0.013094529
0.0018732644
0
-0.01685076
0.0030475815
0
-0.0153967
-0.016386381
0.0028658612
0
-0.012184821
0.0017473218
0.011343624
-0.012124873
0.0032640605
-0.016006416
0.0054130812
-0.014671859
-0.013889614
0.0051172573
-0.011343624
0.0030540272
0.0038210813
-0.0094514412
0.004207339
0.0031296286
-0.014288299
0.0070850679
0.0046847074
-0.014679962
-0.005944499
0.007180844
-0.010150719
0.0042456553
0.00097413527
-0.0067335628
0.0044937702
0.0010623072
-0.011812368
0.0078839872
0.0025025694
-0.012281858
-0.0029227116
0.0080704767
-0.0075233432
0.004596975
0.0017778089
-0.017795063
0.0093393681
0
-0.019623031
0.010805501
0
-0.019689505
-0.0026032192
0.011043672
-0.017972687
0.0095010681
0.00067390473
-0.015511363
0.01054037
0
-0.017452587
0.012255958
0
-0.01759564
-0.0014408974
0.012627623
-0.01576479
0.010816167
0.0035105167
-0.01734716
-0.006421328
0.0094053394
0
-0.01889044
0.010986553
0
-0.01711728
-0.0044504362
0.010595498
-0.015802275
-0.0082417096
0.0090196672
0.0023182641
-0.01530936
-0.0041781029
0.010809749
0
-0.016965068
0.012674246
0
-0.015453481
-0.0032599661
0.012343877
-0.014029546
-0.005996902
0.010476789
0.0083854741
-0.010301514
0.0041658414
-0.014382056
0.0070793211
-0.013263104
-0.010992855
0.0067494505
-0.0097508892
0.0039367887
0.005266425
-0.007867096
0.0045853682
-0.012160066
0.0080458511
-0.011314317
-0.0078613085
0.0077681084
-0.0076052218
0.0044169619
0
0.018569858
-0.010408724
-0.021876759
0.0015308039
0
0.013551962
-0.012953481
0.0025746767
0
0.01476903
-0.0095233341
-0.020376722
0.0021775457
0
-0.0077612054
-0.024229006
0.0012047645
0.016316397
-0.0097291627
-0.01909151
0.0026914557
0.011969734
-0.012381797
0.0046312779
0.013426615
-0.0091340454
-0.018454689
0.0039578676
-0.007277669
-0.021839049
0.0021376314
0
0.0071985268
-0.014730037
0.0034109102
0
0
-0.015616253
0.0039887161
0
0
-0.01131021
-0.0078051333
0.0034990904
0
-0.010727151
0.0029610113
0.0063824287
-0.014253597
0.0062024421
0
-0.01519838
0.0073042644
0
-0.011059185
-0.0071161887
0.006476084
-0.010423235
0.0054410753
0
0.0082434958
-0.0057552188
-0.015667214
0.0024517865
0
0
-0.0060235088
0.0029567941
0
0
0
-0.0085255998
0.002502091
0
0
-0.016239986
0.0019591676
0.0077060568
-0.0056293037
-0.014616341
0.0045681398
0
-0.005940753
0.0055444189
0
0
-0.0081833439
0.0047446818
0
-0.015550241
0.0036967608
0
0.021711999
-0.0042729452
-0.025953548
0.00075328843
0
-0.0051656251
0.001687076
0
0
-0.022540226
0.0011346149
0
0
-0.02699307
0.0001798985
0.020198177
-0.0040203227
-0.024055514
0.0013532792
-0.0049780347
0.0031129004
0
-0.02151726
0.0021235993
0
-0.025673978
0.00031629391
0.013574197
-0.0084328474
-0.015715683
0.0035149004
0.010024649
-0.011254807
0.0061725274
0.011659831
-0.0083479283
-0.015953958
0.0053451159
-0.0063452405
-0.018744987
0.0028410541
0.010514157
-0.0066703304
-0.011966975
0.0040328273
0.0078386537
-0.0096733834
0.0072070966
0.0095910704
-0.007221669
-0.013045395
0.006347726
-0.0050630466
-0.015164535
0.0033529105
0.0053629345
-0.013277465
0.0083393465
0
-0.014315269
0.0098651877
0
-0.010489481
-0.0061931077
0.0088434034
-0.0097705712
0.0074009052
0.0042069019
-0.01186094
0.0098024916
0
-0.013001713
0.011620322
0
-0.009600382
-0.0051035166
0.010545589
-0.0087896829
0.0088172023
0.006911451
-0.0053213244
-0.013090269
0.0062977107
0
-0.0056975721
0.0076639612
0
0
-0.0075727035
0.0066198132
0
-0.014349791
0.0051525243
0.0059203235
-0.0048271317
-0.011198755
0.0076135909
0
-0.0052734654
0.0092573682
0
0
-0.0067293048
0.0080756526
0
-0.01271202
0.0063081077
0.018023968
-0.0035206769
-0.021342141
0.0018468879
-0.0045763152
0.004274987
0
-0.019767324
0.0029648163
0
-0.023441398
0.00046969105
0.015346524
-0.0028221503
-0.018019588
0.0022790557
-0.0039811327
0.0051822195
0
-0.017410192
0.0036818562
0
-0.020468318
0.00070566574
0
0.020922136
0.0017889778
-0.01790044
-0.002400532
0
0.022874579
-0.00095428746
-0.0017025746
0
0.026102079
-0.00097414041
-0.024412563
-0.0016696635
0
0.0010854205
-0.021477043
-0.0022319629
0.017574984
0.0026643766
-0.014692142
-0.0044984166
0.019540971
-6.7330236e-05
-0.0032427397
0.023198566
-0.00030613624
-0.021472036
-0.003157388
0.0017518429
-0.018631906
-0.004159559
0
0.023291732
-0.0040862298
-0.00073934092
0
-0.0073457776
0.00038235801
0
-0.0056034798
-0.026125964
0.00015466065
0
-0.0032666295
-0.00084348518
0.02014328
-0.0032339006
-0.001486633
-0.0065668956
0.00057219011
-0.0050341286
-0.023405159
0.00018800357
-0.0026326982
-0.0016512804
0
0.028178656
-0.0019280039
-0.028406714
-0.0011105679
0
-0.0031570028
-0.00022136836
0
0
-0.029381806
-0.00076826723
0
0
-0.029721814
-0.0015879953
0.025996008
-0.0015702385
-0.026050219
-0.0021188162
-0.0028451882
-0.00046981491
0
-0.027821577
-0.001465856
0
-0.02798801
-0.0029918015
0
0.026872639
0.0004185802
-0.023976031
-0.0022297679
0
-0.0007023111
-0.0018059043
0
0
-0.028242644
-0.0021814809
0
0
-0.025339564
-0.0024845007
0.024454736
0.00080873933
-0.021602666
-0.0041387347
-0.00031738498
-0.0033901383
0
-0.026410113
-0.0040767626
0
-0.023485433
-0.0046004417
0.013445943
0.0042229942
-0.010682885
-0.0061770352
0.015469595
0.0015297395
-0.0045190595
0.019419868
0.00089083645
-0.017612439
-0.0043259134
0.0029292811
-0.014854348
-0.0056239369
0.0088811675
0.0061825746
-0.0062478246
-0.0073429253
0.01096744
0.0035666544
-0.0054481699
0.015072058
0.0024141491
-0.013176309
-0.0050691566
0.0044015473
-0.010512989
-0.0065062302
0.016321533
-0.0016773363
-0.0021598253
-0.0051177667
0.00062842471
-0.00397126
-0.019881376
0.00017788562
-0.0014766033
-0.0023135219
0.012089787
0.00034175438
-0.0026901805
-0.0031983143
0.00060238065
-0.0025557801
-0.015817963
0.00018877926
2.4910897e-05
-0.0027425835
0.022874788
-0.0009206022
-0.022666235
-0.0028833708
-0.0022589525
-0.00064947491
0
-0.025196971
-0.0019692356
0
-0.025079957
-0.0040294173
0.01907001
-7.6875518e-05
-0.018555234
-0.0032963606
-0.0014730798
-0.00068175255
0
-0.021736339
-0.0021742943
0
-0.021278488
-0.0045641434
0.020957267
0.0014856517
-0.018136369
-0.0055160032
0.00036398663
-0.0045722562
0
-0.023338453
-0.0054542797
0
-0.020374508
-0.0060787347
0.01671887
0.0023244392
-0.013942635
-0.0062151302
0.0012268557
-0.0052213272
0
-0.019353237
-0.0061526754
0
-0.016364925
-0.0067426075
-0.011317686
0.015048766
0.031597628
-0.011477987
-0.0074102197
0.015019243
-0.0080241327
-0.0057991848
0.010951756
0.011158966
-0.0082337113
0.013130044
0.014779342
-0.01170698
-0.013903368
0.017694754
0.035920651
-0.013104871
-0.010186126
0.018089386
-0.0092150983
-0.0090258431
0.013745352
0.014468506
-0.0093323402
0.015738673
0.017897053
-0.013179446
-0.004728711
0.0087220059
-0.0041214655
-0.0029422682
0.0023532255
8.323063e-05
-0.00098744774
0.0010201169
0.0028435154
0.00018410801
0.0066707838
-0.0041487782
-0.0075643532
0.011616452
-0.0051013723
-0.0056277752
0.0051665532
-0.00076180036
-0.0039584274
0.00381047
0.0060381735
-0.00053955495
0.0095100837
-0.0050300798
0.000161134
0.0048479518
0.0024168341
-0.0039109898
0.0016675451
-9.4767728e-05
0.00034192776
0.0048131406
-0.00080362084
-0.0038731165
0.00050057276
0.0035441458
-0.0020140516
-0.0034636276
-0.0033461149
0.007506079
0.0060213553
-0.0045822254
-0.001553279
0.0025565052
-0.00019694332
0.0013946527
0.0015925746
-0.00011630181
0.00018615248
0.0059328897
0.001864043
-0.0038707831
-0.0055247864
0.011612338
0.0084351818
-0.01083094
0.0089390887
-0.0077900197
0.0073050244
0.0004427594
-0.0069112553
0.010088231
0.002964507
-0.0094266371
-0.0090467842
0.014039055
0.011720757
-0.011805295
0.011528773
-0.0085988702
0.009610488
0.0042454617
-0.007374389
0.012224228
0.0065273064
-0.0098936553
-0.014861198
0.01935712
0.036457675
-0.014722069
-0.011820366
0.019853708
-0.010052776
-0.01100765
0.01564476
0.015974722
-0.010090464
0.017654271
0.018842767
-0.014344641
-0.014126215
0.020431149
0.030322576
-0.015701882
-0.012239113
0.019894519
-0.010220155
-0.011584419
0.016337439
0.015338489
-0.010287454
0.018600084
0.017250847
-0.014425934
-0.0094899426
0.013490131
-0.0059663729
-0.007563289
0.0071826121
-0.0017296362
-0.0061535667
0.0058898252
0.0082626266
-0.0013558279
0.011486449
-0.0057714207
-0.010346244
0.014017509
-0.0066426333
-0.0085915806
0.0080845756
-0.0026872869
-0.0073905832
0.0069369916
0.0093320284
-0.0021496891
0.012257164
-0.006263466
-0.0059140569
0.0094518333
0.0084588997
-0.005092453
-0.0040225025
0.0046006039
-0.00079927652
-0.001340208
0.003489455
0.0027965004
-0.00015899104
0.0077282871
0.0047430297
-0.0040937663
-0.0073210277
0.010362149
0.0094928133
-0.0053692235
-0.0055334651
0.0057272498
-0.0013770973
-0.0031615311
0.0046056812
0.0046092684
-0.00048515968
0.0086363534
0.0063532935
-0.0041119962
-0.011172118
0.015758473
0.013462396
-0.012199775
0.013363939
-0.0090312665
0.011261091
0.0069182089
-0.0074467207
0.013686554
0.0088848624
-0.0097883904
-0.011675268
0.016404234
0.013464396
-0.011793052
0.014106147
-0.0089824297
0.011951721
0.0081872467
-0.0071262474
0.014165217
0.0097592039
-0.0091213308
-0.0017152355
-0.003781608
0.0042301967
-0.00090833972
-0.0090453493
0.0079209468
0.00039160045
-0.0095757384
-2.5369791e-05
0.0082346352
-0.0046368681
0.0044394176
-0.0040200949
-0.0010386161
0.0035050532
-0.0026190482
-0.0063766773
0.007294509
-0.0014711576
-0.0069333968
0.0024992774
0.0077632349
-0.0019130488
0.0038547004
-0.0003885382
-0.012896423
0.010797848
0
-0.014929716
0.012614101
0
-0.015139711
-0.000306191
0.013143808
-0.013213582
0.011218736
-0.0013198886
-0.010300818
0.010217351
0
-0.01238387
0.011988725
0
-0.012634841
0.00070440754
0.012690372
-0.010653134
0.010804301
0.0011338354
-0.012928728
-0.001968306
0.011359366
0
-0.014680893
0.013349264
0
-0.013450101
-0.0020523222
0.013165406
-0.011930384
-0.003736911
0.011163033
5.8316987e-05
-0.010509018
2.1756919e-05
0.011135176
0
-0.012321617
0.013094358
0
-0.011349304
-0.00093076656
0.013123859
-0.0097655682
-0.0016527688
0.011141586
0.0022194726
-0.0051613334
0.004557906
-0.0096253223
0.0083466015
-0.0090643646
-0.0047325286
0.0082027683
-0.0051938443
0.0045300847
-0.0004935664
-0.0025680687
0.0041532134
-0.0071169688
0.008058364
-0.006806162
-0.0018746865
0.0081138792
-0.0028488255
0.0043308076
-0.0057378594
0.0010887606
0.002453442
-0.0039199024
-0.0041799352
0.0061591691
-0.0029218809
-0.0047176037
0.0044271331
0.0067956512
0.00025281351
0.0029642138
-0.0067269704
0.0022918679
0.0012367315
-0.0047022409
-0.0027542596
0.0047092974
-0.0038398231
-0.0032245507
0.0055994456
0.0055063198
0.0015525391
0.001912405
-0.0020366627
-0.0080736252
0.0089726464
0
-0.010150568
0.010573043
0
-0.010404988
0.0015003743
0.011444417
-0.0084213412
0.0097305106
-0.002476929
-0.0065057962
0.0072894194
0
-0.0085157371
0.0086264216
0
-0.0087305969
0.0020135185
0.0096457586
-0.0068045113
0.0082029211
-0.00081239961
-0.0083636065
0.00161739
0.010272451
0
-0.010186789
0.012063759
0
-0.0094135235
5.3869496e-06
0.012345206
-0.0078106771
7.3494841e-05
0.010520549
-0.0014043204
-0.0067632744
0.0026863096
0.0089492246
0
-0.0085407383
0.01046958
0
-0.0078796395
0.00067721707
0.011006891
-0.0063092734
0.0012993204
0.0094444442
-0.0026320427
-0.00045522661
0.0034707937
-0.0049725154
0.0072986229
-0.0048377744
0.00046037063
0.0075922624
-0.00089546556
0.0038912091
-0.0040195418
0.00088210289
0.0026273066
-0.0034736856
0.0062145256
-0.0034138696
0.0020800392
0.0067517276
0.00039830799
0.0032935121
0.0073737795
-0.0046680211
-0.008145921
0.0042791456
0.0055800783
-0.0078219702
0.0077584035
0.0073850016
-0.0058802099
-0.009961694
0.006982658
-0.0035896313
-0.011391565
0.0037043916
0.004422103
-0.0026941004
-0.0045899249
0.0042922425
0.0034406115
-0.0059354366
0.0078691696
0.0052303747
-0.0044902096
-0.006968621
0.0072756774
-0.0021176284
-0.0077588248
0.0039181234
0.0030045546
-0.010153544
0.010601176
0
-0.01138681
0.012561586
0
-0.0084715151
-0.0039351982
0.011565492
-0.0075770022
0.0096904636
0.0018590284
-0.0083621302
0.010779321
0
-0.0096608947
0.012732205
0
-0.007233657
-0.0027889415
0.011927196
-0.006276797
0.010046564
0.0048141081
-0.0041929717
-0.0090959519
0.0085114041
0
-0.0047032418
0.010303203
0
0
-0.0057218006
0.0090942114
0
-0.010770432
0.0071637677
0.0036890256
-0.0034939715
-0.0069639467
0.0090034997
0
-0.0040530282
0.0108116
0
0
-0.0046389596
0.0096801427
0
-0.0086959315
0.0077267682
0.012385978
-0.0020089612
-0.014368836
0.0026812439
-0.0032566346
0.00584867
0
-0.01464202
0.0042968094
0
-0.017011746
0.0010664299
0.0094007188
-0.0011853867
-0.010715203
0.0030634866
-0.0024918059
0.0062870383
0
-0.011708682
0.004817754
0
-0.013384911
0.0015572724
0.0019175318
-0.0010166715
-0.0016187455
0.0041146621
0.0016062415
-0.0042586411
0.0076013266
0.0033143949
-0.0032298353
-0.0043278806
0.0072603573
-0.00084322693
-0.0045907671
0.0040075653
6.6745497e-05
0.00013819829
0.00051741511
0.0037906112
0.00022811124
-0.0030058961
0.0070319873
0.0017954548
-0.002258807
-0.0022586601
0.0069764734
6.4541927e-05
-0.0021553879
0.0039779495
0.0008710939
-0.0067117241
0.010415516
0
-0.0080371129
0.012226888
0
-0.0060391948
-0.0017652361
0.011694514
-0.0050513032
0.0099353016
0.00012350501
-0.0054062741
0.0096171224
0
-0.0067129684
0.011183722
0
-0.0050337246
-0.00094968994
0.01096496
-0.0040516667
0.0094264591
0.0026440937
-0.0028175375
-0.0049895027
0.0091151432
0
-0.0034036967
0.010820196
0
0
-0.003578075
0.009854521
0
-0.0066744443
0.0080055999
0.0017674976
-0.00224753
-0.0033383512
0.00888186
0
-0.0028354246
0.010389393
0
0
-0.0026318598
0.0096509562
0
-0.0048819949
0.0080082051
0.0066540453
-0.00045940719
-0.0073868212
0.0034124428
-0.0017839447
0.0065056902
0
-0.0088745712
0.0052339361
0
-0.0099196182
0.0021429123
0.0043779102
7.4094237e-05
-0.0046697126
0.0036946929
-0.0012223395
0.0065087817
0
-0.0063875419
0.0055171435
0
-0.0069231058
0.0027525705
0.0043295336
0.0082172912
-0.0018598124
-0.007941707
0.0064434849
0.0057213837
-0.0059784805
0.010550359
0.0040275197
-0.0085948314
-0.0053308203
0.0059258919
-0.0060606186
-0.0067490437
0.00027481845
0.0099896503
0.0019801909
-0.0079621384
0.002345456
0.0076548907
-0.0060935208
0.006289648
0.0054823729
-0.0043344928
-0.0051134576
0.0072521964
-0.0019791999
-0.0063668827
0.0078062778
0.0025217687
-0.0030305963
-0.0010763475
0.00053546423
-0.00097902593
-0.011563457
0.0002633497
0.0016533883
-0.002887301
0.0038685379
0.0045369236
-0.0031577122
0.0009476234
0.00045902839
0.00054156791
-0.0075074352
0.00041801564
0.0031717291
-0.0027398937
0.014917875
0.00084191638
-0.014100808
-0.0033019555
-0.00059086523
-0.00052087429
0
-0.017753842
-0.0020230627
0
-0.016948149
-0.0045279207
0.010800616
0.0017060407
-0.009730735
-0.002906148
0.00026915245
-0.00016304607
0
-0.013621345
-0.0015174764
0
-0.012508761
-0.0039344638
0.012159738
0.0031910256
-0.0094642742
-0.0061757276
0.0021415983
-0.0052764758
0
-0.01485902
-0.0061002057
0
-0.011887367
-0.006523235
0.007739797
0.0039476556
-0.005177797
-0.0054331868
0.0029718054
-0.0047568464
0
-0.010310559
-0.0053266021
0
-0.0074160528
-0.005470086
-0.00284737
0.011186004
0.0048269227
-0.007441141
-0.00091666597
0.0090512828
-0.0058144165
0.0027028008
0.0065463432
-0.0008318421
-0.0044794768
0.0081489677
0.0012862615
-0.0054479499
-0.0047246847
0.011552893
0.0063686865
-0.0064728186
-0.0030405787
0.0096587576
-0.0052055591
0.00011908659
0.0070339924
0.0015713264
-0.0035451245
0.0084328613
0.0033924848
-0.0041490768
0.00064720717
0.0060798269
-0.0030731251
0.0025832886
0.00039365643
0.001792985
-0.0040249945
0.00064254662
0.0043541346
-0.0023363951
-0.0015757972
0.0069041653
-0.0028057186
0.003593374
0.00034758163
0.0025979657
-0.0014208743
0.00090344134
0.0050175428
-0.0017515604
0.0070988846
0.0023908357
-0.0058649297
-0.0021768041
0.00098939492
0.00035260753
0
-0.0097260866
-0.00072161302
0
-0.0083898676
-0.0028798471
0.0041401133
0.00279385
-0.0028593068
-0.0012339177
0.0014703183
0.00095065556
0
-0.0064215598
0.00024715928
0
-0.004977624
-0.0015299329
0.0039039546
0.0044668647
-0.0015379071
-0.0041171314
0.0035892986
-0.0037607769
0
-0.0061652624
-0.0039619088
0
-0.0034205691
-0.0037479145
0.0010236751
0.0046478307
0.0010812032
-0.0024369791
0.0038910844
-0.0024535006
0
-0.0028280068
-0.0022204415
0
-0.00031041013
-0.0016176804
0
0
-0.0016045992
0.0032091988
0
-0.0016045997
0
0
-0.0029468374
0.0032417059
-0.0018994677
0
-0.0023633451
0.0059609911
0.0013494853
-0.0017054254
0
0.0059081722
0
-0.0013494881
0
-0.0018994731
0.0032417086
0
-0.0029468351
0
-0.0035598876
0.0033208322
-0.0035598854
-0.0030798294
0.0060696379
0.001705427
-0.0030798287
0.0059609934
0
-0.0023633458
0
0
-0.0038944872
0.0032727612
-0.0023251114
0
0
-0.0044002687
0.0032635892
-0.0027578077
0
-0.0029145622
0.0060217973
0.0029037891
-0.0027474349
0
0.0060208535
-0.0022076484
0
-0.0048767799
0.0034274911
-0.0044357102
0
-0.005819072
0.00351154
-0.0053270557
-0.0044595498
0.0063581522
0.0040120207
-0.005146518
0.0062289151
-0.0040768811
0
-0.0013130425
0.0078064114
0.0013762516
-0.001848767
0
-0.00062830037
0.0077904614
-0.0024534063
0
0.0020096219
0.0083305399
-0.00058467003
-0.0019650304
0
0.008380822
0.00015772449
-0.0013168051
-0.0025560319
0.0080325683
0.0021889619
-0.0032853503
-0.0023330318
0.0081580207
-0.0044762748
0.00023707847
0.0086876631
0.00072298036
-0.0034547317
0.0085991035
0.0010194298
-0.0021797897
0
-0.00088779653
0.0076837673
0
-0.00088779859
0
0.0077426441
-0.0012931979
0
0.0083314693
0.00029699539
-0.00072809605
0
0.0082777583
0
-0.00029699561
-0.0012931962
0.007742643
0
-0.001376252
0.0078611703
-0.0021889646
0.0084438403
0.00072809492
-0.0010194312
0.0083314683
0
-0.00015772598
0
-0.0023251153
0.0032727634
0
-0.0038944832
0
-0.0044357157
0.0034274918
-0.0048767768
-0.0040768862
0.0062289168
0.0022076493
-0.0040120169
0.006020852
0
-0.0029037851
0
-0.0027578067
0.0032635868
0
-0.0044002633
0
-0.0053270596
0.0035115412
-0.0058190652
-0.00514652
0.0063581521
0.0027474369
-0.0044595447
0.0060217944
0
-0.0029145558
0
-0.0062646977
0.0036579644
-0.0062646925
0
-0.0078086319
0.00389544
-0.0076785615
-0.0065501976
0.0069240056
0.0055306091
-0.0071554951
0.0065654142
-0.005530608
0
-0.0076785687
0.0038954395
-0.0078086229
0
-0.0098399487
0.0043227562
-0.0098399376
-0.0087835488
0.0075788446
0.0071555031
-0.0087835378
0.006924005
-0.0065501905
-0.004201802
0.0083983162
0.0032853497
-0.0042018
-0.0045501321
0.0087794426
-0.0059833817
-0.0020657236
0.0092855366
0.0024534836
-0.0043485856
0.0089457093
0.0021797875
-0.0024534868
-0.0059833881
0.0087794438
0.0044762777
-0.0045501284
-0.0069421943
0.0094964588
-0.0069421897
-0.0045781482
0.0099555821
0.0043485873
-0.004578148
0.0092855359
0.0034547319
-0.0020657235
-0.0018487697
0.007806412
0
-0.0013130424
0.0080325666
-0.0025560344
0.0085991027
0.0013168025
-0.00072298228
0.0083808221
0
0.00058466643
-0.0024534058
0.0077904587
0
-0.00062830086
0.0081580202
-0.0023330306
0.008687663
0.0019650322
0.00023707456
0.0083305397
0
0.0020096176
0
0
-0.0044964022
0.0031916028
-0.0030954692
0
0
-0.004300889
0.0030776274
-0.0032731406
0
-0.0014549796
0.0056716271
0.0024114809
-0.003550501
0
0.0059098449
-0.0032213235
0
-0.0064334807
0.0035460189
-0.0060270795
0
-0.0068671612
0.0035585476
-0.0063980077
-0.0040415293
0.0063283703
0.0044467486
-0.0067255431
0.0063947446
-0.0060828502
0
0
-0.0040723612
0.0030578335
-0.0032863613
0
0
0.0040953891
-0.0032705156
0
0.0047961821
8.1715408e-05
-0.0036074868
0
0.0053810645
-0.0036964951
0
-0.007467149
0.0037252384
-0.0064116119
0
0.0053605842
-0.0062404403
0.0059216851
0.0032934634
-0.0067678816
0.0062687536
-0.0069880762
0
0.0051332573
0.0063972677
-0.0025738627
-0.0035755979
0
0.0050670679
-0.0034330943
0
0.0047837175
-0.010020313
-0.0031209155
0
0.00643476
-0.0068292698
-0.0032285358
0.0019744953
0.0072901359
0.00012940548
-0.006700881
0.0061284215
-0.0064458289
0.0057416935
-0.006902921
-0.0058278969
0.0072665429
-0.0041207512
-0.0059871127
0
0.00067779716
0.0076066951
-0.0030029477
0
0.007179491
-0.0034039294
0
0.0074820248
-0.0041128431
-0.0030189606
0
0.0080702742
-0.0025668003
-0.0015185099
0.0081374469
-0.0055601719
0.0078891848
-0.0063538482
0.0081601152
-0.0018650121
-0.0055456301
0.0085852507
-0.0046425377
0
-0.0091439907
0.004105962
-0.0087976827
0
-0.010474605
0.004330079
-0.0093974723
-0.0075104709
0.0074699319
0.0071802778
-0.0095352029
0.0072269662
-0.0085737742
0
-0.01192587
0.0047490832
-0.011460844
0
-0.014214074
0.0052289964
-0.012338265
-0.011235798
0.0088563141
0.010102787
-0.012029509
0.0082229157
-0.010728369
0
-0.012301606
0.0048159855
-0.0094005962
0
0.0074896406
-0.008966796
0.0079221907
0.0076156814
-0.0095089642
0.0078269776
-0.0098938579
0
-0.017390727
0.0060979678
-0.012321911
0
0.010004625
-0.011531445
0.010386863
0.012293693
-0.011887427
0.0097305466
-0.012468542
-0.0019698337
0.0088665651
0.0035531624
-0.0093237971
0.0080153617
-0.0089877797
0.0074409907
-0.0030557266
-0.0080346754
0.0087299693
-0.00072218459
-0.0081840589
-0.0062190315
0.010821243
0.0072401873
-0.011435649
0.010371828
-0.011048574
0.0095617485
0.0011091824
-0.0096755393
0.01053637
0.002964166
-0.0097541697
-0.0043326709
0.0090544156
-0.0076050824
0.0091309216
-0.0087943465
0.0093414592
0.0010036635
-0.0074820159
0.0094694857
-0.0061196679
-0.0073629586
0.010157589
-0.0091189915
0.010654396
-0.010715199
0.010777174
0.0041230938
-0.0087637222
0.010515534
-0.0069326676
0
0.0073772471
0.0073114377
-0.0045976743
-0.0020207363
0
0.01070507
0.0066811797
-0.0025269778
0
0.013861068
0.0049631425
-0.010094361
-0.0020486694
0
0.0055006403
-0.0068031622
-0.0014804017
0.0052014977
0.0077668495
-0.0028605633
-0.0035432694
0.0081166321
0.0072759134
-0.0045579104
0.011514039
0.0054293808
-0.0080970768
-0.003619099
0.0058601497
-0.0051893882
-0.0024813906
0
0.01433558
0.005604909
-0.0028006591
0
0.0039892152
-0.0027703574
0
0.0027866787
-0.017795371
-0.0024791353
0
0.0040761892
-0.0024055832
0.0113914
0.0063249606
-0.005133845
0.0048067408
-0.0051361461
0.003415483
-0.015156706
-0.0045630779
0.0046356193
-0.0043589085
0
0.020208129
0.0020938376
-0.01607298
-0.0021527975
0
0.0013627603
-0.0023439835
0
0
-0.021504317
-0.0024724862
0
0
-0.017248772
-0.0021617079
0.0179725
0.0024296768
-0.014051529
-0.0038678259
0.0017358073
-0.0042944739
0
-0.019703523
-0.0045185886
0
-0.015570434
-0.0038651206
0
0.012018427
0.0029294522
-0.0083858928
-0.0010613456
0
0.0026085926
-0.0017000033
0
0
-0.013034798
-0.0016053813
0
0
-0.0092196544
-0.00088569099
0.01026936
0.0031500407
-0.0069500504
-0.0016705464
0.0028916153
-0.0029444065
0
-0.011539637
-0.0027445626
0
-0.0079586753
-0.0013166118
0.0023462968
0.0085390772
-0.00054029428
-0.0044188636
0.0047784212
0.0083018714
-0.0059504469
0.0083059197
0.0062215748
-0.0053228395
-0.0045218826
0.00645874
-0.0029120947
-0.0028117981
-0.00083195223
0.0094318222
0.0020506197
-0.0045538187
0.0010727748
0.0095293334
-0.0066073332
0.0046108962
0.0071529232
-0.0021213868
-0.0046349818
0.0071345638
-0.00027860762
-0.002357319
0.0076564199
0.00758196
-0.0068638345
0.0062480458
-0.0069696666
0.0045128544
-0.01160476
-0.0060774741
0.0055999827
-0.005675772
0.0035190922
0.0091175737
-0.0078913558
0.0080358086
-0.0081724591
0.0058618252
-0.0075196371
-0.0068968425
0.0067630128
-0.006229952
0.014670055
0.0029928073
-0.011028286
-0.0049024202
0.0023719223
-0.0056198553
0
-0.016675828
-0.0058453465
0
-0.012741066
-0.0048070756
0.010678374
0.0036608489
-0.0073755904
-0.0051030401
0.0031439552
-0.0061662459
0
-0.012796122
-0.0062701942
0
-0.0091340444
-0.004808304
0.0076202566
0.0035038904
-0.0047491342
-0.0015868193
0.0033572655
-0.0034881262
0
-0.0090119812
-0.0031163819
0
-0.0058215898
-0.0010031127
0.0044198214
0.0038934576
-0.0020899356
-0.00067559895
0.0038936491
-0.0031846211
0
-0.0058042495
-0.0025525277
0
-0.0031205669
0.00020666234
0
0.00033074725
0.0076162653
0
0.00033074569
0
0.0011037761
0.0076585063
-0.00010006589
0
0.0022267379
0.005840292
-0.00090231969
0.00049379606
0
0.0058116281
0
0.00090231755
-0.00010006161
0.0076585028
0
0.0011037728
0.00024467953
0.0077543594
0.00024467394
0.001414274
0.0059134116
-0.00049379933
0.0014142692
0.0058402888
0
0.0022267322
0
0.0024985834
0.0076868063
-0.00070079149
0
0.0076080173
-0.0013765684
0
0.0057668772
-0.0041657854
-0.00079623677
0
0.0058506823
-0.00010292353
0.0012040841
0.0078786712
-0.00093976379
0.0079244251
-0.0022698095
0.0060174789
-0.0029506286
-0.0011280502
0.0060018884
0.0002375046
0
0.005380543
0.0031542427
-0.0030595055
0.00037540211
0
0.0030954903
-0.00033396298
0
0
-0.0060209454
-0.00010321869
0
0
-0.0035011543
0.00063445166
0.004284356
0.0032486267
-0.0023192374
0.0011635453
0.0032508531
-0.00023303155
0
-0.0050352817
0.00022424081
0
-0.0028229224
0.001670719
0
0.0013358902
0.0031398458
0
0.0013358921
0
0.0031545256
0.00096215111
0
0
-0.0015699213
0.0012232926
0
0
0
0.0015699245
0.00096215767
0.0031545222
0
0.003059501
0.0031992512
0.0023192317
0
-0.0012232942
0.0028229156
0
0
0.0035011525
-0.00070078996
0.0076868062
0
0.0024985787
-0.0009397613
0.007878668
0.0012040799
0.00023751152
0.0060018873
0.00010291698
0.0029506214
0.0058506795
0
0.0041657758
-0.0013765661
0.0076080182
0
0.0045976664
-0.0022698038
0.0079244251
0.0028605556
-0.0011280446
0.0060174767
0.00079623597
0.0051893784
0.005766878
0
0.006803152
-0.00055452999
0.0081752512
-0.00055453694
0.0084452333
-0.0025243304
0.0064207077
-0.0012109946
-0.00080462484
0.006228286
0.0012109867
-0.0025243269
0.0084452334
0.00054028866
0.0090081661
-0.0020506217
0.0068417193
0.00080461684
0.00027859748
0.0064207105
0.0029120819
0.0025865216
0.0033823504
-0.0011635538
0.0025865131
0.0034900773
0.00053498623
0
-0.0033619054
0.0012546337
0
-0.0016707287
0.0033618927
0.00053500077
0.003490078
0.00023302477
0.00474912
0.003731844
0.0020899267
0
-0.0012546429
0.0031205536
0
-0.00022424829
0.0058215761
0.0003754062
0.0031542398
0
0.0053805345
0.0032486267
0.0042843448
0
-0.00063445636
0.00503527
0
0
0.0060209359
-0.0003339574
0.003095491
0
0.008385879
0.003250853
0.0069500359
0
0.00010321459
0.0079586601
0
0
0.0092196415
0
-0.0030954724
0.0031916023
0
-0.0044963932
0
-0.0060270834
0.0035460169
-0.0064334711
-0.0060828538
0.0063947453
0.0032213216
-0.0044467408
0.005909843
0
-0.0024114749
0
-0.0032731422
0.0030776283
0
-0.0043008793
0
-0.0063980121
0.003558547
-0.0068671482
-0.0067255464
0.0063283711
0.0035505008
-0.0040415193
0.0056716254
0
-0.0014549711
0
-0.0087976903
0.0041059612
-0.0091439771
0
-0.011460855
0.0047490836
-0.011925856
-0.010728378
0.0082229168
0.0085737812
-0.010102774
0.0072269669
-0.0071802687
0
-0.0093974791
0.0043300789
-0.010474589
0
-0.012338271
0.0052289937
-0.014214058
-0.012029519
0.0088563148
0.0095352065
-0.011235783
0.0074699298
-0.0075104596
-0.0076050875
0.0090544181
0.005560173
-0.0043326651
-0.0091189982
0.010157588
-0.0073629503
-0.0069326722
0.010515535
0.0061196677
-0.00412309
0.0094694857
0.0046425402
-0.0010036637
-0.0087943513
0.009130921
0.0063538493
-0.0035531543
-0.010715203
0.010654396
-0.0072401791
-0.0087637239
0.010777176
0.0074820159
-0.0029641628
0.0093414587
0.0055456315
0.00072218299
-0.0030029514
0.0076066937
0
0.0006777998
0.0081374443
-0.0015185081
0.0085852505
0.0025667987
0.0018650099
0.0080702734
0
0.0041128367
-0.003403929
0.0071794898
0
0.0025738643
0.007889184
-0.00012940061
0.0081601155
0.0030189601
0.0041207498
0.0074820224
0
0.0068292642
0
-0.0032863631
0.0030578327
0
-0.0040723489
0
-0.0064116136
0.0037252365
-0.0074671343
-0.0069880768
0.006268754
0.0036964948
-0.0032934548
0.0053810641
0
-8.1707709e-05
0
-0.0032705145
0.0040953881
0
-0.0048972225
0
-0.0062404396
0.0053605821
-0.0098577914
-0.0067678811
0.0059216847
0.0036074841
-0.00069416031
0.0047961845
0
0.00282498
0
-0.0094005963
0.0048159836
-0.01230159
0
-0.012321911
0.0060979659
-0.017390708
-0.012468546
0.0097305461
0.0098938598
-0.012293678
0.007826976
-0.0076156691
0
-0.0089667957
0.0074896373
-0.017064871
0
-0.011531443
0.010004619
-0.02483068
-0.011887426
0.010386862
0.009508962
-0.010297457
0.0079221877
-0.0053071385
-0.0093237972
0.0088665656
0.0067008818
-0.0019698285
-0.011435652
0.010821243
-0.0062190206
-0.0097541689
0.010536369
0.0081840609
-0.0011091807
0.0087299694
0.0059871102
0.0030557299
-0.0089877841
0.0080153638
0.0064458281
0.0004789514
-0.011048575
0.010371828
-0.0041431954
-0.0096755411
0.0095617481
0.0080346744
0.0013417662
0.0074409912
0.0058278998
0.005836877
-0.0035755982
0.0063972681
0
0.0051332586
0.0072901355
0.0019745014
0.0072665432
0.003228535
0.0069029173
0.00643476
0
0.010020307
-0.0034330945
0.0050670713
0
0.0082954663
0.0061284226
0.004780497
0.0057416992
0.0031209128
0.0099966277
0.0047837208
0
0.013424571
0
-0.014167145
0.005412577
-0.014167132
0
-0.017273574
0.0061561142
-0.01538795
-0.014492418
0.010297926
0.012646618
-0.014325521
0.0092490501
-0.012646602
0
-0.015387957
0.0061561143
-0.01727356
0
-0.018961904
0.0071478909
-0.018961894
-0.016625682
0.011748192
0.014325528
-0.016625667
0.010297924
-0.014492403
0
-0.021659113
0.0073938214
-0.015330193
0
0.012451447
-0.014044376
0.01290172
0.016431849
-0.013990206
0.011689273
-0.014824563
0
-0.024141464
0.0086542954
-0.018804928
0
0.014490519
-0.016755709
0.015156994
0.019183538
-0.015943165
0.013551213
-0.017163624
-0.010126808
0.012836489
0.010607504
-0.01306356
0.012806218
-0.012644699
0.011743655
0.0050666787
-0.010715148
0.012368872
0.0064449291
-0.010664804
-0.013037423
0.014661112
0.01308203
-0.014218066
0.014977185
-0.013781556
0.013620967
0.0082707034
-0.011102326
0.013907241
0.0092162642
-0.010856494
-0.010122029
0.011255108
-0.010122019
0.012212244
-0.012144043
0.012198818
0.0070555923
-0.0093609595
0.011500951
-0.0070555905
-0.012144051
0.012212246
-0.010607493
0.013624143
-0.013082015
0.01333474
0.0093609625
-0.0092162553
0.012198815
-0.0064449213
0
-0.015330196
0.0073938188
-0.021659094
0
-0.018804931
0.0086542922
-0.024141452
-0.017163633
0.013551214
0.014824566
-0.019183522
0.011689266
-0.016431831
0
-0.014044371
0.01245144
-0.031597605
0
-0.016755706
0.014490513
-0.03592063
-0.015943165
0.015156986
0.013990209
-0.017897039
0.012901717
-0.014779324
0
-0.023923176
0.010236484
-0.023923167
0
0.01607882
-0.02030003
0.017191051
0.019834821
-0.01804745
0.01557886
-0.019834812
0
-0.020300027
0.016078816
-0.036457662
0
0.020045089
-0.03032257
0.018451869
0.018047456
-0.017250839
0.017191048
-0.018842754
-0.014435565
0.016013842
0.014218069
-0.014435551
0.01654355
-0.014107224
0.014847681
0.010268294
-0.010789888
0.01483742
0.010856502
-0.010268281
-0.014107232
0.016543549
0.013781564
-0.013462384
0.017166194
-0.013464386
0.015104807
0.010789896
-0.0097591926
0.01484768
0.011102334
-0.0088848498
-0.013063567
0.012836485
-0.010126796
0.014661108
-0.013037409
0.01390724
0.010664808
-0.0082706923
0.012368873
-0.0050666705
-0.012644701
0.012806216
-0.0084351693
0.014977182
-0.011720742
0.013620965
0.01071515
-0.0065272908
0.011743653
-0.0029644993
-0.0039172441
0.010227806
0.0045538173
-0.0039172461
-0.0025439655
0.010704278
-0.0064860712
0.00087056438
0.0080233559
0.0011004675
-0.0039250918
0.0077141091
0.002357314
-0.001100469
-0.0064860744
0.010704277
0.0066073315
-0.0025439653
-0.0056022777
0.011567148
-0.0056022755
-0.0024574264
0.0086318196
0.0039250871
-0.0024574243
0.0080233532
0.0046349805
0.00087056155
-0.00054471251
0.010644128
-0.0081658643
0.0098566983
-0.0086900277
0.0072247794
-0.003358237
-0.0069673052
0.007902207
-0.0059757037
-0.0040387432
0.011867816
-0.0076899736
0.011389512
-0.008517125
0.0083600316
0.00040017143
-0.0063171966
0.0087930407
-0.0049581835
0.006446014
0.0043090417
-0.0035290293
-0.0044268596
0.0039196633
-0.00587939
0
-0.0085043172
-0.0057335808
0
-0.0051795179
-0.0038240615
0.0024487031
0.0048126821
5.4929643e-05
-0.0029501337
0.0045653912
-0.0048138434
0
-0.0042765661
-0.0043076763
0
-0.0013366531
-0.0019512925
0.0010712437
0.0042204443
0.00067558819
0.001071234
0.004387855
-0.0020069056
0
-0.0023168961
-0.0010272945
0
-0.00020667162
0.0023168821
-0.0020069007
0.0043878521
0.0031846123
0.0035290234
0.0047278774
-5.4934457e-05
0
0.0010272862
0.0013366436
0
0.0025525157
0.0051795048
-0.0081658662
0.010644127
0.007891358
-0.00054471109
-0.00768998
0.011867815
-0.0040387371
-0.0049581835
0.0087930416
0.005975704
-0.00040017123
0.0079022058
0.0062299511
0.0033582356
-0.0086900328
0.0098566989
0.0081724602
0.0018598158
-0.0085171307
0.011389511
-0.0019801856
-0.0063172017
0.0083600306
0.0069673044
0.0019792065
0.0072247814
0.0068968403
0.0060606172
-0.0065260359
0.012509531
-0.0065260284
0.01233293
-0.0077014878
0.0090448918
0.0033177559
-0.0050606527
0.0092286701
-0.0033177501
-0.0077014991
0.012332929
-0.0048269089
0.01243918
-0.0063686735
0.0091028253
0.0050606584
-0.0033924719
0.009044888
-0.0012862522
-0.00086501509
0.0050584301
0.0029501321
-0.00086501069
0.0049587262
-0.0031306
0
-0.0005779241
-0.0021915951
0
0.0019512896
0.00057792382
-0.0031306053
0.0049587267
0.0048138436
0.0015379123
0.0050040195
-0.0010811963
0
0.0021915987
0.00031041562
0
0.004307675
0.0034205743
-0.0044268549
0.0043090438
0.0051030344
0.006446006
0.0048126813
0.0024487031
0
0.0038240529
0.0042765615
0
0.0048082948
0.0085043067
-0.0058793885
0.003919662
0.0061662416
0.0094642723
0.0045653902
0.0051777986
0
0.0057335749
0.0074160518
0
0.0062701841
0.01188736
-0.0020207364
0.0073114383
0
0.0073772378
-0.0035432691
0.0077668488
0.00520149
-0.0024813856
0.0058601513
0.0014803974
0.0080970641
0.005500641
0
0.010094347
-0.0025269775
0.0066811795
0
0.010705058
-0.0045579059
0.0072759136
0.0081166204
-0.0036190959
0.0054293818
0.0020486699
0.011514022
0.004963143
0
0.013861053
-0.004418863
0.0085390792
0.002346289
0.0094318222
-0.00083195478
0.0071345629
0.0028117908
0.0021213799
0.0064587404
0.005322826
-0.0059504495
0.0083018749
0.0047784165
0.0095293323
0.0010727713
0.0071529243
0.0045218807
0.0046108877
0.0062215775
0.0083059081
-0.0015868121
0.0035038903
0.0016705409
0.0076202414
0.0038934584
0.0044198073
0
0.0010031041
0.0058042362
0
0.0013166051
0.0090119654
-0.003488117
0.0033572647
0.0029444036
0.011028268
0.0038936495
0.0073755775
0
0.0031163732
0.0091340282
0
0.0027445552
0.012741048
-0.0010613416
0.0029294509
0
0.012018411
0.0031500427
0.010269344
0
0.00088568498
0.011539623
0
0
0.013034777
-0.0017000009
0.002608596
0
0.016072959
0.0028916148
0.014051514
0
0.0016053774
0.015570416
0
0
0.017248751
-0.0028006596
0.0056049127
0
0.014335565
-0.0051338462
0.006324961
0.011391389
-0.0043589072
0.0046356226
0.0024055785
0.015156689
0.0040761923
0
0.017795352
-0.0027703577
0.0039892192
0
0.017900424
-0.0051361435
0.0048067444
0.01469213
-0.0045630708
0.0034154842
0.0024791334
0.018631887
0.002786682
0
0.021477023
-0.0068638347
0.0075819614
0.007656413
0.0091175733
0.0035190898
0.0067630147
0.0056757677
0.0075196297
0.0055999823
0.011604748
-0.0069696664
0.006248048
0.010682879
0.0080358069
0.0062478247
0.0058618241
0.0060774686
0.010512984
0.0045128554
0.014854338
-0.0049024151
0.0029928081
0.0038678184
0.014670038
0.0036608478
0.010678364
0
0.0048070659
0.012796105
0
0.0038651111
0.016675811
-0.0056198466
0.0023719221
0.0042944668
0.018136352
0.0031439572
0.013942625
0
0.0058453343
0.016364912
0
0.0045185794
0.020374488
-0.0021527958
0.0020938392
0
0.020208108
0.00242968
0.017972479
0
0.0021617046
0.019703502
0
0
0.021504294
-0.0023439791
0.001362762
0
0.023976007
0.0017358058
0.021602645
0
0.0024724798
0.023485408
0
0
0.025339536
-0.0094606217
-0.0030677243
0.0041657567
0
0.0034653669
-0.01338331
-0.0055779205
0.005700244
0.00033547039
-0.0057493777
0.0047690479
0.0030890804
0.0028973331
0.0034322791
0
0.0066475379
-0.0041969624
-0.0020788569
0.0024303386
0
0.0073108477
-0.0061428354
-0.003774389
0.004211714
0.0039621238
-0.0039051812
0.0020536068
0.0020974031
0.0068632184
0.00066527579
0
0.010510004
-0.01975662
-0.0077580683
0.0084364841
-0.0035645877
-0.026985522
-0.0097066391
0.011769533
-0.0076661208
-0.010005323
0.010114108
0.0080339278
-0.0066706361
0.0071525402
-0.0017386444
-0.0095486733
-0.0052790696
0.0073581066
0.00013065967
-0.01364417
-0.0066916548
0.011207976
-0.003817342
-0.0069414132
0.0077095106
0.0055015739
-0.001732331
0.0045580765
0.0026577783
-0.0076536582
0.0062058501
0.0054746418
0.0036046579
-0.0094382538
0.00885941
-0.0011039022
-0.0084289969
0.0076500283
0.0069381579
0.0040419869
0.0053074369
0.0049921556
0.0086812925
-0.0053567164
0.0032152435
0.0037895404
0.0065146669
-0.006694733
0.0060116239
0.001932001
-0.006088508
0.0047238179
0.0049401823
0.0064781186
0.0022770758
0.0035047666
0.011054876
-0.0029103473
0.0029203671
0
0.011717726
0.0040970079
0.0080168315
0.0034493389
0.0026531411
0.012983311
0.0024101512
0
0.016587928
-0.0019982458
-0.00020509213
0
0.014586339
0.0010140314
0.010847702
0.00035849888
0.0018357535
0.015307857
-0.00070440469
0
0.018922994
0.00076093273
-0.00081651852
-0.0021695311
0
0.0095359646
-0.00080545026
-0.0015373552
-0.00068724709
0.0061756579
-0.0015912075
-0.0020909638
0.00081739375
0.0090407488
-0.0034323698
0
0.012590236
0.0062714508
0.00056284899
-0.0074426486
0
0.010144313
0.0049579347
0.00091664013
-0.0061540831
0.0070180151
0.00090121191
-0.0071305367
-0.00056744314
0.0096834336
-0.0083372422
0
0.012917387
-0.0035798869
-0.0022937269
0.0019737091
0.0024932091
-0.0070050927
-0.0031573905
0.0053096057
-0.0012581914
-0.0032443265
0.0034364952
0.0023874394
0.00099766655
0.00034136601
0.0050863534
0.0025883346
0.00097312286
-0.0038099778
0.0036583696
-0.00041293245
0.00068854503
-0.00080939973
0.00024871859
0.00070706908
-0.0020484094
-0.00095464011
0.0024842472
-0.0049160357
0.0061389831
-0.0023705982
-0.00087518346
0.0015801671
0.0085216476
-0.0031558513
0.0018991348
0.0042546145
-0.0029083695
0.00093374871
0.0022435306
0.0081083436
-0.0014985848
0.0015074483
0.012414359
0.0009159583
-0.0055891831
-0.00085761741
0.009136454
0.00073345459
-0.0029534903
0.0053421992
0.00073174301
-0.0033471639
-0.00083308
0.0086033541
-0.0056673711
-0.00076676803
0.012426236
-0.00078942854
-0.0042131874
0
0.016156586
-0.0030312343
0.012578711
-0.0033788725
0.00074289968
0.016420044
-0.0044084036
0
0.01986111
0.00055136118
-0.0086958718
0
0.015963854
-0.0076047499
0.012746668
-0.0074288192
-0.00050021248
0.015977557
-0.0083783768
0
0.019043402
-0.033557342
-0.011477979
0.015048756
-0.011317678
-0.038085136
-0.013104858
0.017694744
-0.01390336
-0.013179442
0.015738665
0.011706976
-0.014468493
0.013130039
-0.011158955
-0.017594228
-0.0080241222
0.015019233
-0.0074102156
-0.020615651
-0.0092150888
0.018089376
-0.010186118
-0.0093323336
0.013745343
0.0082337076
-0.009025835
0.010951751
-0.0057991789
-0.039336382
-0.014722061
0.01935711
-0.014861188
-0.035647688
-0.015701872
0.020431142
-0.014126212
-0.014425937
0.018600079
0.014344641
-0.015338481
0.017654262
-0.015974706
-0.022056849
-0.010052763
0.019853694
-0.011820358
-0.021614234
-0.010220146
0.019894511
-0.012239105
-0.010287449
0.016337426
0.01009046
-0.011584407
0.015644749
-0.011007636
-0.012199778
0.015758466
0.011805294
-0.011172104
-0.011793057
0.016404228
-0.011675256
-0.0091213407
0.014165213
0.0097883968
-0.0081872337
0.013686548
0.0098936555
-0.0069181907
-0.0090312637
0.013363926
0.0085988698
-0.0084588869
-0.0089824361
0.014106138
-0.0094927956
-0.0071262523
0.011951712
0.0074467245
-0.0063532796
0.011261086
0.0073743879
-0.0047430148
-0.01083094
0.011612335
-0.0055247791
0.014039048
-0.0090467711
0.012224227
0.0094266391
-0.0042454531
0.010088228
-0.00044274996
-0.0077900188
0.0089390864
-0.0024168284
0.011528767
-0.0060213442
0.0096104806
0.0069112563
-0.0018640346
0.007305025
0.0020140597
-0.01043944
-0.004121456
0.0087220006
-0.0047287103
-0.013258304
-0.0051013614
0.011616439
-0.0075643469
-0.0050300766
0.0095100745
0.0041487731
-0.0060381672
0.0066707787
-0.0028435104
-0.0035343523
8.3237661e-05
0.0023532202
-0.0029422708
-0.0062580879
-0.00076179188
0.0051665437
-0.0056277732
-0.00053955123
0.0038104612
-0.00018410824
-0.0039584252
0.0010201158
-0.00098744521
-0.014955538
-0.005966362
0.013490115
-0.009489935
-0.015234103
-0.0066426164
0.014017492
-0.010346239
-0.0062634607
0.012257149
0.005771417
-0.00933202
0.011486434
-0.0082626138
-0.0081414123
-0.0017296219
0.0071825976
-0.0075632903
-0.0088815701
-0.0026872726
0.0080845579
-0.0085915761
-0.0021496799
0.0069369744
0.0013558219
-0.0073905785
0.0058898119
-0.0061535573
-0.0050924523
0.009451821
0.0045822223
-0.005914044
-0.0053692192
0.010362132
-0.0073210122
-0.0041120021
0.0086363412
0.0040937668
-0.0046092534
0.0077282743
0.0038707838
-0.0027964852
-0.00079927423
0.0046005894
0.00019694403
-0.0040224913
-0.0013770948
0.0057272339
-0.0055334512
-0.00048516091
0.0046056671
0.00015899334
-0.0031615189
0.0034894447
-0.00018615199
-0.0013401951
-0.0039109881
0.0048479518
0.0001611353
0.0075060707
-0.0033461062
0.0059328851
0.0034636247
0.00011631018
0.0035441468
0.00387312
0.00034192937
-9.4770487e-05
0.0016675469
0.0025564987
-0.0015532702
0.0015925661
-0.00050056861
0.0013946594
-0.00080362015
0.004813144
-0.0079417061
0.0082172927
0.0073429239
0.0043295331
-0.0079621424
0.0099896479
0.00027482993
-0.0063668842
0.0072521967
0.006749046
0.0043344959
0.0059258914
0.0065062277
0.0085948368
-0.0059784801
0.0057213832
0.005448168
0.006443487
-0.0060935244
0.0076548914
0.0023454635
-0.00511346
0.0054823719
0.0053308191
0.0062896563
0.0040275189
0.0050691561
0.010550364
-0.0074411476
0.011186002
-0.0028473574
-0.0064728313
0.011552892
-0.0047246681
-0.0041490877
0.0084328625
0.0054479555
-0.0015713104
0.0081489658
0.00083185511
-0.0058144197
0.009051277
-0.00091665281
-0.005205568
0.0096587539
-0.0030405617
-0.0035451378
0.0070339916
0.0044794853
0.00011910438
0.0065463424
0.002702815
-0.0041171342
0.0044668628
0.0054331859
0.0039039635
-0.00243699
0.0046478301
0.0010236919
-0.0016176888
0
0.0037479157
0.0028280189
0
0.0054700846
0.0061652681
-0.0037607824
0.0035893001
0.0047568482
0.00586494
-0.0024535097
0.0038910854
0.0028593255
-0.0022204488
0
0.0039619115
0.0049776415
0
0.0053266007
0.008389879
-0.0061757237
0.0031910289
0.0062151237
0.012159735
0.0039476535
0.007739804
0
0.0065232278
0.010310562
0
0.0067425988
0.014859017
-0.0052764744
0.0021415966
0.0052213215
0.01410081
0.0029718044
0.0097307453
0
0.0061002011
0.012508766
0
0.0061526685
0.016948147
-0.0030305944
0.0025217681
0.0026901782
0.0078062819
-0.0031577118
0.0045369191
0.0038685468
-0.0027398936
0.0031717265
0.0028872982
0.0075074443
0.0016533886
0.0027425789
0.011563463
0.0005354657
-0.0010763473
-0.00060237939
0.0081459227
0.00045902538
0.00094761919
0.004589934
0.000418013
0.00054156668
-0.00026335463
0.0077588384
-0.00097902712
-0.00018877951
0.011391568
-0.0030731287
0.0060798217
0.00064721682
-0.0028057254
0.0069041531
-0.001575777
-0.00175157
0.0050175387
0.0023363995
0.0014208893
0.0043541333
0.0040250092
0.00039365342
0.0025832786
0.0016187549
0.00034757792
0.0035933639
-0.00051739833
0.00090343306
0.0025979563
-0.00064254303
0.002155407
0.0017929762
0.0045907815
-0.002176809
0.0023908349
0.0029061497
0.0070988978
-0.0012339278
0.0027938476
0.0041401354
-0.0015299394
0
0.00287985
0.0064215784
0
0.0039344641
0.0097260999
0.00035260118
0.00098939229
0.00016304359
0.0073868369
0.0009506476
0.0014703119
0.0046697334
0.00024715042
0
0.00072161589
0.006923124
0
0.0015174741
0.009919634
-0.0033019512
0.0008419167
0.0032963577
0.014917875
0.0017060414
0.010800629
0
0.0045279173
0.013621354
0
0.0045641383
0.017753842
-0.0005208736
-0.00059086475
0.00068174823
0.014368838
0.00026915112
0.010715215
0
0.0020230613
0.013384918
0
0.0021742913
0.017011748
-0.0024005275
0.001788986
0
0.020922117
-0.0044984153
0.0026643826
0.017574974
-0.0041595528
0.0017518471
0.0022319596
0.021472015
0.0010854262
0
0.024412542
-0.0017025715
-0.00095427814
0
0.022874562
-0.0032427379
-6.7319844e-05
0.019540959
-0.0031573852
-0.00030612992
0.0016696621
0.023198549
-0.00097413022
0
0.026102056
-0.0061770336
0.004222998
0.013445936
0.006182575
0.0088811684
0.0044015507
0.0056239315
0.013176305
0.0029292839
0.017612431
-0.0045190569
0.001529744
0.015469587
0.0035666551
0.010967442
0.0024141505
0.0043259112
0.015072054
0.00089084285
0.019419858
-0.0055159937
0.0014856521
0.0041387271
0.02095725
0.002324439
0.016718867
0
0.0060787248
0.019353225
0
0.0046004294
0.023338436
-0.0045722523
0.00036398995
0.0033901355
0.02266622
0.0012268572
0.01855523
0
0.0054542703
0.02127848
0
0.004076756
0.02507994
-0.0022297616
0.00041858381
0
0.026872611
0.00080874376
0.024454714
0
0.0024844944
0.026410086
0
0
0.028242615
-0.0018059036
-0.00070230589
0
0.02840669
-0.00031737939
0.026050195
0
0.0021814776
0.027987985
0
0
0.029721786
-0.00073934117
-0.0040862147
0
0.023291714
-0.0014866312
-0.0032338919
0.020143268
-0.00165128
-0.002632687
0.00084348287
0.023405141
-0.0032666213
0
0.026125945
0.00038235423
-0.0073457642
0
0.021876747
0.00057218604
-0.0065668806
0.019091498
0.00018800217
-0.0050341197
-0.00015465841
0.021839036
-0.0056034665
0
0.024228989
-0.0021598265
-0.0016773283
0.016321526
0.00034175677
0.012089786
2.4912592e-05
0.0023135183
0.015817959
-0.0014765981
0.019881366
0.00062842261
-0.0051177569
0.015715675
-0.0031983087
0.011966974
-0.0025557757
-0.00017788544
0.015164532
-0.0039712517
0.018744978
-0.0028833663
-0.00092059861
0.002118814
0.022874772
-7.6875699e-05
0.019070009
0
0.0040294127
0.02173633
0
0.0029917958
0.025196958
-0.00064947413
-0.0022589515
0.00046981342
0.021342133
-0.0014730756
0.018019583
0
0.0019692309
0.020468315
0
0.0014658528
0.023441385
-0.0011105655
-0.0019279959
0
0.02817863
-0.0015702343
0.025995991
0
0.0015879923
0.027821555
0
0
0.029381783
-0.00022136825
-0.0031569972
0
0.025953529
-0.0028451806
0.024055497
0
0.00076826507
0.025673962
0
0
0.02699305
0.011627767
0.0019173089
-0.012644807
0
0.0092440449
0.010499024
0.0033402581
-0.011525497
0.0066215395
0.0033518899
-0.012137118
-0.0019252866
0.0088684514
-0.013201202
0
0.011548495
0.016201559
0.0031092738
-0.017103943
0
0.0070371551
0.015223776
0.0054876339
-0.01613113
0.0051505339
0.0055293861
-0.016449979
-0.0031247736
0.0067826882
-0.01737774
0
0.008697519
0.0084216486
0.004207338
-0.0094514358
0.0038210769
0.0057217183
0.0044937651
-0.0067335611
0.00097413426
0.0045969755
-0.0075233434
-0.0042456521
0.0029227061
-0.010150709
0.0059444944
0.013382316
0.0070850656
-0.014288292
0.0031296205
0.010925277
0.0078839837
-0.011812363
0.0010623023
0.0080704713
-0.012281855
-0.007180838
0.0025025645
-0.014679952
0.0046847025
0.0041658412
-0.010301505
-0.0032640599
0.0083854685
0.004585364
-0.00786709
0.005266423
0.0044169624
-0.00760522
-0.0039367848
0.0078613066
-0.0097508778
-0.0030540259
0.010992849
0.0070793158
-0.014382046
-0.0054130762
0.0064213231
0.0080458442
-0.012160061
0.0041781007
0.0077681029
-0.011314313
-0.0067494454
0.0059969013
-0.013263094
-0.0051172528
0.0082417051
0.0018732672
-0.013094519
0
0.013983903
-0.012124858
0.011343614
-0.011343611
-0.0017473186
0.013889603
-0.012184807
0
0.016386373
0.0030475814
-0.016850744
0
0.010409326
-0.016006401
0.0085345412
-0.014671844
-0.0028658613
0.010303655
-0.015396686
0
0.012066454
0.019489094
0.004028655
-0.020311247
0
0.0038306526
0.018628196
0.0071605684
-0.019455099
0.0028455234
0.0072419498
-0.019564465
-0.0040591952
0.0037093001
-0.020379388
0
0.0047064652
0.021183195
0.0046101798
-0.021962723
0
0
0.020390829
0.0082406202
-0.021175746
0
0.0083739713
-0.021174845
-0.0046655716
0
-0.021921829
0
0
0.016968081
0.0093393574
-0.017795054
0.0017778044
0.01469876
0.010540363
-0.015511363
0.00067390023
0.010816156
-0.015764787
-0.009501062
0.0014408952
-0.017972677
0.0026032138
0.018835956
0.01080549
-0.019623022
0
0.01667603
0.012255944
-0.017452583
0
0.012627611
-0.017595639
-0.011043659
0
-0.019689496
0
0.0094053313
-0.01734715
-0.0071200496
0.0035105136
0.010809743
-0.01530936
0.0023182622
0.010476783
-0.014029548
-0.0090196609
0.003259967
-0.015802268
-0.0067732737
0.0044504362
0.010986543
-0.018890431
-0.0082750945
0
0.012674234
-0.016965068
0
0.012343867
-0.015453482
-0.010595487
0
-0.017117271
-0.0079182108
0
0.0039716186
-0.019537899
0
0.0055962181
-0.018800951
0.0046225958
-0.017049355
-0.0037548095
0.0055335944
-0.017672541
0
0.006446286
0.0045865887
-0.0209122
0
0
-0.020240755
0
-0.018265244
-0.0043601281
0
-0.018826042
0
0
0.0028181501
0.0042301981
-0.0037816141
-0.0017152398
0.00015608901
0.0035050579
-0.0010386244
-0.0040200975
0.0038547013
-0.00191306
-0.0044394157
-0.0024992752
-0.0046368682
2.536869e-05
0.008201496
0.0079209423
-0.0090453524
-0.00090834207
0.0056020745
0.0072945053
-0.0063766857
-0.0026190493
0.0077632335
-0.0069334064
-0.0082346315
-0.0014711565
-0.0095757411
0.00039159711
-0.0018625693
0.0024534523
0.0010887451
-0.0057378606
-0.0029397489
0.0012367429
0.0022918513
-0.006726969
0.001912413
0.0015525221
-0.0029642197
-0.0055994426
0.00025279822
-0.0044271289
0.0034973264
0.0061591731
-0.0041799486
-0.0039199061
0.0021794157
0.0047093067
-0.0027542757
-0.0047022427
0.0055063282
-0.0032245691
-0.0067956544
-0.003839823
-0.0047176179
-0.0029218805
0.003470795
-0.00045524122
-0.0041532118
-0.0026320351
0.0026273115
0.00088208745
-0.004019533
0.0032935136
0.0003982909
-0.0038912093
-0.0020800267
-0.00089547827
-0.0043308068
-0.0004603606
0.0072986254
-0.0049725324
-0.0080583648
-0.0016173812
0.0062145295
-0.0034737034
-0.0026863028
0.006751729
-0.0034138869
-0.0075922595
-0.0012993127
-0.0048377893
-0.0081138772
-7.3486078e-05
0.0045579052
-0.0051613355
0.002219473
-0.002568077
-0.00049355983
-0.0028488339
-0.0045300832
0.0018746927
-0.0051938437
0.0047325314
0.0083465982
-0.0096253275
0.0019683053
-0.0071169763
-2.1756509e-05
-0.0068061725
-0.0082027629
0.0016527746
-0.0090643671
0.0037369111
0.012119145
0.010797841
-0.012896426
-0.0003885394
0.0095821628
0.010217344
-0.010300826
-0.0013198894
0.010804296
-0.010653145
-0.011218728
-0.00070440604
-0.013213588
0.00030618658
0.014183035
0.012614088
-0.014929719
0
0.011689361
0.011988718
-0.01238388
0
0.012690363
-0.012634852
-0.013143797
0
-0.015139717
0
0.0074350955
0.008972645
-0.0080736377
-0.0020366645
0.0059637243
0.0072894203
-0.0065058127
-0.0024769296
0.0082029258
-0.0068045311
-0.0097305119
-0.0020135186
-0.0084213609
-0.0015003728
0.0095295966
0.01057304
-0.010150583
0
0.007985442
0.0086264219
-0.0085157531
0
0.0096457614
-0.0087306188
-0.011444414
0
-0.010405008
0
0.010272452
-0.0083636259
-0.011135172
-0.00081239632
0.008949231
-0.0067632961
-0.0014043163
0.0094444482
-0.006309296
-0.01052055
-0.00067721075
-0.0078106952
-0.011141582
-5.3854327e-06
0.012063759
-0.010186809
-0.013094353
0
0.010469586
-0.0085407627
0
0.011006897
-0.0078796626
-0.012345207
0
-0.0094135476
-0.013123855
0
0.011359359
-0.012928733
0.0011338346
-0.010509033
5.8318561e-05
-0.0097655809
-0.011163028
0.00093076875
-0.011930391
0.0020523234
0.013349254
-0.014680903
0
-0.012321633
0
-0.011349321
-0.013165398
0
-0.01345011
0
0.0042791457
-0.0046680224
-0.0040328247
0.0073737803
0.0042922439
-0.0026941095
0.0044221114
0.0039181243
-0.0021176332
-0.0037043916
0.0069686294
-0.0035896324
-0.0033529105
0.0099616967
0.007758401
-0.0078219734
-0.0072070923
0.0055800779
0.0078691654
-0.0059354429
0.0034406174
0.0072756769
-0.0044902189
-0.0069826552
0.0052303837
-0.0058802102
-0.006347726
0.0073850043
0.0041146608
-0.0010166837
0.0019175435
0.0037906108
0.00013818134
6.6761231e-05
0.0039779475
6.4529684e-05
-0.0040075628
0.0022586739
-0.00084323688
0.0043278961
0.0076013272
-0.004258656
0.0016062484
0.0070319904
-0.0030059136
0.00022812469
0.0069764725
-0.0022588223
-0.0072603553
0.0017954655
-0.0032298452
0.0033144069
0.0034124396
-0.0004594129
-0.0030634889
0.0066540623
0.0036946878
7.4087155e-05
0.0043779276
0.0027525625
0
-0.0021429099
0.0063875586
0
-0.0015572723
0.0088745834
0.0065056886
-0.0017839486
-0.0062870339
0.0049895109
0.0065087761
-0.0012223469
0.0033383647
0.0055171378
0
-0.0052339327
0.0048820066
0
-0.0048177547
0.0066744569
0.0026812467
-0.002008958
-0.0022790629
0.01238598
-0.0011853898
0.009400729
0
-0.0010664361
0.011708692
0
-0.00070566986
0.014642023
0.0058486702
-0.0032566361
-0.0051822212
0.0090959569
-0.0024918092
0.0069639556
0
-0.0042968119
0.0086959402
0
-0.003681862
0.010770437
0.010601172
-0.010153551
-0.0098024904
0.0030045567
0.01077932
-0.0083621454
0.0018590339
0.010046561
-0.0062768097
-0.0096904606
0.002788948
-0.0075770072
-0.0088172006
0.0039352001
0.012561577
-0.011386818
-0.011620312
0
0.012732203
-0.0096609129
0
0.011927194
-0.0072336703
-0.011565488
0
-0.0084715217
-0.010545585
0
0.010415513
-0.0067117417
0.00087110195
0.0096171225
-0.00540629
0.00012350903
0.0094264573
-0.0040516794
-0.0099352996
0.00094969723
-0.005051314
0.0017652404
0.012226889
-0.0080371314
0
0.011183726
-0.0067129913
0
0.010964958
-0.0050337373
-0.011694514
0
-0.0060392115
0
0.0091151391
-0.0028175447
-0.0090034968
0.0026440993
0.0088818574
-0.0022475364
0.0017675033
0.0080082013
0
-0.0080055964
0.0026318652
0
-0.0077267653
0.0035780811
0.010820192
-0.0034037041
-0.0108116
0
0.01038939
-0.0028354325
0
0.009650951
0
-0.0098545183
0
0
-0.0096801413
0
0.0085114058
-0.0041929742
-0.0076135908
0.0048141088
-0.0034939774
0.0036890322
0
-0.0071637705
0.0046389681
0
-0.0063081115
0.0057218041
0.0103032
-0.0047032461
-0.0092573666
0
-0.0040530382
0
0
-0.0090942114
0
0
-0.0080756535
0
0.0015308035
-0.01040871
0
0.018569846
0.0026914529
-0.0097291493
0.016316387
0.00213763
-0.0072776593
-0.0012047629
0.018454679
-0.0077611914
0
0.020376708
0.002574673
-0.012953465
0
0.013551952
0.0046312758
-0.012381784
0.011969724
0.003957866
-0.0091340332
-0.002177543
0.013426606
-0.0095233177
0
0.014769018
0.0035148967
-0.0084328366
0.01357419
-0.0066703271
0.010514153
-0.0050630437
-0.0028410545
0.013045392
-0.0063452342
0.015953951
0.0061725259
-0.011254799
0.010024645
-0.0096733797
0.0078386533
-0.0072216702
-0.0053451126
0.0095910694
-0.008347922
0.011659827
0.0018468918
-0.0035206719
-0.0013532824
0.018023961
-0.0028221538
0.015346522
0
-0.00046969808
0.017410189
0
-0.00031630075
0.019767315
0.0042749897
-0.0045763122
-0.0031129021
0.013090264
-0.0039811322
0.011198753
0
-0.0029648243
0.012712019
0
-0.0021236051
0.014349784
0.00075329145
-0.0042729361
0
0.021711982
-0.0040203168
0.020198163
0
-0.00017990236
0.021517246
0
0
0.022540212
0.0016870762
-0.0051656146
0
0.015667203
-0.0049780288
0.014616333
0
-0.0011346199
0.015550232
0
0
0.016239978
0.003410909
-0.014730018
0
0.0071985189
0.0062024386
-0.014253584
0.0063824232
0.0054410747
-0.010423226
-0.0029610115
0.007116184
-0.010727136
0
0.0078051249
0.0039887122
-0.015616235
0
0
0.0073042567
-0.015198365
0
0.0064760845
-0.011059176
-0.0034990895
0
-0.0113102
0
0
0.008339342
-0.013277459
0.0053629327
-0.011860944
0.0042069011
-0.0087896845
-0.007400907
0.0051035161
-0.0097705656
0.0061931015
0.0098651793
-0.014315261
0
-0.013001713
0
-0.0096003833
-0.0088433989
0
-0.010489474
0
0.0062977126
-0.0053213208
-0.0045681405
0.0069114471
-0.0048271324
0.0059203228
0
-0.0051525282
0.0067293038
0
-0.0036967656
0.0075727005
0.0076639611
-0.0056975686
-0.0055444189
0
-0.0052734659
0
0
-0.0066198156
0
0
-0.0047446837
0
0.0024517855
-0.0057552096
0
0.008243491
-0.0056292969
0.0077060493
0
-0.001959171
0.008183341
0
0
0.0085255969
0.0029567957
-0.0060235043
0
0
-0.0059407499
0
0
-0.0025020926
0
0
0
0
-0.026561547
-0.012965003
0.021087805
-0.01296501
-0.019629971
-0.01139811
0.018035306
-0.010192382
-0.01087945
0.015623433
0.012843675
-0.0098398062
0.017923279
-0.01284367
-0.019629966
-0.010192373
0.018035296
-0.011398113
-0.015993557
-0.0096699388
0.014948682
-0.0096699423
-0.0090262182
0.013321507
0.0098398066
-0.0090262197
0.015623429
-0.010879445
-0.01400528
-0.010129474
0.013116319
-0.0070223082
-0.0083619083
-0.0086584622
0.0077252978
-0.0035216884
-0.0076094577
0.0067895546
0.0092109364
-0.0028154246
0.011656553
-0.006472214
-0.011502006
-0.008905322
0.010845789
-0.007130709
-0.0066375317
-0.0078287148
0.0061558186
-0.0041165826
-0.0068718176
0.0054577592
0.0080302719
-0.0032758194
0.0097578528
-0.0063802237
-0.0075102557
0.010055978
0.0091242034
-0.0053825971
-0.0060027914
0.0057621013
-0.0018571083
-0.0039584116
0.0047731112
0.0052171353
-0.00075489329
0.0084840034
0.006613199
-0.003936085
-0.006572383
0.0085198383
0.0075859199
-0.0051581195
-0.0054817469
0.0046958654
-0.0021858506
-0.0037532845
0.0039638346
0.0046769085
-0.00094648646
0.0072543246
0.0056155525
-0.0036092152
-0.010688149
0.015713456
-0.010688138
0.013523557
-0.0084465001
0.011499125
0.0079883222
-0.0064769385
0.013447416
-0.0079883092
-0.0084465015
0.013523551
-0.0091241935
0.011600338
-0.0075859125
0.0098775441
0.0064769486
-0.0056155405
0.011499122
-0.0066131839
-0.014005268
-0.0070222984
0.013116307
-0.01012947
-0.011501998
-0.0071307014
0.010845785
-0.0089053265
-0.0063802209
0.0097578475
0.006472207
-0.0080302684
0.011656537
-0.0092109289
-0.0083618905
-0.0035216742
0.0077252806
-0.0086584586
-0.0066375209
-0.0041165715
0.0061558033
-0.0078287115
-0.0032758115
0.005457748
0.0028154161
-0.0068718177
0.0067895378
-0.0076094499
-0.0080064292
-0.0068923268
0.0075296758
-0.0068923303
-0.0039434236
-0.0062695689
0.0035871476
-0.0043830645
-0.0053601622
0.0031318389
0.0060085588
-0.0034689073
0.0067863462
-0.0060085562
-0.0039434156
-0.0043830558
0.0035871413
-0.0062695717
-0.00063705646
-0.0042515479
0.00037404188
-0.0042515578
-0.0033542086
0.00014465674
0.0034689
-0.0033542135
0.0031318322
-0.0053601586
-0.0047368992
0.0059439044
0.00515812
-0.0047368986
-0.0041436533
0.0026820954
-0.002329353
-0.0026983957
0.0022988708
0.0031842321
-0.0010490983
0.0050939232
0.003609221
-0.0031842229
-0.0023293564
0.0026820904
0.0021858486
-0.0041436489
-0.0022663138
1.8573738e-05
-0.0022663126
-0.0010556037
3.1578071e-05
0.0010491009
-0.0010555998
0.002298868
0.00094649003
-0.0026983896
-0.0053826006
0.010055969
-0.0075102438
0.0085198301
-0.0065723757
0.0072543206
0.0039360914
-0.0046769015
0.0084839918
-0.0052171174
-0.001857104
0.0057620871
-0.006002784
0.0046958569
-0.00548174
0.0039638257
0.00075489292
-0.0037532731
0.0047730993
-0.0039583976
-0.0029214436
-0.0069314085
0.0024053194
2.5801988e-05
0.0018186836
-0.0049179506
-0.0022792936
0.0031564494
-0.0041684958
-0.0026381927
0.0059489181
0.0040847966
0.0018103985
0.00084678631
-0.0018186649
-0.0063899834
0.0014257845
-0.0010200489
0.0024400892
-0.0045899175
-0.002788839
0.0017051334
-0.0039263252
-0.0030029553
0.0055120484
0.0027131897
0.0010090153
-9.6213784e-05
0.0053479405
-0.0026115292
-0.0057845028
0.0054195603
0.0072410078
0
-0.0076700018
0.0064438864
0
-0.0078032308
0.0022099612
0.0075690264
-0.0059918605
0.0064517442
0.0056346337
-0.0024502549
-0.0059646677
0.0036099316
0.0073544256
0
-0.0076790153
0.0043182213
0
-0.0076954119
0.00209675
0.005488673
-0.0060461761
0.0047036774
-0.0016779749
-0.0058925127
0.0031611652
0.0073666866
0
-0.0075691748
0.0085575493
0
-0.0069194089
0.0010391572
0.0093179674
-0.0054329006
0.0019450729
0.0080789164
-0.0016355458
-0.0058204003
0.0030515122
0.0057249444
0
-0.0073495053
0.0065760968
0
-0.0066116024
0.0010867619
0.0074933026
-0.0052534816
0.0020073208
0.0065914388
-0.0045734021
0.0012666843
0.0017416316
-0.0028021657
0.0049662616
-0.0027050011
0.0028823951
0.0057172409
0.00086360228
0.0026205775
-0.0043176219
0.00066532338
0.00092119856
-0.0030115097
0.0037087063
-0.0027706224
0.0028724267
0.0046112477
0.00045733353
0.0019477095
0.00020149352
-0.0052383305
-0.00048712402
-0.0017656569
0.0039199578
-0.0038128595
-0.0041672888
0.0005269934
-0.0032074819
-0.004217288
0.0044259804
0.0015446904
-0.00071144207
-0.00080607758
0.0028376963
-0.0036970518
-0.0030375621
-0.0021202872
0.0060050646
-0.0027459476
-0.0061668384
-0.00026233704
-0.0021730523
-0.0060494401
0.0029166629
0.0006836816
-0.0030727621
-0.0012084233
0.006731012
-0.0020428599
-0.0069609522
0.0020698722
0.0082491619
0
-0.0084737033
0.0024999027
0
-0.0083496592
0.0017227396
0.0036418893
-0.0068945244
0.0031525074
0.0084189694
-0.0014749006
-0.0085613154
0.00094117137
0.0097263683
0
-0.0098615892
0.001160223
0
-0.0095881256
0.001174193
0.0021942327
-0.0083398624
0.0019321949
-0.0013220822
-0.0064899171
0.0024447359
0.0041976833
0
-0.0078388657
0.0047432211
0
-0.0069295097
0.00085848823
0.0057254584
-0.0057319039
0.0015611542
0.0051307595
-0.00082110646
-0.0077271448
0.0014973724
0.0029086999
0
-0.0088814682
0.0032154572
0
-0.0077456485
0.00043174842
0.0041578904
-0.0067242016
0.00075205457
0.0038075101
-0.0033818463
-0.00080519979
0.0002531493
-0.0040190665
0.0025733745
-0.0035493274
0.0021623526
0.0035403102
-0.00073045427
0.0013369209
-0.0019870859
-0.0028957227
-0.00020311805
-0.0056183954
0.0016526162
-0.0048679027
0.0009587947
0.0025830774
-0.0024887873
0.00083317661
-0.0010077795
0.00062201728
0.0016772545
0.0033627213
-0.00060120284
-0.0023262224
0.006246632
0.00077943588
-0.0016923865
-0.0009048139
0.0064680155
0.00049050719
-0.0006241737
0.0038288194
-0.0012867591
0.00038777444
0.0018493573
0.0028696822
-0.00086250288
-0.0022792875
0.0053310409
0.00030359236
-0.0015826204
-0.00031315672
0.0057809127
0.00039199564
-4.658668e-05
0.0035580281
-0.00033200032
-0.0045946159
0.0085096352
0
-0.0058368042
0.0097691173
0
-0.0043309731
-0.00040022122
0.0098593503
-0.0033925005
0.0086035582
-0.00048302196
-0.004346228
0.0072229007
0
-0.0054833767
0.0081578696
0
-0.0039940141
-0.00013816283
0.0085081505
-0.0031330679
0.0075558277
0.0011239482
-0.0018501327
-0.0021315099
0.008347054
0
-0.0024138734
0.0095962416
0
0
-0.0018754819
0.0091125647
0
-0.0034601989
0.0077427893
0.00074514088
-0.001663042
-0.0014274932
0.0075593804
0
-0.0021793591
0.0085267275
0
0
-0.0013557465
0.0082889521
0
-0.0024960027
0.0072200035
0.0027398336
0.00034817675
-0.0027671791
0.0038643689
-0.00087377271
0.0062984916
0
-0.0044446883
0.0056278602
0
-0.0046360662
0.0032921252
0.0018184734
0.00033464644
-0.0017702902
0.003873535
-0.00077170742
0.0058785588
0
-0.0031642948
0.0055244449
0
-0.0031986778
0.0036611545
-0.00085798469
-0.00050132345
0.0011531636
0.0023453725
-0.00061394848
-0.0028254203
0.0043630977
0.00033028325
-0.0019095488
-0.00042585792
0.0049606158
-0.00019337341
-0.00034237672
0.0031665969
9.4373088e-05
-0.0018799582
-0.0001765046
0.0018186748
1.5483627e-05
-0.003830998
0.0034050823
0.00075135315
-0.0025835182
-0.0010875569
0.0040493398
-0.0011519899
-0.0013119993
0.002663071
-0.00035915633
-0.004639875
0.0058760797
0
-0.0056418379
0.0065110415
0
-0.004025016
-0.0001446261
0.0070359547
-0.0032675358
0.0063691456
-2.8787416e-05
-0.0053668822
0.0045630313
0
-0.0062177059
0.0049543114
0
-0.004364982
-0.0003625855
0.0055458163
-0.0037256893
0.0051167204
0.000624846
-0.0016893019
-0.0012133731
0.0065696736
0
-0.0021403498
0.0072669073
0
0
-0.0010841505
0.0072327528
0
-0.0020088433
0.0064553944
0.00071946254
-0.0018966518
-0.0014060266
0.0054272001
0
-0.0022721334
0.0058935212
0
0
-0.0010349739
0.0059955934
0
-0.0019474016
0.0054711702
0.0015916342
4.9021636e-05
-0.0016441436
0.0036836493
-0.00091068074
0.0052579519
0
-0.0025684677
0.0051733886
0
-0.00263008
0.0037717885
0.001938693
-0.00045092282
-0.0022318283
0.0032757175
-0.0012466765
0.0044537766
0
-0.0025793202
0.0045586307
0
-0.0028246654
0.0035662109
-0.0052184647
0.010938682
-0.0052184513
-0.0038784318
0.0093274901
-0.0043739567
-0.0012650026
0.0068353221
0.002678361
-0.0024663149
0.0079972208
-0.0026783421
-0.0043739715
0.0093274869
-0.003878413
-0.0034561134
0.0080418274
-0.0034560981
-0.0014135813
0.0059363249
0.0024663288
-0.0014135599
0.0068353177
-0.001264982
-0.0026515009
0.0068623081
-0.0024109542
0.0038301052
0.00031634125
0.0028422676
0.00011611673
0.0011509885
0.0050493902
-0.0010875283
-0.0025834225
0.0059313171
-0.0019606376
0.0032598487
0.00028626189
0.0024934566
0.00054072437
0.0013300695
0.0044272044
-0.00045627258
0.0021523858
0.0028503043
-0.00095613045
-0.00023108717
0.0016456006
0.0015325293
0
-0.0039799182
0.0012366118
0
-0.0025636225
-9.5924197e-05
0.0012315525
0.0025439865
-0.00024922656
0.00066980479
0.0014929283
0.0019943199
0
-0.0025538744
0.0020847367
0
-0.0013044473
0.0011986352
-0.00065440399
0.0044320442
-0.00065438848
0.003814917
-0.00104363
0
-0.00059832963
-0.00037081748
0
0.00059834541
-0.0010436497
0.0038149153
0.00095615392
0.003350572
0.00024924664
0
0.00037083448
0.0013044727
0
0.0025636464
-0.0024109617
0.006862301
-0.0026514858
-0.0019606471
0.0059313117
-0.0025834038
-0.0004562855
0.0044272009
0.0010875414
-0.00054070495
0.0050493833
-0.0001160928
0.00031633476
0.0038300926
-0.0016772359
0.00028625702
0.0032598402
-0.0018493406
0.0013300618
0.002493447
-0.0011509837
4.6610165e-05
0.0028422566
0.00062419254
-0.0015251655
0.0042229637
-0.0015251597
0.0019708826
0.0002422482
0.001608012
-4.2461505e-05
0.0013930249
0.0032254675
4.2476672e-05
0.00024224337
0.0019708755
-0.0011531536
0.0001630539
0.00017651114
0.00032509299
-0.0013930173
0.0013120037
0.0016080058
0.00034239088
0.0013267829
0.0019114733
-0.00066978657
0.0013268026
0.0010384976
0.0022464736
0
-0.0021543502
0.0026475045
0
-0.001198617
0.0021543753
0.0022464593
0.0010384947
-0.0019943095
0.0016441639
0.00035435837
0.0022318391
0
-0.0026474883
0.0028246858
0
-0.0020847207
0.0026301024
-0.00023109751
0.0028502987
0.0021524082
0.002543982
0.0012315814
0
9.5937944e-05
0.0025538998
0
0.0039799437
0.0015325161
0.0016455945
0.0027672017
0.001492923
0.0017703121
0
-0.0012366005
0.0031987026
0
0.0046360881
-0.0029214281
2.5816694e-05
0.0024053005
-0.0069314048
-0.0018186488
-0.0010200361
0.0014257719
-0.0063899818
-9.6202264e-05
0.0010089978
-0.00084679614
-0.0055120452
0.0018103828
-0.0059489153
0.0018187026
0.0031564588
-0.0022793141
-0.0049179454
0.0024401047
0.0017051447
-0.0027888571
-0.0045899153
0.0027132026
-0.0030029743
-0.0040848059
-0.0039263246
-0.0026382123
-0.004168495
0.00020150475
-0.0017656432
-0.00048713761
-0.0052383317
0.0028376998
-0.0021202757
-0.0030375696
-0.0036970556
-0.0012084155
-0.0030727704
0.00080606948
-0.0029166666
-0.00071145044
-0.0044259786
0.003919971
0.00052700682
-0.004167304
-0.0038128608
0.006005074
-0.00026232355
-0.0061668495
-0.0027459497
0.00068369393
-0.0060494515
-0.0015447034
-0.0021730552
-0.0042173065
-0.0032074769
0.00025315601
-0.00080520927
-0.00092120395
-0.0033818421
-0.00020311677
-0.0028957262
-0.0019870841
0.00083317704
-0.0024887928
-0.0013369181
-0.0009587921
-0.00073046374
-0.00194771
-0.0021623433
0.0025733857
-0.0040190854
-0.0037087158
-0.0024447332
0.0016526262
-0.0056184042
-0.0014973719
0.0025830823
-0.0048679111
-0.0035403169
-0.0007520506
-0.0035493412
-0.0046112556
-0.0015611488
0.0017416396
0.001266666
-0.0045733954
0.00066530847
-0.004317615
0.00045731982
-0.0026205788
-0.0028724157
0.00086358441
-0.0028823812
0.0049662709
-0.0028021861
-0.003161163
-0.00301153
-0.0030515042
-0.0027706435
-0.0057172472
-0.0020073105
-0.0027050237
-0.0019450617
0.0053479554
0.0054195698
-0.0057845223
-0.0026115279
0.0056346516
0.0036099403
-0.0059646866
-0.0024502509
0.0047036875
-0.0060461994
-0.0064517532
-0.0020967461
-0.0059918819
-0.0022099627
0.0072410234
0.0064438896
-0.007670019
0
0.0073544428
0.0043182301
-0.0076790342
0
0.0054886833
-0.0076954329
-0.0075690308
0
-0.0078032511
0
0.0067310254
0.0020698842
-0.0069609712
-0.0020428589
0.0084189833
0.00094118179
-0.0085613275
-0.0014749032
0.0019322086
-0.0083398786
-0.0031525197
-0.0011741929
-0.006894543
-0.0017227373
0.0082491806
0.0024999151
-0.0084737245
0
0.0097263824
0.0011602344
-0.0098616048
0
0.0021942456
-0.0095881402
-0.0036419031
0
-0.0083496815
0
0.0041976962
-0.0064899374
-0.0057249574
-0.0013220776
0.0029087127
-0.0077271594
-0.00082110754
0.0038075216
-0.0067242126
-0.0051307702
-0.00043174893
-0.0057319229
-0.0065914509
-0.00085848262
0.0047432357
-0.0078388856
-0.0065761092
0
0.0032154708
-0.0088814829
0
0.0041579038
-0.0077456626
-0.005725473
0
-0.0069295251
-0.0074933161
0
0.007366697
-0.0058925376
-0.0016779734
-0.0058204215
-0.0016355426
-0.0052535026
-0.0080789222
-0.0010867582
-0.0054329185
-0.0010391548
0.0085575593
-0.0075691973
0
-0.0073495254
0
-0.0066116215
-0.0093179781
0
-0.0069194336
0
0.0056971651
-0.0020518573
-0.0058340051
-0.0020518655
0.0083494848
-0.0015967396
-0.008444561
-0.00062237859
-0.0010344233
-0.0081723325
0.001275762
0.00017011436
-0.0056993161
-0.0012757657
0.0083494915
-0.00062237042
-0.0084445672
-0.0015967429
0.010566261
-0.00059844368
-0.010614115
-0.00059845054
-3.0071246e-05
-0.010213729
-0.00017012723
-3.0073407e-05
-0.0081723371
-0.001034429
0.01038873
-0.00085894533
-0.010460045
0.00027469244
0.011496434
0
-0.011557749
0.00036259219
0
-0.011141588
0.00056559484
0.001212477
-0.01009223
0.0010955518
0.012287499
-0.00032194467
-0.012306343
1.7037342e-05
0.013225825
0
-0.013231367
4.6189116e-05
0
-0.012694038
2.6837417e-05
0.00064831074
-0.011815387
0.00060136243
-0.00024543314
-0.009269086
0.00041802035
0.0019129683
0
-0.010234354
0.0020627897
0
-0.0088530898
-8.5968029e-05
0.0028625945
-0.0080047972
-0.00022078969
0.0026780431
0.00027561938
-0.01080657
-0.00055580279
0.0011843345
0
-0.011608238
0.0012526094
0
-0.010000771
-0.00056964366
0.0018247713
-0.0093037871
-0.0011273508
0.0017329673
-0.00042227233
-0.0052610012
-0.00042227739
-0.0075107693
0.00098680103
-0.0064678021
-0.00046097176
0.0017802923
-0.004516592
0.00046097266
0.00098680713
-0.0075107734
-0.00041802199
-0.0093517203
0.00055579647
-0.0080458294
-0.0017802992
0.0011273497
-0.0064678046
0.00022078702
0.010388737
0.00027470482
-0.010460056
-0.00085894681
0.012287503
1.7045056e-05
-0.012306346
-0.00032194835
0.00060137493
-0.011815394
-0.0010955612
-2.6839006e-05
-0.010092241
-0.00056559693
0.011496444
0.00036259985
-0.011557756
0
0.013225827
4.6198656e-05
-0.013231375
0
0.00064831873
-0.012694043
-0.0012124891
0
-0.011141597
0
0.013777081
9.5728095e-06
-0.013762142
9.5696846e-06
0.014592935
0
-0.014561764
2.4590583e-05
0
-0.013936919
-0.00031178842
0.00033525414
-0.01318298
0.00031178737
0.014592938
2.4595847e-05
-0.014561765
0
0.015345058
0
-0.015295871
0
0
-0.014625355
-0.00033526188
0
-0.013936921
0
0.00061120294
-0.012036705
-0.0011843414
0.00061119787
0
-0.01271798
0.00064487339
0
-0.010938157
-0.00089136341
0.00093631207
-0.010353486
-0.0017329758
0.0008913607
0.0006448764
-0.012717981
-0.0012526189
0
0
-0.013335606
0
0
-0.011462978
-0.00093631558
0
-0.010938156
-0.0018247796
0
0.0019129812
-0.0092690949
-0.0002454366
-0.010806576
0.00027561782
-0.0093037894
-0.0026780514
0.00056963923
-0.0080048046
8.5966949e-05
0.0020628008
-0.010234363
0
-0.011608243
0
-0.010000779
-0.0028626051
0
-0.0088530976
0
0.0013125769
-0.0035043967
-0.0018186739
0.0013125765
0.00084183712
-0.0050886364
0.0024966565
0.0014023795
-0.0034584111
-0.0020658751
0.00308261
-0.0023100114
-0.0026630688
0.0020658795
0.0024966586
-0.0050886414
-0.0034050841
0.00084183874
0.0016486594
-0.0063498326
0.0016486589
0.0020847464
-0.0043541081
-0.0030826087
0.0020847477
-0.0034584122
-0.00404934
0.0014023817
0.0004092327
-0.006348578
0.0033394165
0
-0.007048755
0.0035592093
0
-0.004903624
-0.00070430615
0.0041049915
-0.0043840004
0.0038502163
0.00083768305
-0.0073660487
0.0022126544
0
-0.0079330638
0.0023291849
0
-0.0054983742
-0.0010630984
0.0027334003
-0.0050859819
0.0025917974
0.00095406039
-0.0022224698
-0.0018637144
0.0041753234
0
-0.0025208886
0.0044648463
0
0
-0.001148895
0.0046235997
0
-0.0021968434
0.0042966489
0.0012334344
-0.0025837493
-0.0024068973
0.0028465537
0
-0.0028127736
0.0030126801
0
0
-0.0013421865
0.0031530126
0
-0.0025963847
0.0029670979
0.0026572058
-0.0010729989
-0.0032757123
0.0026572114
-0.001703364
0.003492221
0
-0.0030296995
0.0036881228
0
-0.0035661995
0.003029712
0.0034922191
-0.0017033662
-0.0044537716
0.0018637179
-0.002183466
0.0024069008
0
-0.0036881167
0.0025963888
0
-0.0045586206
0.0021968497
0.0033394224
-0.006348583
-0.004563038
0.00040923265
0.0022126593
-0.0073660502
0.00083768286
0.0025918001
-0.0050859849
-0.0038502172
0.0010630995
-0.0043840048
-0.0051167227
0.00070430911
0.0035592192
-0.0070487634
-0.0049543207
0
0.0023291907
-0.0079330673
0
0.0027334043
-0.0054983776
-0.0041049946
0
-0.0049036274
-0.0055458215
0
0.0011352143
-0.0081985959
0.0011352094
0
-0.0086657111
0.0011919533
0
-0.0060007888
-0.00132744
0.0013959179
-0.0056698782
0.0013274399
0.0011919568
-0.0086657126
0
0
-0.0090790679
0
0
-0.0062872304
-0.0013959196
0
-0.0060007879
0
0.0014572191
-0.0028912078
-0.0028465541
0.0014572183
0
-0.0030672676
0.001536378
0
0
-0.0015214925
0.0016072375
0
-0.0029670959
0.0015214935
0.0015363772
-0.0030672678
-0.0030126791
0
0
-0.0032144751
0
0
0
-0.0016072376
0
0
-0.0031530119
0
0.004175322
-0.0022224705
-0.0054272008
0.00095406237
-0.0025837516
0.0012334354
0
-0.0042966467
0.0013421879
0
-0.0054711656
0.0011488981
0.0044648468
-0.0025208904
-0.0058935214
0
-0.0028127744
0
0
-0.0046235985
0
0
-0.0059955907
0
0.0033627226
0.00062200112
-0.0010077644
0.0028696821
0.00038776065
-0.001286741
0.0035580263
0.00039198481
-0.0038288116
0.0003131713
0.00049049661
0.00090483298
0.0062466342
-0.0023262398
-0.00060119212
0.005331045
-0.002279304
-0.00086249126
0.0057809105
-0.0015826339
-0.0064680146
0.0003036053
-0.0016923978
0.00077944874
0.0023453724
-0.00050133189
-0.00085797573
-0.0018799604
9.4377292e-05
-0.0011519928
-0.0031665958
0.0010875632
-0.00019338319
0.00042587265
0.004363102
-0.0028254351
-0.00061393872
-0.0038310054
1.5489504e-05
-0.0025835264
-0.0049606157
0.00075135992
-0.0019095581
0.00033029038
0.003683642
4.9016001e-05
-0.0038735289
0.0015916517
-0.00045092784
0.0019387038
0
-0.0037717746
0.0025793331
0
-0.0036611421
0.0025684858
0.0052579496
-0.0009106879
-0.0058785512
0.0012133831
-0.00124668
0.0014060354
0
-0.0051733799
0.0019474123
0
-0.0055244356
0.0020088536
0.0038643603
0.00034817254
0.0027398533
0.00033463807
0.0018184902
0
-0.0032921148
0.0031643134
0
0.0044447084
0.0062984874
-0.00087377974
0.0021315239
-0.00077171398
0.0014275064
0
-0.0056278534
0.0024960172
0
0.0034602131
0.0085096413
-0.0045946375
-0.00033199192
0.0072229076
-0.004346245
-0.00048301523
0.0075558306
-0.0031330801
-0.0086035577
0.00013816745
-0.0033925178
0.00040022868
0.0097691233
-0.0058368226
0
0.0081578806
-0.0054833941
0
0.0085081524
-0.0039940274
-0.0098593516
0
-0.0043309878
0
0.0058760867
-0.0046398878
-0.00035915286
-0.005366891
-2.8783301e-05
-0.0037256948
-0.0063691477
0.00036258868
-0.0032675472
0.00014463273
0.0065110532
-0.0056418505
0
-0.0062177135
0
-0.0043649889
-0.0070359574
0
-0.0040250228
0
0.0065696701
-0.001689307
-0.0075593772
0.00062484984
-0.0018966563
0.0007194663
0
-0.006455387
0.0010349773
0
-0.0072199973
0.001084157
0.0072669069
-0.0021403537
-0.0085267262
0
-0.002272137
0
0
-0.0072327504
0
0
-0.0082889471
0
0.0083470509
-0.0018501417
0.0011239544
-0.0016630494
0.00074514948
0
-0.0077427826
0.0013557531
0
0.0018754901
0.0095962382
-0.0024138812
0
-0.0021793659
0
0
-0.00911256
0
0
0
0
-0.0051385273
0.0038583638
0.0032093402
-0.0051385319
0
-0.0071867768
0.0034350344
-0.0054841816
-0.0071720192
0.0065853211
0.0052433009
-0.0057012635
0.0074251607
0.0034598987
-0.0052433084
0
-0.0054841738
0.0034350355
0.0040973905
-0.0071867842
0
-0.0069892767
0.0030102004
-0.0069892791
-0.0070707978
0.0057492816
0.0057012573
-0.0070708042
0.0065853206
0.0044796891
-0.0071720252
0
-0.0083974044
0.0027282474
-0.0048909465
0
-0.0085700624
0.0018246313
-0.0036681397
-0.0084104748
0.0034661267
0.00828702
-0.0039015944
0.0052089164
-0.0051520488
0
-0.0079725034
0.0023500405
-0.0062577603
0
-0.0080739925
0.0015238221
-0.0050904729
-0.0079974694
0.002871323
0.0079533616
-0.0052049875
0.0044655138
-0.0063849584
-0.0083876237
0.0074855131
0.0073543879
-0.0054355928
-0.0084431389
0.0049416511
-0.0040685567
-0.0086071892
0.0062482738
0.008641842
-0.0041758799
0.0095761508
0.0076866588
-0.0057369082
-0.0080733364
0.0063808093
0.0072809758
-0.0065585276
-0.0080487616
0.004059517
-0.0052813255
-0.0081813704
0.0050881508
0.0082896111
-0.0053127544
0.0081057395
0.0075876808
-0.0067599082
-0.0054957834
0.01077906
0.0038188288
-0.0054957916
0.0095178741
-0.006020966
0.012279337
0.0058626711
-0.0064240881
0.013992239
0.0042560741
-0.0058626834
-0.0060209587
0.0095178742
0.0049470099
-0.0073543964
0.0082693168
-0.0072809841
0.010596526
0.0064240757
-0.0075876918
0.012279337
0.0054865997
-0.0076866703
0
-0.0048909497
0.0027282473
0.0033733269
-0.0083974087
0
-0.0062577642
0.0023500424
-0.0079725069
-0.0063849587
0.0044655153
0.0051520468
-0.0079533652
0.0052089193
0.0037863775
-0.0082870279
0
-0.0036681496
0.0018246327
0.0020161731
-0.008570065
0
-0.0050904875
0.001523824
-0.0080739929
-0.0052049905
0.0028713262
0.0039015984
-0.0079974752
0.0034661242
0.0023835578
-0.0084104788
0
-0.0071386661
0.0017617991
-0.0071386575
0
-0.0072490512
0.0010293392
-0.0060094269
-0.0072158186
0.0019085311
0.0071652943
-0.006033655
0.0033224722
-0.0071652959
0
-0.0060094381
0.0010293385
-0.0072490454
0
-0.006211086
0.0004032944
-0.0062110734
-0.0061809357
0.00069784514
0.0060336627
-0.0061809328
0.0019085312
-0.0072158165
-0.0072506184
0.0047066608
0.0065585255
-0.0072506232
-0.0072391563
0.0026535864
-0.0060378429
-0.0072875646
0.0032688944
0.0073661745
-0.0060066724
0.0059192105
0.0067598962
-0.0073661796
-0.0060378419
0.0026535867
0.0052813226
-0.0072391593
-0.0061384738
0.00089911085
-0.0061384768
-0.006066175
0.0010181259
0.0060066663
-0.0060661787
0.0032688942
0.00531275
-0.0072875709
-0.005435588
0.0074855127
0.0041922268
-0.0083876285
0.0063808136
-0.0080733449
0.0081057387
0.0057368982
-0.0082896189
0.009576149
0.0046014414
-0.0086418499
-0.0040685532
0.0049416492
0.0026485441
-0.0084431444
0.0040595144
-0.0080487638
0.005088149
0.0041758728
-0.0081813763
0.0062482661
0.0028345976
-0.0086071917
0
-0.0076476897
0.00085690143
-0.0022280758
0
-0.0057354614
-3.1462644e-05
-0.00090449188
-0.0056222613
-9.2239338e-05
0.0074903196
-0.0009408919
0.0016087342
-0.0023775517
0
-0.0071890101
0.0006434175
-0.0037564757
0
-0.0053888451
-0.00016430481
-0.002540352
-0.0053243406
-0.00036814801
0.0071005851
-0.0025132933
0.0011801741
-0.0038111926
0
-0.0030737029
-0.00070956699
5.6312857e-05
0
0
-0.0010768199
0.00052938955
0
-0.002094548
0.0030236952
0.00064294796
-0.0013901895
0.0001239383
0
-0.0028877019
-0.00078090204
-0.0016639283
0
0
-0.0011145956
-0.0012437168
0
-0.0021921027
0.0028621173
-0.0011416622
-0.0015503749
-0.0015688121
-0.0030205401
-0.0020624646
0.0056082978
0.00039661462
0
-0.0030720071
0.00094750939
0
-0.0040205717
0.0030465391
0.0014618103
-0.0027386451
0.0056555619
0.00087137093
-0.0028655012
-0.0023127508
0.0053240619
-0.0012995702
0
-0.0032330403
-0.00087705422
0
-0.0042333833
0.0028857067
-0.00042355343
-0.0030654795
0.0053601274
-0.00085032107
-0.0074840574
0.0022518465
-0.0023854629
-0.00019858965
-0.00078752326
-0.00036464334
0.007574675
-0.00045802512
0.0027733973
-0.0022655773
-0.007112186
0.0016140488
-0.0037559132
-0.0006149961
-0.0023287992
-0.0009056862
0.0071827711
-0.0019899788
0.0019420718
-0.0035921996
0
-0.0064719751
0.00024994581
-0.0047834975
0
-0.0048602467
-0.00046505069
-0.0036870298
-0.0048197194
-0.0009636764
0.0064194566
-0.0036144047
0.00040957535
-0.0047671842
0
-0.0056009774
-0.00026749117
-0.0051261149
0
-0.0042284592
-0.00088471389
-0.0041748342
-0.0041882275
-0.0017840596
0.0055520199
-0.0040788514
-0.00059508793
-0.0050685033
0
-0.0026062609
-0.0010103381
-0.002907576
0
0
-0.0013045391
-0.0025454385
0
-0.0025811943
0.0025908859
-0.0024558928
-0.0020124418
-0.0027955419
0
-0.0022719111
-0.0013552114
-0.0035089128
0
0
-0.0016079768
-0.0032093728
0
-0.0031852878
0.0022534039
-0.0031319856
-0.0026930115
-0.0033925654
-0.0025836171
-0.0029943379
0.0048035175
-0.0025375745
0
-0.0038112763
-0.0022305893
0
-0.0049740965
0.0025789646
-0.0018396979
-0.0039376465
0.0047951611
-0.002123209
-0.0022222989
-0.0039862905
0.0041332119
-0.0031552085
0
-0.0046951828
-0.0029429932
0
-0.0061004262
0.0021797536
-0.0026142081
-0.0052009806
0.0040579171
-0.0027866824
-0.0064099386
0.00048919213
-0.0046647477
-0.0014871905
-0.0034117062
-0.0020223835
0.0064165708
-0.0030761955
0.00049657175
-0.004470573
-0.0054907495
-0.00096637701
-0.0049411829
-0.0026781442
-0.0038751594
-0.0035398101
0.0054036859
-0.0035602984
-0.0013623812
-0.0047370578
-0.0077033174
0.0031434512
0.0088467062
-0.0020313701
-0.0057177793
-0.00060564188
3.0262426e-05
-0.0057397642
-0.00093407449
0.0077991887
0.00065784068
0.0033152723
0.0090955114
-0.0016911421
-0.0072654997
0.0021489151
0.008348718
-0.0033214317
-0.0053963437
-0.0012413772
-0.0015032026
-0.0053886461
-0.0016206775
0.0073029912
-0.00087720406
0.0022081126
0.0084937313
-0.0029410797
-0.0030765335
-0.0034228421
0.001533457
0
-0.0049389884
0.0021805975
0
-0.0058098697
0.0030807099
0.0030817293
-0.0041070462
0.0023580166
-0.0029032238
-0.0037995359
-0.0002256065
0
-0.0051792488
0.00022323919
0
-0.0060443038
0.002894413
0.0010523712
-0.0044964649
0.00056071254
-0.0030258642
-0.0047651021
0.005657476
0.0033113011
0
-0.0065963391
0.0041286678
0
0.0028786471
0.0052709562
0.005403221
0.0043500714
-0.0028328098
-0.0051242932
0.0052859756
0.0014859636
0
-0.0067877561
0.0020393104
0
0.0026919533
0.0031456725
0.0050349322
0.0025174331
-0.0077727262
0.0032441557
0.0092515053
-0.0012427473
-0.0013484583
0.0014044859
0.0075175194
0.0022476227
0.0091646744
-0.00067425313
-0.0072236277
0.0020964565
0.0085334826
-0.0024409462
-0.0020313018
-0.00012254205
0.006945074
0.00074626829
0.0083532283
-0.0018046158
-0.006405913
0.00043245951
0.0073263626
-0.004177769
-0.0047695317
-0.0025548948
-0.0026070727
-0.0046948284
-0.0030676396
0.0063358938
-0.0020055246
0.00029196733
0.0073114307
-0.0037761244
-0.0052706273
-0.0017660682
0.005942359
-0.0044458138
-0.0039479403
-0.0043390187
-0.0031305511
-0.0037834995
-0.0050428938
0.0050649973
-0.0025831474
-0.0021618444
0.0057384285
-0.0040537795
-0.0025636649
-0.00481857
-0.0015505498
0
-0.0060413882
-0.001273134
0
-0.0069757713
0.0025208408
-0.00053408645
-0.0056061954
-0.00082564965
-0.0021185664
-0.0062981741
-0.0022827302
0
-0.0073579252
-0.0021342014
0
-0.008418333
0.0020284533
-0.0015021319
-0.007233834
-0.001645036
-0.0024315191
-0.0062603892
0.0045343198
3.7356734e-05
0
-0.0077301681
0.00036218803
0
0.0022770502
0.001387616
0.0042505088
0.0010145973
-0.0018978177
-0.0079586089
0.0035419321
-0.00088198272
0
-0.009226961
-0.00072700179
0
0.0017157717
0.00017125169
0.0032012911
-1.056161e-05
-0.0061548913
7.4352405e-05
0.007182149
-0.003250589
-0.0035355781
-0.001275175
0.0058058474
-0.00042469065
0.0068609761
-0.0025838986
-0.0047549544
-0.0025297791
0.0054168666
-0.0035445664
-0.0056133718
-0.0019177193
0.0043075019
-0.0011392086
0.0049340572
-0.0029025367
-0.0063556486
0.017145158
0.0047791803
-0.0063556619
-0.0081613116
0.01489104
-0.0069172564
-0.0088288345
0.017338655
0.0070521096
-0.007548024
0.020328369
0.0054604929
-0.0070521217
-0.0069172372
0.014891036
0.0061111984
-0.0081613217
-0.0079795392
0.012721125
-0.0079795542
-0.0084649328
0.014554972
0.0075480051
-0.0084649429
0.017338648
0.0068771159
-0.0088288447
-0.0090145393
0.011460162
-0.0060614166
0.007348276
-0.0042314833
0.0081479246
0.0094835371
-0.0042354625
0.013029169
-0.0064206601
-0.0085691659
0.0096116687
-0.006977719
0.0059292613
-0.0052930416
0.0065189686
0.0088771994
-0.0052086379
0.010801818
-0.0071985424
-0.0099768463
0.013981994
0.009791065
-0.0067985858
0.0085150497
-0.0041626738
0.010289811
-0.0039509288
0.010874756
-0.0070770585
-0.0091441267
0.011493282
0.0090342792
-0.0073802025
0.0067720101
-0.0050263594
0.0092229834
-0.0046862054
0.0095516086
-0.0074144075
-0.0082557085
0.023902719
0.0064685233
-0.0082557226
0.019328884
-0.008410747
0.010601488
-0.0094558749
0.0092720652
-0.010601495
-0.0084107309
0.019328879
0.0079558504
-0.0097910735
0.015802066
-0.0090342928
0.0094558606
-0.0095516177
0.0094280381
-0.01087476
-0.0060613982
0.011460154
0.0050306174
-0.0090145464
-0.0069777058
0.009611666
-0.008569174
-0.0071985263
0.010801812
0.006420644
-0.0088772069
0.01302916
0.005506336
-0.0094835422
-0.004231469
0.0073482653
0.0029636327
-0.0088467093
-0.0052930298
0.005929256
-0.0083487202
-0.0052086225
0.0065189585
0.0042354487
-0.0084937357
0.0081479113
0.0030477757
-0.0090955151
-0.0074852141
0.0069342259
-0.0074852261
0.0037402133
-0.0059232121
0.0040329977
0.0075733009
-0.0057632926
0.0076837679
-0.0075733097
-0.0059232017
0.003740206
-0.007326366
0.0010564351
-0.0059423639
0.0010067256
0.0057632809
-0.0057384356
0.0040329927
-0.0073114379
-0.0075716659
0.0080667202
0.0073801871
-0.007571676
0.0041059772
-0.0054888558
0.007384252
-0.0050469277
0.0074143976
-0.0073842621
-0.0054888399
0.0041059708
0.0050263423
-0.0071821564
0.00086277498
-0.0054168784
0.0050469148
-0.0049340668
0.0046861897
-0.0068609819
-0.0067985651
0.013981981
0.0060315218
-0.0099768509
0.011493275
-0.0091441335
0.0070770424
-0.0092229852
0.0064688086
-0.010289814
-0.0041626552
0.008515032
0.0030701904
-0.0092515068
0.0067719981
-0.0085334861
0.0039509133
-0.0083532317
0.0029789131
-0.0091646722
0
-0.0022280936
0.00085690461
0.00044881552
-0.0076476915
0
-0.0037564951
0.00064341926
-0.0071890107
-0.0038112051
0.0011801725
0.0023775602
-0.0071005836
0.0016087358
0.00070557252
-0.0074903224
0
-0.0009045117
-3.1463523e-05
-0.0009762558
-0.0057354605
0
-0.0025403764
-0.00016430457
-0.0053888415
-0.0025133101
-0.00036814869
0.0009409103
-0.0053243397
-9.2239941e-05
-0.00086637406
-0.0056222616
0
-0.0047835177
0.00024994671
-0.0064719695
0
-0.0051261318
-0.00026748751
-0.0056009717
-0.0050685173
-0.00059508815
0.0047671983
-0.0055520131
0.00040957672
-0.0064194532
0
-0.003687051
-0.00046505312
-0.0048602418
0
-0.0041748527
-0.00088471352
-0.0042284565
-0.0040788679
-0.0017840574
0.0036144219
-0.0041882232
-0.00096367957
-0.004819715
-0.0046647509
0.00048918879
0.0037559174
-0.0064099379
-0.004941189
-0.00096637832
-0.0054907484
-0.0047370569
-0.0013623832
0.0044705715
-0.0054036884
0.00049656721
0.0035921948
-0.0064165725
-0.003411716
-0.0014871943
0.0023288064
-0.0048035135
-0.0038751681
-0.0026781472
-0.0041332066
-0.0035603
-0.0035398132
0.0030761966
-0.0040579189
-0.0020223898
0.0019899835
-0.004795164
-0.0023854678
0.0022518427
0.00078327396
-0.0074840575
0.0016140471
-0.0071121888
0.0019420658
0.0022655747
-0.0071827749
0.0027733932
0.00071151078
-0.0075746783
-0.00078753156
-0.00019859176
-0.00098187475
-0.0056082993
-0.00061500032
-0.0053240624
-0.00090569121
0.00045802987
-0.0053601303
-0.00036464875
-0.0012950254
-0.0056555661
0
5.6285833e-05
-0.00070956762
-0.0020084781
-0.0030737005
0
-0.0016639522
-0.00078090478
-0.0028876987
-0.0015688357
-0.0015503796
-0.00012391691
-0.0028621123
-0.0013901864
-0.0020418635
-0.0030236961
0
0.00052935875
-0.0010768214
-0.0025262379
0
0
-0.0012437401
-0.0011145997
0
-0.0011416899
-0.0021921036
-0.00064291855
0
-0.0020945489
-0.0026488871
0
0
-0.0029075963
-0.0010103395
-0.0026062582
0
-0.0035089321
-0.0013552111
-0.0022719097
-0.0033925812
-0.0026930131
0.0027955621
-0.002253402
-0.0020124457
-0.0025908824
0
-0.0025454584
-0.00130454
0
0
-0.0032093939
-0.0016079742
0
-0.0031320051
-0.0031852866
0.0024559156
0
-0.0025811967
0
-0.0025375933
-0.0029943414
0.0012995899
-0.0025836144
-0.0031552234
-0.0039862937
-0.0022222959
-0.0027866922
-0.0052009833
0.0021232174
-0.0021797545
-0.0039376527
0.00085032973
-0.002578965
-0.0022306114
-0.0038112794
0.00087707985
0
-0.0029430104
-0.0046951835
0
-0.0026142204
-0.0061004313
0.0018397136
0
-0.0049740997
0.00042356885
0
0.00039659854
-0.0020624682
-0.0023120778
-0.0030205384
-0.0023127517
-0.0028655018
-0.0030654832
-0.00087135925
-0.0028857099
-0.0027386472
-0.0028042021
-0.0030465442
0.00094748616
-0.003072006
-0.0029905675
0
-0.0032330394
0
-0.0042333862
-0.0014617942
0
-0.004020576
-0.0035597683
0
0
-0.0047104263
-0.0008314055
-0.004710415
0
-0.0035898985
-0.00135443
-0.003940932
-0.0035329082
-0.0026975181
0.0046412134
-0.0038440684
-0.0016860076
-0.0046412051
0
-0.0039409477
-0.0013544283
-0.0035898916
0
-0.0030429162
-0.0017960586
-0.0030429049
-0.0029643449
-0.0035555218
0.0038440775
-0.0029643378
-0.0026975221
-0.0035329018
0
-0.0019355505
-0.0017538473
-0.0034094135
0
0
-0.0019676216
-0.0031773017
0
-0.0038930142
0.0019044915
-0.0031110845
-0.0034732061
-0.0033016233
0
-0.001648474
-0.0021353243
-0.0026685314
0
0
-0.0023168653
-0.0025089104
0
-0.0045762399
0.0016023337
-0.0024540435
-0.0042174864
-0.0025814724
-0.0018435007
-0.0051177898
0.0034285194
-0.0030956435
0
-0.0057242046
-0.0029553036
0
-0.0074087776
0.0017589895
-0.0026886246
-0.0066390575
0.0032796409
-0.002786066
-0.0015152596
-0.0061950691
0.0028173403
-0.0024201414
0
-0.0067146608
-0.0023321423
0
-0.0086668267
0.0013959248
-0.0021323836
-0.0080070255
0.0026081425
-0.0021863272
-0.004513656
-0.0025410741
-0.0045136494
-0.0039991088
-0.0036587052
-0.0052188994
0.0043243092
-0.0033851762
-0.0033665717
-0.004324308
-0.0036587159
-0.0039991112
-0.0034285126
-0.0052382675
-0.0028173351
-0.006792342
0.0033851805
-0.0026081396
-0.005218903
-0.0032796357
0
-0.0034094311
-0.0017538473
-0.0019355454
0
-0.0026685441
-0.002135325
-0.0016484669
-0.0025814836
-0.0042174863
0.0033016354
-0.0016023283
-0.0034732061
-0.0019044888
0
-0.003177319
-0.0019676202
0
0
-0.0025089209
-0.002316865
0
-0.002454053
-0.0045762383
0.0031110981
0
-0.0038930161
0
0
-0.0014527447
-0.002431592
-0.0014527389
0
0
-0.0025912324
-0.0013704226
0
-0.0051120244
0.0013989057
-0.0013321573
-0.0047967388
-0.0013989034
0
-0.0013704279
-0.0025912319
0
0
0
-0.0027408505
0
0
-0.0054051721
0.0013321643
0
-0.0051120241
0
-0.0013017059
-0.0070336189
0.0024201454
-0.0013017008
0
-0.0074907121
-0.0012551605
0
-0.0096522637
0.0011672724
-0.0011381044
-0.0090717368
0.0021863338
-0.0011672707
-0.0012551652
-0.0074907116
0.0023321519
0
0
-0.0079154978
0
0
-0.010191711
0.0011381086
0
-0.0096522635
0.0021323897
0
-0.0030956523
-0.0051177928
-0.001843497
-0.006195069
-0.0015152594
-0.0080070261
0.0027860739
-0.0013959227
-0.0066390603
-0.0017589866
-0.002955315
-0.0057242084
0
-0.0067146608
0
-0.0086668279
0.0026886341
0
-0.0074087812
0
-0.0040638916
-0.0041304076
0.0044458081
-0.0040638944
-0.0030805658
-0.0063123434
-0.0030204328
-0.0028217767
-0.0072322058
0.0037193765
-0.0025608847
-0.004799199
0.0040537715
-0.0037193831
-0.0030204327
-0.0063123465
0.0031305491
-0.0030805672
-0.002336051
-0.0081611074
-0.0023360492
-0.0019985896
-0.009285691
0.0025608814
-0.0019985929
-0.007232209
0.0025831407
-0.0028217799
-0.0016487095
-0.0079839296
-0.0023697143
0
-0.008889622
-0.0023020666
0
-0.010105838
0.0015079796
-0.0017938954
-0.009095966
-0.0018467967
-0.0012449899
-0.0095883534
-0.0018794475
0
-0.010363685
-0.0018501977
0
-0.011734441
0.0010616392
-0.0014847788
-0.01087218
-0.0014999201
-0.0013316186
-0.0099167657
0.0024928194
-0.0012223837
0
-0.010994918
-0.0011695403
0
0.0011155943
-0.00044282647
0.0020853092
-0.00050831246
-0.00084539875
-0.011792392
0.0015942939
-0.0010510672
0
-0.012709667
-0.001039713
0
0.00059746742
-0.0005241361
0.0011250301
-0.00054076842
-0.0032761974
-0.0053359211
0.0035445573
-0.0032762042
-0.0079285618
-0.0020047414
0.0027219063
-0.0013548827
0.0029025271
-0.0027219136
-0.0020047346
-0.0079285649
0.0019177097
-0.0024928233
-0.010106573
-0.0015942997
0.0013548728
-0.0011250381
0.001139199
-0.0020853134
-0.0023697162
-0.0079839342
0.0022827301
-0.0016487071
-0.0018794491
-0.0095883514
-0.0012449909
-0.0014999177
-0.010872182
0.0018467958
-0.0010616405
-0.0090959692
0.0016450324
-0.0015079815
-0.0023020672
-0.0088896265
0.0021342054
0
-0.0018501998
-0.010363686
0
-0.0014847761
-0.011734443
0.001793892
0
-0.010105845
0.0015021293
0
-0.0009965064
-0.01083762
-0.00099650689
0
-0.011518992
-0.00097997535
0
-0.01301295
0.00079020266
-0.00078102431
-0.012257052
-0.00079020295
-0.00097997796
-0.011518992
0
0
-0.012151664
0
0
-0.01371371
0.00078102168
0
-0.01301295
0
-0.00055041252
-0.013258356
0.0010510645
-0.00055041533
0
-0.014059606
-0.00054346863
0
0.00028140133
-0.0002722089
0.00054076444
-0.0002814062
-0.00054346385
-0.014059608
0.0010397073
0
0
-0.014800642
0
0
0.00027220652
0
0.00052412961
0
-0.0012223767
-0.0099167717
0.00088197597
-0.00133162
-0.011792394
-0.00084540008
0.00050830446
-0.00059746859
1.0553002e-05
-0.0011155966
-0.0011695329
-0.010994927
0.00072699459
0
-0.012709668
0
0.00044282009
0
-0.00017125972
0
-0.0020313651
0.0031434424
0.00051792582
-0.0077033192
-0.0033214257
0.0021489094
-0.0072655032
-0.0029410697
0.0022081024
0.0016911341
-0.0073029931
0.0033152615
0.00022299011
-0.0077991902
3.0262221e-05
-0.00060564849
-0.0017748013
-0.0057177803
-0.0015032
-0.0012413855
-0.0053963466
-0.0008771975
-0.0016206891
-0.00065784565
-0.0053886464
-0.00093408662
-0.0023888332
-0.0057397646
-0.004177765
0.00043245737
-0.0064059168
-0.0017660709
-0.0052706331
-0.0021618444
0.0037761123
-0.005065003
0.0002919604
-0.0063358983
-0.002607067
-0.0025549041
-0.0047695356
-0.0043390237
-0.0039479406
-0.0050428994
0.0020055198
-0.0037835064
-0.0030676493
-0.0046948307
-0.0032505799
7.4344699e-05
0.0024409345
-0.0061548954
-0.0025297841
-0.0047549613
0.0025838846
-0.0043075086
0.0018046043
-0.0058058522
-0.0012751647
-0.003535589
0.00012253086
-0.0045343218
-0.0056133786
-0.0035419371
0.00042468223
-0.0032012964
-0.0007462782
-0.0042505097
-0.0012427349
0.0032441403
-0.00016492607
-0.0077727246
0.0020964432
-0.0072236273
0.00067424012
-0.0069450731
-0.00065020288
-0.007517517
0.0014044934
-0.001348472
-0.0031053588
-0.0056574739
-0.002031315
-0.0052859772
-0.0022476321
-0.0050349295
-0.0038917004
-0.0054032181
0.0015334531
-0.0034228527
-0.0034904952
-0.0030765326
-0.0002256089
-0.0037995424
-0.0029032255
0.00056071696
-0.0044964774
-0.002358014
-0.0028944143
-0.004107056
-0.0043328648
-0.0030807105
0.0021805882
-0.0049389978
-0.004338699
0
0.00022323239
-0.0051792559
0
0.0010523687
-0.006044315
-0.0030817239
0
-0.0058098814
-0.0052915508
0
-0.0015505521
-0.0048185787
-0.0025636664
-0.0062981786
-0.0021185673
-0.0072338425
0.0008256463
-0.0020284563
-0.0056062041
-0.002520842
-0.0012731364
-0.0060413973
0
-0.0073579296
0
-0.0084183424
0.00053408569
0
-0.0069757848
0
3.7364398e-05
-0.0062604023
-0.0014859684
-0.0024315197
-0.0079586203
-0.001897819
-0.0010146062
-0.0017157741
-0.0025174424
-0.0022770504
0.00036219297
-0.0077301835
-0.002039314
0
-0.0092269738
0
-0.0013876253
0
-0.0031456785
0
0.0033113061
-0.0047651163
-0.0052848558
-0.0030258638
-0.0051243098
-0.002832807
-0.0043500758
-0.0026919544
-0.0062918089
-0.0028786459
0.0041286682
-0.0065963533
-0.0063680601
0
-0.0067877679
0
-0.005270958
0
-0.0075049339
0
0
0
-0.00065944329
0.0013904093
0
-0.00073096602
0
0
-0.0011871523
0.0017191187
-0.0011914097
0
-0.0018469402
0.0033192452
0.0010665881
-0.00081977439
0
0.0027630962
0
-0.00030609879
0
-0.00017073078
0.00088908608
0
-0.0014493213
0
-0.00033251466
0.0012126446
-0.0022422704
-0.00094451147
0.0024127008
0.00054520717
-0.0016205263
0.0018672281
0
-0.0007390336
0
0
-0.001673201
0.0022354043
-0.0017493556
0
0
-0.0021815729
0.002812249
-0.0023038772
0
-0.0030286722
0.0053401902
0.0024741091
-0.0019733781
0
0.0042526356
-0.0013900625
0
-0.00058822196
0.0017263101
-0.0032199584
0
-0.0010017557
0.0023090384
-0.0041993818
-0.0018003914
0.0044277279
0.0013357991
-0.0036274753
0.0033376781
-0.0026101428
0
-0.0034615399
0.0061984499
0.0026371478
-0.0011214221
0
-0.0040979223
0.0077658625
-0.0017892899
0
-0.0052281661
0.010179785
0.0044832144
-0.0016689707
0
0.0081177208
0.003439455
-0.0008755115
-0.0021124696
0.004887615
0.0015585286
-0.0021174179
-0.0026543802
0.0064476969
-0.0032673484
-0.0035343694
0.0084312125
0.0028964289
-0.0030145458
0.0063969467
0.0021688311
-0.0016572455
0
-0.0015320811
0.0040976088
0
0.00019756856
0
0.0048748231
-0.00045051121
0
0.0063823183
0.0019977155
-6.5755711e-05
0
0.0053683634
0
0.00072696083
-0.00090364268
0.002824318
0
0.00014412132
0.003583914
-0.00096683857
0.0047021439
0.001257499
-0.00027265352
0.0037188931
0
0.0010898847
0
0.00048010633
5.6016213e-05
0
-0.0019854439
0
0.00083315647
0.00036234607
-0.0029576666
0.00024271559
0.00082766536
-0.00012624382
-0.0022023173
0.00031104995
0
-0.0011203112
0
0.0011610824
-0.00092955001
0
-0.0022169763
0
0.0020689233
-0.00065397485
-0.0032115327
0.0015571092
-0.0011140925
-0.00086231434
-0.0024369946
-0.0015841189
0
-0.0013280566
0
0.00092555427
0.00085881049
-0.0041711667
0
0.00068477723
0.0014366398
-0.0053952446
-9.7335053e-05
0.0027956155
-0.00019782664
-0.0046912892
0.0017206957
-0.0034271391
0
0.0025568683
-0.00019344206
-0.0044656697
0
0.0025395984
0.00036094778
-0.0057389225
0.0018509481
0.00075141245
-0.0019191597
-0.0050135423
-0.00028053125
-0.0037021003
-0.00039086438
0.0025650248
0.00021131552
-0.0027821982
-0.00075621717
0.0040920722
-0.0041984523
-0.0013514494
0.0053306064
0.00091083324
-0.0038124638
0.0033633226
0.00060802455
-0.0021527347
0.0015264084
-0.0003236408
-0.0012668048
-0.0029986922
0.0014020604
0.0011369641
-0.004459656
0.0011007318
0.0014784583
-0.0012728392
-0.0039818505
-0.00038493674
-0.0010839769
-0.0022803011
-0.00012963432
0.00059350202
0
-8.6964375e-06
0.001312576
-0.001370068
0.0017534611
0.00035632991
-0.00046184394
0.00083184448
0
0.0012078722
0.00071061159
-0.0021493908
0
-0.00015403618
-0.0014922555
-0.0015480982
-0.0018742436
-0.00061224662
-0.00055158611
-0.0027110414
0
0.0011572761
0
0
-0.0027236829
0.003346816
-0.002804706
0
0
-0.0032429645
0.0037555461
-0.0032362645
0
-0.0039418194
0.0071852954
0.0035333536
-0.0030212834
0
0.0063751022
-0.0025236048
0
-0.0015836066
0.0028606505
-0.0050835057
0
-0.0022896138
0.0032971647
-0.0058274219
-0.0029786786
0.0063253903
0.0023595794
-0.0054304099
0.0054808533
-0.0045846195
0
0
-0.0035837316
0.0039821112
-0.0036413441
0
0
0.004012512
-0.0043869034
0
0.0077326733
0.0041055452
-0.0043658078
0
0.0076518223
-0.0035059853
0
-0.0030373663
0.0035584684
-0.0064520601
0
0.0036118956
-0.0069387748
0.006938692
0.0035841824
-0.0067970974
0.0068358844
-0.0061778975
0
-0.0048095412
0.011144309
0.0048632749
-0.0035462207
0
0.011253512
-0.0045115507
0
0.01466984
0.005616611
-0.0047768653
0
0.01457511
0.0058876534
-0.0037018432
-0.0042140445
0.0099304198
0.0037535916
-0.0061803033
0.010062183
-0.0069020762
0.013049856
0.0049118847
-0.0071898235
0.012928564
0.0045909833
-0.0063790856
0
-0.0045779918
0.0092739897
-0.0024188179
0
0.010461283
-0.0029907047
0
0.013710689
0.0057090071
-0.0030707594
0
0.012162776
-0.0024079448
-0.0032113234
0.0079699902
-0.0043510117
0.009194919
-0.0053179651
0.012000971
0.0041097306
-0.0053955588
0.010415775
-0.0042783688
0
9.7876781e-05
0.002001191
-0.0064977963
0
-0.00079834676
0.0024686952
-0.0073998936
-0.0014849695
0.0047489279
0.00066690037
-0.0068925735
0.0038614413
-0.0058753045
0
0.0020030905
0.00092285953
-0.0068841479
0
0.00099330553
0.0014103666
-0.0078004752
0.00038693917
0.0027258009
-0.0013285515
-0.0072663955
0.001807898
-0.0062379464
0
-0.0019719535
0.00277292
-0.0080513734
0
0.0028681322
-0.0084055337
0.0054940258
0.0025348949
-0.0081715084
0.0053239181
-0.0076789701
0
-0.00039415447
0.0017535541
-0.0084174675
0
0.0019010203
-0.0086845353
0.0036317394
0.00089226992
-0.0084109396
0.0033671553
-0.0080133622
-0.0030600855
0.0077056776
0.0021037014
-0.0076056788
0.0079278715
-0.0082037806
0.010197629
0.0035726121
-0.0084307515
0.0099532467
0.0026921901
-0.0077462327
-0.0012482233
0.0048505644
3.7719103e-05
-0.0078785837
0.0052073279
-0.0083790483
0.0066227983
0.0015033363
-0.0085149607
0.0061958708
0.00033992421
-0.007928127
-0.0013343117
0.0056180628
-0.0055295386
0.0068898636
-0.0066895111
0.0089269843
0.0019531033
-0.0066935927
0.0072969187
-0.0053555708
0.00087023551
0.002640558
-0.0058303737
0.0039462989
-0.0070020545
0.0050582793
-0.00055173282
-0.006913916
0.0033973001
-0.0055633139
0
-0.0068690775
0.015196084
0.006346632
-0.0025108627
0
-0.0069835886
0.017109099
-0.0032838991
0
-0.008181306
0.021023975
0.008038532
-0.003772102
0
0.018689751
0.0074031806
-0.0028583159
-0.0050151555
0.012897154
0.0043876402
-0.0043647263
-0.0054721191
0.014839393
-0.0056653569
-0.006406797
0.017829864
0.0058998547
-0.0062556314
0.015502387
0.0051631131
-0.0047268069
0
-0.0065222841
0.018107742
-0.0039939367
0
0.018104866
-0.0051781296
0
0.02180342
0.0075929703
-0.0058310321
0
0.022075261
-0.0045558543
-0.0056790293
0.015918707
-0.0067771694
0.015963413
-0.0076595175
0.018848068
0.0065596135
-0.0083981843
0.019008317
-0.0074926478
0
-0.0090811294
0.027428926
0.009575496
-0.0058480322
0
0.026293614
-0.0071027995
0
0.011658145
-0.011740154
0
0.011261017
-0.011510327
-0.0076620175
0.022359489
0.0074168123
-0.0089539993
0.021754455
-0.0097153538
0.0090016956
-0.011173591
0.0084498165
-0.010655808
0
-0.0092017149
0.023450791
0.0083356653
-0.0038949908
0
0.026429121
-0.0050313644
0
0.01030555
-0.010700548
0
0.0090095905
-0.0088105916
-0.0067239472
0.018290666
0.0057929485
-0.0057522717
0.021100889
-0.007609524
0.0074409944
-0.0092064883
0.0062572223
-0.0069303814
-0.0025321418
0.0088878988
0.0018877333
-0.005311298
-0.0032656576
0.010860659
-0.0068655157
-0.0038302306
0.012599184
0.0030615021
-0.0072254279
0.010289916
0.0023444708
-0.0054117927
0.00032664736
0.0040208213
-0.00089677738
-0.0053646891
-0.00056053599
0.0060101972
-0.0069302503
-0.0007214953
0.006653124
-0.00017265937
-0.0069742001
0.0043660862
-0.00076899815
-0.0051607188
-0.0040919868
0.012066439
-0.0080640322
0.012293368
-0.008816626
0.01412346
0.0046401851
-0.0093621257
0.013959274
-0.0085755282
-0.00169064
0.0073560965
-0.0080941539
0.0078352778
-0.0087561128
0.0087213838
0.0018294009
-0.009029857
0.00818919
-0.0083007161
-0.0052184778
0.015047884
0.0043741017
-0.0091982336
0.015205518
-0.0099843675
0.0057280608
-0.010461428
0.004837076
-0.009672477
-0.0019126455
0.0085038207
0.00082451405
-0.0084247329
0.0091165976
-0.0092220365
0.001899293
-0.0091467803
0.00084930614
-0.0082600817
-0.0035213387
0.010930871
0.0027003875
-0.0055722757
0.013533355
-0.0076909323
0.0038894193
-0.0079837807
0.0029668409
-0.0055163723
8.104176e-05
0.0042473072
-0.00070405138
-0.0048304871
0.0067877031
-0.0069199556
-5.0383192e-05
-0.0065544762
-0.00068411091
-0.0041696896
0
-0.0024350264
0.0065434847
0
0.0012599052
0
-0.00419887
0.0078390889
0.000307073
0
-0.0048655829
0.009265692
0.0028170872
0.00062189258
0
0.0075865214
0
0.0017740505
-0.0015788905
0.0044977816
0
0.0020599073
-0.0027309819
0.0057338047
0.00042750357
-0.0031943051
0.0066190072
0.0018390156
0.0010919795
0.0050751509
0
0.0030356968
0
-0.0054672707
0.0100579
-0.00067177892
0
0.012688276
-0.0016291296
0
0.01551186
0.0063549338
-0.0017753373
0
0.012133258
-0.00058600694
-0.0036338149
0.0078661552
-0.0012381544
0.010421341
-0.0028654328
0.012455981
0.0042664619
-0.0029133262
0.0092802168
-0.00092791171
0
-0.0070657134
0.014688433
0.0053643631
-0.0008538246
0
0.01923826
-0.002456448
0
0.0074221547
-0.0061598264
0
0.0055087865
-0.0031548184
-0.0047184249
0.01056267
0.0034905323
-0.00090838506
0.014524396
-0.0034503398
0.0049847027
-0.0040070805
0.0036155143
-0.00077163357
0
-0.0031008547
0.0084745905
0
0.0022127856
0
0.0107807
0.00074850061
0
0.0031482675
-0.00024209083
0
0
0.0021622364
-0.0019944579
0.005274857
0
0.0040075374
0.0072225311
0.0016410512
0.0020345587
0.0024185605
0
0.0052746897
-0.00054831853
0.00095430725
0
0.002485763
-0.0009488148
0.0020861313
0.00049532961
-0.0012084595
0.0021996882
0.00068957996
0.0014973022
0.00085087876
0
0.0038287052
0.00055078743
-0.0033398086
0
0.0025637428
0.00096760574
-0.00233142
0.00053568771
0.00090874201
-0.0029571308
-0.00052355591
0.0017378268
-0.0041166533
0
0.004081994
-0.0013656697
0.0040653836
-0.0015233604
0.0064822182
-0.003494981
0.0074384357
0.001729866
-0.0032549389
0.004559996
-0.0009011176
0.0011078439
-0.00053535872
-0.0015131766
0.0017113915
-0.0035168477
0.001703727
-0.0010144227
-0.0030018498
-0.00088766519
-0.00065449185
-0.0019838201
0.0044663028
0.0013704773
-0.00020134911
0.0077112969
-0.0030066336
0.0021577899
-0.0024918253
0.0014658675
0.00080670472
0.0009787608
-0.0015588493
-0.00089699924
0.00038807343
0.0013001163
-0.0023283135
-0.00097551982
-0.0013132325
-0.00090949611
0.0017701663
-0.00076891943
0.00030670142
0
0.0053206341
0.0018144943
0.002627803
0.00080331956
0.0040901525
0
0.0071456434
0.0005257838
-0.0051028467
0
0.0057810438
-0.0038333856
0.0031328424
-0.00054484604
0.0048500515
0
0.0077694015
0
0.0017760113
-0.0019036721
0
-0.0020893154
0
0.0031966557
-0.0016690374
-0.0029631397
0.0028194249
-0.0030847408
-0.0015644098
-0.0022763063
-0.0034961716
0
-0.001299967
0
0.0022549899
-0.0027260605
0
-0.0016182449
0
0.0040858417
-0.0025363929
-0.0022575985
0.0038785499
-0.0047942069
-0.0021495169
-0.0017475253
-0.0051436892
0
-0.0010318552
0
0.0040672622
-0.0012595416
-0.0040767346
0
0.0042892816
-0.00074538399
-0.0052155579
0.0037714947
-0.0013676316
-0.0035899494
-0.0045728401
-0.0023317201
-0.0034004463
0
0.0052769863
-0.0021847715
-0.0030831077
0
0.0057166593
-0.001720216
-0.0039350148
0.0054202538
-0.0032469704
-0.0050056969
-0.0034606425
-0.0041301172
-0.0025822476
0.0034117855
-0.003295493
-0.0027038203
-0.0027428845
0.0035579333
-0.0019285032
-0.0040449323
0.0035471454
-0.0024832977
-0.0034171347
-0.0035570667
-0.0042194726
-0.0027263405
-0.0020471157
0.0050438057
-0.0059106529
-0.0039351392
-0.0020710154
0.0054470548
-0.0046492578
-0.003045894
0.0057039829
-0.0059789421
-0.0052853483
-0.0026460169
-0.0075826822
-0.0041426465
-0.0015177881
0.0015205425
-0.0049396215
0
-0.00023112869
-0.0043577103
-0.0014584065
-0.0055695119
-0.0015447321
-0.00052139305
-0.0063104626
0
0.00098338518
0.0022085432
-0.00736455
0
-0.00021881109
-0.0068600982
-0.0011191111
-0.0087936751
-0.0023418888
-0.00038857394
-0.0094404345
0
0.0007173809
0
0.0025594935
-0.0032967226
0
-0.00088101581
0
0.004663304
-0.0031480244
-0.0012133845
0.0046304224
-0.0060242356
-0.0025603063
-0.00094143018
-0.0063191275
0
-0.00056975664
0
0.0026925985
-0.0035736143
0
0
0
0.0049306992
-0.0034514852
0
0.0050316626
-0.0066536497
-0.0027709282
0
-0.0069142992
0
0
0
0.0060804088
-0.0028497663
-0.0016504462
0
0.0066846478
-0.002432971
-0.0021062829
0.0066192808
-0.0046336109
-0.0060230926
-0.0018561907
-0.005440479
-0.0013842052
0
0.0064678103
-0.0031875573
0
0
0.0071637087
-0.0028021813
0
0.0072849825
-0.0053628123
-0.0065805422
0
-0.006120642
0
0.0062511092
-0.007826175
-0.0048350798
-0.0011013488
0.006858871
-0.0066611206
-0.0016261461
0.0073347914
-0.0085564486
-0.006685077
-0.0014004035
-0.010044688
-0.0051914575
-0.00079289476
0.0069401323
-0.0088269141
-0.005335209
0
0.0076737866
-0.0077226128
0
0.0082962955
-0.009915673
-0.0075036387
0
-0.01133277
-0.0057906776
0
0.0027048259
-0.0091141735
0
-0.00012859103
-0.0086765964
-0.00059700422
-0.011137915
-0.0029246868
-0.00019402609
-0.011705621
0
0.00038414163
0.0029697196
-0.01001261
0
0
-0.0096161434
0
-0.012354719
-0.0032461276
0
-0.012874596
0
0
0
0.003848812
-0.00020269758
-0.0062409807
0
0.0028112215
0.00029049559
-0.0070533803
0.0023614361
0.00058299145
-0.0033431842
-0.0065771433
-0.00034497474
-0.0056673586
0
0.005389081
-0.0012082636
-0.0047051389
0
0.004371473
-0.00072186727
-0.005313905
0.0041262748
-0.001356023
-0.0051033374
-0.004965925
-0.0022750649
-0.004283641
0
0.0013127783
0.00066369869
-0.0075827229
0
0.00086277885
-0.0077857204
0.0016407421
-0.0009507283
-0.007532602
0.0012795143
-0.00721847
0
0.0028246828
-0.00033028305
-0.0057056497
0
-8.8948359e-05
-0.005848345
-0.00018059761
-0.0026415295
-0.0056657973
-0.00062276028
-0.0054412474
0.00080782469
0.0018246947
-0.0021688827
-0.0070627061
0.0023214779
-0.0074686855
0.0028832984
-0.00083650717
-0.0075287632
0.0022694136
-0.0021672785
-0.0070420746
0.00271953
-0.00091905676
-0.0041739337
-0.0053120058
-0.00030413234
-0.0056074956
-0.00048549906
-0.0030146807
-0.0056277411
-0.0012548346
-0.0044533624
-0.005267615
0.0031252991
-0.00047450067
-0.0052682135
0.00084287988
-0.0063055266
0.0010325155
-0.0031105453
-0.0061602848
-0.00063698341
-0.004964231
0.0051330296
-0.0032625037
-0.0039667494
-0.0019553096
-0.0047471443
-0.0025627143
-0.0054003936
-0.0046058489
-0.0042186686
-0.0037044769
0
0.006454392
-0.0019542888
-0.0025205943
0
0.005471039
-0.0014818543
-0.0028486976
0.0054366573
-0.0028158053
-0.006397579
-0.0026710524
-0.0037149659
-0.002301262
0
0.0069900049
-0.0023468905
0
0
0.0060280489
-0.0018867415
0
0.0061577581
-0.0035983587
-0.0071171934
0
-0.0044803634
0
0
0.003907838
-0.0010830276
-0.0030594211
0
-0.00081366666
-0.0031353185
-0.0015673396
-0.0039053277
-0.0030486602
-0.00206472
-0.0029282255
0
0.0044562437
-0.0014876159
0
0
-0.0012053127
0
-0.0023184001
-0.0045844599
0
-0.0028425432
0
0.0041693849
-0.0029927741
-0.0056928999
-0.0028604367
-0.0022965093
-0.0030210188
-0.0030260196
-0.0046714088
-0.0030310241
-0.0039015097
-0.0061970657
-0.0028332225
0.0049565472
-0.0041096713
-0.0065498557
0
-0.0033734392
0
-0.0043945933
-0.0055696383
0
-0.0053222366
-0.0071902956
0
0.0066456802
-0.0053421185
-0.0021264059
-0.0040580048
-0.0025521645
-0.0052485634
-0.0071424578
-0.0024698982
-0.0068778828
-0.001976379
0.0075157562
-0.0064487389
0
-0.0051846227
0
-0.0066834856
-0.0081613309
0
-0.0082901533
0
0.003232255
-0.00089164708
-0.0036645626
-0.0046777179
0.0023012331
0.0010954894
-0.0060622022
0.002528173
0.00095558567
-0.0034406255
-0.0059218439
-0.0013110607
-0.0038578513
-0.0043240794
0.0058319965
-0.0051832427
-0.0061086071
-0.0034365332
0.004903936
-0.0032170107
-0.0044798453
0.0054675191
-0.0039476905
-0.0063605672
-0.004298116
-0.0061815193
-0.0065902437
-0.0030961263
0.00099473304
0.002562665
-0.0070809052
0.0032840112
-0.0076441668
0.0034611045
-0.0012501028
-0.0077338573
0.0026315837
-0.0070915645
0.003481017
-0.0016646543
-0.0052481666
-0.00075131527
-0.0056721349
-0.0011246566
-0.004072721
-0.0056766282
-0.0021773975
-0.0051840233
0.0015832485
0.0024034713
-0.0028181833
-0.0069616858
0.0033512243
-0.0076938339
-0.0019862169
-0.0073992908
-0.0031503415
-0.0065550551
0.0047458647
-0.0028000768
-0.0060894461
-0.0049954251
-0.0016107837
-0.0055672008
-0.0054571317
-0.0052652275
-0.0067166994
-0.0045982378
0.0036978148
-0.0019561424
-0.0040862719
-0.0037969484
0.00054091969
-0.0056256581
-0.0039715238
-0.0050362851
-0.0043112089
-0.0029679969
0.0069243637
-0.0072070783
-0.0070862863
-0.0026094666
-0.0047577082
-0.0039807229
-0.0074642429
-0.0034443753
-0.0075371197
-0.0019007023
0.007818973
-0.0083455498
-0.0079692016
-0.0018186377
0.0068927449
-0.0064115939
-0.0023905867
0.0077148413
-0.0075485099
-0.0086003886
-0.0022756526
-0.0097417431
-0.0086834408
-0.0016168808
0.0089957736
-0.010019446
-0.0090851186
0
0.0080333269
-0.0081116256
0
0.0090147581
-0.0094578231
-0.0099442132
0
-0.011620162
-0.0099603781
0
0.0053692679
-0.0048121969
-0.0028140024
-0.0037703592
-0.0030490225
-0.0045287233
-0.0062108284
-0.0030403004
-0.0057272463
-0.002764961
0.00639194
-0.0064948521
0
-0.0053903748
0
-0.0063492246
-0.0073730015
0
-0.0076180565
0
0.0071368295
-0.0066215411
-0.0085931186
-0.0026448411
-0.005277484
-0.0029664665
-0.0080816244
-0.0027891718
-0.0094533447
-0.0024129631
0.0084487
-0.0086530571
-0.01005854
0
-0.0072350512
0
-0.0095437148
0
-0.011080138
0
0.0094097426
-0.011026979
-0.00940059
-0.0013333837
-0.0086287151
-0.0020838937
-0.010168709
-0.001775563
-0.01004463
-0.00093261536
0.010923051
-0.01303868
-0.010837917
0
-0.010677206
0
-0.011843547
0
-0.011631808
0
0.0016069502
-0.0076588675
0
0.0023051975
0.0028237098
-0.0067745325
0.00052394879
0.0029624709
-0.0080093721
-0.0016907715
0.001700967
-0.0090134562
0
0.0037458111
0.0025133243
-0.011393981
0
0.0017454194
0.0044300045
-0.010622608
0.00043620115
0.0047490908
-0.012343438
-0.002697941
0.0013706476
-0.013215802
0
0.0028696917
0.0035299517
-0.0051635361
-0.001275355
-0.0030925408
-0.0030422155
-0.0038193877
-0.0037028368
-0.0024300173
-0.0061774041
-0.00038098963
0.0056460597
-0.0091809101
-0.00089318244
-0.0072743012
-0.0022094037
-0.0085525728
-0.0060609382
-0.0016810512
-0.010711932
-0.00016181548
0.0038988551
-0.0072810188
-0.0031152624
0.00070809533
-0.0047058923
-0.0016292257
-0.0040800567
-0.0005285586
-0.0032518847
0.0020826242
0.0064744552
-0.012141874
-0.0050586947
0.00072227697
-0.0097941554
-0.00099947416
-0.0068333236
-0.00010123316
-0.0053183286
0.0018080717
0.0017820022
-0.010363353
0
0.0053489382
-0.0092744885
0.0030646986
-0.0018637521
0.0046864539
0
0.0071700633
0.0028737886
-0.01485352
0
0.0041128677
-0.013910377
0.0024467309
-0.0030185103
0.0037000345
0
0.0054995912
0.003182915
-0.014093433
0
0.00095031625
0.005631081
-0.01341363
0.00026375041
0.0060982216
-0.015474834
-0.0034498247
0.00078345461
-0.016243898
0
0.0015703326
0.0035635196
-0.015487799
0
0
0.0063351085
-0.014862558
0
0.0069089012
-0.017098589
-0.0038894158
0
-0.017806882
0
0
0.0072449783
-0.012109484
-0.00044228364
-0.010339151
-0.0011509243
-0.011998128
-0.0078576833
-0.00084783169
-0.01400012
-3.0641318e-05
0.0082000938
-0.013640039
0
-0.011951622
0
-0.013806171
-0.0089536609
0
-0.01571544
0
0.0084549939
-0.015655015
-0.0065418699
0.00046404869
-0.013482917
-0.00046028149
-0.0089705238
4.0503783e-05
-0.006912233
0.0010628464
0.0096888797
-0.017485276
-0.0074549947
0
-0.015415489
0
-0.010330764
0
-0.0079172376
0
0.003697933
-0.018081978
0
0.0022530144
-0.017251153
0.0013791124
-0.0038999058
0.0020647508
0
0.0030068015
0.0041928879
-0.019746756
0
0
-0.018981583
0
-0.0044432411
0
0
0
