FiniteElementSpace
FiniteElementCollection: RT_3D_P0
VDim: 1
Ordering: 0

0
0
-0.00019425804
0.0016008068
0
-0.0014065488
0
0
-0.00033462584
0.0015950671
-0.0014546993
0
-0.00046546221
0.003172563
0.00027490626
-0.00138694
0
0.0032006549
0
-0.0013249418
0
-0.00013760004
0.0015451164
0
-0.0028140651
0
-0.0002359075
0.0015431243
-0.0028995161
-0.00037191113
0.0030759467
0.00022158971
-0.002769441
0.0030987925
0
-0.0026570282
0
0
-0.00041132676
0.0015776411
-0.0015009401
0
0
-0.00042448274
0.0015492823
-0.0015361263
0
-0.00057846976
0.0030452891
0.00056561199
-0.0014831491
0
0.0031181217
-0.0014403309
0
-0.0002901284
0.0015313827
-0.002978102
0
-0.00030092763
0.0015093652
-0.0030346923
-0.00046002828
0.002968768
0.00044998829
-0.0029325119
0.0030307321
-0.002861603
0
-0.00081979237
0.0046229696
0.00067783988
-0.0013628954
0
-0.00083295851
0.0044779164
-0.0014194611
0
-0.0011828729
0.005820981
0.0011768263
-0.001337018
0
0.0060826824
0.00098025989
-0.0012631464
-0.00069755821
0.0044946743
0.00057839439
-0.0027076739
-0.0007080915
0.0043651124
-0.0028052723
-0.0010500717
0.0056736492
0.001046077
-0.00264156
0.0059137065
0.00087319532
-0.0025092969
0
-0.00040083997
0.0048069648
0
-0.0012054699
0
0.004741171
-0.0012916081
0
0.0063115588
0.00058006046
-0.0011701883
0
0.0064459412
0
-0.0010589159
-0.00034374018
0.004657972
0
-0.0024209092
0.0045997955
-0.0025808026
0.0061235222
0.00051833765
-0.0023390573
0.0062464101
0
-0.0021290164
0
-4.0904176e-05
0.0014415536
0
-0.0042147146
0
-6.4841291e-05
0.0014457709
-0.0043213499
-0.000215186
0.0028889746
0.00013386459
-0.0041313233
0.0029023925
0
-0.0039840025
0
0.00010807708
0.001295538
0
-0.0056183296
0
0.00019610898
0.0013080127
-0.0057173945
2.9414818e-05
0.0026200169
-4.5886297e-06
-0.0054681536
0.0026200894
0
-0.0053131426
0
-7.8949809e-05
0.0014437111
-0.0044077045
0
-8.5886268e-05
0.0014326058
-0.0044603616
-0.00025990853
0.0028182475
0.00025475572
-0.0043130008
0.002860407
-0.0042387293
0
0.00023727253
0.0013189186
-0.0057677867
0
0.00022902199
0.0013223429
-0.005774454
3.9507644e-05
0.0026000228
-4.404822e-05
-0.0055861401
0.0026147328
-0.0055491768
-0.00050268002
0.004244021
0.00042150558
-0.0040101135
-0.00050839661
0.0041434529
-0.004124761
-0.00084240833
0.0053842254
0.00084240211
-0.0038823263
0.005583313
0.00070817778
-0.0037143645
-0.00020873334
0.0038805832
0.00018140506
-0.0052486355
-0.00021279859
0.0038211059
-0.005341779
-0.00054067546
0.0049630343
0.00054239442
-0.0050259736
0.0051036075
0.00046293636
-0.0048579308
-0.00025530873
0.0043688023
0
-0.0036320103
0.004324735
-0.0038503662
0.0057572725
0.00042482671
-0.0034882437
0.0058587536
0
-0.0031941411
-0.0001192606
0.0039503027
0
-0.004842963
0.0039264464
-0.0050946512
0.0052262367
0.00028569902
-0.0046107967
0.0052971449
0
-0.0042552842
0
0
-0.00037970346
0.0015151447
-0.001559924
0
0
-0.00028590089
0.0014812449
-0.0015750475
0
-0.00038577269
0.0028944699
0.00051399342
-0.0015414457
0
0.002966608
-0.0015159396
0
-0.00027145706
0.001481392
-0.0030707866
0
-0.00020650057
0.0014528759
-0.0030928799
-0.00030921323
0.0028375323
0.00040986909
-0.003026758
0.0029006691
-0.0029853758
0
0
-0.00015447778
0.0014531393
-0.0015845624
0
0
0
0.0014362767
-0.0015907545
0
0
0.0028078578
0.00020897483
-0.0015805559
0
0.0028388525
-0.0015625111
0
-0.00011278242
0.0014289335
-0.0031072141
0
0
0.0014145229
-0.0031180598
0
0.0027611231
0.00016875686
-0.003095913
0.00278852
-0.0030625539
0
-0.0002980692
0.0041199353
0.00054987884
-0.0015328924
0
0
0.0040722993
-0.0015625108
0
0
0.0051887893
0.00041413295
-0.0015306229
0
0.005256092
0.00076667407
-0.0014886978
-0.00025548909
0.0040437778
0.00046910433
-0.0030017654
0
0.0040008998
-0.0030577766
0
0.0050953026
0.00036881786
-0.0029938435
0.0051567252
0.00068105371
-0.0029138811
0
-0.00073546397
0.0043332212
-0.0014641077
0
0.0042096097
-0.0015007249
0
0.0053876098
0.0010334316
-0.0014447577
0
0.0055795609
-0.001395781
-0.00062575805
0.0042354498
-0.0028812219
0.0041244327
-0.002944279
0.0052768462
0.00091713531
-0.0028332528
0.005452431
-0.0027456986
0
-8.376119e-05
0.0014152003
-0.004488112
0
-6.9199874e-05
0.0013957893
-0.0045032305
-0.00018045275
0.0027229329
0.00023439491
-0.0044078438
0.0027695403
-0.0043652294
0
0.00018564793
0.0013188153
-0.0057635532
0
0.00012510895
0.0013111622
-0.0057538536
5.7976897e-06
0.0025537055
-2.2937935e-05
-0.0056332469
0.0025779066
-0.005607751
0
-4.0569666e-05
0.0013787075
-0.0045145518
0
0
0.0013681645
-0.0045267939
0
0.0026651942
0.0001008943
-0.004493837
0.0026860336
-0.0044494385
0
6.0933407e-05
0.0013027612
-0.0057531374
0
0
0.0012969918
-0.0057628524
0
0.0025208552
3.2745557e-06
-0.0057209749
0.0025330304
-0.0056706355
-0.00018739432
0.0038907553
0.00034025116
-0.0043593439
0
0.0038567587
-0.0044367354
0
0.0049079138
0.00029800183
-0.0043430004
0.0049582237
0.0005474193
-0.004230767
-8.98749e-05
0.0036640544
0.00015499359
-0.0055554866
0
0.003642229
-0.0056479841
0
0.0046305112
0.0001977613
-0.0055290439
0.0046653399
0.00035768644
-0.0053919776
-0.00045048562
0.0040419602
-0.0042115527
0.0039545385
-0.0042861191
0.0050567737
0.00073535273
-0.0041234214
0.0052013277
-0.0040121217
-0.00019548756
0.0037591623
-0.0054101195
0.0037045595
-0.0054774671
0.004733696
0.000474775
-0.0052696464
0.004834531
-0.0051533909
0
-0.0014065312
0.0066533017
0.0016410746
-0.0013082842
0
-0.0010302261
0.0063813635
-0.0013700588
0
-0.0013331472
0.0071382212
0.0018511781
-0.0012748886
0
0.0074844801
0.0022205851
-0.0012005855
-0.0012840083
0.0065013283
0.001499651
-0.0025728242
-0.00094046625
0.0062495704
-0.0026863251
-0.0012403207
0.0069917931
0.0017229826
-0.0024997731
0.007314723
0.0020693629
-0.0023603606
0
-0.00055258352
0.0062044677
-0.0014260183
0
0
0.0061165967
-0.0014803909
0
0
0.0068170772
0.00070833622
-0.0014088168
0
0.0069222178
-0.0013425611
-0.00050505287
0.0060862714
-0.0027909778
0
0.0060052798
-0.002895421
0
0.0066934882
0.00065938671
-0.0027564119
0.00679103
-0.0026282537
0
-0.0008738614
0.0073719931
0.0016616673
-0.0012375811
0
0
0.0072577383
-0.0013145225
0
0
0.0074168806
0.001038802
-0.0011979443
0
0.007528808
0.0019940508
-0.0011120637
-0.00082442889
0.007234713
0.0015671037
-0.002423939
0
0.0071283166
-0.0025737798
0
0.0072884243
0.0009899479
-0.0023479999
0.0073927789
0.0018994555
-0.0021796372
0
-0.0023501982
0.0079954416
0.002911612
-0.0010723752
0
0.0076085443
-0.0011588541
0
0.0077583756
0.0028673352
-0.0010231157
0
0.0081305506
0.0036566301
-0.00092440401
-0.0022172519
0.0078176356
0.0027496619
-0.0021076978
0.0074553977
-0.0022726068
0.0076071416
0.0027314971
-0.0020069012
0.0079558508
0.0034851951
-0.0018163172
-0.0010922193
0.0062010983
0.0012782972
-0.0037586727
-0.00080008193
0.0059878917
-0.0039095805
-0.0010926421
0.0067005736
0.0015190888
-0.0036389018
0.0069786818
0.0018288875
-0.0034477427
-0.00082020658
0.0057622218
0.0009614804
-0.0048276373
-0.00060235762
0.0056037639
-0.0049974973
-0.00088517563
0.0062722347
0.0012315162
-0.0046537133
0.0064862891
0.0014882121
-0.0044285059
-0.00043060694
0.005850537
-0.0040527661
0
0.0057826597
-0.0042007739
0
0.0064461285
0.00058129482
-0.0040011755
0.0065290887
-0.0038181527
-0.00032596864
0.005503066
-0.0051668812
0
0.0054536435
-0.0053498749
0
0.006080163
0.00047165539
-0.0050993504
0.0061424284
-0.0048710353
-0.00074334798
0.0069596754
0.0014128094
-0.0035239871
0
0.0068684645
-0.0037394638
0
0.0070291161
0.00090718931
-0.0034158408
0.0071187246
0.0017406757
-0.0031721729
-0.00062912026
0.0065522204
0.0011956931
-0.004500352
0
0.0064827345
-0.0047711555
0
0.0066420764
0.00078982217
-0.0043650049
0.0067104038
0.0015162216
-0.0040567558
-0.0020007928
0.0074642098
0.0024860702
-0.0030785032
0.0071496735
-0.0033096901
0.0073034401
0.0025047197
-0.0029247117
0.007606342
0.003199499
-0.0026532287
-0.0016959455
0.006944084
0.0021147353
-0.0039550879
0.0066981931
-0.0042359008
0.0068522075
0.0021847952
-0.0037472997
0.0070885966
0.0027975632
-0.0034105094
0
-0.00084719764
0.0081843661
0
-0.0008912273
0
-0.0014187926
0.0079114838
-0.00102833
0
-0.0021029206
0.0095864489
0.00129859
-0.00087063449
0
0.010189373
0
-0.00070641689
-0.00077809228
0.0079272257
0
-0.0017939506
-0.0013008424
0.0076730915
-0.0020551492
-0.0019659095
0.0092919605
0.0012148559
-0.0017384499
0.0098598219
0
-0.0014241572
0
-0.0016696886
0.0074768693
-0.001143291
0
0.0070272588
-0.0012348918
0
0.0079979385
0.002363293
-0.0011133876
0
0.0087432672
-0.0010060255
-0.0015282452
0.0072677911
-0.0022699728
0.0068488301
-0.0024386669
0.0077957483
0.0022062419
-0.0021971847
0.0084972601
-0.0019951622
0
-0.0032817444
0.0095532014
0.0033229997
-0.00085118959
0
0.0085997351
-0.00097192893
0
0.0087068008
0.0043592649
-0.00080970042
0
0.0096572864
0.004928389
-0.0006732091
-0.0031036831
0.0092878484
0.003147151
-0.0016852458
0.0083861803
-0.0019163821
0.0084984552
0.0041582054
-0.0015949857
0.0093984683
0.0047049622
-0.0013305858
0
-0.0022219758
0.012918234
0
-0.00050688514
0
0.011388039
-0.00070056585
0
0.011243918
0.0055825353
-0.00051002513
0
0.018794512
0
-0.00029374314
-0.0021038997
0.01248101
0
-0.0010241733
0.011030168
-0.0013955217
0.010908287
0.0053286009
-0.0010117837
0.018107778
0
-0.00059191003
-0.00067354583
0.007428613
0
-0.0026902641
-0.0011190629
0.0072092118
-0.0030615715
-0.001750725
0.0087203204
0.0010858003
-0.0025846338
0.0092239283
0
-0.0021336722
-0.00052290888
0.0067075988
0
-0.0035778091
-0.00085616771
0.0065371835
-0.0040392594
-0.0014465763
0.0078940487
0.00090493628
-0.003399859
0.0083084771
0
-0.0028296142
-0.0013077961
0.0068589436
-0.0033568701
0.0064981387
-0.003582079
0.0073975644
0.0019571709
-0.0032248938
0.0080161141
-0.0029458868
-0.00098981747
0.0062651094
-0.0043847223
0.0059872967
-0.0046346785
0.0068162453
0.001603793
-0.0041694233
0.0073169413
-0.003840502
-0.0028137223
0.0087665697
0.0028611537
-0.0024831328
0.0079638876
-0.0028103574
0.0080833153
0.0038224882
-0.0023374027
0.0088859961
0.0043291281
-0.0019566521
-0.0024065001
0.0080063259
0.0024632674
-0.0032292847
0.0073447245
-0.0036306014
0.0074702779
0.0033526709
-0.0030180638
0.0081329812
0.0038080364
-0.0025386729
-0.0019148352
0.011645549
0
-0.0015309588
0.010338603
-0.0020674855
0.010247138
0.0048999922
-0.0014911832
0.016829794
0
-0.0008761627
-0.0016548362
0.010452839
0
-0.0020204845
0.009342203
-0.0027072086
0.0092843314
0.004315279
-0.0019405543
0.015033716
0
-0.0011417608
0
0.00034245529
0.0011105529
0
-0.0070713378
0
0.0005935152
0.0011337794
-0.0071022339
0.0004076813
0.0022770067
-0.00022572917
-0.006793333
0.0022589723
0
-0.0066872912
0
0.00074714656
0.00088875453
0
-0.0087072389
0
0.001227541
0.00092692381
-0.0085095521
0.0010164321
0.001867322
-0.00061041265
-0.0081397506
0.0018233591
0
-0.0082323084
0
0.00069616361
0.0011612565
-0.0070316916
0
0.00066432328
0.0011826561
-0.0069252697
0.00046011527
0.0023226352
-0.00048448132
-0.0067017532
0.0023023905
-0.0067671109
0
0.001361267
0.00097603778
-0.0081414554
0
0.0012379389
0.0010190486
-0.0078209902
0.0010207786
0.0019973117
-0.0011295091
-0.0075712859
0.0019337723
-0.0078379223
0.00022266351
0.0034167205
-0.00018628499
-0.006399344
0.0002024307
0.0034103662
-0.0064092772
-0.00012199977
0.0044256551
0.00011061547
-0.0060298782
0.0044904049
9.7739347e-05
-0.0059187391
0.00085245898
0.0028677754
-0.00077239706
-0.0074134091
0.00075697706
0.0029280057
-0.0072444893
0.00043312228
0.0037940036
-0.00050962355
-0.0068193748
0.0037639492
-0.00046912998
-0.0068554064
9.4631757e-05
0.0034125886
0
-0.0060912111
0.003416204
-0.0063255018
0.0045451568
7.4559662e-05
-0.0057165698
0.004575128
0
-0.005343264
0.00046082285
0.0027620425
0
-0.0074907173
0.0028048486
-0.0075746026
0.0037286937
-0.00027410052
-0.0068354444
0.0037017751
0
-0.0065570971
0
0.0015694249
0.00062938341
0
-0.010906047
0
0.0023532424
0.00069199393
-0.0099853635
0.0021037837
0.0013980642
-0.0013938317
-0.0095557728
0.0013108686
0
-0.010307625
0
0.0044710148
0.00032428458
0
-0.015701347
0
0.0038591918
0.00044134493
-0.0098148855
0.0035774531
0.00089021454
-0.0041660972
-0.0094159983
0.00069216391
0
-0.014841602
0
0.0022602554
0.00077102888
-0.0088194973
0
0.0019441692
0.00083879925
-0.0083437032
0.0017173479
0.001639131
-0.0020095044
-0.0080794612
0.0015240175
-0.0084966317
0
0.0033365643
0.0005580588
-0.0088549285
0
0.0027302935
0.00065082227
-0.0083882548
0.0024995944
0.0012668877
-0.0030715702
-0.0081235508
0.0010980864
-0.0085307764
0.0017136029
0.0022561196
-0.0018108891
-0.0080482249
0.0014484443
0.0023968768
-0.0077370765
0.0011237895
0.0030985306
-0.0013527153
-0.0072921027
0.0029542573
-0.0014509032
-0.0074553562
0.0027590574
0.0016196878
-0.0032349013
-0.0080939824
0.002229963
0.0018459815
-0.0077870759
0.0019072308
0.0023784216
-0.0023789759
-0.0073527977
0.0021127749
-0.0028085755
-0.0075188437
0.0011953105
0.0019936725
0
-0.0093688316
0.0021018931
-0.00889401
0.0027898433
-0.00095091919
-0.0080233786
0.0026709444
0
-0.0081852883
0.0037653461
0.0010569569
0
-0.013498971
0.001336667
-0.0088100177
0.0017683162
-0.0032617172
-0.0080018861
0.0014148682
0
-0.011804917
0
0.00054374686
0.0011957471
-0.0068387239
0
0.00037735509
0.001201844
-0.0067893059
0.00025169892
0.0023360694
-0.00037067317
-0.0066484981
0.0023333157
-0.0066558774
0
0.0009922915
0.0010509123
-0.0076439889
0
0.00068443334
0.0010720791
-0.0075535269
0.00055475598
0.0020788252
-0.00081144735
-0.0073985528
0.0020459821
-0.0074416159
0
0.00019108936
0.0012034293
-0.006770301
0
0
0.0012030816
-0.0067748446
0
0.0023325344
-0.00012410543
-0.0067263222
0.0023345845
-0.0066741972
0
0.00034729224
0.0010844491
-0.0075176089
0
0
0.00108991
-0.0075174623
0
0.0021073227
-0.00027891764
-0.0074648173
0.0020983778
-0.0074122876
3.8124408e-05
0.0033714468
-9.073787e-05
-0.0065397355
0
0.0033641986
-0.0066415239
0
0.0042722426
6.6576385e-05
-0.0065036643
0.0042882302
0.00010713883
-0.0063493234
0.00019464221
0.0030244831
-0.00039522368
-0.0072652593
0
0.0030332859
-0.0073728449
0
0.0038468953
-9.3910947e-05
-0.0072233628
0.0038418909
-0.00020309417
-0.0070575479
0.00015009628
0.0033981081
-0.0064225775
0.0033838005
-0.0064658397
0.0043195594
0.00012417417
-0.0062224407
0.0043660696
-0.006119178
0.00058993843
0.0029741867
-0.0071837435
0.0030055373
-0.0071978371
0.0038315995
-0.00032069776
-0.0069308993
0.0038159572
-0.0068485239
0
0.0015174199
0.00089055016
-0.0081077897
0
0.0010347878
0.00092725361
-0.0079981484
0.00090394245
0.0017929888
-0.0013324224
-0.007835808
0.0017288143
-0.0078949545
0
0.0020840711
0.00072196523
-0.0081835325
0
0.0014068399
0.00077356538
-0.0080944826
0.0012781477
0.0014911273
-0.0018996185
-0.0079318992
0.0013968501
-0.0079698634
0
0.0005232668
0.00095061166
-0.0079566996
0
0
0.00096196644
-0.007956162
0
0.0018542734
-0.0004550887
-0.0079020356
0.0018341191
-0.0078469413
0
0.00070872437
0.00080743148
-0.0080660155
0
0
0.00082442769
-0.0080718653
0
0.0015837424
-0.00064247235
-0.008018878
0.0015528752
-0.0079567098
0.00037380343
0.0026376764
-0.00074801195
-0.0076946081
0
0.0026629587
-0.0078077268
0
0.0033719258
-0.00027801856
-0.0076543113
0.0033452139
-0.00056310904
-0.0074799949
0.00056558939
0.0022275042
-0.0011285183
-0.0078063081
0
0.0022685519
-0.0079269469
0
0.0028672157
-0.00047587536
-0.0077770997
0.0028196679
-0.00095292984
-0.0075951041
0.0011123591
0.0025070047
-0.0076258488
0.0025863764
-0.0076268775
0.0032915822
-0.0008492471
-0.007349967
0.0032101203
-0.0072770971
0.0016847572
0.0020195005
-0.0077032934
0.0021452116
-0.0077247229
0.0027243784
-0.0014305138
-0.0074515498
0.0025791575
-0.0073600371
-0.00045830953
0.0052011
0.00052976781
-0.005734126
-0.00034322225
0.005111165
-0.0059041902
-0.00061520845
0.0057217956
0.00085329609
-0.0055024315
0.0058551985
0.0010330286
-0.0052623368
-2.8606818e-06
0.0045415599
-3.42403e-05
-0.0064226278
-2.3882217e-05
0.0045304902
-0.0065820593
-0.00028467612
0.0050716782
0.00038250079
-0.0061414441
0.0051117524
0.00045002862
-0.0059000571
-0.00018982217
0.005055834
-0.0060878851
0
0.0050291122
-0.0062965666
0
0.0056073768
0.00032972366
-0.0060073387
0.0056439733
-0.0057446594
-2.3783314e-05
0.0045265743
-0.0067726674
0
0.0045253771
-0.0069988317
0
0.0050456982
0.00015738704
-0.0066850469
0.0050531958
-0.00639857
-0.00048170294
0.0060251391
0.00091469395
-0.0053145088
0
0.005982831
-0.0056283127
0
0.0061379196
0.0006384776
-0.005158571
0.0061793812
0.0012266148
-0.004799135
-0.00030342164
0.0053984247
0.00057285018
-0.0059291662
0
0.0053871864
-0.0062732224
0
0.005534405
0.00045591986
-0.0057617095
0.0055448593
0.0008760607
-0.0053657105
-0.0012989528
0.0062746119
0.0016273898
-0.0047029384
0.0061157605
-0.0050141246
0.0062667433
0.0017710856
-0.0044427532
0.0064180565
0.0022770003
-0.0040598687
-0.00081039934
0.0054827596
0.001016347
-0.0052798933
0.0054253517
-0.0056053473
0.0055689709
0.0012669019
-0.0049772137
0.0056201771
0.0016363252
-0.0045667094
0.00053617317
0.0038150269
-0.00073012186
-0.0068335857
0.00034609619
0.0038878426
-0.0069882427
9.6857605e-05
0.0043510772
-0.00017078625
-0.0065307501
0.0042914411
-0.00025920442
-0.0062880532
0.0011295296
0.003059039
-0.0015193521
-0.0069236447
0.00074737328
0.0032132981
-0.0070950062
0.00051063484
0.0035940644
-0.00077881052
-0.0066433406
0.0034373218
-0.0010597387
-0.0063854079
0.00016658203
0.0039377951
-0.0071857344
0
0.0039631781
-0.0074235019
0
0.0044181745
-3.9774935e-05
-0.0071002683
0.0043951582
-0.0067988505
0.00037156017
0.0033152347
-0.0073054881
0
0.0033662379
-0.007550964
0
0.0037513984
-0.00025220424
-0.0072332246
0.003698809
-0.0069239941
-9.9962086e-05
0.0046983609
0.00018000781
-0.0063124146
0
0.0047199652
-0.0066749752
0
0.0048555059
0.00024794281
-0.0061451931
0.004832867
0.00047475181
-0.0057270256
0.00011927889
0.0039557662
-0.00024561556
-0.0064430351
0
0.0040094299
-0.0068137278
0
0.0041298032
2.3721144e-05
-0.0062892876
0.0040745528
4.0323477e-05
-0.0058624145
-0.00024117488
0.0046058731
0.00028606661
-0.005639217
0.0046576101
-0.0059730473
0.0047890987
0.00068426547
-0.005318216
0.004731457
0.00088388203
-0.0048919099
0.00038217755
0.003690248
-0.00053106544
-0.0057432553
0.0038489343
-0.0060913553
0.0039638433
4.8650874e-05
-0.0054414524
0.003798345
5.0444182e-05
-0.0050018001
-0.00030541939
0.0057824281
0
-0.0044796899
-0.00048001338
0.0056759189
-0.0049954276
-0.0010313408
0.0068369136
0.00065865029
-0.0041881632
0.0071382997
0
-0.0035268355
3.2615825e-05
0.004666469
0
-0.0054769995
7.8185374e-05
0.0046447893
-0.0059570927
-0.000453395
0.0055733931
0.00030830287
-0.0049716748
0.0057329392
0
-0.0042850029
-0.00054489086
0.0055055827
-0.0053350226
0.0053347425
-0.005558889
0.0060719395
0.0011250091
-0.0049986008
0.0064219251
-0.0046631761
7.6268065e-05
0.0046055214
-0.0061746775
0.0045669423
-0.0062897999
0.0051943272
0.00048231893
-0.0056582761
0.0053603142
-0.0053890449
-0.0018706939
0.0070300816
0.0019437783
-0.0039105255
0.0065486496
-0.0043506155
0.0066769977
0.0027468627
-0.0036162744
0.0071601582
0.0031445228
-0.0030664096
-0.0011814908
0.0058683624
0.0012724236
-0.0045095066
0.0056061274
-0.0049275595
0.0057317879
0.0019950678
-0.0041006775
0.0059959546
0.0023299667
-0.0035289006
-0.0013193101
0.0089373473
0
-0.0025002221
0.0080699687
-0.0033157955
0.0080467281
0.0035867038
-0.0023594948
0.012773474
0
-0.0013911835
-0.00088718675
0.0071267913
0
-0.0030068874
0.0065511611
-0.0039083266
0.0065619806
0.0027159835
-0.0027563311
0.010092532
0
-0.0016409409
0.00065083397
0.0033556418
0
-0.0068125308
0.0010043084
0.0034624647
-0.0069831885
0.00043798514
0.0041296652
-0.00026771405
-0.0058091464
0.004094627
0
-0.0052917021
0.0026619698
0.0017701616
0
-0.009829794
0.0022873795
0.0021824195
-0.0070227016
0.0016565136
0.0025796281
-0.0019610579
-0.0059018107
0.0021416576
0
-0.0076242561
0.00090728139
0.0036031973
-0.0067265907
0.0037215154
-0.0067356252
0.0042267823
-0.00035372524
-0.0060690222
0.0041782132
-0.0058798008
0.0019157538
0.0025647877
-0.0068069777
0.0028475638
-0.0068083657
0.0032269617
-0.0013557866
-0.0061523721
0.002957316
-0.0059716021
-0.000317661
0.0045709666
0.00034343611
-0.0049280351
0.0045631634
-0.005295535
0.0046788055
0.0010874397
-0.0044198773
0.004686565
0.0013106526
-0.003867712
0.00069453671
0.00323019
-0.00087108559
-0.0050243602
0.0034824101
-0.005387512
0.0035803905
5.2178898e-05
-0.0045195925
0.0033212926
5.9915404e-05
-0.0039665511
-0.00028452208
0.0050328881
0
-0.0036606265
0.0048171003
-0.0045368477
0.0048588582
0.0016811944
-0.0031686308
0.0070174955
0
-0.0019443539
0.0011234716
0.0025854387
0
-0.0052278792
0.0029642497
-0.0046690832
0.0030262432
0.00015872039
-0.0033294293
0.0035016186
0
-0.0027018134
0
-0.0082049301
0.0081640576
0.018848271
-1.2886087e-05
0
-0.0066000452
0.0099167286
-0.0002776959
0
-0.0076003308
0.0074713402
0.01008044
-3.4720471e-05
0
0.0065255451
0.011482753
0.00023619949
-0.007875165
0.0079271991
0.018065485
-2.2628149e-05
-0.0063347345
0.0096385952
-0.0005484341
-0.007328046
0.0072796384
0.009715998
-6.37156e-05
0.0063341299
0.011070491
0.00047477606
0
-0.0053829964
0.0089116732
-0.00047143555
0
-0.0043616997
0.0083145846
-0.0006290806
0
-0.0049327496
0.0075261239
0.0061606873
-0.000439477
0
0.0077320987
-0.00026006902
-0.0051661302
0.0086880984
-0.00092967001
-0.0041852387
0.0081260762
-0.0012375931
-0.0047583066
0.0073659927
0.0059411472
-0.00086223422
0.0075505249
-0.00050939431
0
-0.0066002891
0.0064198832
0.0079767695
-6.4264883e-05
0
-0.005326775
0.0065078916
-0.00025528184
0
-0.0055594088
0.0053666407
0.0067890762
-8.8416597e-05
0
0.0051960558
0.0079122118
0.00010069185
-0.006391884
0.0062762849
0.0077215716
-0.00011971246
-0.0051614396
0.0063774983
-0.00049723186
-0.00540849
0.0052647479
0.0065998534
-0.00016702954
0.0050829657
0.0076866216
0.00020724279
0
-0.0092434157
0.005279937
0.010085862
0.00040316222
0
0.0060442932
0.00016040085
0
0.004829253
0.008815658
0.00031159403
0
0.0042454006
0.0093169899
0.00053320449
-0.0089449319
0.0051238259
0.009750601
0.00080779721
0.0058906852
0.00032599369
0.004706858
0.0085573551
0.00062468783
0.0041170527
0.0090352166
0.0010621161
-0.0073015031
0.0074456014
0.016686384
-2.3316169e-05
-0.0058808796
0.0090825102
-0.00080442946
-0.0068620825
0.006887367
0.0090839983
-9.04882e-05
0.0059475003
0.010349804
0.00070707187
-0.0065086762
0.0067320645
0.014800023
-1.3011138e-05
-0.0052492064
0.008261392
-0.0010409598
-0.0062085705
0.0062960051
0.0081996962
-0.00011622698
0.0053688932
0.0093399902
0.00092994921
-0.0047978535
0.0082384203
-0.0013651203
-0.0038856606
0.0077464986
-0.0018129693
-0.0044588551
0.0070395729
0.005566357
-0.0012628105
0.0071801705
-0.00074686997
-0.0042815596
0.0075693036
-0.0017690895
-0.0034632884
0.0071804765
-0.0023414391
-0.0040347562
0.0065473594
0.005038508
-0.0016334453
0.0066220939
-0.00096972267
-0.0060378872
0.0059809446
0.007291478
-0.00017407737
-0.0048765642
0.0061088143
-0.00072779627
-0.0051486498
0.0050528744
0.0062816478
-0.00024408767
0.0048496281
0.0073148356
0.00030537145
-0.0055366526
0.0055318034
0.0066847359
-0.0002318702
-0.0044707747
0.0056994379
-0.00094575262
-0.0047760136
0.0047270113
0.0058288359
-0.0003244833
0.0044929661
0.0067892077
0.00038383693
-0.0084455821
0.0048067341
0.0091993375
0.0011948079
0.0055765511
0.00048270555
0.0044564207
0.0081402679
0.00091938598
0.0038568263
0.0085894335
0.0015628583
-0.0077422285
0.0043283027
0.008427534
0.0015500928
0.0051005622
0.00062065591
0.0040759919
0.0075550238
0.0011781402
0.0034638577
0.0079698052
0.0020125219
0
-0.0033527422
0.0078815847
-0.00075999157
0
-0.0023039915
0.007580613
-0.00087098801
0
-0.0025678079
0.0070964086
0.003760312
-0.00070829972
0
0.0072953287
-0.00058618154
-0.0032171357
0.0077203122
-0.0014925559
-0.0022114875
0.0074394059
-0.0017089005
-0.0024797226
0.0069717072
0.0036289171
-0.0013897956
0.0071547287
-0.0011499875
0
-0.001191441
0.0073852464
-0.00096898901
0
0
0.0072869731
-0.0010615334
0
0
0.0068752887
0.0013214787
-0.00090979434
0
0.0069523493
-0.00081343213
-0.0011443271
0.0072574857
-0.0019008562
0
0.0071660304
-0.0020834666
0
0.0067675955
0.0012772609
-0.0017886203
0.006838836
-0.0015972442
0
-0.0014227719
0.0062555858
0.0027717661
-0.00065223063
0
0
0.0062015612
-0.00074904435
0
0
0.005293792
0.0014946684
-0.00058689926
0
0.0053281735
0.0029152944
-0.00049321369
-0.0013824526
0.0061608172
0.0026902506
-0.0012820099
0
0.0061116353
-0.0014755368
0
0.0052247302
0.0014589791
-0.0011589733
0.0052550637
0.002842004
-0.00097048513
0
-0.0040647522
0.006446156
-0.00041285015
0
0.0063463091
-0.00054288657
0
0.0053760285
0.0042687054
-0.00038313042
0
0.0054050592
-0.00024960656
-0.003941493
0.006329937
-0.000808005
0.0062424504
-0.0010648721
0.0052954156
0.0041566618
-0.00075075341
0.0053144382
-0.00048593604
-0.0029855955
0.0073947495
-0.0021810285
-0.0020518448
0.0071534946
-0.0024927057
-0.0023238475
0.0067165142
0.0034005822
-0.00202955
0.0068677786
-0.0016812894
-0.0026575995
0.006908258
-0.0028063788
-0.0018246651
0.0067252028
-0.0031986353
-0.0021002035
0.0063302715
0.003075197
-0.0026096121
0.0064344983
-0.0021670889
-0.0010617905
0.0069980429
-0.0027702288
0
0.0069199716
-0.0030361127
0
0.006546094
0.0011972031
-0.0026119458
0.0066058329
-0.0023316785
-0.00094370442
0.0066084195
-0.0035492052
0
0.0065498396
-0.0038875803
0
0.0062093823
0.0010814574
-0.0033529459
0.006252256
-0.0029942611
-0.0013071088
0.005963425
0.0025428468
-0.0018753401
0
0.0059238102
-0.0021603618
0
0.0050770658
0.0013902192
-0.0017024481
0.0050995001
0.0027069832
-0.0014233241
-0.0011968699
0.0056597579
0.0023293381
-0.0024153103
0
0.0056341935
-0.0027820428
0
0.0048446889
0.0012882339
-0.0022011775
0.0048556255
0.002509247
-0.0018402047
-0.0037246429
0.0060898321
-0.0011819798
0.0060270317
-0.0015571856
0.0051251934
0.0039578938
-0.0010998258
0.0051246087
-0.00071146859
-0.0034133687
0.0057230605
-0.001527948
0.0056968185
-0.0020077632
0.0048599799
0.0036700929
-0.0014238331
0.0048308196
-0.0009251485
0
-0.0043952601
0.0042184235
0.0056846523
-0.00010275641
0
-0.003008958
0.0042260758
-0.00023634948
0
-0.0030689907
0.0029284263
0.0044745947
-0.0001079544
0
0.002911685
0.0057560452
2.5288005e-05
-0.004296712
0.0041535828
0.0055516691
-0.00019685815
-0.0029450849
0.0041696255
-0.00046218651
-0.0030158698
0.0028956156
0.0043921443
-0.000210219
0.0028722058
0.0056447134
5.4095978e-05
0
-0.0015414285
0.0042049965
-0.00034435249
0
0
0.0041841015
-0.00043173797
0
0
0.0029063558
0.0015702826
-0.00029253691
0
0.0029196111
-0.00021332275
-0.0015108423
0.0041548996
-0.0006784309
0
0.0041374487
-0.00085529879
0
0.0028817439
0.0015452714
-0.00058210346
0.002892084
-0.00042110564
0
-0.0015891182
0.0015050849
0.0031112869
-0.00010764245
0
0
0.0014968172
-0.00017957968
0
0
0
0.0016040982
-0.00010728101
0
0
0.0031442687
-3.5085577e-05
-0.0015708696
0.001496647
0.0030722267
-0.00021356246
0
0.0014907803
-0.00035948572
0
0
0.0015986033
-0.00021510406
0
0.0031293212
-6.9156489e-05
0
-0.0045314475
0.00149981
0.0058092348
0.00013408764
0
0.0015099037
-1.6379902e-06
0
0
0.0045759434
7.8229e-05
0
0
0.0058550755
0.00022067788
-0.0044703742
0.0014838961
0.0057262297
0.00026654186
0.0014980055
-2.1754281e-06
0
0.0045488183
0.00015673749
0
0.0058145053
0.00043888699
-0.0041205306
0.0040151165
0.0053225741
-0.00028940935
-0.0028253582
0.0040470916
-0.00067925699
-0.0029141722
0.0028204253
0.0042425335
-0.00031191406
0.0027846867
0.0054506294
7.6429901e-05
-0.00386241
0.0037971125
0.0049908291
-0.00038412144
-0.0026475362
0.0038516758
-0.00088582671
-0.002759632
0.0026957034
0.0040186339
-0.00041494361
0.0026429472
0.0051640604
8.5168735e-05
-0.0014500899
0.0040444166
-0.00099861578
0
0.0040335029
-0.0012618259
0
0.0028215383
0.0014938535
-0.00086399226
0.0028265738
-0.00062358155
-0.0013584602
0.0038661352
-0.0012982014
0
0.0038645483
-0.0016401454
0
0.0027175386
0.0014143319
-0.0011313145
0.0027152109
-0.00081795729
-0.0015310377
0.0014706792
0.0029934719
-0.0003201021
0
0.0014690037
-0.0005379889
0
0
0.0015776742
-0.00032377456
0
0.0030848901
-0.00010569312
-0.0014659998
0.0014213447
0.0028671426
-0.00042737861
0
0.0014251981
-0.00071164822
0
0
0.0015340296
-0.00043260608
0
0.0029972017
-0.00014752056
-0.0043539717
0.0014443103
0.0055742827
0.00038660717
0.0014657606
-8.0104421e-06
0
0.0044789552
0.00022843291
0
0.0057188235
0.00064332906
-0.0041705357
0.0013765427
0.0053387967
0.00048475069
0.0014079575
-2.3657617e-05
0
0.0043477217
0.00028587047
0
0.00554618
0.00082141341
0
-0.008544879
0.0032422584
0.00890599
0.00064203118
0
-0.0078281
0.0036750004
0.00043747352
0
-0.0077716701
0.002505843
0.0083932377
0.00054758988
0
0.0022166037
0.008680216
0.00073867639
-0.0083239095
0.0031428555
0.0086676983
0.0012724396
-0.0076322267
0.0035824451
0.00087020354
-0.0076090959
0.0024442926
0.0082112142
0.0010836241
0.0021488673
0.0084852718
0.0014586069
0
-0.0068469653
0.0039755005
0.00023942061
0
0.0041473117
5.701603e-05
0
0.0028477268
0.0068724952
0.00018313491
0
0.0027166208
0.00035970477
-0.0066811223
0.0038916121
0.0004796698
0.0040729995
0.00011931125
0.0028008641
0.006734015
0.00036596873
0.0026622036
0.00071403243
0
-0.0069000509
0.0013950752
0.0077554968
0.00046609961
0
0.0014644493
0.00029246144
0
0
0.0069362253
0.0003832996
0
0
0.0077732764
0.00055802402
-0.0067963651
0.0013701523
0.0076335197
0.00092099633
0.0014441221
0.00057906799
0
0.0068820401
0.00075988692
0
0.007706263
0.0011039534
0
-0.0083271121
0.0011410754
0.0085738808
0.00082875961
0
0.0012868432
0.00064738446
0
0
0.0083229964
0.00073712327
0
0
0.0085507822
0.00091328963
-0.0081904637
0.0011075292
0.0084274618
0.0016330997
0.0012574199
0.0012773132
0
0.00824491
0.0014558961
0
0.0084643714
0.0018013574
-0.0079720052
0.0029414154
0.0082960328
0.0018638229
-0.0073130881
0.0033927048
0.0012750023
-0.0073414055
0.0023169131
0.0079179507
0.0015828705
0.002011
0.0081770233
0.0021299496
-0.0074776811
0.0026374326
0.0077794598
0.0023884692
-0.0068601771
0.0031037763
0.001629714
-0.0069555029
0.0021215724
0.0074999011
0.0020206763
0.0018024354
0.0077423484
0.0027224996
-0.0064038582
0.0037174634
0.00070260458
0.0039166434
0.00017425811
0.0026997414
0.0065000664
0.00053343361
0.0025474004
0.0010427564
-0.0060064575
0.0034495766
0.00089227449
0.003673437
0.00021220396
0.0025393499
0.006158853
0.00067272813
0.0023685583
0.0013271247
-0.0066122416
0.0013145748
0.0074220539
0.0013440096
0.0013965974
0.00084425311
0
0.0067616481
0.0011136597
0
0.0075637269
0.0016164494
-0.0063312098
0.001225577
0.0071037831
0.0017144176
0.0013181704
0.0010730195
0
0.0065514768
0.0014265333
0
0.007321721
0.0020717822
-0.0079581588
0.0010376278
0.0081825775
0.0023820532
0.0011942208
0.0018639006
0
0.0080843069
0.0021295369
0
0.0082913185
0.0026319736
-0.00761303
0.00093075948
0.0078230779
0.0030436813
0.0010955271
0.0023806989
0
0.0078180658
0.0027287192
0
0.0080103226
0.0033704763
-0.0055209006
0.0058017621
0.01247179
7.8109587e-06
-0.0044516255
0.0071948487
-0.0012583555
-0.005381048
0.0055153433
0.0070893509
-0.00014502449
0.0046047449
0.0080785406
0.0011377766
-0.0043577591
0.0046646744
0.0097588489
3.4579044e-05
-0.0034959547
0.0059046422
-0.0014628215
-0.0043949706
0.0045599097
0.0057818128
-0.00018713424
0.0036581847
0.0066061319
0.0013199473
-0.0036219505
0.0066965117
-0.002135118
-0.0029201543
0.0064419326
-0.0028081701
-0.0034900581
0.0058991665
0.0043646691
-0.0019652902
0.005886856
-0.0011764459
-0.0028214154
0.0056439903
-0.002457693
-0.0022602643
0.0055550291
-0.0031925625
-0.0028323024
0.0051144741
0.0035541644
-0.0022465971
0.0049936601
-0.0013669219
-0.004893789
0.004935463
0.0059106347
-0.00029732283
-0.003947779
0.0051556056
-0.0011482019
-0.0042923583
0.0042906038
0.0052436407
-0.00041076388
0.0040172054
0.006112799
0.00043293631
-0.0041201256
0.0042071945
0.0049846473
-0.00037537895
-0.0033160745
0.0044924465
-0.0013302255
-0.0037050214
0.0037549309
0.0045349939
-0.00050322073
0.0034345618
0.0052967766
0.00044378639
-0.0068488755
0.0036922972
0.0074531574
0.0018582587
0.0044686914
0.00072906688
0.0035701029
0.0068057142
0.0013838135
0.0029421441
0.0071813955
0.0023869936
-0.0057878001
0.002905433
0.0063050457
0.0020937648
0.0036938445
0.0007919792
0.0029509598
0.0059061309
0.0015173439
0.0023025963
0.0062400722
0.0026558892
-0.0030311448
0.0033134268
0.0067082823
6.1510099e-05
-0.0023732393
0.0044166938
-0.0016785626
-0.003263702
0.0034534674
0.0043039511
-0.00026415681
0.0025276357
0.0049712837
0.0014384059
-0.0014811336
0.001708571
0.0033871445
-5.1453165e-05
-0.0010752628
0.0027942086
-0.0018523988
-0.0020063835
0.0022477803
0.0026780668
-0.00038941184
0.0012518752
0.0032138821
0.0013592863
-0.0018824237
0.0044500719
-0.0027120154
-0.0014955316
0.0045581917
-0.0034588408
-0.0020755891
0.0042247466
0.0026192193
-0.0024567822
0.0039741792
-0.0015355121
-0.00083421308
0.0031866262
-0.0028183986
-0.00065551905
0.0035079337
-0.003565078
-0.0012476534
0.0032766778
0.0015876646
-0.0025655374
0.0028820833
-0.0016496881
-0.0032317285
0.0033734676
0.0039258571
-0.00046879586
-0.0025902994
0.0037351955
-0.0014821035
-0.003027466
0.0031396698
0.003718269
-0.00059849813
0.0027667273
0.0043586057
0.00041019001
-0.0022553125
0.0024762977
0.0027616521
-0.00056934986
-0.0017951561
0.0029205951
-0.0015861772
-0.0022810871
0.0024731515
0.0028174964
-0.00068746381
0.002046453
0.0033238743
0.00033365686
-0.0045839812
0.0019866103
0.0050138521
0.0022049193
0.0028005676
0.00078675487
0.0022415804
0.0048758371
0.0015590997
0.0015685815
0.0051667019
0.0027830531
-0.0032653653
0.00098864964
0.0036045198
0.0021289904
0.0018359055
0.00069491647
0.0014793041
0.0037411042
0.0014984712
0.00078144145
0.0039878091
0.0027435565
-0.0022348963
0.0062731841
-0.0033467644
-0.0015316602
0.0061652856
-0.0038004136
-0.0018110709
0.0058206312
0.0026556977
-0.0031095846
0.0058636843
-0.0025919495
-0.0017230748
0.005511724
-0.0037755007
-0.0011779461
0.0054932141
-0.0042697854
-0.001461973
0.0052036577
0.0021489798
-0.0035070349
0.005173389
-0.002936937
-0.00079118932
0.0060980314
-0.0042083263
0
0.0060642882
-0.0046051382
0
0.0057635473
0.00093136658
-0.0039835716
0.00578476
-0.003560694
-0.00060732471
0.005484093
-0.0047181815
0
0.0054793078
-0.0051573656
0
0.0052219456
0.00075009205
-0.0044763015
0.0052176792
-0.0040061612
-0.0010529968
0.0052535082
0.0020518865
-0.0028829482
0
0.005246036
-0.0033175283
0
0.0045281236
0.0011539163
-0.0026371815
0.0045243287
0.0022502153
-0.0022073241
-0.00087845988
0.0047556186
0.0017157989
-0.0032582265
0
0.004769533
-0.0037435756
0
0.0041342539
0.00098977909
-0.0029916814
0.004113084
0.0019343992
-0.0025094097
-0.0030104791
0.0052350147
-0.0018365782
0.0052562791
-0.0024020038
0.0045013574
0.003294881
-0.001713577
0.0044355576
-0.0011231688
-0.0025229922
0.0046395283
-0.0020957997
0.0047176804
-0.0027232199
0.0040578659
0.0028382853
-0.0019576486
0.0039487333
-0.00129911
-0.0011351203
0.0046570131
-0.0040614682
-0.00077387673
0.00473694
-0.0045788702
-0.0010630313
0.004503665
0.0015683191
-0.0037790477
0.0043917518
-0.0031789457
-0.00049520147
0.0037524539
-0.0041758947
-0.00033630497
0.0039314285
-0.0047053519
-0.00062998658
0.0037520425
0.00093612153
-0.0039057966
0.0035567528
-0.0032947766
-0.00039789739
0.0047909384
-0.0050522321
0
0.004817399
-0.0055171562
0
0.0046044928
0.00054321963
-0.0048066149
0.00457244
-0.0043074744
-0.00017173375
0.0040484578
-0.0051907083
0
0.0041060674
-0.0056651541
0
0.003936324
0.00031904248
-0.0049559139
0.0038762288
-0.0044461896
-0.00067841069
0.0041837851
0.0013304923
-0.0035216532
0
0.0042211977
-0.0040386912
0
0.0036757444
0.00080033009
-0.0032465582
0.0036354533
0.0015700596
-0.0027308074
-0.00046041621
0.0035613397
0.00091022496
-0.0036565729
0
0.0036227202
-0.0041855036
0
0.0031700777
0.00059224569
-0.0033861614
0.0031101713
0.0011697018
-0.0028570951
-0.0019635486
0.0039592429
-0.0022900416
0.0041009046
-0.0029535159
0.0035447256
0.0023115276
-0.0021429376
0.0033877146
-0.00144352
-0.0013523087
0.0032254347
-0.0024015708
0.0034325241
-0.0030760813
0.002983047
0.0017321164
-0.0022558751
0.0027769013
-0.0015439573
-0.0035220428
0.0034998204
0.0045555062
-0.00048184764
-0.0024117805
0.0035826801
-0.0010774116
-0.0025506198
0.0025195157
0.0037175674
-0.00051872691
0.0024459528
0.0047808797
7.5724051e-05
-0.0031036522
0.0031297004
0.0040215554
-0.00058071793
-0.0021213257
0.0032453278
-0.0012472001
-0.0022887048
0.0022944677
0.0033411852
-0.00062034725
0.0021973481
0.0043030219
4.6239728e-05
-0.0012362192
0.0036186895
-0.0015681236
0
0.0036288893
-0.0019771303
0
0.0025668572
0.0013060592
-0.0013753416
0.0025554154
-0.00099924381
-0.0010852009
0.0033063921
-0.0017975566
0
0.0033303596
-0.0022584369
0
0.0023709369
0.0011699938
-0.0015859127
0.0023490288
-0.0011605915
-0.0013738084
0.0013465377
0.002689109
-0.00053380148
0
0.001356935
-0.00087553443
0
0
0.0014638877
-0.00053955877
0
0.0028588544
-0.00019594957
-0.0012543434
0.0012466263
0.0024588643
-0.00063591985
0
0.0012642566
-0.0010231975
0
0
0.0013656837
-0.00064098585
0
0.0026667431
-0.00025038266
-0.0039137928
0.0012796173
0.0050117173
0.00055316162
0.0013230023
-5.1827925e-05
0
0.0041446368
0.00032309042
0
0.0052838242
0.00096184334
-0.0035827049
0.0011550696
0.0045914964
0.00058664859
0.0012117855
-9.2986255e-05
0
0.0038652164
0.00033640258
0
0.0049262007
0.0010559286
-0.0026164635
0.0026991956
0.0034001017
-0.00067583721
-0.0017829464
0.0028503333
-0.0013863248
-0.0019789419
0.0020271599
0.0028963277
-0.00071455969
0.0019050322
0.0037386894
-1.9585168e-06
-0.002075226
0.0022261699
0.0027091844
-0.00075906418
-0.0014072478
0.0024131979
-0.0014844539
-0.001630001
0.0017276284
0.0023950238
-0.00079401293
0.0015806631
0.0031025979
-6.4025779e-05
-0.00090910287
0.0029386757
-0.0019746225
0
0.0029777061
-0.0024695015
0
0.0021348846
0.0010089093
-0.0017520006
0.0021016778
-0.0012936263
-0.00071361572
0.0025293283
-0.0020874115
0
0.0025837951
-0.0025968346
0
0.0018668851
0.0008274601
-0.0018625507
0.0018221969
-0.0013890359
-0.0011093412
0.0011240298
0.0021795125
-0.00072844319
0
0.0011492148
-0.0011468689
0
0
0.0012398513
-0.00073162235
0
0.0024216282
-0.00030812976
-0.00094240421
0.00098291055
0.0018577484
-0.00080450103
0
0.0010155496
-0.0012379376
0
0
0.0010887774
-0.00080485012
0
0.0021280419
-0.00036448366
-0.0031814061
0.0010066692
0.0040830499
0.00058336775
0.0010773254
-0.00014504534
0
0.0035104668
0.00032488945
0
0.0044745286
0.0010985361
-0.0027191945
0.00084014337
0.0034977843
0.00054529765
0.00092447385
-0.00020333682
0
0.0030867682
0.00029063691
0
0.0039367362
0.0010887115
-0.0068390775
0.0022350939
0.0071164745
0.0028181224
-0.006271654
0.0027191777
0.0019132158
-0.0064456291
0.0018605973
0.0069512004
0.0023736853
0.0015265355
0.0071757337
0.0032065247
-0.0060633277
0.0017452849
0.0063147757
0.0031239859
-0.0055538925
0.0022491871
0.0021055534
-0.0058138934
0.0015412604
0.0062741904
0.002621315
0.0011915751
0.0064798251
0.0035545997
-0.0054874295
0.0030904651
0.0010347901
0.0033447517
0.0002261329
0.0023197216
0.005705234
0.0007734039
0.002126866
0.0015503288
-0.0048524035
0.0026493357
0.0011185272
0.0029384412
0.00021177455
0.0020456983
0.0051411921
0.00082797657
0.0018284141
0.0016985491
-0.0059439967
0.0011036058
0.0066688611
0.0020128134
0.0012085556
0.001251906
0
0.0062373956
0.0016815175
0
0.0069656278
0.0024471559
-0.0054487039
0.00095168798
0.0061152892
0.0022229542
0.0010700132
0.0013703836
0
0.0058131969
0.0018645345
0
0.0064890548
0.002722986
-0.0071452967
0.00078883392
0.0073398233
0.0035868562
0.00096253502
0.0028023256
0
0.0074319027
0.0032249793
0
0.0076081372
0.0039830757
-0.0065531427
0.00061629999
0.0067314029
0.0039838712
0.00079901458
0.0031067179
0
0.006919701
0.0035933476
0
0.0070793007
0.004439776
-0.0051652852
0.0011879267
0.005389667
0.0032802589
-0.0047207841
0.0017122095
0.0021904232
-0.0050702995
0.001176179
0.0054794023
0.0027482427
0.00081160721
0.0056653526
0.0037449689
-0.0041680252
0.00059337977
0.0043641727
0.0032721731
-0.0037944472
0.0011354015
0.0021607479
-0.0042330491
0.00078315242
0.0045858261
0.0027477148
0.00040646532
0.004751413
0.0037662964
-0.0041140187
0.0021426959
0.0011357931
0.0024689489
0.00016857843
0.0017267008
0.0044759574
0.00083295668
0.0014842386
0.0017626644
-0.0032927341
0.0015944558
0.0010860772
0.0019570051
0.00010117509
0.0013763029
0.0037262964
0.00078996038
0.0011100074
0.0017403602
-0.0048508598
0.00077535186
0.0054490997
0.002333601
0.00090717016
0.0014221044
0
0.0052803517
0.0019658816
0
0.0058938078
0.0028848817
-0.004163509
0.00058240753
0.0046845112
0.0023401987
0.00072675867
0.0014059239
0
0.0046480438
0.0019813327
0
0.0051900423
0.0029252907
-0.0058429978
0.00042041651
0.0060045142
0.0042135455
0.00061139244
0.0032776063
0
0.006283681
0.0038148668
0
0.0064264849
0.0047173886
-0.0050297857
0.0002110967
0.0051742739
0.0042644258
0.00040855775
0.0033069265
0
0.0055346751
0.0038787918
0
0.005660871
0.0048022895
0
0
-0.0016709976
2.230382e-10
0
0.0016709974
0
0
-0.0033173894
7.2107081e-05
0.0015742847
0
-0.0033924027
0.00010991947
0.0017173063
0.001637284
0
6.4761053e-10
0
0.0017173059
0
-0.001574285
-7.2106385e-05
0
0.0033173887
0
-0.0031320048
1.8746158e-10
0.0031320043
-0.0032393136
4.2794532e-10
0.0016372842
0.0032393132
-0.00010991807
0
0.0033924017
0
0
-0.004949109
0.0002046348
0.0014270848
0
0
-0.0065947659
0.0004028604
0.0012427965
0
-0.0066430685
0.00065256168
0.0050302491
0.0013631182
0
0.00032429184
0.0015181894
0
-0.0046816082
0.00013224853
0.0028444397
0
-0.0062498282
0.00032947647
0.00248154
-0.0063605561
0.00054270377
0.0048098637
0.0027005832
0.00021470987
0.0030062782
0
-0.0050501341
0.00037873697
0.0034304372
0.0015652518
0
-0.0065894261
0.00076183481
0.0014300189
0
-0.0064689519
0.00074841185
0.0050134666
0.0014689083
0
0.00037564898
0.0034279257
0.0015886289
-0.0048502416
0.00025135781
0.0032901013
0.0030887442
-0.0063367203
0.00063441094
0.0028247904
-0.006245171
0.00062198024
0.004834602
0.002891908
0.00024896988
0.0033017217
0.0031238972
0
-0.0017433645
5.6135752e-10
0
0.0017433645
0
0.00012758197
0.0016694102
0
0.00012687636
0.0017475144
0.0016811169
0
5.7478418e-10
0
0.0017475144
-0.0016694107
-0.00012757963
0
0.0034304368
5.0454541e-10
0.0032901007
6.7791871e-10
0.0016811164
0.003301722
-0.00012687467
0
0.0034279258
0
-0.0014270847
-0.00020463454
0
0.004949108
0
-0.0028444402
-0.00013224793
0.0046816077
-0.0030062787
-0.00021470869
0.00151819
0.0048098626
-0.00032429068
0
0.0050302479
0
-0.0012427967
-0.00040286016
0
0.0065947649
0
-0.0024815403
-0.0003294763
0.0062498275
-0.0027005832
-0.00054270329
0.0013631186
0.0063605542
-0.0006525614
0
0.0066430677
0
-0.004260115
-3.4093715e-10
0.0042601149
0
-0.0056982939
0.00019601449
0.0037237044
-0.0059132532
0.00032687015
0.0044676634
0.0040153173
1.7077495e-10
0.0044676624
0
-0.0037237047
-0.00019601438
0.0056982936
0
-0.0049899745
-4.0823394e-10
0.0049899746
-0.005316853
-3.264609e-10
0.0040153174
0.0053168529
-0.00032687011
0.0059132523
-0.0045576741
2.536715e-10
0.0030887448
0.0045576733
-0.0059589721
0.00038242398
0.0041705346
-0.0059195182
0.00037292788
0.0045788123
0.0042421101
3.1442355e-10
0.0031238972
0.0045788121
-0.0041705353
-0.00038242429
0.0028247904
0.0059589724
-0.0054541449
-7.5993094e-10
0.0054541446
-0.0054866465
-6.1626765e-10
0.0042421103
0.0054866461
-0.00037292812
0.0028919085
0.0059195177
-0.0015652524
-0.00037873528
0
0.0050501338
-0.00025135593
0.0048502404
-0.00024896803
0.0015886297
0.0048346016
-0.00037564654
0
0.0050134668
-0.0014300191
-0.00076183403
0
0.0065894255
-0.00063441082
0.0063367192
-0.00062198026
0.0014689085
0.0062451711
-0.00074841063
0
0.0064689519
0
0
-0.00832375
0.00069922184
0.0010297623
0
0
-0.010306678
0.0011879223
0.00079500551
0
-0.0099260233
0.0018833245
0.0082595874
0.00097103368
0
0.0011371869
0.0011785538
0
-0.0079035038
0.00062303974
0.0020603981
0
-0.0098081252
0.0011041811
0.0015954458
-0.0095324888
0.0017628204
0.0079194566
0.0019254266
0.0010247467
0.0023357473
0
0
-0.013005773
0.0021543502
0.00054474471
0
0
0.0055549023
0.00028759589
0
0.0048395206
0.011692721
0.00050541384
0
0.0031741315
0.00074691591
0
-0.012412564
0.002049557
0.0010996264
0
0.0053544777
0.00058603981
0.004672046
0.011251173
0.001007163
0.0030321594
0.0014829979
0
-0.01006198
0.0030712109
0.0092936165
0.00087128375
0
0.0042191132
0.00064428929
0
0.00349149
0.0092914503
0.00075316282
0
0.0026744381
0.0087265771
0.00096164592
-0.0097156121
0.0029289769
0.008960778
0.0017293003
0.0040675343
0.00128379
0.0033611532
0.0090003711
0.0014943894
0.0025448818
0.0084435297
0.0019025825
0
-0.008025572
0.0013068226
0.0012665103
0
0.0020722825
0.0010790864
0
0.0019050364
0.0077410491
0.0011527742
0
0.0012560873
0.0013228324
-0.0077276534
0.0011778311
0.0025043591
0.0019383292
0.0021367022
0.0017772114
0.0074815167
0.002275905
0.0011294122
0.0026075969
0
-0.0072209565
0.00048491415
0.0030981466
0
-0.008983124
0.00095202379
0.0024055895
-0.0088802661
0.0015250806
0.007369452
0.0028631839
0.00080339674
0.0034734635
0
-0.0063350278
0.00028427216
0.0041589278
0
-0.0078980513
0.00073324426
0.0032353687
-0.0079905997
0.0011705236
0.0066285547
0.0037879496
0.00047060219
0.0045988351
0
-0.011405858
0.001856727
0.0016656336
0
0.0049727038
0.00089386134
0.0043357227
0.010496412
0.0014975352
0.0027507919
0.0022050794
0
-0.010059439
0.00158055
0.0022464717
0
0.004422716
0.0012117287
0.0038353567
0.0094514772
0.0019734074
0.0023337276
0.0029127793
-0.0091582502
0.0026447779
0.0084383529
0.0025552116
0.0037625673
0.0018980327
0.0030991264
0.0085495546
0.0021977093
0.0022863513
0.0080145077
0.002796056
-0.0083857445
0.0022177329
0.007723454
0.0033334968
0.0033040507
0.0024711283
0.0027053253
0.0079297695
0.0028364704
0.001898958
0.0074314725
0.0036131279
-0.0072719184
0.00092214609
0.0036985561
0.0016720299
0.0031561873
0.0015235755
0.0070963353
0.0033425318
0.00087910575
0.0038274543
-0.0066560691
0.00053550083
0.0048355816
0.0012709667
0.004123129
0.0011439392
0.0065788293
0.0043222025
0.00050444864
0.0049506892
0
-0.0074978491
0.0010560388
0.0063354969
0.0013624007
0
-0.0083608759
0.0015592791
0.001208784
0
-0.0081358729
0.0011079913
0.007328771
0.0012583897
0
0.00076314985
0.0062252768
0.0013963832
-0.0072767643
0.00094673824
0.0061431352
0.0026787038
-0.0081217986
0.001450969
0.0023800607
-0.0079409034
0.0010290596
0.0071478991
0.0024733033
0.00068238855
0.0060673165
0.0027413156
0
-0.0088465758
0.0021255766
0.0010345615
0
0.0027072034
0.00084370087
0
0.0018664326
0.0085958896
0.00092509707
0
0.0014855148
0.0011000785
-0.0086017169
0.0020187929
0.0020405687
0.0026031469
0.0016676886
0.0017937728
0.0083962731
0.0018234699
0.0014091949
0.0021650463
0
-0.0084710866
0.00077518345
0.0080165993
0.0011648187
0
0.00096600452
0.0010032222
0
0
0.008436817
0.0010799697
0
0
0.0079802757
0.0012317248
-0.0083209401
0.00073521758
0.0078695232
0.0022902129
0.00092891498
0.0019746017
0
0.0083457491
0.002127507
0
0.0078889248
0.0024237667
0
-0.0072314883
0.00040692758
0.0061552187
0.0014324919
0
0.00058414969
0.0013089526
0
0
0.0071999483
0.001364477
0
0
0.0061312768
0.0014755991
-0.0070945197
0.0003630878
0.0060351381
0.0028111743
0.00054195412
0.0025710615
0
0.0071130869
0.002682269
0
0.006053749
0.0028980248
-0.0069500477
0.00073225602
0.0058631153
0.003912486
-0.0077625438
0.0012372191
0.0034789133
-0.0076420077
0.00087414809
0.006874146
0.003604236
0.00052516216
0.0058308877
0.0039916677
-0.0065099419
0.00041554303
0.0054893947
0.0050219388
-0.0072737379
0.00092051995
0.0044661285
-0.0072288187
0.00064667732
0.0064990339
0.0046078634
0.00029581509
0.0055094851
0.0051009444
-0.0082270906
0.0018065212
0.0029849456
0.0023944575
0.0024412996
0.0016479752
0.0080857798
0.0026611958
0.0012578965
0.0031574431
-0.0077119699
0.0014905609
0.0038315748
0.0020819302
0.0031321846
0.0014299861
0.007652418
0.0034030703
0.0010339088
0.0040376944
-0.0080732489
0.00065564571
0.0076297096
0.0033360031
0.00085353624
0.0028783693
0
0.0081672475
0.0031051143
0
0.0077129796
0.0035336803
-0.0077135699
0.00053796783
0.0072848719
0.0042606421
0.00074034774
0.0036775156
0
0.0078825742
0.0039732104
0
0.0074367206
0.0045175017
-0.0068733783
0.00027842674
0.0058428682
0.0040884198
0.00045935263
0.0037421882
0
0.0069481739
0.0039064273
0
0.0059082797
0.0042163458
-0.0065581644
0.00015609709
0.0055709105
0.0052153917
0.00033874049
0.0047768326
0
0.0066926947
0.0049891937
0
0.005685498
0.0053796396
0
-0.0017368049
5.0921851e-10
0
0.001736805
0
-0.003400228
0.00011085484
0.0016794446
0
-0.0033648242
8.2958987e-05
0.0017199005
0.0016728195
0
7.537494e-10
0
0.0017199003
-0.0016794445
-0.00011085338
0
0.0034002281
-0.0032909677
5.8945915e-10
0.0032909679
-0.0032748982
7.3831213e-10
0.001672819
0.0032748986
-8.2957993e-05
0
0.0033648238
0
-0.0049491716
0.00032607977
0.0015985128
0
0.00064194973
0.0014927875
0
0.0004707789
0.0048845898
0.0015118577
0
0.00024193725
0.0016039082
-0.0047945535
0.000215458
0.0031356105
0.00053187259
0.0029314768
0.00038878923
0.0047573204
0.0029649372
0.00015923969
0.0031425487
0
-0.0048383055
0.00013208184
0.0033359535
0.0016122074
0
0.0002539697
0.0015337224
0
0
0.004821377
0.0015638695
0
0
0.0033241299
0.001629329
-0.0047412956
8.6464089e-05
0.0032673689
0.0031589097
0.0002090045
0.0030073497
0
0.0047578103
0.0030688128
0
0.0032786943
0.003194909
0
-0.0017044324
5.2978953e-10
0
0.0017044326
0
4.5869088e-05
0.0016686109
0
0
0.0016969286
0.0016730704
0
0
0
0.0016969291
-0.0016686112
-4.5868327e-05
0
0.0033359542
2.1739212e-11
0.0032673694
0
0.00167307
0.0032786947
0
0
0.0033241307
-0.0015985125
-0.00032607812
0
0.0049491722
-0.0031356102
-0.00021545641
0.004794554
-0.0031425483
-0.00015923905
0.0016039087
0.0047573208
-0.00024193637
0
0.0048845908
-0.0014927872
-0.00064194857
0
0.0063354974
-0.0029314766
-0.00053187199
0.0061431352
-0.0029649372
-0.00038878817
0.0015118571
0.0060673171
-0.00047077805
0
0.0062252774
-0.0045723828
4.3018116e-10
0.004572383
0.00031680035
0.0042783368
0.00023017367
0.0045686029
0.0043138488
2.5269223e-10
0.0045686034
-0.0042783366
-0.00031680082
0.0058631157
4.7487663e-10
0.0054893937
-1.094732e-10
0.0043138491
0.0055094853
-0.00023017289
0.0058308874
-0.0045870283
2.6968428e-10
0.0031589096
0.0045870284
0.00012309546
0.0043702678
0
0.0046396806
0.0044605073
0
0.003194909
0.0046396809
-0.004370267
-0.00012309561
0.0030073494
0.0058428687
5.0161401e-10
0.0055709107
0
0.0044605076
0.0056854982
0
0.0030688126
0.0059082802
-0.0016122078
-0.00013208077
0
0.0048383063
-8.6463158e-05
0.0047412953
0
0.0016293291
0.0047578115
0
0
0.004821379
-0.0015337217
-0.00025396972
0
0.0061552197
-0.0002090046
0.0060351394
0
0.0015638695
0.0060537501
0
0
0.0061312788
0
-0.0010297629
-0.00069922147
0
0.0083237493
0
-0.0020603989
-0.00062303897
0.0079035025
-0.0023357473
-0.0010247465
0.0011785532
0.0079194559
-0.0011371865
0
0.0082595859
0
-0.00079500563
-0.0011879222
0
0.010306677
0
-0.0015954462
-0.0011041814
0.0098081244
-0.0019254267
-0.0017628206
0.00097103357
0.0095324883
-0.0018833246
0
0.0099260219
0
-0.0030981465
-0.00048491473
0.007220956
0
-0.0041589279
-0.00028427243
0.0063350284
-0.0045988351
-0.00047060295
0.0034734638
0.0066285548
-0.00080339749
0.0073694516
0
-0.0024055901
-0.00095202352
0.0089831234
0
-0.0032353685
-0.00073324429
0.0078980511
-0.0037879494
-0.0011705242
0.0028631834
0.0079906007
-0.0015250803
0.008880265
-0.0036985546
-0.00092214726
0.0025043597
0.0072719171
-0.0048355819
-0.00053550083
0.0066560698
-0.0049506891
-0.00050444831
0.0038274537
0.006578829
-0.00087910632
0.0026075961
0.0070963344
-0.0031561869
-0.0016720306
0.0021367008
0.0084383534
-0.0041231285
-0.0012709662
0.0077234535
-0.0043222019
-0.0011439404
0.0033425327
0.0074314724
-0.0015235755
0.0022759043
0.0080145077
-0.0012665098
-0.0013068225
0
0.0080255713
-0.0011778305
0.007727653
-0.0011294127
0.0013228326
0.0074815168
-0.0012560872
0
0.0077410492
-0.0010790861
-0.002072283
0
0.0092936159
-0.0019383302
0.0089607773
-0.0017772127
0.0011527737
0.0084435298
-0.0019050373
0
0.0087265772
0
-0.00054474441
-0.0021543493
0
0.013005771
0
-0.0010996264
-0.0020495564
0.012412563
-0.0014829971
-0.0030321589
0.00074691588
0.011251172
-0.0031741311
0
0.01169272
0
-0.00028759677
-0.0055549016
0
0.018848269
0
-0.0005860404
-0.0053544777
0.018065484
-0.0010071629
-0.0046720462
0.00050541343
0.01107049
-0.0048395199
0
0.011482751
0
-0.0016656335
-0.0018567269
0.011405857
0
-0.0022464718
-0.0015805502
0.01005944
-0.002912779
-0.0023337273
0.0022050795
0.0094514773
-0.0027507918
0.010496412
0
-0.00089386215
-0.0049727039
0.016686383
0
-0.0012117288
-0.0044227162
0.014800023
-0.0019734061
-0.0038353583
0.0014975347
0.0093399907
-0.0043357228
0.010349803
-0.0025552113
-0.0026447782
0.0017293004
0.0091582506
-0.0033334962
-0.0022177335
0.0083857446
-0.0036131283
-0.001898958
0.0027960552
0.00792977
-0.002286352
0.0019025812
0.0085495556
-0.0018980314
-0.0037625677
0.0012837889
0.0091993381
-0.0024711279
-0.0033040514
0.0084275342
-0.0028364695
-0.0027053265
0.002197708
0.0079698066
-0.0030991277
0.0014943888
0.0085894346
-0.00087128339
-0.0030712107
0
0.010061979
-0.002928977
0.0097156124
-0.0025448827
0.00096164484
0.0090003719
-0.0026744387
0
0.0092914501
-0.00064428941
-0.0042191131
0
0.010085861
-0.0040675351
0.0097506007
-0.003361154
0.00075316255
0.0090352171
-0.0034914902
0
0.0093169898
0
-0.0052873792
1.7826166e-10
0.0052873789
0
-0.006601196
0.0004324661
0.0041167194
-0.0069022579
0.00068056128
0.0057304499
0.0047116624
-3.9502326e-10
0.0057304505
0
-0.0041167194
-0.00043246628
0.0066011962
0
-0.0051390487
1.1368019e-10
0.0051390486
-0.0056586011
-4.6534407e-10
0.0047116623
0.0056586018
-0.00068056119
0.0069022582
0
-0.0084277404
0.0012127328
0.0028602833
0
0.0037098127
0.0015459657
0.0031704343
0.0081587093
0.0024326172
0.0017715484
0.0036104151
0
-0.0065619521
0.00072115924
0.0035620275
0
0.002824899
0.0019179635
0.0023265989
0.0066650141
0.0028720349
0.0010292263
0.0043087611
-0.0074177681
0.0016419506
0.0068351784
0.0040456844
0.0026917498
0.002985202
0.0021821479
0.0071467773
0.0033806906
0.0013826823
0.0067002397
0.0043189338
-0.0062857525
0.00090142789
0.005803213
0.0046560223
0.0019220745
0.0034090196
0.0015380331
0.0062171195
0.0037876848
0.00074267076
0.0058363604
0.0048584499
-0.0058967406
-7.2436163e-10
0.0058967406
0.00072301565
0.0050191125
0.00063551187
0.0059341912
0.0051757548
-1.8429186e-10
0.0059341908
-0.0050191118
-0.00072301626
0.0068351789
-3.7606346e-10
0.0058032136
-6.4044618e-10
0.0051757549
0.0058363606
-0.0006355122
0.0067002397
0
-0.002860283
-0.0012127331
0.0084277405
0
-0.0035620272
-0.0007211597
0.0065619525
-0.0043087604
-0.0010292267
0.0036104137
0.0066650155
-0.0017715496
0.0081587094
0
-0.0015459653
-0.0037098141
0.012471791
0
-0.0019179638
-0.0028248996
0.0097588506
-0.0028720339
-0.0023266
0.0024326168
0.0066061329
-0.0031704352
0.0080785411
0
-0.0045197919
-5.7579098e-11
0.0045197922
0
0.0017170985
0.0023893555
0.0012533605
0.0050266777
0.0032803789
-3.1116267e-10
0.0050266787
0
-0.002389355
-0.0017171
0.0067082834
0
-4.1779175e-10
0.0033871454
1.1686473e-10
0.0032803784
0.0032138821
-0.0012533613
0.0049712844
-0.0050217609
-1.9522222e-10
0.0046560218
0.0050217613
0.001006873
0.0036475983
0.00079544245
0.005161444
0.0040043733
-6.0956946e-10
0.0048584497
0.0051614447
-0.0036475984
-0.0010068727
0.0034090189
0.0050138522
-1.5682667e-10
0.0036045199
4.4898894e-11
0.0040043741
0.0039878081
-0.00079544231
0.0037876857
0.0051667027
-0.0040456843
-0.0016419512
0.0074177687
-0.00090142842
0.0062857527
-0.0007426713
0.0043189335
0.0062171197
-0.0013826834
0.0071467771
-0.0029852009
-0.0026917513
0.0074531578
-0.0019220758
0.0063050466
-0.0015380339
0.0033806909
0.0062400726
-0.0021821487
0.0071813959
-0.0059562399
-7.170669e-11
0.0050219385
0.0059562401
-0.0066548604
0.00050475025
0.0052955106
-0.0066973928
0.0003519598
0.0060195309
0.0054385157
3.8498718e-10
0.0051009444
0.0060195305
-0.0052955102
-0.00050475073
0.0044661284
0.0066548604
-0.0059133721
-5.8322484e-11
0.0059133719
-0.0060507144
-3.8006674e-10
0.0054385161
0.0060507144
-0.00035196022
0.0046078632
0.0066973928
-0.0070553651
0.0010751972
0.0045395648
0.0016700046
0.0037054372
0.0011440105
0.0070913733
0.0040134248
0.00074207696
0.0047647951
-0.0062651329
0.00057103324
0.005062963
0.0011696259
0.0041234871
0.00079909653
0.0064055385
0.0044582407
0.00039200426
0.0052986482
-0.0072338344
0.00038527615
0.0068282812
0.0050229961
0.00059189953
0.0043356156
0
0.0074800466
0.0046932005
0
0.0070503643
0.0053324603
-0.0066331681
0.00020307902
0.0062596197
0.0055854698
0.00041322189
0.0048197249
0
0.0069551245
0.0052305985
0
0.0065504145
0.0059402493
-0.0061435914
-2.0636128e-10
0.0052153918
0.0061435919
0.00018365774
0.0056298244
0
0.0063388928
0.0058843229
0
0.0053796394
0.0063388928
-0.0056298245
-0.00018365725
0.0047768318
0.0068282815
-4.0911269e-10
0.0062596196
0
0.0058843222
0.0065504149
0
0.0049891934
0.0070503643
-0.0045395654
-0.0010751981
0.0038315748
0.0070553656
-0.0050629632
-0.00057103435
0.0062651327
-0.0052986491
-0.00039200504
0.0047647956
0.0064055386
-0.00074207732
0.0040376942
0.0070913736
-0.0037054371
-0.0016700052
0.0031321843
0.0071164748
-0.0041234869
-0.0011696271
0.0063147758
-0.0044582413
-0.00079909764
0.0040134251
0.0064798253
-0.0011440115
0.0034030707
0.0071757342
-0.0053561996
-8.5484487e-11
0.0053561989
0.00060186679
0.0043505302
0.00041052219
0.0056054366
0.0047095013
-8.0933281e-10
0.0056054365
-0.0043505302
-0.00060186716
0.005389667
5.5910705e-11
0.0043641727
3.9405326e-11
0.0047095017
0.0047514127
-0.0004105225
0.0056653522
-0.0059183367
-7.8201143e-10
0.0055854699
0.0059183366
0.00021230988
0.0051041147
0
0.0063108905
0.0055585029
0
0.0059402488
0.0063108902
-0.0051041147
-0.00021231073
0.0048197254
0.0060045141
1.5456839e-10
0.0051742738
0
0.0055585041
0.0056608699
0
0.0052305993
0.0064264843
-0.005022996
-0.00038527669
0.0042606425
0.0072338344
-0.00020307981
0.0066331683
0
0.0053324598
0.006955124
0
0.0045175008
0.0074800466
-0.004335616
-0.00059189947
0.0036775153
0.0073398231
-0.00041322327
0.0067314033
0
0.0046932
0.0070793001
0
0.0039732106
0.0076081365
-0.0013624008
-0.0010560392
0
0.0074978502
-0.0026787041
-0.00094673831
0.0072767641
-0.0027413153
-0.00068238931
0.0013963833
0.0071479001
-0.00076315053
0
0.007328772
-0.0012087835
-0.0015592797
0
0.0083608761
-0.0023800608
-0.0014509704
0.008121799
-0.0024733027
-0.0010290607
0.0012583894
0.0079409038
-0.0011079914
0
0.0081358731
-0.0039124863
-0.00073225612
0.0069500476
-0.00041554337
0.006509941
-0.00029581474
0.0039916677
0.0064990335
-0.00052516235
0.0068741461
-0.0034789121
-0.0012372203
0.0077625437
-0.00092052047
0.0072737374
-0.00064667853
0.0036042359
0.0072288188
-0.00087414935
0.0076420083
-0.00408842
-0.00027842725
0.0028111742
0.0068733794
-0.00015609677
0.0065581646
0
0.0042163458
0.006692695
0
0.0028980241
0.0069481747
-0.0037421873
-0.0004593533
0.0025710608
0.0076297098
-0.00033874097
0.0072848717
0
0.0039064266
0.0074367209
0
0.0026822682
0.0077129797
-0.0014324921
-0.00040692793
0
0.0072314892
-0.00036308774
0.00709452
0
0.0014755981
0.0071130883
0
0
0.007199949
-0.0013089515
-0.00058415003
0
0.0080165993
-0.00054195525
0.0078695237
0
0.0013644763
0.007888925
0
0
0.0079802752
-0.001034561
-0.0021255774
0
0.0088465758
-0.0020405681
-0.0020187936
0.0086017171
-0.0021650454
-0.0014091962
0.0011000784
0.0083962734
-0.0014855155
0
0.0085958895
-0.00084370027
-0.002707204
0
0.0089059898
-0.001667688
-0.0026031484
0.0086676992
-0.0018234697
-0.0017937734
0.00092509703
0.008485271
-0.0018664334
0
0.0086802159
-0.0029849455
-0.001806523
0.0082270921
-0.0014905615
0.0077119702
-0.0010339096
0.0031574427
0.0076524184
-0.0012578977
0.0080857802
-0.0024412986
-0.0023944588
0.0082960339
-0.0020819315
0.0077794608
-0.0014299864
0.0026611954
0.0077423487
-0.0016479773
0.0081770245
-0.0033360024
-0.00065564728
0.0022902123
0.0080732496
-0.00053796754
0.0077135696
0
0.00353368
0.0078825741
0
0.0024237655
0.008167247
-0.0028783689
-0.00085353652
0.0019746012
0.0081825765
-0.0007403485
0.0078230781
0
0.0031051146
0.0080103216
0
0.0021275076
0.0082913176
-0.0011648184
-0.00077518401
0
0.0084710863
-0.00073521829
0.0083209397
0
0.0012317244
0.0083457478
0
0
0.0084368156
-0.0010032221
-0.00096600474
0
0.0085738797
-0.00092891587
0.0084274613
0
0.0010799698
0.0084643697
0
0
0.0085507807
0.01879451
1.2885219e-05
-0.0081640562
0
0.0082049298
0.018107775
2.2627052e-05
-0.0079271984
0.0078751656
-0.00047477649
-0.0063341291
0.00023619934
0.0097159979
-0.0065255446
0
0.010080439
0.011243916
0.00027769513
-0.0099167269
0
0.0066000452
0.010908287
0.00054843275
-0.0096385939
0.0063347346
6.3715235e-05
-0.007279637
-3.472054e-05
0.0073280464
-0.0074713392
0
0.0076003308
0.016829793
2.3315685e-05
-0.007445601
0.0073015023
0.015033716
1.3010146e-05
-0.0067320646
0.006508677
-0.00092995038
-0.0053688934
0.00070707195
0.008199698
-0.0059475013
0.0090839988
0.010247137
0.00080442816
-0.0090825105
0.0058808805
0.0092843326
0.001040958
-0.0082613926
0.0052492073
0.00011622676
-0.0062960059
-9.0487988e-05
0.0062085726
-0.0068873676
0.0068620832
-0.001194808
-0.0048067352
0.00080779695
0.008445583
-0.0015500923
-0.0043283043
0.0077422294
-0.0020125208
-0.0034638583
0.0015628569
0.0075550245
-0.0038568279
0.0010621154
0.0081402689
-0.00048270528
-0.005576551
0.00032599335
0.0072914783
-0.00062065583
-0.0051005631
0.0066847371
-0.0011781396
-0.0040759928
0.00091938439
0.0067892094
-0.0044564221
0.00062468739
0.0073148369
-0.00040316244
-0.0052799361
0
0.0092434153
-0.005123826
0.0089449321
-0.0041170531
0.00053320366
0.008557356
-0.0042454003
0
0.0088156578
-0.00016040164
-0.006044292
0
0.0079767698
-0.0058906856
0.0077215724
-0.0047068581
0.00031159381
0.0076866221
-0.0048292534
0
0.0079122129
0.0096572847
0.00047143539
-0.0089116714
0
0.0053829965
0.0093984669
0.00092966907
-0.0086880968
0.0051661309
0.00050939423
-0.007550524
-0.00026006914
0.0059411485
-0.0077320971
0
0.0061606874
0.0087067995
0.00062907903
-0.0083145824
0
0.0043617004
0.0084984546
0.0012375917
-0.0081260752
0.0041852388
0.00086223425
-0.0073659918
-0.00043947712
0.0047583079
-0.0075261222
0
0.0049327501
0.0088859965
0.0013651196
-0.0082384211
0.0047978544
0.008132982
0.001769088
-0.0075693038
0.0042815608
0.00096972256
-0.006622095
-0.00074686927
0.0050385105
-0.0071801703
0.0055663574
0.0080833145
0.0018129679
-0.0077464975
0.0038856613
0.0074702784
0.0023414387
-0.0071804773
0.0034632888
0.001633445
-0.0065473598
-0.0012628101
0.004034758
-0.0070395726
0.0044588567
0.00017407788
-0.0059809454
-0.00011971369
0.0060378892
0.00023187001
-0.0055318038
0.0055366537
-0.00038383642
-0.0044929659
0.00030537029
0.0058288377
-0.0048496285
0.00020724216
0.0062816482
0.0007277965
-0.0061088133
-0.00049723239
0.0048765658
0.00094575254
-0.0056994381
0.004470776
0.00032448387
-0.0047270116
-0.00024408871
0.0047760161
-0.0050528741
-0.00016703066
0.005148651
6.4265057e-05
-0.0064198825
0
0.0066002902
-0.0062762849
0.0063918847
-0.0050829662
0.00010069064
0.0065998549
-0.0051960555
0
0.0067890765
0.00025528212
-0.0065078898
0
0.0053267757
-0.0063774978
0.0051614404
-0.0052647468
-8.8417771e-05
0.005408491
-0.0053666406
0
0.0055594095
0.012773475
-7.8118372e-06
-0.005801762
0.0055209004
0.010092534
-3.4579831e-05
-0.0046646752
0.00435776
-0.0013199474
-0.0036581856
0.0011377756
0.0057818151
-0.0046047464
0.0070893508
0.0080467282
0.0012583538
-0.0071948494
0.0044516258
0.0065619817
0.0014628199
-0.0059046433
0.0034959555
0.00018713375
-0.0045599102
-0.00014502362
0.0043949719
-0.0055153444
0.0053810489
0.0070174969
-6.1510848e-05
-0.0033134271
0.0030311446
0.0035016199
5.145258e-05
-0.0017085723
0.0014811344
-0.0013592865
-0.0012518754
0.0014384052
0.0026780666
-0.0025276363
0.0043039515
0.0048588591
0.0016785617
-0.0044166953
0.002373239
0.003026244
0.0018523972
-0.002794208
0.0010752629
0.00038941053
-0.00224778
-0.00026415575
0.0020063838
-0.0034534676
0.0032637017
-0.0022049204
-0.0019866107
0.0020937655
0.0045839815
-0.0021289918
-0.00098864864
0.0032653646
-0.0027435569
-0.00078144083
0.0027830531
0.0037411041
-0.0015685815
0.0026558891
0.0048758375
-0.0007867557
-0.0028005673
0.00079197932
0.0039258576
-0.00069491765
-0.001835905
0.0027616515
-0.0014984723
-0.0014793037
0.0015591006
0.0033238746
-0.0022415799
0.0015173447
0.004358606
-0.0018582587
-0.0036922984
0.0068488762
-0.0029054334
0.0057878012
-0.002302597
0.0023869931
0.0059061322
-0.0029421448
0.0068057147
-0.00072906705
-0.0044686922
0.0059106352
-0.0036938454
0.0049846486
-0.0029509599
0.0013838133
0.0052967781
-0.0035701039
0.0061128
0.0071601589
0.0021351166
-0.0066965125
0.0036219507
0.0059959559
0.0024576918
-0.0056439909
0.0028214153
0.001366922
-0.0049936604
-0.0011764458
0.0035541653
-0.0058868566
0.0043646697
0.0066769982
0.0028081697
-0.0064419329
0.0029201545
0.0057317883
0.0031925615
-0.0055550295
0.0022602647
0.0022465968
-0.0051144739
-0.0019652896
0.0028323026
-0.0058991666
0.0034900588
0.004686566
0.0027120142
-0.0044500725
0.001882423
0.0033212932
0.0028183976
-0.0031866267
0.00083421301
0.0016496875
-0.0028820832
-0.0015355119
0.0015876646
-0.0039741796
0.002619219
0.0046788063
0.0034588401
-0.0045581915
0.0014955296
0.0035803913
0.0035650769
-0.0035079339
0.00065551878
0.0025655373
-0.0032766782
-0.0024567817
0.0012476535
-0.0042247468
0.0020755893
0.00046879491
-0.0033734671
-0.00037537847
0.0032317287
0.00056934866
-0.0024762976
0.0022553122
-0.00033365712
-0.0020464526
0.00041019015
0.0028174965
-0.0027667271
0.00044378583
0.0037182703
0.0014821031
-0.0037351951
-0.0013302255
0.0025902993
0.0015861764
-0.002920595
0.0017951557
0.0006874624
-0.0024731508
-0.00059849801
0.0022810879
-0.0031396693
-0.00050321983
0.0030274663
0.00029732213
-0.0049354639
0.0048937904
-0.0042071947
0.0041201265
-0.0034345621
0.00043293637
0.004534995
-0.0040172054
0.0052436415
0.0011482011
-0.0051556051
0.0039477803
-0.0044924467
0.0033160749
-0.0037549304
-0.00041076427
0.0037050231
-0.0042906036
0.0042923596
-0.0028181227
-0.0022350948
0.0023884685
0.006839079
-0.0031239874
-0.0017452847
0.0060633282
-0.0035545994
-0.0011915755
0.003206525
0.0062741906
-0.0015265358
0.0027225002
0.0069512
-0.0019132155
-0.0027191777
0.001629714
0.0062716544
-0.0021055532
-0.0022491871
0.005553893
-0.0026213157
-0.0015412601
0.0023736858
0.0058138934
-0.0018605978
0.0020206762
0.0064456298
-0.0032802594
-0.0011879271
0.0051652847
-0.0032721743
-0.00059337836
0.0041680251
-0.0037662963
-0.00040646513
0.0037449694
0.0045858264
-0.00081160726
0.0054794022
-0.0021904239
-0.001712209
0.0047207844
-0.0021607478
-0.0011354015
0.0037944468
-0.0027477152
-0.00078315208
0.0027482429
0.0042330493
-0.0011761787
0.0050702992
-0.004213546
-0.00042041725
0.0039838723
0.0058429978
-0.0042644267
-0.00021109592
0.0050297853
-0.0048022902
0
0.00471739
0.0055346742
0
0.0044397769
0.0062836802
-0.0032776062
-0.00061139191
0.0031067181
0.0054490992
-0.0033069262
-0.00040855732
0.0046845105
-0.0038787915
0
0.003814867
0.0051900414
0
0.0035933485
0.0058938067
-0.0035868573
-0.0007888346
0.0030436824
0.0071452969
-0.00061629959
0.0065531424
0
0.0039830768
0.0069197006
0
0.0033704772
0.0074319015
-0.0028023264
-0.00096253485
0.0023807002
0.0066688601
-0.00079901477
0.0061152888
0
0.0032249809
0.0064890534
0
0.0027287211
0.0069656265
-0.0010347905
-0.0030904651
0.00089227385
0.0054874307
-0.0011185288
-0.0026493353
0.0048524045
-0.0016985489
-0.0018284133
0.0015503286
0.0051411917
-0.0021268654
0.0013271254
0.0057052333
-0.00022613351
-0.003344751
0.00021220436
0.0045555073
-0.00021177435
-0.0029384406
0.0040215555
-0.00082797725
-0.002045698
0.00077340415
0.0043030223
-0.0023197207
0.00067272796
0.0047808791
-0.001135794
-0.0021426955
0.004114018
-0.0010860791
-0.0015944553
0.0032927346
-0.0017403598
-0.0011100071
0.0017626644
0.0037262965
-0.0014842383
0.0044759575
-0.00016857949
-0.0024689483
0.0034001022
-0.0001011754
-0.0019570044
0.0027091842
-0.00078996057
-0.0013763029
0.00083295735
0.0031025982
-0.0017266998
0.003738689
-0.0023336016
-0.0007753516
0.0022229546
0.0048508595
-0.0023401988
-0.00058240761
0.0041635082
-0.0029252908
0
0.002884882
0.0046480426
0
0.0027229868
0.0052803502
-0.001422104
-0.00090716974
0.0013703844
0.0040830491
-0.0014059244
-0.00072675764
0.0034977834
-0.0019813328
0
0.0019658824
0.0039367353
0
0.0018645356
0.0044745273
-0.0020128146
-0.0011036058
0.0017144188
0.0059439963
-0.00095168729
0.0054487028
0
0.0024471575
0.0058131955
0
0.0020717836
0.0062373945
-0.0012519071
-0.0012085549
0.00107302
0.0050117176
-0.0010700132
0.0045914953
0
0.0016815186
0.0049261993
0
0.001426535
0.0052838233
-0.00064203055
-0.0032422589
0
0.008544879
-0.001272439
-0.003142856
0.0083239105
-0.0014586067
-0.0021488688
0.00073867588
0.0082112146
-0.0022166043
0
0.0083932372
-0.000437474
-0.0036750006
0
0.0078281002
-0.00087020294
-0.0035824459
0.0076322273
-0.0010836248
-0.0024442919
0.00054759043
0.007609095
-0.0025058431
0
0.0077716702
-0.0018638225
-0.0029414172
0.0079720068
-0.002637434
0.0074776824
-0.0018024368
0.0021299493
0.0074999024
-0.0020110005
0.0079179503
-0.0012750015
-0.0033927052
0.0073130885
-0.0031037763
0.0068601784
-0.0021215725
0.0015828715
0.0069555033
-0.0023169139
0.0073414056
-0.0023820536
-0.0010376281
0.0016330998
0.007958158
-0.0009307597
0.0076130298
0
0.0026319744
0.0078180647
0
0.0018013584
0.0080843054
-0.0018639014
-0.0011942208
0.0012773137
0.0074220526
-0.001095527
0.0071037831
0
0.0021295386
0.0073217201
0
0.0014558974
0.0075637259
-0.0008287598
-0.001141076
0
0.0083271111
-0.0011075301
0.0081904625
0
0.00091328975
0.0082449083
0
0
0.0083229945
-0.00064738441
-0.0012868432
0
0.0077554956
-0.0012574197
0.0076335197
0
0.00073712409
0.0077062619
0
0
0.0077732754
-0.00023942014
-0.0039755002
0
0.0068469651
-0.00047966962
-0.0038916118
0.0066811224
-0.00071403248
-0.0026622039
0.00035970436
0.0067340152
-0.0027166206
0
0.0068724949
-5.701644e-05
-0.0041473118
0
0.0056846527
-0.0001193108
-0.0040729996
0.0055516696
-0.0003659688
-0.0028008637
0.00018313529
0.0056447128
-0.0028477268
0
0.0057560452
-0.00070260498
-0.003717464
0.0064038594
-0.003449577
0.0060064584
-0.0023685583
0.0010427565
0.0061588534
-0.0025473997
0.0065000653
-0.00017425774
-0.0039166422
0.0053225744
-0.0036734366
0.00499083
-0.0025393493
0.00053343355
0.0051640605
-0.0026997415
0.0054506295
-0.0013440113
-0.0013145746
0.00092099731
0.0066122415
-0.0012255767
0.006331209
0
0.0016164511
0.0065514759
0
0.0011039544
0.0067616479
-0.00084425429
-0.0013965969
0.00057906827
0.0055742829
-0.0013181704
0.0053387959
0
0.0011136606
0.0055461798
0
0.0007598883
0.0057188233
-0.00046610063
-0.0013950748
0
0.0069000505
-0.0013701522
0.0067963646
0
0.00055802461
0.0068820395
0
0
0.0069362252
-0.0002924618
-0.0014644489
0
0.0058092344
-0.0014441224
0.0057262298
0
0.0003832996
0.0058145058
0
0
0.0058550759
0.00813055
0.00075999129
-0.0078815836
0
0.0033527427
0.0079558498
0.001492555
-0.0077203115
0.0032171368
0.0011499864
-0.0071547274
-0.00058618116
0.0036289186
-0.0072953273
0
0.0037603126
0.0077583756
0.00087098786
-0.0075806129
0
0.0023039921
0.0076071418
0.0017089
-0.0074394052
0.002211488
0.0013897959
-0.0069717072
-0.00070829921
0.002479724
-0.0070964075
0
0.002567808
0.0076063414
0.0021810282
-0.0073947497
0.0029855964
0.0070885962
0.0028063788
-0.0069082578
0.0026575999
0.0021670889
-0.0064344985
-0.0016812892
0.0030751989
-0.0068677793
0.0034005834
0.0073034394
0.0024927062
-0.0071534944
0.0020518452
0.006852208
0.0031986357
-0.006725203
0.0018246653
0.002609613
-0.006330272
-0.0020295496
0.0021002045
-0.0067165137
0.0023238489
0.0011819795
-0.0060898316
-0.00080800567
0.0037246443
0.0015279485
-0.0057230613
0.0034133698
0.00092514894
-0.0048308192
-0.00071146976
0.0036700947
-0.0051246086
-0.00048593637
0.0039578946
0.0015571859
-0.0060270314
-0.0010648718
0.0025428479
0.0020077636
-0.0056968191
0.0023293393
0.0014238344
-0.0048599802
-0.0010998259
0.0025092472
-0.0051251933
-0.00075075407
0.0027069847
0.0004128502
-0.0064461541
0
0.0040647523
-0.0063299366
0.0039414941
-0.0053144374
-0.00024960746
0.0041566629
-0.0054050582
0
0.0042687062
0.00054288582
-0.0063463074
0
0.0027717664
-0.0062424501
0.002690251
-0.0052954151
-0.00038313074
0.0028420045
-0.0053760262
0
0.0029152942
0.0075288083
0.00096898838
-0.0073852457
0
0.0011914412
0.0073927785
0.0019008563
-0.0072574857
0.0011443273
0.0015972433
-0.0068388347
-0.00081343188
0.0012772617
-0.0069523486
0
0.001321479
0.0074168803
0.0010615333
-0.0072869724
0
0
0.0072884239
0.0020834667
-0.0071660301
0
0.0017886204
-0.0067675949
-0.00090979389
0
-0.0068752873
0
0
0.0071187244
0.0027702288
-0.0069980425
0.0010617908
0.0067104037
0.0035492062
-0.0066084201
0.00094370434
0.0029942615
-0.0062522563
-0.0023316791
0.0010814583
-0.0066058335
0.0011972042
0.0070291158
0.0030361136
-0.0069199719
0
0.0066420767
0.0038875811
-0.0065498398
0
0.0033529469
-0.0062093826
-0.0026119459
0
-0.0065460932
0
0.0018753404
-0.0059634248
-0.00128201
0.0013071088
0.002415312
-0.0056597585
0.0011968699
0.0018402049
-0.0048556256
-0.0014233251
0.0012882346
-0.0050995
-0.00097048488
0.0013902197
0.0021603617
-0.00592381
-0.0014755362
0
0.0027820429
-0.0056341939
0
0.0022011791
-0.0048446903
-0.0017024482
0
-0.0050770654
-0.0011589731
0
0.00065223025
-0.0062555838
0
0.0014227714
-0.006160817
0.0013824534
-0.0052550627
-0.0004932135
0.0014589789
-0.0053281716
0
0.0014946685
0.00074904367
-0.0062015596
0
0
-0.006111634
0
-0.0052247293
-0.00058689887
0
-0.00529379
0
0
0.0064180566
0.0033467647
-0.0062731843
0.0022348962
0.0056201775
0.0037755013
-0.0055117238
0.0017230744
0.0029369374
-0.0051733895
-0.00259195
0.0021489808
-0.0058636848
0.0026556982
0.0062667431
0.0038004145
-0.0061652861
0.0015316604
0.0055689715
0.0042697857
-0.0054932145
0.0011779461
0.0035070369
-0.005203658
-0.0031095853
0.0014619728
-0.0058206321
0.0018110719
0.0047314573
0.0040614678
-0.0046570137
0.0011351195
0.0037983459
0.0041758947
-0.0037524549
0.00049520091
0.003294777
-0.003556753
-0.0031789462
0.00093612082
-0.0043917516
0.0015683185
0.0047890989
0.0045788712
-0.0047369401
0.00077387521
0.0039638441
0.0047053521
-0.0039314285
0.00033630446
0.0039057981
-0.0037520432
-0.003779049
0.00062998647
-0.0045036653
0.0010630316
0.002290042
-0.0039592431
-0.0020957994
0.0019635482
0.0024015706
-0.0032254345
0.0013523086
0.0015439578
-0.0027769005
-0.0014435197
0.0017321158
-0.0033877144
-0.0012991112
0.0023115291
0.0029535168
-0.0041009049
-0.0027232213
0.0013304923
0.0030760818
-0.0034325248
0.00091022514
0.0022558756
-0.0029830476
-0.0021429388
0.0011697019
-0.0035447254
-0.0019576486
0.0015700595
0.0018365788
-0.0052350155
0.0030104806
-0.0046395281
0.0025229929
-0.003948733
-0.001123169
0.0028382859
-0.0044355583
0.0032948823
0.0024020047
-0.0052562793
0.0020518867
-0.0047176821
0.0017158004
-0.0040578661
-0.001713578
0.0019343992
-0.0045013568
0.0022502162
0.0061793818
0.0042083268
-0.0060980316
0.00079118958
0.0055448589
0.0047181836
-0.0054840937
0.00060732394
0.0040061628
-0.0052176807
-0.003560696
0.00075009297
-0.0057847611
0.00093136695
0.0061379196
0.0046051393
-0.0060642882
0
0.0055344041
0.0051573669
-0.0054793078
0
0.0044763032
-0.0052219456
-0.0039835724
0
-0.0057635467
0
0.0048328669
0.0050522333
-0.0047909386
0.00039789717
0.0040745532
0.0051907103
-0.0040484588
0.00017173299
0.0044461911
-0.0038762295
-0.0043074764
0.00031904252
-0.0045724403
0.00054321973
0.0048555052
0.0055171573
-0.0048173984
0
0.0041298031
0.0056651546
-0.0041060674
0
0.004955916
-0.003936324
-0.0048066169
0
-0.0046044924
0
0.003521655
-0.0041837852
-0.0032582283
0.00067841049
0.0036565748
-0.0035613397
0.00046041566
0.0028570958
-0.003110171
-0.0027308085
0.00059224582
-0.0036354532
-0.002509411
0.00080032993
0.0040386935
-0.0042211981
-0.0037435773
0
0.0041855049
-0.0036227197
0
0.0033861632
-0.003170078
-0.003246559
0
-0.0036757441
-0.0029916832
0
0.0028829494
-0.0052535089
0.0010529971
-0.0047556188
0.00087845952
-0.0041130839
-0.0022073259
0.00098977938
-0.0045243295
0.0011539158
0.0033175297
-0.0052460365
0
-0.0047695336
0
-0.0041342546
-0.0026371828
0
-0.0045281244
0
0.00048184728
-0.0034998195
-0.00038412197
0.0035220432
0.00058071708
-0.0031296999
0.0031036527
-4.6239401e-05
-0.0021973475
7.5724181e-05
0.0033411851
-0.0024459532
8.5168968e-05
0.0037175679
0.0010774118
-0.0035826799
-0.00088582619
0.0024117807
0.0012472006
-0.0032453278
0.0021213256
0.00062034727
-0.0022944679
-0.00051872711
0.002288705
-0.002519516
-0.00041494416
0.0025506211
0.00067583678
-0.0026991952
0.0026164632
0.0007590637
-0.0022261693
0.002075226
6.4025104e-05
-0.0015806619
-1.9582765e-06
0.002395024
-0.0019050313
0.0028963275
0.0013863253
-0.0028503326
0.0017829457
0.0014844533
-0.0024131973
0.0014072476
0.00079401354
-0.0017276279
-0.00071456027
0.0016300013
-0.0020271602
0.001978942
-0.00058336846
-0.0010066688
0.00058664883
0.0031814062
-0.00054529759
-0.00084014315
0.0027191938
-0.0010887117
0
0.0010985362
0.0030867676
0
0.0010559291
0.0035104657
0.00014504606
-0.001077325
-9.2986592e-05
0.0021795116
0.00020333688
-0.00092447366
0.0018577487
-0.00029063628
0
0.00032488943
0.0021280408
0
0.00033640261
0.0024216275
-0.00055316137
-0.0012796173
0.00048475078
0.0039137923
-0.0011550693
0.0035827045
0
0.00096184339
0.0038652157
0
0.00082141324
0.0041446361
5.1828794e-05
-0.0013230031
-2.3658312e-05
0.0026891089
-0.0012117856
0.0024588644
0
0.00032309056
0.0026667421
0
0.00028586933
0.0028588542
0.0015681237
-0.0036186899
-0.0012982021
0.0012362196
0.001797557
-0.0033063919
0.0010852002
0.0011605923
-0.0023490282
-0.00099924533
0.0011699944
-0.002555416
-0.00081795733
0.0013060591
0.0019771325
-0.0036288905
-0.0016401467
0
0.0022584384
-0.0033303602
0
0.001585914
-0.0023709363
-0.0013753435
0
-0.0025668583
-0.0011313166
0
0.0019746221
-0.0029386753
0.0009091026
0.0020874128
-0.0025293289
0.00071361482
0.001389036
-0.0018221964
-0.0012936277
0.00082746053
-0.0021016776
0.001008909
0.0024695025
-0.0029777056
0
0.0025968344
-0.002583795
0
0.0018625514
-0.0018668847
-0.0017520013
0
-0.0021348838
0
0.00072844371
-0.0011240292
-0.00063592095
0.0011093404
0.00080450249
-0.00098291049
0.00094240399
0.00036448432
0
-0.00030813073
0.0010887767
0
-0.00025038291
0.0012398504
0.0011468691
-0.0011492139
-0.0010231986
0
0.0012379377
-0.0010155493
0
0.00080485069
0
-0.0007316233
0
0
-0.0006409867
0
0.00053380172
-0.0013465375
-0.00042737986
0.0013738086
-0.0012466262
0.0012543432
0
-0.00019595025
0.0013656833
0
-0.00014752165
0.0014638881
0.0008755353
-0.001356935
-0.00071165002
0
-0.0012642565
0
0
-0.00053955997
0
0
-0.00043260689
0
0.00010275728
-0.0042184227
0
0.0043952599
0.00019685883
-0.0041535823
0.0042967129
-5.4095189e-05
-0.0028722058
2.5287073e-05
0.0043921445
-0.0029116845
0
0.0044745941
0.00023634946
-0.0042260739
0
0.0030089582
0.00046218644
-0.0041696245
0.0029450853
0.00021021988
-0.0028956152
-0.00010795501
0.0030158703
-0.0029284255
0
0.0030689907
0.00028940912
-0.0040151163
0.0041205319
-0.0037971128
0.0038624108
-0.0026429469
7.6429318e-05
0.0040186342
-0.0027846865
0.0042425337
0.00067925694
-0.004047091
0.002825359
-0.0038516761
0.0026475375
-0.0026957037
-0.00031191467
0.0027596324
-0.0028204248
0.0029141727
-0.00038660621
-0.0014443103
0.00026654181
0.0043539712
-0.0013765427
0.0041705363
0
0.00064332886
0.0043477215
0
0.00043888675
0.0044789551
8.0112299e-06
-0.0014657604
-2.1768229e-06
0.0029934724
-0.0014079575
0.002867143
0
0.00022843176
0.0029972015
0
0.0001567366
0.0030848899
-0.00013408721
-0.00149981
0
0.004531447
-0.0014838962
0.0044703748
0
0.00022067812
0.0045488182
0
0
0.004575944
1.6386064e-06
-0.0015099037
0
0.0031112866
-0.0014980048
0.0030722262
0
7.8228491e-05
0.0031293215
0
0
0.0031442688
0.00034435281
-0.0042049943
0
0.0015414281
0.00067843065
-0.0041548986
0.0015108434
0.00042110685
-0.0028920833
-0.00021332348
0.0015452716
-0.0029196099
0
0.0015702827
0.00043173721
-0.0041840991
0
0
0.00085529883
-0.0041374475
0
0.00058210428
-0.0028817429
-0.00029253728
0
-0.0029063536
0
0
0.00099861565
-0.0040444164
0.0014500905
-0.0038661354
0.0013584608
-0.002715211
-0.00062358258
0.0014143332
-0.0028265735
0.0014938541
0.0012618265
-0.0040335027
0
-0.0038645497
0
-0.0027175391
-0.0008639939
0
-0.0028215382
0
0.00032010334
-0.0014706785
-0.0002135634
0.0015310375
-0.0014213449
0.0014660004
0
-0.00010569434
0.0015340293
0
-6.915783e-05
0.0015776749
0.00053798993
-0.0014690036
-0.00035948704
0
-0.0014251988
0
0
-0.00032377642
0
0
-0.0002151052
0
0.00010764378
-0.0015050845
0
0.0015891174
-0.0014966468
0.0015708702
0
-3.508619e-05
0.0015986031
0
0
0.0016040981
0.00017957985
-0.0014968161
0
0
-0.0014907799
0
0
-0.00010728208
0
0
0
0
8.8210272e-12
0.00027769179
2.0453862e-10
-0.00027769258
-0.0013530635
0.00027801233
0.0012317133
-0.0017313691
-0.00069496256
0.0010479106
0.00098997008
-0.00050061659
2.5421212e-10
0.00098996983
0.0013530637
0.001731368
-0.0012317132
-0.00027801381
-9.7107225e-10
0.0015034949
9.7176253e-10
-0.001503496
0.00053007981
7.1492226e-10
-0.00050061512
-0.00053008102
-0.0010479095
0.00069496153
-0.0020198347
0.00024950176
0.0019644849
-0.0027345382
-0.0025102646
0.00020817243
0.0024727266
-0.0034862108
-0.00039302062
0.0023295666
0.00052131583
-0.0025506726
0.0018009002
-0.0016597502
-0.00090057076
0.0012669028
0.00088202806
-0.0024794033
-0.0015334698
0.0010337596
0.0015186451
-0.003238243
0.000434218
0.0014420184
-0.00049777666
-0.0024104872
0.00082230859
-0.0015677276
-0.0012379028
0.0015741902
0.0015456138
-0.00065035095
-0.00096836449
0.0020956961
-0.001621845
-0.001496926
0.0017908388
0.0018694471
-0.00075512767
0.0013163304
0.0022323953
0.00022856854
-0.00024467914
0.00073247457
0.00036853246
-0.00068437025
-0.0001558456
0.0013099747
-0.0015786348
-0.00071348278
0.0011307025
0.0009236877
-0.00078606045
0.00062157646
0.0011424792
0.00012067515
-0.0018811914
8.2289089e-11
0.0018811902
0.00087534478
0.00053190464
0.00071416648
0.0025439121
0.0013481326
6.9967499e-10
0.002543911
-0.00053190652
-0.00087534343
0.0015456129
8.9295581e-11
0.0003685312
-1.2169474e-10
0.0013481333
0.0011424788
-0.0007141659
0.0022323945
0.0020198341
0.0027345373
-0.0019644846
-0.00024950288
0.00090057102
0.002479402
-0.00088202692
-0.0012669049
0.0015677268
-0.00082230807
-0.0016597489
-0.00049777776
-0.0018008992
0.00052131474
0.0025102647
0.0034862109
-0.0024727272
-0.00020817435
0.0015334696
0.0032382424
-0.0015186452
-0.0010337609
0.0024104866
-0.0014420181
-0.0025506721
-0.00043421925
-0.002329567
0.0003930197
-4.8135931e-10
0.0021433781
-2.3755701e-10
-0.0021433786
-0.00069244221
0.0017722832
0.00068841348
-0.0028631193
0.0011884127
0.00065823217
-0.0014016094
-0.0021671093
6.712626e-10
-0.0014016111
0.00069244226
0.0028631186
-0.00068841279
-0.0017722843
-2.3002929e-11
0.0024034247
1.957878e-10
-0.0024034256
0.0018461174
1.6354453e-10
-0.0021671084
-0.0018461183
-0.0006582317
-0.0011884141
0.00066491423
4.576614e-10
-0.00068436852
-0.00066491574
0.00060018075
0.00060341101
-0.0014590801
3.1103144e-05
0.00052598624
3.1306189e-05
-0.00077104501
4.300378e-10
0.00012067586
3.1305511e-05
0.0014590785
-0.00060341004
-0.0015786337
-0.00060018211
0.0012734297
1.3572319e-10
-0.0012734314
0.00070819101
3.9446401e-11
-0.00077104472
-0.00070819121
-0.00052598676
-0.00078605942
-3.110307e-05
0.00065034962
-0.0015741894
0.0012379022
-0.00073247359
0.00024467782
-0.00062157625
0.00022856947
0.0009236878
-0.0013163295
0.001869447
0.0016218437
-0.0020956954
0.0009683632
-0.0013099746
0.00015584432
-0.001130702
-0.00075512654
0.00071348233
-0.0017908386
0.001496926
-0.0028719197
0.00016150818
0.0028473769
-0.0041046876
-0.0031328903
0.00011237901
0.0031153617
-0.0046386943
-0.00018350619
0.0029845156
0.00028410259
-0.0038755469
0.0027127923
-0.0032691101
-0.0019995902
0.00079577096
0.0019887232
-0.003855832
-0.0023342291
0.00054812585
0.0023266659
-0.0043834859
0.00025391486
0.0022370375
-0.00035194801
-0.0036878854
0.0019041126
-0.0031022295
-0.0033035775
5.9975142e-05
0.0032896229
-0.0051243498
-0.0033882982
0
0.00337571
-0.0055925908
0
0.0032458577
8.8041748e-05
-0.0049141034
0.0031597705
-0.0044118017
-0.0025531016
0.00028547663
0.0025474821
-0.0048560811
-0.0026620111
0
0.0026572193
-0.0053023224
0
0.002562536
-0.00013862282
-0.0046807972
0.00245455
-0.0042035776
-0.00023407108
0.0029153904
0.00047365613
-0.0036517779
0
0.0029992859
-0.0041730029
0
0.0026381811
0.00037410506
-0.0033991617
0.0025596518
0.00074978163
-0.002877033
-9.8031248e-06
0.0022743975
4.1474875e-05
-0.0035032971
0
0.0023775747
-0.0039978447
0
0.0021027624
0.00015547913
-0.0032798286
0.0020080384
0.00032902576
-0.0027842205
-0.00071713107
0.0024756723
-0.0024156842
0.0027436278
-0.0030786685
0.0023981987
0.0011240365
-0.0022847008
0.0021460725
-0.001587247
-9.0069407e-05
0.0017486517
-0.0023259995
0.0020664791
-0.0029567045
0.0018172372
0.00051546096
-0.0022218941
0.0015268744
-0.0015634915
-0.0012171784
0.0013751174
0.0012137928
-0.0034552806
-0.0016001715
0.00095068309
0.0015982524
-0.0039571325
0.000662612
0.00154182
-0.00094101636
-0.0033530486
0.0011672249
-0.0028082652
-0.00054690247
0.0018821728
0.00054650144
-0.0029336277
-0.00095541678
0.0013078293
0.00095590533
-0.0033832776
0.0010297172
0.00092487613
-0.0014644414
-0.0028872952
0.00052744751
-0.0024075352
-0.0018531576
0.00049480832
0.0018524588
-0.0043995074
-0.0019798896
0
0.0019798134
-0.0048074379
0
0.0019147085
-0.00035117957
-0.0042645127
0.0017901535
-0.0038298399
-0.0012291506
0.00068164903
0.0012306508
-0.0037748274
-0.0013674597
0
0.0013695754
-0.0041279046
0
0.0013281253
-0.00054300599
-0.0036800566
0.0011925153
-0.0033049932
0.0002028866
0.0016657776
-0.00036737857
-0.0032144292
0
0.0017838184
-0.003664068
0
0.0015866583
-5.4476281e-05
-0.0030281922
0.0014791898
-7.4500615e-05
-0.0025776083
0.00039705691
0.0011141943
-0.00073933567
-0.0027938294
0
0.0012423746
-0.0031812604
0
0.0011115921
-0.00024847698
-0.0026489327
0.0009951884
-0.00044649286
-0.0022605866
0.00049954091
0.001078274
-0.0021364088
0.0014309296
-0.0027136517
0.0012660656
-6.6133932e-05
-0.0020653969
0.00094834482
-0.0014685931
0.0010316421
0.00048979085
-0.0018569645
0.00086208248
-0.0023585516
0.00076735705
-0.00059942277
-0.0018177415
0.00043370667
-0.0013037407
-0.0015002708
0.0017326091
0.0019744054
-0.00081973537
-0.0010084604
0.0019530077
-0.0015310733
-0.0012539804
0.0014085291
0.0018543736
-0.00084992754
0.0012387403
0.0024160586
-0.00013184204
-0.00091610346
0.0012423162
0.0012277963
-0.00084686998
-0.00060328108
0.0014906252
-0.0015172837
-0.00086562978
0.0010839893
0.0012956354
-0.00087329731
0.00089516677
0.0017061208
-0.00019517798
-0.00050622553
0.0020953719
-0.0021253666
0
0.0021645684
-0.0026294474
0
0.0015774876
0.00063204716
-0.0019075171
0.0015218769
-0.0014374741
-0.00029557965
0.0016556124
-0.0020806421
0
0.0017377647
-0.0025600294
0
0.0012787605
0.00043036315
-0.001878876
0.001213514
-0.0014306424
-0.00075888146
0.00082880575
0.0015036865
-0.0008562349
0
0.00086834889
-0.0012876804
0
0
0.00091671786
-0.0008532191
0
0.0017941292
-0.00041308928
-0.00056554638
0.00066816119
0.0011302839
-0.00087561955
0
0.00071363012
-0.0012880964
0
0
0.00072956494
-0.00086915392
0
0.0014312416
-0.00044660476
-0.0022103271
0.00066272657
0.0028534388
0.00047819973
0.00075951699
-0.00026096533
0
0.0026056986
0.00023858452
0
0.0033273031
0.0010298335
-0.0016733312
0.00048245989
0.0021733568
0.00039088108
0.00058960986
-0.00030963319
0
0.0020835032
0.00017593284
0
0.0026666752
0.00092912141
-0.00034814695
0.00077797582
0.00050341324
-0.00083176728
-0.00020877712
0.0010466097
-0.0014371976
-0.00048089585
0.00076826047
0.00074214646
-0.00085619868
0.00056547845
0.0010030802
-0.00024361436
0.00018135249
0.00035880395
-0.00016903468
-0.00076918237
0.00016010682
0.00063960331
-0.0012881982
-0.00011511983
0.00047459341
0.00021653609
-0.00079260504
0.00026333945
0.00033656554
-0.00026817931
-9.0401846e-05
0.0012290938
-0.0019489213
0
0.0013216343
-0.0023854072
0
0.00098340137
0.00023061798
-0.001771261
0.00091035581
-0.0013621823
0.00010170513
0.00083391006
-0.0017292413
0
0.00093394877
-0.0021060588
0
0.00070402272
4.0638422e-05
-0.0015819734
0.00062525789
-0.0012280115
-0.00037004955
0.00050779449
0.00075234827
-0.00085535696
0
0.00055788496
-0.0012326295
0
0
0.00053442803
-0.00084569699
0
0.001053166
-0.00045754825
-0.00018025825
0.00035442218
0.00038526132
-0.00078952432
0
0.00040768448
-0.0011165495
0
0
0.00033910424
-0.00077711675
0
0.00067513052
-0.00043915235
-0.0011296288
0.00030734432
0.001484845
0.00029379895
0.00042210713
-0.00034076032
0
0.0015400555
0.00011115044
0
0.0019800429
0.00079647834
-0.00060168593
0.00014454525
0.00081680742
0.00019747166
0.00026395317
-0.00034654469
0
0.00099746169
5.2772435e-05
0
0.0012955898
0.00064289546
-0.0031054244
-4.6604179e-11
0.0031054239
-0.0028074714
0.00055285534
0.002024106
-0.0033290749
0.00038368426
0.0036216658
0.0026242949
3.8159282e-10
0.0036216655
-0.0020241064
-0.00055285413
0.0028074708
-0.0018035384
-1.3019391e-10
0.001803538
-0.0023937641
-3.7975757e-10
0.0026242946
0.0023937645
-0.00038368398
0.0033290747
-0.0024182328
0.0010342905
0.00097887841
0.0014282129
1.9973535e-05
0.0010111911
0.0029168368
0.00070620404
0.00072479848
0.0016376142
-0.0015291642
0.00049364014
0.0008324405
0.00090995511
-6.0646916e-05
0.0006493326
0.0020794328
0.00059351449
0.00034873606
0.001468187
-0.0034071376
0.00038231713
0.0038439625
0.0022458552
0.0005370926
0.0013263235
0
0.0039330711
0.0019126573
0
0.0043962493
0.0028444296
-0.0026089845
0.00018510369
0.0029575076
0.0020609644
0.00034720138
0.001192827
0
0.0031592649
0.001767269
0
0.0035387084
0.0026500897
-0.0041370442
-5.5127235e-11
0.0041370437
0.0002011082
0.003196421
0
0.0046921978
0.0037839515
0
0.004692197
-0.0031964213
-0.0002011077
0.0038439626
3.9599756e-12
0.0029575069
0
0.0037839513
0.0035387086
0
0.0043962491
-0.00097887966
-0.0010342907
0.0024182326
-0.00083244171
-0.00049363989
0.0015291637
-0.001468187
-0.00034873553
0.0016376138
0.0020794334
-0.00072479843
0.0029168364
-1.9974069e-05
-0.0014282119
0.0019744045
6.0646806e-05
-0.00090995558
0.0012277964
-0.00059351491
-0.00064933315
0.0007062042
0.0017061216
-0.0010111908
0.002416059
-0.00066827777
-1.0257189e-10
0.00066827709
0.0004273677
-0.0001268929
0.00030763646
0.0012504346
0.00046589136
-2.3636863e-10
0.0012504348
0.00012689153
-0.00042736683
0.00050341243
-7.2342689e-10
-0.00016903528
1.6528804e-10
0.00046589069
0.00033656533
-0.0003076367
0.0010030804
-0.0018012578
4.0891324e-10
0.0020609643
0.0018012573
0.00016573817
0.0010183124
0
0.0023561437
0.0015569064
0
0.0026500899
0.002356144
-0.0010183132
-0.00016573818
0.0011928271
0.0014848449
-8.6516638e-10
0.00081680766
0
0.0015569061
0.0012955893
0
0.0017672687
0.0019800432
-0.0022458551
-0.00038231688
0.0034071373
-0.00018510382
0.0026089843
0
0.0028444289
0.0031592657
0
0.0039330704
-0.0013263234
-0.0005370929
0.0028534384
-0.00034720152
0.0021733564
0
0.0019126574
0.0026666755
0
0.0033273021
0.0028719197
0.0041046864
-0.0028473771
-0.00016150869
0.00199959
0.0038558314
-0.001988723
-0.00079577294
0.0031022299
-0.0019041132
-0.0032691097
-0.00035194932
-0.0027127915
0.00028410141
0.0031328904
0.0046386948
-0.0031153619
-0.0001123799
0.0023342284
0.0043834862
-0.0023266655
-0.00054812719
0.003687886
-0.0022370383
-0.0038755472
-0.00025391544
-0.0029845155
0.00018350591
0.001217178
0.00345528
-0.0012137921
-0.0013751188
0.00054690229
0.0029336272
-0.00054650113
-0.001882174
0.0024075349
-0.0005274469
-0.0028082647
-0.0014644428
-0.0011672238
-0.00094101709
0.0016001711
0.0039571328
-0.0015982529
-0.00095068351
0.00095541654
0.0033832774
-0.00095590483
-0.0013078303
0.0028872954
-0.00092487804
-0.0033530486
-0.0010297164
-0.00154182
-0.00066261261
0.0021364092
-0.0010782744
-0.0023259982
-0.00049954248
0.0018569642
-0.00048979128
-0.001031642
0.0013037413
-0.00043370719
-0.0014685932
-0.00059942345
-0.00094834441
-0.0015634918
-6.6134426e-05
0.002713652
-0.0014309302
-0.0029567048
-0.00036737931
0.0023585508
-0.00086208212
-0.00073933673
0.0018177425
-0.00076735858
-0.002065397
-0.00044649245
-0.0012660666
-0.0022218948
-7.4500318e-05
0.0024156841
-0.0024756716
0.00071712982
-0.0017486513
9.0068398e-05
-0.0015268749
-0.0015872467
0.00051546074
-0.002146071
0.0011240365
0.0030786692
-0.0027436283
0.00047365515
-0.0020664796
4.1474081e-05
-0.0018172376
-0.0022847013
0.00032902526
-0.002398199
0.00074978158
0.0033035782
0.0051243504
-0.0032896226
-5.9975471e-05
0.0025531016
0.0048560819
-0.0025474828
-0.00028547749
0.0042035787
-0.0024545506
-0.004411803
-0.00013862344
-0.0031597699
8.8041321e-05
0.0033882979
0.0055925915
-0.0033757103
0
0.0026620107
0.0053023229
-0.0026572195
0
0.0046807985
-0.002562537
-0.0049141045
0
-0.0032458575
0
0.0018531578
0.0043995078
-0.0018524585
-0.00049480876
0.0012291509
0.0037748275
-0.0012306519
-0.00068164897
0.0033049937
-0.0011925158
-0.0038298402
-0.00054300603
-0.001790153
-0.00035117954
0.0019798895
0.004807438
-0.0019798134
0
0.0013674599
0.004127905
-0.001369576
0
0.003680057
-0.0013281256
-0.0042645133
0
-0.0019147077
0
0.0032144302
-0.0016657771
-0.0035032974
-0.00020288798
0.0027938291
-0.0011141952
-0.00039705617
0.0022605873
-0.0009951885
-0.0025776093
-0.00024847715
-0.0014791893
-0.002784221
-5.4476461e-05
0.0036640676
-0.0017838183
-0.0039978451
0
0.0031812599
-0.0012423741
0
0.0026489334
-0.0011115919
-0.0030281928
0
-0.0015866576
-0.0032798299
0
0.0036517786
-0.0029153899
0.00023407136
-0.002274398
9.8026648e-06
-0.0020080393
-0.0028770344
0.00015547987
-0.0025596518
0.00037410484
0.0041730043
-0.0029992856
0
-0.002377575
0
-0.0021027623
-0.0033991628
0
-0.0026381804
0
1.5063116e-10
0.0023155894
-1.9053804e-11
-0.0023155901
-0.00041772007
0.0016164487
0.00041850685
-0.0026849236
0.0013506123
0.00040594395
-0.0019178035
-0.0023075411
-9.4880187e-11
-0.0019178037
0.00041772049
0.0026849228
-0.00041850722
-0.0016164487
-4.9103873e-10
0.0018804826
7.4479534e-11
-0.0018804831
0.0016276228
-8.8377625e-10
-0.0023075405
-0.0016276225
-0.000405944
-0.0013506119
-0.00070167837
0.00084388078
0.00070349146
-0.0030040726
-0.00084640418
0
0.00084889377
-0.0032865134
0
0.00082528316
-0.0007113518
-0.0029450942
0.00068337834
-0.0026456196
-0.00028735365
0.0009828404
0.00028841897
-0.0021074957
-0.0004348922
0
0.00043668942
-0.0023054702
0
0.00042551908
-0.00085685623
-0.0020770677
0.00028078043
-0.0018672145
0.00056918919
0.00064095059
-0.0010680011
-0.0022525898
0
0.00077504944
-0.0025618375
0
0.00069760896
-0.00042209748
-0.0021493947
0.0005757869
-0.00077848582
-0.0018390345
0.00071905792
0.00026426399
-0.0013536973
-0.001601434
0
0.00040110637
-0.0018183668
0
0.00036313167
-0.00057400823
-0.0015374118
0.00023867819
-0.0010683194
-0.0013191376
0.0014982995
-4.8523829e-10
-0.0014982995
0.00037984496
-0.0019021542
0.00034002114
-0.0010726133
-0.0014837902
-8.3806097e-10
-0.0010726123
0.0019021549
-0.00037984623
-0.0010680014
-3.8088349e-10
-0.0013536971
-7.3932292e-10
-0.0014837906
-0.0010683186
-0.00034002146
-0.00077848526
0.00070167842
0.0030040727
-0.00070349097
-0.00084388129
0.0002873544
0.0021074954
-0.00028841942
-0.00098284082
0.001867215
-0.00028078075
-0.00264562
-0.00085685612
-0.00068337796
-0.00071135126
0.00084640434
0.0032865133
-0.00084889387
0
0.00043489248
0.0023054701
-0.00043669007
0
0.0020770682
-0.00042551968
-0.0029450947
0
-0.00082528291
0
2.5580421e-10
0.0011018052
8.5825468e-11
-0.0011018059
-0.00014831135
0
0.00014906519
-0.0012044188
0
0.00014553785
-0.0009823161
-0.0010912242
2.7306629e-10
-0.0009823158
0.00014831138
0.0012044187
-0.00014906592
0
4.8365969e-10
0
-5.2939262e-10
0
0
-3.002199e-10
-0.0010912244
0
-0.00014553794
0
0.0008488006
-2.1422827e-10
-0.0016014333
-0.00084880075
0
0.00013763683
-0.00096166524
0
0.00012525938
-0.00070551128
-0.00081952306
3.636076e-10
-0.0013191387
-0.00070551077
0.00096166525
-0.00013763712
-0.0018183668
0
0
-2.8977739e-10
0
0
4.9148733e-10
-0.00081952384
0
-0.00012525935
-0.0015374124
0
0.0022525894
-0.00064095036
-0.00056918923
-0.00026426472
-0.00071905706
-0.00023867873
-0.0018390354
-0.00057400783
-0.00057578691
-0.00042209684
0.0025618368
-0.00077504909
0
-0.00040110672
0
-0.00036313159
-0.0021493953
0
-0.00069760786
0
0.0006565858
-2.7212601e-10
-0.00076918253
-0.0006565862
0.00049253583
0.00028584168
-0.0010699688
0.00021852973
0.0002148204
-0.00026179788
-0.0006783156
-4.6336829e-10
-0.00026817916
-0.00026179784
0.0010699695
-0.00028584288
-0.0012881984
-0.0004925359
0.00078302723
-2.9690814e-11
-0.00078302725
0.00051013306
-3.8246044e-10
-0.00067831566
-0.00051013266
-0.00021482065
-0.00079260586
-0.00021852986
0.00027521609
0.00048678168
-0.0014229163
0
0.00059159218
-0.0017248259
0
0.00045287232
-0.00013292065
-0.0013103329
0.0003703439
-0.0010259647
0.00042730768
0.00020354326
-0.0010320619
0
0.00031087621
-0.0012452628
0
0.0002422119
-0.00028511088
-0.00095655771
0.00015749149
-0.00075489073
-3.7233752e-06
0.00021441219
4.3943643e-05
-0.00067381287
0
0.00026947721
-0.0009368778
0
0
0.00015164711
-0.00065928665
0
0.00031297814
-0.0003860712
0.00015249844
9.3954291e-05
-0.00025749591
-0.00050527821
0
0.00014975984
-0.00069192729
0
0
-1.963193e-05
-0.00048989488
0
-1.6808679e-05
-0.00029494016
-0.00011138708
1.6986009e-10
0.00019747164
0.00011138647
0.00012136089
-0.00032052862
0
0.00047883281
8.2786499e-06
0
0.00064289595
0.00047883249
0.00032052816
-0.0001213611
-0.00034654396
4.394272e-05
-2.9956365e-10
-0.00025749645
0
8.2791289e-06
-1.6809458e-05
0
5.277345e-05
0.00031297707
0.0014229171
-0.00048678171
-0.001729241
-0.0002752172
0.0010320613
-0.00020354274
-0.00042730748
0.00075489098
-0.00015749069
-0.0010259653
-0.00028511038
-0.0003703442
-0.0012280123
-0.00013292041
0.0017248263
-0.00059159181
-0.0021060596
0
0.0012452635
-0.00031087625
0
0.0009565586
-0.00024221108
-0.0013103342
0
-0.00045287144
-0.0015819749
0
0.00055809269
-2.6898933e-10
-0.00055809262
0
0.00010818531
-0.00067009604
0
8.5701927e-05
-0.00041365221
-0.00052042211
3.2401922e-10
-0.00041365255
0.00067009569
-0.00010818414
0
0
1.3944881e-10
0
0
5.5155142e-10
-0.00052042253
0
-8.5700608e-05
0
0.00028164677
5.9750006e-10
-0.00050527796
-0.00028164729
0
5.5957622e-05
-0.00038053622
0
0
-0.00016510538
-0.00026883189
0
-0.00029493925
-0.00016510569
0.00038053579
-5.595676e-05
-0.00069192693
0
0
1.298713e-10
0
0
0
-0.00026883176
0
0
-0.00048989421
0
0.00067381225
-0.00021441159
-0.00078952477
3.722626e-06
-9.3954006e-05
-0.00015249884
0
-0.00038607085
-1.9631866e-05
0
-0.00043915177
0.00015164641
0.00093687721
-0.00026947689
-0.0011165491
0
-0.00014975965
0
0
-0.00065928572
0
0
-0.00077711621
0
0.00081973485
-0.0017326085
0.0015002709
0.00084686912
-0.0012423165
0.00091610379
0.00019517846
-0.0008951668
-0.00013184169
0.0012956351
-0.0012387395
0.0018543734
0.0015310733
-0.0019530077
0.0010084596
0.0015172843
-0.0014906257
0.00060328085
0.00087329738
-0.0010839903
-0.00084992798
0.00086563028
-0.0014085295
0.0012539808
0.0008317679
-0.00077797636
0.0003481456
-0.00035880461
-0.00018135249
-0.00026334064
-0.00024361442
0.00021653662
-0.00056547873
0.00074214681
0.0014371977
-0.0010466105
0.00020877609
-0.00063960422
-0.00016010753
-0.00047459418
-0.00085619924
0.00011511996
-0.00076826118
0.00048089564
-0.00029379967
-0.00030734428
0.00039088156
0.0011296286
-0.00014454598
0.00060168497
0
0.00079647805
0.0009974612
0
0.00092912138
0.0015400556
0.00034076086
-0.00042210765
-0.00030963291
0.00075234711
-0.00026395409
0.00038526178
0
0.00011115072
0.00067512984
0
0.00017593275
0.0010531659
-0.0004782
-0.00066272554
0.0022103268
-0.0004824606
0.0016733317
0
0.0010298332
0.0020835031
0
0.002605698
0.00026096543
-0.00075951715
0.001503686
-0.00058961077
0.0011302848
0
0.00023858393
0.0014312412
0
0.0017941285
0.0021253669
-0.0020953723
0.00050622599
0.0020806421
-0.001655613
0.00029557938
0.0014306432
-0.0012135146
-0.001437475
0.00043036372
-0.0015218777
0.00063204727
0.0026294483
-0.0021645683
0
0.0025600304
-0.0017377651
0
0.0018788776
-0.0012787609
-0.0019075181
0
-0.0015774877
0
0.0019489216
-0.001229094
9.0401272e-05
-0.00083391083
-0.00010170455
-0.00062525804
-0.0013621833
4.0638194e-05
-0.00091035612
0.00023061769
0.0023854078
-0.0013216337
0
-0.00093394817
0
-0.00070402253
-0.0017712624
0
-0.00098340082
0
0.00085535638
-0.00050779486
-0.00087562012
0.00037004959
-0.00035442197
0.00018025733
0
-0.00045754804
0.00033910415
0
-0.00044660476
0.00053442774
0.0012326296
-0.00055788471
-0.0012880961
0
-0.00040768479
0
0
-0.00084569685
0
0
-0.00086915382
0
0.0008562349
-0.00082880574
0.00075888158
-0.00066816104
0.00056554594
0
-0.00041308987
0.00072956528
0
0.00091671724
0.0012876805
-0.00086834892
0
-0.00071363047
0
0
-0.00085321901
0
0
0
0
0.0068539599
7.3345576e-11
-0.015701347
-0.0068539599
0
0.0054634591
0.00020482133
-0.0086292059
0.0051575603
0.0004096881
-0.0065210912
-0.0082573342
2.9908644e-10
-0.014841602
-0.006521091
0
0.0086292065
-0.00020482127
-0.0098148862
-0.0054634589
0
0.0065221191
3.1953468e-10
-0.0065221188
0.0062260546
3.6465308e-10
-0.0082573347
-0.0062260542
-0.00040968778
-0.0094159994
-0.0051575598
0
0.0043983702
0.00035067584
-0.0081405155
0
0.0035049918
0.00046505471
-0.0079599311
0.0032781126
0.00090121812
-0.0041310027
-0.0077068241
0.00068590747
-0.0078394505
0
0.0052607604
0.00016230092
-0.0070414577
0
0.0041721233
0.00029058509
-0.0071618791
0.0039577658
0.00056053312
-0.0050037727
-0.0069307652
0.00031536741
-0.0067702351
0.0038147925
0.001005921
-0.0047778705
-0.0074509179
0.0030152895
0.0013073634
-0.0073937183
0.0027016518
0.0016772592
-0.0034293445
-0.0069950008
0.0013047321
-0.0042990233
-0.006947976
0.0047004384
0.00045917433
-0.0058573205
-0.0064378427
0.0037109376
0.00080916472
-0.0066528491
0.0034163213
0.0010330523
-0.0043299109
-0.0063052989
0.00059138536
-0.0053902835
-0.0060198144
0.0060476252
1.1086479e-11
-0.013498971
-0.0060476244
0.0006110115
-0.0077415865
0.00080333206
-0.0054265601
-0.0070666699
1.9104583e-10
-0.011804916
-0.0054265605
0.007741587
-0.00061101125
-0.0088100178
-0.0047778701
1.1662981e-09
-0.0058573208
7.545069e-10
-0.0070666693
-0.0053902837
-0.00080333174
-0.0080018861
-0.0042990232
0
0.0081405158
-0.00035067607
-0.0088549287
-0.0043983699
0
0.0070414575
-0.0001623004
-0.0052607602
0.0067702358
-0.00031536693
-0.0078394501
-0.0050037734
-0.00068590692
-0.0085307767
-0.0041310023
0
0.0079599304
-0.00046505409
-0.0083882548
-0.0035049914
0
0.0071618787
-0.00029058487
-0.0041721237
0.0069307653
-0.00056053278
-0.0077068247
-0.003957766
-0.00090121769
-0.0081235506
-0.0032781128
0
0.0058250364
-3.1761163e-10
-0.0058250362
0
0.0046788653
0.00013427769
-0.0061499858
0.0044847911
0.00025788273
-0.0055914018
-0.0059477596
8.2505943e-10
-0.0055914022
0
0.0061499854
-0.00013427712
-0.0046788658
0
0.005026041
-7.1259335e-12
-0.0050260413
0.0048584796
2.7901007e-10
-0.0059477595
-0.0048584799
-0.00025788277
-0.0044847908
0.0053169016
2.7854388e-10
-0.006437842
-0.0053169017
0.004262141
0.00037045137
-0.0057106572
0.0039954968
0.00047062502
-0.004981296
-0.0054196734
1.0677921e-10
-0.0060198137
-0.0049812965
0.0057106573
-0.00037045108
-0.0066528493
-0.0042621413
0.004665936
6.9316336e-10
-0.0046659364
0.0044332829
2.8009388e-10
-0.0054196731
-0.0044332828
-0.00047062443
-0.0063052998
-0.0039954965
0.0074509186
-0.0010059212
-0.0080939827
-0.0038147918
-0.00045917316
-0.004700438
-0.00059138478
-0.0069479753
-0.0043299105
-0.0013047314
-0.0075188434
-0.0034293449
0.0073937189
-0.0013073632
-0.0077870756
-0.0030152896
-0.00080916309
-0.0037109381
-0.0010330517
-0.0069950005
-0.0034163212
-0.0016772589
-0.0073527985
-0.0027016513
0
0.0026408829
0.00055291893
-0.0078723426
0
0.0017722471
0.00061758129
-0.007843428
0.0016492947
0.0011863718
-0.0024624998
-0.0076874846
0.001065859
-0.0076671906
0
0.0031367806
0.00039080387
-0.0072278037
0
0.0021031711
0.0004656931
-0.0072755117
0.0019895083
0.00089128693
-0.0029701469
-0.0071324398
0.00075046539
-0.0070392332
0
0.00089083034
0.00066077162
-0.0078453704
0
0
0.00068282285
-0.0078638578
0
0.001306687
-0.00082827949
-0.0078144626
0.0012662946
-0.0077412176
0
0.0010570985
0.00051645166
-0.0073157494
0
0
0.00054269571
-0.007349455
0
0.0010339923
-0.00099994788
-0.0073058113
0.00098579399
-0.0072209995
0.00075725245
0.0018111865
-0.0015090022
-0.0075994502
0
0.0018662069
-0.0077292143
0
0.0023536499
-0.00067479833
-0.0075897445
0.0022876484
-0.0013452882
-0.0074010761
0.00093613402
0.0014054486
-0.0018615795
-0.0070936594
0
0.00147183
-0.007230918
0
0.0018517154
-0.00086206833
-0.0071075615
0.001770768
-0.0017124037
-0.0069160601
0.0022577671
0.001535604
-0.0074155161
0.0017016535
-0.0074912397
0.002155753
-0.0020167484
-0.0072341891
0.001955036
-0.0070945657
0.002780838
0.0010771518
-0.0068121029
0.001274216
-0.0069549103
0.0016098294
-0.0025581078
-0.0067240985
0.0013666268
-0.0065258271
0
0.0035383024
0.00024179038
-0.0063290312
0
0.0023800213
0.00032362905
-0.0064408596
0.0022788492
0.0006169114
-0.0033886195
-0.0063159519
0.00046250383
-0.006163775
0
0.0038377232
0.00011046306
-0.0052511765
0
0.0025953447
0.00019617439
-0.0053946556
0.0025093297
0.00037229851
-0.0037092527
-0.005292153
0.00021045146
-0.0051145365
0
0.001198384
0.00037990436
-0.0065140165
0
0
0.0004093233
-0.0065603943
0
0.00077590646
-0.0011481371
-0.0065242574
0.00072189028
-0.0064322734
0
0.0013105432
0.00025596061
-0.0054851755
0
0
0.00028753603
-0.0055373871
0
0.00054170666
-0.0012684398
-0.0055099882
0.00048382014
-0.005419243
0.0010926889
0.0010255023
-0.002165942
-0.0063240183
0
0.0011002577
-0.0064625804
0
0.0013803758
-0.0010279357
-0.0063597439
0.0012884873
-0.0020336264
-0.0061733543
0.0012222353
0.00068451731
-0.002413517
-0.0053334338
0
0.00076476589
-0.0054634043
0
0.00095642261
-0.0011674468
-0.0053839538
0.0008574293
-0.0022997652
-0.0052139479
0.0032195021
0.00066128768
-0.0059682479
0.00087886223
-0.006163301
0.0011070828
-0.0030196714
-0.005966274
0.00083601447
-0.0057247285
0.0035639707
0.00029975175
-0.0049555829
0.00052838819
-0.0051689369
0.00066354895
-0.0033903475
-0.0050108525
0.00037763491
-0.0047596763
0.0017314875
0.0023129711
-0.0023256367
-0.0066874306
0.0011533068
0.0025381212
-0.0068991938
0.00093079581
0.0028363263
-0.0013981704
-0.0064741711
0.0025949625
-0.0018813508
-0.0061842188
0.0022933639
0.0016122004
-0.0030622027
-0.0061641654
0.0015363895
0.0018914805
-0.0064238705
0.0013303139
0.0021112215
-0.0019818163
-0.0060424097
0.0018053355
-0.0026424394
-0.0057167308
0.00057858891
0.002685793
-0.0071289149
0
0.0027595247
-0.0073782498
0
0.0030735246
-0.00046752204
-0.0070797025
0.0029946053
-0.0067695327
0.00077493722
0.0020753835
-0.0066720781
0
0.0021675052
-0.0069191024
0
0.0024122177
-0.0006730677
-0.0066513474
0.0023119579
-0.0063488609
0.00034219208
0.0032034244
-0.00067908936
-0.0063149569
0
0.0032858037
-0.0066838148
0
-0.00020501905
-0.006186763
-0.00040342394
-0.0057641628
0.00055628831
0.0024732276
-0.001094112
-0.0059384029
0
0.0025789895
-0.0062942982
0
-0.00042608423
-0.0058437004
-0.00083118365
-0.0054389374
0.0010187644
0.0027855964
-0.0013708276
-0.0055818259
0.003037937
-0.005953291
-0.00060178566
-0.0053380439
-0.00080568409
-0.004884225
0.001623681
0.0019369892
-0.0021576391
-0.0051795215
0.0022610274
-0.0055735278
-0.0012246713
-0.005017758
-0.0016160527
-0.0045554446
0.0027799806
0.00098329193
-0.0036728108
-0.0054186127
0.0018757128
0.001297862
-0.005710382
0.0016881674
0.0014466403
-0.0024946764
-0.005384679
0.0010988169
-0.0032870567
-0.0050398755
0.0031788456
0.00044287093
-0.0041482377
-0.0045144566
0.0021614529
0.00077607344
-0.0048055137
0.001993905
0.00086373852
-0.0029228888
-0.0045433603
0.00049389174
-0.0038027527
-0.0042110324
0.0009506859
0.0015071879
-0.0059657518
0
0.0016127229
-0.0062007636
0
0.0017929595
-0.00085880006
-0.0059727839
0.0016771369
-0.0056894425
0.0011006045
0.0010007907
-0.0050482649
0
0.001114989
-0.0052587255
0
0.0012380508
-0.0010192138
-0.005076632
0.0011121987
-0.0048261593
0.00075147177
0.0017937763
-0.0014697285
-0.0053367856
0
0.0019166453
-0.0056665122
0
-0.00062940633
-0.0052775383
-0.001222253
-0.004905472
0.00092196988
0.0011890859
-0.0017948939
-0.0045407487
0
0.0013230009
-0.0048294924
0
-0.00080893922
-0.0045130579
-0.0015650153
-0.0041894606
0.0021623491
0.0011780627
-0.002837083
-0.0045840334
0.001548739
-0.004983006
-0.0017864171
-0.0045050264
-0.0023281181
-0.0040528593
0.0026196839
0.00052904454
-0.0033939125
-0.0038449575
0.00092420486
-0.0042186824
-0.0022707508
-0.0038305029
-0.0029244871
-0.0034169809
0.0046744014
-4.2851302e-10
-0.0098297934
-0.0046744014
0.0037137923
0.00098350918
-0.0062422696
0.0030195884
0.0011490112
-0.0038028111
-0.00528409
6.6618641e-10
-0.0076242554
-0.0038028129
0.0062422695
-0.00098350902
-0.0070227011
-0.0037137924
0.0048157123
1.0429163e-09
-0.0048157127
0.0041339643
7.5373637e-10
-0.0052840887
-0.0041339652
-0.001149011
-0.0059018098
-0.0030195899
0.0029608977
0.0015740055
-0.0063233566
0.0019999842
-0.0064958296
0.0022596415
-0.0024020856
-0.0058912947
0.0018015437
-0.0055816375
0.0038786815
0.00070825562
-0.0055031961
0.0012262253
-0.0058725238
0.0013804674
-0.003341072
-0.005346904
0.00080444549
-0.0048849352
0.0017520283
0.0019623492
-0.0022067275
-0.0047304666
0.0024358386
-0.0051825085
-0.0010244227
-0.0043752798
-0.0012722803
-0.003776179
0.0027180166
0.00087197067
-0.0033480724
-0.0041679359
0.0014859293
-0.0047275931
-0.0020189253
-0.0040199476
-0.0024637634
-0.003359941
0.0028121715
2.645692e-10
-0.0052278777
-0.0028121725
0.001290627
-0.004205255
-0.0016511023
-0.0030130437
-0.0027018124
-0.0016511031
0.0042052536
-0.0012906265
-0.0046690822
-0.0022067285
2.1791963e-10
-0.0033480733
-0.0030130427
-0.0024637651
-0.0033294271
-0.0012722814
0.0063233563
-0.001574005
-0.0068069779
-0.0029608971
0.005503196
-0.00070825552
-0.0038786817
0.0048849341
-0.00080444443
-0.0055816369
-0.0033410735
-0.0018015435
-0.0059716014
-0.0024020867
0.0064958298
-0.0019999837
-0.0068083655
-0.0023256366
0.0058725228
-0.0012262237
-0.0030622027
0.0053469042
-0.0013804671
-0.0058912945
-0.0026424398
-0.0022596412
-0.0061523727
-0.001881351
0.0045705142
1.0398848e-10
-0.0045705142
0.00055608969
-0.0050602851
0.00062377875
-0.0040777694
-0.0046238804
2.6159594e-10
-0.0040777707
0.0050602844
-0.0005560893
-0.003672811
3.974758e-11
-0.0041482382
1.6610868e-10
-0.0046238803
-0.003802753
-0.00062377836
-0.0032870578
0.0035030219
3.7853329e-10
-0.0041679349
-0.003503023
0.000670261
-0.0041081364
-0.0028530014
-0.0035172455
-0.0033599407
-0.0028530018
0.0041081355
-0.00067026031
-0.0047275933
-0.0028370832
7.4999e-12
-0.0033939133
-0.0035172455
-0.0029244871
-0.0040199465
-0.0023281189
0.0047304662
-0.0019623491
-0.0050243593
-0.0017520297
-0.00087196913
-0.0027180173
-0.0037761776
-0.0020189264
-0.0039665502
-0.0010244238
0.0051825079
-0.0024358383
-0.005387512
-0.0013708286
-0.0014859294
-0.0021576403
-0.0043752791
-0.0016160536
-0.0045195915
-0.00080568508
0
0.007872342
-0.00055291873
-0.0081835318
-0.0026408829
0
0.0072278024
-0.00039080341
-0.0031367807
0.0070392324
-0.00075046448
-0.0076671901
-0.0029701472
-0.0010658582
-0.0079698628
-0.0024625006
0
0.0078434274
-0.00061758049
-0.0080944826
-0.0017722473
0
0.0072755112
-0.00046569262
-0.0021031718
0.0071324397
-0.0008912865
-0.007687484
-0.001989509
-0.0011863707
-0.0079318994
-0.001649295
0
0.0063290301
-0.00024179041
-0.003538303
0
0.0052511759
-0.00011046304
-0.0038377241
0.0051145359
-0.00021045154
-0.0061637745
-0.0037092528
-0.00046250312
-0.0033886203
0
0.0064408592
-0.00032362894
-0.0023800221
0
0.0053946553
-0.00019617468
-0.0025953455
0.005292153
-0.00037229902
-0.0063159517
-0.0025093297
-0.00061691161
-0.0022788496
0.005968248
-0.00066128692
-0.0068121034
-0.0032195022
0.0049555826
-0.00029975173
-0.0035639707
0.0047596759
-0.00037763418
-0.0057247286
-0.0033903476
-0.00083601389
-0.0065258265
-0.0030196717
0.0061633005
-0.00087886184
-0.0069549103
-0.0021659422
0.0051689361
-0.00052838802
-0.0024135173
0.0050108525
-0.00066354911
-0.0059662743
-0.0022997647
-0.001107082
-0.0067240994
-0.0020336264
0.0074155159
-0.0015356035
-0.007703294
-0.0022577662
-0.0010771518
-0.0027808383
-0.0013666258
-0.007094566
-0.0025581076
-0.0019550359
-0.0073600367
-0.0020167482
0.0074912406
-0.0017016532
-0.0077247226
-0.0015090017
-0.0012742144
-0.0018615801
-0.001609828
-0.0072341897
-0.0017124037
-0.002155753
-0.0074515502
-0.0013452878
0
0.0078453706
-0.00066077109
-0.0080660162
-0.00089083052
0
0.0073157495
-0.00051645191
-0.0010570988
0.0072209993
-0.0009857935
-0.0077412179
-0.00099994879
-0.001266294
-0.0079567099
-0.00082828023
0
0.0078638591
-0.00068282319
-0.0080718664
0
0
0.0073494557
-0.00054269533
0
0.0073058109
-0.0010339924
-0.0078144626
0
-0.0013066871
-0.008018879
0
0
0.0065140163
-0.00037990399
-0.001198385
0
0.0054851751
-0.00025596092
-0.0013105433
0.0054192437
-0.00048382111
-0.0064322728
-0.0012684405
-0.00072188974
-0.0011481373
0
0.0065603935
-0.00040932281
0
0
0.0055373865
-0.00028753629
0
0.0055099878
-0.00054170748
-0.0065242571
0
-0.00077590631
0
0.0063240189
-0.0010255019
-0.00709366
-0.001092689
0.0053334336
-0.00068451778
-0.0012222354
0.0052139481
-0.00085742935
-0.0061733548
-0.0011674464
-0.0012884872
-0.0069160599
-0.001027936
0.0064625808
-0.0011002582
-0.0072309179
0
0.0054634046
-0.00076476658
0
0.0053839548
-0.00095642273
-0.0063597451
0
-0.0013803758
-0.0071075635
0
0.0075994509
-0.0018111861
-0.0078063082
-0.00075725221
-0.0014054482
-0.00093613449
-0.001770767
-0.0074010769
-0.00086206799
-0.0022876482
-0.0075951042
-0.0006747984
0.0077292153
-0.0018662064
-0.0079269482
0
-0.0014718295
0
-0.0018517152
-0.0075897458
0
-0.0023536496
-0.007777101
0
0
0.0040472229
9.5801013e-11
-0.0040472235
0
0.002752475
8.7207693e-05
-0.0041871154
0.0026836974
0.00016466188
-0.0039432411
-0.0041100635
1.4786576e-10
-0.0039432418
0
0.0041871151
-8.7208429e-05
-0.002752475
0
0.0028606539
-2.9307836e-10
-0.0028606538
0.0028106808
-7.6726305e-10
-0.0041100633
-0.0028106806
-0.00016466235
-0.0026836982
0
0.0013941333
0.00014883287
-0.0042756667
0
0
0.0001816793
-0.0043249332
0
0.00033964271
-0.0013611355
-0.004306816
0.00027953653
-0.0042273848
0
0.0014526666
6.2284714e-05
-0.0029299642
0
0
9.5735425e-05
-0.0029680019
0
0.00017716427
-0.0014294853
-0.0029587596
0.00011604003
-0.0028999447
0.0013247922
0.00039365308
-0.0026064616
-0.0041658809
0
0.00047699795
-0.0042759673
0
0.00059438102
-0.0012803598
-0.0042209771
0.00049142994
-0.0025123461
-0.0040797384
0.0014034181
0.000162535
-0.0027530618
-0.0028627322
0
0.00024726737
-0.0029426523
0
0.00030686433
-0.0013695667
-0.0029110073
0.00020216176
-0.0026792331
-0.0028096988
0.0038243062
3.9313276e-10
-0.0038243067
0.0002327472
-0.0040191777
0.00029134981
-0.0036788466
-0.0039029546
5.0950885e-10
-0.0036788471
0.0040191775
-0.00023274803
-0.0026064625
-1.4972463e-10
-0.0027530626
-3.6215006e-10
-0.003902955
-0.0026792325
-0.00029135081
-0.0025123468
0
0.0042756662
-0.00014883267
-0.0013941334
0
0.0029299637
-6.228488e-05
-0.0014526664
0.0028999453
-0.00011604081
-0.0042273842
-0.0014294857
-0.00027953559
-0.0013611358
0
0.0043249324
-0.00018167929
0
0
0.0029680016
-9.5735614e-05
0
0.0029587589
-0.00017716463
-0.0043068156
0
-0.00033964285
0
0
0.0014904892
-5.8792287e-10
-0.0014904892
0
0
3.3634944e-05
-0.0015111477
0
6.141726e-05
-0.0014776222
-0.0015089197
3.283254e-10
-0.0014776224
0
0.0015111475
-3.3635071e-05
0
0
0
-1.8602282e-10
0
0
-4.3240742e-10
-0.0015089195
0
-6.1418062e-05
0
0.0014621276
-4.095802e-10
-0.0028627322
-0.0014621269
0
8.5123544e-05
-0.0015042309
0
0.00010518741
-0.0014390181
-0.001492053
4.3160059e-10
-0.0028096993
-0.0014390185
0.0015042306
-8.5123718e-05
-0.0029426518
0
0
-7.6237818e-10
0
0
-2.8335925e-10
-0.0014920535
0
-0.00010518795
-0.0029110078
0
0.0041658809
-0.00039365302
-0.0013247923
-0.00016253569
-0.001403419
-0.00020216308
-0.0040797378
-0.0013695666
-0.00049142921
-0.0012803603
0.0042759671
-0.0004769977
0
-0.00024726838
0
-0.00030686468
-0.0042209781
0
-0.00059438126
0
0.0034970894
-4.1448313e-10
-0.0045144564
-0.0034970886
0.0023944383
0.0003399472
-0.00375146
0.0022475794
0.00037776031
-0.0032718117
-0.0035569411
-3.8797392e-11
-0.0042110323
-0.0032718121
0.0037514599
-0.00033994686
-0.0048055139
-0.0023944386
0.0025820775
-5.3603749e-10
-0.0025820774
0.0024560472
-1.1049e-10
-0.0035569413
-0.0024560474
-0.000377761
-0.0045433604
-0.0022475789
0.0012241813
0.00057224502
-0.003958823
0
0.00069123235
-0.0041313955
0
0.00076640789
-0.0011534989
-0.0039983087
0.00063502941
-0.0037948631
0.0013241385
0.00023482207
-0.0027335443
0
0.00035590844
-0.0028563011
0
0.00039397379
-0.0012641722
-0.0027722019
0.00026018259
-0.0026283487
0.0010666171
0.00067855428
-0.0020687739
-0.0035821167
0
0.00081855985
-0.0038150272
0
-0.0009630945
-0.0035778078
-0.0018575971
-0.003318082
0.0011876587
0.00027782944
-0.0022975157
-0.0024899066
0
0.00042049231
-0.002653887
0
-0.0010937308
-0.0024984768
-0.0021051976
-0.0023161395
0.0029990951
-3.2689832e-10
-0.0038449574
-0.0029990949
0.00040394316
-0.0033145441
-0.0026789247
-0.0030229522
-0.0034169813
-0.0026789244
0.0033145431
-0.0004039428
-0.0042186816
-0.0020687747
-6.3128e-10
-0.0022975162
-0.0030229528
-0.0021051982
-0.003830503
-0.0018575964
0.0039588239
-0.00057224573
-0.0050482645
-0.0012241815
0.0027335438
-0.00023482182
-0.0013241386
0.002628349
-0.00026018344
-0.0037948623
-0.0012641724
-0.00063502848
-0.0048261593
-0.0011534993
0.0041313958
-0.00069123267
-0.0052587258
0
0.0028563014
-0.00035590885
0
0.0027722025
-0.00039397447
-0.0039983093
0
-0.00076640833
-0.0050766329
0
0.0014043973
-4.4313939e-10
-0.0014043969
0
0.00012166376
-0.0014683802
0
0.00013445159
-0.001355119
-0.0014298708
3.0150841e-10
-0.0013551194
0.0014683803
-0.00012166385
0
0
-1.0660757e-10
0
0
2.2696831e-10
-0.0014298711
0
-0.00013445182
0
0.0012888876
-4.9351944e-10
-0.0024899056
-0.0012888878
0
0.0001433899
-0.0013739377
0
-0.0012044535
-0.0012989447
-0.0023161395
-0.0012044537
0.0013739374
-0.00014339059
-0.0026538865
0
0
-9.3642564e-11
0
0
-0.0012989444
0
-0.0024984773
0
0.0035821168
-0.00067855525
-0.0045407484
-0.0010666164
-0.00027782929
-0.0011876591
-0.0033180823
-0.0010937303
-0.0041894611
-0.00096309448
0.003815027
-0.00081855956
-0.0048294921
0
-0.00042049305
0
-0.0035778082
0
-0.0045130579
0
0.0066874301
-0.0023129713
-0.0069236451
-0.0017314862
0.0061641655
-0.0016121998
-0.0022933642
0.0057167305
-0.0018053356
-0.0061842179
-0.0019818166
-0.0025949618
-0.006385408
-0.0013981704
0.0068991944
-0.0025381211
-0.0070950059
-0.0011533065
0.0064238704
-0.0018914798
-0.0015363883
0.0060424101
-0.0021112213
-0.0064741708
-0.0013303144
-0.002836326
-0.0066433412
-0.00093079514
0.0054186131
-0.0009832915
-0.002779981
-0.00044287017
-0.0031788455
-0.00049389197
-0.0050398744
-0.002922889
-0.0010988166
-0.0024946766
0.0057103822
-0.001297862
-0.0018757128
-0.00077607322
-0.002161453
-0.00086373813
-0.005384679
-0.0019939055
-0.0014466397
-0.0016881678
0.0045840333
-0.0011780625
-0.0051795205
-0.0021623501
-0.00052904452
-0.0026196849
-0.0040528593
-0.0022707514
-0.004555445
-0.0017864177
0.0049830058
-0.0015487385
-0.0055735276
-0.0014697295
-0.00092420448
-0.0017948943
-0.0045050265
-0.0015650159
-0.0050177581
-0.0012222535
0.0055818264
-0.0027855965
-0.0057432556
-0.0010187646
-0.001936988
-0.001623682
-0.0048842248
-0.0012246718
-0.0050017998
-0.00060178692
0.0059532911
-0.0030379367
-0.0060913551
-0.00067908984
-0.0022610275
-0.0010941123
-0.0053380442
-0.00083118468
-0.0054414532
-0.00040342425
0.0071289149
-0.0026857929
-0.0073054886
-0.00057858809
0.0066720792
-0.0020753824
-0.00077493722
0.0063488608
-0.0023119574
-0.0067695327
-0.00067306749
-0.0029946051
-0.0069239934
-0.00046752222
0.0073782512
-0.0027595245
-0.0075509644
0
0.0069191031
-0.0021675043
0
0.0066513479
-0.0024122172
-0.0070797025
0
-0.0030735245
-0.0072332248
0
0.0059657523
-0.0015071868
-0.00095068623
-0.0010007905
-0.0011006041
-0.0011121985
-0.0056894428
-0.001019214
-0.0016771367
-0.00085879988
0.0062007641
-0.001612723
0
-0.0011149886
0
-0.0012380512
-0.0059727843
0
-0.0017929593
0
0.0053367851
-0.0017937763
-0.0059384032
-0.00075147179
-0.0011890859
-0.00092197014
-0.0049054723
-0.00080893967
-0.005438938
-0.00062940628
0.0056665121
-0.0019166448
-0.0062942984
0
-0.0013230013
0
-0.0052775389
0
-0.0058437004
0
0.006314957
-0.0032034247
-0.0064430358
-0.00034219152
-0.0024732272
-0.00055628874
-0.0057641636
-0.00042608467
-0.0058624154
-0.00020501899
0.0066838152
-0.0032858032
-0.006813728
0
-0.0025789892
0
-0.0061867636
0
-0.0062892879
0
0
0
0.001406549
-0.0016008067
0
0.00019425762
0
0
0.0028140657
-0.0015451159
0.00013759927
0
0.0026570292
-0.0030987921
-0.0013249425
0.00022158958
0
-0.0032006551
0
0.00027490587
0
0.0014546998
-0.0015950677
0
0.00033462554
0
0.0028995156
-0.0015431242
0.00023590767
0.0027694414
-0.0030759467
-0.0013869397
0.00037191036
-0.0031725632
0
0.00046546167
0
0
0.0042147153
-0.0014415536
4.0903934e-05
0
0
0.0056183307
-0.001295539
-0.00010807641
0
0.0053131438
-0.0026200902
-0.0039840037
-4.5888709e-06
0
-0.0029023925
0.00013386447
0
0.0043213498
-0.0014457715
6.4841197e-05
0
0.0057173943
-0.0013080128
-0.00019610803
0.0054681544
-0.0026200176
-0.0041313238
-2.9414625e-05
-0.0028889749
0.00021518539
0
0.003632012
-0.0043688024
-0.0024209103
0.00025530811
0
0.0048429642
-0.0039503037
0.00011926126
0
0.0042552847
-0.0052971453
-0.0031941413
0.00028569826
0
-0.0058587538
-0.0021290173
0.00042482743
0.0038503675
-0.0043247364
-0.0025808032
0.00042150537
0.0050946526
-0.0039264466
0.00018140519
0.004610797
-0.0052262375
-0.0034882439
0.00046293602
-0.0057572715
-0.0023390578
0.00070817643
0
0.0012054703
-0.0048069657
0
0.00040084032
0
-0.0046579719
0.00034373983
0
-0.0062464106
-0.001058916
0.00051833734
0
-0.0064459414
0
0.00058005971
0.001291609
-0.0047411713
0
0.0006778394
-0.0045997949
0.00057839382
-0.0061235223
-0.0011701882
0.0008731951
-0.0063115589
0
0.00098025912
0
0.0015009398
-0.0015776413
0
0.00041132702
0
0.0029781021
-0.0015313828
0.00029012815
0.0028616023
-0.0030307319
-0.001440331
0.00044998804
-0.003118122
0
0.00056561145
0
0.0015361265
-0.0015492824
0
0.00042448289
0
0.003034692
-0.0015093648
0.00030092743
0.0029325114
-0.0029687678
-0.0014831484
0.00046002805
-0.0030452883
0
0.00057846896
0
0.004407704
-0.0014437108
7.8950119e-05
0
0.0057677866
-0.0013189188
-0.00023727192
0.0055491756
-0.0026147326
-0.0042387289
-4.4047436e-05
-0.0028604075
0.00025475551
0
0.0044603611
-0.0014326055
8.5886587e-05
0
0.0057744526
-0.0013223422
-0.00022902125
0.0055861394
-0.002600021
-0.0043130002
-3.950786e-05
-0.0028182471
0.00025990831
0.0040101135
-0.0042440207
-0.0027076747
0.00050267974
0.0052486362
-0.0038805835
0.00020873339
0.0048579316
-0.005103608
-0.0037143645
0.0005423934
-0.0055833136
-0.0025092976
0.00084240248
0.0041247607
-0.0041434527
-0.0028052716
0.00050839624
0.0053417792
-0.003821105
0.00021279898
0.0050259729
-0.0049630343
-0.0038823266
0.00054067638
-0.0053842248
-0.0026415595
0.00084240758
0.0013628951
-0.0046229693
0
0.00081979156
-0.0044946748
0.00069755723
-0.0059137062
-0.0012631469
0.0010460758
-0.0060826822
0
0.0011768251
0.0014194616
-0.0044779161
0
0.00083295775
-0.0043651118
0.00070809128
-0.0056736483
-0.0013370182
0.001050071
-0.0058209808
0
0.0011828715
0
0
0.0070713388
-0.0011105534
-0.00034245476
0
0
0.0087072392
-0.00088875506
-0.00074714528
0
0.0082323093
-0.0018233597
-0.0066872925
-0.0006104122
0
-0.002258974
-0.00022572814
0
0.0071022341
-0.0011337804
-0.00059351419
0
0.0085095532
-0.0009269245
-0.0012275398
0.0081397514
-0.0018673235
-0.0067933337
-0.0010164309
-0.0022770074
-0.00040768047
0
0
0.010906048
-0.00062938372
-0.0015694249
0
0
-0.00032428427
-0.0044710146
0
-0.00069216414
-0.010307626
-0.0041660967
0
-0.0013108695
-0.0013938307
0
0.0099853645
-0.0006919949
-0.0023532413
0
-0.0004413451
-0.0038591912
-0.00089021562
-0.0095557737
-0.0035774519
-0.0013980657
-0.0021037822
0
0.0093688318
-0.0019936742
-0.0074907178
-0.0011953092
0
-0.0010569584
-0.0037653452
0
-0.0014148698
-0.0081852882
-0.0032617169
0
-0.0026709461
-0.006557097
-0.00095091928
0.0088940113
-0.0021018946
-0.0075746034
-0.0018108882
-0.0013366671
-0.0032349002
-0.0017683163
-0.0080233784
-0.0028085754
-0.0027898451
-0.0068354449
-0.0014509023
0
0.0060912119
-0.0034125897
-9.46319e-05
0
-0.0027620436
-0.00046082207
0
-0.0037017765
-0.0053432639
-0.00027410024
0
-0.0045751288
7.4559889e-05
0.006325503
-0.0034162061
-0.00018628356
-0.0028048497
-0.0007723963
-0.0037286954
-0.0057165697
-0.00046912963
-0.0045451581
9.7739166e-05
0
0.0070316912
-0.0011612567
-0.00069616204
0
0.0081414556
-0.00097603897
-0.0013612652
0.0078379221
-0.0019337729
-0.0067671115
-0.0011295075
-0.0023023926
-0.0004844805
0
0.0069252688
-0.001182656
-0.00066432214
0
0.0078209898
-0.0010190482
-0.001237938
0.0075712858
-0.001997311
-0.0067017524
-0.0010207781
-0.0023226348
-0.00046011479
0
0.0088194977
-0.00077102968
-0.0022602537
0
-0.00055805893
-0.0033365633
-0.0010980862
-0.008496632
-0.0030715693
-0.0015240186
-0.0020095032
0
0.0083437032
-0.00083879927
-0.0019441679
0
-0.00065082203
-0.0027302928
-0.0012668874
-0.0080794607
-0.0024995939
-0.0016391309
-0.0017173465
0.008048225
-0.0022561211
-0.0074134096
-0.0017136011
-0.0016196878
-0.0027590563
-0.0021127757
-0.0074553563
-0.0023789746
-0.0029542581
-0.0068554064
-0.0013527152
0.0077370766
-0.0023968762
-0.0072444891
-0.0014484433
-0.0018459803
-0.0022299623
-0.0023784214
-0.0072921023
-0.0019072297
-0.0030985314
-0.0068193744
-0.001123788
0.0063993445
-0.0034167212
-0.00022266324
-0.0028677769
-0.00085245732
-0.0037639506
-0.005918739
-0.00050962326
-0.004490406
0.00011061649
0.0064092772
-0.0034103671
-0.00020242906
-0.0029280048
-0.00075697544
-0.0037940033
-0.0060298781
-0.00043312105
-0.0044256561
0.00012200037
0
0.0044796897
-0.0057824291
-0.0035778091
0.00030541975
0
0.0054769995
-0.0046664704
-3.2615879e-05
0
0.0042850015
-0.0057329405
-0.0035268345
0.00030830311
0
-0.0071383002
-0.0028296136
0.00065865016
0.0049954273
-0.0056759202
-0.0040392588
0.00048001335
0.0059570926
-0.0046447907
-7.8185866e-05
0.0049716742
-0.005573394
-0.0041881623
0.00045339442
-0.0068369141
-0.0033998582
0.0010313401
0
0.0068125308
-0.0033556436
-0.00065083383
0
-0.0017701631
-0.0026619693
0
-0.0021416589
-0.005291701
-0.0019610586
0
-0.0040946283
-0.00026771482
0.006983188
-0.0034624666
-0.0010043079
-0.0021824201
-0.0022873787
-0.0025796288
-0.0058091455
-0.0016565141
-0.0041296672
-0.00043798544
0
0.0036606246
-0.0050328894
-0.003006886
0.0002845225
0
-0.0025854399
-0.0011234721
0
-0.001944352
0.00015871965
0
-0.0016409395
0.0016811949
0.004536846
-0.004817101
-0.0039083254
0.00034343563
-0.0029642508
-0.0008710864
-0.0031686291
5.9914834e-05
-0.0027563292
0.0013106531
0
0.00250022
-0.0089373478
-0.0020204828
0.0013193103
0
-0.0071267926
0.00088718613
0
-0.0013911822
0.002715984
0
-0.0011417591
0.0035867038
0.0033157936
-0.0080699687
-0.0027072073
0.0019437786
-0.0065511633
0.0012724236
-0.0023594936
0.0023299668
-0.0019405529
0.0031445225
0.0053350228
-0.0055055835
-0.0043847228
0.00054489077
0.0061746775
-0.0046055226
-7.6268515e-05
0.0053890438
-0.0053603147
-0.0046631753
0.00048231804
-0.0064219266
-0.0038405016
0.0011250095
0.0055588891
-0.0053347436
-0.0046346792
0.00052976842
0.0062897999
-0.0045669427
-3.424e-05
0.0056582761
-0.0051943288
-0.0049986008
0.00045002883
-0.0060719398
-0.0041694239
0.0010330288
0.0067265912
-0.0036031991
-0.00090728059
-0.0025647876
-0.0019157535
-0.0029573161
-0.0058798
-0.0013557871
-0.0041782152
-0.00035372552
0.0067356254
-0.0037215163
-0.00073012119
-0.0028475638
-0.0015193512
-0.0032269628
-0.0060690221
-0.0010597386
-0.0042267833
-0.00025920444
0.0049280342
-0.004570968
-0.0045095068
0.00031766099
-0.0032301901
-0.00069453744
-0.0038677107
5.2178343e-05
-0.0035288998
0.0010874402
0.0052955345
-0.0045631639
-0.004927559
0.00028606607
-0.0034824113
-0.0005310664
-0.0044198761
5.0442929e-05
-0.0041006758
0.00088388235
0.0039105249
-0.0070300826
-0.0032292844
0.001870694
-0.0058683636
0.0011814906
-0.0030664086
0.0019950679
-0.0025386728
0.002746863
0.0043506151
-0.0065486502
-0.0036306013
0.0016273906
-0.0056061294
0.0010163473
-0.0036162742
0.0016363252
-0.0030180635
0.0022770004
0
0.00089122682
-0.0081843661
0
0.00084719782
0
0.0017939506
-0.0079272254
0.00077809111
0
0.0014241562
-0.0098598212
-0.00070641626
0.0012148558
0
-0.010189372
0
0.0012985898
0.0010283305
-0.0079114835
0
0.001418792
0.0020551488
-0.0076730911
0.0013008417
0.00173845
-0.0092919601
-0.00087063441
0.0019659092
-0.0095864485
0
0.0021029204
0
0.0026902643
-0.0074286128
0.00067354522
0
-0.0067075993
0.00052290924
0
-0.008308477
-0.0021336717
0.00090493585
0
-0.0092239285
0.0010858002
0.0030615713
-0.0072092125
0.0011190637
-0.0065371833
0.00085616753
-0.0078940497
-0.0025846326
0.0014465766
-0.0087203192
0.0017507242
0
0.0015309569
-0.011645548
-0.0010241722
0.0019148349
0
-0.010452839
0.0016548364
0
-0.00087616132
0.0043152786
0
-0.00059190909
0.0048999927
0.0020674845
-0.010338602
-0.0013955204
0.0028611539
-0.0093422033
0.0024632673
-0.0014911824
0.0038080373
-0.0010117835
0.0043291284
0
0.00050688439
-0.012918233
0
0.002221976
0
-0.012481009
0.0021039001
0
-0.00029374288
0.0053285999
0
0
0.0055825349
0.00070056502
-0.011388037
0
0.0033229995
-0.011030166
0.0031471509
-0.00051002506
0.0047049625
0
0.0049283892
0.0011432911
-0.0074768689
0
0.0016696876
0.002269973
-0.0072677911
0.0015282447
0.0019951615
-0.0084972585
-0.0010060259
0.002206241
-0.0087432665
0
0.0023632921
0.0012348919
-0.0070272587
0
0.0016410737
0.0024386673
-0.0068488294
0.0014996503
0.0021971847
-0.0077957479
-0.0011133869
0.0020693616
-0.007997938
0
0.0022205846
0.0033568705
-0.0068589429
0.0013077955
-0.00626511
0.00098981729
-0.0073169411
-0.002945887
0.001603793
-0.0080161147
0.0019571706
0.0035820792
-0.0064981386
0.0012782973
-0.0059872972
0.0009614801
-0.0068162467
-0.0032248934
0.001488212
-0.0073975641
0.0018288874
0.0024831322
-0.0087665696
-0.0016852459
0.0028137224
-0.0080063263
0.0024065003
-0.0019566515
0.0033526716
-0.0013305846
0.0038224886
0.0028103573
-0.0079638874
-0.0019163815
0.0024860699
-0.0073447254
0.0021147349
-0.0023374021
0.0027975631
-0.0015949854
0.003199499
0.0008511889
-0.0095532001
0
0.0032817442
-0.009287848
0.0031036834
-0.00067320931
0.004158206
0
0.0043592645
0.00097192844
-0.008599734
0
0.0029116118
-0.0083861792
0.0027496616
-0.00080969956
0.0034851956
0
0.0036566304
0
0.0015599242
-0.0015151442
0
0.00037970296
0
0.0030707865
-0.001481392
0.00027145707
0.0029853751
-0.0029006679
-0.0015159398
0.00040986867
-0.0029666083
0
0.00051399316
0
0.0015750476
-0.0014812449
0
0.0002859002
0
0.0030928795
-0.0014528753
0.00020650047
0.003026757
-0.0028375315
-0.0015414449
0.00030921287
-0.0028944688
0
0.00038577222
0
0.0044881112
-0.0014151992
8.3761105e-05
0
0.0057635523
-0.0013188153
-0.00018564711
0.0056077498
-0.0025779061
-0.004365229
-2.2937786e-05
-0.0027695402
0.00023439531
0
0.0045032298
-0.0013957891
6.9199815e-05
0
0.0057538537
-0.0013111618
-0.00012510918
0.0056332467
-0.0025537045
-0.0044078437
-5.7980483e-06
-0.0027229322
0.00018045176
0.0042115517
-0.0040419597
-0.0028812218
0.00045048585
0.0054101186
-0.0037591618
0.00019548773
0.00515339
-0.0048345298
-0.0040121205
0.00047477487
-0.0052013268
-0.0027456987
0.00073535293
0.0042861183
-0.0039545376
-0.0029442787
0.00034025176
0.0054774672
-0.003704559
0.00015499328
0.0052696452
-0.004733695
-0.0041234208
0.00035768643
-0.0050567733
-0.0028332518
0.00054741956
0.001464107
-0.0043332205
0
0.00073546297
-0.0042354488
0.00062575751
-0.0054524303
-0.001395781
0.00091713482
-0.0055795612
0
0.0010334312
0.0015007246
-0.0042096091
0
0.00054987865
-0.0041244323
0.00046910405
-0.0052768453
-0.0014447571
0.00068105322
-0.0053876087
0
0.00076667367
0
0.0015845622
-0.0014531393
0
0.00015447727
0
0.003107214
-0.0014289333
0.00011278204
0.003062554
-0.0027885203
-0.0015625111
0.00016875687
-0.0028388525
0
0.00020897439
0
0.0015907539
-0.0014362767
0
0
0
0.0031180596
-0.0014145236
0
0.0030959129
-0.0027611239
-0.0015805557
0
-0.002807858
0
0
0
0.004514552
-0.0013787075
4.0569328e-05
0
0.0057531377
-0.0013027613
-6.093362e-05
0.0056706347
-0.0025330299
-0.0044494379
3.2737496e-06
-0.0026860341
0.00010089442
0
0.0045267946
-0.0013681657
0
0
0.0057628533
-0.0012969923
0
0.0057209748
-0.0025208559
-0.0044938374
0
-0.0026651958
0
0.0043593432
-0.0038907554
-0.0030017649
0.00018739476
0.0055554862
-0.0036640547
8.9875103e-05
0.0053919768
-0.0046653398
-0.0042307666
0.00019776129
-0.004958224
-0.0029138808
0.00029800232
0.0044367355
-0.0038567597
-0.0030577768
0
0.0056479845
-0.0036422298
0
0.0055290428
-0.004630511
-0.0043430003
0
-0.0049079147
-0.0029938431
0
0.0015328918
-0.0041199346
0
0.00029806898
-0.0040437782
0.00025548896
-0.0051567254
-0.0014886984
0.00036881808
-0.0052560924
0
0.00041413296
0.0015625109
-0.0040722999
0
0
-0.0040009008
0
-0.0050953026
-0.0015306232
0
-0.0051887902
0
0
0
0.0068387231
-0.0011957463
-0.00054374663
0
0.0076439881
-0.0010509118
-0.00099229135
0.0074416152
-0.0020459813
-0.0066558767
-0.00081144703
-0.002333316
-0.00037067195
0
0.006789306
-0.0012018444
-0.00037735459
0
0.0075535269
-0.0010720792
-0.00068443303
0.007398553
-0.0020788247
-0.0066484982
-0.0005547564
-0.002336069
-0.00025169877
0
0.0081077893
-0.0008905498
-0.0015174192
0
-0.00072196493
-0.0020840704
-0.0013968488
-0.0078949544
-0.0018996184
-0.0017288141
-0.0013324214
0
0.0079981488
-0.0009272538
-0.0010347873
0
-0.00077356484
-0.0014068394
-0.0014911265
-0.0078358085
-0.0012781476
-0.0017929889
-0.00090394185
0.007625848
-0.0025070043
-0.0071837429
-0.0011123582
-0.0020195001
-0.0016847571
-0.0025791565
-0.0072770966
-0.0014305133
-0.0032101196
-0.006848523
-0.0008492463
0.0076268777
-0.0025863759
-0.0071978375
-0.00074801136
-0.0021452103
-0.0011285181
-0.0027243778
-0.0073499667
-0.0009529294
-0.0032915822
-0.0069308987
-0.00056310801
0.0064225765
-0.0033981076
-0.00015009535
-0.0029741855
-0.00058993764
-0.0038159563
-0.0061191765
-0.00032069674
-0.0043660695
0.00012417576
0.0064658401
-0.0033838003
-9.0736946e-05
-0.0030055364
-0.00039522338
-0.0038315981
-0.0062224407
-0.00020309304
-0.0043195597
0.00010713976
0
0.0067703016
-0.0012034288
-0.00019108976
0
0.0075176089
-0.0010844479
-0.00034729241
0.0074122879
-0.002098377
-0.0066741976
-0.00027891762
-0.0023345853
-0.00012410509
0
0.0067748457
-0.0012030822
0
0
0.0075174627
-0.0010899094
0
0.007464817
-0.0021073216
-0.0067263224
0
-0.0023325349
0
0
0.0079567
-0.00095061144
-0.00052326705
0
-0.00080743083
-0.00070872472
-0.0015528747
-0.0078469416
-0.00064247197
-0.001834119
-0.000455088
0
0.0079561628
-0.00096196714
0
0
-0.00082442835
0
-0.0015837427
-0.0079020366
0
-0.0018542747
0
0.0076946084
-0.0026376771
-0.0072652594
-0.00037380217
-0.0022275034
-0.0005655892
-0.0028196672
-0.0074799949
-0.00047587491
-0.0033452142
-0.0070575481
-0.00027801772
0.0078077287
-0.0026629598
-0.0073728458
0
-0.0022685514
0
-0.0028672156
-0.0076543118
0
-0.0033719264
-0.0072233629
0
0.0065397352
-0.0033714469
-3.8124351e-05
-0.003024483
-0.00019464165
-0.0038418907
-0.0063493225
-9.3910886e-05
-0.0042882296
6.6576803e-05
0.0066415241
-0.0033641989
0
-0.0030332849
0
-0.0038468947
-0.006503664
0
-0.0042722433
0
0.005734125
-0.0052011002
-0.004827637
0.00045831103
0.0064226275
-0.00454156
2.8612616e-06
0.0059000567
-0.0051117518
-0.0052623364
0.00038250032
-0.0058551995
-0.0044285051
0.00085329676
0.0059041893
-0.0051111645
-0.0049974962
0.00034322266
0.0065820589
-0.0045304895
2.3883051e-05
0.0061414445
-0.0050716781
-0.0055024312
0.00028467559
-0.0057217955
-0.0046537128
0.00061520932
0.0068335858
-0.0038150268
-0.0005361723
-0.0030590387
-0.0011295283
-0.0034373213
-0.0062880536
-0.00077881044
-0.0042914421
-0.00017078604
0.0069882428
-0.0038878427
-0.00034609572
-0.0032132971
-0.00074737214
-0.0035940647
-0.0065307491
-0.00051063499
-0.0043510766
-9.6856738e-05
0.0056392171
-0.0046058745
-0.0052798934
0.0002411747
-0.0036902482
-0.00038217806
-0.0048919095
4.8650345e-05
-0.0045667094
0.00068426515
0.0059730481
-0.0046576104
-0.0056053469
0.00018000732
-0.0038489342
-0.00024561555
-0.0053182165
4.0323475e-05
-0.0049772142
0.00047475135
0.0047029377
-0.0062746121
-0.0039550881
0.0012989535
-0.0054827594
0.00081039921
-0.0040598684
0.0012669022
-0.0034105093
0.0017710859
0.0050141245
-0.0061157608
-0.0042359001
0.00091469447
-0.0054253521
0.00057285083
-0.0044427531
0.00087606056
-0.0037473002
0.0012266153
0.0060878854
-0.0050558344
-0.0051668804
0.00018982244
0.0067726683
-0.0045265735
2.3783028e-05
0.0063985693
-0.0050531953
-0.0057446588
0.00015738685
-0.0056439733
-0.0048710345
0.00032972389
0.0062965667
-0.0050291121
-0.0053498755
0
0.006998832
-0.0045253769
0
0.0066850463
-0.0050456972
-0.0060073392
0
-0.0056073776
-0.0050993498
0
0.0071857347
-0.0039377953
-0.00016658109
-0.0033152341
-0.00037155921
-0.0036988081
-0.0067988505
-0.00025220392
-0.0043951583
-3.9774929e-05
0.0074235031
-0.0039631786
0
-0.0033662361
0
-0.0037513976
-0.0071002672
0
-0.0044181743
0
0.0063124144
-0.004698361
-0.0059291669
9.9962489e-05
-0.0039557662
-0.00011927877
-0.0057270262
2.372129e-05
-0.005365711
0.00024794216
0.0066749747
-0.0047199641
-0.0062732225
0
-0.0040094296
0
-0.0061451931
0
-0.0057617099
0
0.0053145089
-0.0060251399
-0.0045003514
0.00048170354
-0.0053984236
0.00030342117
-0.0047991354
0.00045592021
-0.0040567559
0.0006384777
0.005628313
-0.0059828313
-0.0047711557
0
-0.0053871856
0
-0.0051585711
0
-0.0043650051
0
0.0013082833
-0.0066533013
0
0.0014065305
0.0025728237
-0.0065013276
0.0012840072
0.0023603594
-0.0073147219
-0.0012005857
0.0017229822
-0.0074844799
0
0.0018511774
0.0013700591
-0.0063813634
0
0.001030226
0.0026863243
-0.0062495696
0.00094046634
0.0024997726
-0.0069917919
-0.0012748887
0.0012403207
-0.0071382216
0
0.001333147
0.0037586717
-0.0062010968
0.0010922193
-0.0057622216
0.0008202067
-0.0064862882
-0.0034477428
0.0012315164
-0.0069786809
0.0015190881
0.0039095796
-0.0059878914
0.00080008219
-0.0056037632
0.00060235822
-0.0062722339
-0.0036389005
0.00088517488
-0.0067005736
0.0010926423
0.0030785025
-0.007464209
-0.0021076975
0.002000793
-0.0069440834
0.0016959446
-0.0026532288
0.0021847955
-0.0018163167
0.0025047194
0.0033096896
-0.0071496724
-0.002272607
0.0014128093
-0.0066981929
0.001195693
-0.0029247112
0.0015162216
-0.0020069015
0.0017406766
0.0010723746
-0.0079954411
0
0.0023501984
-0.0078176348
0.0022172517
-0.00092440333
0.0027314971
0
0.0028673359
0.0011588536
-0.0076085441
0
0.0016616672
-0.0074553977
0.001567104
-0.0010231164
0.0018994562
0
0.0019940511
0.0014260182
-0.006204468
0
0.00055258344
0.0027909775
-0.0060862706
0.0005050523
0.0026282539
-0.00679103
-0.0013425602
0.00065938633
-0.0069222177
0
0.00070833654
0.0014803908
-0.0061165975
0
0
0.002895421
-0.0060052805
0
0.0027564108
-0.006693488
-0.0014088169
0
-0.0068170779
0
0
0.0040527664
-0.0058505376
0.00043060692
-0.0055030649
0.00032596928
-0.0061424288
-0.0038181518
0.00047165601
-0.0065290882
0.000581295
0.0042007733
-0.0057826601
0
-0.0054536439
0
-0.0060801625
-0.0040011752
0
-0.0064461295
0
0.0035239869
-0.0069596756
-0.0024239387
0.00074334845
-0.0065522197
0.00062911953
-0.0031721731
0.00078982291
-0.0021796373
0.00090718965
0.0037394634
-0.0068684649
-0.0025737795
0
-0.0064827354
0
-0.0034158409
0
-0.0023480003
0
0.0012375811
-0.0073719933
0
0.00087386168
-0.0072347123
0.00082442879
-0.0011120637
0.00098994879
0
0.0010388023
0.0013145224
-0.0072577386
0
0
-0.0071283164
0
-0.0011979441
0
0
0
