FiniteElementSpace
FiniteElementCollection: ND_3D_P1
VDim: 1
Ordering: 0

0
0
0
0
0
0.0032904708
-0.0012938638
0
0
0
0.0036145102
0
0
0
0
0
0.005876115
0.0016003208
0
0.0064478571
0
0
0
-0.0038583029
0.0040338314
-0.0019394468
0.010645072
0.0057742405
0
0
-0.0039959338
0
0
0
0.0056585008
-0.0031862093
0
0
0
-0.0028032428
0
0
0.010075605
0.0036374133
0
-0.004975956
-0.0077761125
0.0081811369
-0.0039851698
-0.0094012473
-0.0051575721
-0.0081106109
0
0
0
0
0
0
0.0073097923
-0.0020215297
0
0.0080411645
0
0
0
0
0.0073719484
0.0024901075
0
0.0081723376
0
0
0
-0.0055034456
0.0049293624
-0.0051382129
0.014119418
0.013582819
0
-0.0044318449
0
0.01248365
-0.0041925733
0
-0.00617025
0
0.012546832
0.0047436589
0
-0.0062521251
-0.010865064
0.0094034236
-0.010238228
-0.012295929
-0.011898314
-0.0087569748
0
0
0
0.0043741676
-0.0070487841
0.0032109322
0.018124715
0.014066027
0
0
0.0047881218
0.0074291912
0.019056203
0
0
0
-0.0043439828
0.0099068346
-0.003921853
0.023404511
0.022159849
0
0
-0.0096962909
-0.0028314239
0.017151247
0.0086438706
-0.013672759
0.006359766
-0.016609042
-0.01296217
0.0094422928
0.014129813
-0.017390485
-0.0084148791
0.018813318
-0.0075824195
-0.02182199
-0.020712399
-0.018666202
-0.0054653611
-0.016088591
0
0
0
0.0016114117
-0.0069574569
0
0.0075794787
0
0
0.0068199213
0
0
0.0096453875
-0.0013767684
0.0092320959
0
0
-0.00993692
0
0
0.0031872732
-0.013665993
0
-0.0070293584
0
0.01338392
0.0187164
-0.0026540036
-0.0086985965
-0.019301067
0
0
0
0.0080754092
-0.0045661585
0
0
0
0.0028716916
0
0
0.014266427
0.0052267139
0
0.0050238758
-0.011600324
0.011461906
-0.006013255
0.009233715
0.0051234368
-0.011288967
0
0
0
0.010972982
-0.0049369932
0
0
0
-0.0032508761
0
0
0.019102526
0.0060198653
0
-0.0055329477
-0.015843494
0.01320279
-0.008297112
-0.0097807063
-0.0055114817
-0.012739924
0
0
0
0.017580513
-0.0058780124
0
0.0061908278
0
0.017625366
0.0064238871
0
0.006276859
-0.015983373
0.012776573
-0.015150061
0.011976276
0.011610533
-0.012145011
0
0.023334707
-0.0068002569
0
-0.0067390949
0
0.023306588
0.0073167488
0
-0.0068230626
-0.021501451
0.014606814
-0.020506623
-0.012562989
-0.012197542
-0.01403885
0.013126423
-0.018847427
0.0097273959
0.016270567
0.012774368
0.014267715
0.01922419
0.016990543
-0.012738464
0.025633854
-0.011510341
0.021319061
0.020275238
-0.025689071
-0.0083457701
0.015819575
0.018093537
-0.021841832
0.013539352
-0.016670797
-0.013170206
0.019536659
0.022070877
-0.017383282
-0.017665466
0.029565605
-0.016071985
-0.021441969
-0.020411808
-0.029895701
-0.011793996
-0.016002431
0.0049203508
-0.018876044
0
0.0069974311
0
0.018551008
0.025874864
-0.0040941811
0.0086180115
-0.026645169
0
0
0.0069427897
-0.021697771
0
-0.0073025801
0
0.021511734
0.030195153
-0.0058999255
-0.0088059776
-0.030963931
0
0
0
0
0
0
0.0061739249
-0.0028543257
0
0.0069441719
0
0
0
0
0.0041150058
0.0029822508
0
0.0047426819
0
0
0
-0.0035781498
0.0054225171
-0.0049203778
0.0087393651
0.012323169
0
-0.005319457
0
0.010479603
-0.0050935682
0
-0.0053136197
0
0.0069703793
0.0050722635
0
-0.0036441072
-0.006938836
0.0097003079
-0.0096314685
-0.0075597017
-0.010688633
-0.0098048806
0
0
0
0
0.0018017068
-0.0027671795
0
0.0021666542
0
0
0
0
0
0.0020686216
0
0
0
0
0
0
0.0042822738
-0.0018202774
0
0.0042646955
0
-0.0051065084
0
0.0030475055
-0.0045345878
0
-0.0016840165
0
0
0.0032608218
0
0
0
0.0072452104
-0.0034821654
0
-0.0036810035
-0.0088961322
0
0
0
0.0016724634
-0.0073474706
0.0032392883
0.0061325731
0.012200003
0
0
0
0.0064883435
0
0
0
0
0
0.0086350617
-0.0015192551
0
0.0077946679
0
0
-0.0094963054
-0.0029646884
0.015252515
0.0032918891
-0.013138856
0.0063745942
-0.0055616242
-0.011080329
0
0.011381898
0
0
0.01546491
-0.0029791623
0
-0.0072480696
-0.017231617
-0.0057799265
-0.01418798
0
0
0.0043689867
-0.0077237803
0.016870404
0
0.0077400402
0
0
0.0099583014
-0.0039920337
0.020866002
0
-0.010056067
0.0086032619
-0.014372828
-0.015351603
0.014107131
0.018328603
-0.007753466
-0.019425586
-0.018797536
0
0.014735432
-0.0066681778
0
0.0053765757
0
0.0098574749
0.0064429485
0
0.0037520107
-0.010146642
0.012563264
-0.014114
0.0074449523
0.010440028
-0.013007118
0
0.019519829
-0.0074256179
0
-0.0058883061
0
0.013177586
0.0069951726
0
-0.0041806734
-0.013621678
0.013791228
-0.018932602
-0.0079350616
-0.011002889
-0.014600844
0
0.0043730657
-0.0055934471
0
0.00179533
0
0
0.0038473791
0
0
0
0.0088617382
-0.0050854636
0
0.003684884
-0.011238866
0
0.0059743129
-0.0058790312
0
-0.0020649043
0
0
0.0037599349
0
0
0
0.0090177894
-0.0068582287
0
-0.004006376
-0.011991511
0.0049562282
-0.01691952
0.0095936707
0.005491149
0.010864904
0
0.014314423
0
0
0.019830791
-0.004549971
0
0.0071174894
-0.022484007
-0.0087735566
0.013885088
0.0067829086
-0.018334986
0.013088763
-0.0057389653
-0.011222855
0
0.014992161
0
0
0.021230791
-0.0063445424
0
-0.0072487126
-0.024697178
-0.012156869
-0.014049444
0.012961545
-0.019225791
0.015003402
0.018526608
0.024289419
-0.011736557
0.018978201
-0.025276975
0.017686755
-0.021741406
-0.015392235
0.020557742
0.027207619
-0.016234829
-0.019123044
-0.028773892
0
0
0
0.0036691688
-0.012205207
0.0039703309
0.024469032
0.027401466
0
0
0.0027187206
0.011990184
0.017984033
0
0
0
-0.00247413
0.013691777
-0.0033373097
0.020408184
0.027718596
0
0
-0.014005743
-0.0035665826
0.031139182
0.0070021747
-0.022881754
0.0075391168
-0.023064353
-0.025839322
0.0052182216
0.022208563
-0.016951321
-0.004674316
0.02548252
-0.0062656863
-0.019403973
-0.026343891
-0.026318314
-0.0066519568
-0.029584432
0
0
0.0013750878
-0.011473786
0.0092850221
0
0
0
0.01063951
0
0
0
0
0
0.012381447
-0.001236115
0
0.010607829
0
-0.013150508
0.0026598839
-0.021020111
-0.0087544867
0
0.019309987
0
0
0.022684974
-0.0023530746
0
-0.010090955
-0.024263334
0
0
0
0.0010955932
-0.014372777
0.0022116776
0.011720415
0.022443001
0
0
0
0.013716264
0
0
0
0
0
0.014499135
-0.00095126286
0
0.012533277
0
0
-0.01499287
-0.0019273299
0.023912798
0.0020549895
-0.026674668
0.0041229032
-0.011230072
-0.021496926
0
0.025317875
0
0
0.026935034
-0.0017629746
0
-0.012098085
-0.027975058
-0.0035564355
-0.023085808
0
0
0
0.0029587277
-0.015259979
0.0030689765
0.030507081
0.034521486
0
0.014892928
0
0
0.015431651
-0.0025264012
0.032575583
0
0
-0.015771292
-0.0024603769
0.037213925
0.005482342
-0.028740482
0.005642473
-0.029208307
-0.033030496
0.027834557
0.028960445
-0.0046361457
-0.0314474
-0.029784345
-0.0044753773
-0.035915438
0.010575837
-0.030893993
0.011369092
0.022468455
0.025161838
0.0079241624
0.02962797
0.016533566
-0.0070895089
0.034177976
-0.0094405938
0.018849175
0.025563728
-0.035653642
-0.010006937
0.028679706
0.014769943
-0.035372899
0.015910029
-0.02229825
-0.024924739
0.011110493
0.033452973
-0.016455199
-0.010049938
0.03885071
-0.013313643
-0.018491934
-0.02502387
-0.041025704
-0.014160928
-0.028007684
0.0040815437
-0.027692956
0.008554191
0
0.025105982
0
0
0.02980023
-0.0036165969
0
0.0098105097
-0.032207357
0.0057849176
-0.030760219
-0.0085431409
0
0.027333829
0
0
0.032869425
-0.0052039378
0
-0.0096390138
-0.036103658
0.0031668698
-0.035629015
0.0062588161
0.010871438
0.020810752
0
0.033530433
0
0
0.035912667
-0.002734257
0
0.011681204
-0.037567875
-0.0054275877
0.022310499
0.0046329234
-0.040241037
0.0089900045
-0.010535543
-0.020167521
0
0.037363325
0
0
0.040342759
-0.0040820219
0
-0.011197169
-0.042694399
-0.0079353271
-0.021414784
0.0082702429
-0.039049372
0.0085206636
0.028250902
0.03189746
0.037503339
0.039181157
-0.0070460835
0.030375424
-0.040580603
-0.0068641076
0.034628529
0.011823924
-0.045117099
0.012288246
-0.027328483
-0.030761229
0.042871841
0.045000849
-0.010286432
-0.02911778
-0.047041202
-0.010242369
-0.033075751
0
0
0
0.0011322001
-0.012799982
0
0.010875722
0
0
0
0.0024746996
0.012332641
0.020156865
0
0
0
-0.0020253994
0.014744834
-0.0007901665
0.023354898
0.012701264
0
0
-0.01552499
0
0
0.0021173166
-0.024732909
0
-0.01032102
0
0.0046532984
0.023807752
-0.0190677
-0.0036883038
0.028372366
-0.0014054159
-0.022188358
-0.012092739
-0.029893714
0
0
0
0
0.0035332553
-0.012189687
0.025975554
0
0.012216894
0
0
0.014174854
-0.0030811274
0.029773166
0
-0.01435351
0.0066757987
-0.023383408
-0.024520123
0.023185835
0.026891493
-0.0056947498
-0.028278829
-0.027460183
0
0
0
0.0024565533
-0.015919109
0.0012837792
0.033554387
0.02722503
0
0.015544289
0
0
0.016050916
-0.0015993103
0.036969435
0
0
-0.016431218
-1.7564633e-05
0.031469278
0.0044542955
-0.030380602
0.0022308104
-0.032072582
-0.025977529
0.02949174
0.030491104
-0.0028477351
-0.035660559
-0.031349005
9.1468902e-05
-0.030325918
0
0
0
0.00016640707
-0.018320235
0
0.015170005
0
0
0.016784546
0
0
0.017232745
0.0020714293
0.020874161
0
0
-0.022779684
0
0
0.00014920513
-0.035169249
0
-0.014445425
0
0.032145829
0.032985846
0.0038884699
-0.020122413
-0.043311275
0
0
0.0032825687
-0.034152901
0
0.010149218
0
0.0070883584
0.032900221
0.018640071
-0.0056462478
0.039186952
-0.0022436645
0.021526474
0.011784453
-0.041251456
0
0
0.0048756735
-0.039943481
0
-0.010171952
0
0.010182678
0.038576003
-0.01852485
-0.0083701611
0.046058446
-0.0035957151
-0.021014149
-0.011583282
-0.048368242
0
0
0.010090403
-0.03218382
0.023899434
0.031646061
0.036758876
-0.008600508
0.027401127
-0.037796348
0.014241853
-0.037604169
-0.023674157
0.036661443
0.042738558
-0.012343019
-0.026715943
-0.044280958
0.0068090006
-0.041796472
0.0035807192
0.030908526
0.024980713
0.040363182
0.041789337
-0.0045805765
0.034272717
-0.043130345
-0.00043342161
0.029002173
0.010123366
-0.049020627
0.0058627123
-0.029693804
-0.023907691
0.047051198
0.048800847
-0.0074338732
-0.032540106
-0.050595055
-0.0021636409
-0.027283032
0.00047810379
-0.048412969
0
0.013933379
0
0.044311431
0.045431818
0.0049035909
0.019061468
-0.059205872
0
0
0.001482252
-0.056695292
0
-0.013390521
0
0.052060557
0.053320772
0.0046926958
-0.017614498
-0.068876841
0
0
0
0.014605134
-0.0040905148
0
0
0
0.0037391777
0
0
0.024916702
0.0058932881
0
0.0061668401
-0.020852949
0.013128876
-0.011050061
0.010541338
0.0060451975
-0.012118111
0
0
0
0.019209662
-0.0020374865
0
0
0
-0.0042092977
0
0
0.031901693
0.0049158506
0
-0.0067030385
-0.026898651
0.011315742
-0.014501819
-0.011138501
-0.0065031318
-0.0094835304
0
0
0
0.030041876
-0.0068528916
0
0.0074041915
0
0.02980739
0.0073145124
0
0.0074789464
-0.027723455
0.01467194
-0.026668492
0.013401178
0.013026103
-0.014197912
0
0.037697899
-0.0060823959
0
-0.0079197155
0
0.036980669
0.006398235
0
-0.0080127725
-0.03463062
0.012948147
-0.033775918
-0.014088449
-0.013655827
-0.012659448
0.023851153
-0.022296375
0.018077545
0.017313409
0.013747512
0.025516359
0.022330935
0.018061188
-0.023406986
0.030169101
-0.021517988
0.021746735
0.020661348
-0.030848233
-0.016050478
0.016236437
0.030570188
-0.020218709
0.023605804
-0.017698116
-0.014054108
0.03223971
0.019955786
-0.018575697
-0.029994206
0.02735905
-0.028001518
-0.02183666
-0.020540401
-0.028532202
-0.021349323
-0.016038442
0.0094239196
-0.021733276
0
0.0077149077
0
0.021895807
0.031271836
-0.0082239274
0.0090158983
-0.03186284
0
0
0.01257199
-0.019150878
0
-0.0079526612
0
0.01980074
0.0292592
-0.011250387
-0.0089186623
-0.029671518
0
0
0
0.025397948
0.0010977842
0
0
0
0.0046077683
0
0
0.040324214
0.0034391872
0
0.0068765023
-0.034465491
0.0081977844
-0.019169999
0.01116567
0.0066733017
-0.0052441534
0
0
0
0.036769355
0.0050777361
0
0
0
-0.0047441457
0
0
0.049394657
0.0021492347
0
-0.0062086997
-0.043442181
0.0042551844
-0.028593928
-0.010142092
-0.0059791071
-0.00036612093
0
0
0
0.045911444
-0.0045987416
0
0.0080618934
0
0.044340545
0.0045823419
0
0.0082963748
-0.041860859
0.0095434086
-0.04166244
0.014388892
0.013736265
-0.0096177317
0
0.053885606
-0.0021684268
0
-0.0078091761
0
0.051067747
0.0020162951
0
-0.0083006032
-0.048695889
0.0047372471
-0.049661595
-0.014256542
-0.01315581
-0.0051165536
0.038189064
-0.015760681
0.030606635
0.017441666
0.013531436
0.039431131
0.015145723
0.018648198
-0.037183491
0.021390102
-0.035471855
0.021457909
0.01968525
-0.022999461
-0.028131439
0.014690607
0.0462154
-0.0091994208
0.039146266
-0.016433276
-0.011878426
0.046442726
0.0083686617
-0.018231798
-0.044373912
0.012890558
-0.043497503
-0.020606274
-0.018053769
-0.014633222
-0.036448206
-0.012082671
0.016885386
-0.01473183
0
0.0076351719
0
0.015768228
0.024830618
-0.015428222
0.0079460014
-0.025623189
0
0
0.025512903
-0.010878993
0
-0.0052066365
0
0.0093255981
0.016258442
-0.023651806
-0.0032598315
-0.02392876
0
0
0
0.02497664
-0.0072624242
0
0.0065013302
0
0.017016589
0.0066423171
0
0.004688327
-0.017514347
0.013230897
-0.024313924
0.0086117317
0.011803521
-0.014391557
0
0.030931708
-0.0061518149
0
-0.0070405339
0
0.021231408
0.0053755756
0
-0.0051593083
-0.02174049
0.01088828
-0.030176499
-0.0092554432
-0.012522459
-0.012353661
0
0.007890218
-0.0053199694
0
0.0023770494
0
0
0.0029330235
0
0
0
0.0076107426
-0.0088745925
0
0.004428138
-0.011037373
0
0.010043457
-0.0039207776
0
-0.0026774344
0
0
0.0013825209
0
0
0
0.0046890086
-0.011081956
0
-0.0048413931
-0.0084098679
0.0088486856
-0.017202594
0.017002308
0.0061219247
0.011819911
0
0.013263314
0
0
0.019424843
-0.0084199584
0
0.0074992946
-0.023591031
-0.016035115
0.014411798
0.011118749
-0.013585097
0.021281948
-0.006508736
-0.012401255
0
0.0092132139
0
0
0.01452042
-0.010744634
0
-0.0077578355
-0.01924131
-0.020359861
-0.014756721
0.022984299
-0.021623612
0.016071082
0.019963826
0.026744533
-0.021404327
0.019486845
-0.028887334
0.028817165
-0.018848582
-0.016677371
0.016766881
0.022925172
-0.027212179
-0.019759168
-0.025583035
0
0.036931784
-0.0041690091
0
0.0074146257
0
0.025484724
0.0032955776
0
0.0055344325
-0.026008574
0.0069783571
-0.036149075
0.0097561383
0.012992559
-0.008654133
0
0.042294003
-0.0015094912
0
-0.0076035001
0
0.029287199
0.00062997892
0
-0.0057949496
-0.029858381
0.0019478915
-0.041602471
-0.01008552
-0.013178301
-0.0036898172
0
0.012256563
-0.0017968408
0
0.0029367126
0
0
-0.00076605176
0
0
0
0.00051073635
-0.013319673
0
0.0051921996
-0.0043518591
0
0.014274007
0.00081637575
0
-0.0031425313
0
0
-0.0032747415
0
0
0
-0.0044486102
-0.015342181
0
-0.0054638624
0.00066909156
0.013446269
-0.0078510315
0.025667936
0.0068327385
0.012832509
0
0.003232174
0
0
0.0070267442
-0.013177679
0
0.0079647957
-0.012126656
-0.024884995
0.01496409
0.015589938
-0.00068641344
0.029716075
-0.007079102
-0.013086697
0
-0.0039772627
0
0
-0.0021477526
-0.015476896
0
-0.0081158134
-0.003128377
-0.029171763
-0.015025912
0.034868211
-0.01368429
0.017009479
0.011295556
0.016178194
-0.033365532
0.019758854
-0.019215595
0.040546951
-0.0067199481
-0.017033626
0.0042043426
0.0073436184
-0.039293181
-0.019479483
-0.010554195
0.019766924
-0.035827584
0.021406331
0.022230185
0.024723281
0.014898101
0.033250928
0.01649279
-0.013708955
0.038988161
-0.018110208
0.018151305
0.024450362
-0.041872046
-0.019405606
0.027208831
0.025531873
-0.032205546
0.027883028
-0.022016046
-0.024215816
0.019236972
0.029036669
-0.016483457
-0.018026312
0.034588375
-0.023808154
-0.017718448
-0.023659311
-0.038121718
-0.025776894
-0.026000797
0.0078318976
-0.029843752
0.0086086684
0
0.025651916
0
0
0.03145393
-0.0071941369
0
0.0094899253
-0.035485957
0.010189369
-0.025014025
-0.0086706936
0
0.020167821
0
0
0.02564548
-0.0095584017
0
-0.0093156265
-0.030408205
0.0065498205
-0.039970503
0.012500174
0.010162647
0.019432878
0
0.036293159
0
0
0.039633301
-0.005916513
0
0.01061471
-0.042757409
-0.011285509
0.020316034
0.0088967584
-0.034847693
0.01676356
-0.0097375909
-0.018553329
0
0.030385782
0
0
0.033817701
-0.0082251768
0
-0.0099507258
-0.037758788
-0.015465893
-0.019016945
0.016406407
-0.046330702
0.017276813
0.026226771
0.02932792
0.043364495
0.045799953
-0.014646162
0.027531192
-0.048525461
-0.0149686
0.031053298
0.022012444
-0.042604785
0.023536159
-0.024830906
-0.027387155
0.038959449
0.041535874
-0.020134618
-0.02557519
-0.044938581
-0.021101717
-0.028437676
0.0317748
-0.024922964
0.03509387
0.021533351
0.023210767
0.023882037
0.021315516
0.01635145
-0.022755005
0.026207032
-0.03011394
0.017172948
0.022598698
-0.030229817
-0.033017287
0.024263703
0.037927508
-0.014894903
0.042446264
-0.020829795
-0.021780506
0.028390987
0.011081173
-0.016126243
-0.027444636
0.014950416
-0.036450766
-0.016593918
-0.021385259
-0.019213872
-0.040519788
-0.02215806
0.012715958
-0.016834946
0.0086941949
0
0.011485293
0
0
0.016112765
-0.01215343
0
0.0091128856
-0.021491242
0.01516476
-0.0063499742
-0.0086950789
0
0.00068696139
0
0
0.0040723735
-0.014726005
0
-0.0089249299
-0.0098998273
0.011530507
-0.025521989
0.021533905
0.0092905177
0.017566028
0
0.020344631
0
0
0.023604595
-0.010866973
0
0.0092675908
-0.028348614
-0.020233693
0.01761033
0.014192521
-0.013233497
0.026352882
-0.008894437
-0.016602881
0
0.0074744189
0
0
0.010337878
-0.013580726
0
-0.0086669517
-0.015793666
-0.025126039
-0.016277353
0.028346944
-0.034414835
0.030798263
0.023161677
0.024894162
0.030237237
0.032789227
-0.026456929
0.023340962
-0.036763474
-0.028366628
0.025264478
0.034821193
-0.022836421
0.038434646
-0.021405958
-0.022091871
0.018370634
0.020751678
-0.033015493
-0.02107817
-0.025085376
-0.036109512
-0.021837203
0.0070730543
-0.041720241
0
0.010131234
0
0.014209713
0.040416926
0.018315359
-0.012174015
0.048561648
-0.0056622446
0.020263782
0.011237996
-0.050860161
0
0
0.010041453
-0.040003045
0
-0.0096409086
0
0.019382473
0.038661606
-0.017487911
-0.017267705
0.047043448
-0.0086167817
-0.018732975
-0.010338841
-0.04941644
0
0
0.019416262
-0.039154449
0.023400486
0.037713829
0.04425595
-0.017254396
0.025811754
-0.046393403
0.025751909
-0.036815722
-0.02260644
0.034682943
0.041166874
-0.023475902
-0.024240025
-0.044131941
0.014769221
-0.051512794
0.009420941
0.028085924
0.02243914
0.048949006
0.050905103
-0.011801933
0.030231626
-0.053177475
-0.0054481556
0.024966368
0.02089397
-0.049321741
0.014478642
-0.025693486
-0.020100178
0.045906674
0.04797459
-0.017840423
-0.027071758
-0.050972329
-0.010499395
-0.021751436
0.0033724852
-0.059615997
0
0.01260431
0
0.054947196
0.056166585
0.0030496943
0.015686444
-0.071879555
0
0
0.0063292467
-0.057968636
0
-0.011222376
0
0.053411365
0.054320818
-5.2807987e-05
-0.013049196
-0.069180097
0
0
0.014174326
-0.036517558
0
0.0079430763
0
0.026083543
0.03414712
0.01516206
-0.023970168
0.042522538
-0.012774815
0.015394204
0.007931239
-0.046285175
0
0
0.022146466
-0.03740346
0
-0.00083472947
0
0.034324295
0.023844557
-0.011402495
-0.032229058
0.030864273
-0.020570312
-0.010440918
0.0014297808
-0.049461173
0
0
0.033177618
-0.030525762
0.020969882
0.027851093
0.033768981
-0.030908817
0.021724567
-0.037345215
0.041254475
-0.020706187
-0.018541792
0.017955869
0.022868207
-0.039081996
-0.018409859
-0.026461085
0.028371513
-0.042264804
0.021287339
0.022298147
0.015778452
0.038238153
0.040332882
-0.02538349
0.022902339
-0.043960789
-0.017595874
0.016689274
0.036680429
-0.030801684
0.029724791
-0.018113822
-0.009766906
0.026780093
0.028842956
-0.033879036
-0.018008119
-0.032501963
-0.026373885
-0.0098837701
0.010711102
-0.054357676
0
0.0082811634
0
0.048786321
0.04931016
-0.0049320692
0.0091441737
-0.06343868
0
0
0.018474527
-0.058709256
0
0.0028862621
0
0.036067003
0.036927788
-0.013998523
0.0023089103
-0.065120034
0
0
0
0
0
-0.0051679721
-0.010274519
-0.019267776
0.026355875
0.015699342
0
0
-0.0016384754
0.015403664
0.035065213
0
0
0
0.0027072537
0.011380266
0.0075089587
0.036508827
0.029697681
0
0
-0.0086544601
0.0098803344
0.021036
-0.0095891229
-0.019802104
-0.035873857
-0.026014963
-0.015924955
-0.0031132798
0.029564467
-0.03434815
0.0052312418
0.02183499
0.014302116
-0.036392971
-0.029902211
-0.016424722
0.018918234
-0.021480727
0
0
0.0006271767
-0.015465836
0.039252037
0
0
0.001806564
0.015504355
0.03869657
0
0
0
-0.0012603029
0.013964153
0.00012962082
0.038434899
0.039599097
0
-0.013332406
0.0010472426
-0.029595701
-0.038342567
0.0032496332
0.029529081
-0.03775812
-0.0022183382
0.026674288
0.00039873285
-0.037998047
-0.03926374
-0.02556162
0
0
0
-0.00032106485
-0.010758346
-0.0025637528
0.037547327
0.035295714
0
0
0.00098275248
0.01177829
0.036089412
0
0
0
-0.001033245
0.0093299002
-5.9965542e-05
0.031610303
0.03309436
0
0
-0.0084384964
0.0013376642
0.03157212
-0.00084257723
-0.020574181
-0.0051734103
-0.037820566
-0.035735773
0.0016756988
0.022533246
-0.036215436
-0.0017576703
0.017846634
0.00018030167
-0.032266881
-0.033904536
-0.01606084
0.002932827
-0.032471527
0
0
0
-0.0047870973
-0.0072406023
-0.0063695248
0.030027297
0.023073576
0
0.0091888203
0
0
0.0072252064
0.0028109159
0.027588483
0
0
-0.0058102091
0.0040105692
0.022065841
-0.0095150954
-0.013593225
-0.012519793
-0.030580441
-0.023681424
0.017453015
0.013623935
0.0057654677
-0.028502156
-0.010803398
0.0080147808
-0.022934982
-0.012557571
-0.027273116
-0.048276992
0.02469868
0.015106185
-0.0036293717
0.040733152
0.032900298
0.0066011501
0.030052087
0.019146895
0.035173986
0.028857826
-0.02238001
0.025717927
0.020781782
-0.01350314
-0.031845301
-0.05531918
-0.022554539
-0.013554088
-0.002563079
0.047726167
-0.030674287
0.0061053
0.035083276
0.021221418
-0.032864924
-0.026659993
-0.025768866
0.029520679
-0.018955267
0.0021172412
-0.040769855
0.036919862
0.0051544323
0.040544921
0.036468883
-0.0037071507
0.03668928
-9.9852619e-05
0.036898159
0.038059598
-0.035228454
0.0044931457
-0.04782408
-0.034831489
0.0081500335
0.047406084
-0.034642699
-0.0063623716
0.042917616
-0.0020519655
-0.03502083
-0.035910416
-0.041262909
-0.00060845234
-0.02828047
-0.0067130108
0.037038324
0.034981862
0.0029104737
0.0310101
0.035470427
-0.002969162
0.024534632
-0.00020578166
0.031962048
0.033622828
-0.021960184
0.0037625402
0.032211397
0.0011023336
-0.032979272
-0.0063822996
-0.035144949
-0.032996507
0.0053268962
0.036237541
-0.033782826
-0.0053007871
0.02859152
-0.0019461132
-0.030652259
-0.03219896
-0.025422709
0.0030320603
-0.030729918
-0.012923186
-0.018273754
-0.017263617
0.029929393
0.023172387
0.023816837
0.018415494
0.0078519105
0.028258803
-0.014323026
0.011100249
0.022707466
-0.014171711
-0.02067109
-0.019782498
-0.028006227
-0.021434759
0.027509238
0.02099815
0.008257704
-0.026785222
-0.015876061
0.012506598
-0.021297454
0
0
0.0020758053
-0.015408938
0.033561785
0
0
0.0016382651
0.015197647
0.024581938
0
0
0
-0.0013810345
0.014173256
-0.0016818973
0.024215945
0.033103868
0
-0.014181972
0.0037807745
-0.029198029
-0.032724475
0.0030008905
0.02864517
-0.02395229
-0.002516789
0.026838597
-0.0030408098
-0.023856989
-0.032665307
-0.026973404
0
0
0.00080913471
-0.014903286
0.012926567
0
0
0
0.014614688
0
0
0
0
0
0.01400473
-0.00068346841
0
0.012779394
0
-0.014066939
0.0014861768
-0.02795481
-0.012584837
0
0.02731323
0
0
0.02633108
-0.001247934
0
-0.012568841
-0.026530285
0
0
0
0.00059204006
-0.012531352
0.0011979208
0.012002952
0.022649459
0
0
0
0.012685081
0
0
0
0
0
0.010744766
-0.0005481506
0
0.010566105
0
0
-0.010419177
-0.0011162963
0.019834821
0.0010792843
-0.023774332
0.002179004
-0.011949771
-0.022607574
0
0.02400302
0
0
0.02048197
-0.0010051912
0
-0.010677062
-0.019903872
-0.0020403103
-0.020115007
0
0
0.0014276417
-0.012256275
0.030956613
0
0.012448482
0
0
0.010195601
-0.0013570994
0.027064693
0
-0.0098871634
0.0025648785
-0.023395172
-0.030976402
0.023690076
0.019510914
-0.0024424887
-0.027535958
-0.018935785
0.0058324014
-0.039894333
0.031651789
0.0046280046
0.038905261
0.023163073
-0.0039361502
0.036588407
-0.0047852043
0.023146716
0.031731804
-0.036957124
0.0087723998
-0.046366997
-0.030171926
0.0069240875
0.0448578
-0.022091035
-0.0060428038
0.042319383
-0.0074567313
-0.022007035
-0.030192937
-0.043036524
0.0023310816
-0.037724117
0.012146562
0
0.036629006
0
0
0.035496931
-0.0019868118
0
0.012156
-0.035965879
0.0035676426
-0.043089965
-0.011552212
0
0.041411907
0
0
0.040333883
-0.003123936
0
-0.011506168
-0.041251131
0.0017420798
-0.032374593
0.0034504726
0.011608419
0.022063806
0
0.032518328
0
0
0.027887543
-0.0016315957
0
0.010441389
-0.027233438
-0.0032449903
0.019797521
0.0027988482
-0.037256026
0.0054069471
-0.010965229
-0.020976744
0
0.037091574
0
0
0.031901958
-0.0026359642
0
-0.0098623444
-0.03142926
-0.0051093286
-0.018870086
0.0040999872
-0.032132119
0.030309028
0.032414676
0.026797264
-0.0039045581
0.027212116
-0.026057012
0.0065668712
-0.037459687
-0.028889294
0.037585436
0.031135917
-0.0062619387
-0.02606205
-0.030385091
0
0
0
0.0014537301
-0.0073145042
0.0013312188
0.021573833
0.025209214
0
0
0.0011352894
0.0076204393
0.015858622
0
0
0
-0.0012355595
0.0049277613
-0.0016743954
0.010937587
0.014817456
0
0
-0.0047208213
-0.0017618076
0.017312109
0.0026479554
-0.014059595
0.0023347882
-0.022417291
-0.026280904
0.0021002458
0.014683701
-0.016417275
-0.0023060999
0.0095845981
-0.0030738183
-0.011667729
-0.015860009
-0.0091220004
-0.0031589009
-0.018581531
0
0
0.00055390254
-0.0079000191
0.0085063723
0
0
0
0.0083275602
0
0
0
0
0
0.0056042203
-0.0006004108
0
0.0059278021
0
-0.0051622615
0.0010302222
-0.015228187
-0.0087646305
0
0.01602721
0
0
0.010948036
-0.0011321821
0
-0.0062876014
-0.010086324
0
0
0
0.00067946054
-0.0024192979
0.0014305892
0.0029964438
0.0054339433
0
0
0
0.0027507399
0
0
0
0
0
0
-0.00085911772
0
0
0
0
0
-0.0019282237
0
0.0012655446
-0.0048247575
0.0026058
-0.0033587082
-0.0060980245
0
0.0055405421
0
0
0
-0.0013351119
0
0
0
-0.0031513852
0
0
0
0
0.0020394593
-0.0022404496
0.0023111659
0.0073380621
0.0085744479
0
0.0023232668
0
0
0
-0.0027702075
0
0
0
0
-0.0032156757
0
0.0036687691
-0.0043722743
0.0040962346
-0.0082392399
-0.0096406868
0.0045852178
0
-0.0045775008
0
0
-0.0052842425
0
0.004169584
-0.019380703
0.0037279281
0.022441802
0.026399612
0.0033213816
0.020256421
0.016341755
-0.003592274
0.013299206
-0.004721596
0.011792596
0.016146584
-0.012603797
-0.0048157348
0.01899322
0.0065168602
-0.022593158
0.0061209508
-0.021652169
-0.025559075
0.0051593322
0.023586918
-0.015647925
-0.0054477766
0.015533211
-0.0071079096
-0.011363909
-0.015731875
-0.01468833
-0.0073232828
-0.018603483
0.0016631015
-0.020957967
0.0086486161
0
0.021950303
0
0
0.015122002
-0.0018018919
0
0.0062792302
-0.013999994
0.0026490296
-0.024261013
-0.0081767258
0
0.025170776
0
0
0.017392622
-0.0027985226
0
-0.0059390499
-0.016282948
0.0019566989
-0.0067810438
0.0039098734
0.0034100069
0.0062942812
0
0.0077776734
0
0
0
-0.0018322899
0
0
0
-0.0043011631
0
0.0029628586
-0.0079537544
0.005744688
-0.0032143664
-0.0061197512
0
0.0090035595
0
0
0
-0.002699007
0
0
0
-0.0059261768
0
0.0053958214
-0.006065952
0.0059383044
0.0085714894
0.010067096
0.0064136921
0
-0.0062021172
0
0
-0.0070824284
0
0.0077576209
-0.0070709324
0.0084629205
-0.0084552027
-0.009995194
0.0075238601
0
-0.0083208388
0
0
-0.009363713
0
0
0
0
-0.0012573939
-0.0043452292
-0.0022389063
0.022664355
0.018531959
0
0
-0.00018957258
0.0053282759
0.025536634
0
0
0
-0.00080869386
0.0034850388
1.7494233e-05
0.017680766
0.01582331
0
0
-0.0028821021
0.0008609217
0.013084312
-0.0027562875
-0.0079887742
-0.0046049916
-0.023887351
-0.019641522
-0.0007069353
0.0099765392
-0.026802143
-0.0012192175
0.0064764602
0.00037218637
-0.019099427
-0.01716954
-0.0052294235
0.0019675132
-0.014284241
0
0
0.00074414217
-0.0061892137
0.026512826
0
0.0068565139
0
0
0.0044279808
-0.0014500356
0.018256818
0
-0.0040130998
0.0011307285
-0.011736934
-0.027729402
0.013112766
0.0084790838
-0.0024908357
-0.019652927
-0.007588368
0
0
0
0.0021900206
-0.00193962
0.0017255467
0.0090546708
0.0087881841
0
0.0021176252
0
0
0
-0.0032209893
0
0
0
0
-0.0028351933
0
0.0037923024
-0.0036645195
0.0028607655
-0.010206655
-0.0099448125
0.0040750488
0
-0.0051960644
0
0
-0.0044167254
0
0
0
0
0.0010349666
-0.0014413598
0.00026397875
0.0078875152
0.006543894
0
0.0017093239
0
0
0
-0.0021711859
0
0
0
0
-0.0013732335
0
0.0015299996
-0.0025749468
7.6271576e-05
-0.0089749944
-0.0075041804
0.0031524511
0
-0.0031662668
0
0
-0.0017162368
0
-0.0036808302
-0.010432108
-0.0063546658
0.02403522
0.019729938
-0.0007099417
0.013354649
0.026983763
-0.0019268376
0.0085820233
0.00039393354
0.019570922
0.017583147
-0.0067171463
0.0027050055
0.014603384
-0.0033078081
-0.011302251
-0.0068185408
-0.023086407
-0.018769408
0.00053532814
0.015011167
-0.026063307
-0.0036062914
0.0094989066
-0.00057450326
-0.019158685
-0.017127385
-0.0070972506
0.0024640516
-0.014098884
0.0019689342
-0.015957956
0.027903632
0.017994651
0.011619707
-0.0038037923
0.020127359
-0.010261902
0.0039511903
-0.018317134
-0.027021236
0.020887323
0.013428985
-0.0060424463
-0.019740046
-0.011671689
0.0054266143
-0.0049337325
0.0040293616
0.010674445
0.010402281
0.0055849983
0
-0.0068528177
0
0
-0.0056785089
0
0.0077656
-0.0055605749
0.0059134622
-0.010616945
-0.010329253
0.0064284284
0
-0.0089785207
0
0
-0.0074035211
0
0.0020851812
-0.003252215
-7.8908035e-06
0.0093796404
0.0078274999
0.0041362995
0
-0.0038834461
0
0
-0.0018554742
0
0.0033592404
-0.0033486725
0.0006208663
-0.009269255
-0.0076691912
0.0045065187
0
-0.0050684275
0
0
-0.0024732378
0
-0.012191749
-0.033141475
-0.05681739
0.019600618
0.011270051
0.00043883147
0.05002312
0.027608332
0.0033619382
0.036444303
0.020183715
0.029497888
0.023350061
-0.026223508
0.030072625
0.016021262
-0.0087166175
-0.031279707
-0.053801133
-0.015743861
-0.008088055
0.0054857549
0.047830412
-0.023574748
-0.001687766
0.03414574
0.016188548
-0.025086828
-0.018890386
-0.02376827
0.027663702
-0.011853407
0.0085708352
-0.050177573
0.031973548
0.012607312
0.049487745
0.032179295
-0.010555981
0.044752229
-0.0058565189
0.032357574
0.032816417
-0.043101837
0.014502307
-0.047869288
-0.02824053
0.018589578
0.046703923
-0.029053369
-0.016353638
0.042119197
-0.011621037
-0.028983231
-0.028818553
-0.040724318
0.0047036736
-0.034173098
-0.0037479152
0.032196358
0.029834205
0.0092973919
0.037661378
0.031205607
-0.0091286094
0.029549459
-0.0054718597
0.028421269
0.029707028
-0.026045707
0.00027442748
0.028081457
0.01027549
-0.03181769
0.001253918
-0.02832298
-0.025592018
0.01488201
0.035207337
-0.027887675
-0.014513679
0.027342084
-0.010867301
-0.025452946
-0.026313884
-0.023799579
-0.0046144304
-0.024400655
-0.012834205
-0.020462285
-0.019701314
0.024842352
0.018445326
0.02811615
0.021046642
0.0065097372
0.024100414
-0.015213752
0.011785301
0.018682533
-0.0088755333
-0.017665864
-0.017016261
-0.020479508
-0.014176972
0.025627864
0.018572115
0.0024905677
-0.020292565
-0.012382509
0.0088134165
-0.014896128
-0.0033867204
-0.02683442
-0.048817432
0.010529999
0.0034101893
0.012908602
0.041991757
0.018177463
-0.0090203483
0.028565589
0.0096462735
0.0195946
0.013064609
-0.018711584
0.022910369
0.0060466081
0.0082060806
-0.019076002
-0.048366116
-0.0022668973
0.0062423304
0.022090902
0.032723184
-0.0109322
-0.018692915
0.020260648
-3.726677e-05
-0.013020002
-0.0055930339
-0.011574765
0.013742041
0.0018490228
0.022093884
-0.041266371
0.023547244
0.025815002
0.039388864
0.025381447
-0.023464647
0.035416066
-0.019175636
0.025078996
0.023995696
-0.034565949
0.030769098
-0.030428226
-0.01825508
0.033613906
0.028436378
-0.021502437
-0.031230318
0.0254445
-0.027837807
-0.02101755
-0.018626657
-0.025273788
0.017587285
-0.026294353
0.0084023506
0.023726178
0.020401246
0.021799263
0.029271274
0.024069063
-0.021178352
0.022313113
-0.017863516
0.022015669
0.022266818
-0.019031893
-0.011400659
0.019894062
0.026056653
-0.01834894
0.017327594
-0.018731858
-0.014520575
0.029388639
0.020654661
-0.020114391
-0.028496954
0.015178609
-0.025848709
-0.018461944
-0.017911402
-0.012424338
-0.019533773
-0.014873434
-0.0024613903
-0.012620333
-0.01181873
0.01496154
0.0085774553
0.020413701
0.013925516
-0.0036143536
0.0155123
-0.0077324516
0.0037138192
0.010027639
0.0062883345
-0.0059384022
-0.0040592851
-0.0084511005
-0.0017008682
0.013156679
0.0077600111
-0.011360749
-0.010021748
-0.0018915273
-0.0032153046
-0.0042850726
0.012903958
-0.047969735
0.0282178
0.010108006
0.045860326
0.020706934
-0.0090608797
0.043390012
-0.011363769
0.02045772
0.028051957
-0.044580438
0.018246325
-0.044604059
-0.025824529
0.014178129
0.041849789
-0.019067961
-0.012996519
0.039717743
-0.016531447
-0.018604345
-0.025412184
-0.041493668
0.0053146021
-0.043417814
0.010799295
0
0.041020565
0
0
0.040173714
-0.0047818972
0
0.010643324
-0.041737037
0.0075662825
-0.038678428
-0.0099351337
0
0.035451812
0
0
0.034975012
-0.0069602896
0
-0.0096415284
-0.037362819
0.0043723414
-0.037781779
0.0082724487
0.010065659
0.019405056
0
0.037053837
0
0
0.031885421
-0.0041388298
0
0.0090002384
-0.03189679
-0.0078542968
0.017417128
0.0064662343
-0.033861585
0.012058966
-0.0090045429
-0.017491243
0
0.032326692
0
0
0.027727161
-0.0061473755
0
-0.0079627049
-0.028521968
-0.011497874
-0.015602633
0.010273287
-0.038788306
0.026773536
0.038588384
0.031970373
-0.0098204193
0.024174021
-0.031402974
0.01524971
-0.036023288
-0.024117915
0.035325065
0.029191316
-0.01461651
-0.02173311
-0.029017208
0.024507551
-0.036746664
0.023147834
0.018897091
0.033383796
0.017317128
-0.017619882
0.031816469
-0.022674526
0.016630955
0.022484529
-0.034224301
0.031086175
-0.025448286
-0.020486073
0.023802615
0.021624808
-0.015676779
-0.022475273
0.020771996
-0.029194774
-0.014789773
-0.019595667
-0.023765767
0.010185448
-0.029495652
0.0090512443
0
0.025390893
0
0
0.025372599
-0.0095270267
0
0.0086164586
-0.028700733
0.012911627
-0.017113526
-0.0082741259
0
0.012170654
0
0
0.01263834
-0.012225915
0
-0.0077136646
-0.01692392
0.0089549237
-0.025993749
0.01654701
0.0079148423
0.015448146
0
0.02346993
0
0
0.019890705
-0.0085438893
0
0.0068915814
-0.021709677
-0.015833124
0.013651981
0.011590028
-0.015234466
0.021293057
-0.0069539497
-0.013543125
0
0.011646445
0
0
0.0093850113
-0.011090541
0
-0.005947525
-0.012357949
-0.020434568
-0.011832398
0.021219324
-0.029575039
0.021170182
0.02824413
0.023165605
-0.020388343
0.019002934
-0.023576276
0.027601045
-0.020328053
-0.018270152
0.018316476
0.014710068
-0.026575278
-0.016313148
-0.015837088
0.0099979589
-0.023280775
0.0098968985
0.020151287
0.023855565
0.0078337727
0.024208919
0.014433161
-0.0081045046
0.015946034
-0.010561188
0.010479604
0.0147197
-0.015082192
-0.011085375
0.017511852
0.01466235
-0.021359227
0.015133516
-0.018125744
-0.021472815
0.011371653
0.022011714
-0.012864509
-0.011609148
0.014442676
-0.015161772
-0.0092874411
-0.013269612
-0.013720255
-0.016217249
-0.015872656
0.0041060903
-0.024619444
0.0074172467
0
0.02511186
0
0
0.017287285
-0.0042432837
0
0.0053361717
-0.016536157
0.0060457618
-0.021905753
-0.0064811121
0
0.021639472
0
0
0.014664642
-0.0061560284
0
-0.0045729716
-0.014637429
0.0044301721
-0.0081229111
0.0083971623
0.0028277353
0.0056478725
0
0.0089107598
0
0
0
-0.0041957734
0
0
0
-0.0084429576
0
0.006400763
-0.0072085123
0.011964662
-0.0023248883
-0.0049745752
0
0.0073826057
0
0
0
-0.0064470836
0
0
0
-0.012059348
0
0.011144894
-0.0072332735
0.012132286
0.0079686171
0.0095029968
0.0077335371
0
-0.011452141
0
0
-0.012707867
0
0.015703659
-0.0065163907
0.017131976
-0.007211087
-0.0086851283
0.0069852769
0
-0.015862279
0
0
-0.017418933
0
0.02026782
-0.017095702
0.021568557
0.015827441
0.018666394
0.015581824
0.01726665
0.011160484
-0.015791532
0.011193858
-0.020698818
0.0079741346
0.011588484
-0.010781264
-0.022495797
0.013891046
0.026281632
-0.011084292
0.028601831
-0.013554225
-0.015751528
0.020058474
0.010606037
-0.0095697032
-0.020264551
0.0066230064
-0.026668543
-0.0067465716
-0.0099132737
-0.0066715341
-0.029356235
-0.011810515
0.0083593251
-0.016416791
0.0055088597
0
0.015103683
0
0
0.0097497953
-0.0084386042
0
0.0037755735
-0.010768247
0.010820982
-0.0088548068
-0.004654801
0
0.0063183627
0
0
0.0031235801
-0.01087575
0
-0.0030795611
-0.0054032108
0.008791324
-0.0052852201
0.016313519
0.0017962917
0.0042179128
0
0.0045174012
0
0
0
-0.0094074007
0
0
0
-0.016718982
0
0.011390787
-0.0025788142
0.021072424
-0.0013383083
-0.0035069804
0
0.00062677215
0
0
0
-0.012850327
0
0
0
-0.022081877
0
0.021279642
-0.0050092641
0.023306771
0.0063065987
0.0076610288
0.0053570287
0
-0.021496292
0
0
-0.02344931
0
0.027407572
-0.0029184431
0.030147192
-0.005394427
-0.0065687104
0.0030562926
0
-0.027952914
0
0
-0.030371782
0
-0.0011580204
-0.010423884
-0.0055416534
0.021078886
0.016771905
0.0035033491
0.014711579
0.02410311
-0.0067371199
0.0090751816
-0.0030087537
0.017941192
0.015866082
-0.0062597871
0.00079645308
0.012817764
0.0029218583
-0.0078634948
-0.002361491
-0.018113834
-0.01379964
0.0083287744
0.012486852
-0.021241002
-0.011489975
0.0073468332
-0.0070926105
-0.016036585
-0.013892815
-0.004269046
-0.0024835376
-0.010828401
0.0075180972
-0.018514786
0.025164724
0.021429128
0.013659898
-0.0096620779
0.018581468
-0.011618757
0.01277755
-0.01654102
-0.022500469
0.019570108
0.012280355
-0.014809515
-0.016790946
-0.010105773
0.011312712
-0.0054440332
0.0090287551
0.010109559
0.0097963783
0.0064779345
0
-0.01217961
0
0
-0.010194326
0
0.016281936
-0.0045891749
0.013604783
-0.0092379691
-0.0088779481
0.0057178737
0
-0.016779055
0
0
-0.01437521
0
0.0058540701
-0.0028110783
0.0024296728
0.0087071871
0.0070828459
0.004187404
0
-0.0072939737
0
0
-0.004092356
0
0.0098013594
-0.001679424
0.0056403858
-0.0077550184
-0.00611699
0.0032030534
0
-0.010870067
0
0
-0.0069958839
0
0.0087463619
-0.0039409142
0.0025861657
0.014360406
0.0099793055
0.014784182
0.0086445025
0.017685748
-0.017675085
0.0045467451
-0.012668668
0.013612039
0.01134708
-0.0013725979
-0.0072538682
0.0082418516
0.015804552
0.00079399572
0.0088817546
-0.010073269
-0.0055287443
0.022288955
0.0037405666
-0.013724613
-0.024738853
0.0010844
-0.019234837
-0.010884839
-0.0084225699
0.0020175672
-0.013080393
-0.0052263005
0.019474742
-0.012687359
0.019267801
0.015586588
0.009485513
-0.021270889
0.014558804
-0.0073472288
0.02699518
-0.0075171897
-0.015776093
0.010052654
0.0056788807
-0.028468288
-0.012120279
-0.0037490962
0.022529866
-0.0031126472
0.019517049
0.0081112408
0.0076693746
0.0042509602
0
-0.022738975
0
0
-0.019917528
0
0.02954074
-0.0012318761
0.026271638
-0.006859484
-0.0062889265
0.0022885279
0
-0.029632086
0
0
-0.026412302
0
0.015098077
-9.2258169e-05
0.010170592
0.0064930577
0.0048369888
0.0016824645
0
-0.015774796
0
0
-0.011165113
0
0.021291153
0.0017240386
0.015618734
-0.0050257955
-0.0033332645
-0.00015159541
0
-0.021629221
0
0
-0.016257113
0
0
0
0
0
0
-0.0037522887
-0.0015622192
0
0
0
-0.001562214
0
0
0
0
0
-0.0065675451
0.00092564352
0
-0.0021907435
0
0
0
0.0042157677
0.0011160502
0.0020755706
-0.0021091969
-0.0014599586
0
0
-0.0014599686
0
0
0
-0.0065675453
-0.0021907524
0
0
0
0.00092564032
0
0
-0.01152563
0.0011439411
0
0.0011439334
0.00839982
0.001448082
0.0042157653
0.0014480676
0.0011160438
-0.0021092161
0
0
0
0
0
0
-0.0087575678
-0.00076204006
0
-0.0021254075
0
0
0
0
-0.010415154
0.00078122104
0
-0.0013418077
0
0
0
0.0074109217
0.0010595809
0.0059987807
-0.00020518672
-0.0017250765
0
-0.00095631614
0
-0.015435932
-0.00098410444
0
0.00083568745
0
-0.018463321
0.0011748421
0
-3.4403478e-05
0.014537241
0.0015538563
0.011843443
-0.0007600697
0.00085299711
-0.0012353326
0
0
0
-0.0045766975
-0.00085336303
-0.0031725553
-0.00070095709
-0.0014272052
0
0
-0.0056936284
0.0010361843
0.0013036557
0
0
0
0.0043287005
0.00086102524
0.0035124042
0.0023207215
0.00018458822
0
0
-0.00062973967
0.0024599619
-0.0007526945
-0.0090552835
-0.001002075
-0.006291157
0.00015210119
0.0010361968
-0.011225566
0.0014190937
-0.0019536563
0.0085139526
0.0010543333
0.0069081516
-0.0028189708
-0.0005601753
-0.00058705391
0.0048279409
0.00050725243
0
0
0
-0.0016070283
-0.001087618
0
-0.0010876046
0
0
0.00088635586
0
0
0.00058899994
0.0012579805
-0.00070628179
0
0
-0.00070629884
0
0
-0.0031725561
-0.0014272299
0
0.00088634478
0
0.0010362175
0.00050727796
0.0024599625
0.00058898948
-0.00075272368
0
0
0
-0.0087575645
-0.0021254251
0
0
0
-0.00076203902
0
0
-0.015435929
0.00083570281
0
-0.00098409632
0.011843442
0.00085302667
0.0059987794
-0.0012353149
-0.00095631048
-0.0017251032
0
0
0
-0.010415149
-0.0013418305
0
0
0
0.00078121642
0
0
-0.018463308
-3.4382441e-05
0
0.0011748321
0.014537233
-0.00076002863
0.0074109159
0.0015538366
0.001059573
-0.00020522763
0
0
0
-0.020715859
-0.00072120873
0
-0.00072119444
0
-0.024786347
0.0010884322
0
9.0969338e-05
0.02031007
0.0012268667
0.016621633
0.0008870253
-0.00066234533
-0.00066237397
0
-0.024786337
9.0947656e-05
0
0.0010884131
0
-0.029529524
0.00041677208
0
0.00041675356
0.024653699
-0.00010261893
0.020310062
-0.00010265976
0.0012268382
0.00088698322
-0.012972054
-0.00014843191
-0.0090552833
-0.0001483914
-0.0010020529
-0.015990245
0.00081399952
0.0019027396
0.012130763
0.00024550884
0.009876341
0.0026762226
0.00044619649
0.00044615474
0.0069081511
-0.00058702815
-0.015990242
0.0019026853
-0.011225562
0.00081395873
0.0014190693
-0.01956046
-0.0010064701
-0.001006522
0.014797999
-0.0017868623
0.012130761
-0.0017869178
0.00024546557
0.0026761676
0.0085139494
0.0010543069
-0.004576695
-0.00070099172
0
-0.00085335603
0
0.00015213956
-0.00056013496
0.0035124037
-0.00062972989
0.00018455162
0
0
-0.0056936225
0.0013036071
0
0.0010361726
0
-0.0019536042
-0.0028189206
0.0043286945
0.00086101247
0.0023206705
0
0
0
0
0
0
-0.011705325
-0.00099224125
0
0.00021737676
0
0
0
0
-0.012949523
0.001496067
0
0.0027017708
0
0
0
0.0093903989
0.0022019075
0.0085035902
0.0068000271
0.0025709252
0
-0.0014404135
0
-0.020907513
-0.0017230497
0
-0.0015361655
0
-0.023365217
0.0028098261
0
-0.0038329476
0.018221205
0.0039690677
0.016588262
-0.0076133002
-0.0035130015
-0.0024067741
0
0
0
0
-0.014788988
-0.0025741554
0
0.0066339593
0
0
0
0.0056100952
0
0
0.0058122236
0.010190714
0.013026772
0
-0.0035818519
0
-0.027046091
-0.0049588323
0
-0.0074523685
0
0.010812373
0.010875421
0.019657113
-0.013636793
-0.0066524158
0
0
0
-0.0070409115
-0.0035657784
-0.0069798777
0.015895306
0.0096119096
0
0.0052570814
0
0
0.0043745299
0.0047448431
0.016048577
0
0
-0.0030876964
0.0050025528
0.010417734
-0.013732643
-0.0064465766
-0.013643907
-0.016544107
-0.010290505
0.0097254007
0.0079694847
0.0093721847
-0.016840342
-0.0054494898
0.0098349642
-0.011121259
0
0
-0.0064950417
-0.0014980981
0.0047134778
0
0.0023131065
0
0
0.0020601261
0.0048417105
0.005750796
0
-0.0013240173
-0.012753045
-0.0023831582
-0.0054028358
0.0040107186
0.0034357505
0.0095159586
-0.006357715
-0.00198146
0
-0.028038849
-0.0019453433
0
0.0015301207
0
-0.03129001
0.0035357908
0
0.0037483982
0.025159542
0.0048220045
0.023051017
0.0075032776
0.0035438203
-0.0025380237
0
-0.033120219
-0.0015062766
0
-0.00092524956
0
-0.036526958
0.0034659699
0
-0.0030647751
0.029862596
0.0044344177
0.027712012
-0.0063575675
-0.0025766934
-0.0015841157
0
-0.036219434
-0.0065770024
0
0.0072208884
0
0.014725883
0.014540626
0.026950874
0.013279626
-0.0086263366
0
-0.041768975
-0.0071427178
0
-0.0063917373
0
0.016852771
0.016251989
0.031507938
-0.011846323
-0.0090868836
-0.019097181
-0.0081033906
-0.019141342
0.01618386
0.010062635
0.012757304
0.010235623
0.013094628
0.0166316
-0.006614584
0.013843539
0.010932843
-0.0223974
-0.0081376587
-0.022847308
-0.014677285
-0.0087691773
0.01387192
0.010767647
0.015247185
-0.015320164
-0.0062450581
0.016460485
-0.0097405695
-0.01804048
-0.0022597726
0.0052772397
0.0046270259
0.0037159296
0.013485944
0.0061908265
-0.0016061123
-0.021836699
-0.00085294967
-0.004178605
0.0038296495
0.0026124985
0.016277881
-0.0051364132
5.157368e-05
0
0
0
-0.003434197
-0.0010486301
-0.0031646636
0.0054788754
0.0025335841
0
0
-0.0033772836
0.0016387769
0.009355793
0
0
0
0.0020573246
0.0011554241
0.0022595405
0.0068234127
0.0041028926
0
0
-0.00074684309
0.0021774754
0.0019984686
-0.0067749257
-0.0014615657
-0.0062227273
-0.0060852906
-0.0029753889
-0.0067002087
0.0026192514
-0.010136167
0.0041785127
0.0017641049
0.0045201514
-0.0076182091
-0.0046885899
-0.00096907456
0.0043158063
-0.0023949448
0
0
-0.0029732322
-0.0024146453
0.013872567
0
0.0033408241
0
0
0.0022581711
0.0015745313
0.0099350717
0
-0.0016680346
-0.0059661791
-0.0041468685
-0.014826329
0.0059812935
0.0039600525
0.0032974417
-0.010942135
-0.0027772629
0
0
0
-0.00044824991
-0.0008801834
-0.00099375491
0.0049857249
0.0034343222
0
0.0011572468
0
0
0
-0.00058535407
0
0
0
0
7.3992544e-05
0
-0.0012411061
-0.0014146593
-0.0022238202
-0.005781696
-0.0040507373
0.0019797556
0
-0.00033036715
0
0
0.00078066312
0
0
0
0
-0.001308426
-0.00042193142
-0.0013740257
0.00206899
0.0010076166
0
0.00063030626
0
0
0
0.00052753341
0
0
0
0
0.00074486963
0
-0.0027564424
-0.00051758269
-0.002810417
-0.0025100907
-0.0012928088
0.00091861421
0
0.0014862111
0
0
0.0017446052
0
-0.009582696
-0.00094869856
-0.0088292361
0.0059893105
0.0028484875
-0.009429064
0.0026236392
0.0100912
0.005901652
0.001628284
0.0063998308
0.0077180128
0.0046957129
-0.00048308344
0.0061104333
0.0023350561
-0.011438238
0.00068360043
-0.010650995
-0.0051395764
-0.0021011071
-0.011057837
0.001432581
-0.0091755214
0.0067616098
0.00060654086
0.0075130952
-0.0071516773
-0.0041367956
0.00083666336
0.0072554956
-0.0018181446
-0.0083351882
-0.0048363835
0.014845943
0.0075007113
0.0048378081
0.0046268152
0.011150636
-0.0031023935
-0.0094878477
-0.0042267997
-0.013895162
0.0075921582
0.0046895058
0.0050208557
-0.010605457
-0.0024770072
-0.0018824516
-0.0015170591
-0.0032607322
0.0060105461
0.0041860316
0.0023555042
0
3.6914374e-05
0
0
0.001506198
0
-0.001829899
-0.0011070962
-0.0036390543
-0.0058051468
-0.0039441478
0.002185109
0
-8.4289007e-05
0
0
0.0017413373
0
-0.0039839566
-0.00021864986
-0.0040185863
0.0025639031
0.0012848456
0.00079271447
0
0.0023817873
0
0
0.0026214944
0
-0.0046064548
0.0005346352
-0.0046950174
-0.0023035123
-0.0010284424
0.00018527516
0
0.0027996533
0
0
0.0030536499
0
0
0
0
-0.00095103703
-0.00042019046
0
-0.00042017264
0
0
0
-0.0018504211
0.00035148463
-0.00030351081
0
0
0
0.0013185471
0.00020417537
0.0006774342
-0.00010373986
-0.00024121022
0
0
-0.00024122593
0
0
-0.0018504242
-0.00030354158
0
0.00035146739
0
-0.0036150326
0.00013575611
0.00013572706
0.0025801693
-1.3743475e-05
0.0013185476
-1.3771943e-05
0.00020416067
-0.0001037639
0
0
0
0
-0.0026149304
-0.00042164709
0.00062304298
0
0.00064767162
0
0
0.00045269182
0.001843874
0.00060377346
0
-0.00027301978
-0.0051263609
-0.00025023535
-0.00091671092
0.00068037406
0.00040995436
0.0036296036
-0.00084205013
-8.5181757e-05
0
0
0
-0.0012132494
-0.00015918057
-0.00088054381
0.00030208183
-5.6115129e-05
0
0.00026342807
0
0
0
0.00073996555
0
0
0
0
0.00056290175
0
-0.0024355485
-4.7856229e-05
-0.0017428292
-0.00046095537
-1.1406236e-05
0.0002253542
0
0.0015973992
0
0
0.0011528862
0
0
0
0
-0.00045006085
-0.00012504521
0
-0.00012503566
0
0
0.0001120949
0
0
0
0.00028798537
0
0
0
0
0
0
-0.00088054165
-5.6127518e-05
0
0.00011208292
0
-1.1389437e-05
0
0.00056289857
0
0
0
0
-0.0026149299
0.00062300422
0
-0.00042163563
0
-0.0051263604
-0.00091667082
-0.00025020671
0.0036296027
-0.00084201954
0.0018438732
-8.5154328e-05
-0.00027300585
0.00060374598
0
0
-0.0031646632
0.0025335388
0
0.00064766099
0
-0.0062227248
-0.0029753406
0.00068034516
0.004315804
-0.002394906
0.002177477
0.00040993099
0.00045268194
0.0019984353
0
0
-0.0072801381
0.00078306239
0.00078310445
-0.0001766719
-0.00030797312
0.0051276192
0.00074624297
0.00074620839
-0.0088292373
0.0028484397
-0.0001767156
-0.0021010563
-0.0018181049
0.0061104302
-0.00030801032
0.0023350132
-0.003445515
0.00041493115
-0.002435543
0.00041495157
-4.7835678e-05
-0.00018648011
0
0.0023025735
0
0
0.0015973911
0
-0.0040185804
0.0012848228
-0.002810413
-0.00018650203
0.00022533513
-0.0010284188
0
0.002621488
0
0
0.0017445965
0
-0.0012132468
0.00030206938
0
-0.00015917012
0
-0.0004609381
0
0.00073995937
0
0
0
0
-0.0013740234
0.001007599
0
0.00026342148
0
-0.0012927871
0
0.00074486846
0
0
0
0
0
-0.011705314
0.00021734989
0
0
0
-0.00099223431
0
0
-0.020907494
-0.0015361423
0
-0.001723034
0.016588249
-0.0035129523
0.0085035821
-0.0024067477
-0.0014404022
0.0025708759
0
0
0
-0.012949507
0.0027017474
0
0
0
0.0014960568
0
0
-0.023365185
-0.0038329257
0
0.0028098077
0.018221182
-0.0076132501
0.0093903875
0.0039690383
0.00220189
0.0067999736
0
0
0
-0.028038824
0.0015301011
0
-0.001945324
0
-0.033120198
-0.00092523015
0
-0.0015062539
0.027711999
-0.00257665
0.023051003
-0.0015840727
-0.00253799
0.0035437761
0
-0.031289964
0.0037483768
0
0.0035357663
0
-0.036526911
-0.0030647578
0
0.0034659414
0.029862561
-0.0063575257
0.025159512
0.0044343717
0.0048219639
0.007503232
-0.018040472
0.0052771763
-0.012753038
-0.0022597337
-0.0023831303
-0.021836695
-0.0041785452
-0.00085289786
0.016277881
-0.0051363501
0.013485945
5.1627964e-05
-0.001606067
0.0061907628
0.009515955
-0.0019814282
-0.019141325
0.010062572
-0.013643892
0.0046269811
0.0040106868
-0.022847284
-0.0087691174
0.0038295954
0.016460476
-0.0097405052
0.013843529
0.0026124459
0.0037158854
0.010932775
0.0098349577
0.0034357168
-0.006495036
0.0047134145
0
-0.0014980828
0
-0.0054027712
-0.0063576505
0.0048417079
-0.0013240015
0.0057507322
0
0
-0.0069798694
0.0096118378
0
0.0023130866
0
-0.010290439
-0.011121186
0.0050025478
0.0020601083
0.01041766
0
0
0
-0.01478896
0.006633935
0
0
0
-0.002574142
0
0
-0.02704604
-0.0074523455
0
-0.0049588103
0.019657079
-0.013636744
0.010190697
-0.0066523818
-0.0035818315
0.013026718
0
0
0
-0.01926773
0.015699306
0
0
0
0.0056100746
0
0
-0.035873768
-0.015924918
0
0.010812342
0.01891819
-0.021480672
0.0098803119
0.010875378
0.0058122027
0.021035942
0
0
0
-0.036219362
0.0072208659
0
-0.0065769744
0
-0.041768893
-0.0063917149
0
-0.0071426831
0.031507881
-0.01184628
0.026950827
-0.009086827
-0.0086262912
0.01327958
0
-0.048276868
0.015106148
0
0.014725837
0
-0.055319041
-0.01355406
0
0.016852719
0.029520606
-0.018955218
0.025717868
0.016251926
0.014540575
0.020781731
-0.019097148
0.016183801
-0.013732625
-0.0081033411
-0.0064465393
-0.022397364
-0.014677229
-0.0081376002
0.015247162
-0.015320103
0.013094613
-0.0062450023
-0.0066145348
0.016631535
0.0093721729
-0.0054494552
-0.017263578
0.023172322
-0.012519763
0.012757244
0.0097253642
-0.019782447
-0.021434701
0.013871853
0.012506564
-0.021297393
0.011100222
0.010767586
0.010235572
0.022707398
0.0080147641
0.0079694478
-0.0070408994
0.015895232
0
-0.0035657586
0
-0.016544041
-0.016840269
0.004744841
-0.0030876763
0.016048501
0
0
-0.0063695113
0.023073503
0
0.0052570576
0
-0.023681356
-0.022934907
0.0040105629
0.0043745108
0.022065764
0
0
0
-0.036550833
-0.0003127124
0
-0.0003126899
0
-0.039377881
0.0024953311
0
0.0017302385
0.032348206
0.0026348047
0.030674877
0.0041613455
0.00060959427
0.00060955401
0
-0.03937785
0.0017302211
0
0.0024953049
0
-0.040904291
0.00056480323
0
0.00056478287
0.033025509
-0.00064789162
0.032348183
-0.00064792876
0.002634755
0.0041613016
0
-0.043819512
-0.006525412
0
0.0049078542
0
0.016978198
0.015745117
0.033214761
0.0093317271
-0.0078312642
0
-0.04340662
-0.0047067544
0
-0.0024926938
0
0.015162732
0.013027538
0.03245278
-0.0055216677
-0.0048330911
-0.023339255
-0.0063517108
-0.024549037
0.011944029
0.0063004768
0.012821839
0.0093769657
0.015428273
0.012847817
-0.0041921145
0.01734073
0.0074600123
-0.021940382
-0.0027635465
-0.024275996
-0.0078926379
-0.0025212417
0.0096360006
0.006132608
0.013515054
-0.0091973269
-0.00053344202
0.016363674
-0.0040374142
-0.023995419
0.0019877732
0.0019878321
0.0014493264
2.7299018e-06
0.01760171
0.0030968373
0.0030967778
-0.024549022
0.0063004247
0.0014492699
-0.0025211915
-0.0040373605
0.01734072
2.675195e-06
0.007459951
0
-0.043819444
0.004907833
0
-0.0065253804
0
-0.043406582
-0.0024926749
0
-0.0047067279
0.032452753
-0.0055216336
0.033214711
-0.0048330475
-0.007831213
0.0093316916
0
-0.056817263
0.011270031
0
0.01697815
0
-0.053801044
-0.0080880432
0
0.015162691
0.027663654
-0.011853375
0.030072562
0.013027488
0.015745054
0.01602122
0
-0.042875538
-0.001651193
0
-0.0016511739
0
0.011633154
0.0082945746
0.029860016
-0.00014077933
-0.0001408107
0
-0.048817386
0.0034101787
0
0.011633124
0
0.006242344
0.0018490496
0.022910347
0.0082945381
0.0060465813
-0.018203193
0.0023852299
-0.021940363
0.00238527
-0.0027634974
0.0046075123
0.0013768052
0.0095598927
0.0044030976
0.0044030544
0.013515041
-0.00053339129
-0.011818716
0.0085774213
-0.017016229
0.0046074694
0.0096359485
-0.0017008397
-0.0042850371
0.003713809
0.0013767633
0.010027598
0.0088133962
0.0061325576
-0.023339221
0.011943975
-0.0063516517
-0.0078925928
-0.0091972762
0.015428254
-0.0041920599
0.012847763
-0.019701271
0.018445276
0.012821773
-0.014176931
-0.014896082
0.011785271
0.0093769063
0.018682478
-0.012035643
0.0034910428
-0.011438239
0.0034910958
0.00068365077
-0.011226424
-0.0010248623
0.00735669
0.0064053977
-0.0013344113
0.0075633905
0.0059326802
0.0030124735
0.0030124334
0.0075130971
0.00083670432
-0.011226423
0.007356636
-0.011057836
-0.0010249135
0.001432536
-0.0097763542
-0.0046341248
-0.004634171
0.0046684848
-0.0040868565
0.0064054003
-0.0040868955
-0.0013344483
0.0059326378
0.0067616151
0.00060650371
-0.0090127607
-0.0022239483
0.011961175
0.0061273393
0.0034392282
0.0040744906
0.009336195
-0.0008504148
-0.0067463734
0.0010649061
-0.0090710327
0.0031983498
0.0011724456
0.0016092334
-0.0073879686
0.0016778503
-0.00066580689
-0.00016346632
-0.002999429
0.0052075945
0.0033553146
0.0014336061
0
-0.0011531604
0
0
0.0010981523
0
0.0018124374
0.0012537499
-0.0011651567
-0.0042541069
-0.0024450659
0.00015296181
0
-0.0034168181
0
0
-0.00062901616
0
-0.0043270963
0.0017483596
-0.0046064565
0.0017483823
0.00053465779
-0.00091561593
0
0.0024256971
0
0
0.0027996541
0
-0.0029994337
0.0033552886
-0.0036390632
-0.00091564089
0.00018525311
-0.002445043
0
0.0010981583
0
0
0.0017413476
0
-0.0090127502
0.011961126
-0.0094878386
-0.0022239027
-0.0042267538
-0.0067463676
-0.0090709866
0.0010649508
0.0016092301
-0.0073879302
0.00407449
0.0016778875
-0.00085037958
0.0093361568
0.0050208542
-0.0024769712
-0.005541635
0.016771857
-0.0068185216
0.0061272907
0.0075921107
-0.0023614778
-0.013799599
0.0031983064
-0.0024835447
-0.010828366
0.00079644472
0.001172412
0.0034391896
0.012817722
0.0024640466
0.0046894709
-0.0027736126
0.0053125192
0.0053125626
-0.00086845916
-0.0018536337
-0.002286953
0.0048458848
0.0048458508
0.0025861726
0.0099792673
-0.00086850259
-0.0055287096
-0.0052262743
-0.0072538743
-0.001853669
0.00824182
0.0055400447
0.0029964556
0.0018124363
0.0029964744
0.0012537732
-0.0015119776
0
-0.0068559409
0
0
-0.0034168142
0
0.010170596
0.0048369702
0.0056403884
-0.0015119951
0.00015294242
-0.0033332529
0
-0.011165113
0
0
-0.0069958817
0
-0.00066581064
0.0052075694
-0.0018299064
-0.00016344455
-0.0011070741
-0.0042540826
0
-0.0011531548
0
0
-8.4275502e-05
0
0.0024296728
0.007082819
0.00062086199
0.0014335851
0.0021850873
-0.0061169692
0
-0.0040923485
0
0
-0.0024732273
0
-0.0034341965
0.0054788181
0
-0.0010486156
0
-0.0067749249
-0.0060852318
-0.001461538
0.0045201534
-0.0046885445
0.0022595418
-0.00096905113
-0.00074683606
0.0041028507
0
0
-0.0033772839
0.0093557288
0
0.0016387605
0
-0.0067002091
-0.010136103
0.0026192204
0.0041785191
-0.0076181575
0.0020573292
0.0017640829
0.0011554129
0.0068233648
0
0
-0.0095826971
0.0059892509
-0.0009486548
-0.0051395179
-0.004136751
0.0063998335
-0.00048305106
0.0046956687
-0.0094290661
0.010091137
0.0026235943
-0.0091754642
-0.007151632
0.0059016579
0.0016282507
0.0077179617
-0.0039839596
0.0025638752
-0.0027564447
-0.00021862725
-0.00051757009
-0.0023034884
0
0.0023817885
0
0
0.0014862133
0
-0.0032607419
0.0041860017
-0.0022238312
0.00079269588
0.00091860208
-0.0039441198
0
0.0015062118
0
0
0.00078067586
0
-0.0013084306
0.0020689688
0
-0.00042192502
0
-0.0025100642
0
0.0005275375
0
0
0
0
-0.00099375929
0.0034342981
0
0.00063030119
0
-0.0040507101
0
7.3999685e-05
0
0
0
0
-0.0029732334
0.013872496
0
-0.0024146271
0
-0.0059661789
-0.014826262
-0.0041468351
0.0032974467
-0.010942083
0.0015745353
-0.0027772387
-0.0016680224
0.0099350206
0
0
-0.0022389056
0.018531888
0
0.0033408082
0
-0.0046049872
-0.019641454
0.0059812637
0.0019675204
-0.014284189
0.00086092775
0.0039600294
0.0022581576
0.013084256
0
0
-0.0083351815
0.014845883
-0.0048363419
-0.013895109
-0.010605413
0.0046268228
-0.0031023615
0.01115059
-0.0063546553
0.019729876
0.007500666
-0.018769354
-0.01409884
0.0027050065
0.0048377754
0.014603335
-0.0018824638
0.0060105175
-0.0012411182
-0.0015170419
-0.0014146457
-0.0058051201
0
3.6931528e-05
0
0
-0.00033035367
0
-7.9037324e-06
0.0078274719
7.625888e-05
0.0023554859
0.0019797432
-0.0076691639
0
-0.0018554553
0
0
-0.0017162171
0
-0.00044825654
0.0049857001
0
-0.00088017802
0
-0.0057816683
0
-0.00058534456
0
0
0
0
0.00026396732
0.0065438642
0
0.0011572406
0
-0.0075041495
0
-0.0013732206
0
0
0
0
0.020874125
-0.0051679529
0.026355826
0
0
-0.02277963
-0.01027449
0
-0.020122377
-0.0095890877
-0.026014916
-0.043311169
-0.019802053
0.014302069
-0.029902151
0.0075089349
-0.016424673
-0.0086544366
0.02969762
0
0
0.031469229
-0.0016384593
0.035065156
0
0
0.017232707
0.015403629
0
-0.030325869
-0.003113248
-0.034348093
0.032985774
0.029564399
0.0052312043
-0.036392908
0.0027072337
0.021834932
0.01138024
0.036508762
0
0
0.019061437
-0.012557525
0.024698636
-0.059205728
-0.027273045
-0.017614473
-0.013503086
-0.022554501
-0.068876671
-0.03184522
0.021221347
-0.026659937
0.019146831
-0.025768789
-0.022379948
0.028857767
0.029002126
-0.0036293306
0.032900244
0.045431717
0.040733058
-0.027282994
-0.0025630333
-0.030674242
0.053320658
0.047726059
0.00610525
-0.032864869
0.0066011027
0.035083184
0.030052012
0.035173928
-0.012923138
0.029929328
-0.0095150636
-0.018273689
-0.013593181
-0.014171662
-0.028006167
-0.020671016
0.0082576669
-0.026785161
0.00785188
-0.015875993
-0.014322969
0.028258734
0.0057654483
-0.010803358
-0.0067129657
0.034981798
-0.0051733772
0.023816764
0.017452965
-0.006382248
-0.032996448
0.027509159
0.0030320222
-0.030729859
0.0037625053
0.020998077
0.01841543
0.032211331
0.0029328014
0.013623888
-0.0047870806
0.030027227
0
-0.0072405774
0
-0.030580373
-0.028502083
0.0028109074
-0.0058101892
0.027588409
0
0
-0.0025637376
0.035295645
0
0.0091887919
0
-0.035735706
-0.032471455
0.0013376543
0.0072251853
0.031572048
0
0
0.036969376
0.00062718928
0.039251977
0
0
-0.016431189
-0.015465807
0
-0.0356605
0.0010472661
-0.038342504
-0.031348947
-0.029595642
0.0003987074
-0.039263676
0.00012960736
-0.025561557
-0.013332378
0.039599033
0
0
0.037213862
0.0018065709
0.038696507
0
0
0.016050895
0.015504327
0
-0.035915374
0.0032496472
-0.037758055
0.030491062
0.029529027
-0.0022183564
-0.037997984
-0.001260311
0.026674229
0.013964126
0.038434837
0
0
0.034272658
0.0021172687
0.036919803
-0.043130267
-0.04076977
-0.032540057
0.0044931794
-0.034831433
-0.050594968
-0.047823983
-0.0020520038
-0.035910358
-9.9887195e-05
-0.041262814
-0.03522837
0.038059536
0.034628468
0.0051544544
0.036468817
0.041789278
0.040544846
-0.033075697
0.0081500562
-0.034642642
0.048800782
0.047406
-0.0063623951
-0.035020772
-0.0037071745
0.042917522
0.036689198
0.036898098
-0.00060841432
0.037038262
-0.00084254999
-0.02828039
-0.020574127
0.0011023691
-0.035144893
-0.032979185
-0.0019461471
-0.032198906
-0.00020581352
-0.025422631
-0.021960113
0.033622768
0.00018028167
-0.016060789
0.0029104966
0.035470369
0.0016757148
0.031010017
0.022533186
0.0053269225
-0.033782768
0.036237452
-0.0053008099
-0.030652206
-0.0029691878
0.02859144
0.024534558
0.03196199
-0.001757685
0.017846581
-0.00032105282
0.03754726
0
-0.010758318
0
-0.037820501
-0.033904473
-5.9971393e-05
-0.0084384727
0.033094293
0
0
0.00098275811
0.036089352
0
0.011778261
0
-0.036215376
-0.032266822
-0.0010332518
0.0093298769
0.031610245
0
0
0.015686429
-0.012191698
0.019600593
-0.071879403
-0.033141394
-0.01304919
-0.0087165795
-0.015743852
-0.069179982
-0.031279642
0.016188494
-0.018890353
0.020183649
-0.023768206
-0.026223435
0.023350017
0.02496634
0.00043887214
0.027608301
0.05616648
0.050023015
-0.021751422
0.005485793
-0.02357473
0.054320737
0.047830328
-0.0016878059
-0.025086799
0.0033618899
0.034145663
0.036444217
0.029497843
0.0091441742
-0.0033866968
0.010529996
-0.063438615
-0.026834373
0.0023089093
0.0082060901
-0.0022669013
-0.065120019
-0.019075979
-3.7282583e-05
-0.0055930194
0.0096462419
-0.011574735
-0.018711538
0.01306459
0.016689272
0.012908624
0.018177457
0.049310113
0.041991702
-0.0098837781
0.022090916
-0.010932203
0.03692777
0.032723158
-0.018692932
-0.013019995
-0.0090203803
0.020260614
0.028565536
0.019594583
-0.0024613621
0.014961513
-0.0088754951
-0.012620289
-0.017665803
0.0062883477
-0.0084510807
-0.0059383716
-0.011360758
-0.010021724
-0.003614371
-0.0018914933
-0.0077324091
0.01551227
0.0024905435
-0.012382454
0.0084023828
0.020401223
0.001253956
0.02041365
0.025627797
0.017327613
-0.014520565
0.013156647
-0.01953379
-0.014873416
-0.011400683
0.0077599775
0.013925471
0.019894033
-0.0046144604
0.018572058
-0.012834156
0.024842299
-0.020462212
-0.020479466
-0.020292526
0.0065097014
-0.015213688
0.024100363
-0.0037478714
0.029834157
0.028116071
-0.025591985
-0.024400617
0.00027439326
0.021046575
0.028081409
0.030231588
0.008570867
0.031973503
-0.053177391
-0.050177481
-0.027071734
0.014502331
-0.0282405
-0.050972267
-0.047869214
-0.011621067
-0.028818516
-0.0058565543
-0.040724237
-0.043101744
0.032816368
0.031053255
0.012607338
0.032179248
0.050905046
0.049487668
-0.028437646
0.018589594
-0.029053337
0.047974548
0.046703864
-0.016353658
-0.028983194
-0.010556008
0.042119124
0.044752143
0.032357523
0.02290233
0.022093901
0.023547229
-0.043960753
-0.041266327
-0.018008123
0.030769107
-0.018255083
-0.032501954
-0.030428208
-0.027837818
-0.018626649
-0.019175654
-0.025273757
-0.034565897
0.023995675
0.025264468
0.025815014
0.025381432
0.040332865
0.039388834
-0.021837207
0.033613913
-0.021502439
0.028842961
0.028436369
-0.031230328
-0.021017545
-0.023464659
0.025444479
0.035416023
0.025078977
0.017587306
0.023726158
0.010275517
-0.0262943
-0.031817617
0.026056666
-0.018731848
-0.018348907
-0.025848723
-0.017911389
-0.017863536
-0.012424303
-0.019031845
0.022266793
-0.010867327
-0.023799518
0.021799276
0.024069038
0.014882032
0.029271223
0.035207269
0.029388645
-0.020114384
0.020654635
-0.028496963
-0.018461929
-0.021178367
0.015178576
0.022313068
0.022015644
-0.014513696
0.027342019
0.0047037109
0.032196311
-0.034173015
-0.028322945
-0.026313849
-0.0054718893
-0.026045636
0.029706983
0.0092974134
0.031205558
0.037661292
-0.027887637
-0.025452906
-0.0091286323
0.029549388
0.028421219
-0.0011579961
0.021078839
-0.0033077847
-0.010423833
-0.011302198
0.0029218759
-0.018113797
-0.0078634486
-0.0070926257
-0.013892781
-0.0030087674
-0.0042690128
-0.0062597487
0.015866039
-0.00057451355
-0.0070972124
0.0035033746
0.024103064
0.00053535337
0.014711525
0.015011111
0.0083287973
-0.021240968
0.012486809
-0.01148999
-0.016036553
-0.0067371358
0.007346801
0.0090751428
0.017941152
-0.003606308
0.0094988676
0.0087463731
0.014360377
-0.003940875
0.01580456
-0.010073242
0.00079402902
-0.019234842
-0.0084225508
-0.01266868
0.0020175927
-0.0013725663
0.011347055
0.014784196
0.017685723
0.0086444641
0.022288966
-0.013724595
0.0037405363
-0.024738861
-0.010884823
-0.017675095
0.0010843776
0.0045467148
0.013612015
0.015098087
0.0064930464
0.0098013683
-9.2245558e-05
-0.001679404
0.021291158
-0.0050257853
0.0017240534
-0.021629226
0
-0.015774803
0
0
0
-0.010870066
0
0.019517059
0.007669359
0.013604793
0.0016824496
0.0032030388
0.026271646
-0.0062889186
-0.00015160776
-0.026412311
0
-0.019917534
0
0
0
-0.014375215
0
0.0058540739
0.0087071621
0.0033592408
-0.0028110597
-0.0033486495
-0.0077549952
0
-0.0072939737
0
0
-0.0050684187
0
0.0090287654
0.0097963551
0.0059134677
0.0041873852
0.0045064971
-0.0088779299
0
-0.010194329
0
0
-0.0074035189
0
0.0075181228
0.025164683
0.0039512187
-0.018514731
-0.018317075
0.01277757
-0.022500434
-0.016540974
-0.014809528
-0.016790919
-0.0096621005
-0.010105738
-0.01161872
0.018581436
-0.0060424655
-0.011671647
0.0098969181
0.023855526
0.0061209731
0.021429069
0.02088726
0.015133532
-0.021472782
0.019570058
-0.016217266
-0.015872628
-0.011085392
0.012280318
0.013659856
0.017511823
-0.0073233044
0.013428941
0.019474758
0.019267776
-0.01268732
0.026995194
-0.015776074
-0.0075171593
-0.028468294
-0.012120262
-0.0212709
-0.0037490724
-0.0073472016
0.014558779
0.021568573
0.018666367
0.015586546
0.02860184
-0.015751516
0.010052626
-0.029356245
-0.011810501
-0.022495805
0.0056788578
0.0094854838
0.013891025
0.02252987
0.0081112278
0.016281948
-0.0031126341
-0.0045891591
0.029540743
-0.0068594749
-0.001231865
-0.029632089
0
-0.022738977
0
0
0
-0.016779065
0
0.023306778
0.0076610176
0.01713199
0.0042509475
0.0057178563
0.030147198
-0.0065687005
0.0022885182
-0.030371783
0
-0.023449316
0
0
0
-0.017418949
0
0.011312727
0.010109543
0.0077656119
-0.0054440141
-0.0055605534
-0.0092379525
0
-0.01217962
0
0
-0.008978525
0
0.012132305
0.0095029821
0.0084629372
0.0064779123
0.0064284077
-0.0086851185
0
-0.012707884
0
0
-0.0093637235
0
-0.0012573909
0.022664285
0
-0.0043452126
0
-0.0027562799
-0.023887284
-0.0079887423
0.00037218726
-0.017169486
1.7498996e-05
-0.0052294015
-0.0028820893
0.015823255
0
0
-0.00018956821
0.025536568
0
0.0053282573
0
-0.00070692268
-0.026802081
0.0099765043
-0.0012192204
-0.019099374
-0.00080869023
0.006476434
0.0034850273
0.017680718
0
0
-0.0036808158
0.024035156
-0.010432062
-0.023086349
-0.017127335
0.00039393402
-0.0067171109
0.017583095
-0.00070991788
0.0269837
0.013354597
-0.026063252
-0.019158638
-0.001926847
0.0085819865
0.019570873
0.0020851728
0.0093796098
0.0015299867
-0.0032521972
-0.0025749336
-0.0092692259
0
-0.00388343
0
0
-0.0031662462
0
0.0040293614
0.010402254
0.0028607571
0.0041362816
0.0031524362
-0.010329229
0
-0.0056784967
0
0
-0.0044167073
0
0.0010349566
0.0078874844
0
-0.0014413552
0
-0.0089749642
0
-0.0021711698
0
0
0
0
0.0017255391
0.0087881552
0
0.0017093198
0
-0.0099447844
0
-0.0028351781
0
0
0
0
0.00074414337
0.026512765
0
-0.0061891953
0
0.0011307418
-0.02772934
-0.011736893
-0.0024908401
-0.019652882
-0.0014500332
-0.0075883408
-0.0040130849
0.018256774
0
0
0.0013312205
0.025209162
0
0.0068564942
0
0.0023348005
-0.026280854
0.013112725
-0.0031589042
-0.018581492
-0.0017618068
0.0084790548
0.0044279678
0.017312072
0
0
0.0019689577
0.027903579
-0.015957899
-0.02702119
-0.01974001
-0.0038038066
-0.010261865
0.020127314
0.0037279489
0.026399565
0.017994591
-0.025559031
-0.018603449
-0.004815753
0.011619669
0.018993182
0.0054266178
0.01067442
0.0037923005
-0.0049337126
-0.0036645043
-0.010616924
0
-0.0068528129
0
0
-0.0051960559
0
0.0059383158
0.010067077
0.0040962338
0.0055849784
0.004075035
-0.009995177
0
-0.0070824312
0
0
-0.0052842378
0
0.0021900142
0.0090546494
0
-0.0019396138
0
-0.010206629
0
-0.0032209794
0
0
0
0
0.002311165
0.0085744303
0
0.0021176175
0
-0.0096406681
0
-0.0032156728
0
0
0
0
0.032575524
0.002075812
0.033561728
0
0
-0.015771274
-0.015408914
0
-0.03144734
0.003780786
-0.032724418
-0.029784311
-0.029197981
-0.003040819
-0.032665251
-0.0016819021
-0.026973347
-0.014181943
0.033103815
0
0
0.023912752
0.0016382672
0.024581896
0
0
0.01543164
0.015197624
0
-0.023085767
0.0030009009
-0.023952246
0.028960422
0.028645129
-0.0025167947
-0.02385695
-0.0013810369
0.02683854
0.014173227
0.024215906
0
0
0.030375368
0.0058324154
0.031651733
-0.04058056
-0.039894271
-0.029117729
0.0087724174
-0.030171872
-0.047041157
-0.046366927
-0.0074567499
-0.030192881
-0.0047852171
-0.043036439
-0.036957044
0.031731746
0.022310459
0.0046280161
0.023163032
0.039181127
0.038905205
-0.02141475
0.0069241019
-0.022090996
0.045000822
0.044857747
-0.0060428165
-0.022006996
-0.0039361633
0.042319302
0.036588336
0.023146674
0.0041000024
0.030308972
0.0025648865
-0.032132036
-0.023395112
0.0065668885
-0.02888924
-0.037459597
-0.0062619556
-0.026061999
-0.0039045722
-0.030385008
-0.026056935
0.027212065
-0.0024424966
-0.018935731
0.0034504812
0.022063765
0.0021790099
0.032414593
0.023690017
0.0054069586
-0.020976704
0.037585349
-0.005109342
-0.018870051
-0.0032450004
0.031135835
0.026797187
0.019797483
-0.0020403154
0.019510858
0.001427646
0.030956563
0
-0.012256249
0
-0.030976348
-0.02753591
-0.0013570993
-0.0098871364
0.027064648
0
0
0.0011979203
0.022649425
0
0.01244845
0
-0.022607536
-0.020114969
-0.0011162989
0.010195573
0.019834785
0
0
0.012533255
0.0008091337
0.012926543
0
0
-0.014992867
-0.014903267
0
-0.012098063
0.0014861812
-0.012584816
-0.027975047
-0.027954774
-0.0012479386
-0.012568817
-0.00068346653
-0.026530231
-0.014066911
0.012779373
0
0
0
0
0
0
0
0.014499135
0.014614677
0
0
0
0
0.026935033
0.027313202
0
0
0
0.026331028
0.014004705
0
0
0
0.011681183
0.0023310883
0.012146541
-0.037567859
-0.037724071
-0.01119715
0.0035676508
-0.011552192
-0.042694386
-0.043089922
-0.0031239437
-0.011506146
-0.0019868173
-0.04125106
-0.03596581
0.012155977
0
0
0
0.035912666
0.036628969
0
0
0
0.04034276
0.041411873
0
0
0
0.040333821
0.035496867
0
0.0017420848
0.011608397
0.0010792858
-0.032374514
-0.023774269
0.0027988556
-0.01096521
-0.037255945
-0.0026359716
-0.0098623261
-0.0016315988
-0.031429179
-0.027233363
0.01044137
-0.0010051947
-0.019903816
0
0
0
0.032518251
0.024002959
0
0
0.037091497
0
0
0
0.03190188
0.027887469
0
0
0.020481911
0.00059204019
0.012002931
0
-0.012531319
0
-0.011949751
-0.01067704
-0.00054814954
-0.010419147
0.010566083
0
0
0
0
0
0.012685047
0
0
0
0
0.010744735
0
0
0
0.027531149
0.012903971
0.028217757
-0.048525425
-0.047969677
-0.025575166
0.018246335
-0.025824499
-0.044938564
-0.044604018
-0.016531457
-0.02541215
-0.011363784
-0.041493611
-0.044580359
0.028051906
0.020316006
0.010108014
0.020706901
0.04579994
0.045860283
-0.019016927
0.014178135
-0.019067939
0.041535879
0.041849772
-0.012996524
-0.018604319
-0.0090608861
0.039717701
0.04338995
0.020457688
0.023340953
0.024507559
0.023147823
-0.036763477
-0.036746651
-0.021078178
0.031086185
-0.020486079
-0.0250854
-0.025448297
-0.029194781
-0.019595664
-0.022674534
-0.023765758
-0.034224272
0.022484511
0.017610324
0.018897094
0.017317118
0.032789253
0.033383801
-0.01627736
0.023802621
-0.015676783
0.020751724
0.021624833
-0.02247528
-0.014789774
-0.017619882
0.020772005
0.031816454
0.016630943
0.021219331
0.021170164
0.01524972
-0.029575001
-0.036023223
0.027601052
-0.018270147
-0.020328038
-0.026575284
-0.016313141
-0.020388347
-0.015837066
-0.023576235
0.019002913
-0.014616519
-0.02901715
0.016547011
0.015448132
0.012058969
0.028244103
0.035325013
0.021293058
-0.013543124
0.018316471
-0.020434568
-0.011832396
-0.015833125
0.014710056
0.023165575
0.013651966
-0.011497875
0.029191264
0.010273303
0.026773486
-0.038788225
-0.024117878
-0.021733073
-0.0098204302
-0.031402901
0.024173975
0.0082724583
0.019405021
0.038588308
-0.017491219
-0.015602609
-0.0078543077
0.031970301
0.017417096
0.010614694
0.0053146063
0.010799278
-0.042757413
-0.043417784
-0.0099507184
0.0075662853
-0.0099351197
-0.037758808
-0.038678426
-0.0069602877
-0.009641515
-0.0047819009
-0.037362791
-0.041736986
0.010643306
0
0
0
0.039633311
0.041020547
0
0
0
0.033817731
0.035451816
0
0
0
0.034974994
0.040173671
0
0.0092675888
0.010185447
0.0090512355
-0.028348658
-0.029495671
-0.0086669556
0.012911629
-0.0082741254
-0.01579373
-0.01711357
-0.012225913
-0.0077136603
-0.009527024
-0.01692394
-0.028700733
0.0086164476
0
0
0
0.023604651
0.025390926
0
0
0
0.010337956
0.01217071
0
0
0
0.012638374
0.025372611
0
0.0089549185
0.0079148348
0.0064662323
-0.025993735
-0.033861541
0.011590025
-0.0069539476
-0.015234474
-0.011090536
-0.0059475214
-0.0085438814
-0.012357945
-0.021709655
0.0068915721
-0.0061473756
-0.028521921
0
0
0
0.023469925
0.032326656
0
0
0.011646463
0
0
0
0.0093850184
0.019890688
0
0
0.027727117
0.0043723446
0.010065644
-0.037781713
-0.0090045305
-0.007962694
-0.0041388337
-0.03189672
0.0090002245
0
0
0.037053779
0
0
0
0.03188535
0
0.0099979691
0.020151249
0.0065168794
-0.023280714
-0.022593094
0.014662356
-0.018125713
-0.021359178
-0.01516178
-0.01326959
-0.010561201
-0.01372022
-0.015082149
0.014719671
-0.0071079286
-0.014688285
0.0078337819
0.014433136
0.0051593465
0.02420886
0.023586852
0.011371656
-0.012864489
0.022011671
-0.011609152
-0.0092874257
-0.0081045143
0.014442644
0.015945993
0.010479585
-0.0054477947
0.015533165
0.020267825
0.015827421
-0.017095665
0.026281638
-0.013554217
-0.011084268
-0.026668551
-0.0099132648
-0.020698825
-0.0066715148
-0.010781236
0.011588467
0.015581821
0.011160472
0.017266622
0.020058474
-0.0095696964
0.010606019
-0.020264552
-0.0067465653
-0.015791532
0.0066229884
0.011193837
0.0079741245
0.021279651
0.0063065917
0.015703671
-0.0050092513
-0.0065163706
0.02740758
-0.0053944235
-0.0029184318
-0.027952923
0
-0.021496303
0
0
0
-0.015862296
0
0.016313523
0.0042179087
0.011964669
0.0053570171
0.0069852591
0.021072427
-0.0035069755
0.0030562805
-0.022081886
0
-0.016718991
0
0
0
-0.012059363
0
0.01114491
0.0079686039
0.0077576395
-0.007233252
-0.007070909
-0.0072110767
0
-0.011452161
0
0
-0.008320855
0
0.008397179
0.0056478632
0.0057447069
0.0077335179
0.0075238376
-0.004974569
0
-0.0084429762
0
0
-0.0059261965
0
0.0041060947
0.0074172368
0.0026490386
-0.024619385
-0.024260946
0.0060457634
-0.0064811046
-0.021905713
-0.0061560267
-0.0045729661
-0.004243293
-0.014637397
-0.016536118
0.0053361616
-0.0027985328
-0.016282901
0
0
0
0.025111801
0.025170708
0
0
0.021639425
0
0
0
0.014664609
0.017287239
0
0
0.01739257
0.0083593157
0.005508854
-0.016416766
0.010820977
-0.0046547969
-0.0088547966
-0.010875746
-0.0030795519
-0.0084385989
-0.0054031933
-0.01076823
0.0037755673
0
0
0.015103665
0
0
0.0063183578
0
0
0
0.0031235691
0.0097497758
0
0.0087913221
0.0017962888
0.0064007655
-0.0052852078
-0.0072084986
0.011390785
-0.0013383063
-0.0025788042
-0.012850331
0
-0.0094074026
0
0
0
-0.0064470917
0
0
0
0
0.0045173892
0.0073825871
0
0
0.00062676365
0
0
0
0
0
0
0
0
0.0044301793
0.0028277313
0.0029628728
-0.0081228889
-0.0079537329
-0.0023248858
0
-0.0041957873
0
0
-0.002699023
0
0
0
0
0.0089107324
0.0090035325
0
0
0
0
0
0
0
0.0014537313
0.021573789
0
-0.007314484
0
0.0026479641
-0.022417244
-0.014059554
-0.0030738265
-0.015859974
-0.0016743977
-0.0091219736
-0.0047208109
0.014817422
0
0
0.0011352918
0.015858588
0
0.0076204171
0
0.0021002524
-0.01641724
0.014683659
-0.0023061067
-0.0116677
-0.0012355615
0.009584574
0.0049277497
0.01093756
0
0
0.0041695986
0.022441758
-0.019380641
-0.021652127
-0.015731845
-0.0047216101
-0.012603758
0.016146551
0.003321394
0.016341721
0.020256359
-0.015647897
-0.011363884
-0.003592289
0.013299167
0.011792565
0.0053958335
0.0085714698
0.0036687746
-0.0060659324
-0.0043722609
-0.0084551851
0
-0.0062021257
0
0
-0.0045775035
0
0.0039098871
0.0062942642
0.0026058099
0.0064136743
0.0045852061
-0.0061197382
0
-0.0043011757
0
0
-0.0031513916
0
0.0020394588
0.0073380473
0
-0.0022404444
0
-0.0082392219
0
-0.0027702052
0
0
0
0
0.001430591
0.0054339297
0
0.0023232642
0
-0.0060980075
0
-0.0019282238
0
0
0
0
0.00055390465
0.0085063502
0
-0.0078999958
0
0.0010302243
-0.0087646087
-0.015228142
-0.0011321876
-0.0062875823
-0.00060041409
-0.010086299
-0.0051622493
0.0059277863
0
0
0
0
0
0.0083275355
0
0
0
0.016027165
0
0
0
0.010948005
0.005604204
0
0
0
0.0016631087
0.0086485965
-0.02095791
-0.00817671
-0.0059390376
-0.0018019004
-0.013999955
0.0062792133
0
0
0.021950243
0
0
0
0.015121962
0
0.001956708
0.0034099954
0.00126555
-0.0067810295
-0.0048247461
-0.0032143571
0
-0.0018322987
0
0
-0.0013351196
0
0
0
0
0.0077776544
0.0055405307
0
0
0
0
0
0
0
0.00067946367
0.0029964343
0
-0.0024192958
0
-0.0033586969
0
-0.00085911722
0
0
0
0
0
0
0
0.0027507342
0
0
0
0
0
0
0
0
-0.012471269
0.019007285
-0.011234753
-0.01247127
-0.011234751
0.020573017
0.032414663
0.016352643
0.0027023807
0.0039298269
-0.028809134
0.010352799
-0.016017592
0.0059385832
-0.0027039144
-0.002703924
0.002702396
0.032414667
0.0039298371
0.020573026
0.016352639
0.0017635063
0.040967499
0.0014859604
0.001763526
0.0014859748
-0.038037373
-0.00071382381
-0.028809143
-0.00071382123
0.010352789
0.0059385829
-0.017787534
0.039318006
-0.017079064
0.01334255
0.013153325
0.015123784
0.040964177
0.015297364
0.018735387
0.018023716
-0.038606783
0.013620447
-0.0365562
0.017357123
0.013536096
-0.013593697
-0.0030608917
0.046274943
-0.0031712924
-0.01004408
-0.0095197431
0.0014097414
0.046592513
0.002171807
-0.016632956
-0.015611709
-0.044348325
0.0017379958
-0.043643112
-0.014768723
-0.0096381805
-0.0018555023
0.034512895
-0.0090632077
0.027337236
0.01390603
0.0085461279
0.036658025
0.010514605
0.016546309
-0.035503094
0.0069571191
-0.033841583
0.015231633
0.013722949
-0.0049228178
-0.028064815
0.0098179062
0.041533038
0.00029711932
0.036065813
-0.01011717
-0.0034020822
0.042353405
0.00042251504
-0.013939988
-0.041016326
-0.00114028
-0.040427157
-0.012820264
-0.010285146
0.002333175
-0.035641894
-0.0054039641
0.01663814
0.0014705075
0.0014705237
0.0047733121
0.00097235725
-0.019981958
0.0042904798
0.0042904586
0.027337242
0.0085461237
0.0047732923
-0.0034020818
-0.0054039569
-0.028064824
0.00097233686
0.0098178957
0.013342567
0.039318011
0.013153336
-0.017787546
-0.017079068
-0.01004411
0.046274945
-0.0095197613
-0.0030609223
-0.0031713106
-0.043643113
-0.0096381973
-0.036556206
-0.0018555108
-0.013593686
0.013536102
0.018735407
0.040964185
0.018023731
0.015123812
0.015297377
-0.016632988
0.046592518
-0.015611737
0.0014097834
0.0021718367
-0.044348332
-0.014768743
-0.03860679
0.0017380137
0.013620447
0.017357133
0.0089085064
0.049968415
0.0079985336
0.0089084683
0.007998504
-0.0099017928
0.049243324
-0.0087549465
0.016014612
0.014788271
-0.047179594
-0.0081629387
-0.047595457
0.013744602
0.0077975499
0.007797574
0.016014654
0.049243325
0.014788306
-0.0099017443
-0.0087549099
-0.017038372
0.047908678
-0.0157051
-0.017038322
-0.01570506
-0.046115142
-0.014492297
-0.047179597
-0.01449226
-0.0081629084
0.013744631
0.045504772
0.0080370887
0.041533041
0.0080370704
0.00029711779
0.045239122
-0.007985087
0.012791747
-0.043817273
-0.0078260427
-0.044144977
0.011656666
0.0081965767
0.0081965864
-0.04042716
0.0023331773
0.045239123
0.012791773
0.042353411
-0.0079850628
0.00042252464
0.04432908
-0.013339889
-0.01333986
-0.042924614
-0.01201011
-0.043817274
-0.012010092
-0.0078260277
0.011656682
-0.041016329
-0.0011402802
0.034512904
0.01390603
-0.0090631926
-0.010117179
-0.010285152
-0.033841592
-0.004922797
0.013722944
0.036658032
0.016546313
0.010514594
-0.013940004
-0.012820272
-0.0355031
0.0069571052
0.015231633
-0.011569569
0.037118066
-0.012325339
0.019168003
0.018251279
0.0071303425
0.028252731
0.0082428724
0.015261254
0.014420181
-0.026925503
0.0081531737
-0.035234542
0.013371472
0.017170743
-0.011593227
0.0017154079
0.041589964
0.0006346009
-0.01802462
-0.016879603
-0.0060566109
0.031509237
-0.0047799022
-0.014810936
-0.013814369
-0.030236665
-0.0041776141
-0.039781152
-0.012653253
-0.015643262
0.00044707042
-0.0018550002
0.0153882
-0.0032740274
0.0082733083
0.0077467367
-0.0041396021
0
-0.0023661712
0
0
0
-0.0014516282
-0.0147036
0
0.0070892184
-0.0036886219
0.011428861
0.017208849
0.0099982306
-0.0082067365
-0.007600233
-0.017713889
0
-0.016096161
0
0
0
-0.014837956
-0.0165559
0
-0.0068816548
0.0090686403
0.014026017
-0.0030911195
0.025673484
0.0062839968
0.012070818
0
-0.0014998995
0
0
-0.0023414186
-0.013453403
0
0.0052909569
-0.0017650228
-0.024697189
0.01042584
0.015865843
0.0086622813
0.028965138
-0.006046077
-0.011305667
0
-0.014047634
0
0
-0.013578227
-0.015245491
0
-0.0050588754
0.0085273274
-0.027914821
-0.009691262
0.033549949
-0.0095967468
0.015826094
0.0069443455
0.0050126286
-0.032363999
0.014039971
-0.0068932013
0.038073315
0.0010241813
-0.014256422
-0.0041977787
-0.0045086108
-0.036782708
-0.012556561
0.0019298807
0.012667229
0.043502342
0.011377908
0.017964806
0.016695744
-0.016787076
0.032852627
-0.01545245
0.01511385
0.014053916
-0.031691433
-0.014333431
-0.041842754
0.01283411
0.015348057
0.010471911
0.019572738
0.042058035
0.018235825
-0.019121399
-0.01783364
-0.023383153
0.031705155
-0.022111234
-0.016250237
-0.015214095
-0.0307125
-0.020725905
-0.040623437
-0.013990708
-0.016425074
0.016907405
0.022033369
0.017978845
0.020684261
0.008552618
0.007923354
-0.028295333
0
-0.026911972
0
0
0
-0.025464535
-0.017388968
0
0.0071825655
0.019405466
0.028266165
0.01738037
0.027087653
-0.0093413748
-0.008742524
-0.034136209
0
-0.033041529
0
0
0
-0.03158866
-0.016883543
0
-0.0080165277
0.025674906
0.016721214
0.018230544
0.03046025
0.0063330875
0.011448129
0
-0.024062208
0
0
-0.02258431
-0.016085813
0
0.0053423349
0.016943399
-0.02938872
0.0098203085
0.016277521
0.024071613
0.029589058
-0.0071715685
-0.012582352
0
-0.029884028
0
0
-0.027840474
-0.015664655
0
-0.0061719912
0.022105383
-0.02855337
-0.010906979
0.040186542
0.0098746034
0.013886664
-0.013406493
-0.012398444
-0.038863017
0.012167986
0.0092690071
0.039105648
0.015555766
-0.014878439
-0.019225211
-0.0173938
-0.037820928
-0.013050264
0.013954811
0.031919956
-0.004180989
0.035328373
0.011627567
0.013089991
0.024217656
0.0029563583
0.0083456383
-0.02445694
0.0013595606
-0.03231369
0.0058097211
0.0084900792
-0.0019781215
-0.035933147
0.0098970946
0.036240851
0.0025985356
0.040616969
-0.010359901
-0.011061543
0.027367978
-0.0045709223
-0.0077154841
-0.027679789
-0.00383804
-0.036706292
-0.0053427984
-0.0075494957
0.0026048498
-0.041149716
-0.0084178521
0.013109313
-0.00025412105
0.00406876
0
-0.0035238929
0
0
-0.0043370825
-0.013154397
0
0.0026136956
0.0007399435
0.014847494
0.0081437307
-0.0038762455
0
-0.012996256
0
0
-0.01156413
-0.0149008
0
-0.0024832707
0.0067864669
0.013877908
0.00055750071
0.025661884
0.0010412678
0.0029675275
0
-0.0037949843
0
0
0
-0.016384476
0
0
0
-0.027546954
0
0.015857718
0.0036855789
0.0293586
-0.00097754199
-0.0027070252
0
-0.0081289062
0
0
0
-0.01949565
0
0
0
-0.032316135
0
0.033346711
-0.00054356429
0.036827285
0.0046158416
0.0055542504
0.00039679596
0
-0.034510511
0
0
-0.037407205
0
0.038161638
0.0017614947
0.0422928
-0.0040994504
-0.004759098
-0.0022405828
0
-0.040203913
0
0
-0.043507964
0
0.038282674
0.0082119162
0.043292702
0.010008481
0.01001367
0.028813688
-0.010829885
0.0078488544
-0.029221181
-0.0081832577
-0.03887602
0.0054770777
0.0072803623
0.0063725838
-0.043858012
0.0076114357
0.037239309
0.011760069
0.04236071
-0.010742707
-0.010197281
0.027974829
-0.014810847
-0.0088389264
-0.028457454
-0.01097575
-0.037964312
-0.0062862512
-0.007812599
0.0087179006
-0.043031928
-0.0076637672
0.015658729
0.015054434
0.0041604292
0
-0.020626522
0
0
-0.01743695
-0.015732431
0
0.0027562953
0.011819067
0.015230311
0.019332912
-0.004953322
0
-0.025102853
0
0
-0.020933733
-0.015317555
0
-0.0034584151
0.015003897
0.016912854
0.0063392246
0.031388924
0.0011918086
0.0028017347
0
-0.011710435
0
0
0
-0.021610772
0
0
0
-0.035493559
0
0.016661716
0.0080877318
0.031036514
-0.0016973001
-0.0032910178
0
-0.013917499
0
0
0
-0.022173429
0
0
0
-0.036204785
0
0.04084196
0.003638378
0.045396264
0.0039471537
0.0043059705
-0.0044591376
0
-0.043945211
0
0
-0.047490542
0
0.040445493
0.0047800683
0.045061776
-0.0042265885
-0.0042883613
-0.0059034549
0
-0.044671109
0
0
-0.048200275
0
0.023253257
0.0056194605
0.0056194812
0.029921561
-0.0014831551
0.0097380684
-0.031796994
-0.0025027518
-0.025970935
0.0081209256
0.0053724972
0.0053724811
0.029921568
0.009738055
-0.0014831783
0.036436844
-0.00619153
-0.0061915385
-0.037709569
-0.0056237801
-0.031796999
-0.0056237907
-0.0025027721
0.008120912
0.034387376
-0.0018014898
0.012405176
0.0037754531
0.0014242043
-0.035498132
0.0097467017
0.0001401032
0.040433716
0.0035780903
-0.0095882325
-0.0022997923
-0.0026279717
-0.041214464
-0.0077287544
0.0037027132
0.036463978
0.0007615788
0.033040553
0.0056269129
0.0048745055
0.00012476902
0
-0.036669989
0
0
-0.033098077
0
0.042203608
0.00254246
0.038747097
-0.0045617672
-0.0035761743
-0.0019027991
0
-0.042788539
0
0
-0.038944638
0
0.027609089
0.0034820145
0.0034820213
-0.0020095822
0
-0.02772386
0
0
0.033040557
0.0048744999
-0.0020095929
-0.0035761687
0
-0.033098082
0
0
0.034387383
0.012405169
-0.0018014681
0.040433718
-0.0095882306
0.0035780996
-0.041214469
-0.0077287506
-0.03549814
0.0037027253
0.00014012132
0.0097466922
0.035328379
0.013089987
0.0037754341
0.040616972
-0.011061548
-0.0022997961
-0.04114972
-0.0084178543
-0.035933153
-0.0026279823
0.001424189
0.00989709
0.043786976
0.007748745
0.0077487419
-0.0072243031
-0.0058335035
-0.044377822
0.006346641
0.0063466391
0.043292703
0.010013678
-0.0072242996
-0.01019729
-0.007663773
-0.043858016
-0.0058335025
0.0076114431
0.045557481
0.003802336
0.042203614
0.0038023345
0.0025424668
-0.0034633716
0
-0.046784875
0
0
-0.042788545
0
0.045396266
0.0043059747
0.042292806
-0.0034633744
-0.0019028047
-0.0042883701
0
-0.047490546
0
0
-0.04350797
0
0.036463983
0.005626908
0.00076159078
-0.004561766
0
-0.036669994
0
0
0.036827289
0.0055542446
0.00012475808
-0.0047590971
0
-0.037407208
0
0
0.019168023
0.037118073
0.018251297
-0.011569613
-0.012325367
-0.01802465
0.041589966
-0.016879631
0.0017153522
0.00063456024
-0.039781156
-0.015643285
-0.03523455
0.00044704383
-0.01159324
0.017170757
0.01526127
0.028252736
0.014420199
0.0071304021
0.0082429163
-0.014810963
0.031509242
-0.013814392
-0.0060565411
-0.0047798528
-0.030236669
-0.012653277
-0.026925511
-0.0041775769
0.0081531961
0.013371484
0.017964846
0.043502346
0.016695776
0.012667171
0.011377863
-0.019121447
0.042058034
-0.017833678
0.019572682
0.01823578
-0.040623438
-0.016425105
-0.041842757
0.016907368
0.010471874
0.015348088
0.015113882
0.032852625
0.014053948
-0.016787008
-0.015452398
-0.016250276
0.031705159
-0.015214126
-0.02338309
-0.022111185
-0.0307125
-0.013990737
-0.031691436
-0.020725865
-0.014333391
0.012834136
0.040186545
0.013886686
0.03807332
0.0098745763
0.0010241641
0.03910565
-0.014878466
0.015555736
-0.037820931
-0.013050281
-0.038863017
0.013954791
0.0092689914
0.012168003
-0.036782713
0.0019298733
0.030460251
0.011448152
0.028965144
-0.013406463
-0.0041977583
0.029589062
-0.012582372
-0.01922518
-0.028553373
-0.010906997
-0.029388727
-0.017393777
-0.012398425
0.0098203223
-0.027914826
-0.0045085988
0.033549955
0.015826101
-0.0095967457
-0.014256442
-0.012556571
-0.032364002
-0.0068931929
0.014039974
0.02567349
0.01207083
0.0069443563
-0.011305683
-0.0096912751
-0.024697194
0.0050126288
0.010425846
0.0082733196
0.015388202
0.0077467441
-0.0018550756
-0.003274084
-0.0082067541
0.017208853
-0.0076002498
0.01142878
0.0099981678
-0.016555903
-0.0068816669
-0.014703601
0.0090685953
-0.0036886584
0.0070892236
0
0
0
-0.0041395141
-0.0023661023
0
0
0
-0.017713802
-0.016096091
0
0
0
-0.014837901
-0.0014515792
0
0.0085526386
0.017978849
0.0079233733
0.022033295
0.020684202
-0.0093413978
0.017380368
-0.0087425449
0.028266095
0.027087601
-0.016883543
-0.0080165445
-0.01738897
0.025674865
0.019405423
0.0071825809
0
0
0
-0.028295249
-0.02691191
0
0
0
-0.034136131
-0.033041473
0
0
0
-0.031588617
-0.025464485
0
0.016721218
0.0063330996
0.015865848
0.018230511
0.0086622526
0.016277521
-0.0071715826
0.024071581
-0.015664659
-0.0061720008
-0.016085817
0.022105358
0.016943376
0.0053423463
-0.015245495
0.0085273162
0
0
0
-0.024062172
-0.0140476
0
0
-0.029883994
0
0
0
-0.027840445
-0.022584286
0
0
-0.013578209
0.014026017
0.0062840007
-0.0030911389
-0.0060460871
-0.0050588828
-0.013453404
-0.0017650284
0.0052909599
0
0
-0.0014998683
0
0
0
-0.0023414054
0
0.021450427
0.036808907
0.020232192
0.021450371
0.02023215
-0.024807202
0.027734379
-0.023718884
0.018191254
0.017250474
-0.02696185
-0.022345286
-0.035674541
0.016072136
0.018819007
0.01881904
0.018191295
0.027734377
0.017250509
-0.024807145
-0.023718842
-0.020839861
0.020909404
-0.020041709
-0.020839815
-0.020041676
-0.020394391
-0.018941775
-0.026961849
-0.018941748
-0.022345254
0.016072162
0.029047505
0.015227454
0.028114473
0.010547968
0.010022151
-0.034112038
0
-0.033331523
0
0
0
-0.032058939
-0.014848713
0
0.0093413578
0.026798041
0.024093873
0.011497547
0.023458961
-0.012111832
-0.01168672
-0.027910761
0
-0.027438832
0
0
0
-0.026506068
-0.011251948
0
-0.01107021
0.022448251
0.014346177
0.02514853
0.026020816
0.0085191293
0.014667041
0
-0.030392329
0
0
-0.028282476
-0.013802349
0
0.0075178831
0.023047991
-0.025090529
0.012943104
0.010892629
0.021110678
0.01971182
-0.010284001
-0.017565276
0
-0.025192305
0
0
-0.023482768
-0.010473413
0
-0.0092948483
0.019384117
-0.018980798
-0.015823778
0.034392491
0.01720605
0.017206022
-0.020702014
-0.018635584
-0.033227869
0.015238591
0.01523861
0.026020816
0.014667063
-0.020701989
-0.017565296
-0.015823796
-0.025090532
-0.018635565
0.012943121
0.010547992
0.015227453
0.01002217
0.029047445
0.02811443
-0.012111856
0.011497544
-0.011686739
0.024093825
0.023458927
-0.011251946
-0.011070225
-0.014848714
0.022448226
0.026798007
0.0093413743
0
0
0
-0.034111973
-0.033331475
0
0
0
-0.02791071
-0.027438796
0
0
0
-0.026506041
-0.032058904
0
0.013969807
0.0063314018
0.013657144
0.013969782
0.013657126
-0.016091439
0
-0.01589071
0
0
0
-0.015405984
-0.0062186171
0
0.013110122
0.013110135
0
0
0
-0.016091409
-0.015890688
0
0
0
0
0
0
0
0
0
-0.015405972
0
0.0060327252
0.012362221
0.010892629
0.012362209
0.021110658
0
-0.014685102
0
0
-0.013732366
-0.0057979216
0
0.011395033
0.011395045
-0.010473414
0.019384101
0
0
0
-0.014685091
-0.025192285
0
0
0
0
0
0
0
-0.013732354
0
0
-0.023482749
0.014346179
0.0085191423
0.025148503
-0.010284014
-0.0092948603
-0.013802353
0.023047969
0.0075178945
0
0
-0.030392299
0
0
0
-0.028282454
0
0.032636571
0.012650961
0.037239312
0.01265095
0.011760059
0.024509703
-0.015798658
0.010713463
-0.024965371
-0.011705598
-0.033381362
0.0078065546
0.0092376761
0.009237683
-0.037964314
0.0087178937
0.024509706
0.010713474
0.027974834
-0.015798646
-0.014810835
0.018439305
-0.013477634
-0.013477621
-0.018640049
-0.010112152
-0.024965374
-0.010112143
-0.011705588
0.0078065643
-0.028457459
-0.010975745
0.013377498
0.020137213
0.0062427278
0
-0.025460189
0
0
-0.021264136
-0.013435923
0
0.0045854989
0.01570155
0.010104949
0.017037762
-0.007994274
0
-0.021212968
0
0
-0.017943145
-0.010043259
0
-0.0061442052
0.013523028
0.014811482
0.0085924184
0.027740631
0.0024844599
0.0041902042
0
-0.014248182
0
0
0
-0.020713102
0
0
0
-0.033707414
0
0.011197773
0.0076322561
0.021161159
-0.0035564432
-0.0055473888
0
-0.01235503
0
0
0
-0.016876384
0
0
0
-0.027439912
0
0.036230846
0.0049839524
0.040445497
0.0049839429
0.0047800646
-0.0063121681
0
-0.041482429
0
0
-0.044671111
0
0.027740631
0.0041902092
0.031036516
-0.006312163
-0.0059034503
-0.0055473956
0
-0.033707412
0
0
-0.036204786
0
0.013377501
0.0062427354
0.015230315
0.020137198
0.019332896
0.010104953
-0.0079942801
0.017037751
-0.01004326
-0.0061442106
-0.013435926
0.013523022
0.015701541
0.0045855023
-0.015317559
0.015003892
0
0
0
-0.025460175
-0.025102835
0
0
-0.021212955
0
0
0
-0.01794314
-0.021264127
0
0
-0.020933728
0.0055638135
0.01010815
0.01010814
0
-0.012482931
0
0
-0.010736408
-0.0054545706
0
0.0082566076
0.0082566123
0
0
-0.012482924
0
0
0
0
0
0
0
-0.010736403
0
0.0058099277
0.0050339263
0.011197773
0.0050339242
0.0076322526
0
-0.0079650672
0
0
0
-0.010350445
0
0
0
-0.016876383
0
0
0
0
-0.0079650663
-0.012355027
0
0
0
0
0
0
0
0
0
0
0
0.014811484
0.0024844613
0.016661719
0.0085924137
0.0080877299
-0.0035564441
0
-0.020713102
0
0
-0.022173427
0
0
0
0
-0.014248181
-0.013917499
0
0
0
0
0
0
0
0.031919961
0.011627567
-0.0041809782
0.036240853
-0.010359908
0.0025985367
-0.036706294
-0.0075494976
-0.032313693
0.0026048536
-0.0019781071
0.0084900766
0.024217656
0.0083456391
0.0029563504
0.02736798
-0.0077154876
-0.00457092
-0.027679789
-0.0053427981
-0.024456943
-0.0038380421
0.0013595521
0.0058097161
0.038282675
0.010008492
0.008211909
-0.010742718
-0.0078126084
-0.038876021
0.0063725847
0.0072803681
0.028813692
0.0078488627
-0.010829876
-0.0088389362
-0.0062862574
-0.029221185
-0.0081832531
0.0054770818
0.040841962
0.0039471591
0.03816164
0.0036383779
0.0017615002
-0.0042265943
0
-0.043945214
0
0
-0.040203915
0
0.031388925
0.002801734
0.029358598
-0.0044591387
-0.0022405853
-0.0032910229
0
-0.035493557
0
0
-0.032316137
0
0.033346718
0.0046158388
-0.00054355545
-0.0040994505
0
-0.034510517
0
0
0.025661886
0.0029675234
0.00039678618
-0.0027070243
0
-0.02754696
0
0
0.013109314
0.0040687573
-0.000254117
0.014847498
-0.0038762491
0.0081437228
-0.014900802
-0.0024832674
-0.013154396
0.0067864682
0.00073995004
0.0026136906
0
0
-0.0035238915
0
0
-0.012996249
0
0
0
-0.011564128
-0.004337086
0
0.015658734
0.0041604344
0.015054422
-0.0049533293
-0.0034584178
-0.015732433
0.011819062
0.0027562965
0
0
-0.02062651
0
0
0
-0.017436944
0
0.016912855
0.0011918065
0.015857717
0.006339223
0.0036855794
-0.0016972984
0
-0.021610771
0
0
-0.019495649
0
0
0
0
-0.011710434
-0.008128905
0
0
0
0
0
0
0
0.013877909
0.0010412638
0.00055750578
-0.00097753898
0
-0.016384478
0
0
0
0
-0.003794988
0
0
0
0
0
0
0.048029888
0.0020114043
0.036769348
0
0
0.0020113948
0.0050777297
0
0.057899052
-0.0013120421
0
0.0053054601
-0.052376561
-0.0012008877
-0.04122027
0.0083898578
0.0032841788
0.0032841935
-0.028593925
-0.00036613326
0
0.057899043
0.0053054681
0.049394644
0
0
-0.0013120291
0.0021492472
0
0.06320192
-0.0043190998
0
-0.0043190878
-0.058898961
-0.0068533685
-0.052376558
-0.0068533433
-0.0012008624
0.0083898766
-0.043442175
0.0042552058
0
0.060288194
0.00080375149
0
0.0072633241
0
0.056111143
-0.0010249575
0
0.0081133956
-0.054107212
-0.0008815104
-0.056566869
0.013834679
0.012166397
0.00049845758
0
0.063662689
0.0039750546
0
-0.0067480253
0
0.058362958
-0.004005206
0
-0.0078653342
-0.056956176
-0.0064098819
-0.060792143
-0.01338311
-0.01122654
0.0062175432
0.053493315
-0.0012136173
0.048298537
0.014990727
0.0095107558
0.052282458
0.00047622756
0.017529655
-0.050593308
0.0029988475
-0.051031527
0.019546759
0.016100836
-0.0043554637
-0.045469555
0.0088527117
0.058454117
0.0067977078
0.055511282
-0.013730719
-0.0075530083
0.055763419
-0.0072652995
-0.0168886
-0.054635094
-0.0067048922
-0.05650903
-0.018704762
-0.014534122
0.0058408937
-0.052940744
-0.0065557894
0.0370084
0.0017011255
0.025512902
0.0017011008
-0.010879007
0.00099996419
0.0051376644
-0.03457394
-0.0016202515
-0.0016202297
-0.023651807
-0.02392877
0.048298535
0.0095107854
0.039146265
0.0010000014
0.009325623
-0.0075530459
-0.0065558349
-0.045469556
0.0051377035
0.0088527443
-0.03644821
0.016258465
0
0.060288179
0.0072633315
0.053885584
0
0
0.0008037316
-0.002168445
0
0.06366268
-0.0067480362
0
0.0039750368
-0.060792138
-0.011226559
-0.056566859
0.0062175096
0.00049842329
0.012166411
-0.049661582
-0.0051165831
0
0.056111121
0.0081133972
0.051067726
0
0
-0.0010249317
0.0020163192
0
0.058362944
-0.0078653393
0
-0.0040051802
-0.056956166
-0.013383124
-0.054107198
-0.0064098381
-0.00088146815
0.013834686
-0.048695877
0.0047372887
0
0.06273415
0.0064195599
0
0.0064195435
0
0.056942319
-0.0063700476
0
0.0076852088
-0.056261707
-0.010807921
-0.060945244
0.013134783
0.01073004
0.010730071
0
0.056942313
0.0076852198
0
-0.0063700246
0
0.051422876
-0.0076381175
0
-0.0076380946
-0.051476754
-0.013223686
-0.0562617
-0.013223647
-0.010807878
0.013134808
0.059541941
0.01315899
0.058454112
0.013158948
0.0067976607
0.055806486
-0.01345248
0.016632913
-0.055335544
-0.014497756
-0.058309953
0.018459193
0.013944277
0.013944328
-0.056509029
0.0058408355
0.055806482
0.016632949
0.055763414
-0.013452419
-0.0072652393
0.051725345
-0.016942728
-0.016942674
-0.051885557
-0.019013801
-0.055335542
-0.019013737
-0.014497686
0.018459239
-0.054635092
-0.0067048213
0.053493312
0.014990751
0.046215398
-0.0012136645
-0.0091994577
-0.01373075
-0.01453416
-0.051031526
-0.0043555149
0.016100863
-0.043497503
-0.014633261
0.052282452
0.017529668
0.046442718
0.00047628218
0.0083687119
-0.016888622
-0.018704795
-0.05059331
0.0029989108
0.019546779
-0.044373911
0.012890611
0
0.046195072
0.0014790734
0
0.0076441736
0
0.032066159
-0.002273381
0
0.0059536525
-0.032726257
-0.0035370106
-0.045731721
0.010277416
0.013156926
0.0018920916
0
0.047816156
0.0043385469
0
-0.0076077354
0
0.033260745
-0.0049817337
0
-0.006041395
-0.034040965
-0.0086614944
-0.047694301
-0.010401055
-0.013067498
0.0072344151
0
0.015797408
0.0035776562
0
0.0032952877
0
0
-0.0058130545
0
0
0
-0.0095336382
-0.016854796
0
0.0056665485
0.0059900807
0
0.016533383
0.0060800906
0
-0.0034032335
0
0
-0.0079990733
0
0
0
-0.013988195
-0.017562369
0
-0.0058255258
0.010828391
0.017247687
0.0069510638
0.032856102
0.0072710089
0.013222205
0
-0.011455111
0
0
-0.011769544
-0.017328447
0
0.0082496817
0.0065356061
-0.032636269
0.01502903
0.018105979
0.01394083
0.034485343
-0.0074520438
-0.013344726
0
-0.018097542
0
0
-0.020425114
-0.018395406
0
-0.0084271277
0.015450035
-0.034639658
-0.015112058
0.045049941
0.0011154992
0.016864071
-0.0035549875
-0.0023740676
-0.044189178
0.019079008
-0.00077759517
0.047496556
0.0086304211
-0.0167009
-0.010831956
-0.011536834
-0.047133382
-0.018807179
0.0086269981
0
0.046513155
0.0065705681
0
0.0075642337
0
0.032430898
-0.0070481774
0
0.0060935057
-0.033335377
-0.012587114
-0.046791498
0.010530818
0.013050604
0.011426335
0
0.041974887
0.0077606172
0
-0.007567646
0
0.029355177
-0.0080932521
0
-0.0061413577
-0.030350052
-0.014606356
-0.042634427
-0.01072732
-0.013206336
0.013700584
0
0.016247247
0.007911696
0
0.0034776015
0
0
-0.0094565492
0
0
0
-0.017065869
-0.017224528
0
0.0059695104
0.014396688
0
0.014811961
0.0087254953
0
-0.0035302461
0
0
-0.0098775335
0
0
0
-0.018152307
-0.015706167
0
-0.0061235083
0.016034772
0.017897783
0.019160951
0.034085599
0.0076676315
0.013563699
0
-0.022815138
0
0
-0.026720583
-0.018378211
0
0.0087071702
0.022204223
-0.034607103
0.015411389
0.016457383
0.02167336
0.031334682
-0.0079527781
-0.013961512
0
-0.024708323
0
0
-0.029502324
-0.017074084
0
-0.0091304024
0.025620872
-0.032147917
-0.016022121
0.047111446
0.01456663
0.016741583
-0.016452478
-0.018687509
-0.047277375
0.018904206
0.016115837
0.043408546
0.017869782
-0.017121755
-0.019429198
-0.022606679
-0.044038208
-0.01952528
0.020404484
0.043174921
-0.0035145957
0.048980429
0.020116213
0.020273352
0.032164032
-0.00025108155
0.015929735
-0.031479204
0.0023937061
-0.04199022
0.016143884
0.020290768
-0.0066261068
-0.04731581
0.020123947
0.046565905
0.007482799
0.053476556
-0.019688208
-0.019184728
0.034528727
-0.011004419
-0.015930472
-0.034158768
-0.0096039997
-0.045756353
-0.016020191
-0.019654623
0.0056070821
-0.052177738
-0.018729375
0.01720894
0.0050047711
0.0087309247
0
-0.010760648
0
0
-0.0088253729
-0.016937116
0
0.0088311803
0.002762113
0.018488869
0.015568375
-0.0088784489
0
-0.021180954
0
0
-0.020694999
-0.018407809
0
-0.0089236288
0.014643284
0.016533957
0.00030373405
0.030590525
0.008651905
0.015868624
0
-0.0064472619
0
0
-0.016011428
-0.029503691
0.018161254
0.013110425
0.033526304
-0.0086695848
-0.015588007
0
-0.019387181
0
0
-0.017756273
-0.032633134
0.040591215
-0.0095135997
0.045456428
0.019895717
0.01950144
0.0050343032
-0.038952761
-0.043322081
0.044661891
0.003511104
0.050624201
-0.019011452
-0.017755257
-0.0077960284
-0.043260483
-0.048749942
0.04719251
0.016318234
0.054720283
0.019814279
0.01892981
0.034859305
-0.019491304
0.016284162
-0.034817028
-0.019179762
-0.046799008
0.016392009
0.019765203
0.015526477
-0.053863701
0.018415237
0.04438988
0.021526602
0.051811227
-0.02065415
-0.019709839
0.032702159
-0.024306354
-0.017089508
-0.03294913
-0.024788033
-0.044392218
-0.017354571
-0.020775551
0.021532423
-0.051415942
-0.019364958
0.018673776
0.023690871
0.0092066584
0
-0.028921921
0
0
-0.029678857
-0.018781154
0
0.0092783869
0.023908267
0.017524948
0.027997249
-0.0097574366
0
-0.032613571
0
0
-0.034233222
-0.017787674
0
-0.009935149
0.029028326
0.0186979
0.023224549
0.03446507
0.0090287772
0.015940264
0
-0.029340175
0
0
-0.018426175
-0.033801661
0.017850712
0.02901055
0.03286446
-0.0097648398
-0.017013283
0
-0.034635457
0
0
-0.017711856
-0.032442968
0.046055521
0.014165799
0.052681936
0.019056938
0.017317786
-0.018143394
-0.044945317
-0.051129533
0.044005535
0.020766067
0.050640925
-0.020174054
-0.0183531
-0.024370052
-0.043217545
-0.049460439
0.032699373
-0.0057295881
0.02214647
-0.0057296111
-0.037403464
0.04329621
0.010243102
0.0071173567
-0.041219719
0.01527047
-0.030858083
0.0050337623
-0.0096960588
-0.0096960489
-0.020570316
-0.049461171
0.04329621
0.0071173897
0.034324302
0.010243137
0.02384457
0.050866943
-0.0043721201
-0.0043720737
-0.048892757
-0.0017355592
-0.041219721
-0.0017355196
0.015270499
0.0050337919
-0.032229067
0.030864276
0.048964151
-0.0084444008
0.015950647
0.0063714048
0.010006385
-0.046969354
0.015094322
-0.012670207
0.054792132
0.0037250712
-0.014031768
-0.0050262183
-0.0027139153
-0.053074019
-0.012747331
0.001061755
0.044769526
-0.016115549
0.038861531
0.014070908
0.0033341782
0.013168281
-0.04220845
-0.03587527
0.05113861
-0.0014342734
0.046700017
-0.011247607
0.0005766937
-0.00036806313
-0.048856774
-0.044086306
0.028632964
-0.012578192
0.018474534
-0.0125782
-0.058709248
0.019134115
-0.025395683
-0.01399853
0.038861535
0.003334198
0.029724799
0.019134132
0.036066998
0.00057666262
-0.035875275
-0.026373895
0.048964152
0.015950677
0.041254476
-0.0084444497
-0.020706218
0.054792131
-0.014031811
0.0037250106
-0.053074018
-0.012747371
-0.046969353
0.0010616996
-0.012670247
0.01509435
-0.039082
-0.026461102
0.048980432
0.020273376
0.042446266
0.0063714673
0.017955916
0.053476558
-0.019184764
-0.005026144
-0.052177739
-0.018729413
-0.047315815
-0.0027138462
0.010006441
0.020123973
-0.040519791
0.022868242
0.057106019
0.013422591
0.013422536
-0.014234108
-0.013063374
-0.055779406
0.012057126
0.012057177
0.054720283
0.018929863
-0.014234037
-0.019709911
-0.019365023
-0.053863705
-0.013063304
0.018415288
0.054185438
0.010381716
0.05113861
0.010381671
-0.0014343131
-0.011462047
-0.052239063
-0.048856774
0.052681938
0.017317834
0.050624202
-0.011461991
-0.00036800856
-0.018353159
-0.051129535
-0.048749944
0.044769527
0.014070935
0.036680437
-0.016115579
-0.030801689
-0.011247641
-0.042208451
-0.033879044
0.045456432
0.019501462
0.038434652
0.013168318
0.026780114
-0.017755292
-0.043322087
-0.03610952
0
0.04619505
0.0076441727
0.042293984
0
0
0.0014790436
-0.0015095204
0
0.047816135
-0.0076077369
0
0.0043385169
-0.047694284
-0.013067505
-0.045731707
0.0072343611
0.0018920401
0.013156923
-0.041602455
-0.0036898653
0
0.032066141
0.0059536518
0.029287183
0
0
-0.0022733515
0.00063000461
0
0.033260728
-0.0060413959
0
-0.0049816985
-0.034040953
-0.01040106
-0.032726245
-0.0086614308
-0.0035369533
0.010277414
-0.02985837
0.0019479429
0
0.046513145
0.0075642432
0
0.0065705372
0
0.041974885
-0.0075676641
0
0.0077605875
-0.042634424
-0.013206368
-0.046791489
0.013700529
0.011426278
0.013050624
0
0.032430889
0.0060935108
0
-0.0070481413
0
0.02935517
-0.0061413692
0
-0.0080932168
-0.030350051
-0.010727347
-0.033335371
-0.014606288
-0.012587046
0.010530834
0.047111439
0.016741614
0.047496544
0.014566551
0.0086303466
0.04340854
-0.017121804
0.017869707
-0.044038205
-0.019525335
-0.04727737
0.020404395
0.016115747
0.018904247
-0.047133378
0.0086269106
0.034085593
0.013563727
0.034485333
-0.016452382
-0.010831865
0.031334682
-0.013961552
-0.019429103
-0.032147915
-0.016022164
-0.034607099
-0.02260657
-0.018687399
0.015411418
-0.034639653
-0.011536727
0.045049932
0.016864078
0.040546943
0.0011154307
-0.0067200125
-0.016700917
-0.018807205
-0.044189176
-0.0007776735
0.019079023
-0.039293176
-0.010554264
0.032856094
0.013222212
0.029716067
-0.0035549047
0.004204416
-0.013344743
-0.015112079
-0.032636262
-0.0023739744
0.015029047
-0.029171759
0.0073437045
0
0.015797397
0.0032952869
0.014273995
0
0
0.0035776289
0.00081634999
0
0.016533373
-0.003403236
0
0.0060800527
-0.017562363
-0.0058255308
-0.016854789
0.010828323
0.0059900208
0.0056665488
-0.015342171
0.00066904115
0
0
0
0
0
0
-0.0058130276
-0.0032747171
0
0
0
0
-0.0079990412
0
0
0
-0.013988129
-0.0095335822
0
0
-0.0044485594
0
0.016247238
0.0034776044
0
0.0079116576
0
0.014811951
-0.0035302507
0
0.0087254576
-0.015706164
-0.00612352
-0.017224523
0.016034701
0.014396613
0.0059695195
0
0
0
0
-0.0094565143
0
0
0
0
-0.009877498
0
0
0
-0.018152237
-0.017065798
0
0.017897779
0.0076676477
0.018105973
0.019160846
0.013940729
0.016457381
-0.007952802
0.021673255
-0.017074082
-0.009130425
-0.018378207
0.025620751
0.022204097
0.0087071884
-0.018395399
0.015449918
0
0
0
-0.022815033
-0.018097441
0
0
-0.024708221
0
0
0
-0.0295022
-0.026720453
0
0
-0.020424991
0.01724768
0.0072710154
0.015589931
0.0069509753
-0.00068649004
-0.0074520532
-0.0084271412
-0.017328443
0.0065354988
0.0082496916
-0.015476892
-0.0031284716
0
0
0
-0.011455025
-0.0039771861
0
0
0
-0.011769432
0
0
-0.0021476592
0
0.034316754
0.0076573626
0
0.0076573362
0
0.024093965
-0.007878233
0
0.0062140915
-0.02510099
-0.014277077
-0.035250584
0.011036468
0.01359688
0.01359693
0
0.024093959
0.0062141081
0
-0.0078781995
0
0.017002988
-0.0063467426
0
-0.0063467205
-0.01789557
-0.011503344
-0.025100987
-0.011503297
-0.014277018
0.011036503
0
0.012241094
0.0083019512
0
0.003574745
0
0
-0.0090779169
0
0
0
-0.016874456
-0.013011435
0
0.0063090706
0.015328445
0
0.0086985553
0.006590801
0
-0.0036301149
0
0
-0.0070348373
0
0
0
-0.013175292
-0.0092929933
0
-0.0065502706
0.012189004
0.013758703
0.020890691
0.026183754
0.0083304688
0.014589095
0
-0.023224858
0
0
-0.028055197
-0.014420841
0
0.009715826
0.024962238
-0.027143377
0.016990163
0.0099275724
0.016688497
0.018879784
-0.0088193118
-0.015483088
0
-0.018267907
0
0
-0.022238232
-0.01051399
0
-0.010470137
0.020068321
-0.0197789
-0.018332653
0.036311798
0.017910454
0.017910387
-0.019148268
-0.022539033
-0.037237075
0.020732564
0.02073264
0.026183753
0.014589149
-0.01914818
-0.015483154
-0.018332726
-0.027143376
-0.022538934
0.016990221
0
0.012241082
0.0035747511
0
0.008301916
0
0.0086985486
-0.0036301253
0
0.0065907733
-0.009292989
-0.0065502909
-0.013011428
0.012188951
0.015328376
0.0063090891
0
0
0
0
-0.0090778824
0
0
0
0
-0.0070348077
0
0
0
-0.013175233
-0.016874389
0
0
0.0044839528
0.0037249124
0
0.0037248975
0
0
-0.0039008353
0
0
0
-0.0073428755
-0.0048339015
0
0.006880686
0.0068807157
0
0
0
0
-0.0039008171
0
0
0
0
0
0
0
0
0
-0.0073428419
0
0.005224264
0.0094436147
0.0099275679
0.0094435715
0.01668842
0
-0.010236659
0
0
-0.012532962
-0.0055929125
0
0.011402086
0.011402134
-0.010513987
0.020068234
0
0
0
-0.010236608
-0.018267825
0
0
0
0
0
0
0
-0.012532907
0
0
-0.022238138
0.013758701
0.0083304971
0.020890594
-0.0088193474
-0.010470176
-0.01442084
0.024962126
0.0097158569
0
0
-0.023224759
0
0
0
-0.028055082
0
0.037888274
0.022251061
0.04438988
0.02225098
0.021526514
0.027873061
-0.024581957
0.018379334
-0.028315041
-0.025476938
-0.03819329
0.018921771
0.02270065
0.022700722
-0.044392221
0.021532339
0.027873059
0.018379391
0.032702156
-0.02458186
-0.024306242
0.020499445
-0.020145127
-0.020145056
-0.020990112
-0.021055889
-0.028315038
-0.021055829
-0.025476852
0.018921825
-0.03294913
-0.024787934
0.014944703
0.027623779
0.010541673
0
-0.031398709
0
0
-0.033383419
-0.015298232
0
0.0108938
0.029039771
0.010998696
0.0223755
-0.011550651
0
-0.025090094
0
0
-0.026896639
-0.011350786
0
-0.012128464
0.023714673
0.015464921
0.029432287
0.028440834
0.010865148
0.018799131
0
-0.034208504
0
0
-0.015439508
-0.028242602
0.01155405
0.0242321
0.021225049
-0.012286138
-0.021229642
0
-0.027784261
0
0
-0.011602261
-0.021195699
0.038116059
0.022346189
0.044005541
0.022346122
0.020765999
-0.025467364
-0.037646982
-0.043217546
0.028440832
0.018799182
0.032864461
-0.025467293
-0.024369972
-0.021229696
-0.028242603
-0.032442972
0.0149447
0.010541704
0.017524945
0.027623668
0.027997123
0.010998693
-0.011550688
0.022375417
-0.011350783
-0.012128495
-0.015298228
0.023714603
0.029039676
0.010893826
-0.01778767
0.029028212
0
0
0
-0.031398591
-0.03261344
0
0
-0.025090001
0
0
0
-0.026896562
-0.033383315
0
0
-0.034233097
0.0059060741
0.012775292
0.012775248
0
-0.014223666
0
0
-0.015338022
-0.0061441969
0
0.013611528
0.013611562
0
0
-0.014223612
0
0
0
0
0
0
0
-0.01533798
0
0.006296721
0.01398201
0.011554047
0.013981977
0.024232044
0
-0.015934812
0
0
-0.0063590957
-0.011602257
0
0
0
-0.015934777
-0.027784197
0
0
0
0
0
0
0.015464915
0.010865174
0.01785071
0.029432208
0.029010458
-0.012286165
-0.015439504
-0.017711853
0
0
0
-0.034208418
-0.034635353
0
0
0
0.043174923
0.020116236
0.037927507
-0.0035146736
-0.014894969
0.046565909
-0.019688241
0.0074827086
-0.04575636
-0.019654655
-0.041990226
0.0056069964
-0.0066261776
0.020290788
-0.036450766
-0.019213927
0.032164035
0.015929752
0.028390985
-0.00025098703
0.011081256
0.034528726
-0.015930499
-0.011004313
-0.034158773
-0.01602022
-0.031479208
-0.0096038982
0.0023937903
0.016143901
-0.027444636
0.014950492
0.047192513
0.019814323
0.016318138
-0.020654209
-0.020775613
-0.046799012
0.015526392
0.01976525
0.034859304
0.016284198
-0.019491192
-0.017089554
-0.017354616
-0.034817031
-0.019179657
0.016392045
0.046055527
0.019056982
0.044661896
0.014165728
0.0035110344
-0.020174109
-0.044945323
-0.043260483
0.034465075
0.015940299
0.033526309
-0.01814331
-0.0077959455
-0.017013327
-0.033801665
-0.032633137
0.040591219
0.019895738
0.034821194
-0.0095136561
-0.022836459
-0.019011485
-0.038952766
-0.033015496
0.030590529
0.015868638
0.026352881
0.0050343768
0.018370693
-0.015588032
-0.029503696
-0.025126041
0.017208937
0.0087309395
0.015164757
0.0050046648
-0.0063500697
0.018488865
-0.0088784652
0.015568254
-0.01840781
-0.0089236442
-0.016937118
0.014643172
0.0027620128
0.0088311912
-0.014726003
-0.0098999173
0
0
0
-0.010760534
0.00068706512
0
0
-0.021180827
0
0
0
-0.02069488
-0.0088252635
0
0
0.0040724734
0.018673775
0.009206676
0.023690745
-0.009757461
-0.0099351713
-0.018781153
0.023908148
0.0092784066
0
0
-0.028921786
0
0
0
-0.029678732
0
0.018697899
0.0090287973
0.018161256
0.023224452
0.01311033
-0.0097648617
-0.018426177
-0.017756278
0
0
0
-0.029340069
-0.019387077
0
0
0
0.016533961
0.0086519158
0.014192521
0.00030364559
-0.013233576
-0.0086696026
-0.01601143
-0.013580727
0
0
0
-0.006447164
0.0074745116
0
0
0
0
0
0
0
0
0.0032904649
0.0036145049
0
0
0
-0.0012938665
0
0
0
0
0
0.005658489
-0.0028032363
0
-0.0031862124
0
0
0
-0.0039851639
-0.0051575612
-0.0019394456
-0.008110609
-0.0039959337
0
0
0.0057742283
0
0
0
0.0058761073
0.0064478438
0
0
0
0.001600322
0
0
0.010075588
-0.0049759472
0
0.0036374139
-0.0077761017
-0.0094012291
-0.0038582981
0.0081811364
0.0040338303
0.010645051
0
0
0
0
0
0
0.0080753963
0.0028716846
0
-0.0045661605
0
0
0
0
0.010972971
-0.0032508736
0
-0.0049369931
0
0
0
-0.0082971062
-0.0055114725
-0.0060132445
-0.012739914
-0.011288958
0
0.005123427
0
0.014266409
0.0050238669
0
0.0052267174
0
0.019102507
-0.0055329383
0
0.0060198687
-0.015843479
-0.0097806929
-0.011600311
0.013202789
0.011461904
0.0092336965
0
0
0
0.0049203465
0.006997415
0.0031872692
-0.018876023
-0.013665974
0
0
0.0069427847
-0.0073025684
-0.021697743
0
0
0
-0.0058999235
-0.0088059625
-0.0040941787
-0.030963888
-0.026645128
0
0
0.0086179939
-0.0026540013
-0.019301034
0.0097273841
0.012774344
0.00635976
0.018550993
0.013383906
0.013539345
-0.013170183
0.021511718
-0.011793991
-0.016002407
-0.0083457668
0.030195122
0.025874835
0.015819544
-0.0054653566
0.018716378
0
0
0
0.0016114109
0.0075794597
0
-0.0069574478
0
0
-0.0070293408
0
0
-0.0086985746
-0.0013767692
-0.0099369004
0
0
0.0092320701
0
0
0.0032109297
0.014065993
0
0.0068199152
0
-0.012962138
-0.016088556
-0.0028314231
0.0096453732
0.017151206
0
0
0
0.0073097761
0.0080411448
0
0
0
-0.0020215301
0
0
0.012483631
-0.0061702348
0
-0.0041925732
-0.010238214
-0.011898282
-0.005138206
-0.0087569734
-0.0044318447
0.013582783
0
0
0
0.0073719298
0.0081723164
0
0
0
0.0024901083
0
0
0.012546809
-0.0062521088
0
0.0047436597
-0.010865045
-0.012295901
-0.0055034346
0.0094034255
0.0049293614
0.014119384
0
0
0
0.017580493
0.0061908165
0
-0.0058780161
0
0.023334687
-0.0067390857
0
-0.0068002637
-0.020506604
-0.012197523
-0.015150045
-0.014038856
-0.012145014
0.011610508
0
0.017625344
0.0062768456
0
0.0064238896
0
0.023306565
-0.006823053
0
0.0073167558
-0.021501435
-0.012562968
-0.015983356
0.014606826
0.012776582
0.01197625
0.01312641
0.01627053
0.0086438625
-0.018847421
-0.013672753
0.018093525
-0.016670769
-0.021841831
-0.01607198
-0.020411775
-0.011510332
-0.02989569
-0.025689055
0.0202752
-0.0075824165
-0.018666189
0.014267701
0.016990508
0.0094422805
0.019224196
0.014129812
0.019536648
-0.017383251
0.022070889
-0.017665459
-0.021441936
-0.012738458
0.029565611
0.025633854
0.021319018
-0.0084148735
0.018813318
0.0043741624
0.018124673
0
-0.0070487776
0
-0.016609002
-0.020712351
-0.0039218519
-0.0096962854
0.022159799
0
0
0.0047881165
0.01905616
0
0.0074291891
0
-0.017390445
-0.021821945
-0.0043439832
0.0099068319
0.023404458
0
0
0
0
0
0
0.014605132
0.0037391776
0
-0.0040905131
0
0
0
0
0.019209657
-0.0042093018
0
-0.002037488
0
0
0
-0.014501819
-0.0065031327
-0.011050059
-0.0094835273
-0.012118099
0
0.006045194
0
0.024916688
0.0061668357
0
0.0058932906
0
0.031901682
-0.0067030394
0
0.0049158558
-0.026898645
-0.0111385
-0.02085294
0.011315748
0.013128876
0.010541327
0
0
0
0
0.025397939
0.0046077733
0
0.0010977768
0
0
0
-0.0047441519
0
0
-0.0059791168
-0.019169997
-0.0052441603
0
0.0066733076
0
0.0403242
0.0068765081
0
0.003439198
0
-0.0062087065
-0.010142108
-0.034465485
0.0081977986
0.011165681
0
0
0
0.016885388
0.0076351789
0.012571992
-0.014731828
-0.019150863
0
-0.0052066522
0
0
-0.0032598453
-0.015428227
-0.025623178
0
0
0.0079460082
-0.011250391
-0.029671486
0.030606636
0.013531443
0.023605802
0.015768239
0.019800739
-0.011878445
-0.01208269
-0.028131445
0.024830622
0.014690612
-0.021349325
0.029259185
0
0
0.0094239212
0.0077149008
-0.021733248
0
-0.0079526609
0
0
-0.0089186603
-0.0082239318
-0.031862796
0
0.0090158867
0.018077539
0.013747498
0.021895793
-0.014054103
-0.016038435
-0.016050479
0.031271809
0.016236418
0
0.030041854
0.0074041859
0
-0.0068529
0
0.037697879
-0.0079197133
0
-0.0060824075
-0.033775903
-0.013655819
-0.026668477
-0.012659467
-0.014197924
0.013026087
0
0.029807367
0.0074789402
0
0.0073145246
0
0.036980647
-0.008012767
0
0.0063982506
-0.034630605
-0.014088437
-0.027723439
0.012948174
0.014671961
0.013401163
0
0.045911423
0.008061896
0
-0.004598759
0
-0.0078091814
-0.013155819
-0.041662429
-0.0096177562
0.013736264
0
0.044340521
0.0082963712
0
0.0045823641
0
-0.0083006013
-0.014256543
-0.041860842
0.0095434457
0.014388887
0.038189058
0.017441667
0.030570179
-0.015760707
-0.020218725
-0.016433288
-0.018053784
-0.035471854
-0.022999482
0.01968525
-0.028001513
-0.02853221
0.039431122
0.01864819
0.0322397
0.015145763
0.01995582
-0.018231802
-0.020606282
-0.037183486
0.021390145
0.021457906
-0.029994201
0.027359079
0.023851141
0.017313387
-0.022296378
-0.017698102
-0.020540392
-0.021517981
-0.030848225
0.020661326
0.025516349
0.018061166
0.022330953
-0.018575684
-0.021836648
-0.02340698
0.030169115
0.021746711
0
0
0
0.0070730599
0.010131222
0.0048756752
-0.041720176
-0.039943414
0
0
0.01004146
-0.0096409038
-0.040002994
0
0
0
-0.0086167925
-0.010338829
-0.0056622528
-0.04941637
-0.050860068
0
0
0.011237982
-0.0035957239
-0.048368145
0.014209717
0.01831534
0.010182682
0.040416878
0.038575954
0.019382482
-0.017487901
0.038661575
-0.017267716
-0.018732965
-0.012174028
0.0470434
0.04856158
0.020263759
-0.0083701694
0.046058373
0
0
0.014174334
0.0079430803
-0.036517532
0
-0.000834743
0
0
0.0014297757
-0.012774826
-0.046285138
0
0.0079312352
0.02608355
0.015162066
0.034147109
-0.011402514
-0.010440932
-0.02397018
0.042522517
0.015394206
0
0
0
0.010711115
0.0082811639
0.0063292637
-0.054357624
-0.057968549
0
0.0028862576
0
-0.0049320852
0
-5.2833499e-05
0.021287355
0.015778449
0.014478659
0.048786283
0.053411297
-0.0097669167
-0.017595894
-0.010499424
0
0
0
0.0033725036
0.012604297
0.0014822694
-0.059615872
-0.056695163
0
-0.011222372
0
0.0030496611
0
0.0046926625
0.0094209619
0.022439116
0.0058627314
0.054947103
0.052060457
-0.020100165
-0.0054481891
-0.0021636724
0.019416262
0.023400459
0.014241853
-0.039154423
-0.03760414
0.025751912
-0.022606428
-0.036815715
-0.02347591
-0.024240009
-0.017254403
-0.044131915
-0.046393363
0.025811726
-0.012343027
-0.04428091
0.021406328
0.024723256
0.015910029
0.037713828
0.036661436
0.027883027
-0.024215801
0.034682957
-0.025776896
-0.02600078
-0.019405612
0.041166873
0.044255935
0.027208797
-0.014160931
0.042738534
0.033177622
0.020969884
-0.030525769
-0.01854181
-0.018409875
-0.030908824
-0.03734521
0.021724567
0.035093867
0.023210767
0.027851122
-0.021780516
-0.022158073
-0.033017291
0.033768997
0.0242637
0.028371524
0.022298143
0.020893984
-0.042264785
-0.049321696
-0.018113834
-0.025383501
-0.017840442
0.030798268
0.024894154
0.023536167
0.038238149
0.045906653
-0.02209188
-0.028366636
-0.02110173
0.014769238
0.028085889
0.010123383
-0.051512732
-0.049020556
-0.025693467
-0.011801956
-0.0074338983
0.017276821
0.029327882
0.012288258
0.048948968
0.047051155
-0.027387131
-0.014968618
-0.010242389
0
0
0
0.0011322
0.010875695
0
-0.012799951
0
0
0
0.0021173178
-0.010320996
-0.024732857
0
0
0
-0.0014054183
-0.012092714
-0.00079016856
-0.029893643
-0.015524951
0
0
0.012701237
0
0
0.0024747017
0.020156817
0
0.012332618
0
0.0046532979
-0.019067657
0.023807712
-0.0036883088
-0.022188315
-0.002025402
0.028372313
0.014744804
0.02335485
0
0
0
0
0.0032825697
0.010149199
-0.034152838
0
-0.010171937
0
0
-0.011583264
-0.0022436693
-0.041251369
0
0.011784434
0.0070883588
0.018640036
0.032900173
-0.018524821
-0.021014121
-0.0056462545
0.039186883
0.021526437
0
0
0
0.00047811645
0.013933357
0.00014921401
-0.048412851
-0.035169163
0
-0.013390503
0
0.0049035621
0
0.0038884481
0.0035807331
0.024980672
0.0022308197
0.044311341
0.032145762
-0.023907656
-0.0004334488
9.1448229e-05
0
0
0
0.00016641179
0.015169978
0
-0.018320186
0
0
-0.0144454
0
0.0020714168
0
0
0.0012837835
0.027224983
0
0.01678451
0
-0.025977483
-1.7574162e-05
0
0.0035332575
0.025975495
0
-0.012189672
0
0.0066757995
-0.02452007
-0.023383385
-0.0056947537
-0.028278774
-0.0030811304
-0.027460144
-0.01435349
0.029773104
0
0
0.0039703327
0.027401405
0
0.012216887
0
0.0075391194
-0.025839264
0.023185825
-0.0066519622
-0.029584371
-0.0035665873
0.026891471
0.014174843
0.031139119
0
0
0.010090403
0.023899387
-0.03218379
-0.02367412
-0.026715902
-0.0086005136
-0.037796302
0.027401077
0.011369089
0.025161789
0.031646048
-0.0249247
-0.028007641
-0.010006941
0.03675885
0.028679653
0.0068090135
0.030908474
0.0044543062
-0.041796408
-0.030380554
-0.029693757
-0.0045805994
-0.0028477475
0.008520676
0.031897401
0.0056424817
0.040363139
0.029491706
-0.03076118
-0.0068641246
-0.0044753905
0.0024565557
0.033554328
0
-0.015919084
0
-0.032072521
-0.0015993191
0
0.0030689825
0.034521423
0
0.015544272
0
-0.033030436
-0.0024603832
0
0
0.0061739093
0.0069441541
0
0
0
-0.0028543273
0
0
0.010479584
-0.005313605
0
-0.0050935705
-0.0096314547
-0.010688609
-0.0049203692
-0.0098048848
-0.00531946
0.012323142
0
0
0
0.0041149995
0.0047426745
0
0
0
0.0029822545
0
0
0.00697037
-0.0036441007
0
0.0050722671
-0.0069388294
-0.0075596927
-0.0035781453
0.009700317
0.0054225221
0.008739352
0
0
0
0.014735411
0.0053765615
0
-0.0066681833
0
0.019519806
-0.0058882953
0
-0.0074256287
-0.018932583
-0.011002873
-0.014113983
-0.014600864
-0.01300713
0.010440008
0
0.009857461
0.0037520028
0
0.0064429559
0
0.013177571
-0.0041806649
0
0.0069951858
-0.013621664
-0.0079350475
-0.010146632
0.013791255
0.012563281
0.0074449415
0.012961534
0.015003372
0.0086032549
-0.019225807
-0.014372834
0.017686745
-0.015392208
-0.021741429
-0.016234823
-0.019123015
-0.011736551
-0.028773915
-0.025276988
0.018978166
-0.0077534626
-0.018797543
0.0095936638
0.010864888
0.0063745903
0.018526628
0.014107142
0.013088751
-0.01122284
0.020557776
-0.012156862
-0.014049425
-0.0087735547
0.027207657
0.024289439
0.013885065
-0.0057799256
0.018328615
0.0043689809
0.016870367
0
-0.007723782
0
-0.01535157
-0.019425543
-0.0039920303
-0.01005607
0.020865953
0
0
0.0032392849
0.012199982
0
0.0077400445
0
-0.011080314
-0.01418795
-0.0029646848
0.0099583061
0.015252477
0
0
0
0.001801705
0.0021666489
0
0
0
-0.002767183
0
0
0.0030475045
-0.0016840137
0
-0.0045345909
-0.0034821625
-0.0036809978
-0.0018202744
-0.0088961407
-0.0051065167
0.0042646887
0
0
0
0
0
0
0
0
0.002068624
0
0
0
0
0
0.0032608225
0
0
0
0.0072452172
0.004282282
0
0
0
0
0.0043730645
0.0017953275
0
-0.0055934526
0
0.0059743085
-0.0020648991
0
-0.0058790428
-0.0068582212
-0.0040063667
-0.0050854592
-0.011991537
-0.01123888
0.0036848773
0
0
0
0
0.0038473769
0
0
0
0
0.0037599401
0
0
0
0.0090178089
0.0088617466
0
0.004956225
0.0054911404
0.0032918874
-0.016919543
-0.013138866
0.0067828993
-0.005738955
-0.018335022
-0.0063445369
-0.0072487054
-0.0045499687
-0.024697223
-0.022484031
0.0071174791
-0.0029791619
-0.017231631
0
0
0
0.014314441
0.011381912
0
0
0.0149922
0
0
0
0.021230835
0.01983082
0
0
0.015464926
0.0016724601
0.00613256
0
-0.0073474781
0
-0.0055616125
-0.007248054
-0.0015192519
-0.009496311
0.0077946469
0
0
0
0
0
0.0064883516
0
0
0
0
0.0086350692
0
0
0
0
0.02497662
0.0065013237
0
-0.0072624386
0
0.030931689
-0.007040529
0
-0.0061518339
-0.030176489
-0.012522451
-0.024313911
-0.012353695
-0.014391582
0.011803509
0
0.017016573
0.0046883202
0
0.006642334
0
0.021231394
-0.0051593014
0
0.0053755964
-0.021740481
-0.0092554368
-0.017514338
0.010888318
0.013230929
0.0086117199
0
0.036931767
0.0074146201
0
-0.0041690336
0
-0.0076034968
-0.013178296
-0.036149065
-0.0086541776
0.012992552
0
0.025484707
0.0055344274
0
0.0032956028
0
-0.0057949448
-0.010085514
-0.026008566
0.0069784046
0.0097561313
0.034868206
0.017009472
0.02881716
-0.013684346
-0.018848624
-0.017033622
-0.019479488
-0.03336553
-0.019215653
0.01975885
-0.027212177
-0.02558308
0.025667933
0.012832507
0.021281947
0.011295616
0.016766932
-0.0130867
-0.015025921
-0.024884994
0.016178263
0.014964089
-0.02035986
0.022925226
0.022984291
0.016071065
-0.021623645
-0.016677358
-0.019759155
-0.021404325
-0.028887365
0.019486823
0.017002302
0.011819897
0.019963867
-0.012401247
-0.014756712
-0.01603511
0.026744576
0.014411783
0
0.0078902111
0.0023770434
0
-0.0053199858
0
0.010043446
-0.0026774292
0
-0.0039207966
-0.011081949
-0.0048413872
-0.0088745851
-0.0084099082
-0.01103741
0.0044281284
0
0
0
0
0.0029330349
0
0
0
0
0.001382537
0
0
0
0.0046890488
0.0076107773
0
0
0.012256549
0.0029367077
0
-0.0017968632
0
-0.0031425266
-0.0054638595
-0.013319663
-0.0043519064
0.0051921964
0
0
0
0
-0.00076603249
0
0
0
0
0.0005107801
0
0.013446263
0.0068327385
0.011118746
-0.0078510943
-0.013585153
-0.0070791048
-0.0081158218
-0.013177678
-0.012126733
0.0079647957
-0.010744631
-0.019241371
0
0
0
0.0032322373
0.0092132745
0
0
0
0.0070268242
0
0
0.014520487
0.008848676
0.0061219144
-0.017202641
-0.0065087284
-0.0077578283
-0.0084199505
-0.023591081
0.0074992858
0
0
0.013263365
0
0
0
0.019424899
0
0.019766923
0.022230157
0.014769943
-0.035827605
-0.035372914
0.02553187
-0.02201603
-0.032205581
-0.023808154
-0.023659289
-0.018110208
-0.038121738
-0.041872053
0.024450331
-0.013313647
-0.041025701
0.0148981
0.016492769
0.011110493
0.033250963
0.033453002
0.01923697
-0.01648344
0.029036719
-0.01802631
-0.017718432
-0.01370896
0.034588416
0.038988188
0.018151282
-0.010049943
0.038850727
0.031774798
0.021533346
-0.024923013
-0.020829803
-0.021385266
-0.030113938
-0.030229854
0.022598691
0.023882035
0.016351445
0.021315582
-0.016126251
-0.016593923
-0.022754999
0.026207087
0.01717294
0.028346947
0.023161667
0.022012447
-0.034414855
-0.042604786
-0.021405963
-0.026456936
-0.020134625
0.021533901
0.017566024
0.016763561
0.030237279
0.038959473
-0.016602884
-0.020233696
-0.015465899
0.016406415
0.026226732
0.011823934
-0.046330689
-0.045117078
-0.024830879
-0.014646174
-0.010286446
0.012500182
0.019432856
0.0089900141
0.043364503
0.042871839
-0.018553316
-0.011285519
-0.0079353388
0.0078318945
0.0086086581
0.0057849157
-0.029843798
-0.030760258
0.010189365
-0.0086706835
-0.025014085
-0.0095583975
-0.0093156197
-0.00719414
-0.03040826
-0.035485998
0.0094899163
-0.0052039425
-0.03610369
0
0
0
0.025651968
0.027333876
0
0
0.020167887
0
0
0
0.025645546
0.031453977
0
0
0.032869467
0.012715955
0.0086941921
-0.016835022
-0.0086950864
-0.0089249335
-0.012153428
-0.021491315
0.0091128818
0
0
0.011485378
0
0
0
0.016112851
0
0.011530506
0.0092905165
0.0088967603
-0.025522051
-0.034847737
-0.0088944414
-0.010866972
-0.0082251799
0
0
0
0.020344706
0.030385834
0
0
0
0.006549828
0.01016264
0.004632932
-0.039970526
-0.040241052
-0.0097375867
-0.0059165231
-0.0040820294
0
0
0
0.036293192
0.037363354
0
0
0
0.0036691665
0.024468973
0
-0.012205207
0
0.0070021732
-0.023064298
-0.022881754
-0.0062656869
-0.026343835
-0.0033373088
-0.026318308
-0.014005738
0.027718535
0
0
0.002718717
0.017983986
0
0.011990186
0
0.0052182194
-0.016951281
0.022208571
-0.0046743151
-0.019403929
-0.0024741295
0.025482526
0.013691781
0.020408137
0
0
0.010575835
0.022468409
-0.030893998
-0.022298212
-0.02502383
-0.0094405974
-0.035653638
0.025563676
0.007924163
0.016533533
0.02962799
-0.016455175
-0.018491905
-0.0070895121
0.034177988
0.018849138
0.0082702474
0.028250851
0.0054823487
-0.039049349
-0.02874046
-0.027328434
-0.0070460963
-0.0046361565
0.0062588241
0.020810711
0.0041229067
0.037503334
0.027834554
-0.020167489
-0.0054275984
-0.0035564426
0.0029587298
0.030507021
0
-0.015259969
0
-0.029208247
-0.0025264055
0
0.0022116779
0.022442956
0
0.014892924
0
-0.021496883
-0.0019273323
0
0.0013750839
0.0092849961
0
-0.011473794
0
0.002659883
-0.0087544627
-0.021020127
-0.0023530728
-0.010090932
-0.0012361118
-0.024263351
-0.013150516
0.010607806
0
0
0
0
0
0.010639519
0
0
0
0.019310007
0
0
0
0.022684995
0.012381459
0
0
0
0.0040815454
0.0085541726
-0.027692986
-0.0085431284
-0.0096390009
-0.0036165984
-0.032207386
0.0098104907
0
0
0.025106015
0
0
0
0.029800268
0
0.0031668715
0.010871417
0.0020549881
-0.035629028
-0.026674677
-0.010535527
-0.0027342607
-0.0017629782
0
0
0
0.033530458
0.025317895
0
0
0
0.0010955938
0.01172039
0
-0.014372781
0
-0.011230049
-0.00095126409
0
0
0
0
0.013716273
0
0
0
0
