MFEM mesh v1.0

dimension
2

elements
9856
1 2 2 4885 4886
1 2 4885 567 3507
1 2 4886 3507 1282
1 2 4885 3507 4886
1 2 567 4831 3505
1 2 4831 210 4376
1 2 3505 4376 747
1 2 4831 4376 3505
1 2 1282 3506 5110
1 2 3506 747 2585
1 2 5110 2585 212
1 2 3506 2585 5110
1 2 567 3505 3507
1 2 3505 747 3506
1 2 3507 3506 1282
1 2 3505 3506 3507
1 2 210 4949 4375
1 2 4949 1109 4585
1 2 4375 4585 745
1 2 4949 4585 4375
1 2 1109 4600 4583
1 2 4600 24 4601
1 2 4583 4601 1297
1 2 4600 4601 4583
1 2 745 4584 4892
1 2 4584 1297 4891
1 2 4892 4891 211
1 2 4584 4891 4892
1 2 1109 4583 4585
1 2 4583 1297 4584
1 2 4585 4584 745
1 2 4583 4584 4585
1 2 212 2584 3316
1 2 2584 746 2500
1 2 3316 2500 1096
1 2 2584 2500 3316
1 2 746 1903 1905
1 2 1903 211 1904
1 2 1905 1904 1095
1 2 1903 1904 1905
1 2 1096 1401 1403
1 2 1401 1095 1402
1 2 1403 1402 1
1 2 1401 1402 1403
1 2 746 1905 2500
1 2 1905 1095 1401
1 2 2500 1401 1096
1 2 1905 1401 2500
1 2 210 4375 4376
1 2 4375 745 3794
1 2 4376 3794 747
1 2 4375 3794 4376
1 2 745 4892 3793
1 2 4892 211 1903
1 2 3793 1903 746
1 2 4892 1903 3793
1 2 747 2583 2585
1 2 2583 746 2584
1 2 2585 2584 212
1 2 2583 2584 2585
1 2 745 3793 3794
1 2 3793 746 2583
1 2 3794 2583 747
1 2 3793 2583 3794
1 2 49 2627 3891
1 2 2627 914 2017
1 2 3891 2017 1225
1 2 2627 2017 3891
1 2 914 2723 2016
1 2 2723 178 3552
1 2 2016 3552 1029
1 2 2723 3552 2016
1 2 1225 1821 1823
1 2 1821 1029 1822
1 2 1823 1822 294
1 2 1821 1822 1823
1 2 914 2016 2017
1 2 2016 1029 1821
1 2 2017 1821 1225
1 2 2016 1821 2017
1 2 178 4170 3550
1 2 4170 373 4171
1 2 3550 4171 1027
1 2 4170 4171 3550
1 2 373 2912 4225
1 2 2912 2 4224
1 2 4225 4224 1063
1 2 2912 4224 4225
1 2 1027 4893 4864
1 2 4893 1063 4894
1 2 4864 4894 293
1 2 4893 4894 4864
1 2 373 4225 4171
1 2 4225 1063 4893
1 2 4171 4893 1027
1 2 4225 4893 4171
1 2 294 2244 2246
1 2 2244 1028 2245
1 2 2246 2245 467
1 2 2244 2245 2246
1 2 1028 1722 1724
1 2 1722 293 1723
1 2 1724 1723 1279
1 2 1722 1723 1724
1 2 467 2608 2610
1 2 2608 1279 2609
1 2 2610 2609 3
1 2 2608 2609 2610
1 2 1028 1724 2245
1 2 1724 1279 2608
1 2 2245 2608 467
1 2 1724 2608 2245
1 2 178 3550 3552
1 2 3550 1027 3551
1 2 3552 3551 1029
1 2 3550 3551 3552
1 2 1027 4864 4865
1 2 4864 293 1722
1 2 4865 1722 1028
1 2 4864 1722 4865
1 2 1029 4530 1822
1 2 4530 1028 2244
1 2 1822 2244 294
1 2 4530 2244 1822
1 2 1027 4865 3551
1 2 4865 1028 4530
1 2 3551 4530 1029
1 2 4865 4530 3551
1 2 5 3050 3052
1 2 3050 485 3051
1 2 3052 3051 570
1 2 3050 3051 3052
1 2 485 4660 4048
1 2 4660 325 3261
1 2 4048 3261 569
1 2 4660 3261 4048
1 2 570 4049 4998
1 2 4049 569 4744
1 2 4998 4744 337
1 2 4049 4744 4998
1 2 485 4048 3051
1 2 4048 569 4049
1 2 3051 4049 570
1 2 4048 4049 3051
1 2 325 4780 3259
1 2 4780 822 4781
1 2 3259 4781 637
1 2 4780 4781 3259
1 2 822 2809 4120
1 2 2809 50 2920
1 2 4120 2920 823
1 2 2809 2920 4120
1 2 637 2868 2870
1 2 2868 823 2869
1 2 2870 2869 328
1 2 2868 2869 2870
1 2 822 4120 4781
1 2 4120 823 2868
1 2 4781 2868 637
1 2 4120 2868 4781
1 2 337 1443 1445
1 2 1443 638 1444
1 2 1445 1444 1314
1 2 1443 1444 1445
1 2 638 2338 2340
1 2 2338 328 2339
1 2 2340 2339 756
1 2 2338 2339 2340
1 2 1314 2901 2903
1 2 2901 756 2902
1 2 2903 2902 4
1 2 2901 2902 2903
1 2 638 2340 1444
1 2 2340 756 2901
1 2 1444 2901 1314
1 2 2340 2901 1444
1 2 325 3259 3261
1 2 3259 637 3260
1 2 3261 3260 569
1 2 3259 3260 3261
1 2 637 2870 3372
1 2 2870 328 2338
1 2 3372 2338 638
1 2 2870 2338 3372
1 2 569 3373 4744
1 2 3373 638 1443
1 2 4744 1443 337
1 2 3373 1443 4744
1 2 637 3372 3260
1 2 3372 638 3373
1 2 3260 3373 569
1 2 3372 3373 3260
1 2 8 4283 4284
1 2 4283 1145 3888
1 2 4284 3888 1271
1 2 4283 3888 4284
1 2 1145 4488 3887
1 2 4488 344 2497
1 2 3887 2497 550
1 2 4488 2497 3887
1 2 1271 2443 2445
1 2 2443 550 2444
1 2 2445 2444 346
1 2 2443 2444 2445
1 2 1145 3887 3888
1 2 3887 550 2443
1 2 3888 2443 1271
1 2 3887 2443 3888
1 2 344 5035 2496
1 2 5035 547 5029
1 2 2496 5029 549
1 2 5035 5029 2496
1 2 547 1450 4572
1 2 1450 6 4571
1 2 4572 4571 1312
1 2 1450 4571 4572
1 2 549 3830 3832
1 2 3830 1312 3831
1 2 3832 3831 345
1 2 3830 3831 3832
1 2 547 4572 5029
1 2 4572 1312 3830
1 2 5029 3830 549
1 2 4572 3830 5029
1 2 346 2572 2573
1 2 2572 449 2027
1 2 2573 2027 451
1 2 2572 2027 2573
1 2 449 3634 2025
1 2 3634 345 3635
1 2 2025 3635 450
1 2 3634 3635 2025
1 2 451 2026 4437
1 2 2026 450 4436
1 2 4437 4436 7
1 2 2026 4436 4437
1 2 449 2025 2027
1 2 2025 450 2026
1 2 2027 2026 451
1 2 2025 2026 2027
1 2 344 2496 2497
1 2 2496 549 1759
1 2 2497 1759 550
1 2 2496 1759 2497
1 2 549 3832 1757
1 2 3832 345 3634
1 2 1757 3634 449
1 2 3832 3634 1757
1 2 550 1758 2444
1 2 1758 449 2572
1 2 2444 2572 346
1 2 1758 2572 2444
1 2 549 1757 1759
1 2 1757 449 1758
1 2 1759 1758 550
1 2 1757 1758 1759
1 2 8 4902 4903
1 2 4902 1195 4787
1 2 4903 4787 1146
1 2 4902 4787 4903
1 2 1195 4859 4786
1 2 4859 273 3414
1 2 4786 3414 973
1 2 4859 3414 4786
1 2 1146 4065 4066
1 2 4065 973 2484
1 2 4066 2484 274
1 2 4065 2484 4066
1 2 1195 4786 4787
1 2 4786 973 4065
1 2 4787 4065 1146
1 2 4786 4065 4787
1 2 273 3814 3412
1 2 3814 1051 3815
1 2 3412 3815 971
1 2 3814 3815 3412
1 2 1051 3499 3501
1 2 3499 9 3500
1 2 3501 3500 871
1 2 3499 3500 3501
1 2 971 3391 3392
1 2 3391 871 2060
1 2 3392 2060 158
1 2 3391 2060 3392
1 2 1051 3501 3815
1 2 3501 871 3391
1 2 3815 3391 971
1 2 3501 3391 3815
1 2 274 1595 1597
1 2 1595 972 1596
1 2 1597 1596 1089
1 2 1595 1596 1597
1 2 972 4336 3701
1 2 4336 158 4337
1 2 3701 4337 1308
1 2 4336 4337 3701
1 2 1089 3702 4713
1 2 3702 1308 1714
1 2 4713 1714 51
1 2 3702 1714 4713
1 2 972 3701 1596
1 2 3701 1308 3702
1 2 1596 3702 1089
1 2 3701 3702 1596
1 2 273 3412 3414
1 2 3412 971 3413
1 2 3414 3413 973
1 2 3412 3413 3414
1 2 971 3392 4531
1 2 3392 158 4336
1 2 4531 4336 972
1 2 3392 4336 4531
1 2 973 2483 2484
1 2 2483 972 1595
1 2 2484 1595 274
1 2 2483 1595 2484
1 2 971 4531 3413
1 2 4531 972 2483
1 2 3413 2483 973
1 2 4531 2483 3413
1 2 9 3488 3490
1 2 3488 924 3489
1 2 3490 3489 872
1 2 3488 3489 3490
1 2 924 4476 4477
1 2 4476 336 4308
1 2 4477 4308 925
1 2 4476 4308 4477
1 2 872 4826 1394
1 2 4826 925 4125
1 2 1394 4125 159
1 2 4826 4125 1394
1 2 924 4477 3489
1 2 4477 925 4826
1 2 3489 4826 872
1 2 4477 4826 3489
1 2 336 3400 3401
1 2 3400 804 2165
1 2 3401 2165 806
1 2 3400 2165 3401
1 2 804 1728 1730
1 2 1728 10 1729
1 2 1730 1729 805
1 2 1728 1729 1730
1 2 806 1763 1764
1 2 1763 805 1407
1 2 1764 1407 105
1 2 1763 1407 1764
1 2 804 1730 2165
1 2 1730 805 1763
1 2 2165 1763 806
1 2 1730 1763 2165
1 2 159 3427 2412
1 2 3427 1087 3428
1 2 2412 3428 653
1 2 3427 3428 2412
1 2 1087 2693 3315
1 2 2693 105 3314
1 2 3315 3314 1152
1 2 2693 3314 3315
1 2 653 3566 3568
1 2 3566 1152 3567
1 2 3568 3567 52
1 2 3566 3567 3568
1 2 1087 3315 3428
1 2 3315 1152 3566
1 2 3428 3566 653
1 2 3315 3566 3428
1 2 336 3401 4308
1 2 3401 806 1806
1 2 4308 1806 925
1 2 3401 1806 4308
1 2 806 1764 1804
1 2 1764 105 2693
1 2 1804 2693 1087
1 2 1764 2693 1804
1 2 925 1805 4125
1 2 1805 1087 3427
1 2 4125 3427 159
1 2 1805 3427 4125
1 2 806 1804 1806
1 2 1804 1087 1805
1 2 1806 1805 925
1 2 1804 1805 1806
1 2 10 2056 2058
1 2 2056 1319 2057
1 2 2058 2057 1280
1 2 2056 2057 2058
1 2 1319 2688 2690
1 2 2688 160 2689
1 2 2690 2689 1194
1 2 2688 2689 2690
1 2 1280 1942 1944
1 2 1942 1194 1943
1 2 1944 1943 106
1 2 1942 1943 1944
1 2 1319 2690 2057
1 2 2690 1194 1942
1 2 2057 1942 1280
1 2 2690 1942 2057
1 2 160 5065 3593
1 2 5065 1090 3520
1 2 3593 3520 1091
1 2 5065 3520 3593
1 2 1090 1571 1573
1 2 1571 11 1572
1 2 1573 1572 662
1 2 1571 1572 1573
1 2 1091 3099 3101
1 2 3099 662 3100
1 2 3101 3100 161
1 2 3099 3100 3101
1 2 1090 1573 3520
1 2 1573 662 3099
1 2 3520 3099 1091
1 2 1573 3099 3520
1 2 106 2101 3209
1 2 2101 921 4018
1 2 3209 4018 922
1 2 2101 4018 3209
1 2 921 3292 3294
1 2 3292 161 3293
1 2 3294 3293 626
1 2 3292 3293 3294
1 2 922 4348 4349
1 2 4348 626 4156
1 2 4349 4156 53
1 2 4348 4156 4349
1 2 921 3294 4018
1 2 3294 626 4348
1 2 4018 4348 922
1 2 3294 4348 4018
1 2 160 3593 2689
1 2 3593 1091 3594
1 2 2689 3594 1194
1 2 3593 3594 2689
1 2 1091 3101 4984
1 2 3101 161 3292
1 2 4984 3292 921
1 2 3101 3292 4984
1 2 1194 2100 1943
1 2 2100 921 2101
1 2 1943 2101 106
1 2 2100 2101 1943
1 2 1091 4984 3594
1 2 4984 921 2100
1 2 3594 2100 1194
1 2 4984 2100 3594
1 2 11 2716 2240
1 2 2716 993 2717
1 2 2240 2717 663
1 2 2716 2717 2240
1 2 993 4827 4431
1 2 4827 319 2296
1 2 4431 2296 994
1 2 4827 2296 4431
1 2 663 4324 2229
1 2 4324 994 4325
1 2 2229 4325 272
1 2 4324 4325 2229
1 2 993 4431 2717
1 2 4431 994 4324
1 2 2717 4324 663
1 2 4431 4324 2717
1 2 319 3467 2294
1 2 3467 398 2009
1 2 2294 2009 400
1 2 3467 2009 2294
1 2 398 5058 2007
1 2 5058 12 3036
1 2 2007 3036 399
1 2 5058 3036 2007
1 2 400 2008 3875
1 2 2008 399 4496
1 2 3875 4496 176
1 2 2008 4496 3875
1 2 398 2007 2009
1 2 2007 399 2008
1 2 2009 2008 400
1 2 2007 2008 2009
1 2 272 3191 2847
1 2 3191 930 3192
1 2 2847 3192 932
1 2 3191 3192 2847
1 2 930 3514 3516
1 2 3514 176 3515
1 2 3516 3515 931
1 2 3514 3515 3516
1 2 932 3126 3128
1 2 3126 931 3127
1 2 3128 3127 54
1 2 3126 3127 3128
1 2 930 3516 3192
1 2 3516 931 3126
1 2 3192 3126 932
1 2 3516 3126 3192
1 2 319 2294 2296
1 2 2294 400 2295
1 2 2296 2295 994
1 2 2294 2295 2296
1 2 400 3875 3651
1 2 3875 176 3514
1 2 3651 3514 930
1 2 3875 3514 3651
1 2 994 3652 4325
1 2 3652 930 3191
1 2 4325 3191 272
1 2 3652 3191 4325
1 2 400 3651 2295
1 2 3651 930 3652
1 2 2295 3652 994
1 2 3651 3652 2295
1 2 14 4792 5113
1 2 4792 363 5026
1 2 5113 5026 365
1 2 4792 5026 5113
1 2 363 3289 3952
1 2 3289 174 1667
1 2 3952 1667 364
1 2 3289 1667 3952
1 2 365 2793 2795
1 2 2793 364 2794
1 2 2795 2794 350
1 2 2793 2794 2795
1 2 363 3952 5026
1 2 3952 364 2793
1 2 5026 2793 365
1 2 3952 2793 5026
1 2 174 1875 1665
1 2 1875 593 3607
1 2 1665 3607 595
1 2 1875 3607 1665
1 2 593 3034 3606
1 2 3034 12 4867
1 2 3606 4867 594
1 2 3034 4867 3606
1 2 595 2501 2503
1 2 2501 594 2502
1 2 2503 2502 349
1 2 2501 2502 2503
1 2 593 3606 3607
1 2 3606 594 2501
1 2 3607 2501 595
1 2 3606 2501 3607
1 2 350 1695 1697
1 2 1695 933 1696
1 2 1697 1696 935
1 2 1695 1696 1697
1 2 933 1951 1953
1 2 1951 349 1952
1 2 1953 1952 934
1 2 1951 1952 1953
1 2 935 3229 3231
1 2 3229 934 3230
1 2 3231 3230 13
1 2 3229 3230 3231
1 2 933 1953 1696
1 2 1953 934 3229
1 2 1696 3229 935
1 2 1953 3229 1696
1 2 174 1665 1667
1 2 1665 595 1666
1 2 1667 1666 364
1 2 1665 1666 1667
1 2 595 2503 4133
1 2 2503 349 1951
1 2 4133 1951 933
1 2 2503 1951 4133
1 2 364 4134 2794
1 2 4134 933 1695
1 2 2794 1695 350
1 2 4134 1695 2794
1 2 595 4133 1666
1 2 4133 933 4134
1 2 1666 4134 364
1 2 4133 4134 1666
1 2 12 3034 3036
1 2 3034 593 3035
1 2 3036 3035 399
1 2 3034 3035 3036
1 2 593 1875 1877
1 2 1875 174 1876
1 2 1877 1876 703
1 2 1875 1876 1877
1 2 399 4721 4496
1 2 4721 703 4722
1 2 4496 4722 176
1 2 4721 4722 4496
1 2 593 1877 3035
1 2 1877 703 4721
1 2 3035 4721 399
1 2 1877 4721 3035
1 2 174 3289 3291
1 2 3289 363 3290
1 2 3291 3290 578
1 2 3289 3290 3291
1 2 363 4792 4535
1 2 4792 14 3788
1 2 4535 3788 577
1 2 4792 3788 4535
1 2 578 3295 3296
1 2 3295 577 1780
1 2 3296 1780 175
1 2 3295 1780 3296
1 2 363 4535 3290
1 2 4535 577 3295
1 2 3290 3295 578
1 2 4535 3295 3290
1 2 176 4962 3515
1 2 4962 996 4963
1 2 3515 4963 931
1 2 4962 4963 3515
1 2 996 4178 4180
1 2 4178 175 4179
1 2 4180 4179 1196
1 2 4178 4179 4180
1 2 931 3370 3127
1 2 3370 1196 3202
1 2 3127 3202 54
1 2 3370 3202 3127
1 2 996 4180 4963
1 2 4180 1196 3370
1 2 4963 3370 931
1 2 4180 3370 4963
1 2 174 3291 1876
1 2 3291 578 4096
1 2 1876 4096 703
1 2 3291 4096 1876
1 2 578 3296 4094
1 2 3296 175 4178
1 2 4094 4178 996
1 2 3296 4178 4094
1 2 703 4095 4722
1 2 4095 996 4962
1 2 4722 4962 176
1 2 4095 4962 4722
1 2 578 4094 4096
1 2 4094 996 4095
1 2 4096 4095 703
1 2 4094 4095 4096
1 2 50 3374 3376
1 2 3374 1243 3375
1 2 3376 3375 379
1 2 3374 3375 3376
1 2 1243 2637 3474
1 2 2637 167 4417
1 2 3474 4417 650
1 2 2637 4417 3474
1 2 379 2188 2190
1 2 2188 650 2189
1 2 2190 2189 169
1 2 2188 2189 2190
1 2 1243 3474 3375
1 2 3474 650 2188
1 2 3375 2188 379
1 2 3474 2188 3375
1 2 167 4435 4416
1 2 4435 917 4434
1 2 4416 4434 648
1 2 4435 4434 4416
1 2 917 1743 1745
1 2 1743 89 1744
1 2 1745 1744 957
1 2 1743 1744 1745
1 2 648 2758 2760
1 2 2758 957 2759
1 2 2760 2759 168
1 2 2758 2759 2760
1 2 917 1745 4434
1 2 1745 957 2758
1 2 4434 2758 648
1 2 1745 2758 4434
1 2 169 2604 2172
1 2 2604 649 2320
1 2 2172 2320 665
1 2 2604 2320 2172
1 2 649 2886 2318
1 2 2886 168 3805
1 2 2318 3805 664
1 2 2886 3805 2318
1 2 665 2319 4559
1 2 2319 664 4558
1 2 4559 4558 59
1 2 2319 4558 4559
1 2 649 2318 2320
1 2 2318 664 2319
1 2 2320 2319 665
1 2 2318 2319 2320
1 2 167 4416 4417
1 2 4416 648 2159
1 2 4417 2159 650
1 2 4416 2159 4417
1 2 648 2760 2157
1 2 2760 168 2886
1 2 2157 2886 649
1 2 2760 2886 2157
1 2 650 2158 2189
1 2 2158 649 2604
1 2 2189 2604 169
1 2 2158 2604 2189
1 2 648 2157 2159
1 2 2157 649 2158
1 2 2159 2158 650
1 2 2157 2158 2159
1 2 64 4664 1605
1 2 4664 362 4665
1 2 1605 4665 588
1 2 4664 4665 1605
1 2 362 2935 4900
1 2 2935 116 5007
1 2 4900 5007 733
1 2 2935 5007 4900
1 2 588 4580 2408
1 2 4580 733 4470
1 2 2408 4470 248
1 2 4580 4470 2408
1 2 362 4900 4665
1 2 4900 733 4580
1 2 4665 4580 588
1 2 4900 4580 4665
1 2 116 3624 3626
1 2 3624 473 3625
1 2 3626 3625 475
1 2 3624 3625 3626
1 2 473 3243 3245
1 2 3243 100 3244
1 2 3245 3244 474
1 2 3243 3244 3245
1 2 475 3642 3644
1 2 3642 474 3643
1 2 3644 3643 247
1 2 3642 3643 3644
1 2 473 3245 3625
1 2 3245 474 3642
1 2 3625 3642 475
1 2 3245 3642 3625
1 2 248 4469 2083
1 2 4469 732 1679
1 2 2083 1679 526
1 2 4469 1679 2083
1 2 732 4229 1677
1 2 4229 247 4625
1 2 1677 4625 417
1 2 4229 4625 1677
1 2 526 1678 4092
1 2 1678 417 2127
1 2 4092 2127 65
1 2 1678 2127 4092
1 2 732 1677 1679
1 2 1677 417 1678
1 2 1679 1678 526
1 2 1677 1678 1679
1 2 116 3626 5007
1 2 3626 475 3423
1 2 5007 3423 733
1 2 3626 3423 5007
1 2 475 3644 3421
1 2 3644 247 4229
1 2 3421 4229 732
1 2 3644 4229 3421
1 2 733 3422 4470
1 2 3422 732 4469
1 2 4470 4469 248
1 2 3422 4469 4470
1 2 475 3421 3423
1 2 3421 732 3422
1 2 3423 3422 733
1 2 3421 3422 3423
1 2 15 5070 4913
1 2 5070 892 4174
1 2 4913 4174 894
1 2 5070 4174 4913
1 2 892 4466 4172
1 2 4466 354 4467
1 2 4172 4467 893
1 2 4466 4467 4172
1 2 894 4173 3039
1 2 4173 893 4424
1 2 3039 4424 311
1 2 4173 4424 3039
1 2 892 4172 4174
1 2 4172 893 4173
1 2 4174 4173 894
1 2 4172 4173 4174
1 2 354 3418 3420
1 2 3418 1098 3419
1 2 3420 3419 1100
1 2 3418 3419 3420
1 2 1098 4058 4060
1 2 4058 16 4059
1 2 4060 4059 1099
1 2 4058 4059 4060
1 2 1100 4563 4248
1 2 4563 1099 5086
1 2 4248 5086 309
1 2 4563 5086 4248
1 2 1098 4060 3419
1 2 4060 1099 4563
1 2 3419 4563 1100
1 2 4060 4563 3419
1 2 311 1416 1418
1 2 1416 1289 1417
1 2 1418 1417 440
1 2 1416 1417 1418
1 2 1289 3095 3096
1 2 3095 309 2844
1 2 3096 2844 1230
1 2 3095 2844 3096
1 2 440 4039 2579
1 2 4039 1230 4906
1 2 2579 4906 55
1 2 4039 4906 2579
1 2 1289 3096 1417
1 2 3096 1230 4039
1 2 1417 4039 440
1 2 3096 4039 1417
1 2 354 3420 4467
1 2 3420 1100 4742
1 2 4467 4742 893
1 2 3420 4742 4467
1 2 1100 4248 4249
1 2 4248 309 3095
1 2 4249 3095 1289
1 2 4248 3095 4249
1 2 893 4423 4424
1 2 4423 1289 1416
1 2 4424 1416 311
1 2 4423 1416 4424
1 2 1100 4249 4742
1 2 4249 1289 4423
1 2 4742 4423 893
1 2 4249 4423 4742
1 2 56 3664 5048
1 2 3664 430 1932
1 2 5048 1932 432
1 2 3664 1932 5048
1 2 430 4553 1930
1 2 4553 164 4478
1 2 1930 4478 431
1 2 4553 4478 1930
1 2 432 1931 4635
1 2 1931 431 2752
1 2 4635 2752 166
1 2 1931 2752 4635
1 2 430 1930 1932
1 2 1930 431 1931
1 2 1932 1931 432
1 2 1930 1931 1932
1 2 164 3321 3660
1 2 3321 974 2745
1 2 3660 2745 786
1 2 3321 2745 3660
1 2 974 3985 2743
1 2 3985 17 3986
1 2 2743 3986 975
1 2 3985 3986 2743
1 2 786 2744 3323
1 2 2744 975 3322
1 2 3323 3322 165
1 2 2744 3322 3323
1 2 974 2743 2745
1 2 2743 975 2744
1 2 2745 2744 786
1 2 2743 2744 2745
1 2 166 2751 2317
1 2 2751 787 2874
1 2 2317 2874 855
1 2 2751 2874 2317
1 2 787 3905 3907
1 2 3905 165 3906
1 2 3907 3906 986
1 2 3905 3906 3907
1 2 855 4227 4177
1 2 4227 986 4228
1 2 4177 4228 18
1 2 4227 4228 4177
1 2 787 3907 2874
1 2 3907 986 4227
1 2 2874 4227 855
1 2 3907 4227 2874
1 2 164 3660 4478
1 2 3660 786 3337
1 2 4478 3337 431
1 2 3660 3337 4478
1 2 786 3323 3336
1 2 3323 165 3905
1 2 3336 3905 787
1 2 3323 3905 3336
1 2 431 2750 2752
1 2 2750 787 2751
1 2 2752 2751 166
1 2 2750 2751 2752
1 2 786 3336 3337
1 2 3336 787 2750
1 2 3337 2750 431
1 2 3336 2750 3337
1 2 20 4019 4020
1 2 4019 511 2591
1 2 4020 2591 1327
1 2 4019 2591 4020
1 2 511 3948 2589
1 2 3948 341 4493
1 2 2589 4493 397
1 2 3948 4493 2589
1 2 1327 2590 5099
1 2 2590 397 4333
1 2 5099 4333 343
1 2 2590 4333 5099
1 2 511 2589 2591
1 2 2589 397 2590
1 2 2591 2590 1327
1 2 2589 2590 2591
1 2 341 1906 3620
1 2 1906 853 3371
1 2 3620 3371 395
1 2 1906 3371 3620
1 2 853 1657 1659
1 2 1657 18 1658
1 2 1659 1658 926
1 2 1657 1658 1659
1 2 395 3056 3058
1 2 3056 926 3057
1 2 3058 3057 342
1 2 3056 3057 3058
1 2 853 1659 3371
1 2 1659 926 3056
1 2 3371 3056 395
1 2 1659 3056 3371
1 2 343 4332 4747
1 2 4332 396 3301
1 2 4747 3301 1222
1 2 4332 3301 4747
1 2 396 3073 3075
1 2 3073 342 3074
1 2 3075 3074 1221
1 2 3073 3074 3075
1 2 1222 3300 5050
1 2 3300 1221 5049
1 2 5050 5049 19
1 2 3300 5049 5050
1 2 396 3075 3301
1 2 3075 1221 3300
1 2 3301 3300 1222
1 2 3075 3300 3301
1 2 341 3620 4493
1 2 3620 395 4772
1 2 4493 4772 397
1 2 3620 4772 4493
1 2 395 3058 4226
1 2 3058 342 3073
1 2 4226 3073 396
1 2 3058 3073 4226
1 2 397 4331 4333
1 2 4331 396 4332
1 2 4333 4332 343
1 2 4331 4332 4333
1 2 395 4226 4772
1 2 4226 396 4331
1 2 4772 4331 397
1 2 4226 4331 4772
1 2 18 1657 4177
1 2 1657 853 4176
1 2 4177 4176 855
1 2 1657 4176 4177
1 2 853 1906 1908
1 2 1906 341 1907
1 2 1908 1907 854
1 2 1906 1907 1908
1 2 855 2315 2317
1 2 2315 854 2316
1 2 2317 2316 166
1 2 2315 2316 2317
1 2 853 1908 4176
1 2 1908 854 2315
1 2 4176 2315 855
1 2 1908 2315 4176
1 2 341 3948 3950
1 2 3948 511 3949
1 2 3950 3949 513
1 2 3948 3949 3950
1 2 511 4019 4506
1 2 4019 20 3239
1 2 4506 3239 512
1 2 4019 3239 4506
1 2 513 4637 4638
1 2 4637 512 2256
1 2 4638 2256 223
1 2 4637 2256 4638
1 2 511 4506 3949
1 2 4506 512 4637
1 2 3949 4637 513
1 2 4506 4637 3949
1 2 166 4634 4635
1 2 4634 1239 4108
1 2 4635 4108 432
1 2 4634 4108 4635
1 2 1239 2507 2508
1 2 2507 223 1648
1 2 2508 1648 1240
1 2 2507 1648 2508
1 2 432 4107 5048
1 2 4107 1240 5047
1 2 5048 5047 56
1 2 4107 5047 5048
1 2 1239 2508 4108
1 2 2508 1240 4107
1 2 4108 4107 432
1 2 2508 4107 4108
1 2 341 3950 1907
1 2 3950 513 3061
1 2 1907 3061 854
1 2 3950 3061 1907
1 2 513 4638 3059
1 2 4638 223 2507
1 2 3059 2507 1239
1 2 4638 2507 3059
1 2 854 3060 2316
1 2 3060 1239 4634
1 2 2316 4634 166
1 2 3060 4634 2316
1 2 513 3059 3061
1 2 3059 1239 3060
1 2 3061 3060 854
1 2 3059 3060 3061
1 2 53 4132 1372
1 2 4132 759 4194
1 2 1372 4194 1062
1 2 4132 4194 1372
1 2 759 3689 3691
1 2 3689 187 3690
1 2 3691 3690 749
1 2 3689 3690 3691
1 2 1062 4193 4023
1 2 4193 749 4720
1 2 4023 4720 115
1 2 4193 4720 4023
1 2 759 3691 4194
1 2 3691 749 4193
1 2 4194 4193 1062
1 2 3691 4193 4194
1 2 187 2404 2406
1 2 2404 519 2405
1 2 2406 2405 521
1 2 2404 2405 2406
1 2 519 1334 3484
1 2 1334 92 3483
1 2 3484 3483 520
1 2 1334 3483 3484
1 2 521 2111 2113
1 2 2111 520 2112
1 2 2113 2112 201
1 2 2111 2112 2113
1 2 519 3484 2405
1 2 3484 520 2111
1 2 2405 2111 521
1 2 3484 2111 2405
1 2 115 2065 2067
1 2 2065 748 2066
1 2 2067 2066 1237
1 2 2065 2066 2067
1 2 748 5109 3132
1 2 5109 201 3529
1 2 3132 3529 1236
1 2 5109 3529 3132
1 2 1237 2876 2877
1 2 2876 1236 1616
1 2 2877 1616 100
1 2 2876 1616 2877
1 2 748 3132 2066
1 2 3132 1236 2876
1 2 2066 2876 1237
1 2 3132 2876 2066
1 2 187 2406 3690
1 2 2406 521 2729
1 2 3690 2729 749
1 2 2406 2729 3690
1 2 521 2113 2727
1 2 2113 201 5109
1 2 2727 5109 748
1 2 2113 5109 2727
1 2 749 2728 4720
1 2 2728 748 2065
1 2 4720 2065 115
1 2 2728 2065 4720
1 2 521 2727 2729
1 2 2727 748 2728
1 2 2729 2728 749
1 2 2727 2728 2729
1 2 70 4398 5000
1 2 4398 1179 4999
1 2 5000 4999 941
1 2 4398 4999 5000
1 2 1179 4540 4871
1 2 4540 205 4870
1 2 4871 4870 1208
1 2 4540 4870 4871
1 2 941 3502 3504
1 2 3502 1208 3503
1 2 3504 3503 150
1 2 3502 3503 3504
1 2 1179 4871 4999
1 2 4871 1208 3502
1 2 4999 3502 941
1 2 4871 3502 4999
1 2 205 3357 3358
1 2 3357 642 2433
1 2 3358 2433 644
1 2 3357 2433 3358
1 2 642 1494 1496
1 2 1494 99 1495
1 2 1496 1495 643
1 2 1494 1495 1496
1 2 644 2432 3280
1 2 2432 643 4135
1 2 3280 4135 206
1 2 2432 4135 3280
1 2 642 1496 2433
1 2 1496 643 2432
1 2 2433 2432 644
1 2 1496 2432 2433
1 2 150 4257 1786
1 2 4257 1167 2394
1 2 1786 2394 1168
1 2 4257 2394 1786
1 2 1167 3281 2392
1 2 3281 206 4101
1 2 2392 4101 534
1 2 3281 4101 2392
1 2 1168 2393 4509
1 2 2393 534 4508
1 2 4509 4508 71
1 2 2393 4508 4509
1 2 1167 2392 2394
1 2 2392 534 2393
1 2 2394 2393 1168
1 2 2392 2393 2394
1 2 205 3358 4870
1 2 3358 644 3565
1 2 4870 3565 1208
1 2 3358 3565 4870
1 2 644 3280 3282
1 2 3280 206 3281
1 2 3282 3281 1167
1 2 3280 3281 3282
1 2 1208 3564 3503
1 2 3564 1167 4257
1 2 3503 4257 150
1 2 3564 4257 3503
1 2 644 3282 3565
1 2 3282 1167 3564
1 2 3565 3564 1208
1 2 3282 3564 3565
1 2 21 2969 2957
1 2 2969 1077 2970
1 2 2957 2970 1078
1 2 2969 2970 2957
1 2 1077 4187 4189
1 2 4187 352 4188
1 2 4189 4188 1006
1 2 4187 4188 4189
1 2 1078 2730 2732
1 2 2730 1006 2731
1 2 2732 2731 271
1 2 2730 2731 2732
1 2 1077 4189 2970
1 2 4189 1006 2730
1 2 2970 2730 1078
1 2 4189 2730 2970
1 2 352 4897 4761
1 2 4897 1038 4457
1 2 4761 4457 1004
1 2 4897 4457 4761
1 2 1038 4472 4455
1 2 4472 22 2115
1 2 4455 2115 810
1 2 4472 2115 4455
1 2 1004 4456 5059
1 2 4456 810 2968
1 2 5059 2968 190
1 2 4456 2968 5059
1 2 1038 4455 4457
1 2 4455 810 4456
1 2 4457 4456 1004
1 2 4455 4456 4457
1 2 271 3597 2380
1 2 3597 1005 3598
1 2 2380 3598 621
1 2 3597 3598 2380
1 2 1005 1725 1727
1 2 1725 190 1726
1 2 1727 1726 1176
1 2 1725 1726 1727
1 2 621 2247 2249
1 2 2247 1176 2248
1 2 2249 2248 57
1 2 2247 2248 2249
1 2 1005 1727 3598
1 2 1727 1176 2247
1 2 3598 2247 621
1 2 1727 2247 3598
1 2 352 4761 4188
1 2 4761 1004 4762
1 2 4188 4762 1006
1 2 4761 4762 4188
1 2 1004 5059 4952
1 2 5059 190 1725
1 2 4952 1725 1005
1 2 5059 1725 4952
1 2 1006 4461 2731
1 2 4461 1005 3597
1 2 2731 3597 271
1 2 4461 3597 2731
1 2 1004 4952 4762
1 2 4952 1005 4461
1 2 4762 4461 1006
1 2 4952 4461 4762
1 2 23 4675 4676
1 2 4675 897 3519
1 2 4676 3519 899
1 2 4675 3519 4676
1 2 897 1580 1582
1 2 1580 213 1581
1 2 1582 1581 898
1 2 1580 1581 1582
1 2 899 3398 3399
1 2 3398 898 1537
1 2 3399 1537 215
1 2 3398 1537 3399
1 2 897 1582 3519
1 2 1582 898 3398
1 2 3519 3398 899
1 2 1582 3398 3519
1 2 213 5032 5005
1 2 5032 1303 2891
1 2 5005 2891 936
1 2 5032 2891 5005
1 2 1303 3248 2889
1 2 3248 24 3249
1 2 2889 3249 1110
1 2 3248 3249 2889
1 2 936 2890 5002
1 2 2890 1110 3335
1 2 5002 3335 214
1 2 2890 3335 5002
1 2 1303 2889 2891
1 2 2889 1110 2890
1 2 2891 2890 936
1 2 2889 2890 2891
1 2 215 1536 4415
1 2 1536 763 2022
1 2 4415 2022 765
1 2 1536 2022 4415
1 2 763 4459 2020
1 2 4459 214 3277
1 2 2020 3277 764
1 2 4459 3277 2020
1 2 765 2021 1914
1 2 2021 764 2670
1 2 1914 2670 58
1 2 2021 2670 1914
1 2 763 2020 2022
1 2 2020 764 2021
1 2 2022 2021 765
1 2 2020 2021 2022
1 2 213 5005 1581
1 2 5005 936 3476
1 2 1581 3476 898
1 2 5005 3476 1581
1 2 936 5002 3475
1 2 5002 214 4459
1 2 3475 4459 763
1 2 5002 4459 3475
1 2 898 1535 1537
1 2 1535 763 1536
1 2 1537 1536 215
1 2 1535 1536 1537
1 2 936 3475 3476
1 2 3475 763 1535
1 2 3476 1535 898
1 2 3475 1535 3476
1 2 25 2154 4966
1 2 2154 1174 2462
1 2 4966 2462 1265
1 2 2154 2462 4966
1 2 1174 2781 2460
1 2 2781 111 2782
1 2 2460 2782 712
1 2 2781 2782 2460
1 2 1265 2461 4071
1 2 2461 712 1682
1 2 4071 1682 113
1 2 2461 1682 4071
1 2 1174 2460 2462
1 2 2460 712 2461
1 2 2462 2461 1265
1 2 2460 2461 2462
1 2 111 1868 3471
1 2 1868 1325 2949
1 2 3471 2949 710
1 2 1868 2949 3471
1 2 1325 1466 2948
1 2 1466 59 2657
1 2 2948 2657 788
1 2 1466 2657 2948
1 2 710 2761 2146
1 2 2761 788 2762
1 2 2146 2762 112
1 2 2761 2762 2146
1 2 1325 2948 2949
1 2 2948 788 2761
1 2 2949 2761 710
1 2 2948 2761 2949
1 2 113 1681 4498
1 2 1681 711 4497
1 2 4498 4497 1292
1 2 1681 4497 4498
1 2 711 2147 3944
1 2 2147 112 3141
1 2 3944 3141 1257
1 2 2147 3141 3944
1 2 1292 4564 4565
1 2 4564 1257 4055
1 2 4565 4055 26
1 2 4564 4055 4565
1 2 711 3944 4497
1 2 3944 1257 4564
1 2 4497 4564 1292
1 2 3944 4564 4497
1 2 111 3471 2782
1 2 3471 710 2885
1 2 2782 2885 712
1 2 3471 2885 2782
1 2 710 2146 2148
1 2 2146 112 2147
1 2 2148 2147 711
1 2 2146 2147 2148
1 2 712 1680 1682
1 2 1680 711 1681
1 2 1682 1681 113
1 2 1680 1681 1682
1 2 710 2148 2885
1 2 2148 711 1680
1 2 2885 1680 712
1 2 2148 1680 2885
1 2 26 4056 4073
1 2 4056 1258 2078
1 2 4073 2078 1328
1 2 4056 2078 4073
1 2 1258 3951 2076
1 2 3951 139 2372
1 2 2076 2372 1023
1 2 3951 2372 2076
1 2 1328 2077 4862
1 2 2077 1023 3313
1 2 4862 3313 300
1 2 2077 3313 4862
1 2 1258 2076 2078
1 2 2076 1023 2077
1 2 2078 2077 1328
1 2 2076 2077 2078
1 2 139 2436 2370
1 2 2436 587 1742
1 2 2370 1742 1019
1 2 2436 1742 2370
1 2 587 4362 1740
1 2 4362 60 2872
1 2 1740 2872 966
1 2 4362 2872 1740
1 2 1019 1741 3112
1 2 1741 966 3681
1 2 3112 3681 299
1 2 1741 3681 3112
1 2 587 1740 1742
1 2 1740 966 1741
1 2 1742 1741 1019
1 2 1740 1741 1742
1 2 300 2765 2767
1 2 2765 1022 2766
1 2 2767 2766 1132
1 2 2765 2766 2767
1 2 1022 2050 2052
1 2 2050 299 2051
1 2 2052 2051 943
1 2 2050 2051 2052
1 2 1132 2989 2991
1 2 2989 943 2990
1 2 2991 2990 27
1 2 2989 2990 2991
1 2 1022 2052 2766
1 2 2052 943 2989
1 2 2766 2989 1132
1 2 2052 2989 2766
1 2 139 2370 2372
1 2 2370 1019 2371
1 2 2372 2371 1023
1 2 2370 2371 2372
1 2 1019 3112 3113
1 2 3112 299 2050
1 2 3113 2050 1022
1 2 3112 2050 3113
1 2 1023 3312 3313
1 2 3312 1022 2765
1 2 3313 2765 300
1 2 3312 2765 3313
1 2 1019 3113 2371
1 2 3113 1022 3312
1 2 2371 3312 1023
1 2 3113 3312 2371
1 2 61 4911 3816
1 2 4911 691 5051
1 2 3816 5051 622
1 2 4911 5051 3816
1 2 691 2792 4835
1 2 2792 209 4834
1 2 4835 4834 1190
1 2 2792 4834 4835
1 2 622 5039 5041
1 2 5039 1190 5040
1 2 5041 5040 289
1 2 5039 5040 5041
1 2 691 4835 5051
1 2 4835 1190 5039
1 2 5051 5039 622
1 2 4835 5039 5051
1 2 209 2624 4704
1 2 2624 481 4000
1 2 4704 4000 483
1 2 2624 4000 4704
1 2 481 1500 1502
1 2 1500 28 1501
1 2 1502 1501 482
1 2 1500 1501 1502
1 2 483 3999 4706
1 2 3999 482 4705
1 2 4706 4705 288
1 2 3999 4705 4706
1 2 481 1502 4000
1 2 1502 482 3999
1 2 4000 3999 483
1 2 1502 3999 4000
1 2 289 3539 3541
1 2 3539 750 3540
1 2 3541 3540 752
1 2 3539 3540 3541
1 2 750 4167 4169
1 2 4167 288 4168
1 2 4169 4168 751
1 2 4167 4168 4169
1 2 752 3710 3712
1 2 3710 751 3711
1 2 3712 3711 27
1 2 3710 3711 3712
1 2 750 4169 3540
1 2 4169 751 3710
1 2 3540 3710 752
1 2 4169 3710 3540
1 2 209 4704 4834
1 2 4704 483 2255
1 2 4834 2255 1190
1 2 4704 2255 4834
1 2 483 4706 2253
1 2 4706 288 4167
1 2 2253 4167 750
1 2 4706 4167 2253
1 2 1190 2254 5040
1 2 2254 750 3539
1 2 5040 3539 289
1 2 2254 3539 5040
1 2 483 2253 2255
1 2 2253 750 2254
1 2 2255 2254 1190
1 2 2253 2254 2255
1 2 28 2857 2858
1 2 2857 978 1508
1 2 2858 1508 1321
1 2 2857 1508 2858
1 2 978 1929 1506
1 2 1929 208 3026
1 2 1506 3026 537
1 2 1929 3026 1506
1 2 1321 1507 3122
1 2 1507 537 3121
1 2 3122 3121 286
1 2 1507 3121 3122
1 2 978 1506 1508
1 2 1506 537 1507
1 2 1508 1507 1321
1 2 1506 1507 1508
1 2 208 3971 3024
1 2 3971 701 5021
1 2 3024 5021 535
1 2 3971 5021 3024
1 2 701 2312 2314
1 2 2312 62 2313
1 2 2314 2313 702
1 2 2312 2313 2314
1 2 535 2215 2217
1 2 2215 702 2216
1 2 2217 2216 285
1 2 2215 2216 2217
1 2 701 2314 5021
1 2 2314 702 2215
1 2 5021 2215 535
1 2 2314 2215 5021
1 2 286 1746 1748
1 2 1746 536 1747
1 2 1748 1747 744
1 2 1746 1747 1748
1 2 536 2166 2168
1 2 2166 285 2167
1 2 2168 2167 730
1 2 2166 2167 2168
1 2 744 4978 5120
1 2 4978 730 4236
1 2 5120 4236 29
1 2 4978 4236 5120
1 2 536 2168 1747
1 2 2168 730 4978
1 2 1747 4978 744
1 2 2168 4978 1747
1 2 208 3024 3026
1 2 3024 535 3025
1 2 3026 3025 537
1 2 3024 3025 3026
1 2 535 2217 4976
1 2 2217 285 2166
1 2 4976 2166 536
1 2 2217 2166 4976
1 2 537 5022 3121
1 2 5022 536 1746
1 2 3121 1746 286
1 2 5022 1746 3121
1 2 535 4976 3025
1 2 4976 536 5022
1 2 3025 5022 537
1 2 4976 5022 3025
1 2 29 1683 1685
1 2 1683 729 1684
1 2 1685 1684 864
1 2 1683 1684 1685
1 2 729 2706 2708
1 2 2706 333 2707
1 2 2708 2707 863
1 2 2706 2707 2708
1 2 864 3765 3767
1 2 3765 863 3766
1 2 3767 3766 356
1 2 3765 3766 3767
1 2 729 2708 1684
1 2 2708 863 3765
1 2 1684 3765 864
1 2 2708 3765 1684
1 2 333 4842 4950
1 2 4842 684 1367
1 2 4950 1367 960
1 2 4842 1367 4950
1 2 684 2915 1365
1 2 2915 63 2519
1 2 1365 2519 713
1 2 2915 2519 1365
1 2 960 1366 1538
1 2 1366 713 2275
1 2 1538 2275 283
1 2 1366 2275 1538
1 2 684 1365 1367
1 2 1365 713 1366
1 2 1367 1366 960
1 2 1365 1366 1367
1 2 356 2353 2355
1 2 2353 1007 2354
1 2 2355 2354 1008
1 2 2353 2354 2355
1 2 1007 1539 4347
1 2 1539 283 5036
1 2 4347 5036 370
1 2 1539 5036 4347
1 2 1008 4328 4330
1 2 4328 370 4329
1 2 4330 4329 30
1 2 4328 4329 4330
1 2 1007 4347 2354
1 2 4347 370 4328
1 2 2354 4328 1008
1 2 4347 4328 2354
1 2 333 4950 2707
1 2 4950 960 4951
1 2 2707 4951 863
1 2 4950 4951 2707
1 2 960 1538 1540
1 2 1538 283 1539
1 2 1540 1539 1007
1 2 1538 1539 1540
1 2 863 4967 3766
1 2 4967 1007 2353
1 2 3766 2353 356
1 2 4967 2353 3766
1 2 960 1540 4951
1 2 1540 1007 4967
1 2 4951 4967 863
1 2 1540 4967 4951
1 2 30 2401 2403
1 2 2401 369 2402
1 2 2403 2402 655
1 2 2401 2402 2403
1 2 369 1845 3743
1 2 1845 243 1911
1 2 3743 1911 654
1 2 1845 1911 3743
1 2 655 3715 3717
1 2 3715 654 3716
1 2 3717 3716 245
1 2 3715 3716 3717
1 2 369 3743 2402
1 2 3743 654 3715
1 2 2402 3715 655
1 2 3743 3715 2402
1 2 243 2267 1909
1 2 2267 401 3693
1 2 1909 3693 403
1 2 2267 3693 1909
1 2 401 1971 1972
1 2 1971 64 1604
1 2 1972 1604 402
1 2 1971 1604 1972
1 2 403 3692 4861
1 2 3692 402 4979
1 2 4861 4979 244
1 2 3692 4979 4861
1 2 401 1972 3693
1 2 1972 402 3692
1 2 3693 3692 403
1 2 1972 3692 3693
1 2 245 4197 4774
1 2 4197 856 4773
1 2 4774 4773 857
1 2 4197 4773 4774
1 2 856 4619 4620
1 2 4619 244 2680
1 2 4620 2680 424
1 2 4619 2680 4620
1 2 857 3404 3405
1 2 3404 424 2305
1 2 3405 2305 31
1 2 3404 2305 3405
1 2 856 4620 4773
1 2 4620 424 3404
1 2 4773 3404 857
1 2 4620 3404 4773
1 2 243 1909 1911
1 2 1909 403 1910
1 2 1911 1910 654
1 2 1909 1910 1911
1 2 403 4861 3752
1 2 4861 244 4619
1 2 3752 4619 856
1 2 4861 4619 3752
1 2 654 3753 3716
1 2 3753 856 4197
1 2 3716 4197 245
1 2 3753 4197 3716
1 2 403 3752 1910
1 2 3752 856 3753
1 2 1910 3753 654
1 2 3752 3753 1910
1 2 65 3572 3829
1 2 3572 406 2764
1 2 3829 2764 527
1 2 3572 2764 3829
1 2 406 2033 2035
1 2 2033 146 2034
1 2 2035 2034 704
1 2 2033 2034 2035
1 2 527 2763 3746
1 2 2763 704 2827
1 2 3746 2827 148
1 2 2763 2827 3746
1 2 406 2035 2764
1 2 2035 704 2763
1 2 2764 2763 527
1 2 2035 2763 2764
1 2 146 3416 3417
1 2 3416 556 2784
1 2 3417 2784 860
1 2 3416 2784 3417
1 2 556 1973 1975
1 2 1973 32 1974
1 2 1975 1974 859
1 2 1973 1974 1975
1 2 860 2783 2550
1 2 2783 859 4839
1 2 2550 4839 147
1 2 2783 4839 2550
1 2 556 1975 2784
1 2 1975 859 2783
1 2 2784 2783 860
1 2 1975 2783 2784
1 2 148 2826 3055
1 2 2826 885 4299
1 2 3055 4299 426
1 2 2826 4299 3055
1 2 885 2551 4578
1 2 2551 147 4726
1 2 4578 4726 886
1 2 2551 4726 4578
1 2 426 4078 2307
1 2 4078 886 4079
1 2 2307 4079 31
1 2 4078 4079 2307
1 2 885 4578 4299
1 2 4578 886 4078
1 2 4299 4078 426
1 2 4578 4078 4299
1 2 146 3417 2034
1 2 3417 860 5011
1 2 2034 5011 704
1 2 3417 5011 2034
1 2 860 2550 2552
1 2 2550 147 2551
1 2 2552 2551 885
1 2 2550 2551 2552
1 2 704 2825 2827
1 2 2825 885 2826
1 2 2827 2826 148
1 2 2825 2826 2827
1 2 860 2552 5011
1 2 2552 885 2825
1 2 5011 2825 704
1 2 2552 2825 5011
1 2 66 3431 1638
1 2 3431 645 4805
1 2 1638 4805 647
1 2 3431 4805 1638
1 2 645 2028 2030
1 2 2028 275 2029
1 2 2030 2029 646
1 2 2028 2029 2030
1 2 647 2567 2569
1 2 2567 646 2568
1 2 2569 2568 277
1 2 2567 2568 2569
1 2 645 2030 4805
1 2 2030 646 2567
1 2 4805 2567 647
1 2 2030 2567 4805
1 2 275 2293 3774
1 2 2293 508 4641
1 2 3774 4641 510
1 2 2293 4641 3774
1 2 508 3252 3254
1 2 3252 33 3253
1 2 3254 3253 509
1 2 3252 3253 3254
1 2 510 3009 3011
1 2 3009 509 3010
1 2 3011 3010 276
1 2 3009 3010 3011
1 2 508 3254 4641
1 2 3254 509 3009
1 2 4641 3009 510
1 2 3254 3009 4641
1 2 277 3858 3782
1 2 3858 775 4581
1 2 3782 4581 555
1 2 3858 4581 3782
1 2 775 4118 4596
1 2 4118 276 5100
1 2 4596 5100 776
1 2 4118 5100 4596
1 2 555 3730 3403
1 2 3730 776 3731
1 2 3403 3731 32
1 2 3730 3731 3403
1 2 775 4596 4581
1 2 4596 776 3730
1 2 4581 3730 555
1 2 4596 3730 4581
1 2 275 3774 2029
1 2 3774 510 3775
1 2 2029 3775 646
1 2 3774 3775 2029
1 2 510 3011 4119
1 2 3011 276 4118
1 2 4119 4118 775
1 2 3011 4118 4119
1 2 646 3857 2568
1 2 3857 775 3858
1 2 2568 3858 277
1 2 3857 3858 2568
1 2 510 4119 3775
1 2 4119 775 3857
1 2 3775 3857 646
1 2 4119 3857 3775
1 2 33 4694 4695
1 2 4694 436 1634
1 2 4695 1634 438
1 2 4694 1634 4695
1 2 436 2414 1632
1 2 2414 170 4458
1 2 1632 4458 437
1 2 2414 4458 1632
1 2 438 1633 5097
1 2 1633 437 4693
1 2 5097 4693 172
1 2 1633 4693 5097
1 2 436 1632 1634
1 2 1632 437 1633
1 2 1634 1633 438
1 2 1632 1633 1634
1 2 170 2779 4383
1 2 2779 1227 4382
1 2 4383 4382 1119
1 2 2779 4382 4383
1 2 1227 2135 4460
1 2 2135 67 2180
1 2 4460 2180 1228
1 2 2135 2180 4460
1 2 1119 4541 1900
1 2 4541 1228 2456
1 2 1900 2456 171
1 2 4541 2456 1900
1 2 1227 4460 4382
1 2 4460 1228 4541
1 2 4382 4541 1119
1 2 4460 4541 4382
1 2 172 2437 2438
1 2 2437 1120 1343
1 2 2438 1343 1210
1 2 2437 1343 2438
1 2 1120 1901 1341
1 2 1901 171 2384
1 2 1341 2384 1135
1 2 1901 2384 1341
1 2 1210 1342 4667
1 2 1342 1135 1849
1 2 4667 1849 34
1 2 1342 1849 4667
1 2 1120 1341 1343
1 2 1341 1135 1342
1 2 1343 1342 1210
1 2 1341 1342 1343
1 2 170 4383 4458
1 2 4383 1119 2834
1 2 4458 2834 437
1 2 4383 2834 4458
1 2 1119 1900 1902
1 2 1900 171 1901
1 2 1902 1901 1120
1 2 1900 1901 1902
1 2 437 2833 4693
1 2 2833 1120 2437
1 2 4693 2437 172
1 2 2833 2437 4693
1 2 1119 1902 2834
1 2 1902 1120 2833
1 2 2834 2833 437
1 2 1902 2833 2834
1 2 68 3584 2906
1 2 3584 1320 1965
1 2 2906 1965 1295
1 2 3584 1965 2906
1 2 1320 3114 1963
1 2 3114 287 3115
1 2 1963 3115 613
1 2 3114 3115 1963
1 2 1295 1964 2883
1 2 1964 613 4526
1 2 2883 4526 322
1 2 1964 4526 2883
1 2 1320 1963 1965
1 2 1963 613 1964
1 2 1965 1964 1295
1 2 1963 1964 1965
1 2 287 2647 2649
1 2 2647 865 2648
1 2 2649 2648 611
1 2 2647 2648 2649
1 2 865 4317 4319
1 2 4317 35 4318
1 2 4319 4318 1250
1 2 4317 4318 4319
1 2 611 4320 2574
1 2 4320 1250 4689
1 2 2574 4689 321
1 2 4320 4689 2574
1 2 865 4319 2648
1 2 4319 1250 4320
1 2 2648 4320 611
1 2 4319 4320 2648
1 2 322 4148 2756
1 2 4148 612 4149
1 2 2756 4149 1134
1 2 4148 4149 2756
1 2 612 2575 4239
1 2 2575 321 4866
1 2 4239 4866 1148
1 2 2575 4866 4239
1 2 1134 4240 1848
1 2 4240 1148 4653
1 2 1848 4653 34
1 2 4240 4653 1848
1 2 612 4239 4149
1 2 4239 1148 4240
1 2 4149 4240 1134
1 2 4239 4240 4149
1 2 287 2649 3115
1 2 2649 611 2347
1 2 3115 2347 613
1 2 2649 2347 3115
1 2 611 2574 2345
1 2 2574 321 2575
1 2 2345 2575 612
1 2 2574 2575 2345
1 2 613 2346 4526
1 2 2346 612 4148
1 2 4526 4148 322
1 2 2346 4148 4526
1 2 611 2345 2347
1 2 2345 612 2346
1 2 2347 2346 613
1 2 2345 2346 2347
1 2 35 4505 5091
1 2 4505 680 5090
1 2 5091 5090 682
1 2 4505 5090 5091
1 2 680 1799 4507
1 2 1799 261 3910
1 2 4507 3910 681
1 2 1799 3910 4507
1 2 682 4420 4422
1 2 4420 681 4421
1 2 4422 4421 262
1 2 4420 4421 4422
1 2 680 4507 5090
1 2 4507 681 4420
1 2 5090 4420 682
1 2 4507 4420 5090
1 2 261 4820 3908
1 2 4820 531 2829
1 2 3908 2829 532
1 2 4820 2829 3908
1 2 531 2416 2418
1 2 2416 69 2417
1 2 2418 2417 497
1 2 2416 2417 2418
1 2 532 2828 3939
1 2 2828 497 3837
1 2 3939 3837 258
1 2 2828 3837 3939
1 2 531 2418 2829
1 2 2418 497 2828
1 2 2829 2828 532
1 2 2418 2828 2829
1 2 262 3553 3555
1 2 3553 1143 3554
1 2 3555 3554 1268
1 2 3553 3554 3555
1 2 1143 1966 1968
1 2 1966 258 1967
1 2 1968 1967 1267
1 2 1966 1967 1968
1 2 1268 3876 3878
1 2 3876 1267 3877
1 2 3878 3877 36
1 2 3876 3877 3878
1 2 1143 1968 3554
1 2 1968 1267 3876
1 2 3554 3876 1268
1 2 1968 3876 3554
1 2 261 3908 3910
1 2 3908 532 3909
1 2 3910 3909 681
1 2 3908 3909 3910
1 2 532 3939 5092
1 2 3939 258 1966
1 2 5092 1966 1143
1 2 3939 1966 5092
1 2 681 4890 4421
1 2 4890 1143 3553
1 2 4421 3553 262
1 2 4890 3553 4421
1 2 532 5092 3909
1 2 5092 1143 4890
1 2 3909 4890 681
1 2 5092 4890 3909
1 2 36 3929 3931
1 2 3929 1031 3930
1 2 3931 3930 1032
1 2 3929 3930 3931
1 2 1031 3833 3835
1 2 3833 257 3834
1 2 3835 3834 796
1 2 3833 3834 3835
1 2 1032 2439 2440
1 2 2439 796 1826
1 2 2440 1826 295
1 2 2439 1826 2440
1 2 1031 3835 3930
1 2 3835 796 2439
1 2 3930 2439 1032
1 2 3835 2439 3930
1 2 257 3333 3334
1 2 3333 949 2428
1 2 3334 2428 794
1 2 3333 2428 3334
1 2 949 1362 1364
1 2 1362 70 1363
1 2 1364 1363 940
1 2 1362 1363 1364
1 2 794 2427 3843
1 2 2427 940 3842
1 2 3843 3842 149
1 2 2427 3842 3843
1 2 949 1364 2428
1 2 1364 940 2427
1 2 2428 2427 794
1 2 1364 2427 2428
1 2 295 1825 2175
1 2 1825 795 2174
1 2 2175 2174 997
1 2 1825 2174 2175
1 2 795 4076 5104
1 2 4076 149 5060
1 2 5104 5060 819
1 2 4076 5060 5104
1 2 997 5068 5069
1 2 5068 819 3262
1 2 5069 3262 37
1 2 5068 3262 5069
1 2 795 5104 2174
1 2 5104 819 5068
1 2 2174 5068 997
1 2 5104 5068 2174
1 2 257 3334 3834
1 2 3334 794 1921
1 2 3834 1921 796
1 2 3334 1921 3834
1 2 794 3843 1920
1 2 3843 149 4076
1 2 1920 4076 795
1 2 3843 4076 1920
1 2 796 1824 1826
1 2 1824 795 1825
1 2 1826 1825 295
1 2 1824 1825 1826
1 2 794 1920 1921
1 2 1920 795 1824
1 2 1921 1824 796
1 2 1920 1824 1921
1 2 71 3437 3439
1 2 3437 412 3438
1 2 3439 3438 1133
1 2 3437 3438 3439
1 2 412 4655 4657
1 2 4655 130 4656
1 2 4657 4656 1122
1 2 4655 4656 4657
1 2 1133 4359 4361
1 2 4359 1122 4360
1 2 4361 4360 151
1 2 4359 4360 4361
1 2 412 4657 3438
1 2 4657 1122 4359
1 2 3438 4359 1133
1 2 4657 4359 3438
1 2 130 3397 4844
1 2 3397 979 2898
1 2 4844 2898 981
1 2 3397 2898 4844
1 2 979 4184 2896
1 2 4184 38 4898
1 2 2896 4898 980
1 2 4184 4898 2896
1 2 981 2897 4164
1 2 2897 980 4163
1 2 4164 4163 353
1 2 2897 4163 4164
1 2 979 2896 2898
1 2 2896 980 2897
1 2 2898 2897 981
1 2 2896 2897 2898
1 2 151 4888 4767
1 2 4888 1121 5103
1 2 4767 5103 821
1 2 4888 5103 4767
1 2 1121 4914 4916
1 2 4914 353 4915
1 2 4916 4915 1207
1 2 4914 4915 4916
1 2 821 4756 3264
1 2 4756 1207 4757
1 2 3264 4757 37
1 2 4756 4757 3264
1 2 1121 4916 5103
1 2 4916 1207 4756
1 2 5103 4756 821
1 2 4916 4756 5103
1 2 130 4844 4656
1 2 4844 981 4845
1 2 4656 4845 1122
1 2 4844 4845 4656
1 2 981 4164 5003
1 2 4164 353 4914
1 2 5003 4914 1121
1 2 4164 4914 5003
1 2 1122 4887 4360
1 2 4887 1121 4888
1 2 4360 4888 151
1 2 4887 4888 4360
1 2 981 5003 4845
1 2 5003 1121 4887
1 2 4845 4887 1122
1 2 5003 4887 4845
1 2 38 1479 1481
1 2 1479 825 1480
1 2 1481 1480 827
1 2 1479 1480 1481
1 2 825 3355 4573
1 2 3355 129 4490
1 2 4573 4490 826
1 2 3355 4490 4573
1 2 827 5008 5009
1 2 5008 826 3802
1 2 5009 3802 234
1 2 5008 3802 5009
1 2 825 4573 1480
1 2 4573 826 5008
1 2 1480 5008 827
1 2 4573 5008 1480
1 2 129 3957 3958
1 2 3957 772 3538
1 2 3958 3538 774
1 2 3957 3538 3958
1 2 772 4072 3537
1 2 4072 72 1429
1 2 3537 1429 773
1 2 4072 1429 3537
1 2 774 2398 2400
1 2 2398 773 2399
1 2 2400 2399 233
1 2 2398 2399 2400
1 2 772 3537 3538
1 2 3537 773 2398
1 2 3538 2398 774
1 2 3537 2398 3538
1 2 234 3801 4643
1 2 3801 953 4636
1 2 4643 4636 1309
1 2 3801 4636 4643
1 2 953 2713 2715
1 2 2713 233 2714
1 2 2715 2714 542
1 2 2713 2714 2715
1 2 1309 3195 3197
1 2 3195 542 3196
1 2 3197 3196 39
1 2 3195 3196 3197
1 2 953 2715 4636
1 2 2715 542 3195
1 2 4636 3195 1309
1 2 2715 3195 4636
1 2 129 3958 4490
1 2 3958 774 4489
1 2 4490 4489 826
1 2 3958 4489 4490
1 2 774 2400 3776
1 2 2400 233 2713
1 2 3776 2713 953
1 2 2400 2713 3776
1 2 826 3800 3802
1 2 3800 953 3801
1 2 3802 3801 234
1 2 3800 3801 3802
1 2 774 3776 4489
1 2 3776 953 3800
1 2 4489 3800 826
1 2 3776 3800 4489
1 2 39 3988 3989
1 2 3988 541 3736
1 2 3989 3736 1107
1 2 3988 3736 3989
1 2 541 3881 3734
1 2 3881 320 3275
1 2 3734 3275 1106
1 2 3881 3275 3734
1 2 1107 3735 4618
1 2 3735 1106 4617
1 2 4618 4617 324
1 2 3735 4617 4618
1 2 541 3734 3736
1 2 3734 1106 3735
1 2 3736 3735 1107
1 2 3734 3735 3736
1 2 320 1977 2471
1 2 1977 1256 2470
1 2 2471 2470 1275
1 2 1977 2470 2471
1 2 1256 4452 4206
1 2 4452 73 4453
1 2 4206 4453 1180
1 2 4452 4453 4206
1 2 1275 4207 3297
1 2 4207 1180 4085
1 2 3297 4085 216
1 2 4207 4085 3297
1 2 1256 4206 2470
1 2 4206 1180 4207
1 2 2470 4207 1275
1 2 4206 4207 2470
1 2 324 3744 3745
1 2 3744 880 2787
1 2 3745 2787 882
1 2 3744 2787 3745
1 2 880 3298 2785
1 2 3298 216 3302
1 2 2785 3302 881
1 2 3298 3302 2785
1 2 882 2786 3940
1 2 2786 881 3768
1 2 3940 3768 40
1 2 2786 3768 3940
1 2 880 2785 2787
1 2 2785 881 2786
1 2 2787 2786 882
1 2 2785 2786 2787
1 2 320 2471 3275
1 2 2471 1275 3274
1 2 3275 3274 1106
1 2 2471 3274 3275
1 2 1275 3297 3299
1 2 3297 216 3298
1 2 3299 3298 880
1 2 3297 3298 3299
1 2 1106 4654 4617
1 2 4654 880 3744
1 2 4617 3744 324
1 2 4654 3744 4617
1 2 1275 3299 3274
1 2 3299 880 4654
1 2 3274 4654 1106
1 2 3299 4654 3274
1 2 40 3770 4102
1 2 3770 1035 3570
1 2 4102 3570 1310
1 2 3770 3570 4102
1 2 1035 2212 2214
1 2 2212 218 2213
1 2 2214 2213 1187
1 2 2212 2213 2214
1 2 1310 3569 4556
1 2 3569 1187 2526
1 2 4556 2526 239
1 2 3569 2526 4556
1 2 1035 2214 3570
1 2 2214 1187 3569
1 2 3570 3569 1310
1 2 2214 3569 3570
1 2 218 4727 4728
1 2 4727 1052 4377
1 2 4728 4377 1185
1 2 4727 4377 4728
1 2 1052 3169 3171
1 2 3169 74 3170
1 2 3171 3170 500
1 2 3169 3170 3171
1 2 1185 4363 2395
1 2 4363 500 3462
1 2 2395 3462 238
1 2 4363 3462 2395
1 2 1052 3171 4377
1 2 3171 500 4363
1 2 4377 4363 1185
1 2 3171 4363 4377
1 2 239 2525 3980
1 2 2525 1186 2941
1 2 3980 2941 1273
1 2 2525 2941 3980
1 2 1186 2396 2939
1 2 2396 238 4725
1 2 2939 4725 1272
1 2 2396 4725 2939
1 2 1273 2940 4724
1 2 2940 1272 4723
1 2 4724 4723 41
1 2 2940 4723 4724
1 2 1186 2939 2941
1 2 2939 1272 2940
1 2 2941 2940 1273
1 2 2939 2940 2941
1 2 218 4728 2213
1 2 4728 1185 4517
1 2 2213 4517 1187
1 2 4728 4517 2213
1 2 1185 2395 2397
1 2 2395 238 2396
1 2 2397 2396 1186
1 2 2395 2396 2397
1 2 1187 2524 2526
1 2 2524 1186 2525
1 2 2526 2525 239
1 2 2524 2525 2526
1 2 1185 2397 4517
1 2 2397 1186 2524
1 2 4517 2524 1187
1 2 2397 2524 4517
1 2 41 3945 3947
1 2 3945 831 3946
1 2 3947 3946 833
1 2 3945 3946 3947
1 2 831 4008 4010
1 2 4008 231 4009
1 2 4010 4009 832
1 2 4008 4009 4010
1 2 833 2218 2220
1 2 2218 832 2219
1 2 2220 2219 232
1 2 2218 2219 2220
1 2 831 4010 3946
1 2 4010 832 2218
1 2 3946 2218 833
1 2 4010 2218 3946
1 2 231 2143 4783
1 2 2143 1115 3641
1 2 4783 3641 1262
1 2 2143 3641 4783
1 2 1115 1922 3639
1 2 1922 75 4975
1 2 3639 4975 919
1 2 1922 4975 3639
1 2 1262 3640 4378
1 2 3640 919 4296
1 2 4378 4296 109
1 2 3640 4296 4378
1 2 1115 3639 3641
1 2 3639 919 3640
1 2 3641 3640 1262
1 2 3639 3640 3641
1 2 232 4364 4366
1 2 4364 656 4365
1 2 4366 4365 658
1 2 4364 4365 4366
1 2 656 3047 3049
1 2 3047 109 3048
1 2 3049 3048 657
1 2 3047 3048 3049
1 2 658 4937 5082
1 2 4937 657 3732
1 2 5082 3732 42
1 2 4937 3732 5082
1 2 656 3049 4365
1 2 3049 657 4937
1 2 4365 4937 658
1 2 3049 4937 4365
1 2 231 4783 4009
1 2 4783 1262 5004
1 2 4009 5004 832
1 2 4783 5004 4009
1 2 1262 4378 4379
1 2 4378 109 3047
1 2 4379 3047 656
1 2 4378 3047 4379
1 2 832 4642 2219
1 2 4642 656 4364
1 2 2219 4364 232
1 2 4642 4364 2219
1 2 1262 4379 5004
1 2 4379 656 4642
1 2 5004 4642 832
1 2 4379 4642 5004
1 2 42 2641 2643
1 2 2641 427 2642
1 2 2643 2642 429
1 2 2641 2642 2643
1 2 427 4310 3340
1 2 4310 108 4568
1 2 3340 4568 428
1 2 4310 4568 3340
1 2 429 3341 4933
1 2 3341 428 4838
1 2 4933 4838 302
1 2 3341 4838 4933
1 2 427 3340 2642
1 2 3340 428 3341
1 2 2642 3341 429
1 2 3340 3341 2642
1 2 108 2356 4566
1 2 2356 669 3184
1 2 4566 3184 671
1 2 2356 3184 4566
1 2 669 3440 3182
1 2 3440 76 2449
1 2 3182 2449 670
1 2 3440 2449 3182
1 2 671 3183 3737
1 2 3183 670 3863
1 2 3737 3863 301
1 2 3183 3863 3737
1 2 669 3182 3184
1 2 3182 670 3183
1 2 3184 3183 671
1 2 3182 3183 3184
1 2 302 4837 4907
1 2 4837 1073 4126
1 2 4907 4126 1074
1 2 4837 4126 4907
1 2 1073 2811 2813
1 2 2811 301 2812
1 2 2813 2812 442
1 2 2811 2812 2813
1 2 1074 2018 2019
1 2 2018 442 1732
1 2 2019 1732 43
1 2 2018 1732 2019
1 2 1073 2813 4126
1 2 2813 442 2018
1 2 4126 2018 1074
1 2 2813 2018 4126
1 2 108 4566 4568
1 2 4566 671 4567
1 2 4568 4567 428
1 2 4566 4567 4568
1 2 671 3737 3738
1 2 3737 301 2811
1 2 3738 2811 1073
1 2 3737 2811 3738
1 2 428 4836 4838
1 2 4836 1073 4837
1 2 4838 4837 302
1 2 4836 4837 4838
1 2 671 3738 4567
1 2 3738 1073 4836
1 2 4567 4836 428
1 2 3738 4836 4567
1 2 77 3791 3854
1 2 3791 900 2130
1 2 3854 2130 902
1 2 3791 2130 3854
1 2 900 2686 2128
1 2 2686 263 2549
1 2 2128 2549 901
1 2 2686 2549 2128
1 2 902 2129 3079
1 2 2129 901 3078
1 2 3079 3078 265
1 2 2129 3078 3079
1 2 900 2128 2130
1 2 2128 901 2129
1 2 2130 2129 902
1 2 2128 2129 2130
1 2 263 4532 2547
1 2 4532 505 1570
1 2 2547 1570 507
1 2 4532 1570 2547
1 2 505 3608 1568
1 2 3608 44 3609
1 2 1568 3609 506
1 2 3608 3609 1568
1 2 507 1569 1598
1 2 1569 506 4242
1 2 1598 4242 264
1 2 1569 4242 1598
1 2 505 1568 1570
1 2 1568 506 1569
1 2 1570 1569 507
1 2 1568 1569 1570
1 2 265 3547 1553
1 2 3547 969 3548
1 2 1553 3548 441
1 2 3547 3548 1553
1 2 969 1599 3974
1 2 1599 264 3973
1 2 3974 3973 970
1 2 1599 3973 3974
1 2 441 5033 1731
1 2 5033 970 5034
1 2 1731 5034 43
1 2 5033 5034 1731
1 2 969 3974 3548
1 2 3974 970 5033
1 2 3548 5033 441
1 2 3974 5033 3548
1 2 263 2547 2549
1 2 2547 507 2548
1 2 2549 2548 901
1 2 2547 2548 2549
1 2 507 1598 1600
1 2 1598 264 1599
1 2 1600 1599 969
1 2 1598 1599 1600
1 2 901 4241 3078
1 2 4241 969 3547
1 2 3078 3547 265
1 2 4241 3547 3078
1 2 507 1600 2548
1 2 1600 969 4241
1 2 2548 4241 901
1 2 1600 4241 2548
1 2 78 4852 2988
1 2 4852 705 4181
1 2 2988 4181 793
1 2 4852 4181 2988
1 2 705 2389 2391
1 2 2389 228 2390
1 2 2391 2390 1040
1 2 2389 2390 2391
1 2 793 2788 2790
1 2 2788 1040 2789
1 2 2790 2789 256
1 2 2788 2789 2790
1 2 705 2391 4181
1 2 2391 1040 2788
1 2 4181 2788 793
1 2 2391 2788 4181
1 2 228 2039 4155
1 2 2039 725 4154
1 2 4155 4154 727
1 2 2039 4154 4155
1 2 725 3393 4182
1 2 3393 45 5119
1 2 4182 5119 726
1 2 3393 5119 4182
1 2 727 2724 2726
1 2 2724 726 2725
1 2 2726 2725 255
1 2 2724 2725 2726
1 2 725 4182 4154
1 2 4182 726 2724
1 2 4154 2724 727
1 2 4182 2724 4154
1 2 256 4491 3943
1 2 4491 1039 1612
1 2 3943 1612 633
1 2 4491 1612 3943
1 2 1039 3865 1610
1 2 3865 255 4640
1 2 1610 4640 1317
1 2 3865 4640 1610
1 2 633 1611 1970
1 2 1611 1317 1969
1 2 1970 1969 44
1 2 1611 1969 1970
1 2 1039 1610 1612
1 2 1610 1317 1611
1 2 1612 1611 633
1 2 1610 1611 1612
1 2 228 4155 2390
1 2 4155 727 1838
1 2 2390 1838 1040
1 2 4155 1838 2390
1 2 727 2726 1836
1 2 2726 255 3865
1 2 1836 3865 1039
1 2 2726 3865 1836
1 2 1040 1837 2789
1 2 1837 1039 4491
1 2 2789 4491 256
1 2 1837 4491 2789
1 2 727 1836 1838
1 2 1836 1039 1837
1 2 1838 1837 1040
1 2 1836 1837 1838
1 2 45 3167 3168
1 2 3167 1264 1853
1 2 3168 1853 1326
1 2 3167 1853 3168
1 2 1264 3367 1851
1 2 3367 230 3077
1 2 1851 3077 1299
1 2 3367 3077 1851
1 2 1326 1852 5045
1 2 1852 1299 4953
1 2 5045 4953 351
1 2 1852 4953 5045
1 2 1264 1851 1853
1 2 1851 1299 1852
1 2 1853 1852 1326
1 2 1851 1852 1853
1 2 230 3479 3076
1 2 3479 1283 3173
1 2 3076 3173 1298
1 2 3479 3173 3076
1 2 1283 1881 1883
1 2 1881 79 1882
1 2 1883 1882 388
1 2 1881 1882 1883
1 2 1298 3172 5028
1 2 3172 388 1453
1 2 5028 1453 339
1 2 3172 1453 5028
1 2 1283 1883 3173
1 2 1883 388 3172
1 2 3173 3172 1298
1 2 1883 3172 3173
1 2 351 2677 2679
1 2 2677 708 2678
1 2 2679 2678 709
1 2 2677 2678 2679
1 2 708 1662 1664
1 2 1662 339 1663
1 2 1664 1663 488
1 2 1662 1663 1664
1 2 709 4934 4935
1 2 4934 488 2204
1 2 4935 2204 46
1 2 4934 2204 4935
1 2 708 1664 2678
1 2 1664 488 4934
1 2 2678 4934 709
1 2 1664 4934 2678
1 2 230 3076 3077
1 2 3076 1298 2506
1 2 3077 2506 1299
1 2 3076 2506 3077
1 2 1298 5028 2504
1 2 5028 339 1662
1 2 2504 1662 708
1 2 5028 1662 2504
1 2 1299 2505 4953
1 2 2505 708 2677
1 2 4953 2677 351
1 2 2505 2677 4953
1 2 1298 2504 2506
1 2 2504 708 2505
1 2 2506 2505 1299
1 2 2504 2505 2506
1 2 46 2203 4869
1 2 2203 487 4868
1 2 4869 4868 1224
1 2 2203 4868 4869
1 2 487 1589 4879
1 2 1589 338 4759
1 2 4879 4759 598
1 2 1589 4759 4879
1 2 1224 2023 2024
1 2 2023 598 1991
1 2 2024 1991 355
1 2 2023 1991 2024
1 2 487 4879 4868
1 2 4879 598 2023
1 2 4868 2023 1224
1 2 4879 2023 4868
1 2 338 1556 4758
1 2 1556 452 2328
1 2 4758 2328 596
1 2 1556 2328 4758
1 2 452 2488 2326
1 2 2488 80 1854
1 2 2326 1854 390
1 2 2488 1854 2326
1 2 596 2327 3110
1 2 2327 390 4659
1 2 3110 4659 235
1 2 2327 4659 3110
1 2 452 2326 2328
1 2 2326 390 2327
1 2 2328 2327 596
1 2 2326 2327 2328
1 2 355 1990 4288
1 2 1990 597 3228
1 2 4288 3228 884
1 2 1990 3228 4288
1 2 597 3111 3227
1 2 3111 235 5054
1 2 3227 5054 883
1 2 3111 5054 3227
1 2 884 2535 2537
1 2 2535 883 2536
1 2 2537 2536 47
1 2 2535 2536 2537
1 2 597 3227 3228
1 2 3227 883 2535
1 2 3228 2535 884
1 2 3227 2535 3228
1 2 338 4758 4759
1 2 4758 596 2447
1 2 4759 2447 598
1 2 4758 2447 4759
1 2 596 3110 2446
1 2 3110 235 3111
1 2 2446 3111 597
1 2 3110 3111 2446
1 2 598 1989 1991
1 2 1989 597 1990
1 2 1991 1990 355
1 2 1989 1990 1991
1 2 596 2446 2447
1 2 2446 597 1989
1 2 2447 1989 598
1 2 2446 1989 2447
1 2 47 5114 5118
1 2 5114 888 5111
1 2 5118 5111 1191
1 2 5114 5111 5118
1 2 888 4209 4210
1 2 4209 133 1400
1 2 4210 1400 909
1 2 4209 1400 4210
1 2 1191 1957 1959
1 2 1957 909 1958
1 2 1959 1958 135
1 2 1957 1958 1959
1 2 888 4210 5111
1 2 4210 909 1957
1 2 5111 1957 1191
1 2 4210 1957 5111
1 2 133 4729 1398
1 2 4729 490 2861
1 2 1398 2861 492
1 2 4729 2861 1398
1 2 490 4524 2859
1 2 4524 81 4877
1 2 2859 4877 491
1 2 4524 4877 2859
1 2 492 2860 3696
1 2 2860 491 5027
1 2 3696 5027 134
1 2 2860 5027 3696
1 2 490 2859 2861
1 2 2859 491 2860
1 2 2861 2860 492
1 2 2859 2860 2861
1 2 135 1583 1585
1 2 1583 908 1584
1 2 1585 1584 1226
1 2 1583 1584 1585
1 2 908 3585 3510
1 2 3585 134 3586
1 2 3510 3586 707
1 2 3585 3586 3510
1 2 1226 3511 4480
1 2 3511 707 4479
1 2 4480 4479 48
1 2 3511 4479 4480
1 2 908 3510 1584
1 2 3510 707 3511
1 2 1584 3511 1226
1 2 3510 3511 1584
1 2 133 1398 1400
1 2 1398 492 1399
1 2 1400 1399 909
1 2 1398 1399 1400
1 2 492 3696 3697
1 2 3696 134 3585
1 2 3697 3585 908
1 2 3696 3585 3697
1 2 909 2733 1958
1 2 2733 908 1583
1 2 1958 1583 135
1 2 2733 1583 1958
1 2 492 3697 1399
1 2 3697 908 2733
1 2 1399 2733 909
1 2 3697 2733 1399
1 2 48 5080 5081
1 2 5080 706 2366
1 2 5081 2366 1200
1 2 5080 2366 5081
1 2 706 3040 2364
1 2 3040 125 1549
1 2 2364 1549 688
1 2 3040 1549 2364
1 2 1200 2365 4806
1 2 2365 688 3886
1 2 4806 3886 127
1 2 2365 3886 4806
1 2 706 2364 2366
1 2 2364 688 2365
1 2 2366 2365 1200
1 2 2364 2365 2366
1 2 125 3415 1547
1 2 3415 731 2994
1 2 1547 2994 686
1 2 3415 2994 1547
1 2 731 4309 2992
1 2 4309 82 2341
1 2 2992 2341 721
1 2 4309 2341 2992
1 2 686 2993 4624
1 2 2993 721 4623
1 2 4624 4623 126
1 2 2993 4623 4624
1 2 731 2992 2994
1 2 2992 721 2993
1 2 2994 2993 686
1 2 2992 2993 2994
1 2 127 3885 5042
1 2 3885 687 2755
1 2 5042 2755 1049
1 2 3885 2755 5042
1 2 687 5057 2753
1 2 5057 126 3065
1 2 2753 3065 1048
1 2 5057 3065 2753
1 2 1049 2754 4199
1 2 2754 1048 2152
1 2 4199 2152 25
1 2 2754 2152 4199
1 2 687 2753 2755
1 2 2753 1048 2754
1 2 2755 2754 1049
1 2 2753 2754 2755
1 2 125 1547 1549
1 2 1547 686 1548
1 2 1549 1548 688
1 2 1547 1548 1549
1 2 686 4624 4495
1 2 4624 126 5057
1 2 4495 5057 687
1 2 4624 5057 4495
1 2 688 3884 3886
1 2 3884 687 3885
1 2 3886 3885 127
1 2 3884 3885 3886
1 2 686 4495 1548
1 2 4495 687 3884
1 2 1548 3884 688
1 2 4495 3884 1548
1 2 51 2453 4713
1 2 2453 715 1886
1 2 4713 1886 1089
1 2 2453 1886 4713
1 2 715 4860 1884
1 2 4860 306 3998
1 2 1884 3998 1088
1 2 4860 3998 1884
1 2 1089 1885 1597
1 2 1885 1088 3175
1 2 1597 3175 274
1 2 1885 3175 1597
1 2 715 1884 1886
1 2 1884 1088 1885
1 2 1886 1885 1089
1 2 1884 1885 1886
1 2 306 4026 3997
1 2 4026 455 4027
1 2 3997 4027 548
1 2 4026 4027 3997
1 2 455 1449 1451
1 2 1449 6 1450
1 2 1451 1450 547
1 2 1449 1450 1451
1 2 548 4344 4574
1 2 4344 547 5035
1 2 4574 5035 344
1 2 4344 5035 4574
1 2 455 1451 4027
1 2 1451 547 4344
1 2 4027 4344 548
1 2 1451 4344 4027
1 2 274 3174 4066
1 2 3174 1144 1442
1 2 4066 1442 1146
1 2 3174 1442 4066
1 2 1144 4575 1440
1 2 4575 344 4488
1 2 1440 4488 1145
1 2 4575 4488 1440
1 2 1146 1441 4903
1 2 1441 1145 4283
1 2 4903 4283 8
1 2 1441 4283 4903
1 2 1144 1440 1442
1 2 1440 1145 1441
1 2 1442 1441 1146
1 2 1440 1441 1442
1 2 306 3997 3998
1 2 3997 548 2363
1 2 3998 2363 1088
1 2 3997 2363 3998
1 2 548 4574 2361
1 2 4574 344 4575
1 2 2361 4575 1144
1 2 4574 4575 2361
1 2 1088 2362 3175
1 2 2362 1144 3174
1 2 3175 3174 274
1 2 2362 3174 3175
1 2 548 2361 2363
1 2 2361 1144 2362
1 2 2363 2362 1088
1 2 2361 2362 2363
1 2 49 3891 1809
1 2 3891 1225 2582
1 2 1809 2582 1070
1 2 3891 2582 1809
1 2 1225 1823 2580
1 2 1823 294 3257
1 2 2580 3257 660
1 2 1823 3257 2580
1 2 1070 2581 4615
1 2 2581 660 3764
1 2 4615 3764 330
1 2 2581 3764 4615
1 2 1225 2580 2582
1 2 2580 660 2581
1 2 2582 2581 1070
1 2 2580 2581 2582
1 2 294 2246 3255
1 2 2246 467 3636
1 2 3255 3636 469
1 2 2246 3636 3255
1 2 467 2610 3525
1 2 2610 3 2545
1 2 3525 2545 468
1 2 2610 2545 3525
1 2 469 4390 4857
1 2 4390 468 3002
1 2 4857 3002 197
1 2 4390 3002 4857
1 2 467 3525 3636
1 2 3525 468 4390
1 2 3636 4390 469
1 2 3525 4390 3636
1 2 330 3763 3899
1 2 3763 659 3920
1 2 3899 3920 785
1 2 3763 3920 3899
1 2 659 4740 4741
1 2 4740 197 2032
1 2 4741 2032 784
1 2 4740 2032 4741
1 2 785 3839 2467
1 2 3839 784 3840
1 2 2467 3840 83
1 2 3839 3840 2467
1 2 659 4741 3920
1 2 4741 784 3839
1 2 3920 3839 785
1 2 4741 3839 3920
1 2 294 3255 3257
1 2 3255 469 3256
1 2 3257 3256 660
1 2 3255 3256 3257
1 2 469 4857 3577
1 2 4857 197 4740
1 2 3577 4740 659
1 2 4857 4740 3577
1 2 660 3578 3764
1 2 3578 659 3763
1 2 3764 3763 330
1 2 3578 3763 3764
1 2 469 3577 3256
1 2 3577 659 3578
1 2 3256 3578 660
1 2 3577 3578 3256
1 2 4 3591 3592
1 2 3591 677 3103
1 2 3592 3103 679
1 2 3591 3103 3592
1 2 677 2367 2369
1 2 2367 196 2368
1 2 2369 2368 678
1 2 2367 2368 2369
1 2 679 3102 5115
1 2 3102 678 5079
1 2 5115 5079 198
1 2 3102 5079 5115
1 2 677 2369 3103
1 2 2369 678 3102
1 2 3103 3102 679
1 2 2369 3102 3103
1 2 196 3602 4244
1 2 3602 1053 4537
1 2 4244 4537 1054
1 2 3602 4537 4244
1 2 1053 4414 4536
1 2 4414 83 3840
1 2 4536 3840 784
1 2 4414 3840 4536
1 2 1054 2031 1818
1 2 2031 784 2032
1 2 1818 2032 197
1 2 2031 2032 1818
1 2 1053 4536 4537
1 2 4536 784 2031
1 2 4537 2031 1054
1 2 4536 2031 4537
1 2 198 1476 1478
1 2 1476 982 1477
1 2 1478 1477 983
1 2 1476 1477 1478
1 2 982 1819 3003
1 2 1819 197 3002
1 2 3003 3002 468
1 2 1819 3002 3003
1 2 983 2544 2546
1 2 2544 468 2545
1 2 2546 2545 3
1 2 2544 2545 2546
1 2 982 3003 1477
1 2 3003 468 2544
1 2 1477 2544 983
1 2 3003 2544 1477
1 2 196 4244 2368
1 2 4244 1054 3134
1 2 2368 3134 678
1 2 4244 3134 2368
1 2 1054 1818 1820
1 2 1818 197 1819
1 2 1820 1819 982
1 2 1818 1819 1820
1 2 678 3133 5079
1 2 3133 982 1476
1 2 5079 1476 198
1 2 3133 1476 5079
1 2 1054 1820 3134
1 2 1820 982 3133
1 2 3134 3133 678
1 2 1820 3133 3134
1 2 5 3104 3106
1 2 3104 1081 3105
1 2 3106 3105 486
1 2 3104 3105 3106
1 2 1081 2995 2997
1 2 2995 303 2996
1 2 2997 2996 1082
1 2 2995 2996 2997
1 2 486 3135 1370
1 2 3135 1082 4603
1 2 1370 4603 305
1 2 3135 4603 1370
1 2 1081 2997 3105
1 2 2997 1082 3135
1 2 3105 3135 486
1 2 2997 3135 3105
1 2 303 4863 3889
1 2 4863 1315 2038
1 2 3889 2038 1229
1 2 4863 2038 3889
1 2 1315 2695 2036
1 2 2695 6 2499
1 2 2036 2499 457
1 2 2695 2499 2036
1 2 1229 2037 2194
1 2 2037 457 2193
1 2 2194 2193 304
1 2 2037 2193 2194
1 2 1315 2036 2038
1 2 2036 457 2037
1 2 2038 2037 1229
1 2 2036 2037 2038
1 2 305 4605 5093
1 2 4605 1123 1543
1 2 5093 1543 1125
1 2 4605 1543 5093
1 2 1123 2441 1541
1 2 2441 304 4345
1 2 1541 4345 1124
1 2 2441 4345 1541
1 2 1125 1542 5030
1 2 1542 1124 3646
1 2 5030 3646 84
1 2 1542 3646 5030
1 2 1123 1541 1543
1 2 1541 1124 1542
1 2 1543 1542 1125
1 2 1541 1542 1543
1 2 303 3889 2996
1 2 3889 1229 3890
1 2 2996 3890 1082
1 2 3889 3890 2996
1 2 1229 2194 2442
1 2 2194 304 2441
1 2 2442 2441 1123
1 2 2194 2441 2442
1 2 1082 4604 4603
1 2 4604 1123 4605
1 2 4603 4605 305
1 2 4604 4605 4603
1 2 1229 2442 3890
1 2 2442 1123 4604
1 2 3890 4604 1082
1 2 2442 4604 3890
1 2 52 2800 3568
1 2 2800 651 3619
1 2 3568 3619 653
1 2 2800 3619 3568
1 2 651 4770 3618
1 2 4770 157 4534
1 2 3618 4534 652
1 2 4770 4534 3618
1 2 653 2410 2412
1 2 2410 652 2411
1 2 2412 2411 159
1 2 2410 2411 2412
1 2 651 3618 3619
1 2 3618 652 2410
1 2 3619 2410 653
1 2 3618 2410 3619
1 2 157 2616 4533
1 2 2616 1307 4710
1 2 4533 4710 1166
1 2 2616 4710 4533
1 2 1307 1713 1715
1 2 1713 51 1714
1 2 1715 1714 1308
1 2 1713 1714 1715
1 2 1166 4413 4211
1 2 4413 1308 4337
1 2 4211 4337 158
1 2 4413 4337 4211
1 2 1307 1715 4710
1 2 1715 1308 4413
1 2 4710 4413 1166
1 2 1715 4413 4710
1 2 159 1392 1394
1 2 1392 870 1393
1 2 1394 1393 872
1 2 1392 1393 1394
1 2 870 2059 2061
1 2 2059 158 2060
1 2 2061 2060 871
1 2 2059 2060 2061
1 2 872 4162 3490
1 2 4162 871 3500
1 2 3490 3500 9
1 2 4162 3500 3490
1 2 870 2061 1393
1 2 2061 871 4162
1 2 1393 4162 872
1 2 2061 4162 1393
1 2 157 4533 4534
1 2 4533 1166 3699
1 2 4534 3699 652
1 2 4533 3699 4534
1 2 1166 4211 3698
1 2 4211 158 2059
1 2 3698 2059 870
1 2 4211 2059 3698
1 2 652 3123 2411
1 2 3123 870 1392
1 2 2411 1392 159
1 2 3123 1392 2411
1 2 1166 3698 3699
1 2 3698 870 3123
1 2 3699 3123 652
1 2 3698 3123 3699
1 2 52 3567 4854
1 2 3567 1152 4335
1 2 4854 4335 1147
1 2 3567 4335 4854
1 2 1152 3314 4334
1 2 3314 105 4582
1 2 4334 4582 592
1 2 3314 4582 4334
1 2 1147 2887 2888
1 2 2887 592 2663
1 2 2888 2663 107
1 2 2887 2663 2888
1 2 1152 4334 4335
1 2 4334 592 2887
1 2 4335 2887 1147
1 2 4334 2887 4335
1 2 105 1407 1409
1 2 1407 805 1408
1 2 1409 1408 590
1 2 1407 1408 1409
1 2 805 1729 2916
1 2 1729 10 2058
1 2 2916 2058 1280
1 2 1729 2058 2916
1 2 590 4462 4463
1 2 4462 1280 1944
1 2 4463 1944 106
1 2 4462 1944 4463
1 2 805 2916 1408
1 2 2916 1280 4462
1 2 1408 4462 590
1 2 2916 4462 1408
1 2 107 2662 4159
1 2 2662 591 4880
1 2 4159 4880 1102
1 2 2662 4880 4159
1 2 591 3208 3210
1 2 3208 106 3209
1 2 3210 3209 922
1 2 3208 3209 3210
1 2 1102 4931 4233
1 2 4931 922 4349
1 2 4233 4349 53
1 2 4931 4349 4233
1 2 591 3210 4880
1 2 3210 922 4931
1 2 4880 4931 1102
1 2 3210 4931 4880
1 2 105 1409 4582
1 2 1409 590 5063
1 2 4582 5063 592
1 2 1409 5063 4582
1 2 590 4463 5062
1 2 4463 106 3208
1 2 5062 3208 591
1 2 4463 3208 5062
1 2 592 2661 2663
1 2 2661 591 2662
1 2 2663 2662 107
1 2 2661 2662 2663
1 2 590 5062 5063
1 2 5062 591 2661
1 2 5063 2661 592
1 2 5062 2661 5063
1 2 54 2696 3128
1 2 2696 1030 2721
1 2 3128 2721 932
1 2 2696 2721 3128
1 2 1030 2592 2719
1 2 2592 185 2892
1 2 2719 2892 945
1 2 2592 2892 2719
1 2 932 2720 2847
1 2 2720 945 1803
1 2 2847 1803 272
1 2 2720 1803 2847
1 2 1030 2719 2721
1 2 2719 945 2720
1 2 2721 2720 932
1 2 2719 2720 2721
1 2 185 2748 4243
1 2 2748 625 2597
1 2 4243 2597 627
1 2 2748 2597 4243
1 2 625 4131 2595
1 2 4131 53 4156
1 2 2595 4156 626
1 2 4131 4156 2595
1 2 627 2596 4213
1 2 2596 626 3293
1 2 4213 3293 161
1 2 2596 3293 4213
1 2 625 2595 2597
1 2 2595 626 2596
1 2 2597 2596 627
1 2 2595 2596 2597
1 2 272 1802 2229
1 2 1802 661 2228
1 2 2229 2228 663
1 2 1802 2228 2229
1 2 661 4326 4438
1 2 4326 161 3100
1 2 4438 3100 662
1 2 4326 3100 4438
1 2 663 2239 2240
1 2 2239 662 1572
1 2 2240 1572 11
1 2 2239 1572 2240
1 2 661 4438 2228
1 2 4438 662 2239
1 2 2228 2239 663
1 2 4438 2239 2228
1 2 185 4243 2892
1 2 4243 627 2202
1 2 2892 2202 945
1 2 4243 2202 2892
1 2 627 4213 2201
1 2 4213 161 4326
1 2 2201 4326 661
1 2 4213 4326 2201
1 2 945 1801 1803
1 2 1801 661 1802
1 2 1803 1802 272
1 2 1801 1802 1803
1 2 627 2201 2202
1 2 2201 661 1801
1 2 2202 1801 945
1 2 2201 1801 2202
1 2 14 3990 3789
1 2 3990 1305 2895
1 2 3789 2895 1306
1 2 3990 2895 3789
1 2 1305 5061 2893
1 2 5061 314 2900
1 2 2893 2900 446
1 2 5061 2900 2893
1 2 1306 2894 3441
1 2 2894 446 1603
1 2 3441 1603 315
1 2 2894 1603 3441
1 2 1305 2893 2895
1 2 2893 446 2894
1 2 2895 2894 1306
1 2 2893 2894 2895
1 2 314 3617 2899
1 2 3617 1269 3378
1 2 2899 3378 444
1 2 3617 3378 2899
1 2 1269 5053 3377
1 2 5053 15 4912
1 2 3377 4912 1270
1 2 5053 4912 3377
1 2 444 2576 2577
1 2 2576 1270 2262
1 2 2577 2262 310
1 2 2576 2262 2577
1 2 1269 3377 3378
1 2 3377 1270 2576
1 2 3378 2576 444
1 2 3377 2576 3378
1 2 315 1602 3451
1 2 1602 445 3862
1 2 3451 3862 1164
1 2 1602 3862 3451
1 2 445 3892 4697
1 2 3892 310 4680
1 2 4697 4680 1056
1 2 3892 4680 4697
1 2 1164 3893 3895
1 2 3893 1056 3894
1 2 3895 3894 85
1 2 3893 3894 3895
1 2 445 4697 3862
1 2 4697 1056 3893
1 2 3862 3893 1164
1 2 4697 3893 3862
1 2 314 2899 2900
1 2 2899 444 2654
1 2 2900 2654 446
1 2 2899 2654 2900
1 2 444 2577 2653
1 2 2577 310 3892
1 2 2653 3892 445
1 2 2577 3892 2653
1 2 446 1601 1603
1 2 1601 445 1602
1 2 1603 1602 315
1 2 1601 1602 1603
1 2 444 2653 2654
1 2 2653 445 1601
1 2 2654 1601 446
1 2 2653 1601 2654
1 2 54 3202 3204
1 2 3202 1196 3203
1 2 3204 3203 1300
1 2 3202 3203 3204
1 2 1196 4179 4500
1 2 4179 175 1784
1 2 4500 1784 368
1 2 4179 1784 4500
1 2 1300 2553 2555
1 2 2553 368 2554
1 2 2555 2554 120
1 2 2553 2554 2555
1 2 1196 4500 3203
1 2 4500 368 2553
1 2 3203 2553 1300
1 2 4500 2553 3203
1 2 175 1780 1782
1 2 1780 577 1781
1 2 1782 1781 366
1 2 1780 1781 1782
1 2 577 3788 3790
1 2 3788 14 3789
1 2 3790 3789 1306
1 2 3788 3789 3790
1 2 366 5015 4109
1 2 5015 1306 3441
1 2 4109 3441 315
1 2 5015 3441 4109
1 2 577 3790 1781
1 2 3790 1306 5015
1 2 1781 5015 366
1 2 3790 5015 1781
1 2 120 3380 4494
1 2 3380 367 2232
1 2 4494 2232 1075
1 2 3380 2232 4494
1 2 367 3450 2230
1 2 3450 315 3451
1 2 2230 3451 1164
1 2 3450 3451 2230
1 2 1075 2231 4289
1 2 2231 1164 3895
1 2 4289 3895 85
1 2 2231 3895 4289
1 2 367 2230 2232
1 2 2230 1164 2231
1 2 2232 2231 1075
1 2 2230 2231 2232
1 2 175 1782 1784
1 2 1782 366 1783
1 2 1784 1783 368
1 2 1782 1783 1784
1 2 366 4109 4110
1 2 4109 315 3450
1 2 4110 3450 367
1 2 4109 3450 4110
1 2 368 3379 2554
1 2 3379 367 3380
1 2 2554 3380 120
1 2 3379 3380 2554
1 2 366 4110 1783
1 2 4110 367 3379
1 2 1783 3379 368
1 2 4110 3379 1783
1 2 55 1377 2579
1 2 1377 439 2578
1 2 2579 2578 440
1 2 1377 2578 2579
1 2 439 2746 4938
1 2 2746 136 4775
1 2 4938 4775 394
1 2 2746 4775 4938
1 2 440 4939 1418
1 2 4939 394 4272
1 2 1418 4272 311
1 2 4939 4272 1418
1 2 439 4938 2578
1 2 4938 394 4939
1 2 2578 4939 440
1 2 4938 4939 2578
1 2 136 1344 1346
1 2 1344 1055 1345
1 2 1346 1345 392
1 2 1344 1345 1346
1 2 1055 1338 2842
1 2 1338 85 3894
1 2 2842 3894 1056
1 2 1338 3894 2842
1 2 392 2843 1386
1 2 2843 1056 4680
1 2 1386 4680 310
1 2 2843 4680 1386
1 2 1055 2842 1345
1 2 2842 1056 2843
1 2 1345 2843 392
1 2 2842 2843 1345
1 2 311 3037 3039
1 2 3037 393 3038
1 2 3039 3038 894
1 2 3037 3038 3039
1 2 393 1387 2263
1 2 1387 310 2262
1 2 2263 2262 1270
1 2 1387 2262 2263
1 2 894 3180 4913
1 2 3180 1270 4912
1 2 4913 4912 15
1 2 3180 4912 4913
1 2 393 2263 3038
1 2 2263 1270 3180
1 2 3038 3180 894
1 2 2263 3180 3038
1 2 136 1346 4775
1 2 1346 392 1888
1 2 4775 1888 394
1 2 1346 1888 4775
1 2 392 1386 1388
1 2 1386 310 1387
1 2 1388 1387 393
1 2 1386 1387 1388
1 2 394 1887 4272
1 2 1887 393 3037
1 2 4272 3037 311
1 2 1887 3037 4272
1 2 392 1388 1888
1 2 1388 393 1887
1 2 1888 1887 394
1 2 1388 1887 1888
1 2 55 4906 3148
1 2 4906 1230 3019
1 2 3148 3019 999
1 2 4906 3019 3148
1 2 1230 2844 2846
1 2 2844 309 2845
1 2 2846 2845 1198
1 2 2844 2845 2846
1 2 999 3018 4152
1 2 3018 1198 5046
1 2 4152 5046 242
1 2 3018 5046 4152
1 2 1230 2846 3019
1 2 2846 1198 3018
1 2 3019 3018 999
1 2 2846 3018 3019
1 2 309 5086 4399
1 2 5086 1099 5087
1 2 4399 5087 1169
1 2 5086 5087 4399
1 2 1099 4059 4989
1 2 4059 16 3978
1 2 4989 3978 839
1 2 4059 3978 4989
1 2 1169 2862 2864
1 2 2862 839 2863
1 2 2864 2863 282
1 2 2862 2863 2864
1 2 1099 4989 5087
1 2 4989 839 2862
1 2 5087 2862 1169
1 2 4989 2862 5087
1 2 242 4798 4799
1 2 4798 1101 3273
1 2 4799 3273 524
1 2 4798 3273 4799
1 2 1101 1983 1985
1 2 1983 282 1984
1 2 1985 1984 584
1 2 1983 1984 1985
1 2 524 3272 4419
1 2 3272 584 4418
1 2 4419 4418 86
1 2 3272 4418 4419
1 2 1101 1985 3273
1 2 1985 584 3272
1 2 3273 3272 524
1 2 1985 3272 3273
1 2 309 4399 2845
1 2 4399 1169 3178
1 2 2845 3178 1198
1 2 4399 3178 2845
1 2 1169 2864 3176
1 2 2864 282 1983
1 2 3176 1983 1101
1 2 2864 1983 3176
1 2 1198 3177 5046
1 2 3177 1101 4798
1 2 5046 4798 242
1 2 3177 4798 5046
1 2 1169 3176 3178
1 2 3176 1101 3177
1 2 3178 3177 1198
1 2 3176 3177 3178
1 2 56 3663 3664
1 2 3663 1057 3659
1 2 3664 3659 430
1 2 3663 3659 3664
1 2 1057 2047 3657
1 2 2047 191 1919
1 2 3657 1919 1058
1 2 2047 1919 3657
1 2 430 3658 4553
1 2 3658 1058 4552
1 2 4553 4552 164
1 2 3658 4552 4553
1 2 1057 3657 3659
1 2 3657 1058 3658
1 2 3659 3658 430
1 2 3657 3658 3659
1 2 191 2088 1917
1 2 2088 873 2089
1 2 1917 2089 874
1 2 2088 2089 1917
1 2 873 1795 1797
1 2 1795 86 1796
1 2 1797 1796 583
1 2 1795 1796 1797
1 2 874 2472 5108
1 2 2472 583 2639
1 2 5108 2639 281
1 2 2472 2639 5108
1 2 873 1797 2089
1 2 1797 583 2472
1 2 2089 2472 874
1 2 1797 2472 2089
1 2 164 3319 3321
1 2 3319 1322 3320
1 2 3321 3320 974
1 2 3319 3320 3321
1 2 1322 4513 3434
1 2 4513 281 4291
1 2 3434 4291 1010
1 2 4513 4291 3434
1 2 974 3435 3985
1 2 3435 1010 4810
1 2 3985 4810 17
1 2 3435 4810 3985
1 2 1322 3434 3320
1 2 3434 1010 3435
1 2 3320 3435 974
1 2 3434 3435 3320
1 2 191 1917 1919
1 2 1917 874 1918
1 2 1919 1918 1058
1 2 1917 1918 1919
1 2 874 5108 4959
1 2 5108 281 4513
1 2 4959 4513 1322
1 2 5108 4513 4959
1 2 1058 4960 4552
1 2 4960 1322 3319
1 2 4552 3319 164
1 2 4960 3319 4552
1 2 874 4959 1918
1 2 4959 1322 4960
1 2 1918 4960 1058
1 2 4959 4960 1918
1 2 16 3977 3978
1 2 3977 837 2290
1 2 3978 2290 839
1 2 3977 2290 3978
1 2 837 4258 2288
1 2 4258 280 1688
1 2 2288 1688 838
1 2 4258 1688 2288
1 2 839 2289 2863
1 2 2289 838 3688
1 2 2863 3688 282
1 2 2289 3688 2863
1 2 837 2288 2290
1 2 2288 838 2289
1 2 2290 2289 839
1 2 2288 2289 2290
1 2 280 4621 1686
1 2 4621 1009 4622
1 2 1686 4622 905
1 2 4621 4622 1686
1 2 1009 5116 4908
1 2 5116 17 4810
1 2 4908 4810 1010
1 2 5116 4810 4908
1 2 905 4290 4292
1 2 4290 1010 4291
1 2 4292 4291 281
1 2 4290 4291 4292
1 2 1009 4908 4622
1 2 4908 1010 4290
1 2 4622 4290 905
1 2 4908 4290 4622
1 2 282 4198 1984
1 2 4198 582 3233
1 2 1984 3233 584
1 2 4198 3233 1984
1 2 582 2638 2640
1 2 2638 281 2639
1 2 2640 2639 583
1 2 2638 2639 2640
1 2 584 3232 4418
1 2 3232 583 1796
1 2 4418 1796 86
1 2 3232 1796 4418
1 2 582 2640 3233
1 2 2640 583 3232
1 2 3233 3232 584
1 2 2640 3232 3233
1 2 280 1686 1688
1 2 1686 905 1687
1 2 1688 1687 838
1 2 1686 1687 1688
1 2 905 4292 4968
1 2 4292 281 2638
1 2 4968 2638 582
1 2 4292 2638 4968
1 2 838 4969 3688
1 2 4969 582 4198
1 2 3688 4198 282
1 2 4969 4198 3688
1 2 905 4968 1687
1 2 4968 582 4969
1 2 1687 4969 838
1 2 4968 4969 1687
1 2 25 2152 2154
1 2 2152 1048 2153
1 2 2154 2153 1174
1 2 2152 2153 2154
1 2 1048 3065 3066
1 2 3065 126 2012
1 2 3066 2012 1173
1 2 3065 2012 3066
1 2 1174 3900 2781
1 2 3900 1173 2096
1 2 2781 2096 111
1 2 3900 2096 2781
1 2 1048 3066 2153
1 2 3066 1173 3900
1 2 2153 3900 1174
1 2 3066 3900 2153
1 2 126 4623 2010
1 2 4623 721 1579
1 2 2010 1579 723
1 2 4623 1579 2010
1 2 721 2341 1577
1 2 2341 82 2342
1 2 1577 2342 722
1 2 2341 2342 1577
1 2 723 1578 3023
1 2 1578 722 3022
1 2 3023 3022 308
1 2 1578 3022 3023
1 2 721 1577 1579
1 2 1577 722 1578
1 2 1579 1578 723
1 2 1577 1578 1579
1 2 111 1866 1868
1 2 1866 1263 1867
1 2 1868 1867 1325
1 2 1866 1867 1868
1 2 1263 3185 4760
1 2 3185 308 4873
1 2 4760 4873 1324
1 2 3185 4873 4760
1 2 1325 1464 1466
1 2 1464 1324 1465
1 2 1466 1465 59
1 2 1464 1465 1466
1 2 1263 4760 1867
1 2 4760 1324 1464
1 2 1867 1464 1325
1 2 4760 1464 1867
1 2 126 2010 2012
1 2 2010 723 2011
1 2 2012 2011 1173
1 2 2010 2011 2012
1 2 723 3023 3186
1 2 3023 308 3185
1 2 3186 3185 1263
1 2 3023 3185 3186
1 2 1173 2095 2096
1 2 2095 1263 1866
1 2 2096 1866 111
1 2 2095 1866 2096
1 2 723 3186 2011
1 2 3186 1263 2095
1 2 2011 2095 1173
1 2 3186 2095 2011
1 2 20 2611 2613
1 2 2611 1311 2612
1 2 2613 2612 800
1 2 2611 2612 2613
1 2 1311 3442 3443
1 2 3442 279 1355
1 2 3443 1355 1189
1 2 3442 1355 3443
1 2 800 1986 1988
1 2 1986 1189 1987
1 2 1988 1987 224
1 2 1986 1987 1988
1 2 1311 3443 2612
1 2 3443 1189 1986
1 2 2612 1986 800
1 2 3443 1986 2612
1 2 279 3189 1353
1 2 3189 1223 3190
1 2 1353 3190 1188
1 2 3189 3190 1353
1 2 1223 5098 4425
1 2 5098 21 2956
1 2 4425 2956 1108
1 2 5098 2956 4425
1 2 1188 1749 1751
1 2 1749 1108 1750
1 2 1751 1750 270
1 2 1749 1750 1751
1 2 1223 4425 3190
1 2 4425 1108 1749
1 2 3190 1749 1188
1 2 4425 1749 3190
1 2 224 3755 3498
1 2 3755 1183 3213
1 2 3498 3213 1184
1 2 3755 3213 3498
1 2 1183 2131 2133
1 2 2131 270 2132
1 2 2133 2132 1036
1 2 2131 2132 2133
1 2 1184 2564 2566
1 2 2564 1036 2565
1 2 2566 2565 87
1 2 2564 2565 2566
1 2 1183 2133 3213
1 2 2133 1036 2564
1 2 3213 2564 1184
1 2 2133 2564 3213
1 2 279 1353 1355
1 2 1353 1188 1354
1 2 1355 1354 1189
1 2 1353 1354 1355
1 2 1188 1751 3258
1 2 1751 270 2131
1 2 3258 2131 1183
1 2 1751 2131 3258
1 2 1189 4825 1987
1 2 4825 1183 3755
1 2 1987 3755 224
1 2 4825 3755 1987
1 2 1188 3258 1354
1 2 3258 1183 4825
1 2 1354 4825 1189
1 2 3258 4825 1354
1 2 56 5047 4769
1 2 5047 1240 4021
1 2 4769 4021 1025
1 2 5047 4021 4769
1 2 1240 1648 1650
1 2 1648 223 1649
1 2 1650 1649 1084
1 2 1648 1649 1650
1 2 1025 3964 3965
1 2 3964 1084 3563
1 2 3965 3563 225
1 2 3964 3563 3965
1 2 1240 1650 4021
1 2 1650 1084 3964
1 2 4021 3964 1025
1 2 1650 3964 4021
1 2 223 2256 2258
1 2 2256 512 2257
1 2 2258 2257 801
1 2 2256 2257 2258
1 2 512 3239 3240
1 2 3239 20 2613
1 2 3240 2613 800
1 2 3239 2613 3240
1 2 801 4270 4730
1 2 4270 800 1988
1 2 4730 1988 224
1 2 4270 1988 4730
1 2 512 3240 2257
1 2 3240 800 4270
1 2 2257 4270 801
1 2 3240 4270 2257
1 2 225 3562 4846
1 2 3562 1083 2634
1 2 4846 2634 1233
1 2 3562 2634 4846
1 2 1083 3497 2632
1 2 3497 224 3498
1 2 2632 3498 1184
1 2 3497 3498 2632
1 2 1233 2633 4447
1 2 2633 1184 2566
1 2 4447 2566 87
1 2 2633 2566 4447
1 2 1083 2632 2634
1 2 2632 1184 2633
1 2 2634 2633 1233
1 2 2632 2633 2634
1 2 223 2258 1649
1 2 2258 801 3580
1 2 1649 3580 1084
1 2 2258 3580 1649
1 2 801 4730 3579
1 2 4730 224 3497
1 2 3579 3497 1083
1 2 4730 3497 3579
1 2 1084 3561 3563
1 2 3561 1083 3562
1 2 3563 3562 225
1 2 3561 3562 3563
1 2 801 3579 3580
1 2 3579 1083 3561
1 2 3580 3561 1084
1 2 3579 3561 3580
1 2 57 2671 2249
1 2 2671 375 2672
1 2 2249 2672 621
1 2 2671 2672 2249
1 2 375 3979 4322
1 2 3979 179 4321
1 2 4322 4321 620
1 2 3979 4321 4322
1 2 621 2378 2380
1 2 2378 620 2379
1 2 2380 2379 271
1 2 2378 2379 2380
1 2 375 4322 2672
1 2 4322 620 2378
1 2 2672 2378 621
1 2 4322 2378 2672
1 2 179 3124 3849
1 2 3124 639 3848
1 2 3849 3848 828
1 2 3124 3848 3849
1 2 639 4340 4692
1 2 4340 87 2565
1 2 4692 2565 1036
1 2 4340 2565 4692
1 2 828 2479 2480
1 2 2479 1036 2132
1 2 2480 2132 270
1 2 2479 2132 2480
1 2 639 4692 3848
1 2 4692 1036 2479
1 2 3848 2479 828
1 2 4692 2479 3848
1 2 271 3650 2732
1 2 3650 829 4350
1 2 2732 4350 1078
1 2 3650 4350 2732
1 2 829 4277 4278
1 2 4277 270 1750
1 2 4278 1750 1108
1 2 4277 1750 4278
1 2 1078 2955 2957
1 2 2955 1108 2956
1 2 2957 2956 21
1 2 2955 2956 2957
1 2 829 4278 4350
1 2 4278 1108 2955
1 2 4350 2955 1078
1 2 4278 2955 4350
1 2 179 3849 4321
1 2 3849 828 4408
1 2 4321 4408 620
1 2 3849 4408 4321
1 2 828 2480 4698
1 2 2480 270 4277
1 2 4698 4277 829
1 2 2480 4277 4698
1 2 620 3649 2379
1 2 3649 829 3650
1 2 2379 3650 271
1 2 3649 3650 2379
1 2 828 4698 4408
1 2 4698 829 3649
1 2 4408 3649 620
1 2 4698 3649 4408
1 2 22 2114 2115
1 2 2114 808 1609
1 2 2115 1609 810
1 2 2114 1609 2115
1 2 808 2832 1607
1 2 2832 188 3390
1 2 1607 3390 809
1 2 2832 3390 1607
1 2 810 1608 2968
1 2 1608 809 2967
1 2 2968 2967 190
1 2 1608 2967 2968
1 2 808 1607 1609
1 2 1607 809 1608
1 2 1609 1608 810
1 2 1607 1608 1609
1 2 188 3465 4874
1 2 3465 571 1815
1 2 4874 1815 573
1 2 3465 1815 4874
1 2 571 4927 1813
1 2 4927 88 2936
1 2 1813 2936 572
1 2 4927 2936 1813
1 2 573 1814 1550
1 2 1814 572 2926
1 2 1550 2926 189
1 2 1814 2926 1550
1 2 571 1813 1815
1 2 1813 572 1814
1 2 1815 1814 573
1 2 1813 1814 1815
1 2 190 3621 1726
1 2 3621 830 3622
1 2 1726 3622 1176
1 2 3621 3622 1726
1 2 830 1551 4294
1 2 1551 189 4293
1 2 4294 4293 1175
1 2 1551 4293 4294
1 2 1176 4708 2248
1 2 4708 1175 2155
1 2 2248 2155 57
1 2 4708 2155 2248
1 2 830 4294 3622
1 2 4294 1175 4708
1 2 3622 4708 1176
1 2 4294 4708 3622
1 2 188 4874 3390
1 2 4874 573 4875
1 2 3390 4875 809
1 2 4874 4875 3390
1 2 573 1550 1552
1 2 1550 189 1551
1 2 1552 1551 830
1 2 1550 1551 1552
1 2 809 4815 2967
1 2 4815 830 3621
1 2 2967 3621 190
1 2 4815 3621 2967
1 2 573 1552 4875
1 2 1552 830 4815
1 2 4875 4815 809
1 2 1552 4815 4875
1 2 22 4222 2114
1 2 4222 1219 4223
1 2 2114 4223 808
1 2 4222 4223 2114
1 2 1219 5094 5096
1 2 5094 347 5095
1 2 5096 5095 1220
1 2 5094 5095 5096
1 2 808 2830 2832
1 2 2830 1220 2831
1 2 2832 2831 188
1 2 2830 2831 2832
1 2 1219 5096 4223
1 2 5096 1220 2830
1 2 4223 2830 808
1 2 5096 2830 4223
1 2 347 2041 2043
1 2 2041 1318 2042
1 2 2043 2042 1290
1 2 2041 2042 2043
1 2 1318 5106 2221
1 2 5106 23 4965
1 2 2221 4965 1302
1 2 5106 4965 2221
1 2 1290 1526 1528
1 2 1526 1302 1527
1 2 1528 1527 348
1 2 1526 1527 1528
1 2 1318 2221 2042
1 2 2221 1302 1526
1 2 2042 1526 1290
1 2 2221 1526 2042
1 2 188 3463 3465
1 2 3463 811 3464
1 2 3465 3464 571
1 2 3463 3464 3465
1 2 811 3623 4666
1 2 3623 348 4587
1 2 4666 4587 812
1 2 3623 4587 4666
1 2 571 5014 4927
1 2 5014 812 4373
1 2 4927 4373 88
1 2 5014 4373 4927
1 2 811 4666 3464
1 2 4666 812 5014
1 2 3464 5014 571
1 2 4666 5014 3464
1 2 347 2043 5095
1 2 2043 1290 2487
1 2 5095 2487 1220
1 2 2043 2487 5095
1 2 1290 1528 2485
1 2 1528 348 3623
1 2 2485 3623 811
1 2 1528 3623 2485
1 2 1220 2486 2831
1 2 2486 811 3463
1 2 2831 3463 188
1 2 2486 3463 2831
1 2 1290 2485 2487
1 2 2485 811 2486
1 2 2487 2486 1220
1 2 2485 2486 2487
1 2 26 4055 4056
1 2 4055 1257 1829
1 2 4056 1829 1258
1 2 4055 1829 4056
1 2 1257 3141 1827
1 2 3141 112 1457
1 2 1827 1457 1118
1 2 3141 1457 1827
1 2 1258 1828 3951
1 2 1828 1118 4036
1 2 3951 4036 139
1 2 1828 4036 3951
1 2 1257 1827 1829
1 2 1827 1118 1828
1 2 1829 1828 1258
1 2 1827 1828 1829
1 2 112 2762 1455
1 2 2762 788 3754
1 2 1455 3754 790
1 2 2762 3754 1455
1 2 788 2657 2659
1 2 2657 59 2658
1 2 2659 2658 789
1 2 2657 2658 2659
1 2 790 3472 3473
1 2 3472 789 1564
1 2 3473 1564 138
1 2 3472 1564 3473
1 2 788 2659 3754
1 2 2659 789 3472
1 2 3754 3472 790
1 2 2659 3472 3754
1 2 139 2434 2436
1 2 2434 585 2435
1 2 2436 2435 587
1 2 2434 2435 2436
1 2 585 4616 4367
1 2 4616 138 4117
1 2 4367 4117 586
1 2 4616 4117 4367
1 2 587 4368 4362
1 2 4368 586 4955
1 2 4362 4955 60
1 2 4368 4955 4362
1 2 585 4367 2435
1 2 4367 586 4368
1 2 2435 4368 587
1 2 4367 4368 2435
1 2 112 1455 1457
1 2 1455 790 1456
1 2 1457 1456 1118
1 2 1455 1456 1457
1 2 790 3473 2118
1 2 3473 138 4616
1 2 2118 4616 585
1 2 3473 4616 2118
1 2 1118 2119 4036
1 2 2119 585 2434
1 2 4036 2434 139
1 2 2119 2434 4036
1 2 790 2118 1456
1 2 2118 585 2119
1 2 1456 2119 1118
1 2 2118 2119 1456
1 2 61 3816 3818
1 2 3816 622 3817
1 2 3818 3817 624
1 2 3816 3817 3818
1 2 622 5041 4442
1 2 5041 289 2350
1 2 4442 2350 623
1 2 5041 2350 4442
1 2 624 1461 1463
1 2 1461 623 1462
1 2 1463 1462 103
1 2 1461 1462 1463
1 2 622 4442 3817
1 2 4442 623 1461
1 2 3817 1461 624
1 2 4442 1461 3817
1 2 289 3541 2348
1 2 3541 752 4339
1 2 2348 4339 944
1 2 3541 4339 2348
1 2 752 3712 4192
1 2 3712 27 2990
1 2 4192 2990 943
1 2 3712 2990 4192
1 2 944 4338 3819
1 2 4338 943 2051
1 2 3819 2051 299
1 2 4338 2051 3819
1 2 752 4192 4339
1 2 4192 943 4338
1 2 4339 4338 944
1 2 4192 4338 4339
1 2 103 4849 3306
1 2 4849 965 4231
1 2 3306 4231 967
1 2 4849 4231 3306
1 2 965 3820 4230
1 2 3820 299 3681
1 2 4230 3681 966
1 2 3820 3681 4230
1 2 967 2871 2873
1 2 2871 966 2872
1 2 2873 2872 60
1 2 2871 2872 2873
1 2 965 4230 4231
1 2 4230 966 2871
1 2 4231 2871 967
1 2 4230 2871 4231
1 2 289 2348 2350
1 2 2348 944 2349
1 2 2350 2349 623
1 2 2348 2349 2350
1 2 944 3819 3821
1 2 3819 299 3820
1 2 3821 3820 965
1 2 3819 3820 3821
1 2 623 4848 1462
1 2 4848 965 4849
1 2 1462 4849 103
1 2 4848 4849 1462
1 2 944 3821 2349
1 2 3821 965 4848
1 2 2349 4848 623
1 2 3821 4848 2349
1 2 61 4910 4911
1 2 4910 689 2905
1 2 4911 2905 691
1 2 4910 2905 4911
1 2 689 1594 2904
1 2 1594 207 3382
1 2 2904 3382 690
1 2 1594 3382 2904
1 2 691 2791 2792
1 2 2791 690 2322
1 2 2792 2322 209
1 2 2791 2322 2792
1 2 689 2904 2905
1 2 2904 690 2791
1 2 2905 2791 691
1 2 2904 2791 2905
1 2 207 4932 3381
1 2 4932 990 4905
1 2 3381 4905 777
1 2 4932 4905 3381
1 2 990 4356 4904
1 2 4356 62 2312
1 2 4904 2312 701
1 2 4356 2312 4904
1 2 777 3970 3972
1 2 3970 701 3971
1 2 3972 3971 208
1 2 3970 3971 3972
1 2 990 4904 4905
1 2 4904 701 3970
1 2 4905 3970 777
1 2 4904 3970 4905
1 2 209 2321 2624
1 2 2321 778 1397
1 2 2624 1397 481
1 2 2321 1397 2624
1 2 778 1928 1395
1 2 1928 208 1929
1 2 1395 1929 978
1 2 1928 1929 1395
1 2 481 1396 1500
1 2 1396 978 2857
1 2 1500 2857 28
1 2 1396 2857 1500
1 2 778 1395 1397
1 2 1395 978 1396
1 2 1397 1396 481
1 2 1395 1396 1397
1 2 207 3381 3382
1 2 3381 777 2099
1 2 3382 2099 690
1 2 3381 2099 3382
1 2 777 3972 2097
1 2 3972 208 1928
1 2 2097 1928 778
1 2 3972 1928 2097
1 2 690 2098 2322
1 2 2098 778 2321
1 2 2322 2321 209
1 2 2098 2321 2322
1 2 777 2097 2099
1 2 2097 778 2098
1 2 2099 2098 690
1 2 2097 2098 2099
1 2 62 3904 2313
1 2 3904 1043 3654
1 2 2313 3654 702
1 2 3904 3654 2313
1 2 1043 2421 2423
1 2 2421 332 2422
1 2 2423 2422 824
1 2 2421 2422 2423
1 2 702 3653 2216
1 2 3653 824 4298
1 2 2216 4298 285
1 2 3653 4298 2216
1 2 1043 2423 3654
1 2 2423 824 3653
1 2 3654 3653 702
1 2 2423 3653 3654
1 2 332 2419 2420
1 2 2419 683 1561
1 2 2420 1561 685
1 2 2419 1561 2420
1 2 683 2914 1559
1 2 2914 63 2915
1 2 1559 2915 684
1 2 2914 2915 1559
1 2 685 1560 4589
1 2 1560 684 4842
1 2 4589 4842 333
1 2 1560 4842 4589
1 2 683 1559 1561
1 2 1559 684 1560
1 2 1561 1560 685
1 2 1559 1560 1561
1 2 285 4562 2167
1 2 4562 728 3612
1 2 2167 3612 730
1 2 4562 3612 2167
1 2 728 4590 3610
1 2 4590 333 2706
1 2 3610 2706 729
1 2 4590 2706 3610
1 2 730 3611 4236
1 2 3611 729 1683
1 2 4236 1683 29
1 2 3611 1683 4236
1 2 728 3610 3612
1 2 3610 729 3611
1 2 3612 3611 730
1 2 3610 3611 3612
1 2 332 2420 2422
1 2 2420 685 4353
1 2 2422 4353 824
1 2 2420 4353 2422
1 2 685 4589 4351
1 2 4589 333 4590
1 2 4351 4590 728
1 2 4589 4590 4351
1 2 824 4352 4298
1 2 4352 728 4562
1 2 4298 4562 285
1 2 4352 4562 4298
1 2 685 4351 4353
1 2 4351 728 4352
1 2 4353 4352 824
1 2 4351 4352 4353
1 2 64 1971 3758
1 2 1971 401 4389
1 2 3758 4389 1234
1 2 1971 4389 3758
1 2 401 2267 2269
1 2 2267 243 2268
1 2 2269 2268 448
1 2 2267 2268 2269
1 2 1234 4388 3722
1 2 4388 448 2243
1 2 3722 2243 284
1 2 4388 2243 3722
1 2 401 2269 4389
1 2 2269 448 4388
1 2 4389 4388 1234
1 2 2269 4388 4389
1 2 243 1845 1847
1 2 1845 369 1846
1 2 1847 1846 371
1 2 1845 1846 1847
1 2 369 2401 4444
1 2 2401 30 4329
1 2 4444 4329 370
1 2 2401 4329 4444
1 2 371 4639 3600
1 2 4639 370 5036
1 2 3600 5036 283
1 2 4639 5036 3600
1 2 369 4444 1846
1 2 4444 370 4639
1 2 1846 4639 371
1 2 4444 4639 1846
1 2 284 2242 3005
1 2 2242 447 3004
1 2 3005 3004 714
1 2 2242 3004 3005
1 2 447 3365 3366
1 2 3365 283 2275
1 2 3366 2275 713
1 2 3365 2275 3366
1 2 714 2518 2520
1 2 2518 713 2519
1 2 2520 2519 63
1 2 2518 2519 2520
1 2 447 3366 3004
1 2 3366 713 2518
1 2 3004 2518 714
1 2 3366 2518 3004
1 2 243 1847 2268
1 2 1847 371 4314
1 2 2268 4314 448
1 2 1847 4314 2268
1 2 371 3600 3601
1 2 3600 283 3365
1 2 3601 3365 447
1 2 3600 3365 3601
1 2 448 2241 2243
1 2 2241 447 2242
1 2 2243 2242 284
1 2 2241 2242 2243
1 2 371 3601 4314
1 2 3601 447 2241
1 2 4314 2241 448
1 2 3601 2241 4314
1 2 31 2305 2307
1 2 2305 424 2306
1 2 2307 2306 426
1 2 2305 2306 2307
1 2 424 2680 2682
1 2 2680 244 2681
1 2 2682 2681 425
1 2 2680 2681 2682
1 2 426 3053 3055
1 2 3053 425 3054
1 2 3055 3054 148
1 2 3053 3054 3055
1 2 424 2682 2306
1 2 2682 425 3053
1 2 2306 3053 426
1 2 2682 3053 2306
1 2 244 4979 4970
1 2 4979 402 2718
1 2 4970 2718 589
1 2 4979 2718 4970
1 2 402 1604 1606
1 2 1604 64 1605
1 2 1606 1605 588
1 2 1604 1605 1606
1 2 589 2407 2409
1 2 2407 588 2408
1 2 2409 2408 248
1 2 2407 2408 2409
1 2 402 1606 2718
1 2 1606 588 2407
1 2 2718 2407 589
1 2 1606 2407 2718
1 2 148 3719 3746
1 2 3719 525 3918
1 2 3746 3918 527
1 2 3719 3918 3746
1 2 525 2082 2084
1 2 2082 248 2083
1 2 2084 2083 526
1 2 2082 2083 2084
1 2 527 3917 3829
1 2 3917 526 4092
1 2 3829 4092 65
1 2 3917 4092 3829
1 2 525 2084 3918
1 2 2084 526 3917
1 2 3918 3917 527
1 2 2084 3917 3918
1 2 244 4970 2681
1 2 4970 589 4746
1 2 2681 4746 425
1 2 4970 4746 2681
1 2 589 2409 4443
1 2 2409 248 2082
1 2 4443 2082 525
1 2 2409 2082 4443
1 2 425 3718 3054
1 2 3718 525 3719
1 2 3054 3719 148
1 2 3718 3719 3054
1 2 589 4443 4746
1 2 4443 525 3718
1 2 4746 3718 425
1 2 4443 3718 4746
1 2 65 2126 3572
1 2 2126 404 3571
1 2 3572 3571 406
1 2 2126 3571 3572
1 2 404 4649 4306
1 2 4649 327 2685
1 2 4306 2685 405
1 2 4649 2685 4306
1 2 406 4307 2033
1 2 4307 405 3589
1 2 2033 3589 146
1 2 4307 3589 2033
1 2 404 4306 3571
1 2 4306 405 4307
1 2 3571 4307 406
1 2 4306 4307 3571
1 2 327 4034 2683
1 2 4034 618 4614
1 2 2683 4614 599
1 2 4034 4614 2683
1 2 618 1637 1639
1 2 1637 66 1638
1 2 1639 1638 647
1 2 1637 1638 1639
1 2 599 4793 4794
1 2 4793 647 2569
1 2 4794 2569 277
1 2 4793 2569 4794
1 2 618 1639 4614
1 2 1639 647 4793
1 2 4614 4793 599
1 2 1639 4793 4614
1 2 146 3588 3416
1 2 3588 554 4830
1 2 3416 4830 556
1 2 3588 4830 3416
1 2 554 3781 3783
1 2 3781 277 3782
1 2 3783 3782 555
1 2 3781 3782 3783
1 2 556 3402 1973
1 2 3402 555 3403
1 2 1973 3403 32
1 2 3402 3403 1973
1 2 554 3783 4830
1 2 3783 555 3402
1 2 4830 3402 556
1 2 3783 3402 4830
1 2 327 2683 2685
1 2 2683 599 2684
1 2 2685 2684 405
1 2 2683 2684 2685
1 2 599 4794 4295
1 2 4794 277 3781
1 2 4295 3781 554
1 2 4794 3781 4295
1 2 405 3587 3589
1 2 3587 554 3588
1 2 3589 3588 146
1 2 3587 3588 3589
1 2 599 4295 2684
1 2 4295 554 3587
1 2 2684 3587 405
1 2 4295 3587 2684
1 2 66 3429 3431
1 2 3429 1261 3430
1 2 3431 3430 645
1 2 3429 3430 3431
1 2 1261 3772 3864
1 2 3772 267 3919
1 2 3864 3919 1016
1 2 3772 3919 3864
1 2 645 3575 2028
1 2 3575 1016 3576
1 2 2028 3576 275
1 2 3575 3576 2028
1 2 1261 3864 3430
1 2 3864 1016 3575
1 2 3430 3575 645
1 2 3864 3575 3430
1 2 267 3860 4369
1 2 3860 1241 2304
1 2 4369 2304 1014
1 2 3860 2304 4369
1 2 1241 2134 2136
1 2 2134 67 2135
1 2 2136 2135 1227
1 2 2134 2135 2136
1 2 1014 2303 2780
1 2 2303 1227 2779
1 2 2780 2779 170
1 2 2303 2779 2780
1 2 1241 2136 2304
1 2 2136 1227 2303
1 2 2304 2303 1014
1 2 2136 2303 2304
1 2 275 2291 2293
1 2 2291 1015 2292
1 2 2293 2292 508
1 2 2291 2292 2293
1 2 1015 2413 2415
1 2 2413 170 2414
1 2 2415 2414 436
1 2 2413 2414 2415
1 2 508 4946 3252
1 2 4946 436 4694
1 2 3252 4694 33
1 2 4946 4694 3252
1 2 1015 2415 2292
1 2 2415 436 4946
1 2 2292 4946 508
1 2 2415 4946 2292
1 2 267 4369 3919
1 2 4369 1014 1706
1 2 3919 1706 1016
1 2 4369 1706 3919
1 2 1014 2780 1704
1 2 2780 170 2413
1 2 1704 2413 1015
1 2 2780 2413 1704
1 2 1016 1705 3576
1 2 1705 1015 2291
1 2 3576 2291 275
1 2 1705 2291 3576
1 2 1014 1704 1706
1 2 1704 1015 1705
1 2 1706 1705 1016
1 2 1704 1705 1706
1 2 68 2906 1865
1 2 2906 1295 2907
1 2 1865 2907 1127
1 2 2906 2907 1865
1 2 1295 2883 2884
1 2 2883 322 1754
1 2 2884 1754 1296
1 2 2883 1754 2884
1 2 1127 3328 3329
1 2 3328 1296 1962
1 2 3329 1962 335
1 2 3328 1962 3329
1 2 1295 2884 2907
1 2 2884 1296 3328
1 2 2907 3328 1127
1 2 2884 3328 2907
1 2 322 2756 1752
1 2 2756 1134 2757
1 2 1752 2757 1136
1 2 2756 2757 1752
1 2 1134 1848 1850
1 2 1848 34 1849
1 2 1850 1849 1135
1 2 1848 1849 1850
1 2 1136 2383 2385
1 2 2383 1135 2384
1 2 2385 2384 171
1 2 2383 2384 2385
1 2 1134 1850 2757
1 2 1850 1135 2383
1 2 2757 2383 1136
1 2 1850 2383 2757
1 2 335 1961 4267
1 2 1961 1323 4266
1 2 4267 4266 1249
1 2 1961 4266 4267
1 2 1323 2455 2457
1 2 2455 171 2456
1 2 2457 2456 1228
1 2 2455 2456 2457
1 2 1249 2179 2181
1 2 2179 1228 2180
1 2 2181 2180 67
1 2 2179 2180 2181
1 2 1323 2457 4266
1 2 2457 1228 2179
1 2 4266 2179 1249
1 2 2457 2179 4266
1 2 322 1752 1754
1 2 1752 1136 1753
1 2 1754 1753 1296
1 2 1752 1753 1754
1 2 1136 2385 3844
1 2 2385 171 2455
1 2 3844 2455 1323
1 2 2385 2455 3844
1 2 1296 1960 1962
1 2 1960 1323 1961
1 2 1962 1961 335
1 2 1960 1961 1962
1 2 1136 3844 1753
1 2 3844 1323 1960
1 2 1753 1960 1296
1 2 3844 1960 1753
1 2 68 3582 3584
1 2 3582 1059 3583
1 2 3584 3583 1320
1 2 3582 3583 3584
1 2 1059 2323 2325
1 2 2323 152 2324
1 2 2325 2324 530
1 2 2323 2324 2325
1 2 1320 4202 3114
1 2 4202 530 2015
1 2 3114 2015 287
1 2 4202 2015 3114
1 2 1059 2325 3583
1 2 2325 530 4202
1 2 3583 4202 1320
1 2 2325 4202 3583
1 2 152 4883 4715
1 2 4883 875 4988
1 2 4715 4988 528
1 2 4883 4988 4715
1 2 875 4234 4235
1 2 4234 69 2416
1 2 4235 2416 531
1 2 4234 2416 4235
1 2 528 4987 4700
1 2 4987 531 4820
1 2 4700 4820 261
1 2 4987 4820 4700
1 2 875 4235 4988
1 2 4235 531 4987
1 2 4988 4987 528
1 2 4235 4987 4988
1 2 287 2014 2647
1 2 2014 529 3720
1 2 2647 3720 865
1 2 2014 3720 2647
1 2 529 1798 1800
1 2 1798 261 1799
1 2 1800 1799 680
1 2 1798 1799 1800
1 2 865 4504 4317
1 2 4504 680 4505
1 2 4317 4505 35
1 2 4504 4505 4317
1 2 529 1800 3720
1 2 1800 680 4504
1 2 3720 4504 865
1 2 1800 4504 3720
1 2 152 4715 2324
1 2 4715 528 4716
1 2 2324 4716 530
1 2 4715 4716 2324
1 2 528 4700 4701
1 2 4700 261 1798
1 2 4701 1798 529
1 2 4700 1798 4701
1 2 530 2013 2015
1 2 2013 529 2014
1 2 2015 2014 287
1 2 2013 2014 2015
1 2 528 4701 4716
1 2 4701 529 2013
1 2 4716 2013 530
1 2 4701 2013 4716
1 2 70 1362 3109
1 2 1362 949 2952
1 2 3109 2952 950
1 2 1362 2952 3109
1 2 949 3333 2950
1 2 3333 257 5072
1 2 2950 5072 693
1 2 3333 5072 2950
1 2 950 2951 4628
1 2 2951 693 4822
1 2 4628 4822 259
1 2 2951 4822 4628
1 2 949 2950 2952
1 2 2950 693 2951
1 2 2952 2951 950
1 2 2950 2951 2952
1 2 257 3833 4745
1 2 3833 1031 3984
1 2 4745 3984 692
1 2 3833 3984 4745
1 2 1031 3929 3982
1 2 3929 36 3877
1 2 3982 3877 1267
1 2 3929 3877 3982
1 2 692 3983 4731
1 2 3983 1267 1967
1 2 4731 1967 258
1 2 3983 1967 4731
1 2 1031 3982 3984
1 2 3982 1267 3983
1 2 3984 3983 692
1 2 3982 3983 3984
1 2 259 4200 3518
1 2 4200 496 4201
1 2 3518 4201 498
1 2 4200 4201 3518
1 2 496 3836 3838
1 2 3836 258 3837
1 2 3838 3837 497
1 2 3836 3837 3838
1 2 498 4454 1817
1 2 4454 497 2417
1 2 1817 2417 69
1 2 4454 2417 1817
1 2 496 3838 4201
1 2 3838 497 4454
1 2 4201 4454 498
1 2 3838 4454 4201
1 2 257 4745 5072
1 2 4745 692 4646
1 2 5072 4646 693
1 2 4745 4646 5072
1 2 692 4731 4644
1 2 4731 258 3836
1 2 4644 3836 496
1 2 4731 3836 4644
1 2 693 4645 4822
1 2 4645 496 4200
1 2 4822 4200 259
1 2 4645 4200 4822
1 2 692 4644 4646
1 2 4644 496 4645
1 2 4646 4645 693
1 2 4644 4645 4646
1 2 37 3262 3264
1 2 3262 819 3263
1 2 3264 3263 821
1 2 3262 3263 3264
1 2 819 5060 4782
1 2 5060 149 4882
1 2 4782 4882 820
1 2 5060 4882 4782
1 2 821 4766 4767
1 2 4766 820 4749
1 2 4767 4749 151
1 2 4766 4749 4767
1 2 819 4782 3263
1 2 4782 820 4766
1 2 3263 4766 821
1 2 4782 4766 3263
1 2 149 3842 4881
1 2 3842 940 4686
1 2 4881 4686 942
1 2 3842 4686 4881
1 2 940 1363 4685
1 2 1363 70 5000
1 2 4685 5000 941
1 2 1363 5000 4685
1 2 942 4403 4404
1 2 4403 941 3504
1 2 4404 3504 150
1 2 4403 3504 4404
1 2 940 4685 4686
1 2 4685 941 4403
1 2 4686 4403 942
1 2 4685 4403 4686
1 2 151 4748 4361
1 2 4748 1177 1567
1 2 4361 1567 1133
1 2 4748 1567 4361
1 2 1177 1785 1565
1 2 1785 150 1786
1 2 1565 1786 1168
1 2 1785 1786 1565
1 2 1133 1566 3439
1 2 1566 1168 4509
1 2 3439 4509 71
1 2 1566 4509 3439
1 2 1177 1565 1567
1 2 1565 1168 1566
1 2 1567 1566 1133
1 2 1565 1566 1567
1 2 149 4881 4882
1 2 4881 942 1588
1 2 4882 1588 820
1 2 4881 1588 4882
1 2 942 4404 1586
1 2 4404 150 1785
1 2 1586 1785 1177
1 2 4404 1785 1586
1 2 820 1587 4749
1 2 1587 1177 4748
1 2 4749 4748 151
1 2 1587 4748 4749
1 2 942 1586 1588
1 2 1586 1177 1587
1 2 1588 1587 820
1 2 1586 1587 1588
1 2 71 4546 3437
1 2 4546 410 2142
1 2 3437 2142 412
1 2 4546 2142 3437
1 2 410 5037 2140
1 2 5037 128 2798
1 2 2140 2798 411
1 2 5037 2798 2140
1 2 412 2141 4655
1 2 2141 411 4445
1 2 4655 4445 130
1 2 2141 4445 4655
1 2 410 2140 2142
1 2 2140 411 2141
1 2 2142 2141 412
1 2 2140 2141 2142
1 2 128 2815 2796
1 2 2815 1160 3091
1 2 2796 3091 699
1 2 2815 3091 2796
1 2 1160 4212 4040
1 2 4212 72 4072
1 2 4040 4072 772
1 2 4212 4072 4040
1 2 699 4041 4765
1 2 4041 772 3957
1 2 4765 3957 129
1 2 4041 3957 4765
1 2 1160 4040 3091
1 2 4040 772 4041
1 2 3091 4041 699
1 2 4040 4041 3091
1 2 130 3395 3397
1 2 3395 700 3396
1 2 3397 3396 979
1 2 3395 3396 3397
1 2 700 3354 3356
1 2 3354 129 3355
1 2 3356 3355 825
1 2 3354 3355 3356
1 2 979 4183 4184
1 2 4183 825 1479
1 2 4184 1479 38
1 2 4183 1479 4184
1 2 700 3356 3396
1 2 3356 825 4183
1 2 3396 4183 979
1 2 3356 4183 3396
1 2 128 2796 2798
1 2 2796 699 2797
1 2 2798 2797 411
1 2 2796 2797 2798
1 2 699 4765 3158
1 2 4765 129 3354
1 2 3158 3354 700
1 2 4765 3354 3158
1 2 411 3159 4445
1 2 3159 700 3395
1 2 4445 3395 130
1 2 3159 3395 4445
1 2 699 3158 2797
1 2 3158 700 3159
1 2 2797 3159 411
1 2 3158 3159 2797
1 2 73 4452 3604
1 2 4452 1256 4412
1 2 3604 4412 606
1 2 4452 4412 3604
1 2 1256 1977 1979
1 2 1977 320 1978
1 2 1979 1978 601
1 2 1977 1978 1979
1 2 606 4411 4385
1 2 4411 601 2666
1 2 4385 2666 312
1 2 4411 2666 4385
1 2 1256 1979 4412
1 2 1979 601 4411
1 2 4412 4411 606
1 2 1979 4411 4412
1 2 320 3881 3700
1 2 3881 541 5052
1 2 3700 5052 543
1 2 3881 5052 3700
1 2 541 3988 5088
1 2 3988 39 3196
1 2 5088 3196 542
1 2 3988 3196 5088
1 2 543 4943 3198
1 2 4943 542 2714
1 2 3198 2714 233
1 2 4943 2714 3198
1 2 541 5088 5052
1 2 5088 542 4943
1 2 5052 4943 543
1 2 5088 4943 5052
1 2 312 2665 3581
1 2 2665 600 4111
1 2 3581 4111 1165
1 2 2665 4111 3581
1 2 600 3199 3452
1 2 3199 233 2399
1 2 3452 2399 773
1 2 3199 2399 3452
1 2 1165 1428 1430
1 2 1428 773 1429
1 2 1430 1429 72
1 2 1428 1429 1430
1 2 600 3452 4111
1 2 3452 773 1428
1 2 4111 1428 1165
1 2 3452 1428 4111
1 2 320 3700 1978
1 2 3700 543 2954
1 2 1978 2954 601
1 2 3700 2954 1978
1 2 543 3198 2953
1 2 3198 233 3199
1 2 2953 3199 600
1 2 3198 3199 2953
1 2 601 2664 2666
1 2 2664 600 2665
1 2 2666 2665 312
1 2 2664 2665 2666
1 2 543 2953 2954
1 2 2953 600 2664
1 2 2954 2664 601
1 2 2953 2664 2954
1 2 40 3768 3770
1 2 3768 881 3769
1 2 3770 3769 1035
1 2 3768 3769 3770
1 2 881 3302 3304
1 2 3302 216 3303
1 2 3304 3303 409
1 2 3302 3303 3304
1 2 1035 2538 2212
1 2 2538 409 1382
1 2 2212 1382 218
1 2 2538 1382 2212
1 2 881 3304 3769
1 2 3304 409 2538
1 2 3769 2538 1035
1 2 3304 2538 3769
1 2 216 4085 4087
1 2 4085 1180 4086
1 2 4087 4086 407
1 2 4085 4086 4087
1 2 1180 4453 4925
1 2 4453 73 2109
1 2 4925 2109 1181
1 2 4453 2109 4925
1 2 407 4926 4014
1 2 4926 1181 2513
1 2 4014 2513 217
1 2 4926 2513 4014
1 2 1180 4925 4086
1 2 4925 1181 4926
1 2 4086 4926 407
1 2 4925 4926 4086
1 2 218 1381 4727
1 2 1381 408 4630
1 2 4727 4630 1052
1 2 1381 4630 4727
1 2 408 4015 4629
1 2 4015 217 1336
1 2 4629 1336 834
1 2 4015 1336 4629
1 2 1052 4245 3169
1 2 4245 834 4204
1 2 3169 4204 74
1 2 4245 4204 3169
1 2 408 4629 4630
1 2 4629 834 4245
1 2 4630 4245 1052
1 2 4629 4245 4630
1 2 216 4087 3303
1 2 4087 407 3778
1 2 3303 3778 409
1 2 4087 3778 3303
1 2 407 4014 3777
1 2 4014 217 4015
1 2 3777 4015 408
1 2 4014 4015 3777
1 2 409 1380 1382
1 2 1380 408 1381
1 2 1382 1381 218
1 2 1380 1381 1382
1 2 407 3777 3778
1 2 3777 408 1380
1 2 3778 1380 409
1 2 3777 1380 3778
1 2 75 1922 1924
1 2 1922 1115 1923
1 2 1924 1923 1117
1 2 1922 1923 1924
1 2 1115 2143 2145
1 2 2143 231 2144
1 2 2145 2144 1116
1 2 2143 2144 2145
1 2 1117 2998 3870
1 2 2998 1116 1653
1 2 3870 1653 236
1 2 2998 1653 3870
1 2 1115 2145 1923
1 2 2145 1116 2998
1 2 1923 2998 1117
1 2 2145 2998 1923
1 2 231 4008 2270
1 2 4008 831 3955
1 2 2270 3955 1291
1 2 4008 3955 2270
1 2 831 3945 3953
1 2 3945 41 4723
1 2 3953 4723 1272
1 2 3945 4723 3953
1 2 1291 3954 3480
1 2 3954 1272 4725
1 2 3480 4725 238
1 2 3954 4725 3480
1 2 831 3953 3955
1 2 3953 1272 3954
1 2 3955 3954 1291
1 2 3953 3954 3955
1 2 236 1652 1487
1 2 1652 499 3279
1 2 1487 3279 501
1 2 1652 3279 1487
1 2 499 3461 3278
1 2 3461 238 3462
1 2 3278 3462 500
1 2 3461 3462 3278
1 2 501 3179 2517
1 2 3179 500 3170
1 2 2517 3170 74
1 2 3179 3170 2517
1 2 499 3278 3279
1 2 3278 500 3179
1 2 3279 3179 501
1 2 3278 3179 3279
1 2 231 2270 2144
1 2 2270 1291 2271
1 2 2144 2271 1116
1 2 2270 2271 2144
1 2 1291 3480 3481
1 2 3480 238 3461
1 2 3481 3461 499
1 2 3480 3461 3481
1 2 1116 1651 1653
1 2 1651 499 1652
1 2 1653 1652 236
1 2 1651 1652 1653
1 2 1291 3481 2271
1 2 3481 499 1651
1 2 2271 1651 1116
1 2 3481 1651 2271
1 2 76 3440 4013
1 2 3440 669 1844
1 2 4013 1844 466
1 2 3440 1844 4013
1 2 669 2356 1842
1 2 2356 108 2357
1 2 1842 2357 1150
1 2 2356 2357 1842
1 2 466 1843 2824
1 2 1843 1150 2823
1 2 2824 2823 110
1 2 1843 2823 2824
1 2 669 1842 1844
1 2 1842 1150 1843
1 2 1844 1843 466
1 2 1842 1843 1844
1 2 108 4310 4311
1 2 4310 427 4271
1 2 4311 4271 1149
1 2 4310 4271 4311
1 2 427 2641 3733
1 2 2641 42 3732
1 2 3733 3732 657
1 2 2641 3732 3733
1 2 1149 3703 3512
1 2 3703 657 3048
1 2 3512 3048 109
1 2 3703 3048 3512
1 2 427 3733 4271
1 2 3733 657 3703
1 2 4271 3703 1149
1 2 3733 3703 4271
1 2 110 4996 4099
1 2 4996 918 3140
1 2 4099 3140 920
1 2 4996 3140 4099
1 2 918 3513 3138
1 2 3513 109 4296
1 2 3138 4296 919
1 2 3513 4296 3138
1 2 920 3139 3459
1 2 3139 919 4975
1 2 3459 4975 75
1 2 3139 4975 3459
1 2 918 3138 3140
1 2 3138 919 3139
1 2 3140 3139 920
1 2 3138 3139 3140
1 2 108 4311 2357
1 2 4311 1149 1484
1 2 2357 1484 1150
1 2 4311 1484 2357
1 2 1149 3512 1482
1 2 3512 109 3513
1 2 1482 3513 918
1 2 3512 3513 1482
1 2 1150 1483 2823
1 2 1483 918 4996
1 2 2823 4996 110
1 2 1483 4996 2823
1 2 1149 1482 1484
1 2 1482 918 1483
1 2 1484 1483 1150
1 2 1482 1483 1484
1 2 77 3854 2343
1 2 3854 902 2511
1 2 2343 2511 951
1 2 3854 2511 2343
1 2 902 3079 2509
1 2 3079 265 5077
1 2 2509 5077 1153
1 2 3079 5077 2509
1 2 951 2510 2055
1 2 2510 1153 3896
1 2 2055 3896 323
1 2 2510 3896 2055
1 2 902 2509 2511
1 2 2509 1153 2510
1 2 2511 2510 951
1 2 2509 2510 2511
1 2 265 1553 1555
1 2 1553 441 1554
1 2 1555 1554 443
1 2 1553 1554 1555
1 2 441 1731 1733
1 2 1731 43 1732
1 2 1733 1732 442
1 2 1731 1732 1733
1 2 443 4944 4945
1 2 4944 442 2812
1 2 4945 2812 301
1 2 4944 2812 4945
1 2 441 1733 1554
1 2 1733 442 4944
1 2 1554 4944 443
1 2 1733 4944 1554
1 2 323 3383 3384
1 2 3383 961 3251
1 2 3384 3251 962
1 2 3383 3251 3384
1 2 961 5056 3250
1 2 5056 301 3863
1 2 3250 3863 670
1 2 5056 3863 3250
1 2 962 2448 2450
1 2 2448 670 2449
1 2 2450 2449 76
1 2 2448 2449 2450
1 2 961 3250 3251
1 2 3250 670 2448
1 2 3251 2448 962
1 2 3250 2448 3251
1 2 265 1555 5077
1 2 1555 443 2081
1 2 5077 2081 1153
1 2 1555 2081 5077
1 2 443 4945 2079
1 2 4945 301 5056
1 2 2079 5056 961
1 2 4945 5056 2079
1 2 1153 2080 3896
1 2 2080 961 3383
1 2 3896 3383 323
1 2 2080 3383 3896
1 2 443 2079 2081
1 2 2079 961 2080
1 2 2081 2080 1153
1 2 2079 2080 2081
1 2 44 3608 1970
1 2 3608 505 5016
1 2 1970 5016 633
1 2 3608 5016 1970
1 2 505 4532 4597
1 2 4532 263 4557
1 2 4597 4557 632
1 2 4532 4557 4597
1 2 633 3941 3943
1 2 3941 632 3942
1 2 3943 3942 256
1 2 3941 3942 3943
1 2 505 4597 5016
1 2 4597 632 3941
1 2 5016 3941 633
1 2 4597 3941 5016
1 2 263 2686 2687
1 2 2686 900 2652
1 2 2687 2652 1209
1 2 2686 2652 2687
1 2 900 3791 2650
1 2 3791 77 3792
1 2 2650 3792 968
1 2 3791 3792 2650
1 2 1209 2651 4253
1 2 2651 968 3995
1 2 4253 3995 194
1 2 2651 3995 4253
1 2 900 2650 2652
1 2 2650 968 2651
1 2 2652 2651 1209
1 2 2650 2651 2652
1 2 256 3012 2790
1 2 3012 791 3013
1 2 2790 3013 793
1 2 3012 3013 2790
1 2 791 4254 5071
1 2 4254 194 4260
1 2 5071 4260 792
1 2 4254 4260 5071
1 2 793 2987 2988
1 2 2987 792 1915
1 2 2988 1915 78
1 2 2987 1915 2988
1 2 791 5071 3013
1 2 5071 792 2987
1 2 3013 2987 793
1 2 5071 2987 3013
1 2 263 2687 4557
1 2 2687 1209 3706
1 2 4557 3706 632
1 2 2687 3706 4557
1 2 1209 4253 3704
1 2 4253 194 4254
1 2 3704 4254 791
1 2 4253 4254 3704
1 2 632 3705 3942
1 2 3705 791 3012
1 2 3942 3012 256
1 2 3705 3012 3942
1 2 1209 3704 3706
1 2 3704 791 3705
1 2 3706 3705 632
1 2 3704 3705 3706
1 2 45 3393 3167
1 2 3393 725 3394
1 2 3167 3394 1264
1 2 3393 3394 3167
1 2 725 2039 2040
1 2 2039 228 1769
1 2 2040 1769 478
1 2 2039 1769 2040
1 2 1264 4876 3367
1 2 4876 478 3543
1 2 3367 3543 230
1 2 4876 3543 3367
1 2 725 2040 3394
1 2 2040 478 4876
1 2 3394 4876 1264
1 2 2040 4876 3394
1 2 228 2389 1767
1 2 2389 705 2836
1 2 1767 2836 476
1 2 2389 2836 1767
1 2 705 4852 2835
1 2 4852 78 2942
1 2 2835 2942 471
1 2 4852 2942 2835
1 2 476 1518 1520
1 2 1518 471 1519
1 2 1520 1519 229
1 2 1518 1519 1520
1 2 705 2835 2836
1 2 2835 471 1518
1 2 2836 1518 476
1 2 2835 1518 2836
1 2 230 3477 3479
1 2 3477 477 3478
1 2 3479 3478 1283
1 2 3477 3478 3479
1 2 477 2691 4808
1 2 2691 229 3921
1 2 4808 3921 1199
1 2 2691 3921 4808
1 2 1283 4809 1881
1 2 4809 1199 4709
1 2 1881 4709 79
1 2 4809 4709 1881
1 2 477 4808 3478
1 2 4808 1199 4809
1 2 3478 4809 1283
1 2 4808 4809 3478
1 2 228 1767 1769
1 2 1767 476 1768
1 2 1769 1768 478
1 2 1767 1768 1769
1 2 476 1520 2692
1 2 1520 229 2691
1 2 2692 2691 477
1 2 1520 2691 2692
1 2 478 3542 3543
1 2 3542 477 3477
1 2 3543 3477 230
1 2 3542 3477 3543
1 2 476 2692 1768
1 2 2692 477 3542
1 2 1768 3542 478
1 2 2692 3542 1768
1 2 80 2488 4814
1 2 2488 452 4813
1 2 4814 4813 454
1 2 2488 4813 4814
1 2 452 1556 1558
1 2 1556 338 1557
1 2 1558 1557 453
1 2 1556 1557 1558
1 2 454 3934 3631
1 2 3934 453 3935
1 2 3631 3935 278
1 2 3934 3935 3631
1 2 452 1558 4813
1 2 1558 453 3934
1 2 4813 3934 454
1 2 1558 3934 4813
1 2 338 1589 1591
1 2 1589 487 1590
1 2 1591 1590 489
1 2 1589 1590 1591
1 2 487 2203 2205
1 2 2203 46 2204
1 2 2205 2204 488
1 2 2203 2204 2205
1 2 489 3668 3669
1 2 3668 488 1663
1 2 3669 1663 339
1 2 3668 1663 3669
1 2 487 2205 1590
1 2 2205 488 3668
1 2 1590 3668 489
1 2 2205 3668 1590
1 2 278 2840 2841
1 2 2840 387 1636
1 2 2841 1636 389
1 2 2840 1636 2841
1 2 387 1452 1454
1 2 1452 339 1453
1 2 1454 1453 388
1 2 1452 1453 1454
1 2 389 1635 1628
1 2 1635 388 1882
1 2 1628 1882 79
1 2 1635 1882 1628
1 2 387 1454 1636
1 2 1454 388 1635
1 2 1636 1635 389
1 2 1454 1635 1636
1 2 338 1591 1557
1 2 1591 489 2925
1 2 1557 2925 453
1 2 1591 2925 1557
1 2 489 3669 5020
1 2 3669 339 1452
1 2 5020 1452 387
1 2 3669 1452 5020
1 2 453 4850 3935
1 2 4850 387 2840
1 2 3935 2840 278
1 2 4850 2840 3935
1 2 489 5020 2925
1 2 5020 387 4850
1 2 2925 4850 453
1 2 5020 4850 2925
1 2 47 2536 5114
1 2 2536 883 3938
1 2 5114 3938 888
1 2 2536 3938 5114
1 2 883 5054 3936
1 2 5054 235 3090
1 2 3936 3090 887
1 2 5054 3090 3936
1 2 888 3937 4209
1 2 3937 887 4519
1 2 4209 4519 133
1 2 3937 4519 4209
1 2 883 3936 3938
1 2 3936 887 3937
1 2 3938 3937 888
1 2 3936 3937 3938
1 2 235 4659 3089
1 2 4659 390 4812
1 2 3089 4812 391
1 2 4659 4812 3089
1 2 390 1854 1856
1 2 1854 80 1855
1 2 1856 1855 359
1 2 1854 1855 1856
1 2 391 4811 4354
1 2 4811 359 4777
1 2 4354 4777 145
1 2 4811 4777 4354
1 2 390 1856 4812
1 2 1856 359 4811
1 2 4812 4811 391
1 2 1856 4811 4812
1 2 133 4518 4729
1 2 4518 1000 2560
1 2 4729 2560 490
1 2 4518 2560 4729
1 2 1000 4355 2558
1 2 4355 145 2266
1 2 2558 2266 1001
1 2 4355 2266 2558
1 2 490 2559 4524
1 2 2559 1001 4523
1 2 4524 4523 81
1 2 2559 4523 4524
1 2 1000 2558 2560
1 2 2558 1001 2559
1 2 2560 2559 490
1 2 2558 2559 2560
1 2 235 3089 3090
1 2 3089 391 3008
1 2 3090 3008 887
1 2 3089 3008 3090
1 2 391 4354 3006
1 2 4354 145 4355
1 2 3006 4355 1000
1 2 4354 4355 3006
1 2 887 3007 4519
1 2 3007 1000 4518
1 2 4519 4518 133
1 2 3007 4518 4519
1 2 391 3006 3008
1 2 3006 1000 3007
1 2 3008 3007 887
1 2 3006 3007 3008
1 2 82 4309 4901
1 2 4309 731 2966
1 2 4901 2966 948
1 2 4309 2966 4901
1 2 731 3415 2964
1 2 3415 125 5001
1 2 2964 5001 630
1 2 3415 5001 2964
1 2 948 2965 4669
1 2 2965 630 2850
1 2 4669 2850 173
1 2 2965 2850 4669
1 2 731 2964 2966
1 2 2964 630 2965
1 2 2966 2965 948
1 2 2964 2965 2966
1 2 125 3040 3809
1 2 3040 706 2776
1 2 3809 2776 628
1 2 3040 2776 3809
1 2 706 5080 2774
1 2 5080 48 4479
1 2 2774 4479 707
1 2 5080 4479 2774
1 2 628 2775 4734
1 2 2775 707 3586
1 2 4734 3586 134
1 2 2775 3586 4734
1 2 706 2774 2776
1 2 2774 707 2775
1 2 2776 2775 628
1 2 2774 2775 2776
1 2 173 2849 5013
1 2 2849 629 4147
1 2 5013 4147 1050
1 2 2849 4147 5013
1 2 629 4735 4145
1 2 4735 134 5027
1 2 4145 5027 491
1 2 4735 5027 4145
1 2 1050 4146 4982
1 2 4146 491 4877
1 2 4982 4877 81
1 2 4146 4877 4982
1 2 629 4145 4147
1 2 4145 491 4146
1 2 4147 4146 1050
1 2 4145 4146 4147
1 2 125 3809 5001
1 2 3809 628 4002
1 2 5001 4002 630
1 2 3809 4002 5001
1 2 628 4734 4001
1 2 4734 134 4735
1 2 4001 4735 629
1 2 4734 4735 4001
1 2 630 2848 2850
1 2 2848 629 2849
1 2 2850 2849 173
1 2 2848 2849 2850
1 2 628 4001 4002
1 2 4001 629 2848
1 2 4002 2848 630
1 2 4001 2848 4002
1 2 24 4600 3249
1 2 4600 1109 1891
1 2 3249 1891 1110
1 2 4600 1891 3249
1 2 1109 4949 1889
1 2 4949 210 1615
1 2 1889 1615 904
1 2 4949 1615 1889
1 2 1110 1890 3335
1 2 1890 904 2431
1 2 3335 2431 214
1 2 1890 2431 3335
1 2 1109 1889 1891
1 2 1889 904 1890
1 2 1891 1890 1110
1 2 1889 1890 1891
1 2 210 4831 1613
1 2 4831 567 4889
1 2 1613 4889 568
1 2 4831 4889 1613
1 2 567 4885 5112
1 2 4885 2 2911
1 2 5112 2911 372
1 2 4885 2911 5112
1 2 568 1933 1935
1 2 1933 372 1934
1 2 1935 1934 177
1 2 1933 1934 1935
1 2 567 5112 4889
1 2 5112 372 1933
1 2 4889 1933 568
1 2 5112 1933 4889
1 2 214 2430 3277
1 2 2430 903 3276
1 2 3277 3276 764
1 2 2430 3276 3277
1 2 903 2908 2910
1 2 2908 177 2909
1 2 2910 2909 995
1 2 2908 2909 2910
1 2 764 3786 2670
1 2 3786 995 3787
1 2 2670 3787 58
1 2 3786 3787 2670
1 2 903 2910 3276
1 2 2910 995 3786
1 2 3276 3786 764
1 2 2910 3786 3276
1 2 210 1613 1615
1 2 1613 568 1614
1 2 1615 1614 904
1 2 1613 1614 1615
1 2 568 1935 4032
1 2 1935 177 2908
1 2 4032 2908 903
1 2 1935 2908 4032
1 2 904 2429 2431
1 2 2429 903 2430
1 2 2431 2430 214
1 2 2429 2430 2431
1 2 568 4032 1614
1 2 4032 903 2429
1 2 1614 2429 904
1 2 4032 2429 1614
1 2 84 2625 5030
1 2 2625 1085 5084
1 2 5030 5084 1125
1 2 2625 5084 5030
1 2 1085 3867 5018
1 2 3867 316 4465
1 2 5018 4465 695
1 2 3867 4465 5018
1 2 1125 5083 5093
1 2 5083 695 4381
1 2 5093 4381 305
1 2 5083 4381 5093
1 2 1085 5018 5084
1 2 5018 695 5083
1 2 5084 5083 1125
1 2 5018 5083 5084
1 2 316 2605 4088
1 2 2605 1064 3656
1 2 4088 3656 694
1 2 2605 3656 4088
1 2 1064 2808 2810
1 2 2808 50 2809
1 2 2810 2809 822
1 2 2808 2809 2810
1 2 694 3655 3810
1 2 3655 822 4780
1 2 3810 4780 325
1 2 3655 4780 3810
1 2 1064 2810 3656
1 2 2810 822 3655
1 2 3656 3655 694
1 2 2810 3655 3656
1 2 305 1368 1370
1 2 1368 484 1369
1 2 1370 1369 486
1 2 1368 1369 1370
1 2 484 3811 1755
1 2 3811 325 4660
1 2 1755 4660 485
1 2 3811 4660 1755
1 2 486 1756 3106
1 2 1756 485 3050
1 2 3106 3050 5
1 2 1756 3050 3106
1 2 484 1755 1369
1 2 1755 485 1756
1 2 1369 1756 486
1 2 1755 1756 1369
1 2 316 4088 4465
1 2 4088 694 4464
1 2 4465 4464 695
1 2 4088 4464 4465
1 2 694 3810 3812
1 2 3810 325 3811
1 2 3812 3811 484
1 2 3810 3811 3812
1 2 695 4380 4381
1 2 4380 484 1368
1 2 4381 1368 305
1 2 4380 1368 4381
1 2 694 3812 4464
1 2 3812 484 4380
1 2 4464 4380 695
1 2 3812 4380 4464
1 2 83 4414 1716
1 2 4414 1053 1493
1 2 1716 1493 433
1 2 4414 1493 1716
1 2 1053 3602 1491
1 2 3602 196 3603
1 2 1491 3603 852
1 2 3602 3603 1491
1 2 433 1492 4050
1 2 1492 852 1421
1 2 4050 1421 329
1 2 1492 1421 4050
1 2 1053 1491 1493
1 2 1491 852 1492
1 2 1493 1492 433
1 2 1491 1492 1493
1 2 196 2367 2875
1 2 2367 677 2822
1 2 2875 2822 757
1 2 2367 2822 2875
1 2 677 3591 2820
1 2 3591 4 2902
1 2 2820 2902 756
1 2 3591 2902 2820
1 2 757 2821 2556
1 2 2821 756 2339
1 2 2556 2339 328
1 2 2821 2339 2556
1 2 677 2820 2822
1 2 2820 756 2821
1 2 2822 2821 757
1 2 2820 2821 2822
1 2 329 1420 1574
1 2 1420 851 3850
1 2 1574 3850 876
1 2 1420 3850 1574
1 2 851 2557 4561
1 2 2557 328 2869
1 2 4561 2869 823
1 2 2557 2869 4561
1 2 876 2919 2921
1 2 2919 823 2920
1 2 2921 2920 50
1 2 2919 2920 2921
1 2 851 4561 3850
1 2 4561 823 2919
1 2 3850 2919 876
1 2 4561 2919 3850
1 2 196 2875 3603
1 2 2875 757 2117
1 2 3603 2117 852
1 2 2875 2117 3603
1 2 757 2556 2116
1 2 2556 328 2557
1 2 2116 2557 851
1 2 2556 2557 2116
1 2 852 1419 1421
1 2 1419 851 1420
1 2 1421 1420 329
1 2 1419 1420 1421
1 2 757 2116 2117
1 2 2116 851 1419
1 2 2117 1419 852
1 2 2116 1419 2117
1 2 6 1449 2499
1 2 1449 455 2498
1 2 2499 2498 457
1 2 1449 2498 2499
1 2 455 4026 2931
1 2 4026 306 4130
1 2 2931 4130 456
1 2 4026 4130 2931
1 2 457 2932 2193
1 2 2932 456 3088
1 2 2193 3088 304
1 2 2932 3088 2193
1 2 455 2931 2498
1 2 2931 456 2932
1 2 2498 2932 457
1 2 2931 2932 2498
1 2 306 4860 4128
1 2 4860 715 1511
1 2 4128 1511 717
1 2 4860 1511 4128
1 2 715 2453 1509
1 2 2453 51 2454
1 2 1509 2454 716
1 2 2453 2454 1509
1 2 717 1510 1857
1 2 1510 716 4481
1 2 1857 4481 252
1 2 1510 4481 1857
1 2 715 1509 1511
1 2 1509 716 1510
1 2 1511 1510 717
1 2 1509 1510 1511
1 2 304 3087 4345
1 2 3087 858 2000
1 2 4345 2000 1124
1 2 3087 2000 4345
1 2 858 1858 1998
1 2 1858 252 5010
1 2 1998 5010 1231
1 2 1858 5010 1998
1 2 1124 1999 3646
1 2 1999 1231 3645
1 2 3646 3645 84
1 2 1999 3645 3646
1 2 858 1998 2000
1 2 1998 1231 1999
1 2 2000 1999 1124
1 2 1998 1999 2000
1 2 306 4128 4130
1 2 4128 717 4129
1 2 4130 4129 456
1 2 4128 4129 4130
1 2 717 1857 1859
1 2 1857 252 1858
1 2 1859 1858 858
1 2 1857 1858 1859
1 2 456 3086 3088
1 2 3086 858 3087
1 2 3088 3087 304
1 2 3086 3087 3088
1 2 717 1859 4129
1 2 1859 858 3086
1 2 4129 3086 456
1 2 1859 3086 4129
1 2 83 1716 1718
1 2 1716 433 1717
1 2 1718 1717 435
1 2 1716 1717 1718
1 2 433 4050 4052
1 2 4050 329 4051
1 2 4052 4051 434
1 2 4050 4051 4052
1 2 435 4895 4896
1 2 4895 434 3001
1 2 4896 3001 340
1 2 4895 3001 4896
1 2 433 4052 1717
1 2 4052 434 4895
1 2 1717 4895 435
1 2 4052 4895 1717
1 2 329 1574 1576
1 2 1574 876 1575
1 2 1576 1575 877
1 2 1574 1575 1576
1 2 876 2921 4828
1 2 2921 50 4737
1 2 4828 4737 378
1 2 2921 4737 4828
1 2 877 1830 1832
1 2 1830 378 1831
1 2 1832 1831 307
1 2 1830 1831 1832
1 2 876 4828 1575
1 2 4828 378 1830
1 2 1575 1830 877
1 2 4828 1830 1575
1 2 340 3000 3433
1 2 3000 1111 3549
1 2 3433 3549 1142
1 2 3000 3549 3433
1 2 1111 4606 4607
1 2 4606 307 4045
1 2 4607 4045 1141
1 2 4606 4045 4607
1 2 1142 4971 5105
1 2 4971 1141 3136
1 2 5105 3136 82
1 2 4971 3136 5105
1 2 1111 4607 3549
1 2 4607 1141 4971
1 2 3549 4971 1142
1 2 4607 4971 3549
1 2 329 1576 4051
1 2 1576 877 3221
1 2 4051 3221 434
1 2 1576 3221 4051
1 2 877 1832 3220
1 2 1832 307 4606
1 2 3220 4606 1111
1 2 1832 4606 3220
1 2 434 2999 3001
1 2 2999 1111 3000
1 2 3001 3000 340
1 2 2999 3000 3001
1 2 877 3220 3221
1 2 3220 1111 2999
1 2 3221 2999 434
1 2 3220 2999 3221
1 2 83 2169 2467
1 2 2169 906 2466
1 2 2467 2466 785
1 2 2169 2466 2467
1 2 906 4492 4468
1 2 4492 143 2563
1 2 4468 2563 907
1 2 4492 2563 4468
1 2 785 3897 3899
1 2 3897 907 3898
1 2 3899 3898 330
1 2 3897 3898 3899
1 2 906 4468 2466
1 2 4468 907 3897
1 2 2466 3897 785
1 2 4468 3897 2466
1 2 143 1945 1947
1 2 1945 357 1946
1 2 1947 1946 896
1 2 1945 1946 1947
1 2 357 1668 1670
1 2 1668 80 1669
1 2 1670 1669 895
1 2 1668 1669 1670
1 2 896 2979 3407
1 2 2979 895 3406
1 2 3407 3406 199
1 2 2979 3406 3407
1 2 357 1670 1946
1 2 1670 895 2979
1 2 1946 2979 896
1 2 1670 2979 1946
1 2 330 4736 4615
1 2 4736 1068 4691
1 2 4615 4691 1070
1 2 4736 4691 4615
1 2 1068 3661 3662
1 2 3661 199 3352
1 2 3662 3352 1069
1 2 3661 3352 3662
1 2 1070 1807 1809
1 2 1807 1069 1808
1 2 1809 1808 49
1 2 1807 1808 1809
1 2 1068 3662 4691
1 2 3662 1069 1807
1 2 4691 1807 1070
1 2 3662 1807 4691
1 2 143 1947 2563
1 2 1947 896 2562
1 2 2563 2562 907
1 2 1947 2562 2563
1 2 896 3407 4569
1 2 3407 199 3661
1 2 4569 3661 1068
1 2 3407 3661 4569
1 2 907 4570 3898
1 2 4570 1068 4736
1 2 3898 4736 330
1 2 4570 4736 3898
1 2 896 4569 2562
1 2 4569 1068 4570
1 2 2562 4570 907
1 2 4569 4570 2562
1 2 53 1371 4233
1 2 1371 1201 4232
1 2 4233 4232 1102
1 2 1371 4232 4233
1 2 1201 3326 3327
1 2 3326 114 3064
1 2 3327 3064 1021
1 2 3326 3064 3327
1 2 1102 4157 4159
1 2 4157 1021 4158
1 2 4159 4158 107
1 2 4157 4158 4159
1 2 1201 3327 4232
1 2 3327 1021 4157
1 2 4232 4157 1102
1 2 3327 4157 4232
1 2 114 2777 3062
1 2 2777 360 3224
1 2 3062 3224 1018
1 2 2777 3224 3062
1 2 360 4993 3222
1 2 4993 64 2102
1 2 3222 2102 1017
1 2 4993 2102 3222
1 2 1018 3223 3283
1 2 3223 1017 2085
1 2 3283 2085 290
1 2 3223 2085 3283
1 2 360 3222 3224
1 2 3222 1017 3223
1 2 3224 3223 1018
1 2 3222 3223 3224
1 2 107 3741 2888
1 2 3741 1020 3742
1 2 2888 3742 1147
1 2 3741 3742 2888
1 2 1020 3284 3922
1 2 3284 290 2198
1 2 3922 2198 1103
1 2 3284 2198 3922
1 2 1147 3923 4854
1 2 3923 1103 4662
1 2 4854 4662 52
1 2 3923 4662 4854
1 2 1020 3922 3742
1 2 3922 1103 3923
1 2 3742 3923 1147
1 2 3922 3923 3742
1 2 114 3062 3064
1 2 3062 1018 3063
1 2 3064 3063 1021
1 2 3062 3063 3064
1 2 1018 3283 3285
1 2 3283 290 3284
1 2 3285 3284 1020
1 2 3283 3284 3285
1 2 1021 4840 4158
1 2 4840 1020 3741
1 2 4158 3741 107
1 2 4840 3741 4158
1 2 1018 3285 3063
1 2 3285 1020 4840
1 2 3063 4840 1021
1 2 3285 4840 3063
1 2 57 2155 2156
1 2 2155 1175 2122
1 2 2156 2122 614
1 2 2155 2122 2156
1 2 1175 4293 2120
1 2 4293 189 4054
1 2 2120 4054 698
1 2 4293 4054 2120
1 2 614 2121 2469
1 2 2121 698 2468
1 2 2469 2468 326
1 2 2121 2468 2469
1 2 1175 2120 2122
1 2 2120 698 2121
1 2 2122 2121 614
1 2 2120 2121 2122
1 2 189 2926 2928
1 2 2926 572 2927
1 2 2928 2927 696
1 2 2926 2927 2928
1 2 572 2936 2938
1 2 2936 88 2937
1 2 2938 2937 807
1 2 2936 2937 2938
1 2 696 5006 2373
1 2 5006 807 5073
1 2 2373 5073 195
1 2 5006 5073 2373
1 2 572 2938 2927
1 2 2938 807 5006
1 2 2927 5006 696
1 2 2938 5006 2927
1 2 326 3614 4702
1 2 3614 697 3031
1 2 4702 3031 814
1 2 3614 3031 4702
1 2 697 2374 3030
1 2 2374 195 3364
1 2 3030 3364 813
1 2 2374 3364 3030
1 2 814 1872 1874
1 2 1872 813 1873
1 2 1874 1873 77
1 2 1872 1873 1874
1 2 697 3030 3031
1 2 3030 813 1872
1 2 3031 1872 814
1 2 3030 1872 3031
1 2 189 2928 4054
1 2 2928 696 4053
1 2 4054 4053 698
1 2 2928 4053 4054
1 2 696 2373 2375
1 2 2373 195 2374
1 2 2375 2374 697
1 2 2373 2374 2375
1 2 698 3613 2468
1 2 3613 697 3614
1 2 2468 3614 326
1 2 3613 3614 2468
1 2 696 2375 4053
1 2 2375 697 3613
1 2 4053 3613 698
1 2 2375 3613 4053
1 2 58 1912 1914
1 2 1912 923 1913
1 2 1914 1913 765
1 2 1912 1913 1914
1 2 923 4016 4160
1 2 4016 131 4520
1 2 4160 4520 912
1 2 4016 4520 4160
1 2 765 4161 4415
1 2 4161 912 4599
1 2 4415 4599 215
1 2 4161 4599 4415
1 2 923 4160 1913
1 2 4160 912 4161
1 2 1913 4161 765
1 2 4160 4161 1913
1 2 131 3713 4511
1 2 3713 493 4510
1 2 4511 4510 910
1 2 3713 4510 4511
1 2 493 4372 4374
1 2 4372 88 4373
1 2 4374 4373 812
1 2 4372 4373 4374
1 2 910 4586 3456
1 2 4586 812 4587
1 2 3456 4587 348
1 2 4586 4587 3456
1 2 493 4374 4510
1 2 4374 812 4586
1 2 4510 4586 910
1 2 4374 4586 4510
1 2 215 4598 3399
1 2 4598 911 5102
1 2 3399 5102 899
1 2 4598 5102 3399
1 2 911 3200 3201
1 2 3200 348 1527
1 2 3201 1527 1302
1 2 3200 1527 3201
1 2 899 4964 4676
1 2 4964 1302 4965
1 2 4676 4965 23
1 2 4964 4965 4676
1 2 911 3201 5102
1 2 3201 1302 4964
1 2 5102 4964 899
1 2 3201 4964 5102
1 2 131 4511 4520
1 2 4511 910 1736
1 2 4520 1736 912
1 2 4511 1736 4520
1 2 910 3456 1734
1 2 3456 348 3200
1 2 1734 3200 911
1 2 3456 3200 1734
1 2 912 1735 4599
1 2 1735 911 4598
1 2 4599 4598 215
1 2 1735 4598 4599
1 2 910 1734 1736
1 2 1734 911 1735
1 2 1736 1735 912
1 2 1734 1735 1736
1 2 58 3787 2424
1 2 3787 995 4428
1 2 2424 4428 1218
1 2 3787 4428 2424
1 2 995 2909 4426
1 2 2909 177 3534
1 2 4426 3534 1316
1 2 2909 3534 4426
1 2 1218 4427 4548
1 2 4427 1316 4547
1 2 4548 4547 155
1 2 4427 4547 4548
1 2 995 4426 4428
1 2 4426 1316 4427
1 2 4428 4427 1218
1 2 4426 4427 4428
1 2 177 1934 3532
1 2 1934 372 3726
1 2 3532 3726 374
1 2 1934 3726 3532
1 2 372 2911 2913
1 2 2911 2 2912
1 2 2913 2912 373
1 2 2911 2912 2913
1 2 374 4608 4609
1 2 4608 373 4170
1 2 4609 4170 178
1 2 4608 4170 4609
1 2 372 2913 3726
1 2 2913 373 4608
1 2 3726 4608 374
1 2 2913 4608 3726
1 2 155 1860 1862
1 2 1860 913 1861
1 2 1862 1861 915
1 2 1860 1861 1862
1 2 913 2722 2458
1 2 2722 178 2723
1 2 2458 2723 914
1 2 2722 2723 2458
1 2 915 2459 2628
1 2 2459 914 2627
1 2 2628 2627 49
1 2 2459 2627 2628
1 2 913 2458 1861
1 2 2458 914 2459
1 2 1861 2459 915
1 2 2458 2459 1861
1 2 177 3532 3534
1 2 3532 374 3533
1 2 3534 3533 1316
1 2 3532 3533 3534
1 2 374 4609 4816
1 2 4609 178 2722
1 2 4816 2722 913
1 2 4609 2722 4816
1 2 1316 4661 4547
1 2 4661 913 1860
1 2 4547 1860 155
1 2 4661 1860 4547
1 2 374 4816 3533
1 2 4816 913 4661
1 2 3533 4661 1316
1 2 4816 4661 3533
1 2 86 4699 4419
1 2 4699 522 4853
1 2 4419 4853 524
1 2 4699 4853 4419
1 2 522 2185 3804
1 2 2185 240 3803
1 2 3804 3803 523
1 2 2185 3803 3804
1 2 524 4829 4799
1 2 4829 523 4516
1 2 4799 4516 242
1 2 4829 4516 4799
1 2 522 3804 4853
1 2 3804 523 4829
1 2 4853 4829 524
1 2 3804 4829 4853
1 2 240 4037 4038
1 2 4037 1178 3029
1 2 4038 3029 1137
1 2 4037 3029 4038
1 2 1178 4396 3027
1 2 4396 70 3108
1 2 3027 3108 1192
1 2 4396 3108 3027
1 2 1137 3028 4602
1 2 3028 1192 3469
1 2 4602 3469 241
1 2 3028 3469 4602
1 2 1178 3027 3029
1 2 3027 1192 3028
1 2 3029 3028 1137
1 2 3027 3028 3029
1 2 242 4150 4152
1 2 4150 998 4151
1 2 4152 4151 999
1 2 4150 4151 4152
1 2 998 5024 4153
1 2 5024 241 1468
1 2 4153 1468 844
1 2 5024 1468 4153
1 2 999 3147 3148
1 2 3147 844 2709
1 2 3148 2709 55
1 2 3147 2709 3148
1 2 998 4153 4151
1 2 4153 844 3147
1 2 4151 3147 999
1 2 4153 3147 4151
1 2 240 4038 3803
1 2 4038 1137 2532
1 2 3803 2532 523
1 2 4038 2532 3803
1 2 1137 4602 2530
1 2 4602 241 5024
1 2 2530 5024 998
1 2 4602 5024 2530
1 2 523 2531 4516
1 2 2531 998 4150
1 2 4516 4150 242
1 2 2531 4150 4516
1 2 1137 2530 2532
1 2 2530 998 2531
1 2 2532 2531 523
1 2 2530 2531 2532
1 2 89 3962 1790
1 2 3962 766 3963
1 2 1790 3963 768
1 2 3962 3963 1790
1 2 766 1473 1475
1 2 1473 102 1474
1 2 1475 1474 767
1 2 1473 1474 1475
1 2 768 1619 1621
1 2 1619 767 1620
1 2 1621 1620 104
1 2 1619 1620 1621
1 2 766 1475 3963
1 2 1475 767 1619
1 2 3963 1619 768
1 2 1475 1619 3963
1 2 102 3709 4670
1 2 3709 868 4940
1 2 4670 4940 869
1 2 3709 4940 4670
1 2 868 4930 5044
1 2 4930 61 3818
1 2 5044 3818 624
1 2 4930 3818 5044
1 2 869 4432 4433
1 2 4432 624 1463
1 2 4433 1463 103
1 2 4432 1463 4433
1 2 868 5044 4940
1 2 5044 624 4432
1 2 4940 4432 869
1 2 5044 4432 4940
1 2 104 4195 3680
1 2 4195 1013 4196
1 2 3680 4196 735
1 2 4195 4196 3680
1 2 1013 3305 3307
1 2 3305 103 3306
1 2 3307 3306 967
1 2 3305 3306 3307
1 2 735 4591 4719
1 2 4591 967 2873
1 2 4719 2873 60
1 2 4591 2873 4719
1 2 1013 3307 4196
1 2 3307 967 4591
1 2 4196 4591 735
1 2 3307 4591 4196
1 2 102 4670 1474
1 2 4670 869 4671
1 2 1474 4671 767
1 2 4670 4671 1474
1 2 869 4433 5038
1 2 4433 103 3305
1 2 5038 3305 1013
1 2 4433 3305 5038
1 2 767 4485 1620
1 2 4485 1013 4195
1 2 1620 4195 104
1 2 4485 4195 1620
1 2 869 5038 4671
1 2 5038 1013 4485
1 2 4671 4485 767
1 2 5038 4485 4671
1 2 61 4929 4910
1 2 4929 1205 4974
1 2 4910 4974 689
1 2 4929 4974 4910
1 2 1205 4990 4992
1 2 4990 226 4991
1 2 4992 4991 1206
1 2 4990 4991 4992
1 2 689 1592 1594
1 2 1592 1206 1593
1 2 1594 1593 207
1 2 1592 1593 1594
1 2 1205 4992 4974
1 2 4992 1206 1592
1 2 4974 1592 689
1 2 4992 1592 4974
1 2 226 2206 2208
1 2 2206 815 2207
1 2 2208 2207 816
1 2 2206 2207 2208
1 2 815 2923 3067
1 2 2923 90 1424
1 2 3067 1424 564
1 2 2923 1424 3067
1 2 816 3068 3528
1 2 3068 564 1774
1 2 3528 1774 227
1 2 3068 1774 3528
1 2 815 3067 2207
1 2 3067 564 3068
1 2 2207 3068 816
1 2 3067 3068 2207
1 2 207 2615 4932
1 2 2615 988 3560
1 2 4932 3560 990
1 2 2615 3560 4932
1 2 988 2737 2739
1 2 2737 227 2738
1 2 2739 2738 989
1 2 2737 2738 2739
1 2 990 3559 4356
1 2 3559 989 3629
1 2 4356 3629 62
1 2 3559 3629 4356
1 2 988 2739 3560
1 2 2739 989 3559
1 2 3560 3559 990
1 2 2739 3559 3560
1 2 226 2208 4991
1 2 2208 816 4682
1 2 4991 4682 1206
1 2 2208 4682 4991
1 2 816 3528 4681
1 2 3528 227 2737
1 2 4681 2737 988
1 2 3528 2737 4681
1 2 1206 2614 1593
1 2 2614 988 2615
1 2 1593 2615 207
1 2 2614 2615 1593
1 2 816 4681 4682
1 2 4681 988 2614
1 2 4682 2614 1206
1 2 4681 2614 4682
1 2 89 4142 3962
1 2 4142 1304 5089
1 2 3962 5089 766
1 2 4142 5089 3962
1 2 1304 2667 2669
1 2 2667 260 2668
1 2 2669 2668 604
1 2 2667 2668 2669
1 2 766 4003 1473
1 2 4003 604 4004
1 2 1473 4004 102
1 2 4003 4004 1473
1 2 1304 2669 5089
1 2 2669 604 4003
1 2 5089 4003 766
1 2 2669 4003 5089
1 2 260 4090 4947
1 2 4090 609 3866
1 2 4947 3866 602
1 2 4090 3866 4947
1 2 609 2922 2924
1 2 2922 90 2923
1 2 2924 2923 815
1 2 2922 2923 2924
1 2 602 2694 2644
1 2 2694 815 2206
1 2 2644 2206 226
1 2 2694 2206 2644
1 2 609 2924 3866
1 2 2924 815 2694
1 2 3866 2694 602
1 2 2924 2694 3866
1 2 102 3707 3709
1 2 3707 603 3708
1 2 3709 3708 868
1 2 3707 3708 3709
1 2 603 2645 5025
1 2 2645 226 4990
1 2 5025 4990 1205
1 2 2645 4990 5025
1 2 868 4928 4930
1 2 4928 1205 4929
1 2 4930 4929 61
1 2 4928 4929 4930
1 2 603 5025 3708
1 2 5025 1205 4928
1 2 3708 4928 868
1 2 5025 4928 3708
1 2 260 4947 2668
1 2 4947 602 4957
1 2 2668 4957 604
1 2 4947 4957 2668
1 2 602 2644 2646
1 2 2644 226 2645
1 2 2646 2645 603
1 2 2644 2645 2646
1 2 604 4956 4004
1 2 4956 603 3707
1 2 4004 3707 102
1 2 4956 3707 4004
1 2 602 2646 4957
1 2 2646 603 4956
1 2 4957 4956 604
1 2 2646 4956 4957
1 2 62 3628 3904
1 2 3628 1259 3903
1 2 3904 3903 1043
1 2 3628 3903 3904
1 2 1259 3386 4084
1 2 3386 313 4841
1 2 4084 4841 1247
1 2 3386 4841 4084
1 2 1043 4067 2421
1 2 4067 1247 4068
1 2 2421 4068 332
1 2 4067 4068 2421
1 2 1259 4084 3903
1 2 4084 1247 4067
1 2 3903 4067 1043
1 2 4084 4067 3903
1 2 313 4400 4402
1 2 4400 1213 4401
1 2 4402 4401 1246
1 2 4400 4401 4402
1 2 1213 1357 3359
1 2 1357 91 1427
1 2 3359 1427 1217
1 2 1357 1427 3359
1 2 1246 1404 1406
1 2 1404 1217 1405
1 2 1406 1405 331
1 2 1404 1405 1406
1 2 1213 3359 4401
1 2 3359 1217 1404
1 2 4401 1404 1246
1 2 3359 1404 4401
1 2 332 2734 2419
1 2 2734 1112 2735
1 2 2419 2735 683
1 2 2734 2735 2419
1 2 1112 2049 3070
1 2 2049 331 3069
1 2 3070 3069 964
1 2 2049 3069 3070
1 2 683 3286 2914
1 2 3286 964 2972
1 2 2914 2972 63
1 2 3286 2972 2914
1 2 1112 3070 2735
1 2 3070 964 3286
1 2 2735 3286 683
1 2 3070 3286 2735
1 2 313 4402 4841
1 2 4402 1246 1499
1 2 4841 1499 1247
1 2 4402 1499 4841
1 2 1246 1406 1497
1 2 1406 331 2049
1 2 1497 2049 1112
1 2 1406 2049 1497
1 2 1247 1498 4068
1 2 1498 1112 2734
1 2 4068 2734 332
1 2 1498 2734 4068
1 2 1246 1497 1499
1 2 1497 1112 1498
1 2 1499 1498 1247
1 2 1497 1498 1499
1 2 92 4941 4394
1 2 4941 413 2631
1 2 4394 2631 480
1 2 4941 2631 4394
1 2 413 3160 2629
1 2 3160 266 4214
1 2 2629 4214 479
1 2 3160 4214 2629
1 2 480 2630 2074
1 2 2630 479 2299
1 2 2074 2299 249
1 2 2630 2299 2074
1 2 413 2629 2631
1 2 2629 479 2630
1 2 2631 2630 480
1 2 2629 2630 2631
1 2 266 1347 1349
1 2 1347 846 1348
1 2 1349 1348 1266
1 2 1347 1348 1349
1 2 846 2237 4658
1 2 2237 67 2134
1 2 4658 2134 1241
1 2 2237 2134 4658
1 2 1266 3859 3861
1 2 3859 1241 3860
1 2 3861 3860 267
1 2 3859 3860 3861
1 2 846 4658 1348
1 2 4658 1241 3859
1 2 1348 3859 1266
1 2 4658 3859 1348
1 2 249 2298 3492
1 2 2298 1260 3207
1 2 3492 3207 1155
1 2 2298 3207 3492
1 2 1260 3771 3205
1 2 3771 267 3772
1 2 3205 3772 1261
1 2 3771 3772 3205
1 2 1155 3206 3926
1 2 3206 1261 3429
1 2 3926 3429 66
1 2 3206 3429 3926
1 2 1260 3205 3207
1 2 3205 1261 3206
1 2 3207 3206 1155
1 2 3205 3206 3207
1 2 266 1349 4214
1 2 1349 1266 3748
1 2 4214 3748 479
1 2 1349 3748 4214
1 2 1266 3861 3747
1 2 3861 267 3771
1 2 3747 3771 1260
1 2 3861 3771 3747
1 2 479 2297 2299
1 2 2297 1260 2298
1 2 2299 2298 249
1 2 2297 2298 2299
1 2 1266 3747 3748
1 2 3747 1260 2297
1 2 3748 2297 479
1 2 3747 2297 3748
1 2 67 2238 2181
1 2 2238 848 1673
1 2 2181 1673 1249
1 2 2238 1673 2181
1 2 848 2736 1671
1 2 2736 334 1777
1 2 1671 1777 1248
1 2 2736 1777 1671
1 2 1249 1672 4267
1 2 1672 1248 4075
1 2 4267 4075 335
1 2 1672 4075 4267
1 2 848 1671 1673
1 2 1671 1248 1672
1 2 1673 1672 1249
1 2 1671 1672 1673
1 2 334 1956 1775
1 2 1956 538 3976
1 2 1775 3976 540
1 2 1956 3976 1775
1 2 538 2274 3975
1 2 2274 93 4441
1 2 3975 4441 539
1 2 2274 4441 3975
1 2 540 1760 1762
1 2 1760 539 1761
1 2 1762 1761 318
1 2 1760 1761 1762
1 2 538 3975 3976
1 2 3975 539 1760
1 2 3976 1760 540
1 2 3975 1760 3976
1 2 335 4074 3329
1 2 4074 1126 4821
1 2 3329 4821 1127
1 2 4074 4821 3329
1 2 1126 3677 3678
1 2 3677 318 2064
1 2 3678 2064 818
1 2 3677 2064 3678
1 2 1127 1863 1865
1 2 1863 818 1864
1 2 1865 1864 68
1 2 1863 1864 1865
1 2 1126 3678 4821
1 2 3678 818 1863
1 2 4821 1863 1127
1 2 3678 1863 4821
1 2 334 1775 1777
1 2 1775 540 1776
1 2 1777 1776 1248
1 2 1775 1776 1777
1 2 540 1762 3822
1 2 1762 318 3677
1 2 3822 3677 1126
1 2 1762 3677 3822
1 2 1248 3823 4075
1 2 3823 1126 4074
1 2 4075 4074 335
1 2 3823 4074 4075
1 2 540 3822 1776
1 2 3822 1126 3823
1 2 1776 3823 1248
1 2 3822 3823 1776
1 2 67 2237 2238
1 2 2237 846 1812
1 2 2238 1812 848
1 2 2237 1812 2238
1 2 846 1347 1810
1 2 1347 266 4648
1 2 1810 4648 847
1 2 1347 4648 1810
1 2 848 1811 2736
1 2 1811 847 2091
1 2 2736 2091 334
1 2 1811 2091 2736
1 2 846 1810 1812
1 2 1810 847 1811
1 2 1812 1811 848
1 2 1810 1811 1812
1 2 266 3160 3162
1 2 3160 413 3161
1 2 3162 3161 415
1 2 3160 3161 3162
1 2 413 4941 4942
1 2 4941 92 1525
1 2 4942 1525 414
1 2 4941 1525 4942
1 2 415 4801 4803
1 2 4801 414 4802
1 2 4803 4802 237
1 2 4801 4802 4803
1 2 413 4942 3161
1 2 4942 414 4801
1 2 3161 4801 415
1 2 4942 4801 3161
1 2 334 1954 1956
1 2 1954 557 1955
1 2 1956 1955 538
1 2 1954 1955 1956
1 2 557 4543 3813
1 2 4543 237 4081
1 2 3813 4081 558
1 2 4543 4081 3813
1 2 538 2272 2274
1 2 2272 558 2273
1 2 2274 2273 93
1 2 2272 2273 2274
1 2 557 3813 1955
1 2 3813 558 2272
1 2 1955 2272 538
1 2 3813 2272 1955
1 2 266 3162 4648
1 2 3162 415 4647
1 2 4648 4647 847
1 2 3162 4647 4648
1 2 415 4803 4832
1 2 4803 237 4543
1 2 4832 4543 557
1 2 4803 4543 4832
1 2 847 2090 2091
1 2 2090 557 1954
1 2 2091 1954 334
1 2 2090 1954 2091
1 2 415 4832 4647
1 2 4832 557 2090
1 2 4647 2090 847
1 2 4832 2090 4647
1 2 69 4234 4833
1 2 4234 875 2287
1 2 4833 2287 1157
1 2 4234 2287 4833
1 2 875 4883 2285
1 2 4883 152 4884
1 2 2285 4884 1197
1 2 4883 4884 2285
1 2 1157 2286 1981
1 2 2286 1197 5066
1 2 1981 5066 154
1 2 2286 5066 1981
1 2 875 2285 2287
1 2 2285 1197 2286
1 2 2287 2286 1157
1 2 2285 2286 2287
1 2 152 2323 5043
1 2 2323 1059 2947
1 2 5043 2947 1060
1 2 2323 2947 5043
1 2 1059 3582 2945
1 2 3582 68 2377
1 2 2945 2377 817
1 2 3582 2377 2945
1 2 1060 2946 1992
1 2 2946 817 4487
1 2 1992 4487 153
1 2 2946 4487 1992
1 2 1059 2945 2947
1 2 2945 817 2946
1 2 2947 2946 1060
1 2 2945 2946 2947
1 2 154 4285 1504
1 2 4285 544 4286
1 2 1504 4286 546
1 2 4285 4286 1504
1 2 544 1993 4327
1 2 1993 153 4776
1 2 4327 4776 545
1 2 1993 4776 4327
1 2 546 4144 3845
1 2 4144 545 2660
1 2 3845 2660 94
1 2 4144 2660 3845
1 2 544 4327 4286
1 2 4327 545 4144
1 2 4286 4144 546
1 2 4327 4144 4286
1 2 152 5043 4884
1 2 5043 1060 3164
1 2 4884 3164 1197
1 2 5043 3164 4884
1 2 1060 1992 1994
1 2 1992 153 1993
1 2 1994 1993 544
1 2 1992 1993 1994
1 2 1197 3163 5066
1 2 3163 544 4285
1 2 5066 4285 154
1 2 3163 4285 5066
1 2 1060 1994 3164
1 2 1994 544 3163
1 2 3164 3163 1197
1 2 1994 3163 3164
1 2 95 2673 2675
1 2 2673 514 2674
1 2 2675 2674 516
1 2 2673 2674 2675
1 2 514 4501 4502
1 2 4501 219 2490
1 2 4502 2490 515
1 2 4501 2490 4502
1 2 516 4683 4684
1 2 4683 515 4579
1 2 4684 4579 296
1 2 4683 4579 4684
1 2 514 4502 2674
1 2 4502 515 4683
1 2 2674 4683 516
1 2 4502 4683 2674
1 2 219 1719 1721
1 2 1719 605 1720
1 2 1721 1720 607
1 2 1719 1720 1721
1 2 605 2878 3605
1 2 2878 73 3604
1 2 3605 3604 606
1 2 2878 3604 3605
1 2 607 3871 2209
1 2 3871 606 4385
1 2 2209 4385 312
1 2 3871 4385 2209
1 2 605 3605 1720
1 2 3605 606 3871
1 2 1720 3871 607
1 2 3605 3871 1720
1 2 296 2527 2529
1 2 2527 724 2528
1 2 2529 2528 575
1 2 2527 2528 2529
1 2 724 2210 3535
1 2 2210 312 3581
1 2 3535 3581 1165
1 2 2210 3581 3535
1 2 575 3536 3666
1 2 3536 1165 1430
1 2 3666 1430 72
1 2 3536 1430 3666
1 2 724 3535 2528
1 2 3535 1165 3536
1 2 2528 3536 575
1 2 3535 3536 2528
1 2 219 1721 2490
1 2 1721 607 2489
1 2 2490 2489 515
1 2 1721 2489 2490
1 2 607 2209 2211
1 2 2209 312 2210
1 2 2211 2210 724
1 2 2209 2210 2211
1 2 515 2799 4579
1 2 2799 724 2527
1 2 4579 2527 296
1 2 2799 2527 4579
1 2 607 2211 2489
1 2 2211 724 2799
1 2 2489 2799 515
1 2 2211 2799 2489
1 2 96 4217 4070
1 2 4217 1033 3426
1 2 4070 3426 668
1 2 4217 3426 4070
1 2 1033 4165 3424
1 2 4165 140 1644
1 2 3424 1644 1232
1 2 4165 1644 3424
1 2 668 3425 3627
1 2 3425 1232 2475
1 2 3627 2475 220
1 2 3425 2475 3627
1 2 1033 3424 3426
1 2 3424 1232 3425
1 2 3426 3425 668
1 2 3424 3425 3426
1 2 140 3968 1642
1 2 3968 769 4795
1 2 1642 4795 835
1 2 3968 4795 1642
1 2 769 4203 4205
1 2 4203 74 4204
1 2 4205 4204 834
1 2 4203 4204 4205
1 2 835 1335 1337
1 2 1335 834 1336
1 2 1337 1336 217
1 2 1335 1336 1337
1 2 769 4205 4795
1 2 4205 834 1335
1 2 4795 1335 835
1 2 4205 1335 4795
1 2 220 2474 4560
1 2 2474 1242 4672
1 2 4560 4672 862
1 2 2474 4672 4560
1 2 1242 2512 2514
1 2 2512 217 2513
1 2 2514 2513 1181
1 2 2512 2513 2514
1 2 862 2108 2110
1 2 2108 1181 2109
1 2 2110 2109 73
1 2 2108 2109 2110
1 2 1242 2514 4672
1 2 2514 1181 2108
1 2 4672 2108 862
1 2 2514 2108 4672
1 2 140 1642 1644
1 2 1642 835 1643
1 2 1644 1643 1232
1 2 1642 1643 1644
1 2 835 1337 2983
1 2 1337 217 2512
1 2 2983 2512 1242
1 2 1337 2512 2983
1 2 1232 2473 2475
1 2 2473 1242 2474
1 2 2475 2474 220
1 2 2473 2474 2475
1 2 835 2983 1643
1 2 2983 1242 2473
1 2 1643 2473 1232
1 2 2983 2473 1643
1 2 73 2878 2110
1 2 2878 605 2879
1 2 2110 2879 862
1 2 2878 2879 2110
1 2 605 1719 4082
1 2 1719 219 4323
1 2 4082 4323 861
1 2 1719 4323 4082
1 2 862 4083 4560
1 2 4083 861 2352
1 2 4560 2352 220
1 2 4083 2352 4560
1 2 605 4082 2879
1 2 4082 861 4083
1 2 2879 4083 862
1 2 4082 4083 2879
1 2 219 4501 4872
1 2 4501 514 4522
1 2 4872 4522 937
1 2 4501 4522 4872
1 2 514 2673 4521
1 2 2673 95 2866
1 2 4521 2866 1251
1 2 2673 2866 4521
1 2 937 4190 2259
1 2 4190 1251 4191
1 2 2259 4191 204
1 2 4190 4191 2259
1 2 514 4521 4522
1 2 4521 1251 4190
1 2 4522 4190 937
1 2 4521 4190 4522
1 2 220 2351 3627
1 2 2351 666 3960
1 2 3627 3960 668
1 2 2351 3960 3627
1 2 666 2137 2139
1 2 2137 204 2138
1 2 2139 2138 667
1 2 2137 2138 2139
1 2 668 3959 4070
1 2 3959 667 4069
1 2 4070 4069 96
1 2 3959 4069 4070
1 2 666 2139 3960
1 2 2139 667 3959
1 2 3960 3959 668
1 2 2139 3959 3960
1 2 219 4872 4323
1 2 4872 937 2046
1 2 4323 2046 861
1 2 4872 2046 4323
1 2 937 2259 2044
1 2 2259 204 2137
1 2 2044 2137 666
1 2 2259 2137 2044
1 2 861 2045 2352
1 2 2045 666 2351
1 2 2352 2351 220
1 2 2045 2351 2352
1 2 937 2044 2046
1 2 2044 666 2045
1 2 2046 2045 861
1 2 2044 2045 2046
1 2 74 2515 2517
1 2 2515 771 2516
1 2 2517 2516 501
1 2 2515 2516 2517
1 2 771 3212 4282
1 2 3212 142 1691
1 2 4282 1691 836
1 2 3212 1691 4282
1 2 501 1485 1487
1 2 1485 836 1486
1 2 1487 1486 236
1 2 1485 1486 1487
1 2 771 4282 2516
1 2 4282 836 1485
1 2 2516 1485 501
1 2 4282 1485 2516
1 2 142 2917 1689
1 2 2917 959 2918
1 2 1689 2918 1158
1 2 2917 2918 1689
1 2 959 2807 4057
1 2 2807 97 1711
1 2 4057 1711 462
1 2 2807 1711 4057
1 2 1158 2276 2278
1 2 2276 462 2277
1 2 2278 2277 222
1 2 2276 2277 2278
1 2 959 4057 2918
1 2 4057 462 2276
1 2 2918 2276 1158
1 2 4057 2276 2918
1 2 236 3798 3870
1 2 3798 1159 3869
1 2 3870 3869 1117
1 2 3798 3869 3870
1 2 1159 1892 1894
1 2 1892 222 1893
1 2 1894 1893 754
1 2 1892 1893 1894
1 2 1117 3508 1924
1 2 3508 754 3509
1 2 1924 3509 75
1 2 3508 3509 1924
1 2 1159 1894 3869
1 2 1894 754 3508
1 2 3869 3508 1117
1 2 1894 3508 3869
1 2 142 1689 1691
1 2 1689 1158 1690
1 2 1691 1690 836
1 2 1689 1690 1691
1 2 1158 2278 3085
1 2 2278 222 1892
1 2 3085 1892 1159
1 2 2278 1892 3085
1 2 836 3797 1486
1 2 3797 1159 3798
1 2 1486 3798 236
1 2 3797 3798 1486
1 2 1158 3085 1690
1 2 3085 1159 3797
1 2 1690 3797 836
1 2 3085 3797 1690
1 2 98 3388 3616
1 2 3388 551 3615
1 2 3616 3615 553
1 2 3388 3615 3616
1 2 551 2882 4247
1 2 2882 163 4246
1 2 4247 4246 552
1 2 2882 4246 4247
1 2 553 4768 4410
1 2 4768 552 3785
1 2 4410 3785 246
1 2 4768 3785 4410
1 2 551 4247 3615
1 2 4247 552 4768
1 2 3615 4768 553
1 2 4247 4768 3615
1 2 163 3346 3347
1 2 3346 992 2360
1 2 3347 2360 734
1 2 3346 2360 3347
1 2 992 3310 2358
1 2 3310 79 4709
1 2 2358 4709 1199
1 2 3310 4709 2358
1 2 734 2359 3080
1 2 2359 1199 3921
1 2 3080 3921 229
1 2 2359 3921 3080
1 2 992 2358 2360
1 2 2358 1199 2359
1 2 2360 2359 734
1 2 2358 2359 2360
1 2 246 3784 4626
1 2 3784 470 1490
1 2 4626 1490 472
1 2 3784 1490 4626
1 2 470 3081 1488
1 2 3081 229 1519
1 2 1488 1519 471
1 2 3081 1519 1488
1 2 472 1489 1534
1 2 1489 471 2942
1 2 1534 2942 78
1 2 1489 2942 1534
1 2 470 1488 1490
1 2 1488 471 1489
1 2 1490 1489 472
1 2 1488 1489 1490
1 2 163 3347 4246
1 2 3347 734 3226
1 2 4246 3226 552
1 2 3347 3226 4246
1 2 734 3080 3082
1 2 3080 229 3081
1 2 3082 3081 470
1 2 3080 3081 3082
1 2 552 3225 3785
1 2 3225 470 3784
1 2 3785 3784 246
1 2 3225 3784 3785
1 2 734 3082 3226
1 2 3082 470 3225
1 2 3226 3225 552
1 2 3082 3225 3226
1 2 84 3645 5023
1 2 3645 1231 2770
1 2 5023 2770 1203
1 2 3645 2770 5023
1 2 1231 5010 2768
1 2 5010 252 4733
1 2 2768 4733 1284
1 2 5010 4733 2768
1 2 1203 2769 3924
1 2 2769 1284 1376
1 2 3924 1376 254
1 2 2769 1376 3924
1 2 1231 2768 2770
1 2 2768 1284 2769
1 2 2770 2769 1203
1 2 2768 2769 2770
1 2 252 4481 4732
1 2 4481 716 4216
1 2 4732 4216 956
1 2 4481 4216 4732
1 2 716 2454 4215
1 2 2454 51 4043
1 2 4215 4043 947
1 2 2454 4043 4215
1 2 956 3330 3332
1 2 3330 947 3331
1 2 3332 3331 253
1 2 3330 3331 3332
1 2 716 4215 4216
1 2 4215 947 3330
1 2 4216 3330 956
1 2 4215 3330 4216
1 2 254 1375 3491
1 2 1375 736 3217
1 2 3491 3217 608
1 2 1375 3217 3491
1 2 736 3756 3215
1 2 3756 253 3757
1 2 3215 3757 737
1 2 3756 3757 3215
1 2 608 3216 3727
1 2 3216 737 1976
1 2 3727 1976 90
1 2 3216 1976 3727
1 2 736 3215 3217
1 2 3215 737 3216
1 2 3217 3216 608
1 2 3215 3216 3217
1 2 252 4732 4733
1 2 4732 956 3318
1 2 4733 3318 1284
1 2 4732 3318 4733
1 2 956 3332 3317
1 2 3332 253 3756
1 2 3317 3756 736
1 2 3332 3756 3317
1 2 1284 1374 1376
1 2 1374 736 1375
1 2 1376 1375 254
1 2 1374 1375 1376
1 2 956 3317 3318
1 2 3317 736 1374
1 2 3318 1374 1284
1 2 3317 1374 3318
1 2 51 1713 4042
1 2 1713 1307 1385
1 2 4042 1385 946
1 2 1713 1385 4042
1 2 1307 2616 1383
1 2 2616 157 2617
1 2 1383 2617 1278
1 2 2616 2617 1383
1 2 946 1384 4062
1 2 1384 1278 4061
1 2 4062 4061 268
1 2 1384 4061 4062
1 2 1307 1383 1385
1 2 1383 1278 1384
1 2 1385 1384 946
1 2 1383 1384 1385
1 2 157 4770 4771
1 2 4770 651 4238
1 2 4771 4238 1276
1 2 4770 4238 4771
1 2 651 2800 2802
1 2 2800 52 2801
1 2 2802 2801 1105
1 2 2800 2801 2802
1 2 1276 4237 3841
1 2 4237 1105 2003
1 2 3841 2003 292
1 2 4237 2003 3841
1 2 651 2802 4238
1 2 2802 1105 4237
1 2 4238 4237 1276
1 2 2802 4237 4238
1 2 268 4588 2191
1 2 4588 1277 5031
1 2 2191 5031 1287
1 2 4588 5031 2191
1 2 1277 2980 2982
1 2 2980 292 2981
1 2 2982 2981 929
1 2 2980 2981 2982
1 2 1287 4250 4252
1 2 4250 929 4251
1 2 4252 4251 91
1 2 4250 4251 4252
1 2 1277 2982 5031
1 2 2982 929 4250
1 2 5031 4250 1287
1 2 2982 4250 5031
1 2 157 4771 2617
1 2 4771 1276 1352
1 2 2617 1352 1278
1 2 4771 1352 2617
1 2 1276 3841 1350
1 2 3841 292 2980
1 2 1350 2980 1277
1 2 3841 2980 1350
1 2 1278 1351 4061
1 2 1351 1277 4588
1 2 4061 4588 268
1 2 1351 4588 4061
1 2 1276 1350 1352
1 2 1350 1277 1351
1 2 1352 1351 1278
1 2 1350 1351 1352
1 2 52 4662 2801
1 2 4662 1103 4663
1 2 2801 4663 1105
1 2 4662 4663 2801
1 2 1103 2198 2200
1 2 2198 290 2199
1 2 2200 2199 1104
1 2 2198 2199 2200
1 2 1105 2001 2003
1 2 2001 1104 2002
1 2 2003 2002 292
1 2 2001 2002 2003
1 2 1103 2200 4663
1 2 2200 1104 2001
1 2 4663 2001 1105
1 2 2200 2001 4663
1 2 290 2085 2087
1 2 2085 1017 2086
1 2 2087 2086 1138
1 2 2085 2086 2087
1 2 1017 2102 2104
1 2 2102 64 2103
1 2 2104 2103 1211
1 2 2102 2103 2104
1 2 1138 3142 3144
1 2 3142 1211 3143
1 2 3144 3143 291
1 2 3142 3143 3144
1 2 1017 2104 2086
1 2 2104 1211 3142
1 2 2086 3142 1138
1 2 2104 3142 2086
1 2 292 4005 2981
1 2 4005 927 4430
1 2 2981 4430 929
1 2 4005 4430 2981
1 2 927 3522 4707
1 2 3522 291 2816
1 2 4707 2816 928
1 2 3522 2816 4707
1 2 929 4300 4251
1 2 4300 928 1425
1 2 4251 1425 91
1 2 4300 1425 4251
1 2 927 4707 4430
1 2 4707 928 4300
1 2 4430 4300 929
1 2 4707 4300 4430
1 2 290 2087 2199
1 2 2087 1138 3455
1 2 2199 3455 1104
1 2 2087 3455 2199
1 2 1138 3144 3453
1 2 3144 291 3522
1 2 3453 3522 927
1 2 3144 3522 3453
1 2 1104 3454 2002
1 2 3454 927 4005
1 2 2002 4005 292
1 2 3454 4005 2002
1 2 1138 3453 3455
1 2 3453 927 3454
1 2 3455 3454 1104
1 2 3453 3454 3455
1 2 88 4372 1438
1 2 4372 493 1412
1 2 1438 1412 495
1 2 4372 1412 1438
1 2 493 3713 1410
1 2 3713 131 3714
1 2 1410 3714 494
1 2 3713 3714 1410
1 2 495 1411 4384
1 2 1411 494 2742
1 2 4384 2742 132
1 2 1411 2742 4384
1 2 493 1410 1412
1 2 1410 494 1411
1 2 1412 1411 495
1 2 1410 1411 1412
1 2 131 4016 4017
1 2 4016 923 1835
1 2 4017 1835 1172
1 2 4016 1835 4017
1 2 923 1912 1833
1 2 1912 58 2053
1 2 1833 2053 1094
1 2 1912 2053 1833
1 2 1172 1834 2004
1 2 1834 1094 3308
1 2 2004 3308 124
1 2 1834 3308 2004
1 2 923 1833 1835
1 2 1833 1094 1834
1 2 1835 1834 1172
1 2 1833 1834 1835
1 2 132 2741 4218
1 2 2741 1097 3808
1 2 4218 3808 1045
1 2 2741 3808 4218
1 2 1097 2005 3389
1 2 2005 124 2224
1 2 3389 2224 720
1 2 2005 2224 3389
1 2 1045 3807 4818
1 2 3807 720 3796
1 2 4818 3796 98
1 2 3807 3796 4818
1 2 1097 3389 3808
1 2 3389 720 3807
1 2 3808 3807 1045
1 2 3389 3807 3808
1 2 131 4017 3714
1 2 4017 1172 4800
1 2 3714 4800 494
1 2 4017 4800 3714
1 2 1172 2004 2006
1 2 2004 124 2005
1 2 2006 2005 1097
1 2 2004 2005 2006
1 2 494 2740 2742
1 2 2740 1097 2741
1 2 2742 2741 132
1 2 2740 2741 2742
1 2 1172 2006 4800
1 2 2006 1097 2740
1 2 4800 2740 494
1 2 2006 2740 4800
1 2 86 1795 2382
1 2 1795 873 2381
1 2 2382 2381 381
1 2 1795 2381 2382
1 2 873 2088 4357
1 2 2088 191 1514
1 2 4357 1514 1067
1 2 2088 1514 4357
1 2 381 4358 4977
1 2 4358 1067 3825
1 2 4977 3825 182
1 2 4358 3825 4977
1 2 873 4357 2381
1 2 4357 1067 4358
1 2 2381 4358 381
1 2 4357 4358 2381
1 2 191 2047 1512
1 2 2047 1057 2048
1 2 1512 2048 1065
1 2 2047 2048 1512
1 2 1057 3663 4175
1 2 3663 56 4652
1 2 4175 4652 386
1 2 3663 4652 4175
1 2 1065 2182 2184
1 2 2182 386 2183
1 2 2184 2183 192
1 2 2182 2183 2184
1 2 1057 4175 2048
1 2 4175 386 2182
1 2 2048 2182 1065
1 2 4175 2182 2048
1 2 182 1737 1739
1 2 1737 1066 1738
1 2 1739 1738 418
1 2 1737 1738 1739
1 2 1066 3129 1765
1 2 3129 192 3094
1 2 1765 3094 1215
1 2 3129 3094 1765
1 2 418 1766 2331
1 2 1766 1215 2867
1 2 2331 2867 95
1 2 1766 2867 2331
1 2 1066 1765 1738
1 2 1765 1215 1766
1 2 1738 1766 418
1 2 1765 1766 1738
1 2 191 1512 1514
1 2 1512 1065 1513
1 2 1514 1513 1067
1 2 1512 1513 1514
1 2 1065 2184 4047
1 2 2184 192 3129
1 2 4047 3129 1066
1 2 2184 3129 4047
1 2 1067 3824 3825
1 2 3824 1066 1737
1 2 3825 1737 182
1 2 3824 1737 3825
1 2 1065 4047 1513
1 2 4047 1066 3824
1 2 1513 3824 1067
1 2 4047 3824 1513
1 2 91 1425 1427
1 2 1425 928 1426
1 2 1427 1426 1217
1 2 1425 1426 1427
1 2 928 2816 2676
1 2 2816 291 2817
1 2 2676 2817 1216
1 2 2816 2817 2676
1 2 1217 2481 1405
1 2 2481 1216 2482
1 2 1405 2482 331
1 2 2481 2482 1405
1 2 928 2676 1426
1 2 2676 1216 2481
1 2 1426 2481 1217
1 2 2676 2481 1426
1 2 291 3143 4610
1 2 3143 1211 4127
1 2 4610 4127 1235
1 2 3143 4127 4610
1 2 1211 2103 3759
1 2 2103 64 3758
1 2 3759 3758 1234
1 2 2103 3758 3759
1 2 1235 3721 3145
1 2 3721 1234 3722
1 2 3145 3722 284
1 2 3721 3722 3145
1 2 1211 3759 4127
1 2 3759 1234 3721
1 2 4127 3721 1235
1 2 3759 3721 4127
1 2 331 3773 3069
1 2 3773 963 3524
1 2 3069 3524 964
1 2 3773 3524 3069
1 2 963 3146 3523
1 2 3146 284 3005
1 2 3523 3005 714
1 2 3146 3005 3523
1 2 964 2971 2972
1 2 2971 714 2520
1 2 2972 2520 63
1 2 2971 2520 2972
1 2 963 3523 3524
1 2 3523 714 2971
1 2 3524 2971 964
1 2 3523 2971 3524
1 2 291 4610 2817
1 2 4610 1235 1871
1 2 2817 1871 1216
1 2 4610 1871 2817
1 2 1235 3145 1869
1 2 3145 284 3146
1 2 1869 3146 963
1 2 3145 3146 1869
1 2 1216 1870 2482
1 2 1870 963 3773
1 2 2482 3773 331
1 2 1870 3773 2482
1 2 1235 1869 1871
1 2 1869 963 1870
1 2 1871 1870 1216
1 2 1869 1870 1871
1 2 87 4340 4342
1 2 4340 639 4341
1 2 4342 4341 641
1 2 4340 4341 4342
1 2 639 3124 3125
1 2 3124 179 2804
1 2 3125 2804 640
1 2 3124 2804 3125
1 2 641 4114 3675
1 2 4114 640 4115
1 2 3675 4115 181
1 2 4114 4115 3675
1 2 639 3125 4341
1 2 3125 640 4114
1 2 4341 4114 641
1 2 3125 4114 4341
1 2 179 3979 2803
1 2 3979 375 1361
1 2 2803 1361 377
1 2 3979 1361 2803
1 2 375 2671 1359
1 2 2671 57 3762
1 2 1359 3762 376
1 2 2671 3762 1359
1 2 377 1360 2124
1 2 1360 376 2123
1 2 2124 2123 180
1 2 1360 2123 2124
1 2 375 1359 1361
1 2 1359 376 1360
1 2 1361 1360 377
1 2 1359 1360 1361
1 2 181 4268 3042
1 2 4268 987 4269
1 2 3042 4269 580
1 2 4268 4269 3042
1 2 987 4784 4392
1 2 4784 180 3914
1 2 4392 3914 463
1 2 4784 3914 4392
1 2 580 4393 4113
1 2 4393 463 1712
1 2 4113 1712 97
1 2 4393 1712 4113
1 2 987 4392 4269
1 2 4392 463 4393
1 2 4269 4393 580
1 2 4392 4393 4269
1 2 179 2803 2804
1 2 2803 377 1531
1 2 2804 1531 640
1 2 2803 1531 2804
1 2 377 2124 1529
1 2 2124 180 4784
1 2 1529 4784 987
1 2 2124 4784 1529
1 2 640 1530 4115
1 2 1530 987 4268
1 2 4115 4268 181
1 2 1530 4268 4115
1 2 377 1529 1531
1 2 1529 987 1530
1 2 1531 1530 640
1 2 1529 1530 1531
1 2 59 4558 2658
1 2 4558 664 5085
1 2 2658 5085 789
1 2 4558 5085 2658
1 2 664 3805 3806
1 2 3805 168 1789
1 2 3806 1789 460
1 2 3805 1789 3806
1 2 789 1562 1564
1 2 1562 460 1563
1 2 1564 1563 138
1 2 1562 1563 1564
1 2 664 3806 5085
1 2 3806 460 1562
1 2 5085 1562 789
1 2 3806 1562 5085
1 2 168 2759 1787
1 2 2759 957 1896
1 2 1787 1896 458
1 2 2759 1896 1787
1 2 957 1744 1791
1 2 1744 89 1790
1 2 1791 1790 768
1 2 1744 1790 1791
1 2 458 1895 4482
1 2 1895 768 1621
1 2 4482 1621 104
1 2 1895 1621 4482
1 2 957 1791 1896
1 2 1791 768 1895
1 2 1896 1895 458
1 2 1791 1895 1896
1 2 138 4116 4117
1 2 4116 459 3269
1 2 4117 3269 586
1 2 4116 3269 4117
1 2 459 3679 3267
1 2 3679 104 3680
1 2 3267 3680 735
1 2 3679 3680 3267
1 2 586 3268 4955
1 2 3268 735 4719
1 2 4955 4719 60
1 2 3268 4719 4955
1 2 459 3267 3269
1 2 3267 735 3268
1 2 3269 3268 586
1 2 3267 3268 3269
1 2 168 1787 1789
1 2 1787 458 1788
1 2 1789 1788 460
1 2 1787 1788 1789
1 2 458 4482 4483
1 2 4482 104 3679
1 2 4483 3679 459
1 2 4482 3679 4483
1 2 460 4909 1563
1 2 4909 459 4116
1 2 1563 4116 138
1 2 4909 4116 1563
1 2 458 4483 1788
1 2 4483 459 4909
1 2 1788 4909 460
1 2 4483 4909 1788
1 2 70 4396 4398
1 2 4396 1178 4397
1 2 4398 4397 1179
1 2 4396 4397 4398
1 2 1178 4037 4985
1 2 4037 240 3487
1 2 4985 3487 1072
1 2 4037 3487 4985
1 2 1179 4538 4540
1 2 4538 1072 4539
1 2 4540 4539 205
1 2 4538 4539 4540
1 2 1178 4985 4397
1 2 4985 1072 4538
1 2 4397 4538 1179
1 2 4985 4538 4397
1 2 240 2185 2187
1 2 2185 522 2186
1 2 2187 2186 1071
1 2 2185 2186 2187
1 2 522 4699 3928
1 2 4699 86 3987
1 2 3928 3987 383
1 2 4699 3987 3928
1 2 1071 1897 1899
1 2 1897 383 1898
1 2 1899 1898 184
1 2 1897 1898 1899
1 2 522 3928 2186
1 2 3928 383 1897
1 2 2186 1897 1071
1 2 3928 1897 2186
1 2 205 5055 3357
1 2 5055 738 3853
1 2 3357 3853 642
1 2 5055 3853 3357
1 2 738 3556 3558
1 2 3556 184 3557
1 2 3558 3557 739
1 2 3556 3557 3558
1 2 642 3241 1494
1 2 3241 739 3242
1 2 1494 3242 99
1 2 3241 3242 1494
1 2 738 3558 3853
1 2 3558 739 3241
1 2 3853 3241 642
1 2 3558 3241 3853
1 2 240 2187 3487
1 2 2187 1071 3486
1 2 3487 3486 1072
1 2 2187 3486 3487
1 2 1071 1899 3647
1 2 1899 184 3556
1 2 3647 3556 738
1 2 1899 3556 3647
1 2 1072 3648 4539
1 2 3648 738 5055
1 2 4539 5055 205
1 2 3648 5055 4539
1 2 1071 3647 3486
1 2 3647 738 3648
1 2 3486 3648 1072
1 2 3647 3648 3486
1 2 99 3882 3020
1 2 3882 743 3883
1 2 3020 3883 779
1 2 3882 3883 3020
1 2 743 4370 4371
1 2 4370 183 3339
1 2 4371 3339 955
1 2 4370 3339 4371
1 2 779 3682 2491
1 2 3682 955 1448
1 2 2491 1448 297
1 2 3682 1448 2491
1 2 743 4371 3883
1 2 4371 955 3682
1 2 3883 3682 779
1 2 4371 3682 3883
1 2 183 4446 3338
1 2 4446 419 4753
1 2 3338 4753 954
1 2 4446 4753 3338
1 2 419 2332 4751
1 2 2332 95 2675
1 2 4751 2675 516
1 2 2332 2675 4751
1 2 954 4752 1622
1 2 4752 516 4684
1 2 1622 4684 296
1 2 4752 4684 1622
1 2 419 4751 4753
1 2 4751 516 4752
1 2 4753 4752 954
1 2 4751 4752 4753
1 2 297 1447 2261
1 2 1447 574 2260
1 2 2261 2260 576
1 2 1447 2260 2261
1 2 574 1623 4499
1 2 1623 296 2529
1 2 4499 2529 575
1 2 1623 2529 4499
1 2 576 3665 3667
1 2 3665 575 3666
1 2 3667 3666 72
1 2 3665 3666 3667
1 2 574 4499 2260
1 2 4499 575 3665
1 2 2260 3665 576
1 2 4499 3665 2260
1 2 183 3338 3339
1 2 3338 954 1625
1 2 3339 1625 955
1 2 3338 1625 3339
1 2 954 1622 1624
1 2 1622 296 1623
1 2 1624 1623 574
1 2 1622 1623 1624
1 2 955 1446 1448
1 2 1446 574 1447
1 2 1448 1447 297
1 2 1446 1447 1448
1 2 954 1624 1625
1 2 1624 574 1446
1 2 1625 1446 955
1 2 1624 1446 1625
1 2 100 1616 1618
1 2 1616 1236 1617
1 2 1618 1617 1011
1 2 1616 1617 1618
1 2 1236 3529 3531
1 2 3529 201 3530
1 2 3531 3530 1245
1 2 3529 3530 3531
1 2 1011 2851 2853
1 2 2851 1245 2852
1 2 2853 2852 250
1 2 2851 2852 2853
1 2 1236 3531 1617
1 2 3531 1245 2851
1 2 1617 2851 1011
1 2 3531 2851 1617
1 2 201 2112 3343
1 2 2112 520 3342
1 2 3343 3342 1244
1 2 2112 3342 3343
1 2 520 3483 4395
1 2 3483 92 4394
1 2 4395 4394 480
1 2 3483 4394 4395
1 2 1244 2073 2075
1 2 2073 480 2074
1 2 2075 2074 249
1 2 2073 2074 2075
1 2 520 4395 3342
1 2 4395 480 2073
1 2 3342 2073 1244
1 2 4395 2073 3342
1 2 250 2854 2856
1 2 2854 1154 2855
1 2 2856 2855 617
1 2 2854 2855 2856
1 2 1154 3739 3740
1 2 3739 249 3492
1 2 3740 3492 1155
1 2 3739 3492 3740
1 2 617 3925 3927
1 2 3925 1155 3926
1 2 3927 3926 66
1 2 3925 3926 3927
1 2 1154 3740 2855
1 2 3740 1155 3925
1 2 2855 3925 617
1 2 3740 3925 2855
1 2 201 3343 3530
1 2 3343 1244 4316
1 2 3530 4316 1245
1 2 3343 4316 3530
1 2 1244 2075 3760
1 2 2075 249 3739
1 2 3760 3739 1154
1 2 2075 3739 3760
1 2 1245 4315 2852
1 2 4315 1154 2854
1 2 2852 2854 250
1 2 4315 2854 2852
1 2 1244 3760 4316
1 2 3760 1154 4315
1 2 4316 4315 1245
1 2 3760 4315 4316
1 2 81 4688 4982
1 2 4688 1288 4981
1 2 4982 4981 1050
1 2 4688 4981 4982
1 2 1288 3344 3345
1 2 3344 144 2302
1 2 3345 2302 1286
1 2 3344 2302 3345
1 2 1050 5012 5013
1 2 5012 1286 3154
1 2 5013 3154 173
1 2 5012 3154 5013
1 2 1288 3345 4981
1 2 3345 1286 5012
1 2 4981 5012 1050
1 2 3345 5012 4981
1 2 144 2494 2300
1 2 2494 740 3181
1 2 2300 3181 741
1 2 2494 3181 2300
1 2 740 2071 2072
1 2 2071 83 1718
1 2 2072 1718 435
1 2 2071 1718 2072
1 2 741 5101 4137
1 2 5101 435 4896
1 2 4137 4896 340
1 2 5101 4896 4137
1 2 740 2072 3181
1 2 2072 435 5101
1 2 3181 5101 741
1 2 2072 5101 3181
1 2 173 3153 4669
1 2 3153 1285 2620
1 2 4669 2620 948
1 2 3153 2620 4669
1 2 1285 3432 2618
1 2 3432 340 3433
1 2 2618 3433 1142
1 2 3432 3433 2618
1 2 948 2619 4901
1 2 2619 1142 5105
1 2 4901 5105 82
1 2 2619 5105 4901
1 2 1285 2618 2620
1 2 2618 1142 2619
1 2 2620 2619 948
1 2 2618 2619 2620
1 2 144 2300 2302
1 2 2300 741 2301
1 2 2302 2301 1286
1 2 2300 2301 2302
1 2 741 4137 3956
1 2 4137 340 3432
1 2 3956 3432 1285
1 2 4137 3432 3956
1 2 1286 3152 3154
1 2 3152 1285 3153
1 2 3154 3153 173
1 2 3152 3153 3154
1 2 741 3956 2301
1 2 3956 1285 3152
1 2 2301 3152 1286
1 2 3956 3152 2301
1 2 88 1437 2937
1 2 1437 1024 4789
1 2 2937 4789 807
1 2 1437 4789 2937
1 2 1024 3149 4674
1 2 3149 193 4673
1 2 4674 4673 636
1 2 3149 4673 4674
1 2 807 4788 5073
1 2 4788 636 4525
1 2 5073 4525 195
1 2 4788 4525 5073
1 2 1024 4674 4789
1 2 4674 636 4788
1 2 4789 4788 807
1 2 4674 4788 4789
1 2 193 3828 4406
1 2 3828 1252 4405
1 2 4406 4405 634
1 2 3828 4405 4406
1 2 1252 1532 1916
1 2 1532 78 1915
1 2 1916 1915 792
1 2 1532 1915 1916
1 2 634 4259 4261
1 2 4259 792 4260
1 2 4261 4260 194
1 2 4259 4260 4261
1 2 1252 1916 4405
1 2 1916 792 4259
1 2 4405 4259 634
1 2 1916 4259 4405
1 2 195 3362 3364
1 2 3362 635 3363
1 2 3364 3363 813
1 2 3362 3363 3364
1 2 635 3994 3996
1 2 3994 194 3995
1 2 3996 3995 968
1 2 3994 3995 3996
1 2 813 4542 1873
1 2 4542 968 3792
1 2 1873 3792 77
1 2 4542 3792 1873
1 2 635 3996 3363
1 2 3996 968 4542
1 2 3363 4542 813
1 2 3996 4542 3363
1 2 193 4406 4673
1 2 4406 634 4140
1 2 4673 4140 636
1 2 4406 4140 4673
1 2 634 4261 4138
1 2 4261 194 3994
1 2 4138 3994 635
1 2 4261 3994 4138
1 2 636 4139 4525
1 2 4139 635 3362
1 2 4525 3362 195
1 2 4139 3362 4525
1 2 634 4138 4140
1 2 4138 635 4139
1 2 4140 4139 636
1 2 4138 4139 4140
1 2 90 1422 1424
1 2 1422 562 1423
1 2 1424 1423 564
1 2 1422 1423 1424
1 2 562 1459 4262
1 2 1459 269 4824
1 2 4262 4824 563
1 2 1459 4824 4262
1 2 564 1772 1774
1 2 1772 563 1773
1 2 1774 1773 227
1 2 1772 1773 1774
1 2 562 4262 1423
1 2 4262 563 1772
1 2 1423 1772 564
1 2 4262 1772 1423
1 2 269 3826 3827
1 2 3826 1212 2599
1 2 3827 2599 1214
1 2 3826 2599 3827
1 2 1212 1356 1358
1 2 1356 91 1357
1 2 1358 1357 1213
1 2 1356 1357 1358
1 2 1214 2598 4995
1 2 2598 1213 4400
1 2 4995 4400 313
1 2 2598 4400 4995
1 2 1212 1358 2599
1 2 1358 1213 2598
1 2 2599 2598 1214
1 2 1358 2598 2599
1 2 227 1779 2738
1 2 1779 1281 3046
1 2 2738 3046 989
1 2 1779 3046 2738
1 2 1281 3385 3044
1 2 3385 313 3386
1 2 3044 3386 1259
1 2 3385 3386 3044
1 2 989 3045 3629
1 2 3045 1259 3628
1 2 3629 3628 62
1 2 3045 3628 3629
1 2 1281 3044 3046
1 2 3044 1259 3045
1 2 3046 3045 989
1 2 3044 3045 3046
1 2 269 3827 4824
1 2 3827 1214 4823
1 2 4824 4823 563
1 2 3827 4823 4824
1 2 1214 4995 4997
1 2 4995 313 3385
1 2 4997 3385 1281
1 2 4995 3385 4997
1 2 563 1778 1773
1 2 1778 1281 1779
1 2 1773 1779 227
1 2 1778 1779 1773
1 2 1214 4997 4823
1 2 4997 1281 1778
1 2 4823 1778 563
1 2 4997 1778 4823
1 2 100 1618 3244
1 2 1618 1011 3247
1 2 3244 3247 474
1 2 1618 3247 3244
1 2 1011 2853 3214
1 2 2853 250 2281
1 2 3214 2281 1012
1 2 2853 2281 3214
1 2 474 3246 3643
1 2 3246 1012 2839
1 2 3643 2839 247
1 2 3246 2839 3643
1 2 1011 3214 3247
1 2 3214 1012 3246
1 2 3247 3246 474
1 2 3214 3246 3247
1 2 250 2856 2279
1 2 2856 617 4093
1 2 2279 4093 619
1 2 2856 4093 2279
1 2 617 3927 4958
1 2 3927 66 1637
1 2 4958 1637 618
1 2 3927 1637 4958
1 2 619 4033 4035
1 2 4033 618 4034
1 2 4035 4034 327
1 2 4033 4034 4035
1 2 617 4958 4093
1 2 4958 618 4033
1 2 4093 4033 619
1 2 4958 4033 4093
1 2 247 2838 4625
1 2 2838 416 2944
1 2 4625 2944 417
1 2 2838 2944 4625
1 2 416 4785 2943
1 2 4785 327 4649
1 2 2943 4649 404
1 2 4785 4649 2943
1 2 417 2125 2127
1 2 2125 404 2126
1 2 2127 2126 65
1 2 2125 2126 2127
1 2 416 2943 2944
1 2 2943 404 2125
1 2 2944 2125 417
1 2 2943 2125 2944
1 2 250 2279 2281
1 2 2279 619 2280
1 2 2281 2280 1012
1 2 2279 2280 2281
1 2 619 4035 4714
1 2 4035 327 4785
1 2 4714 4785 416
1 2 4035 4785 4714
1 2 1012 2837 2839
1 2 2837 416 2838
1 2 2839 2838 247
1 2 2837 2838 2839
1 2 619 4714 2280
1 2 4714 416 2837
1 2 2280 2837 1012
1 2 4714 2837 2280
1 2 93 4124 4441
1 2 4124 631 3638
1 2 4441 3638 539
1 2 4124 3638 4441
1 2 631 3265 3266
1 2 3265 119 2656
1 2 3266 2656 561
1 2 3265 2656 3266
1 2 539 3071 1761
1 2 3071 561 3072
1 2 1761 3072 318
1 2 3071 3072 1761
1 2 631 3266 3638
1 2 3266 561 3071
1 2 3638 3071 539
1 2 3266 3071 3638
1 2 119 2149 2151
1 2 2149 867 2150
1 2 2151 2150 559
1 2 2149 2150 2151
1 2 867 1676 2235
1 2 1676 94 2660
1 2 2235 2660 545
1 2 1676 2660 2235
1 2 559 2236 4980
1 2 2236 545 4776
1 2 4980 4776 153
1 2 2236 4776 4980
1 2 867 2235 2150
1 2 2235 545 2236
1 2 2150 2236 559
1 2 2235 2236 2150
1 2 318 2062 2064
1 2 2062 560 2063
1 2 2064 2063 818
1 2 2062 2063 2064
1 2 560 4486 4028
1 2 4486 153 4487
1 2 4028 4487 817
1 2 4486 4487 4028
1 2 818 2376 1864
1 2 2376 817 2377
1 2 1864 2377 68
1 2 2376 2377 1864
1 2 560 4028 2063
1 2 4028 817 2376
1 2 2063 2376 818
1 2 4028 2376 2063
1 2 119 2151 2656
1 2 2151 559 2655
1 2 2656 2655 561
1 2 2151 2655 2656
1 2 559 4980 4544
1 2 4980 153 4486
1 2 4544 4486 560
1 2 4980 4486 4544
1 2 561 4545 3072
1 2 4545 560 2062
1 2 3072 2062 318
1 2 4545 2062 3072
1 2 559 4544 2655
1 2 4544 560 4545
1 2 2655 4545 561
1 2 4544 4545 2655
1 2 69 1816 1817
1 2 1816 1156 1656
1 2 1817 1656 498
1 2 1816 1656 1817
1 2 1156 3482 1654
1 2 3482 298 3118
1 2 1654 3118 1171
1 2 3482 3118 1654
1 2 498 1655 3518
1 2 1655 1171 3517
1 2 3518 3517 259
1 2 1655 3517 3518
1 2 1156 1654 1656
1 2 1654 1171 1655
1 2 1656 1655 498
1 2 1654 1655 1656
1 2 298 2570 3116
1 2 2570 843 2603
1 2 3116 2603 845
1 2 2570 2603 3116
1 2 843 2451 2602
1 2 2451 55 2709
1 2 2602 2709 844
1 2 2451 2709 2602
1 2 845 1467 1469
1 2 1467 844 1468
1 2 1469 1468 241
1 2 1467 1468 1469
1 2 843 2602 2603
1 2 2602 844 1467
1 2 2603 1467 845
1 2 2602 1467 2603
1 2 259 4221 4628
1 2 4221 1170 4627
1 2 4628 4627 950
1 2 4221 4627 4628
1 2 1170 3468 3470
1 2 3468 241 3469
1 2 3470 3469 1192
1 2 3468 3469 3470
1 2 950 3107 3109
1 2 3107 1192 3108
1 2 3109 3108 70
1 2 3107 3108 3109
1 2 1170 3470 4627
1 2 3470 1192 3107
1 2 4627 3107 950
1 2 3470 3107 4627
1 2 298 3116 3118
1 2 3116 845 3117
1 2 3118 3117 1171
1 2 3116 3117 3118
1 2 845 1469 3493
1 2 1469 241 3468
1 2 3493 3468 1170
1 2 1469 3468 3493
1 2 1171 3494 3517
1 2 3494 1170 4221
1 2 3517 4221 259
1 2 3494 4221 3517
1 2 845 3493 3117
1 2 3493 1170 3494
1 2 3117 3494 1171
1 2 3493 3494 3117
1 2 99 3020 1495
1 2 3020 779 3021
1 2 1495 3021 643
1 2 3020 3021 1495
1 2 779 2491 2493
1 2 2491 297 2492
1 2 2493 2492 780
1 2 2491 2492 2493
1 2 643 4917 4135
1 2 4917 780 2978
1 2 4135 2978 206
1 2 4917 2978 4135
1 2 779 2493 3021
1 2 2493 780 4917
1 2 3021 4917 643
1 2 2493 4917 3021
1 2 297 2261 3632
1 2 2261 576 2819
1 2 3632 2819 1182
1 2 2261 2819 3632
1 2 576 3667 2818
1 2 3667 72 4212
1 2 2818 4212 1160
1 2 3667 4212 2818
1 2 1182 2814 2309
1 2 2814 1160 2815
1 2 2309 2815 128
1 2 2814 2815 2309
1 2 576 2818 2819
1 2 2818 1160 2814
1 2 2819 2814 1182
1 2 2818 2814 2819
1 2 206 2977 4101
1 2 2977 533 4100
1 2 4101 4100 534
1 2 2977 4100 4101
1 2 533 2310 4918
1 2 2310 128 5037
1 2 4918 5037 410
1 2 2310 5037 4918
1 2 534 4919 4508
1 2 4919 410 4546
1 2 4508 4546 71
1 2 4919 4546 4508
1 2 533 4918 4100
1 2 4918 410 4919
1 2 4100 4919 534
1 2 4918 4919 4100
1 2 297 3632 2492
1 2 3632 1182 3637
1 2 2492 3637 780
1 2 3632 3637 2492
1 2 1182 2309 2311
1 2 2309 128 2310
1 2 2311 2310 533
1 2 2309 2310 2311
1 2 780 2976 2978
1 2 2976 533 2977
1 2 2978 2977 206
1 2 2976 2977 2978
1 2 1182 2311 3637
1 2 2311 533 2976
1 2 3637 2976 780
1 2 2311 2976 3637
1 2 74 4203 2515
1 2 4203 769 2541
1 2 2515 2541 771
1 2 4203 2541 2515
1 2 769 3968 2539
1 2 3968 140 3874
1 2 2539 3874 770
1 2 3968 3874 2539
1 2 771 2540 3212
1 2 2540 770 3211
1 2 3212 3211 142
1 2 2540 3211 3212
1 2 769 2539 2541
1 2 2539 770 2540
1 2 2541 2540 771
1 2 2539 2540 2541
1 2 140 4165 3872
1 2 4165 1033 4166
1 2 3872 4166 1034
1 2 4165 4166 3872
1 2 1033 4217 4407
1 2 4217 96 2227
1 2 4407 2227 985
1 2 4217 2227 4407
1 2 1034 3799 3723
1 2 3799 985 2963
1 2 3723 2963 141
1 2 3799 2963 3723
1 2 1033 4407 4166
1 2 4407 985 3799
1 2 4166 3799 1034
1 2 4407 3799 4166
1 2 142 3014 2917
1 2 3014 958 3015
1 2 2917 3015 959
1 2 3014 3015 2917
1 2 958 3724 4273
1 2 3724 141 2478
1 2 4273 2478 581
1 2 3724 2478 4273
1 2 959 2805 2807
1 2 2805 581 2806
1 2 2807 2806 97
1 2 2805 2806 2807
1 2 958 4273 3015
1 2 4273 581 2805
1 2 3015 2805 959
1 2 4273 2805 3015
1 2 140 3872 3874
1 2 3872 1034 3873
1 2 3874 3873 770
1 2 3872 3873 3874
1 2 1034 3723 3725
1 2 3723 141 3724
1 2 3725 3724 958
1 2 3723 3724 3725
1 2 770 4948 3211
1 2 4948 958 3014
1 2 3211 3014 142
1 2 4948 3014 3211
1 2 1034 3725 3873
1 2 3725 958 4948
1 2 3873 4948 770
1 2 3725 4948 3873
1 2 79 1626 1628
1 2 1626 565 1627
1 2 1628 1627 389
1 2 1626 1627 1628
1 2 565 4011 1660
1 2 4011 162 4297
1 2 1660 4297 566
1 2 4011 4297 1660
1 2 389 1661 2841
1 2 1661 566 3361
1 2 2841 3361 278
1 2 1661 3361 2841
1 2 565 1660 1627
1 2 1660 566 1661
1 2 1627 1661 389
1 2 1660 1661 1627
1 2 162 1470 1472
1 2 1470 502 1471
1 2 1472 1471 504
1 2 1470 1471 1472
1 2 502 3444 2929
1 2 3444 101 1937
1 2 2929 1937 503
1 2 3444 1937 2929
1 2 504 2930 3856
1 2 2930 503 3855
1 2 3856 3855 200
1 2 2930 3855 3856
1 2 502 2929 1471
1 2 2929 503 2930
1 2 1471 2930 504
1 2 2929 2930 1471
1 2 278 3360 3631
1 2 3360 517 3630
1 2 3631 3630 454
1 2 3360 3630 3631
1 2 517 4185 4878
1 2 4185 200 4301
1 2 4878 4301 518
1 2 4185 4301 4878
1 2 454 4961 4814
1 2 4961 518 4778
1 2 4814 4778 80
1 2 4961 4778 4814
1 2 517 4878 3630
1 2 4878 518 4961
1 2 3630 4961 454
1 2 4878 4961 3630
1 2 162 1472 4297
1 2 1472 504 1331
1 2 4297 1331 566
1 2 1472 1331 4297
1 2 504 3856 1329
1 2 3856 200 4185
1 2 1329 4185 517
1 2 3856 4185 1329
1 2 566 1330 3361
1 2 1330 517 3360
1 2 3361 3360 278
1 2 1330 3360 3361
1 2 504 1329 1331
1 2 1329 517 1330
1 2 1331 1330 566
1 2 1329 1330 1331
1 2 51 4042 4043
1 2 4042 946 3447
1 2 4043 3447 947
1 2 4042 3447 4043
1 2 946 4062 3445
1 2 4062 268 4186
1 2 3445 4186 674
1 2 4062 4186 3445
1 2 947 3446 3331
1 2 3446 674 2523
1 2 3331 2523 253
1 2 3446 2523 3331
1 2 946 3445 3447
1 2 3445 674 3446
1 2 3447 3446 947
1 2 3445 3446 3447
1 2 268 2191 2192
1 2 2191 1287 1546
1 2 2192 1546 672
1 2 2191 1546 2192
1 2 1287 4252 1544
1 2 4252 91 1356
1 2 1544 1356 1212
1 2 4252 1356 1544
1 2 672 1545 4077
1 2 1545 1212 3826
1 2 4077 3826 269
1 2 1545 3826 4077
1 2 1287 1544 1546
1 2 1544 1212 1545
1 2 1546 1545 672
1 2 1544 1545 1546
1 2 253 2522 3757
1 2 2522 673 1771
1 2 3757 1771 737
1 2 2522 1771 3757
1 2 673 1458 1460
1 2 1458 269 1459
1 2 1460 1459 562
1 2 1458 1459 1460
1 2 737 1770 1976
1 2 1770 562 1422
1 2 1976 1422 90
1 2 1770 1422 1976
1 2 673 1460 1771
1 2 1460 562 1770
1 2 1771 1770 737
1 2 1460 1770 1771
1 2 268 2192 4186
1 2 2192 672 3325
1 2 4186 3325 674
1 2 2192 3325 4186
1 2 672 4077 3324
1 2 4077 269 1458
1 2 3324 1458 673
1 2 4077 1458 3324
1 2 674 2521 2523
1 2 2521 673 2522
1 2 2523 2522 253
1 2 2521 2522 2523
1 2 672 3324 3325
1 2 3324 673 2521
1 2 3325 2521 674
1 2 3324 2521 3325
1 2 55 2451 1378
1 2 2451 843 2452
1 2 1378 2452 1061
1 2 2451 2452 1378
1 2 843 2570 2571
1 2 2570 298 1523
1 2 2571 1523 842
1 2 2570 1523 2571
1 2 1061 3683 3685
1 2 3683 842 3684
1 2 3685 3684 137
1 2 3683 3684 3685
1 2 843 2571 2452
1 2 2571 842 3683
1 2 2452 3683 1061
1 2 2571 3683 2452
1 2 298 3482 1521
1 2 3482 1156 4044
1 2 1521 4044 840
1 2 3482 4044 1521
1 2 1156 1816 4954
1 2 1816 69 4833
1 2 4954 4833 1157
1 2 1816 4833 4954
1 2 840 1980 1982
1 2 1980 1157 1981
1 2 1982 1981 154
1 2 1980 1981 1982
1 2 1156 4954 4044
1 2 4954 1157 1980
1 2 4044 1980 840
1 2 4954 1980 4044
1 2 137 3573 3574
1 2 3573 841 2705
1 2 3574 2705 977
1 2 3573 2705 3574
1 2 841 1503 1505
1 2 1503 154 1504
1 2 1505 1504 546
1 2 1503 1504 1505
1 2 977 2704 3409
1 2 2704 546 3845
1 2 3409 3845 94
1 2 2704 3845 3409
1 2 841 1505 2705
1 2 1505 546 2704
1 2 2705 2704 977
1 2 1505 2704 2705
1 2 298 1521 1523
1 2 1521 840 1522
1 2 1523 1522 842
1 2 1521 1522 1523
1 2 840 1982 2463
1 2 1982 154 1503
1 2 2463 1503 841
1 2 1982 1503 2463
1 2 842 4668 3684
1 2 4668 841 3573
1 2 3684 3573 137
1 2 4668 3573 3684
1 2 840 2463 1522
1 2 2463 841 4668
1 2 1522 4668 842
1 2 2463 4668 1522
1 2 98 3387 3388
1 2 3387 719 3188
1 2 3388 3188 551
1 2 3387 3188 3388
1 2 719 4717 3187
1 2 4717 123 4718
1 2 3187 4718 1003
1 2 4717 4718 3187
1 2 551 2880 2882
1 2 2880 1003 2881
1 2 2882 2881 163
1 2 2880 2881 2882
1 2 719 3187 3188
1 2 3187 1003 2880
1 2 3188 2880 551
1 2 3187 2880 3188
1 2 123 2710 2712
1 2 2710 782 2711
1 2 2712 2711 1293
1 2 2710 2711 2712
1 2 782 4858 4343
1 2 4858 101 3444
1 2 4343 3444 502
1 2 4858 3444 4343
1 2 1293 2160 2161
1 2 2160 502 1470
1 2 2161 1470 162
1 2 2160 1470 2161
1 2 782 4343 2711
1 2 4343 502 2160
1 2 2711 2160 1293
1 2 4343 2160 2711
1 2 163 3084 3346
1 2 3084 991 3436
1 2 3346 3436 992
1 2 3084 3436 3346
1 2 991 3851 4012
1 2 3851 162 4011
1 2 4012 4011 565
1 2 3851 4011 4012
1 2 992 3309 3310
1 2 3309 565 1626
1 2 3310 1626 79
1 2 3309 1626 3310
1 2 991 4012 3436
1 2 4012 565 3309
1 2 3436 3309 992
1 2 4012 3309 3436
1 2 123 2712 4718
1 2 2712 1293 4983
1 2 4718 4983 1003
1 2 2712 4983 4718
1 2 1293 2161 3852
1 2 2161 162 3851
1 2 3852 3851 991
1 2 2161 3851 3852
1 2 1003 3083 2881
1 2 3083 991 3084
1 2 2881 3084 163
1 2 3083 3084 2881
1 2 1293 3852 4983
1 2 3852 991 3083
1 2 4983 3083 1003
1 2 3852 3083 4983
1 2 82 3136 2342
1 2 3136 1141 3137
1 2 2342 3137 722
1 2 3136 3137 2342
1 2 1141 4045 4046
1 2 4045 307 1997
1 2 4046 1997 879
1 2 4045 1997 4046
1 2 722 4790 3022
1 2 4790 879 4924
1 2 3022 4924 308
1 2 4790 4924 3022
1 2 1141 4046 3137
1 2 4046 879 4790
1 2 3137 4790 722
1 2 4046 4790 3137
1 2 307 1831 1995
1 2 1831 378 2308
1 2 1995 2308 380
1 2 1831 2308 1995
1 2 378 4737 4738
1 2 4737 50 3376
1 2 4738 3376 379
1 2 4737 3376 4738
1 2 380 3350 3351
1 2 3350 379 2190
1 2 3351 2190 169
1 2 3350 2190 3351
1 2 378 4738 2308
1 2 4738 379 3350
1 2 2308 3350 380
1 2 4738 3350 2308
1 2 308 4923 4873
1 2 4923 878 4856
1 2 4873 4856 1324
1 2 4923 4856 4873
1 2 878 2171 2173
1 2 2171 169 2172
1 2 2173 2172 665
1 2 2171 2172 2173
1 2 1324 4855 1465
1 2 4855 665 4559
1 2 1465 4559 59
1 2 4855 4559 1465
1 2 878 2173 4856
1 2 2173 665 4855
1 2 4856 4855 1324
1 2 2173 4855 4856
1 2 307 1995 1997
1 2 1995 380 1996
1 2 1997 1996 879
1 2 1995 1996 1997
1 2 380 3351 3673
1 2 3351 169 2171
1 2 3673 2171 878
1 2 3351 2171 3673
1 2 879 4922 4924
1 2 4922 878 4923
1 2 4924 4923 308
1 2 4922 4923 4924
1 2 380 3673 1996
1 2 3673 878 4922
1 2 1996 4922 879
1 2 3673 4922 1996
1 2 49 1808 2465
1 2 1808 1069 2464
1 2 2465 2464 1113
1 2 1808 2464 2465
1 2 1069 3352 3353
1 2 3352 199 1941
1 2 3353 1941 850
1 2 3352 1941 3353
1 2 1113 4121 2387
1 2 4121 850 4122
1 2 2387 4122 156
1 2 4121 4122 2387
1 2 1069 3353 2464
1 2 3353 850 4121
1 2 2464 4121 1113
1 2 3353 4121 2464
1 2 199 3406 1939
1 2 3406 895 2197
1 2 1939 2197 849
1 2 3406 2197 1939
1 2 895 1669 2195
1 2 1669 80 4778
1 2 2195 4778 518
1 2 1669 4778 2195
1 2 849 2196 4302
1 2 2196 518 4301
1 2 4302 4301 200
1 2 2196 4301 4302
1 2 895 2195 2197
1 2 2195 518 2196
1 2 2197 2196 849
1 2 2195 2196 2197
1 2 156 3156 3157
1 2 3156 675 2601
1 2 3157 2601 676
1 2 3156 2601 3157
1 2 675 4677 2600
1 2 4677 200 3855
1 2 2600 3855 503
1 2 4677 3855 2600
1 2 676 1936 1938
1 2 1936 503 1937
1 2 1938 1937 101
1 2 1936 1937 1938
1 2 675 2600 2601
1 2 2600 503 1936
1 2 2601 1936 676
1 2 2600 1936 2601
1 2 199 1939 1941
1 2 1939 849 1940
1 2 1941 1940 850
1 2 1939 1940 1941
1 2 849 4302 2329
1 2 4302 200 4677
1 2 2329 4677 675
1 2 4302 4677 2329
1 2 850 2330 4122
1 2 2330 675 3156
1 2 4122 3156 156
1 2 2330 3156 4122
1 2 849 2329 1940
1 2 2329 675 2330
1 2 1940 2330 850
1 2 2329 2330 1940
1 2 58 2426 2053
1 2 2426 1092 4804
1 2 2053 4804 1094
1 2 2426 4804 2053
1 2 1092 4029 4031
1 2 4029 122 4030
1 2 4031 4030 1093
1 2 4029 4030 4031
1 2 1094 3495 3308
1 2 3495 1093 3496
1 2 3308 3496 124
1 2 3495 3496 3308
1 2 1092 4031 4804
1 2 4031 1093 3495
1 2 4804 3495 1094
1 2 4031 3495 4804
1 2 122 1692 1694
1 2 1692 781 1693
1 2 1694 1693 783
1 2 1692 1693 1694
1 2 781 4819 4843
1 2 4819 101 4858
1 2 4843 4858 782
1 2 4819 4858 4843
1 2 783 3270 3271
1 2 3270 782 2710
1 2 3271 2710 123
1 2 3270 2710 3271
1 2 781 4843 1693
1 2 4843 782 3270
1 2 1693 3270 783
1 2 4843 3270 1693
1 2 124 2222 2224
1 2 2222 718 2223
1 2 2224 2223 720
1 2 2222 2223 2224
1 2 718 4527 4936
1 2 4527 123 4717
1 2 4936 4717 719
1 2 4527 4717 4936
1 2 720 3795 3796
1 2 3795 719 3387
1 2 3796 3387 98
1 2 3795 3387 3796
1 2 718 4936 2223
1 2 4936 719 3795
1 2 2223 3795 720
1 2 4936 3795 2223
1 2 122 1694 4030
1 2 1694 783 2960
1 2 4030 2960 1093
1 2 1694 2960 4030
1 2 783 3271 2958
1 2 3271 123 4527
1 2 2958 4527 718
1 2 3271 4527 2958
1 2 1093 2959 3496
1 2 2959 718 2222
1 2 3496 2222 124
1 2 2959 2222 3496
1 2 783 2958 2960
1 2 2958 718 2959
1 2 2960 2959 1093
1 2 2958 2959 2960
1 2 85 1338 1340
1 2 1338 1055 1339
1 2 1340 1339 1131
1 2 1338 1339 1340
1 2 1055 1344 4528
1 2 1344 136 4921
1 2 4528 4921 1130
1 2 1344 4921 4528
1 2 1131 4529 3016
1 2 4529 1130 4515
1 2 3016 4515 118
1 2 4529 4515 3016
1 2 1055 4528 1339
1 2 4528 1130 4529
1 2 1339 4529 1131
1 2 4528 4529 1339
1 2 136 2746 2747
1 2 2746 439 2534
1 2 2747 2534 1129
1 2 2746 2534 2747
1 2 439 1377 1379
1 2 1377 55 1378
1 2 1379 1378 1061
1 2 1377 1378 1379
1 2 1129 2533 4851
1 2 2533 1061 3685
1 2 4851 3685 137
1 2 2533 3685 4851
1 2 439 1379 2534
1 2 1379 1061 2533
1 2 2534 2533 1129
1 2 1379 2533 2534
1 2 118 1878 1880
1 2 1878 976 1879
1 2 1880 1879 866
1 2 1878 1879 1880
1 2 976 4847 4807
1 2 4847 137 3574
1 2 4807 3574 977
1 2 4847 3574 4807
1 2 866 3408 1675
1 2 3408 977 3409
1 2 1675 3409 94
1 2 3408 3409 1675
1 2 976 4807 1879
1 2 4807 977 3408
1 2 1879 3408 866
1 2 4807 3408 1879
1 2 136 2747 4921
1 2 2747 1129 4920
1 2 4921 4920 1130
1 2 2747 4920 4921
1 2 1129 4851 5019
1 2 4851 137 4847
1 2 5019 4847 976
1 2 4851 4847 5019
1 2 1130 4514 4515
1 2 4514 976 1878
1 2 4515 1878 118
1 2 4514 1878 4515
1 2 1129 5019 4920
1 2 5019 976 4514
1 2 4920 4514 1130
1 2 5019 4514 4920
1 2 58 2424 2426
1 2 2424 1218 2425
1 2 2426 2425 1092
1 2 2424 2425 2426
1 2 1218 4548 4592
1 2 4548 155 4633
1 2 4592 4633 1163
1 2 4548 4633 4592
1 2 1092 4593 4029
1 2 4593 1163 4281
1 2 4029 4281 122
1 2 4593 4281 4029
1 2 1218 4592 2425
1 2 4592 1163 4593
1 2 2425 4593 1092
1 2 4592 4593 2425
1 2 155 1862 4631
1 2 1862 915 4577
1 2 4631 4577 1161
1 2 1862 4577 4631
1 2 915 2628 4576
1 2 2628 49 2465
1 2 4576 2465 1113
1 2 2628 2465 4576
1 2 1161 2386 2388
1 2 2386 1113 2387
1 2 2388 2387 156
1 2 2386 2387 2388
1 2 915 4576 4577
1 2 4576 1113 2386
1 2 4577 2386 1161
1 2 4576 2386 4577
1 2 122 4280 1692
1 2 4280 1162 4265
1 2 1692 4265 781
1 2 4280 4265 1692
1 2 1162 3234 4263
1 2 3234 156 3157
1 2 4263 3157 676
1 2 3234 3157 4263
1 2 781 4264 4819
1 2 4264 676 1938
1 2 4819 1938 101
1 2 4264 1938 4819
1 2 1162 4263 4265
1 2 4263 676 4264
1 2 4265 4264 781
1 2 4263 4264 4265
1 2 155 4631 4633
1 2 4631 1161 4632
1 2 4633 4632 1163
1 2 4631 4632 4633
1 2 1161 2388 3235
1 2 2388 156 3234
1 2 3235 3234 1162
1 2 2388 3234 3235
1 2 1163 4279 4281
1 2 4279 1162 4280
1 2 4281 4280 122
1 2 4279 4280 4281
1 2 1161 3235 4632
1 2 3235 1162 4279
1 2 4632 4279 1163
1 2 3235 4279 4632
1 2 86 2382 3987
1 2 2382 381 1700
1 2 3987 1700 383
1 2 2382 1700 3987
1 2 381 4977 1698
1 2 4977 182 3369
1 2 1698 3369 382
1 2 4977 3369 1698
1 2 383 1699 1898
1 2 1699 382 3695
1 2 1898 3695 184
1 2 1699 3695 1898
1 2 381 1698 1700
1 2 1698 382 1699
1 2 1700 1699 383
1 2 1698 1699 1700
1 2 182 1739 3368
1 2 1739 418 3288
1 2 3368 3288 420
1 2 1739 3288 3368
1 2 418 2331 2333
1 2 2331 95 2332
1 2 2333 2332 419
1 2 2331 2332 2333
1 2 420 3287 4006
1 2 3287 419 4446
1 2 4006 4446 183
1 2 3287 4446 4006
1 2 418 2333 3288
1 2 2333 419 3287
1 2 3288 3287 420
1 2 2333 3287 3288
1 2 184 3694 3557
1 2 3694 742 5076
1 2 3557 5076 739
1 2 3694 5076 3557
1 2 742 4007 5074
1 2 4007 183 4370
1 2 5074 4370 743
1 2 4007 4370 5074
1 2 739 5075 3242
1 2 5075 743 3882
1 2 3242 3882 99
1 2 5075 3882 3242
1 2 742 5074 5076
1 2 5074 743 5075
1 2 5076 5075 739
1 2 5074 5075 5076
1 2 182 3368 3369
1 2 3368 420 1703
1 2 3369 1703 382
1 2 3368 1703 3369
1 2 420 4006 1701
1 2 4006 183 4007
1 2 1701 4007 742
1 2 4006 4007 1701
1 2 382 1702 3695
1 2 1702 742 3694
1 2 3695 3694 184
1 2 1702 3694 3695
1 2 420 1701 1703
1 2 1701 742 1702
1 2 1703 1702 382
1 2 1701 1702 1703
1 2 96 2225 2227
1 2 2225 984 2226
1 2 2227 2226 985
1 2 2225 2226 2227
1 2 984 3750 3590
1 2 3750 202 3880
1 2 3590 3880 803
1 2 3750 3880 3590
1 2 985 2961 2963
1 2 2961 803 2962
1 2 2963 2962 141
1 2 2961 2962 2963
1 2 984 3590 2226
1 2 3590 803 2961
1 2 2226 2961 985
1 2 3590 2961 2226
1 2 202 1793 2337
1 2 1793 1037 2336
1 2 2337 2336 802
1 2 1793 2336 2337
1 2 1037 4448 4750
1 2 4448 87 4342
1 2 4750 4342 641
1 2 4448 4342 4750
1 2 802 3674 3676
1 2 3674 641 3675
1 2 3676 3675 181
1 2 3674 3675 3676
1 2 1037 4750 2336
1 2 4750 641 3674
1 2 2336 3674 802
1 2 4750 3674 2336
1 2 141 2476 2478
1 2 2476 579 2477
1 2 2478 2477 581
1 2 2476 2477 2478
1 2 579 3041 3043
1 2 3041 181 3042
1 2 3043 3042 580
1 2 3041 3042 3043
1 2 581 4112 2806
1 2 4112 580 4113
1 2 2806 4113 97
1 2 4112 4113 2806
1 2 579 3043 2477
1 2 3043 580 4112
1 2 2477 4112 581
1 2 3043 4112 2477
1 2 202 2337 3880
1 2 2337 802 3879
1 2 3880 3879 803
1 2 2337 3879 3880
1 2 802 3676 4899
1 2 3676 181 3041
1 2 4899 3041 579
1 2 3676 3041 4899
1 2 803 4208 2962
1 2 4208 579 2476
1 2 2962 2476 141
1 2 4208 2476 2962
1 2 802 4899 3879
1 2 4899 579 4208
1 2 3879 4208 803
1 2 4899 4208 3879
1 2 93 1949 4124
1 2 1949 1238 4123
1 2 4124 4123 631
1 2 1949 4123 4124
1 2 1238 3237 4743
1 2 3237 117 4256
1 2 4743 4256 799
1 2 3237 4256 4743
1 2 631 4219 3265
1 2 4219 799 3098
1 2 3265 3098 119
1 2 4219 3098 3265
1 2 1238 4743 4123
1 2 4743 799 4219
1 2 4123 4219 631
1 2 4743 4219 4123
1 2 117 1516 4255
1 2 1516 1076 2252
1 2 4255 2252 797
1 2 1516 2252 4255
1 2 1076 4754 2250
1 2 4754 85 1340
1 2 2250 1340 1131
1 2 4754 1340 2250
1 2 797 2251 3017
1 2 2251 1131 3016
1 2 3017 3016 118
1 2 2251 3016 3017
1 2 1076 2250 2252
1 2 2250 1131 2251
1 2 2252 2251 797
1 2 2250 2251 2252
1 2 119 3097 2149
1 2 3097 798 3729
1 2 2149 3729 867
1 2 3097 3729 2149
1 2 798 3348 3349
1 2 3348 118 1880
1 2 3349 1880 866
1 2 3348 1880 3349
1 2 867 1674 1676
1 2 1674 866 1675
1 2 1676 1675 94
1 2 1674 1675 1676
1 2 798 3349 3729
1 2 3349 866 1674
1 2 3729 1674 867
1 2 3349 1674 3729
1 2 117 4255 4256
1 2 4255 797 2588
1 2 4256 2588 799
1 2 4255 2588 4256
1 2 797 3017 2586
1 2 3017 118 3348
1 2 2586 3348 798
1 2 3017 3348 2586
1 2 799 2587 3098
1 2 2587 798 3097
1 2 3098 3097 119
1 2 2587 3097 3098
1 2 797 2586 2588
1 2 2586 798 2587
1 2 2588 2587 799
1 2 2586 2587 2588
1 2 54 3204 4474
1 2 3204 1300 3672
1 2 4474 3672 421
1 2 3204 3672 4474
1 2 1300 2555 3670
1 2 2555 120 4551
1 2 3670 4551 762
1 2 2555 4551 3670
1 2 421 3671 3311
1 2 3671 762 4305
1 2 3311 4305 121
1 2 3671 4305 3311
1 2 1300 3670 3672
1 2 3670 762 3671
1 2 3672 3671 421
1 2 3670 3671 3672
1 2 120 4494 4549
1 2 4494 1075 4595
1 2 4549 4595 760
1 2 4494 4595 4549
1 2 1075 4289 4594
1 2 4289 85 4754
1 2 4594 4754 1076
1 2 4289 4754 4594
1 2 760 1515 1517
1 2 1515 1076 1516
1 2 1517 1516 117
1 2 1515 1516 1517
1 2 1075 4594 4595
1 2 4594 1076 1515
1 2 4595 1515 760
1 2 4594 1515 4595
1 2 121 4304 4063
1 2 4304 761 4391
1 2 4063 4391 1139
1 2 4304 4391 4063
1 2 761 3236 3238
1 2 3236 117 3237
1 2 3238 3237 1238
1 2 3236 3237 3238
1 2 1139 1948 1950
1 2 1948 1238 1949
1 2 1950 1949 93
1 2 1948 1949 1950
1 2 761 3238 4391
1 2 3238 1238 1948
1 2 4391 1948 1139
1 2 3238 1948 4391
1 2 120 4549 4551
1 2 4549 760 4550
1 2 4551 4550 762
1 2 4549 4550 4551
1 2 760 1517 4346
1 2 1517 117 3236
1 2 4346 3236 761
1 2 1517 3236 4346
1 2 762 4303 4305
1 2 4303 761 4304
1 2 4305 4304 121
1 2 4303 4304 4305
1 2 760 4346 4550
1 2 4346 761 4303
1 2 4550 4303 762
1 2 4346 4303 4550
1 2 57 2699 3762
1 2 2699 938 3761
1 2 3762 3761 376
1 2 2699 3761 3762
1 2 938 2176 3599
1 2 2176 221 1841
1 2 3599 1841 1002
1 2 2176 1841 3599
1 2 376 3911 2123
1 2 3911 1002 3912
1 2 2123 3912 180
1 2 3911 3912 2123
1 2 938 3599 3761
1 2 3599 1002 3911
1 2 3761 3911 376
1 2 3599 3911 3761
1 2 221 4450 1839
1 2 4450 753 4696
1 2 1839 4696 755
1 2 4450 4696 1839
1 2 753 3457 3521
1 2 3457 75 3509
1 2 3521 3509 754
1 2 3457 3509 3521
1 2 755 3485 2282
1 2 3485 754 1893
1 2 2282 1893 222
1 2 3485 1893 2282
1 2 753 3521 4696
1 2 3521 754 3485
1 2 4696 3485 755
1 2 3521 3485 4696
1 2 180 3913 3914
1 2 3913 461 1433
1 2 3914 1433 463
1 2 3913 1433 3914
1 2 461 2283 1431
1 2 2283 222 2277
1 2 1431 2277 462
1 2 2283 2277 1431
1 2 463 1432 1712
1 2 1432 462 1711
1 2 1712 1711 97
1 2 1432 1711 1712
1 2 461 1431 1433
1 2 1431 462 1432
1 2 1433 1432 463
1 2 1431 1432 1433
1 2 221 1839 1841
1 2 1839 755 1840
1 2 1841 1840 1002
1 2 1839 1840 1841
1 2 755 2282 2284
1 2 2282 222 2283
1 2 2284 2283 461
1 2 2282 2283 2284
1 2 1002 4484 3912
1 2 4484 461 3913
1 2 3912 3913 180
1 2 4484 3913 3912
1 2 755 2284 1840
1 2 2284 461 4484
1 2 1840 4484 1002
1 2 2284 4484 1840
1 2 56 4650 4652
1 2 4650 384 4651
1 2 4652 4651 386
1 2 4650 4651 4652
1 2 384 2702 2703
1 2 2702 203 1710
1 2 2703 1710 385
1 2 2702 1710 2703
1 2 386 4797 2183
1 2 4797 385 4739
1 2 2183 4739 192
1 2 4797 4739 2183
1 2 384 2703 4651
1 2 2703 385 4797
1 2 4651 4797 386
1 2 2703 4797 4651
1 2 203 2561 1709
1 2 2561 1193 2107
1 2 1709 2107 1254
1 2 2561 2107 1709
1 2 1193 5017 2105
1 2 5017 96 4069
1 2 2105 4069 667
1 2 5017 4069 2105
1 2 1254 2106 4471
1 2 2106 667 2138
1 2 4471 2138 204
1 2 2106 2138 4471
1 2 1193 2105 2107
1 2 2105 667 2106
1 2 2107 2106 1254
1 2 2105 2106 2107
1 2 192 3092 3094
1 2 3092 1255 3093
1 2 3094 3093 1215
1 2 3092 3093 3094
1 2 1255 4473 3969
1 2 4473 204 4191
1 2 3969 4191 1251
1 2 4473 4191 3969
1 2 1215 2865 2867
1 2 2865 1251 2866
1 2 2867 2866 95
1 2 2865 2866 2867
1 2 1255 3969 3093
1 2 3969 1251 2865
1 2 3093 2865 1215
1 2 3969 2865 3093
1 2 203 1709 1710
1 2 1709 1254 1415
1 2 1710 1415 385
1 2 1709 1415 1710
1 2 1254 4471 1413
1 2 4471 204 4473
1 2 1413 4473 1255
1 2 4471 4473 1413
1 2 385 1414 4739
1 2 1414 1255 3092
1 2 4739 3092 192
1 2 1414 3092 4739
1 2 1254 1413 1415
1 2 1413 1255 1414
1 2 1415 1414 385
1 2 1413 1414 1415
1 2 56 4769 4650
1 2 4769 1025 2773
1 2 4650 2773 384
1 2 4769 2773 4650
1 2 1025 3965 2771
1 2 3965 225 4025
1 2 2771 4025 1026
1 2 3965 4025 2771
1 2 384 2772 2702
1 2 2772 1026 5064
1 2 2702 5064 203
1 2 2772 5064 2702
1 2 1025 2771 2773
1 2 2771 1026 2772
1 2 2773 2772 384
1 2 2771 2772 2773
1 2 225 4846 4791
1 2 4846 1233 5107
1 2 4791 5107 1046
1 2 4846 5107 4791
1 2 1233 4447 4449
1 2 4447 87 4448
1 2 4449 4448 1037
1 2 4447 4448 4449
1 2 1046 1792 1794
1 2 1792 1037 1793
1 2 1794 1793 202
1 2 1792 1793 1794
1 2 1233 4449 5107
1 2 4449 1037 1792
1 2 5107 1792 1046
1 2 4449 1792 5107
1 2 203 4475 2561
1 2 4475 1047 3933
1 2 2561 3933 1193
1 2 4475 3933 2561
1 2 1047 3749 3751
1 2 3749 202 3750
1 2 3751 3750 984
1 2 3749 3750 3751
1 2 1193 3932 5017
1 2 3932 984 2225
1 2 5017 2225 96
1 2 3932 2225 5017
1 2 1047 3751 3933
1 2 3751 984 3932
1 2 3933 3932 1193
1 2 3751 3932 3933
1 2 225 4791 4025
1 2 4791 1046 4276
1 2 4025 4276 1026
1 2 4791 4276 4025
1 2 1046 1794 4274
1 2 1794 202 3749
1 2 4274 3749 1047
1 2 1794 3749 4274
1 2 1026 4275 5064
1 2 4275 1047 4475
1 2 5064 4475 203
1 2 4275 4475 5064
1 2 1046 4274 4276
1 2 4274 1047 4275
1 2 4276 4275 1026
1 2 4274 4275 4276
1 2 64 4993 4664
1 2 4993 360 3155
1 2 4664 3155 362
1 2 4993 3155 4664
1 2 360 2777 2778
1 2 2777 114 2164
1 2 2778 2164 361
1 2 2777 2164 2778
1 2 362 2933 2935
1 2 2933 361 2934
1 2 2935 2934 116
1 2 2933 2934 2935
1 2 360 2778 3155
1 2 2778 361 2933
1 2 3155 2933 362
1 2 2778 2933 3155
1 2 114 3326 2162
1 2 3326 1201 4503
1 2 2162 4503 1202
1 2 3326 4503 2162
1 2 1201 1371 1373
1 2 1371 53 1372
1 2 1373 1372 1062
1 2 1371 1372 1373
1 2 1202 4022 4024
1 2 4022 1062 4023
1 2 4024 4023 115
1 2 4022 4023 4024
1 2 1201 1373 4503
1 2 1373 1062 4022
1 2 4503 4022 1202
1 2 1373 4022 4503
1 2 116 3847 3624
1 2 3847 1204 3981
1 2 3624 3981 473
1 2 3847 3981 3624
1 2 1204 5067 4554
1 2 5067 115 2067
1 2 4554 2067 1237
1 2 5067 2067 4554
1 2 473 4555 3243
1 2 4555 1237 2877
1 2 3243 2877 100
1 2 4555 2877 3243
1 2 1204 4554 3981
1 2 4554 1237 4555
1 2 3981 4555 473
1 2 4554 4555 3981
1 2 114 2162 2164
1 2 2162 1202 2163
1 2 2164 2163 361
1 2 2162 2163 2164
1 2 1202 4024 4690
1 2 4024 115 5067
1 2 4690 5067 1204
1 2 4024 5067 4690
1 2 361 3846 2934
1 2 3846 1204 3847
1 2 2934 3847 116
1 2 3846 3847 2934
1 2 1202 4690 2163
1 2 4690 1204 3846
1 2 2163 3846 361
1 2 4690 3846 2163
1 2 53 4131 4132
1 2 4131 625 1927
1 2 4132 1927 759
1 2 4131 1927 4132
1 2 625 2748 1925
1 2 2748 185 2749
1 2 1925 2749 758
1 2 2748 2749 1925
1 2 759 1926 3689
1 2 1926 758 4613
1 2 3689 4613 187
1 2 1926 4613 3689
1 2 625 1925 1927
1 2 1925 758 1926
1 2 1927 1926 759
1 2 1925 1926 1927
1 2 185 2592 2594
1 2 2592 1030 2593
1 2 2594 2593 1274
1 2 2592 2593 2594
1 2 1030 2696 2698
1 2 2696 54 2697
1 2 2698 2697 423
1 2 2696 2697 2698
1 2 1274 4755 5117
1 2 4755 423 3131
1 2 5117 3131 186
1 2 4755 3131 5117
1 2 1030 2698 2593
1 2 2698 423 4755
1 2 2593 4755 1274
1 2 2698 4755 2593
1 2 187 4612 2404
1 2 4612 1114 3449
1 2 2404 3449 519
1 2 4612 3449 2404
1 2 1114 3779 3448
1 2 3779 186 3780
1 2 3448 3780 1042
1 2 3779 3780 3448
1 2 519 1332 1334
1 2 1332 1042 1333
1 2 1334 1333 92
1 2 1332 1333 1334
1 2 1114 3448 3449
1 2 3448 1042 1332
1 2 3449 1332 519
1 2 3448 1332 3449
1 2 185 2594 2749
1 2 2594 1274 4679
1 2 2749 4679 758
1 2 2594 4679 2749
1 2 1274 5117 4678
1 2 5117 186 3779
1 2 4678 3779 1114
1 2 5117 3779 4678
1 2 758 4611 4613
1 2 4611 1114 4612
1 2 4613 4612 187
1 2 4611 4612 4613
1 2 1274 4678 4679
1 2 4678 1114 4611
1 2 4679 4611 758
1 2 4678 4611 4679
1 2 75 3457 3459
1 2 3457 753 3458
1 2 3459 3458 920
1 2 3457 3458 3459
1 2 753 4450 4451
1 2 4450 221 4440
1 2 4451 4440 1128
1 2 4450 4440 4451
1 2 920 4097 4099
1 2 4097 1128 4098
1 2 4099 4098 110
1 2 4097 4098 4099
1 2 753 4451 3458
1 2 4451 1128 4097
1 2 3458 4097 920
1 2 4451 4097 3458
1 2 221 2176 2178
1 2 2176 938 2177
1 2 2178 2177 939
1 2 2176 2177 2178
1 2 938 2699 2701
1 2 2699 57 2700
1 2 2701 2700 616
1 2 2699 2700 2701
1 2 939 3633 3165
1 2 3633 616 2070
1 2 3165 2070 251
1 2 3633 2070 3165
1 2 938 2701 2177
1 2 2701 616 3633
1 2 2177 3633 939
1 2 2701 3633 2177
1 2 110 3460 2824
1 2 3460 464 1647
1 2 2824 1647 466
1 2 3460 1647 2824
1 2 464 3119 1645
1 2 3119 251 3120
1 2 1645 3120 465
1 2 3119 3120 1645
1 2 466 1646 4013
1 2 1646 465 3967
1 2 4013 3967 76
1 2 1646 3967 4013
1 2 464 1645 1647
1 2 1645 465 1646
1 2 1647 1646 466
1 2 1645 1646 1647
1 2 221 2178 4440
1 2 2178 939 4439
1 2 4440 4439 1128
1 2 2178 4439 4440
1 2 939 3165 3166
1 2 3165 251 3119
1 2 3166 3119 464
1 2 3165 3119 3166
1 2 1128 4796 4098
1 2 4796 464 3460
1 2 4098 3460 110
1 2 4796 3460 4098
1 2 939 3166 4439
1 2 3166 464 4796
1 2 4439 4796 1128
1 2 3166 4796 4439
1 2 54 4474 2697
1 2 4474 421 2623
1 2 2697 2623 423
1 2 4474 2623 2697
1 2 421 3311 2621
1 2 3311 121 2975
1 2 2621 2975 422
1 2 3311 2975 2621
1 2 423 2622 3131
1 2 2622 422 3130
1 2 3131 3130 186
1 2 2622 3130 3131
1 2 421 2621 2623
1 2 2621 422 2622
1 2 2623 2622 423
1 2 2621 2622 2623
1 2 121 4063 2973
1 2 4063 1139 4064
1 2 2973 4064 1140
1 2 4063 4064 2973
1 2 1139 1950 3961
1 2 1950 93 2273
1 2 3961 2273 558
1 2 1950 2273 3961
1 2 1140 4080 2984
1 2 4080 558 4081
1 2 2984 4081 237
1 2 4080 4081 2984
1 2 1139 3961 4064
1 2 3961 558 4080
1 2 4064 4080 1140
1 2 3961 4080 4064
1 2 186 3219 3780
1 2 3219 1041 4313
1 2 3780 4313 1042
1 2 3219 4313 3780
1 2 1041 2985 4312
1 2 2985 237 4802
1 2 4312 4802 414
1 2 2985 4802 4312
1 2 1042 1524 1333
1 2 1524 414 1525
1 2 1333 1525 92
1 2 1524 1525 1333
1 2 1041 4312 4313
1 2 4312 414 1524
1 2 4313 1524 1042
1 2 4312 1524 4313
1 2 121 2973 2975
1 2 2973 1140 2974
1 2 2975 2974 422
1 2 2973 2974 2975
1 2 1140 2984 2986
1 2 2984 237 2985
1 2 2986 2985 1041
1 2 2984 2985 2986
1 2 422 3218 3130
1 2 3218 1041 3219
1 2 3130 3219 186
1 2 3218 3219 3130
1 2 1140 2986 2974
1 2 2986 1041 3218
1 2 2974 3218 422
1 2 2986 3218 2974
1 2 50 2808 3374
1 2 2808 1064 3466
1 2 3374 3466 1243
1 2 2808 3466 3374
1 2 1064 2605 2607
1 2 2605 316 2606
1 2 2607 2606 891
1 2 2605 2606 2607
1 2 1243 2635 2637
1 2 2635 891 2636
1 2 2637 2636 167
1 2 2635 2636 2637
1 2 1064 2607 3466
1 2 2607 891 2635
1 2 3466 2635 1243
1 2 2607 2635 3466
1 2 316 3867 3868
1 2 3867 1085 1436
1 2 3868 1436 889
1 2 3867 1436 3868
1 2 1085 2625 1434
1 2 2625 84 2626
1 2 1434 2626 1086
1 2 2625 2626 1434
1 2 889 1435 3915
1 2 1435 1086 1391
1 2 3915 1391 317
1 2 1435 1391 3915
1 2 1085 1434 1436
1 2 1434 1086 1435
1 2 1436 1435 889
1 2 1434 1435 1436
1 2 167 4429 4435
1 2 4429 890 3993
1 2 4435 3993 917
1 2 4429 3993 4435
1 2 890 3916 3991
1 2 3916 317 5078
1 2 3991 5078 916
1 2 3916 5078 3991
1 2 917 3992 1743
1 2 3992 916 4143
1 2 1743 4143 89
1 2 3992 4143 1743
1 2 890 3991 3993
1 2 3991 916 3992
1 2 3993 3992 917
1 2 3991 3992 3993
1 2 316 3868 2606
1 2 3868 889 2094
1 2 2606 2094 891
1 2 3868 2094 2606
1 2 889 3915 2092
1 2 3915 317 3916
1 2 2092 3916 890
1 2 3915 3916 2092
1 2 891 2093 2636
1 2 2093 890 4429
1 2 2636 4429 167
1 2 2093 4429 2636
1 2 889 2092 2094
1 2 2092 890 2093
1 2 2094 2093 891
1 2 2092 2093 2094
1 2 84 5023 2626
1 2 5023 1203 1641
1 2 2626 1641 1086
1 2 5023 1641 2626
1 2 1203 3924 1640
1 2 3924 254 4103
1 2 1640 4103 1080
1 2 3924 4103 1640
1 2 1086 1389 1391
1 2 1389 1080 1390
1 2 1391 1390 317
1 2 1389 1390 1391
1 2 1203 1640 1641
1 2 1640 1080 1389
1 2 1641 1389 1086
1 2 1640 1389 1641
1 2 254 3491 3527
1 2 3491 608 3526
1 2 3527 3526 610
1 2 3491 3526 3527
1 2 608 3727 3728
1 2 3727 90 2922
1 2 3728 2922 609
1 2 3727 2922 3728
1 2 610 4089 4091
1 2 4089 609 4090
1 2 4091 4090 260
1 2 4089 4090 4091
1 2 608 3728 3526
1 2 3728 609 4089
1 2 3526 4089 610
1 2 3728 4089 3526
1 2 317 3902 5078
1 2 3902 1079 4986
1 2 5078 4986 916
1 2 3902 4986 5078
1 2 1079 4711 4712
1 2 4711 260 2667
1 2 4712 2667 1304
1 2 4711 2667 4712
1 2 916 4141 4143
1 2 4141 1304 4142
1 2 4143 4142 89
1 2 4141 4142 4143
1 2 1079 4712 4986
1 2 4712 1304 4141
1 2 4986 4141 916
1 2 4712 4141 4986
1 2 254 3527 4103
1 2 3527 610 4973
1 2 4103 4973 1080
1 2 3527 4973 4103
1 2 610 4091 4972
1 2 4091 260 4711
1 2 4972 4711 1079
1 2 4091 4711 4972
1 2 1080 3901 1390
1 2 3901 1079 3902
1 2 1390 3902 317
1 2 3901 3902 1390
1 2 610 4972 4973
1 2 4972 1079 3901
1 2 4973 3901 1080
1 2 4972 3901 4973
1 2 78 1532 1534
1 2 1532 1252 1533
1 2 1534 1533 472
1 2 1532 1533 1534
1 2 1252 3828 3032
1 2 3828 193 3194
1 2 3032 3194 1253
1 2 3828 3194 3032
1 2 472 3033 4626
1 2 3033 1253 4106
1 2 4626 4106 246
1 2 3033 4106 4626
1 2 1252 3032 1533
1 2 3032 1253 3033
1 2 1533 3033 472
1 2 3032 3033 1533
1 2 193 3149 3151
1 2 3149 1024 3150
1 2 3151 3150 1294
1 2 3149 3150 3151
1 2 1024 1437 1439
1 2 1437 88 1438
1 2 1439 1438 495
1 2 1437 1438 1439
1 2 1294 4512 3544
1 2 4512 495 4384
1 2 3544 4384 132
1 2 4512 4384 3544
1 2 1024 1439 3150
1 2 1439 495 4512
1 2 3150 4512 1294
1 2 1439 4512 3150
1 2 246 4105 4410
1 2 4105 1044 4409
1 2 4410 4409 553
1 2 4105 4409 4410
1 2 1044 3545 4994
1 2 3545 132 4218
1 2 4994 4218 1045
1 2 3545 4218 4994
1 2 553 4817 3616
1 2 4817 1045 4818
1 2 3616 4818 98
1 2 4817 4818 3616
1 2 1044 4994 4409
1 2 4994 1045 4817
1 2 4409 4817 553
1 2 4994 4817 4409
1 2 193 3151 3194
1 2 3151 1294 3193
1 2 3194 3193 1253
1 2 3151 3193 3194
1 2 1294 3544 3546
1 2 3544 132 3545
1 2 3546 3545 1044
1 2 3544 3545 3546
1 2 1253 4104 4106
1 2 4104 1044 4105
1 2 4106 4105 246
1 2 4104 4105 4106
1 2 1294 3546 3193
1 2 3546 1044 4104
1 2 3193 4104 1253
1 2 3546 4104 3193
1 2 80 1668 1855
1 2 1668 357 4387
1 2 1855 4387 359
1 2 1668 4387 1855
1 2 357 1945 3596
1 2 1945 143 3595
1 2 3596 3595 358
1 2 1945 3595 3596
1 2 359 4386 4777
1 2 4386 358 2335
1 2 4777 2335 145
1 2 4386 2335 4777
1 2 357 3596 4387
1 2 3596 358 4386
1 2 4387 4386 359
1 2 3596 4386 4387
1 2 143 4492 3686
1 2 4492 906 2234
1 2 3686 2234 1151
1 2 4492 2234 3686
1 2 906 2169 2170
1 2 2169 83 2071
1 2 2170 2071 740
1 2 2169 2071 2170
1 2 1151 2233 2495
1 2 2233 740 2494
1 2 2495 2494 144
1 2 2233 2494 2495
1 2 906 2170 2234
1 2 2170 740 2233
1 2 2234 2233 1151
1 2 2170 2233 2234
1 2 145 2264 2266
1 2 2264 1301 2265
1 2 2266 2265 1001
1 2 2264 2265 2266
1 2 1301 3410 3411
1 2 3410 144 3344
1 2 3411 3344 1288
1 2 3410 3344 3411
1 2 1001 4687 4523
1 2 4687 1288 4688
1 2 4523 4688 81
1 2 4687 4688 4523
1 2 1301 3411 2265
1 2 3411 1288 4687
1 2 2265 4687 1001
1 2 3411 4687 2265
1 2 143 3686 3595
1 2 3686 1151 3687
1 2 3595 3687 358
1 2 3686 3687 3595
1 2 1151 2495 4136
1 2 2495 144 3410
1 2 4136 3410 1301
1 2 2495 3410 4136
1 2 358 2334 2335
1 2 2334 1301 2264
1 2 2335 2264 145
1 2 2334 2264 2335
1 2 1151 4136 3687
1 2 4136 1301 2334
1 2 3687 2334 358
1 2 4136 2334 3687
1 2 57 2156 2700
1 2 2156 614 4287
1 2 2700 4287 616
1 2 2156 4287 2700
1 2 614 2469 2543
1 2 2469 326 2542
1 2 2543 2542 615
1 2 2469 2542 2543
1 2 616 2068 2070
1 2 2068 615 2069
1 2 2070 2069 251
1 2 2068 2069 2070
1 2 614 2543 4287
1 2 2543 615 2068
1 2 4287 2068 616
1 2 2543 2068 4287
1 2 326 4702 4703
1 2 4702 814 4220
1 2 4703 4220 952
1 2 4702 4220 4703
1 2 814 1874 2344
1 2 1874 77 2343
1 2 2344 2343 951
1 2 1874 2343 2344
1 2 952 2054 1707
1 2 2054 951 2055
1 2 1707 2055 323
1 2 2054 2055 1707
1 2 814 2344 4220
1 2 2344 951 2054
1 2 4220 2054 952
1 2 2344 2054 4220
1 2 251 4763 3120
1 2 4763 1313 4764
1 2 3120 4764 465
1 2 4763 4764 3120
1 2 1313 1708 4779
1 2 1708 323 3384
1 2 4779 3384 962
1 2 1708 3384 4779
1 2 465 3966 3967
1 2 3966 962 2450
1 2 3967 2450 76
1 2 3966 2450 3967
1 2 1313 4779 4764
1 2 4779 962 3966
1 2 4764 3966 465
1 2 4779 3966 4764
1 2 326 4703 2542
1 2 4703 952 1631
1 2 2542 1631 615
1 2 4703 1631 2542
1 2 952 1707 1629
1 2 1707 323 1708
1 2 1629 1708 1313
1 2 1707 1708 1629
1 2 615 1630 2069
1 2 1630 1313 4763
1 2 2069 4763 251
1 2 1630 4763 2069
1 2 952 1629 1631
1 2 1629 1313 1630
1 2 1631 1630 615
1 2 1629 1630 1631

boundary
384
1 1 1 1403
1 1 1403 1096
1 1 1096 3316
1 1 3316 212
1 1 212 5110
1 1 5110 1282
1 1 1282 4886
1 1 4886 2
1 1 2 4224
1 1 4224 1063
1 1 1063 4894
1 1 4894 293
1 1 293 1723
1 1 1723 1279
1 1 1279 2609
1 1 2609 3
1 1 3 2546
1 1 2546 983
1 1 983 1478
1 1 1478 198
1 1 198 5115
1 1 5115 679
1 1 679 3592
1 1 3592 4
1 1 4 2903
1 1 2903 1314
1 1 1314 1445
1 1 1445 337
1 1 337 4998
1 1 4998 570
1 1 570 3052
1 1 3052 5
1 1 5 3104
1 1 3104 1081
1 1 1081 2995
1 1 2995 303
1 1 303 4863
1 1 4863 1315
1 1 1315 2695
1 1 2695 6
1 1 6 4571
1 1 4571 1312
1 1 1312 3831
1 1 3831 345
1 1 345 3635
1 1 3635 450
1 1 450 4436
1 1 4436 7
2 1 7 4437
2 1 4437 451
2 1 451 2573
2 1 2573 346
2 1 346 2445
2 1 2445 1271
2 1 1271 4284
2 1 4284 8
2 1 8 4902
2 1 4902 1195
2 1 1195 4859
2 1 4859 273
2 1 273 3814
2 1 3814 1051
2 1 1051 3499
2 1 3499 9
2 1 9 3488
2 1 3488 924
2 1 924 4476
2 1 4476 336
2 1 336 3400
2 1 3400 804
2 1 804 1728
2 1 1728 10
2 1 10 2056
2 1 2056 1319
2 1 1319 2688
2 1 2688 160
2 1 160 5065
2 1 5065 1090
2 1 1090 1571
2 1 1571 11
2 1 11 2716
2 1 2716 993
2 1 993 4827
2 1 4827 319
2 1 319 3467
2 1 3467 398
2 1 398 5058
2 1 5058 12
2 1 12 4867
2 1 4867 594
2 1 594 2502
2 1 2502 349
2 1 349 1952
2 1 1952 934
2 1 934 3230
2 1 3230 13
3 1 13 3231
3 1 3231 935
3 1 935 1697
3 1 1697 350
3 1 350 2795
3 1 2795 365
3 1 365 5113
3 1 5113 14
3 1 14 3990
3 1 3990 1305
3 1 1305 5061
3 1 5061 314
3 1 314 3617
3 1 3617 1269
3 1 1269 5053
3 1 5053 15
3 1 15 5070
3 1 5070 892
3 1 892 4466
3 1 4466 354
3 1 354 3418
3 1 3418 1098
3 1 1098 4058
3 1 4058 16
3 1 16 3977
3 1 3977 837
3 1 837 4258
3 1 4258 280
3 1 280 4621
3 1 4621 1009
3 1 1009 5116
3 1 5116 17
3 1 17 3986
3 1 3986 975
3 1 975 3322
3 1 3322 165
3 1 165 3906
3 1 3906 986
3 1 986 4228
3 1 4228 18
3 1 18 1658
3 1 1658 926
3 1 926 3057
3 1 3057 342
3 1 342 3074
3 1 3074 1221
3 1 1221 5049
3 1 5049 19
4 1 19 5050
4 1 5050 1222
4 1 1222 4747
4 1 4747 343
4 1 343 5099
4 1 5099 1327
4 1 1327 4020
4 1 4020 20
4 1 20 2611
4 1 2611 1311
4 1 1311 3442
4 1 3442 279
4 1 279 3189
4 1 3189 1223
4 1 1223 5098
4 1 5098 21
4 1 21 2969
4 1 2969 1077
4 1 1077 4187
4 1 4187 352
4 1 352 4897
4 1 4897 1038
4 1 1038 4472
4 1 4472 22
4 1 22 4222
4 1 4222 1219
4 1 1219 5094
4 1 5094 347
4 1 347 2041
4 1 2041 1318
4 1 1318 5106
4 1 5106 23
4 1 23 4675
4 1 4675 897
4 1 897 1580
4 1 1580 213
4 1 213 5032
4 1 5032 1303
4 1 1303 3248
4 1 3248 24
4 1 24 4601
4 1 4601 1297
4 1 1297 4891
4 1 4891 211
4 1 211 1904
4 1 1904 1095
4 1 1095 1402
4 1 1402 1
5 1 26 4565
5 1 4565 1292
5 1 1292 4498
5 1 4498 113
5 1 113 4071
5 1 4071 1265
5 1 1265 4966
5 1 4966 25
5 1 27 2991
5 1 2991 1132
5 1 1132 2767
5 1 2767 300
5 1 300 4862
5 1 4862 1328
5 1 1328 4073
5 1 4073 26
5 1 28 1501
5 1 1501 482
5 1 482 4705
5 1 4705 288
5 1 288 4168
5 1 4168 751
5 1 751 3711
5 1 3711 27
5 1 29 5120
5 1 5120 744
5 1 744 1748
5 1 1748 286
5 1 286 3122
5 1 3122 1321
5 1 1321 2858
5 1 2858 28
5 1 30 4330
5 1 4330 1008
5 1 1008 2355
5 1 2355 356
5 1 356 3767
5 1 3767 864
5 1 864 1685
5 1 1685 29
5 1 31 3405
5 1 3405 857
5 1 857 4774
5 1 4774 245
5 1 245 3717
5 1 3717 655
5 1 655 2403
5 1 2403 30
6 1 32 1974
6 1 1974 859
6 1 859 4839
6 1 4839 147
6 1 147 4726
6 1 4726 886
6 1 886 4079
6 1 4079 31
6 1 33 3253
6 1 3253 509
6 1 509 3010
6 1 3010 276
6 1 276 5100
6 1 5100 776
6 1 776 3731
6 1 3731 32
6 1 34 4667
6 1 4667 1210
6 1 1210 2438
6 1 2438 172
6 1 172 5097
6 1 5097 438
6 1 438 4695
6 1 4695 33
6 1 35 4318
6 1 4318 1250
6 1 1250 4689
6 1 4689 321
6 1 321 4866
6 1 4866 1148
6 1 1148 4653
6 1 4653 34
6 1 36 3878
6 1 3878 1268
6 1 1268 3555
6 1 3555 262
6 1 262 4422
6 1 4422 682
6 1 682 5091
6 1 5091 35
6 1 37 5069
6 1 5069 997
6 1 997 2175
6 1 2175 295
6 1 295 2440
6 1 2440 1032
6 1 1032 3931
6 1 3931 36
7 1 38 4898
7 1 4898 980
7 1 980 4163
7 1 4163 353
7 1 353 4915
7 1 4915 1207
7 1 1207 4757
7 1 4757 37
7 1 39 3197
7 1 3197 1309
7 1 1309 4643
7 1 4643 234
7 1 234 5009
7 1 5009 827
7 1 827 1481
7 1 1481 38
7 1 40 3940
7 1 3940 882
7 1 882 3745
7 1 3745 324
7 1 324 4618
7 1 4618 1107
7 1 1107 3989
7 1 3989 39
7 1 41 4724
7 1 4724 1273
7 1 1273 3980
7 1 3980 239
7 1 239 4556
7 1 4556 1310
7 1 1310 4102
7 1 4102 40
7 1 42 5082
7 1 5082 658
7 1 658 4366
7 1 4366 232
7 1 232 2220
7 1 2220 833
7 1 833 3947
7 1 3947 41
7 1 43 2019
7 1 2019 1074
7 1 1074 4907
7 1 4907 302
7 1 302 4933
7 1 4933 429
7 1 429 2643
7 1 2643 42
8 1 44 3609
8 1 3609 506
8 1 506 4242
8 1 4242 264
8 1 264 3973
8 1 3973 970
8 1 970 5034
8 1 5034 43
8 1 45 5119
8 1 5119 726
8 1 726 2725
8 1 2725 255
8 1 255 4640
8 1 4640 1317
8 1 1317 1969
8 1 1969 44
8 1 46 4935
8 1 4935 709
8 1 709 2679
8 1 2679 351
8 1 351 5045
8 1 5045 1326
8 1 1326 3168
8 1 3168 45
8 1 47 2537
8 1 2537 884
8 1 884 4288
8 1 4288 355
8 1 355 2024
8 1 2024 1224
8 1 1224 4869
8 1 4869 46
8 1 48 4480
8 1 4480 1226
8 1 1226 1585
8 1 1585 135
8 1 135 1959
8 1 1959 1191
8 1 1191 5118
8 1 5118 47
8 1 25 4199
8 1 4199 1049
8 1 1049 5042
8 1 5042 127
8 1 127 4806
8 1 4806 1200
8 1 1200 5081
8 1 5081 48

vertices
5120
2
 0 0
 0.166667 0
 0.333333 0
 0.5 0
 0.666667 0
 0.833333 0
 1 0
 1 0.166667
 1 0.333333
 1 0.5
 1 0.666667
 1 0.833333
 1 1
 0.833333 1
 0.666667 1
 0.5 1
 0.333333 1
 0.166667 1
 0 1
 0 0.833333
 0 0.666667
 0 0.5
 0 0.333333
 0 0.166667
 0.5 0.3
 0.551762 0.30682
 0.599999 0.326797
 0.641421 0.358579
 0.673203 0.400001
 0.69318 0.448238
 0.7 0.5
 0.69318 0.551762
 0.673203 0.599999
 0.641421 0.641421
 0.599999 0.673203
 0.551762 0.69318
 0.5 0.7
 0.448238 0.69318
 0.400001 0.673203
 0.358579 0.641421
 0.326797 0.599999
 0.30682 0.551762
 0.3 0.5
 0.30682 0.448238
 0.326797 0.400001
 0.358579 0.358579
 0.400001 0.326797
 0.448238 0.30682
 0.280005 0.149304
 0.545138 0.127037
 0.884465 0.248218
 0.879775 0.419399
 0.89969 0.555741
 0.87616 0.769211
 0.569868 0.867996
 0.215449 0.861969
 0.12837 0.560993
 0.128875 0.229852
 0.546717 0.235246
 0.597968 0.271088
 0.660382 0.290877
 0.715238 0.343348
 0.737642 0.413364
 0.786693 0.464086
 0.746158 0.531455
 0.736367 0.596942
 0.703803 0.657558
 0.66278 0.704986
 0.588288 0.750518
 0.529824 0.781611
 0.47111 0.74969
 0.386777 0.746482
 0.330365 0.70905
 0.29514 0.654214
 0.255436 0.599614
 0.235453 0.531229
 0.222251 0.470237
 0.25499 0.399563
 0.298249 0.343499
 0.344976 0.266622
 0.403251 0.256459
 0.472569 0.21125
 0.402398 0.139935
 0.73572 0.124022
 0.740675 0.875314
 0.437281 0.908261
 0.116116 0.729319
 0.125999 0.410478
 0.629053 0.201535
 0.746593 0.259041
 0.805509 0.369895
 0.801713 0.661291
 0.731831 0.727419
 0.653956 0.787078
 0.315356 0.804965
 0.252498 0.737911
 0.210181 0.65531
 0.207207 0.336529
 0.438101 0.818434
 0.801007 0.553492
 0.264878 0.257489
 0.6447175 0.24620599999999998
 0.629175 0.2809825
 0.6135105000000001 0.2363115
 0.9398875 0.45969950000000004
 0.949845 0.5278705
 0.8897325 0.48757000000000006
 0.2711365 0.5414954999999999
 0.281128 0.575688
 0.2454445 0.5654215
 0.5233585000000001 0.267623
 0.5492395 0.27103299999999997
 0.525881 0.30340999999999996
 0.8431915 0.5099135
 0.8503485 0.5546165000000001
 0.79385 0.5087889999999999
 0.736253 0.8013665000000001
 0.6973155 0.831196
 0.6928935 0.7572485
 0.8084175 0.8222625
 0.8039955000000001 0.7483150000000001
 0.1968765 0.2436705
 0.2360425 0.297009
 0.168041 0.2831905
 0.4604035 0.259035
 0.4862845 0.255625
 0.474119 0.30340999999999996
 0.4289435 0.748086
 0.41750750000000003 0.719831
 0.459674 0.721435
 0.127437 0.32016500000000003
 0.166603 0.3735035
 0.40162600000000004 0.291628
 0.4257445 0.2816395
 0.4241195 0.3168085
 0.6552715 0.8716550000000001
 0.611912 0.827537
 0.5723425 0.25316700000000003
 0.574865 0.288954
 0.27381900000000003 0.6960625
 0.2313395 0.6966105
 0.2526605 0.654762
 0.373687 0.20327850000000003
 0.40282450000000003 0.198197
 0.3741135 0.2615405
 0.719669 0.5416084999999999
 0.69659 0.525881
 0.723079 0.5157275
 0.514912 0.7408055
 0.500467 0.7656505
 0.48555499999999996 0.724845
 0.625534 0.727752
 0.6583680000000001 0.746032
 0.621122 0.7687980000000001
 0.20444 0.189578
 0.2724415 0.2033965
 0.88212 0.3338085
 0.9422325 0.29077549999999996
 0.9398875 0.376366
 1 0.5833335
 0.949845 0.6112040000000001
 0.28156349999999997 0.30049400000000004
 0.252728 0.34001400000000004
 0.274391 0.9309845
 0.25 1
 0.191058 0.9309845
 0.5870955 0.164286
 0.587885 0.2183905
 0.5459275 0.1811415
 0.688503 0.6287784999999999
 0.672612 0.6494895
 0.657312 0.62071
 0.43791 0.2338545
 0.9166665 0.9166665
 0.8547465000000001 0.8846054999999999
 0.93808 0.801272
 0.14777099999999999 0.114926
 0.223336 0.074652
 0.122243 0.6451560000000001
 0.16927550000000002 0.6081515
 0.1631485 0.6923144999999999
 0.3763185 0.8566130000000001
 0.3767285 0.8116995
 0.437691 0.8633474999999999
 0.8879250000000001 0.6624760000000001
 0.8389365 0.715251
 0.8507015 0.6085160000000001
 0.0629995 0.455239
 0.1271845 0.4857355
 0.064185 0.5304964999999999
 0.326365 0.885115
 0.2654025 0.833467
 0.1904945 0.4050205
 0.2386205 0.4349
 0.174125 0.4403575
 0.451199 0.0699675
 0.36786549999999996 0.0699675
 0.4166665 0
 0.3124905 0.207963
 0.304927 0.2620555
 0.8013600000000001 0.6073915
 0.184307 0.733615
 0.2339735 0.79994
 0.28392700000000004 0.7714380000000001
 0.48396249999999996 0.8000225
 0.4546055 0.784062
 0.68781 0.3171125
 0.6783295 0.3509635
 0.6509015 0.324728
 0.0833335 0.0833335
 0 0.0833335
 0.0833335 0
 0 0.25
 0.0644375 0.1982595
 0.0644375 0.2815925
 0.344472 0.6752355
 0.3127525 0.681632
 0.32685949999999997 0.6478174999999999
 0.3228605 0.7570075
 0.2914315 0.7234805
 0.191903 0.5803035
 0.2328085 0.627462
 0.1077245 0.8476509999999999
 0.058058 0.781326
 0.1657825 0.795644
 0.7034875 0.274959
 0.7309155 0.30119450000000003
 0.2908935 0.39978199999999997
 0.2766195 0.371531
 0.312523 0.37175
 0.2911165 0.5998064999999999
 0.3168085 0.5758805
 0.393389 0.7098424999999999
 0.4241195 0.6831915
 0.3724885 0.2967095
 0.275288 0.626914
 0.766772 0.694355
 0.3109685 0.6271065
 0.342688 0.62071
 0.48355249999999994 0.8449359999999999
 0.5498460000000001 0.8248035
 0.5035745 0.8881285
 0.7399365 0.456162
 0.7433464999999999 0.482043
 0.69659 0.474119
 0.23109849999999998 0.368046
 0.7735825000000001 0.5424735
 0.7664255 0.4977705
 0.76904 0.6291165
 0.768687 0.575217
 0.1819115 0.546111
 0.8100925 0.18612
 0.815529 0.2536295
 0.7411565 0.19153150000000002
 0.3168085 0.4241195
 0.28090499999999996 0.4239005
 0.540793 0.7373955
 0.570025 0.721849
 0.559056 0.7660644999999999
 0.687823 0.230288
 0.5941434999999999 0.7118605
 0.5758805 0.6831915
 0.2645355 0.4592375
 0.30340999999999996 0.474119
 0.2611255 0.4851185
 0.752758 0.6594245
 0.720085 0.62725
 0.8449869999999999 0.30905649999999996
 0.776051 0.31446799999999997
 0.058058 0.6979930000000001
 0.064185 0.61383
 0.93808 0.717939
 1 0.25
 0.9422325 0.2074425
 0.704785 0.5984704999999999
 0.6831915 0.5758805
 0.7147735 0.574352
 0.32161249999999997 0.3050605
 0 0.75
 0.4166665 1
 0.38530699999999996 0.9541305
 0.4686405 0.9541305
 0.715411 0.430801
 0.7621675 0.43872500000000003
 0.6942205 0.3716745
 0.657312 0.37929
 0.6313895 0.6890944999999999
 0.62071 0.342688
 0.6301905 0.30883700000000003
 0.833234 0.44174250000000004
 0.796101 0.4169905
 0.842642 0.39464699999999997
 0.25 0
 0.30666899999999997 0.074652
 0.525881 0.69659
 0.3510665 0.7757235
 0.412439 0.782458
 0.579078 0.809257
 0.5989835 0.2989425
 0.5758805 0.3168085
 0.2677265 0.5156145
 0.30340999999999996 0.525881
 0.75 0
 0.7845265 0.062011
 0.7011935 0.062011
 0.858899 0.124109
 0.5088535000000001 0.1691435
 0.5096430000000001 0.223248
 0.534934 0.933998
 0.7036709999999999 0.937657
 0.6182675 0.933998
 0.358571 0.7277659999999999
 0.7603735 0.3566215
 0.75 1
 0.787004 0.937657
 0.640429 0.12552950000000002
 0.6823865 0.1627785
 0.6973055 0.7162025000000001
 1 0.75
 0.36518300000000004 0.6911265
 0.62071 0.657312
 0.6521005 0.6732035000000001
 0.228852 0.500733
 0.37929 0.657312
 0.6059025 0.0635185
 0.1753105 0.5156149999999999
 0.7412624999999999 0.5641985
 0.5225690000000001 0.0635185
 0.47376799999999997 0.133486
 0.3412015 0.1446195
 0.7715755 0.39162949999999996
 0.72644 0.378356
 0.7054225000000001 0.4066825
 0.7178169999999999 0.6924885000000001
 0.6832914999999999 0.681272
 1 0.4166665
 0.5833335 0
 0.35177749999999997 0.3126005
 0.328414 0.351039
 0.4374835 0.17559249999999998
 0.0833335 0.9166665
 0.0833335 1
 0 0.9166665
 0.9166665 0.0833335
 0.9166665 0
 1 0.0833335
 0 0.4166665
 0.0629995 0.3719055
 1 0.9166665
 0.9166665 1
 0.342688 0.37929
 0 0.5833335
 0.474119 0.69659
 0.5833335 1
 0.37929 0.342688
 0.6831915 0.4241195
 0.3593315 0.23495025000000003
 0.37390025 0.23240950000000002
 0.35954474999999997 0.26408125000000005
 0.81494225 0.48699975
 0.81852075 0.5093512499999999
 0.7902715 0.48643749999999997
 0.87499975 0.95833325
 0.9166665 0.95833325
 0.87499975 1
 0.8208752500000001 0.91113125
 0.79771075 0.87995975
 0.831582 0.853434
 0.7165582500000001 0.45220000000000005
 0.7042955 0.4395195
 0.72767375 0.4434815
 0.157219 0.057463
 0.1950015 0.037326
 0.18555349999999998 0.094789
 0.12530650000000002 0.6030745
 0.14882275 0.5845722499999999
 0.14575925 0.62665375
 0.52699575 0.14809025
 0.54553275 0.15408925
 0.5273905000000001 0.1751425
 0.40679975 0.882437
 0.40700475 0.85998025
 0.437486 0.88580425
 0.22471125 0.8309545
 0.249688 0.8167035
 0.24042575 0.847718
 0.32501325 0.32804975000000003
 0.3133315 0.347269
 0.30993075 0.32427975
 0.35873225 0.28166575000000005
 0.373301 0.279125
 0.67947125 0.904656
 0.66096925 0.9358275
 0.6367695 0.9028265
 0.0833335 0.95833325
 0.04166675 0.95833325
 0.04166675 0.9166665
 1 0.7916665
 0.96904 0.8173025
 0.96904 0.775636
 0.7633147499999999 0.460124
 0.76501975 0.4730645
 0.7416415 0.4691025
 0.7437102499999999 0.54782675
 0.73046575 0.5529035
 0.7329135 0.53653175
 0.32861225 0.67843375
 0.319806 0.66472475
 0.33566575 0.6615264999999999
 0.45002675 0.748888
 0.44430875000000003 0.7347605
 0.46539200000000003 0.7355625
 0.7772355 0.66035775
 0.7842425 0.6778230000000001
 0.759765 0.67688975
 0.7574225 0.553336
 0.7598702500000001 0.53696425
 0.34583725 0.830789
 0.34604225 0.8083322500000001
 0.3765235 0.83415625
 0.8400777500000001 0.7587630000000001
 0.821466 0.7317830000000001
 0.85754825 0.742231
 0.7216732499999999 0.4910215
 0.73321275 0.49888525
 0.7115395 0.5078637500000001
 0.28897825 0.54662875
 0.28727325 0.53368825
 0.30511499999999997 0.5388215000000001
 0.24492 0.8964767499999999
 0.2327245 0.9309845
 0.2032535 0.8964767499999999
 0.438083 0.1367105
 0.45562575 0.15453925
 0.41994075 0.15776374999999998
 0.6808529999999999 0.6143887499999999
 0.6729075 0.62474425
 0.6652575000000001 0.6103544999999999
 0.61256975 0.8698255
 0.59406775 0.900997
 0.28056274999999997 0.49255925
 0.28386325 0.5078072499999999
 0.264426 0.5003664999999999
 0.7268355 0.9688285
 0.7453375 0.937657
 0.768502 0.9688285
 0.73878925 0.434763
 0.751052 0.4474435
 0.95833325 0.04166675
 0.95833325 0
 1 0.04166675
 0.34837675 0.28961125
 0.33669499999999997 0.3088305
 0.33329425 0.28584125000000005
 0.846116 0.0620545
 0.82171275 0.09306
 0.80892975 0.0310055
 0.60069775 0.227351
 0.5929265 0.24473925000000002
 0.58011375 0.23577875
 0.201042 0.61780675
 0.22149475000000002 0.641386
 0.18972825000000001 0.63173075
 0.213678 0.55576625
 0.20868225 0.53867
 0.24044875 0.54832525
 0.320001 0.037326
 0.35059925 0.03498375
 0.33726724999999996 0.07230975
 0.253859 0.36978849999999996
 0.26580475000000003 0.385547
 0.24304425 0.3838045
 0.7974285 0.5311405
 0.78729475 0.5479827500000001
 0.78371625 0.52563125
 0.2837565 0.38565649999999996
 0.29457125 0.37164050000000004
 0.30170825 0.385766
 0.760899 0.6442705
 0.7853764999999999 0.64520375
 0.64616125 0.3416535
 0.6310655000000001 0.3506335
 0.6358057500000001 0.333708
 0.653548 0.06276475000000001
 0.63628475 0.03175925
 0.68393025 0.0310055
 0.35517825 0.33558975
 0.3434965 0.354809
 0.34009575 0.33181974999999997
 0.40243850000000003 0.2740435
 0.41449775 0.26904925
 0.41368525 0.28663375
 0.126718 0.3653215
 0.14701999999999998 0.34683425
 0.14630100000000001 0.39199075
 0.5645405 0.7439567499999999
 0.5791565000000001 0.7361835
 0.573672 0.75829125
 0.29312825 0.62701025
 0.30305424999999997 0.64066025
 0.28521399999999997 0.6405639999999999
 0.27322075 0.27899150000000006
 0.2849025 0.25977225000000004
 0.29324525 0.28127475
 0.28567774999999995 0.45373775000000005
 0.30511499999999997 0.46117850000000005
 0.28397275 0.46667825
 0.688994 0.5992347499999999
 0.67819725 0.58793975
 0.69398825 0.5871755
 0.04166675 0.87499975
 0.05386225 0.840492
 0.095529 0.88215875
 0.31910825 0.78098625
 0.33696349999999997 0.7663655
 0.33321125 0.79034425
 0.31326975 0.283558
 0.3249515 0.26433875
 0.82620725 0.6349035000000001
 0.8015365000000001 0.63434125
 0.82603075 0.6079537500000001
 0.46041674999999993 0.8765985
 0.4935635 0.8665322499999999
 0.47042775000000003 0.89819475
 0.74475225 0.506749
 0.7562917499999999 0.51461275
 0.7346185000000001 0.52359125
 0.60983875 0.71980625
 0.6127665 0.7004775
 0.62846175 0.70842325
 0.5912157499999999 0.73118925
 0.58208425 0.71685475
 0.44177449999999996 0.766074
 0.46285774999999996 0.766876
 0.686275 0.361319
 0.67576625 0.37548225
 0.66782075 0.36512675
 0.7248239999999999 0.70995375
 0.71456825 0.7218107500000001
 0.7075612499999999 0.7043455000000001
 0.38259200000000004 0.68216475
 0.396695 0.69152275
 0.379286 0.7004845
 0.639745 0.7574150000000001
 0.656162 0.7665550000000001
 0.637539 0.777938
 0.87499975 0.04166675
 0.88778275 0.10372125
 0.9166665 0.04166675
 0.95833325 0.0833335
 0.2299675 0.33827150000000006
 0.24191325 0.35403
 0.21915275 0.3522875
 0.7172212499999999 0.55798025
 0.70397675 0.5630569999999999
 0.7064245 0.5466852499999999
 0.7422945 0.6934217500000001
 0.7493015000000001 0.710887
 0.6756307500000001 0.75164025
 0.67783675 0.73111725
 0.6950995 0.7367255
 0.761322 0.2867545
 0.75348325 0.30783125
 0.73875425 0.28011775000000005
 0.28990625 0.3219965
 0.30158799999999997 0.30277725
 0.12500025 0.04166675
 0.11555225 0.09912975
 0.594618 0.03175925
 0.62500025 0
 0.09449925 0.43285850000000003
 0.12659175 0.44810675
 0.09509200000000001 0.47048725
 0.38175275 0.7790907499999999
 0.36892175 0.76110275
 0.39960799999999996 0.76447
 0.8440397500000001 0.94230275
 0.8857065000000001 0.900636
 0.197244 0.6944625
 0.18666475 0.6738122499999999
 0.22076025 0.6759602499999999
 0.42697375 0.9541305
 0.41129399999999994 0.93119575
 0.45296075 0.93119575
 0.57360375 0.27106050000000004
 0.58515525 0.2621275
 0.5864165 0.28002099999999996
 0.77655925 0.48092825
 0.754886 0.48990675
 0.94486625 0.49378500000000003
 0.91978875 0.50772025
 0.91481 0.47363475000000005
 0.95833325 0.87499975
 1 0.87499975
 0.95833325 0.9166665
 0.362133 0.304655
 0.37588925 0.31969875000000003
 0.36553375 0.32764424999999997
 0.7280179999999999 0.56927525
 0.37598 0.7188042499999999
 0.361877 0.70944625
 0.69565525 0.2526235
 0.6741025 0.2605825
 0.66627025 0.238247
 0.32661275 0.73302875
 0.344468 0.7184079999999999
 0.34071575 0.74238675
 0.74387475 0.22528625000000002
 0.717208 0.2446645
 0.71448975 0.21090975
 0.62604975 0.67320325
 0.6364052499999999 0.6652577500000001
 0.641745 0.681149
 0.15184025 0.5383039999999999
 0.17861100000000002 0.530863
 0.15514075 0.553552
 0.752527 0.5860795
 0.73881475 0.5805702500000001
 0.7549747499999999 0.5697077500000001
 0.093214 0.6294930000000001
 0.09627750000000002 0.5874115
 0.6452862500000001 0.29985700000000004
 0.62968275 0.29490975
 0.6447785 0.28592975
 0.8938075000000001 0.6091085
 0.9247675 0.5834725000000001
 0.9188850000000001 0.6368400000000001
 0.443074 0.27033725
 0.43182725 0.257747
 0.44915675 0.24644475
 0.71236225 0.74233375
 0.27272025 0.441569
 0.29386249999999997 0.43606925
 0.2145575 0.41996025000000003
 0.20637275 0.43762875
 0.18230975 0.422689
 0.56423575 0.0635185
 0.55295125 0.03175925
 0.1191795 0.6872375000000001
 0.14269575 0.66873525
 0.13963225 0.71081675
 0.46103174999999996 0.80922825
 0.44635325000000003 0.801248
 0.469284 0.79204225
 0.720576 0.5977062499999999
 0.70977925 0.5864112499999999
 0.72557025 0.585647
 0.58749025 0.19133825
 0.56690625 0.199766
 0.5665115000000001 0.17271375
 0.8809475 0.37660375
 0.91100375 0.35508724999999997
 0.90983125 0.39788250000000003
 0.71826325 0.4651405
 0.694885 0.46117850000000005
 0.29896825 0.57578425
 0.29397399999999996 0.563725
 0.31181424999999996 0.5638212499999999
 0.35453349999999995 0.10729350000000001
 0.32393525 0.10963575
 0.9439625 0.6645715000000001
 0.9749225 0.6389355000000001
 0.96904 0.692303
 0.567301 0.22681825
 0.54632225 0.20819375
 0.28767925000000005 0.74745925
 0.2682125 0.7546745
 0.27196475 0.73069575
 0.25329475 0.5363622499999999
 0.25158975 0.52342175
 0.2694315 0.5285549999999999
 0.810519 0.31176224999999996
 0.79579 0.28404874999999996
 0.8302579999999999 0.281343
 0.28868425 0.232726
 0.26865975 0.23044275000000003
 0.4755995 0.03498375
 0.43393275 0.03498375
 0.45833325 0
 0.5970712499999999 0.69253175
 0.585012 0.697526
 0.58793975 0.67819725
 0.7320409999999999 0.39586
 0.7215322500000001 0.41002325
 0.71593125 0.39251925
 0.473344 0.25733
 0.48020175 0.2795175
 0.46726125 0.2812225
 0.674096 0.30399475
 0.66935575 0.32092025
 0.65564175 0.3078025
 0.555409 0.72962225
 0.5499244999999999 0.75173
 0.6231657500000001 0.09452400000000001
 0.6708112500000001 0.09377025
 0.15065475 0.4630465
 0.17471775 0.47798624999999995
 0.1512475 0.50067525
 0.42322550000000003 0.7339585
 0.43859075000000003 0.7206330000000001
 0.69678375 0.34715575
 0.70472925 0.35751125
 0.92737325 0.85896925
 0.721374 0.5286679999999999
 0.27294175 0.3996725
 0.45432075000000005 0.2829275
 0.43699125000000005 0.29422974999999996
 0.335551 0.3651645
 0.3506335 0.3689345
 0.5362990000000001 0.269328
 0.5375602500000001 0.28722149999999996
 0.52461975 0.28551649999999995
 0.7265265000000001 0.4220825
 0.74990475 0.42604450000000005
 0.871682 0.18616349999999998
 0.84727875 0.217169
 0.83449575 0.1551145
 0.20204175 0.29009975
 0.22162474999999998 0.316769
 0.187624 0.30985975
 0.47942675 0.2334375
 0.49110600000000004 0.217249
 0.49796375000000004 0.2394365
 0.35481874999999996 0.75174475
 0.30884525 0.39989149999999996
 0.32180275 0.41206025
 0.303851 0.41195075
 0.6998215000000001 0.3891785
 0.68931275 0.40334175
 0.6837117500000001 0.38583775
 0.46648625 0.2351425
 0.770004 0.520122
 0.78013775 0.5032797499999999
 0.26467375000000004 0.35577250000000005
 0.6057392500000001 0.25369975
 0.77834275 0.22258050000000001
 0.781061 0.25633525
 0.46082674999999995 0.831685
 0.437896 0.84089075
 0.40261125 0.169066
 0.420154 0.18689475
 0.40720975000000004 0.8375235
 0.40741475000000005 0.81506675
 0.6652575000000001 0.3896455
 0.04166675 0.0833335
 0.04166675 0.04166675
 0.0833335 0.04166675
 0.82585425 0.5810040000000001
 0.850525 0.5815662500000001
 0.62545025 0.3257625
 0.6103544999999999 0.3347425
 0.6150947499999999 0.317817
 0.2236695 0.58995875
 0.24412224999999999 0.6135379999999999
 0.21235575 0.6038827499999999
 0.5112845 0.03175925
 0.48688400000000004 0.066743
 0.86931325 0.6354960000000001
 0.87519575 0.5821285
 0.77233525 0.8118145000000001
 0.7701242500000001 0.7748407500000001
 0.8062065 0.7852887500000001
 0.0644375 0.23992600000000003
 0.09665625 0.21405575
 0.09665625 0.25572225000000004
 0.63688525 0.22387049999999997
 0.6291140000000001 0.24125875
 0.6212817500000001 0.21892325
 0.2844795 0.67513825
 0.26323975 0.6754122499999999
 0.27390025 0.654488
 0.40214225000000003 0.7331565
 0.39008299999999996 0.72816225
 0.40544825 0.7148367499999999
 0.6989825 0.57511625
 0.6881857499999999 0.5638212499999999
 0.68306975 0.334038
 0.6646155 0.33784575
 0.42527000000000004 0.800446
 0.43352225 0.7832600000000001
 0.23087725 0.25057975
 0.25046025 0.277249
 0.2164595 0.27033975
 0.38513175 0.10495125
 0.37179975 0.14227725000000002
 0.2621955 0.96549225
 0.220529 0.96549225
 0.54797825 0.25313949999999996
 0.55952975 0.24420650000000002
 0.560791 0.2621
 0.25976275 0.42940025000000004
 0.24680525 0.4172315
 0.2679475 0.41173175
 0.5278525000000001 0.7391004999999999
 0.5203965 0.71869775
 0.533337 0.71699275
 0.71678425 0.8162812500000001
 0.6951045 0.79422225
 0.71457325 0.7793075
 0.029029 0.8073295
 0.08289125 0.8144885
 0.17372775000000001 0.71296475
 0.20782325000000001 0.7151127500000001
 1 0.45833325
 0.96994375 0.47984975
 0.96994375 0.438183
 0.150062 0.42541775000000004
 0.03149975 0.4776195
 0.06359225 0.49286774999999994
 0.0320925 0.51524825
 0.0629995 0.41357225
 0.09449925 0.39119175
 0.198188 0.45529725
 0.19878075 0.492926
 0.7250402499999999 0.267
 0.7172015 0.28807675
 0.660574 0.725509
 0.68004275 0.71059425
 0.507456 0.72040275
 0.5002335 0.73282525
 0.4927775 0.7124225
 0.5755202500000001 0.09527775000000001
 0.5338535 0.09527775000000001
 0.7103302499999999 0.37501525
 0.43287275000000003 0.7065055
 0.4208135 0.70151125
 0.43617875 0.6881857499999999
 0.0901505 0.6715745000000001
 0.0611215 0.6559115
 0.09568475000000001 0.508116
 0.30895675 0.5999027499999999
 0.3039625 0.5878435
 0.32180275 0.58793975
 0.30394625 0.667923
 0.29328575 0.68884725
 0.26397424999999997 0.640838
 0.45833325 1
 0.44265350000000003 0.97706525
 0.48432025 0.97706525
 0.6001 0.7890275
 0.616517 0.7981675
 0.595495 0.818397
 0.574473 0.8386264999999999
 0.559857 0.84639975
 0.564462 0.81703025
 0.7282805 0.65849125
 0.7352875 0.6759565000000001
 0.7108099999999999 0.67502325
 0.30870875 0.23500925
 0.292466 0.20567975
 0.4981685 0.09850225
 0.4624835 0.10172675
 0.12500025 0.95833325
 0.13719575 0.9238255
 0.1788625 0.96549225
 0.71996825 0.478081
 0.698295 0.4870595
 0.7973095 0.1240655
 0.694885 0.5388215000000001
 0.7081295000000001 0.53374475
 0.30714600000000003 0.740244
 0.31089825000000004 0.71626525
 0.694307 0.415401
 0.67819725 0.41206025
 0.61569425 0.68114875
 0.67563575 0.809137
 0.67342475 0.77216325
 0.65254975 0.2685415
 0.63694625 0.26359425000000003
 0.94106 0.33357074999999997
 0.97111625 0.31205425
 0.96994375 0.3548495
 0.381823 0.8966879999999999
 0.355836 0.91962275
 0.606911 0.739135
 0.5094529999999999 0.1302615
 0.49131075 0.15131475
 0.52778525 0.20219475
 0.5092482500000001 0.19619575
 0.361881 0.66627375
 0.3515255 0.6583282500000001
 0.3689345 0.6493665
 0.38624475 0.31175325
 0.3896455 0.3347425
 0.7098345 0.5208042500000001
 0.698295 0.5129405
 0.38705725 0.29416875
 0.40081350000000004 0.3092125
 0.66140775 0.144154
 0.634741 0.16353225
 0.61376225 0.14490775
 0.62500025 1
 0.6008005 0.9669989999999999
 0.6424672499999999 0.9669989999999999
 0.32873325 0.23729250000000002
 0.34308875 0.20562075000000002
 0 0.2916665
 0.03221875 0.26579625
 0.03221875 0.30746275
 0.24339325 0.46473725
 0.26283049999999997 0.472178
 0.24168825 0.47767775
 0.10610424999999998 0.15659275
 0.07388549999999999 0.1407965
 0.40098674999999995 0.97706525
 0.38804249999999996 0.17160675000000003
 0.35744425 0.17394900000000002
 0.424932 0.299224
 0.41287275 0.30421825
 0.09521825 0.34603525
 0.0637185 0.326749
 0.09593725 0.30087875000000003
 0.21388800000000002 0.13211499999999998
 0.2516705 0.111978
 0.2422225 0.169441
 0.65571975 0.18215674999999998
 0.60807425 0.18291049999999998
 0.26328625 0.57055475
 0.268282 0.5876509999999999
 0.25044025000000003 0.5825177500000001
 0.949845 0.56953725
 0.9247675 0.54180575
 0.128156 0.2750085
 1 0.37499974999999997
 0.96994375 0.39651625
 0.12500025 1
 0.8193714999999999 0.40581875
 0.800805 0.39344274999999995
 0.8240755 0.38227099999999997
 0.93808 0.7596054999999999
 0.90712 0.7852414999999999
 0.90712 0.743575
 0.95833325 0.95833325
 1 0.95833325
 0.95833325 1
 0.03221875 0.22412975000000002
 0.30339375 0.7642227500000001
 0.16013650000000001 0.57064825
 0.18690725 0.56320725
 0.5223679999999999 0.7612082499999999
 0.5151455 0.7736307499999999
 0.5076895 0.753228
 0.59949125 0.31286975
 0.614587 0.30388975
 0.9130025 0.6902075000000001
 0.8647259999999999 0.27863724999999995
 0.8499969999999999 0.25092375
 0.4552395 0.22255225
 0.5353085 0.75950325
 0.54444 0.77383775
 0.22555150000000002 0.485485
 0.20208125 0.5081739999999999
 0.40875425 0.6965169999999999
 0.3638975 0.7937115
 0.39458375 0.7970787500000001
 0.8128107499999999 0.21987475
 0.6084689999999999 0.20996274999999998
 0.242 0.67568625
 0.23142075 0.655036
 0.71041675 0.41874175
 0.24828925 0.50817375
 0.23215249999999998 0.515981
 0.7668714999999999 0.41517725
 0.75460875 0.40249674999999996
 0.6140792500000001 0.2899625
 0.59847575 0.28501525
 0.6135715 0.27603525
 0.23043575 0.45256850000000004
 0.28226775 0.47961875
 0.301705 0.4870595
 0.97111625 0.27038775
 0.9422325 0.24910899999999997
 0.97111625 0.22872125
 0.30386199999999997 0.96549225
 0.2916665 1
 0.65461375 0.8293665
 0.632934 0.8073075000000001
 0.65987525 0.35477125
 0.453956 0.7073075
 0.46117850000000005 0.694885
 0.46689650000000005 0.7090125
 0.392266 0.03498375
 0.37499974999999997 0
 0.2184025 0.735763
 0.24191875000000002 0.71726075
 0.2083335 1
 0.16621200000000003 0.650233
 0.70936275 0.3091535
 0.72307675 0.32227125
 0.701524 0.33023025
 0.26714574999999996 0.32025400000000004
 0.2754885 0.3417565
 1 0.7083335
 0.96904 0.7339694999999999
 0.13832299999999997 0.17238900000000001
 0.89641325 0.84293875
 0.5129405 0.698295
 0.52671025 0.856466
 0.53672125 0.8780622499999999
 0.38786975 0.27658425
 0.38868225 0.25899975
 0.18058925 0.5942274999999999
 0.24438525 0.31851150000000006
 0.0320925 0.5569149999999999
 0.064185 0.57216325
 0.0320925 0.5985817499999999
 0.69930125 0.42746025
 0.6881857499999999 0.43617875
 0.37499974999999997 1
 0.35932 0.97706525
 0.7848470000000001 0.5643545
 0.7711347500000001 0.5588452500000001
 0.62134275 0.258647
 0.704294 0.6280142499999999
 0.696644 0.6136244999999999
 0.7124349999999999 0.61286025
 0.8099635000000001 0.45291425
 0.8382127500000001 0.47582800000000003
 0.58692425 0.29394825
 0.86148325 0.46465625000000005
 0.8664620000000001 0.49874175000000004
 0.587432 0.30787549999999997
 0.57537275 0.30288125
 0.15824675 0.40774925
 0.19061575 0.8288065
 0.199878 0.7977920000000001
 0.236668 0.037326
 0.2783345 0.037326
 0.2650025 0.074652
 0.8820425000000001 0.7158435000000001
 0.5462775 0.71528775
 0.5388215000000001 0.694885
 0.2631585 0.71698675
 0.25257925000000003 0.6963365
 0.34271925 0.64461925
 0.087087 0.7136560000000001
 0.1502115 0.7314670000000001
 0 0.54166675
 0.29885675 0.42401
 0.28589925 0.41184125
 0.80285425 0.7048030000000001
 0.8203247499999999 0.688271
 0.720839 0.360852
 0.19885075 0.37077475
 0.186905 0.35501625000000003
 0.17504475 0.7646295000000001
 0.20914025 0.7667775
 0.49314225 0.2778125
 0.4870595 0.301705
 0.4205805 0.24515674999999998
 1 0.2916665
 0.31099975 0.65101575
 0.42679849999999997 0.10495125
 0.40953225 0.0699675
 0.69797325 0.8734845
 0.722173 0.9064855
 0.270907 0.873542
 0.30037800000000003 0.90804975
 0.6441570000000001 0.716369
 0.641951 0.736892
 0.59089 0.8477665
 0.87501925 0.55517875
 0.2083335 0
 0.5927835 0.12628325
 0.29588375 0.859291
 0.3208605 0.84504
 0.35134175 0.8708640000000001
 0.32684599999999997 0.17629125
 0.29624775000000003 0.1786335
 0.31060325 0.14696175
 0.46062174999999994 0.8541417499999999
 0.48375749999999995 0.82247925
 0.28556824999999997 0.52074775
 0.301705 0.5129405
 0.77454625 0.84878825
 0.738464 0.8383402500000001
 0 0.62500025
 0.0320925 0.6402485
 0.68510475 0.19653325
 0.7117715 0.177155
 0.7083335 0
 0.72559675 0.0310055
 0.11192025 0.788485
 0.1367535 0.8216475
 0.6880745 0.12477575
 0.70905325 0.14340025
 0.9398875 0.41803275
 0.9005657499999999 0.16577575
 0.9133487499999999 0.22783025
 1 0.62500025
 0.9749225 0.59726875
 0.16287574999999999 0.23676125
 0.18245875 0.2634305
 0.14845799999999998 0.25652125000000003
 0 0.04166675
 0.04166675 0
 0.167322 0.328347
 0.54166675 1
 0.517467 0.9669989999999999
 0.55913375 0.9669989999999999
 0.4861075 0.9211294999999999
 0.8947112500000001 0.5216555
 0.8565045 0.43057075
 0.8379380000000001 0.41819475
 0.8612085 0.407023
 0.3722365 0.6742192499999999
 0.3896455 0.6652575000000001
 0.029029 0.6823300000000001
 0.04166675 0.12500025
 0.03221875 0.18246325000000002
 0.47316850000000005 0.172368
 0.74900775 0.38499275
 0.27622325000000003 0.17635025
 0.844819 0.6618835000000001
 0.27327625 0.59971025
 0.28320225 0.6133602499999999
 0.265362 0.613264
 0.56205225 0.2799935
 0.6805574999999999 0.639134
 0.664962 0.63509975
 0.47983699999999996 0.7107175
 0.4726145 0.72314
 0.7428600000000001 0.062011
 0.76012325 0.0930165
 0.7184567500000001 0.0930165
 0.6902984999999999 0.69873725
 0.6730357499999999 0.693129
 0.21867375 0.5728625
 0.63359175 0.849596
 0.6762935 0.8514255000000001
 0.71899525 0.8532550000000001
 0.58793975 0.32180275
 0.47833249999999994 0.7372675
 0.64676075 0.65731225
 0.6570165 0.64545525
 0.66235625 0.6613465000000001
 0.51669925 0.83486975
 0.8146675 0.4293665
 0.7679132500000001 0.737867
 0.78538375 0.7213350000000001
 0.49071125000000004 0.19019675
 0.45502625 0.19342125
 0.57295275 0.70252025
 0.9294495 0.14538800000000002
 0.95833325 0.12500025
 0.97111625 0.18705475
 0.88475375 0.45348450000000007
 0.6310655000000001 0.6493665
 0.27613224999999997 0.5585917499999999
 0.2582905 0.5534585
 0.38825575 0.20073775000000002
 0.90983125 0.43954925
 0.24498875 0.49292575
 0.7688634999999999 0.60216675
 0.7527035 0.61302925
 0.583683 0.7798875000000001
 0.604705 0.759658
 0.24273450000000002 0.6411119999999999
 0.25404825 0.627188
 0.40786025 0.7472840000000001
 0.23844075 0.19648725
 0.234659 0.2235335
 0.20065825 0.21662425000000002
 0.7638395 0.9064855
 0.37267399999999995 0.7371239999999999
 0.91217625 0.312292
 0.47753625 0.77485625
 0.48578849999999996 0.75767025
 0.50178725 0.94406425
 0.554451 0.795434
 0.569067 0.7876607499999999
 0.147739 0.30167775
 0.5048215 0.26162399999999997
 0.51167925 0.2838115
 0.12777725 0.52336425
 0.09627750000000002 0.5457447499999999
 0.493011 0.74524775
 0.50668825 0.8132735
 0.50689325 0.79081675
 0.3374185 0.6921427499999999
 0.32155875 0.695341
 0.42069124999999996 0.765272
 0.058058 0.7396595
 0.087087 0.7553225
 0.318914 0.637462
 0.32682825 0.6239082499999999
 0.33477375 0.6342637499999999
 0.029029 0.7239965
 0.029029 0.765663
 0.6405460000000001 0.3167825
 0.41206025 0.32180275
 0.5398350000000001 0.80320725
 0.24323575 0.7689254999999999
 0.9749225 0.5556019999999999
 1 0.2083335
 0.8654532500000001 0.82690825
 0.623328 0.748275
 0.51925425 0.91106325
 0.28743425 0.357515
 0.46117850000000005 0.30511499999999997
 0.87144075 0.53282725
 0.84677 0.532265
 0.73843825 0.15777675000000002
 0.82209925 0.53170275
 0.68193475 0.282918
 0.69564875 0.29603575000000004
 0.4870595 0.698295
 0.49221475 0.7828364999999999
 0.25157799999999997 0.44706875
 0.6493665 0.6310655000000001
 0.7913969999999999 0.44053825
 0.79078 0.34218149999999997
 0.78294125 0.36325825
 0.76821225 0.33554474999999995
 0.29037925 0.8192159999999999
 0.78383825 0.40430999999999995
 0.78854225 0.38076224999999997
 0.16665750000000001 0.20971499999999998
 0 0.45833325
 0.03149975 0.43595275
 0.04166675 1
 0 0.95833325
 0 0.7083335
 0.3689345 0.3506335
 0.29333699999999996 0.111978
 0.43617875 0.31181424999999996
 0.696153 0.64316825
 0.6882075 0.65352375
 0.7672632500000001 0.0310055
 0.552401 0.900997
 0.77290625 0.15507100000000001
 0.28262525000000005 0.7097715
 0.14094925 0.7624815
 0.77443025 0.4514055
 0.77913425 0.42785775000000004
 0.8011835 0.58044175
 0.82567775 0.5540542500000001
 0.7340420000000001 0.7643927500000001
 0.14939125 0.88931775
 0.16158675 0.85481
 0.7119439999999999 0.642404
 0.302092 0.70255625
 0.56611675 0.1456615
 0.7852 0.618254
 0.7850235000000001 0.59130425
 0.7659745 0.3741255
 0.74340675 0.36748875000000003
 0.7005542499999999 0.68688025
 0.69354725 0.669415
 0.6103544999999999 0.6652575000000001
 0.2996415 0.7882015
 0.22274225 0.40229175
 0.2107965 0.38653325
 0.25895025000000005 0.7856890000000001
 0.27466475 0.8024525
 0.347774 0.70008825
 0.55050075 0.2889265
 0.5633135 0.297887
 0.73780575 0.34998474999999996
 0.7445625 0.62818325
 0.728226 0.612096
 0.28612225 0.5877472499999999
 0.5165007500000001 0.2454355
 0.31966 0.38587550000000004
 0.5129405 0.301705
 0.7364215000000001 0.64333725
 0.5608934999999999 0.7075145
 0.5638212499999999 0.6881857499999999
 0.7083335 1
 0.6851689999999999 0.9688285
 1 0.12500025
 0.31888275 0.61355275
 0.3347425 0.6103544999999999
 0.86343075 0.6888635000000001
 0.3548275 0.683181
 0.8623810000000001 0.36422774999999996
 0.8438144999999999 0.35185174999999996
 0.8635535 0.3214325
 0.2916665 0
 0.9749225 0.5139352500000001
 0.7456445 0.328908
 0.12500025 0
 0.305386 0.3576245
 0.7756244999999999 0.18882575000000001
 0.43769675 0.2047235
 0.42036725 0.21602575000000002
 0.825248 0.33947574999999997
 0.40303775000000003 0.227328
 0.57660075 0.933998
 0.03149975 0.394286
 0.3010425 0.6134565
 0.5388215000000001 0.30511499999999997
 0.258803 0.29875150000000006
 0.17854875 0.389262
 0.6574402500000001 0.68909475
 0.667696 0.67723775
 0 0.12500025
 0.3204685 0.3613945
 0.3276055 0.37552
 0.84228875 0.79573675
 0.388469 0.22986875
 0.03149975 0.35261925
 0 0.2083335
 0.658438 0.21591149999999998
 0.7916665 1
 0.8101685000000001 0.9688285
 0.8832925 0.29101325
 0.9133487499999999 0.26949674999999995
 0.41206025 0.67819725
 0.3506335 0.6310655000000001
 0 0.7916665
 0.87499975 0
 0.20538175 0.523422
 0.54166675 0
 0.7916665 0
 0.1761055 0.152252
 0.31181424999999996 0.43617875
 0 0.37499974999999997
 1 0.54166675
 0.6470847500000001 0.6970402499999999
 0.6493665 0.3689345
 0.32984899999999995 0.9425574999999999
 0.67795175 0.66538075
 0.5281800000000001 0.229247
 0.5350377500000001 0.2514345
 0.3347425 0.3896455
 0 0.87499975
 0.5638212499999999 0.31181424999999996
 0.3032575 0.282416375
 0.307428875 0.293167625
 0.297416625 0.292026
 0.8232659999999999 0.66158725
 0.811018875 0.674781
 0.8139601249999999 0.64809725
 0.298616 0.678385125
 0.308349375 0.6747775
 0.303019125 0.685239625
 0.719324125 0.87439925
 0.7084842499999999 0.86336975
 0.7298351249999999 0.8642845000000001
 0.6609892500000001 0.6402775
 0.6531914999999999 0.638260375
 0.65716425 0.633082625
 0.676622375 0.87256975
 0.68872225 0.8890702500000001
 0.667371375 0.8881555000000001
 0.74051925 0.658957875
 0.732351 0.65091425
 0.74458975 0.651380875
 0.85309775 0.35803975
 0.8536839999999999 0.336642125
 0.8629672500000001 0.342830125
 0.0145145 0.7369982500000001
 0.029029 0.7448297500000001
 0.0145145 0.7578315
 0.7981445 0.35603825
 0.7942251250000001 0.366576625
 0.7868606250000001 0.352719875
 0.137064625 0.5938233749999999
 0.147291 0.605613
 0.135532875 0.614864125
 0.5325662499999999 0.770557125
 0.5260959999999999 0.771409625
 0.52883825 0.76035575
 0.7240293750000001 0.416052875
 0.7184716250000001 0.420412125
 0.7159745000000001 0.4143825
 0.67737075 0.062387875
 0.668739125 0.046885125
 0.692561875 0.04650825
 0.885565375 0.544284125
 0.887354625 0.555459875
 0.87323 0.544003
 0.776983625 0.20570312500000001
 0.759749625 0.20705600000000002
 0.7583905 0.19017862500000002
 0.591218875 0.86891075
 0.580379 0.8578812499999999
 0.601729875 0.858796
 0.327735875 0.6631256249999999
 0.32333274999999995 0.656271125
 0.331262625 0.6546719999999999
 0.8734230000000001 0.306222875
 0.8641397499999999 0.300034875
 0.87400925 0.28482525
 0.691571125 0.9211564999999999
 0.6823201249999999 0.93674225
 0.67022025 0.92024175
 0.710412375 0.160277625
 0.697079 0.16996675
 0.695719875 0.153089375
 0.94047375 0.354968375
 0.955501875 0.344210125
 0.9549156249999999 0.36560775
 0.662245375 0.3463085
 0.65301825 0.348212375
 0.655388375 0.339749625
 0.407655625 0.289130875
 0.413279 0.295426
 0.407249375 0.297923125
 0.020833375 0.020833375
 0 0.020833375
 0.020833375 0
 0.777258375 0.377443875
 0.7800588749999999 0.38619587499999997
 0.768775 0.3828775
 0.9549156249999999 0.469774625
 0.9574050000000001 0.486817375
 0.942376875 0.47674225000000003
 0.136869 0.356077875
 0.1466605 0.36941250000000003
 0.1365095 0.378656125
 0.26680750000000003 0.79407075
 0.262176375 0.809578
 0.25431912500000003 0.80119625
 0.5974341249999999 0.933998
 0.5853342500000001 0.9174975000000001
 0.606167625 0.9174975000000001
 0.48032600000000003 0.1001145
 0.48596825 0.115994125
 0.46812575 0.117606375
 0.7539575000000001 0.27289775000000005
 0.750038125 0.28343612500000004
 0.7426736249999999 0.26957937500000007
 0.803157 0.38166887499999996
 0.7946736249999999 0.38710249999999996
 0.7970256250000001 0.37532862499999997
 0.38137849999999995 0.732643125
 0.38842999999999994 0.7373221249999999
 0.37972549999999994 0.741803
 0.211268375 0.629596375
 0.2056115 0.636558375
 0.195385125 0.62476875
 0.6985638750000001 0.134088
 0.6852305 0.143777125
 0.6747411249999999 0.134464875
 0.14212287499999998 0.40911362500000004
 0.13615 0.40123437500000003
 0.152273875 0.39987
 0.943891375 0.135194125
 0.96472475 0.15602749999999999
 0.9502828750000001 0.166221375
 0.568142375 0.015879625
 0.547309 0.015879625
 0.5625001249999999 0
 0.38816825 0.78808475
 0.397095875 0.780774375
 0.403511375 0.789768375
 0.8397245 0.03102725
 0.8541663749999999 0.020833375
 0.860557875 0.051860625
 0.326713625 0.339544375
 0.32087275 0.34915399999999996
 0.31917237499999995 0.337659375
 0.5550152500000001 0.2665665
 0.561421625 0.27104675
 0.555645875 0.27551325
 0.7859205 0.29925837499999997
 0.7686865 0.30061125
 0.778556 0.285401625
 0.6372306249999999 0.29041975
 0.629428875 0.28794612500000005
 0.6369767500000001 0.283456125
 0.5316088750000001 0.24034075
 0.5374485 0.23224650000000002
 0.540877375 0.24334025
 0.5621595 0.831715
 0.5548515 0.835601625
 0.557154 0.820916875
 0.277392125 0.28974275000000005
 0.283233 0.28013312500000004
 0.287404375 0.29088437500000003
 0.640801375 0.23503824999999998
 0.63691575 0.243732375
 0.6329996250000001 0.23256462499999997
 0.40446625 0.017491875
 0.383632875 0.017491875
 0.395833125 0
 0.440555375 0.69984275
 0.43452575000000004 0.697345625
 0.442208375 0.690682875
 0.26970925 0.56457325
 0.26078837499999996 0.562006625
 0.267211375 0.5560251249999999
 0.27459412499999997 0.640701
 0.26963112499999997 0.633876
 0.280251 0.6337389999999999
 0.25983187500000005 0.37766774999999997
 0.2544245 0.38467575
 0.248451625 0.3767965
 0.44464099999999995 0.103339
 0.45028325 0.11921862500000001
 0.43244075 0.120830875
 0.44956637499999996 0.813831125
 0.44222712500000005 0.809841
 0.4536925 0.805238125
 0.757491125 0.379559125
 0.74620725 0.37624075
 0.7546906250000001 0.370807125
 0.643791125 0.35011625
 0.63624325 0.35460625
 0.638613375 0.3461435
 0.6188195 0.7834827500000001
 0.6293305 0.773368
 0.6270279999999999 0.7880527500000001
 0.663848 0.35994899999999996
 0.658593625 0.367030625
 0.654620875 0.36185287499999996
 0.859480375 0.20166625
 0.84088725 0.18614175
 0.853088875 0.17063899999999999
 0.311124375 0.8722030000000001
 0.32361275 0.8650775
 0.338853375 0.8779895
 0.755399625 0.8250773750000001
 0.7373585 0.8198533750000001
 0.754294125 0.8065905000000001
 0.274780625 0.38560174999999997
 0.271212125 0.37853899999999996
 0.280188 0.37859374999999995
 0.5895889999999999 0.79914225
 0.5977975 0.80371225
 0.5872865 0.8138270000000001
 0.802283625 0.683047
 0.7929777499999999 0.669557
 0.03149975 0.373452625
 0.047249625 0.362262375
 0.047249625 0.38309575
 0.15598562500000002 0.638443375
 0.15445387500000002 0.659484125
 0.1442275 0.6476945000000001
 0.23886612499999998 0.400927375
 0.23289325 0.39304812499999997
 0.249017125 0.39168375
 0.048328125 0.252861125
 0.0644375 0.26075925
 0.048328125 0.27369437500000005
 0.712913875 0.424771375
 0.707356125 0.429130625
 0.704859 0.423101
 0.7514916250000001 0.07751374999999999
 0.73929 0.0930165
 0.7306583750000001 0.07751374999999999
 0.808014 0.340828625
 0.8006495 0.32697187499999997
 0.8178835 0.325619
 0.46687375 0.2581825
 0.470302625 0.26927625
 0.463832375 0.27012875000000003
 0.11113825000000001 0.478111375
 0.11143462500000001 0.49692575
 0.09538837500000001 0.489301625
 0.270844125 0.488838875
 0.27249437499999996 0.49646287499999997
 0.26277575 0.49274249999999997
 0.350077125 0.30110587499999997
 0.34423624999999997 0.31071550000000003
 0.342535875 0.299220875
 0.726786625 0.40294162499999997
 0.7187317500000001 0.40127124999999997
 0.7239861249999999 0.394189625
 0.56982175 0.23999262500000001
 0.576228125 0.24447287500000003
 0.565936125 0.24868675
 0.48939974999999997 0.751459
 0.48206049999999995 0.747468875
 0.48567174999999996 0.741257625
 0.29539637499999993 0.45745812500000005
 0.294543875 0.46392837500000006
 0.28482525 0.46020800000000006
 1 0.6458336250000001
 0.98746125 0.65280125
 0.98746125 0.6319678750000001
 0.49161049999999995 0.13187375
 0.500381875 0.140788125
 0.482539375 0.142400375
 0.485266375 0.22534325
 0.49453487500000004 0.22834274999999998
 0.48869525 0.236437
 0 0.27083325
 0.016109375 0.257898125
 0.016109375 0.278731375
 0.42452575 0.30801625
 0.43055537499999996 0.305519125
 0.430149125 0.31431137499999995
 0.50035025 0.7492378749999999
 0.49662225 0.7390365
 0.5039615 0.7430266249999999
 0.35347787499999994 0.32409512500000004
 0.347637 0.33370475
 0.345936625 0.322210125
 0.6848723750000001 0.30001525
 0.691729375 0.30657412500000003
 0.680953 0.310553625
 0.9422325 0.22827575
 0.927790625 0.238469625
 0.927790625 0.217636375
 0.293691375 0.470398625
 0.29283887499999994 0.47686887499999997
 0.28312024999999996 0.47314849999999997
 0.75691975 0.95324275
 0.76617075 0.937657
 0.777753 0.95324275
 0.775856375 0.46857525
 0.7816261250000001 0.47250712500000003
 0.7707895 0.47699637500000003
 0.047546000000000005 0.48524362499999996
 0.047842375000000006 0.5040579999999999
 0.031796125 0.49643387499999997
 0.3053355 0.43009437500000003
 0.302838375 0.436124
 0.296359625 0.43003962500000004
 0.099442875 0.09123162500000001
 0.094718875 0.119963125
 0.0786095 0.112065
 0.80109525 0.566966875
 0.7930152500000001 0.572398125
 0.792927 0.55892325
 0.625197875 0.230091
 0.6213122500000001 0.238785125
 0.6173961250000001 0.227617375
 0.35748199999999997 0.7847175
 0.36640962499999996 0.777407125
 0.372825125 0.786401125
 0.379240625 0.795395125
 0.294077625 0.33274775
 0.2999185 0.323138125
 0.30408987499999995 0.333889375
 0.2037315 0.515798
 0.191996375 0.5271425000000001
 0.190346125 0.5195185
 0.67688025 0.6195664999999999
 0.6690825 0.617549375
 0.67305525 0.612371625
 0.311631125 0.33577437499999996
 0.317472 0.32616475
 0.737590875 0.588756125
 0.730968625 0.5912945000000001
 0.7321925 0.583108625
 0.725104875 0.16746587500000001
 0.72374575 0.15058850000000001
 0.283552375 0.692454875
 0.28795550000000003 0.699309375
 0.27822212500000004 0.702917
 0.211180125 0.547218125
 0.2245655 0.543497625
 0.227063375 0.55204575
 0.134655625 0.8512305
 0.122239 0.83464925
 0.149170125 0.83822875
 0.28816525 0.62018525
 0.284208125 0.6269621249999999
 0.279245125 0.620137125
 0.576375 0.783774125
 0.5713695 0.7729759999999999
 0.5786775 0.7690893750000001
 0.14583362500000002 0.979166625
 0.14583362500000002 1
 0.12500025 0.979166625
 0.295747125 0.312386875
 0.30575937499999994 0.3135285
 0.33198249999999996 0.35810175
 0.33595525 0.352924
 0.33952375 0.35998675
 0.9374998750000001 0.9166665
 0.9374998750000001 0.9374998750000001
 0.9166665 0.9374998750000001
 0.35215375000000004 0.250786125
 0.33685462499999996 0.25195725
 0.344032375 0.23612137500000002
 0.7056821249999999 0.68095175
 0.6970507499999999 0.678147625
 0.702178625 0.672219125
 0.67453025 0.790650125
 0.664795875 0.7981075
 0.663690375 0.779620625
 0.7649371250000001 0.528543125
 0.758081 0.5257885
 0.763147875 0.517367375
 0.5310900000000001 0.286369
 0.5317206250000001 0.29531575
 0.525250375 0.29446324999999995
 0.681257875 0.401671375
 0.683755 0.407701
 0.675700125 0.406030625
 0.408826625 0.9885326249999999
 0.421820125 0.97706525
 0.42966000000000004 0.9885326249999999
 0.24769750000000001 0.647937
 0.253354375 0.640975
 0.25831737499999996 0.6477999999999999
 0.21387687500000002 0.247125125
 0.223668375 0.26045975
 0.20666800000000002 0.257005125
 0.9374998750000001 0.979166625
 0.95833325 0.979166625
 0.9374998750000001 1
 0.40690225 0.871208625
 0.42224537500000003 0.87289225
 0.42214287500000003 0.884120625
 0.391866625 0.835839875
 0.40710725000000003 0.848751875
 0.391764125 0.84706825
 0.700469 0.620819375
 0.7045395 0.613242375
 0.7083645 0.6204372499999999
 0.215466625 0.5044534999999999
 0.217116875 0.5120775
 0.24646187500000002 0.7928145
 0.24183074999999998 0.80832175
 0.215837875 0.6483479999999999
 0.199954625 0.643520375
 0.88387875 0.269615625
 0.898906875 0.25885737499999995
 0.898320625 0.280255
 0.4202405 0.13832275
 0.429011875 0.147237125
 0.41116937499999995 0.148849375
 0.324736625 0.7450181250000001
 0.33366425 0.73770775
 0.331788125 0.749697125
 0.26416724999999996 0.018663
 0.27083325 0
 0.2850005 0.018663
 0.064185 0.551329875
 0.08023125 0.5381206249999999
 0.08023125 0.558954
 1 0.479166625
 0.984971875 0.48992487500000004
 0.984971875 0.4690915
 0.29028137499999995 0.496279625
 0.29193162500000003 0.503903625
 0.282213 0.50018325
 0.07946837500000001 0.33639212500000004
 0.07982787499999999 0.313813875
 0.09557775 0.323457
 0.3485895 0.8508265
 0.333348875 0.8379145
 0.361077875 0.843701
 0.5924461249999999 0.28251812499999995
 0.5927 0.28948175
 0.586670375 0.286984625
 0.618563625 0.19222275
 0.6187609999999999 0.205748875
 0.608271625 0.19643662499999998
 0.666539125 0.377386125
 0.6705118750000001 0.382563875
 0.6612847500000001 0.38446775
 0.029029 0.70316325
 0.0435435 0.6901615000000001
 0.0435435 0.71099475
 0.657228375 0.6672750000000001
 0.665026125 0.669292125
 0.6598982499999999 0.675220625
 0.644916375 0.047262000000000005
 0.6601075 0.031382375000000004
 0.9374998750000001 0.04166675
 0.95833325 0.062500125
 0.9374998750000001 0.062500125
 0.71106475 0.713078125
 0.705936875 0.719006625
 0.702433375 0.7102740000000001
 0.96994375 0.45901637500000003
 0.9549156249999999 0.44894125
 0.305619875 0.832128
 0.31810825 0.8250025
 0.28732500000000005 0.39271924999999996
 0.29273237500000004 0.38571124999999995
 0.296300875 0.39277399999999996
 0.7711915 0.271544875
 0.7884255 0.270192
 0.7461187499999999 0.2939745
 0.742199375 0.304512875
 0.734834875 0.29065612500000004
 0.7126891249999999 0.6984170000000001
 0.7040577499999999 0.695612875
 0.7091856249999999 0.689684375
 0.749563875 0.318369625
 0.73828 0.31505125
 0.8493931250000001 0.9134541249999999
 0.8324575000000001 0.926717
 0.8378108750000001 0.8978683749999999
 0.826228625 0.882282625
 0.8431642500000001 0.86901975
 0.496739 0.7554491249999999
 0.49312775 0.761660375
 0.5942913750000001 0.22287075
 0.59040575 0.231564875
 0.583999375 0.22708462499999998
 0.625167375 0.21022912500000002
 0.614875375 0.214443
 0.162628125 0.7480482500000001
 0.16725925 0.7325410000000001
 0.17967587499999998 0.7491222500000001
 0.409552 0.9024745
 0.42428749999999993 0.919728375
 0.3965585 0.9139418749999999
 0.603455 0.706169
 0.5956073749999999 0.702196125
 0.604918875 0.696504625
 0.9284825000000001 0.6773895000000001
 0.94102125 0.69125525
 0.92554125 0.70407325
 0.9549156249999999 0.428107875
 0.9549156249999999 0.4072745
 0.96994375 0.417349625
 0.3034255 0.162797625
 0.28812637500000005 0.16396875
 0.29530412500000003 0.148132875
 0.731784 0.667223875
 0.72304875 0.675489875
 0.7195452499999999 0.66675725
 0.1105455 0.440482625
 0.110841875 0.459297
 0.09479562500000001 0.45167287500000003
 0.5859855 0.76520275
 0.58098 0.754404625
 0.388698875 0.0699675
 0.38006575 0.052475625
 0.400899125 0.052475625
 0.27916975 0.093315
 0.28583574999999994 0.074652
 0.30000299999999996 0.093315
 0.5268667499999999 0.71784525
 0.52313875 0.707643875
 0.529609 0.706791375
 0.5562765000000001 0.28446
 0.562682875 0.28894025
 0.556907125 0.29340675
 0.50915325 0.14970250000000002
 0.517924625 0.158616875
 0.500082125 0.160229125
 0.13830699999999999 0.265764875
 0.1480985 0.27909950000000006
 0.1379475 0.28834312500000003
 0.301353875 0.41798037499999996
 0.292378 0.41792562499999997
 0.294875125 0.411896
 0.202129375 0.5920931249999999
 0.1964725 0.5990551249999999
 0.18624612499999998 0.5872655
 0.255792625 0.544910375
 0.24936962499999998 0.550891875
 0.24687175 0.5423437499999999
 0.728247375 0.45418100000000006
 0.722116 0.44784075
 0.733805125 0.44982175
 0.6440908750000001 0.6493666250000001
 0.64921875 0.6434381250000001
 0.651888625 0.65138375
 0.32363275 0.38069775000000006
 0.33117399999999997 0.38258274999999997
 0.32720125 0.3877605
 0.351854125 0.27414387500000004
 0.35226037499999996 0.26535162500000004
 0.35913849999999997 0.27287350000000005
 0.822294125 0.17061725
 0.803701 0.15509275
 0.815902625 0.13959
 0.20916400000000002 0.1608465
 0.22805525000000001 0.150778
 0.22333125 0.1795095
 0.67653925 0.701861625
 0.671411375 0.707790125
 0.667907875 0.6990575
 0.5199296250000001 0.25652925
 0.5257692500000001 0.24843500000000002
 0.5291981250000001 0.25952875
 0.773002875 0.4215175
 0.7753548749999999 0.40974362499999994
 0.7814862499999999 0.416083875
 0.198484375 0.474111625
 0.2102195 0.462767125
 0.21051587500000002 0.4815815
 0.9374998750000001 0.895833125
 0.922019875 0.8878178750000001
 0.94285325 0.8669845
 0.675964625 0.8302812500000001
 0.6651247499999999 0.8192517500000001
 0.6864756249999999 0.8201665
 0.30181749999999996 0.35056175
 0.30579025 0.345384
 0.30935875 0.35244675000000003
 0.886123875 0.175969625
 0.9069572499999999 0.196803
 0.8925153749999999 0.206996875
 0.648869375 0.919327
 0.658120375 0.9037412499999999
 0.057776125 0.132898375
 0.05305212499999999 0.161629875
 0.036942749999999996 0.15373175
 0.24342837499999997 0.6273249999999999
 0.23846537499999998 0.6204999999999999
 0.24908524999999998 0.620363
 0.6109897500000001 0.223137125
 0.604583375 0.21865687499999997
 0.44905387499999994 0.8699729999999999
 0.4375885 0.8745758749999999
 0.44915637499999994 0.8587446249999999
 0.67658475 0.64431175
 0.668787 0.642294625
 0.67275975 0.637116875
 0.020833375 0.062500125
 0 0.062500125
 0.020833375 0.04166675
 0.104166875 0.9374998750000001
 0.110264625 0.920246
 0.131098 0.9410793749999999
 0.7407889999999999 0.46263224999999997
 0.729952375 0.46712149999999997
 0.729099875 0.46065125
 0.1285155 0.25243024999999997
 0.112406125 0.265365375
 0.112765625 0.24278712500000002
 0.250897625 0.40839725
 0.23477375 0.409761625
 0.34110050000000003 0.9023688750000001
 0.32810700000000004 0.91383625
 0.3133715 0.8965823749999999
 0.5241245000000001 0.728899125
 0.53059475 0.728046625
 0.264356125 0.599662125
 0.269319125 0.606487125
 0.260399 0.606439
 0.8815603750000001 0.6223022500000001
 0.8722545 0.60881225
 0.8845016250000001 0.5956185
 0.6714725 0.344404625
 0.669102375 0.352867375
 0.23882225 0.9137306249999999
 0.217989 0.9137306249999999
 0.22408675 0.8964767499999999
 0.136385625 0.078296375
 0.152495 0.08619450000000001
 0.131661625 0.107027875
 0.27678112499999996 0.24510750000000003
 0.27489025 0.258630625
 0.266768875 0.24396587500000003
 0.310599625 0.221486125
 0.300587375 0.2203445
 0.30247825 0.206821375
 0.9749225 0.534768625
 0.9623837500000001 0.54173625
 0.9623837500000001 0.520902875
 0.36650925 0.21911437500000003
 0.35121012500000004 0.22028550000000002
 0.358387875 0.20444962500000002
 0.7509776250000001 0.7511298750000001
 0.7329365000000001 0.745905875
 0.749872125 0.732643
 0.979166625 0.9374998750000001
 1 0.9374998750000001
 0.979166625 0.95833325
 0.73005575 0.6929551250000001
 0.7335592499999999 0.70168775
 0.7213204999999999 0.701221125
 0.4124665 0.3130105
 0.418496125 0.310513375
 0.418089875 0.31930562500000004
 0.672823875 0.67130925
 0.6806216249999999 0.673326375
 0.67549375 0.679254875
 0.644414875 0.689094625
 0.649592625 0.685121875
 0.6522625000000001 0.6930675
 0.571488875 0.7121846249999999
 0.56545925 0.71468175
 0.566923125 0.705017375
 0.30931712499999997 0.442208375
 0.30034125 0.442153625
 0.7750038749999999 0.462105
 0.76416725 0.46659425
 0.6998022500000001 0.549223625
 0.6940325 0.5452917500000001
 0.70065475 0.542753375
 0.763827 0.25768812500000005
 0.35647850000000003 0.695607375
 0.36353 0.7002863749999999
 0.3548255 0.70476725
 0.6024025 0.77434275
 0.6129135 0.7642280000000001
 0.610611 0.77891275
 0.477374 0.93763
 0.460800625 0.9426631249999999
 0.469534125 0.9261626249999999
 0.029029 0.78649625
 0.0435435 0.7734945
 0.0435435 0.79432775
 0.37071149999999997 0.3236715
 0.37758962500000004 0.331193375
 0.372411875 0.335166125
 0.6501595 0.7414620000000001
 0.6490565 0.7517235
 0.6408480000000001 0.7471535
 0.5181220000000001 0.172143
 0.5183193750000001 0.185669125
 0.509050875 0.182669625
 0.785107875 0.13956825
 0.76651475 0.12404375000000001
 0.778716375 0.108541
 0.8495732500000001 0.412608875
 0.84029 0.406420875
 0.8519252500000001 0.400835
 0.15789 0.292434125
 0.16768149999999998 0.30576875000000003
 0.15753050000000002 0.315012375
 0.9845200000000001 0.8044845
 0.96904 0.79646925
 0.9845200000000001 0.78365125
 0.492124125 0.24753075
 0.501392625 0.25053024999999995
 0.495553 0.2586245
 0.620614125 0.704450375
 0.622078 0.6947859999999999
 0.629925625 0.698758875
 0.25833649999999997 0.093315
 0.27250375 0.111978
 0.292784125 0.510373875
 0.30085249999999997 0.50647025
 0.08054687499999999 0.226990875
 0.09665625 0.23488900000000001
 0.08054687499999999 0.24782412500000003
 0.36723412499999997 0.33913887499999995
 0.37411225000000004 0.34666074999999996
 0.95833325 0.020833375
 0.979166625 0.020833375
 0.979166625 0.04166675
 0.7126805 0.5980883749999999
 0.707282125 0.5924408749999999
 0.7151776249999999 0.5920587499999999
 0.397332 0.087459375
 0.376498625 0.087459375
 0.72629125 0.539070125
 0.7205215 0.5351382499999999
 0.72714375 0.532599875
 0.8002981250000001 0.01550275
 0.7880965 0.0310055
 0.7794648750000001 0.01550275
 0.299869375 0.39983674999999996
 0.30527675 0.39282874999999995
 0 0.395833125
 0.015749875 0.384642875
 0.015749875 0.40547625
 0.29553650000000004 0.755841
 0.29741262500000004 0.743851625
 0.305269875 0.7522333750000001
 0.298636 0.8793285
 0.283395375 0.8664165
 0.760291625 0.388311125
 0.5932077499999999 0.303409
 0.599237375 0.30590612500000003
 0.593461625 0.31037262499999996
 0.13866649999999997 0.24318662500000002
 0.213816375 0.4968294999999999
 0.22720175 0.493109
 1 0.520833375
 0.98746125 0.527801
 0.98746125 0.506967625
 0.94164625 0.31217312499999994
 0.956674375 0.30141487499999997
 0.956088125 0.32281249999999995
 0.6875711250000001 0.7236598750000001
 0.6789397500000001 0.72085575
 0.688674125 0.713398375
 0.8381013749999999 0.5678102500000001
 0.825766 0.5675291250000001
 0.838013125 0.5543353750000001
 0.166875875 0.5422075
 0.18026125 0.5384869999999999
 0.168526125 0.5498315
 0.40250462499999995 0.15450049999999999
 0.411276 0.163414875
 0.78528825 0.631728875
 0.7772082499999999 0.637160125
 0.77712 0.62368525
 0.5693431250000001 0.300384125
 0.5695969999999999 0.30734775
 0.563567375 0.304850625
 0.256357625 0.5042701249999999
 0.246639 0.50054975
 0.254707375 0.49664612499999994
 0.7555888749999999 0.50225975
 0.761358625 0.506191625
 0.7505219999999999 0.510680875
 0.82159875 0.447328375
 0.8123155 0.44114037500000003
 0.8239507500000001 0.4355545
 0.354094 0.8909015
 0.36882950000000003 0.908155375
 0.738791 0.684689125
 0.7265522499999999 0.6842225000000001
 0.648074375 0.153843125
 0.624251625 0.15422
 0.637585 0.144530875
 0.510661125 0.25352975
 0.51409 0.2646235
 0.673842625 0.335941875
 0.666985625 0.329383
 0.67621275 0.327479125
 0.9623837500000001 0.562569625
 0.949845 0.548703875
 0.79832825 0.45850012500000004
 0.789045 0.452312125
 0.80068025 0.44672625
 0.255724125 0.7618
 0.263581375 0.7701817500000001
 0.251093 0.77730725
 0.3162285 0.705803125
 0.325961875 0.7021955
 0.32063162500000003 0.712657625
 0.8137836250000001 0.6211475
 0.8014482500000001 0.620866375
 0.813695375 0.607672625
 0.015749875 0.48880975
 0.01604625 0.507624125
 0.49252625000000005 0.082622625
 0.47468375 0.084234875
 0.567197375 0.26658025
 0.567828 0.275527
 0.13951237500000002 0.51201975
 0.151543875 0.519489625
 0.13980875 0.5308341249999999
 0.159049125 0.5963618749999999
 0.15751737500000002 0.617402625
 0.75179025 0.5423955
 0.7449341249999999 0.539640875
 0.753014125 0.534209625
 0.253111875 0.468457625
 0.25225937499999995 0.474927875
 0.24254075 0.4712075
 0.058058 0.71882625
 0.0725725 0.7058245000000001
 0.0725725 0.72665775
 0.7078734999999999 0.6499809999999999
 0.699978 0.6503631249999999
 0.7040485 0.642786125
 0.28580312500000005 0.7594486250000001
 0.27606975 0.76305625
 0.277945875 0.751066875
 0.44716775 0.7418242500000001
 0.45485037500000003 0.7351615
 0.457709375 0.74222525
 0.282196375 0.599758375
 0.287159375 0.6065833749999999
 0.27823925 0.60653525
 0.5427692500000001 0.2701805
 0.543399875 0.27912724999999994
 0.5369296250000001 0.27827475
 0.683159125 0.764705875
 0.67452775 0.76190175
 0.684262125 0.7544443750000001
 0.496571125 0.28890625000000003
 0.50241075 0.280812
 0.505839625 0.29190574999999996
 0.12807362500000002 0.542178625
 0.140105125 0.5496485
 0.5771982499999999 0.195552125
 0.566708875 0.186239875
 0.577000875 0.182026
 0.266011875 0.28887150000000006
 0.27018325 0.29962275000000005
 0.84498075 0.52108925
 0.832645375 0.520808125
 0.830856125 0.509632375
 0.984971875 0.448258125
 0.684993375 0.373578375
 0.6889661250000001 0.378756125
 0.6797390000000001 0.38066
 0.39522024999999994 0.15577087500000003
 0.39532687499999997 0.170336375
 0.5368563749999999 0.19166812500000002
 0.5461248750000001 0.194667625
 0.53705375 0.20519425000000002
 0.5166685 0.708496375
 0.51941075 0.6974425
 0.17601975 0.575475875
 0.173521875 0.5669277500000001
 0.189405125 0.571755375
 0.6908773749999999 0.661469375
 0.69600525 0.655540875
 0.698675125 0.6634865
 0.26815475 0.8535045
 0.252914125 0.8405925
 0.280643125 0.846379
 0.47198462499999994 0.8607672499999999
 0.46051924999999994 0.8653701249999999
 0.47208712499999994 0.8495388749999999
 0.556022125 0.1634015
 0.5562195000000001 0.176927625
 0.545730125 0.167615375
 0.8351175 0.32426612499999996
 0.827753 0.310409375
 0.796728125 0.04650825
 0.7758948750000001 0.04650825
 0.326842375 0.250815625
 0.31683012499999996 0.249674
 0.318721 0.236150875
 0.84486925 0.436156625
 0.835586 0.429968625
 0.84722125 0.42438275000000003
 0.93142375 0.6507057500000001
 0.9159437500000001 0.6635237500000001
 0.356878625 0.347084375
 0.35103775 0.35669399999999996
 0.34933737499999995 0.345199375
 0.714263875 0.27097950000000004
 0.721120875 0.277538375
 0.7103445 0.28151787500000003
 0.349643375 0.735076375
 0.35669487499999997 0.7397553749999999
 0.34776724999999997 0.74706575
 0.33478937499999994 0.6462183749999999
 0.330816625 0.6410406249999999
 0.33874649999999995 0.6394415
 0.695502125 0.359415125
 0.6994748749999999 0.36459287500000004
 0.6902477499999999 0.36649675000000004
 0.312882625 0.5878916249999999
 0.3103855 0.581862
 0.31930562500000004 0.5819101250000001
 0.015749875 0.3638095
 0.185041375 0.286645125
 0.19483287500000002 0.29997975
 0.1778325 0.296525125
 0.23545025 0.736837
 0.230160625 0.7265118749999999
 0.247208375 0.7275858749999999
 0.9565012500000001 0.67843725
 0.95356 0.705121
 0.780775125 0.893222625
 0.769192875 0.8776368750000001
 0.7861285 0.864374
 0.3954335 0.184901875
 0.388149125 0.18617225000000004
 0.664793375 0.769359125
 0.665896375 0.7590976250000001
 0.71604175 0.6580246249999999
 0.7073065 0.666290625
 0.97198125 0.66561925
 0.9845200000000001 0.679485
 0.744920625 0.44110325
 0.7504783749999999 0.436744
 0.75660975 0.44308425
 0.29250175 0.055989
 0.29916774999999995 0.037326
 0.313335 0.055989
 0.09627750000000002 0.5665781249999999
 0.11232375000000001 0.5533688749999999
 0.11232375000000001 0.5742022499999999
 0.7287296249999999 0.8457976250000001
 0.71788975 0.8347681250000001
 0.727624125 0.8273107500000001
 0.630628 0.32973525000000004
 0.6329981250000001 0.3212725
 0.6381758750000001 0.32524525000000004
 0.080793375 0.8440715
 0.06837675 0.82749025
 0.095307875 0.8310697499999999
 0.29366037500000003 0.7678303750000001
 0.39068037499999997 0.771780375
 0.4060235 0.7734639999999999
 0.6944199999999999 0.95324275
 0.6730691249999999 0.9523280000000001
 0.38129124999999997 0.245704625
 0.388575625 0.24443425
 0.381397875 0.260270125
 0.751625625 0.45814299999999997
 0.74549425 0.45180275000000003
 0.757183375 0.45378375
 0.2960795 0.6066315
 0.292122375 0.6134083749999999
 0.73706275 0.710420375
 0.7405662500000001 0.719153
 0.7283275 0.7186863750000001
 0.72096875 0.42644175
 0.23211462500000002 0.641249
 0.22715162500000002 0.634424
 0.23777150000000002 0.6342869999999999
 0.761830875 0.572462375
 0.76305475 0.5642765000000001
 0.7699108750000001 0.567031125
 0.22258212500000002 0.6156723749999999
 0.21692525000000001 0.622634375
 0.206698875 0.6108447499999999
 0.6151195 0.7437050000000001
 0.6140165 0.7539665
 0.605808 0.7493965
 0.45049337500000003 0.9885326249999999
 0.463486875 0.97706525
 0.47132675 0.9885326249999999
 0.7007145 0.6060474999999999
 0.6928190000000001 0.6064296249999999
 0.6968894999999999 0.5988526249999999
 0.9845200000000001 0.762818
 0.96904 0.75480275
 0.9845200000000001 0.74198475
 0.75273075 0.636226875
 0.75680125 0.628649875
 0.7649695 0.6366935
 0.41148925000000003 0.192545875
 0.42026062500000005 0.20146025
 0.41159587500000006 0.20711137500000001
 0.7002235 0.6355912499999999
 0.7081189999999999 0.6352091249999999
 0.710836625 0.49551075
 0.716606375 0.49944262500000003
 0.70576975 0.503931875
 0.527193125 0.161616375
 0.42481737499999994 0.756679
 0.43535899999999994 0.75708
 0.43123287499999996 0.765673
 0.706010875 0.345251875
 0.709983625 0.35042962499999997
 0.7007565 0.35233349999999997
 0.158029125 0.944658875
 0.164126875 0.927405
 0.18496025 0.9482383750000001
 0.567103625 0.213292125
 0.556811625 0.217506
 0.55661425 0.203979875
 0.6577585 0.331286875
 0.660128625 0.322824125
 0.6348455000000001 0.7220605
 0.626997875 0.7180876249999999
 0.6363093750000001 0.7123961249999999
 0.3535545 0.2856385
 0.36043262499999995 0.29316037500000003
 0.35525487499999997 0.297133125
 0.2986965 0.233867625
 0.290575125 0.219202875
 0.330596625 0.817877
 0.330699125 0.806648625
 0.34593975 0.819560625
 0.381184625 0.231139125
 0.37400687499999996 0.246975
 0.161969625 0.7222158750000001
 0.179017375 0.7232898750000001
 0.537760125 0.047638875000000004
 0.5169267500000001 0.047638875000000004
 0.532117875 0.03175925
 0.475997875 0.22234375
 0.48183750000000003 0.21424949999999998
 0.22390125 0.477861
 0.212166125 0.48920549999999996
 0.6312274999999999 0.6692305000000001
 0.639075125 0.673203375
 0.633897375 0.677176125
 0.62238875 0.306363375
 0.622134875 0.29939975
 0.629936625 0.301873375
 0.28955537500000006 0.7354698749999999
 0.29928875 0.73186225
 0.691246375 0.425789875
 0.6937435 0.4318195
 0.6856886249999999 0.430149125
 0.262215625 0.5389288749999999
 0.2647135 0.547477
 0.281461375 0.34963575
 0.276054 0.35664375000000004
 0.27008112500000003 0.34876450000000003
 0.908616125 0.124554625
 0.915007625 0.155581875
 0.89417425 0.1347485
 0.46079100000000006 0.28207499999999996
 0.46421987500000006 0.29316875
 0.45774962500000005 0.29402125
 0.46339925000000004 0.052475625
 0.442565875 0.052475625
 0.454766125 0.03498375
 0.580894625 0.29145112500000003
 0.5811485000000001 0.29841475
 0.575118875 0.29591762499999996
 0.16238987500000002 0.45170200000000005
 0.174421375 0.459171875
 0.16268625 0.470516375
 0.6703083750000001 0.718051625
 0.6616770000000001 0.7152475
 0.09474575000000002 0.60845225
 0.0786995 0.6216615000000001
 0.08023125 0.60062075
 0.394311375 0.8895625
 0.422040375 0.895349
 0.6596863749999999 0.653400875
 0.66481425 0.647472375
 0.667484125 0.6554180000000001
 0.257332 0.18641875
 0.274332375 0.189873375
 0.255441125 0.199941875
 0.281917625 0.39972725
 0.28839637500000004 0.405811625
 0.27942049999999996 0.405756875
 0.470197 0.770866125
 0.47432312499999996 0.762273125
 0.481662375 0.76626325
 0.31494124999999995 0.63228425
 0.31889837499999996 0.625507375
 0.322871125 0.630685125
 0.397765625 0.7214995
 0.391736 0.719002375
 0.399418625 0.7123396249999999
 0.7048691250000001 0.45021900000000004
 0.705721625 0.45668925000000005
 0.6940325 0.45470825000000004
 0.838454375 0.6217097500000001
 0.826119 0.6214286250000001
 0.8383661250000001 0.6082348750000001
 0.765722625 0.4854175
 0.771492375 0.489349375
 0.76065575 0.493838625
 0.9104175 0.376484875
 0.925445625 0.36572662499999997
 0.924859375 0.38712425
 0.6925735 0.6212015
 0.6846779999999999 0.621583625
 0.6887485 0.6140066249999999
 0.5897518749999999 0.740853625
 0.5837222500000001 0.7433507500000001
 0.585186125 0.733686375
 0.7292405 0.387108
 0.7211856249999999 0.385437625
 0.7236395 0.36960400000000004
 0.718385125 0.376685625
 0.715584625 0.36793362500000004
 0.14776625 0.2197835
 0.164766625 0.223238125
 0.14587537499999997 0.233306625
 0.52511025 0.7501543749999999
 0.5315805 0.749301875
 0.08999487499999999 0.148694625
 0.085270875 0.177426125
 0.06916149999999999 0.169528
 0.45781862500000003 0.796645125
 0.46515787499999994 0.80063525
 0.574234375 0.28000725000000004
 0.580010125 0.27554075
 0.5806407499999999 0.2844875
 0.6611370000000001 0.627904875
 0.6533392499999999 0.62588775
 0.53607925 0.705938875
 0.53235125 0.6957375
 0.76369325 0.062011
 0.7550616250000001 0.04650825
 0.979166625 0.104166875
 0.979166625 0.0833335
 1 0.104166875
 0.369011125 0.312176875
 0.363833375 0.316149625
 0.241871125 0.519701375
 0.24352137499999998 0.527325375
 0.23380275 0.523605
 0.5721705 0.85331125
 0.5826815000000001 0.8431964999999999
 0.8780735 0.21719075
 0.865871875 0.2326935
 0.675281875 0.657435125
 0.6804097499999999 0.651506625
 0.683079625 0.65945225
 0.23277925000000002 0.12204649999999999
 0.2469465 0.1407095
 0.5181495 0.284664
 0.518780125 0.29361075
 0.512309875 0.29275825
 0.6083084999999999 0.7935975
 0.28623550000000003 0.177491875
 0.278114125 0.162827125
 0.37992112499999997 0.15694200000000003
 0.38709887499999995 0.14110612500000003
 0.163279 0.508145125
 0.16357537500000002 0.5269594999999999
 0.35130075000000005 0.6916346250000001
 0.36000525000000005 0.68715375
 0.38356499999999993 0.92540925
 0.29235862500000004 0.706163875
 0.29676175000000005 0.713018375
 0.287028375 0.716626
 0.21429175 0.6955365
 0.20900212499999998 0.685211375
 0.226049875 0.686285375
 0.08861875 0.69261525
 0.07410425 0.68478375
 0.78619025 0.39253612499999996
 0.777706875 0.39796974999999996
 0.956674375 0.23891512499999998
 0.956674375 0.21808187499999998
 0.047249625 0.403929125
 0.047249625 0.4247625
 0.03149975 0.415119375
 0.34667637500000004 0.278116625
 0.338839625 0.7543761250000001
 0.329912 0.7616865
 0.4188545 0.791452
 0.422980625 0.782859
 0.429396125 0.791853
 0.402717875 0.1836315
 0.395540125 0.199467375
 0.9166665 0.062500125
 0.9374998750000001 0.0833335
 0.827522875 0.04653
 0.821131375 0.01550275
 0.04166675 0.020833375
 0.979166625 0.895833125
 1 0.895833125
 0.979166625 0.9166665
 0.32800975 0.3632795
 0.33157824999999996 0.37034225
 0.324037 0.36845725
 0.128557875 0.868484375
 0.155489 0.872063875
 0.2433385 0.48530175
 0.235270125 0.489205375
 0.233619875 0.481581375
 0.30742225 0.692094125
 0.317155625 0.6884865
 0.311825375 0.698948625
 0.284520125 0.6543509999999999
 0.27955712499999996 0.6475259999999999
 0.290177 0.647389
 0.738215625 0.42406350000000004
 0.73208425 0.41772325
 0.743773375 0.41970425
 0.813024 0.282695875
 0.8056595 0.26883912499999996
 0.8228934999999999 0.26748625000000004
 0.330801 0.6290859999999999
 0.334758125 0.6223091249999999
 0.338730875 0.627486875
 0.35294262499999995 0.763734125
 0.36187024999999995 0.75642375
 0.359994125 0.768413125
 0.52170475 0.845667875
 0.510136875 0.8614991249999999
 0.505131375 0.8507009999999999
 0.612240875 0.84868125
 0.62308075 0.8597107500000001
 0.387945125 0.32324787499999996
 0.393122875 0.319275125
 0.39482324999999996 0.33076975
 0.3391925 0.6530728749999999
 0.273859625 0.67527525
 0.26857 0.664950125
 0.27918987500000003 0.664813125
 0.17696075 0.523239
 0.16522562500000001 0.5345834999999999
 0.36279949999999994 0.017491875
 0.341966125 0.017491875
 0.354166375 0
 0.274254125 0.462957875
 0.273401625 0.469428125
 0.263683 0.46570775
 0.7023597500000001 0.529812875
 0.70321225 0.5233426250000001
 0.708982 0.5272745000000001
 0.836935375 0.8245853750000001
 0.81999975 0.83784825
 0.825353125 0.808999625
 0.5047265000000001 0.06513075
 0.51036875 0.081010375
 0.388276 0.267792
 0.395560375 0.266521625
 0.395154125 0.275313875
 0.23860462500000001 0.7844327499999999
 0.35026650000000004 0.18978487500000002
 0.365565625 0.18861375000000002
 0.087087 0.73448925
 0.1016015 0.7214875000000001
 0.1016015 0.74232075
 0.71767475 0.586029125
 0.712276375 0.580381625
 0.7201718749999999 0.5799995
 0.5767755 0.8239417499999999
 0.584984 0.82851175
 0.979166625 0.062500125
 1 0.062500125
 0.6233798749999999 0.665257625
 0.628557625 0.661284875
 0.7060022499999999 0.9688285
 0.71525325 0.95324275
 0.60331875 0.88541125
 0.581967875 0.8844965
 0.308636125 0.110806875
 0.31726925 0.12829875000000002
 0.301970125 0.129469875
 0.062500125 0.04166675
 0.062500125 0.020833375
 0.0833335 0.020833375
 0.7059443750000001 0.80525175
 0.7048388750000001 0.786764875
 0.71567875 0.7977943750000001
 0.04166675 0.895833125
 0.020833375 0.895833125
 0.020833375 0.87499975
 0.8849837500000001 0.6891597500000001
 0.872736625 0.7023535000000001
 0.875677875 0.6756697500000001
 0.9092875 0.5962905000000001
 0.9218262500000001 0.6101562500000001
 0.9063462500000001 0.6229742500000001
 0.77557675 0.3494015
 0.7794961250000001 0.33886312499999993
 0.286793375 0.246249125
 0.278672 0.231584375
 0.567165 0.842513125
 0.5694675 0.827828375
 0.556416875 0.19045375
 0.61660625 0.12590637500000001
 0.6270956249999999 0.135218625
 0.603272875 0.1355955
 0.30583375 0.018663
 0.31249974999999997 0
 0.326667 0.018663
 0 0.81249975
 0.0145145 0.799498
 0.0145145 0.82033125
 0.70250575 0.302594625
 0.6985863750000001 0.313133
 0.88270625 0.312410875
 0.87283675 0.3276205
 0.4463615 0.199072375
 0.455132875 0.20798675
 0.446468125 0.213637875
 0.830771875 0.7452730000000001
 0.839507125 0.737007
 0.848813 0.750497
 0.648531375 0.33319075
 0.71189725 0.12439887499999999
 0.722386625 0.133711125
 0.26583775 0.130641
 0.26111375000000003 0.1593725
 0.76906725 0.652314125
 0.77313775 0.644737125
 0.781306 0.65278075
 0.099503625 0.77190375
 0.114018125 0.758902
 0.12643474999999998 0.77548325
 0.5899395 0.145284625
 0.600428875 0.154596875
 0.576606125 0.15497375
 0.406140375 0.9541305
 0.39830049999999995 0.9426631249999999
 0.419133875 0.9426631249999999
 0.297899125 0.549195375
 0.297046625 0.542725125
 0.30596749999999995 0.5452917500000001
 0.699571375 0.26379125000000003
 0.688795 0.26777075
 0.684878875 0.256603
 0.623541875 0.685121625
 0.620872 0.677176
 0.628719625 0.681148875
 0.2369145 0.458652875
 0.24100687499999998 0.449818625
 0.247485625 0.455903
 0.7360865 0.95324275
 0.74766875 0.9688285
 0.685365125 0.744182875
 0.6939965 0.7469870000000001
 0.547347625 0.24419275
 0.553123375 0.23972625000000003
 0.5537540000000001 0.24867299999999998
 0.6550590000000001 0.7768165
 0.917299375 0.4906775
 0.904760625 0.497645125
 0.9022712500000001 0.480602375
 0.3689285 0.7141252499999999
 0.3672755 0.7232851249999999
 0.360224 0.718606125
 0.6731305 0.22309974999999999
 0.677046625 0.2342675
 0.662354125 0.22707924999999998
 0.112765625 0.221953875
 0.12683825 0.5820337499999999
 0.11079200000000002 0.595243
 0.317232125 0.792975625
 0.32615974999999997 0.78566525
 0.324283625 0.7976546250000001
 0.792321625 0.39887637499999995
 0.3391195 0.37222725
 0.34309225 0.36704950000000003
 0.34666074999999996 0.37411225000000004
 0.7325098749999999 0.48653225
 0.7382796249999999 0.49046412500000003
 0.727443 0.49495337500000003
 0.73464025 0.566736875
 0.729241875 0.561089375
 0.735864125 0.558551
 0.253964375 0.461987375
 0.25805674999999995 0.45315312500000005
 1 0.5625001249999999
 0.98746125 0.5694677499999999
 0.98746125 0.548634375
 0.285595375 0.37158575000000005
 0.289163875 0.3786485
 0.9398875 0.438866125
 0.71034775 0.25981175
 0.81249975 0
 0.8791012500000001 0.74252725
 0.866854125 0.755721
 0.869795375 0.72903725
 0.14425325 0.565820625
 0.14175537500000002 0.5572725000000001
 0.157638625 0.562100125
 0.229342375 0.8154472500000001
 0.237199625 0.823829
 0.6352365 0.79262275
 0.6247255 0.8027375000000001
 0.697367625 0.405012125
 0.69986475 0.41104175
 0.691809875 0.409371375
 0.5648625 0.857197875
 0.243251375 0.287129
 0.25463162500000003 0.28800025000000007
 0.24742275 0.29788025000000007
 0.401071625 0.7031797499999999
 0.395042 0.700682625
 0.402724625 0.694019875
 1 0.68750025
 0.9845200000000001 0.70031825
 0.759952875 0.48148562500000003
 0.8975225 0.7030255000000001
 0.91006125 0.71689125
 0.8945812500000001 0.72970925
 0.21861200000000003 0.10338349999999999
 0.23750325 0.093315
 0.312826875 0.4120055
 0.31930562500000004 0.418089875
 0.31032974999999996 0.41803512499999995
 0.8259425 0.5944788750000001
 0.838189625 0.5812851250000001
 0.838277875 0.5947600000000001
 0.0320925 0.619415125
 0.04813875000000001 0.6062058749999999
 0.04813875000000001 0.6270392499999999
 0.418902375 0.30172112500000003
 0.7377238749999999 0.381674375
 0.7405243749999999 0.390426375
 0.7143134999999999 0.683755875
 0.720139125 0.30517400000000006
 0.7269961250000001 0.311732875
 0.71621975 0.31571237500000005
 0.157171 0.33759062500000003
 0.1669625 0.35092524999999997
 0.1568115 0.360168875
 0.29776424999999995 0.982746125
 0.27693100000000004 0.982746125
 0.28302875 0.96549225
 0.633920625 0.8707402500000001
 0.644431625 0.8606255
 0.8908662500000001 0.6357922500000001
 0.8786191250000001 0.6489860000000001
 0.22662675 0.9482383750000001
 0.20579350000000002 0.9482383750000001
 0.21189125 0.9309845
 0.486672 0.278665
 0.490100875 0.28975875
 0.483630625 0.29061125
 0.6494306249999999 0.665257875
 0.6545585 0.659329375
 0.597979625 0.20065049999999998
 0.598177 0.21417662499999998
 0.587687625 0.204864375
 0.542138625 0.26123375
 0.548608875 0.26208624999999997
 0.72799625 0.5261296249999999
 0.733766 0.5300615
 0.58165625 0.312342
 0.587685875 0.314839125
 0.5819101250000001 0.31930562500000004
 0.7742653749999999 0.17194837500000001
 0.757031375 0.17330125000000002
 0.7556722499999999 0.15642387500000002
 0.195246875 0.81329925
 0.21229462500000001 0.81437325
 0.2076635 0.8298805
 0.44565600000000005 0.288578625
 0.44003262500000007 0.28228349999999997
 0.44869737500000006 0.276632375
 0.829066875 0.498456625
 0.8167314999999999 0.4981755
 0.692328 0.635973375
 0.6963984999999999 0.6283963749999999
 0.517518875 0.27571725
 0.5239891250000001 0.27656974999999995
 0.70150725 0.536283125
 0.707277 0.5402149999999999
 0.35670325 0.662301
 0.36023 0.653847375
 0.36540775000000003 0.657820125
 0.27692337499999997 0.4117865
 0.28340212499999995 0.417870875
 0.27442625 0.417816125
 0.66249875 0.314361375
 0.653271625 0.31626525
 0.895833125 0.979166625
 0.9166665 0.979166625
 0.895833125 1
 0.4260845 0.74102225
 0.43376712500000003 0.7343595
 0.436626125 0.74142325
 0.34589112499999997 0.7590551249999999
 0.88036125 0.398001375
 0.87049175 0.413211
 0.871078 0.391813375
 0.134001125 0.635904875
 0.132469375 0.6569456250000001
 0.2260905 0.6654981249999999
 0.215470625 0.6656351249999999
 0.220800875 0.655173
 0.56896075 0.126660125
 0.560329125 0.111157375
 0.5841518750000001 0.1107805
 0.276647375 0.5181811249999999
 0.275794875 0.5117108749999999
 0.28471575 0.5142774999999999
 0.41427574999999994 0.756278
 0.418401875 0.747685
 0.798453 0.405216625
 0.7899696249999999 0.41065025
 0.40373412499999994 0.755877
 0.41014962499999996 0.764871
 0.49344200000000005 0.0333715
 0.49908425 0.049251125
 0.48124175 0.050863375
 0.2518675 0.5594399999999999
 0.242946625 0.556873375
 0.7156042499999999 0.524736125
 0.7164567500000001 0.518265875
 0.7222265 0.5221977499999999
 0.5806203750000001 0.726519125
 0.5866499999999999 0.7240219999999999
 0.03149975 0.456786125
 0.047249625 0.445595875
 0.047249625 0.46642925
 0.66893475 0.629922
 0.6767325 0.6319391249999999
 0.26937325 0.39260975
 0.278349125 0.39266449999999997
 0.764278625 0.5560906250000001
 0.7655025 0.54790475
 0.7723586250000001 0.5506593750000001
 0.32331287499999994 0.31655512500000005
 0.315771625 0.314670125
 0.710073125 0.889985
 0.700822125 0.9055707500000001
 0.5436675 0.9174975000000001
 0.5270941250000001 0.922530625
 0.535827625 0.906030125
 0.9226000000000001 0.730757
 0.440492 0.25209587499999997
 0.434868625 0.24580075
 0.443533375 0.24014962499999998
 0.7849352500000001 0.577829375
 0.7768552500000001 0.583260625
 0.776767 0.56978575
 0.76877525 0.588691875
 0.7606952499999999 0.594123125
 0.760607 0.58064825
 0.650648125 0.356675125
 0.64539375 0.36375674999999996
 0.408468125 0.271546375
 0.4140915 0.2778415
 0.408061875 0.280338625
 0.49305375 0.9605647500000001
 0.476480375 0.965597875
 0.485213875 0.949097375
 0.295010375 0.80370875
 0.30749875000000004 0.7965832500000001
 0.302867625 0.8120905
 0.5490446250000001 0.07939812500000001
 0.52821125 0.07939812500000001
 0.5434023750000001 0.0635185
 0.606023625 0.28052525
 0.598221875 0.278051625
 0.6057697500000001 0.27356162500000003
 0.19969575 0.96549225
 0.4690415 0.06835525
 0.8134306250000001 0.567248
 0.813342375 0.553773125
 0.328488875 0.7210393749999999
 0.3187555 0.724647
 0.237176375 0.32839150000000006
 0.248556625 0.32926275000000005
 0.24134775 0.33914275000000005
 0.654770375 0.681149125
 0.662568125 0.68316625
 0.5304593750000001 0.27742225
 0.577395625 0.20907825
 0.899781875 0.46355962500000003
 0.887243125 0.47052725000000006
 0.016109375 0.195398375
 0.03221875 0.20329650000000002
 0.016109375 0.216231625
 0.9004637500000001 0.6763417500000001
 0.78008425 0.9844142499999999
 0.78933525 0.9688285
 0.8009175000000001 0.9844142499999999
 0.45756725000000004 0.70109625
 0.46403750000000005 0.70194875
 0.46042625000000004 0.70816
 0.73841775 0.9844142499999999
 0.759251 0.9844142499999999
 0.526475625 0.015879625
 0.50564225 0.015879625
 0.520833375 0
 0.671725875 0.3124575
 0.664868875 0.305898625
 0.6601101250000001 0.697040375
 0.665238 0.691111875
 0.126937625 0.13575937500000002
 0.14304699999999998 0.1436575
 0.12221362499999998 0.164490875
 0.161943 0.0287315
 0.18083425 0.018663
 0.17611025 0.0473945
 0.7348414999999999 0.40461199999999997
 0.7295871250000001 0.411693625
 0.972433125 0.49689250000000007
 0.242040625 0.6548989999999999
 0.23707762500000001 0.6480739999999999
 0.52165325 0.11276962500000001
 0.5394957499999999 0.111157375
 0.5272954999999999 0.12864925
 0.7319005 0.25185275
 0.735816625 0.2630205
 0.721124125 0.25583225
 0.33839537499999994 0.320325125
 0.12688812500000002 0.466921125
 0.13862325 0.455576625
 0.138919625 0.474391
 0.279061625 0.26938187500000005
 0.28907387500000004 0.27052350000000003
 0.833914375 0.07755725
 0.81532125 0.06203275
 0.804396125 0.49789437499999994
 0.806185375 0.5090701249999999
 0.79206075 0.49761324999999995
 0.126295375 0.429292375
 0.1380305 0.417947875
 0.13832687500000002 0.43676225
 0.32285549999999996 0.6187305
 0.32681262499999997 0.611953625
 0.330785375 0.6171313749999999
 0.26039737500000004 0.392555
 0.750566375 0.550581375
 0.7586463750000001 0.545150125
 0.6523655 0.720939
 0.6512625000000001 0.7312004999999999
 0.643054 0.7266305
 0.5415080000000001 0.252287
 0.5356683750000001 0.26038125
 0.5426165 0.755616625
 0.54718225 0.762783875
 0.53987425 0.7666705
 0.377633 0.7096443749999999
 0.3705815 0.704965375
 0.03056075 0.66128925
 0.0145145 0.6744985000000001
 0.01604625 0.6534577500000001
 0.209250625 0.28021975
 0.19225025 0.276765125
 0.19945912500000001 0.266885125
 0.22487100000000002 0.7161867500000001
 0.21958137500000002 0.705861625
 0.236629125 0.7069356250000001
 0.4578215 0.240793625
 0.452198125 0.2344985
 0.460862875 0.22884737500000002
 0.063888625 0.5116821249999999
 0.04813875000000001 0.522872375
 0 0.6458336250000001
 0.01604625 0.632624375
 0.75225675 0.414270625
 0.7461253750000001 0.40793037499999996
 0.7946896250000001 0.7348250000000001
 0.803424875 0.7265590000000001
 0.8127307500000001 0.7400490000000001
 0.437648375 0.774667
 0.44819 0.7750680000000001
 0.444063875 0.783661
 0.33591099999999996 0.22145662500000002
 0.8432282499999999 0.373249375
 0.8333587499999999 0.388459
 0.8339449999999999 0.36706137499999997
 0.297688875 0.69570175
 0.776077875 0.7078450000000001
 0.784813125 0.6995790000000001
 0.794119 0.7130690000000001
 0.257376375 0.41448162499999996
 0.26146875 0.40564737500000003
 0.5937155000000001 0.31733625
 0.599745125 0.319833375
 0.5939693749999999 0.324299875
 0.4729565 0.23429
 0.476385375 0.24538375
 0.469915125 0.24623625
 0.72916675 0
 0.737798375 0.01550275
 0.716965125 0.01550275
 0.274282125 0.613312125
 0.464397125 0.163453625
 0.455326 0.17398025
 0.446554625 0.16506587499999997
 0.35923237499999994 0.052475625
 0.37143262499999996 0.03498375
 0.744347 0.43040375000000003
 0.7560361250000001 0.43238475000000004
 0.380585375 0.277854625
 0.3874635 0.2853765
 0.380179125 0.28664687499999997
 0.68609275 0.587557625
 0.680694375 0.5819101250000001
 0.6885898749999999 0.581528
 0.27033387499999995 0.426650375
 0.26385512499999997 0.420566
 0.24733025 0.6652241249999999
 0.236710375 0.665361125
 0.708155375 0.8422255000000001
 0.707049875 0.8237386250000001
 0.5279877500000001 0.89456275
 0.544561125 0.889529625
 0.43168550000000006 0.8094399999999999
 0.43581162500000004 0.800847
 0.5003745 0.2202485
 0.503803375 0.23134225
 0.68230225 0.35614124999999996
 0.677047875 0.363222875
 0.673075125 0.35804512499999996
 0.523261625 0.808240375
 0.5282671250000001 0.8190385
 0.5116937500000001 0.824071625
 0.18645287500000002 0.46664174999999997
 0.18674925 0.48545612499999996
 0.216769375 0.3944125
 0.226920375 0.38516887499999997
 0.979166625 0.8541663749999999
 0.963686625 0.846151125
 0.9845200000000001 0.82531775
 0.639618375 0.9349127500000001
 0.6517182499999999 0.95141325
 0.630367375 0.9504984999999999
 0.45736212500000006 0.27098125
 0.18019625 0.6933885
 0.17490662499999998 0.6830633749999999
 0.191954375 0.6841373749999999
 0.7417251250000001 0.33944637499999997
 0.73044125 0.336128
 0.7343606250000001 0.325589625
 0.290048125 0.5757361249999999
 0.287551 0.5697065
 0.29647112499999995 0.5697546250000001
 0.651475875 0.015879625
 0.6306425 0.015879625
 0.6458336250000001 0
 0.722376125 0.5033745000000001
 0.728145875 0.507306375
 0.71730925 0.511795625
 0.104166875 0.979166625
 0.104166875 1
 0.0833335 0.979166625
 0.122460125 0.88573825
 0.14329350000000002 0.906571625
 0.116362375 0.9029921249999999
 0.840702125 0.49287075
 0.8523373750000001 0.48728487500000006
 0.85482675 0.5043276250000001
 0.489713375 0.26671875
 0.498981875 0.26971825
 0.7318972499999999 0.27355887500000003
 0.727977875 0.28409725
 0.763092125 0.39706312499999996
 0.7518082500000001 0.39374475
 0.704833875 0.729268125
 0.6962025000000001 0.726464
 0.062500125 0.979166625
 0.062500125 1
 0.04166675 0.979166625
 0.31649574999999996 0.36657225000000004
 0.32006425 0.37363500000000005
 0.261978 0.47864825
 0.25140687500000003 0.481398125
 0.27064662500000003 0.36365175000000005
 0.26523925000000004 0.37065974999999995
 0.25926637500000005 0.3627805
 0.2557655 0.31938275000000005
 0.25993687499999996 0.33013400000000004
 0.248391375 0.63415
 0.809511125 0.10856275
 0.790918 0.09303824999999999
 0.803119625 0.07753550000000001
 0.37289475 0.28791725
 0.379772875 0.295439125
 0.415542875 0.74062125
 0.270033625 0.81795975
 0.282522 0.81083425
 0.277890875 0.8263415
 0.5557673750000001 0.933998
 0.564500875 0.9174975000000001
 0.693999 0.775735375
 0.7037333750000001 0.768278
 0.9749225 0.6181021250000001
 0.9623837500000001 0.6250697500000001
 0.9623837500000001 0.604236375
 0.446133 0.017491875
 0.46696637500000004 0.017491875
 0.68750025 0
 0.696131875 0.01550275
 0.6752986249999999 0.01550275
 0.5421375 0.7885225
 0.5348295000000001 0.792409125
 0.5371319999999999 0.777724375
 0.36731075 0.30068225000000004
 0.374188875 0.30820412500000005
 0.5929538750000001 0.296445375
 0.587178125 0.300911875
 0.6392371250000001 0.6930673749999999
 0.63656725 0.68512175
 0.57177 0.8131436249999999
 0.5667645 0.8023454999999999
 0.5740725 0.7984588749999999
 0.19779475000000002 0.550938625
 0.195296875 0.5423905
 0.6625663749999999 0.37220837500000004
 0.6533392499999999 0.37411225000000004
 0.9260318750000001 0.344329
 0.12071124999999999 0.6661967500000001
 0.130937625 0.677986375
 0.90712 0.76440825
 0.89164 0.77722625
 0.89164 0.756393
 0.2931315 0.8392535
 0.83020125 0.723517
 0.848242375 0.728741
 0.813518875 0.580722875
 0.413099375 0.03498375
 0.42173249999999995 0.052475625
 0.7047635 0.0310055
 0.48164012500000003 0.20072337499999998
 0.49090862500000004 0.203722875
 0.26578412500000004 0.579102875
 0.259361125 0.585084375
 0.25686325 0.57653625
 0.549870125 0.27997974999999997
 0.80303225 0.434952375
 0.7937489999999999 0.428764375
 0.8053842499999999 0.4231785
 0.7706508750000001 0.43329137500000003
 0.7645195 0.426951125
 0.548289125 0.862231
 0.553294625 0.873029125
 0.174370625 0.406384875
 0.16839775 0.398505625
 0.18452162500000002 0.39714125
 0.429032 0.210374625
 0.437803375 0.219289
 0.429138625 0.224940125
 0.8026068749999999 0.48671862499999996
 0.280562875 0.21806124999999998
 0.270550625 0.216919625
 0.43090812500000003 0.72729575
 0.44144975000000003 0.72769675
 0.76499675 0.6598911249999999
 0.76850025 0.66862375
 0.7562615 0.668157125
 0.6315365 0.752845
 0.6326395 0.7425835000000001
 0.184409375 0.554659125
 0.200292625 0.55948675
 0.32322850000000003 0.39293825000000004
 0.33076975 0.39482324999999996
 0.30306987500000004 0.652614875
 0.29909712499999996 0.647437125
 0.307027 0.645838
 0.31689999999999996 0.35433175
 0.31292725 0.35950950000000004
 0.935841 0.17641525000000002
 0.921399125 0.186609125
 0.493947375 0.932596875
 0.502680875 0.916096375
 0.51052075 0.92756375
 0.29413412499999997 0.640612125
 0.6638181249999999 0.9679137499999999
 0.411382625 0.177980375
 0.25244225 0.529892
 0.260510625 0.525988375
 0.26136312500000003 0.5324586249999999
 0.5130718750000001 0.23434175000000002
 0.50723225 0.24243599999999998
 0.233005 0.31764025000000007
 0.225796125 0.32752025000000007
 0 0.72916675
 0.0145145 0.7161649999999999
 0.93808 0.73877225
 0.9226000000000001 0.75159025
 0.194672625 0.387897625
 0.2006455 0.39577687500000003
 0.404377625 0.68486
 0.39834800000000004 0.6823628749999999
 0.406030625 0.675700125
 0.3863375 0.7051634999999999
 0.3846845 0.714323375
 0.063359 0.34932725
 0.047609125 0.339684125
 0.8708066250000001 0.798059625
 0.853871 0.8113225
 0.859224375 0.782473875
 0.73639425 0.620139625
 0.74046475 0.612562625
 0.748633 0.62060625
 0.9348168750000001 0.517795375
 0.93730625 0.534838125
 0.9222781250000001 0.524763
 0.25795012500000003 0.6650871249999999
 0.263280375 0.654625
 0.0725725 0.747491
 0.7779908750000001 0.561599875
 0.779701875 0.23945787500000001
 0.762467875 0.24081075000000002
 0.76110875 0.22393337500000002
 0.812160125 0.7182930000000001
 0.820895375 0.710027
 0.48223962500000006 0.161841375
 0.47346825000000003 0.15292699999999998
 0.812452875 0.469957
 0.8240881250000001 0.464371125
 0.8265775 0.481413875
 0.247886125 0.36190924999999996
 0.2532935 0.35490125000000006
 0.38106700000000004 0.315726
 0.382767375 0.32722062500000004
 0.979166625 0.979166625
 1 0.979166625
 0.979166625 1
 0.432127375 0.93119575
 0.43996725000000003 0.9426631249999999
 0.25355025 0.21346500000000002
 0.23654987500000002 0.210010375
 0.7531886250000001 0.7881036250000001
 0.7351475000000001 0.7828796250000001
 0.7520831250000001 0.7696167500000001
 0.026931125 0.8369125
 0.041445625 0.82391075
 0.44946387499999996 0.8250595000000001
 0.4379985 0.8296623750000001
 0.79921775 0.54231625
 0.794150875 0.550737375
 0.7923616250000001 0.539561625
 0.7792147500000001 0.5534140000000001
 0.7860708750000001 0.556168625
 0 0.18750025
 0.016109375 0.17456512500000002
 0.24993949999999998 0.5157977499999999
 0.240220875 0.5120773750000001
 0.6810985 0.5996168749999999
 0.675700125 0.5939693749999999
 0.6835956249999999 0.5935872499999999
 0.32196812499999994 0.073480875
 0.33060124999999996 0.09097275
 0.315302125 0.092143875
 0.0435435 0.731828
 0.585069125 0.0635185
 0.579426875 0.047638875000000004
 0.60026025 0.047638875000000004
 0.503728 0.710201375
 0.50011675 0.716412625
 0.49638875 0.70621125
 0.702627875 0.749791125
 0.703730875 0.7395296250000001
 0.599332875 0.2492195
 0.5954472500000001 0.25791362500000004
 0.589040875 0.253433375
 0.23345987499999998 0.27379437500000003
 0.22625099999999998 0.28367437500000003
 0.46169425000000003 0.9146952500000001
 0.47826762500000003 0.909662125
 0.363532 0.678700125
 0.36870975000000006 0.682672875
 0.10138024999999999 0.18532425
 0.08054687499999999 0.206157625
 0.29809125 0.63383525
 0.289171125 0.633787125
 0.46194475 0.788052125
 0.466070875 0.779459125
 0.473410125 0.78344925
 0.835723375 0.45878525000000003
 0.847358625 0.45319937500000007
 0.849848 0.47024212500000007
 0.743324875 0.399178375
 0.361282875 0.8212442500000001
 0.361180375 0.8324726250000001
 0.895833125 0.9374998750000001
 0.8803531250000001 0.929484625
 0.9011865000000001 0.90865125
 0.949845 0.590370625
 0.93730625 0.5973382500000001
 0.93730625 0.576504875
 0.8648731250000001 0.921469375
 0.8702265 0.89262075
 0.34964975 0.6792082500000001
 0.3531765 0.670754625
 0.35835425 0.674727375
 0.020833375 0.979166625
 0.020833375 0.95833325
 0.34799875 0.6667818750000001
 0.340068875 0.6683809999999999
 0.34359562499999996 0.659927375
 0.6252588750000001 0.26981475
 0.62137325 0.278508875
 0.617457125 0.267341125
 0.1582495 0.269855875
 0.28269737500000003 0.3318765
 0.28686875 0.34262775
 0.8220366250000001 0.7535390000000001
 0.5814023749999999 0.305378375
 0.575626625 0.309844875
 0.924859375 0.449624375
 0.924859375 0.42879100000000003
 0.062500125 0
 0.7955767499999999 0.221227625
 0.7942176249999999 0.20435025
 0.30211999999999994 0.936771
 0.31685549999999996 0.954024875
 0.28912649999999995 0.9482383750000001
 0.27083325 1
 0.25609775 0.982746125
 0.8031545 0.29790549999999993
 0.8203885 0.296552625
 0.857316125 0.521370375
 0.868951375 0.5157845
 0.6703658749999999 0.685183375
 0.6781636249999999 0.6872005
 0.8314038749999999 0.23539925
 0.8327629999999999 0.25227662500000003
 0.8141698749999999 0.236752125
 0.53805075 0.748449375
 0.5343227500000001 0.738248
 0.048328125 0.190361375
 0.24136225 0.96549225
 0.24746 0.9482383750000001
 0.370313 0.8027055000000001
 0.385656125 0.804389125
 0.28812574999999996 0.5401585
 0.296194125 0.536254875
 0.7933682500000001 0.626297625
 0.79328 0.61282275
 0.40293112500000006 0.21276250000000002
 0.4117025 0.221676875
 0.26410825000000004 0.34088525000000003
 0.25870087500000005 0.34789325000000004
 0.69621 0.812709125
 0.6853701249999999 0.801679625
 0.536461625 0.16461587500000002
 0.536659 0.17814200000000002
 0.304369125 0.19329825
 0.294356875 0.192156625
 0.42804912500000003 0.720232
 0.42519012500000003 0.7131682500000001
 0.43573175000000003 0.71356925
 0.47249712499999996 0.804625375
 0.47662324999999994 0.796032375
 0.78574175 0.37201025
 0.317441125 0.29430924999999997
 0.31160024999999997 0.30391887500000003
 0.19024887499999998 0.438993125
 0.202280375 0.446463
 0.1861565 0.447827375
 0.727100125 0.432782
 0.732657875 0.42842275
 0.31609149999999997 0.37881275000000003
 0.376421 0.8453846250000001
 0.391661625 0.858296625
 0.8862866250000001 0.806074875
 0.104166875 0.95833325
 0.5585935 0.047638875000000004
 0.573784625 0.03175925
 0.555627375 0.13634925
 0.55582475 0.149875375
 0.5453353750000001 0.140563125
 0.6967512499999999 0.9844142499999999
 0.7175845 0.9844142499999999
 0.814646375 0.866696875
 0.803064125 0.8511111250000001
 0.685439875 0.32557525
 0.678582875 0.319016375
 0.23857062499999998 0.504453375
 0.23050225 0.508357
 0.753009 0.34276474999999995
 0.7490896250000001 0.35330312499999994
 0.21441587499999998 0.326649
 0.21858725 0.33740025000000007
 0.177473 0.31910337499999997
 0.063295875 0.474053375
 0.97111625 0.29122099999999995
 0.956674375 0.28058162499999995
 0.31782112500000004 0.39994624999999995
 0.314252625 0.3928835
 0.44913237500000003 0.7210340000000001
 0.446273375 0.71397025
 0.456815 0.71437125
 0.03221875 0.2866295
 0.048328125 0.294527625
 1 0.437499875
 0.984971875 0.42742475
 0.705200625 0.5548711249999999
 0.6985783750000001 0.5574094999999999
 0.709984125 0.4890405
 0.6991475 0.49352975
 0.320611875 0.22262775
 0.327789625 0.206791875
 0.654284875 0.80822225
 0.643445 0.79719275
 0.39564675000000005 0.214032875
 0.395753375 0.22859837500000002
 0.9855581250000001 0.260193875
 0.97111625 0.24955449999999998
 0.9855581250000001 0.239360625
 0.463444875 0.24708875000000002
 0.71304675 0.5441468749999999
 0.7138992500000001 0.537676625
 0.5625001249999999 1
 0.55040025 0.9834995
 0.571233625 0.9834995
 0.776860125 0.522876625
 0.7750708749999999 0.5117008749999999
 0.781927 0.5144555
 0.272891875 0.713379125
 0.277295 0.720233625
 0.267561625 0.72384125
 0.9398875 0.397199375
 0.924859375 0.407957625
 0.7322965 0.604519
 0.7244010000000001 0.6049011249999999
 0.7284714999999999 0.5973241249999999
 0.43759012500000005 0.190158
 0.44625487500000005 0.184506875
 0.34458449999999996 0.9598113749999999
 0.33159099999999997 0.97127875
 0.271317125 0.33100525000000003
 0.468251 0.74262625
 0.47186225 0.736415
 0.47472125 0.74347875
 0.24437387500000002 0.533795625
 0.79858625 0.95324275
 0 0.77083325
 0.0145145 0.77866475
 0.26904937500000004 0.26824025000000007
 0.8474919999999999 0.279990125
 0.8401274999999999 0.266133375
 0.8573614999999999 0.2647805
 0.832571875 0.67507725
 0.835513125 0.6483935000000001
 0.792357375 0.908808375
 0.77542175 0.92207125
 0.38303149999999997 0.7234832499999999
 0.8170195 0.417592625
 0.82865475 0.41200675
 0.82630275 0.423780625
 0.079108875 0.358970375
 0.23955274999999998 0.594786375
 0.237054875 0.5862382500000001
 0.252938125 0.591065875
 0.22956125 0.560593875
 0.302048375 0.6270583750000001
 0.307011375 0.633883375
 0.0629995 0.434405625
 0.07874937500000001 0.423215375
 0.07874937500000001 0.44404875
 0.5794501249999999 0.135972375
 1 0.77083325
 0.5521485 0.81011875
 0.5448405000000001 0.814005375
 0.547143 0.799320625
 0.5298287500000001 0.2684755
 0.560160375 0.25315325
 0.56656675 0.2576335
 0.566314125 0.159187625
 0.048328125 0.23202787500000002
 0.03221875 0.24496300000000001
 0.30354712500000003 0.37169525000000003
 0.299978625 0.3646325
 0.3089545 0.36468725
 0.3060055 0.6202814999999999
 0.297085375 0.620233375
 0.5813805 0.7945722500000001
 0.80162475 0.647816125
 0.813871875 0.634622375
 0.228239 0.6087103749999999
 0.47218962499999995 0.8383105
 0.48365499999999995 0.833707625
 1 0.354166375
 0.984971875 0.364924625
 0.984971875 0.34409124999999996
 0.742515625 0.20840887500000002
 0.76087175 0.621072875
 0.5594565 0.806232125
 0.561759 0.7915473749999999
 0.165458375 0.259975875
 0.175249875 0.2733105
 0.084989125 0.7849055
 0.0725725 0.76832425
 1 0.31249974999999997
 0.9855581250000001 0.322693625
 0.9855581250000001 0.30186037499999996
 0.503680125 0.7782336249999999
 0.496340875 0.7742435
 0.50780625 0.769640625
 0.104166875 0.04166675
 0.104166875 0.020833375
 0.12500025 0.020833375
 0.254742125 0.613401
 0.249779125 0.606576
 0.430961625 0.29672687499999995
 0.436585 0.30302199999999996
 0.27863012499999995 0.567139875
 0.272207125 0.5731213749999999
 0.93808 0.78043875
 0.9226000000000001 0.79325675
 0.9226000000000001 0.7724234999999999
 0.5640615 0.7768626249999999
 0.566364 0.7621778749999999
 0.016109375 0.29956462500000003
 0.98746125 0.6111345
 0.23389587499999998 0.6017483749999999
 0.8077362499999999 0.41140462499999997
 0.758388125 0.42061087500000005
 0.760740125 0.408837
 0.33530012499999995 0.036154875
 0.72918225 0.21809800000000001
 0.727823125 0.20122062500000001
 0.7240585 0.294635625
 0.8012717500000001 0.593916625
 0.7931917500000001 0.599347875
 0.7931035000000001 0.585873
 0.16666224999999998 0.10485749999999999
 0.18082949999999998 0.1235205
 0.16193825 0.133589
 0.36374637499999996 0.744434375
 0.37079787499999994 0.749113375
 0.396112625 0.730659375
 0.40379525000000005 0.723996625
 0.627820375 0.31729975
 0.6202725 0.32178975
 0.6226426249999999 0.313327
 0.29813975000000004 0.37870325000000005
 0.307115625 0.37875800000000004
 0.172575875 0.38138275
 0.182726875 0.372139125
 0.18869975 0.380018375
 0.271696625 0.482368625
 0.28141525 0.486089
 0.46409737500000003 0.18289462499999998
 0.23000199999999998 0.055989
 0.25083524999999995 0.055989
 0.24416925 0.074652
 0.574416625 0.692855875
 0.568387 0.6953529999999999
 0.569850875 0.6856886249999999
 0.44925887499999995 0.84751625
 0.4377935 0.852119125
 0.44936137499999995 0.836287875
 0.7123003750000001 0.32625075000000003
 0.705443375 0.319691875
 0.124336875 0.80506625
 0.138851375 0.7920645
 0.151268 0.8086457499999999
 0.4848755 0.778846375
 0.480749375 0.7874393749999999
 0.90983125 0.418715875
 0.8948031249999999 0.42947412500000004
 0.8948031249999999 0.40864075
 0.34270362499999996 0.632664625
 0.346676375 0.637842375
 0.738311875 0.54217925
 0.7395357499999999 0.533993375
 0.6142145 0.8128522499999999
 0.622423 0.81742225
 0.7165055 0.6052832499999999
 0.70861 0.605665375
 0.3459003749999999 0.08980162500000001
 0.339234375 0.10846462500000001
 0.09740575 0.80148675
 0.109822375 0.818068
 0.36562249999999996 0.7324449999999999
 0.6534685 0.7106775000000001
 0.6456208750000001 0.706704625
 0.654932375 0.701013125
 0.42533825000000003 0.29043175
 0.43136787500000007 0.287934625
 0.7238435 0.555441875
 0.7184451249999999 0.549794375
 0.7250673750000001 0.547256
 0.213112875 0.725437875
 0.48779975 0.017491875
 0.479166625 0
 0.98746125 0.590301125
 0.9749225 0.576435375
 0.373793625 0.21784400000000004
 0.36661587500000004 0.23367987500000004
 0.064185 0.592996625
 0.08023125 0.579787375
 0.17036287500000002 0.5824378749999999
 0.7215423750000001 0.43714125
 0.7332315 0.43912225
 0.43899875 0.087459375
 0.45684125 0.085847125
 0.3374165 0.713729
 0.335540375 0.725718375
 0.979166625 0.87499975
 0.95833325 0.895833125
 0.29624887499999997 0.45098787500000004
 0.30596749999999995 0.45470825000000004
 0.6945671250000001 0.39626012499999996
 0.68651225 0.39458974999999996
 0.6917666250000001 0.387508125
 0.162982625 0.48933075
 0.17501412500000002 0.49680062499999994
 0.224560125 0.3452795
 0.21317987500000002 0.34440824999999997
 0.72916675 1
 0.8959756249999999 0.3658455
 0.8953893749999999 0.387243125
 0.0833335 0.9374998750000001
 0.07993487500000002 0.51930625
 0.09598112500000001 0.526930375
 0.0629995 0.392738875
 0.79563925 0.51996475
 0.790572375 0.528385875
 0.7887831249999999 0.517210125
 0.281698125 0.727088125
 0.726521875 0.34666637499999997
 0.719157375 0.332809625
 0.323282 0.284699625
 0.327453375 0.295450875
 0.416565125 0.773865
 0.171024 0.558379625
 0.9374998750000001 0.020833375
 0.9374998750000001 0
 0.328634125 0.054817875
 0.42710675 0.774266
 0.71346525 0.7320722500000001
 0.270779125 0.593680625
 0.277202125 0.5876991249999999
 0.27969925 0.5937287499999999
 0.7855055 0.536807
 0.780438625 0.5452281250000001
 0.7786493750000001 0.534052375
 0.754313125 0.13954650000000002
 0.747921625 0.10851925
 0.46072424999999995 0.842913375
 0.47229212499999995 0.827082125
 0.07716775000000001 0.64270225
 0.06265325000000001 0.6348707499999999
 0.95356 0.76762075
 0.95356 0.7467874999999999
 0.70752975 0.36626325000000004
 0.712784125 0.359181625
 0.5993430000000001 0.09490087500000001
 0.607974625 0.110403625
 0.2856425 0.890795875
 0.27264900000000003 0.90226325
 0.2579135 0.885009375
 0.26829325000000004 0.9482383750000001
 0.31966825 0.192127125
 0.311546875 0.177462375
 0.243178 0.8677555
 0.23018450000000001 0.879222875
 0.38426487499999995 0.762786375
 0.377849375 0.753792375
 0.39319249999999994 0.755476
 0.341796125 0.34331437499999995
 0.33425487499999995 0.341429375
 0.824247625 0.79051275
 0.8231421250000001 0.7720258750000001
 0.84118325 0.7772498750000001
 0.527587875 0.188668625
 0.15668 0.71189075
 0.15139037500000002 0.701565625
 0.168438125 0.702639625
 0.693802 0.707469875
 0.685170625 0.70466575
 0.6032185000000001 0.240525375
 0.6096248750000001 0.245005625
 0.598729625 0.29197887499999997
 0.409926875 0.798762375
 0.5931925 0.8330817500000001
 0.6037035 0.822967
 0.6014010000000001 0.83765175
 0.380971375 0.20200812500000004
 0.38107800000000003 0.21657362500000002
 0.455647 0.965597875
 0.862948625 0.59532225
 0.85061325 0.5950411250000001
 0.862860375 0.581847375
 0.753330625 0.4710835
 0.7524781249999999 0.46461325
 0.42245037500000004 0.8504354999999999
 0.42234787500000004 0.861663875
 0.41971487500000004 0.28413662500000003
 0.419308625 0.292928875
 0.9266181250000001 0.322931375
 0.91159 0.333689625
 0.3722345 0.6958055
 0.927790625 0.25930287499999993
 0.9133487499999999 0.24866349999999998
 0.28505312499999996 0.561158375
 0.255670375 0.4382345
 0.2662415 0.435484625
 0.262149125 0.444318875
 0.65941 0.25339425
 0.663326125 0.26456199999999996
 0.648633625 0.25737374999999996
 0.6127246249999999 0.32627975
 0.6051767499999999 0.33076975
 0.6075468749999999 0.322307
 0.1270775 0.34274325000000005
 0.13722849999999998 0.333499625
 0.7065741249999999 0.46315950000000006
 0.7074266250000001 0.46962975
 0.6957375 0.46764875000000006
 0.7389825 0.502817125
 0.7339156250000001 0.51123825
 0.614230375 0.690813125
 0.77678225 0.439631625
 0.7682988749999999 0.44506525
 0.24195937500000003 0.6964735
 0.23666975 0.686148375
 0.247289625 0.6860113750000001
 0.17138625 0.076126
 0.745233875 0.24216362500000002
 0.730541375 0.23497537500000001
 0.684264625 0.78319275
 0.69608125 0.5634391249999999
 0.690682875 0.5577916249999999
 0.30039699999999997 0.5577435
 0.291476125 0.555176875
 0.37741425000000006 0.6781919999999999
 0.380941 0.669738375
 0.38611875 0.6737111250000001
 0.268579 0.5220847499999999
 0.27749987499999995 0.5246513749999999
 0.7689517499999999 0.615641625
 0.7607835 0.607598
 0.875607875 0.476113125
 0.8731185 0.45907037500000003
 0.71741075 0.45867025000000006
 0.3705855 0.661792875
 0.37411225000000004 0.6533392499999999
 0.72884875 0.519659375
 0.740492 0.6357602499999999
 0.74866025 0.6438038749999999
 0.196723625 0.75019625
 0.20135475 0.7346889999999999
 0.21377137499999999 0.7512702499999999
 0.730804875 0.47359175
 0.71911575 0.47161074999999997
 0.554384625 0.25761975
 0.058058 0.76049275
 0.796935875 0.238105
 0.798295 0.254982375
 0.780561625 0.45774575
 0.782913625 0.445971875
 0.7770317499999999 0.610210375
 0.154479625 0.57761025
 0.138596375 0.5727826249999999
 0.3478675 0.12595650000000003
 0.332568375 0.12712762500000002
 0.686252125 0.413730625
 0.68874925 0.41976025
 0.680694375 0.418089875
 0.35505224999999996 0.649874625
 0.347122375 0.6514737500000001
 0.350649125 0.643020125
 0.7323237499999999 0.6277166249999999
 0.7241555 0.6196729999999999
 0.7692235 0.403403375
 0.699386625 0.5928229999999999
 0.7018837499999999 0.586793375
 0.40710124999999997 0.705676875
 0.324209125 0.67157925
 0.33213899999999996 0.6699801249999999
 0.84187775 0.68856725
 0.829630625 0.701761
 0.7159973749999999 0.566166125
 0.709375125 0.5687045
 0.710599 0.5605186249999999
 0.24247875 0.36891725
 0.23650587499999998 0.36103799999999997
 0.11748962499999999 0.193222375
 0.13359899999999997 0.2011205
 0.838686375 0.971151375
 0.8217507500000001 0.9844142499999999
 0.8271041250000001 0.955565625
 0.232822125 0.467487125
 0.226343375 0.46140275000000003
 0.04166675 0.062500125
 0.062500125 0.062500125
 0.204624375 0.31331437500000003
 0.19741550000000002 0.32319437500000003
 0.25901124999999997 0.6340129999999999
 0.264668125 0.627051
 0.24724900000000002 0.706798625
 0.414783875 0.6990141249999999
 0.416436875 0.68985425
 0.42246649999999997 0.692351375
 0.48855799999999994 0.8557341249999999
 0.47699012499999993 0.8715653749999999
 0.577593 0.222604375
 0.573707375 0.23129850000000002
 0.1872645 0.332438
 0.17711349999999998 0.341681625
 0.45173875 0.264686125
 0.614534125 0.07902125000000002
 0.62972525 0.063141625
 0.638356875 0.07864437500000002
 0.745798 0.7021543750000001
 1 0.27083325
 0.9855581250000001 0.281027125
 0.652834125 0.29536700000000005
 0.645032375 0.292893375
 0.65258025 0.288403375
 0.6067852499999999 0.30141612500000003
 0.6065313750000001 0.2944525
 0.614333125 0.29692612500000004
 0.6989298749999999 0.701541375
 0.6954263749999999 0.69280875
 0.336101125 0.857952
 0.363830125 0.8637385000000001
 0.7834155 0.32832474999999994
 0.7721316250000001 0.32500637499999996
 0.20661837500000002 0.40365612500000003
 0.7403882500000001 0.527523125
 0.895833125 0.020833375
 0.895833125 0
 0.9166665 0.020833375
 0.5435352499999999 0.726341625
 0.5370649999999999 0.727194125
 0.53980725 0.71614025
 0.56728275 0.732902875
 0.57459075 0.7290162499999999
 0.5718485 0.7400701249999999
 0.37846575 0.12361425000000001
 0.393764875 0.122443125
 0.8525115000000001 0.37943737499999997
 0.51864 0.751006875
 0.52138225 0.739953
 0.6701539999999999 0.663363625
 0.6457474999999999 0.782508
 0.82031 0.520527
 0.807974625 0.520245875
 0.104665 0.6794060000000001
 0.10619675 0.6583652500000001
 0.50381075 0.114381875
 0.27435462499999996 0.31037400000000004
 0.262974375 0.30950275000000005
 0.46092924999999996 0.820456625
 0.231969625 0.473957375
 0.29491475 0.260913875
 0.299086125 0.271665125
 0.704380875 0.58076375
 0.7068779999999999 0.574734125
 0.72418275 0.642870625
 0.7160145 0.634827
 0.7282532500000001 0.635293625
 0.7545885 0.92207125
 0.25965812499999996 0.519518125
 0.7203305 0.612478125
 0.30783262499999997 0.42406475
 0.706431625 0.248644
 0.66425175 0.12515262500000002
 0.650918375 0.13484175
 0.259705125 0.6202259999999999
 0.270325 0.620089
 0.342591875 0.7303973749999999
 0.26319912500000003 0.6961995000000001
 0.2579095 0.685874375
 0.268529375 0.685737375
 0.95356 0.788454
 0.5623573749999999 0.697850125
 0.5563277499999999 0.7003472500000001
 0.5577916249999999 0.690682875
 0.19077550000000001 0.71403875
 0.196065125 0.7243638750000001
 0.37388750000000004 0.6866456249999999
 0.42275787500000006 0.816750375
 0.41634237500000004 0.807756375
 0.47373149999999997 0.28037
 0.47716037499999997 0.29146374999999997
 0.470690125 0.29231624999999994
 0.95833325 0.104166875
 0.979166625 0.12500025
 0.758631625 0.01550275
 0.74643 0.0310055
 0.286671 0.130641
 0.72450425 0.937657
 0.74300625 0.9064855
 0.731424 0.89089975
 0.75225725 0.89089975
 0.23692037500000002 0.496829375
 0.364622 0.15811312500000002
 0.34932287500000003 0.15928425000000002
 0.356500625 0.14344837500000002
 0.508250375 0.27271775
 0.698438125 0.186844125
 0.683745625 0.179655875
 0.729322375 0.35541837499999995
 0.7180385 0.35209999999999997
 0.2352645 0.982746125
 0.22916675 1
 0.21443125000000002 0.982746125
 0.5881138749999999 0.714357625
 0.583548125 0.7071903749999999
 0.5895777499999999 0.70469325
 0.16470600000000002 0.5893998749999999
 0.17493237500000003 0.6011894999999999
 0.18515875 0.612979125
 0.17950187500000003 0.619941125
 0.671897125 0.15346625
 0.65856375 0.163155375
 0.745455125 0.519102
 0.7396853750000001 0.515170125
 0.7162599999999999 0.6200551249999999
 0.36316662499999997 0.12478537500000002
 0.282026875 0.36452300000000004
 0.858993875 0.4476135
 0.870629125 0.44202762500000004
 0.739797375 0.17465412500000002
 0.75261525 0.599554375
 0.74453525 0.604985625
 0.744447 0.59151075
 0.44895137499999993 0.881201375
 0.54901975 0.704233875
 0.5425495 0.705086375
 0.5452917500000001 0.6940325
 0.230819125 0.7523442499999999
 0.226188 0.7678514999999999
 0.334994625 0.297335875
 0.32915374999999997 0.3069455
 0.386651 0.302961
 0.39393537500000003 0.301690625
 0.39352912500000004 0.310482875
 0.576054625 0.719351875
 0.36375674999999996 0.64539375
 0.283291375 0.438819125
 0.276812625 0.43273475
 0.28738374999999994 0.42998487500000004
 0.5440305000000001 0.28807399999999994
 0.317876875 0.599950875
 0.31537975 0.59392125
 0.324299875 0.5939693749999999
 0.062500125 0.895833125
 0.068597875 0.87857925
 0.08943125 0.8994126250000001
 0.56908925 0.2934205
 0.895833125 0.95833325
 0.31391975 0.6067277499999999
 0.309962625 0.613504625
 0.304999625 0.606679625
 0.42892537500000005 0.195809125
 0.40982487500000003 0.7264937499999999
 0.411477875 0.717333875
 0.27008862499999997 0.742685125
 0.279822 0.7390775
 0.7586073750000001 0.724377
 0.632969125 0.21270275
 0.6290835 0.221396875
 0.163684625 0.8252269999999999
 0.178199125 0.81222525
 0.220417375 0.5273255
 0.222067625 0.5349495
 0.27914925 0.685600375
 0.287153125 0.795327
 0.68992675 0.340596875
 0.687556625 0.349059625
 0.680699625 0.34250075
 0.3025575 0.48058924999999997
 0.291986375 0.483339125
 0.719696125 0.71588225
 0.7161926249999999 0.707149625
 0.479166625 1
 0.492160125 0.9885326249999999
 0.12377475000000002 0.62411525
 0.33871525 0.61553225
 0.809763875 0.531421625
 0.5535855 0.7114011250000001
 0.55815125 0.718568375
 0.55084325 0.7224550000000001
 0.3185975 0.982746125
 0.31249974999999997 1
 0.4373835 0.897032625
 0.39129650000000005 0.677683875
 0.39482324999999996 0.66923025
 0.81249975 1
 0.645230375 0.17284449999999998
 0.631897 0.18253362499999998
 0.621407625 0.17322137499999998
 0.222496625 0.43626437500000004
 0.234528125 0.44373425
 0.21840425 0.445098625
 0.873340875 0.113915125
 0.8797323749999999 0.144942375
 0.6334356250000001 0.34217074999999997
 0.6409835 0.33768075
 0.437450625 0.264042125
 0.446115375 0.258391
 0.65157775 0.23105874999999998
 0.655493875 0.24222649999999998
 0.83100675 0.400232875
 0.376626 0.822927875
 0.39196912500000003 0.8246115
 0.300036625 0.5998546249999999
 0.2975395 0.5938249999999999
 0.306459625 0.593873125
 0.28573487499999994 0.31124525000000003
 0.27852599999999994 0.32112525000000003
 0.237950875 0.539777125
 0.32068237499999996 0.680032875
 0.31627925 0.673178375
 0.12779649999999998 0.29758675
 0.137588 0.31092137500000006
 0.93730625 0.5556715
 0.020833375 0.8541663749999999
 0 0.8541663749999999
 0.17610125 0.8418082499999999
 0.860894625 0.543721875
 0.862683875 0.5548976250000001
 0.84855925 0.54344075
 0.18283025 0.796718
 0.8525075 0.09308174999999999
 0.8669493749999999 0.082887875
 0.669205375 0.728313125
 0.179876125 0.24021587500000002
 0.189667625 0.2535505
 0.17266725 0.250095875
 0.11082824999999999 0.12786125
 0.7468947499999999 0.5751390000000001
 0.740038625 0.5723843750000001
 0.7481186249999999 0.5669531250000001
 0.568458625 0.28447374999999997
 0.49512037499999995 0.82910475
 0.5001258749999999 0.8399028749999999
 0.573234375 0.900997
 0.40500125 0.74022025
 0.41268387500000003 0.7335575
 0.8745954999999999 0.26342762499999994
 0.8672309999999999 0.249570875
 0.5918915 0.7844575
 0.49978237500000006 0.179670125
 0.49997975000000006 0.19319625
 0.308372125 0.8521655
 0.6154513749999999 0.03175925
 0.609809125 0.015879625
 0.4559255 0.13509825
 0.464696875 0.144012625
 0.446854375 0.145624875
 0.15095112500000002 0.481860875
 0.139216 0.493205375
 0.551131375 0.29787325
 0.55753775 0.3023535
 0.22645775 0.648211
 0.520833375 1
 0.5087335 0.9834995
 0.529566875 0.9834995
 0.8542702499999999 0.3152445
 0.8548564999999999 0.29384687499999995
 0.7859543750000001 0.7430910000000001
 0.7766485000000001 0.729601
 0.97111625 0.207888
 0.956674375 0.197248625
 0.732122875 0.36417037500000005
 0.7349233749999999 0.37292237500000003
 0.26035525000000004 0.7462927500000001
 0.262231375 0.734303375
 0.51941075 0.3025575
 0.394459625 0.73981925
 0.5577916249999999 0.30931712499999997
 0.6867949999999999 0.690004625
 0.6919228749999999 0.684076125
 0.5176542500000001 0.729751625
 0.793285 0.31311512499999994
 0.70491725 0.510402125
 0.6991475 0.50647025
 0.7673426250000001 0.716111
 0.75803675 0.702621
 0.316879375 0.736636375
 0.30902212500000004 0.7282546249999999
 0.74060625 0.35873675
 0.34094525 0.6836891249999999
 0.333015375 0.6852882499999999
 0.336542125 0.6768346249999999
 0.6317973750000001 0.11002675
 0.715848875 0.227787125
 0.7025155 0.23747625
 0.701156375 0.220598875
 0.7512248749999999 0.523033875
 0.7537508749999999 0.577893625
 0.8910598750000001 0.871787375
 0.9118932500000001 0.850954
 0.906539875 0.879802625
 0.23455700000000002 0.577690125
 0.232059125 0.569142
 0.24794237500000002 0.573969625
 0.45231612499999996 0.766475
 0.458731625 0.775469
 0.35460625 0.63624325
 0.726464 0.18434325000000001
 0.204823625 0.378654
 0.21497462499999997 0.36941037499999996
 0.2209475 0.37728962499999996
 0.182420125 0.8756433749999999
 0.176322375 0.89289725
 0.803939625 0.924394125
 0.809293 0.8955455
 0.37432699999999997 0.727964125
 0.2037125 0.6748862499999999
 0.198422875 0.6645611249999999
 0.141164 0.689776
 0.15292212500000002 0.6805248749999999
 0.5826344999999999 0.24895312500000003
 0.578748875 0.25764725
 0.691087 0.575498375
 0.696485375 0.581145875
 0.554686875 0.09527775000000001
 0.284344625 0.191015
 0.28245375 0.20453812500000002
 0.723202125 0.75336325
 0.722096625 0.734876375
 0.9549156249999999 0.386441125
 0.293636625 0.516844125
 0.785265625 0.43419800000000003
 0.846697375 0.13961174999999998
 0.82810425 0.12408725
 0.840305875 0.1085845
 0.89674875 0.58242475
 0.8874428750000001 0.56893475
 0.95833325 0.9374998750000001
 0.9374998750000001 0.95833325
 0.450479375 0.792655
 0.38836237500000004 0.21530325
 0.42881875 0.181243625
 0.210465125 0.4287945
 0.19434125 0.430158875
 0.198433625 0.421324625
 0.6570788750000001 0.19903412499999998
 0.6437455 0.20872324999999997
 0.6423863750000001 0.191845875
 0.6468505 0.7722465000000001
 0.4231625 0.26339812500000004
 0.417539125 0.25710299999999997
 0.426203875 0.251451875
 0.644252875 0.6692306250000001
 0.641583 0.6612850000000001
 0.515142375 0.8722972499999999
 0.53171575 0.8672641249999999
 0.520147875 0.8830953749999999
 0.543283625 0.851432875
 0.30634812499999997 0.405921125
 0.29737225 0.405866375
 0.9122287499999999 0.56960675
 0.8805866250000001 0.510198625
 0.87809725 0.493155875
 0.892221875 0.50461275
 0.112046625 0.28794362500000004
 0.09629675 0.27830050000000006
 0.97053 0.33345187499999995
 0.46764875000000006 0.6957375
 0.47050775 0.70280125
 0.26848875000000005 0.706524625
 0.257868875 0.706661625
 0.623080125 0.33422525000000003
 0.61553225 0.33871525
 0.6179023749999999 0.3302525
 0.20916875000000001 0.055989
 0.21583475 0.037326
 0.6129003749999999 0.9834995
 0.6216338749999999 0.9669989999999999
 0.63373375 0.9834995
 0.255666375 0.86063
 0.151931375 0.96191275
 0.17276475000000002 0.982746125
 0.8755798750000001 0.8637721249999999
 0.8600998750000001 0.855756875
 0.88093325 0.8349234999999999
 0.270444625 0.405702125
 0.31532400000000005 0.405975875
 0.443414375 0.7069065
 0.451097 0.70024375
 0.30909837500000004 0.27280675
 0.8376224999999999 0.29519975
 0 0.604166875
 0.01604625 0.5909576249999999
 0.01604625 0.611791
 0.301517625 0.776212125
 0.29178425 0.77981975
 0.607293 0.315343375
 0.862772125 0.5683725000000001
 0.8751075 0.568653625
 0.617426625 0.24747925
 0.6135410000000001 0.25617337500000004
 0.708279125 0.47609999999999997
 0.447807125 0.9541305
 0.49352975 0.30085249999999997
 0.56179825 0.7550106249999999
 0.5691062499999999 0.7511239999999999
 0.6377732500000001 0.7027317499999999
 0.28980975 0.664676125
 0.299543125 0.6610685000000001
 0.294212875 0.671530625
 0.34259625000000005 0.6961154999999999
 0.346123 0.687661875
 0.202533625 0.704787625
 0.40121975000000004 0.30042025
 0.406843125 0.306715375
 0.9272043750000001 0.30153375
 0.397318625 0.746883
 0.9343650000000001 0.6240220000000001
 0.7568285 0.6518474999999999
 0.8486378749999999 0.234046375
 0.8300447499999999 0.218521875
 0.25782825 0.727448875
 0.176754 0.364259875
 0.71346775 0.760820625
 0.200431 0.5005499999999999
 0.5567535 0.78074925
 0 0.479166625
 0.015749875 0.467976375
 0.18750025 0
 0.2016675 0.018663
 0.062500125 0.95833325
 0.193598 0.982746125
 0.18750025 1
 0.77179325 0.53129775
 0.6062775 0.287488875
 0.613825375 0.282998875
 0.883076 0.527241375
 0.897200625 0.53869825
 0.5975995000000001 0.7448265000000001
 0.599063375 0.735162125
 0.678457375 0.39291937499999996
 0.86179475 0.385625375
 0.87166425 0.37041575
 0.633735375 0.657312125
 0.638913125 0.653339375
 0.27254912499999995 0.475898375
 0.3042625 0.46764875000000006
 0.903405 0.6496580000000001
 0.430365625 0.0699675
 0.307473 0.659469375
 0.24732062500000002 0.34702200000000005
 0.23594037499999998 0.34615075000000006
 0.547033875 0.9504984999999999
 0.5678672499999999 0.9504984999999999
 0.82466175 0.36087337499999994
 0.81479225 0.37608299999999995
 0.8153785 0.35468537499999997
 0.24509925 0.440984375
 0.249191625 0.43215012500000005
 0.726518625 0.8088238750000001
 0.725413125 0.7903370000000001
 0.489001625 0.770253375
 0.437499875 1
 0.23068137500000002 0.418595875
 0.242712875 0.42606575
 0.226589 0.427430125
 0.7574026250000001 0.297292875
 0.251659375 0.226988125
 0.2497685 0.24051125
 0.232768125 0.237056625
 0.6857495 0.667397875
 0.688419375 0.6753435
 0.16468025000000003 0.6712737499999999
 0.176438375 0.6620226249999999
 0.055960125 0.810909
 0.28255525 0.55261025
 0.6275185 0.91841225
 0.231380125 0.67582325
 0.1920925 0.7657035000000001
 0.204509125 0.7822847500000001
 0.18746137499999999 0.7812107500000001
 0.05958975 0.67695225
 0.04507525 0.66912075
 0.217658625 0.220078875
 0.21576775 0.233602
 0.19876737500000002 0.23014737500000002
 0.26893725 0.647663
 0.979166625 0.14583362500000002
 1 0.14583362500000002
 0.6304335 0.7631065000000001
 0.6386419999999999 0.7676765000000001
 0.1534905 0.545928
 0.38446775 0.33871525
 0.757610625 0.862051125
 0.38015337499999996 0.97706525
 0.37231349999999996 0.965597875
 0.39314687499999995 0.965597875
 0.127480875 0.5045498749999999
 0.11173100000000001 0.515740125
 0.7226196249999999 0.56362775
 0.274705 0.5816695
 0.29157574999999997 0.301635625
 0.7022753749999999 0.373344875
 0.7106870000000001 0.5143340000000001
 0.81244025 0.387856875
 0.31493925 0.26319712500000003
 0.306817875 0.248532375
 0.7881653750000001 0.7800647500000001
 0.7870598750000001 0.7615778750000001
 0.8051010000000001 0.7668018750000001
 0.737088 0.550365125
 0.731689625 0.544717625
 0.984971875 0.406591375
 0.469527625 0.22319624999999998
 0.280057375 0.544062125
 0.273634375 0.5500436249999999
 0.793548375 0.6913130000000001
 0.8115895 0.696537
 0.7393628750000001 0.4454625
 0.7769435 0.5967355
 0.78511175 0.604779125
 0.607846625 0.677175875
 0.6051767499999999 0.66923025
 0.613024375 0.673203125
 0.6182021249999999 0.669230375
 0.1077285 0.6373245000000001
 0.10926025 0.61628375
 0.31500325 0.74862575
 0.96904 0.71313625
 0.95356 0.72595425
 0.94690375 0.6378877500000001
 0.6479535000000001 0.7619850000000001
 0.696240625 0.437849125
 0.69873775 0.44387875
 0.690682875 0.442208375
 0.04166675 0.9374998750000001
 0.020833375 0.9374998750000001
 0.020833375 0.9166665
 0.912320625 0.456592
 0.8972925 0.44651687500000004
 0.9422325 0.26994224999999994
 0.927790625 0.28013612499999996
 0.607039125 0.30837975
 0.614840875 0.310853375
 0.11764775 0.70827825
 0.129405875 0.699027125
 0.127874125 0.720067875
 0.26184050000000003 0.27812025000000007
 0.88139125 0.07269400000000001
 0.772324875 0.07751374999999999
 0.77122975 0.7933276250000001
 0.701798375 0.433489875
 0.9247675 0.562639125
 0.9122287499999999 0.548773375
 0.046607 0.64808
 0.7078763750000001 0.390848875
 0.705075875 0.382096875
 0.7131307499999999 0.38376725
 0.37370725 0.27033275
 0.380991625 0.26906237499999996
 0.708381 0.336789125
 0.366582375 0.883776
 0.37907075 0.8766505
 0.4754735 0.73020375
 0.47908474999999995 0.7239925
 0.48194374999999995 0.73105625
 0.5921922500000001 0.2755545
 0.31098412499999994 0.639061125
 0.307888375 0.5758323750000001
 0.30539125 0.56980275
 0.31431137499999995 0.569850875
 0.5793794999999999 0.266594
 0.585785875 0.27107424999999996
 0.7121895 0.6276321249999999
 0.39207162500000003 0.813383125
 0.40099925000000003 0.80607275
 0.12635849999999998 0.38789975
 0.110249125 0.40083487500000003
 0.110608625 0.378256625
 0.062500125 0.0833335
 0.0833335 0.062500125
 0.314956875 0.644238875
 0.28362512500000003 0.581717625
 0.29254525 0.58176575
 0.662179625 0.0782675
 0.686002375 0.07789062499999999
 0.68835525 0.6411511249999999
 0.6845302499999999 0.63395625
 0.156452 0.38274712499999997
 0.3515195 0.7230869999999999
 0.36672249999999995 0.24824537500000005
 0.359438125 0.24951575000000004
 0.762741125 0.4494245
 0.7688725 0.45576475
 0.34393324999999997 0.05364675000000001
 0.7690187500000001 0.7563538750000001
 0.17797012500000003 0.640981875
 0.1881965 0.6527715
 0.7935447499999999 0.653247375
 0.7934565 0.6397725
 0.518256125 0.79744225
 0.50679075 0.802045125
 0.518358625 0.786213875
 0.518360625 0.9390311250000001
 0.771657375 0.359939875
 0.774457875 0.368691875
 0.763174 0.3653735
 0.5114175000000001 0.763429375
 0.5040782500000001 0.75943925
 0.218649875 0.411126
 0.202526 0.412490375
 0.252538625 0.7171237500000001
 0.09168224999999999 0.6505337500000001
 0.20900175 0.36153112499999995
 0.225125625 0.36016675
 0.3531725 0.7139271249999999
 0.346121 0.709248125
 0.9127624999999999 0.290894375
 0.41459824999999995 0.122443125
 0.08054687499999999 0.26865737500000003
 0.5872928749999999 0.177812125
 0.5768035 0.168499875
 0.44512087499999997 0.919728375
 0.45385437500000003 0.903227875
 0.586475875 0.687861625
 0.58044625 0.6903587499999999
 0.5819101250000001 0.680694375
 0.588700625 0.9504984999999999
 0.609534 0.9504984999999999
 0.0145145 0.69533175
 0.15721425 0.1623205
 0.17138150000000002 0.1809835
 0.15249025 0.191052
 0.61091825 0.163909125
 0.8217234999999999 0.39404487499999996
 0.9845200000000001 0.7211515
 0.640862375 0.274762
 0.633060625 0.272288375
 0.5977822500000001 0.18712437499999998
 0.597584875 0.17359824999999998
 0.979166625 0
 1 0.020833375
 0.9594425 0.6517535000000001
 0.20279049999999998 0.568034875
 0.205288375 0.5765830000000001
 0.723199625 0.7246148750000001
 0.6374845 0.297383375
 0.7498191249999999 0.498327875
 0.710426875 0.44585975
 0.45199137500000003 0.7280977500000001
 0.361385375 0.810015875
 0.128532625 0.74590025
 0.13316375 0.7303930000000001
 0.14558037499999998 0.7469742500000001
 0.20778625 0.585131125
 0.22117162499999998 0.581410625
 0.3390695 0.7045691249999999
 0.33389175000000004 0.7005963749999999
 0.57641425 0.747237375
 0.01604625 0.5284575
 0.0320925 0.536081625
 0.01604625 0.549290875
 0.6807052499999999 0.626761375
 0.0644375 0.21909275
 0.69218025 0.648346
 0.04813875000000001 0.5853725
 0.959894375 0.5038601250000001
 0.947355625 0.51082775
 0.6469885000000001 0.094147125
 0.655620125 0.10964987500000001
 0.604166875 1
 0.5920669999999999 0.9834995
 0.372743375 0.17277787500000003
 0.7682147500000001 0.5089462499999999
 0.773281625 0.500525125
 0.27143862500000004 0.7785635000000001
 0 0.520833375
 0.279295875 0.78694525
 0.8581188750000001 0.763987
 0.221556875 0.78335875
 1 0.395833125
 0.984971875 0.385758
 0.25355775 0.9309845
 0.44261462500000004 0.30052487499999997
 0.442208375 0.30931712499999997
 0.828685625 0.2016445
 0.607104125 0.23183125
 0.596812125 0.23604512500000002
 0.190815625 0.6060171249999999
 0.6252283750000001 0.24995287500000002
 0.668102375 0.738574625
 0.659471 0.7357705
 0.9374998750000001 0.104166875
 0.413130875 0.708174
 0.41916050000000005 0.710671125
 0.289880875 0.42395525
 0.38086475 0.18744262500000003
 0.062500125 0.9166665
 0.791481875 0.835525375
 0.476772875 0.26842374999999996
 0.95356 0.80928725
 0.5381908750000001 0.29616824999999997
 0.53235125 0.3042625
 0.37533724999999996 0.77009675
 0.848517625 0.840171125
 0.320984375 0.768996875
 0.328035875 0.773675875
 0.859105375 0.532546125
 0.60638275 0.6868402499999999
 0.598535125 0.682867375
 0.0477645 0.857745875
 0.5910416249999999 0.695028875
 0.46698387499999994 0.758283
 0.47844924999999994 0.753680125
 0.110968125 0.355678375
 0.111327625 0.333100125
 0.16242487500000002 0.39062637499999997
 0.35757799999999995 0.948344
 0.665453625 0.840396
 0.6868045 0.8413107500000001
 0.49856900000000004 0.8773303749999999
 0.326843875 0.6358628749999999
 0.394747875 0.284106125
 0.39434162500000003 0.292898375
 0.111687125 0.31052187500000006
 0.309374875 0.784593875
 0.311251 0.7726045
 0.395966625 0.257729375
 0.40284475000000003 0.26525125
 0.178217375 0.43152325
 0.64692275 0.67717625
 0.21904212499999998 0.29355437500000003
 0.6871333749999999 0.862455
 0.697644375 0.8523402500000001
 0.2716685 0.055989
 0.956674375 0.259748375
 0.27510662499999994 0.45648762500000006
 0.897148125 0.32305025
 0.896561875 0.34444787499999996
 0.85951975 0.950318
 0.405965125 0.10495125
 0.41816537499999995 0.087459375
 0.49532537499999996 0.806648
 0.48385999999999996 0.811250875
 0.49542787499999996 0.795419625
 0.6843824999999999 0.646328875
 0.21431187499999999 0.453932875
 0.7545332499999999 0.693888375
 0.67673375 0.74137875
 0.686468125 0.733921375
 0.460568375 0.749289
 0.19027275 0.17091499999999998
 0.18554875 0.1996465
 0.790376375 0.8170385
 0.789270875 0.7985516250000001
 0.807312 0.8037756250000001
 0.28738450000000004 0.919517125
 0.2596555 0.9137306249999999
 0.8238885 0.5428785
 0.811553125 0.542597375
 0.34666074999999996 0.62588775
 0.26862787499999996 0.45040325000000003
 0.5570090000000001 0.231032125
 0.546519625 0.221719875
 0.301164875 0.719872875
 0.516011 0.09689
 0.6970210000000001 0.3804265
 0.5383003749999999 0.9669989999999999
 0.544661125 0.29702074999999994
 0.5452917500000001 0.30596749999999995
 0.27028399999999997 0.5350252499999999
 0.278352375 0.5311216249999999
 0.279204875 0.5375918749999999
 0.33496737499999996 0.19095600000000001
 0.342145125 0.17512012500000002
 0.8541663749999999 0
 0.87499975 0.020833375
 0.426843125 0.704008375
 0.902224625 0.093527375
 0.923058 0.11436075000000001
 0.259222875 0.172895625
 0.240331625 0.182964125
 0.70406475 0.516872375
 0.34401499999999996 0.7710445
 0.7783485 0.492104
 0.7014796249999999 0.569086625
 0.9273487499999999 0.46666712500000007
 0.020833375 0.12500025
 0.020833375 0.104166875
 0.04166675 0.104166875
 0.09485875 0.36861350000000004
 0.07874937500000001 0.381548625
 0.8444007499999999 0.33045412499999993
 0.7106768750000001 0.39960087499999997
 0.7026220000000001 0.39793049999999996
 0.609655375 0.26486750000000003
 0.18365787500000003 0.213169625
 0.181767 0.22669275
 0.756505125 0.84356425
 0.77344075 0.8303013750000001
 0.6935841249999999 0.56946875
 0.279199 0.447653375
 0.064078 0.30417075000000005
 0.080187375 0.291235625
 0.020833375 0.14583362500000002
 0 0.14583362500000002
 0.5332726250000001 0.829836625
 0.713395125 0.04650825
 0.734228375 0.04650825
 0.72202675 0.062011
 0.4910110000000001 0.17075574999999998
 0.481939875 0.181282375
 0.1902775 0.06605749999999999
 0.20444475 0.0847205
 0.787617625 0.42242412500000004
 0.857066125 0.6486897500000001
 0.84776025 0.6351997500000001
 0.860007375 0.6220060000000001
 0.733416375 0.57492275
 0.32590237499999997 0.145790625
 0.572973125 0.26211375000000003
 0.37576325 0.6657656249999999
 0.38446775 0.6612847500000001
 0.7316573749999999 0.480062
 0.7208207499999999 0.48455125
 0.395833125 1
 0.38799324999999996 0.9885326249999999
 0.482855625 0.24453124999999998
 0.47981425 0.2564775
 0.7667263750000001 0.539718875
 0.23707137499999997 0.37592525
 0.5494455 0.784635875
 0.551748 0.769951125
 0.31187612499999995 0.666323875
 0.31540287499999997 0.65787025
 0.22144037500000002 0.193032625
 0.2195495 0.20655575
 0.202549125 0.203101125
 0.17022462500000002 0.9101511250000001
 0.19715575000000002 0.9137306249999999
 0.41040725 0.6873571249999999
 0.074695625 0.8613253750000001
 0.10162675 0.8649048749999999
 0.7159846249999999 0.44150049999999996
 0.31431137499999995 0.430149125
 0.691491125 0.5932051249999999
 0.30146537500000004 0.5818138749999999
 0.418089875 0.680694375
 0.5599747500000001 0.7367895
 0.5572325 0.747843375
 0.55266675 0.740676125
 0.74752625 0.676423125
 0.7440227500000001 0.6676905
 0.7424863749999999 0.556012625
 0.22008012500000002 0.84646175
 0.2325685 0.83933625
 0.227937375 0.8548435
 0.63624325 0.64539375
 0.36705875 0.6702465
 0.462533 0.72849875
 0.46614425000000004 0.7222875
 0.46900325 0.72935125
 0.7201122499999999 0.650447625
 0.365610375 0.28918762500000006
 0.621093625 0.047638875000000004
 0.19499675 0.1421835
 0.86813975 0.42498487500000004
 0.8588565 0.418796875
 0.7884822499999999 0.47526175
 0.783415375 0.48368287499999996
 0.07874937500000001 0.402382
 0.64539375 0.63624325
 0.606006 0.80828225
 0.44657475 0.22820337499999999
 0.640831875 0.25490012500000003
 0.6330301250000001 0.2524265
 0.30649512500000003 0.70941075
 0.186402125 0.41385475
 0.17027825 0.415219125
 0 0.31249974999999997
 0.016109375 0.320397875
 0.29680562499999996 0.24739075
 0.854124875 0.6753735000000001
 0.866372 0.6621797500000001
 0.712922 0.92207125
 0.7132821250000001 0.298615125
 0.706425125 0.29205625
 0.33508737499999997 0.778354875
 0.342138875 0.783033875
 0.51875675 0.7674194999999999
 0.5150287499999999 0.757218125
 0.39586 0.24316387499999997
 0.403144375 0.24189349999999998
 0.61553225 0.6612847500000001
 0.834434625 0.531983875
 0.318724625 0.1616265
 0.10313325 0.70044675
 0.66510975 0.6227271249999999
 0.677028 0.6071938749999999
 0.66923025 0.6051767499999999
 0.21801262500000002 0.59692075
 0.73375525 0.92207125
 0.075636 0.663743
 0.4488488749999999 0.89242975
 0.601991125 0.715833375
 0.611302625 0.7101418749999999
 0.187045625 0.5042705
 0.188695875 0.5118944999999999
 0.643353625 0.329218
 0.62588775 0.34666074999999996
 0.6282578750000001 0.338198
 0.81008825 0.39963075
 0.11202737500000001 0.5345544999999999
 0.292841625 0.350507
 0.897734375 0.301652625
 0.6864638750000001 0.213410625
 0.6717713750000001 0.20622237499999999
 0.898906875 0.238024125
 0.7561986249999999 0.5615218750000001
 0.617686375 0.723779125
 0.61915025 0.71411475
 0.22883362499999998 0.306889
 0.240213875 0.30776025000000007
 0.6018536250000001 0.262393875
 0.85043675 0.5680913750000001
 0.9482066250000001 0.8381358750000001
 0.932726625 0.830120625
 0.322839875 0.606775875
 0.33076975 0.6051767499999999
 0.314925625 0.620329625
 0.6974425 0.51941075
 0.318929625 0.649416625
 0.32288675 0.64263975
 0.40203225000000004 0.28283575
 0.070474625 0.79790725
 0.562717 0.725735625
 0.8114516249999999 0.202997375
 0.7928584999999999 0.187472875
 0.43440925 0.27598837499999995
 0.428785875 0.26969325
 0.33402374999999995 0.160455375
 0.5360668749999999 0.13756362500000002
 0.53626425 0.15108975000000002
 0.25754525 0.82508525
 0.36119949999999995 0.0886305
 0.36983262499999997 0.106122375
 0.579967125 0.9669989999999999
 0.724307625 0.771850125
 0.5889757499999999 0.015879625
 0.548101 0.7335088750000001
 0.7440493749999999 0.494396
 0 0.9374998750000001
 0.48928299999999997 0.735046375
 0.49289425 0.728835125
 0.144921875 0.721141875
 0.33962675 0.79933825
 0.34855437499999997 0.792027875
 0.354969875 0.801021875
 0.7395695 0.8568271250000001
 0.8604895 0.71554725
 0.4899185 0.70535875
 0.49352975 0.6991475
 0.35695524999999995 0.30862775
 0.358655625 0.32012237499999996
 0.5223403750000001 0.23734125
 0.01604625 0.5701242499999999
 0.0320925 0.5777483749999999
 0.19364662500000002 0.5347665
 0.207032 0.531046
 0.42036650000000003 0.72689475
 0.4965055 0.722623875
 0.48916624999999997 0.71863375
 0.230533 0.35315874999999997
 0.203032375 0.84538775
 0.88153375 0.35520612500000004
 0.8722505 0.34901812499999996
 0.062500125 0.9374998750000001
 0.7091316249999999 0.48257025
 0.6974425 0.48058924999999997
 0.6460205 0.88724075
 0.657265 0.7562935000000001
 0.366829125 0.262810875
 0.33496375 0.265480375
 0.218767125 0.5197015
 0.590711375 0.07939812500000001
 0.5698780000000001 0.07939812500000001
 0.5038447500000001 0.726614
 0.288619375 0.5937768749999999
 0.16774375000000002 0.62919225
 0.7493425 0.55876725
 0.9855581250000001 0.218527375
 0.9855581250000001 0.197694125
 0.16618587499999998 0.424053375
 0.154154375 0.4165835
 0.500177125 0.206722375
 0.170413625 0.78013675
 0.8541663749999999 0.979166625
 0.726794125 0.577461125
 0.7213957499999999 0.571813625
 0.288882625 0.68199275
 0.21617587500000002 0.564314375
 0.245056875 0.83221075
 0.49484100000000003 0.9046289999999999
 0.48700112500000003 0.8931616250000001
 0.1473795 0.324256
 0.77200375 0.677356375
 0.77550725 0.6860890000000001
 0.7632685 0.685622375
 0.15566687499999998 0.24664125000000003
 0.723073125 0.591676625
 0.46764875000000006 0.3042625
 0.6437738749999999 0.8183370000000001
 0.29100275 0.36457775000000003
 0.29641012499999997 0.35756975
 0.3463265 0.9885326249999999
 0.366422875 0.27160312500000006
 0.366016625 0.280395375
 0.3408355 0.28772625
 0.339135125 0.27623162500000004
 0.0796385 0.500491875
 0.19972075 0.113452
 0.203028875 0.353651875
 0.197056 0.34577262500000006
 0.247877625 0.25403437500000003
 0.5926796249999999 0.7215248750000001
 0.6816671249999999 0.695933125
 0.55449025 0.75889725
 0.76084775 0.321688
 0.7647671250000001 0.311149625
 0.0435435 0.7526612500000001
 0.96994375 0.37568287499999997
 1 0.72916675
 0.518224375 0.139175875
 0.48199562500000004 0.8823635
 0.711822875 0.5523327499999999
 0.104166875 0.062500125
 0.75102975 0.6851557500000001
 0.5964965 0.755088
 0.64572375 0.32075525000000005
 0.648093875 0.3122925
 0.28642075 0.527218
 0.29448912499999996 0.523314375
 0.29534162499999994 0.529784625
 0.6957375 0.53235125
 0.863972625 0.48169900000000004
 0.7518901250000001 0.36205512500000003
 0.7134773750000001 0.408352875
 0.24066875 0.26391437500000003
 0.46328525000000004 0.71522375
 0.4697555 0.71607625
 0.15336587499999998 0.77906275
 0.633262875 0.8284517499999999
 0.621881 0.29243612500000005
 0.6216271250000001 0.2854725
 0.330854125 0.318440125
 0.6227518750000001 0.8385665
 0.263965875 0.39961775
 0.46542225 0.887396625
 0.882264375 0.4364417500000001
 0.537251125 0.21872037500000002
 0.527982625 0.215720875
 0.352566375 0.07113862500000001
 0.257669125 0.267369
 1 0.22916675
 0.8652905 0.15513624999999998
 0.742494 0.47557275
 0.569850875 0.31431137499999995
 0.77083325 0
 0.243334 0.018663
 0.25750125 0.037326
 0.62588775 0.6533392499999999
 1 0.8541663749999999
 0.362056375 0.34311162500000003
 0.36375674999999996 0.35460625
 0.48808862499999994 0.7914295
 0.49955399999999994 0.786826625
 0.313127125 0.7606151250000001
 0.5189115000000001 0.2262475
 0.07904575 0.46286312500000004
 0.07934212500000001 0.4816775
 0.310684125 0.38582075000000005
 0.408874375 0.262754125
 0.319110625 0.273948375
 0.360356 0.331617
 0.9072500000000001 0.514687875
 0.51130075 0.74701675
 0.50757275 0.7368153749999999
 0.6162225 0.7334434999999999
 0.624431 0.7380135
 0.14583362500000002 0.020833375
 0.14583362500000002 0
 0.47622575 0.71692875
 0.48269599999999996 0.71778125
 0.12027625 0.07039825
 0.578982375 0.700023125
 0 0.104166875
 0.020833375 0.0833335
 0.22250075 0.018663
 0.22916675 0
 0.43778324999999996 0.1561515
 0.428712125 0.16667812499999998
 0 0.5625001249999999
 0.45470825000000004 0.6940325
 0.18548587500000002 0.703713625
 0.785204625 0.49485862499999994
 0.46390425 0.216901125
 1 0.18750025
 0.9855581250000001 0.176860875
 0.699153875 0.338693
 0.692296875 0.332134125
 0.5611345000000001 0.8844965
 0.3025575 0.51941075
 0.36715987499999997 0.9885326249999999
 0.5865201250000001 0.240259
 0.667239 0.297435875
 0.658011875 0.29933975
 0.675918 0.9844142499999999
 0.654567125 0.9834995
 0.476978 0.70365375
 0.48058924999999997 0.6974425
 0.48344824999999997 0.70450625
 0.43993775 0.792254
 0.44590062499999994 0.7574810000000001
 0.45644224999999994 0.757882
 0.654942625 0.85051075
 0.6657824999999999 0.86154025
 0.5185167500000001 0.19919525
 0.518714125 0.212721375
 0.5094456250000001 0.209721875
 0.329488625 0.693741875
 0.3250855 0.686887375
 0.110249125 0.42166825
 0.66724225 0.27572975
 0.6711583750000001 0.2868975
 0.6564658750000001 0.27970925
 0.909739375 0.531730625
 0.694667 0.323671375
 0.3042625 0.53235125
 0.34706499999999996 0.36187175
 0.35460625 0.36375674999999996
 0.21183324999999997 0.30343437500000003
 0.30289412499999996 0.563773125
 0.624669625 0.886326
 0.615418625 0.90191175
 0.6447480000000001 0.266067875
 0.78947425 0.660824375
 0.780739 0.669090375
 0.3879905 0.6960036249999999
 0.27414462500000003 0.5040868749999999
 0.26607625 0.5079905
 0.6849235 0.6068117499999999
 0.691739125 0.24145575
 0.252619875 0.67554925
 0.062500125 0.104166875
 0.707919625 0.412712125
 0.702361875 0.417071375
 0.04813875000000001 0.564539125
 0.33514675 0.377405
 0.594194 0.76977275
 0.591561625 0.26660775000000003
 0.670186375 0.24941475
 0.68096275 0.24543525
 0.745670875 0.583324875
 0.34284249999999994 0.931090125
 0.3151135 0.925303625
 0.32912287500000004 0.27509000000000006
 0.917246625 0.822105375
 0.901766625 0.8140901249999999
 0.03185925 0.33004100000000003
 0.015749875 0.34297612499999997
 0.50647025 0.30085249999999997
 0.696804125 0.421430625
 0.41398024999999994 0.965597875
 0.434813625 0.965597875
 0.7491162499999999 0.48597487500000003
 0.47286875000000006 0.191809
 0.69979725 0.2037215
 0.713130625 0.194032375
 0.678015375 0.293456375
 0.261859 0.5936325
 0.6810206249999999 0.36840062500000004
 0.391559125 0.8695250000000001
 0.6744846250000001 0.387741625
 0.754183125 0.47755375
 0.6669993750000001 0.748836125
 0.411809125 0.236242375
 0.41191575 0.250807875
 0.251594125 0.30863150000000006
 0.9623837500000001 0.583403
 0.49522287499999995 0.817876375
 0.67041225 0.18934499999999999
 0.60052725 0.7254977499999999
 0.608374875 0.729470625
 0.500893625 0.9720321249999999
 0.692711125 0.2789385
 0.6995681250000001 0.28549737500000005
 0.68879175 0.289476875
 0.800817625 0.47554287500000003
 0.19287787499999998 0.36289550000000004
 0.764292875 0.34608312499999994
 0.254365375 0.5679881250000001
 0.756928375 0.33222637499999996
 0.604166875 0
 0.511019375 0.78222375
 0.52248475 0.777620875
 0.454780125 0.252739875
 0.048328125 0.21119462500000002
 0.47336675 0.709865
 0.295042375 0.587795375
 0.016109375 0.237064875
 0.150358375 0.44423212500000003
 0.786993875 0.5060343749999999
 0.428496125 0.6948485
 0.430149125 0.6856886249999999
 0.791499375 0.1705955
 0.71475175 0.531206375
 0.420473875 0.23059125
 0.42924525 0.239505625
 0.09449925 0.412025125
 0.8155218750000001 0.9399798749999999
 0.289770125 0.4449035
 0.247866875 0.75341825
 0.6794428750000001 0.10927300000000001
 0.6441027500000001 0.83948125
 0.3325545 0.32993475
 0.691529375 0.35423737499999997
 0.6717934999999999 0.37030450000000004
 0.737079125 0.140899375
 0.538278125 0.84063475
 0.678018625 0.27175024999999997
 0.87499975 0.979166625
 0.420121125 0.275344375
 0.32444125 0.35621674999999997
 0.895833125 0.04166675
 0.7270883750000001 0.10851925
 0.83453125 0.34566374999999994
 0 0.22916675
 0.291133875 0.489809375
 0.30085249999999997 0.49352975
 0.895833125 0.062500125
 0.70985325 0.43516025
 0.439485125 0.748487
 0.6291445 0.261120625
 0.6429161250000001 0.30831975
 0.63536825 0.31280975
 0.6377383750000001 0.30434700000000003
 0.48058924999999997 0.3025575
 0.6337425000000001 0.7323219999999999
 0.648664125 0.277235625
 0.33871525 0.38446775
 0.511414375 0.8995958749999999
 0.188517875 0.8583894999999999
 0.20935125 0.879222875
 0.020833375 1
 0 0.979166625
 0.650464 0.30382975
 0.380939 0.691324625
 0.68750025 1
 0.379366625 0.30423137499999997
 0.47239462499999996 0.81585375
 0.258007875 0.511894125
 0.483243125 0.26757125
 1 0.81249975
 0.04813875000000001 0.54370575
 0.5111840000000001 0.7306041249999999
 0.77083325 1
 0.9323275 0.5007526250000001
 0.9298381250000001 0.48370987500000007
 0.21692575 0.7988660000000001
 1 0.604166875
 0.622225 0.7585365000000001
 0.836223875 0.543159625
 0.51019825 0.709348875
 0.50647025 0.6991475
 0.6458336250000001 1
 0.253284 0.423315875
 0.5453587499999999 0.74456275
 0.1620935 0.432887625
 0.40731225000000004 0.8262951249999999
 0.42265537500000006 0.82797875
 0.42255287500000005 0.8392071249999999
 0.253057125 0.489022125
 0.669053125 0.17246762499999999
 0.42529962499999996 0.017491875
 0.45127937500000004 0.29487375
 0.45470825000000004 0.30596749999999995
 0.30931712499999997 0.5577916249999999
 0.6946340000000001 0.093393375
 0.703265625 0.10889612500000001
 0.563415375 0.235512375
 0.5262005000000001 0.9504984999999999
 0.509627125 0.955531625
 0.38964350000000003 0.68684375
 0.647661625 0.21989099999999998
 0.5925054999999999 0.6853644999999999
 0.5939693749999999 0.675700125
 0.5775185 0.7096875
 0.7098251250000001 0.07751374999999999
 0 0.437499875
 0.015749875 0.426309625
 0.015749875 0.447143
 0.6612847500000001 0.61553225
 0 0.68750025
 0 0.895833125
 0.6856886249999999 0.569850875
 0.420047375 0.17232925
 0.047968625 0.317105875
 0.48630724999999997 0.71157
 0.51392625 0.71955025
 0.463797625 0.202335625
 0 0.354166375
 0.157997 0.7635555
 0.37057149999999994 0.936876625
 0.8136071250000001 0.59419775
 0.104166875 0
 0.40643687500000003 0.315507625
 0.14110962500000002 0.049564875
 0.8541663749999999 1
 0.40040725 0.31800475
 0.437499875 0
 0.354166375 1
 0.851183625 0.70205725
 0.406030625 0.324299875
 0.324299875 0.406030625
 0.66923025 0.39482324999999996
