FiniteElementSpace
FiniteElementCollection: RT_2D_P1
VDim: 1
Ordering: 0

0.063331743
0.065659142
0.019840158
0.017839997
0.064452073
0.066819739
0.01864147
0.016756973
-0.06989346
-0.067411922
0.021119974
0.01899088
-0.071129366
-0.068608093
-0.015126696
-0.017383773
-0.072131962
-0.069575401
-0.014209915
-0.016330365
0.065360623
0.067761485
-0.013346749
-0.015342083
0.071759462
0.07440171
0.022482968
0.020216002
0.073032777
0.075716988
-0.079200491
-0.076388214
0.0239331
0.021519862
-0.08060039
-0.07774326
-0.017141034
-0.0196988
-0.081736279
-0.078839372
-0.016102414
-0.018505161
0.074062596
0.076784107
0.014295401
0.011762866
0.074837812
0.077587705
0.013429176
0.011050086
0.015217512
0.012521602
-0.082591874
-0.079664549
-0.0076704163
-0.010499029
-0.083152487
-0.080205317
-0.0072055809
-0.0098628105
0.075345645
0.078114451
-0.0067687242
-0.0092650655
0.012615478
0.010380277
0.066044885
0.068470685
0.011851948
0.0097495004
-0.072886817
-0.070303514
-0.073381357
-0.070780667
-0.0063584256
-0.0087037206
0.066492704
0.068935215
-0.0059713635
-0.0081773963
0.081314697
0.084308697
0.025477078
0.022908169
0.082757276
0.085798535
-0.089746085
-0.086559471
0.027120094
0.024385664
-0.091331963
-0.088094547
-0.019423546
-0.02232201
-0.092619421
-0.089336658
-0.018246747
-0.020969522
0.083924034
0.087007899
0.092141708
0.095534159
0.02886966
0.025958552
0.093775975
0.097222397
-0.1016955
-0.098084643
0.030731581
0.027632861
-0.10349257
-0.099824038
-0.022009938
-0.025294386
-0.10495165
-0.10123163
-0.020676477
-0.023761739
0.095098395
0.09859284
0.018356292
0.015104271
0.096093973
0.099625134
0.017243913
0.014189127
0.019540101
0.016078514
-0.10605044
-0.1022916
-0.0098490845
-0.013481361
-0.10677065
-0.10298629
-0.0092524831
-0.012664443
0.096746494
0.10030162
-0.0086917571
-0.011897164
0.01619917
0.013329311
0.084802526
0.087918632
-0.093589003
-0.090271952
-0.094224435
-0.090884859
-0.0081651136
-0.011176144
0.085378315
0.088515586
0.0059109132
0.0027649959
0.085636914
0.088783695
0.0055526537
0.0025974654
0.0062921643
0.002943295
-0.094509929
-0.091160253
0.0030433914
-0.00044127798
-0.09443
-0.091083154
0.0028589854
-0.00041447508
0.085564558
0.08870855
0.0026856354
-0.00038945479
0.0066981499
0.003133303
0.097039508
0.10060542
0.0071299247
0.0033354655
-0.107094
-0.1032984
0.0034477731
-0.00050070079
-0.10700283
-0.10321043
0.0032394346
-0.0004696445
0.096957843
0.10052033
-0.0060050509
-0.0098497242
0.096485431
0.10003062
-0.0056421589
-0.0092536328
-0.0063925101
-0.010485459
-0.10648245
-0.10270855
0.017757358
0.013531515
-0.10551679
-0.10177733
0.01668182
0.012712021
0.095611086
0.099123778
0.015671178
0.011941784
-0.0052999685
-0.0086930929
0.08514828
0.088276871
-0.0049789281
-0.0081660108
-0.093970231
-0.090640556
-0.093117331
-0.089818323
0.014721865
0.011218682
0.084376328
0.087476498
0.013829811
0.010538734
0.0046031095
0.0021528637
0.066694172
0.069143999
0.0043249732
0.0020208447
0.0048999259
0.0022919437
-0.07360371
-0.070995044
0.0023701926
-0.00034348982
-0.073541403
-0.070935018
0.0022269103
-0.00032248049
0.066638044
0.069085737
0.0020933238
-0.0003041646
0.0052162525
0.0024400823
0.075573811
0.078350849
-0.083404418
-0.08044836
-0.083333792
-0.08038025
0.0025229104
-0.00036571501
0.075510104
0.078284768
-0.0046770853
-0.0076711697
0.075142888
0.077903717
-0.0043940224
-0.0072066961
-0.082928107
-0.07998918
-0.082176664
-0.079264499
0.012991707
0.0099000127
0.074462123
0.077198173
0.012204781
0.0093003315
-0.004127657
-0.006770119
0.066314325
0.068749959
-0.003876571
-0.0063612149
-0.073184069
-0.070590466
-0.072520812
-0.069950854
0.011465608
0.0087370192
0.065713872
0.068127219
0.010771681
0.0082064732
-0.053375171
-0.052519081
0.015617738
0.013784556
-0.050308855
-0.049588308
-0.056350763
-0.055354946
-0.010471426
-0.012405912
0.053596602
0.054615677
-0.0078322247
-0.0097071143
0.050994271
0.051880276
0.01282656
0.011045619
0.048294361
0.049049742
-0.059219842
-0.05808155
0.0090192528
0.0069859881
-0.061965936
-0.060685062
-0.0033360521
-0.0054629846
0.058455076
0.059743151
-0.00094044079
-0.0029913309
0.056088513
0.057241316
0.0064263427
0.0044617087
-0.055240708
-0.054079232
0.0040595512
0.0021633582
-0.052844196
-0.051809388
-0.057511451
-0.056223258
0.0012280028
-0.00074608101
0.053997653
0.055281324
0.0031830941
0.0012857044
0.052062617
0.053227307
0.001905244
7.8337731e-05
0.050001664
0.051047427
-0.050336655
-0.049427283
0.010256636
0.0085287478
-0.04773131
-0.046945718
-0.005418142
-0.0072318887
-0.0032160021
-0.0049681439
0.047827575
0.048754525
0.0078958338
0.0062226419
0.045552495
0.046362456
-0.064574365
-0.063149287
0.0017457207
-0.00047143847
-0.06702829
-0.065459549
0.0044266025
0.002125477
0.062756158
0.064313718
0.0065198211
0.0043122464
0.060682654
0.062105492
-0.00059115267
-0.0027229718
-0.069312111
-0.067600119
-0.0061403254
-0.0085197905
-0.071409672
-0.069555312
0.012740717
0.01028888
0.066383575
0.068207386
0.014474155
0.012132648
0.064660971
0.06635284
-0.008162522
-0.01044066
-0.063430956
-0.061764747
-0.0099603206
-0.01213771
-0.061621138
-0.060079649
-0.065059975
-0.063270025
0.015987591
0.013753624
0.060221232
0.061972686
0.01729566
0.015167907
0.05891734
0.060554856
-0.01154781
-0.013627126
0.057437902
0.058958352
-0.059643076
-0.058228325
-0.0027007194
-0.0047478998
0.0083880257
0.0062722746
0.010045091
0.0080212163
0.055793357
0.057196463
-0.0045969573
-0.006560803
-0.054771748
-0.05338558
-0.0062945044
-0.008174603
-0.053060439
-0.051784853
-0.056332913
-0.054836
0.011505962
0.009571598
0.052281244
0.05375001
0.012783247
0.010938021
0.051010514
0.052377396
-0.0078051362
-0.0096036397
0.049592717
0.050855326
-0.057730135
-0.056125491
-0.012940437
-0.014921842
-0.058952778
-0.057241673
0.018413929
0.016389572
0.054335795
0.056004228
0.019356069
0.017433327
0.053393085
0.054963252
-0.014150334
-0.016037692
-0.052257411
-0.050725479
-0.015192093
-0.016986217
-0.051216502
-0.049777524
-0.053131534
-0.051508269
0.020136356
0.018311586
0.048760998
0.050336947
0.020766462
0.019037861
0.048125762
0.049618141
-0.016076967
-0.017780877
0.047329956
0.048735872
-0.050018007
-0.048674687
-0.0091419448
-0.01085919
-0.048673697
-0.047426763
0.013890852
0.012132038
0.014840257
0.013166728
0.046382428
0.047700309
-0.010316112
-0.011954098
0.045293304
0.046520821
-0.047143814
-0.04620411
0.0057331141
0.004114948
-0.0449529
-0.044123874
-0.049233525
-0.048182109
-0.0012136079
-0.0029035408
0.046359086
0.047411512
0.00060024947
-0.0010269082
0.044565326
0.045512972
0.0037571816
0.0021949675
0.042668828
0.043512028
-0.051209806
-0.05004665
-4.8904786e-05
-0.0018063872
0.0049388589
0.0031170642
0.0065072775
0.0047616372
0.048038267
0.04919661
-0.0018146044
-0.0035037472
-0.0471934
-0.046044927
-0.0034044888
-0.0050244323
-0.045588905
-0.044538498
0.0079011772
0.0062297692
0.0091315003
0.0075342571
0.044071747
0.045208179
-0.0048284823
-0.0063808388
0.042727897
0.04377164
-0.043869773
-0.042918864
0.0019574355
0.00045166621
-0.04204828
-0.041195489
0.0022380834
0.00067287118
0.0037098865
0.0022073927
0.041270923
0.042222224
0.00032330273
-0.0011263234
0.039710675
0.040569027
-0.04653689
-0.045927886
-0.046538366
-0.045929457
-0.050307646
-0.049586727
-0.042958754
-0.04245036
0.044819723
0.045468255
0.041511784
0.042062075
0.041511983
0.042062442
0.044819237
0.045467524
-0.042959335
-0.042450668
0.048292813
0.049048093
-0.039564998
-0.039148905
-0.044332314
-0.043650387
-0.036350979
-0.036019878
0.042431008
0.043140501
0.035384179
0.035760522
0.039451701
0.040068164
0.038368056
0.038827922
-0.041095116
-0.040508841
-0.038017056
-0.037519341
-0.038016744
-0.037519056
-0.041095119
-0.040508968
-0.035093642
-0.03467775
0.03661269
0.037142534
0.033910516
0.034360346
0.033910864
0.034360631
0.03661262
0.03714265
-0.035093565
-0.034677887
0.039451849
0.040068257
-0.044331701
-0.043650015
-0.039565303
-0.039149062
-0.047730023
-0.046944961
0.038367839
0.038827744
0.035384001
0.035760301
0.042430956
0.043140323
-0.036350918
-0.03601974
0.045552043
0.046361815
-0.033311036
-0.033058079
-0.041903164
-0.041171381
-0.030439564
-0.030258209
0.03988022
0.040629172
0.029878964
0.030107674
0.037211641
0.037872788
0.032555886
0.032855316
-0.038991051
-0.03834993
-0.027731667
-0.027615627
-0.039326779
-0.038565021
-0.025180703
-0.025124211
0.037233279
0.038003927
0.024959806
0.025064694
0.034855812
0.035544405
0.027348462
0.027512441
-0.036721499
-0.03604454
-0.027212151
-0.027005459
-0.034230192
-0.033632626
-0.029695555
-0.029424995
-0.024866332
-0.024718109
0.032577795
0.033189687
0.024408276
0.024595067
0.030397502
0.030937709
0.026595143
0.026839641
-0.031851536
-0.031327636
0.028905434
0.029212832
-0.032321212
-0.031981004
-0.036214438
-0.035657499
0.034661441
0.035241033
0.032227867
0.032731334
0.031342675
0.031718436
-0.033570318
-0.033091332
-0.031055758
-0.030649291
-0.03105581
-0.030649274
-0.033570191
-0.033091303
-0.028668013
-0.028328479
0.029908464
0.030341502
0.027702102
0.028069457
0.027700974
0.02806852
0.029909012
0.030341724
-0.028667758
-0.028327789
0.032227928
0.032731257
-0.02640353
-0.02612575
-0.029582933
-0.029127787
-0.024258159
-0.024037169
0.028314389
0.028787869
0.023612875
0.023864164
0.02632589
0.026737336
0.025604164
0.025911146
-0.027422985
-0.027031555
-0.025369981
-0.025037987
-0.025368444
-0.025036169
-0.027423893
-0.02703281
-0.023418858
-0.023141253
0.024431407
0.024785052
0.022629479
0.022929647
0.02262765
0.022927962
0.02443283
0.024786315
-0.023417553
-0.023139965
0.026327563
0.026738784
-0.029583663
-0.029128803
-0.026402574
-0.02612459
-0.031851632
-0.031328078
0.02560284
0.025910173
0.023611026
0.023862575
0.028315567
0.028788675
-0.024257274
-0.024035956
0.0303984
0.030938324
-0.041903121
-0.041171418
-0.033310967
-0.033058
-0.044952397
-0.044123623
-0.038991191
-0.038349935
0.032555956
0.032855234
0.037211366
0.037872583
0.029879014
0.030107747
0.039880124
0.040629088
-0.030439792
-0.030258357
0.042668848
0.043511862
-0.036214226
-0.035657175
-0.032321461
-0.031981216
0.031342577
0.03171847
0.028905174
0.029212709
0.034661385
0.035240889
-0.029695482
-0.029424784
-0.034230058
-0.03363254
-0.0272119
-0.027005037
-0.036721385
-0.036044561
0.026594265
0.026839124
0.024407017
0.024594098
0.032578104
0.033189654
-0.024865973
-0.024717391
0.034855995
0.035544371
-0.039326693
-0.03856491
-0.027731625
-0.027615536
-0.042048165
-0.04119534
0.027348214
0.027512286
0.024959279
0.025064333
0.037233278
0.038003748
-0.02518086
-0.025124042
0.039710832
0.040568898
0.015620123
0.013786856
-0.05337343
-0.052517544
0.018643219
0.016758967
0.012828329
0.011047822
0.05099241
0.051878235
-0.0078347564
-0.0097092983
0.053594102
0.054612477
-0.010473711
-0.012407803
-0.056347876
-0.055351849
-0.013349035
-0.015344084
0.010257527
0.0085299515
-0.050334845
-0.049425931
0.0078960947
0.0062230127
0.047826804
0.04875321
-0.003217077
-0.0049687011
0.049999791
0.051045044
-0.0054199966
-0.0072329573
-0.052841278
-0.051806715
0.0040619066
0.0021659319
-0.055236944
-0.054075932
0.0064286706
0.0044643529
0.0019069623
8.0640229e-05
0.052059538
0.05322365
0.0031801189
0.0012829745
0.053993921
0.055277346
0.0012248574
-0.00074846891
-0.057507678
-0.056219647
-0.00094304933
-0.0029940848
0.0090216604
0.0069883994
-0.059217714
-0.058078708
0.011854476
0.0097510159
0.056085083
0.057238454
0.058452114
0.059740752
-0.0033373121
-0.0054655532
-0.061964701
-0.060683467
-0.0059722513
-0.0081783129
0.0057332746
0.0041152875
-0.047143291
-0.046203723
0.0037571852
0.0021949911
0.044564959
0.04551243
0.0005997668
-0.0010271913
0.046358749
0.047410779
-0.0012143471
-0.0029039367
-0.049232034
-0.048181321
0.0019574035
0.00045177116
-0.043869587
-0.042918821
0.00032314824
-0.0011264611
0.041270734
0.042221948
0.0037097746
0.0022075044
0.042727779
0.043771276
0.0022379589
0.00067283888
-0.045588441
-0.044538123
-0.003404461
-0.0050240855
-0.047192722
-0.046044603
-0.0018142558
-0.003503139
-0.0048285708
-0.0063809026
0.044071296
0.045207595
0.0091312772
0.0075343531
0.045292403
0.046519428
0.0079008985
0.0062296774
-0.048671932
-0.047425235
0.0065060378
0.0047610682
-4.7917191e-05
-0.0018049607
-0.051207093
-0.050044779
0.048037401
0.049194728
0.049589688
0.050851627
0.004936078
0.0031153754
-0.053056168
-0.051780986
-0.0062911749
-0.008171162
-0.054767472
-0.053381931
-0.0045941648
-0.0065571666
-0.0078023672
-0.0096005719
0.051006798
0.052373206
0.012779943
0.010934922
0.05227808
0.05374638
0.011501707
0.0095683751
-0.056329026
-0.054831964
0.010041365
0.0080171824
-0.0091411773
-0.01085782
-0.050014713
-0.048672526
-0.010316088
-0.011953877
0.046380924
0.047698073
0.014839762
0.013166623
0.047327225
0.048732755
0.013888608
0.012130781
-0.051212793
-0.049774012
-0.015189617
-0.016984058
-0.052254225
-0.050722621
-0.01414744
-0.01603437
-0.016076187
-0.017779698
0.048123183
0.049615246
0.020765703
0.019036849
0.048759251
0.050334797
0.02013421
0.018309722
-0.053129602
-0.051505595
0.019353492
0.017429688
-0.012935947
-0.014918517
-0.057728844
-0.056122833
-0.01154463
-0.013624988
0.053389602
0.054960342
0.054334407
0.056003818
0.018412126
0.016386327
-0.058952691
-0.057241057
0.017294722
0.015165904
0.0017459797
-0.00047119381
-0.064572875
-0.063147533
0.0043260948
0.0020214322
-0.00058937725
-0.0027219563
0.060680555
0.062103841
0.0065198732
0.0043116596
0.062754125
0.064312184
0.0044264395
0.0021249751
-0.067027244
-0.065458361
0.0020932708
-0.00030443917
-0.0026979118
-0.0047455762
-0.05964036
-0.058224098
0.055788987
0.057192225
0.057434523
0.058956208
0.0083863515
0.0062697001
-0.061619422
-0.060078107
-0.0099594637
-0.012137234
-0.063430353
-0.06176362
-0.0081624045
-0.010440435
0.058916349
0.060553733
0.060221266
0.061973352
0.015986876
0.013752921
-0.065059905
-0.063270186
0.01447439
0.012132248
-0.0061405184
-0.0085203587
-0.069311329
-0.067598801
-0.0038762553
-0.0063612278
0.064660242
0.066351941
0.066383488
0.068207552
0.012741016
0.010289098
-0.071409399
-0.069554892
0.010772211
0.0082062879
0.064451735
0.066818697
0.019841743
0.017841709
0.065359185
0.067760503
-0.014210988
-0.016332084
-0.072131072
-0.069574688
-0.015127567
-0.017384561
-0.071128489
-0.068606869
0.021121712
0.018992069
0.066043884
0.068469563
0.012616305
0.010381354
0.066491933
0.068934654
-0.0063589712
-0.0087046987
-0.07338072
-0.070780228
-0.0067694944
-0.0092654978
-0.072886086
-0.070302549
0.013430115
0.011050653
0.074837274
0.077587002
0.014296022
0.011763637
0.074061629
0.076783332
0.075344973
0.078113914
-0.0072059436
-0.0098634949
-0.083151808
-0.080204876
-0.0076711434
-0.010499537
-0.082591352
-0.079663826
0.015218395
0.012522147
-0.081735532
-0.078838784
0.073032219
0.075716189
0.02248375
0.020216885
-0.016103053
-0.0185061
-0.017141652
-0.019699368
-0.080599698
-0.077742377
0.023934412
0.021520772
0.066693126
0.069143024
0.0046036093
0.0021534579
0.066636913
0.069084901
0.0022265722
-0.00032319987
-0.073541048
-0.070934396
0.0023698926
-0.00034385516
-0.073603052
-0.070994153
0.0049008459
0.0022924737
0.06631338
0.068749508
-0.0041274367
-0.0067702296
0.065712951
0.068126827
0.011465673
0.0087366333
-0.072521225
-0.069950465
0.012204958
0.0093000885
-0.073183811
-0.070589863
-0.004393459
-0.0072065023
0.075142499
0.077903869
-0.0046767456
-0.007671224
0.075509593
0.078284474
0.074462
0.077198132
0.012991778
0.0098995712
-0.08217718
-0.07926412
0.013830057
0.010538218
-0.082928418
-0.079989066
-0.0049783284
-0.0081658367
-0.083333829
-0.080380134
0.075573312
0.078350341
0.0052167062
0.0024406449
0.0025226553
-0.00036630595
0.0026854488
-0.00038984542
-0.083404121
-0.080447892
0.0055533357
0.002597841
0.085636612
0.088783482
0.0059113508
0.0027653982
0.085377909
0.088515326
0.085564423
0.08870846
0.002858578
-0.00041489588
-0.094430235
-0.091083101
0.0030433187
-0.00044139645
-0.094509687
-0.09116004
0.0062922711
0.0029435754
-0.094224284
-0.090884662
0.085148206
0.088277484
-0.005299575
-0.0086932179
0.084376369
0.087476769
0.014721881
0.011218224
-0.093118423
-0.089818202
0.015672016
0.011941657
-0.093970808
-0.09064056
-0.0056417303
-0.009253457
0.096486022
0.10003173
-0.0060055134
-0.0098506174
0.096957819
0.10052035
0.095611407
0.099123745
0.016681762
0.012712187
-0.10551659
-0.10177679
0.017758225
0.013531354
-0.10648244
-0.10270913
-0.0063928588
-0.010485087
-0.10700346
-0.10321118
0.097039355
0.10060512
0.006698033
0.00313335
0.09674635
0.10030121
0.0032393781
-0.00046974675
0.0034484723
-0.00050008645
-0.10709362
-0.10329836
0.0071298897
0.0033353609
-0.10677009
-0.10298622
0.082756863
0.085797933
0.025477894
0.022909124
0.083923283
0.087007408
-0.018247387
-0.020970406
-0.092618829
-0.089336293
-0.019424318
-0.022322375
-0.091331629
-0.088093865
0.027121295
0.024386419
0.084802026
0.087917931
0.016199739
0.013330239
-0.0081656688
-0.011176871
-0.0086920216
-0.011897233
-0.093588665
-0.090271432
0.017244549
0.014189466
0.096093785
0.09962479
0.018356263
0.015104472
0.095097789
0.098592456
-0.0092525547
-0.0126645
-0.0098491759
-0.013481032
-0.10605016
-0.10229152
0.019540212
0.016078368
-0.10495123
-0.10123166
0.093775744
0.097221974
0.028870091
0.025959169
-0.020676757
-0.023762176
-0.022009887
-0.025294131
-0.10349238
-0.09982362
0.030732206
0.027633065
0.10441026
0.10825453
0.03271385
0.029415071
0.10626209
0.1101674
-0.11523651
-0.11114469
0.034824007
0.031312636
-0.11727256
-0.11311551
-0.024940815
-0.028662646
-0.11892589
-0.11471081
-0.023429652
-0.026925821
0.10776068
0.11172055
0.11831266
0.12266828
0.037070345
0.03333187
0.12041104
0.12483644
-0.13057999
-0.12594301
0.039460793
0.035481995
-0.13288755
-0.12817718
-0.028261803
-0.032479334
-0.13476124
-0.12998438
-0.02654983
-0.030511187
0.12210907
0.1265959
0.023570469
0.019394775
0.12338769
0.12792146
0.022142225
0.018219546
0.025090053
0.020645436
-0.13617214
-0.13134551
-0.012646788
-0.01731035
-0.13709658
-0.13223749
-0.011880715
-0.016261805
0.12422545
0.12879021
-0.011160801
-0.015276641
0.020800481
0.017115253
0.10888904
0.11289034
-0.12017108
-0.11591217
-0.12098683
-0.11669893
-0.010484346
-0.014350564
0.10962865
0.1136569
0.13406588
0.13900226
0.042005825
0.037770525
0.13644339
0.14145827
-0.14796725
-0.14271327
0.04471505
0.040206632
-0.15058189
-0.14524361
-0.032024923
-0.036803768
-0.1527045
-0.14729206
-0.030084795
-0.034574031
0.13836824
0.14345258
0.15191711
0.1575104
0.047599708
0.042799504
0.15461159
0.16029345
-0.16766704
-0.16171535
0.050672779
0.045556297
-0.17062946
-0.16458377
-0.036285323
-0.04170785
-0.17303406
-0.16690455
-0.034090481
-0.03917804
0.15679174
0.16255302
0.030265386
0.024903385
0.15843334
0.16425474
0.028431381
0.023394727
0.032221002
0.026504602
-0.17484455
-0.16865172
-0.016233614
-0.02223266
-0.17603077
-0.16979674
-0.015255048
-0.020881535
0.15950914
0.16536982
-0.014331093
-0.019615866
0.026708864
0.021977088
0.13981679
0.14495462
-0.15430345
-0.14883448
-0.15535068
-0.14984447
-0.01346293
-0.018426893
0.14076611
0.14593827
0.0097464173
0.0045597308
0.14119207
0.14638024
0.0091551239
0.0042830163
0.01037465
0.0048538076
-0.15582097
-0.15029828
0.005016449
-0.00072893619
-0.15568857
-0.1501706
0.0047121015
-0.00068436362
0.14107212
0.14625567
0.0044271313
-0.00064259529
0.011044618
0.0051667282
0.15999123
0.16586955
0.011762316
0.0054932781
-0.1765621
-0.17030994
0.0056917151
-0.00083259336
-0.17641186
-0.17016539
0.005339982
-0.00077677641
0.15985556
0.16572858
-0.0098990697
-0.01623938
0.15907672
0.1649208
-0.0093000699
-0.01525462
-0.010530672
-0.017294669
-0.17555207
-0.16933624
0.029285418
0.022300959
-0.17396118
-0.16780194
0.027502879
0.020955711
0.15763374
0.16342496
0.02583604
0.019687456
-0.0087370625
-0.014330796
0.14038557
0.14554329
-0.008208132
-0.013462825
-0.15492912
-0.14943905
-0.15352418
-0.14808422
0.024269802
0.018494376
0.13911218
0.14422249
0.022800161
0.017374602
0.0075901794
0.003550696
0.10996
0.1140007
0.0080795153
0.00377943
-0.1213534
-0.11705251
0.0039074906
-0.0005669727
-0.12125049
-0.11695333
0.0036708413
-0.00053228608
0.10986747
0.1139045
0.0086007417
0.0040236127
0.12460161
0.12918
-0.13751149
-0.13263792
-0.13739457
-0.13252498
0.0041586227
-0.00060370259
0.12449606
0.12906991
-0.0077105077
-0.012647239
0.12388991
0.1284418
-0.0072439262
-0.011881007
-0.1367254
-0.13187978
-0.13548498
-0.13068441
0.021418569
0.016321317
0.12276591
0.12727684
0.020122118
0.015333353
-0.0068048179
-0.011161668
0.10933263
0.11334993
-0.12065956
-0.11638414
-0.11956563
-0.11532884
0.018902275
0.014404392
0.10834146
0.11232143
-0.022245221
-0.02687312
0.10688056
0.11080742
-0.020897572
-0.025244624
-0.023679946
-0.02860711
-0.11795398
-0.11377335
0.037312218
0.032261582
-0.11580803
-0.11170413
0.035052258
0.030305976
0.10493613
0.10879277
0.032928247
0.028469941
-0.025206974
-0.030450122
0.12111111
0.12556024
-0.026832943
-0.032413995
-0.13365731
-0.12892221
0.042279799
0.036556444
-0.1312279
-0.12657704
0.039716691
0.03434145
0.11890889
0.12327627
-0.043697899
-0.049190986
0.11614456
0.12041269
-0.041051897
-0.046210723
-0.046516945
-0.052364524
-0.12817868
-0.12363498
0.062639646
0.056684328
-0.1244997
-0.12008427
0.058841861
0.053249981
0.11280997
0.11695532
0.055278641
0.050025362
-0.038563359
-0.043411272
0.10249769
0.10626336
-0.036226451
-0.040781787
-0.11311558
-0.10910804
-0.10986913
-0.10597484
0.051927659
0.046993787
0.099554317
0.10321153
0.04878237
0.04414663
-0.028563213
-0.034504985
0.13723613
0.14227834
-0.030405026
-0.036730973
-0.15145474
-0.14608692
0.047910756
0.041423028
-0.14870109
-0.14342856
0.045007038
0.03891394
0.13474024
0.13969192
-0.032365742
-0.039100384
0.15550815
0.16122232
-0.034445507
-0.041633114
-0.17161549
-0.16554139
0.054301185
0.046928793
-0.16849259
-0.16253085
0.051000343
0.044095339
0.15268237
0.15829138
-0.056108082
-0.063164357
0.14913474
0.15461135
-0.052711227
-0.059337058
-0.059716342
-0.067247676
-0.16457561
-0.15875211
0.080438867
0.072775069
-0.15985484
-0.15419206
0.075554042
0.068373232
0.1448513
0.15017593
0.070976525
0.064233948
-0.049515247
-0.055743232
0.13160746
0.13644656
-0.1452439
-0.1400976
-0.14107203
-0.13607625
0.066678497
0.060342235
0.12783034
0.13252783
-0.071351895
-0.077775406
0.1233951
0.12792623
-0.067029038
-0.073066432
-0.075954349
-0.082794278
-0.1361825
-0.13135554
0.094746916
0.087830541
-0.13054776
-0.12591968
0.089009437
0.082513286
0.11829221
0.12263647
0.083613133
0.077514522
-0.080851196
-0.088133051
0.1398227
0.14496517
-0.086055578
-0.093833484
-0.15430181
-0.14884903
0.10737752
0.09951042
-0.14792276
-0.14268951
0.10086091
0.093495554
0.13404504
0.13896621
-0.10626664
-0.11368434
0.12750034
0.13218227
-0.099832914
-0.10679525
-0.11310662
-0.12102967
-0.14069692
-0.13572451
0.13475523
0.12678441
-0.13261137
-0.12796396
0.12657049
0.11911577
0.12020491
0.12458713
0.11890287
0.11190243
-0.093781255
-0.10032785
0.11252011
0.11664776
-0.088101636
-0.094251258
-0.12417559
-0.11977399
-0.11704142
-0.11292241
0.1116956
0.10512641
0.1060835
0.10995291
0.10493349
0.098752938
-0.055567837
-0.060573138
0.096100232
0.099630342
-0.052201651
-0.056902621
-0.059153006
-0.06448192
-0.1060565
-0.10229753
0.073790368
0.068403796
-0.10167149
-0.098067631
0.069318354
0.064258635
0.092125723
0.095510994
0.065118191
0.060366478
-0.062965045
-0.068639177
0.108894
0.11289818
-0.12017861
-0.11591947
-0.11520637
-0.11112607
0.078547277
0.072816008
0.10439291
0.10822866
-0.08276385
-0.088535517
0.099297158
0.10294375
-0.077749681
-0.083174274
-0.10958045
-0.10569922
-0.10328604
-0.099659224
0.098570683
0.09276811
0.093614942
0.097030993
0.092600444
0.087151691
-0.073035907
-0.078132697
0.087630648
0.090847318
-0.068610812
-0.073398329
-0.096707065
-0.093282814
-0.091152947
-0.087946246
0.086990188
0.081869359
0.08261892
0.085630234
0.081718464
0.076907698
-0.013492466
-0.016299755
0.064827312
0.067208243
-0.012673729
-0.015313071
-0.014362817
-0.017351042
-0.071543472
-0.069007492
0.022630343
0.019567948
-0.070242409
-0.067751462
0.021259918
0.01838213
0.06364791
0.06598587
0.019972389
0.017267194
-0.015289162
-0.018469533
0.073457943
0.076157721
-0.01627572
-0.019660854
-0.081069431
-0.078195392
0.025642952
0.022174036
-0.07959595
-0.076771287
0.02408972
0.020830413
0.072120834
0.074773177
-0.026506849
-0.029834939
0.070444155
0.073035691
-0.024900135
-0.028027505
-0.028217263
-0.031758835
-0.077747036
-0.074987049
0.037990809
0.034384829
-0.075513603
-0.072835902
0.035690255
0.032300385
0.06842283
0.070938393
0.033527525
0.030342639
-0.023390974
-0.026330572
0.062168088
0.064452834
-0.02197213
-0.024735995
-0.068610416
-0.06617687
-0.066640332
-0.064277511
0.031496652
0.028504306
0.060383912
0.062602361
0.029588731
0.026775453
-0.01732495
-0.020928803
0.083237726
0.086298113
-0.018442526
-0.022280136
-0.091862716
-0.088606951
0.029060016
0.025125566
-0.090193382
-0.08699234
0.027297109
0.023604659
0.081722223
0.084731152
-0.019632019
-0.023716592
0.094322331
0.097787393
-0.10409401
-0.1004054
-0.1022009
-0.098578802
0.030934007
0.026745726
0.092605849
0.09600847
-0.034032838
-0.038311461
0.090451771
0.093778506
-0.031973081
-0.035988361
-0.099825584
-0.096286909
-0.096959113
-0.093522366
0.045827365
0.041473397
0.087854135
0.091086198
0.043049095
0.038963659
-0.030037793
-0.033805957
0.079821733
0.082763228
-0.088098647
-0.084968281
-0.085570327
-0.082528492
0.040438734
0.036605056
0.077530999
0.080387785
-0.04328342
-0.047171606
0.074840572
0.077598176
-0.040657428
-0.044317154
-0.046072586
-0.050216486
-0.082600878
-0.079664237
0.057466434
0.053278112
-0.079184839
-0.076370343
0.053981763
0.05005249
0.071744191
0.074390171
0.050714902
0.047015798
-0.049040776
-0.053456315
0.08480521
0.087925332
-0.093593686
-0.090276728
-0.089724526
-0.086544242
0.0611728
0.056710429
0.081298874
0.08428856
-0.064455971
-0.068951928
0.077331517
0.0801733
-0.06055404
-0.064774596
-0.085343906
-0.082319642
-0.080441499
-0.077612517
0.07676739
0.072248289
0.072908582
0.075568674
0.072115959
0.067874118
-0.056888054
-0.060846691
0.068240795
0.070757921
-0.053438012
-0.057161132
-0.075317526
-0.07264314
-0.070990773
-0.068489631
0.067743538
0.063764681
0.064335985
0.06669268
0.0636377
0.059902181
-0.033704579
-0.036740402
0.058288418
0.060429571
-0.031661216
-0.034514615
-0.035879037
-0.039110433
-0.064327465
-0.062047539
0.04475591
0.041490767
-0.061666518
-0.059482334
0.042044352
0.038975777
0.055878047
0.057931166
0.039497232
0.036614209
-0.038192605
-0.041632988
0.06604806
0.068476254
-0.0728912
-0.070309263
-0.069877402
-0.067401681
0.047642637
0.044166347
0.063316494
0.06564432
-0.050198477
-0.053700807
0.060225923
0.06243863
-0.047157011
-0.050447507
-0.066467695
-0.064112607
-0.062653519
-0.060442613
0.05978752
0.056266737
0.056783226
0.058851823
0.056163724
0.052860065
-0.04429973
-0.047390239
0.053150407
0.055103053
-0.041615037
-0.044518729
-0.058655443
-0.056578859
-0.05528785
-0.053342415
0.052761661
0.049656443
0.050106455
0.051938129
0.049561052
0.046648568
-0.073305191
-0.071310724
-0.014560105
-0.017076841
-0.074983826
-0.072851017
0.021516642
0.018941293
0.069225682
0.071306677
0.022833683
0.020384044
0.067909665
0.069863867
-0.016210047
-0.018609161
-0.076429706
-0.074162693
-0.023420119
-0.026045344
-0.077628905
-0.075230082
0.03064839
0.027981301
0.071172625
0.073499308
0.031493119
0.028967747
0.070318333
0.07252348
-0.024640705
-0.027133644
-0.068722806
-0.066581729
-0.025651949
-0.028015555
-0.067718573
-0.065691825
-0.069493788
-0.067240199
0.032139529
0.029750688
0.063437054
0.065615478
0.032605728
0.030347719
0.062957279
0.065032303
-0.026471205
-0.028709973
0.062253981
0.064223524
-0.066493716
-0.064583717
-0.01764173
-0.019925208
0.023939193
0.021611902
0.024849761
0.022641487
0.061337241
0.063200235
-0.018869307
-0.021040469
-0.078565368
-0.076040344
-0.032612158
-0.03531056
-0.079226602
-0.076580165
0.040016106
0.037294962
0.072119721
0.074675777
0.040337077
0.037771566
0.071777341
0.074221918
-0.033349619
-0.035899549
-0.079598095
-0.076835178
-0.04201447
-0.044747639
-0.079669951
-0.076789184
0.04948332
0.046751306
0.071969797
0.074740088
0.049234173
0.046670258
0.072188901
0.074851179
-0.042217788
-0.044787686
-0.070279532
-0.067722614
-0.042245272
-0.044658499
-0.070283175
-0.067822347
-0.070004349
-0.06734492
0.048823745
0.046425583
0.06292233
0.065459465
0.048279351
0.046024914
0.063436646
0.065891209
-0.042111733
-0.044379258
0.063685506
0.066054671
-0.070017808
-0.067658171
-0.03389345
-0.036297786
0.040477366
0.038062692
0.040454594
0.03818364
0.063682159
0.065960193
-0.034256777
-0.03652468
-0.062044102
-0.059858829
-0.034455546
-0.036596882
-0.061864941
-0.059767408
-0.061982432
-0.059716588
0.040286693
0.038146696
0.055898831
0.05807342
0.039979691
0.037979192
0.056174183
0.058273686
-0.034513414
-0.036521824
0.056223699
0.058243448
-0.06167062
-0.059328599
-0.041832198
-0.043960303
-0.061107449
-0.058685211
0.047600428
0.045496709
0.054634777
0.056954521
0.046808826
0.044853445
0.055389036
0.057634757
-0.041430105
-0.043413193
-0.053774833
-0.051623464
-0.04091291
-0.042760571
-0.054329933
-0.052240872
-0.052988424
-0.050773894
0.045921317
0.044104258
0.047095518
0.049205509
0.044949407
0.04326248
0.048030498
0.050084861
-0.040292172
-0.042012102
0.048742355
0.050742457
-0.054655529
-0.052634275
-0.034437044
-0.036316178
-0.054760388
-0.052810443
0.039553952
0.037685674
0.039024115
0.037280278
0.049240557
0.051181417
-0.034240059
-0.035998685
0.049531218
0.051407579
-0.05998846
-0.058175704
-0.019909723
-0.021970158
-0.060825966
-0.058916154
0.025580311
0.023487893
0.055677671
0.057529672
0.026143183
0.024167331
0.055100091
0.056863765
-0.020775639
-0.022727996
-0.061453972
-0.059449355
-0.027112427
-0.029230596
0.032906817
0.030772489
0.033053765
0.031047143
0.056054798
0.057991466
-0.027594898
-0.029590483
-0.054651493
-0.052777245
-0.027927612
-0.029804349
-0.05433942
-0.052543573
0.033061936
0.031179724
0.032949823
0.031183364
0.049620298
0.051427927
-0.028123832
-0.029889953
0.049518084
0.05125276
-0.053828775
-0.05211714
-0.021481353
-0.023329926
0.02655625
0.024690673
0.026831529
0.025071209
0.049227919
0.050885068
-0.022039156
-0.023786908
-0.048034988
-0.046433237
-0.022461709
-0.024111941
-0.047624568
-0.046096809
-0.048271381
-0.046599013
0.026981005
0.025323071
0.04378771
0.045397856
0.027015608
0.025455993
0.043735537
0.045281057
-0.022760168
-0.024315231
0.043518054
0.044996351
-0.048322629
-0.04658327
-0.028196137
-0.029855769
-0.048185287
-0.046383904
0.032724897
0.031069529
0.043366899
0.045093246
0.032401536
0.030852024
0.043666143
0.045336252
-0.028156921
-0.029714734
-0.042468923
-0.040866863
-0.028016606
-0.029475335
-0.042631913
-0.041083656
-0.042130785
-0.040479606
0.031986506
0.030539719
0.037719981
0.039297409
0.031494712
0.030144807
0.038185292
0.03971894
-0.02778645
-0.029150628
0.03848787
0.039973617
-0.042623744
-0.041134029
-0.022945041
-0.0244094
-0.042453515
-0.041025384
0.026946184
0.025481568
0.026783623
0.025410247
0.038630363
0.040064004
-0.023027295
-0.024403632
0.038619997
0.039997835
-0.047849942
-0.045990665
-0.033933115
-0.03557752
-0.047310985
-0.045400045
0.038399391
0.036774415
0.04221061
0.044033706
0.037693156
0.036180572
0.042884269
0.044660632
-0.033530565
-0.035064421
-0.046562934
-0.044604048
-0.039580423
-0.041179951
-0.045603735
-0.043597613
0.043903637
0.042340109
0.040273283
0.04217869
0.042795663
0.041349452
0.041342923
0.04320699
-0.038790279
-0.040274044
-0.040013088
-0.038241241
-0.037930776
-0.03930543
-0.040907915
-0.039171114
-0.03892568
-0.037117464
0.041634995
0.040299798
0.034127677
0.035840554
0.04043137
0.039203551
0.035294899
0.036977653
-0.03701483
-0.038284749
0.036278614
0.037931098
-0.041612427
-0.039916285
-0.033040547
-0.034469575
0.036913381
0.035507833
0.036072953
0.034769254
0.037085791
0.038703153
-0.032476338
-0.033805846
-0.035930222
-0.034389434
-0.031843957
-0.03307861
-0.036590941
-0.035085099
-0.035100085
-0.033529271
0.03517792
0.033971583
0.030918893
0.032408792
0.034240911
0.033127331
0.031825037
0.033290275
-0.031155297
-0.032300324
0.032573878
0.034009408
-0.034096526
-0.032500473
-0.036050326
-0.037221661
-0.032921166
-0.031302946
0.039194421
0.03806509
0.028630603
0.030159816
0.037929803
0.036895905
0.029857156
0.031366198
-0.035042626
-0.03612041
-0.028782394
-0.027355111
-0.034002487
-0.03499101
-0.029858415
-0.028446638
-0.027551399
-0.026108127
0.03664631
0.035701383
0.023730083
0.025090378
0.035347548
0.034491963
0.024990057
0.0263401
-0.032937282
-0.033839504
0.026104421
0.027441376
-0.03077912
-0.029388552
-0.030418144
-0.031475798
-0.031549082
-0.030183278
0.033263784
0.032238739
0.032256641
0.031317688
0.027076046
0.028397421
-0.029639906
-0.030611607
0.027908996
0.029207788
-0.037601317
-0.036223715
-0.023015819
-0.024308002
-0.037629801
-0.036302587
-0.037422573
-0.035998728
0.026536908
0.025251707
0.033615324
0.034978539
0.02621498
0.025013547
0.033914391
0.035235722
-0.022919993
-0.024130163
0.034073306
0.035349812
-0.037086522
-0.035619542
-0.027474424
-0.028747859
0.030931749
0.029674973
0.030308838
0.029140452
0.033168377
0.034569666
-0.027090292
-0.02827801
-0.032167367
-0.030830819
-0.026643031
-0.027747292
-0.032639513
-0.031336144
0.029634307
0.028550019
0.028912065
0.027911078
0.028600804
0.029875682
-0.026142044
-0.027164815
0.029158429
0.030404413
-0.032967135
-0.031701421
-0.022748706
-0.023881075
-0.033157604
-0.031932322
0.025827379
0.024706108
0.025378456
0.024337958
0.029582343
0.030795398
-0.022509994
-0.023564094
0.029877085
0.031053768
-0.040575609
-0.039628432
-0.0011549666
-0.0025478954
-0.039081663
-0.038221517
-0.041966944
-0.040932313
0.0050266499
0.0035856395
0.039157548
0.04017938
0.0061976427
0.0048186621
0.037996275
0.038937086
-0.0024868578
-0.0038238031
0.036733182
0.037591814
-0.043245412
-0.042124887
-0.006098192
-0.0075825265
-0.044402492
-0.043196408
0.01020937
0.0086848507
0.041140819
0.042322679
0.011145457
0.0096932104
0.040208492
0.041311306
-0.0072227306
-0.0086407882
-0.03940946
-0.038327174
-0.0082126698
-0.0095649481
-0.038415161
-0.037407727
-0.040286292
-0.039130011
0.011950344
0.010567993
0.037167979
0.038295585
0.012633421
0.01131898
0.03648476
0.037544172
-0.009076118
-0.010365005
0.035687854
0.036677356
-0.037310948
-0.036380151
-0.0036816431
-0.0049624217
-0.036105853
-0.035251774
0.0072334963
0.0059148327
0.008142555
0.006883362
0.034784282
0.03570311
-0.0047474262
-0.0059732601
0.03378165
0.034628394
-0.045427862
-0.044138477
-0.011339378
-0.012898555
-0.046313138
-0.044941879
0.01564286
0.014052501
0.042616688
0.043951039
0.016309814
0.014801835
0.041946213
0.043205929
-0.012221912
-0.013704196
-0.047048363
-0.045597626
-0.016816955
-0.018432405
0.021258744
0.019623149
0.02162467
0.020079407
0.043143196
0.044550835
-0.017423398
-0.018953258
-0.042128278
-0.040764558
-0.01790688
-0.019352688
-0.04165355
-0.040356025
0.021874826
0.020417012
0.022020213
0.020646491
0.038463166
0.03978233
-0.018277377
-0.019642641
0.038163748
0.039422288
-0.041037219
-0.039808815
-0.01297425
-0.014381248
0.016851949
0.015423501
0.017279598
0.015928039
0.037729321
0.038924737
-0.013605351
-0.014940414
-0.036870476
-0.035709894
-0.014125423
-0.015389706
-0.036354282
-0.035256247
-0.037258993
-0.036040416
0.017601955
0.016324538
0.033987669
0.035165469
0.017827965
0.016622389
0.033751788
0.034877067
-0.014543328
-0.01573887
0.033397369
0.03446445
-0.037514316
-0.036240288
-0.018543989
-0.019831205
0.022069489
0.020777027
0.02203192
0.020817969
0.034096292
0.035324662
-0.018716052
-0.019928719
-0.033214634
-0.032032514
-0.018802659
-0.019942575
-0.033142417
-0.032006099
0.02191637
0.020778135
0.021728315
0.020665836
0.030046541
0.031184227
-0.018812292
-0.019878641
0.030094462
0.031190907
-0.032945481
-0.031857084
-0.014867943
-0.015996413
-0.032628577
-0.031592596
0.017966778
0.016830342
0.018022735
0.016956876
0.030024433
0.031077615
-0.015107171
-0.016167708
0.029842519
0.030848982
-0.034116829
-0.033212861
-0.005693045
-0.0068644752
-0.033164555
-0.032327666
-0.034970648
-0.034000637
0.0089340636
0.0077331679
0.032349364
0.033298246
0.009615782
0.0084725276
0.031669012
0.032556669
-0.0065267143
-0.00764448
0.030893301
0.031718377
-0.03571852
-0.034684206
-0.0098230244
-0.01104916
0.013204173
0.011955505
0.013670373
0.012486934
0.032927406
0.033936138
-0.010461638
-0.011626711
-0.032198991
-0.031217739
-0.011000439
-0.012105545
-0.031662964
-0.030736571
0.014041172
0.012921037
0.014321214
0.013267934
0.029554718
0.030509544
-0.011447641
-0.012491569
0.029163223
0.030067609
-0.031025583
-0.030156371
-0.0072558371
-0.0083208791
-0.030293511
-0.029482243
0.010196744
0.0091094113
0.010681382
0.0096533556
0.028675272
0.029526888
-0.0078891122
-0.0088995768
0.028097366
0.028893031
-0.022781722
-0.022779303
-0.036666857
-0.035891091
-0.020528439
-0.020574846
0.034545065
0.035322431
0.02058844
0.020590486
0.032439019
0.033139992
0.022707928
0.022758935
-0.034348634
-0.033652123
-0.018415785
-0.018506252
-0.033975852
-0.033199876
-0.016437881
-0.016567852
0.031860812
0.032632729
0.016726256
0.016644688
0.030006439
0.03070756
0.018596144
0.018553872
-0.031924668
-0.03122246
-0.018609672
-0.018608348
-0.029952043
-0.029319168
-0.020569616
-0.020523875
-0.016769076
-0.01680724
0.028219226
0.028853799
0.016818397
0.016819819
0.026499094
0.027070879
0.018550088
0.018590883
-0.028058129
-0.02749039
0.020389601
0.020474483
-0.022653945
-0.022559257
-0.032125402
-0.0315032
0.030415452
0.031044623
0.028473386
0.029035296
0.02234082
0.022474529
-0.029997113
-0.02944435
-0.014589222
-0.014754398
-0.031297456
-0.030532036
-0.012864151
-0.013060554
0.029217807
0.029974599
0.013335227
0.01318631
0.027595374
0.028287025
0.014974219
0.014857045
-0.029493877
-0.02879617
-0.011257571
-0.011481224
-0.028667318
-0.027921326
-0.0097624975
-0.010012798
0.026647664
0.027379594
0.0103785
0.010173009
0.025237505
0.025909957
0.01180411
0.011627056
-0.027091564
-0.026407709
-0.0119174
-0.012052472
-0.025566536
-0.024941256
-0.013427686
-0.013533851
-0.01050694
-0.010670017
0.023868843
0.024486037
0.010895775
0.01076909
0.022544767
0.023106413
0.012232502
0.012136376
-0.024092959
-0.023524146
0.013663187
0.01359666
-0.015043685
-0.015117622
-0.027754063
-0.027120147
0.026026571
0.026657215
0.024512164
0.02508457
0.015190647
0.015156559
-0.026078386
-0.025505087
-0.015201598
-0.015201616
-0.024466638
-0.023951399
-0.016802528
-0.016766455
-0.013697692
-0.013730816
0.0230531
0.023569413
0.013738958
0.013738638
0.021647209
0.022113674
0.015153571
0.015185575
-0.022919946
-0.022456722
0.016656215
0.016724238
-0.012287274
-0.012350344
-0.022670952
-0.022155425
-0.010965641
-0.011057847
0.021262698
0.021774804
0.011162761
0.01110433
0.020024683
0.020491066
0.012409249
0.012379654
-0.021302963
-0.020835095
-0.012417656
-0.012416811
-0.019987308
-0.019564708
-0.013725541
-0.013695241
-0.011188141
-0.011216531
0.018831778
0.019254332
0.011223672
0.011221942
0.017683793
0.018064857
0.012377856
0.012405449
-0.018723468
-0.018344016
0.013605313
0.013662418
-0.015116161
-0.015053601
-0.021437059
-0.021022261
-0.016592602
-0.016494336
0.020296356
0.020716012
0.019000098
0.019375276
0.014907657
0.01499697
-0.020016817
-0.019647998
0.016287167
0.016411855
-0.022229226
-0.022060772
-0.027961727
-0.027473642
-0.020312387
-0.020192595
0.026612483
0.027111514
0.019938963
0.020090811
0.024831106
0.025272303
0.021725072
0.021924864
-0.026018551
-0.025590616
-0.01850484
-0.018429141
-0.026241756
-0.02573529
0.024846795
0.025358827
0.023259786
0.023717947
0.0182503
0.018357947
-0.024503901
-0.024053
-0.018158338
-0.018020857
-0.022841321
-0.022442497
-0.019816112
-0.019635426
0.02173899
0.02214686
0.020283981
0.020644416
0.017746614
0.017909904
-0.021253944
-0.02090454
0.01928871
0.019494078
-0.021568722
-0.021341413
-0.024165138
-0.023793414
0.023128949
0.023515832
0.021504814
0.021840768
0.020915286
0.021166103
-0.02240051
-0.02208103
-0.020723667
-0.020452386
-0.020722545
-0.02045133
-0.022401579
-0.022082043
-0.019130105
-0.01890335
0.019957424
0.020246158
0.018485282
0.018730419
0.018484631
0.018729658
0.019957886
0.020246759
-0.019129108
-0.018902727
0.021505626
0.021841772
-0.017618774
-0.017433272
-0.019740156
-0.019436511
-0.016187157
-0.016039623
0.018893955
0.019209735
0.015756334
0.015923937
0.017567602
0.017841956
0.01708504
0.01728992
-0.01829917
-0.018038297
-0.016928688
-0.016707126
-0.016928722
-0.016707129
-0.018299511
-0.018038494
-0.015626983
-0.01544183
0.016303501
0.016539394
0.015100097
0.015300424
0.015100265
0.015300579
0.016303406
0.016539371
-0.015627051
-0.01544192
0.017567748
0.017842218
-0.019740742
-0.019437063
-0.017618321
-0.017432958
-0.021254461
-0.020904901
0.017085044
0.01728987
0.015756343
0.015923911
0.018894143
0.019210075
-0.016186922
-0.016039488
0.020284278
0.020644835
-0.014833449
-0.014720664
-0.018658895
-0.0183333
-0.013554564
-0.013473735
0.017758422
0.018091822
0.013304733
0.013406561
0.016570115
0.016864408
0.014496892
0.014630193
-0.017362353
-0.017076975
-0.012348358
-0.012296911
-0.017511877
-0.017172744
-0.011211064
-0.011188712
0.016580598
0.01692266
0.011115372
0.011159323
0.015522031
0.01582762
0.012177862
0.012250687
-0.016351761
-0.016050501
-0.012116949
-0.012025159
-0.015242559
-0.014976555
-0.01322303
-0.013102595
-0.011071316
-0.011007985
0.014507576
0.014779039
0.010869795
0.010950629
0.013536707
0.013776287
0.011842529
0.011951178
-0.014183182
-0.013950025
0.012871199
0.013008103
-0.014392373
-0.014240895
-0.016126194
-0.015878215
0.015434674
0.01569268
0.014350836
0.014574992
0.013956644
0.014123995
-0.014948598
-0.014735334
-0.013828856
-0.013647828
-0.013828843
-0.013647841
-0.014948539
-0.014735325
-0.012765436
-0.012614255
0.013318041
0.013510765
0.012335221
0.012498792
0.012335174
0.012498745
0.013318053
0.013510752
-0.012765444
-0.012614258
0.014350829
0.014574961
-0.011756952
-0.011633392
-0.013173049
-0.012970545
-0.010800634
-0.010704478
0.012609041
0.012818948
0.010515401
0.010625011
0.011723758
0.011906096
0.011401114
0.011537612
-0.012211293
-0.012037217
-0.01129655
-0.011148928
-0.011296561
-0.011148942
-0.01221129
-0.012037172
-0.010426888
-0.010305557
0.010880166
0.011036658
0.010078506
0.010208898
0.010078506
0.010208943
0.010880178
0.011036661
-0.010426893
-0.010305572
0.011723735
0.011906056
-0.013173101
-0.012970571
-0.011756894
-0.011633332
-0.014183135
-0.013949996
0.011401138
0.011537612
0.010515406
0.01062504
0.012609045
0.012818947
-0.010800682
-0.010704535
0.013536751
0.013776301
-0.018659049
-0.018333336
-0.014833265
-0.014720579
-0.020017022
-0.019648077
-0.0173625
-0.017076991
0.014496952
0.014630208
0.016570129
0.016864483
0.013304891
0.013406736
0.0177584
0.018091814
-0.013554656
-0.013473847
0.019000141
0.019375337
-0.016126021
-0.015878009
-0.014392421
-0.014240941
0.013956605
0.014123983
0.012871204
0.013008153
0.015434572
0.015692528
-0.013223169
-0.013102686
-0.015242487
-0.014976455
-0.012116945
-0.012025104
-0.016351798
-0.016050485
0.011842492
0.011951156
0.010869796
0.010950609
0.014507543
0.014778967
-0.011071414
-0.011008021
0.015522039
0.015827632
-0.017511856
-0.017172679
-0.012348398
-0.012296945
-0.018723522
-0.01834399
0.012177875
0.012250744
0.011115469
0.011159396
0.016580586
0.01692263
-0.011211132
-0.011188767
0.017683787
0.018064813
-0.036666975
-0.035891356
-0.022781285
-0.022778798
-0.039081691
-0.038221535
-0.034348661
-0.033652403
0.022707206
0.022758435
0.032439743
0.033140518
0.020587328
0.020589489
0.034545437
0.03532262
-0.020527961
-0.02057414
0.036733426
0.037591867
-0.032125904
-0.031503945
-0.022653012
-0.022558203
-0.029997611
-0.029445149
0.022339616
0.022473661
0.0284749
0.029036619
0.020387751
0.020472836
0.030416403
0.031045241
-0.020568588
-0.020522552
-0.029953281
-0.029320614
-0.018607971
-0.018606486
-0.031925259
-0.031223371
-0.028059088
-0.027491337
0.018548609
0.018589511
0.026500609
0.027072437
0.016816336
0.01681798
0.028220327
0.028854888
-0.016767518
-0.016805738
0.030007568
0.030708697
-0.033976417
-0.033200672
-0.018414717
-0.01850517
-0.036106085
-0.035251972
0.01859469
0.018552689
0.016724327
0.016642957
0.031861683
0.032633426
-0.016436468
-0.016566335
0.033781921
0.034628698
-0.027963177
-0.027475316
-0.022227547
-0.022059065
-0.026019644
-0.025591819
0.021723752
0.021923655
0.024832837
0.025273981
0.019936833
0.020088761
0.026613792
0.02711267
-0.020310974
-0.020191127
-0.024166924
-0.023795207
-0.021566838
-0.021339552
0.020914231
0.021164928
0.019287463
0.019492716
0.023129903
0.02351684
-0.019814668
-0.019634264
-0.022842404
-0.022443622
-0.01815726
-0.018019799
-0.024504836
-0.024053858
0.017746194
0.017909297
0.016286747
0.016411392
0.021739417
0.022147508
-0.016591795
-0.016493836
0.023260573
0.023718897
-0.026243545
-0.025737048
-0.018502866
-0.018427239
0.018249316
0.018356819
0.016655134
0.016723139
0.024847641
0.02535991
-0.016801221
-0.016765257
-0.024467605
-0.023952133
-0.015200304
-0.015200406
-0.026079291
-0.025505769
-0.022920601
-0.02245706
0.015152968
0.015184827
0.021647529
0.022114063
0.013738582
0.013738222
0.02305333
0.023569794
-0.013696934
-0.013730354
0.024512594
0.02508524
-0.021437546
-0.021022596
-0.015115523
-0.015053077
0.014907437
0.014996671
0.013605397
0.013662441
0.020296416
0.020716091
-0.013725402
-0.013695229
-0.019987382
-0.019564704
-0.012417601
-0.012416784
-0.021303078
-0.02083508
0.012377866
0.012405453
0.011223738
0.011222037
0.018831774
0.019254327
-0.011188227
-0.011216612
0.020024697
0.020491035
-0.022671275
-0.022155593
-0.012286812
-0.012349952
-0.024093267
-0.023524221
0.012409186
0.012379482
0.011162856
0.011104417
0.021262721
0.021774863
-0.010965608
-0.011057876
0.022544714
0.02310646
-0.031298603
-0.030533237
-0.014587365
-0.014752351
-0.033164892
-0.03232815
-0.029494703
-0.028796926
0.014972397
0.014855268
0.027596545
0.028288255
0.013332952
0.013184005
0.029218788
0.029975527
-0.01286192
-0.013058379
0.030893626
0.031718963
-0.027755634
-0.027121586
-0.015041364
-0.01511537
0.015189327
0.01515504
0.013662254
0.013595602
0.026027138
0.02665797
-0.013426113
-0.013532665
-0.025567087
-0.024941574
-0.011916011
-0.012051349
-0.027092024
-0.02640786
0.012231907
0.012135605
0.010895676
0.010768877
0.023868706
0.024486052
-0.010506281
-0.010669684
0.025237329
0.025910046
-0.028668461
-0.027922286
-0.01125487
-0.011478559
-0.030293675
-0.029482543
0.011802656
0.011625162
0.01037766
0.010171709
0.026647303
0.027379818
-0.0097592229
-0.01001116
0.028097483
0.028893464
-0.0011554282
-0.0025482782
-0.040575415
-0.039628449
-0.0024875027
-0.0038244719
0.037996236
0.038936997
0.0061987652
0.0048194437
0.03915722
0.040179289
0.0050270426
0.0035861852
-0.041966789
-0.040932187
-0.0036827792
-0.0049638326
-0.037310893
-0.036379877
-0.0047489716
-0.0059746448
0.034784252
0.035702904
0.0081446064
0.0068849045
0.035687029
0.036677102
0.007234746
0.0059161812
-0.038414712
-0.037407412
-0.0082138402
-0.0095667165
-0.039408928
-0.038326231
-0.0072238768
-0.0086419091
-0.0090781862
-0.010366564
0.036484223
0.037543315
0.012635598
0.011320615
0.037166324
0.038294797
0.011951881
0.010569749
-0.040284908
-0.039128934
0.011146858
0.0096942981
-0.0060985514
-0.0075831197
-0.043244813
-0.042124522
0.040208097
0.04131071
0.041139565
0.042321848
0.010210028
0.0086856763
-0.044401394
-0.043195517
-0.0056952434
-0.0068669302
-0.034116783
-0.03321222
-0.006529223
-0.0076466551
0.031669049
0.032556191
0.0096186108
0.0084748254
0.032348456
0.033297902
0.0089360756
0.0077355184
-0.034969882
-0.034000159
-0.0072586536
-0.0083240029
-0.031025603
-0.030155799
-0.0078924321
-0.0089016741
0.028675616
0.029526721
0.010683146
0.0096553138
0.029163534
0.030067821
0.010198643
0.0091120013
-0.031662297
-0.030736516
-0.011002055
-0.012107181
-0.032198728
-0.031217234
-0.010464083
-0.011628687
-0.011448782
-0.012492307
0.029554863
0.030509282
0.014321604
0.013268589
0.029842669
0.030848905
0.014041777
0.012922248
-0.032627845
-0.031592328
0.013672255
0.012488699
-0.0098249228
-0.011051623
-0.035718007
-0.034682927
0.032926984
0.033935094
0.033396539
0.034463804
0.0132057
0.011957785
-0.036352972
-0.0352554
-0.014126915
-0.015391393
-0.036869542
-0.035708445
-0.013607395
-0.014941802
-0.014544981
-0.015739911
0.033751331
0.034875976
0.017828756
0.016623169
0.033987023
0.035164921
0.017603
0.016326008
-0.037258092
-0.036039506
0.017281006
0.01592928
-0.014868389
-0.015996807
-0.03294526
-0.031856631
-0.015107343
-0.016167683
0.030024448
0.031077383
0.018022772
0.01695691
0.03009446
0.03119075
0.017966544
0.01683045
-0.033142137
-0.03200591
-0.018802338
-0.019942355
-0.033214755
-0.032032473
-0.018716417
-0.019929033
-0.018812145
-0.01987875
0.030046591
0.031184421
0.021728897
0.020666154
0.029877278
0.031054094
0.0219163
0.02077775
-0.033158162
-0.031932361
0.022032411
0.020818219
-0.018544722
-0.019832197
-0.037513817
-0.036239515
-0.018278581
-0.019643778
0.034096283
0.03532457
0.034073636
0.035350554
0.022069876
0.020777511
-0.037630111
-0.036302811
0.022021196
0.020647317
-0.011339876
-0.01289951
-0.045426379
-0.044136929
-0.012223209
-0.01370518
0.041945012
0.043204329
0.016311253
0.014802476
0.042614584
0.043949523
0.015643716
0.01405372
-0.046310751
-0.04494011
-0.012975634
-0.014383472
-0.041036122
-0.039806954
0.037728124
0.038923098
0.038162445
0.039421423
0.016853489
0.015425486
-0.041651682
-0.040354666
-0.017908077
-0.01935438
-0.042127181
-0.04076313
-0.017424584
-0.018954296
0.038462263
0.03978142
0.03861969
0.039998069
0.021876349
0.020418382
-0.042452774
-0.041024723
0.021625727
0.020080035
-0.016817421
-0.018433423
-0.047045963
-0.045595302
0.043141828
0.044548979
0.043516856
0.044995617
0.021259303
0.019623921
-0.047623025
-0.04609549
-0.022461874
-0.024112261
-0.048033214
-0.046431782
-0.022038798
-0.023786468
-0.022760745
-0.024315719
0.043734222
0.045279434
0.027015573
0.025455679
0.043784879
0.045394722
0.026980809
0.025323342
-0.048268441
-0.046596959
0.026830643
0.025070635
-0.022946008
-0.024410448
-0.042622822
-0.041132971
-0.023027969
-0.024403941
0.038629991
0.040063374
0.026783518
0.025410142
0.038485752
0.039971225
0.026945707
0.025481819
-0.042629081
-0.041081504
-0.028015901
-0.029475256
-0.042469017
-0.040867224
-0.028156456
-0.029714925
-0.02778615
-0.029150313
0.038185708
0.03971948
0.031493854
0.030144739
0.037719945
0.039298068
0.031986631
0.030539636
-0.04213132
-0.040480157
0.032401351
0.030852714
-0.028196391
-0.029856527
-0.048322908
-0.046584193
-0.02812342
-0.02989014
0.043666856
0.045336991
0.043367033
0.045093068
0.03272561
0.031070601
-0.048184876
-0.046383622
0.032949746
0.031184379
-0.023016049
-0.024308176
-0.037601386
-0.036223402
-0.0229202
-0.024130528
0.033914506
0.035235644
0.026215087
0.025013625
0.033613465
0.034976442
0.026536311
0.025251444
-0.037420786
-0.035997389
-0.02274851
-0.023881056
-0.032967344
-0.031701102
-0.022510464
-0.023564214
0.029582389
0.030795118
0.025377343
0.024337799
0.029158164
0.030402917
0.025826587
0.024705831
-0.03263773
-0.031335071
-0.026642168
-0.027746527
-0.032168229
-0.030831905
-0.027089963
-0.028277744
-0.026140367
-0.027164869
0.028601556
0.029876828
0.028912813
0.027912743
0.027908556
0.029207575
0.02963323
0.028548711
-0.031549752
-0.030183728
0.030308693
0.029140431
-0.027474226
-0.028748072
-0.037087051
-0.035620369
0.033169347
0.034570489
0.032573904
0.034009827
0.030931701
0.02967542
-0.036591224
-0.035085433
-0.031844201
-0.033079247
-0.035930531
-0.034389916
-0.03247614
-0.033805304
-0.031154609
-0.032299139
0.031826058
0.033290652
0.034240403
0.033126798
0.030919906
0.032409642
0.03517812
0.033972007
-0.035100458
-0.033529498
0.036072362
0.034768443
-0.030418025
-0.031476189
-0.030779429
-0.029388499
-0.029640042
-0.030611349
0.027076513
0.028397931
0.032257912
0.031318445
0.026104937
0.027442023
0.033264024
0.032239261
-0.029859314
-0.028447367
-0.034002892
-0.034991615
-0.028781929
-0.027354061
-0.03504249
-0.036120006
-0.032938102
-0.033839178
0.024989685
0.026339172
0.035347604
0.03449151
0.023730208
0.025090643
0.036646363
0.035702012
-0.027550458
-0.026107577
0.037929667
0.036895465
-0.036049607
-0.037220236
-0.034096559
-0.032500754
-0.037014833
-0.038284816
0.029856565
0.031366019
0.02862906
0.030158771
0.039194437
0.038064332
-0.032921688
-0.031302117
0.040431367
0.039203188
-0.033934083
-0.03557817
-0.047849599
-0.04599082
-0.034240308
-0.035998593
-0.033530422
-0.035064138
0.042884336
0.044660544
0.037692733
0.036179957
0.042211802
0.044034671
0.038400199
0.036774991
-0.047311696
-0.04540099
0.039023985
0.037280319
-0.033041084
-0.03447009
-0.041612525
-0.03991654
0.037085778
0.038703274
0.036279719
0.037932183
0.03691371
0.035508191
-0.040908549
-0.039172081
-0.037931097
-0.039305387
-0.040013155
-0.038241712
-0.038790196
-0.040273973
0.035294311
0.036977293
0.034128868
0.035841964
0.04163569
0.040300258
-0.038925702
-0.037117885
0.042796054
0.041349092
-0.039580995
-0.041179755
-0.04656333
-0.044604834
-0.040292378
-0.04201217
0.041342979
0.043207465
0.040273678
0.042178865
0.043904087
0.042340403
-0.04560399
-0.043597407
0.044949806
0.043262651
-0.01456005
-0.01707713
-0.073305487
-0.071310601
-0.012674003
-0.015313473
-0.016210465
-0.01860947
0.067909987
0.069863964
0.02283295
0.020383612
0.069226443
0.071307312
0.021516694
0.018941498
-0.074983826
-0.072851411
0.019972964
0.017267146
-0.017640604
-0.019924594
-0.066494662
-0.064584329
-0.018868669
-0.021040144
0.061337432
0.063200562
0.024848713
0.022640387
0.062254239
0.064223404
0.023938909
0.021611506
-0.067718838
-0.065691984
-0.025651754
-0.0280153
-0.068722553
-0.066582037
-0.024640387
-0.027133431
-0.02647047
-0.028709386
0.062957912
0.065032079
0.03260421
0.030346501
0.063437397
0.065616169
0.032138865
0.029750359
-0.069493865
-0.067240481
0.031492924
0.02896718
-0.023419937
-0.026045321
-0.076429377
-0.07416256
-0.021972875
-0.02473593
0.070318204
0.072522754
0.071173016
0.073500257
0.030648167
0.027981719
-0.077628369
-0.07523059
0.029588293
0.02677553
-0.019908117
-0.021969134
-0.059989128
-0.058176349
-0.020773891
-0.022727418
0.055099862
0.056863958
0.026143009
0.024166928
0.05567686
0.057528659
0.025579353
0.023487124
-0.060825229
-0.058915976
-0.021479119
-0.023328299
-0.053828146
-0.052115766
0.049226092
0.050883328
0.049515921
0.051250525
0.026555251
0.024689108
-0.054338115
-0.05254271
-0.027927729
-0.029805023
-0.054652091
-0.052778281
-0.027595108
-0.029590625
0.049621106
0.051428772
0.049530659
0.051407332
0.033062794
0.031180889
-0.05475995
-0.052810345
0.033053779
0.031047479
-0.027111872
-0.02923081
-0.061454517
-0.059451135
0.056055679
0.057992042
0.056223459
0.058243249
0.032907799
0.030773093
-0.061864615
-0.059767184
-0.034456187
-0.036597609
-0.062043943
-0.05985915
-0.034256213
-0.036524326
-0.034513687
-0.036521782
0.056174461
0.058273369
0.03998045
0.037979481
0.055899383
0.058073744
0.040287601
0.038147085
-0.061982394
-0.059717058
0.040454317
0.038183028
-0.034438357
-0.036317402
-0.054654951
-0.052634097
0.049240302
0.051181185
0.048743634
0.050743177
0.039554935
0.037686704
-0.054329966
-0.052241663
-0.040913733
-0.042760734
-0.053774821
-0.051623919
-0.041430708
-0.043413719
0.048030893
0.050085083
0.047096184
0.049206048
0.045921625
0.044104707
-0.05298868
-0.050774257
0.04680916
0.044853485
-0.0418325
-0.043960544
-0.06167011
-0.059328726
-0.042111996
-0.044379596
0.055388884
0.057634392
0.054635722
0.056954844
0.047600851
0.045496951
-0.061106932
-0.058685134
0.048279721
0.046024879
-0.032611872
-0.035309828
-0.078565572
-0.076040794
-0.031661487
-0.034514471
-0.033350321
-0.035899276
0.07177775
0.074221441
0.040336515
0.037770737
0.072121069
0.07467658
0.040016153
0.037294892
-0.079226346
-0.076580589
0.039496719
0.036613545
-0.033892924
-0.036297297
-0.070018489
-0.06765853
0.063682076
0.065960191
0.063686089
0.066055272
0.040477373
0.038062835
-0.070283289
-0.067822877
-0.042245071
-0.04465814
-0.070279284
-0.067722776
-0.042217641
-0.04478743
0.063435847
0.065890769
0.062922357
0.065459099
0.048823848
0.046425725
-0.070003668
-0.067344285
0.04923417
0.046669932
-0.042013818
-0.044746368
-0.079599045
-0.076835945
-0.041615404
-0.044518445
0.072188586
0.074851128
0.071970212
0.074740628
0.049483234
0.046751446
-0.079669818
-0.076789222
0.049561005
0.046647999
0.064827369
0.067208861
-0.01349236
-0.016300472
0.063648192
0.065985771
0.021259851
0.018382282
-0.070242303
-0.067751504
0.022630358
0.019567628
-0.071543658
-0.069007591
-0.014362644
-0.017350996
0.062168283
0.064452243
-0.023390825
-0.026330324
0.060383859
0.062602199
0.031496256
0.028504291
-0.066640244
-0.064277899
0.033527426
0.030342968
-0.06861022
-0.066176744
-0.024900097
-0.028027295
0.070444043
0.073035744
-0.026506976
-0.029834852
0.072120749
0.0747729
0.068422444
0.070937798
0.035689272
0.032300649
-0.07551365
-0.072835277
0.037990892
0.034385051
-0.0777463
-0.074986999
-0.028217272
-0.031758159
-0.079595801
-0.076771297
0.073458009
0.076157926
-0.015288737
-0.018469921
0.024089803
0.020830261
0.025642937
0.022173794
-0.081069466
-0.078195163
-0.01627535
-0.019660946
0.058288475
0.060429752
-0.033704837
-0.036740233
0.055878319
0.057931752
0.042044264
0.038975901
-0.061667145
-0.059482559
0.044756013
0.041490752
-0.064327279
-0.062047932
-0.035879175
-0.039110039
0.053151536
0.055103988
-0.044299304
-0.047390343
0.050107095
0.051938394
0.052761118
0.049656514
-0.055288494
-0.053342723
0.056163374
0.052859871
-0.058656161
-0.056580084
-0.047157506
-0.050447324
0.060226401
0.062439157
-0.050198808
-0.053701064
0.063317235
0.065644652
0.056784076
0.058851673
0.059787001
0.056266928
-0.062653825
-0.060442072
0.063637197
0.05990168
-0.06646801
-0.064113527
-0.053438123
-0.057160817
-0.069877563
-0.067401953
0.066048485
0.06847673
-0.038192372
-0.041632693
0.047642746
0.044166153
0.050714626
0.047015771
-0.072892074
-0.070309774
-0.040658588
-0.044317449
0.074840789
0.077598909
-0.043284076
-0.047171292
0.077531171
0.080387797
0.071744841
0.074390712
0.053981459
0.050053038
-0.079185378
-0.076369953
0.057466445
0.05327796
-0.082600958
-0.079664392
-0.046073172
-0.05021511
-0.085570962
-0.082528482
0.06824084
0.070758547
-0.056888128
-0.060846455
0.064336264
0.066692845
0.067742906
0.063765112
-0.070990201
-0.068488623
0.072115575
0.067873993
-0.075317817
-0.072643416
-0.060554872
-0.064774457
0.077331797
0.080172928
-0.064456182
-0.0689513
0.081299835
0.084288325
0.072908664
0.075568028
0.076766351
0.072248444
-0.080440758
-0.077611612
0.081718182
0.076907569
-0.085343241
-0.082320308
-0.068611798
-0.073398174
-0.089723439
-0.086543627
0.084805586
0.087925576
-0.049041428
-0.053456257
0.087854523
0.091085454
0.06117275
0.056711118
0.065117824
0.060367481
-0.093594444
-0.09027778
-0.052203219
-0.056903376
-0.096959221
-0.093522808
0.083237609
0.086298219
-0.017324688
-0.020929502
0.081722063
0.084730422
0.027296822
0.023604691
-0.090193348
-0.086992707
0.029059238
0.025125195
-0.09186175
-0.088606435
-0.018442485
-0.022280008
0.079821289
0.082762898
-0.030038442
-0.033806099
0.040438155
0.036605603
0.043048456
0.03896357
-0.08809842
-0.084968173
-0.031972726
-0.035987152
0.090451925
0.093778292
-0.034033661
-0.038312382
0.092606276
0.09600784
0.045826979
0.041474387
0.048781641
0.044147066
-0.099824296
-0.096287515
-0.036227563
-0.040781216
-0.10220081
-0.098579924
0.094321497
0.097786243
-0.019631401
-0.023716473
0.030933958
0.02674559
0.032928923
0.028471368
-0.10409267
-0.10040464
-0.020898181
-0.025245952
0.10687997
0.1108062
-0.022246175
-0.026874377
0.10834112
0.11232124
0.10493695
0.10879178
0.035052343
0.030306612
-0.11580846
-0.11170458
0.037311857
0.032261555
-0.11795333
-0.11377194
-0.023679874
-0.028608009
-0.11956656
-0.11532824
0.10249726
0.10626222
-0.038564657
-0.04341271
0.099555572
0.10321214
0.051928342
0.046996065
-0.10986884
-0.10597553
0.055275773
0.050024519
-0.11311652
-0.10910857
-0.041051927
-0.046209642
0.11614434
0.12041163
-0.043698718
-0.049191988
0.11890896
0.12327602
0.11280869
0.11695515
0.058842972
0.053250618
-0.12449835
-0.12008359
0.062636763
0.056682849
-0.12817821
-0.12363459
-0.046514646
-0.052363025
-0.13122645
-0.12657676
0.12110929
0.12555921
-0.025206923
-0.030451667
0.12276539
0.12727692
0.039718434
0.034341775
0.042278736
0.036555655
-0.13365689
-0.12892073
-0.026832363
-0.03241518
-0.13548539
-0.13068315
0.096100664
0.0996294
-0.055569176
-0.060572272
0.092126377
0.095510383
0.069318069
0.064258763
-0.1016721
-0.098067305
0.073788301
0.068402569
-0.10605741
-0.10229688
-0.05915179
-0.064480305
0.08763073
0.090846887
-0.073036461
-0.078132411
0.082619349
0.085631197
0.086989052
0.081869891
-0.091155834
-0.087946098
0.092598928
0.087149498
-0.096708673
-0.093282987
-0.077748145
-0.083171837
0.099297933
0.10294651
-0.082765295
-0.08853798
0.1043925
0.10822833
0.093617267
0.097029
0.098571497
0.092770651
-0.10328465
-0.099655035
0.10493266
0.098749559
-0.10958228
-0.105703
-0.088101482
-0.094249883
-0.11520824
-0.11112652
0.10889309
0.11289757
-0.062965545
-0.068639146
0.078547826
0.072815165
0.083614018
0.077513977
-0.12017958
-0.1159184
-0.067026438
-0.073065507
0.12339689
0.12792742
-0.071355265
-0.077779332
0.12782849
0.13252679
0.11829484
0.12263745
0.089011055
0.082515293
-0.13054486
-0.12591708
0.094745189
0.08783179
-0.13617964
-0.13135455
-0.075957987
-0.082795205
-0.1410756
-0.13607773
0.11252032
0.11664906
-0.093779904
-0.10032524
0.10608419
0.10995305
0.11169519
0.10512454
-0.1170464
-0.1129244
0.11890089
0.11189881
-0.12417826
-0.11977698
-0.099831855
-0.10679368
0.12750149
0.13218463
-0.10626897
-0.11368727
0.13404319
0.13896592
0.12021061
0.12459199
0.12657058
0.11911976
-0.13260927
-0.1279635
0.13475434
0.12678325
-0.14069768
-0.13572867
-0.11311087
-0.12103196
-0.14792083
-0.14268804
0.13981961
0.14495891
-0.080852181
-0.088132495
0.14485231
0.15017537
0.10086369
0.093496856
0.10738223
0.099515817
-0.15430048
-0.14884458
-0.086053967
-0.0938361
-0.15985459
-0.15419214
0.13723511
0.14227556
-0.028563173
-0.034504908
0.13911182
0.14422192
0.1347389
0.13969034
0.045007237
0.038912581
-0.14869985
-0.1434292
0.047909936
0.04142369
-0.15145219
-0.14608383
-0.030404332
-0.036732235
-0.15352361
-0.14808275
0.13160713
0.13644425
-0.04951652
-0.055743522
0.066679124
0.060342039
0.070980444
0.064234937
-0.14524355
-0.14009634
-0.052711004
-0.05933728
0.1491345
0.15461379
-0.056111218
-0.063169416
0.15268161
0.15829068
0.075555026
0.068376281
0.080433388
0.072772124
-0.16457693
-0.15875434
-0.059715384
-0.067244606
-0.1684928
-0.16253204
0.15550552
0.16121951
-0.032365502
-0.039100705
0.15763238
0.16342478
0.05100297
0.044096303
0.05430248
0.046930603
-0.17161412
-0.16553961
-0.0344464
-0.041635022
-0.1739604
-0.16780061
0.10626218
0.11016729
0.032713841
0.029415166
0.10776031
0.11172024
-0.023429593
-0.026925849
-0.11892573
-0.11471075
-0.02494073
-0.028662257
-0.11727264
-0.11311536
0.034824046
0.031312232
0.10888897
0.11288991
0.020800258
0.017115381
0.10962829
0.11365642
-0.010484225
-0.014350554
-0.12098705
-0.11669893
-0.0111604
-0.015276229
-0.12017099
-0.11591187
0.022142103
0.018219223
0.12338751
0.12792137
0.023570419
0.019394681
0.12210884
0.12659599
0.12422541
0.12878999
-0.011880777
-0.016262047
-0.1370966
-0.13223693
-0.012646445
-0.017310439
-0.13617187
-0.13134518
0.025090323
0.020645232
-0.13476106
-0.12998443
0.12041095
0.12483613
0.037070422
0.033332154
-0.026549754
-0.030511667
-0.028261604
-0.032478846
-0.13288757
-0.12817665
0.039461031
0.035481686
0.10996041
0.11400088
0.0075896753
0.0035500381
0.10986797
0.11390421
0.0036707097
-0.00053205128
-0.12125172
-0.1169533
0.003908115
-0.00056707247
-0.1213535
-0.11705257
0.0080792962
0.0037793773
0.10933314
0.11335082
-0.0068048399
-0.011162715
0.018903356
0.014404863
0.020123026
0.015333459
-0.12066096
-0.11638446
-0.0072439508
-0.011881529
0.12389038
0.12844345
-0.0077104364
-0.01264866
0.12449641
0.12907079
0.021420144
0.016321788
0.022801189
0.01737403
-0.13672649
-0.13188037
-0.0082079072
-0.013463368
-0.13739576
-0.13252566
0.12460114
0.12918057
0.008601187
0.0040230418
0.0041590844
-0.00060372459
0.0044280792
-0.00064260474
-0.13751167
-0.13263801
0.0091551693
0.0042826
0.14119228
0.14638103
0.0097452619
0.0045583389
0.14076614
0.14593861
0.14107291
0.14625684
0.0047130446
-0.00068352772
-0.1556897
-0.15017117
0.0050170156
-0.00072848494
-0.15582109
-0.15029868
0.010374328
0.0048534269
-0.15535106
-0.14984489
0.14038601
0.1455447
-0.0087372599
-0.014332398
0.024271153
0.01849513
0.025835964
0.019686707
-0.15492978
-0.14943959
-0.0093000111
-0.015254697
0.1590765
0.16492127
-0.0098986526
-0.01623933
0.15985617
0.16572933
0.027503775
0.020955572
0.029285334
0.022299841
-0.17555255
-0.16933635
-0.010529711
-0.017294551
-0.17641176
-0.17016573
0.15999121
0.16587013
0.011044211
0.0051663228
0.15950926
0.16536979
0.0053403148
-0.00077624226
0.0056910558
-0.0008333025
-0.17656224
-0.17031032
0.011762179
0.0054936409
-0.17603066
-0.16979645
0.13644371
0.14145839
0.042005198
0.037770048
0.13836776
0.14345248
-0.030084276
-0.034573783
-0.15270445
-0.14729208
-0.032024539
-0.036803215
-0.15058186
-0.14524375
0.044714672
0.040206165
0.13981651
0.14495441
0.0267083
0.021976472
-0.013461996
-0.01842621
-0.01433051
-0.019615209
-0.15430352
-0.14883464
0.028430808
0.023393887
0.15843322
0.16425481
0.030264729
0.024902441
0.15679178
0.16255291
-0.015254434
-0.020880632
-0.01623385
-0.022232754
-0.17484442
-0.16865201
0.032220959
0.026504487
-0.17303364
-0.16690447
0.15461141
0.16029366
0.047598737
0.042798843
-0.034089392
-0.039176967
-0.036285053
-0.041707329
-0.17062936
-0.16458374
0.050671968
0.045555779
0.01923163
-0.017290309
0.063915911
-0.066264732
0.020472146
-0.018405939
0.068038711
-0.070538789
0.016848928
-0.014661049
0.069120812
-0.071660656
0.015827663
-0.01377256
0.064931929
-0.067319168
0.021793365
-0.019593502
0.072427035
-0.075088259
0.023199326
-0.020857294
0.077098346
-0.079931219
0.019092846
-0.016613572
0.078324325
-0.081202405
0.017935984
-0.015606869
0.073578789
-0.076282501
0.013855529
-0.011400873
0.074482708
-0.077219627
0.014749284
-0.01213634
0.079286529
-0.082199977
0.010175946
-0.0074344173
0.079971095
-0.082909697
0.0095592218
-0.0069837947
0.075125685
-0.077886314
0.01222691
-0.010060874
0.065729939
-0.068146204
0.013015934
-0.010709901
0.069970002
-0.072541118
0.0089798319
-0.0065603805
0.070573962
-0.073167283
0.0084356122
-0.0061629028
0.066297448
-0.068734444
0.024695757
-0.022202713
0.082070845
-0.085086327
0.026288706
-0.023634805
0.087363942
-0.090573856
0.021635477
-0.018826012
0.088753005
-0.092014265
0.02032447
-0.017685254
0.083375776
-0.086439403
0.027984365
-0.025159234
0.092998298
-0.096415266
0.029789412
-0.026782029
0.098996198
-0.10263353
0.024516448
-0.021332877
0.1005702
-0.10426579
0.023030882
-0.020040287
0.094477059
-0.09794856
0.017791555
-0.014639632
0.095637942
-0.099152142
0.018938949
-0.015583754
0.1018062
-0.10554708
0.013066532
-0.0095462244
0.10268533
-0.10645868
0.012274881
-0.0089679224
0.096463853
-0.10000849
0.015700726
-0.012919224
0.084400115
-0.087501401
0.016713492
-0.013752606
0.089843575
-0.093144819
0.011531171
-0.008424621
0.0906193
-0.093949168
0.010832379
-0.0079140629
0.085128838
-0.088256995
0.0057291754
-0.0026801583
0.085547529
-0.088691046
0.0060986959
-0.0028529982
0.091065031
-0.094411312
0.00042800926
0.0029493928
0.091165763
-0.094515675
0.00040210248
0.0027707549
0.085642169
-0.088789245
0.0064920432
-0.0030370187
0.096938366
-0.10050038
0.0069105277
-0.0032326031
0.10319045
-0.10698234
0.00048480803
0.0033420237
0.10330449
-0.10710007
0.00045559581
0.0031399066
0.097045565
-0.10061167
-0.0058203597
0.0095468894
0.096770588
-0.10032613
-0.0061955663
0.010163017
0.10301138
-0.10679697
-0.013115387
0.017211716
0.10229719
-0.10605602
-0.012320017
0.016168656
0.096098914
-0.099630633
-0.0051363895
0.0084252269
0.085399658
-0.088537741
-0.005467686
0.0089688465
0.090907513
-0.094248194
-0.011573994
0.015188554
0.090276809
-0.093594175
-0.010872623
0.01426893
0.0848075
-0.087924026
0.0044611238
-0.0020867362
0.066623483
-0.069072399
0.0047490505
-0.0022212813
0.070921029
-0.073527179
0.00033271309
0.0022974614
0.070999531
-0.073608463
0.00031253754
0.0021582663
0.066697433
-0.069148944
0.005055637
-0.0023649079
0.075495198
-0.078269263
0.0053819222
-0.0025175874
0.080364306
-0.083317425
0.0003775714
0.0026028843
0.080453312
-0.083409592
0.0003545458
0.0024454568
0.075578687
-0.078356038
-0.004533142
0.0074353525
0.075364856
-0.07813411
-0.0048252823
0.0079148723
0.080225486
-0.083173506
-0.010213944
0.013404346
0.079669304
-0.082596919
-0.0095951255
0.012592317
0.074842142
-0.077592536
-0.0040008273
0.0065618422
0.066508599
-0.068952971
-0.0042587119
0.0069852744
0.070798421
-0.073400205
-0.0090141984
0.011829547
0.070307589
-0.072891165
-0.0084679377
0.011112703
0.066047644
-0.068475077
-0.05185279
0.051064668
0.017099965
-0.015241776
-0.054876613
0.053949308
0.013842957
-0.011879565
-0.053260995
0.052308513
0.011027883
-0.0091232079
-0.050476111
0.049656107
0.01419409
-0.012386607
-0.057801199
0.056732448
0.010404006
-0.0083378896
-0.060610525
0.059399281
0.0067881523
-0.0046232494
-0.058508727
0.057288288
0.0041980725
-0.0021091615
-0.055943004
0.054857168
0.0076936911
-0.005694808
-0.054057165
0.052959206
0.0052156858
-0.0032851121
-0.056392434
0.055167653
0.0018411814
0.00017129329
-0.054270545
0.05304637
-0.00029563996
0.0022314465
-0.052152002
0.051046944
0.0029566474
-0.0010949647
-0.049045258
0.048198428
0.011515085
-0.0097600606
-0.051603378
0.050631428
0.0084422045
-0.0065978946
-0.049914153
0.048928014
0.0060744172
-0.004291317
-0.047569943
0.046701985
0.0090510639
-0.0073500059
-0.063289917
0.061935109
0.0030033059
-0.00074444753
-0.065822739
0.064324179
-0.00094269154
0.0032903801
-0.063229576
0.061739127
-0.0032480402
0.0055022812
-0.060942349
0.059586839
0.00054792515
0.00162633
-0.068193504
0.066551383
-0.0050403183
0.0074708182
-0.070386157
0.068601238
-0.0092790361
0.011786194
-0.067303896
0.065545733
-0.01123955
0.013636033
-0.06535521
0.063730273
-0.0071804337
0.0095089773
-0.062547663
0.060943611
-0.009088661
0.011316367
-0.064269255
0.062540981
-0.012969852
0.015257403
-0.061287326
0.059592263
-0.01448588
0.01666641
-0.05977797
0.058198617
-0.010779372
0.012907667
-0.058595318
0.057243697
-0.0016734083
0.0037629863
-0.060651945
0.059173579
-0.0053195863
0.0074811062
-0.05809661
0.056634648
-0.0071724949
0.0092421487
-0.056256725
0.054913305
-0.0036745507
0.0056800035
-0.053933585
0.052602557
-0.0054701137
0.0073920164
-0.055571527
0.054129787
-0.0088203444
0.010799315
-0.053082314
0.051664243
-0.010277432
0.012166948
-0.051633747
0.050318979
-0.0070724505
0.0089116955
-0.057052116
0.055501113
-0.012267908
0.014298296
-0.058364545
0.056706031
-0.015801926
0.017877709
-0.055505567
0.053886377
-0.016933057
0.018906782
-0.054376903
0.05285728
-0.013567335
0.015501703
-0.051756608
0.050270887
-0.014691804
0.016532266
-0.052715765
0.051138064
-0.01789246
0.01976596
-0.049998554
0.04846399
-0.018693165
0.020469354
-0.049196242
0.047746954
-0.015653448
0.017402001
-0.049362954
0.04806772
-0.0084947501
0.010252427
-0.050635675
0.049244418
-0.011555855
0.013357598
-0.048236005
0.046873884
-0.012668859
0.014384495
-0.047127389
0.045854759
-0.0097486037
0.011425949
-0.046060006
0.045176194
0.006790822
-0.0051445509
-0.048202052
0.047206675
0.0039116116
-0.0021904698
-0.046475598
0.045475625
0.0019423666
-0.00028378458
-0.044524292
0.043629298
0.004722709
-0.0031321372
-0.050236541
0.049129301
0.00090383594
0.00088851013
-0.052151499
0.050932098
-0.0022256437
0.0040851717
-0.050041987
0.048831611
-0.003962296
0.005745878
-0.048318977
0.047213629
-0.00095447451
0.0026778169
-0.046405815
0.045306395
-0.0026311071
0.0042855441
-0.047949789
0.046751953
-0.0055168479
0.0072252746
-0.045880189
0.044698323
-0.0069019456
0.0085359626
-0.044504579
0.043414587
-0.0041364719
0.0057225027
-0.042971017
0.042069387
0.002835903
-0.0013017618
-0.044742975
0.043742315
0.00015567235
0.0014405548
-0.043010229
0.04201288
-0.0014604333
0.0029940933
-0.04140775
0.040503232
0.0011204003
0.00035750476
-0.04839671
0.04773394
-0.048398059
0.047735692
-0.044723596
0.044166817
-0.047236611
0.04653617
-0.043743082
0.043144723
-0.043743614
0.04314517
-0.047234856
0.04653503
-0.044724737
0.044167607
-0.041238791
0.040777845
-0.046011113
0.045278884
-0.0379356
0.037563313
-0.044732571
0.043973992
-0.037273558
0.036856455
-0.041585763
0.040923805
-0.040423738
0.039919665
-0.042693653
0.042060429
-0.039536441
0.038995426
-0.03953632
0.038995234
-0.036536178
0.036080262
-0.038587074
0.038014895
-0.035733703
0.035244598
-0.035733755
0.035244816
-0.038587295
0.03801503
-0.036535956
0.036080187
-0.046010318
0.0452782
-0.041239143
0.040778144
-0.042693374
0.042060297
-0.040423937
0.039919582
-0.041585739
0.040923843
-0.03727337
0.03685618
-0.044732051
0.043973707
-0.037935701
0.037563228
-0.034809274
0.034518417
-0.043410524
0.042631293
-0.031854435
0.031638145
-0.042054536
0.041259568
-0.031461946
0.031198744
-0.039235258
0.038530974
-0.03428784
0.033950814
-0.040429945
0.039744465
-0.029065391
0.028917621
-0.040672897
0.039866394
-0.026436897
0.026351147
-0.039273015
0.038459479
-0.026270305
0.026136659
-0.036761003
0.036032055
-0.028791259
0.028595573
-0.038009719
0.037291249
-0.028436311
0.028198328
-0.035461661
0.034825075
-0.026022442
0.02584548
-0.034353971
0.033704565
-0.025701516
0.025486555
-0.032050865
0.031475339
-0.028009891
0.027734485
-0.033026869
0.032466907
-0.033688707
0.033311459
-0.037585944
0.036987708
-0.030990254
0.030685552
-0.036541471
0.035921896
-0.030448717
0.030107789
-0.033970977
0.033430225
-0.033021977
0.032609984
-0.034875976
0.034358732
-0.032296896
0.031854882
-0.032296923
0.031854925
-0.02984618
0.029473823
-0.031521513
0.031054002
-0.029190901
0.028791563
-0.029190403
0.028790711
-0.031521487
0.031054118
-0.029846045
0.029473558
-0.027520516
0.027212561
-0.030703502
0.030214591
-0.025316277
0.025067226
-0.029849971
0.029344
-0.024873693
0.024595397
-0.027750134
0.027308285
-0.026976091
0.02663937
-0.028489362
0.028066942
-0.026383691
0.026022725
-0.026382591
0.026021265
-0.024381733
0.024077231
-0.025748855
0.025367189
-0.023846041
0.023519796
-0.023844727
0.023518146
-0.025750493
0.025368435
-0.024380093
0.024075998
-0.030703889
0.030215269
-0.027519844
0.027211598
-0.028490353
0.028067762
-0.026975019
0.026638467
-0.027751219
0.027309755
-0.024872573
0.024593891
-0.029850792
0.029344678
-0.025315165
0.025066292
-0.043410358
0.042631228
-0.034809228
0.034518291
-0.040430021
0.039744499
-0.034287733
0.03395078
-0.039235248
0.038530853
-0.031462032
0.031198907
-0.042054539
0.041259556
-0.031854458
0.031638186
-0.037585914
0.036987486
-0.033688801
0.033311709
-0.034875691
0.034358583
-0.033022254
0.032610108
-0.03397088
0.033430098
-0.030448642
0.03010776
-0.036541213
0.035921765
-0.030990379
0.03068556
-0.0354616
0.034825027
-0.02843616
0.02819815
-0.033026779
0.032466919
-0.028009608
0.027734086
-0.032051139
0.031475911
-0.025700838
0.025485627
-0.034353938
0.033704546
-0.026021989
0.025844984
-0.040672883
0.039866392
-0.029065506
0.028917669
-0.038009577
0.037291133
-0.0287913
0.028595506
-0.036761028
0.036032123
-0.026270171
0.026136384
-0.039272989
0.038459416
-0.026436812
0.026351094
0.017102082
-0.015243903
-0.051851465
0.051063205
0.014196238
-0.01238874
-0.05047448
0.049654324
0.011030218
-0.0091256197
-0.053258512
0.052306042
0.013845313
-0.011881791
-0.054874396
0.053946804
0.011516253
-0.0097618011
-0.049043721
0.048197433
0.0090515195
-0.0073506619
-0.047569198
0.04670135
0.0060754462
-0.0042929316
-0.049912359
0.048926847
0.0084443427
-0.0066001585
-0.05160104
0.050629252
0.0052180969
-0.0032876434
-0.054054103
0.052956072
0.0029586394
-0.0010973875
-0.052149055
0.0510442
-0.00029284581
0.0022285843
-0.054266998
0.053042793
0.0018439245
0.00016871918
-0.056388686
0.05516369
0.010405987
-0.0083394743
-0.057798671
0.056729488
0.0076964974
-0.0056976058
-0.055939858
0.054853942
0.0042002947
-0.0021105619
-0.058506073
0.057284757
0.0067893188
-0.0046241805
-0.060609143
0.059397403
0.0067909434
-0.0051448963
-0.046059626
0.045175904
0.0047227211
-0.0031323442
-0.044524179
0.043629229
0.0019426721
-0.00028431206
-0.046475025
0.04547525
0.003912042
-0.002191126
-0.048201177
0.047205891
0.0028359603
-0.0013018924
-0.042970956
0.042069331
0.0011203624
0.00035745756
-0.041407809
0.040503262
-0.0014603874
0.0029940907
-0.043010001
0.042012598
0.0001558683
0.0014403527
-0.04474274
0.043742066
-0.0026307859
0.0042850872
-0.046405231
0.045305962
-0.0041362818
0.0057223563
-0.044504331
0.043414298
-0.0069017025
0.0085356461
-0.045879246
0.04469729
-0.0055160701
0.0072242836
-0.047948539
0.04675085
0.00090496595
0.0008864096
-0.050234288
0.049127888
-0.00095377409
0.0026768989
-0.048318066
0.047212792
-0.0039606099
0.005743103
-0.05003926
0.048829918
-0.0022229398
0.004082084
-0.052147954
0.050928677
-0.0054667607
0.0073884874
-0.053929499
0.052598566
-0.0070693594
0.008908241
-0.051629955
0.05031536
-0.010273703
0.012163262
-0.053078412
0.051660582
-0.0088166201
0.010795811
-0.055567342
0.054125391
-0.0084936123
0.010250228
-0.049359719
0.04806563
-0.009748079
0.011425347
-0.047125929
0.045853361
-0.01266769
0.014382998
-0.048233191
0.046871598
-0.011552975
0.013354657
-0.050632143
0.049241007
-0.014688838
0.016529369
-0.051753317
0.050267771
-0.015651857
0.017400334
-0.049193209
0.047744088
-0.018691319
0.020467574
-0.049995985
0.048461705
-0.017889664
0.019763487
-0.052713207
0.051135456
-0.012264588
0.014295269
-0.057049701
0.055498444
-0.013563619
0.015498286
-0.054373637
0.052853643
-0.016930274
0.018904378
-0.05550356
0.053884315
-0.015800017
0.017876437
-0.058363952
0.056704891
0.0030040491
-0.00074470675
-0.063288531
0.061933159
0.00054896605
0.0016256335
-0.060940453
0.059584498
-0.0032476198
0.0055022943
-0.063228046
0.061737214
-0.00094267695
0.0032903666
-0.0658215
0.064322795
-0.0016709077
0.00376127
-0.058592468
0.057239896
-0.0036714871
0.0056769099
-0.056252338
0.054908665
-0.0071697039
0.0092399605
-0.058093352
0.056630897
-0.0053189303
0.0074808657
-0.060649726
0.059170998
-0.0090882334
0.011315886
-0.062546522
0.060942475
-0.010777963
0.012906761
-0.059776814
0.05819678
-0.01448491
0.016665178
-0.061286844
0.0595921
-0.012969751
0.015257338
-0.064268705
0.062540397
-0.0050403649
0.0074710196
-0.068192436
0.066550139
-0.0071808456
0.0095093798
-0.065353858
0.063728988
-0.011239854
0.013636102
-0.067303399
0.065545488
-0.0092796127
0.011786636
-0.07038531
0.068600531
0.063915856
-0.066264341
0.019233597
-0.017292215
0.064930812
-0.067317713
0.015829841
-0.013774464
0.069119766
-0.07165988
0.016850063
-0.014661931
0.068037925
-0.070538104
0.020473908
-0.01840754
0.06572898
-0.068145331
0.012228375
-0.010061917
0.06629629
-0.068733464
0.0084366319
-0.0061637741
0.07057332
-0.073166776
0.0089805306
-0.0065610059
0.069968911
-0.072540183
0.013016919
-0.01071084
0.07448201
-0.077219092
0.013856156
-0.011401468
0.075124992
-0.077885607
0.0095599556
-0.0069845029
0.079970566
-0.082909167
0.010176417
-0.0074349482
0.079285815
-0.082199349
0.014750035
-0.012137052
0.072426612
-0.075087937
0.021794487
-0.019594374
0.073577912
-0.076281615
0.01793685
-0.015607632
0.07832365
-0.081201728
0.019093547
-0.016614267
0.077097856
-0.079930789
0.0232005
-0.02085832
0.066622709
-0.069071767
0.0044618419
-0.0020873017
0.066696207
-0.069147947
0.00031295121
0.0021578812
0.070998778
-0.073607912
0.00033320445
0.0022971385
0.070920168
-0.073526462
0.0047498105
-0.0022220136
0.06650775
-0.068952321
-0.0040005897
0.0065617002
0.066047007
-0.068474474
-0.0084681549
0.011112808
0.070307257
-0.072890985
-0.009013986
0.011829432
0.070797883
-0.07339964
-0.004258471
0.006984826
0.075364471
-0.078133907
-0.0045328263
0.0074351334
0.074842385
-0.077592533
-0.0095951582
0.012592097
0.079669501
-0.082596966
-0.010213655
0.013403993
0.080225357
-0.083173208
-0.00482512
0.0079143225
0.075494687
-0.07826882
0.0050561154
-0.0023653608
0.075578166
-0.07835549
0.0003550156
0.0024449242
0.080452899
-0.083409311
0.00037792719
0.0026025957
0.080363656
-0.083316945
0.0053825729
-0.0025181808
0.085547199
-0.08869079
0.0057296427
-0.002680563
0.085641945
-0.088788921
0.00040242709
0.0027702696
0.091165492
-0.094515494
0.00042833757
0.0029492923
0.091064713
-0.09441097
0.0060990254
-0.0028533086
0.085399502
-0.088537716
-0.0051360368
0.0084249119
0.084808063
-0.087924161
-0.010872741
0.014268627
0.090277263
-0.093594616
-0.011573699
0.015188477
0.090907732
-0.09424807
-0.0054676593
0.0089684385
0.096770567
-0.10032656
-0.0058203026
0.009547158
0.096099874
-0.099631016
-0.01232075
0.016168692
0.10229742
-0.10605625
-0.013115054
0.017211454
0.10301196
-0.10679714
-0.0061961207
0.010163136
0.096937993
-0.10050022
0.0064921214
-0.0030369773
0.097045459
-0.10061155
0.00045551502
0.0031397628
0.10330429
-0.10710055
0.00048487764
0.0033425528
0.10319006
-0.10698205
0.0069106049
-0.0032326312
0.082070541
-0.085086112
0.024696743
-0.0222035
0.083374993
-0.086438663
0.020325313
-0.017686036
0.088752566
-0.092013828
0.021636129
-0.018826578
0.087363502
-0.090573496
0.026289873
-0.023635772
0.084399673
-0.08750096
0.015701336
-0.012919877
0.085128151
-0.088256467
0.010833182
-0.0079147294
0.090618955
-0.093948854
0.01153157
-0.0084248146
0.08984281
-0.093144257
0.016714268
-0.013753186
0.095637551
-0.099152025
0.017791812
-0.014639728
0.096463522
-0.10000826
0.012275039
-0.0089679682
0.10268505
-0.10645846
0.013066474
-0.0095460859
0.10180582
-0.10554684
0.018939092
-0.015583826
0.092998133
-0.096415154
0.027985107
-0.025159755
0.094476511
-0.097948088
0.023031528
-0.020040678
0.10056994
-0.10426557
0.024516542
-0.021332853
0.098995848
-0.1026333
0.029790091
-0.026782424
0.031710889
-0.028509378
0.10538083
-0.10925287
0.033756282
-0.030348379
0.11217747
-0.11629917
0.027781099
-0.024173493
0.1139612
-0.11814885
0.026097586
-0.022708707
0.10705658
-0.11099041
0.035933626
-0.032305727
0.11941216
-0.12379982
0.038250988
-0.034389266
0.12711384
-0.1317844
0.031480364
-0.027392408
0.12913506
-0.13388028
0.029572732
-0.02573277
0.12131117
-0.12576882
0.022845245
-0.018798039
0.12280189
-0.12731431
0.02431849
-0.020010097
0.13072211
-0.13552578
0.016777937
-0.012257624
0.13185108
-0.13669614
0.015761578
-0.011515151
0.12386237
-0.1284139
0.020160521
-0.016588849
0.10837219
-0.11235446
0.021460811
-0.01765888
0.11536183
-0.1196008
0.014806424
-0.010817611
0.11635806
-0.12063359
0.013909075
-0.010161755
0.10930816
-0.11332488
0.040718039
-0.036607444
0.13531211
-0.14028381
0.043344162
-0.038968642
0.14403924
-0.14933178
0.035672033
-0.031039718
0.14632972
-0.15170675
0.033510685
-0.029158844
0.13746395
-0.14251506
0.046139982
-0.041482002
0.15332934
-0.15896323
0.049116065
-0.044157546
0.16321818
-0.16921662
0.040421694
-0.035172948
0.16581351
-0.17190741
0.037972527
-0.033041762
0.15576731
-0.16149114
0.029334015
-0.024137196
0.15768151
-0.16347552
0.03122585
-0.025694047
0.1678509
-0.17401953
0.021543459
-0.015739861
0.16930001
-0.17552273
0.020238492
-0.014786214
0.1590429
-0.16488724
0.025886978
-0.021300812
0.13915333
-0.1442664
0.027556528
-0.022674529
0.14812793
-0.153571
0.019012148
-0.013890335
0.14940701
-0.15489719
0.017860036
-0.013048323
0.14035492
-0.1455123
0.0094462148
-0.0044192019
0.14104492
-0.14622751
0.010055444
-0.0047040907
0.15014142
-0.15565869
0.00070633
0.0048620936
0.15030735
-0.15583037
0.00066343938
0.0045678188
0.14120061
-0.14638902
0.010704213
-0.0050079779
0.15982492
-0.16569762
0.011394451
-0.0053310135
0.17013203
-0.17638569
0.00080027535
0.0055092202
0.17031979
-0.17658083
0.00075213034
0.0051753807
0.16000097
-0.16588043
-0.0095948447
0.015739527
0.15954693
-0.16541009
-0.010214117
0.016754305
0.1698369
-0.17608051
-0.021622446
0.028375845
0.16865833
-0.17485933
-0.020311677
0.02665641
0.15843995
-0.16426262
-0.0084678108
0.013890363
0.14079991
-0.14597342
-0.0090139559
0.014785975
0.14988053
-0.15538793
-0.019080981
0.025041553
0.14884052
-0.15431025
-0.017925215
0.023524345
0.13982292
-0.1449607
0.0073563294
-0.0034414727
0.10984582
-0.11388198
0.0078309744
-0.0036632447
0.11693012
-0.121227
0.00054944612
0.0037871551
0.11705955
-0.12136081
0.00051633888
0.0035580598
0.10996684
-0.11400792
0.0083359624
-0.0038997126
0.12447167
-0.12904541
0.008873609
-0.0041510372
0.13249933
-0.13736825
0.00062278779
0.0042912991
0.13264563
-0.13751975
0.00058507103
0.0040314768
0.12460896
-0.12918789
-0.0074732163
0.012258445
0.12425569
-0.12882128
-0.0079551378
0.013049179
0.13226928
-0.13712956
-0.016839753
0.022099676
0.13135173
-0.13617858
-0.015819362
0.020760585
0.12339337
-0.12792779
-0.0065955888
0.010818426
0.10965563
-0.11368478
-0.0070207216
0.011516133
0.11672767
-0.12101685
-0.01486116
0.019502844
0.11591748
-0.12017711
-0.013960999
0.018321508
0.10889471
-0.11289592
-0.021560799
0.026046924
0.10766998
-0.11162625
-0.022951276
0.02772635
0.11461414
-0.11882567
-0.031268432
0.036163791
0.11280347
-0.11694798
-0.029374177
0.033973183
0.10596913
-0.10986232
-0.024431471
0.029514799
0.12200599
-0.12648898
-0.026006774
0.031417856
0.12987432
-0.13464654
-0.035430658
0.040978789
0.12782213
-0.13251938
-0.033284816
0.038496473
0.12007803
-0.12449043
-0.042353998
0.047678109
0.11759734
-0.12191867
-0.045085485
0.050752939
0.12518174
-0.12978133
-0.054941719
0.060710484
0.12193693
-0.12641684
-0.051612536
0.057031953
0.11454862
-0.1187576
-0.03737838
0.042075763
0.10378011
-0.10759288
-0.039788317
0.044789657
0.11047308
-0.11453251
-0.048485853
0.05357677
0.10760831
-0.11156232
-0.045548408
0.050330462
0.10108959
-0.10480289
-0.027683464
0.033444221
0.1382502
-0.14333046
-0.02946936
0.035601092
0.14716685
-0.15257462
-0.040148417
0.04643453
0.14484223
-0.1501642
-0.037716313
0.043621984
0.13606636
-0.14106564
-0.031369786
0.037897463
0.15665829
-0.16241583
-0.033394311
0.040341421
0.16676175
-0.17289329
-0.045496183
0.052617122
0.16412741
-0.17016251
-0.042739186
0.049430729
0.15418425
-0.15985045
-0.054384963
0.061219439
0.15099906
-0.15654825
-0.057892357
0.065166589
0.16073635
-0.16664819
-0.070546628
0.077954396
0.15656985
-0.16232664
-0.066272171
0.07322932
0.14708268
-0.15248897
-0.047993542
0.05402563
0.1332555
-0.13815057
-0.05108994
0.057512423
0.14185056
-0.14706317
-0.062259123
0.068794989
0.13817429
-0.14325117
-0.058485767
0.064626396
0.12980304
-0.13457154
-0.069157513
0.075386512
0.12569658
-0.13031482
-0.073617146
0.080248918
0.13380173
-0.13871966
-0.085133
0.091831926
0.12872747
-0.1334544
-0.079972561
0.086270287
0.12092691
-0.12537139
-0.078362944
0.085421187
0.14243421
-0.1476646
-0.083417589
0.090931249
0.15162107
-0.15719442
-0.096468022
0.10405712
0.14586444
-0.15122964
-0.090620038
0.097755208
0.13702898
-0.14206685
-0.10300026
0.11018306
0.13086601
-0.13567416
-0.10964118
0.11728885
0.13930681
-0.14443112
-0.12290258
0.1305694
0.1319325
-0.13679005
-0.11545792
0.12265956
0.12393886
-0.12849542
-0.090899808
0.097237422
0.11548671
-0.11973114
-0.09676035
0.10351175
0.12293642
-0.12745365
-0.10846102
0.1152274
0.11643271
-0.12070821
-0.10189411
0.10824707
0.10937519
-0.11339555
-0.053858837
0.058710109
0.0978914
-0.1014884
-0.057332939
0.062496542
0.10420514
-0.10803431
-0.066300631
0.071519726
0.1002512
-0.10393467
-0.062283118
0.067185946
0.094177781
-0.097637524
-0.061030505
0.066526622
0.11092565
-0.11500082
-0.064968363
0.070820041
0.11808074
-0.12241919
-0.07513003
0.0810446
0.11360185
-0.11777464
-0.070576583
0.076133178
0.10671749
-0.11063953
-0.080217697
0.085813202
0.10191931
-0.10566282
-0.085389475
0.091346408
0.10849181
-0.11247588
-0.095717886
0.10168754
0.10275079
-0.10652816
-0.08991766
0.095527749
0.096525027
-0.1000713
-0.070791095
0.075729457
0.089942808
-0.093247658
-0.07535764
0.08061407
0.095744523
-0.099262057
-0.084470698
0.089739417
0.090677951
-0.094008868
-0.079352397
0.084301869
0.085183919
-0.08831367
-0.013077252
0.015798369
0.065305362
-0.067705263
-0.013920663
0.016817504
0.069517272
-0.072071941
-0.0189654
0.021935087
0.068419148
-0.070932876
-0.017816096
0.020605763
0.064273726
-0.066635567
-0.014818373
0.017902048
0.074000975
-0.076719956
-0.015773947
0.019056702
0.07877363
-0.081668068
-0.021489899
0.024856152
0.07752926
-0.080376649
-0.02018814
0.023350023
0.072831822
-0.07550736
-0.025688849
0.028919207
0.071327021
-0.073946239
-0.027345044
0.030785025
0.075927727
-0.078715267
-0.033323652
0.036823815
0.073959373
-0.076675578
-0.031304318
0.03459276
0.069478438
-0.072030588
-0.022670798
0.025520412
0.062945314
-0.065257742
-0.024132734
0.027167115
0.067005284
-0.069466561
-0.029407844
0.032496636
0.065269192
-0.067666405
-0.027626399
0.030527414
0.061314214
-0.063566743
-0.016791218
0.020285537
0.083854151
-0.086934845
-0.017874354
0.021593342
0.089261553
-0.092542272
-0.024351997
0.028165231
0.087852095
-0.091079547
-0.022875636
0.026459778
0.082529464
-0.085560328
-0.019027499
0.022986213
0.09501862
-0.098510513
-0.020254688
0.024468644
0.10114688
-0.10486331
-0.027594554
0.031914536
0.099548499
-0.10320621
-0.025923224
0.029981309
0.093517164
-0.096954064
-0.032986329
0.037132278
0.091585918
-0.094950477
-0.035113703
0.039527124
0.097491724
-0.10107443
-0.042789658
0.047282217
0.094965004
-0.098453698
-0.040195897
0.044417769
0.089211997
-0.0924885
-0.029108276
0.032771003
0.080825668
-0.083790936
-0.030986463
0.034884753
0.086038442
-0.089196902
-0.03775956
0.041728919
0.083808672
-0.08688338
-0.035471034
0.039199926
0.078730413
-0.081618752
-0.041943977
0.045725893
0.076239225
-0.07903692
-0.044649215
0.048675502
0.081158027
-0.084135064
-0.051632964
0.055701893
0.078078706
-0.080942997
-0.048504029
0.05232769
0.073347035
-0.076037829
-0.047530357
0.051812174
0.086390413
-0.089562908
-0.05059659
0.055153355
0.091960742
-0.095339309
-0.058509517
0.063115624
0.088471665
-0.09172244
-0.054963769
0.059291858
0.083112519
-0.086165129
-0.062472153
0.066830865
0.079374573
-0.082290418
-0.066501702
0.071140645
0.084493191
-0.087597477
-0.074544908
0.07919461
0.080022257
-0.082963401
-0.070028008
0.0743964
0.075173662
-0.077936529
-0.055128393
0.058981034
0.070050103
-0.072618402
-0.058685589
0.062782939
0.074567539
-0.077303498
-0.065784239
0.069889904
0.070620612
-0.073213957
-0.061796155
0.065657267
0.06634366
-0.068776114
-0.032667545
0.035609963
0.05937449
-0.061556044
-0.034774318
0.037906556
0.063204235
-0.065526451
-0.040213732
0.043379072
0.060806529
-0.063040226
-0.037776711
0.040751034
0.057122456
-0.059221206
-0.037016878
0.040351845
0.067281007
-0.069752378
-0.03940491
0.042953822
0.071619052
-0.074250938
-0.045568297
0.049154753
0.068902077
-0.071433515
-0.04280588
0.046177941
0.064728845
-0.067105501
-0.048653744
0.052048458
0.061817093
-0.064088041
-0.05179269
0.055403158
0.06580326
-0.068221532
-0.058055627
0.061678488
0.062320877
-0.064609628
-0.054537431
0.057938504
0.058546152
-0.060698368
-0.042936843
0.045932188
0.054554038
-0.056558249
-0.045707008
0.048893358
0.058071584
-0.060206045
-0.051235132
0.054429523
0.054998019
-0.057019351
-0.04812877
0.051132209
0.051667497
-0.053564523
-0.072384596
0.070458402
-0.013648031
0.016224716
-0.074173662
0.072108239
-0.018134647
0.020773485
-0.070613242
0.068593997
-0.019690834
0.02220203
-0.069061671
0.067171799
-0.01541343
0.017870861
-0.075737446
0.073535524
-0.022726372
0.025418915
-0.07706172
0.074727073
-0.027408033
0.030145651
-0.073043303
0.070774602
-0.028502585
0.031095967
-0.071945176
0.069799203
-0.024058668
0.026614775
-0.068250801
0.066162472
-0.025173633
0.027596932
-0.069139738
0.066939154
-0.029385275
0.031838869
-0.065354562
0.06322327
-0.030074491
0.032392789
-0.064658554
0.062629613
-0.026088164
0.02838194
-0.065802098
0.063951366
-0.01695247
0.019293047
-0.06713368
0.065162584
-0.021024596
0.023410372
-0.063739486
0.061819153
-0.022151967
0.024415494
-0.062612057
0.060803299
-0.018280137
0.020506352
-0.078130872
0.075667983
-0.032165048
0.034939364
-0.078931821
0.076344857
-0.03698127
0.039782003
-0.074482512
0.071982291
-0.037557917
0.040200406
-0.073893388
0.071506811
-0.033007074
0.0356299
-0.079449725
0.076743673
-0.041840448
0.04465778
-0.079672063
0.076852244
-0.046724509
0.049548792
-0.074828251
0.072118689
-0.046731084
0.049385097
-0.074797795
0.072190737
-0.04213807
0.044791095
-0.070316456
0.067806161
-0.042252942
0.044743475
-0.070174637
0.067573857
-0.046567082
0.049054463
-0.065706034
0.063210123
-0.04624351
0.048569355
-0.066004082
0.063592701
-0.042197259
0.044536997
-0.069788307
0.067479445
-0.033645861
0.036121182
-0.070185252
0.067771481
-0.037940696
0.040427499
-0.066038328
0.063715062
-0.038143557
0.04048482
-0.065818136
0.063589237
-0.034097408
0.036432061
-0.061987007
0.059833914
-0.034381193
0.036575163
-0.062047878
0.059809112
-0.038188982
0.040382447
-0.058210915
0.056060201
-0.038086016
0.040143179
-0.058295026
0.056221039
-0.034508775
0.036569672
-0.061864854
0.059544701
-0.041996056
0.04417903
-0.061427734
0.05903422
-0.045783722
0.04795223
-0.057328273
0.055043034
-0.045192293
0.047219011
-0.057890911
0.05566951
-0.041652449
0.043696739
-0.054083029
0.051959978
-0.041186894
0.043098878
-0.053409804
0.051230181
-0.044491352
0.046380163
-0.049671422
0.047593353
-0.043693099
0.045448946
-0.050441173
0.048413591
-0.040614626
0.042397211
-0.054738411
0.052747699
-0.034494013
0.036431929
-0.054524028
0.052464334
-0.037849863
0.039778983
-0.050989428
0.049017854
-0.037496755
0.039300897
-0.051321222
0.049411699
-0.034353223
0.036170364
-0.059495607
0.057731845
-0.019412593
0.021526998
-0.060435019
0.05856772
-0.023088545
0.025233342
-0.057223393
0.055412634
-0.023848487
0.025879815
-0.056457948
0.054741972
-0.020363349
0.02237004
-0.061171554
0.059203264
-0.0268181
0.028985498
-0.061691888
0.059628882
-0.030586302
0.032770698
-0.058152698
0.056161053
-0.030934675
0.03299221
-0.057792582
0.055888702
-0.027376938
0.029424407
-0.054522027
0.052685416
-0.027779663
0.029713197
-0.054735138
0.052818675
-0.03113285
0.033071955
-0.051443687
0.049600863
-0.031197185
0.033019961
-0.051364537
0.049593698
-0.028041424
0.029862751
-0.053502566
0.051835594
-0.021147695
0.023048567
-0.054107654
0.052354755
-0.024447001
0.026368277
-0.051091273
0.049395829
-0.024897912
0.026710831
-0.050633145
0.049016373
-0.021778017
0.023575887
-0.047851554
0.046286358
-0.022266784
0.02396515
-0.048175472
0.046538022
-0.025212754
0.026921492
-0.045361062
0.043782511
-0.025403765
0.027012106
-0.045159733
0.043647031
-0.022625961
0.024228359
-0.048320313
0.046614456
-0.028174477
0.029887248
-0.048278001
0.046507729
-0.031140595
0.03285054
-0.045238185
0.043539718
-0.030973295
0.032574973
-0.045389502
0.043749203
-0.028190203
0.029797956
-0.042571919
0.0409967
-0.028098799
0.029606332
-0.042322086
0.040694914
-0.030707072
0.032204626
-0.039529926
0.037973272
-0.030351901
0.031750126
-0.039867214
0.038356879
-0.027912359
0.029323364
-0.042559122
0.04109932
-0.02286591
0.024375427
-0.042648535
0.041129253
-0.025481388
0.026992853
-0.040038686
0.038578476
-0.025457658
0.026875958
-0.040050428
0.038644099
-0.022998484
0.024418494
-0.04804262
0.046212041
-0.034099405
0.035800062
-0.047605984
0.045720738
-0.037039241
0.038722813
-0.044371888
0.042571284
-0.036487575
0.038055975
-0.044900554
0.043148879
-0.033743573
0.035331967
-0.046963046
0.045028108
-0.039946508
0.041605746
-0.046107895
0.044129509
-0.042810124
0.044438934
-0.042716764
0.04083508
-0.041852238
0.043360409
-0.043644998
0.041801126
-0.039194669
0.040735546
-0.040484233
0.038729404
-0.038368331
0.039797006
-0.039492372
0.037705111
-0.040830503
0.042224063
-0.036430702
0.034736288
-0.039756221
0.041041256
-0.037477232
0.03580933
-0.03747981
0.03880144
-0.041894914
0.040220173
-0.033295277
0.034776869
-0.041283776
0.039566576
-0.035852722
0.037311227
-0.038339698
0.036704201
-0.035146397
0.036499689
-0.039022559
0.037423996
-0.03276686
0.034146015
-0.036281639
0.034758095
-0.032167915
0.033449036
-0.035536441
0.033980681
-0.034377373
0.035631377
-0.032870375
0.031391576
-0.033554934
0.034715225
-0.03366968
0.032219145
-0.031506349
0.032694806
-0.034619676
0.033036101
-0.036537404
0.037759258
-0.03352829
0.031924801
-0.038638431
0.03981989
-0.030783034
0.029265045
-0.037483801
0.038567904
-0.031907513
0.030407521
-0.035551236
0.036674763
-0.029339595
0.0279194
-0.034526337
0.035559534
-0.028185132
0.026752102
-0.036300504
0.037292364
-0.025732283
0.024381909
-0.03509653
0.036001044
-0.026908827
0.02556698
-0.033471627
0.034418745
-0.031183548
0.029803954
-0.030793159
0.031893427
-0.030337734
0.02893647
-0.032687613
0.033757059
-0.027936572
0.026609288
-0.031780611
0.032764998
-0.0288206
0.02751165
-0.030033276
0.031049185
-0.0376344
0.036281642
-0.023032768
0.024366372
-0.037531113
0.036129765
-0.02534146
0.026670357
-0.035125623
0.033782865
-0.025141927
0.026384935
-0.03531089
0.034011343
-0.022978037
0.024228785
-0.03727506
0.035828699
-0.027640022
0.028958681
-0.036859545
0.035372402
-0.029918599
0.031221649
-0.034309218
0.032890945
-0.029415197
0.030627202
-0.034793529
0.033410641
-0.027290829
0.028520937
-0.032421352
0.031101357
-0.026874128
0.028020079
-0.031876866
0.030525391
-0.028851553
0.029977697
-0.029559334
0.028273511
-0.028235354
0.02927874
-0.030156954
0.02889872
-0.026397417
0.027463327
-0.033079947
0.031834131
-0.022843393
0.024014346
-0.032821263
0.031536457
-0.024868055
0.026029236
-0.030615949
0.029388652
-0.024528152
0.025611124
-0.030940686
0.029747709
-0.022636337
0.023731333
-0.039840809
0.038937162
-0.00043493071
0.0018560937
-0.041284779
0.040293912
-0.0029152702
0.0043869676
-0.039571421
0.038590177
-0.004219848
0.0056299967
-0.0382767
0.037377082
-0.0018385369
0.0032035814
-0.042620535
0.041543073
-0.0054821438
0.0070005284
-0.043839526
0.042676388
-0.0081279877
0.0096887338
-0.041831979
0.040690282
-0.0092060303
0.010695077
-0.040759595
0.039697718
-0.0066776967
0.0081293809
-0.038925922
0.037881896
-0.0077336835
0.0091197219
-0.039862169
0.038744231
-0.010145903
0.011564493
-0.037933989
0.036841115
-0.010958
0.012307126
-0.037124212
0.036100199
-0.0086591983
0.0099803726
-0.03672056
0.035827938
-0.0031009673
0.0044099403
-0.037876009
0.036907329
-0.0053829331
0.0067323217
-0.036202821
0.035248987
-0.0064143332
0.0077036017
-0.035177736
0.034294877
-0.0042300222
0.0054835355
-0.04493156
0.043683979
-0.010845838
0.012444603
-0.045888099
0.044557518
-0.01362754
0.015258905
-0.043595555
0.042298577
-0.014443301
0.015992909
-0.042780178
0.041560313
-0.011797058
0.013318929
-0.046699382
0.045287977
-0.016464497
0.018123743
-0.04735677
0.04586706
-0.019347458
0.021029183
-0.044793426
0.043349707
-0.019866972
0.021457126
-0.044269508
0.042897801
-0.017136368
0.018708557
-0.041908539
0.040577908
-0.017679435
0.019167492
-0.042310089
0.040913436
-0.020262295
0.021763484
-0.039908652
0.038559673
-0.02054455
0.021960233
-0.039619036
0.038330745
-0.018104903
0.019511323
-0.040676521
0.039486236
-0.012612719
0.014059782
-0.041361343
0.040100051
-0.015126346
0.016596488
-0.0391884
0.037963813
-0.015688105
0.017080849
-0.038624525
0.037465015
-0.013303215
0.014676796
-0.036626273
0.035498896
-0.013878128
0.01518001
-0.037079196
0.035892064
-0.016137364
0.017454747
-0.035035029
0.033886047
-0.016483535
0.017727801
-0.034684121
0.033590257
-0.01434573
0.015578272
-0.037402765
0.036157091
-0.018422207
0.019749447
-0.037589706
0.036288844
-0.020723508
0.022056311
-0.035354257
0.03410175
-0.02080806
0.022061019
-0.035260689
0.034058261
-0.018640506
0.019891156
-0.033193663
0.032035047
-0.018769121
0.019945974
-0.033202613
0.031998909
-0.02080771
0.021983814
-0.031134718
0.029979518
-0.020729326
0.02183182
-0.031202143
0.030087628
-0.018815271
0.019920866
-0.0327996
0.031740593
-0.014715272
0.015880855
-0.033057496
0.031947489
-0.016735505
0.017909021
-0.031147303
0.030076657
-0.016901037
0.01800612
-0.030974881
0.029950988
-0.014994592
0.016095075
-0.033652676
0.032781881
-0.0052350293
0.0064333554
-0.034556477
0.033619351
-0.0073225286
0.0085526301
-0.032940017
0.032021561
-0.0081163822
0.0092881752
-0.032149312
0.031292698
-0.0061234991
0.0072679211
-0.03535792
0.034355826
-0.0094634864
0.010721253
-0.036050562
0.034984467
-0.011650973
0.012932461
-0.034214179
0.033176282
-0.01223411
0.013449751
-0.033630342
0.032651736
-0.010154934
0.01135092
-0.031943721
0.03099006
-0.010742814
0.011878218
-0.032427479
0.031418892
-0.012715783
0.013867538
-0.030691677
0.02971476
-0.013104051
0.014194344
-0.030300754
0.029373303
-0.011233815
0.012310428
-0.030671001
0.029830571
-0.0069039688
0.0079952834
-0.031356778
0.03045846
-0.0088034397
0.0099184413
-0.029808834
0.028933151
-0.0093919149
0.010451843
-0.029221241
0.028398784
-0.0075838341
0.0086230575
-0.023962563
0.02393379
-0.037862191
0.037044765
-0.021637326
0.021659621
-0.03644607
0.035628735
-0.021657863
0.021631783
-0.034220447
0.033481607
-0.023894405
0.023816879
-0.035495674
0.03476034
-0.019454951
0.01952386
-0.035031132
0.034216357
-0.017410448
0.017520863
-0.033621826
0.032812746
-0.017583907
0.017645923
-0.03166162
0.030924971
-0.019556165
0.019576184
-0.032940557
0.032201623
-0.019574727
0.019550875
-0.030928997
0.030260946
-0.017675147
0.017693237
-0.02977218
0.029104255
-0.017691927
0.017670422
-0.027954117
0.027350309
-0.019519143
0.019455315
-0.028995987
0.028394714
-0.023743795
0.023622965
-0.033225267
0.032566268
-0.021596156
0.021525897
-0.032081525
0.031416725
-0.021460026
0.021350529
-0.030029514
0.029433699
-0.023519718
0.023359644
-0.031049416
0.030462514
-0.015497868
0.015645797
-0.032223333
0.031422246
-0.013711873
0.013892696
-0.030839531
0.030048862
-0.014007215
0.014140928
-0.029123634
0.028399748
-0.015735941
0.015835594
-0.030387711
0.029656572
-0.012046709
0.012256808
-0.029474522
0.028695752
-0.010496834
0.010732471
-0.028131039
0.027366114
-0.010887834
0.011077556
-0.026639496
0.025935535
-0.012392926
0.012556506
-0.027872965
0.027158793
-0.012659932
0.012780576
-0.02632281
0.025668252
-0.011201014
0.01134869
-0.025192679
0.024546328
-0.011442037
0.011550599
-0.023791102
0.023198731
-0.012854152
0.012935804
-0.024823248
0.024226316
-0.015892502
0.015948779
-0.028616211
0.027950478
-0.01422261
0.01431252
-0.027465011
0.026804038
-0.014363748
0.014414677
-0.025863639
0.025262332
-0.015975034
0.015991491
-0.026908386
0.026304957
-0.015990373
0.015970234
-0.025265662
0.024719479
-0.014438609
0.014452646
-0.024320937
0.023774424
-0.014452694
0.01443423
-0.022835727
0.022341834
-0.015945104
0.015892316
-0.02368672
0.023194926
-0.012982598
0.013027323
-0.023377041
0.022831722
-0.011618478
0.011690756
-0.022436822
0.021894862
-0.011733702
0.011774559
-0.021128264
0.02063581
-0.013049977
0.013062594
-0.021981692
0.021487761
-0.013061942
0.013045943
-0.020639009
0.020193295
-0.011794283
0.011806308
-0.019867279
0.01942099
-0.011805428
0.011791053
-0.018653961
0.01825073
-0.013024511
0.012982276
-0.019348922
0.018947978
-0.015844235
0.015763151
-0.022171111
0.021731305
-0.014411077
0.014363982
-0.021408111
0.020964465
-0.014319964
0.014246963
-0.020038587
0.0196413
-0.015694362
0.015587543
-0.020719203
0.020327617
-0.023229592
0.023035276
-0.02896794
0.028447718
-0.021257478
0.021112535
-0.028063017
0.027532098
-0.020995266
0.020819518
-0.026181445
0.025711305
-0.022881311
0.022656246
-0.02697845
0.026521344
-0.019396289
0.019296707
-0.027141366
0.026602211
-0.017641793
0.017583646
-0.026207144
0.025663372
-0.017530794
0.017440534
-0.024530996
0.024043553
-0.019213269
0.019081797
-0.025363923
0.02488389
-0.018975845
0.018816962
-0.023663191
0.023238316
-0.017364918
0.017246409
-0.022924088
0.022490566
-0.017150427
0.01700684
-0.021387167
0.021003304
-0.018691168
0.018507303
-0.022038163
0.021664753
-0.022481261
0.022229691
-0.025080685
0.024681453
-0.020680291
0.020476888
-0.024383445
0.023970369
-0.02031871
0.02009129
-0.02266812
0.022307349
-0.022036434
0.021761159
-0.023271729
0.022926885
-0.021551948
0.021257027
-0.021550836
0.021255904
-0.019916525
0.019667809
-0.021033429
0.020721751
-0.01947887
0.019212302
-0.019478218
0.019211632
-0.02103452
0.020722424
-0.019915362
0.01966702
-0.018364236
0.018158746
-0.020488001
0.02016185
-0.016893149
0.016726988
-0.01991851
0.019580971
-0.016597794
0.01641195
-0.018517588
0.018222891
-0.018000922
0.01777615
-0.019010661
0.018728887
-0.017605432
0.01736446
-0.017605328
0.017364382
-0.01626935
0.016066375
-0.017182668
0.016927849
-0.01591205
0.015694264
-0.015912124
0.015694418
-0.017182717
0.016927883
-0.016269356
0.016066402
-0.020488476
0.020162364
-0.018363659
0.018158159
-0.019011281
0.018729277
-0.018000451
0.017775959
-0.018517859
0.01822311
-0.016597697
0.016411953
-0.019918983
0.019581253
-0.016892762
0.016726812
-0.015500755
0.015371026
-0.019330144
0.018983265
-0.014184796
0.014088304
-0.01872644
0.018372535
-0.014009784
0.013892526
-0.017471116
0.017157546
-0.015268232
0.015118104
-0.018003057
0.017697875
-0.012942545
0.012876619
-0.018111284
0.017752165
-0.011771923
0.011733709
-0.01748813
0.017125239
-0.011697753
0.011638074
-0.016369527
0.01604443
-0.012820338
0.012733179
-0.016925414
0.016605391
-0.012662253
0.012556288
-0.015790931
0.015507456
-0.011587337
0.011508576
-0.015297856
0.015008058
-0.0114446
0.011348723
-0.014272194
0.014015519
-0.01247236
0.012349749
-0.014706677
0.014457246
-0.015001414
0.0148334
-0.016736858
0.01647052
-0.013799695
0.013664066
-0.01627179
0.015995908
-0.013558572
0.013406732
-0.015127105
0.014886336
-0.014704477
0.014521025
-0.015530131
0.015299798
-0.014381584
0.014184762
-0.01438159
0.014184775
-0.013290204
0.013124371
-0.014036278
0.013828136
-0.012998315
0.012820455
-0.012998298
0.012820406
-0.01403627
0.013828124
-0.013290218
0.01312437
-0.012254457
0.012117284
-0.013672046
0.013454375
-0.011272922
0.011161972
-0.013292208
0.013066402
-0.011075859
0.010951769
-0.012357213
0.012160049
-0.012011966
0.01186207
-0.012686217
0.012498084
-0.011748143
0.011587319
-0.011748161
0.01158735
-0.01085668
0.010721105
-0.011466221
0.011295693
-0.010618366
0.01047251
-0.010618376
0.010472483
-0.011466215
0.011295702
-0.010856689
0.010721107
-0.013672049
0.013454392
-0.012254433
0.012117235
-0.012686258
0.012498074
-0.01201191
0.011862064
-0.012357208
0.012160037
-0.011075896
0.010951781
-0.013292243
0.013066421
-0.011272921
0.011161993
-0.019330307
0.018983366
-0.015500565
0.0153709
-0.01800318
0.017697945
-0.015268155
0.015118133
-0.017471121
0.017157575
-0.014009821
0.013892608
-0.018726505
0.018372558
-0.014184757
0.014088333
-0.016736829
0.016470441
-0.015001484
0.0148335
-0.01552995
0.015299688
-0.014704567
0.014521062
-0.015127019
0.014886296
-0.013558596
0.01340675
-0.016271679
0.015995813
-0.013799768
0.013664108
-0.015790855
0.015507382
-0.012662291
0.012556286
-0.014706643
0.014457208
-0.012472344
0.012349736
-0.014272166
0.014015521
-0.011444595
0.011348706
-0.015297813
0.015008068
-0.011587378
0.011508603
-0.018111285
0.017752125
-0.012942619
0.012876706
-0.016925402
0.016605374
-0.012820401
0.012733236
-0.016369531
0.016044454
-0.011697785
0.011638104
-0.017488117
0.017125249
-0.011771984
0.01173376
-0.037862255
0.037044966
-0.0239624
0.023933464
-0.035495831
0.034760489
-0.023893945
0.023816374
-0.034220752
0.033482178
-0.021657207
0.021630819
-0.036446294
0.035628925
-0.021636788
0.021659146
-0.033225494
0.032566808
-0.02374308
0.02362194
-0.031050138
0.030463103
-0.02351855
0.023358617
-0.030030273
0.029434908
-0.021458744
0.021348791
-0.032082131
0.031417254
-0.021595052
0.02152486
-0.030929762
0.030262083
-0.019573427
0.019549171
-0.028997381
0.028395739
-0.01951733
0.019453846
-0.027955105
0.027351739
-0.017690307
0.017668467
-0.029773425
0.029105246
-0.017673311
0.017691746
-0.035031406
0.034216895
-0.019454272
0.019522816
-0.032941236
0.032202157
-0.019554996
0.019575074
-0.031662384
0.030926115
-0.017582489
0.017644175
-0.033622435
0.032813345
-0.017409203
0.017519622
-0.028968889
0.028449139
-0.023228361
0.023033569
-0.026980039
0.026522467
-0.022879498
0.022654873
-0.026182635
0.025712909
-0.020993773
0.020817545
-0.02806448
0.027533181
-0.021255687
0.021111119
-0.025081959
0.024683136
-0.022479897
0.022227889
-0.023273427
0.022927954
-0.022034619
0.02175997
-0.022669068
0.022308355
-0.020317505
0.020089969
-0.024385142
0.023971382
-0.02067835
0.020475552
-0.023664084
0.023239297
-0.018974781
0.018815799
-0.022039116
0.021665343
-0.018690063
0.018506554
-0.02138762
0.021003712
-0.017149874
0.01700638
-0.022925111
0.022491253
-0.017363842
0.017245723
-0.027142539
0.026603873
-0.019394834
0.019294793
-0.025365617
0.024884938
-0.019211406
0.019080573
-0.024531863
0.024044494
-0.017529608
0.017439362
-0.02620872
0.025664387
-0.017639834
0.01758236
-0.025266441
0.02472024
-0.015989075
0.015969031
-0.023687506
0.02319539
-0.015943974
0.015891582
-0.02283602
0.022342161
-0.014452055
0.014433676
-0.024321639
0.02377486
-0.014437524
0.014451929
-0.022171531
0.021731707
-0.015843706
0.01576263
-0.020719494
0.020327739
-0.015693886
0.015587276
-0.020038656
0.019641387
-0.014319816
0.014246895
-0.02140849
0.020964596
-0.014410603
0.014363763
-0.020639066
0.02019328
-0.013061862
0.013045907
-0.019348941
0.018947961
-0.013024499
0.012982303
-0.018653944
0.018250735
-0.011805477
0.011791104
-0.019867286
0.019421016
-0.011794335
0.011806358
-0.023377248
0.022831881
-0.012982028
0.01302688
-0.021981963
0.021487871
-0.013049605
0.013062431
-0.021128299
0.020635818
-0.011733662
0.011774578
-0.022436928
0.021894902
-0.01161823
0.011690664
-0.032223933
0.031423184
-0.015496256
0.015643892
-0.030388899
0.029657433
-0.015733964
0.015833946
-0.029124478
0.028400857
-0.014005241
0.014138616
-0.030840557
0.030049561
-0.013709668
0.013890789
-0.028617191
0.027951862
-0.015890854
0.01594672
-0.026909819
0.026305789
-0.015972944
0.01599008
-0.025864263
0.025262979
-0.014362441
0.01441342
-0.027466356
0.026804689
-0.014220418
0.014311004
-0.026323187
0.025668505
-0.012658479
0.012779286
-0.024823739
0.024226489
-0.012853054
0.012935058
-0.023791108
0.023198696
-0.01144152
0.011550255
-0.025192888
0.024546273
-0.011200029
0.011348043
-0.02947509
0.028696526
-0.012044297
0.012254223
-0.027874064
0.027159132
-0.012390517
0.012554788
-0.026639524
0.025935325
-0.010886204
0.011076258
-0.028131799
0.027366023
-0.010494023
0.010730439
-0.00043512987
0.001856329
-0.039840821
0.038937128
-0.0018391203
0.0032041134
-0.038276751
0.037377094
-0.004220305
0.0056305613
-0.039571351
0.038590007
-0.0029154207
0.0043871536
-0.041284622
0.040293813
-0.003101859
0.0044108486
-0.036720565
0.035827925
-0.0042316064
0.005484903
-0.035177601
0.034294848
-0.0064155932
0.0077050217
-0.036202646
0.035248656
-0.0053840575
0.0067333561
-0.037875675
0.036907048
-0.0077346845
0.0091207916
-0.038925601
0.037881425
-0.0086610375
0.0099821577
-0.037123393
0.036099498
-0.01095946
0.012308737
-0.037933175
0.036840233
-0.010147297
0.011565772
-0.039861126
0.03874323
-0.0054823386
0.0070007752
-0.042620286
0.04154277
-0.0066784666
0.0081301138
-0.040759149
0.039697274
-0.0092066794
0.010695901
-0.041831349
0.04068941
-0.0081281369
0.0096889315
-0.043838778
0.042675642
-0.0052366447
0.0064351659
-0.033652731
0.032781834
-0.0061261074
0.0072703515
-0.032149032
0.031292519
-0.0081184881
0.0092903298
-0.032939747
0.032021232
-0.0073247178
0.0085545891
-0.034555742
0.033618806
-0.0069063619
0.0079978718
-0.030671053
0.029830564
-0.0075870139
0.0086256526
-0.029221071
0.028399109
-0.0093939759
0.010453613
-0.02980895
0.028933676
-0.0088063236
0.0099208605
-0.031356077
0.030458194
-0.010744744
0.01187981
-0.031943435
0.030989968
-0.011235483
0.012311529
-0.030300646
0.029373468
-0.013104808
0.014194829
-0.030691512
0.029715011
-0.012717457
0.013868859
-0.032426792
0.031418448
-0.0094651666
0.010723071
-0.035357506
0.034355264
-0.010157521
0.011353192
-0.033629346
0.032651004
-0.012235917
0.013451485
-0.034213522
0.033175788
-0.011653235
0.012934495
-0.036049176
0.03498336
-0.013879613
0.015181332
-0.03662522
0.035498008
-0.014347525
0.015579738
-0.034683048
0.033589429
-0.016484567
0.017728539
-0.035034297
0.033885644
-0.016138867
0.017456165
-0.037077921
0.035891081
-0.01471615
0.015881412
-0.03279922
0.031740418
-0.01499495
0.016095179
-0.030974761
0.029951015
-0.016900958
0.018005913
-0.031147152
0.030076744
-0.016736097
0.01790929
-0.033056984
0.031947195
-0.018769229
0.019945834
-0.033193603
0.032035122
-0.018815087
0.019920673
-0.03120229
0.03008778
-0.020729285
0.021831919
-0.031134917
0.029979868
-0.020807593
0.021983558
-0.033203013
0.031999365
-0.018423355
0.01975022
-0.037402027
0.036156745
-0.018641252
0.019891659
-0.03526025
0.034058062
-0.02080851
0.022061282
-0.035354441
0.034102313
-0.020724293
0.02205681
-0.037589457
0.036289046
-0.010845994
0.012444818
-0.044930425
0.043682749
-0.011798238
0.013320042
-0.042778686
0.041558879
-0.014444142
0.01599362
-0.043594131
0.042297138
-0.013627799
0.015259166
-0.045886141
0.044555786
-0.012613826
0.014060941
-0.04067541
0.039485086
-0.013305328
0.014678612
-0.038622843
0.03746364
-0.01568951
0.01708214
-0.039187142
0.037962772
-0.015128136
0.016598156
-0.041359523
0.040098454
-0.017680748
0.019168415
-0.041907299
0.040577049
-0.018106432
0.019512553
-0.039617959
0.038329945
-0.020545697
0.021961018
-0.039908091
0.03855958
-0.020263471
0.02176444
-0.042309227
0.040912927
-0.016464461
0.018123378
-0.04669715
0.045286225
-0.017137539
0.018709482
-0.044267592
0.042896132
-0.019867641
0.021457236
-0.044792063
0.043348957
-0.019347189
0.021028775
-0.047354665
0.045865443
-0.022266354
0.023964694
-0.047849434
0.04628449
-0.02262655
0.024228659
-0.045157841
0.043645461
-0.025403793
0.027011937
-0.045358857
0.043780084
-0.025212232
0.026920989
-0.048172975
0.046535309
-0.022866811
0.024375695
-0.042557817
0.041098683
-0.022999528
0.024418914
-0.040049689
0.038643934
-0.025457562
0.026875373
-0.040036991
0.038577156
-0.025481684
0.026992604
-0.042646034
0.041127002
-0.028098634
0.029606275
-0.042571209
0.040995661
-0.027911871
0.029322973
-0.039866332
0.038355994
-0.030351654
0.031750216
-0.039530186
0.037973694
-0.030707042
0.032204653
-0.042322344
0.040695505
-0.028174194
0.029887511
-0.048319697
0.046613292
-0.028190493
0.029798528
-0.045388882
0.043748342
-0.030973928
0.032575827
-0.045238226
0.043539806
-0.031140693
0.032850848
-0.048278068
0.0465079
-0.023033064
0.024366509
-0.037634301
0.036281756
-0.022978368
0.024228873
-0.035310841
0.034011549
-0.02514177
0.026384772
-0.035124511
0.033781636
-0.025341516
0.02667024
-0.037529698
0.036128371
-0.022843365
0.024014334
-0.033080024
0.031834077
-0.022636605
0.023731339
-0.030940442
0.029747741
-0.024527932
0.025610327
-0.03061506
0.029388248
-0.024868209
0.026028957
-0.03281991
0.031535089
-0.026873706
0.028019487
-0.032421295
0.031101323
-0.026396339
0.027462426
-0.030157675
0.028898964
-0.028235165
0.029279128
-0.029559669
0.028274049
-0.028850834
0.029976672
-0.031877246
0.030526075
-0.027639715
0.028958315
-0.037274348
0.035828019
-0.027290857
0.028521274
-0.034793342
0.033410266
-0.029415418
0.030627355
-0.034309521
0.032891544
-0.029918222
0.031221717
-0.036859736
0.035372757
-0.032167621
0.033448702
-0.036282012
0.03475862
-0.031506171
0.032694568
-0.033670123
0.032219515
-0.033554234
0.034714428
-0.032870565
0.031391976
-0.034377269
0.035631299
-0.03553672
0.033980816
-0.030792176
0.031893088
-0.031184265
0.029803882
-0.03003339
0.031049371
-0.028820195
0.027511736
-0.031780678
0.032765794
-0.027937446
0.026609955
-0.032687617
0.033757098
-0.030338276
0.02893738
-0.034526074
0.035559313
-0.029339725
0.027919292
-0.033472741
0.03441948
-0.02690852
0.02556692
-0.035096907
0.036001313
-0.025732204
0.024381794
-0.036300788
0.037292731
-0.028184246
0.026751248
-0.036537453
0.03775845
-0.034619362
0.033036409
-0.03555022
0.03667402
-0.03190806
0.030407778
-0.03748347
0.03856777
-0.030782273
0.029264138
-0.038637479
0.039819941
-0.033528622
0.031924597
-0.03409958
0.035800142
-0.04804226
0.046211747
-0.033743793
0.035331953
-0.044900502
0.043149005
-0.03648752
0.038055917
-0.044372256
0.042571788
-0.0370394
0.038723097
-0.047606567
0.045721081
-0.033295059
0.034776531
-0.041895176
0.040220373
-0.032766713
0.034145824
-0.039022784
0.037424329
-0.035146068
0.0364995
-0.038339989
0.036704692
-0.035852846
0.037311533
-0.04128433
0.039566909
-0.03836866
0.039796992
-0.040484818
0.038730049
-0.037479354
0.038801351
-0.037477842
0.035809187
-0.039756624
0.041041882
-0.036430989
0.034736818
-0.04083082
0.042224538
-0.039492715
0.037705254
-0.039946857
0.041605681
-0.046963588
0.045028763
-0.039194368
0.040735418
-0.043645942
0.041801696
-0.041852491
0.043360683
-0.042717035
0.040835255
-0.042810071
0.044439153
-0.046108512
0.044129892
-0.013648392
0.01622475
-0.072384371
0.070458516
-0.015413708
0.017871261
-0.069061611
0.067171759
-0.019691116
0.022201812
-0.070613554
0.068594676
-0.018134937
0.020773703
-0.074173713
0.072108315
-0.016952231
0.019292393
-0.065802311
0.063951883
-0.018279386
0.020505892
-0.062612252
0.060803215
-0.022151688
0.024414964
-0.063739584
0.061819332
-0.02102397
0.023410093
-0.067134281
0.065162724
-0.025173452
0.027596619
-0.068250837
0.066162385
-0.026087571
0.028381444
-0.064658758
0.062629158
-0.030073856
0.032391987
-0.065354663
0.063223603
-0.029384984
0.031838922
-0.069139648
0.066938944
-0.022726394
0.025418895
-0.075737695
0.073535599
-0.024058369
0.026614725
-0.071945444
0.069799131
-0.028502469
0.031095607
-0.073043524
0.070774717
-0.027407991
0.030145894
-0.077061525
0.074726559
-0.019411542
0.021525744
-0.059495357
0.057731765
-0.020361787
0.022369229
-0.056457648
0.054741079
-0.023848002
0.025879616
-0.057222971
0.055411802
-0.023087439
0.025232527
-0.060435107
0.058567228
-0.021145848
0.023047267
-0.053501021
0.051833572
-0.021776341
0.023574438
-0.050630745
0.049013972
-0.024896698
0.026710454
-0.051089363
0.049392981
-0.024446347
0.026367992
-0.054106667
0.052353127
-0.027779507
0.029713651
-0.054522258
0.052685124
-0.028041535
0.029863528
-0.05136439
0.049593019
-0.031197828
0.033021012
-0.051443679
0.049600738
-0.031133282
0.033072504
-0.054735089
0.052818648
-0.026817402
0.028984626
-0.061171651
0.059203302
-0.027376936
0.029424856
-0.057793084
0.055888798
-0.030935148
0.032992638
-0.058152646
0.056160892
-0.030585658
0.032770551
-0.061692432
0.059628752
-0.034381153
0.036574813
-0.0619869
0.059833631
-0.03450912
0.036570084
-0.058294977
0.056220794
-0.038086344
0.040143686
-0.058210874
0.056059844
-0.038189125
0.040382628
-0.062047859
0.05980879
-0.03449438
0.036432599
-0.054738476
0.052747288
-0.034353841
0.036171006
-0.051320678
0.049411148
-0.037497243
0.039301611
-0.050989655
0.049018185
-0.037850868
0.039779718
-0.05452382
0.052464209
-0.041187672
0.043099289
-0.054083263
0.051960137
-0.04061485
0.042397418
-0.050441643
0.048414016
-0.043693309
0.045449419
-0.049671862
0.047593821
-0.044491869
0.046380651
-0.053410365
0.051230584
-0.041996547
0.044179069
-0.061864681
0.059544534
-0.041653033
0.04369714
-0.057891122
0.055669494
-0.045192808
0.047219314
-0.057328161
0.055043146
-0.045784104
0.047952363
-0.061427551
0.059033965
-0.032164675
0.034938866
-0.078130956
0.075668427
-0.033006668
0.03562977
-0.073893796
0.071506558
-0.037557567
0.040199661
-0.074482851
0.071982643
-0.036980797
0.039781823
-0.078931646
0.07634485
-0.033645502
0.036120509
-0.069788559
0.067479923
-0.034096333
0.036431443
-0.065818352
0.063588953
-0.038143092
0.040484722
-0.06603839
0.06371531
-0.03794003
0.04042736
-0.070185763
0.067771607
-0.042252794
0.044743123
-0.070316407
0.067806022
-0.042196982
0.044537138
-0.066004221
0.063592562
-0.04624348
0.048569709
-0.06570534
0.063209575
-0.046566989
0.04905447
-0.070174678
0.067573275
-0.041840104
0.044657249
-0.079450115
0.07674471
-0.042137389
0.04479103
-0.074798228
0.072190833
-0.046730958
0.049385322
-0.074828231
0.072118627
-0.046724243
0.049548951
-0.079672889
0.076852283
0.065305168
-0.067705219
-0.013077537
0.01579854
0.0642741
-0.066635691
-0.017816731
0.020606108
0.068419362
-0.070933065
-0.018965385
0.021934936
0.069517671
-0.072072096
-0.013920872
0.016817588
0.062945086
-0.065257728
-0.022670848
0.025520498
0.061313795
-0.063566656
-0.027626136
0.030527484
0.065269243
-0.067666505
-0.029407486
0.032496797
0.067005202
-0.069466428
-0.024132642
0.027166861
0.071326812
-0.073946259
-0.025688797
0.028919323
0.069478636
-0.072030619
-0.031304252
0.03459274
0.073959398
-0.076675525
-0.033322812
0.036823434
0.075927753
-0.07871512
-0.027345136
0.030784942
0.074001144
-0.07672017
-0.01481821
0.01790179
0.072831952
-0.075507322
-0.02018822
0.02334993
0.077529245
-0.080376709
-0.021490059
0.024856273
0.078774183
-0.081668353
-0.015774062
0.019056576
0.059374539
-0.061556522
-0.032667278
0.035609798
0.057122602
-0.059221658
-0.037776573
0.04075103
0.060806777
-0.063040924
-0.040213564
0.043379013
0.063204475
-0.065526332
-0.034774254
0.037906582
0.054554715
-0.05655906
-0.042936473
0.045932033
0.051668343
-0.053565239
-0.04812874
0.051131937
0.054998742
-0.057019782
-0.05123465
0.05442927
0.058072221
-0.060207054
-0.04570726
0.048893574
0.061817711
-0.064088678
-0.048653588
0.05204828
0.058546666
-0.0606991
-0.054537619
0.057938117
0.062321224
-0.064609745
-0.058055159
0.061678043
0.065803869
-0.068222162
-0.05179284
0.0554033
0.067280705
-0.069752426
-0.037016457
0.040351849
0.064729645
-0.06710634
-0.04280613
0.046177871
0.068902703
-0.071434515
-0.045568303
0.049154924
0.071619584
-0.074251233
-0.039404564
0.042953895
0.076239627
-0.079036973
-0.041944131
0.045726222
0.073347953
-0.076038771
-0.048504215
0.052327839
0.078079762
-0.080943855
-0.051632136
0.055701813
0.08115842
-0.084135072
-0.044648736
0.048675841
0.070050451
-0.072618513
-0.055128238
0.058980943
0.066344066
-0.068776463
-0.061796062
0.065656882
0.070621087
-0.073213902
-0.065784016
0.069889823
0.074567974
-0.077304063
-0.058685816
0.062783883
0.079374827
-0.082290542
-0.062472634
0.06683103
0.075173397
-0.077936607
-0.070028152
0.074396146
0.080022099
-0.082963058
-0.07454446
0.079194522
0.084492964
-0.08759809
-0.066501793
0.071141463
0.086390141
-0.08956332
-0.047530456
0.051812877
0.083113634
-0.086166472
-0.054964711
0.059292606
0.08847239
-0.091723002
-0.05850951
0.063116083
0.091961208
-0.09533999
-0.050596317
0.055154145
0.083854437
-0.08693527
-0.016791046
0.020285399
0.08252959
-0.085560372
-0.022875747
0.026459686
0.087851757
-0.09107954
-0.024352141
0.028165552
0.089262449
-0.092542658
-0.017874783
0.02159349
0.080825275
-0.083791135
-0.029107983
0.03277136
0.078730536
-0.081619209
-0.03547141
0.039200814
0.083809331
-0.086884293
-0.037758447
0.041728795
0.08603859
-0.089196674
-0.030986344
0.034884415
0.091585221
-0.094950862
-0.032985961
0.03713287
0.089213024
-0.092489573
-0.040196627
0.04441861
0.094965241
-0.09845456
-0.042789099
0.047282359
0.097492018
-0.10107461
-0.035114596
0.03952775
0.095018709
-0.098510373
-0.019027446
0.022985903
0.093516896
-0.096954027
-0.025923018
0.029980937
0.099547944
-0.10320679
-0.027595176
0.031915798
0.10114679
-0.10486342
-0.020254857
0.024469222
0.10767029
-0.11162651
-0.021561047
0.026047146
0.10596906
-0.10986238
-0.029374527
0.033973068
0.11280303
-0.11694764
-0.031269004
0.036164286
0.11461448
-0.11882575
-0.022951586
0.027726582
0.10377938
-0.10759278
-0.037377752
0.042075959
0.10108989
-0.10480444
-0.045548625
0.050331749
0.10760968
-0.11156326
-0.048485101
0.053576224
0.11047307
-0.11453251
-0.039788304
0.044789742
0.11759726
-0.1219182
-0.042354368
0.047678296
0.11454891
-0.1187578
-0.0516122
0.057031954
0.12193743
-0.12641662
-0.054940242
0.060708321
0.1251812
-0.12978083
-0.045084718
0.050751402
0.12200651
-0.12648862
-0.024432442
0.029514991
0.12007761
-0.12448982
-0.033285576
0.038496948
0.12782167
-0.1325182
-0.035431517
0.040978441
0.12987457
-0.13464671
-0.026006993
0.031417553
0.097892011
-0.10148835
-0.053859584
0.058710274
0.094177862
-0.097638018
-0.062282553
0.067185525
0.10025193
-0.10393483
-0.066298625
0.071518156
0.10420455
-0.10803301
-0.057330852
0.062495063
0.089942588
-0.093247607
-0.070790664
0.075728591
0.085183317
-0.088314215
-0.079351563
0.084301016
0.090678818
-0.094009858
-0.084468472
0.089738559
0.095744361
-0.099262165
-0.075355336
0.080612525
0.10192006
-0.10566402
-0.080217283
0.085813296
0.096527103
-0.10007243
-0.089919176
0.095528515
0.10275054
-0.10652731
-0.095717394
0.10168672
0.1084939
-0.11247926
-0.085390088
0.091347091
0.11092559
-0.11500045
-0.061030318
0.066526444
0.10671764
-0.11063885
-0.07057655
0.076132647
0.1136019
-0.11777635
-0.075127655
0.081043885
0.11808046
-0.12241794
-0.064965475
0.070816624
0.12569651
-0.1303159
-0.069158217
0.07538832
0.12092905
-0.12537213
-0.079975103
0.086270723
0.12872779
-0.13345315
-0.085132662
0.09183089
0.13380322
-0.13871943
-0.073618933
0.080250538
0.11548914
-0.11973111
-0.090900149
0.097234966
0.10937567
-0.11339769
-0.10189209
0.10824621
0.11643549
-0.12071178
-0.10845874
0.11522505
0.12293585
-0.12745362
-0.096758106
0.10350932
0.13086698
-0.1356747
-0.10300032
0.11018269
0.12394274
-0.1284984
-0.11545769
0.12266019
0.13193475
-0.13678976
-0.12290478
0.13056949
0.13930654
-0.14443124
-0.10964595
0.11729187
0.14243273
-0.14766263
-0.078365601
0.08542314
0.13702575
-0.14206321
-0.090620203
0.097754141
0.14586229
-0.151228
-0.096470048
0.10406171
0.15161727
-0.15719211
-0.083415218
0.090931894
0.13825044
-0.14333008
-0.027684443
0.033443843
0.13606428
-0.14106395
-0.037715476
0.043620367
0.14484047
-0.15016297
-0.040149099
0.046435572
0.14716572
-0.15257327
-0.029468744
0.035600653
0.13325523
-0.13815113
-0.047992727
0.054025193
0.12980147
-0.13457082
-0.05848527
0.064626422
0.13817418
-0.14325264
-0.062258172
0.068796283
0.14184993
-0.14706197
-0.051089413
0.057511287
0.1509979
-0.15654828
-0.054385934
0.06122144
0.1470863
-0.15249242
-0.066275916
0.073233136
0.15657196
-0.16232769
-0.070545614
0.077952361
0.16073728
-0.16664865
-0.057894485
0.065167388
0.15665782
-0.16241524
-0.031370264
0.037897429
0.15418249
-0.15984967
-0.042739101
0.049430623
0.16412647
-0.17016228
-0.045498528
0.052619296
0.16676099
-0.17289274
-0.033394592
0.040342477
0.10538081
-0.10925294
0.031711064
-0.028509335
0.10705624
-0.11099015
0.026097649
-0.022708724
0.11396109
-0.11814873
0.027780796
-0.024173276
0.11217736
-0.11629916
0.033756307
-0.030348243
0.10837196
-0.11235432
0.020160439
-0.016588758
0.10930782
-0.11332462
0.013909213
-0.010161787
0.11635781
-0.12063354
0.014806287
-0.010817203
0.11536147
-0.11960063
0.021460766
-0.017658825
0.12280185
-0.12731422
0.022845076
-0.018797926
0.12386236
-0.12841365
0.015761428
-0.011515235
0.13185086
-0.13669585
0.016777995
-0.012257797
0.13072194
-0.1355254
0.024318547
-0.020010372
0.11941232
-0.12379968
0.035933456
-0.032305664
0.12131103
-0.12576855
0.029572837
-0.025732724
0.1291351
-0.13388026
0.031480199
-0.02739228
0.1271135
-0.13178413
0.038251238
-0.034389454
0.10984544
-0.11388201
0.0073562516
-0.0034411588
0.10996727
-0.114008
0.00051595405
0.0035579171
0.11705934
-0.12136072
0.00054958354
0.0037871488
0.11693019
-0.12122687
0.0078306532
-0.0036632822
0.10965531
-0.11368482
-0.0065952161
0.010818242
0.10889526
-0.11289626
-0.013961377
0.018321624
0.11591822
-0.12017729
-0.014861198
0.019502735
0.11672834
-0.12101719
-0.0070210792
0.011516056
0.12425627
-0.1288217
-0.0074734966
0.012258679
0.12339428
-0.12792785
-0.015820323
0.020761302
0.13135237
-0.13617839
-0.016839749
0.022098793
0.13227036
-0.13713033
-0.0079555739
0.013048788
0.12447152
-0.12904521
0.0083360775
-0.0038998004
0.12460962
-0.12918799
0.00058467912
0.0040315538
0.13264587
-0.13752021
0.00062283072
0.0042911363
0.13249955
-0.13736833
0.0088734308
-0.0041512989
0.14104506
-0.14622789
0.0094456949
-0.0044186072
0.1412014
-0.14638933
0.00066253684
0.0045681152
0.15030762
-0.15583052
0.00070598127
0.0048624785
0.15014184
-0.1556589
0.010054723
-0.0047037677
0.14080058
-0.14597396
-0.0084683404
0.013890385
0.13982334
-0.14496082
-0.017925999
0.023524888
0.14884075
-0.15430921
-0.019081081
0.02504076
0.1498816
-0.1553886
-0.0090145307
0.014786005
0.15954731
-0.16541005
-0.0095949697
0.015738942
0.15843941
-0.16426212
-0.020311257
0.026656037
0.16865836
-0.17485899
-0.021622371
0.028375586
0.1698368
-0.17608035
-0.010213619
0.016753877
0.15982494
-0.16569764
0.010703654
-0.0050075675
0.16000173
-0.16588095
0.0007518599
0.0051753986
0.17032012
-0.17658092
0.00080039004
0.0055086899
0.1701322
-0.17638573
0.011394412
-0.0053309381
0.13531211
-0.14028408
0.040717842
-0.036606977
0.13746379
-0.14251491
0.033510441
-0.029158809
0.14632962
-0.15170659
0.035671617
-0.031039134
0.14403917
-0.14933164
0.043343757
-0.038968257
0.13915307
-0.14426635
0.025886674
-0.021300547
0.14035478
-0.14551237
0.017859627
-0.013047963
0.14940711
-0.15489722
0.019011511
-0.013889502
0.14812781
-0.15357098
0.02755614
-0.022674041
0.15768136
-0.1634755
0.029333136
-0.024136511
0.15904323
-0.16488752
0.02023775
-0.014785625
0.16930006
-0.17552253
0.021543113
-0.015739702
0.16785088
-0.17401957
0.031225365
-0.025693712
0.15332924
-0.15896312
0.046139309
-0.041481299
0.15576734
-0.16149112
0.037972035
-0.033041049
0.16581356
-0.17190728
0.04042101
-0.035172463
0.16321818
-0.16921657
0.049115147
-0.044156791
