Parent mesh: 480 elements, 623 vertices
Cylinder submesh: NE=288 NV=399 ndofs=2717 bdr_attrs=6..9
Cylinder ess vdofs: 593
Block submesh: NE=192 NV=336 ndofs=2080 bdr_attrs=1..9
Block ess vdofs (walls 1-4): 416
Block initial BC dofs (nonzero): 416
step 10, t = 0.0002  block: sum=4.208111e2 min=-3.352481e-2 max=1.000000e0  cyl: sum=-2.390487e0 min=-1.246091e-2 max=4.989708e-5
step 20, t = 0.0004000000000000004  block: sum=4.266862e2 min=-6.104946e-2 max=1.000000e0  cyl: sum=-3.856142e0 min=-2.230582e-2 max=1.731419e-4
step 30, t = 0.0006000000000000009  block: sum=4.333165e2 min=-8.338068e-2 max=1.000000e0  cyl: sum=-4.664206e0 min=-2.995176e-2 max=3.496827e-4
step 40, t = 0.0008000000000000014  block: sum=4.404706e2 min=-1.012162e-1 max=1.000000e0  cyl: sum=-5.012669e0 min=-3.575623e-2 max=5.643553e-4
step 50, t = 0.001000000000000002  block: sum=4.479749e2 min=-1.151596e-1 max=1.000000e0  cyl: sum=-5.047816e0 min=-4.002770e-2 max=8.057011e-4
step 60, t = 0.0012000000000000025  block: sum=4.556996e2 min=-1.257338e-1 max=1.000000e0  cyl: sum=-4.877234e0 min=-4.303264e-2 max=1.845566e-3
step 70, t = 0.001400000000000003  block: sum=4.635481e2 min=-1.333918e-1 max=1.000000e0  cyl: sum=-4.579500e0 min=-4.500073e-2 max=3.943544e-3
step 80, t = 0.0016000000000000035  block: sum=4.714491e2 min=-1.385264e-1 max=1.000000e0  cyl: sum=-4.211433e0 min=-4.612911e-2 max=6.148541e-3
step 90, t = 0.001800000000000004  block: sum=4.793499e2 min=-1.414787e-1 max=1.000000e0  cyl: sum=-3.813538e0 min=-4.658604e-2 max=8.454327e-3
step 100, t = 0.0020000000000000044  block: sum=4.872128e2 min=-1.425451e-1 max=1.000000e0  cyl: sum=-3.414107e0 min=-4.651427e-2 max=1.084027e-2
step 110, t = 0.002200000000000005  block: sum=4.950107e2 min=-1.419830e-1 max=1.000000e0  cyl: sum=-3.032316e0 min=-4.603411e-2 max=1.296917e-2
step 120, t = 0.0024000000000000054  block: sum=5.027248e2 min=-1.400167e-1 max=1.000000e0  cyl: sum=-2.680564e0 min=-4.524619e-2 max=1.482246e-2
step 130, t = 0.002600000000000006  block: sum=5.103428e2 min=-1.368412e-1 max=1.000000e0  cyl: sum=-2.366244e0 min=-4.423405e-2 max=1.646642e-2
step 140, t = 0.0028000000000000065  block: sum=5.178568e2 min=-1.326268e-1 max=1.000000e0  cyl: sum=-2.093078e0 min=-4.306643e-2 max=1.813024e-2
step 150, t = 0.003000000000000007  block: sum=5.252627e2 min=-1.275217e-1 max=1.000000e0  cyl: sum=-1.862135e0 min=-4.179938e-2 max=1.962099e-2
step 160, t = 0.0032000000000000075  block: sum=5.325588e2 min=-1.216551e-1 max=1.000000e0  cyl: sum=-1.672590e0 min=-4.047804e-2 max=2.093477e-2
step 170, t = 0.003400000000000008  block: sum=5.397453e2 min=-1.151401e-1 max=1.000000e0  cyl: sum=-1.522301e0 min=-3.913833e-2 max=2.207184e-2
step 180, t = 0.0036000000000000086  block: sum=5.468240e2 min=-1.080752e-1 max=1.000000e0  cyl: sum=-1.408244e0 min=-3.780834e-2 max=2.303574e-2
step 190, t = 0.003800000000000009  block: sum=5.537974e2 min=-1.005465e-1 max=1.000000e0  cyl: sum=-1.326830e0 min=-3.650959e-2 max=2.383249e-2
step 200, t = 0.004000000000000005  block: sum=5.606687e2 min=-9.262939e-2 max=1.000000e0  cyl: sum=-1.274149e0 min=-3.525809e-2 max=2.446999e-2
step 210, t = 0.004199999999999997  block: sum=5.674417e2 min=-8.438951e-2 max=1.000000e0  cyl: sum=-1.246145e0 min=-3.406530e-2 max=2.495751e-2
step 220, t = 0.004399999999999989  block: sum=5.741202e2 min=-7.588440e-2 max=1.000000e0  cyl: sum=-1.238740e0 min=-3.293890e-2 max=2.530526e-2
step 230, t = 0.004599999999999981  block: sum=5.807083e2 min=-6.716432e-2 max=1.000000e0  cyl: sum=-1.247932e0 min=-3.188345e-2 max=2.552408e-2
step 240, t = 0.004799999999999973  block: sum=5.872100e2 min=-5.827320e-2 max=1.000000e0  cyl: sum=-1.269854e0 min=-3.090104e-2 max=2.562517e-2
step 250, t = 0.0049999999999999645  block: sum=5.936293e2 min=-4.924944e-2 max=1.000000e0  cyl: sum=-1.300816e0 min=-2.999172e-2 max=2.561985e-2
step 260, t = 0.005199999999999956  block: sum=5.999702e2 min=-4.012656e-2 max=1.000000e0  cyl: sum=-1.337336e0 min=-2.915392e-2 max=2.551942e-2
step 270, t = 0.005399999999999948  block: sum=6.062364e2 min=-3.093386e-2 max=1.000000e0  cyl: sum=-1.376153e0 min=-2.838483e-2 max=2.533499e-2
step 280, t = 0.00559999999999994  block: sum=6.124316e2 min=-2.768066e-2 max=1.000000e0  cyl: sum=-1.414237e0 min=-2.768066e-2 max=2.507741e-2
step 290, t = 0.005799999999999932  block: sum=6.185590e2 min=-2.764595e-2 max=1.000000e0  cyl: sum=-1.448783e0 min=-2.764595e-2 max=2.475716e-2
step 300, t = 0.005999999999999924  block: sum=6.246221e2 min=-2.754752e-2 max=1.000000e0  cyl: sum=-1.477215e0 min=-2.754752e-2 max=2.438433e-2
step 310, t = 0.006199999999999916  block: sum=6.306239e2 min=-2.733166e-2 max=1.000000e0  cyl: sum=-1.497175e0 min=-2.733166e-2 max=2.396853e-2
step 320, t = 0.0063999999999999075  block: sum=6.365672e2 min=-2.699996e-2 max=1.000000e0  cyl: sum=-1.506513e0 min=-2.699996e-2 max=2.351888e-2
step 330, t = 0.006599999999999899  block: sum=6.424548e2 min=-2.655450e-2 max=1.000000e0  cyl: sum=-1.503281e0 min=-2.655450e-2 max=2.304401e-2
step 340, t = 0.006799999999999891  block: sum=6.482892e2 min=-2.599773e-2 max=1.000000e0  cyl: sum=-1.485716e0 min=-2.599773e-2 max=2.255203e-2
step 350, t = 0.006999999999999883  block: sum=6.540728e2 min=-2.533243e-2 max=1.000000e0  cyl: sum=-1.452232e0 min=-2.533243e-2 max=2.205054e-2
step 360, t = 0.007199999999999875  block: sum=6.598079e2 min=-2.456160e-2 max=1.000000e0  cyl: sum=-1.401410e0 min=-2.456160e-2 max=2.154661e-2
step 370, t = 0.007399999999999867  block: sum=6.654965e2 min=-2.394769e-2 max=1.000000e0  cyl: sum=-1.331982e0 min=-2.394769e-2 max=2.104684e-2
step 380, t = 0.007599999999999859  block: sum=6.711405e2 min=-2.344576e-2 max=1.000000e0  cyl: sum=-1.242822e0 min=-2.344576e-2 max=2.055730e-2
step 390, t = 0.0077999999999998505  block: sum=6.767417e2 min=-2.287938e-2 max=1.000000e0  cyl: sum=-1.132936e0 min=-2.287938e-2 max=2.008362e-2
step 400, t = 0.007999999999999842  block: sum=6.823018e2 min=-2.239772e-2 max=1.000000e0  cyl: sum=-1.001454e0 min=-2.239772e-2 max=1.992882e-2
step 410, t = 0.008199999999999834  block: sum=6.878224e2 min=-2.205906e-2 max=1.000000e0  cyl: sum=-8.476121e-1 min=-2.205906e-2 max=2.033959e-2
step 420, t = 0.008399999999999826  block: sum=6.933049e2 min=-2.171369e-2 max=1.000000e0  cyl: sum=-6.707540e-1 min=-2.171369e-2 max=2.081841e-2
step 430, t = 0.008599999999999818  block: sum=6.987507e2 min=-2.135773e-2 max=1.000000e0  cyl: sum=-4.703152e-1 min=-2.135773e-2 max=2.136538e-2
step 440, t = 0.00879999999999981  block: sum=7.041611e2 min=-2.098754e-2 max=1.000000e0  cyl: sum=-2.458180e-1 min=-2.098754e-2 max=2.198032e-2
step 450, t = 0.008999999999999802  block: sum=7.095371e2 min=-2.059976e-2 max=1.000000e0  cyl: sum=3.136555e-3 min=-2.094503e-2 max=2.266281e-2
step 460, t = 0.009199999999999793  block: sum=7.148800e2 min=-2.019128e-2 max=1.000000e0  cyl: sum=2.768752e-1 min=-2.103860e-2 max=2.341223e-2
step 470, t = 0.009399999999999785  block: sum=7.201907e2 min=-1.975923e-2 max=1.000000e0  cyl: sum=5.756591e-1 min=-2.111923e-2 max=2.422778e-2
step 480, t = 0.009599999999999777  block: sum=7.254701e2 min=-1.930101e-2 max=1.000000e0  cyl: sum=8.996895e-1 min=-2.124693e-2 max=2.510850e-2
step 490, t = 0.009799999999999769  block: sum=7.307193e2 min=-1.881423e-2 max=1.000000e0  cyl: sum=1.249113e0 min=-2.141789e-2 max=2.605331e-2
step 500, t = 0.00999999999999976  block: sum=7.359389e2 min=-1.829671e-2 max=1.000000e0  cyl: sum=1.624027e0 min=-2.158004e-2 max=2.706103e-2
step 510, t = 0.010199999999999753  block: sum=7.411297e2 min=-1.774652e-2 max=1.000000e0  cyl: sum=2.024484e0 min=-2.173370e-2 max=2.813038e-2
step 520, t = 0.010399999999999745  block: sum=7.462925e2 min=-1.716190e-2 max=1.000000e0  cyl: sum=2.450496e0 min=-2.187917e-2 max=2.926001e-2
step 530, t = 0.010599999999999736  block: sum=7.514280e2 min=-1.654131e-2 max=1.000000e0  cyl: sum=2.902037e0 min=-2.201674e-2 max=3.044852e-2
step 540, t = 0.010799999999999728  block: sum=7.565368e2 min=-1.588336e-2 max=1.000000e0  cyl: sum=3.379049e0 min=-2.214664e-2 max=3.169446e-2
step 550, t = 0.01099999999999972  block: sum=7.616194e2 min=-1.518687e-2 max=1.000000e0  cyl: sum=3.881444e0 min=-2.226908e-2 max=3.299634e-2
step 560, t = 0.011199999999999712  block: sum=7.666764e2 min=-1.445078e-2 max=1.000000e0  cyl: sum=4.409105e0 min=-2.238424e-2 max=3.435265e-2
step 570, t = 0.011399999999999704  block: sum=7.717084e2 min=-1.367421e-2 max=1.000000e0  cyl: sum=4.961895e0 min=-2.249227e-2 max=3.576187e-2
step 580, t = 0.011599999999999696  block: sum=7.767158e2 min=-1.285642e-2 max=1.000000e0  cyl: sum=5.539650e0 min=-2.259332e-2 max=3.722248e-2
step 590, t = 0.011799999999999687  block: sum=7.816991e2 min=-1.199680e-2 max=1.000000e0  cyl: sum=6.142191e0 min=-2.268749e-2 max=3.873293e-2
step 600, t = 0.01199999999999968  block: sum=7.866587e2 min=-1.109486e-2 max=1.000000e0  cyl: sum=6.769320e0 min=-2.277488e-2 max=4.029169e-2
step 610, t = 0.012199999999999671  block: sum=7.915950e2 min=-1.015022e-2 max=1.000000e0  cyl: sum=7.420822e0 min=-2.285557e-2 max=4.189726e-2
step 620, t = 0.012399999999999663  block: sum=7.965084e2 min=-9.162624e-3 max=1.000000e0  cyl: sum=8.096472e0 min=-2.292961e-2 max=4.354811e-2
step 630, t = 0.012599999999999655  block: sum=8.013993e2 min=-8.131908e-3 max=1.000000e0  cyl: sum=8.796029e0 min=-2.299704e-2 max=4.524277e-2
step 640, t = 0.012799999999999647  block: sum=8.062679e2 min=-7.058000e-3 max=1.000000e0  cyl: sum=9.519245e0 min=-2.305791e-2 max=4.697976e-2
step 650, t = 0.012999999999999639  block: sum=8.111147e2 min=-5.940911e-3 max=1.000000e0  cyl: sum=1.026586e1 min=-2.311223e-2 max=4.875764e-2
step 660, t = 0.01319999999999963  block: sum=8.159398e2 min=-4.780735e-3 max=1.000000e0  cyl: sum=1.103561e1 min=-2.316001e-2 max=5.057499e-2
step 670, t = 0.013399999999999622  block: sum=8.207437e2 min=-3.577636e-3 max=1.000000e0  cyl: sum=1.182822e1 min=-2.320126e-2 max=5.243041e-2
step 680, t = 0.013599999999999614  block: sum=8.255266e2 min=-2.331846e-3 max=1.000000e0  cyl: sum=1.264341e1 min=-2.323596e-2 max=5.432253e-2
step 690, t = 0.013799999999999606  block: sum=8.302887e2 min=-1.043656e-3 max=1.000000e0  cyl: sum=1.348089e1 min=-2.326410e-2 max=5.625002e-2
step 700, t = 0.013999999999999598  block: sum=8.350302e2 min=2.865860e-4 max=1.000000e0  cyl: sum=1.434039e1 min=-2.328566e-2 max=5.821157e-2
step 710, t = 0.01419999999999959  block: sum=8.397515e2 min=1.658481e-3 max=1.000000e0  cyl: sum=1.522160e1 min=-2.330061e-2 max=6.020591e-2
step 720, t = 0.014399999999999582  block: sum=8.444527e2 min=3.071584e-3 max=1.000000e0  cyl: sum=1.612424e1 min=-2.330893e-2 max=6.223178e-2
step 730, t = 0.014599999999999573  block: sum=8.491341e2 min=4.525410e-3 max=1.000000e0  cyl: sum=1.704800e1 min=-2.331058e-2 max=6.428798e-2
step 740, t = 0.014799999999999565  block: sum=8.537958e2 min=6.019434e-3 max=1.000000e0  cyl: sum=1.799260e1 min=-2.330552e-2 max=6.637332e-2
step 750, t = 0.014999999999999557  block: sum=8.584380e2 min=7.553100e-3 max=1.000000e0  cyl: sum=1.895773e1 min=-2.329372e-2 max=6.848665e-2
step 760, t = 0.015199999999999549  block: sum=8.630610e2 min=9.125818e-3 max=1.000000e0  cyl: sum=1.994310e1 min=-2.327512e-2 max=7.062686e-2
step 770, t = 0.01539999999999954  block: sum=8.676649e2 min=1.073697e-2 max=1.000000e0  cyl: sum=2.094841e1 min=-2.324969e-2 max=7.279285e-2
step 780, t = 0.015599999999999533  block: sum=8.722498e2 min=1.238593e-2 max=1.000000e0  cyl: sum=2.197336e1 min=-2.321738e-2 max=7.498356e-2
step 790, t = 0.015799999999999526  block: sum=8.768160e2 min=1.407203e-2 max=1.000000e0  cyl: sum=2.301765e1 min=-2.317814e-2 max=7.719798e-2
step 800, t = 0.015999999999999518  block: sum=8.813636e2 min=1.579459e-2 max=1.000000e0  cyl: sum=2.408100e1 min=-2.313194e-2 max=7.943509e-2
step 810, t = 0.01619999999999951  block: sum=8.858928e2 min=1.755292e-2 max=1.000000e0  cyl: sum=2.516311e1 min=-2.307872e-2 max=8.169395e-2
step 820, t = 0.016399999999999502  block: sum=8.904036e2 min=1.934631e-2 max=1.000000e0  cyl: sum=2.626368e1 min=-2.301844e-2 max=8.397360e-2
step 830, t = 0.016599999999999494  block: sum=8.948963e2 min=2.117405e-2 max=1.000000e0  cyl: sum=2.738244e1 min=-2.295106e-2 max=8.627314e-2
step 840, t = 0.016799999999999485  block: sum=8.993710e2 min=2.303541e-2 max=1.000000e0  cyl: sum=2.851908e1 min=-2.296946e-2 max=8.859168e-2
step 850, t = 0.016999999999999477  block: sum=9.038277e2 min=2.492965e-2 max=1.000000e0  cyl: sum=2.967333e1 min=-2.301808e-2 max=9.092838e-2
step 860, t = 0.01719999999999947  block: sum=9.082667e2 min=2.685604e-2 max=1.000000e0  cyl: sum=3.084491e1 min=-2.306547e-2 max=9.328240e-2
step 870, t = 0.01739999999999946  block: sum=9.126881e2 min=2.881383e-2 max=1.000000e0  cyl: sum=3.203353e1 min=-2.311152e-2 max=9.565294e-2
step 880, t = 0.017599999999999453  block: sum=9.170919e2 min=3.080227e-2 max=1.000000e0  cyl: sum=3.323892e1 min=-2.315612e-2 max=9.803923e-2
step 890, t = 0.017799999999999445  block: sum=9.214783e2 min=3.282062e-2 max=1.000000e0  cyl: sum=3.446081e1 min=-2.319917e-2 max=1.004405e-1
step 900, t = 0.017999999999999437  block: sum=9.258474e2 min=3.486814e-2 max=1.000000e0  cyl: sum=3.569892e1 min=-2.324053e-2 max=1.028561e-1
step 910, t = 0.01819999999999943  block: sum=9.301994e2 min=3.694406e-2 max=1.000000e0  cyl: sum=3.695299e1 min=-2.328009e-2 max=1.052852e-1
step 920, t = 0.01839999999999942  block: sum=9.345342e2 min=3.904766e-2 max=1.000000e0  cyl: sum=3.822275e1 min=-2.331774e-2 max=1.077272e-1
step 930, t = 0.018599999999999412  block: sum=9.388521e2 min=4.117818e-2 max=1.000000e0  cyl: sum=3.950795e1 min=-2.335334e-2 max=1.101814e-1
step 940, t = 0.018799999999999404  block: sum=9.431532e2 min=4.333490e-2 max=1.000000e0  cyl: sum=4.080833e1 min=-2.338678e-2 max=1.126472e-1
step 950, t = 0.018999999999999396  block: sum=9.474374e2 min=4.551707e-2 max=1.000000e0  cyl: sum=4.212362e1 min=-2.341793e-2 max=1.151239e-1
step 960, t = 0.019199999999999388  block: sum=9.517050e2 min=4.772399e-2 max=1.000000e0  cyl: sum=4.345359e1 min=-2.344666e-2 max=1.176111e-1
step 970, t = 0.01939999999999938  block: sum=9.559560e2 min=4.995491e-2 max=1.000000e0  cyl: sum=4.479799e1 min=-2.347284e-2 max=1.201080e-1
step 980, t = 0.01959999999999937  block: sum=9.601905e2 min=5.220914e-2 max=1.000000e0  cyl: sum=4.615657e1 min=-2.349636e-2 max=1.226142e-1
step 990, t = 0.019799999999999363  block: sum=9.644086e2 min=5.448596e-2 max=1.000000e0  cyl: sum=4.752909e1 min=-2.351708e-2 max=1.251290e-1
step 1000, t = 0.019999999999999355  block: sum=9.686105e2 min=5.678467e-2 max=1.000000e0  cyl: sum=4.891531e1 min=-2.353488e-2 max=1.276520e-1
step 1010, t = 0.020199999999999347  block: sum=9.727961e2 min=5.910460e-2 max=1.000000e0  cyl: sum=5.031501e1 min=-2.354963e-2 max=1.301827e-1
step 1020, t = 0.02039999999999934  block: sum=9.769655e2 min=6.144505e-2 max=1.000000e0  cyl: sum=5.172794e1 min=-2.356122e-2 max=1.327205e-1
step 1030, t = 0.02059999999999933  block: sum=9.811189e2 min=6.380535e-2 max=1.000000e0  cyl: sum=5.315390e1 min=-2.356951e-2 max=1.352651e-1
step 1040, t = 0.020799999999999323  block: sum=9.852564e2 min=6.618485e-2 max=1.000000e0  cyl: sum=5.459264e1 min=-2.357440e-2 max=1.378159e-1
step 1050, t = 0.020999999999999314  block: sum=9.893779e2 min=6.858288e-2 max=1.000000e0  cyl: sum=5.604396e1 min=-2.357575e-2 max=1.403725e-1
step 1060, t = 0.021199999999999306  block: sum=9.934837e2 min=7.099880e-2 max=1.000000e0  cyl: sum=5.750764e1 min=-2.361287e-2 max=1.429345e-1
step 1070, t = 0.021399999999999298  block: sum=9.975737e2 min=7.343199e-2 max=1.000000e0  cyl: sum=5.898346e1 min=-2.367386e-2 max=1.455014e-1
step 1080, t = 0.02159999999999929  block: sum=1.001648e3 min=7.588181e-2 max=1.000000e0  cyl: sum=6.047122e1 min=-2.373253e-2 max=1.480729e-1
step 1090, t = 0.021799999999999282  block: sum=1.005707e3 min=7.834766e-2 max=1.000000e0  cyl: sum=6.197071e1 min=-2.378871e-2 max=1.506486e-1
step 1100, t = 0.021999999999999274  block: sum=1.009750e3 min=8.082893e-2 max=1.000000e0  cyl: sum=6.348172e1 min=-2.384218e-2 max=1.532281e-1
step 1110, t = 0.022199999999999265  block: sum=1.013778e3 min=8.332502e-2 max=1.000000e0  cyl: sum=6.500406e1 min=-2.389276e-2 max=1.558110e-1
step 1120, t = 0.022399999999999257  block: sum=1.017791e3 min=8.583536e-2 max=1.000000e0  cyl: sum=6.653753e1 min=-2.394025e-2 max=1.583971e-1
step 1130, t = 0.02259999999999925  block: sum=1.021788e3 min=8.835938e-2 max=1.000000e0  cyl: sum=6.808194e1 min=-2.398449e-2 max=1.609859e-1
step 1140, t = 0.02279999999999924  block: sum=1.025770e3 min=9.089651e-2 max=1.000000e0  cyl: sum=6.963709e1 min=-2.402528e-2 max=1.635771e-1
step 1150, t = 0.022999999999999233  block: sum=1.029737e3 min=9.344621e-2 max=1.000000e0  cyl: sum=7.120281e1 min=-2.406245e-2 max=1.661704e-1
step 1160, t = 0.023199999999999225  block: sum=1.033689e3 min=9.600793e-2 max=1.000000e0  cyl: sum=7.277891e1 min=-2.409583e-2 max=1.687656e-1
step 1170, t = 0.023399999999999217  block: sum=1.037626e3 min=9.858114e-2 max=1.000000e0  cyl: sum=7.436519e1 min=-2.412525e-2 max=1.713622e-1
step 1180, t = 0.02359999999999921  block: sum=1.041547e3 min=1.011653e-1 max=1.000000e0  cyl: sum=7.596150e1 min=-2.415055e-2 max=1.739601e-1
step 1190, t = 0.0237999999999992  block: sum=1.045455e3 min=1.037600e-1 max=1.000000e0  cyl: sum=7.756765e1 min=-2.417157e-2 max=1.765590e-1
step 1200, t = 0.023999999999999192  block: sum=1.049347e3 min=1.063646e-1 max=1.000000e0  cyl: sum=7.918348e1 min=-2.418815e-2 max=1.791585e-1
step 1210, t = 0.024199999999999184  block: sum=1.053224e3 min=1.089787e-1 max=1.000000e0  cyl: sum=8.080880e1 min=-2.420014e-2 max=1.817585e-1
step 1220, t = 0.024399999999999176  block: sum=1.057087e3 min=1.116019e-1 max=1.000000e0  cyl: sum=8.244346e1 min=-2.420741e-2 max=1.844527e-1
step 1230, t = 0.024599999999999168  block: sum=1.060935e3 min=1.142335e-1 max=1.000000e0  cyl: sum=8.408729e1 min=-2.420981e-2 max=1.871637e-1
step 1240, t = 0.02479999999999916  block: sum=1.064769e3 min=1.168733e-1 max=1.000000e0  cyl: sum=8.574013e1 min=-2.420719e-2 max=1.898701e-1
step 1250, t = 0.02499999999999915  block: sum=1.068588e3 min=1.195207e-1 max=1.000000e0  cyl: sum=8.740183e1 min=-2.419944e-2 max=1.925719e-1
step 1260, t = 0.025199999999999143  block: sum=1.072393e3 min=1.221752e-1 max=1.000000e0  cyl: sum=8.907222e1 min=-2.418642e-2 max=1.952689e-1
step 1270, t = 0.025399999999999135  block: sum=1.076183e3 min=1.248366e-1 max=1.000000e0  cyl: sum=9.075115e1 min=-2.416802e-2 max=1.979611e-1
step 1280, t = 0.025599999999999127  block: sum=1.079960e3 min=1.275043e-1 max=1.000000e0  cyl: sum=9.243848e1 min=-2.414410e-2 max=2.006483e-1
step 1290, t = 0.02579999999999912  block: sum=1.083721e3 min=1.301780e-1 max=1.000000e0  cyl: sum=9.413406e1 min=-2.411457e-2 max=2.033306e-1
step 1300, t = 0.02599999999999911  block: sum=1.087469e3 min=1.328572e-1 max=1.000000e0  cyl: sum=9.583774e1 min=-2.407931e-2 max=2.060079e-1
step 1310, t = 0.026199999999999102  block: sum=1.091203e3 min=1.355415e-1 max=1.000000e0  cyl: sum=9.754937e1 min=-2.403821e-2 max=2.086800e-1
step 1320, t = 0.026399999999999094  block: sum=1.094922e3 min=1.382307e-1 max=1.000000e0  cyl: sum=9.926882e1 min=-2.399118e-2 max=2.113469e-1
step 1330, t = 0.026599999999999086  block: sum=1.098628e3 min=1.409242e-1 max=1.000000e0  cyl: sum=1.009959e2 min=-2.393812e-2 max=2.140086e-1
step 1340, t = 0.026799999999999078  block: sum=1.102319e3 min=1.436218e-1 max=1.000000e0  cyl: sum=1.027306e2 min=-2.387894e-2 max=2.166649e-1
step 1350, t = 0.02699999999999907  block: sum=1.105997e3 min=1.463231e-1 max=1.000000e0  cyl: sum=1.044727e2 min=-2.381356e-2 max=2.193159e-1
step 1360, t = 0.02719999999999906  block: sum=1.109661e3 min=1.490277e-1 max=1.000000e0  cyl: sum=1.062220e2 min=-2.374188e-2 max=2.219614e-1
step 1370, t = 0.027399999999999054  block: sum=1.113311e3 min=1.517353e-1 max=1.000000e0  cyl: sum=1.079785e2 min=-2.366383e-2 max=2.246015e-1
step 1380, t = 0.027599999999999045  block: sum=1.116948e3 min=1.544456e-1 max=1.000000e0  cyl: sum=1.097421e2 min=-2.357934e-2 max=2.272360e-1
step 1390, t = 0.027799999999999037  block: sum=1.120570e3 min=1.571582e-1 max=1.000000e0  cyl: sum=1.115125e2 min=-2.348834e-2 max=2.298649e-1
step 1400, t = 0.02799999999999903  block: sum=1.124179e3 min=1.598729e-1 max=1.000000e0  cyl: sum=1.132897e2 min=-2.339076e-2 max=2.324881e-1
step 1410, t = 0.02819999999999902  block: sum=1.127775e3 min=1.625894e-1 max=1.000000e0  cyl: sum=1.150735e2 min=-2.328653e-2 max=2.351057e-1
step 1420, t = 0.028399999999999013  block: sum=1.131357e3 min=1.653073e-1 max=1.000000e0  cyl: sum=1.168639e2 min=-2.317560e-2 max=2.377175e-1
step 1430, t = 0.028599999999999005  block: sum=1.134926e3 min=1.680263e-1 max=1.000000e0  cyl: sum=1.186607e2 min=-2.305791e-2 max=2.403235e-1
step 1440, t = 0.028799999999998997  block: sum=1.138481e3 min=1.707462e-1 max=1.000000e0  cyl: sum=1.204637e2 min=-2.293341e-2 max=2.429237e-1
step 1450, t = 0.02899999999999899  block: sum=1.142023e3 min=1.734667e-1 max=1.000000e0  cyl: sum=1.222730e2 min=-2.280206e-2 max=2.455180e-1
step 1460, t = 0.02919999999999898  block: sum=1.145552e3 min=1.761876e-1 max=1.000000e0  cyl: sum=1.240884e2 min=-2.276790e-2 max=2.481065e-1
step 1470, t = 0.029399999999998972  block: sum=1.149067e3 min=1.789085e-1 max=1.000000e0  cyl: sum=1.259097e2 min=-2.286706e-2 max=2.506890e-1
step 1480, t = 0.029599999999998964  block: sum=1.152569e3 min=1.816292e-1 max=1.000000e0  cyl: sum=1.277368e2 min=-2.296700e-2 max=2.532655e-1
step 1490, t = 0.029799999999998956  block: sum=1.156058e3 min=1.843495e-1 max=1.000000e0  cyl: sum=1.295697e2 min=-2.306771e-2 max=2.558360e-1
step 1500, t = 0.029999999999998948  block: sum=1.159534e3 min=1.870691e-1 max=1.000000e0  cyl: sum=1.314083e2 min=-2.316916e-2 max=2.584004e-1
step 1510, t = 0.03019999999999894  block: sum=1.162997e3 min=1.897878e-1 max=1.000000e0  cyl: sum=1.332524e2 min=-2.327131e-2 max=2.609588e-1
step 1520, t = 0.03039999999999893  block: sum=1.166447e3 min=1.925053e-1 max=1.000000e0  cyl: sum=1.351020e2 min=-2.337415e-2 max=2.635110e-1
step 1530, t = 0.030599999999998923  block: sum=1.169884e3 min=1.952215e-1 max=1.000000e0  cyl: sum=1.369569e2 min=-2.347765e-2 max=2.660572e-1
step 1540, t = 0.030799999999998915  block: sum=1.173309e3 min=1.979362e-1 max=1.000000e0  cyl: sum=1.388170e2 min=-2.358177e-2 max=2.685971e-1
step 1550, t = 0.030999999999998907  block: sum=1.176720e3 min=2.006490e-1 max=1.000000e0  cyl: sum=1.406823e2 min=-2.368648e-2 max=2.711309e-1
step 1560, t = 0.0311999999999989  block: sum=1.180119e3 min=2.033599e-1 max=1.000000e0  cyl: sum=1.425526e2 min=-2.379175e-2 max=2.736584e-1
step 1570, t = 0.03139999999999894  block: sum=1.183505e3 min=2.060686e-1 max=1.000000e0  cyl: sum=1.444279e2 min=-2.389756e-2 max=2.761796e-1
step 1580, t = 0.031599999999999004  block: sum=1.186878e3 min=2.087749e-1 max=1.000000e0  cyl: sum=1.463081e2 min=-2.400387e-2 max=2.786946e-1
step 1590, t = 0.031799999999999065  block: sum=1.190239e3 min=2.114787e-1 max=1.000000e0  cyl: sum=1.481930e2 min=-2.411065e-2 max=2.812033e-1
step 1600, t = 0.031999999999999126  block: sum=1.193587e3 min=2.141797e-1 max=1.000000e0  cyl: sum=1.500827e2 min=-2.421786e-2 max=2.837057e-1
step 1610, t = 0.03219999999999919  block: sum=1.196922e3 min=2.168778e-1 max=1.000000e0  cyl: sum=1.519769e2 min=-2.432548e-2 max=2.862017e-1
step 1620, t = 0.03239999999999925  block: sum=1.200245e3 min=2.195727e-1 max=1.000000e0  cyl: sum=1.538757e2 min=-2.443346e-2 max=2.886914e-1
step 1630, t = 0.03259999999999931  block: sum=1.203556e3 min=2.222645e-1 max=1.000000e0  cyl: sum=1.557789e2 min=-2.454177e-2 max=2.911747e-1
step 1640, t = 0.03279999999999937  block: sum=1.206854e3 min=2.249528e-1 max=1.000000e0  cyl: sum=1.576864e2 min=-2.465039e-2 max=2.936515e-1
step 1650, t = 0.03299999999999943  block: sum=1.210140e3 min=2.276375e-1 max=1.000000e0  cyl: sum=1.595982e2 min=-2.475927e-2 max=2.961220e-1
step 1660, t = 0.033199999999999494  block: sum=1.213413e3 min=2.303185e-1 max=1.000000e0  cyl: sum=1.615142e2 min=-2.486837e-2 max=2.985860e-1
step 1670, t = 0.033399999999999555  block: sum=1.216675e3 min=2.329957e-1 max=1.000000e0  cyl: sum=1.634343e2 min=-2.497768e-2 max=3.010436e-1
step 1680, t = 0.033599999999999616  block: sum=1.219924e3 min=2.356688e-1 max=1.000000e0  cyl: sum=1.653584e2 min=-2.508714e-2 max=3.034946e-1
step 1690, t = 0.03379999999999968  block: sum=1.223161e3 min=2.383378e-1 max=1.000000e0  cyl: sum=1.672865e2 min=-2.519672e-2 max=3.059392e-1
step 1700, t = 0.03399999999999974  block: sum=1.226386e3 min=2.410024e-1 max=1.000000e0  cyl: sum=1.692185e2 min=-2.530639e-2 max=3.083773e-1
step 1710, t = 0.0341999999999998  block: sum=1.229599e3 min=2.436627e-1 max=1.000000e0  cyl: sum=1.711542e2 min=-2.541611e-2 max=3.108088e-1
step 1720, t = 0.03439999999999986  block: sum=1.232799e3 min=2.463183e-1 max=1.000000e0  cyl: sum=1.730937e2 min=-2.552584e-2 max=3.132339e-1
step 1730, t = 0.03459999999999992  block: sum=1.235988e3 min=2.489694e-1 max=1.000000e0  cyl: sum=1.750368e2 min=-2.563555e-2 max=3.156523e-1
step 1740, t = 0.034799999999999984  block: sum=1.239165e3 min=2.516156e-1 max=1.000000e0  cyl: sum=1.769835e2 min=-2.574521e-2 max=3.180642e-1
step 1750, t = 0.035000000000000045  block: sum=1.242330e3 min=2.542569e-1 max=1.000000e0  cyl: sum=1.789337e2 min=-2.585477e-2 max=3.204696e-1
step 1760, t = 0.035200000000000106  block: sum=1.245484e3 min=2.568932e-1 max=1.000000e0  cyl: sum=1.808874e2 min=-2.596420e-2 max=3.228684e-1
step 1770, t = 0.03540000000000017  block: sum=1.248625e3 min=2.595244e-1 max=1.000000e0  cyl: sum=1.828444e2 min=-2.607346e-2 max=3.252605e-1
step 1780, t = 0.03560000000000023  block: sum=1.251755e3 min=2.621503e-1 max=1.000000e0  cyl: sum=1.848047e2 min=-2.618252e-2 max=3.276461e-1
step 1790, t = 0.03580000000000029  block: sum=1.254873e3 min=2.647710e-1 max=1.000000e0  cyl: sum=1.867683e2 min=-2.629134e-2 max=3.300250e-1
step 1800, t = 0.03600000000000035  block: sum=1.257979e3 min=2.673862e-1 max=1.000000e0  cyl: sum=1.887351e2 min=-2.639989e-2 max=3.323974e-1
step 1810, t = 0.03620000000000041  block: sum=1.261074e3 min=2.699958e-1 max=1.000000e0  cyl: sum=1.907049e2 min=-2.650812e-2 max=3.347631e-1
step 1820, t = 0.036400000000000474  block: sum=1.264157e3 min=2.725999e-1 max=1.000000e0  cyl: sum=1.926778e2 min=-2.661601e-2 max=3.371221e-1
step 1830, t = 0.036600000000000535  block: sum=1.267228e3 min=2.751983e-1 max=1.000000e0  cyl: sum=1.946537e2 min=-2.672351e-2 max=3.394745e-1
step 1840, t = 0.036800000000000596  block: sum=1.270289e3 min=2.777908e-1 max=1.000000e0  cyl: sum=1.966325e2 min=-2.683060e-2 max=3.418203e-1
step 1850, t = 0.03700000000000066  block: sum=1.273337e3 min=2.803776e-1 max=1.000000e0  cyl: sum=1.986142e2 min=-2.693723e-2 max=3.441594e-1
step 1860, t = 0.03720000000000072  block: sum=1.276375e3 min=2.829583e-1 max=1.000000e0  cyl: sum=2.005987e2 min=-2.704338e-2 max=3.464918e-1
step 1870, t = 0.03740000000000078  block: sum=1.279401e3 min=2.855331e-1 max=1.000000e0  cyl: sum=2.025859e2 min=-2.714900e-2 max=3.488176e-1
step 1880, t = 0.03760000000000084  block: sum=1.282415e3 min=2.881017e-1 max=1.000000e0  cyl: sum=2.045758e2 min=-2.725406e-2 max=3.511367e-1
step 1890, t = 0.0378000000000009  block: sum=1.285419e3 min=2.906642e-1 max=1.000000e0  cyl: sum=2.065683e2 min=-2.735853e-2 max=3.534491e-1
step 1900, t = 0.038000000000000964  block: sum=1.288411e3 min=2.932205e-1 max=1.000000e0  cyl: sum=2.085634e2 min=-2.746237e-2 max=3.557549e-1
step 1910, t = 0.038200000000001025  block: sum=1.291392e3 min=2.957704e-1 max=1.000000e0  cyl: sum=2.105610e2 min=-2.756556e-2 max=3.580539e-1
step 1920, t = 0.038400000000001086  block: sum=1.294362e3 min=2.983140e-1 max=1.000000e0  cyl: sum=2.125611e2 min=-2.766804e-2 max=3.603462e-1
step 1930, t = 0.03860000000000115  block: sum=1.297320e3 min=3.008512e-1 max=1.000000e0  cyl: sum=2.145636e2 min=-2.776981e-2 max=3.626319e-1
step 1940, t = 0.03880000000000121  block: sum=1.300268e3 min=3.033819e-1 max=1.000000e0  cyl: sum=2.165684e2 min=-2.787081e-2 max=3.649109e-1
step 1950, t = 0.03900000000000127  block: sum=1.303205e3 min=3.059060e-1 max=1.000000e0  cyl: sum=2.185755e2 min=-2.797101e-2 max=3.671831e-1
step 1960, t = 0.03920000000000133  block: sum=1.306130e3 min=3.084236e-1 max=1.000000e0  cyl: sum=2.205849e2 min=-2.807039e-2 max=3.694487e-1
step 1970, t = 0.03940000000000139  block: sum=1.309045e3 min=3.109345e-1 max=1.000000e0  cyl: sum=2.225965e2 min=-2.816892e-2 max=3.717075e-1
step 1980, t = 0.039600000000001453  block: sum=1.311949e3 min=3.134388e-1 max=1.000000e0  cyl: sum=2.246102e2 min=-2.826655e-2 max=3.739597e-1
step 1990, t = 0.039800000000001515  block: sum=1.314842e3 min=3.159362e-1 max=1.000000e0  cyl: sum=2.266260e2 min=-2.836326e-2 max=3.762051e-1
step 2000, t = 0.040000000000001576  block: sum=1.317724e3 min=3.184269e-1 max=1.000000e0  cyl: sum=2.286439e2 min=-2.845902e-2 max=3.784439e-1
step 2010, t = 0.04020000000000164  block: sum=1.320595e3 min=3.209108e-1 max=1.000000e0  cyl: sum=2.306637e2 min=-2.855379e-2 max=3.806759e-1
step 2020, t = 0.0404000000000017  block: sum=1.323456e3 min=3.233878e-1 max=1.000000e0  cyl: sum=2.326855e2 min=-2.864756e-2 max=3.829012e-1
step 2030, t = 0.04060000000000176  block: sum=1.326306e3 min=3.258579e-1 max=1.000000e0  cyl: sum=2.347093e2 min=-2.874028e-2 max=3.851199e-1
step 2040, t = 0.04080000000000182  block: sum=1.329145e3 min=3.283210e-1 max=1.000000e0  cyl: sum=2.367348e2 min=-2.883192e-2 max=3.873318e-1
step 2050, t = 0.04100000000000188  block: sum=1.331974e3 min=3.307772e-1 max=1.000000e0  cyl: sum=2.387622e2 min=-2.892247e-2 max=3.895370e-1
step 2060, t = 0.04120000000000194  block: sum=1.334792e3 min=3.332263e-1 max=1.000000e0  cyl: sum=2.407914e2 min=-2.901188e-2 max=3.917356e-1
step 2070, t = 0.041400000000002005  block: sum=1.337599e3 min=3.356684e-1 max=1.000000e0  cyl: sum=2.428222e2 min=-2.910014e-2 max=3.939274e-1
step 2080, t = 0.041600000000002066  block: sum=1.340396e3 min=3.381034e-1 max=1.000000e0  cyl: sum=2.448548e2 min=-2.918720e-2 max=3.961125e-1
step 2090, t = 0.04180000000000213  block: sum=1.343183e3 min=3.405313e-1 max=1.000000e0  cyl: sum=2.468890e2 min=-2.927306e-2 max=3.982910e-1
step 2100, t = 0.04200000000000219  block: sum=1.345959e3 min=3.429521e-1 max=1.000000e0  cyl: sum=2.489248e2 min=-2.935767e-2 max=4.004627e-1
step 2110, t = 0.04220000000000225  block: sum=1.348725e3 min=3.453656e-1 max=1.000000e0  cyl: sum=2.509621e2 min=-2.944101e-2 max=4.026278e-1
step 2120, t = 0.04240000000000231  block: sum=1.351480e3 min=3.477720e-1 max=1.000000e0  cyl: sum=2.530009e2 min=-2.952305e-2 max=4.047862e-1
step 2130, t = 0.04260000000000237  block: sum=1.354225e3 min=3.501712e-1 max=1.000000e0  cyl: sum=2.550413e2 min=-2.962053e-2 max=4.069379e-1
step 2140, t = 0.04280000000000243  block: sum=1.356960e3 min=3.525631e-1 max=1.000000e0  cyl: sum=2.570830e2 min=-2.974801e-2 max=4.090830e-1
step 2150, t = 0.043000000000002495  block: sum=1.359684e3 min=3.549478e-1 max=1.000000e0  cyl: sum=2.591261e2 min=-2.987540e-2 max=4.112213e-1
step 2160, t = 0.043200000000002556  block: sum=1.362399e3 min=3.573252e-1 max=1.000000e0  cyl: sum=2.611706e2 min=-3.000269e-2 max=4.133530e-1
step 2170, t = 0.04340000000000262  block: sum=1.365103e3 min=3.596953e-1 max=1.000000e0  cyl: sum=2.632164e2 min=-3.012985e-2 max=4.154781e-1
step 2180, t = 0.04360000000000268  block: sum=1.367797e3 min=3.620581e-1 max=1.000000e0  cyl: sum=2.652634e2 min=-3.025688e-2 max=4.175965e-1
step 2190, t = 0.04380000000000274  block: sum=1.370481e3 min=3.644135e-1 max=1.000000e0  cyl: sum=2.673117e2 min=-3.038374e-2 max=4.197082e-1
step 2200, t = 0.0440000000000028  block: sum=1.373155e3 min=3.667616e-1 max=1.000000e0  cyl: sum=2.693611e2 min=-3.051043e-2 max=4.218133e-1
step 2210, t = 0.04420000000000286  block: sum=1.375819e3 min=3.691024e-1 max=1.000000e0  cyl: sum=2.714118e2 min=-3.063693e-2 max=4.239117e-1
step 2220, t = 0.04440000000000292  block: sum=1.378473e3 min=3.714358e-1 max=1.000000e0  cyl: sum=2.734635e2 min=-3.076321e-2 max=4.260036e-1
step 2230, t = 0.044600000000002984  block: sum=1.381117e3 min=3.737618e-1 max=1.000000e0  cyl: sum=2.755164e2 min=-3.088928e-2 max=4.280888e-1
step 2240, t = 0.044800000000003046  block: sum=1.383751e3 min=3.760804e-1 max=1.000000e0  cyl: sum=2.775702e2 min=-3.101509e-2 max=4.301674e-1
step 2250, t = 0.04500000000000311  block: sum=1.386376e3 min=3.783916e-1 max=1.000000e0  cyl: sum=2.796251e2 min=-3.114065e-2 max=4.322393e-1
step 2260, t = 0.04520000000000317  block: sum=1.388990e3 min=3.806953e-1 max=1.000000e0  cyl: sum=2.816810e2 min=-3.126594e-2 max=4.343047e-1
step 2270, t = 0.04540000000000323  block: sum=1.391595e3 min=3.829917e-1 max=1.000000e0  cyl: sum=2.837378e2 min=-3.139093e-2 max=4.363634e-1
step 2280, t = 0.04560000000000329  block: sum=1.394190e3 min=3.852807e-1 max=1.000000e0  cyl: sum=2.857955e2 min=-3.151561e-2 max=4.384156e-1
step 2290, t = 0.04580000000000335  block: sum=1.396775e3 min=3.875622e-1 max=1.000000e0  cyl: sum=2.878542e2 min=-3.163997e-2 max=4.404612e-1
step 2300, t = 0.04600000000000341  block: sum=1.399350e3 min=3.898362e-1 max=1.000000e0  cyl: sum=2.899136e2 min=-3.176398e-2 max=4.425002e-1
step 2310, t = 0.046200000000003474  block: sum=1.401916e3 min=3.921029e-1 max=1.000000e0  cyl: sum=2.919739e2 min=-3.188764e-2 max=4.445327e-1
step 2320, t = 0.046400000000003536  block: sum=1.404472e3 min=3.943621e-1 max=1.000000e0  cyl: sum=2.940349e2 min=-3.201093e-2 max=4.465586e-1
step 2330, t = 0.0466000000000036  block: sum=1.407019e3 min=3.966138e-1 max=1.000000e0  cyl: sum=2.960967e2 min=-3.213383e-2 max=4.485779e-1
step 2340, t = 0.04680000000000366  block: sum=1.409556e3 min=3.988581e-1 max=1.000000e0  cyl: sum=2.981592e2 min=-3.225633e-2 max=4.505907e-1
step 2350, t = 0.04700000000000372  block: sum=1.412084e3 min=4.010950e-1 max=1.000000e0  cyl: sum=3.002224e2 min=-3.237841e-2 max=4.525970e-1
step 2360, t = 0.04720000000000378  block: sum=1.414602e3 min=4.033244e-1 max=1.000000e0  cyl: sum=3.022862e2 min=-3.250005e-2 max=4.545967e-1
step 2370, t = 0.04740000000000384  block: sum=1.417111e3 min=4.055464e-1 max=1.000000e0  cyl: sum=3.043507e2 min=-3.262125e-2 max=4.565899e-1
step 2380, t = 0.0476000000000039  block: sum=1.419610e3 min=4.077609e-1 max=1.000000e0  cyl: sum=3.064158e2 min=-3.274198e-2 max=4.585767e-1
step 2390, t = 0.047800000000003964  block: sum=1.422100e3 min=4.099680e-1 max=1.000000e0  cyl: sum=3.084814e2 min=-3.286224e-2 max=4.605569e-1
step 2400, t = 0.048000000000004026  block: sum=1.424581e3 min=4.121677e-1 max=1.000000e0  cyl: sum=3.105475e2 min=-3.298200e-2 max=4.625306e-1
step 2410, t = 0.04820000000000409  block: sum=1.427052e3 min=4.143599e-1 max=1.000000e0  cyl: sum=3.126142e2 min=-3.310126e-2 max=4.644979e-1
step 2420, t = 0.04840000000000415  block: sum=1.429514e3 min=4.165447e-1 max=1.000000e0  cyl: sum=3.146814e2 min=-3.321999e-2 max=4.664587e-1
step 2430, t = 0.04860000000000421  block: sum=1.431967e3 min=4.187221e-1 max=1.000000e0  cyl: sum=3.167489e2 min=-3.333819e-2 max=4.684131e-1
step 2440, t = 0.04880000000000427  block: sum=1.434411e3 min=4.208920e-1 max=1.000000e0  cyl: sum=3.188170e2 min=-3.345584e-2 max=4.703610e-1
step 2450, t = 0.04900000000000433  block: sum=1.436845e3 min=4.230545e-1 max=1.000000e0  cyl: sum=3.208854e2 min=-3.357293e-2 max=4.723024e-1
step 2460, t = 0.04920000000000439  block: sum=1.439271e3 min=4.252097e-1 max=1.000000e0  cyl: sum=3.229542e2 min=-3.368944e-2 max=4.742375e-1
step 2470, t = 0.049400000000004454  block: sum=1.441687e3 min=4.273574e-1 max=1.000000e0  cyl: sum=3.250233e2 min=-3.380537e-2 max=4.761661e-1
step 2480, t = 0.049600000000004515  block: sum=1.444094e3 min=4.294977e-1 max=1.000000e0  cyl: sum=3.270927e2 min=-3.392069e-2 max=4.780883e-1
step 2490, t = 0.04980000000000458  block: sum=1.446492e3 min=4.316307e-1 max=1.000000e0  cyl: sum=3.291624e2 min=-3.403539e-2 max=4.800042e-1
step 2500, t = 0.05000000000000464  block: sum=1.448881e3 min=4.337563e-1 max=1.000000e0  cyl: sum=3.312324e2 min=-3.414946e-2 max=4.819136e-1
step 2510, t = 0.0502000000000047  block: sum=1.451262e3 min=4.358745e-1 max=1.000000e0  cyl: sum=3.333026e2 min=-3.426289e-2 max=4.838167e-1
step 2520, t = 0.05040000000000476  block: sum=1.453633e3 min=4.379853e-1 max=1.000000e0  cyl: sum=3.353731e2 min=-3.437567e-2 max=4.857135e-1
step 2530, t = 0.05060000000000482  block: sum=1.455995e3 min=4.400888e-1 max=1.000000e0  cyl: sum=3.374437e2 min=-3.449175e-2 max=4.876038e-1
step 2540, t = 0.05080000000000488  block: sum=1.458349e3 min=4.421850e-1 max=1.000000e0  cyl: sum=3.395145e2 min=-3.461591e-2 max=4.894879e-1
step 2550, t = 0.051000000000004944  block: sum=1.460694e3 min=4.442738e-1 max=1.000000e0  cyl: sum=3.415854e2 min=-3.473963e-2 max=4.913656e-1
step 2560, t = 0.051200000000005005  block: sum=1.463030e3 min=4.463554e-1 max=1.000000e0  cyl: sum=3.436564e2 min=-3.486288e-2 max=4.932371e-1
step 2570, t = 0.05140000000000507  block: sum=1.465357e3 min=4.484296e-1 max=1.000000e0  cyl: sum=3.457275e2 min=-3.498565e-2 max=4.951022e-1
step 2580, t = 0.05160000000000513  block: sum=1.467675e3 min=4.504965e-1 max=1.000000e0  cyl: sum=3.477987e2 min=-3.510794e-2 max=4.969611e-1
step 2590, t = 0.05180000000000519  block: sum=1.469985e3 min=4.525562e-1 max=1.000000e0  cyl: sum=3.498700e2 min=-3.522973e-2 max=4.988136e-1
step 2600, t = 0.05200000000000525  block: sum=1.472286e3 min=4.546086e-1 max=1.000000e0  cyl: sum=3.519412e2 min=-3.535101e-2 max=5.006600e-1
step 2610, t = 0.05220000000000531  block: sum=1.474578e3 min=4.566537e-1 max=1.000000e0  cyl: sum=3.540125e2 min=-3.547177e-2 max=5.025000e-1
step 2620, t = 0.05240000000000537  block: sum=1.476862e3 min=4.586916e-1 max=1.000000e0  cyl: sum=3.560837e2 min=-3.559200e-2 max=5.043339e-1
step 2630, t = 0.052600000000005434  block: sum=1.479138e3 min=4.607223e-1 max=1.000000e0  cyl: sum=3.581549e2 min=-3.571170e-2 max=5.061615e-1
step 2640, t = 0.052800000000005495  block: sum=1.481404e3 min=4.627458e-1 max=1.000000e0  cyl: sum=3.602260e2 min=-3.583084e-2 max=5.079829e-1
step 2650, t = 0.05300000000000556  block: sum=1.483663e3 min=4.647620e-1 max=1.000000e0  cyl: sum=3.622970e2 min=-3.594942e-2 max=5.097981e-1
step 2660, t = 0.05320000000000562  block: sum=1.485912e3 min=4.667711e-1 max=1.000000e0  cyl: sum=3.643679e2 min=-3.606743e-2 max=5.116071e-1
step 2670, t = 0.05340000000000568  block: sum=1.488154e3 min=4.687730e-1 max=1.000000e0  cyl: sum=3.664386e2 min=-3.618486e-2 max=5.134100e-1
step 2680, t = 0.05360000000000574  block: sum=1.490386e3 min=4.707678e-1 max=1.000000e0  cyl: sum=3.685093e2 min=-3.630170e-2 max=5.152067e-1
step 2690, t = 0.0538000000000058  block: sum=1.492611e3 min=4.727554e-1 max=1.000000e0  cyl: sum=3.705797e2 min=-3.641794e-2 max=5.169973e-1
step 2700, t = 0.05400000000000586  block: sum=1.494827e3 min=4.747360e-1 max=1.000000e0  cyl: sum=3.726499e2 min=-3.653357e-2 max=5.187817e-1
step 2710, t = 0.054200000000005924  block: sum=1.497035e3 min=4.767094e-1 max=1.000000e0  cyl: sum=3.747199e2 min=-3.664858e-2 max=5.205600e-1
step 2720, t = 0.054400000000005985  block: sum=1.499234e3 min=4.786757e-1 max=1.000000e0  cyl: sum=3.767897e2 min=-3.676297e-2 max=5.223323e-1
step 2730, t = 0.054600000000006046  block: sum=1.501426e3 min=4.806349e-1 max=1.000000e0  cyl: sum=3.788593e2 min=-3.687671e-2 max=5.240984e-1
step 2740, t = 0.05480000000000611  block: sum=1.503609e3 min=4.825871e-1 max=1.000000e0  cyl: sum=3.809285e2 min=-3.698980e-2 max=5.258585e-1
step 2750, t = 0.05500000000000617  block: sum=1.505784e3 min=4.845322e-1 max=1.000000e0  cyl: sum=3.829975e2 min=-3.710224e-2 max=5.276125e-1
step 2760, t = 0.05520000000000623  block: sum=1.507950e3 min=4.864704e-1 max=1.000000e0  cyl: sum=3.850661e2 min=-3.721402e-2 max=5.293604e-1
step 2770, t = 0.05540000000000629  block: sum=1.510109e3 min=4.884015e-1 max=1.000000e0  cyl: sum=3.871344e2 min=-3.732512e-2 max=5.311024e-1
step 2780, t = 0.05560000000000635  block: sum=1.512259e3 min=4.903256e-1 max=1.000000e0  cyl: sum=3.892024e2 min=-3.743553e-2 max=5.328383e-1
step 2790, t = 0.055800000000006414  block: sum=1.514402e3 min=4.922428e-1 max=1.000000e0  cyl: sum=3.912700e2 min=-3.754526e-2 max=5.345682e-1
step 2800, t = 0.056000000000006475  block: sum=1.516536e3 min=4.941530e-1 max=1.000000e0  cyl: sum=3.933372e2 min=-3.765428e-2 max=5.362921e-1
step 2810, t = 0.056200000000006536  block: sum=1.518662e3 min=4.960563e-1 max=1.000000e0  cyl: sum=3.954040e2 min=-3.776260e-2 max=5.380100e-1
step 2820, t = 0.0564000000000066  block: sum=1.520780e3 min=4.979526e-1 max=1.000000e0  cyl: sum=3.974703e2 min=-3.787020e-2 max=5.397220e-1
step 2830, t = 0.05660000000000666  block: sum=1.522891e3 min=4.998421e-1 max=1.000000e0  cyl: sum=3.995363e2 min=-3.797707e-2 max=5.414281e-1
step 2840, t = 0.05680000000000672  block: sum=1.524993e3 min=5.017247e-1 max=1.000000e0  cyl: sum=4.016017e2 min=-3.808321e-2 max=5.431282e-1
step 2850, t = 0.05700000000000678  block: sum=1.527088e3 min=5.036004e-1 max=1.000000e0  cyl: sum=4.036667e2 min=-3.818861e-2 max=5.448224e-1
step 2860, t = 0.05720000000000684  block: sum=1.529174e3 min=5.054693e-1 max=1.000000e0  cyl: sum=4.057312e2 min=-3.829326e-2 max=5.465107e-1
step 2870, t = 0.057400000000006904  block: sum=1.531253e3 min=5.073313e-1 max=1.000000e0  cyl: sum=4.077952e2 min=-3.839716e-2 max=5.481931e-1
step 2880, t = 0.057600000000006965  block: sum=1.533324e3 min=5.091866e-1 max=1.000000e0  cyl: sum=4.098586e2 min=-3.850029e-2 max=5.498696e-1
step 2890, t = 0.057800000000007026  block: sum=1.535387e3 min=5.110350e-1 max=1.000000e0  cyl: sum=4.119215e2 min=-3.860264e-2 max=5.515403e-1
step 2900, t = 0.05800000000000709  block: sum=1.537443e3 min=5.128767e-1 max=1.000000e0  cyl: sum=4.139839e2 min=-3.871891e-2 max=5.532051e-1
step 2910, t = 0.05820000000000715  block: sum=1.539491e3 min=5.147117e-1 max=1.000000e0  cyl: sum=4.160457e2 min=-3.883839e-2 max=5.548641e-1
step 2920, t = 0.05840000000000721  block: sum=1.541531e3 min=5.165399e-1 max=1.000000e0  cyl: sum=4.181068e2 min=-3.895740e-2 max=5.565173e-1
step 2930, t = 0.05860000000000727  block: sum=1.543563e3 min=5.183614e-1 max=1.000000e0  cyl: sum=4.201674e2 min=-3.907592e-2 max=5.581647e-1
step 2940, t = 0.05880000000000733  block: sum=1.545588e3 min=5.201762e-1 max=1.000000e0  cyl: sum=4.222273e2 min=-3.919396e-2 max=5.598064e-1
step 2950, t = 0.059000000000007394  block: sum=1.547605e3 min=5.219844e-1 max=1.000000e0  cyl: sum=4.242866e2 min=-3.931150e-2 max=5.614422e-1
step 2960, t = 0.059200000000007455  block: sum=1.549614e3 min=5.237859e-1 max=1.000000e0  cyl: sum=4.263453e2 min=-3.942854e-2 max=5.630723e-1
step 2970, t = 0.059400000000007516  block: sum=1.551616e3 min=5.255807e-1 max=1.000000e0  cyl: sum=4.284033e2 min=-3.954508e-2 max=5.646967e-1
step 2980, t = 0.05960000000000758  block: sum=1.553611e3 min=5.273690e-1 max=1.000000e0  cyl: sum=4.304606e2 min=-3.966110e-2 max=5.663153e-1
step 2990, t = 0.05980000000000764  block: sum=1.555598e3 min=5.291507e-1 max=1.000000e0  cyl: sum=4.325171e2 min=-3.977661e-2 max=5.679283e-1
step 3000, t = 0.0600000000000077  block: sum=1.557577e3 min=5.309258e-1 max=1.000000e0  cyl: sum=4.345730e2 min=-3.989161e-2 max=5.695355e-1
step 3010, t = 0.06020000000000776  block: sum=1.559549e3 min=5.326943e-1 max=1.000000e0  cyl: sum=4.366282e2 min=-4.000607e-2 max=5.711371e-1
step 3020, t = 0.06040000000000782  block: sum=1.561514e3 min=5.344563e-1 max=1.000000e0  cyl: sum=4.386826e2 min=-4.012001e-2 max=5.727330e-1
step 3030, t = 0.060600000000007884  block: sum=1.563471e3 min=5.362118e-1 max=1.000000e0  cyl: sum=4.407362e2 min=-4.023341e-2 max=5.743233e-1
step 3040, t = 0.060800000000007945  block: sum=1.565421e3 min=5.379608e-1 max=1.000000e0  cyl: sum=4.427891e2 min=-4.034627e-2 max=5.759079e-1
step 3050, t = 0.061000000000008006  block: sum=1.567363e3 min=5.397034e-1 max=1.000000e0  cyl: sum=4.448412e2 min=-4.045858e-2 max=5.774869e-1
step 3060, t = 0.06120000000000807  block: sum=1.569298e3 min=5.414395e-1 max=1.000000e0  cyl: sum=4.468924e2 min=-4.057035e-2 max=5.790604e-1
step 3070, t = 0.06140000000000813  block: sum=1.571226e3 min=5.431691e-1 max=1.000000e0  cyl: sum=4.489429e2 min=-4.068156e-2 max=5.806282e-1
step 3080, t = 0.06160000000000819  block: sum=1.573147e3 min=5.448924e-1 max=1.000000e0  cyl: sum=4.509926e2 min=-4.079222e-2 max=5.821905e-1
step 3090, t = 0.06180000000000825  block: sum=1.575060e3 min=5.466092e-1 max=1.000000e0  cyl: sum=4.530414e2 min=-4.090231e-2 max=5.837472e-1
step 3100, t = 0.06200000000000831  block: sum=1.576967e3 min=5.483197e-1 max=1.000000e0  cyl: sum=4.550893e2 min=-4.101183e-2 max=5.852984e-1
step 3110, t = 0.062200000000008374  block: sum=1.578866e3 min=5.500239e-1 max=1.000000e0  cyl: sum=4.571364e2 min=-4.112078e-2 max=5.868441e-1
step 3120, t = 0.062400000000008435  block: sum=1.580758e3 min=5.517217e-1 max=1.000000e0  cyl: sum=4.591826e2 min=-4.122916e-2 max=5.883842e-1
step 3130, t = 0.06260000000000843  block: sum=1.582642e3 min=5.534132e-1 max=1.000000e0  cyl: sum=4.612279e2 min=-4.133695e-2 max=5.899189e-1
step 3140, t = 0.06280000000000835  block: sum=1.584520e3 min=5.550984e-1 max=1.000000e0  cyl: sum=4.632723e2 min=-4.144416e-2 max=5.914481e-1
step 3150, t = 0.06300000000000827  block: sum=1.586391e3 min=5.567774e-1 max=1.000000e0  cyl: sum=4.653158e2 min=-4.155078e-2 max=5.929719e-1
step 3160, t = 0.0632000000000082  block: sum=1.588254e3 min=5.584501e-1 max=1.000000e0  cyl: sum=4.673584e2 min=-4.165681e-2 max=5.944902e-1
step 3170, t = 0.06340000000000812  block: sum=1.590111e3 min=5.601166e-1 max=1.000000e0  cyl: sum=4.694000e2 min=-4.176224e-2 max=5.960031e-1
step 3180, t = 0.06360000000000804  block: sum=1.591961e3 min=5.617769e-1 max=1.000000e0  cyl: sum=4.714407e2 min=-4.186706e-2 max=5.975105e-1
step 3190, t = 0.06380000000000796  block: sum=1.593803e3 min=5.634310e-1 max=1.000000e0  cyl: sum=4.734804e2 min=-4.197129e-2 max=5.990126e-1
step 3200, t = 0.06400000000000788  block: sum=1.595639e3 min=5.650789e-1 max=1.000000e0  cyl: sum=4.755191e2 min=-4.207490e-2 max=6.005093e-1
step 3210, t = 0.0642000000000078  block: sum=1.597468e3 min=5.667207e-1 max=1.000000e0  cyl: sum=4.775569e2 min=-4.217790e-2 max=6.020006e-1
step 3220, t = 0.06440000000000773  block: sum=1.599290e3 min=5.683564e-1 max=1.000000e0  cyl: sum=4.795936e2 min=-4.228028e-2 max=6.034866e-1
step 3230, t = 0.06460000000000765  block: sum=1.601105e3 min=5.699859e-1 max=1.000000e0  cyl: sum=4.816293e2 min=-4.238204e-2 max=6.049673e-1
step 3240, t = 0.06480000000000757  block: sum=1.602913e3 min=5.716094e-1 max=1.000000e0  cyl: sum=4.836640e2 min=-4.248318e-2 max=6.064426e-1
step 3250, t = 0.0650000000000075  block: sum=1.604714e3 min=5.732268e-1 max=1.000000e0  cyl: sum=4.856977e2 min=-4.258369e-2 max=6.079126e-1
step 3260, t = 0.06520000000000742  block: sum=1.606509e3 min=5.748382e-1 max=1.000000e0  cyl: sum=4.877303e2 min=-4.268356e-2 max=6.093774e-1
step 3270, t = 0.06540000000000734  block: sum=1.608297e3 min=5.764436e-1 max=1.000000e0  cyl: sum=4.897619e2 min=-4.278280e-2 max=6.108369e-1
step 3280, t = 0.06560000000000726  block: sum=1.610078e3 min=5.780429e-1 max=1.000000e0  cyl: sum=4.917924e2 min=-4.288140e-2 max=6.122911e-1
step 3290, t = 0.06580000000000719  block: sum=1.611852e3 min=5.796363e-1 max=1.000000e0  cyl: sum=4.938218e2 min=-4.297935e-2 max=6.137401e-1
step 3300, t = 0.06600000000000711  block: sum=1.613620e3 min=5.812237e-1 max=1.000000e0  cyl: sum=4.958502e2 min=-4.307666e-2 max=6.151839e-1
step 3310, t = 0.06620000000000703  block: sum=1.615381e3 min=5.828052e-1 max=1.000000e0  cyl: sum=4.978774e2 min=-4.317332e-2 max=6.166225e-1
step 3320, t = 0.06640000000000695  block: sum=1.617136e3 min=5.843808e-1 max=1.000000e0  cyl: sum=4.999035e2 min=-4.326933e-2 max=6.180558e-1
step 3330, t = 0.06660000000000688  block: sum=1.618883e3 min=5.859505e-1 max=1.000000e0  cyl: sum=5.019286e2 min=-4.336467e-2 max=6.194840e-1
step 3340, t = 0.0668000000000068  block: sum=1.620625e3 min=5.875143e-1 max=1.000000e0  cyl: sum=5.039524e2 min=-4.345936e-2 max=6.209071e-1
step 3350, t = 0.06700000000000672  block: sum=1.622359e3 min=5.890722e-1 max=1.000000e0  cyl: sum=5.059752e2 min=-4.355339e-2 max=6.223250e-1
step 3360, t = 0.06720000000000664  block: sum=1.624088e3 min=5.906243e-1 max=1.000000e0  cyl: sum=5.079968e2 min=-4.364674e-2 max=6.237378e-1
step 3370, t = 0.06740000000000657  block: sum=1.625809e3 min=5.921706e-1 max=1.000000e0  cyl: sum=5.100172e2 min=-4.373943e-2 max=6.251454e-1
step 3380, t = 0.06760000000000649  block: sum=1.627524e3 min=5.937111e-1 max=1.000000e0  cyl: sum=5.120365e2 min=-4.383144e-2 max=6.265480e-1
step 3390, t = 0.06780000000000641  block: sum=1.629233e3 min=5.952458e-1 max=1.000000e0  cyl: sum=5.140546e2 min=-4.392277e-2 max=6.279455e-1
step 3400, t = 0.06800000000000633  block: sum=1.630935e3 min=5.967748e-1 max=1.000000e0  cyl: sum=5.160715e2 min=-4.401343e-2 max=6.293380e-1
step 3410, t = 0.06820000000000626  block: sum=1.632631e3 min=5.982980e-1 max=1.000000e0  cyl: sum=5.180872e2 min=-4.410340e-2 max=6.307253e-1
step 3420, t = 0.06840000000000618  block: sum=1.634321e3 min=5.998155e-1 max=1.000000e0  cyl: sum=5.201017e2 min=-4.419269e-2 max=6.321077e-1
step 3430, t = 0.0686000000000061  block: sum=1.636004e3 min=6.013273e-1 max=1.000000e0  cyl: sum=5.221150e2 min=-4.428128e-2 max=6.334850e-1
step 3440, t = 0.06880000000000602  block: sum=1.637681e3 min=6.028335e-1 max=1.000000e0  cyl: sum=5.241271e2 min=-4.436919e-2 max=6.348574e-1
step 3450, t = 0.06900000000000595  block: sum=1.639351e3 min=6.043340e-1 max=1.000000e0  cyl: sum=5.261379e2 min=-4.445640e-2 max=6.362247e-1
step 3460, t = 0.06920000000000587  block: sum=1.641015e3 min=6.058288e-1 max=1.000000e0  cyl: sum=5.281475e2 min=-4.454291e-2 max=6.375871e-1
step 3470, t = 0.06940000000000579  block: sum=1.642673e3 min=6.073181e-1 max=1.000000e0  cyl: sum=5.301558e2 min=-4.462871e-2 max=6.389445e-1
step 3480, t = 0.06960000000000571  block: sum=1.644325e3 min=6.088017e-1 max=1.000000e0  cyl: sum=5.321629e2 min=-4.471382e-2 max=6.402970e-1
step 3490, t = 0.06980000000000564  block: sum=1.645970e3 min=6.102798e-1 max=1.000000e0  cyl: sum=5.341687e2 min=-4.479822e-2 max=6.416446e-1
step 3500, t = 0.07000000000000556  block: sum=1.647610e3 min=6.117523e-1 max=1.000000e0  cyl: sum=5.361733e2 min=-4.488191e-2 max=6.429873e-1
step 3510, t = 0.07020000000000548  block: sum=1.649243e3 min=6.132193e-1 max=1.000000e0  cyl: sum=5.381765e2 min=-4.496488e-2 max=6.443250e-1
step 3520, t = 0.0704000000000054  block: sum=1.650869e3 min=6.146808e-1 max=1.000000e0  cyl: sum=5.401785e2 min=-4.504714e-2 max=6.456580e-1
step 3530, t = 0.07060000000000533  block: sum=1.652490e3 min=6.161368e-1 max=1.000000e0  cyl: sum=5.421792e2 min=-4.512868e-2 max=6.469860e-1
step 3540, t = 0.07080000000000525  block: sum=1.654105e3 min=6.175873e-1 max=1.000000e0  cyl: sum=5.441785e2 min=-4.520950e-2 max=6.483092e-1
step 3550, t = 0.07100000000000517  block: sum=1.655713e3 min=6.190323e-1 max=1.000000e0  cyl: sum=5.461766e2 min=-4.528960e-2 max=6.496276e-1
step 3560, t = 0.07120000000000509  block: sum=1.657316e3 min=6.204719e-1 max=1.000000e0  cyl: sum=5.481733e2 min=-4.536897e-2 max=6.509411e-1
step 3570, t = 0.07140000000000502  block: sum=1.658912e3 min=6.219061e-1 max=1.000000e0  cyl: sum=5.501687e2 min=-4.544761e-2 max=6.522499e-1
step 3580, t = 0.07160000000000494  block: sum=1.660503e3 min=6.233349e-1 max=1.000000e0  cyl: sum=5.521627e2 min=-4.552553e-2 max=6.535539e-1
step 3590, t = 0.07180000000000486  block: sum=1.662087e3 min=6.247583e-1 max=1.000000e0  cyl: sum=5.541554e2 min=-4.560270e-2 max=6.548531e-1
step 3600, t = 0.07200000000000478  block: sum=1.663666e3 min=6.261764e-1 max=1.000000e0  cyl: sum=5.561467e2 min=-4.567914e-2 max=6.561475e-1
step 3610, t = 0.0722000000000047  block: sum=1.665238e3 min=6.275891e-1 max=1.000000e0  cyl: sum=5.581367e2 min=-4.575485e-2 max=6.574373e-1
step 3620, t = 0.07240000000000463  block: sum=1.666805e3 min=6.289965e-1 max=1.000000e0  cyl: sum=5.601253e2 min=-4.582981e-2 max=6.587223e-1
step 3630, t = 0.07260000000000455  block: sum=1.668366e3 min=6.303986e-1 max=1.000000e0  cyl: sum=5.621125e2 min=-4.590402e-2 max=6.600026e-1
step 3640, t = 0.07280000000000447  block: sum=1.669920e3 min=6.317954e-1 max=1.000000e0  cyl: sum=5.640984e2 min=-4.597749e-2 max=6.612782e-1
step 3650, t = 0.0730000000000044  block: sum=1.671469e3 min=6.331870e-1 max=1.000000e0  cyl: sum=5.660828e2 min=-4.605021e-2 max=6.625491e-1
step 3660, t = 0.07320000000000432  block: sum=1.673012e3 min=6.345733e-1 max=1.000000e0  cyl: sum=5.680659e2 min=-4.612218e-2 max=6.638154e-1
step 3670, t = 0.07340000000000424  block: sum=1.674550e3 min=6.359544e-1 max=1.000000e0  cyl: sum=5.700476e2 min=-4.619340e-2 max=6.650771e-1
step 3680, t = 0.07360000000000416  block: sum=1.676081e3 min=6.373303e-1 max=1.000000e0  cyl: sum=5.720278e2 min=-4.626386e-2 max=6.663341e-1
step 3690, t = 0.07380000000000408  block: sum=1.677607e3 min=6.387010e-1 max=1.000000e0  cyl: sum=5.740066e2 min=-4.633357e-2 max=6.675865e-1
step 3700, t = 0.07400000000000401  block: sum=1.679127e3 min=6.400666e-1 max=1.000000e0  cyl: sum=5.759840e2 min=-4.640251e-2 max=6.688343e-1
step 3710, t = 0.07420000000000393  block: sum=1.680641e3 min=6.414270e-1 max=1.000000e0  cyl: sum=5.779600e2 min=-4.647069e-2 max=6.700775e-1
step 3720, t = 0.07440000000000385  block: sum=1.682150e3 min=6.427823e-1 max=1.000000e0  cyl: sum=5.799345e2 min=-4.653811e-2 max=6.713162e-1
step 3730, t = 0.07460000000000377  block: sum=1.683652e3 min=6.441324e-1 max=1.000000e0  cyl: sum=5.819075e2 min=-4.660476e-2 max=6.725503e-1
step 3740, t = 0.0748000000000037  block: sum=1.685150e3 min=6.454775e-1 max=1.000000e0  cyl: sum=5.838792e2 min=-4.667064e-2 max=6.737799e-1
step 3750, t = 0.07500000000000362  block: sum=1.686641e3 min=6.468175e-1 max=1.000000e0  cyl: sum=5.858493e2 min=-4.673574e-2 max=6.750049e-1
step 3760, t = 0.07520000000000354  block: sum=1.688127e3 min=6.481524e-1 max=1.000000e0  cyl: sum=5.878180e2 min=-4.680008e-2 max=6.762255e-1
step 3770, t = 0.07540000000000346  block: sum=1.689607e3 min=6.494823e-1 max=1.000000e0  cyl: sum=5.897853e2 min=-4.686364e-2 max=6.774415e-1
step 3780, t = 0.07560000000000339  block: sum=1.691082e3 min=6.508072e-1 max=1.000000e0  cyl: sum=5.917510e2 min=-4.692642e-2 max=6.786531e-1
step 3790, t = 0.07580000000000331  block: sum=1.692551e3 min=6.521271e-1 max=1.000000e0  cyl: sum=5.937153e2 min=-4.698843e-2 max=6.798602e-1
step 3800, t = 0.07600000000000323  block: sum=1.694015e3 min=6.534421e-1 max=1.000000e0  cyl: sum=5.956780e2 min=-4.704965e-2 max=6.810629e-1
step 3810, t = 0.07620000000000315  block: sum=1.695473e3 min=6.547520e-1 max=1.000000e0  cyl: sum=5.976393e2 min=-4.711009e-2 max=6.822612e-1
step 3820, t = 0.07640000000000308  block: sum=1.696925e3 min=6.560570e-1 max=1.000000e0  cyl: sum=5.995991e2 min=-4.716974e-2 max=6.834550e-1
step 3830, t = 0.076600000000003  block: sum=1.698373e3 min=6.573571e-1 max=1.000000e0  cyl: sum=6.015574e2 min=-4.722861e-2 max=6.846444e-1
step 3840, t = 0.07680000000000292  block: sum=1.699814e3 min=6.586523e-1 max=1.000000e0  cyl: sum=6.035141e2 min=-4.728668e-2 max=6.858295e-1
step 3850, t = 0.07700000000000284  block: sum=1.701250e3 min=6.599426e-1 max=1.000000e0  cyl: sum=6.054694e2 min=-4.734397e-2 max=6.870101e-1
step 3860, t = 0.07720000000000277  block: sum=1.702681e3 min=6.612280e-1 max=1.000000e0  cyl: sum=6.074231e2 min=-4.740046e-2 max=6.881864e-1
step 3870, t = 0.07740000000000269  block: sum=1.704107e3 min=6.625086e-1 max=1.000000e0  cyl: sum=6.093753e2 min=-4.745616e-2 max=6.893584e-1
step 3880, t = 0.07760000000000261  block: sum=1.705527e3 min=6.637844e-1 max=1.000000e0  cyl: sum=6.113260e2 min=-4.751106e-2 max=6.905261e-1
step 3890, t = 0.07780000000000253  block: sum=1.706941e3 min=6.650553e-1 max=1.000000e0  cyl: sum=6.132751e2 min=-4.756517e-2 max=6.916894e-1
step 3900, t = 0.07800000000000246  block: sum=1.708351e3 min=6.663214e-1 max=1.000000e0  cyl: sum=6.152227e2 min=-4.761847e-2 max=6.928484e-1
step 3910, t = 0.07820000000000238  block: sum=1.709755e3 min=6.675828e-1 max=1.000000e0  cyl: sum=6.171687e2 min=-4.767097e-2 max=6.940032e-1
step 3920, t = 0.0784000000000023  block: sum=1.711153e3 min=6.688393e-1 max=1.000000e0  cyl: sum=6.191132e2 min=-4.772267e-2 max=6.951537e-1
step 3930, t = 0.07860000000000222  block: sum=1.712547e3 min=6.700912e-1 max=1.000000e0  cyl: sum=6.210561e2 min=-4.777356e-2 max=6.962999e-1
step 3940, t = 0.07880000000000215  block: sum=1.713935e3 min=6.713383e-1 max=1.000000e0  cyl: sum=6.229974e2 min=-4.782365e-2 max=6.974419e-1
step 3950, t = 0.07900000000000207  block: sum=1.715318e3 min=6.725807e-1 max=1.000000e0  cyl: sum=6.249372e2 min=-4.787292e-2 max=6.985797e-1
step 3960, t = 0.07920000000000199  block: sum=1.716696e3 min=6.738184e-1 max=1.000000e0  cyl: sum=6.268754e2 min=-4.792139e-2 max=6.997133e-1
step 3970, t = 0.07940000000000191  block: sum=1.718068e3 min=6.750515e-1 max=1.000000e0  cyl: sum=6.288120e2 min=-4.796904e-2 max=7.008426e-1
step 3980, t = 0.07960000000000184  block: sum=1.719436e3 min=6.762799e-1 max=1.000000e0  cyl: sum=6.307470e2 min=-4.801589e-2 max=7.019678e-1
step 3990, t = 0.07980000000000176  block: sum=1.720798e3 min=6.775036e-1 max=1.000000e0  cyl: sum=6.326805e2 min=-4.806191e-2 max=7.030888e-1
step 4000, t = 0.08000000000000168  block: sum=1.722155e3 min=6.787227e-1 max=1.000000e0  cyl: sum=6.346123e2 min=-4.810712e-2 max=7.042057e-1
step 4010, t = 0.0802000000000016  block: sum=1.723507e3 min=6.799372e-1 max=1.000000e0  cyl: sum=6.365426e2 min=-4.815151e-2 max=7.053184e-1
step 4020, t = 0.08040000000000153  block: sum=1.724854e3 min=6.811472e-1 max=1.000000e0  cyl: sum=6.384712e2 min=-4.819508e-2 max=7.064271e-1
step 4030, t = 0.08060000000000145  block: sum=1.726195e3 min=6.823525e-1 max=1.000000e0  cyl: sum=6.403982e2 min=-4.823784e-2 max=7.075316e-1
step 4040, t = 0.08080000000000137  block: sum=1.727532e3 min=6.835533e-1 max=1.000000e0  cyl: sum=6.423237e2 min=-4.827976e-2 max=7.086320e-1
step 4050, t = 0.0810000000000013  block: sum=1.728864e3 min=6.847496e-1 max=1.000000e0  cyl: sum=6.442475e2 min=-4.832087e-2 max=7.097283e-1
step 4060, t = 0.08120000000000122  block: sum=1.730190e3 min=6.859413e-1 max=1.000000e0  cyl: sum=6.461696e2 min=-4.836115e-2 max=7.108206e-1
step 4070, t = 0.08140000000000114  block: sum=1.731512e3 min=6.871286e-1 max=1.000000e0  cyl: sum=6.480902e2 min=-4.840060e-2 max=7.119088e-1
step 4080, t = 0.08160000000000106  block: sum=1.732828e3 min=6.883114e-1 max=1.000000e0  cyl: sum=6.500091e2 min=-4.843923e-2 max=7.129929e-1
step 4090, t = 0.08180000000000098  block: sum=1.734140e3 min=6.894896e-1 max=1.000000e0  cyl: sum=6.519264e2 min=-4.847702e-2 max=7.140731e-1
step 4100, t = 0.0820000000000009  block: sum=1.735447e3 min=6.906635e-1 max=1.000000e0  cyl: sum=6.538421e2 min=-4.851399e-2 max=7.151492e-1
step 4110, t = 0.08220000000000083  block: sum=1.736749e3 min=6.918329e-1 max=1.000000e0  cyl: sum=6.557561e2 min=-4.855012e-2 max=7.162214e-1
step 4120, t = 0.08240000000000075  block: sum=1.738045e3 min=6.929979e-1 max=1.000000e0  cyl: sum=6.576685e2 min=-4.858542e-2 max=7.172895e-1
step 4130, t = 0.08260000000000067  block: sum=1.739337e3 min=6.941585e-1 max=1.000000e0  cyl: sum=6.595792e2 min=-4.861988e-2 max=7.183537e-1
step 4140, t = 0.0828000000000006  block: sum=1.740624e3 min=6.953146e-1 max=1.000000e0  cyl: sum=6.614883e2 min=-4.865351e-2 max=7.194140e-1
step 4150, t = 0.08300000000000052  block: sum=1.741907e3 min=6.964665e-1 max=1.000000e0  cyl: sum=6.633957e2 min=-4.868631e-2 max=7.204703e-1
step 4160, t = 0.08320000000000044  block: sum=1.743184e3 min=6.976139e-1 max=1.000000e0  cyl: sum=6.653014e2 min=-4.871826e-2 max=7.215226e-1
step 4170, t = 0.08340000000000036  block: sum=1.744457e3 min=6.987571e-1 max=1.000000e0  cyl: sum=6.672055e2 min=-4.874938e-2 max=7.225711e-1
step 4180, t = 0.08360000000000029  block: sum=1.745724e3 min=6.998959e-1 max=1.000000e0  cyl: sum=6.691079e2 min=-4.877965e-2 max=7.236156e-1
step 4190, t = 0.08380000000000021  block: sum=1.746987e3 min=7.010304e-1 max=1.000000e0  cyl: sum=6.710087e2 min=-4.880908e-2 max=7.246563e-1
step 4200, t = 0.08400000000000013  block: sum=1.748246e3 min=7.021606e-1 max=1.000000e0  cyl: sum=6.729077e2 min=-4.883767e-2 max=7.256931e-1
step 4210, t = 0.08420000000000005  block: sum=1.749499e3 min=7.032866e-1 max=1.000000e0  cyl: sum=6.748051e2 min=-4.886542e-2 max=7.267261e-1
step 4220, t = 0.08439999999999998  block: sum=1.750748e3 min=7.044083e-1 max=1.000000e0  cyl: sum=6.767008e2 min=-4.889232e-2 max=7.277552e-1
step 4230, t = 0.0845999999999999  block: sum=1.751992e3 min=7.055257e-1 max=1.000000e0  cyl: sum=6.785948e2 min=-4.891838e-2 max=7.287805e-1
step 4240, t = 0.08479999999999982  block: sum=1.753231e3 min=7.066390e-1 max=1.000000e0  cyl: sum=6.804872e2 min=-4.894359e-2 max=7.298019e-1
step 4250, t = 0.08499999999999974  block: sum=1.754466e3 min=7.077480e-1 max=1.000000e0  cyl: sum=6.823778e2 min=-4.896795e-2 max=7.308196e-1
step 4260, t = 0.08519999999999966  block: sum=1.755696e3 min=7.088528e-1 max=1.000000e0  cyl: sum=6.842667e2 min=-4.899146e-2 max=7.318334e-1
step 4270, t = 0.08539999999999959  block: sum=1.756921e3 min=7.099535e-1 max=1.000000e0  cyl: sum=6.861540e2 min=-4.901412e-2 max=7.328435e-1
step 4280, t = 0.08559999999999951  block: sum=1.758142e3 min=7.110500e-1 max=1.000000e0  cyl: sum=6.880395e2 min=-4.903594e-2 max=7.338498e-1
step 4290, t = 0.08579999999999943  block: sum=1.759358e3 min=7.121423e-1 max=1.000000e0  cyl: sum=6.899233e2 min=-4.905690e-2 max=7.348524e-1
step 4300, t = 0.08599999999999935  block: sum=1.760569e3 min=7.132305e-1 max=1.000000e0  cyl: sum=6.918055e2 min=-4.907701e-2 max=7.358513e-1
step 4310, t = 0.08619999999999928  block: sum=1.761776e3 min=7.143147e-1 max=1.000000e0  cyl: sum=6.936859e2 min=-4.909626e-2 max=7.368464e-1
step 4320, t = 0.0863999999999992  block: sum=1.762979e3 min=7.153947e-1 max=1.000000e0  cyl: sum=6.955646e2 min=-4.911466e-2 max=7.378378e-1
step 4330, t = 0.08659999999999912  block: sum=1.764177e3 min=7.164706e-1 max=1.000000e0  cyl: sum=6.974415e2 min=-4.913221e-2 max=7.388255e-1
step 4340, t = 0.08679999999999904  block: sum=1.765370e3 min=7.175424e-1 max=1.000000e0  cyl: sum=6.993168e2 min=-4.914890e-2 max=7.398095e-1
step 4350, t = 0.08699999999999897  block: sum=1.766559e3 min=7.186102e-1 max=1.000000e0  cyl: sum=7.011903e2 min=-4.916473e-2 max=7.407899e-1
step 4360, t = 0.08719999999999889  block: sum=1.767743e3 min=7.196740e-1 max=1.000000e0  cyl: sum=7.030621e2 min=-4.917970e-2 max=7.417666e-1
step 4370, t = 0.08739999999999881  block: sum=1.768923e3 min=7.207338e-1 max=1.000000e0  cyl: sum=7.049322e2 min=-4.919382e-2 max=7.427396e-1
step 4380, t = 0.08759999999999873  block: sum=1.770098e3 min=7.217895e-1 max=1.000000e0  cyl: sum=7.068006e2 min=-4.920708e-2 max=7.437091e-1
step 4390, t = 0.08779999999999866  block: sum=1.771269e3 min=7.228412e-1 max=1.000000e0  cyl: sum=7.086672e2 min=-4.921948e-2 max=7.446749e-1
step 4400, t = 0.08799999999999858  block: sum=1.772436e3 min=7.238890e-1 max=1.000000e0  cyl: sum=7.105320e2 min=-4.923102e-2 max=7.456371e-1
step 4410, t = 0.0881999999999985  block: sum=1.773598e3 min=7.249328e-1 max=1.000000e0  cyl: sum=7.123952e2 min=-4.924169e-2 max=7.465957e-1
step 4420, t = 0.08839999999999842  block: sum=1.774756e3 min=7.259727e-1 max=1.000000e0  cyl: sum=7.142565e2 min=-4.925151e-2 max=7.475507e-1
step 4430, t = 0.08859999999999835  block: sum=1.775909e3 min=7.270086e-1 max=1.000000e0  cyl: sum=7.161162e2 min=-4.926046e-2 max=7.485022e-1
step 4440, t = 0.08879999999999827  block: sum=1.777058e3 min=7.280406e-1 max=1.000000e0  cyl: sum=7.179741e2 min=-4.926856e-2 max=7.494501e-1
step 4450, t = 0.08899999999999819  block: sum=1.778203e3 min=7.290687e-1 max=1.000000e0  cyl: sum=7.198302e2 min=-4.927578e-2 max=7.503944e-1
step 4460, t = 0.08919999999999811  block: sum=1.779343e3 min=7.300929e-1 max=1.000000e0  cyl: sum=7.216846e2 min=-4.928215e-2 max=7.513353e-1
step 4470, t = 0.08939999999999804  block: sum=1.780479e3 min=7.311133e-1 max=1.000000e0  cyl: sum=7.235373e2 min=-4.928765e-2 max=7.522726e-1
step 4480, t = 0.08959999999999796  block: sum=1.781611e3 min=7.321298e-1 max=1.000000e0  cyl: sum=7.253881e2 min=-4.929228e-2 max=7.532064e-1
step 4490, t = 0.08979999999999788  block: sum=1.782739e3 min=7.331424e-1 max=1.000000e0  cyl: sum=7.272373e2 min=-4.929605e-2 max=7.541368e-1
step 4500, t = 0.0899999999999978  block: sum=1.783862e3 min=7.341513e-1 max=1.000000e0  cyl: sum=7.290846e2 min=-4.929895e-2 max=7.550636e-1
step 4510, t = 0.09019999999999773  block: sum=1.784981e3 min=7.351563e-1 max=1.000000e0  cyl: sum=7.309302e2 min=-4.930099e-2 max=7.559870e-1
step 4520, t = 0.09039999999999765  block: sum=1.786096e3 min=7.361575e-1 max=1.000000e0  cyl: sum=7.327740e2 min=-4.930216e-2 max=7.569069e-1
step 4530, t = 0.09059999999999757  block: sum=1.787206e3 min=7.371549e-1 max=1.000000e0  cyl: sum=7.346161e2 min=-4.930246e-2 max=7.578234e-1
step 4540, t = 0.0907999999999975  block: sum=1.788313e3 min=7.381485e-1 max=1.000000e0  cyl: sum=7.364564e2 min=-4.930189e-2 max=7.587365e-1
step 4550, t = 0.09099999999999742  block: sum=1.789415e3 min=7.391384e-1 max=1.000000e0  cyl: sum=7.382949e2 min=-4.930046e-2 max=7.596462e-1
step 4560, t = 0.09119999999999734  block: sum=1.790513e3 min=7.401246e-1 max=1.000000e0  cyl: sum=7.401317e2 min=-4.929815e-2 max=7.605524e-1
step 4570, t = 0.09139999999999726  block: sum=1.791607e3 min=7.411070e-1 max=1.000000e0  cyl: sum=7.419666e2 min=-4.929498e-2 max=7.614553e-1
step 4580, t = 0.09159999999999718  block: sum=1.792696e3 min=7.420857e-1 max=1.000000e0  cyl: sum=7.437998e2 min=-4.929094e-2 max=7.623547e-1
step 4590, t = 0.0917999999999971  block: sum=1.793782e3 min=7.430607e-1 max=1.000000e0  cyl: sum=7.456312e2 min=-4.928603e-2 max=7.632509e-1
step 4600, t = 0.09199999999999703  block: sum=1.794864e3 min=7.440320e-1 max=1.000000e0  cyl: sum=7.474608e2 min=-4.928025e-2 max=7.641436e-1
step 4610, t = 0.09219999999999695  block: sum=1.795941e3 min=7.449996e-1 max=1.000000e0  cyl: sum=7.492887e2 min=-4.927360e-2 max=7.650330e-1
step 4620, t = 0.09239999999999687  block: sum=1.797014e3 min=7.459636e-1 max=1.000000e0  cyl: sum=7.511147e2 min=-4.926608e-2 max=7.659191e-1
step 4630, t = 0.0925999999999968  block: sum=1.798084e3 min=7.469239e-1 max=1.000000e0  cyl: sum=7.529390e2 min=-4.925769e-2 max=7.668019e-1
step 4640, t = 0.09279999999999672  block: sum=1.799149e3 min=7.478806e-1 max=1.000000e0  cyl: sum=7.547615e2 min=-4.924843e-2 max=7.676814e-1
step 4650, t = 0.09299999999999664  block: sum=1.800210e3 min=7.488337e-1 max=1.000000e0  cyl: sum=7.565822e2 min=-4.923830e-2 max=7.685575e-1
step 4660, t = 0.09319999999999656  block: sum=1.801268e3 min=7.497832e-1 max=1.000000e0  cyl: sum=7.584011e2 min=-4.922729e-2 max=7.694304e-1
step 4670, t = 0.09339999999999649  block: sum=1.802321e3 min=7.507291e-1 max=1.000000e0  cyl: sum=7.602182e2 min=-4.921542e-2 max=7.703000e-1
step 4680, t = 0.09359999999999641  block: sum=1.803370e3 min=7.516714e-1 max=1.000000e0  cyl: sum=7.620335e2 min=-4.920267e-2 max=7.711664e-1
step 4690, t = 0.09379999999999633  block: sum=1.804416e3 min=7.526102e-1 max=1.000000e0  cyl: sum=7.638470e2 min=-4.918905e-2 max=7.720295e-1
step 4700, t = 0.09399999999999625  block: sum=1.805457e3 min=7.535454e-1 max=1.000000e0  cyl: sum=7.656587e2 min=-4.917456e-2 max=7.728894e-1
step 4710, t = 0.09419999999999618  block: sum=1.806494e3 min=7.544770e-1 max=1.000000e0  cyl: sum=7.674686e2 min=-4.915920e-2 max=7.737461e-1
step 4720, t = 0.0943999999999961  block: sum=1.807528e3 min=7.554052e-1 max=1.000000e0  cyl: sum=7.692767e2 min=-4.914297e-2 max=7.745995e-1
step 4730, t = 0.09459999999999602  block: sum=1.808558e3 min=7.563298e-1 max=1.000000e0  cyl: sum=7.710830e2 min=-4.912586e-2 max=7.754498e-1
step 4740, t = 0.09479999999999594  block: sum=1.809583e3 min=7.572509e-1 max=1.000000e0  cyl: sum=7.728875e2 min=-4.910789e-2 max=7.762968e-1
step 4750, t = 0.09499999999999587  block: sum=1.810605e3 min=7.581686e-1 max=1.000000e0  cyl: sum=7.746902e2 min=-4.908904e-2 max=7.771407e-1
step 4760, t = 0.09519999999999579  block: sum=1.811623e3 min=7.590828e-1 max=1.000000e0  cyl: sum=7.764911e2 min=-4.906932e-2 max=7.779814e-1
step 4770, t = 0.09539999999999571  block: sum=1.812637e3 min=7.599935e-1 max=1.000000e0  cyl: sum=7.782902e2 min=-4.904872e-2 max=7.788190e-1
step 4780, t = 0.09559999999999563  block: sum=1.813648e3 min=7.609008e-1 max=1.000000e0  cyl: sum=7.800874e2 min=-4.902726e-2 max=7.796534e-1
step 4790, t = 0.09579999999999556  block: sum=1.814654e3 min=7.618046e-1 max=1.000000e0  cyl: sum=7.818829e2 min=-4.900493e-2 max=7.804847e-1
step 4800, t = 0.09599999999999548  block: sum=1.815657e3 min=7.627050e-1 max=1.000000e0  cyl: sum=7.836765e2 min=-4.898172e-2 max=7.813129e-1
step 4810, t = 0.0961999999999954  block: sum=1.816656e3 min=7.636021e-1 max=1.000000e0  cyl: sum=7.854683e2 min=-4.895764e-2 max=7.821380e-1
step 4820, t = 0.09639999999999532  block: sum=1.817651e3 min=7.644957e-1 max=1.000000e0  cyl: sum=7.872583e2 min=-4.893269e-2 max=7.829600e-1
step 4830, t = 0.09659999999999525  block: sum=1.818642e3 min=7.653860e-1 max=1.000000e0  cyl: sum=7.890465e2 min=-4.890687e-2 max=7.837789e-1
step 4840, t = 0.09679999999999517  block: sum=1.819630e3 min=7.662728e-1 max=1.000000e0  cyl: sum=7.908329e2 min=-4.888018e-2 max=7.845947e-1
step 4850, t = 0.09699999999999509  block: sum=1.820614e3 min=7.671564e-1 max=1.000000e0  cyl: sum=7.926175e2 min=-4.885261e-2 max=7.854074e-1
step 4860, t = 0.09719999999999501  block: sum=1.821594e3 min=7.680366e-1 max=1.000000e0  cyl: sum=7.944002e2 min=-4.882418e-2 max=7.862172e-1
step 4870, t = 0.09739999999999494  block: sum=1.822571e3 min=7.689134e-1 max=1.000000e0  cyl: sum=7.961811e2 min=-4.879487e-2 max=7.870238e-1
step 4880, t = 0.09759999999999486  block: sum=1.823543e3 min=7.697870e-1 max=1.000000e0  cyl: sum=7.979602e2 min=-4.876470e-2 max=7.878275e-1
step 4890, t = 0.09779999999999478  block: sum=1.824513e3 min=7.706572e-1 max=1.000000e0  cyl: sum=7.997375e2 min=-4.873366e-2 max=7.886281e-1
step 4900, t = 0.0979999999999947  block: sum=1.825478e3 min=7.715242e-1 max=1.000000e0  cyl: sum=8.015130e2 min=-4.870174e-2 max=7.894257e-1
step 4910, t = 0.09819999999999462  block: sum=1.826440e3 min=7.723878e-1 max=1.000000e0  cyl: sum=8.032866e2 min=-4.866896e-2 max=7.902204e-1
step 4920, t = 0.09839999999999455  block: sum=1.827398e3 min=7.732483e-1 max=1.000000e0  cyl: sum=8.050584e2 min=-4.863531e-2 max=7.910120e-1
step 4930, t = 0.09859999999999447  block: sum=1.828353e3 min=7.741054e-1 max=1.000000e0  cyl: sum=8.068284e2 min=-4.860078e-2 max=7.918007e-1
step 4940, t = 0.09879999999999439  block: sum=1.829304e3 min=7.749593e-1 max=1.000000e0  cyl: sum=8.085965e2 min=-4.856539e-2 max=7.925864e-1
step 4950, t = 0.09899999999999431  block: sum=1.830251e3 min=7.758100e-1 max=1.000000e0  cyl: sum=8.103629e2 min=-4.852914e-2 max=7.933691e-1
step 4960, t = 0.09919999999999424  block: sum=1.831195e3 min=7.766575e-1 max=1.000000e0  cyl: sum=8.121274e2 min=-4.849201e-2 max=7.941490e-1
step 4970, t = 0.09939999999999416  block: sum=1.832135e3 min=7.775017e-1 max=1.000000e0  cyl: sum=8.138900e2 min=-4.845402e-2 max=7.949258e-1
step 4980, t = 0.09959999999999408  block: sum=1.833072e3 min=7.783428e-1 max=1.000000e0  cyl: sum=8.156509e2 min=-4.841516e-2 max=7.956998e-1
step 4990, t = 0.099799999999994  block: sum=1.834005e3 min=7.791807e-1 max=1.000000e0  cyl: sum=8.174099e2 min=-4.837543e-2 max=7.964709e-1
step 5000, t = 0.09999999999999393  block: sum=1.834934e3 min=7.800154e-1 max=1.000000e0  cyl: sum=8.191670e2 min=-4.833484e-2 max=7.972390e-1
step 5010, t = 0.10019999999999385  block: sum=1.835861e3 min=7.808470e-1 max=1.000000e0  cyl: sum=8.209224e2 min=-4.829338e-2 max=7.980043e-1
step 5020, t = 0.10039999999999377  block: sum=1.836783e3 min=7.816754e-1 max=1.000000e0  cyl: sum=8.226759e2 min=-4.825106e-2 max=7.987667e-1
step 5030, t = 0.1005999999999937  block: sum=1.837702e3 min=7.825007e-1 max=1.000000e0  cyl: sum=8.244276e2 min=-4.820787e-2 max=7.995263e-1
step 5040, t = 0.10079999999999362  block: sum=1.838618e3 min=7.833228e-1 max=1.000000e0  cyl: sum=8.261774e2 min=-4.816382e-2 max=8.002830e-1
step 5050, t = 0.10099999999999354  block: sum=1.839530e3 min=7.841419e-1 max=1.000000e0  cyl: sum=8.279254e2 min=-4.811890e-2 max=8.010368e-1
step 5060, t = 0.10119999999999346  block: sum=1.840439e3 min=7.849579e-1 max=1.000000e0  cyl: sum=8.296716e2 min=-4.807312e-2 max=8.017878e-1
step 5070, t = 0.10139999999999338  block: sum=1.841344e3 min=7.857707e-1 max=1.000000e0  cyl: sum=8.314160e2 min=-4.802648e-2 max=8.025360e-1
step 5080, t = 0.1015999999999933  block: sum=1.842246e3 min=7.865805e-1 max=1.000000e0  cyl: sum=8.331585e2 min=-4.797898e-2 max=8.032814e-1
step 5090, t = 0.10179999999999323  block: sum=1.843145e3 min=7.873873e-1 max=1.000000e0  cyl: sum=8.348991e2 min=-4.793061e-2 max=8.040239e-1
step 5100, t = 0.10199999999999315  block: sum=1.844040e3 min=7.881910e-1 max=1.000000e0  cyl: sum=8.366380e2 min=-4.788139e-2 max=8.047637e-1
step 5110, t = 0.10219999999999307  block: sum=1.844931e3 min=7.889916e-1 max=1.000000e0  cyl: sum=8.383750e2 min=-4.783130e-2 max=8.055007e-1
step 5120, t = 0.102399999999993  block: sum=1.845820e3 min=7.897892e-1 max=1.000000e0  cyl: sum=8.401101e2 min=-4.778036e-2 max=8.062349e-1
step 5130, t = 0.10259999999999292  block: sum=1.846705e3 min=7.905838e-1 max=1.000000e0  cyl: sum=8.418435e2 min=-4.772856e-2 max=8.069664e-1
step 5140, t = 0.10279999999999284  block: sum=1.847586e3 min=7.913754e-1 max=1.000000e0  cyl: sum=8.435749e2 min=-4.767589e-2 max=8.076951e-1
step 5150, t = 0.10299999999999276  block: sum=1.848465e3 min=7.921640e-1 max=1.000000e0  cyl: sum=8.453046e2 min=-4.762237e-2 max=8.084211e-1
step 5160, t = 0.10319999999999269  block: sum=1.849340e3 min=7.929497e-1 max=1.000000e0  cyl: sum=8.470324e2 min=-4.756800e-2 max=8.091443e-1
step 5170, t = 0.10339999999999261  block: sum=1.850211e3 min=7.937323e-1 max=1.000000e0  cyl: sum=8.487584e2 min=-4.751277e-2 max=8.098649e-1
step 5180, t = 0.10359999999999253  block: sum=1.851080e3 min=7.945120e-1 max=1.000000e0  cyl: sum=8.504825e2 min=-4.745668e-2 max=8.105827e-1
step 5190, t = 0.10379999999999245  block: sum=1.851945e3 min=7.952888e-1 max=1.000000e0  cyl: sum=8.522048e2 min=-4.739974e-2 max=8.112978e-1
step 5200, t = 0.10399999999999238  block: sum=1.852807e3 min=7.960626e-1 max=1.000000e0  cyl: sum=8.539252e2 min=-4.734194e-2 max=8.120102e-1
step 5210, t = 0.1041999999999923  block: sum=1.853665e3 min=7.968335e-1 max=1.000000e0  cyl: sum=8.556439e2 min=-4.728329e-2 max=8.127199e-1
step 5220, t = 0.10439999999999222  block: sum=1.854521e3 min=7.976014e-1 max=1.000000e0  cyl: sum=8.573606e2 min=-4.722379e-2 max=8.134270e-1
step 5230, t = 0.10459999999999214  block: sum=1.855373e3 min=7.983665e-1 max=1.000000e0  cyl: sum=8.590756e2 min=-4.716344e-2 max=8.141314e-1
step 5240, t = 0.10479999999999207  block: sum=1.856222e3 min=7.991287e-1 max=1.000000e0  cyl: sum=8.607887e2 min=-4.710223e-2 max=8.148332e-1
step 5250, t = 0.10499999999999199  block: sum=1.857067e3 min=7.998879e-1 max=1.000000e0  cyl: sum=8.624999e2 min=-4.704018e-2 max=8.155323e-1
step 5260, t = 0.10519999999999191  block: sum=1.857910e3 min=8.006444e-1 max=1.000000e0  cyl: sum=8.642093e2 min=-4.697728e-2 max=8.162288e-1
step 5270, t = 0.10539999999999183  block: sum=1.858749e3 min=8.013979e-1 max=1.000000e0  cyl: sum=8.659169e2 min=-4.691353e-2 max=8.169227e-1
step 5280, t = 0.10559999999999176  block: sum=1.859585e3 min=8.021486e-1 max=1.000000e0  cyl: sum=8.676226e2 min=-4.684893e-2 max=8.176139e-1
step 5290, t = 0.10579999999999168  block: sum=1.860418e3 min=8.028965e-1 max=1.000000e0  cyl: sum=8.693265e2 min=-4.678349e-2 max=8.183026e-1
step 5300, t = 0.1059999999999916  block: sum=1.861248e3 min=8.036415e-1 max=1.000000e0  cyl: sum=8.710286e2 min=-4.671720e-2 max=8.189886e-1
step 5310, t = 0.10619999999999152  block: sum=1.862075e3 min=8.043838e-1 max=1.000000e0  cyl: sum=8.727288e2 min=-4.665007e-2 max=8.196721e-1
step 5320, t = 0.10639999999999145  block: sum=1.862898e3 min=8.051232e-1 max=1.000000e0  cyl: sum=8.744272e2 min=-4.658209e-2 max=8.203530e-1
step 5330, t = 0.10659999999999137  block: sum=1.863719e3 min=8.058598e-1 max=1.000000e0  cyl: sum=8.761237e2 min=-4.651327e-2 max=8.210314e-1
step 5340, t = 0.10679999999999129  block: sum=1.864536e3 min=8.065936e-1 max=1.000000e0  cyl: sum=8.778184e2 min=-4.644361e-2 max=8.217072e-1
step 5350, t = 0.10699999999999121  block: sum=1.865350e3 min=8.073247e-1 max=1.000000e0  cyl: sum=8.795112e2 min=-4.637311e-2 max=8.223804e-1
step 5360, t = 0.10719999999999114  block: sum=1.866162e3 min=8.080530e-1 max=1.000000e0  cyl: sum=8.812023e2 min=-4.630177e-2 max=8.230511e-1
step 5370, t = 0.10739999999999106  block: sum=1.866970e3 min=8.087785e-1 max=1.000000e0  cyl: sum=8.828914e2 min=-4.622959e-2 max=8.237193e-1
step 5380, t = 0.10759999999999098  block: sum=1.867775e3 min=8.095013e-1 max=1.000000e0  cyl: sum=8.845788e2 min=-4.615657e-2 max=8.243850e-1
step 5390, t = 0.1077999999999909  block: sum=1.868577e3 min=8.102214e-1 max=1.000000e0  cyl: sum=8.862643e2 min=-4.608272e-2 max=8.250481e-1
step 5400, t = 0.10799999999999083  block: sum=1.869376e3 min=8.109388e-1 max=1.000000e0  cyl: sum=8.879479e2 min=-4.600803e-2 max=8.257088e-1
step 5410, t = 0.10819999999999075  block: sum=1.870172e3 min=8.116534e-1 max=1.000000e0  cyl: sum=8.896297e2 min=-4.593251e-2 max=8.263670e-1
step 5420, t = 0.10839999999999067  block: sum=1.870965e3 min=8.123653e-1 max=1.000000e0  cyl: sum=8.913097e2 min=-4.585615e-2 max=8.270227e-1
step 5430, t = 0.10859999999999059  block: sum=1.871755e3 min=8.130746e-1 max=1.000000e0  cyl: sum=8.929878e2 min=-4.577896e-2 max=8.276759e-1
step 5440, t = 0.10879999999999052  block: sum=1.872542e3 min=8.137811e-1 max=1.000000e0  cyl: sum=8.946641e2 min=-4.570094e-2 max=8.283267e-1
step 5450, t = 0.10899999999999044  block: sum=1.873326e3 min=8.144850e-1 max=1.000000e0  cyl: sum=8.963386e2 min=-4.562209e-2 max=8.289750e-1
step 5460, t = 0.10919999999999036  block: sum=1.874107e3 min=8.151862e-1 max=1.000000e0  cyl: sum=8.980112e2 min=-4.554241e-2 max=8.296209e-1
step 5470, t = 0.10939999999999028  block: sum=1.874885e3 min=8.158848e-1 max=1.000000e0  cyl: sum=8.996820e2 min=-4.546190e-2 max=8.302643e-1
step 5480, t = 0.1095999999999902  block: sum=1.875660e3 min=8.165807e-1 max=1.000000e0  cyl: sum=9.013510e2 min=-4.538057e-2 max=8.309053e-1
step 5490, t = 0.10979999999999013  block: sum=1.876433e3 min=8.172740e-1 max=1.000000e0  cyl: sum=9.030181e2 min=-4.529841e-2 max=8.315439e-1
step 5500, t = 0.10999999999999005  block: sum=1.877202e3 min=8.179647e-1 max=1.000000e0  cyl: sum=9.046834e2 min=-4.521543e-2 max=8.321801e-1
step 5510, t = 0.11019999999998997  block: sum=1.877968e3 min=8.186528e-1 max=1.000000e0  cyl: sum=9.063468e2 min=-4.513163e-2 max=8.328139e-1
step 5520, t = 0.1103999999999899  block: sum=1.878732e3 min=8.193383e-1 max=1.000000e0  cyl: sum=9.080084e2 min=-4.504700e-2 max=8.334454e-1
step 5530, t = 0.11059999999998982  block: sum=1.879492e3 min=8.200211e-1 max=1.000000e0  cyl: sum=9.096682e2 min=-4.496155e-2 max=8.340744e-1
step 5540, t = 0.11079999999998974  block: sum=1.880250e3 min=8.207014e-1 max=1.000000e0  cyl: sum=9.113261e2 min=-4.487528e-2 max=8.347011e-1
step 5550, t = 0.11099999999998966  block: sum=1.881005e3 min=8.213791e-1 max=1.000000e0  cyl: sum=9.129822e2 min=-4.478820e-2 max=8.353254e-1
step 5560, t = 0.11119999999998958  block: sum=1.881757e3 min=8.220543e-1 max=1.000000e0  cyl: sum=9.146365e2 min=-4.470030e-2 max=8.359473e-1
step 5570, t = 0.11139999999998951  block: sum=1.882506e3 min=8.227269e-1 max=1.000000e0  cyl: sum=9.162890e2 min=-4.461158e-2 max=8.365669e-1
step 5580, t = 0.11159999999998943  block: sum=1.883253e3 min=8.233970e-1 max=1.000000e0  cyl: sum=9.179396e2 min=-4.452205e-2 max=8.371842e-1
step 5590, t = 0.11179999999998935  block: sum=1.883996e3 min=8.240645e-1 max=1.000000e0  cyl: sum=9.195883e2 min=-4.443170e-2 max=8.377991e-1
step 5600, t = 0.11199999999998927  block: sum=1.884737e3 min=8.247295e-1 max=1.000000e0  cyl: sum=9.212353e2 min=-4.434055e-2 max=8.384118e-1
step 5610, t = 0.1121999999999892  block: sum=1.885475e3 min=8.253920e-1 max=1.000000e0  cyl: sum=9.228804e2 min=-4.424858e-2 max=8.390221e-1
step 5620, t = 0.11239999999998912  block: sum=1.886210e3 min=8.260520e-1 max=1.000000e0  cyl: sum=9.245237e2 min=-4.415581e-2 max=8.396301e-1
step 5630, t = 0.11259999999998904  block: sum=1.886943e3 min=8.267095e-1 max=1.000000e0  cyl: sum=9.261651e2 min=-4.406222e-2 max=8.402358e-1
step 5640, t = 0.11279999999998896  block: sum=1.887672e3 min=8.273645e-1 max=1.000000e0  cyl: sum=9.278047e2 min=-4.396783e-2 max=8.408393e-1
step 5650, t = 0.11299999999998889  block: sum=1.888399e3 min=8.280170e-1 max=1.000000e0  cyl: sum=9.294425e2 min=-4.387264e-2 max=8.414404e-1
step 5660, t = 0.11319999999998881  block: sum=1.889123e3 min=8.286671e-1 max=1.000000e0  cyl: sum=9.310785e2 min=-4.377664e-2 max=8.420393e-1
step 5670, t = 0.11339999999998873  block: sum=1.889844e3 min=8.293147e-1 max=1.000000e0  cyl: sum=9.327126e2 min=-4.367984e-2 max=8.426360e-1
step 5680, t = 0.11359999999998865  block: sum=1.890563e3 min=8.299598e-1 max=1.000000e0  cyl: sum=9.343449e2 min=-4.358224e-2 max=8.432304e-1
step 5690, t = 0.11379999999998858  block: sum=1.891279e3 min=8.306025e-1 max=1.000000e0  cyl: sum=9.359754e2 min=-4.348384e-2 max=8.438225e-1
step 5700, t = 0.1139999999999885  block: sum=1.891992e3 min=8.312428e-1 max=1.000000e0  cyl: sum=9.376041e2 min=-4.338464e-2 max=8.444125e-1
step 5710, t = 0.11419999999998842  block: sum=1.892703e3 min=8.318807e-1 max=1.000000e0  cyl: sum=9.392309e2 min=-4.328465e-2 max=8.450002e-1
step 5720, t = 0.11439999999998834  block: sum=1.893411e3 min=8.325162e-1 max=1.000000e0  cyl: sum=9.408559e2 min=-4.318386e-2 max=8.455856e-1
step 5730, t = 0.11459999999998827  block: sum=1.894116e3 min=8.331492e-1 max=1.000000e0  cyl: sum=9.424791e2 min=-4.308228e-2 max=8.461689e-1
step 5740, t = 0.11479999999998819  block: sum=1.894818e3 min=8.337799e-1 max=1.000000e0  cyl: sum=9.441005e2 min=-4.297990e-2 max=8.467500e-1
step 5750, t = 0.11499999999998811  block: sum=1.895518e3 min=8.344081e-1 max=1.000000e0  cyl: sum=9.457200e2 min=-4.287674e-2 max=8.473289e-1
step 5760, t = 0.11519999999998803  block: sum=1.896215e3 min=8.350340e-1 max=1.000000e0  cyl: sum=9.473377e2 min=-4.277278e-2 max=8.479056e-1
step 5770, t = 0.11539999999998796  block: sum=1.896910e3 min=8.356576e-1 max=1.000000e0  cyl: sum=9.489536e2 min=-4.266804e-2 max=8.484801e-1
step 5780, t = 0.11559999999998788  block: sum=1.897602e3 min=8.362787e-1 max=1.000000e0  cyl: sum=9.505677e2 min=-4.256251e-2 max=8.490525e-1
step 5790, t = 0.1157999999999878  block: sum=1.898291e3 min=8.368976e-1 max=1.000000e0  cyl: sum=9.521800e2 min=-4.245620e-2 max=8.496227e-1
step 5800, t = 0.11599999999998772  block: sum=1.898978e3 min=8.375141e-1 max=1.000000e0  cyl: sum=9.537904e2 min=-4.234910e-2 max=8.501907e-1
step 5810, t = 0.11619999999998765  block: sum=1.899662e3 min=8.381282e-1 max=1.000000e0  cyl: sum=9.553990e2 min=-4.224122e-2 max=8.507566e-1
step 5820, t = 0.11639999999998757  block: sum=1.900344e3 min=8.387400e-1 max=1.000000e0  cyl: sum=9.570058e2 min=-4.213257e-2 max=8.513204e-1
step 5830, t = 0.11659999999998749  block: sum=1.901023e3 min=8.393496e-1 max=1.000000e0  cyl: sum=9.586108e2 min=-4.202313e-2 max=8.518821e-1
step 5840, t = 0.11679999999998741  block: sum=1.901699e3 min=8.399568e-1 max=1.000000e0  cyl: sum=9.602140e2 min=-4.191292e-2 max=8.524416e-1
step 5850, t = 0.11699999999998734  block: sum=1.902373e3 min=8.405617e-1 max=1.000000e0  cyl: sum=9.618154e2 min=-4.180193e-2 max=8.529990e-1
step 5860, t = 0.11719999999998726  block: sum=1.903044e3 min=8.411643e-1 max=1.000000e0  cyl: sum=9.634149e2 min=-4.169017e-2 max=8.535543e-1
step 5870, t = 0.11739999999998718  block: sum=1.903713e3 min=8.417647e-1 max=1.000000e0  cyl: sum=9.650127e2 min=-4.157763e-2 max=8.541076e-1
step 5880, t = 0.1175999999999871  block: sum=1.904379e3 min=8.423628e-1 max=1.000000e0  cyl: sum=9.666086e2 min=-4.146433e-2 max=8.546587e-1
step 5890, t = 0.11779999999998703  block: sum=1.905043e3 min=8.429586e-1 max=1.000000e0  cyl: sum=9.682027e2 min=-4.135025e-2 max=8.552078e-1
step 5900, t = 0.11799999999998695  block: sum=1.905704e3 min=8.435522e-1 max=1.000000e0  cyl: sum=9.697950e2 min=-4.123541e-2 max=8.557548e-1
step 5910, t = 0.11819999999998687  block: sum=1.906363e3 min=8.441435e-1 max=1.000000e0  cyl: sum=9.713855e2 min=-4.111981e-2 max=8.562997e-1
step 5920, t = 0.1183999999999868  block: sum=1.907019e3 min=8.447326e-1 max=1.000000e0  cyl: sum=9.729742e2 min=-4.100344e-2 max=8.568425e-1
step 5930, t = 0.11859999999998672  block: sum=1.907673e3 min=8.453195e-1 max=1.000000e0  cyl: sum=9.745611e2 min=-4.088630e-2 max=8.573834e-1
step 5940, t = 0.11879999999998664  block: sum=1.908324e3 min=8.459041e-1 max=1.000000e0  cyl: sum=9.761462e2 min=-4.076841e-2 max=8.579221e-1
step 5950, t = 0.11899999999998656  block: sum=1.908973e3 min=8.464866e-1 max=1.000000e0  cyl: sum=9.777295e2 min=-4.064976e-2 max=8.584589e-1
step 5960, t = 0.11919999999998648  block: sum=1.909619e3 min=8.470668e-1 max=1.000000e0  cyl: sum=9.793109e2 min=-4.053035e-2 max=8.589936e-1
step 5970, t = 0.1193999999999864  block: sum=1.910263e3 min=8.476448e-1 max=1.000000e0  cyl: sum=9.808906e2 min=-4.041018e-2 max=8.595263e-1
step 5980, t = 0.11959999999998633  block: sum=1.910905e3 min=8.482207e-1 max=1.000000e0  cyl: sum=9.824685e2 min=-4.028926e-2 max=8.600570e-1
step 5990, t = 0.11979999999998625  block: sum=1.911544e3 min=8.487944e-1 max=1.000000e0  cyl: sum=9.840445e2 min=-4.016759e-2 max=8.605857e-1
step 6000, t = 0.11999999999998617  block: sum=1.912180e3 min=8.493659e-1 max=1.000000e0  cyl: sum=9.856188e2 min=-4.004517e-2 max=8.611124e-1
step 6010, t = 0.1201999999999861  block: sum=1.912815e3 min=8.499352e-1 max=1.000000e0  cyl: sum=9.871913e2 min=-3.992200e-2 max=8.616371e-1
step 6020, t = 0.12039999999998602  block: sum=1.913447e3 min=8.505024e-1 max=1.000000e0  cyl: sum=9.887619e2 min=-3.979808e-2 max=8.621599e-1
step 6030, t = 0.12059999999998594  block: sum=1.914076e3 min=8.510675e-1 max=1.000000e0  cyl: sum=9.903308e2 min=-3.967342e-2 max=8.626806e-1
step 6040, t = 0.12079999999998586  block: sum=1.914703e3 min=8.516304e-1 max=1.000000e0  cyl: sum=9.918979e2 min=-3.954801e-2 max=8.631994e-1
step 6050, t = 0.12099999999998579  block: sum=1.915328e3 min=8.521912e-1 max=1.000000e0  cyl: sum=9.934632e2 min=-3.942186e-2 max=8.637163e-1
step 6060, t = 0.12119999999998571  block: sum=1.915950e3 min=8.527499e-1 max=1.000000e0  cyl: sum=9.950266e2 min=-3.929497e-2 max=8.642311e-1
step 6070, t = 0.12139999999998563  block: sum=1.916570e3 min=8.533064e-1 max=1.000000e0  cyl: sum=9.965883e2 min=-3.916734e-2 max=8.647441e-1
step 6080, t = 0.12159999999998555  block: sum=1.917188e3 min=8.538609e-1 max=1.000000e0  cyl: sum=9.981483e2 min=-3.903898e-2 max=8.652551e-1
step 6090, t = 0.12179999999998548  block: sum=1.917803e3 min=8.544133e-1 max=1.000000e0  cyl: sum=9.997064e2 min=-3.890988e-2 max=8.657642e-1
step 6100, t = 0.1219999999999854  block: sum=1.918416e3 min=8.549635e-1 max=1.000000e0  cyl: sum=1.001263e3 min=-3.878005e-2 max=8.662713e-1
step 6110, t = 0.12219999999998532  block: sum=1.919027e3 min=8.555117e-1 max=1.000000e0  cyl: sum=1.002817e3 min=-3.864949e-2 max=8.667766e-1
step 6120, t = 0.12239999999998524  block: sum=1.919635e3 min=8.560578e-1 max=1.000000e0  cyl: sum=1.004370e3 min=-3.851819e-2 max=8.672799e-1
step 6130, t = 0.12259999999998517  block: sum=1.920241e3 min=8.566019e-1 max=1.000000e0  cyl: sum=1.005921e3 min=-3.838617e-2 max=8.677814e-1
step 6140, t = 0.12279999999998509  block: sum=1.920845e3 min=8.571439e-1 max=1.000000e0  cyl: sum=1.007470e3 min=-3.825343e-2 max=8.682809e-1
step 6150, t = 0.12299999999998501  block: sum=1.921447e3 min=8.576838e-1 max=1.000000e0  cyl: sum=1.009018e3 min=-3.811996e-2 max=8.687786e-1
step 6160, t = 0.12319999999998493  block: sum=1.922046e3 min=8.582217e-1 max=1.000000e0  cyl: sum=1.010563e3 min=-3.798577e-2 max=8.692743e-1
step 6170, t = 0.12339999999998486  block: sum=1.922643e3 min=8.587576e-1 max=1.000000e0  cyl: sum=1.012107e3 min=-3.785085e-2 max=8.697683e-1
step 6180, t = 0.12359999999998478  block: sum=1.923238e3 min=8.592915e-1 max=1.000000e0  cyl: sum=1.013649e3 min=-3.771522e-2 max=8.702603e-1
step 6190, t = 0.1237999999999847  block: sum=1.923830e3 min=8.598233e-1 max=1.000000e0  cyl: sum=1.015189e3 min=-3.757888e-2 max=8.707505e-1
step 6200, t = 0.12399999999998462  block: sum=1.924420e3 min=8.603531e-1 max=1.000000e0  cyl: sum=1.016728e3 min=-3.744181e-2 max=8.712388e-1
step 6210, t = 0.12419999999998454  block: sum=1.925008e3 min=8.608809e-1 max=1.000000e0  cyl: sum=1.018265e3 min=-3.730404e-2 max=8.717253e-1
step 6220, t = 0.12439999999998447  block: sum=1.925594e3 min=8.614067e-1 max=1.000000e0  cyl: sum=1.019800e3 min=-3.716555e-2 max=8.722100e-1
step 6230, t = 0.12459999999998439  block: sum=1.926178e3 min=8.619306e-1 max=1.000000e0  cyl: sum=1.021333e3 min=-3.702636e-2 max=8.726928e-1
step 6240, t = 0.12479999999998431  block: sum=1.926759e3 min=8.624524e-1 max=1.000000e0  cyl: sum=1.022864e3 min=-3.688646e-2 max=8.731738e-1
step 6250, t = 0.12499999999998423  block: sum=1.927338e3 min=8.629723e-1 max=1.000000e0  cyl: sum=1.024394e3 min=-3.674585e-2 max=8.736530e-1
step 6260, t = 0.12519999999998443  block: sum=1.927915e3 min=8.634902e-1 max=1.000000e0  cyl: sum=1.025922e3 min=-3.660454e-2 max=8.741304e-1
step 6270, t = 0.12539999999998463  block: sum=1.928490e3 min=8.640062e-1 max=1.000000e0  cyl: sum=1.027448e3 min=-3.646252e-2 max=8.746060e-1
step 6280, t = 0.12559999999998483  block: sum=1.929062e3 min=8.645202e-1 max=1.000000e0  cyl: sum=1.028972e3 min=-3.631981e-2 max=8.750798e-1
step 6290, t = 0.12579999999998503  block: sum=1.929633e3 min=8.650323e-1 max=1.000000e0  cyl: sum=1.030495e3 min=-3.617640e-2 max=8.755518e-1
step 6300, t = 0.12599999999998523  block: sum=1.930201e3 min=8.655424e-1 max=1.000000e0  cyl: sum=1.032015e3 min=-3.603230e-2 max=8.760220e-1
step 6310, t = 0.12619999999998543  block: sum=1.930767e3 min=8.660506e-1 max=1.000000e0  cyl: sum=1.033534e3 min=-3.588750e-2 max=8.764904e-1
step 6320, t = 0.12639999999998563  block: sum=1.931331e3 min=8.665569e-1 max=1.000000e0  cyl: sum=1.035052e3 min=-3.574201e-2 max=8.769571e-1
step 6330, t = 0.12659999999998583  block: sum=1.931893e3 min=8.670612e-1 max=1.000000e0  cyl: sum=1.036567e3 min=-3.559582e-2 max=8.774220e-1
step 6340, t = 0.12679999999998603  block: sum=1.932453e3 min=8.675637e-1 max=1.000000e0  cyl: sum=1.038081e3 min=-3.544895e-2 max=8.778852e-1
step 6350, t = 0.12699999999998624  block: sum=1.933011e3 min=8.680642e-1 max=1.000000e0  cyl: sum=1.039593e3 min=-3.530140e-2 max=8.783466e-1
step 6360, t = 0.12719999999998644  block: sum=1.933566e3 min=8.685629e-1 max=1.000000e0  cyl: sum=1.041103e3 min=-3.515316e-2 max=8.788063e-1
step 6370, t = 0.12739999999998664  block: sum=1.934120e3 min=8.690597e-1 max=1.000000e0  cyl: sum=1.042612e3 min=-3.500424e-2 max=8.792642e-1
step 6380, t = 0.12759999999998684  block: sum=1.934671e3 min=8.695546e-1 max=1.000000e0  cyl: sum=1.044118e3 min=-3.485463e-2 max=8.797204e-1
step 6390, t = 0.12779999999998704  block: sum=1.935220e3 min=8.700476e-1 max=1.000000e0  cyl: sum=1.045623e3 min=-3.470435e-2 max=8.801749e-1
step 6400, t = 0.12799999999998724  block: sum=1.935767e3 min=8.705388e-1 max=1.000000e0  cyl: sum=1.047127e3 min=-3.455340e-2 max=8.806276e-1
step 6410, t = 0.12819999999998744  block: sum=1.936312e3 min=8.710281e-1 max=1.000000e0  cyl: sum=1.048628e3 min=-3.440176e-2 max=8.810787e-1
step 6420, t = 0.12839999999998764  block: sum=1.936855e3 min=8.715156e-1 max=1.000000e0  cyl: sum=1.050128e3 min=-3.424946e-2 max=8.815280e-1
step 6430, t = 0.12859999999998784  block: sum=1.937396e3 min=8.720012e-1 max=1.000000e0  cyl: sum=1.051626e3 min=-3.409649e-2 max=8.819757e-1
step 6440, t = 0.12879999999998804  block: sum=1.937935e3 min=8.724850e-1 max=1.000000e0  cyl: sum=1.053122e3 min=-3.394284e-2 max=8.824217e-1
step 6450, t = 0.12899999999998824  block: sum=1.938472e3 min=8.729669e-1 max=1.000000e0  cyl: sum=1.054617e3 min=-3.378853e-2 max=8.828659e-1
step 6460, t = 0.12919999999998844  block: sum=1.939007e3 min=8.734471e-1 max=1.000000e0  cyl: sum=1.056109e3 min=-3.363356e-2 max=8.833085e-1
step 6470, t = 0.12939999999998864  block: sum=1.939540e3 min=8.739254e-1 max=1.000000e0  cyl: sum=1.057600e3 min=-3.347792e-2 max=8.837495e-1
step 6480, t = 0.12959999999998884  block: sum=1.940071e3 min=8.744019e-1 max=1.000000e0  cyl: sum=1.059090e3 min=-3.332163e-2 max=8.841887e-1
step 6490, t = 0.12979999999998904  block: sum=1.940600e3 min=8.748766e-1 max=1.000000e0  cyl: sum=1.060577e3 min=-3.316467e-2 max=8.846264e-1
step 6500, t = 0.12999999999998924  block: sum=1.941127e3 min=8.753495e-1 max=1.000000e0  cyl: sum=1.062063e3 min=-3.300706e-2 max=8.850623e-1
step 6510, t = 0.13019999999998944  block: sum=1.941651e3 min=8.758207e-1 max=1.000000e0  cyl: sum=1.063547e3 min=-3.284880e-2 max=8.854966e-1
step 6520, t = 0.13039999999998964  block: sum=1.942174e3 min=8.762900e-1 max=1.000000e0  cyl: sum=1.065029e3 min=-3.268988e-2 max=8.859293e-1
step 6530, t = 0.13059999999998984  block: sum=1.942695e3 min=8.767576e-1 max=1.000000e0  cyl: sum=1.066510e3 min=-3.253031e-2 max=8.863603e-1
step 6540, t = 0.13079999999999004  block: sum=1.943214e3 min=8.772234e-1 max=1.000000e0  cyl: sum=1.067989e3 min=-3.237010e-2 max=8.867897e-1
step 6550, t = 0.13099999999999024  block: sum=1.943731e3 min=8.776874e-1 max=1.000000e0  cyl: sum=1.069466e3 min=-3.220923e-2 max=8.872175e-1
step 6560, t = 0.13119999999999044  block: sum=1.944246e3 min=8.781497e-1 max=1.000000e0  cyl: sum=1.070941e3 min=-3.204773e-2 max=8.876437e-1
step 6570, t = 0.13139999999999064  block: sum=1.944759e3 min=8.786103e-1 max=1.000000e0  cyl: sum=1.072415e3 min=-3.188558e-2 max=8.880683e-1
step 6580, t = 0.13159999999999084  block: sum=1.945270e3 min=8.790691e-1 max=1.000000e0  cyl: sum=1.073887e3 min=-3.172279e-2 max=8.884912e-1
step 6590, t = 0.13179999999999104  block: sum=1.945780e3 min=8.795261e-1 max=1.000000e0  cyl: sum=1.075357e3 min=-3.155936e-2 max=8.889126e-1
step 6600, t = 0.13199999999999124  block: sum=1.946287e3 min=8.799815e-1 max=1.000000e0  cyl: sum=1.076826e3 min=-3.139530e-2 max=8.893324e-1
step 6610, t = 0.13219999999999144  block: sum=1.946792e3 min=8.804351e-1 max=1.000000e0  cyl: sum=1.078293e3 min=-3.123060e-2 max=8.897505e-1
step 6620, t = 0.13239999999999164  block: sum=1.947296e3 min=8.808870e-1 max=1.000000e0  cyl: sum=1.079758e3 min=-3.106527e-2 max=8.901671e-1
step 6630, t = 0.13259999999999184  block: sum=1.947797e3 min=8.813372e-1 max=1.000000e0  cyl: sum=1.081221e3 min=-3.089932e-2 max=8.905822e-1
step 6640, t = 0.13279999999999204  block: sum=1.948297e3 min=8.817857e-1 max=1.000000e0  cyl: sum=1.082683e3 min=-3.073273e-2 max=8.909956e-1
step 6650, t = 0.13299999999999224  block: sum=1.948795e3 min=8.822325e-1 max=1.000000e0  cyl: sum=1.084143e3 min=-3.056552e-2 max=8.914075e-1
step 6660, t = 0.13319999999999244  block: sum=1.949290e3 min=8.826776e-1 max=1.000000e0  cyl: sum=1.085601e3 min=-3.039768e-2 max=8.918179e-1
step 6670, t = 0.13339999999999264  block: sum=1.949784e3 min=8.831210e-1 max=1.000000e0  cyl: sum=1.087057e3 min=-3.022923e-2 max=8.922267e-1
step 6680, t = 0.13359999999999284  block: sum=1.950277e3 min=8.835628e-1 max=1.000000e0  cyl: sum=1.088512e3 min=-3.006015e-2 max=8.926340e-1
step 6690, t = 0.13379999999999304  block: sum=1.950767e3 min=8.840029e-1 max=1.000000e0  cyl: sum=1.089965e3 min=-2.989046e-2 max=8.930397e-1
step 6700, t = 0.13399999999999324  block: sum=1.951255e3 min=8.844413e-1 max=1.000000e0  cyl: sum=1.091416e3 min=-2.972015e-2 max=8.934439e-1
step 6710, t = 0.13419999999999344  block: sum=1.951742e3 min=8.848781e-1 max=1.000000e0  cyl: sum=1.092866e3 min=-2.954922e-2 max=8.938465e-1
step 6720, t = 0.13439999999999364  block: sum=1.952227e3 min=8.853132e-1 max=1.000000e0  cyl: sum=1.094314e3 min=-2.937769e-2 max=8.942476e-1
step 6730, t = 0.13459999999999384  block: sum=1.952710e3 min=8.857466e-1 max=1.000000e0  cyl: sum=1.095760e3 min=-2.920555e-2 max=8.946473e-1
step 6740, t = 0.13479999999999404  block: sum=1.953191e3 min=8.861785e-1 max=1.000000e0  cyl: sum=1.097205e3 min=-2.903280e-2 max=8.950454e-1
step 6750, t = 0.13499999999999424  block: sum=1.953670e3 min=8.866087e-1 max=1.000000e0  cyl: sum=1.098648e3 min=-2.885944e-2 max=8.954420e-1
step 6760, t = 0.13519999999999444  block: sum=1.954147e3 min=8.870372e-1 max=1.000000e0  cyl: sum=1.100089e3 min=-2.868549e-2 max=8.958371e-1
step 6770, t = 0.13539999999999464  block: sum=1.954623e3 min=8.874642e-1 max=1.000000e0  cyl: sum=1.101528e3 min=-2.851093e-2 max=8.962307e-1
step 6780, t = 0.13559999999999484  block: sum=1.955097e3 min=8.878895e-1 max=1.000000e0  cyl: sum=1.102966e3 min=-2.833577e-2 max=8.966229e-1
step 6790, t = 0.13579999999999504  block: sum=1.955569e3 min=8.883132e-1 max=1.000000e0  cyl: sum=1.104402e3 min=-2.816002e-2 max=8.970135e-1
step 6800, t = 0.13599999999999524  block: sum=1.956039e3 min=8.887354e-1 max=1.000000e0  cyl: sum=1.105837e3 min=-2.798368e-2 max=8.974027e-1
step 6810, t = 0.13619999999999544  block: sum=1.956508e3 min=8.891559e-1 max=1.000000e0  cyl: sum=1.107269e3 min=-2.780674e-2 max=8.977904e-1
step 6820, t = 0.13639999999999564  block: sum=1.956974e3 min=8.895748e-1 max=1.000000e0  cyl: sum=1.108700e3 min=-2.762921e-2 max=8.981766e-1
step 6830, t = 0.13659999999999584  block: sum=1.957439e3 min=8.899922e-1 max=1.000000e0  cyl: sum=1.110130e3 min=-2.745109e-2 max=8.985614e-1
step 6840, t = 0.13679999999999604  block: sum=1.957903e3 min=8.904080e-1 max=1.000000e0  cyl: sum=1.111557e3 min=-2.727239e-2 max=8.989447e-1
step 6850, t = 0.13699999999999624  block: sum=1.958364e3 min=8.908222e-1 max=1.000000e0  cyl: sum=1.112983e3 min=-2.709310e-2 max=8.993266e-1
step 6860, t = 0.13719999999999644  block: sum=1.958824e3 min=8.912348e-1 max=1.000000e0  cyl: sum=1.114407e3 min=-2.691324e-2 max=8.997071e-1
step 6870, t = 0.13739999999999664  block: sum=1.959282e3 min=8.916459e-1 max=1.000000e0  cyl: sum=1.115830e3 min=-2.673279e-2 max=9.000861e-1
step 6880, t = 0.13759999999999684  block: sum=1.959738e3 min=8.920554e-1 max=1.000000e0  cyl: sum=1.117251e3 min=-2.655176e-2 max=9.004636e-1
step 6890, t = 0.13779999999999704  block: sum=1.960192e3 min=8.924634e-1 max=1.000000e0  cyl: sum=1.118670e3 min=-2.637016e-2 max=9.008398e-1
step 6900, t = 0.13799999999999724  block: sum=1.960645e3 min=8.928699e-1 max=1.000000e0  cyl: sum=1.120088e3 min=-2.618799e-2 max=9.012145e-1
step 6910, t = 0.13819999999999744  block: sum=1.961096e3 min=8.932748e-1 max=1.000000e0  cyl: sum=1.121504e3 min=-2.600525e-2 max=9.015878e-1
step 6920, t = 0.13839999999999764  block: sum=1.961546e3 min=8.936781e-1 max=1.000000e0  cyl: sum=1.122918e3 min=-2.582193e-2 max=9.019597e-1
step 6930, t = 0.13859999999999784  block: sum=1.961993e3 min=8.940800e-1 max=1.000000e0  cyl: sum=1.124330e3 min=-2.563805e-2 max=9.023302e-1
step 6940, t = 0.13879999999999804  block: sum=1.962439e3 min=8.944803e-1 max=1.000000e0  cyl: sum=1.125741e3 min=-2.545361e-2 max=9.026993e-1
step 6950, t = 0.13899999999999824  block: sum=1.962884e3 min=8.948791e-1 max=1.000000e0  cyl: sum=1.127151e3 min=-2.526860e-2 max=9.030670e-1
step 6960, t = 0.13919999999999844  block: sum=1.963326e3 min=8.952764e-1 max=1.000000e0  cyl: sum=1.128558e3 min=-2.508303e-2 max=9.034333e-1
step 6970, t = 0.13939999999999864  block: sum=1.963767e3 min=8.956723e-1 max=1.000000e0  cyl: sum=1.129964e3 min=-2.489691e-2 max=9.037982e-1
step 6980, t = 0.13959999999999884  block: sum=1.964207e3 min=8.960666e-1 max=1.000000e0  cyl: sum=1.131368e3 min=-2.471023e-2 max=9.041618e-1
step 6990, t = 0.13979999999999904  block: sum=1.964644e3 min=8.964594e-1 max=1.000000e0  cyl: sum=1.132771e3 min=-2.452299e-2 max=9.045240e-1
step 7000, t = 0.13999999999999924  block: sum=1.965080e3 min=8.968507e-1 max=1.000000e0  cyl: sum=1.134172e3 min=-2.433521e-2 max=9.048848e-1
step 7010, t = 0.14019999999999944  block: sum=1.965515e3 min=8.972406e-1 max=1.000000e0  cyl: sum=1.135571e3 min=-2.414687e-2 max=9.052442e-1
step 7020, t = 0.14039999999999964  block: sum=1.965947e3 min=8.976290e-1 max=1.000000e0  cyl: sum=1.136968e3 min=-2.395798e-2 max=9.056023e-1
step 7030, t = 0.14059999999999984  block: sum=1.966378e3 min=8.980159e-1 max=1.000000e0  cyl: sum=1.138364e3 min=-2.376856e-2 max=9.059590e-1
step 7040, t = 0.14080000000000004  block: sum=1.966808e3 min=8.984013e-1 max=1.000000e0  cyl: sum=1.139759e3 min=-2.357858e-2 max=9.063144e-1
step 7050, t = 0.14100000000000024  block: sum=1.967236e3 min=8.987853e-1 max=1.000000e0  cyl: sum=1.141151e3 min=-2.338807e-2 max=9.066684e-1
step 7060, t = 0.14120000000000044  block: sum=1.967662e3 min=8.991679e-1 max=1.000000e0  cyl: sum=1.142542e3 min=-2.319702e-2 max=9.070212e-1
step 7070, t = 0.14140000000000064  block: sum=1.968086e3 min=8.995490e-1 max=1.000000e0  cyl: sum=1.143932e3 min=-2.300543e-2 max=9.073725e-1
step 7080, t = 0.14160000000000084  block: sum=1.968509e3 min=8.999286e-1 max=1.000000e0  cyl: sum=1.145319e3 min=-2.281330e-2 max=9.077226e-1
step 7090, t = 0.14180000000000104  block: sum=1.968931e3 min=9.003069e-1 max=1.000000e0  cyl: sum=1.146705e3 min=-2.262064e-2 max=9.080713e-1
step 7100, t = 0.14200000000000124  block: sum=1.969350e3 min=9.006836e-1 max=1.000000e0  cyl: sum=1.148090e3 min=-2.242746e-2 max=9.084187e-1
step 7110, t = 0.14220000000000144  block: sum=1.969769e3 min=9.010590e-1 max=1.000000e0  cyl: sum=1.149472e3 min=-2.223374e-2 max=9.087648e-1
step 7120, t = 0.14240000000000164  block: sum=1.970185e3 min=9.014330e-1 max=1.000000e0  cyl: sum=1.150854e3 min=-2.203950e-2 max=9.091096e-1
step 7130, t = 0.14260000000000184  block: sum=1.970600e3 min=9.018055e-1 max=1.000000e0  cyl: sum=1.152233e3 min=-2.184473e-2 max=9.094531e-1
step 7140, t = 0.14280000000000204  block: sum=1.971014e3 min=9.021766e-1 max=1.000000e0  cyl: sum=1.153611e3 min=-2.164945e-2 max=9.097952e-1
step 7150, t = 0.14300000000000224  block: sum=1.971426e3 min=9.025464e-1 max=1.000000e0  cyl: sum=1.154987e3 min=-2.145364e-2 max=9.101361e-1
step 7160, t = 0.14320000000000244  block: sum=1.971836e3 min=9.029147e-1 max=1.000000e0  cyl: sum=1.156362e3 min=-2.125731e-2 max=9.104757e-1
step 7170, t = 0.14340000000000264  block: sum=1.972245e3 min=9.032816e-1 max=1.000000e0  cyl: sum=1.157735e3 min=-2.106047e-2 max=9.108141e-1
step 7180, t = 0.14360000000000284  block: sum=1.972652e3 min=9.036472e-1 max=1.000000e0  cyl: sum=1.159106e3 min=-2.086312e-2 max=9.111511e-1
step 7190, t = 0.14380000000000304  block: sum=1.973058e3 min=9.040113e-1 max=1.000000e0  cyl: sum=1.160476e3 min=-2.066526e-2 max=9.114869e-1
step 7200, t = 0.14400000000000324  block: sum=1.973462e3 min=9.043741e-1 max=1.000000e0  cyl: sum=1.161844e3 min=-2.046688e-2 max=9.118214e-1
step 7210, t = 0.14420000000000344  block: sum=1.973865e3 min=9.047356e-1 max=1.000000e0  cyl: sum=1.163210e3 min=-2.026800e-2 max=9.121546e-1
step 7220, t = 0.14440000000000364  block: sum=1.974266e3 min=9.050956e-1 max=1.000000e0  cyl: sum=1.164575e3 min=-2.006862e-2 max=9.124866e-1
step 7230, t = 0.14460000000000384  block: sum=1.974665e3 min=9.054543e-1 max=1.000000e0  cyl: sum=1.165938e3 min=-1.986873e-2 max=9.128173e-1
step 7240, t = 0.14480000000000404  block: sum=1.975063e3 min=9.058116e-1 max=1.000000e0  cyl: sum=1.167300e3 min=-1.966834e-2 max=9.131468e-1
step 7250, t = 0.14500000000000424  block: sum=1.975460e3 min=9.061676e-1 max=1.000000e0  cyl: sum=1.168660e3 min=-1.946746e-2 max=9.134750e-1
step 7260, t = 0.14520000000000444  block: sum=1.975855e3 min=9.065223e-1 max=1.000000e0  cyl: sum=1.170018e3 min=-1.926607e-2 max=9.138020e-1
step 7270, t = 0.14540000000000464  block: sum=1.976249e3 min=9.068756e-1 max=1.000000e0  cyl: sum=1.171375e3 min=-1.906420e-2 max=9.141278e-1
step 7280, t = 0.14560000000000484  block: sum=1.976641e3 min=9.072275e-1 max=1.000000e0  cyl: sum=1.172730e3 min=-1.886183e-2 max=9.144523e-1
step 7290, t = 0.14580000000000504  block: sum=1.977032e3 min=9.075782e-1 max=1.000000e0  cyl: sum=1.174084e3 min=-1.865897e-2 max=9.147756e-1
step 7300, t = 0.14600000000000524  block: sum=1.977421e3 min=9.079275e-1 max=1.000000e0  cyl: sum=1.175436e3 min=-1.845563e-2 max=9.150977e-1
step 7310, t = 0.14620000000000544  block: sum=1.977808e3 min=9.082755e-1 max=1.000000e0  cyl: sum=1.176786e3 min=-1.825180e-2 max=9.154185e-1
step 7320, t = 0.14640000000000564  block: sum=1.978195e3 min=9.086221e-1 max=1.000000e0  cyl: sum=1.178135e3 min=-1.804748e-2 max=9.157382e-1
step 7330, t = 0.14660000000000584  block: sum=1.978579e3 min=9.089675e-1 max=1.000000e0  cyl: sum=1.179482e3 min=-1.784269e-2 max=9.160566e-1
step 7340, t = 0.14680000000000604  block: sum=1.978963e3 min=9.093116e-1 max=1.000000e0  cyl: sum=1.180827e3 min=-1.763741e-2 max=9.163739e-1
step 7350, t = 0.14700000000000624  block: sum=1.979345e3 min=9.096543e-1 max=1.000000e0  cyl: sum=1.182171e3 min=-1.743166e-2 max=9.166899e-1
step 7360, t = 0.14720000000000644  block: sum=1.979725e3 min=9.099958e-1 max=1.000000e0  cyl: sum=1.183513e3 min=-1.722544e-2 max=9.170047e-1
step 7370, t = 0.14740000000000664  block: sum=1.980104e3 min=9.103360e-1 max=1.000000e0  cyl: sum=1.184854e3 min=-1.701874e-2 max=9.173184e-1
step 7380, t = 0.14760000000000684  block: sum=1.980482e3 min=9.106748e-1 max=1.000000e0  cyl: sum=1.186193e3 min=-1.681157e-2 max=9.176309e-1
step 7390, t = 0.14780000000000704  block: sum=1.980858e3 min=9.110124e-1 max=1.000000e0  cyl: sum=1.187531e3 min=-1.660393e-2 max=9.179422e-1
step 7400, t = 0.14800000000000724  block: sum=1.981232e3 min=9.113488e-1 max=1.000000e0  cyl: sum=1.188867e3 min=-1.639583e-2 max=9.182523e-1
step 7410, t = 0.14820000000000744  block: sum=1.981606e3 min=9.116838e-1 max=1.000000e0  cyl: sum=1.190201e3 min=-1.618726e-2 max=9.185612e-1
step 7420, t = 0.14840000000000764  block: sum=1.981978e3 min=9.120176e-1 max=1.000000e0  cyl: sum=1.191534e3 min=-1.597823e-2 max=9.188690e-1
step 7430, t = 0.14860000000000784  block: sum=1.982348e3 min=9.123502e-1 max=1.000000e0  cyl: sum=1.192865e3 min=-1.576874e-2 max=9.191756e-1
step 7440, t = 0.14880000000000804  block: sum=1.982717e3 min=9.126814e-1 max=1.000000e0  cyl: sum=1.194195e3 min=-1.555879e-2 max=9.194811e-1
step 7450, t = 0.14900000000000824  block: sum=1.983085e3 min=9.130115e-1 max=1.000000e0  cyl: sum=1.195523e3 min=-1.534839e-2 max=9.197853e-1
step 7460, t = 0.14920000000000844  block: sum=1.983451e3 min=9.133402e-1 max=1.000000e0  cyl: sum=1.196849e3 min=-1.513753e-2 max=9.200885e-1
step 7470, t = 0.14940000000000864  block: sum=1.983816e3 min=9.136678e-1 max=1.000000e0  cyl: sum=1.198174e3 min=-1.492623e-2 max=9.203905e-1
step 7480, t = 0.14960000000000884  block: sum=1.984179e3 min=9.139941e-1 max=1.000000e0  cyl: sum=1.199497e3 min=-1.471447e-2 max=9.206914e-1
step 7490, t = 0.14980000000000904  block: sum=1.984542e3 min=9.143191e-1 max=1.000000e0  cyl: sum=1.200819e3 min=-1.450226e-2 max=9.209911e-1
step 7500, t = 0.15000000000000924  block: sum=1.984902e3 min=9.146429e-1 max=1.000000e0  cyl: sum=1.202139e3 min=-1.428962e-2 max=9.212897e-1
step 7510, t = 0.15020000000000944  block: sum=1.985262e3 min=9.149656e-1 max=1.000000e0  cyl: sum=1.203458e3 min=-1.407652e-2 max=9.215871e-1
step 7520, t = 0.15040000000000964  block: sum=1.985620e3 min=9.152869e-1 max=1.000000e0  cyl: sum=1.204775e3 min=-1.386299e-2 max=9.218835e-1
step 7530, t = 0.15060000000000984  block: sum=1.985977e3 min=9.156071e-1 max=1.000000e0  cyl: sum=1.206090e3 min=-1.364902e-2 max=9.221787e-1
step 7540, t = 0.15080000000001004  block: sum=1.986332e3 min=9.159261e-1 max=1.000000e0  cyl: sum=1.207404e3 min=-1.343461e-2 max=9.224728e-1
step 7550, t = 0.15100000000001024  block: sum=1.986686e3 min=9.162438e-1 max=1.000000e0  cyl: sum=1.208716e3 min=-1.321977e-2 max=9.227658e-1
step 7560, t = 0.15120000000001044  block: sum=1.987039e3 min=9.165604e-1 max=1.000000e0  cyl: sum=1.210027e3 min=-1.300449e-2 max=9.230577e-1
step 7570, t = 0.15140000000001064  block: sum=1.987390e3 min=9.168758e-1 max=1.000000e0  cyl: sum=1.211336e3 min=-1.278879e-2 max=9.233485e-1
step 7580, t = 0.15160000000001084  block: sum=1.987740e3 min=9.171899e-1 max=1.000000e0  cyl: sum=1.212644e3 min=-1.257266e-2 max=9.236382e-1
step 7590, t = 0.15180000000001104  block: sum=1.988089e3 min=9.175029e-1 max=1.000000e0  cyl: sum=1.213950e3 min=-1.235610e-2 max=9.239268e-1
step 7600, t = 0.15200000000001124  block: sum=1.988436e3 min=9.178147e-1 max=1.000000e0  cyl: sum=1.215254e3 min=-1.213911e-2 max=9.242143e-1
step 7610, t = 0.15220000000001144  block: sum=1.988782e3 min=9.181253e-1 max=1.000000e0  cyl: sum=1.216557e3 min=-1.192171e-2 max=9.245007e-1
step 7620, t = 0.15240000000001164  block: sum=1.989127e3 min=9.184348e-1 max=1.000000e0  cyl: sum=1.217859e3 min=-1.170388e-2 max=9.247860e-1
step 7630, t = 0.15260000000001184  block: sum=1.989470e3 min=9.187430e-1 max=1.000000e0  cyl: sum=1.219159e3 min=-1.148564e-2 max=9.250703e-1
step 7640, t = 0.15280000000001204  block: sum=1.989812e3 min=9.190502e-1 max=1.000000e0  cyl: sum=1.220457e3 min=-1.126698e-2 max=9.253534e-1
step 7650, t = 0.15300000000001224  block: sum=1.990153e3 min=9.193561e-1 max=1.000000e0  cyl: sum=1.221754e3 min=-1.104791e-2 max=9.256355e-1
step 7660, t = 0.15320000000001244  block: sum=1.990493e3 min=9.196609e-1 max=1.000000e0  cyl: sum=1.223049e3 min=-1.082843e-2 max=9.259166e-1
step 7670, t = 0.15340000000001264  block: sum=1.990831e3 min=9.199645e-1 max=1.000000e0  cyl: sum=1.224343e3 min=-1.060853e-2 max=9.261966e-1
step 7680, t = 0.15360000000001284  block: sum=1.991168e3 min=9.202670e-1 max=1.000000e0  cyl: sum=1.225635e3 min=-1.038823e-2 max=9.264755e-1
step 7690, t = 0.15380000000001304  block: sum=1.991504e3 min=9.205684e-1 max=1.000000e0  cyl: sum=1.226925e3 min=-1.016753e-2 max=9.267534e-1
step 7700, t = 0.15400000000001324  block: sum=1.991838e3 min=9.208686e-1 max=1.000000e0  cyl: sum=1.228215e3 min=-9.946421e-3 max=9.270302e-1
step 7710, t = 0.15420000000001344  block: sum=1.992172e3 min=9.211677e-1 max=1.000000e0  cyl: sum=1.229502e3 min=-9.724912e-3 max=9.273060e-1
step 7720, t = 0.15440000000001364  block: sum=1.992504e3 min=9.214656e-1 max=1.000000e0  cyl: sum=1.230788e3 min=-9.503004e-3 max=9.275807e-1
step 7730, t = 0.15460000000001384  block: sum=1.992834e3 min=9.217624e-1 max=1.000000e0  cyl: sum=1.232073e3 min=-9.280700e-3 max=9.278544e-1
step 7740, t = 0.15480000000001404  block: sum=1.993164e3 min=9.220581e-1 max=1.000000e0  cyl: sum=1.233355e3 min=-9.058000e-3 max=9.281270e-1
step 7750, t = 0.15500000000001424  block: sum=1.993492e3 min=9.223527e-1 max=1.000000e0  cyl: sum=1.234637e3 min=-8.834908e-3 max=9.283987e-1
step 7760, t = 0.15520000000001444  block: sum=1.993819e3 min=9.226462e-1 max=1.000000e0  cyl: sum=1.235917e3 min=-8.611424e-3 max=9.286693e-1
step 7770, t = 0.15540000000001464  block: sum=1.994145e3 min=9.229385e-1 max=1.000000e0  cyl: sum=1.237195e3 min=-8.387553e-3 max=9.289389e-1
step 7780, t = 0.15560000000001484  block: sum=1.994469e3 min=9.232298e-1 max=1.000000e0  cyl: sum=1.238472e3 min=-8.163295e-3 max=9.292074e-1
step 7790, t = 0.15580000000001504  block: sum=1.994792e3 min=9.235199e-1 max=1.000000e0  cyl: sum=1.239747e3 min=-7.938652e-3 max=9.294750e-1
step 7800, t = 0.15600000000001524  block: sum=1.995114e3 min=9.238090e-1 max=1.000000e0  cyl: sum=1.241021e3 min=-7.713627e-3 max=9.297415e-1
step 7810, t = 0.15620000000001544  block: sum=1.995435e3 min=9.240970e-1 max=1.000000e0  cyl: sum=1.242293e3 min=-7.488221e-3 max=9.300070e-1
step 7820, t = 0.15640000000001564  block: sum=1.995755e3 min=9.243838e-1 max=1.000000e0  cyl: sum=1.243564e3 min=-7.262437e-3 max=9.302715e-1
step 7830, t = 0.15660000000001584  block: sum=1.996073e3 min=9.246696e-1 max=1.000000e0  cyl: sum=1.244833e3 min=-7.036277e-3 max=9.305351e-1
step 7840, t = 0.15680000000001604  block: sum=1.996390e3 min=9.249543e-1 max=1.000000e0  cyl: sum=1.246101e3 min=-6.809742e-3 max=9.307976e-1
step 7850, t = 0.15700000000001624  block: sum=1.996706e3 min=9.252380e-1 max=1.000000e0  cyl: sum=1.247367e3 min=-6.582836e-3 max=9.310591e-1
step 7860, t = 0.15720000000001644  block: sum=1.997021e3 min=9.255205e-1 max=1.000000e0  cyl: sum=1.248632e3 min=-6.355559e-3 max=9.313197e-1
step 7870, t = 0.15740000000001664  block: sum=1.997335e3 min=9.258020e-1 max=1.000000e0  cyl: sum=1.249895e3 min=-6.127914e-3 max=9.315793e-1
step 7880, t = 0.15760000000001684  block: sum=1.997647e3 min=9.260825e-1 max=1.000000e0  cyl: sum=1.251157e3 min=-5.899903e-3 max=9.318378e-1
step 7890, t = 0.15780000000001704  block: sum=1.997958e3 min=9.263618e-1 max=1.000000e0  cyl: sum=1.252417e3 min=-5.671527e-3 max=9.320954e-1
step 7900, t = 0.15800000000001724  block: sum=1.998269e3 min=9.266402e-1 max=1.000000e0  cyl: sum=1.253676e3 min=-5.442790e-3 max=9.323521e-1
step 7910, t = 0.15820000000001744  block: sum=1.998577e3 min=9.269174e-1 max=1.000000e0  cyl: sum=1.254933e3 min=-5.213692e-3 max=9.326077e-1
step 7920, t = 0.15840000000001764  block: sum=1.998885e3 min=9.271936e-1 max=1.000000e0  cyl: sum=1.256189e3 min=-4.984237e-3 max=9.328624e-1
step 7930, t = 0.15860000000001784  block: sum=1.999192e3 min=9.274688e-1 max=1.000000e0  cyl: sum=1.257443e3 min=-4.754426e-3 max=9.331162e-1
step 7940, t = 0.15880000000001804  block: sum=1.999497e3 min=9.277429e-1 max=1.000000e0  cyl: sum=1.258696e3 min=-4.524260e-3 max=9.333690e-1
step 7950, t = 0.15900000000001824  block: sum=1.999801e3 min=9.280160e-1 max=1.000000e0  cyl: sum=1.259947e3 min=-4.293743e-3 max=9.336208e-1
step 7960, t = 0.15920000000001844  block: sum=2.000104e3 min=9.282881e-1 max=1.000000e0  cyl: sum=1.261197e3 min=-4.062875e-3 max=9.338716e-1
step 7970, t = 0.15940000000001864  block: sum=2.000406e3 min=9.285591e-1 max=1.000000e0  cyl: sum=1.262445e3 min=-3.831660e-3 max=9.341216e-1
step 7980, t = 0.15960000000001884  block: sum=2.000707e3 min=9.288291e-1 max=1.000000e0  cyl: sum=1.263692e3 min=-3.600099e-3 max=9.343705e-1
step 7990, t = 0.15980000000001904  block: sum=2.001007e3 min=9.290981e-1 max=1.000000e0  cyl: sum=1.264937e3 min=-3.368194e-3 max=9.346186e-1
step 8000, t = 0.16000000000001924  block: sum=2.001305e3 min=9.293661e-1 max=1.000000e0  cyl: sum=1.266181e3 min=-3.135946e-3 max=9.348657e-1
step 8010, t = 0.16020000000001944  block: sum=2.001603e3 min=9.296331e-1 max=1.000000e0  cyl: sum=1.267423e3 min=-2.903359e-3 max=9.351118e-1
step 8020, t = 0.16040000000001964  block: sum=2.001899e3 min=9.298990e-1 max=1.000000e0  cyl: sum=1.268664e3 min=-2.670434e-3 max=9.353571e-1
step 8030, t = 0.16060000000001984  block: sum=2.002194e3 min=9.301640e-1 max=1.000000e0  cyl: sum=1.269904e3 min=-2.437173e-3 max=9.356014e-1
step 8040, t = 0.16080000000002004  block: sum=2.002488e3 min=9.304279e-1 max=1.000000e0  cyl: sum=1.271142e3 min=-2.203577e-3 max=9.358448e-1
step 8050, t = 0.16100000000002024  block: sum=2.002781e3 min=9.306908e-1 max=1.000000e0  cyl: sum=1.272378e3 min=-1.969650e-3 max=9.360872e-1
step 8060, t = 0.16120000000002044  block: sum=2.003073e3 min=9.309528e-1 max=1.000000e0  cyl: sum=1.273613e3 min=-1.735393e-3 max=9.363288e-1
step 8070, t = 0.16140000000002064  block: sum=2.003364e3 min=9.312138e-1 max=1.000000e0  cyl: sum=1.274846e3 min=-1.500808e-3 max=9.365694e-1
step 8080, t = 0.16160000000002084  block: sum=2.003654e3 min=9.314737e-1 max=1.000000e0  cyl: sum=1.276078e3 min=-1.265896e-3 max=9.368091e-1
step 8090, t = 0.16180000000002104  block: sum=2.003942e3 min=9.317327e-1 max=1.000000e0  cyl: sum=1.277309e3 min=-1.030660e-3 max=9.370480e-1
step 8100, t = 0.16200000000002124  block: sum=2.004230e3 min=9.319907e-1 max=1.000000e0  cyl: sum=1.278538e3 min=-7.951026e-4 max=9.372859e-1
step 8110, t = 0.16220000000002144  block: sum=2.004516e3 min=9.322478e-1 max=1.000000e0  cyl: sum=1.279766e3 min=-5.592246e-4 max=9.375229e-1
step 8120, t = 0.16240000000002164  block: sum=2.004801e3 min=9.325039e-1 max=1.000000e0  cyl: sum=1.280992e3 min=-3.230283e-4 max=9.377590e-1
step 8130, t = 0.16260000000002184  block: sum=2.005086e3 min=9.327590e-1 max=1.000000e0  cyl: sum=1.282216e3 min=-8.651569e-5 max=9.379943e-1
step 8140, t = 0.16280000000002204  block: sum=2.005369e3 min=9.330131e-1 max=1.000000e0  cyl: sum=1.283440e3 min=0.000000e0 max=9.382286e-1
step 8150, t = 0.16300000000002224  block: sum=2.005651e3 min=9.332663e-1 max=1.000000e0  cyl: sum=1.284662e3 min=0.000000e0 max=9.384621e-1
step 8160, t = 0.16320000000002244  block: sum=2.005932e3 min=9.335185e-1 max=1.000000e0  cyl: sum=1.285882e3 min=0.000000e0 max=9.386946e-1
step 8170, t = 0.16340000000002264  block: sum=2.006212e3 min=9.337698e-1 max=1.000000e0  cyl: sum=1.287101e3 min=0.000000e0 max=9.389263e-1
step 8180, t = 0.16360000000002284  block: sum=2.006491e3 min=9.340201e-1 max=1.000000e0  cyl: sum=1.288318e3 min=0.000000e0 max=9.391571e-1
step 8190, t = 0.16380000000002304  block: sum=2.006768e3 min=9.342694e-1 max=1.000000e0  cyl: sum=1.289534e3 min=0.000000e0 max=9.393871e-1
step 8200, t = 0.16400000000002324  block: sum=2.007045e3 min=9.345179e-1 max=1.000000e0  cyl: sum=1.290749e3 min=0.000000e0 max=9.396162e-1
step 8210, t = 0.16420000000002344  block: sum=2.007321e3 min=9.347654e-1 max=1.000000e0  cyl: sum=1.291962e3 min=0.000000e0 max=9.398444e-1
step 8220, t = 0.16440000000002364  block: sum=2.007596e3 min=9.350119e-1 max=1.000000e0  cyl: sum=1.293173e3 min=0.000000e0 max=9.400717e-1
step 8230, t = 0.16460000000002384  block: sum=2.007869e3 min=9.352575e-1 max=1.000000e0  cyl: sum=1.294384e3 min=0.000000e0 max=9.402982e-1
step 8240, t = 0.16480000000002404  block: sum=2.008142e3 min=9.355022e-1 max=1.000000e0  cyl: sum=1.295592e3 min=0.000000e0 max=9.405239e-1
step 8250, t = 0.16500000000002424  block: sum=2.008413e3 min=9.357460e-1 max=1.000000e0  cyl: sum=1.296800e3 min=0.000000e0 max=9.407486e-1
step 8260, t = 0.16520000000002444  block: sum=2.008684e3 min=9.359888e-1 max=1.000000e0  cyl: sum=1.298006e3 min=0.000000e0 max=9.409726e-1
step 8270, t = 0.16540000000002464  block: sum=2.008954e3 min=9.362308e-1 max=1.000000e0  cyl: sum=1.299210e3 min=0.000000e0 max=9.411957e-1
step 8280, t = 0.16560000000002484  block: sum=2.009222e3 min=9.364718e-1 max=1.000000e0  cyl: sum=1.300413e3 min=0.000000e0 max=9.414179e-1
step 8290, t = 0.16580000000002504  block: sum=2.009490e3 min=9.367119e-1 max=1.000000e0  cyl: sum=1.301615e3 min=0.000000e0 max=9.416393e-1
step 8300, t = 0.16600000000002524  block: sum=2.009756e3 min=9.369511e-1 max=1.000000e0  cyl: sum=1.302815e3 min=0.000000e0 max=9.418599e-1
step 8310, t = 0.16620000000002544  block: sum=2.010021e3 min=9.371894e-1 max=1.000000e0  cyl: sum=1.304014e3 min=0.000000e0 max=9.420796e-1
step 8320, t = 0.16640000000002564  block: sum=2.010286e3 min=9.374268e-1 max=1.000000e0  cyl: sum=1.305211e3 min=0.000000e0 max=9.422985e-1
step 8330, t = 0.16660000000002584  block: sum=2.010549e3 min=9.376633e-1 max=1.000000e0  cyl: sum=1.306407e3 min=0.000000e0 max=9.425166e-1
step 8340, t = 0.16680000000002604  block: sum=2.010812e3 min=9.378989e-1 max=1.000000e0  cyl: sum=1.307601e3 min=0.000000e0 max=9.427338e-1
step 8350, t = 0.16700000000002624  block: sum=2.011073e3 min=9.381336e-1 max=1.000000e0  cyl: sum=1.308794e3 min=0.000000e0 max=9.429503e-1
step 8360, t = 0.16720000000002644  block: sum=2.011334e3 min=9.383674e-1 max=1.000000e0  cyl: sum=1.309986e3 min=0.000000e0 max=9.431659e-1
step 8370, t = 0.16740000000002664  block: sum=2.011593e3 min=9.386003e-1 max=1.000000e0  cyl: sum=1.311176e3 min=0.000000e0 max=9.433807e-1
step 8380, t = 0.16760000000002684  block: sum=2.011852e3 min=9.388324e-1 max=1.000000e0  cyl: sum=1.312365e3 min=0.000000e0 max=9.435947e-1
step 8390, t = 0.16780000000002704  block: sum=2.012110e3 min=9.390636e-1 max=1.000000e0  cyl: sum=1.313552e3 min=0.000000e0 max=9.438078e-1
step 8400, t = 0.16800000000002724  block: sum=2.012366e3 min=9.392939e-1 max=1.000000e0  cyl: sum=1.314738e3 min=0.000000e0 max=9.440202e-1
step 8410, t = 0.16820000000002744  block: sum=2.012622e3 min=9.395233e-1 max=1.000000e0  cyl: sum=1.315923e3 min=0.000000e0 max=9.442318e-1
step 8420, t = 0.16840000000002764  block: sum=2.012876e3 min=9.397519e-1 max=1.000000e0  cyl: sum=1.317106e3 min=0.000000e0 max=9.444426e-1
step 8430, t = 0.16860000000002784  block: sum=2.013130e3 min=9.399796e-1 max=1.000000e0  cyl: sum=1.318288e3 min=0.000000e0 max=9.446525e-1
step 8440, t = 0.16880000000002804  block: sum=2.013383e3 min=9.402064e-1 max=1.000000e0  cyl: sum=1.319468e3 min=0.000000e0 max=9.448617e-1
step 8450, t = 0.16900000000002824  block: sum=2.013635e3 min=9.404324e-1 max=1.000000e0  cyl: sum=1.320647e3 min=0.000000e0 max=9.450701e-1
step 8460, t = 0.16920000000002844  block: sum=2.013885e3 min=9.406576e-1 max=1.000000e0  cyl: sum=1.321825e3 min=0.000000e0 max=9.452777e-1
step 8470, t = 0.16940000000002864  block: sum=2.014135e3 min=9.408819e-1 max=1.000000e0  cyl: sum=1.323001e3 min=0.000000e0 max=9.454845e-1
step 8480, t = 0.16960000000002884  block: sum=2.014384e3 min=9.411053e-1 max=1.000000e0  cyl: sum=1.324176e3 min=0.000000e0 max=9.456906e-1
step 8490, t = 0.16980000000002904  block: sum=2.014632e3 min=9.413279e-1 max=1.000000e0  cyl: sum=1.325349e3 min=0.000000e0 max=9.458958e-1
step 8500, t = 0.17000000000002924  block: sum=2.014879e3 min=9.415496e-1 max=1.000000e0  cyl: sum=1.326521e3 min=0.000000e0 max=9.461003e-1
step 8510, t = 0.17020000000002944  block: sum=2.015125e3 min=9.417705e-1 max=1.000000e0  cyl: sum=1.327691e3 min=0.000000e0 max=9.463040e-1
step 8520, t = 0.17040000000002964  block: sum=2.015371e3 min=9.419906e-1 max=1.000000e0  cyl: sum=1.328861e3 min=0.000000e0 max=9.465069e-1
step 8530, t = 0.17060000000002984  block: sum=2.015615e3 min=9.422099e-1 max=1.000000e0  cyl: sum=1.330028e3 min=0.000000e0 max=9.467091e-1
step 8540, t = 0.17080000000003004  block: sum=2.015858e3 min=9.424283e-1 max=1.000000e0  cyl: sum=1.331195e3 min=0.000000e0 max=9.469105e-1
step 8550, t = 0.17100000000003024  block: sum=2.016101e3 min=9.426459e-1 max=1.000000e0  cyl: sum=1.332360e3 min=0.000000e0 max=9.471112e-1
