FiniteElementSpace
FiniteElementCollection: RT_2D_P1
VDim: 1
Ordering: 0

0.0633317
0.0656591
0.0198402
0.01784
0.0644521
0.0668197
0.0186415
0.016757
-0.0698935
-0.0674119
0.02112
0.0189909
-0.0711294
-0.0686081
-0.0151267
-0.0173838
-0.072132
-0.0695754
-0.0142099
-0.0163304
0.0653606
0.0677615
-0.0133467
-0.0153421
0.0717595
0.0744017
0.022483
0.020216
0.0730328
0.075717
-0.0792005
-0.0763882
0.0239331
0.0215199
-0.0806004
-0.0777433
-0.017141
-0.0196988
-0.0817363
-0.0788394
-0.0161024
-0.0185052
0.0740626
0.0767841
0.0142954
0.0117629
0.0748378
0.0775877
0.0134292
0.0110501
0.0152175
0.0125216
-0.0825919
-0.0796645
-0.00767042
-0.010499
-0.0831525
-0.0802053
-0.00720558
-0.00986281
0.0753456
0.0781145
-0.00676872
-0.00926507
0.0126155
0.0103803
0.0660449
0.0684707
0.0118519
0.0097495
-0.0728868
-0.0703035
-0.0733814
-0.0707807
-0.00635843
-0.00870372
0.0664927
0.0689352
-0.00597136
-0.0081774
0.0813147
0.0843087
0.0254771
0.0229082
0.0827573
0.0857985
-0.0897461
-0.0865595
0.0271201
0.0243857
-0.091332
-0.0880945
-0.0194235
-0.022322
-0.0926194
-0.0893367
-0.0182467
-0.0209695
0.083924
0.0870079
0.0921417
0.0955342
0.0288697
0.0259586
0.093776
0.0972224
-0.101696
-0.0980846
0.0307316
0.0276329
-0.103493
-0.099824
-0.0220099
-0.0252944
-0.104952
-0.101232
-0.0206765
-0.0237617
0.0950984
0.0985928
0.0183563
0.0151043
0.096094
0.0996251
0.0172439
0.0141891
0.0195401
0.0160785
-0.10605
-0.102292
-0.00984908
-0.0134814
-0.106771
-0.102986
-0.00925248
-0.0126644
0.0967465
0.100302
-0.00869176
-0.0118972
0.0161992
0.0133293
0.0848025
0.0879186
-0.093589
-0.090272
-0.0942244
-0.0908849
-0.00816511
-0.0111761
0.0853783
0.0885156
0.00591091
0.002765
0.0856369
0.0887837
0.00555265
0.00259747
0.00629216
0.00294329
-0.0945099
-0.0911603
0.00304339
-0.000441278
-0.09443
-0.0910832
0.00285899
-0.000414475
0.0855646
0.0887085
0.00268564
-0.000389455
0.00669815
0.0031333
0.0970395
0.100605
0.00712992
0.00333547
-0.107094
-0.103298
0.00344777
-0.000500701
-0.107003
-0.10321
0.00323943
-0.000469644
0.0969578
0.10052
-0.00600505
-0.00984972
0.0964854
0.100031
-0.00564216
-0.00925363
-0.00639251
-0.0104855
-0.106482
-0.102709
0.0177574
0.0135315
-0.105517
-0.101777
0.0166818
0.012712
0.0956111
0.0991238
0.0156712
0.0119418
-0.00529997
-0.00869309
0.0851483
0.0882769
-0.00497893
-0.00816601
-0.0939702
-0.0906406
-0.0931173
-0.0898183
0.0147219
0.0112187
0.0843763
0.0874765
0.0138298
0.0105387
0.00460311
0.00215286
0.0666942
0.069144
0.00432497
0.00202084
0.00489993
0.00229194
-0.0736037
-0.070995
0.00237019
-0.00034349
-0.0735414
-0.070935
0.00222691
-0.00032248
0.066638
0.0690857
0.00209332
-0.000304165
0.00521625
0.00244008
0.0755738
0.0783508
-0.0834044
-0.0804484
-0.0833338
-0.0803803
0.00252291
-0.000365715
0.0755101
0.0782848
-0.00467709
-0.00767117
0.0751429
0.0779037
-0.00439402
-0.0072067
-0.0829281
-0.0799892
-0.0821767
-0.0792645
0.0129917
0.00990001
0.0744621
0.0771982
0.0122048
0.00930033
-0.00412766
-0.00677012
0.0663143
0.06875
-0.00387657
-0.00636121
-0.0731841
-0.0705905
-0.0725208
-0.0699509
0.0114656
0.00873702
0.0657139
0.0681272
0.0107717
0.00820647
-0.0533752
-0.0525191
0.0156177
0.0137846
-0.0503089
-0.0495883
-0.0563508
-0.0553549
-0.0104714
-0.0124059
0.0535966
0.0546157
-0.00783222
-0.00970711
0.0509943
0.0518803
0.0128266
0.0110456
0.0482944
0.0490497
-0.0592198
-0.0580815
0.00901925
0.00698599
-0.0619659
-0.0606851
-0.00333605
-0.00546298
0.0584551
0.0597432
-0.000940441
-0.00299133
0.0560885
0.0572413
0.00642634
0.00446171
-0.0552407
-0.0540792
0.00405955
0.00216336
-0.0528442
-0.0518094
-0.0575115
-0.0562233
0.001228
-0.000746081
0.0539977
0.0552813
0.00318309
0.0012857
0.0520626
0.0532273
0.00190524
7.83377e-05
0.0500017
0.0510474
-0.0503367
-0.0494273
0.0102566
0.00852875
-0.0477313
-0.0469457
-0.00541814
-0.00723189
-0.003216
-0.00496814
0.0478276
0.0487545
0.00789583
0.00622264
0.0455525
0.0463625
-0.0645744
-0.0631493
0.00174572
-0.000471438
-0.0670283
-0.0654595
0.0044266
0.00212548
0.0627562
0.0643137
0.00651982
0.00431225
0.0606827
0.0621055
-0.000591153
-0.00272297
-0.0693121
-0.0676001
-0.00614033
-0.00851979
-0.0714097
-0.0695553
0.0127407
0.0102889
0.0663836
0.0682074
0.0144742
0.0121326
0.064661
0.0663528
-0.00816252
-0.0104407
-0.063431
-0.0617647
-0.00996032
-0.0121377
-0.0616211
-0.0600796
-0.06506
-0.06327
0.0159876
0.0137536
0.0602212
0.0619727
0.0172957
0.0151679
0.0589173
0.0605549
-0.0115478
-0.0136271
0.0574379
0.0589584
-0.0596431
-0.0582283
-0.00270072
-0.0047479
0.00838803
0.00627227
0.0100451
0.00802122
0.0557934
0.0571965
-0.00459696
-0.0065608
-0.0547717
-0.0533856
-0.0062945
-0.0081746
-0.0530604
-0.0517849
-0.0563329
-0.054836
0.011506
0.0095716
0.0522812
0.05375
0.0127832
0.010938
0.0510105
0.0523774
-0.00780514
-0.00960364
0.0495927
0.0508553
-0.0577301
-0.0561255
-0.0129404
-0.0149218
-0.0589528
-0.0572417
0.0184139
0.0163896
0.0543358
0.0560042
0.0193561
0.0174333
0.0533931
0.0549633
-0.0141503
-0.0160377
-0.0522574
-0.0507255
-0.0151921
-0.0169862
-0.0512165
-0.0497775
-0.0531315
-0.0515083
0.0201364
0.0183116
0.048761
0.0503369
0.0207665
0.0190379
0.0481258
0.0496181
-0.016077
-0.0177809
0.04733
0.0487359
-0.050018
-0.0486747
-0.00914194
-0.0108592
-0.0486737
-0.0474268
0.0138909
0.012132
0.0148403
0.0131667
0.0463824
0.0477003
-0.0103161
-0.0119541
0.0452933
0.0465208
-0.0471438
-0.0462041
0.00573311
0.00411495
-0.0449529
-0.0441239
-0.0492335
-0.0481821
-0.00121361
-0.00290354
0.0463591
0.0474115
0.000600249
-0.00102691
0.0445653
0.045513
0.00375718
0.00219497
0.0426688
0.043512
-0.0512098
-0.0500466
-4.89048e-05
-0.00180639
0.00493886
0.00311706
0.00650728
0.00476164
0.0480383
0.0491966
-0.0018146
-0.00350375
-0.0471934
-0.0460449
-0.00340449
-0.00502443
-0.0455889
-0.0445385
0.00790118
0.00622977
0.0091315
0.00753426
0.0440717
0.0452082
-0.00482848
-0.00638084
0.0427279
0.0437716
-0.0438698
-0.0429189
0.00195744
0.000451666
-0.0420483
-0.0411955
0.00223808
0.000672871
0.00370989
0.00220739
0.0412709
0.0422222
0.000323303
-0.00112632
0.0397107
0.040569
-0.0465369
-0.0459279
-0.0465384
-0.0459295
-0.0503076
-0.0495867
-0.0429588
-0.0424504
0.0448197
0.0454683
0.0415118
0.0420621
0.041512
0.0420624
0.0448192
0.0454675
-0.0429593
-0.0424507
0.0482928
0.0490481
-0.039565
-0.0391489
-0.0443323
-0.0436504
-0.036351
-0.0360199
0.042431
0.0431405
0.0353842
0.0357605
0.0394517
0.0400682
0.0383681
0.0388279
-0.0410951
-0.0405088
-0.0380171
-0.0375193
-0.0380167
-0.0375191
-0.0410951
-0.040509
-0.0350936
-0.0346778
0.0366127
0.0371425
0.0339105
0.0343603
0.0339109
0.0343606
0.0366126
0.0371426
-0.0350936
-0.0346779
0.0394518
0.0400683
-0.0443317
-0.04365
-0.0395653
-0.0391491
-0.04773
-0.046945
0.0383678
0.0388277
0.035384
0.0357603
0.042431
0.0431403
-0.0363509
-0.0360197
0.045552
0.0463618
-0.033311
-0.0330581
-0.0419032
-0.0411714
-0.0304396
-0.0302582
0.0398802
0.0406292
0.029879
0.0301077
0.0372116
0.0378728
0.0325559
0.0328553
-0.0389911
-0.0383499
-0.0277317
-0.0276156
-0.0393268
-0.038565
-0.0251807
-0.0251242
0.0372333
0.0380039
0.0249598
0.0250647
0.0348558
0.0355444
0.0273485
0.0275124
-0.0367215
-0.0360445
-0.0272122
-0.0270055
-0.0342302
-0.0336326
-0.0296956
-0.029425
-0.0248663
-0.0247181
0.0325778
0.0331897
0.0244083
0.0245951
0.0303975
0.0309377
0.0265951
0.0268396
-0.0318515
-0.0313276
0.0289054
0.0292128
-0.0323212
-0.031981
-0.0362144
-0.0356575
0.0346614
0.035241
0.0322279
0.0327313
0.0313427
0.0317184
-0.0335703
-0.0330913
-0.0310558
-0.0306493
-0.0310558
-0.0306493
-0.0335702
-0.0330913
-0.028668
-0.0283285
0.0299085
0.0303415
0.0277021
0.0280695
0.027701
0.0280685
0.029909
0.0303417
-0.0286678
-0.0283278
0.0322279
0.0327313
-0.0264035
-0.0261258
-0.0295829
-0.0291278
-0.0242582
-0.0240372
0.0283144
0.0287879
0.0236129
0.0238642
0.0263259
0.0267373
0.0256042
0.0259111
-0.027423
-0.0270316
-0.02537
-0.025038
-0.0253684
-0.0250362
-0.0274239
-0.0270328
-0.0234189
-0.0231413
0.0244314
0.0247851
0.0226295
0.0229296
0.0226276
0.022928
0.0244328
0.0247863
-0.0234176
-0.02314
0.0263276
0.0267388
-0.0295837
-0.0291288
-0.0264026
-0.0261246
-0.0318516
-0.0313281
0.0256028
0.0259102
0.023611
0.0238626
0.0283156
0.0287887
-0.0242573
-0.024036
0.0303984
0.0309383
-0.0419031
-0.0411714
-0.033311
-0.033058
-0.0449524
-0.0441236
-0.0389912
-0.0383499
0.032556
0.0328552
0.0372114
0.0378726
0.029879
0.0301077
0.0398801
0.0406291
-0.0304398
-0.0302584
0.0426688
0.0435119
-0.0362142
-0.0356572
-0.0323215
-0.0319812
0.0313426
0.0317185
0.0289052
0.0292127
0.0346614
0.0352409
-0.0296955
-0.0294248
-0.0342301
-0.0336325
-0.0272119
-0.027005
-0.0367214
-0.0360446
0.0265943
0.0268391
0.024407
0.0245941
0.0325781
0.0331897
-0.024866
-0.0247174
0.034856
0.0355444
-0.0393267
-0.0385649
-0.0277316
-0.0276155
-0.0420482
-0.0411953
0.0273482
0.0275123
0.0249593
0.0250643
0.0372333
0.0380037
-0.0251809
-0.025124
0.0397108
0.0405689
0.0156201
0.0137869
-0.0533734
-0.0525175
0.0186432
0.016759
0.0128283
0.0110478
0.0509924
0.0518782
-0.00783476
-0.0097093
0.0535941
0.0546125
-0.0104737
-0.0124078
-0.0563479
-0.0553518
-0.013349
-0.0153441
0.0102575
0.00852995
-0.0503348
-0.0494259
0.00789609
0.00622301
0.0478268
0.0487532
-0.00321708
-0.0049687
0.0499998
0.051045
-0.00542
-0.00723296
-0.0528413
-0.0518067
0.00406191
0.00216593
-0.0552369
-0.0540759
0.00642867
0.00446435
0.00190696
8.06402e-05
0.0520595
0.0532236
0.00318012
0.00128297
0.0539939
0.0552773
0.00122486
-0.000748469
-0.0575077
-0.0562196
-0.000943049
-0.00299408
0.00902166
0.0069884
-0.0592177
-0.0580787
0.0118545
0.00975102
0.0560851
0.0572385
0.0584521
0.0597408
-0.00333731
-0.00546555
-0.0619647
-0.0606835
-0.00597225
-0.00817831
0.00573327
0.00411529
-0.0471433
-0.0462037
0.00375719
0.00219499
0.044565
0.0455124
0.000599767
-0.00102719
0.0463587
0.0474108
-0.00121435
-0.00290394
-0.049232
-0.0481813
0.0019574
0.000451771
-0.0438696
-0.0429188
0.000323148
-0.00112646
0.0412707
0.0422219
0.00370977
0.0022075
0.0427278
0.0437713
0.00223796
0.000672839
-0.0455884
-0.0445381
-0.00340446
-0.00502409
-0.0471927
-0.0460446
-0.00181426
-0.00350314
-0.00482857
-0.0063809
0.0440713
0.0452076
0.00913128
0.00753435
0.0452924
0.0465194
0.0079009
0.00622968
-0.0486719
-0.0474252
0.00650604
0.00476107
-4.79172e-05
-0.00180496
-0.0512071
-0.0500448
0.0480374
0.0491947
0.0495897
0.0508516
0.00493608
0.00311538
-0.0530562
-0.051781
-0.00629117
-0.00817116
-0.0547675
-0.0533819
-0.00459416
-0.00655717
-0.00780237
-0.00960057
0.0510068
0.0523732
0.0127799
0.0109349
0.0522781
0.0537464
0.0115017
0.00956838
-0.056329
-0.054832
0.0100414
0.00801718
-0.00914118
-0.0108578
-0.0500147
-0.0486725
-0.0103161
-0.0119539
0.0463809
0.0476981
0.0148398
0.0131666
0.0473272
0.0487328
0.0138886
0.0121308
-0.0512128
-0.049774
-0.0151896
-0.0169841
-0.0522542
-0.0507226
-0.0141474
-0.0160344
-0.0160762
-0.0177797
0.0481232
0.0496152
0.0207657
0.0190368
0.0487593
0.0503348
0.0201342
0.0183097
-0.0531296
-0.0515056
0.0193535
0.0174297
-0.0129359
-0.0149185
-0.0577288
-0.0561228
-0.0115446
-0.013625
0.0533896
0.0549603
0.0543344
0.0560038
0.0184121
0.0163863
-0.0589527
-0.0572411
0.0172947
0.0151659
0.00174598
-0.000471194
-0.0645729
-0.0631475
0.00432609
0.00202143
-0.000589377
-0.00272196
0.0606806
0.0621038
0.00651987
0.00431166
0.0627541
0.0643122
0.00442644
0.00212498
-0.0670272
-0.0654584
0.00209327
-0.000304439
-0.00269791
-0.00474558
-0.0596404
-0.0582241
0.055789
0.0571922
0.0574345
0.0589562
0.00838635
0.0062697
-0.0616194
-0.0600781
-0.00995946
-0.0121372
-0.0634304
-0.0617636
-0.0081624
-0.0104404
0.0589163
0.0605537
0.0602213
0.0619734
0.0159869
0.0137529
-0.0650599
-0.0632702
0.0144744
0.0121322
-0.00614052
-0.00852036
-0.0693113
-0.0675988
-0.00387626
-0.00636123
0.0646602
0.0663519
0.0663835
0.0682076
0.012741
0.0102891
-0.0714094
-0.0695549
0.0107722
0.00820629
0.0644517
0.0668187
0.0198417
0.0178417
0.0653592
0.0677605
-0.014211
-0.0163321
-0.0721311
-0.0695747
-0.0151276
-0.0173846
-0.0711285
-0.0686069
0.0211217
0.0189921
0.0660439
0.0684696
0.0126163
0.0103814
0.0664919
0.0689347
-0.00635897
-0.0087047
-0.0733807
-0.0707802
-0.00676949
-0.0092655
-0.0728861
-0.0703025
0.0134301
0.0110507
0.0748373
0.077587
0.014296
0.0117636
0.0740616
0.0767833
0.075345
0.0781139
-0.00720594
-0.00986349
-0.0831518
-0.0802049
-0.00767114
-0.0104995
-0.0825914
-0.0796638
0.0152184
0.0125221
-0.0817355
-0.0788388
0.0730322
0.0757162
0.0224837
0.0202169
-0.0161031
-0.0185061
-0.0171417
-0.0196994
-0.0805997
-0.0777424
0.0239344
0.0215208
0.0666931
0.069143
0.00460361
0.00215346
0.0666369
0.0690849
0.00222657
-0.0003232
-0.073541
-0.0709344
0.00236989
-0.000343855
-0.0736031
-0.0709942
0.00490085
0.00229247
0.0663134
0.0687495
-0.00412744
-0.00677023
0.065713
0.0681268
0.0114657
0.00873663
-0.0725212
-0.0699505
0.012205
0.00930009
-0.0731838
-0.0705899
-0.00439346
-0.0072065
0.0751425
0.0779039
-0.00467675
-0.00767122
0.0755096
0.0782845
0.074462
0.0771981
0.0129918
0.00989957
-0.0821772
-0.0792641
0.0138301
0.0105382
-0.0829284
-0.0799891
-0.00497833
-0.00816584
-0.0833338
-0.0803801
0.0755733
0.0783503
0.00521671
0.00244064
0.00252266
-0.000366306
0.00268545
-0.000389845
-0.0834041
-0.0804479
0.00555334
0.00259784
0.0856366
0.0887835
0.00591135
0.0027654
0.0853779
0.0885153
0.0855644
0.0887085
0.00285858
-0.000414896
-0.0944302
-0.0910831
0.00304332
-0.000441396
-0.0945097
-0.09116
0.00629227
0.00294358
-0.0942243
-0.0908847
0.0851482
0.0882775
-0.00529957
-0.00869322
0.0843764
0.0874768
0.0147219
0.0112182
-0.0931184
-0.0898182
0.015672
0.0119417
-0.0939708
-0.0906406
-0.00564173
-0.00925346
0.096486
0.100032
-0.00600551
-0.00985062
0.0969578
0.10052
0.0956114
0.0991237
0.0166818
0.0127122
-0.105517
-0.101777
0.0177582
0.0135314
-0.106482
-0.102709
-0.00639286
-0.0104851
-0.107003
-0.103211
0.0970394
0.100605
0.00669803
0.00313335
0.0967464
0.100301
0.00323938
-0.000469747
0.00344847
-0.000500086
-0.107094
-0.103298
0.00712989
0.00333536
-0.10677
-0.102986
0.0827569
0.0857979
0.0254779
0.0229091
0.0839233
0.0870074
-0.0182474
-0.0209704
-0.0926188
-0.0893363
-0.0194243
-0.0223224
-0.0913316
-0.0880939
0.0271213
0.0243864
0.084802
0.0879179
0.0161997
0.0133302
-0.00816567
-0.0111769
-0.00869202
-0.0118972
-0.0935887
-0.0902714
0.0172445
0.0141895
0.0960938
0.0996248
0.0183563
0.0151045
0.0950978
0.0985925
-0.00925255
-0.0126645
-0.00984918
-0.013481
-0.10605
-0.102292
0.0195402
0.0160784
-0.104951
-0.101232
0.0937757
0.097222
0.0288701
0.0259592
-0.0206768
-0.0237622
-0.0220099
-0.0252941
-0.103492
-0.0998236
0.0307322
0.0276331
0.10441
0.108255
0.0327138
0.0294151
0.106262
0.110167
-0.115237
-0.111145
0.034824
0.0313126
-0.117273
-0.113116
-0.0249408
-0.0286626
-0.118926
-0.114711
-0.0234297
-0.0269258
0.107761
0.111721
0.118313
0.122668
0.0370703
0.0333319
0.120411
0.124836
-0.13058
-0.125943
0.0394608
0.035482
-0.132888
-0.128177
-0.0282618
-0.0324793
-0.134761
-0.129984
-0.0265498
-0.0305112
0.122109
0.126596
0.0235705
0.0193948
0.123388
0.127921
0.0221422
0.0182195
0.0250901
0.0206454
-0.136172
-0.131346
-0.0126468
-0.0173104
-0.137097
-0.132237
-0.0118807
-0.0162618
0.124225
0.12879
-0.0111608
-0.0152766
0.0208005
0.0171153
0.108889
0.11289
-0.120171
-0.115912
-0.120987
-0.116699
-0.0104843
-0.0143506
0.109629
0.113657
0.134066
0.139002
0.0420058
0.0377705
0.136443
0.141458
-0.147967
-0.142713
0.044715
0.0402066
-0.150582
-0.145244
-0.0320249
-0.0368038
-0.152705
-0.147292
-0.0300848
-0.034574
0.138368
0.143453
0.151917
0.15751
0.0475997
0.0427995
0.154612
0.160293
-0.167667
-0.161715
0.0506728
0.0455563
-0.170629
-0.164584
-0.0362853
-0.0417079
-0.173034
-0.166905
-0.0340905
-0.039178
0.156792
0.162553
0.0302654
0.0249034
0.158433
0.164255
0.0284314
0.0233947
0.032221
0.0265046
-0.174845
-0.168652
-0.0162336
-0.0222327
-0.176031
-0.169797
-0.015255
-0.0208815
0.159509
0.16537
-0.0143311
-0.0196159
0.0267089
0.0219771
0.139817
0.144955
-0.154303
-0.148834
-0.155351
-0.149844
-0.0134629
-0.0184269
0.140766
0.145938
0.00974642
0.00455973
0.141192
0.14638
0.00915512
0.00428302
0.0103747
0.00485381
-0.155821
-0.150298
0.00501645
-0.000728936
-0.155689
-0.150171
0.0047121
-0.000684364
0.141072
0.146256
0.00442713
-0.000642595
0.0110446
0.00516673
0.159991
0.16587
0.0117623
0.00549328
-0.176562
-0.17031
0.00569172
-0.000832593
-0.176412
-0.170165
0.00533998
-0.000776776
0.159856
0.165729
-0.00989907
-0.0162394
0.159077
0.164921
-0.00930007
-0.0152546
-0.0105307
-0.0172947
-0.175552
-0.169336
0.0292854
0.022301
-0.173961
-0.167802
0.0275029
0.0209557
0.157634
0.163425
0.025836
0.0196875
-0.00873706
-0.0143308
0.140386
0.145543
-0.00820813
-0.0134628
-0.154929
-0.149439
-0.153524
-0.148084
0.0242698
0.0184944
0.139112
0.144222
0.0228002
0.0173746
0.00759018
0.0035507
0.10996
0.114001
0.00807952
0.00377943
-0.121353
-0.117053
0.00390749
-0.000566973
-0.12125
-0.116953
0.00367084
-0.000532286
0.109867
0.113904
0.00860074
0.00402361
0.124602
0.12918
-0.137511
-0.132638
-0.137395
-0.132525
0.00415862
-0.000603703
0.124496
0.12907
-0.00771051
-0.0126472
0.12389
0.128442
-0.00724393
-0.011881
-0.136725
-0.13188
-0.135485
-0.130684
0.0214186
0.0163213
0.122766
0.127277
0.0201221
0.0153334
-0.00680482
-0.0111617
0.109333
0.11335
-0.12066
-0.116384
-0.119566
-0.115329
0.0189023
0.0144044
0.108341
0.112321
-0.0222452
-0.0268731
0.106881
0.110807
-0.0208976
-0.0252446
-0.0236799
-0.0286071
-0.117954
-0.113773
0.0373122
0.0322616
-0.115808
-0.111704
0.0350523
0.030306
0.104936
0.108793
0.0329282
0.0284699
-0.025207
-0.0304501
0.121111
0.12556
-0.0268329
-0.032414
-0.133657
-0.128922
0.0422798
0.0365564
-0.131228
-0.126577
0.0397167
0.0343414
0.118909
0.123276
-0.0436979
-0.049191
0.116145
0.120413
-0.0410519
-0.0462107
-0.0465169
-0.0523645
-0.128179
-0.123635
0.0626396
0.0566843
-0.1245
-0.120084
0.0588419
0.05325
0.11281
0.116955
0.0552786
0.0500254
-0.0385634
-0.0434113
0.102498
0.106263
-0.0362265
-0.0407818
-0.113116
-0.109108
-0.109869
-0.105975
0.0519277
0.0469938
0.0995543
0.103212
0.0487824
0.0441466
-0.0285632
-0.034505
0.137236
0.142278
-0.030405
-0.036731
-0.151455
-0.146087
0.0479108
0.041423
-0.148701
-0.143429
0.045007
0.0389139
0.13474
0.139692
-0.0323657
-0.0391004
0.155508
0.161222
-0.0344455
-0.0416331
-0.171615
-0.165541
0.0543012
0.0469288
-0.168493
-0.162531
0.0510003
0.0440953
0.152682
0.158291
-0.0561081
-0.0631644
0.149135
0.154611
-0.0527112
-0.0593371
-0.0597163
-0.0672477
-0.164576
-0.158752
0.0804389
0.0727751
-0.159855
-0.154192
0.075554
0.0683732
0.144851
0.150176
0.0709765
0.0642339
-0.0495152
-0.0557432
0.131607
0.136447
-0.145244
-0.140098
-0.141072
-0.136076
0.0666785
0.0603422
0.12783
0.132528
-0.0713519
-0.0777754
0.123395
0.127926
-0.067029
-0.0730664
-0.0759543
-0.0827943
-0.136183
-0.131356
0.0947469
0.0878305
-0.130548
-0.12592
0.0890094
0.0825133
0.118292
0.122636
0.0836131
0.0775145
-0.0808512
-0.0881331
0.139823
0.144965
-0.0860556
-0.0938335
-0.154302
-0.148849
0.107378
0.0995104
-0.147923
-0.14269
0.100861
0.0934956
0.134045
0.138966
-0.106267
-0.113684
0.1275
0.132182
-0.0998329
-0.106795
-0.113107
-0.12103
-0.140697
-0.135725
0.134755
0.126784
-0.132611
-0.127964
0.12657
0.119116
0.120205
0.124587
0.118903
0.111902
-0.0937813
-0.100328
0.11252
0.116648
-0.0881016
-0.0942513
-0.124176
-0.119774
-0.117041
-0.112922
0.111696
0.105126
0.106083
0.109953
0.104933
0.0987529
-0.0555678
-0.0605731
0.0961002
0.0996303
-0.0522017
-0.0569026
-0.059153
-0.0644819
-0.106056
-0.102298
0.0737904
0.0684038
-0.101671
-0.0980676
0.0693184
0.0642586
0.0921257
0.095511
0.0651182
0.0603665
-0.062965
-0.0686392
0.108894
0.112898
-0.120179
-0.115919
-0.115206
-0.111126
0.0785473
0.072816
0.104393
0.108229
-0.0827639
-0.0885355
0.0992972
0.102944
-0.0777497
-0.0831743
-0.10958
-0.105699
-0.103286
-0.0996592
0.0985707
0.0927681
0.0936149
0.097031
0.0926004
0.0871517
-0.0730359
-0.0781327
0.0876306
0.0908473
-0.0686108
-0.0733983
-0.0967071
-0.0932828
-0.0911529
-0.0879462
0.0869902
0.0818694
0.0826189
0.0856302
0.0817185
0.0769077
-0.0134925
-0.0162998
0.0648273
0.0672082
-0.0126737
-0.0153131
-0.0143628
-0.017351
-0.0715435
-0.0690075
0.0226303
0.0195679
-0.0702424
-0.0677515
0.0212599
0.0183821
0.0636479
0.0659859
0.0199724
0.0172672
-0.0152892
-0.0184695
0.0734579
0.0761577
-0.0162757
-0.0196609
-0.0810694
-0.0781954
0.025643
0.022174
-0.079596
-0.0767713
0.0240897
0.0208304
0.0721208
0.0747732
-0.0265068
-0.0298349
0.0704442
0.0730357
-0.0249001
-0.0280275
-0.0282173
-0.0317588
-0.077747
-0.074987
0.0379908
0.0343848
-0.0755136
-0.0728359
0.0356903
0.0323004
0.0684228
0.0709384
0.0335275
0.0303426
-0.023391
-0.0263306
0.0621681
0.0644528
-0.0219721
-0.024736
-0.0686104
-0.0661769
-0.0666403
-0.0642775
0.0314967
0.0285043
0.0603839
0.0626024
0.0295887
0.0267755
-0.017325
-0.0209288
0.0832377
0.0862981
-0.0184425
-0.0222801
-0.0918627
-0.088607
0.02906
0.0251256
-0.0901934
-0.0869923
0.0272971
0.0236047
0.0817222
0.0847312
-0.019632
-0.0237166
0.0943223
0.0977874
-0.104094
-0.100405
-0.102201
-0.0985788
0.030934
0.0267457
0.0926058
0.0960085
-0.0340328
-0.0383115
0.0904518
0.0937785
-0.0319731
-0.0359884
-0.0998256
-0.0962869
-0.0969591
-0.0935224
0.0458274
0.0414734
0.0878541
0.0910862
0.0430491
0.0389637
-0.0300378
-0.033806
0.0798217
0.0827632
-0.0880986
-0.0849683
-0.0855703
-0.0825285
0.0404387
0.0366051
0.077531
0.0803878
-0.0432834
-0.0471716
0.0748406
0.0775982
-0.0406574
-0.0443172
-0.0460726
-0.0502165
-0.0826009
-0.0796642
0.0574664
0.0532781
-0.0791848
-0.0763703
0.0539818
0.0500525
0.0717442
0.0743902
0.0507149
0.0470158
-0.0490408
-0.0534563
0.0848052
0.0879253
-0.0935937
-0.0902767
-0.0897245
-0.0865442
0.0611728
0.0567104
0.0812989
0.0842886
-0.064456
-0.0689519
0.0773315
0.0801733
-0.060554
-0.0647746
-0.0853439
-0.0823196
-0.0804415
-0.0776125
0.0767674
0.0722483
0.0729086
0.0755687
0.072116
0.0678741
-0.0568881
-0.0608467
0.0682408
0.0707579
-0.053438
-0.0571611
-0.0753175
-0.0726431
-0.0709908
-0.0684896
0.0677435
0.0637647
0.064336
0.0666927
0.0636377
0.0599022
-0.0337046
-0.0367404
0.0582884
0.0604296
-0.0316612
-0.0345146
-0.035879
-0.0391104
-0.0643275
-0.0620475
0.0447559
0.0414908
-0.0616665
-0.0594823
0.0420444
0.0389758
0.055878
0.0579312
0.0394972
0.0366142
-0.0381926
-0.041633
0.0660481
0.0684763
-0.0728912
-0.0703093
-0.0698774
-0.0674017
0.0476426
0.0441663
0.0633165
0.0656443
-0.0501985
-0.0537008
0.0602259
0.0624386
-0.047157
-0.0504475
-0.0664677
-0.0641126
-0.0626535
-0.0604426
0.0597875
0.0562667
0.0567832
0.0588518
0.0561637
0.0528601
-0.0442997
-0.0473902
0.0531504
0.0551031
-0.041615
-0.0445187
-0.0586554
-0.0565789
-0.0552878
-0.0533424
0.0527617
0.0496564
0.0501065
0.0519381
0.0495611
0.0466486
-0.0733052
-0.0713107
-0.0145601
-0.0170768
-0.0749838
-0.072851
0.0215166
0.0189413
0.0692257
0.0713067
0.0228337
0.020384
0.0679097
0.0698639
-0.01621
-0.0186092
-0.0764297
-0.0741627
-0.0234201
-0.0260453
-0.0776289
-0.0752301
0.0306484
0.0279813
0.0711726
0.0734993
0.0314931
0.0289677
0.0703183
0.0725235
-0.0246407
-0.0271336
-0.0687228
-0.0665817
-0.0256519
-0.0280156
-0.0677186
-0.0656918
-0.0694938
-0.0672402
0.0321395
0.0297507
0.0634371
0.0656155
0.0326057
0.0303477
0.0629573
0.0650323
-0.0264712
-0.02871
0.062254
0.0642235
-0.0664937
-0.0645837
-0.0176417
-0.0199252
0.0239392
0.0216119
0.0248498
0.0226415
0.0613372
0.0632002
-0.0188693
-0.0210405
-0.0785654
-0.0760403
-0.0326122
-0.0353106
-0.0792266
-0.0765802
0.0400161
0.037295
0.0721197
0.0746758
0.0403371
0.0377716
0.0717773
0.0742219
-0.0333496
-0.0358995
-0.0795981
-0.0768352
-0.0420145
-0.0447476
-0.07967
-0.0767892
0.0494833
0.0467513
0.0719698
0.0747401
0.0492342
0.0466703
0.0721889
0.0748512
-0.0422178
-0.0447877
-0.0702795
-0.0677226
-0.0422453
-0.0446585
-0.0702832
-0.0678223
-0.0700043
-0.0673449
0.0488237
0.0464256
0.0629223
0.0654595
0.0482794
0.0460249
0.0634366
0.0658912
-0.0421117
-0.0443793
0.0636855
0.0660547
-0.0700178
-0.0676582
-0.0338935
-0.0362978
0.0404774
0.0380627
0.0404546
0.0381836
0.0636822
0.0659602
-0.0342568
-0.0365247
-0.0620441
-0.0598588
-0.0344555
-0.0365969
-0.0618649
-0.0597674
-0.0619824
-0.0597166
0.0402867
0.0381467
0.0558988
0.0580734
0.0399797
0.0379792
0.0561742
0.0582737
-0.0345134
-0.0365218
0.0562237
0.0582434
-0.0616706
-0.0593286
-0.0418322
-0.0439603
-0.0611074
-0.0586852
0.0476004
0.0454967
0.0546348
0.0569545
0.0468088
0.0448534
0.055389
0.0576348
-0.0414301
-0.0434132
-0.0537748
-0.0516235
-0.0409129
-0.0427606
-0.0543299
-0.0522409
-0.0529884
-0.0507739
0.0459213
0.0441043
0.0470955
0.0492055
0.0449494
0.0432625
0.0480305
0.0500849
-0.0402922
-0.0420121
0.0487424
0.0507425
-0.0546555
-0.0526343
-0.034437
-0.0363162
-0.0547604
-0.0528104
0.039554
0.0376857
0.0390241
0.0372803
0.0492406
0.0511814
-0.0342401
-0.0359987
0.0495312
0.0514076
-0.0599885
-0.0581757
-0.0199097
-0.0219702
-0.060826
-0.0589162
0.0255803
0.0234879
0.0556777
0.0575297
0.0261432
0.0241673
0.0551001
0.0568638
-0.0207756
-0.022728
-0.061454
-0.0594494
-0.0271124
-0.0292306
0.0329068
0.0307725
0.0330538
0.0310471
0.0560548
0.0579915
-0.0275949
-0.0295905
-0.0546515
-0.0527772
-0.0279276
-0.0298043
-0.0543394
-0.0525436
0.0330619
0.0311797
0.0329498
0.0311834
0.0496203
0.0514279
-0.0281238
-0.02989
0.0495181
0.0512528
-0.0538288
-0.0521171
-0.0214814
-0.0233299
0.0265563
0.0246907
0.0268315
0.0250712
0.0492279
0.0508851
-0.0220392
-0.0237869
-0.048035
-0.0464332
-0.0224617
-0.0241119
-0.0476246
-0.0460968
-0.0482714
-0.046599
0.026981
0.0253231
0.0437877
0.0453979
0.0270156
0.025456
0.0437355
0.0452811
-0.0227602
-0.0243152
0.0435181
0.0449964
-0.0483226
-0.0465833
-0.0281961
-0.0298558
-0.0481853
-0.0463839
0.0327249
0.0310695
0.0433669
0.0450932
0.0324015
0.030852
0.0436661
0.0453363
-0.0281569
-0.0297147
-0.0424689
-0.0408669
-0.0280166
-0.0294753
-0.0426319
-0.0410837
-0.0421308
-0.0404796
0.0319865
0.0305397
0.03772
0.0392974
0.0314947
0.0301448
0.0381853
0.0397189
-0.0277864
-0.0291506
0.0384879
0.0399736
-0.0426237
-0.041134
-0.022945
-0.0244094
-0.0424535
-0.0410254
0.0269462
0.0254816
0.0267836
0.0254102
0.0386304
0.040064
-0.0230273
-0.0244036
0.03862
0.0399978
-0.0478499
-0.0459907
-0.0339331
-0.0355775
-0.047311
-0.0454
0.0383994
0.0367744
0.0422106
0.0440337
0.0376932
0.0361806
0.0428843
0.0446606
-0.0335306
-0.0350644
-0.0465629
-0.044604
-0.0395804
-0.04118
-0.0456037
-0.0435976
0.0439036
0.0423401
0.0402733
0.0421787
0.0427957
0.0413495
0.0413429
0.043207
-0.0387903
-0.040274
-0.0400131
-0.0382412
-0.0379308
-0.0393054
-0.0409079
-0.0391711
-0.0389257
-0.0371175
0.041635
0.0402998
0.0341277
0.0358406
0.0404314
0.0392036
0.0352949
0.0369777
-0.0370148
-0.0382847
0.0362786
0.0379311
-0.0416124
-0.0399163
-0.0330405
-0.0344696
0.0369134
0.0355078
0.036073
0.0347693
0.0370858
0.0387032
-0.0324763
-0.0338058
-0.0359302
-0.0343894
-0.031844
-0.0330786
-0.0365909
-0.0350851
-0.0351001
-0.0335293
0.0351779
0.0339716
0.0309189
0.0324088
0.0342409
0.0331273
0.031825
0.0332903
-0.0311553
-0.0323003
0.0325739
0.0340094
-0.0340965
-0.0325005
-0.0360503
-0.0372217
-0.0329212
-0.0313029
0.0391944
0.0380651
0.0286306
0.0301598
0.0379298
0.0368959
0.0298572
0.0313662
-0.0350426
-0.0361204
-0.0287824
-0.0273551
-0.0340025
-0.034991
-0.0298584
-0.0284466
-0.0275514
-0.0261081
0.0366463
0.0357014
0.0237301
0.0250904
0.0353475
0.034492
0.0249901
0.0263401
-0.0329373
-0.0338395
0.0261044
0.0274414
-0.0307791
-0.0293886
-0.0304181
-0.0314758
-0.0315491
-0.0301833
0.0332638
0.0322387
0.0322566
0.0313177
0.027076
0.0283974
-0.0296399
-0.0306116
0.027909
0.0292078
-0.0376013
-0.0362237
-0.0230158
-0.024308
-0.0376298
-0.0363026
-0.0374226
-0.0359987
0.0265369
0.0252517
0.0336153
0.0349785
0.026215
0.0250135
0.0339144
0.0352357
-0.02292
-0.0241302
0.0340733
0.0353498
-0.0370865
-0.0356195
-0.0274744
-0.0287479
0.0309317
0.029675
0.0303088
0.0291405
0.0331684
0.0345697
-0.0270903
-0.028278
-0.0321674
-0.0308308
-0.026643
-0.0277473
-0.0326395
-0.0313361
0.0296343
0.02855
0.0289121
0.0279111
0.0286008
0.0298757
-0.026142
-0.0271648
0.0291584
0.0304044
-0.0329671
-0.0317014
-0.0227487
-0.0238811
-0.0331576
-0.0319323
0.0258274
0.0247061
0.0253785
0.024338
0.0295823
0.0307954
-0.02251
-0.0235641
0.0298771
0.0310538
-0.0405756
-0.0396284
-0.00115497
-0.0025479
-0.0390817
-0.0382215
-0.0419669
-0.0409323
0.00502665
0.00358564
0.0391575
0.0401794
0.00619764
0.00481866
0.0379963
0.0389371
-0.00248686
-0.0038238
0.0367332
0.0375918
-0.0432454
-0.0421249
-0.00609819
-0.00758253
-0.0444025
-0.0431964
0.0102094
0.00868485
0.0411408
0.0423227
0.0111455
0.00969321
0.0402085
0.0413113
-0.00722273
-0.00864079
-0.0394095
-0.0383272
-0.00821267
-0.00956495
-0.0384152
-0.0374077
-0.0402863
-0.03913
0.0119503
0.010568
0.037168
0.0382956
0.0126334
0.011319
0.0364848
0.0375442
-0.00907612
-0.010365
0.0356879
0.0366774
-0.0373109
-0.0363802
-0.00368164
-0.00496242
-0.0361059
-0.0352518
0.0072335
0.00591483
0.00814256
0.00688336
0.0347843
0.0357031
-0.00474743
-0.00597326
0.0337817
0.0346284
-0.0454279
-0.0441385
-0.0113394
-0.0128986
-0.0463131
-0.0449419
0.0156429
0.0140525
0.0426167
0.043951
0.0163098
0.0148018
0.0419462
0.0432059
-0.0122219
-0.0137042
-0.0470484
-0.0455976
-0.016817
-0.0184324
0.0212587
0.0196231
0.0216247
0.0200794
0.0431432
0.0445508
-0.0174234
-0.0189533
-0.0421283
-0.0407646
-0.0179069
-0.0193527
-0.0416536
-0.040356
0.0218748
0.020417
0.0220202
0.0206465
0.0384632
0.0397823
-0.0182774
-0.0196426
0.0381637
0.0394223
-0.0410372
-0.0398088
-0.0129742
-0.0143812
0.0168519
0.0154235
0.0172796
0.015928
0.0377293
0.0389247
-0.0136054
-0.0149404
-0.0368705
-0.0357099
-0.0141254
-0.0153897
-0.0363543
-0.0352562
-0.037259
-0.0360404
0.017602
0.0163245
0.0339877
0.0351655
0.017828
0.0166224
0.0337518
0.0348771
-0.0145433
-0.0157389
0.0333974
0.0344645
-0.0375143
-0.0362403
-0.018544
-0.0198312
0.0220695
0.020777
0.0220319
0.020818
0.0340963
0.0353247
-0.0187161
-0.0199287
-0.0332146
-0.0320325
-0.0188027
-0.0199426
-0.0331424
-0.0320061
0.0219164
0.0207781
0.0217283
0.0206658
0.0300465
0.0311842
-0.0188123
-0.0198786
0.0300945
0.0311909
-0.0329455
-0.0318571
-0.0148679
-0.0159964
-0.0326286
-0.0315926
0.0179668
0.0168303
0.0180227
0.0169569
0.0300244
0.0310776
-0.0151072
-0.0161677
0.0298425
0.030849
-0.0341168
-0.0332129
-0.00569305
-0.00686448
-0.0331646
-0.0323277
-0.0349706
-0.0340006
0.00893406
0.00773317
0.0323494
0.0332982
0.00961578
0.00847253
0.031669
0.0325567
-0.00652671
-0.00764448
0.0308933
0.0317184
-0.0357185
-0.0346842
-0.00982302
-0.0110492
0.0132042
0.0119555
0.0136704
0.0124869
0.0329274
0.0339361
-0.0104616
-0.0116267
-0.032199
-0.0312177
-0.0110004
-0.0121055
-0.031663
-0.0307366
0.0140412
0.012921
0.0143212
0.0132679
0.0295547
0.0305095
-0.0114476
-0.0124916
0.0291632
0.0300676
-0.0310256
-0.0301564
-0.00725584
-0.00832088
-0.0302935
-0.0294822
0.0101967
0.00910941
0.0106814
0.00965336
0.0286753
0.0295269
-0.00788911
-0.00889958
0.0280974
0.028893
-0.0227817
-0.0227793
-0.0366669
-0.0358911
-0.0205284
-0.0205748
0.0345451
0.0353224
0.0205884
0.0205905
0.032439
0.03314
0.0227079
0.0227589
-0.0343486
-0.0336521
-0.0184158
-0.0185063
-0.0339759
-0.0331999
-0.0164379
-0.0165679
0.0318608
0.0326327
0.0167263
0.0166447
0.0300064
0.0307076
0.0185961
0.0185539
-0.0319247
-0.0312225
-0.0186097
-0.0186083
-0.029952
-0.0293192
-0.0205696
-0.0205239
-0.0167691
-0.0168072
0.0282192
0.0288538
0.0168184
0.0168198
0.0264991
0.0270709
0.0185501
0.0185909
-0.0280581
-0.0274904
0.0203896
0.0204745
-0.0226539
-0.0225593
-0.0321254
-0.0315032
0.0304155
0.0310446
0.0284734
0.0290353
0.0223408
0.0224745
-0.0299971
-0.0294444
-0.0145892
-0.0147544
-0.0312975
-0.030532
-0.0128642
-0.0130606
0.0292178
0.0299746
0.0133352
0.0131863
0.0275954
0.028287
0.0149742
0.014857
-0.0294939
-0.0287962
-0.0112576
-0.0114812
-0.0286673
-0.0279213
-0.0097625
-0.0100128
0.0266477
0.0273796
0.0103785
0.010173
0.0252375
0.02591
0.0118041
0.0116271
-0.0270916
-0.0264077
-0.0119174
-0.0120525
-0.0255665
-0.0249413
-0.0134277
-0.0135339
-0.0105069
-0.01067
0.0238688
0.024486
0.0108958
0.0107691
0.0225448
0.0231064
0.0122325
0.0121364
-0.024093
-0.0235241
0.0136632
0.0135967
-0.0150437
-0.0151176
-0.0277541
-0.0271201
0.0260266
0.0266572
0.0245122
0.0250846
0.0151906
0.0151566
-0.0260784
-0.0255051
-0.0152016
-0.0152016
-0.0244666
-0.0239514
-0.0168025
-0.0167665
-0.0136977
-0.0137308
0.0230531
0.0235694
0.013739
0.0137386
0.0216472
0.0221137
0.0151536
0.0151856
-0.0229199
-0.0224567
0.0166562
0.0167242
-0.0122873
-0.0123503
-0.022671
-0.0221554
-0.0109656
-0.0110578
0.0212627
0.0217748
0.0111628
0.0111043
0.0200247
0.0204911
0.0124092
0.0123797
-0.021303
-0.0208351
-0.0124177
-0.0124168
-0.0199873
-0.0195647
-0.0137255
-0.0136952
-0.0111881
-0.0112165
0.0188318
0.0192543
0.0112237
0.0112219
0.0176838
0.0180649
0.0123779
0.0124054
-0.0187235
-0.018344
0.0136053
0.0136624
-0.0151162
-0.0150536
-0.0214371
-0.0210223
-0.0165926
-0.0164943
0.0202964
0.020716
0.0190001
0.0193753
0.0149077
0.014997
-0.0200168
-0.019648
0.0162872
0.0164119
-0.0222292
-0.0220608
-0.0279617
-0.0274736
-0.0203124
-0.0201926
0.0266125
0.0271115
0.019939
0.0200908
0.0248311
0.0252723
0.0217251
0.0219249
-0.0260186
-0.0255906
-0.0185048
-0.0184291
-0.0262418
-0.0257353
0.0248468
0.0253588
0.0232598
0.0237179
0.0182503
0.0183579
-0.0245039
-0.024053
-0.0181583
-0.0180209
-0.0228413
-0.0224425
-0.0198161
-0.0196354
0.021739
0.0221469
0.020284
0.0206444
0.0177466
0.0179099
-0.0212539
-0.0209045
0.0192887
0.0194941
-0.0215687
-0.0213414
-0.0241651
-0.0237934
0.0231289
0.0235158
0.0215048
0.0218408
0.0209153
0.0211661
-0.0224005
-0.022081
-0.0207237
-0.0204524
-0.0207225
-0.0204513
-0.0224016
-0.022082
-0.0191301
-0.0189034
0.0199574
0.0202462
0.0184853
0.0187304
0.0184846
0.0187297
0.0199579
0.0202468
-0.0191291
-0.0189027
0.0215056
0.0218418
-0.0176188
-0.0174333
-0.0197402
-0.0194365
-0.0161872
-0.0160396
0.018894
0.0192097
0.0157563
0.0159239
0.0175676
0.017842
0.017085
0.0172899
-0.0182992
-0.0180383
-0.0169287
-0.0167071
-0.0169287
-0.0167071
-0.0182995
-0.0180385
-0.015627
-0.0154418
0.0163035
0.0165394
0.0151001
0.0153004
0.0151003
0.0153006
0.0163034
0.0165394
-0.0156271
-0.0154419
0.0175677
0.0178422
-0.0197407
-0.0194371
-0.0176183
-0.017433
-0.0212545
-0.0209049
0.017085
0.0172899
0.0157563
0.0159239
0.0188941
0.0192101
-0.0161869
-0.0160395
0.0202843
0.0206448
-0.0148334
-0.0147207
-0.0186589
-0.0183333
-0.0135546
-0.0134737
0.0177584
0.0180918
0.0133047
0.0134066
0.0165701
0.0168644
0.0144969
0.0146302
-0.0173624
-0.017077
-0.0123484
-0.0122969
-0.0175119
-0.0171727
-0.0112111
-0.0111887
0.0165806
0.0169227
0.0111154
0.0111593
0.015522
0.0158276
0.0121779
0.0122507
-0.0163518
-0.0160505
-0.0121169
-0.0120252
-0.0152426
-0.0149766
-0.013223
-0.0131026
-0.0110713
-0.011008
0.0145076
0.014779
0.0108698
0.0109506
0.0135367
0.0137763
0.0118425
0.0119512
-0.0141832
-0.01395
0.0128712
0.0130081
-0.0143924
-0.0142409
-0.0161262
-0.0158782
0.0154347
0.0156927
0.0143508
0.014575
0.0139566
0.014124
-0.0149486
-0.0147353
-0.0138289
-0.0136478
-0.0138288
-0.0136478
-0.0149485
-0.0147353
-0.0127654
-0.0126143
0.013318
0.0135108
0.0123352
0.0124988
0.0123352
0.0124987
0.0133181
0.0135108
-0.0127654
-0.0126143
0.0143508
0.014575
-0.011757
-0.0116334
-0.013173
-0.0129705
-0.0108006
-0.0107045
0.012609
0.0128189
0.0105154
0.010625
0.0117238
0.0119061
0.0114011
0.0115376
-0.0122113
-0.0120372
-0.0112965
-0.0111489
-0.0112966
-0.0111489
-0.0122113
-0.0120372
-0.0104269
-0.0103056
0.0108802
0.0110367
0.0100785
0.0102089
0.0100785
0.0102089
0.0108802
0.0110367
-0.0104269
-0.0103056
0.0117237
0.0119061
-0.0131731
-0.0129706
-0.0117569
-0.0116333
-0.0141831
-0.01395
0.0114011
0.0115376
0.0105154
0.010625
0.012609
0.0128189
-0.0108007
-0.0107045
0.0135368
0.0137763
-0.018659
-0.0183333
-0.0148333
-0.0147206
-0.020017
-0.0196481
-0.0173625
-0.017077
0.014497
0.0146302
0.0165701
0.0168645
0.0133049
0.0134067
0.0177584
0.0180918
-0.0135547
-0.0134738
0.0190001
0.0193753
-0.016126
-0.015878
-0.0143924
-0.0142409
0.0139566
0.014124
0.0128712
0.0130082
0.0154346
0.0156925
-0.0132232
-0.0131027
-0.0152425
-0.0149765
-0.0121169
-0.0120251
-0.0163518
-0.0160505
0.0118425
0.0119512
0.0108698
0.0109506
0.0145075
0.014779
-0.0110714
-0.011008
0.015522
0.0158276
-0.0175119
-0.0171727
-0.0123484
-0.0122969
-0.0187235
-0.018344
0.0121779
0.0122507
0.0111155
0.0111594
0.0165806
0.0169226
-0.0112111
-0.0111888
0.0176838
0.0180648
-0.036667
-0.0358914
-0.0227813
-0.0227788
-0.0390817
-0.0382215
-0.0343487
-0.0336524
0.0227072
0.0227584
0.0324397
0.0331405
0.0205873
0.0205895
0.0345454
0.0353226
-0.020528
-0.0205741
0.0367334
0.0375919
-0.0321259
-0.0315039
-0.022653
-0.0225582
-0.0299976
-0.0294451
0.0223396
0.0224737
0.0284749
0.0290366
0.0203878
0.0204728
0.0304164
0.0310452
-0.0205686
-0.0205226
-0.0299533
-0.0293206
-0.018608
-0.0186065
-0.0319253
-0.0312234
-0.0280591
-0.0274913
0.0185486
0.0185895
0.0265006
0.0270724
0.0168163
0.016818
0.0282203
0.0288549
-0.0167675
-0.0168057
0.0300076
0.0307087
-0.0339764
-0.0332007
-0.0184147
-0.0185052
-0.0361061
-0.035252
0.0185947
0.0185527
0.0167243
0.016643
0.0318617
0.0326334
-0.0164365
-0.0165663
0.0337819
0.0346287
-0.0279632
-0.0274753
-0.0222275
-0.0220591
-0.0260196
-0.0255918
0.0217238
0.0219237
0.0248328
0.025274
0.0199368
0.0200888
0.0266138
0.0271127
-0.020311
-0.0201911
-0.0241669
-0.0237952
-0.0215668
-0.0213396
0.0209142
0.0211649
0.0192875
0.0194927
0.0231299
0.0235168
-0.0198147
-0.0196343
-0.0228424
-0.0224436
-0.0181573
-0.0180198
-0.0245048
-0.0240539
0.0177462
0.0179093
0.0162867
0.0164114
0.0217394
0.0221475
-0.0165918
-0.0164938
0.0232606
0.0237189
-0.0262435
-0.025737
-0.0185029
-0.0184272
0.0182493
0.0183568
0.0166551
0.0167231
0.0248476
0.0253599
-0.0168012
-0.0167653
-0.0244676
-0.0239521
-0.0152003
-0.0152004
-0.0260793
-0.0255058
-0.0229206
-0.0224571
0.015153
0.0151848
0.0216475
0.0221141
0.0137386
0.0137382
0.0230533
0.0235698
-0.0136969
-0.0137304
0.0245126
0.0250852
-0.0214375
-0.0210226
-0.0151155
-0.0150531
0.0149074
0.0149967
0.0136054
0.0136624
0.0202964
0.0207161
-0.0137254
-0.0136952
-0.0199874
-0.0195647
-0.0124176
-0.0124168
-0.0213031
-0.0208351
0.0123779
0.0124055
0.0112237
0.011222
0.0188318
0.0192543
-0.0111882
-0.0112166
0.0200247
0.020491
-0.0226713
-0.0221556
-0.0122868
-0.01235
-0.0240933
-0.0235242
0.0124092
0.0123795
0.0111629
0.0111044
0.0212627
0.0217749
-0.0109656
-0.0110579
0.0225447
0.0231065
-0.0312986
-0.0305332
-0.0145874
-0.0147524
-0.0331649
-0.0323281
-0.0294947
-0.0287969
0.0149724
0.0148553
0.0275965
0.0282883
0.013333
0.013184
0.0292188
0.0299755
-0.0128619
-0.0130584
0.0308936
0.031719
-0.0277556
-0.0271216
-0.0150414
-0.0151154
0.0151893
0.015155
0.0136623
0.0135956
0.0260271
0.026658
-0.0134261
-0.0135327
-0.0255671
-0.0249416
-0.011916
-0.0120513
-0.027092
-0.0264079
0.0122319
0.0121356
0.0108957
0.0107689
0.0238687
0.0244861
-0.0105063
-0.0106697
0.0252373
0.02591
-0.0286685
-0.0279223
-0.0112549
-0.0114786
-0.0302937
-0.0294825
0.0118027
0.0116252
0.0103777
0.0101717
0.0266473
0.0273798
-0.00975922
-0.0100112
0.0280975
0.0288935
-0.00115543
-0.00254828
-0.0405754
-0.0396284
-0.0024875
-0.00382447
0.0379962
0.038937
0.00619877
0.00481944
0.0391572
0.0401793
0.00502704
0.00358619
-0.0419668
-0.0409322
-0.00368278
-0.00496383
-0.0373109
-0.0363799
-0.00474897
-0.00597464
0.0347843
0.0357029
0.00814461
0.0068849
0.035687
0.0366771
0.00723475
0.00591618
-0.0384147
-0.0374074
-0.00821384
-0.00956672
-0.0394089
-0.0383262
-0.00722388
-0.00864191
-0.00907819
-0.0103666
0.0364842
0.0375433
0.0126356
0.0113206
0.0371663
0.0382948
0.0119519
0.0105697
-0.0402849
-0.0391289
0.0111469
0.0096943
-0.00609855
-0.00758312
-0.0432448
-0.0421245
0.0402081
0.0413107
0.0411396
0.0423218
0.01021
0.00868568
-0.0444014
-0.0431955
-0.00569524
-0.00686693
-0.0341168
-0.0332122
-0.00652922
-0.00764666
0.031669
0.0325562
0.00961861
0.00847483
0.0323485
0.0332979
0.00893608
0.00773552
-0.0349699
-0.0340002
-0.00725865
-0.008324
-0.0310256
-0.0301558
-0.00789243
-0.00890167
0.0286756
0.0295267
0.0106831
0.00965531
0.0291635
0.0300678
0.0101986
0.009112
-0.0316623
-0.0307365
-0.0110021
-0.0121072
-0.0321987
-0.0312172
-0.0104641
-0.0116287
-0.0114488
-0.0124923
0.0295549
0.0305093
0.0143216
0.0132686
0.0298427
0.0308489
0.0140418
0.0129222
-0.0326278
-0.0315923
0.0136723
0.0124887
-0.00982492
-0.0110516
-0.035718
-0.0346829
0.032927
0.0339351
0.0333965
0.0344638
0.0132057
0.0119578
-0.036353
-0.0352554
-0.0141269
-0.0153914
-0.0368695
-0.0357084
-0.0136074
-0.0149418
-0.014545
-0.0157399
0.0337513
0.034876
0.0178288
0.0166232
0.033987
0.0351649
0.017603
0.016326
-0.0372581
-0.0360395
0.017281
0.0159293
-0.0148684
-0.0159968
-0.0329453
-0.0318566
-0.0151073
-0.0161677
0.0300244
0.0310774
0.0180228
0.0169569
0.0300945
0.0311907
0.0179665
0.0168304
-0.0331421
-0.0320059
-0.0188023
-0.0199424
-0.0332148
-0.0320325
-0.0187164
-0.019929
-0.0188121
-0.0198788
0.0300466
0.0311844
0.0217289
0.0206662
0.0298773
0.0310541
0.0219163
0.0207777
-0.0331582
-0.0319324
0.0220324
0.0208182
-0.0185447
-0.0198322
-0.0375138
-0.0362395
-0.0182786
-0.0196438
0.0340963
0.0353246
0.0340736
0.0353506
0.0220699
0.0207775
-0.0376301
-0.0363028
0.0220212
0.0206473
-0.0113399
-0.0128995
-0.0454264
-0.0441369
-0.0122232
-0.0137052
0.041945
0.0432043
0.0163113
0.0148025
0.0426146
0.0439495
0.0156437
0.0140537
-0.0463108
-0.0449401
-0.0129756
-0.0143835
-0.0410361
-0.039807
0.0377281
0.0389231
0.0381624
0.0394214
0.0168535
0.0154255
-0.0416517
-0.0403547
-0.0179081
-0.0193544
-0.0421272
-0.0407631
-0.0174246
-0.0189543
0.0384623
0.0397814
0.0386197
0.0399981
0.0218763
0.0204184
-0.0424528
-0.0410247
0.0216257
0.02008
-0.0168174
-0.0184334
-0.047046
-0.0455953
0.0431418
0.044549
0.0435169
0.0449956
0.0212593
0.0196239
-0.047623
-0.0460955
-0.0224619
-0.0241123
-0.0480332
-0.0464318
-0.0220388
-0.0237865
-0.0227607
-0.0243157
0.0437342
0.0452794
0.0270156
0.0254557
0.0437849
0.0453947
0.0269808
0.0253233
-0.0482684
-0.046597
0.0268306
0.0250706
-0.022946
-0.0244104
-0.0426228
-0.041133
-0.023028
-0.0244039
0.03863
0.0400634
0.0267835
0.0254101
0.0384858
0.0399712
0.0269457
0.0254818
-0.0426291
-0.0410815
-0.0280159
-0.0294753
-0.042469
-0.0408672
-0.0281565
-0.0297149
-0.0277862
-0.0291503
0.0381857
0.0397195
0.0314939
0.0301447
0.0377199
0.0392981
0.0319866
0.0305396
-0.0421313
-0.0404802
0.0324014
0.0308527
-0.0281964
-0.0298565
-0.0483229
-0.0465842
-0.0281234
-0.0298901
0.0436669
0.045337
0.043367
0.0450931
0.0327256
0.0310706
-0.0481849
-0.0463836
0.0329497
0.0311844
-0.023016
-0.0243082
-0.0376014
-0.0362234
-0.0229202
-0.0241305
0.0339145
0.0352356
0.0262151
0.0250136
0.0336135
0.0349764
0.0265363
0.0252514
-0.0374208
-0.0359974
-0.0227485
-0.0238811
-0.0329673
-0.0317011
-0.0225105
-0.0235642
0.0295824
0.0307951
0.0253773
0.0243378
0.0291582
0.0304029
0.0258266
0.0247058
-0.0326377
-0.0313351
-0.0266422
-0.0277465
-0.0321682
-0.0308319
-0.02709
-0.0282777
-0.0261404
-0.0271649
0.0286016
0.0298768
0.0289128
0.0279127
0.0279086
0.0292076
0.0296332
0.0285487
-0.0315498
-0.0301837
0.0303087
0.0291404
-0.0274742
-0.0287481
-0.0370871
-0.0356204
0.0331693
0.0345705
0.0325739
0.0340098
0.0309317
0.0296754
-0.0365912
-0.0350854
-0.0318442
-0.0330792
-0.0359305
-0.0343899
-0.0324761
-0.0338053
-0.0311546
-0.0322991
0.0318261
0.0332907
0.0342404
0.0331268
0.0309199
0.0324096
0.0351781
0.033972
-0.0351005
-0.0335295
0.0360724
0.0347684
-0.030418
-0.0314762
-0.0307794
-0.0293885
-0.02964
-0.0306113
0.0270765
0.0283979
0.0322579
0.0313184
0.0261049
0.027442
0.033264
0.0322393
-0.0298593
-0.0284474
-0.0340029
-0.0349916
-0.0287819
-0.0273541
-0.0350425
-0.03612
-0.0329381
-0.0338392
0.0249897
0.0263392
0.0353476
0.0344915
0.0237302
0.0250906
0.0366464
0.035702
-0.0275505
-0.0261076
0.0379297
0.0368955
-0.0360496
-0.0372202
-0.0340966
-0.0325008
-0.0370148
-0.0382848
0.0298566
0.031366
0.0286291
0.0301588
0.0391944
0.0380643
-0.0329217
-0.0313021
0.0404314
0.0392032
-0.0339341
-0.0355782
-0.0478496
-0.0459908
-0.0342403
-0.0359986
-0.0335304
-0.0350641
0.0428843
0.0446605
0.0376927
0.03618
0.0422118
0.0440347
0.0384002
0.036775
-0.0473117
-0.045401
0.039024
0.0372803
-0.0330411
-0.0344701
-0.0416125
-0.0399165
0.0370858
0.0387033
0.0362797
0.0379322
0.0369137
0.0355082
-0.0409085
-0.0391721
-0.0379311
-0.0393054
-0.0400132
-0.0382417
-0.0387902
-0.040274
0.0352943
0.0369773
0.0341289
0.035842
0.0416357
0.0403003
-0.0389257
-0.0371179
0.0427961
0.0413491
-0.039581
-0.0411798
-0.0465633
-0.0446048
-0.0402924
-0.0420122
0.041343
0.0432075
0.0402737
0.0421789
0.0439041
0.0423404
-0.045604
-0.0435974
0.0449498
0.0432627
-0.01456
-0.0170771
-0.0733055
-0.0713106
-0.012674
-0.0153135
-0.0162105
-0.0186095
0.06791
0.069864
0.022833
0.0203836
0.0692264
0.0713073
0.0215167
0.0189415
-0.0749838
-0.0728514
0.019973
0.0172671
-0.0176406
-0.0199246
-0.0664947
-0.0645843
-0.0188687
-0.0210401
0.0613374
0.0632006
0.0248487
0.0226404
0.0622542
0.0642234
0.0239389
0.0216115
-0.0677188
-0.065692
-0.0256518
-0.0280153
-0.0687226
-0.066582
-0.0246404
-0.0271334
-0.0264705
-0.0287094
0.0629579
0.0650321
0.0326042
0.0303465
0.0634374
0.0656162
0.0321389
0.0297504
-0.0694939
-0.0672405
0.0314929
0.0289672
-0.0234199
-0.0260453
-0.0764294
-0.0741626
-0.0219729
-0.0247359
0.0703182
0.0725228
0.071173
0.0735003
0.0306482
0.0279817
-0.0776284
-0.0752306
0.0295883
0.0267755
-0.0199081
-0.0219691
-0.0599891
-0.0581763
-0.0207739
-0.0227274
0.0550999
0.056864
0.026143
0.0241669
0.0556769
0.0575287
0.0255794
0.0234871
-0.0608252
-0.058916
-0.0214791
-0.0233283
-0.0538281
-0.0521158
0.0492261
0.0508833
0.0495159
0.0512505
0.0265553
0.0246891
-0.0543381
-0.0525427
-0.0279277
-0.029805
-0.0546521
-0.0527783
-0.0275951
-0.0295906
0.0496211
0.0514288
0.0495307
0.0514073
0.0330628
0.0311809
-0.05476
-0.0528103
0.0330538
0.0310475
-0.0271119
-0.0292308
-0.0614545
-0.0594511
0.0560557
0.057992
0.0562235
0.0582432
0.0329078
0.0307731
-0.0618646
-0.0597672
-0.0344562
-0.0365976
-0.0620439
-0.0598591
-0.0342562
-0.0365243
-0.0345137
-0.0365218
0.0561745
0.0582734
0.0399804
0.0379795
0.0558994
0.0580737
0.0402876
0.0381471
-0.0619824
-0.0597171
0.0404543
0.038183
-0.0344384
-0.0363174
-0.054655
-0.0526341
0.0492403
0.0511812
0.0487436
0.0507432
0.0395549
0.0376867
-0.05433
-0.0522417
-0.0409137
-0.0427607
-0.0537748
-0.0516239
-0.0414307
-0.0434137
0.0480309
0.0500851
0.0470962
0.049206
0.0459216
0.0441047
-0.0529887
-0.0507743
0.0468092
0.0448535
-0.0418325
-0.0439605
-0.0616701
-0.0593287
-0.042112
-0.0443796
0.0553889
0.0576344
0.0546357
0.0569548
0.0476009
0.045497
-0.0611069
-0.0586851
0.0482797
0.0460249
-0.0326119
-0.0353098
-0.0785656
-0.0760408
-0.0316615
-0.0345145
-0.0333503
-0.0358993
0.0717777
0.0742214
0.0403365
0.0377707
0.0721211
0.0746766
0.0400162
0.0372949
-0.0792263
-0.0765806
0.0394967
0.0366135
-0.0338929
-0.0362973
-0.0700185
-0.0676585
0.0636821
0.0659602
0.0636861
0.0660553
0.0404774
0.0380628
-0.0702833
-0.0678229
-0.0422451
-0.0446581
-0.0702793
-0.0677228
-0.0422176
-0.0447874
0.0634358
0.0658908
0.0629224
0.0654591
0.0488238
0.0464257
-0.0700037
-0.0673443
0.0492342
0.0466699
-0.0420138
-0.0447464
-0.079599
-0.0768359
-0.0416154
-0.0445184
0.0721886
0.0748511
0.0719702
0.0747406
0.0494832
0.0467514
-0.0796698
-0.0767892
0.049561
0.046648
0.0648274
0.0672089
-0.0134924
-0.0163005
0.0636482
0.0659858
0.0212599
0.0183823
-0.0702423
-0.0677515
0.0226304
0.0195676
-0.0715437
-0.0690076
-0.0143626
-0.017351
0.0621683
0.0644522
-0.0233908
-0.0263303
0.0603839
0.0626022
0.0314963
0.0285043
-0.0666402
-0.0642779
0.0335274
0.030343
-0.0686102
-0.0661767
-0.0249001
-0.0280273
0.070444
0.0730357
-0.026507
-0.0298349
0.0721207
0.0747729
0.0684224
0.0709378
0.0356893
0.0323006
-0.0755136
-0.0728353
0.0379909
0.0343851
-0.0777463
-0.074987
-0.0282173
-0.0317582
-0.0795958
-0.0767713
0.073458
0.0761579
-0.0152887
-0.0184699
0.0240898
0.0208303
0.0256429
0.0221738
-0.0810695
-0.0781952
-0.0162754
-0.0196609
0.0582885
0.0604298
-0.0337048
-0.0367402
0.0558783
0.0579318
0.0420443
0.0389759
-0.0616671
-0.0594826
0.044756
0.0414908
-0.0643273
-0.0620479
-0.0358792
-0.03911
0.0531515
0.055104
-0.0442993
-0.0473903
0.0501071
0.0519384
0.0527611
0.0496565
-0.0552885
-0.0533427
0.0561634
0.0528599
-0.0586562
-0.0565801
-0.0471575
-0.0504473
0.0602264
0.0624392
-0.0501988
-0.0537011
0.0633172
0.0656447
0.0567841
0.0588517
0.059787
0.0562669
-0.0626538
-0.0604421
0.0636372
0.0599017
-0.066468
-0.0641135
-0.0534381
-0.0571608
-0.0698776
-0.067402
0.0660485
0.0684767
-0.0381924
-0.0416327
0.0476427
0.0441662
0.0507146
0.0470158
-0.0728921
-0.0703098
-0.0406586
-0.0443174
0.0748408
0.0775989
-0.0432841
-0.0471713
0.0775312
0.0803878
0.0717448
0.0743907
0.0539815
0.050053
-0.0791854
-0.07637
0.0574664
0.053278
-0.082601
-0.0796644
-0.0460732
-0.0502151
-0.085571
-0.0825285
0.0682408
0.0707585
-0.0568881
-0.0608465
0.0643363
0.0666928
0.0677429
0.0637651
-0.0709902
-0.0684886
0.0721156
0.067874
-0.0753178
-0.0726434
-0.0605549
-0.0647745
0.0773318
0.0801729
-0.0644562
-0.0689513
0.0812998
0.0842883
0.0729087
0.075568
0.0767664
0.0722484
-0.0804408
-0.0776116
0.0817182
0.0769076
-0.0853432
-0.0823203
-0.0686118
-0.0733982
-0.0897234
-0.0865436
0.0848056
0.0879256
-0.0490414
-0.0534563
0.0878545
0.0910855
0.0611728
0.0567111
0.0651178
0.0603675
-0.0935944
-0.0902778
-0.0522032
-0.0569034
-0.0969592
-0.0935228
0.0832376
0.0862982
-0.0173247
-0.0209295
0.0817221
0.0847304
0.0272968
0.0236047
-0.0901933
-0.0869927
0.0290592
0.0251252
-0.0918617
-0.0886064
-0.0184425
-0.02228
0.0798213
0.0827629
-0.0300384
-0.0338061
0.0404382
0.0366056
0.0430485
0.0389636
-0.0880984
-0.0849682
-0.0319727
-0.0359872
0.0904519
0.0937783
-0.0340337
-0.0383124
0.0926063
0.0960078
0.045827
0.0414744
0.0487816
0.0441471
-0.0998243
-0.0962875
-0.0362276
-0.0407812
-0.102201
-0.0985799
0.0943215
0.0977862
-0.0196314
-0.0237165
0.030934
0.0267456
0.0329289
0.0284714
-0.104093
-0.100405
-0.0208982
-0.025246
0.10688
0.110806
-0.0222462
-0.0268744
0.108341
0.112321
0.104937
0.108792
0.0350523
0.0303066
-0.115808
-0.111705
0.0373119
0.0322616
-0.117953
-0.113772
-0.0236799
-0.028608
-0.119567
-0.115328
0.102497
0.106262
-0.0385647
-0.0434127
0.0995556
0.103212
0.0519283
0.0469961
-0.109869
-0.105976
0.0552758
0.0500245
-0.113117
-0.109109
-0.0410519
-0.0462096
0.116144
0.120412
-0.0436987
-0.049192
0.118909
0.123276
0.112809
0.116955
0.058843
0.0532506
-0.124498
-0.120084
0.0626368
0.0566828
-0.128178
-0.123635
-0.0465146
-0.052363
-0.131226
-0.126577
0.121109
0.125559
-0.0252069
-0.0304517
0.122765
0.127277
0.0397184
0.0343418
0.0422787
0.0365557
-0.133657
-0.128921
-0.0268324
-0.0324152
-0.135485
-0.130683
0.0961007
0.0996294
-0.0555692
-0.0605723
0.0921264
0.0955104
0.0693181
0.0642588
-0.101672
-0.0980673
0.0737883
0.0684026
-0.106057
-0.102297
-0.0591518
-0.0644803
0.0876307
0.0908469
-0.0730365
-0.0781324
0.0826193
0.0856312
0.0869891
0.0818699
-0.0911558
-0.0879461
0.0925989
0.0871495
-0.0967087
-0.093283
-0.0777481
-0.0831718
0.0992979
0.102947
-0.0827653
-0.088538
0.104393
0.108228
0.0936173
0.097029
0.0985715
0.0927707
-0.103285
-0.099655
0.104933
0.0987496
-0.109582
-0.105703
-0.0881015
-0.0942499
-0.115208
-0.111127
0.108893
0.112898
-0.0629655
-0.0686391
0.0785478
0.0728152
0.083614
0.077514
-0.12018
-0.115918
-0.0670264
-0.0730655
0.123397
0.127927
-0.0713553
-0.0777793
0.127828
0.132527
0.118295
0.122637
0.0890111
0.0825153
-0.130545
-0.125917
0.0947452
0.0878318
-0.13618
-0.131355
-0.075958
-0.0827952
-0.141076
-0.136078
0.11252
0.116649
-0.0937799
-0.100325
0.106084
0.109953
0.111695
0.105125
-0.117046
-0.112924
0.118901
0.111899
-0.124178
-0.119777
-0.0998319
-0.106794
0.127501
0.132185
-0.106269
-0.113687
0.134043
0.138966
0.120211
0.124592
0.126571
0.11912
-0.132609
-0.127963
0.134754
0.126783
-0.140698
-0.135729
-0.113111
-0.121032
-0.147921
-0.142688
0.13982
0.144959
-0.0808522
-0.0881325
0.144852
0.150175
0.100864
0.0934969
0.107382
0.0995158
-0.1543
-0.148845
-0.086054
-0.0938361
-0.159855
-0.154192
0.137235
0.142276
-0.0285632
-0.0345049
0.139112
0.144222
0.134739
0.13969
0.0450072
0.0389126
-0.1487
-0.143429
0.0479099
0.0414237
-0.151452
-0.146084
-0.0304043
-0.0367322
-0.153524
-0.148083
0.131607
0.136444
-0.0495165
-0.0557435
0.0666791
0.060342
0.0709804
0.0642349
-0.145244
-0.140096
-0.052711
-0.0593373
0.149135
0.154614
-0.0561112
-0.0631694
0.152682
0.158291
0.075555
0.0683763
0.0804334
0.0727721
-0.164577
-0.158754
-0.0597154
-0.0672446
-0.168493
-0.162532
0.155506
0.16122
-0.0323655
-0.0391007
0.157632
0.163425
0.051003
0.0440963
0.0543025
0.0469306
-0.171614
-0.16554
-0.0344464
-0.041635
-0.17396
-0.167801
0.106262
0.110167
0.0327138
0.0294152
0.10776
0.11172
-0.0234296
-0.0269258
-0.118926
-0.114711
-0.0249407
-0.0286623
-0.117273
-0.113115
0.034824
0.0313122
0.108889
0.11289
0.0208003
0.0171154
0.109628
0.113656
-0.0104842
-0.0143506
-0.120987
-0.116699
-0.0111604
-0.0152762
-0.120171
-0.115912
0.0221421
0.0182192
0.123388
0.127921
0.0235704
0.0193947
0.122109
0.126596
0.124225
0.12879
-0.0118808
-0.016262
-0.137097
-0.132237
-0.0126464
-0.0173104
-0.136172
-0.131345
0.0250903
0.0206452
-0.134761
-0.129984
0.120411
0.124836
0.0370704
0.0333322
-0.0265498
-0.0305117
-0.0282616
-0.0324788
-0.132888
-0.128177
0.039461
0.0354817
0.10996
0.114001
0.00758968
0.00355004
0.109868
0.113904
0.00367071
-0.000532051
-0.121252
-0.116953
0.00390811
-0.000567072
-0.121353
-0.117053
0.0080793
0.00377938
0.109333
0.113351
-0.00680484
-0.0111627
0.0189034
0.0144049
0.020123
0.0153335
-0.120661
-0.116384
-0.00724395
-0.0118815
0.12389
0.128443
-0.00771044
-0.0126487
0.124496
0.129071
0.0214201
0.0163218
0.0228012
0.017374
-0.136726
-0.13188
-0.00820791
-0.0134634
-0.137396
-0.132526
0.124601
0.129181
0.00860119
0.00402304
0.00415908
-0.000603725
0.00442808
-0.000642605
-0.137512
-0.132638
0.00915517
0.0042826
0.141192
0.146381
0.00974526
0.00455834
0.140766
0.145939
0.141073
0.146257
0.00471304
-0.000683528
-0.15569
-0.150171
0.00501702
-0.000728485
-0.155821
-0.150299
0.0103743
0.00485343
-0.155351
-0.149845
0.140386
0.145545
-0.00873726
-0.0143324
0.0242712
0.0184951
0.025836
0.0196867
-0.15493
-0.14944
-0.00930001
-0.0152547
0.159076
0.164921
-0.00989865
-0.0162393
0.159856
0.165729
0.0275038
0.0209556
0.0292853
0.0222998
-0.175553
-0.169336
-0.0105297
-0.0172946
-0.176412
-0.170166
0.159991
0.16587
0.0110442
0.00516632
0.159509
0.16537
0.00534031
-0.000776242
0.00569106
-0.000833302
-0.176562
-0.17031
0.0117622
0.00549364
-0.176031
-0.169796
0.136444
0.141458
0.0420052
0.03777
0.138368
0.143452
-0.0300843
-0.0345738
-0.152704
-0.147292
-0.0320245
-0.0368032
-0.150582
-0.145244
0.0447147
0.0402062
0.139817
0.144954
0.0267083
0.0219765
-0.013462
-0.0184262
-0.0143305
-0.0196152
-0.154304
-0.148835
0.0284308
0.0233939
0.158433
0.164255
0.0302647
0.0249024
0.156792
0.162553
-0.0152544
-0.0208806
-0.0162339
-0.0222328
-0.174844
-0.168652
0.032221
0.0265045
-0.173034
-0.166904
0.154611
0.160294
0.0475987
0.0427988
-0.0340894
-0.039177
-0.0362851
-0.0417073
-0.170629
-0.164584
0.050672
0.0455558
0.0192316
-0.0172903
0.0639159
-0.0662647
0.0204721
-0.0184059
0.0680387
-0.0705388
0.0168489
-0.014661
0.0691208
-0.0716607
0.0158277
-0.0137726
0.0649319
-0.0673192
0.0217934
-0.0195935
0.072427
-0.0750883
0.0231993
-0.0208573
0.0770983
-0.0799312
0.0190928
-0.0166136
0.0783243
-0.0812024
0.017936
-0.0156069
0.0735788
-0.0762825
0.0138555
-0.0114009
0.0744827
-0.0772196
0.0147493
-0.0121363
0.0792865
-0.0822
0.0101759
-0.00743442
0.0799711
-0.0829097
0.00955922
-0.00698379
0.0751257
-0.0778863
0.0122269
-0.0100609
0.0657299
-0.0681462
0.0130159
-0.0107099
0.06997
-0.0725411
0.00897983
-0.00656038
0.070574
-0.0731673
0.00843561
-0.0061629
0.0662974
-0.0687344
0.0246958
-0.0222027
0.0820708
-0.0850863
0.0262887
-0.0236348
0.0873639
-0.0905739
0.0216355
-0.018826
0.088753
-0.0920143
0.0203245
-0.0176853
0.0833758
-0.0864394
0.0279844
-0.0251592
0.0929983
-0.0964153
0.0297894
-0.026782
0.0989962
-0.102634
0.0245164
-0.0213329
0.10057
-0.104266
0.0230309
-0.0200403
0.0944771
-0.0979486
0.0177916
-0.0146396
0.0956379
-0.0991521
0.0189389
-0.0155838
0.101806
-0.105547
0.0130665
-0.00954622
0.102685
-0.106459
0.0122749
-0.00896792
0.0964639
-0.100008
0.0157007
-0.0129192
0.0844001
-0.0875014
0.0167135
-0.0137526
0.0898436
-0.0931448
0.0115312
-0.00842462
0.0906193
-0.0939492
0.0108324
-0.00791406
0.0851288
-0.088257
0.00572918
-0.00268016
0.0855475
-0.088691
0.0060987
-0.002853
0.091065
-0.0944113
0.000428009
0.00294939
0.0911658
-0.0945157
0.000402102
0.00277075
0.0856422
-0.0887892
0.00649204
-0.00303702
0.0969384
-0.1005
0.00691053
-0.0032326
0.10319
-0.106982
0.000484808
0.00334202
0.103304
-0.1071
0.000455596
0.00313991
0.0970456
-0.100612
-0.00582036
0.00954689
0.0967706
-0.100326
-0.00619557
0.010163
0.103011
-0.106797
-0.0131154
0.0172117
0.102297
-0.106056
-0.01232
0.0161687
0.0960989
-0.0996306
-0.00513639
0.00842523
0.0853997
-0.0885377
-0.00546769
0.00896885
0.0909075
-0.0942482
-0.011574
0.0151886
0.0902768
-0.0935942
-0.0108726
0.0142689
0.0848075
-0.087924
0.00446112
-0.00208674
0.0666235
-0.0690724
0.00474905
-0.00222128
0.070921
-0.0735272
0.000332713
0.00229746
0.0709995
-0.0736085
0.000312538
0.00215827
0.0666974
-0.0691489
0.00505564
-0.00236491
0.0754952
-0.0782693
0.00538192
-0.00251759
0.0803643
-0.0833174
0.000377571
0.00260288
0.0804533
-0.0834096
0.000354546
0.00244546
0.0755787
-0.078356
-0.00453314
0.00743535
0.0753649
-0.0781341
-0.00482528
0.00791487
0.0802255
-0.0831735
-0.0102139
0.0134043
0.0796693
-0.0825969
-0.00959513
0.0125923
0.0748421
-0.0775925
-0.00400083
0.00656184
0.0665086
-0.068953
-0.00425871
0.00698527
0.0707984
-0.0734002
-0.0090142
0.0118295
0.0703076
-0.0728912
-0.00846794
0.0111127
0.0660476
-0.0684751
-0.0518528
0.0510647
0.0171
-0.0152418
-0.0548766
0.0539493
0.013843
-0.0118796
-0.053261
0.0523085
0.0110279
-0.00912321
-0.0504761
0.0496561
0.0141941
-0.0123866
-0.0578012
0.0567324
0.010404
-0.00833789
-0.0606105
0.0593993
0.00678815
-0.00462325
-0.0585087
0.0572883
0.00419807
-0.00210916
-0.055943
0.0548572
0.00769369
-0.00569481
-0.0540572
0.0529592
0.00521569
-0.00328511
-0.0563924
0.0551677
0.00184118
0.000171293
-0.0542705
0.0530464
-0.00029564
0.00223145
-0.052152
0.0510469
0.00295665
-0.00109496
-0.0490453
0.0481984
0.0115151
-0.00976006
-0.0516034
0.0506314
0.0084422
-0.00659789
-0.0499142
0.048928
0.00607442
-0.00429132
-0.0475699
0.046702
0.00905106
-0.00735001
-0.0632899
0.0619351
0.00300331
-0.000744448
-0.0658227
0.0643242
-0.000942692
0.00329038
-0.0632296
0.0617391
-0.00324804
0.00550228
-0.0609423
0.0595868
0.000547925
0.00162633
-0.0681935
0.0665514
-0.00504032
0.00747082
-0.0703862
0.0686012
-0.00927904
0.0117862
-0.0673039
0.0655457
-0.0112395
0.013636
-0.0653552
0.0637303
-0.00718043
0.00950898
-0.0625477
0.0609436
-0.00908866
0.0113164
-0.0642693
0.062541
-0.0129699
0.0152574
-0.0612873
0.0595923
-0.0144859
0.0166664
-0.059778
0.0581986
-0.0107794
0.0129077
-0.0585953
0.0572437
-0.00167341
0.00376299
-0.0606519
0.0591736
-0.00531959
0.00748111
-0.0580966
0.0566346
-0.00717249
0.00924215
-0.0562567
0.0549133
-0.00367455
0.00568
-0.0539336
0.0526026
-0.00547011
0.00739202
-0.0555715
0.0541298
-0.00882034
0.0107993
-0.0530823
0.0516642
-0.0102774
0.0121669
-0.0516337
0.050319
-0.00707245
0.0089117
-0.0570521
0.0555011
-0.0122679
0.0142983
-0.0583645
0.056706
-0.0158019
0.0178777
-0.0555056
0.0538864
-0.0169331
0.0189068
-0.0543769
0.0528573
-0.0135673
0.0155017
-0.0517566
0.0502709
-0.0146918
0.0165323
-0.0527158
0.0511381
-0.0178925
0.019766
-0.0499986
0.048464
-0.0186932
0.0204694
-0.0491962
0.047747
-0.0156534
0.017402
-0.049363
0.0480677
-0.00849475
0.0102524
-0.0506357
0.0492444
-0.0115559
0.0133576
-0.048236
0.0468739
-0.0126689
0.0143845
-0.0471274
0.0458548
-0.0097486
0.0114259
-0.04606
0.0451762
0.00679082
-0.00514455
-0.0482021
0.0472067
0.00391161
-0.00219047
-0.0464756
0.0454756
0.00194237
-0.000283785
-0.0445243
0.0436293
0.00472271
-0.00313214
-0.0502365
0.0491293
0.000903836
0.00088851
-0.0521515
0.0509321
-0.00222564
0.00408517
-0.050042
0.0488316
-0.0039623
0.00574588
-0.048319
0.0472136
-0.000954475
0.00267782
-0.0464058
0.0453064
-0.00263111
0.00428554
-0.0479498
0.046752
-0.00551685
0.00722527
-0.0458802
0.0446983
-0.00690195
0.00853596
-0.0445046
0.0434146
-0.00413647
0.0057225
-0.042971
0.0420694
0.0028359
-0.00130176
-0.044743
0.0437423
0.000155672
0.00144055
-0.0430102
0.0420129
-0.00146043
0.00299409
-0.0414078
0.0405032
0.0011204
0.000357505
-0.0483967
0.0477339
-0.0483981
0.0477357
-0.0447236
0.0441668
-0.0472366
0.0465362
-0.0437431
0.0431447
-0.0437436
0.0431452
-0.0472349
0.046535
-0.0447247
0.0441676
-0.0412388
0.0407778
-0.0460111
0.0452789
-0.0379356
0.0375633
-0.0447326
0.043974
-0.0372736
0.0368565
-0.0415858
0.0409238
-0.0404237
0.0399197
-0.0426937
0.0420604
-0.0395364
0.0389954
-0.0395363
0.0389952
-0.0365362
0.0360803
-0.0385871
0.0380149
-0.0357337
0.0352446
-0.0357338
0.0352448
-0.0385873
0.038015
-0.036536
0.0360802
-0.0460103
0.0452782
-0.0412391
0.0407781
-0.0426934
0.0420603
-0.0404239
0.0399196
-0.0415857
0.0409238
-0.0372734
0.0368562
-0.0447321
0.0439737
-0.0379357
0.0375632
-0.0348093
0.0345184
-0.0434105
0.0426313
-0.0318544
0.0316381
-0.0420545
0.0412596
-0.0314619
0.0311987
-0.0392353
0.038531
-0.0342878
0.0339508
-0.0404299
0.0397445
-0.0290654
0.0289176
-0.0406729
0.0398664
-0.0264369
0.0263511
-0.039273
0.0384595
-0.0262703
0.0261367
-0.036761
0.0360321
-0.0287913
0.0285956
-0.0380097
0.0372912
-0.0284363
0.0281983
-0.0354617
0.0348251
-0.0260224
0.0258455
-0.034354
0.0337046
-0.0257015
0.0254866
-0.0320509
0.0314753
-0.0280099
0.0277345
-0.0330269
0.0324669
-0.0336887
0.0333115
-0.0375859
0.0369877
-0.0309903
0.0306856
-0.0365415
0.0359219
-0.0304487
0.0301078
-0.033971
0.0334302
-0.033022
0.03261
-0.034876
0.0343587
-0.0322969
0.0318549
-0.0322969
0.0318549
-0.0298462
0.0294738
-0.0315215
0.031054
-0.0291909
0.0287916
-0.0291904
0.0287907
-0.0315215
0.0310541
-0.029846
0.0294736
-0.0275205
0.0272126
-0.0307035
0.0302146
-0.0253163
0.0250672
-0.02985
0.029344
-0.0248737
0.0245954
-0.0277501
0.0273083
-0.0269761
0.0266394
-0.0284894
0.0280669
-0.0263837
0.0260227
-0.0263826
0.0260213
-0.0243817
0.0240772
-0.0257489
0.0253672
-0.023846
0.0235198
-0.0238447
0.0235181
-0.0257505
0.0253684
-0.0243801
0.024076
-0.0307039
0.0302153
-0.0275198
0.0272116
-0.0284904
0.0280678
-0.026975
0.0266385
-0.0277512
0.0273098
-0.0248726
0.0245939
-0.0298508
0.0293447
-0.0253152
0.0250663
-0.0434104
0.0426312
-0.0348092
0.0345183
-0.04043
0.0397445
-0.0342877
0.0339508
-0.0392352
0.0385309
-0.031462
0.0311989
-0.0420545
0.0412596
-0.0318545
0.0316382
-0.0375859
0.0369875
-0.0336888
0.0333117
-0.0348757
0.0343586
-0.0330223
0.0326101
-0.0339709
0.0334301
-0.0304486
0.0301078
-0.0365412
0.0359218
-0.0309904
0.0306856
-0.0354616
0.034825
-0.0284362
0.0281981
-0.0330268
0.0324669
-0.0280096
0.0277341
-0.0320511
0.0314759
-0.0257008
0.0254856
-0.0343539
0.0337045
-0.026022
0.025845
-0.0406729
0.0398664
-0.0290655
0.0289177
-0.0380096
0.0372911
-0.0287913
0.0285955
-0.036761
0.0360321
-0.0262702
0.0261364
-0.039273
0.0384594
-0.0264368
0.0263511
0.0171021
-0.0152439
-0.0518515
0.0510632
0.0141962
-0.0123887
-0.0504745
0.0496543
0.0110302
-0.00912562
-0.0532585
0.052306
0.0138453
-0.0118818
-0.0548744
0.0539468
0.0115163
-0.0097618
-0.0490437
0.0481974
0.00905152
-0.00735066
-0.0475692
0.0467014
0.00607545
-0.00429293
-0.0499124
0.0489268
0.00844434
-0.00660016
-0.051601
0.0506293
0.0052181
-0.00328764
-0.0540541
0.0529561
0.00295864
-0.00109739
-0.0521491
0.0510442
-0.000292846
0.00222858
-0.054267
0.0530428
0.00184392
0.000168719
-0.0563887
0.0551637
0.010406
-0.00833947
-0.0577987
0.0567295
0.0076965
-0.00569761
-0.0559399
0.0548539
0.00420029
-0.00211056
-0.0585061
0.0572848
0.00678932
-0.00462418
-0.0606091
0.0593974
0.00679094
-0.0051449
-0.0460596
0.0451759
0.00472272
-0.00313234
-0.0445242
0.0436292
0.00194267
-0.000284312
-0.046475
0.0454752
0.00391204
-0.00219113
-0.0482012
0.0472059
0.00283596
-0.00130189
-0.042971
0.0420693
0.00112036
0.000357458
-0.0414078
0.0405033
-0.00146039
0.00299409
-0.04301
0.0420126
0.000155868
0.00144035
-0.0447427
0.0437421
-0.00263079
0.00428509
-0.0464052
0.045306
-0.00413628
0.00572236
-0.0445043
0.0434143
-0.0069017
0.00853565
-0.0458792
0.0446973
-0.00551607
0.00722428
-0.0479485
0.0467508
0.000904966
0.00088641
-0.0502343
0.0491279
-0.000953774
0.0026769
-0.0483181
0.0472128
-0.00396061
0.0057431
-0.0500393
0.0488299
-0.00222294
0.00408208
-0.052148
0.0509287
-0.00546676
0.00738849
-0.0539295
0.0525986
-0.00706936
0.00890824
-0.05163
0.0503154
-0.0102737
0.0121633
-0.0530784
0.0516606
-0.00881662
0.0107958
-0.0555673
0.0541254
-0.00849361
0.0102502
-0.0493597
0.0480656
-0.00974808
0.0114253
-0.0471259
0.0458534
-0.0126677
0.014383
-0.0482332
0.0468716
-0.011553
0.0133547
-0.0506321
0.049241
-0.0146888
0.0165294
-0.0517533
0.0502678
-0.0156519
0.0174003
-0.0491932
0.0477441
-0.0186913
0.0204676
-0.049996
0.0484617
-0.0178897
0.0197635
-0.0527132
0.0511355
-0.0122646
0.0142953
-0.0570497
0.0554984
-0.0135636
0.0154983
-0.0543736
0.0528536
-0.0169303
0.0189044
-0.0555036
0.0538843
-0.0158
0.0178764
-0.058364
0.0567049
0.00300405
-0.000744707
-0.0632885
0.0619332
0.000548966
0.00162563
-0.0609405
0.0595845
-0.00324762
0.00550229
-0.063228
0.0617372
-0.000942677
0.00329037
-0.0658215
0.0643228
-0.00167091
0.00376127
-0.0585925
0.0572399
-0.00367149
0.00567691
-0.0562523
0.0549087
-0.0071697
0.00923996
-0.0580934
0.0566309
-0.00531893
0.00748087
-0.0606497
0.059171
-0.00908823
0.0113159
-0.0625465
0.0609425
-0.010778
0.0129068
-0.0597768
0.0581968
-0.0144849
0.0166652
-0.0612868
0.0595921
-0.0129698
0.0152573
-0.0642687
0.0625404
-0.00504036
0.00747102
-0.0681924
0.0665501
-0.00718085
0.00950938
-0.0653539
0.063729
-0.0112399
0.0136361
-0.0673034
0.0655455
-0.00927961
0.0117866
-0.0703853
0.0686005
0.0639159
-0.0662643
0.0192336
-0.0172922
0.0649308
-0.0673177
0.0158298
-0.0137745
0.0691198
-0.0716599
0.0168501
-0.0146619
0.0680379
-0.0705381
0.0204739
-0.0184075
0.065729
-0.0681453
0.0122284
-0.0100619
0.0662963
-0.0687335
0.00843663
-0.00616377
0.0705733
-0.0731668
0.00898053
-0.00656101
0.0699689
-0.0725402
0.0130169
-0.0107108
0.074482
-0.0772191
0.0138562
-0.0114015
0.075125
-0.0778856
0.00955996
-0.0069845
0.0799706
-0.0829092
0.0101764
-0.00743495
0.0792858
-0.0821993
0.01475
-0.0121371
0.0724266
-0.0750879
0.0217945
-0.0195944
0.0735779
-0.0762816
0.0179368
-0.0156076
0.0783236
-0.0812017
0.0190935
-0.0166143
0.0770979
-0.0799308
0.0232005
-0.0208583
0.0666227
-0.0690718
0.00446184
-0.0020873
0.0666962
-0.0691479
0.000312951
0.00215788
0.0709988
-0.0736079
0.000333204
0.00229714
0.0709202
-0.0735265
0.00474981
-0.00222201
0.0665078
-0.0689523
-0.00400059
0.0065617
0.066047
-0.0684745
-0.00846815
0.0111128
0.0703073
-0.072891
-0.00901399
0.0118294
0.0707979
-0.0733996
-0.00425847
0.00698483
0.0753645
-0.0781339
-0.00453283
0.00743513
0.0748424
-0.0775925
-0.00959516
0.0125921
0.0796695
-0.082597
-0.0102137
0.013404
0.0802254
-0.0831732
-0.00482512
0.00791432
0.0754947
-0.0782688
0.00505612
-0.00236536
0.0755782
-0.0783555
0.000355016
0.00244492
0.0804529
-0.0834093
0.000377927
0.0026026
0.0803637
-0.0833169
0.00538257
-0.00251818
0.0855472
-0.0886908
0.00572964
-0.00268056
0.0856419
-0.0887889
0.000402427
0.00277027
0.0911655
-0.0945155
0.000428338
0.00294929
0.0910647
-0.094411
0.00609903
-0.00285331
0.0853995
-0.0885377
-0.00513604
0.00842491
0.0848081
-0.0879242
-0.0108727
0.0142686
0.0902773
-0.0935946
-0.0115737
0.0151885
0.0909077
-0.0942481
-0.00546766
0.00896844
0.0967706
-0.100327
-0.0058203
0.00954716
0.0960999
-0.099631
-0.0123208
0.0161687
0.102297
-0.106056
-0.0131151
0.0172115
0.103012
-0.106797
-0.00619612
0.0101631
0.096938
-0.1005
0.00649212
-0.00303698
0.0970455
-0.100612
0.000455515
0.00313976
0.103304
-0.107101
0.000484878
0.00334255
0.10319
-0.106982
0.0069106
-0.00323263
0.0820705
-0.0850861
0.0246967
-0.0222035
0.083375
-0.0864387
0.0203253
-0.017686
0.0887526
-0.0920138
0.0216361
-0.0188266
0.0873635
-0.0905735
0.0262899
-0.0236358
0.0843997
-0.087501
0.0157013
-0.0129199
0.0851282
-0.0882565
0.0108332
-0.00791473
0.090619
-0.0939489
0.0115316
-0.00842481
0.0898428
-0.0931443
0.0167143
-0.0137532
0.0956376
-0.099152
0.0177918
-0.0146397
0.0964635
-0.100008
0.012275
-0.00896797
0.102685
-0.106458
0.0130665
-0.00954609
0.101806
-0.105547
0.0189391
-0.0155838
0.0929981
-0.0964152
0.0279851
-0.0251598
0.0944765
-0.0979481
0.0230315
-0.0200407
0.10057
-0.104266
0.0245165
-0.0213329
0.0989958
-0.102633
0.0297901
-0.0267824
0.0317109
-0.0285094
0.105381
-0.109253
0.0337563
-0.0303484
0.112177
-0.116299
0.0277811
-0.0241735
0.113961
-0.118149
0.0260976
-0.0227087
0.107057
-0.11099
0.0359336
-0.0323057
0.119412
-0.1238
0.038251
-0.0343893
0.127114
-0.131784
0.0314804
-0.0273924
0.129135
-0.13388
0.0295727
-0.0257328
0.121311
-0.125769
0.0228452
-0.018798
0.122802
-0.127314
0.0243185
-0.0200101
0.130722
-0.135526
0.0167779
-0.0122576
0.131851
-0.136696
0.0157616
-0.0115152
0.123862
-0.128414
0.0201605
-0.0165888
0.108372
-0.112354
0.0214608
-0.0176589
0.115362
-0.119601
0.0148064
-0.0108176
0.116358
-0.120634
0.0139091
-0.0101618
0.109308
-0.113325
0.040718
-0.0366074
0.135312
-0.140284
0.0433442
-0.0389686
0.144039
-0.149332
0.035672
-0.0310397
0.14633
-0.151707
0.0335107
-0.0291588
0.137464
-0.142515
0.04614
-0.041482
0.153329
-0.158963
0.0491161
-0.0441575
0.163218
-0.169217
0.0404217
-0.0351729
0.165814
-0.171907
0.0379725
-0.0330418
0.155767
-0.161491
0.029334
-0.0241372
0.157682
-0.163476
0.0312258
-0.025694
0.167851
-0.17402
0.0215435
-0.0157399
0.1693
-0.175523
0.0202385
-0.0147862
0.159043
-0.164887
0.025887
-0.0213008
0.139153
-0.144266
0.0275565
-0.0226745
0.148128
-0.153571
0.0190121
-0.0138903
0.149407
-0.154897
0.01786
-0.0130483
0.140355
-0.145512
0.00944621
-0.0044192
0.141045
-0.146228
0.0100554
-0.00470409
0.150141
-0.155659
0.00070633
0.00486209
0.150307
-0.15583
0.000663439
0.00456782
0.141201
-0.146389
0.0107042
-0.00500798
0.159825
-0.165698
0.0113945
-0.00533101
0.170132
-0.176386
0.000800275
0.00550922
0.17032
-0.176581
0.00075213
0.00517538
0.160001
-0.16588
-0.00959484
0.0157395
0.159547
-0.16541
-0.0102141
0.0167543
0.169837
-0.176081
-0.0216224
0.0283758
0.168658
-0.174859
-0.0203117
0.0266564
0.15844
-0.164263
-0.00846781
0.0138904
0.1408
-0.145973
-0.00901396
0.014786
0.149881
-0.155388
-0.019081
0.0250416
0.148841
-0.15431
-0.0179252
0.0235243
0.139823
-0.144961
0.00735633
-0.00344147
0.109846
-0.113882
0.00783097
-0.00366324
0.11693
-0.121227
0.000549446
0.00378716
0.11706
-0.121361
0.000516339
0.00355806
0.109967
-0.114008
0.00833596
-0.00389971
0.124472
-0.129045
0.00887361
-0.00415104
0.132499
-0.137368
0.000622788
0.0042913
0.132646
-0.13752
0.000585071
0.00403148
0.124609
-0.129188
-0.00747322
0.0122584
0.124256
-0.128821
-0.00795514
0.0130492
0.132269
-0.13713
-0.0168398
0.0220997
0.131352
-0.136179
-0.0158194
0.0207606
0.123393
-0.127928
-0.00659559
0.0108184
0.109656
-0.113685
-0.00702072
0.0115161
0.116728
-0.121017
-0.0148612
0.0195028
0.115917
-0.120177
-0.013961
0.0183215
0.108895
-0.112896
-0.0215608
0.0260469
0.10767
-0.111626
-0.0229513
0.0277264
0.114614
-0.118826
-0.0312684
0.0361638
0.112803
-0.116948
-0.0293742
0.0339732
0.105969
-0.109862
-0.0244315
0.0295148
0.122006
-0.126489
-0.0260068
0.0314179
0.129874
-0.134647
-0.0354307
0.0409788
0.127822
-0.132519
-0.0332848
0.0384965
0.120078
-0.12449
-0.042354
0.0476781
0.117597
-0.121919
-0.0450855
0.0507529
0.125182
-0.129781
-0.0549417
0.0607105
0.121937
-0.126417
-0.0516125
0.057032
0.114549
-0.118758
-0.0373784
0.0420758
0.10378
-0.107593
-0.0397883
0.0447897
0.110473
-0.114533
-0.0484859
0.0535768
0.107608
-0.111562
-0.0455484
0.0503305
0.10109
-0.104803
-0.0276835
0.0334442
0.13825
-0.14333
-0.0294694
0.0356011
0.147167
-0.152575
-0.0401484
0.0464345
0.144842
-0.150164
-0.0377163
0.043622
0.136066
-0.141066
-0.0313698
0.0378975
0.156658
-0.162416
-0.0333943
0.0403414
0.166762
-0.172893
-0.0454962
0.0526171
0.164127
-0.170163
-0.0427392
0.0494307
0.154184
-0.15985
-0.054385
0.0612194
0.150999
-0.156548
-0.0578924
0.0651666
0.160736
-0.166648
-0.0705466
0.0779544
0.15657
-0.162327
-0.0662722
0.0732293
0.147083
-0.152489
-0.0479935
0.0540256
0.133256
-0.138151
-0.0510899
0.0575124
0.141851
-0.147063
-0.0622591
0.068795
0.138174
-0.143251
-0.0584858
0.0646264
0.129803
-0.134572
-0.0691575
0.0753865
0.125697
-0.130315
-0.0736171
0.0802489
0.133802
-0.13872
-0.085133
0.0918319
0.128727
-0.133454
-0.0799726
0.0862703
0.120927
-0.125371
-0.0783629
0.0854212
0.142434
-0.147665
-0.0834176
0.0909312
0.151621
-0.157194
-0.096468
0.104057
0.145864
-0.15123
-0.09062
0.0977552
0.137029
-0.142067
-0.103
0.110183
0.130866
-0.135674
-0.109641
0.117289
0.139307
-0.144431
-0.122903
0.130569
0.131932
-0.13679
-0.115458
0.12266
0.123939
-0.128495
-0.0908998
0.0972374
0.115487
-0.119731
-0.0967604
0.103512
0.122936
-0.127454
-0.108461
0.115227
0.116433
-0.120708
-0.101894
0.108247
0.109375
-0.113396
-0.0538588
0.0587101
0.0978914
-0.101488
-0.0573329
0.0624965
0.104205
-0.108034
-0.0663006
0.0715197
0.100251
-0.103935
-0.0622831
0.0671859
0.0941778
-0.0976375
-0.0610305
0.0665266
0.110926
-0.115001
-0.0649684
0.07082
0.118081
-0.122419
-0.07513
0.0810446
0.113602
-0.117775
-0.0705766
0.0761332
0.106717
-0.11064
-0.0802177
0.0858132
0.101919
-0.105663
-0.0853895
0.0913464
0.108492
-0.112476
-0.0957179
0.101688
0.102751
-0.106528
-0.0899177
0.0955277
0.096525
-0.100071
-0.0707911
0.0757295
0.0899428
-0.0932477
-0.0753576
0.0806141
0.0957445
-0.0992621
-0.0844707
0.0897394
0.090678
-0.0940089
-0.0793524
0.0843019
0.0851839
-0.0883137
-0.0130773
0.0157984
0.0653054
-0.0677053
-0.0139207
0.0168175
0.0695173
-0.0720719
-0.0189654
0.0219351
0.0684191
-0.0709329
-0.0178161
0.0206058
0.0642737
-0.0666356
-0.0148184
0.017902
0.074001
-0.07672
-0.0157739
0.0190567
0.0787736
-0.0816681
-0.0214899
0.0248562
0.0775293
-0.0803766
-0.0201881
0.02335
0.0728318
-0.0755074
-0.0256888
0.0289192
0.071327
-0.0739462
-0.027345
0.030785
0.0759277
-0.0787153
-0.0333237
0.0368238
0.0739594
-0.0766756
-0.0313043
0.0345928
0.0694784
-0.0720306
-0.0226708
0.0255204
0.0629453
-0.0652577
-0.0241327
0.0271671
0.0670053
-0.0694666
-0.0294078
0.0324966
0.0652692
-0.0676664
-0.0276264
0.0305274
0.0613142
-0.0635667
-0.0167912
0.0202855
0.0838542
-0.0869348
-0.0178744
0.0215933
0.0892616
-0.0925423
-0.024352
0.0281652
0.0878521
-0.0910795
-0.0228756
0.0264598
0.0825295
-0.0855603
-0.0190275
0.0229862
0.0950186
-0.0985105
-0.0202547
0.0244686
0.101147
-0.104863
-0.0275946
0.0319145
0.0995485
-0.103206
-0.0259232
0.0299813
0.0935172
-0.0969541
-0.0329863
0.0371323
0.0915859
-0.0949505
-0.0351137
0.0395271
0.0974917
-0.101074
-0.0427897
0.0472822
0.094965
-0.0984537
-0.0401959
0.0444178
0.089212
-0.0924885
-0.0291083
0.032771
0.0808257
-0.0837909
-0.0309865
0.0348848
0.0860384
-0.0891969
-0.0377596
0.0417289
0.0838087
-0.0868834
-0.035471
0.0391999
0.0787304
-0.0816188
-0.041944
0.0457259
0.0762392
-0.0790369
-0.0446492
0.0486755
0.081158
-0.0841351
-0.051633
0.0557019
0.0780787
-0.080943
-0.048504
0.0523277
0.073347
-0.0760378
-0.0475304
0.0518122
0.0863904
-0.0895629
-0.0505966
0.0551534
0.0919607
-0.0953393
-0.0585095
0.0631156
0.0884717
-0.0917224
-0.0549638
0.0592919
0.0831125
-0.0861651
-0.0624722
0.0668309
0.0793746
-0.0822904
-0.0665017
0.0711406
0.0844932
-0.0875975
-0.0745449
0.0791946
0.0800223
-0.0829634
-0.070028
0.0743964
0.0751737
-0.0779365
-0.0551284
0.058981
0.0700501
-0.0726184
-0.0586856
0.0627829
0.0745675
-0.0773035
-0.0657842
0.0698899
0.0706206
-0.073214
-0.0617962
0.0656573
0.0663437
-0.0687761
-0.0326675
0.03561
0.0593745
-0.061556
-0.0347743
0.0379066
0.0632042
-0.0655265
-0.0402137
0.0433791
0.0608065
-0.0630402
-0.0377767
0.040751
0.0571225
-0.0592212
-0.0370169
0.0403518
0.067281
-0.0697524
-0.0394049
0.0429538
0.0716191
-0.0742509
-0.0455683
0.0491548
0.0689021
-0.0714335
-0.0428059
0.0461779
0.0647288
-0.0671055
-0.0486537
0.0520485
0.0618171
-0.064088
-0.0517927
0.0554032
0.0658033
-0.0682215
-0.0580556
0.0616785
0.0623209
-0.0646096
-0.0545374
0.0579385
0.0585462
-0.0606984
-0.0429368
0.0459322
0.054554
-0.0565582
-0.045707
0.0488934
0.0580716
-0.060206
-0.0512351
0.0544295
0.054998
-0.0570194
-0.0481288
0.0511322
0.0516675
-0.0535645
-0.0723846
0.0704584
-0.013648
0.0162247
-0.0741737
0.0721082
-0.0181346
0.0207735
-0.0706132
0.068594
-0.0196908
0.022202
-0.0690617
0.0671718
-0.0154134
0.0178709
-0.0757374
0.0735355
-0.0227264
0.0254189
-0.0770617
0.0747271
-0.027408
0.0301457
-0.0730433
0.0707746
-0.0285026
0.031096
-0.0719452
0.0697992
-0.0240587
0.0266148
-0.0682508
0.0661625
-0.0251736
0.0275969
-0.0691397
0.0669392
-0.0293853
0.0318389
-0.0653546
0.0632233
-0.0300745
0.0323928
-0.0646586
0.0626296
-0.0260882
0.0283819
-0.0658021
0.0639514
-0.0169525
0.019293
-0.0671337
0.0651626
-0.0210246
0.0234104
-0.0637395
0.0618192
-0.022152
0.0244155
-0.0626121
0.0608033
-0.0182801
0.0205064
-0.0781309
0.075668
-0.032165
0.0349394
-0.0789318
0.0763449
-0.0369813
0.039782
-0.0744825
0.0719823
-0.0375579
0.0402004
-0.0738934
0.0715068
-0.0330071
0.0356299
-0.0794497
0.0767437
-0.0418404
0.0446578
-0.0796721
0.0768522
-0.0467245
0.0495488
-0.0748283
0.0721187
-0.0467311
0.0493851
-0.0747978
0.0721907
-0.0421381
0.0447911
-0.0703165
0.0678062
-0.0422529
0.0447435
-0.0701746
0.0675739
-0.0465671
0.0490545
-0.065706
0.0632101
-0.0462435
0.0485694
-0.0660041
0.0635927
-0.0421973
0.044537
-0.0697883
0.0674794
-0.0336459
0.0361212
-0.0701853
0.0677715
-0.0379407
0.0404275
-0.0660383
0.0637151
-0.0381436
0.0404848
-0.0658181
0.0635892
-0.0340974
0.0364321
-0.061987
0.0598339
-0.0343812
0.0365752
-0.0620479
0.0598091
-0.038189
0.0403824
-0.0582109
0.0560602
-0.038086
0.0401432
-0.058295
0.056221
-0.0345088
0.0365697
-0.0618649
0.0595447
-0.0419961
0.044179
-0.0614277
0.0590342
-0.0457837
0.0479522
-0.0573283
0.055043
-0.0451923
0.047219
-0.0578909
0.0556695
-0.0416524
0.0436967
-0.054083
0.05196
-0.0411869
0.0430989
-0.0534098
0.0512302
-0.0444914
0.0463802
-0.0496714
0.0475934
-0.0436931
0.0454489
-0.0504412
0.0484136
-0.0406146
0.0423972
-0.0547384
0.0527477
-0.034494
0.0364319
-0.054524
0.0524643
-0.0378499
0.039779
-0.0509894
0.0490179
-0.0374968
0.0393009
-0.0513212
0.0494117
-0.0343532
0.0361704
-0.0594956
0.0577318
-0.0194126
0.021527
-0.060435
0.0585677
-0.0230885
0.0252333
-0.0572234
0.0554126
-0.0238485
0.0258798
-0.0564579
0.054742
-0.0203633
0.02237
-0.0611716
0.0592033
-0.0268181
0.0289855
-0.0616919
0.0596289
-0.0305863
0.0327707
-0.0581527
0.0561611
-0.0309347
0.0329922
-0.0577926
0.0558887
-0.0273769
0.0294244
-0.054522
0.0526854
-0.0277797
0.0297132
-0.0547351
0.0528187
-0.0311329
0.033072
-0.0514437
0.0496009
-0.0311972
0.03302
-0.0513645
0.0495937
-0.0280414
0.0298628
-0.0535026
0.0518356
-0.0211477
0.0230486
-0.0541077
0.0523548
-0.024447
0.0263683
-0.0510913
0.0493958
-0.0248979
0.0267108
-0.0506331
0.0490164
-0.021778
0.0235759
-0.0478516
0.0462864
-0.0222668
0.0239651
-0.0481755
0.046538
-0.0252128
0.0269215
-0.0453611
0.0437825
-0.0254038
0.0270121
-0.0451597
0.043647
-0.022626
0.0242284
-0.0483203
0.0466145
-0.0281745
0.0298872
-0.048278
0.0465077
-0.0311406
0.0328505
-0.0452382
0.0435397
-0.0309733
0.032575
-0.0453895
0.0437492
-0.0281902
0.029798
-0.0425719
0.0409967
-0.0280988
0.0296063
-0.0423221
0.0406949
-0.0307071
0.0322046
-0.0395299
0.0379733
-0.0303519
0.0317501
-0.0398672
0.0383569
-0.0279124
0.0293234
-0.0425591
0.0410993
-0.0228659
0.0243754
-0.0426485
0.0411293
-0.0254814
0.0269929
-0.0400387
0.0385785
-0.0254577
0.026876
-0.0400504
0.0386441
-0.0229985
0.0244185
-0.0480426
0.046212
-0.0340994
0.0358001
-0.047606
0.0457207
-0.0370392
0.0387228
-0.0443719
0.0425713
-0.0364876
0.038056
-0.0449006
0.0431489
-0.0337436
0.035332
-0.046963
0.0450281
-0.0399465
0.0416057
-0.0461079
0.0441295
-0.0428101
0.0444389
-0.0427168
0.0408351
-0.0418522
0.0433604
-0.043645
0.0418011
-0.0391947
0.0407355
-0.0404842
0.0387294
-0.0383683
0.039797
-0.0394924
0.0377051
-0.0408305
0.0422241
-0.0364307
0.0347363
-0.0397562
0.0410413
-0.0374772
0.0358093
-0.0374798
0.0388014
-0.0418949
0.0402202
-0.0332953
0.0347769
-0.0412838
0.0395666
-0.0358527
0.0373112
-0.0383397
0.0367042
-0.0351464
0.0364997
-0.0390226
0.037424
-0.0327669
0.034146
-0.0362816
0.0347581
-0.0321679
0.033449
-0.0355364
0.0339807
-0.0343774
0.0356314
-0.0328704
0.0313916
-0.0335549
0.0347152
-0.0336697
0.0322191
-0.0315063
0.0326948
-0.0346197
0.0330361
-0.0365374
0.0377593
-0.0335283
0.0319248
-0.0386384
0.0398199
-0.030783
0.029265
-0.0374838
0.0385679
-0.0319075
0.0304075
-0.0355512
0.0366748
-0.0293396
0.0279194
-0.0345263
0.0355595
-0.0281851
0.0267521
-0.0363005
0.0372924
-0.0257323
0.0243819
-0.0350965
0.036001
-0.0269088
0.025567
-0.0334716
0.0344187
-0.0311835
0.029804
-0.0307932
0.0318934
-0.0303377
0.0289365
-0.0326876
0.0337571
-0.0279366
0.0266093
-0.0317806
0.032765
-0.0288206
0.0275116
-0.0300333
0.0310492
-0.0376344
0.0362816
-0.0230328
0.0243664
-0.0375311
0.0361298
-0.0253415
0.0266704
-0.0351256
0.0337829
-0.0251419
0.0263849
-0.0353109
0.0340113
-0.022978
0.0242288
-0.0372751
0.0358287
-0.02764
0.0289587
-0.0368595
0.0353724
-0.0299186
0.0312216
-0.0343092
0.0328909
-0.0294152
0.0306272
-0.0347935
0.0334106
-0.0272908
0.0285209
-0.0324214
0.0311014
-0.0268741
0.0280201
-0.0318769
0.0305254
-0.0288516
0.0299777
-0.0295593
0.0282735
-0.0282354
0.0292787
-0.030157
0.0288987
-0.0263974
0.0274633
-0.0330799
0.0318341
-0.0228434
0.0240143
-0.0328213
0.0315365
-0.0248681
0.0260292
-0.0306159
0.0293887
-0.0245282
0.0256111
-0.0309407
0.0297477
-0.0226363
0.0237313
-0.0398408
0.0389372
-0.000434931
0.00185609
-0.0412848
0.0402939
-0.00291527
0.00438697
-0.0395714
0.0385902
-0.00421985
0.00563
-0.0382767
0.0373771
-0.00183854
0.00320358
-0.0426205
0.0415431
-0.00548214
0.00700053
-0.0438395
0.0426764
-0.00812799
0.00968873
-0.041832
0.0406903
-0.00920603
0.0106951
-0.0407596
0.0396977
-0.0066777
0.00812938
-0.0389259
0.0378819
-0.00773368
0.00911972
-0.0398622
0.0387442
-0.0101459
0.0115645
-0.037934
0.0368411
-0.010958
0.0123071
-0.0371242
0.0361002
-0.0086592
0.00998037
-0.0367206
0.0358279
-0.00310097
0.00440994
-0.037876
0.0369073
-0.00538293
0.00673232
-0.0362028
0.035249
-0.00641433
0.0077036
-0.0351777
0.0342949
-0.00423002
0.00548354
-0.0449316
0.043684
-0.0108458
0.0124446
-0.0458881
0.0445575
-0.0136275
0.0152589
-0.0435956
0.0422986
-0.0144433
0.0159929
-0.0427802
0.0415603
-0.0117971
0.0133189
-0.0466994
0.045288
-0.0164645
0.0181237
-0.0473568
0.0458671
-0.0193475
0.0210292
-0.0447934
0.0433497
-0.019867
0.0214571
-0.0442695
0.0428978
-0.0171364
0.0187086
-0.0419085
0.0405779
-0.0176794
0.0191675
-0.0423101
0.0409134
-0.0202623
0.0217635
-0.0399087
0.0385597
-0.0205446
0.0219602
-0.039619
0.0383307
-0.0181049
0.0195113
-0.0406765
0.0394862
-0.0126127
0.0140598
-0.0413613
0.0401001
-0.0151263
0.0165965
-0.0391884
0.0379638
-0.0156881
0.0170808
-0.0386245
0.037465
-0.0133032
0.0146768
-0.0366263
0.0354989
-0.0138781
0.01518
-0.0370792
0.0358921
-0.0161374
0.0174547
-0.035035
0.033886
-0.0164835
0.0177278
-0.0346841
0.0335903
-0.0143457
0.0155783
-0.0374028
0.0361571
-0.0184222
0.0197494
-0.0375897
0.0362888
-0.0207235
0.0220563
-0.0353543
0.0341017
-0.0208081
0.022061
-0.0352607
0.0340583
-0.0186405
0.0198912
-0.0331937
0.032035
-0.0187691
0.019946
-0.0332026
0.0319989
-0.0208077
0.0219838
-0.0311347
0.0299795
-0.0207293
0.0218318
-0.0312021
0.0300876
-0.0188153
0.0199209
-0.0327996
0.0317406
-0.0147153
0.0158809
-0.0330575
0.0319475
-0.0167355
0.017909
-0.0311473
0.0300767
-0.016901
0.0180061
-0.0309749
0.029951
-0.0149946
0.0160951
-0.0336527
0.0327819
-0.00523503
0.00643336
-0.0345565
0.0336194
-0.00732253
0.00855263
-0.03294
0.0320216
-0.00811638
0.00928818
-0.0321493
0.0312927
-0.0061235
0.00726792
-0.0353579
0.0343558
-0.00946349
0.0107213
-0.0360506
0.0349845
-0.011651
0.0129325
-0.0342142
0.0331763
-0.0122341
0.0134498
-0.0336303
0.0326517
-0.0101549
0.0113509
-0.0319437
0.0309901
-0.0107428
0.0118782
-0.0324275
0.0314189
-0.0127158
0.0138675
-0.0306917
0.0297148
-0.0131041
0.0141943
-0.0303008
0.0293733
-0.0112338
0.0123104
-0.030671
0.0298306
-0.00690397
0.00799528
-0.0313568
0.0304585
-0.00880344
0.00991844
-0.0298088
0.0289332
-0.00939191
0.0104518
-0.0292212
0.0283988
-0.00758383
0.00862306
-0.0239626
0.0239338
-0.0378622
0.0370448
-0.0216373
0.0216596
-0.0364461
0.0356287
-0.0216579
0.0216318
-0.0342204
0.0334816
-0.0238944
0.0238169
-0.0354957
0.0347603
-0.019455
0.0195239
-0.0350311
0.0342164
-0.0174104
0.0175209
-0.0336218
0.0328127
-0.0175839
0.0176459
-0.0316616
0.030925
-0.0195562
0.0195762
-0.0329406
0.0322016
-0.0195747
0.0195509
-0.030929
0.0302609
-0.0176751
0.0176932
-0.0297722
0.0291043
-0.0176919
0.0176704
-0.0279541
0.0273503
-0.0195191
0.0194553
-0.028996
0.0283947
-0.0237438
0.023623
-0.0332253
0.0325663
-0.0215962
0.0215259
-0.0320815
0.0314167
-0.02146
0.0213505
-0.0300295
0.0294337
-0.0235197
0.0233596
-0.0310494
0.0304625
-0.0154979
0.0156458
-0.0322233
0.0314222
-0.0137119
0.0138927
-0.0308395
0.0300489
-0.0140072
0.0141409
-0.0291236
0.0283997
-0.0157359
0.0158356
-0.0303877
0.0296566
-0.0120467
0.0122568
-0.0294745
0.0286958
-0.0104968
0.0107325
-0.028131
0.0273661
-0.0108878
0.0110776
-0.0266395
0.0259355
-0.0123929
0.0125565
-0.027873
0.0271588
-0.0126599
0.0127806
-0.0263228
0.0256683
-0.011201
0.0113487
-0.0251927
0.0245463
-0.011442
0.0115506
-0.0237911
0.0231987
-0.0128542
0.0129358
-0.0248232
0.0242263
-0.0158925
0.0159488
-0.0286162
0.0279505
-0.0142226
0.0143125
-0.027465
0.026804
-0.0143637
0.0144147
-0.0258636
0.0252623
-0.015975
0.0159915
-0.0269084
0.026305
-0.0159904
0.0159702
-0.0252657
0.0247195
-0.0144386
0.0144526
-0.0243209
0.0237744
-0.0144527
0.0144342
-0.0228357
0.0223418
-0.0159451
0.0158923
-0.0236867
0.0231949
-0.0129826
0.0130273
-0.023377
0.0228317
-0.0116185
0.0116908
-0.0224368
0.0218949
-0.0117337
0.0117746
-0.0211283
0.0206358
-0.01305
0.0130626
-0.0219817
0.0214878
-0.0130619
0.0130459
-0.020639
0.0201933
-0.0117943
0.0118063
-0.0198673
0.019421
-0.0118054
0.0117911
-0.018654
0.0182507
-0.0130245
0.0129823
-0.0193489
0.018948
-0.0158442
0.0157632
-0.0221711
0.0217313
-0.0144111
0.014364
-0.0214081
0.0209645
-0.01432
0.014247
-0.0200386
0.0196413
-0.0156944
0.0155875
-0.0207192
0.0203276
-0.0232296
0.0230353
-0.0289679
0.0284477
-0.0212575
0.0211125
-0.028063
0.0275321
-0.0209953
0.0208195
-0.0261814
0.0257113
-0.0228813
0.0226562
-0.0269785
0.0265213
-0.0193963
0.0192967
-0.0271414
0.0266022
-0.0176418
0.0175836
-0.0262071
0.0256634
-0.0175308
0.0174405
-0.024531
0.0240436
-0.0192133
0.0190818
-0.0253639
0.0248839
-0.0189758
0.018817
-0.0236632
0.0232383
-0.0173649
0.0172464
-0.0229241
0.0224906
-0.0171504
0.0170068
-0.0213872
0.0210033
-0.0186912
0.0185073
-0.0220382
0.0216648
-0.0224813
0.0222297
-0.0250807
0.0246815
-0.0206803
0.0204769
-0.0243834
0.0239704
-0.0203187
0.0200913
-0.0226681
0.0223073
-0.0220364
0.0217612
-0.0232717
0.0229269
-0.0215519
0.021257
-0.0215508
0.0212559
-0.0199165
0.0196678
-0.0210334
0.0207218
-0.0194789
0.0192123
-0.0194782
0.0192116
-0.0210345
0.0207224
-0.0199154
0.019667
-0.0183642
0.0181587
-0.020488
0.0201619
-0.0168931
0.016727
-0.0199185
0.019581
-0.0165978
0.0164119
-0.0185176
0.0182229
-0.0180009
0.0177761
-0.0190107
0.0187289
-0.0176054
0.0173645
-0.0176053
0.0173644
-0.0162693
0.0160664
-0.0171827
0.0169278
-0.0159121
0.0156943
-0.0159121
0.0156944
-0.0171827
0.0169279
-0.0162694
0.0160664
-0.0204885
0.0201624
-0.0183637
0.0181582
-0.0190113
0.0187293
-0.0180005
0.017776
-0.0185179
0.0182231
-0.0165977
0.016412
-0.019919
0.0195813
-0.0168928
0.0167268
-0.0155008
0.015371
-0.0193301
0.0189833
-0.0141848
0.0140883
-0.0187264
0.0183725
-0.0140098
0.0138925
-0.0174711
0.0171575
-0.0152682
0.0151181
-0.0180031
0.0176979
-0.0129425
0.0128766
-0.0181113
0.0177522
-0.0117719
0.0117337
-0.0174881
0.0171252
-0.0116978
0.0116381
-0.0163695
0.0160444
-0.0128203
0.0127332
-0.0169254
0.0166054
-0.0126623
0.0125563
-0.0157909
0.0155075
-0.0115873
0.0115086
-0.0152979
0.0150081
-0.0114446
0.0113487
-0.0142722
0.0140155
-0.0124724
0.0123497
-0.0147067
0.0144572
-0.0150014
0.0148334
-0.0167369
0.0164705
-0.0137997
0.0136641
-0.0162718
0.0159959
-0.0135586
0.0134067
-0.0151271
0.0148863
-0.0147045
0.014521
-0.0155301
0.0152998
-0.0143816
0.0141848
-0.0143816
0.0141848
-0.0132902
0.0131244
-0.0140363
0.0138281
-0.0129983
0.0128205
-0.0129983
0.0128204
-0.0140363
0.0138281
-0.0132902
0.0131244
-0.0122545
0.0121173
-0.013672
0.0134544
-0.0112729
0.011162
-0.0132922
0.0130664
-0.0110759
0.0109518
-0.0123572
0.01216
-0.012012
0.0118621
-0.0126862
0.0124981
-0.0117481
0.0115873
-0.0117482
0.0115874
-0.0108567
0.0107211
-0.0114662
0.0112957
-0.0106184
0.0104725
-0.0106184
0.0104725
-0.0114662
0.0112957
-0.0108567
0.0107211
-0.013672
0.0134544
-0.0122544
0.0121172
-0.0126863
0.0124981
-0.0120119
0.0118621
-0.0123572
0.01216
-0.0110759
0.0109518
-0.0132922
0.0130664
-0.0112729
0.011162
-0.0193303
0.0189834
-0.0155006
0.0153709
-0.0180032
0.0176979
-0.0152682
0.0151181
-0.0174711
0.0171576
-0.0140098
0.0138926
-0.0187265
0.0183726
-0.0141848
0.0140883
-0.0167368
0.0164704
-0.0150015
0.0148335
-0.0155299
0.0152997
-0.0147046
0.0145211
-0.015127
0.0148863
-0.0135586
0.0134068
-0.0162717
0.0159958
-0.0137998
0.0136641
-0.0157909
0.0155074
-0.0126623
0.0125563
-0.0147066
0.0144572
-0.0124723
0.0123497
-0.0142722
0.0140155
-0.0114446
0.0113487
-0.0152978
0.0150081
-0.0115874
0.0115086
-0.0181113
0.0177521
-0.0129426
0.0128767
-0.0169254
0.0166054
-0.0128204
0.0127332
-0.0163695
0.0160445
-0.0116978
0.0116381
-0.0174881
0.0171252
-0.011772
0.0117338
-0.0378623
0.037045
-0.0239624
0.0239335
-0.0354958
0.0347605
-0.0238939
0.0238164
-0.0342208
0.0334822
-0.0216572
0.0216308
-0.0364463
0.0356289
-0.0216368
0.0216591
-0.0332255
0.0325668
-0.0237431
0.0236219
-0.0310501
0.0304631
-0.0235186
0.0233586
-0.0300303
0.0294349
-0.0214587
0.0213488
-0.0320821
0.0314173
-0.0215951
0.0215249
-0.0309298
0.0302621
-0.0195734
0.0195492
-0.0289974
0.0283957
-0.0195173
0.0194538
-0.0279551
0.0273517
-0.0176903
0.0176685
-0.0297734
0.0291052
-0.0176733
0.0176917
-0.0350314
0.0342169
-0.0194543
0.0195228
-0.0329412
0.0322022
-0.019555
0.0195751
-0.0316624
0.0309261
-0.0175825
0.0176442
-0.0336224
0.0328133
-0.0174092
0.0175196
-0.0289689
0.0284491
-0.0232284
0.0230336
-0.02698
0.0265225
-0.0228795
0.0226549
-0.0261826
0.0257129
-0.0209938
0.0208175
-0.0280645
0.0275332
-0.0212557
0.0211111
-0.025082
0.0246831
-0.0224799
0.0222279
-0.0232734
0.022928
-0.0220346
0.02176
-0.0226691
0.0223084
-0.0203175
0.02009
-0.0243851
0.0239714
-0.0206784
0.0204756
-0.0236641
0.0232393
-0.0189748
0.0188158
-0.0220391
0.0216653
-0.0186901
0.0185066
-0.0213876
0.0210037
-0.0171499
0.0170064
-0.0229251
0.0224913
-0.0173638
0.0172457
-0.0271425
0.0266039
-0.0193948
0.0192948
-0.0253656
0.0248849
-0.0192114
0.0190806
-0.0245319
0.0240445
-0.0175296
0.0174394
-0.0262087
0.0256644
-0.0176398
0.0175824
-0.0252664
0.0247202
-0.0159891
0.015969
-0.0236875
0.0231954
-0.015944
0.0158916
-0.022836
0.0223422
-0.0144521
0.0144337
-0.0243216
0.0237749
-0.0144375
0.0144519
-0.0221715
0.0217317
-0.0158437
0.0157626
-0.0207195
0.0203277
-0.0156939
0.0155873
-0.0200387
0.0196414
-0.0143198
0.0142469
-0.0214085
0.0209646
-0.0144106
0.0143638
-0.0206391
0.0201933
-0.0130619
0.0130459
-0.0193489
0.018948
-0.0130245
0.0129823
-0.0186539
0.0182507
-0.0118055
0.0117911
-0.0198673
0.019421
-0.0117943
0.0118064
-0.0233772
0.0228319
-0.012982
0.0130269
-0.021982
0.0214879
-0.0130496
0.0130624
-0.0211283
0.0206358
-0.0117337
0.0117746
-0.0224369
0.0218949
-0.0116182
0.0116907
-0.0322239
0.0314232
-0.0154963
0.0156439
-0.0303889
0.0296574
-0.015734
0.0158339
-0.0291245
0.0284009
-0.0140052
0.0141386
-0.0308406
0.0300496
-0.0137097
0.0138908
-0.0286172
0.0279519
-0.0158909
0.0159467
-0.0269098
0.0263058
-0.0159729
0.0159901
-0.0258643
0.025263
-0.0143624
0.0144134
-0.0274664
0.0268047
-0.0142204
0.014311
-0.0263232
0.0256685
-0.0126585
0.0127793
-0.0248237
0.0242265
-0.0128531
0.0129351
-0.0237911
0.0231987
-0.0114415
0.0115503
-0.0251929
0.0245463
-0.0112
0.011348
-0.0294751
0.0286965
-0.0120443
0.0122542
-0.0278741
0.0271591
-0.0123905
0.0125548
-0.0266395
0.0259353
-0.0108862
0.0110763
-0.0281318
0.027366
-0.010494
0.0107304
-0.00043513
0.00185633
-0.0398408
0.0389371
-0.00183912
0.00320411
-0.0382768
0.0373771
-0.0042203
0.00563056
-0.0395714
0.03859
-0.00291542
0.00438715
-0.0412846
0.0402938
-0.00310186
0.00441085
-0.0367206
0.0358279
-0.00423161
0.0054849
-0.0351776
0.0342948
-0.00641559
0.00770502
-0.0362026
0.0352487
-0.00538406
0.00673336
-0.0378757
0.036907
-0.00773468
0.00912079
-0.0389256
0.0378814
-0.00866104
0.00998216
-0.0371234
0.0360995
-0.0109595
0.0123087
-0.0379332
0.0368402
-0.0101473
0.0115658
-0.0398611
0.0387432
-0.00548234
0.00700078
-0.0426203
0.0415428
-0.00667847
0.00813011
-0.0407591
0.0396973
-0.00920668
0.0106959
-0.0418313
0.0406894
-0.00812814
0.00968893
-0.0438388
0.0426756
-0.00523664
0.00643517
-0.0336527
0.0327818
-0.00612611
0.00727035
-0.032149
0.0312925
-0.00811849
0.00929033
-0.0329397
0.0320212
-0.00732472
0.00855459
-0.0345557
0.0336188
-0.00690636
0.00799787
-0.0306711
0.0298306
-0.00758701
0.00862565
-0.0292211
0.0283991
-0.00939398
0.0104536
-0.029809
0.0289337
-0.00880632
0.00992086
-0.0313561
0.0304582
-0.0107447
0.0118798
-0.0319434
0.03099
-0.0112355
0.0123115
-0.0303006
0.0293735
-0.0131048
0.0141948
-0.0306915
0.029715
-0.0127175
0.0138689
-0.0324268
0.0314184
-0.00946517
0.0107231
-0.0353575
0.0343553
-0.0101575
0.0113532
-0.0336293
0.032651
-0.0122359
0.0134515
-0.0342135
0.0331758
-0.0116532
0.0129345
-0.0360492
0.0349834
-0.0138796
0.0151813
-0.0366252
0.035498
-0.0143475
0.0155797
-0.034683
0.0335894
-0.0164846
0.0177285
-0.0350343
0.0338856
-0.0161389
0.0174562
-0.0370779
0.0358911
-0.0147162
0.0158814
-0.0327992
0.0317404
-0.014995
0.0160952
-0.0309748
0.029951
-0.016901
0.0180059
-0.0311472
0.0300767
-0.0167361
0.0179093
-0.033057
0.0319472
-0.0187692
0.0199458
-0.0331936
0.0320351
-0.0188151
0.0199207
-0.0312023
0.0300878
-0.0207293
0.0218319
-0.0311349
0.0299799
-0.0208076
0.0219836
-0.033203
0.0319994
-0.0184234
0.0197502
-0.037402
0.0361567
-0.0186413
0.0198917
-0.0352602
0.0340581
-0.0208085
0.0220613
-0.0353544
0.0341023
-0.0207243
0.0220568
-0.0375895
0.036289
-0.010846
0.0124448
-0.0449304
0.0436827
-0.0117982
0.01332
-0.0427787
0.0415589
-0.0144441
0.0159936
-0.0435941
0.0422971
-0.0136278
0.0152592
-0.0458861
0.0445558
-0.0126138
0.0140609
-0.0406754
0.0394851
-0.0133053
0.0146786
-0.0386228
0.0374636
-0.0156895
0.0170821
-0.0391871
0.0379628
-0.0151281
0.0165982
-0.0413595
0.0400985
-0.0176807
0.0191684
-0.0419073
0.040577
-0.0181064
0.0195126
-0.039618
0.0383299
-0.0205457
0.021961
-0.0399081
0.0385596
-0.0202635
0.0217644
-0.0423092
0.0409129
-0.0164645
0.0181234
-0.0466971
0.0452862
-0.0171375
0.0187095
-0.0442676
0.0428961
-0.0198676
0.0214572
-0.0447921
0.043349
-0.0193472
0.0210288
-0.0473547
0.0458654
-0.0222664
0.0239647
-0.0478494
0.0462845
-0.0226266
0.0242287
-0.0451578
0.0436455
-0.0254038
0.0270119
-0.0453589
0.0437801
-0.0252122
0.026921
-0.048173
0.0465353
-0.0228668
0.0243757
-0.0425578
0.0410987
-0.0229995
0.0244189
-0.0400497
0.0386439
-0.0254576
0.0268754
-0.040037
0.0385772
-0.0254817
0.0269926
-0.042646
0.041127
-0.0280986
0.0296063
-0.0425712
0.0409957
-0.0279119
0.029323
-0.0398663
0.038356
-0.0303517
0.0317502
-0.0395302
0.0379737
-0.030707
0.0322047
-0.0423223
0.0406955
-0.0281742
0.0298875
-0.0483197
0.0466133
-0.0281905
0.0297985
-0.0453889
0.0437483
-0.0309739
0.0325758
-0.0452382
0.0435398
-0.0311407
0.0328508
-0.0482781
0.0465079
-0.0230331
0.0243665
-0.0376343
0.0362818
-0.0229784
0.0242289
-0.0353108
0.0340115
-0.0251418
0.0263848
-0.0351245
0.0337816
-0.0253415
0.0266702
-0.0375297
0.0361284
-0.0228434
0.0240143
-0.03308
0.0318341
-0.0226366
0.0237313
-0.0309404
0.0297477
-0.0245279
0.0256103
-0.0306151
0.0293882
-0.0248682
0.026029
-0.0328199
0.0315351
-0.0268737
0.0280195
-0.0324213
0.0311013
-0.0263963
0.0274624
-0.0301577
0.028899
-0.0282352
0.0292791
-0.0295597
0.028274
-0.0288508
0.0299767
-0.0318772
0.0305261
-0.0276397
0.0289583
-0.0372743
0.035828
-0.0272909
0.0285213
-0.0347933
0.0334103
-0.0294154
0.0306274
-0.0343095
0.0328915
-0.0299182
0.0312217
-0.0368597
0.0353728
-0.0321676
0.0334487
-0.036282
0.0347586
-0.0315062
0.0326946
-0.0336701
0.0322195
-0.0335542
0.0347144
-0.0328706
0.031392
-0.0343773
0.0356313
-0.0355367
0.0339808
-0.0307922
0.0318931
-0.0311843
0.0298039
-0.0300334
0.0310494
-0.0288202
0.0275117
-0.0317807
0.0327658
-0.0279374
0.02661
-0.0326876
0.0337571
-0.0303383
0.0289374
-0.0345261
0.0355593
-0.0293397
0.0279193
-0.0334727
0.0344195
-0.0269085
0.0255669
-0.0350969
0.0360013
-0.0257322
0.0243818
-0.0363008
0.0372927
-0.0281842
0.0267512
-0.0365375
0.0377584
-0.0346194
0.0330364
-0.0355502
0.036674
-0.0319081
0.0304078
-0.0374835
0.0385678
-0.0307823
0.0292641
-0.0386375
0.0398199
-0.0335286
0.0319246
-0.0340996
0.0358001
-0.0480423
0.0462117
-0.0337438
0.035332
-0.0449005
0.043149
-0.0364875
0.0380559
-0.0443723
0.0425718
-0.0370394
0.0387231
-0.0476066
0.0457211
-0.0332951
0.0347765
-0.0418952
0.0402204
-0.0327667
0.0341458
-0.0390228
0.0374243
-0.0351461
0.0364995
-0.03834
0.0367047
-0.0358528
0.0373115
-0.0412843
0.0395669
-0.0383687
0.039797
-0.0404848
0.03873
-0.0374794
0.0388014
-0.0374778
0.0358092
-0.0397566
0.0410419
-0.036431
0.0347368
-0.0408308
0.0422245
-0.0394927
0.0377053
-0.0399469
0.0416057
-0.0469636
0.0450288
-0.0391944
0.0407354
-0.0436459
0.0418017
-0.0418525
0.0433607
-0.042717
0.0408353
-0.0428101
0.0444392
-0.0461085
0.0441299
-0.0136484
0.0162248
-0.0723844
0.0704585
-0.0154137
0.0178713
-0.0690616
0.0671718
-0.0196911
0.0222018
-0.0706136
0.0685947
-0.0181349
0.0207737
-0.0741737
0.0721083
-0.0169522
0.0192924
-0.0658023
0.0639519
-0.0182794
0.0205059
-0.0626123
0.0608032
-0.0221517
0.024415
-0.0637396
0.0618193
-0.021024
0.0234101
-0.0671343
0.0651627
-0.0251735
0.0275966
-0.0682508
0.0661624
-0.0260876
0.0283814
-0.0646588
0.0626292
-0.0300739
0.032392
-0.0653547
0.0632236
-0.029385
0.0318389
-0.0691396
0.0669389
-0.0227264
0.0254189
-0.0757377
0.0735356
-0.0240584
0.0266147
-0.0719454
0.0697991
-0.0285025
0.0310956
-0.0730435
0.0707747
-0.027408
0.0301459
-0.0770615
0.0747266
-0.0194115
0.0215257
-0.0594954
0.0577318
-0.0203618
0.0223692
-0.0564576
0.0547411
-0.023848
0.0258796
-0.057223
0.0554118
-0.0230874
0.0252325
-0.0604351
0.0585672
-0.0211458
0.0230473
-0.053501
0.0518336
-0.0217763
0.0235744
-0.0506307
0.049014
-0.0248967
0.0267105
-0.0510894
0.049393
-0.0244463
0.026368
-0.0541067
0.0523531
-0.0277795
0.0297137
-0.0545223
0.0526851
-0.0280415
0.0298635
-0.0513644
0.049593
-0.0311978
0.033021
-0.0514437
0.0496007
-0.0311333
0.0330725
-0.0547351
0.0528186
-0.0268174
0.0289846
-0.0611717
0.0592033
-0.0273769
0.0294249
-0.0577931
0.0558888
-0.0309351
0.0329926
-0.0581526
0.0561609
-0.0305857
0.0327706
-0.0616924
0.0596288
-0.0343812
0.0365748
-0.0619869
0.0598336
-0.0345091
0.0365701
-0.058295
0.0562208
-0.0380863
0.0401437
-0.0582109
0.0560598
-0.0381891
0.0403826
-0.0620479
0.0598088
-0.0344944
0.0364326
-0.0547385
0.0527473
-0.0343538
0.036171
-0.0513207
0.0494111
-0.0374972
0.0393016
-0.0509897
0.0490182
-0.0378509
0.0397797
-0.0545238
0.0524642
-0.0411877
0.0430993
-0.0540833
0.0519601
-0.0406149
0.0423974
-0.0504416
0.048414
-0.0436933
0.0454494
-0.0496719
0.0475938
-0.0444919
0.0463807
-0.0534104
0.0512306
-0.0419965
0.0441791
-0.0618647
0.0595445
-0.041653
0.0436971
-0.0578911
0.0556695
-0.0451928
0.0472193
-0.0573282
0.0550431
-0.0457841
0.0479524
-0.0614276
0.059034
-0.0321647
0.0349389
-0.078131
0.0756684
-0.0330067
0.0356298
-0.0738938
0.0715066
-0.0375576
0.0401997
-0.0744829
0.0719826
-0.0369808
0.0397818
-0.0789316
0.0763449
-0.0336455
0.0361205
-0.0697886
0.0674799
-0.0340963
0.0364314
-0.0658184
0.063589
-0.0381431
0.0404847
-0.0660384
0.0637153
-0.03794
0.0404274
-0.0701858
0.0677716
-0.0422528
0.0447431
-0.0703164
0.067806
-0.042197
0.0445371
-0.0660042
0.0635926
-0.0462435
0.0485697
-0.0657053
0.0632096
-0.046567
0.0490545
-0.0701747
0.0675733
-0.0418401
0.0446572
-0.0794501
0.0767447
-0.0421374
0.044791
-0.0747982
0.0721908
-0.046731
0.0493853
-0.0748282
0.0721186
-0.0467242
0.049549
-0.0796729
0.0768523
0.0653052
-0.0677052
-0.0130775
0.0157985
0.0642741
-0.0666357
-0.0178167
0.0206061
0.0684194
-0.0709331
-0.0189654
0.0219349
0.0695177
-0.0720721
-0.0139209
0.0168176
0.0629451
-0.0652577
-0.0226708
0.0255205
0.0613138
-0.0635667
-0.0276261
0.0305275
0.0652692
-0.0676665
-0.0294075
0.0324968
0.0670052
-0.0694664
-0.0241326
0.0271669
0.0713268
-0.0739463
-0.0256888
0.0289193
0.0694786
-0.0720306
-0.0313043
0.0345927
0.0739594
-0.0766755
-0.0333228
0.0368234
0.0759278
-0.0787151
-0.0273451
0.0307849
0.0740011
-0.0767202
-0.0148182
0.0179018
0.072832
-0.0755073
-0.0201882
0.0233499
0.0775292
-0.0803767
-0.0214901
0.0248563
0.0787742
-0.0816684
-0.0157741
0.0190566
0.0593745
-0.0615565
-0.0326673
0.0356098
0.0571226
-0.0592217
-0.0377766
0.040751
0.0608068
-0.0630409
-0.0402136
0.043379
0.0632045
-0.0655263
-0.0347743
0.0379066
0.0545547
-0.0565591
-0.0429365
0.045932
0.0516683
-0.0535652
-0.0481287
0.0511319
0.0549987
-0.0570198
-0.0512347
0.0544293
0.0580722
-0.0602071
-0.0457073
0.0488936
0.0618177
-0.0640887
-0.0486536
0.0520483
0.0585467
-0.0606991
-0.0545376
0.0579381
0.0623212
-0.0646097
-0.0580552
0.061678
0.0658039
-0.0682222
-0.0517928
0.0554033
0.0672807
-0.0697524
-0.0370165
0.0403518
0.0647296
-0.0671063
-0.0428061
0.0461779
0.0689027
-0.0714345
-0.0455683
0.0491549
0.0716196
-0.0742512
-0.0394046
0.0429539
0.0762396
-0.079037
-0.0419441
0.0457262
0.073348
-0.0760388
-0.0485042
0.0523278
0.0780798
-0.0809439
-0.0516321
0.0557018
0.0811584
-0.0841351
-0.0446487
0.0486758
0.0700505
-0.0726185
-0.0551282
0.0589809
0.0663441
-0.0687765
-0.0617961
0.0656569
0.0706211
-0.0732139
-0.065784
0.0698898
0.074568
-0.0773041
-0.0586858
0.0627839
0.0793748
-0.0822905
-0.0624726
0.066831
0.0751734
-0.0779366
-0.0700282
0.0743961
0.0800221
-0.0829631
-0.0745445
0.0791945
0.084493
-0.0875981
-0.0665018
0.0711415
0.0863901
-0.0895633
-0.0475305
0.0518129
0.0831136
-0.0861665
-0.0549647
0.0592926
0.0884724
-0.091723
-0.0585095
0.0631161
0.0919612
-0.09534
-0.0505963
0.0551541
0.0838544
-0.0869353
-0.016791
0.0202854
0.0825296
-0.0855604
-0.0228757
0.0264597
0.0878518
-0.0910795
-0.0243521
0.0281656
0.0892624
-0.0925427
-0.0178748
0.0215935
0.0808253
-0.0837911
-0.029108
0.0327714
0.0787305
-0.0816192
-0.0354714
0.0392008
0.0838093
-0.0868843
-0.0377584
0.0417288
0.0860386
-0.0891967
-0.0309863
0.0348844
0.0915852
-0.0949509
-0.032986
0.0371329
0.089213
-0.0924896
-0.0401966
0.0444186
0.0949652
-0.0984546
-0.0427891
0.0472824
0.097492
-0.101075
-0.0351146
0.0395277
0.0950187
-0.0985104
-0.0190274
0.0229859
0.0935169
-0.096954
-0.025923
0.0299809
0.0995479
-0.103207
-0.0275952
0.0319158
0.101147
-0.104863
-0.0202549
0.0244692
0.10767
-0.111627
-0.021561
0.0260471
0.105969
-0.109862
-0.0293745
0.0339731
0.112803
-0.116948
-0.031269
0.0361643
0.114614
-0.118826
-0.0229516
0.0277266
0.103779
-0.107593
-0.0373778
0.042076
0.10109
-0.104804
-0.0455486
0.0503317
0.10761
-0.111563
-0.0484851
0.0535762
0.110473
-0.114533
-0.0397883
0.0447897
0.117597
-0.121918
-0.0423544
0.0476783
0.114549
-0.118758
-0.0516122
0.057032
0.121937
-0.126417
-0.0549402
0.0607083
0.125181
-0.129781
-0.0450847
0.0507514
0.122007
-0.126489
-0.0244324
0.029515
0.120078
-0.12449
-0.0332856
0.0384969
0.127822
-0.132518
-0.0354315
0.0409784
0.129875
-0.134647
-0.026007
0.0314176
0.097892
-0.101488
-0.0538596
0.0587103
0.0941779
-0.097638
-0.0622826
0.0671855
0.100252
-0.103935
-0.0662986
0.0715182
0.104205
-0.108033
-0.0573309
0.0624951
0.0899426
-0.0932476
-0.0707907
0.0757286
0.0851833
-0.0883142
-0.0793516
0.084301
0.0906788
-0.0940099
-0.0844685
0.0897386
0.0957444
-0.0992622
-0.0753553
0.0806125
0.10192
-0.105664
-0.0802173
0.0858133
0.0965271
-0.100072
-0.0899192
0.0955285
0.102751
-0.106527
-0.0957174
0.101687
0.108494
-0.112479
-0.0853901
0.0913471
0.110926
-0.115
-0.0610303
0.0665264
0.106718
-0.110639
-0.0705766
0.0761326
0.113602
-0.117776
-0.0751277
0.0810439
0.11808
-0.122418
-0.0649655
0.0708166
0.125697
-0.130316
-0.0691582
0.0753883
0.120929
-0.125372
-0.0799751
0.0862707
0.128728
-0.133453
-0.0851327
0.0918309
0.133803
-0.138719
-0.0736189
0.0802505
0.115489
-0.119731
-0.0909001
0.097235
0.109376
-0.113398
-0.101892
0.108246
0.116435
-0.120712
-0.108459
0.115225
0.122936
-0.127454
-0.0967581
0.103509
0.130867
-0.135675
-0.103
0.110183
0.123943
-0.128498
-0.115458
0.12266
0.131935
-0.13679
-0.122905
0.130569
0.139307
-0.144431
-0.109646
0.117292
0.142433
-0.147663
-0.0783656
0.0854231
0.137026
-0.142063
-0.0906202
0.0977541
0.145862
-0.151228
-0.09647
0.104062
0.151617
-0.157192
-0.0834152
0.0909319
0.13825
-0.14333
-0.0276844
0.0334438
0.136064
-0.141064
-0.0377155
0.0436204
0.14484
-0.150163
-0.0401491
0.0464356
0.147166
-0.152573
-0.0294687
0.0356007
0.133255
-0.138151
-0.0479927
0.0540252
0.129801
-0.134571
-0.0584853
0.0646264
0.138174
-0.143253
-0.0622582
0.0687963
0.14185
-0.147062
-0.0510894
0.0575113
0.150998
-0.156548
-0.0543859
0.0612214
0.147086
-0.152492
-0.0662759
0.0732331
0.156572
-0.162328
-0.0705456
0.0779524
0.160737
-0.166649
-0.0578945
0.0651674
0.156658
-0.162415
-0.0313703
0.0378974
0.154182
-0.15985
-0.0427391
0.0494306
0.164126
-0.170162
-0.0454985
0.0526193
0.166761
-0.172893
-0.0333946
0.0403425
0.105381
-0.109253
0.0317111
-0.0285093
0.107056
-0.11099
0.0260976
-0.0227087
0.113961
-0.118149
0.0277808
-0.0241733
0.112177
-0.116299
0.0337563
-0.0303482
0.108372
-0.112354
0.0201604
-0.0165888
0.109308
-0.113325
0.0139092
-0.0101618
0.116358
-0.120634
0.0148063
-0.0108172
0.115361
-0.119601
0.0214608
-0.0176588
0.122802
-0.127314
0.0228451
-0.0187979
0.123862
-0.128414
0.0157614
-0.0115152
0.131851
-0.136696
0.016778
-0.0122578
0.130722
-0.135525
0.0243185
-0.0200104
0.119412
-0.1238
0.0359335
-0.0323057
0.121311
-0.125769
0.0295728
-0.0257327
0.129135
-0.13388
0.0314802
-0.0273923
0.127113
-0.131784
0.0382512
-0.0343895
0.109845
-0.113882
0.00735625
-0.00344116
0.109967
-0.114008
0.000515954
0.00355792
0.117059
-0.121361
0.000549584
0.00378715
0.11693
-0.121227
0.00783065
-0.00366328
0.109655
-0.113685
-0.00659522
0.0108182
0.108895
-0.112896
-0.0139614
0.0183216
0.115918
-0.120177
-0.0148612
0.0195027
0.116728
-0.121017
-0.00702108
0.0115161
0.124256
-0.128822
-0.0074735
0.0122587
0.123394
-0.127928
-0.0158203
0.0207613
0.131352
-0.136178
-0.0168397
0.0220988
0.13227
-0.13713
-0.00795557
0.0130488
0.124472
-0.129045
0.00833608
-0.0038998
0.12461
-0.129188
0.000584679
0.00403155
0.132646
-0.13752
0.000622831
0.00429114
0.1325
-0.137368
0.00887343
-0.0041513
0.141045
-0.146228
0.00944569
-0.00441861
0.141201
-0.146389
0.000662537
0.00456812
0.150308
-0.155831
0.000705981
0.00486248
0.150142
-0.155659
0.0100547
-0.00470377
0.140801
-0.145974
-0.00846834
0.0138904
0.139823
-0.144961
-0.017926
0.0235249
0.148841
-0.154309
-0.0190811
0.0250408
0.149882
-0.155389
-0.00901453
0.014786
0.159547
-0.16541
-0.00959497
0.0157389
0.158439
-0.164262
-0.0203113
0.026656
0.168658
-0.174859
-0.0216224
0.0283756
0.169837
-0.17608
-0.0102136
0.0167539
0.159825
-0.165698
0.0107037
-0.00500757
0.160002
-0.165881
0.00075186
0.0051754
0.17032
-0.176581
0.00080039
0.00550869
0.170132
-0.176386
0.0113944
-0.00533094
0.135312
-0.140284
0.0407178
-0.036607
0.137464
-0.142515
0.0335104
-0.0291588
0.14633
-0.151707
0.0356716
-0.0310391
0.144039
-0.149332
0.0433438
-0.0389683
0.139153
-0.144266
0.0258867
-0.0213005
0.140355
-0.145512
0.0178596
-0.013048
0.149407
-0.154897
0.0190115
-0.0138895
0.148128
-0.153571
0.0275561
-0.022674
0.157681
-0.163476
0.0293331
-0.0241365
0.159043
-0.164888
0.0202378
-0.0147856
0.1693
-0.175523
0.0215431
-0.0157397
0.167851
-0.17402
0.0312254
-0.0256937
0.153329
-0.158963
0.0461393
-0.0414813
0.155767
-0.161491
0.037972
-0.033041
0.165814
-0.171907
0.040421
-0.0351725
0.163218
-0.169217
0.0491151
-0.0441568
