MFEM mesh v1.0

dimension
2

elements
32768
1 2 1 6849 6850
1 2 6849 4120 6250
1 2 6850 6250 4121
1 2 6849 6250 6850
1 2 4120 10574 6248
1 2 10574 671 10575
1 2 6248 10575 4063
1 2 10574 10575 6248
1 2 4121 6249 16565
1 2 6249 4063 8406
1 2 16565 8406 672
1 2 6249 8406 16565
1 2 4120 6248 6250
1 2 6248 4063 6249
1 2 6250 6249 4121
1 2 6248 6249 6250
1 2 671 11109 11110
1 2 11109 1972 5545
1 2 11110 5545 1974
1 2 11109 5545 11110
1 2 1972 15043 5543
1 2 15043 2 8337
1 2 5543 8337 1973
1 2 15043 8337 5543
1 2 1974 5544 14620
1 2 5544 1973 9166
1 2 14620 9166 556
1 2 5544 9166 14620
1 2 1972 5543 5545
1 2 5543 1973 5544
1 2 5545 5544 1974
1 2 5543 5544 5545
1 2 672 8405 13450
1 2 8405 3153 6185
1 2 13450 6185 3155
1 2 8405 6185 13450
1 2 3153 13114 6183
1 2 13114 556 5802
1 2 6183 5802 3154
1 2 13114 5802 6183
1 2 3155 6184 14735
1 2 6184 3154 6882
1 2 14735 6882 18
1 2 6184 6882 14735
1 2 3153 6183 6185
1 2 6183 3154 6184
1 2 6185 6184 3155
1 2 6183 6184 6185
1 2 671 11110 10575
1 2 11110 1974 5784
1 2 10575 5784 4063
1 2 11110 5784 10575
1 2 1974 14620 5782
1 2 14620 556 13114
1 2 5782 13114 3153
1 2 14620 13114 5782
1 2 4063 5783 8406
1 2 5783 3153 8405
1 2 8406 8405 672
1 2 5783 8405 8406
1 2 1974 5782 5784
1 2 5782 3153 5783
1 2 5784 5783 4063
1 2 5782 5783 5784
1 2 2 8335 8337
1 2 8335 3471 8336
1 2 8337 8336 1973
1 2 8335 8336 8337
1 2 3471 11533 11534
1 2 11533 554 9435
1 2 11534 9435 3472
1 2 11533 9435 11534
1 2 1973 9164 9166
1 2 9164 3472 9165
1 2 9166 9165 556
1 2 9164 9165 9166
1 2 3471 11534 8336
1 2 11534 3472 9164
1 2 8336 9164 1973
1 2 11534 9164 8336
1 2 554 9737 9434
1 2 9737 3893 9315
1 2 9434 9315 4101
1 2 9737 9315 9434
1 2 3893 14261 9314
1 2 14261 19 15078
1 2 9314 15078 2894
1 2 14261 15078 9314
1 2 4101 6233 6235
1 2 6233 2894 6234
1 2 6235 6234 555
1 2 6233 6234 6235
1 2 3893 9314 9315
1 2 9314 2894 6233
1 2 9315 6233 4101
1 2 9314 6233 9315
1 2 556 5801 5802
1 2 5801 3226 5069
1 2 5802 5069 3154
1 2 5801 5069 5802
1 2 3226 15048 5067
1 2 15048 555 14604
1 2 5067 14604 1203
1 2 15048 14604 5067
1 2 3154 5068 6882
1 2 5068 1203 6881
1 2 6882 6881 18
1 2 5068 6881 6882
1 2 3226 5067 5069
1 2 5067 1203 5068
1 2 5069 5068 3154
1 2 5067 5068 5069
1 2 554 9434 9435
1 2 9434 4101 5639
1 2 9435 5639 3472
1 2 9434 5639 9435
1 2 4101 6235 5637
1 2 6235 555 15048
1 2 5637 15048 3226
1 2 6235 15048 5637
1 2 3472 5638 9165
1 2 5638 3226 5801
1 2 9165 5801 556
1 2 5638 5801 9165
1 2 4101 5637 5639
1 2 5637 3226 5638
1 2 5639 5638 3472
1 2 5637 5638 5639
1 2 2 10103 8335
1 2 10103 3897 10104
1 2 8335 10104 3471
1 2 10103 10104 8335
1 2 3897 10348 10350
1 2 10348 944 10349
1 2 10350 10349 3781
1 2 10348 10349 10350
1 2 3471 14016 11533
1 2 14016 3781 6410
1 2 11533 6410 554
1 2 14016 6410 11533
1 2 3897 10350 10104
1 2 10350 3781 14016
1 2 10104 14016 3471
1 2 10350 14016 10104
1 2 944 6481 6483
1 2 6481 1968 6482
1 2 6483 6482 1969
1 2 6481 6482 6483
1 2 1968 7544 7546
1 2 7544 3 7545
1 2 7546 7545 1710
1 2 7544 7545 7546
1 2 1969 8501 8503
1 2 8501 1710 8502
1 2 8503 8502 627
1 2 8501 8502 8503
1 2 1968 7546 6482
1 2 7546 1710 8501
1 2 6482 8501 1969
1 2 7546 8501 6482
1 2 554 6409 9737
1 2 6409 3780 8736
1 2 9737 8736 3893
1 2 6409 8736 9737
1 2 3780 10198 8734
1 2 10198 627 13834
1 2 8734 13834 3009
1 2 10198 13834 8734
1 2 3893 8735 14261
1 2 8735 3009 11731
1 2 14261 11731 19
1 2 8735 11731 14261
1 2 3780 8734 8736
1 2 8734 3009 8735
1 2 8736 8735 3893
1 2 8734 8735 8736
1 2 944 6483 10349
1 2 6483 1969 5495
1 2 10349 5495 3781
1 2 6483 5495 10349
1 2 1969 8503 5493
1 2 8503 627 10198
1 2 5493 10198 3780
1 2 8503 10198 5493
1 2 3781 5494 6410
1 2 5494 3780 6409
1 2 6410 6409 554
1 2 5494 6409 6410
1 2 1969 5493 5495
1 2 5493 3780 5494
1 2 5495 5494 3781
1 2 5493 5494 5495
1 2 3 7578 7545
1 2 7578 1708 14128
1 2 7545 14128 1710
1 2 7578 14128 7545
1 2 1708 8404 8693
1 2 8404 625 8692
1 2 8693 8692 1709
1 2 8404 8692 8693
1 2 1710 11203 8502
1 2 11203 1709 11204
1 2 8502 11204 627
1 2 11203 11204 8502
1 2 1708 8693 14128
1 2 8693 1709 11203
1 2 14128 11203 1710
1 2 8693 11203 14128
1 2 625 15320 14432
1 2 15320 1924 12424
1 2 14432 12424 3562
1 2 15320 12424 14432
1 2 1924 16357 12422
1 2 16357 20 15887
1 2 12422 15887 3176
1 2 16357 15887 12422
1 2 3562 12423 13932
1 2 12423 3176 13703
1 2 13932 13703 626
1 2 12423 13703 13932
1 2 1924 12422 12424
1 2 12422 3176 12423
1 2 12424 12423 3562
1 2 12422 12423 12424
1 2 627 13832 13834
1 2 13832 3007 13833
1 2 13834 13833 3009
1 2 13832 13833 13834
1 2 3007 13933 16277
1 2 13933 626 8143
1 2 16277 8143 3008
1 2 13933 8143 16277
1 2 3009 11730 11731
1 2 11730 3008 9859
1 2 11731 9859 19
1 2 11730 9859 11731
1 2 3007 16277 13833
1 2 16277 3008 11730
1 2 13833 11730 3009
1 2 16277 11730 13833
1 2 625 14432 8692
1 2 14432 3562 12592
1 2 8692 12592 1709
1 2 14432 12592 8692
1 2 3562 13932 12590
1 2 13932 626 13933
1 2 12590 13933 3007
1 2 13932 13933 12590
1 2 1709 12591 11204
1 2 12591 3007 13832
1 2 11204 13832 627
1 2 12591 13832 11204
1 2 3562 12590 12592
1 2 12590 3007 12591
1 2 12592 12591 1709
1 2 12590 12591 12592
1 2 3 7576 7578
1 2 7576 1786 7577
1 2 7578 7577 1708
1 2 7576 7577 7578
1 2 1786 16582 15795
1 2 16582 916 13938
1 2 15795 13938 1787
1 2 16582 13938 15795
1 2 1708 8402 8404
1 2 8402 1787 8403
1 2 8404 8403 625
1 2 8402 8403 8404
1 2 1786 15795 7577
1 2 15795 1787 8402
1 2 7577 8402 1708
1 2 15795 8402 7577
1 2 916 13612 13614
1 2 13612 3963 13613
1 2 13614 13613 3896
1 2 13612 13613 13614
1 2 3963 14700 14701
1 2 14700 4 13280
1 2 14701 13280 3545
1 2 14700 13280 14701
1 2 3896 15915 6790
1 2 15915 3545 7014
1 2 6790 7014 917
1 2 15915 7014 6790
1 2 3963 14701 13613
1 2 14701 3545 15915
1 2 13613 15915 3896
1 2 14701 15915 13613
1 2 625 15319 15320
1 2 15319 1922 14104
1 2 15320 14104 1924
1 2 15319 14104 15320
1 2 1922 6791 10004
1 2 6791 917 10003
1 2 10004 10003 1923
1 2 6791 10003 10004
1 2 1924 14103 16357
1 2 14103 1923 16356
1 2 16357 16356 20
1 2 14103 16356 16357
1 2 1922 10004 14104
1 2 10004 1923 14103
1 2 14104 14103 1924
1 2 10004 14103 14104
1 2 916 13614 13938
1 2 13614 3896 13937
1 2 13938 13937 1787
1 2 13614 13937 13938
1 2 3896 6790 6792
1 2 6790 917 6791
1 2 6792 6791 1922
1 2 6790 6791 6792
1 2 1787 16074 8403
1 2 16074 1922 15319
1 2 8403 15319 625
1 2 16074 15319 8403
1 2 3896 6792 13937
1 2 6792 1922 16074
1 2 13937 16074 1787
1 2 6792 16074 13937
1 2 4 4673 13280
1 2 4673 2809 11697
1 2 13280 11697 3545
1 2 4673 11697 13280
1 2 2809 7196 7198
1 2 7196 592 7197
1 2 7198 7197 3544
1 2 7196 7197 7198
1 2 3545 7012 7014
1 2 7012 3544 7013
1 2 7014 7013 917
1 2 7012 7013 7014
1 2 2809 7198 11697
1 2 7198 3544 7012
1 2 11697 7012 3545
1 2 7198 7012 11697
1 2 592 15796 15798
1 2 15796 3301 15797
1 2 15798 15797 3303
1 2 15796 15797 15798
1 2 3301 11131 11133
1 2 11131 21 11132
1 2 11133 11132 3302
1 2 11131 11132 11133
1 2 3303 15068 6239
1 2 15068 3302 13696
1 2 6239 13696 472
1 2 15068 13696 6239
1 2 3301 11133 15797
1 2 11133 3302 15068
1 2 15797 15068 3303
1 2 11133 15068 15797
1 2 917 7045 10003
1 2 7045 3997 14948
1 2 10003 14948 1923
1 2 7045 14948 10003
1 2 3997 6240 8706
1 2 6240 472 8705
1 2 8706 8705 3337
1 2 6240 8705 8706
1 2 1923 16562 16356
1 2 16562 3337 14166
1 2 16356 14166 20
1 2 16562 14166 16356
1 2 3997 8706 14948
1 2 8706 3337 16562
1 2 14948 16562 1923
1 2 8706 16562 14948
1 2 592 15798 7197
1 2 15798 3303 7777
1 2 7197 7777 3544
1 2 15798 7777 7197
1 2 3303 6239 6241
1 2 6239 472 6240
1 2 6241 6240 3997
1 2 6239 6240 6241
1 2 3544 7044 7013
1 2 7044 3997 7045
1 2 7013 7045 917
1 2 7044 7045 7013
1 2 3303 6241 7777
1 2 6241 3997 7044
1 2 7777 7044 3544
1 2 6241 7044 7777
1 2 4 4671 4673
1 2 4671 2807 4672
1 2 4673 4672 2809
1 2 4671 4672 4673
1 2 2807 16464 16465
1 2 16464 590 9110
1 2 16465 9110 2808
1 2 16464 9110 16465
1 2 2809 11139 7196
1 2 11139 2808 8812
1 2 7196 8812 592
1 2 11139 8812 7196
1 2 2807 16465 4672
1 2 16465 2808 11139
1 2 4672 11139 2809
1 2 16465 11139 4672
1 2 590 16249 9108
1 2 16249 3886 7415
1 2 9108 7415 3228
1 2 16249 7415 9108
1 2 3886 16629 7413
1 2 16629 5 7561
1 2 7413 7561 3887
1 2 16629 7561 7413
1 2 3228 7414 11717
1 2 7414 3887 10557
1 2 11717 10557 591
1 2 7414 10557 11717
1 2 3886 7413 7415
1 2 7413 3887 7414
1 2 7415 7414 3228
1 2 7413 7414 7415
1 2 592 8811 15796
1 2 8811 3229 12888
1 2 15796 12888 3301
1 2 8811 12888 15796
1 2 3229 16187 12886
1 2 16187 591 14884
1 2 12886 14884 4140
1 2 16187 14884 12886
1 2 3301 12887 11131
1 2 12887 4140 13267
1 2 11131 13267 21
1 2 12887 13267 11131
1 2 3229 12886 12888
1 2 12886 4140 12887
1 2 12888 12887 3301
1 2 12886 12887 12888
1 2 590 9108 9110
1 2 9108 3228 9109
1 2 9110 9109 2808
1 2 9108 9109 9110
1 2 3228 11717 12172
1 2 11717 591 16187
1 2 12172 16187 3229
1 2 11717 16187 12172
1 2 2808 8810 8812
1 2 8810 3229 8811
1 2 8812 8811 592
1 2 8810 8811 8812
1 2 3228 12172 9109
1 2 12172 3229 8810
1 2 9109 8810 2808
1 2 12172 8810 9109
1 2 5 7559 7561
1 2 7559 2886 7560
1 2 7561 7560 3887
1 2 7559 7560 7561
1 2 2886 8386 14533
1 2 8386 1007 14532
1 2 14533 14532 3918
1 2 8386 14532 14533
1 2 3887 10555 10557
1 2 10555 3918 10556
1 2 10557 10556 591
1 2 10555 10556 10557
1 2 2886 14533 7560
1 2 14533 3918 10555
1 2 7560 10555 3887
1 2 14533 10555 7560
1 2 1007 4765 4767
1 2 4765 2801 4766
1 2 4767 4766 2802
1 2 4765 4766 4767
1 2 2801 14444 16283
1 2 14444 22 14355
1 2 16283 14355 2298
1 2 14444 14355 16283
1 2 2802 5888 5890
1 2 5888 2298 5889
1 2 5890 5889 1008
1 2 5888 5889 5890
1 2 2801 16283 4766
1 2 16283 2298 5888
1 2 4766 5888 2802
1 2 16283 5888 4766
1 2 591 14883 14884
1 2 14883 4113 12480
1 2 14884 12480 4140
1 2 14883 12480 14884
1 2 4113 8434 8436
1 2 8434 1008 8435
1 2 8436 8435 3839
1 2 8434 8435 8436
1 2 4140 12479 13267
1 2 12479 3839 13266
1 2 13267 13266 21
1 2 12479 13266 13267
1 2 4113 8436 12480
1 2 8436 3839 12479
1 2 12480 12479 4140
1 2 8436 12479 12480
1 2 1007 4767 14532
1 2 4767 2802 15567
1 2 14532 15567 3918
1 2 4767 15567 14532
1 2 2802 5890 9865
1 2 5890 1008 8434
1 2 9865 8434 4113
1 2 5890 8434 9865
1 2 3918 15328 10556
1 2 15328 4113 14883
1 2 10556 14883 591
1 2 15328 14883 10556
1 2 2802 9865 15567
1 2 9865 4113 15328
1 2 15567 15328 3918
1 2 9865 15328 15567
1 2 5 16634 7559
1 2 16634 2885 13392
1 2 7559 13392 2886
1 2 16634 13392 7559
1 2 2885 12255 12257
1 2 12255 1020 12256
1 2 12257 12256 1964
1 2 12255 12256 12257
1 2 2886 8384 8386
1 2 8384 1964 8385
1 2 8386 8385 1007
1 2 8384 8385 8386
1 2 2885 12257 13392
1 2 12257 1964 8384
1 2 13392 8384 2886
1 2 12257 8384 13392
1 2 1020 10729 10730
1 2 10729 1724 7345
1 2 10730 7345 1726
1 2 10729 7345 10730
1 2 1724 16614 7343
1 2 16614 6 8072
1 2 7343 8072 1725
1 2 16614 8072 7343
1 2 1726 7344 15545
1 2 7344 1725 11230
1 2 15545 11230 974
1 2 7344 11230 15545
1 2 1724 7343 7345
1 2 7343 1725 7344
1 2 7345 7344 1726
1 2 7343 7344 7345
1 2 1007 8442 4765
1 2 8442 1963 13966
1 2 4765 13966 2801
1 2 8442 13966 4765
1 2 1963 15866 15868
1 2 15866 974 15867
1 2 15868 15867 3072
1 2 15866 15867 15868
1 2 2801 14443 14444
1 2 14443 3072 11057
1 2 14444 11057 22
1 2 14443 11057 14444
1 2 1963 15868 13966
1 2 15868 3072 14443
1 2 13966 14443 2801
1 2 15868 14443 13966
1 2 1020 10730 12256
1 2 10730 1726 5248
1 2 12256 5248 1964
1 2 10730 5248 12256
1 2 1726 15545 5246
1 2 15545 974 15866
1 2 5246 15866 1963
1 2 15545 15866 5246
1 2 1964 5247 8385
1 2 5247 1963 8442
1 2 8385 8442 1007
1 2 5247 8442 8385
1 2 1726 5246 5248
1 2 5246 1963 5247
1 2 5248 5247 1964
1 2 5246 5247 5248
1 2 6 8070 8072
1 2 8070 1348 8071
1 2 8072 8071 1725
1 2 8070 8071 8072
1 2 1348 9386 12621
1 2 9386 510 13062
1 2 12621 13062 3191
1 2 9386 13062 12621
1 2 1725 11228 11230
1 2 11228 3191 11229
1 2 11230 11229 974
1 2 11228 11229 11230
1 2 1348 12621 8071
1 2 12621 3191 11228
1 2 8071 11228 1725
1 2 12621 11228 8071
1 2 510 14711 13060
1 2 14711 1179 6575
1 2 13060 6575 1181
1 2 14711 6575 13060
1 2 1179 13534 6573
1 2 13534 23 12136
1 2 6573 12136 1180
1 2 13534 12136 6573
1 2 1181 6574 12333
1 2 6574 1180 8613
1 2 12333 8613 973
1 2 6574 8613 12333
1 2 1179 6573 6575
1 2 6573 1180 6574
1 2 6575 6574 1181
1 2 6573 6574 6575
1 2 974 13936 15867
1 2 13936 3070 16418
1 2 15867 16418 3072
1 2 13936 16418 15867
1 2 3070 15308 16301
1 2 15308 973 16300
1 2 16301 16300 3071
1 2 15308 16300 16301
1 2 3072 11055 11057
1 2 11055 3071 11056
1 2 11057 11056 22
1 2 11055 11056 11057
1 2 3070 16301 16418
1 2 16301 3071 11055
1 2 16418 11055 3072
1 2 16301 11055 16418
1 2 510 13060 13062
1 2 13060 1181 13061
1 2 13062 13061 3191
1 2 13060 13061 13062
1 2 1181 12333 15309
1 2 12333 973 15308
1 2 15309 15308 3070
1 2 12333 15308 15309
1 2 3191 13935 11229
1 2 13935 3070 13936
1 2 11229 13936 974
1 2 13935 13936 11229
1 2 1181 15309 13061
1 2 15309 3070 13935
1 2 13061 13935 3191
1 2 15309 13935 13061
1 2 6 11002 8070
1 2 11002 1346 11003
1 2 8070 11003 1348
1 2 11002 11003 8070
1 2 1346 16479 11718
1 2 16479 508 13736
1 2 11718 13736 1347
1 2 16479 13736 11718
1 2 1348 9384 9386
1 2 9384 1347 9385
1 2 9386 9385 510
1 2 9384 9385 9386
1 2 1346 11718 11003
1 2 11718 1347 9384
1 2 11003 9384 1348
1 2 11718 9384 11003
1 2 508 10796 10798
1 2 10796 3514 10797
1 2 10798 10797 1577
1 2 10796 10797 10798
1 2 3514 9017 9019
1 2 9017 7 9018
1 2 9019 9018 3515
1 2 9017 9018 9019
1 2 1577 12526 12527
1 2 12526 3515 6361
1 2 12527 6361 509
1 2 12526 6361 12527
1 2 3514 9019 10797
1 2 9019 3515 12526
1 2 10797 12526 1577
1 2 9019 12526 10797
1 2 510 9772 14711
1 2 9772 1578 14710
1 2 14711 14710 1179
1 2 9772 14710 14711
1 2 1578 15293 15295
1 2 15293 509 15294
1 2 15295 15294 1500
1 2 15293 15294 15295
1 2 1179 13533 13534
1 2 13533 1500 11501
1 2 13534 11501 23
1 2 13533 11501 13534
1 2 1578 15295 14710
1 2 15295 1500 13533
1 2 14710 13533 1179
1 2 15295 13533 14710
1 2 508 10798 13736
1 2 10798 1577 13735
1 2 13736 13735 1347
1 2 10798 13735 13736
1 2 1577 12527 16021
1 2 12527 509 15293
1 2 16021 15293 1578
1 2 12527 15293 16021
1 2 1347 9771 9385
1 2 9771 1578 9772
1 2 9385 9772 510
1 2 9771 9772 9385
1 2 1577 16021 13735
1 2 16021 1578 9771
1 2 13735 9771 1347
1 2 16021 9771 13735
1 2 7 10668 9018
1 2 10668 3813 10669
1 2 9018 10669 3515
1 2 10668 10669 9018
1 2 3813 10776 10778
1 2 10776 934 10777
1 2 10778 10777 3037
1 2 10776 10777 10778
1 2 3515 6359 6361
1 2 6359 3037 6360
1 2 6361 6360 509
1 2 6359 6360 6361
1 2 3813 10778 10669
1 2 10778 3037 6359
1 2 10669 6359 3515
1 2 10778 6359 10669
1 2 934 15694 15695
1 2 15694 2618 8888
1 2 15695 8888 2620
1 2 15694 8888 15695
1 2 2618 14838 8887
1 2 14838 24 13122
1 2 8887 13122 2619
1 2 14838 13122 8887
1 2 2620 7002 7004
1 2 7002 2619 7003
1 2 7004 7003 952
1 2 7002 7003 7004
1 2 2618 8887 8888
1 2 8887 2619 7002
1 2 8888 7002 2620
1 2 8887 7002 8888
1 2 509 10094 15294
1 2 10094 1498 14594
1 2 15294 14594 1500
1 2 10094 14594 15294
1 2 1498 13379 14593
1 2 13379 952 16333
1 2 14593 16333 1499
1 2 13379 16333 14593
1 2 1500 11499 11501
1 2 11499 1499 11500
1 2 11501 11500 23
1 2 11499 11500 11501
1 2 1498 14593 14594
1 2 14593 1499 11499
1 2 14594 11499 1500
1 2 14593 11499 14594
1 2 934 15695 10777
1 2 15695 2620 14977
1 2 10777 14977 3037
1 2 15695 14977 10777
1 2 2620 7004 13380
1 2 7004 952 13379
1 2 13380 13379 1498
1 2 7004 13379 13380
1 2 3037 10093 6360
1 2 10093 1498 10094
1 2 6360 10094 509
1 2 10093 10094 6360
1 2 2620 13380 14977
1 2 13380 1498 10093
1 2 14977 10093 3037
1 2 13380 10093 14977
1 2 7 14870 10668
1 2 14870 3812 9137
1 2 10668 9137 3813
1 2 14870 9137 10668
1 2 3812 16096 9135
1 2 16096 933 7613
1 2 9135 7613 1799
1 2 16096 7613 9135
1 2 3813 9136 10776
1 2 9136 1799 16603
1 2 10776 16603 934
1 2 9136 16603 10776
1 2 3812 9135 9137
1 2 9135 1799 9136
1 2 9137 9136 3813
1 2 9135 9136 9137
1 2 933 9484 7611
1 2 9484 2672 9485
1 2 7611 9485 1797
1 2 9484 9485 7611
1 2 2672 14367 14369
1 2 14367 8 14368
1 2 14369 14368 2673
1 2 14367 14368 14369
1 2 1797 15100 11781
1 2 15100 2673 8077
1 2 11781 8077 889
1 2 15100 8077 11781
1 2 2672 14369 9485
1 2 14369 2673 15100
1 2 9485 15100 1797
1 2 14369 15100 9485
1 2 934 16569 15694
1 2 16569 1798 5624
1 2 15694 5624 2618
1 2 16569 5624 15694
1 2 1798 11782 5622
1 2 11782 889 16415
1 2 5622 16415 2522
1 2 11782 16415 5622
1 2 2618 5623 14838
1 2 5623 2522 4488
1 2 14838 4488 24
1 2 5623 4488 14838
1 2 1798 5622 5624
1 2 5622 2522 5623
1 2 5624 5623 2618
1 2 5622 5623 5624
1 2 933 7611 7613
1 2 7611 1797 7612
1 2 7613 7612 1799
1 2 7611 7612 7613
1 2 1797 11781 11783
1 2 11781 889 11782
1 2 11783 11782 1798
1 2 11781 11782 11783
1 2 1799 11969 16603
1 2 11969 1798 16569
1 2 16603 16569 934
1 2 11969 16569 16603
1 2 1797 11783 7612
1 2 11783 1798 11969
1 2 7612 11969 1799
1 2 11783 11969 7612
1 2 8 14772 14368
1 2 14772 3311 14773
1 2 14368 14773 2673
1 2 14772 14773 14368
1 2 3311 6540 6542
1 2 6540 888 6541
1 2 6542 6541 3423
1 2 6540 6541 6542
1 2 2673 8076 8077
1 2 8076 3423 5205
1 2 8077 5205 889
1 2 8076 5205 8077
1 2 3311 6542 14773
1 2 6542 3423 8076
1 2 14773 8076 2673
1 2 6542 8076 14773
1 2 888 5013 14200
1 2 5013 3804 15007
1 2 14200 15007 3792
1 2 5013 15007 14200
1 2 3804 5810 10486
1 2 5810 25 10485
1 2 10486 10485 4132
1 2 5810 10485 10486
1 2 3792 15006 15236
1 2 15006 4132 8293
1 2 15236 8293 329
1 2 15006 8293 15236
1 2 3804 10486 15007
1 2 10486 4132 15006
1 2 15007 15006 3792
1 2 10486 15006 15007
1 2 889 5204 16415
1 2 5204 2520 13376
1 2 16415 13376 2522
1 2 5204 13376 16415
1 2 2520 15237 13375
1 2 15237 329 13641
1 2 13375 13641 2521
1 2 15237 13641 13375
1 2 2522 4486 4488
1 2 4486 2521 4487
1 2 4488 4487 24
1 2 4486 4487 4488
1 2 2520 13375 13376
1 2 13375 2521 4486
1 2 13376 4486 2522
1 2 13375 4486 13376
1 2 888 14200 6541
1 2 14200 3792 14201
1 2 6541 14201 3423
1 2 14200 14201 6541
1 2 3792 15236 14734
1 2 15236 329 15237
1 2 14734 15237 2520
1 2 15236 15237 14734
1 2 3423 5203 5205
1 2 5203 2520 5204
1 2 5205 5204 889
1 2 5203 5204 5205
1 2 3792 14734 14201
1 2 14734 2520 5203
1 2 14201 5203 3423
1 2 14734 5203 14201
1 2 8 15771 14772
1 2 15771 3310 11033
1 2 14772 11033 3311
1 2 15771 11033 14772
1 2 3310 16346 11031
1 2 16346 1021 15756
1 2 11031 15756 2103
1 2 16346 15756 11031
1 2 3311 11032 6540
1 2 11032 2103 11235
1 2 6540 11235 888
1 2 11032 11235 6540
1 2 3310 11031 11033
1 2 11031 2103 11032
1 2 11033 11032 3311
1 2 11031 11032 11033
1 2 1021 15799 15755
1 2 15799 4204 14538
1 2 15755 14538 2101
1 2 15799 14538 15755
1 2 4204 16604 14537
1 2 16604 9 12772
1 2 14537 12772 1092
1 2 16604 12772 14537
1 2 2101 10656 10657
1 2 10656 1092 10562
1 2 10657 10562 692
1 2 10656 10562 10657
1 2 4204 14537 14538
1 2 14537 1092 10656
1 2 14538 10656 2101
1 2 14537 10656 14538
1 2 888 5011 5013
1 2 5011 2102 5012
1 2 5013 5012 3804
1 2 5011 5012 5013
1 2 2102 15852 14379
1 2 15852 692 15191
1 2 14379 15191 3803
1 2 15852 15191 14379
1 2 3804 5808 5810
1 2 5808 3803 5809
1 2 5810 5809 25
1 2 5808 5809 5810
1 2 2102 14379 5012
1 2 14379 3803 5808
1 2 5012 5808 3804
1 2 14379 5808 5012
1 2 1021 15755 15756
1 2 15755 2101 15529
1 2 15756 15529 2103
1 2 15755 15529 15756
1 2 2101 10657 15528
1 2 10657 692 15852
1 2 15528 15852 2102
1 2 10657 15852 15528
1 2 2103 15066 11235
1 2 15066 2102 5011
1 2 11235 5011 888
1 2 15066 5011 11235
1 2 2101 15528 15529
1 2 15528 2102 15066
1 2 15529 15066 2103
1 2 15528 15066 15529
1 2 9 12771 12772
1 2 12771 1090 8421
1 2 12772 8421 1092
1 2 12771 8421 12772
1 2 1090 5779 5781
1 2 5779 690 5780
1 2 5781 5780 1091
1 2 5779 5780 5781
1 2 1092 8420 10562
1 2 8420 1091 10561
1 2 10562 10561 692
1 2 8420 10561 10562
1 2 1090 5781 8421
1 2 5781 1091 8420
1 2 8421 8420 1092
1 2 5781 8420 8421
1 2 690 5832 5834
1 2 5832 2206 5833
1 2 5834 5833 2208
1 2 5832 5833 5834
1 2 2206 14020 14021
1 2 14020 26 12258
1 2 14021 12258 2207
1 2 14020 12258 14021
1 2 2208 12928 12930
1 2 12928 2207 12929
1 2 12930 12929 691
1 2 12928 12929 12930
1 2 2206 14021 5833
1 2 14021 2207 12928
1 2 5833 12928 2208
1 2 14021 12928 5833
1 2 692 15189 15191
1 2 15189 3697 15190
1 2 15191 15190 3803
1 2 15189 15190 15191
1 2 3697 16313 16463
1 2 16313 691 9236
1 2 16463 9236 1872
1 2 16313 9236 16463
1 2 3803 13364 5809
1 2 13364 1872 13365
1 2 5809 13365 25
1 2 13364 13365 5809
1 2 3697 16463 15190
1 2 16463 1872 13364
1 2 15190 13364 3803
1 2 16463 13364 15190
1 2 690 5834 5780
1 2 5834 2208 8620
1 2 5780 8620 1091
1 2 5834 8620 5780
1 2 2208 12930 8618
1 2 12930 691 16313
1 2 8618 16313 3697
1 2 12930 16313 8618
1 2 1091 8619 10561
1 2 8619 3697 15189
1 2 10561 15189 692
1 2 8619 15189 10561
1 2 2208 8618 8620
1 2 8618 3697 8619
1 2 8620 8619 1091
1 2 8618 8619 8620
1 2 9 15977 12771
1 2 15977 3222 7888
1 2 12771 7888 1090
1 2 15977 7888 12771
1 2 3222 15821 7886
1 2 15821 1046 10723
1 2 7886 10723 2881
1 2 15821 10723 7886
1 2 1090 7887 5779
1 2 7887 2881 14427
1 2 5779 14427 690
1 2 7887 14427 5779
1 2 3222 7886 7888
1 2 7886 2881 7887
1 2 7888 7887 1090
1 2 7886 7887 7888
1 2 1046 15847 10722
1 2 15847 3800 15560
1 2 10722 15560 2879
1 2 15847 15560 10722
1 2 3800 12532 12534
1 2 12532 10 12533
1 2 12534 12533 3801
1 2 12532 12533 12534
1 2 2879 15559 16069
1 2 15559 3801 16402
1 2 16069 16402 551
1 2 15559 16402 16069
1 2 3800 12534 15560
1 2 12534 3801 15559
1 2 15560 15559 2879
1 2 12534 15559 15560
1 2 690 5904 5832
1 2 5904 2880 5905
1 2 5832 5905 2206
1 2 5904 5905 5832
1 2 2880 15952 15680
1 2 15952 551 15953
1 2 15680 15953 3198
1 2 15952 15953 15680
1 2 2206 15681 14020
1 2 15681 3198 12161
1 2 14020 12161 26
1 2 15681 12161 14020
1 2 2880 15680 5905
1 2 15680 3198 15681
1 2 5905 15681 2206
1 2 15680 15681 5905
1 2 1046 10722 10723
1 2 10722 2879 9078
1 2 10723 9078 2881
1 2 10722 9078 10723
1 2 2879 16069 9076
1 2 16069 551 15952
1 2 9076 15952 2880
1 2 16069 15952 9076
1 2 2881 9077 14427
1 2 9077 2880 5904
1 2 14427 5904 690
1 2 9077 5904 14427
1 2 2879 9076 9078
1 2 9076 2880 9077
1 2 9078 9077 2881
1 2 9076 9077 9078
1 2 10 11525 12533
1 2 11525 2333 13319
1 2 12533 13319 3801
1 2 11525 13319 12533
1 2 2333 9322 13317
1 2 9322 549 4360
1 2 13317 4360 2974
1 2 9322 4360 13317
1 2 3801 13318 16402
1 2 13318 2974 12265
1 2 16402 12265 551
1 2 13318 12265 16402
1 2 2333 13317 13319
1 2 13317 2974 13318
1 2 13319 13318 3801
1 2 13317 13318 13319
1 2 549 15780 4358
1 2 15780 2625 16335
1 2 4358 16335 2627
1 2 15780 16335 4358
1 2 2625 8373 16287
1 2 8373 27 11360
1 2 16287 11360 2626
1 2 8373 11360 16287
1 2 2627 14574 6422
1 2 14574 2626 14575
1 2 6422 14575 550
1 2 14574 14575 6422
1 2 2625 16287 16335
1 2 16287 2626 14574
1 2 16335 14574 2627
1 2 16287 14574 16335
1 2 551 12264 15953
1 2 12264 2973 9887
1 2 15953 9887 3198
1 2 12264 9887 15953
1 2 2973 6423 9885
1 2 6423 550 8926
1 2 9885 8926 2152
1 2 6423 8926 9885
1 2 3198 9886 12161
1 2 9886 2152 12160
1 2 12161 12160 26
1 2 9886 12160 12161
1 2 2973 9885 9887
1 2 9885 2152 9886
1 2 9887 9886 3198
1 2 9885 9886 9887
1 2 549 4358 4360
1 2 4358 2627 4359
1 2 4360 4359 2974
1 2 4358 4359 4360
1 2 2627 6422 6424
1 2 6422 550 6423
1 2 6424 6423 2973
1 2 6422 6423 6424
1 2 2974 12263 12265
1 2 12263 2973 12264
1 2 12265 12264 551
1 2 12263 12264 12265
1 2 2627 6424 4359
1 2 6424 2973 12263
1 2 4359 12263 2974
1 2 6424 12263 4359
1 2 10 11523 11525
1 2 11523 2332 11524
1 2 11525 11524 2333
1 2 11523 11524 11525
1 2 2332 11440 11442
1 2 11440 1028 11441
1 2 11442 11441 2267
1 2 11440 11441 11442
1 2 2333 9321 9322
1 2 9321 2267 6824
1 2 9322 6824 549
1 2 9321 6824 9322
1 2 2332 11442 11524
1 2 11442 2267 9321
1 2 11524 9321 2333
1 2 11442 9321 11524
1 2 1028 8313 8315
1 2 8313 2580 8314
1 2 8315 8314 2265
1 2 8313 8314 8315
1 2 2580 14286 11552
1 2 14286 11 14287
1 2 11552 14287 2581
1 2 14286 14287 11552
1 2 2265 4887 4889
1 2 4887 2581 4888
1 2 4889 4888 656
1 2 4887 4888 4889
1 2 2580 11552 8314
1 2 11552 2581 4887
1 2 8314 4887 2265
1 2 11552 4887 8314
1 2 549 6823 15780
1 2 6823 2266 12926
1 2 15780 12926 2625
1 2 6823 12926 15780
1 2 2266 7750 12925
1 2 7750 656 13275
1 2 12925 13275 2669
1 2 7750 13275 12925
1 2 2625 8371 8373
1 2 8371 2669 8372
1 2 8373 8372 27
1 2 8371 8372 8373
1 2 2266 12925 12926
1 2 12925 2669 8371
1 2 12926 8371 2625
1 2 12925 8371 12926
1 2 1028 8315 11441
1 2 8315 2265 16492
1 2 11441 16492 2267
1 2 8315 16492 11441
1 2 2265 4889 7751
1 2 4889 656 7750
1 2 7751 7750 2266
1 2 4889 7750 7751
1 2 2267 6822 6824
1 2 6822 2266 6823
1 2 6824 6823 549
1 2 6822 6823 6824
1 2 2265 7751 16492
1 2 7751 2266 6822
1 2 16492 6822 2267
1 2 7751 6822 16492
1 2 11 12275 14287
1 2 12275 1517 9966
1 2 14287 9966 2581
1 2 12275 9966 14287
1 2 1517 11085 9965
1 2 11085 654 11086
1 2 9965 11086 1291
1 2 11085 11086 9965
1 2 2581 4893 4888
1 2 4893 1291 4894
1 2 4888 4894 656
1 2 4893 4894 4888
1 2 1517 9965 9966
1 2 9965 1291 4893
1 2 9966 4893 2581
1 2 9965 4893 9966
1 2 654 15684 16483
1 2 15684 1700 5283
1 2 16483 5283 1289
1 2 15684 5283 16483
1 2 1700 14123 5281
1 2 14123 28 13206
1 2 5281 13206 2587
1 2 14123 13206 5281
1 2 1289 5282 9105
1 2 5282 2587 5422
1 2 9105 5422 655
1 2 5282 5422 9105
1 2 1700 5281 5283
1 2 5281 2587 5282
1 2 5283 5282 1289
1 2 5281 5282 5283
1 2 656 14779 13275
1 2 14779 1290 7165
1 2 13275 7165 2669
1 2 14779 7165 13275
1 2 1290 11885 7163
1 2 11885 655 6683
1 2 7163 6683 2668
1 2 11885 6683 7163
1 2 2669 7164 8372
1 2 7164 2668 8581
1 2 8372 8581 27
1 2 7164 8581 8372
1 2 1290 7163 7165
1 2 7163 2668 7164
1 2 7165 7164 2669
1 2 7163 7164 7165
1 2 654 16483 11086
1 2 16483 1289 5992
1 2 11086 5992 1291
1 2 16483 5992 11086
1 2 1289 9105 5990
1 2 9105 655 11885
1 2 5990 11885 1290
1 2 9105 11885 5990
1 2 1291 5991 4894
1 2 5991 1290 14779
1 2 4894 14779 656
1 2 5991 14779 4894
1 2 1289 5990 5992
1 2 5990 1290 5991
1 2 5992 5991 1291
1 2 5990 5991 5992
1 2 11 12274 12275
1 2 12274 1515 9008
1 2 12275 9008 1517
1 2 12274 9008 12275
1 2 1515 16615 9006
1 2 16615 925 15572
1 2 9006 15572 1516
1 2 16615 15572 9006
1 2 1517 9007 11085
1 2 9007 1516 12417
1 2 11085 12417 654
1 2 9007 12417 11085
1 2 1515 9006 9008
1 2 9006 1516 9007
1 2 9008 9007 1517
1 2 9006 9007 9008
1 2 925 16563 15571
1 2 16563 3719 14509
1 2 15571 14509 3182
1 2 16563 14509 15571
1 2 3719 16625 14507
1 2 16625 12 16626
1 2 14507 16626 1741
1 2 16625 16626 14507
1 2 3182 14508 14699
1 2 14508 1741 13081
1 2 14699 13081 926
1 2 14508 13081 14699
1 2 3719 14507 14509
1 2 14507 1741 14508
1 2 14509 14508 3182
1 2 14507 14508 14509
1 2 654 15683 15684
1 2 15683 1698 10635
1 2 15684 10635 1700
1 2 15683 10635 15684
1 2 1698 15955 10633
1 2 15955 926 14634
1 2 10633 14634 1699
1 2 15955 14634 10633
1 2 1700 10634 14123
1 2 10634 1699 14874
1 2 14123 14874 28
1 2 10634 14874 14123
1 2 1698 10633 10635
1 2 10633 1699 10634
1 2 10635 10634 1700
1 2 10633 10634 10635
1 2 925 15571 15572
1 2 15571 3182 4243
1 2 15572 4243 1516
1 2 15571 4243 15572
1 2 3182 14699 4241
1 2 14699 926 15955
1 2 4241 15955 1698
1 2 14699 15955 4241
1 2 1516 4242 12417
1 2 4242 1698 15683
1 2 12417 15683 654
1 2 4242 15683 12417
1 2 3182 4241 4243
1 2 4241 1698 4242
1 2 4243 4242 1516
1 2 4241 4242 4243
1 2 12 14552 16626
1 2 14552 1739 15608
1 2 16626 15608 1741
1 2 14552 15608 16626
1 2 1739 7640 7642
1 2 7640 527 7641
1 2 7642 7641 1740
1 2 7640 7641 7642
1 2 1741 13080 13081
1 2 13080 1740 12859
1 2 13081 12859 926
1 2 13080 12859 13081
1 2 1739 7642 15608
1 2 7642 1740 13080
1 2 15608 13080 1741
1 2 7642 13080 15608
1 2 527 6552 6554
1 2 6552 4011 6553
1 2 6554 6553 3894
1 2 6552 6553 6554
1 2 4011 7762 7494
1 2 7762 29 13237
1 2 7494 13237 3809
1 2 7762 13237 7494
1 2 3894 6396 4232
1 2 6396 3809 6397
1 2 4232 6397 305
1 2 6396 6397 4232
1 2 4011 7494 6553
1 2 7494 3809 6396
1 2 6553 6396 3894
1 2 7494 6396 6553
1 2 926 12858 14634
1 2 12858 3164 10652
1 2 14634 10652 1699
1 2 12858 10652 14634
1 2 3164 4233 10650
1 2 4233 305 14190
1 2 10650 14190 3165
1 2 4233 14190 10650
1 2 1699 10651 14874
1 2 10651 3165 6102
1 2 14874 6102 28
1 2 10651 6102 14874
1 2 3164 10650 10652
1 2 10650 3165 10651
1 2 10652 10651 1699
1 2 10650 10651 10652
1 2 527 6554 7641
1 2 6554 3894 11609
1 2 7641 11609 1740
1 2 6554 11609 7641
1 2 3894 4232 4234
1 2 4232 305 4233
1 2 4234 4233 3164
1 2 4232 4233 4234
1 2 1740 11608 12859
1 2 11608 3164 12858
1 2 12859 12858 926
1 2 11608 12858 12859
1 2 3894 4234 11609
1 2 4234 3164 11608
1 2 11609 11608 1740
1 2 4234 11608 11609
1 2 12 14551 14552
1 2 14551 4209 12228
1 2 14552 12228 1739
1 2 14551 12228 14552
1 2 4209 9615 9616
1 2 9615 525 8219
1 2 9616 8219 4164
1 2 9615 8219 9616
1 2 1739 8805 7640
1 2 8805 4164 6561
1 2 7640 6561 527
1 2 8805 6561 7640
1 2 4209 9616 12228
1 2 9616 4164 8805
1 2 12228 8805 1739
1 2 9616 8805 12228
1 2 525 11984 8218
1 2 11984 4183 11985
1 2 8218 11985 4163
1 2 11984 11985 8218
1 2 4183 13088 13090
1 2 13088 13 13089
1 2 13090 13089 4184
1 2 13088 13089 13090
1 2 4163 13232 14489
1 2 13232 4184 8439
1 2 14489 8439 526
1 2 13232 8439 14489
1 2 4183 13090 11985
1 2 13090 4184 13232
1 2 11985 13232 4163
1 2 13090 13232 11985
1 2 527 6560 6552
1 2 6560 4010 11951
1 2 6552 11951 4011
1 2 6560 11951 6552
1 2 4010 13967 13968
1 2 13967 526 11906
1 2 13968 11906 3568
1 2 13967 11906 13968
1 2 4011 7761 7762
1 2 7761 3568 4431
1 2 7762 4431 29
1 2 7761 4431 7762
1 2 4010 13968 11951
1 2 13968 3568 7761
1 2 11951 7761 4011
1 2 13968 7761 11951
1 2 525 8218 8219
1 2 8218 4163 5304
1 2 8219 5304 4164
1 2 8218 5304 8219
1 2 4163 14489 5302
1 2 14489 526 13967
1 2 5302 13967 4010
1 2 14489 13967 5302
1 2 4164 5303 6561
1 2 5303 4010 6560
1 2 6561 6560 527
1 2 5303 6560 6561
1 2 4163 5302 5304
1 2 5302 4010 5303
1 2 5304 5303 4164
1 2 5302 5303 5304
1 2 13 11926 13089
1 2 11926 1454 14908
1 2 13089 14908 4184
1 2 11926 14908 13089
1 2 1454 8673 14185
1 2 8673 1034 4270
1 2 14185 4270 3356
1 2 8673 4270 14185
1 2 4184 8437 8439
1 2 8437 3356 8438
1 2 8439 8438 526
1 2 8437 8438 8439
1 2 1454 14185 14908
1 2 14185 3356 8437
1 2 14908 8437 4184
1 2 14185 8437 14908
1 2 1034 14886 4268
1 2 14886 3844 13342
1 2 4268 13342 3354
1 2 14886 13342 4268
1 2 3844 4715 4717
1 2 4715 30 4716
1 2 4717 4716 3666
1 2 4715 4716 4717
1 2 3354 13341 11775
1 2 13341 3666 7879
1 2 11775 7879 791
1 2 13341 7879 11775
1 2 3844 4717 13342
1 2 4717 3666 13341
1 2 13342 13341 3354
1 2 4717 13341 13342
1 2 526 11904 11906
1 2 11904 3355 11905
1 2 11906 11905 3568
1 2 11904 11905 11906
1 2 3355 11776 14290
1 2 11776 791 13622
1 2 14290 13622 3005
1 2 11776 13622 14290
1 2 3568 4429 4431
1 2 4429 3005 4430
1 2 4431 4430 29
1 2 4429 4430 4431
1 2 3355 14290 11905
1 2 14290 3005 4429
1 2 11905 4429 3568
1 2 14290 4429 11905
1 2 1034 4268 4270
1 2 4268 3354 4269
1 2 4270 4269 3356
1 2 4268 4269 4270
1 2 3354 11775 11777
1 2 11775 791 11776
1 2 11777 11776 3355
1 2 11775 11776 11777
1 2 3356 14964 8438
1 2 14964 3355 11904
1 2 8438 11904 526
1 2 14964 11904 8438
1 2 3354 11777 4269
1 2 11777 3355 14964
1 2 4269 14964 3356
1 2 11777 14964 4269
1 2 13 11925 11926
1 2 11925 1452 7907
1 2 11926 7907 1454
1 2 11925 7907 11926
1 2 1452 11022 7905
1 2 11022 1086 11023
1 2 7905 11023 1453
1 2 11022 11023 7905
1 2 1454 7906 8673
1 2 7906 1453 6115
1 2 8673 6115 1034
1 2 7906 6115 8673
1 2 1452 7905 7907
1 2 7905 1453 7906
1 2 7907 7906 1454
1 2 7905 7906 7907
1 2 1086 16016 16017
1 2 16016 3065 8346
1 2 16017 8346 3066
1 2 16016 8346 16017
1 2 3065 10716 8344
1 2 10716 14 7431
1 2 8344 7431 2845
1 2 10716 7431 8344
1 2 3066 8345 8407
1 2 8345 2845 11572
1 2 8407 11572 987
1 2 8345 11572 8407
1 2 3065 8344 8346
1 2 8344 2845 8345
1 2 8346 8345 3066
1 2 8344 8345 8346
1 2 1034 6114 14886
1 2 6114 3842 16209
1 2 14886 16209 3844
1 2 6114 16209 14886
1 2 3842 8408 15616
1 2 8408 987 6590
1 2 15616 6590 3843
1 2 8408 6590 15616
1 2 3844 16208 4715
1 2 16208 3843 6843
1 2 4715 6843 30
1 2 16208 6843 4715
1 2 3842 15616 16209
1 2 15616 3843 16208
1 2 16209 16208 3844
1 2 15616 16208 16209
1 2 1086 16017 11023
1 2 16017 3066 14324
1 2 11023 14324 1453
1 2 16017 14324 11023
1 2 3066 8407 8409
1 2 8407 987 8408
1 2 8409 8408 3842
1 2 8407 8408 8409
1 2 1453 6113 6115
1 2 6113 3842 6114
1 2 6115 6114 1034
1 2 6113 6114 6115
1 2 3066 8409 14324
1 2 8409 3842 6113
1 2 14324 6113 1453
1 2 8409 6113 14324
1 2 14 5135 7431
1 2 5135 2843 7430
1 2 7431 7430 2845
1 2 5135 7430 7431
1 2 2843 4328 4330
1 2 4328 873 4329
1 2 4330 4329 2844
1 2 4328 4329 4330
1 2 2845 10632 11572
1 2 10632 2844 11019
1 2 11572 11019 987
1 2 10632 11019 11572
1 2 2843 4330 7430
1 2 4330 2844 10632
1 2 7430 10632 2845
1 2 4330 10632 7430
1 2 873 16488 14030
1 2 16488 1648 13295
1 2 14030 13295 4078
1 2 16488 13295 14030
1 2 1648 8640 13293
1 2 8640 31 4751
1 2 13293 4751 4188
1 2 8640 4751 13293
1 2 4078 13294 4727
1 2 13294 4188 15288
1 2 4727 15288 986
1 2 13294 15288 4727
1 2 1648 13293 13295
1 2 13293 4188 13294
1 2 13295 13294 4078
1 2 13293 13294 13295
1 2 987 6588 6590
1 2 6588 4079 6589
1 2 6590 6589 3843
1 2 6588 6589 6590
1 2 4079 4728 7506
1 2 4728 986 5982
1 2 7506 5982 1209
1 2 4728 5982 7506
1 2 3843 6841 6843
1 2 6841 1209 6842
1 2 6843 6842 30
1 2 6841 6842 6843
1 2 4079 7506 6589
1 2 7506 1209 6841
1 2 6589 6841 3843
1 2 7506 6841 6589
1 2 873 14030 4329
1 2 14030 4078 14031
1 2 4329 14031 2844
1 2 14030 14031 4329
1 2 4078 4727 4729
1 2 4727 986 4728
1 2 4729 4728 4079
1 2 4727 4728 4729
1 2 2844 11018 11019
1 2 11018 4079 6588
1 2 11019 6588 987
1 2 11018 6588 11019
1 2 4078 4729 14031
1 2 4729 4079 11018
1 2 14031 11018 2844
1 2 4729 11018 14031
1 2 14 5133 5135
1 2 5133 2850 5134
1 2 5135 5134 2843
1 2 5133 5134 5135
1 2 2850 16605 14437
1 2 16605 872 13346
1 2 14437 13346 2851
1 2 16605 13346 14437
1 2 2843 12410 4328
1 2 12410 2851 12411
1 2 4328 12411 873
1 2 12410 12411 4328
1 2 2850 14437 5134
1 2 14437 2851 12410
1 2 5134 12410 2843
1 2 14437 12410 5134
1 2 872 4601 4603
1 2 4601 4144 4602
1 2 4603 4602 3480
1 2 4601 4602 4603
1 2 4144 7346 7347
1 2 7346 15 6253
1 2 7347 6253 3537
1 2 7346 6253 7347
1 2 3480 10300 10302
1 2 10300 3537 10301
1 2 10302 10301 629
1 2 10300 10301 10302
1 2 4144 7347 4602
1 2 7347 3537 10300
1 2 4602 10300 3480
1 2 7347 10300 4602
1 2 873 13858 16488
1 2 13858 1646 13557
1 2 16488 13557 1648
1 2 13858 13557 16488
1 2 1646 11180 13556
1 2 11180 629 14305
1 2 13556 14305 1647
1 2 11180 14305 13556
1 2 1648 8638 8640
1 2 8638 1647 8639
1 2 8640 8639 31
1 2 8638 8639 8640
1 2 1646 13556 13557
1 2 13556 1647 8638
1 2 13557 8638 1648
1 2 13556 8638 13557
1 2 872 4603 13346
1 2 4603 3480 4333
1 2 13346 4333 2851
1 2 4603 4333 13346
1 2 3480 10302 4331
1 2 10302 629 11180
1 2 4331 11180 1646
1 2 10302 11180 4331
1 2 2851 4332 12411
1 2 4332 1646 13858
1 2 12411 13858 873
1 2 4332 13858 12411
1 2 3480 4331 4333
1 2 4331 1646 4332
1 2 4333 4332 2851
1 2 4331 4332 4333
1 2 15 6251 6253
1 2 6251 3475 6252
1 2 6253 6252 3537
1 2 6251 6252 6253
1 2 3475 9329 13363
1 2 9329 628 13550
1 2 13363 13550 2633
1 2 9329 13550 13363
1 2 3537 12841 10301
1 2 12841 2633 12842
1 2 10301 12842 629
1 2 12841 12842 10301
1 2 3475 13363 6252
1 2 13363 2633 12841
1 2 6252 12841 3537
1 2 13363 12841 6252
1 2 628 7993 16211
1 2 7993 1394 9876
1 2 16211 9876 1396
1 2 7993 9876 16211
1 2 1394 10714 9874
1 2 10714 32 15565
1 2 9874 15565 1395
1 2 10714 15565 9874
1 2 1396 9875 5868
1 2 9875 1395 14497
1 2 5868 14497 372
1 2 9875 14497 5868
1 2 1394 9874 9876
1 2 9874 1395 9875
1 2 9876 9875 1396
1 2 9874 9875 9876
1 2 629 12927 14305
1 2 12927 2632 12144
1 2 14305 12144 1647
1 2 12927 12144 14305
1 2 2632 5869 12142
1 2 5869 372 13121
1 2 12142 13121 3520
1 2 5869 13121 12142
1 2 1647 12143 8639
1 2 12143 3520 12361
1 2 8639 12361 31
1 2 12143 12361 8639
1 2 2632 12142 12144
1 2 12142 3520 12143
1 2 12144 12143 1647
1 2 12142 12143 12144
1 2 628 16211 13550
1 2 16211 1396 7524
1 2 13550 7524 2633
1 2 16211 7524 13550
1 2 1396 5868 5870
1 2 5868 372 5869
1 2 5870 5869 2632
1 2 5868 5869 5870
1 2 2633 7523 12842
1 2 7523 2632 12927
1 2 12842 12927 629
1 2 7523 12927 12842
1 2 1396 5870 7524
1 2 5870 2632 7523
1 2 7524 7523 2633
1 2 5870 7523 7524
1 2 15 13027 6251
1 2 13027 3474 10308
1 2 6251 10308 3475
1 2 13027 10308 6251
1 2 3474 5753 5755
1 2 5753 715 5754
1 2 5755 5754 1190
1 2 5753 5754 5755
1 2 3475 9327 9329
1 2 9327 1190 9328
1 2 9329 9328 628
1 2 9327 9328 9329
1 2 3474 5755 10308
1 2 5755 1190 9327
1 2 10308 9327 3475
1 2 5755 9327 10308
1 2 715 14834 14836
1 2 14834 2846 14835
1 2 14836 14835 1188
1 2 14834 14835 14836
1 2 2846 16525 15229
1 2 16525 16 12270
1 2 15229 12270 2847
1 2 16525 12270 15229
1 2 1188 6163 6165
1 2 6163 2847 6164
1 2 6165 6164 304
1 2 6163 6164 6165
1 2 2846 15229 14835
1 2 15229 2847 6163
1 2 14835 6163 1188
1 2 15229 6163 14835
1 2 628 7991 7993
1 2 7991 1189 7992
1 2 7993 7992 1394
1 2 7991 7992 7993
1 2 1189 6907 8096
1 2 6907 304 8095
1 2 8096 8095 1834
1 2 6907 8095 8096
1 2 1394 10713 10714
1 2 10713 1834 7293
1 2 10714 7293 32
1 2 10713 7293 10714
1 2 1189 8096 7992
1 2 8096 1834 10713
1 2 7992 10713 1394
1 2 8096 10713 7992
1 2 715 14836 5754
1 2 14836 1188 12684
1 2 5754 12684 1190
1 2 14836 12684 5754
1 2 1188 6165 6908
1 2 6165 304 6907
1 2 6908 6907 1189
1 2 6165 6907 6908
1 2 1190 12683 9328
1 2 12683 1189 7991
1 2 9328 7991 628
1 2 12683 7991 9328
1 2 1188 6908 12684
1 2 6908 1189 12683
1 2 12684 12683 1190
1 2 6908 12683 12684
1 2 16 12269 12270
1 2 12269 2472 9366
1 2 12270 9366 2847
1 2 12269 9366 12270
1 2 2472 11404 9364
1 2 11404 302 11405
1 2 9364 11405 1268
1 2 11404 11405 9364
1 2 2847 9365 6164
1 2 9365 1268 10643
1 2 6164 10643 304
1 2 9365 10643 6164
1 2 2472 9364 9366
1 2 9364 1268 9365
1 2 9366 9365 2847
1 2 9364 9365 9366
1 2 302 4426 4428
1 2 4426 3771 4427
1 2 4428 4427 1266
1 2 4426 4427 4428
1 2 3771 14054 5867
1 2 14054 33 10649
1 2 5867 10649 3845
1 2 14054 10649 5867
1 2 1266 4622 4624
1 2 4622 3845 4623
1 2 4624 4623 303
1 2 4622 4623 4624
1 2 3771 5867 4427
1 2 5867 3845 4622
1 2 4427 4622 1266
1 2 5867 4622 4427
1 2 304 10642 8095
1 2 10642 1267 14567
1 2 8095 14567 1834
1 2 10642 14567 8095
1 2 1267 9380 16428
1 2 9380 303 15630
1 2 16428 15630 1833
1 2 9380 15630 16428
1 2 1834 7292 7293
1 2 7292 1833 5673
1 2 7293 5673 32
1 2 7292 5673 7293
1 2 1267 16428 14567
1 2 16428 1833 7292
1 2 14567 7292 1834
1 2 16428 7292 14567
1 2 302 4428 11405
1 2 4428 1266 14865
1 2 11405 14865 1268
1 2 4428 14865 11405
1 2 1266 4624 9381
1 2 4624 303 9380
1 2 9381 9380 1267
1 2 4624 9380 9381
1 2 1268 10641 10643
1 2 10641 1267 10642
1 2 10643 10642 304
1 2 10641 10642 10643
1 2 1266 9381 14865
1 2 9381 1267 10641
1 2 14865 10641 1268
1 2 9381 10641 14865
1 2 16 14313 12269
1 2 14313 2471 14314
1 2 12269 14314 2472
1 2 14313 14314 12269
1 2 2471 16493 14374
1 2 16493 520 16494
1 2 14374 16494 1840
1 2 16493 16494 14374
1 2 2472 13602 11404
1 2 13602 1840 13603
1 2 11404 13603 302
1 2 13602 13603 11404
1 2 2471 14374 14314
1 2 14374 1840 13602
1 2 14314 13602 2472
1 2 14374 13602 14314
1 2 520 16585 16520
1 2 16585 4223 4533
1 2 16520 4533 1838
1 2 16585 4533 16520
1 2 4223 10933 4531
1 2 10933 17 10934
1 2 4531 10934 3914
1 2 10933 10934 4531
1 2 1838 4532 8167
1 2 4532 3914 12054
1 2 8167 12054 521
1 2 4532 12054 8167
1 2 4223 4531 4533
1 2 4531 3914 4532
1 2 4533 4532 1838
1 2 4531 4532 4533
1 2 302 5441 4426
1 2 5441 1839 5442
1 2 4426 5442 3771
1 2 5441 5442 4426
1 2 1839 8148 8150
1 2 8148 521 8149
1 2 8150 8149 1229
1 2 8148 8149 8150
1 2 3771 14052 14054
1 2 14052 1229 14053
1 2 14054 14053 33
1 2 14052 14053 14054
1 2 1839 8150 5442
1 2 8150 1229 14052
1 2 5442 14052 3771
1 2 8150 14052 5442
1 2 520 16520 16494
1 2 16520 1838 14939
1 2 16494 14939 1840
1 2 16520 14939 16494
1 2 1838 8167 8168
1 2 8167 521 8148
1 2 8168 8148 1839
1 2 8167 8148 8168
1 2 1840 14183 13603
1 2 14183 1839 5441
1 2 13603 5441 302
1 2 14183 5441 13603
1 2 1838 8168 14939
1 2 8168 1839 14183
1 2 14939 14183 1840
1 2 8168 14183 14939
1 2 17 16469 10934
1 2 16469 3913 15305
1 2 10934 15305 3914
1 2 16469 15305 10934
1 2 3913 15355 15304
1 2 15355 954 15356
1 2 15304 15356 3377
1 2 15355 15356 15304
1 2 3914 14570 12054
1 2 14570 3377 5236
1 2 12054 5236 521
1 2 14570 5236 12054
1 2 3913 15304 15305
1 2 15304 3377 14570
1 2 15305 14570 3914
1 2 15304 14570 15305
1 2 954 15960 15961
1 2 15960 3692 12366
1 2 15961 12366 3376
1 2 15960 12366 15961
1 2 3692 16602 12365
1 2 16602 34 15271
1 2 12365 15271 2874
1 2 16602 15271 12365
1 2 3376 8833 8835
1 2 8833 2874 8834
1 2 8835 8834 955
1 2 8833 8834 8835
1 2 3692 12365 12366
1 2 12365 2874 8833
1 2 12366 8833 3376
1 2 12365 8833 12366
1 2 521 5235 8149
1 2 5235 1227 9112
1 2 8149 9112 1229
1 2 5235 9112 8149
1 2 1227 5293 5295
1 2 5293 955 5294
1 2 5295 5294 1228
1 2 5293 5294 5295
1 2 1229 9111 14053
1 2 9111 1228 7824
1 2 14053 7824 33
1 2 9111 7824 14053
1 2 1227 5295 9112
1 2 5295 1228 9111
1 2 9112 9111 1229
1 2 5295 9111 9112
1 2 954 15961 15356
1 2 15961 3376 9423
1 2 15356 9423 3377
1 2 15961 9423 15356
1 2 3376 8835 9422
1 2 8835 955 5293
1 2 9422 5293 1227
1 2 8835 5293 9422
1 2 3377 5234 5236
1 2 5234 1227 5235
1 2 5236 5235 521
1 2 5234 5235 5236
1 2 3376 9422 9423
1 2 9422 1227 5234
1 2 9423 5234 3377
1 2 9422 5234 9423
1 2 18 6881 9853
1 2 6881 1203 9852
1 2 9853 9852 1205
1 2 6881 9852 9853
1 2 1203 14604 14605
1 2 14604 555 4443
1 2 14605 4443 1204
1 2 14604 4443 14605
1 2 1205 9685 9687
1 2 9685 1204 9686
1 2 9687 9686 649
1 2 9685 9686 9687
1 2 1203 14605 9852
1 2 14605 1204 9685
1 2 9852 9685 1205
1 2 14605 9685 9852
1 2 555 6234 4441
1 2 6234 2894 12632
1 2 4441 12632 2895
1 2 6234 12632 4441
1 2 2894 15078 15791
1 2 15078 19 15790
1 2 15791 15790 1912
1 2 15078 15790 15791
1 2 2895 15820 16094
1 2 15820 1912 16093
1 2 16094 16093 648
1 2 15820 16093 16094
1 2 2894 15791 12632
1 2 15791 1912 15820
1 2 12632 15820 2895
1 2 15791 15820 12632
1 2 649 10382 10383
1 2 10382 4138 5365
1 2 10383 5365 4215
1 2 10382 5365 10383
1 2 4138 16188 5363
1 2 16188 648 16189
1 2 5363 16189 3825
1 2 16188 16189 5363
1 2 4215 5364 15249
1 2 5364 3825 15248
1 2 15249 15248 35
1 2 5364 15248 15249
1 2 4138 5363 5365
1 2 5363 3825 5364
1 2 5365 5364 4215
1 2 5363 5364 5365
1 2 555 4441 4443
1 2 4441 2895 4442
1 2 4443 4442 1204
1 2 4441 4442 4443
1 2 2895 16094 14988
1 2 16094 648 16188
1 2 14988 16188 4138
1 2 16094 16188 14988
1 2 1204 12636 9686
1 2 12636 4138 10382
1 2 9686 10382 649
1 2 12636 10382 9686
1 2 2895 14988 4442
1 2 14988 4138 12636
1 2 4442 12636 1204
1 2 14988 12636 4442
1 2 19 9861 15790
1 2 9861 1910 14485
1 2 15790 14485 1912
1 2 9861 14485 15790
1 2 1910 16049 14483
1 2 16049 811 12831
1 2 14483 12831 1911
1 2 16049 12831 14483
1 2 1912 14484 16093
1 2 14484 1911 15976
1 2 16093 15976 648
1 2 14484 15976 16093
1 2 1910 14483 14485
1 2 14483 1911 14484
1 2 14485 14484 1912
1 2 14483 14484 14485
1 2 811 6695 6697
1 2 6695 1167 6696
1 2 6697 6696 1169
1 2 6695 6696 6697
1 2 1167 15941 16539
1 2 15941 36 15754
1 2 16539 15754 1168
1 2 15941 15754 16539
1 2 1169 14149 12814
1 2 14149 1168 14150
1 2 12814 14150 812
1 2 14149 14150 12814
1 2 1167 16539 6696
1 2 16539 1168 14149
1 2 6696 14149 1169
1 2 16539 14149 6696
1 2 648 15975 16189
1 2 15975 3277 14610
1 2 16189 14610 3825
1 2 15975 14610 16189
1 2 3277 12815 14608
1 2 12815 812 15872
1 2 14608 15872 3748
1 2 12815 15872 14608
1 2 3825 14609 15248
1 2 14609 3748 12566
1 2 15248 12566 35
1 2 14609 12566 15248
1 2 3277 14608 14610
1 2 14608 3748 14609
1 2 14610 14609 3825
1 2 14608 14609 14610
1 2 811 6697 12831
1 2 6697 1169 12830
1 2 12831 12830 1911
1 2 6697 12830 12831
1 2 1169 12814 12816
1 2 12814 812 12815
1 2 12816 12815 3277
1 2 12814 12815 12816
1 2 1911 15445 15976
1 2 15445 3277 15975
1 2 15976 15975 648
1 2 15445 15975 15976
1 2 1169 12816 12830
1 2 12816 3277 15445
1 2 12830 15445 1911
1 2 12816 15445 12830
1 2 19 9859 9861
1 2 9859 3008 9860
1 2 9861 9860 1910
1 2 9859 9860 9861
1 2 3008 8143 8145
1 2 8143 626 8144
1 2 8145 8144 3819
1 2 8143 8144 8145
1 2 1910 16048 16049
1 2 16048 3819 13483
1 2 16049 13483 811
1 2 16048 13483 16049
1 2 3008 8145 9860
1 2 8145 3819 16048
1 2 9860 16048 1910
1 2 8145 16048 9860
1 2 626 13703 12497
1 2 13703 3176 7073
1 2 12497 7073 3177
1 2 13703 7073 12497
1 2 3176 15887 7071
1 2 15887 20 9896
1 2 7071 9896 2542
1 2 15887 9896 7071
1 2 3177 7072 6827
1 2 7072 2542 7418
1 2 6827 7418 609
1 2 7072 7418 6827
1 2 3176 7071 7073
1 2 7071 2542 7072
1 2 7073 7072 3177
1 2 7071 7072 7073
1 2 811 13482 6695
1 2 13482 3526 13909
1 2 6695 13909 1167
1 2 13482 13909 6695
1 2 3526 6828 12129
1 2 6828 609 12128
1 2 12129 12128 1101
1 2 6828 12128 12129
1 2 1167 15940 15941
1 2 15940 1101 7619
1 2 15941 7619 36
1 2 15940 7619 15941
1 2 3526 12129 13909
1 2 12129 1101 15940
1 2 13909 15940 1167
1 2 12129 15940 13909
1 2 626 12497 8144
1 2 12497 3177 12498
1 2 8144 12498 3819
1 2 12497 12498 8144
1 2 3177 6827 6829
1 2 6827 609 6828
1 2 6829 6828 3526
1 2 6827 6828 6829
1 2 3819 13481 13483
1 2 13481 3526 13482
1 2 13483 13482 811
1 2 13481 13482 13483
1 2 3177 6829 12498
1 2 6829 3526 13481
1 2 12498 13481 3819
1 2 6829 13481 12498
1 2 20 9894 9896
1 2 9894 2540 9895
1 2 9896 9895 2542
1 2 9894 9895 9896
1 2 2540 15904 15905
1 2 15904 473 6614
1 2 15905 6614 2541
1 2 15904 6614 15905
1 2 2542 15967 7418
1 2 15967 2541 6389
1 2 7418 6389 609
1 2 15967 6389 7418
1 2 2540 15905 9895
1 2 15905 2541 15967
1 2 9895 15967 2542
1 2 15905 15967 9895
1 2 473 6353 6355
1 2 6353 4083 6354
1 2 6355 6354 3569
1 2 6353 6354 6355
1 2 4083 8793 14203
1 2 8793 37 14202
1 2 14203 14202 1260
1 2 8793 14202 14203
1 2 3569 4648 4650
1 2 4648 1260 4649
1 2 4650 4649 608
1 2 4648 4649 4650
1 2 4083 14203 6354
1 2 14203 1260 4648
1 2 6354 4648 3569
1 2 14203 4648 6354
1 2 609 6388 12128
1 2 6388 1099 15842
1 2 12128 15842 1101
1 2 6388 15842 12128
1 2 1099 10564 10566
1 2 10564 608 10565
1 2 10566 10565 1100
1 2 10564 10565 10566
1 2 1101 7617 7619
1 2 7617 1100 7618
1 2 7619 7618 36
1 2 7617 7618 7619
1 2 1099 10566 15842
1 2 10566 1100 7617
1 2 15842 7617 1101
1 2 10566 7617 15842
1 2 473 6355 6614
1 2 6355 3569 6613
1 2 6614 6613 2541
1 2 6355 6613 6614
1 2 3569 4650 11367
1 2 4650 608 10564
1 2 11367 10564 1099
1 2 4650 10564 11367
1 2 2541 6387 6389
1 2 6387 1099 6388
1 2 6389 6388 609
1 2 6387 6388 6389
1 2 3569 11367 6613
1 2 11367 1099 6387
1 2 6613 6387 2541
1 2 11367 6387 6613
1 2 20 14166 9894
1 2 14166 3337 10158
1 2 9894 10158 2540
1 2 14166 10158 9894
1 2 3337 8705 10156
1 2 8705 472 12513
1 2 10156 12513 3338
1 2 8705 12513 10156
1 2 2540 10157 15904
1 2 10157 3338 11678
1 2 15904 11678 473
1 2 10157 11678 15904
1 2 3337 10156 10158
1 2 10156 3338 10157
1 2 10158 10157 2540
1 2 10156 10157 10158
1 2 472 13696 12511
1 2 13696 3302 13697
1 2 12511 13697 3807
1 2 13696 13697 12511
1 2 3302 11132 12843
1 2 11132 21 6278
1 2 12843 6278 4026
1 2 11132 6278 12843
1 2 3807 5552 5554
1 2 5552 4026 5553
1 2 5554 5553 450
1 2 5552 5553 5554
1 2 3302 12843 13697
1 2 12843 4026 5552
1 2 13697 5552 3807
1 2 12843 5552 13697
1 2 473 11677 6353
1 2 11677 3808 8519
1 2 6353 8519 4083
1 2 11677 8519 6353
1 2 3808 15265 8517
1 2 15265 450 11029
1 2 8517 11029 4160
1 2 15265 11029 8517
1 2 4083 8518 8793
1 2 8518 4160 8792
1 2 8793 8792 37
1 2 8518 8792 8793
1 2 3808 8517 8519
1 2 8517 4160 8518
1 2 8519 8518 4083
1 2 8517 8518 8519
1 2 472 12511 12513
1 2 12511 3807 12512
1 2 12513 12512 3338
1 2 12511 12512 12513
1 2 3807 5554 15266
1 2 5554 450 15265
1 2 15266 15265 3808
1 2 5554 15265 15266
1 2 3338 11676 11678
1 2 11676 3808 11677
1 2 11678 11677 473
1 2 11676 11677 11678
1 2 3807 15266 12512
1 2 15266 3808 11676
1 2 12512 11676 3338
1 2 15266 11676 12512
1 2 21 6276 6278
1 2 6276 3840 6277
1 2 6278 6277 4026
1 2 6276 6277 6278
1 2 3840 11592 11067
1 2 11592 449 6347
1 2 11067 6347 3105
1 2 11592 6347 11067
1 2 4026 11068 5553
1 2 11068 3105 11649
1 2 5553 11649 450
1 2 11068 11649 5553
1 2 3840 11067 6277
1 2 11067 3105 11068
1 2 6277 11068 4026
1 2 11067 11068 6277
1 2 449 8424 6345
1 2 8424 1458 8425
1 2 6345 8425 3103
1 2 8424 8425 6345
1 2 1458 7988 7990
1 2 7988 38 7989
1 2 7990 7989 1533
1 2 7988 7989 7990
1 2 3103 4397 4399
1 2 4397 1533 4398
1 2 4399 4398 413
1 2 4397 4398 4399
1 2 1458 7990 8425
1 2 7990 1533 4397
1 2 8425 4397 3103
1 2 7990 4397 8425
1 2 450 11028 11029
1 2 11028 3104 5866
1 2 11029 5866 4160
1 2 11028 5866 11029
1 2 3104 7237 5864
1 2 7237 413 4836
1 2 5864 4836 2002
1 2 7237 4836 5864
1 2 4160 5865 8792
1 2 5865 2002 9257
1 2 8792 9257 37
1 2 5865 9257 8792
1 2 3104 5864 5866
1 2 5864 2002 5865
1 2 5866 5865 4160
1 2 5864 5865 5866
1 2 449 6345 6347
1 2 6345 3103 6346
1 2 6347 6346 3105
1 2 6345 6346 6347
1 2 3103 4399 12486
1 2 4399 413 7237
1 2 12486 7237 3104
1 2 4399 7237 12486
1 2 3105 11648 11649
1 2 11648 3104 11028
1 2 11649 11028 450
1 2 11648 11028 11649
1 2 3103 12486 6346
1 2 12486 3104 11648
1 2 6346 11648 3105
1 2 12486 11648 6346
1 2 21 13266 6276
1 2 13266 3839 13552
1 2 6276 13552 3840
1 2 13266 13552 6276
1 2 3839 8435 10206
1 2 8435 1008 10205
1 2 10206 10205 1309
1 2 8435 10205 10206
1 2 3840 13551 11592
1 2 13551 1309 16194
1 2 11592 16194 449
1 2 13551 16194 11592
1 2 3839 10206 13552
1 2 10206 1309 13551
1 2 13552 13551 3840
1 2 10206 13551 13552
1 2 1008 5889 8575
1 2 5889 2298 8574
1 2 8575 8574 1307
1 2 5889 8574 8575
1 2 2298 14355 14357
1 2 14355 22 14356
1 2 14357 14356 2299
1 2 14355 14356 14357
1 2 1307 16460 16310
1 2 16460 2299 16480
1 2 16310 16480 313
1 2 16460 16480 16310
1 2 2298 14357 8574
1 2 14357 2299 16460
1 2 8574 16460 1307
1 2 14357 16460 8574
1 2 449 11134 8424
1 2 11134 1308 11135
1 2 8424 11135 1458
1 2 11134 11135 8424
1 2 1308 8589 8591
1 2 8589 313 8590
1 2 8591 8590 1457
1 2 8589 8590 8591
1 2 1458 13730 7988
1 2 13730 1457 14423
1 2 7988 14423 38
1 2 13730 14423 7988
1 2 1308 8591 11135
1 2 8591 1457 13730
1 2 11135 13730 1458
1 2 8591 13730 11135
1 2 1008 8575 10205
1 2 8575 1307 15244
1 2 10205 15244 1309
1 2 8575 15244 10205
1 2 1307 16310 16311
1 2 16310 313 8589
1 2 16311 8589 1308
1 2 16310 8589 16311
1 2 1309 16193 16194
1 2 16193 1308 11134
1 2 16194 11134 449
1 2 16193 11134 16194
1 2 1307 16311 15244
1 2 16311 1308 16193
1 2 15244 16193 1309
1 2 16311 16193 15244
1 2 22 13980 14356
1 2 13980 2650 15900
1 2 14356 15900 2299
1 2 13980 15900 14356
1 2 2650 16104 15898
1 2 16104 311 16322
1 2 15898 16322 2651
1 2 16104 16322 15898
1 2 2299 15899 16480
1 2 15899 2651 15057
1 2 16480 15057 313
1 2 15899 15057 16480
1 2 2650 15898 15900
1 2 15898 2651 15899
1 2 15900 15899 2299
1 2 15898 15899 15900
1 2 311 13604 13605
1 2 13604 1196 7059
1 2 13605 7059 3818
1 2 13604 7059 13605
1 2 1196 9003 7057
1 2 9003 39 15098
1 2 7057 15098 2567
1 2 9003 15098 7057
1 2 3818 7058 9929
1 2 7058 2567 9928
1 2 9929 9928 312
1 2 7058 9928 9929
1 2 1196 7057 7059
1 2 7057 2567 7058
1 2 7059 7058 3818
1 2 7057 7058 7059
1 2 313 15056 8590
1 2 15056 2628 5260
1 2 8590 5260 1457
1 2 15056 5260 8590
1 2 2628 5853 5258
1 2 5853 312 5854
1 2 5258 5854 2629
1 2 5853 5854 5258
1 2 1457 5259 14423
1 2 5259 2629 14796
1 2 14423 14796 38
1 2 5259 14796 14423
1 2 2628 5258 5260
1 2 5258 2629 5259
1 2 5260 5259 1457
1 2 5258 5259 5260
1 2 311 13605 16322
1 2 13605 3818 16265
1 2 16322 16265 2651
1 2 13605 16265 16322
1 2 3818 9929 16115
1 2 9929 312 5853
1 2 16115 5853 2628
1 2 9929 5853 16115
1 2 2651 15055 15057
1 2 15055 2628 15056
1 2 15057 15056 313
1 2 15055 15056 15057
1 2 3818 16115 16265
1 2 16115 2628 15055
1 2 16265 15055 2651
1 2 16115 15055 16265
1 2 22 11056 13980
1 2 11056 3071 13979
1 2 13980 13979 2650
1 2 11056 13979 13980
1 2 3071 16300 16491
1 2 16300 973 13541
1 2 16491 13541 3729
1 2 16300 13541 16491
1 2 2650 16103 16104
1 2 16103 3729 5761
1 2 16104 5761 311
1 2 16103 5761 16104
1 2 3071 16491 13979
1 2 16491 3729 16103
1 2 13979 16103 2650
1 2 16491 16103 13979
1 2 973 8613 8615
1 2 8613 1180 8614
1 2 8615 8614 3728
1 2 8613 8614 8615
1 2 1180 12136 11010
1 2 12136 23 12137
1 2 11010 12137 4186
1 2 12136 12137 11010
1 2 3728 11011 15588
1 2 11011 4186 15587
1 2 15588 15587 881
1 2 11011 15587 15588
1 2 1180 11010 8614
1 2 11010 4186 11011
1 2 8614 11011 3728
1 2 11010 11011 8614
1 2 311 5760 13604
1 2 5760 1194 10735
1 2 13604 10735 1196
1 2 5760 10735 13604
1 2 1194 7514 7516
1 2 7514 881 7515
1 2 7516 7515 1195
1 2 7514 7515 7516
1 2 1196 9001 9003
1 2 9001 1195 9002
1 2 9003 9002 39
1 2 9001 9002 9003
1 2 1194 7516 10735
1 2 7516 1195 9001
1 2 10735 9001 1196
1 2 7516 9001 10735
1 2 973 8615 13541
1 2 8615 3728 13540
1 2 13541 13540 3729
1 2 8615 13540 13541
1 2 3728 15588 16164
1 2 15588 881 7514
1 2 16164 7514 1194
1 2 15588 7514 16164
1 2 3729 5759 5761
1 2 5759 1194 5760
1 2 5761 5760 311
1 2 5759 5760 5761
1 2 3728 16164 13540
1 2 16164 1194 5759
1 2 13540 5759 3729
1 2 16164 5759 13540
1 2 23 12343 12137
1 2 12343 3978 5521
1 2 12137 5521 4186
1 2 12343 5521 12137
1 2 3978 6029 5519
1 2 6029 879 7211
1 2 5519 7211 4185
1 2 6029 7211 5519
1 2 4186 5520 15587
1 2 5520 4185 16183
1 2 15587 16183 881
1 2 5520 16183 15587
1 2 3978 5519 5521
1 2 5519 4185 5520
1 2 5521 5520 4186
1 2 5519 5520 5521
1 2 879 12708 7209
1 2 12708 3700 12709
1 2 7209 12709 3702
1 2 12708 12709 7209
1 2 3700 10113 16032
1 2 10113 40 12889
1 2 16032 12889 3701
1 2 10113 12889 16032
1 2 3702 15685 13130
1 2 15685 3701 15636
1 2 13130 15636 880
1 2 15685 15636 13130
1 2 3700 16032 12709
1 2 16032 3701 15685
1 2 12709 15685 3702
1 2 16032 15685 12709
1 2 881 12944 7515
1 2 12944 2092 12945
1 2 7515 12945 1195
1 2 12944 12945 7515
1 2 2092 13131 14918
1 2 13131 880 14917
1 2 14918 14917 2093
1 2 13131 14917 14918
1 2 1195 16089 9002
1 2 16089 2093 11843
1 2 9002 11843 39
1 2 16089 11843 9002
1 2 2092 14918 12945
1 2 14918 2093 16089
1 2 12945 16089 1195
1 2 14918 16089 12945
1 2 879 7209 7211
1 2 7209 3702 7210
1 2 7211 7210 4185
1 2 7209 7210 7211
1 2 3702 13130 13132
1 2 13130 880 13131
1 2 13132 13131 2092
1 2 13130 13131 13132
1 2 4185 14578 16183
1 2 14578 2092 12944
1 2 16183 12944 881
1 2 14578 12944 16183
1 2 3702 13132 7210
1 2 13132 2092 14578
1 2 7210 14578 4185
1 2 13132 14578 7210
1 2 23 11500 12343
1 2 11500 1499 13418
1 2 12343 13418 3978
1 2 11500 13418 12343
1 2 1499 16333 13417
1 2 16333 952 16334
1 2 13417 16334 2481
1 2 16333 16334 13417
1 2 3978 6027 6029
1 2 6027 2481 6028
1 2 6029 6028 879
1 2 6027 6028 6029
1 2 1499 13417 13418
1 2 13417 2481 6027
1 2 13418 6027 3978
1 2 13417 6027 13418
1 2 952 7003 12464
1 2 7003 2619 8278
1 2 12464 8278 2479
1 2 7003 8278 12464
1 2 2619 13122 8276
1 2 13122 24 13123
1 2 8276 13123 3626
1 2 13122 13123 8276
1 2 2479 8277 10233
1 2 8277 3626 15140
1 2 10233 15140 953
1 2 8277 15140 10233
1 2 2619 8276 8278
1 2 8276 3626 8277
1 2 8278 8277 2479
1 2 8276 8277 8278
1 2 879 16037 12708
1 2 16037 2480 16038
1 2 12708 16038 3700
1 2 16037 16038 12708
1 2 2480 8707 8709
1 2 8707 953 8708
1 2 8709 8708 3672
1 2 8707 8708 8709
1 2 3700 10112 10113
1 2 10112 3672 9288
1 2 10113 9288 40
1 2 10112 9288 10113
1 2 2480 8709 16038
1 2 8709 3672 10112
1 2 16038 10112 3700
1 2 8709 10112 16038
1 2 952 12464 16334
1 2 12464 2479 8248
1 2 16334 8248 2481
1 2 12464 8248 16334
1 2 2479 10233 8246
1 2 10233 953 8707
1 2 8246 8707 2480
1 2 10233 8707 8246
1 2 2481 8247 6028
1 2 8247 2480 16037
1 2 6028 16037 879
1 2 8247 16037 6028
1 2 2479 8246 8248
1 2 8246 2480 8247
1 2 8248 8247 2481
1 2 8246 8247 8248
1 2 24 13563 13123
1 2 13563 3271 13564
1 2 13123 13564 3626
1 2 13563 13564 13123
1 2 3271 6977 6979
1 2 6977 331 6978
1 2 6979 6978 2245
1 2 6977 6978 6979
1 2 3626 15679 15140
1 2 15679 2245 10305
1 2 15140 10305 953
1 2 15679 10305 15140
1 2 3271 6979 13564
1 2 6979 2245 15679
1 2 13564 15679 3626
1 2 6979 15679 13564
1 2 331 15693 11111
1 2 15693 3587 16589
1 2 11111 16589 2243
1 2 15693 16589 11111
1 2 3587 11620 16581
1 2 11620 41 16044
1 2 16581 16044 4030
1 2 11620 16044 16581
1 2 2243 9721 9450
1 2 9721 4030 9722
1 2 9450 9722 956
1 2 9721 9722 9450
1 2 3587 16581 16589
1 2 16581 4030 9721
1 2 16589 9721 2243
1 2 16581 9721 16589
1 2 953 10304 8708
1 2 10304 2244 10368
1 2 8708 10368 3672
1 2 10304 10368 8708
1 2 2244 9451 10367
1 2 9451 956 10118
1 2 10367 10118 2214
1 2 9451 10118 10367
1 2 3672 9287 9288
1 2 9287 2214 5811
1 2 9288 5811 40
1 2 9287 5811 9288
1 2 2244 10367 10368
1 2 10367 2214 9287
1 2 10368 9287 3672
1 2 10367 9287 10368
1 2 331 11111 6978
1 2 11111 2243 11112
1 2 6978 11112 2245
1 2 11111 11112 6978
1 2 2243 9450 9452
1 2 9450 956 9451
1 2 9452 9451 2244
1 2 9450 9451 9452
1 2 2245 10303 10305
1 2 10303 2244 10304
1 2 10305 10304 953
1 2 10303 10304 10305
1 2 2243 9452 11112
1 2 9452 2244 10303
1 2 11112 10303 2245
1 2 9452 10303 11112
1 2 24 4487 13563
1 2 4487 2521 8786
1 2 13563 8786 3271
1 2 4487 8786 13563
1 2 2521 13641 8784
1 2 13641 329 7289
1 2 8784 7289 2991
1 2 13641 7289 8784
1 2 3271 8785 6977
1 2 8785 2991 10663
1 2 6977 10663 331
1 2 8785 10663 6977
1 2 2521 8784 8786
1 2 8784 2991 8785
1 2 8786 8785 3271
1 2 8784 8785 8786
1 2 329 8293 7287
1 2 8293 4132 8294
1 2 7287 8294 2989
1 2 8293 8294 7287
1 2 4132 10485 10567
1 2 10485 25 11371
1 2 10567 11371 3573
1 2 10485 11371 10567
1 2 2989 9401 9403
1 2 9401 3573 9402
1 2 9403 9402 330
1 2 9401 9402 9403
1 2 4132 10567 8294
1 2 10567 3573 9401
1 2 8294 9401 2989
1 2 10567 9401 8294
1 2 331 11636 15693
1 2 11636 2990 15692
1 2 15693 15692 3587
1 2 11636 15692 15693
1 2 2990 14147 14148
1 2 14147 330 5955
1 2 14148 5955 3586
1 2 14147 5955 14148
1 2 3587 11618 11620
1 2 11618 3586 11619
1 2 11620 11619 41
1 2 11618 11619 11620
1 2 2990 14148 15692
1 2 14148 3586 11618
1 2 15692 11618 3587
1 2 14148 11618 15692
1 2 329 7287 7289
1 2 7287 2989 7288
1 2 7289 7288 2991
1 2 7287 7288 7289
1 2 2989 9403 8151
1 2 9403 330 14147
1 2 8151 14147 2990
1 2 9403 14147 8151
1 2 2991 8152 10663
1 2 8152 2990 11636
1 2 10663 11636 331
1 2 8152 11636 10663
1 2 2989 8151 7288
1 2 8151 2990 8152
1 2 7288 8152 2991
1 2 8151 8152 7288
1 2 25 15923 11371
1 2 15923 1874 15642
1 2 11371 15642 3573
1 2 15923 15642 11371
1 2 1874 14828 15640
1 2 14828 1018 6372
1 2 15640 6372 3572
1 2 14828 6372 15640
1 2 3573 15641 9402
1 2 15641 3572 15515
1 2 9402 15515 330
1 2 15641 15515 9402
1 2 1874 15640 15642
1 2 15640 3572 15641
1 2 15642 15641 3573
1 2 15640 15641 15642
1 2 1018 4310 4312
1 2 4310 1323 4311
1 2 4312 4311 1325
1 2 4310 4311 4312
1 2 1323 11239 4409
1 2 11239 42 15276
1 2 4409 15276 1324
1 2 11239 15276 4409
1 2 1325 4410 6648
1 2 4410 1324 14674
1 2 6648 14674 1031
1 2 4410 14674 6648
1 2 1323 4409 4311
1 2 4409 1324 4410
1 2 4311 4410 1325
1 2 4409 4410 4311
1 2 330 5953 5955
1 2 5953 3574 5954
1 2 5955 5954 3586
1 2 5953 5954 5955
1 2 3574 6649 7252
1 2 6649 1031 7251
1 2 7252 7251 2392
1 2 6649 7251 7252
1 2 3586 12913 11619
1 2 12913 2392 12914
1 2 11619 12914 41
1 2 12913 12914 11619
1 2 3574 7252 5954
1 2 7252 2392 12913
1 2 5954 12913 3586
1 2 7252 12913 5954
1 2 1018 4312 6372
1 2 4312 1325 6371
1 2 6372 6371 3572
1 2 4312 6371 6372
1 2 1325 6648 6650
1 2 6648 1031 6649
1 2 6650 6649 3574
1 2 6648 6649 6650
1 2 3572 11104 15515
1 2 11104 3574 5953
1 2 15515 5953 330
1 2 11104 5953 15515
1 2 1325 6650 6371
1 2 6650 3574 11104
1 2 6371 11104 3572
1 2 6650 11104 6371
1 2 25 13365 15923
1 2 13365 1872 7393
1 2 15923 7393 1874
1 2 13365 7393 15923
1 2 1872 9236 7391
1 2 9236 691 9237
1 2 7391 9237 1873
1 2 9236 9237 7391
1 2 1874 7392 14828
1 2 7392 1873 14827
1 2 14828 14827 1018
1 2 7392 14827 14828
1 2 1872 7391 7393
1 2 7391 1873 7392
1 2 7393 7392 1874
1 2 7391 7392 7393
1 2 691 12929 12049
1 2 12929 2207 12845
1 2 12049 12845 4107
1 2 12929 12845 12049
1 2 2207 12258 12260
1 2 12258 26 12259
1 2 12260 12259 3919
1 2 12258 12259 12260
1 2 4107 9705 9707
1 2 9705 3919 9706
1 2 9707 9706 1006
1 2 9705 9706 9707
1 2 2207 12260 12845
1 2 12260 3919 9705
1 2 12845 9705 4107
1 2 12260 9705 12845
1 2 1018 13695 4310
1 2 13695 1722 9171
1 2 4310 9171 1323
1 2 13695 9171 4310
1 2 1722 11408 9169
1 2 11408 1006 9795
1 2 9169 9795 1723
1 2 11408 9795 9169
1 2 1323 9170 11239
1 2 9170 1723 11238
1 2 11239 11238 42
1 2 9170 11238 11239
1 2 1722 9169 9171
1 2 9169 1723 9170
1 2 9171 9170 1323
1 2 9169 9170 9171
1 2 691 12049 9237
1 2 12049 4107 9350
1 2 9237 9350 1873
1 2 12049 9350 9237
1 2 4107 9707 9348
1 2 9707 1006 11408
1 2 9348 11408 1722
1 2 9707 11408 9348
1 2 1873 9349 14827
1 2 9349 1722 13695
1 2 14827 13695 1018
1 2 9349 13695 14827
1 2 4107 9348 9350
1 2 9348 1722 9349
1 2 9350 9349 1873
1 2 9348 9349 9350
1 2 26 14709 12259
1 2 14709 2154 5024
1 2 12259 5024 3919
1 2 14709 5024 12259
1 2 2154 6670 5022
1 2 6670 679 6671
1 2 5022 6671 2307
1 2 6670 6671 5022
1 2 3919 5023 9706
1 2 5023 2307 4592
1 2 9706 4592 1006
1 2 5023 4592 9706
1 2 2154 5022 5024
1 2 5022 2307 5023
1 2 5024 5023 3919
1 2 5022 5023 5024
1 2 679 8290 8292
1 2 8290 3010 8291
1 2 8292 8291 2306
1 2 8290 8291 8292
1 2 3010 13661 13662
1 2 13661 43 11426
1 2 13662 11426 3011
1 2 13661 11426 13662
1 2 2306 10063 10065
1 2 10063 3011 10064
1 2 10065 10064 620
1 2 10063 10064 10065
1 2 3010 13662 8291
1 2 13662 3011 10063
1 2 8291 10063 2306
1 2 13662 10063 8291
1 2 1006 4591 9795
1 2 4591 2232 5231
1 2 9795 5231 1723
1 2 4591 5231 9795
1 2 2232 5172 5174
1 2 5172 620 5173
1 2 5174 5173 2233
1 2 5172 5173 5174
1 2 1723 5230 11238
1 2 5230 2233 6451
1 2 11238 6451 42
1 2 5230 6451 11238
1 2 2232 5174 5231
1 2 5174 2233 5230
1 2 5231 5230 1723
1 2 5174 5230 5231
1 2 679 8292 6671
1 2 8292 2306 15470
1 2 6671 15470 2307
1 2 8292 15470 6671
1 2 2306 10065 12285
1 2 10065 620 5172
1 2 12285 5172 2232
1 2 10065 5172 12285
1 2 2307 4590 4592
1 2 4590 2232 4591
1 2 4592 4591 1006
1 2 4590 4591 4592
1 2 2306 12285 15470
1 2 12285 2232 4590
1 2 15470 4590 2307
1 2 12285 4590 15470
1 2 26 12160 14709
1 2 12160 2152 14708
1 2 14709 14708 2154
1 2 12160 14708 14709
1 2 2152 8926 8928
1 2 8926 550 8927
1 2 8928 8927 2153
1 2 8926 8927 8928
1 2 2154 8106 6670
1 2 8106 2153 8107
1 2 6670 8107 679
1 2 8106 8107 6670
1 2 2152 8928 14708
1 2 8928 2153 8106
1 2 14708 8106 2154
1 2 8928 8106 14708
1 2 550 14575 15118
1 2 14575 2626 6020
1 2 15118 6020 3799
1 2 14575 6020 15118
1 2 2626 11360 6018
1 2 11360 27 11361
1 2 6018 11361 3491
1 2 11360 11361 6018
1 2 3799 6019 6385
1 2 6019 3491 12112
1 2 6385 12112 678
1 2 6019 12112 6385
1 2 2626 6018 6020
1 2 6018 3491 6019
1 2 6020 6019 3799
1 2 6018 6019 6020
1 2 679 14457 8290
1 2 14457 3227 14458
1 2 8290 14458 3010
1 2 14457 14458 8290
1 2 3227 6386 15443
1 2 6386 678 15442
1 2 15443 15442 1735
1 2 6386 15442 15443
1 2 3010 16220 13661
1 2 16220 1735 15509
1 2 13661 15509 43
1 2 16220 15509 13661
1 2 3227 15443 14458
1 2 15443 1735 16220
1 2 14458 16220 3010
1 2 15443 16220 14458
1 2 550 15118 8927
1 2 15118 3799 5651
1 2 8927 5651 2153
1 2 15118 5651 8927
1 2 3799 6385 5649
1 2 6385 678 6386
1 2 5649 6386 3227
1 2 6385 6386 5649
1 2 2153 5650 8107
1 2 5650 3227 14457
1 2 8107 14457 679
1 2 5650 14457 8107
1 2 3799 5649 5651
1 2 5649 3227 5650
1 2 5651 5650 2153
1 2 5649 5650 5651
1 2 27 8583 11361
1 2 8583 3490 13360
1 2 11361 13360 3491
1 2 8583 13360 11361
1 2 3490 10539 13359
1 2 10539 725 6775
1 2 13359 6775 3126
1 2 10539 6775 13359
1 2 3491 12111 12112
1 2 12111 3126 9557
1 2 12112 9557 678
1 2 12111 9557 12112
1 2 3490 13359 13360
1 2 13359 3126 12111
1 2 13360 12111 3491
1 2 13359 12111 13360
1 2 725 14386 6773
1 2 14386 1155 14390
1 2 6773 14390 1157
1 2 14386 14390 6773
1 2 1155 16059 16018
1 2 16059 44 16366
1 2 16018 16366 1156
1 2 16059 16366 16018
1 2 1157 7327 7228
1 2 7327 1156 7328
1 2 7228 7328 850
1 2 7327 7328 7228
1 2 1155 16018 14390
1 2 16018 1156 7327
1 2 14390 7327 1157
1 2 16018 7327 14390
1 2 678 9556 15442
1 2 9556 1733 16270
1 2 15442 16270 1735
1 2 9556 16270 15442
1 2 1733 7229 7828
1 2 7229 850 7827
1 2 7828 7827 1734
1 2 7229 7827 7828
1 2 1735 15508 15509
1 2 15508 1734 12681
1 2 15509 12681 43
1 2 15508 12681 15509
1 2 1733 7828 16270
1 2 7828 1734 15508
1 2 16270 15508 1735
1 2 7828 15508 16270
1 2 725 6773 6775
1 2 6773 1157 6774
1 2 6775 6774 3126
1 2 6773 6774 6775
1 2 1157 7228 7230
1 2 7228 850 7229
1 2 7230 7229 1733
1 2 7228 7229 7230
1 2 3126 9555 9557
1 2 9555 1733 9556
1 2 9557 9556 678
1 2 9555 9556 9557
1 2 1157 7230 6774
1 2 7230 1733 9555
1 2 6774 9555 3126
1 2 7230 9555 6774
1 2 27 8581 8583
1 2 8581 2668 8582
1 2 8583 8582 3490
1 2 8581 8582 8583
1 2 2668 6683 6685
1 2 6683 655 6684
1 2 6685 6684 2186
1 2 6683 6684 6685
1 2 3490 10538 10539
1 2 10538 2186 6933
1 2 10539 6933 725
1 2 10538 6933 10539
1 2 2668 6685 8582
1 2 6685 2186 10538
1 2 8582 10538 3490
1 2 6685 10538 8582
1 2 655 5422 5424
1 2 5422 2587 5423
1 2 5424 5423 2184
1 2 5422 5423 5424
1 2 2587 13206 13207
1 2 13206 28 10279
1 2 13207 10279 2588
1 2 13206 10279 13207
1 2 2184 7442 7443
1 2 7442 2588 6306
1 2 7443 6306 724
1 2 7442 6306 7443
1 2 2587 13207 5423
1 2 13207 2588 7442
1 2 5423 7442 2184
1 2 13207 7442 5423
1 2 725 6932 14386
1 2 6932 2185 6142
1 2 14386 6142 1155
1 2 6932 6142 14386
1 2 2185 16408 6140
1 2 16408 724 6281
1 2 6140 6281 2342
1 2 16408 6281 6140
1 2 1155 6141 16059
1 2 6141 2342 9791
1 2 16059 9791 44
1 2 6141 9791 16059
1 2 2185 6140 6142
1 2 6140 2342 6141
1 2 6142 6141 1155
1 2 6140 6141 6142
1 2 655 5424 6684
1 2 5424 2184 10306
1 2 6684 10306 2186
1 2 5424 10306 6684
1 2 2184 7443 15604
1 2 7443 724 16408
1 2 15604 16408 2185
1 2 7443 16408 15604
1 2 2186 6931 6933
1 2 6931 2185 6932
1 2 6933 6932 725
1 2 6931 6932 6933
1 2 2184 15604 10306
1 2 15604 2185 6931
1 2 10306 6931 2186
1 2 15604 6931 10306
1 2 28 6104 10279
1 2 6104 3646 4636
1 2 10279 4636 2588
1 2 6104 4636 10279
1 2 3646 7384 4634
1 2 7384 307 7385
1 2 4634 7385 3647
1 2 7384 7385 4634
1 2 2588 4635 6306
1 2 4635 3647 6305
1 2 6306 6305 724
1 2 4635 6305 6306
1 2 3646 4634 4636
1 2 4634 3647 4635
1 2 4636 4635 2588
1 2 4634 4635 4636
1 2 307 11381 11382
1 2 11381 2431 11226
1 2 11382 11226 2514
1 2 11381 11226 11382
1 2 2431 7429 8039
1 2 7429 45 8038
1 2 8039 8038 2513
1 2 7429 8038 8039
1 2 2514 11225 12885
1 2 11225 2513 12884
1 2 12885 12884 771
1 2 11225 12884 12885
1 2 2431 8039 11226
1 2 8039 2513 11225
1 2 11226 11225 2514
1 2 8039 11225 11226
1 2 724 6279 6281
1 2 6279 3721 6280
1 2 6281 6280 2342
1 2 6279 6280 6281
1 2 3721 15998 16000
1 2 15998 771 15999
1 2 16000 15999 3014
1 2 15998 15999 16000
1 2 2342 9789 9791
1 2 9789 3014 9790
1 2 9791 9790 44
1 2 9789 9790 9791
1 2 3721 16000 6280
1 2 16000 3014 9789
1 2 6280 9789 2342
1 2 16000 9789 6280
1 2 307 11382 7385
1 2 11382 2514 12040
1 2 7385 12040 3647
1 2 11382 12040 7385
1 2 2514 12885 16320
1 2 12885 771 15998
1 2 16320 15998 3721
1 2 12885 15998 16320
1 2 3647 9466 6305
1 2 9466 3721 6279
1 2 6305 6279 724
1 2 9466 6279 6305
1 2 2514 16320 12040
1 2 16320 3721 9466
1 2 12040 9466 3647
1 2 16320 9466 12040
1 2 28 6102 6104
1 2 6102 3165 6103
1 2 6104 6103 3646
1 2 6102 6103 6104
1 2 3165 14190 9238
1 2 14190 305 14978
1 2 9238 14978 2062
1 2 14190 14978 9238
1 2 3646 9239 7384
1 2 9239 2062 7298
1 2 7384 7298 307
1 2 9239 7298 7384
1 2 3165 9238 6103
1 2 9238 2062 9239
1 2 6103 9239 3646
1 2 9238 9239 6103
1 2 305 6397 11992
1 2 6397 3809 11991
1 2 11992 11991 2060
1 2 6397 11991 11992
1 2 3809 13237 12051
1 2 13237 29 9962
1 2 12051 9962 3741
1 2 13237 9962 12051
1 2 2060 12052 13261
1 2 12052 3741 13260
1 2 13261 13260 306
1 2 12052 13260 13261
1 2 3809 12051 11991
1 2 12051 3741 12052
1 2 11991 12052 2060
1 2 12051 12052 11991
1 2 307 7297 11381
1 2 7297 2061 15541
1 2 11381 15541 2431
1 2 7297 15541 11381
1 2 2061 8813 8815
1 2 8813 306 8814
1 2 8815 8814 1891
1 2 8813 8814 8815
1 2 2431 7427 7429
1 2 7427 1891 7428
1 2 7429 7428 45
1 2 7427 7428 7429
1 2 2061 8815 15541
1 2 8815 1891 7427
1 2 15541 7427 2431
1 2 8815 7427 15541
1 2 305 11992 14978
1 2 11992 2060 13709
1 2 14978 13709 2062
1 2 11992 13709 14978
1 2 2060 13261 13708
1 2 13261 306 8813
1 2 13708 8813 2061
1 2 13261 8813 13708
1 2 2062 7296 7298
1 2 7296 2061 7297
1 2 7298 7297 307
1 2 7296 7297 7298
1 2 2060 13708 13709
1 2 13708 2061 7296
1 2 13709 7296 2062
1 2 13708 7296 13709
1 2 29 9960 9962
1 2 9960 3006 9961
1 2 9962 9961 3741
1 2 9960 9961 9962
1 2 3006 11853 14894
1 2 11853 793 11224
1 2 14894 11224 1250
1 2 11853 11224 14894
1 2 3741 14895 13260
1 2 14895 1250 6429
1 2 13260 6429 306
1 2 14895 6429 13260
1 2 3006 14894 9961
1 2 14894 1250 14895
1 2 9961 14895 3741
1 2 14894 14895 9961
1 2 793 15102 11223
1 2 15102 2579 14271
1 2 11223 14271 1248
1 2 15102 14271 11223
1 2 2579 16204 14269
1 2 16204 46 11006
1 2 14269 11006 3755
1 2 16204 11006 14269
1 2 1248 14270 14207
1 2 14270 3755 15197
1 2 14207 15197 846
1 2 14270 15197 14207
1 2 2579 14269 14271
1 2 14269 3755 14270
1 2 14271 14270 1248
1 2 14269 14270 14271
1 2 306 6428 8814
1 2 6428 1249 12908
1 2 8814 12908 1891
1 2 6428 12908 8814
1 2 1249 14208 15894
1 2 14208 846 10237
1 2 15894 10237 1890
1 2 14208 10237 15894
1 2 1891 15452 7428
1 2 15452 1890 15453
1 2 7428 15453 45
1 2 15452 15453 7428
1 2 1249 15894 12908
1 2 15894 1890 15452
1 2 12908 15452 1891
1 2 15894 15452 12908
1 2 793 11223 11224
1 2 11223 1248 10442
1 2 11224 10442 1250
1 2 11223 10442 11224
1 2 1248 14207 10441
1 2 14207 846 14208
1 2 10441 14208 1249
1 2 14207 14208 10441
1 2 1250 6427 6429
1 2 6427 1249 6428
1 2 6429 6428 306
1 2 6427 6428 6429
1 2 1248 10441 10442
1 2 10441 1249 6427
1 2 10442 6427 1250
1 2 10441 6427 10442
1 2 29 4430 9960
1 2 4430 3005 15907
1 2 9960 15907 3006
1 2 4430 15907 9960
1 2 3005 13622 13623
1 2 13622 791 7694
1 2 13623 7694 1208
1 2 13622 7694 13623
1 2 3006 11851 11853
1 2 11851 1208 11852
1 2 11853 11852 793
1 2 11851 11852 11853
1 2 3005 13623 15907
1 2 13623 1208 11851
1 2 15907 11851 3006
1 2 13623 11851 15907
1 2 791 7879 7692
1 2 7879 3666 7880
1 2 7692 7880 1206
1 2 7879 7880 7692
1 2 3666 4716 10465
1 2 4716 30 13249
1 2 10465 13249 1566
1 2 4716 13249 10465
1 2 1206 10466 6937
1 2 10466 1566 14377
1 2 6937 14377 792
1 2 10466 14377 6937
1 2 3666 10465 7880
1 2 10465 1566 10466
1 2 7880 10466 1206
1 2 10465 10466 7880
1 2 793 13618 15102
1 2 13618 1207 15101
1 2 15102 15101 2579
1 2 13618 15101 15102
1 2 1207 6938 16185
1 2 6938 792 7538
1 2 16185 7538 2433
1 2 6938 7538 16185
1 2 2579 16430 16204
1 2 16430 2433 16388
1 2 16204 16388 46
1 2 16430 16388 16204
1 2 1207 16185 15101
1 2 16185 2433 16430
1 2 15101 16430 2579
1 2 16185 16430 15101
1 2 791 7692 7694
1 2 7692 1206 7693
1 2 7694 7693 1208
1 2 7692 7693 7694
1 2 1206 6937 6939
1 2 6937 792 6938
1 2 6939 6938 1207
1 2 6937 6938 6939
1 2 1208 13617 11852
1 2 13617 1207 13618
1 2 11852 13618 793
1 2 13617 13618 11852
1 2 1206 6939 7693
1 2 6939 1207 13617
1 2 7693 13617 1208
1 2 6939 13617 7693
1 2 30 13247 13249
1 2 13247 1211 13248
1 2 13249 13248 1566
1 2 13247 13248 13249
1 2 1211 14812 16288
1 2 14812 1055 14460
1 2 16288 14460 1565
1 2 14812 14460 16288
1 2 1566 15174 14377
1 2 15174 1565 15175
1 2 14377 15175 792
1 2 15174 15175 14377
1 2 1211 16288 13248
1 2 16288 1565 15174
1 2 13248 15174 1566
1 2 16288 15174 13248
1 2 1055 5339 14459
1 2 5339 3251 12531
1 2 14459 12531 3252
1 2 5339 12531 14459
1 2 3251 8329 8331
1 2 8329 47 8330
1 2 8331 8330 1760
1 2 8329 8330 8331
1 2 3252 12530 13138
1 2 12530 1760 14074
1 2 13138 14074 939
1 2 12530 14074 13138
1 2 3251 8331 12531
1 2 8331 1760 12530
1 2 12531 12530 3252
1 2 8331 12530 12531
1 2 792 7536 7538
1 2 7536 2432 7537
1 2 7538 7537 2433
1 2 7536 7537 7538
1 2 2432 13139 13200
1 2 13139 939 13199
1 2 13200 13199 1652
1 2 13139 13199 13200
1 2 2433 13761 16388
1 2 13761 1652 8326
1 2 16388 8326 46
1 2 13761 8326 16388
1 2 2432 13200 7537
1 2 13200 1652 13761
1 2 7537 13761 2433
1 2 13200 13761 7537
1 2 1055 14459 14460
1 2 14459 3252 9043
1 2 14460 9043 1565
1 2 14459 9043 14460
1 2 3252 13138 9041
1 2 13138 939 13139
1 2 9041 13139 2432
1 2 13138 13139 9041
1 2 1565 9042 15175
1 2 9042 2432 7536
1 2 15175 7536 792
1 2 9042 7536 15175
1 2 3252 9041 9043
1 2 9041 2432 9042
1 2 9043 9042 1565
1 2 9041 9042 9043
1 2 30 6842 13247
1 2 6842 1209 14602
1 2 13247 14602 1211
1 2 6842 14602 13247
1 2 1209 5982 5984
1 2 5982 986 5983
1 2 5984 5983 1210
1 2 5982 5983 5984
1 2 1211 14601 14812
1 2 14601 1210 8205
1 2 14812 8205 1055
1 2 14601 8205 14812
1 2 1209 5984 14602
1 2 5984 1210 14601
1 2 14602 14601 1211
1 2 5984 14601 14602
1 2 986 15288 15289
1 2 15288 4188 15165
1 2 15289 15165 3738
1 2 15288 15165 15289
1 2 4188 4751 4753
1 2 4751 31 4752
1 2 4753 4752 3087
1 2 4751 4752 4753
1 2 3738 4391 4393
1 2 4391 3087 4392
1 2 4393 4392 705
1 2 4391 4392 4393
1 2 4188 4753 15165
1 2 4753 3087 4391
1 2 15165 4391 3738
1 2 4753 4391 15165
1 2 1055 5337 5339
1 2 5337 3661 5338
1 2 5339 5338 3251
1 2 5337 5338 5339
1 2 3661 8172 8441
1 2 8172 705 8440
1 2 8441 8440 1832
1 2 8172 8440 8441
1 2 3251 12178 8329
1 2 12178 1832 15760
1 2 8329 15760 47
1 2 12178 15760 8329
1 2 3661 8441 5338
1 2 8441 1832 12178
1 2 5338 12178 3251
1 2 8441 12178 5338
1 2 986 15289 5983
1 2 15289 3738 9052
1 2 5983 9052 1210
1 2 15289 9052 5983
1 2 3738 4393 8173
1 2 4393 705 8172
1 2 8173 8172 3661
1 2 4393 8172 8173
1 2 1210 8204 8205
1 2 8204 3661 5337
1 2 8205 5337 1055
1 2 8204 5337 8205
1 2 3738 8173 9052
1 2 8173 3661 8204
1 2 9052 8204 1210
1 2 8173 8204 9052
1 2 31 8303 4752
1 2 8303 3085 8304
1 2 4752 8304 3087
1 2 8303 8304 4752
1 2 3085 7871 9818
1 2 7871 374 11684
1 2 9818 11684 3086
1 2 7871 11684 9818
1 2 3087 9819 4392
1 2 9819 3086 4267
1 2 4392 4267 705
1 2 9819 4267 4392
1 2 3085 9818 8304
1 2 9818 3086 9819
1 2 8304 9819 3087
1 2 9818 9819 8304
1 2 374 7595 13265
1 2 7595 2757 13663
1 2 13265 13663 3584
1 2 7595 13663 13265
1 2 2757 7490 16298
1 2 7490 48 16141
1 2 16298 16141 3395
1 2 7490 16141 16298
1 2 3584 11819 11821
1 2 11819 3395 11820
1 2 11821 11820 704
1 2 11819 11820 11821
1 2 2757 16298 13663
1 2 16298 3395 11819
1 2 13663 11819 3584
1 2 16298 11819 13663
1 2 705 4266 8440
1 2 4266 1830 12517
1 2 8440 12517 1832
1 2 4266 12517 8440
1 2 1830 14057 15329
1 2 14057 704 15106
1 2 15329 15106 1831
1 2 14057 15106 15329
1 2 1832 15330 15760
1 2 15330 1831 16175
1 2 15760 16175 47
1 2 15330 16175 15760
1 2 1830 15329 12517
1 2 15329 1831 15330
1 2 12517 15330 1832
1 2 15329 15330 12517
1 2 374 13265 11684
1 2 13265 3584 5836
1 2 11684 5836 3086
1 2 13265 5836 11684
1 2 3584 11821 5835
1 2 11821 704 14057
1 2 5835 14057 1830
1 2 11821 14057 5835
1 2 3086 4265 4267
1 2 4265 1830 4266
1 2 4267 4266 705
1 2 4265 4266 4267
1 2 3584 5835 5836
1 2 5835 1830 4265
1 2 5836 4265 3086
1 2 5835 4265 5836
1 2 31 12361 8303
1 2 12361 3520 16222
1 2 8303 16222 3085
1 2 12361 16222 8303
1 2 3520 13121 13969
1 2 13121 372 12519
1 2 13969 12519 3521
1 2 13121 12519 13969
1 2 3085 7869 7871
1 2 7869 3521 7870
1 2 7871 7870 374
1 2 7869 7870 7871
1 2 3520 13969 16222
1 2 13969 3521 7869
1 2 16222 7869 3085
1 2 13969 7869 16222
1 2 372 14497 12518
1 2 14497 1395 16161
1 2 12518 16161 3964
1 2 14497 16161 12518
1 2 1395 15565 15566
1 2 15565 32 9324
1 2 15566 9324 3293
1 2 15565 9324 15566
1 2 3964 16331 5558
1 2 16331 3293 13250
1 2 5558 13250 373
1 2 16331 13250 5558
1 2 1395 15566 16161
1 2 15566 3293 16331
1 2 16161 16331 3964
1 2 15566 16331 16161
1 2 374 7593 7595
1 2 7593 2755 7594
1 2 7595 7594 2757
1 2 7593 7594 7595
1 2 2755 5559 9390
1 2 5559 373 10195
1 2 9390 10195 2756
1 2 5559 10195 9390
1 2 2757 7488 7490
1 2 7488 2756 7489
1 2 7490 7489 48
1 2 7488 7489 7490
1 2 2755 9390 7594
1 2 9390 2756 7488
1 2 7594 7488 2757
1 2 9390 7488 7594
1 2 372 12518 12519
1 2 12518 3964 5568
1 2 12519 5568 3521
1 2 12518 5568 12519
1 2 3964 5558 5560
1 2 5558 373 5559
1 2 5560 5559 2755
1 2 5558 5559 5560
1 2 3521 5567 7870
1 2 5567 2755 7593
1 2 7870 7593 374
1 2 5567 7593 7870
1 2 3964 5560 5568
1 2 5560 2755 5567
1 2 5568 5567 3521
1 2 5560 5567 5568
1 2 32 5675 9324
1 2 5675 2677 9323
1 2 9324 9323 3293
1 2 5675 9323 9324
1 2 2677 8943 12370
1 2 8943 387 13675
1 2 12370 13675 3292
1 2 8943 13675 12370
1 2 3293 12371 13250
1 2 12371 3292 13209
1 2 13250 13209 373
1 2 12371 13209 13250
1 2 2677 12370 9323
1 2 12370 3292 12371
1 2 9323 12371 3293
1 2 12370 12371 9323
1 2 387 11540 11542
1 2 11540 4015 11541
1 2 11542 11541 3481
1 2 11540 11541 11542
1 2 4015 4835 16362
1 2 4835 49 16548
1 2 16362 16548 3430
1 2 4835 16548 16362
1 2 3481 15635 12169
1 2 15635 3430 12122
1 2 12169 12122 388
1 2 15635 12122 12169
1 2 4015 16362 11541
1 2 16362 3430 15635
1 2 11541 15635 3481
1 2 16362 15635 11541
1 2 373 10193 10195
1 2 10193 3443 10194
1 2 10195 10194 2756
1 2 10193 10194 10195
1 2 3443 12170 13164
1 2 12170 388 13163
1 2 13164 13163 3444
1 2 12170 13163 13164
1 2 2756 15313 7489
1 2 15313 3444 14389
1 2 7489 14389 48
1 2 15313 14389 7489
1 2 3443 13164 10194
1 2 13164 3444 15313
1 2 10194 15313 2756
1 2 13164 15313 10194
1 2 387 11542 13675
1 2 11542 3481 15374
1 2 13675 15374 3292
1 2 11542 15374 13675
1 2 3481 12169 12171
1 2 12169 388 12170
1 2 12171 12170 3443
1 2 12169 12170 12171
1 2 3292 13208 13209
1 2 13208 3443 10193
1 2 13209 10193 373
1 2 13208 10193 13209
1 2 3481 12171 15374
1 2 12171 3443 13208
1 2 15374 13208 3292
1 2 12171 13208 15374
1 2 32 5673 5675
1 2 5673 1833 5674
1 2 5675 5674 2677
1 2 5673 5674 5675
1 2 1833 15630 15631
1 2 15630 303 13236
1 2 15631 13236 1559
1 2 15630 13236 15631
1 2 2677 8941 8943
1 2 8941 1559 8942
1 2 8943 8942 387
1 2 8941 8942 8943
1 2 1833 15631 5674
1 2 15631 1559 8941
1 2 5674 8941 2677
1 2 15631 8941 5674
1 2 303 4623 13234
1 2 4623 3845 5570
1 2 13234 5570 1557
1 2 4623 5570 13234
1 2 3845 10649 5569
1 2 10649 33 8398
1 2 5569 8398 3676
1 2 10649 8398 5569
1 2 1557 5510 5512
1 2 5510 3676 5511
1 2 5512 5511 517
1 2 5510 5511 5512
1 2 3845 5569 5570
1 2 5569 3676 5510
1 2 5570 5510 1557
1 2 5569 5510 5570
1 2 387 10454 11540
1 2 10454 1558 15049
1 2 11540 15049 4015
1 2 10454 15049 11540
1 2 1558 8848 8850
1 2 8848 517 8849
1 2 8850 8849 1985
1 2 8848 8849 8850
1 2 4015 4833 4835
1 2 4833 1985 4834
1 2 4835 4834 49
1 2 4833 4834 4835
1 2 1558 8850 15049
1 2 8850 1985 4833
1 2 15049 4833 4015
1 2 8850 4833 15049
1 2 303 13234 13236
1 2 13234 1557 13235
1 2 13236 13235 1559
1 2 13234 13235 13236
1 2 1557 5512 12732
1 2 5512 517 8848
1 2 12732 8848 1558
1 2 5512 8848 12732
1 2 1559 10453 8942
1 2 10453 1558 10454
1 2 8942 10454 387
1 2 10453 10454 8942
1 2 1557 12732 13235
1 2 12732 1558 10453
1 2 13235 10453 1559
1 2 12732 10453 13235
1 2 33 7826 8398
1 2 7826 3364 8397
1 2 8398 8397 3676
1 2 7826 8397 8398
1 2 3364 14814 10905
1 2 14814 515 10265
1 2 10905 10265 1780
1 2 14814 10265 10905
1 2 3676 10906 5511
1 2 10906 1780 13484
1 2 5511 13484 517
1 2 10906 13484 5511
1 2 3364 10905 8397
1 2 10905 1780 10906
1 2 8397 10906 3676
1 2 10905 10906 8397
1 2 515 16138 10264
1 2 16138 3838 16354
1 2 10264 16354 1778
1 2 16138 16354 10264
1 2 3838 5063 9379
1 2 5063 50 9378
1 2 9379 9378 2803
1 2 5063 9378 9379
1 2 1778 4465 4467
1 2 4465 2803 4466
1 2 4467 4466 516
1 2 4465 4466 4467
1 2 3838 9379 16354
1 2 9379 2803 4465
1 2 16354 4465 1778
1 2 9379 4465 16354
1 2 517 14445 8849
1 2 14445 1779 6853
1 2 8849 6853 1985
1 2 14445 6853 8849
1 2 1779 11241 6851
1 2 11241 516 11242
1 2 6851 11242 1818
1 2 11241 11242 6851
1 2 1985 6852 4834
1 2 6852 1818 9730
1 2 4834 9730 49
1 2 6852 9730 4834
1 2 1779 6851 6853
1 2 6851 1818 6852
1 2 6853 6852 1985
1 2 6851 6852 6853
1 2 515 10264 10265
1 2 10264 1778 9540
1 2 10265 9540 1780
1 2 10264 9540 10265
1 2 1778 4467 9538
1 2 4467 516 11241
1 2 9538 11241 1779
1 2 4467 11241 9538
1 2 1780 9539 13484
1 2 9539 1779 14445
1 2 13484 14445 517
1 2 9539 14445 13484
1 2 1778 9538 9540
1 2 9538 1779 9539
1 2 9540 9539 1780
1 2 9538 9539 9540
1 2 33 7824 7826
1 2 7824 1228 7825
1 2 7826 7825 3364
1 2 7824 7825 7826
1 2 1228 5294 14800
1 2 5294 955 11519
1 2 14800 11519 1178
1 2 5294 11519 14800
1 2 3364 14826 14814
1 2 14826 1178 16389
1 2 14814 16389 515
1 2 14826 16389 14814
1 2 1228 14800 7825
1 2 14800 1178 14826
1 2 7825 14826 3364
1 2 14800 14826 7825
1 2 955 8834 11091
1 2 8834 2874 11090
1 2 11091 11090 1176
1 2 8834 11090 11091
1 2 2874 15271 15272
1 2 15271 34 15024
1 2 15272 15024 1448
1 2 15271 15024 15272
1 2 1176 6407 6408
1 2 6407 1448 5613
1 2 6408 5613 979
1 2 6407 5613 6408
1 2 2874 15272 11090
1 2 15272 1448 6407
1 2 11090 6407 1176
1 2 15272 6407 11090
1 2 515 16136 16138
1 2 16136 1177 16137
1 2 16138 16137 3838
1 2 16136 16137 16138
1 2 1177 13939 13941
1 2 13939 979 13940
1 2 13941 13940 1642
1 2 13939 13940 13941
1 2 3838 5061 5063
1 2 5061 1642 5062
1 2 5063 5062 50
1 2 5061 5062 5063
1 2 1177 13941 16137
1 2 13941 1642 5061
1 2 16137 5061 3838
1 2 13941 5061 16137
1 2 955 11091 11519
1 2 11091 1176 11518
1 2 11519 11518 1178
1 2 11091 11518 11519
1 2 1176 6408 15250
1 2 6408 979 13939
1 2 15250 13939 1177
1 2 6408 13939 15250
1 2 1178 15251 16389
1 2 15251 1177 16136
1 2 16389 16136 515
1 2 15251 16136 16389
1 2 1176 15250 11518
1 2 15250 1177 15251
1 2 11518 15251 1178
1 2 15250 15251 11518
1 2 34 15023 15024
1 2 15023 1446 7978
1 2 15024 7978 1448
1 2 15023 7978 15024
1 2 1446 15264 7977
1 2 15264 1077 6838
1 2 7977 6838 1447
1 2 15264 6838 7977
1 2 1448 5611 5613
1 2 5611 1447 5612
1 2 5613 5612 979
1 2 5611 5612 5613
1 2 1446 7977 7978
1 2 7977 1447 5611
1 2 7978 5611 1448
1 2 7977 5611 7978
1 2 1077 12690 6836
1 2 12690 3507 12691
1 2 6836 12691 3508
1 2 12690 12691 6836
1 2 3507 9563 9565
1 2 9563 51 9564
1 2 9565 9564 2462
1 2 9563 9564 9565
1 2 3508 14776 14778
1 2 14776 2462 14777
1 2 14778 14777 422
1 2 14776 14777 14778
1 2 3507 9565 12691
1 2 9565 2462 14776
1 2 12691 14776 3508
1 2 9565 14776 12691
1 2 979 12325 13940
1 2 12325 1640 14009
1 2 13940 14009 1642
1 2 12325 14009 13940
1 2 1640 5717 5719
1 2 5717 422 5718
1 2 5719 5718 1641
1 2 5717 5718 5719
1 2 1642 5919 5062
1 2 5919 1641 5920
1 2 5062 5920 50
1 2 5919 5920 5062
1 2 1640 5719 14009
1 2 5719 1641 5919
1 2 14009 5919 1642
1 2 5719 5919 14009
1 2 1077 6836 6838
1 2 6836 3508 6837
1 2 6838 6837 1447
1 2 6836 6837 6838
1 2 3508 14778 10779
1 2 14778 422 5717
1 2 10779 5717 1640
1 2 14778 5717 10779
1 2 1447 10780 5612
1 2 10780 1640 12325
1 2 5612 12325 979
1 2 10780 12325 5612
1 2 3508 10779 6837
1 2 10779 1640 10780
1 2 6837 10780 1447
1 2 10779 10780 6837
1 2 35 12566 12567
1 2 12566 3748 5171
1 2 12567 5171 3750
1 2 12566 5171 12567
1 2 3748 15872 5169
1 2 15872 812 12585
1 2 5169 12585 3749
1 2 15872 12585 5169
1 2 3750 5170 14769
1 2 5170 3749 6639
1 2 14769 6639 1079
1 2 5170 6639 14769
1 2 3748 5169 5171
1 2 5169 3749 5170
1 2 5171 5170 3750
1 2 5169 5170 5171
1 2 812 14150 12584
1 2 14150 1168 15440
1 2 12584 15440 2983
1 2 14150 15440 12584
1 2 1168 15754 15439
1 2 15754 36 12086
1 2 15439 12086 2982
1 2 15754 12086 15439
1 2 2983 8662 8664
1 2 8662 2982 8663
1 2 8664 8663 922
1 2 8662 8663 8664
1 2 1168 15439 15440
1 2 15439 2982 8662
1 2 15440 8662 2983
1 2 15439 8662 15440
1 2 1079 6638 13490
1 2 6638 2557 7031
1 2 13490 7031 2559
1 2 6638 7031 13490
1 2 2557 13405 7029
1 2 13405 922 15348
1 2 7029 15348 2558
1 2 13405 15348 7029
1 2 2559 7030 12965
1 2 7030 2558 10081
1 2 12965 10081 52
1 2 7030 10081 12965
1 2 2557 7029 7031
1 2 7029 2558 7030
1 2 7031 7030 2559
1 2 7029 7030 7031
1 2 812 12584 12585
1 2 12584 2983 11072
1 2 12585 11072 3749
1 2 12584 11072 12585
1 2 2983 8664 11071
1 2 8664 922 13405
1 2 11071 13405 2557
1 2 8664 13405 11071
1 2 3749 6637 6639
1 2 6637 2557 6638
1 2 6639 6638 1079
1 2 6637 6638 6639
1 2 2983 11071 11072
1 2 11071 2557 6637
1 2 11072 6637 3749
1 2 11071 6637 11072
1 2 36 12084 12086
1 2 12084 3437 12085
1 2 12086 12085 2982
1 2 12084 12085 12086
1 2 3437 13406 13407
1 2 13406 920 12432
1 2 13407 12432 3438
1 2 13406 12432 13407
1 2 2982 13957 8663
1 2 13957 3438 13958
1 2 8663 13958 922
1 2 13957 13958 8663
1 2 3437 13407 12085
1 2 13407 3438 13957
1 2 12085 13957 2982
1 2 13407 13957 12085
1 2 920 13192 12431
1 2 13192 2824 8286
1 2 12431 8286 2826
1 2 13192 8286 12431
1 2 2824 13963 8284
1 2 13963 53 12405
1 2 8284 12405 2825
1 2 13963 12405 8284
1 2 2826 8285 13748
1 2 8285 2825 13747
1 2 13748 13747 921
1 2 8285 13747 13748
1 2 2824 8284 8286
1 2 8284 2825 8285
1 2 8286 8285 2826
1 2 8284 8285 8286
1 2 922 15347 15348
1 2 15347 2623 6318
1 2 15348 6318 2558
1 2 15347 6318 15348
1 2 2623 8924 6316
1 2 8924 921 8925
1 2 6316 8925 2624
1 2 8924 8925 6316
1 2 2558 6317 10081
1 2 6317 2624 10080
1 2 10081 10080 52
1 2 6317 10080 10081
1 2 2623 6316 6318
1 2 6316 2624 6317
1 2 6318 6317 2558
1 2 6316 6317 6318
1 2 920 12431 12432
1 2 12431 2826 5996
1 2 12432 5996 3438
1 2 12431 5996 12432
1 2 2826 13748 5994
1 2 13748 921 8924
1 2 5994 8924 2623
1 2 13748 8924 5994
1 2 3438 5995 13958
1 2 5995 2623 15347
1 2 13958 15347 922
1 2 5995 15347 13958
1 2 2826 5994 5996
1 2 5994 2623 5995
1 2 5996 5995 3438
1 2 5994 5995 5996
1 2 36 7618 12084
1 2 7618 1100 13156
1 2 12084 13156 3437
1 2 7618 13156 12084
1 2 1100 10565 16071
1 2 10565 608 8521
1 2 16071 8521 3900
1 2 10565 8521 16071
1 2 3437 16072 13406
1 2 16072 3900 16412
1 2 13406 16412 920
1 2 16072 16412 13406
1 2 1100 16071 13156
1 2 16071 3900 16072
1 2 13156 16072 3437
1 2 16071 16072 13156
1 2 608 4649 8520
1 2 4649 1260 6392
1 2 8520 6392 1262
1 2 4649 6392 8520
1 2 1260 14202 6390
1 2 14202 37 14160
1 2 6390 14160 1261
1 2 14202 14160 6390
1 2 1262 6391 13751
1 2 6391 1261 12870
1 2 13751 12870 1044
1 2 6391 12870 13751
1 2 1260 6390 6392
1 2 6390 1261 6391
1 2 6392 6391 1262
1 2 6390 6391 6392
1 2 920 13191 13192
1 2 13191 3973 6447
1 2 13192 6447 2824
1 2 13191 6447 13192
1 2 3973 14864 6445
1 2 14864 1044 12438
1 2 6445 12438 3974
1 2 14864 12438 6445
1 2 2824 6446 13963
1 2 6446 3974 13962
1 2 13963 13962 53
1 2 6446 13962 13963
1 2 3973 6445 6447
1 2 6445 3974 6446
1 2 6447 6446 2824
1 2 6445 6446 6447
1 2 608 8520 8521
1 2 8520 1262 5106
1 2 8521 5106 3900
1 2 8520 5106 8521
1 2 1262 13751 5104
1 2 13751 1044 14864
1 2 5104 14864 3973
1 2 13751 14864 5104
1 2 3900 5105 16412
1 2 5105 3973 13191
1 2 16412 13191 920
1 2 5105 13191 16412
1 2 1262 5104 5106
1 2 5104 3973 5105
1 2 5106 5105 3900
1 2 5104 5105 5106
1 2 37 9259 14160
1 2 9259 2004 14159
1 2 14160 14159 1261
1 2 9259 14159 14160
1 2 2004 6584 13205
1 2 6584 415 13204
1 2 13205 13204 3413
1 2 6584 13204 13205
1 2 1261 12868 12870
1 2 12868 3413 12869
1 2 12870 12869 1044
1 2 12868 12869 12870
1 2 2004 13205 14159
1 2 13205 3413 12868
1 2 14159 12868 1261
1 2 13205 12868 14159
1 2 415 8915 8917
1 2 8915 1265 8916
1 2 8917 8916 3411
1 2 8915 8916 8917
1 2 1265 9866 9868
1 2 9866 54 9867
1 2 9868 9867 2922
1 2 9866 9867 9868
1 2 3411 15353 16489
1 2 15353 2922 16374
1 2 16489 16374 684
1 2 15353 16374 16489
1 2 1265 9868 8916
1 2 9868 2922 15353
1 2 8916 15353 3411
1 2 9868 15353 8916
1 2 1044 12437 12438
1 2 12437 3412 7683
1 2 12438 7683 3974
1 2 12437 7683 12438
1 2 3412 7485 7487
1 2 7485 684 7486
1 2 7487 7486 2687
1 2 7485 7486 7487
1 2 3974 7682 13962
1 2 7682 2687 9080
1 2 13962 9080 53
1 2 7682 9080 13962
1 2 3412 7487 7683
1 2 7487 2687 7682
1 2 7683 7682 3974
1 2 7487 7682 7683
1 2 415 8917 13204
1 2 8917 3411 4939
1 2 13204 4939 3413
1 2 8917 4939 13204
1 2 3411 16489 4937
1 2 16489 684 7485
1 2 4937 7485 3412
1 2 16489 7485 4937
1 2 3413 4938 12869
1 2 4938 3412 12437
1 2 12869 12437 1044
1 2 4938 12437 12869
1 2 3411 4937 4939
1 2 4937 3412 4938
1 2 4939 4938 3413
1 2 4937 4938 4939
1 2 37 9257 9259
1 2 9257 2002 9258
1 2 9259 9258 2004
1 2 9257 9258 9259
1 2 2002 4836 4838
1 2 4836 413 4837
1 2 4838 4837 2003
1 2 4836 4837 4838
1 2 2004 6582 6584
1 2 6582 2003 6583
1 2 6584 6583 415
1 2 6582 6583 6584
1 2 2002 4838 9258
1 2 4838 2003 6582
1 2 9258 6582 2004
1 2 4838 6582 9258
1 2 413 4398 8024
1 2 4398 1533 8023
1 2 8024 8023 1535
1 2 4398 8023 8024
1 2 1533 7989 12146
1 2 7989 38 14298
1 2 12146 14298 1534
1 2 7989 14298 12146
1 2 1535 12147 12855
1 2 12147 1534 16070
1 2 12855 16070 414
1 2 12147 16070 12855
1 2 1533 12146 8023
1 2 12146 1534 12147
1 2 8023 12147 1535
1 2 12146 12147 8023
1 2 415 15252 8915
1 2 15252 1263 14899
1 2 8915 14899 1265
1 2 15252 14899 8915
1 2 1263 12856 14898
1 2 12856 414 12099
1 2 14898 12099 1264
1 2 12856 12099 14898
1 2 1265 10794 9866
1 2 10794 1264 7883
1 2 9866 7883 54
1 2 10794 7883 9866
1 2 1263 14898 14899
1 2 14898 1264 10794
1 2 14899 10794 1265
1 2 14898 10794 14899
1 2 413 8024 4837
1 2 8024 1535 9778
1 2 4837 9778 2003
1 2 8024 9778 4837
1 2 1535 12855 9776
1 2 12855 414 12856
1 2 9776 12856 1263
1 2 12855 12856 9776
1 2 2003 9777 6583
1 2 9777 1263 15252
1 2 6583 15252 415
1 2 9777 15252 6583
1 2 1535 9776 9778
1 2 9776 1263 9777
1 2 9778 9777 2003
1 2 9776 9777 9778
1 2 38 14798 14298
1 2 14798 3214 16618
1 2 14298 16618 1534
1 2 14798 16618 14298
1 2 3214 15577 16499
1 2 15577 465 10015
1 2 16499 10015 2859
1 2 15577 10015 16499
1 2 1534 16134 16070
1 2 16134 2859 11953
1 2 16070 11953 414
1 2 16134 11953 16070
1 2 3214 16499 16618
1 2 16499 2859 16134
1 2 16618 16134 1534
1 2 16499 16134 16618
1 2 465 8103 8105
1 2 8103 3895 8104
1 2 8105 8104 2858
1 2 8103 8104 8105
1 2 3895 12647 10793
1 2 12647 55 5806
1 2 10793 5806 2777
1 2 12647 5806 10793
1 2 2858 8122 8123
1 2 8122 2777 6781
1 2 8123 6781 488
1 2 8122 6781 8123
1 2 3895 10793 8104
1 2 10793 2777 8122
1 2 8104 8122 2858
1 2 10793 8122 8104
1 2 414 11952 12099
1 2 11952 2104 8783
1 2 12099 8783 1264
1 2 11952 8783 12099
1 2 2104 15060 8782
1 2 15060 488 12613
1 2 8782 12613 2105
1 2 15060 12613 8782
1 2 1264 7881 7883
1 2 7881 2105 7882
1 2 7883 7882 54
1 2 7881 7882 7883
1 2 2104 8782 8783
1 2 8782 2105 7881
1 2 8783 7881 1264
1 2 8782 7881 8783
1 2 465 8105 10015
1 2 8105 2858 10014
1 2 10015 10014 2859
1 2 8105 10014 10015
1 2 2858 8123 10511
1 2 8123 488 15060
1 2 10511 15060 2104
1 2 8123 15060 10511
1 2 2859 10512 11953
1 2 10512 2104 11952
1 2 11953 11952 414
1 2 10512 11952 11953
1 2 2858 10511 10014
1 2 10511 2104 10512
1 2 10014 10512 2859
1 2 10511 10512 10014
1 2 38 14796 14798
1 2 14796 2629 14797
1 2 14798 14797 3214
1 2 14796 14797 14798
1 2 2629 5854 9717
1 2 5854 312 9716
1 2 9717 9716 2416
1 2 5854 9716 9717
1 2 3214 15576 15577
1 2 15576 2416 14758
1 2 15577 14758 465
1 2 15576 14758 15577
1 2 2629 9717 14797
1 2 9717 2416 15576
1 2 14797 15576 3214
1 2 9717 15576 14797
1 2 312 9928 14850
1 2 9928 2567 7581
1 2 14850 7581 2414
1 2 9928 7581 14850
1 2 2567 15098 7579
1 2 15098 39 7280
1 2 7579 7280 1576
1 2 15098 7280 7579
1 2 2414 7580 5270
1 2 7580 1576 10691
1 2 5270 10691 464
1 2 7580 10691 5270
1 2 2567 7579 7581
1 2 7579 1576 7580
1 2 7581 7580 2414
1 2 7579 7580 7581
1 2 465 14550 8103
1 2 14550 2415 6149
1 2 8103 6149 3895
1 2 14550 6149 8103
1 2 2415 4283 4285
1 2 4283 464 4284
1 2 4285 4284 3213
1 2 4283 4284 4285
1 2 3895 6148 12647
1 2 6148 3213 12646
1 2 12647 12646 55
1 2 6148 12646 12647
1 2 2415 4285 6149
1 2 4285 3213 6148
1 2 6149 6148 3895
1 2 4285 6148 6149
1 2 312 14850 9716
1 2 14850 2414 7508
1 2 9716 7508 2416
1 2 14850 7508 9716
1 2 2414 5270 5271
1 2 5270 464 4283
1 2 5271 4283 2415
1 2 5270 4283 5271
1 2 2416 7507 14758
1 2 7507 2415 14550
1 2 14758 14550 465
1 2 7507 14550 14758
1 2 2414 5271 7508
1 2 5271 2415 7507
1 2 7508 7507 2416
1 2 5271 7507 7508
1 2 39 7279 7280
1 2 7279 1574 6957
1 2 7280 6957 1576
1 2 7279 6957 7280
1 2 1574 11472 6955
1 2 11472 911 12246
1 2 6955 12246 1575
1 2 11472 12246 6955
1 2 1576 6956 10691
1 2 6956 1575 9579
1 2 10691 9579 464
1 2 6956 9579 10691
1 2 1574 6955 6957
1 2 6955 1575 6956
1 2 6957 6956 1576
1 2 6955 6956 6957
1 2 911 12222 12224
1 2 12222 3091 12223
1 2 12224 12223 3092
1 2 12222 12223 12224
1 2 3091 8005 10868
1 2 8005 56 10867
1 2 10868 10867 2827
1 2 8005 10867 10868
1 2 3092 10653 10655
1 2 10653 2827 10654
1 2 10655 10654 912
1 2 10653 10654 10655
1 2 3091 10868 12223
1 2 10868 2827 10653
1 2 12223 10653 3092
1 2 10868 10653 12223
1 2 464 9578 4284
1 2 9578 3211 10547
1 2 4284 10547 3213
1 2 9578 10547 4284
1 2 3211 16132 14244
1 2 16132 912 12931
1 2 14244 12931 3212
1 2 16132 12931 14244
1 2 3213 14245 12646
1 2 14245 3212 13157
1 2 12646 13157 55
1 2 14245 13157 12646
1 2 3211 14244 10547
1 2 14244 3212 14245
1 2 10547 14245 3213
1 2 14244 14245 10547
1 2 911 12224 12246
1 2 12224 3092 16291
1 2 12246 16291 1575
1 2 12224 16291 12246
1 2 3092 10655 16133
1 2 10655 912 16132
1 2 16133 16132 3211
1 2 10655 16132 16133
1 2 1575 9577 9579
1 2 9577 3211 9578
1 2 9579 9578 464
1 2 9577 9578 9579
1 2 3092 16133 16291
1 2 16133 3211 9577
1 2 16291 9577 1575
1 2 16133 9577 16291
1 2 39 11843 7279
1 2 11843 2093 11844
1 2 7279 11844 1574
1 2 11843 11844 7279
1 2 2093 14917 15776
1 2 14917 880 12936
1 2 15776 12936 3532
1 2 14917 12936 15776
1 2 1574 11470 11472
1 2 11470 3532 11471
1 2 11472 11471 911
1 2 11470 11471 11472
1 2 2093 15776 11844
1 2 15776 3532 11470
1 2 11844 11470 1574
1 2 15776 11470 11844
1 2 880 15636 12935
1 2 15636 3701 14654
1 2 12935 14654 3530
1 2 15636 14654 12935
1 2 3701 12889 12890
1 2 12889 40 10275
1 2 12890 10275 2773
1 2 12889 10275 12890
1 2 3530 14653 16130
1 2 14653 2773 16129
1 2 16130 16129 932
1 2 14653 16129 16130
1 2 3701 12890 14654
1 2 12890 2773 14653
1 2 14654 14653 3530
1 2 12890 14653 14654
1 2 911 12899 12222
1 2 12899 3531 4419
1 2 12222 4419 3091
1 2 12899 4419 12222
1 2 3531 9009 4417
1 2 9009 932 9010
1 2 4417 9010 3484
1 2 9009 9010 4417
1 2 3091 4418 8005
1 2 4418 3484 8004
1 2 8005 8004 56
1 2 4418 8004 8005
1 2 3531 4417 4419
1 2 4417 3484 4418
1 2 4419 4418 3091
1 2 4417 4418 4419
1 2 880 12935 12936
1 2 12935 3530 11195
1 2 12936 11195 3532
1 2 12935 11195 12936
1 2 3530 16130 11193
1 2 16130 932 9009
1 2 11193 9009 3531
1 2 16130 9009 11193
1 2 3532 11194 11471
1 2 11194 3531 12899
1 2 11471 12899 911
1 2 11194 12899 11471
1 2 3530 11193 11195
1 2 11193 3531 11194
1 2 11195 11194 3532
1 2 11193 11194 11195
1 2 40 5813 10275
1 2 5813 2216 10274
1 2 10275 10274 2773
1 2 5813 10274 10275
1 2 2216 8851 8853
1 2 8851 931 8852
1 2 8853 8852 2772
1 2 8851 8852 8853
1 2 2773 12573 16129
1 2 12573 2772 15268
1 2 16129 15268 932
1 2 12573 15268 16129
1 2 2216 8853 10274
1 2 8853 2772 12573
1 2 10274 12573 2773
1 2 8853 12573 10274
1 2 931 9213 9214
1 2 9213 3575 8280
1 2 9214 8280 4182
1 2 9213 8280 9214
1 2 3575 10953 8279
1 2 10953 57 15456
1 2 8279 15456 2698
1 2 10953 15456 8279
1 2 4182 6049 6051
1 2 6049 2698 6050
1 2 6051 6050 366
1 2 6049 6050 6051
1 2 3575 8279 8280
1 2 8279 2698 6049
1 2 8280 6049 4182
1 2 8279 6049 8280
1 2 932 13888 9010
1 2 13888 3482 13889
1 2 9010 13889 3484
1 2 13888 13889 9010
1 2 3482 7008 7011
1 2 7008 366 7010
1 2 7011 7010 3483
1 2 7008 7010 7011
1 2 3484 10419 8004
1 2 10419 3483 4447
1 2 8004 4447 56
1 2 10419 4447 8004
1 2 3482 7011 13889
1 2 7011 3483 10419
1 2 13889 10419 3484
1 2 7011 10419 13889
1 2 931 9214 8852
1 2 9214 4182 13986
1 2 8852 13986 2772
1 2 9214 13986 8852
1 2 4182 6051 7009
1 2 6051 366 7008
1 2 7009 7008 3482
1 2 6051 7008 7009
1 2 2772 15267 15268
1 2 15267 3482 13888
1 2 15268 13888 932
1 2 15267 13888 15268
1 2 4182 7009 13986
1 2 7009 3482 15267
1 2 13986 15267 2772
1 2 7009 15267 13986
1 2 40 5811 5813
1 2 5811 2214 5812
1 2 5813 5812 2216
1 2 5811 5812 5813
1 2 2214 10118 10120
1 2 10118 956 10119
1 2 10120 10119 2215
1 2 10118 10119 10120
1 2 2216 13890 8851
1 2 13890 2215 6936
1 2 8851 6936 931
1 2 13890 6936 8851
1 2 2214 10120 5812
1 2 10120 2215 13890
1 2 5812 13890 2216
1 2 10120 13890 5812
1 2 956 9722 14399
1 2 9722 4030 13221
1 2 14399 13221 3192
1 2 9722 13221 14399
1 2 4030 16044 13220
1 2 16044 41 14008
1 2 13220 14008 3415
1 2 16044 14008 13220
1 2 3192 5052 5054
1 2 5052 3415 5053
1 2 5054 5053 647
1 2 5052 5053 5054
1 2 4030 13220 13221
1 2 13220 3415 5052
1 2 13221 5052 3192
1 2 13220 5052 13221
1 2 931 6935 9213
1 2 6935 3193 13468
1 2 9213 13468 3575
1 2 6935 13468 9213
1 2 3193 16593 13742
1 2 16593 647 11510
1 2 13742 11510 3539
1 2 16593 11510 13742
1 2 3575 10951 10953
1 2 10951 3539 10952
1 2 10953 10952 57
1 2 10951 10952 10953
1 2 3193 13742 13468
1 2 13742 3539 10951
1 2 13468 10951 3575
1 2 13742 10951 13468
1 2 956 14399 10119
1 2 14399 3192 14400
1 2 10119 14400 2215
1 2 14399 14400 10119
1 2 3192 5054 16206
1 2 5054 647 16593
1 2 16206 16593 3193
1 2 5054 16593 16206
1 2 2215 6934 6936
1 2 6934 3193 6935
1 2 6936 6935 931
1 2 6934 6935 6936
1 2 3192 16206 14400
1 2 16206 3193 6934
1 2 14400 6934 2215
1 2 16206 6934 14400
1 2 41 14007 14008
1 2 14007 2394 8158
1 2 14008 8158 3415
1 2 14007 8158 14008
1 2 2394 7313 7315
1 2 7313 645 7314
1 2 7315 7314 3414
1 2 7313 7314 7315
1 2 3415 8157 5053
1 2 8157 3414 12272
1 2 5053 12272 647
1 2 8157 12272 5053
1 2 2394 7315 8158
1 2 7315 3414 8157
1 2 8158 8157 3415
1 2 7315 8157 8158
1 2 645 11289 14763
1 2 11289 1940 16056
1 2 14763 16056 4112
1 2 11289 16056 14763
1 2 1940 9914 9916
1 2 9914 58 9915
1 2 9916 9915 3722
1 2 9914 9915 9916
1 2 4112 11679 11681
1 2 11679 3722 11680
1 2 11681 11680 646
1 2 11679 11680 11681
1 2 1940 9916 16056
1 2 9916 3722 11679
1 2 16056 11679 4112
1 2 9916 11679 16056
1 2 647 11508 11510
1 2 11508 3538 11509
1 2 11510 11509 3539
1 2 11508 11509 11510
1 2 3538 12104 11912
1 2 12104 646 10578
1 2 11912 10578 2351
1 2 12104 10578 11912
1 2 3539 11913 10952
1 2 11913 2351 15819
1 2 10952 15819 57
1 2 11913 15819 10952
1 2 3538 11912 11509
1 2 11912 2351 11913
1 2 11509 11913 3539
1 2 11912 11913 11509
1 2 645 14763 7314
1 2 14763 4112 14764
1 2 7314 14764 3414
1 2 14763 14764 7314
1 2 4112 11681 15331
1 2 11681 646 12104
1 2 15331 12104 3538
1 2 11681 12104 15331
1 2 3414 12271 12272
1 2 12271 3538 11508
1 2 12272 11508 647
1 2 12271 11508 12272
1 2 4112 15331 14764
1 2 15331 3538 12271
1 2 14764 12271 3414
1 2 15331 12271 14764
1 2 41 12914 14007
1 2 12914 2392 15243
1 2 14007 15243 2394
1 2 12914 15243 14007
1 2 2392 7251 16551
1 2 7251 1031 10836
1 2 16551 10836 2393
1 2 7251 10836 16551
1 2 2394 16535 7313
1 2 16535 2393 8864
1 2 7313 8864 645
1 2 16535 8864 7313
1 2 2392 16551 15243
1 2 16551 2393 16535
1 2 15243 16535 2394
1 2 16551 16535 15243
1 2 1031 14674 10834
1 2 14674 1324 14849
1 2 10834 14849 1790
1 2 14674 14849 10834
1 2 1324 15276 15277
1 2 15276 42 14724
1 2 15277 14724 1789
1 2 15276 14724 15277
1 2 1790 11268 11269
1 2 11268 1789 8500
1 2 11269 8500 750
1 2 11268 8500 11269
1 2 1324 15277 14849
1 2 15277 1789 11268
1 2 14849 11268 1790
1 2 15277 11268 14849
1 2 645 8863 11289
1 2 8863 1938 8970
1 2 11289 8970 1940
1 2 8863 8970 11289
1 2 1938 12900 8968
1 2 12900 750 5186
1 2 8968 5186 1939
1 2 12900 5186 8968
1 2 1940 8969 9914
1 2 8969 1939 13716
1 2 9914 13716 58
1 2 8969 13716 9914
1 2 1938 8968 8970
1 2 8968 1939 8969
1 2 8970 8969 1940
1 2 8968 8969 8970
1 2 1031 10834 10836
1 2 10834 1790 10835
1 2 10836 10835 2393
1 2 10834 10835 10836
1 2 1790 11269 11888
1 2 11269 750 12900
1 2 11888 12900 1938
1 2 11269 12900 11888
1 2 2393 8862 8864
1 2 8862 1938 8863
1 2 8864 8863 645
1 2 8862 8863 8864
1 2 1790 11888 10835
1 2 11888 1938 8862
1 2 10835 8862 2393
1 2 11888 8862 10835
1 2 42 6453 14724
1 2 6453 2313 14723
1 2 14724 14723 1789
1 2 6453 14723 14724
1 2 2313 7568 7569
1 2 7568 621 7350
1 2 7569 7350 3588
1 2 7568 7350 7569
1 2 1789 8498 8500
1 2 8498 3588 8499
1 2 8500 8499 750
1 2 8498 8499 8500
1 2 2313 7569 14723
1 2 7569 3588 8498
1 2 14723 8498 1789
1 2 7569 8498 14723
1 2 621 11706 7348
1 2 11706 2992 11707
1 2 7348 11707 2994
1 2 11706 11707 7348
1 2 2992 12905 12907
1 2 12905 59 12906
1 2 12907 12906 2993
1 2 12905 12906 12907
1 2 2994 15496 16213
1 2 15496 2993 16212
1 2 16213 16212 749
1 2 15496 16212 16213
1 2 2992 12907 11707
1 2 12907 2993 15496
1 2 11707 15496 2994
1 2 12907 15496 11707
1 2 750 5184 5186
1 2 5184 3382 5185
1 2 5186 5185 1939
1 2 5184 5185 5186
1 2 3382 14869 9843
1 2 14869 749 9882
1 2 9843 9882 3383
1 2 14869 9882 9843
1 2 1939 9844 13716
1 2 9844 3383 14975
1 2 13716 14975 58
1 2 9844 14975 13716
1 2 3382 9843 5185
1 2 9843 3383 9844
1 2 5185 9844 1939
1 2 9843 9844 5185
1 2 621 7348 7350
1 2 7348 2994 7349
1 2 7350 7349 3588
1 2 7348 7349 7350
1 2 2994 16213 15664
1 2 16213 749 14869
1 2 15664 14869 3382
1 2 16213 14869 15664
1 2 3588 14801 8499
1 2 14801 3382 5184
1 2 8499 5184 750
1 2 14801 5184 8499
1 2 2994 15664 7349
1 2 15664 3382 14801
1 2 7349 14801 3588
1 2 15664 14801 7349
1 2 42 6451 6453
1 2 6451 2233 6452
1 2 6453 6452 2313
1 2 6451 6452 6453
1 2 2233 5173 14336
1 2 5173 620 10992
1 2 14336 10992 1547
1 2 5173 10992 14336
1 2 2313 12525 7568
1 2 12525 1547 6720
1 2 7568 6720 621
1 2 12525 6720 7568
1 2 2233 14336 6452
1 2 14336 1547 12525
1 2 6452 12525 2313
1 2 14336 12525 6452
1 2 620 10064 10990
1 2 10064 3011 10209
1 2 10990 10209 1545
1 2 10064 10209 10990
1 2 3011 11426 10207
1 2 11426 43 7176
1 2 10207 7176 3224
1 2 11426 7176 10207
1 2 1545 10208 10437
1 2 10208 3224 10436
1 2 10437 10436 601
1 2 10208 10436 10437
1 2 3011 10207 10209
1 2 10207 3224 10208
1 2 10209 10208 1545
1 2 10207 10208 10209
1 2 621 6719 11706
1 2 6719 1546 15768
1 2 11706 15768 2992
1 2 6719 15768 11706
1 2 1546 13944 15142
1 2 13944 601 7868
1 2 15142 7868 2236
1 2 13944 7868 15142
1 2 2992 16083 12905
1 2 16083 2236 11145
1 2 12905 11145 59
1 2 16083 11145 12905
1 2 1546 15142 15768
1 2 15142 2236 16083
1 2 15768 16083 2992
1 2 15142 16083 15768
1 2 620 10990 10992
1 2 10990 1545 10991
1 2 10992 10991 1547
1 2 10990 10991 10992
1 2 1545 10437 13945
1 2 10437 601 13944
1 2 13945 13944 1546
1 2 10437 13944 13945
1 2 1547 6718 6720
1 2 6718 1546 6719
1 2 6720 6719 621
1 2 6718 6719 6720
1 2 1545 13945 10991
1 2 13945 1546 6718
1 2 10991 6718 1547
1 2 13945 6718 10991
1 2 43 7174 7176
1 2 7174 3223 7175
1 2 7176 7175 3224
1 2 7174 7175 7176
1 2 3223 8990 10912
1 2 8990 600 10532
1 2 10912 10532 2648
1 2 8990 10532 10912
1 2 3224 15597 10436
1 2 15597 2648 4806
1 2 10436 4806 601
1 2 15597 4806 10436
1 2 3223 10912 7175
1 2 10912 2648 15597
1 2 7175 15597 3224
1 2 10912 15597 7175
1 2 600 15937 10531
1 2 15937 3410 8269
1 2 10531 8269 2647
1 2 15937 8269 10531
1 2 3410 7410 7412
1 2 7410 60 7411
1 2 7412 7411 3830
1 2 7410 7411 7412
1 2 2647 8268 11096
1 2 8268 3830 11095
1 2 11096 11095 360
1 2 8268 11095 11096
1 2 3410 7412 8269
1 2 7412 3830 8268
1 2 8269 8268 2647
1 2 7412 8268 8269
1 2 601 4805 7868
1 2 4805 2234 7867
1 2 7868 7867 2236
1 2 4805 7867 7868
1 2 2234 13560 13562
1 2 13560 360 13561
1 2 13562 13561 2235
1 2 13560 13561 13562
1 2 2236 11143 11145
1 2 11143 2235 11144
1 2 11145 11144 59
1 2 11143 11144 11145
1 2 2234 13562 7867
1 2 13562 2235 11143
1 2 7867 11143 2236
1 2 13562 11143 7867
1 2 600 10531 10532
1 2 10531 2647 6349
1 2 10532 6349 2648
1 2 10531 6349 10532
1 2 2647 11096 6348
1 2 11096 360 13560
1 2 6348 13560 2234
1 2 11096 13560 6348
1 2 2648 4804 4806
1 2 4804 2234 4805
1 2 4806 4805 601
1 2 4804 4805 4806
1 2 2647 6348 6349
1 2 6348 2234 4804
1 2 6349 4804 2648
1 2 6348 4804 6349
1 2 43 12681 7174
1 2 12681 1734 12682
1 2 7174 12682 3223
1 2 12681 12682 7174
1 2 1734 7827 16359
1 2 7827 850 16623
1 2 16359 16623 2443
1 2 7827 16623 16359
1 2 3223 8988 8990
1 2 8988 2443 8989
1 2 8990 8989 600
1 2 8988 8989 8990
1 2 1734 16359 12682
1 2 16359 2443 8988
1 2 12682 8988 3223
1 2 16359 8988 12682
1 2 850 7328 13857
1 2 7328 1156 13856
1 2 13857 13856 1607
1 2 7328 13856 13857
1 2 1156 16366 15746
1 2 16366 44 8979
1 2 15746 8979 1606
1 2 16366 8979 15746
1 2 1607 4406 4408
1 2 4406 1606 4407
1 2 4408 4407 851
1 2 4406 4407 4408
1 2 1156 15746 13856
1 2 15746 1606 4406
1 2 13856 4406 1607
1 2 15746 4406 13856
1 2 600 9612 15937
1 2 9612 2442 7096
1 2 15937 7096 3410
1 2 9612 7096 15937
1 2 2442 5366 7094
1 2 5366 851 11240
1 2 7094 11240 3409
1 2 5366 11240 7094
1 2 3410 7095 7410
1 2 7095 3409 5696
1 2 7410 5696 60
1 2 7095 5696 7410
1 2 2442 7094 7096
1 2 7094 3409 7095
1 2 7096 7095 3410
1 2 7094 7095 7096
1 2 850 13857 16623
1 2 13857 1607 15283
1 2 16623 15283 2443
1 2 13857 15283 16623
1 2 1607 4408 5367
1 2 4408 851 5366
1 2 5367 5366 2442
1 2 4408 5366 5367
1 2 2443 9611 8989
1 2 9611 2442 9612
1 2 8989 9612 600
1 2 9611 9612 8989
1 2 1607 5367 15283
1 2 5367 2442 9611
1 2 15283 9611 2443
1 2 5367 9611 15283
1 2 44 8977 8979
1 2 8977 1989 8978
1 2 8979 8978 1606
1 2 8977 8978 8979
1 2 1989 16065 12723
1 2 16065 905 6601
1 2 12723 6601 1990
1 2 16065 6601 12723
1 2 1606 5131 4407
1 2 5131 1990 5132
1 2 4407 5132 851
1 2 5131 5132 4407
1 2 1989 12723 8978
1 2 12723 1990 5131
1 2 8978 5131 1606
1 2 12723 5131 8978
1 2 905 13883 6599
1 2 13883 2935 16043
1 2 6599 16043 3149
1 2 13883 16043 6599
1 2 2935 15414 15502
1 2 15414 61 9470
1 2 15502 9470 3928
1 2 15414 9470 15502
1 2 3149 16042 16058
1 2 16042 3928 16057
1 2 16058 16057 906
1 2 16042 16057 16058
1 2 2935 15502 16043
1 2 15502 3928 16042
1 2 16043 16042 3149
1 2 15502 16042 16043
1 2 851 16271 11240
1 2 16271 3150 9626
1 2 11240 9626 3409
1 2 16271 9626 11240
1 2 3150 10600 9625
1 2 10600 906 9255
1 2 9625 9255 3699
1 2 10600 9255 9625
1 2 3409 5694 5696
1 2 5694 3699 5695
1 2 5696 5695 60
1 2 5694 5695 5696
1 2 3150 9625 9626
1 2 9625 3699 5694
1 2 9626 5694 3409
1 2 9625 5694 9626
1 2 905 6599 6601
1 2 6599 3149 6600
1 2 6601 6600 1990
1 2 6599 6600 6601
1 2 3149 16058 9829
1 2 16058 906 10600
1 2 9829 10600 3150
1 2 16058 10600 9829
1 2 1990 9830 5132
1 2 9830 3150 16271
1 2 5132 16271 851
1 2 9830 16271 5132
1 2 3149 9829 6600
1 2 9829 3150 9830
1 2 6600 9830 1990
1 2 9829 9830 6600
1 2 44 9790 8977
1 2 9790 3014 15601
1 2 8977 15601 1989
1 2 9790 15601 8977
1 2 3014 15999 15599
1 2 15999 771 15638
1 2 15599 15638 3015
1 2 15999 15638 15599
1 2 1989 15600 16065
1 2 15600 3015 16429
1 2 16065 16429 905
1 2 15600 16429 16065
1 2 3014 15599 15601
1 2 15599 3015 15600
1 2 15601 15600 1989
1 2 15599 15600 15601
1 2 771 12884 14987
1 2 12884 2513 14986
1 2 14987 14986 3671
1 2 12884 14986 14987
1 2 2513 8038 12090
1 2 8038 45 11274
1 2 12090 11274 3670
1 2 8038 11274 12090
1 2 3671 5110 5112
1 2 5110 3670 5111
1 2 5112 5111 319
1 2 5110 5111 5112
1 2 2513 12090 14986
1 2 12090 3670 5110
1 2 14986 5110 3671
1 2 12090 5110 14986
1 2 905 13881 13883
1 2 13881 2934 13882
1 2 13883 13882 2935
1 2 13881 13882 13883
1 2 2934 5346 12813
1 2 5346 319 10665
1 2 12813 10665 2497
1 2 5346 10665 12813
1 2 2935 14109 15414
1 2 14109 2497 15192
1 2 15414 15192 61
1 2 14109 15192 15414
1 2 2934 12813 13882
1 2 12813 2497 14109
1 2 13882 14109 2935
1 2 12813 14109 13882
1 2 771 14987 15638
1 2 14987 3671 7035
1 2 15638 7035 3015
1 2 14987 7035 15638
1 2 3671 5112 5347
1 2 5112 319 5346
1 2 5347 5346 2934
1 2 5112 5346 5347
1 2 3015 7034 16429
1 2 7034 2934 13881
1 2 16429 13881 905
1 2 7034 13881 16429
1 2 3671 5347 7035
1 2 5347 2934 7034
1 2 7035 7034 3015
1 2 5347 7034 7035
1 2 45 11272 11274
1 2 11272 3710 11273
1 2 11274 11273 3670
1 2 11272 11273 11274
1 2 3710 16501 13135
1 2 16501 317 16631
1 2 13135 16631 3711
1 2 16501 16631 13135
1 2 3670 13136 5111
1 2 13136 3711 14041
1 2 5111 14041 319
1 2 13136 14041 5111
1 2 3710 13135 11273
1 2 13135 3711 13136
1 2 11273 13136 3670
1 2 13135 13136 11273
1 2 317 8720 8722
1 2 8720 1854 8721
1 2 8722 8721 4098
1 2 8720 8721 8722
1 2 1854 13568 10159
1 2 13568 62 15178
1 2 10159 15178 2488
1 2 13568 15178 10159
1 2 4098 10160 7570
1 2 10160 2488 5098
1 2 7570 5098 318
1 2 10160 5098 7570
1 2 1854 10159 8721
1 2 10159 2488 10160
1 2 8721 10160 4098
1 2 10159 10160 8721
1 2 319 10664 10665
1 2 10664 2495 10245
1 2 10665 10245 2497
1 2 10664 10245 10665
1 2 2495 7571 10243
1 2 7571 318 7829
1 2 10243 7829 2496
1 2 7571 7829 10243
1 2 2497 10244 15192
1 2 10244 2496 7140
1 2 15192 7140 61
1 2 10244 7140 15192
1 2 2495 10243 10245
1 2 10243 2496 10244
1 2 10245 10244 2497
1 2 10243 10244 10245
1 2 317 8722 16631
1 2 8722 4098 8807
1 2 16631 8807 3711
1 2 8722 8807 16631
1 2 4098 7570 7572
1 2 7570 318 7571
1 2 7572 7571 2495
1 2 7570 7571 7572
1 2 3711 8806 14041
1 2 8806 2495 10664
1 2 14041 10664 319
1 2 8806 10664 14041
1 2 4098 7572 8807
1 2 7572 2495 8806
1 2 8807 8806 3711
1 2 7572 8806 8807
1 2 45 15453 11272
1 2 15453 1890 12064
1 2 11272 12064 3710
1 2 15453 12064 11272
1 2 1890 10237 10239
1 2 10237 846 10238
1 2 10239 10238 3246
1 2 10237 10238 10239
1 2 3710 12063 16501
1 2 12063 3246 16482
1 2 16501 16482 317
1 2 12063 16482 16501
1 2 1890 10239 12064
1 2 10239 3246 12063
1 2 12064 12063 3710
1 2 10239 12063 12064
1 2 846 15197 15208
1 2 15197 3755 5795
1 2 15208 5795 3245
1 2 15197 5795 15208
1 2 3755 11006 5793
1 2 11006 46 11007
1 2 5793 11007 3756
1 2 11006 11007 5793
1 2 3245 5794 12327
1 2 5794 3756 12556
1 2 12327 12556 847
1 2 5794 12556 12327
1 2 3755 5793 5795
1 2 5793 3756 5794
1 2 5795 5794 3245
1 2 5793 5794 5795
1 2 317 16481 8720
1 2 16481 1852 7151
1 2 8720 7151 1854
1 2 16481 7151 8720
1 2 1852 7408 7149
1 2 7408 847 7409
1 2 7149 7409 1853
1 2 7408 7409 7149
1 2 1854 7150 13568
1 2 7150 1853 13567
1 2 13568 13567 62
1 2 7150 13567 13568
1 2 1852 7149 7151
1 2 7149 1853 7150
1 2 7151 7150 1854
1 2 7149 7150 7151
1 2 846 15208 10238
1 2 15208 3245 7697
1 2 10238 7697 3246
1 2 15208 7697 10238
1 2 3245 12327 7695
1 2 12327 847 7408
1 2 7695 7408 1852
1 2 12327 7408 7695
1 2 3246 7696 16482
1 2 7696 1852 16481
1 2 16482 16481 317
1 2 7696 16481 16482
1 2 3245 7695 7697
1 2 7695 1852 7696
1 2 7697 7696 3246
1 2 7695 7696 7697
1 2 46 8328 11007
1 2 8328 1654 16526
1 2 11007 16526 3756
1 2 8328 16526 11007
1 2 1654 9198 9200
1 2 9198 941 9199
1 2 9200 9199 3898
1 2 9198 9199 9200
1 2 3756 16572 12556
1 2 16572 3898 16608
1 2 12556 16608 847
1 2 16572 16608 12556
1 2 1654 9200 16526
1 2 9200 3898 16572
1 2 16526 16572 3756
1 2 9200 16572 16526
1 2 941 12901 9593
1 2 12901 3509 12902
1 2 9593 12902 3831
1 2 12901 12902 9593
1 2 3509 15870 14957
1 2 15870 63 15871
1 2 14957 15871 2436
1 2 15870 15871 14957
1 2 3831 6830 6832
1 2 6830 2436 6831
1 2 6832 6831 538
1 2 6830 6831 6832
1 2 3509 14957 12902
1 2 14957 2436 6830
1 2 12902 6830 3831
1 2 14957 6830 12902
1 2 847 13469 7409
1 2 13469 1975 13470
1 2 7409 13470 1853
1 2 13469 13470 7409
1 2 1975 14829 15880
1 2 14829 538 12757
1 2 15880 12757 1976
1 2 14829 12757 15880
1 2 1853 14173 13567
1 2 14173 1976 14174
1 2 13567 14174 62
1 2 14173 14174 13567
1 2 1975 15880 13470
1 2 15880 1976 14173
1 2 13470 14173 1853
1 2 15880 14173 13470
1 2 941 9593 9199
1 2 9593 3831 9594
1 2 9199 9594 3898
1 2 9593 9594 9199
1 2 3831 6832 10891
1 2 6832 538 14829
1 2 10891 14829 1975
1 2 6832 14829 10891
1 2 3898 10892 16608
1 2 10892 1975 13469
1 2 16608 13469 847
1 2 10892 13469 16608
1 2 3831 10891 9594
1 2 10891 1975 10892
1 2 9594 10892 3898
1 2 10891 10892 9594
1 2 46 8326 8328
1 2 8326 1652 8327
1 2 8328 8327 1654
1 2 8326 8327 8328
1 2 1652 13199 15157
1 2 13199 939 16109
1 2 15157 16109 1653
1 2 13199 16109 15157
1 2 1654 15158 9198
1 2 15158 1653 5687
1 2 9198 5687 941
1 2 15158 5687 9198
1 2 1652 15157 8327
1 2 15157 1653 15158
1 2 8327 15158 1654
1 2 15157 15158 8327
1 2 939 14074 14546
1 2 14074 1760 4536
1 2 14546 4536 1762
1 2 14074 4536 14546
1 2 1760 8330 4534
1 2 8330 47 9662
1 2 4534 9662 1761
1 2 8330 9662 4534
1 2 1762 4535 10432
1 2 4535 1761 10431
1 2 10432 10431 940
1 2 4535 10431 10432
1 2 1760 4534 4536
1 2 4534 1761 4535
1 2 4536 4535 1762
1 2 4534 4535 4536
1 2 941 5686 12901
1 2 5686 2248 12193
1 2 12901 12193 3509
1 2 5686 12193 12901
1 2 2248 11646 12191
1 2 11646 940 16229
1 2 12191 16229 2041
1 2 11646 16229 12191
1 2 3509 12192 15870
1 2 12192 2041 9764
1 2 15870 9764 63
1 2 12192 9764 15870
1 2 2248 12191 12193
1 2 12191 2041 12192
1 2 12193 12192 3509
1 2 12191 12192 12193
1 2 939 14546 16109
1 2 14546 1762 15397
1 2 16109 15397 1653
1 2 14546 15397 16109
1 2 1762 10432 11647
1 2 10432 940 11646
1 2 11647 11646 2248
1 2 10432 11646 11647
1 2 1653 5685 5687
1 2 5685 2248 5686
1 2 5687 5686 941
1 2 5685 5686 5687
1 2 1762 11647 15397
1 2 11647 2248 5685
1 2 15397 5685 1653
1 2 11647 5685 15397
1 2 47 11476 9662
1 2 11476 3113 7675
1 2 9662 7675 1761
1 2 11476 7675 9662
1 2 3113 15476 7673
1 2 15476 947 8526
1 2 7673 8526 3874
1 2 15476 8526 7673
1 2 1761 7674 10431
1 2 7674 3874 14383
1 2 10431 14383 940
1 2 7674 14383 10431
1 2 3113 7673 7675
1 2 7673 3874 7674
1 2 7675 7674 1761
1 2 7673 7674 7675
1 2 947 10822 8525
1 2 10822 1095 6415
1 2 8525 6415 3873
1 2 10822 6415 8525
1 2 1095 13330 6413
1 2 13330 64 13643
1 2 6413 13643 3128
1 2 13330 13643 6413
1 2 3873 6414 7441
1 2 6414 3128 7440
1 2 7441 7440 948
1 2 6414 7440 7441
1 2 1095 6413 6415
1 2 6413 3128 6414
1 2 6415 6414 3873
1 2 6413 6414 6415
1 2 940 14382 16229
1 2 14382 2039 16228
1 2 16229 16228 2041
1 2 14382 16228 16229
1 2 2039 14668 15465
1 2 14668 948 15464
1 2 15465 15464 2040
1 2 14668 15464 15465
1 2 2041 9762 9764
1 2 9762 2040 9763
1 2 9764 9763 63
1 2 9762 9763 9764
1 2 2039 15465 16228
1 2 15465 2040 9762
1 2 16228 9762 2041
1 2 15465 9762 16228
1 2 947 8525 8526
1 2 8525 3873 4995
1 2 8526 4995 3874
1 2 8525 4995 8526
1 2 3873 7441 4993
1 2 7441 948 14668
1 2 4993 14668 2039
1 2 7441 14668 4993
1 2 3874 4994 14383
1 2 4994 2039 14382
1 2 14383 14382 940
1 2 4994 14382 14383
1 2 3873 4993 4995
1 2 4993 2039 4994
1 2 4995 4994 3874
1 2 4993 4994 4995
1 2 47 16175 11476
1 2 16175 1831 6536
1 2 11476 6536 3113
1 2 16175 6536 11476
1 2 1831 15106 6534
1 2 15106 704 8037
1 2 6534 8037 2376
1 2 15106 8037 6534
1 2 3113 6535 15476
1 2 6535 2376 12879
1 2 15476 12879 947
1 2 6535 12879 15476
1 2 1831 6534 6536
1 2 6534 2376 6535
1 2 6536 6535 3113
1 2 6534 6535 6536
1 2 704 11820 8035
1 2 11820 3395 13672
1 2 8035 13672 2375
1 2 11820 13672 8035
1 2 3395 16141 16142
1 2 16141 48 14285
1 2 16142 14285 2213
1 2 16141 14285 16142
1 2 2375 13350 13352
1 2 13350 2213 13351
1 2 13352 13351 636
1 2 13350 13351 13352
1 2 3395 16142 13672
1 2 16142 2213 13350
1 2 13672 13350 2375
1 2 16142 13350 13672
1 2 947 12878 10822
1 2 12878 1093 12241
1 2 10822 12241 1095
1 2 12878 12241 10822
1 2 1093 13512 12239
1 2 13512 636 10782
1 2 12239 10782 1094
1 2 13512 10782 12239
1 2 1095 12240 13330
1 2 12240 1094 13329
1 2 13330 13329 64
1 2 12240 13329 13330
1 2 1093 12239 12241
1 2 12239 1094 12240
1 2 12241 12240 1095
1 2 12239 12240 12241
1 2 704 8035 8037
1 2 8035 2375 8036
1 2 8037 8036 2376
1 2 8035 8036 8037
1 2 2375 13352 15789
1 2 13352 636 13512
1 2 15789 13512 1093
1 2 13352 13512 15789
1 2 2376 12877 12879
1 2 12877 1093 12878
1 2 12879 12878 947
1 2 12877 12878 12879
1 2 2375 15789 8036
1 2 15789 1093 12877
1 2 8036 12877 2376
1 2 15789 12877 8036
1 2 48 14284 14285
1 2 14284 2211 6463
1 2 14285 6463 2213
1 2 14284 6463 14285
1 2 2211 8557 6461
1 2 8557 634 4482
1 2 6461 4482 2212
1 2 8557 4482 6461
1 2 2213 6462 13351
1 2 6462 2212 8045
1 2 13351 8045 636
1 2 6462 8045 13351
1 2 2211 6461 6463
1 2 6461 2212 6462
1 2 6463 6462 2213
1 2 6461 6462 6463
1 2 634 11236 4480
1 2 11236 4175 11237
1 2 4480 11237 2783
1 2 11236 11237 4480
1 2 4175 10860 12154
1 2 10860 65 7191
1 2 12154 7191 4176
1 2 10860 7191 12154
1 2 2783 13444 16505
1 2 13444 4176 13210
1 2 16505 13210 635
1 2 13444 13210 16505
1 2 4175 12154 11237
1 2 12154 4176 13444
1 2 11237 13444 2783
1 2 12154 13444 11237
1 2 636 8044 10782
1 2 8044 2784 10781
1 2 10782 10781 1094
1 2 8044 10781 10782
1 2 2784 15908 14890
1 2 15908 635 15844
1 2 14890 15844 4027
1 2 15908 15844 14890
1 2 1094 14891 13329
1 2 14891 4027 8368
1 2 13329 8368 64
1 2 14891 8368 13329
1 2 2784 14890 10781
1 2 14890 4027 14891
1 2 10781 14891 1094
1 2 14890 14891 10781
1 2 634 4480 4482
1 2 4480 2783 4481
1 2 4482 4481 2212
1 2 4480 4481 4482
1 2 2783 16505 16506
1 2 16505 635 15908
1 2 16506 15908 2784
1 2 16505 15908 16506
1 2 2212 8043 8045
1 2 8043 2784 8044
1 2 8045 8044 636
1 2 8043 8044 8045
1 2 2783 16506 4481
1 2 16506 2784 8043
1 2 4481 8043 2212
1 2 16506 8043 4481
1 2 48 14389 14284
1 2 14389 3444 8431
1 2 14284 8431 2211
1 2 14389 8431 14284
1 2 3444 13163 8429
1 2 13163 388 13949
1 2 8429 13949 3580
1 2 13163 13949 8429
1 2 2211 8430 8557
1 2 8430 3580 8556
1 2 8557 8556 634
1 2 8430 8556 8557
1 2 3444 8429 8431
1 2 8429 3580 8430
1 2 8431 8430 2211
1 2 8429 8430 8431
1 2 388 12122 12124
1 2 12122 3430 12123
1 2 12124 12123 3432
1 2 12122 12123 12124
1 2 3430 16548 15645
1 2 16548 49 12718
1 2 15645 12718 3431
1 2 16548 12718 15645
1 2 3432 13863 10959
1 2 13863 3431 13864
1 2 10959 13864 403
1 2 13863 13864 10959
1 2 3430 15645 12123
1 2 15645 3431 13863
1 2 12123 13863 3432
1 2 15645 13863 12123
1 2 634 15340 11236
1 2 15340 4190 14877
1 2 11236 14877 4175
1 2 15340 14877 11236
1 2 4190 10960 12565
1 2 10960 403 12564
1 2 12565 12564 1371
1 2 10960 12564 12565
1 2 4175 10859 10860
1 2 10859 1371 10403
1 2 10860 10403 65
1 2 10859 10403 10860
1 2 4190 12565 14877
1 2 12565 1371 10859
1 2 14877 10859 4175
1 2 12565 10859 14877
1 2 388 12124 13949
1 2 12124 3432 9879
1 2 13949 9879 3580
1 2 12124 9879 13949
1 2 3432 10959 9877
1 2 10959 403 10960
1 2 9877 10960 4190
1 2 10959 10960 9877
1 2 3580 9878 8556
1 2 9878 4190 15340
1 2 8556 15340 634
1 2 9878 15340 8556
1 2 3432 9877 9879
1 2 9877 4190 9878
1 2 9879 9878 3580
1 2 9877 9878 9879
1 2 49 9732 12718
1 2 9732 1820 12717
1 2 12718 12717 3431
1 2 9732 12717 12718
1 2 1820 7102 7104
1 2 7102 401 7103
1 2 7104 7103 3654
1 2 7102 7103 7104
1 2 3431 15290 13864
1 2 15290 3654 16293
1 2 13864 16293 403
1 2 15290 16293 13864
1 2 1820 7104 12717
1 2 7104 3654 15290
1 2 12717 15290 3431
1 2 7104 15290 12717
1 2 401 12304 12306
1 2 12304 2764 12305
1 2 12306 12305 2766
1 2 12304 12305 12306
1 2 2764 7074 7076
1 2 7074 66 7075
1 2 7076 7075 2765
1 2 7074 7075 7076
1 2 2766 13775 11960
1 2 13775 2765 5768
1 2 11960 5768 402
1 2 13775 5768 11960
1 2 2764 7076 12305
1 2 7076 2765 13775
1 2 12305 13775 2766
1 2 7076 13775 12305
1 2 403 15046 12564
1 2 15046 1369 15047
1 2 12564 15047 1371
1 2 15046 15047 12564
1 2 1369 9773 9774
1 2 9773 402 4757
1 2 9774 4757 1370
1 2 9773 4757 9774
1 2 1371 10401 10403
1 2 10401 1370 10402
1 2 10403 10402 65
1 2 10401 10402 10403
1 2 1369 9774 15047
1 2 9774 1370 10401
1 2 15047 10401 1371
1 2 9774 10401 15047
1 2 401 12306 7103
1 2 12306 2766 15261
1 2 7103 15261 3654
1 2 12306 15261 7103
1 2 2766 11960 11961
1 2 11960 402 9773
1 2 11961 9773 1369
1 2 11960 9773 11961
1 2 3654 15260 16293
1 2 15260 1369 15046
1 2 16293 15046 403
1 2 15260 15046 16293
1 2 2766 11961 15261
1 2 11961 1369 15260
1 2 15261 15260 3654
1 2 11961 15260 15261
1 2 49 9730 9732
1 2 9730 1818 9731
1 2 9732 9731 1820
1 2 9730 9731 9732
1 2 1818 11242 14328
1 2 11242 516 14267
1 2 14328 14267 1819
1 2 11242 14267 14328
1 2 1820 12865 7102
1 2 12865 1819 12866
1 2 7102 12866 401
1 2 12865 12866 7102
1 2 1818 14328 9731
1 2 14328 1819 12865
1 2 9731 12865 1820
1 2 14328 12865 9731
1 2 516 4466 14266
1 2 4466 2803 10819
1 2 14266 10819 2805
1 2 4466 10819 14266
1 2 2803 9378 10817
1 2 9378 50 8048
1 2 10817 8048 2804
1 2 9378 8048 10817
1 2 2805 10818 15487
1 2 10818 2804 15486
1 2 15487 15486 745
1 2 10818 15486 15487
1 2 2803 10817 10819
1 2 10817 2804 10818
1 2 10819 10818 2805
1 2 10817 10818 10819
1 2 401 13285 12304
1 2 13285 4201 14492
1 2 12304 14492 2764
1 2 13285 14492 12304
1 2 4201 15719 14491
1 2 15719 745 8875
1 2 14491 8875 2888
1 2 15719 8875 14491
1 2 2764 9251 7074
1 2 9251 2888 4524
1 2 7074 4524 66
1 2 9251 4524 7074
1 2 4201 14491 14492
1 2 14491 2888 9251
1 2 14492 9251 2764
1 2 14491 9251 14492
1 2 516 14266 14267
1 2 14266 2805 6715
1 2 14267 6715 1819
1 2 14266 6715 14267
1 2 2805 15487 6713
1 2 15487 745 15719
1 2 6713 15719 4201
1 2 15487 15719 6713
1 2 1819 6714 12866
1 2 6714 4201 13285
1 2 12866 13285 401
1 2 6714 13285 12866
1 2 2805 6713 6715
1 2 6713 4201 6714
1 2 6715 6714 1819
1 2 6713 6714 6715
1 2 50 8046 8048
1 2 8046 1842 8047
1 2 8048 8047 2804
1 2 8046 8047 8048
1 2 1842 7101 10811
1 2 7101 424 7873
1 2 10811 7873 1404
1 2 7101 7873 10811
1 2 2804 16127 15486
1 2 16127 1404 14446
1 2 15486 14446 745
1 2 16127 14446 15486
1 2 1842 10811 8047
1 2 10811 1404 16127
1 2 8047 16127 2804
1 2 10811 16127 8047
1 2 424 5930 5931
1 2 5930 1355 5168
1 2 5931 5168 1357
1 2 5930 5168 5931
1 2 1355 12642 5166
1 2 12642 67 12643
1 2 5166 12643 1356
1 2 12642 12643 5166
1 2 1357 5167 5401
1 2 5167 1356 11388
1 2 5401 11388 783
1 2 5167 11388 5401
1 2 1355 5166 5168
1 2 5166 1356 5167
1 2 5168 5167 1357
1 2 5166 5167 5168
1 2 745 8873 8875
1 2 8873 1403 8874
1 2 8875 8874 2888
1 2 8873 8874 8875
1 2 1403 5402 7199
1 2 5402 783 5935
1 2 7199 5935 1140
1 2 5402 5935 7199
1 2 2888 4522 4524
1 2 4522 1140 4523
1 2 4524 4523 66
1 2 4522 4523 4524
1 2 1403 7199 8874
1 2 7199 1140 4522
1 2 8874 4522 2888
1 2 7199 4522 8874
1 2 424 5931 7873
1 2 5931 1357 7872
1 2 7873 7872 1404
1 2 5931 7872 7873
1 2 1357 5401 5403
1 2 5401 783 5402
1 2 5403 5402 1403
1 2 5401 5402 5403
1 2 1404 10105 14446
1 2 10105 1403 8873
1 2 14446 8873 745
1 2 10105 8873 14446
1 2 1357 5403 7872
1 2 5403 1403 10105
1 2 7872 10105 1404
1 2 5403 10105 7872
1 2 50 5920 8046
1 2 5920 1641 7355
1 2 8046 7355 1842
1 2 5920 7355 8046
1 2 1641 5718 7354
1 2 5718 422 12796
1 2 7354 12796 1841
1 2 5718 12796 7354
1 2 1842 7099 7101
1 2 7099 1841 7100
1 2 7101 7100 424
1 2 7099 7100 7101
1 2 1641 7354 7355
1 2 7354 1841 7099
1 2 7355 7099 1842
1 2 7354 7099 7355
1 2 422 14777 15991
1 2 14777 2462 16455
1 2 15991 16455 2197
1 2 14777 16455 15991
1 2 2462 9564 10998
1 2 9564 51 10997
1 2 10998 10997 2149
1 2 9564 10997 10998
1 2 2197 16454 8718
1 2 16454 2149 16607
1 2 8718 16607 423
1 2 16454 16607 8718
1 2 2462 10998 16455
1 2 10998 2149 16454
1 2 16455 16454 2197
1 2 10998 16454 16455
1 2 424 11366 5930
1 2 11366 2198 4900
1 2 5930 4900 1355
1 2 11366 4900 5930
1 2 2198 6466 4898
1 2 6466 423 6467
1 2 4898 6467 1238
1 2 6466 6467 4898
1 2 1355 4899 12642
1 2 4899 1238 14157
1 2 12642 14157 67
1 2 4899 14157 12642
1 2 2198 4898 4900
1 2 4898 1238 4899
1 2 4900 4899 1355
1 2 4898 4899 4900
1 2 422 15991 12796
1 2 15991 2197 15675
1 2 12796 15675 1841
1 2 15991 15675 12796
1 2 2197 8718 8719
1 2 8718 423 6466
1 2 8719 6466 2198
1 2 8718 6466 8719
1 2 1841 11365 7100
1 2 11365 2198 11366
1 2 7100 11366 424
1 2 11365 11366 7100
1 2 2197 8719 15675
1 2 8719 2198 11365
1 2 15675 11365 1841
1 2 8719 11365 15675
1 2 51 16252 10997
1 2 16252 2148 16253
1 2 10997 16253 2149
1 2 16252 16253 10997
1 2 2148 8355 8356
1 2 8355 650 7436
1 2 8356 7436 1320
1 2 8355 7436 8356
1 2 2149 16516 16607
1 2 16516 1320 16611
1 2 16607 16611 423
1 2 16516 16611 16607
1 2 2148 8356 16253
1 2 8356 1320 16516
1 2 16253 16516 2149
1 2 8356 16516 16253
1 2 650 10021 7434
1 2 10021 1332 10022
1 2 7434 10022 1319
1 2 10021 10022 7434
1 2 1332 7900 7902
1 2 7900 68 7901
1 2 7902 7901 1333
1 2 7900 7901 7902
1 2 1319 6175 6177
1 2 6175 1333 6176
1 2 6177 6176 559
1 2 6175 6176 6177
1 2 1332 7902 10022
1 2 7902 1333 6175
1 2 10022 6175 1319
1 2 7902 6175 10022
1 2 423 12764 6467
1 2 12764 1236 12765
1 2 6467 12765 1238
1 2 12764 12765 6467
1 2 1236 16177 14293
1 2 16177 559 16178
1 2 14293 16178 1237
1 2 16177 16178 14293
1 2 1238 14294 14157
1 2 14294 1237 14256
1 2 14157 14256 67
1 2 14294 14256 14157
1 2 1236 14293 12765
1 2 14293 1237 14294
1 2 12765 14294 1238
1 2 14293 14294 12765
1 2 650 7434 7436
1 2 7434 1319 7435
1 2 7436 7435 1320
1 2 7434 7435 7436
1 2 1319 6177 8418
1 2 6177 559 16177
1 2 8418 16177 1236
1 2 6177 16177 8418
1 2 1320 8419 16611
1 2 8419 1236 12764
1 2 16611 12764 423
1 2 8419 12764 16611
1 2 1319 8418 7435
1 2 8418 1236 8419
1 2 7435 8419 1320
1 2 8418 8419 7435
1 2 52 10080 15490
1 2 10080 2624 15489
1 2 15490 15489 2857
1 2 10080 15489 15490
1 2 2624 8925 15380
1 2 8925 921 15379
1 2 15380 15379 2856
1 2 8925 15379 15380
1 2 2857 15873 16052
1 2 15873 2856 15812
1 2 16052 15812 945
1 2 15873 15812 16052
1 2 2624 15380 15489
1 2 15380 2856 15873
1 2 15489 15873 2857
1 2 15380 15873 15489
1 2 921 13747 16403
1 2 13747 2825 5746
1 2 16403 5746 3099
1 2 13747 5746 16403
1 2 2825 12405 5744
1 2 12405 53 12406
1 2 5744 12406 1960
1 2 12405 12406 5744
1 2 3099 5745 14329
1 2 5745 1960 13005
1 2 14329 13005 542
1 2 5745 13005 14329
1 2 2825 5744 5746
1 2 5744 1960 5745
1 2 5746 5745 3099
1 2 5744 5745 5746
1 2 945 13179 13181
1 2 13179 3100 13180
1 2 13181 13180 4005
1 2 13179 13180 13181
1 2 3100 12630 12631
1 2 12630 542 10807
1 2 12631 10807 4004
1 2 12630 10807 12631
1 2 4005 7911 7912
1 2 7911 4004 6700
1 2 7912 6700 69
1 2 7911 6700 7912
1 2 3100 12631 13180
1 2 12631 4004 7911
1 2 13180 7911 4005
1 2 12631 7911 13180
1 2 921 16403 15379
1 2 16403 3099 15919
1 2 15379 15919 2856
1 2 16403 15919 15379
1 2 3099 14329 14330
1 2 14329 542 12630
1 2 14330 12630 3100
1 2 14329 12630 14330
1 2 2856 15811 15812
1 2 15811 3100 13179
1 2 15812 13179 945
1 2 15811 13179 15812
1 2 3099 14330 15919
1 2 14330 3100 15811
1 2 15919 15811 2856
1 2 14330 15811 15919
1 2 53 9082 12406
1 2 9082 1958 12217
1 2 12406 12217 1960
1 2 9082 12217 12406
1 2 1958 16232 12215
1 2 16232 540 16233
1 2 12215 16233 1959
1 2 16232 16233 12215
1 2 1960 12216 13005
1 2 12216 1959 13004
1 2 13005 13004 542
1 2 12216 13004 13005
1 2 1958 12215 12217
1 2 12215 1959 12216
1 2 12217 12216 1960
1 2 12215 12216 12217
1 2 540 7892 7894
1 2 7892 2091 7893
1 2 7894 7893 3247
1 2 7892 7893 7894
1 2 2091 8026 8630
1 2 8026 70 11397
1 2 8630 11397 3370
1 2 8026 11397 8630
1 2 3247 4981 4983
1 2 4981 3370 4982
1 2 4983 4982 541
1 2 4981 4982 4983
1 2 2091 8630 7893
1 2 8630 3370 4981
1 2 7893 4981 3247
1 2 8630 4981 7893
1 2 542 10806 10807
1 2 10806 3248 10709
1 2 10807 10709 4004
1 2 10806 10709 10807
1 2 3248 5965 10708
1 2 5965 541 6296
1 2 10708 6296 1431
1 2 5965 6296 10708
1 2 4004 6698 6700
1 2 6698 1431 6699
1 2 6700 6699 69
1 2 6698 6699 6700
1 2 3248 10708 10709
1 2 10708 1431 6698
1 2 10709 6698 4004
1 2 10708 6698 10709
1 2 540 7894 16233
1 2 7894 3247 14280
1 2 16233 14280 1959
1 2 7894 14280 16233
1 2 3247 4983 5966
1 2 4983 541 5965
1 2 5966 5965 3248
1 2 4983 5965 5966
1 2 1959 13820 13004
1 2 13820 3248 10806
1 2 13004 10806 542
1 2 13820 10806 13004
1 2 3247 5966 14280
1 2 5966 3248 13820
1 2 14280 13820 1959
1 2 5966 13820 14280
1 2 53 9080 9082
1 2 9080 2687 9081
1 2 9082 9081 1958
1 2 9080 9081 9082
1 2 2687 7486 12586
1 2 7486 684 9016
1 2 12586 9016 2688
1 2 7486 9016 12586
1 2 1958 15166 16232
1 2 15166 2688 16530
1 2 16232 16530 540
1 2 15166 16530 16232
1 2 2687 12586 9081
1 2 12586 2688 15166
1 2 9081 15166 1958
1 2 12586 15166 9081
1 2 684 16374 9014
1 2 16374 2922 15054
1 2 9014 15054 2923
1 2 16374 15054 9014
1 2 2922 9867 15053
1 2 9867 54 16155
1 2 15053 16155 2769
1 2 9867 16155 15053
1 2 2923 13816 9100
1 2 13816 2769 13817
1 2 9100 13817 685
1 2 13816 13817 9100
1 2 2922 15053 15054
1 2 15053 2769 13816
1 2 15054 13816 2923
1 2 15053 13816 15054
1 2 540 16504 7892
1 2 16504 2089 11070
1 2 7892 11070 2091
1 2 16504 11070 7892
1 2 2089 5395 5397
1 2 5395 685 5396
1 2 5397 5396 2090
1 2 5395 5396 5397
1 2 2091 8025 8026
1 2 8025 2090 5860
1 2 8026 5860 70
1 2 8025 5860 8026
1 2 2089 5397 11070
1 2 5397 2090 8025
1 2 11070 8025 2091
1 2 5397 8025 11070
1 2 684 9014 9016
1 2 9014 2923 9015
1 2 9016 9015 2688
1 2 9014 9015 9016
1 2 2923 9100 9101
1 2 9100 685 5395
1 2 9101 5395 2089
1 2 9100 5395 9101
1 2 2688 16170 16530
1 2 16170 2089 16504
1 2 16530 16504 540
1 2 16170 16504 16530
1 2 2923 9101 9015
1 2 9101 2089 16170
1 2 9015 16170 2688
1 2 9101 16170 9015
1 2 54 12964 16155
1 2 12964 2767 15432
1 2 16155 15432 2769
1 2 12964 15432 16155
1 2 2767 11160 11162
1 2 11160 490 11161
1 2 11162 11161 2768
1 2 11160 11161 11162
1 2 2769 15431 13817
1 2 15431 2768 8712
1 2 13817 8712 685
1 2 15431 8712 13817
1 2 2767 11162 15432
1 2 11162 2768 15431
1 2 15432 15431 2769
1 2 11162 15431 15432
1 2 490 15810 13485
1 2 15810 3861 8456
1 2 13485 8456 3093
1 2 15810 8456 13485
1 2 3861 15516 8454
1 2 15516 71 12988
1 2 8454 12988 2434
1 2 15516 12988 8454
1 2 3093 8455 10005
1 2 8455 2434 13251
1 2 10005 13251 1026
1 2 8455 13251 10005
1 2 3861 8454 8456
1 2 8454 2434 8455
1 2 8456 8455 3093
1 2 8454 8455 8456
1 2 685 8711 5396
1 2 8711 2417 13961
1 2 5396 13961 2090
1 2 8711 13961 5396
1 2 2417 7217 7218
1 2 7217 1026 4754
1 2 7218 4754 2418
1 2 7217 4754 7218
1 2 2090 5858 5860
1 2 5858 2418 5859
1 2 5860 5859 70
1 2 5858 5859 5860
1 2 2417 7218 13961
1 2 7218 2418 5858
1 2 13961 5858 2090
1 2 7218 5858 13961
1 2 490 13485 11161
1 2 13485 3093 13486
1 2 11161 13486 2768
1 2 13485 13486 11161
1 2 3093 10005 10006
1 2 10005 1026 7217
1 2 10006 7217 2417
1 2 10005 7217 10006
1 2 2768 8710 8712
1 2 8710 2417 8711
1 2 8712 8711 685
1 2 8710 8711 8712
1 2 3093 10006 13486
1 2 10006 2417 8710
1 2 13486 8710 2768
1 2 10006 8710 13486
1 2 54 7882 12964
1 2 7882 2105 12963
1 2 12964 12963 2767
1 2 7882 12963 12964
1 2 2105 12613 12614
1 2 12613 488 6470
1 2 12614 6470 1943
1 2 12613 6470 12614
1 2 2767 14887 11160
1 2 14887 1943 10043
1 2 11160 10043 490
1 2 14887 10043 11160
1 2 2105 12614 12963
1 2 12614 1943 14887
1 2 12963 14887 2767
1 2 12614 14887 12963
1 2 488 6781 6468
1 2 6781 2777 6782
1 2 6468 6782 1941
1 2 6781 6782 6468
1 2 2777 5806 5807
1 2 5806 55 4237
1 2 5807 4237 2546
1 2 5806 4237 5807
1 2 1941 12121 4489
1 2 12121 2546 14175
1 2 4489 14175 489
1 2 12121 14175 4489
1 2 2777 5807 6782
1 2 5807 2546 12121
1 2 6782 12121 1941
1 2 5807 12121 6782
1 2 490 10042 15810
1 2 10042 1942 15883
1 2 15810 15883 3861
1 2 10042 15883 15810
1 2 1942 4490 15881
1 2 4490 489 12392
1 2 15881 12392 3752
1 2 4490 12392 15881
1 2 3861 15882 15516
1 2 15882 3752 15139
1 2 15516 15139 71
1 2 15882 15139 15516
1 2 1942 15881 15883
1 2 15881 3752 15882
1 2 15883 15882 3861
1 2 15881 15882 15883
1 2 488 6468 6470
1 2 6468 1941 6469
1 2 6470 6469 1943
1 2 6468 6469 6470
1 2 1941 4489 4491
1 2 4489 489 4490
1 2 4491 4490 1942
1 2 4489 4490 4491
1 2 1943 10041 10043
1 2 10041 1942 10042
1 2 10043 10042 490
1 2 10041 10042 10043
1 2 1941 4491 6469
1 2 4491 1942 10041
1 2 6469 10041 1943
1 2 4491 10041 6469
1 2 55 4235 4237
1 2 4235 2544 4236
1 2 4237 4236 2546
1 2 4235 4236 4237
1 2 2544 8305 8307
1 2 8305 1002 8306
1 2 8307 8306 2545
1 2 8305 8306 8307
1 2 2546 14001 14175
1 2 14001 2545 16118
1 2 14175 16118 489
1 2 14001 16118 14175
1 2 2544 8307 4236
1 2 8307 2545 14001
1 2 4236 14001 2546
1 2 8307 14001 4236
1 2 1002 9250 9281
1 2 9250 2372 9280
1 2 9281 9280 2374
1 2 9250 9280 9281
1 2 2372 15492 16342
1 2 15492 72 15172
1 2 16342 15172 2373
1 2 15492 15172 16342
1 2 2374 13393 13394
1 2 13393 2373 9044
1 2 13394 9044 615
1 2 13393 9044 13394
1 2 2372 16342 9280
1 2 16342 2373 13393
1 2 9280 13393 2374
1 2 16342 13393 9280
1 2 489 12390 12392
1 2 12390 3751 12391
1 2 12392 12391 3752
1 2 12390 12391 12392
1 2 3751 12286 12288
1 2 12286 615 12287
1 2 12288 12287 2712
1 2 12286 12287 12288
1 2 3752 15138 15139
1 2 15138 2712 10271
1 2 15139 10271 71
1 2 15138 10271 15139
1 2 3751 12288 12391
1 2 12288 2712 15138
1 2 12391 15138 3752
1 2 12288 15138 12391
1 2 1002 9281 8306
1 2 9281 2374 15141
1 2 8306 15141 2545
1 2 9281 15141 8306
1 2 2374 13394 16034
1 2 13394 615 12286
1 2 16034 12286 3751
1 2 13394 12286 16034
1 2 2545 16245 16118
1 2 16245 3751 12390
1 2 16118 12390 489
1 2 16245 12390 16118
1 2 2374 16034 15141
1 2 16034 3751 16245
1 2 15141 16245 2545
1 2 16034 16245 15141
1 2 55 13157 4235
1 2 13157 3212 12342
1 2 4235 12342 2544
1 2 13157 12342 4235
1 2 3212 12931 12341
1 2 12931 912 5989
1 2 12341 5989 3585
1 2 12931 5989 12341
1 2 2544 11465 8305
1 2 11465 3585 11466
1 2 8305 11466 1002
1 2 11465 11466 8305
1 2 3212 12341 12342
1 2 12341 3585 11465
1 2 12342 11465 2544
1 2 12341 11465 12342
1 2 912 10654 5988
1 2 10654 2827 6331
1 2 5988 6331 2829
1 2 10654 6331 5988
1 2 2827 10867 6329
1 2 10867 56 16370
1 2 6329 16370 2828
1 2 10867 16370 6329
1 2 2829 6330 9677
1 2 6330 2828 10336
1 2 9677 10336 1001
1 2 6330 10336 9677
1 2 2827 6329 6331
1 2 6329 2828 6330
1 2 6331 6330 2829
1 2 6329 6330 6331
1 2 1002 9248 9250
1 2 9248 3453 9249
1 2 9250 9249 2372
1 2 9248 9249 9250
1 2 3453 9678 15544
1 2 9678 1001 11758
1 2 15544 11758 3285
1 2 9678 11758 15544
1 2 2372 15491 15492
1 2 15491 3285 11522
1 2 15492 11522 72
1 2 15491 11522 15492
1 2 3453 15544 9249
1 2 15544 3285 15491
1 2 9249 15491 2372
1 2 15544 15491 9249
1 2 912 5988 5989
1 2 5988 2829 4381
1 2 5989 4381 3585
1 2 5988 4381 5989
1 2 2829 9677 4379
1 2 9677 1001 9678
1 2 4379 9678 3453
1 2 9677 9678 4379
1 2 3585 4380 11466
1 2 4380 3453 9248
1 2 11466 9248 1002
1 2 4380 9248 11466
1 2 2829 4379 4381
1 2 4379 3453 4380
1 2 4381 4380 3585
1 2 4379 4380 4381
1 2 56 4449 16370
1 2 4449 3624 12893
1 2 16370 12893 2828
1 2 4449 12893 16370
1 2 3624 8563 12891
1 2 8563 368 15564
1 2 12891 15564 3858
1 2 8563 15564 12891
1 2 2828 12892 10336
1 2 12892 3858 14107
1 2 10336 14107 1001
1 2 12892 14107 10336
1 2 3624 12891 12893
1 2 12891 3858 12892
1 2 12893 12892 2828
1 2 12891 12892 12893
1 2 368 15426 15805
1 2 15426 2872 12125
1 2 15805 12125 2873
1 2 15426 12125 15805
1 2 2872 9741 9743
1 2 9741 73 9742
1 2 9743 9742 1908
1 2 9741 9742 9743
1 2 2873 10199 10201
1 2 10199 1908 10200
1 2 10201 10200 737
1 2 10199 10200 10201
1 2 2872 9743 12125
1 2 9743 1908 10199
1 2 12125 10199 2873
1 2 9743 10199 12125
1 2 1001 11756 11758
1 2 11756 3284 11757
1 2 11758 11757 3285
1 2 11756 11757 11758
1 2 3284 16198 12460
1 2 16198 737 8366
1 2 12460 8366 2286
1 2 16198 8366 12460
1 2 3285 11520 11522
1 2 11520 2286 11521
1 2 11522 11521 72
1 2 11520 11521 11522
1 2 3284 12460 11757
1 2 12460 2286 11520
1 2 11757 11520 3285
1 2 12460 11520 11757
1 2 368 15805 15564
1 2 15805 2873 5448
1 2 15564 5448 3858
1 2 15805 5448 15564
1 2 2873 10201 5446
1 2 10201 737 16198
1 2 5446 16198 3284
1 2 10201 16198 5446
1 2 3858 5447 14107
1 2 5447 3284 11756
1 2 14107 11756 1001
1 2 5447 11756 14107
1 2 2873 5446 5448
1 2 5446 3284 5447
1 2 5448 5447 3858
1 2 5446 5447 5448
1 2 56 4447 4449
1 2 4447 3483 4448
1 2 4449 4448 3624
1 2 4447 4448 4449
1 2 3483 7010 12780
1 2 7010 366 13543
1 2 12780 13543 1223
1 2 7010 13543 12780
1 2 3624 8561 8563
1 2 8561 1223 8562
1 2 8563 8562 368
1 2 8561 8562 8563
1 2 3483 12780 4448
1 2 12780 1223 8561
1 2 4448 8561 3624
1 2 12780 8561 4448
1 2 366 6050 13542
1 2 6050 2698 16583
1 2 13542 16583 1221
1 2 6050 16583 13542
1 2 2698 15456 16466
1 2 15456 57 11454
1 2 16466 11454 2699
1 2 15456 11454 16466
1 2 1221 11538 9604
1 2 11538 2699 11539
1 2 9604 11539 367
1 2 11538 11539 9604
1 2 2698 16466 16583
1 2 16466 2699 11538
1 2 16583 11538 1221
1 2 16466 11538 16583
1 2 368 12050 15426
1 2 12050 1222 11001
1 2 15426 11001 2872
1 2 12050 11001 15426
1 2 1222 9605 10999
1 2 9605 367 15743
1 2 10999 15743 1464
1 2 9605 15743 10999
1 2 2872 11000 9741
1 2 11000 1464 11565
1 2 9741 11565 73
1 2 11000 11565 9741
1 2 1222 10999 11001
1 2 10999 1464 11000
1 2 11001 11000 2872
1 2 10999 11000 11001
1 2 366 13542 13543
1 2 13542 1221 10762
1 2 13543 10762 1223
1 2 13542 10762 13543
1 2 1221 9604 9606
1 2 9604 367 9605
1 2 9606 9605 1222
1 2 9604 9605 9606
1 2 1223 10761 8562
1 2 10761 1222 12050
1 2 8562 12050 368
1 2 10761 12050 8562
1 2 1221 9606 10762
1 2 9606 1222 10761
1 2 10762 10761 1223
1 2 9606 10761 10762
1 2 57 11452 11454
1 2 11452 2353 11453
1 2 11454 11453 2699
1 2 11452 11453 11454
1 2 2353 14131 15732
1 2 14131 966 15180
1 2 15732 15180 2331
1 2 14131 15180 15732
1 2 2699 13759 11539
1 2 13759 2331 13760
1 2 11539 13760 367
1 2 13759 13760 11539
1 2 2353 15732 11453
1 2 15732 2331 13759
1 2 11453 13759 2699
1 2 15732 13759 11453
1 2 966 11567 14194
1 2 11567 3737 14193
1 2 14194 14193 2330
1 2 11567 14193 14194
1 2 3737 15223 15224
1 2 15223 74 6274
1 2 15224 6274 3137
1 2 15223 6274 15224
1 2 2330 12385 12387
1 2 12385 3137 12386
1 2 12387 12386 946
1 2 12385 12386 12387
1 2 3737 15224 14193
1 2 15224 3137 12385
1 2 14193 12385 2330
1 2 15224 12385 14193
1 2 367 14991 15743
1 2 14991 1462 12157
1 2 15743 12157 1464
1 2 14991 12157 15743
1 2 1462 12030 12031
1 2 12030 946 11558
1 2 12031 11558 1463
1 2 12030 11558 12031
1 2 1464 11563 11565
1 2 11563 1463 11564
1 2 11565 11564 73
1 2 11563 11564 11565
1 2 1462 12031 12157
1 2 12031 1463 11563
1 2 12157 11563 1464
1 2 12031 11563 12157
1 2 966 14194 15180
1 2 14194 2330 15179
1 2 15180 15179 2331
1 2 14194 15179 15180
1 2 2330 12387 16355
1 2 12387 946 12030
1 2 16355 12030 1462
1 2 12387 12030 16355
1 2 2331 14990 13760
1 2 14990 1462 14991
1 2 13760 14991 367
1 2 14990 14991 13760
1 2 2330 16355 15179
1 2 16355 1462 14990
1 2 15179 14990 2331
1 2 16355 14990 15179
1 2 57 15819 11452
1 2 15819 2351 5672
1 2 11452 5672 2353
1 2 15819 5672 11452
1 2 2351 10578 5670
1 2 10578 646 9511
1 2 5670 9511 2352
1 2 10578 9511 5670
1 2 2353 5671 14131
1 2 5671 2352 6795
1 2 14131 6795 966
1 2 5671 6795 14131
1 2 2351 5670 5672
1 2 5670 2352 5671
1 2 5672 5671 2353
1 2 5670 5671 5672
1 2 646 11680 9509
1 2 11680 3722 15891
1 2 9509 15891 3494
1 2 11680 15891 9509
1 2 3722 9915 15889
1 2 9915 58 11765
1 2 15889 11765 3598
1 2 9915 11765 15889
1 2 3494 15890 8762
1 2 15890 3598 16596
1 2 8762 16596 545
1 2 15890 16596 8762
1 2 3722 15889 15891
1 2 15889 3598 15890
1 2 15891 15890 3494
1 2 15889 15890 15891
1 2 966 6794 11567
1 2 6794 3495 11566
1 2 11567 11566 3737
1 2 6794 11566 11567
1 2 3495 8763 13381
1 2 8763 545 14115
1 2 13381 14115 3736
1 2 8763 14115 13381
1 2 3737 13382 15223
1 2 13382 3736 16221
1 2 15223 16221 74
1 2 13382 16221 15223
1 2 3495 13381 11566
1 2 13381 3736 13382
1 2 11566 13382 3737
1 2 13381 13382 11566
1 2 646 9509 9511
1 2 9509 3494 9510
1 2 9511 9510 2352
1 2 9509 9510 9511
1 2 3494 8762 8764
1 2 8762 545 8763
1 2 8764 8763 3495
1 2 8762 8763 8764
1 2 2352 6793 6795
1 2 6793 3495 6794
1 2 6795 6794 966
1 2 6793 6794 6795
1 2 3494 8764 9510
1 2 8764 3495 6793
1 2 9510 6793 2352
1 2 8764 6793 9510
1 2 58 11764 11765
1 2 11764 3596 7959
1 2 11765 7959 3598
1 2 11764 7959 11765
1 2 3596 12276 7957
1 2 12276 543 11584
1 2 7957 11584 3597
1 2 12276 11584 7957
1 2 3598 7958 16596
1 2 7958 3597 13345
1 2 16596 13345 545
1 2 7958 13345 16596
1 2 3596 7957 7959
1 2 7957 3597 7958
1 2 7959 7958 3598
1 2 7957 7958 7959
1 2 543 10863 10865
1 2 10863 1408 10864
1 2 10865 10864 1410
1 2 10863 10864 10865
1 2 1408 8827 13654
1 2 8827 75 16447
1 2 13654 16447 1409
1 2 8827 16447 13654
1 2 1410 12587 12589
1 2 12587 1409 12588
1 2 12589 12588 544
1 2 12587 12588 12589
1 2 1408 13654 10864
1 2 13654 1409 12587
1 2 10864 12587 1410
1 2 13654 12587 10864
1 2 545 13344 14115
1 2 13344 3805 11026
1 2 14115 11026 3736
1 2 13344 11026 14115
1 2 3805 11708 11024
1 2 11708 544 11709
1 2 11024 11709 2864
1 2 11708 11709 11024
1 2 3736 11025 16221
1 2 11025 2864 14469
1 2 16221 14469 74
1 2 11025 14469 16221
1 2 3805 11024 11026
1 2 11024 2864 11025
1 2 11026 11025 3736
1 2 11024 11025 11026
1 2 543 10865 11584
1 2 10865 1410 11583
1 2 11584 11583 3597
1 2 10865 11583 11584
1 2 1410 12589 14042
1 2 12589 544 11708
1 2 14042 11708 3805
1 2 12589 11708 14042
1 2 3597 13343 13345
1 2 13343 3805 13344
1 2 13345 13344 545
1 2 13343 13344 13345
1 2 1410 14042 11583
1 2 14042 3805 13343
1 2 11583 13343 3597
1 2 14042 13343 11583
1 2 58 14975 11764
1 2 14975 3383 14976
1 2 11764 14976 3596
1 2 14975 14976 11764
1 2 3383 9882 9884
1 2 9882 749 9883
1 2 9884 9883 2571
1 2 9882 9883 9884
1 2 3596 15781 12276
1 2 15781 2571 12594
1 2 12276 12594 543
1 2 15781 12594 12276
1 2 3383 9884 14976
1 2 9884 2571 15781
1 2 14976 15781 3596
1 2 9884 15781 14976
1 2 749 16212 14391
1 2 16212 2993 15299
1 2 14391 15299 2570
1 2 16212 15299 14391
1 2 2993 12906 15298
1 2 12906 59 16149
1 2 15298 16149 2969
1 2 12906 16149 15298
1 2 2570 14945 14947
1 2 14945 2969 14946
1 2 14947 14946 845
1 2 14945 14946 14947
1 2 2993 15298 15299
1 2 15298 2969 14945
1 2 15299 14945 2570
1 2 15298 14945 15299
1 2 543 12593 10863
1 2 12593 1956 12880
1 2 10863 12880 1408
1 2 12593 12880 10863
1 2 1956 15225 14312
1 2 15225 845 5828
1 2 14312 5828 1957
1 2 15225 5828 14312
1 2 1408 8826 8827
1 2 8826 1957 5716
1 2 8827 5716 75
1 2 8826 5716 8827
1 2 1956 14312 12880
1 2 14312 1957 8826
1 2 12880 8826 1408
1 2 14312 8826 12880
1 2 749 14391 9883
1 2 14391 2570 5581
1 2 9883 5581 2571
1 2 14391 5581 9883
1 2 2570 14947 5579
1 2 14947 845 15225
1 2 5579 15225 1956
1 2 14947 15225 5579
1 2 2571 5580 12594
1 2 5580 1956 12593
1 2 12594 12593 543
1 2 5580 12593 12594
1 2 2570 5579 5581
1 2 5579 1956 5580
1 2 5581 5580 2571
1 2 5579 5580 5581
1 2 59 16297 16149
1 2 16297 2967 10366
1 2 16149 10366 2969
1 2 16297 10366 16149
1 2 2967 11493 10364
1 2 11493 362 14719
1 2 10364 14719 2968
1 2 11493 14719 10364
1 2 2969 10365 14946
1 2 10365 2968 15549
1 2 14946 15549 845
1 2 10365 15549 14946
1 2 2967 10364 10366
1 2 10364 2968 10365
1 2 10366 10365 2969
1 2 10364 10365 10366
1 2 362 8895 8897
1 2 8895 3921 8896
1 2 8897 8896 3923
1 2 8895 8896 8897
1 2 3921 12793 14022
1 2 12793 76 11420
1 2 14022 11420 3922
1 2 12793 11420 14022
1 2 3923 14023 13536
1 2 14023 3922 15632
1 2 13536 15632 899
1 2 14023 15632 13536
1 2 3921 14022 8896
1 2 14022 3922 14023
1 2 8896 14023 3923
1 2 14022 14023 8896
1 2 845 5826 5828
1 2 5826 3810 5827
1 2 5828 5827 1957
1 2 5826 5827 5828
1 2 3810 13537 10887
1 2 13537 899 8551
1 2 10887 8551 1329
1 2 13537 8551 10887
1 2 1957 5714 5716
1 2 5714 1329 5715
1 2 5716 5715 75
1 2 5714 5715 5716
1 2 3810 10887 5827
1 2 10887 1329 5714
1 2 5827 5714 1957
1 2 10887 5714 5827
1 2 362 8897 14719
1 2 8897 3923 14718
1 2 14719 14718 2968
1 2 8897 14718 14719
1 2 3923 13536 13538
1 2 13536 899 13537
1 2 13538 13537 3810
1 2 13536 13537 13538
1 2 2968 15649 15549
1 2 15649 3810 5826
1 2 15549 5826 845
1 2 15649 5826 15549
1 2 3923 13538 14718
1 2 13538 3810 15649
1 2 14718 15649 2968
1 2 13538 15649 14718
1 2 59 11144 16297
1 2 11144 2235 11834
1 2 16297 11834 2967
1 2 11144 11834 16297
1 2 2235 13561 11833
1 2 13561 360 7131
1 2 11833 7131 3846
1 2 13561 7131 11833
1 2 2967 11491 11493
1 2 11491 3846 11492
1 2 11493 11492 362
1 2 11491 11492 11493
1 2 2235 11833 11834
1 2 11833 3846 11491
1 2 11834 11491 2967
1 2 11833 11491 11834
1 2 360 11095 7129
1 2 11095 3830 9089
1 2 7129 9089 4156
1 2 11095 9089 7129
1 2 3830 7411 9088
1 2 7411 60 15300
1 2 9088 15300 4061
1 2 7411 15300 9088
1 2 4156 5206 5208
1 2 5206 4061 5207
1 2 5208 5207 361
1 2 5206 5207 5208
1 2 3830 9088 9089
1 2 9088 4061 5206
1 2 9089 5206 4156
1 2 9088 5206 9089
1 2 362 15143 8895
1 2 15143 4199 13500
1 2 8895 13500 3921
1 2 15143 13500 8895
1 2 4199 9053 13499
1 2 9053 361 15036
1 2 13499 15036 2884
1 2 9053 15036 13499
1 2 3921 12791 12793
1 2 12791 2884 12792
1 2 12793 12792 76
1 2 12791 12792 12793
1 2 4199 13499 13500
1 2 13499 2884 12791
1 2 13500 12791 3921
1 2 13499 12791 13500
1 2 360 7129 7131
1 2 7129 4156 7130
1 2 7131 7130 3846
1 2 7129 7130 7131
1 2 4156 5208 9054
1 2 5208 361 9053
1 2 9054 9053 4199
1 2 5208 9053 9054
1 2 3846 9676 11492
1 2 9676 4199 15143
1 2 11492 15143 362
1 2 9676 15143 11492
1 2 4156 9054 7130
1 2 9054 4199 9676
1 2 7130 9676 3846
1 2 9054 9676 7130
1 2 60 12728 15300
1 2 12728 3935 16107
1 2 15300 16107 4061
1 2 12728 16107 15300
1 2 3935 4897 7540
1 2 4897 630 7539
1 2 7540 7539 4060
1 2 4897 7539 7540
1 2 4061 16106 5207
1 2 16106 4060 15059
1 2 5207 15059 361
1 2 16106 15059 5207
1 2 3935 7540 16107
1 2 7540 4060 16106
1 2 16107 16106 4061
1 2 7540 16106 16107
1 2 630 7446 12736
1 2 7446 2493 12735
1 2 12736 12735 2494
1 2 7446 12735 12736
1 2 2493 14090 12733
1 2 14090 77 8621
1 2 12733 8621 1590
1 2 14090 8621 12733
1 2 2494 12734 13597
1 2 12734 1590 16557
1 2 13597 16557 631
1 2 12734 16557 13597
1 2 2493 12733 12735
1 2 12733 1590 12734
1 2 12735 12734 2494
1 2 12733 12734 12735
1 2 361 15035 15036
1 2 15035 2883 10440
1 2 15036 10440 2884
1 2 15035 10440 15036
1 2 2883 12618 10438
1 2 12618 631 5777
1 2 10438 5777 1471
1 2 12618 5777 10438
1 2 2884 10439 12792
1 2 10439 1471 4978
1 2 12792 4978 76
1 2 10439 4978 12792
1 2 2883 10438 10440
1 2 10438 1471 10439
1 2 10440 10439 2884
1 2 10438 10439 10440
1 2 630 12736 7539
1 2 12736 2494 10942
1 2 7539 10942 4060
1 2 12736 10942 7539
1 2 2494 13597 10940
1 2 13597 631 12618
1 2 10940 12618 2883
1 2 13597 12618 10940
1 2 4060 10941 15059
1 2 10941 2883 15035
1 2 15059 15035 361
1 2 10941 15035 15059
1 2 2494 10940 10942
1 2 10940 2883 10941
1 2 10942 10941 4060
1 2 10940 10941 10942
1 2 60 5695 12728
1 2 5695 3699 10101
1 2 12728 10101 3935
1 2 5695 10101 12728
1 2 3699 9255 9256
1 2 9255 906 8184
1 2 9256 8184 2371
1 2 9255 8184 9256
1 2 3935 4895 4897
1 2 4895 2371 4896
1 2 4897 4896 630
1 2 4895 4896 4897
1 2 3699 9256 10101
1 2 9256 2371 4895
1 2 10101 4895 3935
1 2 9256 4895 10101
1 2 906 16057 8182
1 2 16057 3928 10452
1 2 8182 10452 2369
1 2 16057 10452 8182
1 2 3928 9470 9471
1 2 9470 61 8788
1 2 9471 8788 4012
1 2 9470 8788 9471
1 2 2369 10451 15658
1 2 10451 4012 15749
1 2 15658 15749 614
1 2 10451 15749 15658
1 2 3928 9471 10452
1 2 9471 4012 10451
1 2 10452 10451 2369
1 2 9471 10451 10452
1 2 630 7444 7446
1 2 7444 2370 7445
1 2 7446 7445 2493
1 2 7444 7445 7446
1 2 2370 14949 14950
1 2 14949 614 5045
1 2 14950 5045 3239
1 2 14949 5045 14950
1 2 2493 14821 14090
1 2 14821 3239 14822
1 2 14090 14822 77
1 2 14821 14822 14090
1 2 2370 14950 7445
1 2 14950 3239 14821
1 2 7445 14821 2493
1 2 14950 14821 7445
1 2 906 8182 8184
1 2 8182 2369 8183
1 2 8184 8183 2371
1 2 8182 8183 8184
1 2 2369 15658 15659
1 2 15658 614 14949
1 2 15659 14949 2370
1 2 15658 14949 15659
1 2 2371 14351 4896
1 2 14351 2370 7444
1 2 4896 7444 630
1 2 14351 7444 4896
1 2 2369 15659 8183
1 2 15659 2370 14351
1 2 8183 14351 2371
1 2 15659 14351 8183
1 2 61 7142 8788
1 2 7142 2635 8787
1 2 8788 8787 4012
1 2 7142 8787 8788
1 2 2635 8392 8394
1 2 8392 613 8393
1 2 8394 8393 4094
1 2 8392 8393 8394
1 2 4012 9792 15749
1 2 9792 4094 15748
1 2 15749 15748 614
1 2 9792 15748 15749
1 2 2635 8394 8787
1 2 8394 4094 9792
1 2 8787 9792 4012
1 2 8394 9792 8787
1 2 613 8904 8905
1 2 8904 3782 6616
1 2 8905 6616 3783
1 2 8904 6616 8905
1 2 3782 10071 6615
1 2 10071 78 12537
1 2 6615 12537 3760
1 2 10071 12537 6615
1 2 3783 5287 5289
1 2 5287 3760 5288
1 2 5289 5288 290
1 2 5287 5288 5289
1 2 3782 6615 6616
1 2 6615 3760 5287
1 2 6616 5287 3783
1 2 6615 5287 6616
1 2 614 5043 5045
1 2 5043 3237 5044
1 2 5045 5044 3239
1 2 5043 5044 5045
1 2 3237 10866 11275
1 2 10866 290 16422
1 2 11275 16422 3238
1 2 10866 16422 11275
1 2 3239 11276 14822
1 2 11276 3238 8959
1 2 14822 8959 77
1 2 11276 8959 14822
1 2 3237 11275 5044
1 2 11275 3238 11276
1 2 5044 11276 3239
1 2 11275 11276 5044
1 2 613 8905 8393
1 2 8905 3783 9899
1 2 8393 9899 4094
1 2 8905 9899 8393
1 2 3783 5289 9897
1 2 5289 290 10866
1 2 9897 10866 3237
1 2 5289 10866 9897
1 2 4094 9898 15748
1 2 9898 3237 5043
1 2 15748 5043 614
1 2 9898 5043 15748
1 2 3783 9897 9899
1 2 9897 3237 9898
1 2 9899 9898 4094
1 2 9897 9898 9899
1 2 61 7140 7142
1 2 7140 2496 7141
1 2 7142 7141 2635
1 2 7140 7141 7142
1 2 2496 7829 7831
1 2 7829 318 7830
1 2 7831 7830 2634
1 2 7829 7830 7831
1 2 2635 14873 8392
1 2 14873 2634 6060
1 2 8392 6060 613
1 2 14873 6060 8392
1 2 2496 7831 7141
1 2 7831 2634 14873
1 2 7141 14873 2635
1 2 7831 14873 7141
1 2 318 5098 5100
1 2 5098 2488 5099
1 2 5100 5099 2490
1 2 5098 5099 5100
1 2 2488 15178 12484
1 2 15178 62 10615
1 2 12484 10615 2489
1 2 15178 10615 12484
1 2 2490 12485 14640
1 2 12485 2489 5342
1 2 14640 5342 351
1 2 12485 5342 14640
1 2 2488 12484 5099
1 2 12484 2489 12485
1 2 5099 12485 2490
1 2 12484 12485 5099
1 2 613 6059 8904
1 2 6059 4002 5729
1 2 8904 5729 3782
1 2 6059 5729 8904
1 2 4002 9967 5727
1 2 9967 351 9427
1 2 5727 9427 4003
1 2 9967 9427 5727
1 2 3782 5728 10071
1 2 5728 4003 10070
1 2 10071 10070 78
1 2 5728 10070 10071
1 2 4002 5727 5729
1 2 5727 4003 5728
1 2 5729 5728 3782
1 2 5727 5728 5729
1 2 318 5100 7830
1 2 5100 2490 8066
1 2 7830 8066 2634
1 2 5100 8066 7830
1 2 2490 14640 14669
1 2 14640 351 9967
1 2 14669 9967 4002
1 2 14640 9967 14669
1 2 2634 6058 6060
1 2 6058 4002 6059
1 2 6060 6059 613
1 2 6058 6059 6060
1 2 2490 14669 8066
1 2 14669 4002 6058
1 2 8066 6058 2634
1 2 14669 6058 8066
1 2 62 10614 10615
1 2 10614 2788 7128
1 2 10615 7128 2489
1 2 10614 7128 10615
1 2 2788 12065 7127
1 2 12065 349 12066
1 2 7127 12066 2134
1 2 12065 12066 7127
1 2 2489 5340 5342
1 2 5340 2134 5341
1 2 5342 5341 351
1 2 5340 5341 5342
1 2 2788 7127 7128
1 2 7127 2134 5340
1 2 7128 5340 2489
1 2 7127 5340 7128
1 2 349 8092 16033
1 2 8092 2421 7522
1 2 16033 7522 2132
1 2 8092 7522 16033
1 2 2421 8869 7520
1 2 8869 79 16039
1 2 7520 16039 3832
1 2 8869 16039 7520
1 2 2132 7521 7396
1 2 7521 3832 9330
1 2 7396 9330 350
1 2 7521 9330 7396
1 2 2421 7520 7522
1 2 7520 3832 7521
1 2 7522 7521 2132
1 2 7520 7521 7522
1 2 351 9425 9427
1 2 9425 2133 9426
1 2 9427 9426 4003
1 2 9425 9426 9427
1 2 2133 7397 10033
1 2 7397 350 16290
1 2 10033 16290 4116
1 2 7397 16290 10033
1 2 4003 10034 10070
1 2 10034 4116 4361
1 2 10070 4361 78
1 2 10034 4361 10070
1 2 2133 10033 9426
1 2 10033 4116 10034
1 2 9426 10034 4003
1 2 10033 10034 9426
1 2 349 16033 12066
1 2 16033 2132 8866
1 2 12066 8866 2134
1 2 16033 8866 12066
1 2 2132 7396 7398
1 2 7396 350 7397
1 2 7398 7397 2133
1 2 7396 7397 7398
1 2 2134 8865 5341
1 2 8865 2133 9425
1 2 5341 9425 351
1 2 8865 9425 5341
1 2 2132 7398 8866
1 2 7398 2133 8865
1 2 8866 8865 2134
1 2 7398 8865 8866
1 2 62 14174 10614
1 2 14174 1976 13741
1 2 10614 13741 2788
1 2 14174 13741 10614
1 2 1976 12757 12759
1 2 12757 538 12758
1 2 12759 12758 3698
1 2 12757 12758 12759
1 2 2788 13740 12065
1 2 13740 3698 14903
1 2 12065 14903 349
1 2 13740 14903 12065
1 2 1976 12759 13741
1 2 12759 3698 13740
1 2 13741 13740 2788
1 2 12759 13740 13741
1 2 538 6831 15008
1 2 6831 2436 9279
1 2 15008 9279 2438
1 2 6831 9279 15008
1 2 2436 15871 9277
1 2 15871 63 9049
1 2 9277 9049 2437
1 2 15871 9049 9277
1 2 2438 9278 8154
1 2 9278 2437 12295
1 2 8154 12295 539
1 2 9278 12295 8154
1 2 2436 9277 9279
1 2 9277 2437 9278
1 2 9279 9278 2438
1 2 9277 9278 9279
1 2 349 8090 8092
1 2 8090 2419 8091
1 2 8092 8091 2421
1 2 8090 8091 8092
1 2 2419 8155 13430
1 2 8155 539 8635
1 2 13430 8635 2420
1 2 8155 8635 13430
1 2 2421 8867 8869
1 2 8867 2420 8868
1 2 8869 8868 79
1 2 8867 8868 8869
1 2 2419 13430 8091
1 2 13430 2420 8867
1 2 8091 8867 2421
1 2 13430 8867 8091
1 2 538 15008 12758
1 2 15008 2438 15009
1 2 12758 15009 3698
1 2 15008 15009 12758
1 2 2438 8154 8156
1 2 8154 539 8155
1 2 8156 8155 2419
1 2 8154 8155 8156
1 2 3698 14902 14903
1 2 14902 2419 8090
1 2 14903 8090 349
1 2 14902 8090 14903
1 2 2438 8156 15009
1 2 8156 2419 14902
1 2 15009 14902 3698
1 2 8156 14902 15009
1 2 63 9047 9049
1 2 9047 3394 9048
1 2 9049 9048 2437
1 2 9047 9048 9049
1 2 3394 10127 10128
1 2 10127 984 4915
1 2 10128 4915 3080
1 2 10127 4915 10128
1 2 2437 13814 12295
1 2 13814 3080 13815
1 2 12295 13815 539
1 2 13814 13815 12295
1 2 3394 10128 9048
1 2 10128 3080 13814
1 2 9048 13814 2437
1 2 10128 13814 9048
1 2 984 13927 4913
1 2 13927 3269 13340
1 2 4913 13340 3078
1 2 13927 13340 4913
1 2 3269 14755 13338
1 2 14755 80 8129
1 2 13338 8129 3270
1 2 14755 8129 13338
1 2 3078 13339 14364
1 2 13339 3270 15344
1 2 14364 15344 951
1 2 13339 15344 14364
1 2 3269 13338 13340
1 2 13338 3270 13339
1 2 13340 13339 3078
1 2 13338 13339 13340
1 2 539 8633 8635
1 2 8633 3079 8634
1 2 8635 8634 2420
1 2 8633 8634 8635
1 2 3079 14365 15956
1 2 14365 951 11597
1 2 15956 11597 3982
1 2 14365 11597 15956
1 2 2420 15931 8868
1 2 15931 3982 8911
1 2 8868 8911 79
1 2 15931 8911 8868
1 2 3079 15956 8634
1 2 15956 3982 15931
1 2 8634 15931 2420
1 2 15956 15931 8634
1 2 984 4913 4915
1 2 4913 3078 4914
1 2 4915 4914 3080
1 2 4913 4914 4915
1 2 3078 14364 11954
1 2 14364 951 14365
1 2 11954 14365 3079
1 2 14364 14365 11954
1 2 3080 11955 13815
1 2 11955 3079 8633
1 2 13815 8633 539
1 2 11955 8633 13815
1 2 3078 11954 4914
1 2 11954 3079 11955
1 2 4914 11955 3080
1 2 11954 11955 4914
1 2 63 9763 9047
1 2 9763 2040 12737
1 2 9047 12737 3394
1 2 9763 12737 9047
1 2 2040 15464 15702
1 2 15464 948 9953
1 2 15702 9953 2428
1 2 15464 9953 15702
1 2 3394 15703 10127
1 2 15703 2428 12761
1 2 10127 12761 984
1 2 15703 12761 10127
1 2 2040 15702 12737
1 2 15702 2428 15703
1 2 12737 15703 3394
1 2 15702 15703 12737
1 2 948 7440 9952
1 2 7440 3128 13233
1 2 9952 13233 2426
1 2 7440 13233 9952
1 2 3128 13643 13645
1 2 13643 64 13644
1 2 13645 13644 2849
1 2 13643 13644 13645
1 2 2426 10052 10054
1 2 10052 2849 10053
1 2 10054 10053 983
1 2 10052 10053 10054
1 2 3128 13645 13233
1 2 13645 2849 10052
1 2 13233 10052 2426
1 2 13645 10052 13233
1 2 984 12760 13927
1 2 12760 2427 11753
1 2 13927 11753 3269
1 2 12760 11753 13927
1 2 2427 12249 11751
1 2 12249 983 9946
1 2 11751 9946 3289
1 2 12249 9946 11751
1 2 3269 11752 14755
1 2 11752 3289 12316
1 2 14755 12316 80
1 2 11752 12316 14755
1 2 2427 11751 11753
1 2 11751 3289 11752
1 2 11753 11752 3269
1 2 11751 11752 11753
1 2 948 9952 9953
1 2 9952 2426 5978
1 2 9953 5978 2428
1 2 9952 5978 9953
1 2 2426 10054 5976
1 2 10054 983 12249
1 2 5976 12249 2427
1 2 10054 12249 5976
1 2 2428 5977 12761
1 2 5977 2427 12760
1 2 12761 12760 984
1 2 5977 12760 12761
1 2 2426 5976 5978
1 2 5976 2427 5977
1 2 5978 5977 2428
1 2 5976 5977 5978
1 2 64 8370 13644
1 2 8370 2848 4732
1 2 13644 4732 2849
1 2 8370 4732 13644
1 2 2848 13971 4730
1 2 13971 722 7947
1 2 4730 7947 2475
1 2 13971 7947 4730
1 2 2849 4731 10053
1 2 4731 2475 15562
1 2 10053 15562 983
1 2 4731 15562 10053
1 2 2848 4730 4732
1 2 4730 2475 4731
1 2 4732 4731 2849
1 2 4730 4731 4732
1 2 722 11603 7946
1 2 11603 2999 7861
1 2 7946 7861 2473
1 2 11603 7861 7946
1 2 2999 10680 7859
1 2 10680 81 6090
1 2 7859 6090 3022
1 2 10680 6090 7859
1 2 2473 7860 9936
1 2 7860 3022 9935
1 2 9936 9935 711
1 2 7860 9935 9936
1 2 2999 7859 7861
1 2 7859 3022 7860
1 2 7861 7860 2473
1 2 7859 7860 7861
1 2 983 9944 9946
1 2 9944 2474 9945
1 2 9946 9945 3289
1 2 9944 9945 9946
1 2 2474 16519 16473
1 2 16519 711 5814
1 2 16473 5814 3875
1 2 16519 5814 16473
1 2 3289 12314 12316
1 2 12314 3875 12315
1 2 12316 12315 80
1 2 12314 12315 12316
1 2 2474 16473 9945
1 2 16473 3875 12314
1 2 9945 12314 3289
1 2 16473 12314 9945
1 2 722 7946 7947
1 2 7946 2473 4921
1 2 7947 4921 2475
1 2 7946 4921 7947
1 2 2473 9936 4919
1 2 9936 711 16519
1 2 4919 16519 2474
1 2 9936 16519 4919
1 2 2475 4920 15562
1 2 4920 2474 9944
1 2 15562 9944 983
1 2 4920 9944 15562
1 2 2473 4919 4921
1 2 4919 2474 4920
1 2 4921 4920 2475
1 2 4919 4920 4921
1 2 64 8368 8370
1 2 8368 4027 8369
1 2 8370 8369 2848
1 2 8368 8369 8370
1 2 4027 15844 15845
1 2 15844 635 9027
1 2 15845 9027 4166
1 2 15844 9027 15845
1 2 2848 13970 13971
1 2 13970 4166 11829
1 2 13971 11829 722
1 2 13970 11829 13971
1 2 4027 15845 8369
1 2 15845 4166 13970
1 2 8369 13970 2848
1 2 15845 13970 8369
1 2 635 13210 9025
1 2 13210 4176 13211
1 2 9025 13211 4165
1 2 13210 13211 9025
1 2 4176 7191 7193
1 2 7191 65 7192
1 2 7193 7192 4211
1 2 7191 7192 7193
1 2 4165 13910 8789
1 2 13910 4211 13911
1 2 8789 13911 721
1 2 13910 13911 8789
1 2 4176 7193 13211
1 2 7193 4211 13910
1 2 13211 13910 4165
1 2 7193 13910 13211
1 2 722 11601 11603
1 2 11601 2998 11602
1 2 11603 11602 2999
1 2 11601 11602 11603
1 2 2998 8790 12233
1 2 8790 721 15038
1 2 12233 15038 2638
1 2 8790 15038 12233
1 2 2999 10678 10680
1 2 10678 2638 10679
1 2 10680 10679 81
1 2 10678 10679 10680
1 2 2998 12233 11602
1 2 12233 2638 10678
1 2 11602 10678 2999
1 2 12233 10678 11602
1 2 635 9025 9027
1 2 9025 4165 9026
1 2 9027 9026 4166
1 2 9025 9026 9027
1 2 4165 8789 8791
1 2 8789 721 8790
1 2 8791 8790 2998
1 2 8789 8790 8791
1 2 4166 11828 11829
1 2 11828 2998 11601
1 2 11829 11601 722
1 2 11828 11601 11829
1 2 4165 8791 9026
1 2 8791 2998 11828
1 2 9026 11828 4166
1 2 8791 11828 9026
1 2 65 12069 7192
1 2 12069 2504 14204
1 2 7192 14204 4211
1 2 12069 14204 7192
1 2 2504 9512 9514
1 2 9512 804 9513
1 2 9514 9513 2918
1 2 9512 9513 9514
1 2 4211 14585 13911
1 2 14585 2918 14586
1 2 13911 14586 721
1 2 14585 14586 13911
1 2 2504 9514 14204
1 2 9514 2918 14585
1 2 14204 14585 4211
1 2 9514 14585 14204
1 2 804 4542 14867
1 2 4542 4048 14866
1 2 14867 14866 2917
1 2 4542 14866 14867
1 2 4048 10542 10544
1 2 10542 82 10543
1 2 10544 10543 3333
1 2 10542 10543 10544
1 2 2917 13782 13784
1 2 13782 3333 13783
1 2 13784 13783 836
1 2 13782 13783 13784
1 2 4048 10544 14866
1 2 10544 3333 13782
1 2 14866 13782 2917
1 2 10544 13782 14866
1 2 721 15204 15038
1 2 15204 2636 15205
1 2 15038 15205 2638
1 2 15204 15205 15038
1 2 2636 15471 15473
1 2 15471 836 15472
1 2 15473 15472 2637
1 2 15471 15472 15473
1 2 2638 15052 10679
1 2 15052 2637 13698
1 2 10679 13698 81
1 2 15052 13698 10679
1 2 2636 15473 15205
1 2 15473 2637 15052
1 2 15205 15052 2638
1 2 15473 15052 15205
1 2 804 14867 9513
1 2 14867 2917 16090
1 2 9513 16090 2918
1 2 14867 16090 9513
1 2 2917 13784 16325
1 2 13784 836 15471
1 2 16325 15471 2636
1 2 13784 15471 16325
1 2 2918 15370 14586
1 2 15370 2636 15204
1 2 14586 15204 721
1 2 15370 15204 14586
1 2 2917 16325 16090
1 2 16325 2636 15370
1 2 16090 15370 2918
1 2 16325 15370 16090
1 2 65 10402 12069
1 2 10402 1370 5701
1 2 12069 5701 2504
1 2 10402 5701 12069
1 2 1370 4757 4759
1 2 4757 402 4758
1 2 4759 4758 2503
1 2 4757 4758 4759
1 2 2504 5700 9512
1 2 5700 2503 15972
1 2 9512 15972 804
1 2 5700 15972 9512
1 2 1370 4759 5701
1 2 4759 2503 5700
1 2 5701 5700 2504
1 2 4759 5700 5701
1 2 402 5768 5770
1 2 5768 2765 5769
1 2 5770 5769 3051
1 2 5768 5769 5770
1 2 2765 7075 15561
1 2 7075 66 11043
1 2 15561 11043 3050
1 2 7075 11043 15561
1 2 3051 14447 14448
1 2 14447 3050 5385
1 2 14448 5385 756
1 2 14447 5385 14448
1 2 2765 15561 5769
1 2 15561 3050 14447
1 2 5769 14447 3051
1 2 15561 14447 5769
1 2 804 4540 4542
1 2 4540 3971 4541
1 2 4542 4541 4048
1 2 4540 4541 4542
1 2 3971 12719 7294
1 2 12719 756 12720
1 2 7294 12720 3888
1 2 12719 12720 7294
1 2 4048 7295 10542
1 2 7295 3888 10549
1 2 10542 10549 82
1 2 7295 10549 10542
1 2 3971 7294 4541
1 2 7294 3888 7295
1 2 4541 7295 4048
1 2 7294 7295 4541
1 2 402 5770 4758
1 2 5770 3051 12689
1 2 4758 12689 2503
1 2 5770 12689 4758
1 2 3051 14448 12687
1 2 14448 756 12719
1 2 12687 12719 3971
1 2 14448 12719 12687
1 2 2503 12688 15972
1 2 12688 3971 4540
1 2 15972 4540 804
1 2 12688 4540 15972
1 2 3051 12687 12689
1 2 12687 3971 12688
1 2 12689 12688 2503
1 2 12687 12688 12689
1 2 66 11041 11043
1 2 11041 1142 11042
1 2 11043 11042 3050
1 2 11041 11042 11043
1 2 1142 13337 11217
1 2 13337 755 12597
1 2 11217 12597 3827
1 2 13337 12597 11217
1 2 3050 5383 5385
1 2 5383 3827 5384
1 2 5385 5384 756
1 2 5383 5384 5385
1 2 1142 11217 11042
1 2 11217 3827 5383
1 2 11042 5383 3050
1 2 11217 5383 11042
1 2 755 5274 12595
1 2 5274 2574 14967
1 2 12595 14967 2976
1 2 5274 14967 12595
1 2 2574 14231 16559
1 2 14231 83 9204
1 2 16559 9204 2975
1 2 14231 9204 16559
1 2 2976 6999 7001
1 2 6999 2975 7000
1 2 7001 7000 730
1 2 6999 7000 7001
1 2 2574 16559 14967
1 2 16559 2975 6999
1 2 14967 6999 2976
1 2 16559 6999 14967
1 2 756 8243 12720
1 2 8243 3826 12767
1 2 12720 12767 3888
1 2 8243 12767 12720
1 2 3826 10082 12766
1 2 10082 730 14334
1 2 12766 14334 3548
1 2 10082 14334 12766
1 2 3888 10548 10549
1 2 10548 3548 9932
1 2 10549 9932 82
1 2 10548 9932 10549
1 2 3826 12766 12767
1 2 12766 3548 10548
1 2 12767 10548 3888
1 2 12766 10548 12767
1 2 755 12595 12597
1 2 12595 2976 12596
1 2 12597 12596 3827
1 2 12595 12596 12597
1 2 2976 7001 10083
1 2 7001 730 10082
1 2 10083 10082 3826
1 2 7001 10082 10083
1 2 3827 8242 5384
1 2 8242 3826 8243
1 2 5384 8243 756
1 2 8242 8243 5384
1 2 2976 10083 12596
1 2 10083 3826 8242
1 2 12596 8242 3827
1 2 10083 8242 12596
1 2 66 4523 11041
1 2 4523 1140 14299
1 2 11041 14299 1142
1 2 4523 14299 11041
1 2 1140 5935 5937
1 2 5935 783 5936
1 2 5937 5936 1141
1 2 5935 5936 5937
1 2 1142 13336 13337
1 2 13336 1141 10750
1 2 13337 10750 755
1 2 13336 10750 13337
1 2 1140 5937 14299
1 2 5937 1141 13336
1 2 14299 13336 1142
1 2 5937 13336 14299
1 2 783 11388 11390
1 2 11388 1356 11389
1 2 11390 11389 1804
1 2 11388 11389 11390
1 2 1356 12643 14498
1 2 12643 67 12043
1 2 14498 12043 1803
1 2 12643 12043 14498
1 2 1804 14499 7800
1 2 14499 1803 13901
1 2 7800 13901 860
1 2 14499 13901 7800
1 2 1356 14498 11389
1 2 14498 1803 14499
1 2 11389 14499 1804
1 2 14498 14499 11389
1 2 755 5272 5274
1 2 5272 2572 5273
1 2 5274 5273 2574
1 2 5272 5273 5274
1 2 2572 7801 7844
1 2 7801 860 7843
1 2 7844 7843 2573
1 2 7801 7843 7844
1 2 2574 14230 14231
1 2 14230 2573 6084
1 2 14231 6084 83
1 2 14230 6084 14231
1 2 2572 7844 5273
1 2 7844 2573 14230
1 2 5273 14230 2574
1 2 7844 14230 5273
1 2 783 11390 5936
1 2 11390 1804 16231
1 2 5936 16231 1141
1 2 11390 16231 5936
1 2 1804 7800 7802
1 2 7800 860 7801
1 2 7802 7801 2572
1 2 7800 7801 7802
1 2 1141 10749 10750
1 2 10749 2572 5272
1 2 10750 5272 755
1 2 10749 5272 10750
1 2 1804 7802 16231
1 2 7802 2572 10749
1 2 16231 10749 1141
1 2 7802 10749 16231
1 2 67 12041 12043
1 2 12041 3038 12042
1 2 12043 12042 1803
1 2 12041 12042 12043
1 2 3038 11698 11700
1 2 11698 561 11699
1 2 11700 11699 2251
1 2 11698 11699 11700
1 2 1803 13117 13901
1 2 13117 2251 13900
1 2 13901 13900 860
1 2 13117 13900 13901
1 2 3038 11700 12042
1 2 11700 2251 13117
1 2 12042 13117 1803
1 2 11700 13117 12042
1 2 561 6418 13479
1 2 6418 3829 16515
1 2 13479 16515 2249
1 2 6418 16515 13479
1 2 3829 12864 13523
1 2 12864 84 11448
1 2 13523 11448 4136
1 2 12864 11448 13523
1 2 2249 15273 6012
1 2 15273 4136 15274
1 2 6012 15274 861
1 2 15273 15274 6012
1 2 3829 13523 16515
1 2 13523 4136 15273
1 2 16515 15273 2249
1 2 13523 15273 16515
1 2 860 13243 7843
1 2 13243 2250 8669
1 2 7843 8669 2573
1 2 13243 8669 7843
1 2 2250 6013 8668
1 2 6013 861 14539
1 2 8668 14539 3451
1 2 6013 14539 8668
1 2 2573 6082 6084
1 2 6082 3451 6083
1 2 6084 6083 83
1 2 6082 6083 6084
1 2 2250 8668 8669
1 2 8668 3451 6082
1 2 8669 6082 2573
1 2 8668 6082 8669
1 2 561 13479 11699
1 2 13479 2249 13480
1 2 11699 13480 2251
1 2 13479 13480 11699
1 2 2249 6012 6014
1 2 6012 861 6013
1 2 6014 6013 2250
1 2 6012 6013 6014
1 2 2251 14597 13900
1 2 14597 2250 13243
1 2 13900 13243 860
1 2 14597 13243 13900
1 2 2249 6014 13480
1 2 6014 2250 14597
1 2 13480 14597 2251
1 2 6014 14597 13480
1 2 67 14256 12041
1 2 14256 1237 14257
1 2 12041 14257 3038
1 2 14256 14257 12041
1 2 1237 16178 16419
1 2 16178 559 15147
1 2 16419 15147 3892
1 2 16178 15147 16419
1 2 3038 15997 11698
1 2 15997 3892 9472
1 2 11698 9472 561
1 2 15997 9472 11698
1 2 1237 16419 14257
1 2 16419 3892 15997
1 2 14257 15997 3038
1 2 16419 15997 14257
1 2 559 6176 6655
1 2 6176 1333 6654
1 2 6655 6654 3891
1 2 6176 6654 6655
1 2 1333 7901 9021
1 2 7901 68 9020
1 2 9021 9020 1300
1 2 7901 9020 9021
1 2 3891 9215 13335
1 2 9215 1300 12007
1 2 13335 12007 560
1 2 9215 12007 13335
1 2 1333 9021 6654
1 2 9021 1300 9215
1 2 6654 9215 3891
1 2 9021 9215 6654
1 2 561 6416 6418
1 2 6416 3828 6417
1 2 6418 6417 3829
1 2 6416 6417 6418
1 2 3828 12467 6425
1 2 12467 560 12468
1 2 6425 12468 2147
1 2 12467 12468 6425
1 2 3829 6426 12864
1 2 6426 2147 12863
1 2 12864 12863 84
1 2 6426 12863 12864
1 2 3828 6425 6417
1 2 6425 2147 6426
1 2 6417 6426 3829
1 2 6425 6426 6417
1 2 559 6655 15147
1 2 6655 3891 6598
1 2 15147 6598 3892
1 2 6655 6598 15147
1 2 3891 13335 6596
1 2 13335 560 12467
1 2 6596 12467 3828
1 2 13335 12467 6596
1 2 3892 6597 9472
1 2 6597 3828 6416
1 2 9472 6416 561
1 2 6597 6416 9472
1 2 3891 6596 6598
1 2 6596 3828 6597
1 2 6598 6597 3892
1 2 6596 6597 6598
1 2 68 12871 9020
1 2 12871 1298 5239
1 2 9020 5239 1300
1 2 12871 5239 9020
1 2 1298 7180 5237
1 2 7180 1032 7181
1 2 5237 7181 1299
1 2 7180 7181 5237
1 2 1300 5238 12007
1 2 5238 1299 10445
1 2 12007 10445 560
1 2 5238 10445 12007
1 2 1298 5237 5239
1 2 5237 1299 5238
1 2 5239 5238 1300
1 2 5237 5238 5239
1 2 1032 11964 11966
1 2 11964 2275 11965
1 2 11966 11965 2239
1 2 11964 11965 11966
1 2 2275 15133 12475
1 2 15133 85 4774
1 2 12475 4774 2276
1 2 15133 4774 12475
1 2 2239 12476 4712
1 2 12476 2276 5416
1 2 4712 5416 1033
1 2 12476 5416 4712
1 2 2275 12475 11965
1 2 12475 2276 12476
1 2 11965 12476 2239
1 2 12475 12476 11965
1 2 560 10444 12468
1 2 10444 2146 13404
1 2 12468 13404 2147
1 2 10444 13404 12468
1 2 2146 4713 14434
1 2 4713 1033 14433
1 2 14434 14433 1114
1 2 4713 14433 14434
1 2 2147 16361 12863
1 2 16361 1114 16574
1 2 12863 16574 84
1 2 16361 16574 12863
1 2 2146 14434 13404
1 2 14434 1114 16361
1 2 13404 16361 2147
1 2 14434 16361 13404
1 2 1032 11966 7181
1 2 11966 2239 13840
1 2 7181 13840 1299
1 2 11966 13840 7181
1 2 2239 4712 4714
1 2 4712 1033 4713
1 2 4714 4713 2146
1 2 4712 4713 4714
1 2 1299 10443 10445
1 2 10443 2146 10444
1 2 10445 10444 560
1 2 10443 10444 10445
1 2 2239 4714 13840
1 2 4714 2146 10443
1 2 13840 10443 1299
1 2 4714 10443 13840
1 2 69 6699 12939
1 2 6699 1431 12938
1 2 12939 12938 1433
1 2 6699 12938 12939
1 2 1431 6296 6298
1 2 6296 541 6297
1 2 6298 6297 1432
1 2 6296 6297 6298
1 2 1433 15325 15326
1 2 15325 1432 7973
1 2 15326 7973 1066
1 2 15325 7973 15326
1 2 1431 6298 12938
1 2 6298 1432 15325
1 2 12938 15325 1433
1 2 6298 15325 12938
1 2 541 4982 12326
1 2 4982 3370 6334
1 2 12326 6334 3677
1 2 4982 6334 12326
1 2 3370 11397 6332
1 2 11397 70 11398
1 2 6332 11398 4050
1 2 11397 11398 6332
1 2 3677 6333 14906
1 2 6333 4050 16001
1 2 14906 16001 1065
1 2 6333 16001 14906
1 2 3370 6332 6334
1 2 6332 4050 6333
1 2 6334 6333 3677
1 2 6332 6333 6334
1 2 1066 7972 15220
1 2 7972 1295 15219
1 2 15220 15219 1297
1 2 7972 15219 15220
1 2 1295 14907 15699
1 2 14907 1065 15074
1 2 15699 15074 1296
1 2 14907 15074 15699
1 2 1297 11614 11616
1 2 11614 1296 11615
1 2 11616 11615 86
1 2 11614 11615 11616
1 2 1295 15699 15219
1 2 15699 1296 11614
1 2 15219 11614 1297
1 2 15699 11614 15219
1 2 541 12326 6297
1 2 12326 3677 13388
1 2 6297 13388 1432
1 2 12326 13388 6297
1 2 3677 14906 13387
1 2 14906 1065 14907
1 2 13387 14907 1295
1 2 14906 14907 13387
1 2 1432 7971 7973
1 2 7971 1295 7972
1 2 7973 7972 1066
1 2 7971 7972 7973
1 2 3677 13387 13388
1 2 13387 1295 7971
1 2 13388 7971 1432
1 2 13387 7971 13388
1 2 70 12407 11398
1 2 12407 3957 13297
1 2 11398 13297 4050
1 2 12407 13297 11398
1 2 3957 13694 13655
1 2 13694 1027 16498
1 2 13655 16498 3529
1 2 13694 16498 13655
1 2 4050 13656 16001
1 2 13656 3529 13794
1 2 16001 13794 1065
1 2 13656 13794 16001
1 2 3957 13655 13297
1 2 13655 3529 13656
1 2 13297 13656 4050
1 2 13655 13656 13297
1 2 1027 9270 12768
1 2 9270 4022 11048
1 2 12768 11048 3527
1 2 9270 11048 12768
1 2 4022 12037 11046
1 2 12037 87 12088
1 2 11046 12088 3116
1 2 12037 12088 11046
1 2 3527 11047 6969
1 2 11047 3116 10954
1 2 6969 10954 1048
1 2 11047 10954 6969
1 2 4022 11046 11048
1 2 11046 3116 11047
1 2 11048 11047 3527
1 2 11046 11047 11048
1 2 1065 13793 15074
1 2 13793 3528 15073
1 2 15074 15073 1296
1 2 13793 15073 15074
1 2 3528 6970 15375
1 2 6970 1048 15543
1 2 15375 15543 4084
1 2 6970 15543 15375
1 2 1296 13796 11615
1 2 13796 4084 13797
1 2 11615 13797 86
1 2 13796 13797 11615
1 2 3528 15375 15073
1 2 15375 4084 13796
1 2 15073 13796 1296
1 2 15375 13796 15073
1 2 1027 12768 16498
1 2 12768 3527 16588
1 2 16498 16588 3529
1 2 12768 16588 16498
1 2 3527 6969 6971
1 2 6969 1048 6970
1 2 6971 6970 3528
1 2 6969 6970 6971
1 2 3529 13792 13794
1 2 13792 3528 13793
1 2 13794 13793 1065
1 2 13792 13793 13794
1 2 3527 6971 16588
1 2 6971 3528 13792
1 2 16588 13792 3529
1 2 6971 13792 16588
1 2 70 5859 12407
1 2 5859 2418 11664
1 2 12407 11664 3957
1 2 5859 11664 12407
1 2 2418 4754 4756
1 2 4754 1026 4755
1 2 4756 4755 2836
1 2 4754 4755 4756
1 2 3957 11663 13694
1 2 11663 2836 12827
1 2 13694 12827 1027
1 2 11663 12827 13694
1 2 2418 4756 11664
1 2 4756 2836 11663
1 2 11664 11663 3957
1 2 4756 11663 11664
1 2 1026 13251 11150
1 2 13251 2434 13252
1 2 11150 13252 2435
1 2 13251 13252 11150
1 2 2434 12988 12989
1 2 12988 71 11732
1 2 12989 11732 1217
1 2 12988 11732 12989
1 2 2435 15761 7219
1 2 15761 1217 10347
1 2 7219 10347 674
1 2 15761 10347 7219
1 2 2434 12989 13252
1 2 12989 1217 15761
1 2 13252 15761 2435
1 2 12989 15761 13252
1 2 1027 9268 9270
1 2 9268 2835 9269
1 2 9270 9269 4022
1 2 9268 9269 9270
1 2 2835 7220 9779
1 2 7220 674 10072
1 2 9779 10072 4021
1 2 7220 10072 9779
1 2 4022 9780 12037
1 2 9780 4021 12036
1 2 12037 12036 87
1 2 9780 12036 12037
1 2 2835 9779 9269
1 2 9779 4021 9780
1 2 9269 9780 4022
1 2 9779 9780 9269
1 2 1026 11150 4755
1 2 11150 2435 11151
1 2 4755 11151 2836
1 2 11150 11151 4755
1 2 2435 7219 7221
1 2 7219 674 7220
1 2 7221 7220 2835
1 2 7219 7220 7221
1 2 2836 11830 12827
1 2 11830 2835 9268
1 2 12827 9268 1027
1 2 11830 9268 12827
1 2 2435 7221 11151
1 2 7221 2835 11830
1 2 11151 11830 2836
1 2 7221 11830 11151
1 2 71 10273 11732
1 2 10273 1215 4880
1 2 11732 4880 1217
1 2 10273 4880 11732
1 2 1215 6411 4878
1 2 6411 617 6412
1 2 4878 6412 1216
1 2 6411 6412 4878
1 2 1217 4879 10347
1 2 4879 1216 8241
1 2 10347 8241 674
1 2 4879 8241 10347
1 2 1215 4878 4880
1 2 4878 1216 4879
1 2 4880 4879 1217
1 2 4878 4879 4880
1 2 617 6032 7964
1 2 6032 3641 7963
1 2 7964 7963 3615
1 2 6032 7963 7964
1 2 3641 8723 8165
1 2 8723 88 8724
1 2 8165 8724 3950
1 2 8723 8724 8165
1 2 3615 8166 6947
1 2 8166 3950 4946
1 2 6947 4946 673
1 2 8166 4946 6947
1 2 3641 8165 7963
1 2 8165 3950 8166
1 2 7963 8166 3615
1 2 8165 8166 7963
1 2 674 8240 10072
1 2 8240 3616 13789
1 2 10072 13789 4021
1 2 8240 13789 10072
1 2 3616 6948 8461
1 2 6948 673 8460
1 2 8461 8460 2896
1 2 6948 8460 8461
1 2 4021 13788 12036
1 2 13788 2896 13913
1 2 12036 13913 87
1 2 13788 13913 12036
1 2 3616 8461 13789
1 2 8461 2896 13788
1 2 13789 13788 4021
1 2 8461 13788 13789
1 2 617 7964 6412
1 2 7964 3615 15070
1 2 6412 15070 1216
1 2 7964 15070 6412
1 2 3615 6947 6949
1 2 6947 673 6948
1 2 6949 6948 3616
1 2 6947 6948 6949
1 2 1216 8239 8241
1 2 8239 3616 8240
1 2 8241 8240 674
1 2 8239 8240 8241
1 2 3615 6949 15070
1 2 6949 3616 8239
1 2 15070 8239 1216
1 2 6949 8239 15070
1 2 71 10271 10273
1 2 10271 2712 10272
1 2 10273 10272 1215
1 2 10271 10272 10273
1 2 2712 12287 15570
1 2 12287 615 15869
1 2 15570 15869 2713
1 2 12287 15869 15570
1 2 1215 11562 6411
1 2 11562 2713 8616
1 2 6411 8616 617
1 2 11562 8616 6411
1 2 2712 15570 10272
1 2 15570 2713 11562
1 2 10272 11562 1215
1 2 15570 11562 10272
1 2 615 9044 9046
1 2 9044 2373 9045
1 2 9046 9045 3687
1 2 9044 9045 9046
1 2 2373 15172 10515
1 2 15172 72 15173
1 2 10515 15173 2123
1 2 15172 15173 10515
1 2 3687 10516 9490
1 2 10516 2123 7087
1 2 9490 7087 616
1 2 10516 7087 9490
1 2 2373 10515 9045
1 2 10515 2123 10516
1 2 9045 10516 3687
1 2 10515 10516 9045
1 2 617 6030 6032
1 2 6030 3639 6031
1 2 6032 6031 3641
1 2 6030 6031 6032
1 2 3639 9491 14555
1 2 9491 616 14554
1 2 14555 14554 3640
1 2 9491 14554 14555
1 2 3641 15942 8723
1 2 15942 3640 15729
1 2 8723 15729 88
1 2 15942 15729 8723
1 2 3639 14555 6031
1 2 14555 3640 15942
1 2 6031 15942 3641
1 2 14555 15942 6031
1 2 615 9046 15869
1 2 9046 3687 4348
1 2 15869 4348 2713
1 2 9046 4348 15869
1 2 3687 9490 4346
1 2 9490 616 9491
1 2 4346 9491 3639
1 2 9490 9491 4346
1 2 2713 4347 8616
1 2 4347 3639 6030
1 2 8616 6030 617
1 2 4347 6030 8616
1 2 3687 4346 4348
1 2 4346 3639 4347
1 2 4348 4347 2713
1 2 4346 4347 4348
1 2 72 16471 15173
1 2 16471 2121 16068
1 2 15173 16068 2123
1 2 16471 16068 15173
1 2 2121 10077 10079
1 2 10077 738 10078
1 2 10079 10078 2122
1 2 10077 10078 10079
1 2 2123 7085 7087
1 2 7085 2122 7086
1 2 7087 7086 616
1 2 7085 7086 7087
1 2 2121 10079 16068
1 2 10079 2122 7085
1 2 16068 7085 2123
1 2 10079 7085 16068
1 2 738 5969 16406
1 2 5969 2088 6180
1 2 16406 6180 2569
1 2 5969 6180 16406
1 2 2088 14911 6178
1 2 14911 89 16201
1 2 6178 16201 2568
1 2 14911 16201 6178
1 2 2569 6179 6257
1 2 6179 2568 12148
1 2 6257 12148 480
1 2 6179 12148 6257
1 2 2088 6178 6180
1 2 6178 2568 6179
1 2 6180 6179 2569
1 2 6178 6179 6180
1 2 616 14573 14554
1 2 14573 4159 11827
1 2 14554 11827 3640
1 2 14573 11827 14554
1 2 4159 6258 10434
1 2 6258 480 10433
1 2 10434 10433 2468
1 2 6258 10433 10434
1 2 3640 11826 15729
1 2 11826 2468 13920
1 2 15729 13920 88
1 2 11826 13920 15729
1 2 4159 10434 11827
1 2 10434 2468 11826
1 2 11827 11826 3640
1 2 10434 11826 11827
1 2 738 16406 10078
1 2 16406 2569 12601
1 2 10078 12601 2122
1 2 16406 12601 10078
1 2 2569 6257 6259
1 2 6257 480 6258
1 2 6259 6258 4159
1 2 6257 6258 6259
1 2 2122 12600 7086
1 2 12600 4159 14573
1 2 7086 14573 616
1 2 12600 14573 7086
1 2 2569 6259 12601
1 2 6259 4159 12600
1 2 12601 12600 2122
1 2 6259 12600 12601
1 2 72 11521 16471
1 2 11521 2286 6384
1 2 16471 6384 2121
1 2 11521 6384 16471
1 2 2286 8366 6382
1 2 8366 737 8367
1 2 6382 8367 1478
1 2 8366 8367 6382
1 2 2121 6383 10077
1 2 6383 1478 11062
1 2 10077 11062 738
1 2 6383 11062 10077
1 2 2286 6382 6384
1 2 6382 1478 6383
1 2 6384 6383 2121
1 2 6382 6383 6384
1 2 737 10200 13799
1 2 10200 1908 13798
1 2 13799 13798 1476
1 2 10200 13798 13799
1 2 1908 9742 12009
1 2 9742 73 12008
1 2 12009 12008 1909
1 2 9742 12008 12009
1 2 1476 7132 7134
1 2 7132 1909 7133
1 2 7134 7133 433
1 2 7132 7133 7134
1 2 1908 12009 13798
1 2 12009 1909 7132
1 2 13798 7132 1476
1 2 12009 7132 13798
1 2 738 5967 5969
1 2 5967 1477 5968
1 2 5969 5968 2088
1 2 5967 5968 5969
1 2 1477 11573 11575
1 2 11573 433 11574
1 2 11575 11574 1931
1 2 11573 11574 11575
1 2 2088 13649 14911
1 2 13649 1931 9005
1 2 14911 9005 89
1 2 13649 9005 14911
1 2 1477 11575 5968
1 2 11575 1931 13649
1 2 5968 13649 2088
1 2 11575 13649 5968
1 2 737 13799 8367
1 2 13799 1476 14346
1 2 8367 14346 1478
1 2 13799 14346 8367
1 2 1476 7134 12951
1 2 7134 433 11573
1 2 12951 11573 1477
1 2 7134 11573 12951
1 2 1478 11061 11062
1 2 11061 1477 5967
1 2 11062 5967 738
1 2 11061 5967 11062
1 2 1476 12951 14346
1 2 12951 1477 11061
1 2 14346 11061 1478
1 2 12951 11061 14346
1 2 73 13162 12008
1 2 13162 2096 11948
1 2 12008 11948 1909
1 2 13162 11948 12008
1 2 2096 11714 11947
1 2 11714 432 13907
1 2 11947 13907 1729
1 2 11714 13907 11947
1 2 1909 11259 7133
1 2 11259 1729 8957
1 2 7133 8957 433
1 2 11259 8957 7133
1 2 2096 11947 11948
1 2 11947 1729 11259
1 2 11948 11259 1909
1 2 11947 11259 11948
1 2 432 11486 11487
1 2 11486 2044 10585
1 2 11487 10585 1727
1 2 11486 10585 11487
1 2 2044 12321 10583
1 2 12321 90 15966
1 2 10583 15966 3445
1 2 12321 15966 10583
1 2 1727 10584 7194
1 2 10584 3445 15405
1 2 7194 15405 343
1 2 10584 15405 7194
1 2 2044 10583 10585
1 2 10583 3445 10584
1 2 10585 10584 1727
1 2 10583 10584 10585
1 2 433 8956 11574
1 2 8956 1728 12145
1 2 11574 12145 1931
1 2 8956 12145 11574
1 2 1728 5771 5773
1 2 5771 343 5772
1 2 5773 5772 1643
1 2 5771 5772 5773
1 2 1931 9004 9005
1 2 9004 1643 5640
1 2 9005 5640 89
1 2 9004 5640 9005
1 2 1728 5773 12145
1 2 5773 1643 9004
1 2 12145 9004 1931
1 2 5773 9004 12145
1 2 432 11487 13907
1 2 11487 1727 10573
1 2 13907 10573 1729
1 2 11487 10573 13907
1 2 1727 7194 7195
1 2 7194 343 5771
1 2 7195 5771 1728
1 2 7194 5771 7195
1 2 1729 8955 8957
1 2 8955 1728 8956
1 2 8957 8956 433
1 2 8955 8956 8957
1 2 1727 7195 10573
1 2 7195 1728 8955
1 2 10573 8955 1729
1 2 7195 8955 10573
1 2 73 11564 13162
1 2 11564 1463 13161
1 2 13162 13161 2096
1 2 11564 13161 13162
1 2 1463 11558 11560
1 2 11558 946 11559
1 2 11560 11559 3021
1 2 11558 11559 11560
1 2 2096 11713 11714
1 2 11713 3021 4606
1 2 11714 4606 432
1 2 11713 4606 11714
1 2 1463 11560 13161
1 2 11560 3021 11713
1 2 13161 11713 2096
1 2 11560 11713 13161
1 2 946 12386 15082
1 2 12386 3137 4609
1 2 15082 4609 3020
1 2 12386 4609 15082
1 2 3137 6274 4607
1 2 6274 74 6275
1 2 4607 6275 1110
1 2 6274 6275 4607
1 2 3020 4608 5838
1 2 4608 1110 5837
1 2 5838 5837 820
1 2 4608 5837 5838
1 2 3137 4607 4609
1 2 4607 1110 4608
1 2 4609 4608 3020
1 2 4607 4608 4609
1 2 432 4605 11486
1 2 4605 2042 5912
1 2 11486 5912 2044
1 2 4605 5912 11486
1 2 2042 16002 5910
1 2 16002 820 16302
1 2 5910 16302 2043
1 2 16002 16302 5910
1 2 2044 5911 12321
1 2 5911 2043 12320
1 2 12321 12320 90
1 2 5911 12320 12321
1 2 2042 5910 5912
1 2 5910 2043 5911
1 2 5912 5911 2044
1 2 5910 5911 5912
1 2 946 15082 11559
1 2 15082 3020 14882
1 2 11559 14882 3021
1 2 15082 14882 11559
1 2 3020 5838 14881
1 2 5838 820 16002
1 2 14881 16002 2042
1 2 5838 16002 14881
1 2 3021 4604 4606
1 2 4604 2042 4605
1 2 4606 4605 432
1 2 4604 4605 4606
1 2 3020 14881 14882
1 2 14881 2042 4604
1 2 14882 4604 3021
1 2 14881 4604 14882
1 2 74 7267 6275
1 2 7267 1108 7268
1 2 6275 7268 1110
1 2 7267 7268 6275
1 2 1108 5705 5707
1 2 5705 818 5706
1 2 5707 5706 1109
1 2 5705 5706 5707
1 2 1110 16606 5837
1 2 16606 1109 16616
1 2 5837 16616 820
1 2 16606 16616 5837
1 2 1108 5707 7268
1 2 5707 1109 16606
1 2 7268 16606 1110
1 2 5707 16606 7268
1 2 818 11188 11213
1 2 11188 1915 11212
1 2 11213 11212 2715
1 2 11188 11212 11213
1 2 1915 12420 12494
1 2 12420 91 12493
1 2 12494 12493 2714
1 2 12420 12493 12494
1 2 2715 14228 7913
1 2 14228 2714 14681
1 2 7913 14681 819
1 2 14228 14681 7913
1 2 1915 12494 11212
1 2 12494 2714 14228
1 2 11212 14228 2715
1 2 12494 14228 11212
1 2 820 16534 16302
1 2 16534 3000 10460
1 2 16302 10460 2043
1 2 16534 10460 16302
1 2 3000 7914 10458
1 2 7914 819 11671
1 2 10458 11671 3001
1 2 7914 11671 10458
1 2 2043 10459 12320
1 2 10459 3001 14670
1 2 12320 14670 90
1 2 10459 14670 12320
1 2 3000 10458 10460
1 2 10458 3001 10459
1 2 10460 10459 2043
1 2 10458 10459 10460
1 2 818 11213 5706
1 2 11213 2715 13587
1 2 5706 13587 1109
1 2 11213 13587 5706
1 2 2715 7913 7915
1 2 7913 819 7914
1 2 7915 7914 3000
1 2 7913 7914 7915
1 2 1109 13586 16616
1 2 13586 3000 16534
1 2 16616 16534 820
1 2 13586 16534 16616
1 2 2715 7915 13587
1 2 7915 3000 13586
1 2 13587 13586 1109
1 2 7915 13586 13587
1 2 74 14469 7267
1 2 14469 2864 7283
1 2 7267 7283 1108
1 2 14469 7283 7267
1 2 2864 11709 7281
1 2 11709 544 15710
1 2 7281 15710 2425
1 2 11709 15710 7281
1 2 1108 7282 5705
1 2 7282 2425 5324
1 2 5705 5324 818
1 2 7282 5324 5705
1 2 2864 7281 7283
1 2 7281 2425 7282
1 2 7283 7282 1108
1 2 7281 7282 7283
1 2 544 12588 12922
1 2 12588 1409 12510
1 2 12922 12510 2424
1 2 12588 12510 12922
1 2 1409 16447 12508
1 2 16447 75 15061
1 2 12508 15061 2667
1 2 16447 15061 12508
1 2 2424 12509 13718
1 2 12509 2667 8256
1 2 13718 8256 495
1 2 12509 8256 13718
1 2 1409 12508 12510
1 2 12508 2667 12509
1 2 12510 12509 2424
1 2 12508 12509 12510
1 2 818 5323 11188
1 2 5323 1913 10588
1 2 11188 10588 1915
1 2 5323 10588 11188
1 2 1913 13719 10586
1 2 13719 495 14143
1 2 10586 14143 1914
1 2 13719 14143 10586
1 2 1915 10587 12420
1 2 10587 1914 10920
1 2 12420 10920 91
1 2 10587 10920 12420
1 2 1913 10586 10588
1 2 10586 1914 10587
1 2 10588 10587 1915
1 2 10586 10587 10588
1 2 544 12922 15710
1 2 12922 2424 11989
1 2 15710 11989 2425
1 2 12922 11989 15710
1 2 2424 13718 11988
1 2 13718 495 13719
1 2 11988 13719 1913
1 2 13718 13719 11988
1 2 2425 5322 5324
1 2 5322 1913 5323
1 2 5324 5323 818
1 2 5322 5323 5324
1 2 2424 11988 11989
1 2 11988 1913 5322
1 2 11989 5322 2425
1 2 11988 5322 11989
1 2 75 5887 15061
1 2 5887 1331 4515
1 2 15061 4515 2667
1 2 5887 4515 15061
1 2 1331 12458 4513
1 2 12458 493 12459
1 2 4513 12459 2553
1 2 12458 12459 4513
1 2 2667 4514 8256
1 2 4514 2553 8255
1 2 8256 8255 495
1 2 4514 8255 8256
1 2 1331 4513 4515
1 2 4513 2553 4514
1 2 4515 4514 2667
1 2 4513 4514 4515
1 2 493 8354 14089
1 2 8354 3378 13414
1 2 14089 13414 2552
1 2 8354 13414 14089
1 2 3378 14212 13412
1 2 14212 92 14213
1 2 13412 14213 3833
1 2 14212 14213 13412
1 2 2552 13413 15834
1 2 13413 3833 10993
1 2 15834 10993 494
1 2 13413 10993 15834
1 2 3378 13412 13414
1 2 13412 3833 13413
1 2 13414 13413 2552
1 2 13412 13413 13414
1 2 495 14142 14143
1 2 14142 2166 12108
1 2 14143 12108 1914
1 2 14142 12108 14143
1 2 2166 14197 12107
1 2 14197 494 13433
1 2 12107 13433 2167
1 2 14197 13433 12107
1 2 1914 10918 10920
1 2 10918 2167 10919
1 2 10920 10919 91
1 2 10918 10919 10920
1 2 2166 12107 12108
1 2 12107 2167 10918
1 2 12108 10918 1914
1 2 12107 10918 12108
1 2 493 14089 12459
1 2 14089 2552 16250
1 2 12459 16250 2553
1 2 14089 16250 12459
1 2 2552 15834 15835
1 2 15834 494 14197
1 2 15835 14197 2166
1 2 15834 14197 15835
1 2 2553 15924 8255
1 2 15924 2166 14142
1 2 8255 14142 495
1 2 15924 14142 8255
1 2 2552 15835 16250
1 2 15835 2166 15924
1 2 16250 15924 2553
1 2 15835 15924 16250
1 2 75 5715 5887
1 2 5715 1329 5886
1 2 5887 5886 1331
1 2 5715 5886 5887
1 2 1329 8551 6844
1 2 8551 899 8552
1 2 6844 8552 1330
1 2 8551 8552 6844
1 2 1331 6845 12458
1 2 6845 1330 5721
1 2 12458 5721 493
1 2 6845 5721 12458
1 2 1329 6844 5886
1 2 6844 1330 6845
1 2 5886 6845 1331
1 2 6844 6845 5886
1 2 899 15632 15633
1 2 15632 3922 14704
1 2 15633 14704 2466
1 2 15632 14704 15633
1 2 3922 11420 11422
1 2 11420 76 11421
1 2 11422 11421 1475
1 2 11420 11421 11422
1 2 2466 10969 10971
1 2 10969 1475 10970
1 2 10971 10970 342
1 2 10969 10970 10971
1 2 3922 11422 14704
1 2 11422 1475 10969
1 2 14704 10969 2466
1 2 11422 10969 14704
1 2 493 5720 8354
1 2 5720 2467 8353
1 2 8354 8353 3378
1 2 5720 8353 8354
1 2 2467 7274 7276
1 2 7274 342 7275
1 2 7276 7275 2205
1 2 7274 7275 7276
1 2 3378 15136 14212
1 2 15136 2205 13494
1 2 14212 13494 92
1 2 15136 13494 14212
1 2 2467 7276 8353
1 2 7276 2205 15136
1 2 8353 15136 3378
1 2 7276 15136 8353
1 2 899 15633 8552
1 2 15633 2466 5263
1 2 8552 5263 1330
1 2 15633 5263 8552
1 2 2466 10971 5261
1 2 10971 342 7274
1 2 5261 7274 2467
1 2 10971 7274 5261
1 2 1330 5262 5721
1 2 5262 2467 5720
1 2 5721 5720 493
1 2 5262 5720 5721
1 2 2466 5261 5263
1 2 5261 2467 5262
1 2 5263 5262 1330
1 2 5261 5262 5263
1 2 76 4980 11421
1 2 4980 1473 14754
1 2 11421 14754 1475
1 2 4980 14754 11421
1 2 1473 14954 15010
1 2 14954 340 7633
1 2 15010 7633 1474
1 2 14954 7633 15010
1 2 1475 13973 10970
1 2 13973 1474 13974
1 2 10970 13974 342
1 2 13973 13974 10970
1 2 1473 15010 14754
1 2 15010 1474 13973
1 2 14754 13973 1475
1 2 15010 13973 14754
1 2 340 15396 7632
1 2 15396 2345 13917
1 2 7632 13917 2680
1 2 15396 13917 7632
1 2 2345 5873 11124
1 2 5873 93 11123
1 2 11124 11123 1542
1 2 5873 11123 11124
1 2 2680 13686 13688
1 2 13686 1542 13687
1 2 13688 13687 341
1 2 13686 13687 13688
1 2 2345 11124 13917
1 2 11124 1542 13686
1 2 13917 13686 2680
1 2 11124 13686 13917
1 2 342 9303 7275
1 2 9303 2203 9304
1 2 7275 9304 2205
1 2 9303 9304 7275
1 2 2203 13590 13592
1 2 13590 341 13591
1 2 13592 13591 2204
1 2 13590 13591 13592
1 2 2205 13493 13494
1 2 13493 2204 6961
1 2 13494 6961 92
1 2 13493 6961 13494
1 2 2203 13592 9304
1 2 13592 2204 13493
1 2 9304 13493 2205
1 2 13592 13493 9304
1 2 340 7632 7633
1 2 7632 2680 5150
1 2 7633 5150 1474
1 2 7632 5150 7633
1 2 2680 13688 5148
1 2 13688 341 13590
1 2 5148 13590 2203
1 2 13688 13590 5148
1 2 1474 5149 13974
1 2 5149 2203 9303
1 2 13974 9303 342
1 2 5149 9303 13974
1 2 2680 5148 5150
1 2 5148 2203 5149
1 2 5150 5149 1474
1 2 5148 5149 5150
1 2 76 4978 4980
1 2 4978 1471 4979
1 2 4980 4979 1473
1 2 4978 4979 4980
1 2 1471 5777 5778
1 2 5777 631 4405
1 2 5778 4405 1472
1 2 5777 4405 5778
1 2 1473 12044 14954
1 2 12044 1472 14953
1 2 14954 14953 340
1 2 12044 14953 14954
1 2 1471 5778 4979
1 2 5778 1472 12044
1 2 4979 12044 1473
1 2 5778 12044 4979
1 2 631 16557 4403
1 2 16557 1590 7852
1 2 4403 7852 1591
1 2 16557 7852 4403
1 2 1590 8621 7850
1 2 8621 77 8622
1 2 7850 8622 1495
1 2 8621 8622 7850
1 2 1591 7851 16575
1 2 7851 1495 11343
1 2 16575 11343 574
1 2 7851 11343 16575
1 2 1590 7850 7852
1 2 7850 1495 7851
1 2 7852 7851 1591
1 2 7850 7851 7852
1 2 340 15395 15396
1 2 15395 2343 12053
1 2 15396 12053 2345
1 2 15395 12053 15396
1 2 2343 6570 6572
1 2 6570 574 6571
1 2 6572 6571 2344
1 2 6570 6571 6572
1 2 2345 5871 5873
1 2 5871 2344 5872
1 2 5873 5872 93
1 2 5871 5872 5873
1 2 2343 6572 12053
1 2 6572 2344 5871
1 2 12053 5871 2345
1 2 6572 5871 12053
1 2 631 4403 4405
1 2 4403 1591 4404
1 2 4405 4404 1472
1 2 4403 4404 4405
1 2 1591 16575 16214
1 2 16575 574 6570
1 2 16214 6570 2343
1 2 16575 6570 16214
1 2 1472 15639 14953
1 2 15639 2343 15395
1 2 14953 15395 340
1 2 15639 15395 14953
1 2 1591 16214 4404
1 2 16214 2343 15639
1 2 4404 15639 1472
1 2 16214 15639 4404
1 2 77 8961 8622
1 2 8961 1493 13596
1 2 8622 13596 1495
1 2 8961 13596 8622
1 2 1493 5049 5051
1 2 5049 292 5050
1 2 5051 5050 1494
1 2 5049 5050 5051
1 2 1495 11341 11343
1 2 11341 1494 11342
1 2 11343 11342 574
1 2 11341 11342 11343
1 2 1493 5051 13596
1 2 5051 1494 11341
1 2 13596 11341 1495
1 2 5051 11341 13596
1 2 292 15557 6459
1 2 15557 2194 11937
1 2 6459 11937 2196
1 2 15557 11937 6459
1 2 2194 5435 5437
1 2 5435 94 5436
1 2 5437 5436 2195
1 2 5435 5436 5437
1 2 2196 10000 10002
1 2 10000 2195 10001
1 2 10002 10001 446
1 2 10000 10001 10002
1 2 2194 5437 11937
1 2 5437 2195 10000
1 2 11937 10000 2196
1 2 5437 10000 11937
1 2 574 15874 6571
1 2 15874 3151 15984
1 2 6571 15984 2344
1 2 15874 15984 6571
1 2 3151 12010 12012
1 2 12010 446 12011
1 2 12012 12011 3152
1 2 12010 12011 12012
1 2 2344 15983 5872
1 2 15983 3152 10164
1 2 5872 10164 93
1 2 15983 10164 5872
1 2 3151 12012 15984
1 2 12012 3152 15983
1 2 15984 15983 2344
1 2 12012 15983 15984
1 2 292 6459 5050
1 2 6459 2196 6460
1 2 5050 6460 1494
1 2 6459 6460 5050
1 2 2196 10002 11735
1 2 10002 446 12010
1 2 11735 12010 3151
1 2 10002 12010 11735
1 2 1494 11736 11342
1 2 11736 3151 15874
1 2 11342 15874 574
1 2 11736 15874 11342
1 2 2196 11735 6460
1 2 11735 3151 11736
1 2 6460 11736 1494
1 2 11735 11736 6460
1 2 77 8959 8961
1 2 8959 3238 8960
1 2 8961 8960 1493
1 2 8959 8960 8961
1 2 3238 16422 11894
1 2 16422 290 7631
1 2 11894 7631 3789
1 2 16422 7631 11894
1 2 1493 7754 5049
1 2 7754 3789 7755
1 2 5049 7755 292
1 2 7754 7755 5049
1 2 3238 11894 8960
1 2 11894 3789 7754
1 2 8960 7754 1493
1 2 11894 7754 8960
1 2 290 5288 7629
1 2 5288 3760 8980
1 2 7629 8980 3762
1 2 5288 8980 7629
1 2 3760 12537 11772
1 2 12537 78 12538
1 2 11772 12538 3761
1 2 12537 12538 11772
1 2 3762 11773 15815
1 2 11773 3761 7084
1 2 15815 7084 291
1 2 11773 7084 15815
1 2 3760 11772 8980
1 2 11772 3761 11773
1 2 8980 11773 3762
1 2 11772 11773 8980
1 2 292 13256 15557
1 2 13256 3788 14333
1 2 15557 14333 2194
1 2 13256 14333 15557
1 2 3788 15816 14331
1 2 15816 291 10204
1 2 14331 10204 3735
1 2 15816 10204 14331
1 2 2194 14332 5435
1 2 14332 3735 10728
1 2 5435 10728 94
1 2 14332 10728 5435
1 2 3788 14331 14333
1 2 14331 3735 14332
1 2 14333 14332 2194
1 2 14331 14332 14333
1 2 290 7629 7631
1 2 7629 3762 7630
1 2 7631 7630 3789
1 2 7629 7630 7631
1 2 3762 15815 13987
1 2 15815 291 15816
1 2 13987 15816 3788
1 2 15815 15816 13987
1 2 3789 13255 7755
1 2 13255 3788 13256
1 2 7755 13256 292
1 2 13255 13256 7755
1 2 3762 13987 7630
1 2 13987 3788 13255
1 2 7630 13255 3789
1 2 13987 13255 7630
1 2 78 4363 12538
1 2 4363 3986 14830
1 2 12538 14830 3761
1 2 4363 14830 12538
1 2 3986 7065 7067
1 2 7065 641 7066
1 2 7067 7066 3685
1 2 7065 7066 7067
1 2 3761 7082 7084
1 2 7082 3685 7083
1 2 7084 7083 291
1 2 7082 7083 7084
1 2 3986 7067 14830
1 2 7067 3685 7082
1 2 14830 7082 3761
1 2 7067 7082 14830
1 2 641 16307 15807
1 2 16307 3175 8099
1 2 15807 8099 3683
1 2 16307 8099 15807
1 2 3175 6381 8097
1 2 6381 95 6073
1 2 8097 6073 4072
1 2 6381 6073 8097
1 2 3683 8098 14662
1 2 8098 4072 14661
1 2 14662 14661 618
1 2 8098 14661 14662
1 2 3175 8097 8099
1 2 8097 4072 8098
1 2 8099 8098 3683
1 2 8097 8098 8099
1 2 291 10202 10204
1 2 10202 3684 10203
1 2 10204 10203 3735
1 2 10202 10203 10204
1 2 3684 15011 11027
1 2 15011 618 16341
1 2 11027 16341 3029
1 2 15011 16341 11027
1 2 3735 10726 10728
1 2 10726 3029 10727
1 2 10728 10727 94
1 2 10726 10727 10728
1 2 3684 11027 10203
1 2 11027 3029 10726
1 2 10203 10726 3735
1 2 11027 10726 10203
1 2 641 15807 7066
1 2 15807 3683 8515
1 2 7066 8515 3685
1 2 15807 8515 7066
1 2 3683 14662 8513
1 2 14662 618 15011
1 2 8513 15011 3684
1 2 14662 15011 8513
1 2 3685 8514 7083
1 2 8514 3684 10202
1 2 7083 10202 291
1 2 8514 10202 7083
1 2 3683 8513 8515
1 2 8513 3684 8514
1 2 8515 8514 3685
1 2 8513 8514 8515
1 2 78 4361 4363
1 2 4361 4116 4362
1 2 4363 4362 3986
1 2 4361 4362 4363
1 2 4116 16290 6943
1 2 16290 350 11197
1 2 6943 11197 3713
1 2 16290 11197 6943
1 2 3986 6944 7065
1 2 6944 3713 10039
1 2 7065 10039 641
1 2 6944 10039 7065
1 2 4116 6943 4362
1 2 6943 3713 6944
1 2 4362 6944 3986
1 2 6943 6944 4362
1 2 350 9330 11196
1 2 9330 3832 12448
1 2 11196 12448 3712
1 2 9330 12448 11196
1 2 3832 16039 12446
1 2 16039 79 8672
1 2 12446 8672 1811
1 2 16039 8672 12446
1 2 3712 12447 15728
1 2 12447 1811 10186
1 2 15728 10186 640
1 2 12447 10186 15728
1 2 3832 12446 12448
1 2 12446 1811 12447
1 2 12448 12447 3712
1 2 12446 12447 12448
1 2 641 10038 16307
1 2 10038 3173 14438
1 2 16307 14438 3175
1 2 10038 14438 16307
1 2 3173 12828 12829
1 2 12828 640 9590
1 2 12829 9590 3174
1 2 12828 9590 12829
1 2 3175 6379 6381
1 2 6379 3174 6380
1 2 6381 6380 95
1 2 6379 6380 6381
1 2 3173 12829 14438
1 2 12829 3174 6379
1 2 14438 6379 3175
1 2 12829 6379 14438
1 2 350 11196 11197
1 2 11196 3712 4797
1 2 11197 4797 3713
1 2 11196 4797 11197
1 2 3712 15728 4795
1 2 15728 640 12828
1 2 4795 12828 3173
1 2 15728 12828 4795
1 2 3713 4796 10039
1 2 4796 3173 10038
1 2 10039 10038 641
1 2 4796 10038 10039
1 2 3712 4795 4797
1 2 4795 3173 4796
1 2 4797 4796 3713
1 2 4795 4796 4797
1 2 79 8670 8672
1 2 8670 1809 8671
1 2 8672 8671 1811
1 2 8670 8671 8672
1 2 1809 6212 6214
1 2 6212 843 6213
1 2 6214 6213 1810
1 2 6212 6213 6214
1 2 1811 10184 10186
1 2 10184 1810 10185
1 2 10186 10185 640
1 2 10184 10185 10186
1 2 1809 6214 8671
1 2 6214 1810 10184
1 2 8671 10184 1811
1 2 6214 10184 8671
1 2 843 11498 12835
1 2 11498 2359 12834
1 2 12835 12834 3493
1 2 11498 12834 12835
1 2 2359 12578 15654
1 2 12578 96 15312
1 2 15654 15312 3492
1 2 12578 15312 15654
1 2 3493 11350 8179
1 2 11350 3492 9382
1 2 8179 9382 844
1 2 11350 9382 8179
1 2 2359 15654 12834
1 2 15654 3492 11350
1 2 12834 11350 3493
1 2 15654 11350 12834
1 2 640 9589 9590
1 2 9589 3960 5740
1 2 9590 5740 3174
1 2 9589 5740 9590
1 2 3960 8180 5738
1 2 8180 844 6116
1 2 5738 6116 3961
1 2 8180 6116 5738
1 2 3174 5739 6380
1 2 5739 3961 16401
1 2 6380 16401 95
1 2 5739 16401 6380
1 2 3960 5738 5740
1 2 5738 3961 5739
1 2 5740 5739 3174
1 2 5738 5739 5740
1 2 843 12835 6213
1 2 12835 3493 10845
1 2 6213 10845 1810
1 2 12835 10845 6213
1 2 3493 8179 8181
1 2 8179 844 8180
1 2 8181 8180 3960
1 2 8179 8180 8181
1 2 1810 10844 10185
1 2 10844 3960 9589
1 2 10185 9589 640
1 2 10844 9589 10185
1 2 3493 8181 10845
1 2 8181 3960 10844
1 2 10845 10844 1810
1 2 8181 10844 10845
1 2 79 8911 8670
1 2 8911 3982 4372
1 2 8670 4372 1809
1 2 8911 4372 8670
1 2 3982 11597 4370
1 2 11597 951 11598
1 2 4370 11598 1390
1 2 11597 11598 4370
1 2 1809 4371 6212
1 2 4371 1390 9497
1 2 6212 9497 843
1 2 4371 9497 6212
1 2 3982 4370 4372
1 2 4370 1390 4371
1 2 4372 4371 1809
1 2 4370 4371 4372
1 2 951 15344 15346
1 2 15344 3270 15345
1 2 15346 15345 1388
1 2 15344 15345 15346
1 2 3270 8129 8131
1 2 8129 80 8130
1 2 8131 8130 3169
1 2 8129 8130 8131
1 2 1388 16150 16151
1 2 16150 3169 15741
1 2 16151 15741 377
1 2 16150 15741 16151
1 2 3270 8131 15345
1 2 8131 3169 16150
1 2 15345 16150 1388
1 2 8131 16150 15345
1 2 843 11496 11498
1 2 11496 1389 11497
1 2 11498 11497 2359
1 2 11496 11497 11498
1 2 1389 7864 7866
1 2 7864 377 7865
1 2 7866 7865 1253
1 2 7864 7865 7866
1 2 2359 12576 12578
1 2 12576 1253 12577
1 2 12578 12577 96
1 2 12576 12577 12578
1 2 1389 7866 11497
1 2 7866 1253 12576
1 2 11497 12576 2359
1 2 7866 12576 11497
1 2 951 15346 11598
1 2 15346 1388 15774
1 2 11598 15774 1390
1 2 15346 15774 11598
1 2 1388 16151 15773
1 2 16151 377 7864
1 2 15773 7864 1389
1 2 16151 7864 15773
1 2 1390 14114 9497
1 2 14114 1389 11496
1 2 9497 11496 843
1 2 14114 11496 9497
1 2 1388 15773 15774
1 2 15773 1389 14114
1 2 15774 14114 1390
1 2 15773 14114 15774
1 2 80 13931 8130
1 2 13931 3167 13449
1 2 8130 13449 3169
1 2 13931 13449 8130
1 2 3167 6157 6159
1 2 6157 375 6158
1 2 6159 6158 3168
1 2 6157 6158 6159
1 2 3169 13448 15741
1 2 13448 3168 13620
1 2 15741 13620 377
1 2 13448 13620 15741
1 2 3167 6159 13449
1 2 6159 3168 13448
1 2 13449 13448 3169
1 2 6159 13448 13449
1 2 375 5119 5121
1 2 5119 1520 5120
1 2 5121 5120 2933
1 2 5119 5120 5121
1 2 1520 9307 12156
1 2 9307 97 12155
1 2 12156 12155 2932
1 2 9307 12155 12156
1 2 2933 9596 9598
1 2 9596 2932 9597
1 2 9598 9597 376
1 2 9596 9597 9598
1 2 1520 12156 5120
1 2 12156 2932 9596
1 2 5120 9596 2933
1 2 12156 9596 5120
1 2 377 13619 7865
1 2 13619 1251 14239
1 2 7865 14239 1253
1 2 13619 14239 7865
1 2 1251 11004 14237
1 2 11004 376 15063
1 2 14237 15063 1252
1 2 11004 15063 14237
1 2 1253 14238 12577
1 2 14238 1252 14032
1 2 12577 14032 96
1 2 14238 14032 12577
1 2 1251 14237 14239
1 2 14237 1252 14238
1 2 14239 14238 1253
1 2 14237 14238 14239
1 2 375 5121 6158
1 2 5121 2933 6624
1 2 6158 6624 3168
1 2 5121 6624 6158
1 2 2933 9598 6622
1 2 9598 376 11004
1 2 6622 11004 1251
1 2 9598 11004 6622
1 2 3168 6623 13620
1 2 6623 1251 13619
1 2 13620 13619 377
1 2 6623 13619 13620
1 2 2933 6622 6624
1 2 6622 1251 6623
1 2 6624 6623 3168
1 2 6622 6623 6624
1 2 80 12315 13931
1 2 12315 3875 13930
1 2 13931 13930 3167
1 2 12315 13930 13931
1 2 3875 5814 5816
1 2 5814 711 5815
1 2 5816 5815 3236
1 2 5814 5815 5816
1 2 3167 14531 6157
1 2 14531 3236 11686
1 2 6157 11686 375
1 2 14531 11686 6157
1 2 3875 5816 13930
1 2 5816 3236 14531
1 2 13930 14531 3167
1 2 5816 14531 13930
1 2 711 9935 6047
1 2 9935 3022 11045
1 2 6047 11045 3024
1 2 9935 11045 6047
1 2 3022 6090 6092
1 2 6090 81 6091
1 2 6092 6091 3023
1 2 6090 6091 6092
1 2 3024 11044 12711
1 2 11044 3023 12710
1 2 12711 12710 710
1 2 11044 12710 12711
1 2 3022 6092 11045
1 2 6092 3023 11044
1 2 11045 11044 3024
1 2 6092 11044 11045
1 2 375 11685 5119
1 2 11685 1518 13143
1 2 5119 13143 1520
1 2 11685 13143 5119
1 2 1518 16639 13142
1 2 16639 710 8171
1 2 13142 8171 1519
1 2 16639 8171 13142
1 2 1520 9306 9307
1 2 9306 1519 7482
1 2 9307 7482 97
1 2 9306 7482 9307
1 2 1518 13142 13143
1 2 13142 1519 9306
1 2 13143 9306 1520
1 2 13142 9306 13143
1 2 711 6047 5815
1 2 6047 3024 6048
1 2 5815 6048 3236
1 2 6047 6048 5815
1 2 3024 12711 7135
1 2 12711 710 16639
1 2 7135 16639 1518
1 2 12711 16639 7135
1 2 3236 7136 11686
1 2 7136 1518 11685
1 2 11686 11685 375
1 2 7136 11685 11686
1 2 3024 7135 6048
1 2 7135 1518 7136
1 2 6048 7136 3236
1 2 7135 7136 6048
1 2 81 13700 6091
1 2 13700 3076 5615
1 2 6091 5615 3023
1 2 13700 5615 6091
1 2 3076 4504 4506
1 2 4504 708 4505
1 2 4506 4505 3970
1 2 4504 4505 4506
1 2 3023 5614 12710
1 2 5614 3970 9227
1 2 12710 9227 710
1 2 5614 9227 12710
1 2 3076 4506 5615
1 2 4506 3970 5614
1 2 5615 5614 3023
1 2 4506 5614 5615
1 2 708 11304 7752
1 2 11304 1613 11305
1 2 7752 11305 2790
1 2 11304 11305 7752
1 2 1613 7686 7688
1 2 7686 98 7687
1 2 7688 7687 2789
1 2 7686 7687 7688
1 2 2790 11427 10636
1 2 11427 2789 11428
1 2 10636 11428 709
1 2 11427 11428 10636
1 2 1613 7688 11305
1 2 7688 2789 11427
1 2 11305 11427 2790
1 2 7688 11427 11305
1 2 710 8169 8171
1 2 8169 3352 8170
1 2 8171 8170 1519
1 2 8169 8170 8171
1 2 3352 5667 5669
1 2 5667 709 5668
1 2 5669 5668 3353
1 2 5667 5668 5669
1 2 1519 7480 7482
1 2 7480 3353 7481
1 2 7482 7481 97
1 2 7480 7481 7482
1 2 3352 5669 8170
1 2 5669 3353 7480
1 2 8170 7480 1519
1 2 5669 7480 8170
1 2 708 7752 4505
1 2 7752 2790 7753
1 2 4505 7753 3970
1 2 7752 7753 4505
1 2 2790 10636 9566
1 2 10636 709 5667
1 2 9566 5667 3352
1 2 10636 5667 9566
1 2 3970 9226 9227
1 2 9226 3352 8169
1 2 9227 8169 710
1 2 9226 8169 9227
1 2 2790 9566 7753
1 2 9566 3352 9226
1 2 7753 9226 3970
1 2 9566 9226 7753
1 2 81 13698 13700
1 2 13698 2637 13699
1 2 13700 13699 3076
1 2 13698 13699 13700
1 2 2637 15472 14296
1 2 15472 836 7921
1 2 14296 7921 3075
1 2 15472 7921 14296
1 2 3076 14297 4504
1 2 14297 3075 13978
1 2 4504 13978 708
1 2 14297 13978 4504
1 2 2637 14296 13699
1 2 14296 3075 14297
1 2 13699 14297 3076
1 2 14296 14297 13699
1 2 836 13783 7919
1 2 13783 3333 7023
1 2 7919 7023 3335
1 2 13783 7023 7919
1 2 3333 10543 7021
1 2 10543 82 10795
1 2 7021 10795 3334
1 2 10543 10795 7021
1 2 3335 7022 15321
1 2 7022 3334 9413
1 2 15321 9413 837
1 2 7022 9413 15321
1 2 3333 7021 7023
1 2 7021 3334 7022
1 2 7023 7022 3335
1 2 7021 7022 7023
1 2 708 13977 11304
1 2 13977 1611 12612
1 2 11304 12612 1613
1 2 13977 12612 11304
1 2 1611 15322 12611
1 2 15322 837 14961
1 2 12611 14961 1612
1 2 15322 14961 12611
1 2 1613 9567 7686
1 2 9567 1612 9568
1 2 7686 9568 98
1 2 9567 9568 7686
1 2 1611 12611 12612
1 2 12611 1612 9567
1 2 12612 9567 1613
1 2 12611 9567 12612
1 2 836 7919 7921
1 2 7919 3335 7920
1 2 7921 7920 3075
1 2 7919 7920 7921
1 2 3335 15321 14799
1 2 15321 837 15322
1 2 14799 15322 1611
1 2 15321 15322 14799
1 2 3075 13976 13978
1 2 13976 1611 13977
1 2 13978 13977 708
1 2 13976 13977 13978
1 2 3335 14799 7920
1 2 14799 1611 13976
1 2 7920 13976 3075
1 2 14799 13976 7920
1 2 82 9934 10795
1 2 9934 3549 8578
1 2 10795 8578 3334
1 2 9934 8578 10795
1 2 3549 5141 8576
1 2 5141 732 7519
1 2 8576 7519 1793
1 2 5141 7519 8576
1 2 3334 8577 9413
1 2 8577 1793 6732
1 2 9413 6732 837
1 2 8577 6732 9413
1 2 3549 8576 8578
1 2 8576 1793 8577
1 2 8578 8577 3334
1 2 8576 8577 8578
1 2 732 15925 7517
1 2 15925 2107 12251
1 2 7517 12251 1791
1 2 15925 12251 7517
1 2 2107 5275 5277
1 2 5275 99 5276
1 2 5277 5276 2738
1 2 5275 5276 5277
1 2 1791 12250 13884
1 2 12250 2738 9697
1 2 13884 9697 642
1 2 12250 9697 13884
1 2 2107 5277 12251
1 2 5277 2738 12250
1 2 12251 12250 1791
1 2 5277 12250 12251
1 2 837 6731 14961
1 2 6731 1792 14960
1 2 14961 14960 1612
1 2 6731 14960 14961
1 2 1792 13732 13734
1 2 13732 642 13733
1 2 13734 13733 3429
1 2 13732 13733 13734
1 2 1612 13827 9568
1 2 13827 3429 13828
1 2 9568 13828 98
1 2 13827 13828 9568
1 2 1792 13734 14960
1 2 13734 3429 13827
1 2 14960 13827 1612
1 2 13734 13827 14960
1 2 732 7517 7519
1 2 7517 1791 7518
1 2 7519 7518 1793
1 2 7517 7518 7519
1 2 1791 13884 14646
1 2 13884 642 13732
1 2 14646 13732 1792
1 2 13884 13732 14646
1 2 1793 6730 6732
1 2 6730 1792 6731
1 2 6732 6731 837
1 2 6730 6731 6732
1 2 1791 14646 7518
1 2 14646 1792 6730
1 2 7518 6730 1793
1 2 14646 6730 7518
1 2 82 9932 9934
1 2 9932 3548 9933
1 2 9934 9933 3549
1 2 9932 9933 9934
1 2 3548 14334 11159
1 2 14334 730 14335
1 2 11159 14335 2047
1 2 14334 14335 11159
1 2 3549 5139 5141
1 2 5139 2047 5140
1 2 5141 5140 732
1 2 5139 5140 5141
1 2 3548 11159 9933
1 2 11159 2047 5139
1 2 9933 5139 3549
1 2 11159 5139 9933
1 2 730 7000 14868
1 2 7000 2975 15510
1 2 14868 15510 2045
1 2 7000 15510 14868
1 2 2975 9204 9206
1 2 9204 83 9205
1 2 9206 9205 3525
1 2 9204 9205 9206
1 2 2045 10110 10111
1 2 10110 3525 8560
1 2 10111 8560 731
1 2 10110 8560 10111
1 2 2975 9206 15510
1 2 9206 3525 10110
1 2 15510 10110 2045
1 2 9206 10110 15510
1 2 732 14273 15925
1 2 14273 2046 14818
1 2 15925 14818 2107
1 2 14273 14818 15925
1 2 2046 6393 6395
1 2 6393 731 6394
1 2 6395 6394 2106
1 2 6393 6394 6395
1 2 2107 8078 5275
1 2 8078 2106 8079
1 2 5275 8079 99
1 2 8078 8079 5275
1 2 2046 6395 14818
1 2 6395 2106 8078
1 2 14818 8078 2107
1 2 6395 8078 14818
1 2 730 14868 14335
1 2 14868 2045 8997
1 2 14335 8997 2047
1 2 14868 8997 14335
1 2 2045 10111 8995
1 2 10111 731 6393
1 2 8995 6393 2046
1 2 10111 6393 8995
1 2 2047 8996 5140
1 2 8996 2046 14273
1 2 5140 14273 732
1 2 8996 14273 5140
1 2 2045 8995 8997
1 2 8995 2046 8996
1 2 8997 8996 2047
1 2 8995 8996 8997
1 2 83 10518 9205
1 2 10518 3452 10519
1 2 9205 10519 3525
1 2 10518 10519 9205
1 2 3452 14067 14068
1 2 14067 838 13919
1 2 14068 13919 3524
1 2 14067 13919 14068
1 2 3525 8558 8560
1 2 8558 3524 8559
1 2 8560 8559 731
1 2 8558 8559 8560
1 2 3452 14068 10519
1 2 14068 3524 8558
1 2 10519 8558 3525
1 2 14068 8558 10519
1 2 838 12207 13918
1 2 12207 3094 14805
1 2 13918 14805 3095
1 2 12207 14805 13918
1 2 3094 12218 12219
1 2 12218 100 5136
1 2 12219 5136 2744
1 2 12218 5136 12219
1 2 3095 13637 13638
1 2 13637 2744 7185
1 2 13638 7185 839
1 2 13637 7185 13638
1 2 3094 12219 14805
1 2 12219 2744 13637
1 2 14805 13637 3095
1 2 12219 13637 14805
1 2 731 10292 6394
1 2 10292 4091 9159
1 2 6394 9159 2106
1 2 10292 9159 6394
1 2 4091 8027 8029
1 2 8027 839 8028
1 2 8029 8028 1781
1 2 8027 8028 8029
1 2 2106 9158 8079
1 2 9158 1781 11220
1 2 8079 11220 99
1 2 9158 11220 8079
1 2 4091 8029 9159
1 2 8029 1781 9158
1 2 9159 9158 2106
1 2 8029 9158 9159
1 2 838 13918 13919
1 2 13918 3095 12300
1 2 13919 12300 3524
1 2 13918 12300 13919
1 2 3095 13638 12298
1 2 13638 839 8027
1 2 12298 8027 4091
1 2 13638 8027 12298
1 2 3524 12299 8559
1 2 12299 4091 10292
1 2 8559 10292 731
1 2 12299 10292 8559
1 2 3095 12298 12300
1 2 12298 4091 12299
1 2 12300 12299 3524
1 2 12298 12299 12300
1 2 83 6083 10518
1 2 6083 3451 12130
1 2 10518 12130 3452
1 2 6083 12130 10518
1 2 3451 14539 16082
1 2 14539 861 16081
1 2 16082 16081 1829
1 2 14539 16081 16082
1 2 3452 16278 14067
1 2 16278 1829 10581
1 2 14067 10581 838
1 2 16278 10581 14067
1 2 3451 16082 12130
1 2 16082 1829 16278
1 2 12130 16278 3452
1 2 16082 16278 12130
1 2 861 15274 15928
1 2 15274 4136 5211
1 2 15928 5211 1827
1 2 15274 5211 15928
1 2 4136 11448 5209
1 2 11448 84 11449
1 2 5209 11449 1113
1 2 11448 11449 5209
1 2 1827 5210 5906
1 2 5210 1113 10387
1 2 5906 10387 935
1 2 5210 10387 5906
1 2 4136 5209 5211
1 2 5209 1113 5210
1 2 5211 5210 1827
1 2 5209 5210 5211
1 2 838 10580 12207
1 2 10580 1828 12206
1 2 12207 12206 3094
1 2 10580 12206 12207
1 2 1828 5907 10878
1 2 5907 935 10877
1 2 10878 10877 3300
1 2 5907 10877 10878
1 2 3094 15099 12218
1 2 15099 3300 14006
1 2 12218 14006 100
1 2 15099 14006 12218
1 2 1828 10878 12206
1 2 10878 3300 15099
1 2 12206 15099 3094
1 2 10878 15099 12206
1 2 861 15928 16081
1 2 15928 1827 15628
1 2 16081 15628 1829
1 2 15928 15628 16081
1 2 1827 5906 5908
1 2 5906 935 5907
1 2 5908 5907 1828
1 2 5906 5907 5908
1 2 1829 10579 10581
1 2 10579 1828 10580
1 2 10581 10580 838
1 2 10579 10580 10581
1 2 1827 5908 15628
1 2 5908 1828 10579
1 2 15628 10579 1829
1 2 5908 10579 15628
1 2 84 15916 11449
1 2 15916 1111 12629
1 2 11449 12629 1113
1 2 15916 12629 11449
1 2 1111 14705 12628
1 2 14705 937 14823
1 2 12628 14823 1112
1 2 14705 14823 12628
1 2 1113 10385 10387
1 2 10385 1112 10386
1 2 10387 10386 935
1 2 10385 10386 10387
1 2 1111 12628 12629
1 2 12628 1112 10385
1 2 12629 10385 1113
1 2 12628 10385 12629
1 2 937 9481 9483
1 2 9481 1340 9482
1 2 9483 9482 1342
1 2 9481 9482 9483
1 2 1340 13657 13659
1 2 13657 101 13658
1 2 13659 13658 1341
1 2 13657 13658 13659
1 2 1342 15371 11865
1 2 15371 1341 6805
1 2 11865 6805 363
1 2 15371 6805 11865
1 2 1340 13659 9482
1 2 13659 1341 15371
1 2 9482 15371 1342
1 2 13659 15371 9482
1 2 935 14846 10877
1 2 14846 3299 14837
1 2 10877 14837 3300
1 2 14846 14837 10877
1 2 3299 11866 11928
1 2 11866 363 11927
1 2 11928 11927 2354
1 2 11866 11927 11928
1 2 3300 14005 14006
1 2 14005 2354 13016
1 2 14006 13016 100
1 2 14005 13016 14006
1 2 3299 11928 14837
1 2 11928 2354 14005
1 2 14837 14005 3300
1 2 11928 14005 14837
1 2 937 9483 14823
1 2 9483 1342 12101
1 2 14823 12101 1112
1 2 9483 12101 14823
1 2 1342 11865 11867
1 2 11865 363 11866
1 2 11867 11866 3299
1 2 11865 11866 11867
1 2 1112 12100 10386
1 2 12100 3299 14846
1 2 10386 14846 935
1 2 12100 14846 10386
1 2 1342 11867 12101
1 2 11867 3299 12100
1 2 12101 12100 1112
1 2 11867 12100 12101
1 2 84 16574 15916
1 2 16574 1114 13264
1 2 15916 13264 1111
1 2 16574 13264 15916
1 2 1114 14433 13262
1 2 14433 1033 12187
1 2 13262 12187 1115
1 2 14433 12187 13262
1 2 1111 13263 14705
1 2 13263 1115 14595
1 2 14705 14595 937
1 2 13263 14595 14705
1 2 1114 13262 13264
1 2 13262 1115 13263
1 2 13264 13263 1111
1 2 13262 13263 13264
1 2 1033 5416 5418
1 2 5416 2276 5417
1 2 5418 5417 3540
1 2 5416 5417 5418
1 2 2276 4774 4776
1 2 4774 85 4775
1 2 4776 4775 1529
1 2 4774 4775 4776
1 2 3540 8839 8841
1 2 8839 1529 8840
1 2 8841 8840 1005
1 2 8839 8840 8841
1 2 2276 4776 5417
1 2 4776 1529 8839
1 2 5417 8839 3540
1 2 4776 8839 5417
1 2 937 12131 9481
1 2 12131 3764 5831
1 2 9481 5831 1340
1 2 12131 5831 9481
1 2 3764 9098 5829
1 2 9098 1005 8983
1 2 5829 8983 2219
1 2 9098 8983 5829
1 2 1340 5830 13657
1 2 5830 2219 14069
1 2 13657 14069 101
1 2 5830 14069 13657
1 2 3764 5829 5831
1 2 5829 2219 5830
1 2 5831 5830 1340
1 2 5829 5830 5831
1 2 1033 5418 12187
1 2 5418 3540 12186
1 2 12187 12186 1115
1 2 5418 12186 12187
1 2 3540 8841 13464
1 2 8841 1005 9098
1 2 13464 9098 3764
1 2 8841 9098 13464
1 2 1115 13465 14595
1 2 13465 3764 12131
1 2 14595 12131 937
1 2 13465 12131 14595
1 2 3540 13464 12186
1 2 13464 3764 13465
1 2 12186 13465 1115
1 2 13464 13465 12186
1 2 85 13286 4775
1 2 13286 1527 13287
1 2 4775 13287 1529
1 2 13286 13287 4775
1 2 1527 4253 4255
1 2 4253 1004 4254
1 2 4255 4254 1528
1 2 4253 4254 4255
1 2 1529 16246 8840
1 2 16246 1528 16247
1 2 8840 16247 1005
1 2 16246 16247 8840
1 2 1527 4255 13287
1 2 4255 1528 16246
1 2 13287 16246 1529
1 2 4255 16246 13287
1 2 1004 15530 8753
1 2 15530 2118 11157
1 2 8753 11157 2120
1 2 15530 11157 8753
1 2 2118 5313 5315
1 2 5313 102 5314
1 2 5315 5314 2119
1 2 5313 5314 5315
1 2 2120 11156 15493
1 2 11156 2119 10808
1 2 15493 10808 706
1 2 11156 10808 15493
1 2 2118 5315 11157
1 2 5315 2119 11156
1 2 11157 11156 2120
1 2 5315 11156 11157
1 2 1005 8981 8983
1 2 8981 2217 8982
1 2 8983 8982 2219
1 2 8981 8982 8983
1 2 2217 6997 6998
1 2 6997 706 6894
1 2 6998 6894 2218
1 2 6997 6894 6998
1 2 2219 15323 14069
1 2 15323 2218 7994
1 2 14069 7994 101
1 2 15323 7994 14069
1 2 2217 6998 8982
1 2 6998 2218 15323
1 2 8982 15323 2219
1 2 6998 15323 8982
1 2 1004 8753 4254
1 2 8753 2120 8754
1 2 4254 8754 1528
1 2 8753 8754 4254
1 2 2120 15493 11914
1 2 15493 706 6997
1 2 11914 6997 2217
1 2 15493 6997 11914
1 2 1528 11915 16247
1 2 11915 2217 8981
1 2 16247 8981 1005
1 2 11915 8981 16247
1 2 2120 11914 8754
1 2 11914 2217 11915
1 2 8754 11915 1528
1 2 11914 11915 8754
1 2 86 13797 16003
1 2 13797 4084 9114
1 2 16003 9114 4153
1 2 13797 9114 16003
1 2 4084 15543 9113
1 2 15543 1048 15258
1 2 9113 15258 3983
1 2 15543 15258 9113
1 2 4153 6245 6247
1 2 6245 3983 6246
1 2 6247 6246 1049
1 2 6245 6246 6247
1 2 4084 9113 9114
1 2 9113 3983 6245
1 2 9114 6245 4153
1 2 9113 6245 9114
1 2 1048 10954 10955
1 2 10954 3116 6229
1 2 10955 6229 3118
1 2 10954 6229 10955
1 2 3116 12088 6227
1 2 12088 87 12089
1 2 6227 12089 3117
1 2 12088 12089 6227
1 2 3118 6228 15092
1 2 6228 3117 15091
1 2 15092 15091 998
1 2 6228 15091 15092
1 2 3116 6227 6229
1 2 6227 3117 6228
1 2 6229 6228 3118
1 2 6227 6228 6229
1 2 1049 10875 16610
1 2 10875 2280 16332
1 2 16610 16332 2282
1 2 10875 16332 16610
1 2 2280 10030 10032
1 2 10030 998 10031
1 2 10032 10031 2281
1 2 10030 10031 10032
1 2 2282 12328 12329
1 2 12328 2281 11292
1 2 12329 11292 103
1 2 12328 11292 12329
1 2 2280 10032 16332
1 2 10032 2281 12328
1 2 16332 12328 2282
1 2 10032 12328 16332
1 2 1048 10955 15258
1 2 10955 3118 7233
1 2 15258 7233 3983
1 2 10955 7233 15258
1 2 3118 15092 7231
1 2 15092 998 10030
1 2 7231 10030 2280
1 2 15092 10030 7231
1 2 3983 7232 6246
1 2 7232 2280 10875
1 2 6246 10875 1049
1 2 7232 10875 6246
1 2 3118 7231 7233
1 2 7231 2280 7232
1 2 7233 7232 3983
1 2 7231 7232 7233
1 2 87 15125 12089
1 2 15125 2898 15126
1 2 12089 15126 3117
1 2 15125 15126 12089
1 2 2898 4587 4589
1 2 4587 997 4588
1 2 4589 4588 2381
1 2 4587 4588 4589
1 2 3117 16437 15091
1 2 16437 2381 15838
1 2 15091 15838 998
1 2 16437 15838 15091
1 2 2898 4589 15126
1 2 4589 2381 16437
1 2 15126 16437 3117
1 2 4589 16437 15126
1 2 997 12427 14385
1 2 12427 1197 14384
1 2 14385 14384 1199
1 2 12427 14384 14385
1 2 1197 11855 11856
1 2 11855 104 11477
1 2 11856 11477 1198
1 2 11855 11477 11856
1 2 1199 12168 6760
1 2 12168 1198 9301
1 2 6760 9301 786
1 2 12168 9301 6760
1 2 1197 11856 14384
1 2 11856 1198 12168
1 2 14384 12168 1199
1 2 11856 12168 14384
1 2 998 15837 10031
1 2 15837 2380 12656
1 2 10031 12656 2281
1 2 15837 12656 10031
1 2 2380 6761 11933
1 2 6761 786 11423
1 2 11933 11423 2887
1 2 6761 11423 11933
1 2 2281 11290 11292
1 2 11290 2887 11291
1 2 11292 11291 103
1 2 11290 11291 11292
1 2 2380 11933 12656
1 2 11933 2887 11290
1 2 12656 11290 2281
1 2 11933 11290 12656
1 2 997 14385 4588
1 2 14385 1199 15766
1 2 4588 15766 2381
1 2 14385 15766 4588
1 2 1199 6760 6762
1 2 6760 786 6761
1 2 6762 6761 2380
1 2 6760 6761 6762
1 2 2381 15765 15838
1 2 15765 2380 15837
1 2 15838 15837 998
1 2 15765 15837 15838
1 2 1199 6762 15766
1 2 6762 2380 15765
1 2 15766 15765 2381
1 2 6762 15765 15766
1 2 87 13913 15125
1 2 13913 2896 15385
1 2 15125 15385 2898
1 2 13913 15385 15125
1 2 2896 8460 15384
1 2 8460 673 10876
1 2 15384 10876 2897
1 2 8460 10876 15384
1 2 2898 7773 4587
1 2 7773 2897 7774
1 2 4587 7774 997
1 2 7773 7774 4587
1 2 2896 15384 15385
1 2 15384 2897 7773
1 2 15385 7773 2898
1 2 15384 7773 15385
1 2 673 4946 4948
1 2 4946 3950 4947
1 2 4948 4947 3604
1 2 4946 4947 4948
1 2 3950 8724 9963
1 2 8724 88 15540
1 2 9963 15540 4105
1 2 8724 15540 9963
1 2 3604 9964 12378
1 2 9964 4105 12377
1 2 12378 12377 898
1 2 9964 12377 12378
1 2 3950 9963 4947
1 2 9963 4105 9964
1 2 4947 9964 3604
1 2 9963 9964 4947
1 2 997 12425 12427
1 2 12425 1455 12426
1 2 12427 12426 1197
1 2 12425 12426 12427
1 2 1455 5484 5486
1 2 5484 898 5485
1 2 5486 5485 1456
1 2 5484 5485 5486
1 2 1197 16007 11855
1 2 16007 1456 7007
1 2 11855 7007 104
1 2 16007 7007 11855
1 2 1455 5486 12426
1 2 5486 1456 16007
1 2 12426 16007 1197
1 2 5486 16007 12426
1 2 673 4948 10876
1 2 4948 3604 6220
1 2 10876 6220 2897
1 2 4948 6220 10876
1 2 3604 12378 6218
1 2 12378 898 5484
1 2 6218 5484 1455
1 2 12378 5484 6218
1 2 2897 6219 7774
1 2 6219 1455 12425
1 2 7774 12425 997
1 2 6219 12425 7774
1 2 3604 6218 6220
1 2 6218 1455 6219
1 2 6220 6219 2897
1 2 6218 6219 6220
1 2 88 13921 15540
1 2 13921 2470 16192
1 2 15540 16192 4105
1 2 13921 16192 15540
1 2 2470 12433 15809
1 2 12433 481 11138
1 2 15809 11138 4104
1 2 12433 11138 15809
1 2 4105 14275 12377
1 2 14275 4104 14276
1 2 12377 14276 898
1 2 14275 14276 12377
1 2 2470 15809 16192
1 2 15809 4104 14275
1 2 16192 14275 4105
1 2 15809 14275 16192
1 2 481 12184 11136
1 2 12184 1160 12185
1 2 11136 12185 2410
1 2 12184 12185 11136
1 2 1160 5333 13432
1 2 5333 105 13431
1 2 13432 13431 2162
1 2 5333 13431 13432
1 2 2410 13951 13952
1 2 13951 2162 5711
1 2 13952 5711 389
1 2 13951 5711 13952
1 2 1160 13432 12185
1 2 13432 2162 13951
1 2 12185 13951 2410
1 2 13432 13951 12185
1 2 898 14405 5485
1 2 14405 4016 14406
1 2 5485 14406 1456
1 2 14405 14406 5485
1 2 4016 15438 16633
1 2 15438 389 4610
1 2 16633 4610 2876
1 2 15438 4610 16633
1 2 1456 7005 7007
1 2 7005 2876 7006
1 2 7007 7006 104
1 2 7005 7006 7007
1 2 4016 16633 14406
1 2 16633 2876 7005
1 2 14406 7005 1456
1 2 16633 7005 14406
1 2 481 11136 11138
1 2 11136 2410 11137
1 2 11138 11137 4104
1 2 11136 11137 11138
1 2 2410 13952 13309
1 2 13952 389 15438
1 2 13309 15438 4016
1 2 13952 15438 13309
1 2 4104 13310 14276
1 2 13310 4016 14405
1 2 14276 14405 898
1 2 13310 14405 14276
1 2 2410 13309 11137
1 2 13309 4016 13310
1 2 11137 13310 4104
1 2 13309 13310 11137
1 2 88 13920 13921
1 2 13920 2468 6304
1 2 13921 6304 2470
1 2 13920 6304 13921
1 2 2468 10433 6302
1 2 10433 480 14354
1 2 6302 14354 2469
1 2 10433 14354 6302
1 2 2470 6303 12433
1 2 6303 2469 6661
1 2 12433 6661 481
1 2 6303 6661 12433
1 2 2468 6302 6304
1 2 6302 2469 6303
1 2 6304 6303 2470
1 2 6302 6303 6304
1 2 480 12148 12150
1 2 12148 2568 12149
1 2 12150 12149 3643
1 2 12148 12149 12150
1 2 2568 16201 12692
1 2 16201 89 16202
1 2 12692 16202 4080
1 2 16201 16202 12692
1 2 3643 10217 10219
1 2 10217 4080 10218
1 2 10219 10218 455
1 2 10217 10218 10219
1 2 2568 12692 12149
1 2 12692 4080 10217
1 2 12149 10217 3643
1 2 12692 10217 12149
1 2 481 6660 12184
1 2 6660 1158 10076
1 2 12184 10076 1160
1 2 6660 10076 12184
1 2 1158 14780 10075
1 2 14780 455 12948
1 2 10075 12948 1159
1 2 14780 12948 10075
1 2 1160 5331 5333
1 2 5331 1159 5332
1 2 5333 5332 105
1 2 5331 5332 5333
1 2 1158 10075 10076
1 2 10075 1159 5331
1 2 10076 5331 1160
1 2 10075 5331 10076
1 2 480 12150 14354
1 2 12150 3643 14393
1 2 14354 14393 2469
1 2 12150 14393 14354
1 2 3643 10219 14392
1 2 10219 455 14780
1 2 14392 14780 1158
1 2 10219 14780 14392
1 2 2469 6659 6661
1 2 6659 1158 6660
1 2 6661 6660 481
1 2 6659 6660 6661
1 2 3643 14392 14393
1 2 14392 1158 6659
1 2 14393 6659 2469
1 2 14392 6659 14393
1 2 89 5642 16202
1 2 5642 1645 6502
1 2 16202 6502 4080
1 2 5642 6502 16202
1 2 1645 10073 6500
1 2 10073 345 10074
1 2 6500 10074 3985
1 2 10073 10074 6500
1 2 4080 6501 10218
1 2 6501 3985 15833
1 2 10218 15833 455
1 2 6501 15833 10218
1 2 1645 6500 6502
1 2 6500 3985 6501
1 2 6502 6501 4080
1 2 6500 6501 6502
1 2 345 6217 8128
1 2 6217 2958 8127
1 2 8128 8127 2959
1 2 6217 8127 8128
1 2 2958 4906 10721
1 2 4906 106 12301
1 2 10721 12301 1649
1 2 4906 12301 10721
1 2 2959 5438 4319
1 2 5438 1649 4943
1 2 4319 4943 454
1 2 5438 4943 4319
1 2 2958 10721 8127
1 2 10721 1649 5438
1 2 8127 5438 2959
1 2 10721 5438 8127
1 2 455 12946 12948
1 2 12946 3878 12947
1 2 12948 12947 1159
1 2 12946 12947 12948
1 2 3878 4320 14227
1 2 4320 454 14226
1 2 14227 14226 3357
1 2 4320 14226 14227
1 2 1159 14737 5332
1 2 14737 3357 16424
1 2 5332 16424 105
1 2 14737 16424 5332
1 2 3878 14227 12947
1 2 14227 3357 14737
1 2 12947 14737 1159
1 2 14227 14737 12947
1 2 345 8128 10074
1 2 8128 2959 10613
1 2 10074 10613 3985
1 2 8128 10613 10074
1 2 2959 4319 4321
1 2 4319 454 4320
1 2 4321 4320 3878
1 2 4319 4320 4321
1 2 3985 16075 15833
1 2 16075 3878 12946
1 2 15833 12946 455
1 2 16075 12946 15833
1 2 2959 4321 10613
1 2 4321 3878 16075
1 2 10613 16075 3985
1 2 4321 16075 10613
1 2 89 5640 5642
1 2 5640 1643 5641
1 2 5642 5641 1645
1 2 5640 5641 5642
1 2 1643 5772 14043
1 2 5772 343 6946
1 2 14043 6946 1644
1 2 5772 6946 14043
1 2 1645 14044 10073
1 2 14044 1644 13069
1 2 10073 13069 345
1 2 14044 13069 10073
1 2 1643 14043 5641
1 2 14043 1644 14044
1 2 5641 14044 1645
1 2 14043 14044 5641
1 2 343 15405 6945
1 2 15405 3445 9286
1 2 6945 9286 1744
1 2 15405 9286 6945
1 2 3445 15966 9284
1 2 15966 90 9377
1 2 9284 9377 3502
1 2 15966 9377 9284
1 2 1744 9285 13419
1 2 9285 3502 14581
1 2 13419 14581 344
1 2 9285 14581 13419
1 2 3445 9284 9286
1 2 9284 3502 9285
1 2 9286 9285 1744
1 2 9284 9285 9286
1 2 345 6215 6217
1 2 6215 1745 6216
1 2 6217 6216 2958
1 2 6215 6216 6217
1 2 1745 13420 16568
1 2 13420 344 16567
1 2 16568 16567 3273
1 2 13420 16567 16568
1 2 2958 4904 4906
1 2 4904 3273 4905
1 2 4906 4905 106
1 2 4904 4905 4906
1 2 1745 16568 6216
1 2 16568 3273 4904
1 2 6216 4904 2958
1 2 16568 4904 6216
1 2 343 6945 6946
1 2 6945 1744 5356
1 2 6946 5356 1644
1 2 6945 5356 6946
1 2 1744 13419 5354
1 2 13419 344 13420
1 2 5354 13420 1745
1 2 13419 13420 5354
1 2 1644 5355 13069
1 2 5355 1745 6215
1 2 13069 6215 345
1 2 5355 6215 13069
1 2 1744 5354 5356
1 2 5354 1745 5355
1 2 5356 5355 1644
1 2 5354 5355 5356
1 2 90 9375 9377
1 2 9375 4006 9376
1 2 9377 9376 3502
1 2 9375 9376 9377
1 2 4006 9635 9637
1 2 9635 913 9636
1 2 9637 9636 3041
1 2 9635 9636 9637
1 2 3502 14580 14581
1 2 14580 3041 10839
1 2 14581 10839 344
1 2 14580 10839 14581
1 2 4006 9637 9376
1 2 9637 3041 14580
1 2 9376 14580 3502
1 2 9637 14580 9376
1 2 913 4459 4461
1 2 4459 1707 4460
1 2 4461 4460 3039
1 2 4459 4460 4461
1 2 1707 8859 8861
1 2 8859 107 8860
1 2 8861 8860 1824
1 2 8859 8860 8861
1 2 3039 9302 10375
1 2 9302 1824 5299
1 2 10375 5299 693
1 2 9302 5299 10375
1 2 1707 8861 4460
1 2 8861 1824 9302
1 2 4460 9302 3039
1 2 8861 9302 4460
1 2 344 10838 16567
1 2 10838 3040 14686
1 2 16567 14686 3273
1 2 10838 14686 16567
1 2 3040 10376 12113
1 2 10376 693 11816
1 2 12113 11816 1736
1 2 10376 11816 12113
1 2 3273 12379 4905
1 2 12379 1736 5785
1 2 4905 5785 106
1 2 12379 5785 4905
1 2 3040 12113 14686
1 2 12113 1736 12379
1 2 14686 12379 3273
1 2 12113 12379 14686
1 2 913 4461 9636
1 2 4461 3039 15171
1 2 9636 15171 3041
1 2 4461 15171 9636
1 2 3039 10375 10377
1 2 10375 693 10376
1 2 10377 10376 3040
1 2 10375 10376 10377
1 2 3041 10837 10839
1 2 10837 3040 10838
1 2 10839 10838 344
1 2 10837 10838 10839
1 2 3039 10377 15171
1 2 10377 3040 10837
1 2 15171 10837 3041
1 2 10377 10837 15171
1 2 90 14670 9375
1 2 14670 3001 14671
1 2 9375 14671 4006
1 2 14670 14671 9375
1 2 3001 11671 11672
1 2 11671 819 8283
1 2 11672 8283 3465
1 2 11671 8283 11672
1 2 4006 15296 9635
1 2 15296 3465 15167
1 2 9635 15167 913
1 2 15296 15167 9635
1 2 3001 11672 14671
1 2 11672 3465 15296
1 2 14671 15296 4006
1 2 11672 15296 14671
1 2 819 14681 8281
1 2 14681 2714 16600
1 2 8281 16600 2964
1 2 14681 16600 8281
1 2 2714 12493 15016
1 2 12493 91 15015
1 2 15016 15015 2963
1 2 12493 15015 15016
1 2 2964 7556 7558
1 2 7556 2963 7557
1 2 7558 7557 348
1 2 7556 7557 7558
1 2 2714 15016 16600
1 2 15016 2963 7556
1 2 16600 7556 2964
1 2 15016 7556 16600
1 2 913 11719 4459
1 2 11719 1705 11720
1 2 4459 11720 1707
1 2 11719 11720 4459
1 2 1705 16369 16008
1 2 16369 348 14628
1 2 16008 14628 1706
1 2 16369 14628 16008
1 2 1707 16009 8859
1 2 16009 1706 12324
1 2 8859 12324 107
1 2 16009 12324 8859
1 2 1705 16008 11720
1 2 16008 1706 16009
1 2 11720 16009 1707
1 2 16008 16009 11720
1 2 819 8281 8283
1 2 8281 2964 8282
1 2 8283 8282 3465
1 2 8281 8282 8283
1 2 2964 7558 13065
1 2 7558 348 16369
1 2 13065 16369 1705
1 2 7558 16369 13065
1 2 3465 13066 15167
1 2 13066 1705 11719
1 2 15167 11719 913
1 2 13066 11719 15167
1 2 2964 13065 8282
1 2 13065 1705 13066
1 2 8282 13066 3465
1 2 13065 13066 8282
1 2 91 15779 15015
1 2 15779 2189 14184
1 2 15015 14184 2963
1 2 15779 14184 15015
1 2 2189 12579 12581
1 2 12579 346 12580
1 2 12581 12580 4062
1 2 12579 12580 12581
1 2 2963 10503 7557
1 2 10503 4062 10504
1 2 7557 10504 348
1 2 10503 10504 7557
1 2 2189 12581 14184
1 2 12581 4062 10503
1 2 14184 10503 2963
1 2 12581 10503 14184
1 2 346 12598 12599
1 2 12598 2223 6309
1 2 12599 6309 2225
1 2 12598 6309 12599
1 2 2223 7811 6307
1 2 7811 108 6265
1 2 6307 6265 2224
1 2 7811 6265 6307
1 2 2225 6308 8652
1 2 6308 2224 8748
1 2 8652 8748 347
1 2 6308 8748 8652
1 2 2223 6307 6309
1 2 6307 2224 6308
1 2 6309 6308 2225
1 2 6307 6308 6309
1 2 348 14626 14628
1 2 14626 3012 14627
1 2 14628 14627 1706
1 2 14626 14627 14628
1 2 3012 8653 16268
1 2 8653 347 14186
1 2 16268 14186 3013
1 2 8653 14186 16268
1 2 1706 12322 12324
1 2 12322 3013 12323
1 2 12324 12323 107
1 2 12322 12323 12324
1 2 3012 16268 14627
1 2 16268 3013 12322
1 2 14627 12322 1706
1 2 16268 12322 14627
1 2 346 12599 12580
1 2 12599 2225 4738
1 2 12580 4738 4062
1 2 12599 4738 12580
1 2 2225 8652 4736
1 2 8652 347 8653
1 2 4736 8653 3012
1 2 8652 8653 4736
1 2 4062 4737 10504
1 2 4737 3012 14626
1 2 10504 14626 348
1 2 4737 14626 10504
1 2 2225 4736 4738
1 2 4736 3012 4737
1 2 4738 4737 4062
1 2 4736 4737 4738
1 2 91 10919 15779
1 2 10919 2167 15778
1 2 15779 15778 2189
1 2 10919 15778 15779
1 2 2167 13433 13434
1 2 13433 494 8570
1 2 13434 8570 2188
1 2 13433 8570 13434
1 2 2189 14542 12579
1 2 14542 2188 7814
1 2 12579 7814 346
1 2 14542 7814 12579
1 2 2167 13434 15778
1 2 13434 2188 14542
1 2 15778 14542 2189
1 2 13434 14542 15778
1 2 494 10993 8568
1 2 10993 3833 10994
1 2 8568 10994 3835
1 2 10993 10994 8568
1 2 3833 14213 15262
1 2 14213 92 11864
1 2 15262 11864 3967
1 2 14213 11864 15262
1 2 3835 15263 12203
1 2 15263 3967 16542
1 2 12203 16542 910
1 2 15263 16542 12203
1 2 3833 15262 10994
1 2 15262 3967 15263
1 2 10994 15263 3835
1 2 15262 15263 10994
1 2 346 7813 12598
1 2 7813 2901 4556
1 2 12598 4556 2223
1 2 7813 4556 12598
1 2 2901 12204 4554
1 2 12204 910 12291
1 2 4554 12291 1748
1 2 12204 12291 4554
1 2 2223 4555 7811
1 2 4555 1748 7810
1 2 7811 7810 108
1 2 4555 7810 7811
1 2 2901 4554 4556
1 2 4554 1748 4555
1 2 4556 4555 2223
1 2 4554 4555 4556
1 2 494 8568 8570
1 2 8568 3835 8569
1 2 8570 8569 2188
1 2 8568 8569 8570
1 2 3835 12203 9274
1 2 12203 910 12204
1 2 9274 12204 2901
1 2 12203 12204 9274
1 2 2188 7812 7814
1 2 7812 2901 7813
1 2 7814 7813 346
1 2 7812 7813 7814
1 2 3835 9274 8569
1 2 9274 2901 7812
1 2 8569 7812 2188
1 2 9274 7812 8569
1 2 92 6963 11864
1 2 6963 4090 11863
1 2 11864 11863 3967
1 2 6963 11863 11864
1 2 4090 16619 16242
1 2 16619 784 6168
1 2 16242 6168 3503
1 2 16619 6168 16242
1 2 3967 16243 16542
1 2 16243 3503 16051
1 2 16542 16051 910
1 2 16243 16051 16542
1 2 4090 16242 11863
1 2 16242 3503 16243
1 2 11863 16243 3967
1 2 16242 16243 11863
1 2 784 10395 6166
1 2 10395 1608 8538
1 2 6166 8538 1610
1 2 10395 8538 6166
1 2 1608 9523 8536
1 2 9523 109 8444
1 2 8536 8444 1609
1 2 9523 8444 8536
1 2 1610 8537 16060
1 2 8537 1609 13271
1 2 16060 13271 701
1 2 8537 13271 16060
1 2 1608 8536 8538
1 2 8536 1609 8537
1 2 8538 8537 1610
1 2 8536 8537 8538
1 2 910 12289 12291
1 2 12289 1746 12290
1 2 12291 12290 1748
1 2 12289 12290 12291
1 2 1746 11778 11780
1 2 11778 701 11779
1 2 11780 11779 1747
1 2 11778 11779 11780
1 2 1748 12362 7810
1 2 12362 1747 10212
1 2 7810 10212 108
1 2 12362 10212 7810
1 2 1746 11780 12290
1 2 11780 1747 12362
1 2 12290 12362 1748
1 2 11780 12362 12290
1 2 784 6166 6168
1 2 6166 1610 6167
1 2 6168 6167 3503
1 2 6166 6167 6168
1 2 1610 16060 12267
1 2 16060 701 11778
1 2 12267 11778 1746
1 2 16060 11778 12267
1 2 3503 12268 16051
1 2 12268 1746 12289
1 2 16051 12289 910
1 2 12268 12289 16051
1 2 1610 12267 6167
1 2 12267 1746 12268
1 2 6167 12268 3503
1 2 12267 12268 6167
1 2 92 6961 6963
1 2 6961 2204 6962
1 2 6963 6962 4090
1 2 6961 6962 6963
1 2 2204 13591 10380
1 2 13591 341 15198
1 2 10380 15198 3446
1 2 13591 15198 10380
1 2 4090 10381 16619
1 2 10381 3446 4291
1 2 16619 4291 784
1 2 10381 4291 16619
1 2 2204 10380 6962
1 2 10380 3446 10381
1 2 6962 10381 4090
1 2 10380 10381 6962
1 2 341 13687 13819
1 2 13687 1542 13818
1 2 13819 13818 1544
1 2 13687 13818 13819
1 2 1542 11123 15209
1 2 11123 93 10847
1 2 15209 10847 1543
1 2 11123 10847 15209
1 2 1544 15210 6473
1 2 15210 1543 15603
1 2 6473 15603 492
1 2 15210 15603 6473
1 2 1542 15209 13818
1 2 15209 1543 15210
1 2 13818 15210 1544
1 2 15209 15210 13818
1 2 784 4290 10395
1 2 4290 2591 10394
1 2 10395 10394 1608
1 2 4290 10394 10395
1 2 2591 5584 5586
1 2 5584 492 5585
1 2 5586 5585 2051
1 2 5584 5585 5586
1 2 1608 9521 9523
1 2 9521 2051 9522
1 2 9523 9522 109
1 2 9521 9522 9523
1 2 2591 5586 10394
1 2 5586 2051 9521
1 2 10394 9521 1608
1 2 5586 9521 10394
1 2 341 13819 15198
1 2 13819 1544 8443
1 2 15198 8443 3446
1 2 13819 8443 15198
1 2 1544 6473 6474
1 2 6473 492 5584
1 2 6474 5584 2591
1 2 6473 5584 6474
1 2 3446 4289 4291
1 2 4289 2591 4290
1 2 4291 4290 784
1 2 4289 4290 4291
1 2 1544 6474 8443
1 2 6474 2591 4289
1 2 8443 4289 3446
1 2 6474 4289 8443
1 2 93 10166 10847
1 2 10166 2770 10846
1 2 10847 10846 1543
1 2 10166 10846 10847
1 2 2770 15495 15859
1 2 15495 448 15858
1 2 15859 15858 2661
1 2 15495 15858 15859
1 2 1543 16182 15603
1 2 16182 2661 14278
1 2 15603 14278 492
1 2 16182 14278 15603
1 2 2770 15859 10846
1 2 15859 2661 16182
1 2 10846 16182 1543
1 2 15859 16182 10846
1 2 448 12367 12369
1 2 12367 1823 12368
1 2 12369 12368 2660
1 2 12367 12368 12369
1 2 1823 4984 4986
1 2 4984 110 4985
1 2 4986 4985 1625
1 2 4984 4985 4986
1 2 2660 9806 5741
1 2 9806 1625 9807
1 2 5741 9807 491
1 2 9806 9807 5741
1 2 1823 4986 12368
1 2 4986 1625 9806
1 2 12368 9806 2660
1 2 4986 9806 12368
1 2 492 9720 5585
1 2 9720 2050 7765
1 2 5585 7765 2051
1 2 9720 7765 5585
1 2 2050 5742 7763
1 2 5742 491 10978
1 2 7763 10978 1628
1 2 5742 10978 7763
1 2 2051 7764 9522
1 2 7764 1628 12674
1 2 9522 12674 109
1 2 7764 12674 9522
1 2 2050 7763 7765
1 2 7763 1628 7764
1 2 7765 7764 2051
1 2 7763 7764 7765
1 2 448 12369 15858
1 2 12369 2660 14603
1 2 15858 14603 2661
1 2 12369 14603 15858
1 2 2660 5741 5743
1 2 5741 491 5742
1 2 5743 5742 2050
1 2 5741 5742 5743
1 2 2661 14277 14278
1 2 14277 2050 9720
1 2 14278 9720 492
1 2 14277 9720 14278
1 2 2660 5743 14603
1 2 5743 2050 14277
1 2 14603 14277 2661
1 2 5743 14277 14603
1 2 93 10164 10166
1 2 10164 3152 10165
1 2 10166 10165 2770
1 2 10164 10165 10166
1 2 3152 12011 16292
1 2 12011 446 12354
1 2 16292 12354 3294
1 2 12011 12354 16292
1 2 2770 15494 15495
1 2 15494 3294 10830
1 2 15495 10830 448
1 2 15494 10830 15495
1 2 3152 16292 10165
1 2 16292 3294 15494
1 2 10165 15494 2770
1 2 16292 15494 10165
1 2 446 10001 12352
1 2 10001 2195 10222
1 2 12352 10222 2893
1 2 10001 10222 12352
1 2 2195 5436 10220
1 2 5436 94 12022
1 2 10220 12022 2892
1 2 5436 12022 10220
1 2 2893 10221 8332
1 2 10221 2892 7401
1 2 8332 7401 447
1 2 10221 7401 8332
1 2 2195 10220 10222
1 2 10220 2892 10221
1 2 10222 10221 2893
1 2 10220 10221 10222
1 2 448 10829 12367
1 2 10829 1821 10660
1 2 12367 10660 1823
1 2 10829 10660 12367
1 2 1821 8333 10658
1 2 8333 447 8688
1 2 10658 8688 1822
1 2 8333 8688 10658
1 2 1823 10659 4984
1 2 10659 1822 12918
1 2 4984 12918 110
1 2 10659 12918 4984
1 2 1821 10658 10660
1 2 10658 1822 10659
1 2 10660 10659 1823
1 2 10658 10659 10660
1 2 446 12352 12354
1 2 12352 2893 12353
1 2 12354 12353 3294
1 2 12352 12353 12354
1 2 2893 8332 8334
1 2 8332 447 8333
1 2 8334 8333 1821
1 2 8332 8333 8334
1 2 3294 10828 10830
1 2 10828 1821 10829
1 2 10830 10829 448
1 2 10828 10829 10830
1 2 2893 8334 12353
1 2 8334 1821 10828
1 2 12353 10828 3294
1 2 8334 10828 12353
1 2 94 12020 12022
1 2 12020 3030 12021
1 2 12022 12021 2892
1 2 12020 12021 12022
1 2 3030 14612 15184
1 2 14612 619 14587
1 2 15184 14587 3975
1 2 14612 14587 15184
1 2 2892 7399 7401
1 2 7399 3975 7400
1 2 7401 7400 447
1 2 7399 7400 7401
1 2 3030 15184 12021
1 2 15184 3975 7399
1 2 12021 7399 2892
1 2 15184 7399 12021
1 2 619 11210 11211
1 2 11210 2682 9142
1 2 11211 9142 2684
1 2 11210 9142 11211
1 2 2682 4340 4342
1 2 4340 111 4341
1 2 4342 4341 2683
1 2 4340 4341 4342
1 2 2684 6625 6627
1 2 6625 2683 6626
1 2 6627 6626 474
1 2 6625 6626 6627
1 2 2682 4342 9142
1 2 4342 2683 6625
1 2 9142 6625 2684
1 2 4342 6625 9142
1 2 447 8686 8688
1 2 8686 3879 8687
1 2 8688 8687 1822
1 2 8686 8687 8688
1 2 3879 8468 12334
1 2 8468 474 12541
1 2 12334 12541 1504
1 2 8468 12541 12334
1 2 1822 12335 12918
1 2 12335 1504 12917
1 2 12918 12917 110
1 2 12335 12917 12918
1 2 3879 12334 8687
1 2 12334 1504 12335
1 2 8687 12335 1822
1 2 12334 12335 8687
1 2 619 11211 14587
1 2 11211 2684 11186
1 2 14587 11186 3975
1 2 11211 11186 14587
1 2 2684 6627 8469
1 2 6627 474 8468
1 2 8469 8468 3879
1 2 6627 8468 8469
1 2 3975 8987 7400
1 2 8987 3879 8686
1 2 7400 8686 447
1 2 8987 8686 7400
1 2 2684 8469 11186
1 2 8469 3879 8987
1 2 11186 8987 3975
1 2 8469 8987 11186
1 2 94 10727 12020
1 2 10727 3029 10743
1 2 12020 10743 3030
1 2 10727 10743 12020
1 2 3029 16341 10741
1 2 16341 618 11300
1 2 10741 11300 2222
1 2 16341 11300 10741
1 2 3030 10742 14612
1 2 10742 2222 14611
1 2 14612 14611 619
1 2 10742 14611 14612
1 2 3029 10741 10743
1 2 10741 2222 10742
1 2 10743 10742 3030
1 2 10741 10742 10743
1 2 618 14661 11298
1 2 14661 4072 9864
1 2 11298 9864 2220
1 2 14661 9864 11298
1 2 4072 6073 6075
1 2 6073 95 6074
1 2 6075 6074 3600
1 2 6073 6074 6075
1 2 2220 8084 8086
1 2 8084 3600 8085
1 2 8086 8085 383
1 2 8084 8085 8086
1 2 4072 6075 9864
1 2 6075 3600 8084
1 2 9864 8084 2220
1 2 6075 8084 9864
1 2 619 15850 11210
1 2 15850 2221 13830
1 2 11210 13830 2682
1 2 15850 13830 11210
1 2 2221 5590 5592
1 2 5590 383 5591
1 2 5592 5591 4095
1 2 5590 5591 5592
1 2 2682 11034 4340
1 2 11034 4095 8804
1 2 4340 8804 111
1 2 11034 8804 4340
1 2 2221 5592 13830
1 2 5592 4095 11034
1 2 13830 11034 2682
1 2 5592 11034 13830
1 2 618 11298 11300
1 2 11298 2220 11299
1 2 11300 11299 2222
1 2 11298 11299 11300
1 2 2220 8086 9267
1 2 8086 383 5590
1 2 9267 5590 2221
1 2 8086 5590 9267
1 2 2222 15849 14611
1 2 15849 2221 15850
1 2 14611 15850 619
1 2 15849 15850 14611
1 2 2220 9267 11299
1 2 9267 2221 15849
1 2 11299 15849 2222
1 2 9267 15849 11299
1 2 95 12602 6074
1 2 12602 3599 12603
1 2 6074 12603 3600
1 2 12602 12603 6074
1 2 3599 11659 11661
1 2 11659 381 11660
1 2 11661 11660 3536
1 2 11659 11660 11661
1 2 3600 16294 8085
1 2 16294 3536 6293
1 2 8085 6293 383
1 2 16294 6293 8085
1 2 3599 11661 12603
1 2 11661 3536 16294
1 2 12603 16294 3600
1 2 11661 16294 12603
1 2 381 9663 9665
1 2 9663 3359 9664
1 2 9665 9664 3534
1 2 9663 9664 9665
1 2 3359 9746 10068
1 2 9746 112 5504
1 2 10068 5504 3496
1 2 9746 5504 10068
1 2 3534 10069 13565
1 2 10069 3496 8300
1 2 13565 8300 382
1 2 10069 8300 13565
1 2 3359 10068 9664
1 2 10068 3496 10069
1 2 9664 10069 3534
1 2 10068 10069 9664
1 2 383 6292 5591
1 2 6292 3535 12779
1 2 5591 12779 4095
1 2 6292 12779 5591
1 2 3535 13566 16468
1 2 13566 382 12557
1 2 16468 12557 3667
1 2 13566 12557 16468
1 2 4095 8802 8804
1 2 8802 3667 8803
1 2 8804 8803 111
1 2 8802 8803 8804
1 2 3535 16468 12779
1 2 16468 3667 8802
1 2 12779 8802 4095
1 2 16468 8802 12779
1 2 381 9665 11660
1 2 9665 3534 8296
1 2 11660 8296 3536
1 2 9665 8296 11660
1 2 3534 13565 8295
1 2 13565 382 13566
1 2 8295 13566 3535
1 2 13565 13566 8295
1 2 3536 6291 6293
1 2 6291 3535 6292
1 2 6293 6292 383
1 2 6291 6292 6293
1 2 3534 8295 8296
1 2 8295 3535 6291
1 2 8296 6291 3536
1 2 8295 6291 8296
1 2 95 16401 12602
1 2 16401 3961 13926
1 2 12602 13926 3599
1 2 16401 13926 12602
1 2 3961 6116 6118
1 2 6116 844 6117
1 2 6118 6117 2461
1 2 6116 6117 6118
1 2 3599 13925 11659
1 2 13925 2461 15948
1 2 11659 15948 381
1 2 13925 15948 11659
1 2 3961 6118 13926
1 2 6118 2461 13925
1 2 13926 13925 3599
1 2 6118 13925 13926
1 2 844 9382 9383
1 2 9382 3492 8192
1 2 9383 8192 2459
1 2 9382 8192 9383
1 2 3492 15312 8190
1 2 15312 96 14482
1 2 8190 14482 4222
1 2 15312 14482 8190
1 2 2459 8191 11435
1 2 8191 4222 11434
1 2 11435 11434 770
1 2 8191 11434 11435
1 2 3492 8190 8192
1 2 8190 4222 8191
1 2 8192 8191 2459
1 2 8190 8191 8192
1 2 381 13435 9663
1 2 13435 2460 13436
1 2 9663 13436 3359
1 2 13435 13436 9663
1 2 2460 13626 16442
1 2 13626 770 15484
1 2 16442 15484 1526
1 2 13626 15484 16442
1 2 3359 9745 9746
1 2 9745 1526 7089
1 2 9746 7089 112
1 2 9745 7089 9746
1 2 2460 16442 13436
1 2 16442 1526 9745
1 2 13436 9745 3359
1 2 16442 9745 13436
1 2 844 9383 6117
1 2 9383 2459 4841
1 2 6117 4841 2461
1 2 9383 4841 6117
1 2 2459 11435 4839
1 2 11435 770 13626
1 2 4839 13626 2460
1 2 11435 13626 4839
1 2 2461 4840 15948
1 2 4840 2460 13435
1 2 15948 13435 381
1 2 4840 13435 15948
1 2 2459 4839 4841
1 2 4839 2460 4840
1 2 4841 4840 2461
1 2 4839 4840 4841
1 2 96 14034 14482
1 2 14034 4069 10719
1 2 14482 10719 4222
1 2 14034 10719 14482
1 2 4069 15270 10717
1 2 15270 769 15532
1 2 10717 15532 3074
1 2 15270 15532 10717
1 2 4222 10718 11434
1 2 10718 3074 12716
1 2 11434 12716 770
1 2 10718 12716 11434
1 2 4069 10717 10719
1 2 10717 3074 10718
1 2 10719 10718 4222
1 2 10717 10718 10719
1 2 769 4422 15531
1 2 4422 3859 12544
1 2 15531 12544 3073
1 2 4422 12544 15531
1 2 3859 6636 11451
1 2 6636 113 11450
1 2 11451 11450 3120
1 2 6636 11450 11451
1 2 3073 11845 11846
1 2 11845 3120 9311
1 2 11846 9311 762
1 2 11845 9311 11846
1 2 3859 11451 12544
1 2 11451 3120 11845
1 2 12544 11845 3073
1 2 11451 11845 12544
1 2 770 12715 15484
1 2 12715 1524 5309
1 2 15484 5309 1526
1 2 12715 5309 15484
1 2 1524 4830 4832
1 2 4830 762 4831
1 2 4832 4831 1525
1 2 4830 4831 4832
1 2 1526 5308 7089
1 2 5308 1525 7088
1 2 7089 7088 112
1 2 5308 7088 7089
1 2 1524 4832 5309
1 2 4832 1525 5308
1 2 5309 5308 1526
1 2 4832 5308 5309
1 2 769 15531 15532
1 2 15531 3073 14381
1 2 15532 14381 3074
1 2 15531 14381 15532
1 2 3073 11846 14380
1 2 11846 762 4830
1 2 14380 4830 1524
1 2 11846 4830 14380
1 2 3074 12714 12716
1 2 12714 1524 12715
1 2 12716 12715 770
1 2 12714 12715 12716
1 2 3073 14380 14381
1 2 14380 1524 12714
1 2 14381 12714 3074
1 2 14380 12714 14381
1 2 96 14032 14034
1 2 14032 1252 14033
1 2 14034 14033 4069
1 2 14032 14033 14034
1 2 1252 15063 14467
1 2 15063 376 6145
1 2 14467 6145 3401
1 2 15063 6145 14467
1 2 4069 14468 15270
1 2 14468 3401 15269
1 2 15270 15269 769
1 2 14468 15269 15270
1 2 1252 14467 14033
1 2 14467 3401 14468
1 2 14033 14468 4069
1 2 14467 14468 14033
1 2 376 9597 6143
1 2 9597 2932 10833
1 2 6143 10833 3399
1 2 9597 10833 6143
1 2 2932 12155 10831
1 2 12155 97 5822
1 2 10831 5822 3704
1 2 12155 5822 10831
1 2 3399 10832 9583
1 2 10832 3704 15884
1 2 9583 15884 504
1 2 10832 15884 9583
1 2 2932 10831 10833
1 2 10831 3704 10832
1 2 10833 10832 3399
1 2 10831 10832 10833
1 2 769 4420 4422
1 2 4420 3400 4421
1 2 4422 4421 3859
1 2 4420 4421 4422
1 2 3400 9584 6877
1 2 9584 504 4539
1 2 6877 4539 3488
1 2 9584 4539 6877
1 2 3859 6634 6636
1 2 6634 3488 6635
1 2 6636 6635 113
1 2 6634 6635 6636
1 2 3400 6877 4421
1 2 6877 3488 6634
1 2 4421 6634 3859
1 2 6877 6634 4421
1 2 376 6143 6145
1 2 6143 3399 6144
1 2 6145 6144 3401
1 2 6143 6144 6145
1 2 3399 9583 9585
1 2 9583 504 9584
1 2 9585 9584 3400
1 2 9583 9584 9585
1 2 3401 16490 15269
1 2 16490 3400 4420
1 2 15269 4420 769
1 2 16490 4420 15269
1 2 3399 9585 6144
1 2 9585 3400 16490
1 2 6144 16490 3401
1 2 9585 16490 6144
1 2 97 5820 5822
1 2 5820 3366 5821
1 2 5822 5821 3704
1 2 5820 5821 5822
1 2 3366 16256 8694
1 2 16256 502 10285
1 2 8694 10285 3703
1 2 16256 10285 8694
1 2 3704 8695 15884
1 2 8695 3703 13396
1 2 15884 13396 504
1 2 8695 13396 15884
1 2 3366 8694 5821
1 2 8694 3703 8695
1 2 5821 8695 3704
1 2 8694 8695 5821
1 2 502 12346 10283
1 2 12346 3321 15435
1 2 10283 15435 3323
1 2 12346 15435 10283
1 2 3321 5605 5607
1 2 5605 114 5606
1 2 5607 5606 3322
1 2 5605 5606 5607
1 2 3323 9617 9619
1 2 9617 3322 9618
1 2 9619 9618 503
1 2 9617 9618 9619
1 2 3321 5607 15435
1 2 5607 3322 9617
1 2 15435 9617 3323
1 2 5607 9617 15435
1 2 504 4537 4539
1 2 4537 3487 4538
1 2 4539 4538 3488
1 2 4537 4538 4539
1 2 3487 13806 16601
1 2 13806 503 5803
1 2 16601 5803 3002
1 2 13806 5803 16601
1 2 3488 14347 6635
1 2 14347 3002 14348
1 2 6635 14348 113
1 2 14347 14348 6635
1 2 3487 16601 4538
1 2 16601 3002 14347
1 2 4538 14347 3488
1 2 16601 14347 4538
1 2 502 10283 10285
1 2 10283 3323 10284
1 2 10285 10284 3703
1 2 10283 10284 10285
1 2 3323 9619 13807
1 2 9619 503 13806
1 2 13807 13806 3487
1 2 9619 13806 13807
1 2 3703 13395 13396
1 2 13395 3487 4537
1 2 13396 4537 504
1 2 13395 4537 13396
1 2 3323 13807 10284
1 2 13807 3487 13395
1 2 10284 13395 3703
1 2 13807 13395 10284
1 2 97 7481 5820
1 2 7481 3353 8195
1 2 5820 8195 3366
1 2 7481 8195 5820
1 2 3353 5668 8193
1 2 5668 709 12604
1 2 8193 12604 3365
1 2 5668 12604 8193
1 2 3366 8194 16256
1 2 8194 3365 16255
1 2 16256 16255 502
1 2 8194 16255 16256
1 2 3353 8193 8195
1 2 8193 3365 8194
1 2 8195 8194 3366
1 2 8193 8194 8195
1 2 709 11428 14282
1 2 11428 2789 6508
1 2 14282 6508 2855
1 2 11428 6508 14282
1 2 2789 7687 6506
1 2 7687 98 8931
1 2 6506 8931 2854
1 2 7687 8931 6506
1 2 2855 6507 11840
1 2 6507 2854 5898
1 2 11840 5898 874
1 2 6507 5898 11840
1 2 2789 6506 6508
1 2 6506 2854 6507
1 2 6508 6507 2855
1 2 6506 6507 6508
1 2 502 12344 12346
1 2 12344 3865 12345
1 2 12346 12345 3321
1 2 12344 12345 12346
1 2 3865 11841 13195
1 2 11841 874 7028
1 2 13195 7028 3632
1 2 11841 7028 13195
1 2 3321 11424 5605
1 2 11424 3632 11425
1 2 5605 11425 114
1 2 11424 11425 5605
1 2 3865 13195 12345
1 2 13195 3632 11424
1 2 12345 11424 3321
1 2 13195 11424 12345
1 2 709 14282 12604
1 2 14282 2855 14283
1 2 12604 14283 3365
1 2 14282 14283 12604
1 2 2855 11840 11842
1 2 11840 874 11841
1 2 11842 11841 3865
1 2 11840 11841 11842
1 2 3365 16586 16255
1 2 16586 3865 12344
1 2 16255 12344 502
1 2 16586 12344 16255
1 2 2855 11842 14283
1 2 11842 3865 16586
1 2 14283 16586 3365
1 2 11842 16586 14283
1 2 98 8929 8931
1 2 8929 3656 8930
1 2 8931 8930 2854
1 2 8929 8930 8931
1 2 3656 15393 10901
1 2 15393 644 4750
1 2 10901 4750 3458
1 2 15393 4750 10901
1 2 2854 5896 5898
1 2 5896 3458 5897
1 2 5898 5897 874
1 2 5896 5897 5898
1 2 3656 10901 8930
1 2 10901 3458 5896
1 2 8930 5896 2854
1 2 10901 5896 8930
1 2 644 15950 4748
1 2 15950 3112 11504
1 2 4748 11504 3456
1 2 15950 11504 4748
1 2 3112 15738 11502
1 2 15738 115 16119
1 2 11502 16119 1352
1 2 15738 16119 11502
1 2 3456 11503 8338
1 2 11503 1352 16431
1 2 8338 16431 815
1 2 11503 16431 8338
1 2 3112 11502 11504
1 2 11502 1352 11503
1 2 11504 11503 3456
1 2 11502 11503 11504
1 2 874 7026 7028
1 2 7026 3457 7027
1 2 7028 7027 3632
1 2 7026 7027 7028
1 2 3457 8339 13877
1 2 8339 815 13876
1 2 13877 13876 2150
1 2 8339 13876 13877
1 2 3632 15162 11425
1 2 15162 2150 14565
1 2 11425 14565 114
1 2 15162 14565 11425
1 2 3457 13877 7027
1 2 13877 2150 15162
1 2 7027 15162 3632
1 2 13877 15162 7027
1 2 644 4748 4750
1 2 4748 3456 4749
1 2 4750 4749 3458
1 2 4748 4749 4750
1 2 3456 8338 8340
1 2 8338 815 8339
1 2 8340 8339 3457
1 2 8338 8339 8340
1 2 3458 15814 5897
1 2 15814 3457 7026
1 2 5897 7026 874
1 2 15814 7026 5897
1 2 3456 8340 4749
1 2 8340 3457 15814
1 2 4749 15814 3458
1 2 8340 15814 4749
1 2 98 13828 8929
1 2 13828 3429 13983
1 2 8929 13983 3656
1 2 13828 13983 8929
1 2 3429 13733 13981
1 2 13733 642 5454
1 2 13981 5454 3753
1 2 13733 5454 13981
1 2 3656 13982 15393
1 2 13982 3753 14345
1 2 15393 14345 644
1 2 13982 14345 15393
1 2 3429 13981 13983
1 2 13981 3753 13982
1 2 13983 13982 3656
1 2 13981 13982 13983
1 2 642 9697 5452
1 2 9697 2738 9698
1 2 5452 9698 3119
1 2 9697 9698 5452
1 2 2738 5276 11747
1 2 5276 99 11746
1 2 11747 11746 3028
1 2 5276 11746 11747
1 2 3119 13193 13194
1 2 13193 3028 8604
1 2 13194 8604 643
1 2 13193 8604 13194
1 2 2738 11747 9698
1 2 11747 3028 13193
1 2 9698 13193 3119
1 2 11747 13193 9698
1 2 644 14344 15950
1 2 14344 3110 15895
1 2 15950 15895 3112
1 2 14344 15895 15950
1 2 3110 10699 10701
1 2 10699 643 10700
1 2 10701 10700 3111
1 2 10699 10700 10701
1 2 3112 15737 15738
1 2 15737 3111 15045
1 2 15738 15045 115
1 2 15737 15045 15738
1 2 3110 10701 15895
1 2 10701 3111 15737
1 2 15895 15737 3112
1 2 10701 15737 15895
1 2 642 5452 5454
1 2 5452 3119 5453
1 2 5454 5453 3753
1 2 5452 5453 5454
1 2 3119 13194 14091
1 2 13194 643 10699
1 2 14091 10699 3110
1 2 13194 10699 14091
1 2 3753 14343 14345
1 2 14343 3110 14344
1 2 14345 14344 644
1 2 14343 14344 14345
1 2 3119 14091 5453
1 2 14091 3110 14343
1 2 5453 14343 3753
1 2 14091 14343 5453
1 2 99 11222 11746
1 2 11222 1783 15542
1 2 11746 15542 3028
1 2 11222 15542 11746
1 2 1783 7491 7493
1 2 7491 891 7492
1 2 7493 7492 2903
1 2 7491 7492 7493
1 2 3028 8602 8604
1 2 8602 2903 8603
1 2 8604 8603 643
1 2 8602 8603 8604
1 2 1783 7493 15542
1 2 7493 2903 8602
1 2 15542 8602 3028
1 2 7493 8602 15542
1 2 891 15497 15441
1 2 15497 1979 15498
1 2 15441 15498 2247
1 2 15497 15498 15441
1 2 1979 9066 9068
1 2 9066 116 9067
1 2 9068 9067 2246
1 2 9066 9067 9068
1 2 2247 10286 10288
1 2 10286 2246 10287
1 2 10288 10287 884
1 2 10286 10287 10288
1 2 1979 9068 15498
1 2 9068 2246 10286
1 2 15498 10286 2247
1 2 9068 10286 15498
1 2 643 11462 10700
1 2 11462 2902 11463
1 2 10700 11463 3111
1 2 11462 11463 10700
1 2 2902 8504 8505
1 2 8504 884 8073
1 2 8505 8073 3419
1 2 8504 8073 8505
1 2 3111 13071 15045
1 2 13071 3419 13133
1 2 15045 13133 115
1 2 13071 13133 15045
1 2 2902 8505 11463
1 2 8505 3419 13071
1 2 11463 13071 3111
1 2 8505 13071 11463
1 2 891 15441 7492
1 2 15441 2247 10825
1 2 7492 10825 2903
1 2 15441 10825 7492
1 2 2247 10288 10823
1 2 10288 884 8504
1 2 10823 8504 2902
1 2 10288 8504 10823
1 2 2903 10824 8603
1 2 10824 2902 11462
1 2 8603 11462 643
1 2 10824 11462 8603
1 2 2247 10823 10825
1 2 10823 2902 10824
1 2 10825 10824 2903
1 2 10823 10824 10825
1 2 99 11220 11222
1 2 11220 1781 11221
1 2 11222 11221 1783
1 2 11220 11221 11222
1 2 1781 8028 14569
1 2 8028 839 15655
1 2 14569 15655 1782
1 2 8028 15655 14569
1 2 1783 14325 7491
1 2 14325 1782 9873
1 2 7491 9873 891
1 2 14325 9873 7491
1 2 1781 14569 11221
1 2 14569 1782 14325
1 2 11221 14325 1783
1 2 14569 14325 11221
1 2 839 7185 7187
1 2 7185 2744 7186
1 2 7187 7186 2746
1 2 7185 7186 7187
1 2 2744 5136 5138
1 2 5136 100 5137
1 2 5138 5137 2745
1 2 5136 5137 5138
1 2 2746 15383 5839
1 2 15383 2745 13725
1 2 5839 13725 890
1 2 15383 13725 5839
1 2 2744 5138 7186
1 2 5138 2745 15383
1 2 7186 15383 2746
1 2 5138 15383 7186
1 2 891 9872 15497
1 2 9872 1977 13411
1 2 15497 13411 1979
1 2 9872 13411 15497
1 2 1977 5840 13409
1 2 5840 890 4735
1 2 13409 4735 1978
1 2 5840 4735 13409
1 2 1979 13410 9066
1 2 13410 1978 10987
1 2 9066 10987 116
1 2 13410 10987 9066
1 2 1977 13409 13411
1 2 13409 1978 13410
1 2 13411 13410 1979
1 2 13409 13410 13411
1 2 839 7187 15655
1 2 7187 2746 13593
1 2 15655 13593 1782
1 2 7187 13593 15655
1 2 2746 5839 5841
1 2 5839 890 5840
1 2 5841 5840 1977
1 2 5839 5840 5841
1 2 1782 9871 9873
1 2 9871 1977 9872
1 2 9873 9872 891
1 2 9871 9872 9873
1 2 2746 5841 13593
1 2 5841 1977 9871
1 2 13593 9871 1782
1 2 5841 9871 13593
1 2 100 13017 5137
1 2 13017 2356 16207
1 2 5137 16207 2745
1 2 13017 16207 5137
1 2 2356 9399 9400
1 2 9399 365 8617
1 2 9400 8617 3551
1 2 9399 8617 9400
1 2 2745 13723 13725
1 2 13723 3551 13724
1 2 13725 13724 890
1 2 13723 13724 13725
1 2 2356 9400 16207
1 2 9400 3551 13723
1 2 16207 13723 2745
1 2 9400 13723 16207
1 2 365 5938 5940
1 2 5938 4096 5939
1 2 5940 5939 3550
1 2 5938 5939 5940
1 2 4096 12039 6701
1 2 12039 117 9815
1 2 6701 9815 3617
1 2 12039 9815 6701
1 2 3550 6702 9058
1 2 6702 3617 9057
1 2 9058 9057 651
1 2 6702 9057 9058
1 2 4096 6701 5939
1 2 6701 3617 6702
1 2 5939 6702 3550
1 2 6701 6702 5939
1 2 890 4733 4735
1 2 4733 2284 4734
1 2 4735 4734 1978
1 2 4733 4734 4735
1 2 2284 12004 12740
1 2 12004 651 7832
1 2 12740 7832 2285
1 2 12004 7832 12740
1 2 1978 10985 10987
1 2 10985 2285 10986
1 2 10987 10986 116
1 2 10985 10986 10987
1 2 2284 12740 4734
1 2 12740 2285 10985
1 2 4734 10985 1978
1 2 12740 10985 4734
1 2 365 5940 8617
1 2 5940 3550 6054
1 2 8617 6054 3551
1 2 5940 6054 8617
1 2 3550 9058 6052
1 2 9058 651 12004
1 2 6052 12004 2284
1 2 9058 12004 6052
1 2 3551 6053 13724
1 2 6053 2284 4733
1 2 13724 4733 890
1 2 6053 4733 13724
1 2 3550 6052 6054
1 2 6052 2284 6053
1 2 6054 6053 3551
1 2 6052 6053 6054
1 2 100 13016 13017
1 2 13016 2354 4779
1 2 13017 4779 2356
1 2 13016 4779 13017
1 2 2354 11927 4777
1 2 11927 363 13052
1 2 4777 13052 2355
1 2 11927 13052 4777
1 2 2356 4778 9399
1 2 4778 2355 15686
1 2 9399 15686 365
1 2 4778 15686 9399
1 2 2354 4777 4779
1 2 4777 2355 4778
1 2 4779 4778 2356
1 2 4777 4778 4779
1 2 363 6805 6807
1 2 6805 1341 6806
1 2 6807 6806 3384
1 2 6805 6806 6807
1 2 1341 13658 13111
1 2 13658 101 13035
1 2 13111 13035 3693
1 2 13658 13035 13111
1 2 3384 6620 6621
1 2 6620 3693 4615
1 2 6621 4615 364
1 2 6620 4615 6621
1 2 1341 13111 6806
1 2 13111 3693 6620
1 2 6806 6620 3384
1 2 13111 6620 6806
1 2 365 12055 5938
1 2 12055 3385 11376
1 2 5938 11376 4096
1 2 12055 11376 5938
1 2 3385 12860 11374
1 2 12860 364 8991
1 2 11374 8991 4008
1 2 12860 8991 11374
1 2 4096 11375 12039
1 2 11375 4008 12038
1 2 12039 12038 117
1 2 11375 12038 12039
1 2 3385 11374 11376
1 2 11374 4008 11375
1 2 11376 11375 4096
1 2 11374 11375 11376
1 2 363 6807 13052
1 2 6807 3384 15864
1 2 13052 15864 2355
1 2 6807 15864 13052
1 2 3384 6621 12861
1 2 6621 364 12860
1 2 12861 12860 3385
1 2 6621 12860 12861
1 2 2355 15863 15686
1 2 15863 3385 12055
1 2 15686 12055 365
1 2 15863 12055 15686
1 2 3384 12861 15864
1 2 12861 3385 15863
1 2 15864 15863 2355
1 2 12861 15863 15864
1 2 101 7996 13035
1 2 7996 3776 12347
1 2 13035 12347 3693
1 2 7996 12347 13035
1 2 3776 8087 8089
1 2 8087 707 8088
1 2 8089 8088 3777
1 2 8087 8088 8089
1 2 3693 4613 4615
1 2 4613 3777 4614
1 2 4615 4614 364
1 2 4613 4614 4615
1 2 3776 8089 12347
1 2 8089 3777 4613
1 2 12347 4613 3693
1 2 8089 4613 12347
1 2 707 11258 12179
1 2 11258 1980 4396
1 2 12179 4396 1982
1 2 11258 4396 12179
1 2 1980 6378 4394
1 2 6378 118 14425
1 2 4394 14425 1981
1 2 6378 14425 4394
1 2 1982 4395 16628
1 2 4395 1981 12126
1 2 16628 12126 485
1 2 4395 12126 16628
1 2 1980 4394 4396
1 2 4394 1981 4395
1 2 4396 4395 1982
1 2 4394 4395 4396
1 2 364 8528 8991
1 2 8528 3851 8137
1 2 8991 8137 4008
1 2 8528 8137 8991
1 2 3851 12252 8135
1 2 12252 485 12253
1 2 8135 12253 4007
1 2 12252 12253 8135
1 2 4008 8136 12038
1 2 8136 4007 14756
1 2 12038 14756 117
1 2 8136 14756 12038
1 2 3851 8135 8137
1 2 8135 4007 8136
1 2 8137 8136 4008
1 2 8135 8136 8137
1 2 707 12179 8088
1 2 12179 1982 14424
1 2 8088 14424 3777
1 2 12179 14424 8088
1 2 1982 16628 15040
1 2 16628 485 12252
1 2 15040 12252 3851
1 2 16628 12252 15040
1 2 3777 8527 4614
1 2 8527 3851 8528
1 2 4614 8528 364
1 2 8527 8528 4614
1 2 1982 15040 14424
1 2 15040 3851 8527
1 2 14424 8527 3777
1 2 15040 8527 14424
1 2 101 7994 7996
1 2 7994 2218 7995
1 2 7996 7995 3776
1 2 7994 7995 7996
1 2 2218 6894 6896
1 2 6894 706 6895
1 2 6896 6895 3506
1 2 6894 6895 6896
1 2 3776 12783 8087
1 2 12783 3506 12195
1 2 8087 12195 707
1 2 12783 12195 8087
1 2 2218 6896 7995
1 2 6896 3506 12783
1 2 7995 12783 3776
1 2 6896 12783 7995
1 2 706 10808 10810
1 2 10808 2119 10809
1 2 10810 10809 3504
1 2 10808 10809 10810
1 2 2119 5314 15804
1 2 5314 102 15803
1 2 15804 15803 2210
1 2 5314 15803 15804
1 2 3504 14720 14722
1 2 14720 2210 14721
1 2 14722 14721 484
1 2 14720 14721 14722
1 2 2119 15804 10809
1 2 15804 2210 14720
1 2 10809 14720 3504
1 2 15804 14720 10809
1 2 707 11257 11258
1 2 11257 3505 9079
1 2 11258 9079 1980
1 2 11257 9079 11258
1 2 3505 5113 5115
1 2 5113 484 5114
1 2 5115 5114 3619
1 2 5113 5114 5115
1 2 1980 6376 6378
1 2 6376 3619 6377
1 2 6378 6377 118
1 2 6376 6377 6378
1 2 3505 5115 9079
1 2 5115 3619 6376
1 2 9079 6376 1980
1 2 5115 6376 9079
1 2 706 10810 6895
1 2 10810 3504 16267
1 2 6895 16267 3506
1 2 10810 16267 6895
1 2 3504 14722 16266
1 2 14722 484 5113
1 2 16266 5113 3505
1 2 14722 5113 16266
1 2 3506 12194 12195
1 2 12194 3505 11257
1 2 12195 11257 707
1 2 12194 11257 12195
1 2 3504 16266 16267
1 2 16266 3505 12194
1 2 16267 12194 3506
1 2 16266 12194 16267
1 2 102 15822 15803
1 2 15822 2209 15764
1 2 15803 15764 2210
1 2 15822 15764 15803
1 2 2209 6335 6337
1 2 6335 482 6336
1 2 6337 6336 1802
1 2 6335 6336 6337
1 2 2210 15763 14721
1 2 15763 1802 8238
1 2 14721 8238 484
1 2 15763 8238 14721
1 2 2209 6337 15764
1 2 6337 1802 15763
1 2 15764 15763 2210
1 2 6337 15763 15764
1 2 482 12504 12506
1 2 12504 3742 12505
1 2 12506 12505 1800
1 2 12504 12505 12506
1 2 3742 16613 14933
1 2 16613 119 7895
1 2 14933 7895 3240
1 2 16613 7895 14933
1 2 1800 5187 5189
1 2 5187 3240 5188
1 2 5189 5188 483
1 2 5187 5188 5189
1 2 3742 14933 12505
1 2 14933 3240 5187
1 2 12505 5187 1800
1 2 14933 5187 12505
1 2 484 8237 5114
1 2 8237 1801 4809
1 2 5114 4809 3619
1 2 8237 4809 5114
1 2 1801 7525 4807
1 2 7525 483 7526
1 2 4807 7526 4167
1 2 7525 7526 4807
1 2 3619 4808 6377
1 2 4808 4167 11761
1 2 6377 11761 118
1 2 4808 11761 6377
1 2 1801 4807 4809
1 2 4807 4167 4808
1 2 4809 4808 3619
1 2 4807 4808 4809
1 2 482 12506 6336
1 2 12506 1800 14970
1 2 6336 14970 1802
1 2 12506 14970 6336
1 2 1800 5189 13867
1 2 5189 483 7525
1 2 13867 7525 1801
1 2 5189 7525 13867
1 2 1802 8236 8238
1 2 8236 1801 8237
1 2 8238 8237 484
1 2 8236 8237 8238
1 2 1800 13867 14970
1 2 13867 1801 8236
1 2 14970 8236 1802
1 2 13867 8236 14970
1 2 103 11291 12582
1 2 11291 2887 10332
1 2 12582 10332 3987
1 2 11291 10332 12582
1 2 2887 11423 10330
1 2 11423 786 6262
1 2 10330 6262 3920
1 2 11423 6262 10330
1 2 3987 10331 15792
1 2 10331 3920 4702
1 2 15792 4702 788
1 2 10331 4702 15792
1 2 2887 10330 10332
1 2 10330 3920 10331
1 2 10332 10331 3987
1 2 10330 10331 10332
1 2 786 9301 6260
1 2 9301 1198 6664
1 2 6260 6664 2643
1 2 9301 6664 6260
1 2 1198 11477 6662
1 2 11477 104 9262
1 2 6662 9262 2642
1 2 11477 9262 6662
1 2 2643 6663 7968
1 2 6663 2642 7967
1 2 7968 7967 787
1 2 6663 7967 7968
1 2 1198 6662 6664
1 2 6662 2642 6663
1 2 6664 6663 2643
1 2 6662 6663 6664
1 2 788 4701 8003
1 2 4701 2314 5734
1 2 8003 5734 2316
1 2 4701 5734 8003
1 2 2314 14696 5732
1 2 14696 787 10763
1 2 5732 10763 2315
1 2 14696 10763 5732
1 2 2316 5733 11605
1 2 5733 2315 5652
1 2 11605 5652 120
1 2 5733 5652 11605
1 2 2314 5732 5734
1 2 5732 2315 5733
1 2 5734 5733 2316
1 2 5732 5733 5734
1 2 786 6260 6262
1 2 6260 2643 6261
1 2 6262 6261 3920
1 2 6260 6261 6262
1 2 2643 7968 10648
1 2 7968 787 14696
1 2 10648 14696 2314
1 2 7968 14696 10648
1 2 3920 4700 4702
1 2 4700 2314 4701
1 2 4702 4701 788
1 2 4700 4701 4702
1 2 2643 10648 6261
1 2 10648 2314 4700
1 2 6261 4700 3920
1 2 10648 4700 6261
1 2 104 9260 9262
1 2 9260 2878 9261
1 2 9262 9261 2642
1 2 9260 9261 9262
1 2 2878 8032 8034
1 2 8032 391 8033
1 2 8034 8033 2913
1 2 8032 8033 8034
1 2 2642 12617 7967
1 2 12617 2913 8726
1 2 7967 8726 787
1 2 12617 8726 7967
1 2 2878 8034 9261
1 2 8034 2913 12617
1 2 9261 12617 2642
1 2 8034 12617 9261
1 2 391 9333 9335
1 2 9333 3232 9334
1 2 9335 9334 2911
1 2 9333 9334 9335
1 2 3232 7606 7608
1 2 7606 121 7607
1 2 7608 7607 3233
1 2 7606 7607 7608
1 2 2911 11356 12164
1 2 11356 3233 12472
1 2 12164 12472 858
1 2 11356 12472 12164
1 2 3232 7608 9334
1 2 7608 3233 11356
1 2 9334 11356 2911
1 2 7608 11356 9334
1 2 787 8725 10763
1 2 8725 2912 4877
1 2 10763 4877 2315
1 2 8725 4877 10763
1 2 2912 9939 4875
1 2 9939 858 9940
1 2 4875 9940 3433
1 2 9939 9940 4875
1 2 2315 4876 5652
1 2 4876 3433 5455
1 2 5652 5455 120
1 2 4876 5455 5652
1 2 2912 4875 4877
1 2 4875 3433 4876
1 2 4877 4876 2315
1 2 4875 4876 4877
1 2 391 9335 8033
1 2 9335 2911 5042
1 2 8033 5042 2913
1 2 9335 5042 8033
1 2 2911 12164 5040
1 2 12164 858 9939
1 2 5040 9939 2912
1 2 12164 9939 5040
1 2 2913 5041 8726
1 2 5041 2912 8725
1 2 8726 8725 787
1 2 5041 8725 8726
1 2 2911 5040 5042
1 2 5040 2912 5041
1 2 5042 5041 2913
1 2 5040 5041 5042
1 2 104 7006 9260
1 2 7006 2876 12450
1 2 9260 12450 2878
1 2 7006 12450 9260
1 2 2876 4610 4612
1 2 4610 389 4611
1 2 4612 4611 2877
1 2 4610 4611 4612
1 2 2878 11938 8032
1 2 11938 2877 11939
1 2 8032 11939 391
1 2 11938 11939 8032
1 2 2876 4612 12450
1 2 4612 2877 11938
1 2 12450 11938 2878
1 2 4612 11938 12450
1 2 389 5711 5713
1 2 5711 2162 5712
1 2 5713 5712 2164
1 2 5711 5712 5713
1 2 2162 13431 14255
1 2 13431 105 15578
1 2 14255 15578 2163
1 2 13431 15578 14255
1 2 2164 6776 6778
1 2 6776 2163 6777
1 2 6778 6777 390
1 2 6776 6777 6778
1 2 2162 14255 5712
1 2 14255 2163 6776
1 2 5712 6776 2164
1 2 14255 6776 5712
1 2 391 11802 9333
1 2 11802 3998 9374
1 2 9333 9374 3232
1 2 11802 9374 9333
1 2 3998 12028 9372
1 2 12028 390 12029
1 2 9372 12029 1937
1 2 12028 12029 9372
1 2 3232 9373 7606
1 2 9373 1937 12862
1 2 7606 12862 121
1 2 9373 12862 7606
1 2 3998 9372 9374
1 2 9372 1937 9373
1 2 9374 9373 3232
1 2 9372 9373 9374
1 2 389 5713 4611
1 2 5713 2164 7601
1 2 4611 7601 2877
1 2 5713 7601 4611
1 2 2164 6778 9151
1 2 6778 390 12028
1 2 9151 12028 3998
1 2 6778 12028 9151
1 2 2877 9152 11939
1 2 9152 3998 11802
1 2 11939 11802 391
1 2 9152 11802 11939
1 2 2164 9151 7601
1 2 9151 3998 9152
1 2 7601 9152 2877
1 2 9151 9152 7601
1 2 105 16425 15578
1 2 16425 3358 12018
1 2 15578 12018 2163
1 2 16425 12018 15578
1 2 3358 13934 12016
1 2 13934 598 12852
1 2 12016 12852 2751
1 2 13934 12852 12016
1 2 2163 12017 6777
1 2 12017 2751 15767
1 2 6777 15767 390
1 2 12017 15767 6777
1 2 3358 12016 12018
1 2 12016 2751 12017
1 2 12018 12017 2163
1 2 12016 12017 12018
1 2 598 16513 12850
1 2 16513 2161 12319
1 2 12850 12319 2750
1 2 16513 12319 12850
1 2 2161 14683 12317
1 2 14683 122 9903
1 2 12317 9903 3786
1 2 14683 9903 12317
1 2 2750 12318 9986
1 2 12318 3786 6128
1 2 9986 6128 599
1 2 12318 6128 9986
1 2 2161 12317 12319
1 2 12317 3786 12318
1 2 12319 12318 2750
1 2 12317 12318 12319
1 2 390 12247 12029
1 2 12247 1935 12248
1 2 12029 12248 1937
1 2 12247 12248 12029
1 2 1935 9987 14234
1 2 9987 599 14233
1 2 14234 14233 1936
1 2 9987 14233 14234
1 2 1937 16393 12862
1 2 16393 1936 16636
1 2 12862 16636 121
1 2 16393 16636 12862
1 2 1935 14234 12248
1 2 14234 1936 16393
1 2 12248 16393 1937
1 2 14234 16393 12248
1 2 598 12850 12852
1 2 12850 2750 12851
1 2 12852 12851 2751
1 2 12850 12851 12852
1 2 2750 9986 9988
1 2 9986 599 9987
1 2 9988 9987 1935
1 2 9986 9987 9988
1 2 2751 13676 15767
1 2 13676 1935 12247
1 2 15767 12247 390
1 2 13676 12247 15767
1 2 2750 9988 12851
1 2 9988 1935 13676
1 2 12851 13676 2751
1 2 9988 13676 12851
1 2 105 16424 16425
1 2 16424 3357 16180
1 2 16425 16180 3358
1 2 16424 16180 16425
1 2 3357 14226 15215
1 2 14226 454 15214
1 2 15215 15214 2199
1 2 14226 15214 15215
1 2 3358 14859 13934
1 2 14859 2199 14767
1 2 13934 14767 598
1 2 14859 14767 13934
1 2 3357 15215 16180
1 2 15215 2199 14859
1 2 16180 14859 3358
1 2 15215 14859 16180
1 2 454 4943 4945
1 2 4943 1649 4944
1 2 4945 4944 1651
1 2 4943 4944 4945
1 2 1649 12301 8432
1 2 12301 106 14762
1 2 8432 14762 1650
1 2 12301 14762 8432
1 2 1651 8433 4280
1 2 8433 1650 14629
1 2 4280 14629 442
1 2 8433 14629 4280
1 2 1649 8432 4944
1 2 8432 1650 8433
1 2 4944 8433 1651
1 2 8432 8433 4944
1 2 598 14766 16513
1 2 14766 2160 7421
1 2 16513 7421 2161
1 2 14766 7421 16513
1 2 2160 4281 7419
1 2 4281 442 14803
1 2 7419 14803 1907
1 2 4281 14803 7419
1 2 2161 7420 14683
1 2 7420 1907 15240
1 2 14683 15240 122
1 2 7420 15240 14683
1 2 2160 7419 7421
1 2 7419 1907 7420
1 2 7421 7420 2161
1 2 7419 7420 7421
1 2 454 4945 15214
1 2 4945 1651 15419
1 2 15214 15419 2199
1 2 4945 15419 15214
1 2 1651 4280 4282
1 2 4280 442 4281
1 2 4282 4281 2160
1 2 4280 4281 4282
1 2 2199 14765 14767
1 2 14765 2160 14766
1 2 14767 14766 598
1 2 14765 14766 14767
1 2 1651 4282 15419
1 2 4282 2160 14765
1 2 15419 14765 2199
1 2 4282 14765 15419
1 2 106 5787 14762
1 2 5787 1738 14761
1 2 14762 14761 1650
1 2 5787 14761 14762
1 2 1738 8794 8796
1 2 8794 440 8795
1 2 8796 8795 3330
1 2 8794 8795 8796
1 2 1650 14817 14629
1 2 14817 3330 6548
1 2 14629 6548 442
1 2 14817 6548 14629
1 2 1738 8796 14761
1 2 8796 3330 14817
1 2 14761 14817 1650
1 2 8796 14817 14761
1 2 440 4545 4547
1 2 4545 3633 4546
1 2 4547 4546 3635
1 2 4545 4546 4547
1 2 3633 14310 12087
1 2 14310 123 7329
1 2 12087 7329 3634
1 2 14310 7329 12087
1 2 3635 8674 5478
1 2 8674 3634 8675
1 2 5478 8675 441
1 2 8674 8675 5478
1 2 3633 12087 4546
1 2 12087 3634 8674
1 2 4546 8674 3635
1 2 12087 8674 4546
1 2 442 6547 14803
1 2 6547 1905 15753
1 2 14803 15753 1907
1 2 6547 15753 14803
1 2 1905 5479 15698
1 2 5479 441 8480
1 2 15698 8480 1906
1 2 5479 8480 15698
1 2 1907 15238 15240
1 2 15238 1906 15239
1 2 15240 15239 122
1 2 15238 15239 15240
1 2 1905 15698 15753
1 2 15698 1906 15238
1 2 15753 15238 1907
1 2 15698 15238 15753
1 2 440 4547 8795
1 2 4547 3635 11606
1 2 8795 11606 3330
1 2 4547 11606 8795
1 2 3635 5478 5480
1 2 5478 441 5479
1 2 5480 5479 1905
1 2 5478 5479 5480
1 2 3330 6546 6548
1 2 6546 1905 6547
1 2 6548 6547 442
1 2 6546 6547 6548
1 2 3635 5480 11606
1 2 5480 1905 6546
1 2 11606 6546 3330
1 2 5480 6546 11606
1 2 106 5785 5787
1 2 5785 1736 5786
1 2 5787 5786 1738
1 2 5785 5786 5787
1 2 1736 11816 11818
1 2 11816 693 11817
1 2 11818 11817 1737
1 2 11816 11817 11818
1 2 1738 14614 8794
1 2 14614 1737 15947
1 2 8794 15947 440
1 2 14614 15947 8794
1 2 1736 11818 5786
1 2 11818 1737 14614
1 2 5786 14614 1738
1 2 11818 14614 5786
1 2 693 5299 5301
1 2 5299 1824 5300
1 2 5301 5300 1826
1 2 5299 5300 5301
1 2 1824 8860 11116
1 2 8860 107 11115
1 2 11116 11115 1825
1 2 8860 11115 11116
1 2 1826 11593 9941
1 2 11593 1825 11594
1 2 9941 11594 694
1 2 11593 11594 9941
1 2 1824 11116 5300
1 2 11116 1825 11593
1 2 5300 11593 1826
1 2 11116 11593 5300
1 2 440 7532 4545
1 2 7532 2357 4862
1 2 4545 4862 3633
1 2 7532 4862 4545
1 2 2357 9942 4860
1 2 9942 694 16011
1 2 4860 16011 3663
1 2 9942 16011 4860
1 2 3633 4861 14310
1 2 4861 3663 14309
1 2 14310 14309 123
1 2 4861 14309 14310
1 2 2357 4860 4862
1 2 4860 3663 4861
1 2 4862 4861 3633
1 2 4860 4861 4862
1 2 693 5301 11817
1 2 5301 1826 12832
1 2 11817 12832 1737
1 2 5301 12832 11817
1 2 1826 9941 9943
1 2 9941 694 9942
1 2 9943 9942 2357
1 2 9941 9942 9943
1 2 1737 15860 15947
1 2 15860 2357 7532
1 2 15947 7532 440
1 2 15860 7532 15947
1 2 1826 9943 12832
1 2 9943 2357 15860
1 2 12832 15860 1737
1 2 9943 15860 12832
1 2 107 15354 11115
1 2 15354 3691 15104
1 2 11115 15104 1825
1 2 15354 15104 11115
1 2 3691 15901 15103
1 2 15901 1041 4720
1 2 15103 4720 3824
1 2 15901 4720 15103
1 2 1825 11958 11594
1 2 11958 3824 10785
1 2 11594 10785 694
1 2 11958 10785 11594
1 2 3691 15103 15104
1 2 15103 3824 11958
1 2 15104 11958 1825
1 2 15103 11958 15104
1 2 1041 12957 4718
1 2 12957 3979 9902
1 2 4718 9902 4013
1 2 12957 9902 4718
1 2 3979 6954 9900
1 2 6954 124 6441
1 2 9900 6441 3618
1 2 6954 6441 9900
1 2 4013 9901 10733
1 2 9901 3618 12221
1 2 10733 12221 610
1 2 9901 12221 10733
1 2 3979 9900 9902
1 2 9900 3618 9901
1 2 9902 9901 4013
1 2 9900 9901 9902
1 2 694 10784 16011
1 2 10784 4014 16010
1 2 16011 16010 3663
1 2 10784 16010 16011
1 2 4014 7107 7109
1 2 7107 610 7108
1 2 7109 7108 2108
1 2 7107 7108 7109
1 2 3663 14495 14309
1 2 14495 2108 14496
1 2 14309 14496 123
1 2 14495 14496 14309
1 2 4014 7109 16010
1 2 7109 2108 14495
1 2 16010 14495 3663
1 2 7109 14495 16010
1 2 1041 4718 4720
1 2 4718 4013 4719
1 2 4720 4719 3824
1 2 4718 4719 4720
1 2 4013 10733 10734
1 2 10733 610 7107
1 2 10734 7107 4014
1 2 10733 7107 10734
1 2 3824 10783 10785
1 2 10783 4014 10784
1 2 10785 10784 694
1 2 10783 10784 10785
1 2 4013 10734 4719
1 2 10734 4014 10783
1 2 4719 10783 3824
1 2 10734 10783 4719
1 2 107 12323 15354
1 2 12323 3013 11310
1 2 15354 11310 3691
1 2 12323 11310 15354
1 2 3013 14186 11308
1 2 14186 347 14187
1 2 11308 14187 3470
1 2 14186 14187 11308
1 2 3691 11309 15901
1 2 11309 3470 16227
1 2 15901 16227 1041
1 2 11309 16227 15901
1 2 3013 11308 11310
1 2 11308 3470 11309
1 2 11310 11309 3691
1 2 11308 11309 11310
1 2 347 8748 8749
1 2 8748 2224 7371
1 2 8749 7371 3468
1 2 8748 7371 8749
1 2 2224 6265 6267
1 2 6265 108 6266
1 2 6267 6266 3589
1 2 6265 6266 6267
1 2 3468 7370 13063
1 2 7370 3589 16630
1 2 13063 16630 1040
1 2 7370 16630 13063
1 2 2224 6267 7371
1 2 6267 3589 7370
1 2 7371 7370 3468
1 2 6267 7370 7371
1 2 1041 12956 12957
1 2 12956 3469 5467
1 2 12957 5467 3979
1 2 12956 5467 12957
1 2 3469 5413 5415
1 2 5413 1040 5414
1 2 5415 5414 3772
1 2 5413 5414 5415
1 2 3979 5466 6954
1 2 5466 3772 6953
1 2 6954 6953 124
1 2 5466 6953 6954
1 2 3469 5415 5467
1 2 5415 3772 5466
1 2 5467 5466 3979
1 2 5415 5466 5467
1 2 347 8749 14187
1 2 8749 3468 15711
1 2 14187 15711 3470
1 2 8749 15711 14187
1 2 3468 13063 13064
1 2 13063 1040 5413
1 2 13064 5413 3469
1 2 13063 5413 13064
1 2 3470 16587 16227
1 2 16587 3469 12956
1 2 16227 12956 1041
1 2 16587 12956 16227
1 2 3468 13064 15711
1 2 13064 3469 16587
1 2 15711 16587 3470
1 2 13064 16587 15711
1 2 108 10213 6266
1 2 10213 2506 10374
1 2 6266 10374 3589
1 2 10213 10374 6266
1 2 2506 10491 10372
1 2 10491 703 6729
1 2 10372 6729 3372
1 2 10491 6729 10372
1 2 3589 10373 16630
1 2 10373 3372 14236
1 2 16630 14236 1040
1 2 10373 14236 16630
1 2 2506 10372 10374
1 2 10372 3372 10373
1 2 10374 10373 3589
1 2 10372 10373 10374
1 2 703 5298 6727
1 2 5298 1343 15583
1 2 6727 15583 1345
1 2 5298 15583 6727
1 2 1343 11244 11246
1 2 11244 125 11245
1 2 11246 11245 1344
1 2 11244 11245 11246
1 2 1345 15969 15677
1 2 15969 1344 12637
1 2 15677 12637 923
1 2 15969 12637 15677
1 2 1343 11246 15583
1 2 11246 1344 15969
1 2 15583 15969 1345
1 2 11246 15969 15583
1 2 1040 14235 5414
1 2 14235 3371 8401
1 2 5414 8401 3772
1 2 14235 8401 5414
1 2 3371 15678 8399
1 2 15678 923 11189
1 2 8399 11189 2515
1 2 15678 11189 8399
1 2 3772 8400 6953
1 2 8400 2515 14792
1 2 6953 14792 124
1 2 8400 14792 6953
1 2 3371 8399 8401
1 2 8399 2515 8400
1 2 8401 8400 3772
1 2 8399 8400 8401
1 2 703 6727 6729
1 2 6727 1345 6728
1 2 6729 6728 3372
1 2 6727 6728 6729
1 2 1345 15677 10250
1 2 15677 923 15678
1 2 10250 15678 3371
1 2 15677 15678 10250
1 2 3372 10251 14236
1 2 10251 3371 14235
1 2 14236 14235 1040
1 2 10251 14235 14236
1 2 1345 10250 6728
1 2 10250 3371 10251
1 2 6728 10251 3372
1 2 10250 10251 6728
1 2 108 10212 10213
1 2 10212 1747 4627
1 2 10213 4627 2506
1 2 10212 4627 10213
1 2 1747 11779 4625
1 2 11779 701 6578
1 2 4625 6578 2505
1 2 11779 6578 4625
1 2 2506 4626 10491
1 2 4626 2505 11368
1 2 10491 11368 703
1 2 4626 11368 10491
1 2 1747 4625 4627
1 2 4625 2505 4626
1 2 4627 4626 2506
1 2 4625 4626 4627
1 2 701 13271 6576
1 2 13271 1609 13272
1 2 6576 13272 2053
1 2 13271 13272 6576
1 2 1609 8444 8445
1 2 8444 109 6127
1 2 8445 6127 2052
1 2 8444 6127 8445
1 2 2053 15913 14181
1 2 15913 2052 15914
1 2 14181 15914 702
1 2 15913 15914 14181
1 2 1609 8445 13272
1 2 8445 2052 15913
1 2 13272 15913 2053
1 2 8445 15913 13272
1 2 703 5296 5298
1 2 5296 2970 5297
1 2 5298 5297 1343
1 2 5296 5297 5298
1 2 2970 14182 13197
1 2 14182 702 4315
1 2 13197 4315 3442
1 2 14182 4315 13197
1 2 1343 13198 11244
1 2 13198 3442 13355
1 2 11244 13355 125
1 2 13198 13355 11244
1 2 2970 13197 5297
1 2 13197 3442 13198
1 2 5297 13198 1343
1 2 13197 13198 5297
1 2 701 6576 6578
1 2 6576 2053 6577
1 2 6578 6577 2505
1 2 6576 6577 6578
1 2 2053 14181 10988
1 2 14181 702 14182
1 2 10988 14182 2970
1 2 14181 14182 10988
1 2 2505 10989 11368
1 2 10989 2970 5296
1 2 11368 5296 703
1 2 10989 5296 11368
1 2 2053 10988 6577
1 2 10988 2970 10989
1 2 6577 10989 2505
1 2 10988 10989 6577
1 2 109 6125 6127
1 2 6125 1630 6126
1 2 6127 6126 2052
1 2 6125 6126 6127
1 2 1630 5631 5633
1 2 5631 814 5632
1 2 5633 5632 2732
1 2 5631 5632 5633
1 2 2052 15029 15914
1 2 15029 2732 13303
1 2 15914 13303 702
1 2 15029 13303 15914
1 2 1630 5633 6126
1 2 5633 2732 15029
1 2 6126 15029 2052
1 2 5633 15029 6126
1 2 814 4810 4812
1 2 4810 2945 4811
1 2 4812 4811 2730
1 2 4810 4811 4812
1 2 2945 5625 5627
1 2 5625 126 5626
1 2 5627 5626 1119
1 2 5625 5626 5627
1 2 2730 11637 15212
1 2 11637 1119 7258
1 2 15212 7258 747
1 2 11637 7258 15212
1 2 2945 5627 4811
1 2 5627 1119 11637
1 2 4811 11637 2730
1 2 5627 11637 4811
1 2 702 4313 4315
1 2 4313 2731 4314
1 2 4315 4314 3442
1 2 4313 4314 4315
1 2 2731 15213 15885
1 2 15213 747 9644
1 2 15885 9644 3609
1 2 15213 9644 15885
1 2 3442 15646 13355
1 2 15646 3609 7386
1 2 13355 7386 125
1 2 15646 7386 13355
1 2 2731 15885 4314
1 2 15885 3609 15646
1 2 4314 15646 3442
1 2 15885 15646 4314
1 2 814 4812 5632
1 2 4812 2730 8153
1 2 5632 8153 2732
1 2 4812 8153 5632
1 2 2730 15212 10106
1 2 15212 747 15213
1 2 10106 15213 2731
1 2 15212 15213 10106
1 2 2732 10107 13303
1 2 10107 2731 4313
1 2 13303 4313 702
1 2 10107 4313 13303
1 2 2730 10106 8153
1 2 10106 2731 10107
1 2 8153 10107 2732
1 2 10106 10107 8153
1 2 109 12674 6125
1 2 12674 1628 15575
1 2 6125 15575 1630
1 2 12674 15575 6125
1 2 1628 10978 13488
1 2 10978 491 13487
1 2 13488 13487 1629
1 2 10978 13487 13488
1 2 1630 12697 5631
1 2 12697 1629 12698
1 2 5631 12698 814
1 2 12697 12698 5631
1 2 1628 13488 15575
1 2 13488 1629 12697
1 2 15575 12697 1630
1 2 13488 12697 15575
1 2 491 9807 13292
1 2 9807 1625 13291
1 2 13292 13291 1627
1 2 9807 13291 13292
1 2 1625 4985 5993
1 2 4985 110 4918
1 2 5993 4918 1626
1 2 4985 4918 5993
1 2 1627 13576 7803
1 2 13576 1626 5382
1 2 7803 5382 813
1 2 13576 5382 7803
1 2 1625 5993 13291
1 2 5993 1626 13576
1 2 13291 13576 1627
1 2 5993 13576 13291
1 2 814 15602 4810
1 2 15602 2943 16091
1 2 4810 16091 2945
1 2 15602 16091 4810
1 2 2943 7804 11662
1 2 7804 813 8899
1 2 11662 8899 2944
1 2 7804 8899 11662
1 2 2945 15292 5625
1 2 15292 2944 13038
1 2 5625 13038 126
1 2 15292 13038 5625
1 2 2943 11662 16091
1 2 11662 2944 15292
1 2 16091 15292 2945
1 2 11662 15292 16091
1 2 491 13292 13487
1 2 13292 1627 13092
1 2 13487 13092 1629
1 2 13292 13092 13487
1 2 1627 7803 7805
1 2 7803 813 7804
1 2 7805 7804 2943
1 2 7803 7804 7805
1 2 1629 13091 12698
1 2 13091 2943 15602
1 2 12698 15602 814
1 2 13091 15602 12698
1 2 1627 7805 13092
1 2 7805 2943 13091
1 2 13092 13091 1629
1 2 7805 13091 13092
1 2 110 4916 4918
1 2 4916 1505 4917
1 2 4918 4917 1626
1 2 4916 4917 4918
1 2 1505 13823 16351
1 2 13823 476 14192
1 2 16351 14192 1636
1 2 13823 14192 16351
1 2 1626 5380 5382
1 2 5380 1636 5381
1 2 5382 5381 813
1 2 5380 5381 5382
1 2 1505 16351 4917
1 2 16351 1636 5380
1 2 4917 5380 1626
1 2 16351 5380 4917
1 2 476 4483 4485
1 2 4483 4122 4484
1 2 4485 4484 1634
1 2 4483 4484 4485
1 2 4122 12804 15286
1 2 12804 127 13836
1 2 15286 13836 2561
1 2 12804 13836 15286
1 2 1634 7032 6692
1 2 7032 2561 7033
1 2 6692 7033 999
1 2 7032 7033 6692
1 2 4122 15286 4484
1 2 15286 2561 7032
1 2 4484 7032 1634
1 2 15286 7032 4484
1 2 813 7369 8899
1 2 7369 1635 8898
1 2 8899 8898 2944
1 2 7369 8898 8899
1 2 1635 6693 16327
1 2 6693 999 14980
1 2 16327 14980 4169
1 2 6693 14980 16327
1 2 2944 13036 13038
1 2 13036 4169 13037
1 2 13038 13037 126
1 2 13036 13037 13038
1 2 1635 16327 8898
1 2 16327 4169 13036
1 2 8898 13036 2944
1 2 16327 13036 8898
1 2 476 4485 14192
1 2 4485 1634 14191
1 2 14192 14191 1636
1 2 4485 14191 14192
1 2 1634 6692 6694
1 2 6692 999 6693
1 2 6694 6693 1635
1 2 6692 6693 6694
1 2 1636 7368 5381
1 2 7368 1635 7369
1 2 5381 7369 813
1 2 7368 7369 5381
1 2 1634 6694 14191
1 2 6694 1635 7368
1 2 14191 7368 1636
1 2 6694 7368 14191
1 2 110 12917 4916
1 2 12917 1504 5825
1 2 4916 5825 1505
1 2 12917 5825 4916
1 2 1504 12541 5823
1 2 12541 474 10748
1 2 5823 10748 1351
1 2 12541 10748 5823
1 2 1505 5824 13823
1 2 5824 1351 13822
1 2 13823 13822 476
1 2 5824 13822 13823
1 2 1504 5823 5825
1 2 5823 1351 5824
1 2 5825 5824 1505
1 2 5823 5824 5825
1 2 474 6626 10638
1 2 6626 2683 5797
1 2 10638 5797 1349
1 2 6626 5797 10638
1 2 2683 4341 5440
1 2 4341 111 5439
1 2 5440 5439 2787
1 2 4341 5439 5440
1 2 1349 5796 15718
1 2 5796 2787 15717
1 2 15718 15717 475
1 2 5796 15717 15718
1 2 2683 5440 5797
1 2 5440 2787 5796
1 2 5797 5796 1349
1 2 5440 5796 5797
1 2 476 10408 4483
1 2 10408 1350 10409
1 2 4483 10409 4122
1 2 10408 10409 4483
1 2 1350 12702 11644
1 2 12702 475 12703
1 2 11644 12703 2776
1 2 12702 12703 11644
1 2 4122 11645 12804
1 2 11645 2776 12803
1 2 12804 12803 127
1 2 11645 12803 12804
1 2 1350 11644 10409
1 2 11644 2776 11645
1 2 10409 11645 4122
1 2 11644 11645 10409
1 2 474 10638 10748
1 2 10638 1349 10747
1 2 10748 10747 1351
1 2 10638 10747 10748
1 2 1349 15718 16088
1 2 15718 475 12702
1 2 16088 12702 1350
1 2 15718 12702 16088
1 2 1351 16171 13822
1 2 16171 1350 10408
1 2 13822 10408 476
1 2 16171 10408 13822
1 2 1349 16088 10747
1 2 16088 1350 16171
1 2 10747 16171 1351
1 2 16088 16171 10747
1 2 111 5499 5439
1 2 5499 3669 5500
1 2 5439 5500 2787
1 2 5499 5500 5439
1 2 3669 16126 11898
1 2 16126 512 11216
1 2 11898 11216 3931
1 2 16126 11216 11898
1 2 2787 11899 15717
1 2 11899 3931 11688
1 2 15717 11688 475
1 2 11899 11688 15717
1 2 3669 11898 5500
1 2 11898 3931 11899
1 2 5500 11899 2787
1 2 11898 11899 5500
1 2 512 6046 8317
1 2 6046 2739 8316
1 2 8317 8316 2741
1 2 6046 8316 8317
1 2 2739 13998 9718
1 2 13998 128 13999
1 2 9718 13999 2740
1 2 13998 13999 9718
1 2 2741 9719 12481
1 2 9719 2740 10276
1 2 12481 10276 807
1 2 9719 10276 12481
1 2 2739 9718 8316
1 2 9718 2740 9719
1 2 8316 9719 2741
1 2 9718 9719 8316
1 2 475 11687 12703
1 2 11687 2774 13511
1 2 12703 13511 2776
1 2 11687 13511 12703
1 2 2774 16027 13509
1 2 16027 807 6883
1 2 13509 6883 2775
1 2 16027 6883 13509
1 2 2776 13510 12803
1 2 13510 2775 14250
1 2 12803 14250 127
1 2 13510 14250 12803
1 2 2774 13509 13511
1 2 13509 2775 13510
1 2 13511 13510 2776
1 2 13509 13510 13511
1 2 512 8317 11216
1 2 8317 2741 11215
1 2 11216 11215 3931
1 2 8317 11215 11216
1 2 2741 12481 11484
1 2 12481 807 16027
1 2 11484 16027 2774
1 2 12481 16027 11484
1 2 3931 11485 11688
1 2 11485 2774 11687
1 2 11688 11687 475
1 2 11485 11687 11688
1 2 2741 11484 11215
1 2 11484 2774 11485
1 2 11215 11485 3931
1 2 11484 11485 11215
1 2 111 8803 5499
1 2 8803 3667 15651
1 2 5499 15651 3669
1 2 8803 15651 5499
1 2 3667 12557 12559
1 2 12557 382 12558
1 2 12559 12558 3668
1 2 12557 12558 12559
1 2 3669 15650 16126
1 2 15650 3668 14132
1 2 16126 14132 512
1 2 15650 14132 16126
1 2 3667 12559 15651
1 2 12559 3668 15650
1 2 15651 15650 3669
1 2 12559 15650 15651
1 2 382 8300 8302
1 2 8300 3496 8301
1 2 8302 8301 3498
1 2 8300 8301 8302
1 2 3496 5504 5506
1 2 5504 112 5505
1 2 5506 5505 3497
1 2 5504 5505 5506
1 2 3498 10816 14541
1 2 10816 3497 14540
1 2 14541 14540 511
1 2 10816 14540 14541
1 2 3496 5506 8301
1 2 5506 3497 10816
1 2 8301 10816 3498
1 2 5506 10816 8301
1 2 512 6044 6046
1 2 6044 3278 6045
1 2 6046 6045 2739
1 2 6044 6045 6046
1 2 3278 15840 9561
1 2 15840 511 8530
1 2 9561 8530 2599
1 2 15840 8530 9561
1 2 2739 9562 13998
1 2 9562 2599 13826
1 2 13998 13826 128
1 2 9562 13826 13998
1 2 3278 9561 6045
1 2 9561 2599 9562
1 2 6045 9562 2739
1 2 9561 9562 6045
1 2 382 8302 12558
1 2 8302 3498 13326
1 2 12558 13326 3668
1 2 8302 13326 12558
1 2 3498 14541 13324
1 2 14541 511 15840
1 2 13324 15840 3278
1 2 14541 15840 13324
1 2 3668 13325 14132
1 2 13325 3278 6044
1 2 14132 6044 512
1 2 13325 6044 14132
1 2 3498 13324 13326
1 2 13324 3278 13325
1 2 13326 13325 3668
1 2 13324 13325 13326
1 2 112 16404 5505
1 2 16404 3871 9842
1 2 5505 9842 3497
1 2 16404 9842 5505
1 2 3871 5266 9840
1 2 5266 764 6017
1 2 9840 6017 3941
1 2 5266 6017 9840
1 2 3497 9841 14540
1 2 9841 3941 8102
1 2 14540 8102 511
1 2 9841 8102 14540
1 2 3871 9840 9842
1 2 9840 3941 9841
1 2 9842 9841 3497
1 2 9840 9841 9842
1 2 764 11017 6015
1 2 11017 3195 13795
1 2 6015 13795 3995
1 2 11017 13795 6015
1 2 3195 9679 9681
1 2 9679 129 9680
1 2 9681 9680 2476
1 2 9679 9680 9681
1 2 3995 14833 6921
1 2 14833 2476 8944
1 2 6921 8944 970
1 2 14833 8944 6921
1 2 3195 9681 13795
1 2 9681 2476 14833
1 2 13795 14833 3995
1 2 9681 14833 13795
1 2 511 8101 8530
1 2 8101 2598 8529
1 2 8530 8529 2599
1 2 8101 8529 8530
1 2 2598 6922 14222
1 2 6922 970 15314
1 2 14222 15314 2328
1 2 6922 15314 14222
1 2 2599 13825 13826
1 2 13825 2328 11187
1 2 13826 11187 128
1 2 13825 11187 13826
1 2 2598 14222 8529
1 2 14222 2328 13825
1 2 8529 13825 2599
1 2 14222 13825 8529
1 2 764 6015 6017
1 2 6015 3995 6016
1 2 6017 6016 3941
1 2 6015 6016 6017
1 2 3995 6921 6923
1 2 6921 970 6922
1 2 6923 6922 2598
1 2 6921 6922 6923
1 2 3941 8100 8102
1 2 8100 2598 8101
1 2 8102 8101 511
1 2 8100 8101 8102
1 2 3995 6923 6016
1 2 6923 2598 8100
1 2 6016 8100 3941
1 2 6923 8100 6016
1 2 112 7088 16404
1 2 7088 1525 10662
1 2 16404 10662 3871
1 2 7088 10662 16404
1 2 1525 4831 10661
1 2 4831 762 13102
1 2 10661 13102 3601
1 2 4831 13102 10661
1 2 3871 5264 5266
1 2 5264 3601 5265
1 2 5266 5265 764
1 2 5264 5265 5266
1 2 1525 10661 10662
1 2 10661 3601 5264
1 2 10662 5264 3871
1 2 10661 5264 10662
1 2 762 9311 9313
1 2 9311 3120 9312
1 2 9313 9312 3122
1 2 9311 9312 9313
1 2 3120 11450 12820
1 2 11450 113 12819
1 2 12820 12819 3121
1 2 11450 12819 12820
1 2 3122 16449 15425
1 2 16449 3121 9692
1 2 15425 9692 763
1 2 16449 9692 15425
1 2 3120 12820 9312
1 2 12820 3121 16449
1 2 9312 16449 3122
1 2 12820 16449 9312
1 2 764 11016 11017
1 2 11016 3194 8667
1 2 11017 8667 3195
1 2 11016 8667 11017
1 2 3194 14373 8665
1 2 14373 763 10335
1 2 8665 10335 2556
1 2 14373 10335 8665
1 2 3195 8666 9679
1 2 8666 2556 12416
1 2 9679 12416 129
1 2 8666 12416 9679
1 2 3194 8665 8667
1 2 8665 2556 8666
1 2 8667 8666 3195
1 2 8665 8666 8667
1 2 762 9313 13102
1 2 9313 3122 8659
1 2 13102 8659 3601
1 2 9313 8659 13102
1 2 3122 15425 8657
1 2 15425 763 14373
1 2 8657 14373 3194
1 2 15425 14373 8657
1 2 3601 8658 5265
1 2 8658 3194 11016
1 2 5265 11016 764
1 2 8658 11016 5265
1 2 3122 8657 8659
1 2 8657 3194 8658
1 2 8659 8658 3601
1 2 8657 8658 8659
1 2 113 13728 12819
1 2 13728 3004 13729
1 2 12819 13729 3121
1 2 13728 13729 12819
1 2 3004 5388 14642
1 2 5388 597 14641
1 2 14642 14641 3207
1 2 5388 14641 14642
1 2 3121 9690 9692
1 2 9690 3207 9691
1 2 9692 9691 763
1 2 9690 9691 9692
1 2 3004 14642 13729
1 2 14642 3207 9690
1 2 13729 9690 3121
1 2 14642 9690 13729
1 2 597 8728 14684
1 2 8728 3727 16244
1 2 14684 16244 4068
1 2 8728 16244 14684
1 2 3727 9131 16552
1 2 9131 130 15448
1 2 16552 15448 1134
1 2 9131 15448 16552
1 2 4068 15823 10937
1 2 15823 1134 15824
1 2 10937 15824 1071
1 2 15823 15824 10937
1 2 3727 16552 16244
1 2 16552 1134 15823
1 2 16244 15823 4068
1 2 16552 15823 16244
1 2 763 10333 10335
1 2 10333 2554 10334
1 2 10335 10334 2556
1 2 10333 10334 10335
1 2 2554 10938 15965
1 2 10938 1071 15964
1 2 15965 15964 2555
1 2 10938 15964 15965
1 2 2556 15772 12416
1 2 15772 2555 15429
1 2 12416 15429 129
1 2 15772 15429 12416
1 2 2554 15965 10334
1 2 15965 2555 15772
1 2 10334 15772 2556
1 2 15965 15772 10334
1 2 597 14684 14641
1 2 14684 4068 14685
1 2 14641 14685 3207
1 2 14684 14685 14641
1 2 4068 10937 10939
1 2 10937 1071 10938
1 2 10939 10938 2554
1 2 10937 10938 10939
1 2 3207 14116 9691
1 2 14116 2554 10333
1 2 9691 10333 763
1 2 14116 10333 9691
1 2 4068 10939 14685
1 2 10939 2554 14116
1 2 14685 14116 3207
1 2 10939 14116 14685
1 2 113 14348 13728
1 2 14348 3002 13308
1 2 13728 13308 3004
1 2 14348 13308 13728
1 2 3002 5803 5805
1 2 5803 503 5804
1 2 5805 5804 3003
1 2 5803 5804 5805
1 2 3004 5386 5388
1 2 5386 3003 5387
1 2 5388 5387 597
1 2 5386 5387 5388
1 2 3002 5805 13308
1 2 5805 3003 5386
1 2 13308 5386 3004
1 2 5805 5386 13308
1 2 503 9618 11080
1 2 9618 3322 7321
1 2 11080 7321 3156
1 2 9618 7321 11080
1 2 3322 5606 7319
1 2 5606 114 12492
1 2 7319 12492 1124
1 2 5606 12492 7319
1 2 3156 7320 7203
1 2 7320 1124 14146
1 2 7203 14146 596
1 2 7320 14146 7203
1 2 3322 7319 7321
1 2 7319 1124 7320
1 2 7321 7320 3156
1 2 7319 7320 7321
1 2 597 6062 8728
1 2 6062 3157 8727
1 2 8728 8727 3727
1 2 6062 8727 8728
1 2 3157 7204 13711
1 2 7204 596 14515
1 2 13711 14515 3726
1 2 7204 14515 13711
1 2 3727 9129 9131
1 2 9129 3726 9130
1 2 9131 9130 130
1 2 9129 9130 9131
1 2 3157 13711 8727
1 2 13711 3726 9129
1 2 8727 9129 3727
1 2 13711 9129 8727
1 2 503 11080 5804
1 2 11080 3156 15037
1 2 5804 15037 3003
1 2 11080 15037 5804
1 2 3156 7203 7205
1 2 7203 596 7204
1 2 7205 7204 3157
1 2 7203 7204 7205
1 2 3003 6061 5387
1 2 6061 3157 6062
1 2 5387 6062 597
1 2 6061 6062 5387
1 2 3156 7205 15037
1 2 7205 3157 6061
1 2 15037 6061 3003
1 2 7205 6061 15037
1 2 114 12490 12492
1 2 12490 1122 12491
1 2 12492 12491 1124
1 2 12490 12491 12492
1 2 1122 4516 4518
1 2 4516 746 4517
1 2 4518 4517 1123
1 2 4516 4517 4518
1 2 1124 14145 14146
1 2 14145 1123 5680
1 2 14146 5680 596
1 2 14145 5680 14146
1 2 1122 4518 12491
1 2 4518 1123 14145
1 2 12491 14145 1124
1 2 4518 14145 12491
1 2 746 14077 15369
1 2 14077 2336 11796
1 2 15369 11796 2180
1 2 14077 11796 15369
1 2 2336 6162 11795
1 2 6162 131 5005
1 2 11795 5005 2716
1 2 6162 5005 11795
1 2 2180 4548 4550
1 2 4548 2716 4549
1 2 4550 4549 477
1 2 4548 4549 4550
1 2 2336 11795 11796
1 2 11795 2716 4548
1 2 11796 4548 2180
1 2 11795 4548 11796
1 2 596 5679 14515
1 2 5679 2181 7154
1 2 14515 7154 3726
1 2 5679 7154 14515
1 2 2181 12881 7152
1 2 12881 477 15786
1 2 7152 15786 3478
1 2 12881 15786 7152
1 2 3726 7153 9130
1 2 7153 3478 16139
1 2 9130 16139 130
1 2 7153 16139 9130
1 2 2181 7152 7154
1 2 7152 3478 7153
1 2 7154 7153 3726
1 2 7152 7153 7154
1 2 746 15369 4517
1 2 15369 2180 4366
1 2 4517 4366 1123
1 2 15369 4366 4517
1 2 2180 4550 4364
1 2 4550 477 12881
1 2 4364 12881 2181
1 2 4550 12881 4364
1 2 1123 4365 5680
1 2 4365 2181 5679
1 2 5680 5679 596
1 2 4365 5679 5680
1 2 2180 4364 4366
1 2 4364 2181 4365
1 2 4366 4365 1123
1 2 4364 4365 4366
1 2 114 14565 12490
1 2 14565 2150 14566
1 2 12490 14566 1122
1 2 14565 14566 12490
1 2 2150 13876 14785
1 2 13876 815 10945
1 2 14785 10945 2151
1 2 13876 10945 14785
1 2 1122 5874 4516
1 2 5874 2151 5875
1 2 4516 5875 746
1 2 5874 5875 4516
1 2 2150 14785 14566
1 2 14785 2151 5874
1 2 14566 5874 1122
1 2 14785 5874 14566
1 2 815 16431 10943
1 2 16431 1352 16621
1 2 10943 16621 1354
1 2 16431 16621 10943
1 2 1352 16119 16120
1 2 16119 115 9517
1 2 16120 9517 1353
1 2 16119 9517 16120
1 2 1354 11039 10344
1 2 11039 1353 11040
1 2 10344 11040 816
1 2 11039 11040 10344
1 2 1352 16120 16621
1 2 16120 1353 11039
1 2 16621 11039 1354
1 2 16120 11039 16621
1 2 746 14075 14077
1 2 14075 2334 14076
1 2 14077 14076 2336
1 2 14075 14076 14077
1 2 2334 10345 14301
1 2 10345 816 14300
1 2 14301 14300 2335
1 2 10345 14300 14301
1 2 2336 6160 6162
1 2 6160 2335 6161
1 2 6162 6161 131
1 2 6160 6161 6162
1 2 2334 14301 14076
1 2 14301 2335 6160
1 2 14076 6160 2336
1 2 14301 6160 14076
1 2 815 10943 10945
1 2 10943 1354 10944
1 2 10945 10944 2151
1 2 10943 10944 10945
1 2 1354 10344 10346
1 2 10344 816 10345
1 2 10346 10345 2334
1 2 10344 10345 10346
1 2 2151 12266 5875
1 2 12266 2334 14075
1 2 5875 14075 746
1 2 12266 14075 5875
1 2 1354 10346 10944
1 2 10346 2334 12266
1 2 10944 12266 2151
1 2 10346 12266 10944
1 2 115 9515 9517
1 2 9515 2589 9516
1 2 9517 9516 1353
1 2 9515 9516 9517
1 2 2589 15017 15018
1 2 15017 885 14739
1 2 15018 14739 2590
1 2 15017 14739 15018
1 2 1353 12234 11040
1 2 12234 2590 12235
1 2 11040 12235 816
1 2 12234 12235 11040
1 2 2589 15018 9516
1 2 15018 2590 12234
1 2 9516 12234 1353
1 2 15018 12234 9516
1 2 885 10765 10767
1 2 10765 3570 10766
1 2 10767 10766 3571
1 2 10765 10766 10767
1 2 3570 11785 15211
1 2 11785 132 16299
1 2 15211 16299 2758
1 2 11785 16299 15211
1 2 3571 13705 13707
1 2 13705 2758 13706
1 2 13707 13706 994
1 2 13705 13706 13707
1 2 3570 15211 10766
1 2 15211 2758 13705
1 2 10766 13705 3571
1 2 15211 13705 10766
1 2 816 14811 14300
1 2 14811 3946 9454
1 2 14300 9454 2335
1 2 14811 9454 14300
1 2 3946 14786 9453
1 2 14786 994 10426
1 2 9453 10426 3312
1 2 14786 10426 9453
1 2 2335 8729 6161
1 2 8729 3312 8730
1 2 6161 8730 131
1 2 8729 8730 6161
1 2 3946 9453 9454
1 2 9453 3312 8729
1 2 9454 8729 2335
1 2 9453 8729 9454
1 2 885 10767 14739
1 2 10767 3571 14738
1 2 14739 14738 2590
1 2 10767 14738 14739
1 2 3571 13707 16439
1 2 13707 994 14786
1 2 16439 14786 3946
1 2 13707 14786 16439
1 2 2590 14810 12235
1 2 14810 3946 14811
1 2 12235 14811 816
1 2 14810 14811 12235
1 2 3571 16439 14738
1 2 16439 3946 14810
1 2 14738 14810 2590
1 2 16439 14810 14738
1 2 115 13133 9515
1 2 13133 3419 13134
1 2 9515 13134 2589
1 2 13133 13134 9515
1 2 3419 8073 8075
1 2 8073 884 8074
1 2 8075 8074 1556
1 2 8073 8074 8075
1 2 2589 15697 15017
1 2 15697 1556 16173
1 2 15017 16173 885
1 2 15697 16173 15017
1 2 3419 8075 13134
1 2 8075 1556 15697
1 2 13134 15697 2589
1 2 8075 15697 13134
1 2 884 10287 13599
1 2 10287 2246 13598
1 2 13599 13598 1554
1 2 10287 13598 13599
1 2 2246 9067 13169
1 2 9067 116 9549
1 2 13169 9549 3966
1 2 9067 9549 13169
1 2 1554 16013 16385
1 2 16013 3966 9850
1 2 16385 9850 790
1 2 16013 9850 16385
1 2 2246 13169 13598
1 2 13169 3966 16013
1 2 13598 16013 1554
1 2 13169 16013 13598
1 2 885 15660 10765
1 2 15660 1555 9245
1 2 10765 9245 3570
1 2 15660 9245 10765
1 2 1555 5058 5060
1 2 5058 790 5059
1 2 5060 5059 3991
1 2 5058 5059 5060
1 2 3570 9244 11785
1 2 9244 3991 11784
1 2 11785 11784 132
1 2 9244 11784 11785
1 2 1555 5060 9245
1 2 5060 3991 9244
1 2 9245 9244 3570
1 2 5060 9244 9245
1 2 884 13599 8074
1 2 13599 1554 8598
1 2 8074 8598 1556
1 2 13599 8598 8074
1 2 1554 16385 8596
1 2 16385 790 5058
1 2 8596 5058 1555
1 2 16385 5058 8596
1 2 1556 8597 16173
1 2 8597 1555 15660
1 2 16173 15660 885
1 2 8597 15660 16173
1 2 1554 8596 8598
1 2 8596 1555 8597
1 2 8598 8597 1556
1 2 8596 8597 8598
1 2 116 9547 9549
1 2 9547 3754 9548
1 2 9549 9548 3966
1 2 9547 9548 9549
1 2 3754 16279 15350
1 2 16279 653 13601
1 2 15350 13601 3965
1 2 16279 13601 15350
1 2 3966 9848 9850
1 2 9848 3965 9849
1 2 9850 9849 790
1 2 9848 9849 9850
1 2 3754 15350 9548
1 2 15350 3965 9848
1 2 9548 9848 3966
1 2 15350 9848 9548
1 2 653 12739 13600
1 2 12739 1373 8510
1 2 13600 8510 3553
1 2 12739 8510 13600
1 2 1373 14158 8509
1 2 14158 133 6099
1 2 8509 6099 3552
1 2 14158 6099 8509
1 2 3553 8062 4768
1 2 8062 3552 8063
1 2 4768 8063 789
1 2 8062 8063 4768
1 2 1373 8509 8510
1 2 8509 3552 8062
1 2 8510 8062 3553
1 2 8509 8062 8510
1 2 790 11009 5059
1 2 11009 3990 9092
1 2 5059 9092 3991
1 2 11009 9092 5059
1 2 3990 4769 9090
1 2 4769 789 15012
1 2 9090 15012 2109
1 2 4769 15012 9090
1 2 3991 9091 11784
1 2 9091 2109 9831
1 2 11784 9831 132
1 2 9091 9831 11784
1 2 3990 9090 9092
1 2 9090 2109 9091
1 2 9092 9091 3991
1 2 9090 9091 9092
1 2 653 13600 13601
1 2 13600 3553 12015
1 2 13601 12015 3965
1 2 13600 12015 13601
1 2 3553 4768 4770
1 2 4768 789 4769
1 2 4770 4769 3990
1 2 4768 4769 4770
1 2 3965 11008 9849
1 2 11008 3990 11009
1 2 9849 11009 790
1 2 11008 11009 9849
1 2 3553 4770 12015
1 2 4770 3990 11008
1 2 12015 11008 3965
1 2 4770 11008 12015
1 2 116 10986 9547
1 2 10986 2285 13950
1 2 9547 13950 3754
1 2 10986 13950 9547
1 2 2285 7832 7834
1 2 7832 651 7833
1 2 7834 7833 3130
1 2 7832 7833 7834
1 2 3754 16135 16279
1 2 16135 3130 14730
1 2 16279 14730 653
1 2 16135 14730 16279
1 2 2285 7834 13950
1 2 7834 3130 16135
1 2 13950 16135 3754
1 2 7834 16135 13950
1 2 651 9057 10840
1 2 9057 3617 11987
1 2 10840 11987 3129
1 2 9057 11987 10840
1 2 3617 9815 9817
1 2 9815 117 9816
1 2 9817 9816 1934
1 2 9815 9816 9817
1 2 3129 11986 14018
1 2 11986 1934 16395
1 2 14018 16395 652
1 2 11986 16395 14018
1 2 3617 9817 11987
1 2 9817 1934 11986
1 2 11987 11986 3129
1 2 9817 11986 11987
1 2 653 12738 12739
1 2 12738 1372 9783
1 2 12739 9783 1373
1 2 12738 9783 12739
1 2 1372 14019 9781
1 2 14019 652 15146
1 2 9781 15146 1214
1 2 14019 15146 9781
1 2 1373 9782 14158
1 2 9782 1214 4425
1 2 14158 4425 133
1 2 9782 4425 14158
1 2 1372 9781 9783
1 2 9781 1214 9782
1 2 9783 9782 1373
1 2 9781 9782 9783
1 2 651 10840 7833
1 2 10840 3129 9856
1 2 7833 9856 3130
1 2 10840 9856 7833
1 2 3129 14018 9854
1 2 14018 652 14019
1 2 9854 14019 1372
1 2 14018 14019 9854
1 2 3130 9855 14730
1 2 9855 1372 12738
1 2 14730 12738 653
1 2 9855 12738 14730
1 2 3129 9854 9856
1 2 9854 1372 9855
1 2 9856 9855 3130
1 2 9854 9855 9856
1 2 117 15518 9816
1 2 15518 1932 14403
1 2 9816 14403 1934
1 2 15518 14403 9816
1 2 1932 14211 14401
1 2 14211 487 10577
1 2 14401 10577 1933
1 2 14211 10577 14401
1 2 1934 14402 16395
1 2 14402 1933 14843
1 2 16395 14843 652
1 2 14402 14843 16395
1 2 1932 14401 14403
1 2 14401 1933 14402
1 2 14403 14402 1934
1 2 14401 14402 14403
1 2 487 14879 10576
1 2 14879 2971 14880
1 2 10576 14880 2560
1 2 14879 14880 10576
1 2 2971 13118 13120
1 2 13118 134 13119
1 2 13120 13119 2972
1 2 13118 13119 13120
1 2 2560 5284 5286
1 2 5284 2972 5285
1 2 5286 5285 866
1 2 5284 5285 5286
1 2 2971 13120 14880
1 2 13120 2972 5284
1 2 14880 5284 2560
1 2 13120 5284 14880
1 2 652 14842 15146
1 2 14842 1212 15349
1 2 15146 15349 1214
1 2 14842 15349 15146
1 2 1212 11626 11979
1 2 11626 866 7707
1 2 11979 7707 1213
1 2 11626 7707 11979
1 2 1214 4423 4425
1 2 4423 1213 4424
1 2 4425 4424 133
1 2 4423 4424 4425
1 2 1212 11979 15349
1 2 11979 1213 4423
1 2 15349 4423 1214
1 2 11979 4423 15349
1 2 487 10576 10577
1 2 10576 2560 7455
1 2 10577 7455 1933
1 2 10576 7455 10577
1 2 2560 5286 7453
1 2 5286 866 11626
1 2 7453 11626 1212
1 2 5286 11626 7453
1 2 1933 7454 14843
1 2 7454 1212 14842
1 2 14843 14842 652
1 2 7454 14842 14843
1 2 2560 7453 7455
1 2 7453 1212 7454
1 2 7455 7454 1933
1 2 7453 7454 7455
1 2 117 14756 15518
1 2 14756 4007 15460
1 2 15518 15460 1932
1 2 14756 15460 15518
1 2 4007 12253 15459
1 2 12253 485 6705
1 2 15459 6705 3981
1 2 12253 6705 15459
1 2 1932 14209 14211
1 2 14209 3981 14210
1 2 14211 14210 487
1 2 14209 14210 14211
1 2 4007 15459 15460
1 2 15459 3981 14209
1 2 15460 14209 1932
1 2 15459 14209 15460
1 2 485 12126 6703
1 2 12126 1981 12127
1 2 6703 12127 2175
1 2 12126 12127 6703
1 2 1981 14425 14426
1 2 14425 118 5118
1 2 14426 5118 1486
1 2 14425 5118 14426
1 2 2175 15676 5145
1 2 15676 1486 15116
1 2 5145 15116 486
1 2 15676 15116 5145
1 2 1981 14426 12127
1 2 14426 1486 15676
1 2 12127 15676 2175
1 2 14426 15676 12127
1 2 487 16237 14879
1 2 16237 3980 11303
1 2 14879 11303 2971
1 2 16237 11303 14879
1 2 3980 5146 11301
1 2 5146 486 14059
1 2 11301 14059 3324
1 2 5146 14059 11301
1 2 2971 11302 13118
1 2 11302 3324 11808
1 2 13118 11808 134
1 2 11302 11808 13118
1 2 3980 11301 11303
1 2 11301 3324 11302
1 2 11303 11302 2971
1 2 11301 11302 11303
1 2 485 6703 6705
1 2 6703 2175 6704
1 2 6705 6704 3981
1 2 6703 6704 6705
1 2 2175 5145 5147
1 2 5145 486 5146
1 2 5147 5146 3980
1 2 5145 5146 5147
1 2 3981 12648 14210
1 2 12648 3980 16237
1 2 14210 16237 487
1 2 12648 16237 14210
1 2 2175 5147 6704
1 2 5147 3980 12648
1 2 6704 12648 3981
1 2 5147 12648 6704
1 2 118 5116 5118
1 2 5116 1484 5117
1 2 5118 5117 1486
1 2 5116 5117 5118
1 2 1484 12081 12083
1 2 12081 633 12082
1 2 12083 12082 1485
1 2 12081 12082 12083
1 2 1486 12536 15116
1 2 12536 1485 14579
1 2 15116 14579 486
1 2 12536 14579 15116
1 2 1484 12083 5117
1 2 12083 1485 12536
1 2 5117 12536 1486
1 2 12083 12536 5117
1 2 633 7885 9870
1 2 7885 3170 9869
1 2 9870 9869 2946
1 2 7885 9869 9870
1 2 3170 9172 9174
1 2 9172 135 9173
1 2 9174 9173 3171
1 2 9172 9173 9174
1 2 2946 13504 13505
1 2 13504 3171 6751
1 2 13505 6751 714
1 2 13504 6751 13505
1 2 3170 9174 9869
1 2 9174 3171 13504
1 2 9869 13504 2946
1 2 9174 13504 9869
1 2 486 14102 14059
1 2 14102 2947 10048
1 2 14059 10048 3324
1 2 14102 10048 14059
1 2 2947 15413 10046
1 2 15413 714 11847
1 2 10046 11847 1149
1 2 15413 11847 10046
1 2 3324 10047 11808
1 2 10047 1149 10702
1 2 11808 10702 134
1 2 10047 10702 11808
1 2 2947 10046 10048
1 2 10046 1149 10047
1 2 10048 10047 3324
1 2 10046 10047 10048
1 2 633 9870 12082
1 2 9870 2946 11179
1 2 12082 11179 1485
1 2 9870 11179 12082
1 2 2946 13505 11177
1 2 13505 714 15413
1 2 11177 15413 2947
1 2 13505 15413 11177
1 2 1485 11178 14579
1 2 11178 2947 14102
1 2 14579 14102 486
1 2 11178 14102 14579
1 2 2946 11177 11179
1 2 11177 2947 11178
1 2 11179 11178 1485
1 2 11177 11178 11179
1 2 118 11761 5116
1 2 11761 4167 16435
1 2 5116 16435 1484
1 2 11761 16435 5116
1 2 4167 7526 15120
1 2 7526 483 15119
1 2 15120 15119 3952
1 2 7526 15119 15120
1 2 1484 16434 12081
1 2 16434 3952 6539
1 2 12081 6539 633
1 2 16434 6539 12081
1 2 4167 15120 16435
1 2 15120 3952 16434
1 2 16435 16434 1484
1 2 15120 16434 16435
1 2 483 5188 9949
1 2 5188 3240 9948
1 2 9949 9948 3241
1 2 5188 9948 9949
1 2 3240 7895 7897
1 2 7895 119 7896
1 2 7897 7896 1564
1 2 7895 7896 7897
1 2 3241 4662 4664
1 2 4662 1564 4663
1 2 4664 4663 632
1 2 4662 4663 4664
1 2 3240 7897 9948
1 2 7897 1564 4662
1 2 9948 4662 3241
1 2 7897 4662 9948
1 2 633 6538 7885
1 2 6538 3951 7884
1 2 7885 7884 3170
1 2 6538 7884 7885
1 2 3951 6055 6057
1 2 6055 632 6056
1 2 6057 6056 4087
1 2 6055 6056 6057
1 2 3170 16348 9172
1 2 16348 4087 15539
1 2 9172 15539 135
1 2 16348 15539 9172
1 2 3951 6057 7884
1 2 6057 4087 16348
1 2 7884 16348 3170
1 2 6057 16348 7884
1 2 483 9949 15119
1 2 9949 3241 15450
1 2 15119 15450 3952
1 2 9949 15450 15119
1 2 3241 4664 14167
1 2 4664 632 6055
1 2 14167 6055 3951
1 2 4664 6055 14167
1 2 3952 6537 6539
1 2 6537 3951 6538
1 2 6539 6538 633
1 2 6537 6538 6539
1 2 3241 14167 15450
1 2 14167 3951 6537
1 2 15450 6537 3952
1 2 14167 6537 15450
1 2 119 16108 7896
1 2 16108 1563 15922
1 2 7896 15922 1564
1 2 16108 15922 7896
1 2 1563 16543 15921
1 2 16543 723 7184
1 2 15921 7184 1422
1 2 16543 7184 15921
1 2 1564 15218 4663
1 2 15218 1422 10087
1 2 4663 10087 632
1 2 15218 10087 4663
1 2 1563 15921 15922
1 2 15921 1422 15218
1 2 15922 15218 1564
1 2 15921 15218 15922
1 2 723 16641 7182
1 2 16641 3705 14616
1 2 7182 14616 1420
1 2 16641 14616 7182
1 2 3705 14560 14562
1 2 14560 136 14561
1 2 14562 14561 3706
1 2 14560 14561 14562
1 2 1420 10017 4581
1 2 10017 3706 10018
1 2 4581 10018 378
1 2 10017 10018 4581
1 2 3705 14562 14616
1 2 14562 3706 10017
1 2 14616 10017 1420
1 2 14562 10017 14616
1 2 632 9339 6056
1 2 9339 1421 8878
1 2 6056 8878 4087
1 2 9339 8878 6056
1 2 1421 4582 8876
1 2 4582 378 9917
1 2 8876 9917 3905
1 2 4582 9917 8876
1 2 4087 8877 15539
1 2 8877 3905 15538
1 2 15539 15538 135
1 2 8877 15538 15539
1 2 1421 8876 8878
1 2 8876 3905 8877
1 2 8878 8877 4087
1 2 8876 8877 8878
1 2 723 7182 7184
1 2 7182 1420 7183
1 2 7184 7183 1422
1 2 7182 7183 7184
1 2 1420 4581 4583
1 2 4581 378 4582
1 2 4583 4582 1421
1 2 4581 4582 4583
1 2 1422 10086 10087
1 2 10086 1421 9339
1 2 10087 9339 632
1 2 10086 9339 10087
1 2 1420 4583 7183
1 2 4583 1421 10086
1 2 7183 10086 1422
1 2 4583 10086 7183
1 2 120 5455 5457
1 2 5455 3433 5456
1 2 5457 5456 3434
1 2 5455 5456 5457
1 2 3433 9940 11862
1 2 9940 858 11861
1 2 11862 11861 1508
1 2 9940 11861 11862
1 2 3434 7054 7056
1 2 7054 1508 7055
1 2 7056 7055 859
1 2 7054 7055 7056
1 2 3433 11862 5456
1 2 11862 1508 7054
1 2 5456 7054 3434
1 2 11862 7054 5456
1 2 858 12472 13677
1 2 12472 3233 11968
1 2 13677 11968 1506
1 2 12472 11968 13677
1 2 3233 7607 11967
1 2 7607 121 15245
1 2 11967 15245 2891
1 2 7607 15245 11967
1 2 1506 5224 5226
1 2 5224 2891 5225
1 2 5226 5225 501
1 2 5224 5225 5226
1 2 3233 11967 11968
1 2 11967 2891 5224
1 2 11968 5224 1506
1 2 11967 5224 11968
1 2 859 12302 12303
1 2 12302 1507 11165
1 2 12303 11165 4216
1 2 12302 11165 12303
1 2 1507 12937 11163
1 2 12937 501 7380
1 2 11163 7380 3912
1 2 12937 7380 11163
1 2 4216 11164 16282
1 2 11164 3912 15135
1 2 16282 15135 137
1 2 11164 15135 16282
1 2 1507 11163 11165
1 2 11163 3912 11164
1 2 11165 11164 4216
1 2 11163 11164 11165
1 2 858 13677 11861
1 2 13677 1506 14199
1 2 11861 14199 1508
1 2 13677 14199 11861
1 2 1506 5226 13854
1 2 5226 501 12937
1 2 13854 12937 1507
1 2 5226 12937 13854
1 2 1508 15164 7055
1 2 15164 1507 12302
1 2 7055 12302 859
1 2 15164 12302 7055
1 2 1506 13854 14199
1 2 13854 1507 15164
1 2 14199 15164 1508
1 2 13854 15164 14199
1 2 121 16556 15245
1 2 16556 2889 6238
1 2 15245 6238 2891
1 2 16556 6238 15245
1 2 2889 7625 6236
1 2 7625 499 7626
1 2 6236 7626 2890
1 2 7625 7626 6236
1 2 2891 6237 5225
1 2 6237 2890 8938
1 2 5225 8938 501
1 2 6237 8938 5225
1 2 2889 6236 6238
1 2 6236 2890 6237
1 2 6238 6237 2891
1 2 6236 6237 6238
1 2 499 14049 10129
1 2 14049 2016 7984
1 2 10129 7984 2018
1 2 14049 7984 10129
1 2 2016 9465 7982
1 2 9465 138 9643
1 2 7982 9643 2017
1 2 9465 9643 7982
1 2 2018 7983 13650
1 2 7983 2017 10550
1 2 13650 10550 500
1 2 7983 10550 13650
1 2 2016 7982 7984
1 2 7982 2017 7983
1 2 7984 7983 2018
1 2 7982 7983 7984
1 2 501 7378 7380
1 2 7378 3911 7379
1 2 7380 7379 3912
1 2 7378 7379 7380
1 2 3911 7119 7121
1 2 7119 500 7120
1 2 7121 7120 2984
1 2 7119 7120 7121
1 2 3912 15134 15135
1 2 15134 2984 6033
1 2 15135 6033 137
1 2 15134 6033 15135
1 2 3911 7121 7379
1 2 7121 2984 15134
1 2 7379 15134 3912
1 2 7121 15134 7379
1 2 499 10129 7626
1 2 10129 2018 10130
1 2 7626 10130 2890
1 2 10129 10130 7626
1 2 2018 13650 13539
1 2 13650 500 7119
1 2 13539 7119 3911
1 2 13650 7119 13539
1 2 2890 12451 8938
1 2 12451 3911 7378
1 2 8938 7378 501
1 2 12451 7378 8938
1 2 2018 13539 10130
1 2 13539 3911 12451
1 2 10130 12451 2890
1 2 13539 12451 10130
1 2 121 16636 16556
1 2 16636 1936 13631
1 2 16556 13631 2889
1 2 16636 13631 16556
1 2 1936 14233 13630
1 2 14233 599 15062
1 2 13630 15062 1721
1 2 14233 15062 13630
1 2 2889 12752 7625
1 2 12752 1721 6974
1 2 7625 6974 499
1 2 12752 6974 7625
1 2 1936 13630 13631
1 2 13630 1721 12752
1 2 13631 12752 2889
1 2 13630 12752 13631
1 2 599 6128 6130
1 2 6128 3786 6129
1 2 6130 6129 1719
1 2 6128 6129 6130
1 2 3786 9903 9904
1 2 9903 122 6363
1 2 9904 6363 3787
1 2 9903 6363 9904
1 2 1719 14652 13689
1 2 14652 3787 5194
1 2 13689 5194 548
1 2 14652 5194 13689
1 2 3786 9904 6129
1 2 9904 3787 14652
1 2 6129 14652 1719
1 2 9904 14652 6129
1 2 499 6973 14049
1 2 6973 1720 14045
1 2 14049 14045 2016
1 2 6973 14045 14049
1 2 1720 4863 4865
1 2 4863 548 4864
1 2 4865 4864 2852
1 2 4863 4864 4865
1 2 2016 9464 9465
1 2 9464 2852 6530
1 2 9465 6530 138
1 2 9464 6530 9465
1 2 1720 4865 14045
1 2 4865 2852 9464
1 2 14045 9464 2016
1 2 4865 9464 14045
1 2 599 6130 15062
1 2 6130 1719 8759
1 2 15062 8759 1721
1 2 6130 8759 15062
1 2 1719 13689 8758
1 2 13689 548 4863
1 2 8758 4863 1720
1 2 13689 4863 8758
1 2 1721 6972 6974
1 2 6972 1720 6973
1 2 6974 6973 499
1 2 6972 6973 6974
1 2 1719 8758 8759
1 2 8758 1720 6972
1 2 8759 6972 1721
1 2 8758 6972 8759
1 2 122 6362 6363
1 2 6362 2871 4446
1 2 6363 4446 3787
1 2 6362 4446 6363
1 2 2871 10799 4444
1 2 10799 546 10800
1 2 4444 10800 1553
1 2 10799 10800 4444
1 2 3787 4445 5194
1 2 4445 1553 5193
1 2 5194 5193 548
1 2 4445 5193 5194
1 2 2871 4444 4446
1 2 4444 1553 4445
1 2 4446 4445 3787
1 2 4444 4445 4446
1 2 546 6642 16344
1 2 6642 2177 15039
1 2 16344 15039 1551
1 2 6642 15039 16344
1 2 2177 5419 5421
1 2 5419 139 5420
1 2 5421 5420 2500
1 2 5419 5420 5421
1 2 1551 7818 7820
1 2 7818 2500 7819
1 2 7820 7819 547
1 2 7818 7819 7820
1 2 2177 5421 15039
1 2 5421 2500 7818
1 2 15039 7818 1551
1 2 5421 7818 15039
1 2 548 16373 4864
1 2 16373 1552 15003
1 2 4864 15003 2852
1 2 16373 15003 4864
1 2 1552 12072 12074
1 2 12072 547 12073
1 2 12074 12073 2069
1 2 12072 12073 12074
1 2 2852 6528 6530
1 2 6528 2069 6529
1 2 6530 6529 138
1 2 6528 6529 6530
1 2 1552 12074 15003
1 2 12074 2069 6528
1 2 15003 6528 2852
1 2 12074 6528 15003
1 2 546 16344 10800
1 2 16344 1551 11976
1 2 10800 11976 1553
1 2 16344 11976 10800
1 2 1551 7820 11974
1 2 7820 547 12072
1 2 11974 12072 1552
1 2 7820 12072 11974
1 2 1553 11975 5193
1 2 11975 1552 16373
1 2 5193 16373 548
1 2 11975 16373 5193
1 2 1551 11974 11976
1 2 11974 1552 11975
1 2 11976 11975 1553
1 2 11974 11975 11976
1 2 122 15239 6362
1 2 15239 1906 14680
1 2 6362 14680 2871
1 2 15239 14680 6362
1 2 1906 8480 8482
1 2 8480 441 8481
1 2 8482 8481 1993
1 2 8480 8481 8482
1 2 2871 10921 10799
1 2 10921 1993 10922
1 2 10799 10922 546
1 2 10921 10922 10799
1 2 1906 8482 14680
1 2 8482 1993 10921
1 2 14680 10921 2871
1 2 8482 10921 14680
1 2 441 8675 11696
1 2 8675 3634 8935
1 2 11696 8935 1991
1 2 8675 8935 11696
1 2 3634 7329 7331
1 2 7329 123 7330
1 2 7331 7330 1220
1 2 7329 7330 7331
1 2 1991 7698 7700
1 2 7698 1220 7699
1 2 7700 7699 581
1 2 7698 7699 7700
1 2 3634 7331 8935
1 2 7331 1220 7698
1 2 8935 7698 1991
1 2 7331 7698 8935
1 2 546 6640 6642
1 2 6640 1992 6641
1 2 6642 6641 2177
1 2 6640 6641 6642
1 2 1992 16514 15673
1 2 16514 581 10085
1 2 15673 10085 2176
1 2 16514 10085 15673
1 2 2177 15674 5419
1 2 15674 2176 13408
1 2 5419 13408 139
1 2 15674 13408 5419
1 2 1992 15673 6641
1 2 15673 2176 15674
1 2 6641 15674 2177
1 2 15673 15674 6641
1 2 441 11696 8481
1 2 11696 1991 7714
1 2 8481 7714 1993
1 2 11696 7714 8481
1 2 1991 7700 7712
1 2 7700 581 16514
1 2 7712 16514 1992
1 2 7700 16514 7712
1 2 1993 7713 10922
1 2 7713 1992 6640
1 2 10922 6640 546
1 2 7713 6640 10922
1 2 1991 7712 7714
1 2 7712 1992 7713
1 2 7714 7713 1993
1 2 7712 7713 7714
1 2 123 14520 7330
1 2 14520 1218 13625
1 2 7330 13625 1220
1 2 14520 13625 7330
1 2 1218 14588 13624
1 2 14588 612 14589
1 2 13624 14589 1219
1 2 14588 14589 13624
1 2 1220 10958 7699
1 2 10958 1219 5033
1 2 7699 5033 581
1 2 10958 5033 7699
1 2 1218 13624 13625
1 2 13624 1219 10958
1 2 13625 10958 1220
1 2 13624 10958 13625
1 2 612 15584 15408
1 2 15584 1763 12501
1 2 15408 12501 1765
1 2 15584 12501 15408
1 2 1763 13281 12499
1 2 13281 140 12657
1 2 12499 12657 1764
1 2 13281 12657 12499
1 2 1765 12500 11247
1 2 12500 1764 14952
1 2 11247 14952 686
1 2 12500 14952 11247
1 2 1763 12499 12501
1 2 12499 1764 12500
1 2 12501 12500 1765
1 2 12499 12500 12501
1 2 581 5032 10085
1 2 5032 3230 10084
1 2 10085 10084 2176
1 2 5032 10084 10085
1 2 3230 11248 11689
1 2 11248 686 16114
1 2 11689 16114 3231
1 2 11248 16114 11689
1 2 2176 11690 13408
1 2 11690 3231 7791
1 2 13408 7791 139
1 2 11690 7791 13408
1 2 3230 11689 10084
1 2 11689 3231 11690
1 2 10084 11690 2176
1 2 11689 11690 10084
1 2 612 15408 14589
1 2 15408 1765 12159
1 2 14589 12159 1219
1 2 15408 12159 14589
1 2 1765 11247 11249
1 2 11247 686 11248
1 2 11249 11248 3230
1 2 11247 11248 11249
1 2 1219 5031 5033
1 2 5031 3230 5032
1 2 5033 5032 581
1 2 5031 5032 5033
1 2 1765 11249 12159
1 2 11249 3230 5031
1 2 12159 5031 1219
1 2 11249 5031 12159
1 2 123 14496 14520
1 2 14496 2108 11313
1 2 14520 11313 1218
1 2 14496 11313 14520
1 2 2108 7108 11311
1 2 7108 610 8550
1 2 11311 8550 1451
1 2 7108 8550 11311
1 2 1218 11312 14588
1 2 11312 1451 15199
1 2 14588 15199 612
1 2 11312 15199 14588
1 2 2108 11311 11313
1 2 11311 1451 11312
1 2 11313 11312 1218
1 2 11311 11312 11313
1 2 610 12221 8548
1 2 12221 3618 13475
1 2 8548 13475 1449
1 2 12221 13475 8548
1 2 3618 6441 6442
1 2 6441 124 5946
1 2 6442 5946 1587
1 2 6441 5946 6442
1 2 1449 13474 16062
1 2 13474 1587 16061
1 2 16062 16061 611
1 2 13474 16061 16062
1 2 3618 6442 13475
1 2 6442 1587 13474
1 2 13475 13474 1449
1 2 6442 13474 13475
1 2 612 15644 15584
1 2 15644 1450 12680
1 2 15584 12680 1763
1 2 15644 12680 15584
1 2 1450 13850 12678
1 2 13850 611 12572
1 2 12678 12572 3720
1 2 13850 12572 12678
1 2 1763 12679 13281
1 2 12679 3720 6270
1 2 13281 6270 140
1 2 12679 6270 13281
1 2 1450 12678 12680
1 2 12678 3720 12679
1 2 12680 12679 1763
1 2 12678 12679 12680
1 2 610 8548 8550
1 2 8548 1449 8549
1 2 8550 8549 1451
1 2 8548 8549 8550
1 2 1449 16062 15739
1 2 16062 611 13850
1 2 15739 13850 1450
1 2 16062 13850 15739
1 2 1451 15643 15199
1 2 15643 1450 15644
1 2 15199 15644 612
1 2 15643 15644 15199
1 2 1449 15739 8549
1 2 15739 1450 15643
1 2 8549 15643 1451
1 2 15739 15643 8549
1 2 124 5944 5946
1 2 5944 1585 5945
1 2 5946 5945 1587
1 2 5944 5945 5946
1 2 1585 16286 6783
1 2 16286 924 7564
1 2 6783 7564 1586
1 2 16286 7564 6783
1 2 1587 6784 16061
1 2 6784 1586 15307
1 2 16061 15307 611
1 2 6784 15307 16061
1 2 1585 6783 5945
1 2 6783 1586 6784
1 2 5945 6784 1587
1 2 6783 6784 5945
1 2 924 15525 7562
1 2 15525 1487 13579
1 2 7562 13579 1489
1 2 15525 13579 7562
1 2 1487 4992 13577
1 2 4992 141 9660
1 2 13577 9660 1488
1 2 4992 9660 13577
1 2 1489 13578 10489
1 2 13578 1488 14815
1 2 10489 14815 712
1 2 13578 14815 10489
1 2 1487 13577 13579
1 2 13577 1488 13578
1 2 13579 13578 1489
1 2 13577 13578 13579
1 2 611 12570 12572
1 2 12570 3757 12571
1 2 12572 12571 3720
1 2 12570 12571 12572
1 2 3757 8457 8459
1 2 8457 712 8458
1 2 8459 8458 3758
1 2 8457 8458 8459
1 2 3720 6268 6270
1 2 6268 3758 6269
1 2 6270 6269 140
1 2 6268 6269 6270
1 2 3757 8459 12571
1 2 8459 3758 6268
1 2 12571 6268 3720
1 2 8459 6268 12571
1 2 924 7562 7564
1 2 7562 1489 7563
1 2 7564 7563 1586
1 2 7562 7563 7564
1 2 1489 10489 10490
1 2 10489 712 8457
1 2 10490 8457 3757
1 2 10489 8457 10490
1 2 1586 15306 15307
1 2 15306 3757 12570
1 2 15307 12570 611
1 2 15306 12570 15307
1 2 1489 10490 7563
1 2 10490 3757 15306
1 2 7563 15306 1586
1 2 10490 15306 7563
1 2 124 14792 5944
1 2 14792 2515 15731
1 2 5944 15731 1585
1 2 14792 15731 5944
1 2 2515 11189 11190
1 2 11189 923 9570
1 2 11190 9570 2516
1 2 11189 9570 11190
1 2 1585 15730 16286
1 2 15730 2516 11457
1 2 16286 11457 924
1 2 15730 11457 16286
1 2 2515 11190 15731
1 2 11190 2516 15730
1 2 15731 15730 1585
1 2 11190 15730 15731
1 2 923 12637 9569
1 2 12637 1344 9890
1 2 9569 9890 2830
1 2 12637 9890 9569
1 2 1344 11245 9888
1 2 11245 125 4630
1 2 9888 4630 1481
1 2 11245 4630 9888
1 2 2830 9889 6771
1 2 9889 1481 7930
1 2 6771 7930 624
1 2 9889 7930 6771
1 2 1344 9888 9890
1 2 9888 1481 9889
1 2 9890 9889 2830
1 2 9888 9889 9890
1 2 924 11456 15525
1 2 11456 2831 8411
1 2 15525 8411 1487
1 2 11456 8411 15525
1 2 2831 6772 8410
1 2 6772 624 9814
1 2 8410 9814 3823
1 2 6772 9814 8410
1 2 1487 4990 4992
1 2 4990 3823 4991
1 2 4992 4991 141
1 2 4990 4991 4992
1 2 2831 8410 8411
1 2 8410 3823 4990
1 2 8411 4990 1487
1 2 8410 4990 8411
1 2 923 9569 9570
1 2 9569 2830 5245
1 2 9570 5245 2516
1 2 9569 5245 9570
1 2 2830 6771 5243
1 2 6771 624 6772
1 2 5243 6772 2831
1 2 6771 6772 5243
1 2 2516 5244 11457
1 2 5244 2831 11456
1 2 11457 11456 924
1 2 5244 11456 11457
1 2 2830 5243 5245
1 2 5243 2831 5244
1 2 5245 5244 2516
1 2 5243 5244 5245
1 2 125 4628 4630
1 2 4628 1479 4629
1 2 4630 4629 1481
1 2 4628 4629 4630
1 2 1479 15278 15280
1 2 15278 622 15279
1 2 15280 15279 1480
1 2 15278 15279 15280
1 2 1481 7928 7930
1 2 7928 1480 7929
1 2 7930 7929 624
1 2 7928 7929 7930
1 2 1479 15280 4629
1 2 15280 1480 7928
1 2 4629 7928 1481
1 2 15280 7928 4629
1 2 622 16594 16254
1 2 16594 3183 9669
1 2 16254 9669 3184
1 2 16594 9669 16254
1 2 3183 5616 5618
1 2 5616 142 5617
1 2 5618 5617 3081
1 2 5616 5617 5618
1 2 3184 7954 7956
1 2 7954 3081 7955
1 2 7956 7955 623
1 2 7954 7955 7956
1 2 3183 5618 9669
1 2 5618 3081 7954
1 2 9669 7954 3184
1 2 5618 7954 9669
1 2 624 15619 9814
1 2 15619 3327 15896
1 2 9814 15896 3823
1 2 15619 15896 9814
1 2 3327 10605 14848
1 2 10605 623 14847
1 2 14848 14847 3909
1 2 10605 14847 14848
1 2 3823 14965 4991
1 2 14965 3909 14966
1 2 4991 14966 141
1 2 14965 14966 4991
1 2 3327 14848 15896
1 2 14848 3909 14965
1 2 15896 14965 3823
1 2 14848 14965 15896
1 2 622 16254 15279
1 2 16254 3184 10821
1 2 15279 10821 1480
1 2 16254 10821 15279
1 2 3184 7956 10606
1 2 7956 623 10605
1 2 10606 10605 3327
1 2 7956 10605 10606
1 2 1480 10820 7929
1 2 10820 3327 15619
1 2 7929 15619 624
1 2 10820 15619 7929
1 2 3184 10606 10821
1 2 10606 3327 10820
1 2 10821 10820 1480
1 2 10606 10820 10821
1 2 125 7386 4628
1 2 7386 3609 7387
1 2 4628 7387 1479
1 2 7386 7387 4628
1 2 3609 9644 8660
1 2 9644 747 9645
1 2 8660 9645 2908
1 2 9644 9645 8660
1 2 1479 8661 15278
1 2 8661 2908 12357
1 2 15278 12357 622
1 2 8661 12357 15278
1 2 3609 8660 7387
1 2 8660 2908 8661
1 2 7387 8661 1479
1 2 8660 8661 7387
1 2 747 7258 7260
1 2 7258 1119 7259
1 2 7260 7259 1121
1 2 7258 7259 7260
1 2 1119 5626 11362
1 2 5626 126 4856
1 2 11362 4856 1120
1 2 5626 4856 11362
1 2 1121 10924 10925
1 2 10924 1120 6070
1 2 10925 6070 748
1 2 10924 6070 10925
1 2 1119 11362 7259
1 2 11362 1120 10924
1 2 7259 10924 1121
1 2 11362 10924 7259
1 2 622 12356 16594
1 2 12356 2907 14875
1 2 16594 14875 3183
1 2 12356 14875 16594
1 2 2907 4557 4559
1 2 4557 748 4558
1 2 4559 4558 2997
1 2 4557 4558 4559
1 2 3183 10455 5616
1 2 10455 2997 5767
1 2 5616 5767 142
1 2 10455 5767 5616
1 2 2907 4559 14875
1 2 4559 2997 10455
1 2 14875 10455 3183
1 2 4559 10455 14875
1 2 747 7260 9645
1 2 7260 1121 13710
1 2 9645 13710 2908
1 2 7260 13710 9645
1 2 1121 10925 11012
1 2 10925 748 4557
1 2 11012 4557 2907
1 2 10925 4557 11012
1 2 2908 12355 12357
1 2 12355 2907 12356
1 2 12357 12356 622
1 2 12355 12356 12357
1 2 1121 11012 13710
1 2 11012 2907 12355
1 2 13710 12355 2908
1 2 11012 12355 13710
1 2 126 4854 4856
1 2 4854 1870 4855
1 2 4856 4855 1120
1 2 4854 4855 4856
1 2 1870 11623 11625
1 2 11623 1000 11624
1 2 11625 11624 1871
1 2 11623 11624 11625
1 2 1120 6068 6070
1 2 6068 1871 6069
1 2 6070 6069 748
1 2 6068 6069 6070
1 2 1870 11625 4855
1 2 11625 1871 6068
1 2 4855 6068 1120
1 2 11625 6068 4855
1 2 1000 16340 15253
1 2 16340 2736 16500
1 2 15253 16500 3046
1 2 16340 16500 15253
1 2 2736 11535 11537
1 2 11535 143 11536
1 2 11537 11536 4108
1 2 11535 11536 11537
1 2 3046 6088 5893
1 2 6088 4108 6089
1 2 5893 6089 461
1 2 6088 6089 5893
1 2 2736 11537 16500
1 2 11537 4108 6088
1 2 16500 6088 3046
1 2 11537 6088 16500
1 2 748 8511 4558
1 2 8511 2995 8512
1 2 4558 8512 2997
1 2 8511 8512 4558
1 2 2995 5894 14119
1 2 5894 461 7533
1 2 14119 7533 2996
1 2 5894 7533 14119
1 2 2997 5765 5767
1 2 5765 2996 5766
1 2 5767 5766 142
1 2 5765 5766 5767
1 2 2995 14119 8512
1 2 14119 2996 5765
1 2 8512 5765 2997
1 2 14119 5765 8512
1 2 1000 15253 11624
1 2 15253 3046 15254
1 2 11624 15254 1871
1 2 15253 15254 11624
1 2 3046 5893 5895
1 2 5893 461 5894
1 2 5895 5894 2995
1 2 5893 5894 5895
1 2 1871 16110 6069
1 2 16110 2995 8511
1 2 6069 8511 748
1 2 16110 8511 6069
1 2 3046 5895 15254
1 2 5895 2995 16110
1 2 15254 16110 1871
1 2 5895 16110 15254
1 2 126 13037 4854
1 2 13037 4169 6619
1 2 4854 6619 1870
1 2 13037 6619 4854
1 2 4169 14980 6617
1 2 14980 999 13589
1 2 6617 13589 4046
1 2 14980 13589 6617
1 2 1870 6618 11623
1 2 6618 4046 9024
1 2 11623 9024 1000
1 2 6618 9024 11623
1 2 4169 6617 6619
1 2 6617 4046 6618
1 2 6619 6618 1870
1 2 6617 6618 6619
1 2 999 7033 13588
1 2 7033 2561 10597
1 2 13588 10597 2563
1 2 7033 10597 13588
1 2 2561 13836 10596
1 2 13836 127 12190
1 2 10596 12190 2562
1 2 13836 12190 10596
1 2 2563 8539 8541
1 2 8539 2562 8540
1 2 8541 8540 662
1 2 8539 8540 8541
1 2 2561 10596 10597
1 2 10596 2562 8539
1 2 10597 8539 2563
1 2 10596 8539 10597
1 2 1000 9023 16340
1 2 9023 2734 11107
1 2 16340 11107 2736
1 2 9023 11107 16340
1 2 2734 12396 11105
1 2 12396 662 12397
1 2 11105 12397 2735
1 2 12396 12397 11105
1 2 2736 11106 11535
1 2 11106 2735 13300
1 2 11535 13300 143
1 2 11106 13300 11535
1 2 2734 11105 11107
1 2 11105 2735 11106
1 2 11107 11106 2736
1 2 11105 11106 11107
1 2 999 13588 13589
1 2 13588 2563 9610
1 2 13589 9610 4046
1 2 13588 9610 13589
1 2 2563 8541 9609
1 2 8541 662 12396
1 2 9609 12396 2734
1 2 8541 12396 9609
1 2 4046 9022 9024
1 2 9022 2734 9023
1 2 9024 9023 1000
1 2 9022 9023 9024
1 2 2563 9609 9610
1 2 9609 2734 9022
1 2 9610 9022 4046
1 2 9609 9022 9610
1 2 127 12188 12190
1 2 12188 4196 12189
1 2 12190 12189 2562
1 2 12188 12189 12190
1 2 4196 11549 11551
1 2 11549 660 11550
1 2 11551 11550 2319
1 2 11549 11550 11551
1 2 2562 9599 8540
1 2 9599 2319 9600
1 2 8540 9600 662
1 2 9599 9600 8540
1 2 4196 11551 12189
1 2 11551 2319 9599
1 2 12189 9599 2562
1 2 11551 9599 12189
1 2 660 5389 5391
1 2 5389 3857 5390
1 2 5391 5390 2317
1 2 5389 5390 5391
1 2 3857 6531 6533
1 2 6531 144 6532
1 2 6533 6532 2168
1 2 6531 6532 6533
1 2 2317 10608 10610
1 2 10608 2168 10609
1 2 10610 10609 661
1 2 10608 10609 10610
1 2 3857 6533 5390
1 2 6533 2168 10608
1 2 5390 10608 2317
1 2 6533 10608 5390
1 2 662 15980 12397
1 2 15980 2318 8343
1 2 12397 8343 2735
1 2 15980 8343 12397
1 2 2318 15176 8341
1 2 15176 661 10214
1 2 8341 10214 4143
1 2 15176 10214 8341
1 2 2735 8342 13300
1 2 8342 4143 13299
1 2 13300 13299 143
1 2 8342 13299 13300
1 2 2318 8341 8343
1 2 8341 4143 8342
1 2 8343 8342 2735
1 2 8341 8342 8343
1 2 660 5391 11550
1 2 5391 2317 14691
1 2 11550 14691 2319
1 2 5391 14691 11550
1 2 2317 10610 15177
1 2 10610 661 15176
1 2 15177 15176 2318
1 2 10610 15176 15177
1 2 2319 15979 9600
1 2 15979 2318 15980
1 2 9600 15980 662
1 2 15979 15980 9600
1 2 2317 15177 14691
1 2 15177 2318 15979
1 2 14691 15979 2319
1 2 15177 15979 14691
1 2 127 14250 12188
1 2 14250 2775 12620
1 2 12188 12620 4196
1 2 14250 12620 12188
1 2 2775 6883 6885
1 2 6883 807 6884
1 2 6885 6884 3388
1 2 6883 6884 6885
1 2 4196 12619 11549
1 2 12619 3388 14524
1 2 11549 14524 660
1 2 12619 14524 11549
1 2 2775 6885 12620
1 2 6885 3388 12619
1 2 12620 12619 4196
1 2 6885 12619 12620
1 2 807 10276 9992
1 2 10276 2740 8359
1 2 9992 8359 3386
1 2 10276 8359 9992
1 2 2740 13999 8357
1 2 13999 128 10745
1 2 8357 10745 3577
1 2 13999 10745 8357
1 2 3386 8358 14263
1 2 8358 3577 14262
1 2 14263 14262 808
1 2 8358 14262 14263
1 2 2740 8357 8359
1 2 8357 3577 8358
1 2 8359 8358 3386
1 2 8357 8358 8359
1 2 660 13440 5389
1 2 13440 3387 13441
1 2 5389 13441 3857
1 2 13440 13441 5389
1 2 3387 13144 13146
1 2 13144 808 13145
1 2 13146 13145 3723
1 2 13144 13145 13146
1 2 3857 8174 6531
1 2 8174 3723 8175
1 2 6531 8175 144
1 2 8174 8175 6531
1 2 3387 13146 13441
1 2 13146 3723 8174
1 2 13441 8174 3857
1 2 13146 8174 13441
1 2 807 9992 6884
1 2 9992 3386 9993
1 2 6884 9993 3388
1 2 9992 9993 6884
1 2 3386 14263 15652
1 2 14263 808 13144
1 2 15652 13144 3387
1 2 14263 13144 15652
1 2 3388 15653 14524
1 2 15653 3387 13440
1 2 14524 13440 660
1 2 15653 13440 14524
1 2 3386 15652 9993
1 2 15652 3387 15653
1 2 9993 15653 3388
1 2 15652 15653 9993
1 2 128 10744 10745
1 2 10744 2329 5027
1 2 10745 5027 3577
1 2 10744 5027 10745
1 2 2329 7476 5025
1 2 7476 854 10102
1 2 5025 10102 1639
1 2 7476 10102 5025
1 2 3577 5026 14262
1 2 5026 1639 14592
1 2 14262 14592 808
1 2 5026 14592 14262
1 2 2329 5025 5027
1 2 5025 1639 5026
1 2 5027 5026 3577
1 2 5025 5026 5027
1 2 854 7155 7157
1 2 7155 3769 7156
1 2 7157 7156 1637
1 2 7155 7156 7157
1 2 3769 5533 15077
1 2 5533 145 9271
1 2 15077 9271 1965
1 2 5533 9271 15077
1 2 1637 15388 13766
1 2 15388 1965 13554
1 2 13766 13554 825
1 2 15388 13554 13766
1 2 3769 15077 7156
1 2 15077 1965 15388
1 2 7156 15388 1637
1 2 15077 15388 7156
1 2 808 13595 13145
1 2 13595 1638 5693
1 2 13145 5693 3723
1 2 13595 5693 13145
1 2 1638 13767 5691
1 2 13767 825 12162
1 2 5691 12162 1376
1 2 13767 12162 5691
1 2 3723 5692 8175
1 2 5692 1376 11576
1 2 8175 11576 144
1 2 5692 11576 8175
1 2 1638 5691 5693
1 2 5691 1376 5692
1 2 5693 5692 3723
1 2 5691 5692 5693
1 2 854 7157 10102
1 2 7157 1637 5648
1 2 10102 5648 1639
1 2 7157 5648 10102
1 2 1637 13766 5646
1 2 13766 825 13767
1 2 5646 13767 1638
1 2 13766 13767 5646
1 2 1639 5647 14592
1 2 5647 1638 13595
1 2 14592 13595 808
1 2 5647 13595 14592
1 2 1637 5646 5648
1 2 5646 1638 5647
1 2 5648 5647 1639
1 2 5646 5647 5648
1 2 128 11187 10744
1 2 11187 2328 9839
1 2 10744 9839 2329
1 2 11187 9839 10744
1 2 2328 15314 9838
1 2 15314 970 15315
1 2 9838 15315 1288
1 2 15314 15315 9838
1 2 2329 7474 7476
1 2 7474 1288 7475
1 2 7476 7475 854
1 2 7474 7475 7476
1 2 2328 9838 9839
1 2 9838 1288 7474
1 2 9839 7474 2329
1 2 9838 7474 9839
1 2 970 8944 8946
1 2 8944 2476 8945
1 2 8946 8945 1286
1 2 8944 8945 8946
1 2 2476 9680 14667
1 2 9680 129 14657
1 2 14667 14657 2477
1 2 9680 14657 14667
1 2 1286 13110 8636
1 2 13110 2477 5883
1 2 8636 5883 577
1 2 13110 5883 8636
1 2 2476 14667 8945
1 2 14667 2477 13110
1 2 8945 13110 1286
1 2 14667 13110 8945
1 2 854 12372 7155
1 2 12372 1287 9723
1 2 7155 9723 3769
1 2 12372 9723 7155
1 2 1287 4869 4871
1 2 4869 577 4870
1 2 4871 4870 3768
1 2 4869 4870 4871
1 2 3769 5531 5533
1 2 5531 3768 5532
1 2 5533 5532 145
1 2 5531 5532 5533
1 2 1287 4871 9723
1 2 4871 3768 5531
1 2 9723 5531 3769
1 2 4871 5531 9723
1 2 970 8946 15315
1 2 8946 1286 14973
1 2 15315 14973 1288
1 2 8946 14973 15315
1 2 1286 8636 8637
1 2 8636 577 4869
1 2 8637 4869 1287
1 2 8636 4869 8637
1 2 1288 14650 7475
1 2 14650 1287 12372
1 2 7475 12372 854
1 2 14650 12372 7475
1 2 1286 8637 14973
1 2 8637 1287 14650
1 2 14973 14650 1288
1 2 8637 14650 14973
1 2 129 14655 14657
1 2 14655 3890 14656
1 2 14657 14656 2477
1 2 14655 14656 14657
1 2 3890 6741 15691
1 2 6741 575 15690
1 2 15691 15690 3916
1 2 6741 15690 15691
1 2 2477 5881 5883
1 2 5881 3916 5882
1 2 5883 5882 577
1 2 5881 5882 5883
1 2 3890 15691 14656
1 2 15691 3916 5881
1 2 14656 5881 2477
1 2 15691 5881 14656
1 2 575 11763 15196
1 2 11763 2402 15195
1 2 15196 15195 2404
1 2 11763 15195 15196
1 2 2402 5019 5021
1 2 5019 146 5020
1 2 5021 5020 2403
1 2 5019 5020 5021
1 2 2404 11260 11262
1 2 11260 2403 11261
1 2 11262 11261 576
1 2 11260 11261 11262
1 2 2402 5021 15195
1 2 5021 2403 11260
1 2 15195 11260 2404
1 2 5021 11260 15195
1 2 577 16258 4870
1 2 16258 3915 11668
1 2 4870 11668 3768
1 2 16258 11668 4870
1 2 3915 11316 11666
1 2 11316 576 15368
1 2 11666 15368 3389
1 2 11316 15368 11666
1 2 3768 11667 5532
1 2 11667 3389 12449
1 2 5532 12449 145
1 2 11667 12449 5532
1 2 3915 11666 11668
1 2 11666 3389 11667
1 2 11668 11667 3768
1 2 11666 11667 11668
1 2 575 15196 15690
1 2 15196 2404 15580
1 2 15690 15580 3916
1 2 15196 15580 15690
1 2 2404 11262 11317
1 2 11262 576 11316
1 2 11317 11316 3915
1 2 11262 11316 11317
1 2 3916 15579 5882
1 2 15579 3915 16258
1 2 5882 16258 577
1 2 15579 16258 5882
1 2 2404 11317 15580
1 2 11317 3915 15579
1 2 15580 15579 3916
1 2 11317 15579 15580
1 2 129 15429 14655
1 2 15429 2555 12713
1 2 14655 12713 3890
1 2 15429 12713 14655
1 2 2555 15964 12712
1 2 15964 1071 10790
1 2 12712 10790 3665
1 2 15964 10790 12712
1 2 3890 6739 6741
1 2 6739 3665 6740
1 2 6741 6740 575
1 2 6739 6740 6741
1 2 2555 12712 12713
1 2 12712 3665 6739
1 2 12713 6739 3890
1 2 12712 6739 12713
1 2 1071 15824 10788
1 2 15824 1134 16054
1 2 10788 16054 1136
1 2 15824 16054 10788
1 2 1134 15448 15449
1 2 15448 130 6557
1 2 15449 6557 1135
1 2 15448 6557 15449
1 2 1136 10389 5055
1 2 10389 1135 10390
1 2 5055 10390 982
1 2 10389 10390 5055
1 2 1134 15449 16054
1 2 15449 1135 10389
1 2 16054 10389 1136
1 2 15449 10389 16054
1 2 575 7312 11763
1 2 7312 3664 11762
1 2 11763 11762 2402
1 2 7312 11762 11763
1 2 3664 5056 14035
1 2 5056 982 14232
1 2 14035 14232 3945
1 2 5056 14232 14035
1 2 2402 11351 5019
1 2 11351 3945 11352
1 2 5019 11352 146
1 2 11351 11352 5019
1 2 3664 14035 11762
1 2 14035 3945 11351
1 2 11762 11351 2402
1 2 14035 11351 11762
1 2 1071 10788 10790
1 2 10788 1136 10789
1 2 10790 10789 3665
1 2 10788 10789 10790
1 2 1136 5055 5057
1 2 5055 982 5056
1 2 5057 5056 3664
1 2 5055 5056 5057
1 2 3665 7311 6740
1 2 7311 3664 7312
1 2 6740 7312 575
1 2 7311 7312 6740
1 2 1136 5057 10789
1 2 5057 3664 7311
1 2 10789 7311 3665
1 2 5057 7311 10789
1 2 130 6555 6557
1 2 6555 2135 6556
1 2 6557 6556 1135
1 2 6555 6556 6557
1 2 2135 8058 9412
1 2 8058 479 9411
1 2 9412 9411 2136
1 2 8058 9411 9412
1 2 1135 12284 10390
1 2 12284 2136 16238
1 2 10390 16238 982
1 2 12284 16238 10390
1 2 2135 9412 6556
1 2 9412 2136 12284
1 2 6556 12284 1135
1 2 9412 12284 6556
1 2 479 11832 9833
1 2 11832 1680 12310
1 2 9833 12310 3678
1 2 11832 12310 9833
1 2 1680 5392 5394
1 2 5392 147 5393
1 2 5394 5393 2980
1 2 5392 5393 5394
1 2 3678 7188 7190
1 2 7188 2980 7189
1 2 7190 7189 965
1 2 7188 7189 7190
1 2 1680 5394 12310
1 2 5394 2980 7188
1 2 12310 7188 3678
1 2 5394 7188 12310
1 2 982 15911 14232
1 2 15911 4189 6735
1 2 14232 6735 3945
1 2 15911 6735 14232
1 2 4189 7090 6733
1 2 7090 965 7091
1 2 6733 7091 3740
1 2 7090 7091 6733
1 2 3945 6734 11352
1 2 6734 3740 15536
1 2 11352 15536 146
1 2 6734 15536 11352
1 2 4189 6733 6735
1 2 6733 3740 6734
1 2 6735 6734 3945
1 2 6733 6734 6735
1 2 479 9833 9411
1 2 9833 3678 9266
1 2 9411 9266 2136
1 2 9833 9266 9411
1 2 3678 7190 8567
1 2 7190 965 7090
1 2 8567 7090 4189
1 2 7190 7090 8567
1 2 2136 9265 16238
1 2 9265 4189 15911
1 2 16238 15911 982
1 2 9265 15911 16238
1 2 3678 8567 9266
1 2 8567 4189 9265
1 2 9266 9265 2136
1 2 8567 9265 9266
1 2 130 16139 6555
1 2 16139 3478 16121
1 2 6555 16121 2135
1 2 16139 16121 6555
1 2 3478 15786 15787
1 2 15786 477 15522
1 2 15787 15522 3479
1 2 15786 15522 15787
1 2 2135 8057 8058
1 2 8057 3479 7390
1 2 8058 7390 479
1 2 8057 7390 8058
1 2 3478 15787 16121
1 2 15787 3479 8057
1 2 16121 8057 2135
1 2 15787 8057 16121
1 2 477 4549 7423
1 2 4549 2716 7422
1 2 7423 7422 4177
1 2 4549 7422 7423
1 2 2716 5005 5007
1 2 5005 131 5006
1 2 5007 5006 4217
1 2 5005 5006 5007
1 2 4177 9230 9232
1 2 9230 4217 9231
1 2 9232 9231 478
1 2 9230 9231 9232
1 2 2716 5007 7422
1 2 5007 4217 9230
1 2 7422 9230 4177
1 2 5007 9230 7422
1 2 479 7389 11832
1 2 7389 1678 11831
1 2 11832 11831 1680
1 2 7389 11831 11832
1 2 1678 15935 16462
1 2 15935 478 15339
1 2 16462 15339 1679
1 2 15935 15339 16462
1 2 1680 14625 5392
1 2 14625 1679 14065
1 2 5392 14065 147
1 2 14625 14065 5392
1 2 1678 16462 11831
1 2 16462 1679 14625
1 2 11831 14625 1680
1 2 16462 14625 11831
1 2 477 7423 15522
1 2 7423 4177 15521
1 2 15522 15521 3479
1 2 7423 15521 15522
1 2 4177 9232 15936
1 2 9232 478 15935
1 2 15936 15935 1678
1 2 9232 15935 15936
1 2 3479 7388 7390
1 2 7388 1678 7389
1 2 7390 7389 479
1 2 7388 7389 7390
1 2 4177 15936 15521
1 2 15936 1678 7388
1 2 15521 7388 3479
1 2 15936 7388 15521
1 2 131 14639 5006
1 2 14639 3314 13508
1 2 5006 13508 4217
1 2 14639 13508 5006
1 2 3314 6480 13506
1 2 6480 968 13702
1 2 13506 13702 1861
1 2 6480 13702 13506
1 2 4217 13507 9231
1 2 13507 1861 7301
1 2 9231 7301 478
1 2 13507 7301 9231
1 2 3314 13506 13508
1 2 13506 1861 13507
1 2 13508 13507 4217
1 2 13506 13507 13508
1 2 968 6917 12153
1 2 6917 2067 5165
1 2 12153 5165 1859
1 2 6917 5165 12153
1 2 2067 5434 5163
1 2 5434 148 5255
1 2 5163 5255 2068
1 2 5434 5255 5163
1 2 1859 5164 15706
1 2 5164 2068 15735
1 2 15706 15735 969
1 2 5164 15735 15706
1 2 2067 5163 5165
1 2 5163 2068 5164
1 2 5165 5164 1859
1 2 5163 5164 5165
1 2 478 7300 15339
1 2 7300 1860 15338
1 2 15339 15338 1679
1 2 7300 15338 15339
1 2 1860 15707 16035
1 2 15707 969 6721
1 2 16035 6721 3123
1 2 15707 6721 16035
1 2 1679 14064 14065
1 2 14064 3123 12452
1 2 14065 12452 147
1 2 14064 12452 14065
1 2 1860 16035 15338
1 2 16035 3123 14064
1 2 15338 14064 1679
1 2 16035 14064 15338
1 2 968 12153 13702
1 2 12153 1859 13701
1 2 13702 13701 1861
1 2 12153 13701 13702
1 2 1859 15706 15708
1 2 15706 969 15707
1 2 15708 15707 1860
1 2 15706 15707 15708
1 2 1861 7299 7301
1 2 7299 1860 7300
1 2 7301 7300 478
1 2 7299 7300 7301
1 2 1859 15708 13701
1 2 15708 1860 7299
1 2 13701 7299 1861
1 2 15708 7299 13701
1 2 131 8730 14639
1 2 8730 3312 11005
1 2 14639 11005 3314
1 2 8730 11005 14639
1 2 3312 10426 10428
1 2 10426 994 10427
1 2 10428 10427 3313
1 2 10426 10427 10428
1 2 3314 6478 6480
1 2 6478 3313 6479
1 2 6480 6479 968
1 2 6478 6479 6480
1 2 3312 10428 11005
1 2 10428 3313 6478
1 2 11005 6478 3314
1 2 10428 6478 11005
1 2 994 13706 13670
1 2 13706 2758 4909
1 2 13670 4909 2760
1 2 13706 4909 13670
1 2 2758 16299 4907
1 2 16299 132 8821
1 2 4907 8821 2759
1 2 16299 8821 4907
1 2 2760 4908 7043
1 2 4908 2759 7042
1 2 7043 7042 605
1 2 4908 7042 7043
1 2 2758 4907 4909
1 2 4907 2759 4908
1 2 4909 4908 2760
1 2 4907 4908 4909
1 2 968 6915 6917
1 2 6915 3714 6916
1 2 6917 6916 2067
1 2 6915 6916 6917
1 2 3714 11652 9011
1 2 11652 605 11653
1 2 9011 11653 1894
1 2 11652 11653 9011
1 2 2067 5432 5434
1 2 5432 1894 5433
1 2 5434 5433 148
1 2 5432 5433 5434
1 2 3714 9011 6916
1 2 9011 1894 5432
1 2 6916 5432 2067
1 2 9011 5432 6916
1 2 994 13670 10427
1 2 13670 2760 8254
1 2 10427 8254 3313
1 2 13670 8254 10427
1 2 2760 7043 8252
1 2 7043 605 11652
1 2 8252 11652 3714
1 2 7043 11652 8252
1 2 3313 8253 6479
1 2 8253 3714 6915
1 2 6479 6915 968
1 2 8253 6915 6479
1 2 2760 8252 8254
1 2 8252 3714 8253
1 2 8254 8253 3313
1 2 8252 8253 8254
1 2 132 8819 8821
1 2 8819 2111 8820
1 2 8821 8820 2759
1 2 8819 8820 8821
1 2 2111 8453 9138
1 2 8453 603 11279
1 2 9138 11279 4099
1 2 8453 11279 9138
1 2 2759 9139 7042
1 2 9139 4099 12915
1 2 7042 12915 605
1 2 9139 12915 7042
1 2 2111 9138 8820
1 2 9138 4099 9139
1 2 8820 9139 2759
1 2 9138 9139 8820
1 2 603 16591 13924
1 2 16591 2288 8126
1 2 13924 8126 3642
1 2 16591 8126 13924
1 2 2288 8516 8124
1 2 8516 149 10307
1 2 8124 10307 2226
1 2 8516 10307 8124
1 2 3642 8125 13306
1 2 8125 2226 13715
1 2 13306 13715 604
1 2 8125 13715 13306
1 2 2288 8124 8126
1 2 8124 2226 8125
1 2 8126 8125 3642
1 2 8124 8125 8126
1 2 605 16416 11653
1 2 16416 1892 10535
1 2 11653 10535 1894
1 2 16416 10535 11653
1 2 1892 13307 10533
1 2 13307 604 15661
1 2 10533 15661 1893
1 2 13307 15661 10533
1 2 1894 10534 5433
1 2 10534 1893 14361
1 2 5433 14361 148
1 2 10534 14361 5433
1 2 1892 10533 10535
1 2 10533 1893 10534
1 2 10535 10534 1894
1 2 10533 10534 10535
1 2 603 13924 11279
1 2 13924 3642 7467
1 2 11279 7467 4099
1 2 13924 7467 11279
1 2 3642 13306 7465
1 2 13306 604 13307
1 2 7465 13307 1892
1 2 13306 13307 7465
1 2 4099 7466 12915
1 2 7466 1892 16416
1 2 12915 16416 605
1 2 7466 16416 12915
1 2 3642 7465 7467
1 2 7465 1892 7466
1 2 7467 7466 4099
1 2 7465 7466 7467
1 2 132 9831 8819
1 2 9831 2109 9832
1 2 8819 9832 2111
1 2 9831 9832 8819
1 2 2109 15012 10517
1 2 15012 789 10228
1 2 10517 10228 2110
1 2 15012 10228 10517
1 2 2111 8451 8453
1 2 8451 2110 8452
1 2 8453 8452 603
1 2 8451 8452 8453
1 2 2109 10517 9832
1 2 10517 2110 8451
1 2 9832 8451 2111
1 2 10517 8451 9832
1 2 789 8063 10226
1 2 8063 3552 13390
1 2 10226 13390 2178
1 2 8063 13390 10226
1 2 3552 6099 6101
1 2 6099 133 6100
1 2 6101 6100 1880
1 2 6099 6100 6101
1 2 2178 13389 14025
1 2 13389 1880 9983
1 2 14025 9983 862
1 2 13389 9983 14025
1 2 3552 6101 13390
1 2 6101 1880 13389
1 2 13390 13389 2178
1 2 6101 13389 13390
1 2 603 14246 16591
1 2 14246 2179 7139
1 2 16591 7139 2288
1 2 14246 7139 16591
1 2 2179 13529 7137
1 2 13529 862 4930
1 2 7137 4930 2287
1 2 13529 4930 7137
1 2 2288 7138 8516
1 2 7138 2287 8299
1 2 8516 8299 149
1 2 7138 8299 8516
1 2 2179 7137 7139
1 2 7137 2287 7138
1 2 7139 7138 2288
1 2 7137 7138 7139
1 2 789 10226 10228
1 2 10226 2178 10227
1 2 10228 10227 2110
1 2 10226 10227 10228
1 2 2178 14025 13030
1 2 14025 862 13529
1 2 13030 13529 2179
1 2 14025 13529 13030
1 2 2110 13031 8452
1 2 13031 2179 14246
1 2 8452 14246 603
1 2 13031 14246 8452
1 2 2178 13030 10227
1 2 13030 2179 13031
1 2 10227 13031 2110
1 2 13030 13031 10227
1 2 133 14912 6100
1 2 14912 1878 14913
1 2 6100 14913 1880
1 2 14912 14913 6100
1 2 1878 6798 7648
1 2 6798 868 6072
1 2 7648 6072 1879
1 2 6798 6072 7648
1 2 1880 9981 9983
1 2 9981 1879 9982
1 2 9983 9982 862
1 2 9981 9982 9983
1 2 1878 7648 14913
1 2 7648 1879 9981
1 2 14913 9981 1880
1 2 7648 9981 14913
1 2 868 8593 6071
1 2 8593 1247 13660
1 2 6071 13660 3052
1 2 8593 13660 6071
1 2 1247 8947 8949
1 2 8947 150 8948
1 2 8949 8948 2439
1 2 8947 8948 8949
1 2 3052 11941 8244
1 2 11941 2439 11942
1 2 8244 11942 1080
1 2 11941 11942 8244
1 2 1247 8949 13660
1 2 8949 2439 11941
1 2 13660 11941 3052
1 2 8949 11941 13660
1 2 862 4928 4930
1 2 4928 3053 4929
1 2 4930 4929 2287
1 2 4928 4929 4930
1 2 3053 8245 14576
1 2 8245 1080 14876
1 2 14576 14876 3114
1 2 8245 14876 14576
1 2 2287 8297 8299
1 2 8297 3114 8298
1 2 8299 8298 149
1 2 8297 8298 8299
1 2 3053 14576 4929
1 2 14576 3114 8297
1 2 4929 8297 2287
1 2 14576 8297 4929
1 2 868 6071 6072
1 2 6071 3052 5630
1 2 6072 5630 1879
1 2 6071 5630 6072
1 2 3052 8244 5628
1 2 8244 1080 8245
1 2 5628 8245 3053
1 2 8244 8245 5628
1 2 1879 5629 9982
1 2 5629 3053 4928
1 2 9982 4928 862
1 2 5629 4928 9982
1 2 3052 5628 5630
1 2 5628 3053 5629
1 2 5630 5629 1879
1 2 5628 5629 5630
1 2 133 4424 14912
1 2 4424 1213 15926
1 2 14912 15926 1878
1 2 4424 15926 14912
1 2 1213 7707 7709
1 2 7707 866 7708
1 2 7709 7708 3326
1 2 7707 7708 7709
1 2 1878 6796 6798
1 2 6796 3326 6797
1 2 6798 6797 868
1 2 6796 6797 6798
1 2 1213 7709 15926
1 2 7709 3326 6796
1 2 15926 6796 1878
1 2 7709 6796 15926
1 2 866 5285 13399
1 2 5285 2972 16257
1 2 13399 16257 3325
1 2 5285 16257 13399
1 2 2972 13119 16055
1 2 13119 134 13034
1 2 16055 13034 2601
1 2 13119 13034 16055
1 2 3325 6886 6888
1 2 6886 2601 6887
1 2 6888 6887 867
1 2 6886 6887 6888
1 2 2972 16055 16257
1 2 16055 2601 6886
1 2 16257 6886 3325
1 2 16055 6886 16257
1 2 868 8592 8593
1 2 8592 1245 7747
1 2 8593 7747 1247
1 2 8592 7747 8593
1 2 1245 12522 7745
1 2 12522 867 13137
1 2 7745 13137 1246
1 2 12522 13137 7745
1 2 1247 7746 8947
1 2 7746 1246 11916
1 2 8947 11916 150
1 2 7746 11916 8947
1 2 1245 7745 7747
1 2 7745 1246 7746
1 2 7747 7746 1247
1 2 7745 7746 7747
1 2 866 13399 7708
1 2 13399 3325 4509
1 2 7708 4509 3326
1 2 13399 4509 7708
1 2 3325 6888 4507
1 2 6888 867 12522
1 2 4507 12522 1245
1 2 6888 12522 4507
1 2 3326 4508 6797
1 2 4508 1245 8592
1 2 6797 8592 868
1 2 4508 8592 6797
1 2 3325 4507 4509
1 2 4507 1245 4508
1 2 4509 4508 3326
1 2 4507 4508 4509
1 2 134 10703 13034
1 2 10703 1151 9150
1 2 13034 9150 2601
1 2 10703 9150 13034
1 2 1151 9289 9149
1 2 9289 852 9290
1 2 9149 9290 2600
1 2 9289 9290 9149
1 2 2601 8496 6887
1 2 8496 2600 8497
1 2 6887 8497 867
1 2 8496 8497 6887
1 2 1151 9149 9150
1 2 9149 2600 8496
1 2 9150 8496 2601
1 2 9149 8496 9150
1 2 852 6021 6023
1 2 6021 2960 6022
1 2 6023 6022 2962
1 2 6021 6022 6023
1 2 2960 10358 10360
1 2 10358 151 10359
1 2 10360 10359 2961
1 2 10358 10359 10360
1 2 2962 12363 8879
1 2 12363 2961 12364
1 2 8879 12364 875
1 2 12363 12364 8879
1 2 2960 10360 6022
1 2 10360 2961 12363
1 2 6022 12363 2962
1 2 10360 12363 6022
1 2 867 14029 13137
1 2 14029 3466 7950
1 2 13137 7950 1246
1 2 14029 7950 13137
1 2 3466 8880 7948
1 2 8880 875 10016
1 2 7948 10016 3467
1 2 8880 10016 7948
1 2 1246 7949 11916
1 2 7949 3467 9153
1 2 11916 9153 150
1 2 7949 9153 11916
1 2 3466 7948 7950
1 2 7948 3467 7949
1 2 7950 7949 1246
1 2 7948 7949 7950
1 2 852 6023 9290
1 2 6023 2962 9624
1 2 9290 9624 2600
1 2 6023 9624 9290
1 2 2962 8879 8881
1 2 8879 875 8880
1 2 8881 8880 3466
1 2 8879 8880 8881
1 2 2600 14028 8497
1 2 14028 3466 14029
1 2 8497 14029 867
1 2 14028 14029 8497
1 2 2962 8881 9624
1 2 8881 3466 14028
1 2 9624 14028 2600
1 2 8881 14028 9624
1 2 134 10702 10703
1 2 10702 1149 9824
1 2 10703 9824 1151
1 2 10702 9824 10703
1 2 1149 11847 9822
1 2 11847 714 11848
1 2 9822 11848 1150
1 2 11847 11848 9822
1 2 1151 9823 9289
1 2 9823 1150 16160
1 2 9289 16160 852
1 2 9823 16160 9289
1 2 1149 9822 9824
1 2 9822 1150 9823
1 2 9824 9823 1151
1 2 9822 9823 9824
1 2 714 6751 6753
1 2 6751 3171 6752
1 2 6753 6752 1482
1 2 6751 6752 6753
1 2 3171 9173 7483
1 2 9173 135 15123
1 2 7483 15123 4058
1 2 9173 15123 7483
1 2 1482 7484 9056
1 2 7484 4058 9055
1 2 9056 9055 519
1 2 7484 9055 9056
1 2 3171 7483 6752
1 2 7483 4058 7484
1 2 6752 7484 1482
1 2 7483 7484 6752
1 2 852 8765 6021
1 2 8765 1483 8766
1 2 6021 8766 2960
1 2 8765 8766 6021
1 2 1483 13115 12151
1 2 13115 519 10752
1 2 12151 10752 3902
1 2 13115 10752 12151
1 2 2960 12152 10358
1 2 12152 3902 14889
1 2 10358 14889 151
1 2 12152 14889 10358
1 2 1483 12151 8766
1 2 12151 3902 12152
1 2 8766 12152 2960
1 2 12151 12152 8766
1 2 714 6753 11848
1 2 6753 1482 13553
1 2 11848 13553 1150
1 2 6753 13553 11848
1 2 1482 9056 13116
1 2 9056 519 13115
1 2 13116 13115 1483
1 2 9056 13115 13116
1 2 1150 16382 16160
1 2 16382 1483 8765
1 2 16160 8765 852
1 2 16382 8765 16160
1 2 1482 13116 13553
1 2 13116 1483 16382
1 2 13553 16382 1150
1 2 13116 16382 13553
1 2 135 15121 15123
1 2 15121 3906 15122
1 2 15123 15122 4058
1 2 15121 15122 15123
1 2 3906 6835 11392
1 2 6835 380 11391
1 2 11392 11391 3297
1 2 6835 11391 11392
1 2 4058 16409 9055
1 2 16409 3297 11077
1 2 9055 11077 519
1 2 16409 11077 9055
1 2 3906 11392 15122
1 2 11392 3297 16409
1 2 15122 16409 4058
1 2 11392 16409 15122
1 2 380 14922 14923
1 2 14922 1336 5124
1 2 14923 5124 3295
1 2 14922 5124 14923
1 2 1336 13463 5122
1 2 13463 152 4349
1 2 5122 4349 3576
1 2 13463 4349 5122
1 2 3295 5123 7602
1 2 5123 3576 16411
1 2 7602 16411 518
1 2 5123 16411 7602
1 2 1336 5122 5124
1 2 5122 3576 5123
1 2 5124 5123 3295
1 2 5122 5123 5124
1 2 519 10751 10752
1 2 10751 3296 4892
1 2 10752 4892 3902
1 2 10751 4892 10752
1 2 3296 6294 4890
1 2 6294 518 6295
1 2 4890 6295 3901
1 2 6294 6295 4890
1 2 3902 4891 14889
1 2 4891 3901 16367
1 2 14889 16367 151
1 2 4891 16367 14889
1 2 3296 4890 4892
1 2 4890 3901 4891
1 2 4892 4891 3902
1 2 4890 4891 4892
1 2 380 14923 11391
1 2 14923 3295 5177
1 2 11391 5177 3297
1 2 14923 5177 11391
1 2 3295 7602 5175
1 2 7602 518 6294
1 2 5175 6294 3296
1 2 7602 6294 5175
1 2 3297 5176 11077
1 2 5176 3296 10751
1 2 11077 10751 519
1 2 5176 10751 11077
1 2 3295 5175 5177
1 2 5175 3296 5176
1 2 5177 5176 3297
1 2 5175 5176 5177
1 2 135 15538 15121
1 2 15538 3905 7047
1 2 15121 7047 3906
1 2 15538 7047 15121
1 2 3905 9917 7046
1 2 9917 378 9918
1 2 7046 9918 3591
1 2 9917 9918 7046
1 2 3906 6833 6835
1 2 6833 3591 6834
1 2 6835 6834 380
1 2 6833 6834 6835
1 2 3905 7046 7047
1 2 7046 3591 6833
1 2 7047 6833 3906
1 2 7046 6833 7047
1 2 378 10018 12297
1 2 10018 3706 15430
1 2 12297 15430 3590
1 2 10018 15430 12297
1 2 3706 14561 15793
1 2 14561 136 11811
1 2 15793 11811 3864
1 2 14561 11811 15793
1 2 3590 15124 12261
1 2 15124 3864 14727
1 2 12261 14727 379
1 2 15124 14727 12261
1 2 3706 15793 15430
1 2 15793 3864 15124
1 2 15430 15124 3590
1 2 15793 15124 15430
1 2 380 11946 14922
1 2 11946 1334 9183
1 2 14922 9183 1336
1 2 11946 9183 14922
1 2 1334 12262 9181
1 2 12262 379 4357
1 2 9181 4357 1335
1 2 12262 4357 9181
1 2 1336 9182 13463
1 2 9182 1335 4306
1 2 13463 4306 152
1 2 9182 4306 13463
1 2 1334 9181 9183
1 2 9181 1335 9182
1 2 9183 9182 1336
1 2 9181 9182 9183
1 2 378 12297 9918
1 2 12297 3590 5223
1 2 9918 5223 3591
1 2 12297 5223 9918
1 2 3590 12261 5221
1 2 12261 379 12262
1 2 5221 12262 1334
1 2 12261 12262 5221
1 2 3591 5222 6834
1 2 5222 1334 11946
1 2 6834 11946 380
1 2 5222 11946 6834
1 2 3590 5221 5223
1 2 5221 1334 5222
1 2 5223 5222 3591
1 2 5221 5222 5223
1 2 136 11809 11811
1 2 11809 3924 11810
1 2 11811 11810 3864
1 2 11809 11810 11811
1 2 3924 13282 13284
1 2 13282 980 13283
1 2 13284 13283 3925
1 2 13282 13283 13284
1 2 3864 14725 14727
1 2 14725 3925 14726
1 2 14727 14726 379
1 2 14725 14726 14727
1 2 3924 13284 11810
1 2 13284 3925 14725
1 2 11810 14725 3864
1 2 13284 14725 11810
1 2 980 10091 10092
1 2 10091 3124 5901
1 2 10092 5901 3125
1 2 10091 5901 10092
1 2 3124 14098 5899
1 2 14098 153 14099
1 2 5899 14099 2057
1 2 14098 14099 5899
1 2 3125 5900 15534
1 2 5900 2057 12242
1 2 15534 12242 907
1 2 5900 12242 15534
1 2 3124 5899 5901
1 2 5899 2057 5900
1 2 5901 5900 3125
1 2 5899 5900 5901
1 2 379 4355 4357
1 2 4355 3106 4356
1 2 4357 4356 1335
1 2 4355 4356 4357
1 2 3106 14971 5681
1 2 14971 907 9233
1 2 5681 9233 3107
1 2 14971 9233 5681
1 2 1335 4304 4306
1 2 4304 3107 4305
1 2 4306 4305 152
1 2 4304 4305 4306
1 2 3106 5681 4356
1 2 5681 3107 4304
1 2 4356 4304 1335
1 2 5681 4304 4356
1 2 980 10092 13283
1 2 10092 3125 10090
1 2 13283 10090 3925
1 2 10092 10090 13283
1 2 3125 15534 10088
1 2 15534 907 14971
1 2 10088 14971 3106
1 2 15534 14971 10088
1 2 3925 10089 14726
1 2 10089 3106 4355
1 2 14726 4355 379
1 2 10089 4355 14726
1 2 3125 10088 10090
1 2 10088 3106 10089
1 2 10090 10089 3925
1 2 10088 10089 10090
1 2 137 6033 6035
1 2 6033 2984 6034
1 2 6035 6034 2985
1 2 6033 6034 6035
1 2 2984 7120 15406
1 2 7120 500 16546
1 2 15406 16546 1864
1 2 7120 16546 15406
1 2 2985 5921 5923
1 2 5921 1864 5922
1 2 5923 5922 583
1 2 5921 5922 5923
1 2 2984 15406 6034
1 2 15406 1864 5921
1 2 6034 5921 2985
1 2 15406 5921 6034
1 2 500 10550 10551
1 2 10550 2017 10425
1 2 10551 10425 1862
1 2 10550 10425 10551
1 2 2017 9643 10423
1 2 9643 138 12001
1 2 10423 12001 3814
1 2 9643 12001 10423
1 2 1862 10424 14900
1 2 10424 3814 4452
1 2 14900 4452 582
1 2 10424 4452 14900
1 2 2017 10423 10425
1 2 10423 3814 10424
1 2 10425 10424 1862
1 2 10423 10424 10425
1 2 583 10447 16529
1 2 10447 1863 9229
1 2 16529 9229 4195
1 2 10447 9229 16529
1 2 1863 12933 9228
1 2 12933 582 12934
1 2 9228 12934 3512
1 2 12933 12934 9228
1 2 4195 9028 9030
1 2 9028 3512 9029
1 2 9030 9029 154
1 2 9028 9029 9030
1 2 1863 9228 9229
1 2 9228 3512 9028
1 2 9229 9028 4195
1 2 9228 9028 9229
1 2 500 10551 16546
1 2 10551 1862 13362
1 2 16546 13362 1864
1 2 10551 13362 16546
1 2 1862 14900 13361
1 2 14900 582 12933
1 2 13361 12933 1863
1 2 14900 12933 13361
1 2 1864 10446 5922
1 2 10446 1863 10447
1 2 5922 10447 583
1 2 10446 10447 5922
1 2 1862 13361 13362
1 2 13361 1863 10446
1 2 13362 10446 1864
1 2 13361 10446 13362
1 2 138 16576 12001
1 2 16576 2071 8387
1 2 12001 8387 3814
1 2 16576 8387 12001
1 2 2071 4276 7496
1 2 4276 864 7495
1 2 7496 7495 2407
1 2 4276 7495 7496
1 2 3814 4450 4452
1 2 4450 2407 4451
1 2 4452 4451 582
1 2 4450 4451 4452
1 2 2071 7496 8387
1 2 7496 2407 4450
1 2 8387 4450 3814
1 2 7496 4450 8387
1 2 864 11167 13642
1 2 11167 2583 13899
1 2 13642 13899 2405
1 2 11167 13899 13642
1 2 2583 13988 13990
1 2 13988 155 13989
1 2 13990 13989 2817
1 2 13988 13989 13990
1 2 2405 14638 4969
1 2 14638 2817 15230
1 2 4969 15230 584
1 2 14638 15230 4969
1 2 2583 13990 13899
1 2 13990 2817 14638
1 2 13899 14638 2405
1 2 13990 14638 13899
1 2 582 12836 12934
1 2 12836 2406 15626
1 2 12934 15626 3512
1 2 12836 15626 12934
1 2 2406 4970 13813
1 2 4970 584 13812
1 2 13813 13812 2451
1 2 4970 13812 13813
1 2 3512 15625 9029
1 2 15625 2451 11634
1 2 9029 11634 154
1 2 15625 11634 9029
1 2 2406 13813 15626
1 2 13813 2451 15625
1 2 15626 15625 3512
1 2 13813 15625 15626
1 2 864 13642 7495
1 2 13642 2405 10299
1 2 7495 10299 2407
1 2 13642 10299 7495
1 2 2405 4969 4971
1 2 4969 584 4970
1 2 4971 4970 2406
1 2 4969 4970 4971
1 2 2407 10298 4451
1 2 10298 2406 12836
1 2 4451 12836 582
1 2 10298 12836 4451
1 2 2405 4971 10299
1 2 4971 2406 10298
1 2 10299 10298 2407
1 2 4971 10298 10299
1 2 138 6529 16576
1 2 6529 2069 15938
1 2 16576 15938 2071
1 2 6529 15938 16576
1 2 2069 12073 13594
1 2 12073 547 11978
1 2 13594 11978 2070
1 2 12073 11978 13594
1 2 2071 4274 4276
1 2 4274 2070 4275
1 2 4276 4275 864
1 2 4274 4275 4276
1 2 2069 13594 15938
1 2 13594 2070 4274
1 2 15938 4274 2071
1 2 13594 4274 15938
1 2 547 7819 11977
1 2 7819 2500 16077
1 2 11977 16077 2502
1 2 7819 16077 11977
1 2 2500 5420 16076
1 2 5420 139 13839
1 2 16076 13839 2501
1 2 5420 13839 16076
1 2 2502 15014 13546
1 2 15014 2501 11997
1 2 13546 11997 887
1 2 15014 11997 13546
1 2 2500 16076 16077
1 2 16076 2501 15014
1 2 16077 15014 2502
1 2 16076 15014 16077
1 2 864 10671 11167
1 2 10671 2582 11166
1 2 11167 11166 2583
1 2 10671 11166 11167
1 2 2582 13547 13301
1 2 13547 887 14851
1 2 13301 14851 2100
1 2 13547 14851 13301
1 2 2583 13302 13988
1 2 13302 2100 8555
1 2 13988 8555 155
1 2 13302 8555 13988
1 2 2582 13301 11166
1 2 13301 2100 13302
1 2 11166 13302 2583
1 2 13301 13302 11166
1 2 547 11977 11978
1 2 11977 2502 11586
1 2 11978 11586 2070
1 2 11977 11586 11978
1 2 2502 13546 11585
1 2 13546 887 13547
1 2 11585 13547 2582
1 2 13546 13547 11585
1 2 2070 10670 4275
1 2 10670 2582 10671
1 2 4275 10671 864
1 2 10670 10671 4275
1 2 2502 11585 11586
1 2 11585 2582 10670
1 2 11586 10670 2070
1 2 11585 10670 11586
1 2 139 7793 13839
1 2 7793 3880 13838
1 2 13839 13838 2501
1 2 7793 13838 13839
1 2 3880 14687 14689
1 2 14687 886 14688
1 2 14689 14688 3045
1 2 14687 14688 14689
1 2 2501 11995 11997
1 2 11995 3045 11996
1 2 11997 11996 887
1 2 11995 11996 11997
1 2 3880 14689 13838
1 2 14689 3045 11995
1 2 13838 11995 2501
1 2 14689 11995 13838
1 2 886 7381 7383
1 2 7381 3441 7382
1 2 7383 7382 3044
1 2 7381 7382 7383
1 2 3441 7839 9862
1 2 7839 156 10123
1 2 9862 10123 2112
1 2 7839 10123 9862
1 2 3044 9863 12999
1 2 9863 2112 9727
1 2 12999 9727 719
1 2 9863 9727 12999
1 2 3441 9862 7382
1 2 9862 2112 9863
1 2 7382 9863 3044
1 2 9862 9863 7382
1 2 887 14500 14851
1 2 14500 2099 9477
1 2 14851 9477 2100
1 2 14500 9477 14851
1 2 2099 7974 7976
1 2 7974 719 7975
1 2 7976 7975 1701
1 2 7974 7975 7976
1 2 2100 8553 8555
1 2 8553 1701 8554
1 2 8555 8554 155
1 2 8553 8554 8555
1 2 2099 7976 9477
1 2 7976 1701 8553
1 2 9477 8553 2100
1 2 7976 8553 9477
1 2 886 7383 14688
1 2 7383 3044 4705
1 2 14688 4705 3045
1 2 7383 4705 14688
1 2 3044 12999 4703
1 2 12999 719 7974
1 2 4703 7974 2099
1 2 12999 7974 4703
1 2 3045 4704 11996
1 2 4704 2099 14500
1 2 11996 14500 887
1 2 4704 14500 11996
1 2 3044 4703 4705
1 2 4703 2099 4704
1 2 4705 4704 3045
1 2 4703 4704 4705
1 2 139 7791 7793
1 2 7791 3231 7792
1 2 7793 7792 3880
1 2 7791 7792 7793
1 2 3231 16114 15704
1 2 16114 686 13029
1 2 15704 13029 3716
1 2 16114 13029 15704
1 2 3880 15705 14687
1 2 15705 3716 16459
1 2 14687 16459 886
1 2 15705 16459 14687
1 2 3231 15704 7792
1 2 15704 3716 15705
1 2 7792 15705 3880
1 2 15704 15705 7792
1 2 686 14952 13028
1 2 14952 1764 14752
1 2 13028 14752 3715
1 2 14952 14752 13028
1 2 1764 12657 12659
1 2 12657 140 12658
1 2 12659 12658 2254
1 2 12657 12658 12659
1 2 3715 13720 7775
1 2 13720 2254 8178
1 2 7775 8178 328
1 2 13720 8178 7775
1 2 1764 12659 14752
1 2 12659 2254 13720
1 2 14752 13720 3715
1 2 12659 13720 14752
1 2 886 15291 7381
1 2 15291 3439 7148
1 2 7381 7148 3441
1 2 15291 7148 7381
1 2 3439 7776 7146
1 2 7776 328 11419
1 2 7146 11419 3440
1 2 7776 11419 7146
1 2 3441 7147 7839
1 2 7147 3440 7838
1 2 7839 7838 156
1 2 7147 7838 7839
1 2 3439 7146 7148
1 2 7146 3440 7147
1 2 7148 7147 3441
1 2 7146 7147 7148
1 2 686 13028 13029
1 2 13028 3715 5492
1 2 13029 5492 3716
1 2 13028 5492 13029
1 2 3715 7775 5490
1 2 7775 328 7776
1 2 5490 7776 3439
1 2 7775 7776 5490
1 2 3716 5491 16459
1 2 5491 3439 15291
1 2 16459 15291 886
1 2 5491 15291 16459
1 2 3715 5490 5492
1 2 5490 3439 5491
1 2 5492 5491 3716
1 2 5490 5491 5492
1 2 140 16440 12658
1 2 16440 2252 15031
1 2 12658 15031 2254
1 2 16440 15031 12658
1 2 2252 14511 15030
1 2 14511 326 8197
1 2 15030 8197 2253
1 2 14511 8197 15030
1 2 2254 8176 8178
1 2 8176 2253 8177
1 2 8178 8177 328
1 2 8176 8177 8178
1 2 2252 15030 15031
1 2 15030 2253 8176
1 2 15031 8176 2254
1 2 15030 8176 15031
1 2 326 6543 6545
1 2 6543 3461 6544
1 2 6545 6544 2936
1 2 6543 6544 6545
1 2 3461 8198 8200
1 2 8198 157 8199
1 2 8200 8199 2794
1 2 8198 8199 8200
1 2 2936 9601 11319
1 2 9601 2794 6181
1 2 11319 6181 327
1 2 9601 6181 11319
1 2 3461 8200 6544
1 2 8200 2794 9601
1 2 6544 9601 2936
1 2 8200 9601 6544
1 2 328 13671 11419
1 2 13671 2937 12808
1 2 11419 12808 3440
1 2 13671 12808 11419
1 2 2937 12515 12807
1 2 12515 327 10885
1 2 12807 10885 1292
1 2 12515 10885 12807
1 2 3440 9543 7838
1 2 9543 1292 9544
1 2 7838 9544 156
1 2 9543 9544 7838
1 2 2937 12807 12808
1 2 12807 1292 9543
1 2 12808 9543 3440
1 2 12807 9543 12808
1 2 326 6545 8197
1 2 6545 2936 8196
1 2 8197 8196 2253
1 2 6545 8196 8197
1 2 2936 11319 12516
1 2 11319 327 12515
1 2 12516 12515 2937
1 2 11319 12515 12516
1 2 2253 14728 8177
1 2 14728 2937 13671
1 2 8177 13671 328
1 2 14728 13671 8177
1 2 2936 12516 8196
1 2 12516 2937 14728
1 2 8196 14728 2253
1 2 12516 14728 8196
1 2 140 6269 16440
1 2 6269 3758 16131
1 2 16440 16131 2252
1 2 6269 16131 16440
1 2 3758 8458 15775
1 2 8458 712 15716
1 2 15775 15716 2607
1 2 8458 15716 15775
1 2 2252 14510 14511
1 2 14510 2607 6136
1 2 14511 6136 326
1 2 14510 6136 14511
1 2 3758 15775 16131
1 2 15775 2607 14510
1 2 16131 14510 2252
1 2 15775 14510 16131
1 2 712 14815 14816
1 2 14815 1488 5503
1 2 14816 5503 2605
1 2 14815 5503 14816
1 2 1488 9660 5501
1 2 9660 141 9661
1 2 5501 9661 2834
1 2 9660 9661 5501
1 2 2605 5502 11873
1 2 5502 2834 12141
1 2 11873 12141 713
1 2 5502 12141 11873
1 2 1488 5501 5503
1 2 5501 2834 5502
1 2 5503 5502 2605
1 2 5501 5502 5503
1 2 326 6135 6543
1 2 6135 2606 6199
1 2 6543 6199 3461
1 2 6135 6199 6543
1 2 2606 11874 6197
1 2 11874 713 16147
1 2 6197 16147 3863
1 2 11874 16147 6197
1 2 3461 6198 8198
1 2 6198 3863 15085
1 2 8198 15085 157
1 2 6198 15085 8198
1 2 2606 6197 6199
1 2 6197 3863 6198
1 2 6199 6198 3461
1 2 6197 6198 6199
1 2 712 14816 15716
1 2 14816 2605 15715
1 2 15716 15715 2607
1 2 14816 15715 15716
1 2 2605 11873 11875
1 2 11873 713 11874
1 2 11875 11874 2606
1 2 11873 11874 11875
1 2 2607 6134 6136
1 2 6134 2606 6135
1 2 6136 6135 326
1 2 6134 6135 6136
1 2 2605 11875 15715
1 2 11875 2606 6134
1 2 15715 6134 2607
1 2 11875 6134 15715
1 2 141 11191 9661
1 2 11191 2832 11192
1 2 9661 11192 2834
1 2 11191 11192 9661
1 2 2832 15281 15333
1 2 15281 751 12857
1 2 15333 12857 2833
1 2 15281 12857 15333
1 2 2834 12140 12141
1 2 12140 2833 10418
1 2 12141 10418 713
1 2 12140 10418 12141
1 2 2832 15333 11192
1 2 15333 2833 12140
1 2 11192 12140 2834
1 2 15333 12140 11192
1 2 751 9554 12583
1 2 9554 2612 5576
1 2 12583 5576 2614
1 2 9554 5576 12583
1 2 2612 15994 5574
1 2 15994 158 7856
1 2 5574 7856 2613
1 2 15994 7856 5574
1 2 2614 5575 12443
1 2 5575 2613 11173
1 2 12443 11173 752
1 2 5575 11173 12443
1 2 2612 5574 5576
1 2 5574 2613 5575
1 2 5576 5575 2614
1 2 5574 5575 5576
1 2 713 10417 16147
1 2 10417 3977 6988
1 2 16147 6988 3863
1 2 10417 6988 16147
1 2 3977 16165 6986
1 2 16165 752 6558
1 2 6986 6558 4147
1 2 16165 6558 6986
1 2 3863 6987 15085
1 2 6987 4147 13451
1 2 15085 13451 157
1 2 6987 13451 15085
1 2 3977 6986 6988
1 2 6986 4147 6987
1 2 6988 6987 3863
1 2 6986 6987 6988
1 2 751 12583 12857
1 2 12583 2614 11918
1 2 12857 11918 2833
1 2 12583 11918 12857
1 2 2614 12443 11917
1 2 12443 752 16165
1 2 11917 16165 3977
1 2 12443 16165 11917
1 2 2833 10416 10418
1 2 10416 3977 10417
1 2 10418 10417 713
1 2 10416 10417 10418
1 2 2614 11917 11918
1 2 11917 3977 10416
1 2 11918 10416 2833
1 2 11917 10416 11918
1 2 141 14966 11191
1 2 14966 3909 12414
1 2 11191 12414 2832
1 2 14966 12414 11191
1 2 3909 14847 12412
1 2 14847 623 15620
1 2 12412 15620 3910
1 2 14847 15620 12412
1 2 2832 12413 15281
1 2 12413 3910 14477
1 2 15281 14477 751
1 2 12413 14477 15281
1 2 3909 12412 12414
1 2 12412 3910 12413
1 2 12414 12413 2832
1 2 12412 12413 12414
1 2 623 7955 15235
1 2 7955 3081 15234
1 2 15235 15234 3083
1 2 7955 15234 15235
1 2 3081 5617 15751
1 2 5617 142 15750
1 2 15751 15750 3082
1 2 5617 15750 15751
1 2 3083 14623 13182
1 2 14623 3082 14624
1 2 13182 14624 1012
1 2 14623 14624 13182
1 2 3081 15751 15234
1 2 15751 3082 14623
1 2 15234 14623 3083
1 2 15751 14623 15234
1 2 751 9552 9554
1 2 9552 3681 9553
1 2 9554 9553 2612
1 2 9552 9553 9554
1 2 3681 13183 15902
1 2 13183 1012 15802
1 2 15902 15802 3682
1 2 13183 15802 15902
1 2 2612 15993 15994
1 2 15993 3682 11880
1 2 15994 11880 158
1 2 15993 11880 15994
1 2 3681 15902 9553
1 2 15902 3682 15993
1 2 9553 15993 2612
1 2 15902 15993 9553
1 2 623 15235 15620
1 2 15235 3083 12430
1 2 15620 12430 3910
1 2 15235 12430 15620
1 2 3083 13182 12428
1 2 13182 1012 13183
1 2 12428 13183 3681
1 2 13182 13183 12428
1 2 3910 12429 14477
1 2 12429 3681 9552
1 2 14477 9552 751
1 2 12429 9552 14477
1 2 3083 12428 12430
1 2 12428 3681 12429
1 2 12430 12429 3910
1 2 12428 12429 12430
1 2 142 16019 15750
1 2 16019 4073 16020
1 2 15750 16020 3082
1 2 16019 16020 15750
1 2 4073 13278 15365
1 2 13278 463 15364
1 2 15365 15364 2659
1 2 13278 15364 15365
1 2 3082 15593 14624
1 2 15593 2659 15594
1 2 14624 15594 1012
1 2 15593 15594 14624
1 2 4073 15365 16020
1 2 15365 2659 15593
1 2 16020 15593 3082
1 2 15365 15593 16020
1 2 463 12606 15083
1 2 12606 1715 7333
1 2 15083 7333 2657
1 2 12606 7333 15083
1 2 1715 5227 5229
1 2 5227 159 5228
1 2 5229 5228 2429
1 2 5227 5228 5229
1 2 2657 7332 16467
1 2 7332 2429 16156
1 2 16467 16156 976
1 2 7332 16156 16467
1 2 1715 5229 7333
1 2 5229 2429 7332
1 2 7333 7332 2657
1 2 5229 7332 7333
1 2 1012 15801 15802
1 2 15801 2658 15404
1 2 15802 15404 3682
1 2 15801 15404 15802
1 2 2658 10768 10770
1 2 10768 976 10769
1 2 10770 10769 2690
1 2 10768 10769 10770
1 2 3682 11879 11880
1 2 11879 2690 6863
1 2 11880 6863 158
1 2 11879 6863 11880
1 2 2658 10770 15404
1 2 10770 2690 11879
1 2 15404 11879 3682
1 2 10770 11879 15404
1 2 463 15083 15364
1 2 15083 2657 6152
1 2 15364 6152 2659
1 2 15083 6152 15364
1 2 2657 16467 6150
1 2 16467 976 10768
1 2 6150 10768 2658
1 2 16467 10768 6150
1 2 2659 6151 15594
1 2 6151 2658 15801
1 2 15594 15801 1012
1 2 6151 15801 15594
1 2 2657 6150 6152
1 2 6150 2658 6151
1 2 6152 6151 2659
1 2 6150 6151 6152
1 2 142 5766 16019
1 2 5766 2996 16394
1 2 16019 16394 4073
1 2 5766 16394 16019
1 2 2996 7533 7535
1 2 7533 461 7534
1 2 7535 7534 3427
1 2 7533 7534 7535
1 2 4073 13276 13278
1 2 13276 3427 13277
1 2 13278 13277 463
1 2 13276 13277 13278
1 2 2996 7535 16394
1 2 7535 3427 13276
1 2 16394 13276 4073
1 2 7535 13276 16394
1 2 461 6089 10397
1 2 6089 4108 8214
1 2 10397 8214 3426
1 2 6089 8214 10397
1 2 4108 11536 8212
1 2 11536 143 7505
1 2 8212 7505 2593
1 2 11536 7505 8212
1 2 3426 8213 8265
1 2 8213 2593 11256
1 2 8265 11256 462
1 2 8213 11256 8265
1 2 4108 8212 8214
1 2 8212 2593 8213
1 2 8214 8213 3426
1 2 8212 8213 8214
1 2 463 12605 12606
1 2 12605 1714 5999
1 2 12606 5999 1715
1 2 12605 5999 12606
1 2 1714 7290 5997
1 2 7290 462 7291
1 2 5997 7291 1232
1 2 7290 7291 5997
1 2 1715 5998 5227
1 2 5998 1232 12220
1 2 5227 12220 159
1 2 5998 12220 5227
1 2 1714 5997 5999
1 2 5997 1232 5998
1 2 5999 5998 1715
1 2 5997 5998 5999
1 2 461 10397 7534
1 2 10397 3426 6434
1 2 7534 6434 3427
1 2 10397 6434 7534
1 2 3426 8265 6432
1 2 8265 462 7290
1 2 6432 7290 1714
1 2 8265 7290 6432
1 2 3427 6433 13277
1 2 6433 1714 12605
1 2 13277 12605 463
1 2 6433 12605 13277
1 2 3426 6432 6434
1 2 6432 1714 6433
1 2 6434 6433 3427
1 2 6432 6433 6434
1 2 143 7503 7505
1 2 7503 2592 7504
1 2 7505 7504 2593
1 2 7503 7504 7505
1 2 2592 9506 9508
1 2 9506 863 9507
1 2 9508 9507 2478
1 2 9506 9507 9508
1 2 2593 11255 11256
1 2 11255 2478 4785
1 2 11256 4785 462
1 2 11255 4785 11256
1 2 2592 9508 7504
1 2 9508 2478 11255
1 2 7504 11255 2593
1 2 9508 11255 7504
1 2 863 5577 5578
1 2 5577 1674 4595
1 2 5578 4595 2038
1 2 5577 4595 5578
1 2 1674 7097 4593
1 2 7097 160 7098
1 2 4593 7098 2037
1 2 7097 7098 4593
1 2 2038 4594 6814
1 2 4594 2037 12696
1 2 6814 12696 681
1 2 4594 12696 6814
1 2 1674 4593 4595
1 2 4593 2037 4594
1 2 4595 4594 2038
1 2 4593 4594 4595
1 2 462 4784 7291
1 2 4784 1230 15004
1 2 7291 15004 1232
1 2 4784 15004 7291
1 2 1230 6815 7257
1 2 6815 681 7256
1 2 7257 7256 1231
1 2 6815 7256 7257
1 2 1232 12800 12220
1 2 12800 1231 12776
1 2 12220 12776 159
1 2 12800 12776 12220
1 2 1230 7257 15004
1 2 7257 1231 12800
1 2 15004 12800 1232
1 2 7257 12800 15004
1 2 863 5578 9507
1 2 5578 2038 15665
1 2 9507 15665 2478
1 2 5578 15665 9507
1 2 2038 6814 6816
1 2 6814 681 6815
1 2 6816 6815 1230
1 2 6814 6815 6816
1 2 2478 4783 4785
1 2 4783 1230 4784
1 2 4785 4784 462
1 2 4783 4784 4785
1 2 2038 6816 15665
1 2 6816 1230 4783
1 2 15665 4783 2478
1 2 6816 4783 15665
1 2 143 13299 7503
1 2 13299 4143 14651
1 2 7503 14651 2592
1 2 13299 14651 7503
1 2 4143 10214 10216
1 2 10214 661 10215
1 2 10216 10215 1858
1 2 10214 10215 10216
1 2 2592 10666 9506
1 2 10666 1858 10667
1 2 9506 10667 863
1 2 10666 10667 9506
1 2 4143 10216 14651
1 2 10216 1858 10666
1 2 14651 10666 2592
1 2 10216 10666 14651
1 2 661 10609 12838
1 2 10609 2168 12837
1 2 12838 12837 1857
1 2 10609 12837 12838
1 2 2168 6532 15499
1 2 6532 144 7685
1 2 15499 7685 2169
1 2 6532 7685 15499
1 2 1857 6131 6133
1 2 6131 2169 6132
1 2 6133 6132 930
1 2 6131 6132 6133
1 2 2168 15499 12837
1 2 15499 2169 6131
1 2 12837 6131 1857
1 2 15499 6131 12837
1 2 863 10019 5577
1 2 10019 1672 10020
1 2 5577 10020 1674
1 2 10019 10020 5577
1 2 1672 12675 12677
1 2 12675 930 12676
1 2 12677 12676 1673
1 2 12675 12676 12677
1 2 1674 14553 7097
1 2 14553 1673 9298
1 2 7097 9298 160
1 2 14553 9298 7097
1 2 1672 12677 10020
1 2 12677 1673 14553
1 2 10020 14553 1674
1 2 12677 14553 10020
1 2 661 12838 10215
1 2 12838 1857 10326
1 2 10215 10326 1858
1 2 12838 10326 10215
1 2 1857 6133 10324
1 2 6133 930 12675
1 2 10324 12675 1672
1 2 6133 12675 10324
1 2 1858 10325 10667
1 2 10325 1672 10019
1 2 10667 10019 863
1 2 10325 10019 10667
1 2 1857 10324 10326
1 2 10324 1672 10325
1 2 10326 10325 1858
1 2 10324 10325 10326
1 2 144 7684 7685
1 2 7684 1378 4927
1 2 7685 4927 2169
1 2 7684 4927 7685
1 2 1378 10384 4925
1 2 10384 827 8747
1 2 4925 8747 1605
1 2 10384 8747 4925
1 2 2169 4926 6132
1 2 4926 1605 9099
1 2 6132 9099 930
1 2 4926 9099 6132
1 2 1378 4925 4927
1 2 4925 1605 4926
1 2 4927 4926 2169
1 2 4925 4926 4927
1 2 827 14925 8745
1 2 14925 1256 16167
1 2 8745 16167 1603
1 2 14925 16167 8745
1 2 1256 14086 16314
1 2 14086 161 15013
1 2 16314 15013 2621
1 2 14086 15013 16314
1 2 1603 15906 14706
1 2 15906 2621 12444
1 2 14706 12444 533
1 2 15906 12444 14706
1 2 1256 16314 16167
1 2 16314 2621 15906
1 2 16167 15906 1603
1 2 16314 15906 16167
1 2 930 14105 12676
1 2 14105 1604 13717
1 2 12676 13717 1673
1 2 14105 13717 12676
1 2 1604 5608 5610
1 2 5608 533 5609
1 2 5610 5609 2367
1 2 5608 5609 5610
1 2 1673 9297 9298
1 2 9297 2367 5561
1 2 9298 5561 160
1 2 9297 5561 9298
1 2 1604 5610 13717
1 2 5610 2367 9297
1 2 13717 9297 1673
1 2 5610 9297 13717
1 2 827 8745 8747
1 2 8745 1603 8746
1 2 8747 8746 1605
1 2 8745 8746 8747
1 2 1603 14706 14707
1 2 14706 533 5608
1 2 14707 5608 1604
1 2 14706 5608 14707
1 2 1605 16154 9099
1 2 16154 1604 14105
1 2 9099 14105 930
1 2 16154 14105 9099
1 2 1603 14707 8746
1 2 14707 1604 16154
1 2 8746 16154 1605
1 2 14707 16154 8746
1 2 144 11576 7684
1 2 11576 1376 11169
1 2 7684 11169 1378
1 2 11576 11169 7684
1 2 1376 12162 11168
1 2 12162 825 12163
1 2 11168 12163 1377
1 2 12162 12163 11168
1 2 1378 10526 10384
1 2 10526 1377 10527
1 2 10384 10527 827
1 2 10526 10527 10384
1 2 1376 11168 11169
1 2 11168 1377 10526
1 2 11169 10526 1378
1 2 11168 10526 11169
1 2 825 13554 13555
1 2 13554 1965 9458
1 2 13555 9458 1967
1 2 13554 9458 13555
1 2 1965 9271 9273
1 2 9271 145 9272
1 2 9273 9272 1966
1 2 9271 9272 9273
1 2 1967 6585 6587
1 2 6585 1966 6586
1 2 6587 6586 826
1 2 6585 6586 6587
1 2 1965 9273 9458
1 2 9273 1966 6585
1 2 9458 6585 1967
1 2 9273 6585 9458
1 2 827 13384 14925
1 2 13384 1254 14924
1 2 14925 14924 1256
1 2 13384 14924 14925
1 2 1254 12547 15839
1 2 12547 826 7216
1 2 15839 7216 1255
1 2 12547 7216 15839
1 2 1256 14084 14086
1 2 14084 1255 14085
1 2 14086 14085 161
1 2 14084 14085 14086
1 2 1254 15839 14924
1 2 15839 1255 14084
1 2 14924 14084 1256
1 2 15839 14084 14924
1 2 825 13555 12163
1 2 13555 1967 12782
1 2 12163 12782 1377
1 2 13555 12782 12163
1 2 1967 6587 12548
1 2 6587 826 12547
1 2 12548 12547 1254
1 2 6587 12547 12548
1 2 1377 12781 10527
1 2 12781 1254 13384
1 2 10527 13384 827
1 2 12781 13384 10527
1 2 1967 12548 12782
1 2 12548 1254 12781
1 2 12782 12781 1377
1 2 12548 12781 12782
1 2 145 11328 9272
1 2 11328 3390 7768
1 2 9272 7768 1966
1 2 11328 7768 9272
1 2 3390 9361 7766
1 2 9361 828 12182
1 2 7766 12182 2074
1 2 9361 12182 7766
1 2 1966 7767 6586
1 2 7767 2074 10343
1 2 6586 10343 826
1 2 7767 10343 6586
1 2 3390 7766 7768
1 2 7766 2074 7767
1 2 7768 7767 1966
1 2 7766 7767 7768
1 2 828 5655 14171
1 2 5655 2861 12474
1 2 14171 12474 2072
1 2 5655 12474 14171
1 2 2861 10502 12473
1 2 10502 162 14733
1 2 12473 14733 2491
1 2 10502 14733 12473
1 2 2072 6299 6301
1 2 6299 2491 6300
1 2 6301 6300 416
1 2 6299 6300 6301
1 2 2861 12473 12474
1 2 12473 2491 6299
1 2 12474 6299 2072
1 2 12473 6299 12474
1 2 826 7214 7216
1 2 7214 2073 7215
1 2 7216 7215 1255
1 2 7214 7215 7216
1 2 2073 4471 4473
1 2 4471 416 4472
1 2 4473 4472 1711
1 2 4471 4472 4473
1 2 1255 10396 14085
1 2 10396 1711 13165
1 2 14085 13165 161
1 2 10396 13165 14085
1 2 2073 4473 7215
1 2 4473 1711 10396
1 2 7215 10396 1255
1 2 4473 10396 7215
1 2 828 14171 12182
1 2 14171 2072 14172
1 2 12182 14172 2074
1 2 14171 14172 12182
1 2 2072 6301 10956
1 2 6301 416 4471
1 2 10956 4471 2073
1 2 6301 4471 10956
1 2 2074 10342 10343
1 2 10342 2073 7214
1 2 10343 7214 826
1 2 10342 7214 10343
1 2 2072 10956 14172
1 2 10956 2073 10342
1 2 14172 10342 2074
1 2 10956 10342 14172
1 2 145 12449 11328
1 2 12449 3389 5345
1 2 11328 5345 3390
1 2 12449 5345 11328
1 2 3389 15368 5343
1 2 15368 576 16413
1 2 5343 16413 2586
1 2 15368 16413 5343
1 2 3390 5344 9361
1 2 5344 2586 9360
1 2 9361 9360 828
1 2 5344 9360 9361
1 2 3389 5343 5345
1 2 5343 2586 5344
1 2 5345 5344 3390
1 2 5343 5344 5345
1 2 576 11261 16555
1 2 11261 2403 16554
1 2 16555 16554 2584
1 2 11261 16554 16555
1 2 2403 5020 10903
1 2 5020 146 10902
1 2 10903 10902 2951
1 2 5020 10902 10903
1 2 2584 16495 13754
1 2 16495 2951 16379
1 2 13754 16379 412
1 2 16495 16379 13754
1 2 2403 10903 16554
1 2 10903 2951 16495
1 2 16554 16495 2584
1 2 10903 16495 16554
1 2 828 5653 5655
1 2 5653 2585 5654
1 2 5655 5654 2861
1 2 5653 5654 5655
1 2 2585 13755 15488
1 2 13755 412 6421
1 2 15488 6421 2860
1 2 13755 6421 15488
1 2 2861 10500 10502
1 2 10500 2860 10501
1 2 10502 10501 162
1 2 10500 10501 10502
1 2 2585 15488 5654
1 2 15488 2860 10500
1 2 5654 10500 2861
1 2 15488 10500 5654
1 2 576 16555 16413
1 2 16555 2584 15170
1 2 16413 15170 2586
1 2 16555 15170 16413
1 2 2584 13754 13756
1 2 13754 412 13755
1 2 13756 13755 2585
1 2 13754 13755 13756
1 2 2586 11325 9360
1 2 11325 2585 5653
1 2 9360 5653 828
1 2 11325 5653 9360
1 2 2584 13756 15170
1 2 13756 2585 11325
1 2 15170 11325 2586
1 2 13756 11325 15170
1 2 146 14606 10902
1 2 14606 2950 14607
1 2 10902 14607 2951
1 2 14606 14607 10902
1 2 2950 9216 9218
1 2 9216 410 9217
1 2 9218 9217 2445
1 2 9216 9217 9218
1 2 2951 14984 16379
1 2 14984 2445 8050
1 2 16379 8050 412
1 2 14984 8050 16379
1 2 2950 9218 14607
1 2 9218 2445 14984
1 2 14607 14984 2951
1 2 9218 14984 14607
1 2 410 10327 10329
1 2 10327 1152 10328
1 2 10329 10328 1154
1 2 10327 10328 10329
1 2 1152 13196 16478
1 2 13196 163 14151
1 2 16478 14151 1153
1 2 13196 14151 16478
1 2 1154 12797 12799
1 2 12797 1153 12798
1 2 12799 12798 411
1 2 12797 12798 12799
1 2 1152 16478 10328
1 2 16478 1153 12797
1 2 10328 12797 1154
1 2 16478 12797 10328
1 2 412 6419 6421
1 2 6419 2444 6420
1 2 6421 6420 2860
1 2 6419 6420 6421
1 2 2444 16364 15373
1 2 16364 411 14410
1 2 15373 14410 4146
1 2 16364 14410 15373
1 2 2860 13002 10501
1 2 13002 4146 13003
1 2 10501 13003 162
1 2 13002 13003 10501
1 2 2444 15373 6420
1 2 15373 4146 13002
1 2 6420 13002 2860
1 2 15373 13002 6420
1 2 410 10329 9217
1 2 10329 1154 14522
1 2 9217 14522 2445
1 2 10329 14522 9217
1 2 1154 12799 14521
1 2 12799 411 16364
1 2 14521 16364 2444
1 2 12799 16364 14521
1 2 2445 8049 8050
1 2 8049 2444 6419
1 2 8050 6419 412
1 2 8049 6419 8050
1 2 1154 14521 14522
1 2 14521 2444 8049
1 2 14522 8049 2445
1 2 14521 8049 14522
1 2 146 15536 14606
1 2 15536 3740 13175
1 2 14606 13175 2950
1 2 15536 13175 14606
1 2 3740 7091 13173
1 2 7091 965 13769
1 2 13173 13769 3652
1 2 7091 13769 13173
1 2 2950 13174 9216
1 2 13174 3652 16197
1 2 9216 16197 410
1 2 13174 16197 9216
1 2 3740 13173 13175
1 2 13173 3652 13174
1 2 13175 13174 2950
1 2 13173 13174 13175
1 2 965 7189 14863
1 2 7189 2980 10974
1 2 14863 10974 2981
1 2 7189 10974 14863
1 2 2980 5393 10972
1 2 5393 147 6747
1 2 10972 6747 1594
1 2 5393 6747 10972
1 2 2981 10973 8159
1 2 10973 1594 14478
1 2 8159 14478 718
1 2 10973 14478 8159
1 2 2980 10972 10974
1 2 10972 1594 10973
1 2 10974 10973 2981
1 2 10972 10973 10974
1 2 410 16196 10327
1 2 16196 2005 12616
1 2 10327 12616 1152
1 2 16196 12616 10327
1 2 2005 7997 7999
1 2 7997 718 7998
1 2 7999 7998 2006
1 2 7997 7998 7999
1 2 1152 12615 13196
1 2 12615 2006 11418
1 2 13196 11418 163
1 2 12615 11418 13196
1 2 2005 7999 12616
1 2 7999 2006 12615
1 2 12616 12615 1152
1 2 7999 12615 12616
1 2 965 14863 13769
1 2 14863 2981 6966
1 2 13769 6966 3652
1 2 14863 6966 13769
1 2 2981 8159 6964
1 2 8159 718 7997
1 2 6964 7997 2005
1 2 8159 7997 6964
1 2 3652 6965 16197
1 2 6965 2005 16196
1 2 16197 16196 410
1 2 6965 16196 16197
1 2 2981 6964 6966
1 2 6964 2005 6965
1 2 6966 6965 3652
1 2 6964 6965 6966
1 2 147 6745 6747
1 2 6745 1592 6746
1 2 6747 6746 1594
1 2 6745 6746 6747
1 2 1592 11651 9325
1 2 11651 716 13841
1 2 9325 13841 1593
1 2 11651 13841 9325
1 2 1594 9326 14478
1 2 9326 1593 11798
1 2 14478 11798 718
1 2 9326 11798 14478
1 2 1592 9325 6746
1 2 9325 1593 9326
1 2 6746 9326 1594
1 2 9325 9326 6746
1 2 716 10231 10232
1 2 10231 2953 9220
1 2 10232 9220 2955
1 2 10231 9220 10232
1 2 2953 4474 4476
1 2 4474 164 4475
1 2 4476 4475 2954
1 2 4474 4475 4476
1 2 2955 9219 12753
1 2 9219 2954 15912
1 2 12753 15912 717
1 2 9219 15912 12753
1 2 2953 4476 9220
1 2 4476 2954 9219
1 2 9220 9219 2955
1 2 4476 9219 9220
1 2 718 11797 7998
1 2 11797 3847 12722
1 2 7998 12722 2006
1 2 11797 12722 7998
1 2 3847 12754 12721
1 2 12754 717 15724
1 2 12721 15724 3848
1 2 12754 15724 12721
1 2 2006 11416 11418
1 2 11416 3848 11417
1 2 11418 11417 163
1 2 11416 11417 11418
1 2 3847 12721 12722
1 2 12721 3848 11416
1 2 12722 11416 2006
1 2 12721 11416 12722
1 2 716 10232 13841
1 2 10232 2955 11703
1 2 13841 11703 1593
1 2 10232 11703 13841
1 2 2955 12753 11701
1 2 12753 717 12754
1 2 11701 12754 3847
1 2 12753 12754 11701
1 2 1593 11702 11798
1 2 11702 3847 11797
1 2 11798 11797 718
1 2 11702 11797 11798
1 2 2955 11701 11703
1 2 11701 3847 11702
1 2 11703 11702 1593
1 2 11701 11702 11703
1 2 147 12452 6745
1 2 12452 3123 12453
1 2 6745 12453 1592
1 2 12452 12453 6745
1 2 3123 6721 6723
1 2 6721 969 6722
1 2 6723 6722 2339
1 2 6721 6722 6723
1 2 1592 11650 11651
1 2 11650 2339 6038
1 2 11651 6038 716
1 2 11650 6038 11651
1 2 3123 6723 12453
1 2 6723 2339 11650
1 2 12453 11650 1592
1 2 6723 11650 12453
1 2 969 15735 15736
1 2 15735 2068 9087
1 2 15736 9087 2337
1 2 15735 9087 15736
1 2 2068 5255 5257
1 2 5255 148 5256
1 2 5257 5256 2021
1 2 5255 5256 5257
1 2 2337 9086 5142
1 2 9086 2021 11507
1 2 5142 11507 1023
1 2 9086 11507 5142
1 2 2068 5257 9087
1 2 5257 2021 9086
1 2 9087 9086 2337
1 2 5257 9086 9087
1 2 716 6037 10231
1 2 6037 2338 7224
1 2 10231 7224 2953
1 2 6037 7224 10231
1 2 2338 5143 7222
1 2 5143 1023 7645
1 2 7222 7645 2679
1 2 5143 7645 7222
1 2 2953 7223 4474
1 2 7223 2679 8235
1 2 4474 8235 164
1 2 7223 8235 4474
1 2 2338 7222 7224
1 2 7222 2679 7223
1 2 7224 7223 2953
1 2 7222 7223 7224
1 2 969 15736 6722
1 2 15736 2337 16638
1 2 6722 16638 2339
1 2 15736 16638 6722
1 2 2337 5142 5144
1 2 5142 1023 5143
1 2 5144 5143 2338
1 2 5142 5143 5144
1 2 2339 6036 6038
1 2 6036 2338 6037
1 2 6038 6037 716
1 2 6036 6037 6038
1 2 2337 5144 16638
1 2 5144 2338 6036
1 2 16638 6036 2339
1 2 5144 6036 16638
1 2 148 10731 5256
1 2 10731 2019 10732
1 2 5256 10732 2021
1 2 10731 10732 5256
1 2 2019 7667 7669
1 2 7667 1022 7668
1 2 7669 7668 2020
1 2 7667 7668 7669
1 2 2021 11505 11507
1 2 11505 2020 11506
1 2 11507 11506 1023
1 2 11505 11506 11507
1 2 2019 7669 10732
1 2 7669 2020 11505
1 2 10732 11505 2021
1 2 7669 11505 10732
1 2 1022 10946 10948
1 2 10946 2523 10947
1 2 10948 10947 2525
1 2 10946 10947 10948
1 2 2523 4924 14493
1 2 4924 165 12313
1 2 14493 12313 2524
1 2 4924 12313 14493
1 2 2525 14494 14631
1 2 14494 2524 14630
1 2 14631 14630 496
1 2 14494 14630 14631
1 2 2523 14493 10947
1 2 14493 2524 14494
1 2 10947 14494 2525
1 2 14493 14494 10947
1 2 1023 7643 7645
1 2 7643 2678 7644
1 2 7645 7644 2679
1 2 7643 7644 7645
1 2 2678 11198 11199
1 2 11198 496 10410
1 2 11199 10410 1310
1 2 11198 10410 11199
1 2 2679 8233 8235
1 2 8233 1310 8234
1 2 8235 8234 164
1 2 8233 8234 8235
1 2 2678 11199 7644
1 2 11199 1310 8233
1 2 7644 8233 2679
1 2 11199 8233 7644
1 2 1022 10948 7668
1 2 10948 2525 12463
1 2 7668 12463 2020
1 2 10948 12463 7668
1 2 2525 14631 12894
1 2 14631 496 11198
1 2 12894 11198 2678
1 2 14631 11198 12894
1 2 2020 12895 11506
1 2 12895 2678 7643
1 2 11506 7643 1023
1 2 12895 7643 11506
1 2 2525 12894 12463
1 2 12894 2678 12895
1 2 12463 12895 2020
1 2 12894 12895 12463
1 2 148 14361 10731
1 2 14361 1893 14362
1 2 10731 14362 2019
1 2 14361 14362 10731
1 2 1893 15661 15585
1 2 15661 604 10484
1 2 15585 10484 3267
1 2 15661 10484 15585
1 2 2019 11172 7667
1 2 11172 3267 10510
1 2 7667 10510 1022
1 2 11172 10510 7667
1 2 1893 15585 14362
1 2 15585 3267 11172
1 2 14362 11172 2019
1 2 15585 11172 14362
1 2 604 13715 10482
1 2 13715 2226 9634
1 2 10482 9634 2228
1 2 13715 9634 10482
1 2 2226 10307 9633
1 2 10307 149 7622
1 2 9633 7622 2227
1 2 10307 7622 9633
1 2 2228 8737 6958
1 2 8737 2227 8738
1 2 6958 8738 386
1 2 8737 8738 6958
1 2 2226 9633 9634
1 2 9633 2227 8737
1 2 9634 8737 2228
1 2 9633 8737 9634
1 2 1022 10509 10946
1 2 10509 3266 14831
1 2 10946 14831 2523
1 2 10509 14831 10946
1 2 3266 6959 10255
1 2 6959 386 10254
1 2 10255 10254 3853
1 2 6959 10254 10255
1 2 2523 4922 4924
1 2 4922 3853 4923
1 2 4924 4923 165
1 2 4922 4923 4924
1 2 3266 10255 14831
1 2 10255 3853 4922
1 2 14831 4922 2523
1 2 10255 4922 14831
1 2 604 10482 10484
1 2 10482 2228 10483
1 2 10484 10483 3267
1 2 10482 10483 10484
1 2 2228 6958 6960
1 2 6958 386 6959
1 2 6960 6959 3266
1 2 6958 6959 6960
1 2 3267 10508 10510
1 2 10508 3266 10509
1 2 10510 10509 1022
1 2 10508 10509 10510
1 2 2228 6960 10483
1 2 6960 3266 10508
1 2 10483 10508 3267
1 2 6960 10508 10483
1 2 149 7620 7622
1 2 7620 3784 7621
1 2 7622 7621 2227
1 2 7620 7621 7622
1 2 3784 12705 9591
1 2 12705 384 14905
1 2 9591 14905 3767
1 2 12705 14905 9591
1 2 2227 9592 8738
1 2 9592 3767 12380
1 2 8738 12380 386
1 2 9592 12380 8738
1 2 3784 9591 7621
1 2 9591 3767 9592
1 2 7621 9592 2227
1 2 9591 9592 7621
1 2 384 8258 14904
1 2 8258 2674 7664
1 2 14904 7664 3765
1 2 8258 7664 14904
1 2 2674 4437 7662
1 2 4437 166 9649
1 2 7662 9649 3307
1 2 4437 9649 7662
1 2 3765 7663 7039
1 2 7663 3307 10582
1 2 7039 10582 385
1 2 7663 10582 7039
1 2 2674 7662 7664
1 2 7662 3307 7663
1 2 7664 7663 3765
1 2 7662 7663 7664
1 2 386 13745 10254
1 2 13745 3766 13746
1 2 10254 13746 3853
1 2 13745 13746 10254
1 2 3766 7040 16472
1 2 7040 385 8992
1 2 16472 8992 3852
1 2 7040 8992 16472
1 2 3853 16259 4923
1 2 16259 3852 16260
1 2 4923 16260 165
1 2 16259 16260 4923
1 2 3766 16472 13746
1 2 16472 3852 16259
1 2 13746 16259 3853
1 2 16472 16259 13746
1 2 384 14904 14905
1 2 14904 3765 9809
1 2 14905 9809 3767
1 2 14904 9809 14905
1 2 3765 7039 7041
1 2 7039 385 7040
1 2 7041 7040 3766
1 2 7039 7040 7041
1 2 3767 9808 12380
1 2 9808 3766 13745
1 2 12380 13745 386
1 2 9808 13745 12380
1 2 3765 7041 9809
1 2 7041 3766 9808
1 2 9809 9808 3767
1 2 7041 9808 9809
1 2 149 8298 7620
1 2 8298 3114 9595
1 2 7620 9595 3784
1 2 8298 9595 7620
1 2 3114 14876 16578
1 2 14876 1080 16577
1 2 16578 16577 2576
1 2 14876 16577 16578
1 2 3784 12704 12705
1 2 12704 2576 7736
1 2 12705 7736 384
1 2 12704 7736 12705
1 2 3114 16578 9595
1 2 16578 2576 12704
1 2 9595 12704 3784
1 2 16578 12704 9595
1 2 1080 11942 15762
1 2 11942 2439 8609
1 2 15762 8609 2441
1 2 11942 8609 15762
1 2 2439 8948 8607
1 2 8948 150 11349
1 2 8607 11349 2440
1 2 8948 11349 8607
1 2 2441 8608 14791
1 2 8608 2440 14679
1 2 14791 14679 929
1 2 8608 14679 14791
1 2 2439 8607 8609
1 2 8607 2440 8608
1 2 8609 8608 2441
1 2 8607 8608 8609
1 2 384 7735 8258
1 2 7735 2575 8257
1 2 8258 8257 2674
1 2 7735 8257 8258
1 2 2575 15558 11665
1 2 15558 929 5918
1 2 11665 5918 2533
1 2 15558 5918 11665
1 2 2674 4435 4437
1 2 4435 2533 4436
1 2 4437 4436 166
1 2 4435 4436 4437
1 2 2575 11665 8257
1 2 11665 2533 4435
1 2 8257 4435 2674
1 2 11665 4435 8257
1 2 1080 15762 16577
1 2 15762 2441 14936
1 2 16577 14936 2576
1 2 15762 14936 16577
1 2 2441 14791 14935
1 2 14791 929 15558
1 2 14935 15558 2575
1 2 14791 15558 14935
1 2 2576 7734 7736
1 2 7734 2575 7735
1 2 7736 7735 384
1 2 7734 7735 7736
1 2 2441 14935 14936
1 2 14935 2575 7734
1 2 14936 7734 2576
1 2 14935 7734 14936
1 2 150 9155 11349
1 2 9155 4051 13219
1 2 11349 13219 2440
1 2 9155 13219 11349
1 2 4051 11250 11252
1 2 11250 928 11251
1 2 11252 11251 4052
1 2 11250 11251 11252
1 2 2440 14677 14679
1 2 14677 4052 14678
1 2 14679 14678 929
1 2 14677 14678 14679
1 2 4051 11252 13219
1 2 11252 4052 14677
1 2 13219 14677 2440
1 2 11252 14677 13219
1 2 928 14125 14127
1 2 14125 2289 14126
1 2 14127 14126 2291
1 2 14125 14126 14127
1 2 2289 6122 6124
1 2 6122 167 6123
1 2 6124 6123 2290
1 2 6122 6123 6124
1 2 2291 13946 13948
1 2 13946 2290 13947
1 2 13948 13947 428
1 2 13946 13947 13948
1 2 2289 6124 14126
1 2 6124 2290 13946
1 2 14126 13946 2291
1 2 6124 13946 14126
1 2 929 5916 5918
1 2 5916 2531 5917
1 2 5918 5917 2533
1 2 5916 5917 5918
1 2 2531 15335 14129
1 2 15335 428 16521
1 2 14129 16521 2532
1 2 15335 16521 14129
1 2 2533 14130 4436
1 2 14130 2532 15662
1 2 4436 15662 166
1 2 14130 15662 4436
1 2 2531 14129 5917
1 2 14129 2532 14130
1 2 5917 14130 2533
1 2 14129 14130 5917
1 2 928 14127 11251
1 2 14127 2291 15363
1 2 11251 15363 4052
1 2 14127 15363 11251
1 2 2291 13948 15336
1 2 13948 428 15335
1 2 15336 15335 2531
1 2 13948 15335 15336
1 2 4052 15389 14678
1 2 15389 2531 5916
1 2 14678 5916 929
1 2 15389 5916 14678
1 2 2291 15336 15363
1 2 15336 2531 15389
1 2 15363 15389 4052
1 2 15336 15389 15363
1 2 150 9153 9155
1 2 9153 3467 9154
1 2 9155 9154 4051
1 2 9153 9154 9155
1 2 3467 10016 14307
1 2 10016 875 14306
1 2 14307 14306 3969
1 2 10016 14306 14307
1 2 4051 16146 11250
1 2 16146 3969 11579
1 2 11250 11579 928
1 2 16146 11579 11250
1 2 3467 14307 9154
1 2 14307 3969 16146
1 2 9154 16146 4051
1 2 14307 16146 9154
1 2 875 12364 16441
1 2 12364 2961 10169
1 2 16441 10169 3709
1 2 12364 10169 16441
1 2 2961 10359 10167
1 2 10359 151 7758
1 2 10167 7758 3708
1 2 10359 7758 10167
1 2 3709 10168 5817
1 2 10168 3708 8115
1 2 5817 8115 993
1 2 10168 8115 5817
1 2 2961 10167 10169
1 2 10167 3708 10168
1 2 10169 10168 3709
1 2 10167 10168 10169
1 2 928 11578 14125
1 2 11578 3968 16330
1 2 14125 16330 2289
1 2 11578 16330 14125
1 2 3968 5818 16511
1 2 5818 993 8222
1 2 16511 8222 3268
1 2 5818 8222 16511
1 2 2289 16518 6122
1 2 16518 3268 15990
1 2 6122 15990 167
1 2 16518 15990 6122
1 2 3968 16511 16330
1 2 16511 3268 16518
1 2 16330 16518 2289
1 2 16511 16518 16330
1 2 875 16441 14306
1 2 16441 3709 16321
1 2 14306 16321 3969
1 2 16441 16321 14306
1 2 3709 5817 5819
1 2 5817 993 5818
1 2 5819 5818 3968
1 2 5817 5818 5819
1 2 3969 11577 11579
1 2 11577 3968 11578
1 2 11579 11578 928
1 2 11577 11578 11579
1 2 3709 5819 16321
1 2 5819 3968 11577
1 2 16321 11577 3969
1 2 5819 11577 16321
1 2 151 7756 7758
1 2 7756 3770 7757
1 2 7758 7757 3708
1 2 7756 7757 7758
1 2 3770 12673 15818
1 2 12673 607 8923
1 2 15818 8923 2867
1 2 12673 8923 15818
1 2 3708 8113 8115
1 2 8113 2867 8114
1 2 8115 8114 993
1 2 8113 8114 8115
1 2 3770 15818 7757
1 2 15818 2867 8113
1 2 7757 8113 3708
1 2 15818 8113 7757
1 2 607 16436 8922
1 2 16436 2126 11837
1 2 8922 11837 2865
1 2 16436 11837 8922
1 2 2126 12507 11835
1 2 12507 168 6892
1 2 11835 6892 3811
1 2 12507 6892 11835
1 2 2865 11836 5956
1 2 11836 3811 9221
1 2 5956 9221 781
1 2 11836 9221 5956
1 2 2126 11835 11837
1 2 11835 3811 11836
1 2 11837 11836 2865
1 2 11835 11836 11837
1 2 993 8220 8222
1 2 8220 2866 8221
1 2 8222 8221 3268
1 2 8220 8221 8222
1 2 2866 5957 15621
1 2 5957 781 13785
1 2 15621 13785 2549
1 2 5957 13785 15621
1 2 3268 15989 15990
1 2 15989 2549 15846
1 2 15990 15846 167
1 2 15989 15846 15990
1 2 2866 15621 8221
1 2 15621 2549 15989
1 2 8221 15989 3268
1 2 15621 15989 8221
1 2 607 8922 8923
1 2 8922 2865 6323
1 2 8923 6323 2867
1 2 8922 6323 8923
1 2 2865 5956 5958
1 2 5956 781 5957
1 2 5958 5957 2866
1 2 5956 5957 5958
1 2 2867 6322 8114
1 2 6322 2866 8220
1 2 8114 8220 993
1 2 6322 8220 8114
1 2 2865 5958 6323
1 2 5958 2866 6322
1 2 6323 6322 2867
1 2 5958 6322 6323
1 2 151 16367 7756
1 2 16367 3901 14888
1 2 7756 14888 3770
1 2 16367 14888 7756
1 2 3901 6295 8396
1 2 6295 518 8395
1 2 8396 8395 4141
1 2 6295 8395 8396
1 2 3770 12671 12673
1 2 12671 4141 12672
1 2 12673 12672 607
1 2 12671 12672 12673
1 2 3901 8396 14888
1 2 8396 4141 12671
1 2 14888 12671 3770
1 2 8396 12671 14888
1 2 518 16411 15399
1 2 16411 3576 13296
1 2 15399 13296 3860
1 2 16411 13296 15399
1 2 3576 4349 4351
1 2 4349 152 4350
1 2 4351 4350 3455
1 2 4349 4350 4351
1 2 3860 9146 9147
1 2 9146 3455 7966
1 2 9147 7966 606
1 2 9146 7966 9147
1 2 3576 4351 13296
1 2 4351 3455 9146
1 2 13296 9146 3860
1 2 4351 9146 13296
1 2 607 14729 16436
1 2 14729 2124 6862
1 2 16436 6862 2126
1 2 14729 6862 16436
1 2 2124 16073 6860
1 2 16073 606 5103
1 2 6860 5103 2125
1 2 16073 5103 6860
1 2 2126 6861 12507
1 2 6861 2125 5527
1 2 12507 5527 168
1 2 6861 5527 12507
1 2 2124 6860 6862
1 2 6860 2125 6861
1 2 6862 6861 2126
1 2 6860 6861 6862
1 2 518 15399 8395
1 2 15399 3860 13322
1 2 8395 13322 4141
1 2 15399 13322 8395
1 2 3860 9147 13320
1 2 9147 606 16073
1 2 13320 16073 2124
1 2 9147 16073 13320
1 2 4141 13321 12672
1 2 13321 2124 14729
1 2 12672 14729 607
1 2 13321 14729 12672
1 2 3860 13320 13322
1 2 13320 2124 13321
1 2 13322 13321 4141
1 2 13320 13321 13322
1 2 152 14436 4350
1 2 14436 3454 5233
1 2 4350 5233 3455
1 2 14436 5233 4350
1 2 3454 4642 4644
1 2 4642 909 4643
1 2 4644 4643 1995
1 2 4642 4643 4644
1 2 3455 5232 7966
1 2 5232 1995 7965
1 2 7966 7965 606
1 2 5232 7965 7966
1 2 3454 4644 5233
1 2 4644 1995 5232
1 2 5233 5232 3455
1 2 4644 5232 5233
1 2 909 8838 9492
1 2 8838 1096 16461
1 2 9492 16461 1098
1 2 8838 16461 9492
1 2 1096 16191 16390
1 2 16191 169 12745
1 2 16390 12745 1097
1 2 16191 12745 16390
1 2 1098 9530 9532
1 2 9530 1097 9531
1 2 9532 9531 1073
1 2 9530 9531 9532
1 2 1096 16390 16461
1 2 16390 1097 9530
1 2 16461 9530 1098
1 2 16390 9530 16461
1 2 606 5101 5103
1 2 5101 1994 5102
1 2 5103 5102 2125
1 2 5101 5102 5103
1 2 1994 9950 11825
1 2 9950 1073 11824
1 2 11825 11824 3166
1 2 9950 11824 11825
1 2 2125 5525 5527
1 2 5525 3166 5526
1 2 5527 5526 168
1 2 5525 5526 5527
1 2 1994 11825 5102
1 2 11825 3166 5525
1 2 5102 5525 2125
1 2 11825 5525 5102
1 2 909 9492 4643
1 2 9492 1098 9493
1 2 4643 9493 1995
1 2 9492 9493 4643
1 2 1098 9532 9951
1 2 9532 1073 9950
1 2 9951 9950 1994
1 2 9532 9950 9951
1 2 1995 16573 7965
1 2 16573 1994 5101
1 2 7965 5101 606
1 2 16573 5101 7965
1 2 1098 9951 9493
1 2 9951 1994 16573
1 2 9493 16573 1995
1 2 9951 16573 9493
1 2 152 4305 14436
1 2 4305 3107 14435
1 2 14436 14435 3454
1 2 4305 14435 14436
1 2 3107 9233 9235
1 2 9233 907 9234
1 2 9235 9234 4088
1 2 9233 9234 9235
1 2 3454 15128 4642
1 2 15128 4088 15129
1 2 4642 15129 909
1 2 15128 15129 4642
1 2 3107 9235 14435
1 2 9235 4088 15128
1 2 14435 15128 3454
1 2 9235 15128 14435
1 2 907 12242 11990
1 2 12242 2057 12243
1 2 11990 12243 2058
1 2 12242 12243 11990
1 2 2057 14099 14771
1 2 14099 153 13328
1 2 14771 13328 1339
1 2 14099 13328 14771
1 2 2058 14938 15447
1 2 14938 1339 11657
1 2 15447 11657 908
1 2 14938 11657 15447
1 2 2057 14771 12243
1 2 14771 1339 14938
1 2 12243 14938 2058
1 2 14771 14938 12243
1 2 909 8836 8838
1 2 8836 3101 8837
1 2 8838 8837 1096
1 2 8836 8837 8838
1 2 3101 15903 10589
1 2 15903 908 10261
1 2 10589 10261 3102
1 2 15903 10261 10589
1 2 1096 10590 16191
1 2 10590 3102 16190
1 2 16191 16190 169
1 2 10590 16190 16191
1 2 3101 10589 8837
1 2 10589 3102 10590
1 2 8837 10590 1096
1 2 10589 10590 8837
1 2 907 11990 9234
1 2 11990 2058 6202
1 2 9234 6202 4088
1 2 11990 6202 9234
1 2 2058 15447 6200
1 2 15447 908 15903
1 2 6200 15903 3101
1 2 15447 15903 6200
1 2 4088 6201 15129
1 2 6201 3101 8836
1 2 15129 8836 909
1 2 6201 8836 15129
1 2 2058 6200 6202
1 2 6200 3101 6201
1 2 6202 6201 4088
1 2 6200 6201 6202
1 2 153 13327 13328
1 2 13327 1337 9480
1 2 13328 9480 1339
1 2 13327 9480 13328
1 2 1337 14430 9478
1 2 14430 927 12095
1 2 9478 12095 1338
1 2 14430 12095 9478
1 2 1339 9479 11657
1 2 9479 1338 11656
1 2 11657 11656 908
1 2 9479 11656 11657
1 2 1337 9478 9480
1 2 9478 1338 9479
1 2 9480 9479 1339
1 2 9478 9479 9480
1 2 927 16502 12093
1 2 16502 4221 7936
1 2 12093 7936 3608
1 2 16502 7936 12093
1 2 4221 4816 4818
1 2 4816 170 4817
1 2 4818 4817 4017
1 2 4816 4817 4818
1 2 3608 7935 14963
1 2 7935 4017 14962
1 2 14963 14962 848
1 2 7935 14962 14963
1 2 4221 4818 7936
1 2 4818 4017 7935
1 2 7936 7935 3608
1 2 4818 7935 7936
1 2 908 10259 10261
1 2 10259 3567 10260
1 2 10261 10260 3102
1 2 10259 10260 10261
1 2 3567 15875 12693
1 2 15875 848 5537
1 2 12693 5537 1414
1 2 15875 5537 12693
1 2 3102 12694 16190
1 2 12694 1414 16380
1 2 16190 16380 169
1 2 12694 16380 16190
1 2 3567 12693 10260
1 2 12693 1414 12694
1 2 10260 12694 3102
1 2 12693 12694 10260
1 2 927 12093 12095
1 2 12093 3608 12094
1 2 12095 12094 1338
1 2 12093 12094 12095
1 2 3608 14963 15255
1 2 14963 848 15875
1 2 15255 15875 3567
1 2 14963 15875 15255
1 2 1338 15256 11656
1 2 15256 3567 10259
1 2 11656 10259 908
1 2 15256 10259 11656
1 2 3608 15255 12094
1 2 15255 3567 15256
1 2 12094 15256 1338
1 2 15255 15256 12094
1 2 154 11634 11635
1 2 11634 2451 8121
1 2 11635 8121 2453
1 2 11634 8121 11635
1 2 2451 13812 8119
1 2 13812 584 15745
1 2 8119 15745 2452
1 2 13812 15745 8119
1 2 2453 8120 12070
1 2 8120 2452 10062
1 2 12070 10062 586
1 2 8120 10062 12070
1 2 2451 8119 8121
1 2 8119 2452 8120
1 2 8121 8120 2453
1 2 8119 8120 8121
1 2 584 15230 15232
1 2 15230 2817 15231
1 2 15232 15231 2818
1 2 15230 15231 15232
1 2 2817 13989 16336
1 2 13989 155 9134
1 2 16336 9134 1584
1 2 13989 9134 16336
1 2 2818 6310 6312
1 2 6310 1584 6311
1 2 6312 6311 585
1 2 6310 6311 6312
1 2 2817 16336 15231
1 2 16336 1584 6310
1 2 15231 6310 2818
1 2 16336 6310 15231
1 2 586 10061 14955
1 2 10061 2270 10270
1 2 14955 10270 2272
1 2 10061 10270 14955
1 2 2270 7943 7945
1 2 7943 585 7944
1 2 7945 7944 2271
1 2 7943 7944 7945
1 2 2272 10269 12389
1 2 10269 2271 12388
1 2 12389 12388 171
1 2 10269 12388 12389
1 2 2270 7945 10270
1 2 7945 2271 10269
1 2 10270 10269 2272
1 2 7945 10269 10270
1 2 584 15232 15745
1 2 15232 2818 15233
1 2 15745 15233 2452
1 2 15232 15233 15745
1 2 2818 6312 12638
1 2 6312 585 7943
1 2 12638 7943 2270
1 2 6312 7943 12638
1 2 2452 10060 10062
1 2 10060 2270 10061
1 2 10062 10061 586
1 2 10060 10061 10062
1 2 2818 12638 15233
1 2 12638 2270 10060
1 2 15233 10060 2452
1 2 12638 10060 15233
1 2 155 9132 9134
1 2 9132 1582 9133
1 2 9134 9133 1584
1 2 9132 9133 9134
1 2 1582 4786 4788
1 2 4786 720 4787
1 2 4788 4787 1583
1 2 4786 4787 4788
1 2 1584 11399 6311
1 2 11399 1583 11400
1 2 6311 11400 585
1 2 11399 11400 6311
1 2 1582 4788 9133
1 2 4788 1583 11399
1 2 9133 11399 1584
1 2 4788 11399 9133
1 2 720 15221 15222
1 2 15221 1812 7654
1 2 15222 7654 1814
1 2 15221 7654 15222
1 2 1812 8388 7652
1 2 8388 172 6498
1 2 7652 6498 1813
1 2 8388 6498 7652
1 2 1814 7653 9881
1 2 7653 1813 9880
1 2 9881 9880 841
1 2 7653 9880 9881
1 2 1812 7652 7654
1 2 7652 1813 7653
1 2 7654 7653 1814
1 2 7652 7653 7654
1 2 585 11306 7944
1 2 11306 3958 11307
1 2 7944 11307 2271
1 2 11306 11307 7944
1 2 3958 5374 5376
1 2 5374 841 5375
1 2 5376 5375 2143
1 2 5374 5375 5376
1 2 2271 14449 12388
1 2 14449 2143 7596
1 2 12388 7596 171
1 2 14449 7596 12388
1 2 3958 5376 11307
1 2 5376 2143 14449
1 2 11307 14449 2271
1 2 5376 14449 11307
1 2 720 15222 4787
1 2 15222 1814 16497
1 2 4787 16497 1583
1 2 15222 16497 4787
1 2 1814 9881 12741
1 2 9881 841 5374
1 2 12741 5374 3958
1 2 9881 5374 12741
1 2 1583 16453 11400
1 2 16453 3958 11306
1 2 11400 11306 585
1 2 16453 11306 11400
1 2 1814 12741 16497
1 2 12741 3958 16453
1 2 16497 16453 1583
1 2 12741 16453 16497
1 2 155 8554 9132
1 2 8554 1701 9062
1 2 9132 9062 1582
1 2 8554 9062 9132
1 2 1701 7975 9061
1 2 7975 719 13492
1 2 9061 13492 1702
1 2 7975 13492 9061
1 2 1582 5902 4786
1 2 5902 1702 5903
1 2 4786 5903 720
1 2 5902 5903 4786
1 2 1701 9061 9062
1 2 9061 1702 5902
1 2 9062 5902 1582
1 2 9061 5902 9062
1 2 719 9727 9729
1 2 9727 2112 9728
1 2 9729 9728 2114
1 2 9727 9728 9729
1 2 2112 10123 10754
1 2 10123 156 10753
1 2 10754 10753 2113
1 2 10123 10753 10754
1 2 2114 6607 6609
1 2 6607 2113 6608
1 2 6609 6608 553
1 2 6607 6608 6609
1 2 2112 10754 9728
1 2 10754 2113 6607
1 2 9728 6607 2114
1 2 10754 6607 9728
1 2 720 10152 15221
1 2 10152 2190 8952
1 2 15221 8952 1812
1 2 10152 8952 15221
1 2 2190 15079 8950
1 2 15079 553 13216
1 2 8950 13216 3258
1 2 15079 13216 8950
1 2 1812 8951 8388
1 2 8951 3258 7244
1 2 8388 7244 172
1 2 8951 7244 8388
1 2 2190 8950 8952
1 2 8950 3258 8951
1 2 8952 8951 1812
1 2 8950 8951 8952
1 2 719 9729 13492
1 2 9729 2114 13491
1 2 13492 13491 1702
1 2 9729 13491 13492
1 2 2114 6609 15080
1 2 6609 553 15079
1 2 15080 15079 2190
1 2 6609 15079 15080
1 2 1702 10151 5903
1 2 10151 2190 10152
1 2 5903 10152 720
1 2 10151 10152 5903
1 2 2114 15080 13491
1 2 15080 2190 10151
1 2 13491 10151 1702
1 2 15080 10151 13491
1 2 156 13777 10753
1 2 13777 1294 16358
1 2 10753 16358 2113
1 2 13777 16358 10753
1 2 1294 4294 5909
1 2 4294 514 4903
1 2 5909 4903 3336
1 2 4294 4903 5909
1 2 2113 13894 6608
1 2 13894 3336 11122
1 2 6608 11122 553
1 2 13894 11122 6608
1 2 1294 5909 16358
1 2 5909 3336 13894
1 2 16358 13894 2113
1 2 5909 13894 16358
1 2 514 11643 4901
1 2 11643 3816 13859
1 2 4901 13859 3679
1 2 11643 13859 4901
1 2 3816 13371 13821
1 2 13371 173 13372
1 2 13821 13372 2292
1 2 13371 13372 13821
1 2 3679 14663 14253
1 2 14663 2292 6665
1 2 14253 6665 552
1 2 14663 6665 14253
1 2 3816 13821 13859
1 2 13821 2292 14663
1 2 13859 14663 3679
1 2 13821 14663 13859
1 2 553 11121 13216
1 2 11121 3257 13215
1 2 13216 13215 3258
1 2 11121 13215 13216
1 2 3257 14254 16536
1 2 14254 552 12788
1 2 16536 12788 1385
1 2 14254 12788 16536
1 2 3258 7242 7244
1 2 7242 1385 7243
1 2 7244 7243 172
1 2 7242 7243 7244
1 2 3257 16536 13215
1 2 16536 1385 7242
1 2 13215 7242 3258
1 2 16536 7242 13215
1 2 514 4901 4903
1 2 4901 3679 4902
1 2 4903 4902 3336
1 2 4901 4902 4903
1 2 3679 14253 14214
1 2 14253 552 14254
1 2 14214 14254 3257
1 2 14253 14254 14214
1 2 3336 11120 11122
1 2 11120 3257 11121
1 2 11122 11121 553
1 2 11120 11121 11122
1 2 3679 14214 4902
1 2 14214 3257 11120
1 2 4902 11120 3336
1 2 14214 11120 4902
1 2 156 9544 13777
1 2 9544 1292 8267
1 2 13777 8267 1294
1 2 9544 8267 13777
1 2 1292 10885 8266
1 2 10885 327 10886
1 2 8266 10886 1293
1 2 10885 10886 8266
1 2 1294 4292 4294
1 2 4292 1293 4293
1 2 4294 4293 514
1 2 4292 4293 4294
1 2 1292 8266 8267
1 2 8266 1293 4292
1 2 8267 4292 1294
1 2 8266 4292 8267
1 2 327 6181 6182
1 2 6181 2794 4318
1 2 6182 4318 2795
1 2 6181 4318 6182
1 2 2794 8199 4316
1 2 8199 157 5844
1 2 4316 5844 1439
1 2 8199 5844 4316
1 2 2795 4317 13959
1 2 4317 1439 12664
1 2 13959 12664 513
1 2 4317 12664 13959
1 2 2794 4316 4318
1 2 4316 1439 4317
1 2 4318 4317 2795
1 2 4316 4317 4318
1 2 514 9542 11643
1 2 9542 3926 11642
1 2 11643 11642 3816
1 2 9542 11642 11643
1 2 3926 13664 13665
1 2 13664 513 12562
1 2 13665 12562 3256
1 2 13664 12562 13665
1 2 3816 13369 13371
1 2 13369 3256 13370
1 2 13371 13370 173
1 2 13369 13370 13371
1 2 3926 13665 11642
1 2 13665 3256 13369
1 2 11642 13369 3816
1 2 13665 13369 11642
1 2 327 6182 10886
1 2 6182 2795 12309
1 2 10886 12309 1293
1 2 6182 12309 10886
1 2 2795 13959 12308
1 2 13959 513 13664
1 2 12308 13664 3926
1 2 13959 13664 12308
1 2 1293 9541 4293
1 2 9541 3926 9542
1 2 4293 9542 514
1 2 9541 9542 4293
1 2 2795 12308 12309
1 2 12308 3926 9541
1 2 12309 9541 1293
1 2 12308 9541 12309
1 2 157 5842 5844
1 2 5842 1437 5843
1 2 5844 5843 1439
1 2 5842 5843 5844
1 2 1437 9498 9500
1 2 9498 985 9499
1 2 9500 9499 1438
1 2 9498 9499 9500
1 2 1439 12662 12664
1 2 12662 1438 12663
1 2 12664 12663 513
1 2 12662 12663 12664
1 2 1437 9500 5843
1 2 9500 1438 12662
1 2 5843 12662 1439
1 2 9500 12662 5843
1 2 985 7939 11517
1 2 7939 3866 8217
1 2 11517 8217 3610
1 2 7939 8217 11517
1 2 3866 7706 8215
1 2 7706 174 9767
1 2 8215 9767 3867
1 2 7706 9767 8215
1 2 3610 8216 6085
1 2 8216 3867 14998
1 2 6085 14998 739
1 2 8216 14998 6085
1 2 3866 8215 8217
1 2 8215 3867 8216
1 2 8217 8216 3610
1 2 8215 8216 8217
1 2 513 12560 12562
1 2 12560 3254 12561
1 2 12562 12561 3256
1 2 12560 12561 12562
1 2 3254 6086 15605
1 2 6086 739 13150
1 2 15605 13150 3255
1 2 6086 13150 15605
1 2 3256 13781 13370
1 2 13781 3255 6525
1 2 13370 6525 173
1 2 13781 6525 13370
1 2 3254 15605 12561
1 2 15605 3255 13781
1 2 12561 13781 3256
1 2 15605 13781 12561
1 2 985 11517 9499
1 2 11517 3610 11114
1 2 9499 11114 1438
1 2 11517 11114 9499
1 2 3610 6085 6087
1 2 6085 739 6086
1 2 6087 6086 3254
1 2 6085 6086 6087
1 2 1438 11113 12663
1 2 11113 3254 12560
1 2 12663 12560 513
1 2 11113 12560 12663
1 2 3610 6087 11114
1 2 6087 3254 11113
1 2 11114 11113 1438
1 2 6087 11113 11114
1 2 157 13451 5842
1 2 13451 4147 6232
1 2 5842 6232 1437
1 2 13451 6232 5842
1 2 4147 6558 6230
1 2 6558 752 6559
1 2 6230 6559 3745
1 2 6558 6559 6230
1 2 1437 6231 9498
1 2 6231 3745 9487
1 2 9498 9487 985
1 2 6231 9487 9498
1 2 4147 6230 6232
1 2 6230 3745 6231
1 2 6232 6231 1437
1 2 6230 6231 6232
1 2 752 11173 11174
1 2 11173 2613 10211
1 2 11174 10211 3743
1 2 11173 10211 11174
1 2 2613 7856 7858
1 2 7856 158 7857
1 2 7858 7857 2117
1 2 7856 7857 7858
1 2 3743 10210 14170
1 2 10210 2117 14169
1 2 14170 14169 1019
1 2 10210 14169 14170
1 2 2613 7858 10211
1 2 7858 2117 10210
1 2 10211 10210 3743
1 2 7858 10210 10211
1 2 985 7937 7939
1 2 7937 3744 7938
1 2 7939 7938 3866
1 2 7937 7938 7939
1 2 3744 14919 14921
1 2 14919 1019 14920
1 2 14921 14920 4001
1 2 14919 14920 14921
1 2 3866 7704 7706
1 2 7704 4001 7705
1 2 7706 7705 174
1 2 7704 7705 7706
1 2 3744 14921 7938
1 2 14921 4001 7704
1 2 7938 7704 3866
1 2 14921 7704 7938
1 2 752 11174 6559
1 2 11174 3743 14281
1 2 6559 14281 3745
1 2 11174 14281 6559
1 2 3743 14170 15589
1 2 14170 1019 14919
1 2 15589 14919 3744
1 2 14170 14919 15589
1 2 3745 9486 9487
1 2 9486 3744 7937
1 2 9487 7937 985
1 2 9486 7937 9487
1 2 3743 15589 14281
1 2 15589 3744 9486
1 2 14281 9486 3745
1 2 15589 9486 14281
1 2 158 6865 7857
1 2 6865 2115 10851
1 2 7857 10851 2117
1 2 6865 10851 7857
1 2 2115 11030 10849
1 2 11030 978 9835
1 2 10849 9835 2116
1 2 11030 9835 10849
1 2 2117 10850 14169
1 2 10850 2116 16224
1 2 14169 16224 1019
1 2 10850 16224 14169
1 2 2115 10849 10851
1 2 10849 2116 10850
1 2 10851 10850 2117
1 2 10849 10850 10851
1 2 978 9744 9834
1 2 9744 3944 7549
1 2 9834 7549 2798
1 2 9744 7549 9834
1 2 3944 14985 7547
1 2 14985 175 14915
1 2 7547 14915 4032
1 2 14985 14915 7547
1 2 2798 7548 12047
1 2 7548 4032 6342
1 2 12047 6342 727
1 2 7548 6342 12047
1 2 3944 7547 7549
1 2 7547 4032 7548
1 2 7549 7548 2798
1 2 7547 7548 7549
1 2 1019 16223 14920
1 2 16223 2799 16063
1 2 14920 16063 4001
1 2 16223 16063 14920
1 2 2799 12048 14000
1 2 12048 727 9102
1 2 14000 9102 1815
1 2 12048 9102 14000
1 2 4001 11170 7705
1 2 11170 1815 11171
1 2 7705 11171 174
1 2 11170 11171 7705
1 2 2799 14000 16063
1 2 14000 1815 11170
1 2 16063 11170 4001
1 2 14000 11170 16063
1 2 978 9834 9835
1 2 9834 2798 9786
1 2 9835 9786 2116
1 2 9834 9786 9835
1 2 2798 12047 9784
1 2 12047 727 12048
1 2 9784 12048 2799
1 2 12047 12048 9784
1 2 2116 9785 16224
1 2 9785 2799 16223
1 2 16224 16223 1019
1 2 9785 16223 16224
1 2 2798 9784 9786
1 2 9784 2799 9785
1 2 9786 9785 2116
1 2 9784 9785 9786
1 2 158 6863 6865
1 2 6863 2690 6864
1 2 6865 6864 2115
1 2 6863 6864 6865
1 2 2690 10769 9140
1 2 10769 976 13887
1 2 9140 13887 2548
1 2 10769 13887 9140
1 2 2115 9141 11030
1 2 9141 2548 4974
1 2 11030 4974 978
1 2 9141 4974 11030
1 2 2690 9140 6864
1 2 9140 2548 9141
1 2 6864 9141 2115
1 2 9140 9141 6864
1 2 976 16156 13885
1 2 16156 2429 15021
1 2 13885 15021 2430
1 2 16156 15021 13885
1 2 2429 5228 15020
1 2 5228 159 15093
1 2 15020 15093 2056
1 2 5228 15093 15020
1 2 2430 14205 5697
1 2 14205 2056 14206
1 2 5697 14206 977
1 2 14205 14206 5697
1 2 2429 15020 15021
1 2 15020 2056 14205
1 2 15021 14205 2430
1 2 15020 14205 15021
1 2 978 4973 9744
1 2 4973 2547 7981
1 2 9744 7981 3944
1 2 4973 7981 9744
1 2 2547 5698 7979
1 2 5698 977 11478
1 2 7979 11478 1430
1 2 5698 11478 7979
1 2 3944 7980 14985
1 2 7980 1430 16079
1 2 14985 16079 175
1 2 7980 16079 14985
1 2 2547 7979 7981
1 2 7979 1430 7980
1 2 7981 7980 3944
1 2 7979 7980 7981
1 2 976 13885 13887
1 2 13885 2430 13886
1 2 13887 13886 2548
1 2 13885 13886 13887
1 2 2430 5697 5699
1 2 5697 977 5698
1 2 5699 5698 2547
1 2 5697 5698 5699
1 2 2548 4972 4974
1 2 4972 2547 4973
1 2 4974 4973 978
1 2 4972 4973 4974
1 2 2430 5699 13886
1 2 5699 2547 4972
1 2 13886 4972 2548
1 2 5699 4972 13886
1 2 159 12778 15093
1 2 12778 2054 9163
1 2 15093 9163 2056
1 2 12778 9163 15093
1 2 2054 8767 8769
1 2 8767 683 8768
1 2 8769 8768 2055
1 2 8767 8768 8769
1 2 2056 9162 14206
1 2 9162 2055 5961
1 2 14206 5961 977
1 2 9162 5961 14206
1 2 2054 8769 9163
1 2 8769 2055 9162
1 2 9163 9162 2056
1 2 8769 9162 9163
1 2 683 11488 11490
1 2 11488 2729 11489
1 2 11490 11489 4057
1 2 11488 11489 11490
1 2 2729 11638 11639
1 2 11638 176 6398
1 2 11639 6398 4056
1 2 11638 6398 11639
1 2 4057 15084 13914
1 2 15084 4056 15387
1 2 13914 15387 949
1 2 15084 15387 13914
1 2 2729 11639 11489
1 2 11639 4056 15084
1 2 11489 15084 4057
1 2 11639 15084 11489
1 2 977 5960 11478
1 2 5960 1428 9847
1 2 11478 9847 1430
1 2 5960 9847 11478
1 2 1428 13915 9845
1 2 13915 949 14398
1 2 9845 14398 1429
1 2 13915 14398 9845
1 2 1430 9846 16079
1 2 9846 1429 16078
1 2 16079 16078 175
1 2 9846 16078 16079
1 2 1428 9845 9847
1 2 9845 1429 9846
1 2 9847 9846 1430
1 2 9845 9846 9847
1 2 683 11490 8768
1 2 11490 4057 8580
1 2 8768 8580 2055
1 2 11490 8580 8768
1 2 4057 13914 8579
1 2 13914 949 13915
1 2 8579 13915 1428
1 2 13914 13915 8579
1 2 2055 5959 5961
1 2 5959 1428 5960
1 2 5961 5960 977
1 2 5959 5960 5961
1 2 4057 8579 8580
1 2 8579 1428 5959
1 2 8580 5959 2055
1 2 8579 5959 8580
1 2 159 12776 12778
1 2 12776 1231 12777
1 2 12778 12777 2054
1 2 12776 12777 12778
1 2 1231 7256 11315
1 2 7256 681 11314
1 2 11315 11314 2952
1 2 7256 11314 11315
1 2 2054 11051 8767
1 2 11051 2952 8383
1 2 8767 8383 683
1 2 11051 8383 8767
1 2 1231 11315 12777
1 2 11315 2952 11051
1 2 12777 11051 2054
1 2 11315 11051 12777
1 2 681 12696 16496
1 2 12696 2037 15546
1 2 16496 15546 3190
1 2 12696 15546 16496
1 2 2037 7098 9766
1 2 7098 160 9765
1 2 9766 9765 3242
1 2 7098 9765 9766
1 2 3190 14070 11766
1 2 14070 3242 13095
1 2 11766 13095 682
1 2 14070 13095 11766
1 2 2037 9766 15546
1 2 9766 3242 14070
1 2 15546 14070 3190
1 2 9766 14070 15546
1 2 683 8382 11488
1 2 8382 2728 13753
1 2 11488 13753 2729
1 2 8382 13753 11488
1 2 2728 11767 13752
1 2 11767 682 14319
1 2 13752 14319 1788
1 2 11767 14319 13752
1 2 2729 12311 11638
1 2 12311 1788 12312
1 2 11638 12312 176
1 2 12311 12312 11638
1 2 2728 13752 13753
1 2 13752 1788 12311
1 2 13753 12311 2729
1 2 13752 12311 13753
1 2 681 16496 11314
1 2 16496 3190 13912
1 2 11314 13912 2952
1 2 16496 13912 11314
1 2 3190 11766 11768
1 2 11766 682 11767
1 2 11768 11767 2728
1 2 11766 11767 11768
1 2 2952 8381 8383
1 2 8381 2728 8382
1 2 8383 8382 683
1 2 8381 8382 8383
1 2 3190 11768 13912
1 2 11768 2728 8381
1 2 13912 8381 2952
1 2 11768 8381 13912
1 2 160 5563 9765
1 2 5563 2368 14941
1 2 9765 14941 3242
1 2 5563 14941 9765
1 2 2368 7934 16275
1 2 7934 534 10421
1 2 16275 10421 1732
1 2 7934 10421 16275
1 2 3242 13093 13095
1 2 13093 1732 13094
1 2 13095 13094 682
1 2 13093 13094 13095
1 2 2368 16275 14941
1 2 16275 1732 13093
1 2 14941 13093 3242
1 2 16275 13093 14941
1 2 534 9642 10256
1 2 9642 2269 5004
1 2 10256 5004 1730
1 2 9642 5004 10256
1 2 2269 7509 5002
1 2 7509 177 7510
1 2 5002 7510 2283
1 2 7509 7510 5002
1 2 1730 5003 10710
1 2 5003 2283 5151
1 2 10710 5151 1030
1 2 5003 5151 10710
1 2 2269 5002 5004
1 2 5002 2283 5003
1 2 5004 5003 1730
1 2 5002 5003 5004
1 2 682 14317 14319
1 2 14317 1731 14318
1 2 14319 14318 1788
1 2 14317 14318 14319
1 2 1731 10711 16579
1 2 10711 1030 9957
1 2 16579 9957 1443
1 2 10711 9957 16579
1 2 1788 16308 12312
1 2 16308 1443 13897
1 2 12312 13897 176
1 2 16308 13897 12312
1 2 1731 16579 14318
1 2 16579 1443 16308
1 2 14318 16308 1788
1 2 16579 16308 14318
1 2 534 10256 10421
1 2 10256 1730 10420
1 2 10421 10420 1732
1 2 10256 10420 10421
1 2 1730 10710 10712
1 2 10710 1030 10711
1 2 10712 10711 1731
1 2 10710 10711 10712
1 2 1732 15586 13094
1 2 15586 1731 14317
1 2 13094 14317 682
1 2 15586 14317 13094
1 2 1730 10712 10420
1 2 10712 1731 15586
1 2 10420 15586 1732
1 2 10712 15586 10420
1 2 160 5561 5563
1 2 5561 2367 5562
1 2 5563 5562 2368
1 2 5561 5562 5563
1 2 2367 5609 9073
1 2 5609 533 9775
1 2 9073 9775 1657
1 2 5609 9775 9073
1 2 2368 7932 7934
1 2 7932 1657 7933
1 2 7934 7933 534
1 2 7932 7933 7934
1 2 2367 9073 5562
1 2 9073 1657 7932
1 2 5562 7932 2368
1 2 9073 7932 5562
1 2 533 12444 12445
1 2 12444 2621 5359
1 2 12445 5359 1655
1 2 12444 5359 12445
1 2 2621 15013 5357
1 2 15013 161 13190
1 2 5357 13190 2622
1 2 15013 13190 5357
1 2 1655 5358 6770
1 2 5358 2622 6769
1 2 6770 6769 529
1 2 5358 6769 6770
1 2 2621 5357 5359
1 2 5357 2622 5358
1 2 5359 5358 1655
1 2 5357 5358 5359
1 2 534 9640 9642
1 2 9640 1656 9641
1 2 9642 9641 2269
1 2 9640 9641 9642
1 2 1656 9971 9973
1 2 9971 529 9972
1 2 9973 9972 2268
1 2 9971 9972 9973
1 2 2269 11455 7509
1 2 11455 2268 15424
1 2 7509 15424 177
1 2 11455 15424 7509
1 2 1656 9973 9641
1 2 9973 2268 11455
1 2 9641 11455 2269
1 2 9973 11455 9641
1 2 533 12445 9775
1 2 12445 1655 10155
1 2 9775 10155 1657
1 2 12445 10155 9775
1 2 1655 6770 10153
1 2 6770 529 9971
1 2 10153 9971 1656
1 2 6770 9971 10153
1 2 1657 10154 7933
1 2 10154 1656 9640
1 2 7933 9640 534
1 2 10154 9640 7933
1 2 1655 10153 10155
1 2 10153 1656 10154
1 2 10155 10154 1657
1 2 10153 10154 10155
1 2 161 13166 13190
1 2 13166 1713 12854
1 2 13190 12854 2622
1 2 13166 12854 13190
1 2 1713 8162 12724
1 2 8162 418 7202
1 2 12724 7202 2771
1 2 8162 7202 12724
1 2 2622 12853 6769
1 2 12853 2771 7555
1 2 6769 7555 529
1 2 12853 7555 6769
1 2 1713 12724 12854
1 2 12724 2771 12853
1 2 12854 12853 2622
1 2 12724 12853 12854
1 2 418 5758 7200
1 2 5758 3291 15145
1 2 7200 15145 3936
1 2 5758 15145 7200
1 2 3291 10966 10968
1 2 10966 178 10967
1 2 10968 10967 3628
1 2 10966 10967 10968
1 2 3936 15513 12805
1 2 15513 3628 13501
1 2 12805 13501 528
1 2 15513 13501 12805
1 2 3291 10968 15145
1 2 10968 3628 15513
1 2 15145 15513 3936
1 2 10968 15513 15145
1 2 529 7554 9972
1 2 7554 3937 11209
1 2 9972 11209 2268
1 2 7554 11209 9972
1 2 3937 10187 10189
1 2 10187 528 10188
1 2 10189 10188 1313
1 2 10187 10188 10189
1 2 2268 15423 15424
1 2 15423 1313 13683
1 2 15424 13683 177
1 2 15423 13683 15424
1 2 3937 10189 11209
1 2 10189 1313 15423
1 2 11209 15423 2268
1 2 10189 15423 11209
1 2 418 7200 7202
1 2 7200 3936 7201
1 2 7202 7201 2771
1 2 7200 7201 7202
1 2 3936 12805 12806
1 2 12805 528 10187
1 2 12806 10187 3937
1 2 12805 10187 12806
1 2 2771 7553 7555
1 2 7553 3937 7554
1 2 7555 7554 529
1 2 7553 7554 7555
1 2 3936 12806 7201
1 2 12806 3937 7553
1 2 7201 7553 2771
1 2 12806 7553 7201
1 2 161 13165 13166
1 2 13165 1711 11611
1 2 13166 11611 1713
1 2 13165 11611 13166
1 2 1711 4472 11610
1 2 4472 416 13203
1 2 11610 13203 1712
1 2 4472 13203 11610
1 2 1713 8160 8162
1 2 8160 1712 8161
1 2 8162 8161 418
1 2 8160 8161 8162
1 2 1711 11610 11611
1 2 11610 1712 8160
1 2 11611 8160 1713
1 2 11610 8160 11611
1 2 416 6300 13201
1 2 6300 2491 15412
1 2 13201 15412 2065
1 2 6300 15412 13201
1 2 2491 14733 16122
1 2 14733 162 16410
1 2 16122 16410 2492
1 2 14733 16410 16122
1 2 2065 16123 8715
1 2 16123 2492 16541
1 2 8715 16541 417
1 2 16123 16541 8715
1 2 2491 16122 15412
1 2 16122 2492 16123
1 2 15412 16123 2065
1 2 16122 16123 15412
1 2 418 5756 5758
1 2 5756 2066 5757
1 2 5758 5757 3291
1 2 5756 5757 5758
1 2 2066 8716 12784
1 2 8716 417 10163
1 2 12784 10163 3290
1 2 8716 10163 12784
1 2 3291 12785 10966
1 2 12785 3290 12456
1 2 10966 12456 178
1 2 12785 12456 10966
1 2 2066 12784 5757
1 2 12784 3290 12785
1 2 5757 12785 3291
1 2 12784 12785 5757
1 2 416 13201 13203
1 2 13201 2065 13202
1 2 13203 13202 1712
1 2 13201 13202 13203
1 2 2065 8715 8717
1 2 8715 417 8716
1 2 8717 8716 2066
1 2 8715 8716 8717
1 2 1712 14944 8161
1 2 14944 2066 5756
1 2 8161 5756 418
1 2 14944 5756 8161
1 2 2065 8717 13202
1 2 8717 2066 14944
1 2 13202 14944 1712
1 2 8717 14944 13202
1 2 162 15072 16410
1 2 15072 2526 12707
1 2 16410 12707 2492
1 2 15072 12707 16410
1 2 2526 6063 6064
1 2 6063 726 4912
1 2 6064 4912 2527
1 2 6063 4912 6064
1 2 2492 12706 16541
1 2 12706 2527 10338
1 2 16541 10338 417
1 2 12706 10338 16541
1 2 2526 6064 12707
1 2 6064 2527 12706
1 2 12707 12706 2492
1 2 6064 12706 12707
1 2 726 7931 4910
1 2 7931 1379 7790
1 2 4910 7790 1381
1 2 7931 7790 4910
1 2 1379 15554 7788
1 2 15554 179 12633
1 2 7788 12633 1380
1 2 15554 12633 7788
1 2 1381 7789 13000
1 2 7789 1380 8059
1 2 13000 8059 794
1 2 7789 8059 13000
1 2 1379 7788 7790
1 2 7788 1380 7789
1 2 7790 7789 1381
1 2 7788 7789 7790
1 2 417 10161 10163
1 2 10161 3984 10162
1 2 10163 10162 3290
1 2 10161 10162 10163
1 2 3984 13001 14556
1 2 13001 794 10591
1 2 14556 10591 4151
1 2 13001 10591 14556
1 2 3290 12454 12456
1 2 12454 4151 12455
1 2 12456 12455 178
1 2 12454 12455 12456
1 2 3984 14556 10162
1 2 14556 4151 12454
1 2 10162 12454 3290
1 2 14556 12454 10162
1 2 726 4910 4912
1 2 4910 1381 4911
1 2 4912 4911 2527
1 2 4910 4911 4912
1 2 1381 13000 10607
1 2 13000 794 13001
1 2 10607 13001 3984
1 2 13000 13001 10607
1 2 2527 10337 10338
1 2 10337 3984 10161
1 2 10338 10161 417
1 2 10337 10161 10338
1 2 1381 10607 4911
1 2 10607 3984 10337
1 2 4911 10337 2527
1 2 10607 10337 4911
1 2 162 13003 15072
1 2 13003 4146 15071
1 2 15072 15071 2526
1 2 13003 15071 15072
1 2 4146 14410 14412
1 2 14410 411 14411
1 2 14412 14411 1163
1 2 14410 14411 14412
1 2 2526 8631 6063
1 2 8631 1163 8632
1 2 6063 8632 726
1 2 8631 8632 6063
1 2 4146 14412 15071
1 2 14412 1163 8631
1 2 15071 8631 2526
1 2 14412 8631 15071
1 2 411 12798 14787
1 2 12798 1153 13254
1 2 14787 13254 1161
1 2 12798 13254 14787
1 2 1153 14151 13253
1 2 14151 163 14152
1 2 13253 14152 2763
1 2 14151 14152 13253
1 2 1161 11346 11348
1 2 11346 2763 11347
1 2 11348 11347 468
1 2 11346 11347 11348
1 2 1153 13253 13254
1 2 13253 2763 11346
1 2 13254 11346 1161
1 2 13253 11346 13254
1 2 726 10715 7931
1 2 10715 1162 7124
1 2 7931 7124 1379
1 2 10715 7124 7931
1 2 1162 12254 7122
1 2 12254 468 15444
1 2 7122 15444 2870
1 2 12254 15444 7122
1 2 1379 7123 15554
1 2 7123 2870 13043
1 2 15554 13043 179
1 2 7123 13043 15554
1 2 1162 7122 7124
1 2 7122 2870 7123
1 2 7124 7123 1379
1 2 7122 7123 7124
1 2 411 14787 14411
1 2 14787 1161 8741
1 2 14411 8741 1163
1 2 14787 8741 14411
1 2 1161 11348 8739
1 2 11348 468 12254
1 2 8739 12254 1162
1 2 11348 12254 8739
1 2 1163 8740 8632
1 2 8740 1162 10715
1 2 8632 10715 726
1 2 8740 10715 8632
1 2 1161 8739 8741
1 2 8739 1162 8740
1 2 8741 8740 1163
1 2 8739 8740 8741
1 2 163 16273 14152
1 2 16273 2761 11331
1 2 14152 11331 2763
1 2 16273 11331 14152
1 2 2761 13498 11329
1 2 13498 466 12331
1 2 11329 12331 2762
1 2 13498 12331 11329
1 2 2763 11330 11347
1 2 11330 2762 14421
1 2 11347 14421 468
1 2 11330 14421 11347
1 2 2761 11329 11331
1 2 11329 2762 11330
1 2 11331 11330 2763
1 2 11329 11330 11331
1 2 466 6076 6078
1 2 6076 2719 6077
1 2 6078 6077 3988
1 2 6076 6077 6078
1 2 2719 11568 12661
1 2 11568 180 12660
1 2 12661 12660 1690
1 2 11568 12660 12661
1 2 3988 14180 10601
1 2 14180 1690 7737
1 2 10601 7737 467
1 2 14180 7737 10601
1 2 2719 12661 6077
1 2 12661 1690 14180
1 2 6077 14180 3988
1 2 12661 14180 6077
1 2 468 14420 15444
1 2 14420 2868 9192
1 2 15444 9192 2870
1 2 14420 9192 15444
1 2 2868 10602 9190
1 2 10602 467 14066
1 2 9190 14066 2869
1 2 10602 14066 9190
1 2 2870 9191 13043
1 2 9191 2869 13042
1 2 13043 13042 179
1 2 9191 13042 13043
1 2 2868 9190 9192
1 2 9190 2869 9191
1 2 9192 9191 2870
1 2 9190 9191 9192
1 2 466 6078 12331
1 2 6078 3988 10696
1 2 12331 10696 2762
1 2 6078 10696 12331
1 2 3988 10601 10603
1 2 10601 467 10602
1 2 10603 10602 2868
1 2 10601 10602 10603
1 2 2762 10695 14421
1 2 10695 2868 14420
1 2 14421 14420 468
1 2 10695 14420 14421
1 2 3988 10603 10696
1 2 10603 2868 10695
1 2 10696 10695 2762
1 2 10603 10695 10696
1 2 163 11417 16273
1 2 11417 3848 14162
1 2 16273 14162 2761
1 2 11417 14162 16273
1 2 3848 15724 14161
1 2 15724 717 10495
1 2 14161 10495 4178
1 2 15724 10495 14161
1 2 2761 13496 13498
1 2 13496 4178 13497
1 2 13498 13497 466
1 2 13496 13497 13498
1 2 3848 14161 14162
1 2 14161 4178 13496
1 2 14162 13496 2761
1 2 14161 13496 14162
1 2 717 15912 10493
1 2 15912 2954 15968
1 2 10493 15968 4157
1 2 15912 15968 10493
1 2 2954 4475 8016
1 2 4475 164 8015
1 2 8016 8015 3834
1 2 4475 8015 8016
1 2 4157 13848 13849
1 2 13848 3834 7236
1 2 13849 7236 795
1 2 13848 7236 13849
1 2 2954 8016 15968
1 2 8016 3834 13848
1 2 15968 13848 4157
1 2 8016 13848 15968
1 2 466 10248 6076
1 2 10248 2717 10249
1 2 6076 10249 2719
1 2 10248 10249 6076
1 2 2717 14937 10469
1 2 14937 795 8139
1 2 10469 8139 2718
1 2 14937 8139 10469
1 2 2719 10470 11568
1 2 10470 2718 5462
1 2 11568 5462 180
1 2 10470 5462 11568
1 2 2717 10469 10249
1 2 10469 2718 10470
1 2 10249 10470 2719
1 2 10469 10470 10249
1 2 717 10493 10495
1 2 10493 4157 10494
1 2 10495 10494 4178
1 2 10493 10494 10495
1 2 4157 13849 10755
1 2 13849 795 14937
1 2 10755 14937 2717
1 2 13849 14937 10755
1 2 4178 10756 13497
1 2 10756 2717 10248
1 2 13497 10248 466
1 2 10756 10248 13497
1 2 4157 10755 10494
1 2 10755 2717 10756
1 2 10494 10756 4178
1 2 10755 10756 10494
1 2 164 9501 8015
1 2 9501 1312 9502
1 2 8015 9502 3834
1 2 9501 9502 8015
1 2 1312 9748 12607
1 2 9748 498 10341
1 2 12607 10341 3148
1 2 9748 10341 12607
1 2 3834 7234 7236
1 2 7234 3148 7235
1 2 7236 7235 795
1 2 7234 7235 7236
1 2 1312 12607 9502
1 2 12607 3148 7234
1 2 9502 7234 3834
1 2 12607 7234 9502
1 2 498 8883 10339
1 2 8883 2721 14951
1 2 10339 14951 3147
1 2 8883 14951 10339
1 2 2721 13569 13570
1 2 13569 181 4438
1 2 13570 4438 3283
1 2 13569 4438 13570
1 2 3147 13726 13471
1 2 13726 3283 13727
1 2 13471 13727 395
1 2 13726 13727 13471
1 2 2721 13570 14951
1 2 13570 3283 13726
1 2 14951 13726 3147
1 2 13570 13726 14951
1 2 795 8138 8139
1 2 8138 2726 4297
1 2 8139 4297 2718
1 2 8138 4297 8139
1 2 2726 13472 4295
1 2 13472 395 9391
1 2 4295 9391 2727
1 2 13472 9391 4295
1 2 2718 4296 5462
1 2 4296 2727 5461
1 2 5462 5461 180
1 2 4296 5461 5462
1 2 2726 4295 4297
1 2 4295 2727 4296
1 2 4297 4296 2718
1 2 4295 4296 4297
1 2 498 10339 10341
1 2 10339 3147 10340
1 2 10341 10340 3148
1 2 10339 10340 10341
1 2 3147 13471 13473
1 2 13471 395 13472
1 2 13473 13472 2726
1 2 13471 13472 13473
1 2 3148 8828 7235
1 2 8828 2726 8138
1 2 7235 8138 795
1 2 8828 8138 7235
1 2 3147 13473 10340
1 2 13473 2726 8828
1 2 10340 8828 3148
1 2 13473 8828 10340
1 2 164 8234 9501
1 2 8234 1310 13246
1 2 9501 13246 1312
1 2 8234 13246 9501
1 2 1310 10410 10412
1 2 10410 496 10411
1 2 10412 10411 1311
1 2 10410 10411 10412
1 2 1312 9747 9748
1 2 9747 1311 7678
1 2 9748 7678 498
1 2 9747 7678 9748
1 2 1310 10412 13246
1 2 10412 1311 9747
1 2 13246 9747 1312
1 2 10412 9747 13246
1 2 496 14630 11839
1 2 14630 2524 6288
1 2 11839 6288 4049
1 2 14630 6288 11839
1 2 2524 12313 6286
1 2 12313 165 12279
1 2 6286 12279 3794
1 2 12313 12279 6286
1 2 4049 6287 10124
1 2 6287 3794 6444
1 2 10124 6444 497
1 2 6287 6444 10124
1 2 2524 6286 6288
1 2 6286 3794 6287
1 2 6288 6287 4049
1 2 6286 6287 6288
1 2 498 7677 8883
1 2 7677 2720 8882
1 2 8883 8882 2721
1 2 7677 8882 8883
1 2 2720 14274 16239
1 2 14274 497 11206
1 2 16239 11206 2009
1 2 14274 11206 16239
1 2 2721 15978 13569
1 2 15978 2009 11998
1 2 13569 11998 181
1 2 15978 11998 13569
1 2 2720 16239 8882
1 2 16239 2009 15978
1 2 8882 15978 2721
1 2 16239 15978 8882
1 2 496 11839 10411
1 2 11839 4049 9035
1 2 10411 9035 1311
1 2 11839 9035 10411
1 2 4049 10124 9034
1 2 10124 497 14274
1 2 9034 14274 2720
1 2 10124 14274 9034
1 2 1311 7676 7678
1 2 7676 2720 7677
1 2 7678 7677 498
1 2 7676 7677 7678
1 2 4049 9034 9035
1 2 9034 2720 7676
1 2 9035 7676 1311
1 2 9034 7676 9035
1 2 165 12277 12279
1 2 12277 3793 12278
1 2 12279 12278 3794
1 2 12277 12278 12279
1 2 3793 16571 16517
1 2 16571 766 16295
1 2 16517 16295 3686
1 2 16571 16295 16517
1 2 3794 6443 6444
1 2 6443 3686 4989
1 2 6444 4989 497
1 2 6443 4989 6444
1 2 3793 16517 12278
1 2 16517 3686 6443
1 2 12278 6443 3794
1 2 16517 6443 12278
1 2 766 9175 9177
1 2 9175 1616 9176
1 2 9177 9176 3109
1 2 9175 9176 9177
1 2 1616 10568 10170
1 2 10568 182 10569
1 2 10170 10569 3108
1 2 10568 10569 10170
1 2 3109 10171 10725
1 2 10171 3108 10724
1 2 10725 10724 876
1 2 10171 10724 10725
1 2 1616 10170 9176
1 2 10170 3108 10171
1 2 9176 10171 3109
1 2 10170 10171 9176
1 2 497 4988 11206
1 2 4988 2007 11205
1 2 11206 11205 2009
1 2 4988 11205 11206
1 2 2007 13075 11919
1 2 13075 876 13076
1 2 11919 13076 2008
1 2 13075 13076 11919
1 2 2009 11920 11998
1 2 11920 2008 8486
1 2 11998 8486 181
1 2 11920 8486 11998
1 2 2007 11919 11205
1 2 11919 2008 11920
1 2 11205 11920 2009
1 2 11919 11920 11205
1 2 766 9177 16295
1 2 9177 3109 5015
1 2 16295 5015 3686
1 2 9177 5015 16295
1 2 3109 10725 5014
1 2 10725 876 13075
1 2 5014 13075 2007
1 2 10725 13075 5014
1 2 3686 4987 4989
1 2 4987 2007 4988
1 2 4989 4988 497
1 2 4987 4988 4989
1 2 3109 5014 5015
1 2 5014 2007 4987
1 2 5015 4987 3686
1 2 5014 4987 5015
1 2 165 16260 12277
1 2 16260 3852 15657
1 2 12277 15657 3793
1 2 16260 15657 12277
1 2 3852 8992 8994
1 2 8992 385 8993
1 2 8994 8993 3773
1 2 8992 8993 8994
1 2 3793 15656 16571
1 2 15656 3773 8683
1 2 16571 8683 766
1 2 15656 8683 16571
1 2 3852 8994 15657
1 2 8994 3773 15656
1 2 15657 15656 3793
1 2 8994 15656 15657
1 2 385 10582 11401
1 2 10582 3307 4844
1 2 11401 4844 3308
1 2 10582 4844 11401
1 2 3307 9649 4842
1 2 9649 166 14746
1 2 4842 14746 2484
1 2 9649 14746 4842
1 2 3308 4843 6341
1 2 4843 2484 6340
1 2 6341 6340 765
1 2 4843 6340 6341
1 2 3307 4842 4844
1 2 4842 2484 4843
1 2 4844 4843 3308
1 2 4842 4843 4844
1 2 766 8682 9175
1 2 8682 1614 9999
1 2 9175 9999 1616
1 2 8682 9999 9175
1 2 1614 7808 9997
1 2 7808 765 8110
1 2 9997 8110 1615
1 2 7808 8110 9997
1 2 1616 9998 10568
1 2 9998 1615 15537
1 2 10568 15537 182
1 2 9998 15537 10568
1 2 1614 9997 9999
1 2 9997 1615 9998
1 2 9999 9998 1616
1 2 9997 9998 9999
1 2 385 11401 8993
1 2 11401 3308 13059
1 2 8993 13059 3773
1 2 11401 13059 8993
1 2 3308 6341 7809
1 2 6341 765 7808
1 2 7809 7808 1614
1 2 6341 7808 7809
1 2 3773 8681 8683
1 2 8681 1614 8682
1 2 8683 8682 766
1 2 8681 8682 8683
1 2 3308 7809 13059
1 2 7809 1614 8681
1 2 13059 8681 3773
1 2 7809 8681 13059
1 2 166 14745 14746
1 2 14745 2483 13680
1 2 14746 13680 2484
1 2 14745 13680 14746
1 2 2483 4696 5666
1 2 4696 429 5665
1 2 5666 5665 1624
1 2 4696 5665 5666
1 2 2484 13679 6340
1 2 13679 1624 14470
1 2 6340 14470 765
1 2 13679 14470 6340
1 2 2483 5666 13680
1 2 5666 1624 13679
1 2 13680 13679 2484
1 2 5666 13679 13680
1 2 429 6522 6524
1 2 6522 3949 6523
1 2 6524 6523 1622
1 2 6522 6523 6524
1 2 3949 14289 11318
1 2 14289 183 5708
1 2 11318 5708 4055
1 2 14289 5708 11318
1 2 1622 6799 6801
1 2 6799 4055 6800
1 2 6801 6800 942
1 2 6799 6800 6801
1 2 3949 11318 6523
1 2 11318 4055 6799
1 2 6523 6799 1622
1 2 11318 6799 6523
1 2 765 8108 8110
1 2 8108 1623 8109
1 2 8110 8109 1615
1 2 8108 8109 8110
1 2 1623 5722 5723
1 2 5722 942 5305
1 2 5723 5305 1771
1 2 5722 5305 5723
1 2 1615 11607 15537
1 2 11607 1771 15332
1 2 15537 15332 182
1 2 11607 15332 15537
1 2 1623 5723 8109
1 2 5723 1771 11607
1 2 8109 11607 1615
1 2 5723 11607 8109
1 2 429 6524 5665
1 2 6524 1622 15800
1 2 5665 15800 1624
1 2 6524 15800 5665
1 2 1622 6801 11340
1 2 6801 942 5722
1 2 11340 5722 1623
1 2 6801 5722 11340
1 2 1624 15504 14470
1 2 15504 1623 8108
1 2 14470 8108 765
1 2 15504 8108 14470
1 2 1622 11340 15800
1 2 11340 1623 15504
1 2 15800 15504 1624
1 2 11340 15504 15800
1 2 166 15662 14745
1 2 15662 2532 16561
1 2 14745 16561 2483
1 2 15662 16561 14745
1 2 2532 16521 16522
1 2 16521 428 9740
1 2 16522 9740 3630
1 2 16521 9740 16522
1 2 2483 4694 4696
1 2 4694 3630 4695
1 2 4696 4695 429
1 2 4694 4695 4696
1 2 2532 16522 16561
1 2 16522 3630 4694
1 2 16561 4694 2483
1 2 16522 4694 16561
1 2 428 13947 9739
1 2 13947 2290 7162
1 2 9739 7162 3163
1 2 13947 7162 9739
1 2 2290 6123 7161
1 2 6123 167 7062
1 2 7161 7062 3162
1 2 6123 7062 7161
1 2 3163 4966 4968
1 2 4966 3162 4967
1 2 4968 4967 406
1 2 4966 4967 4968
1 2 2290 7161 7162
1 2 7161 3162 4966
1 2 7162 4966 3163
1 2 7161 4966 7162
1 2 429 8680 6522
1 2 8680 3629 8474
1 2 6522 8474 3949
1 2 8680 8474 6522
1 2 3629 4250 4252
1 2 4250 406 4251
1 2 4252 4251 3948
1 2 4250 4251 4252
1 2 3949 8473 14289
1 2 8473 3948 14288
1 2 14289 14288 183
1 2 8473 14288 14289
1 2 3629 4252 8474
1 2 4252 3948 8473
1 2 8474 8473 3949
1 2 4252 8473 8474
1 2 428 9739 9740
1 2 9739 3163 8002
1 2 9740 8002 3630
1 2 9739 8002 9740
1 2 3163 4968 8000
1 2 4968 406 4250
1 2 8000 4250 3629
1 2 4968 4250 8000
1 2 3630 8001 4695
1 2 8001 3629 8680
1 2 4695 8680 429
1 2 8001 8680 4695
1 2 3163 8000 8002
1 2 8000 3629 8001
1 2 8002 8001 3630
1 2 8000 8001 8002
1 2 167 7060 7062
1 2 7060 2551 7061
1 2 7062 7061 3162
1 2 7060 7061 7062
1 2 2551 9299 8146
1 2 9299 404 9300
1 2 8146 9300 3417
1 2 9299 9300 8146
1 2 3162 8147 4967
1 2 8147 3417 13739
1 2 4967 13739 406
1 2 8147 13739 4967
1 2 2551 8146 7061
1 2 8146 3417 8147
1 2 7061 8147 3162
1 2 8146 8147 7061
1 2 404 4931 4933
1 2 4931 2644 4932
1 2 4933 4932 2646
1 2 4931 4932 4933
1 2 2644 13803 16414
1 2 13803 184 6643
1 2 16414 6643 2645
1 2 13803 6643 16414
1 2 2646 10675 10677
1 2 10675 2645 10676
1 2 10677 10676 405
1 2 10675 10676 10677
1 2 2644 16414 4932
1 2 16414 2645 10675
1 2 4932 10675 2646
1 2 16414 10675 4932
1 2 406 7527 4251
1 2 7527 3416 7528
1 2 4251 7528 3948
1 2 7527 7528 4251
1 2 3416 11526 13106
1 2 11526 405 15971
1 2 13106 15971 4137
1 2 11526 15971 13106
1 2 3948 13107 14288
1 2 13107 4137 9693
1 2 14288 9693 183
1 2 13107 9693 14288
1 2 3416 13106 7528
1 2 13106 4137 13107
1 2 7528 13107 3948
1 2 13106 13107 7528
1 2 404 4933 9300
1 2 4933 2646 11200
1 2 9300 11200 3417
1 2 4933 11200 9300
1 2 2646 10677 11527
1 2 10677 405 11526
1 2 11527 11526 3416
1 2 10677 11526 11527
1 2 3417 13738 13739
1 2 13738 3416 7527
1 2 13739 7527 406
1 2 13738 7527 13739
1 2 2646 11527 11200
1 2 11527 3416 13738
1 2 11200 13738 3417
1 2 11527 13738 11200
1 2 167 15846 7060
1 2 15846 2549 4231
1 2 7060 4231 2551
1 2 15846 4231 7060
1 2 2549 13785 4229
1 2 13785 781 13786
1 2 4229 13786 2550
1 2 13785 13786 4229
1 2 2551 4230 9299
1 2 4230 2550 9352
1 2 9299 9352 404
1 2 4230 9352 9299
1 2 2549 4229 4231
1 2 4229 2550 4230
1 2 4231 4230 2551
1 2 4229 4230 4231
1 2 781 9221 9222
1 2 9221 3811 4598
1 2 9222 4598 3196
1 2 9221 4598 9222
1 2 3811 6892 4596
1 2 6892 168 6893
1 2 4596 6893 2838
1 2 6892 6893 4596
1 2 3196 4597 7846
1 2 4597 2838 7845
1 2 7846 7845 782
1 2 4597 7845 7846
1 2 3811 4596 4598
1 2 4596 2838 4597
1 2 4598 4597 3196
1 2 4596 4597 4598
1 2 404 9316 4931
1 2 9316 3197 9317
1 2 4931 9317 2644
1 2 9316 9317 4931
1 2 3197 9342 9344
1 2 9342 782 9343
1 2 9344 9343 3276
1 2 9342 9343 9344
1 2 2644 13801 13803
1 2 13801 3276 13802
1 2 13803 13802 184
1 2 13801 13802 13803
1 2 3197 9344 9317
1 2 9344 3276 13801
1 2 9317 13801 2644
1 2 9344 13801 9317
1 2 781 9222 13786
1 2 9222 3196 13039
1 2 13786 13039 2550
1 2 9222 13039 13786
1 2 3196 7846 10172
1 2 7846 782 9342
1 2 10172 9342 3197
1 2 7846 9342 10172
1 2 2550 9351 9352
1 2 9351 3197 9316
1 2 9352 9316 404
1 2 9351 9316 9352
1 2 3196 10172 13039
1 2 10172 3197 9351
1 2 13039 9351 2550
1 2 10172 9351 13039
1 2 168 13489 6893
1 2 13489 2837 12374
1 2 6893 12374 2838
1 2 13489 12374 6893
1 2 2837 11332 11334
1 2 11332 1011 11333
1 2 11334 11333 1796
1 2 11332 11333 11334
1 2 2838 12373 7845
1 2 12373 1796 11675
1 2 7845 11675 782
1 2 12373 11675 7845
1 2 2837 11334 12374
1 2 11334 1796 12373
1 2 12374 12373 2838
1 2 11334 12373 12374
1 2 1011 5192 14613
1 2 5192 3651 4826
1 2 14613 4826 1794
1 2 5192 4826 14613
1 2 3651 9733 4824
1 2 9733 185 9734
1 2 4824 9734 3862
1 2 9733 9734 4824
1 2 1794 4825 12398
1 2 4825 3862 13391
1 2 12398 13391 314
1 2 4825 13391 12398
1 2 3651 4824 4826
1 2 4824 3862 4825
1 2 4826 4825 1794
1 2 4824 4825 4826
1 2 782 11674 9343
1 2 11674 1795 14760
1 2 9343 14760 3276
1 2 11674 14760 9343
1 2 1795 12399 13171
1 2 12399 314 13170
1 2 13171 13170 1102
1 2 12399 13170 13171
1 2 3276 14759 13802
1 2 14759 1102 16485
1 2 13802 16485 184
1 2 14759 16485 13802
1 2 1795 13171 14760
1 2 13171 1102 14759
1 2 14760 14759 3276
1 2 13171 14759 14760
1 2 1011 14613 11333
1 2 14613 1794 12535
1 2 11333 12535 1796
1 2 14613 12535 11333
1 2 1794 12398 12400
1 2 12398 314 12399
1 2 12400 12399 1795
1 2 12398 12399 12400
1 2 1796 11673 11675
1 2 11673 1795 11674
1 2 11675 11674 782
1 2 11673 11674 11675
1 2 1794 12400 12535
1 2 12400 1795 11673
1 2 12535 11673 1796
1 2 12400 11673 12535
1 2 168 5526 13489
1 2 5526 3166 6518
1 2 13489 6518 2837
1 2 5526 6518 13489
1 2 3166 11824 6516
1 2 11824 1073 16263
1 2 6516 16263 1360
1 2 11824 16263 6516
1 2 2837 6517 11332
1 2 6517 1360 11934
1 2 11332 11934 1011
1 2 6517 11934 11332
1 2 3166 6516 6518
1 2 6516 1360 6517
1 2 6518 6517 2837
1 2 6516 6517 6518
1 2 1073 9531 13845
1 2 9531 1097 13844
1 2 13845 13844 1358
1 2 9531 13844 13845
1 2 1097 12745 12747
1 2 12745 169 12746
1 2 12747 12746 3447
1 2 12745 12746 12747
1 2 1358 9318 9320
1 2 9318 3447 9319
1 2 9320 9319 962
1 2 9318 9319 9320
1 2 1097 12747 13844
1 2 12747 3447 9318
1 2 13844 9318 1358
1 2 12747 9318 13844
1 2 1011 5190 5192
1 2 5190 1359 5191
1 2 5192 5191 3651
1 2 5190 5191 5192
1 2 1359 11058 11060
1 2 11058 962 11059
1 2 11060 11059 2543
1 2 11058 11059 11060
1 2 3651 14464 9733
1 2 14464 2543 9241
1 2 9733 9241 185
1 2 14464 9241 9733
1 2 1359 11060 5191
1 2 11060 2543 14464
1 2 5191 14464 3651
1 2 11060 14464 5191
1 2 1073 13845 16263
1 2 13845 1358 16303
1 2 16263 16303 1360
1 2 13845 16303 16263
1 2 1358 9320 14530
1 2 9320 962 11058
1 2 14530 11058 1359
1 2 9320 11058 14530
1 2 1360 14311 11934
1 2 14311 1359 5190
1 2 11934 5190 1011
1 2 14311 5190 11934
1 2 1358 14530 16303
1 2 14530 1359 14311
1 2 16303 14311 1360
1 2 14530 14311 16303
1 2 169 16570 12746
1 2 16570 1416 15785
1 2 12746 15785 3447
1 2 16570 15785 12746
1 2 1416 15095 15783
1 2 15095 849 8309
1 2 15783 8309 1244
1 2 15095 8309 15783
1 2 3447 15784 9319
1 2 15784 1244 12440
1 2 9319 12440 962
1 2 15784 12440 9319
1 2 1416 15783 15785
1 2 15783 1244 15784
1 2 15785 15784 3447
1 2 15783 15784 15785
1 2 849 10496 8308
1 2 10496 1567 4434
1 2 8308 4434 1242
1 2 10496 4434 8308
1 2 1567 12563 4432
1 2 12563 186 9977
1 2 4432 9977 1568
1 2 12563 9977 4432
1 2 1242 4433 6867
1 2 4433 1568 6866
1 2 6867 6866 961
1 2 4433 6866 6867
1 2 1567 4432 4434
1 2 4432 1568 4433
1 2 4434 4433 1242
1 2 4432 4433 4434
1 2 962 12439 11059
1 2 12439 1243 4853
1 2 11059 4853 2543
1 2 12439 4853 11059
1 2 1243 11940 4851
1 2 11940 961 14857
1 2 4851 14857 2010
1 2 11940 14857 4851
1 2 2543 4852 9241
1 2 4852 2010 9240
1 2 9241 9240 185
1 2 4852 9240 9241
1 2 1243 4851 4853
1 2 4851 2010 4852
1 2 4853 4852 2543
1 2 4851 4852 4853
1 2 849 8308 8309
1 2 8308 1242 7796
1 2 8309 7796 1244
1 2 8308 7796 8309
1 2 1242 6867 7794
1 2 6867 961 11940
1 2 7794 11940 1243
1 2 6867 11940 7794
1 2 1244 7795 12440
1 2 7795 1243 12439
1 2 12440 12439 962
1 2 7795 12439 12440
1 2 1242 7794 7796
1 2 7794 1243 7795
1 2 7796 7795 1244
1 2 7794 7795 7796
1 2 169 16380 16570
1 2 16380 1414 10705
1 2 16570 10705 1416
1 2 16380 10705 16570
1 2 1414 5537 5539
1 2 5537 848 5538
1 2 5539 5538 1415
1 2 5537 5538 5539
1 2 1416 10704 15095
1 2 10704 1415 15094
1 2 15095 15094 849
1 2 10704 15094 15095
1 2 1414 5539 10705
1 2 5539 1415 10704
1 2 10705 10704 1416
1 2 5539 10704 10705
1 2 848 14962 12751
1 2 14962 4017 16420
1 2 12751 16420 2182
1 2 14962 16420 12751
1 2 4017 4817 9614
1 2 4817 170 9613
1 2 9614 9613 4018
1 2 4817 9613 9614
1 2 2182 12005 12006
1 2 12005 4018 10915
1 2 12006 10915 295
1 2 12005 10915 12006
1 2 4017 9614 16420
1 2 9614 4018 12005
1 2 16420 12005 2182
1 2 9614 12005 16420
1 2 849 12482 10496
1 2 12482 2183 12483
1 2 10496 12483 1567
1 2 12482 12483 10496
1 2 2183 10979 10981
1 2 10979 295 10980
1 2 10981 10980 1883
1 2 10979 10980 10981
1 2 1567 15973 12563
1 2 15973 1883 7863
1 2 12563 7863 186
1 2 15973 7863 12563
1 2 2183 10981 12483
1 2 10981 1883 15973
1 2 12483 15973 1567
1 2 10981 15973 12483
1 2 848 12751 5538
1 2 12751 2182 4647
1 2 5538 4647 1415
1 2 12751 4647 5538
1 2 2182 12006 4645
1 2 12006 295 10979
1 2 4645 10979 2183
1 2 12006 10979 4645
1 2 1415 4646 15094
1 2 4646 2183 12482
1 2 15094 12482 849
1 2 4646 12482 15094
1 2 2182 4645 4647
1 2 4645 2183 4646
1 2 4647 4646 1415
1 2 4645 4646 4647
1 2 170 15836 9613
1 2 15836 4097 15367
1 2 9613 15367 4018
1 2 15836 15367 9613
1 2 4097 15696 15366
1 2 15696 293 11142
1 2 15366 11142 4077
1 2 15696 11142 15366
1 2 4018 10913 10915
1 2 10913 4077 10914
1 2 10915 10914 295
1 2 10913 10914 10915
1 2 4097 15366 15367
1 2 15366 4077 10913
1 2 15367 10913 4018
1 2 15366 10913 15367
1 2 293 16296 11140
1 2 16296 3658 9097
1 2 11140 9097 3659
1 2 16296 9097 11140
1 2 3658 15159 9095
1 2 15159 187 8081
1 2 9095 8081 3343
1 2 15159 8081 9095
1 2 3659 9096 15075
1 2 9096 3343 11962
1 2 15075 11962 294
1 2 9096 11962 15075
1 2 3658 9095 9097
1 2 9095 3343 9096
1 2 9097 9096 3659
1 2 9095 9096 9097
1 2 295 15865 10980
1 2 15865 1881 5498
1 2 10980 5498 1883
1 2 15865 5498 10980
1 2 1881 13615 5496
1 2 13615 294 13616
1 2 5496 13616 1882
1 2 13615 13616 5496
1 2 1883 5497 7863
1 2 5497 1882 7862
1 2 7863 7862 186
1 2 5497 7862 7863
1 2 1881 5496 5498
1 2 5496 1882 5497
1 2 5498 5497 1883
1 2 5496 5497 5498
1 2 293 11140 11142
1 2 11140 3659 11141
1 2 11142 11141 4077
1 2 11140 11141 11142
1 2 3659 15075 15076
1 2 15075 294 13615
1 2 15076 13615 1881
1 2 15075 13615 15076
1 2 4077 15555 10914
1 2 15555 1881 15865
1 2 10914 15865 295
1 2 15555 15865 10914
1 2 3659 15076 11141
1 2 15076 1881 15555
1 2 11141 15555 4077
1 2 15076 15555 11141
1 2 171 7596 7598
1 2 7596 2143 7597
1 2 7598 7597 2145
1 2 7596 7597 7598
1 2 2143 5375 10599
1 2 5375 841 10598
1 2 10599 10598 2144
1 2 5375 10598 10599
1 2 2145 8426 8428
1 2 8426 2144 8427
1 2 8428 8427 842
1 2 8426 8427 8428
1 2 2143 10599 7597
1 2 10599 2144 8426
1 2 7597 8426 2145
1 2 10599 8426 7597
1 2 841 9880 10627
1 2 9880 1813 4850
1 2 10627 4850 2509
1 2 9880 4850 10627
1 2 1813 6498 4848
1 2 6498 172 6499
1 2 4848 6499 2508
1 2 6498 6499 4848
1 2 2509 4849 10190
1 2 4849 2508 10422
1 2 10190 10422 445
1 2 4849 10422 10190
1 2 1813 4848 4850
1 2 4848 2508 4849
1 2 4850 4849 2509
1 2 4848 4849 4850
1 2 842 9474 15986
1 2 9474 2170 15985
1 2 15986 15985 2171
1 2 9474 15985 15986
1 2 2170 10191 14096
1 2 10191 445 6081
1 2 14096 6081 1532
1 2 10191 6081 14096
1 2 2171 5348 5350
1 2 5348 1532 5349
1 2 5350 5349 188
1 2 5348 5349 5350
1 2 2170 14096 15985
1 2 14096 1532 5348
1 2 15985 5348 2171
1 2 14096 5348 15985
1 2 841 10627 10598
1 2 10627 2509 10628
1 2 10598 10628 2144
1 2 10627 10628 10598
1 2 2509 10190 10192
1 2 10190 445 10191
1 2 10192 10191 2170
1 2 10190 10191 10192
1 2 2144 9473 8427
1 2 9473 2170 9474
1 2 8427 9474 842
1 2 9473 9474 8427
1 2 2509 10192 10628
1 2 10192 2170 9473
1 2 10628 9473 2144
1 2 10192 9473 10628
1 2 172 11695 6499
1 2 11695 1387 14272
1 2 6499 14272 2508
1 2 11695 14272 6499
1 2 1387 11446 11447
1 2 11446 443 6067
1 2 11447 6067 2800
1 2 11446 6067 11447
1 2 2508 15726 10422
1 2 15726 2800 16015
1 2 10422 16015 445
1 2 15726 16015 10422
1 2 1387 11447 14272
1 2 11447 2800 15726
1 2 14272 15726 2508
1 2 11447 15726 14272
1 2 443 6465 6065
1 2 6465 2537 11469
1 2 6065 11469 2539
1 2 6465 11469 6065
1 2 2537 13228 11467
1 2 13228 189 16210
1 2 11467 16210 2538
1 2 13228 16210 11467
1 2 2539 11468 12025
1 2 11468 2538 12024
1 2 12025 12024 444
1 2 11468 12024 12025
1 2 2537 11467 11469
1 2 11467 2538 11468
1 2 11469 11468 2539
1 2 11467 11468 11469
1 2 445 6079 6081
1 2 6079 1530 6080
1 2 6081 6080 1532
1 2 6079 6080 6081
1 2 1530 6591 6593
1 2 6591 444 6592
1 2 6593 6592 1531
1 2 6591 6592 6593
1 2 1532 8755 5349
1 2 8755 1531 8756
1 2 5349 8756 188
1 2 8755 8756 5349
1 2 1530 6593 6080
1 2 6593 1531 8755
1 2 6080 8755 1532
1 2 6593 8755 6080
1 2 443 6065 6067
1 2 6065 2539 6066
1 2 6067 6066 2800
1 2 6065 6066 6067
1 2 2539 12025 10362
1 2 12025 444 6591
1 2 10362 6591 1530
1 2 12025 6591 10362
1 2 2800 10363 16015
1 2 10363 1530 6079
1 2 16015 6079 445
1 2 10363 6079 16015
1 2 2539 10362 6066
1 2 10362 1530 10363
1 2 6066 10363 2800
1 2 10362 10363 6066
1 2 172 7243 11695
1 2 7243 1385 7703
1 2 11695 7703 1387
1 2 7243 7703 11695
1 2 1385 12788 7701
1 2 12788 552 12789
1 2 7701 12789 1386
1 2 12788 12789 7701
1 2 1387 7702 11446
1 2 7702 1386 4621
1 2 11446 4621 443
1 2 7702 4621 11446
1 2 1385 7701 7703
1 2 7701 1386 7702
1 2 7703 7702 1387
1 2 7701 7702 7703
1 2 552 6665 6667
1 2 6665 2292 6666
1 2 6667 6666 2294
1 2 6665 6666 6667
1 2 2292 13372 13374
1 2 13372 173 13373
1 2 13374 13373 2293
1 2 13372 13373 13374
1 2 2294 6748 6750
1 2 6748 2293 6749
1 2 6750 6749 578
1 2 6748 6749 6750
1 2 2292 13374 6666
1 2 13374 2293 6748
1 2 6666 6748 2294
1 2 13374 6748 6666
1 2 443 4620 6465
1 2 4620 3369 6464
1 2 6465 6464 2537
1 2 4620 6464 6465
1 2 3369 12909 12477
1 2 12909 578 14218
1 2 12477 14218 4110
1 2 12909 14218 12477
1 2 2537 12478 13228
1 2 12478 4110 4327
1 2 13228 4327 189
1 2 12478 4327 13228
1 2 3369 12477 6464
1 2 12477 4110 12478
1 2 6464 12478 2537
1 2 12477 12478 6464
1 2 552 6667 12789
1 2 6667 2294 11655
1 2 12789 11655 1386
1 2 6667 11655 12789
1 2 2294 6750 11654
1 2 6750 578 12909
1 2 11654 12909 3369
1 2 6750 12909 11654
1 2 1386 4619 4621
1 2 4619 3369 4620
1 2 4621 4620 443
1 2 4619 4620 4621
1 2 2294 11654 11655
1 2 11654 3369 4619
1 2 11655 4619 1386
1 2 11654 4619 11655
1 2 173 6527 13373
1 2 6527 3775 8642
1 2 13373 8642 2293
1 2 6527 8642 13373
1 2 3775 6869 7749
1 2 6869 741 7748
1 2 7749 7748 3883
1 2 6869 7748 7749
1 2 2293 8641 6749
1 2 8641 3883 8677
1 2 6749 8677 578
1 2 8641 8677 6749
1 2 3775 7749 8642
1 2 7749 3883 8641
1 2 8642 8641 2293
1 2 7749 8641 8642
1 2 741 11545 12833
1 2 11545 2530 10563
1 2 12833 10563 3881
1 2 11545 10563 12833
1 2 2530 4343 4345
1 2 4343 190 4344
1 2 4345 4344 3140
1 2 4343 4344 4345
1 2 3881 6108 6110
1 2 6108 3140 6109
1 2 6110 6109 522
1 2 6108 6109 6110
1 2 2530 4345 10563
1 2 4345 3140 6108
1 2 10563 6108 3881
1 2 4345 6108 10563
1 2 578 8676 14218
1 2 8676 3882 16176
1 2 14218 16176 4110
1 2 8676 16176 14218
1 2 3882 13634 13636
1 2 13634 522 13635
1 2 13636 13635 1742
1 2 13634 13635 13636
1 2 4110 4325 4327
1 2 4325 1742 4326
1 2 4327 4326 189
1 2 4325 4326 4327
1 2 3882 13636 16176
1 2 13636 1742 4325
1 2 16176 4325 4110
1 2 13636 4325 16176
1 2 741 12833 7748
1 2 12833 3881 6810
1 2 7748 6810 3883
1 2 12833 6810 7748
1 2 3881 6110 6808
1 2 6110 522 13634
1 2 6808 13634 3882
1 2 6110 13634 6808
1 2 3883 6809 8677
1 2 6809 3882 8676
1 2 8677 8676 578
1 2 6809 8676 8677
1 2 3881 6808 6810
1 2 6808 3882 6809
1 2 6810 6809 3883
1 2 6808 6809 6810
1 2 173 6525 6527
1 2 6525 3255 6526
1 2 6527 6526 3775
1 2 6525 6526 6527
1 2 3255 13150 6716
1 2 13150 739 9347
1 2 6716 9347 3774
1 2 13150 9347 6716
1 2 3775 6717 6869
1 2 6717 3774 6868
1 2 6869 6868 741
1 2 6717 6868 6869
1 2 3255 6716 6526
1 2 6716 3774 6717
1 2 6526 6717 3775
1 2 6716 6717 6526
1 2 739 14998 9345
1 2 14998 3867 4874
1 2 9345 4874 3802
1 2 14998 4874 9345
1 2 3867 9767 4872
1 2 9767 174 7112
1 2 4872 7112 3815
1 2 9767 7112 4872
1 2 3802 4873 14471
1 2 4873 3815 16432
1 2 14471 16432 740
1 2 4873 16432 14471
1 2 3867 4872 4874
1 2 4872 3815 4873
1 2 4874 4873 3802
1 2 4872 4873 4874
1 2 741 11543 11545
1 2 11543 2528 11544
1 2 11545 11544 2530
1 2 11543 11544 11545
1 2 2528 14472 13397
1 2 14472 740 13109
1 2 13397 13109 2529
1 2 14472 13109 13397
1 2 2530 13398 4343
1 2 13398 2529 6990
1 2 4343 6990 190
1 2 13398 6990 4343
1 2 2528 13397 11544
1 2 13397 2529 13398
1 2 11544 13398 2530
1 2 13397 13398 11544
1 2 739 9345 9347
1 2 9345 3802 9346
1 2 9347 9346 3774
1 2 9345 9346 9347
1 2 3802 14471 14473
1 2 14471 740 14472
1 2 14473 14472 2528
1 2 14471 14472 14473
1 2 3774 16234 6868
1 2 16234 2528 11543
1 2 6868 11543 741
1 2 16234 11543 6868
1 2 3802 14473 9346
1 2 14473 2528 16234
1 2 9346 16234 3774
1 2 14473 16234 9346
1 2 174 7110 7112
1 2 7110 1817 7111
1 2 7112 7111 3815
1 2 7110 7111 7112
1 2 1817 12091 8093
1 2 12091 729 12092
1 2 8093 12092 3404
1 2 12091 12092 8093
1 2 3815 8094 16432
1 2 8094 3404 14168
1 2 16432 14168 740
1 2 8094 14168 16432
1 2 1817 8093 7111
1 2 8093 3404 8094
1 2 7111 8094 3815
1 2 8093 8094 7111
1 2 729 4653 13879
1 2 4653 3036 7513
1 2 13879 7513 3402
1 2 4653 7513 13879
1 2 3036 16343 7511
1 2 16343 191 13666
1 2 7511 13666 3309
1 2 16343 13666 7511
1 2 3402 7512 9488
1 2 7512 3309 15740
1 2 9488 15740 853
1 2 7512 15740 9488
1 2 3036 7511 7513
1 2 7511 3309 7512
1 2 7513 7512 3402
1 2 7511 7512 7513
1 2 740 13108 13109
1 2 13108 3403 6567
1 2 13109 6567 2529
1 2 13108 6567 13109
1 2 3403 9489 6565
1 2 9489 853 15226
1 2 6565 15226 4214
1 2 9489 15226 6565
1 2 2529 6566 6990
1 2 6566 4214 6989
1 2 6990 6989 190
1 2 6566 6989 6990
1 2 3403 6565 6567
1 2 6565 4214 6566
1 2 6567 6566 2529
1 2 6565 6566 6567
1 2 729 13879 12092
1 2 13879 3402 6691
1 2 12092 6691 3404
1 2 13879 6691 12092
1 2 3402 9488 6689
1 2 9488 853 9489
1 2 6689 9489 3403
1 2 9488 9489 6689
1 2 3404 6690 14168
1 2 6690 3403 13108
1 2 14168 13108 740
1 2 6690 13108 14168
1 2 3402 6689 6691
1 2 6689 3403 6690
1 2 6691 6690 3404
1 2 6689 6690 6691
1 2 174 11171 7110
1 2 11171 1815 11959
1 2 7110 11959 1817
1 2 11171 11959 7110
1 2 1815 9102 9104
1 2 9102 727 9103
1 2 9104 9103 1816
1 2 9102 9103 9104
1 2 1817 15109 12091
1 2 15109 1816 8112
1 2 12091 8112 729
1 2 15109 8112 12091
1 2 1815 9104 11959
1 2 9104 1816 15109
1 2 11959 15109 1817
1 2 9104 15109 11959
1 2 727 6342 6344
1 2 6342 4032 6343
1 2 6344 6343 4197
1 2 6342 6343 6344
1 2 4032 14915 14916
1 2 14915 175 7364
1 2 14916 7364 4054
1 2 14915 7364 14916
1 2 4197 12210 6009
1 2 12210 4054 12211
1 2 6009 12211 728
1 2 12210 12211 6009
1 2 4032 14916 6343
1 2 14916 4054 12210
1 2 6343 12210 4197
1 2 14916 12210 6343
1 2 729 4651 4653
1 2 4651 3034 4652
1 2 4653 4652 3036
1 2 4651 4652 4653
1 2 3034 6010 9545
1 2 6010 728 10464
1 2 9545 10464 3035
1 2 6010 10464 9545
1 2 3036 9546 16343
1 2 9546 3035 4670
1 2 16343 4670 191
1 2 9546 4670 16343
1 2 3034 9545 4652
1 2 9545 3035 9546
1 2 4652 9546 3036
1 2 9545 9546 4652
1 2 727 6344 9103
1 2 6344 4197 10056
1 2 9103 10056 1816
1 2 6344 10056 9103
1 2 4197 6009 6011
1 2 6009 728 6010
1 2 6011 6010 3034
1 2 6009 6010 6011
1 2 1816 8111 8112
1 2 8111 3034 4651
1 2 8112 4651 729
1 2 8111 4651 8112
1 2 4197 6011 10056
1 2 6011 3034 8111
1 2 10056 8111 1816
1 2 6011 8111 10056
1 2 175 7362 7364
1 2 7362 2076 7363
1 2 7364 7363 4054
1 2 7362 7363 7364
1 2 2076 15206 11429
1 2 15206 950 15207
1 2 11429 15207 4053
1 2 15206 15207 11429
1 2 4054 11430 12211
1 2 11430 4053 15723
1 2 12211 15723 728
1 2 11430 15723 12211
1 2 2076 11429 7363
1 2 11429 4053 11430
1 2 7363 11430 4054
1 2 11429 11430 7363
1 2 950 16383 16157
1 2 16383 2564 11774
1 2 16157 11774 2566
1 2 16383 11774 16157
1 2 2564 9503 9504
1 2 9503 192 5730
1 2 9504 5730 2565
1 2 9503 5730 9504
1 2 2566 8270 8272
1 2 8270 2565 8271
1 2 8272 8271 296
1 2 8270 8271 8272
1 2 2564 9504 11774
1 2 9504 2565 8270
1 2 11774 8270 2566
1 2 9504 8270 11774
1 2 728 15722 10464
1 2 15722 3889 16112
1 2 10464 16112 3035
1 2 15722 16112 10464
1 2 3889 12180 14804
1 2 12180 296 10536
1 2 14804 10536 2191
1 2 12180 10536 14804
1 2 3035 4668 4670
1 2 4668 2191 4669
1 2 4670 4669 191
1 2 4668 4669 4670
1 2 3889 14804 16112
1 2 14804 2191 4668
1 2 16112 4668 3035
1 2 14804 4668 16112
1 2 950 16157 15207
1 2 16157 2566 13141
1 2 15207 13141 4053
1 2 16157 13141 15207
1 2 2566 8272 12181
1 2 8272 296 12180
1 2 12181 12180 3889
1 2 8272 12180 12181
1 2 4053 13140 15723
1 2 13140 3889 15722
1 2 15723 15722 728
1 2 13140 15722 15723
1 2 2566 12181 13141
1 2 12181 3889 13140
1 2 13141 13140 4053
1 2 12181 13140 13141
1 2 175 16078 7362
1 2 16078 1429 11083
1 2 7362 11083 2076
1 2 16078 11083 7362
1 2 1429 14398 11081
1 2 14398 949 6107
1 2 11081 6107 2075
1 2 14398 6107 11081
1 2 2076 11082 15206
1 2 11082 2075 9956
1 2 15206 9956 950
1 2 11082 9956 15206
1 2 1429 11081 11083
1 2 11081 2075 11082
1 2 11083 11082 2076
1 2 11081 11082 11083
1 2 949 15387 6105
1 2 15387 4056 14216
1 2 6105 14216 3927
1 2 15387 14216 6105
1 2 4056 6398 6400
1 2 6398 176 6399
1 2 6400 6399 3136
1 2 6398 6399 6400
1 2 3927 14215 15533
1 2 14215 3136 15744
1 2 15533 15744 659
1 2 14215 15744 15533
1 2 4056 6400 14216
1 2 6400 3136 14215
1 2 14216 14215 3927
1 2 6400 14215 14216
1 2 950 9955 16383
1 2 9955 2875 6002
1 2 16383 6002 2564
1 2 9955 6002 16383
1 2 2875 11754 6000
1 2 11754 659 11755
1 2 6000 11755 1918
1 2 11754 11755 6000
1 2 2564 6001 9503
1 2 6001 1918 9033
1 2 9503 9033 192
1 2 6001 9033 9503
1 2 2875 6000 6002
1 2 6000 1918 6001
1 2 6002 6001 2564
1 2 6000 6001 6002
1 2 949 6105 6107
1 2 6105 3927 6106
1 2 6107 6106 2075
1 2 6105 6106 6107
1 2 3927 15533 13731
1 2 15533 659 11754
1 2 13731 11754 2875
1 2 15533 11754 13731
1 2 2075 9954 9956
1 2 9954 2875 9955
1 2 9956 9955 950
1 2 9954 9955 9956
1 2 3927 13731 6106
1 2 13731 2875 9954
1 2 6106 9954 2075
1 2 13731 9954 6106
1 2 176 12649 6399
1 2 12649 1445 10843
1 2 6399 10843 3136
1 2 12649 10843 6399
1 2 1445 11035 10841
1 2 11035 657 11036
1 2 10841 11036 3135
1 2 11035 11036 10841
1 2 3136 10842 15744
1 2 10842 3135 8325
1 2 15744 8325 659
1 2 10842 8325 15744
1 2 1445 10841 10843
1 2 10841 3135 10842
1 2 10843 10842 3136
1 2 10841 10842 10843
1 2 657 5702 5704
1 2 5702 3989 5703
1 2 5704 5703 3331
1 2 5702 5703 5704
1 2 3989 6370 8714
1 2 6370 193 8713
1 2 8714 8713 3379
1 2 6370 8713 8714
1 2 3331 12608 5463
1 2 12608 3379 12609
1 2 5463 12609 658
1 2 12608 12609 5463
1 2 3989 8714 5703
1 2 8714 3379 12608
1 2 5703 12608 3331
1 2 8714 12608 5703
1 2 659 8324 11755
1 2 8324 1916 14793
1 2 11755 14793 1918
1 2 8324 14793 11755
1 2 1916 5464 10429
1 2 5464 658 4724
1 2 10429 4724 1917
1 2 5464 4724 10429
1 2 1918 9031 9033
1 2 9031 1917 9032
1 2 9033 9032 192
1 2 9031 9032 9033
1 2 1916 10429 14793
1 2 10429 1917 9031
1 2 14793 9031 1918
1 2 10429 9031 14793
1 2 657 5704 11036
1 2 5704 3331 7167
1 2 11036 7167 3135
1 2 5704 7167 11036
1 2 3331 5463 5465
1 2 5463 658 5464
1 2 5465 5464 1916
1 2 5463 5464 5465
1 2 3135 7166 8325
1 2 7166 1916 8324
1 2 8325 8324 659
1 2 7166 8324 8325
1 2 3331 5465 7167
1 2 5465 1916 7166
1 2 7167 7166 3135
1 2 5465 7166 7167
1 2 176 13897 12649
1 2 13897 1443 13898
1 2 12649 13898 1445
1 2 13897 13898 12649
1 2 1443 9957 9959
1 2 9957 1030 9958
1 2 9959 9958 1444
1 2 9957 9958 9959
1 2 1445 12495 11035
1 2 12495 1444 12496
1 2 11035 12496 657
1 2 12495 12496 11035
1 2 1443 9959 13898
1 2 9959 1444 12495
1 2 13898 12495 1445
1 2 9959 12495 13898
1 2 1030 5151 5153
1 2 5151 2283 5152
1 2 5153 5152 2725
1 2 5151 5152 5153
1 2 2283 7510 7077
1 2 7510 177 14995
1 2 7077 14995 2389
1 2 7510 14995 7077
1 2 2725 7078 16199
1 2 7078 2389 12462
1 2 16199 12462 857
1 2 7078 12462 16199
1 2 2283 7077 5152
1 2 7077 2389 7078
1 2 5152 7078 2725
1 2 7077 7078 5152
1 2 657 15327 5702
1 2 15327 3992 12442
1 2 5702 12442 3989
1 2 15327 12442 5702
1 2 3992 15841 12441
1 2 15841 857 12415
1 2 12441 12415 2448
1 2 15841 12415 12441
1 2 3989 6368 6370
1 2 6368 2448 6369
1 2 6370 6369 193
1 2 6368 6369 6370
1 2 3992 12441 12442
1 2 12441 2448 6368
1 2 12442 6368 3989
1 2 12441 6368 12442
1 2 1030 5153 9958
1 2 5153 2725 12641
1 2 9958 12641 1444
1 2 5153 12641 9958
1 2 2725 16199 12639
1 2 16199 857 15841
1 2 12639 15841 3992
1 2 16199 15841 12639
1 2 1444 12640 12496
1 2 12640 3992 15327
1 2 12496 15327 657
1 2 12640 15327 12496
1 2 2725 12639 12641
1 2 12639 3992 12640
1 2 12641 12640 1444
1 2 12639 12640 12641
1 2 177 13684 14995
1 2 13684 1315 13532
1 2 14995 13532 2389
1 2 13684 13532 14995
1 2 1315 10223 10225
1 2 10223 855 10224
1 2 10225 10224 2388
1 2 10223 10224 10225
1 2 2389 12461 12462
1 2 12461 2388 5847
1 2 12462 5847 857
1 2 12461 5847 12462
1 2 1315 10225 13532
1 2 10225 2388 12461
1 2 13532 12461 2389
1 2 10225 12461 13532
1 2 855 9264 13558
1 2 9264 3622 10962
1 2 13558 10962 3623
1 2 9264 10962 13558
1 2 3622 9276 10961
1 2 9276 194 5046
1 2 10961 5046 3546
1 2 9276 5046 10961
1 2 3623 7728 7730
1 2 7728 3546 7729
1 2 7730 7729 856
1 2 7728 7729 7730
1 2 3622 10961 10962
1 2 10961 3546 7728
1 2 10962 7728 3623
1 2 10961 7728 10962
1 2 857 5846 12415
1 2 5846 2446 11727
1 2 12415 11727 2448
1 2 5846 11727 12415
1 2 2446 14136 11725
1 2 14136 856 14137
1 2 11725 14137 2447
1 2 14136 14137 11725
1 2 2448 11726 6369
1 2 11726 2447 12058
1 2 6369 12058 193
1 2 11726 12058 6369
1 2 2446 11725 11727
1 2 11725 2447 11726
1 2 11727 11726 2448
1 2 11725 11726 11727
1 2 855 13558 10224
1 2 13558 3623 13559
1 2 10224 13559 2388
1 2 13558 13559 10224
1 2 3623 7730 14635
1 2 7730 856 14136
1 2 14635 14136 2446
1 2 7730 14136 14635
1 2 2388 5845 5847
1 2 5845 2446 5846
1 2 5847 5846 857
1 2 5845 5846 5847
1 2 3623 14635 13559
1 2 14635 2446 5845
1 2 13559 5845 2388
1 2 14635 5845 13559
1 2 177 13683 13684
1 2 13683 1313 7918
1 2 13684 7918 1315
1 2 13683 7918 13684
1 2 1313 10188 7916
1 2 10188 528 15247
1 2 7916 15247 1314
1 2 10188 15247 7916
1 2 1315 7917 10223
1 2 7917 1314 16262
1 2 10223 16262 855
1 2 7917 16262 10223
1 2 1313 7916 7918
1 2 7916 1314 7917
1 2 7918 7917 1315
1 2 7916 7917 7918
1 2 528 13501 13503
1 2 13501 3628 13502
1 2 13503 13502 3578
1 2 13501 13502 13503
1 2 3628 10967 14337
1 2 10967 178 6256
1 2 14337 6256 2957
1 2 10967 6256 14337
1 2 3578 13810 13811
1 2 13810 2957 13333
1 2 13811 13333 595
1 2 13810 13333 13811
1 2 3628 14337 13502
1 2 14337 2957 13810
1 2 13502 13810 3578
1 2 14337 13810 13502
1 2 855 9263 9264
1 2 9263 3579 6358
1 2 9264 6358 3622
1 2 9263 6358 9264
1 2 3579 14144 6356
1 2 14144 595 6996
1 2 6356 6996 2079
1 2 14144 6996 6356
1 2 3622 6357 9276
1 2 6357 2079 9275
1 2 9276 9275 194
1 2 6357 9275 9276
1 2 3579 6356 6358
1 2 6356 2079 6357
1 2 6358 6357 3622
1 2 6356 6357 6358
1 2 528 13503 15247
1 2 13503 3578 15246
1 2 15247 15246 1314
1 2 13503 15246 15247
1 2 3578 13811 14198
1 2 13811 595 14144
1 2 14198 14144 3579
1 2 13811 14144 14198
1 2 1314 16261 16262
1 2 16261 3579 9263
1 2 16262 9263 855
1 2 16261 9263 16262
1 2 3578 14198 15246
1 2 14198 3579 16261
1 2 15246 16261 1314
1 2 14198 16261 15246
1 2 178 6254 6256
1 2 6254 2956 6255
1 2 6256 6255 2957
1 2 6254 6255 6256
1 2 2956 5848 5850
1 2 5848 593 5849
1 2 5850 5849 2482
1 2 5848 5849 5850
1 2 2957 13331 13333
1 2 13331 2482 13332
1 2 13333 13332 595
1 2 13331 13332 13333
1 2 2956 5850 6255
1 2 5850 2482 13331
1 2 6255 13331 2957
1 2 5850 13331 6255
1 2 593 13458 14350
1 2 13458 1490 14349
1 2 14350 14349 1492
1 2 13458 14349 14350
1 2 1490 12821 12823
1 2 12821 195 12822
1 2 12823 12822 1491
1 2 12821 12822 12823
1 2 1492 14452 14454
1 2 14452 1491 14453
1 2 14454 14453 594
1 2 14452 14453 14454
1 2 1490 12823 14349
1 2 12823 1491 14452
1 2 14349 14452 1492
1 2 12823 14452 14349
1 2 595 6994 6996
1 2 6994 2077 6995
1 2 6996 6995 2079
1 2 6994 6995 6996
1 2 2077 14014 11458
1 2 14014 594 14015
1 2 11458 14015 2078
1 2 14014 14015 11458
1 2 2079 11459 9275
1 2 11459 2078 15666
1 2 9275 15666 194
1 2 11459 15666 9275
1 2 2077 11458 6995
1 2 11458 2078 11459
1 2 6995 11459 2079
1 2 11458 11459 6995
1 2 593 14350 5849
1 2 14350 1492 6952
1 2 5849 6952 2482
1 2 14350 6952 5849
1 2 1492 14454 6950
1 2 14454 594 14014
1 2 6950 14014 2077
1 2 14454 14014 6950
1 2 2482 6951 13332
1 2 6951 2077 6994
1 2 13332 6994 595
1 2 6951 6994 13332
1 2 1492 6950 6952
1 2 6950 2077 6951
1 2 6952 6951 2482
1 2 6950 6951 6952
1 2 178 12455 6254
1 2 12455 4151 6821
1 2 6254 6821 2956
1 2 12455 6821 6254
1 2 4151 10591 6819
1 2 10591 794 8080
1 2 6819 8080 3244
1 2 10591 8080 6819
1 2 2956 6820 5848
1 2 6820 3244 14106
1 2 5848 14106 593
1 2 6820 14106 5848
1 2 4151 6819 6821
1 2 6819 3244 6820
1 2 6821 6820 2956
1 2 6819 6820 6821
1 2 794 8059 8061
1 2 8059 1380 8060
1 2 8061 8060 3243
1 2 8059 8060 8061
1 2 1380 12633 12635
1 2 12633 179 12634
1 2 12635 12634 3675
1 2 12633 12634 12635
1 2 3243 4674 4676
1 2 4674 3675 4675
1 2 4676 4675 972
1 2 4674 4675 4676
1 2 1380 12635 8060
1 2 12635 3675 4674
1 2 8060 4674 3243
1 2 12635 4674 8060
1 2 593 13456 13458
1 2 13456 2350 13457
1 2 13458 13457 1490
1 2 13456 13457 13458
1 2 2350 6153 16528
1 2 6153 972 16527
1 2 16528 16527 1523
1 2 6153 16527 16528
1 2 1490 16028 12821
1 2 16028 1523 16029
1 2 12821 16029 195
1 2 16028 16029 12821
1 2 2350 16528 13457
1 2 16528 1523 16028
1 2 13457 16028 1490
1 2 16528 16028 13457
1 2 794 8061 8080
1 2 8061 3243 7169
1 2 8080 7169 3244
1 2 8061 7169 8080
1 2 3243 4676 6154
1 2 4676 972 6153
1 2 6154 6153 2350
1 2 4676 6153 6154
1 2 3244 7168 14106
1 2 7168 2350 13456
1 2 14106 13456 593
1 2 7168 13456 14106
1 2 3243 6154 7169
1 2 6154 2350 7168
1 2 7169 7168 3244
1 2 6154 7168 7169
1 2 179 16024 12634
1 2 16024 3674 13459
1 2 12634 13459 3675
1 2 16024 13459 12634
1 2 3674 13402 13403
1 2 13402 971 7717
1 2 13403 7717 2666
1 2 13402 7717 13403
1 2 3675 9069 4675
1 2 9069 2666 6321
1 2 4675 6321 972
1 2 9069 6321 4675
1 2 3674 13403 13459
1 2 13403 2666 9069
1 2 13459 9069 3675
1 2 13403 9069 13459
1 2 971 7271 7715
1 2 7271 3374 6510
1 2 7715 6510 2665
1 2 7271 6510 7715
1 2 3374 6313 6315
1 2 6313 196 6314
1 2 6315 6314 3938
1 2 6313 6314 6315
1 2 2665 6509 10497
1 2 6509 3938 14292
1 2 10497 14292 669
1 2 6509 14292 10497
1 2 3374 6315 6510
1 2 6315 3938 6509
1 2 6510 6509 2665
1 2 6315 6509 6510
1 2 972 6320 16527
1 2 6320 1521 16487
1 2 16527 16487 1523
1 2 6320 16487 16527
1 2 1521 10498 12818
1 2 10498 669 12817
1 2 12818 12817 1522
1 2 10498 12817 12818
1 2 1523 16486 16029
1 2 16486 1522 6137
1 2 16029 6137 195
1 2 16486 6137 16029
1 2 1521 12818 16487
1 2 12818 1522 16486
1 2 16487 16486 1523
1 2 12818 16486 16487
1 2 971 7715 7717
1 2 7715 2665 7716
1 2 7717 7716 2666
1 2 7715 7716 7717
1 2 2665 10497 10499
1 2 10497 669 10498
1 2 10499 10498 1521
1 2 10497 10498 10499
1 2 2666 6319 6321
1 2 6319 1521 6320
1 2 6321 6320 972
1 2 6319 6320 6321
1 2 2665 10499 7716
1 2 10499 1521 6319
1 2 7716 6319 2666
1 2 10499 6319 7716
1 2 179 13042 16024
1 2 13042 2869 14141
1 2 16024 14141 3674
1 2 13042 14141 16024
1 2 2869 14066 14139
1 2 14066 467 14930
1 2 14139 14930 1767
1 2 14066 14930 14139
1 2 3674 14140 13402
1 2 14140 1767 9341
1 2 13402 9341 971
1 2 14140 9341 13402
1 2 2869 14139 14141
1 2 14139 1767 14140
1 2 14141 14140 3674
1 2 14139 14140 14141
1 2 467 7737 7739
1 2 7737 1690 7738
1 2 7739 7738 1692
1 2 7737 7738 7739
1 2 1690 12660 14134
1 2 12660 180 16329
1 2 14134 16329 1691
1 2 12660 16329 14134
1 2 1692 14135 11857
1 2 14135 1691 14516
1 2 11857 14516 981
1 2 14135 14516 11857
1 2 1690 14134 7738
1 2 14134 1691 14135
1 2 7738 14135 1692
1 2 14134 14135 7738
1 2 971 7269 7271
1 2 7269 1766 7270
1 2 7271 7270 3374
1 2 7269 7270 7271
1 2 1766 10280 10282
1 2 10280 981 10281
1 2 10282 10281 3373
1 2 10280 10281 10282
1 2 3374 10604 6313
1 2 10604 3373 9210
1 2 6313 9210 196
1 2 10604 9210 6313
1 2 1766 10282 7270
1 2 10282 3373 10604
1 2 7270 10604 3374
1 2 10282 10604 7270
1 2 467 7739 14930
1 2 7739 1692 14217
1 2 14930 14217 1767
1 2 7739 14217 14930
1 2 1692 11857 11858
1 2 11857 981 10280
1 2 11858 10280 1766
1 2 11857 10280 11858
1 2 1767 9340 9341
1 2 9340 1766 7269
1 2 9341 7269 971
1 2 9340 7269 9341
1 2 1692 11858 14217
1 2 11858 1766 9340
1 2 14217 9340 1767
1 2 11858 9340 14217
1 2 180 14690 16329
1 2 14690 3418 6813
1 2 16329 6813 1691
1 2 14690 6813 16329
1 2 3418 9520 6811
1 2 9520 397 10474
1 2 6811 10474 3806
1 2 9520 10474 6811
1 2 1691 6812 14516
1 2 6812 3806 15282
1 2 14516 15282 981
1 2 6812 15282 14516
1 2 3418 6811 6813
1 2 6811 3806 6812
1 2 6813 6812 1691
1 2 6811 6812 6813
1 2 397 12987 10473
1 2 12987 3625 15469
1 2 10473 15469 4042
1 2 12987 15469 10473
1 2 3625 8886 14451
1 2 8886 197 14450
1 2 14451 14450 2395
1 2 8886 14450 14451
1 2 4042 10293 10295
1 2 10293 2395 10294
1 2 10295 10294 299
1 2 10293 10294 10295
1 2 3625 14451 15469
1 2 14451 2395 10293
1 2 15469 10293 4042
1 2 14451 10293 15469
1 2 981 16215 10281
1 2 16215 4047 10880
1 2 10281 10880 3373
1 2 16215 10880 10281
1 2 4047 12811 10879
1 2 12811 299 12812
1 2 10879 12812 3565
1 2 12811 12812 10879
1 2 3373 9208 9210
1 2 9208 3565 9209
1 2 9210 9209 196
1 2 9208 9209 9210
1 2 4047 10879 10880
1 2 10879 3565 9208
1 2 10880 9208 3373
1 2 10879 9208 10880
1 2 397 10473 10474
1 2 10473 4042 7473
1 2 10474 7473 3806
1 2 10473 7473 10474
1 2 4042 10295 7471
1 2 10295 299 12811
1 2 7471 12811 4047
1 2 10295 12811 7471
1 2 3806 7472 15282
1 2 7472 4047 16215
1 2 15282 16215 981
1 2 7472 16215 15282
1 2 4042 7471 7473
1 2 7471 4047 7472
1 2 7473 7472 3806
1 2 7471 7472 7473
1 2 180 5461 14690
1 2 5461 2727 11412
1 2 14690 11412 3418
1 2 5461 11412 14690
1 2 2727 9391 9393
1 2 9391 395 9392
1 2 9393 9392 3090
1 2 9391 9392 9393
1 2 3418 9518 9520
1 2 9518 3090 9519
1 2 9520 9519 397
1 2 9518 9519 9520
1 2 2727 9393 11412
1 2 9393 3090 9518
1 2 11412 9518 3418
1 2 9393 9518 11412
1 2 395 13727 13524
1 2 13727 3283 4600
1 2 13524 4600 3088
1 2 13727 4600 13524
1 2 3283 4438 4440
1 2 4438 181 4439
1 2 4440 4439 1285
1 2 4438 4439 4440
1 2 3088 4599 9529
1 2 4599 1285 9528
1 2 9529 9528 396
1 2 4599 9528 9529
1 2 3283 4440 4600
1 2 4440 1285 4599
1 2 4600 4599 3088
1 2 4440 4599 4600
1 2 397 12985 12987
1 2 12985 3089 12986
1 2 12987 12986 3625
1 2 12985 12986 12987
1 2 3089 15064 15065
1 2 15064 396 8976
1 2 15065 8976 2081
1 2 15064 8976 15065
1 2 3625 8884 8886
1 2 8884 2081 8885
1 2 8886 8885 197
1 2 8884 8885 8886
1 2 3089 15065 12986
1 2 15065 2081 8884
1 2 12986 8884 3625
1 2 15065 8884 12986
1 2 395 13524 9392
1 2 13524 3088 11359
1 2 9392 11359 3090
1 2 13524 11359 9392
1 2 3088 9529 11357
1 2 9529 396 15064
1 2 11357 15064 3089
1 2 9529 15064 11357
1 2 3090 11358 9519
1 2 11358 3089 12985
1 2 9519 12985 397
1 2 11358 12985 9519
1 2 3088 11357 11359
1 2 11357 3089 11358
1 2 11359 11358 3090
1 2 11357 11358 11359
1 2 181 8487 4439
1 2 8487 1283 15958
1 2 4439 15958 1285
1 2 8487 15958 4439
1 2 1283 7316 7318
1 2 7316 878 7317
1 2 7318 7317 1284
1 2 7316 7317 7318
1 2 1285 16284 9528
1 2 16284 1284 16285
1 2 9528 16285 396
1 2 16284 16285 9528
1 2 1283 7318 15958
1 2 7318 1284 16284
1 2 15958 16284 1285
1 2 7318 16284 15958
1 2 878 8232 9212
1 2 8232 2137 9211
1 2 9212 9211 2139
1 2 8232 9211 9212
1 2 2137 16181 16622
1 2 16181 198 4721
1 2 16622 4721 2138
1 2 16181 4721 16622
1 2 2139 10889 10644
1 2 10889 2138 10890
1 2 10644 10890 733
1 2 10889 10890 10644
1 2 2137 16622 9211
1 2 16622 2138 10889
1 2 9211 10889 2139
1 2 16622 10889 9211
1 2 396 8974 8976
1 2 8974 2080 8975
1 2 8976 8975 2081
1 2 8974 8975 8976
1 2 2080 10645 13531
1 2 10645 733 13530
1 2 13531 13530 1875
1 2 10645 13530 13531
1 2 2081 13077 8885
1 2 13077 1875 13078
1 2 8885 13078 197
1 2 13077 13078 8885
1 2 2080 13531 8975
1 2 13531 1875 13077
1 2 8975 13077 2081
1 2 13531 13077 8975
1 2 878 9212 7317
1 2 9212 2139 7449
1 2 7317 7449 1284
1 2 9212 7449 7317
1 2 2139 10644 7447
1 2 10644 733 10645
1 2 7447 10645 2080
1 2 10644 10645 7447
1 2 1284 7448 16285
1 2 7448 2080 8974
1 2 16285 8974 396
1 2 7448 8974 16285
1 2 2139 7447 7449
1 2 7447 2080 7448
1 2 7449 7448 1284
1 2 7447 7448 7449
1 2 181 8486 8487
1 2 8486 2008 4936
1 2 8487 4936 1283
1 2 8486 4936 8487
1 2 2008 13076 4934
1 2 13076 876 13713
1 2 4934 13713 2165
1 2 13076 13713 4934
1 2 1283 4935 7316
1 2 4935 2165 11807
1 2 7316 11807 878
1 2 4935 11807 7316
1 2 2008 4934 4936
1 2 4934 2165 4935
1 2 4936 4935 1283
1 2 4934 4935 4936
1 2 876 10724 13712
1 2 10724 3108 8264
1 2 13712 8264 3655
1 2 10724 8264 13712
1 2 3108 10569 8262
1 2 10569 182 11791
1 2 8262 11791 1666
1 2 10569 11791 8262
1 2 3655 8263 4560
1 2 8263 1666 7050
1 2 4560 7050 877
1 2 8263 7050 4560
1 2 3108 8262 8264
1 2 8262 1666 8263
1 2 8264 8263 3655
1 2 8262 8263 8264
1 2 878 8230 8232
1 2 8230 2390 8231
1 2 8232 8231 2137
1 2 8230 8231 8232
1 2 2390 4561 13097
1 2 4561 877 13096
1 2 13097 13096 2391
1 2 4561 13096 13097
1 2 2137 15343 16181
1 2 15343 2391 15026
1 2 16181 15026 198
1 2 15343 15026 16181
1 2 2390 13097 8231
1 2 13097 2391 15343
1 2 8231 15343 2137
1 2 13097 15343 8231
1 2 876 13712 13713
1 2 13712 3655 11532
1 2 13713 11532 2165
1 2 13712 11532 13713
1 2 3655 4560 4562
1 2 4560 877 4561
1 2 4562 4561 2390
1 2 4560 4561 4562
1 2 2165 11531 11807
1 2 11531 2390 8230
1 2 11807 8230 878
1 2 11531 8230 11807
1 2 3655 4562 11532
1 2 4562 2390 11531
1 2 11532 11531 2165
1 2 4562 11531 11532
1 2 182 11789 11791
1 2 11789 1664 11790
1 2 11791 11790 1666
1 2 11789 11790 11791
1 2 1664 4780 4782
1 2 4780 1043 4781
1 2 4782 4781 1665
1 2 4780 4781 4782
1 2 1666 7048 7050
1 2 7048 1665 7049
1 2 7050 7049 877
1 2 7048 7049 7050
1 2 1664 4782 11790
1 2 4782 1665 7048
1 2 11790 7048 1666
1 2 4782 7048 11790
1 2 1043 15629 14972
1 2 15629 1235 14983
1 2 14972 14983 1983
1 2 15629 14983 14972
1 2 1235 9811 14982
1 2 9811 199 14942
1 2 14982 14942 3870
1 2 9811 14942 14982
1 2 1983 14092 14093
1 2 14092 3870 7261
1 2 14093 7261 354
1 2 14092 7261 14093
1 2 1235 14982 14983
1 2 14982 3870 14092
1 2 14983 14092 1983
1 2 14982 14092 14983
1 2 877 12904 13096
1 2 12904 1984 4464
1 2 13096 4464 2391
1 2 12904 4464 13096
1 2 1984 16417 4462
1 2 16417 354 15962
1 2 4462 15962 2977
1 2 16417 15962 4462
1 2 2391 4463 15026
1 2 4463 2977 15025
1 2 15026 15025 198
1 2 4463 15025 15026
1 2 1984 4462 4464
1 2 4462 2977 4463
1 2 4464 4463 2391
1 2 4462 4463 4464
1 2 1043 14972 4781
1 2 14972 1983 13993
1 2 4781 13993 1665
1 2 14972 13993 4781
1 2 1983 14093 13992
1 2 14093 354 16417
1 2 13992 16417 1984
1 2 14093 16417 13992
1 2 1665 12903 7049
1 2 12903 1984 12904
1 2 7049 12904 877
1 2 12903 12904 7049
1 2 1983 13992 13993
1 2 13992 1984 12903
1 2 13993 12903 1665
1 2 13992 12903 13993
1 2 182 15332 11789
1 2 15332 1771 11631
1 2 11789 11631 1664
1 2 15332 11631 11789
1 2 1771 5305 5307
1 2 5305 942 5306
1 2 5307 5306 1772
1 2 5305 5306 5307
1 2 1664 11630 4780
1 2 11630 1772 11530
1 2 4780 11530 1043
1 2 11630 11530 4780
1 2 1771 5307 11631
1 2 5307 1772 11630
1 2 11631 11630 1664
1 2 5307 11630 11631
1 2 942 6800 11444
1 2 6800 4055 14853
1 2 11444 14853 4218
1 2 6800 14853 11444
1 2 4055 5708 5710
1 2 5708 183 5709
1 2 5710 5709 3650
1 2 5708 5709 5710
1 2 4218 14852 16386
1 2 14852 3650 9201
1 2 16386 9201 1042
1 2 14852 9201 16386
1 2 4055 5710 14853
1 2 5710 3650 14852
1 2 14853 14852 4218
1 2 5710 14852 14853
1 2 1043 11529 15629
1 2 11529 1233 7336
1 2 15629 7336 1235
1 2 11529 7336 15629
1 2 1233 13764 7334
1 2 13764 1042 13765
1 2 7334 13765 1234
1 2 13764 13765 7334
1 2 1235 7335 9811
1 2 7335 1234 9810
1 2 9811 9810 199
1 2 7335 9810 9811
1 2 1233 7334 7336
1 2 7334 1234 7335
1 2 7336 7335 1235
1 2 7334 7335 7336
1 2 942 11444 5306
1 2 11444 4218 11445
1 2 5306 11445 1772
1 2 11444 11445 5306
1 2 4218 16386 16387
1 2 16386 1042 13764
1 2 16387 13764 1233
1 2 16386 13764 16387
1 2 1772 11528 11530
1 2 11528 1233 11529
1 2 11530 11529 1043
1 2 11528 11529 11530
1 2 4218 16387 11445
1 2 16387 1233 11528
1 2 11445 11528 1772
1 2 16387 11528 11445
1 2 183 6594 5709
1 2 6594 3648 6595
1 2 5709 6595 3650
1 2 6594 6595 5709
1 2 3648 11073 7272
1 2 11073 558 11074
1 2 7272 11074 3649
1 2 11073 11074 7272
1 2 3650 7273 9201
1 2 7273 3649 8544
1 2 9201 8544 1042
1 2 7273 8544 9201
1 2 3648 7272 6595
1 2 7272 3649 7273
1 2 6595 7273 3650
1 2 7272 7273 6595
1 2 558 14664 14665
1 2 14664 2295 11336
1 2 14665 11336 2297
1 2 14664 11336 14665
1 2 2295 4521 4693
1 2 4521 200 4692
1 2 4693 4692 2296
1 2 4521 4692 4693
1 2 2297 11335 5540
1 2 11335 2296 12384
1 2 5540 12384 757
1 2 11335 12384 5540
1 2 2295 4693 11336
1 2 4693 2296 11335
1 2 11336 11335 2297
1 2 4693 11335 11336
1 2 1042 8543 13765
1 2 8543 2127 15920
1 2 13765 15920 1234
1 2 8543 15920 13765
1 2 2127 5541 16444
1 2 5541 757 5028
1 2 16444 5028 2128
1 2 5541 5028 16444
1 2 1234 15481 9810
1 2 15481 2128 4563
1 2 9810 4563 199
1 2 15481 4563 9810
1 2 2127 16444 15920
1 2 16444 2128 15481
1 2 15920 15481 1234
1 2 16444 15481 15920
1 2 558 14665 11074
1 2 14665 2297 13972
1 2 11074 13972 3649
1 2 14665 13972 11074
1 2 2297 5540 5542
1 2 5540 757 5541
1 2 5542 5541 2127
1 2 5540 5541 5542
1 2 3649 8542 8544
1 2 8542 2127 8543
1 2 8544 8543 1042
1 2 8542 8543 8544
1 2 2297 5542 13972
1 2 5542 2127 8542
1 2 13972 8542 3649
1 2 5542 8542 13972
1 2 183 9693 6594
1 2 9693 4137 6903
1 2 6594 6903 3648
1 2 9693 6903 6594
1 2 4137 15971 6901
1 2 15971 405 16375
1 2 6901 16375 1949
1 2 15971 16375 6901
1 2 3648 6902 11073
1 2 6902 1949 12360
1 2 11073 12360 558
1 2 6902 12360 11073
1 2 4137 6901 6903
1 2 6901 1949 6902
1 2 6903 6902 3648
1 2 6901 6902 6903
1 2 405 10676 11098
1 2 10676 2645 11097
1 2 11098 11097 1947
1 2 10676 11097 11098
1 2 2645 6643 6645
1 2 6643 184 6644
1 2 6645 6644 1322
1 2 6643 6644 6645
1 2 1947 6909 6911
1 2 6909 1322 6910
1 2 6911 6910 557
1 2 6909 6910 6911
1 2 2645 6645 11097
1 2 6645 1322 6909
1 2 11097 6909 1947
1 2 6645 6909 11097
1 2 558 12359 14664
1 2 12359 1948 9424
1 2 14664 9424 2295
1 2 12359 9424 14664
1 2 1948 7679 7681
1 2 7679 557 7680
1 2 7681 7680 2346
1 2 7679 7680 7681
1 2 2295 4519 4521
1 2 4519 2346 4520
1 2 4521 4520 200
1 2 4519 4520 4521
1 2 1948 7681 9424
1 2 7681 2346 4519
1 2 9424 4519 2295
1 2 7681 4519 9424
1 2 405 11098 16375
1 2 11098 1947 16241
1 2 16375 16241 1949
1 2 11098 16241 16375
1 2 1947 6911 12686
1 2 6911 557 7679
1 2 12686 7679 1948
1 2 6911 7679 12686
1 2 1949 12358 12360
1 2 12358 1948 12359
1 2 12360 12359 558
1 2 12358 12359 12360
1 2 1947 12686 16241
1 2 12686 1948 12358
1 2 16241 12358 1949
1 2 12686 12358 16241
1 2 184 14910 6644
1 2 14910 1104 10594
1 2 6644 10594 1322
1 2 14910 10594 6644
1 2 1104 15394 10592
1 2 15394 316 9927
1 2 10592 9927 1321
1 2 15394 9927 10592
1 2 1322 10593 6910
1 2 10593 1321 5080
1 2 6910 5080 557
1 2 10593 5080 6910
1 2 1104 10592 10594
1 2 10592 1321 10593
1 2 10594 10593 1322
1 2 10592 10593 10594
1 2 316 8571 8573
1 2 8571 3179 8572
1 2 8573 8572 3696
1 2 8571 8572 8573
1 2 3179 15689 16101
1 2 15689 201 16100
1 2 16101 16100 3695
1 2 15689 16100 16101
1 2 3696 15185 12075
1 2 15185 3695 13070
1 2 12075 13070 938
1 2 15185 13070 12075
1 2 3179 16101 8572
1 2 16101 3695 15185
1 2 8572 15185 3696
1 2 16101 15185 8572
1 2 557 5079 7680
1 2 5079 3127 12003
1 2 7680 12003 2346
1 2 5079 12003 7680
1 2 3127 12076 12002
1 2 12076 938 12330
1 2 12002 12330 2914
1 2 12076 12330 12002
1 2 2346 7623 4520
1 2 7623 2914 7624
1 2 4520 7624 200
1 2 7623 7624 4520
1 2 3127 12002 12003
1 2 12002 2914 7623
1 2 12003 7623 2346
1 2 12002 7623 12003
1 2 316 8573 9927
1 2 8573 3696 9926
1 2 9927 9926 1321
1 2 8573 9926 9927
1 2 3696 12075 12077
1 2 12075 938 12076
1 2 12077 12076 3127
1 2 12075 12076 12077
1 2 1321 5078 5080
1 2 5078 3127 5079
1 2 5080 5079 557
1 2 5078 5079 5080
1 2 3696 12077 9926
1 2 12077 3127 5078
1 2 9926 5078 1321
1 2 12077 5078 9926
1 2 184 16485 14910
1 2 16485 1102 16599
1 2 14910 16599 1104
1 2 16485 16599 14910
1 2 1102 13170 14577
1 2 13170 314 13870
1 2 14577 13870 1103
1 2 13170 13870 14577
1 2 1104 16524 15394
1 2 16524 1103 8844
1 2 15394 8844 316
1 2 16524 8844 15394
1 2 1102 14577 16599
1 2 14577 1103 16524
1 2 16599 16524 1104
1 2 14577 16524 16599
1 2 314 13391 13868
1 2 13391 3862 5737
1 2 13868 5737 3272
1 2 13391 5737 13868
1 2 3862 9734 5735
1 2 9734 185 11297
1 2 5735 11297 1927
1 2 9734 11297 5735
1 2 3272 5736 10230
1 2 5736 1927 10229
1 2 10230 10229 315
1 2 5736 10229 10230
1 2 3862 5735 5737
1 2 5735 1927 5736
1 2 5737 5736 3272
1 2 5735 5736 5737
1 2 316 8843 8571
1 2 8843 3178 10760
1 2 8571 10760 3179
1 2 8843 10760 8571
1 2 3178 15877 15878
1 2 15877 315 10950
1 2 15878 10950 1886
1 2 15877 10950 15878
1 2 3179 15687 15689
1 2 15687 1886 15688
1 2 15689 15688 201
1 2 15687 15688 15689
1 2 3178 15878 10760
1 2 15878 1886 15687
1 2 10760 15687 3179
1 2 15878 15687 10760
1 2 314 13868 13870
1 2 13868 3272 13869
1 2 13870 13869 1103
1 2 13868 13869 13870
1 2 3272 10230 15316
1 2 10230 315 15877
1 2 15316 15877 3178
1 2 10230 15877 15316
1 2 1103 8842 8844
1 2 8842 3178 8843
1 2 8844 8843 316
1 2 8842 8843 8844
1 2 3272 15316 13869
1 2 15316 3178 8842
1 2 13869 8842 1103
1 2 15316 8842 13869
1 2 185 11296 11297
1 2 11296 1925 10097
1 2 11297 10097 1927
1 2 11296 10097 11297
1 2 1925 11075 10095
1 2 11075 352 11076
1 2 10095 11076 1926
1 2 11075 11076 10095
1 2 1927 10096 10229
1 2 10096 1926 9799
1 2 10229 9799 315
1 2 10096 9799 10229
1 2 1925 10095 10097
1 2 10095 1926 10096
1 2 10097 10096 1927
1 2 10095 10096 10097
1 2 352 10525 13737
1 2 10525 1921 8312
1 2 13737 8312 3200
1 2 10525 8312 13737
1 2 1921 5156 8310
1 2 5156 202 11786
1 2 8310 11786 3595
1 2 5156 11786 8310
1 2 3200 8311 8822
1 2 8311 3595 7177
1 2 8822 7177 353
1 2 8311 7177 8822
1 2 1921 8310 8312
1 2 8310 3595 8311
1 2 8312 8311 3200
1 2 8310 8311 8312
1 2 315 9798 10950
1 2 9798 1884 10949
1 2 10950 10949 1886
1 2 9798 10949 10950
1 2 1884 9820 9821
1 2 9820 353 6680
1 2 9821 6680 1885
1 2 9820 6680 9821
1 2 1886 15813 15688
1 2 15813 1885 5688
1 2 15688 5688 201
1 2 15813 5688 15688
1 2 1884 9821 10949
1 2 9821 1885 15813
1 2 10949 15813 1886
1 2 9821 15813 10949
1 2 352 13737 11076
1 2 13737 3200 4868
1 2 11076 4868 1926
1 2 13737 4868 11076
1 2 3200 8822 4866
1 2 8822 353 9820
1 2 4866 9820 1884
1 2 8822 9820 4866
1 2 1926 4867 9799
1 2 4867 1884 9798
1 2 9799 9798 315
1 2 4867 9798 9799
1 2 3200 4866 4868
1 2 4866 1884 4867
1 2 4868 4867 1926
1 2 4866 4867 4868
1 2 185 9240 11296
1 2 9240 2010 12701
1 2 11296 12701 1925
1 2 9240 12701 11296
1 2 2010 14857 12699
1 2 14857 961 14858
1 2 12699 14858 2011
1 2 14857 14858 12699
1 2 1925 12700 11075
1 2 12700 2011 16507
1 2 11075 16507 352
1 2 12700 16507 11075
1 2 2010 12699 12701
1 2 12699 2011 12700
1 2 12701 12700 1925
1 2 12699 12700 12701
1 2 961 6866 13011
1 2 6866 1568 13010
1 2 13011 13010 3594
1 2 6866 13010 13011
1 2 1568 9977 9979
1 2 9977 186 9978
1 2 9979 9978 3511
1 2 9977 9978 9979
1 2 3594 14712 14714
1 2 14712 3511 14713
1 2 14714 14713 810
1 2 14712 14713 14714
1 2 1568 9979 13010
1 2 9979 3511 14712
1 2 13010 14712 3594
1 2 9979 14712 13010
1 2 352 10523 10525
1 2 10523 1919 10524
1 2 10525 10524 1921
1 2 10523 10524 10525
1 2 1919 14675 14179
1 2 14675 810 14676
1 2 14179 14676 1920
1 2 14675 14676 14179
1 2 1921 5154 5156
1 2 5154 1920 5155
1 2 5156 5155 202
1 2 5154 5155 5156
1 2 1919 14179 10524
1 2 14179 1920 5154
1 2 10524 5154 1921
1 2 14179 5154 10524
1 2 961 13011 14858
1 2 13011 3594 16128
1 2 14858 16128 2011
1 2 13011 16128 14858
1 2 3594 14714 15918
1 2 14714 810 14675
1 2 15918 14675 1919
1 2 14714 14675 15918
1 2 2011 16509 16507
1 2 16509 1919 10523
1 2 16507 10523 352
1 2 16509 10523 16507
1 2 3594 15918 16128
1 2 15918 1919 16509
1 2 16128 16509 2011
1 2 15918 16509 16128
1 2 186 11483 9978
1 2 11483 3510 15002
1 2 9978 15002 3511
1 2 11483 15002 9978
1 2 3510 8249 8251
1 2 8249 809 8250
1 2 8251 8250 1541
1 2 8249 8250 8251
1 2 3511 15001 14713
1 2 15001 1541 16105
1 2 14713 16105 810
1 2 15001 16105 14713
1 2 3510 8251 15002
1 2 8251 1541 15001
1 2 15002 15001 3511
1 2 8251 15001 15002
1 2 809 14011 15598
1 2 14011 3084 12763
1 2 15598 12763 1539
1 2 14011 12763 15598
1 2 3084 10131 10133
1 2 10131 203 10132
1 2 10133 10132 1572
1 2 10131 10132 10133
1 2 1539 12762 5546
1 2 12762 1572 4352
1 2 5546 4352 796
1 2 12762 4352 5546
1 2 3084 10133 12763
1 2 10133 1572 12762
1 2 12763 12762 1539
1 2 10133 12762 12763
1 2 810 15228 14676
1 2 15228 1540 6669
1 2 14676 6669 1920
1 2 15228 6669 14676
1 2 1540 5547 6668
1 2 5547 796 5404
1 2 6668 5404 2781
1 2 5547 5404 6668
1 2 1920 6366 5155
1 2 6366 2781 6367
1 2 5155 6367 202
1 2 6366 6367 5155
1 2 1540 6668 6669
1 2 6668 2781 6366
1 2 6669 6366 1920
1 2 6668 6366 6669
1 2 809 15598 8250
1 2 15598 1539 15285
1 2 8250 15285 1541
1 2 15598 15285 8250
1 2 1539 5546 5548
1 2 5546 796 5547
1 2 5548 5547 1540
1 2 5546 5547 5548
1 2 1541 15284 16105
1 2 15284 1540 15228
1 2 16105 15228 810
1 2 15284 15228 16105
1 2 1539 5548 15285
1 2 5548 1540 15284
1 2 15285 15284 1541
1 2 5548 15284 15285
1 2 186 7862 11483
1 2 7862 1882 11482
1 2 11483 11482 3510
1 2 7862 11482 11483
1 2 1882 13616 15709
1 2 13616 294 4633
1 2 15709 4633 4114
1 2 13616 4633 15709
1 2 3510 15747 8249
1 2 15747 4114 13068
1 2 8249 13068 809
1 2 15747 13068 8249
1 2 1882 15709 11482
1 2 15709 4114 15747
1 2 11482 15747 3510
1 2 15709 15747 11482
1 2 294 11962 4631
1 2 11962 3343 11963
1 2 4631 11963 3345
1 2 11962 11963 4631
1 2 3343 8081 8083
1 2 8081 187 8082
1 2 8083 8082 3344
1 2 8081 8082 8083
1 2 3345 8531 8533
1 2 8531 3344 8532
1 2 8533 8532 1010
1 2 8531 8532 8533
1 2 3343 8083 11963
1 2 8083 3344 8531
1 2 11963 8531 3345
1 2 8083 8531 11963
1 2 809 13067 14011
1 2 13067 3999 14010
1 2 14011 14010 3084
1 2 13067 14010 14011
1 2 3999 8750 8752
1 2 8750 1010 8751
1 2 8752 8751 3673
1 2 8750 8751 8752
1 2 3084 15390 10131
1 2 15390 3673 15910
1 2 10131 15910 203
1 2 15390 15910 10131
1 2 3999 8752 14010
1 2 8752 3673 15390
1 2 14010 15390 3084
1 2 8752 15390 14010
1 2 294 4631 4633
1 2 4631 3345 4632
1 2 4633 4632 4114
1 2 4631 4632 4633
1 2 3345 8533 11812
1 2 8533 1010 8750
1 2 11812 8750 3999
1 2 8533 8750 11812
1 2 4114 12695 13068
1 2 12695 3999 13067
1 2 13068 13067 809
1 2 12695 13067 13068
1 2 3345 11812 4632
1 2 11812 3999 12695
1 2 4632 12695 4114
1 2 11812 12695 4632
1 2 187 16216 8082
1 2 16216 4161 16217
1 2 8082 16217 3344
1 2 16216 16217 8082
1 2 4161 11546 11548
1 2 11546 1009 11547
1 2 11548 11547 1279
1 2 11546 11547 11548
1 2 3344 15301 8532
1 2 15301 1279 5072
1 2 8532 5072 1010
1 2 15301 5072 8532
1 2 4161 11548 16217
1 2 11548 1279 15301
1 2 16217 15301 3344
1 2 11548 15301 16217
1 2 1009 14417 14418
1 2 14417 1496 13995
1 2 14418 13995 1277
1 2 14417 13995 14418
1 2 1496 14658 13994
1 2 14658 204 6763
1 2 13994 6763 1497
1 2 14658 6763 13994
1 2 1277 6042 4528
1 2 6042 1497 6043
1 2 4528 6043 753
1 2 6042 6043 4528
1 2 1496 13994 13995
1 2 13994 1497 6042
1 2 13995 6042 1277
1 2 13994 6042 13995
1 2 1010 5071 8751
1 2 5071 1278 15854
1 2 8751 15854 3673
1 2 5071 15854 8751
1 2 1278 4529 15058
1 2 4529 753 12990
1 2 15058 12990 1125
1 2 4529 12990 15058
1 2 3673 15853 15910
1 2 15853 1125 14371
1 2 15910 14371 203
1 2 15853 14371 15910
1 2 1278 15058 15854
1 2 15058 1125 15853
1 2 15854 15853 3673
1 2 15058 15853 15854
1 2 1009 14418 11547
1 2 14418 1277 12910
1 2 11547 12910 1279
1 2 14418 12910 11547
1 2 1277 4528 4530
1 2 4528 753 4529
1 2 4530 4529 1278
1 2 4528 4529 4530
1 2 1279 5070 5072
1 2 5070 1278 5071
1 2 5072 5071 1010
1 2 5070 5071 5072
1 2 1277 4530 12910
1 2 4530 1278 5070
1 2 12910 5070 1279
1 2 4530 5070 12910
1 2 188 8756 16053
1 2 8756 1531 9457
1 2 16053 9457 2059
1 2 8756 9457 16053
1 2 1531 6592 9455
1 2 6592 444 16050
1 2 9455 16050 1756
1 2 6592 16050 9455
1 2 2059 9456 15181
1 2 9456 1756 10045
1 2 15181 10045 991
1 2 9456 10045 15181
1 2 1531 9455 9457
1 2 9455 1756 9456
1 2 9457 9456 2059
1 2 9455 9456 9457
1 2 444 12024 16547
1 2 12024 2538 15478
1 2 16547 15478 1754
1 2 12024 15478 16547
1 2 2538 16210 15477
1 2 16210 189 16508
1 2 15477 16508 1602
1 2 16210 16508 15477
1 2 1754 12013 12014
1 2 12013 1602 10685
1 2 12014 10685 893
1 2 12013 10685 12014
1 2 2538 15477 15478
1 2 15477 1602 12013
1 2 15478 12013 1754
1 2 15477 12013 15478
1 2 991 10044 15407
1 2 10044 1755 10541
1 2 15407 10541 4142
1 2 10044 10541 15407
1 2 1755 16152 10540
1 2 16152 893 16153
1 2 10540 16153 3724
1 2 16152 16153 10540
1 2 4142 5319 5321
1 2 5319 3724 5320
1 2 5321 5320 205
1 2 5319 5320 5321
1 2 1755 10540 10541
1 2 10540 3724 5319
1 2 10541 5319 4142
1 2 10540 5319 10541
1 2 444 16547 16050
1 2 16547 1754 7070
1 2 16050 7070 1756
1 2 16547 7070 16050
1 2 1754 12014 7068
1 2 12014 893 16152
1 2 7068 16152 1755
1 2 12014 16152 7068
1 2 1756 7069 10045
1 2 7069 1755 10044
1 2 10045 10044 991
1 2 7069 10044 10045
1 2 1754 7068 7070
1 2 7068 1755 7069
1 2 7070 7069 1756
1 2 7068 7069 7070
1 2 189 16590 16508
1 2 16590 1600 12376
1 2 16508 12376 1602
1 2 16590 12376 16508
1 2 1600 13519 12375
1 2 13519 524 13520
1 2 12375 13520 1601
1 2 13519 13520 12375
1 2 1602 10683 10685
1 2 10683 1601 10684
1 2 10685 10684 893
1 2 10683 10684 10685
1 2 1600 12375 12376
1 2 12375 1601 10683
1 2 12376 10683 1602
1 2 12375 10683 12376
1 2 524 14559 15069
1 2 14559 1200 4279
1 2 15069 4279 1202
1 2 14559 4279 15069
1 2 1200 10792 4277
1 2 10792 206 7036
1 2 4277 7036 1201
1 2 10792 7036 4277
1 2 1202 4278 9417
1 2 4278 1201 7529
1 2 9417 7529 892
1 2 4278 7529 9417
1 2 1200 4277 4279
1 2 4277 1201 4278
1 2 4279 4278 1202
1 2 4277 4278 4279
1 2 893 16337 16153
1 2 16337 3218 15944
1 2 16153 15944 3724
1 2 16337 15944 16153
1 2 3218 9418 13113
1 2 9418 892 13112
1 2 13113 13112 2463
1 2 9418 13112 13113
1 2 3724 15943 5320
1 2 15943 2463 13608
1 2 5320 13608 205
1 2 15943 13608 5320
1 2 3218 13113 15944
1 2 13113 2463 15943
1 2 15944 15943 3724
1 2 13113 15943 15944
1 2 524 15069 13520
1 2 15069 1202 13929
1 2 13520 13929 1601
1 2 15069 13929 13520
1 2 1202 9417 9419
1 2 9417 892 9418
1 2 9419 9418 3218
1 2 9417 9418 9419
1 2 1601 13928 10684
1 2 13928 3218 16337
1 2 10684 16337 893
1 2 13928 16337 10684
1 2 1202 9419 13929
1 2 9419 3218 13928
1 2 13929 13928 1601
1 2 9419 13928 13929
1 2 189 4326 16590
1 2 4326 1742 8042
1 2 16590 8042 1600
1 2 4326 8042 16590
1 2 1742 13635 8040
1 2 13635 522 10150
1 2 8040 10150 1743
1 2 13635 10150 8040
1 2 1600 8041 13519
1 2 8041 1743 14416
1 2 13519 14416 524
1 2 8041 14416 13519
1 2 1742 8040 8042
1 2 8040 1743 8041
1 2 8042 8041 1600
1 2 8040 8041 8042
1 2 522 6109 10148
1 2 6109 3140 5764
1 2 10148 5764 3142
1 2 6109 5764 10148
1 2 3140 4344 5762
1 2 4344 190 5092
1 2 5762 5092 3141
1 2 4344 5092 5762
1 2 3142 5763 7437
1 2 5763 3141 15939
1 2 7437 15939 523
1 2 5763 15939 7437
1 2 3140 5762 5764
1 2 5762 3141 5763
1 2 5764 5763 3142
1 2 5762 5763 5764
1 2 524 14415 14559
1 2 14415 3785 14558
1 2 14559 14558 1200
1 2 14415 14558 14559
1 2 3785 7438 14893
1 2 7438 523 15409
1 2 14893 15409 3841
1 2 7438 15409 14893
1 2 1200 10791 10792
1 2 10791 3841 6679
1 2 10792 6679 206
1 2 10791 6679 10792
1 2 3785 14893 14558
1 2 14893 3841 10791
1 2 14558 10791 1200
1 2 14893 10791 14558
1 2 522 10148 10150
1 2 10148 3142 10149
1 2 10150 10149 1743
1 2 10148 10149 10150
1 2 3142 7437 7439
1 2 7437 523 7438
1 2 7439 7438 3785
1 2 7437 7438 7439
1 2 1743 14414 14416
1 2 14414 3785 14415
1 2 14416 14415 524
1 2 14414 14415 14416
1 2 3142 7439 10149
1 2 7439 3785 14414
1 2 10149 14414 1743
1 2 7439 14414 10149
1 2 190 5090 5092
1 2 5090 3717 5091
1 2 5092 5091 3141
1 2 5090 5091 5092
1 2 3717 15132 14518
1 2 15132 829 5926
1 2 14518 5926 3422
1 2 15132 5926 14518
1 2 3141 14519 15939
1 2 14519 3422 16317
1 2 15939 16317 523
1 2 14519 16317 15939
1 2 3717 14518 5091
1 2 14518 3422 14519
1 2 5091 14519 3141
1 2 14518 14519 5091
1 2 829 5400 5924
1 2 5400 2724 12132
1 2 5924 12132 3420
1 2 5400 12132 5924
1 2 2724 5973 5975
1 2 5973 207 5974
1 2 5975 5974 3725
1 2 5973 5974 5975
1 2 3420 12790 8273
1 2 12790 3725 14600
1 2 8273 14600 830
1 2 12790 14600 8273
1 2 2724 5975 12132
1 2 5975 3725 12790
1 2 12132 12790 3420
1 2 5975 12790 12132
1 2 523 16316 15409
1 2 16316 3421 12000
1 2 15409 12000 3841
1 2 16316 12000 15409
1 2 3421 8274 11999
1 2 8274 830 12875
1 2 11999 12875 3662
1 2 8274 12875 11999
1 2 3841 6677 6679
1 2 6677 3662 6678
1 2 6679 6678 206
1 2 6677 6678 6679
1 2 3421 11999 12000
1 2 11999 3662 6677
1 2 12000 6677 3841
1 2 11999 6677 12000
1 2 829 5924 5926
1 2 5924 3420 5925
1 2 5926 5925 3422
1 2 5924 5925 5926
1 2 3420 8273 8275
1 2 8273 830 8274
1 2 8275 8274 3421
1 2 8273 8274 8275
1 2 3422 15648 16317
1 2 15648 3421 16316
1 2 16317 16316 523
1 2 15648 16316 16317
1 2 3420 8275 5925
1 2 8275 3421 15648
1 2 5925 15648 3422
1 2 8275 15648 5925
1 2 190 6989 5090
1 2 6989 4214 11893
1 2 5090 11893 3717
1 2 6989 11893 5090
1 2 4214 15226 15227
1 2 15226 853 6744
1 2 15227 6744 2925
1 2 15226 6744 15227
1 2 3717 15130 15132
1 2 15130 2925 15131
1 2 15132 15131 829
1 2 15130 15131 15132
1 2 4214 15227 11893
1 2 15227 2925 15130
1 2 11893 15130 3717
1 2 15227 15130 11893
1 2 853 15740 6742
1 2 15740 3309 14770
1 2 6742 14770 2924
1 2 15740 14770 6742
1 2 3309 13666 13668
1 2 13666 191 13667
1 2 13668 13667 2839
1 2 13666 13667 13668
1 2 2924 13225 13226
1 2 13225 2839 6630
1 2 13226 6630 989
1 2 13225 6630 13226
1 2 3309 13668 14770
1 2 13668 2839 13225
1 2 14770 13225 2924
1 2 13668 13225 14770
1 2 829 5398 5400
1 2 5398 2722 5399
1 2 5400 5399 2724
1 2 5398 5399 5400
1 2 2722 13582 11277
1 2 13582 989 15458
1 2 11277 15458 2723
1 2 13582 15458 11277
1 2 2724 11278 5973
1 2 11278 2723 13640
1 2 5973 13640 207
1 2 11278 13640 5973
1 2 2722 11277 5399
1 2 11277 2723 11278
1 2 5399 11278 2724
1 2 11277 11278 5399
1 2 853 6742 6744
1 2 6742 2924 6743
1 2 6744 6743 2925
1 2 6742 6743 6744
1 2 2924 13226 9836
1 2 13226 989 13582
1 2 9836 13582 2722
1 2 13226 13582 9836
1 2 2925 9837 15131
1 2 9837 2722 5398
1 2 15131 5398 829
1 2 9837 5398 15131
1 2 2924 9836 6743
1 2 9836 2722 9837
1 2 6743 9837 2925
1 2 9836 9837 6743
1 2 191 11146 13667
1 2 11146 2193 14692
1 2 13667 14692 2839
1 2 11146 14692 13667
1 2 2193 9803 11803
1 2 9803 298 11794
1 2 11803 11794 1413
1 2 9803 11794 11803
1 2 2839 6628 6630
1 2 6628 1413 6629
1 2 6630 6629 989
1 2 6628 6629 6630
1 2 2193 11803 14692
1 2 11803 1413 6628
1 2 14692 6628 2839
1 2 11803 6628 14692
1 2 298 15553 11792
1 2 15553 4119 14118
1 2 11792 14118 1411
1 2 15553 14118 11792
1 2 4119 14820 14117
1 2 14820 208 10513
1 2 14117 10513 1996
1 2 14820 10513 14117
1 2 1411 13851 13852
1 2 13851 1996 12201
1 2 13852 12201 988
1 2 13851 12201 13852
1 2 4119 14117 14118
1 2 14117 1996 13851
1 2 14118 13851 1411
1 2 14117 13851 14118
1 2 989 15457 15458
1 2 15457 1412 12750
1 2 15458 12750 2723
1 2 15457 12750 15458
1 2 1412 12919 12748
1 2 12919 988 12920
1 2 12748 12920 2733
1 2 12919 12920 12748
1 2 2723 12749 13640
1 2 12749 2733 13639
1 2 13640 13639 207
1 2 12749 13639 13640
1 2 1412 12748 12750
1 2 12748 2733 12749
1 2 12750 12749 2723
1 2 12748 12749 12750
1 2 298 11792 11794
1 2 11792 1411 11793
1 2 11794 11793 1413
1 2 11792 11793 11794
1 2 1411 13852 15547
1 2 13852 988 12919
1 2 15547 12919 1412
1 2 13852 12919 15547
1 2 1413 15548 6629
1 2 15548 1412 15457
1 2 6629 15457 989
1 2 15548 15457 6629
1 2 1411 15547 11793
1 2 15547 1412 15548
1 2 11793 15548 1413
1 2 15547 15548 11793
1 2 191 4669 11146
1 2 4669 2191 5127
1 2 11146 5127 2193
1 2 4669 5127 11146
1 2 2191 10536 5125
1 2 10536 296 10537
1 2 5125 10537 2192
1 2 10536 10537 5125
1 2 2193 5126 9803
1 2 5126 2192 5524
1 2 9803 5524 298
1 2 5126 5524 9803
1 2 2191 5125 5127
1 2 5125 2192 5126
1 2 5127 5126 2193
1 2 5125 5126 5127
1 2 296 8271 10253
1 2 8271 2565 4288
1 2 10253 4288 4033
1 2 8271 4288 10253
1 2 2565 5730 4286
1 2 5730 192 5731
1 2 4286 5731 4111
1 2 5730 5731 4286
1 2 4033 4287 15909
1 2 4287 4111 16186
1 2 15909 16186 297
1 2 4287 16186 15909
1 2 2565 4286 4288
1 2 4286 4111 4287
1 2 4288 4287 4033
1 2 4286 4287 4288
1 2 298 5523 15553
1 2 5523 4034 15552
1 2 15553 15552 4119
1 2 5523 15552 15553
1 2 4034 14844 14845
1 2 14844 297 12959
1 2 14845 12959 1660
1 2 14844 12959 14845
1 2 4119 15855 14820
1 2 15855 1660 15856
1 2 14820 15856 208
1 2 15855 15856 14820
1 2 4034 14845 15552
1 2 14845 1660 15855
1 2 15552 15855 4119
1 2 14845 15855 15552
1 2 296 10253 10537
1 2 10253 4033 14795
1 2 10537 14795 2192
1 2 10253 14795 10537
1 2 4033 15909 14794
1 2 15909 297 14844
1 2 14794 14844 4034
1 2 15909 14844 14794
1 2 2192 5522 5524
1 2 5522 4034 5523
1 2 5524 5523 298
1 2 5522 5523 5524
1 2 4033 14794 14795
1 2 14794 4034 5522
1 2 14795 5522 2192
1 2 14794 5522 14795
1 2 192 9436 5731
1 2 9436 4127 9437
1 2 5731 9437 4111
1 2 9436 9437 5731
1 2 4127 13019 13021
1 2 13019 1060 13020
1 2 13021 13020 3043
1 2 13019 13020 13021
1 2 4111 14543 16186
1 2 14543 3043 16450
1 2 16186 16450 297
1 2 14543 16450 16186
1 2 4127 13021 9437
1 2 13021 3043 14543
1 2 9437 14543 4111
1 2 13021 14543 9437
1 2 1060 13160 14060
1 2 13160 3836 5109
1 2 14060 5109 3042
1 2 13160 5109 14060
1 2 3836 16381 5107
1 2 16381 209 15759
1 2 5107 15759 3837
1 2 16381 15759 5107
1 2 3042 5108 6840
1 2 5108 3837 6839
1 2 6840 6839 565
1 2 5108 6839 6840
1 2 3836 5107 5109
1 2 5107 3837 5108
1 2 5109 5108 3042
1 2 5107 5108 5109
1 2 297 12958 12959
1 2 12958 1658 12174
1 2 12959 12174 1660
1 2 12958 12174 12959
1 2 1658 6490 6492
1 2 6490 565 6491
1 2 6492 6491 1659
1 2 6490 6491 6492
1 2 1660 12173 15856
1 2 12173 1659 5215
1 2 15856 5215 208
1 2 12173 5215 15856
1 2 1658 6492 12174
1 2 6492 1659 12173
1 2 12174 12173 1660
1 2 6492 12173 12174
1 2 1060 14060 13020
1 2 14060 3042 11801
1 2 13020 11801 3043
1 2 14060 11801 13020
1 2 3042 6840 11799
1 2 6840 565 6490
1 2 11799 6490 1658
1 2 6840 6490 11799
1 2 3043 11800 16450
1 2 11800 1658 12958
1 2 16450 12958 297
1 2 11800 12958 16450
1 2 3042 11799 11801
1 2 11799 1658 11800
1 2 11801 11800 3043
1 2 11799 11800 11801
1 2 192 9032 9436
1 2 9032 1917 13429
1 2 9436 13429 4127
1 2 9032 13429 9436
1 2 1917 4724 4726
1 2 4724 658 4725
1 2 4726 4725 3933
1 2 4724 4725 4726
1 2 4127 13428 13019
1 2 13428 3933 15934
1 2 13019 15934 1060
1 2 13428 15934 13019
1 2 1917 4726 13429
1 2 4726 3933 13428
1 2 13429 13428 4127
1 2 4726 13428 13429
1 2 658 12609 9093
1 2 12609 3379 12644
1 2 9093 12644 3381
1 2 12609 12644 9093
1 2 3379 8713 12057
1 2 8713 193 12056
1 2 12057 12056 3380
1 2 8713 12056 12057
1 2 3381 16022 11587
1 2 16022 3380 11591
1 2 11587 11591 996
1 2 16022 11591 11587
1 2 3379 12057 12644
1 2 12057 3380 16022
1 2 12644 16022 3381
1 2 12057 16022 12644
1 2 1060 13158 13160
1 2 13158 3932 13159
1 2 13160 13159 3836
1 2 13158 13159 13160
1 2 3932 10982 10984
1 2 10982 996 10983
1 2 10984 10983 4070
1 2 10982 10983 10984
1 2 3836 14757 16381
1 2 14757 4070 8056
1 2 16381 8056 209
1 2 14757 8056 16381
1 2 3932 10984 13159
1 2 10984 4070 14757
1 2 13159 14757 3836
1 2 10984 14757 13159
1 2 658 9093 4725
1 2 9093 3381 9094
1 2 4725 9094 3933
1 2 9093 9094 4725
1 2 3381 11587 11588
1 2 11587 996 10982
1 2 11588 10982 3932
1 2 11587 10982 11588
1 2 3933 15974 15934
1 2 15974 3932 13158
1 2 15934 13158 1060
1 2 15974 13158 15934
1 2 3381 11588 9094
1 2 11588 3932 15974
1 2 9094 15974 3933
1 2 11588 15974 9094
1 2 193 12060 12056
1 2 12060 4170 15714
1 2 12056 15714 3380
1 2 12060 15714 12056
1 2 4170 13651 13653
1 2 13651 995 13652
1 2 13653 13652 3316
1 2 13651 13652 13653
1 2 3380 11589 11591
1 2 11589 3316 11590
1 2 11591 11590 996
1 2 11589 11590 11591
1 2 4170 13653 15714
1 2 13653 3316 11589
1 2 15714 11589 3380
1 2 13653 11589 15714
1 2 995 8628 8629
1 2 8628 2691 4638
1 2 8629 4638 2693
1 2 8628 4638 8629
1 2 2691 4271 4273
1 2 4271 210 4272
1 2 4273 4272 2692
1 2 4271 4272 4273
1 2 2693 4637 5428
1 2 4637 2692 5427
1 2 5428 5427 568
1 2 4637 5427 5428
1 2 2691 4273 4638
1 2 4273 2692 4637
1 2 4638 4637 2693
1 2 4273 4637 4638
1 2 996 13154 10983
1 2 13154 3315 8910
1 2 10983 8910 4070
1 2 13154 8910 10983
1 2 3315 13669 8909
1 2 13669 568 4256
1 2 8909 4256 1849
1 2 13669 4256 8909
1 2 4070 8054 8056
1 2 8054 1849 8055
1 2 8056 8055 209
1 2 8054 8055 8056
1 2 3315 8909 8910
1 2 8909 1849 8054
1 2 8910 8054 4070
1 2 8909 8054 8910
1 2 995 8629 13652
1 2 8629 2693 13149
1 2 13652 13149 3316
1 2 8629 13149 13652
1 2 2693 5428 13147
1 2 5428 568 13669
1 2 13147 13669 3315
1 2 5428 13669 13147
1 2 3316 13148 11590
1 2 13148 3315 13154
1 2 11590 13154 996
1 2 13148 13154 11590
1 2 2693 13147 13149
1 2 13147 3315 13148
1 2 13149 13148 3316
1 2 13147 13148 13149
1 2 193 12058 12060
1 2 12058 2447 12059
1 2 12060 12059 4170
1 2 12058 12059 12060
1 2 2447 14137 14394
1 2 14137 856 15324
1 2 14394 15324 3856
1 2 14137 15324 14394
1 2 4170 14395 13651
1 2 14395 3856 14523
1 2 13651 14523 995
1 2 14395 14523 13651
1 2 2447 14394 12059
1 2 14394 3856 14395
1 2 12059 14395 4170
1 2 14394 14395 12059
1 2 856 7729 12932
1 2 7729 3546 7326
1 2 12932 7326 3547
1 2 7729 7326 12932
1 2 3546 5046 5048
1 2 5046 194 5047
1 2 5048 5047 1704
1 2 5046 5047 5048
1 2 3547 7325 9331
1 2 7325 1704 13874
1 2 9331 13874 436
1 2 7325 13874 9331
1 2 3546 5048 7326
1 2 5048 1704 7325
1 2 7326 7325 3547
1 2 5048 7325 7326
1 2 995 16503 8628
1 2 16503 3855 9126
1 2 8628 9126 2691
1 2 16503 9126 8628
1 2 3855 9332 9125
1 2 9332 436 11511
1 2 9125 11511 3904
1 2 9332 11511 9125
1 2 2691 5195 4271
1 2 5195 3904 5196
1 2 4271 5196 210
1 2 5195 5196 4271
1 2 3855 9125 9126
1 2 9125 3904 5195
1 2 9126 5195 2691
1 2 9125 5195 9126
1 2 856 12932 15324
1 2 12932 3547 7639
1 2 15324 7639 3856
1 2 12932 7639 15324
1 2 3547 9331 7637
1 2 9331 436 9332
1 2 7637 9332 3855
1 2 9331 9332 7637
1 2 3856 7638 14523
1 2 7638 3855 16503
1 2 14523 16503 995
1 2 7638 16503 14523
1 2 3547 7637 7639
1 2 7637 3855 7638
1 2 7639 7638 3856
1 2 7637 7638 7639
1 2 194 6646 5047
1 2 6646 1703 6647
1 2 5047 6647 1704
1 2 6646 6647 5047
1 2 1703 8998 9000
1 2 8998 434 8999
1 2 9000 8999 1193
1 2 8998 8999 9000
1 2 1704 13872 13874
1 2 13872 1193 13873
1 2 13874 13873 436
1 2 13872 13873 13874
1 2 1703 9000 6647
1 2 9000 1193 13872
1 2 6647 13872 1704
1 2 9000 13872 6647
1 2 434 14153 14154
1 2 14153 3486 10787
1 2 14154 10787 1191
1 2 14153 10787 14154
1 2 3486 16456 10786
1 2 16456 211 14110
1 2 10786 14110 4092
1 2 16456 14110 10786
1 2 1191 10461 10463
1 2 10461 4092 10462
1 2 10463 10462 435
1 2 10461 10462 10463
1 2 3486 10786 10787
1 2 10786 4092 10461
1 2 10787 10461 1191
1 2 10786 10461 10787
1 2 436 14789 11511
1 2 14789 1192 9405
1 2 11511 9405 3904
1 2 14789 9405 11511
1 2 1192 11069 9404
1 2 11069 435 4492
1 2 9404 4492 3903
1 2 11069 4492 9404
1 2 3904 8594 5196
1 2 8594 3903 8595
1 2 5196 8595 210
1 2 8594 8595 5196
1 2 1192 9404 9405
1 2 9404 3903 8594
1 2 9405 8594 3904
1 2 9404 8594 9405
1 2 434 14154 8999
1 2 14154 1191 8920
1 2 8999 8920 1193
1 2 14154 8920 8999
1 2 1191 10463 8918
1 2 10463 435 11069
1 2 8918 11069 1192
1 2 10463 11069 8918
1 2 1193 8919 13873
1 2 8919 1192 14789
1 2 13873 14789 436
1 2 8919 14789 13873
1 2 1191 8918 8920
1 2 8918 1192 8919
1 2 8920 8919 1193
1 2 8918 8919 8920
1 2 194 15666 6646
1 2 15666 2078 15667
1 2 6646 15667 1703
1 2 15666 15667 6646
1 2 2078 14015 16066
1 2 14015 594 7361
1 2 16066 7361 3694
1 2 14015 7361 16066
1 2 1703 16111 8998
1 2 16111 3694 5964
1 2 8998 5964 434
1 2 16111 5964 8998
1 2 2078 16066 15667
1 2 16066 3694 16111
1 2 15667 16111 1703
1 2 16066 16111 15667
1 2 594 14453 7359
1 2 14453 1491 15127
1 2 7359 15127 1869
1 2 14453 15127 7359
1 2 1491 12822 13227
1 2 12822 195 7899
1 2 13227 7899 1868
1 2 12822 7899 13227
1 2 1869 14958 11691
1 2 14958 1868 14959
1 2 11691 14959 427
1 2 14958 14959 11691
1 2 1491 13227 15127
1 2 13227 1868 14958
1 2 15127 14958 1869
1 2 13227 14958 15127
1 2 434 5963 14153
1 2 5963 3485 12977
1 2 14153 12977 3486
1 2 5963 12977 14153
1 2 3485 9291 9293
1 2 9291 427 9292
1 2 9293 9292 1988
1 2 9291 9292 9293
1 2 3486 12976 16456
1 2 12976 1988 16319
1 2 16456 16319 211
1 2 12976 16319 16456
1 2 3485 9293 12977
1 2 9293 1988 12976
1 2 12977 12976 3486
1 2 9293 12976 12977
1 2 594 7359 7361
1 2 7359 1869 7360
1 2 7361 7360 3694
1 2 7359 7360 7361
1 2 1869 11691 11692
1 2 11691 427 9291
1 2 11692 9291 3485
1 2 11691 9291 11692
1 2 3694 5962 5964
1 2 5962 3485 5963
1 2 5964 5963 434
1 2 5962 5963 5964
1 2 1869 11692 7360
1 2 11692 3485 5962
1 2 7360 5962 3694
1 2 11692 5962 7360
1 2 195 6139 7899
1 2 6139 2965 7898
1 2 7899 7898 1868
1 2 6139 7898 7899
1 2 2965 16218 16219
1 2 16218 425 11015
1 2 16219 11015 2966
1 2 16218 11015 16219
1 2 1868 15400 14959
1 2 15400 2966 10895
1 2 14959 10895 427
1 2 15400 10895 14959
1 2 2965 16219 7898
1 2 16219 2966 15400
1 2 7898 15400 1868
1 2 16219 15400 7898
1 2 425 6477 11013
1 2 6477 2819 11895
1 2 11013 11895 2821
1 2 6477 11895 11013
1 2 2819 11339 16323
1 2 11339 212 14617
1 2 16323 14617 2820
1 2 11339 14617 16323
1 2 2821 7051 7053
1 2 7051 2820 7052
1 2 7053 7052 426
1 2 7051 7052 7053
1 2 2819 16323 11895
1 2 16323 2820 7051
1 2 11895 7051 2821
1 2 16323 7051 11895
1 2 427 10894 9292
1 2 10894 1986 15089
1 2 9292 15089 1988
1 2 10894 15089 9292
1 2 1986 9968 9970
1 2 9968 426 9969
1 2 9970 9969 1987
1 2 9968 9969 9970
1 2 1988 16318 16319
1 2 16318 1987 5073
1 2 16319 5073 211
1 2 16318 5073 16319
1 2 1986 9970 15089
1 2 9970 1987 16318
1 2 15089 16318 1988
1 2 9970 16318 15089
1 2 425 11013 11015
1 2 11013 2821 11014
1 2 11015 11014 2966
1 2 11013 11014 11015
1 2 2821 7053 10826
1 2 7053 426 9968
1 2 10826 9968 1986
1 2 7053 9968 10826
1 2 2966 10893 10895
1 2 10893 1986 10894
1 2 10895 10894 427
1 2 10893 10894 10895
1 2 2821 10826 11014
1 2 10826 1986 10893
1 2 11014 10893 2966
1 2 10826 10893 11014
1 2 195 6137 6139
1 2 6137 1522 6138
1 2 6139 6138 2965
1 2 6137 6138 6139
1 2 1522 12817 14387
1 2 12817 669 13997
1 2 14387 13997 3869
1 2 12817 13997 14387
1 2 2965 14388 16218
1 2 14388 3869 13763
1 2 16218 13763 425
1 2 14388 13763 16218
1 2 1522 14387 6138
1 2 14387 3869 14388
1 2 6138 14388 2965
1 2 14387 14388 6138
1 2 669 14292 13996
1 2 14292 3938 11897
1 2 13996 11897 3868
1 2 14292 11897 13996
1 2 3938 6314 11896
1 2 6314 196 12794
1 2 11896 12794 3645
1 2 6314 12794 11896
1 2 3868 9646 9648
1 2 9646 3645 9647
1 2 9648 9647 670
1 2 9646 9647 9648
1 2 3938 11896 11897
1 2 11896 3645 9646
1 2 11897 9646 3868
1 2 11896 9646 11897
1 2 425 6475 6477
1 2 6475 3739 6476
1 2 6477 6476 2819
1 2 6475 6476 6477
1 2 3739 5316 5318
1 2 5316 670 5317
1 2 5318 5317 3637
1 2 5316 5317 5318
1 2 2819 11337 11339
1 2 11337 3637 11338
1 2 11339 11338 212
1 2 11337 11338 11339
1 2 3739 5318 6476
1 2 5318 3637 11337
1 2 6476 11337 2819
1 2 5318 11337 6476
1 2 669 13996 13997
1 2 13996 3868 8973
1 2 13997 8973 3869
1 2 13996 8973 13997
1 2 3868 9648 8971
1 2 9648 670 5316
1 2 8971 5316 3739
1 2 9648 5316 8971
1 2 3869 8972 13763
1 2 8972 3739 6475
1 2 13763 6475 425
1 2 8972 6475 13763
1 2 3868 8971 8973
1 2 8971 3739 8972
1 2 8973 8972 3869
1 2 8971 8972 8973
1 2 196 10884 12794
1 2 10884 3566 15501
1 2 12794 15501 3645
1 2 10884 15501 12794
1 2 3566 5214 15422
1 2 5214 301 8414
1 2 15422 8414 3644
1 2 5214 8414 15422
1 2 3645 15500 9647
1 2 15500 3644 11805
1 2 9647 11805 670
1 2 15500 11805 9647
1 2 3566 15422 15501
1 2 15422 3644 15500
1 2 15501 15500 3645
1 2 15422 15500 15501
1 2 301 5509 8412
1 2 5509 2986 11355
1 2 8412 11355 2988
1 2 5509 11355 8412
1 2 2986 4641 11353
1 2 4641 213 14195
1 2 11353 14195 2987
1 2 4641 14195 11353
1 2 2988 11354 4575
1 2 11354 2987 8011
1 2 4575 8011 902
1 2 11354 8011 4575
1 2 2986 11353 11355
1 2 11353 2987 11354
1 2 11355 11354 2988
1 2 11353 11354 11355
1 2 670 11804 5317
1 2 11804 3636 8986
1 2 5317 8986 3637
1 2 11804 8986 5317
1 2 3636 4576 8984
1 2 4576 902 10898
1 2 8984 10898 1164
1 2 4576 10898 8984
1 2 3637 8985 11338
1 2 8985 1164 8009
1 2 11338 8009 212
1 2 8985 8009 11338
1 2 3636 8984 8986
1 2 8984 1164 8985
1 2 8986 8985 3637
1 2 8984 8985 8986
1 2 301 8412 8414
1 2 8412 2988 8413
1 2 8414 8413 3644
1 2 8412 8413 8414
1 2 2988 4575 4577
1 2 4575 902 4576
1 2 4577 4576 3636
1 2 4575 4576 4577
1 2 3644 8921 11805
1 2 8921 3636 11804
1 2 11805 11804 670
1 2 8921 11804 11805
1 2 2988 4577 8413
1 2 4577 3636 8921
1 2 8413 8921 3644
1 2 4577 8921 8413
1 2 196 9209 10884
1 2 9209 3565 10883
1 2 10884 10883 3566
1 2 9209 10883 10884
1 2 3565 12812 13421
1 2 12812 299 15149
1 2 13421 15149 1276
1 2 12812 15149 13421
1 2 3566 5212 5214
1 2 5212 1276 5213
1 2 5214 5213 301
1 2 5212 5213 5214
1 2 3565 13421 10883
1 2 13421 1276 5212
1 2 10883 5212 3566
1 2 13421 5212 10883
1 2 299 10294 14527
1 2 10294 2395 11983
1 2 14527 11983 1274
1 2 10294 11983 14527
1 2 2395 14450 11981
1 2 14450 197 15153
1 2 11981 15153 2396
1 2 14450 15153 11981
1 2 1274 11982 13213
1 2 11982 2396 13212
1 2 13213 13212 300
1 2 11982 13212 13213
1 2 2395 11981 11983
1 2 11981 2396 11982
1 2 11983 11982 1274
1 2 11981 11982 11983
1 2 301 5507 5509
1 2 5507 1275 5508
1 2 5509 5508 2986
1 2 5507 5508 5509
1 2 1275 15386 13704
1 2 15386 300 16012
1 2 13704 16012 3653
1 2 15386 16012 13704
1 2 2986 4639 4641
1 2 4639 3653 4640
1 2 4641 4640 213
1 2 4639 4640 4641
1 2 1275 13704 5508
1 2 13704 3653 4639
1 2 5508 4639 2986
1 2 13704 4639 5508
1 2 299 14527 15149
1 2 14527 1274 10522
1 2 15149 10522 1276
1 2 14527 10522 15149
1 2 1274 13213 10520
1 2 13213 300 15386
1 2 10520 15386 1275
1 2 13213 15386 10520
1 2 1276 10521 5213
1 2 10521 1275 5507
1 2 5213 5507 301
1 2 10521 5507 5213
1 2 1274 10520 10522
1 2 10520 1275 10521
1 2 10522 10521 1276
1 2 10520 10521 10522
1 2 197 15151 15153
1 2 15151 1877 15152
1 2 15153 15152 2396
1 2 15151 15152 15153
1 2 1877 5449 5451
1 2 5449 734 5450
1 2 5451 5450 2640
1 2 5449 5450 5451
1 2 2396 16451 13212
1 2 16451 2640 16397
1 2 13212 16397 300
1 2 16451 16397 13212
1 2 1877 5451 15152
1 2 5451 2640 16451
1 2 15152 16451 2396
1 2 5451 16451 15152
1 2 734 13098 7238
1 2 13098 1681 6328
1 2 7238 6328 1683
1 2 13098 6328 7238
1 2 1681 4654 4656
1 2 4654 214 4655
1 2 4656 4655 1682
1 2 4654 4655 4656
1 2 1683 6327 4742
1 2 6327 1682 10252
1 2 4742 10252 1061
1 2 6327 10252 4742
1 2 1681 4656 6328
1 2 4656 1682 6327
1 2 6328 6327 1683
1 2 4656 6327 6328
1 2 300 16396 16012
1 2 16396 2639 14122
1 2 16012 14122 3653
1 2 16396 14122 16012
1 2 2639 4743 14120
1 2 4743 1061 8698
1 2 14120 8698 2360
1 2 4743 8698 14120
1 2 3653 14121 4640
1 2 14121 2360 13460
1 2 4640 13460 213
1 2 14121 13460 4640
1 2 2639 14120 14122
1 2 14120 2360 14121
1 2 14122 14121 3653
1 2 14120 14121 14122
1 2 734 7238 5450
1 2 7238 1683 4959
1 2 5450 4959 2640
1 2 7238 4959 5450
1 2 1683 4742 4744
1 2 4742 1061 4743
1 2 4744 4743 2639
1 2 4742 4743 4744
1 2 2640 4958 16397
1 2 4958 2639 16396
1 2 16397 16396 300
1 2 4958 16396 16397
1 2 1683 4744 4959
1 2 4744 2639 4958
1 2 4959 4958 2640
1 2 4744 4958 4959
1 2 197 13078 15151
1 2 13078 1875 11267
1 2 15151 11267 1877
1 2 13078 11267 15151
1 2 1875 13530 11265
1 2 13530 733 12106
1 2 11265 12106 1876
1 2 13530 12106 11265
1 2 1877 11266 5449
1 2 11266 1876 8588
1 2 5449 8588 734
1 2 11266 8588 5449
1 2 1875 11265 11267
1 2 11265 1876 11266
1 2 11267 11266 1877
1 2 11265 11266 11267
1 2 733 10890 12105
1 2 10890 2138 13041
1 2 12105 13041 3849
1 2 10890 13041 12105
1 2 2138 4721 4723
1 2 4721 198 4722
1 2 4723 4722 2242
1 2 4721 4722 4723
1 2 3849 13040 10312
1 2 13040 2242 9505
1 2 10312 9505 431
1 2 13040 9505 10312
1 2 2138 4723 13041
1 2 4723 2242 13040
1 2 13041 13040 3849
1 2 4723 13040 13041
1 2 734 8587 13098
1 2 8587 3199 9828
1 2 13098 9828 1681
1 2 8587 9828 13098
1 2 3199 7874 7875
1 2 7874 431 7433
1 2 7875 7433 2930
1 2 7874 7433 7875
1 2 1681 9827 4654
1 2 9827 2930 10560
1 2 4654 10560 214
1 2 9827 10560 4654
1 2 3199 7875 9828
1 2 7875 2930 9827
1 2 9828 9827 1681
1 2 7875 9827 9828
1 2 733 12105 12106
1 2 12105 3849 11710
1 2 12106 11710 1876
1 2 12105 11710 12106
1 2 3849 10312 10313
1 2 10312 431 7874
1 2 10313 7874 3199
1 2 10312 7874 10313
1 2 1876 8586 8588
1 2 8586 3199 8587
1 2 8588 8587 734
1 2 8586 8587 8588
1 2 3849 10313 11710
1 2 10313 3199 8586
1 2 11710 8586 1876
1 2 10313 8586 11710
1 2 198 7170 4722
1 2 7170 2240 6521
1 2 4722 6521 2242
1 2 7170 6521 4722
1 2 2240 10853 6519
1 2 10853 356 11860
1 2 6519 11860 2241
1 2 10853 11860 6519
1 2 2242 6520 9505
1 2 6520 2241 4942
1 2 9505 4942 431
1 2 6520 4942 9505
1 2 2240 6519 6521
1 2 6519 2241 6520
1 2 6521 6520 2242
1 2 6519 6520 6521
1 2 356 14549 11859
1 2 14549 1282 4679
1 2 11859 4679 3134
1 2 14549 4679 11859
1 2 1282 7458 4677
1 2 7458 215 10477
1 2 4677 10477 2670
1 2 7458 10477 4677
1 2 3134 4678 9910
1 2 4678 2670 10430
1 2 9910 10430 430
1 2 4678 10430 9910
1 2 1282 4677 4679
1 2 4677 2670 4678
1 2 4679 4678 3134
1 2 4677 4678 4679
1 2 431 4941 7433
1 2 4941 2928 7432
1 2 7433 7432 2930
1 2 4941 7432 7433
1 2 2928 9911 11021
1 2 9911 430 11020
1 2 11021 11020 2929
1 2 9911 11020 11021
1 2 2930 10558 10560
1 2 10558 2929 10559
1 2 10560 10559 214
1 2 10558 10559 10560
1 2 2928 11021 7432
1 2 11021 2929 10558
1 2 7432 10558 2930
1 2 11021 10558 7432
1 2 356 11859 11860
1 2 11859 3134 9013
1 2 11860 9013 2241
1 2 11859 9013 11860
1 2 3134 9910 9012
1 2 9910 430 9911
1 2 9012 9911 2928
1 2 9910 9911 9012
1 2 2241 4940 4942
1 2 4940 2928 4941
1 2 4942 4941 431
1 2 4940 4941 4942
1 2 3134 9012 9013
1 2 9012 2928 4940
1 2 9013 4940 2241
1 2 9012 4940 9013
1 2 198 15025 7170
1 2 15025 2977 15520
1 2 7170 15520 2240
1 2 15025 15520 7170
1 2 2977 15962 15617
1 2 15962 354 12209
1 2 15617 12209 2409
1 2 15962 12209 15617
1 2 2240 10852 10853
1 2 10852 2409 4309
1 2 10853 4309 356
1 2 10852 4309 10853
1 2 2977 15617 15520
1 2 15617 2409 10852
1 2 15520 10852 2240
1 2 15617 10852 15520
1 2 354 7261 7263
1 2 7261 3870 7262
1 2 7263 7262 2408
1 2 7261 7262 7263
1 2 3870 14942 12874
1 2 14942 199 12568
1 2 12874 12568 1581
1 2 14942 12568 12874
1 2 2408 4373 4375
1 2 4373 1581 4374
1 2 4375 4374 355
1 2 4373 4374 4375
1 2 3870 12874 7262
1 2 12874 1581 4373
1 2 7262 4373 2408
1 2 12874 4373 7262
1 2 356 4308 14549
1 2 4308 1280 14775
1 2 14549 14775 1282
1 2 4308 14775 14549
1 2 1280 11599 14774
1 2 11599 355 5130
1 2 14774 5130 1281
1 2 11599 5130 14774
1 2 1282 7456 7458
1 2 7456 1281 7457
1 2 7458 7457 215
1 2 7456 7457 7458
1 2 1280 14774 14775
1 2 14774 1281 7456
1 2 14775 7456 1282
1 2 14774 7456 14775
1 2 354 7263 12209
1 2 7263 2408 12208
1 2 12209 12208 2409
1 2 7263 12208 12209
1 2 2408 4375 11600
1 2 4375 355 11599
1 2 11600 11599 1280
1 2 4375 11599 11600
1 2 2409 4307 4309
1 2 4307 1280 4308
1 2 4309 4308 356
1 2 4307 4308 4309
1 2 2408 11600 12208
1 2 11600 1280 4307
1 2 12208 4307 2409
1 2 11600 4307 12208
1 2 199 4565 12568
1 2 4565 1579 9305
1 2 12568 9305 1581
1 2 4565 9305 12568
1 2 1579 8020 8022
1 2 8020 758 8021
1 2 8022 8021 1580
1 2 8020 8021 8022
1 2 1581 5582 4374
1 2 5582 1580 5583
1 2 4374 5583 355
1 2 5582 5583 4374
1 2 1579 8022 9305
1 2 8022 1580 5582
1 2 9305 5582 1581
1 2 8022 5582 9305
1 2 758 10976 10977
1 2 10976 1668 4324
1 2 10977 4324 2910
1 2 10976 4324 10977
1 2 1668 6146 4322
1 2 6146 216 6147
1 2 4322 6147 2909
1 2 6146 6147 4322
1 2 2910 4323 6290
1 2 4323 2909 6289
1 2 6290 6289 1059
1 2 4323 6289 6290
1 2 1668 4322 4324
1 2 4322 2909 4323
1 2 4324 4323 2910
1 2 4322 4323 4324
1 2 355 5128 5130
1 2 5128 4076 5129
1 2 5130 5129 1281
1 2 5128 5129 5130
1 2 4076 8797 8064
1 2 8797 1059 6878
1 2 8064 6878 4020
1 2 8797 6878 8064
1 2 1281 8065 7457
1 2 8065 4020 9533
1 2 7457 9533 215
1 2 8065 9533 7457
1 2 4076 8064 5129
1 2 8064 4020 8065
1 2 5129 8065 1281
1 2 8064 8065 5129
1 2 758 10977 8021
1 2 10977 2910 10737
1 2 8021 10737 1580
1 2 10977 10737 8021
1 2 2910 6290 8798
1 2 6290 1059 8797
1 2 8798 8797 4076
1 2 6290 8797 8798
1 2 1580 10736 5583
1 2 10736 4076 5128
1 2 5583 5128 355
1 2 10736 5128 5583
1 2 2910 8798 10737
1 2 8798 4076 10736
1 2 10737 10736 1580
1 2 8798 10736 10737
1 2 199 4563 4565
1 2 4563 2128 4564
1 2 4565 4564 1579
1 2 4563 4564 4565
1 2 2128 5028 5030
1 2 5028 757 5029
1 2 5030 5029 2681
1 2 5028 5029 5030
1 2 1579 15168 8020
1 2 15168 2681 7807
1 2 8020 7807 758
1 2 15168 7807 8020
1 2 2128 5030 4564
1 2 5030 2681 15168
1 2 4564 15168 1579
1 2 5030 15168 4564
1 2 757 12384 12023
1 2 12384 2296 10379
1 2 12023 10379 3375
1 2 12384 10379 12023
1 2 2296 4692 10378
1 2 4692 200 13762
1 2 10378 13762 4148
1 2 4692 13762 10378
1 2 3375 8610 8612
1 2 8610 4148 8611
1 2 8612 8611 439
1 2 8610 8611 8612
1 2 2296 10378 10379
1 2 10378 4148 8610
1 2 10379 8610 3375
1 2 10378 8610 10379
1 2 758 7806 10976
1 2 7806 1667 7247
1 2 10976 7247 1668
1 2 7806 7247 10976
1 2 1667 11158 7245
1 2 11158 439 13956
1 2 7245 13956 1619
1 2 11158 13956 7245
1 2 1668 7246 6146
1 2 7246 1619 11227
1 2 6146 11227 216
1 2 7246 11227 6146
1 2 1667 7245 7247
1 2 7245 1619 7246
1 2 7247 7246 1668
1 2 7245 7246 7247
1 2 757 12023 5029
1 2 12023 3375 4384
1 2 5029 4384 2681
1 2 12023 4384 5029
1 2 3375 8612 4382
1 2 8612 439 11158
1 2 4382 11158 1667
1 2 8612 11158 4382
1 2 2681 4383 7807
1 2 4383 1667 7806
1 2 7807 7806 758
1 2 4383 7806 7807
1 2 3375 4382 4384
1 2 4382 1667 4383
1 2 4384 4383 2681
1 2 4382 4383 4384
1 2 200 14083 13762
1 2 14083 2915 13259
1 2 13762 13259 4148
1 2 14083 13259 13762
1 2 2915 14932 13257
1 2 14932 437 16272
1 2 13257 16272 4187
1 2 14932 16272 13257
1 2 4148 13258 8611
1 2 13258 4187 11815
1 2 8611 11815 439
1 2 13258 11815 8611
1 2 2915 13257 13259
1 2 13257 4187 13258
1 2 13259 13258 4148
1 2 13257 13258 13259
1 2 437 4580 16280
1 2 4580 3018 15455
1 2 16280 15455 3019
1 2 4580 15455 16280
1 2 3018 16099 15454
1 2 16099 217 15526
1 2 15454 15526 1423
1 2 16099 15526 15454
1 2 3019 14189 10812
1 2 14189 1423 13049
1 2 10812 13049 438
1 2 14189 13049 10812
1 2 3018 15454 15455
1 2 15454 1423 14189
1 2 15455 14189 3019
1 2 15454 14189 15455
1 2 439 11814 13956
1 2 11814 1617 13955
1 2 13956 13955 1619
1 2 11814 13955 13956
1 2 1617 10813 16098
1 2 10813 438 4525
1 2 16098 4525 1618
1 2 10813 4525 16098
1 2 1619 15563 11227
1 2 15563 1618 6495
1 2 11227 6495 216
1 2 15563 6495 11227
1 2 1617 16098 13955
1 2 16098 1618 15563
1 2 13955 15563 1619
1 2 16098 15563 13955
1 2 437 16280 16272
1 2 16280 3019 16281
1 2 16272 16281 4187
1 2 16280 16281 16272
1 2 3019 10812 10814
1 2 10812 438 10813
1 2 10814 10813 1617
1 2 10812 10813 10814
1 2 4187 11813 11815
1 2 11813 1617 11814
1 2 11815 11814 439
1 2 11813 11814 11815
1 2 3019 10814 16281
1 2 10814 1617 11813
1 2 16281 11813 4187
1 2 10814 11813 16281
1 2 200 7624 14083
1 2 7624 2914 7426
1 2 14083 7426 2915
1 2 7624 7426 14083
1 2 2914 12330 7424
1 2 12330 938 4800
1 2 7424 4800 1901
1 2 12330 4800 7424
1 2 2915 7425 14932
1 2 7425 1901 14931
1 2 14932 14931 437
1 2 7425 14931 14932
1 2 2914 7424 7426
1 2 7424 1901 7425
1 2 7426 7425 2915
1 2 7424 7425 7426
1 2 938 13070 4798
1 2 13070 3695 7025
1 2 4798 7025 1899
1 2 13070 7025 4798
1 2 3695 16100 7024
1 2 16100 201 8018
1 2 7024 8018 3477
1 2 16100 8018 7024
1 2 1899 5747 5749
1 2 5747 3477 5748
1 2 5749 5748 564
1 2 5747 5748 5749
1 2 3695 7024 7025
1 2 7024 3477 5747
1 2 7025 5747 1899
1 2 7024 5747 7025
1 2 437 4578 4580
1 2 4578 1900 4579
1 2 4580 4579 3018
1 2 4578 4579 4580
1 2 1900 9802 12273
1 2 9802 564 7567
1 2 12273 7567 3448
1 2 9802 7567 12273
1 2 3018 16264 16099
1 2 16264 3448 15462
1 2 16099 15462 217
1 2 16264 15462 16099
1 2 1900 12273 4579
1 2 12273 3448 16264
1 2 4579 16264 3018
1 2 12273 16264 4579
1 2 938 4798 4800
1 2 4798 1899 4799
1 2 4800 4799 1901
1 2 4798 4799 4800
1 2 1899 5749 9800
1 2 5749 564 9802
1 2 9800 9802 1900
1 2 5749 9802 9800
1 2 1901 9801 14931
1 2 9801 1900 4578
1 2 14931 4578 437
1 2 9801 4578 14931
1 2 1899 9800 4799
1 2 9800 1900 9801
1 2 4799 9801 1901
1 2 9800 9801 4799
1 2 201 5690 8018
1 2 5690 3476 8017
1 2 8018 8017 3477
1 2 5690 8017 8018
1 2 3476 16457 15351
1 2 16457 562 5892
1 2 15351 5892 3342
1 2 16457 5892 15351
1 2 3477 15352 5748
1 2 15352 3342 8202
1 2 5748 8202 564
1 2 15352 8202 5748
1 2 3476 15351 8017
1 2 15351 3342 15352
1 2 8017 15352 3477
1 2 15351 15352 8017
1 2 562 5593 5595
1 2 5593 2095 5594
1 2 5595 5594 3340
1 2 5593 5594 5595
1 2 2095 16309 7769
1 2 16309 218 7660
1 2 7769 7660 3660
1 2 16309 7660 7769
1 2 3340 7770 10266
1 2 7770 3660 7337
1 2 10266 7337 563
1 2 7770 7337 10266
1 2 2095 7769 5594
1 2 7769 3660 7770
1 2 5594 7770 3340
1 2 7769 7770 5594
1 2 564 7565 7567
1 2 7565 3341 7566
1 2 7567 7566 3448
1 2 7565 7566 7567
1 2 3341 10267 8648
1 2 10267 563 10639
1 2 8648 10639 2754
1 2 10267 10639 8648
1 2 3448 8649 15462
1 2 8649 2754 15461
1 2 15462 15461 217
1 2 8649 15461 15462
1 2 3341 8648 7566
1 2 8648 2754 8649
1 2 7566 8649 3448
1 2 8648 8649 7566
1 2 562 5595 5892
1 2 5595 3340 5891
1 2 5892 5891 3342
1 2 5595 5891 5892
1 2 3340 10266 10268
1 2 10266 563 10267
1 2 10268 10267 3341
1 2 10266 10267 10268
1 2 3342 8201 8202
1 2 8201 3341 7565
1 2 8202 7565 564
1 2 8201 7565 8202
1 2 3340 10268 5891
1 2 10268 3341 8201
1 2 5891 8201 3342
1 2 10268 8201 5891
1 2 201 5688 5690
1 2 5688 1885 5689
1 2 5690 5689 3476
1 2 5688 5689 5690
1 2 1885 6680 6682
1 2 6680 353 6681
1 2 6682 6681 3351
1 2 6680 6681 6682
1 2 3476 10492 16457
1 2 10492 3351 5292
1 2 16457 5292 562
1 2 10492 5292 16457
1 2 1885 6682 5689
1 2 6682 3351 10492
1 2 5689 10492 3476
1 2 6682 10492 5689
1 2 353 7177 7179
1 2 7177 3595 7178
1 2 7179 7178 3350
1 2 7177 7178 7179
1 2 3595 11786 11788
1 2 11786 202 11787
1 2 11788 11787 1955
1 2 11786 11787 11788
1 2 3350 12336 12338
1 2 12336 1955 12337
1 2 12338 12337 602
1 2 12336 12337 12338
1 2 3595 11788 7178
1 2 11788 1955 12336
1 2 7178 12336 3350
1 2 11788 12336 7178
1 2 562 5291 5593
1 2 5291 2094 4568
1 2 5593 4568 2095
1 2 5291 4568 5593
1 2 2094 15637 4566
1 2 15637 602 16163
1 2 4566 16163 1671
1 2 15637 16163 4566
1 2 2095 4567 16309
1 2 4567 1671 16360
1 2 16309 16360 218
1 2 4567 16360 16309
1 2 2094 4566 4568
1 2 4566 1671 4567
1 2 4568 4567 2095
1 2 4566 4567 4568
1 2 353 7179 6681
1 2 7179 3350 8954
1 2 6681 8954 3351
1 2 7179 8954 6681
1 2 3350 12338 8953
1 2 12338 602 15637
1 2 8953 15637 2094
1 2 12338 15637 8953
1 2 3351 5290 5292
1 2 5290 2094 5291
1 2 5292 5291 562
1 2 5290 5291 5292
1 2 3350 8953 8954
1 2 8953 2094 5290
1 2 8954 5290 3351
1 2 8953 5290 8954
1 2 202 6707 11787
1 2 6707 1953 12898
1 2 11787 12898 1955
1 2 6707 12898 11787
1 2 1953 9157 12896
1 2 9157 798 13018
1 2 12896 13018 1954
1 2 9157 13018 12896
1 2 1955 12897 12337
1 2 12897 1954 13722
1 2 12337 13722 602
1 2 12897 13722 12337
1 2 1953 12896 12898
1 2 12896 1954 12897
1 2 12898 12897 1955
1 2 12896 12897 12898
1 2 798 7951 7953
1 2 7951 2793 7952
1 2 7953 7952 2700
1 2 7951 7952 7953
1 2 2793 11403 13155
1 2 11403 219 5084
1 2 13155 5084 3208
1 2 11403 5084 13155
1 2 2700 16350 11282
1 2 16350 3208 14247
1 2 11282 14247 975
1 2 16350 14247 11282
1 2 2793 13155 7952
1 2 13155 3208 16350
1 2 7952 16350 2700
1 2 13155 16350 7952
1 2 602 13721 16163
1 2 13721 1669 14645
1 2 16163 14645 1671
1 2 13721 14645 16163
1 2 1669 11283 14643
1 2 11283 975 12244
1 2 14643 12244 1670
1 2 11283 12244 14643
1 2 1671 14644 16360
1 2 14644 1670 5064
1 2 16360 5064 218
1 2 14644 5064 16360
1 2 1669 14643 14645
1 2 14643 1670 14644
1 2 14645 14644 1671
1 2 14643 14644 14645
1 2 798 7953 13018
1 2 7953 2700 11554
1 2 13018 11554 1954
1 2 7953 11554 13018
1 2 2700 11282 11284
1 2 11282 975 11283
1 2 11284 11283 1669
1 2 11282 11283 11284
1 2 1954 11553 13722
1 2 11553 1669 13721
1 2 13722 13721 602
1 2 11553 13721 13722
1 2 2700 11284 11554
1 2 11284 1669 11553
1 2 11554 11553 1954
1 2 11284 11553 11554
1 2 202 6367 6707
1 2 6367 2781 6706
1 2 6707 6706 1953
1 2 6367 6706 6707
1 2 2781 5404 5406
1 2 5404 796 5405
1 2 5406 5405 4082
1 2 5404 5405 5406
1 2 1953 9156 9157
1 2 9156 4082 5083
1 2 9157 5083 798
1 2 9156 5083 9157
1 2 2781 5406 6706
1 2 5406 4082 9156
1 2 6706 9156 1953
1 2 5406 9156 6706
1 2 796 4352 4354
1 2 4352 1572 4353
1 2 4354 4353 1573
1 2 4352 4353 4354
1 2 1572 10132 15392
1 2 10132 203 15517
1 2 15392 15517 1270
1 2 10132 15517 15392
1 2 1573 15096 15097
1 2 15096 1270 5621
1 2 15097 5621 797
1 2 15096 5621 15097
1 2 1572 15392 4353
1 2 15392 1270 15096
1 2 4353 15096 1573
1 2 15392 15096 4353
1 2 798 5082 7951
1 2 5082 2791 11149
1 2 7951 11149 2793
1 2 5082 11149 7951
1 2 2791 16159 11147
1 2 16159 797 16144
1 2 11147 16144 2792
1 2 16159 16144 11147
1 2 2793 11148 11403
1 2 11148 2792 11402
1 2 11403 11402 219
1 2 11148 11402 11403
1 2 2791 11147 11149
1 2 11147 2792 11148
1 2 11149 11148 2793
1 2 11147 11148 11149
1 2 796 4354 5405
1 2 4354 1573 11838
1 2 5405 11838 4082
1 2 4354 11838 5405
1 2 1573 15097 16230
1 2 15097 797 16159
1 2 16230 16159 2791
1 2 15097 16159 16230
1 2 4082 5081 5083
1 2 5081 2791 5082
1 2 5083 5082 798
1 2 5081 5082 5083
1 2 1573 16230 11838
1 2 16230 2791 5081
1 2 11838 5081 4082
1 2 16230 5081 11838
1 2 203 14372 15517
1 2 14372 1127 11327
1 2 15517 11327 1270
1 2 14372 11327 15517
1 2 1127 7666 11326
1 2 7666 754 4847
1 2 11326 4847 1269
1 2 7666 4847 11326
1 2 1270 5619 5621
1 2 5619 1269 5620
1 2 5621 5620 797
1 2 5619 5620 5621
1 2 1127 11326 11327
1 2 11326 1269 5619
1 2 11327 5619 1270
1 2 11326 5619 11327
1 2 754 10257 4845
1 2 10257 2617 10258
1 2 4845 10258 1693
1 2 10257 10258 4845
1 2 2617 15857 14968
1 2 15857 220 13853
1 2 14968 13853 4031
1 2 15857 13853 14968
1 2 1693 10353 4680
1 2 10353 4031 10354
1 2 4680 10354 1067
1 2 10353 10354 4680
1 2 2617 14968 10258
1 2 14968 4031 10353
1 2 10258 10353 1693
1 2 14968 10353 10258
1 2 797 15996 16144
1 2 15996 1694 16143
1 2 16144 16143 2792
1 2 15996 16143 16144
1 2 1694 4681 16145
1 2 4681 1067 11740
1 2 16145 11740 2938
1 2 4681 11740 16145
1 2 2792 11612 11402
1 2 11612 2938 11613
1 2 11402 11613 219
1 2 11612 11613 11402
1 2 1694 16145 16143
1 2 16145 2938 11612
1 2 16143 11612 2792
1 2 16145 11612 16143
1 2 754 4845 4847
1 2 4845 1693 4846
1 2 4847 4846 1269
1 2 4845 4846 4847
1 2 1693 4680 4682
1 2 4680 1067 4681
1 2 4682 4681 1694
1 2 4680 4681 4682
1 2 1269 15391 5620
1 2 15391 1694 15996
1 2 5620 15996 797
1 2 15391 15996 5620
1 2 1693 4682 4846
1 2 4682 1694 15391
1 2 4846 15391 1269
1 2 4682 15391 4846
1 2 203 14371 14372
1 2 14371 1125 6273
1 2 14372 6273 1127
1 2 14371 6273 14372
1 2 1125 12990 6271
1 2 12990 753 12991
1 2 6271 12991 1126
1 2 12990 12991 6271
1 2 1127 6272 7666
1 2 6272 1126 7665
1 2 7666 7665 754
1 2 6272 7665 7666
1 2 1125 6271 6273
1 2 6271 1126 6272
1 2 6273 6272 1127
1 2 6271 6272 6273
1 2 753 6043 14058
1 2 6043 1497 10263
1 2 14058 10263 3115
1 2 6043 10263 14058
1 2 1497 6763 6765
1 2 6763 204 6764
1 2 6765 6764 1148
1 2 6763 6764 6765
1 2 3115 10262 13229
1 2 10262 1148 4764
1 2 13229 4764 394
1 2 10262 4764 13229
1 2 1497 6765 10263
1 2 6765 1148 10262
1 2 10263 10262 3115
1 2 6765 10262 10263
1 2 754 12810 10257
1 2 12810 2615 14260
1 2 10257 14260 2617
1 2 12810 14260 10257
1 2 2615 15086 14258
1 2 15086 394 4998
1 2 14258 4998 2616
1 2 15086 4998 14258
1 2 2617 14259 15857
1 2 14259 2616 10617
1 2 15857 10617 220
1 2 14259 10617 15857
1 2 2615 14258 14260
1 2 14258 2616 14259
1 2 14260 14259 2617
1 2 14258 14259 14260
1 2 753 14058 12991
1 2 14058 3115 16399
1 2 12991 16399 1126
1 2 14058 16399 12991
1 2 3115 13229 16398
1 2 13229 394 15086
1 2 16398 15086 2615
1 2 13229 15086 16398
1 2 1126 12809 7665
1 2 12809 2615 12810
1 2 7665 12810 754
1 2 12809 12810 7665
1 2 3115 16398 16399
1 2 16398 2615 12809
1 2 16399 12809 1126
1 2 16398 12809 16399
1 2 204 12138 6764
1 2 12138 1146 12139
1 2 6764 12139 1148
1 2 12138 12139 6764
1 2 1146 4745 4747
1 2 4745 392 4746
1 2 4747 4746 1147
1 2 4745 4746 4747
1 2 1148 4762 4764
1 2 4762 1147 4763
1 2 4764 4763 394
1 2 4762 4763 4764
1 2 1146 4747 12139
1 2 4747 1147 4762
1 2 12139 4762 1148
1 2 4747 4762 12139
1 2 392 15611 15613
1 2 15611 2778 15612
1 2 15613 15612 2780
1 2 15611 15612 15613
1 2 2778 16627 16248
1 2 16627 221 15376
1 2 16248 15376 2779
1 2 16627 15376 16248
1 2 2780 15757 15758
1 2 15757 2779 6912
1 2 15758 6912 393
1 2 15757 6912 15758
1 2 2778 16248 15612
1 2 16248 2779 15757
1 2 15612 15757 2780
1 2 16248 15757 15612
1 2 394 4996 4998
1 2 4996 3592 4997
1 2 4998 4997 2616
1 2 4996 4997 4998
1 2 3592 15436 5093
1 2 15436 393 15437
1 2 5093 15437 2796
1 2 15436 15437 5093
1 2 2616 5094 10617
1 2 5094 2796 10616
1 2 10617 10616 220
1 2 5094 10616 10617
1 2 3592 5093 4997
1 2 5093 2796 5094
1 2 4997 5094 2616
1 2 5093 5094 4997
1 2 392 15613 4746
1 2 15613 2780 14481
1 2 4746 14481 1147
1 2 15613 14481 4746
1 2 2780 15758 14479
1 2 15758 393 15436
1 2 14479 15436 3592
1 2 15758 15436 14479
1 2 1147 14480 4763
1 2 14480 3592 4996
1 2 4763 4996 394
1 2 14480 4996 4763
1 2 2780 14479 14481
1 2 14479 3592 14480
1 2 14481 14480 1147
1 2 14479 14480 14481
1 2 205 13608 13609
1 2 13608 2463 5518
1 2 13609 5518 2465
1 2 13608 5518 13609
1 2 2463 13112 5516
1 2 13112 892 13892
1 2 5516 13892 2464
1 2 13112 13892 5516
1 2 2465 5517 14698
1 2 5517 2464 14697
1 2 14698 14697 1029
1 2 5517 14697 14698
1 2 2463 5516 5518
1 2 5516 2464 5517
1 2 5518 5517 2465
1 2 5516 5517 5518
1 2 892 7529 7531
1 2 7529 1201 7530
1 2 7531 7530 1621
1 2 7529 7530 7531
1 2 1201 7036 7038
1 2 7036 206 7037
1 2 7038 7037 1620
1 2 7036 7037 7038
1 2 1621 9296 13455
1 2 9296 1620 13454
1 2 13455 13454 453
1 2 9296 13454 13455
1 2 1201 7038 7530
1 2 7038 1620 9296
1 2 7530 9296 1621
1 2 7038 9296 7530
1 2 1029 14050 14051
1 2 14050 2641 9754
1 2 14051 9754 3339
1 2 14050 9754 14051
1 2 2641 10720 9752
1 2 10720 453 7589
1 2 9752 7589 3131
1 2 10720 7589 9752
1 2 3339 9753 10927
1 2 9753 3131 10926
1 2 10927 10926 222
1 2 9753 10926 10927
1 2 2641 9752 9754
1 2 9752 3131 9753
1 2 9754 9753 3339
1 2 9752 9753 9754
1 2 892 7531 13892
1 2 7531 1621 13891
1 2 13892 13891 2464
1 2 7531 13891 13892
1 2 1621 13455 15607
1 2 13455 453 10720
1 2 15607 10720 2641
1 2 13455 10720 15607
1 2 2464 16097 14697
1 2 16097 2641 14050
1 2 14697 14050 1029
1 2 16097 14050 14697
1 2 1621 15607 13891
1 2 15607 2641 16097
1 2 13891 16097 2464
1 2 15607 16097 13891
1 2 206 11153 7037
1 2 11153 3249 12994
1 2 7037 12994 1620
1 2 11153 12994 7037
1 2 3249 15806 12992
1 2 15806 451 13573
1 2 12992 13573 2906
1 2 15806 13573 12992
1 2 1620 12993 13454
1 2 12993 2906 15897
1 2 13454 15897 453
1 2 12993 15897 13454
1 2 3249 12992 12994
1 2 12992 2906 12993
1 2 12994 12993 1620
1 2 12992 12993 12994
1 2 451 11889 11890
1 2 11889 3611 10882
1 2 11890 10882 2904
1 2 11889 10882 11890
1 2 3611 10488 10881
1 2 10488 223 4244
1 2 10881 4244 3620
1 2 10488 4244 10881
1 2 2904 7143 7145
1 2 7143 3620 7144
1 2 7145 7144 452
1 2 7143 7144 7145
1 2 3611 10881 10882
1 2 10881 3620 7143
1 2 10882 7143 2904
1 2 10881 7143 10882
1 2 453 7587 7589
1 2 7587 2905 7588
1 2 7589 7588 3131
1 2 7587 7588 7589
1 2 2905 14036 13367
1 2 14036 452 13646
1 2 13367 13646 3025
1 2 14036 13646 13367
1 2 3131 13368 10926
1 2 13368 3025 15995
1 2 10926 15995 222
1 2 13368 15995 10926
1 2 2905 13367 7588
1 2 13367 3025 13368
1 2 7588 13368 3131
1 2 13367 13368 7588
1 2 451 11890 13573
1 2 11890 2904 12727
1 2 13573 12727 2906
1 2 11890 12727 13573
1 2 2904 7145 12725
1 2 7145 452 14036
1 2 12725 14036 2905
1 2 7145 14036 12725
1 2 2906 12726 15897
1 2 12726 2905 7587
1 2 15897 7587 453
1 2 12726 7587 15897
1 2 2904 12725 12727
1 2 12725 2905 12726
1 2 12727 12726 2906
1 2 12725 12726 12727
1 2 206 6678 11153
1 2 6678 3662 11152
1 2 11153 11152 3249
1 2 6678 11152 11153
1 2 3662 12875 12876
1 2 12875 830 9310
1 2 12876 9310 2536
1 2 12875 9310 12876
1 2 3249 14943 15806
1 2 14943 2536 5515
1 2 15806 5515 451
1 2 14943 5515 15806
1 2 3662 12876 11152
1 2 12876 2536 14943
1 2 11152 14943 3249
1 2 12876 14943 11152
1 2 830 14600 9308
1 2 14600 3725 7817
1 2 9308 7817 2534
1 2 14600 7817 9308
1 2 3725 5974 7815
1 2 5974 207 15862
1 2 7815 15862 3489
1 2 5974 15862 7815
1 2 2534 7816 13083
1 2 7816 3489 10626
1 2 13083 10626 831
1 2 7816 10626 13083
1 2 3725 7815 7817
1 2 7815 3489 7816
1 2 7817 7816 2534
1 2 7815 7816 7817
1 2 451 5514 11889
1 2 5514 2535 7304
1 2 11889 7304 3611
1 2 5514 7304 11889
1 2 2535 13084 7302
1 2 13084 831 16512
1 2 7302 16512 1633
1 2 13084 16512 7302
1 2 3611 7303 10488
1 2 7303 1633 10487
1 2 10488 10487 223
1 2 7303 10487 10488
1 2 2535 7302 7304
1 2 7302 1633 7303
1 2 7304 7303 3611
1 2 7302 7303 7304
1 2 830 9308 9310
1 2 9308 2534 9309
1 2 9310 9309 2536
1 2 9308 9309 9310
1 2 2534 13083 13085
1 2 13083 831 13084
1 2 13085 13084 2535
1 2 13083 13084 13085
1 2 2536 5513 5515
1 2 5513 2535 5514
1 2 5515 5514 451
1 2 5513 5514 5515
1 2 2534 13085 9309
1 2 13085 2535 5513
1 2 9309 5513 2536
1 2 13085 5513 9309
1 2 207 15861 15862
1 2 15861 3329 13878
1 2 15862 13878 3489
1 2 15861 13878 15862
1 2 3329 9367 9369
1 2 9367 967 9368
1 2 9369 9368 1971
1 2 9367 9368 9369
1 2 3489 10624 10626
1 2 10624 1971 10625
1 2 10626 10625 831
1 2 10624 10625 10626
1 2 3329 9369 13878
1 2 9369 1971 10624
1 2 13878 10624 3489
1 2 9369 10624 13878
1 2 967 12998 11900
1 2 12998 3261 13629
1 2 11900 13629 1970
1 2 12998 13629 11900
1 2 3261 10467 10468
1 2 10467 224 6779
1 2 10468 6779 3899
1 2 10467 6779 10468
1 2 1970 13437 13438
1 2 13437 3899 9160
1 2 13438 9160 535
1 2 13437 9160 13438
1 2 3261 10468 13629
1 2 10468 3899 13437
1 2 13629 13437 1970
1 2 10468 13437 13629
1 2 831 10923 16512
1 2 10923 1631 15415
1 2 16512 15415 1633
1 2 10923 15415 16512
1 2 1631 4963 4965
1 2 4963 535 4964
1 2 4965 4964 1632
1 2 4963 4964 4965
1 2 1633 11891 10487
1 2 11891 1632 11892
1 2 10487 11892 223
1 2 11891 11892 10487
1 2 1631 4965 15415
1 2 4965 1632 11891
1 2 15415 11891 1633
1 2 4965 11891 15415
1 2 967 11900 9368
1 2 11900 1970 5752
1 2 9368 5752 1971
1 2 11900 5752 9368
1 2 1970 13438 5750
1 2 13438 535 4963
1 2 5750 4963 1631
1 2 13438 4963 5750
1 2 1971 5751 10625
1 2 5751 1631 10923
1 2 10625 10923 831
1 2 5751 10923 10625
1 2 1970 5750 5752
1 2 5750 1631 5751
1 2 5752 5751 1971
1 2 5750 5751 5752
1 2 207 13639 15861
1 2 13639 2733 16023
1 2 15861 16023 3329
1 2 13639 16023 15861
1 2 2733 12920 14768
1 2 12920 988 13151
1 2 14768 13151 3328
1 2 12920 13151 14768
1 2 3329 16368 9367
1 2 16368 3328 13768
1 2 9367 13768 967
1 2 16368 13768 9367
1 2 2733 14768 16023
1 2 14768 3328 16368
1 2 16023 16368 3329
1 2 14768 16368 16023
1 2 988 12201 12202
1 2 12201 1996 4413
1 2 12202 4413 1998
1 2 12201 4413 12202
1 2 1996 10513 4411
1 2 10513 208 10514
1 2 4411 10514 1997
1 2 10513 10514 4411
1 2 1998 4412 8185
1 2 4412 1997 13279
1 2 8185 13279 817
1 2 4412 13279 8185
1 2 1996 4411 4413
1 2 4411 1997 4412
1 2 4413 4412 1998
1 2 4411 4412 4413
1 2 967 12996 12998
1 2 12996 3259 12997
1 2 12998 12997 3261
1 2 12996 12997 12998
1 2 3259 5913 5915
1 2 5913 817 5914
1 2 5915 5914 3260
1 2 5913 5914 5915
1 2 3261 13298 10467
1 2 13298 3260 7962
1 2 10467 7962 224
1 2 13298 7962 10467
1 2 3259 5915 12997
1 2 5915 3260 13298
1 2 12997 13298 3261
1 2 5915 13298 12997
1 2 988 12202 13151
1 2 12202 1998 12395
1 2 13151 12395 3328
1 2 12202 12395 13151
1 2 1998 8185 8186
1 2 8185 817 5913
1 2 8186 5913 3259
1 2 8185 5913 8186
1 2 3328 12394 13768
1 2 12394 3259 12996
1 2 13768 12996 967
1 2 12394 12996 13768
1 2 1998 8186 12395
1 2 8186 3259 12394
1 2 12395 12394 3328
1 2 8186 12394 12395
1 2 208 5217 10514
1 2 5217 2238 9122
1 2 10514 9122 1997
1 2 5217 9122 10514
1 2 2238 14996 9120
1 2 14996 567 14809
1 2 9120 14809 4085
1 2 14996 14809 9120
1 2 1997 9121 13279
1 2 9121 4085 15113
1 2 13279 15113 817
1 2 9121 15113 13279
1 2 2238 9120 9122
1 2 9120 4085 9121
1 2 9122 9121 1997
1 2 9120 9121 9122
1 2 567 9444 14370
1 2 9444 1107 5661
1 2 14370 5661 2782
1 2 9444 5661 14370
1 2 1107 5851 5659
1 2 5851 225 5852
1 2 5659 5852 1887
1 2 5851 5852 5659
1 2 2782 5660 7171
1 2 5660 1887 14404
1 2 7171 14404 335
1 2 5660 14404 7171
1 2 1107 5659 5661
1 2 5659 1887 5660
1 2 5661 5660 2782
1 2 5659 5660 5661
1 2 817 15446 5914
1 2 15446 4106 13575
1 2 5914 13575 3260
1 2 15446 13575 5914
1 2 4106 7172 13574
1 2 7172 335 13495
1 2 13574 13495 3138
1 2 7172 13495 13574
1 2 3260 7960 7962
1 2 7960 3138 7961
1 2 7962 7961 224
1 2 7960 7961 7962
1 2 4106 13574 13575
1 2 13574 3138 7960
1 2 13575 7960 3260
1 2 13574 7960 13575
1 2 567 14370 14809
1 2 14370 2782 14743
1 2 14809 14743 4085
1 2 14370 14743 14809
1 2 2782 7171 7173
1 2 7171 335 7172
1 2 7173 7172 4106
1 2 7171 7172 7173
1 2 4085 14742 15113
1 2 14742 4106 15446
1 2 15113 15446 817
1 2 14742 15446 15113
1 2 2782 7173 14743
1 2 7173 4106 14742
1 2 14743 14742 4085
1 2 7173 14742 14743
1 2 208 5215 5217
1 2 5215 1659 5216
1 2 5217 5216 2238
1 2 5215 5216 5217
1 2 1659 6491 14155
1 2 6491 565 7407
1 2 14155 7407 2237
1 2 6491 7407 14155
1 2 2238 14156 14996
1 2 14156 2237 14316
1 2 14996 14316 567
1 2 14156 14316 14996
1 2 1659 14155 5216
1 2 14155 2237 14156
1 2 5216 14156 2238
1 2 14155 14156 5216
1 2 565 6839 7405
1 2 6839 3837 15418
1 2 7405 15418 3054
1 2 6839 15418 7405
1 2 3837 15759 15416
1 2 15759 209 15468
1 2 15416 15468 3972
1 2 15759 15468 15416
1 2 3054 15417 15519
1 2 15417 3972 9761
1 2 15519 9761 566
1 2 15417 9761 15519
1 2 3837 15416 15418
1 2 15416 3972 15417
1 2 15418 15417 3054
1 2 15416 15417 15418
1 2 567 9443 9444
1 2 9443 1105 7543
1 2 9444 7543 1107
1 2 9443 7543 9444
1 2 1105 13685 7541
1 2 13685 566 11658
1 2 7541 11658 1106
1 2 13685 11658 7541
1 2 1107 7542 5851
1 2 7542 1106 11924
1 2 5851 11924 225
1 2 7542 11924 5851
1 2 1105 7541 7543
1 2 7541 1106 7542
1 2 7543 7542 1107
1 2 7541 7542 7543
1 2 565 7405 7407
1 2 7405 3054 7406
1 2 7407 7406 2237
1 2 7405 7406 7407
1 2 3054 15519 14378
1 2 15519 566 13685
1 2 14378 13685 1105
1 2 15519 13685 14378
1 2 2237 14315 14316
1 2 14315 1105 9443
1 2 14316 9443 567
1 2 14315 9443 14316
1 2 3054 14378 7406
1 2 14378 1105 14315
1 2 7406 14315 2237
1 2 14378 14315 7406
1 2 209 13383 15468
1 2 13383 1851 5010
1 2 15468 5010 3972
1 2 13383 5010 15468
1 2 1851 9072 5008
1 2 9072 570 13875
1 2 5008 13875 3347
1 2 9072 13875 5008
1 2 3972 5009 9761
1 2 5009 3347 9760
1 2 9761 9760 566
1 2 5009 9760 9761
1 2 1851 5008 5010
1 2 5008 3347 5009
1 2 5010 5009 3972
1 2 5008 5009 5010
1 2 570 5676 5678
1 2 5676 3582 5677
1 2 5678 5677 3346
1 2 5676 5677 5678
1 2 3582 10930 16102
1 2 10930 226 15275
1 2 16102 15275 3583
1 2 10930 15275 16102
1 2 3346 14525 12545
1 2 14525 3583 14526
1 2 12545 14526 865
1 2 14525 14526 12545
1 2 3582 16102 5677
1 2 16102 3583 14525
1 2 5677 14525 3346
1 2 16102 14525 5677
1 2 566 9947 11658
1 2 9947 2262 10740
1 2 11658 10740 1106
1 2 9947 10740 11658
1 2 2262 12546 10738
1 2 12546 865 14839
1 2 10738 14839 1944
1 2 12546 14839 10738
1 2 1106 10739 11924
1 2 10739 1944 13770
1 2 11924 13770 225
1 2 10739 13770 11924
1 2 2262 10738 10740
1 2 10738 1944 10739
1 2 10740 10739 1106
1 2 10738 10739 10740
1 2 570 5678 13875
1 2 5678 3346 8208
1 2 13875 8208 3347
1 2 5678 8208 13875
1 2 3346 12545 8206
1 2 12545 865 12546
1 2 8206 12546 2262
1 2 12545 12546 8206
1 2 3347 8207 9760
1 2 8207 2262 9947
1 2 9760 9947 566
1 2 8207 9947 9760
1 2 3346 8206 8208
1 2 8206 2262 8207
1 2 8208 8207 3347
1 2 8206 8207 8208
1 2 209 8055 13383
1 2 8055 1849 12867
1 2 13383 12867 1851
1 2 8055 12867 13383
1 2 1849 4256 4258
1 2 4256 568 4257
1 2 4258 4257 1850
1 2 4256 4257 4258
1 2 1851 9070 9072
1 2 9070 1850 9071
1 2 9072 9071 570
1 2 9070 9071 9072
1 2 1849 4258 12867
1 2 4258 1850 9070
1 2 12867 9070 1851
1 2 4258 9070 12867
1 2 568 5427 8678
1 2 5427 2692 14138
1 2 8678 14138 2596
1 2 5427 14138 8678
1 2 2692 4272 12200
1 2 4272 210 11570
1 2 12200 11570 3581
1 2 4272 11570 12200
1 2 2596 14563 8140
1 2 14563 3581 11219
1 2 8140 11219 569
1 2 14563 11219 8140
1 2 2692 12200 14138
1 2 12200 3581 14563
1 2 14138 14563 2596
1 2 12200 14563 14138
1 2 570 13871 5676
1 2 13871 2597 12529
1 2 5676 12529 3582
1 2 13871 12529 5676
1 2 2597 8141 12528
1 2 8141 569 14229
1 2 12528 14229 2786
1 2 8141 14229 12528
1 2 3582 10928 10930
1 2 10928 2786 10929
1 2 10930 10929 226
1 2 10928 10929 10930
1 2 2597 12528 12529
1 2 12528 2786 10928
1 2 12529 10928 3582
1 2 12528 10928 12529
1 2 568 8678 4257
1 2 8678 2596 8679
1 2 4257 8679 1850
1 2 8678 8679 4257
1 2 2596 8140 8142
1 2 8140 569 8141
1 2 8142 8141 2597
1 2 8140 8141 8142
1 2 1850 15148 9071
1 2 15148 2597 13871
1 2 9071 13871 570
1 2 15148 13871 9071
1 2 2596 8142 8679
1 2 8142 2597 15148
1 2 8679 15148 1850
1 2 8142 15148 8679
1 2 210 11569 11570
1 2 11569 4045 9430
1 2 11570 9430 3581
1 2 11569 9430 11570
1 2 4045 16113 9428
1 2 16113 963 5426
1 2 9428 5426 3976
1 2 16113 5426 9428
1 2 3581 9429 11219
1 2 9429 3976 11218
1 2 11219 11218 569
1 2 9429 11218 11219
1 2 4045 9428 9430
1 2 9428 3976 9429
1 2 9430 9429 3581
1 2 9428 9429 9430
1 2 963 5325 5327
1 2 5325 3159 5326
1 2 5327 5326 3939
1 2 5325 5326 5327
1 2 3159 14536 9825
1 2 14536 227 15155
1 2 9825 15155 1271
1 2 14536 15155 9825
1 2 3939 9826 11052
1 2 9826 1271 10108
1 2 11052 10108 767
1 2 9826 10108 11052
1 2 3159 9825 5326
1 2 9825 1271 9826
1 2 5326 9826 3939
1 2 9825 9826 5326
1 2 569 15482 14229
1 2 15482 2785 15524
1 2 14229 15524 2786
1 2 15482 15524 14229
1 2 2785 11053 15523
1 2 11053 767 4298
1 2 15523 4298 1897
1 2 11053 4298 15523
1 2 2786 13632 10929
1 2 13632 1897 13633
1 2 10929 13633 226
1 2 13632 13633 10929
1 2 2785 15523 15524
1 2 15523 1897 13632
1 2 15524 13632 2786
1 2 15523 13632 15524
1 2 963 5327 5426
1 2 5327 3939 5425
1 2 5426 5425 3976
1 2 5327 5425 5426
1 2 3939 11052 11054
1 2 11052 767 11053
1 2 11054 11053 2785
1 2 11052 11053 11054
1 2 3976 13572 11218
1 2 13572 2785 15482
1 2 11218 15482 569
1 2 13572 15482 11218
1 2 3939 11054 5425
1 2 11054 2785 13572
1 2 5425 13572 3976
1 2 11054 13572 5425
1 2 210 8595 11569
1 2 8595 3903 12393
1 2 11569 12393 4045
1 2 8595 12393 11569
1 2 3903 4492 4494
1 2 4492 435 4493
1 2 4494 4493 4123
1 2 4492 4493 4494
1 2 4045 12824 16113
1 2 12824 4123 14320
1 2 16113 14320 963
1 2 12824 14320 16113
1 2 3903 4494 12393
1 2 4494 4123 12824
1 2 12393 12824 4045
1 2 4494 12824 12393
1 2 435 10462 5076
1 2 10462 4092 4685
1 2 5076 4685 4191
1 2 10462 4685 5076
1 2 4092 14110 4683
1 2 14110 211 14111
1 2 4683 14111 2174
1 2 14110 14111 4683
1 2 4191 4684 13893
1 2 4684 2174 11202
1 2 13893 11202 915
1 2 4684 11202 13893
1 2 4092 4683 4685
1 2 4683 2174 4684
1 2 4685 4684 4191
1 2 4683 4684 4685
1 2 963 13452 5325
1 2 13452 3158 13453
1 2 5325 13453 3159
1 2 13452 13453 5325
1 2 3158 6039 6041
1 2 6039 915 6040
1 2 6041 6040 1597
1 2 6039 6040 6041
1 2 3159 14534 14536
1 2 14534 1597 14535
1 2 14536 14535 227
1 2 14534 14535 14536
1 2 3158 6041 13453
1 2 6041 1597 14534
1 2 13453 14534 3159
1 2 6041 14534 13453
1 2 435 5076 4493
1 2 5076 4191 5077
1 2 4493 5077 4123
1 2 5076 5077 4493
1 2 4191 13893 12626
1 2 13893 915 6039
1 2 12626 6039 3158
1 2 13893 6039 12626
1 2 4123 12627 14320
1 2 12627 3158 13452
1 2 14320 13452 963
1 2 12627 13452 14320
1 2 4191 12626 5077
1 2 12626 3158 12627
1 2 5077 12627 4123
1 2 12626 12627 5077
1 2 211 5075 14111
1 2 5075 2172 11378
1 2 14111 11378 2174
1 2 5075 11378 14111
1 2 2172 16595 11377
1 2 16595 773 16545
1 2 11377 16545 2173
1 2 16595 16545 11377
1 2 2174 11201 11202
1 2 11201 2173 5863
1 2 11202 5863 915
1 2 11201 5863 11202
1 2 2172 11377 11378
1 2 11377 2173 11201
1 2 11378 11201 2174
1 2 11377 11201 11378
1 2 773 8761 13349
1 2 8761 2256 7324
1 2 13349 7324 2358
1 2 8761 7324 13349
1 2 2256 10135 7322
1 2 10135 228 14790
1 2 7322 14790 2815
1 2 10135 14790 7322
1 2 2358 7323 8962
1 2 7323 2815 12610
1 2 8962 12610 914
1 2 7323 12610 8962
1 2 2256 7322 7324
1 2 7322 2815 7323
1 2 7324 7323 2358
1 2 7322 7323 7324
1 2 915 5862 6040
1 2 5862 1595 5470
1 2 6040 5470 1597
1 2 5862 5470 6040
1 2 1595 8963 5468
1 2 8963 914 9787
1 2 5468 9787 1596
1 2 8963 9787 5468
1 2 1597 5469 14535
1 2 5469 1596 8187
1 2 14535 8187 227
1 2 5469 8187 14535
1 2 1595 5468 5470
1 2 5468 1596 5469
1 2 5470 5469 1597
1 2 5468 5469 5470
1 2 773 13349 16545
1 2 13349 2358 15670
1 2 16545 15670 2173
1 2 13349 15670 16545
1 2 2358 8962 8964
1 2 8962 914 8963
1 2 8964 8963 1595
1 2 8962 8963 8964
1 2 2173 5861 5863
1 2 5861 1595 5862
1 2 5863 5862 915
1 2 5861 5862 5863
1 2 2358 8964 15670
1 2 8964 1595 5861
1 2 15670 5861 2173
1 2 8964 5861 15670
1 2 211 5073 5075
1 2 5073 1987 5074
1 2 5075 5074 2172
1 2 5073 5074 5075
1 2 1987 9969 16269
1 2 9969 426 9186
1 2 16269 9186 2689
1 2 9969 9186 16269
1 2 2172 16391 16595
1 2 16391 2689 10476
1 2 16595 10476 773
1 2 16391 10476 16595
1 2 1987 16269 5074
1 2 16269 2689 16391
1 2 5074 16391 2172
1 2 16269 16391 5074
1 2 426 7052 9184
1 2 7052 2820 16240
1 2 9184 16240 3221
1 2 7052 16240 9184
1 2 2820 14617 14618
1 2 14617 212 6283
1 2 14618 6283 3298
1 2 14617 6283 14618
1 2 3221 12668 12670
1 2 12668 3298 12669
1 2 12670 12669 772
1 2 12668 12669 12670
1 2 2820 14618 16240
1 2 14618 3298 12668
1 2 16240 12668 3221
1 2 14618 12668 16240
1 2 773 8760 8761
1 2 8760 2255 6653
1 2 8761 6653 2256
1 2 8760 6653 8761
1 2 2255 13953 6651
1 2 13953 772 13954
1 2 6651 13954 2084
1 2 13953 13954 6651
1 2 2256 6652 10135
1 2 6652 2084 10134
1 2 10135 10134 228
1 2 6652 10134 10135
1 2 2255 6651 6653
1 2 6651 2084 6652
1 2 6653 6652 2256
1 2 6651 6652 6653
1 2 426 9184 9186
1 2 9184 3221 9185
1 2 9186 9185 2689
1 2 9184 9185 9186
1 2 3221 12670 15627
1 2 12670 772 13953
1 2 15627 13953 2255
1 2 12670 13953 15627
1 2 2689 10475 10476
1 2 10475 2255 8760
1 2 10476 8760 773
1 2 10475 8760 10476
1 2 3221 15627 9185
1 2 15627 2255 10475
1 2 9185 10475 2689
1 2 15627 10475 9185
1 2 212 6282 6283
1 2 6282 1166 6226
1 2 6283 6226 3298
1 2 6282 6226 6283
1 2 1166 8164 6224
1 2 8164 894 7760
1 2 6224 7760 3077
1 2 8164 7760 6224
1 2 3298 6225 12669
1 2 6225 3077 9525
1 2 12669 9525 772
1 2 6225 9525 12669
1 2 1166 6224 6226
1 2 6224 3077 6225
1 2 6226 6225 3298
1 2 6224 6225 6226
1 2 894 9050 7759
1 2 9050 1718 9051
1 2 7759 9051 2261
1 2 9050 9051 7759
1 2 1718 14323 16046
1 2 14323 229 16006
1 2 16046 16006 2260
1 2 14323 16006 16046
1 2 2261 16047 9127
1 2 16047 2260 15044
1 2 9127 15044 308
1 2 16047 15044 9127
1 2 1718 16046 9051
1 2 16046 2260 16047
1 2 9051 16047 2261
1 2 16046 16047 9051
1 2 772 9524 13954
1 2 9524 2082 12655
1 2 13954 12655 2084
1 2 9524 12655 13954
1 2 2082 9128 12653
1 2 9128 308 14901
1 2 12653 14901 2083
1 2 9128 14901 12653
1 2 2084 12654 10134
1 2 12654 2083 14176
1 2 10134 14176 228
1 2 12654 14176 10134
1 2 2082 12653 12655
1 2 12653 2083 12654
1 2 12655 12654 2084
1 2 12653 12654 12655
1 2 894 7759 7760
1 2 7759 2261 5445
1 2 7760 5445 3077
1 2 7759 5445 7760
1 2 2261 9127 5443
1 2 9127 308 9128
1 2 5443 9128 2082
1 2 9127 9128 5443
1 2 3077 5444 9525
1 2 5444 2082 9524
1 2 9525 9524 772
1 2 5444 9524 9525
1 2 2261 5443 5445
1 2 5443 2082 5444
1 2 5445 5444 3077
1 2 5443 5444 5445
1 2 212 8009 6282
1 2 8009 1164 8010
1 2 6282 8010 1166
1 2 8009 8010 6282
1 2 1164 10898 10900
1 2 10898 902 10899
1 2 10900 10899 1165
1 2 10898 10899 10900
1 2 1166 8163 8164
1 2 8163 1165 4497
1 2 8164 4497 894
1 2 8163 4497 8164
1 2 1164 10900 8010
1 2 10900 1165 8163
1 2 8010 8163 1166
1 2 10900 8163 8010
1 2 902 8011 8012
1 2 8011 2987 4977
1 2 8012 4977 3253
1 2 8011 4977 8012
1 2 2987 14195 4975
1 2 14195 213 16363
1 2 4975 16363 4125
1 2 14195 16363 4975
1 2 3253 4976 6826
1 2 4976 4125 6825
1 2 6826 6825 990
1 2 4976 6825 6826
1 2 2987 4975 4977
1 2 4975 4125 4976
1 2 4977 4976 3253
1 2 4975 4976 4977
1 2 894 4496 9050
1 2 4496 1716 13809
1 2 9050 13809 1718
1 2 4496 13809 9050
1 2 1716 10552 10554
1 2 10552 990 10553
1 2 10554 10553 1717
1 2 10552 10553 10554
1 2 1718 14322 14323
1 2 14322 1717 12802
1 2 14323 12802 229
1 2 14322 12802 14323
1 2 1716 10554 13809
1 2 10554 1717 14322
1 2 13809 14322 1718
1 2 10554 14322 13809
1 2 902 8012 10899
1 2 8012 3253 14268
1 2 10899 14268 1165
1 2 8012 14268 10899
1 2 3253 6826 16087
1 2 6826 990 10552
1 2 16087 10552 1716
1 2 6826 10552 16087
1 2 1165 4495 4497
1 2 4495 1716 4496
1 2 4497 4496 894
1 2 4495 4496 4497
1 2 3253 16087 14268
1 2 16087 1716 4495
1 2 14268 4495 1165
1 2 16087 4495 14268
1 2 213 13462 16363
1 2 13462 2362 13787
1 2 16363 13787 4125
1 2 13462 13787 16363
1 2 2362 9410 11464
1 2 9410 1063 7286
1 2 11464 7286 1436
1 2 9410 7286 11464
1 2 4125 8019 6825
1 2 8019 1436 6982
1 2 6825 6982 990
1 2 8019 6982 6825
1 2 2362 11464 13787
1 2 11464 1436 8019
1 2 13787 8019 4125
1 2 11464 8019 13787
1 2 1063 7823 7284
1 2 7823 2822 9573
1 2 7284 9573 1434
1 2 7823 9573 7284
1 2 2822 9796 9571
1 2 9796 230 9797
1 2 9571 9797 2823
1 2 9796 9797 9571
1 2 1434 9572 8051
1 2 9572 2823 7689
1 2 8051 7689 332
1 2 9572 7689 8051
1 2 2822 9571 9573
1 2 9571 2823 9572
1 2 9573 9572 1434
1 2 9571 9572 9573
1 2 990 6981 10553
1 2 6981 1435 16597
1 2 10553 16597 1717
1 2 6981 16597 10553
1 2 1435 8052 8940
1 2 8052 332 8939
1 2 8940 8939 2806
1 2 8052 8939 8940
1 2 1717 12801 12802
1 2 12801 2806 4385
1 2 12802 4385 229
1 2 12801 4385 12802
1 2 1435 8940 16597
1 2 8940 2806 12801
1 2 16597 12801 1717
1 2 8940 12801 16597
1 2 1063 7284 7286
1 2 7284 1434 7285
1 2 7286 7285 1436
1 2 7284 7285 7286
1 2 1434 8051 8053
1 2 8051 332 8052
1 2 8053 8052 1435
1 2 8051 8052 8053
1 2 1436 6980 6982
1 2 6980 1435 6981
1 2 6982 6981 990
1 2 6980 6981 6982
1 2 1434 8053 7285
1 2 8053 1435 6980
1 2 7285 6980 1436
1 2 8053 6980 7285
1 2 213 13460 13462
1 2 13460 2360 13461
1 2 13462 13461 2362
1 2 13460 13461 13462
1 2 2360 8698 8700
1 2 8698 1061 8699
1 2 8700 8699 2361
1 2 8698 8699 8700
1 2 2362 9408 9410
1 2 9408 2361 9409
1 2 9410 9409 1063
1 2 9408 9409 9410
1 2 2360 8700 13461
1 2 8700 2361 9408
1 2 13461 9408 2362
1 2 8700 9408 13461
1 2 1061 10252 14564
1 2 10252 1682 6121
1 2 14564 6121 2737
1 2 10252 6121 14564
1 2 1682 4655 6119
1 2 4655 214 15201
1 2 6119 15201 2519
1 2 4655 15201 6119
1 2 2737 6120 13015
1 2 6120 2519 13014
1 2 13015 13014 1062
1 2 6120 13014 13015
1 2 1682 6119 6121
1 2 6119 2519 6120
1 2 6121 6120 2737
1 2 6119 6120 6121
1 2 1063 7821 7823
1 2 7821 2882 7822
1 2 7823 7822 2822
1 2 7821 7822 7823
1 2 2882 14666 13006
1 2 14666 1062 9442
1 2 13006 9442 1867
1 2 14666 9442 13006
1 2 2822 13007 9796
1 2 13007 1867 12543
1 2 9796 12543 230
1 2 13007 12543 9796
1 2 2882 13006 7822
1 2 13006 1867 13007
1 2 7822 13007 2822
1 2 13006 13007 7822
1 2 1061 14564 8699
1 2 14564 2737 13178
1 2 8699 13178 2361
1 2 14564 13178 8699
1 2 2737 13015 13176
1 2 13015 1062 14666
1 2 13176 14666 2882
1 2 13015 14666 13176
1 2 2361 13177 9409
1 2 13177 2882 7821
1 2 9409 7821 1063
1 2 13177 7821 9409
1 2 2737 13176 13178
1 2 13176 2882 13177
1 2 13178 13177 2361
1 2 13176 13177 13178
1 2 214 15483 15201
1 2 15483 2517 13245
1 2 15201 13245 2519
1 2 15483 13245 15201
1 2 2517 10629 10631
1 2 10629 580 10630
1 2 10631 10630 2518
1 2 10629 10630 10631
1 2 2519 13244 13014
1 2 13244 2518 12685
1 2 13014 12685 1062
1 2 13244 12685 13014
1 2 2517 10631 13245
1 2 10631 2518 13244
1 2 13245 13244 2519
1 2 10631 13244 13245
1 2 580 15081 12995
1 2 15081 3821 5473
1 2 12995 5473 3872
1 2 15081 5473 12995
1 2 3821 15550 5471
1 2 15550 231 15551
1 2 5471 15551 2652
1 2 15550 15551 5471
1 2 3872 5472 6472
1 2 5472 2652 6471
1 2 6472 6471 895
1 2 5472 6471 6472
1 2 3821 5471 5473
1 2 5471 2652 5472
1 2 5473 5472 3872
1 2 5471 5472 5473
1 2 1062 9440 9442
1 2 9440 1865 9441
1 2 9442 9441 1867
1 2 9440 9441 9442
1 2 1865 11822 14242
1 2 11822 895 13366
1 2 14242 13366 1866
1 2 11822 13366 14242
1 2 1867 12542 12543
1 2 12542 1866 11883
1 2 12543 11883 230
1 2 12542 11883 12543
1 2 1865 14242 9441
1 2 14242 1866 12542
1 2 9441 12542 1867
1 2 14242 12542 9441
1 2 580 12995 10630
1 2 12995 3872 12383
1 2 10630 12383 2518
1 2 12995 12383 10630
1 2 3872 6472 11823
1 2 6472 895 11822
1 2 11823 11822 1865
1 2 6472 11822 11823
1 2 2518 12382 12685
1 2 12382 1865 9440
1 2 12685 9440 1062
1 2 12382 9440 12685
1 2 3872 11823 12383
1 2 11823 1865 12382
1 2 12383 12382 2518
1 2 11823 12382 12383
1 2 214 10559 15483
1 2 10559 2929 12975
1 2 15483 12975 2517
1 2 10559 12975 15483
1 2 2929 11020 12973
1 2 11020 430 12972
1 2 12973 12972 3542
1 2 11020 12972 12973
1 2 2517 12974 10629
1 2 12974 3542 14165
1 2 10629 14165 580
1 2 12974 14165 10629
1 2 2929 12973 12975
1 2 12973 3542 12974
1 2 12975 12974 2517
1 2 12973 12974 12975
1 2 430 10430 12970
1 2 10430 2670 9395
1 2 12970 9395 2671
1 2 10430 9395 12970
1 2 2670 10477 9394
1 2 10477 215 10478
1 2 9394 10478 2131
1 2 10477 10478 9394
1 2 2671 5474 5475
1 2 5474 2131 4416
1 2 5475 4416 409
1 2 5474 4416 5475
1 2 2670 9394 9395
1 2 9394 2131 5474
1 2 9395 5474 2671
1 2 9394 5474 9395
1 2 580 14164 15081
1 2 14164 3541 14572
1 2 15081 14572 3821
1 2 14164 14572 15081
1 2 3541 14100 14101
1 2 14100 409 5242
1 2 14101 5242 3820
1 2 14100 5242 14101
1 2 3821 14571 15550
1 2 14571 3820 5001
1 2 15550 5001 231
1 2 14571 5001 15550
1 2 3541 14101 14572
1 2 14101 3820 14571
1 2 14572 14571 3821
1 2 14101 14571 14572
1 2 430 12970 12972
1 2 12970 2671 12971
1 2 12972 12971 3542
1 2 12970 12971 12972
1 2 2671 5475 15535
1 2 5475 409 14100
1 2 15535 14100 3541
1 2 5475 14100 15535
1 2 3542 14163 14165
1 2 14163 3541 14164
1 2 14165 14164 580
1 2 14163 14164 14165
1 2 2671 15535 12971
1 2 15535 3541 14163
1 2 12971 14163 3542
1 2 15535 14163 12971
1 2 215 9535 10478
1 2 9535 2129 6264
1 2 10478 6264 2131
1 2 9535 6264 10478
1 2 2129 6785 6263
1 2 6785 407 6786
1 2 6263 6786 2130
1 2 6785 6786 6263
1 2 2131 4414 4416
1 2 4414 2130 4415
1 2 4416 4415 409
1 2 4414 4415 4416
1 2 2129 6263 6264
1 2 6263 2130 4414
1 2 6264 4414 2131
1 2 6263 4414 6264
1 2 407 5587 5589
1 2 5587 1170 5588
1 2 5589 5588 1172
1 2 5587 5588 5589
1 2 1170 7840 7842
1 2 7840 232 7841
1 2 7842 7841 1171
1 2 7840 7841 7842
1 2 1172 10637 14360
1 2 10637 1171 11876
1 2 14360 11876 408
1 2 10637 11876 14360
1 2 1170 7842 5588
1 2 7842 1171 10637
1 2 5588 10637 1172
1 2 7842 10637 5588
1 2 409 5240 5242
1 2 5240 3543 5241
1 2 5242 5241 3820
1 2 5240 5241 5242
1 2 3543 15929 16347
1 2 15929 408 15725
1 2 16347 15725 2510
1 2 15929 15725 16347
1 2 3820 4999 5001
1 2 4999 2510 5000
1 2 5001 5000 231
1 2 4999 5000 5001
1 2 3543 16347 5241
1 2 16347 2510 4999
1 2 5241 4999 3820
1 2 16347 4999 5241
1 2 407 5589 6786
1 2 5589 1172 16407
1 2 6786 16407 2130
1 2 5589 16407 6786
1 2 1172 14360 15930
1 2 14360 408 15929
1 2 15930 15929 3543
1 2 14360 15929 15930
1 2 2130 9359 4415
1 2 9359 3543 5240
1 2 4415 5240 409
1 2 9359 5240 4415
1 2 1172 15930 16407
1 2 15930 3543 9359
1 2 16407 9359 2130
1 2 15930 9359 16407
1 2 215 9533 9535
1 2 9533 4020 9534
1 2 9535 9534 2129
1 2 9533 9534 9535
1 2 4020 6878 6880
1 2 6878 1059 6879
1 2 6880 6879 3280
1 2 6878 6879 6880
1 2 2129 10183 6785
1 2 10183 3280 13082
1 2 6785 13082 407
1 2 10183 13082 6785
1 2 4020 6880 9534
1 2 6880 3280 10183
1 2 9534 10183 2129
1 2 6880 10183 9534
1 2 1059 6289 8534
1 2 6289 2909 10911
1 2 8534 10911 3235
1 2 6289 10911 8534
1 2 2909 6147 7064
1 2 6147 216 7063
1 2 7064 7063 3234
1 2 6147 7063 7064
1 2 3235 8965 8967
1 2 8965 3234 8966
1 2 8967 8966 901
1 2 8965 8966 8967
1 2 2909 7064 10911
1 2 7064 3234 8965
1 2 10911 8965 3235
1 2 7064 8965 10911
1 2 407 6208 5587
1 2 6208 3279 6209
1 2 5587 6209 1170
1 2 6208 6209 5587
1 2 3279 13521 13522
1 2 13521 901 13313
1 2 13522 13313 3317
1 2 13521 13313 13522
1 2 1170 15582 7840
1 2 15582 3317 16125
1 2 7840 16125 232
1 2 15582 16125 7840
1 2 3279 13522 6209
1 2 13522 3317 15582
1 2 6209 15582 1170
1 2 13522 15582 6209
1 2 1059 8534 6879
1 2 8534 3235 8535
1 2 6879 8535 3280
1 2 8534 8535 6879
1 2 3235 8967 14251
1 2 8967 901 13521
1 2 14251 13521 3279
1 2 8967 13521 14251
1 2 3280 14252 13082
1 2 14252 3279 6208
1 2 13082 6208 407
1 2 14252 6208 13082
1 2 3235 14251 8535
1 2 14251 3279 14252
1 2 8535 14252 3280
1 2 14251 14252 8535
1 2 216 6497 7063
1 2 6497 3217 8362
1 2 7063 8362 3234
1 2 6497 8362 7063
1 2 3217 15830 8360
1 2 15830 900 4951
1 2 8360 4951 3464
1 2 15830 4951 8360
1 2 3234 8361 8966
1 2 8361 3464 10957
1 2 8966 10957 901
1 2 8361 10957 8966
1 2 3217 8360 8362
1 2 8360 3464 8361
1 2 8362 8361 3234
1 2 8360 8361 8362
1 2 900 12916 4949
1 2 12916 4036 10936
1 2 4949 10936 3462
1 2 12916 10936 4949
1 2 4036 5985 5987
1 2 5985 233 5986
1 2 5987 5986 2899
1 2 5985 5986 5987
1 2 3462 10935 7603
1 2 10935 2899 7726
1 2 7603 7726 369
1 2 10935 7726 7603
1 2 4036 5987 10936
1 2 5987 2899 10935
1 2 10936 10935 3462
1 2 5987 10935 10936
1 2 901 13311 13313
1 2 13311 3463 13312
1 2 13313 13312 3317
1 2 13311 13312 13313
1 2 3463 7604 12950
1 2 7604 369 12949
1 2 12950 12949 2675
1 2 7604 12949 12950
1 2 3317 16124 16125
1 2 16124 2675 12401
1 2 16125 12401 232
1 2 16124 12401 16125
1 2 3463 12950 13312
1 2 12950 2675 16124
1 2 13312 16124 3317
1 2 12950 16124 13312
1 2 900 4949 4951
1 2 4949 3462 4950
1 2 4951 4950 3464
1 2 4949 4950 4951
1 2 3462 7603 7605
1 2 7603 369 7604
1 2 7605 7604 3463
1 2 7603 7604 7605
1 2 3464 16470 10957
1 2 16470 3463 13311
1 2 10957 13311 901
1 2 16470 13311 10957
1 2 3462 7605 4950
1 2 7605 3463 16470
1 2 4950 16470 3464
1 2 7605 16470 4950
1 2 216 6495 6497
1 2 6495 1618 6496
1 2 6497 6496 3217
1 2 6495 6496 6497
1 2 1618 4525 4527
1 2 4525 438 4526
1 2 4527 4526 3216
1 2 4525 4526 4527
1 2 3217 15829 15830
1 2 15829 3216 10143
1 2 15830 10143 900
1 2 15829 10143 15830
1 2 1618 4527 6496
1 2 4527 3216 15829
1 2 6496 15829 3217
1 2 4527 15829 6496
1 2 438 13049 13051
1 2 13049 1423 13050
1 2 13051 13050 1425
1 2 13049 13050 13051
1 2 1423 15526 15527
1 2 15526 217 14505
1 2 15527 14505 1424
1 2 15526 14505 15527
1 2 1425 14326 14327
1 2 14326 1424 13048
1 2 14327 13048 919
1 2 14326 13048 14327
1 2 1423 15527 13050
1 2 15527 1424 14326
1 2 13050 14326 1425
1 2 15527 14326 13050
1 2 900 10142 12916
1 2 10142 4000 9180
1 2 12916 9180 4036
1 2 10142 9180 12916
1 2 4000 16116 9178
1 2 16116 919 16117
1 2 9178 16117 4035
1 2 16116 16117 9178
1 2 4036 9179 5985
1 2 9179 4035 16523
1 2 5985 16523 233
1 2 9179 16523 5985
1 2 4000 9178 9180
1 2 9178 4035 9179
1 2 9180 9179 4036
1 2 9178 9179 9180
1 2 438 13051 4526
1 2 13051 1425 16433
1 2 4526 16433 3216
1 2 13051 16433 4526
1 2 1425 14327 16533
1 2 14327 919 16116
1 2 16533 16116 4000
1 2 14327 16116 16533
1 2 3216 10141 10143
1 2 10141 4000 10142
1 2 10143 10142 900
1 2 10141 10142 10143
1 2 1425 16533 16433
1 2 16533 4000 10141
1 2 16433 10141 3216
1 2 16533 10141 16433
1 2 217 14503 14505
1 2 14503 2752 14504
1 2 14505 14504 1424
1 2 14503 14504 14505
1 2 2752 9668 13518
1 2 9668 918 6872
1 2 13518 6872 2753
1 2 9668 6872 13518
1 2 1424 13046 13048
1 2 13046 2753 13047
1 2 13048 13047 919
1 2 13046 13047 13048
1 2 2752 13518 14504
1 2 13518 2753 13046
1 2 14504 13046 1424
1 2 13518 13046 14504
1 2 918 10775 6870
1 2 10775 2303 12457
1 2 6870 12457 2305
1 2 10775 12457 6870
1 2 2303 6401 6403
1 2 6401 234 6402
1 2 6403 6402 2304
1 2 6401 6402 6403
1 2 2305 9984 8900
1 2 9984 2304 9985
1 2 8900 9985 698
1 2 9984 9985 8900
1 2 2303 6403 12457
1 2 6403 2304 9984
1 2 12457 9984 2305
1 2 6403 9984 12457
1 2 919 13423 16117
1 2 13423 3559 10278
1 2 16117 10278 4035
1 2 13423 10278 16117
1 2 3559 7092 7093
1 2 7092 698 6918
1 2 7093 6918 4205
1 2 7092 6918 7093
1 2 4035 10277 16523
1 2 10277 4205 13606
1 2 16523 13606 233
1 2 10277 13606 16523
1 2 3559 7093 10278
1 2 7093 4205 10277
1 2 10278 10277 4035
1 2 7093 10277 10278
1 2 918 6870 6872
1 2 6870 2305 6871
1 2 6872 6871 2753
1 2 6870 6871 6872
1 2 2305 8900 8901
1 2 8900 698 7092
1 2 8901 7092 3559
1 2 8900 7092 8901
1 2 2753 13422 13047
1 2 13422 3559 13423
1 2 13047 13423 919
1 2 13422 13423 13047
1 2 2305 8901 6871
1 2 8901 3559 13422
1 2 6871 13422 2753
1 2 8901 13422 6871
1 2 217 15461 14503
1 2 15461 2754 13865
1 2 14503 13865 2752
1 2 15461 13865 14503
1 2 2754 10639 10640
1 2 10639 563 7628
1 2 10640 7628 1130
1 2 10639 7628 10640
1 2 2752 9666 9668
1 2 9666 1130 9667
1 2 9668 9667 918
1 2 9666 9667 9668
1 2 2754 10640 13865
1 2 10640 1130 9666
1 2 13865 9666 2752
1 2 10640 9666 13865
1 2 563 7337 7339
1 2 7337 3660 7338
1 2 7339 7338 1128
1 2 7337 7338 7339
1 2 3660 7660 7661
1 2 7660 218 5789
1 2 7661 5789 3517
1 2 7660 5789 7661
1 2 1128 14824 14825
1 2 14824 3517 5943
1 2 14825 5943 833
1 2 14824 5943 14825
1 2 3660 7661 7338
1 2 7661 3517 14824
1 2 7338 14824 1128
1 2 7661 14824 7338
1 2 918 10774 10775
1 2 10774 1129 4586
1 2 10775 4586 2303
1 2 10774 4586 10775
1 2 1129 15259 4584
1 2 15259 833 11243
1 2 4584 11243 4059
1 2 15259 11243 4584
1 2 2303 4585 6401
1 2 4585 4059 8889
1 2 6401 8889 234
1 2 4585 8889 6401
1 2 1129 4584 4586
1 2 4584 4059 4585
1 2 4586 4585 2303
1 2 4584 4585 4586
1 2 563 7339 7628
1 2 7339 1128 7627
1 2 7628 7627 1130
1 2 7339 7627 7628
1 2 1128 14825 11063
1 2 14825 833 15259
1 2 11063 15259 1129
1 2 14825 15259 11063
1 2 1130 11064 9667
1 2 11064 1129 10774
1 2 9667 10774 918
1 2 11064 10774 9667
1 2 1128 11063 7627
1 2 11063 1129 11064
1 2 7627 11064 1130
1 2 11063 11064 7627
1 2 218 5066 5789
1 2 5066 3516 5788
1 2 5789 5788 3517
1 2 5066 5788 5789
1 2 3516 14340 14342
1 2 14340 832 14341
1 2 14342 14341 1259
1 2 14340 14341 14342
1 2 3517 5941 5943
1 2 5941 1259 5942
1 2 5943 5942 833
1 2 5941 5942 5943
1 2 3516 14342 5788
1 2 14342 1259 5941
1 2 5788 5941 3517
1 2 14342 5941 5788
1 2 832 11436 11437
1 2 11436 1845 11295
1 2 11437 11295 1257
1 2 11436 11295 11437
1 2 1845 12953 11293
1 2 12953 235 16172
1 2 11293 16172 4154
1 2 12953 16172 11293
1 2 1257 11294 14095
1 2 11294 4154 14094
1 2 14095 14094 759
1 2 11294 14094 14095
1 2 1845 11293 11295
1 2 11293 4154 11294
1 2 11295 11294 1257
1 2 11293 11294 11295
1 2 833 10932 11243
1 2 10932 1258 8825
1 2 11243 8825 4059
1 2 10932 8825 11243
1 2 1258 10023 8823
1 2 10023 759 10024
1 2 8823 10024 4198
1 2 10023 10024 8823
1 2 4059 8824 8889
1 2 8824 4198 7462
1 2 8889 7462 234
1 2 8824 7462 8889
1 2 1258 8823 8825
1 2 8823 4198 8824
1 2 8825 8824 4059
1 2 8823 8824 8825
1 2 832 11437 14341
1 2 11437 1257 14466
1 2 14341 14466 1259
1 2 11437 14466 14341
1 2 1257 14095 14465
1 2 14095 759 10023
1 2 14465 10023 1258
1 2 14095 10023 14465
1 2 1259 10931 5942
1 2 10931 1258 10932
1 2 5942 10932 833
1 2 10931 10932 5942
1 2 1257 14465 14466
1 2 14465 1258 10931
1 2 14466 10931 1259
1 2 14465 10931 14466
1 2 218 5064 5066
1 2 5064 1670 5065
1 2 5066 5065 3516
1 2 5064 5065 5066
1 2 1670 12244 6111
1 2 12244 975 12245
1 2 6111 12245 4009
1 2 12244 12245 6111
1 2 3516 6112 14340
1 2 6112 4009 11322
1 2 14340 11322 832
1 2 6112 11322 14340
1 2 1670 6111 5065
1 2 6111 4009 6112
1 2 5065 6112 3516
1 2 6111 6112 5065
1 2 975 14247 13103
1 2 14247 3208 14248
1 2 13103 14248 3210
1 2 14247 14248 13103
1 2 3208 5084 5086
1 2 5084 219 5085
1 2 5086 5085 3209
1 2 5084 5085 5086
1 2 3210 6686 6688
1 2 6686 3209 6687
1 2 6688 6687 1058
1 2 6686 6687 6688
1 2 3208 5086 14248
1 2 5086 3209 6686
1 2 14248 6686 3210
1 2 5086 6686 14248
1 2 832 11321 11436
1 2 11321 1843 8031
1 2 11436 8031 1845
1 2 11321 8031 11436
1 2 1843 6967 6968
1 2 6967 1058 6171
1 2 6968 6171 1844
1 2 6967 6171 6968
1 2 1845 8030 12953
1 2 8030 1844 12952
1 2 12953 12952 235
1 2 8030 12952 12953
1 2 1843 6968 8031
1 2 6968 1844 8030
1 2 8031 8030 1845
1 2 6968 8030 8031
1 2 975 13103 12245
1 2 13103 3210 13104
1 2 12245 13104 4009
1 2 13103 13104 12245
1 2 3210 6688 14488
1 2 6688 1058 6967
1 2 14488 6967 1843
1 2 6688 6967 14488
1 2 4009 11320 11322
1 2 11320 1843 11321
1 2 11322 11321 832
1 2 11320 11321 11322
1 2 3210 14488 13104
1 2 14488 1843 11320
1 2 13104 11320 4009
1 2 14488 11320 13104
1 2 219 6897 5085
1 2 6897 3017 6898
1 2 5085 6898 3209
1 2 6897 6898 5085
1 2 3017 7340 7342
1 2 7340 1057 7341
1 2 7342 7341 1848
1 2 7340 7341 7342
1 2 3209 7778 6687
1 2 7778 1848 13439
1 2 6687 13439 1058
1 2 7778 13439 6687
1 2 3017 7342 6898
1 2 7342 1848 7778
1 2 6898 7778 3209
1 2 7342 7778 6898
1 2 1057 11945 15682
1 2 11945 2706 15610
1 2 15682 15610 1846
1 2 11945 15610 15682
1 2 2706 9580 9582
1 2 9580 236 9581
1 2 9582 9581 2022
1 2 9580 9581 9582
1 2 1846 15609 7731
1 2 15609 2022 11770
1 2 7731 11770 821
1 2 15609 11770 7731
1 2 2706 9582 15610
1 2 9582 2022 15609
1 2 15610 15609 1846
1 2 9582 15609 15610
1 2 1058 6169 6171
1 2 6169 1847 6170
1 2 6171 6170 1844
1 2 6169 6170 6171
1 2 1847 7732 8423
1 2 7732 821 8422
1 2 8423 8422 2187
1 2 7732 8422 8423
1 2 1844 14989 12952
1 2 14989 2187 11748
1 2 12952 11748 235
1 2 14989 11748 12952
1 2 1847 8423 6170
1 2 8423 2187 14989
1 2 6170 14989 1844
1 2 8423 14989 6170
1 2 1057 15682 7341
1 2 15682 1846 14056
1 2 7341 14056 1848
1 2 15682 14056 7341
1 2 1846 7731 7733
1 2 7731 821 7732
1 2 7733 7732 1847
1 2 7731 7732 7733
1 2 1848 14055 13439
1 2 14055 1847 6169
1 2 13439 6169 1058
1 2 14055 6169 13439
1 2 1846 7733 14056
1 2 7733 1847 14055
1 2 14056 14055 1848
1 2 7733 14055 14056
1 2 219 11613 6897
1 2 11613 2938 13105
1 2 6897 13105 3017
1 2 11613 13105 6897
1 2 2938 11740 11742
1 2 11740 1067 11741
1 2 11742 11741 3016
1 2 11740 11741 11742
1 2 3017 11907 7340
1 2 11907 3016 11908
1 2 7340 11908 1057
1 2 11907 11908 7340
1 2 2938 11742 13105
1 2 11742 3016 11907
1 2 13105 11907 3017
1 2 11742 11907 13105
1 2 1067 10354 15671
1 2 10354 4031 11582
1 2 15671 11582 4134
1 2 10354 11582 15671
1 2 4031 13853 11580
1 2 13853 220 8118
1 2 11580 8118 1133
1 2 13853 8118 11580
1 2 4134 11581 9115
1 2 11581 1133 5159
1 2 9115 5159 1039
1 2 11581 5159 9115
1 2 4031 11580 11582
1 2 11580 1133 11581
1 2 11582 11581 4134
1 2 11580 11581 11582
1 2 1057 11943 11945
1 2 11943 2704 11944
1 2 11945 11944 2706
1 2 11943 11944 11945
1 2 2704 9116 13125
1 2 9116 1039 13124
1 2 13125 13124 2705
1 2 9116 13124 13125
1 2 2706 11383 9580
1 2 11383 2705 11384
1 2 9580 11384 236
1 2 11383 11384 9580
1 2 2704 13125 11944
1 2 13125 2705 11383
1 2 11944 11383 2706
1 2 13125 11383 11944
1 2 1067 15671 11741
1 2 15671 4134 7017
1 2 11741 7017 3016
1 2 15671 7017 11741
1 2 4134 9115 7015
1 2 9115 1039 9116
1 2 7015 9116 2704
1 2 9115 9116 7015
1 2 3016 7016 11908
1 2 7016 2704 11943
1 2 11908 11943 1057
1 2 7016 11943 11908
1 2 4134 7015 7017
1 2 7015 2704 7016
1 2 7017 7016 3016
1 2 7015 7016 7017
1 2 220 8116 8118
1 2 8116 1131 8117
1 2 8118 8117 1133
1 2 8116 8117 8118
1 2 1131 6008 13241
1 2 6008 1037 15105
1 2 13241 15105 1132
1 2 6008 15105 13241
1 2 1133 5157 5159
1 2 5157 1132 5158
1 2 5159 5158 1039
1 2 5157 5158 5159
1 2 1131 13241 8117
1 2 13241 1132 5157
1 2 8117 5157 1133
1 2 13241 5157 8117
1 2 1037 13527 13528
1 2 13527 2749 4378
1 2 13528 4378 2498
1 2 13527 4378 13528
1 2 2749 13862 4376
1 2 13862 237 15144
1 2 4376 15144 2155
1 2 13862 15144 4376
1 2 2498 4377 11473
1 2 4377 2155 6203
1 2 11473 6203 1038
1 2 4377 6203 11473
1 2 2749 4376 4378
1 2 4376 2155 4377
1 2 4378 4377 2498
1 2 4376 4377 4378
1 2 1039 15117 13124
1 2 15117 2499 9757
1 2 13124 9757 2705
1 2 15117 9757 13124
1 2 2499 14584 9755
1 2 14584 1038 13347
1 2 9755 13347 4128
1 2 14584 13347 9755
1 2 2705 9756 11384
1 2 9756 4128 14308
1 2 11384 14308 236
1 2 9756 14308 11384
1 2 2499 9755 9757
1 2 9755 4128 9756
1 2 9757 9756 2705
1 2 9755 9756 9757
1 2 1037 13528 15105
1 2 13528 2498 13101
1 2 15105 13101 1132
1 2 13528 13101 15105
1 2 2498 11473 13099
1 2 11473 1038 14584
1 2 13099 14584 2499
1 2 11473 14584 13099
1 2 1132 13100 5158
1 2 13100 2499 15117
1 2 5158 15117 1039
1 2 13100 15117 5158
1 2 2498 13099 13101
1 2 13099 2499 13100
1 2 13101 13100 1132
1 2 13099 13100 13101
1 2 220 10616 8116
1 2 10616 2796 12941
1 2 8116 12941 1131
1 2 10616 12941 8116
1 2 2796 15437 12940
1 2 15437 393 7610
1 2 12940 7610 2797
1 2 15437 7610 12940
1 2 1131 6006 6008
1 2 6006 2797 6007
1 2 6008 6007 1037
1 2 6006 6007 6008
1 2 2796 12940 12941
1 2 12940 2797 6006
1 2 12941 6006 1131
1 2 12940 6006 12941
1 2 393 6912 6914
1 2 6912 2779 6913
1 2 6914 6913 2931
1 2 6912 6913 6914
1 2 2779 15376 14806
1 2 15376 221 14994
1 2 14806 14994 1118
1 2 15376 14994 14806
1 2 2931 12773 12775
1 2 12773 1118 12774
1 2 12775 12774 532
1 2 12773 12774 12775
1 2 2779 14806 6913
1 2 14806 1118 12773
1 2 6913 12773 2931
1 2 14806 12773 6913
1 2 1037 14529 13527
1 2 14529 2747 15466
1 2 13527 15466 2749
1 2 14529 15466 13527
1 2 2747 15216 15217
1 2 15216 532 12098
1 2 15217 12098 2748
1 2 15216 12098 15217
1 2 2749 13860 13862
1 2 13860 2748 13861
1 2 13862 13861 237
1 2 13860 13861 13862
1 2 2747 15217 15466
1 2 15217 2748 13860
1 2 15466 13860 2749
1 2 15217 13860 15466
1 2 393 6914 7610
1 2 6914 2931 7609
1 2 7610 7609 2797
1 2 6914 7609 7610
1 2 2931 12775 16026
1 2 12775 532 15216
1 2 16026 15216 2747
1 2 12775 15216 16026
1 2 2797 14528 6007
1 2 14528 2747 14529
1 2 6007 14529 1037
1 2 14528 14529 6007
1 2 2931 16026 7609
1 2 16026 2747 14528
1 2 7609 14528 2797
1 2 16026 14528 7609
1 2 221 14993 14994
1 2 14993 1116 7367
1 2 14994 7367 1118
1 2 14993 7367 14994
1 2 1116 10697 7365
1 2 10697 530 10698
1 2 7365 10698 1117
1 2 10697 10698 7365
1 2 1118 7366 12774
1 2 7366 1117 12962
1 2 12774 12962 532
1 2 7366 12962 12774
1 2 1116 7365 7367
1 2 7365 1117 7366
1 2 7367 7366 1118
1 2 7365 7366 7367
1 2 530 6724 6726
1 2 6724 3360 6725
1 2 6726 6725 2707
1 2 6724 6725 6726
1 2 3360 15668 14249
1 2 15668 238 11881
1 2 14249 11881 3361
1 2 15668 11881 14249
1 2 2707 13842 4822
1 2 13842 3361 13843
1 2 4822 13843 531
1 2 13842 13843 4822
1 2 3360 14249 6725
1 2 14249 3361 13842
1 2 6725 13842 2707
1 2 14249 13842 6725
1 2 532 12096 12098
1 2 12096 2708 12097
1 2 12098 12097 2748
1 2 12096 12097 12098
1 2 2708 4367 4369
1 2 4367 531 4368
1 2 4369 4368 4117
1 2 4367 4368 4369
1 2 2748 15949 13861
1 2 15949 4117 15467
1 2 13861 15467 237
1 2 15949 15467 13861
1 2 2708 4369 12097
1 2 4369 4117 15949
1 2 12097 15949 2748
1 2 4369 15949 12097
1 2 530 6726 10698
1 2 6726 2707 14241
1 2 10698 14241 1117
1 2 6726 14241 10698
1 2 2707 4822 4823
1 2 4822 531 4367
1 2 4823 4367 2708
1 2 4822 4367 4823
1 2 1117 14240 12962
1 2 14240 2708 12096
1 2 12962 12096 532
1 2 14240 12096 12962
1 2 2707 4823 14241
1 2 4823 2708 14240
1 2 14241 14240 1117
1 2 4823 14240 14241
1 2 222 15995 16339
1 2 15995 3025 14514
1 2 16339 14514 3027
1 2 15995 14514 16339
1 2 3025 13646 13648
1 2 13646 452 13647
1 2 13648 13647 3026
1 2 13646 13647 13648
1 2 3027 14513 16637
1 2 14513 3026 13791
1 2 16637 13791 1072
1 2 14513 13791 16637
1 2 3025 13648 14514
1 2 13648 3026 14513
1 2 14514 14513 3027
1 2 13648 14513 14514
1 2 452 7144 13824
1 2 7144 3620 4544
1 2 13824 4544 3332
1 2 7144 4544 13824
1 2 3620 4244 4246
1 2 4244 223 4245
1 2 4246 4245 3621
1 2 4244 4245 4246
1 2 3332 4543 8209
1 2 4543 3621 11870
1 2 8209 11870 775
1 2 4543 11870 8209
1 2 3620 4246 4544
1 2 4246 3621 4543
1 2 4544 4543 3332
1 2 4246 4543 4544
1 2 1072 6404 6406
1 2 6404 1316 6405
1 2 6406 6405 1318
1 2 6404 6405 6406
1 2 1316 8210 10546
1 2 8210 775 10545
1 2 10546 10545 1317
1 2 8210 10545 10546
1 2 1318 7718 7720
1 2 7718 1317 7719
1 2 7720 7719 239
1 2 7718 7719 7720
1 2 1316 10546 6405
1 2 10546 1317 7718
1 2 6405 7718 1318
1 2 10546 7718 6405
1 2 452 13824 13647
1 2 13824 3332 14219
1 2 13647 14219 3026
1 2 13824 14219 13647
1 2 3332 8209 8211
1 2 8209 775 8210
1 2 8211 8210 1316
1 2 8209 8210 8211
1 2 3026 13790 13791
1 2 13790 1316 6404
1 2 13791 6404 1072
1 2 13790 6404 13791
1 2 3332 8211 14219
1 2 8211 1316 13790
1 2 14219 13790 3026
1 2 8211 13790 14219
1 2 223 5476 4245
1 2 5476 3055 5477
1 2 4245 5477 3621
1 2 5476 5477 4245
1 2 3055 9996 13478
1 2 9996 537 13674
1 2 13478 13674 3790
1 2 9996 13674 13478
1 2 3621 11868 11870
1 2 11868 3790 11869
1 2 11870 11869 775
1 2 11868 11869 11870
1 2 3055 13478 5477
1 2 13478 3790 11868
1 2 5477 11868 3621
1 2 13478 11868 5477
1 2 537 8584 8585
1 2 8584 4206 6188
1 2 8585 6188 3955
1 2 8584 6188 8585
1 2 4206 14456 6186
1 2 14456 240 5947
1 2 6186 5947 2263
1 2 14456 5947 6186
1 2 3955 6187 15027
1 2 6187 2263 10706
1 2 15027 10706 774
1 2 6187 10706 15027
1 2 4206 6186 6188
1 2 6186 2263 6187
1 2 6188 6187 3955
1 2 6186 6187 6188
1 2 775 12034 10545
1 2 12034 3956 12035
1 2 10545 12035 1317
1 2 12034 12035 10545
1 2 3956 5360 5362
1 2 5360 774 5361
1 2 5362 5361 4028
1 2 5360 5361 5362
1 2 1317 7779 7719
1 2 7779 4028 7780
1 2 7719 7780 239
1 2 7779 7780 7719
1 2 3956 5362 12035
1 2 5362 4028 7779
1 2 12035 7779 1317
1 2 5362 7779 12035
1 2 537 8585 13674
1 2 8585 3955 13673
1 2 13674 13673 3790
1 2 8585 13673 13674
1 2 3955 15027 15028
1 2 15027 774 5360
1 2 15028 5360 3956
1 2 15027 5360 15028
1 2 3790 15963 11869
1 2 15963 3956 12034
1 2 11869 12034 775
1 2 15963 12034 11869
1 2 3955 15028 13673
1 2 15028 3956 15963
1 2 13673 15963 3790
1 2 15028 15963 13673
1 2 223 11892 5476
1 2 11892 1632 15503
1 2 5476 15503 3055
1 2 11892 15503 5476
1 2 1632 4964 15669
1 2 4964 535 15752
1 2 15669 15752 2814
1 2 4964 15752 15669
1 2 3055 9994 9996
1 2 9994 2814 9995
1 2 9996 9995 537
1 2 9994 9995 9996
1 2 1632 15669 15503
1 2 15669 2814 9994
1 2 15503 9994 3055
1 2 15669 9994 15503
1 2 535 9160 9161
1 2 9160 3899 5353
1 2 9161 5353 2812
1 2 9160 5353 9161
1 2 3899 6779 5351
1 2 6779 224 6780
1 2 5351 6780 1139
1 2 6779 6780 5351
1 2 2812 5352 6569
1 2 5352 1139 6568
1 2 6569 6568 536
1 2 5352 6568 6569
1 2 3899 5351 5353
1 2 5351 1139 5352
1 2 5353 5352 2812
1 2 5351 5352 5353
1 2 537 11571 8584
1 2 11571 2813 8448
1 2 8584 8448 4206
1 2 11571 8448 8584
1 2 2813 14291 8446
1 2 14291 536 15032
1 2 8446 15032 2379
1 2 14291 15032 8446
1 2 4206 8447 14456
1 2 8447 2379 14455
1 2 14456 14455 240
1 2 8447 14455 14456
1 2 2813 8446 8448
1 2 8446 2379 8447
1 2 8448 8447 4206
1 2 8446 8447 8448
1 2 535 9161 15752
1 2 9161 2812 7310
1 2 15752 7310 2814
1 2 9161 7310 15752
1 2 2812 6569 7308
1 2 6569 536 14291
1 2 7308 14291 2813
1 2 6569 14291 7308
1 2 2814 7309 9995
1 2 7309 2813 11571
1 2 9995 11571 537
1 2 7309 11571 9995
1 2 2812 7308 7310
1 2 7308 2813 7309
1 2 7310 7309 2814
1 2 7308 7309 7310
1 2 224 11872 6780
1 2 11872 1137 4962
1 2 6780 4962 1139
1 2 11872 4962 6780
1 2 1137 4303 4960
1 2 4303 336 15398
1 2 4960 15398 1138
1 2 4303 15398 4960
1 2 1139 4961 6568
1 2 4961 1138 14672
1 2 6568 14672 536
1 2 4961 14672 6568
1 2 1137 4960 4962
1 2 4960 1138 4961
1 2 4962 4961 1139
1 2 4960 4961 4962
1 2 336 8132 8134
1 2 8132 1509 8133
1 2 8134 8133 1511
1 2 8132 8133 8134
1 2 1509 13692 13691
1 2 13692 241 6511
1 2 13691 6511 1510
1 2 13692 6511 13691
1 2 1511 6093 6095
1 2 6093 1510 6094
1 2 6095 6094 1013
1 2 6093 6094 6095
1 2 1509 13691 8133
1 2 13691 1510 6093
1 2 8133 6093 1511
1 2 13691 6093 8133
1 2 536 14744 15032
1 2 14744 2377 16384
1 2 15032 16384 2379
1 2 14744 16384 15032
1 2 2377 13693 14914
1 2 13693 1013 9699
1 2 14914 9699 2378
1 2 13693 9699 14914
1 2 2379 16306 14455
1 2 16306 2378 16064
1 2 14455 16064 240
1 2 16306 16064 14455
1 2 2377 14914 16384
1 2 14914 2378 16306
1 2 16384 16306 2379
1 2 14914 16306 16384
1 2 336 8134 15398
1 2 8134 1511 4886
1 2 15398 4886 1138
1 2 8134 4886 15398
1 2 1511 6095 4884
1 2 6095 1013 13693
1 2 4884 13693 2377
1 2 6095 13693 4884
1 2 1138 4885 14672
1 2 4885 2377 14744
1 2 14672 14744 536
1 2 4885 14744 14672
1 2 1511 4884 4886
1 2 4884 2377 4885
1 2 4886 4885 1138
1 2 4884 4885 4886
1 2 224 7961 11872
1 2 7961 3138 11871
1 2 11872 11871 1137
1 2 7961 11871 11872
1 2 3138 13495 13189
1 2 13495 335 5336
1 2 13189 5336 3139
1 2 13495 5336 13189
1 2 1137 4301 4303
1 2 4301 3139 4302
1 2 4303 4302 336
1 2 4301 4302 4303
1 2 3138 13189 11871
1 2 13189 3139 4301
1 2 11871 4301 1137
1 2 13189 4301 11871
1 2 335 14404 5334
1 2 14404 1887 11911
1 2 5334 11911 1889
1 2 14404 11911 5334
1 2 1887 5852 11909
1 2 5852 225 10140
1 2 11909 10140 1888
1 2 5852 10140 11909
1 2 1889 11910 10622
1 2 11910 1888 11980
1 2 10622 11980 325
1 2 11910 11980 10622
1 2 1887 11909 11911
1 2 11909 1888 11910
1 2 11911 11910 1889
1 2 11909 11910 11911
1 2 336 14619 8132
1 2 14619 1805 9145
1 2 8132 9145 1509
1 2 14619 9145 8132
1 2 1805 10623 9143
1 2 10623 325 14366
1 2 9143 14366 1806
1 2 10623 14366 9143
1 2 1509 9144 13692
1 2 9144 1806 14196
1 2 13692 14196 241
1 2 9144 14196 13692
1 2 1805 9143 9145
1 2 9143 1806 9144
1 2 9145 9144 1509
1 2 9143 9144 9145
1 2 335 5334 5336
1 2 5334 1889 5335
1 2 5336 5335 3139
1 2 5334 5335 5336
1 2 1889 10622 8893
1 2 10622 325 10623
1 2 8893 10623 1805
1 2 10622 10623 8893
1 2 3139 8894 4302
1 2 8894 1805 14619
1 2 4302 14619 336
1 2 8894 14619 4302
1 2 1889 8893 5335
1 2 8893 1805 8894
1 2 5335 8894 3139
1 2 8893 8894 5335
1 2 225 10138 10140
1 2 10138 1946 10139
1 2 10140 10139 1888
1 2 10138 10139 10140
1 2 1946 8799 8801
1 2 8799 323 8800
1 2 8801 8800 2349
1 2 8799 8800 8801
1 2 1888 10975 11980
1 2 10975 2349 7592
1 2 11980 7592 325
1 2 10975 7592 11980
1 2 1946 8801 10139
1 2 8801 2349 10975
1 2 10139 10975 1888
1 2 8801 10975 10139
1 2 323 9710 9712
1 2 9710 4162 9711
1 2 9712 9711 2347
1 2 9710 9711 9712
1 2 4162 13055 15782
1 2 13055 242 13186
1 2 15782 13186 1512
1 2 13055 13186 15782
1 2 2347 14621 9459
1 2 14621 1512 12729
1 2 9459 12729 324
1 2 14621 12729 9459
1 2 4162 15782 9711
1 2 15782 1512 14621
1 2 9711 14621 2347
1 2 15782 14621 9711
1 2 325 7591 14366
1 2 7591 2348 15828
1 2 14366 15828 1806
1 2 7591 15828 14366
1 2 2348 8845 8847
1 2 8845 324 8846
1 2 8847 8846 3996
1 2 8845 8846 8847
1 2 1806 15951 14196
1 2 15951 3996 11049
1 2 14196 11049 241
1 2 15951 11049 14196
1 2 2348 8847 15828
1 2 8847 3996 15951
1 2 15828 15951 1806
1 2 8847 15951 15828
1 2 323 9712 8800
1 2 9712 2347 11406
1 2 8800 11406 2349
1 2 9712 11406 8800
1 2 2347 9459 9460
1 2 9459 324 8845
1 2 9460 8845 2348
1 2 9459 8845 9460
1 2 2349 7590 7592
1 2 7590 2348 7591
1 2 7592 7591 325
1 2 7590 7591 7592
1 2 2347 9460 11406
1 2 9460 2348 7590
1 2 11406 7590 2349
1 2 9460 7590 11406
1 2 225 13770 10138
1 2 13770 1944 13771
1 2 10138 13771 1946
1 2 13770 13771 10138
1 2 1944 14839 14841
1 2 14839 865 14840
1 2 14841 14840 1945
1 2 14839 14840 14841
1 2 1946 15420 8799
1 2 15420 1945 15421
1 2 8799 15421 323
1 2 15420 15421 8799
1 2 1944 14841 13771
1 2 14841 1945 15420
1 2 13771 15420 1946
1 2 14841 15420 13771
1 2 865 14526 16148
1 2 14526 3583 13270
1 2 16148 13270 2862
1 2 14526 13270 16148
1 2 3583 15275 13268
1 2 15275 226 8365
1 2 13268 8365 1419
1 2 15275 8365 13268
1 2 2862 13269 12236
1 2 13269 1419 7377
1 2 12236 7377 677
1 2 13269 7377 12236
1 2 3583 13268 13270
1 2 13268 1419 13269
1 2 13270 13269 2862
1 2 13268 13269 13270
1 2 323 14969 9710
1 2 14969 2863 13087
1 2 9710 13087 4162
1 2 14969 13087 9710
1 2 2863 12237 13086
1 2 12237 677 12019
1 2 13086 12019 4044
1 2 12237 12019 13086
1 2 4162 13053 13055
1 2 13053 4044 13054
1 2 13055 13054 242
1 2 13053 13054 13055
1 2 2863 13086 13087
1 2 13086 4044 13053
1 2 13087 13053 4162
1 2 13086 13053 13087
1 2 865 16148 14840
1 2 16148 2862 14732
1 2 14840 14732 1945
1 2 16148 14732 14840
1 2 2862 12236 12238
1 2 12236 677 12237
1 2 12238 12237 2863
1 2 12236 12237 12238
1 2 1945 14731 15421
1 2 14731 2863 14969
1 2 15421 14969 323
1 2 14731 14969 15421
1 2 2862 12238 14732
1 2 12238 2863 14731
1 2 14732 14731 1945
1 2 12238 14731 14732
1 2 226 8363 8365
1 2 8363 1417 8364
1 2 8365 8364 1419
1 2 8363 8364 8365
1 2 1417 7647 9603
1 2 7647 675 9602
1 2 9603 9602 1418
1 2 7647 9602 9603
1 2 1419 7375 7377
1 2 7375 1418 7376
1 2 7377 7376 677
1 2 7375 7376 7377
1 2 1417 9603 8364
1 2 9603 1418 7375
1 2 8364 7375 1419
1 2 9603 7375 8364
1 2 675 12062 12071
1 2 12062 1185 8352
1 2 12071 8352 1187
1 2 12062 8352 12071
1 2 1185 4470 8350
1 2 4470 243 8625
1 2 8350 8625 1186
1 2 4470 8625 8350
1 2 1187 8351 14997
1 2 8351 1186 7477
1 2 14997 7477 676
1 2 8351 7477 14997
1 2 1185 8350 8352
1 2 8350 1186 8351
1 2 8352 8351 1187
1 2 8350 8351 8352
1 2 677 8490 12019
1 2 8490 4043 10316
1 2 12019 10316 4044
1 2 8490 10316 12019
1 2 4043 14909 10314
1 2 14909 676 13184
1 2 10314 13184 3058
1 2 14909 13184 10314
1 2 4044 10315 13054
1 2 10315 3058 6889
1 2 13054 6889 242
1 2 10315 6889 13054
1 2 4043 10314 10316
1 2 10314 3058 10315
1 2 10316 10315 4044
1 2 10314 10315 10316
1 2 675 12071 9602
1 2 12071 1187 5658
1 2 9602 5658 1418
1 2 12071 5658 9602
1 2 1187 14997 5656
1 2 14997 676 14909
1 2 5656 14909 4043
1 2 14997 14909 5656
1 2 1418 5657 7376
1 2 5657 4043 8490
1 2 7376 8490 677
1 2 5657 8490 7376
1 2 1187 5656 5658
1 2 5656 4043 5657
1 2 5658 5657 1418
1 2 5656 5657 5658
1 2 226 13633 8363
1 2 13633 1897 6874
1 2 8363 6874 1417
1 2 13633 6874 8363
1 2 1897 4298 4300
1 2 4298 767 4299
1 2 4300 4299 1898
1 2 4298 4299 4300
1 2 1417 6873 7647
1 2 6873 1898 7646
1 2 7647 7646 675
1 2 6873 7646 7647
1 2 1897 4300 6874
1 2 4300 1898 6873
1 2 6874 6873 1417
1 2 4300 6873 6874
1 2 767 10108 5876
1 2 10108 1271 10109
1 2 5876 10109 1273
1 2 10108 10109 5876
1 2 1271 15155 15156
1 2 15155 227 11596
1 2 15156 11596 1272
1 2 15155 11596 15156
1 2 1273 15817 16174
1 2 15817 1272 15242
1 2 16174 15242 768
1 2 15817 15242 16174
1 2 1271 15156 10109
1 2 15156 1272 15817
1 2 10109 15817 1273
1 2 15156 15817 10109
1 2 675 12061 12062
1 2 12061 2382 11380
1 2 12062 11380 1185
1 2 12061 11380 12062
1 2 2382 16566 11379
1 2 16566 768 16372
1 2 11379 16372 2383
1 2 16566 16372 11379
1 2 1185 4468 4470
1 2 4468 2383 4469
1 2 4470 4469 243
1 2 4468 4469 4470
1 2 2382 11379 11380
1 2 11379 2383 4468
1 2 11380 4468 1185
1 2 11379 4468 11380
1 2 767 5876 4299
1 2 5876 1273 5877
1 2 4299 5877 1898
1 2 5876 5877 4299
1 2 1273 16174 13224
1 2 16174 768 16566
1 2 13224 16566 2382
1 2 16174 16566 13224
1 2 1898 12960 7646
1 2 12960 2382 12061
1 2 7646 12061 675
1 2 12960 12061 7646
1 2 1273 13224 5877
1 2 13224 2382 12960
1 2 5877 12960 1898
1 2 13224 12960 5877
1 2 227 8189 11596
1 2 8189 3854 9358
1 2 11596 9358 1272
1 2 8189 9358 11596
1 2 3854 15634 9356
1 2 15634 1056 7987
1 2 9356 7987 4207
1 2 15634 7987 9356
1 2 1272 9357 15242
1 2 9357 4207 15241
1 2 15242 15241 768
1 2 9357 15241 15242
1 2 3854 9356 9358
1 2 9356 4207 9357
1 2 9358 9357 1272
1 2 9356 9357 9358
1 2 1056 14979 7985
1 2 14979 3286 16558
1 2 7985 16558 3288
1 2 14979 16558 7985
1 2 3286 15832 16162
1 2 15832 244 12292
1 2 16162 12292 3287
1 2 15832 12292 16162
1 2 3288 9187 9189
1 2 9187 3287 9188
1 2 9189 9188 834
1 2 9187 9188 9189
1 2 3286 16162 16558
1 2 16162 3287 9187
1 2 16558 9187 3288
1 2 16162 9187 16558
1 2 768 16371 16372
1 2 16371 4192 13023
1 2 16372 13023 2383
1 2 16371 13023 16372
1 2 4192 14026 13022
1 2 14026 834 15514
1 2 13022 15514 3947
1 2 14026 15514 13022
1 2 2383 6514 4469
1 2 6514 3947 6515
1 2 4469 6515 243
1 2 6514 6515 4469
1 2 4192 13022 13023
1 2 13022 3947 6514
1 2 13023 6514 2383
1 2 13022 6514 13023
1 2 1056 7985 7987
1 2 7985 3288 7986
1 2 7987 7986 4207
1 2 7985 7986 7987
1 2 3288 9189 14027
1 2 9189 834 14026
1 2 14027 14026 4192
1 2 9189 14026 14027
1 2 4207 15970 15241
1 2 15970 4192 16371
1 2 15241 16371 768
1 2 15970 16371 15241
1 2 3288 14027 7986
1 2 14027 4192 15970
1 2 7986 15970 4207
1 2 14027 15970 7986
1 2 227 8187 8189
1 2 8187 1596 8188
1 2 8189 8188 3854
1 2 8187 8188 8189
1 2 1596 9787 9788
1 2 9787 914 8908
1 2 9788 8908 3612
1 2 9787 8908 9788
1 2 3854 10173 15634
1 2 10173 3612 10013
1 2 15634 10013 1056
1 2 10173 10013 15634
1 2 1596 9788 8188
1 2 9788 3612 10173
1 2 8188 10173 3854
1 2 9788 10173 8188
1 2 914 12610 8906
1 2 12610 2815 10871
1 2 8906 10871 2816
1 2 12610 10871 8906
1 2 2815 14790 10870
1 2 14790 228 5604
1 2 10870 5604 2695
1 2 14790 5604 10870
1 2 2816 5682 5684
1 2 5682 2695 5683
1 2 5684 5683 800
1 2 5682 5683 5684
1 2 2815 10870 10871
1 2 10870 2695 5682
1 2 10871 5682 2816
1 2 10870 5682 10871
1 2 1056 10012 14979
1 2 10012 3428 9672
1 2 14979 9672 3286
1 2 10012 9672 14979
1 2 3428 14992 9670
1 2 14992 800 15311
1 2 9670 15311 2602
1 2 14992 15311 9670
1 2 3286 9671 15832
1 2 9671 2602 14442
1 2 15832 14442 244
1 2 9671 14442 15832
1 2 3428 9670 9672
1 2 9670 2602 9671
1 2 9672 9671 3286
1 2 9670 9671 9672
1 2 914 8906 8908
1 2 8906 2816 8907
1 2 8908 8907 3612
1 2 8906 8907 8908
1 2 2816 5684 10528
1 2 5684 800 14992
1 2 10528 14992 3428
1 2 5684 14992 10528
1 2 3612 10011 10013
1 2 10011 3428 10012
1 2 10013 10012 1056
1 2 10011 10012 10013
1 2 2816 10528 8907
1 2 10528 3428 10011
1 2 8907 10011 3612
1 2 10528 10011 8907
1 2 228 5602 5604
1 2 5602 2694 5603
1 2 5604 5603 2695
1 2 5602 5603 5604
1 2 2694 5409 6924
1 2 5409 310 14476
1 2 6924 14476 2064
1 2 5409 14476 6924
1 2 2695 6925 5683
1 2 6925 2064 8485
1 2 5683 8485 800
1 2 6925 8485 5683
1 2 2694 6924 5603
1 2 6924 2064 6925
1 2 5603 6925 2695
1 2 6924 6925 5603
1 2 310 10137 14474
1 2 10137 1661 6876
1 2 14474 6876 1663
1 2 10137 6876 14474
1 2 1661 6766 6768
1 2 6766 245 6767
1 2 6768 6767 1662
1 2 6766 6767 6768
1 2 1663 6875 10352
1 2 6875 1662 10351
1 2 10352 10351 587
1 2 6875 10351 10352
1 2 1661 6768 6876
1 2 6768 1662 6875
1 2 6876 6875 1663
1 2 6768 6875 6876
1 2 800 8484 15311
1 2 8484 2063 15310
1 2 15311 15310 2602
1 2 8484 15310 15311
1 2 2063 10289 10291
1 2 10289 587 10290
1 2 10291 10290 2456
1 2 10289 10290 10291
1 2 2602 14441 14442
1 2 14441 2456 8374
1 2 14442 8374 244
1 2 14441 8374 14442
1 2 2063 10291 15310
1 2 10291 2456 14441
1 2 15310 14441 2602
1 2 10291 14441 15310
1 2 310 14474 14476
1 2 14474 1663 14475
1 2 14476 14475 2064
1 2 14474 14475 14476
1 2 1663 10352 14808
1 2 10352 587 10289
1 2 14808 10289 2063
1 2 10352 10289 14808
1 2 2064 8483 8485
1 2 8483 2063 8484
1 2 8485 8484 800
1 2 8483 8484 8485
1 2 1663 14808 14475
1 2 14808 2063 8483
1 2 14475 8483 2064
1 2 14808 8483 14475
1 2 228 14176 5602
1 2 14176 2083 9075
1 2 5602 9075 2694
1 2 14176 9075 5602
1 2 2083 14901 9074
1 2 14901 308 13514
1 2 9074 13514 3759
1 2 14901 13514 9074
1 2 2694 5407 5409
1 2 5407 3759 5408
1 2 5409 5408 310
1 2 5407 5408 5409
1 2 2083 9074 9075
1 2 9074 3759 5407
1 2 9075 5407 2694
1 2 9074 5407 9075
1 2 308 15044 13513
1 2 15044 2260 14353
1 2 13513 14353 3473
1 2 15044 14353 13513
1 2 2260 16006 14352
1 2 16006 229 15042
1 2 14352 15042 2664
1 2 16006 15042 14352
1 2 3473 11479 11481
1 2 11479 2664 11480
1 2 11481 11480 309
1 2 11479 11480 11481
1 2 2260 14352 14353
1 2 14352 2664 11479
1 2 14353 11479 3473
1 2 14352 11479 14353
1 2 310 8818 10137
1 2 8818 2308 10136
1 2 10137 10136 1661
1 2 8818 10136 10137
1 2 2308 15087 14974
1 2 15087 309 15088
1 2 14974 15088 2309
1 2 15087 15088 14974
1 2 1661 14223 6766
1 2 14223 2309 10803
1 2 6766 10803 245
1 2 14223 10803 6766
1 2 2308 14974 10136
1 2 14974 2309 14223
1 2 10136 14223 1661
1 2 14974 14223 10136
1 2 308 13513 13514
1 2 13513 3473 10247
1 2 13514 10247 3759
1 2 13513 10247 13514
1 2 3473 11481 10246
1 2 11481 309 15087
1 2 10246 15087 2308
1 2 11481 15087 10246
1 2 3759 8817 5408
1 2 8817 2308 8818
1 2 5408 8818 310
1 2 8817 8818 5408
1 2 3473 10246 10247
1 2 10246 2308 8817
1 2 10247 8817 3759
1 2 10246 8817 10247
1 2 229 4387 15042
1 2 4387 2662 15041
1 2 15042 15041 2664
1 2 4387 15041 15042
1 2 2662 10010 15876
1 2 10010 334 9085
1 2 15876 9085 2663
1 2 10010 9085 15876
1 2 2664 14243 11480
1 2 14243 2663 12120
1 2 11480 12120 309
1 2 14243 12120 11480
1 2 2662 15876 15041
1 2 15876 2663 14243
1 2 15041 14243 2664
1 2 15876 14243 15041
1 2 334 9475 9083
1 2 9475 3160 9476
1 2 9083 9476 3161
1 2 9475 9476 9083
1 2 3160 10234 10236
1 2 10234 246 10235
1 2 10236 10235 2840
1 2 10234 10235 10236
1 2 3161 5034 5036
1 2 5034 2840 5035
1 2 5036 5035 337
1 2 5034 5035 5036
1 2 3160 10236 9476
1 2 10236 2840 5034
1 2 9476 5034 3161
1 2 10236 5034 9476
1 2 309 12119 15088
1 2 12119 3917 16474
1 2 15088 16474 2309
1 2 12119 16474 15088
1 2 3917 9989 9991
1 2 9989 337 9990
1 2 9991 9990 2485
1 2 9989 9990 9991
1 2 2309 10801 10803
1 2 10801 2485 10802
1 2 10803 10802 245
1 2 10801 10802 10803
1 2 3917 9991 16474
1 2 9991 2485 10801
1 2 16474 10801 2309
1 2 9991 10801 16474
1 2 334 9083 9085
1 2 9083 3161 9084
1 2 9085 9084 2663
1 2 9083 9084 9085
1 2 3161 5036 10995
1 2 5036 337 9989
1 2 10995 9989 3917
1 2 5036 9989 10995
1 2 2663 10996 12120
1 2 10996 3917 12119
1 2 12120 12119 309
1 2 10996 12119 12120
1 2 3161 10995 9084
1 2 10995 3917 10996
1 2 9084 10996 2663
1 2 10995 10996 9084
1 2 229 4385 4387
1 2 4385 2806 4386
1 2 4387 4386 2662
1 2 4385 4386 4387
1 2 2806 8939 12349
1 2 8939 332 12348
1 2 12349 12348 3265
1 2 8939 12348 12349
1 2 2662 10009 10010
1 2 10009 3265 6928
1 2 10010 6928 334
1 2 10009 6928 10010
1 2 2806 12349 4386
1 2 12349 3265 10009
1 2 4386 10009 2662
1 2 12349 10009 4386
1 2 332 7689 7691
1 2 7689 2823 7690
1 2 7691 7690 3263
1 2 7689 7690 7691
1 2 2823 9797 9536
1 2 9797 230 6437
1 2 9536 6437 2949
1 2 9797 6437 9536
1 2 3263 9537 13902
1 2 9537 2949 8858
1 2 13902 8858 333
1 2 9537 8858 13902
1 2 2823 9536 7690
1 2 9536 2949 9537
1 2 7690 9537 3263
1 2 9536 9537 7690
1 2 334 6927 9475
1 2 6927 3264 15647
1 2 9475 15647 3160
1 2 6927 15647 9475
1 2 3264 13356 13358
1 2 13356 333 13357
1 2 13358 13357 3930
1 2 13356 13357 13358
1 2 3160 14896 10234
1 2 14896 3930 14897
1 2 10234 14897 246
1 2 14896 14897 10234
1 2 3264 13358 15647
1 2 13358 3930 14896
1 2 15647 14896 3160
1 2 13358 14896 15647
1 2 332 7691 12348
1 2 7691 3263 16477
1 2 12348 16477 3265
1 2 7691 16477 12348
1 2 3263 13902 13903
1 2 13902 333 13356
1 2 13903 13356 3264
1 2 13902 13356 13903
1 2 3265 6926 6928
1 2 6926 3264 6927
1 2 6928 6927 334
1 2 6926 6927 6928
1 2 3263 13903 16477
1 2 13903 3264 6926
1 2 16477 6926 3265
1 2 13903 6926 16477
1 2 230 6435 6437
1 2 6435 2948 6436
1 2 6437 6436 2949
1 2 6435 6436 6437
1 2 2948 15932 15933
1 2 15932 897 7461
1 2 15933 7461 2159
1 2 15932 7461 15933
1 2 2949 8856 8858
1 2 8856 2159 8857
1 2 8858 8857 333
1 2 8856 8857 8858
1 2 2948 15933 6436
1 2 15933 2159 8856
1 2 6436 8856 2949
1 2 15933 8856 6436
1 2 897 13416 7459
1 2 13416 2422 5972
1 2 7459 5972 2157
1 2 13416 5972 7459
1 2 2422 12882 5970
1 2 12882 247 12883
1 2 5970 12883 2423
1 2 12882 12883 5970
1 2 2157 5971 6003
1 2 5971 2423 7500
1 2 6003 7500 505
1 2 5971 7500 6003
1 2 2422 5970 5972
1 2 5970 2423 5971
1 2 5972 5971 2157
1 2 5970 5971 5972
1 2 333 16592 13357
1 2 16592 2158 10450
1 2 13357 10450 3930
1 2 16592 10450 13357
1 2 2158 6004 10448
1 2 6004 505 14112
1 2 10448 14112 3929
1 2 6004 14112 10448
1 2 3930 10449 14897
1 2 10449 3929 7402
1 2 14897 7402 246
1 2 10449 7402 14897
1 2 2158 10448 10450
1 2 10448 3929 10449
1 2 10450 10449 3930
1 2 10448 10449 10450
1 2 897 7459 7461
1 2 7459 2157 7460
1 2 7461 7460 2159
1 2 7459 7460 7461
1 2 2157 6003 6005
1 2 6003 505 6004
1 2 6005 6004 2158
1 2 6003 6004 6005
1 2 2159 15808 8857
1 2 15808 2158 16592
1 2 8857 16592 333
1 2 15808 16592 8857
1 2 2157 6005 7460
1 2 6005 2158 15808
1 2 7460 15808 2159
1 2 6005 15808 7460
1 2 230 11883 6435
1 2 11883 1866 4883
1 2 6435 4883 2948
1 2 11883 4883 6435
1 2 1866 13366 4881
1 2 13366 895 12489
1 2 4881 12489 4130
1 2 13366 12489 4881
1 2 2948 4882 15932
1 2 4882 4130 11119
1 2 15932 11119 897
1 2 4882 11119 15932
1 2 1866 4881 4883
1 2 4881 4130 4882
1 2 4883 4882 2948
1 2 4881 4882 4883
1 2 895 6471 12487
1 2 6471 2652 16598
1 2 12487 16598 2654
1 2 6471 16598 12487
1 2 2652 15551 16004
1 2 15551 231 15672
1 2 16004 15672 2653
1 2 15551 15672 16004
1 2 2654 13714 9749
1 2 13714 2653 13535
1 2 9749 13535 896
1 2 13714 13535 9749
1 2 2652 16004 16598
1 2 16004 2653 13714
1 2 16598 13714 2654
1 2 16004 13714 16598
1 2 897 11118 13416
1 2 11118 3143 10481
1 2 13416 10481 2422
1 2 11118 10481 13416
1 2 3143 9750 10479
1 2 9750 896 14359
1 2 10479 14359 3144
1 2 9750 14359 10479
1 2 2422 10480 12882
1 2 10480 3144 6756
1 2 12882 6756 247
1 2 10480 6756 12882
1 2 3143 10479 10481
1 2 10479 3144 10480
1 2 10481 10480 2422
1 2 10479 10480 10481
1 2 895 12487 12489
1 2 12487 2654 12488
1 2 12489 12488 4130
1 2 12487 12488 12489
1 2 2654 9749 9751
1 2 9749 896 9750
1 2 9751 9750 3143
1 2 9749 9750 9751
1 2 4130 11117 11119
1 2 11117 3143 11118
1 2 11119 11118 897
1 2 11117 11118 11119
1 2 2654 9751 12488
1 2 9751 3143 11117
1 2 12488 11117 4130
1 2 9751 11117 12488
1 2 231 7970 15672
1 2 7970 2512 10145
1 2 15672 10145 2653
1 2 7970 10145 15672
1 2 2512 10066 10067
1 2 10066 457 7353
1 2 10067 7353 1589
1 2 10066 7353 10067
1 2 2653 10144 13535
1 2 10144 1589 12982
1 2 13535 12982 896
1 2 10144 12982 13535
1 2 2512 10067 10145
1 2 10067 1589 10144
1 2 10145 10144 2653
1 2 10067 10144 10145
1 2 457 7927 7351
1 2 7927 1397 16045
1 2 7351 16045 1399
1 2 7927 16045 7351
1 2 1397 12549 12551
1 2 12549 248 12550
1 2 12551 12550 1398
1 2 12549 12550 12551
1 2 1399 13057 11099
1 2 13057 1398 13058
1 2 11099 13058 903
1 2 13057 13058 11099
1 2 1397 12551 16045
1 2 12551 1398 13057
1 2 16045 13057 1399
1 2 12551 13057 16045
1 2 896 12981 14359
1 2 12981 1588 14358
1 2 14359 14358 3144
1 2 12981 14358 14359
1 2 1588 9694 9696
1 2 9694 903 9695
1 2 9696 9695 3459
1 2 9694 9695 9696
1 2 3144 6754 6756
1 2 6754 3459 6755
1 2 6756 6755 247
1 2 6754 6755 6756
1 2 1588 9696 14358
1 2 9696 3459 6754
1 2 14358 6754 3144
1 2 9696 6754 14358
1 2 457 7351 7353
1 2 7351 1399 7352
1 2 7353 7352 1589
1 2 7351 7352 7353
1 2 1399 11099 11100
1 2 11099 903 9694
1 2 11100 9694 1588
1 2 11099 9694 11100
1 2 1589 11103 12982
1 2 11103 1588 12981
1 2 12982 12981 896
1 2 11103 12981 12982
1 2 1399 11100 7352
1 2 11100 1588 11103
1 2 7352 11103 1589
1 2 11100 11103 7352
1 2 231 5000 7970
1 2 5000 2510 7969
1 2 7970 7969 2512
1 2 5000 7969 7970
1 2 2510 15725 9607
1 2 15725 408 13906
1 2 9607 13906 2511
1 2 15725 13906 9607
1 2 2512 9608 10066
1 2 9608 2511 13386
1 2 10066 13386 457
1 2 9608 13386 10066
1 2 2510 9607 7969
1 2 9607 2511 9608
1 2 7969 9608 2512
1 2 9607 9608 7969
1 2 408 11876 11878
1 2 11876 1171 11877
1 2 11878 11877 1856
1 2 11876 11877 11878
1 2 1171 7841 16531
1 2 7841 232 13545
1 2 16531 13545 1855
1 2 7841 13545 16531
1 2 1856 15595 10035
1 2 15595 1855 15596
1 2 10035 15596 456
1 2 15595 15596 10035
1 2 1171 16531 11877
1 2 16531 1855 15595
1 2 11877 15595 1856
1 2 16531 15595 11877
1 2 457 7925 7927
1 2 7925 1426 7926
1 2 7927 7926 1397
1 2 7925 7926 7927
1 2 1426 10036 13621
1 2 10036 456 13044
1 2 13621 13044 1427
1 2 10036 13044 13621
1 2 1397 15981 12549
1 2 15981 1427 15982
1 2 12549 15982 248
1 2 15981 15982 12549
1 2 1426 13621 7926
1 2 13621 1427 15981
1 2 7926 15981 1397
1 2 13621 15981 7926
1 2 408 11878 13906
1 2 11878 1856 13905
1 2 13906 13905 2511
1 2 11878 13905 13906
1 2 1856 10035 10037
1 2 10035 456 10036
1 2 10037 10036 1426
1 2 10035 10036 10037
1 2 2511 13385 13386
1 2 13385 1426 7925
1 2 13386 7925 457
1 2 13385 7925 13386
1 2 1856 10037 13905
1 2 10037 1426 13385
1 2 13905 13385 2511
1 2 10037 13385 13905
1 2 232 12403 13545
1 2 12403 2676 13544
1 2 13545 13544 1855
1 2 12403 13544 13545
1 2 2676 5039 16445
1 2 5039 371 14956
1 2 16445 14956 1503
1 2 5039 14956 16445
1 2 1855 15886 15596
1 2 15886 1503 8008
1 2 15596 8008 456
1 2 15886 8008 15596
1 2 2676 16445 13544
1 2 16445 1503 15886
1 2 13544 15886 1855
1 2 16445 15886 13544
1 2 371 9065 13960
1 2 9065 1808 12575
1 2 13960 12575 1501
1 2 9065 12575 13960
1 2 1808 15606 12574
1 2 15606 249 16510
1 2 12574 16510 4086
1 2 15606 16510 12574
1 2 1501 12225 12227
1 2 12225 4086 12226
1 2 12227 12226 1003
1 2 12225 12226 12227
1 2 1808 12574 12575
1 2 12574 4086 12225
1 2 12575 12225 1501
1 2 12574 12225 12575
1 2 456 8007 13044
1 2 8007 1502 4249
1 2 13044 4249 1427
1 2 8007 4249 13044
1 2 1502 13467 4247
1 2 13467 1003 7248
1 2 4247 7248 2310
1 2 13467 7248 4247
1 2 1427 4248 15982
1 2 4248 2310 9420
1 2 15982 9420 248
1 2 4248 9420 15982
1 2 1502 4247 4249
1 2 4247 2310 4248
1 2 4249 4248 1427
1 2 4247 4248 4249
1 2 371 13960 14956
1 2 13960 1501 11079
1 2 14956 11079 1503
1 2 13960 11079 14956
1 2 1501 12227 11078
1 2 12227 1003 13467
1 2 11078 13467 1502
1 2 12227 13467 11078
1 2 1503 8006 8008
1 2 8006 1502 8007
1 2 8008 8007 456
1 2 8006 8007 8008
1 2 1501 11078 11079
1 2 11078 1502 8006
1 2 11079 8006 1503
1 2 11078 8006 11079
1 2 232 12401 12403
1 2 12401 2675 12402
1 2 12403 12402 2676
1 2 12401 12402 12403
1 2 2675 12949 16617
1 2 12949 369 7772
1 2 16617 7772 1697
1 2 12949 7772 16617
1 2 2676 5037 5039
1 2 5037 1697 5038
1 2 5039 5038 371
1 2 5037 5038 5039
1 2 2675 16617 12402
1 2 16617 1697 5037
1 2 12402 5037 2676
1 2 16617 5037 12402
1 2 369 7726 7727
1 2 7726 2899 7552
1 2 7727 7552 1695
1 2 7726 7552 7727
1 2 2899 5986 7550
1 2 5986 233 16427
1 2 7550 16427 2900
1 2 5986 16427 7550
1 2 1695 7551 5643
1 2 7551 2900 9738
1 2 5643 9738 370
1 2 7551 9738 5643
1 2 2899 7550 7552
1 2 7550 2900 7551
1 2 7552 7551 1695
1 2 7550 7551 7552
1 2 371 9063 9065
1 2 9063 1696 9064
1 2 9065 9064 1808
1 2 9063 9064 9065
1 2 1696 5644 9526
1 2 5644 370 9652
1 2 9526 9652 1807
1 2 5644 9652 9526
1 2 1808 9527 15606
1 2 9527 1807 12419
1 2 15606 12419 249
1 2 9527 12419 15606
1 2 1696 9526 9064
1 2 9526 1807 9527
1 2 9064 9527 1808
1 2 9526 9527 9064
1 2 369 7727 7772
1 2 7727 1695 7771
1 2 7772 7771 1697
1 2 7727 7771 7772
1 2 1695 5643 5645
1 2 5643 370 5644
1 2 5645 5644 1696
1 2 5643 5644 5645
1 2 1697 8203 5038
1 2 8203 1696 9063
1 2 5038 9063 371
1 2 8203 9063 5038
1 2 1695 5645 7771
1 2 5645 1696 8203
1 2 7771 8203 1697
1 2 5645 8203 7771
1 2 233 13607 16427
1 2 13607 3657 16584
1 2 16427 16584 2900
1 2 13607 16584 16427
1 2 3657 14748 15034
1 2 14748 700 15033
1 2 15034 15033 1241
1 2 14748 15033 15034
1 2 2900 13808 9738
1 2 13808 1241 11396
1 2 9738 11396 370
1 2 13808 11396 9738
1 2 3657 15034 16584
1 2 15034 1241 13808
1 2 16584 13808 2900
1 2 15034 13808 16584
1 2 700 8892 14040
1 2 8892 4135 14039
1 2 14040 14039 1239
1 2 8892 14039 14040
1 2 4135 16544 14422
1 2 16544 250 10391
1 2 14422 10391 4210
1 2 16544 10391 14422
1 2 1239 7206 7208
1 2 7206 4210 7207
1 2 7208 7207 840
1 2 7206 7207 7208
1 2 4135 14422 14039
1 2 14422 4210 7206
1 2 14039 7206 1239
1 2 14422 7206 14039
1 2 370 9650 9652
1 2 9650 1240 9651
1 2 9652 9651 1807
1 2 9650 9651 9652
1 2 1240 14736 14934
1 2 14736 840 16169
1 2 14934 16169 3304
1 2 14736 16169 14934
1 2 1807 12418 12419
1 2 12418 3304 9252
1 2 12419 9252 249
1 2 12418 9252 12419
1 2 1240 14934 9651
1 2 14934 3304 12418
1 2 9651 12418 1807
1 2 14934 12418 9651
1 2 700 14040 15033
1 2 14040 1239 7115
1 2 15033 7115 1241
1 2 14040 7115 15033
1 2 1239 7208 7113
1 2 7208 840 14736
1 2 7113 14736 1240
1 2 7208 14736 7113
1 2 1241 7114 11396
1 2 7114 1240 9650
1 2 11396 9650 370
1 2 7114 9650 11396
1 2 1239 7113 7115
1 2 7113 1240 7114
1 2 7115 7114 1241
1 2 7113 7114 7115
1 2 233 13606 13607
1 2 13606 4205 11461
1 2 13607 11461 3657
1 2 13606 11461 13607
1 2 4205 6918 6920
1 2 6918 698 6919
1 2 6920 6919 4075
1 2 6918 6919 6920
1 2 3657 11460 14748
1 2 11460 4075 14747
1 2 14748 14747 700
1 2 11460 14747 14748
1 2 4205 6920 11461
1 2 6920 4075 11460
1 2 11461 11460 3657
1 2 6920 11460 11461
1 2 698 9985 12033
1 2 9985 2304 12032
1 2 12033 12032 3068
1 2 9985 12032 12033
1 2 2304 6402 12281
1 2 6402 234 12280
1 2 12281 12280 3067
1 2 6402 12280 12281
1 2 3068 16084 16086
1 2 16084 3067 16085
1 2 16086 16085 699
1 2 16084 16085 16086
1 2 2304 12281 12032
1 2 12281 3067 16084
1 2 12032 16084 3068
1 2 12281 16084 12032
1 2 700 8890 8892
1 2 8890 4074 8891
1 2 8892 8891 4135
1 2 8890 8891 8892
1 2 4074 16438 15769
1 2 16438 699 15475
1 2 15769 15475 2365
1 2 16438 15475 15769
1 2 4135 15770 16544
1 2 15770 2365 14376
1 2 16544 14376 250
1 2 15770 14376 16544
1 2 4074 15769 8891
1 2 15769 2365 15770
1 2 8891 15770 4135
1 2 15769 15770 8891
1 2 698 12033 6919
1 2 12033 3068 9588
1 2 6919 9588 4075
1 2 12033 9588 6919
1 2 3068 16086 9586
1 2 16086 699 16438
1 2 9586 16438 4074
1 2 16086 16438 9586
1 2 4075 9587 14747
1 2 9587 4074 8890
1 2 14747 8890 700
1 2 9587 8890 14747
1 2 3068 9586 9588
1 2 9586 4074 9587
1 2 9588 9587 4075
1 2 9586 9587 9588
1 2 234 7464 12280
1 2 7464 3513 12846
1 2 12280 12846 3067
1 2 7464 12846 12280
1 2 3513 11743 11745
1 2 11743 761 11744
1 2 11745 11744 2656
1 2 11743 11744 11745
1 2 3067 16067 16085
1 2 16067 2656 16166
1 2 16085 16166 699
1 2 16067 16166 16085
1 2 3513 11745 12846
1 2 11745 2656 16067
1 2 12846 16067 3067
1 2 11745 16067 12846
1 2 761 10400 13012
1 2 10400 2631 15727
1 2 13012 15727 2655
1 2 10400 15727 13012
1 2 2631 13583 13585
1 2 13583 251 13584
1 2 13585 13584 3061
1 2 13583 13584 13585
1 2 2655 5634 5636
1 2 5634 3061 5635
1 2 5636 5635 742
1 2 5634 5635 5636
1 2 2631 13585 15727
1 2 13585 3061 5634
1 2 15727 5634 2655
1 2 13585 5634 15727
1 2 699 15474 15475
1 2 15474 2363 9805
1 2 15475 9805 2365
1 2 15474 9805 15475
1 2 2363 6857 6859
1 2 6857 742 6858
1 2 6859 6858 2364
1 2 6857 6858 6859
1 2 2365 9804 14376
1 2 9804 2364 14375
1 2 14376 14375 250
1 2 9804 14375 14376
1 2 2363 6859 9805
1 2 6859 2364 9804
1 2 9805 9804 2365
1 2 6859 9804 9805
1 2 761 13012 11744
1 2 13012 2655 13013
1 2 11744 13013 2656
1 2 13012 13013 11744
1 2 2655 5636 16376
1 2 5636 742 6857
1 2 16376 6857 2363
1 2 5636 6857 16376
1 2 2656 16564 16166
1 2 16564 2363 15474
1 2 16166 15474 699
1 2 16564 15474 16166
1 2 2655 16376 13013
1 2 16376 2363 16564
1 2 13013 16564 2656
1 2 16376 16564 13013
1 2 234 7462 7464
1 2 7462 4198 7463
1 2 7464 7463 3513
1 2 7462 7463 7464
1 2 4198 10024 14545
1 2 10024 759 14544
1 2 14545 14544 4212
1 2 10024 14544 14545
1 2 3513 14813 11743
1 2 14813 4212 15742
1 2 11743 15742 761
1 2 14813 15742 11743
1 2 4198 14545 7463
1 2 14545 4212 14813
1 2 7463 14813 3513
1 2 14545 14813 7463
1 2 759 14094 14788
1 2 14094 4154 13774
1 2 14788 13774 4155
1 2 14094 13774 14788
1 2 4154 16172 13772
1 2 16172 235 13965
1 2 13772 13965 4145
1 2 16172 13965 13772
1 2 4155 13773 10317
1 2 13773 4145 14108
1 2 10317 14108 760
1 2 13773 14108 10317
1 2 4154 13772 13774
1 2 13772 4145 13773
1 2 13774 13773 4155
1 2 13772 13773 13774
1 2 761 10398 10400
1 2 10398 2630 10399
1 2 10400 10399 2631
1 2 10398 10399 10400
1 2 2630 6350 6352
1 2 6350 760 6351
1 2 6352 6351 2595
1 2 6350 6351 6352
1 2 2631 15005 13583
1 2 15005 2595 6494
1 2 13583 6494 251
1 2 15005 6494 13583
1 2 2630 6352 10399
1 2 6352 2595 15005
1 2 10399 15005 2631
1 2 6352 15005 10399
1 2 759 14788 14544
1 2 14788 4155 11271
1 2 14544 11271 4212
1 2 14788 11271 14544
1 2 4155 10317 10318
1 2 10317 760 6350
1 2 10318 6350 2630
1 2 10317 6350 10318
1 2 4212 11270 15742
1 2 11270 2630 10398
1 2 15742 10398 761
1 2 11270 10398 15742
1 2 4155 10318 11271
1 2 10318 2630 11270
1 2 11271 11270 4212
1 2 10318 11270 11271
1 2 235 11750 13965
1 2 11750 3425 13964
1 2 13965 13964 4145
1 2 11750 13964 13965
1 2 3425 5774 5776
1 2 5774 799 5775
1 2 5776 5775 2036
1 2 5774 5775 5776
1 2 4145 15485 14108
1 2 15485 2036 14717
1 2 14108 14717 760
1 2 15485 14717 14108
1 2 3425 5776 13964
1 2 5776 2036 15485
1 2 13964 15485 4145
1 2 5776 15485 13964
1 2 799 13238 7277
1 2 13238 2703 13239
1 2 7277 13239 2034
1 2 13238 13239 7277
1 2 2703 15851 14279
1 2 15851 252 8376
1 2 14279 8376 3435
1 2 15851 8376 14279
1 2 2034 11431 11432
1 2 11431 3435 8225
1 2 11432 8225 419
1 2 11431 8225 11432
1 2 2703 14279 13239
1 2 14279 3435 11431
1 2 13239 11431 2034
1 2 14279 11431 13239
1 2 760 14716 6351
1 2 14716 2035 10319
1 2 6351 10319 2595
1 2 14716 10319 6351
1 2 2035 8654 8656
1 2 8654 419 8655
1 2 8656 8655 2594
1 2 8654 8655 8656
1 2 2595 6493 6494
1 2 6493 2594 4706
1 2 6494 4706 251
1 2 6493 4706 6494
1 2 2035 8656 10319
1 2 8656 2594 6493
1 2 10319 6493 2595
1 2 8656 6493 10319
1 2 799 7277 5775
1 2 7277 2034 7278
1 2 5775 7278 2036
1 2 7277 7278 5775
1 2 2034 11432 13904
1 2 11432 419 8654
1 2 13904 8654 2035
1 2 11432 8654 13904
1 2 2036 14715 14717
1 2 14715 2035 14716
1 2 14717 14716 760
1 2 14715 14716 14717
1 2 2034 13904 7278
1 2 13904 2035 14715
1 2 7278 14715 2036
1 2 13904 14715 7278
1 2 235 11748 11750
1 2 11748 2187 11749
1 2 11750 11749 3425
1 2 11748 11749 11750
1 2 2187 8422 14463
1 2 8422 821 4803
1 2 14463 4803 3424
1 2 8422 4803 14463
1 2 3425 12404 5774
1 2 12404 3424 12230
1 2 5774 12230 799
1 2 12404 12230 5774
1 2 2187 14463 11749
1 2 14463 3424 12404
1 2 11749 12404 3425
1 2 14463 12404 11749
1 2 821 11770 4801
1 2 11770 2022 11771
1 2 4801 11771 2024
1 2 11770 11771 4801
1 2 2022 9581 14338
1 2 9581 236 10059
1 2 14338 10059 2023
1 2 9581 10059 14338
1 2 2024 12847 12849
1 2 12847 2023 12848
1 2 12849 12848 822
1 2 12847 12848 12849
1 2 2022 14338 11771
1 2 14338 2023 12847
1 2 11771 12847 2024
1 2 14338 12847 11771
1 2 799 12229 13238
1 2 12229 2701 9038
1 2 13238 9038 2703
1 2 12229 9038 13238
1 2 2701 9980 9036
1 2 9980 822 8601
1 2 9036 8601 2702
1 2 9980 8601 9036
1 2 2703 9037 15851
1 2 9037 2702 11931
1 2 15851 11931 252
1 2 9037 11931 15851
1 2 2701 9036 9038
1 2 9036 2702 9037
1 2 9038 9037 2703
1 2 9036 9037 9038
1 2 821 4801 4803
1 2 4801 2024 4802
1 2 4803 4802 3424
1 2 4801 4802 4803
1 2 2024 12849 7585
1 2 12849 822 9980
1 2 7585 9980 2701
1 2 12849 9980 7585
1 2 3424 7586 12230
1 2 7586 2701 12229
1 2 12230 12229 799
1 2 7586 12229 12230
1 2 2024 7585 4802
1 2 7585 2701 7586
1 2 4802 7586 3424
1 2 7585 7586 4802
1 2 236 10057 10059
1 2 10057 3533 10058
1 2 10059 10058 2023
1 2 10057 10058 10059
1 2 3533 7264 7266
1 2 7264 882 7265
1 2 7266 7265 1145
1 2 7264 7265 7266
1 2 2023 10177 12848
1 2 10177 1145 10897
1 2 12848 10897 822
1 2 10177 10897 12848
1 2 3533 7266 10058
1 2 7266 1145 10177
1 2 10058 10177 2023
1 2 7266 10177 10058
1 2 882 5790 5792
1 2 5790 3349 5791
1 2 5792 5791 1143
1 2 5790 5791 5792
1 2 3349 8697 6192
1 2 8697 253 7797
1 2 6192 7797 3405
1 2 8697 7797 6192
1 2 1143 6193 10126
1 2 6193 3405 10125
1 2 10126 10125 883
1 2 6193 10125 10126
1 2 3349 6192 5791
1 2 6192 3405 6193
1 2 5791 6193 1143
1 2 6192 6193 5791
1 2 822 8599 8601
1 2 8599 1144 8600
1 2 8601 8600 2702
1 2 8599 8600 8601
1 2 1144 15556 12196
1 2 15556 883 11494
1 2 12196 11494 2322
1 2 15556 11494 12196
1 2 2702 11929 11931
1 2 11929 2322 11930
1 2 11931 11930 252
1 2 11929 11930 11931
1 2 1144 12196 8600
1 2 12196 2322 11929
1 2 8600 11929 2702
1 2 12196 11929 8600
1 2 882 5792 7265
1 2 5792 1143 9207
1 2 7265 9207 1145
1 2 5792 9207 7265
1 2 1143 10126 16030
1 2 10126 883 15556
1 2 16030 15556 1144
1 2 10126 15556 16030
1 2 1145 10896 10897
1 2 10896 1144 8599
1 2 10897 8599 822
1 2 10896 8599 10897
1 2 1143 16030 9207
1 2 16030 1144 10896
1 2 9207 10896 1145
1 2 16030 10896 9207
1 2 236 14308 10057
1 2 14308 4128 14048
1 2 10057 14048 3533
1 2 14308 14048 10057
1 2 4128 13347 13348
1 2 13347 1038 5800
1 2 13348 5800 4129
1 2 13347 5800 13348
1 2 3533 9438 7264
1 2 9438 4129 9439
1 2 7264 9439 882
1 2 9438 9439 7264
1 2 4128 13348 14048
1 2 13348 4129 9438
1 2 14048 9438 3533
1 2 13348 9438 14048
1 2 1038 6203 5798
1 2 6203 2155 6204
1 2 5798 6204 2156
1 2 6203 6204 5798
1 2 2155 15144 13415
1 2 15144 237 5530
1 2 13415 5530 1770
1 2 15144 5530 13415
1 2 2156 8389 8391
1 2 8389 1770 8390
1 2 8391 8390 1068
1 2 8389 8390 8391
1 2 2155 13415 6204
1 2 13415 1770 8389
1 2 6204 8389 2156
1 2 13415 8389 6204
1 2 882 15362 5790
1 2 15362 3348 15505
1 2 5790 15505 3349
1 2 15362 15505 5790
1 2 3348 14061 14063
1 2 14061 1068 14062
1 2 14063 14062 1686
1 2 14061 14062 14063
1 2 3349 8696 8697
1 2 8696 1686 6985
1 2 8697 6985 253
1 2 8696 6985 8697
1 2 3348 14063 15505
1 2 14063 1686 8696
1 2 15505 8696 3349
1 2 14063 8696 15505
1 2 1038 5798 5800
1 2 5798 2156 5799
1 2 5800 5799 4129
1 2 5798 5799 5800
1 2 2156 8391 15372
1 2 8391 1068 14061
1 2 15372 14061 3348
1 2 8391 14061 15372
1 2 4129 15361 9439
1 2 15361 3348 15362
1 2 9439 15362 882
1 2 15361 15362 9439
1 2 2156 15372 5799
1 2 15372 3348 15361
1 2 5799 15361 4129
1 2 15372 15361 5799
1 2 237 5528 5530
1 2 5528 1768 5529
1 2 5530 5529 1770
1 2 5528 5529 5530
1 2 1768 9445 9447
1 2 9445 1082 9446
1 2 9447 9446 1769
1 2 9445 9446 9447
1 2 1770 13072 8390
1 2 13072 1769 6440
1 2 8390 6440 1068
1 2 13072 6440 8390
1 2 1768 9447 5529
1 2 9447 1769 13072
1 2 5529 13072 1770
1 2 9447 13072 5529
1 2 1082 6324 6326
1 2 6324 1459 6325
1 2 6326 6325 1461
1 2 6324 6325 6326
1 2 1459 10100 13242
1 2 10100 254 5252
1 2 13242 5252 1460
1 2 10100 5252 13242
1 2 1461 6503 6505
1 2 6503 1460 6504
1 2 6505 6504 1083
1 2 6503 6504 6505
1 2 1459 13242 6325
1 2 13242 1460 6503
1 2 6325 6503 1461
1 2 13242 6503 6325
1 2 1068 6439 14062
1 2 6439 1684 16345
1 2 14062 16345 1686
1 2 6439 16345 14062
1 2 1684 8701 12103
1 2 8701 1083 12102
1 2 12103 12102 1685
1 2 8701 12102 12103
1 2 1686 6983 6985
1 2 6983 1685 6984
1 2 6985 6984 253
1 2 6983 6984 6985
1 2 1684 12103 16345
1 2 12103 1685 6983
1 2 16345 6983 1686
1 2 12103 6983 16345
1 2 1082 6326 9446
1 2 6326 1461 11372
1 2 9446 11372 1769
1 2 6326 11372 9446
1 2 1461 6505 8702
1 2 6505 1083 8701
1 2 8702 8701 1684
1 2 6505 8701 8702
1 2 1769 6438 6440
1 2 6438 1684 6439
1 2 6440 6439 1068
1 2 6438 6439 6440
1 2 1461 8702 11372
1 2 8702 1684 6438
1 2 11372 6438 1769
1 2 8702 6438 11372
1 2 237 15467 5528
1 2 15467 4117 7241
1 2 5528 7241 1768
1 2 15467 7241 5528
1 2 4117 4368 7239
1 2 4368 531 14637
1 2 7239 14637 4040
1 2 4368 14637 7239
1 2 1768 7240 9445
1 2 7240 4040 11617
1 2 9445 11617 1082
1 2 7240 11617 9445
1 2 4117 7239 7241
1 2 7239 4040 7240
1 2 7241 7240 1768
1 2 7239 7240 7241
1 2 531 13843 14591
1 2 13843 3361 14590
1 2 14591 14590 4039
1 2 13843 14590 14591
1 2 3361 11881 11882
1 2 11881 238 9907
1 2 11882 9907 4168
1 2 11881 9907 11882
1 2 4039 10007 4572
1 2 10007 4168 10008
1 2 4572 10008 1036
1 2 10007 10008 4572
1 2 3361 11882 14590
1 2 11882 4168 10007
1 2 14590 10007 4039
1 2 11882 10007 14590
1 2 1082 14782 6324
1 2 14782 3219 12466
1 2 6324 12466 1459
1 2 14782 12466 6324
1 2 3219 4573 12465
1 2 4573 1036 13829
1 2 12465 13829 3220
1 2 4573 13829 12465
1 2 1459 10098 10100
1 2 10098 3220 10099
1 2 10100 10099 254
1 2 10098 10099 10100
1 2 3219 12465 12466
1 2 12465 3220 10098
1 2 12466 10098 1459
1 2 12465 10098 12466
1 2 531 14591 14637
1 2 14591 4039 14636
1 2 14637 14636 4040
1 2 14591 14636 14637
1 2 4039 4572 4574
1 2 4572 1036 4573
1 2 4574 4573 3219
1 2 4572 4573 4574
1 2 4040 14781 11617
1 2 14781 3219 14782
1 2 11617 14782 1082
1 2 14781 14782 11617
1 2 4039 4574 14636
1 2 4574 3219 14781
1 2 14636 14781 4040
1 2 4574 14781 14636
1 2 238 9905 9907
1 2 9905 4171 9906
1 2 9907 9906 4168
1 2 9905 9906 9907
1 2 4171 7614 7616
1 2 7614 1035 7615
1 2 7616 7615 4172
1 2 7614 7615 7616
1 2 4168 14220 10008
1 2 14220 4172 14221
1 2 10008 14221 1036
1 2 14220 14221 10008
1 2 4171 7616 9906
1 2 7616 4172 14220
1 2 9906 14220 4168
1 2 7616 14220 9906
1 2 1035 14682 13800
1 2 14682 2140 11182
1 2 13800 11182 2142
1 2 14682 11182 13800
1 2 2140 16580 11181
1 2 16580 255 10872
1 2 11181 10872 2141
1 2 16580 10872 11181
1 2 2142 6674 6676
1 2 6674 2141 6675
1 2 6676 6675 398
1 2 6674 6675 6676
1 2 2140 11181 11182
1 2 11181 2141 6674
1 2 11182 6674 2142
1 2 11181 6674 11182
1 2 1036 15114 13829
1 2 15114 3959 15917
1 2 13829 15917 3220
1 2 15114 15917 13829
1 2 3959 15257 16031
1 2 15257 398 10369
1 2 16031 10369 3555
1 2 15257 10369 16031
1 2 3220 11407 10099
1 2 11407 3555 4400
1 2 10099 4400 254
1 2 11407 4400 10099
1 2 3959 16031 15917
1 2 16031 3555 11407
1 2 15917 11407 3220
1 2 16031 11407 15917
1 2 1035 13800 7615
1 2 13800 2142 11415
1 2 7615 11415 4172
1 2 13800 11415 7615
1 2 2142 6676 11413
1 2 6676 398 15257
1 2 11413 15257 3959
1 2 6676 15257 11413
1 2 4172 11414 14221
1 2 11414 3959 15114
1 2 14221 15114 1036
1 2 11414 15114 14221
1 2 2142 11413 11415
1 2 11413 3959 11414
1 2 11415 11414 4172
1 2 11413 11414 11415
1 2 239 7780 16158
1 2 7780 4028 5536
1 2 16158 5536 4029
1 2 7780 5536 16158
1 2 4028 5361 5534
1 2 5361 774 9632
1 2 5534 9632 1904
1 2 5361 9632 5534
1 2 4029 5535 16635
1 2 5535 1904 15382
1 2 16635 15382 1085
1 2 5535 15382 16635
1 2 4028 5534 5536
1 2 5534 1904 5535
1 2 5536 5535 4029
1 2 5534 5535 5536
1 2 774 10706 9630
1 2 10706 2263 10707
1 2 9630 10707 1902
1 2 10706 10707 9630
1 2 2263 5947 5949
1 2 5947 240 5948
1 2 5949 5948 2264
1 2 5947 5948 5949
1 2 1902 15568 5181
1 2 15568 2264 13316
1 2 5181 13316 1074
1 2 15568 13316 5181
1 2 2263 5949 10707
1 2 5949 2264 15568
1 2 10707 15568 1902
1 2 5949 15568 10707
1 2 1085 15381 16014
1 2 15381 1903 14885
1 2 16014 14885 4131
1 2 15381 14885 16014
1 2 1903 5182 6976
1 2 5182 1074 6975
1 2 6976 6975 2385
1 2 5182 6975 6976
1 2 4131 12197 12199
1 2 12197 2385 12198
1 2 12199 12198 256
1 2 12197 12198 12199
1 2 1903 6976 14885
1 2 6976 2385 12197
1 2 14885 12197 4131
1 2 6976 12197 14885
1 2 774 9630 9632
1 2 9630 1902 9631
1 2 9632 9631 1904
1 2 9630 9631 9632
1 2 1902 5181 5183
1 2 5181 1074 5182
1 2 5183 5182 1903
1 2 5181 5182 5183
1 2 1904 11285 15382
1 2 11285 1903 15381
1 2 15382 15381 1085
1 2 11285 15381 15382
1 2 1902 5183 9631
1 2 5183 1903 11285
1 2 9631 11285 1904
1 2 5183 11285 9631
1 2 240 14486 5948
1 2 14486 3363 14487
1 2 5948 14487 2264
1 2 14486 14487 5948
1 2 3363 14860 14862
1 2 14860 1014 14861
1 2 14862 14861 3940
1 2 14860 14861 14862
1 2 2264 13314 13316
1 2 13314 3940 13315
1 2 13316 13315 1074
1 2 13314 13315 13316
1 2 3363 14862 14487
1 2 14862 3940 13314
1 2 14487 13314 2264
1 2 14862 13314 14487
1 2 1014 8704 15200
1 2 8704 2200 13835
1 2 15200 13835 2202
1 2 8704 13835 15200
1 2 2200 12650 12651
1 2 12650 257 5178
1 2 12651 5178 2201
1 2 12650 5178 12651
1 2 2202 7634 7636
1 2 7634 2201 7635
1 2 7636 7635 1069
1 2 7634 7635 7636
1 2 2200 12651 13835
1 2 12651 2201 7634
1 2 13835 7634 2202
1 2 12651 7634 13835
1 2 1074 15507 6975
1 2 15507 2384 15108
1 2 6975 15108 2385
1 2 15507 15108 6975
1 2 2384 15479 15107
1 2 15479 1069 11108
1 2 15107 11108 2085
1 2 15479 11108 15107
1 2 2385 13230 12198
1 2 13230 2085 13231
1 2 12198 13231 256
1 2 13230 13231 12198
1 2 2384 15107 15108
1 2 15107 2085 13230
1 2 15108 13230 2385
1 2 15107 13230 15108
1 2 1014 15200 14861
1 2 15200 2202 16080
1 2 14861 16080 3940
1 2 15200 16080 14861
1 2 2202 7636 15480
1 2 7636 1069 15479
1 2 15480 15479 2384
1 2 7636 15479 15480
1 2 3940 15506 13315
1 2 15506 2384 15507
1 2 13315 15507 1074
1 2 15506 15507 13315
1 2 2202 15480 16080
1 2 15480 2384 15506
1 2 16080 15506 3940
1 2 15480 15506 16080
1 2 240 16064 14486
1 2 16064 2378 12924
1 2 14486 12924 3363
1 2 16064 12924 14486
1 2 2378 9699 9701
1 2 9699 1013 9700
1 2 9701 9700 3362
1 2 9699 9700 9701
1 2 3363 12923 14860
1 2 12923 3362 7924
1 2 14860 7924 1014
1 2 12923 7924 14860
1 2 2378 9701 12924
1 2 9701 3362 12923
1 2 12924 12923 3363
1 2 9701 12923 12924
1 2 1013 6094 11932
1 2 6094 1510 7656
1 2 11932 7656 3638
1 2 6094 7656 11932
1 2 1510 6511 6513
1 2 6511 241 6512
1 2 6513 6512 1328
1 2 6511 6512 6513
1 2 3638 7655 11994
1 2 7655 1328 11993
1 2 11994 11993 665
1 2 7655 11993 11994
1 2 1510 6513 7656
1 2 6513 1328 7655
1 2 7656 7655 3638
1 2 6513 7655 7656
1 2 1014 7923 8704
1 2 7923 3605 8703
1 2 8704 8703 2200
1 2 7923 8703 8704
1 2 3605 15160 15161
1 2 15160 665 8733
1 2 15161 8733 3282
1 2 15160 8733 15161
1 2 2200 16200 12650
1 2 16200 3282 8779
1 2 12650 8779 257
1 2 16200 8779 12650
1 2 3605 15161 8703
1 2 15161 3282 16200
1 2 8703 16200 2200
1 2 15161 16200 8703
1 2 1013 11932 9700
1 2 11932 3638 8830
1 2 9700 8830 3362
1 2 11932 8830 9700
1 2 3638 11994 8829
1 2 11994 665 15160
1 2 8829 15160 3605
1 2 11994 15160 8829
1 2 3362 7922 7924
1 2 7922 3605 7923
1 2 7924 7923 1014
1 2 7922 7923 7924
1 2 3638 8829 8830
1 2 8829 3605 7922
1 2 8830 7922 3362
1 2 8829 7922 8830
1 2 241 11050 6512
1 2 11050 1326 4455
1 2 6512 4455 1328
1 2 11050 4455 6512
1 2 1326 5981 4453
1 2 5981 663 6098
1 2 4453 6098 1327
1 2 5981 6098 4453
1 2 1328 4454 11993
1 2 4454 1327 11950
1 2 11993 11950 665
1 2 4454 11950 11993
1 2 1326 4453 4455
1 2 4453 1327 4454
1 2 4455 4454 1328
1 2 4453 4454 4455
1 2 663 6929 6096
1 2 6929 3501 6930
1 2 6096 6930 1749
1 2 6929 6930 6096
1 2 3501 15427 15428
1 2 15427 258 14224
1 2 15428 14224 3730
1 2 15427 14224 15428
1 2 1749 16632 8772
1 2 16632 3730 15825
1 2 8772 15825 664
1 2 16632 15825 8772
1 2 3501 15428 6930
1 2 15428 3730 16632
1 2 6930 16632 1749
1 2 15428 16632 6930
1 2 665 8731 8733
1 2 8731 1750 8732
1 2 8733 8732 3282
1 2 8731 8732 8733
1 2 1750 8773 12183
1 2 8773 664 13334
1 2 12183 13334 3281
1 2 8773 13334 12183
1 2 3282 8777 8779
1 2 8777 3281 8778
1 2 8779 8778 257
1 2 8777 8778 8779
1 2 1750 12183 8732
1 2 12183 3281 8777
1 2 8732 8777 3282
1 2 12183 8777 8732
1 2 663 6096 6098
1 2 6096 1749 6097
1 2 6098 6097 1327
1 2 6096 6097 6098
1 2 1749 8772 8774
1 2 8772 664 8773
1 2 8774 8773 1750
1 2 8772 8773 8774
1 2 1327 11949 11950
1 2 11949 1750 8731
1 2 11950 8731 665
1 2 11949 8731 11950
1 2 1749 8774 6097
1 2 8774 1750 11949
1 2 6097 11949 1327
1 2 8774 11949 6097
1 2 241 11049 11050
1 2 11049 3996 9551
1 2 11050 9551 1326
1 2 11049 9551 11050
1 2 3996 8846 9550
1 2 8846 324 14087
1 2 9550 14087 4081
1 2 8846 14087 9550
1 2 1326 5979 5981
1 2 5979 4081 5980
1 2 5981 5980 663
1 2 5979 5980 5981
1 2 3996 9550 9551
1 2 9550 4081 5979
1 2 9551 5979 1326
1 2 9550 5979 9551
1 2 324 12729 12731
1 2 12729 1512 12730
1 2 12731 12730 1514
1 2 12729 12730 12731
1 2 1512 13186 13188
1 2 13186 242 13187
1 2 13188 13187 1513
1 2 13186 13187 13188
1 2 1514 14071 5481
1 2 14071 1513 14072
1 2 5481 14072 958
1 2 14071 14072 5481
1 2 1512 13188 12730
1 2 13188 1513 14071
1 2 12730 14071 1514
1 2 13188 14071 12730
1 2 663 13985 6929
1 2 13985 3499 15188
1 2 6929 15188 3501
1 2 13985 15188 6929
1 2 3499 5482 15186
1 2 5482 958 16458
1 2 15186 16458 3500
1 2 5482 16458 15186
1 2 3501 15187 15427
1 2 15187 3500 5412
1 2 15427 5412 258
1 2 15187 5412 15427
1 2 3499 15186 15188
1 2 15186 3500 15187
1 2 15188 15187 3501
1 2 15186 15187 15188
1 2 324 12731 14087
1 2 12731 1514 15622
1 2 14087 15622 4081
1 2 12731 15622 14087
1 2 1514 5481 5483
1 2 5481 958 5482
1 2 5483 5482 3499
1 2 5481 5482 5483
1 2 4081 13984 5980
1 2 13984 3499 13985
1 2 5980 13985 663
1 2 13984 13985 5980
1 2 1514 5483 15622
1 2 5483 3499 13984
1 2 15622 13984 4081
1 2 5483 13984 15622
1 2 242 6891 13187
1 2 6891 3060 5601
1 2 13187 5601 1513
1 2 6891 5601 13187
1 2 3060 9059 5599
1 2 9059 957 9060
1 2 5599 9060 2697
1 2 9059 9060 5599
1 2 1513 5600 14072
1 2 5600 2697 14659
1 2 14072 14659 958
1 2 5600 14659 14072
1 2 3060 5599 5601
1 2 5599 2697 5600
1 2 5601 5600 1513
1 2 5599 5600 5601
1 2 957 10771 10772
1 2 10771 1224 9655
1 2 10772 9655 1226
1 2 10771 9655 10772
1 2 1224 15334 9653
1 2 15334 259 15202
1 2 9653 15202 1225
1 2 15334 15202 9653
1 2 1226 9654 6846
1 2 9654 1225 16538
1 2 6846 16538 320
1 2 9654 16538 6846
1 2 1224 9653 9655
1 2 9653 1225 9654
1 2 9655 9654 1226
1 2 9653 9654 9655
1 2 958 16612 16458
1 2 16612 2696 13750
1 2 16458 13750 3500
1 2 16612 13750 16458
1 2 2696 6847 13749
1 2 6847 320 4686
1 2 13749 4686 3962
1 2 6847 4686 13749
1 2 3500 5410 5412
1 2 5410 3962 5411
1 2 5412 5411 258
1 2 5410 5411 5412
1 2 2696 13749 13750
1 2 13749 3962 5410
1 2 13750 5410 3500
1 2 13749 5410 13750
1 2 957 10772 9060
1 2 10772 1226 13526
1 2 9060 13526 2697
1 2 10772 13526 9060
1 2 1226 6846 6848
1 2 6846 320 6847
1 2 6848 6847 2696
1 2 6846 6847 6848
1 2 2697 13525 14659
1 2 13525 2696 16612
1 2 14659 16612 958
1 2 13525 16612 14659
1 2 1226 6848 13526
1 2 6848 2696 13525
1 2 13526 13525 2697
1 2 6848 13525 13526
1 2 242 6889 6891
1 2 6889 3058 6890
1 2 6891 6890 3060
1 2 6889 6890 6891
1 2 3058 13184 13185
1 2 13184 676 8816
1 2 13185 8816 3059
1 2 13184 8816 13185
1 2 3060 14622 9059
1 2 14622 3059 12351
1 2 9059 12351 957
1 2 14622 12351 9059
1 2 3058 13185 6890
1 2 13185 3059 14622
1 2 6890 14622 3060
1 2 13185 14622 6890
1 2 676 7477 7479
1 2 7477 1186 7478
1 2 7479 7478 1362
1 2 7477 7478 7479
1 2 1186 8625 8627
1 2 8625 243 8626
1 2 8627 8626 1361
1 2 8625 8626 8627
1 2 1362 14547 14548
1 2 14547 1361 4336
1 2 14548 4336 803
1 2 14547 4336 14548
1 2 1186 8627 7478
1 2 8627 1361 14547
1 2 7478 14547 1362
1 2 8627 14547 7478
1 2 957 12350 10771
1 2 12350 4065 13516
1 2 10771 13516 1224
1 2 12350 13516 10771
1 2 4065 7158 7160
1 2 7158 803 7159
1 2 7160 7159 2941
1 2 7158 7159 7160
1 2 1224 13515 15334
1 2 13515 2941 11127
1 2 15334 11127 259
1 2 13515 11127 15334
1 2 4065 7160 13516
1 2 7160 2941 13515
1 2 13516 13515 1224
1 2 7160 13515 13516
1 2 676 7479 8816
1 2 7479 1362 6738
1 2 8816 6738 3059
1 2 7479 6738 8816
1 2 1362 14548 6736
1 2 14548 803 7158
1 2 6736 7158 4065
1 2 14548 7158 6736
1 2 3059 6737 12351
1 2 6737 4065 12350
1 2 12351 12350 957
1 2 6737 12350 12351
1 2 1362 6736 6738
1 2 6736 4065 6737
1 2 6738 6737 3059
1 2 6736 6737 6738
1 2 243 13908 8626
1 2 13908 3250 14506
1 2 8626 14506 1361
1 2 13908 14506 8626
1 2 3250 12839 12840
1 2 12839 801 6612
1 2 12840 6612 3206
1 2 12839 6612 12840
1 2 1361 4334 4336
1 2 4334 3206 4335
1 2 4336 4335 803
1 2 4334 4335 4336
1 2 3250 12840 14506
1 2 12840 3206 4334
1 2 14506 4334 1361
1 2 12840 4334 14506
1 2 801 6365 6610
1 2 6365 3201 9469
1 2 6610 9469 3203
1 2 6365 9469 6610
1 2 3201 7741 9467
1 2 7741 260 6656
1 2 9467 6656 3202
1 2 7741 6656 9467
1 2 3203 9468 8013
1 2 9468 3202 4955
1 2 8013 4955 802
1 2 9468 4955 8013
1 2 3201 9467 9469
1 2 9467 3202 9468
1 2 9469 9468 3203
1 2 9467 9468 9469
1 2 803 16443 7159
1 2 16443 2939 14926
1 2 7159 14926 2941
1 2 16443 14926 7159
1 2 2939 5596 5598
1 2 5596 802 5597
1 2 5598 5597 2940
1 2 5596 5597 5598
1 2 2941 11125 11127
1 2 11125 2940 11126
1 2 11127 11126 259
1 2 11125 11126 11127
1 2 2939 5598 14926
1 2 5598 2940 11125
1 2 14926 11125 2941
1 2 5598 11125 14926
1 2 801 6610 6612
1 2 6610 3203 6611
1 2 6612 6611 3206
1 2 6610 6611 6612
1 2 3203 8013 8014
1 2 8013 802 5596
1 2 8014 5596 2939
1 2 8013 5596 8014
1 2 3206 15848 4335
1 2 15848 2939 16443
1 2 4335 16443 803
1 2 15848 16443 4335
1 2 3203 8014 6611
1 2 8014 2939 15848
1 2 6611 15848 3206
1 2 8014 15848 6611
1 2 243 6515 13908
1 2 6515 3947 11514
1 2 13908 11514 3250
1 2 6515 11514 13908
1 2 3947 15514 11512
1 2 15514 834 10029
1 2 11512 10029 2001
1 2 15514 10029 11512
1 2 3250 11513 12839
1 2 11513 2001 7785
1 2 12839 7785 801
1 2 11513 7785 12839
1 2 3947 11512 11514
1 2 11512 2001 11513
1 2 11514 11513 3250
1 2 11512 11513 11514
1 2 834 9188 10027
1 2 9188 3287 11561
1 2 10027 11561 1999
1 2 9188 11561 10027
1 2 3287 12292 12294
1 2 12292 244 12293
1 2 12294 12293 3064
1 2 12292 12293 12294
1 2 1999 13214 14017
1 2 13214 3064 6759
1 2 14017 6759 835
1 2 13214 6759 14017
1 2 3287 12294 11561
1 2 12294 3064 13214
1 2 11561 13214 1999
1 2 12294 13214 11561
1 2 801 6364 6365
1 2 6364 2000 5199
1 2 6365 5199 3201
1 2 6364 5199 6365
1 2 2000 14568 5197
1 2 14568 835 12436
1 2 5197 12436 1467
1 2 14568 12436 5197
1 2 3201 5198 7741
1 2 5198 1467 7740
1 2 7741 7740 260
1 2 5198 7740 7741
1 2 2000 5197 5199
1 2 5197 1467 5198
1 2 5199 5198 3201
1 2 5197 5198 5199
1 2 834 10027 10029
1 2 10027 1999 10028
1 2 10029 10028 2001
1 2 10027 10028 10029
1 2 1999 14017 12921
1 2 14017 835 14568
1 2 12921 14568 2000
1 2 14017 14568 12921
1 2 2001 7784 7785
1 2 7784 2000 6364
1 2 7785 6364 801
1 2 7784 6364 7785
1 2 1999 12921 10028
1 2 12921 2000 7784
1 2 10028 7784 2001
1 2 12921 7784 10028
1 2 244 8375 12293
1 2 8375 2458 14583
1 2 12293 14583 3064
1 2 8375 14583 12293
1 2 2458 14615 14582
1 2 14615 589 8495
1 2 14582 8495 3063
1 2 14615 8495 14582
1 2 3064 6757 6759
1 2 6757 3063 6758
1 2 6759 6758 835
1 2 6757 6758 6759
1 2 2458 14582 14583
1 2 14582 3063 6757
1 2 14583 6757 3064
1 2 14582 6757 14583
1 2 589 7018 7020
1 2 7018 4208 7019
1 2 7020 7019 4037
1 2 7018 7019 7020
1 2 4208 10361 14097
1 2 10361 261 14871
1 2 14097 14871 4194
1 2 10361 14871 14097
1 2 4037 6787 6789
1 2 6787 4194 6788
1 2 6789 6788 778
1 2 6787 6788 6789
1 2 4208 14097 7019
1 2 14097 4194 6787
1 2 7019 6787 4037
1 2 14097 6787 7019
1 2 835 12434 12436
1 2 12434 1465 12435
1 2 12436 12435 1467
1 2 12434 12435 12436
1 2 1465 11921 11923
1 2 11921 778 11922
1 2 11923 11922 1466
1 2 11921 11922 11923
1 2 1467 12872 7740
1 2 12872 1466 12873
1 2 7740 12873 260
1 2 12872 12873 7740
1 2 1465 11923 12435
1 2 11923 1466 12872
1 2 12435 12872 1467
1 2 11923 12872 12435
1 2 589 7020 8495
1 2 7020 4037 8494
1 2 8495 8494 3063
1 2 7020 8494 8495
1 2 4037 6789 9106
1 2 6789 778 11921
1 2 9106 11921 1465
1 2 6789 11921 9106
1 2 3063 9107 6758
1 2 9107 1465 12434
1 2 6758 12434 835
1 2 9107 12434 6758
1 2 4037 9106 8494
1 2 9106 1465 9107
1 2 8494 9107 3063
1 2 9106 9107 8494
1 2 244 8374 8375
1 2 8374 2456 7837
1 2 8375 7837 2458
1 2 8374 7837 8375
1 2 2456 10290 7835
1 2 10290 587 15090
1 2 7835 15090 2457
1 2 10290 15090 7835
1 2 2458 7836 14615
1 2 7836 2457 4667
1 2 14615 4667 589
1 2 7836 4667 14615
1 2 2456 7835 7837
1 2 7835 2457 7836
1 2 7837 7836 2458
1 2 7835 7836 7837
1 2 587 10351 10827
1 2 10351 1662 4390
1 2 10827 4390 3603
1 2 10351 4390 10827
1 2 1662 6767 4388
1 2 6767 245 14856
1 2 4388 14856 3602
1 2 6767 14856 4388
1 2 3603 4389 4789
1 2 4389 3602 12110
1 2 4789 12110 588
1 2 4389 12110 4789
1 2 1662 4388 4390
1 2 4388 3602 4389
1 2 4390 4389 3603
1 2 4388 4389 4390
1 2 589 4666 7018
1 2 4666 3627 9496
1 2 7018 9496 4208
1 2 4666 9496 7018
1 2 3627 4790 9494
1 2 4790 588 10869
1 2 9494 10869 4071
1 2 4790 10869 9494
1 2 4208 9495 10361
1 2 9495 4071 4711
1 2 10361 4711 261
1 2 9495 4711 10361
1 2 3627 9494 9496
1 2 9494 4071 9495
1 2 9496 9495 4208
1 2 9494 9495 9496
1 2 587 10827 15090
1 2 10827 3603 16092
1 2 15090 16092 2457
1 2 10827 16092 15090
1 2 3603 4789 4791
1 2 4789 588 4790
1 2 4791 4790 3627
1 2 4789 4790 4791
1 2 2457 4665 4667
1 2 4665 3627 4666
1 2 4667 4666 589
1 2 4665 4666 4667
1 2 3603 4791 16092
1 2 4791 3627 4665
1 2 16092 4665 2457
1 2 4791 4665 16092
1 2 245 14854 14856
1 2 14854 2487 14855
1 2 14856 14855 3602
1 2 14854 14855 14856
1 2 2487 7942 12943
1 2 7942 339 12942
1 2 12943 12942 1777
1 2 7942 12942 12943
1 2 3602 12109 12110
1 2 12109 1777 10147
1 2 12110 10147 588
1 2 12109 10147 12110
1 2 2487 12943 14855
1 2 12943 1777 12109
1 2 14855 12109 3602
1 2 12943 12109 14855
1 2 339 14012 14013
1 2 14012 2366 10435
1 2 14013 10435 1775
1 2 14012 10435 14013
1 2 2366 7450 7452
1 2 7450 262 7451
1 2 7452 7451 1405
1 2 7450 7451 7452
1 2 1775 9574 9576
1 2 9574 1405 9575
1 2 9576 9575 666
1 2 9574 9575 9576
1 2 2366 7452 10435
1 2 7452 1405 9574
1 2 10435 9574 1775
1 2 7452 9574 10435
1 2 588 10146 10869
1 2 10146 1776 16400
1 2 10869 16400 4071
1 2 10146 16400 10869
1 2 1776 9193 9195
1 2 9193 666 9194
1 2 9195 9194 2277
1 2 9193 9194 9195
1 2 4071 4709 4711
1 2 4709 2277 4710
1 2 4711 4710 261
1 2 4709 4710 4711
1 2 1776 9195 16400
1 2 9195 2277 4709
1 2 16400 4709 4071
1 2 9195 4709 16400
1 2 339 14013 12942
1 2 14013 1775 9338
1 2 12942 9338 1777
1 2 14013 9338 12942
1 2 1775 9576 9336
1 2 9576 666 9193
1 2 9336 9193 1776
1 2 9576 9193 9336
1 2 1777 9337 10147
1 2 9337 1776 10146
1 2 10147 10146 588
1 2 9337 10146 10147
1 2 1775 9336 9338
1 2 9336 1776 9337
1 2 9338 9337 1777
1 2 9336 9337 9338
1 2 245 10802 14854
1 2 10802 2485 13153
1 2 14854 13153 2487
1 2 10802 13153 14854
1 2 2485 9990 13152
1 2 9990 337 11972
1 2 13152 11972 2486
1 2 9990 11972 13152
1 2 2487 7940 7942
1 2 7940 2486 7941
1 2 7942 7941 339
1 2 7940 7941 7942
1 2 2485 13152 13153
1 2 13152 2486 7940
1 2 13153 7940 2487
1 2 13152 7940 13153
1 2 337 5035 11970
1 2 5035 2840 15927
1 2 11970 15927 2842
1 2 5035 15927 11970
1 2 2840 10235 16184
1 2 10235 246 12514
1 2 16184 12514 2841
1 2 10235 12514 16184
1 2 2842 12622 10355
1 2 12622 2841 12623
1 2 10355 12623 338
1 2 12622 12623 10355
1 2 2840 16184 15927
1 2 16184 2841 12622
1 2 15927 12622 2842
1 2 16184 12622 15927
1 2 339 16315 14012
1 2 16315 4041 9225
1 2 14012 9225 2366
1 2 16315 9225 14012
1 2 4041 10356 9223
1 2 10356 338 14133
1 2 9223 14133 4100
1 2 10356 14133 9223
1 2 2366 9224 7450
1 2 9224 4100 10888
1 2 7450 10888 262
1 2 9224 10888 7450
1 2 4041 9223 9225
1 2 9223 4100 9224
1 2 9225 9224 2366
1 2 9223 9224 9225
1 2 337 11970 11972
1 2 11970 2842 11971
1 2 11972 11971 2486
1 2 11970 11971 11972
1 2 2842 10355 10357
1 2 10355 338 10356
1 2 10357 10356 4041
1 2 10355 10356 10357
1 2 2486 14073 7941
1 2 14073 4041 16315
1 2 7941 16315 339
1 2 14073 16315 7941
1 2 2842 10357 11971
1 2 10357 4041 14073
1 2 11971 14073 2486
1 2 10357 14073 11971
1 2 246 7404 12514
1 2 7404 2916 12046
1 2 12514 12046 2841
1 2 7404 12046 12514
1 2 2916 10757 10759
1 2 10757 507 10758
1 2 10759 10758 1184
1 2 10757 10758 10759
1 2 2841 12045 12623
1 2 12045 1184 12079
1 2 12623 12079 338
1 2 12045 12079 12623
1 2 2916 10759 12046
1 2 10759 1184 12045
1 2 12046 12045 2841
1 2 10759 12045 12046
1 2 507 14751 11433
1 2 14751 3817 13780
1 2 11433 13780 1182
1 2 14751 13780 11433
1 2 3817 11038 13778
1 2 11038 263 15879
1 2 13778 15879 3185
1 2 11038 15879 13778
1 2 1182 13779 14188
1 2 13779 3185 6242
1 2 14188 6242 936
1 2 13779 6242 14188
1 2 3817 13778 13780
1 2 13778 3185 13779
1 2 13780 13779 1182
1 2 13778 13779 13780
1 2 338 12078 14133
1 2 12078 1183 7417
1 2 14133 7417 4100
1 2 12078 7417 14133
1 2 1183 5487 5489
1 2 5487 936 5488
1 2 5489 5488 3993
1 2 5487 5488 5489
1 2 4100 7416 10888
1 2 7416 3993 8522
1 2 10888 8522 262
1 2 7416 8522 10888
1 2 1183 5489 7417
1 2 5489 3993 7416
1 2 7417 7416 4100
1 2 5489 7416 7417
1 2 507 11433 10758
1 2 11433 1182 7783
1 2 10758 7783 1184
1 2 11433 7783 10758
1 2 1182 14188 7781
1 2 14188 936 5487
1 2 7781 5487 1183
1 2 14188 5487 7781
1 2 1184 7782 12079
1 2 7782 1183 12078
1 2 12079 12078 338
1 2 7782 12078 12079
1 2 1182 7781 7783
1 2 7781 1183 7782
1 2 7783 7782 1184
1 2 7781 7782 7783
1 2 246 7402 7404
1 2 7402 3929 7403
1 2 7404 7403 2916
1 2 7402 7403 7404
1 2 3929 14112 14113
1 2 14112 505 10689
1 2 14113 10689 1930
1 2 14112 10689 14113
1 2 2916 14177 10757
1 2 14177 1930 14178
1 2 10757 14178 507
1 2 14177 14178 10757
1 2 3929 14113 7403
1 2 14113 1930 14177
1 2 7403 14177 2916
1 2 14113 14177 7403
1 2 505 7500 7502
1 2 7500 2423 7501
1 2 7502 7501 1928
1 2 7500 7501 7502
1 2 2423 12883 13846
1 2 12883 247 11629
1 2 13846 11629 3877
1 2 12883 11629 13846
1 2 1928 13847 12026
1 2 13847 3877 9389
1 2 12026 9389 506
1 2 13847 9389 12026
1 2 2423 13846 7501
1 2 13846 3877 13847
1 2 7501 13847 1928
1 2 13846 13847 7501
1 2 507 14749 14751
1 2 14749 1929 14750
1 2 14751 14750 3817
1 2 14749 14750 14751
1 2 1929 12027 15512
1 2 12027 506 16095
1 2 15512 16095 3398
1 2 12027 16095 15512
1 2 3817 11037 11038
1 2 11037 3398 8644
1 2 11038 8644 263
1 2 11037 8644 11038
1 2 1929 15512 14750
1 2 15512 3398 11037
1 2 14750 11037 3817
1 2 15512 11037 14750
1 2 505 7502 10689
1 2 7502 1928 8289
1 2 10689 8289 1930
1 2 7502 8289 10689
1 2 1928 12026 8287
1 2 12026 506 12027
1 2 8287 12027 1929
1 2 12026 12027 8287
1 2 1930 8288 14178
1 2 8288 1929 14749
1 2 14178 14749 507
1 2 8288 14749 14178
1 2 1928 8287 8289
1 2 8287 1929 8288
1 2 8289 8288 1930
1 2 8287 8288 8289
1 2 247 11627 11629
1 2 11627 3460 11628
1 2 11629 11628 3877
1 2 11627 11628 11629
1 2 3460 13627 13628
1 2 13627 904 9813
1 2 13628 9813 3876
1 2 13627 9813 13628
1 2 3877 9387 9389
1 2 9387 3876 9388
1 2 9389 9388 506
1 2 9387 9388 9389
1 2 3460 13628 11628
1 2 13628 3876 9387
1 2 11628 9387 3877
1 2 13628 9387 11628
1 2 904 7395 8606
1 2 7395 2014 8605
1 2 8606 8605 2026
1 2 7395 8605 8606
1 2 2014 11850 8757
1 2 11850 264 11101
1 2 8757 11101 2025
1 2 11850 11101 8757
1 2 2026 7847 7849
1 2 7847 2025 7848
1 2 7849 7848 687
1 2 7847 7848 7849
1 2 2014 8757 8605
1 2 8757 2025 7847
1 2 8605 7847 2026
1 2 8757 7847 8605
1 2 506 12524 16095
1 2 12524 3396 6633
1 2 16095 6633 3398
1 2 12524 6633 16095
1 2 3396 14878 6631
1 2 14878 687 13445
1 2 6631 13445 3397
1 2 14878 13445 6631
1 2 3398 6632 8644
1 2 6632 3397 8643
1 2 8644 8643 263
1 2 6632 8643 8644
1 2 3396 6631 6633
1 2 6631 3397 6632
1 2 6633 6632 3398
1 2 6631 6632 6633
1 2 904 8606 9813
1 2 8606 2026 9812
1 2 9813 9812 3876
1 2 8606 9812 9813
1 2 2026 7849 13353
1 2 7849 687 14878
1 2 13353 14878 3396
1 2 7849 14878 13353
1 2 3876 12523 9388
1 2 12523 3396 12524
1 2 9388 12524 506
1 2 12523 12524 9388
1 2 2026 13353 9812
1 2 13353 3396 12523
1 2 9812 12523 3876
1 2 13353 12523 9812
1 2 247 6755 11627
1 2 6755 3459 13866
1 2 11627 13866 3460
1 2 6755 13866 11627
1 2 3459 9695 14557
1 2 9695 903 5857
1 2 14557 5857 3031
1 2 9695 5857 14557
1 2 3460 14596 13627
1 2 14596 3031 4618
1 2 13627 4618 904
1 2 14596 4618 13627
1 2 3459 14557 13866
1 2 14557 3031 14596
1 2 13866 14596 3460
1 2 14557 14596 13866
1 2 903 13058 5855
1 2 13058 1398 5202
1 2 5855 5202 1785
1 2 13058 5202 5855
1 2 1398 12550 5200
1 2 12550 248 14598
1 2 5200 14598 1784
1 2 12550 14598 5200
1 2 1785 5201 15410
1 2 5201 1784 12214
1 2 15410 12214 471
1 2 5201 12214 15410
1 2 1398 5200 5202
1 2 5200 1784 5201
1 2 5202 5201 1785
1 2 5200 5201 5202
1 2 904 4617 7395
1 2 4617 2012 7394
1 2 7395 7394 2014
1 2 4617 7394 7395
1 2 2012 13079 12296
1 2 13079 471 5312
1 2 12296 5312 2013
1 2 13079 5312 12296
1 2 2014 11849 11850
1 2 11849 2013 9759
1 2 11850 9759 264
1 2 11849 9759 11850
1 2 2012 12296 7394
1 2 12296 2013 11849
1 2 7394 11849 2014
1 2 12296 11849 7394
1 2 903 5855 5857
1 2 5855 1785 5856
1 2 5857 5856 3031
1 2 5855 5856 5857
1 2 1785 15410 14660
1 2 15410 471 13079
1 2 14660 13079 2012
1 2 15410 13079 14660
1 2 3031 4616 4618
1 2 4616 2012 4617
1 2 4618 4617 904
1 2 4616 4617 4618
1 2 1785 14660 5856
1 2 14660 2012 4616
1 2 5856 4616 3031
1 2 14660 4616 5856
1 2 248 9421 14598
1 2 9421 2312 16609
1 2 14598 16609 1784
1 2 9421 16609 14598
1 2 2312 8475 8476
1 2 8475 469 7118
1 2 8476 7118 4025
1 2 8475 7118 8476
1 2 1784 12212 12214
1 2 12212 4025 12213
1 2 12214 12213 471
1 2 12212 12213 12214
1 2 2312 8476 16609
1 2 8476 4025 12212
1 2 16609 12212 1784
1 2 8476 12212 16609
1 2 469 15163 7116
1 2 15163 1400 14413
1 2 7116 14413 1402
1 2 15163 14413 7116
1 2 1400 11670 12068
1 2 11670 265 12067
1 2 12068 12067 1401
1 2 11670 12067 12068
1 2 1402 14339 8912
1 2 14339 1401 12133
1 2 8912 12133 470
1 2 14339 12133 8912
1 2 1400 12068 14413
1 2 12068 1401 14339
1 2 14413 14339 1402
1 2 12068 14339 14413
1 2 471 5310 5312
1 2 5310 2397 5311
1 2 5312 5311 2013
1 2 5310 5311 5312
1 2 2397 8913 13581
1 2 8913 470 13580
1 2 13581 13580 2398
1 2 8913 13580 13581
1 2 2013 9758 9759
1 2 9758 2398 7582
1 2 9759 7582 264
1 2 9758 7582 9759
1 2 2397 13581 5311
1 2 13581 2398 9758
1 2 5311 9758 2013
1 2 13581 9758 5311
1 2 469 7116 7118
1 2 7116 1402 7117
1 2 7118 7117 4025
1 2 7116 7117 7118
1 2 1402 8912 8914
1 2 8912 470 8913
1 2 8914 8913 2397
1 2 8912 8913 8914
1 2 4025 11231 12213
1 2 11231 2397 5310
1 2 12213 5310 471
1 2 11231 5310 12213
1 2 1402 8914 7117
1 2 8914 2397 11231
1 2 7117 11231 4025
1 2 8914 11231 7117
1 2 248 9420 9421
1 2 9420 2310 8832
1 2 9421 8832 2312
1 2 9420 8832 9421
1 2 2310 7248 7250
1 2 7248 1003 7249
1 2 7250 7249 2311
1 2 7248 7249 7250
1 2 2312 8831 8475
1 2 8831 2311 14440
1 2 8475 14440 469
1 2 8831 14440 8475
1 2 2310 7250 8832
1 2 7250 2311 8831
1 2 8832 8831 2312
1 2 7250 8831 8832
1 2 1003 12226 9688
1 2 12226 4086 5566
1 2 9688 5566 2320
1 2 12226 5566 9688
1 2 4086 16510 5564
1 2 16510 249 11633
1 2 5564 11633 4067
1 2 16510 11633 5564
1 2 2320 5565 13517
1 2 5565 4067 5220
1 2 13517 5220 1017
1 2 5565 5220 13517
1 2 4086 5564 5566
1 2 5564 4067 5565
1 2 5566 5565 2320
1 2 5564 5565 5566
1 2 469 14439 15163
1 2 14439 2321 8547
1 2 15163 8547 1400
1 2 14439 8547 15163
1 2 2321 11344 8545
1 2 11344 1017 11345
1 2 8545 11345 3205
1 2 11344 11345 8545
1 2 1400 8546 11670
1 2 8546 3205 11669
1 2 11670 11669 265
1 2 8546 11669 11670
1 2 2321 8545 8547
1 2 8545 3205 8546
1 2 8547 8546 1400
1 2 8545 8546 8547
1 2 1003 9688 7249
1 2 9688 2320 9689
1 2 7249 9689 2311
1 2 9688 9689 7249
1 2 2320 13517 9857
1 2 13517 1017 11344
1 2 9857 11344 2321
1 2 13517 11344 9857
1 2 2311 9858 14440
1 2 9858 2321 14439
1 2 14440 14439 469
1 2 9858 14439 14440
1 2 2320 9857 9689
1 2 9857 2321 9858
1 2 9689 9858 2311
1 2 9857 9858 9689
1 2 249 9254 11633
1 2 9254 3306 11632
1 2 11633 11632 4067
1 2 9254 11632 11633
1 2 3306 15831 14693
1 2 15831 1016 7081
1 2 14693 7081 4066
1 2 15831 7081 14693
1 2 4067 5218 5220
1 2 5218 4066 5219
1 2 5220 5219 1017
1 2 5218 5219 5220
1 2 3306 14693 11632
1 2 14693 4066 5218
1 2 11632 5218 4067
1 2 14693 5218 11632
1 2 1016 4821 7079
1 2 4821 3275 10690
1 2 7079 10690 4124
1 2 4821 10690 7079
1 2 3275 7225 7227
1 2 7225 266 7226
1 2 7227 7226 4173
1 2 7225 7226 7227
1 2 4124 11737 11739
1 2 11737 4173 11738
1 2 11739 11738 823
1 2 11737 11738 11739
1 2 3275 7227 10690
1 2 7227 4173 11737
1 2 10690 11737 4124
1 2 7227 11737 10690
1 2 1017 11176 11345
1 2 11176 3204 5952
1 2 11345 5952 3205
1 2 11176 5952 11345
1 2 3204 13690 5950
1 2 13690 823 5249
1 2 5950 5249 1961
1 2 13690 5249 5950
1 2 3205 5951 11669
1 2 5951 1961 8465
1 2 11669 8465 265
1 2 5951 8465 11669
1 2 3204 5950 5952
1 2 5950 1961 5951
1 2 5952 5951 3205
1 2 5950 5951 5952
1 2 1016 7079 7081
1 2 7079 4124 7080
1 2 7081 7080 4066
1 2 7079 7080 7081
1 2 4124 11739 16475
1 2 11739 823 13690
1 2 16475 13690 3204
1 2 11739 13690 16475
1 2 4066 11175 5219
1 2 11175 3204 11176
1 2 5219 11176 1017
1 2 11175 11176 5219
1 2 4124 16475 7080
1 2 16475 3204 11175
1 2 7080 11175 4066
1 2 16475 11175 7080
1 2 249 9252 9254
1 2 9252 3304 9253
1 2 9254 9253 3306
1 2 9252 9253 9254
1 2 3304 16169 11733
1 2 16169 840 16236
1 2 11733 16236 3305
1 2 16169 16236 11733
1 2 3306 11734 15831
1 2 11734 3305 16353
1 2 15831 16353 1016
1 2 11734 16353 15831
1 2 3304 11733 9253
1 2 11733 3305 11734
1 2 9253 11734 3306
1 2 11733 11734 9253
1 2 840 7207 11622
1 2 7207 4210 11621
1 2 11622 11621 3523
1 2 7207 11621 11622
1 2 4210 10391 10393
1 2 10391 250 10392
1 2 10393 10392 2610
1 2 10391 10392 10393
1 2 3523 4501 4503
1 2 4501 2610 4502
1 2 4503 4502 1045
1 2 4501 4502 4503
1 2 4210 10393 11621
1 2 10393 2610 4501
1 2 11621 4501 3523
1 2 10393 4501 11621
1 2 1016 4819 4821
1 2 4819 3274 4820
1 2 4821 4820 3275
1 2 4819 4820 4821
1 2 3274 15193 9735
1 2 15193 1045 11214
1 2 9735 11214 3069
1 2 15193 11214 9735
1 2 3275 9736 7225
1 2 9736 3069 10321
1 2 7225 10321 266
1 2 9736 10321 7225
1 2 3274 9735 4820
1 2 9735 3069 9736
1 2 4820 9736 3275
1 2 9735 9736 4820
1 2 840 11622 16236
1 2 11622 3523 16235
1 2 16236 16235 3305
1 2 11622 16235 16236
1 2 3523 4503 15194
1 2 4503 1045 15193
1 2 15194 15193 3274
1 2 4503 15193 15194
1 2 3305 16352 16353
1 2 16352 3274 4819
1 2 16353 4819 1016
1 2 16352 4819 16353
1 2 3523 15194 16235
1 2 15194 3274 16352
1 2 16235 16352 3305
1 2 15194 16352 16235
1 2 250 15614 10392
1 2 15614 2608 15777
1 2 10392 15777 2610
1 2 15614 15777 10392
1 2 2608 6564 12912
1 2 6564 744 12911
1 2 12912 12911 2609
1 2 6564 12911 12912
1 2 2610 10848 4502
1 2 10848 2609 6211
1 2 4502 6211 1045
1 2 10848 6211 4502
1 2 2608 12912 15777
1 2 12912 2609 10848
1 2 15777 10848 2610
1 2 12912 10848 15777
1 2 744 4699 9931
1 2 4699 1548 9930
1 2 9931 9930 1550
1 2 4699 9930 9931
1 2 1548 5267 5269
1 2 5267 267 5268
1 2 5269 5268 1549
1 2 5267 5268 5269
1 2 1550 13240 13757
1 2 13240 1549 11232
1 2 13757 11232 458
1 2 13240 11232 13757
1 2 1548 5269 9930
1 2 5269 1549 13240
1 2 9930 13240 1550
1 2 5269 13240 9930
1 2 1045 6210 11214
1 2 6210 2611 9704
1 2 11214 9704 3069
1 2 6210 9704 11214
1 2 2611 13758 9702
1 2 13758 458 9682
1 2 9702 9682 1468
1 2 13758 9682 9702
1 2 3069 9703 10321
1 2 9703 1468 10320
1 2 10321 10320 266
1 2 9703 10320 10321
1 2 2611 9702 9704
1 2 9702 1468 9703
1 2 9704 9703 3069
1 2 9702 9703 9704
1 2 744 9931 12911
1 2 9931 1550 4815
1 2 12911 4815 2609
1 2 9931 4815 12911
1 2 1550 13757 4813
1 2 13757 458 13758
1 2 4813 13758 2611
1 2 13757 13758 4813
1 2 2609 4814 6211
1 2 4814 2611 6210
1 2 6211 6210 1045
1 2 4814 6210 6211
1 2 1550 4813 4815
1 2 4813 2611 4814
1 2 4815 4814 2609
1 2 4813 4814 4815
1 2 250 14375 15614
1 2 14375 2364 10530
1 2 15614 10530 2608
1 2 14375 10530 15614
1 2 2364 6858 10529
1 2 6858 742 4553
1 2 10529 4553 1562
1 2 6858 4553 10529
1 2 2608 6562 6564
1 2 6562 1562 6563
1 2 6564 6563 744
1 2 6562 6563 6564
1 2 2364 10529 10530
1 2 10529 1562 6562
1 2 10530 6562 2608
1 2 10529 6562 10530
1 2 742 5635 4551
1 2 5635 3061 8320
1 2 4551 8320 1560
1 2 5635 8320 4551
1 2 3061 13584 8318
1 2 13584 251 16274
1 2 8318 16274 3062
1 2 13584 16274 8318
1 2 1560 8319 4238
1 2 8319 3062 10688
1 2 4238 10688 743
1 2 8319 10688 4238
1 2 3061 8318 8320
1 2 8318 3062 8319
1 2 8320 8319 1560
1 2 8318 8319 8320
1 2 744 4697 4699
1 2 4697 1561 4698
1 2 4699 4698 1548
1 2 4697 4698 4699
1 2 1561 4239 4658
1 2 4239 743 4657
1 2 4658 4657 1384
1 2 4239 4657 4658
1 2 1548 13942 5267
1 2 13942 1384 13943
1 2 5267 13943 267
1 2 13942 13943 5267
1 2 1561 4658 4698
1 2 4658 1384 13942
1 2 4698 13942 1548
1 2 4658 13942 4698
1 2 742 4551 4553
1 2 4551 1560 4552
1 2 4553 4552 1562
1 2 4551 4552 4553
1 2 1560 4238 4240
1 2 4238 743 4239
1 2 4240 4239 1561
1 2 4238 4239 4240
1 2 1562 13916 6563
1 2 13916 1561 4697
1 2 6563 4697 744
1 2 13916 4697 6563
1 2 1560 4240 4552
1 2 4240 1561 13916
1 2 4552 13916 1562
1 2 4240 13916 4552
1 2 251 4708 16274
1 2 4708 3593 16326
1 2 16274 16326 3062
1 2 4708 16326 16274
1 2 3593 13831 16620
1 2 13831 421 10415
1 2 16620 10415 3368
1 2 13831 10415 16620
1 2 3062 10686 10688
1 2 10686 3368 10687
1 2 10688 10687 743
1 2 10686 10687 10688
1 2 3593 16620 16326
1 2 16620 3368 10686
1 2 16326 10686 3062
1 2 16620 10686 16326
1 2 421 9675 10413
1 2 9675 3822 13678
1 2 10413 13678 3367
1 2 9675 13678 10413
1 2 3822 4739 4741
1 2 4739 268 4740
1 2 4741 4740 3850
1 2 4739 4740 4741
1 2 3367 8415 8417
1 2 8415 3850 8416
1 2 8417 8416 943
1 2 8415 8416 8417
1 2 3822 4741 13678
1 2 4741 3850 8415
1 2 13678 8415 3367
1 2 4741 8415 13678
1 2 743 14512 4657
1 2 14512 1382 12471
1 2 4657 12471 1384
1 2 14512 12471 4657
1 2 1382 14783 12469
1 2 14783 943 12175
1 2 12469 12175 1383
1 2 14783 12175 12469
1 2 1384 12470 13943
1 2 12470 1383 14407
1 2 13943 14407 267
1 2 12470 14407 13943
1 2 1382 12469 12471
1 2 12469 1383 12470
1 2 12471 12470 1384
1 2 12469 12470 12471
1 2 421 10413 10415
1 2 10413 3367 10414
1 2 10415 10414 3368
1 2 10413 10414 10415
1 2 3367 8417 12769
1 2 8417 943 14783
1 2 12769 14783 1382
1 2 8417 14783 12769
1 2 3368 12770 10687
1 2 12770 1382 14512
1 2 10687 14512 743
1 2 12770 14512 10687
1 2 3367 12769 10414
1 2 12769 1382 12770
1 2 10414 12770 3368
1 2 12769 12770 10414
1 2 251 4706 4708
1 2 4706 2594 4707
1 2 4708 4707 3593
1 2 4706 4707 4708
1 2 2594 8655 12966
1 2 8655 419 6375
1 2 12966 6375 1689
1 2 8655 6375 12966
1 2 3593 12967 13831
1 2 12967 1689 11936
1 2 13831 11936 421
1 2 12967 11936 13831
1 2 2594 12966 4707
1 2 12966 1689 12967
1 2 4707 12967 3593
1 2 12966 12967 4707
1 2 419 8225 6373
1 2 8225 3435 8226
1 2 6373 8226 1687
1 2 8225 8226 6373
1 2 3435 8376 8378
1 2 8376 252 8377
1 2 8378 8377 3436
1 2 8376 8377 8378
1 2 1687 11286 11288
1 2 11286 3436 11287
1 2 11288 11287 420
1 2 11286 11287 11288
1 2 3435 8378 8226
1 2 8378 3436 11286
1 2 8226 11286 1687
1 2 8378 11286 8226
1 2 421 9673 9675
1 2 9673 1688 9674
1 2 9675 9674 3822
1 2 9673 9674 9675
1 2 1688 13400 10406
1 2 13400 420 13401
1 2 10406 13401 3763
1 2 13400 13401 10406
1 2 3822 10407 4739
1 2 10407 3763 7659
1 2 4739 7659 268
1 2 10407 7659 4739
1 2 1688 10406 9674
1 2 10406 3763 10407
1 2 9674 10407 3822
1 2 10406 10407 9674
1 2 419 6373 6375
1 2 6373 1687 6374
1 2 6375 6374 1689
1 2 6373 6374 6375
1 2 1687 11288 15788
1 2 11288 420 13400
1 2 15788 13400 1688
1 2 11288 13400 15788
1 2 1689 11935 11936
1 2 11935 1688 9673
1 2 11936 9673 421
1 2 11935 9673 11936
1 2 1687 15788 6374
1 2 15788 1688 11935
1 2 6374 11935 1689
1 2 15788 11935 6374
1 2 252 14409 8377
1 2 14409 2324 9621
1 2 8377 9621 3436
1 2 14409 9621 8377
1 2 2324 4456 4458
1 2 4456 785 4457
1 2 4458 4457 3133
1 2 4456 4457 4458
1 2 3436 9620 11287
1 2 9620 3133 16532
1 2 11287 16532 420
1 2 9620 16532 11287
1 2 2324 4458 9621
1 2 4458 3133 9620
1 2 9621 9620 3436
1 2 4458 9620 9621
1 2 785 11693 6899
1 2 11693 1301 11694
1 2 6899 11694 1303
1 2 11693 11694 6899
1 2 1301 7725 14807
1 2 7725 269 6579
1 2 14807 6579 1302
1 2 7725 6579 14807
1 2 1303 8775 8321
1 2 8775 1302 8776
1 2 8321 8776 579
1 2 8775 8776 8321
1 2 1301 14807 11694
1 2 14807 1302 8775
1 2 11694 8775 1303
1 2 14807 8775 11694
1 2 420 15888 13401
1 2 15888 3132 11516
1 2 13401 11516 3763
1 2 15888 11516 13401
1 2 3132 8322 11515
1 2 8322 579 5377
1 2 11515 5377 3407
1 2 8322 5377 11515
1 2 3763 7657 7659
1 2 7657 3407 7658
1 2 7659 7658 268
1 2 7657 7658 7659
1 2 3132 11515 11516
1 2 11515 3407 7657
1 2 11516 7657 3763
1 2 11515 7657 11516
1 2 785 6899 4457
1 2 6899 1303 6900
1 2 4457 6900 3133
1 2 6899 6900 4457
1 2 1303 8321 8323
1 2 8321 579 8322
1 2 8323 8322 3132
1 2 8321 8322 8323
1 2 3133 12158 16532
1 2 12158 3132 15888
1 2 16532 15888 420
1 2 12158 15888 16532
1 2 1303 8323 6900
1 2 8323 3132 12158
1 2 6900 12158 3133
1 2 8323 12158 6900
1 2 252 11930 14409
1 2 11930 2322 9560
1 2 14409 9560 2324
1 2 11930 9560 14409
1 2 2322 11494 9558
1 2 11494 883 11495
1 2 9558 11495 2323
1 2 11494 11495 9558
1 2 2324 9559 4456
1 2 9559 2323 7651
1 2 4456 7651 785
1 2 9559 7651 4456
1 2 2322 9558 9560
1 2 9558 2323 9559
1 2 9560 9559 2324
1 2 9558 9559 9560
1 2 883 10125 10862
1 2 10125 3405 10861
1 2 10862 10861 3554
1 2 10125 10861 10862
1 2 3405 7797 7799
1 2 7797 253 7798
1 2 7799 7798 3033
1 2 7797 7798 7799
1 2 3554 7786 6194
1 2 7786 3033 7787
1 2 6194 7787 697
1 2 7786 7787 6194
1 2 3405 7799 10861
1 2 7799 3033 7786
1 2 10861 7786 3554
1 2 7799 7786 10861
1 2 785 7650 11693
1 2 7650 1773 14429
1 2 11693 14429 1301
1 2 7650 14429 11693
1 2 1773 6195 14428
1 2 6195 697 8903
1 2 14428 8903 1774
1 2 6195 8903 14428
1 2 1301 7723 7725
1 2 7723 1774 7724
1 2 7725 7724 269
1 2 7723 7724 7725
1 2 1773 14428 14429
1 2 14428 1774 7723
1 2 14429 7723 1301
1 2 14428 7723 14429
1 2 883 10862 11495
1 2 10862 3554 13571
1 2 11495 13571 2323
1 2 10862 13571 11495
1 2 3554 6194 6196
1 2 6194 697 6195
1 2 6196 6195 1773
1 2 6194 6195 6196
1 2 2323 7649 7651
1 2 7649 1773 7650
1 2 7651 7650 785
1 2 7649 7650 7651
1 2 3554 6196 13571
1 2 6196 1773 7649
1 2 13571 7649 2323
1 2 6196 7649 13571
1 2 253 13323 7798
1 2 13323 2853 13682
1 2 7798 13682 3033
1 2 13323 13682 7798
1 2 2853 8472 13681
1 2 8472 695 15019
1 2 13681 15019 3032
1 2 8472 15019 13681
1 2 3033 9167 7787
1 2 9167 3032 9168
1 2 7787 9168 697
1 2 9167 9168 7787
1 2 2853 13681 13682
1 2 13681 3032 9167
1 2 13682 9167 3033
1 2 13681 9167 13682
1 2 695 6993 15843
1 2 6993 2927 11185
1 2 15843 11185 3225
1 2 6993 11185 15843
1 2 2927 12969 11183
1 2 12969 270 10178
1 2 11183 10178 2810
1 2 12969 10178 11183
1 2 3225 11184 12652
1 2 11184 2810 12205
1 2 12652 12205 696
1 2 11184 12205 12652
1 2 2927 11183 11185
1 2 11183 2810 11184
1 2 11185 11184 3225
1 2 11183 11184 11185
1 2 697 8902 8903
1 2 8902 3791 6942
1 2 8903 6942 1774
1 2 8902 6942 8903
1 2 3791 13442 6940
1 2 13442 696 13443
1 2 6940 13443 2032
1 2 13442 13443 6940
1 2 1774 6941 7724
1 2 6941 2032 9713
1 2 7724 9713 269
1 2 6941 9713 7724
1 2 3791 6940 6942
1 2 6940 2032 6941
1 2 6942 6941 1774
1 2 6940 6941 6942
1 2 695 15843 15019
1 2 15843 3225 10182
1 2 15019 10182 3032
1 2 15843 10182 15019
1 2 3225 12652 10180
1 2 12652 696 13442
1 2 10180 13442 3791
1 2 12652 13442 10180
1 2 3032 10181 9168
1 2 10181 3791 8902
1 2 9168 8902 697
1 2 10181 8902 9168
1 2 3225 10180 10182
1 2 10180 3791 10181
1 2 10182 10181 3032
1 2 10180 10181 10182
1 2 253 6984 13323
1 2 6984 1685 9449
1 2 13323 9449 2853
1 2 6984 9449 13323
1 2 1685 12102 9448
1 2 12102 1083 9659
1 2 9448 9659 2711
1 2 12102 9659 9448
1 2 2853 8470 8472
1 2 8470 2711 8471
1 2 8472 8471 695
1 2 8470 8471 8472
1 2 1685 9448 9449
1 2 9448 2711 8470
1 2 9449 8470 2853
1 2 9448 8470 9449
1 2 1083 6504 9658
1 2 6504 1460 14940
1 2 9658 14940 2709
1 2 6504 14940 9658
1 2 1460 5252 5254
1 2 5252 254 5253
1 2 5254 5253 1538
1 2 5252 5253 5254
1 2 2709 12624 12625
1 2 12624 1538 10694
1 2 12625 10694 960
1 2 12624 10694 12625
1 2 1460 5254 14940
1 2 5254 1538 12624
1 2 14940 12624 2709
1 2 5254 12624 14940
1 2 695 6991 6993
1 2 6991 2710 6992
1 2 6993 6992 2927
1 2 6991 6992 6993
1 2 2710 11128 11130
1 2 11128 960 11129
1 2 11130 11129 2926
1 2 11128 11129 11130
1 2 2927 12968 12969
1 2 12968 2926 8647
1 2 12969 8647 270
1 2 12968 8647 12969
1 2 2710 11130 6992
1 2 11130 2926 12968
1 2 6992 12968 2927
1 2 11130 12968 6992
1 2 1083 9658 9659
1 2 9658 2709 4479
1 2 9659 4479 2711
1 2 9658 4479 9659
1 2 2709 12625 4477
1 2 12625 960 11128
1 2 4477 11128 2710
1 2 12625 11128 4477
1 2 2711 4478 8471
1 2 4478 2710 6991
1 2 8471 6991 695
1 2 4478 6991 8471
1 2 2709 4477 4479
1 2 4477 2710 4478
1 2 4479 4478 2711
1 2 4477 4478 4479
1 2 254 4402 5253
1 2 4402 1536 10815
1 2 5253 10815 1538
1 2 4402 10815 5253
1 2 1536 15110 15112
1 2 15110 400 15111
1 2 15112 15111 1537
1 2 15110 15111 15112
1 2 1538 10692 10694
1 2 10692 1537 10693
1 2 10694 10693 960
1 2 10692 10693 10694
1 2 1536 15112 10815
1 2 15112 1537 10692
1 2 10815 10692 1538
1 2 15112 10692 10815
1 2 400 10621 15987
1 2 10621 3181 11439
1 2 15987 11439 3518
1 2 10621 11439 15987
1 2 3181 8506 8508
1 2 8506 271 8507
1 2 8508 8507 3563
1 2 8506 8507 8508
1 2 3518 11438 9431
1 2 11438 3563 14501
1 2 9431 14501 959
1 2 11438 14501 9431
1 2 3181 8508 11439
1 2 8508 3563 11438
1 2 11439 11438 3518
1 2 8508 11438 11439
1 2 960 15150 11129
1 2 15150 3519 11264
1 2 11129 11264 2926
1 2 15150 11264 11129
1 2 3519 9432 11263
1 2 9432 959 14673
1 2 11263 14673 2411
1 2 9432 14673 11263
1 2 2926 8645 8647
1 2 8645 2411 8646
1 2 8647 8646 270
1 2 8645 8646 8647
1 2 3519 11263 11264
1 2 11263 2411 8645
1 2 11264 8645 2926
1 2 11263 8645 11264
1 2 400 15987 15111
1 2 15987 3518 13744
1 2 15111 13744 1537
1 2 15987 13744 15111
1 2 3518 9431 9433
1 2 9431 959 9432
1 2 9433 9432 3519
1 2 9431 9432 9433
1 2 1537 13743 10693
1 2 13743 3519 15150
1 2 10693 15150 960
1 2 13743 15150 10693
1 2 3518 9433 13744
1 2 9433 3519 13743
1 2 13744 13743 1537
1 2 9433 13743 13744
1 2 254 4400 4402
1 2 4400 3555 4401
1 2 4402 4401 1536
1 2 4400 4401 4402
1 2 3555 10369 10371
1 2 10369 398 10370
1 2 10371 10370 2604
1 2 10369 10370 10371
1 2 1536 16226 15110
1 2 16226 2604 10904
1 2 15110 10904 400
1 2 16226 10904 15110
1 2 3555 10371 4401
1 2 10371 2604 16226
1 2 4401 16226 1536
1 2 10371 16226 4401
1 2 398 6675 14321
1 2 6675 2141 14038
1 2 14321 14038 2274
1 2 6675 14038 14321
1 2 2141 10872 10874
1 2 10872 255 10873
1 2 10874 10873 2273
1 2 10872 10873 10874
1 2 2274 14037 6708
1 2 14037 2273 10965
1 2 6708 10965 399
1 2 14037 10965 6708
1 2 2141 10874 14038
1 2 10874 2273 14037
1 2 14038 14037 2274
1 2 10874 14037 14038
1 2 400 10620 10621
1 2 10620 2603 9709
1 2 10621 9709 3181
1 2 10620 9709 10621
1 2 2603 6709 9708
1 2 6709 399 7744
1 2 9708 7744 3180
1 2 6709 7744 9708
1 2 3181 9656 8506
1 2 9656 3180 9657
1 2 8506 9657 271
1 2 9656 9657 8506
1 2 2603 9708 9709
1 2 9708 3180 9656
1 2 9709 9656 3181
1 2 9708 9656 9709
1 2 398 14321 10370
1 2 14321 2274 7711
1 2 10370 7711 2604
1 2 14321 7711 10370
1 2 2274 6708 6710
1 2 6708 399 6709
1 2 6710 6709 2603
1 2 6708 6709 6710
1 2 2604 7710 10904
1 2 7710 2603 10620
1 2 10904 10620 400
1 2 7710 10620 10904
1 2 2274 6710 7711
1 2 6710 2603 7710
1 2 7711 7710 2604
1 2 6710 7710 7711
1 2 255 12786 10873
1 2 12786 4023 12787
1 2 10873 12787 2273
1 2 12786 12787 10873
1 2 4023 16304 15451
1 2 16304 1078 5370
1 2 15451 5370 4024
1 2 16304 5370 15451
1 2 2273 10963 10965
1 2 10963 4024 10964
1 2 10965 10964 399
1 2 10963 10964 10965
1 2 4023 15451 12787
1 2 15451 4024 10963
1 2 12787 10963 2273
1 2 15451 10963 12787
1 2 1078 12645 5368
1 2 12645 3560 5664
1 2 5368 5664 3561
1 2 12645 5664 5368
1 2 3560 16305 5662
1 2 16305 272 8347
1 2 5662 8347 1675
1 2 16305 8347 5662
1 2 3561 5663 9197
1 2 5663 1675 9196
1 2 9197 9196 869
1 2 5663 9196 9197
1 2 3560 5662 5664
1 2 5662 1675 5663
1 2 5664 5663 3561
1 2 5662 5663 5664
1 2 399 7742 7744
1 2 7742 4019 7743
1 2 7744 7743 3180
1 2 7742 7743 7744
1 2 4019 11728 9908
1 2 11728 869 11729
1 2 9908 11729 2015
1 2 11728 11729 9908
1 2 3180 9909 9657
1 2 9909 2015 10773
1 2 9657 10773 271
1 2 9909 10773 9657
1 2 4019 9908 7743
1 2 9908 2015 9909
1 2 7743 9909 3180
1 2 9908 9909 7743
1 2 1078 5368 5370
1 2 5368 3561 5369
1 2 5370 5369 4024
1 2 5368 5369 5370
1 2 3561 9197 6155
1 2 9197 869 11728
1 2 6155 11728 4019
1 2 9197 11728 6155
1 2 4024 6156 10964
1 2 6156 4019 7742
1 2 10964 7742 399
1 2 6156 7742 10964
1 2 3561 6155 5369
1 2 6155 4019 6156
1 2 5369 6156 4024
1 2 6155 6156 5369
1 2 256 13231 16537
1 2 13231 2085 6604
1 2 16537 6604 2087
1 2 13231 6604 16537
1 2 2085 11108 6602
1 2 11108 1069 9355
1 2 6602 9355 2086
1 2 11108 9355 6602
1 2 2087 6603 10647
1 2 6603 2086 10646
1 2 10647 10646 1070
1 2 6603 10646 10647
1 2 2085 6602 6604
1 2 6602 2086 6603
1 2 6604 6603 2087
1 2 6602 6603 6604
1 2 1069 7635 9353
1 2 7635 2201 13045
1 2 9353 13045 2340
1 2 7635 13045 9353
1 2 2201 5178 5180
1 2 5178 257 5179
1 2 5180 5179 2259
1 2 5178 5179 5180
1 2 2340 14802 15050
1 2 14802 2259 14431
1 2 15050 14431 1025
1 2 14802 14431 15050
1 2 2201 5180 13045
1 2 5180 2259 14802
1 2 13045 14802 2340
1 2 5180 14802 13045
1 2 1070 11208 11324
1 2 11208 2341 11323
1 2 11324 11323 4225
1 2 11208 11323 11324
1 2 2341 14264 14265
1 2 14264 1025 12756
1 2 14265 12756 1759
1 2 14264 12756 14265
1 2 4225 15115 15360
1 2 15115 1759 14304
1 2 15360 14304 273
1 2 15115 14304 15360
1 2 2341 14265 11323
1 2 14265 1759 15115
1 2 11323 15115 4225
1 2 14265 15115 11323
1 2 1069 9353 9355
1 2 9353 2340 9354
1 2 9355 9354 2086
1 2 9353 9354 9355
1 2 2340 15050 15051
1 2 15050 1025 14264
1 2 15051 14264 2341
1 2 15050 14264 15051
1 2 2086 11207 10646
1 2 11207 2341 11208
1 2 10646 11208 1070
1 2 11207 11208 10646
1 2 2340 15051 9354
1 2 15051 2341 11207
1 2 9354 11207 2086
1 2 15051 11207 9354
1 2 257 13274 5179
1 2 13274 2257 5934
1 2 5179 5934 2259
1 2 13274 5934 5179
1 2 2257 8684 5932
1 2 8684 736 8685
1 2 5932 8685 2258
1 2 8684 8685 5932
1 2 2259 5933 14431
1 2 5933 2258 9938
1 2 14431 9938 1025
1 2 5933 9938 14431
1 2 2257 5932 5934
1 2 5932 2258 5933
1 2 5934 5933 2259
1 2 5932 5933 5934
1 2 736 8934 9148
1 2 8934 3189 5097
1 2 9148 5097 3943
1 2 8934 5097 9148
1 2 3189 6338 5095
1 2 6338 274 6339
1 2 5095 6339 3942
1 2 6338 6339 5095
1 2 3943 5096 6606
1 2 5096 3942 6605
1 2 6606 6605 1024
1 2 5096 6605 6606
1 2 3189 5095 5097
1 2 5095 3942 5096
1 2 5097 5096 3943
1 2 5095 5096 5097
1 2 1025 9937 12756
1 2 9937 1757 12755
1 2 12756 12755 1759
1 2 9937 12755 12756
1 2 1757 4226 4228
1 2 4226 1024 4227
1 2 4228 4227 1758
1 2 4226 4227 4228
1 2 1759 14302 14304
1 2 14302 1758 14303
1 2 14304 14303 273
1 2 14302 14303 14304
1 2 1757 4228 12755
1 2 4228 1758 14302
1 2 12755 14302 1759
1 2 4228 14302 12755
1 2 736 9148 8685
1 2 9148 3943 7358
1 2 8685 7358 2258
1 2 9148 7358 8685
1 2 3943 6606 7356
1 2 6606 1024 4226
1 2 7356 4226 1757
1 2 6606 4226 7356
1 2 2258 7357 9938
1 2 7357 1757 9937
1 2 9938 9937 1025
1 2 7357 9937 9938
1 2 3943 7356 7358
1 2 7356 1757 7357
1 2 7358 7357 2258
1 2 7356 7357 7358
1 2 257 8778 13274
1 2 8778 3281 13273
1 2 13274 13273 2257
1 2 8778 13273 13274
1 2 3281 13334 13610
1 2 13334 664 16452
1 2 13610 16452 4038
1 2 13334 16452 13610
1 2 2257 13611 8684
1 2 13611 4038 9203
1 2 8684 9203 736
1 2 13611 9203 8684
1 2 3281 13610 13273
1 2 13610 4038 13611
1 2 13273 13611 2257
1 2 13610 13611 13273
1 2 664 15825 15827
1 2 15825 3730 15826
1 2 15827 15826 3732
1 2 15825 15826 15827
1 2 3730 14224 14225
1 2 14224 258 13425
1 2 14225 13425 3731
1 2 14224 13425 14225
1 2 3732 13288 13290
1 2 13288 3731 13289
1 2 13290 13289 735
1 2 13288 13289 13290
1 2 3730 14225 15826
1 2 14225 3731 13288
1 2 15826 13288 3732
1 2 14225 13288 15826
1 2 736 8932 8934
1 2 8932 3187 8933
1 2 8934 8933 3189
1 2 8932 8933 8934
1 2 3187 13776 9406
1 2 13776 735 6551
1 2 9406 6551 3188
1 2 13776 6551 9406
1 2 3189 9407 6338
1 2 9407 3188 15342
1 2 6338 15342 274
1 2 9407 15342 6338
1 2 3187 9406 8933
1 2 9406 3188 9407
1 2 8933 9407 3189
1 2 9406 9407 8933
1 2 664 15827 16452
1 2 15827 3732 15154
1 2 16452 15154 4038
1 2 15827 15154 16452
1 2 3732 13290 14124
1 2 13290 735 13776
1 2 14124 13776 3187
1 2 13290 13776 14124
1 2 4038 9202 9203
1 2 9202 3187 8932
1 2 9203 8932 736
1 2 9202 8932 9203
1 2 3732 14124 15154
1 2 14124 3187 9202
1 2 15154 9202 4038
1 2 14124 9202 15154
1 2 258 13424 13425
1 2 13424 4158 6486
1 2 13425 6486 3731
1 2 13424 6486 13425
1 2 4158 16476 6484
1 2 16476 322 8261
1 2 6484 8261 4193
1 2 16476 8261 6484
1 2 3731 6485 13289
1 2 6485 4193 12553
1 2 13289 12553 735
1 2 6485 12553 13289
1 2 4158 6484 6486
1 2 6484 4193 6485
1 2 6486 6485 3731
1 2 6484 6485 6486
1 2 322 8937 8259
1 2 8937 4179 12340
1 2 8259 12340 4181
1 2 8937 12340 8259
1 2 4179 13167 12339
1 2 13167 275 13168
1 2 12339 13168 4180
1 2 13167 13168 12339
1 2 4181 4659 4661
1 2 4659 4180 4660
1 2 4661 4660 964
1 2 4659 4660 4661
1 2 4179 12339 12340
1 2 12339 4180 4659
1 2 12340 4659 4181
1 2 12339 4659 12340
1 2 735 6549 6551
1 2 6549 4149 6550
1 2 6551 6550 3188
1 2 6549 6550 6551
1 2 4149 9724 9726
1 2 9724 964 9725
1 2 9726 9725 4150
1 2 9724 9725 9726
1 2 3188 14819 15342
1 2 14819 4150 15341
1 2 15342 15341 274
1 2 14819 15341 15342
1 2 4149 9726 6550
1 2 9726 4150 14819
1 2 6550 14819 3188
1 2 9726 14819 6550
1 2 322 8259 8261
1 2 8259 4181 8260
1 2 8261 8260 4193
1 2 8259 8260 8261
1 2 4181 4661 13129
1 2 4661 964 9724
1 2 13129 9724 4149
1 2 4661 9724 13129
1 2 4193 12552 12553
1 2 12552 4149 6549
1 2 12553 6549 735
1 2 12552 6549 12553
1 2 4181 13129 8260
1 2 13129 4149 12552
1 2 8260 12552 4193
1 2 13129 12552 8260
1 2 258 5411 13424
1 2 5411 3962 13033
1 2 13424 13033 4158
1 2 5411 13033 13424
1 2 3962 4686 4688
1 2 4686 320 4687
1 2 4688 4687 1571
1 2 4686 4687 4688
1 2 4158 13032 16476
1 2 13032 1571 7126
1 2 16476 7126 322
1 2 13032 7126 16476
1 2 3962 4688 13033
1 2 4688 1571 13032
1 2 13033 13032 4158
1 2 4688 13032 13033
1 2 320 16538 11973
1 2 16538 1225 12980
1 2 11973 12980 1569
1 2 16538 12980 11973
1 2 1225 15202 12978
1 2 15202 259 15203
1 2 12978 15203 3262
1 2 15202 15203 12978
1 2 1569 12979 11806
1 2 12979 3262 6174
1 2 11806 6174 321
1 2 12979 6174 11806
1 2 1225 12978 12980
1 2 12978 3262 12979
1 2 12980 12979 1569
1 2 12978 12979 12980
1 2 322 7125 8937
1 2 7125 1570 8936
1 2 8937 8936 4179
1 2 7125 8936 8937
1 2 1570 10907 10908
1 2 10907 321 8566
1 2 10908 8566 3320
1 2 10907 8566 10908
1 2 4179 11373 13167
1 2 11373 3320 14649
1 2 13167 14649 275
1 2 11373 14649 13167
1 2 1570 10908 8936
1 2 10908 3320 11373
1 2 8936 11373 4179
1 2 10908 11373 8936
1 2 320 11973 4687
1 2 11973 1569 6804
1 2 4687 6804 1571
1 2 11973 6804 4687
1 2 1569 11806 6802
1 2 11806 321 10907
1 2 6802 10907 1570
1 2 11806 10907 6802
1 2 1571 6803 7126
1 2 6803 1570 7125
1 2 7126 7125 322
1 2 6803 7125 7126
1 2 1569 6802 6804
1 2 6802 1570 6803
1 2 6804 6803 1571
1 2 6802 6803 6804
1 2 259 14047 15203
1 2 14047 3613 12984
1 2 15203 12984 3262
1 2 14047 12984 15203
1 2 3613 11557 12983
1 2 11557 806 13009
1 2 12983 13009 3614
1 2 11557 13009 12983
1 2 3262 6172 6174
1 2 6172 3614 6173
1 2 6174 6173 321
1 2 6172 6173 6174
1 2 3613 12983 12984
1 2 12983 3614 6172
1 2 12984 6172 3262
1 2 12983 6172 12984
1 2 806 10197 13008
1 2 10197 3096 14517
1 2 13008 14517 3098
1 2 10197 14517 13008
1 2 3096 12080 15734
1 2 12080 276 15733
1 2 15734 15733 3097
1 2 12080 15733 15734
1 2 3098 13217 6487
1 2 13217 3097 13218
1 2 6487 13218 1047
1 2 13217 13218 6487
1 2 3096 15734 14517
1 2 15734 3097 13217
1 2 14517 13217 3098
1 2 15734 13217 14517
1 2 321 8564 8566
1 2 8564 3318 8565
1 2 8566 8565 3320
1 2 8564 8565 8566
1 2 3318 6488 11066
1 2 6488 1047 11065
1 2 11066 11065 3319
1 2 6488 11065 11066
1 2 3320 14647 14649
1 2 14647 3319 14648
1 2 14649 14648 275
1 2 14647 14648 14649
1 2 3318 11066 8565
1 2 11066 3319 14647
1 2 8565 14647 3320
1 2 11066 14647 8565
1 2 806 13008 13009
1 2 13008 3098 9623
1 2 13009 9623 3614
1 2 13008 9623 13009
1 2 3098 6487 6489
1 2 6487 1047 6488
1 2 6489 6488 3318
1 2 6487 6488 6489
1 2 3614 9622 6173
1 2 9622 3318 8564
1 2 6173 8564 321
1 2 9622 8564 6173
1 2 3098 6489 9623
1 2 6489 3318 9622
1 2 9623 9622 3614
1 2 6489 9622 9623
1 2 259 11126 14047
1 2 11126 2940 14046
1 2 14047 14046 3613
1 2 11126 14046 14047
1 2 2940 5597 13074
1 2 5597 802 13073
1 2 13074 13073 4115
1 2 5597 13073 13074
1 2 3613 11555 11557
1 2 11555 4115 11556
1 2 11557 11556 806
1 2 11555 11556 11557
1 2 2940 13074 14046
1 2 13074 4115 11555
1 2 14046 11555 3613
1 2 13074 11555 14046
1 2 802 4955 4957
1 2 4955 3202 4956
1 2 4957 4956 3406
1 2 4955 4956 4957
1 2 3202 6656 6658
1 2 6656 260 6657
1 2 6658 6657 2942
1 2 6656 6657 6658
1 2 3406 13804 7889
1 2 13804 2942 13805
1 2 7889 13805 805
1 2 13804 13805 7889
1 2 3202 6658 4956
1 2 6658 2942 13804
1 2 4956 13804 3406
1 2 6658 13804 4956
1 2 806 10196 10197
1 2 10196 4093 5330
1 2 10197 5330 3096
1 2 10196 5330 10197
1 2 4093 7890 5328
1 2 7890 805 10116
1 2 5328 10116 1837
1 2 7890 10116 5328
1 2 3096 5329 12080
1 2 5329 1837 4691
1 2 12080 4691 276
1 2 5329 4691 12080
1 2 4093 5328 5330
1 2 5328 1837 5329
1 2 5330 5329 3096
1 2 5328 5329 5330
1 2 802 4957 13073
1 2 4957 3406 11475
1 2 13073 11475 4115
1 2 4957 11475 13073
1 2 3406 7889 7891
1 2 7889 805 7890
1 2 7891 7890 4093
1 2 7889 7890 7891
1 2 4115 11474 11556
1 2 11474 4093 10196
1 2 11556 10196 806
1 2 11474 10196 11556
1 2 3406 7891 11475
1 2 7891 4093 11474
1 2 11475 11474 4115
1 2 7891 11474 11475
1 2 260 15992 6657
1 2 15992 1599 6191
1 2 6657 6191 2942
1 2 15992 6191 6657
1 2 1599 10682 6189
1 2 10682 780 13923
1 2 6189 13923 2578
1 2 10682 13923 6189
1 2 2942 6190 13805
1 2 6190 2578 15297
1 2 13805 15297 805
1 2 6190 15297 13805
1 2 1599 6189 6191
1 2 6189 2578 6190
1 2 6191 6190 2942
1 2 6189 6190 6191
1 2 780 7253 7255
1 2 7253 2098 7254
1 2 7255 7254 2577
1 2 7253 7254 7255
1 2 2098 9396 9398
1 2 9396 277 9397
1 2 9398 9397 3172
1 2 9396 9397 9398
1 2 2577 14363 12742
1 2 14363 3172 16251
1 2 12742 16251 992
1 2 14363 16251 12742
1 2 2098 9398 7254
1 2 9398 3172 14363
1 2 7254 14363 2577
1 2 9398 14363 7254
1 2 805 10114 10116
1 2 10114 1835 10115
1 2 10116 10115 1837
1 2 10114 10115 10116
1 2 1835 11901 11903
1 2 11901 992 11902
1 2 11903 11902 1836
1 2 11901 11902 11903
1 2 1837 4689 4691
1 2 4689 1836 4690
1 2 4691 4690 276
1 2 4689 4690 4691
1 2 1835 11903 10115
1 2 11903 1836 4689
1 2 10115 4689 1837
1 2 11903 4689 10115
1 2 780 7255 13923
1 2 7255 2577 13922
1 2 13923 13922 2578
1 2 7255 13922 13923
1 2 2577 12742 12743
1 2 12742 992 11901
1 2 12743 11901 1835
1 2 12742 11901 12743
1 2 2578 16549 15297
1 2 16549 1835 10114
1 2 15297 10114 805
1 2 16549 10114 15297
1 2 2577 12743 13922
1 2 12743 1835 16549
1 2 13922 16549 2578
1 2 12743 16549 13922
1 2 260 12873 15992
1 2 12873 1466 12955
1 2 15992 12955 1599
1 2 12873 12955 15992
1 2 1466 11922 12954
1 2 11922 778 15411
1 2 12954 15411 1598
1 2 11922 15411 12954
1 2 1599 10681 10682
1 2 10681 1598 10117
1 2 10682 10117 780
1 2 10681 10117 10682
1 2 1466 12954 12955
1 2 12954 1598 10681
1 2 12955 10681 1599
1 2 12954 10681 12955
1 2 778 6788 14419
1 2 6788 4194 14080
1 2 14419 14080 2048
1 2 6788 14080 14419
1 2 4194 14871 14078
1 2 14871 261 12521
1 2 14078 12521 4126
1 2 14871 12521 14078
1 2 2048 14079 14892
1 2 14079 4126 12232
1 2 14892 12232 779
1 2 14079 12232 14892
1 2 4194 14078 14080
1 2 14078 4126 14079
1 2 14080 14079 2048
1 2 14078 14079 14080
1 2 780 7599 7253
1 2 7599 2049 7600
1 2 7253 7600 2098
1 2 7599 7600 7253
1 2 2049 16338 15945
1 2 16338 779 16289
1 2 15945 16289 2097
1 2 16338 16289 15945
1 2 2098 15946 9396
1 2 15946 2097 12115
1 2 9396 12115 277
1 2 15946 12115 9396
1 2 2049 15945 7600
1 2 15945 2097 15946
1 2 7600 15946 2098
1 2 15945 15946 7600
1 2 778 14419 15411
1 2 14419 2048 6223
1 2 15411 6223 1598
1 2 14419 6223 15411
1 2 2048 14892 6221
1 2 14892 779 16338
1 2 6221 16338 2049
1 2 14892 16338 6221
1 2 1598 6222 10117
1 2 6222 2049 7599
1 2 10117 7599 780
1 2 6222 7599 10117
1 2 2048 6221 6223
1 2 6221 2049 6222
1 2 6223 6222 1598
1 2 6221 6222 6223
1 2 261 12520 12521
1 2 12520 2279 10855
1 2 12521 10855 4126
1 2 12520 10855 12521
1 2 2279 6672 6673
1 2 6672 668 4761
1 2 6673 4761 2455
1 2 6672 4761 6673
1 2 4126 10854 12232
1 2 10854 2455 12231
1 2 12232 12231 779
1 2 10854 12231 12232
1 2 2279 6673 10855
1 2 6673 2455 10854
1 2 10855 10854 4126
1 2 6673 10854 10855
1 2 668 4259 4261
1 2 4259 2029 4260
1 2 4261 4260 2031
1 2 4259 4260 4261
1 2 2029 9117 9119
1 2 9117 278 9118
1 2 9119 9118 2030
1 2 9117 9118 9119
1 2 2031 12165 12167
1 2 12165 2030 12166
1 2 12167 12166 1015
1 2 12165 12166 12167
1 2 2029 9119 4260
1 2 9119 2030 12165
1 2 4260 12165 2031
1 2 9119 12165 4260
1 2 779 13223 16289
1 2 13223 2454 10674
1 2 16289 10674 2097
1 2 13223 10674 16289
1 2 2454 11280 10672
1 2 11280 1015 11281
1 2 10672 11281 4133
1 2 11280 11281 10672
1 2 2097 10673 12115
1 2 10673 4133 12114
1 2 12115 12114 277
1 2 10673 12114 12115
1 2 2454 10672 10674
1 2 10672 4133 10673
1 2 10674 10673 2097
1 2 10672 10673 10674
1 2 668 4261 4761
1 2 4261 2031 4760
1 2 4761 4760 2455
1 2 4261 4760 4761
1 2 2031 12167 14024
1 2 12167 1015 11280
1 2 14024 11280 2454
1 2 12167 11280 14024
1 2 2455 13222 12231
1 2 13222 2454 13223
1 2 12231 13223 779
1 2 13222 13223 12231
1 2 2031 14024 4760
1 2 14024 2454 13222
1 2 4760 13222 2455
1 2 14024 13222 4760
1 2 261 4710 12520
1 2 4710 2277 16036
1 2 12520 16036 2279
1 2 4710 16036 12520
1 2 2277 9194 15137
1 2 9194 666 11084
1 2 15137 11084 2278
1 2 9194 11084 15137
1 2 2279 7105 6672
1 2 7105 2278 7106
1 2 6672 7106 668
1 2 7105 7106 6672
1 2 2277 15137 16036
1 2 15137 2278 7105
1 2 16036 7105 2279
1 2 15137 7105 16036
1 2 666 9575 9794
1 2 9575 1405 9793
1 2 9794 9793 1407
1 2 9575 9793 9794
1 2 1405 7451 8781
1 2 7451 262 8780
1 2 8781 8780 1406
1 2 7451 8780 8781
1 2 1407 16484 4827
1 2 16484 1406 16378
1 2 4827 16378 667
1 2 16484 16378 4827
1 2 1405 8781 9793
1 2 8781 1406 16484
1 2 9793 16484 1407
1 2 8781 16484 9793
1 2 668 8958 4259
1 2 8958 3449 8691
1 2 4259 8691 2029
1 2 8958 8691 4259
1 2 3449 4828 8689
1 2 4828 667 6458
1 2 8689 6458 3450
1 2 4828 6458 8689
1 2 2029 8690 9117
1 2 8690 3450 13305
1 2 9117 13305 278
1 2 8690 13305 9117
1 2 3449 8689 8691
1 2 8689 3450 8690
1 2 8691 8690 2029
1 2 8689 8690 8691
1 2 666 9794 11084
1 2 9794 1407 8380
1 2 11084 8380 2278
1 2 9794 8380 11084
1 2 1407 4827 4829
1 2 4827 667 4828
1 2 4829 4828 3449
1 2 4827 4828 4829
1 2 2278 8379 7106
1 2 8379 3449 8958
1 2 7106 8958 668
1 2 8379 8958 7106
1 2 1407 4829 8380
1 2 4829 3449 8379
1 2 8380 8379 2278
1 2 4829 8379 8380
1 2 262 8524 8780
1 2 8524 3994 15624
1 2 8780 15624 1406
1 2 8524 15624 8780
1 2 3994 13975 14462
1 2 13975 1052 14461
1 2 14462 14461 1306
1 2 13975 14461 14462
1 2 1406 15623 16378
1 2 15623 1306 16377
1 2 16378 16377 667
1 2 15623 16377 16378
1 2 3994 14462 15624
1 2 14462 1306 15623
1 2 15624 15623 1406
1 2 14462 15623 15624
1 2 1052 7497 7499
1 2 7497 1175 7498
1 2 7499 7498 1304
1 2 7497 7498 7499
1 2 1175 4339 9282
1 2 4339 279 15569
1 2 9282 15569 4213
1 2 4339 15569 9282
1 2 1304 9283 5555
1 2 9283 4213 15618
1 2 5555 15618 1081
1 2 9283 15618 5555
1 2 1175 9282 7498
1 2 9282 4213 9283
1 2 7498 9283 1304
1 2 9282 9283 7498
1 2 667 6456 6458
1 2 6456 1305 6457
1 2 6458 6457 3450
1 2 6456 6457 6458
1 2 1305 5556 7903
1 2 5556 1081 14295
1 2 7903 14295 4220
1 2 5556 14295 7903
1 2 3450 7904 13305
1 2 7904 4220 13304
1 2 13305 13304 278
1 2 7904 13304 13305
1 2 1305 7903 6457
1 2 7903 4220 7904
1 2 6457 7904 3450
1 2 7903 7904 6457
1 2 1052 7499 14461
1 2 7499 1304 12409
1 2 14461 12409 1306
1 2 7499 12409 14461
1 2 1304 5555 5557
1 2 5555 1081 5556
1 2 5557 5556 1305
1 2 5555 5556 5557
1 2 1306 12408 16377
1 2 12408 1305 6456
1 2 16377 6456 667
1 2 12408 6456 16377
1 2 1304 5557 12409
1 2 5557 1305 12408
1 2 12409 12408 1306
1 2 5557 12408 12409
1 2 262 8522 8524
1 2 8522 3993 8523
1 2 8524 8523 3994
1 2 8522 8523 8524
1 2 3993 5488 9242
1 2 5488 936 14703
1 2 9242 14703 2979
1 2 5488 14703 9242
1 2 3994 9243 13975
1 2 9243 2979 5373
1 2 13975 5373 1052
1 2 9243 5373 13975
1 2 3993 9242 8523
1 2 9242 2979 9243
1 2 8523 9243 3994
1 2 9242 9243 8523
1 2 936 6242 6244
1 2 6242 3185 6243
1 2 6244 6243 2978
1 2 6242 6243 6244
1 2 3185 15879 11721
1 2 15879 263 16392
1 2 11721 16392 3186
1 2 15879 16392 11721
1 2 2978 11722 4498
1 2 11722 3186 8224
1 2 4498 8224 1051
1 2 11722 8224 4498
1 2 3185 11721 6243
1 2 11721 3186 11722
1 2 6243 11722 2978
1 2 11721 11722 6243
1 2 1052 5372 7497
1 2 5372 1173 13026
1 2 7497 13026 1175
1 2 5372 13026 7497
1 2 1173 4499 8855
1 2 4499 1051 8854
1 2 8855 8854 1174
1 2 4499 8854 8855
1 2 1175 4337 4339
1 2 4337 1174 4338
1 2 4339 4338 279
1 2 4337 4338 4339
1 2 1173 8855 13026
1 2 8855 1174 4337
1 2 13026 4337 1175
1 2 8855 4337 13026
1 2 936 6244 14703
1 2 6244 2978 14702
1 2 14703 14702 2979
1 2 6244 14702 14703
1 2 2978 4498 4500
1 2 4498 1051 4499
1 2 4500 4499 1173
1 2 4498 4499 4500
1 2 2979 5371 5373
1 2 5371 1173 5372
1 2 5373 5372 1052
1 2 5371 5372 5373
1 2 2978 4500 14702
1 2 4500 1173 5371
1 2 14702 5371 2979
1 2 4500 5371 14702
1 2 263 16446 16392
1 2 16446 4064 13172
1 2 16392 13172 3186
1 2 16446 13172 16392
1 2 4064 8742 8744
1 2 8742 689 8743
1 2 8744 8743 3798
1 2 8742 8743 8744
1 2 3186 8223 8224
1 2 8223 3798 5460
1 2 8224 5460 1051
1 2 8223 5460 8224
1 2 4064 8744 13172
1 2 8744 3798 8223
1 2 13172 8223 3186
1 2 8744 8223 13172
1 2 689 7853 7855
1 2 7853 4102 7854
1 2 7855 7854 3796
1 2 7853 7854 7855
1 2 4102 7876 7878
1 2 7876 280 7877
1 2 7878 7877 4103
1 2 7876 7877 7878
1 2 3796 10040 10457
1 2 10040 4103 10456
1 2 10457 10456 1050
1 2 10040 10456 10457
1 2 4102 7878 7854
1 2 7878 4103 10040
1 2 7854 10040 3796
1 2 7878 10040 7854
1 2 1051 5459 8854
1 2 5459 3797 14397
1 2 8854 14397 1174
1 2 5459 14397 8854
1 2 3797 10309 10311
1 2 10309 1050 10310
1 2 10311 10310 4219
1 2 10309 10310 10311
1 2 1174 14396 4338
1 2 14396 4219 15581
1 2 4338 15581 279
1 2 14396 15581 4338
1 2 3797 10311 14397
1 2 10311 4219 14396
1 2 14397 14396 1174
1 2 10311 14396 14397
1 2 689 7855 8743
1 2 7855 3796 15574
1 2 8743 15574 3798
1 2 7855 15574 8743
1 2 3796 10457 15573
1 2 10457 1050 10309
1 2 15573 10309 3797
1 2 10457 10309 15573
1 2 3798 5458 5460
1 2 5458 3797 5459
1 2 5460 5459 1051
1 2 5458 5459 5460
1 2 3796 15573 15574
1 2 15573 3797 5458
1 2 15574 5458 3798
1 2 15573 5458 15574
1 2 263 8643 16446
1 2 8643 3397 15303
1 2 16446 15303 4064
1 2 8643 15303 16446
1 2 3397 13445 13447
1 2 13445 687 13446
1 2 13447 13446 2231
1 2 13445 13446 13447
1 2 4064 15302 8742
1 2 15302 2231 16168
1 2 8742 16168 689
1 2 15302 16168 8742
1 2 3397 13447 15303
1 2 13447 2231 15302
1 2 15303 15302 4064
1 2 13447 15302 15303
1 2 687 7848 15067
1 2 7848 2025 8493
1 2 15067 8493 2229
1 2 7848 8493 15067
1 2 2025 11101 8491
1 2 11101 264 11102
1 2 8491 11102 3885
1 2 11101 11102 8491
1 2 2229 8492 11364
1 2 8492 3885 11363
1 2 11364 11363 688
1 2 8492 11363 11364
1 2 2025 8491 8493
1 2 8491 3885 8492
1 2 8493 8492 2229
1 2 8491 8492 8493
1 2 689 15022 7853
1 2 15022 2230 13427
1 2 7853 13427 4102
1 2 15022 13427 7853
1 2 2230 12502 13426
1 2 12502 688 11724
1 2 13426 11724 4152
1 2 12502 11724 13426
1 2 4102 10595 7876
1 2 10595 4152 8069
1 2 7876 8069 280
1 2 10595 8069 7876
1 2 2230 13426 13427
1 2 13426 4152 10595
1 2 13427 10595 4102
1 2 13426 10595 13427
1 2 687 15067 13446
1 2 15067 2229 13025
1 2 13446 13025 2231
1 2 15067 13025 13446
1 2 2229 11364 12503
1 2 11364 688 12502
1 2 12503 12502 2230
1 2 11364 12502 12503
1 2 2231 13024 16168
1 2 13024 2230 15022
1 2 16168 15022 689
1 2 13024 15022 16168
1 2 2229 12503 13025
1 2 12503 2230 13024
1 2 13025 13024 2231
1 2 12503 13024 13025
1 2 264 7584 11102
1 2 7584 3607 12118
1 2 11102 12118 3885
1 2 7584 12118 11102
1 2 3607 14981 12116
1 2 14981 680 11854
1 2 12116 11854 3884
1 2 14981 11854 12116
1 2 3885 12117 11363
1 2 12117 3884 10122
1 2 11363 10122 688
1 2 12117 10122 11363
1 2 3607 12116 12118
1 2 12116 3884 12117
1 2 12118 12117 3885
1 2 12116 12117 12118
1 2 680 5724 5726
1 2 5724 3556 5725
1 2 5726 5725 3558
1 2 5724 5725 5726
1 2 3556 11395 6430
1 2 11395 281 14599
1 2 6430 14599 3557
1 2 11395 14599 6430
1 2 3558 6431 8462
1 2 6431 3557 16624
1 2 8462 16624 1087
1 2 6431 16624 8462
1 2 3556 6430 5725
1 2 6430 3557 6431
1 2 5725 6431 3558
1 2 6430 6431 5725
1 2 688 10121 11724
1 2 10121 4109 11723
1 2 11724 11723 4152
1 2 10121 11723 11724
1 2 4109 8463 9247
1 2 8463 1087 9246
1 2 9247 9246 4200
1 2 8463 9246 9247
1 2 4152 8067 8069
1 2 8067 4200 8068
1 2 8069 8068 280
1 2 8067 8068 8069
1 2 4109 9247 11723
1 2 9247 4200 8067
1 2 11723 8067 4152
1 2 9247 8067 11723
1 2 680 5726 11854
1 2 5726 3558 9295
1 2 11854 9295 3884
1 2 5726 9295 11854
1 2 3558 8462 8464
1 2 8462 1087 8463
1 2 8464 8463 4109
1 2 8462 8463 8464
1 2 3884 9294 10122
1 2 9294 4109 10121
1 2 10122 10121 688
1 2 9294 10121 10122
1 2 3558 8464 9295
1 2 8464 4109 9294
1 2 9295 9294 3884
1 2 8464 9294 9295
1 2 264 7582 7584
1 2 7582 2398 7583
1 2 7584 7583 3607
1 2 7582 7583 7584
1 2 2398 13580 13476
1 2 13580 470 15000
1 2 13476 15000 3606
1 2 13580 15000 13476
1 2 3607 13477 14981
1 2 13477 3606 12744
1 2 14981 12744 680
1 2 13477 12744 14981
1 2 2398 13476 7583
1 2 13476 3606 13477
1 2 7583 13477 3607
1 2 13476 13477 7583
1 2 470 12133 12135
1 2 12133 1401 12134
1 2 12135 12134 3215
1 2 12133 12134 12135
1 2 1401 12067 13896
1 2 12067 265 13895
1 2 13896 13895 1442
1 2 12067 13895 13896
1 2 3215 13991 15701
1 2 13991 1442 15700
1 2 15701 15700 639
1 2 13991 15700 15701
1 2 1401 13896 12134
1 2 13896 1442 13991
1 2 12134 13991 3215
1 2 13896 13991 12134
1 2 680 10916 5724
1 2 10916 3795 10917
1 2 5724 10917 3556
1 2 10916 10917 5724
1 2 3795 16421 14832
1 2 16421 639 11411
1 2 14832 11411 1952
1 2 16421 11411 14832
1 2 3556 11393 11395
1 2 11393 1952 11394
1 2 11395 11394 281
1 2 11393 11394 11395
1 2 3795 14832 10917
1 2 14832 1952 11393
1 2 10917 11393 3556
1 2 14832 11393 10917
1 2 470 12135 15000
1 2 12135 3215 4773
1 2 15000 4773 3606
1 2 12135 4773 15000
1 2 3215 15701 4771
1 2 15701 639 16421
1 2 4771 16421 3795
1 2 15701 16421 4771
1 2 3606 4772 12744
1 2 4772 3795 10916
1 2 12744 10916 680
1 2 4772 10916 12744
1 2 3215 4771 4773
1 2 4771 3795 4772
1 2 4773 4772 3606
1 2 4771 4772 4773
1 2 265 8467 13895
1 2 8467 1440 16328
1 2 13895 16328 1442
1 2 8467 16328 13895
1 2 1440 6026 16225
1 2 6026 637 10612
1 2 16225 10612 1441
1 2 6026 10612 16225
1 2 1442 15794 15700
1 2 15794 1441 15511
1 2 15700 15511 639
1 2 15794 15511 15700
1 2 1440 16225 16328
1 2 16225 1441 15794
1 2 16328 15794 1442
1 2 16225 15794 16328
1 2 637 5278 5280
1 2 5278 3047 5279
1 2 5280 5279 3049
1 2 5278 5279 5280
1 2 3047 14927 14929
1 2 14927 282 14928
1 2 14929 14928 3048
1 2 14927 14928 14929
1 2 3049 14002 14004
1 2 14002 3048 14003
1 2 14004 14003 638
1 2 14002 14003 14004
1 2 3047 14929 5279
1 2 14929 3048 14002
1 2 5279 14002 3049
1 2 14929 14002 5279
1 2 639 11409 11411
1 2 11409 1950 11410
1 2 11411 11410 1952
1 2 11409 11410 11411
1 2 1950 13126 13128
1 2 13126 638 13127
1 2 13128 13127 1951
1 2 13126 13127 13128
1 2 1952 14999 11394
1 2 14999 1951 16312
1 2 11394 16312 281
1 2 14999 16312 11394
1 2 1950 13128 11410
1 2 13128 1951 14999
1 2 11410 14999 1952
1 2 13128 14999 11410
1 2 637 5280 10612
1 2 5280 3049 10611
1 2 10612 10611 1441
1 2 5280 10611 10612
1 2 3049 14004 14740
1 2 14004 638 13126
1 2 14740 13126 1950
1 2 14004 13126 14740
1 2 1441 14741 15511
1 2 14741 1950 11409
1 2 15511 11409 639
1 2 14741 11409 15511
1 2 3049 14740 10611
1 2 14740 1950 14741
1 2 10611 14741 1441
1 2 14740 14741 10611
1 2 265 8465 8467
1 2 8465 1961 8466
1 2 8467 8466 1440
1 2 8465 8466 8467
1 2 1961 5249 5251
1 2 5249 823 5250
1 2 5251 5250 1962
1 2 5249 5250 5251
1 2 1440 6024 6026
1 2 6024 1962 6025
1 2 6026 6025 637
1 2 6024 6025 6026
1 2 1961 5251 8466
1 2 5251 1962 6024
1 2 8466 6024 1440
1 2 5251 6024 8466
1 2 823 11738 16276
1 2 11738 4173 10051
1 2 16276 10051 2386
1 2 11738 10051 16276
1 2 4173 7226 10049
1 2 7226 266 11769
1 2 10049 11769 4174
1 2 7226 11769 10049
1 2 2386 10050 13880
1 2 10050 4174 10619
1 2 13880 10619 824
1 2 10050 10619 13880
1 2 4173 10049 10051
1 2 10049 4174 10050
1 2 10051 10050 2386
1 2 10049 10050 10051
1 2 637 8488 5278
1 2 8488 2387 8489
1 2 5278 8489 3047
1 2 8488 8489 5278
1 2 2387 11640 11641
1 2 11640 824 5089
1 2 11641 5089 3908
1 2 11640 5089 11641
1 2 3047 13837 14927
1 2 13837 3908 8229
1 2 14927 8229 282
1 2 13837 8229 14927
1 2 2387 11641 8489
1 2 11641 3908 13837
1 2 8489 13837 3047
1 2 11641 13837 8489
1 2 823 16276 5250
1 2 16276 2386 9925
1 2 5250 9925 1962
1 2 16276 9925 5250
1 2 2386 13880 9923
1 2 13880 824 11640
1 2 9923 11640 2387
1 2 13880 11640 9923
1 2 1962 9924 6025
1 2 9924 2387 8488
1 2 6025 8488 637
1 2 9924 8488 6025
1 2 2386 9923 9925
1 2 9923 2387 9924
1 2 9925 9924 1962
1 2 9923 9924 9925
1 2 266 10405 11769
1 2 10405 1470 9463
1 2 11769 9463 4174
1 2 10405 9463 11769
1 2 1470 11604 9461
1 2 11604 460 6455
1 2 9461 6455 3779
1 2 11604 6455 9461
1 2 4174 9462 10619
1 2 9462 3779 10618
1 2 10619 10618 824
1 2 9462 10618 10619
1 2 1470 9461 9463
1 2 9461 3779 9462
1 2 9463 9462 4174
1 2 9461 9462 9463
1 2 460 4569 4571
1 2 4569 2507 4570
1 2 4571 4570 3747
1 2 4569 4570 4571
1 2 2507 9039 6284
1 2 9039 283 9040
1 2 6284 9040 3746
1 2 9039 9040 6284
1 2 3747 6285 9414
1 2 6285 3746 16426
1 2 9414 16426 1088
1 2 6285 16426 9414
1 2 2507 6284 4570
1 2 6284 3746 6285
1 2 4570 6285 3747
1 2 6284 6285 4570
1 2 824 5087 5089
1 2 5087 3778 5088
1 2 5089 5088 3908
1 2 5087 5088 5089
1 2 3778 9415 10746
1 2 9415 1088 16025
1 2 10746 16025 3907
1 2 9415 16025 10746
1 2 3908 8227 8229
1 2 8227 3907 8228
1 2 8229 8228 282
1 2 8227 8228 8229
1 2 3778 10746 5088
1 2 10746 3907 8227
1 2 5088 8227 3908
1 2 10746 8227 5088
1 2 460 4571 6455
1 2 4571 3747 6454
1 2 6455 6454 3779
1 2 4571 6454 6455
1 2 3747 9414 9416
1 2 9414 1088 9415
1 2 9416 9415 3778
1 2 9414 9415 9416
1 2 3779 13466 10618
1 2 13466 3778 5087
1 2 10618 5087 824
1 2 13466 5087 10618
1 2 3747 9416 6454
1 2 9416 3778 13466
1 2 6454 13466 3779
1 2 9416 13466 6454
1 2 266 10320 10405
1 2 10320 1468 10404
1 2 10405 10404 1470
1 2 10320 10404 10405
1 2 1468 9682 9684
1 2 9682 458 9683
1 2 9684 9683 1469
1 2 9682 9683 9684
1 2 1470 15663 11604
1 2 15663 1469 5018
1 2 11604 5018 460
1 2 15663 5018 11604
1 2 1468 9684 10404
1 2 9684 1469 15663
1 2 10404 15663 1470
1 2 9684 15663 10404
1 2 458 11232 11234
1 2 11232 1549 11233
1 2 11234 11233 2449
1 2 11232 11233 11234
1 2 1549 5268 10388
1 2 5268 267 10242
1 2 10388 10242 2649
1 2 5268 10242 10388
1 2 2449 10505 10507
1 2 10505 2649 10506
1 2 10507 10506 459
1 2 10505 10506 10507
1 2 1549 10388 11233
1 2 10388 2649 10505
1 2 11233 10505 2449
1 2 10388 10505 11233
1 2 460 5017 4569
1 2 5017 2450 12555
1 2 4569 12555 2507
1 2 5017 12555 4569
1 2 2450 6854 6856
1 2 6854 459 6855
1 2 6856 6855 1365
1 2 6854 6855 6856
1 2 2507 12554 9039
1 2 12554 1365 11089
1 2 9039 11089 283
1 2 12554 11089 9039
1 2 2450 6856 12555
1 2 6856 1365 12554
1 2 12555 12554 2507
1 2 6856 12554 12555
1 2 458 11234 9683
1 2 11234 2449 15434
1 2 9683 15434 1469
1 2 11234 15434 9683
1 2 2449 10507 15433
1 2 10507 459 6854
1 2 15433 6854 2450
1 2 10507 6854 15433
1 2 1469 5016 5018
1 2 5016 2450 5017
1 2 5018 5017 460
1 2 5016 5017 5018
1 2 2449 15433 15434
1 2 15433 2450 5016
1 2 15434 5016 1469
1 2 15433 5016 15434
1 2 267 10240 10242
1 2 10240 3680 10241
1 2 10242 10241 2649
1 2 10240 10241 10242
1 2 3680 8770 8771
1 2 8770 776 5573
1 2 8771 5573 1375
1 2 8770 5573 8771
1 2 2649 14490 10506
1 2 14490 1375 16448
1 2 10506 16448 459
1 2 14490 16448 10506
1 2 3680 8771 10241
1 2 8771 1375 14490
1 2 10241 14490 2649
1 2 8771 14490 10241
1 2 776 9362 5571
1 2 9362 3145 9363
1 2 5571 9363 1374
1 2 9362 9363 5571
1 2 3145 11094 11155
1 2 11094 284 11154
1 2 11155 11154 3146
1 2 11094 11154 11155
1 2 1374 12795 8477
1 2 12795 3146 16324
1 2 8477 16324 777
1 2 12795 16324 8477
1 2 3145 11155 9363
1 2 11155 3146 12795
1 2 9363 12795 1374
1 2 11155 12795 9363
1 2 459 15712 6855
1 2 15712 1363 15713
1 2 6855 15713 1365
1 2 15712 15713 6855
1 2 1363 8478 16005
1 2 8478 777 16365
1 2 16005 16365 1364
1 2 8478 16365 16005
1 2 1365 11087 11089
1 2 11087 1364 11088
1 2 11089 11088 283
1 2 11087 11088 11089
1 2 1363 16005 15713
1 2 16005 1364 11087
1 2 15713 11087 1365
1 2 16005 11087 15713
1 2 776 5571 5573
1 2 5571 1374 5572
1 2 5573 5572 1375
1 2 5571 5572 5573
1 2 1374 8477 8479
1 2 8477 777 8478
1 2 8479 8478 1363
1 2 8477 8478 8479
1 2 1375 13855 16448
1 2 13855 1363 15712
1 2 16448 15712 459
1 2 13855 15712 16448
1 2 1374 8479 5572
1 2 8479 1363 13855
1 2 5572 13855 1375
1 2 8479 13855 5572
1 2 267 14407 10240
1 2 14407 1383 14408
1 2 10240 14408 3680
1 2 14407 14408 10240
1 2 1383 12175 12177
1 2 12175 943 12176
1 2 12177 12176 3393
1 2 12175 12176 12177
1 2 3680 15988 8770
1 2 15988 3393 16195
1 2 8770 16195 776
1 2 15988 16195 8770
1 2 1383 12177 14408
1 2 12177 3393 15988
1 2 14408 15988 3680
1 2 12177 15988 14408
1 2 943 8416 16349
1 2 8416 3850 15359
1 2 16349 15359 3391
1 2 8416 15359 16349
1 2 3850 4740 15357
1 2 4740 268 15378
1 2 15357 15378 2327
1 2 4740 15378 15357
1 2 3391 15358 9974
1 2 15358 2327 6818
1 2 9974 6818 359
1 2 15358 6818 9974
1 2 3850 15357 15359
1 2 15357 2327 15358
1 2 15359 15358 3391
1 2 15357 15358 15359
1 2 776 11759 9362
1 2 11759 3392 11760
1 2 9362 11760 3145
1 2 11759 11760 9362
1 2 3392 9975 12961
1 2 9975 359 11957
1 2 12961 11957 1393
1 2 9975 11957 12961
1 2 3145 11092 11094
1 2 11092 1393 11093
1 2 11094 11093 284
1 2 11092 11093 11094
1 2 3392 12961 11760
1 2 12961 1393 11092
1 2 11760 11092 3145
1 2 12961 11092 11760
1 2 943 16349 12176
1 2 16349 3391 11370
1 2 12176 11370 3393
1 2 16349 11370 12176
1 2 3391 9974 9976
1 2 9974 359 9975
1 2 9976 9975 3392
1 2 9974 9975 9976
1 2 3393 11369 16195
1 2 11369 3392 11759
1 2 16195 11759 776
1 2 11369 11759 16195
1 2 3391 9976 11370
1 2 9976 3392 11369
1 2 11370 11369 3393
1 2 9976 11369 11370
1 2 268 12381 15378
1 2 12381 2325 15377
1 2 15378 15377 2327
1 2 12381 15377 15378
1 2 2325 7910 8809
1 2 7910 357 8808
1 2 8809 8808 2326
1 2 7910 8808 8809
1 2 2327 6817 6818
1 2 6817 2326 4512
1 2 6818 4512 359
1 2 6817 4512 6818
1 2 2325 8809 15377
1 2 8809 2326 6817
1 2 15377 6817 2327
1 2 8809 6817 15377
1 2 357 10910 11683
1 2 10910 3690 11682
1 2 11683 11682 4139
1 2 10910 11682 11683
1 2 3690 7305 7307
1 2 7305 285 7306
1 2 7307 7306 4224
1 2 7305 7306 7307
1 2 4139 6904 6906
1 2 6904 4224 6905
1 2 6906 6905 358
1 2 6904 6905 6906
1 2 3690 7307 11682
1 2 7307 4224 6904
1 2 11682 6904 4139
1 2 7307 6904 11682
1 2 359 4511 11957
1 2 4511 1391 11956
1 2 11957 11956 1393
1 2 4511 11956 11957
1 2 1391 16203 15337
1 2 16203 358 16540
1 2 15337 16540 1392
1 2 16203 16540 15337
1 2 1393 14694 11093
1 2 14694 1392 14695
1 2 11093 14695 284
1 2 14694 14695 11093
1 2 1391 15337 11956
1 2 15337 1392 14694
1 2 11956 14694 1393
1 2 15337 14694 11956
1 2 357 11683 8808
1 2 11683 4139 10805
1 2 8808 10805 2326
1 2 11683 10805 8808
1 2 4139 6906 10804
1 2 6906 358 16203
1 2 10804 16203 1391
1 2 6906 16203 10804
1 2 2326 4510 4512
1 2 4510 1391 4511
1 2 4512 4511 359
1 2 4510 4511 4512
1 2 4139 10804 10805
1 2 10804 1391 4510
1 2 10805 4510 2326
1 2 10804 4510 10805
1 2 268 7658 12381
1 2 7658 3407 10055
1 2 12381 10055 2325
1 2 7658 10055 12381
1 2 3407 5377 5379
1 2 5377 579 5378
1 2 5379 5378 3408
1 2 5377 5378 5379
1 2 2325 7908 7910
1 2 7908 3408 7909
1 2 7910 7909 357
1 2 7908 7909 7910
1 2 3407 5379 10055
1 2 5379 3408 7908
1 2 10055 7908 2325
1 2 5379 7908 10055
1 2 579 8776 9639
1 2 8776 1302 9638
1 2 9639 9638 3934
1 2 8776 9638 9639
1 2 1302 6579 6581
1 2 6579 269 6580
1 2 6581 6580 1753
1 2 6579 6580 6581
1 2 3934 13377 13378
1 2 13377 1753 7672
1 2 13378 7672 573
1 2 13377 7672 13378
1 2 1302 6581 9638
1 2 6581 1753 13377
1 2 9638 13377 3934
1 2 6581 13377 9638
1 2 357 10909 10910
1 2 10909 3688 9124
1 2 10910 9124 3690
1 2 10909 9124 10910
1 2 3688 5927 5929
1 2 5927 573 5928
1 2 5929 5928 3689
1 2 5927 5928 5929
1 2 3690 9123 7305
1 2 9123 3689 9893
1 2 7305 9893 285
1 2 9123 9893 7305
1 2 3688 5929 9124
1 2 5929 3689 9123
1 2 9124 9123 3690
1 2 5929 9123 9124
1 2 579 9639 5378
1 2 9639 3934 11595
1 2 5378 11595 3408
1 2 9639 11595 5378
1 2 3934 13378 12844
1 2 13378 573 5927
1 2 12844 5927 3688
1 2 13378 5927 12844
1 2 3408 12332 7909
1 2 12332 3688 10909
1 2 7909 10909 357
1 2 12332 10909 7909
1 2 3934 12844 11595
1 2 12844 3688 12332
1 2 11595 12332 3408
1 2 12844 12332 11595
1 2 269 9715 6580
1 2 9715 1751 12307
1 2 6580 12307 1753
1 2 9715 12307 6580
1 2 1751 7722 9922
1 2 7722 571 9921
1 2 9922 9921 1752
1 2 7722 9921 9922
1 2 1753 7670 7672
1 2 7670 1752 7671
1 2 7672 7671 573
1 2 7670 7671 7672
1 2 1751 9922 12307
1 2 9922 1752 7670
1 2 12307 7670 1753
1 2 9922 7670 12307
1 2 571 15959 14081
1 2 15959 2921 9851
1 2 14081 9851 2027
1 2 15959 9851 14081
1 2 2921 4954 5885
1 2 4954 286 5884
1 2 5885 5884 3631
1 2 4954 5884 5885
1 2 2027 4792 4794
1 2 4792 3631 4793
1 2 4794 4793 572
1 2 4792 4793 4794
1 2 2921 5885 9851
1 2 5885 3631 4792
1 2 9851 4792 2027
1 2 5885 4792 9851
1 2 573 11443 5928
1 2 11443 2028 11254
1 2 5928 11254 3689
1 2 11443 11254 5928
1 2 2028 11711 11253
1 2 11711 572 11712
1 2 11253 11712 3718
1 2 11711 11712 11253
1 2 3689 9891 9893
1 2 9891 3718 9892
1 2 9893 9892 285
1 2 9891 9892 9893
1 2 2028 11253 11254
1 2 11253 3718 9891
1 2 11254 9891 3689
1 2 11253 9891 11254
1 2 571 14081 9921
1 2 14081 2027 14082
1 2 9921 14082 1752
1 2 14081 14082 9921
1 2 2027 4794 12569
1 2 4794 572 11711
1 2 12569 11711 2028
1 2 4794 11711 12569
1 2 1752 11884 7671
1 2 11884 2028 11443
1 2 7671 11443 573
1 2 11884 11443 7671
1 2 2027 12569 14082
1 2 12569 2028 11884
1 2 14082 11884 1752
1 2 12569 11884 14082
1 2 269 9713 9715
1 2 9713 2032 9714
1 2 9715 9714 1751
1 2 9713 9714 9715
1 2 2032 13443 16205
1 2 13443 696 9920
1 2 16205 9920 2033
1 2 13443 9920 16205
1 2 1751 7721 7722
1 2 7721 2033 4264
1 2 7722 4264 571
1 2 7721 4264 7722
1 2 2032 16205 9714
1 2 16205 2033 7721
1 2 9714 7721 1751
1 2 16205 7721 9714
1 2 696 12205 9919
1 2 12205 2810 5431
1 2 9919 5431 2811
1 2 12205 5431 9919
1 2 2810 10178 5429
1 2 10178 270 10179
1 2 5429 10179 2686
1 2 10178 10179 5429
1 2 2811 5430 12826
1 2 5430 2686 12825
1 2 12826 12825 1064
1 2 5430 12825 12826
1 2 2810 5429 5431
1 2 5429 2686 5430
1 2 5431 5430 2811
1 2 5429 5430 5431
1 2 571 4263 15959
1 2 4263 2919 16179
1 2 15959 16179 2921
1 2 4263 16179 15959
1 2 2919 15401 15403
1 2 15401 1064 15402
1 2 15403 15402 2920
1 2 15401 15402 15403
1 2 2921 4952 4954
1 2 4952 2920 4953
1 2 4954 4953 286
1 2 4952 4953 4954
1 2 2919 15403 16179
1 2 15403 2920 4952
1 2 16179 4952 2921
1 2 15403 4952 16179
1 2 696 9919 9920
1 2 9919 2811 7213
1 2 9920 7213 2033
1 2 9919 7213 9920
1 2 2811 12826 7212
1 2 12826 1064 15401
1 2 7212 15401 2919
1 2 12826 15401 7212
1 2 2033 4262 4264
1 2 4262 2919 4263
1 2 4264 4263 571
1 2 4262 4263 4264
1 2 2811 7212 7213
1 2 7212 2919 4262
1 2 7213 4262 2033
1 2 7212 4262 7213
1 2 270 13056 10179
1 2 13056 2413 15318
1 2 10179 15318 2686
1 2 13056 15318 10179
1 2 2413 11716 14753
1 2 11716 1084 12540
1 2 14753 12540 2685
1 2 11716 12540 14753
1 2 2686 15317 12825
1 2 15317 2685 8872
1 2 12825 8872 1064
1 2 15317 8872 12825
1 2 2413 14753 15318
1 2 14753 2685 15317
1 2 15318 15317 2686
1 2 14753 15317 15318
1 2 1084 9768 9770
1 2 9768 2399 9769
1 2 9770 9769 2401
1 2 9768 9769 9770
1 2 2399 6205 6207
1 2 6205 287 6206
1 2 6207 6206 2400
1 2 6205 6206 6207
1 2 2401 16140 10856
1 2 16140 2400 16405
1 2 10856 16405 1089
1 2 16140 16405 10856
1 2 2399 6207 9769
1 2 6207 2400 16140
1 2 9769 16140 2401
1 2 6207 16140 9769
1 2 1064 8871 15402
1 2 8871 3707 7575
1 2 15402 7575 2920
1 2 8871 7575 15402
1 2 3707 10857 7573
1 2 10857 1089 16550
1 2 7573 16550 4089
1 2 10857 16550 7573
1 2 2920 7574 4953
1 2 7574 4089 14784
1 2 4953 14784 286
1 2 7574 14784 4953
1 2 3707 7573 7575
1 2 7573 4089 7574
1 2 7575 7574 2920
1 2 7573 7574 7575
1 2 1084 9770 12540
1 2 9770 2401 12539
1 2 12540 12539 2685
1 2 9770 12539 12540
1 2 2401 10856 10858
1 2 10856 1089 10857
1 2 10858 10857 3707
1 2 10856 10857 10858
1 2 2685 8870 8872
1 2 8870 3707 8871
1 2 8872 8871 1064
1 2 8870 8871 8872
1 2 2401 10858 12539
1 2 10858 3707 8870
1 2 12539 8870 2685
1 2 10858 8870 12539
1 2 270 8646 13056
1 2 8646 2411 10572
1 2 13056 10572 2413
1 2 8646 10572 13056
1 2 2411 14673 10570
1 2 14673 959 15463
1 2 10570 15463 2412
1 2 14673 15463 10570
1 2 2413 10571 11716
1 2 10571 2412 11715
1 2 11716 11715 1084
1 2 10571 11715 11716
1 2 2411 10570 10572
1 2 10570 2412 10571
1 2 10572 10571 2413
1 2 10570 10571 10572
1 2 959 14501 14502
1 2 14501 3563 14088
1 2 14502 14088 3564
1 2 14501 14088 14502
1 2 3563 8507 8624
1 2 8507 271 8623
1 2 8624 8623 1368
1 2 8507 8623 8624
1 2 3564 11385 11387
1 2 11385 1368 11386
1 2 11387 11386 1054
1 2 11385 11386 11387
1 2 3563 8624 14088
1 2 8624 1368 11385
1 2 14088 11385 3564
1 2 8624 11385 14088
1 2 1084 15957 9768
1 2 15957 3056 15893
1 2 9768 15893 2399
1 2 15957 15893 9768
1 2 3056 16560 15892
1 2 16560 1054 16553
1 2 15892 16553 3057
1 2 16560 16553 15892
1 2 2399 15169 6205
1 2 15169 3057 11887
1 2 6205 11887 287
1 2 15169 11887 6205
1 2 3056 15892 15893
1 2 15892 3057 15169
1 2 15893 15169 2399
1 2 15892 15169 15893
1 2 959 14502 15463
1 2 14502 3564 5880
1 2 15463 5880 2412
1 2 14502 5880 15463
1 2 3564 11387 5878
1 2 11387 1054 16560
1 2 5878 16560 3056
1 2 11387 16560 5878
1 2 2412 5879 11715
1 2 5879 3056 15957
1 2 11715 15957 1084
1 2 5879 15957 11715
1 2 3564 5878 5880
1 2 5878 3056 5879
1 2 5880 5879 2412
1 2 5878 5879 5880
1 2 271 15287 8623
1 2 15287 1366 10297
1 2 8623 10297 1368
1 2 15287 10297 8623
1 2 1366 7468 7470
1 2 7468 871 7469
1 2 7470 7469 1367
1 2 7468 7469 7470
1 2 1368 10296 11386
1 2 10296 1367 10176
1 2 11386 10176 1054
1 2 10296 10176 11386
1 2 1366 7470 10297
1 2 7470 1367 10296
1 2 10297 10296 1368
1 2 7470 10296 10297
1 2 871 11705 10471
1 2 11705 2300 12421
1 2 10471 12421 2302
1 2 11705 12421 10471
1 2 2300 4857 4859
1 2 4857 288 4858
1 2 4859 4858 2301
1 2 4857 4858 4859
1 2 2302 16040 9912
1 2 16040 2301 16041
1 2 9912 16041 1053
1 2 16040 16041 9912
1 2 2300 4859 12421
1 2 4859 2301 16040
1 2 12421 16040 2302
1 2 4859 16040 12421
1 2 1054 10175 16553
1 2 10175 3953 5551
1 2 16553 5551 3057
1 2 10175 5551 16553
1 2 3953 8449 5549
1 2 8449 1053 8450
1 2 5549 8450 3954
1 2 8449 8450 5549
1 2 3057 5550 11887
1 2 5550 3954 11886
1 2 11887 11886 287
1 2 5550 11886 11887
1 2 3953 5549 5551
1 2 5549 3954 5550
1 2 5551 5550 3057
1 2 5549 5550 5551
1 2 871 10471 7469
1 2 10471 2302 10472
1 2 7469 10472 1367
1 2 10471 10472 7469
1 2 2302 9912 9913
1 2 9912 1053 8449
1 2 9913 8449 3953
1 2 9912 8449 9913
1 2 1367 10174 10176
1 2 10174 3953 10175
1 2 10176 10175 1054
1 2 10174 10175 10176
1 2 2302 9913 10472
1 2 9913 3953 10174
1 2 10472 10174 1367
1 2 9913 10174 10472
1 2 271 10773 15287
1 2 10773 2015 13549
1 2 15287 13549 1366
1 2 10773 13549 15287
1 2 2015 11729 13354
1 2 11729 869 12283
1 2 13354 12283 1896
1 2 11729 12283 13354
1 2 1366 13548 7468
1 2 13548 1896 7374
1 2 7468 7374 871
1 2 13548 7374 7468
1 2 2015 13354 13549
1 2 13354 1896 13548
1 2 13549 13548 1366
1 2 13354 13548 13549
1 2 869 9196 9371
1 2 9196 1675 9370
1 2 9371 9370 1677
1 2 9196 9370 9371
1 2 1675 8347 8349
1 2 8347 272 8348
1 2 8349 8348 1676
1 2 8347 8348 8349
1 2 1677 14872 9627
1 2 14872 1676 15592
1 2 9627 15592 870
1 2 14872 15592 9627
1 2 1675 8349 9370
1 2 8349 1676 14872
1 2 9370 14872 1677
1 2 8349 14872 9370
1 2 871 7373 11705
1 2 7373 1895 11704
1 2 11705 11704 2300
1 2 7373 11704 11705
1 2 1895 9628 15954
1 2 9628 870 16423
1 2 15954 16423 3522
1 2 9628 16423 15954
1 2 2300 14632 4857
1 2 14632 3522 14633
1 2 4857 14633 288
1 2 14632 14633 4857
1 2 1895 15954 11704
1 2 15954 3522 14632
1 2 11704 14632 2300
1 2 15954 14632 11704
1 2 869 9371 12283
1 2 9371 1677 12282
1 2 12283 12282 1896
1 2 9371 12282 12283
1 2 1677 9627 9629
1 2 9627 870 9628
1 2 9629 9628 1895
1 2 9627 9628 9629
1 2 1896 7372 7374
1 2 7372 1895 7373
1 2 7374 7373 871
1 2 7372 7373 7374
1 2 1677 9629 12282
1 2 9629 1895 7372
1 2 12282 7372 1896
1 2 9629 7372 12282
1 2 272 10322 8348
1 2 10322 2742 10323
1 2 8348 10323 1676
1 2 10322 10323 8348
1 2 2742 6711 6712
1 2 6711 1075 5162
1 2 6712 5162 2743
1 2 6711 5162 6712
1 2 1676 15590 15592
1 2 15590 2743 15591
1 2 15592 15591 870
1 2 15590 15591 15592
1 2 2742 6712 10323
1 2 6712 2743 15590
1 2 10323 15590 1676
1 2 6712 15590 10323
1 2 1075 10025 5160
1 2 10025 4202 10026
1 2 5160 10026 4118
1 2 10025 10026 5160
1 2 4202 12665 12667
1 2 12665 289 12666
1 2 12667 12666 4203
1 2 12665 12666 12667
1 2 4118 6448 6450
1 2 6448 4203 6449
1 2 6450 6449 1076
1 2 6448 6449 6450
1 2 4202 12667 10026
1 2 12667 4203 6448
1 2 10026 6448 4118
1 2 12667 6448 10026
1 2 870 15615 16423
1 2 15615 3733 15721
1 2 16423 15721 3522
1 2 15615 15721 16423
1 2 3733 10764 15720
1 2 10764 1076 16640
1 2 15720 16640 3734
1 2 10764 16640 15720
1 2 3522 15182 14633
1 2 15182 3734 15183
1 2 14633 15183 288
1 2 15182 15183 14633
1 2 3733 15720 15721
1 2 15720 3734 15182
1 2 15721 15182 3522
1 2 15720 15182 15721
1 2 1075 5160 5162
1 2 5160 4118 5161
1 2 5162 5161 2743
1 2 5160 5161 5162
1 2 4118 6450 8650
1 2 6450 1076 10764
1 2 8650 10764 3733
1 2 6450 10764 8650
1 2 2743 8651 15591
1 2 8651 3733 15615
1 2 15591 15615 870
1 2 8651 15615 15591
1 2 4118 8650 5161
1 2 8650 3733 8651
1 2 5161 8651 2743
1 2 8650 8651 5161

boundary
512
1 1 1 6849
1 1 6849 4120
1 1 4120 10574
1 1 10574 671
1 1 671 11109
1 1 11109 1972
1 1 1972 15043
1 1 15043 2
2 1 17 16469
2 1 16469 3913
2 1 3913 15355
2 1 15355 954
2 1 954 15960
2 1 15960 3692
2 1 3692 16602
2 1 16602 34
3 1 274 6339
3 1 6339 3942
3 1 3942 6605
3 1 6605 1024
3 1 1024 4227
3 1 4227 1758
3 1 1758 14303
3 1 14303 273
4 1 18 14735
4 1 14735 3155
4 1 3155 13450
4 1 13450 672
4 1 672 16565
4 1 16565 4121
4 1 4121 6850
4 1 6850 1
1 1 2 10103
1 1 10103 3897
1 1 3897 10348
1 1 10348 944
1 1 944 6481
1 1 6481 1968
1 1 1968 7544
1 1 7544 3
2 1 34 15023
2 1 15023 1446
2 1 1446 15264
2 1 15264 1077
2 1 1077 12690
2 1 12690 3507
2 1 3507 9563
2 1 9563 51
3 1 275 13168
3 1 13168 4180
3 1 4180 4660
3 1 4660 964
3 1 964 9725
3 1 9725 4150
3 1 4150 15341
3 1 15341 274
4 1 35 15249
4 1 15249 4215
4 1 4215 10383
4 1 10383 649
4 1 649 9687
4 1 9687 1205
4 1 1205 9853
4 1 9853 18
1 1 3 7576
1 1 7576 1786
1 1 1786 16582
1 1 16582 916
1 1 916 13612
1 1 13612 3963
1 1 3963 14700
1 1 14700 4
2 1 51 16252
2 1 16252 2148
2 1 2148 8355
2 1 8355 650
2 1 650 10021
2 1 10021 1332
2 1 1332 7900
2 1 7900 68
3 1 276 15733
3 1 15733 3097
3 1 3097 13218
3 1 13218 1047
3 1 1047 11065
3 1 11065 3319
3 1 3319 14648
3 1 14648 275
4 1 52 12965
4 1 12965 2559
4 1 2559 13490
4 1 13490 1079
4 1 1079 14769
4 1 14769 3750
4 1 3750 12567
4 1 12567 35
1 1 4 4671
1 1 4671 2807
1 1 2807 16464
1 1 16464 590
1 1 590 16249
1 1 16249 3886
1 1 3886 16629
1 1 16629 5
2 1 68 12871
2 1 12871 1298
2 1 1298 7180
2 1 7180 1032
2 1 1032 11964
2 1 11964 2275
2 1 2275 15133
2 1 15133 85
3 1 277 9397
3 1 9397 3172
3 1 3172 16251
3 1 16251 992
3 1 992 11902
3 1 11902 1836
3 1 1836 4690
3 1 4690 276
4 1 69 7912
4 1 7912 4005
4 1 4005 13181
4 1 13181 945
4 1 945 16052
4 1 16052 2857
4 1 2857 15490
4 1 15490 52
1 1 5 16634
1 1 16634 2885
1 1 2885 12255
1 1 12255 1020
1 1 1020 10729
1 1 10729 1724
1 1 1724 16614
1 1 16614 6
2 1 85 13286
2 1 13286 1527
2 1 1527 4253
2 1 4253 1004
2 1 1004 15530
2 1 15530 2118
2 1 2118 5313
2 1 5313 102
3 1 278 9118
3 1 9118 2030
3 1 2030 12166
3 1 12166 1015
3 1 1015 11281
3 1 11281 4133
3 1 4133 12114
3 1 12114 277
4 1 86 11616
4 1 11616 1297
4 1 1297 15220
4 1 15220 1066
4 1 1066 15326
4 1 15326 1433
4 1 1433 12939
4 1 12939 69
1 1 6 11002
1 1 11002 1346
1 1 1346 16479
1 1 16479 508
1 1 508 10796
1 1 10796 3514
1 1 3514 9017
1 1 9017 7
2 1 102 15822
2 1 15822 2209
2 1 2209 6335
2 1 6335 482
2 1 482 12504
2 1 12504 3742
2 1 3742 16613
2 1 16613 119
3 1 279 15569
3 1 15569 4213
3 1 4213 15618
3 1 15618 1081
3 1 1081 14295
3 1 14295 4220
3 1 4220 13304
3 1 13304 278
4 1 103 12329
4 1 12329 2282
4 1 2282 16610
4 1 16610 1049
4 1 1049 6247
4 1 6247 4153
4 1 4153 16003
4 1 16003 86
1 1 7 14870
1 1 14870 3812
1 1 3812 16096
1 1 16096 933
1 1 933 9484
1 1 9484 2672
1 1 2672 14367
1 1 14367 8
2 1 119 16108
2 1 16108 1563
2 1 1563 16543
2 1 16543 723
2 1 723 16641
2 1 16641 3705
2 1 3705 14560
2 1 14560 136
3 1 280 7877
3 1 7877 4103
3 1 4103 10456
3 1 10456 1050
3 1 1050 10310
3 1 10310 4219
3 1 4219 15581
3 1 15581 279
4 1 120 11605
4 1 11605 2316
4 1 2316 8003
4 1 8003 788
4 1 788 15792
4 1 15792 3987
4 1 3987 12582
4 1 12582 103
1 1 8 15771
1 1 15771 3310
1 1 3310 16346
1 1 16346 1021
1 1 1021 15799
1 1 15799 4204
1 1 4204 16604
1 1 16604 9
2 1 136 11809
2 1 11809 3924
2 1 3924 13282
2 1 13282 980
2 1 980 10091
2 1 10091 3124
2 1 3124 14098
2 1 14098 153
3 1 281 14599
3 1 14599 3557
3 1 3557 16624
3 1 16624 1087
3 1 1087 9246
3 1 9246 4200
3 1 4200 8068
3 1 8068 280
4 1 137 16282
4 1 16282 4216
4 1 4216 12303
4 1 12303 859
4 1 859 7056
4 1 7056 3434
4 1 3434 5457
4 1 5457 120
1 1 9 15977
1 1 15977 3222
1 1 3222 15821
1 1 15821 1046
1 1 1046 15847
1 1 15847 3800
1 1 3800 12532
1 1 12532 10
2 1 153 13327
2 1 13327 1337
2 1 1337 14430
2 1 14430 927
2 1 927 16502
2 1 16502 4221
2 1 4221 4816
2 1 4816 170
3 1 282 14928
3 1 14928 3048
3 1 3048 14003
3 1 14003 638
3 1 638 13127
3 1 13127 1951
3 1 1951 16312
3 1 16312 281
4 1 154 9030
4 1 9030 4195
4 1 4195 16529
4 1 16529 583
4 1 583 5923
4 1 5923 2985
4 1 2985 6035
4 1 6035 137
1 1 10 11523
1 1 11523 2332
1 1 2332 11440
1 1 11440 1028
1 1 1028 8313
1 1 8313 2580
1 1 2580 14286
1 1 14286 11
2 1 170 15836
2 1 15836 4097
2 1 4097 15696
2 1 15696 293
2 1 293 16296
2 1 16296 3658
2 1 3658 15159
2 1 15159 187
3 1 283 9040
3 1 9040 3746
3 1 3746 16426
3 1 16426 1088
3 1 1088 16025
3 1 16025 3907
3 1 3907 8228
3 1 8228 282
4 1 171 12389
4 1 12389 2272
4 1 2272 14955
4 1 14955 586
4 1 586 12070
4 1 12070 2453
4 1 2453 11635
4 1 11635 154
1 1 11 12274
1 1 12274 1515
1 1 1515 16615
1 1 16615 925
1 1 925 16563
1 1 16563 3719
1 1 3719 16625
1 1 16625 12
2 1 187 16216
2 1 16216 4161
2 1 4161 11546
2 1 11546 1009
2 1 1009 14417
2 1 14417 1496
2 1 1496 14658
2 1 14658 204
3 1 284 11154
3 1 11154 3146
3 1 3146 16324
3 1 16324 777
3 1 777 16365
3 1 16365 1364
3 1 1364 11088
3 1 11088 283
4 1 188 5350
4 1 5350 2171
4 1 2171 15986
4 1 15986 842
4 1 842 8428
4 1 8428 2145
4 1 2145 7598
4 1 7598 171
1 1 12 14551
1 1 14551 4209
1 1 4209 9615
1 1 9615 525
1 1 525 11984
1 1 11984 4183
1 1 4183 13088
1 1 13088 13
2 1 204 12138
2 1 12138 1146
2 1 1146 4745
2 1 4745 392
2 1 392 15611
2 1 15611 2778
2 1 2778 16627
2 1 16627 221
3 1 285 7306
3 1 7306 4224
3 1 4224 6905
3 1 6905 358
3 1 358 16540
3 1 16540 1392
3 1 1392 14695
3 1 14695 284
4 1 205 5321
4 1 5321 4142
4 1 4142 15407
4 1 15407 991
4 1 991 15181
4 1 15181 2059
4 1 2059 16053
4 1 16053 188
1 1 13 11925
1 1 11925 1452
1 1 1452 11022
1 1 11022 1086
1 1 1086 16016
1 1 16016 3065
1 1 3065 10716
1 1 10716 14
2 1 221 14993
2 1 14993 1116
2 1 1116 10697
2 1 10697 530
2 1 530 6724
2 1 6724 3360
2 1 3360 15668
2 1 15668 238
3 1 286 5884
3 1 5884 3631
3 1 3631 4793
3 1 4793 572
3 1 572 11712
3 1 11712 3718
3 1 3718 9892
3 1 9892 285
4 1 222 10927
4 1 10927 3339
4 1 3339 14051
4 1 14051 1029
4 1 1029 14698
4 1 14698 2465
4 1 2465 13609
4 1 13609 205
1 1 14 5133
1 1 5133 2850
1 1 2850 16605
1 1 16605 872
1 1 872 4601
1 1 4601 4144
1 1 4144 7346
1 1 7346 15
2 1 238 9905
2 1 9905 4171
2 1 4171 7614
2 1 7614 1035
2 1 1035 14682
2 1 14682 2140
2 1 2140 16580
2 1 16580 255
3 1 287 6206
3 1 6206 2400
3 1 2400 16405
3 1 16405 1089
3 1 1089 16550
3 1 16550 4089
3 1 4089 14784
3 1 14784 286
4 1 239 7720
4 1 7720 1318
4 1 1318 6406
4 1 6406 1072
4 1 1072 16637
4 1 16637 3027
4 1 3027 16339
4 1 16339 222
1 1 15 13027
1 1 13027 3474
1 1 3474 5753
1 1 5753 715
1 1 715 14834
1 1 14834 2846
1 1 2846 16525
1 1 16525 16
2 1 255 12786
2 1 12786 4023
2 1 4023 16304
2 1 16304 1078
2 1 1078 12645
2 1 12645 3560
2 1 3560 16305
2 1 16305 272
3 1 288 4858
3 1 4858 2301
3 1 2301 16041
3 1 16041 1053
3 1 1053 8450
3 1 8450 3954
3 1 3954 11886
3 1 11886 287
4 1 256 12199
4 1 12199 4131
4 1 4131 16014
4 1 16014 1085
4 1 1085 16635
4 1 16635 4029
4 1 4029 16158
4 1 16158 239
1 1 16 14313
1 1 14313 2471
1 1 2471 16493
1 1 16493 520
1 1 520 16585
1 1 16585 4223
1 1 4223 10933
1 1 10933 17
2 1 272 10322
2 1 10322 2742
2 1 2742 6711
2 1 6711 1075
2 1 1075 10025
2 1 10025 4202
2 1 4202 12665
2 1 12665 289
3 1 289 12666
3 1 12666 4203
3 1 4203 6449
3 1 6449 1076
3 1 1076 16640
3 1 16640 3734
3 1 3734 15183
3 1 15183 288
4 1 273 15360
4 1 15360 4225
4 1 4225 11324
4 1 11324 1070
4 1 1070 10647
4 1 10647 2087
4 1 2087 16537
4 1 16537 256

vertices
16641
2
 0 0
 0.0625 0
 0.125 0
 0.1875 0
 0.25 0
 0.3125 0
 0.375 0
 0.4375 0
 0.5 0
 0.5625 0
 0.625 0
 0.6875 0
 0.75 0
 0.8125 0
 0.875 0
 0.9375 0
 1 0
 0 0.0625
 0.0625 0.0625
 0.125 0.0625
 0.1875 0.0625
 0.25 0.0625
 0.3125 0.0625
 0.375 0.0625
 0.4375 0.0625
 0.5 0.0625
 0.5625 0.0625
 0.625 0.0625
 0.6875 0.0625
 0.75 0.0625
 0.8125 0.0625
 0.875 0.0625
 0.9375 0.0625
 1 0.0625
 0 0.125
 0.0625 0.125
 0.125 0.125
 0.1875 0.125
 0.25 0.125
 0.3125 0.125
 0.375 0.125
 0.4375 0.125
 0.5 0.125
 0.5625 0.125
 0.625 0.125
 0.6875 0.125
 0.75 0.125
 0.8125 0.125
 0.875 0.125
 0.9375 0.125
 1 0.125
 0 0.1875
 0.0625 0.1875
 0.125 0.1875
 0.1875 0.1875
 0.25 0.1875
 0.3125 0.1875
 0.375 0.1875
 0.4375 0.1875
 0.5 0.1875
 0.5625 0.1875
 0.625 0.1875
 0.6875 0.1875
 0.75 0.1875
 0.8125 0.1875
 0.875 0.1875
 0.9375 0.1875
 1 0.1875
 0 0.25
 0.0625 0.25
 0.125 0.25
 0.1875 0.25
 0.25 0.25
 0.3125 0.25
 0.375 0.25
 0.4375 0.25
 0.5 0.25
 0.5625 0.25
 0.625 0.25
 0.6875 0.25
 0.75 0.25
 0.8125 0.25
 0.875 0.25
 0.9375 0.25
 1 0.25
 0 0.3125
 0.0625 0.3125
 0.125 0.3125
 0.1875 0.3125
 0.25 0.3125
 0.3125 0.3125
 0.375 0.3125
 0.4375 0.3125
 0.5 0.3125
 0.5625 0.3125
 0.625 0.3125
 0.6875 0.3125
 0.75 0.3125
 0.8125 0.3125
 0.875 0.3125
 0.9375 0.3125
 1 0.3125
 0 0.375
 0.0625 0.375
 0.125 0.375
 0.1875 0.375
 0.25 0.375
 0.3125 0.375
 0.375 0.375
 0.4375 0.375
 0.5 0.375
 0.5625 0.375
 0.625 0.375
 0.6875 0.375
 0.75 0.375
 0.8125 0.375
 0.875 0.375
 0.9375 0.375
 1 0.375
 0 0.4375
 0.0625 0.4375
 0.125 0.4375
 0.1875 0.4375
 0.25 0.4375
 0.3125 0.4375
 0.375 0.4375
 0.4375 0.4375
 0.5 0.4375
 0.5625 0.4375
 0.625 0.4375
 0.6875 0.4375
 0.75 0.4375
 0.8125 0.4375
 0.875 0.4375
 0.9375 0.4375
 1 0.4375
 0 0.5
 0.0625 0.5
 0.125 0.5
 0.1875 0.5
 0.25 0.5
 0.3125 0.5
 0.375 0.5
 0.4375 0.5
 0.5 0.5
 0.5625 0.5
 0.625 0.5
 0.6875 0.5
 0.75 0.5
 0.8125 0.5
 0.875 0.5
 0.9375 0.5
 1 0.5
 0 0.5625
 0.0625 0.5625
 0.125 0.5625
 0.1875 0.5625
 0.25 0.5625
 0.3125 0.5625
 0.375 0.5625
 0.4375 0.5625
 0.5 0.5625
 0.5625 0.5625
 0.625 0.5625
 0.6875 0.5625
 0.75 0.5625
 0.8125 0.5625
 0.875 0.5625
 0.9375 0.5625
 1 0.5625
 0 0.625
 0.0625 0.625
 0.125 0.625
 0.1875 0.625
 0.25 0.625
 0.3125 0.625
 0.375 0.625
 0.4375 0.625
 0.5 0.625
 0.5625 0.625
 0.625 0.625
 0.6875 0.625
 0.75 0.625
 0.8125 0.625
 0.875 0.625
 0.9375 0.625
 1 0.625
 0 0.6875
 0.0625 0.6875
 0.125 0.6875
 0.1875 0.6875
 0.25 0.6875
 0.3125 0.6875
 0.375 0.6875
 0.4375 0.6875
 0.5 0.6875
 0.5625 0.6875
 0.625 0.6875
 0.6875 0.6875
 0.75 0.6875
 0.8125 0.6875
 0.875 0.6875
 0.9375 0.6875
 1 0.6875
 0 0.75
 0.0625 0.75
 0.125 0.75
 0.1875 0.75
 0.25 0.75
 0.3125 0.75
 0.375 0.75
 0.4375 0.75
 0.5 0.75
 0.5625 0.75
 0.625 0.75
 0.6875 0.75
 0.75 0.75
 0.8125 0.75
 0.875 0.75
 0.9375 0.75
 1 0.75
 0 0.8125
 0.0625 0.8125
 0.125 0.8125
 0.1875 0.8125
 0.25 0.8125
 0.3125 0.8125
 0.375 0.8125
 0.4375 0.8125
 0.5 0.8125
 0.5625 0.8125
 0.625 0.8125
 0.6875 0.8125
 0.75 0.8125
 0.8125 0.8125
 0.875 0.8125
 0.9375 0.8125
 1 0.8125
 0 0.875
 0.0625 0.875
 0.125 0.875
 0.1875 0.875
 0.25 0.875
 0.3125 0.875
 0.375 0.875
 0.4375 0.875
 0.5 0.875
 0.5625 0.875
 0.625 0.875
 0.6875 0.875
 0.75 0.875
 0.8125 0.875
 0.875 0.875
 0.9375 0.875
 1 0.875
 0 0.9375
 0.0625 0.9375
 0.125 0.9375
 0.1875 0.9375
 0.25 0.9375
 0.3125 0.9375
 0.375 0.9375
 0.4375 0.9375
 0.5 0.9375
 0.5625 0.9375
 0.625 0.9375
 0.6875 0.9375
 0.75 0.9375
 0.8125 0.9375
 0.875 0.9375
 0.9375 0.9375
 1 0.9375
 0 1
 0.0625 1
 0.125 1
 0.1875 1
 0.25 1
 0.3125 1
 0.375 1
 0.4375 1
 0.5 1
 0.5625 1
 0.625 1
 0.6875 1
 0.75 1
 0.8125 1
 0.875 1
 0.9375 1
 1 1
 0.53125 0.25
 0.53125 0.28125
 0.5 0.28125
 1 0.59375
 0.96875 0.625
 0.96875 0.59375
 0.21875 0.6875
 0.21875 0.71875
 0.1875 0.71875
 0.53125 0.6875
 0.53125 0.71875
 0.5 0.71875
 0.9375 0.03125
 0.90625 0.0625
 0.90625 0.03125
 0.65625 0.0625
 0.65625 0.09375
 0.625 0.09375
 0.40625 0.8125
 0.40625 0.84375
 0.375 0.84375
 0.25 0.09375
 0.21875 0.125
 0.21875 0.09375
 0.84375 0.625
 0.84375 0.65625
 0.8125 0.65625
 0.625 0.15625
 0.59375 0.1875
 0.59375 0.15625
 0.15625 0.9375
 0.15625 0.96875
 0.125 0.96875
 0.1875 0.84375
 0.15625 0.875
 0.15625 0.84375
 0.1875 0.53125
 0.15625 0.5625
 0.15625 0.53125
 0.40625 0.0625
 0.40625 0.09375
 0.375 0.09375
 0.46875 0.8125
 0.46875 0.84375
 0.4375 0.84375
 0.15625 0.8125
 0.125 0.84375
 0.40625 0.875
 0.40625 0.90625
 0.375 0.90625
 0.4375 0.28125
 0.40625 0.3125
 0.40625 0.28125
 0.21875 0.3125
 0.21875 0.34375
 0.1875 0.34375
 0.3125 0.34375
 0.28125 0.375
 0.28125 0.34375
 0.625 0.21875
 0.59375 0.25
 0.59375 0.21875
 0.875 0.65625
 0.84375 0.6875
 0.65625 0.6875
 0.65625 0.71875
 0.625 0.71875
 0.75 0.96875
 0.71875 1
 0.71875 0.96875
 0.46875 0.1875
 0.46875 0.21875
 0.4375 0.21875
 0.90625 0.3125
 0.90625 0.34375
 0.875 0.34375
 0.28125 0.1875
 0.28125 0.21875
 0.25 0.21875
 0.65625 0.8125
 0.65625 0.84375
 0.625 0.84375
 0.84375 0.0625
 0.84375 0.09375
 0.8125 0.09375
 0.6875 0.28125
 0.65625 0.3125
 0.65625 0.28125
 0.96875 0.4375
 0.96875 0.46875
 0.9375 0.46875
 0.5625 0.34375
 0.53125 0.375
 0.53125 0.34375
 0.75 0.53125
 0.71875 0.5625
 0.71875 0.53125
 0.875 0.09375
 0.84375 0.125
 0.09375 0.375
 0.09375 0.40625
 0.0625 0.40625
 1 0.71875
 0.96875 0.75
 0.96875 0.71875
 0.59375 0.625
 0.59375 0.65625
 0.5625 0.65625
 0.96875 0.875
 0.96875 0.90625
 0.9375 0.90625
 0.875 0.15625
 0.84375 0.1875
 0.84375 0.15625
 0.8125 0.59375
 0.78125 0.625
 0.78125 0.59375
 0.625 0.78125
 0.59375 0.8125
 0.59375 0.78125
 0.5625 0.53125
 0.53125 0.5625
 0.53125 0.53125
 0.15625 0.125
 0.15625 0.15625
 0.125 0.15625
 0.46875 0.5625
 0.46875 0.59375
 0.4375 0.59375
 0.78125 0.875
 0.78125 0.90625
 0.75 0.90625
 0.96875 0.125
 0.96875 0.15625
 0.9375 0.15625
 0.4375 0.71875
 0.40625 0.75
 0.40625 0.71875
 0.78125 0.5625
 0.75 0.59375
 0.59375 0.75
 0.59375 0.71875
 0.25 0.28125
 0.21875 0.28125
 0.375 0.71875
 0.34375 0.75
 0.34375 0.71875
 0.75 0.71875
 0.71875 0.75
 0.71875 0.71875
 0.1875 0.40625
 0.15625 0.4375
 0.15625 0.40625
 0.0625 0.65625
 0.03125 0.6875
 0.03125 0.65625
 0.46875 0.3125
 0.46875 0.34375
 0.4375 0.34375
 0.1875 0.09375
 0.15625 0.09375
 0.0625 0.78125
 0.03125 0.8125
 0.03125 0.78125
 0.15625 0.375
 0.15625 0.34375
 0.59375 0.84375
 0.5625 0.84375
 0.65625 0.9375
 0.65625 0.96875
 0.625 0.96875
 0.34375 0.5
 0.34375 0.53125
 0.3125 0.53125
 0.21875 0.15625
 0.1875 0.15625
 0.5625 0.59375
 0.53125 0.625
 0.53125 0.59375
 0.5625 0.90625
 0.53125 0.9375
 0.53125 0.90625
 0.15625 0.0625
 0.125 0.09375
 0.46875 0.375
 0.46875 0.40625
 0.4375 0.40625
 0.65625 0.4375
 0.65625 0.46875
 0.625 0.46875
 0.15625 0.3125
 0.125 0.34375
 1 0.34375
 0.96875 0.375
 0.96875 0.34375
 0.90625 0.375
 0.90625 0.40625
 0.875 0.40625
 0.15625 0.1875
 0.15625 0.21875
 0.125 0.21875
 0.40625 0.375
 0.40625 0.34375
 0.375 0.28125
 0.34375 0.3125
 0.34375 0.28125
 0.65625 0.5625
 0.65625 0.59375
 0.625 0.59375
 0.0625 0.46875
 0.03125 0.5
 0.03125 0.46875
 0.6875 0.34375
 0.65625 0.375
 0.65625 0.34375
 0.46875 0.875
 0.46875 0.90625
 0.4375 0.90625
 0.34375 0
 0.34375 0.03125
 0.3125 0.03125
 0.53125 0.40625
 0.5 0.40625
 0.15625 0.59375
 0.125 0.59375
 0.9375 0.09375
 0.90625 0.125
 0.90625 0.09375
 0.90625 0.5
 0.90625 0.46875
 0.96875 0
 0.96875 0.03125
 0.09375 0.6875
 0.09375 0.71875
 0.0625 0.71875
 0.71875 0
 0.71875 0.03125
 0.6875 0.03125
 0.40625 0.625
 0.40625 0.59375
 1 0.78125
 0.96875 0.8125
 0.96875 0.78125
 0.40625 0.5625
 0.375 0.59375
 0.09375 0.8125
 0.09375 0.84375
 0.0625 0.84375
 0.65625 0.1875
 0.65625 0.21875
 0.0625 0.21875
 0.03125 0.25
 0.03125 0.21875
 0.375 0.21875
 0.34375 0.25
 0.34375 0.21875
 0.125 0.46875
 0.09375 0.5
 0.09375 0.46875
 0.5625 0.03125
 0.53125 0.0625
 0.53125 0.03125
 0.09375 0.625
 0.09375 0.59375
 0.0625 0.03125
 0.03125 0.0625
 0.03125 0.03125
 0.78125 0.65625
 0.75 0.65625
 0.96875 0.1875
 0.96875 0.21875
 0.9375 0.21875
 0.8125 0.71875
 0.78125 0.75
 0.78125 0.71875
 0.21875 0.75
 0.21875 0.78125
 0.1875 0.78125
 0.28125 0.75
 0.28125 0.78125
 0.25 0.78125
 0.8125 0.96875
 0.78125 1
 0.78125 0.96875
 0.46875 0.28125
 0.5625 0.46875
 0.53125 0.5
 0.53125 0.46875
 0.09375 0.65625
 0.78125 0.9375
 0.5625 0.78125
 0.15625 0.46875
 0.03125 0.53125
 0 0.53125
 0.03125 0.5625
 0.03125 0.59375
 0 0.59375
 0.34375 0.875
 0.34375 0.90625
 0.3125 0.90625
 0.21875 0
 0.21875 0.03125
 0.1875 0.03125
 0.4375 0.65625
 0.40625 0.6875
 0.40625 0.65625
 0.65625 0.40625
 0.625 0.40625
 0.125 0.40625
 0.09375 0.4375
 0.5 0.15625
 0.46875 0.15625
 0.84375 0.71875
 0.75 0.46875
 0.71875 0.5
 0.71875 0.46875
 0.90625 0.53125
 0.875 0.53125
 0.09375 0.125
 0.09375 0.09375
 0.21875 0.4375
 0.21875 0.46875
 0.1875 0.46875
 0.5625 0.21875
 0.53125 0.21875
 0.15625 0.25
 0.15625 0.28125
 0.125 0.28125
 0.53125 0.3125
 0.5 0.34375
 0.46875 0.125
 0.4375 0.15625
 0.3125 0.46875
 0.28125 0.5
 0.28125 0.46875
 0.125 0.03125
 0.09375 0.0625
 0.09375 0.03125
 0.875 0.03125
 0.84375 0.03125
 0.5 0.21875
 0.46875 0.25
 0.96875 0.40625
 0.9375 0.40625
 0.8125 0.15625
 0.78125 0.1875
 0.78125 0.15625
 0.5625 0.96875
 0.53125 1
 0.53125 0.96875
 0.59375 0.28125
 0.5625 0.28125
 0.78125 0.3125
 0.78125 0.34375
 0.75 0.34375
 0.375 0.15625
 0.34375 0.1875
 0.34375 0.15625
 0.03125 0.09375
 0 0.09375
 1 0.15625
 0.84375 0.375
 0.84375 0.40625
 0.8125 0.40625
 0.625 0.03125
 0.59375 0.0625
 0.59375 0.03125
 0.3125 0.65625
 0.28125 0.6875
 0.28125 0.65625
 0.4375 0.46875
 0.40625 0.5
 0.40625 0.46875
 0.125 0.90625
 0.09375 0.9375
 0.09375 0.90625
 0.34375 0.9375
 0.34375 0.96875
 0.3125 0.96875
 0.46875 0.6875
 0.46875 0.71875
 0.03125 0
 0 0.03125
 0.09375 0.3125
 0.09375 0.28125
 0.25 0.84375
 0.21875 0.875
 0.21875 0.84375
 0.53125 0.09375
 0.5 0.09375
 0.5 0.96875
 0.34375 0.5625
 0.34375 0.59375
 0.3125 0.59375
 0.09375 0.1875
 0.09375 0.21875
 0.15625 0.5
 0.46875 0.9375
 0.46875 0.96875
 0.4375 0.96875
 0.5 0.03125
 0.46875 0.0625
 0.46875 0.03125
 0.21875 0.375
 0.21875 0.40625
 0.875 0.90625
 0.84375 0.9375
 0.84375 0.90625
 0.71875 0.8125
 0.71875 0.84375
 0.6875 0.84375
 0.34375 0.375
 0.34375 0.40625
 0.3125 0.40625
 0.78125 0.125
 0.78125 0.09375
 0.96875 0.3125
 0.9375 0.34375
 0.75 0.28125
 0.71875 0.3125
 0.71875 0.28125
 0.71875 0.25
 0.21875 0.5
 0.21875 0.53125
 0.90625 0.4375
 0.90625 0
 0.625 0.53125
 0.59375 0.5625
 0.59375 0.53125
 0.09375 0.5625
 0.0625 0.59375
 0.78125 0.21875
 0.75 0.21875
 1 0.40625
 0.59375 0.09375
 0.5625 0.09375
 0.5 0.59375
 0.21875 0.625
 0.21875 0.65625
 0.1875 0.65625
 0.84375 0.25
 0.84375 0.28125
 0.8125 0.28125
 0.59375 0.6875
 0.5625 0.71875
 0.09375 0.96875
 0.0625 0.96875
 0.21875 0.25
 0.1875 0.28125
 0.15625 0.625
 0.15625 0.65625
 0.125 0.65625
 0.71875 0.875
 0.71875 0.90625
 0.6875 0.90625
 0.90625 0.15625
 0.6875 0.40625
 0.34375 0.4375
 0.34375 0.46875
 0.40625 0.1875
 0.40625 0.15625
 0.25 0.53125
 0.21875 0.5625
 0.96875 0.6875
 0.9375 0.71875
 0.875 0.21875
 0.84375 0.21875
 0.71875 0.6875
 0.6875 0.71875
 0.78125 0.8125
 0.78125 0.84375
 0.75 0.84375
 0.59375 0.375
 0.59375 0.40625
 0.5625 0.40625
 0.71875 0.59375
 0.6875 0.59375
 0.28125 0.8125
 0.28125 0.84375
 0.625 0.34375
 0.59375 0.34375
 0.59375 0.125
 0.40625 0.78125
 0.375 0.78125
 0.03125 0.875
 0.03125 0.84375
 0.6875 0.96875
 0.65625 1
 0.28125 0.9375
 0.28125 0.96875
 0.25 0.96875
 0.84375 0.5625
 0.84375 0.59375
 0.90625 0.1875
 0.375 0.34375
 0.8125 0.90625
 0.03125 0.375
 0.03125 0.40625
 0 0.40625
 0.78125 0.4375
 0.78125 0.40625
 0.71875 0.0625
 0.71875 0.09375
 0.6875 0.09375
 0.46875 0.625
 0.59375 0.59375
 0.90625 0.6875
 0.90625 0.71875
 0.875 0.71875
 0.8125 0.84375
 0.34375 0.84375
 0.25 0.90625
 0.21875 0.9375
 0.21875 0.90625
 0.8125 0.21875
 0.21875 0.96875
 0.1875 0.96875
 0.46875 0.4375
 0.46875 0.46875
 0.9375 0.65625
 0.90625 0.65625
 0.0625 0.09375
 0.03125 0.125
 0.40625 0.40625
 0.375 0.40625
 0.71875 0.375
 0.71875 0.40625
 0.15625 0.78125
 0.3125 0.28125
 0.28125 0.3125
 0.28125 0.28125
 0.84375 0.8125
 0.84375 0.84375
 0.59375 0.9375
 0.59375 0.96875
 0.46875 0.5
 0.46875 0.53125
 0.4375 0.53125
 0.5 0.53125
 0.125 0.71875
 0.09375 0.75
 0.09375 0.78125
 0.8125 0.78125
 0.78125 0.78125
 0.28125 0.875
 0.28125 0.90625
 0.78125 0.25
 0.78125 0.28125
 0.875 0.28125
 0.84375 0.3125
 0.65625 0.875
 0.03125 0.625
 0 0.65625
 0.625 0.28125
 0.59375 0.3125
 0.40625 0.21875
 0.65625 0.125
 0.65625 0.15625
 0.96875 0.5625
 0.9375 0.59375
 0.53125 0.125
 0.53125 0.15625
 0.875 0.46875
 0.15625 0.6875
 0.5 0.46875
 0.375 0.65625
 0.34375 0.6875
 0.34375 0.65625
 0.03125 0.4375
 0 0.46875
 0.90625 0.21875
 0.90625 0.25
 0.78125 0.46875
 0.375 0.53125
 0.0625 0.53125
 0.21875 0.8125
 0.84375 0.4375
 0.84375 0.46875
 0.8125 0.46875
 0.96875 0.9375
 0.96875 0.96875
 0.9375 0.96875
 0.84375 0
 0.8125 0.03125
 0.71875 0.34375
 0.84375 0.5
 0.65625 0.625
 0.65625 0.65625
 0.625 0.65625
 0.3125 0.09375
 0.28125 0.125
 0.28125 0.09375
 0.875 0.84375
 0.84375 0.875
 0.78125 0.375
 0.75 0.40625
 0.125 0.53125
 0.09375 0.53125
 0.4375 0.03125
 0.40625 0.03125
 0.84375 0.34375
 0.8125 0.34375
 0.03125 0.75
 0.03125 0.71875
 0.4375 0.78125
 0.53125 0.8125
 0.53125 0.84375
 0.5 0.84375
 0.09375 0.34375
 0.40625 0.25
 0.6875 0.78125
 0.65625 0.78125
 0.46875 0.75
 0.53125 0.875
 0.5 0.90625
 0.5625 0.15625
 0.53125 0.1875
 0.96875 0.5
 0.96875 0.53125
 0.9375 0.53125
 0.34375 0.34375
 0.25 0.15625
 0.21875 0.1875
 0.25 0.34375
 0.34375 0.8125
 0.34375 0.78125
 0.15625 0
 0.15625 0.03125
 0.75 0.78125
 0.71875 0.78125
 0.0625 0.15625
 0.03125 0.1875
 0.03125 0.15625
 0.28125 0.4375
 0.25 0.46875
 0.65625 0
 0.65625 0.03125
 1 0.53125
 0.8125 0.53125
 0.78125 0.53125
 0.40625 0.53125
 0.3125 0.15625
 0.28125 0.15625
 0.40625 0
 0.375 0.03125
 0.90625 0.28125
 0.40625 0.9375
 0.9375 0.28125
 0.78125 0.6875
 0.71875 0.125
 0.71875 0.15625
 0.6875 0.15625
 0.71875 0.625
 0.71875 0.9375
 0.09375 0
 0 0.21875
 0.28125 0.25
 0.75 0.15625
 0.71875 0.1875
 0.28125 0.625
 0.25 0.65625
 0.65625 0.25
 0.34375 0.0625
 0.34375 0.09375
 1 0.03125
 0.96875 0.0625
 0.34375 0.125
 0.1875 0.90625
 0.15625 0.90625
 0.90625 0.9375
 0.90625 0.90625
 0.90625 0.625
 0.90625 0.59375
 0.3125 0.78125
 0.09375 1
 0.59375 0.5
 0.3125 0.21875
 0.125 0.78125
 0.6875 0.46875
 0.65625 0.5
 0.53125 0.4375
 0.5 0.65625
 0.46875 0.65625
 0.28125 0.0625
 0.28125 0.03125
 0.84375 0.75
 0.28125 0.5625
 0.28125 0.59375
 0.25 0.59375
 0.96875 0.09375
 1 0.46875
 0.53125 0.65625
 0.59375 0.46875
 0.71875 0.21875
 0.6875 0.21875
 0.1875 0.59375
 0.78125 0.0625
 0.78125 0.03125
 0.15625 0.75
 0.15625 0.71875
 0.46875 0.78125
 0 0.71875
 0.21875 1
 0.84375 0.53125
 0.71875 0.4375
 0.3125 0.71875
 0.28125 0.71875
 0.0625 0.34375
 0.03125 0.34375
 0.40625 0.4375
 0.375 0.46875
 0.21875 0.21875
 0.1875 0.21875
 0.59375 0.875
 1 0.28125
 0.96875 0.28125
 0.46875 0.09375
 0.25 0.03125
 0.21875 0.0625
 1 0.65625
 0.96875 0.65625
 0.875 0.59375
 0.28125 0.53125
 0.09375 0.875
 0.0625 0.90625
 0.28125 1
 0.625 0.90625
 0.59375 0.90625
 0.4375 0.09375
 0.21875 0.59375
 0.28125 0
 0.46875 0
 0.6875 0.53125
 0.65625 0.53125
 0.03125 1
 0.03125 0.96875
 0.09375 0.25
 0.0625 0.28125
 0.59375 0
 0 0.78125
 0.34375 0.625
 0.40625 0.125
 1 0.21875
 0.96875 0.25
 0.75 0.03125
 1 0.84375
 0.96875 0.84375
 0.9375 0.78125
 0.90625 0.8125
 0.90625 0.78125
 0.28125 0.40625
 0.25 0.40625
 0.71875 0.65625
 0.6875 0.65625
 0.09375 0.15625
 0.65625 0.90625
 0.53125 0
 0.15625 1
 0.03125 0.3125
 0 0.34375
 0.40625 1
 0.40625 0.96875
 0.375 0.96875
 0.90625 1
 0.90625 0.96875
 0.75 0.09375
 0.3125 0.84375
 0.875 0.78125
 0.84375 0.78125
 0.65625 0.75
 0.25 0.71875
 0.53125 0.75
 0.53125 0.78125
 0.5 0.78125
 0.84375 0.96875
 0.03125 0.28125
 0 0.28125
 0.90625 0.75
 0.90625 0.84375
 0.03125 0.9375
 0 0.96875
 0.59375 0.4375
 0 0.84375
 0.90625 0.5625
 0.03125 0.90625
 1 0.96875
 0.96875 1
 1 0.09375
 1 0.90625
 0 0.15625
 0.78125 0.5
 0.34375 1
 0.9375 0.84375
 0.90625 0.875
 0.875 0.96875
 0 0.90625
 0.78125 0
 0.46875 1
 0.59375 1
 0.84375 1
 0.5 0.015625
 0.484375 0.03125
 0.484375 0.015625
 0.765625 0.15625
 0.765625 0.171875
 0.75 0.171875
 0.9375 0.546875
 0.921875 0.5625
 0.921875 0.546875
 0.09375 0.109375
 0.078125 0.125
 0.078125 0.109375
 0.828125 0.625
 0.828125 0.640625
 0.8125 0.640625
 0.203125 0.78125
 0.203125 0.796875
 0.1875 0.796875
 0.3125 0.265625
 0.296875 0.28125
 0.296875 0.265625
 0.9375 0.265625
 0.921875 0.28125
 0.921875 0.265625
 0.953125 0.25
 0.953125 0.265625
 1 0.765625
 0.984375 0.78125
 0.984375 0.765625
 0.359375 0.4375
 0.359375 0.453125
 0.34375 0.453125
 0.6875 0.390625
 0.671875 0.40625
 0.671875 0.390625
 0.953125 0.6875
 0.953125 0.703125
 0.9375 0.703125
 0.78125 0.765625
 0.765625 0.78125
 0.765625 0.765625
 0.9375 0.765625
 0.921875 0.78125
 0.921875 0.765625
 0.609375 0.4375
 0.609375 0.453125
 0.59375 0.453125
 0.125 0.828125
 0.109375 0.84375
 0.109375 0.828125
 0.890625 0.1875
 0.890625 0.203125
 0.875 0.203125
 0.859375 0.859375
 0.84375 0.859375
 0.859375 0.84375
 1 0.703125
 0.984375 0.71875
 0.984375 0.703125
 0.890625 0.4375
 0.890625 0.453125
 0.875 0.453125
 0.5625 0.546875
 0.546875 0.5625
 0.546875 0.546875
 0.5625 0.109375
 0.546875 0.125
 0.546875 0.109375
 0.140625 0.34375
 0.140625 0.359375
 0.125 0.359375
 0.53125 0.578125
 0.515625 0.59375
 0.515625 0.578125
 0.453125 0.75
 0.453125 0.765625
 0.4375 0.765625
 0.0625 0.109375
 0.046875 0.125
 0.046875 0.109375
 0.625 0.796875
 0.609375 0.8125
 0.609375 0.796875
 0.390625 0.96875
 0.390625 0.984375
 0.375 0.984375
 0.96875 0.078125
 0.953125 0.09375
 0.953125 0.078125
 0.3125 0.046875
 0.296875 0.0625
 0.296875 0.046875
 0.421875 0.921875
 0.40625 0.921875
 0.421875 0.90625
 0.25 0.859375
 0.234375 0.875
 0.234375 0.859375
 0.90625 0.015625
 0.890625 0.03125
 0.890625 0.015625
 0.359375 0.734375
 0.34375 0.734375
 0.359375 0.71875
 0.265625 0.09375
 0.265625 0.109375
 0.25 0.109375
 0.0625 0.359375
 0.046875 0.375
 0.046875 0.359375
 0.0625 0.734375
 0.046875 0.75
 0.046875 0.734375
 0.015625 0.0625
 0.015625 0.078125
 0 0.078125
 0.71875 0.078125
 0.703125 0.09375
 0.703125 0.078125
 0.765625 0.0625
 0.765625 0.078125
 0.75 0.078125
 0.84375 0.421875
 0.828125 0.4375
 0.828125 0.421875
 0.125 0.265625
 0.109375 0.28125
 0.109375 0.265625
 0.1875 0.453125
 0.171875 0.46875
 0.171875 0.453125
 0.28125 0.203125
 0.265625 0.21875
 0.265625 0.203125
 0.1875 0.921875
 0.171875 0.9375
 0.171875 0.921875
 0.96875 0.046875
 0.953125 0.0625
 0.953125 0.046875
 0.34375 0.546875
 0.328125 0.5625
 0.328125 0.546875
 0.703125 0.65625
 0.703125 0.671875
 0.6875 0.671875
 0.96875 0.171875
 0.953125 0.1875
 0.953125 0.171875
 0.671875 0.859375
 0.65625 0.859375
 0.671875 0.84375
 0.921875 0.609375
 0.90625 0.609375
 0.921875 0.59375
 0.828125 0.46875
 0.828125 0.484375
 0.8125 0.484375
 0.671875 0.109375
 0.65625 0.109375
 0.671875 0.09375
 0.65625 0.296875
 0.640625 0.3125
 0.640625 0.296875
 0.453125 0.53125
 0.453125 0.546875
 0.4375 0.546875
 0.796875 0.796875
 0.78125 0.796875
 0.796875 0.78125
 0.109375 0.125
 0.109375 0.140625
 0.09375 0.140625
 0.140625 0.15625
 0.140625 0.171875
 0.125 0.171875
 0.921875 0.046875
 0.90625 0.046875
 0.921875 0.03125
 0.921875 0.71875
 0.921875 0.703125
 0.296875 0.8125
 0.296875 0.828125
 0.28125 0.828125
 0.53125 0.703125
 0.515625 0.71875
 0.515625 0.703125
 0.984375 0.671875
 0.96875 0.671875
 0.984375 0.65625
 0.640625 0.71875
 0.640625 0.734375
 0.625 0.734375
 0.625 0.640625
 0.609375 0.65625
 0.609375 0.640625
 0.53125 0.453125
 0.515625 0.46875
 0.515625 0.453125
 0.609375 0.046875
 0.59375 0.046875
 0.609375 0.03125
 0.140625 0.5625
 0.140625 0.578125
 0.125 0.578125
 0.015625 0.28125
 0.015625 0.296875
 0 0.296875
 1 0.203125
 0.984375 0.21875
 0.984375 0.203125
 0.8125 0.921875
 0.796875 0.9375
 0.796875 0.921875
 0.359375 0.984375
 0.34375 0.984375
 0.359375 0.96875
 0.21875 0.078125
 0.203125 0.09375
 0.203125 0.078125
 0.640625 0.5625
 0.640625 0.578125
 0.625 0.578125
 0.390625 0.625
 0.390625 0.640625
 0.375 0.640625
 0.015625 0.84375
 0.015625 0.859375
 0 0.859375
 0.984375 0.171875
 0.984375 0.15625
 0.796875 0.65625
 0.796875 0.640625
 0.4375 0.109375
 0.421875 0.125
 0.421875 0.109375
 0.125 0.890625
 0.109375 0.90625
 0.109375 0.890625
 0.390625 0.25
 0.390625 0.265625
 0.375 0.265625
 1 0.171875
 0.984375 0.1875
 0.953125 0.46875
 0.953125 0.484375
 0.9375 0.484375
 1 0.515625
 0.984375 0.53125
 0.984375 0.515625
 0.9375 0.296875
 0.921875 0.3125
 0.921875 0.296875
 0.3125 0.421875
 0.296875 0.4375
 0.296875 0.421875
 0.328125 0
 0.328125 0.015625
 0.3125 0.015625
 0.46875 0.390625
 0.453125 0.40625
 0.453125 0.390625
 0.734375 0.375
 0.734375 0.390625
 0.71875 0.390625
 0.9375 0.171875
 0.921875 0.1875
 0.921875 0.171875
 0.90625 0.578125
 0.890625 0.59375
 0.890625 0.578125
 0.234375 0.890625
 0.21875 0.890625
 0.65625 0.984375
 0.640625 1
 0.640625 0.984375
 0.9375 0.953125
 0.921875 0.96875
 0.921875 0.953125
 0.84375 0.171875
 0.828125 0.1875
 0.828125 0.171875
 0.828125 0.40625
 0.8125 0.421875
 0.671875 0.984375
 0.671875 0.96875
 0.453125 0.5
 0.453125 0.515625
 0.4375 0.515625
 0.5 0.609375
 0.484375 0.625
 0.484375 0.609375
 0.71875 0.921875
 0.703125 0.9375
 0.703125 0.921875
 0.078125 0.625
 0.078125 0.640625
 0.0625 0.640625
 0.65625 0.265625
 0.640625 0.28125
 0.640625 0.265625
 0.71875 0.984375
 0.703125 1
 0.703125 0.984375
 0.875 0.046875
 0.859375 0.0625
 0.859375 0.046875
 0.5625 0.859375
 0.546875 0.875
 0.546875 0.859375
 0.5625 0.921875
 0.546875 0.9375
 0.546875 0.921875
 0.90625 0.171875
 0.921875 0.15625
 0.359375 0.9375
 0.359375 0.953125
 0.34375 0.953125
 0.375 0.234375
 0.359375 0.25
 0.359375 0.234375
 0.171875 0.734375
 0.15625 0.734375
 0.171875 0.71875
 0.953125 0.5625
 0.953125 0.578125
 0.9375 0.578125
 0.25 0.828125
 0.234375 0.84375
 0.234375 0.828125
 0.984375 0.421875
 0.96875 0.421875
 0.984375 0.40625
 0.734375 0.75
 0.734375 0.765625
 0.71875 0.765625
 0.578125 0.84375
 0.578125 0.859375
 0.28125 0.609375
 0.265625 0.625
 0.265625 0.609375
 0.015625 0.25
 0.015625 0.265625
 0 0.265625
 0.484375 0.796875
 0.46875 0.796875
 0.484375 0.78125
 0.1875 0.578125
 0.171875 0.59375
 0.171875 0.578125
 0.5625 0.953125
 0.546875 0.96875
 0.546875 0.953125
 0.328125 0.625
 0.328125 0.640625
 0.3125 0.640625
 1 0.078125
 0.984375 0.09375
 0.984375 0.078125
 0.21875 0.453125
 0.203125 0.46875
 0.203125 0.453125
 0.765625 0
 0.765625 0.015625
 0.75 0.015625
 0.078125 0.34375
 0.078125 0.359375
 0.203125 0.109375
 0.1875 0.109375
 0.9375 0.859375
 0.921875 0.875
 0.921875 0.859375
 0.28125 0.234375
 0.265625 0.25
 0.265625 0.234375
 0.28125 0.921875
 0.265625 0.9375
 0.265625 0.921875
 0.640625 0.9375
 0.640625 0.953125
 0.625 0.953125
 0.453125 0.25
 0.453125 0.265625
 0.4375 0.265625
 0.421875 0.28125
 0.421875 0.265625
 0.21875 0.265625
 0.203125 0.28125
 0.203125 0.265625
 0.3125 0.453125
 0.296875 0.46875
 0.296875 0.453125
 0.90625 0.453125
 0.890625 0.46875
 0.9375 0.390625
 0.921875 0.40625
 0.921875 0.390625
 0.25 0.484375
 0.234375 0.5
 0.234375 0.484375
 0.4375 0.671875
 0.421875 0.6875
 0.421875 0.671875
 0.5 0.265625
 0.484375 0.28125
 0.484375 0.265625
 1 0.671875
 0.984375 0.6875
 0.34375 0.046875
 0.328125 0.0625
 0.328125 0.046875
 0.609375 0.859375
 0.59375 0.859375
 0.609375 0.84375
 0.453125 0.375
 0.4375 0.390625
 0.03125 0.453125
 0.015625 0.46875
 0.015625 0.453125
 0.125 0.859375
 0.109375 0.875
 0.109375 0.859375
 0.171875 0.875
 0.171875 0.890625
 0.15625 0.890625
 0.640625 0
 0.640625 0.015625
 0.625 0.015625
 0.703125 0.28125
 0.703125 0.296875
 0.6875 0.296875
 0.46875 0.671875
 0.453125 0.6875
 0.453125 0.671875
 0.59375 0.359375
 0.578125 0.375
 0.578125 0.359375
 1 0.265625
 0.984375 0.28125
 0.984375 0.265625
 0.03125 0.671875
 0.015625 0.6875
 0.015625 0.671875
 0.171875 0.125
 0.171875 0.140625
 0.15625 0.140625
 0.9375 0.890625
 0.921875 0.90625
 0.921875 0.890625
 0.921875 0.671875
 0.90625 0.671875
 0.921875 0.65625
 0.421875 0.3125
 0.421875 0.328125
 0.40625 0.328125
 0.46875 0.140625
 0.453125 0.15625
 0.453125 0.140625
 0.6875 0.921875
 0.671875 0.9375
 0.671875 0.921875
 0.109375 0.484375
 0.09375 0.484375
 0.109375 0.46875
 0.78125 0.390625
 0.765625 0.40625
 0.765625 0.390625
 0.90625 0.078125
 0.890625 0.09375
 0.890625 0.078125
 0.71875 0.890625
 0.703125 0.90625
 0.703125 0.890625
 1 0.390625
 0.984375 0.390625
 0.734375 0.09375
 0.734375 0.078125
 0.9375 0.609375
 0.921875 0.625
 0.15625 0.953125
 0.140625 0.96875
 0.140625 0.953125
 0.921875 0.6875
 0.90625 0.703125
 0.25 0.140625
 0.234375 0.15625
 0.234375 0.140625
 0.34375 0.015625
 0.328125 0.03125
 0.6875 0.703125
 0.671875 0.71875
 0.671875 0.703125
 0.0625 0.578125
 0.046875 0.59375
 0.046875 0.578125
 0.25 0.453125
 0.234375 0.46875
 0.234375 0.453125
 0.53125 0.859375
 0.546875 0.84375
 0.484375 0.25
 0.46875 0.265625
 0.625 0.515625
 0.609375 0.53125
 0.609375 0.515625
 0.34375 0.796875
 0.328125 0.8125
 0.328125 0.796875
 0.265625 0.953125
 0.25 0.953125
 0.0625 0.703125
 0.046875 0.71875
 0.046875 0.703125
 0.421875 0.546875
 0.40625 0.546875
 0.421875 0.53125
 0.546875 0.140625
 0.53125 0.140625
 0.375 0.359375
 0.359375 0.375
 0.359375 0.359375
 0.765625 0.28125
 0.765625 0.296875
 0.75 0.296875
 0.703125 0.59375
 0.703125 0.609375
 0.6875 0.609375
 0.71875 0.734375
 0.703125 0.75
 0.703125 0.734375
 0.046875 0.765625
 0.03125 0.765625
 0.734375 0.609375
 0.71875 0.609375
 0.734375 0.59375
 0.421875 0.375
 0.421875 0.390625
 0.40625 0.390625
 0.390625 0.375
 0.390625 0.390625
 0.375 0.390625
 0.09375 0.796875
 0.078125 0.8125
 0.078125 0.796875
 0.421875 0.421875
 0.40625 0.421875
 0.421875 0.40625
 0.484375 0.484375
 0.46875 0.484375
 0.484375 0.46875
 0.96875 0.109375
 0.953125 0.125
 0.953125 0.109375
 0.203125 0.3125
 0.203125 0.328125
 0.1875 0.328125
 0.828125 0.03125
 0.828125 0.046875
 0.8125 0.046875
 0.171875 0.375
 0.171875 0.390625
 0.15625 0.390625
 0.703125 0.125
 0.703125 0.140625
 0.6875 0.140625
 0.40625 0.578125
 0.390625 0.59375
 0.390625 0.578125
 0.21875 0.734375
 0.203125 0.75
 0.203125 0.734375
 0.375 0.859375
 0.359375 0.875
 0.359375 0.859375
 0.6875 0.640625
 0.671875 0.65625
 0.671875 0.640625
 0.703125 0.71875
 0.6875 0.734375
 0.84375 0.734375
 0.828125 0.75
 0.828125 0.734375
 0.390625 0.53125
 0.390625 0.546875
 0.375 0.546875
 0.984375 0.9375
 0.984375 0.953125
 0.96875 0.953125
 0.640625 0.46875
 0.640625 0.484375
 0.625 0.484375
 0.5625 0.734375
 0.546875 0.75
 0.546875 0.734375
 0.90625 0.859375
 0.890625 0.875
 0.890625 0.859375
 0.78125 0.890625
 0.765625 0.90625
 0.765625 0.890625
 0.546875 0.625
 0.546875 0.640625
 0.53125 0.640625
 0.921875 0.734375
 0.90625 0.734375
 0.65625 0.828125
 0.640625 0.84375
 0.640625 0.828125
 0.640625 0.03125
 0.640625 0.046875
 0.625 0.046875
 0.078125 0.5625
 0.078125 0.578125
 0.375 0.703125
 0.359375 0.703125
 0.265625 0.34375
 0.265625 0.359375
 0.25 0.359375
 0.125 0.015625
 0.109375 0.03125
 0.109375 0.015625
 0.453125 0.5625
 0.453125 0.578125
 0.4375 0.578125
 0.328125 0.53125
 0.3125 0.546875
 0.453125 0.78125
 0.453125 0.796875
 0.4375 0.796875
 0.09375 0.453125
 0.078125 0.46875
 0.078125 0.453125
 0.453125 0.09375
 0.453125 0.109375
 0.296875 0
 0.296875 0.015625
 0.28125 0.015625
 0.234375 0.296875
 0.21875 0.296875
 0.234375 0.28125
 0.359375 0.609375
 0.34375 0.609375
 0.359375 0.59375
 0.53125 0.109375
 0.515625 0.125
 0.515625 0.109375
 0.203125 0.375
 0.203125 0.390625
 0.1875 0.390625
 0.6875 0.015625
 0.671875 0.03125
 0.671875 0.015625
 0.078125 0.6875
 0.078125 0.703125
 0.21875 0.328125
 0.203125 0.34375
 0.34375 0.359375
 0.328125 0.375
 0.328125 0.359375
 0.109375 0.921875
 0.09375 0.921875
 0.8125 0.953125
 0.796875 0.96875
 0.796875 0.953125
 0.03125 0.703125
 0.015625 0.71875
 0.015625 0.703125
 0.03125 0.984375
 0.015625 1
 0.015625 0.984375
 0.734375 0.125
 0.734375 0.140625
 0.71875 0.140625
 0.1875 0.484375
 0.171875 0.5
 0.171875 0.484375
 0.515625 0.65625
 0.515625 0.640625
 0.9375 0.828125
 0.921875 0.84375
 0.921875 0.828125
 0.703125 0.625
 0.703125 0.640625
 0.828125 0.90625
 0.828125 0.921875
 0.359375 0.921875
 0.34375 0.921875
 0.359375 0.90625
 0.921875 0.109375
 0.90625 0.109375
 0.921875 0.09375
 0.828125 0.3125
 0.828125 0.328125
 0.8125 0.328125
 0.546875 0.890625
 0.53125 0.890625
 0.140625 0
 0.140625 0.015625
 0.328125 0.609375
 0.421875 0.140625
 0.40625 0.140625
 0.796875 0.296875
 0.78125 0.296875
 0.796875 0.28125
 0.859375 0.609375
 0.84375 0.609375
 0.859375 0.59375
 0.40625 0.015625
 0.390625 0.03125
 0.390625 0.015625
 0.984375 0.359375
 0.96875 0.359375
 0.984375 0.34375
 0.921875 0.203125
 0.90625 0.203125
 0.140625 0.84375
 0.140625 0.859375
 0.640625 0.859375
 0.625 0.859375
 0.625 0.265625
 0.609375 0.28125
 0.609375 0.265625
 0.0625 0.609375
 0.046875 0.625
 0.046875 0.609375
 0.203125 0.625
 0.203125 0.640625
 0.1875 0.640625
 0.890625 0.125
 0.890625 0.140625
 0.875 0.140625
 0.453125 0.34375
 0.453125 0.359375
 0.4375 0.359375
 0.234375 0.375
 0.234375 0.390625
 0.21875 0.390625
 0.90625 0.265625
 0.890625 0.28125
 0.890625 0.265625
 0.78125 0.109375
 0.765625 0.125
 0.765625 0.109375
 0.890625 0.0625
 0.890625 0.046875
 0.21875 0.984375
 0.203125 1
 0.203125 0.984375
 0.96875 0.015625
 0.953125 0.03125
 0.953125 0.015625
 0.953125 0.140625
 0.9375 0.140625
 0.828125 0.78125
 0.828125 0.796875
 0.8125 0.796875
 0.859375 0.796875
 0.84375 0.796875
 0.859375 0.78125
 0.265625 0.75
 0.265625 0.765625
 0.25 0.765625
 0.640625 0.15625
 0.640625 0.171875
 0.625 0.171875
 0.609375 0.828125
 0.59375 0.828125
 0.40625 0.515625
 0.390625 0.515625
 0.671875 0.484375
 0.65625 0.484375
 0.671875 0.46875
 0.03125 0.515625
 0.015625 0.53125
 0.015625 0.515625
 0.53125 0.796875
 0.515625 0.8125
 0.515625 0.796875
 0.421875 0.703125
 0.40625 0.703125
 0.375 0.453125
 0.359375 0.46875
 0.453125 0.0625
 0.453125 0.078125
 0.4375 0.078125
 0.578125 0.6875
 0.578125 0.703125
 0.5625 0.703125
 0.8125 0.453125
 0.796875 0.46875
 0.796875 0.453125
 0.96875 0.609375
 0.953125 0.625
 0.953125 0.609375
 0.84375 0.671875
 0.828125 0.6875
 0.828125 0.671875
 0.171875 0.8125
 0.171875 0.828125
 0.15625 0.828125
 0.640625 0.125
 0.640625 0.109375
 0.71875 0.484375
 0.703125 0.5
 0.703125 0.484375
 0.953125 0.96875
 0.953125 0.953125
 0.265625 0.8125
 0.265625 0.828125
 0.78125 0.703125
 0.765625 0.71875
 0.765625 0.703125
 0.03125 0.890625
 0.015625 0.90625
 0.015625 0.890625
 0.15625 0.421875
 0.140625 0.4375
 0.140625 0.421875
 0.234375 0.25
 0.234375 0.265625
 0.0625 0.078125
 0.046875 0.09375
 0.046875 0.078125
 0.328125 0.28125
 0.328125 0.296875
 0.3125 0.296875
 0.28125 0.671875
 0.265625 0.6875
 0.265625 0.671875
 0.890625 0.65625
 0.890625 0.671875
 0.875 0.671875
 0.140625 0.03125
 0.140625 0.046875
 0.125 0.046875
 0.875 0.640625
 0.859375 0.65625
 0.859375 0.640625
 0.46875 0.890625
 0.453125 0.90625
 0.453125 0.890625
 0.203125 0.296875
 0.875 0.390625
 0.859375 0.40625
 0.859375 0.390625
 0.09375 0.421875
 0.078125 0.4375
 0.078125 0.421875
 0.390625 0.15625
 0.390625 0.171875
 0.375 0.171875
 0.15625 0.203125
 0.140625 0.21875
 0.140625 0.203125
 0.203125 0.8125
 0.203125 0.828125
 0.1875 0.828125
 0.78125 0.640625
 0.765625 0.65625
 0.765625 0.640625
 0.53125 0.984375
 0.515625 1
 0.515625 0.984375
 0.875 0.703125
 0.859375 0.71875
 0.859375 0.703125
 0.390625 0.21875
 0.390625 0.234375
 0.0625 0.203125
 0.046875 0.21875
 0.046875 0.203125
 0.578125 0.9375
 0.578125 0.953125
 0.265625 0.03125
 0.265625 0.015625
 0.484375 0.5
 0.484375 0.515625
 0.46875 0.515625
 0.109375 0
 0.09375 0.015625
 0.109375 0.796875
 0.109375 0.78125
 0.046875 0
 0.046875 0.015625
 0.03125 0.015625
 0.65625 0.171875
 0.640625 0.1875
 0.828125 0.34375
 0.828125 0.359375
 0.8125 0.359375
 0.9375 0.359375
 0.921875 0.375
 0.921875 0.359375
 0.671875 0.671875
 0.65625 0.671875
 0.890625 0.109375
 0.40625 0.734375
 0.390625 0.75
 0.390625 0.734375
 0.5625 0.140625
 0.546875 0.15625
 0.15625 0.453125
 0.140625 0.46875
 0.140625 0.453125
 0.90625 0.546875
 0.921875 0.53125
 0.171875 0.75
 0.171875 0.765625
 0.15625 0.765625
 0.28125 0.890625
 0.265625 0.90625
 0.265625 0.890625
 0.140625 0.125
 0.140625 0.140625
 0.125 0.140625
 0.578125 0.53125
 0.578125 0.546875
 0.65625 0.609375
 0.640625 0.625
 0.640625 0.609375
 0.890625 0.625
 0.890625 0.640625
 0.515625 0.90625
 0.515625 0.921875
 0.5 0.921875
 0.953125 0.9375
 0.0625 0.484375
 0.046875 0.5
 0.046875 0.484375
 0.6875 0.515625
 0.671875 0.53125
 0.671875 0.515625
 0.859375 0.8125
 0.859375 0.828125
 0.84375 0.828125
 0.484375 0.9375
 0.484375 0.921875
 0.796875 0.984375
 0.78125 0.984375
 0.3125 0.984375
 0.296875 1
 0.296875 0.984375
 0.828125 0.9375
 0.828125 0.953125
 0.796875 0.859375
 0.78125 0.859375
 0.796875 0.84375
 0.359375 0.5625
 0.359375 0.546875
 0.71875 0.171875
 0.703125 0.1875
 0.703125 0.171875
 0.265625 0.28125
 0.265625 0.296875
 0.25 0.296875
 0.84375 0.265625
 0.828125 0.28125
 0.828125 0.265625
 0.28125 0.953125
 0.265625 0.96875
 0.40625 0.359375
 0.390625 0.359375
 0.359375 0.390625
 0.34375 0.390625
 0.3125 0.578125
 0.296875 0.59375
 0.296875 0.578125
 0.984375 0.5
 0.96875 0.515625
 0 0.703125
 0.65625 0.078125
 0.640625 0.09375
 0.640625 0.078125
 0.34375 0.859375
 0.359375 0.84375
 0.46875 0.578125
 0.453125 0.59375
 0.6875 0.484375
 0.671875 0.5
 0.078125 0.5
 0.078125 0.515625
 0.0625 0.515625
 0.484375 0.546875
 0.46875 0.546875
 0.484375 0.53125
 0.265625 0.640625
 0.25 0.640625
 0.40625 0.671875
 0.390625 0.6875
 0.390625 0.671875
 0.59375 0.671875
 0.578125 0.671875
 0.40625 0.796875
 0.390625 0.8125
 0.390625 0.796875
 0.015625 0.9375
 0.015625 0.953125
 0 0.953125
 0.1875 0.296875
 0.078125 0.21875
 0.078125 0.234375
 0.0625 0.234375
 0.28125 0.109375
 0.265625 0.125
 0.828125 0.71875
 0.8125 0.734375
 0.25 0.265625
 0.265625 0.984375
 0.25 0.984375
 0.09375 0.546875
 0.078125 0.546875
 0.46875 0.015625
 0.453125 0.03125
 0.453125 0.015625
 0.15625 0.171875
 0.140625 0.1875
 0.828125 0.296875
 0.8125 0.296875
 0.203125 0.4375
 0.765625 0.4375
 0.765625 0.453125
 0.75 0.453125
 0.109375 0.5625
 0.109375 0.578125
 0.09375 0.578125
 0.25 0.578125
 0.234375 0.59375
 0.234375 0.578125
 1 0.296875
 0.984375 0.3125
 0.984375 0.296875
 0.1875 0.265625
 0.171875 0.28125
 0.171875 0.265625
 0.890625 0.53125
 0.890625 0.546875
 0.875 0.546875
 0.71875 0.671875
 0.703125 0.6875
 0.625 0.765625
 0.609375 0.78125
 0.609375 0.765625
 0.609375 0.234375
 0.59375 0.234375
 0.609375 0.21875
 0.625 0.453125
 0.609375 0.46875
 0.625 0.671875
 0.609375 0.6875
 0.609375 0.671875
 1 0.859375
 0.984375 0.875
 0.984375 0.859375
 0.015625 0.625
 0.015625 0.640625
 0 0.640625
 0.96875 0.234375
 0.953125 0.234375
 1 0.140625
 0.984375 0.140625
 0.703125 0.375
 0.703125 0.390625
 0.515625 0.0625
 0.515625 0.078125
 0.5 0.078125
 0.921875 0.8125
 0.90625 0.828125
 0.484375 0.859375
 0.46875 0.859375
 0.484375 0.84375
 0.140625 0.40625
 0.125 0.421875
 0.109375 0.375
 0.109375 0.390625
 0.09375 0.390625
 0.640625 0.640625
 0.34375 0.296875
 0.328125 0.3125
 0.421875 0.5
 0.421875 0.515625
 0.015625 0.65625
 0 0.671875
 0.375 0.765625
 0.359375 0.78125
 0.359375 0.765625
 0.90625 0.390625
 0.140625 0.484375
 0.125 0.484375
 0.78125 0.453125
 0.765625 0.46875
 0.671875 0.421875
 0.65625 0.421875
 0.96875 0.578125
 0.953125 0.59375
 0.59375 0.078125
 0.578125 0.09375
 0.578125 0.078125
 0.828125 0.8125
 0.328125 0.328125
 0.3125 0.328125
 0.078125 0.59375
 0.203125 0.6875
 0.203125 0.703125
 0.1875 0.703125
 0.5 0.296875
 0.484375 0.3125
 0.484375 0.296875
 0.96875 0.140625
 0.953125 0.15625
 0.140625 0.390625
 0.0625 0.921875
 0.046875 0.9375
 0.046875 0.921875
 0.40625 0.296875
 0.390625 0.3125
 0.390625 0.296875
 0.5 0.046875
 0.484375 0.0625
 0.484375 0.046875
 1 0.328125
 0.984375 0.328125
 0.8125 0.140625
 0.796875 0.15625
 0.796875 0.140625
 0.328125 0.125
 0.328125 0.140625
 0.3125 0.140625
 0.96875 0.296875
 0.953125 0.3125
 0.953125 0.296875
 0.53125 0.328125
 0.515625 0.34375
 0.515625 0.328125
 0.3125 0.359375
 0.296875 0.375
 0.296875 0.359375
 0.734375 0.5
 0.734375 0.515625
 0.71875 0.515625
 0.46875 0.953125
 0.453125 0.96875
 0.453125 0.953125
 0.46875 0.109375
 0.453125 0.125
 0.46875 0.171875
 0.453125 0.1875
 0.453125 0.171875
 0.203125 0.765625
 0.1875 0.765625
 0.984375 0.234375
 0.625 0.703125
 0.609375 0.71875
 0.609375 0.703125
 0.359375 0.109375
 0.34375 0.109375
 0.359375 0.09375
 0.796875 0.375
 0.796875 0.359375
 0.703125 0.15625
 0.921875 0.234375
 0.90625 0.234375
 0.921875 0.21875
 0.1875 0.515625
 0.171875 0.53125
 0.171875 0.515625
 0.390625 0.78125
 0.375 0.796875
 0.0625 0.953125
 0.046875 0.96875
 0.046875 0.953125
 0.421875 0.8125
 0.421875 0.796875
 0.21875 0.796875
 0.046875 0.875
 0.046875 0.890625
 0.59375 0.015625
 0.578125 0.03125
 0.578125 0.015625
 0.390625 0.609375
 0.375 0.609375
 0.015625 0.59375
 0.015625 0.609375
 0 0.609375
 0.984375 0.890625
 0.96875 0.890625
 1 0.234375
 0.984375 0.25
 0.328125 0.9375
 0.328125 0.953125
 0.3125 0.953125
 0.015625 0.34375
 0.015625 0.359375
 0 0.359375
 0.359375 0.625
 0.84375 0.359375
 0.828125 0.375
 0.203125 0.25
 0.765625 0.484375
 0.75 0.484375
 0.8125 0.546875
 0.796875 0.5625
 0.796875 0.546875
 0.109375 0.625
 0.109375 0.640625
 0.09375 0.640625
 0.75 0.671875
 0.734375 0.6875
 0.734375 0.671875
 0.234375 0.0625
 0.234375 0.078125
 0.9375 0.984375
 0.921875 1
 0.921875 0.984375
 0.75 0.796875
 0.734375 0.8125
 0.734375 0.796875
 0.484375 0.109375
 0.484375 0.09375
 0.390625 0.84375
 0.390625 0.859375
 0.578125 0.875
 0.578125 0.890625
 0.5625 0.890625
 0.4375 0.140625
 0.015625 0.40625
 0.015625 0.421875
 0 0.421875
 0.421875 0.484375
 0.40625 0.484375
 0.421875 0.46875
 0.59375 0.890625
 0.578125 0.90625
 0.828125 0.875
 0.828125 0.890625
 0.8125 0.890625
 0.75 0.953125
 0.734375 0.96875
 0.734375 0.953125
 0.515625 0.4375
 0.5 0.453125
 0.296875 0.234375
 0.296875 0.21875
 0.578125 0
 0.5625 0.015625
 0.703125 0.40625
 0.703125 0.421875
 0.6875 0.421875
 0.65625 0.515625
 0.640625 0.53125
 0.640625 0.515625
 0.03125 0.953125
 0.015625 0.96875
 0.578125 0.109375
 0.453125 0.28125
 0.453125 0.296875
 0.4375 0.296875
 0.765625 0.671875
 0.171875 0.859375
 0.15625 0.859375
 0.171875 0.84375
 0.453125 0.65625
 0.328125 0.1875
 0.328125 0.203125
 0.3125 0.203125
 0.890625 0.3125
 0.890625 0.328125
 0.875 0.328125
 0.203125 0.40625
 0.359375 0.796875
 0.625 0.296875
 0.515625 0.75
 0.515625 0.765625
 0.5 0.765625
 0.71875 0.859375
 0.703125 0.875
 0.703125 0.859375
 0.375 0.921875
 0.390625 0.5625
 0.375 0.578125
 0.53125 0.203125
 0.515625 0.21875
 0.515625 0.203125
 0.1875 0.234375
 0.171875 0.25
 0.171875 0.234375
 0.78125 0.140625
 0.765625 0.140625
 0.09375 0.859375
 0.078125 0.875
 0.078125 0.859375
 0.03125 0.359375
 0.046875 0.34375
 0.265625 0.84375
 0.265625 0.859375
 0.03125 0.921875
 0.015625 0.921875
 0.59375 0.953125
 0.578125 0.96875
 0.359375 0.65625
 0.359375 0.640625
 0.640625 0.65625
 0.640625 0.671875
 0.390625 0.125
 0.390625 0.140625
 0.375 0.140625
 0.546875 0.6875
 0.546875 0.703125
 0.53125 0.921875
 0.515625 0.9375
 0.875 0.984375
 0.859375 1
 0.859375 0.984375
 0.5625 0.484375
 0.546875 0.5
 0.546875 0.484375
 0.046875 0.546875
 0.03125 0.546875
 0.046875 0.53125
 0.65625 0.703125
 0.640625 0.703125
 0.109375 0.359375
 0.890625 0.9375
 0.890625 0.953125
 0.875 0.953125
 0.21875 0.140625
 0.203125 0.15625
 0.203125 0.140625
 0.09375 0.234375
 0.078125 0.25
 0.640625 0.21875
 0.640625 0.234375
 0.625 0.234375
 0.5 0.859375
 0.484375 0.875
 0.34375 0.265625
 0.328125 0.265625
 0.71875 0.203125
 0.703125 0.21875
 0.703125 0.203125
 0.296875 0.5625
 0.28125 0.578125
 0.625 0.109375
 0.71875 0.109375
 0.703125 0.109375
 0.109375 0.25
 0.09375 0.265625
 0.671875 0.1875
 0.671875 0.203125
 0.65625 0.203125
 0.796875 0.5
 0.796875 0.515625
 0.78125 0.515625
 0.515625 0.15625
 0.515625 0.140625
 0.53125 0.546875
 0.546875 0.53125
 0.34375 0.671875
 0.328125 0.6875
 0.328125 0.671875
 0.65625 0.953125
 0.640625 0.96875
 0.015625 0.5625
 0.015625 0.578125
 0 0.578125
 0.28125 0.984375
 0.296875 0.96875
 0.328125 0.875
 0.328125 0.890625
 0.3125 0.890625
 0.59375 0.328125
 0.578125 0.34375
 0.578125 0.328125
 0.984375 0.125
 0.015625 0.75
 0.015625 0.765625
 0 0.765625
 0.40625 0.265625
 0.390625 0.28125
 0.140625 0.3125
 0.140625 0.328125
 0.125 0.328125
 0.953125 0
 0.9375 0.015625
 0.734375 0.234375
 0.71875 0.234375
 0.734375 0.21875
 0.546875 0.4375
 0.546875 0.453125
 0.359375 0.53125
 0.34375 0.078125
 0.328125 0.09375
 0.328125 0.078125
 0.421875 0.65625
 0.75 0.578125
 0.734375 0.578125
 0.390625 0.875
 0.390625 0.890625
 0.375 0.890625
 0.609375 0.1875
 0.609375 0.203125
 0.59375 0.203125
 0.484375 0.5625
 0.484375 0.578125
 0.5 0.234375
 0.484375 0.234375
 0.59375 0.171875
 0.578125 0.1875
 0.578125 0.171875
 0.921875 0.796875
 0.90625 0.796875
 0.109375 0.5
 0.109375 0.515625
 0.09375 0.515625
 0.828125 0.203125
 0.8125 0.203125
 0.328125 0.390625
 0.3125 0.390625
 0.625 0.984375
 0.046875 0.640625
 0.03125 0.640625
 0.578125 0.8125
 0.578125 0.828125
 0.5625 0.828125
 0.609375 0.125
 0.609375 0.109375
 0.265625 0.4375
 0.265625 0.453125
 0.5625 0.765625
 0.546875 0.78125
 0.546875 0.765625
 0.40625 0.046875
 0.390625 0.0625
 0.390625 0.046875
 0.6875 0.546875
 0.671875 0.5625
 0.671875 0.546875
 0.5 0.578125
 0.484375 0.59375
 0.140625 0.65625
 0.140625 0.671875
 0.125 0.671875
 0.78125 0.546875
 0.765625 0.5625
 0.765625 0.546875
 0.09375 0.765625
 0.078125 0.78125
 0.078125 0.765625
 0.0625 0.671875
 0.046875 0.6875
 0.046875 0.671875
 0.125 0.078125
 0.109375 0.09375
 0.109375 0.078125
 0.890625 0.609375
 0.1875 0.203125
 0.171875 0.21875
 0.171875 0.203125
 0.265625 0.59375
 0.265625 0.578125
 0.828125 0.5625
 0.828125 0.578125
 0.8125 0.578125
 0.359375 0.296875
 0.359375 0.28125
 0.59375 0.421875
 0.578125 0.4375
 0.578125 0.421875
 0.015625 0.15625
 0.015625 0.171875
 0 0.171875
 0.859375 0.421875
 0.421875 0.4375
 0.421875 0.453125
 0.40625 0.453125
 0.25 0.671875
 0.234375 0.6875
 0.234375 0.671875
 0.234375 0.125
 0.171875 0.3125
 0.171875 0.296875
 0.40625 0.203125
 0.390625 0.203125
 0.890625 0.21875
 0.890625 0.234375
 0.875 0.234375
 0.765625 0.53125
 0.765625 0.515625
 0.234375 0.984375
 0.234375 0.96875
 0.6875 0.109375
 0.609375 0
 0.609375 0.015625
 0.078125 0.53125
 0.0625 0.546875
 0.53125 0.515625
 0.515625 0.53125
 0.515625 0.515625
 0.609375 0.0625
 0.609375 0.078125
 0.75 0.390625
 0.734375 0.40625
 0.390625 0.34375
 0.375 0.515625
 0.359375 0.515625
 0.765625 0.875
 0.765625 0.859375
 0.28125 0.765625
 0.265625 0.78125
 0.53125 0.421875
 0.515625 0.421875
 0.859375 0.46875
 0.859375 0.453125
 0.328125 0.859375
 0.953125 0.90625
 0.953125 0.890625
 0.21875 0.515625
 0.203125 0.53125
 0.203125 0.515625
 0.6875 0.890625
 0.671875 0.90625
 0.671875 0.890625
 0.65625 0.921875
 0.25 0.546875
 0.234375 0.5625
 0.234375 0.546875
 0.953125 0.71875
 0.953125 0.734375
 0.9375 0.734375
 0.375 0.046875
 0.359375 0.0625
 0.359375 0.046875
 0.421875 0.5625
 0.421875 0.578125
 0.03125 0.171875
 0.015625 0.1875
 0.5625 0.046875
 0.546875 0.0625
 0.546875 0.046875
 0.21875 0.109375
 0.203125 0.125
 0.765625 0.84375
 0.75 0.859375
 0.84375 0.046875
 0.859375 0.03125
 0.578125 0.203125
 0.5625 0.203125
 0.78125 0.234375
 0.765625 0.25
 0.765625 0.234375
 0.53125 0.734375
 0.546875 0.71875
 0.015625 0.78125
 0.046875 0.390625
 0.03125 0.390625
 0.8125 0.609375
 0.796875 0.625
 0.796875 0.609375
 0.484375 0.171875
 0.484375 0.15625
 0.671875 0.953125
 0.25 0.078125
 0.234375 0.09375
 0.546875 0.8125
 0.546875 0.828125
 0.53125 0.828125
 0.734375 0.859375
 0.734375 0.84375
 0.296875 0.546875
 0.28125 0.546875
 0.296875 0.53125
 0.421875 0.359375
 0.421875 0.34375
 0.4375 0.828125
 0.421875 0.84375
 0.421875 0.828125
 0.484375 0.671875
 0.484375 0.65625
 0.359375 0.265625
 0.578125 0.0625
 0.578125 0.046875
 0.609375 0.75
 0.59375 0.765625
 0.421875 0
 0.421875 0.015625
 0.75 0.546875
 0.640625 0.8125
 0.625 0.828125
 0.875 0.078125
 0.65625 0.546875
 0.640625 0.546875
 0.421875 0.296875
 0.703125 0.703125
 0.5 0.359375
 0.484375 0.375
 0.484375 0.359375
 0.859375 0.96875
 0.859375 0.953125
 0.078125 0.1875
 0.078125 0.203125
 0.390625 0.765625
 0.265625 0.5625
 0.3125 0.734375
 0.296875 0.75
 0.296875 0.734375
 0.375 0.828125
 0.359375 0.828125
 0.15625 0.921875
 0.171875 0.90625
 0.296875 0.1875
 0.296875 0.203125
 0.859375 0.734375
 0.828125 0.84375
 0.828125 0.859375
 0.8125 0.859375
 0.890625 0.78125
 0.890625 0.796875
 0.875 0.796875
 0.984375 0.796875
 0.96875 0.796875
 0.90625 0.890625
 0.890625 0.90625
 0.890625 0.890625
 0.140625 0.25
 0.140625 0.265625
 0.296875 0.3125
 0.296875 0.296875
 0.671875 0.4375
 0.578125 0.59375
 0.578125 0.609375
 0.5625 0.609375
 0.640625 0.59375
 0.625 0.609375
 0.140625 0.71875
 0.140625 0.734375
 0.125 0.734375
 0.34375 0.640625
 0.59375 0.609375
 0.578125 0.625
 0.328125 0.59375
 0.3125 0.609375
 0.359375 0.421875
 0.34375 0.421875
 0.359375 0.40625
 0.140625 0.75
 0.390625 0.46875
 0.390625 0.484375
 0.375 0.484375
 0.53125 0.765625
 0.796875 0.3125
 0.5 0.421875
 0.484375 0.4375
 0.484375 0.421875
 1 0.953125
 0.984375 0.96875
 0.859375 0.3125
 0.859375 0.328125
 0.84375 0.328125
 0.953125 0.78125
 0.953125 0.796875
 0.9375 0.796875
 0.109375 0.421875
 0.109375 0.40625
 0.75 0.765625
 0.734375 0.78125
 0.765625 0.75
 0.828125 0.09375
 0.828125 0.109375
 0.8125 0.109375
 0.734375 0.4375
 0.734375 0.453125
 0.71875 0.453125
 0.5625 0.578125
 0.546875 0.59375
 0.546875 0.578125
 0.875 0.171875
 0.859375 0.1875
 0.859375 0.171875
 0.125 0.203125
 0.109375 0.21875
 0.109375 0.203125
 0.4375 0.328125
 0.421875 0.59375
 0.296875 0.15625
 0.296875 0.140625
 0.46875 0.421875
 0.453125 0.4375
 0.453125 0.421875
 0.171875 0.1875
 1 0.734375
 0.984375 0.75
 0.984375 0.734375
 0.890625 0.6875
 0.171875 0.796875
 0.796875 0.171875
 0.78125 0.171875
 0.28125 0.796875
 0.265625 0.796875
 0.484375 0.390625
 0.625 0.203125
 0.734375 0.3125
 0.734375 0.296875
 0.890625 0.71875
 0.890625 0.734375
 0.875 0.734375
 0.171875 0.5625
 0.15625 0.578125
 0.953125 0.75
 0.953125 0.765625
 0.234375 0.609375
 0.21875 0.609375
 0.046875 0.65625
 0.25 0.046875
 0.234375 0.046875
 0.921875 0.125
 0.921875 0.140625
 0.90625 0.140625
 0.453125 0.8125
 0.203125 0
 0.203125 0.015625
 0.1875 0.015625
 0.859375 0.9375
 0.84375 0.953125
 0.09375 0.828125
 0.078125 0.84375
 0.078125 0.828125
 0.359375 0.8125
 0.34375 0.828125
 0.046875 0.5625
 0.03125 0.578125
 0.4375 0.734375
 0.421875 0.75
 0.421875 0.734375
 0.5 0.796875
 0.484375 0.8125
 0.0625 0.171875
 0.046875 0.1875
 0.046875 0.171875
 0.234375 0.1875
 0.234375 0.203125
 0.21875 0.203125
 0.28125 0.453125
 0.265625 0.46875
 0.25 0.515625
 0.234375 0.53125
 0.234375 0.515625
 0.078125 0.28125
 0.078125 0.265625
 0.875 0.578125
 0.859375 0.578125
 0.171875 0.703125
 0.421875 0.875
 0.421875 0.890625
 0.40625 0.890625
 0.8125 0.015625
 0.796875 0.03125
 0.796875 0.015625
 0.921875 0
 0.921875 0.015625
 0.75 0.203125
 0.734375 0.203125
 0.828125 0
 0.828125 0.015625
 0.078125 0.484375
 0.875 0.890625
 0.734375 0.328125
 0.71875 0.328125
 0.015625 0.203125
 0 0.203125
 0.171875 0.171875
 0.171875 0.15625
 0.515625 0.546875
 0.5 0.546875
 0.21875 0.828125
 0.203125 0.84375
 0.328125 0.25
 0.859375 0.546875
 0.84375 0.546875
 0.859375 0.53125
 0.53125 0.609375
 0.515625 0.625
 0.515625 0.609375
 0.125 0.453125
 0.25 0.234375
 0.234375 0.234375
 0.984375 0.0625
 0.265625 0.65625
 0.078125 0.375
 0.078125 0.390625
 0.0625 0.390625
 0.53125 0.015625
 0.515625 0.03125
 0.515625 0.015625
 0.515625 0.78125
 0.46875 0.234375
 0.453125 0.234375
 0.265625 0
 0.25 0.015625
 0.015625 0.375
 0.890625 0.171875
 0.0625 0.453125
 0.046875 0.46875
 0.046875 0.453125
 0.484375 0.328125
 0.46875 0.328125
 0.046875 0.0625
 0.03125 0.078125
 0.078125 0.3125
 0.078125 0.328125
 0.0625 0.328125
 0.671875 0.8125
 0.671875 0.828125
 0.328125 0.34375
 0.78125 0.359375
 0.796875 0.34375
 0.046875 0.796875
 0.03125 0.796875
 0.046875 0.78125
 0.328125 0.46875
 0.328125 0.453125
 0.671875 0.75
 0.671875 0.734375
 0.046875 0.421875
 0.03125 0.421875
 0.046875 0.40625
 0.765625 0.6875
 0.75 0.703125
 0.4375 0.890625
 0.796875 0.234375
 0.796875 0.21875
 0.828125 0.96875
 0.828125 0.984375
 0.8125 0.984375
 0.109375 0.1875
 0.09375 0.203125
 0.15625 0.703125
 0.140625 0.703125
 0.890625 0.921875
 0.875 0.921875
 0.59375 0.734375
 0.578125 0.75
 0.578125 0.734375
 0.96875 0.765625
 0.671875 0.3125
 0.671875 0.296875
 0.578125 0.15625
 0.5625 0.171875
 0.171875 0.546875
 0.15625 0.546875
 0.890625 0.75
 0.21875 0.921875
 0.203125 0.9375
 0.203125 0.921875
 0.234375 0.953125
 0.390625 0.40625
 0.390625 0.421875
 0.375 0.421875
 0.921875 0.421875
 0.90625 0.421875
 0.5 0.828125
 0.484375 0.828125
 0.5625 0.515625
 0.546875 0.515625
 0.328125 0.578125
 0.625 0.546875
 0.609375 0.5625
 0.609375 0.546875
 0.4375 0.640625
 0.421875 0.640625
 0.1875 0.359375
 0.171875 0.359375
 0.875 0.484375
 0.859375 0.5
 0.859375 0.484375
 0.296875 0.328125
 0.28125 0.328125
 0.4375 0.703125
 0.421875 0.71875
 0.4375 0.203125
 0.421875 0.21875
 0.421875 0.203125
 0.328125 0.40625
 0.875 0.421875
 0.859375 0.4375
 0.53125 0.046875
 0.546875 0.03125
 0.859375 0.25
 0.859375 0.234375
 0.640625 0.6875
 0.40625 0.953125
 0.390625 0.953125
 0.609375 0.5
 0.59375 0.515625
 0.046875 0.140625
 0.03125 0.140625
 0.015625 0.5
 0 0.515625
 0.5 0.734375
 0.484375 0.75
 0.484375 0.734375
 0.40625 0.078125
 0.390625 0.09375
 0.390625 0.078125
 0.4375 0.171875
 0.421875 0.1875
 0.421875 0.171875
 0.34375 0.484375
 0.328125 0.5
 0.328125 0.484375
 0.765625 0.21875
 0.75 0.234375
 0.28125 0.296875
 0.265625 0.3125
 0.640625 0.375
 0.640625 0.390625
 0.625 0.390625
 0.703125 0.0625
 0.6875 0.078125
 0.09375 0.046875
 0.078125 0.0625
 0.078125 0.046875
 0.5 0.109375
 0.484375 0.125
 0.28125 0.359375
 0.265625 0.375
 0.578125 0.125
 0.578125 0.140625
 0.890625 0.765625
 0.875 0.765625
 0.75 0.734375
 0.734375 0.734375
 0.28125 0.265625
 0.265625 0.265625
 0.734375 0.25
 0.734375 0.265625
 0.71875 0.265625
 0.015625 0.8125
 0.015625 0.828125
 0 0.828125
 0.796875 0.328125
 0.515625 0.3125
 0.5 0.328125
 0.515625 0.890625
 0.859375 0.90625
 0.859375 0.890625
 0.203125 0.65625
 0.203125 0.671875
 0.1875 0.671875
 0.359375 0.03125
 0.9375 0.203125
 0.234375 0.359375
 0.21875 0.359375
 0.234375 0.34375
 0.234375 0.734375
 0.234375 0.71875
 0.109375 0.546875
 0.109375 0.53125
 0.359375 0.484375
 0.5625 0.984375
 0.546875 1
 0.546875 0.984375
 0.859375 0.203125
 0.84375 0.203125
 0.796875 0.484375
 0.78125 0.484375
 0.21875 0.765625
 0.0625 0.828125
 0.890625 0.96875
 0.890625 0.984375
 0.203125 0.875
 0.203125 0.890625
 0.1875 0.890625
 0.734375 0.875
 0.734375 0.890625
 0.296875 0.90625
 0.296875 0.890625
 0.796875 0
 0.78125 0.015625
 0.734375 0.828125
 0.71875 0.828125
 0.640625 0.921875
 0.28125 0.046875
 0.265625 0.0625
 0.265625 0.046875
 0.609375 0.359375
 0.609375 0.34375
 0.765625 0.265625
 0.75 0.265625
 0.421875 0.78125
 0.671875 0.234375
 0.65625 0.234375
 0.671875 0.21875
 0.296875 0.5
 0.296875 0.515625
 0.28125 0.515625
 0.9375 0.671875
 0.8125 0.078125
 0.796875 0.09375
 0.796875 0.078125
 0.59375 0.640625
 0.578125 0.65625
 0.578125 0.640625
 0.25 0.171875
 0.234375 0.171875
 0.109375 0.234375
 0.875 0.296875
 0.859375 0.296875
 0.1875 0.984375
 0.171875 1
 0.171875 0.984375
 0.03125 0.203125
 0.015625 0.21875
 0.953125 0.53125
 0.953125 0.546875
 0.171875 0.109375
 0.15625 0.109375
 0.171875 0.09375
 0.96875 0.484375
 0.953125 0.5
 0.671875 0.625
 0.671875 0.609375
 0.765625 0.34375
 0.765625 0.359375
 0.75 0.359375
 0.75 0.140625
 0.765625 0.5
 0.96875 0.703125
 0.046875 0.3125
 0.046875 0.328125
 0.03125 0.328125
 0.78125 0.328125
 0.609375 0.375
 0.609375 0.390625
 0.59375 0.390625
 0.640625 0.5
 1 0.484375
 0.984375 0.484375
 0.546875 0.09375
 0.78125 0.671875
 0.734375 0.1875
 0.84375 0.390625
 0.828125 0.390625
 0.015625 0.796875
 0.78125 0.921875
 0.796875 0.90625
 0.609375 0.734375
 0.296875 0.65625
 0.296875 0.640625
 0.296875 0.25
 0.140625 0.8125
 0.140625 0.828125
 0.109375 0.6875
 0.109375 0.703125
 0.09375 0.703125
 0.515625 0.84375
 0.515625 0.859375
 0.6875 0.984375
 0.671875 1
 0.609375 0.609375
 0.609375 0.59375
 0.546875 0.171875
 0.53125 0.171875
 0.46875 0.296875
 0.453125 0.3125
 0.015625 0.03125
 0.015625 0.046875
 0 0.046875
 0.65625 0.390625
 0.640625 0.40625
 0.328125 0.78125
 0.3125 0.796875
 0.4375 0.859375
 0.421875 0.859375
 0.796875 0.578125
 0.78125 0.578125
 0.65625 0.046875
 0.640625 0.0625
 0.890625 0.5625
 0.6875 0.265625
 0.671875 0.28125
 0.671875 0.265625
 0.9375 0.421875
 0.921875 0.4375
 0.234375 1
 0.578125 0.28125
 0.578125 0.296875
 0.5625 0.296875
 0.109375 0.0625
 0.09375 0.078125
 0.828125 0.65625
 0.8125 0.671875
 0.953125 0.921875
 0.9375 0.921875
 0.65625 0.015625
 0.3125 0.484375
 0.296875 0.484375
 0.421875 0.9375
 0.421875 0.953125
 0.078125 0.96875
 0.078125 0.984375
 0.0625 0.984375
 0.34375 0.578125
 0.296875 0.03125
 0.34375 0.140625
 0.328125 0.15625
 0.578125 0.40625
 0.5625 0.421875
 0.84375 0.578125
 0.828125 0.59375
 0.515625 0.046875
 0.578125 0.71875
 0.859375 0.671875
 0.25 0.921875
 0.234375 0.9375
 0.234375 0.921875
 0.59375 0.921875
 0.578125 0.921875
 0.234375 0.90625
 0.609375 0.40625
 0.859375 0.75
 0.859375 0.765625
 0.84375 0.765625
 0.21875 0.171875
 0.203125 0.1875
 0.203125 0.171875
 0.1875 0.140625
 0.53125 0.953125
 0.703125 0.765625
 0.6875 0.765625
 0.03125 0.734375
 0.953125 0.84375
 0.953125 0.859375
 0.40625 0.765625
 0.515625 0
 0.5 0.140625
 0.484375 0.140625
 0.859375 0.921875
 0.03125 0.046875
 0.515625 0.09375
 0.21875 0.015625
 0.203125 0.03125
 0.15625 0.484375
 0.140625 0.5
 0.0625 0.421875
 0.046875 0.4375
 0.671875 0.765625
 0.65625 0.765625
 0.703125 0.265625
 0.53125 0.234375
 0.515625 0.25
 0.515625 0.234375
 0.984375 0.375
 0.96875 0.390625
 0.359375 0.578125
 0.46875 0.640625
 0.453125 0.640625
 0.65625 0.140625
 0.640625 0.140625
 0.046875 0.234375
 0.03125 0.234375
 0.0625 0.765625
 0.25 0.890625
 0.75 0.109375
 0.734375 0.109375
 0.46875 0.765625
 0.15625 0.609375
 0.140625 0.625
 0.140625 0.609375
 0.09375 0.609375
 0.078125 0.609375
 0.140625 0.78125
 0.140625 0.796875
 0.125 0.796875
 0.171875 0.953125
 0.46875 0.828125
 0.453125 0.84375
 0.453125 0.828125
 0.703125 0.53125
 0.703125 0.515625
 0.828125 0.546875
 0.6875 0.234375
 0.671875 0.25
 0.375 0.078125
 0.84375 0.640625
 0.203125 0.359375
 0.640625 0.90625
 0.625 0.921875
 0.828125 0.609375
 0.03125 0.109375
 0.515625 0.40625
 0.640625 0.78125
 0.640625 0.765625
 0.078125 0.9375
 0.078125 0.921875
 0.609375 0.625
 0.21875 0.234375
 0.203125 0.234375
 0.3125 0.859375
 0.296875 0.875
 0.296875 0.859375
 0.703125 0.234375
 0.453125 0.609375
 0.4375 0.609375
 0.859375 0.09375
 0.859375 0.078125
 0.453125 0.328125
 0.921875 0.484375
 0.90625 0.484375
 0.921875 0.46875
 0.421875 0.765625
 0.90625 0.296875
 0.890625 0.296875
 0.1875 0.046875
 0.171875 0.0625
 0.171875 0.046875
 0.640625 0.875
 0.640625 0.890625
 0.625 0.890625
 0.734375 0.5625
 0.71875 0.578125
 0.171875 0.6875
 0.453125 0
 0.4375 0.015625
 0.703125 0.4375
 0.703125 0.453125
 0.6875 0.453125
 0.28125 0.734375
 0.296875 0.71875
 0.640625 0.796875
 0.15625 0.984375
 0.140625 1
 0.140625 0.984375
 0.6875 0.359375
 0.671875 0.375
 0.671875 0.359375
 0.890625 0.421875
 0.84375 0.453125
 0.828125 0.453125
 0.28125 0.484375
 0.140625 0.765625
 0.125 0.765625
 0.171875 0.40625
 0.296875 0.671875
 0.03125 0.828125
 0.796875 0.25
 0.796875 0.265625
 0.78125 0.265625
 0.109375 0.59375
 0.140625 0.0625
 0.140625 0.078125
 0 0.796875
 0.796875 0.734375
 0.78125 0.734375
 0.796875 0.71875
 0.984375 0.625
 0.984375 0.640625
 0.96875 0.640625
 0.234375 0.796875
 0.234375 0.78125
 0.890625 0.84375
 0.875 0.859375
 0.84375 0.703125
 0.828125 0.703125
 0.71875 0.296875
 0.703125 0.3125
 0.734375 0.046875
 0.71875 0.046875
 0.734375 0.03125
 0.140625 0.375
 0.125 0.390625
 0.5625 0.359375
 1 0.796875
 0.984375 0.8125
 0.078125 0.890625
 0.0625 0.890625
 0.9375 0.078125
 0.703125 0.328125
 0.6875 0.328125
 0.734375 0.921875
 0.734375 0.90625
 0.078125 0.65625
 0.046875 0.25
 0.28125 0.421875
 0.296875 0.40625
 0.515625 0.671875
 0.5 0.671875
 0.71875 0.703125
 0.984375 0.046875
 0.984375 0.03125
 0.375 0.296875
 0.296875 0.6875
 0.296875 0.703125
 0.28125 0.703125
 0.40625 0.171875
 0.390625 0.1875
 0.90625 0.328125
 0.890625 0.34375
 0.46875 0.453125
 0.453125 0.46875
 0.453125 0.453125
 0.515625 0.5
 0.5 0.515625
 0.71875 0.953125
 0.703125 0.96875
 0.703125 0.953125
 0.6875 0.203125
 0.796875 0.125
 0.46875 0.921875
 0.453125 0.9375
 0.453125 0.921875
 0.65625 0.328125
 0.640625 0.34375
 0.640625 0.328125
 0.171875 0.671875
 0.15625 0.671875
 0.171875 0.65625
 0.859375 0.875
 0.21875 0.953125
 0.765625 0.9375
 0.765625 0.953125
 0.515625 0.171875
 0.5 0.171875
 0.109375 0.171875
 0.09375 0.171875
 0.109375 0.15625
 0.359375 0.15625
 0.359375 0.140625
 0.78125 0.609375
 0.796875 0.59375
 0.5625 0.640625
 0.765625 0.375
 0.109375 0.734375
 0.09375 0.734375
 0.109375 0.71875
 0.421875 0.03125
 0.828125 0.828125
 0.8125 0.828125
 0.34375 0.515625
 0.328125 0.515625
 0.328125 0.84375
 0.765625 0.3125
 0.859375 0.125
 0.859375 0.140625
 0.84375 0.140625
 0.015625 0.4375
 0 0.453125
 0.796875 0.875
 0.796875 0.890625
 0.0625 0.140625
 0.046875 0.15625
 0.140625 0.53125
 0.140625 0.546875
 0.125 0.546875
 0.328125 0.421875
 0.84375 0.109375
 0.828125 0.125
 0.234375 0.3125
 0.390625 0.328125
 0.921875 0.578125
 0.765625 0.734375
 0.328125 0.96875
 0.328125 0.984375
 0.890625 0.25
 0.875 0.265625
 0.203125 0.21875
 0.9375 0.515625
 0.921875 0.515625
 0.734375 0.359375
 0.71875 0.359375
 0.734375 0.34375
 0.515625 0.875
 0.5 0.890625
 0.1875 0.546875
 0.671875 0.796875
 0.65625 0.796875
 0.671875 0.78125
 0.265625 0.328125
 0.84375 0.484375
 0.828125 0.5
 0.28125 0.390625
 0.265625 0.40625
 0.265625 0.390625
 0.0625 0.015625
 0.046875 0.03125
 0.40625 0.828125
 0.890625 0
 0.875 0.015625
 0.8125 0.703125
 0.796875 0.703125
 0.640625 0.4375
 0.640625 0.453125
 0.84375 0.015625
 0.859375 0.109375
 0.28125 0.171875
 0.265625 0.1875
 0.265625 0.171875
 0.390625 0.71875
 0.375 0.734375
 0.65625 0.359375
 0.640625 0.359375
 0.109375 0.765625
 0.5625 0.078125
 0.546875 0.078125
 0.609375 0.3125
 0.609375 0.296875
 0.34375 0.203125
 0.328125 0.21875
 0.546875 0.375
 0.546875 0.390625
 0.53125 0.390625
 0.140625 0.90625
 0.140625 0.921875
 0.125 0.921875
 0.234375 0.328125
 0.359375 0.34375
 0.96875 0.328125
 0.953125 0.34375
 0.953125 0.328125
 1 0.109375
 0.984375 0.109375
 0.6875 0.171875
 0.9375 0.640625
 0.921875 0.640625
 0.015625 0.546875
 0.75 0.828125
 0.359375 0
 0.359375 0.015625
 0.8125 0.765625
 0.796875 0.765625
 0.921875 0.921875
 0.90625 0.921875
 0.828125 0.0625
 0.828125 0.078125
 0.953125 0.984375
 0.65625 0.890625
 0.859375 0.28125
 0.859375 0.265625
 0.078125 0.09375
 0.046875 0.296875
 0.03125 0.296875
 0.046875 0.28125
 0.28125 0.140625
 0.265625 0.15625
 0.265625 0.140625
 0.875 0.828125
 0.546875 0.359375
 0.53125 0.359375
 0.546875 0.34375
 0.859375 0.015625
 0.34375 0.171875
 0.328125 0.171875
 0.96875 0.265625
 0.578125 0.78125
 0.578125 0.765625
 0.59375 0.796875
 0.171875 0.03125
 0.171875 0.015625
 0.359375 0.6875
 0.34375 0.703125
 0.828125 0.25
 0.8125 0.265625
 0.859375 0.359375
 0.859375 0.34375
 0.796875 0.4375
 0.796875 0.421875
 0.84375 0.890625
 0.953125 0.875
 0.5 0.984375
 0.484375 1
 0.484375 0.984375
 0.71875 0.796875
 1 0.921875
 0.984375 0.921875
 0.109375 0.046875
 0.921875 0.9375
 0.90625 0.953125
 0.515625 0.6875
 0.5 0.703125
 0.96875 0.546875
 0.703125 0.046875
 0.109375 0.109375
 0.75 0.421875
 0.734375 0.421875
 0.421875 0.09375
 0.421875 0.078125
 0.40625 0.109375
 0.3125 0.171875
 0.921875 0.5
 0.484375 0.453125
 0.40625 0.640625
 0.390625 0.65625
 0.828125 0.140625
 0.296875 0.765625
 0.25 0.796875
 0.234375 0.8125
 0.796875 0.109375
 0.203125 0.203125
 0.390625 0.109375
 0.375 0.109375
 0.421875 0.15625
 0.296875 0.390625
 0.96875 0.453125
 0.953125 0.453125
 0.96875 0.734375
 0.75 0.890625
 0.90625 0.640625
 0.859375 0.6875
 0.375 0.203125
 0.359375 0.21875
 0.359375 0.203125
 0.5625 0.328125
 0.546875 0.328125
 0.578125 0.390625
 0.359375 0.890625
 0.34375 0.890625
 0.09375 0.328125
 0.078125 0.90625
 0.515625 0.953125
 0.5 0.953125
 0.984375 0.546875
 0.328125 0.4375
 0.171875 0.609375
 0.0625 0.796875
 0.328125 0.828125
 0.1875 0.953125
 0.171875 0.96875
 0.109375 0.296875
 0.09375 0.296875
 0.859375 0.375
 0.234375 0.4375
 0.953125 0.359375
 0.046875 0.8125
 0.046875 0.828125
 0.375 0.671875
 0.359375 0.671875
 0.25 0.203125
 0.5625 0.671875
 0.359375 0.078125
 0.328125 0.90625
 0.421875 0.625
 0.765625 0.59375
 0.765625 0.578125
 0.796875 1
 0.703125 0.359375
 0.1875 0.421875
 0.171875 0.4375
 0.171875 0.421875
 0.46875 0.734375
 0.453125 0.734375
 0.09375 0.890625
 0.140625 0.28125
 0.140625 0.296875
 0.125 0.296875
 0.734375 0.484375
 0.15625 0.328125
 0.484375 0.71875
 0.484375 0.703125
 0.625 0.078125
 0.609375 0.09375
 0.75 0.640625
 0.734375 0.65625
 0.734375 0.640625
 0.875 0.609375
 0.578125 0.515625
 0.515625 0.734375
 0.859375 0.15625
 0.65625 0.640625
 0.75 0.328125
 0.6875 0.828125
 1 0.609375
 0.984375 0.609375
 0.796875 0.75
 0.765625 0.09375
 0.078125 0.75
 0.203125 0.421875
 0.578125 0.46875
 0.578125 0.453125
 0.734375 0.0625
 0.515625 0.375
 0.515625 0.390625
 0.5 0.390625
 0.609375 0.140625
 0.59375 0.140625
 0.328125 0.109375
 0.953125 0.671875
 0.5 0.640625
 0.484375 0.640625
 0.921875 0.078125
 0.03125 0.265625
 0.609375 0.484375
 0.109375 0.609375
 0.6875 0.953125
 0.265625 0.53125
 0.265625 0.546875
 0.546875 0.296875
 0.53125 0.296875
 0.546875 0.28125
 0.671875 0.59375
 0.15625 0.265625
 0.765625 0.96875
 0.765625 0.984375
 0.75 0.984375
 0.25 0.390625
 1 0.046875
 0.921875 0.328125
 0.390625 0.703125
 0.796875 0.6875
 0.796875 0.671875
 0.46875 0.046875
 0.640625 0.203125
 0.515625 0.1875
 0.3125 0.109375
 0.296875 0.125
 0.296875 0.109375
 0.671875 0.34375
 0.671875 0.328125
 1 0.421875
 0.984375 0.4375
 0.84375 0.984375
 0.859375 0.515625
 0.84375 0.515625
 0.625 0.140625
 0.609375 0.15625
 0.59375 0.265625
 0.578125 0.265625
 0.703125 0.46875
 0.15625 0.515625
 0.140625 0.515625
 0.125 0.703125
 0.765625 1
 0.671875 0
 0.203125 0.484375
 0.59375 0.109375
 0.359375 0.1875
 0.453125 0.484375
 0.015625 0.734375
 0.109375 0.75
 0.640625 0.421875
 0.625 0.421875
 0.28125 0.078125
 0.265625 0.078125
 0.109375 0.9375
 0.109375 0.953125
 0.09375 0.953125
 0.96875 0.984375
 0.953125 1
 0.515625 0.296875
 0.328125 0.234375
 0.3125 0.234375
 0.78125 0.078125
 0.453125 0.71875
 0.578125 0.5
 0.671875 0.078125
 1 0.359375
 0.21875 0.578125
 0.203125 0.59375
 0.203125 0.578125
 0.609375 1
 0.609375 0.984375
 0.015625 0.125
 0.015625 0.140625
 0 0.140625
 0.15625 0.234375
 0.140625 0.234375
 0.765625 0.328125
 0.8125 0.390625
 0.671875 0.125
 0.671875 0.140625
 0.21875 0.484375
 0.203125 0.5
 0.390625 0.828125
 0.546875 0.25
 0.546875 0.265625
 0.53125 0.265625
 0.765625 0.921875
 0.953125 0.28125
 0.734375 0.546875
 0.71875 0.546875
 0.734375 0.53125
 0.515625 0.484375
 0.5 0.484375
 0.875 0.515625
 0.9375 0.046875
 0.265625 0.421875
 0.703125 0.578125
 0.140625 0.640625
 0.125 0.640625
 0.9375 0.328125
 0.921875 0.34375
 0.59375 0.984375
 0.609375 0.96875
 0.078125 0.03125
 0.078125 0.015625
 0.5625 0.234375
 0.546875 0.234375
 0.75 0.515625
 0.078125 0.71875
 0.109375 0.4375
 0.109375 0.453125
 0.515625 0.28125
 0.515625 0.265625
 0.046875 0.84375
 0.84375 0.921875
 0.421875 0.046875
 0.6875 0.578125
 0.671875 0.578125
 0.515625 0.96875
 0.421875 0.984375
 0.40625 0.984375
 0.421875 0.96875
 0.53125 0.078125
 0.546875 0
 0.546875 0.015625
 0.15625 0.640625
 0.453125 0.046875
 0.4375 0.046875
 0.34375 0.234375
 0.546875 0.65625
 0.15625 0.078125
 0.140625 0.09375
 0.671875 0.0625
 0.40625 0.234375
 0.859375 0.5625
 0.390625 0
 0.375 0.015625
 0.046875 0.515625
 0.171875 0.640625
 0.125 0.609375
 0.4375 0.921875
 0.234375 0.109375
 0.078125 0.078125
 0.578125 0.796875
 0.5625 0.796875
 0.75 0.921875
 0.265625 0.484375
 0.234375 0.40625
 0.015625 0.109375
 0.84375 0.234375
 0.859375 0.21875
 0.953125 0.21875
 0.9375 0.234375
 0.484375 0.1875
 0.671875 0.171875
 0.609375 0.25
 0.359375 0.3125
 0.609375 0.578125
 0.34375 0.328125
 0.25 0.734375
 0.234375 0.75
 0.9375 0.109375
 0.203125 0.0625
 0.1875 0.078125
 0.078125 0.734375
 0.765625 0.03125
 0.765625 0.046875
 0.75 0.046875
 0.921875 0.0625
 0.453125 0.203125
 0.59375 0.546875
 0.578125 0.5625
 0.59375 0.703125
 0.734375 0.9375
 0.90625 0.359375
 0.703125 0.5625
 0.703125 0.546875
 0.3125 0.828125
 0.328125 0.71875
 0.328125 0.703125
 0.4375 0.484375
 0.234375 0.21875
 0.625 0.359375
 0.90625 0.515625
 0.125 0.234375
 0.859375 0.625
 0.203125 0.546875
 0.984375 0.453125
 0.703125 0.34375
 0.1875 0.609375
 0.171875 0.625
 0.46875 0.703125
 0.453125 0.703125
 0.671875 0.6875
 0.5625 0.390625
 0.546875 0.796875
 0.734375 0.171875
 0.734375 0.15625
 0.703125 0.25
 0.484375 0.90625
 0.484375 0.890625
 0.15625 0.359375
 0.46875 0.359375
 0.125 0.515625
 0.109375 0.671875
 0.09375 0.671875
 0.109375 0.65625
 0.484375 0.96875
 0.484375 0.953125
 0.234375 0
 0.234375 0.015625
 0.828125 0.234375
 0.21875 0.671875
 0.5625 0.453125
 0.96875 0.203125
 0.953125 0.203125
 0.0625 0.046875
 0.671875 0.046875
 0.1875 0.171875
 0.15625 0.015625
 0.078125 0
 0.671875 0.15625
 0.109375 0.8125
 0.078125 0.140625
 0.890625 0.5
 0.890625 0.484375
 0.328125 0.75
 0.328125 0.734375
 0.953125 0.4375
 0.9375 0.453125
 0.578125 1
 0.578125 0.984375
 0.265625 0.5
 0.265625 0.515625
 0.03125 0.484375
 0.015625 0.484375
 1 0.015625
 0.984375 0.015625
 0.53125 0.484375
 0.546875 0.46875
 0.40625 0.859375
 0.234375 0.03125
 0.484375 0.078125
 0.015625 0.390625
 0.4375 0.234375
 0.421875 0.25
 0.421875 0.234375
 1 0.453125
 0.984375 0.46875
 0.140625 0.59375
 0.28125 0.640625
 0.546875 0.1875
 0.453125 0.875
 0.453125 0.859375
 0.484375 0.40625
 0.265625 0.71875
 0.265625 0.703125
 0.78125 0.953125
 0.5 0.203125
 0.421875 0.609375
 0.40625 0.609375
 0.484375 0.6875
 0.296875 0.796875
 0.046875 0.90625
 0.546875 0.40625
 0.046875 1
 0.046875 0.984375
 0.25 0.609375
 0.578125 0.484375
 0.71875 0.421875
 0.265625 0.875
 0.765625 0.609375
 0.75 0.609375
 0.109375 0.3125
 0.953125 0.40625
 0.953125 0.390625
 0.90625 0.984375
 0.890625 1
 0.046875 0.859375
 0.03125 0.859375
 0.0625 0.265625
 0.03125 0.609375
 0.96875 0.859375
 0.59375 0.296875
 0.578125 0.3125
 0.140625 0.9375
 0.171875 0
 0.84375 0.078125
 0.796875 0.40625
 0.796875 0.390625
 0.359375 0.328125
 0.828125 0.53125
 0.828125 0.515625
 0.734375 0.28125
 0.828125 0.21875
 0.234375 0.765625
 0.078125 0.15625
 0.078125 0.171875
 0.484375 0.34375
 0.296875 0.78125
 0.21875 0.546875
 0.3125 0.078125
 0.25 0.421875
 0.890625 0.40625
 0.890625 0.390625
 0.640625 0.25
 0.015625 0.328125
 0.46875 0.609375
 0.171875 0.34375
 0.5625 0.265625
 0 0.390625
 0.546875 0.609375
 0.3125 0.671875
 0.78125 0.421875
 0.765625 0.421875
 0.328125 0.65625
 0.390625 0.9375
 0.375 0.953125
 0.546875 0.421875
 0.140625 0.875
 0.15625 0.046875
 0.078125 0.40625
 0.953125 0.65625
 0.703125 0.78125
 0.203125 0.609375
 0.578125 0.21875
 0.578125 0.234375
 0.015625 0.234375
 0 0.234375
 0.25 0.328125
 0.890625 0.375
 0.890625 0.359375
 0.828125 0.765625
 0.703125 0.03125
 0.6875 0.046875
 0.546875 0.203125
 0.234375 0.421875
 0.21875 0.421875
 0.875 0.109375
 0.09375 0.359375
 0.984375 0.5625
 0.984375 0.578125
 0.96875 0.921875
 0.640625 0.75
 0.078125 0.296875
 0.0625 0.296875
 1 0.890625
 0.984375 0.90625
 0.546875 0.90625
 0.171875 0.078125
 0.765625 0.1875
 0.015625 0.875
 0 0.890625
 0.359375 0.125
 0.921875 0.75
 0.234375 0.625
 0.21875 0.703125
 0.203125 0.71875
 0.703125 0.796875
 0.6875 0.796875
 0.296875 0.921875
 0.078125 0.953125
 0.96875 0.828125
 0.953125 0.828125
 0.390625 0.90625
 0.546875 0.671875
 0.21875 0.859375
 0.203125 0.859375
 0.3125 0.765625
 0.390625 0.453125
 0.53125 0.671875
 0.8125 0.234375
 0.65625 0.578125
 0.046875 0.265625
 0.8125 0.515625
 0.796875 0.53125
 0.234375 0.65625
 0.234375 0.640625
 0.734375 0.625
 0.296875 0.625
 0.296875 0.609375
 0.921875 0.453125
 0.765625 0.796875
 0.484375 0.21875
 0.484375 0.203125
 0.296875 0.34375
 0.015625 0.015625
 0.4375 0.953125
 0.203125 0.90625
 0.609375 0.90625
 0.609375 0.890625
 0.609375 0.421875
 0.625 0.328125
 0.265625 0.734375
 0.328125 0.921875
 0.546875 0.3125
 0.3125 0.515625
 0.703125 0.84375
 0.703125 0.828125
 0.65625 0.734375
 0.984375 0.59375
 0.796875 0.046875
 0.78125 0.046875
 0.171875 0.328125
 0.140625 0.890625
 0.890625 0.703125
 0.125 0.109375
 0.015625 0.3125
 0.171875 0.78125
 0.609375 0.875
 0.953125 0.421875
 0.953125 0.515625
 0.828125 1
 0.375 0.328125
 0.84375 0.296875
 0.359375 0.75
 0.203125 0.96875
 0.546875 0.21875
 0.515625 0.359375
 0.875 0.359375
 1 0.578125
 0.609375 0.171875
 0.734375 0.46875
 0.390625 0.921875
 0.046875 0.046875
 0.4375 0.984375
 0.421875 1
 0.109375 0.34375
 0.109375 0.328125
 0.15625 0.796875
 0.46875 0.078125
 0.359375 0.5
 0.46875 0.984375
 0.078125 0.671875
 0.234375 0.703125
 0.359375 0.171875
 0.21875 0.046875
 0.953125 0.640625
 0.203125 0.953125
 0.578125 0.25
 0.953125 0.8125
 0.984375 0.984375
 0.1875 0.734375
 0.015625 0
 0 0.015625
 0.4375 0.421875
 0.328125 0.765625
 0.609375 0.921875
 0.484375 0.765625
 0.296875 0.953125
 0.25 0.703125
 0.890625 0.8125
 0.890625 0.828125
 0.515625 0.828125
 0 0.921875
 0.421875 0.0625
 0.265625 1
 0.90625 0.765625
 0.6875 0.859375
 0.921875 0.25
 0.765625 0.625
 0.015625 0.09375
 0.734375 0.984375
 0.203125 0.046875
 0.890625 0.515625
 0 0.734375
 0.390625 0.5
 0.859375 0
 0.796875 0.828125
 0.515625 0.5625
 0.203125 0.5625
 0.734375 0.703125
 0.09375 0.984375
 0.078125 1
 0.453125 0.625
 0.453125 0.984375
 0 0.328125
 0.796875 0.8125
 0.78125 0.828125
 0.46875 0.203125
 0.59375 0.578125
 0.125 0.953125
 0.15625 0.296875
 0.140625 0.109375
 1 0.640625
 0.1875 0.859375
 0.71875 0.015625
 0.703125 0.015625
 0.78125 0.203125
 0.765625 0.203125
 0.953125 0.375
 0.984375 0.828125
 0.390625 0.4375
 0.3125 0.703125
 1 0.828125
 0.984375 0.84375
 0.609375 0.9375
 0.609375 0.953125
 0.8125 0.171875
 0.796875 0.1875
 0.65625 0.453125
 0.578125 0.578125
 0.125 0.984375
 0.109375 1
 0.109375 0.984375
 0.296875 0.171875
 0.734375 0
 0.734375 0.015625
 0.296875 0.09375
 0.296875 0.078125
 0.734375 0.71875
 0.796875 0.0625
 0.59375 0.484375
 0.828125 0.15625
 0.34375 0.765625
 0.28125 0.859375
 0.109375 0.96875
 0.296875 0.9375
 0 0.546875
 0.4375 0.453125
 0.21875 0.640625
 0.765625 0.8125
 0.453125 0.21875
 0.453125 1
 0.890625 0.15625
 1 0.984375
 0.984375 1
 0.484375 0
 0.703125 0.8125
 0.0625 0.859375
 0.296875 0.84375
 0.3125 0.921875
 0.703125 0
 0.671875 0.875
 0.796875 0.203125
 0.765625 0.828125
 0.359375 1
 0.140625 0.6875
 0 0.109375
 0 0.484375
 0.671875 0.453125
 0.71875 0.640625
 0.390625 1
 0.328125 1
 1 0.546875
 0.609375 0.328125
 0.984375 0
 0.734375 1
 0 0.984375
 0.03125 0.9921875
 0.0234375 1
 0.0234375 0.9921875
 0.828125 0.5703125
 0.8203125 0.578125
 0.8203125 0.5703125
 0.6640625 0.0546875
 0.65625 0.0546875
 0.6640625 0.046875
 0.1875 0.1953125
 0.1796875 0.203125
 0.1796875 0.1953125
 0.71875 0.8984375
 0.7109375 0.90625
 0.7109375 0.8984375
 0.6484375 0.0234375
 0.640625 0.0234375
 0.6484375 0.015625
 0.0546875 0.8125
 0.0546875 0.8203125
 0.046875 0.8203125
 0.5859375 0.8671875
 0.578125 0.8671875
 0.5859375 0.859375
 0.7734375 0.59375
 0.7734375 0.6015625
 0.765625 0.6015625
 1 0.2734375
 0.9921875 0.28125
 0.9921875 0.2734375
 0.2734375 0.75
 0.2734375 0.7578125
 0.265625 0.7578125
 0.3125 0.9765625
 0.3046875 0.984375
 0.3046875 0.9765625
 0.828125 0.9609375
 0.8203125 0.96875
 0.8203125 0.9609375
 0.7890625 0.1015625
 0.78125 0.1015625
 0.7890625 0.09375
 0.7421875 0.0390625
 0.734375 0.0390625
 0.7421875 0.03125
 0.3125 0.7421875
 0.3046875 0.75
 0.3046875 0.7421875
 0.0703125 0.515625
 0.0703125 0.5234375
 0.0625 0.5234375
 0.0546875 0.7421875
 0.046875 0.7421875
 0.0546875 0.734375
 0.15625 0.3984375
 0.1484375 0.40625
 0.1484375 0.3984375
 0.2109375 0.15625
 0.2109375 0.1640625
 0.203125 0.1640625
 0.234375 0.6953125
 0.2265625 0.703125
 0.2265625 0.6953125
 0.390625 0.3359375
 0.3828125 0.34375
 0.3828125 0.3359375
 0.1328125 0.578125
 0.1328125 0.5859375
 0.125 0.5859375
 0.5859375 0.6171875
 0.578125 0.6171875
 0.5859375 0.609375
 0.2734375 0.8125
 0.2734375 0.8203125
 0.265625 0.8203125
 0.1328125 0.828125
 0.1328125 0.8359375
 0.125 0.8359375
 0.953125 0.4921875
 0.9453125 0.5
 0.9453125 0.4921875
 0.640625 0.7109375
 0.6328125 0.71875
 0.6328125 0.7109375
 0.4375 0.1015625
 0.4296875 0.109375
 0.4296875 0.1015625
 0.34375 0.4140625
 0.3359375 0.421875
 0.3359375 0.4140625
 0.171875 0.5703125
 0.1640625 0.578125
 0.1640625 0.5703125
 0.1640625 0.3671875
 0.15625 0.3671875
 0.1640625 0.359375
 0.6796875 0.7421875
 0.671875 0.7421875
 0.6796875 0.734375
 0.078125 0.6796875
 0.0703125 0.6875
 0.0703125 0.6796875
 0.8125 0.0234375
 0.8046875 0.03125
 0.8046875 0.0234375
 0.8359375 0.0234375
 0.828125 0.0234375
 0.8359375 0.015625
 0.234375 0.8984375
 0.2265625 0.90625
 0.2265625 0.8984375
 0.3828125 0.984375
 0.3828125 0.9921875
 0.375 0.9921875
 0.5 0.3671875
 0.4921875 0.375
 0.4921875 0.3671875
 0.125 0.6796875
 0.1171875 0.6875
 0.1171875 0.6796875
 0.1484375 0.2734375
 0.140625 0.2734375
 0.1484375 0.265625
 0.9296875 0.5
 0.9296875 0.5078125
 0.921875 0.5078125
 0.9140625 0.6875
 0.9140625 0.6953125
 0.90625 0.6953125
 0.96875 0.4765625
 0.9609375 0.484375
 0.9609375 0.4765625
 0.5546875 0.0390625
 0.546875 0.0390625
 0.5546875 0.03125
 0.5703125 0.25
 0.5703125 0.2578125
 0.5625 0.2578125
 0.6640625 0.421875
 0.6640625 0.4140625
 0.671875 0.4140625
 0.96875 0.8046875
 0.9609375 0.8125
 0.9609375 0.8046875
 0.640625 0.2578125
 0.6328125 0.265625
 0.6328125 0.2578125
 0.6640625 0.703125
 0.6640625 0.7109375
 0.65625 0.7109375
 0.9296875 0.8046875
 0.921875 0.8046875
 0.9296875 0.796875
 0.2109375 0.2109375
 0.203125 0.2109375
 0.2109375 0.203125
 0.7109375 0.7109375
 0.703125 0.7109375
 0.7109375 0.703125
 0.4453125 0.8125
 0.4453125 0.8203125
 0.4375 0.8203125
 0.359375 0.8828125
 0.3515625 0.890625
 0.3515625 0.8828125
 0.7890625 0.078125
 0.7890625 0.0859375
 0.78125 0.0859375
 0.9296875 0.3671875
 0.921875 0.3671875
 0.9296875 0.359375
 0.171875 0.1171875
 0.1640625 0.125
 0.1640625 0.1171875
 0.9453125 0.875
 0.9453125 0.8828125
 0.9375 0.8828125
 0.46875 0.2578125
 0.4609375 0.265625
 0.4609375 0.2578125
 0.5390625 0.140625
 0.5390625 0.1484375
 0.53125 0.1484375
 0.4296875 0.1171875
 0.421875 0.1171875
 0.171875 0.7578125
 0.1640625 0.765625
 0.1640625 0.7578125
 0.609375 0.7734375
 0.6015625 0.78125
 0.6015625 0.7734375
 0.265625 0.1640625
 0.2578125 0.171875
 0.2578125 0.1640625
 0.6328125 0.34375
 0.6328125 0.3515625
 0.625 0.3515625
 0.828125 0.4296875
 0.8203125 0.4375
 0.8203125 0.4296875
 0.9375 0.0390625
 0.9296875 0.046875
 0.9296875 0.0390625
 0.703125 0.0546875
 0.6953125 0.0625
 0.6953125 0.0546875
 0.9296875 0.6171875
 0.921875 0.6171875
 0.9296875 0.609375
 0.7578125 0.546875
 0.7578125 0.5546875
 0.75 0.5546875
 0.6171875 0.625
 0.6171875 0.6328125
 0.609375 0.6328125
 0.03125 0.0703125
 0.0234375 0.078125
 0.0234375 0.0703125
 0.1171875 0.4609375
 0.109375 0.4609375
 0.1171875 0.453125
 0.2578125 0.1875
 0.2578125 0.1953125
 0.25 0.1953125
 0.046875 0.5234375
 0.0390625 0.53125
 0.0390625 0.5234375
 0.1171875 0.8984375
 0.109375 0.8984375
 0.1171875 0.890625
 0.8125 0.8984375
 0.8046875 0.90625
 0.8046875 0.8984375
 0.25 0.3515625
 0.2421875 0.359375
 0.2421875 0.3515625
 0.6484375 0.6796875
 0.640625 0.6796875
 0.6484375 0.671875
 0.921875 0.1171875
 0.9140625 0.125
 0.9140625 0.1171875
 0.2578125 0.859375
 0.2578125 0.8671875
 0.25 0.8671875
 0.46875 0.5546875
 0.4609375 0.5625
 0.4609375 0.5546875
 0.625 0.5546875
 0.6171875 0.5625
 0.6171875 0.5546875
 0.8984375 0.8984375
 0.890625 0.8984375
 0.8984375 0.890625
 0.8046875 0.1640625
 0.796875 0.1640625
 0.8046875 0.15625
 0.4375 0.4140625
 0.4296875 0.421875
 0.4296875 0.4140625
 0.390625 0.0546875
 0.3828125 0.0625
 0.3828125 0.0546875
 0.15625 0.2109375
 0.1484375 0.21875
 0.1484375 0.2109375
 0.3359375 0.75
 0.3359375 0.7578125
 0.328125 0.7578125
 0.453125 0.7734375
 0.4453125 0.78125
 0.4453125 0.7734375
 0.40625 0.9609375
 0.3984375 0.96875
 0.3984375 0.9609375
 0.6640625 0.890625
 0.6640625 0.8984375
 0.65625 0.8984375
 0.75 0.2734375
 0.7421875 0.28125
 0.7421875 0.2734375
 0.8359375 0.4609375
 0.828125 0.4609375
 0.8359375 0.453125
 0.7265625 0.9765625
 0.71875 0.9765625
 0.7265625 0.96875
 0.3671875 0.2734375
 0.359375 0.2734375
 0.3671875 0.265625
 0.6875 0.3984375
 0.6796875 0.40625
 0.6796875 0.3984375
 0.7578125 0.671875
 0.7578125 0.6796875
 0.75 0.6796875
 0.890625 0.1796875
 0.8828125 0.1875
 0.8828125 0.1796875
 0.7109375 0.75
 0.7109375 0.7578125
 0.703125 0.7578125
 0.9765625 0.6796875
 0.96875 0.6796875
 0.9765625 0.671875
 0.984375 0.0078125
 0.9765625 0.015625
 0.9765625 0.0078125
 0.734375 0.1328125
 0.7265625 0.140625
 0.7265625 0.1328125
 0.65625 0.3515625
 0.6484375 0.359375
 0.6484375 0.3515625
 0.8203125 0.21875
 0.8203125 0.2265625
 0.8125 0.2265625
 0.0390625 0.828125
 0.0390625 0.8203125
 0.1875 0.4140625
 0.1796875 0.421875
 0.1796875 0.4140625
 0.671875 0.4296875
 0.6640625 0.4375
 0.6640625 0.4296875
 0.71875 0.8828125
 0.7109375 0.890625
 0.7109375 0.8828125
 0.328125 0.3515625
 0.3203125 0.359375
 0.3203125 0.3515625
 0.3359375 0.46875
 0.3359375 0.4765625
 0.328125 0.4765625
 0.65625 0.6484375
 0.6484375 0.65625
 0.6484375 0.6484375
 0.6953125 0.6875
 0.6953125 0.6953125
 0.6875 0.6953125
 0.828125 0.7265625
 0.8203125 0.734375
 0.8203125 0.7265625
 0.625 0.9765625
 0.6171875 0.984375
 0.6171875 0.9765625
 0.96875 0.8359375
 0.9609375 0.84375
 0.9609375 0.8359375
 0.4765625 0.7421875
 0.46875 0.7421875
 0.4765625 0.734375
 0.7578125 0.71875
 0.7578125 0.7265625
 0.75 0.7265625
 0.9765625 0.4296875
 0.96875 0.4296875
 0.9765625 0.421875
 0.765625 0.7890625
 0.7578125 0.796875
 0.7578125 0.7890625
 0.0625 0.3359375
 0.0546875 0.34375
 0.0546875 0.3359375
 0.4765625 0.1015625
 0.46875 0.1015625
 0.4765625 0.09375
 0.3671875 0.5546875
 0.359375 0.5546875
 0.3671875 0.546875
 0.859375 0.5703125
 0.8515625 0.578125
 0.8515625 0.5703125
 0.6015625 0.640625
 0.6015625 0.6328125
 0.8515625 0
 0.8515625 0.0078125
 0.84375 0.0078125
 0.265625 0.2734375
 0.2578125 0.28125
 0.2578125 0.2734375
 0.296875 0.2578125
 0.2890625 0.265625
 0.2890625 0.2578125
 0.0859375 0.375
 0.0859375 0.3828125
 0.078125 0.3828125
 0.921875 0.3359375
 0.9140625 0.34375
 0.9140625 0.3359375
 0.515625 0.8984375
 0.5078125 0.90625
 0.5078125 0.8984375
 0.078125 0.6484375
 0.0703125 0.65625
 0.0703125 0.6484375
 0.921875 0.0546875
 0.9140625 0.0625
 0.9140625 0.0546875
 0.328125 0.3828125
 0.3203125 0.390625
 0.3203125 0.3828125
 0.3125 0.4453125
 0.3046875 0.453125
 0.3046875 0.4453125
 0.96875 0.6328125
 0.9609375 0.640625
 0.9609375 0.6328125
 0.6171875 0.0859375
 0.609375 0.0859375
 0.6171875 0.078125
 0.296875 0.7421875
 0.3046875 0.734375
 0.5078125 0.734375
 0.5078125 0.7421875
 0.5 0.7421875
 0.9375 0.5234375
 0.9296875 0.53125
 0.9296875 0.5234375
 0.9609375 0.5859375
 0.953125 0.5859375
 0.9609375 0.578125
 0.109375 0.1171875
 0.1015625 0.125
 0.1015625 0.1171875
 0.1953125 0.65625
 0.1953125 0.6640625
 0.1875 0.6640625
 0.5625 0.7421875
 0.5546875 0.75
 0.5546875 0.7421875
 0.7109375 0.9140625
 0.703125 0.9140625
 0.109375 0.9921875
 0.1015625 1
 0.1015625 0.9921875
 0.9765625 0.390625
 0.9765625 0.3984375
 0.96875 0.3984375
 0.328125 0.8984375
 0.3203125 0.90625
 0.3203125 0.8984375
 0.203125 0.6796875
 0.1953125 0.6875
 0.1953125 0.6796875
 0.1953125 0
 0.1953125 0.0078125
 0.1875 0.0078125
 0.4765625 0.640625
 0.4765625 0.6484375
 0.46875 0.6484375
 0.6171875 0.7421875
 0.609375 0.7421875
 0.6171875 0.734375
 0.9140625 0.7421875
 0.90625 0.7421875
 0.9140625 0.734375
 0.359375 0.7578125
 0.3515625 0.765625
 0.3515625 0.7578125
 0.1484375 0.9375
 0.1484375 0.9453125
 0.140625 0.9453125
 0.203125 0.9921875
 0.1953125 1
 0.1953125 0.9921875
 0.7421875 0.6875
 0.7421875 0.6796875
 0.7578125 0.578125
 0.7578125 0.5859375
 0.75 0.5859375
 0.6953125 0.90625
 0.6953125 0.9140625
 0.6875 0.9140625
 0.015625 0.3984375
 0.0078125 0.40625
 0.0078125 0.3984375
 0.1015625 0.546875
 0.1015625 0.5390625
 0.109375 0.5390625
 0.7578125 0.875
 0.7578125 0.8828125
 0.75 0.8828125
 0.328125 0.9296875
 0.3203125 0.9375
 0.3203125 0.9296875
 0.9765625 0.2421875
 0.96875 0.2421875
 0.9765625 0.234375
 0.75 0.0546875
 0.7421875 0.0625
 0.7421875 0.0546875
 0.2421875 0.4140625
 0.234375 0.4140625
 0.2421875 0.40625
 0.6171875 0.6875
 0.6171875 0.6953125
 0.609375 0.6953125
 0.2734375 0.6875
 0.2734375 0.6953125
 0.265625 0.6953125
 0.7890625 0.0546875
 0.78125 0.0546875
 0.7890625 0.046875
 0.7421875 0.2109375
 0.734375 0.2109375
 0.7421875 0.203125
 0.84375 0.3515625
 0.8359375 0.359375
 0.8359375 0.3515625
 0.2890625 0.359375
 0.2890625 0.3515625
 0.296875 0.3515625
 0.75 0.9296875
 0.7421875 0.9375
 0.7421875 0.9296875
 0.5390625 0.7421875
 0.53125 0.7421875
 0.5390625 0.734375
 1 0.7109375
 0.9921875 0.71875
 0.9921875 0.7109375
 0.7421875 0.3515625
 0.734375 0.3515625
 0.7421875 0.34375
 0.8046875 0.0625
 0.8046875 0.0703125
 0.796875 0.0703125
 0.0859375 0.25
 0.0859375 0.2578125
 0.078125 0.2578125
 0.8359375 0.1875
 0.8359375 0.1953125
 0.828125 0.1953125
 0.296875 0.9765625
 0.3046875 0.96875
 0.984375 0.7109375
 0.9765625 0.71875
 0.9765625 0.7109375
 0.25 0.0390625
 0.2421875 0.046875
 0.2421875 0.0390625
 0.7890625 0.4296875
 0.78125 0.4296875
 0.7890625 0.421875
 0.5234375 0.9609375
 0.515625 0.9609375
 0.5234375 0.953125
 0.9921875 0.25
 0.9921875 0.2578125
 0.984375 0.2578125
 0.890625 0.3203125
 0.8828125 0.328125
 0.8828125 0.3203125
 0.6875 0.6484375
 0.6796875 0.65625
 0.6796875 0.6484375
 0.3515625 0.5390625
 0.34375 0.5390625
 0.3515625 0.53125
 0.0625 0.5859375
 0.0546875 0.59375
 0.0546875 0.5859375
 0.34375 0.8984375
 0.3359375 0.90625
 0.3359375 0.8984375
 0.796875 0.9921875
 0.7890625 1
 0.7890625 0.9921875
 0.5859375 0.2734375
 0.578125 0.2734375
 0.5859375 0.265625
 0.78125 0.6953125
 0.7734375 0.703125
 0.7734375 0.6953125
 0.84375 0.8203125
 0.8359375 0.828125
 0.8359375 0.8203125
 0.4765625 0.1640625
 0.46875 0.1640625
 0.4765625 0.15625
 0.9609375 0.3671875
 0.953125 0.3671875
 0.9609375 0.359375
 0.375 0.4140625
 0.3671875 0.421875
 0.3671875 0.4140625
 0.6640625 0.921875
 0.6640625 0.9140625
 0.671875 0.9140625
 1 0.5546875
 0.9921875 0.5625
 0.9921875 0.5546875
 0.6328125 0.90625
 0.6328125 0.9140625
 0.625 0.9140625
 0.9765625 0.8046875
 0.9765625 0.796875
 0.8671875 0.6171875
 0.859375 0.6171875
 0.8671875 0.609375
 0.34375 0.9609375
 0.3359375 0.96875
 0.3359375 0.9609375
 0.59375 0.3671875
 0.5859375 0.375
 0.5859375 0.3671875
 0.8828125 0.109375
 0.8828125 0.1171875
 0.875 0.1171875
 0.1484375 0.125
 0.1484375 0.1328125
 0.140625 0.1328125
 0.5859375 0.3359375
 0.578125 0.3359375
 0.5859375 0.328125
 0.734375 0.5703125
 0.7265625 0.578125
 0.7265625 0.5703125
 0.9296875 0.7265625
 0.921875 0.7265625
 0.9296875 0.71875
 0.046875 0.6328125
 0.0390625 0.640625
 0.0390625 0.6328125
 0.8984375 0.6171875
 0.890625 0.6171875
 0.8984375 0.609375
 0.375 0.4453125
 0.3671875 0.453125
 0.3671875 0.4453125
 0.9375 0.9921875
 0.9296875 1
 0.9296875 0.9921875
 0.203125 0.4140625
 0.1953125 0.421875
 0.1953125 0.4140625
 0.0859375 0.46875
 0.0859375 0.4765625
 0.078125 0.4765625
 0.8515625 0.671875
 0.8515625 0.6640625
 0.859375 0.6640625
 0.5234375 0.46875
 0.5234375 0.4765625
 0.515625 0.4765625
 0.171875 0.6328125
 0.1640625 0.640625
 0.1640625 0.6328125
 0.0234375 0.4296875
 0.015625 0.4296875
 0.0234375 0.421875
 0.1171875 0.2734375
 0.109375 0.2734375
 0.1171875 0.265625
 0.515625 0.8203125
 0.5078125 0.828125
 0.5078125 0.8203125
 0.1015625 0.859375
 0.1015625 0.8515625
 0.109375 0.8515625
 0.6015625 0.015625
 0.6015625 0.0234375
 0.59375 0.0234375
 0.8984375 0.4921875
 0.890625 0.4921875
 0.8984375 0.484375
 0.609375 0.0234375
 0.6015625 0.03125
 0.5078125 0.203125
 0.5078125 0.2109375
 0.5 0.2109375
 0.953125 0.1640625
 0.9453125 0.171875
 0.9453125 0.1640625
 0.1171875 0.6015625
 0.109375 0.6015625
 0.1171875 0.59375
 0.1953125 0.359375
 0.1953125 0.3671875
 0.1875 0.3671875
 0.734375 0.4453125
 0.7265625 0.453125
 0.7265625 0.4453125
 0.4921875 0.6015625
 0.484375 0.6015625
 0.4921875 0.59375
 0.6796875 0.2265625
 0.671875 0.2265625
 0.6796875 0.21875
 0.4375 0.3828125
 0.4296875 0.390625
 0.4296875 0.3828125
 0.7265625 0.234375
 0.7265625 0.2265625
 0.734375 0.2265625
 0.6953125 0.546875
 0.6953125 0.5546875
 0.6875 0.5546875
 0.4296875 0.5234375
 0.421875 0.5234375
 0.4296875 0.515625
 0.78125 0.4765625
 0.7734375 0.484375
 0.7734375 0.4765625
 0.8125 0.6015625
 0.8046875 0.609375
 0.8046875 0.6015625
 0.640625 0.6328125
 0.6328125 0.640625
 0.6328125 0.6328125
 0.1015625 0.171875
 0.1015625 0.1640625
 0.109375 0.1640625
 0.6015625 0.7265625
 0.59375 0.7265625
 0.6015625 0.71875
 0.1640625 0.375
 0.1640625 0.3828125
 0.15625 0.3828125
 0.1015625 0.3125
 0.1015625 0.3203125
 0.09375 0.3203125
 0.6796875 0.7890625
 0.671875 0.7890625
 0.6796875 0.78125
 0.8203125 0.984375
 0.8203125 0.9921875
 0.8125 0.9921875
 0.2265625 0.9375
 0.2265625 0.9453125
 0.21875 0.9453125
 0.5390625 0.7265625
 0.546875 0.7265625
 0.1171875 0.8359375
 0.109375 0.8359375
 0.1171875 0.828125
 0.09375 0.8046875
 0.0859375 0.8125
 0.0859375 0.8046875
 0.7890625 0.578125
 0.7890625 0.5859375
 0.78125 0.5859375
 0.0390625 0.5546875
 0.03125 0.5546875
 0.0390625 0.546875
 0.265625 0.5859375
 0.2578125 0.59375
 0.2578125 0.5859375
 0.484375 0.7578125
 0.4765625 0.765625
 0.4765625 0.7578125
 0.4453125 0.25
 0.4453125 0.2578125
 0.4375 0.2578125
 0.046875 0.2421875
 0.0390625 0.25
 0.0390625 0.2421875
 0.4375 0.3671875
 0.4296875 0.375
 0.4296875 0.3671875
 0.6640625 0.6015625
 0.65625 0.6015625
 0.6640625 0.59375
 0.2578125 0.484375
 0.2578125 0.4921875
 0.25 0.4921875
 0.7265625 0.171875
 0.7265625 0.1640625
 0.734375 0.1640625
 0.96875 0.7265625
 0.9609375 0.734375
 0.9609375 0.7265625
 0.578125 0.8046875
 0.5703125 0.8125
 0.5703125 0.8046875
 0.3671875 0.6171875
 0.359375 0.6171875
 0.3671875 0.609375
 0.6796875 0.4375
 0.6796875 0.4453125
 0.671875 0.4453125
 0.2421875 0.7734375
 0.234375 0.7734375
 0.2421875 0.765625
 0.4453125 0.03125
 0.4453125 0.0390625
 0.4375 0.0390625
 0.6640625 0.609375
 0.671875 0.6015625
 0.640625 0.9609375
 0.6328125 0.96875
 0.6328125 0.9609375
 0.5625 0.4921875
 0.5546875 0.5
 0.5546875 0.4921875
 0.4921875 0.0859375
 0.484375 0.0859375
 0.4921875 0.078125
 0.4921875 0.4609375
 0.484375 0.4609375
 0.4921875 0.453125
 0.7109375 0.6875
 0.7109375 0.6953125
 0.703125 0.6953125
 0.1640625 0.4765625
 0.15625 0.4765625
 0.1640625 0.46875
 0.421875 0.8671875
 0.4140625 0.875
 0.4140625 0.8671875
 0.6328125 0.828125
 0.6328125 0.8359375
 0.625 0.8359375
 0.0390625 0.421875
 0.0390625 0.4140625
 0.046875 0.4140625
 0.53125 0.2265625
 0.5234375 0.234375
 0.5234375 0.2265625
 0.3671875 0.6875
 0.3671875 0.6953125
 0.359375 0.6953125
 0.5 0.2734375
 0.4921875 0.28125
 0.4921875 0.2734375
 0.3515625 0.140625
 0.3515625 0.1484375
 0.34375 0.1484375
 0.59375 0.4609375
 0.5859375 0.46875
 0.5859375 0.4609375
 0.7734375 0.40625
 0.7734375 0.4140625
 0.765625 0.4140625
 0.9453125 0.109375
 0.9453125 0.1171875
 0.9375 0.1171875
 0.8203125 0.75
 0.8203125 0.7578125
 0.8125 0.7578125
 0.0234375 0.0546875
 0.015625 0.0546875
 0.0234375 0.046875
 0.9765625 0.6640625
 0.96875 0.6640625
 0.9765625 0.65625
 0.3828125 0.75
 0.3828125 0.7578125
 0.375 0.7578125
 0.34375 0.7578125
 0.3359375 0.765625
 0.7890625 0.6640625
 0.78125 0.6640625
 0.7890625 0.65625
 0.890625 0.7109375
 0.8828125 0.71875
 0.8828125 0.7109375
 0.8671875 0.75
 0.8671875 0.7578125
 0.859375 0.7578125
 0.59375 0.9765625
 0.5859375 0.984375
 0.5859375 0.9765625
 0.125 0.6953125
 0.1171875 0.703125
 0.1171875 0.6953125
 0.9609375 0.7421875
 0.953125 0.7421875
 0.0546875 0.9921875
 0.046875 0.9921875
 0.0546875 0.984375
 0.6015625 0.1875
 0.6015625 0.1953125
 0.59375 0.1953125
 0.90625 0.5390625
 0.8984375 0.546875
 0.8984375 0.5390625
 0.0859375 0.1484375
 0.078125 0.1484375
 0.0859375 0.140625
 0.2421875 0.7421875
 0.234375 0.7421875
 0.2421875 0.734375
 0.6015625 0.140625
 0.6015625 0.1484375
 0.59375 0.1484375
 0.9609375 0.34375
 0.9609375 0.3515625
 0.953125 0.3515625
 0.9375 0.3828125
 0.9296875 0.390625
 0.9296875 0.3828125
 0.6875 0.2890625
 0.6796875 0.296875
 0.6796875 0.2890625
 0.9296875 0.4921875
 0.921875 0.4921875
 0.9296875 0.484375
 0.203125 0.6953125
 0.1953125 0.703125
 0.1953125 0.6953125
 0.65625 0.7265625
 0.6484375 0.734375
 0.6484375 0.7265625
 0.546875 0.1484375
 0.5390625 0.15625
 0.8203125 0
 0.8203125 0.0078125
 0.8125 0.0078125
 0.8671875 0.3125
 0.8671875 0.3203125
 0.859375 0.3203125
 0.8203125 0.265625
 0.8203125 0.2734375
 0.8125 0.2734375
 0.65625 0.5234375
 0.6484375 0.53125
 0.6484375 0.5234375
 0.90625 0.3984375
 0.8984375 0.40625
 0.8984375 0.3984375
 0.4140625 0.296875
 0.4140625 0.2890625
 0.421875 0.2890625
 0.3515625 0.625
 0.3515625 0.6328125
 0.34375 0.6328125
 0.8828125 0.671875
 0.8828125 0.6796875
 0.875 0.6796875
 0.921875 0.7734375
 0.9140625 0.78125
 0.9140625 0.7734375
 0.9921875 0.9765625
 0.984375 0.9765625
 0.9921875 0.96875
 0.6796875 0.4921875
 0.671875 0.4921875
 0.6796875 0.484375
 0.9296875 0.1796875
 0.921875 0.1796875
 0.9296875 0.171875
 0.015625 0.1328125
 0.0078125 0.140625
 0.0078125 0.1328125
 0.46875 0.1171875
 0.4609375 0.125
 0.4609375 0.1171875
 0.9140625 0.484375
 0.9140625 0.4765625
 0.921875 0.4765625
 0.0546875 0.9375
 0.0546875 0.9453125
 0.046875 0.9453125
 0.03125 0.8984375
 0.0234375 0.90625
 0.0234375 0.8984375
 0.40625 0.1640625
 0.3984375 0.171875
 0.3984375 0.1640625
 0.984375 0.3671875
 0.9765625 0.375
 0.9765625 0.3671875
 0.8828125 0.59375
 0.8828125 0.6015625
 0.875 0.6015625
 0.1015625 0.46875
 0.1015625 0.4609375
 0.3203125 0.734375
 0.3203125 0.7421875
 0.265625 0.9140625
 0.2578125 0.921875
 0.2578125 0.9140625
 0.546875 0.8828125
 0.5390625 0.890625
 0.5390625 0.8828125
 0.4140625 0.0390625
 0.40625 0.0390625
 0.4140625 0.03125
 0.4765625 0.203125
 0.4765625 0.2109375
 0.46875 0.2109375
 0.921875 0.2578125
 0.9140625 0.265625
 0.9140625 0.2578125
 0.5078125 0.703125
 0.5078125 0.7109375
 0.5 0.7109375
 0.1953125 0.75
 0.1953125 0.7578125
 0.1875 0.7578125
 0.609375 0.8984375
 0.6015625 0.90625
 0.6015625 0.8984375
 0.9609375 0.4609375
 0.953125 0.4609375
 0.9609375 0.453125
 0.0390625 0.453125
 0.0390625 0.4609375
 0.03125 0.4609375
 0.3125 0.5546875
 0.3046875 0.5625
 0.3046875 0.5546875
 0.453125 0.1171875
 0.4609375 0.109375
 0.921875 0.5234375
 0.9296875 0.515625
 0.9765625 0.0390625
 0.96875 0.0390625
 0.9765625 0.03125
 0.9921875 0.2109375
 0.984375 0.2109375
 0.9921875 0.203125
 0.59375 0.7890625
 0.5859375 0.796875
 0.5859375 0.7890625
 0.2734375 0.4609375
 0.265625 0.4609375
 0.2734375 0.453125
 0.2734375 0.0234375
 0.265625 0.0234375
 0.2734375 0.015625
 0.5859375 0.9375
 0.5859375 0.9453125
 0.578125 0.9453125
 0.9296875 0.875
 0.9296875 0.8828125
 0.921875 0.8828125
 0.6796875 0.5
 0.6796875 0.5078125
 0.671875 0.5078125
 0.2109375 0.1171875
 0.203125 0.1171875
 0.2109375 0.109375
 0.3984375 0.2734375
 0.390625 0.2734375
 0.3984375 0.265625
 0.5703125 0.390625
 0.5703125 0.3984375
 0.5625 0.3984375
 0.6875 0.9296875
 0.6796875 0.9375
 0.6796875 0.9296875
 0.21875 0.1484375
 0.2109375 0.1484375
 0.8828125 0.21875
 0.8828125 0.2265625
 0.875 0.2265625
 0.8125 0.3046875
 0.8046875 0.3125
 0.8046875 0.3046875
 0.5625 0.9765625
 0.5546875 0.984375
 0.5546875 0.9765625
 0.6171875 0.0546875
 0.609375 0.0546875
 0.6171875 0.046875
 0.859375 0.4296875
 0.8515625 0.4375
 0.8515625 0.4296875
 0.546875 0.2421875
 0.5390625 0.25
 0.5390625 0.2421875
 0.828125 0.7109375
 0.8203125 0.71875
 0.8203125 0.7109375
 0.96875 0.0546875
 0.9609375 0.0625
 0.9609375 0.0546875
 0.3203125 0.40625
 0.3203125 0.4140625
 0.3125 0.4140625
 0.2265625 0.375
 0.2265625 0.3828125
 0.21875 0.3828125
 0.7109375 0.0234375
 0.703125 0.0234375
 0.7109375 0.015625
 0.7109375 0.625
 0.7109375 0.6328125
 0.703125 0.6328125
 0.578125 0.3671875
 0.5859375 0.359375
 0.53125 0.9140625
 0.5234375 0.921875
 0.5234375 0.9140625
 1 0.3046875
 0.9921875 0.3125
 0.9921875 0.3046875
 0.4609375 0.71875
 0.4609375 0.7265625
 0.453125 0.7265625
 0.0078125 0.734375
 0.0078125 0.7421875
 0 0.7421875
 0.328125 0.2734375
 0.3203125 0.28125
 0.3203125 0.2734375
 0.3125 0.7890625
 0.3046875 0.796875
 0.3046875 0.7890625
 0.203125 0.9765625
 0.1953125 0.984375
 0.1953125 0.9765625
 0.1328125 0.359375
 0.1328125 0.3671875
 0.125 0.3671875
 0.15625 0.8203125
 0.1484375 0.828125
 0.1484375 0.8203125
 0.7578125 0.09375
 0.7578125 0.1015625
 0.75 0.1015625
 0.609375 0.2109375
 0.6015625 0.21875
 0.6015625 0.2109375
 0.515625 0.5078125
 0.5078125 0.515625
 0.5078125 0.5078125
 0.5859375 0.15625
 0.5859375 0.1484375
 0.0078125 0.671875
 0.0078125 0.6796875
 0 0.6796875
 0.109375 0.8203125
 0.1015625 0.828125
 0.1015625 0.8203125
 0.2109375 0.3359375
 0.203125 0.3359375
 0.2109375 0.328125
 0.421875 0.5703125
 0.4140625 0.578125
 0.4140625 0.5703125
 0.03125 0.8671875
 0.0234375 0.875
 0.0234375 0.8671875
 0.015625 0.1015625
 0.0078125 0.109375
 0.0078125 0.1015625
 0.5234375 0.15625
 0.5234375 0.1484375
 0.9921875 0.9140625
 0.984375 0.9140625
 0.9921875 0.90625
 0.390625 0.9609375
 0.3828125 0.96875
 0.3828125 0.9609375
 0.03125 0.6171875
 0.0234375 0.625
 0.0234375 0.6171875
 0.7734375 0.9375
 0.7734375 0.9453125
 0.765625 0.9453125
 0.421875 0.3984375
 0.4140625 0.40625
 0.4140625 0.3984375
 0.859375 0.2109375
 0.8515625 0.21875
 0.8515625 0.2109375
 0.6328125 0.390625
 0.6328125 0.3984375
 0.625 0.3984375
 0.4375 0.4765625
 0.4296875 0.484375
 0.4296875 0.4765625
 0.625 0.4921875
 0.6171875 0.5
 0.6171875 0.4921875
 0.0859375 0.21875
 0.0859375 0.2265625
 0.078125 0.2265625
 0.1328125 0.71875
 0.1328125 0.7265625
 0.125 0.7265625
 0.9140625 0.1796875
 0.90625 0.1796875
 0.9140625 0.171875
 0.8984375 0.6875
 0.8984375 0.6953125
 0.890625 0.6953125
 0.3828125 0.828125
 0.3828125 0.8359375
 0.375 0.8359375
 0.140625 0.9296875
 0.1328125 0.9375
 0.1328125 0.9296875
 0.2734375 0.40625
 0.2734375 0.4140625
 0.265625 0.4140625
 0.9765625 0.25
 0.9765625 0.2578125
 0.96875 0.2578125
 0.125 0.4921875
 0.1171875 0.5
 0.1171875 0.4921875
 0.6015625 0.0625
 0.6015625 0.0703125
 0.59375 0.0703125
 0.296875 0.7890625
 0.3046875 0.78125
 0.2890625 0.75
 0.2890625 0.7421875
 0.859375 0.9453125
 0.8515625 0.953125
 0.8515625 0.9453125
 0.6953125 0.484375
 0.6953125 0.4921875
 0.6875 0.4921875
 0.5 0.3046875
 0.4921875 0.3125
 0.4921875 0.3046875
 0.171875 0.3671875
 0.4921875 0.3828125
 0.484375 0.3828125
 0.9453125 0.03125
 0.9453125 0.0390625
 0.4140625 0.796875
 0.4140625 0.7890625
 0.421875 0.7890625
 0.2265625 0.234375
 0.2265625 0.2265625
 0.234375 0.2265625
 0.5625 0.7109375
 0.5546875 0.71875
 0.5546875 0.7109375
 0.78125 0.3203125
 0.7734375 0.328125
 0.7734375 0.3203125
 0.0078125 0.4375
 0.0078125 0.4453125
 0 0.4453125
 0.4140625 0.9765625
 0.40625 0.9765625
 0.4140625 0.96875
 0.5703125 0.625
 0.5703125 0.6171875
 0.2890625 0.6796875
 0.28125 0.6796875
 0.2890625 0.671875
 0.2578125 0.421875
 0.2578125 0.4140625
 0.3359375 0.8046875
 0.328125 0.8046875
 0.3359375 0.796875
 0.5546875 0.8046875
 0.546875 0.8046875
 0.5546875 0.796875
 0.6015625 0.765625
 0.59375 0.7734375
 0.0625 0.8203125
 0.0546875 0.828125
 0.1640625 0.4296875
 0.15625 0.4296875
 0.1640625 0.421875
 0.15625 0.8984375
 0.1484375 0.90625
 0.1484375 0.8984375
 0.0859375 0.34375
 0.0859375 0.3515625
 0.078125 0.3515625
 0.40625 0.9296875
 0.3984375 0.9375
 0.3984375 0.9296875
 0.1484375 0.5234375
 0.140625 0.5234375
 0.1484375 0.515625
 0.0859375 0.0234375
 0.078125 0.0234375
 0.0859375 0.015625
 0.9609375 0.6171875
 0.953125 0.6171875
 0.9609375 0.609375
 0.5 0.3828125
 0.4921875 0.390625
 0.234375 0.5078125
 0.2265625 0.515625
 0.2265625 0.5078125
 0.5546875 0.375
 0.5546875 0.3828125
 0.546875 0.3828125
 0.5078125 0.71875
 0.5078125 0.7265625
 0.5 0.7265625
 0.9140625 0.078125
 0.9140625 0.0859375
 0.90625 0.0859375
 0.078125 0.7734375
 0.0703125 0.78125
 0.0703125 0.7734375
 0.015625 0.7578125
 0.0078125 0.765625
 0.0078125 0.7578125
 0.3046875 0.0859375
 0.296875 0.0859375
 0.3046875 0.078125
 0.203125 0.7109375
 0.1953125 0.71875
 0.1953125 0.7109375
 0.890625 0.5546875
 0.8828125 0.5625
 0.8828125 0.5546875
 0.9375 0.8203125
 0.9296875 0.828125
 0.9296875 0.8203125
 0.5078125 0.484375
 0.5078125 0.4921875
 0.5 0.4921875
 0.015625 0.8828125
 0.0078125 0.890625
 0.0078125 0.8828125
 0.9609375 0.5625
 0.9609375 0.5703125
 0.953125 0.5703125
 0.7265625 0.6796875
 0.71875 0.6796875
 0.7265625 0.671875
 0.046875 0.0078125
 0.0390625 0.015625
 0.0390625 0.0078125
 0.9140625 0.6796875
 0.90625 0.6796875
 0.9140625 0.671875
 0.8984375 0.9921875
 0.890625 0.9921875
 0.8984375 0.984375
 0.1640625 0.078125
 0.1640625 0.0859375
 0.15625 0.0859375
 0.3515625 0.9921875
 0.34375 0.9921875
 0.3515625 0.984375
 0.84375 0.0859375
 0.8359375 0.09375
 0.8359375 0.0859375
 0.3828125 0.5625
 0.3828125 0.5703125
 0.375 0.5703125
 0.609375 0.8828125
 0.6015625 0.890625
 0.6015625 0.8828125
 0.828125 0.0859375
 0.8359375 0.078125
 0.921875 0.0703125
 0.9140625 0.0703125
 0.6796875 0.9765625
 0.671875 0.9765625
 0.6796875 0.96875
 0.2421875 0.5546875
 0.234375 0.5546875
 0.2421875 0.546875
 0.375 0.5390625
 0.3671875 0.5390625
 0.3984375 0.2109375
 0.390625 0.2109375
 0.3984375 0.203125
 0.671875 0.7109375
 0.6640625 0.71875
 0.3984375 0.34375
 0.3984375 0.3515625
 0.390625 0.3515625
 0.625 0.7890625
 0.6171875 0.796875
 0.6171875 0.7890625
 0.5234375 0.34375
 0.5234375 0.3515625
 0.515625 0.3515625
 0.8125 0.7265625
 0.8046875 0.734375
 0.8046875 0.7265625
 0.21875 0.9296875
 0.2109375 0.9375
 0.2109375 0.9296875
 0.1796875 0.8984375
 0.171875 0.8984375
 0.1796875 0.890625
 0.375 0.8203125
 0.3671875 0.828125
 0.3671875 0.8203125
 0.6875 0.3671875
 0.6796875 0.375
 0.6796875 0.3671875
 0.40625 0.5546875
 0.3984375 0.5625
 0.3984375 0.5546875
 0.984375 0.0859375
 0.9765625 0.09375
 0.9765625 0.0859375
 0.734375 0.2734375
 0.7421875 0.265625
 0.3125 0.4921875
 0.3046875 0.5
 0.3046875 0.4921875
 0.921875 0.7109375
 0.9140625 0.71875
 0.9140625 0.7109375
 0.390625 0.0390625
 0.3828125 0.046875
 0.3828125 0.0390625
 0.375 0.4296875
 0.3671875 0.4375
 0.3671875 0.4296875
 0.7890625 0.484375
 0.7890625 0.4765625
 0.796875 0.4765625
 0.375 0.3984375
 0.3671875 0.40625
 0.3671875 0.3984375
 0.734375 0.8671875
 0.7265625 0.875
 0.7265625 0.8671875
 0.0390625 0.046875
 0.0390625 0.0390625
 0.046875 0.0390625
 0.1953125 0.3125
 0.1953125 0.3203125
 0.1875 0.3203125
 0.65625 0.8359375
 0.6484375 0.84375
 0.6484375 0.8359375
 0.4765625 0.484375
 0.4765625 0.4765625
 0.484375 0.4765625
 0.5234375 0.0859375
 0.515625 0.0859375
 0.5234375 0.078125
 0.0078125 0.4296875
 0.5078125 0.53125
 0.5078125 0.5390625
 0.5 0.5390625
 0.2265625 0.859375
 0.2265625 0.8515625
 0.234375 0.8515625
 0.1796875 0.8046875
 0.171875 0.8046875
 0.1796875 0.796875
 0.9921875 0.9296875
 0.984375 0.9296875
 0.9921875 0.921875
 0.7421875 0.59375
 0.7421875 0.5859375
 0.71875 0.3046875
 0.7109375 0.3125
 0.7109375 0.3046875
 0.328125 0.1953125
 0.3203125 0.203125
 0.3203125 0.1953125
 0.8828125 0.0625
 0.8828125 0.0703125
 0.875 0.0703125
 0.25 0.7890625
 0.2421875 0.796875
 0.2421875 0.7890625
 0.65625 0.4140625
 0.6640625 0.40625
 0.9609375 0.4921875
 0.3515625 0.828125
 0.3515625 0.8359375
 0.34375 0.8359375
 0.703125 0.1484375
 0.6953125 0.15625
 0.6953125 0.1484375
 0.8203125 0.6875
 0.8203125 0.6953125
 0.8125 0.6953125
 0.4609375 0.4921875
 0.453125 0.4921875
 0.4609375 0.484375
 0.515625 0.1796875
 0.5078125 0.1875
 0.5078125 0.1796875
 0.28125 0.5859375
 0.2734375 0.59375
 0.2734375 0.5859375
 0.8203125 0.203125
 0.8203125 0.1953125
 0.3125 0.6640625
 0.3046875 0.671875
 0.3046875 0.6640625
 0.3125 0.2734375
 0.3046875 0.28125
 0.3046875 0.2734375
 0.7421875 0.625
 0.7421875 0.6328125
 0.734375 0.6328125
 0.1015625 0.375
 0.1015625 0.3828125
 0.09375 0.3828125
 0.390625 0.2421875
 0.3828125 0.25
 0.3828125 0.2421875
 0.96875 0.1171875
 0.9609375 0.125
 0.9609375 0.1171875
 0.3828125 0.28125
 0.3828125 0.2734375
 0.71875 0.6171875
 0.7109375 0.6171875
 0.5 0.9765625
 0.4921875 0.984375
 0.4921875 0.9765625
 0.578125 0.2265625
 0.5703125 0.234375
 0.5703125 0.2265625
 0.2421875 0.6875
 0.2421875 0.6953125
 0.015625 0.4140625
 0.0078125 0.421875
 0.0078125 0.4140625
 0.859375 0.6328125
 0.8515625 0.640625
 0.8515625 0.6328125
 0.5859375 0.3046875
 0.578125 0.3046875
 0.5859375 0.296875
 0.4140625 0.3671875
 0.40625 0.3671875
 0.4140625 0.359375
 0.046875 0.1953125
 0.0390625 0.203125
 0.0390625 0.1953125
 0.7890625 0.703125
 0.7890625 0.7109375
 0.78125 0.7109375
 0.1015625 0.796875
 0.1015625 0.7890625
 0.109375 0.7890625
 0.8984375 0
 0.8984375 0.0078125
 0.890625 0.0078125
 0.4453125 0.59375
 0.4453125 0.6015625
 0.4375 0.6015625
 0.265625 0.0859375
 0.2578125 0.09375
 0.2578125 0.0859375
 0.109375 0.6953125
 0.1015625 0.703125
 0.1015625 0.6953125
 0.328125 0.4921875
 0.3203125 0.5
 0.3203125 0.4921875
 0.8515625 0.1875
 0.8515625 0.1953125
 0.84375 0.1953125
 0.21875 0.3046875
 0.2109375 0.3125
 0.2109375 0.3046875
 0.8125 0.8359375
 0.8046875 0.84375
 0.8046875 0.8359375
 0.4609375 0.25
 0.453125 0.2578125
 0.5 0.0234375
 0.4921875 0.03125
 0.4921875 0.0234375
 0.0234375 0.0234375
 0.015625 0.0234375
 0.0234375 0.015625
 0.1953125 0.375
 0.1953125 0.3828125
 0.1875 0.3828125
 0.8046875 0.765625
 0.8046875 0.7578125
 0.875 0.8515625
 0.8671875 0.859375
 0.8671875 0.8515625
 0.671875 0.1328125
 0.6640625 0.140625
 0.6640625 0.1328125
 0.4765625 0.390625
 0.4765625 0.3828125
 0.90625 0.8203125
 0.8984375 0.828125
 0.8984375 0.8203125
 0.03125 0.0390625
 0.0234375 0.0390625
 0.6484375 0.375
 0.6484375 0.3828125
 0.640625 0.3828125
 0.1796875 0.1875
 0.171875 0.1953125
 0.4453125 0.046875
 0.4453125 0.0546875
 0.4375 0.0546875
 0.3203125 0.125
 0.3203125 0.1328125
 0.3125 0.1328125
 0.7109375 0.25
 0.7109375 0.2578125
 0.703125 0.2578125
 0.84375 0.5234375
 0.8359375 0.53125
 0.8359375 0.5234375
 0.6875 0.3203125
 0.6796875 0.328125
 0.6796875 0.3203125
 0.453125 0.3828125
 0.4453125 0.390625
 0.4453125 0.3828125
 0.40625 0.2265625
 0.3984375 0.234375
 0.3984375 0.2265625
 0.953125 0.2890625
 0.9453125 0.296875
 0.9453125 0.2890625
 0.5 0.0390625
 0.4921875 0.046875
 0.4921875 0.0390625
 0.7890625 0.109375
 0.796875 0.1015625
 0.2890625 0.2734375
 0.28125 0.2734375
 0.84375 0.3359375
 0.8359375 0.34375
 0.8359375 0.3359375
 0.1875 0.5703125
 0.1796875 0.578125
 0.1796875 0.5703125
 0.3515625 0.6640625
 0.34375 0.6640625
 0.3515625 0.65625
 0.4375 0.6484375
 0.4296875 0.65625
 0.4296875 0.6484375
 0.1875 0.8046875
 0.1796875 0.8125
 0.21875 0.1171875
 0.2109375 0.125
 0.53125 0.8828125
 0.5234375 0.890625
 0.5234375 0.8828125
 0.078125 0.2421875
 0.0703125 0.25
 0.0703125 0.2421875
 0.3515625 0.7890625
 0.34375 0.7890625
 0.3515625 0.78125
 0.1484375 0.1171875
 0.140625 0.1171875
 0.1484375 0.109375
 0.9296875 0.0546875
 0.8515625 0.0546875
 0.84375 0.0546875
 0.8515625 0.046875
 0.4453125 0.296875
 0.4453125 0.3046875
 0.4375 0.3046875
 0.6953125 0.390625
 0.6953125 0.3984375
 0.28125 0.8203125
 0.2734375 0.828125
 0.8984375 0.9609375
 0.890625 0.9609375
 0.8984375 0.953125
 0.546875 0.4609375
 0.5390625 0.46875
 0.5390625 0.4609375
 0.8046875 1
 0.8046875 0.9921875
 0.3828125 0.2578125
 0.375 0.2578125
 0.234375 0.0546875
 0.2265625 0.0625
 0.2265625 0.0546875
 0.796875 0.7265625
 0.8046875 0.71875
 0.3515625 0.4921875
 0.34375 0.4921875
 0.3515625 0.484375
 0.734375 0.3359375
 0.7265625 0.34375
 0.7265625 0.3359375
 0.9921875 0.4921875
 0.984375 0.4921875
 0.9921875 0.484375
 0.0703125 0.578125
 0.0703125 0.5859375
 0.5078125 0.03125
 0.5078125 0.0390625
 0.90625 0.2734375
 0.8984375 0.28125
 0.8984375 0.2734375
 0.1171875 0.5859375
 0.265625 0.2890625
 0.2578125 0.296875
 0.2578125 0.2890625
 0.1484375 0.78125
 0.1484375 0.7890625
 0.140625 0.7890625
 0.78125 0.5390625
 0.7734375 0.546875
 0.7734375 0.5390625
 0.953125 0.1171875
 0.9453125 0.125
 0.0078125 0.515625
 0.0078125 0.5234375
 0 0.5234375
 0.1171875 0.7265625
 0.109375 0.7265625
 0.1171875 0.71875
 0.7734375 0.96875
 0.7734375 0.9765625
 0.765625 0.9765625
 0.9375 0.1640625
 0.9296875 0.1640625
 0.0546875 0.9609375
 0.046875 0.9609375
 0.0546875 0.953125
 0.8984375 0.1875
 0.8984375 0.1953125
 0.890625 0.1953125
 0.875 0.3515625
 0.8671875 0.359375
 0.8671875 0.3515625
 0.796875 0.7734375
 0.7890625 0.78125
 0.7890625 0.7734375
 0.25 0.4453125
 0.2421875 0.453125
 0.2421875 0.4453125
 0.0546875 0.875
 0.0546875 0.8828125
 0.046875 0.8828125
 0.5859375 0.9296875
 0.578125 0.9296875
 0.5859375 0.921875
 0.40625 0.1015625
 0.3984375 0.109375
 0.3984375 0.1015625
 0.8515625 0.5546875
 0.84375 0.5546875
 0.8515625 0.546875
 0.2890625 0.6015625
 0.28125 0.6015625
 0.2890625 0.59375
 0.390625 0.7109375
 0.3828125 0.71875
 0.3828125 0.7109375
 0.03125 0.2421875
 0.0390625 0.234375
 0.1953125 0.28125
 0.1953125 0.2890625
 0.1875 0.2890625
 0.4921875 0.8671875
 0.484375 0.8671875
 0.4921875 0.859375
 0.125 0.7421875
 0.1171875 0.75
 0.1171875 0.7421875
 0.7109375 0.2109375
 0.703125 0.2109375
 0.7109375 0.203125
 0.1328125 0.890625
 0.1328125 0.8984375
 0.125 0.8984375
 0.7734375 0.0625
 0.7734375 0.0703125
 0.765625 0.0703125
 0.6875 0.8046875
 0.6796875 0.8125
 0.6796875 0.8046875
 0.21875 0.1953125
 0.2109375 0.1953125
 0.6015625 0.046875
 0.6015625 0.0390625
 0.609375 0.0390625
 0.421875 0.3828125
 0.0390625 0.171875
 0.0390625 0.1640625
 0.046875 0.1640625
 0.328125 0.5390625
 0.3203125 0.546875
 0.3203125 0.5390625
 0.265625 0.6640625
 0.2578125 0.671875
 0.2578125 0.6640625
 0.4765625 0.8671875
 0.46875 0.8671875
 0.4765625 0.859375
 0.9453125 0.765625
 0.9453125 0.7734375
 0.9375 0.7734375
 0.21875 0.6484375
 0.2109375 0.65625
 0.2109375 0.6484375
 0.9140625 0.2421875
 0.90625 0.2421875
 0.9140625 0.234375
 0.5546875 0.4140625
 0.546875 0.4140625
 0.5546875 0.40625
 0.546875 0.0703125
 0.5390625 0.078125
 0.5390625 0.0703125
 0.875 0.4765625
 0.8671875 0.484375
 0.8671875 0.4765625
 0.5703125 0.953125
 0.5703125 0.9609375
 0.5625 0.9609375
 0.3203125 0.078125
 0.3203125 0.0859375
 0.3125 0.0859375
 0.1328125 0.28125
 0.1328125 0.2890625
 0.125 0.2890625
 0.0078125 0.5
 0.0078125 0.5078125
 0 0.5078125
 0.640625 0.5234375
 0.6328125 0.53125
 0.6328125 0.5234375
 0.3359375 0.78125
 0.3359375 0.7890625
 0.328125 0.7890625
 0.984375 0.6796875
 0.9765625 0.6875
 0.5078125 0.40625
 0.5078125 0.4140625
 0.5 0.4140625
 0.71875 0.2578125
 0.7109375 0.265625
 0.296875 0.1796875
 0.2890625 0.1875
 0.2890625 0.1796875
 0.8515625 0.359375
 0.8515625 0.3515625
 0.859375 0.3515625
 0.9609375 0.40625
 0.9609375 0.4140625
 0.953125 0.4140625
 0.578125 0.2109375
 0.5703125 0.21875
 0.5703125 0.2109375
 0.640625 0.3984375
 0.6328125 0.40625
 0.5 0.5859375
 0.4921875 0.5859375
 0.0546875 0.6640625
 0.046875 0.6640625
 0.0546875 0.65625
 0.359375 0.4609375
 0.3515625 0.46875
 0.3515625 0.4609375
 0.8046875 0.4765625
 0.8046875 0.46875
 0.5546875 0.3125
 0.5546875 0.3203125
 0.546875 0.3203125
 0.5625 0.6015625
 0.5546875 0.609375
 0.5546875 0.6015625
 0.03125 0.6640625
 0.0234375 0.671875
 0.0234375 0.6640625
 0.890625 0.2421875
 0.8828125 0.25
 0.8828125 0.2421875
 0.1640625 0.6171875
 0.15625 0.6171875
 0.1640625 0.609375
 0.359375 0.4921875
 0.3515625 0.5
 0.7421875 0.25
 0.7421875 0.2578125
 0.734375 0.2578125
 0.109375 0.8671875
 0.1015625 0.875
 0.1015625 0.8671875
 0.1171875 0.9140625
 0.109375 0.9140625
 0.1171875 0.90625
 0.8046875 0.4375
 0.8046875 0.4453125
 0.796875 0.4453125
 0.6328125 0.0625
 0.6328125 0.0703125
 0.625 0.0703125
 0.28125 0.6328125
 0.2734375 0.640625
 0.2734375 0.6328125
 0.109375 0.6796875
 0.1015625 0.6875
 0.1015625 0.6796875
 0.828125 0.7578125
 0.8203125 0.765625
 0.765625 0.0234375
 0.7578125 0.03125
 0.7578125 0.0234375
 0.5859375 0.3125
 0.5859375 0.3203125
 0.578125 0.3203125
 0.546875 0.7578125
 0.5390625 0.765625
 0.5390625 0.7578125
 0.8125 0.5546875
 0.8046875 0.5625
 0.8046875 0.5546875
 0.375 0.3828125
 0.3671875 0.390625
 0.3671875 0.3828125
 0.1015625 0.4375
 0.1015625 0.4453125
 0.09375 0.4453125
 0.4140625 0.515625
 0.4140625 0.5234375
 0.40625 0.5234375
 0.203125 0.5234375
 0.1953125 0.53125
 0.1953125 0.5234375
 0.4453125 0.6875
 0.4453125 0.6953125
 0.4375 0.6953125
 0.578125 0.1015625
 0.5703125 0.109375
 0.5703125 0.1015625
 0.65625 0.3203125
 0.6484375 0.328125
 0.6484375 0.3203125
 0.6875 0.7421875
 0.6796875 0.75
 0.1953125 0.171875
 0.1953125 0.1640625
 0.2890625 0.546875
 0.2890625 0.5390625
 0.296875 0.5390625
 0.4609375 0.65625
 0.4609375 0.6484375
 0.9765625 0.921875
 0.9765625 0.9140625
 0.6875 0.2734375
 0.6796875 0.28125
 0.6796875 0.2734375
 0.6953125 0.421875
 0.6953125 0.4296875
 0.6875 0.4296875
 0.9140625 0.015625
 0.9140625 0.0234375
 0.90625 0.0234375
 0.3671875 0.3515625
 0.359375 0.3515625
 0.3671875 0.34375
 0.84375 0.7890625
 0.8359375 0.796875
 0.8359375 0.7890625
 0.171875 0.9609375
 0.1640625 0.96875
 0.1640625 0.9609375
 0.984375 0.1796875
 0.9765625 0.1875
 0.9765625 0.1796875
 0.1796875 0.3046875
 0.171875 0.3046875
 0.1796875 0.296875
 0.1640625 0.5625
 0.15625 0.5703125
 0.015625 0.0390625
 0.0078125 0.046875
 0.0078125 0.0390625
 0.0546875 0.8671875
 0.046875 0.8671875
 0.0546875 0.859375
 0.2421875 0.9609375
 0.234375 0.9609375
 0.2421875 0.953125
 0.8671875 0.8671875
 0.859375 0.8671875
 0.84375 0.8984375
 0.8359375 0.90625
 0.8359375 0.8984375
 0.203125 0.5390625
 0.1953125 0.546875
 0.1953125 0.5390625
 0.9609375 0.5234375
 0.953125 0.5234375
 0.9609375 0.515625
 0.9140625 0.8125
 0.9140625 0.8203125
 0.875 0.9921875
 0.8671875 1
 0.8671875 0.9921875
 0.6328125 0.78125
 0.6328125 0.7890625
 0.65625 0.9140625
 0.6640625 0.90625
 0.625 0.2734375
 0.6171875 0.28125
 0.6171875 0.2734375
 0.1953125 0.34375
 0.1953125 0.3515625
 0.1875 0.3515625
 0.0859375 0.3359375
 0.078125 0.3359375
 0.0859375 0.328125
 0.2734375 0.9609375
 0.265625 0.9609375
 0.2734375 0.953125
 0.4296875 0.7734375
 0.421875 0.7734375
 0.4296875 0.765625
 0.046875 0.3203125
 0.0390625 0.328125
 0.0390625 0.3203125
 0.203125 0.5703125
 0.1953125 0.578125
 0.1953125 0.5703125
 0.046875 0.0546875
 0.0390625 0.0625
 0.0390625 0.0546875
 0.0546875 0.4609375
 0.046875 0.4609375
 0.0546875 0.453125
 0.1640625 0.0546875
 0.15625 0.0546875
 0.1640625 0.046875
 0.4140625 0.9375
 0.4140625 0.9453125
 0.40625 0.9453125
 0.0078125 0.328125
 0.0078125 0.3359375
 0 0.3359375
 0.015625 0.0078125
 0.0078125 0.015625
 0.0078125 0.0078125
 0.875 0.0078125
 0.8671875 0.015625
 0.8671875 0.0078125
 0.4375 0.6328125
 0.4296875 0.640625
 0.4296875 0.6328125
 0.1640625 0.3046875
 0.15625 0.3046875
 0.1640625 0.296875
 0.03125 0.3828125
 0.0234375 0.390625
 0.0234375 0.3828125
 0.6171875 0.7734375
 0.6171875 0.765625
 0.3046875 0.375
 0.3046875 0.3828125
 0.296875 0.3828125
 0.203125 0.4921875
 0.1953125 0.5
 0.1953125 0.4921875
 0.953125 0.6953125
 0.9453125 0.703125
 0.9453125 0.6953125
 0.3046875 0.25
 0.3046875 0.2578125
 0.1875 0.0703125
 0.1796875 0.078125
 0.1796875 0.0703125
 0.59375 0.1015625
 0.5859375 0.109375
 0.5859375 0.1015625
 0.4375 0.7578125
 0.4296875 0.7578125
 0.6171875 0.9921875
 0.609375 0.9921875
 0.671875 0.5703125
 0.6640625 0.578125
 0.6640625 0.5703125
 0.6640625 0.75
 0.6640625 0.7421875
 0.5390625 0.3515625
 0.53125 0.3515625
 0.5390625 0.34375
 0.90625 0.4921875
 0.8984375 0.5
 0.0234375 0.25
 0.0234375 0.2578125
 0.015625 0.2578125
 0.484375 0.5546875
 0.4765625 0.5625
 0.4765625 0.5546875
 0.140625 0.3203125
 0.1328125 0.328125
 0.1328125 0.3203125
 0.6015625 0.09375
 0.6015625 0.0859375
 0.3046875 0.3671875
 0.296875 0.3671875
 0.3046875 0.359375
 0.0390625 0.578125
 0.0390625 0.5859375
 0.03125 0.5859375
 0.5 0.6796875
 0.4921875 0.6875
 0.4921875 0.6796875
 0.0234375 0.1796875
 0.015625 0.1796875
 0.0234375 0.171875
 0.4765625 0.6640625
 0.46875 0.6640625
 0.4765625 0.65625
 0.8515625 0.5390625
 0.859375 0.5390625
 0.9375 0.8515625
 0.9296875 0.859375
 0.9296875 0.8515625
 0.546875 0.7421875
 0.5546875 0.734375
 0.234375 0.1953125
 0.2265625 0.203125
 0.2265625 0.1953125
 0.046875 0.2578125
 0.0390625 0.265625
 0.0390625 0.2578125
 1 0.3359375
 0.9921875 0.34375
 0.9921875 0.3359375
 0.0625 0.9921875
 0.0546875 1
 0.7265625 0.5859375
 0.71875 0.5859375
 0.2265625 0.625
 0.2265625 0.6328125
 0.21875 0.6328125
 0.1796875 0.1015625
 0.171875 0.1015625
 0.1796875 0.09375
 0.4765625 0.171875
 0.484375 0.1640625
 0.7734375 0.84375
 0.7734375 0.8515625
 0.765625 0.8515625
 0.125 0.1015625
 0.1171875 0.109375
 0.1171875 0.1015625
 0.390625 0.6640625
 0.3828125 0.671875
 0.3828125 0.6640625
 0.359375 0.0234375
 0.3515625 0.03125
 0.3515625 0.0234375
 0.125 0.4453125
 0.1171875 0.4453125
 0.2578125 0.90625
 0.25 0.9140625
 0.890625 0.6796875
 0.8828125 0.6875
 0.3203125 0.671875
 0.3203125 0.6796875
 0.3125 0.6796875
 0.421875 0.1015625
 0.4296875 0.09375
 0.78125 0.8828125
 0.7734375 0.890625
 0.7734375 0.8828125
 0.9453125 0.359375
 0.9453125 0.3671875
 0.9375 0.3671875
 0.5703125 0.296875
 0.5703125 0.3046875
 0.5625 0.3046875
 0.203125 0.2578125
 0.1953125 0.265625
 0.1953125 0.2578125
 0.53125 0.0859375
 0.5234375 0.09375
 0.1015625 0.1015625
 0.09375 0.1015625
 0.1015625 0.09375
 0.109375 0.1328125
 0.1015625 0.140625
 0.1015625 0.1328125
 0.8359375 0.28125
 0.8359375 0.2890625
 0.828125 0.2890625
 0.671875 0.0546875
 0.6640625 0.0625
 0.3046875 0.625
 0.3046875 0.6328125
 0.296875 0.6328125
 0.75 0.8046875
 0.7421875 0.8125
 0.7421875 0.8046875
 0.0078125 0.84375
 0.0078125 0.8515625
 0 0.8515625
 0.9765625 0.078125
 0.96875 0.0859375
 0.0703125 0.03125
 0.0703125 0.0234375
 0.125 0.2734375
 0.1171875 0.28125
 0.7421875 0.1796875
 0.734375 0.1796875
 0.7421875 0.171875
 0.9453125 0.21875
 0.9453125 0.2265625
 0.9375 0.2265625
 0.53125 0.5390625
 0.5234375 0.546875
 0.5234375 0.5390625
 0.5390625 0.0546875
 0.53125 0.0546875
 0.5390625 0.046875
 0.953125 0.2265625
 0.9453125 0.234375
 0.6640625 0.1015625
 0.65625 0.1015625
 0.6640625 0.09375
 0.4921875 0.9921875
 0.484375 0.9921875
 0.3359375 0.5234375
 0.328125 0.5234375
 0.3359375 0.515625
 0.5 0.8203125
 0.4921875 0.828125
 0.4921875 0.8203125
 0.9140625 0.8515625
 0.90625 0.8515625
 0.9140625 0.84375
 0.2421875 0.4375
 0.234375 0.4453125
 0.671875 0.5859375
 0.6640625 0.5859375
 0.078125 0.1640625
 0.0703125 0.171875
 0.0703125 0.1640625
 0.984375 0.9921875
 0.9765625 1
 0.9765625 0.9921875
 0.4453125 0.125
 0.4453125 0.1328125
 0.4375 0.1328125
 0.609375 0.9765625
 0.6171875 0.96875
 0.34375 0.9765625
 0.3359375 0.984375
 0.3359375 0.9765625
 0.4921875 0.2890625
 0.484375 0.2890625
 0.8046875 0.1484375
 0.796875 0.1484375
 0.8046875 0.140625
 0.0703125 0.6640625
 0.0625 0.6640625
 0.9609375 0.15625
 0.9609375 0.1640625
 0.15625 0.1953125
 0.1484375 0.203125
 0.1484375 0.1953125
 0.5390625 0.8125
 0.5390625 0.8046875
 0.40625 0.3359375
 0.3984375 0.3359375
 0.4453125 0.71875
 0.4453125 0.7265625
 0.4375 0.7265625
 0.6953125 0.453125
 0.6953125 0.4609375
 0.6875 0.4609375
 0.1015625 0
 0.1015625 0.0078125
 0.09375 0.0078125
 0.1171875 0.9609375
 0.109375 0.9609375
 0.1171875 0.953125
 0.1640625 0.9921875
 0.15625 0.9921875
 0.1640625 0.984375
 0.21875 0.7421875
 0.2109375 0.75
 0.2109375 0.7421875
 0.765625 0.8671875
 0.7578125 0.8671875
 0.6953125 0.75
 0.6953125 0.7578125
 0.6875 0.7578125
 0.0546875 0.625
 0.0546875 0.6328125
 0.1796875 0.3359375
 0.171875 0.3359375
 0.1796875 0.328125
 0.921875 0.8671875
 0.9140625 0.875
 0.9140625 0.8671875
 0.734375 0.3203125
 0.7265625 0.328125
 0.7265625 0.3203125
 0.484375 0.6796875
 0.4921875 0.671875
 0.1171875 0.875
 0.1171875 0.8828125
 0.109375 0.8828125
 0.265625 0.8671875
 0.2578125 0.875
 0.890625 0.5703125
 0.8828125 0.578125
 0.8828125 0.5703125
 0.6171875 0.7109375
 0.609375 0.7109375
 0.6171875 0.703125
 0.75 0.6015625
 0.7421875 0.609375
 0.7421875 0.6015625
 0.1328125 0.625
 0.1328125 0.6328125
 0.125 0.6328125
 0.078125 0.4921875
 0.0703125 0.5
 0.0703125 0.4921875
 0.4375 0.4921875
 0.4296875 0.5
 0.4296875 0.4921875
 0.765625 0.1328125
 0.7578125 0.140625
 0.7578125 0.1328125
 0.953125 0.3984375
 0.9453125 0.40625
 0.9453125 0.3984375
 0.4375 0.0234375
 0.4296875 0.03125
 0.4296875 0.0234375
 0.1875 0.5390625
 0.1796875 0.546875
 0.1796875 0.5390625
 0.1640625 0.4140625
 0.15625 0.4140625
 0.1640625 0.40625
 0.09375 0.9765625
 0.0859375 0.984375
 0.0859375 0.9765625
 0.6875 0.0390625
 0.6796875 0.046875
 0.6796875 0.0390625
 0.625 0.4453125
 0.6171875 0.453125
 0.6171875 0.4453125
 0.2109375 0.5625
 0.2109375 0.5703125
 0.6953125 0.03125
 0.6953125 0.0234375
 0.6953125 0.890625
 0.6953125 0.8984375
 0.6875 0.8984375
 0.1484375 0.6796875
 0.140625 0.6796875
 0.1484375 0.671875
 0.1015625 0.8359375
 0.09375 0.8359375
 0.4609375 0.28125
 0.4609375 0.2890625
 0.453125 0.2890625
 0.3046875 0.0546875
 0.296875 0.0546875
 0.3046875 0.046875
 0.34375 0.3828125
 0.3359375 0.390625
 0.3359375 0.3828125
 0.8046875 0.9375
 0.8046875 0.9453125
 0.796875 0.9453125
 0.1328125 0.140625
 0.1328125 0.1484375
 0.125 0.1484375
 0.4765625 0.515625
 0.4765625 0.5234375
 0.46875 0.5234375
 0.78125 0.0390625
 0.7734375 0.046875
 0.7734375 0.0390625
 0.03125 0.6796875
 0.0234375 0.6875
 0.0234375 0.6796875
 0.75 0.6328125
 0.7421875 0.640625
 0.9609375 0.2109375
 0.953125 0.2109375
 0.9609375 0.203125
 0.5546875 0.1640625
 0.546875 0.1640625
 0.5546875 0.15625
 0.015625 0.9453125
 0.0078125 0.953125
 0.0078125 0.9453125
 0.0390625 1
 0.0390625 0.9921875
 0.1015625 0.578125
 0.1015625 0.5859375
 0.09375 0.5859375
 0.2421875 0.9140625
 0.234375 0.9140625
 0.2421875 0.90625
 0.109375 0.1015625
 0.1171875 0.09375
 0.5546875 0.2421875
 0.5546875 0.234375
 0.390625 0.4453125
 0.3828125 0.453125
 0.3828125 0.4453125
 0.9140625 0.328125
 0.90625 0.3359375
 0.6640625 0.296875
 0.6640625 0.2890625
 0.671875 0.2890625
 0.484375 0.3671875
 0.4765625 0.375
 0.4765625 0.3671875
 0.171875 0.7109375
 0.1640625 0.71875
 0.1640625 0.7109375
 0.4609375 0.9296875
 0.453125 0.9296875
 0.4609375 0.921875
 0.6328125 0.359375
 0.6328125 0.3671875
 0.625 0.3671875
 0.015625 0.1484375
 0.0078125 0.15625
 0.0078125 0.1484375
 0.1328125 0.46875
 0.1328125 0.4765625
 0.125 0.4765625
 0.8046875 0.625
 0.8046875 0.6328125
 0.796875 0.6328125
 0.375 0.6953125
 0.3671875 0.703125
 0.4140625 0.1171875
 0.40625 0.1171875
 0.4140625 0.109375
 0.390625 0.7890625
 0.3828125 0.796875
 0.3828125 0.7890625
 0.9765625 0.1953125
 0.96875 0.1953125
 0.2421875 0.9375
 0.2421875 0.9453125
 0.234375 0.9453125
 0.140625 0.3359375
 0.1328125 0.34375
 0.1328125 0.3359375
 0.046875 0.3828125
 0.0390625 0.390625
 0.0390625 0.3828125
 0.1015625 0.625
 0.1015625 0.6328125
 0.09375 0.6328125
 0.8984375 0.6796875
 0.8984375 0.671875
 0.5 0.0859375
 0.4921875 0.09375
 0.3125 0.9609375
 0.3046875 0.9609375
 0.984375 0.8671875
 0.9765625 0.875
 0.9765625 0.8671875
 0.078125 0.7421875
 0.0703125 0.75
 0.0703125 0.7421875
 0.8359375 0.6875
 0.8359375 0.6953125
 0.828125 0.6953125
 0.5859375 0.0625
 0.5859375 0.0703125
 0.578125 0.0703125
 0.8515625 0.765625
 0.8515625 0.7734375
 0.84375 0.7734375
 0.1640625 0.671875
 0.1640625 0.6640625
 0.171875 0.6640625
 0.4140625 0.4296875
 0.40625 0.4296875
 0.4140625 0.421875
 0.0625 0.1015625
 0.0546875 0.109375
 0.0546875 0.1015625
 0.015625 0.2421875
 0.0078125 0.25
 0.0078125 0.2421875
 0.8671875 0.3671875
 0.859375 0.3671875
 0.90625 0.3828125
 0.8984375 0.390625
 0.8984375 0.3828125
 0.8828125 0.6953125
 0.875 0.6953125
 0.96875 0.8984375
 0.9609375 0.90625
 0.9609375 0.8984375
 1 0.9609375
 0.9921875 0.9609375
 0.8984375 0.1484375
 0.890625 0.1484375
 0.8984375 0.140625
 0.140625 0.6328125
 0.1328125 0.640625
 0.453125 0.1484375
 0.4453125 0.15625
 0.4453125 0.1484375
 0.6484375 0.5
 0.6484375 0.5078125
 0.640625 0.5078125
 1 0.7890625
 0.9921875 0.796875
 0.9921875 0.7890625
 0.3046875 0.4140625
 0.296875 0.4140625
 0.3046875 0.40625
 0.7890625 0.2890625
 0.78125 0.2890625
 0.7890625 0.28125
 0.5859375 0.4921875
 0.578125 0.4921875
 0.5859375 0.484375
 0.2109375 0.8984375
 0.203125 0.8984375
 0.2109375 0.890625
 0.5703125 0.453125
 0.5703125 0.4609375
 0.5625 0.4609375
 0.15625 0.6953125
 0.1484375 0.703125
 0.1484375 0.6953125
 0.625 0.5078125
 0.6171875 0.515625
 0.6171875 0.5078125
 0.1015625 0.640625
 0.1015625 0.6484375
 0.09375 0.6484375
 0.9140625 0.4375
 0.9140625 0.4453125
 0.90625 0.4453125
 0.515625 0.8671875
 0.5078125 0.875
 0.5078125 0.8671875
 0.296875 0.8984375
 0.2890625 0.90625
 0.2890625 0.8984375
 0.0390625 0.3671875
 0.03125 0.3671875
 0.0390625 0.359375
 0.9921875 0.6875
 0.9921875 0.6953125
 0.984375 0.6953125
 0.375 0.8671875
 0.3671875 0.875
 0.3671875 0.8671875
 0.4140625 0.5859375
 0.40625 0.5859375
 0.28125 0.4609375
 0.2734375 0.46875
 0.5546875 0.1015625
 0.546875 0.1015625
 0.5546875 0.09375
 0.1015625 0.390625
 0.1015625 0.3984375
 0.09375 0.3984375
 0.1171875 0.8125
 0.1171875 0.8203125
 0.1640625 0.1875
 0.1640625 0.1953125
 0.2421875 0.4609375
 0.234375 0.4609375
 0.625 0.7734375
 0.6171875 0.78125
 0.296875 0.9296875
 0.2890625 0.9375
 0.2890625 0.9296875
 0.15625 0.0234375
 0.1484375 0.03125
 0.1484375 0.0234375
 0.328125 0.2109375
 0.3203125 0.21875
 0.3203125 0.2109375
 0.8203125 0.453125
 0.8203125 0.4609375
 0.8125 0.4609375
 0.734375 0.6171875
 0.7265625 0.625
 0.7265625 0.6171875
 0.1484375 0.9609375
 0.140625 0.9609375
 0.1484375 0.953125
 0.9140625 0.3125
 0.9140625 0.3203125
 0.90625 0.3203125
 0.1015625 0.671875
 0.1015625 0.6640625
 0.109375 0.6640625
 0.5546875 0.6484375
 0.546875 0.6484375
 0.5546875 0.640625
 0.3515625 0.5546875
 0.34375 0.5546875
 0.3515625 0.546875
 0.734375 0.9609375
 0.7265625 0.9609375
 0.453125 0.6328125
 0.4453125 0.640625
 0.4453125 0.6328125
 0.578125 0.0234375
 0.5703125 0.03125
 0.5703125 0.0234375
 0.4765625 0.7734375
 0.46875 0.7734375
 0.09375 0.0859375
 0.0859375 0.09375
 0.0859375 0.0859375
 0.671875 0.1796875
 0.6640625 0.1875
 0.6640625 0.1796875
 0.9453125 0.453125
 0.9453125 0.4609375
 0.9375 0.4609375
 0.9921875 0.1015625
 0.984375 0.1015625
 0.9921875 0.09375
 0.2265625 0.75
 0.2265625 0.7421875
 0.765625 0.0546875
 0.7578125 0.0625
 0.7578125 0.0546875
 0.390625 0.2578125
 0.3828125 0.265625
 0.1640625 0.9296875
 0.15625 0.9296875
 0.1640625 0.921875
 0.0078125 0
 0 0.0078125
 0.8984375 0.1171875
 0.890625 0.1171875
 0.8984375 0.109375
 0.6484375 0.96875
 0.6484375 0.9765625
 0.640625 0.9765625
 0.71875 0.8671875
 0.7109375 0.875
 0.7109375 0.8671875
 0.890625 0.5390625
 0.8828125 0.546875
 0.8828125 0.5390625
 0.2578125 0.5625
 0.2578125 0.5703125
 0.25 0.5703125
 0.9140625 0.625
 0.9140625 0.6171875
 0.1328125 0.6484375
 0.125 0.6484375
 0.7421875 0.7890625
 0.734375 0.7890625
 0.7421875 0.78125
 0.2578125 0.828125
 0.2578125 0.8203125
 0.359375 0.8671875
 0.3671875 0.859375
 0.640625 0.3515625
 0.6484375 0.75
 0.6484375 0.7578125
 0.640625 0.7578125
 0.0078125 0.0625
 0.0078125 0.0546875
 0.4609375 0.4375
 0.4609375 0.4453125
 0.453125 0.4453125
 0.8515625 0.453125
 0.8515625 0.4609375
 0.84375 0.4609375
 0.1953125 0.875
 0.1953125 0.8828125
 0.1875 0.8828125
 0.8671875 0.5625
 0.8671875 0.5703125
 0.9609375 0.3125
 0.9609375 0.3203125
 0.953125 0.3203125
 0.875 0.7578125
 0.8671875 0.765625
 0.8046875 0.9140625
 0.796875 0.9140625
 0.765625 0.6328125
 0.7578125 0.640625
 0.7578125 0.6328125
 0.734375 0.9921875
 0.7265625 1
 0.7265625 0.9921875
 0.8984375 0.03125
 0.8984375 0.0234375
 0.7890625 0.640625
 0.7890625 0.6484375
 0.78125 0.6484375
 0.9765625 0.75
 0.9765625 0.7578125
 0.96875 0.7578125
 0.6953125 0.46875
 0.6953125 0.4765625
 0.6875 0.4765625
 0.7109375 0.8125
 0.7109375 0.8203125
 0.703125 0.8203125
 0.5390625 0.4296875
 0.53125 0.4296875
 0.5390625 0.421875
 0.3671875 0.8359375
 0.359375 0.8359375
 0.453125 0.8359375
 0.4453125 0.84375
 0.4453125 0.8359375
 0.125 0.9140625
 0.1171875 0.921875
 0.578125 0.0859375
 0.5703125 0.09375
 0.5703125 0.0859375
 0.328125 0.1484375
 0.3203125 0.15625
 0.3203125 0.1484375
 0.71875 0.0859375
 0.7109375 0.09375
 0.7109375 0.0859375
 0.8359375 0.9296875
 0.828125 0.9296875
 0.8359375 0.921875
 0.578125 0.2578125
 0.5703125 0.265625
 0.21875 0.3203125
 0.2109375 0.3203125
 0.1015625 0.3046875
 0.09375 0.3046875
 0.1015625 0.296875
 0.4140625 0.671875
 0.4140625 0.6640625
 0.421875 0.6640625
 0.2578125 0.4296875
 0.25 0.4296875
 0.2421875 0.1484375
 0.234375 0.1484375
 0.2421875 0.140625
 0.71875 0.5234375
 0.7109375 0.53125
 0.7109375 0.5234375
 0.3828125 0.3125
 0.3828125 0.3203125
 0.375 0.3203125
 0.5859375 0.5234375
 0.578125 0.5234375
 0.5859375 0.515625
 0.8359375 0.78125
 0.828125 0.7890625
 0.0390625 0.3046875
 0.03125 0.3046875
 0.0390625 0.296875
 0.078125 0.4609375
 0.0703125 0.46875
 0.0703125 0.4609375
 0.0234375 0.9140625
 0.015625 0.9140625
 0.375 0.0859375
 0.3671875 0.09375
 0.3671875 0.0859375
 0.4765625 0.7890625
 0.46875 0.7890625
 0.4765625 0.78125
 0.890625 0.8671875
 0.8828125 0.875
 0.8828125 0.8671875
 0.2109375 0.5546875
 0.203125 0.5546875
 0.2109375 0.546875
 0.1328125 0.6875
 0.1328125 0.6796875
 0.8828125 0.90625
 0.8828125 0.9140625
 0.875 0.9140625
 0.40625 0.6640625
 0.3984375 0.671875
 0.3984375 0.6640625
 0.96875 0.3046875
 0.9609375 0.3046875
 0.859375 0.2421875
 0.8515625 0.25
 0.8515625 0.2421875
 0.359375 0.0546875
 0.3515625 0.0625
 0.3515625 0.0546875
 0.078125 0.3671875
 0.0703125 0.375
 0.0703125 0.3671875
 0.28125 0.1796875
 0.2890625 0.171875
 0.2734375 0.1875
 0.2734375 0.1796875
 0.171875 0.0234375
 0.1640625 0.03125
 0.1640625 0.0234375
 0.8984375 0.7734375
 0.890625 0.7734375
 0.8984375 0.765625
 0.3125 0.9140625
 0.3046875 0.921875
 0.3046875 0.9140625
 0.796875 0.2578125
 0.7890625 0.265625
 0.7890625 0.2578125
 0.796875 0.6953125
 0.7890625 0.6953125
 0.71875 0.3515625
 0.7109375 0.359375
 0.7109375 0.3515625
 0.015625 0.1640625
 0.0078125 0.171875
 0.0078125 0.1640625
 0.421875 0.4296875
 0.4140625 0.4375
 0.578125 0.1484375
 0.5859375 0.140625
 0.0546875 0.75
 0.0546875 0.7578125
 0.046875 0.7578125
 0.7265625 0.5546875
 0.71875 0.5546875
 0.7265625 0.546875
 0.7265625 0.4609375
 0.71875 0.4609375
 0.1640625 0.0390625
 0.15625 0.0390625
 0.953125 0.4453125
 0.9453125 0.4453125
 0.671875 0.6484375
 0.6640625 0.65625
 0.6640625 0.6484375
 0.421875 0.7421875
 0.4140625 0.75
 0.4140625 0.7421875
 0.0078125 0.453125
 0.0078125 0.4609375
 0 0.4609375
 0.2421875 0.1171875
 0.234375 0.1171875
 0.2421875 0.109375
 0.8125 0.5703125
 0.8046875 0.578125
 0.8046875 0.5703125
 0.6796875 0.7578125
 0.671875 0.7578125
 0.5625 0.2734375
 0.5546875 0.28125
 0.5546875 0.2734375
 0.0234375 0.7109375
 0.015625 0.7109375
 0.0234375 0.703125
 0.109375 0.0703125
 0.1015625 0.078125
 0.1015625 0.0703125
 0.875 0.1796875
 0.8671875 0.1875
 0.8671875 0.1796875
 0.359375 0.6328125
 0.3515625 0.640625
 0.6171875 0.9140625
 0.609375 0.9140625
 0.6171875 0.90625
 0.546875 0.2734375
 0.5390625 0.28125
 0.5390625 0.2734375
 0.171875 0.2734375
 0.1640625 0.28125
 0.1640625 0.2734375
 0.5703125 0.375
 0.5703125 0.3671875
 0.59375 0.4921875
 0.5859375 0.5
 0.71875 0.8046875
 0.7109375 0.8046875
 0.515625 0.1640625
 0.5078125 0.171875
 0.5078125 0.1640625
 0.375 0.5546875
 0.3671875 0.5625
 0.9453125 0.140625
 0.9453125 0.1484375
 0.9375 0.1484375
 0.875 0.1484375
 0.8671875 0.15625
 0.8671875 0.1484375
 0.3203125 0.953125
 0.3203125 0.9609375
 0.21875 0.4296875
 0.2109375 0.4375
 0.2109375 0.4296875
 0.1875 0.6328125
 0.1796875 0.640625
 0.1796875 0.6328125
 0.6640625 0.859375
 0.6640625 0.8515625
 0.671875 0.8515625
 0.5546875 0.9140625
 0.546875 0.9140625
 0.5546875 0.90625
 0.03125 0.4921875
 0.0234375 0.5
 0.0234375 0.4921875
 0.515625 0.6015625
 0.5078125 0.609375
 0.5078125 0.6015625
 0.1328125 0.96875
 0.1328125 0.9609375
 0.6171875 0.2109375
 0.6171875 0.203125
 0.46875 0.1953125
 0.4609375 0.203125
 0.4609375 0.1953125
 0.2265625 0.265625
 0.2265625 0.2734375
 0.21875 0.2734375
 0.7109375 0.2734375
 0.703125 0.2734375
 0.765625 0.4765625
 0.7578125 0.484375
 0.7578125 0.4765625
 0.5703125 0.1875
 0.5703125 0.1953125
 0.5625 0.1953125
 0.046875 0.8046875
 0.0390625 0.8125
 0.0390625 0.8046875
 0.140625 0.5390625
 0.1328125 0.546875
 0.1328125 0.5390625
 0.640625 0.1640625
 0.6328125 0.171875
 0.6328125 0.1640625
 0.6484375 0.4296875
 0.640625 0.4296875
 0.6484375 0.421875
 0.5 0.4765625
 0.4921875 0.484375
 0.4921875 0.4765625
 0.2109375 0.90625
 0.2109375 0.9140625
 0.203125 0.9140625
 0.796875 0.5703125
 0.7890625 0.5703125
 0.5859375 0.0546875
 0.578125 0.0546875
 0.5859375 0.046875
 0.2890625 0.6640625
 0.296875 0.6640625
 0.453125 0.6484375
 0.4609375 0.640625
 0.625 0.6953125
 0.1640625 0.8046875
 0.15625 0.8046875
 0.1640625 0.796875
 0.5 0.1328125
 0.4921875 0.140625
 0.4921875 0.1328125
 0.8515625 0.6875
 0.8515625 0.6953125
 0.84375 0.6953125
 1 0.2109375
 0.9921875 0.21875
 0.9921875 0.4140625
 0.984375 0.4140625
 0.9921875 0.40625
 0.8515625 0.3125
 0.8515625 0.3203125
 0.84375 0.3203125
 0.609375 0.4921875
 0.6015625 0.5
 0.6015625 0.4921875
 0.8046875 0.1875
 0.8046875 0.1953125
 0.796875 0.1953125
 0.2265625 0.3046875
 0.2265625 0.296875
 0.1875 0.0234375
 0.1796875 0.03125
 0.1796875 0.0234375
 0.8984375 0.1796875
 0.4296875 0.6015625
 0.421875 0.6015625
 0.4296875 0.59375
 0.65625 0.3984375
 0.6484375 0.40625
 0.6484375 0.3984375
 0.671875 0.8671875
 0.6640625 0.875
 0.6640625 0.8671875
 0.3046875 0.1015625
 0.296875 0.1015625
 0.3046875 0.09375
 0.8359375 0.9609375
 0.8359375 0.953125
 0.46875 0.5390625
 0.4609375 0.546875
 0.4609375 0.5390625
 0.09375 0.2421875
 0.0859375 0.2421875
 0.09375 0.2734375
 0.0859375 0.28125
 0.0859375 0.2734375
 0.640625 0.5390625
 0.6328125 0.546875
 0.6328125 0.5390625
 0.625 0.9296875
 0.6171875 0.9375
 0.6171875 0.9296875
 0.5390625 0.1171875
 0.53125 0.1171875
 0.5390625 0.109375
 0.0234375 0.3359375
 0.015625 0.3359375
 0.0234375 0.328125
 0.609375 0.5859375
 0.6015625 0.59375
 0.6015625 0.5859375
 0.15625 0.1171875
 0.5546875 0.7265625
 0.953125 0.8203125
 0.9453125 0.828125
 0.9453125 0.8203125
 0.078125 0.6171875
 0.0703125 0.625
 0.0703125 0.6171875
 0.703125 0.7265625
 0.6953125 0.734375
 0.6953125 0.7265625
 0.5859375 0.875
 0.5859375 0.8828125
 0.578125 0.8828125
 0.3984375 0.125
 0.3984375 0.1171875
 0.25 0.9765625
 0.2421875 0.984375
 0.2421875 0.9765625
 0.3359375 0.5625
 0.3359375 0.5546875
 0.3515625 0.4375
 0.3515625 0.4453125
 0.34375 0.4453125
 0.6640625 0.6875
 0.6640625 0.6953125
 0.65625 0.6953125
 0.875 0.8359375
 0.8671875 0.84375
 0.8671875 0.8359375
 0.3125 0.2578125
 0.3046875 0.265625
 0.5078125 0.65625
 0.5078125 0.6640625
 0.5 0.6640625
 0.7421875 0.6484375
 0.734375 0.6484375
 0.3984375 0.28125
 0.3984375 0.2890625
 0.390625 0.2890625
 0.8046875 0.8515625
 0.796875 0.8515625
 0.25 0.1328125
 0.2421875 0.1328125
 0.328125 0.2578125
 0.3203125 0.265625
 0.3203125 0.2578125
 0.4921875 0.7890625
 0.484375 0.7890625
 0.4921875 0.78125
 0.40625 0.0703125
 0.3984375 0.078125
 0.3984375 0.0703125
 0.3359375 0.53125
 0.3359375 0.5390625
 0.890625 0.0546875
 0.8828125 0.0546875
 0.828125 0.2265625
 0.8203125 0.234375
 0.640625 0.0859375
 0.6328125 0.09375
 0.6328125 0.0859375
 0.6640625 0.4765625
 0.65625 0.4765625
 0.6640625 0.46875
 0.078125 0.7890625
 0.0703125 0.796875
 0.0703125 0.7890625
 0.75 0.9921875
 0.7421875 1
 0.7421875 0.9921875
 0.0859375 0.8359375
 0.078125 0.8359375
 0.0859375 0.828125
 0.578125 0.4609375
 0.5703125 0.46875
 0.375 0.1484375
 0.3671875 0.15625
 0.3671875 0.1484375
 0.625 0.6484375
 0.6171875 0.65625
 0.6171875 0.6484375
 0.671875 0.3828125
 0.6640625 0.390625
 0.6640625 0.3828125
 0.3671875 0.8046875
 0.359375 0.8046875
 0.3671875 0.796875
 0.3515625 0.703125
 0.3515625 0.6953125
 0.546875 0.1171875
 0.5390625 0.125
 0.1796875 0.4375
 0.1796875 0.4453125
 0.171875 0.4453125
 0.296875 0.5546875
 0.3046875 0.546875
 0.703125 0.6640625
 0.6953125 0.671875
 0.6953125 0.6640625
 0.7890625 0.75
 0.7890625 0.7578125
 0.78125 0.7578125
 0.875 0.7734375
 0.8671875 0.78125
 0.8671875 0.7734375
 0.296875 0.0078125
 0.2890625 0.015625
 0.2890625 0.0078125
 0.8671875 0
 0.859375 0.0078125
 0.4296875 0.1640625
 0.421875 0.1640625
 0.4296875 0.15625
 0.5546875 0.8515625
 0.546875 0.8515625
 0.5546875 0.84375
 0.953125 0.1328125
 0.9453125 0.1328125
 0.0390625 0.984375
 0.0390625 0.9765625
 0.046875 0.9765625
 0.40625 0.6953125
 0.3984375 0.703125
 0.3984375 0.6953125
 0.25 0.6328125
 0.2421875 0.640625
 0.2421875 0.6328125
 0.9921875 0.7734375
 0.984375 0.7734375
 0.9921875 0.765625
 0.4140625 0.4140625
 0.40625 0.4140625
 0.2890625 0.390625
 0.2890625 0.3828125
 0.953125 0.9609375
 0.9453125 0.96875
 0.9453125 0.9609375
 0.234375 0.8359375
 0.2265625 0.84375
 0.2265625 0.8359375
 0.03125 0.4765625
 0.0234375 0.484375
 0.0234375 0.4765625
 0.125 0.5390625
 0.1171875 0.546875
 0.1171875 0.5390625
 0.625 0.0859375
 0.6171875 0.09375
 0.3203125 0.4375
 0.3203125 0.4453125
 0.640625 0.4609375
 0.6328125 0.46875
 0.6328125 0.4609375
 0.453125 0.0703125
 0.4453125 0.078125
 0.4453125 0.0703125
 0.5078125 0.9140625
 0.5 0.9140625
 0.6015625 0.2421875
 0.59375 0.2421875
 0.6015625 0.234375
 0.484375 0.3359375
 0.4765625 0.34375
 0.4765625 0.3359375
 0.4453125 0.875
 0.4453125 0.8828125
 0.4375 0.8828125
 0.21875 0.7578125
 0.2109375 0.765625
 0.2109375 0.7578125
 0.6484375 0.15625
 0.6484375 0.1640625
 0.5 0.1796875
 0.4921875 0.1875
 0.4921875 0.1796875
 0.234375 0.0078125
 0.2265625 0.015625
 0.2265625 0.0078125
 0.390625 0.9296875
 0.3984375 0.921875
 0.1015625 0.0859375
 0.140625 0.4140625
 0.1328125 0.421875
 0.1328125 0.4140625
 0.6640625 0.4453125
 0.65625 0.4453125
 0.765625 0.6953125
 0.7578125 0.703125
 0.7578125 0.6953125
 0.6328125 0.109375
 0.6328125 0.1171875
 0.625 0.1171875
 0.8046875 0.015625
 0.8046875 0.0078125
 0.5859375 0.734375
 0.5859375 0.7265625
 0.9921875 0.1640625
 0.984375 0.1640625
 0.9921875 0.15625
 0.09375 0.7109375
 0.0859375 0.71875
 0.0859375 0.7109375
 0.7265625 0.1875
 0.7265625 0.1796875
 0.6015625 0.078125
 0.59375 0.0859375
 0.5078125 0.21875
 0.5078125 0.2265625
 0.5 0.2265625
 0.6015625 0.671875
 0.6015625 0.6640625
 0.609375 0.6640625
 0.375 0.9296875
 0.3671875 0.9375
 0.3671875 0.9296875
 0.8515625 0.421875
 0.8515625 0.4140625
 0.859375 0.4140625
 0.6328125 0.734375
 0.6328125 0.7421875
 0.625 0.7421875
 0.4921875 0.8515625
 0.484375 0.8515625
 0.4921875 0.84375
 0.7578125 0.8125
 0.7578125 0.8203125
 0.75 0.8203125
 0.7265625 0.484375
 0.7265625 0.4765625
 0.734375 0.4765625
 0.9375 0.9609375
 0.9296875 0.96875
 0.9296875 0.9609375
 0.5390625 0.671875
 0.5390625 0.6640625
 0.546875 0.6640625
 0.5078125 0.453125
 0.5078125 0.4609375
 0.5 0.4609375
 0.2265625 0.875
 0.2265625 0.8828125
 0.21875 0.8828125
 0.703125 0.3046875
 0.6953125 0.3125
 0.6953125 0.3046875
 0.921875 0.4453125
 0.9140625 0.453125
 0.09375 0.1796875
 0.0859375 0.1875
 0.0859375 0.1796875
 0.8203125 0.109375
 0.8203125 0.1171875
 0.8125 0.1171875
 0.8125 0.3359375
 0.8046875 0.34375
 0.8046875 0.3359375
 0.6796875 0.0546875
 0.0546875 0.53125
 0.0546875 0.5234375
 0.375 0.9765625
 0.3671875 0.984375
 0.3671875 0.9765625
 0.4765625 0.875
 0.4765625 0.8828125
 0.46875 0.8828125
 0.375 0.5078125
 0.3671875 0.515625
 0.3671875 0.5078125
 0.7734375 0.0546875
 0.203125 0.1484375
 0.2109375 0.140625
 0.375 0.6171875
 0.3671875 0.625
 0.1796875 0.6796875
 0.171875 0.6796875
 0.1796875 0.671875
 0.2734375 0.09375
 0.2734375 0.1015625
 0.265625 0.1015625
 0.8046875 0.2890625
 0.796875 0.2890625
 0.8046875 0.28125
 0.6171875 0.2421875
 0.609375 0.2421875
 0.6171875 0.234375
 0.8515625 0.0390625
 0.859375 0.0390625
 0.96875 0.3671875
 0.9609375 0.375
 0.78125 0.6015625
 0.7734375 0.609375
 0.0390625 0.75
 0.0390625 0.7578125
 0.03125 0.7578125
 0.1953125 0.40625
 0.3359375 0.5
 0.3359375 0.5078125
 0.328125 0.5078125
 0.71875 0.1015625
 0.7109375 0.109375
 0.7109375 0.1015625
 0.4921875 0.21875
 0.4921875 0.2109375
 0.203125 0.7890625
 0.1953125 0.796875
 0.1953125 0.7890625
 0.1171875 0
 0.1171875 0.0078125
 0.109375 0.0078125
 0.2421875 0.6171875
 0.234375 0.6171875
 0.2421875 0.609375
 0.671875 0.8203125
 0.6640625 0.828125
 0.6640625 0.8203125
 0.4140625 0.6015625
 0.40625 0.6015625
 0.4140625 0.59375
 0.2890625 0.328125
 0.2890625 0.3359375
 0.28125 0.3359375
 0.25 0.0078125
 0.2421875 0.015625
 0.2421875 0.0078125
 0.2421875 0.4765625
 0.234375 0.4765625
 0.2421875 0.46875
 0.78125 0.7265625
 0.7734375 0.734375
 0.7734375 0.7265625
 0.4375 0.1484375
 0.4296875 0.1484375
 0.6015625 0.1796875
 0.59375 0.1796875
 0.6015625 0.171875
 0.8359375 0.9921875
 0.828125 0.9921875
 0.8359375 0.984375
 0.1328125 0
 0.1328125 0.0078125
 0.125 0.0078125
 0.234375 0.1328125
 0.2265625 0.140625
 0.2265625 0.1328125
 0.5078125 0.9375
 0.5078125 0.9453125
 0.5 0.9453125
 0.8359375 0.8359375
 0.828125 0.8359375
 0.03125 0.7890625
 0.0234375 0.796875
 0.0234375 0.7890625
 0.1640625 0.8515625
 0.15625 0.8515625
 0.1640625 0.84375
 0.8203125 0.09375
 0.8203125 0.1015625
 0.8125 0.1015625
 0.0078125 0.625
 0.0078125 0.6328125
 0 0.6328125
 0.2578125 0.96875
 0.2578125 0.9765625
 0.0859375 0.390625
 0.9140625 0.4921875
 0.6640625 0.8046875
 0.65625 0.8046875
 0.6640625 0.796875
 0.0625 0.4296875
 0.0546875 0.4375
 0.0546875 0.4296875
 0.9609375 0.765625
 0.9609375 0.7578125
 0.40625 0.0078125
 0.3984375 0.015625
 0.3984375 0.0078125
 1 0.8359375
 0.9921875 0.84375
 0.9921875 0.8359375
 0.078125 0.1171875
 0.0703125 0.125
 0.0703125 0.1171875
 0.75 0.5078125
 0.7421875 0.515625
 0.7421875 0.5078125
 0.765625 0.6796875
 0.7578125 0.6875
 0.0625 0.4609375
 0.0546875 0.46875
 0.7734375 0.765625
 0.7734375 0.7578125
 0.53125 0.2578125
 0.5234375 0.265625
 0.5234375 0.2578125
 0.4296875 0.2890625
 0.4296875 0.28125
 0.046875 0.9296875
 0.0390625 0.9375
 0.0390625 0.9296875
 0.3359375 0.7109375
 0.328125 0.7109375
 0.3359375 0.703125
 0.6875 0.0234375
 0.6796875 0.03125
 0.6796875 0.0234375
 0.65625 0.5390625
 0.6484375 0.546875
 0.6484375 0.5390625
 0.2578125 0.8359375
 0.25 0.8359375
 0.8046875 0.4609375
 0.828125 0.8984375
 0.8203125 0.90625
 0.8203125 0.8984375
 0.0546875 0.6171875
 0.046875 0.6171875
 0.0546875 0.609375
 0.1015625 0.890625
 0.1015625 0.8828125
 0.765625 0.9296875
 0.7578125 0.9375
 0.7578125 0.9296875
 0.8046875 0.75
 0.796875 0.7578125
 0.7421875 0.5546875
 0.734375 0.5546875
 0.7421875 0.546875
 0.9453125 0.7109375
 0.9375 0.7109375
 0.6875 0.5234375
 0.6796875 0.53125
 0.6796875 0.5234375
 0.796875 0.9609375
 0.7890625 0.96875
 0.7890625 0.9609375
 0.7421875 0.1484375
 0.734375 0.1484375
 0.7421875 0.140625
 0.640625 0.5859375
 0.6328125 0.59375
 0.6328125 0.5859375
 0.7734375 0.65625
 0.7734375 0.6640625
 0.765625 0.6640625
 0.078125 0.1796875
 0.0859375 0.171875
 0.4375 0.5078125
 0.4296875 0.5078125
 0.75 0.3046875
 0.7421875 0.3125
 0.7421875 0.3046875
 0.4765625 0.8125
 0.4765625 0.8203125
 0.46875 0.8203125
 0.71875 0.0703125
 0.7109375 0.078125
 0.7109375 0.0703125
 0.6484375 0.1484375
 0.640625 0.1484375
 0.6484375 0.140625
 0.1640625 0.453125
 0.1640625 0.4609375
 0.15625 0.4609375
 0.078125 0.6328125
 0.0703125 0.640625
 0.0703125 0.6328125
 0.1953125 0.609375
 0.1953125 0.6171875
 0.1875 0.6171875
 0.8359375 0.4375
 0.8359375 0.4453125
 0.828125 0.4453125
 0.953125 0.8984375
 0.9609375 0.890625
 0.1484375 0.4609375
 0.140625 0.4609375
 0.1484375 0.453125
 0.4921875 0.6640625
 0.484375 0.6640625
 0.4921875 0.65625
 0.0078125 0.859375
 0.0078125 0.8671875
 0 0.8671875
 0.8203125 0.953125
 0.8125 0.9609375
 0.8203125 0.921875
 0.8203125 0.9296875
 0.8125 0.9296875
 0.6640625 0.8125
 0.65625 0.8203125
 0.359375 0.6796875
 0.3515625 0.6875
 0.3515625 0.6796875
 0.8515625 0.8046875
 0.84375 0.8046875
 0.8515625 0.796875
 0.765625 0.5234375
 0.7578125 0.53125
 0.7578125 0.5234375
 0.5390625 0.625
 0.5390625 0.6328125
 0.53125 0.6328125
 0.2578125 0.9296875
 0.25 0.9296875
 0.96875 0.9140625
 0.9609375 0.921875
 0.9609375 0.9140625
 0.828125 0.4765625
 0.8203125 0.484375
 0.8203125 0.4765625
 0.1171875 0.65625
 0.1171875 0.6484375
 0.5859375 0.03125
 0.5859375 0.0234375
 0.7421875 0.2890625
 0.734375 0.2890625
 0.5078125 0.265625
 0.5078125 0.2734375
 0.875 0.5078125
 0.8671875 0.515625
 0.8671875 0.5078125
 0.4296875 0.7890625
 0.4296875 0.78125
 0.6953125 0.046875
 0.6875 0.0546875
 0.3984375 0.3671875
 0.390625 0.3671875
 0.3984375 0.359375
 0.4921875 0.5234375
 0.484375 0.5234375
 0.4921875 0.515625
 0.8046875 0.7421875
 0.796875 0.7421875
 0.6484375 0.828125
 0.6484375 0.8203125
 0.0703125 0.328125
 0.0703125 0.3359375
 0.15625 0.5234375
 0.1484375 0.53125
 0.171875 0.0390625
 0.859375 0.7734375
 0.015625 0.8671875
 0.0078125 0.875
 0.4140625 0.921875
 0.4140625 0.9140625
 0.421875 0.9140625
 0.265625 0.8984375
 0.2578125 0.8984375
 0.8515625 0.890625
 0.8515625 0.8984375
 0.4921875 0.6171875
 0.484375 0.6171875
 0.4921875 0.609375
 0.1328125 0.5
 0.1328125 0.5078125
 0.125 0.5078125
 0.9140625 0.609375
 0.9140625 0.6015625
 0.921875 0.6015625
 0.8671875 0.875
 0.8671875 0.8828125
 0.859375 0.8828125
 0.90625 0.2109375
 0.8984375 0.21875
 0.8984375 0.2109375
 0.40625 0.3984375
 0.3984375 0.40625
 0.3984375 0.3984375
 0.6953125 0.71875
 0.6953125 0.7109375
 0.7109375 0.59375
 0.7109375 0.5859375
 0.3203125 0.3671875
 0.3125 0.3671875
 0.328125 0.3359375
 0.3203125 0.34375
 0.3203125 0.3359375
 0.109375 0.7578125
 0.1015625 0.765625
 0.1015625 0.7578125
 0.109375 0.4921875
 0.1015625 0.5
 0.1015625 0.4921875
 0.5078125 0.78125
 0.5078125 0.7890625
 0.5 0.7890625
 0.9453125 0.0625
 0.9453125 0.0703125
 0.9375 0.0703125
 0.5234375 0.125
 0.5234375 0.1171875
 0.5859375 0.1875
 0.5859375 0.1953125
 0.578125 0.1953125
 0.8359375 0.375
 0.8359375 0.3828125
 0.828125 0.3828125
 0.328125 0.8828125
 0.3203125 0.890625
 0.3203125 0.8828125
 0.1328125 0.5546875
 0.125 0.5546875
 0.625 0.8046875
 0.6171875 0.8125
 0.6171875 0.8046875
 0.8984375 0.2265625
 0.890625 0.2265625
 0.8515625 0.5859375
 0.84375 0.5859375
 0.484375 0.9296875
 0.4765625 0.9375
 0.4765625 0.9296875
 0.484375 0.2578125
 0.4765625 0.265625
 0.4765625 0.2578125
 0.4375 0.9765625
 0.4296875 0.984375
 0.4296875 0.9765625
 0.2421875 0.5625
 0.2421875 0.5703125
 0.234375 0.5703125
 0.7421875 0.2421875
 0.734375 0.2421875
 0.7421875 0.234375
 0.9453125 0.625
 0.9453125 0.6171875
 0.6484375 0.28125
 0.6484375 0.2890625
 0.640625 0.2890625
 0.4609375 0.171875
 0.4609375 0.1640625
 0.8203125 0.078125
 0.8203125 0.0859375
 0.8125 0.0859375
 0.921875 0.1640625
 0.9296875 0.15625
 0.5859375 0.71875
 0.578125 0.7265625
 0.4375 0.9921875
 0.4296875 1
 0.4296875 0.9921875
 0.7265625 0.0625
 0.7265625 0.0703125
 0.140625 0.1796875
 0.1328125 0.1875
 0.1328125 0.1796875
 0.9453125 0.4140625
 0.9375 0.4140625
 0.515625 0.0078125
 0.5078125 0.015625
 0.5078125 0.0078125
 0.21875 0.9609375
 0.2109375 0.96875
 0.2109375 0.9609375
 0.0625 0.2265625
 0.0546875 0.234375
 0.0546875 0.2265625
 0.9921875 0.375
 0.9921875 0.3828125
 0.984375 0.3828125
 0.4296875 0.703125
 0.4296875 0.6953125
 1 0.1796875
 0.9921875 0.1875
 0.9921875 0.1796875
 0.3359375 0.9921875
 0.328125 0.9921875
 0.765625 0.0078125
 0.7578125 0.015625
 0.7578125 0.0078125
 0.7578125 0.953125
 0.7578125 0.9609375
 0.75 0.9609375
 0.0078125 0.234375
 0 0.2421875
 0.2890625 0.3046875
 0.28125 0.3046875
 0.2890625 0.296875
 0.390625 0.6328125
 0.3828125 0.640625
 0.3828125 0.6328125
 0.78125 0.2578125
 0.7734375 0.265625
 0.7734375 0.2578125
 0.078125 0.8984375
 0.0703125 0.90625
 0.0703125 0.8984375
 0.5703125 0.84375
 0.5703125 0.8515625
 0.5625 0.8515625
 0.296875 0.4609375
 0.2890625 0.46875
 0.2890625 0.4609375
 0.5 0.6015625
 0.3828125 0.578125
 0.3828125 0.5859375
 0.375 0.5859375
 0.984375 0.5546875
 0.9921875 0.546875
 0.1953125 0.59375
 0.1953125 0.6015625
 0.1875 0.6015625
 0.3828125 0.890625
 0.3828125 0.8984375
 0.375 0.8984375
 0.0234375 0.59375
 0.0234375 0.6015625
 0.015625 0.6015625
 0.7421875 0.2265625
 0.7421875 0.21875
 0.8359375 0.4921875
 0.828125 0.4921875
 0.8359375 0.484375
 0.875 0.7265625
 0.8671875 0.734375
 0.8671875 0.7265625
 0.296875 0.4921875
 0.2890625 0.5
 0.2890625 0.4921875
 0.3671875 0.2109375
 0.359375 0.2109375
 0.3671875 0.203125
 0.140625 0.8046875
 0.1328125 0.8125
 0.1328125 0.8046875
 0.1171875 0.296875
 0.1171875 0.2890625
 0.9140625 0.53125
 0.9140625 0.5234375
 0.0390625 0.3984375
 0.03125 0.3984375
 0.5703125 0.8203125
 0.5625 0.8203125
 0.015625 0.2734375
 0.0078125 0.28125
 0.0078125 0.2734375
 0.09375 0.5546875
 0.0859375 0.5625
 0.0859375 0.5546875
 0.9921875 0.0859375
 0.9921875 0.078125
 0.265625 0.6015625
 0.2578125 0.609375
 0.2578125 0.6015625
 0.0546875 0.4921875
 0.046875 0.4921875
 0.0546875 0.484375
 0.3046875 0.8515625
 0.296875 0.8515625
 0.3046875 0.84375
 0.1875 0.1171875
 0.1796875 0.125
 0.1796875 0.1171875
 0.8828125 0.03125
 0.8828125 0.0390625
 0.875 0.0390625
 0.9453125 0.3125
 0.9453125 0.3203125
 0.9375 0.3203125
 0.5859375 0.53125
 0.5859375 0.5390625
 0.578125 0.5390625
 0.7734375 0.5859375
 0.765625 0.5859375
 0.7734375 0.578125
 0 0.4140625
 0.2578125 0.1796875
 0.25 0.1796875
 0.6015625 0.8515625
 0.59375 0.8515625
 0.6015625 0.84375
 0.4453125 0.75
 0.4453125 0.7578125
 0.4765625 0.75
 0.46875 0.7578125
 0.2265625 0.9296875
 0.2265625 0.921875
 0.6171875 0.5703125
 0.609375 0.5703125
 0.8046875 0.703125
 0.8046875 0.6953125
 0.484375 0.7734375
 0.6875 0.7109375
 0.6796875 0.71875
 0.6796875 0.7109375
 0.1640625 0.1328125
 0.15625 0.1328125
 0.0703125 0.234375
 0.0625 0.2421875
 0.84375 0.3046875
 0.8359375 0.3125
 0.8359375 0.3046875
 0.8203125 0.796875
 0.8203125 0.7890625
 0.0625 0.3984375
 0.0546875 0.40625
 0.0546875 0.3984375
 0.78125 0.1328125
 0.7734375 0.140625
 0.7734375 0.1328125
 0.6171875 0.125
 0.6171875 0.1171875
 0.078125 0.6953125
 0.0703125 0.703125
 0.0703125 0.6953125
 0.7890625 0.1640625
 0.78125 0.1640625
 0.7890625 0.15625
 0.9375 0.1328125
 0.9296875 0.140625
 0.9296875 0.1328125
 0.5390625 0.5390625
 0.5390625 0.53125
 0.4765625 0.8046875
 0.46875 0.8046875
 0.4765625 0.796875
 0.265625 0.7421875
 0.2578125 0.75
 0.2578125 0.7421875
 0.6328125 0.453125
 0.625 0.4609375
 0.4765625 0.625
 0.4765625 0.6328125
 0.46875 0.6328125
 0.796875 0.4296875
 0.7890625 0.4375
 0.6484375 0.7421875
 0.640625 0.7421875
 0.5859375 0.203125
 0.453125 0.9921875
 0.4453125 1
 0.4453125 0.9921875
 0.3125 0.0078125
 0.3046875 0.015625
 0.3046875 0.0078125
 0.7734375 0.375
 0.7734375 0.3828125
 0.765625 0.3828125
 0.421875 0.0234375
 0.4140625 0.0234375
 0.8203125 0.296875
 0.8203125 0.3046875
 0.4609375 0.6328125
 0.9921875 0.625
 0.9921875 0.6328125
 0.984375 0.6328125
 0.5390625 0.328125
 0.5390625 0.3359375
 0.53125 0.3359375
 0.9375 0.3359375
 0.9296875 0.34375
 0.9296875 0.3359375
 0.6328125 0.21875
 0.6328125 0.2265625
 0.625 0.2265625
 0.1796875 0.6484375
 0.171875 0.6484375
 0.8984375 0.0390625
 0.890625 0.0390625
 0.5546875 0.3046875
 0.546875 0.3046875
 0.5546875 0.296875
 0.5390625 0.4140625
 0.53125 0.4140625
 0.5390625 0.40625
 0.1875 0.1640625
 0.1796875 0.171875
 0.1796875 0.1640625
 0.5078125 0.078125
 0.5078125 0.0859375
 0.71875 0.6015625
 0.7109375 0.609375
 0.7109375 0.6015625
 0.203125 0.6484375
 0.1953125 0.6484375
 0.859375 0.5234375
 0.8515625 0.53125
 0.8515625 0.5234375
 0.9375 0.7578125
 0.9296875 0.765625
 0.9296875 0.7578125
 0.015625 0.5703125
 0.0078125 0.578125
 0.0078125 0.5703125
 0.171875 0.1796875
 0.1640625 0.1796875
 0.7421875 0.4921875
 0.734375 0.4921875
 0.7421875 0.484375
 0.1796875 0.359375
 0.1796875 0.3515625
 0.6796875 0.25
 0.6796875 0.2578125
 0.671875 0.2578125
 0.125 0.8515625
 0.1171875 0.859375
 0.1171875 0.8515625
 0.8984375 0.3671875
 0.890625 0.3671875
 0.8984375 0.359375
 0.59375 0.6015625
 0.5859375 0.6015625
 0.28125 0.7734375
 0.2734375 0.78125
 0.2734375 0.7734375
 0.0859375 0.0625
 0.0859375 0.0703125
 0.078125 0.0703125
 0.8046875 0.5859375
 0.796875 0.5859375
 0.9609375 0.03125
 0.9609375 0.0390625
 0.953125 0.0390625
 0.3984375 0.0859375
 0.390625 0.0859375
 0.359375 0.4140625
 0.65625 0.2109375
 0.6484375 0.21875
 0.6484375 0.2109375
 0.359375 0.1484375
 0.3671875 0.140625
 0.59375 0.5234375
 0.4453125 0.578125
 0.4453125 0.5859375
 0.4375 0.5859375
 0.4453125 0.765625
 0.4375 0.7734375
 0.1171875 0.3046875
 0.109375 0.3046875
 0.96875 0.0234375
 0.9609375 0.0234375
 0.71875 0.2890625
 0.7109375 0.296875
 0.7109375 0.2890625
 0.7734375 0.09375
 0.7734375 0.0859375
 0.4453125 0.484375
 0.4453125 0.4921875
 0.171875 0.5234375
 0.1640625 0.53125
 0.1640625 0.5234375
 0.6015625 0.3046875
 0.59375 0.3046875
 0.6015625 0.296875
 0.53125 0.1953125
 0.5234375 0.203125
 0.5234375 0.1953125
 0.15625 0.7734375
 0.1484375 0.7734375
 0.3203125 0.8125
 0.3203125 0.8203125
 0.3125 0.8203125
 0.609375 0.3203125
 0.6015625 0.328125
 0.6015625 0.3203125
 0.703125 0.3203125
 0.6953125 0.328125
 0.6953125 0.3203125
 0.171875 0.5390625
 0.1796875 0.53125
 0.1875 0.5546875
 0.1796875 0.5625
 0.1796875 0.5546875
 0.7890625 0.7265625
 0.7890625 0.71875
 0.640625 0.8359375
 0.765625 0.0859375
 0.7578125 0.0859375
 0.2265625 0.796875
 0.2265625 0.7890625
 0.234375 0.7890625
 0.03125 0.8359375
 0.0234375 0.84375
 0.0234375 0.8359375
 0.359375 0.5078125
 0.3515625 0.515625
 0.3515625 0.5078125
 0.1796875 0.6171875
 0.171875 0.6171875
 0.1796875 0.609375
 0.71875 0.0078125
 0.7109375 0.0078125
 0.84375 0.5390625
 0.8359375 0.546875
 0.8359375 0.5390625
 0.421875 0.9609375
 0.4140625 0.9609375
 0.7890625 0.875
 0.7890625 0.8828125
 0.578125 0.9921875
 0.5703125 1
 0.5703125 0.9921875
 0.6328125 0.65625
 0.6328125 0.6640625
 0.625 0.6640625
 0.640625 0.5546875
 0.6328125 0.5625
 0.6328125 0.5546875
 0.9765625 0.3515625
 0.96875 0.3515625
 0.9765625 0.34375
 0.1015625 0.2890625
 0.09375 0.2890625
 0.1015625 0.28125
 0.8515625 0.2265625
 0.84375 0.2265625
 0.7890625 0.4921875
 0.78125 0.4921875
 0.3359375 0.0859375
 0.328125 0.0859375
 0.3359375 0.078125
 0.9375 0.6484375
 0.9296875 0.65625
 0.9296875 0.6484375
 0.7109375 0.4609375
 0.703125 0.4609375
 0.7109375 0.453125
 0.3515625 0.28125
 0.3515625 0.2734375
 0.7578125 0.5390625
 0.75 0.5390625
 0.1171875 0.9765625
 0.109375 0.9765625
 0.1171875 0.96875
 0.671875 0.6328125
 0.6640625 0.640625
 0.6640625 0.6328125
 0.34375 0.5234375
 0.140625 0.5703125
 0.1328125 0.5703125
 0.484375 0.1796875
 0.4921875 0.171875
 0.234375 0.6796875
 0.2265625 0.6875
 0.2265625 0.6796875
 0.1015625 0.7421875
 0.09375 0.7421875
 0.1015625 0.734375
 0.359375 0.0703125
 0.3515625 0.078125
 0.3515625 0.0703125
 0.3046875 0.1796875
 0.3046875 0.171875
 0.28125 0.3203125
 0.2734375 0.328125
 0.2734375 0.3203125
 0.0546875 0.1796875
 0.046875 0.1796875
 0.0546875 0.171875
 0.4609375 0.8984375
 0.453125 0.8984375
 0.4609375 0.890625
 0.5 0.1015625
 0.4921875 0.109375
 0.4921875 0.1015625
 0.4140625 0.0625
 0.4140625 0.0703125
 0.5390625 0.359375
 0.546875 0.3515625
 0.765625 0.4921875
 0.7578125 0.5
 0.7578125 0.4921875
 0.5390625 0.375
 0.5390625 0.3828125
 0.53125 0.3828125
 0.8125 0.0703125
 0.8046875 0.078125
 0.1875 0.2109375
 0.1796875 0.21875
 0.1796875 0.2109375
 0.9296875 0.6015625
 0.9296875 0.59375
 0.8671875 0.6796875
 0.859375 0.6796875
 0.8671875 0.671875
 0.6015625 0
 0.6015625 0.0078125
 0.59375 0.0078125
 0.4921875 0.421875
 0.4921875 0.4140625
 0.734375 0.8828125
 0.7265625 0.890625
 0.7265625 0.8828125
 0.7890625 0.9296875
 0.78125 0.9296875
 0.7890625 0.921875
 0.28125 0.6640625
 0.2890625 0.65625
 0.6953125 0.125
 0.6953125 0.1328125
 0.6875 0.1328125
 0.75 0.1171875
 0.7421875 0.125
 0.7421875 0.1171875
 0.46875 0.3359375
 0.4609375 0.34375
 0.4609375 0.3359375
 0.0625 0.0078125
 0.0546875 0.015625
 0.0546875 0.0078125
 0.7265625 0.3671875
 0.71875 0.3671875
 0.7265625 0.359375
 0.3984375 0.4921875
 0.390625 0.4921875
 0.3984375 0.484375
 0.796875 0.0078125
 0.7890625 0.015625
 0.7890625 0.0078125
 0.9921875 0.9375
 0.9921875 0.9453125
 0.984375 0.9453125
 0.2421875 0.8671875
 0.234375 0.8671875
 0.2421875 0.859375
 0.3828125 0.2890625
 0.375 0.2890625
 1 0.1484375
 0.9921875 0.1484375
 0.484375 0.4453125
 0.4765625 0.453125
 0.4765625 0.4453125
 0.6796875 0.7734375
 0.671875 0.7734375
 0.6796875 0.765625
 0.25 0.8203125
 0.2421875 0.828125
 0.2421875 0.8203125
 0.2109375 0.25
 0.2109375 0.2578125
 0.7578125 0.1875
 0.7578125 0.1953125
 0.75 0.1953125
 0.5703125 0.046875
 0.5703125 0.0546875
 0.5625 0.0546875
 0.3203125 0.875
 0.3125 0.8828125
 0.8046875 0.875
 0.8046875 0.8828125
 0.796875 0.8828125
 0.328125 0.9609375
 0.3359375 0.953125
 0.328125 0.5859375
 0.3203125 0.59375
 0.3203125 0.5859375
 0.2578125 0.015625
 0.2578125 0.0234375
 0.25 0.0234375
 0.0546875 0.515625
 0.0625 0.6171875
 0.9140625 0.828125
 0.9140625 0.8359375
 0.90625 0.8359375
 0.5625 0.2109375
 0.5546875 0.21875
 0.5546875 0.2109375
 0.8984375 0.5078125
 0.890625 0.5078125
 0.9296875 0.078125
 0.9296875 0.0703125
 0.2734375 0.4296875
 0.265625 0.4296875
 0.2734375 0.421875
 0.1328125 0.015625
 0.1328125 0.0234375
 0.125 0.0234375
 0.0078125 0.03125
 0.0078125 0.0234375
 0.78125 0.0234375
 0.7734375 0.03125
 0.7734375 0.0234375
 0.265625 0.4765625
 0.2578125 0.4765625
 0.4921875 0.7265625
 0.484375 0.7265625
 0.4921875 0.71875
 0.734375 0.9296875
 0.7265625 0.9375
 0.7265625 0.9296875
 0.9765625 0.171875
 0.9765625 0.1640625
 0.484375 0.0234375
 0.4921875 0.015625
 0.8359375 0.8125
 0.8359375 0.8046875
 0.1875 0.1015625
 0.1796875 0.109375
 0.0078125 0.640625
 0.0078125 0.6484375
 0 0.6484375
 0.828125 0.1328125
 0.8203125 0.140625
 0.8203125 0.1328125
 0.171875 0.3828125
 0.1640625 0.390625
 0.21875 0.0546875
 0.2109375 0.0625
 0.2109375 0.0546875
 0.734375 0.0234375
 0.7265625 0.03125
 0.7265625 0.0234375
 0.7734375 0.1015625
 0.765625 0.1015625
 0.2578125 0.03125
 0.3984375 0.328125
 0.3671875 0.375
 0.359375 0.3828125
 0.078125 0.8515625
 0.0703125 0.859375
 0.0703125 0.8515625
 0.90625 0.9921875
 0.8984375 1
 0.7578125 0.453125
 0.7578125 0.4609375
 0.75 0.4609375
 0.1171875 0.2421875
 0.109375 0.2421875
 0.1171875 0.234375
 0.21875 0.4921875
 0.2109375 0.5
 0.2109375 0.4921875
 0.0859375 0.3125
 0.0859375 0.3046875
 0.4765625 0.9921875
 0.46875 0.9921875
 0.4765625 0.984375
 0.5703125 0.9375
 0.5703125 0.9453125
 0.5625 0.9453125
 0.46875 0.3671875
 0.4765625 0.359375
 0.8828125 0.890625
 0.8828125 0.8984375
 0.875 0.8984375
 0.7578125 0.609375
 0.7578125 0.6015625
 0.5625 0.8984375
 0.5546875 0.8984375
 0.6640625 0.9921875
 0.65625 0.9921875
 0.6640625 0.984375
 0.1484375 0.4375
 0.1484375 0.4453125
 0.140625 0.4453125
 0.3515625 0.8515625
 0.34375 0.8515625
 0.3515625 0.84375
 0.6328125 0.625
 0.625 0.6328125
 0.5703125 0.96875
 0.5703125 0.9765625
 0.21875 0.8515625
 0.484375 0.9453125
 0.4765625 0.953125
 0.4765625 0.9453125
 0.296875 0.9140625
 0.3046875 0.90625
 0.859375 0.4609375
 0.8515625 0.46875
 0.421875 0.1484375
 0.4140625 0.15625
 0.4140625 0.1484375
 0.1015625 0.015625
 0.1015625 0.0234375
 0.09375 0.0234375
 0.78125 0.3671875
 0.7734375 0.3671875
 0.9375 0.9296875
 0.9296875 0.9375
 0.9296875 0.9296875
 0.8046875 0.4296875
 0.8046875 0.421875
 0.34375 0.4765625
 0.3359375 0.484375
 0.5390625 0.296875
 0.5390625 0.2890625
 0.546875 0.2890625
 0.75 0.4921875
 0.140625 0.1015625
 0.1328125 0.109375
 0.1328125 0.1015625
 0.09375 0.1328125
 0.0859375 0.1328125
 0.3828125 0.9375
 0.3828125 0.9453125
 0.375 0.9453125
 0.7421875 0.1640625
 0.7421875 0.15625
 0.9140625 0.3515625
 0.90625 0.3515625
 0.5234375 0.421875
 0.5234375 0.4140625
 0.9765625 0.640625
 0.9765625 0.6484375
 0.96875 0.6484375
 0.65625 0.7578125
 0.6484375 0.765625
 0.3671875 0.3671875
 0.359375 0.3671875
 0.3671875 0.359375
 0.4140625 0.453125
 0.4140625 0.4609375
 0.40625 0.4609375
 0.7265625 0.6640625
 0.71875 0.6640625
 0.7265625 0.65625
 0.578125 0.9140625
 0.5703125 0.921875
 0.5703125 0.9140625
 0.21875 0.4453125
 0.2109375 0.453125
 0.2109375 0.4453125
 0.3984375 0.25
 0.3984375 0.2578125
 0.078125 0.5546875
 0.0703125 0.5625
 0.0703125 0.5546875
 0.8203125 0.1484375
 0.8125 0.1484375
 0.859375 0.2734375
 0.8515625 0.28125
 0.8515625 0.2734375
 0.2578125 0.203125
 0.2578125 0.2109375
 0.25 0.2109375
 0.15625 0.9765625
 0.1484375 0.984375
 0.1484375 0.9765625
 0.6015625 0.484375
 0.34375 0.3203125
 0.3359375 0.328125
 0.3359375 0.3203125
 0.8125 0.6640625
 0.8046875 0.671875
 0.8046875 0.6640625
 0.2265625 0.0703125
 0.21875 0.0703125
 0.8046875 0.2734375
 0.796875 0.2734375
 0.8046875 0.265625
 0.2890625 0.609375
 0.296875 0.6015625
 0.5703125 0.0625
 0.5703125 0.0703125
 0.5625 0.0703125
 0.0625 0.8515625
 0.0546875 0.8515625
 0.578125 0.7109375
 0.5703125 0.71875
 0.5703125 0.7109375
 0.2109375 0.09375
 0.2109375 0.1015625
 0.203125 0.1015625
 0.8203125 0.46875
 0.8125 0.4765625
 0.328125 0.7421875
 0.3203125 0.75
 0.7734375 0.3984375
 0.765625 0.3984375
 0.7734375 0.390625
 0.84375 0.8515625
 0.8359375 0.859375
 0.8359375 0.8515625
 0.796875 0.3359375
 0.7890625 0.34375
 0.7890625 0.3359375
 0.4921875 0.921875
 0.4921875 0.9140625
 0.796875 0.5078125
 0.7890625 0.515625
 0.7890625 0.5078125
 0.7265625 0.703125
 0.7265625 0.7109375
 0.71875 0.7109375
 0.2890625 0.0625
 0.2890625 0.0703125
 0.28125 0.0703125
 0.1328125 0.2734375
 0.8671875 0.34375
 0.4765625 0.046875
 0.4765625 0.0390625
 0.484375 0.0390625
 0.4921875 0.25
 0.4921875 0.2578125
 0.9296875 0.9453125
 0.921875 0.9453125
 0.2421875 0.875
 0.2421875 0.8828125
 0.234375 0.8828125
 0.3125 0.7265625
 0.3046875 0.7265625
 0.0546875 0.2421875
 0.5078125 0.578125
 0.5078125 0.5859375
 0.65625 0.2265625
 0.6484375 0.234375
 0.6484375 0.2265625
 0.53125 0.4609375
 0.5234375 0.4609375
 0.8203125 0.046875
 0.8203125 0.0546875
 0.8125 0.0546875
 0.109375 0.6484375
 0.1171875 0.640625
 0.4453125 0.9375
 0.4453125 0.9296875
 0.890625 0.9296875
 0.8828125 0.9375
 0.8828125 0.9296875
 0.7734375 0.7421875
 0.765625 0.7421875
 0.9765625 0.984375
 0.9765625 0.9765625
 0.2890625 0.3671875
 0.28125 0.3671875
 0.78125 0.8671875
 0.7734375 0.875
 0.7734375 0.8671875
 0.5859375 0.3984375
 0.578125 0.3984375
 0.5859375 0.390625
 0.328125 0.4453125
 0.3203125 0.453125
 0.0390625 0.140625
 0.0390625 0.1484375
 0.03125 0.1484375
 0.578125 0.4140625
 0.5703125 0.421875
 0.5703125 0.4140625
 0.8984375 0.2421875
 0.8984375 0.234375
 0.625 0.2578125
 0.6171875 0.265625
 0.6171875 0.2578125
 0.75 0.0234375
 0.171875 0.4296875
 0.1640625 0.4375
 0.09375 0.6640625
 0.1015625 0.65625
 0.28125 0.7578125
 0.2734375 0.765625
 0.7578125 0.59375
 0.703125 0.5859375
 0.6953125 0.59375
 0.6953125 0.5859375
 0.0625 0.9609375
 0.0546875 0.96875
 0.46875 0.3515625
 0.4609375 0.359375
 0.4609375 0.3515625
 0.328125 0.9765625
 0.3203125 0.984375
 0.3203125 0.9765625
 0.1171875 0.03125
 0.1171875 0.0234375
 0.6796875 0.3359375
 0.671875 0.3359375
 0.8828125 0.859375
 0.875 0.8671875
 0.5234375 0.75
 0.5234375 0.7578125
 0.515625 0.7578125
 0.90625 0.8671875
 0.9140625 0.859375
 0.0703125 0.9140625
 0.0625 0.9140625
 0.1484375 0.0625
 0.1484375 0.0546875
 0.3359375 0.09375
 0.3359375 0.1015625
 0.328125 0.1015625
 0.1015625 0.2265625
 0.09375 0.2265625
 0.1015625 0.21875
 0.3046875 0.6875
 0.3046875 0.6796875
 0.46875 0.5859375
 0.4609375 0.59375
 0.4609375 0.5859375
 0.96875 0.1484375
 0.9609375 0.1484375
 0.625 0.1640625
 0.6171875 0.171875
 0.6171875 0.1640625
 0.125 0.3046875
 0.1171875 0.3125
 0.03125 0.4140625
 0.0390625 0.40625
 0.6328125 0.4140625
 0.625 0.4140625
 0.703125 0.4296875
 0.6953125 0.4375
 0.09375 0.9140625
 0.0859375 0.921875
 0.0859375 0.9140625
 0.078125 0.0390625
 0.0703125 0.046875
 0.0703125 0.0390625
 0.7265625 0.515625
 0.7265625 0.5234375
 0.5234375 0.5859375
 0.515625 0.5859375
 0.5234375 0.578125
 0.4375 0.9609375
 0.4296875 0.96875
 0.4296875 0.9609375
 0.4296875 0.5390625
 0.421875 0.5390625
 0.4296875 0.53125
 0.2890625 0.375
 0.28125 0.3828125
 0.9609375 0.65625
 0.9609375 0.6640625
 0.953125 0.6640625
 0.9921875 0.2890625
 0.984375 0.2890625
 0.015625 0.6796875
 0.0078125 0.6875
 0.4921875 0.9296875
 0.0859375 0.4609375
 0.0859375 0.453125
 0.3828125 0.78125
 0.375 0.7890625
 0.34375 0.2109375
 0.3359375 0.21875
 0.3359375 0.2109375
 0.8828125 0.46875
 0.8828125 0.4765625
 0.3125 0.5859375
 0.3046875 0.59375
 0.3046875 0.5859375
 0.6875 0.9609375
 0.6796875 0.9609375
 0.1015625 0.9296875
 0.09375 0.9296875
 0.1015625 0.921875
 0.796875 0.9296875
 0.7890625 0.9375
 0.078125 0.9296875
 0.0703125 0.9375
 0.0703125 0.9296875
 0.3671875 0.9453125
 0.359375 0.9453125
 0.1484375 0.1796875
 0.1484375 0.171875
 0.390625 0.0703125
 0.3828125 0.078125
 0.3828125 0.0703125
 0.5546875 0.203125
 0.5546875 0.1953125
 0.78125 0.2109375
 0.7734375 0.21875
 0.7734375 0.2109375
 0.1328125 0.1171875
 0.125 0.1171875
 0.1875 0.3984375
 0.1796875 0.40625
 0.1796875 0.3984375
 0.65625 0.7421875
 0.6640625 0.734375
 0.1875 0.8359375
 0.1796875 0.84375
 0.1796875 0.8359375
 0.515625 0.3671875
 0.5078125 0.375
 0.5078125 0.3671875
 0.6953125 0.015625
 0.6015625 0.1640625
 0.609375 0.1640625
 0.7421875 0.96875
 0.7421875 0.9609375
 0.203125 0.0234375
 0.1953125 0.03125
 0.1953125 0.0234375
 0.6484375 0.09375
 0.6484375 0.1015625
 0.640625 0.1015625
 0.2109375 0.8828125
 0.390625 0.8359375
 0.3828125 0.84375
 0.75 0.4453125
 0.7421875 0.453125
 0.7421875 0.4453125
 0.8515625 0.6796875
 0.7734375 0.8046875
 0.765625 0.8046875
 0.7734375 0.796875
 0.3828125 0.234375
 0.375 0.2421875
 0.6015625 0.6015625
 0.0859375 0.8984375
 0.0859375 0.890625
 0.5703125 0.890625
 0.5703125 0.8828125
 0.984375 0.0546875
 0.9765625 0.0625
 0.9765625 0.0546875
 0.9453125 0.53125
 0.9453125 0.5390625
 0.9375 0.5390625
 0.9765625 0.265625
 0.9765625 0.2734375
 0.96875 0.2734375
 0.828125 0.6484375
 0.8203125 0.65625
 0.8203125 0.6484375
 0.15625 0.8671875
 0.1484375 0.875
 0.1484375 0.8671875
 0.8984375 0.09375
 0.8984375 0.1015625
 0.890625 0.1015625
 0.3125 0.1484375
 0.3046875 0.15625
 0.3046875 0.1484375
 0.3984375 0.9765625
 0.390625 0.9765625
 0.484375 0.8359375
 0.4765625 0.84375
 0.4765625 0.8359375
 0.25 0.3671875
 0.2421875 0.375
 0.2421875 0.3671875
 0.390625 0.1484375
 0.3828125 0.15625
 0.3828125 0.1484375
 0.6015625 0.2265625
 0.609375 0.2265625
 0.6328125 0.234375
 0.6328125 0.2421875
 0.625 0.2421875
 0.8515625 0.9765625
 0.84375 0.9765625
 0.8515625 0.96875
 0.90625 0.1640625
 0.8984375 0.171875
 0.8984375 0.1640625
 0.9609375 0.4296875
 0.953125 0.4296875
 0.9609375 0.421875
 0.8515625 0.4921875
 0.84375 0.4921875
 0.8515625 0.484375
 0.6328125 0.6015625
 0.625 0.6015625
 0.5703125 0.671875
 0.5703125 0.6796875
 0.5625 0.6796875
 0.3671875 0.0546875
 0.3671875 0.046875
 0.7578125 0.8046875
 0.6953125 0.84375
 0.6953125 0.8515625
 0.6875 0.8515625
 0.1484375 0.8359375
 0.140625 0.8359375
 0.4375 0.2265625
 0.4296875 0.234375
 0.4296875 0.2265625
 0.3984375 0.421875
 0.3984375 0.4140625
 0.7265625 0.8046875
 0.7265625 0.796875
 0.84375 0.9140625
 0.8359375 0.9140625
 0.5625 0.2265625
 0.5546875 0.2265625
 0.34375 0.8203125
 0.3359375 0.828125
 0.3359375 0.8203125
 0.2734375 0.7421875
 0.2734375 0.734375
 0.6328125 0.25
 0.5390625 0.9296875
 0.53125 0.9296875
 0.5390625 0.921875
 0.125 0.1640625
 0.1171875 0.171875
 0.1171875 0.1640625
 0.3515625 0.734375
 0.3515625 0.7265625
 0.359375 0.7265625
 0.4765625 0.7265625
 0.8671875 0.5390625
 0.8671875 0.53125
 0.03125 0.1796875
 0.0234375 0.1875
 0.5234375 0.0625
 0.5234375 0.0703125
 0.515625 0.0703125
 0.75 0.3203125
 0.7421875 0.328125
 0.7421875 0.3203125
 0.0703125 0.96875
 0.0703125 0.9765625
 0.0625 0.9765625
 0.1640625 0.4453125
 0.1328125 0.9765625
 0.125 0.9765625
 0.0390625 0.46875
 0.4609375 0.8125
 0.4609375 0.8046875
 0.8828125 0.078125
 0.8828125 0.0859375
 0.875 0.0859375
 0.5390625 0.4375
 0.5390625 0.4453125
 0.53125 0.4453125
 0.8125 0.4921875
 0.8046875 0.5
 0.8046875 0.4921875
 0.078125 0.6015625
 0.0703125 0.609375
 0.0703125 0.6015625
 0.8359375 0.7109375
 0.8359375 0.703125
 0.2265625 0.2890625
 0.21875 0.2890625
 0.2265625 0.28125
 0.3203125 0.96875
 0.5078125 0.25
 0.5078125 0.2578125
 0.5 0.2578125
 0.3515625 0.8046875
 0.34375 0.8046875
 0.3515625 0.796875
 0.6640625 0.765625
 0.6640625 0.7734375
 0.65625 0.7734375
 0.390625 0.1640625
 0.3828125 0.171875
 0.3828125 0.1640625
 0.4609375 0.7109375
 0.453125 0.7109375
 0.4609375 0.703125
 0.59375 0.6640625
 0.5859375 0.671875
 0.5859375 0.6640625
 0.5625 0.1328125
 0.5546875 0.140625
 0.5546875 0.1328125
 0.5390625 0.2578125
 0.96875 0.2890625
 0.9609375 0.296875
 0.9609375 0.2890625
 0.4609375 0.7421875
 0.453125 0.7421875
 0.4609375 0.734375
 0.4765625 0.3515625
 0.5078125 0.140625
 0.5078125 0.1484375
 0.5 0.1484375
 0.8984375 0.3515625
 0.7109375 0.5625
 0.7109375 0.5703125
 0.703125 0.5703125
 0.8359375 0.2734375
 0.828125 0.2734375
 0.8359375 0.265625
 0.375 0.7109375
 0.3671875 0.71875
 0.3671875 0.7109375
 0.2578125 0.109375
 0.2578125 0.1171875
 0.25 0.1171875
 0.203125 0.3046875
 0.1953125 0.3046875
 0.640625 0.0078125
 0.6328125 0.015625
 0.6328125 0.0078125
 0.2734375 0.15625
 0.2734375 0.1640625
 0.703125 0.4765625
 0.6015625 0.734375
 0.609375 0.7265625
 0.09375 0.1953125
 0.0859375 0.203125
 0.0859375 0.1953125
 0.3671875 0
 0.3671875 0.0078125
 0.359375 0.0078125
 0.9921875 0.1953125
 0.984375 0.1953125
 0.390625 0.4609375
 0.3828125 0.46875
 0.3828125 0.4609375
 0.78125 0.1953125
 0.7734375 0.203125
 0.7734375 0.1953125
 0.0078125 0.546875
 0.0078125 0.5546875
 0 0.5546875
 0.265625 0.6796875
 0.2578125 0.6875
 0.2578125 0.6796875
 0.6484375 0.5859375
 0.6484375 0.578125
 0.828125 0.8515625
 0.8203125 0.859375
 0.8203125 0.8515625
 0.625 0.9921875
 0.6171875 1
 0.7265625 0.109375
 0.7265625 0.1015625
 0.734375 0.1015625
 0.1640625 0.25
 0.1640625 0.2578125
 0.15625 0.2578125
 0.6875 0.1953125
 0.6796875 0.203125
 0.6796875 0.1953125
 0.4375 0.7890625
 0.4296875 0.796875
 0.7734375 0.078125
 0.4609375 0.21875
 0.4609375 0.2109375
 0.9140625 0.4609375
 0.90625 0.4609375
 0.8515625 0.375
 0.8515625 0.3671875
 0.1875 0.8984375
 0.1796875 0.90625
 0.078125 0.5703125
 0.0703125 0.5703125
 0.6328125 0.84375
 0.6328125 0.8515625
 0.625 0.8515625
 0.8125 0.3671875
 0.8046875 0.375
 0.8046875 0.3671875
 0.484375 0.6484375
 0.2578125 0.765625
 0.2578125 0.7734375
 0.25 0.7734375
 0.390625 0.5703125
 0.390625 0.8203125
 0.3828125 0.8203125
 0.5234375 0.0234375
 0.515625 0.0234375
 0.5234375 0.015625
 0.9453125 0.3515625
 0.0703125 0.1875
 0.0703125 0.1953125
 0.0625 0.1953125
 0.4296875 0.8515625
 0.421875 0.8515625
 0.4296875 0.84375
 0.6640625 0.515625
 0.6640625 0.5078125
 0.484375 0.1953125
 0.4765625 0.1953125
 0.7734375 0.4296875
 0.765625 0.4296875
 0.7734375 0.421875
 0.28125 0.6953125
 0.2734375 0.703125
 0.9921875 0.6171875
 0.984375 0.6171875
 0.9921875 0.609375
 0.9609375 0.28125
 0.4140625 0.53125
 0.09375 0.2109375
 0.0859375 0.2109375
 0.2109375 0.625
 0.2109375 0.6328125
 0.203125 0.6328125
 0.6015625 0.0546875
 0.2890625 0.921875
 0.2890625 0.9140625
 0.21875 0.0078125
 0.2109375 0.015625
 0.2109375 0.0078125
 0.953125 0.0546875
 0.9609375 0.046875
 0.015625 0.3203125
 0.0078125 0.3203125
 0.90625 0.7734375
 0.8984375 0.78125
 0.3125 0.9921875
 0.3046875 1
 0.3046875 0.9921875
 0.1796875 0.7734375
 0.171875 0.7734375
 0.1796875 0.765625
 0.7578125 0.984375
 0.7578125 0.9765625
 0.328125 0.7265625
 0.3203125 0.7265625
 0.4140625 0.8046875
 0.40625 0.8046875
 0.6328125 0.421875
 0.6328125 0.4296875
 0.625 0.4296875
 0.0625 0.5703125
 0.0546875 0.578125
 0.0546875 0.5703125
 0.390625 0.0078125
 0.3828125 0.015625
 0.3828125 0.0078125
 0.7421875 0.4609375
 0.734375 0.4609375
 0.265625 0.5703125
 0.2578125 0.578125
 0.4921875 0.359375
 0.140625 0.8515625
 0.1328125 0.859375
 0.1328125 0.8515625
 0.9140625 0.515625
 0.90625 0.5234375
 0.0546875 0.9765625
 0.8671875 0.4609375
 0.8671875 0.453125
 0.0859375 0.3984375
 0.078125 0.3984375
 0.8203125 0.5
 0.8203125 0.5078125
 0.8125 0.5078125
 0.8828125 0.703125
 0.875 0.7109375
 0.828125 0.3046875
 0.8359375 0.296875
 0.1015625 0.8125
 0.09375 0.8203125
 0.296875 0.5859375
 0.3046875 0.578125
 0.046875 0.0234375
 0.0390625 0.03125
 0.0390625 0.0234375
 0.859375 0.8984375
 0.8515625 0.90625
 0.453125 0.1015625
 0.4453125 0.109375
 0.4453125 0.1015625
 0.9375 0.4296875
 0.9296875 0.4375
 0.9296875 0.4296875
 0.6875 0.6015625
 0.6796875 0.609375
 0.6796875 0.6015625
 0.703125 0.7890625
 0.6953125 0.796875
 0.6953125 0.7890625
 0.953125 0.4765625
 0.9453125 0.484375
 0.9453125 0.4765625
 0.40625 0.7578125
 0.3984375 0.765625
 0.3984375 0.7578125
 0.296875 0.8671875
 0.2890625 0.875
 0.2890625 0.8671875
 0.5234375 0.6171875
 0.515625 0.6171875
 0.5234375 0.609375
 0.34375 0.9296875
 0.3359375 0.9375
 0.3359375 0.9296875
 0.9765625 0.9375
 0.9765625 0.9296875
 0.6875 0.1484375
 0.6796875 0.15625
 0.6796875 0.1484375
 0.7265625 0.6484375
 0.078125 0.9609375
 0.0703125 0.9609375
 0.8671875 0.25
 0.8671875 0.2578125
 0.859375 0.2578125
 0.859375 0.8515625
 0.515625 0.6796875
 0.5078125 0.6875
 0.5078125 0.6796875
 0.6171875 0.671875
 0.6171875 0.6640625
 0.3125 0.1640625
 0.3046875 0.1640625
 0.9765625 0.203125
 0.5625 0.5234375
 0.5546875 0.53125
 0.5546875 0.5234375
 0.609375 0.5546875
 0.6171875 0.546875
 0.8515625 0.5625
 0.84375 0.5703125
 0.390625 0.9140625
 0.3828125 0.921875
 0.3828125 0.9140625
 0.7265625 0.2890625
 0.7265625 0.28125
 0.015625 0.5390625
 0.0078125 0.5390625
 0.6640625 0.453125
 0.6640625 0.4609375
 0.65625 0.4609375
 0.9609375 0.5
 0.9609375 0.5078125
 0.953125 0.5078125
 0.4609375 0.0625
 0.4609375 0.0703125
 0.640625 0.0703125
 0.6328125 0.078125
 0.8828125 0.625
 0.8828125 0.6171875
 0.390625 0.9453125
 0.3828125 0.953125
 0.7578125 0.421875
 0.7578125 0.4140625
 0.4609375 1
 0.4609375 0.9921875
 0.1953125 0.21875
 0.1953125 0.2265625
 0.1875 0.2265625
 0.8828125 0.171875
 0.6328125 0.875
 0.6328125 0.8828125
 0.625 0.8828125
 0.5234375 0.1875
 0.515625 0.1953125
 0.1328125 0.125
 0.1328125 0.1328125
 0.125 0.1328125
 0.0625 0.3828125
 0.0546875 0.390625
 0.0546875 0.3828125
 0.3828125 0.65625
 0.375 0.6640625
 0.6015625 0.4765625
 0.609375 0.4765625
 0.5234375 0.3359375
 0.0703125 0.28125
 0.0703125 0.2890625
 0.0625 0.2890625
 0.4921875 0.5
 0.4921875 0.5078125
 0.484375 0.5078125
 0.3359375 0.3359375
 0.3828125 0.6796875
 0.375 0.6796875
 0.671875 0.1953125
 0.6640625 0.203125
 0.6640625 0.1953125
 0.1796875 0.234375
 0.1796875 0.2265625
 0.3671875 0.9921875
 0.359375 0.9921875
 0.234375 0.3203125
 0.2265625 0.328125
 0.2265625 0.3203125
 0.328125 0.1171875
 0.3203125 0.1171875
 0.875 0.4609375
 0.8671875 0.46875
 0.3984375 0.71875
 0.3984375 0.7265625
 0.390625 0.7265625
 0.4765625 0.9765625
 0.484375 0.9765625
 0.0390625 0.765625
 0.390625 0.5546875
 0.3828125 0.5546875
 0.8125 0.5859375
 0.8046875 0.59375
 0.0390625 0.375
 0.234375 0.3671875
 0.40625 0.2890625
 0.3984375 0.296875
 0.6796875 0.703125
 0.6953125 0.296875
 0.6875 0.3046875
 0.09375 0.7578125
 0.0859375 0.765625
 0.0859375 0.7578125
 0.6015625 0.375
 0.6015625 0.3828125
 0.59375 0.3828125
 0.0546875 0.0546875
 0.0546875 0.046875
 0.8203125 0.59375
 0.8203125 0.6015625
 0.9140625 0.578125
 0.9140625 0.5859375
 0.90625 0.5859375
 0.5703125 0.015625
 0.5625 0.0234375
 0.8671875 0.078125
 0.8671875 0.0703125
 0.6171875 0.5234375
 0.609375 0.5234375
 0.8828125 0.015625
 0.8828125 0.0234375
 0.875 0.0234375
 0.6015625 0.25
 0.34375 0.7109375
 0.3359375 0.71875
 0.0625 0.4140625
 0.0546875 0.421875
 0.0546875 0.4140625
 0.3515625 0.921875
 0.3515625 0.9140625
 0.359375 0.9140625
 0.96875 0.4140625
 0.515625 0.6484375
 0.5078125 0.6484375
 0.8359375 0.59375
 0.8359375 0.6015625
 0.828125 0.6015625
 0.15625 0.6328125
 0.1484375 0.640625
 0.1484375 0.6328125
 0.4609375 0.0859375
 0.453125 0.0859375
 0.4609375 0.078125
 0.828125 0.5859375
 0.8203125 0.5859375
 0.03125 0.9453125
 0.0234375 0.953125
 0.0234375 0.9453125
 0.3046875 0.8359375
 0.296875 0.8359375
 0.3046875 0.828125
 0.6015625 0.7890625
 0.5078125 0.5234375
 0.5 0.5234375
 0.6875 0.9765625
 0.6796875 0.984375
 0.9296875 0.0234375
 0.921875 0.0234375
 0.9296875 0.015625
 0.125 0.7734375
 0.1171875 0.78125
 0.1171875 0.7734375
 0.9765625 0.9453125
 0.96875 0.9453125
 0.078125 0.4140625
 0.0703125 0.421875
 0.0703125 0.4140625
 0.25 0.3203125
 0.2421875 0.328125
 0.2421875 0.3203125
 0.9296875 0.125
 0.9296875 0.1171875
 0.90625 0.0546875
 0.9140625 0.046875
 0.6015625 0.3125
 0.59375 0.3203125
 0.3203125 0.015625
 0.3203125 0.0234375
 0.3125 0.0234375
 0.484375 0.8984375
 0.4765625 0.90625
 0.4765625 0.8984375
 0.828125 0.1015625
 0.5859375 0.625
 0.5859375 0.6328125
 0.578125 0.6328125
 0.609375 0.7578125
 0.6015625 0.7578125
 0.25 0.9921875
 0.2421875 1
 0.2421875 0.9921875
 0.875 0.3359375
 0.8671875 0.3359375
 0.4140625 0.078125
 0.4140625 0.0859375
 0.40625 0.0859375
 0.3359375 0.7421875
 0.3359375 0.734375
 0.078125 0.9765625
 0.0703125 0.984375
 0.5078125 0.765625
 0.5078125 0.7734375
 0.5 0.7734375
 0.6171875 0.46875
 0.6171875 0.4609375
 0.7890625 0.2734375
 0.6015625 0.9921875
 0.59375 0.9921875
 0.6015625 0.984375
 0.0390625 0.7421875
 0.03125 0.7421875
 0.0390625 0.734375
 0.5703125 0.875
 0.5625 0.8828125
 0.9765625 0.046875
 0.984375 0.0390625
 0.7578125 0.6640625
 0.59375 0.2265625
 0.5859375 0.234375
 0.5859375 0.2265625
 0.3046875 0.7734375
 0.296875 0.7734375
 0.3046875 0.765625
 0.9140625 0.9296875
 0.90625 0.9296875
 0.9140625 0.921875
 0.0546875 0.0390625
 0.0546875 0.03125
 0.25 0.6953125
 0.2421875 0.703125
 0.8828125 0.828125
 0.8828125 0.8359375
 0.53125 0.7890625
 0.5234375 0.796875
 0.5234375 0.7890625
 0.1953125 0.78125
 0.1875 0.7890625
 0.9375 0.8359375
 0.9296875 0.84375
 0.9296875 0.8359375
 0.890625 0.8828125
 0.8828125 0.8828125
 0.3515625 0.1171875
 0.34375 0.1171875
 0.3515625 0.109375
 0.7109375 0.4296875
 0.7109375 0.421875
 0.015625 0.6953125
 0.0078125 0.703125
 0.0078125 0.6953125
 0.4765625 0.5078125
 0.1640625 0.8671875
 0.1640625 0.859375
 0.6171875 0.9609375
 0.609375 0.9609375
 0.6171875 0.953125
 0.0703125 0.484375
 0.0625 0.4921875
 0.6015625 0.1015625
 0.2421875 0.9296875
 0.234375 0.9296875
 0.2421875 0.921875
 0.5546875 0.1875
 0.546875 0.1953125
 0.9453125 0.2109375
 0.015625 0.6484375
 0.0078125 0.65625
 0.4375 0.8515625
 0.4296875 0.859375
 0.0859375 0.546875
 0.9921875 0.5234375
 0.984375 0.5234375
 0.9921875 0.515625
 0.9375 0.2890625
 0.9296875 0.296875
 0.9296875 0.2890625
 0.4140625 0
 0.4140625 0.0078125
 0.203125 0.5859375
 0.1953125 0.5859375
 0.1640625 0.6796875
 0.15625 0.6796875
 0.15625 0.2734375
 0.1484375 0.28125
 0.9296875 0.5390625
 0.921875 0.5390625
 0.328125 0.9140625
 0.3203125 0.921875
 0.3203125 0.9140625
 0.6328125 0.2734375
 0.1875 0.5859375
 0.1796875 0.59375
 0.1796875 0.5859375
 0.625 0.5703125
 0.6171875 0.578125
 0.25 0.6796875
 0.2421875 0.6796875
 0.6015625 0.7109375
 0.375 0.5234375
 0.3671875 0.53125
 0.3671875 0.5234375
 0.34375 0.1953125
 0.3359375 0.203125
 0.3359375 0.1953125
 0.8125 0.2109375
 0.8046875 0.21875
 0.8046875 0.2109375
 0.75 0.3828125
 0.7421875 0.390625
 0.7421875 0.3828125
 0.5703125 0.640625
 0.5703125 0.6484375
 0.5625 0.6484375
 0.3828125 0.359375
 0.3828125 0.3671875
 0.375 0.3671875
 0.40625 0.7890625
 0.4140625 0.78125
 0.640625 0.8515625
 0.6328125 0.859375
 0.6015625 0.6484375
 0.59375 0.6484375
 0.921875 0.5546875
 0.9140625 0.5625
 0.9140625 0.5546875
 0.6328125 0.75
 0.6328125 0.7578125
 0.625 0.7578125
 0.484375 0.8203125
 0.4765625 0.828125
 0.9140625 0.109375
 0.9140625 0.1015625
 0.921875 0.1015625
 0.140625 0.5859375
 0.1328125 0.59375
 0.140625 0.5546875
 0.1328125 0.5625
 0.203125 0.6640625
 0.1953125 0.671875
 0.8125 0.3828125
 0.8046875 0.390625
 0.8046875 0.3828125
 0.140625 0.8828125
 0.1328125 0.8828125
 0.2578125 0.53125
 0.2578125 0.5390625
 0.25 0.5390625
 0.5390625 0.1015625
 0.53125 0.1015625
 0.5390625 0.09375
 0.828125 0.8828125
 0.8203125 0.890625
 0.8203125 0.8828125
 0.515625 0.4140625
 0.5078125 0.421875
 1 0.1171875
 0.9921875 0.125
 0.9921875 0.1171875
 0.7265625 0.296875
 0.7578125 0.296875
 0.7578125 0.3046875
 0.28125 0.4453125
 0.2734375 0.4453125
 0.4921875 0.8046875
 0.484375 0.8046875
 0.4921875 0.796875
 0.359375 0.9296875
 0.3515625 0.9375
 0.3515625 0.9296875
 0.2265625 0.1640625
 0.21875 0.1640625
 0.2265625 0.15625
 0.875 0.8046875
 0.8671875 0.8125
 0.8671875 0.8046875
 0.65625 0.3359375
 0.6484375 0.34375
 0.6484375 0.3359375
 0.7109375 0.8359375
 0.703125 0.8359375
 0.7109375 0.828125
 0.59375 0.2890625
 0.5859375 0.2890625
 0.7421875 0.5234375
 0.734375 0.5234375
 0.6796875 0.1640625
 0.671875 0.1640625
 0.7578125 0.5078125
 0.671875 0.3046875
 0.6640625 0.3125
 0.6640625 0.3046875
 0.421875 0.4609375
 0.4140625 0.46875
 0.171875 0.5546875
 0.2421875 0.84375
 0.2421875 0.8359375
 0.28125 0.2109375
 0.2734375 0.21875
 0.2734375 0.2109375
 0.578125 0.8203125
 0.5703125 0.828125
 0.3984375 0.4609375
 0.3984375 0.453125
 0.515625 0.1484375
 0.5078125 0.15625
 0.9921875 0.5703125
 0.984375 0.5703125
 0.7109375 0
 0.703125 0.0078125
 0.671875 0.3671875
 0.6640625 0.375
 0.6640625 0.3671875
 0.796875 0.8984375
 0.8046875 0.890625
 0.1640625 0.9765625
 0.171875 0.9765625
 0.859375 0.4765625
 0.5234375 0.1796875
 0.5234375 0.171875
 0.96875 0.9609375
 0.9609375 0.96875
 0.9609375 0.9609375
 0.03125 0.8828125
 0.0234375 0.890625
 0.0234375 0.8828125
 0.734375 0.5078125
 0.7265625 0.5078125
 0.25 0.3359375
 0.2421875 0.34375
 0.2421875 0.3359375
 0.7890625 0.9453125
 0.78125 0.9453125
 0.3828125 0.59375
 0.3828125 0.6015625
 0.375 0.6015625
 0.0546875 0.5
 0.3359375 0.4375
 0.3359375 0.4453125
 0.4765625 0.703125
 0.4765625 0.7109375
 0.46875 0.7109375
 0.7421875 0.5625
 0.65625 0.8515625
 0.6484375 0.859375
 0.6484375 0.8515625
 0.1796875 0.9296875
 0.171875 0.9296875
 0.1796875 0.921875
 0.9453125 0.921875
 0.9453125 0.9296875
 0.90625 0.8828125
 0.8984375 0.8828125
 0.2421875 0.5
 0.2421875 0.5078125
 0.7421875 0.1328125
 0.5625 0.3515625
 0.5546875 0.359375
 0.5546875 0.3515625
 0.7578125 0.765625
 0.7578125 0.7734375
 0.75 0.7734375
 0.3046875 0.484375
 0.328125 0.8515625
 0.3203125 0.859375
 0.3203125 0.8515625
 0.7578125 0.90625
 0.7578125 0.9140625
 0.75 0.9140625
 0.453125 0.2109375
 0.21875 0.2109375
 0.2109375 0.21875
 0.5625 0.4296875
 0.5546875 0.4375
 0.5546875 0.4296875
 0.6484375 0.9375
 0.6484375 0.9453125
 0.640625 0.9453125
 0.0078125 0.078125
 0.0078125 0.0859375
 0 0.0859375
 0.59375 0.8828125
 0.5859375 0.890625
 0.609375 0.3984375
 0.6015625 0.40625
 0.6015625 0.3984375
 0.7578125 0.625
 0.53125 0.8671875
 0.5234375 0.875
 0.5234375 0.8671875
 0.7890625 0.3125
 0.7890625 0.3203125
 0.0859375 0.875
 0.0859375 0.8828125
 0.078125 0.8828125
 0.6484375 0.9296875
 0.640625 0.9296875
 0.6484375 0.921875
 0.4765625 0.078125
 0.4765625 0.0859375
 0.46875 0.0859375
 0.953125 0.9140625
 0.9453125 0.9140625
 0.1875 0.8515625
 0.1796875 0.859375
 0.1796875 0.8515625
 0.8203125 0.9375
 0.8203125 0.9453125
 0.8125 0.9453125
 0.2109375 0.1328125
 0.203125 0.1328125
 0.4921875 0.4296875
 0.484375 0.4296875
 0.40625 0.3515625
 0.359375 0.1171875
 0.3515625 0.125
 0.5078125 0.4765625
 0.09375 0.9921875
 0.0859375 1
 0.0859375 0.9921875
 0.1015625 0.5625
 0.1015625 0.5703125
 0.09375 0.5703125
 0.8828125 0.125
 0.8828125 0.1328125
 0.875 0.1328125
 0.875 0.6171875
 0.8671875 0.625
 0.640625 0.9140625
 0.6328125 0.921875
 0.0625 0.0390625
 0.6640625 0.8359375
 0.78125 0.5703125
 0.7734375 0.5703125
 0.25 0.2421875
 0.2421875 0.25
 0.2421875 0.2421875
 0.25 0.6015625
 0.5703125 0.359375
 0.5625 0.3671875
 0.6328125 0.578125
 0.625 0.5859375
 0.53125 0.8359375
 0.5234375 0.84375
 0.5234375 0.8359375
 0.015625 0.7890625
 0.0078125 0.796875
 0.0078125 0.7890625
 0.8984375 0.8046875
 0.890625 0.8046875
 0.8984375 0.796875
 0.515625 0.9296875
 0.5078125 0.9296875
 0.2265625 0.78125
 0.2265625 0.7734375
 0.703125 0.1796875
 0.6953125 0.1875
 0.6953125 0.1796875
 0.3671875 0.5703125
 0.359375 0.5703125
 0.1796875 0.625
 0.875 0.9765625
 0.8671875 0.984375
 0.8671875 0.9765625
 0.328125 0.0234375
 0.3203125 0.03125
 0.84375 0.1796875
 0.8359375 0.1796875
 0.3984375 0.5703125
 0.1484375 0.1484375
 0.140625 0.1484375
 0.1484375 0.140625
 0.078125 0.2890625
 0.0703125 0.296875
 0.828125 0.4140625
 0.8203125 0.421875
 0.8203125 0.4140625
 0.2265625 0.609375
 0.2265625 0.6015625
 0.234375 0.6015625
 0.3359375 0.8125
 0.328125 0.8203125
 0.578125 0.1171875
 0.5703125 0.125
 0.5703125 0.1171875
 0.546875 0.2109375
 0.3515625 0.9453125
 0.34375 0.9453125
 0.4609375 0.1015625
 0.5 0.8046875
 0.4921875 0.8125
 0.84375 0.6640625
 0.8515625 0.65625
 0.7734375 0.7109375
 0.765625 0.7109375
 0.7734375 0.71875
 0.1875 0.7109375
 0.703125 0.8671875
 0.7109375 0.859375
 0.421875 0.3671875
 0.4140625 0.375
 0.7265625 0.5390625
 0.734375 0.5390625
 0.6953125 0.6796875
 0.6875 0.6796875
 0.484375 0.9140625
 0.4921875 0.90625
 0.2734375 0.4765625
 0.8671875 0.375
 0.8671875 0.3828125
 0.859375 0.3828125
 0.8046875 0.0859375
 0.796875 0.0859375
 0.84375 0.6796875
 0.8359375 0.6796875
 0.890625 0.4453125
 0.8828125 0.453125
 0.8828125 0.4453125
 0.3046875 0.8046875
 0.296875 0.8046875
 0.5703125 0.734375
 0.5703125 0.7265625
 0.5390625 0.171875
 0.5390625 0.1640625
 0.7578125 0.4375
 0.7578125 0.4453125
 0.6171875 0.4765625
 0.2421875 0.6015625
 0.2421875 0.59375
 0.1484375 0.7109375
 0.140625 0.7109375
 0.515625 0.4453125
 0.5078125 0.4453125
 0.5546875 0.3984375
 0.546875 0.3984375
 0.5546875 0.390625
 0.3984375 0.1796875
 0.390625 0.1796875
 0.2734375 0.6171875
 0.265625 0.6171875
 0.2734375 0.609375
 0.796875 0.3984375
 0.7890625 0.40625
 0.7890625 0.3984375
 0.8046875 0.984375
 0.0078125 0.0703125
 0 0.0703125
 0.8359375 0.3984375
 0.828125 0.3984375
 0.8359375 0.390625
 0.5859375 0.8984375
 0.578125 0.8984375
 0.0703125 0.0625
 0.0703125 0.0703125
 0.0625 0.0703125
 0.1171875 0.5546875
 0.109375 0.5546875
 0.5390625 0.3203125
 0.2265625 0.046875
 0.125 0.1796875
 0.1171875 0.1875
 0.1171875 0.1796875
 0.9296875 0.421875
 0.9296875 0.4140625
 0.828125 0.3359375
 0.8203125 0.34375
 0.8203125 0.3359375
 0.8671875 0.0546875
 0.859375 0.0546875
 0.8671875 0.046875
 0.8359375 0.1484375
 0.828125 0.1484375
 0.8359375 0.140625
 0.0390625 0.625
 0.0390625 0.6171875
 0.3984375 0.1875
 0.3984375 0.1953125
 0.390625 0.1953125
 0.5234375 0.0546875
 0.515625 0.0546875
 0.5234375 0.046875
 0.296875 0.4453125
 0.2890625 0.453125
 0.2890625 0.4453125
 0.765625 0.9921875
 0.7578125 1
 0.7578125 0.9921875
 0.125 0.0703125
 0.1171875 0.078125
 0.1171875 0.0703125
 0.5390625 0.234375
 0.5390625 0.2265625
 0.546875 0.2265625
 0.2421875 0.4296875
 0.234375 0.4296875
 0.2421875 0.421875
 0.1171875 0.4375
 0.109375 0.4453125
 1 0.8203125
 0.9921875 0.828125
 0.9921875 0.8203125
 0.9609375 0.9296875
 0.953125 0.9296875
 0.6015625 0.7421875
 0.59375 0.7421875
 0.9140625 0.9921875
 0.9140625 0.984375
 0.375 0.1796875
 0.3671875 0.1875
 0.3671875 0.1796875
 0.9609375 0.4375
 0.9609375 0.4453125
 0.84375 0.9453125
 0.8359375 0.9453125
 0.8046875 0.96875
 0.8046875 0.9609375
 0.5859375 0.9609375
 0.578125 0.9609375
 0.5859375 0.953125
 0.796875 0.6640625
 0.8046875 0.65625
 0.2265625 0.125
 0.2265625 0.1171875
 0.6796875 0.921875
 0.6796875 0.9140625
 0.8203125 0.25
 0.8203125 0.2578125
 0.8125 0.2578125
 0.7265625 0.25
 0.7265625 0.2421875
 0.03125 0.9765625
 0.0390625 0.96875
 0.03125 0.4296875
 0.0234375 0.4375
 0.21875 0.3984375
 0.2109375 0.40625
 0.2109375 0.3984375
 0.71875 0.2265625
 0.7109375 0.234375
 0.7109375 0.2265625
 0.21875 0.7890625
 0.9765625 0.3828125
 0.96875 0.3828125
 0.90625 0.5546875
 0.9140625 0.546875
 0.71875 0.1953125
 0.7109375 0.1953125
 0.265625 0.6484375
 0.2578125 0.65625
 0.2578125 0.6484375
 0.3359375 0.625
 0.3359375 0.6328125
 0.328125 0.6328125
 0.6875 0.0703125
 0.6796875 0.078125
 0.6796875 0.0703125
 0.109375 0.3203125
 0.1015625 0.328125
 0.6171875 0.0234375
 0.6171875 0.015625
 0.5859375 0.21875
 0.40625 0.7421875
 0.3984375 0.75
 0.3984375 0.7421875
 0.3984375 0.59375
 0.3984375 0.6015625
 0.390625 0.6015625
 0.71875 0.9609375
 0.7109375 0.96875
 0.7109375 0.9609375
 0.9296875 0.625
 0.9296875 0.6328125
 0.921875 0.6328125
 0.8359375 0.84375
 0.796875 0.4609375
 0.7890625 0.46875
 0.7890625 0.4609375
 0.734375 0.8046875
 0.7265625 0.8125
 0.1015625 0.4296875
 0.09375 0.4296875
 0.1015625 0.421875
 0.40625 0.8671875
 0.3984375 0.875
 0.3984375 0.8671875
 0.46875 0.4453125
 0.4609375 0.453125
 0.0703125 0.828125
 0.0703125 0.8359375
 0.0625 0.8359375
 0.703125 0.6015625
 0.6953125 0.609375
 0.6953125 0.6015625
 0.484375 0.3046875
 0.4765625 0.3125
 0.4765625 0.3046875
 0.1484375 0.0390625
 0.140625 0.0390625
 0.1015625 0.2421875
 0.1015625 0.234375
 0.9765625 0.828125
 0.9765625 0.8359375
 0.4453125 0.828125
 0.4375 0.8359375
 0.328125 0.8359375
 0.3203125 0.84375
 0.3203125 0.8359375
 0.171875 0.1640625
 0.1796875 0.15625
 0.8359375 0.5
 0.984375 0.4296875
 0.9765625 0.4375
 0.3828125 0.53125
 0.3828125 0.5390625
 1 0.1640625
 0.9921875 0.171875
 0.78125 0.8046875
 0.7734375 0.8125
 1 0.9765625
 0.9921875 0.984375
 0.28125 0.8828125
 0.2734375 0.890625
 0.2734375 0.8828125
 0.0234375 0.34375
 0.0234375 0.3515625
 0.015625 0.3515625
 0.5859375 0.2421875
 0.578125 0.2421875
 0.59375 0.8359375
 0.5859375 0.84375
 0.5859375 0.8359375
 0.5703125 0.28125
 0.5703125 0.2734375
 0.421875 0.9921875
 0.140625 0.2109375
 0.1328125 0.21875
 0.1328125 0.2109375
 0.0078125 0.71875
 0.0078125 0.7109375
 0.8984375 0.4296875
 0.890625 0.4296875
 0.8984375 0.421875
 0.609375 0.9453125
 0.6015625 0.953125
 0.6015625 0.9453125
 0.7265625 0.203125
 0.7265625 0.2109375
 0.71875 0.2109375
 0.7578125 0.9453125
 0.2109375 0.640625
 0.875 0.8203125
 0.8671875 0.828125
 0.8671875 0.8203125
 0.015625 0.5859375
 0.0078125 0.59375
 0.0078125 0.5859375
 0.484375 0.1171875
 0.4765625 0.125
 0.4765625 0.1171875
 0.5625 0.8359375
 0.5546875 0.8359375
 0.5546875 0.3671875
 0.546875 0.3671875
 0.5703125 0.2421875
 0.5625 0.2421875
 0.0859375 0.2890625
 0.1875 0.3359375
 0.1796875 0.34375
 0.140625 0.3515625
 0.1328125 0.3515625
 0.1875 0.2734375
 0.1796875 0.28125
 0.1796875 0.2734375
 0.0078125 0.1875
 0.0078125 0.1796875
 0.84375 0.2421875
 0.8515625 0.234375
 0.1484375 0.484375
 0.1484375 0.4765625
 0.9765625 0.4140625
 0.9765625 0.40625
 0.9765625 0.484375
 0.9765625 0.4765625
 0.984375 0.4765625
 1 0.4765625
 0.9921875 0.4765625
 0.3515625 0.0390625
 0.34375 0.0390625
 0.8671875 0.6484375
 0.859375 0.6484375
 0.8671875 0.640625
 0.9453125 0.859375
 0.9453125 0.8671875
 0.9375 0.8671875
 0.5078125 0.1953125
 0.4921875 0.46875
 0.0703125 0
 0.0703125 0.0078125
 0.9140625 0.1640625
 0.3515625 0.421875
 0.3515625 0.4140625
 0.2890625 0.8125
 0.2890625 0.8203125
 0.8515625 0.265625
 0.84375 0.2734375
 0.3203125 0.109375
 0.3125 0.1171875
 0.21875 0.9765625
 0.2109375 0.984375
 0.2109375 0.9765625
 0.2578125 0.9609375
 0.3359375 0.125
 0.3359375 0.1328125
 0.328125 0.1328125
 0.46875 0.9765625
 0.4765625 0.96875
 0.1171875 0.5625
 0.65625 0.5859375
 0.8515625 0.875
 0.8515625 0.8671875
 0.6875 0.2109375
 0.6796875 0.2109375
 0.0546875 0.4765625
 0.046875 0.4765625
 0.9375 0.6796875
 0.9296875 0.6875
 0.9296875 0.6796875
 0.3828125 0.8046875
 0.375 0.8046875
 0.3828125 0.8515625
 0.375 0.8515625
 0.1875 0.8203125
 0.1796875 0.828125
 0.1796875 0.8203125
 0.703125 0.7734375
 0.6953125 0.78125
 0.6953125 0.7734375
 0.546875 0.8359375
 0.5546875 0.828125
 0.34375 0.9140625
 0.3515625 0.90625
 0.09375 0.6953125
 0.0859375 0.703125
 0.0859375 0.6953125
 0.078125 0.5859375
 0.0703125 0.59375
 0.3984375 0.5859375
 0.390625 0.5859375
 0.3984375 0.578125
 0.140625 0.0703125
 0.1328125 0.078125
 0.1328125 0.0703125
 0.6171875 0.1796875
 0.609375 0.1796875
 0.46875 0.6015625
 0.4609375 0.609375
 0.4609375 0.6015625
 0.4453125 0.3125
 0.4453125 0.3203125
 0.4375 0.3203125
 0.859375 0.5078125
 0.8515625 0.515625
 0.8515625 0.5078125
 0.6796875 0.6171875
 0.671875 0.6171875
 0.8359375 0.5859375
 0.3203125 0.828125
 0.9140625 0.9765625
 0.90625 0.9765625
 0.9140625 0.96875
 0.859375 0.8359375
 0.8671875 0.9375
 0.8671875 0.9453125
 0.8515625 0.921875
 0.8515625 0.9140625
 0.859375 0.9140625
 0.6328125 0.765625
 0.609375 0.2734375
 0.6015625 0.28125
 0.6015625 0.2734375
 0.40625 0.6171875
 0.3984375 0.625
 0.3984375 0.6171875
 0.03125 0.6484375
 0.0234375 0.65625
 0.0234375 0.6484375
 0.84375 0.1015625
 0.8359375 0.109375
 0.8359375 0.1015625
 0.1953125 0.96875
 0.1875 0.9765625
 0.0859375 0.03125
 0.234375 0.2421875
 0.2265625 0.25
 0.2265625 0.2421875
 0.53125 0.2890625
 0.5234375 0.296875
 0.5234375 0.2890625
 0.2109375 0.0703125
 0.203125 0.0703125
 0.484375 0.1328125
 0.4765625 0.140625
 0.4765625 0.1328125
 0.2265625 0.578125
 0.2265625 0.5703125
 0.3203125 0.375
 0.3125 0.3828125
 0.3984375 0.5
 0.3984375 0.5078125
 0.390625 0.5078125
 0.1640625 0.328125
 0.1640625 0.3359375
 0.15625 0.3359375
 0.484375 0.3203125
 0.4765625 0.328125
 0.4765625 0.3203125
 0.375 0.6484375
 0.3671875 0.65625
 0.3671875 0.6484375
 0.78125 0.4453125
 0.7734375 0.453125
 0.7734375 0.4453125
 0.8515625 0.6484375
 0.84375 0.6484375
 0.625 0.5390625
 0.6171875 0.5390625
 0.34375 0.0859375
 0.4375 0.8671875
 0.4296875 0.875
 0.4296875 0.8671875
 0.6484375 0.125
 0.6484375 0.1328125
 0.640625 0.1328125
 0.6875 0.9453125
 0.6796875 0.953125
 0.6796875 0.9453125
 0.5859375 0.1796875
 0.578125 0.1796875
 0.5859375 0.171875
 0.3984375 0.8359375
 0.3984375 0.828125
 0.5703125 0.59375
 0.5703125 0.6015625
 0.2890625 0.421875
 0.2890625 0.4140625
 0.5390625 0.75
 0.21875 0.6953125
 0.7109375 0.5390625
 0.703125 0.5390625
 0.3671875 0.6015625
 0.9375 0.7265625
 0.9296875 0.734375
 0.96875 0.5390625
 0.9609375 0.546875
 0.9609375 0.5390625
 0.9765625 0.703125
 0.9765625 0.6953125
 0.9296875 0.1015625
 0.9296875 0.09375
 0.7890625 0.7421875
 0.78125 0.7421875
 0.7890625 0.734375
 0.0078125 0.609375
 0.0078125 0.6015625
 0.1328125 0.25
 0.1328125 0.2578125
 0.125 0.2578125
 0.3046875 0.140625
 0.3046875 0.1328125
 0.4765625 0.4375
 0.703125 0.8046875
 0.7109375 0.796875
 0.6171875 0.0703125
 0.5234375 0.65625
 0.5234375 0.6640625
 0.515625 0.6640625
 0.6796875 0.3515625
 0.671875 0.3515625
 0.6796875 0.34375
 0.796875 0.3671875
 0.7890625 0.375
 0.7890625 0.3671875
 0.34375 0.8671875
 0.3359375 0.875
 0.3359375 0.8671875
 0.84375 0.2890625
 0.546875 0.6796875
 0.5390625 0.6875
 0.5390625 0.6796875
 0.921875 0.9609375
 0.9296875 0.953125
 0.0390625 0.5390625
 0.046875 0.5390625
 0.8515625 0.015625
 0.8515625 0.0234375
 0.84375 0.0234375
 0.3515625 0.1015625
 0.34375 0.1015625
 0.3515625 0.09375
 0.5859375 0.078125
 0.7421875 0.5
 0.8828125 0.0078125
 0.40625 0.9921875
 0.3984375 1
 0.3984375 0.9921875
 0.59375 0.7109375
 0.5859375 0.7109375
 0.2109375 0.8671875
 0.203125 0.8671875
 0.2109375 0.859375
 0.78125 0.8359375
 0.7734375 0.8359375
 0.7734375 0.859375
 0.6328125 0.9375
 0.6328125 0.9296875
 1 0.9453125
 0.9921875 0.953125
 0.3984375 0.5234375
 0.390625 0.5234375
 0.3984375 0.515625
 0.5625 0.5390625
 0.5546875 0.546875
 0.5546875 0.5390625
 0.015625 0.3828125
 0.0078125 0.390625
 0.0078125 0.3828125
 0.59375 0.4140625
 0.5859375 0.421875
 0.5859375 0.4140625
 0.2265625 0.2109375
 0.4765625 0.6015625
 0.4765625 0.59375
 0.6171875 0.6015625
 0.609375 0.6015625
 0.6171875 0.59375
 0.4765625 0.5390625
 0.4765625 0.53125
 0.71875 0.3984375
 0.7109375 0.40625
 0.7109375 0.3984375
 0.1015625 0.2734375
 0.0859375 0
 0.0859375 0.0078125
 0.078125 0.0078125
 0.3515625 0.875
 0.3515625 0.8671875
 0.921875 0.7421875
 0.9140625 0.75
 0.40625 0.8984375
 0.3984375 0.90625
 0.3984375 0.8984375
 0.875 0.4921875
 0.8671875 0.5
 0.8671875 0.4921875
 0.3125 0.9296875
 0.0390625 0.671875
 0.0390625 0.6640625
 0.4296875 0.2109375
 0.421875 0.2109375
 0.4296875 0.203125
 0.3359375 0.1171875
 0.3359375 0.109375
 0.9609375 0.875
 0.9609375 0.8828125
 0.953125 0.8828125
 0.3046875 0.3984375
 0.296875 0.3984375
 0.3046875 0.390625
 0.2265625 0.3671875
 0.21875 0.3671875
 0.2265625 0.359375
 0.734375 0.6953125
 0.7265625 0.6953125
 0.390625 0.3203125
 0.3828125 0.328125
 0.0078125 0.09375
 0 0.1015625
 0.4375 0.5234375
 0.921875 0.2734375
 0.9140625 0.28125
 0.9140625 0.2734375
 0.671875 0.9453125
 0.6015625 0.453125
 0.6015625 0.4609375
 0.6796875 0.875
 0.6796875 0.8828125
 0.671875 0.8828125
 0.3828125 0.3515625
 0.375 0.3515625
 0.453125 0.5546875
 0.34375 0.5078125
 0.7578125 0.84375
 0.7578125 0.8515625
 0.75 0.8515625
 0.828125 0.1796875
 0.8203125 0.1875
 0.8203125 0.1796875
 0.6328125 0.9453125
 0.625 0.9453125
 0.765625 0.9140625
 0.7578125 0.921875
 0.4453125 0.40625
 0.4453125 0.4140625
 0.6484375 0.5625
 0.6484375 0.5703125
 0.640625 0.5703125
 0.7421875 0.9140625
 0.734375 0.9140625
 0.7421875 0.90625
 0.2265625 0.5390625
 0.21875 0.5390625
 0.2265625 0.53125
 0.265625 0.1796875
 0.359375 0.6015625
 0.3671875 0.59375
 0.0390625 0.6484375
 0.046875 0.5078125
 0.0390625 0.515625
 0.0390625 0.5078125
 0.7109375 0.4375
 0.7109375 0.4453125
 0.703125 0.4453125
 0.2734375 0.6796875
 0.6015625 0.75
 0.7265625 0.1484375
 0.71875 0.1484375
 0.1484375 0.3125
 0.1484375 0.3046875
 0.3671875 0.921875
 0.4765625 0.1484375
 0.46875 0.1484375
 0.4609375 0.2421875
 0.453125 0.2421875
 0.4609375 0.234375
 0.6640625 0.109375
 0.671875 0.1015625
 0.9765625 0.2265625
 0.96875 0.2265625
 0.9765625 0.21875
 0.015625 0.5234375
 0.0078125 0.53125
 0.4609375 0.8671875
 0.453125 0.8671875
 0.4609375 0.859375
 0.5390625 0.203125
 0.5390625 0.1953125
 0.890625 0.0859375
 0.8828125 0.09375
 0.3203125 0.484375
 0.4140625 1
 0.4140625 0.9921875
 0.2734375 0.3046875
 0.265625 0.3046875
 0.2734375 0.296875
 0.359375 0.7421875
 0.3515625 0.75
 0.3515625 0.7421875
 0.2109375 0.6640625
 0.734375 0.0703125
 0.7265625 0.078125
 0.125 0.8046875
 0.1171875 0.8046875
 0.578125 0.6015625
 0.5703125 0.609375
 0.9296875 0.9765625
 0.921875 0.9765625
 0.5546875 0.6640625
 0.5546875 0.65625
 0.390625 0.7734375
 0.3828125 0.7734375
 0.6171875 0.75
 0.6171875 0.7578125
 0.515625 0.8515625
 0.5078125 0.859375
 0.5078125 0.8515625
 0.71875 0.5078125
 0.7109375 0.515625
 0.7109375 0.5078125
 0.4296875 0.0625
 0.4296875 0.0546875
 0.0703125 0.8046875
 0.0625 0.8046875
 0.2265625 0.4921875
 0.2265625 0.484375
 0.3125 0.3984375
 0.8203125 0.703125
 0.59375 0.5703125
 0.5859375 0.578125
 0.5859375 0.5703125
 0.9375 0.6015625
 0.4765625 0.6796875
 0.46875 0.6796875
 0.4765625 0.671875
 0.5078125 0.546875
 0.5078125 0.5546875
 0.5 0.5546875
 0.296875 0.3359375
 0.2890625 0.34375
 0.6640625 0.953125
 0.6640625 0.9609375
 0.65625 0.9609375
 0.703125 0.5234375
 0.6953125 0.53125
 0.6953125 0.5234375
 0.1640625 0.171875
 0.1640625 0.1640625
 0.1796875 0.75
 0.1796875 0.7578125
 0.171875 0.2578125
 0.1640625 0.265625
 0.765625 0.4453125
 0.875 0.2578125
 0.8671875 0.265625
 0.5234375 0.7109375
 0.515625 0.7109375
 0.5234375 0.703125
 0.8828125 0.65625
 0.8828125 0.6640625
 0.875 0.6640625
 0.4453125 0.515625
 0.4453125 0.5234375
 0.3359375 0.8359375
 0.703125 0.8828125
 0.6953125 0.8828125
 0.4921875 0.1640625
 0.4921875 0.15625
 0.7109375 0.4921875
 0.703125 0.4921875
 0.7109375 0.484375
 0.2109375 0.6875
 0.2109375 0.6953125
 0.5703125 0.078125
 0.5625 0.0859375
 0.015625 0.7265625
 0.0078125 0.7265625
 0.8125 0.2421875
 0.8046875 0.25
 0.8046875 0.2421875
 0.0234375 0.8515625
 0.015625 0.8515625
 0.2109375 0.171875
 0.828125 0.2421875
 0.8203125 0.2421875
 0.0390625 0.5
 0.03125 0.5078125
 0.4609375 0.78125
 0.4609375 0.7890625
 0.453125 0.7890625
 0.234375 0.0234375
 0.2265625 0.03125
 0.2265625 0.0234375
 0.578125 0.7421875
 0.5703125 0.75
 0.5703125 0.7421875
 0.4765625 0.03125
 0.4765625 0.0234375
 0.1171875 0.671875
 0.09375 0.1171875
 0.0859375 0.125
 0.0859375 0.1171875
 0.421875 0.0703125
 0.6875 0.6171875
 0.6796875 0.625
 0.890625 0.9453125
 0.8828125 0.953125
 0.8828125 0.9453125
 0.234375 0.2890625
 0.0234375 0
 0.0234375 0.0078125
 0.8671875 0.4140625
 0.8671875 0.40625
 0.3359375 0.1875
 0.890625 0.2734375
 0.8828125 0.28125
 0.8828125 0.2734375
 0.7265625 0.5625
 0.2421875 0.3046875
 0.234375 0.3046875
 0.2421875 0.296875
 0.328125 0.2890625
 0.3203125 0.296875
 0.3203125 0.2890625
 0.953125 0.5390625
 0.9453125 0.546875
 0.4609375 0.625
 0.8046875 0.6484375
 0.796875 0.6484375
 0.8046875 0.640625
 0.4453125 0.984375
 0.421875 0.4453125
 0.4140625 0.4453125
 0.0234375 0.6328125
 0.015625 0.6328125
 0.53125 0.1796875
 0.5390625 0.6171875
 0.53125 0.6171875
 0.5390625 0.609375
 0.5078125 0.671875
 0.28125 0.4921875
 0.2890625 0.484375
 0.4765625 0.609375
 0.421875 0.4921875
 0.4140625 0.5
 0.4140625 0.4921875
 0.546875 0.9765625
 0.5546875 0.96875
 0.171875 0.3515625
 0.625 0.1953125
 0.6171875 0.1953125
 0.9453125 0.75
 0.9453125 0.7421875
 0.6015625 0.96875
 0.6015625 0.9609375
 0.9453125 0.90625
 0.9375 0.9140625
 0.15625 0.8359375
 0.1484375 0.84375
 0.109375 0.7734375
 0.1015625 0.78125
 0.1015625 0.7734375
 0.03125 0.6328125
 0.0234375 0.640625
 0.5625 0.7734375
 0.5546875 0.78125
 0.5546875 0.7734375
 0.796875 0.0234375
 0.640625 0.0390625
 0.6328125 0.046875
 0.6328125 0.0390625
 0.7265625 0.3046875
 0.609375 0.8046875
 0.46875 0.3828125
 0.7734375 0.75
 0.765625 0.7578125
 0.9140625 0.0390625
 0.90625 0.0390625
 0.9140625 0.03125
 0.6015625 0.6796875
 0.59375 0.6796875
 0.0078125 0.9609375
 0 0.9609375
 0.0234375 0.3984375
 0.9296875 0.0625
 0.6484375 0.0546875
 0.640625 0.0546875
 0.6484375 0.046875
 0.234375 0.1796875
 0.2265625 0.1875
 0.2265625 0.1796875
 0.4765625 0.015625
 0.46875 0.0234375
 0.453125 0.3515625
 0.4453125 0.359375
 0.4453125 0.3515625
 0.578125 0.3828125
 0.5703125 0.3828125
 0.3828125 0.0859375
 0.59375 0.1640625
 0.5859375 0.1640625
 0.3828125 0.515625
 0.3828125 0.5234375
 0.375 0.0078125
 0.3671875 0.015625
 0.078125 0.5234375
 0.0703125 0.53125
 0.2734375 0.9921875
 0.265625 0.9921875
 0.2734375 0.984375
 0.796875 0.6171875
 0.7890625 0.625
 0.7890625 0.6171875
 0.7578125 0.234375
 0.7578125 0.2421875
 0.75 0.2421875
 0.2578125 0.953125
 0.25 0.9609375
 0.046875 0.7109375
 0.0390625 0.71875
 0.0390625 0.7109375
 0.734375 0.8984375
 0.7265625 0.90625
 0.7265625 0.8984375
 0.4609375 0.8828125
 0.6171875 0.921875
 0.2265625 0.1484375
 0.921875 0.8984375
 0.9140625 0.90625
 0.9140625 0.8984375
 0.5390625 0.6015625
 0.546875 0.6015625
 1 0.7734375
 0.9921875 0.78125
 0.7734375 0.34375
 0.7734375 0.3515625
 0.765625 0.3515625
 0.8828125 0.4375
 0.875 0.4453125
 0.9453125 0.578125
 0.9453125 0.5703125
 0.0390625 0.875
 0.0390625 0.8828125
 0.0234375 0.2421875
 0.0234375 0.234375
 0.3515625 0.6171875
 0.34375 0.6171875
 0.3515625 0.609375
 0.8828125 0.046875
 0.875 0.0546875
 0.5078125 0.59375
 0.8046875 0
 0.6171875 0.3359375
 0.609375 0.3359375
 0.6171875 0.328125
 0.0234375 0.78125
 0.1796875 0.3671875
 0.53125 0.0078125
 0.5234375 0.0078125
 0.6640625 0.625
 0.6640625 0.6171875
 0.515625 0.3046875
 0.5078125 0.3125
 0.5078125 0.3046875
 0.2890625 0
 0.28125 0.0078125
 0.6875 0.5078125
 0.6796875 0.515625
 0.2265625 0.4296875
 0.2265625 0.421875
 0.2578125 0.1015625
 0.6640625 0.7265625
 0.671875 0.7265625
 0.2109375 0.8046875
 0.203125 0.8046875
 0.2109375 0.796875
 0.515625 0.3203125
 0.5078125 0.328125
 0.5078125 0.3203125
 0.5 0.4453125
 0.4921875 0.4453125
 0.5859375 0.9921875
 0.4609375 0.390625
 0.4609375 0.3828125
 0.890625 0.2109375
 0.8828125 0.2109375
 0.90625 0.4765625
 0.8984375 0.4765625
 0.1171875 0.5703125
 0.109375 0.5703125
 0.5859375 0.5859375
 0.578125 0.5859375
 0.4375 0.8984375
 0.4296875 0.90625
 0.4296875 0.8984375
 0.8203125 0.6640625
 0.265625 0.2109375
 0.2734375 0.203125
 0.0234375 0.4140625
 0.96875 0.9921875
 0.75 0.4140625
 0.7421875 0.421875
 0.7421875 0.4140625
 0.28125 0.5546875
 0.2734375 0.5625
 0.2734375 0.5546875
 0.1875 0.9140625
 0.1796875 0.9140625
 0.9453125 0.9375
 0.7578125 0.78125
 0.75 0.7890625
 0.375 0.0234375
 0.3671875 0.03125
 0.3671875 0.0234375
 0.9765625 0.109375
 0.9765625 0.1015625
 0.7734375 0.171875
 0.7734375 0.1640625
 0.2265625 0.4140625
 0.21875 0.4140625
 0.2265625 0.40625
 0.3671875 0.7421875
 0.3671875 0.734375
 0.59375 0.4453125
 0.5859375 0.453125
 0.5859375 0.4453125
 0.0703125 0.734375
 0.0625 0.7421875
 0.1796875 0.1796875
 0.1328125 0.171875
 0.8046875 0.2578125
 0.3515625 0
 0.3515625 0.0078125
 0.34375 0.0078125
 0.125 0.4609375
 0.1171875 0.46875
 0.390625 0.8671875
 0.3828125 0.875
 0.3828125 0.8671875
 0.7265625 0.984375
 0.734375 0.9765625
 0.03125 0.2265625
 0.0234375 0.2265625
 0.9765625 0.3125
 0.9765625 0.3203125
 0.96875 0.3203125
 0.9296875 0.1484375
 0.7265625 0.7421875
 0.71875 0.7421875
 0.7265625 0.734375
 0.9296875 0.890625
 0.5390625 0.390625
 0.921875 0.1328125
 0.9140625 0.140625
 0.9140625 0.1328125
 0.2890625 0.4765625
 0.296875 0.4765625
 0.75 0.1640625
 0.7890625 0.359375
 0.7890625 0.3515625
 0.796875 0.3515625
 0.4140625 0.734375
 0.34375 0.8828125
 0.453125 0.3359375
 0.4453125 0.34375
 0.4453125 0.3359375
 0.671875 0.3203125
 0.6640625 0.328125
 0.6640625 0.3203125
 0.40625 0.1328125
 0.3984375 0.140625
 0.3984375 0.1328125
 0.2265625 0.3515625
 0.21875 0.3515625
 0.2265625 0.34375
 0.84375 0.3828125
 0.3046875 0.6484375
 0.296875 0.6484375
 0.3046875 0.640625
 0.6015625 0.2890625
 0.609375 0.2890625
 0.4296875 0.328125
 0.4296875 0.3203125
 0.671875 0.8984375
 0.2421875 0.5859375
 0.234375 0.5859375
 0.2421875 0.578125
 0.6328125 0.703125
 0.625 0.7109375
 0.296875 0.9609375
 0.3046875 0.953125
 0.8515625 0.9921875
 0.84375 0.9921875
 0.8515625 0.984375
 0.8203125 0.171875
 0.8125 0.1796875
 0.8515625 0.8828125
 0.84375 0.8828125
 0.375 0.2265625
 0.3671875 0.234375
 0.3671875 0.2265625
 0.53125 0.2421875
 0.2421875 0.1875
 0.2421875 0.1796875
 0.3359375 0.9140625
 0.359375 0.8203125
 0.3515625 0.8203125
 0.9921875 0.875
 0.9921875 0.8828125
 0.984375 0.8828125
 0.0078125 0.34375
 0.0859375 0.3203125
 0.8984375 0.2890625
 0.890625 0.2890625
 0.5234375 0.6796875
 0.5234375 0.671875
 0.0546875 0.8046875
 0.0546875 0.796875
 0.5078125 0.6953125
 0.5 0.6953125
 0.1484375 0.5625
 0.1484375 0.5703125
 0.3984375 0.2421875
 0.3828125 0.9296875
 0.609375 0.6796875
 0.6015625 0.6875
 0.6640625 0.171875
 0.6640625 0.1640625
 0.4140625 0.7265625
 0.40625 0.7265625
 0.4140625 0.71875
 0.8515625 0.8515625
 0.8515625 0.84375
 0.4609375 0.75
 0.4609375 0.7578125
 0.453125 0.7578125
 0.7421875 0.3359375
 0.5546875 0.5078125
 0.546875 0.5078125
 0.9453125 0.8984375
 0.9296875 0.0859375
 0.921875 0.0859375
 0.1484375 0.96875
 0.140625 0.9765625
 0.7578125 0.96875
 0.75 0.9765625
 0.6640625 0.7578125
 0.4921875 0.1484375
 0.984375 0.5859375
 0.9765625 0.59375
 0.9765625 0.5859375
 0.5078125 0.96875
 0.5078125 0.9765625
 0.328125 0.3046875
 0.3203125 0.3125
 0.3203125 0.3046875
 0.1328125 0.453125
 0.1328125 0.4609375
 0.09375 0.7890625
 0.3515625 0.453125
 0.34375 0.4609375
 0.0078125 0.8046875
 0 0.8046875
 0.2578125 0.796875
 0.2578125 0.8046875
 0.25 0.8046875
 0.7890625 0.7890625
 0.78125 0.7890625
 0.9921875 0
 0.9921875 0.0078125
 0.671875 0.8046875
 0.6796875 0.796875
 0.6015625 0.4296875
 0.59375 0.4296875
 0.6015625 0.421875
 0.4765625 0.234375
 0.4765625 0.2265625
 0.484375 0.2265625
 0.71875 0.3828125
 0.7109375 0.390625
 0.7109375 0.3828125
 0.6875 0.5390625
 0.6796875 0.546875
 0.6796875 0.5390625
 0.8359375 0.671875
 0.8359375 0.6640625
 0.3203125 0.171875
 0.3203125 0.1796875
 0.3125 0.1796875
 0.0390625 0.3125
 0.03125 0.3203125
 0.4765625 0.546875
 0.6640625 0.78125
 0.171875 0.4609375
 0.84375 0.1484375
 0.8359375 0.15625
 0.3671875 0.6796875
 0.3671875 0.671875
 0.984375 0.8984375
 0.9765625 0.90625
 0.9765625 0.8984375
 0.4375 0.6171875
 0.4296875 0.625
 0.4296875 0.6171875
 0.4140625 0.265625
 0.4140625 0.2734375
 0.40625 0.2734375
 0.609375 0.5078125
 0.6015625 0.515625
 0.6015625 0.5078125
 0.171875 0.8359375
 0.6875 0.7265625
 0.6796875 0.7265625
 0.3984375 0.375
 0.9609375 0.59375
 0.9609375 0.6015625
 0.953125 0.6015625
 0.2734375 0.71875
 0.2734375 0.7265625
 0.265625 0.7265625
 0.828125 0.3671875
 0.8203125 0.375
 0.8203125 0.3671875
 0.3359375 0.3984375
 0.328125 0.3984375
 0.46875 0.1328125
 0.4609375 0.140625
 0.4609375 0.1328125
 0.3515625 0.3125
 0.3515625 0.3203125
 0.4140625 0.859375
 0.4140625 0.8515625
 0.9921875 0.1328125
 0.984375 0.1328125
 0.265625 0.2265625
 0.2578125 0.234375
 0.2578125 0.2265625
 0.3203125 0
 0.3203125 0.0078125
 0.65625 0.3046875
 0.6953125 0.4453125
 0.6796875 0.125
 0.6796875 0.1328125
 0.7890625 0.4140625
 0.78125 0.4140625
 0.296875 0.0703125
 0.2890625 0.078125
 0.3359375 0.4609375
 0.4296875 0.7265625
 0.421875 0.7265625
 0.4296875 0.71875
 0.5703125 0.40625
 0.5625 0.4140625
 0.7890625 0.0390625
 0.7890625 0.03125
 0.5859375 0.75
 0.5859375 0.7421875
 0.7734375 0
 0.7734375 0.0078125
 0.3359375 0.2421875
 0.328125 0.2421875
 0.3359375 0.234375
 0.5234375 0.3046875
 0.15625 0.1015625
 0.1484375 0.1015625
 0.25 0.5859375
 0.453125 0.0078125
 0.4453125 0.015625
 0.4453125 0.0078125
 0.5078125 0.359375
 0.3125 0.6484375
 0.3046875 0.65625
 0.4453125 0.921875
 0.4375 0.9296875
 0.7265625 0.390625
 0.7265625 0.3984375
 0.875 0.1953125
 0.8671875 0.203125
 0.8671875 0.1953125
 0.7265625 0.265625
 0.7265625 0.2578125
 0.0546875 0.3046875
 0.046875 0.3046875
 0.0546875 0.296875
 0.1328125 0.875
 0.125 0.8828125
 0.3203125 0.578125
 0.2890625 0.8046875
 0.28125 0.8046875
 0.2890625 0.796875
 0.265625 0.0546875
 0.2578125 0.0625
 0.2578125 0.0546875
 0.8984375 0.59375
 0.8984375 0.6015625
 0.890625 0.6015625
 0.203125 0.2734375
 0.1953125 0.2734375
 0.7734375 0.7734375
 0.765625 0.7734375
 0.1484375 1
 0.1484375 0.9921875
 0.1796875 0.0859375
 0.171875 0.0859375
 0.34375 0.7421875
 0.0703125 0.2265625
 0.0234375 0.1484375
 0.0234375 0.140625
 0.75 0.6484375
 0.7421875 0.65625
 0.875 0.6484375
 0.8671875 0.65625
 0.9140625 0.46875
 0.6015625 0.859375
 0.609375 0.8515625
 0.65625 0.3828125
 0.265625 0.6328125
 0.2578125 0.640625
 0.2578125 0.6328125
 0.3359375 0.9453125
 0.625 0.0234375
 0.6171875 0.03125
 0.640625 0.9921875
 0.6328125 1
 0.6328125 0.9921875
 0.9765625 0.0703125
 0.96875 0.0703125
 0.6953125 0.984375
 0.6953125 0.9921875
 0.6875 0.9921875
 0.4765625 0.1875
 0.4765625 0.1796875
 0.7890625 0.6328125
 0.78125 0.6328125
 0.5390625 0.8671875
 0.5390625 0.859375
 0.4921875 0.9375
 0.4921875 0.9453125
 0.5390625 0.8515625
 0.4140625 0.1015625
 0.390625 0.4765625
 0.3828125 0.484375
 0.3828125 0.4765625
 0.0234375 0.9375
 0.0390625 0
 0.03125 0.0078125
 0.3671875 0.1015625
 0.359375 0.1015625
 0.1640625 0.6015625
 0.171875 0.6015625
 0.2421875 0.3828125
 0.234375 0.3828125
 0.515625 0.8359375
 0.5078125 0.84375
 0.5078125 0.8359375
 0.1015625 0.6015625
 0.09375 0.6015625
 0.1015625 0.59375
 0.4296875 0.3125
 0.4296875 0.3046875
 0.203125 0.9296875
 0.1953125 0.9375
 0.1953125 0.9296875
 0.8984375 0.90625
 0.8984375 0.9140625
 0.890625 0.9140625
 0.1875 0.0546875
 0.1796875 0.0625
 0.1796875 0.0546875
 0.1953125 0.09375
 0.1953125 0.1015625
 0.1171875 0.3515625
 0.109375 0.3515625
 0.1171875 0.34375
 0.1953125 0.015625
 0.9921875 0.6015625
 0.984375 0.6015625
 0.9921875 0.59375
 0.453125 0.1796875
 0.4453125 0.1875
 0.4453125 0.1796875
 0.1875 0.6953125
 0.890625 0.7265625
 0.8828125 0.734375
 0.8828125 0.7265625
 0.09375 0.2578125
 0.0859375 0.265625
 0.0703125 0.7578125
 0.0625 0.7578125
 0.6796875 1
 0.6796875 0.9921875
 0.984375 0.3046875
 0.9921875 0.296875
 0.7109375 0.71875
 0.828125 0.2578125
 0.125 0.2109375
 0.1171875 0.21875
 0.1171875 0.2109375
 0.015625 0.4765625
 0.0078125 0.484375
 0.0078125 0.4765625
 0.0703125 0.5390625
 0.0625 0.5390625
 0.453125 0.5078125
 0.4453125 0.5078125
 0.203125 0.6171875
 0.1953125 0.625
 0.6953125 0.515625
 0.2265625 0.5625
 0.21875 0.5703125
 0.6015625 0.9140625
 0.59375 0.9140625
 0.9140625 0.421875
 0.9140625 0.4140625
 0.921875 0.4140625
 0.8359375 0.03125
 0.9921875 0.8671875
 0.9921875 0.859375
 0.8671875 0.9296875
 0.859375 0.9296875
 0.8671875 0.921875
 0.484375 0.3515625
 0.5078125 0.4375
 0.3125 0.2890625
 0.2734375 0.4375
 0.265625 0.4453125
 0.25 0.5078125
 0.2421875 0.515625
 0.2734375 0.1484375
 0.265625 0.1484375
 0.2734375 0.140625
 0.59375 0.2578125
 0.5859375 0.2578125
 0.65625 0.5546875
 0.6484375 0.5546875
 0.796875 0.6015625
 0.359375 0.7734375
 0.3515625 0.7734375
 0.109375 0.0234375
 0.1015625 0.03125
 0.6484375 0.609375
 0.6484375 0.6015625
 0.015625 0.9609375
 0.0078125 0.96875
 0.3984375 0.609375
 0.5 0.3515625
 0.4921875 0.3515625
 0.3046875 0.296875
 0.3046875 0.2890625
 0.6484375 0.9140625
 0.484375 0.4140625
 0.4921875 0.40625
 0.8671875 0.2109375
 0.2890625 0.78125
 0.2890625 0.7734375
 0.8203125 0.3125
 0.8203125 0.3203125
 0.8125 0.3203125
 0.6796875 0.1015625
 0.6796875 0.09375
 0.609375 0.1171875
 0.6171875 0.109375
 0.6953125 0.7421875
 0.296875 0.0234375
 0.2890625 0.03125
 0.2890625 0.0234375
 0.5390625 0.9140625
 0.6640625 0.9375
 0.6640625 0.9453125
 0.65625 0.9453125
 0.4453125 0.0234375
 0.8125 0.1640625
 0.8046875 0.171875
 0.4453125 0.1171875
 0.4375 0.1171875
 0.5234375 0.1640625
 0.90625 0.1171875
 0.8984375 0.125
 0.7734375 0.7890625
 0.3125 0.4296875
 0.3046875 0.4375
 0.3046875 0.4296875
 0.1640625 0.4921875
 0.15625 0.4921875
 0.1640625 0.484375
 0.8125 0.5234375
 0.8046875 0.53125
 0.8046875 0.5234375
 0.7734375 0.9921875
 0.7734375 0.984375
 0.359375 0.5234375
 0.3515625 0.5234375
 0.9453125 0.34375
 0.9375 0.3515625
 0.234375 0.2734375
 0.546875 0.4921875
 0.5390625 0.5
 0.5390625 0.4921875
 0.8984375 0.9296875
 0.8984375 0.921875
 0.578125 0.6953125
 0.5703125 0.703125
 0.5703125 0.6953125
 0.4140625 0.140625
 0.40625 0.1484375
 0.765625 0.8359375
 0.7734375 0.828125
 0.625 0.1328125
 0.6171875 0.140625
 0.6171875 0.1328125
 0.5234375 0.2421875
 0.515625 0.2421875
 0.140625 0.7265625
 0.1328125 0.734375
 0.7421875 0.46875
 0.28125 0.9921875
 0.2734375 1
 0.8515625 0.7421875
 0.84375 0.7421875
 0.8515625 0.734375
 0.015625 0.8984375
 0.7890625 0.890625
 0.7890625 0.8984375
 0.78125 0.8984375
 0.375 0.1640625
 0.015625 0.3671875
 0.0078125 0.375
 0.0078125 0.3671875
 0.8046875 0.8046875
 0.796875 0.8046875
 0.8046875 0.796875
 0.875 0.6328125
 0.8671875 0.6328125
 0.53125 0.3203125
 0.5234375 0.328125
 0.5234375 0.3203125
 0.890625 0.4140625
 0.8828125 0.421875
 0.8828125 0.4140625
 0.75 0.2890625
 0.7421875 0.296875
 0.03125 0.6015625
 0.0234375 0.609375
 0.265625 0.3828125
 0.2578125 0.390625
 0.2578125 0.3828125
 0.203125 0.4453125
 0.1953125 0.453125
 0.1953125 0.4453125
 0.3359375 0.5703125
 0.328125 0.5703125
 0.53125 0.4921875
 0.5390625 0.484375
 0.7421875 0.6171875
 0.1640625 0.5546875
 0.828125 0.7734375
 0.8203125 0.78125
 0.8203125 0.7734375
 0.0078125 0.9765625
 0 0.9765625
 0.515625 0.5234375
 0.9296875 0.7109375
 0.9296875 0.703125
 0.5 0.5078125
 0.5546875 0.5859375
 0.546875 0.5859375
 0.5546875 0.578125
 0.875 0.5859375
 0.8671875 0.59375
 0.8671875 0.5859375
 0.734375 0.6796875
 0.7421875 0.671875
 0.4453125 0.734375
 0.4453125 0.7421875
 0.4375 0.7421875
 0.7265625 0.609375
 0.484375 0.2734375
 0.4765625 0.28125
 0.4765625 0.2734375
 0.5859375 0.90625
 0.5859375 0.9140625
 0.5390625 0.578125
 0.5390625 0.5859375
 0.53125 0.5859375
 0.8046875 0.5078125
 0.609375 0.3046875
 0.5703125 0.484375
 0.5703125 0.4921875
 0.4921875 0.7421875
 0.484375 0.7421875
 0.4921875 0.734375
 0.046875 0.4296875
 0.5859375 0.6484375
 0.578125 0.6484375
 0.5859375 0.640625
 0.5546875 0.0625
 0.5546875 0.0703125
 0.359375 0.4453125
 0.4765625 0.9609375
 0.46875 0.9609375
 0.953125 0.1484375
 0.9453125 0.15625
 0.1015625 0.109375
 0.3203125 0.3984375
 0.703125 0.9609375
 0.7109375 0.953125
 0.4296875 0.0703125
 0.921875 0.8515625
 0.1328125 0.984375
 0.890625 0.3515625
 0.8828125 0.359375
 0.8828125 0.3515625
 0.3671875 0.7734375
 0.3671875 0.765625
 0.265625 0.8515625
 0.2578125 0.8515625
 0.625 0.1015625
 0.6171875 0.1015625
 0.8828125 0.796875
 0.8828125 0.8046875
 0.9140625 0.953125
 0.9140625 0.9609375
 0.90625 0.9609375
 0.9140625 0.1875
 0.9140625 0.1953125
 0.90625 0.1953125
 0.9296875 0.46875
 0.9296875 0.4609375
 0.5078125 0.984375
 0.5078125 0.9921875
 0.5 0.9921875
 0.6640625 0.84375
 0.0546875 0.25
 0.0546875 0.2578125
 0.046875 0.5859375
 0.0390625 0.59375
 0.71875 0.5703125
 0.8828125 0.7421875
 0.875 0.7421875
 0.9375 0.0234375
 0.9296875 0.03125
 0.171875 0.8515625
 0.953125 0.8671875
 0.4609375 0.09375
 0.53125 0.9765625
 0.5234375 0.984375
 0.5234375 0.9765625
 0.5703125 0.6328125
 0.9765625 0.859375
 0.9765625 0.8515625
 0.984375 0.8515625
 0.578125 0.5546875
 0.5703125 0.5625
 0.5703125 0.5546875
 0.1484375 0.5390625
 0.4296875 0.25
 0.4296875 0.2578125
 0.421875 0.2578125
 0.0234375 0.375
 0.6953125 0.359375
 0.6953125 0.3671875
 0.4921875 0.125
 0.734375 0.3046875
 0.7265625 0.3125
 0.2421875 0.6484375
 0.234375 0.6484375
 0.796875 0.8671875
 0.7890625 0.8671875
 0.4296875 0.9140625
 0.6015625 0.3359375
 0.59375 0.3359375
 0.8125 0.7890625
 0.8046875 0.7890625
 0.921875 0.9296875
 0.9296875 0.921875
 0.5859375 0
 0.5859375 0.0078125
 0.578125 0.0078125
 0.78125 0.9765625
 0.71875 0.6328125
 0.7109375 0.640625
 0.0625 0.6484375
 0.0546875 0.6484375
 0.9296875 0.25
 0.9296875 0.2578125
 0.6171875 0.375
 0.6171875 0.3671875
 0.3125 0.1953125
 0.3046875 0.203125
 0.3046875 0.1953125
 0.3828125 0.609375
 0.2578125 0.46875
 0.2578125 0.4609375
 0.3984375 0.6796875
 0.390625 0.6796875
 0.6953125 0.828125
 0.6953125 0.8203125
 0.78125 0.3515625
 0.7734375 0.359375
 0.4921875 0.7734375
 0.1953125 0.203125
 0.1953125 0.2109375
 0.0546875 0.6796875
 0.046875 0.6796875
 0.0546875 0.671875
 0.2578125 0.140625
 0.2578125 0.1484375
 0.25 0.1484375
 0.9140625 0.8046875
 0.203125 0.9609375
 0.2109375 0.953125
 0.75 0.1328125
 0.0546875 0.375
 0.2734375 0.6015625
 0.4140625 0.828125
 0.4140625 0.8359375
 0.40625 0.8359375
 0.9453125 0.6328125
 0.9375 0.6328125
 0.4765625 0.421875
 0.4765625 0.4140625
 0.25 0.2890625
 0.2421875 0.2890625
 0.3125 0.6015625
 0.3046875 0.609375
 0.3046875 0.6015625
 0.4453125 0.203125
 0.4453125 0.2109375
 0.4375 0.2109375
 0.8359375 0.875
 0.8359375 0.8828125
 0.6328125 0.28125
 0.6328125 0.2890625
 0.625 0.2890625
 0.328125 0.0546875
 0.3203125 0.0625
 0.3203125 0.0546875
 0.7421875 0.3671875
 0.734375 0.3671875
 0.7421875 0.359375
 0.671875 0.5234375
 0.6640625 0.53125
 0.6640625 0.5234375
 0.34375 0.1640625
 0.3359375 0.171875
 0.3359375 0.1640625
 0.3359375 0.7265625
 0.265625 0.8828125
 0.2578125 0.890625
 0.2578125 0.8828125
 0.7734375 0.9296875
 0.7734375 0.921875
 0.1796875 0.6015625
 0.9609375 0.078125
 0.9609375 0.0703125
 0.203125 0.2421875
 0.1953125 0.25
 0.1953125 0.2421875
 0.5703125 0
 0.5703125 0.0078125
 0.5625 0.0078125
 0.78125 0.6171875
 0.7890625 0.609375
 0.703125 0.6484375
 0.6953125 0.65625
 0.6953125 0.6484375
 0.640625 0.6484375
 0.6484375 0.640625
 0.0625 0.0234375
 0.0546875 0.0234375
 0.375 0.4921875
 0.3671875 0.5
 0.3671875 0.4921875
 0.2890625 0.203125
 0.2890625 0.2109375
 0.875 0.1015625
 0.8671875 0.109375
 0.8671875 0.1015625
 0.1328125 0.65625
 0.1328125 0.6640625
 0.125 0.6640625
 1 0.6484375
 0.9921875 0.65625
 0.9921875 0.6484375
 0.4375 0.4609375
 0.4296875 0.46875
 0.4296875 0.4609375
 0.609375 0.0078125
 0.8515625 0.7265625
 0.859375 0.7265625
 0.1953125 0.953125
 0.1953125 0.9609375
 0.1875 0.9609375
 0.2734375 0.25
 0.2734375 0.2578125
 0.265625 0.2578125
 0.2890625 0.8828125
 0.1328125 0.265625
 0.265625 0.2421875
 0.2578125 0.25
 0.2578125 0.2421875
 0.3203125 0.2265625
 0.3125 0.2265625
 0.5625 0.6171875
 0.3125 0.7578125
 0.3046875 0.7578125
 0.0703125 0.84375
 0.7890625 0.0234375
 0.2109375 0.28125
 0.2109375 0.2890625
 0.203125 0.2890625
 0.4453125 0.5
 0.828125 0.5234375
 0.8203125 0.53125
 0.8203125 0.5234375
 0.921875 0.7578125
 0.9140625 0.765625
 0.9140625 0.7578125
 0.359375 0.2265625
 0.3671875 0.21875
 0.0859375 0.5234375
 0.0859375 0.515625
 0.28125 0.7109375
 0.2734375 0.7109375
 0.296875 0.7109375
 0.2890625 0.71875
 0.2890625 0.7109375
 0.1875 0.0859375
 0.2265625 0.390625
 0.2265625 0.3984375
 0.7734375 0.953125
 0.3046875 0.8203125
 0.6484375 0.25
 0.6484375 0.2578125
 0.6484375 0.71875
 0.6484375 0.7109375
 0.7578125 0.21875
 0.7578125 0.2265625
 0.75 0.2265625
 0.625 0.9609375
 0 0.4296875
 0.171875 0.4140625
 0.703125 0.6171875
 0.6640625 0.0390625
 0.671875 0.0390625
 0.453125 0.5703125
 0.4453125 0.5703125
 0.890625 0.7421875
 0.8828125 0.75
 0.0078125 0.296875
 0.0078125 0.3046875
 0 0.3046875
 0.9453125 0.8359375
 0.3828125 0.109375
 0.3828125 0.1171875
 0.375 0.1171875
 0.6640625 0.8828125
 0.65625 0.8828125
 0.375 0.4609375
 0.3671875 0.46875
 0.3671875 0.4609375
 0.84375 0.4296875
 0.5 0.8828125
 0.4921875 0.890625
 0.4921875 0.8828125
 0.6953125 0.640625
 0.6953125 0.6328125
 0.6171875 0.890625
 0.6171875 0.8828125
 0.0078125 0.5625
 0 0.5703125
 0.3828125 0.09375
 0.359375 0.4296875
 0.3125 0.6171875
 0.3046875 0.6171875
 0.5859375 0.96875
 0.578125 0.9765625
 0.1328125 0.6015625
 0.125 0.6015625
 0.453125 0.4140625
 0.4453125 0.421875
 0.7109375 0.15625
 0.7109375 0.1484375
 0.1640625 0.1015625
 0.1640625 0.09375
 0.6328125 0.515625
 0.625 0.5234375
 0.7109375 0.46875
 0.7109375 0.4765625
 0.0859375 0.6484375
 0.0859375 0.640625
 0.9765625 0.53125
 0.9765625 0.5234375
 0.2109375 0.7890625
 0.5625 0.3359375
 0.5546875 0.34375
 0.5546875 0.3359375
 0.390625 0.4140625
 0.0703125 0.265625
 0.0703125 0.2578125
 0.765625 0.5390625
 0.5234375 0.4921875
 0.515625 0.4921875
 0.5234375 0.484375
 0.5703125 0.9296875
 0.5625 0.9296875
 0.2734375 0.3125
 0.265625 0.3203125
 0.8515625 0.6015625
 0.84375 0.6015625
 0.8515625 0.59375
 0.140625 0.0859375
 0.1328125 0.09375
 0.1328125 0.0859375
 0.359375 0.1796875
 0.3515625 0.1875
 0.3515625 0.1796875
 0.7421875 0.984375
 0.7421875 0.9765625
 0.8046875 0.09375
 0.6953125 0.28125
 0.6953125 0.2734375
 0.46875 0.4140625
 0.4765625 0.40625
 0.1484375 0.4921875
 0.140625 0.4921875
 0.40625 0.7109375
 0.3984375 0.7109375
 0.8125 0.9140625
 0.8046875 0.921875
 0.0625 0.6328125
 0.15625 0.4453125
 0.1796875 0.015625
 0.9375 0.2109375
 0.9296875 0.21875
 0.9296875 0.2109375
 0.6015625 0.546875
 0.6015625 0.5390625
 0.609375 0.5390625
 0.9453125 0.9765625
 0.9375 0.9765625
 0.4375 0.1640625
 0.4296875 0.171875
 0.34375 0.2421875
 0.3359375 0.25
 0.5859375 0.703125
 0.78125 0.9921875
 0.7734375 1
 0.2578125 0.265625
 0.25 0.2734375
 0.8828125 0.9609375
 0.875 0.9609375
 0.21875 0.0234375
 0.328125 0.0078125
 0.2578125 0.34375
 0.2578125 0.3515625
 0.421875 0.9453125
 0.4140625 0.953125
 0.4609375 0.984375
 0.4609375 0.9765625
 0.3359375 0.6796875
 0.328125 0.6796875
 0.3359375 0.671875
 0.96875 0.9296875
 0.9609375 0.9375
 0.078125 0.0546875
 0.0703125 0.0546875
 0.1171875 0.2578125
 0.640625 0.8828125
 0.6328125 0.890625
 0.4765625 0.296875
 0.4765625 0.2890625
 0.609375 0.9296875
 0.6015625 0.9375
 0.6015625 0.9296875
 0.8984375 0.75
 0.8984375 0.7578125
 0.890625 0.7578125
 0.75 0.8359375
 0.7421875 0.84375
 0.7421875 0.8359375
 0.8046875 0.3203125
 0.796875 0.3203125
 0.8203125 0.8125
 0.8203125 0.8203125
 0.8125 0.8203125
 0.703125 0.2265625
 0.6953125 0.234375
 0.6953125 0.2265625
 0.2734375 0.65625
 0.2734375 0.6640625
 0.21875 0.2265625
 0.2109375 0.234375
 0.2109375 0.2265625
 0.6953125 0.96875
 0.6953125 0.9765625
 0.9453125 0.375
 0.5703125 0.4765625
 0.5625 0.4765625
 0.375 0.1953125
 0.3671875 0.1953125
 0.34375 0.5859375
 0.3359375 0.59375
 0.3359375 0.5859375
 0.6171875 0.9453125
 0.8515625 0.8125
 0.8515625 0.8203125
 0.546875 0.2578125
 0.5390625 0.265625
 0.2421875 0.671875
 0.7265625 0.0546875
 0.71875 0.0546875
 0.7265625 0.046875
 0.34375 0.3671875
 0.3359375 0.375
 0.3359375 0.3671875
 0.40625 0.0234375
 0.3984375 0.03125
 0.3984375 0.0234375
 0.7578125 0.4296875
 0.75 0.4296875
 0.8671875 0.6875
 0.8671875 0.6953125
 0.859375 0.6953125
 0.6875 0.6328125
 0.6796875 0.640625
 0.6796875 0.6328125
 0.1796875 0.7265625
 0.171875 0.7265625
 0.1796875 0.71875
 0.6796875 0.4296875
 0.6796875 0.421875
 0.59375 0.5390625
 0.6015625 0.53125
 0.2265625 0.734375
 0.2265625 0.7265625
 0.234375 0.7265625
 0.0703125 0.40625
 0.1796875 0.7109375
 0.46875 0.7265625
 0.4765625 0.71875
 0.15625 0.9609375
 0.6328125 0.6484375
 0.8828125 0.4296875
 1 0.4453125
 0.9921875 0.453125
 0.9921875 0.4453125
 0.9609375 0.6484375
 0.7265625 0.7265625
 0.71875 0.7265625
 0.7265625 0.71875
 0.2109375 0.375
 0.2109375 0.3828125
 0.203125 0.3828125
 0.796875 0.1171875
 0.7890625 0.125
 0.7890625 0.1171875
 0.53125 0.8046875
 0.5390625 0.796875
 0.8984375 0.5625
 0.8984375 0.5546875
 0.140625 0.3046875
 0.1484375 0.296875
 0.765625 0.2109375
 0.7578125 0.2109375
 0.078125 0.2734375
 0.6328125 0.4765625
 0.625 0.4765625
 0.453125 0.1953125
 0.4453125 0.1953125
 0.8671875 0.5546875
 0.859375 0.5546875
 0.8671875 0.546875
 0.8984375 0.703125
 0.65625 0.5703125
 0.71875 0.3359375
 0.7109375 0.34375
 0.7109375 0.3359375
 0.2578125 0.125
 0.2578125 0.1328125
 0.609375 0.3671875
 0.6015625 0.3671875
 0.8984375 0.4375
 0.8984375 0.4453125
 0.5078125 0.921875
 0.5 0.9296875
 0.6953125 0.078125
 0.6953125 0.0859375
 0.6875 0.0859375
 0.4921875 0.96875
 0.0625 0.3671875
 0.0546875 0.3671875
 0.53125 0.6484375
 0.5234375 0.6484375
 0.6171875 0.7265625
 0.6171875 0.71875
 0.0234375 0.4453125
 0.015625 0.4453125
 0.3671875 0.328125
 0.3671875 0.3203125
 0.9140625 0.3046875
 0.90625 0.3046875
 0.9140625 0.296875
 0.046875 0.8359375
 0.0390625 0.84375
 0.0390625 0.8359375
 0.1328125 0.8203125
 0.125 0.8203125
 0.21875 0.5234375
 0.2109375 0.53125
 0.2109375 0.5234375
 0.6015625 0.8125
 0.6015625 0.8203125
 0.59375 0.8203125
 0.265625 0.5546875
 0.2578125 0.5546875
 0.9921875 0.8125
 0.984375 0.8203125
 0.5078125 0.8125
 0.7890625 0.9765625
 0.59375 0.0546875
 0.8828125 1
 0.8828125 0.9921875
 0.3984375 0.1484375
 0.0625 0.7890625
 0.0546875 0.7890625
 0.078125 0.8046875
 0.0703125 0.8125
 0.1328125 0.6953125
 0.515625 0.2578125
 0.4296875 0.734375
 0.484375 0.6953125
 0.4765625 0.6953125
 0.4921875 0.3984375
 0.484375 0.3984375
 0.1171875 0.7890625
 0.21875 0.9921875
 0.2109375 1
 0.2109375 0.9921875
 0.71875 0.0390625
 0.7109375 0.046875
 0.7109375 0.0390625
 0.8828125 0.765625
 0.8828125 0.7734375
 0.171875 0.8203125
 0.1640625 0.828125
 0.1640625 0.8203125
 0.3359375 0.1796875
 0.328125 0.1796875
 0.9765625 0.296875
 0.9765625 0.2890625
 0.8203125 0.4921875
 0.2265625 0.546875
 0.234375 0.5390625
 0.6484375 0.6171875
 0.640625 0.6171875
 0.28125 0.9296875
 0.2734375 0.9375
 0.2734375 0.9296875
 0.1953125 0.8046875
 0.7578125 0
 0.75 0.0078125
 0.8984375 0.3125
 0.8984375 0.3046875
 0.828125 0.8671875
 0.8203125 0.875
 0.8203125 0.8671875
 0.09375 0.8828125
 0.0234375 0.3671875
 0.8828125 0.5859375
 0.765625 0.8984375
 0.7578125 0.8984375
 0.4921875 0.296875
 0.0703125 0.390625
 0.0703125 0.3984375
 0.90625 0.6171875
 0.796875 0.4921875
 0.7890625 0.5
 0.8828125 0.78125
 0.8828125 0.7890625
 0.875 0.7890625
 0.9453125 0.46875
 0.2421875 0.2734375
 0.2421875 0.265625
 0.1015625 0.9140625
 0.1015625 0.90625
 0.6953125 0.0390625
 0.15625 0.1640625
 0.1640625 0.15625
 0.6640625 0.234375
 0.6640625 0.2265625
 0.7109375 0.984375
 0.7109375 0.9765625
 0.234375 0.3984375
 0.1953125 0.6328125
 0.8515625 0.1796875
 0.8515625 0.171875
 0.9765625 0.625
 0.9765625 0.6328125
 1 0.2265625
 0.9921875 0.234375
 0.9921875 0.2265625
 0.046875 0.4453125
 0.0390625 0.4453125
 0.390625 0.0234375
 0.40625 0.8828125
 0.3984375 0.890625
 0.3984375 0.8828125
 0.15625 0.9453125
 0.1015625 0.484375
 0.1015625 0.4765625
 0.109375 0.4765625
 0.09375 0.5078125
 0.0859375 0.5078125
 0.8359375 0.4296875
 0.1640625 0.8359375
 0.546875 0.6953125
 0.5390625 0.703125
 0.5390625 0.6953125
 0.7265625 0
 0.7265625 0.0078125
 0.8515625 0.390625
 0.8515625 0.3828125
 0.3359375 0.2734375
 0.3359375 0.265625
 0.96875 0.5078125
 0.6640625 0.0703125
 0.65625 0.0703125
 0.1015625 0.8984375
 0.09375 0.8984375
 0.109375 0.5234375
 0.1015625 0.53125
 0.1015625 0.5234375
 0.6328125 0.6171875
 0.0859375 0.7421875
 0.0859375 0.734375
 0.0546875 0.5078125
 0.7734375 0.6796875
 0.7734375 0.671875
 0.84375 0.3671875
 0.9765625 0.578125
 0.96875 0.5859375
 0.9765625 0.2109375
 0.2421875 0.2578125
 0.234375 0.2578125
 0.46875 0.3046875
 0.4609375 0.3125
 0.4609375 0.3046875
 0.0390625 0.703125
 0.03125 0.7109375
 0.796875 0.4140625
 0.1171875 0.3984375
 0.109375 0.3984375
 0.1171875 0.390625
 0.2109375 0.8515625
 0.5 0.3203125
 0.4921875 0.328125
 0.4921875 0.3203125
 0.71875 0.6953125
 0.0390625 0.6875
 0.0390625 0.6796875
 0.46875 0.8984375
 0.4609375 0.90625
 0.0859375 0.40625
 0.0859375 0.4140625
 0.28125 0.2421875
 0.2734375 0.2421875
 0.7265625 0.8203125
 0.71875 0.8203125
 0.03125 0.8515625
 0.0234375 0.859375
 0.0703125 0.3046875
 0.0625 0.3046875
 0.8828125 0.3671875
 0.875 0.3671875
 0.609375 0.1015625
 0.9375 0.1953125
 0.9296875 0.203125
 0.9296875 0.1953125
 0.4453125 0.265625
 0.421875 0.8984375
 0.4296875 0.890625
 0.2265625 0.6171875
 0.21875 0.6171875
 0.46875 0.0703125
 0.2578125 0.21875
 0.671875 0.0703125
 0.6640625 0.078125
 0.4453125 0.2890625
 0.9765625 0.0234375
 0.8828125 0.34375
 0.3046875 0.6953125
 0.296875 0.6953125
 0.3203125 0.6875
 0.3203125 0.6953125
 0.3125 0.6953125
 0.2578125 0.84375
 0.25 0.8515625
 0.6328125 0.140625
 0.6328125 0.1328125
 0.625 0.2109375
 0.6171875 0.21875
 0.5546875 0.9375
 0.5546875 0.9296875
 0.8125 0.1953125
 0 0.5859375
 0.2421875 0.8515625
 0.09375 0.4921875
 0.0859375 0.5
 0.0859375 0.4921875
 0.7890625 0.6796875
 0.78125 0.6796875
 0.7890625 0.671875
 0.40625 0.9140625
 0.4140625 0.90625
 0.1875 0.9921875
 0.9375 0.3984375
 0.9296875 0.40625
 0.9296875 0.3984375
 0.0625 0.1328125
 0.0546875 0.140625
 0.0546875 0.1328125
 0.1796875 0.4296875
 0.0546875 0.3125
 0.0546875 0.3203125
 0.609375 0.1328125
 0.1875 0.6484375
 0.1796875 0.65625
 0.9921875 0.5390625
 0.984375 0.5390625
 0.9921875 0.53125
 0.96875 0.7890625
 0.9609375 0.796875
 0.9609375 0.7890625
 0.1484375 0.1640625
 0.9140625 0.2890625
 0.921875 0.2890625
 0.8984375 0.875
 0.8984375 0.8671875
 0.34375 0.1796875
 0.59375 0.6953125
 0.5859375 0.6953125
 0.3359375 0.3046875
 0.3359375 0.296875
 0.359375 0.8984375
 0.3515625 0.8984375
 0.546875 0.0859375
 0.5390625 0.0859375
 0.2109375 0.3671875
 0.2578125 1
 0.2578125 0.9921875
 0.4921875 0.9609375
 0.484375 0.9609375
 0.4921875 0.953125
 0.40625 0.8515625
 0.4140625 0.84375
 0.1640625 0.203125
 0.8515625 0.125
 0.8515625 0.1328125
 0.84375 0.1328125
 0.2421875 0.234375
 0.9140625 0.375
 0.9140625 0.3828125
 0.0859375 0.1015625
 0.078125 0.1015625
 0.8828125 0.2578125
 0.9453125 0.28125
 0.1171875 0.734375
 0.5390625 0.9375
 0.5390625 0.9453125
 0.53125 0.9453125
 0.3046875 0.0625
 0.3046875 0.0703125
 1 0.6953125
 0.9921875 0.703125
 0.234375 0.5234375
 0.2265625 0.5234375
 0.8359375 0.0546875
 0.828125 0.0546875
 0.8359375 0.046875
 0.2109375 0.296875
 0.171875 0.1328125
 0.1640625 0.140625
 0.1640625 0.3125
 0.1640625 0.3203125
 0.15625 0.3203125
 0.890625 0.4765625
 0.8828125 0.484375
 0.6796875 0.4765625
 0.8046875 0.1796875
 0.6796875 0.3125
 0.6796875 0.3046875
 0.2734375 0.234375
 0.7890625 0.9140625
 0.171875 0.4765625
 0.5078125 0.0625
 0.5078125 0.0546875
 0.4609375 0.5
 0.4609375 0.5078125
 0.0390625 0.4296875
 0.296875 0.9921875
 0.2890625 1
 0.2890625 0.9921875
 0.046875 0.3671875
 0.8515625 0.1171875
 0.84375 0.1171875
 0.8515625 0.109375
 0.2109375 0.0234375
 0.203125 0.7421875
 0.2109375 0.734375
 0.7109375 0.9375
 0.7109375 0.9453125
 0.703125 0.9453125
 0.7578125 0.109375
 0.9296875 0.3515625
 0.21875 0.6796875
 0.2265625 0.671875
 0.4921875 0.53125
 0.0859375 0.9296875
 0.125 0.3515625
 0.1171875 0.359375
 0.9609375 0.265625
 0.9609375 0.2578125
 0.4375 0.4453125
 0.4296875 0.453125
 0.4296875 0.4453125
 0.703125 0.1640625
 0.6953125 0.171875
 0.6953125 0.1640625
 0.953125 0.3359375
 0.9453125 0.3359375
 0.8359375 0.8671875
 0.0078125 0.921875
 0.0078125 0.9296875
 0 0.9296875
 0.296875 0.7578125
 0.1640625 0.75
 0.15625 0.7578125
 0.34375 0.3359375
 0.3359375 0.34375
 0.8515625 0.9375
 0.8828125 0.2890625
 0.875 0.2890625
 0.6484375 0.703125
 0.6484375 0.6953125
 0.2265625 0.640625
 0.2265625 0.6484375
 0.546875 0.8984375
 0.5390625 0.90625
 0.5390625 0.8984375
 0.0546875 0.2109375
 0.046875 0.2109375
 0.0546875 0.203125
 0.875 0.3046875
 0.8671875 0.3046875
 0.3203125 0.5546875
 0.2265625 0.4375
 0.25 0.1640625
 0.2421875 0.171875
 0.2421875 0.1640625
 0.609375 0.8671875
 0.6015625 0.875
 0.6015625 0.8671875
 0.6953125 0.0078125
 0.8203125 0.84375
 0.8203125 0.8359375
 0.2890625 0.96875
 0.2890625 0.9609375
 0.765625 0.2265625
 0.734375 0.3984375
 0.7265625 0.40625
 0.21875 0.8359375
 0.2109375 0.84375
 0.2109375 0.8359375
 0.765625 0.1640625
 0.7578125 0.171875
 0.7578125 0.1640625
 0.9765625 0.5
 0.9765625 0.5078125
 0.8359375 0.75
 0.8359375 0.7578125
 0.2421875 0.15625
 0.09375 0.4140625
 0.0859375 0.421875
 0.7109375 0.21875
 0.796875 0.3046875
 0.8046875 0.296875
 0.90625 0.3671875
 0.8984375 0.375
 0.5234375 0.59375
 0.2734375 0
 0.2734375 0.0078125
 0.265625 0.0078125
 0.4921875 0.0625
 0.4921875 0.0703125
 0.484375 0.0703125
 0.96875 0.4609375
 0.9609375 0.46875
 0.5390625 0.0390625
 0.53125 0.0390625
 0.5390625 0.03125
 0.703125 0.3984375
 0.3515625 0.359375
 0.3515625 0.3515625
 0.9375 0.0078125
 0.9296875 0.0078125
 0.3515625 0.1640625
 0.3515625 0.15625
 0.765625 0.7265625
 0.6328125 0
 0.625 0.0078125
 0.375 0.2109375
 0.6875 0.5703125
 0.6796875 0.578125
 0.6796875 0.5703125
 0.7421875 0.8203125
 0.734375 0.8203125
 0.9609375 0.953125
 0.9609375 0.9453125
 0.609375 0.4609375
 0.4765625 0.109375
 0.15625 0.2421875
 0.1484375 0.25
 0.1484375 0.2421875
 0.34375 0.3515625
 0.3359375 0.359375
 0.3359375 0.3515625
 0.3046875 0.875
 0.3046875 0.8828125
 0.296875 0.8828125
 0.6640625 0.2109375
 0.515625 0.9140625
 0.96875 0.4453125
 0.8515625 0.296875
 0.8515625 0.2890625
 0.859375 0.2890625
 0.1796875 0.375
 0.0078125 0.46875
 0 0.4765625
 0.875 0.1640625
 0.8671875 0.171875
 0.8671875 0.1640625
 0.8046875 0.953125
 0.1484375 0.5859375
 0.1484375 0.578125
 0.6171875 0.484375
 0.3203125 0.609375
 0.3203125 0.6171875
 0.6796875 0.5625
 0.703125 0.2421875
 0.6953125 0.25
 0.6953125 0.2421875
 0.1171875 0.4296875
 0.109375 0.4296875
 0.1171875 0.421875
 0.2578125 0.3046875
 0.25 0.3046875
 0.265625 0.3671875
 0.2578125 0.375
 0.2578125 0.3671875
 0.96875 0.1015625
 0.03125 0.2578125
 0.65625 0.1484375
 0.0078125 0.359375
 0 0.3671875
 0.7734375 0.6875
 0.5546875 0.59375
 0.765625 0.9609375
 0.2890625 0.0546875
 0.4609375 0.3671875
 0.453125 0.3671875
 0.8515625 0.703125
 0.8515625 0.7109375
 0.84375 0.7109375
 0.1171875 0.9921875
 0.1171875 0.984375
 0.203125 0.1953125
 0.1953125 0.1953125
 0.3125 0.0703125
 0.6953125 0.34375
 0.6953125 0.3515625
 0.6875 0.3515625
 0.9296875 0.328125
 0.4609375 0.8203125
 0.453125 0.8203125
 0.1953125 0.90625
 0.1953125 0.8984375
 0.46875 0.3203125
 0.4609375 0.328125
 0.4609375 0.3203125
 0.328125 0.4609375
 0.3203125 0.46875
 0.3203125 0.4609375
 0.765625 0.6484375
 0.7578125 0.65625
 0.7578125 0.6484375
 0.8203125 0.0625
 0.328125 0.3671875
 0.859375 0.4921875
 0.8515625 0.5
 0.9921875 0.0546875
 0.9921875 0.046875
 0.4375 0.3515625
 0.4296875 0.359375
 0.4296875 0.3515625
 0.8671875 0.0859375
 0.859375 0.0859375
 0.5078125 0.46875
 0.859375 0.5859375
 0.8671875 0.578125
 0.0546875 0.7109375
 0.0546875 0.703125
 0.1015625 0.3359375
 0.09375 0.3359375
 0.203125 0.3671875
 0.7265625 0.53125
 0.75 0.9453125
 0.5390625 0.7890625
 0.546875 0.7890625
 0.7265625 0.6875
 0.296875 0.2421875
 0.2890625 0.25
 0.2890625 0.2421875
 0.0078125 0.6171875
 0 0.6171875
 0.15625 0.2265625
 0.1484375 0.234375
 0.1484375 0.2265625
 0.3203125 0.7578125
 0.140625 0.7734375
 0.1484375 0.765625
 0.3984375 0.46875
 0.3984375 0.4765625
 0.8515625 0.6171875
 0.84375 0.6171875
 0.8515625 0.609375
 0.6328125 0.8125
 0.6328125 0.8203125
 0.625 0.8203125
 0.8203125 0.828125
 0.0546875 0.1875
 0.0546875 0.1953125
 0.0625 0.2578125
 0.3515625 0.9765625
 0.359375 0.9765625
 0.8203125 0.015625
 0.8203125 0.0234375
 0.265625 0.5078125
 0.2578125 0.515625
 0.2578125 0.5078125
 0.3359375 0.6640625
 0.5703125 0.4296875
 0.6328125 0.0234375
 0.640625 0.8671875
 0.6328125 0.8671875
 0.3125 0.3046875
 0.9296875 0.984375
 0.1171875 0.0546875
 0.109375 0.0546875
 0.1171875 0.046875
 0.0703125 0.34375
 0.0703125 0.3515625
 0.0625 0.3515625
 0.2734375 0.5234375
 0.265625 0.5234375
 0.2734375 0.515625
 0.0546875 0.1640625
 0.0546875 0.15625
 0.125 0.3359375
 0.28125 0.9140625
 0.2734375 0.921875
 0.2734375 0.9140625
 0.09375 0.1640625
 0.0859375 0.1640625
 0.90625 0.6015625
 0.9140625 0.59375
 0.328125 0.6640625
 0.3203125 0.6640625
 0.2265625 0.5546875
 0.4140625 0.5625
 0.40625 0.5703125
 0.609375 0.2578125
 0.6015625 0.265625
 0.6015625 0.2578125
 0.5078125 0.5
 0.0703125 0.3828125
 0.0390625 0.4765625
 0.6328125 0.5
 0.6328125 0.5078125
 0.453125 0.6171875
 0.4453125 0.625
 0.4453125 0.6171875
 0.7421875 0.796875
 0.375 0.2734375
 0.3671875 0.28125
 0.2109375 0.2421875
 0.359375 0.6484375
 0.3515625 0.6484375
 0.671875 0.5390625
 0.34375 0.0703125
 0.953125 0.8515625
 0.9453125 0.8515625
 0.9609375 0.21875
 0.9609375 0.2265625
 0.7109375 0.9296875
 0.703125 0.9296875
 0.7109375 0.921875
 0.0390625 0.4375
 0.4921875 0.5546875
 0.4921875 0.546875
 0.9921875 0.2421875
 0.984375 0.2421875
 0.078125 0.6640625
 0.0703125 0.671875
 0.203125 0.0546875
 0.2109375 0.046875
 0.4765625 0.4296875
 0.9453125 0.59375
 0.9453125 0.6015625
 0.609375 0.1953125
 0.6015625 0.203125
 0.1640625 0.109375
 0.53125 0.8203125
 0.5234375 0.828125
 0.5234375 0.8203125
 0.6875 0.3828125
 0.6796875 0.390625
 0.6796875 0.3828125
 0.3046875 0.3125
 0.3046875 0.3046875
 0.3203125 0.640625
 0.3203125 0.6484375
 0.09375 0.0703125
 0.0859375 0.078125
 0.1796875 0.4921875
 0.171875 0.4921875
 0.1796875 0.484375
 0.4609375 0.96875
 0.4609375 0.9609375
 1 0.3515625
 0.9921875 0.359375
 0.9921875 0.3515625
 0.875 0.5546875
 0.359375 0.2578125
 0.3515625 0.265625
 0.3515625 0.2578125
 0.15625 0.0703125
 0.1484375 0.078125
 0.1484375 0.0703125
 0.4296875 0.8828125
 0.15625 0.5546875
 0.1640625 0.546875
 0.7734375 0.109375
 0.84375 0.0703125
 0.8359375 0.0703125
 0.3125 0.9453125
 0.3046875 0.9453125
 0.8359375 0.46875
 0.4765625 0.9140625
 0.46875 0.9140625
 0.4453125 0.140625
 0.3515625 0.015625
 0.34375 0.0234375
 0.265625 0.7890625
 0.2578125 0.7890625
 0.734375 0.1171875
 0.7421875 0.109375
 0.5546875 0
 0.5546875 0.0078125
 0.546875 0.0078125
 0.859375 0.6015625
 0.921875 0.3984375
 0.5546875 0.25
 0.5546875 0.2578125
 0.859375 0.9765625
 0.8671875 0.96875
 0.4609375 0.375
 0.515625 0.8046875
 0.5078125 0.8046875
 0.6171875 0.359375
 0.2265625 0.8046875
 0.21875 0.8046875
 0.4609375 0.53125
 0.4609375 0.5234375
 0.5625 0.8671875
 0.5546875 0.875
 0.5546875 0.8671875
 0.1015625 0.9765625
 0.1015625 0.96875
 0.6328125 0.984375
 0.6328125 0.9765625
 0.6640625 0.1484375
 0.5234375 0.375
 0.5234375 0.3828125
 0.515625 0.3828125
 0.15625 0.6015625
 0.1484375 0.609375
 0.1484375 0.6015625
 0.9375 0.6171875
 0.8359375 0.1640625
 0.828125 0.1640625
 0.0078125 0.125
 0 0.1328125
 0.6796875 0.6953125
 0.7890625 0.984375
 0.21875 0.4765625
 0.2109375 0.484375
 0.2109375 0.4765625
 0.296875 0.1484375
 0.6171875 0.8671875
 0.6171875 0.859375
 0.6328125 0.296875
 0.6328125 0.3046875
 0.625 0.3046875
 0.3125 0.3359375
 0.3046875 0.34375
 0.3046875 0.3359375
 0 0.3828125
 0.2421875 0.5390625
 0.03125 0.1328125
 0.0234375 0.1328125
 0.078125 0.1953125
 0.359375 0.2421875
 0.3515625 0.25
 0.3515625 0.2421875
 0.1015625 0.046875
 0.1015625 0.0390625
 0.109375 0.0390625
 0.3828125 0.21875
 0.3828125 0.2109375
 0.8671875 0.2265625
 0.859375 0.2265625
 0.8671875 0.21875
 0.3125 0.3515625
 0.3046875 0.3515625
 0.1640625 0.2890625
 0.171875 0.2890625
 0.5625 0.3203125
 0.5546875 0.328125
 0.7109375 0.3203125
 0.3203125 0.53125
 0.3125 0.5390625
 0.6171875 0.5859375
 0.296875 0.6796875
 0.2890625 0.6875
 0.3515625 0.8125
 0.765625 0.2890625
 0.7578125 0.2890625
 0.1484375 0.1875
 0.140625 0.1953125
 0.5703125 0.546875
 0.5703125 0.5390625
 0.046875 0.3984375
 0.46875 0.2421875
 0.4453125 0.453125
 0.4453125 0.4453125
 0.3046875 0.0234375
 0.4140625 0.890625
 0.4140625 0.8984375
 0.9140625 0.890625
 0.90625 0.8984375
 0.3359375 0.7734375
 0.328125 0.7734375
 0.9296875 0.2734375
 0.9296875 0.265625
 0.0234375 0.21875
 0.015625 0.2265625
 0.0390625 0.0703125
 0.4921875 0.625
 0.4921875 0.6328125
 0.484375 0.6328125
 0.015625 0.0859375
 0.2890625 0.4375
 0.0234375 0.5859375
 0.3359375 0.6484375
 0.328125 0.6484375
 0.3359375 0.640625
 0.9375 0.1796875
 0.9296875 0.1875
 0.2890625 0.6953125
 1 0.9140625
 0.1953125 0.1796875
 0.1875 0.1796875
 0.890625 0.3984375
 0.3125 0.6328125
 0.0625 0.9296875
 0.0546875 0.9296875
 0.8515625 0.9296875
 0.3984375 0.8046875
 0.390625 0.8046875
 0.3984375 0.796875
 0.0234375 0.359375
 0.1796875 0.5
 0.1796875 0.5078125
 0.171875 0.5078125
 0.5546875 0.625
 0.5546875 0.6171875
 0.171875 0.5859375
 0.1640625 0.59375
 0.1640625 0.5859375
 1 0.9921875
 0.9921875 1
 0.9921875 0.9921875
 0.4140625 0.765625
 0.4140625 0.7734375
 0.40625 0.7734375
 0.8828125 0.515625
 0.8828125 0.5234375
 0.875 0.5234375
 0.3828125 0.375
 0.3984375 0.53125
 0.3984375 0.5390625
 0.390625 0.5390625
 0.203125 0.4765625
 0.1953125 0.484375
 0.1953125 0.4765625
 0.5078125 0.125
 0.5078125 0.1328125
 0.890625 0.0234375
 0.8984375 0.015625
 0.5390625 0.78125
 0.7734375 0.6484375
 0.8359375 0.2109375
 0.828125 0.2109375
 0.8359375 0.203125
 1 0.1015625
 0.9921875 0.109375
 0.171875 0.3203125
 0.9609375 0.5546875
 0.953125 0.5546875
 0.953125 0.6484375
 0.3515625 0.5625
 0.3828125 0.390625
 0.3828125 0.3984375
 0.890625 0.6328125
 0.8828125 0.640625
 0.8828125 0.6328125
 0.4609375 0.40625
 0.4609375 0.4140625
 0.7578125 0.515625
 0.75 0.5234375
 0.484375 0.5859375
 0.4921875 0.578125
 0.3125 0.1015625
 0.3046875 0.109375
 0.7265625 0.2734375
 0.71875 0.2734375
 0.578125 0.4453125
 0.5703125 0.4453125
 0.6015625 0.3515625
 0.59375 0.3515625
 0.6015625 0.34375
 0.8671875 0.140625
 0.8671875 0.1328125
 0.8359375 0.21875
 0.8359375 0.2265625
 0.5859375 0.5546875
 0.5859375 0.546875
 0.5546875 0.1484375
 0.4296875 0.5859375
 0.0390625 0.796875
 0.0390625 0.7890625
 0.046875 0.7890625
 0.5 0.1953125
 0.1640625 0.875
 0.1640625 0.8828125
 0.15625 0.8828125
 0.8984375 0.0859375
 0.4921875 0.2421875
 0.484375 0.2421875
 0.4921875 0.234375
 0.4921875 0.2265625
 0.6953125 0.1953125
 0.8203125 0.40625
 0.8125 0.4140625
 0.8359375 0.3671875
 0.0390625 0.609375
 0.2265625 0.9921875
 0.2265625 0.984375
 0.5078125 0.9609375
 0.9296875 0.5625
 0.9296875 0.5703125
 0.921875 0.5703125
 0.1484375 0.7421875
 0.140625 0.7421875
 0.1484375 0.734375
 0.96875 0.5703125
 0.0703125 0.453125
 0.6015625 0.5546875
 0.59375 0.5546875
 0.0234375 0.984375
 0.0234375 0.9765625
 0.6484375 0.1875
 0.6484375 0.1953125
 0.640625 0.1953125
 0.6953125 0.21875
 0.6953125 0.2109375
 0.921875 0.6796875
 0.9296875 0.671875
 0.96875 0.1640625
 0.9609375 0.171875
 0.8359375 0.2421875
 0.8359375 0.234375
 0.0546875 0.2890625
 0.7265625 0.921875
 0.7265625 0.9140625
 0.5 0.0078125
 0.4921875 0.0078125
 0.9765625 0.765625
 0.9765625 0.7734375
 0.96875 0.7734375
 0.3203125 0.5625
 0.3203125 0.5703125
 0.3125 0.5703125
 0.5234375 0.359375
 0.265625 0.1953125
 0.453125 0.5234375
 0.4609375 0.515625
 0.9453125 0.328125
 0.453125 0.6015625
 0.4453125 0.609375
 1 0.8828125
 0.9921875 0.890625
 0.0859375 0.625
 0.0859375 0.6328125
 0.109375 0.7421875
 0.4453125 0.234375
 0.4453125 0.2421875
 0.4375 0.2421875
 0.4921875 0.6953125
 0.671875 0.9921875
 0.9609375 0.1328125
 0.546875 0.5546875
 0.5390625 0.5625
 0.5390625 0.5546875
 0.328125 0.5546875
 0.453125 0.8046875
 0.4453125 0.8046875
 0.4453125 0.4296875
 0.4375 0.4296875
 0.4140625 0.6171875
 0.4140625 0.609375
 0.1484375 0.5546875
 0.1484375 0.546875
 0.953125 0.7109375
 0.9453125 0.71875
 0.53125 0.6796875
 0.5234375 0.6875
 0.578125 0.1640625
 0.0390625 0.1171875
 0.03125 0.1171875
 0.0390625 0.109375
 0.4609375 0.6875
 0.4609375 0.6796875
 0.6171875 0.3828125
 0.609375 0.3828125
 0.4375 0.6796875
 0.4296875 0.6875
 0.4296875 0.6796875
 0.3203125 0.765625
 0.8515625 0.9609375
 0.84375 0.9609375
 0.0703125 0.2734375
 0.5859375 0.28125
 0.578125 0.2890625
 0.046875 0.1015625
 0.0546875 0.09375
 0.2109375 0.390625
 0.1171875 0.6640625
 0.6171875 0.296875
 0.6171875 0.2890625
 0.03125 0.5390625
 0.4140625 0.5078125
 0.40625 0.5078125
 0.25 0.8984375
 0.2421875 0.8984375
 0.859375 0.0234375
 0.8515625 0.03125
 0.171875 0.0703125
 0.7734375 0.9609375
 0.4765625 0.0703125
 0.7421875 0.828125
 0.8515625 0.828125
 0.8515625 0.8359375
 0.84375 0.8359375
 0.1171875 0.4140625
 0.109375 0.4140625
 0.1171875 0.40625
 0.421875 0.5859375
 0.4296875 0.578125
 0.15625 0.1484375
 0.1484375 0.15625
 0.2421875 0.53125
 0.65625 0.0390625
 0.6640625 0.03125
 0.8984375 0.34375
 0.8984375 0.3359375
 0.0703125 0.4296875
 0.9453125 0.2421875
 0.9375 0.2421875
 0.8828125 0.140625
 0.8828125 0.1484375
 0.2578125 0.7578125
 0.109375 0.1484375
 0.1015625 0.15625
 0.1015625 0.1484375
 1 0.1953125
 0.265625 0.9296875
 0.2578125 0.9375
 0.671875 0.6953125
 0.0859375 0.75
 0.078125 0.7578125
 0.765625 0.1484375
 0.7578125 0.15625
 0.7578125 0.1484375
 0.3828125 0.2265625
 0.65625 0.4296875
 0.5 0.8671875
 0.4921875 0.875
 0.6015625 0.125
 0.6015625 0.1171875
 0.203125 0.0390625
 0.1953125 0.046875
 0.1953125 0.0390625
 0.3046875 0.125
 0.296875 0.1328125
 0.2421875 0.2109375
 0.234375 0.2109375
 0.2421875 0.203125
 0.6640625 0.546875
 0.6640625 0.5390625
 0.8671875 0.7109375
 0.859375 0.7109375
 0.8671875 0.703125
 0.2578125 0.15625
 0.3984375 0.15625
 0.6875 0.1640625
 0.6796875 0.171875
 0.6640625 0.6640625
 0.65625 0.6640625
 0.4375 0.1796875
 0.4296875 0.1875
 0.4296875 0.1796875
 0.6484375 0.109375
 0.0859375 0.65625
 0.984375 0.6640625
 0.6796875 0.90625
 0.6796875 0.8984375
 0.390625 0.1171875
 0.3828125 0.125
 0.7265625 0.46875
 0.6875 0.7890625
 0.4453125 0.375
 0.4453125 0.3671875
 0.15625 0.7421875
 0.1484375 0.75
 0.2734375 0.8984375
 0.34375 0.2578125
 0.0703125 0.890625
 0.0703125 0.8828125
 0.578125 0.0390625
 0.5703125 0.0390625
 0.84375 0.0390625
 0.484375 0.0546875
 0.4765625 0.0625
 0.4765625 0.0546875
 0.2109375 0.1875
 0.34375 0.6953125
 0.0234375 0.53125
 0.0234375 0.5390625
 0.28125 0.1328125
 0.2734375 0.1328125
 0.0234375 0.46875
 0.0078125 0.2578125
 0 0.2578125
 0.953125 0.7578125
 0.9453125 0.7578125
 0.3671875 0.90625
 0.3671875 0.8984375
 0.28125 0.1015625
 0.2734375 0.109375
 0.15625 0.3515625
 0.1484375 0.359375
 0.1484375 0.3515625
 0.6484375 0.8125
 0.6484375 0.8046875
 0.2109375 0.2734375
 0.8203125 0.8046875
 0.8125 0.8046875
 0.265625 0.9453125
 0.2578125 0.9453125
 0.2578125 0.40625
 0.25 0.4140625
 0.21875 0.7265625
 0.2109375 0.7265625
 0.265625 0.8359375
 0.703125 0.9765625
 0.9765625 0.78125
 0.1328125 0.1953125
 0.125 0.1953125
 0 0.1796875
 0.765625 0.8828125
 0.7578125 0.890625
 0.8828125 0.921875
 0.875 0.9296875
 0.59375 0.7578125
 0.5859375 0.765625
 0.5859375 0.7578125
 0.578125 0.7578125
 0.5703125 0.765625
 0.5703125 0.7578125
 0.3828125 0.734375
 0.3828125 0.7265625
 0.171875 0.9453125
 0.1640625 0.953125
 0.1640625 0.9453125
 0.53125 0.8515625
 0.5390625 0.84375
 0.1796875 0.9609375
 0.1796875 0.953125
 0.5703125 0.65625
 0.5703125 0.6640625
 0.5625 0.6640625
 0.1171875 0.25
 0.109375 0.2578125
 0.9609375 0.6875
 0.9609375 0.6953125
 0.0546875 0.7734375
 0.046875 0.7734375
 0.0546875 0.765625
 0.5546875 0.7890625
 0.1328125 0.78125
 0.1328125 0.7890625
 0.125 0.7890625
 0.1015625 0.5546875
 0.4765625 0.6171875
 0.46875 0.6171875
 0.515625 0.5546875
 0.5078125 0.5625
 0.0390625 0.21875
 0.0390625 0.2109375
 0.515625 0.7890625
 0.5078125 0.796875
 0.1796875 0.9765625
 0.1796875 0.96875
 0.9140625 0.6328125
 0.90625 0.6328125
 0.7421875 0.8515625
 0.734375 0.8515625
 0.5390625 0.7734375
 0.53125 0.7734375
 0.8828125 0.3125
 0.875 0.3203125
 0.8671875 0.71875
 0.25 0.7109375
 0.2421875 0.71875
 0.2421875 0.7109375
 0.2734375 0.8671875
 0.2734375 0.859375
 0.453125 0.9609375
 0.4609375 0.953125
 0.3828125 0.9765625
 0.8828125 0
 0.15625 0.5078125
 0.1484375 0.5078125
 0.7734375 0.4609375
 0.765625 0.4609375
 0.1328125 0.953125
 0.1328125 0.9453125
 0.8671875 0.4453125
 0.9296875 0.3203125
 0.390625 0.4296875
 0.3828125 0.4375
 0.3828125 0.4296875
 0.8359375 0.578125
 0.6015625 0.703125
 0.6015625 0.6953125
 0.5078125 0.625
 0.5078125 0.6171875
 0.5859375 0.8515625
 0.0390625 0.9453125
 0.734375 0.7734375
 0.7265625 0.78125
 0.7265625 0.7734375
 0.7265625 0.75
 0.7265625 0.7578125
 0.71875 0.7578125
 0.8984375 0.3203125
 0.1953125 0.859375
 0.1953125 0.8671875
 0.1875 0.8671875
 0.875 0.9453125
 0.546875 0.8671875
 0.5390625 0.875
 0.7109375 0.578125
 0.3046875 0.0390625
 0.296875 0.0390625
 0.3046875 0.03125
 0.28125 0.3984375
 0.2734375 0.3984375
 0.2734375 0.3359375
 0.265625 0.3359375
 0.9453125 0.65625
 0.9453125 0.6484375
 0.1953125 0.3359375
 0.7890625 0.6875
 0.765625 0.3671875
 0.921875 0.8359375
 0.2109375 0.9453125
 0.203125 0.9453125
 0.65625 0.6171875
 0.6484375 0.625
 0.578125 0.6796875
 0.5703125 0.6875
 0.5234375 0.90625
 0.671875 0.0234375
 0.6640625 0.0234375
 0.6328125 0.7734375
 0.09375 0.7734375
 0.0859375 0.78125
 0.0859375 0.7734375
 0.203125 0.8515625
 0.1953125 0.8515625
 0.7421875 0
 0.7421875 0.0078125
 0.734375 0.0078125
 0.390625 0.3984375
 0.3984375 0.390625
 0.359375 0.5859375
 0.3515625 0.59375
 0.3515625 0.5859375
 0.6484375 0.6640625
 0.640625 0.6640625
 0.5625 0.7265625
 0.9140625 0.796875
 0.9140625 0.7890625
 0.921875 0.7890625
 0.5859375 0.3828125
 0.84375 0.7578125
 0.8359375 0.765625
 0.8828125 0.7578125
 0.7734375 0.6171875
 0.765625 0.6171875
 0.15625 0.6640625
 0.1484375 0.6640625
 0.5390625 0.453125
 0.921875 0.3203125
 0.0234375 0.75
 0.0234375 0.7421875
 0.0234375 0.03125
 0.8984375 0.46875
 0.8984375 0.4609375
 0.921875 0.2109375
 0.875 0.4296875
 0.8671875 0.4375
 0.8671875 0.4296875
 0.8359375 0.0625
 0.3671875 0.0625
 0.3671875 0.0703125
 0.8984375 0.7890625
 0.890625 0.7890625
 0.53125 0.9921875
 0.5234375 1
 0.5234375 0.9921875
 0.1015625 0.984375
 0.2890625 0.1171875
 0.28125 0.1171875
 0.2890625 0.109375
 0.7578125 0.375
 0.7578125 0.3828125
 0.6171875 0.1484375
 0.609375 0.1484375
 0.8359375 0.4765625
 0.7265625 0.1171875
 0.71875 0.1171875
 0.2265625 0.6640625
 0.234375 0.6640625
 0.703125 0.2890625
 0.6953125 0.2890625
 0.4609375 0.46875
 0.4609375 0.4765625
 0.453125 0.4765625
 0.2890625 0.734375
 0.2890625 0.7265625
 0.296875 0.7265625
 0.1484375 0.625
 0.1484375 0.7578125
 0.390625 0.8828125
 0.3828125 0.8828125
 0.28125 0.7265625
 0.8671875 0.7421875
 0.0703125 0.1328125
 0.1953125 0.1875
 0.2578125 0.71875
 0.2578125 0.7265625
 0.25 0.7265625
 0.2578125 0.2578125
 0.25 0.2578125
 0.8359375 0.125
 0.8359375 0.1171875
 0.4453125 0.5625
 0.4375 0.5703125
 0.125 0.9921875
 0.1171875 1
 0.796875 0.3828125
 0.8359375 0.625
 0.8359375 0.6171875
 0.4296875 0.953125
 0.578125 0.5078125
 0.5703125 0.515625
 0.5703125 0.5078125
 0.5234375 0.7734375
 0.515625 0.7734375
 0.5234375 0.765625
 0.0078125 0.21875
 0.0078125 0.2265625
 0 0.2265625
 0.28125 0.5234375
 0.2734375 0.53125
 0.2109375 0.875
 0.203125 0.8828125
 0.1796875 0.875
 0.1796875 0.8828125
 0.171875 0.8828125
 0.140625 0.8203125
 0.4296875 0.5703125
 0.0703125 0.15625
 0.0625 0.1640625
 0.7890625 0.328125
 0.78125 0.3359375
 0.703125 0.3515625
 0.5625 0.5546875
 0.328125 0.4140625
 0.3203125 0.421875
 0.7109375 0.125
 0.7109375 0.1171875
 0.46875 0.5703125
 0.4609375 0.578125
 0.4609375 0.5703125
 0.1171875 0.15625
 0.1171875 0.1484375
 0.6171875 0.0625
 0.609375 0.0703125
 0.8515625 0.1015625
 0.8515625 0.09375
 0.7890625 0.1875
 0.7890625 0.1953125
 0.5390625 0.7109375
 0.53125 0.7109375
 0.2890625 0.890625
 0.0859375 0.609375
 0.0859375 0.6015625
 0.171875 0.9921875
 0.1640625 1
 0.8046875 0.515625
 0.359375 0.1328125
 0.3515625 0.1328125
 0.2890625 0.9765625
 0.28125 0.9765625
 0.2734375 0.8359375
 0.1640625 0.703125
 0.15625 0.7109375
 0.421875 0.6953125
 0.0625 0.6796875
 0.96875 0.7109375
 0.015625 0.9296875
 0.0078125 0.9375
 0.7265625 0.015625
 0.7265625 0.1953125
 0.90625 0.0703125
 0.8984375 0.078125
 0.8984375 0.0703125
 0.6796875 0.0625
 0.8125 0.8515625
 0.8046875 0.859375
 0.671875 0.9296875
 0.9296875 0.7734375
 0.9296875 0.8671875
 0.90625 0.2265625
 0.546875 0.7734375
 0.5546875 0.765625
 0.6328125 0.5703125
 0.75 0.0703125
 0.7421875 0.078125
 0.7421875 0.0703125
 0.8515625 0.0859375
 0.1015625 0.25
 0.1015625 0.2578125
 0.546875 0.5703125
 0.5390625 0.5703125
 0.515625 0.2734375
 0.5078125 0.28125
 0.7421875 0.7109375
 0.734375 0.7109375
 0.7421875 0.703125
 0.6640625 0.0859375
 0.65625 0.0859375
 0.953125 0.2578125
 0.9453125 0.265625
 0.9453125 0.2578125
 0.8046875 0.1015625
 0.1953125 0.0625
 0.1953125 0.0546875
 0.234375 0.8203125
 0.2265625 0.828125
 0.2265625 0.8203125
 0.3515625 0.375
 0.3515625 0.3828125
 0.0703125 0.9453125
 0.0625 0.9453125
 0.5859375 0.0390625
 0.3203125 0.515625
 0.3203125 0.5234375
 0.3125 0.5234375
 0.1640625 0.7734375
 0.1796875 0.0078125
 0.1875 0.4921875
 1 0.4609375
 0.9921875 0.46875
 0.9921875 0.4609375
 0.8828125 0.15625
 1 0.2578125
 0.9921875 0.265625
 0.1015625 0.953125
 0.1015625 0.9609375
 0.09375 0.9609375
 0.4140625 0.3828125
 0.40625 0.3828125
 0.8046875 0.0546875
 0.796875 0.0546875
 0.8046875 0.046875
 0.9140625 0.5078125
 0.0546875 0.265625
 0.1328125 0.796875
 0.3828125 0.5
 0.3828125 0.4921875
 0.078125 0.5390625
 0.0703125 0.546875
 0.3515625 0.40625
 0.3203125 1
 0.3203125 0.9921875
 0.7265625 0.4921875
 0.71875 0.4921875
 0.6328125 0.3828125
 0.1015625 0.359375
 0.1015625 0.3515625
 0.65625 0.7890625
 0.6484375 0.796875
 0.6484375 0.7890625
 0.046875 0.8984375
 0.0390625 0.90625
 0.0390625 0.8984375
 0.5546875 0.0234375
 0.546875 0.0234375
 0.5546875 0.015625
 0.8984375 0.5234375
 0.890625 0.5234375
 0.8984375 0.515625
 0.875 0.8828125
 0.5234375 0.3984375
 0.515625 0.3984375
 0.5234375 0.390625
 1 0.5078125
 0.9921875 0.5078125
 0.7578125 0.1796875
 0.75 0.1796875
 0.421875 0.6484375
 0.4140625 0.65625
 0.4140625 0.6484375
 0.0859375 0.9375
 0.96875 0.2109375
 0.8828125 0.203125
 0.875 0.2109375
 0.6796875 0.2421875
 0.671875 0.2421875
 0.6796875 0.234375
 0.734375 0.0546875
 0.7421875 0.046875
 0.3515625 0.2265625
 0.34375 0.2265625
 0.3515625 0.21875
 0.8359375 0.0078125
 0.8984375 0.8125
 0.890625 0.8203125
 0.3671875 0.7890625
 0.7890625 0.140625
 0.7890625 0.1484375
 0.78125 0.1484375
 0.4765625 0.921875
 0.953125 0.9453125
 0.3203125 0.4296875
 0.4609375 0.84375
 0.4609375 0.8515625
 0.453125 0.8515625
 0.5546875 0.0859375
 0.5546875 0.078125
 0.0234375 0.5234375
 0.0234375 0.515625
 0.8671875 0.0234375
 0.453125 0.0546875
 0.4453125 0.0625
 0.5234375 0.8125
 0.0234375 0.8046875
 0.015625 0.8046875
 0.1328125 0.609375
 0.1328125 0.6171875
 0.125 0.6171875
 0.1171875 0.625
 0.1171875 0.6328125
 0.109375 0.6328125
 0.3984375 0.0546875
 0.3984375 0.046875
 0.7890625 0.953125
 0.78125 0.9609375
 0.34375 0.0546875
 0.3515625 0.046875
 0.328125 0.2265625
 0.3203125 0.234375
 0.25 0.7578125
 0.4453125 0.53125
 0.578125 0.8359375
 0.5703125 0.8359375
 0.0234375 0.2734375
 0.0234375 0.265625
 0.7890625 0.453125
 0.7890625 0.4453125
 0.8515625 0.625
 0.2578125 0.0078125
 0.171875 0.2421875
 0.1640625 0.2421875
 0.6640625 0.3515625
 0.6640625 0.34375
 0.140625 0.6640625
 0.1328125 0.671875
 0.84375 0.4453125
 0.7734375 0.90625
 0.7734375 0.9140625
 0.5 0.6484375
 0.4921875 0.6484375
 0.9609375 0.234375
 0.0234375 0.15625
 0.0625 0.1484375
 0.0546875 0.1484375
 0.1328125 0.4921875
 0.828125 0.3515625
 0.8203125 0.359375
 0.8203125 0.3515625
 0.3671875 0.3046875
 0.359375 0.3046875
 0.3671875 0.296875
 0.921875 0.8203125
 0.5 0.8515625
 0.328125 0.0703125
 0.3203125 0.0703125
 0.21875 0.3359375
 0.2109375 0.34375
 0.515625 0.6953125
 0.7265625 0.7890625
 0.71875 0.7890625
 0.125 0.9453125
 0.1171875 0.9453125
 0.453125 0.9765625
 0.4453125 0.9765625
 0.2578125 0.703125
 0.2578125 0.6953125
 0.640625 0.2265625
 0.1171875 0.375
 0.1171875 0.3671875
 0.3359375 0.3125
 0.328125 0.3203125
 0.5703125 0.34375
 0.5703125 0.3515625
 0.109375 0.8046875
 0.1015625 0.8046875
 0.8515625 0.78125
 0.4453125 0.46875
 0.4453125 0.4765625
 0.84375 0.9296875
 0.8359375 0.9375
 0.796875 0.1796875
 0.4609375 0.9375
 0.4609375 0.9453125
 0.453125 0.9453125
 0.671875 0.2734375
 0.6796875 0.265625
 0 0.0390625
 0.1953125 0.5625
 0.3203125 0.78125
 0.3203125 0.7890625
 0.0390625 0.7734375
 0.03125 0.7734375
 0.4453125 0.65625
 0.4453125 0.6640625
 0.4375 0.6640625
 0.4921875 0.640625
 0.5078125 0.75
 0.5078125 0.7578125
 0.5 0.7578125
 0.9375 0.4921875
 0.9609375 0.2734375
 0.953125 0.2734375
 0.6015625 0.9765625
 0.59375 0.8671875
 0.3203125 0.1640625
 0.65625 0.1640625
 0.6484375 0.171875
 0.6015625 0.6171875
 0.59375 0.6171875
 0.6015625 0.609375
 0.2265625 0.453125
 0.2265625 0.4453125
 0.515625 0.9453125
 0.5078125 0.953125
 0.0546875 0.8359375
 0.9296875 0.2265625
 0.921875 0.2265625
 0.078125 0.0859375
 0.0703125 0.09375
 0.0703125 0.0859375
 0.9140625 0.09375
 0.1171875 0.2265625
 0.109375 0.2265625
 0.3984375 0.3828125
 0.390625 0.3828125
 0.875 0.5703125
 0 0.1640625
 0.0859375 0.578125
 0.0859375 0.5703125
 0.390625 0.3046875
 0.3828125 0.3046875
 0.1484375 0.8125
 0.5703125 0.578125
 0.5703125 0.5859375
 0.5625 0.5859375
 0.453125 0.2265625
 0.4453125 0.2265625
 0.4140625 0.625
 0.4140625 0.6328125
 0.40625 0.6328125
 0.921875 0.4296875
 0.9140625 0.4296875
 0.6796875 0.4609375
 0.671875 0.4609375
 0.6796875 0.453125
 0.4609375 0.4296875
 0.453125 0.4296875
 0.4609375 0.421875
 0.7734375 0.15625
 0.40625 0.8203125
 0.3984375 0.8203125
 0.1953125 0.921875
 0.1953125 0.9140625
 0.59375 0.8984375
 0.7421875 0.7734375
 0.0625 0.7109375
 0.0546875 0.71875
 0.6484375 0.78125
 0.640625 0.7890625
 0.9296875 0.2421875
 0.59375 0.6328125
 0.1640625 0.9140625
 0.171875 0.9140625
 0.9375 0.7890625
 0.9296875 0.7890625
 0.7734375 0.46875
 0.5859375 0.6875
 0.5859375 0.6796875
 0.3671875 0.640625
 0.3203125 0.046875
 0.3125 0.0546875
 0.5390625 0.8359375
 0.4140625 0.2421875
 0.40625 0.2421875
 0.4140625 0.234375
 0.0390625 0.484375
 0.2734375 0.078125
 0.2734375 0.0703125
 0.28125 0.1953125
 0.2734375 0.1953125
 0.6171875 0.828125
 0.6171875 0.8203125
 0.09375 0.5234375
 0.0859375 0.53125
 0.9453125 0.953125
 0.9453125 0.9453125
 0.8671875 0.03125
 0.1953125 0.078125
 0.1953125 0.0703125
 0.8984375 0.453125
 0.4765625 0.5
 0.46875 0.5078125
 0.828125 0.0390625
 0.8203125 0.0390625
 0.3671875 0.6640625
 0.359375 0.6640625
 0.46875 0.1796875
 0.4609375 0.1875
 0.4609375 0.1796875
 0.375 0.0703125
 0.3671875 0.078125
 0.5390625 0.3671875
 0.53125 0.3671875
 0.6328125 0.1796875
 0.625 0.1796875
 0.625 0.6171875
 0.6171875 0.6171875
 0.8359375 0.890625
 0.2890625 0.7890625
 0.0546875 0.78125
 0.1484375 0.8046875
 0.1484375 0.796875
 0.4140625 0.390625
 0.2421875 0.4921875
 0.234375 0.4921875
 0.2421875 0.484375
 0.5234375 0.9375
 0.5234375 0.9296875
 0.1484375 0.71875
 0.75 0.8671875
 0.7421875 0.875
 0.7421875 0.8671875
 0.2890625 0.2890625
 0.296875 0.2890625
 0.40625 0.4453125
 0.3984375 0.4453125
 0.40625 0.3046875
 0.3984375 0.3125
 0.3984375 0.3046875
 0.8359375 0.328125
 0.078125 0.5078125
 0.46875 0.4765625
 0.4921875 0.265625
 0.4765625 0.2421875
 0.7890625 0.3828125
 0.78125 0.3828125
 0.8046875 0.4140625
 0.8046875 0.40625
 0.9453125 0.015625
 0.9453125 0.0234375
 0.25 0.1015625
 0.2421875 0.1015625
 0.6953125 0.8125
 0.6875 0.8203125
 0.0078125 0.75
 0 0.7578125
 0.078125 0.9453125
 0.0703125 0.953125
 0.1640625 0
 0.1640625 0.0078125
 0.15625 0.0078125
 0.96875 0.6171875
 0.9609375 0.625
 0.703125 0.0859375
 0.6953125 0.09375
 0.65625 0.2890625
 0.6640625 0.28125
 0.578125 0.8515625
 0.7109375 0.0625
 0.703125 0.0703125
 0.1796875 0.4609375
 0.1796875 0.453125
 0.5859375 0.34375
 0.5 0.8984375
 0.4921875 0.8984375
 0.1171875 0.796875
 0.078125 0.4453125
 0.0703125 0.4453125
 0.265625 0.8046875
 0.2578125 0.8125
 0.09375 0.6796875
 0.0859375 0.6875
 0.0859375 0.6796875
 0.859375 0.3046875
 0.8515625 0.3046875
 0.1328125 0.75
 0.1328125 0.7421875
 0.3984375 0.0625
 0.0546875 0.5390625
 0.7421875 0.1875
 0.7421875 0.1953125
 0.734375 0.1953125
 0.0234375 0.8125
 0.0234375 0.8203125
 0.015625 0.8203125
 0.1953125 0.296875
 0.0390625 0.4921875
 0.3125 0.7109375
 0.3046875 0.71875
 0.3046875 0.7109375
 0.3671875 0.2421875
 0.0546875 0.2734375
 0.046875 0.2734375
 0.9375 0.3046875
 0.9296875 0.3125
 0.9296875 0.3046875
 0.8046875 0.484375
 0.5 0.1171875
 0.4921875 0.1171875
 0.8046875 0.109375
 0.1484375 0.59375
 0.140625 0.6015625
 0.1796875 0.6875
 0.1796875 0.6953125
 0.171875 0.6953125
 0.28125 0.7421875
 0.71875 0.4453125
 0.15625 0.5390625
 0.7890625 0.1328125
 0.046875 0.8515625
 0.0546875 0.84375
 0.8671875 0.09375
 0.1015625 0.4140625
 0.03125 0.4453125
 0.7421875 0.921875
 0.734375 0.5859375
 0.7421875 0.578125
 0.8671875 0.8984375
 0.8671875 0.890625
 0.3828125 0.625
 0.375 0.6328125
 0.2109375 0.78125
 0.421875 0.3046875
 0.4140625 0.3125
 0.4140625 0.3046875
 0.09375 0.4609375
 0.59375 0.9296875
 0.1171875 0.8671875
 0.125 0.8671875
 0.09375 0.8671875
 0.0625 0.2734375
 0.4453125 0.09375
 0.1640625 0.0625
 0.1640625 0.0703125
 0.7578125 0.25
 0.7578125 0.2578125
 0.75 0.2578125
 0.671875 0.4765625
 0.6796875 0.46875
 0.1015625 0.0625
 0.515625 0.7265625
 0.734375 0.4296875
 0.7265625 0.4375
 0.7265625 0.4296875
 0.6484375 0.0859375
 0.6484375 0.078125
 0.3359375 0.453125
 0.640625 0.4140625
 0.65625 0.6328125
 0.6484375 0.6328125
 0.5390625 0.828125
 0.7265625 0.5
 0.3828125 0.1796875
 0.3984375 0.546875
 0.34375 0.2734375
 0.3359375 0.28125
 0.1640625 0.515625
 0.84375 0.7265625
 0.8515625 0.71875
 0.859375 0.3359375
 0.8515625 0.34375
 0.8515625 0.3359375
 0.609375 0.6171875
 0.6015625 0.625
 0.625 0.3828125
 0.6171875 0.390625
 0.1953125 0.109375
 0.2734375 0.6484375
 0.78125 0.3046875
 0.7734375 0.3125
 0.7734375 0.3046875
 0.3359375 0.015625
 0.3359375 0.0078125
 0.8671875 0.6640625
 0.7890625 0.6015625
 0.7890625 0.59375
 0.6328125 0.203125
 0.6328125 0.1953125
 0.328125 0.1640625
 0.9140625 0.9140625
 0.921875 0.9140625
 0.71875 0.5390625
 0.7109375 0.546875
 0.0390625 0.1875
 0.0390625 0.1796875
 0.1484375 0.9296875
 0.1484375 0.921875
 0.09375 0.1484375
 0.328125 0.6015625
 0.3203125 0.6015625
 0.53125 0.5234375
 0.5234375 0.53125
 0.5234375 0.5234375
 0.6640625 0.9296875
 0.65625 0.9296875
 0.296875 0.2109375
 0.2890625 0.21875
 0.703125 0.1171875
 0.7421875 0.6953125
 0.4453125 0.7109375
 0.7109375 0.65625
 0.7109375 0.6640625
 0.4765625 0.4921875
 0.46875 0.4921875
 0.1328125 0.7734375
 0.5859375 0.5078125
 0.1953125 0.8125
 0.1953125 0.8203125
 0.796875 0.8203125
 0.7890625 0.828125
 0.7890625 0.8203125
 0.859375 0.1796875
 0.0859375 0.96875
 0.125 0.5703125
 0.4296875 0.9296875
 0.421875 0.9296875
 0.4296875 0.921875
 0.140625 0.6171875
 0.796875 0.2421875
 0.7890625 0.25
 0.7890625 0.2421875
 0.8359375 0.5625
 0.8359375 0.5703125
 0.4921875 0.765625
 0.078125 0.3046875
 0.0859375 0.296875
 0.015625 0.8359375
 0.0078125 0.8359375
 0.0390625 0.2890625
 0.03125 0.2890625
 0.0390625 0.28125
 0.5546875 0.421875
 0.015625 0.3046875
 0.0078125 0.3125
 0.2265625 0.2578125
 0.21875 0.2578125
 0.9921875 0.8515625
 0.8203125 0.609375
 0.8203125 0.6171875
 0.8125 0.6171875
 0.2265625 0.953125
 0.2265625 0.9609375
 0.65625 0.3671875
 0.6640625 0.359375
 0.671875 0.8359375
 0.4453125 0.7890625
 0.4140625 0.640625
 0.40625 0.6484375
 0.0234375 0.5625
 0.0234375 0.5546875
 0.671875 0.2109375
 0.6640625 0.21875
 0.1015625 0.203125
 0.1015625 0.2109375
 0.4140625 0.3203125
 0.40625 0.3203125
 0.0390625 0.2265625
 0.1171875 0.6171875
 0.4453125 0.3984375
 0.4375 0.3984375
 0.03125 0.8203125
 0.515625 0.4296875
 0.5078125 0.4296875
 0.765625 0.3046875
 0.7578125 0.3125
 0.9609375 0.8515625
 0.5078125 0.3515625
 0.75 0.8984375
 0.09375 0.0390625
 0.0859375 0.046875
 0.0859375 0.0390625
 0.0546875 0.921875
 0.4296875 0.4375
 0.5703125 0.984375
 0.1171875 0.515625
 0.1171875 0.5078125
 0.984375 0.2265625
 0.6171875 0.53125
 0.984375 0.8046875
 0.9765625 0.8125
 0.9140625 0.5703125
 0.90625 0.5703125
 0.484375 0.8828125
 0.4765625 0.890625
 0.6015625 0.578125
 0.59375 0.5859375
 0.2109375 0.46875
 0.171875 0.7421875
 0.1640625 0.7421875
 0.9296875 0.75
 0.0234375 0.4609375
 0.6640625 0.9765625
 0.5390625 0.1328125
 0.53125 0.1328125
 0.8203125 0.03125
 0.1171875 0.609375
 0.9453125 0.796875
 0.9453125 0.8046875
 0.9375 0.8046875
 0.8515625 0.140625
 0.8515625 0.1484375
 0.7578125 0.7578125
 0.5078125 0.8828125
 0.9765625 0.359375
 0.84375 0.6328125
 0.8359375 0.640625
 0.8359375 0.6328125
 0.2578125 0.78125
 0.359375 0.7109375
 0.3515625 0.71875
 0.3515625 0.7109375
 0.2421875 0.78125
 0.7109375 0.375
 0.7109375 0.3671875
 0.1171875 0.765625
 0.1796875 0.6640625
 0.59375 0.9609375
 0.5703125 0.15625
 0.5703125 0.1640625
 0.5625 0.1640625
 0.7890625 0.3046875
 0.28125 0.5703125
 0.2734375 0.578125
 0.2734375 0.5703125
 0.28125 0.1640625
 0.2734375 0.171875
 0.3203125 0.140625
 0.0234375 0.765625
 0.0234375 0.7578125
 0.34375 0.7734375
 0.109375 0.5859375
 0.5546875 0.9453125
 0.546875 0.9453125
 0.3203125 0.625
 0.3203125 0.6328125
 0.0546875 0.546875
 0.9140625 0.21875
 0.9140625 0.2109375
 0.46875 0.8359375
 0.4609375 0.8359375
 0.7890625 0.859375
 0.5859375 0.828125
 0.5859375 0.8203125
 0.2421875 0.28125
 0.25 0.8828125
 0.0703125 0.1015625
 0.7890625 0.203125
 0.7890625 0.2109375
 0.3359375 0.578125
 0.0703125 0.3125
 0.2890625 0.6171875
 0.28125 0.6171875
 0.703125 0.8984375
 0.4296875 0.296875
 0.8671875 0.2890625
 0.8671875 0.28125
 0.1328125 0.3125
 0.125 0.3203125
 0.234375 0.9765625
 0.2421875 0.96875
 0.7421875 0.4765625
 0.5703125 0.328125
 0.5703125 0.3203125
 0.6875 0.2265625
 0.0390625 0.7265625
 0.046875 0.7265625
 0.6953125 0.2578125
 0.6875 0.2578125
 0.1015625 0.0546875
 0.09375 0.0546875
 0.125 0.3984375
 0.2890625 0.0390625
 0.28125 0.0390625
 0.1484375 0.015625
 0.1484375 0.0078125
 0.9609375 0.09375
 0.9609375 0.1015625
 0.953125 0.1015625
 0.6953125 0.921875
 0.6953125 0.9296875
 0.4609375 0.15625
 0.4609375 0.1484375
 0.796875 0.5546875
 0.7890625 0.5625
 0.7890625 0.5546875
 0.8359375 0.1328125
 0.8203125 0.3828125
 0.109375 0.3671875
 0.1015625 0.3671875
 0.3984375 0.78125
 0.3984375 0.7890625
 0.7109375 0.734375
 0.7109375 0.7265625
 0.046875 0.1484375
 0.0390625 0.15625
 0.15625 0.5859375
 0.6171875 0.8515625
 0.0859375 0.234375
 0.0703125 0.1796875
 0.0625 0.1796875
 0.8046875 0.828125
 0.8046875 0.8203125
 0.2578125 0.0390625
 0.7109375 0.03125
 0.703125 0.0390625
 0.828125 0.0703125
 0.7578125 0.203125
 0.75 0.2109375
 0.734375 0.6640625
 0.421875 0.2734375
 0.4140625 0.28125
 0.375 0.9609375
 0.765625 0.2734375
 0.7578125 0.28125
 0.7578125 0.2734375
 0.2578125 0.0703125
 0.25 0.0703125
 0.765625 0.3203125
 0.7578125 0.328125
 0.7578125 0.3203125
 0.140625 0.8984375
 0.1328125 0.90625
 0.296875 0.1640625
 0.5234375 0.2734375
 0.0625 0.5546875
 0.0546875 0.5625
 0.0546875 0.5546875
 0.5390625 0.953125
 0.6640625 0.671875
 0.671875 0.6640625
 0.9921875 0.6796875
 0.9921875 0.671875
 0.46875 0.6953125
 0.4609375 0.6953125
 0.5 0.4296875
 0.4921875 0.4375
 0.2109375 0.6171875
 0.171875 0.2109375
 0.546875 0.9921875
 0.5390625 1
 0.5390625 0.9921875
 0.890625 0.3046875
 0.8828125 0.3046875
 0.375 0.1328125
 0.3671875 0.1328125
 0.9609375 0.109375
 0.9453125 0.6640625
 0.9375 0.6640625
 0.375 0.9140625
 0.3671875 0.9140625
 0.40625 0.6796875
 0.3984375 0.6875
 0.0703125 0.015625
 0.28125 0.8984375
 0.84375 0.3984375
 0.8359375 0.40625
 0.5 0.0546875
 0.4921875 0.0546875
 0.4296875 0.2421875
 0.421875 0.2421875
 0.2890625 0.984375
 0.78125 0.4609375
 0.28125 0.8671875
 0.2890625 0.859375
 0.8515625 0.4765625
 0.84375 0.4765625
 0.8046875 0.0390625
 0.796875 0.0390625
 0.6328125 0.3125
 0.6328125 0.3203125
 0.625 0.3203125
 0.578125 0.4765625
 0.03125 0.8046875
 0.9765625 0.890625
 0.9765625 0.8828125
 0.6796875 0.859375
 0.6796875 0.8515625
 0.6015625 0.15625
 0.3515625 0.234375
 0.203125 0.3203125
 0.1953125 0.328125
 0.0703125 0.4765625
 0.1953125 0.9453125
 0.1875 0.9453125
 0.8828125 0.8203125
 0.0625 0.4765625
 0.0078125 0.78125
 0 0.7890625
 0.9453125 0.046875
 0.9453125 0.0546875
 0.9375 0.0546875
 0.8515625 0.7890625
 0.859375 0.7890625
 0.78125 0.1171875
 0.96875 0.6953125
 0.8984375 0.4140625
 0.2421875 0.7265625
 0.8984375 0.84375
 0.8984375 0.8515625
 0.890625 0.8515625
 0.640625 0.4921875
 0.6328125 0.4921875
 0.5234375 0.625
 0.875 0.2734375
 0.8671875 0.2734375
 0.9453125 0.3046875
 0.3515625 0.578125
 0.1640625 0.890625
 0.1640625 0.8984375
 0.390625 0.8984375
 0.7265625 0.125
 0.6953125 0.40625
 0.6953125 0.4140625
 0.6875 0.4140625
 0.296875 0.9453125
 0.2890625 0.953125
 0.2890625 0.9453125
 0.8046875 0.9765625
 0.796875 0.9765625
 0.75 0.6953125
 0.4453125 0.546875
 0.4453125 0.5546875
 0.4375 0.5546875
 0.1484375 0.8828125
 0.9140625 0.9453125
 0.3671875 0.2890625
 0.5 0.2421875
 0.7734375 0.3359375
 0.671875 0.6796875
 0.6640625 0.6796875
 0.7890625 0.8125
 0.7890625 0.8046875
 0.015625 0.6640625
 0.3046875 0.9296875
 1 0.4921875
 0.9921875 0.5
 0.5859375 0.78125
 0.578125 0.7890625
 0.90625 0.4140625
 0.1328125 0.046875
 0.1328125 0.0390625
 0.40625 0.5390625
 0.4453125 0.6484375
 0.2265625 0.21875
 0.7890625 0.8359375
 0.5703125 0.171875
 0.3671875 0.75
 0.3671875 0.7578125
 0.4609375 0.875
 0.453125 0.8828125
 0.640625 0.2734375
 0.3359375 0.2265625
 0.6015625 0.4140625
 0.1796875 0.7421875
 0.1796875 0.734375
 0.3359375 0.4921875
 0.5234375 0.7421875
 0.515625 0.7421875
 0.5234375 0.734375
 0.625 0.0546875
 0.0859375 0.9609375
 0.8125 0.5390625
 0.8046875 0.546875
 0.8046875 0.5390625
 0.1171875 0.015625
 0.7734375 0.5546875
 0.765625 0.5546875
 0.3125 0.2109375
 0.5078125 0.3984375
 0.3984375 0.9140625
 0.546875 0.6328125
 0.5390625 0.640625
 0.34375 0.6796875
 0.3359375 0.6875
 0.2890625 0.7578125
 0.515625 0.6328125
 0.5078125 0.640625
 0.5078125 0.6328125
 0.34375 0.2890625
 0.3359375 0.2890625
 0.3984375 0.65625
 0.671875 0.3984375
 0.6640625 0.3984375
 0.3984375 0.09375
 0.390625 0.1015625
 0.046875 0.1171875
 0.0390625 0.125
 0.5546875 0.5625
 0.5546875 0.5703125
 0.375 0.7265625
 0.3671875 0.7265625
 0.203125 0.7578125
 0.1953125 0.765625
 0.9453125 0.1796875
 0.8125 0.4296875
 0.1171875 0.140625
 0.1171875 0.1328125
 0.578125 0.5703125
 0.5703125 0.5703125
 0.578125 0.7734375
 0.5703125 0.78125
 0.5703125 0.7734375
 0.1328125 0.0625
 0.9609375 0.3984375
 0.1640625 0.65625
 0.2265625 0.5859375
 0.21875 0.5859375
 0.4921875 0.5390625
 0.484375 0.5390625
 0.640625 0.1796875
 0.6328125 0.1875
 0.1640625 0.2109375
 0.3828125 0.8125
 0.4453125 0.890625
 0.4453125 0.8984375
 0.890625 0.6640625
 0.546875 0.6171875
 0.34375 0.3984375
 0.3359375 0.40625
 0.953125 0.0234375
 0.3046875 0.328125
 0.7421875 0.0234375
 0.2734375 0.375
 0.2734375 0.3828125
 0.4140625 0.9296875
 0.734375 0.7421875
 0.6484375 0.0625
 0.421875 0.4140625
 0.4296875 0.40625
 0.3046875 0.234375
 0.3046875 0.2265625
 0.4921875 0.75
 0.1328125 0.8671875
 0.34375 0.3046875
 0.3984375 0.6484375
 0.0234375 0.453125
 0.4296875 0.0390625
 0.421875 0.0390625
 0.1171875 0.125
 0.1171875 0.1171875
 0.8046875 0.203125
 0.2890625 0.578125
 0.2890625 0.5859375
 0.6640625 0.1171875
 0.65625 0.1171875
 0.8828125 0.390625
 0.8828125 0.3984375
 0.875 0.3984375
 0.375 0.3046875
 0.3671875 0.3125
 0.1015625 0.609375
 0.2890625 0.640625
 0.2890625 0.6328125
 0.5234375 0.640625
 0.0859375 0.6640625
 0.0234375 0.828125
 0.984375 0.8359375
 0.9765625 0.84375
 0.5234375 0.4296875
 0.3828125 0.859375
 0.1171875 0.9375
 0.109375 0.9453125
 0.1484375 0.375
 0.1484375 0.3671875
 0.296875 0.3046875
 0.2734375 0.7890625
 0.8828125 0.234375
 0.875 0.2421875
 0.5859375 0.4765625
 0.0859375 0.4375
 0.0859375 0.4296875
 0.28125 0.4140625
 0.2890625 0.40625
 0.6484375 0.3046875
 0.640625 0.3046875
 0.6484375 0.296875
 0.9765625 0.7890625
 0.984375 0.7890625
 0.5234375 0.8046875
 0.421875 0.8359375
 0.2109375 0.1796875
 0.203125 0.1796875
 0.7578125 0.46875
 0.8515625 0.75
 0.8515625 0.7578125
 0.9921875 0.8046875
 0.4453125 0.4375
 0.6484375 0.7734375
 0.640625 0.7734375
 0.1015625 0.6171875
 0.09375 0.6171875
 0.109375 0.3828125
 0.9453125 0.1875
 0.9453125 0.1953125
 0.953125 0.7265625
 0.9453125 0.734375
 0.9453125 0.7265625
 0.0625 0.0546875
 0.4765625 0.4609375
 0.46875 0.4609375
 0.0234375 0.96875
 0.015625 0.9765625
 0.90625 0.1328125
 0.8984375 0.1328125
 0.4609375 0.765625
 0.6796875 0.1171875
 0.671875 0.1171875
 0.6796875 0.109375
 0.0546875 0.640625
 0.8203125 0.28125
 0.6484375 0.59375
 0.109375 0.3359375
 0.1015625 0.34375
 0.4140625 0.3515625
 0.4140625 0.34375
 0.8046875 0.8671875
 0.046875 0.2265625
 0.2109375 0.578125
 0.71875 0.3203125
 0.7109375 0.328125
 0.8125 0.1328125
 0.8046875 0.1328125
 0.6171875 0
 0.6171875 0.0078125
 0.7578125 0.6171875
 0.75 0.6171875
 0.7109375 0.0546875
 0.0859375 0.84375
 0.4765625 0.6875
 0.9609375 0.1796875
 0.953125 0.1796875
 0.3359375 1
 0.765625 0.2578125
 0.7578125 0.265625
 0.1796875 0.1328125
 0.8828125 0.1953125
 0.7109375 0.4140625
 0.703125 0.4140625
 0.015625 0.9921875
 0.0078125 1
 0.0078125 0.9921875
 0.8359375 0.0390625
 0.8359375 0.5078125
 0.828125 0.5078125
 0.8828125 0.8125
 0.1953125 0.4296875
 0.1875 0.4296875
 0.890625 0.5859375
 0.390625 0.2265625
 0.9453125 0
 0.9453125 0.0078125
 0.203125 0.7734375
 0.1953125 0.7734375
 0.34375 0.6015625
 0.3359375 0.609375
 0.3359375 0.6015625
 0.3203125 0.7734375
 0.96875 0.8828125
 0.4453125 0.796875
 0.4375 0.8046875
 0.7734375 0.015625
 0.8203125 0.328125
 0.7265625 0.765625
 0.71875 0.7734375
 0.890625 0.1328125
 0.03125 0.2109375
 0.0234375 0.2109375
 0.515625 0.2890625
 0.5078125 0.296875
 0.5078125 0.2890625
 0.8359375 0.25
 0.8359375 0.2578125
 0.453125 0.1328125
 0.421875 0.6328125
 0.859375 0.8203125
 0.546875 0.9296875
 0.8125 0.7734375
 0.8046875 0.78125
 0.8046875 0.7734375
 0.765625 0.3359375
 0.7578125 0.34375
 0.7578125 0.3359375
 0.2109375 0.265625
 0.640625 0.3671875
 0.6328125 0.375
 0.4296875 0.671875
 0.4296875 0.6640625
 0.515625 0.2109375
 0.421875 0.8203125
 0.4140625 0.8203125
 0.1484375 0.3203125
 0.2421875 0.0625
 0.2421875 0.0703125
 0.234375 0.0703125
 0.5234375 0.859375
 0.5234375 0.8515625
 0.6015625 0.8046875
 0.6953125 0.5
 0.6953125 0.5078125
 0.234375 0.9921875
 0.6640625 0.2421875
 0.65625 0.2421875
 0.1484375 0.8515625
 0.4296875 0
 0.4296875 0.0078125
 0.421875 0.0078125
 0.1796875 0.7890625
 0.9453125 0.6875
 0.9375 0.6953125
 0.5859375 0.40625
 0.953125 0.0078125
 0.6953125 0.875
 0.6953125 0.8671875
 0.7265625 0.0859375
 0.2109375 0.7734375
 0.453125 0.0390625
 0.6015625 0.359375
 0.609375 0.3515625
 0.71875 0.1640625
 0.7265625 0.15625
 0.0546875 0.359375
 0.0546875 0.3515625
 0.5625 0.1015625
 0.453125 0.6953125
 0.4453125 0.703125
 0.8203125 0.125
 0.5546875 0.109375
 0.40625 0.1953125
 0.1484375 0.3359375
 0.1484375 0.328125
 0.328125 0.6953125
 0.3203125 0.703125
 0.390625 0.9921875
 0.3984375 0.984375
 0.2734375 0.625
 0.34375 0.1328125
 0.3359375 0.140625
 0.8671875 0.3984375
 0.859375 0.3984375
 0.8671875 0.390625
 0.1640625 0.8125
 0.09375 0.3515625
 0.0859375 0.359375
 0.6953125 0.9375
 0.6953125 0.9453125
 0.8125 0.8828125
 0.5234375 0.5625
 0.5234375 0.5703125
 0.515625 0.5703125
 0.5546875 0.921875
 0.078125 0.7109375
 0.0703125 0.71875
 0.0703125 0.7109375
 1 0.6640625
 0.9921875 0.6640625
 0.28125 0.9453125
 0.53125 0.6015625
 0.5390625 0.59375
 0.6796875 0.8671875
 0.1953125 0.1171875
 0.921875 0.3515625
 0.9296875 0.375
 0.921875 0.3828125
 0.5078125 0.0234375
 0.828125 0.9140625
 0.8203125 0.9140625
 1 0.5234375
 0.0390625 0.9609375
 0.1171875 0.0390625
 0.9609375 0.25
 0.9609375 0.2421875
 0.9453125 0.5078125
 0.9375 0.5078125
 0.828125 0.0078125
 0.5703125 0.2890625
 0.5703125 0.90625
 0.5703125 0.8984375
 0.328125 0.8671875
 0.3203125 0.8671875
 0.2578125 0.046875
 0.25 0.0546875
 0.90625 0.1015625
 0.9140625 0.15625
 0.8515625 0.203125
 0.84375 0.2109375
 0.015625 0.6171875
 0.5546875 0.6875
 0.5546875 0.6796875
 0.421875 0.6796875
 0.4140625 0.6875
 0.4140625 0.6796875
 0.0703125 0.8671875
 0.0625 0.8671875
 0.5078125 0.09375
 0.5078125 0.1015625
 0.7421875 0.1015625
 0.7421875 0.09375
 0.3671875 0.96875
 0.3671875 0.9609375
 0.828125 0.8203125
 0.8828125 0.609375
 0.7890625 0.796875
 0.796875 0.7890625
 0.640625 0.3203125
 0.6328125 0.328125
 0.3203125 0.25
 0.7265625 0.59375
 0.15625 0.6484375
 0.1484375 0.65625
 0.1484375 0.6484375
 0.3671875 0.8515625
 0.359375 0.8515625
 0.3671875 0.84375
 0.2578125 0.5234375
 0.6015625 0.5234375
 0.9765625 0.734375
 0.9765625 0.7265625
 0.984375 0.7265625
 0.6171875 0.3203125
 0.0546875 0.0859375
 0.046875 0.0859375
 0.0546875 0.078125
 0.0625 0.8828125
 0.0546875 0.890625
 0.8359375 0.7734375
 0.71875 0.0234375
 0.671875 0.9609375
 0.890625 0.1640625
 0.8828125 0.1640625
 0.6796875 0.5546875
 0.671875 0.5546875
 0.203125 0.4296875
 0.1953125 0.4375
 0.8515625 0.0625
 0.921875 0.1953125
 0.9140625 0.203125
 0.09375 0.5390625
 0.9140625 0.9375
 0.90625 0.9453125
 0.75 0.7578125
 0.7421875 0.765625
 0.7421875 0.7578125
 0.2421875 0.890625
 0.671875 0.0078125
 0.6640625 0.015625
 0.6640625 0.0078125
 0.1953125 0.515625
 0.1875 0.5234375
 0.71875 0.9140625
 0.0078125 0.828125
 0.0078125 0.8203125
 0.6484375 0.4140625
 0.5390625 0.6484375
 0.1796875 0.984375
 0.1171875 0.7109375
 0.109375 0.7109375
 0.1875 0.4453125
 0.5390625 0.546875
 0.546875 0.5390625
 0.3203125 0.7109375
 0.4453125 0.4609375
 0.234375 0.8046875
 0.2265625 0.8125
 0.53125 0.6953125
 0.953125 0.7734375
 0.9453125 0.78125
 0.8984375 0.5859375
 0.6953125 0.265625
 0.2421875 0.03125
 0.2421875 0.0234375
 0.3203125 0.796875
 0.3203125 0.8046875
 0.3125 0.8046875
 0.484375 0.0078125
 0.4765625 0.0078125
 0.8984375 0.25
 0.5390625 0.3984375
 0.53125 0.3984375
 0.3203125 0.328125
 0.234375 0.7109375
 0.7734375 0.8203125
 0.765625 0.8203125
 0.71875 0.1328125
 0.2265625 0.890625
 0.21875 0.8984375
 0.625 0.7265625
 0.1953125 0.15625
 0.6953125 0
 0.6875 0.0078125
 0.3828125 0.546875
 0.1484375 0.2890625
 0.140625 0.2890625
 0.4609375 0.6171875
 0.515625 0.8828125
 0.0703125 0.7265625
 0.0625 0.7265625
 1 0.4296875
 0.9921875 0.4375
 0.9921875 0.4296875
 0.2890625 0.765625
 0.53125 0.7578125
 0.6953125 0.375
 0.6953125 0.3828125
 0.8984375 0.046875
 0.2734375 0.90625
 0.828125 0.3203125
 0.984375 0.0234375
 0.5703125 0.796875
 0.5703125 0.7890625
 0.15625 0.2890625
 0.546875 0.0546875
 0.5390625 0.0625
 0.7734375 0.4921875
 0.828125 0.6328125
 0.2890625 0.1015625
 0.9140625 0.40625
 0.234375 0.3359375
 0.2265625 0.3359375
 0.3046875 0.8984375
 0.3046875 0.890625
 0.90625 0.8046875
 0.796875 0.2109375
 0.7890625 0.21875
 0.4921875 0.34375
 0.1875 0.4609375
 0.1796875 0.46875
 0.9765625 0.8203125
 0.96875 0.8203125
 0.4765625 0.46875
 0.3359375 0.0546875
 0.3359375 0.046875
 0.9453125 0.2734375
 0.5078125 0.890625
 0.9140625 0.2265625
 0.5546875 0.8828125
 0.4921875 1
 0.1015625 0.75
 0.7578125 0.078125
 0.7578125 0.0703125
 0.421875 0.3515625
 0.0234375 0.0625
 0.015625 0.0703125
 0.5625 0.5078125
 0.5546875 0.515625
 0.0234375 0.1171875
 0.015625 0.1171875
 0.0234375 0.109375
 0.5078125 0.3359375
 0.5 0.3359375
 0.8671875 0.6015625
 0.1953125 0.390625
 0.3125 0.8984375
 0.9921875 0.421875
 0.4296875 0.75
 0.421875 0.7578125
 0.1328125 0.84375
 0.03125 0.0234375
 0.171875 0.8671875
 0.1953125 0.890625
 0.2890625 0.515625
 0.2890625 0.5234375
 0.6328125 0.484375
 0.28125 0.3515625
 0.2734375 0.359375
 0.2734375 0.3515625
 0.1640625 0.3984375
 0.6640625 0.5625
 0.6640625 0.5546875
 0.9453125 0.984375
 0.9453125 0.9921875
 0.6484375 0.0390625
 0.3515625 0.671875
 0.9609375 0.828125
 0.9609375 0.8203125
 0.046875 0.5546875
 0.6875 0.4453125
 0.59375 0.2109375
 0.6171875 0.40625
 0.6171875 0.3984375
 0.8359375 0.7421875
 0.828125 0.7421875
 0.8359375 0.734375
 0.7890625 0.296875
 0.140625 0.9921875
 0.1328125 1
 0.1328125 0.9921875
 0.515625 0.4609375
 0.3828125 0.5078125
 0.1015625 0.453125
 0.2890625 0.140625
 0.2890625 0.1328125
 0.5625 0.4453125
 0.5546875 0.453125
 0.5546875 0.4453125
 1 0.6796875
 0.1640625 0.90625
 0.5234375 0.8984375
 0.5390625 0.3125
 0.5390625 0.3046875
 0.109375 0.6171875
 0.75 0.6640625
 0.7421875 0.6640625
 0.5234375 0.78125
 0.546875 0.4453125
 0.71875 0.1796875
 0.5859375 0.2109375
 0.2578125 0.3125
 0.2578125 0.3203125
 0.1015625 0.84375
 0.8984375 0.9375
 0.4140625 0.125
 0.8984375 0.65625
 0.8984375 0.6640625
 0.796875 0.5234375
 0.7890625 0.53125
 0.7890625 0.5234375
 0.1328125 0.4453125
 0.2890625 0.3125
 1 0.8515625
 0.125 0.4296875
 0.6171875 0.4140625
 0.609375 0.4140625
 0.2109375 0.359375
 0.125 0.5234375
 0.1171875 0.53125
 0.1171875 0.5234375
 0.5625 0.6328125
 0.421875 0.4765625
 0.1796875 0.703125
 0.6171875 0.8984375
 0.703125 0.9921875
 0.6953125 1
 0.0234375 0.40625
 0.0078125 0.7734375
 0 0.7734375
 0.65625 0.0234375
 0.1796875 0
 0.171875 0.0078125
 0.3984375 0.953125
 0.3984375 0.9453125
 0.4140625 0.2578125
 0.9375 0.2734375
 0.4140625 0.5546875
 0.4140625 0.546875
 0.5078125 0.0703125
 0.5 0.0703125
 0.3203125 0.0390625
 0.3125 0.0390625
 0.9140625 0.640625
 0.9140625 0.6484375
 0.90625 0.6484375
 0.7890625 0.8515625
 0.78125 0.8515625
 0.7890625 0.84375
 0.421875 0.2265625
 0.4296875 0.21875
 0.9765625 0.328125
 0.9765625 0.3359375
 0.96875 0.3359375
 0.4296875 0.140625
 0.4296875 0.1328125
 0.984375 0.4609375
 0.9765625 0.46875
 0.9765625 0.4609375
 0.1640625 0.5390625
 0.8828125 0.53125
 0.8203125 0.3984375
 0.203125 0.8359375
 0.2109375 0.828125
 0.4921875 0.5625
 0.4140625 0.046875
 0 0.0546875
 0.65625 0.8671875
 0.140625 0.3671875
 0.734375 0.4140625
 0.7421875 0.40625
 0.5390625 0.984375
 0.5390625 0.9765625
 0.1640625 0.7890625
 0.171875 0.7890625
 0.09375 0.8515625
 0.75 0.5703125
 0.7421875 0.5703125
 0.6953125 0.8359375
 0.6875 0.8359375
 0.4453125 0.90625
 0.4453125 0.9140625
 0.4375 0.9140625
 0.1640625 0.5078125
 0.8671875 0.9609375
 0.4296875 0.265625
 0.6875 0.2421875
 0.8828125 0.375
 0.2578125 0.734375
 0.1953125 0.1484375
 0.828125 0.6171875
 0.8359375 0.609375
 0.1796875 0.390625
 0.1796875 0.3828125
 0.3671875 0.1640625
 0.359375 0.1640625
 0.140625 0.3984375
 0.1328125 0.40625
 0.1328125 0.3984375
 0.140625 0.7578125
 0 0.1484375
 0.1640625 0.6953125
 0.984375 0.5078125
 0.4375 0.0078125
 0.4296875 0.015625
 0.640625 0.7265625
 0.6328125 0.7265625
 0.984375 0.1171875
 0.9765625 0.125
 0.9765625 0.1171875
 0.59375 0.0390625
 0.1484375 0.34375
 0.953125 0.8359375
 0.9453125 0.84375
 0.71875 0.9296875
 0.8203125 1
 0.703125 0.3828125
 0.71875 0.4296875
 0.53125 0.5703125
 0.78125 0.8203125
 0.34375 0.7265625
 0.3671875 0.8125
 0.78125 0.5234375
 0.2578125 0.4375
 0.2734375 0.671875
 0.2109375 0.7109375
 0.2109375 0.703125
 0.1953125 0.125
 0.1953125 0.1328125
 0.1875 0.1328125
 0.7734375 0.2734375
 0.953125 0.0703125
 0.4140625 0.1640625
 0.0390625 0.953125
 0.1484375 0.4140625
 0.2109375 0.6796875
 0.8671875 0.296875
 0.984375 0.7578125
 0.8046875 0.9296875
 0.3515625 0.859375
 0.1796875 0.78125
 0.7265625 0.4140625
 0.71875 0.4140625
 0.75 0.0859375
 0.7578125 0.828125
 0.9375 0.0859375
 0.2265625 0.5
 0.21875 0.5078125
 0.171875 0.3984375
 0.8203125 0.2890625
 0.078125 0.9921875
 0.1875 0.7421875
 0.5078125 0.234375
 0.5078125 0.2421875
 0.9296875 0.28125
 0.7890625 0.765625
 0.78125 0.7734375
 0.9453125 0.078125
 0.4453125 0.0859375
 0.4375 0.0859375
 0.65625 0.1796875
 0.5546875 0.265625
 0.6953125 0.5390625
 0.515625 0.9765625
 0.546875 0.4296875
 0.9140625 0
 0.9140625 0.0078125
 0.90625 0.0078125
 0.8984375 0.296875
 0.375 0.0546875
 0.2109375 0.8125
 0.2109375 0.8203125
 0.203125 0.8203125
 0.84375 0.4140625
 0.8515625 0.40625
 0.2109375 0.71875
 0.203125 0.7265625
 0.90625 0.2890625
 0.2734375 0.5
 0.2734375 0.4921875
 0.4140625 0.1328125
 0.21875 0.1328125
 0.0859375 0.5390625
 0.7265625 0.640625
 0.7265625 0.6328125
 0.375 0.8828125
 0.3671875 0.890625
 0.3671875 0.8828125
 0.8984375 0.625
 0.8984375 0.6328125
 0.1328125 0.390625
 0.0625 0.8984375
 0.0546875 0.90625
 0.0546875 0.8984375
 0.59375 0.5078125
 0.0859375 0.15625
 0.921875 0.0390625
 0.8046875 0.234375
 0.8046875 0.2265625
 0.84375 0.2578125
 0.40625 0.1796875
 0.3828125 0
 0.3046875 0.9375
 0.9765625 0.953125
 0.5703125 0.203125
 0.6328125 0.0546875
 0.3203125 0.4765625
 0.7734375 0.5
 0.8203125 0.1640625
 0.46875 0.9296875
 0.875 0.4140625
 0.8671875 0.421875
 0.2734375 0.2734375
 0.2734375 0.265625
 0.21875 0.0390625
 0.2109375 0.0390625
 0.0078125 0.9140625
 0.75 0.0390625
 0.1328125 0.203125
 0.8828125 0.5078125
 0.8828125 0.4921875
 0.7734375 0.1796875
 0.765625 0.1796875
 0.28125 0.9609375
 0.078125 0.7265625
 0.6796875 0.0859375
 0.671875 0.0859375
 0.4453125 0.859375
 0.4453125 0.8671875
 0.140625 0.1640625
 0.1328125 0.1640625
 0.03125 0.5234375
 0.3984375 0.8125
 0.640625 0.2109375
 0.6328125 0.2109375
 0.7421875 0.5390625
 0.7421875 0.53125
 0.03125 0.2734375
 0.0234375 0.28125
 0.7421875 0.015625
 0.21875 0.8671875
 0.8125 0.6328125
 0.1875 0.3046875
 0.8125 0.4453125
 0.8046875 0.453125
 0.0859375 0.8671875
 0.2421875 0.625
 0.234375 0.6328125
 0.2734375 0.125
 0.2734375 0.1171875
 0.2109375 0.59375
 0.2109375 0.6015625
 0.203125 0.6015625
 0.9375 0.4765625
 0.9296875 0.4765625
 0.4453125 0.5390625
 0.4375 0.5390625
 0.2109375 0.921875
 0.5625 0.9921875
 0.5546875 1
 0.5546875 0.9921875
 0.5234375 0.6328125
 0.7578125 0.7109375
 0.75 0.7109375
 0.9921875 0.3671875
 0.6484375 0.8671875
 0.7734375 0.5234375
 0.7734375 0.515625
 0.5859375 0.59375
 0.9765625 0.515625
 0.9609375 0.015625
 0.9140625 0.8828125
 0.3671875 0.578125
 0.6796875 0.6875
 0.0703125 0.765625
 0.453125 0.5859375
 0.4140625 0.203125
 0.4140625 0.2109375
 0.40625 0.2109375
 0.1484375 0.046875
 0.5234375 0.21875
 0.515625 0.2265625
 0.6171875 0.609375
 0.1640625 0.5
 0.4453125 0.2734375
 0.4375 0.2734375
 0 0.6015625
 0.6171875 0.84375
 0.6796875 0.1796875
 0.4140625 0.703125
 0.4140625 0.7109375
 0.7734375 0.296875
 0.7734375 0.2890625
 0.9765625 0.5625
 0.9765625 0.5546875
 0.7265625 0.0390625
 0.265625 0.4921875
 0.2578125 0.5
 0.8671875 0.234375
 0.9296875 0.7421875
 0.1953125 0.84375
 0.984375 0.3515625
 0.96875 0.4921875
 0.6796875 0.6640625
 0.5234375 0.453125
 0.390625 0.8515625
 0.3828125 0.1875
 0.3828125 0.1953125
 0.359375 0.0390625
 0.6484375 0.0703125
 0.3125 0.8515625
 0.3984375 0.4375
 0.5 0.9609375
 0.6796875 0.6796875
 0.6796875 0.671875
 0.546875 0.5234375
 0.25 0.6171875
 0.6015625 0.1328125
 0.59375 0.1328125
 0.0234375 0.0859375
 0.828125 0.8046875
 0.2890625 0.2265625
 0.28125 0.2265625
 0.3359375 0.84375
 1 0.7578125
 0.9921875 0.7578125
 0.3671875 0.6328125
 0.1875 0.7734375
 0.2265625 0.8671875
 0.1640625 0.625
 0.515625 0.9921875
 0.5234375 0.9453125
 0.921875 0.6484375
 0.9296875 0.640625
 0.0859375 0.484375
 0.3359375 0.546875
 0.7578125 0.859375
 0.421875 0.0546875
 0.4296875 0.046875
 0.65625 0.1953125
 0.6484375 0.203125
 0.4296875 0.2734375
 0.53125 0.3046875
 0.7734375 0.4375
 0.4296875 0.5625
 0.1015625 0.515625
 0.3046875 0.3203125
 0.296875 0.3203125
 0.75 0.3984375
 0.7421875 0.3984375
 0.8671875 0.90625
 0.296875 0.5703125
 0.2890625 0.5703125
 0.4453125 0.96875
 1 0.0703125
 0.9921875 0.0703125
 0.6328125 0.6875
 0.6328125 0.6796875
 0.0390625 0.8671875
 0.0390625 0.859375
 0.359375 0.3984375
 0.1796875 0.5234375
 0.1796875 0.515625
 0.0859375 0.8515625
 0.6796875 0.84375
 0.6796875 0.8359375
 0.46875 0.2265625
 0.4609375 0.2265625
 0.6484375 0.390625
 0.7734375 0.2265625
 0.1171875 0.484375
 0.9140625 0.359375
 0.4296875 0.828125
 0.4296875 0.8203125
 0.0546875 0
 0.4140625 0.8125
 0.7578125 0.3671875
 0.84375 0.1640625
 0.8359375 0.171875
 0.03125 0.0546875
 0.8828125 0.1015625
 0.03125 0.9609375
 0.0234375 0.9609375
 0.765625 0.2421875
 0.109375 0.1953125
 0.1015625 0.1953125
 0.2265625 0.1015625
 0.21875 0.1015625
 0.2265625 0.09375
 0.9609375 0.6796875
 0.4765625 0.21875
 0.15625 0.1796875
 0.3671875 0.2578125
 0.0859375 0.4453125
 0.6484375 0.3125
 0.5859375 0.65625
 0.578125 0.6640625
 0.453125 0.0234375
 0.46875 0.9453125
 0.171875 0.0546875
 0.0546875 0.7265625
 0.109375 0.2890625
 0.5078125 0.5703125
 0.5 0.5703125
 0.0234375 0.296875
 0.0234375 0.2890625
 0.9765625 0.6171875
 0.9765625 0.609375
 0.4921875 0.4921875
 0.0546875 0.0625
 0.0859375 0.59375
 0.0859375 0.5859375
 0.5625 0.7890625
 0.28125 0.2578125
 0.3046875 0.5390625
 0.296875 0.6171875
 0.1953125 0.5546875
 0.9609375 0.71875
 0.3984375 0.84375
 0.3984375 0.8515625
 0.3984375 0.734375
 0.3359375 0.8828125
 0.0390625 0.3359375
 0.03125 0.3359375
 0.3046875 0.5703125
 0.9453125 0.5859375
 0.9375 0.5859375
 0.9140625 0.703125
 0.90625 0.7109375
 0.2421875 0.125
 0.8828125 0.296875
 0.4140625 0.015625
 0.6953125 0.1015625
 0.6875 0.1015625
 0.2421875 0.3984375
 0.2421875 0.390625
 0.9296875 0.78125
 0.7734375 0.125
 0.0234375 0.9296875
 0.0234375 0.921875
 0.1953125 0.640625
 0.9375 0.8984375
 0.9296875 0.90625
 0.9296875 0.8984375
 0.1640625 0.78125
 0.96875 0.8515625
 0.0078125 0.984375
 0.9140625 0.3984375
 0.90625 0.7890625
 0.53125 0.0703125
 0.9609375 0.3828125
 0.953125 0.3828125
 0.9375 0.4453125
 0.9296875 0.453125
 0.9296875 0.4453125
 0.9765625 0.453125
 0.0625 0.3203125
 0.0546875 0.328125
 0.4140625 0.6953125
 0.9453125 0.515625
 0.9453125 0.5234375
 0.1328125 0.703125
 0.1328125 0.7109375
 0.125 0.7109375
 1 0.2421875
 0.015625 0.4921875
 0.0078125 0.4921875
 0.3828125 0.296875
 0.328125 0.9453125
 0.140625 0.2421875
 0.1328125 0.2421875
 0.3515625 0.0859375
 0.171875 0.2265625
 0.453125 0.1640625
 0.4453125 0.21875
 0.9296875 0.8125
 0.4296875 0.609375
 0.8359375 0.4140625
 0.9609375 0.1953125
 0.265625 0.7734375
 0.5234375 0.6953125
 0.90625 0.9140625
 0.5625 0.6953125
 0.5546875 0.703125
 0.5546875 0.6953125
 0.0859375 0.953125
 0.3046875 0.8125
 0.296875 0.8203125
 0.703125 0.1328125
 0.6953125 0.140625
 1 0.6171875
 0.0859375 0.90625
 0.078125 0.9140625
 0.703125 0.3671875
 0.5625 0.9140625
 0.015625 0.4609375
 0.7890625 0.0703125
 0.0703125 0.203125
 0.2578125 0.3359375
 0.6953125 0.703125
 0.8828125 0.984375
 0.5234375 0.515625
 0.234375 0.3515625
 0.1796875 0.25
 0.1796875 0.2578125
 0.734375 0.0859375
 0.7265625 0.09375
 0.40625 0.4921875
 0.4140625 0.484375
 0.6171875 0.1875
 0.296875 0.2265625
 0.3046875 0.21875
 0 0.7109375
 0.953125 0.9921875
 0.9453125 1
 0.4921875 0.3359375
 0.796875 0.6796875
 0.140625 0.9140625
 0.1328125 0.921875
 0.1328125 0.9140625
 0.46875 0.0390625
 0.4609375 0.046875
 0.4609375 0.0390625
 0.5703125 0.1796875
 0.6484375 0.90625
 0.6484375 0.8984375
 0.5546875 0.484375
 0.5546875 0.4765625
 0.6640625 0.125
 0.3984375 0.3203125
 0.1953125 0.4609375
 0.0546875 0.9140625
 0.5546875 0.7578125
 0.1796875 0.9375
 0.1796875 0.9453125
 0.78125 0.2265625
 0.7734375 0.234375
 0.25 0.6484375
 0.2421875 0.65625
 0.65625 0.1328125
 0.421875 0.3203125
 0.4140625 0.328125
 0.7421875 0.4296875
 0.3515625 0.4296875
 0.34375 0.4296875
 0.1484375 0.3828125
 0.140625 0.3828125
 0.9609375 0.78125
 0.953125 0.7890625
 0.984375 0.3984375
 0.0078125 0.2890625
 0 0.2890625
 0.0625 0.6015625
 0.0546875 0.6015625
 0.3125 0.2421875
 0.3046875 0.2421875
 0.3984375 0.21875
 0.1484375 0.6875
 0.140625 0.6953125
 0.90625 0.6640625
 0.921875 0.0078125
 0.0390625 0.5625
 0.0390625 0.5703125
 0.03125 0.5703125
 0.0234375 0.578125
 0.2890625 0.5078125
 0.28125 0.5078125
 0.4140625 0.0546875
 0.40625 0.0546875
 0.140625 0.4296875
 0.1328125 0.4375
 0.1328125 0.4296875
 0.2890625 0.84375
 0.2890625 0.8359375
 0.3828125 0.1328125
 0.2109375 0.078125
 0.0546875 0.4453125
 0.3984375 0.640625
 0.3984375 0.6328125
 0.0078125 0.1171875
 0 0.1171875
 0.9609375 0.0859375
 0.953125 0.0859375
 0.1328125 0.15625
 0.3671875 0.4765625
 0.359375 0.4765625
 0.9765625 0.546875
 0.9765625 0.5390625
 0.96875 0.8671875
 0.0234375 0.3203125
 0.7734375 0.78125
 0.8515625 0.1640625
 0.859375 0.1640625
 0.359375 0.3203125
 0.3515625 0.328125
 1 0.0859375
 0.1484375 0.09375
 0.1484375 0.0859375
 0.2890625 0.1640625
 0.2890625 0.15625
 0.6328125 0.3359375
 0.625 0.3359375
 0.9921875 0.0625
 0.984375 0.0703125
 0.921875 0.2421875
 0.9140625 0.25
 0.2421875 0.8125
 0.4296875 0.125
 0.421875 0.1328125
 0.3125 0.4609375
 0.3046875 0.46875
 0.3046875 0.4609375
 0.25 0.5234375
 0.5390625 0.65625
 0.5234375 0.140625
 0.9140625 0.6640625
 0.921875 0.6640625
 0.4296875 0.4296875
 0.9375 0.9453125
 0.7890625 0.0625
 0.78125 0.0703125
 0.859375 0.1484375
 0.1328125 0.53125
 0.3828125 0.421875
 0.3359375 0.03125
 0.3359375 0.0390625
 0.328125 0.0390625
 0.2578125 0.328125
 0.2265625 0.96875
 0.421875 0.1953125
 0.4140625 0.1953125
 0.4921875 0.1953125
 0.984375 0.6484375
 0.4453125 0.953125
 0.4453125 0.9453125
 0.9921875 0.0234375
 0.9921875 0.015625
 0.2265625 0.4765625
 0.2265625 0.46875
 0.28125 0.0546875
 0.2890625 0.046875
 0.3359375 0.859375
 0.3359375 0.8515625
 0.6171875 0.3125
 0.828125 0.1171875
 0.5234375 0.4375
 0.5234375 0.4453125
 0.8359375 0.6484375
 0.859375 0.9609375
 0.8671875 0.953125
 0.1328125 0.03125
 0.125 0.0390625
 0.78125 0.2734375
 0.7734375 0.28125
 0.953125 0.3046875
 0.3359375 0.6953125
 0.0078125 0.265625
 0 0.2734375
 0.3203125 0.65625
 0.2265625 0.0390625
 0.7734375 0.1171875
 0.765625 0.1171875
 0.3515625 0.171875
 0.6953125 0.625
 0.2421875 0.5234375
 0.1875 0.9296875
 0.78125 0.5546875
 0.7890625 0.546875
 0.7109375 0.9921875
 0.6484375 0.484375
 0.6484375 0.4765625
 0.8203125 0.15625
 0.0703125 1
 0.0703125 0.9921875
 0.6328125 0.671875
 0.6640625 0.25
 0.6640625 0.2578125
 0.65625 0.2578125
 0.03125 0.1640625
 0.0234375 0.1640625
 0.8359375 0.421875
 0.8046875 0.3984375
 0.8046875 0.7109375
 0.796875 0.7109375
 0.109375 0.1796875
 0.25 0.3828125
 1 0.0234375
 0.9921875 0.03125
 0.734375 0.9453125
 0.7265625 0.953125
 0.7265625 0.9453125
 0 0.9921875
 0.890625 0.8359375
 0.8828125 0.84375
 0.796875 0.5390625
 0.3046875 0.53125
 0.3046875 0.5234375
 0.9921875 0.5859375
 0.9921875 0.578125
 0.5234375 0.5
 0.6796875 0.4140625
 0.7890625 0.2265625
 0.921875 0.3046875
 0.8984375 0.8359375
 0.5234375 0.5546875
 0.859375 0.1015625
 0.0234375 0.3046875
 0.9921875 0.75
 0.7421875 0.953125
 0.7421875 0.9453125
 0.0234375 0.1953125
 0.015625 0.1953125
 0.0078125 0.90625
 0.0078125 0.8984375
 0.8515625 0.328125
 0.078125 0.3203125
 0.0703125 0.3203125
 0.5234375 0.71875
 0.2890625 0.625
 0.484375 0.4921875
 0.7890625 0.5390625
 0.9453125 0.671875
 0.9140625 0.7265625
 0.921875 0.6953125
 0.75 0.3359375
 0.8125 0.6484375
 0.4453125 0.28125
 0.4375 0.2890625
 0.7109375 0.140625
 0.1171875 0.84375
 0.90625 0.5078125
 0.421875 0.7109375
 0.8359375 0.96875
 0.8359375 0.9765625
 0.828125 0.9765625
 0.2734375 0.546875
 0.2265625 0.3125
 0.015625 0.5078125
 0 0.7265625
 0.1796875 0.4765625
 0.0859375 0.7265625
 0.53125 0.8984375
 0.2734375 0.9453125
 0.4765625 0.5703125
 0.90625 0.4296875
 0.5625 0.1796875
 0.0859375 0.796875
 0.234375 0.7578125
 0.2265625 0.765625
 0.2265625 0.7578125
 0.1484375 0.390625
 0.1953125 0.828125
 0.1953125 0.8359375
 0.4921875 0.7109375
 0.390625 0.6171875
 0.3828125 0.6171875
 0.59375 0.3984375
 0.25 0.2265625
 0.125 0.9296875
 0.1171875 0.9296875
 0.5703125 0.4375
 0.9765625 0.4453125
 0.109375 0.2109375
 0.1171875 0.203125
 0.6484375 0.9609375
 0.6484375 0.953125
 0.6796875 0.359375
 0.96875 0.7421875
 0.9609375 0.75
 0.09375 0.3671875
 0.046875 0.1328125
 0.0390625 0.1328125
 0.8046875 0.3515625
 0.5234375 0.1015625
 0.515625 0.1015625
 0.5234375 0.6015625
 0.0390625 0.1015625
 0.15625 0.7890625
 0.96875 0.5234375
 0.6171875 0.4375
 0.609375 0.4453125
 0.9609375 0.390625
 0.9921875 0.8984375
 0.640625 0.1171875
 0.6328125 0.125
 0.7421875 0.7421875
 0.7421875 0.734375
 0.3046875 0.1875
 0.15625 0.7265625
 0.1484375 0.7265625
 0.890625 0.3828125
 0.8828125 0.3828125
 0.7578125 0.75
 0.7578125 0.7421875
 0.8984375 0.9453125
 0.7109375 0.1875
 0.7109375 0.1796875
 0.9453125 0.7890625
 0.9453125 0.8125
 0.2421875 0.7578125
 0.5546875 0.671875
 0.484375 0.1015625
 0.78125 0.2421875
 0.7734375 0.25
 0.7734375 0.2421875
 0.71875 0.8515625
 0.7109375 0.8515625
 0.75 0.1484375
 0.046875 0.6953125
 0.0390625 0.6953125
 0.03125 0.9296875
 0.0390625 0.921875
 0.703125 0.6796875
 0.28125 0.7890625
 0.5625 0.7578125
 0.5859375 0.3515625
 0.796875 0.8359375
 0.9140625 0.1484375
 0.90625 0.1484375
 0.515625 0.5390625
 0.0078125 0.1953125
 0 0.1953125
 0.1953125 0.234375
 0.1875 0.2421875
 0.9765625 0.3046875
 0.4453125 0.328125
 0.4375 0.3359375
 0.421875 0.1796875
 0.8125 0.3515625
 0.8046875 0.359375
 0.421875 0.5078125
 0.484375 0.7109375
 0.4921875 0.703125
 0.5546875 0.1796875
 0.0703125 0.8203125
 0.7265625 0.6015625
 0.8828125 0.8515625
 0.0390625 0.9140625
 0.03125 0.9140625
 0.515625 0.1171875
 0.5078125 0.1171875
 0.8515625 0.2578125
 0.5390625 0.96875
 0.453125 0.9140625
 0.421875 0.6171875
 0.2734375 0.875
 0.4140625 0.09375
 0.125 0.2421875
 0.9296875 0.6953125
 0.875 0.3828125
 0.21875 0.7734375
 0.6328125 0.6953125
 0.6484375 0.453125
 0.6484375 0.4453125
 0.2734375 0.8046875
 0.2734375 0.796875
 0.25 0.4765625
 0.7421875 0.75
 0.734375 0.7578125
 0.4609375 0.0234375
 0.4609375 0.015625
 1 0.2890625
 0.6171875 0.3515625
 0.6171875 0.34375
 0.28125 0.6484375
 0.9765625 0.4921875
 0.5859375 0.7734375
 0.5703125 0.5
 0.6953125 0.6171875
 0.9453125 0.4375
 0.9453125 0.4296875
 0.1171875 0.3203125
 0.6328125 0.1015625
 0.8046875 0.328125
 0.0234375 0.3125
 0.203125 0.2265625
 0.28125 0.0234375
 0.3515625 0.5703125
 0.1640625 0.734375
 0.1640625 0.7265625
 0.4140625 0.21875
 0.5625 0.8046875
 0.5546875 0.8125
 0.1953125 0.7265625
 0.1875 0.7265625
 0.5 0.6171875
 0.9765625 0.6015625
 0.84375 0.8671875
 0.5 0.2890625
 0.7734375 0.53125
 0.5390625 0.015625
 0.5390625 0.0078125
 0.859375 0.1953125
 0.7265625 0.21875
 0.703125 0.7421875
 0.2421875 0.21875
 0.8671875 0.0625
 0.859375 0.0703125
 0.234375 0.0390625
 0.0390625 0.890625
 0.3671875 1
 0.140625 0.2578125
 0.65625 0.0078125
 0.6484375 0.0078125
 0.4140625 0.984375
 0.421875 0.9765625
 0.3828125 0.3828125
 0.1953125 0.140625
 0.1875 0.1484375
 0.1171875 0.3828125
 0.5390625 0.4765625
 0.546875 0.4765625
 0.3828125 1
 0.6328125 0.796875
 0.3046875 0.421875
 0.1875 0.4765625
 0.703125 0.5078125
 0.3515625 0.6015625
 0.2890625 0.0859375
 0.28125 0.0859375
 0.2109375 0.5859375
 0.984375 0.9609375
 0.9765625 0.96875
 0.9765625 0.9609375
 0.296875 0.5234375
 0.2890625 0.53125
 0.6015625 0.828125
 0.6015625 0.8359375
 0.484375 0.1484375
 0.9296875 0.6640625
 0.578125 0.1328125
 0.5703125 0.140625
 0.5703125 0.1328125
 0.3828125 0.40625
 0.4140625 0.3359375
 0.5859375 0.0859375
 0.1484375 0.6171875
 0.625 0.8671875
 0.0234375 0.7734375
 0.6796875 0.015625
 0.859375 0.8046875
 0.8671875 0.796875
 1 0.7265625
 0.9921875 0.734375
 0.9921875 0.7265625
 0.6875 0.8828125
 0.96875 0.9765625
 0.765625 0.0390625
 0.640625 0.6953125
 0.3515625 1
 0.28125 0.4765625
 0.2734375 0.5078125
 0.8359375 0.5546875
 0.1484375 0.890625
 0.359375 0.9609375
 0.3671875 0.953125
 0.015625 0.5546875
 0.0234375 0.546875
 0.3984375 0.7734375
 0.8984375 0.265625
 0.6875 0.6640625
 0.8984375 0.0625
 0.890625 0.0703125
 0.4140625 0.25
 0.40625 0.2578125
 0.3125 0.8359375
 0.859375 0.1171875
 0.2890625 0.125
 0.8359375 0.71875
 0.5859375 0.1328125
 0.453125 0.2734375
 0.4296875 0.0859375
 0.421875 0.0859375
 0.4296875 0.078125
 0.203125 0.4609375
 0.1953125 0.46875
 0.859375 0.1328125
 0.328125 0.4296875
 0.4453125 0.8515625
 0.1015625 0.7265625
 0.4140625 0.2265625
 0.5078125 0.390625
 0.5078125 0.3828125
 0.4609375 0.4609375
 0.453125 0.4609375
 0.6171875 0.3046875
 0.8359375 0.3203125
 0.6953125 0.578125
 0.6953125 0.5703125
 0.53125 0.2109375
 0.5234375 0.2109375
 0.7578125 0.40625
 0.7109375 0.5
 0.7578125 0.5625
 0.6328125 0.953125
 0.4140625 0.171875
 0.359375 0.5390625
 0.3828125 0.6875
 0.3828125 0.6953125
 1 0.8046875
 0.078125 0.8203125
 0.359375 0.7890625
 0.90625 0.7578125
 0.5546875 0.8203125
 0.140625 0.4765625
 0.1328125 0.484375
 0.9609375 0.140625
 0.9140625 0.390625
 0.2890625 0.4296875
 0.28125 0.4296875
 0.359375 0.0859375
 0.515625 0.0390625
 0.5078125 0.046875
 0.8671875 0.7890625
 0.6328125 0.03125
 0.625 0.0390625
 0.296875 0.1171875
 0.8828125 0.3359375
 0.8203125 0.671875
 0.8203125 0.6796875
 0.8125 0.6796875
 0.5546875 0.46875
 0.5546875 0.4609375
 0.3828125 0.1015625
 0.375 0.1015625
 0.375 0.0390625
 0.3671875 0.0390625
 1 0.5859375
 0.7578125 0.390625
 0.1484375 0.4296875
 0.015625 0.2890625
 0.5390625 0.9609375
 0.53125 0.9609375
 0.703125 0.1953125
 0.6953125 0.203125
 0.140625 0.5078125
 0.1328125 0.515625
 0.6640625 0.4921875
 0.65625 0.4921875
 0.6640625 0.484375
 0.953125 0.6328125
 0.3359375 0.2578125
 0.2734375 0.390625
 0.65625 0.9765625
 0.6484375 0.984375
 0.3046875 0.703125
 0.2109375 0.515625
 0.2109375 0.5078125
 0.4765625 0.3984375
 0.46875 0.3984375
 0.8984375 0.15625
 0.9609375 0.9921875
 0.9609375 0.984375
 0.21875 0.6640625
 0.2265625 0.65625
 0.5859375 0.5625
 0.5859375 0.8125
 0.046875 0.6484375
 0.7421875 0.859375
 0.59375 0.2734375
 0.1328125 0.3046875
 0.2578125 0.453125
 0.2578125 0.4453125
 0.3046875 0.2109375
 0.1796875 1
 0.1796875 0.9921875
 0.6640625 0.5
 0.65625 0.5078125
 0.7578125 0.359375
 0.75 0.3671875
 0.2109375 0.4609375
 0.1640625 0.6875
 0.6640625 0.2734375
 0.7578125 0.8359375
 0.2734375 0.2265625
 0.2890625 0.6484375
 0.0234375 0.5703125
 0.546875 0.1328125
 0.9453125 0.640625
 0.5390625 0.21875
 0.5390625 0.2109375
 0.3046875 0.5078125
 0.296875 0.5078125
 0.0859375 0.8203125
 0.1484375 0.421875
 0.0546875 0.125
 0.46875 0.0078125
 0.4609375 0.0078125
 0.984375 0.7421875
 0.9765625 0.7421875
 0.2421875 0.75
 0.7578125 0.1171875
 0.1015625 0.265625
 0.78125 0.5078125
 0.984375 0.3359375
 0.9921875 0.328125
 0.0390625 0.3515625
 0.046875 0.3515625
 0.1015625 0.40625
 0.4453125 0.1640625
 0.703125 0.8515625
 0.6953125 0.859375
 0.4453125 0
 0.578125 0.4296875
 0.6484375 0.2734375
 0.6484375 0.265625
 0.203125 0.5078125
 0.265625 0.1328125
 0.6796875 0.890625
 0.3203125 0.3203125
 0.3125 0.3203125
 0.5625 0.0390625
 0.3828125 0.203125
 0.1796875 0.8671875
 0.9296875 0.5859375
 0.921875 0.5859375
 0.9296875 0.578125
 0.6484375 0.4375
 0.640625 0.4453125
 0.7734375 0.8984375
 0.7734375 0.1484375
 0.0546875 0.0703125
 0.046875 0.0703125
 0 0.3984375
 0.984375 0.4453125
 0.546875 0.9609375
 0.140625 0.0078125
 0.1875 0.0390625
 0.1796875 0.046875
 0.1796875 0.0390625
 0.4765625 0
 0.734375 0.6015625
 0.28125 0.5390625
 0.2734375 0.5390625
 0.9921875 0.3203125
 0.984375 0.3203125
 0.2421875 0.2265625
 0.0625 0.7734375
 0.5546875 0.2890625
 0.4765625 0.8515625
 0.1171875 0.3359375
 0.125 0.2265625
 0.015625 0.2109375
 0.0078125 0.2109375
 0.828125 0.6796875
 0.7265625 0.3515625
 0.53125 0.2734375
 0.5234375 0.28125
 0.2890625 0.828125
 0.8671875 0.5234375
 0.3203125 0.1875
 0.0390625 0.078125
 0.5234375 0
 1 0.3203125
 0.609375 0.4296875
 0.6015625 0.4375
 0.1015625 0.9375
 0.1015625 0.9453125
 0.09375 0.9453125
 0.1484375 0.859375
 0.6953125 0.765625
 0.6875 0.7734375
 0.625 0.8984375
 0.3125 0.8671875
 0.1640625 0.34375
 0.3515625 0.3046875
 0.3515625 0.296875
 1 0.5703125
 0.03125 0.3515625
 0.0390625 0.34375
 0.453125 0.5390625
 0.5234375 0.40625
 0.3359375 0.65625
 0.0859375 0.109375
 0.8671875 0.9140625
 0.7734375 0.1875
 0.765625 0.1953125
 0.8203125 0.5625
 0.5390625 0
 0.2265625 0.9140625
 0.515625 0.3359375
 0.5078125 0.34375
 0.8125 0.8671875
 0.4609375 0.03125
 0.953125 0.6796875
 0.9609375 0.671875
 0.1953125 0.734375
 0.1953125 0.7421875
 0.9375 0.7421875
 0.4296875 0.34375
 0.4296875 0.3359375
 0.203125 0.3984375
 0.125 0.7578125
 0.1171875 0.7578125
 0.890625 0.3359375
 0.8984375 0.328125
 0.96875 0.6015625
 0.2734375 0.03125
 0.2734375 0.0390625
 0.265625 0.0390625
 0.1484375 0.2578125
 0.6875 0.1796875
 0.6796875 0.1875
 0.0234375 0.125
 0.0078125 0.203125
 0.46875 0.2890625
 0.96875 0.5546875
 0.4296875 0.8359375
 0.8359375 0.65625
 0.828125 0.6640625
 0.4296875 0.9375
 0.6484375 0.1796875
 0.140625 0.2265625
 0.1328125 0.234375
 0.1328125 0.2265625
 0.6640625 0.3359375
 0.3359375 0.4296875
 0.609375 0.8359375
 0.1171875 0.0625
 0.78125 0.9140625
 0.359375 0.1953125
 0.3515625 0.203125
 0.3515625 0.1953125
 0.890625 0.9765625
 0.8828125 0.9765625
 0.6484375 0.1171875
 0.7578125 0.3515625
 0.2734375 0.484375
 0.0390625 0.78125
 0.2421875 0.0859375
 0.234375 0.0859375
 0.2421875 0.078125
 0.25 0.3984375
 0.265625 0.5390625
 0.9609375 0.53125
 0.125 0.0859375
 0.1171875 0.0859375
 0.421875 0.5546875
 0.6953125 0.0703125
 0.78125 0.1796875
 0.21875 0.7109375
 0.9453125 0.6796875
 0.59375 0.4765625
 0.6015625 0.5625
 0.3515625 0.390625
 0.3515625 0.3984375
 0.1640625 0.015625
 0.9375 0.2578125
 0.9609375 0.859375
 0.8984375 0.6484375
 0.0234375 0.203125
 0.7109375 0.671875
 0.9921875 0.3984375
 0.9921875 0.390625
 0.4375 0.0703125
 0.3515625 0.2890625
 0.8125 0.2890625
 0.8203125 0.4453125
 0.4140625 0.8828125
 0.90625 0.2578125
 0.59375 0.8046875
 0.6015625 0.796875
 0.640625 0.2421875
 0.5 0.8359375
 0.4921875 0.8359375
 0.2578125 0.7109375
 0.6484375 0.46875
 0.6484375 0.4609375
 0.5 0.1640625
 0.0703125 0.5078125
 0.1015625 0.7109375
 0.0703125 0.109375
 0.0625 0.1171875
 0.1328125 0.296875
 0.015625 0.7421875
 0.0234375 0.734375
 0.265625 0.9765625
 0.2578125 0.984375
 0.1953125 0.3984375
 0.5703125 0.3359375
 0.953125 0.8046875
 0.75 0.3515625
 0.140625 0.8671875
 0.5234375 0.03125
 0.5234375 0.0390625
 0.953125 0.9765625
 0.6484375 0.03125
 0.6484375 0.2421875
 0.8828125 0.96875
 0.6171875 0.640625
 0.8125 0.9765625
 1 0.0390625
 0.9921875 0.0390625
 0.6484375 0.6875
 0.0390625 0.8515625
 0.5859375 0.4375
 0.5859375 0.4296875
 0.2421875 0.3125
 0.109375 0.0859375
 0.6015625 0.5703125
 0.296875 0.4296875
 0.2890625 0.8515625
 0.7734375 0.625
 0.8203125 0.2109375
 0.9453125 0.609375
 0.265625 0.7109375
 0.03125 0.1015625
 0.0390625 0.09375
 0.5078125 0
 0.6328125 0.609375
 0.4140625 0.4765625
 0.40625 0.4765625
 0.5703125 0.859375
 0.5703125 0.8671875
 0.453125 0.3046875
 0.4609375 0.296875
 0.0078125 0.6640625
 0 0.6640625
 0.9296875 0.9140625
 0.6953125 0.953125
 0.828125 0.5546875
 0.8203125 0.5546875
 0.96875 0.1328125
 0.25 0.9453125
 0.2578125 0.546875
 0.25 0.5546875
 0.0078125 0.8125
 0.90625 0.7265625
 0.9453125 0.203125
 0.59375 0.1171875
 0.5859375 0.125
 0.5859375 0.1171875
 0.0390625 0.2734375
 0.2734375 0.28125
 0 0.3203125
 0.546875 0.8203125
 0.6484375 0.9921875
 0.4296875 0.8125
 0.0703125 0.359375
 0.265625 0.3515625
 0.2578125 0.359375
 0.2109375 0.421875
 0.2109375 0.4140625
 0.5234375 0.7265625
 0.7890625 0.390625
 0 0.9140625
 0.0390625 0.65625
 0.7890625 0
 0.78125 0.0078125
 0.5546875 0.1171875
 0.3125 0.5078125
 0.3046875 0.515625
 0.3359375 0.0234375
 0.2890625 0.703125
 0.1328125 0.7578125
 0.5 0.6328125
 0.5859375 1
 0.9609375 0.7734375
 0.46875 0.4296875
 0.4453125 0.671875
 0.4453125 0.6796875
 0.8515625 0.859375
 0.9609375 0.8671875
 0.3046875 0.1171875
 0.6171875 0.2265625
 0.1640625 0.234375
 0.6484375 0.4921875
 0.3203125 0.9453125
 0.3203125 0.09375
 0.3203125 0.1015625
 0.6171875 0.25
 0.921875 0.9921875
 0.9140625 1
 0.546875 0.1796875
 0.5546875 0.171875
 0.3671875 0.125
 0.5546875 0.859375
 0.4296875 0.8046875
 0.421875 0.8046875
 0.0703125 0.078125
 0.0625 0.0859375
 0.0234375 0.6953125
 0.3515625 0.34375
 0 0.2109375
 0 0.6953125
 0.6015625 0.4453125
 0.859375 0.4453125
 0.3671875 0.171875
 0.5390625 0.1875
 0.5390625 0.1796875
 0.5625 0.1171875
 0.3515625 0.3671875
 0.2265625 0.4609375
 0.21875 0.4609375
 0.2109375 0.609375
 0.0703125 0.875
 0.5625 0.1484375
 0.390625 0.6953125
 0.734375 0.8359375
 0.1796875 0.265625
 0.53125 0.0234375
 0.1640625 0.1484375
 0.078125 0.1328125
 0.0703125 0.140625
 0.8984375 0.53125
 0.140625 0.0234375
 0.1640625 0.3515625
 0.109375 0.5078125
 0.1015625 0.5078125
 0.2578125 0.625
 0.2578125 0.6171875
 0.046875 0.9140625
 0.8984375 0.2578125
 0.890625 0.2578125
 0.4453125 0.171875
 0.7265625 0.828125
 0.7265625 0.8359375
 0.71875 0.8359375
 0.4609375 0.7734375
 0.4609375 0.3984375
 0.265625 0.1171875
 0.796875 0.2265625
 0.3828125 0.4140625
 0.3359375 0.890625
 0.0390625 0.0859375
 0.03125 0.0859375
 0.4609375 0.9140625
 0.3984375 0
 0.015625 0.7734375
 0.7109375 0.7421875
 0.75 0.7421875
 0.8046875 0.6875
 0.8046875 0.6796875
 0.2421875 0.8046875
 0.2578125 0.078125
 0.25 0.0859375
 0.9140625 0.65625
 0.484375 0.2109375
 0.4921875 0.203125
 1 0.3828125
 0.7109375 0.1328125
 0.3515625 0.4765625
 0.3828125 0.703125
 0.2109375 0.671875
 0.3125 0.7734375
 0.1484375 0.5
 0.2265625 0.109375
 0.7109375 0.78125
 0.7109375 0.7890625
 0.1640625 0.21875
 0.7421875 0.375
 0.734375 0.3828125
 0.6328125 0.4453125
 0.484375 0.5703125
 0.4765625 0.578125
 0.640625 0.8046875
 0.6328125 0.8046875
 0.5 0.3984375
 0.921875 0.1484375
 0.8984375 0.640625
 0.2890625 0.1484375
 0.28125 0.1484375
 0.1953125 0.5078125
 0.21875 0.1796875
 0.2265625 0.171875
 0.171875 0.1484375
 0.8203125 0.390625
 0.9453125 0.09375
 0.9453125 0.1015625
 0.9375 0.1015625
 0.6328125 0.4375
 0.859375 0.9921875
 0.8046875 0.125
 0.796875 0.1328125
 0.8984375 0.734375
 0.8984375 0.7265625
 0.8984375 0.7421875
 0.8203125 0.515625
 0.2109375 0.5390625
 0.21875 0.8203125
 0.4296875 0.1953125
 0.6640625 0.265625
 0.65625 0.2734375
 0.0234375 0.71875
 0.0234375 0.7265625
 0.4140625 0.5390625
 0.1171875 0.1953125
 0.2890625 0.5625
 0.2421875 0.6640625
 0 0.8828125
 0.8984375 0.71875
 0.8828125 0.4609375
 0.8515625 0.0703125
 0.3046875 0.8671875
 0.8359375 0.7265625
 0.2734375 0.0859375
 0.21875 0.5546875
 0.7265625 0.84375
 0.4296875 0.546875
 0.4453125 0.9609375
 0.6484375 0.875
 0.078125 0.2109375
 0.453125 0.3984375
 0.8046875 0.8125
 0.7578125 0.3984375
 0.28125 0.8359375
 0.7578125 0.125
 0.0859375 0.671875
 0.96875 0.1796875
 0.9609375 0.1875
 0.8203125 0.9765625
 0.1328125 0.3828125
 0.625 0.6796875
 0.421875 0.3359375
 0.2890625 0.09375
 0.421875 0.8828125
 0.703125 0.1015625
 0.2265625 0.7109375
 0.2109375 0.03125
 0.0234375 0.09375
 0.0234375 0.1015625
 0.9453125 0.5546875
 0.9375 0.5546875
 0.1171875 0.328125
 0.203125 0.0859375
 0.1953125 0.0859375
 0.6953125 0.9609375
 0.5703125 0.53125
 0.5703125 0.5234375
 0.21875 0.2421875
 0.34375 0.6484375
 0.0703125 0.921875
 0.1796875 0.3125
 0.1796875 0.3203125
 0.71875 0.9921875
 0.6875 0.1171875
 0.828125 0.9453125
 0.3359375 0.1484375
 0.8671875 0.328125
 0.7578125 0.046875
 0.7578125 0.0390625
 0.0546875 0.6875
 0.8671875 0.0390625
 0.4140625 0.1875
 0.4140625 0.1796875
 0.4609375 0.2734375
 0.53125 0.6640625
 1 0.6328125
 0.9921875 0.640625
 0.4375 0.7109375
 0.4296875 0.7109375
 0.5078125 0.109375
 0.3203125 0.2421875
 0.8203125 0.0703125
 0.21875 0.6015625
 0.2265625 0.59375
 0.5546875 0.9609375
 0.9453125 0.890625
 0.2578125 0.3984375
 0.7109375 0.171875
 0.7109375 0.1640625
 0.8984375 0.7109375
 0.8984375 0.203125
 0.0625 0.2109375
 0.0546875 0.21875
 0.140625 0.6484375
 0.6484375 0.890625
 0.6484375 0.8828125
 0.8828125 0.40625
 0.6015625 0.46875
 0.640625 0.6015625
 0.4140625 0.7578125
 0.7734375 0.640625
 0.3671875 0.3359375
 0.359375 0.3359375
 0.6171875 0.421875
 0.1640625 0.2265625
 0.984375 0.2734375
 0.9765625 0.28125
 0.9921875 0.7421875
 0.2265625 0
 0.359375 0.2890625
 0.2265625 1
 1 0.1328125
 0.9921875 0.140625
 0.3046875 0.4765625
 0.6953125 0.3359375
 0.6875 0.3359375
 0.8515625 0.4453125
 0.53125 0.4765625
 0.703125 0.5546875
 0.6953125 0.5625
 0.390625 0.6484375
 0.3828125 0.6484375
 0.8984375 0.5703125
 0.7578125 0.734375
 0.234375 0.1015625
 0.9609375 0.3359375
 0.9609375 0.328125
 0.2734375 0.3671875
 0.390625 0.7578125
 0.5234375 0.109375
 0.53125 0.1640625
 0.7421875 0.71875
 0.5625 0.5703125
 0.7421875 0.8828125
 0.3671875 0.5859375
 0.59375 0.9453125
 0.0859375 0.0546875
 0.8828125 0.265625
 0.8125 0.3984375
 0.7421875 0.7265625
 0.734375 0.7265625
 0 0.4921875
 0.2421875 0.0546875
 0.609375 0.6484375
 0.6015625 0.65625
 0.25 0.4609375
 0.5546875 0.0546875
 0.7421875 0.0859375
 0.2734375 0.9765625
 0.5859375 0.25
 0.234375 0.1640625
 0.453125 0.3203125
 0.8515625 0.15625
 0.546875 0.3359375
 0.6796875 0.59375
 1 0.6015625
 0.4375 0.1953125
 0.8046875 0.1171875
 0.7421875 0.4375
 0.2734375 0.0625
 0.2734375 0.0546875
 0.2734375 0.2890625
 0.8984375 0.578125
 1 0.8984375
 1 0.9296875
 0.078125 0.8671875
 0.5625 0.2890625
 0.328125 0.6171875
 0.8125 0.7421875
 0.21875 0.0859375
 0.2109375 0.0859375
 0.5078125 1
 0.46875 0.0546875
 0.4296875 0.5546875
 0.3828125 0.90625
 0.09375 0.7265625
 0.1015625 0.71875
 0.390625 0.7421875
 0.3828125 0.7421875
 0.6015625 0.109375
 0.8359375 0.515625
 0.2421875 0.09375
 0.4296875 0.7421875
 0.6640625 1
 0.7890625 0.234375
 0.7421875 0.890625
 0.3984375 0.4296875
 0.5546875 0.953125
 0.5546875 0.6328125
 0.8203125 0.5390625
 0.8515625 0.078125
 0.0078125 0.3515625
 0.3359375 0.0625
 0.3359375 0.0703125
 0.5546875 0.046875
 0.046875 0.5703125
 0.03125 0.7265625
 0.2734375 0.96875
 0 0.8203125
 0.375 0.4765625
 0.5234375 0.3125
 0.1796875 0.2421875
 0.1875 0.6796875
 0.1171875 0.4765625
 0.8984375 0.859375
 0.4609375 0
 0.5859375 0.8046875
 0.9453125 0.421875
 0.71875 0.9453125
 0.859375 0.7421875
 0.4296875 0.3984375
 0.640625 0.8984375
 0.6328125 0.8984375
 0.9296875 0.109375
 0.2890625 0.234375
 0.1328125 0.0546875
 0.125 0.0546875
 0.1171875 0.578125
 0.515625 0.1328125
 0.8203125 0.7421875
 0.953125 0.2421875
 0.8671875 0.1171875
 0.4921875 0.7578125
 0.53125 0.5546875
 0.6484375 1
 0.5546875 0.125
 0.8828125 0.5
 0.1328125 0.765625
 0.2734375 0.34375
 0.2421875 0.1953125
 0.28125 0.8515625
 0.2734375 0.8515625
 0.09375 0.4765625
 0.1015625 0.1875
 0.7734375 0.6328125
 0.7265625 0.859375
 0.3515625 0.96875
 0.3515625 0.9609375
 0.5390625 0.5234375
 0.9453125 0.5625
 0.25 0.7421875
 0.890625 0.4609375
 0.25 0.6640625
 0.0859375 0.859375
 0.78125 0.3984375
 0.71875 0.6484375
 0.7109375 0.6484375
 0.6953125 0.1171875
 0.9453125 0.0859375
 0.9296875 0.5546875
 0.3828125 0.765625
 0.4296875 0.9453125
 0.078125 0.4296875
 0.3203125 0.5078125
 0.8515625 0.3984375
 0.53125 0.7265625
 0.5390625 0.71875
 0.9609375 0.7109375
 0.9609375 0.703125
 0.3359375 0.921875
 0.5703125 0.3125
 0.5390625 0.0234375
 0.03125 0.1953125
 0.5625 0.3828125
 0.8515625 1
 0.1796875 0.2890625
 0.609375 0.7890625
 0.5859375 0.09375
 0.921875 0.4609375
 0.4921875 0.5703125
 0.9140625 0.5
 0.0703125 0.1484375
 0.5234375 0.5078125
 0.8046875 0.6171875
 0.3984375 0.0390625
 0.71875 0.4765625
 0.65625 0.6796875
 0.2734375 0.046875
 0.953125 0.1953125
 0.9765625 0.5703125
 0.5234375 0.96875
 0.5234375 0.25
 0.9609375 0.9765625
 0.1328125 0.375
 0.125 0.3828125
 0.6015625 1
 0.6796875 0.8203125
 0.8984375 0.0546875
 0.5703125 0.1484375
 0.6953125 0.109375
 0.7265625 0.375
 0.1640625 0.6484375
 0.7109375 0.765625
 0.9453125 0.390625
 0.9453125 0.3828125
 0.875 0.5390625
 0.046875 0.3359375
 0.7109375 0.84375
 0.7265625 0.421875
 0.1875 0.5078125
 0.84375 0.5078125
 0.578125 0.3515625
 0.21875 0.9140625
 0.7109375 0.6796875
 0.6171875 0.8359375
 0.4375 0.9453125
 0.3671875 0.25
 0.6640625 0.96875
 0.6015625 0.390625
 0.2265625 0.71875
 0.546875 0.7109375
 0.0859375 0.9453125
 0.0390625 0.6015625
 0.9765625 0.140625
 0.9765625 0.1328125
 0.375 0.7421875
 0.8125 0.7109375
 0.1484375 0.9140625
 0.1328125 0.5234375
 0.2265625 0.078125
 0.9296875 0.546875
 0.640625 0.4765625
 0.4609375 0.0546875
 0.2109375 0
 0.203125 0.0078125
 0.296875 0.1953125
 0.2890625 0.5546875
 0.5234375 0.3671875
 1 0.0078125
 0.6640625 0.7890625
 0.1875 0.2578125
 0.7109375 0.5546875
 0.7109375 0.2421875
 0.3984375 0.859375
 0.6015625 0.921875
 0.125 0.9609375
 0.4609375 0.828125
 0.5546875 0.5546875
 0.3359375 0
 0.2265625 0.0859375
 0.6328125 0.15625
 0.6328125 0.1484375
 0.6171875 0.0390625
 0.3515625 0.953125
 0.8203125 0.625
 0.453125 0.6796875
 0.4609375 0.671875
 0.8125 0.0390625
 0.1015625 0.1796875
 0.640625 0.3359375
 0.265625 0.0703125
 0.5859375 0.015625
 0.9609375 0
 0.9609375 0.0078125
 0.5390625 0.515625
 0.34375 0.5703125
 0.046875 0.6015625
 0.0546875 0.28125
 0.1796875 0.1484375
 0.3671875 0.484375
 0.625 0.1484375
 1 0.5390625
 0.3203125 0.71875
 0.0703125 0.21875
 0.7890625 0.1796875
 0.7890625 0.171875
 0.8828125 0.6484375
 0.0546875 0.6953125
 0.890625 0.6484375
 0.6171875 0.875
 0.828125 0.5390625
 0.0859375 0.7890625
 0.125 0.4140625
 0.1484375 0.46875
 0.9296875 0.234375
 0.984375 0.1484375
 0.6796875 0.5859375
 0.8203125 0.546875
 0.71875 0.2421875
 0.96875 0.0078125
 0.7734375 0.5625
 0.765625 0.5703125
 0.6953125 0.8046875
 0.8203125 0.640625
 0.9296875 0
 0.6796875 0.140625
 0.4609375 0.6640625
 0.453125 0.6640625
 0 0.5390625
 0.0703125 0.2109375
 0.609375 0.8203125
 0.7890625 0.90625
 0.7109375 0.7734375
 0.28125 0.2890625
 0.3828125 0.140625
 0.0859375 0.6171875
 0 0.9453125
 0.1640625 0.9375
 0.0546875 0.1171875
 0.7109375 1
 0.4765625 0.5859375
 0.3515625 0.3359375
 1 0.3984375
 0.6875 0.8671875
 0.3671875 0.78125
 0.0234375 0.5078125
 0.03125 0.6953125
 0.8671875 0.125
 0.2265625 0.9765625
 0.8359375 1
 0.390625 0.1328125
 0.6171875 0.4296875
 0.8984375 0.9765625
 0.5390625 0.5078125
 0.53125 0.5078125
 0.0625 0.4453125
 0.4765625 0.25
 0.3046875 0.859375
 0.8671875 0.2421875
 0.8984375 0.96875
 0.7578125 0.5703125
 0.140625 0.0546875
 0.6640625 0
 0.7265625 0.8515625
 0 0.0234375
 0.2734375 0.84375
 0.2109375 0.3515625
 0.203125 0.3515625
 0.3828125 0.03125
 0.9375 0.5703125
 0.6875 0.5859375
 0.671875 0.1484375
 0.9140625 0.5390625
 0.9453125 0.25
 0.46875 0.2734375
 0.0625 0.5078125
 0.7734375 0.5078125
 0.765625 0.5078125
 0.3359375 0.6171875
 1 0.8671875
 0.3671875 0.1171875
 0.1484375 0
 0.2890625 0.1953125
 0.6796875 0.828125
 0.9765625 0
 0.703125 0.3359375
 0.265625 0.3984375
 0.046875 0.2890625
 0.3671875 0.109375
 0.0625 0.6953125
 0.75 0.4765625
 0.46875 0.8515625
 0.3359375 0.15625
 0.3125 0.4765625
 0.375 0.7734375
 0.3515625 0.2109375
 0.4609375 0.796875
 0.5390625 0.8203125
 0.8203125 0.6328125
 0.2890625 0.3203125
 0.6484375 0.3671875
 1 0.0546875
 0.3828125 0.0234375
 0.4921875 0
 0.8359375 0
 0.296875 0.2734375
 0.9765625 0.1484375
 0.6640625 0.15625
 0.5546875 0.890625
 0 0.3515625
 0.9765625 0.15625
 0.15625 0.9140625
 1 0.3671875
 0.3046875 0
 0.6484375 0
 0.2890625 0.28125
 0.640625 0.8203125
 0.1796875 0.140625
 0.375 0.3359375
 0.7421875 0.8984375
 0.7265625 0.3828125
 0.6171875 0.6796875
 0.5234375 0.1328125
 0.4765625 1
 0.6796875 0
 0.6796875 0.0078125
 1 0.7421875
 0.9140625 0.3671875
 0.2421875 0
 0.2890625 0.3984375
 0.6171875 0.15625
 0.109375 0.9296875
 0.0859375 0.3671875
 0.2578125 0
 0 0.8984375
 0.0703125 0.4375
 0 0.8359375
 0.6484375 0.515625
 0.7109375 0.28125
 0.9609375 1
 1 0.4140625
