MFEM mesh v1.0

#
# MFEM Geometry Types (see fem/geom.hpp):
#
# POINT       = 0
# SEGMENT     = 1
# TRIANGLE    = 2
# SQUARE      = 3
# TETRAHEDRON = 4
# CUBE        = 5
# PRISM       = 6
# PYRAMID     = 7
#

dimension
2

elements
4096
1 2 10 585 587
1 2 586 587 585
1 2 585 165 586
1 2 587 586 167
1 2 166 588 589
1 2 586 589 588
1 2 588 167 586
1 2 589 586 165
1 2 165 590 589
1 2 591 589 590
1 2 590 51 591
1 2 589 591 166
1 2 167 588 593
1 2 592 593 588
1 2 588 166 592
1 2 593 592 53
1 2 52 594 596
1 2 595 596 594
1 2 594 168 595
1 2 596 595 169
1 2 166 597 598
1 2 595 598 597
1 2 597 169 595
1 2 598 595 168
1 2 168 599 598
1 2 592 598 599
1 2 599 53 592
1 2 598 592 166
1 2 169 597 600
1 2 591 600 597
1 2 597 166 591
1 2 600 591 51
1 2 51 601 600
1 2 602 600 601
1 2 601 170 602
1 2 600 602 169
1 2 171 603 604
1 2 602 604 603
1 2 603 169 602
1 2 604 602 170
1 2 170 605 604
1 2 606 604 605
1 2 605 18 606
1 2 604 606 171
1 2 169 603 596
1 2 607 596 603
1 2 603 171 607
1 2 596 607 52
1 2 53 599 609
1 2 608 609 599
1 2 599 168 608
1 2 609 608 173
1 2 172 610 611
1 2 608 611 610
1 2 610 173 608
1 2 611 608 168
1 2 168 594 611
1 2 612 611 594
1 2 594 52 612
1 2 611 612 172
1 2 173 610 614
1 2 613 614 610
1 2 610 172 613
1 2 614 613 20
1 2 19 615 617
1 2 616 617 615
1 2 615 174 616
1 2 617 616 176
1 2 175 618 619
1 2 616 619 618
1 2 618 176 616
1 2 619 616 174
1 2 174 620 619
1 2 621 619 620
1 2 620 54 621
1 2 619 621 175
1 2 176 618 623
1 2 622 623 618
1 2 618 175 622
1 2 623 622 55
1 2 52 624 626
1 2 625 626 624
1 2 624 177 625
1 2 626 625 178
1 2 175 627 628
1 2 625 628 627
1 2 627 178 625
1 2 628 625 177
1 2 177 629 628
1 2 622 628 629
1 2 629 55 622
1 2 628 622 175
1 2 178 627 630
1 2 621 630 627
1 2 627 175 621
1 2 630 621 54
1 2 54 631 630
1 2 632 630 631
1 2 631 179 632
1 2 630 632 178
1 2 172 633 634
1 2 632 634 633
1 2 633 178 632
1 2 634 632 179
1 2 179 635 634
1 2 613 634 635
1 2 635 20 613
1 2 634 613 172
1 2 178 633 626
1 2 612 626 633
1 2 633 172 612
1 2 626 612 52
1 2 55 629 637
1 2 636 637 629
1 2 629 177 636
1 2 637 636 180
1 2 171 638 639
1 2 636 639 638
1 2 638 180 636
1 2 639 636 177
1 2 177 624 639
1 2 607 639 624
1 2 624 52 607
1 2 639 607 171
1 2 180 638 640
1 2 606 640 638
1 2 638 171 606
1 2 640 606 18
1 2 18 641 640
1 2 642 640 641
1 2 641 181 642
1 2 640 642 180
1 2 182 643 644
1 2 642 644 643
1 2 643 180 642
1 2 644 642 181
1 2 181 645 644
1 2 646 644 645
1 2 645 56 646
1 2 644 646 182
1 2 180 643 637
1 2 647 637 643
1 2 643 182 647
1 2 637 647 55
1 2 57 648 650
1 2 649 650 648
1 2 648 183 649
1 2 650 649 184
1 2 182 651 652
1 2 649 652 651
1 2 651 184 649
1 2 652 649 183
1 2 183 653 652
1 2 647 652 653
1 2 653 55 647
1 2 652 647 182
1 2 184 651 654
1 2 646 654 651
1 2 651 182 646
1 2 654 646 56
1 2 56 655 654
1 2 656 654 655
1 2 655 185 656
1 2 654 656 184
1 2 186 657 658
1 2 656 658 657
1 2 657 184 656
1 2 658 656 185
1 2 185 659 658
1 2 660 658 659
1 2 659 0 660
1 2 658 660 186
1 2 184 657 650
1 2 661 650 657
1 2 657 186 661
1 2 650 661 57
1 2 55 653 623
1 2 662 623 653
1 2 653 183 662
1 2 623 662 176
1 2 187 663 664
1 2 662 664 663
1 2 663 176 662
1 2 664 662 183
1 2 183 648 664
1 2 665 664 648
1 2 648 57 665
1 2 664 665 187
1 2 176 663 617
1 2 666 617 663
1 2 663 187 666
1 2 617 666 19
1 2 20 635 668
1 2 667 668 635
1 2 635 179 667
1 2 668 667 189
1 2 188 669 670
1 2 667 670 669
1 2 669 189 667
1 2 670 667 179
1 2 179 631 670
1 2 671 670 631
1 2 631 54 671
1 2 670 671 188
1 2 189 669 673
1 2 672 673 669
1 2 669 188 672
1 2 673 672 59
1 2 58 674 676
1 2 675 676 674
1 2 674 190 675
1 2 676 675 191
1 2 188 677 678
1 2 675 678 677
1 2 677 191 675
1 2 678 675 190
1 2 190 679 678
1 2 672 678 679
1 2 679 59 672
1 2 678 672 188
1 2 191 677 680
1 2 671 680 677
1 2 677 188 671
1 2 680 671 54
1 2 54 620 680
1 2 681 680 620
1 2 620 174 681
1 2 680 681 191
1 2 192 682 683
1 2 681 683 682
1 2 682 191 681
1 2 683 681 174
1 2 174 615 683
1 2 684 683 615
1 2 615 19 684
1 2 683 684 192
1 2 191 682 676
1 2 685 676 682
1 2 682 192 685
1 2 676 685 58
1 2 59 679 687
1 2 686 687 679
1 2 679 190 686
1 2 687 686 194
1 2 193 688 689
1 2 686 689 688
1 2 688 194 686
1 2 689 686 190
1 2 190 674 689
1 2 690 689 674
1 2 674 58 690
1 2 689 690 193
1 2 194 688 692
1 2 691 692 688
1 2 688 193 691
1 2 692 691 1
1 2 0 659 694
1 2 693 694 659
1 2 659 185 693
1 2 694 693 196
1 2 195 695 696
1 2 693 696 695
1 2 695 196 693
1 2 696 693 185
1 2 185 655 696
1 2 697 696 655
1 2 655 56 697
1 2 696 697 195
1 2 196 695 699
1 2 698 699 695
1 2 695 195 698
1 2 699 698 61
1 2 60 700 702
1 2 701 702 700
1 2 700 197 701
1 2 702 701 198
1 2 195 703 704
1 2 701 704 703
1 2 703 198 701
1 2 704 701 197
1 2 197 705 704
1 2 698 704 705
1 2 705 61 698
1 2 704 698 195
1 2 198 703 706
1 2 697 706 703
1 2 703 195 697
1 2 706 697 56
1 2 56 645 706
1 2 707 706 645
1 2 645 181 707
1 2 706 707 198
1 2 199 708 709
1 2 707 709 708
1 2 708 198 707
1 2 709 707 181
1 2 181 641 709
1 2 710 709 641
1 2 641 18 710
1 2 709 710 199
1 2 198 708 702
1 2 711 702 708
1 2 708 199 711
1 2 702 711 60
1 2 61 705 713
1 2 712 713 705
1 2 705 197 712
1 2 713 712 201
1 2 200 714 715
1 2 712 715 714
1 2 714 201 712
1 2 715 712 197
1 2 197 700 715
1 2 716 715 700
1 2 700 60 716
1 2 715 716 200
1 2 201 714 718
1 2 717 718 714
1 2 714 200 717
1 2 718 717 22
1 2 21 719 721
1 2 720 721 719
1 2 719 202 720
1 2 721 720 204
1 2 203 722 723
1 2 720 723 722
1 2 722 204 720
1 2 723 720 202
1 2 202 724 723
1 2 725 723 724
1 2 724 62 725
1 2 723 725 203
1 2 204 722 727
1 2 726 727 722
1 2 722 203 726
1 2 727 726 63
1 2 60 728 730
1 2 729 730 728
1 2 728 205 729
1 2 730 729 206
1 2 203 731 732
1 2 729 732 731
1 2 731 206 729
1 2 732 729 205
1 2 205 733 732
1 2 726 732 733
1 2 733 63 726
1 2 732 726 203
1 2 206 731 734
1 2 725 734 731
1 2 731 203 725
1 2 734 725 62
1 2 62 735 734
1 2 736 734 735
1 2 735 207 736
1 2 734 736 206
1 2 200 737 738
1 2 736 738 737
1 2 737 206 736
1 2 738 736 207
1 2 207 739 738
1 2 717 738 739
1 2 739 22 717
1 2 738 717 200
1 2 206 737 730
1 2 716 730 737
1 2 737 200 716
1 2 730 716 60
1 2 63 733 741
1 2 740 741 733
1 2 733 205 740
1 2 741 740 208
1 2 199 742 743
1 2 740 743 742
1 2 742 208 740
1 2 743 740 205
1 2 205 728 743
1 2 711 743 728
1 2 728 60 711
1 2 743 711 199
1 2 208 742 744
1 2 710 744 742
1 2 742 199 710
1 2 744 710 18
1 2 18 605 744
1 2 745 744 605
1 2 605 170 745
1 2 744 745 208
1 2 209 746 747
1 2 745 747 746
1 2 746 208 745
1 2 747 745 170
1 2 170 601 747
1 2 748 747 601
1 2 601 51 748
1 2 747 748 209
1 2 208 746 741
1 2 749 741 746
1 2 746 209 749
1 2 741 749 63
1 2 64 750 752
1 2 751 752 750
1 2 750 210 751
1 2 752 751 211
1 2 209 753 754
1 2 751 754 753
1 2 753 211 751
1 2 754 751 210
1 2 210 755 754
1 2 749 754 755
1 2 755 63 749
1 2 754 749 209
1 2 211 753 756
1 2 748 756 753
1 2 753 209 748
1 2 756 748 51
1 2 51 590 756
1 2 757 756 590
1 2 590 165 757
1 2 756 757 211
1 2 212 758 759
1 2 757 759 758
1 2 758 211 757
1 2 759 757 165
1 2 165 585 759
1 2 760 759 585
1 2 585 10 760
1 2 759 760 212
1 2 211 758 752
1 2 761 752 758
1 2 758 212 761
1 2 752 761 64
1 2 63 755 727
1 2 762 727 755
1 2 755 210 762
1 2 727 762 204
1 2 213 763 764
1 2 762 764 763
1 2 763 204 762
1 2 764 762 210
1 2 210 750 764
1 2 765 764 750
1 2 750 64 765
1 2 764 765 213
1 2 204 763 721
1 2 766 721 763
1 2 763 213 766
1 2 721 766 21
1 2 22 739 768
1 2 767 768 739
1 2 739 207 767
1 2 768 767 215
1 2 214 769 770
1 2 767 770 769
1 2 769 215 767
1 2 770 767 207
1 2 207 735 770
1 2 771 770 735
1 2 735 62 771
1 2 770 771 214
1 2 215 769 773
1 2 772 773 769
1 2 769 214 772
1 2 773 772 66
1 2 65 774 776
1 2 775 776 774
1 2 774 216 775
1 2 776 775 217
1 2 214 777 778
1 2 775 778 777
1 2 777 217 775
1 2 778 775 216
1 2 216 779 778
1 2 772 778 779
1 2 779 66 772
1 2 778 772 214
1 2 217 777 780
1 2 771 780 777
1 2 777 214 771
1 2 780 771 62
1 2 62 724 780
1 2 781 780 724
1 2 724 202 781
1 2 780 781 217
1 2 218 782 783
1 2 781 783 782
1 2 782 217 781
1 2 783 781 202
1 2 202 719 783
1 2 784 783 719
1 2 719 21 784
1 2 783 784 218
1 2 217 782 776
1 2 785 776 782
1 2 782 218 785
1 2 776 785 65
1 2 66 779 787
1 2 786 787 779
1 2 779 216 786
1 2 787 786 220
1 2 219 788 789
1 2 786 789 788
1 2 788 220 786
1 2 789 786 216
1 2 216 774 789
1 2 790 789 774
1 2 774 65 790
1 2 789 790 219
1 2 220 788 792
1 2 791 792 788
1 2 788 219 791
1 2 792 791 9
1 2 11 793 795
1 2 794 795 793
1 2 793 221 794
1 2 795 794 223
1 2 222 796 797
1 2 794 797 796
1 2 796 223 794
1 2 797 794 221
1 2 221 798 797
1 2 799 797 798
1 2 798 67 799
1 2 797 799 222
1 2 223 796 801
1 2 800 801 796
1 2 796 222 800
1 2 801 800 69
1 2 68 802 804
1 2 803 804 802
1 2 802 224 803
1 2 804 803 225
1 2 222 805 806
1 2 803 806 805
1 2 805 225 803
1 2 806 803 224
1 2 224 807 806
1 2 800 806 807
1 2 807 69 800
1 2 806 800 222
1 2 225 805 808
1 2 799 808 805
1 2 805 222 799
1 2 808 799 67
1 2 67 809 808
1 2 810 808 809
1 2 809 226 810
1 2 808 810 225
1 2 227 811 812
1 2 810 812 811
1 2 811 225 810
1 2 812 810 226
1 2 226 813 812
1 2 814 812 813
1 2 813 23 814
1 2 812 814 227
1 2 225 811 804
1 2 815 804 811
1 2 811 227 815
1 2 804 815 68
1 2 69 807 817
1 2 816 817 807
1 2 807 224 816
1 2 817 816 229
1 2 228 818 819
1 2 816 819 818
1 2 818 229 816
1 2 819 816 224
1 2 224 802 819
1 2 820 819 802
1 2 802 68 820
1 2 819 820 228
1 2 229 818 822
1 2 821 822 818
1 2 818 228 821
1 2 822 821 25
1 2 24 823 825
1 2 824 825 823
1 2 823 230 824
1 2 825 824 232
1 2 231 826 827
1 2 824 827 826
1 2 826 232 824
1 2 827 824 230
1 2 230 828 827
1 2 829 827 828
1 2 828 70 829
1 2 827 829 231
1 2 232 826 831
1 2 830 831 826
1 2 826 231 830
1 2 831 830 71
1 2 68 832 834
1 2 833 834 832
1 2 832 233 833
1 2 834 833 234
1 2 231 835 836
1 2 833 836 835
1 2 835 234 833
1 2 836 833 233
1 2 233 837 836
1 2 830 836 837
1 2 837 71 830
1 2 836 830 231
1 2 234 835 838
1 2 829 838 835
1 2 835 231 829
1 2 838 829 70
1 2 70 839 838
1 2 840 838 839
1 2 839 235 840
1 2 838 840 234
1 2 228 841 842
1 2 840 842 841
1 2 841 234 840
1 2 842 840 235
1 2 235 843 842
1 2 821 842 843
1 2 843 25 821
1 2 842 821 228
1 2 234 841 834
1 2 820 834 841
1 2 841 228 820
1 2 834 820 68
1 2 71 837 845
1 2 844 845 837
1 2 837 233 844
1 2 845 844 236
1 2 227 846 847
1 2 844 847 846
1 2 846 236 844
1 2 847 844 233
1 2 233 832 847
1 2 815 847 832
1 2 832 68 815
1 2 847 815 227
1 2 236 846 848
1 2 814 848 846
1 2 846 227 814
1 2 848 814 23
1 2 23 849 848
1 2 850 848 849
1 2 849 237 850
1 2 848 850 236
1 2 238 851 852
1 2 850 852 851
1 2 851 236 850
1 2 852 850 237
1 2 237 853 852
1 2 854 852 853
1 2 853 72 854
1 2 852 854 238
1 2 236 851 845
1 2 855 845 851
1 2 851 238 855
1 2 845 855 71
1 2 73 856 858
1 2 857 858 856
1 2 856 239 857
1 2 858 857 240
1 2 238 859 860
1 2 857 860 859
1 2 859 240 857
1 2 860 857 239
1 2 239 861 860
1 2 855 860 861
1 2 861 71 855
1 2 860 855 238
1 2 240 859 862
1 2 854 862 859
1 2 859 238 854
1 2 862 854 72
1 2 72 863 862
1 2 864 862 863
1 2 863 241 864
1 2 862 864 240
1 2 242 865 866
1 2 864 866 865
1 2 865 240 864
1 2 866 864 241
1 2 241 867 866
1 2 868 866 867
1 2 867 1 868
1 2 866 868 242
1 2 240 865 858
1 2 869 858 865
1 2 865 242 869
1 2 858 869 73
1 2 71 861 831
1 2 870 831 861
1 2 861 239 870
1 2 831 870 232
1 2 243 871 872
1 2 870 872 871
1 2 871 232 870
1 2 872 870 239
1 2 239 856 872
1 2 873 872 856
1 2 856 73 873
1 2 872 873 243
1 2 232 871 825
1 2 874 825 871
1 2 871 243 874
1 2 825 874 24
1 2 25 843 876
1 2 875 876 843
1 2 843 235 875
1 2 876 875 245
1 2 244 877 878
1 2 875 878 877
1 2 877 245 875
1 2 878 875 235
1 2 235 839 878
1 2 879 878 839
1 2 839 70 879
1 2 878 879 244
1 2 245 877 881
1 2 880 881 877
1 2 877 244 880
1 2 881 880 75
1 2 74 882 884
1 2 883 884 882
1 2 882 246 883
1 2 884 883 247
1 2 244 885 886
1 2 883 886 885
1 2 885 247 883
1 2 886 883 246
1 2 246 887 886
1 2 880 886 887
1 2 887 75 880
1 2 886 880 244
1 2 247 885 888
1 2 879 888 885
1 2 885 244 879
1 2 888 879 70
1 2 70 828 888
1 2 889 888 828
1 2 828 230 889
1 2 888 889 247
1 2 248 890 891
1 2 889 891 890
1 2 890 247 889
1 2 891 889 230
1 2 230 823 891
1 2 892 891 823
1 2 823 24 892
1 2 891 892 248
1 2 247 890 884
1 2 893 884 890
1 2 890 248 893
1 2 884 893 74
1 2 75 887 895
1 2 894 895 887
1 2 887 246 894
1 2 895 894 250
1 2 249 896 897
1 2 894 897 896
1 2 896 250 894
1 2 897 894 246
1 2 246 882 897
1 2 898 897 882
1 2 882 74 898
1 2 897 898 249
1 2 250 896 900
1 2 899 900 896
1 2 896 249 899
1 2 900 899 2
1 2 1 867 692
1 2 901 692 867
1 2 867 241 901
1 2 692 901 194
1 2 251 902 903
1 2 901 903 902
1 2 902 194 901
1 2 903 901 241
1 2 241 863 903
1 2 904 903 863
1 2 863 72 904
1 2 903 904 251
1 2 194 902 687
1 2 905 687 902
1 2 902 251 905
1 2 687 905 59
1 2 76 906 908
1 2 907 908 906
1 2 906 252 907
1 2 908 907 253
1 2 251 909 910
1 2 907 910 909
1 2 909 253 907
1 2 910 907 252
1 2 252 911 910
1 2 905 910 911
1 2 911 59 905
1 2 910 905 251
1 2 253 909 912
1 2 904 912 909
1 2 909 251 904
1 2 912 904 72
1 2 72 853 912
1 2 913 912 853
1 2 853 237 913
1 2 912 913 253
1 2 254 914 915
1 2 913 915 914
1 2 914 253 913
1 2 915 913 237
1 2 237 849 915
1 2 916 915 849
1 2 849 23 916
1 2 915 916 254
1 2 253 914 908
1 2 917 908 914
1 2 914 254 917
1 2 908 917 76
1 2 59 911 673
1 2 918 673 911
1 2 911 252 918
1 2 673 918 189
1 2 255 919 920
1 2 918 920 919
1 2 919 189 918
1 2 920 918 252
1 2 252 906 920
1 2 921 920 906
1 2 906 76 921
1 2 920 921 255
1 2 189 919 668
1 2 922 668 919
1 2 919 255 922
1 2 668 922 20
1 2 26 923 925
1 2 924 925 923
1 2 923 256 924
1 2 925 924 258
1 2 257 926 927
1 2 924 927 926
1 2 926 258 924
1 2 927 924 256
1 2 256 928 927
1 2 929 927 928
1 2 928 77 929
1 2 927 929 257
1 2 258 926 931
1 2 930 931 926
1 2 926 257 930
1 2 931 930 78
1 2 76 932 934
1 2 933 934 932
1 2 932 259 933
1 2 934 933 260
1 2 257 935 936
1 2 933 936 935
1 2 935 260 933
1 2 936 933 259
1 2 259 937 936
1 2 930 936 937
1 2 937 78 930
1 2 936 930 257
1 2 260 935 938
1 2 929 938 935
1 2 935 257 929
1 2 938 929 77
1 2 77 939 938
1 2 940 938 939
1 2 939 261 940
1 2 938 940 260
1 2 255 941 942
1 2 940 942 941
1 2 941 260 940
1 2 942 940 261
1 2 261 943 942
1 2 922 942 943
1 2 943 20 922
1 2 942 922 255
1 2 260 941 934
1 2 921 934 941
1 2 941 255 921
1 2 934 921 76
1 2 78 937 945
1 2 944 945 937
1 2 937 259 944
1 2 945 944 262
1 2 254 946 947
1 2 944 947 946
1 2 946 262 944
1 2 947 944 259
1 2 259 932 947
1 2 917 947 932
1 2 932 76 917
1 2 947 917 254
1 2 262 946 948
1 2 916 948 946
1 2 946 254 916
1 2 948 916 23
1 2 23 813 948
1 2 949 948 813
1 2 813 226 949
1 2 948 949 262
1 2 263 950 951
1 2 949 951 950
1 2 950 262 949
1 2 951 949 226
1 2 226 809 951
1 2 952 951 809
1 2 809 67 952
1 2 951 952 263
1 2 262 950 945
1 2 953 945 950
1 2 950 263 953
1 2 945 953 78
1 2 79 954 956
1 2 955 956 954
1 2 954 264 955
1 2 956 955 265
1 2 263 957 958
1 2 955 958 957
1 2 957 265 955
1 2 958 955 264
1 2 264 959 958
1 2 953 958 959
1 2 959 78 953
1 2 958 953 263
1 2 265 957 960
1 2 952 960 957
1 2 957 263 952
1 2 960 952 67
1 2 67 798 960
1 2 961 960 798
1 2 798 221 961
1 2 960 961 265
1 2 266 962 963
1 2 961 963 962
1 2 962 265 961
1 2 963 961 221
1 2 221 793 963
1 2 964 963 793
1 2 793 11 964
1 2 963 964 266
1 2 265 962 956
1 2 965 956 962
1 2 962 266 965
1 2 956 965 79
1 2 78 959 931
1 2 966 931 959
1 2 959 264 966
1 2 931 966 258
1 2 267 967 968
1 2 966 968 967
1 2 967 258 966
1 2 968 966 264
1 2 264 954 968
1 2 969 968 954
1 2 954 79 969
1 2 968 969 267
1 2 258 967 925
1 2 970 925 967
1 2 967 267 970
1 2 925 970 26
1 2 20 943 614
1 2 971 614 943
1 2 943 261 971
1 2 614 971 173
1 2 268 972 973
1 2 971 973 972
1 2 972 173 971
1 2 973 971 261
1 2 261 939 973
1 2 974 973 939
1 2 939 77 974
1 2 973 974 268
1 2 173 972 609
1 2 975 609 972
1 2 972 268 975
1 2 609 975 53
1 2 80 976 978
1 2 977 978 976
1 2 976 269 977
1 2 978 977 270
1 2 268 979 980
1 2 977 980 979
1 2 979 270 977
1 2 980 977 269
1 2 269 981 980
1 2 975 980 981
1 2 981 53 975
1 2 980 975 268
1 2 270 979 982
1 2 974 982 979
1 2 979 268 974
1 2 982 974 77
1 2 77 928 982
1 2 983 982 928
1 2 928 256 983
1 2 982 983 270
1 2 271 984 985
1 2 983 985 984
1 2 984 270 983
1 2 985 983 256
1 2 256 923 985
1 2 986 985 923
1 2 923 26 986
1 2 985 986 271
1 2 270 984 978
1 2 987 978 984
1 2 984 271 987
1 2 978 987 80
1 2 53 981 593
1 2 988 593 981
1 2 981 269 988
1 2 593 988 167
1 2 272 989 990
1 2 988 990 989
1 2 989 167 988
1 2 990 988 269
1 2 269 976 990
1 2 991 990 976
1 2 976 80 991
1 2 990 991 272
1 2 167 989 587
1 2 992 587 989
1 2 989 272 992
1 2 587 992 10
1 2 12 993 995
1 2 994 995 993
1 2 993 273 994
1 2 995 994 275
1 2 274 996 997
1 2 994 997 996
1 2 996 275 994
1 2 997 994 273
1 2 273 998 997
1 2 999 997 998
1 2 998 81 999
1 2 997 999 274
1 2 275 996 1001
1 2 1000 1001 996
1 2 996 274 1000
1 2 1001 1000 83
1 2 82 1002 1004
1 2 1003 1004 1002
1 2 1002 276 1003
1 2 1004 1003 277
1 2 274 1005 1006
1 2 1003 1006 1005
1 2 1005 277 1003
1 2 1006 1003 276
1 2 276 1007 1006
1 2 1000 1006 1007
1 2 1007 83 1000
1 2 1006 1000 274
1 2 277 1005 1008
1 2 999 1008 1005
1 2 1005 274 999
1 2 1008 999 81
1 2 81 1009 1008
1 2 1010 1008 1009
1 2 1009 278 1010
1 2 1008 1010 277
1 2 279 1011 1012
1 2 1010 1012 1011
1 2 1011 277 1010
1 2 1012 1010 278
1 2 278 1013 1012
1 2 1014 1012 1013
1 2 1013 27 1014
1 2 1012 1014 279
1 2 277 1011 1004
1 2 1015 1004 1011
1 2 1011 279 1015
1 2 1004 1015 82
1 2 83 1007 1017
1 2 1016 1017 1007
1 2 1007 276 1016
1 2 1017 1016 281
1 2 280 1018 1019
1 2 1016 1019 1018
1 2 1018 281 1016
1 2 1019 1016 276
1 2 276 1002 1019
1 2 1020 1019 1002
1 2 1002 82 1020
1 2 1019 1020 280
1 2 281 1018 1022
1 2 1021 1022 1018
1 2 1018 280 1021
1 2 1022 1021 29
1 2 28 1023 1025
1 2 1024 1025 1023
1 2 1023 282 1024
1 2 1025 1024 284
1 2 283 1026 1027
1 2 1024 1027 1026
1 2 1026 284 1024
1 2 1027 1024 282
1 2 282 1028 1027
1 2 1029 1027 1028
1 2 1028 84 1029
1 2 1027 1029 283
1 2 284 1026 1031
1 2 1030 1031 1026
1 2 1026 283 1030
1 2 1031 1030 85
1 2 82 1032 1034
1 2 1033 1034 1032
1 2 1032 285 1033
1 2 1034 1033 286
1 2 283 1035 1036
1 2 1033 1036 1035
1 2 1035 286 1033
1 2 1036 1033 285
1 2 285 1037 1036
1 2 1030 1036 1037
1 2 1037 85 1030
1 2 1036 1030 283
1 2 286 1035 1038
1 2 1029 1038 1035
1 2 1035 283 1029
1 2 1038 1029 84
1 2 84 1039 1038
1 2 1040 1038 1039
1 2 1039 287 1040
1 2 1038 1040 286
1 2 280 1041 1042
1 2 1040 1042 1041
1 2 1041 286 1040
1 2 1042 1040 287
1 2 287 1043 1042
1 2 1021 1042 1043
1 2 1043 29 1021
1 2 1042 1021 280
1 2 286 1041 1034
1 2 1020 1034 1041
1 2 1041 280 1020
1 2 1034 1020 82
1 2 85 1037 1045
1 2 1044 1045 1037
1 2 1037 285 1044
1 2 1045 1044 288
1 2 279 1046 1047
1 2 1044 1047 1046
1 2 1046 288 1044
1 2 1047 1044 285
1 2 285 1032 1047
1 2 1015 1047 1032
1 2 1032 82 1015
1 2 1047 1015 279
1 2 288 1046 1048
1 2 1014 1048 1046
1 2 1046 279 1014
1 2 1048 1014 27
1 2 27 1049 1048
1 2 1050 1048 1049
1 2 1049 289 1050
1 2 1048 1050 288
1 2 290 1051 1052
1 2 1050 1052 1051
1 2 1051 288 1050
1 2 1052 1050 289
1 2 289 1053 1052
1 2 1054 1052 1053
1 2 1053 86 1054
1 2 1052 1054 290
1 2 288 1051 1045
1 2 1055 1045 1051
1 2 1051 290 1055
1 2 1045 1055 85
1 2 87 1056 1058
1 2 1057 1058 1056
1 2 1056 291 1057
1 2 1058 1057 292
1 2 290 1059 1060
1 2 1057 1060 1059
1 2 1059 292 1057
1 2 1060 1057 291
1 2 291 1061 1060
1 2 1055 1060 1061
1 2 1061 85 1055
1 2 1060 1055 290
1 2 292 1059 1062
1 2 1054 1062 1059
1 2 1059 290 1054
1 2 1062 1054 86
1 2 86 1063 1062
1 2 1064 1062 1063
1 2 1063 293 1064
1 2 1062 1064 292
1 2 294 1065 1066
1 2 1064 1066 1065
1 2 1065 292 1064
1 2 1066 1064 293
1 2 293 1067 1066
1 2 1068 1066 1067
1 2 1067 2 1068
1 2 1066 1068 294
1 2 292 1065 1058
1 2 1069 1058 1065
1 2 1065 294 1069
1 2 1058 1069 87
1 2 85 1061 1031
1 2 1070 1031 1061
1 2 1061 291 1070
1 2 1031 1070 284
1 2 295 1071 1072
1 2 1070 1072 1071
1 2 1071 284 1070
1 2 1072 1070 291
1 2 291 1056 1072
1 2 1073 1072 1056
1 2 1056 87 1073
1 2 1072 1073 295
1 2 284 1071 1025
1 2 1074 1025 1071
1 2 1071 295 1074
1 2 1025 1074 28
1 2 29 1043 1076
1 2 1075 1076 1043
1 2 1043 287 1075
1 2 1076 1075 297
1 2 296 1077 1078
1 2 1075 1078 1077
1 2 1077 297 1075
1 2 1078 1075 287
1 2 287 1039 1078
1 2 1079 1078 1039
1 2 1039 84 1079
1 2 1078 1079 296
1 2 297 1077 1081
1 2 1080 1081 1077
1 2 1077 296 1080
1 2 1081 1080 89
1 2 88 1082 1084
1 2 1083 1084 1082
1 2 1082 298 1083
1 2 1084 1083 299
1 2 296 1085 1086
1 2 1083 1086 1085
1 2 1085 299 1083
1 2 1086 1083 298
1 2 298 1087 1086
1 2 1080 1086 1087
1 2 1087 89 1080
1 2 1086 1080 296
1 2 299 1085 1088
1 2 1079 1088 1085
1 2 1085 296 1079
1 2 1088 1079 84
1 2 84 1028 1088
1 2 1089 1088 1028
1 2 1028 282 1089
1 2 1088 1089 299
1 2 300 1090 1091
1 2 1089 1091 1090
1 2 1090 299 1089
1 2 1091 1089 282
1 2 282 1023 1091
1 2 1092 1091 1023
1 2 1023 28 1092
1 2 1091 1092 300
1 2 299 1090 1084
1 2 1093 1084 1090
1 2 1090 300 1093
1 2 1084 1093 88
1 2 89 1087 1095
1 2 1094 1095 1087
1 2 1087 298 1094
1 2 1095 1094 302
1 2 301 1096 1097
1 2 1094 1097 1096
1 2 1096 302 1094
1 2 1097 1094 298
1 2 298 1082 1097
1 2 1098 1097 1082
1 2 1082 88 1098
1 2 1097 1098 301
1 2 302 1096 1100
1 2 1099 1100 1096
1 2 1096 301 1099
1 2 1100 1099 3
1 2 2 1067 900
1 2 1101 900 1067
1 2 1067 293 1101
1 2 900 1101 250
1 2 303 1102 1103
1 2 1101 1103 1102
1 2 1102 250 1101
1 2 1103 1101 293
1 2 293 1063 1103
1 2 1104 1103 1063
1 2 1063 86 1104
1 2 1103 1104 303
1 2 250 1102 895
1 2 1105 895 1102
1 2 1102 303 1105
1 2 895 1105 75
1 2 90 1106 1108
1 2 1107 1108 1106
1 2 1106 304 1107
1 2 1108 1107 305
1 2 303 1109 1110
1 2 1107 1110 1109
1 2 1109 305 1107
1 2 1110 1107 304
1 2 304 1111 1110
1 2 1105 1110 1111
1 2 1111 75 1105
1 2 1110 1105 303
1 2 305 1109 1112
1 2 1104 1112 1109
1 2 1109 303 1104
1 2 1112 1104 86
1 2 86 1053 1112
1 2 1113 1112 1053
1 2 1053 289 1113
1 2 1112 1113 305
1 2 306 1114 1115
1 2 1113 1115 1114
1 2 1114 305 1113
1 2 1115 1113 289
1 2 289 1049 1115
1 2 1116 1115 1049
1 2 1049 27 1116
1 2 1115 1116 306
1 2 305 1114 1108
1 2 1117 1108 1114
1 2 1114 306 1117
1 2 1108 1117 90
1 2 75 1111 881
1 2 1118 881 1111
1 2 1111 304 1118
1 2 881 1118 245
1 2 307 1119 1120
1 2 1118 1120 1119
1 2 1119 245 1118
1 2 1120 1118 304
1 2 304 1106 1120
1 2 1121 1120 1106
1 2 1106 90 1121
1 2 1120 1121 307
1 2 245 1119 876
1 2 1122 876 1119
1 2 1119 307 1122
1 2 876 1122 25
1 2 30 1123 1125
1 2 1124 1125 1123
1 2 1123 308 1124
1 2 1125 1124 310
1 2 309 1126 1127
1 2 1124 1127 1126
1 2 1126 310 1124
1 2 1127 1124 308
1 2 308 1128 1127
1 2 1129 1127 1128
1 2 1128 91 1129
1 2 1127 1129 309
1 2 310 1126 1131
1 2 1130 1131 1126
1 2 1126 309 1130
1 2 1131 1130 92
1 2 90 1132 1134
1 2 1133 1134 1132
1 2 1132 311 1133
1 2 1134 1133 312
1 2 309 1135 1136
1 2 1133 1136 1135
1 2 1135 312 1133
1 2 1136 1133 311
1 2 311 1137 1136
1 2 1130 1136 1137
1 2 1137 92 1130
1 2 1136 1130 309
1 2 312 1135 1138
1 2 1129 1138 1135
1 2 1135 309 1129
1 2 1138 1129 91
1 2 91 1139 1138
1 2 1140 1138 1139
1 2 1139 313 1140
1 2 1138 1140 312
1 2 307 1141 1142
1 2 1140 1142 1141
1 2 1141 312 1140
1 2 1142 1140 313
1 2 313 1143 1142
1 2 1122 1142 1143
1 2 1143 25 1122
1 2 1142 1122 307
1 2 312 1141 1134
1 2 1121 1134 1141
1 2 1141 307 1121
1 2 1134 1121 90
1 2 92 1137 1145
1 2 1144 1145 1137
1 2 1137 311 1144
1 2 1145 1144 314
1 2 306 1146 1147
1 2 1144 1147 1146
1 2 1146 314 1144
1 2 1147 1144 311
1 2 311 1132 1147
1 2 1117 1147 1132
1 2 1132 90 1117
1 2 1147 1117 306
1 2 314 1146 1148
1 2 1116 1148 1146
1 2 1146 306 1116
1 2 1148 1116 27
1 2 27 1013 1148
1 2 1149 1148 1013
1 2 1013 278 1149
1 2 1148 1149 314
1 2 315 1150 1151
1 2 1149 1151 1150
1 2 1150 314 1149
1 2 1151 1149 278
1 2 278 1009 1151
1 2 1152 1151 1009
1 2 1009 81 1152
1 2 1151 1152 315
1 2 314 1150 1145
1 2 1153 1145 1150
1 2 1150 315 1153
1 2 1145 1153 92
1 2 93 1154 1156
1 2 1155 1156 1154
1 2 1154 316 1155
1 2 1156 1155 317
1 2 315 1157 1158
1 2 1155 1158 1157
1 2 1157 317 1155
1 2 1158 1155 316
1 2 316 1159 1158
1 2 1153 1158 1159
1 2 1159 92 1153
1 2 1158 1153 315
1 2 317 1157 1160
1 2 1152 1160 1157
1 2 1157 315 1152
1 2 1160 1152 81
1 2 81 998 1160
1 2 1161 1160 998
1 2 998 273 1161
1 2 1160 1161 317
1 2 318 1162 1163
1 2 1161 1163 1162
1 2 1162 317 1161
1 2 1163 1161 273
1 2 273 993 1163
1 2 1164 1163 993
1 2 993 12 1164
1 2 1163 1164 318
1 2 317 1162 1156
1 2 1165 1156 1162
1 2 1162 318 1165
1 2 1156 1165 93
1 2 92 1159 1131
1 2 1166 1131 1159
1 2 1159 316 1166
1 2 1131 1166 310
1 2 319 1167 1168
1 2 1166 1168 1167
1 2 1167 310 1166
1 2 1168 1166 316
1 2 316 1154 1168
1 2 1169 1168 1154
1 2 1154 93 1169
1 2 1168 1169 319
1 2 310 1167 1125
1 2 1170 1125 1167
1 2 1167 319 1170
1 2 1125 1170 30
1 2 25 1143 822
1 2 1171 822 1143
1 2 1143 313 1171
1 2 822 1171 229
1 2 320 1172 1173
1 2 1171 1173 1172
1 2 1172 229 1171
1 2 1173 1171 313
1 2 313 1139 1173
1 2 1174 1173 1139
1 2 1139 91 1174
1 2 1173 1174 320
1 2 229 1172 817
1 2 1175 817 1172
1 2 1172 320 1175
1 2 817 1175 69
1 2 94 1176 1178
1 2 1177 1178 1176
1 2 1176 321 1177
1 2 1178 1177 322
1 2 320 1179 1180
1 2 1177 1180 1179
1 2 1179 322 1177
1 2 1180 1177 321
1 2 321 1181 1180
1 2 1175 1180 1181
1 2 1181 69 1175
1 2 1180 1175 320
1 2 322 1179 1182
1 2 1174 1182 1179
1 2 1179 320 1174
1 2 1182 1174 91
1 2 91 1128 1182
1 2 1183 1182 1128
1 2 1128 308 1183
1 2 1182 1183 322
1 2 323 1184 1185
1 2 1183 1185 1184
1 2 1184 322 1183
1 2 1185 1183 308
1 2 308 1123 1185
1 2 1186 1185 1123
1 2 1123 30 1186
1 2 1185 1186 323
1 2 322 1184 1178
1 2 1187 1178 1184
1 2 1184 323 1187
1 2 1178 1187 94
1 2 69 1181 801
1 2 1188 801 1181
1 2 1181 321 1188
1 2 801 1188 223
1 2 324 1189 1190
1 2 1188 1190 1189
1 2 1189 223 1188
1 2 1190 1188 321
1 2 321 1176 1190
1 2 1191 1190 1176
1 2 1176 94 1191
1 2 1190 1191 324
1 2 223 1189 795
1 2 1192 795 1189
1 2 1189 324 1192
1 2 795 1192 11
1 2 13 1193 1195
1 2 1194 1195 1193
1 2 1193 325 1194
1 2 1195 1194 327
1 2 326 1196 1197
1 2 1194 1197 1196
1 2 1196 327 1194
1 2 1197 1194 325
1 2 325 1198 1197
1 2 1199 1197 1198
1 2 1198 95 1199
1 2 1197 1199 326
1 2 327 1196 1201
1 2 1200 1201 1196
1 2 1196 326 1200
1 2 1201 1200 97
1 2 96 1202 1204
1 2 1203 1204 1202
1 2 1202 328 1203
1 2 1204 1203 329
1 2 326 1205 1206
1 2 1203 1206 1205
1 2 1205 329 1203
1 2 1206 1203 328
1 2 328 1207 1206
1 2 1200 1206 1207
1 2 1207 97 1200
1 2 1206 1200 326
1 2 329 1205 1208
1 2 1199 1208 1205
1 2 1205 326 1199
1 2 1208 1199 95
1 2 95 1209 1208
1 2 1210 1208 1209
1 2 1209 330 1210
1 2 1208 1210 329
1 2 331 1211 1212
1 2 1210 1212 1211
1 2 1211 329 1210
1 2 1212 1210 330
1 2 330 1213 1212
1 2 1214 1212 1213
1 2 1213 31 1214
1 2 1212 1214 331
1 2 329 1211 1204
1 2 1215 1204 1211
1 2 1211 331 1215
1 2 1204 1215 96
1 2 97 1207 1217
1 2 1216 1217 1207
1 2 1207 328 1216
1 2 1217 1216 333
1 2 332 1218 1219
1 2 1216 1219 1218
1 2 1218 333 1216
1 2 1219 1216 328
1 2 328 1202 1219
1 2 1220 1219 1202
1 2 1202 96 1220
1 2 1219 1220 332
1 2 333 1218 1222
1 2 1221 1222 1218
1 2 1218 332 1221
1 2 1222 1221 33
1 2 32 1223 1225
1 2 1224 1225 1223
1 2 1223 334 1224
1 2 1225 1224 336
1 2 335 1226 1227
1 2 1224 1227 1226
1 2 1226 336 1224
1 2 1227 1224 334
1 2 334 1228 1227
1 2 1229 1227 1228
1 2 1228 98 1229
1 2 1227 1229 335
1 2 336 1226 1231
1 2 1230 1231 1226
1 2 1226 335 1230
1 2 1231 1230 99
1 2 96 1232 1234
1 2 1233 1234 1232
1 2 1232 337 1233
1 2 1234 1233 338
1 2 335 1235 1236
1 2 1233 1236 1235
1 2 1235 338 1233
1 2 1236 1233 337
1 2 337 1237 1236
1 2 1230 1236 1237
1 2 1237 99 1230
1 2 1236 1230 335
1 2 338 1235 1238
1 2 1229 1238 1235
1 2 1235 335 1229
1 2 1238 1229 98
1 2 98 1239 1238
1 2 1240 1238 1239
1 2 1239 339 1240
1 2 1238 1240 338
1 2 332 1241 1242
1 2 1240 1242 1241
1 2 1241 338 1240
1 2 1242 1240 339
1 2 339 1243 1242
1 2 1221 1242 1243
1 2 1243 33 1221
1 2 1242 1221 332
1 2 338 1241 1234
1 2 1220 1234 1241
1 2 1241 332 1220
1 2 1234 1220 96
1 2 99 1237 1245
1 2 1244 1245 1237
1 2 1237 337 1244
1 2 1245 1244 340
1 2 331 1246 1247
1 2 1244 1247 1246
1 2 1246 340 1244
1 2 1247 1244 337
1 2 337 1232 1247
1 2 1215 1247 1232
1 2 1232 96 1215
1 2 1247 1215 331
1 2 340 1246 1248
1 2 1214 1248 1246
1 2 1246 331 1214
1 2 1248 1214 31
1 2 31 1249 1248
1 2 1250 1248 1249
1 2 1249 341 1250
1 2 1248 1250 340
1 2 342 1251 1252
1 2 1250 1252 1251
1 2 1251 340 1250
1 2 1252 1250 341
1 2 341 1253 1252
1 2 1254 1252 1253
1 2 1253 100 1254
1 2 1252 1254 342
1 2 340 1251 1245
1 2 1255 1245 1251
1 2 1251 342 1255
1 2 1245 1255 99
1 2 101 1256 1258
1 2 1257 1258 1256
1 2 1256 343 1257
1 2 1258 1257 344
1 2 342 1259 1260
1 2 1257 1260 1259
1 2 1259 344 1257
1 2 1260 1257 343
1 2 343 1261 1260
1 2 1255 1260 1261
1 2 1261 99 1255
1 2 1260 1255 342
1 2 344 1259 1262
1 2 1254 1262 1259
1 2 1259 342 1254
1 2 1262 1254 100
1 2 100 1263 1262
1 2 1264 1262 1263
1 2 1263 345 1264
1 2 1262 1264 344
1 2 346 1265 1266
1 2 1264 1266 1265
1 2 1265 344 1264
1 2 1266 1264 345
1 2 345 1267 1266
1 2 1268 1266 1267
1 2 1267 3 1268
1 2 1266 1268 346
1 2 344 1265 1258
1 2 1269 1258 1265
1 2 1265 346 1269
1 2 1258 1269 101
1 2 99 1261 1231
1 2 1270 1231 1261
1 2 1261 343 1270
1 2 1231 1270 336
1 2 347 1271 1272
1 2 1270 1272 1271
1 2 1271 336 1270
1 2 1272 1270 343
1 2 343 1256 1272
1 2 1273 1272 1256
1 2 1256 101 1273
1 2 1272 1273 347
1 2 336 1271 1225
1 2 1274 1225 1271
1 2 1271 347 1274
1 2 1225 1274 32
1 2 33 1243 1276
1 2 1275 1276 1243
1 2 1243 339 1275
1 2 1276 1275 349
1 2 348 1277 1278
1 2 1275 1278 1277
1 2 1277 349 1275
1 2 1278 1275 339
1 2 339 1239 1278
1 2 1279 1278 1239
1 2 1239 98 1279
1 2 1278 1279 348
1 2 349 1277 1281
1 2 1280 1281 1277
1 2 1277 348 1280
1 2 1281 1280 103
1 2 102 1282 1284
1 2 1283 1284 1282
1 2 1282 350 1283
1 2 1284 1283 351
1 2 348 1285 1286
1 2 1283 1286 1285
1 2 1285 351 1283
1 2 1286 1283 350
1 2 350 1287 1286
1 2 1280 1286 1287
1 2 1287 103 1280
1 2 1286 1280 348
1 2 351 1285 1288
1 2 1279 1288 1285
1 2 1285 348 1279
1 2 1288 1279 98
1 2 98 1228 1288
1 2 1289 1288 1228
1 2 1228 334 1289
1 2 1288 1289 351
1 2 352 1290 1291
1 2 1289 1291 1290
1 2 1290 351 1289
1 2 1291 1289 334
1 2 334 1223 1291
1 2 1292 1291 1223
1 2 1223 32 1292
1 2 1291 1292 352
1 2 351 1290 1284
1 2 1293 1284 1290
1 2 1290 352 1293
1 2 1284 1293 102
1 2 103 1287 1295
1 2 1294 1295 1287
1 2 1287 350 1294
1 2 1295 1294 354
1 2 353 1296 1297
1 2 1294 1297 1296
1 2 1296 354 1294
1 2 1297 1294 350
1 2 350 1282 1297
1 2 1298 1297 1282
1 2 1282 102 1298
1 2 1297 1298 353
1 2 354 1296 1300
1 2 1299 1300 1296
1 2 1296 353 1299
1 2 1300 1299 4
1 2 3 1267 1100
1 2 1301 1100 1267
1 2 1267 345 1301
1 2 1100 1301 302
1 2 355 1302 1303
1 2 1301 1303 1302
1 2 1302 302 1301
1 2 1303 1301 345
1 2 345 1263 1303
1 2 1304 1303 1263
1 2 1263 100 1304
1 2 1303 1304 355
1 2 302 1302 1095
1 2 1305 1095 1302
1 2 1302 355 1305
1 2 1095 1305 89
1 2 104 1306 1308
1 2 1307 1308 1306
1 2 1306 356 1307
1 2 1308 1307 357
1 2 355 1309 1310
1 2 1307 1310 1309
1 2 1309 357 1307
1 2 1310 1307 356
1 2 356 1311 1310
1 2 1305 1310 1311
1 2 1311 89 1305
1 2 1310 1305 355
1 2 357 1309 1312
1 2 1304 1312 1309
1 2 1309 355 1304
1 2 1312 1304 100
1 2 100 1253 1312
1 2 1313 1312 1253
1 2 1253 341 1313
1 2 1312 1313 357
1 2 358 1314 1315
1 2 1313 1315 1314
1 2 1314 357 1313
1 2 1315 1313 341
1 2 341 1249 1315
1 2 1316 1315 1249
1 2 1249 31 1316
1 2 1315 1316 358
1 2 357 1314 1308
1 2 1317 1308 1314
1 2 1314 358 1317
1 2 1308 1317 104
1 2 89 1311 1081
1 2 1318 1081 1311
1 2 1311 356 1318
1 2 1081 1318 297
1 2 359 1319 1320
1 2 1318 1320 1319
1 2 1319 297 1318
1 2 1320 1318 356
1 2 356 1306 1320
1 2 1321 1320 1306
1 2 1306 104 1321
1 2 1320 1321 359
1 2 297 1319 1076
1 2 1322 1076 1319
1 2 1319 359 1322
1 2 1076 1322 29
1 2 34 1323 1325
1 2 1324 1325 1323
1 2 1323 360 1324
1 2 1325 1324 362
1 2 361 1326 1327
1 2 1324 1327 1326
1 2 1326 362 1324
1 2 1327 1324 360
1 2 360 1328 1327
1 2 1329 1327 1328
1 2 1328 105 1329
1 2 1327 1329 361
1 2 362 1326 1331
1 2 1330 1331 1326
1 2 1326 361 1330
1 2 1331 1330 106
1 2 104 1332 1334
1 2 1333 1334 1332
1 2 1332 363 1333
1 2 1334 1333 364
1 2 361 1335 1336
1 2 1333 1336 1335
1 2 1335 364 1333
1 2 1336 1333 363
1 2 363 1337 1336
1 2 1330 1336 1337
1 2 1337 106 1330
1 2 1336 1330 361
1 2 364 1335 1338
1 2 1329 1338 1335
1 2 1335 361 1329
1 2 1338 1329 105
1 2 105 1339 1338
1 2 1340 1338 1339
1 2 1339 365 1340
1 2 1338 1340 364
1 2 359 1341 1342
1 2 1340 1342 1341
1 2 1341 364 1340
1 2 1342 1340 365
1 2 365 1343 1342
1 2 1322 1342 1343
1 2 1343 29 1322
1 2 1342 1322 359
1 2 364 1341 1334
1 2 1321 1334 1341
1 2 1341 359 1321
1 2 1334 1321 104
1 2 106 1337 1345
1 2 1344 1345 1337
1 2 1337 363 1344
1 2 1345 1344 366
1 2 358 1346 1347
1 2 1344 1347 1346
1 2 1346 366 1344
1 2 1347 1344 363
1 2 363 1332 1347
1 2 1317 1347 1332
1 2 1332 104 1317
1 2 1347 1317 358
1 2 366 1346 1348
1 2 1316 1348 1346
1 2 1346 358 1316
1 2 1348 1316 31
1 2 31 1213 1348
1 2 1349 1348 1213
1 2 1213 330 1349
1 2 1348 1349 366
1 2 367 1350 1351
1 2 1349 1351 1350
1 2 1350 366 1349
1 2 1351 1349 330
1 2 330 1209 1351
1 2 1352 1351 1209
1 2 1209 95 1352
1 2 1351 1352 367
1 2 366 1350 1345
1 2 1353 1345 1350
1 2 1350 367 1353
1 2 1345 1353 106
1 2 107 1354 1356
1 2 1355 1356 1354
1 2 1354 368 1355
1 2 1356 1355 369
1 2 367 1357 1358
1 2 1355 1358 1357
1 2 1357 369 1355
1 2 1358 1355 368
1 2 368 1359 1358
1 2 1353 1358 1359
1 2 1359 106 1353
1 2 1358 1353 367
1 2 369 1357 1360
1 2 1352 1360 1357
1 2 1357 367 1352
1 2 1360 1352 95
1 2 95 1198 1360
1 2 1361 1360 1198
1 2 1198 325 1361
1 2 1360 1361 369
1 2 370 1362 1363
1 2 1361 1363 1362
1 2 1362 369 1361
1 2 1363 1361 325
1 2 325 1193 1363
1 2 1364 1363 1193
1 2 1193 13 1364
1 2 1363 1364 370
1 2 369 1362 1356
1 2 1365 1356 1362
1 2 1362 370 1365
1 2 1356 1365 107
1 2 106 1359 1331
1 2 1366 1331 1359
1 2 1359 368 1366
1 2 1331 1366 362
1 2 371 1367 1368
1 2 1366 1368 1367
1 2 1367 362 1366
1 2 1368 1366 368
1 2 368 1354 1368
1 2 1369 1368 1354
1 2 1354 107 1369
1 2 1368 1369 371
1 2 362 1367 1325
1 2 1370 1325 1367
1 2 1367 371 1370
1 2 1325 1370 34
1 2 29 1343 1022
1 2 1371 1022 1343
1 2 1343 365 1371
1 2 1022 1371 281
1 2 372 1372 1373
1 2 1371 1373 1372
1 2 1372 281 1371
1 2 1373 1371 365
1 2 365 1339 1373
1 2 1374 1373 1339
1 2 1339 105 1374
1 2 1373 1374 372
1 2 281 1372 1017
1 2 1375 1017 1372
1 2 1372 372 1375
1 2 1017 1375 83
1 2 108 1376 1378
1 2 1377 1378 1376
1 2 1376 373 1377
1 2 1378 1377 374
1 2 372 1379 1380
1 2 1377 1380 1379
1 2 1379 374 1377
1 2 1380 1377 373
1 2 373 1381 1380
1 2 1375 1380 1381
1 2 1381 83 1375
1 2 1380 1375 372
1 2 374 1379 1382
1 2 1374 1382 1379
1 2 1379 372 1374
1 2 1382 1374 105
1 2 105 1328 1382
1 2 1383 1382 1328
1 2 1328 360 1383
1 2 1382 1383 374
1 2 375 1384 1385
1 2 1383 1385 1384
1 2 1384 374 1383
1 2 1385 1383 360
1 2 360 1323 1385
1 2 1386 1385 1323
1 2 1323 34 1386
1 2 1385 1386 375
1 2 374 1384 1378
1 2 1387 1378 1384
1 2 1384 375 1387
1 2 1378 1387 108
1 2 83 1381 1001
1 2 1388 1001 1381
1 2 1381 373 1388
1 2 1001 1388 275
1 2 376 1389 1390
1 2 1388 1390 1389
1 2 1389 275 1388
1 2 1390 1388 373
1 2 373 1376 1390
1 2 1391 1390 1376
1 2 1376 108 1391
1 2 1390 1391 376
1 2 275 1389 995
1 2 1392 995 1389
1 2 1389 376 1392
1 2 995 1392 12
2 2 14 1393 1395
2 2 1394 1395 1393
2 2 1393 377 1394
2 2 1395 1394 379
2 2 378 1396 1397
2 2 1394 1397 1396
2 2 1396 379 1394
2 2 1397 1394 377
2 2 377 1398 1397
2 2 1399 1397 1398
2 2 1398 109 1399
2 2 1397 1399 378
2 2 379 1396 1401
2 2 1400 1401 1396
2 2 1396 378 1400
2 2 1401 1400 111
2 2 110 1402 1404
2 2 1403 1404 1402
2 2 1402 380 1403
2 2 1404 1403 381
2 2 378 1405 1406
2 2 1403 1406 1405
2 2 1405 381 1403
2 2 1406 1403 380
2 2 380 1407 1406
2 2 1400 1406 1407
2 2 1407 111 1400
2 2 1406 1400 378
2 2 381 1405 1408
2 2 1399 1408 1405
2 2 1405 378 1399
2 2 1408 1399 109
2 2 109 1409 1408
2 2 1410 1408 1409
2 2 1409 382 1410
2 2 1408 1410 381
2 2 383 1411 1412
2 2 1410 1412 1411
2 2 1411 381 1410
2 2 1412 1410 382
2 2 382 1413 1412
2 2 1414 1412 1413
2 2 1413 35 1414
2 2 1412 1414 383
2 2 381 1411 1404
2 2 1415 1404 1411
2 2 1411 383 1415
2 2 1404 1415 110
2 2 111 1407 1417
2 2 1416 1417 1407
2 2 1407 380 1416
2 2 1417 1416 385
2 2 384 1418 1419
2 2 1416 1419 1418
2 2 1418 385 1416
2 2 1419 1416 380
2 2 380 1402 1419
2 2 1420 1419 1402
2 2 1402 110 1420
2 2 1419 1420 384
2 2 385 1418 1422
2 2 1421 1422 1418
2 2 1418 384 1421
2 2 1422 1421 37
2 2 36 1423 1425
2 2 1424 1425 1423
2 2 1423 386 1424
2 2 1425 1424 388
2 2 387 1426 1427
2 2 1424 1427 1426
2 2 1426 388 1424
2 2 1427 1424 386
2 2 386 1428 1427
2 2 1429 1427 1428
2 2 1428 112 1429
2 2 1427 1429 387
2 2 388 1426 1431
2 2 1430 1431 1426
2 2 1426 387 1430
2 2 1431 1430 113
2 2 110 1432 1434
2 2 1433 1434 1432
2 2 1432 389 1433
2 2 1434 1433 390
2 2 387 1435 1436
2 2 1433 1436 1435
2 2 1435 390 1433
2 2 1436 1433 389
2 2 389 1437 1436
2 2 1430 1436 1437
2 2 1437 113 1430
2 2 1436 1430 387
2 2 390 1435 1438
2 2 1429 1438 1435
2 2 1435 387 1429
2 2 1438 1429 112
2 2 112 1439 1438
2 2 1440 1438 1439
2 2 1439 391 1440
2 2 1438 1440 390
2 2 384 1441 1442
2 2 1440 1442 1441
2 2 1441 390 1440
2 2 1442 1440 391
2 2 391 1443 1442
2 2 1421 1442 1443
2 2 1443 37 1421
2 2 1442 1421 384
2 2 390 1441 1434
2 2 1420 1434 1441
2 2 1441 384 1420
2 2 1434 1420 110
2 2 113 1437 1445
2 2 1444 1445 1437
2 2 1437 389 1444
2 2 1445 1444 392
2 2 383 1446 1447
2 2 1444 1447 1446
2 2 1446 392 1444
2 2 1447 1444 389
2 2 389 1432 1447
2 2 1415 1447 1432
2 2 1432 110 1415
2 2 1447 1415 383
2 2 392 1446 1448
2 2 1414 1448 1446
2 2 1446 383 1414
2 2 1448 1414 35
2 2 35 1449 1448
2 2 1450 1448 1449
2 2 1449 393 1450
2 2 1448 1450 392
2 2 394 1451 1452
2 2 1450 1452 1451
2 2 1451 392 1450
2 2 1452 1450 393
2 2 393 1453 1452
2 2 1454 1452 1453
2 2 1453 114 1454
2 2 1452 1454 394
2 2 392 1451 1445
2 2 1455 1445 1451
2 2 1451 394 1455
2 2 1445 1455 113
2 2 115 1456 1458
2 2 1457 1458 1456
2 2 1456 395 1457
2 2 1458 1457 396
2 2 394 1459 1460
2 2 1457 1460 1459
2 2 1459 396 1457
2 2 1460 1457 395
2 2 395 1461 1460
2 2 1455 1460 1461
2 2 1461 113 1455
2 2 1460 1455 394
2 2 396 1459 1462
2 2 1454 1462 1459
2 2 1459 394 1454
2 2 1462 1454 114
2 2 114 1463 1462
2 2 1464 1462 1463
2 2 1463 397 1464
2 2 1462 1464 396
2 2 398 1465 1466
2 2 1464 1466 1465
2 2 1465 396 1464
2 2 1466 1464 397
2 2 397 1467 1466
2 2 1468 1466 1467
2 2 1467 4 1468
2 2 1466 1468 398
2 2 396 1465 1458
2 2 1469 1458 1465
2 2 1465 398 1469
2 2 1458 1469 115
2 2 113 1461 1431
2 2 1470 1431 1461
2 2 1461 395 1470
2 2 1431 1470 388
2 2 399 1471 1472
2 2 1470 1472 1471
2 2 1471 388 1470
2 2 1472 1470 395
2 2 395 1456 1472
2 2 1473 1472 1456
2 2 1456 115 1473
2 2 1472 1473 399
2 2 388 1471 1425
2 2 1474 1425 1471
2 2 1471 399 1474
2 2 1425 1474 36
2 2 37 1443 1476
2 2 1475 1476 1443
2 2 1443 391 1475
2 2 1476 1475 401
2 2 400 1477 1478
2 2 1475 1478 1477
2 2 1477 401 1475
2 2 1478 1475 391
2 2 391 1439 1478
2 2 1479 1478 1439
2 2 1439 112 1479
2 2 1478 1479 400
2 2 401 1477 1481
2 2 1480 1481 1477
2 2 1477 400 1480
2 2 1481 1480 117
2 2 116 1482 1484
2 2 1483 1484 1482
2 2 1482 402 1483
2 2 1484 1483 403
2 2 400 1485 1486
2 2 1483 1486 1485
2 2 1485 403 1483
2 2 1486 1483 402
2 2 402 1487 1486
2 2 1480 1486 1487
2 2 1487 117 1480
2 2 1486 1480 400
2 2 403 1485 1488
2 2 1479 1488 1485
2 2 1485 400 1479
2 2 1488 1479 112
2 2 112 1428 1488
2 2 1489 1488 1428
2 2 1428 386 1489
2 2 1488 1489 403
2 2 404 1490 1491
2 2 1489 1491 1490
2 2 1490 403 1489
2 2 1491 1489 386
2 2 386 1423 1491
2 2 1492 1491 1423
2 2 1423 36 1492
2 2 1491 1492 404
2 2 403 1490 1484
2 2 1493 1484 1490
2 2 1490 404 1493
2 2 1484 1493 116
2 2 117 1487 1495
2 2 1494 1495 1487
2 2 1487 402 1494
2 2 1495 1494 406
2 2 405 1496 1497
2 2 1494 1497 1496
2 2 1496 406 1494
2 2 1497 1494 402
2 2 402 1482 1497
2 2 1498 1497 1482
2 2 1482 116 1498
2 2 1497 1498 405
2 2 406 1496 1500
2 2 1499 1500 1496
2 2 1496 405 1499
2 2 1500 1499 5
2 2 4 1467 1300
2 2 1501 1300 1467
2 2 1467 397 1501
2 2 1300 1501 354
2 2 407 1502 1503
2 2 1501 1503 1502
2 2 1502 354 1501
2 2 1503 1501 397
2 2 397 1463 1503
2 2 1504 1503 1463
2 2 1463 114 1504
2 2 1503 1504 407
2 2 354 1502 1295
2 2 1505 1295 1502
2 2 1502 407 1505
2 2 1295 1505 103
2 2 118 1506 1508
2 2 1507 1508 1506
2 2 1506 408 1507
2 2 1508 1507 409
2 2 407 1509 1510
2 2 1507 1510 1509
2 2 1509 409 1507
2 2 1510 1507 408
2 2 408 1511 1510
2 2 1505 1510 1511
2 2 1511 103 1505
2 2 1510 1505 407
2 2 409 1509 1512
2 2 1504 1512 1509
2 2 1509 407 1504
2 2 1512 1504 114
2 2 114 1453 1512
2 2 1513 1512 1453
2 2 1453 393 1513
2 2 1512 1513 409
2 2 410 1514 1515
2 2 1513 1515 1514
2 2 1514 409 1513
2 2 1515 1513 393
2 2 393 1449 1515
2 2 1516 1515 1449
2 2 1449 35 1516
2 2 1515 1516 410
2 2 409 1514 1508
2 2 1517 1508 1514
2 2 1514 410 1517
2 2 1508 1517 118
2 2 103 1511 1281
2 2 1518 1281 1511
2 2 1511 408 1518
2 2 1281 1518 349
2 2 411 1519 1520
2 2 1518 1520 1519
2 2 1519 349 1518
2 2 1520 1518 408
2 2 408 1506 1520
2 2 1521 1520 1506
2 2 1506 118 1521
2 2 1520 1521 411
2 2 349 1519 1276
2 2 1522 1276 1519
2 2 1519 411 1522
2 2 1276 1522 33
2 2 38 1523 1525
2 2 1524 1525 1523
2 2 1523 412 1524
2 2 1525 1524 414
2 2 413 1526 1527
2 2 1524 1527 1526
2 2 1526 414 1524
2 2 1527 1524 412
2 2 412 1528 1527
2 2 1529 1527 1528
2 2 1528 119 1529
2 2 1527 1529 413
2 2 414 1526 1531
2 2 1530 1531 1526
2 2 1526 413 1530
2 2 1531 1530 120
2 2 118 1532 1534
2 2 1533 1534 1532
2 2 1532 415 1533
2 2 1534 1533 416
2 2 413 1535 1536
2 2 1533 1536 1535
2 2 1535 416 1533
2 2 1536 1533 415
2 2 415 1537 1536
2 2 1530 1536 1537
2 2 1537 120 1530
2 2 1536 1530 413
2 2 416 1535 1538
2 2 1529 1538 1535
2 2 1535 413 1529
2 2 1538 1529 119
2 2 119 1539 1538
2 2 1540 1538 1539
2 2 1539 417 1540
2 2 1538 1540 416
2 2 411 1541 1542
2 2 1540 1542 1541
2 2 1541 416 1540
2 2 1542 1540 417
2 2 417 1543 1542
2 2 1522 1542 1543
2 2 1543 33 1522
2 2 1542 1522 411
2 2 416 1541 1534
2 2 1521 1534 1541
2 2 1541 411 1521
2 2 1534 1521 118
2 2 120 1537 1545
2 2 1544 1545 1537
2 2 1537 415 1544
2 2 1545 1544 418
2 2 410 1546 1547
2 2 1544 1547 1546
2 2 1546 418 1544
2 2 1547 1544 415
2 2 415 1532 1547
2 2 1517 1547 1532
2 2 1532 118 1517
2 2 1547 1517 410
2 2 418 1546 1548
2 2 1516 1548 1546
2 2 1546 410 1516
2 2 1548 1516 35
2 2 35 1413 1548
2 2 1549 1548 1413
2 2 1413 382 1549
2 2 1548 1549 418
2 2 419 1550 1551
2 2 1549 1551 1550
2 2 1550 418 1549
2 2 1551 1549 382
2 2 382 1409 1551
2 2 1552 1551 1409
2 2 1409 109 1552
2 2 1551 1552 419
2 2 418 1550 1545
2 2 1553 1545 1550
2 2 1550 419 1553
2 2 1545 1553 120
2 2 121 1554 1556
2 2 1555 1556 1554
2 2 1554 420 1555
2 2 1556 1555 421
2 2 419 1557 1558
2 2 1555 1558 1557
2 2 1557 421 1555
2 2 1558 1555 420
2 2 420 1559 1558
2 2 1553 1558 1559
2 2 1559 120 1553
2 2 1558 1553 419
2 2 421 1557 1560
2 2 1552 1560 1557
2 2 1557 419 1552
2 2 1560 1552 109
2 2 109 1398 1560
2 2 1561 1560 1398
2 2 1398 377 1561
2 2 1560 1561 421
2 2 422 1562 1563
2 2 1561 1563 1562
2 2 1562 421 1561
2 2 1563 1561 377
2 2 377 1393 1563
2 2 1564 1563 1393
2 2 1393 14 1564
2 2 1563 1564 422
2 2 421 1562 1556
2 2 1565 1556 1562
2 2 1562 422 1565
2 2 1556 1565 121
2 2 120 1559 1531
2 2 1566 1531 1559
2 2 1559 420 1566
2 2 1531 1566 414
2 2 423 1567 1568
2 2 1566 1568 1567
2 2 1567 414 1566
2 2 1568 1566 420
2 2 420 1554 1568
2 2 1569 1568 1554
2 2 1554 121 1569
2 2 1568 1569 423
2 2 414 1567 1525
2 2 1570 1525 1567
2 2 1567 423 1570
2 2 1525 1570 38
2 2 33 1543 1222
2 2 1571 1222 1543
2 2 1543 417 1571
2 2 1222 1571 333
2 2 424 1572 1573
2 2 1571 1573 1572
2 2 1572 333 1571
2 2 1573 1571 417
2 2 417 1539 1573
2 2 1574 1573 1539
2 2 1539 119 1574
2 2 1573 1574 424
2 2 333 1572 1217
2 2 1575 1217 1572
2 2 1572 424 1575
2 2 1217 1575 97
2 2 122 1576 1578
2 2 1577 1578 1576
2 2 1576 425 1577
2 2 1578 1577 426
2 2 424 1579 1580
2 2 1577 1580 1579
2 2 1579 426 1577
2 2 1580 1577 425
2 2 425 1581 1580
2 2 1575 1580 1581
2 2 1581 97 1575
2 2 1580 1575 424
2 2 426 1579 1582
2 2 1574 1582 1579
2 2 1579 424 1574
2 2 1582 1574 119
2 2 119 1528 1582
2 2 1583 1582 1528
2 2 1528 412 1583
2 2 1582 1583 426
2 2 427 1584 1585
2 2 1583 1585 1584
2 2 1584 426 1583
2 2 1585 1583 412
2 2 412 1523 1585
2 2 1586 1585 1523
2 2 1523 38 1586
2 2 1585 1586 427
2 2 426 1584 1578
2 2 1587 1578 1584
2 2 1584 427 1587
2 2 1578 1587 122
2 2 97 1581 1201
2 2 1588 1201 1581
2 2 1581 425 1588
2 2 1201 1588 327
2 2 428 1589 1590
2 2 1588 1590 1589
2 2 1589 327 1588
2 2 1590 1588 425
2 2 425 1576 1590
2 2 1591 1590 1576
2 2 1576 122 1591
2 2 1590 1591 428
2 2 327 1589 1195
2 2 1592 1195 1589
2 2 1589 428 1592
2 2 1195 1592 13
2 2 15 1593 1595
2 2 1594 1595 1593
2 2 1593 429 1594
2 2 1595 1594 431
2 2 430 1596 1597
2 2 1594 1597 1596
2 2 1596 431 1594
2 2 1597 1594 429
2 2 429 1598 1597
2 2 1599 1597 1598
2 2 1598 123 1599
2 2 1597 1599 430
2 2 431 1596 1601
2 2 1600 1601 1596
2 2 1596 430 1600
2 2 1601 1600 125
2 2 124 1602 1604
2 2 1603 1604 1602
2 2 1602 432 1603
2 2 1604 1603 433
2 2 430 1605 1606
2 2 1603 1606 1605
2 2 1605 433 1603
2 2 1606 1603 432
2 2 432 1607 1606
2 2 1600 1606 1607
2 2 1607 125 1600
2 2 1606 1600 430
2 2 433 1605 1608
2 2 1599 1608 1605
2 2 1605 430 1599
2 2 1608 1599 123
2 2 123 1609 1608
2 2 1610 1608 1609
2 2 1609 434 1610
2 2 1608 1610 433
2 2 435 1611 1612
2 2 1610 1612 1611
2 2 1611 433 1610
2 2 1612 1610 434
2 2 434 1613 1612
2 2 1614 1612 1613
2 2 1613 39 1614
2 2 1612 1614 435
2 2 433 1611 1604
2 2 1615 1604 1611
2 2 1611 435 1615
2 2 1604 1615 124
2 2 125 1607 1617
2 2 1616 1617 1607
2 2 1607 432 1616
2 2 1617 1616 437
2 2 436 1618 1619
2 2 1616 1619 1618
2 2 1618 437 1616
2 2 1619 1616 432
2 2 432 1602 1619
2 2 1620 1619 1602
2 2 1602 124 1620
2 2 1619 1620 436
2 2 437 1618 1622
2 2 1621 1622 1618
2 2 1618 436 1621
2 2 1622 1621 41
2 2 40 1623 1625
2 2 1624 1625 1623
2 2 1623 438 1624
2 2 1625 1624 440
2 2 439 1626 1627
2 2 1624 1627 1626
2 2 1626 440 1624
2 2 1627 1624 438
2 2 438 1628 1627
2 2 1629 1627 1628
2 2 1628 126 1629
2 2 1627 1629 439
2 2 440 1626 1631
2 2 1630 1631 1626
2 2 1626 439 1630
2 2 1631 1630 127
2 2 124 1632 1634
2 2 1633 1634 1632
2 2 1632 441 1633
2 2 1634 1633 442
2 2 439 1635 1636
2 2 1633 1636 1635
2 2 1635 442 1633
2 2 1636 1633 441
2 2 441 1637 1636
2 2 1630 1636 1637
2 2 1637 127 1630
2 2 1636 1630 439
2 2 442 1635 1638
2 2 1629 1638 1635
2 2 1635 439 1629
2 2 1638 1629 126
2 2 126 1639 1638
2 2 1640 1638 1639
2 2 1639 443 1640
2 2 1638 1640 442
2 2 436 1641 1642
2 2 1640 1642 1641
2 2 1641 442 1640
2 2 1642 1640 443
2 2 443 1643 1642
2 2 1621 1642 1643
2 2 1643 41 1621
2 2 1642 1621 436
2 2 442 1641 1634
2 2 1620 1634 1641
2 2 1641 436 1620
2 2 1634 1620 124
2 2 127 1637 1645
2 2 1644 1645 1637
2 2 1637 441 1644
2 2 1645 1644 444
2 2 435 1646 1647
2 2 1644 1647 1646
2 2 1646 444 1644
2 2 1647 1644 441
2 2 441 1632 1647
2 2 1615 1647 1632
2 2 1632 124 1615
2 2 1647 1615 435
2 2 444 1646 1648
2 2 1614 1648 1646
2 2 1646 435 1614
2 2 1648 1614 39
2 2 39 1649 1648
2 2 1650 1648 1649
2 2 1649 445 1650
2 2 1648 1650 444
2 2 446 1651 1652
2 2 1650 1652 1651
2 2 1651 444 1650
2 2 1652 1650 445
2 2 445 1653 1652
2 2 1654 1652 1653
2 2 1653 128 1654
2 2 1652 1654 446
2 2 444 1651 1645
2 2 1655 1645 1651
2 2 1651 446 1655
2 2 1645 1655 127
2 2 129 1656 1658
2 2 1657 1658 1656
2 2 1656 447 1657
2 2 1658 1657 448
2 2 446 1659 1660
2 2 1657 1660 1659
2 2 1659 448 1657
2 2 1660 1657 447
2 2 447 1661 1660
2 2 1655 1660 1661
2 2 1661 127 1655
2 2 1660 1655 446
2 2 448 1659 1662
2 2 1654 1662 1659
2 2 1659 446 1654
2 2 1662 1654 128
2 2 128 1663 1662
2 2 1664 1662 1663
2 2 1663 449 1664
2 2 1662 1664 448
2 2 450 1665 1666
2 2 1664 1666 1665
2 2 1665 448 1664
2 2 1666 1664 449
2 2 449 1667 1666
2 2 1668 1666 1667
2 2 1667 5 1668
2 2 1666 1668 450
2 2 448 1665 1658
2 2 1669 1658 1665
2 2 1665 450 1669
2 2 1658 1669 129
2 2 127 1661 1631
2 2 1670 1631 1661
2 2 1661 447 1670
2 2 1631 1670 440
2 2 451 1671 1672
2 2 1670 1672 1671
2 2 1671 440 1670
2 2 1672 1670 447
2 2 447 1656 1672
2 2 1673 1672 1656
2 2 1656 129 1673
2 2 1672 1673 451
2 2 440 1671 1625
2 2 1674 1625 1671
2 2 1671 451 1674
2 2 1625 1674 40
2 2 41 1643 1676
2 2 1675 1676 1643
2 2 1643 443 1675
2 2 1676 1675 453
2 2 452 1677 1678
2 2 1675 1678 1677
2 2 1677 453 1675
2 2 1678 1675 443
2 2 443 1639 1678
2 2 1679 1678 1639
2 2 1639 126 1679
2 2 1678 1679 452
2 2 453 1677 1681
2 2 1680 1681 1677
2 2 1677 452 1680
2 2 1681 1680 131
2 2 130 1682 1684
2 2 1683 1684 1682
2 2 1682 454 1683
2 2 1684 1683 455
2 2 452 1685 1686
2 2 1683 1686 1685
2 2 1685 455 1683
2 2 1686 1683 454
2 2 454 1687 1686
2 2 1680 1686 1687
2 2 1687 131 1680
2 2 1686 1680 452
2 2 455 1685 1688
2 2 1679 1688 1685
2 2 1685 452 1679
2 2 1688 1679 126
2 2 126 1628 1688
2 2 1689 1688 1628
2 2 1628 438 1689
2 2 1688 1689 455
2 2 456 1690 1691
2 2 1689 1691 1690
2 2 1690 455 1689
2 2 1691 1689 438
2 2 438 1623 1691
2 2 1692 1691 1623
2 2 1623 40 1692
2 2 1691 1692 456
2 2 455 1690 1684
2 2 1693 1684 1690
2 2 1690 456 1693
2 2 1684 1693 130
2 2 131 1687 1695
2 2 1694 1695 1687
2 2 1687 454 1694
2 2 1695 1694 458
2 2 457 1696 1697
2 2 1694 1697 1696
2 2 1696 458 1694
2 2 1697 1694 454
2 2 454 1682 1697
2 2 1698 1697 1682
2 2 1682 130 1698
2 2 1697 1698 457
2 2 458 1696 1700
2 2 1699 1700 1696
2 2 1696 457 1699
2 2 1700 1699 6
2 2 5 1667 1500
2 2 1701 1500 1667
2 2 1667 449 1701
2 2 1500 1701 406
2 2 459 1702 1703
2 2 1701 1703 1702
2 2 1702 406 1701
2 2 1703 1701 449
2 2 449 1663 1703
2 2 1704 1703 1663
2 2 1663 128 1704
2 2 1703 1704 459
2 2 406 1702 1495
2 2 1705 1495 1702
2 2 1702 459 1705
2 2 1495 1705 117
2 2 132 1706 1708
2 2 1707 1708 1706
2 2 1706 460 1707
2 2 1708 1707 461
2 2 459 1709 1710
2 2 1707 1710 1709
2 2 1709 461 1707
2 2 1710 1707 460
2 2 460 1711 1710
2 2 1705 1710 1711
2 2 1711 117 1705
2 2 1710 1705 459
2 2 461 1709 1712
2 2 1704 1712 1709
2 2 1709 459 1704
2 2 1712 1704 128
2 2 128 1653 1712
2 2 1713 1712 1653
2 2 1653 445 1713
2 2 1712 1713 461
2 2 462 1714 1715
2 2 1713 1715 1714
2 2 1714 461 1713
2 2 1715 1713 445
2 2 445 1649 1715
2 2 1716 1715 1649
2 2 1649 39 1716
2 2 1715 1716 462
2 2 461 1714 1708
2 2 1717 1708 1714
2 2 1714 462 1717
2 2 1708 1717 132
2 2 117 1711 1481
2 2 1718 1481 1711
2 2 1711 460 1718
2 2 1481 1718 401
2 2 463 1719 1720
2 2 1718 1720 1719
2 2 1719 401 1718
2 2 1720 1718 460
2 2 460 1706 1720
2 2 1721 1720 1706
2 2 1706 132 1721
2 2 1720 1721 463
2 2 401 1719 1476
2 2 1722 1476 1719
2 2 1719 463 1722
2 2 1476 1722 37
2 2 42 1723 1725
2 2 1724 1725 1723
2 2 1723 464 1724
2 2 1725 1724 466
2 2 465 1726 1727
2 2 1724 1727 1726
2 2 1726 466 1724
2 2 1727 1724 464
2 2 464 1728 1727
2 2 1729 1727 1728
2 2 1728 133 1729
2 2 1727 1729 465
2 2 466 1726 1731
2 2 1730 1731 1726
2 2 1726 465 1730
2 2 1731 1730 134
2 2 132 1732 1734
2 2 1733 1734 1732
2 2 1732 467 1733
2 2 1734 1733 468
2 2 465 1735 1736
2 2 1733 1736 1735
2 2 1735 468 1733
2 2 1736 1733 467
2 2 467 1737 1736
2 2 1730 1736 1737
2 2 1737 134 1730
2 2 1736 1730 465
2 2 468 1735 1738
2 2 1729 1738 1735
2 2 1735 465 1729
2 2 1738 1729 133
2 2 133 1739 1738
2 2 1740 1738 1739
2 2 1739 469 1740
2 2 1738 1740 468
2 2 463 1741 1742
2 2 1740 1742 1741
2 2 1741 468 1740
2 2 1742 1740 469
2 2 469 1743 1742
2 2 1722 1742 1743
2 2 1743 37 1722
2 2 1742 1722 463
2 2 468 1741 1734
2 2 1721 1734 1741
2 2 1741 463 1721
2 2 1734 1721 132
2 2 134 1737 1745
2 2 1744 1745 1737
2 2 1737 467 1744
2 2 1745 1744 470
2 2 462 1746 1747
2 2 1744 1747 1746
2 2 1746 470 1744
2 2 1747 1744 467
2 2 467 1732 1747
2 2 1717 1747 1732
2 2 1732 132 1717
2 2 1747 1717 462
2 2 470 1746 1748
2 2 1716 1748 1746
2 2 1746 462 1716
2 2 1748 1716 39
2 2 39 1613 1748
2 2 1749 1748 1613
2 2 1613 434 1749
2 2 1748 1749 470
2 2 471 1750 1751
2 2 1749 1751 1750
2 2 1750 470 1749
2 2 1751 1749 434
2 2 434 1609 1751
2 2 1752 1751 1609
2 2 1609 123 1752
2 2 1751 1752 471
2 2 470 1750 1745
2 2 1753 1745 1750
2 2 1750 471 1753
2 2 1745 1753 134
2 2 135 1754 1756
2 2 1755 1756 1754
2 2 1754 472 1755
2 2 1756 1755 473
2 2 471 1757 1758
2 2 1755 1758 1757
2 2 1757 473 1755
2 2 1758 1755 472
2 2 472 1759 1758
2 2 1753 1758 1759
2 2 1759 134 1753
2 2 1758 1753 471
2 2 473 1757 1760
2 2 1752 1760 1757
2 2 1757 471 1752
2 2 1760 1752 123
2 2 123 1598 1760
2 2 1761 1760 1598
2 2 1598 429 1761
2 2 1760 1761 473
2 2 474 1762 1763
2 2 1761 1763 1762
2 2 1762 473 1761
2 2 1763 1761 429
2 2 429 1593 1763
2 2 1764 1763 1593
2 2 1593 15 1764
2 2 1763 1764 474
2 2 473 1762 1756
2 2 1765 1756 1762
2 2 1762 474 1765
2 2 1756 1765 135
2 2 134 1759 1731
2 2 1766 1731 1759
2 2 1759 472 1766
2 2 1731 1766 466
2 2 475 1767 1768
2 2 1766 1768 1767
2 2 1767 466 1766
2 2 1768 1766 472
2 2 472 1754 1768
2 2 1769 1768 1754
2 2 1754 135 1769
2 2 1768 1769 475
2 2 466 1767 1725
2 2 1770 1725 1767
2 2 1767 475 1770
2 2 1725 1770 42
2 2 37 1743 1422
2 2 1771 1422 1743
2 2 1743 469 1771
2 2 1422 1771 385
2 2 476 1772 1773
2 2 1771 1773 1772
2 2 1772 385 1771
2 2 1773 1771 469
2 2 469 1739 1773
2 2 1774 1773 1739
2 2 1739 133 1774
2 2 1773 1774 476
2 2 385 1772 1417
2 2 1775 1417 1772
2 2 1772 476 1775
2 2 1417 1775 111
2 2 136 1776 1778
2 2 1777 1778 1776
2 2 1776 477 1777
2 2 1778 1777 478
2 2 476 1779 1780
2 2 1777 1780 1779
2 2 1779 478 1777
2 2 1780 1777 477
2 2 477 1781 1780
2 2 1775 1780 1781
2 2 1781 111 1775
2 2 1780 1775 476
2 2 478 1779 1782
2 2 1774 1782 1779
2 2 1779 476 1774
2 2 1782 1774 133
2 2 133 1728 1782
2 2 1783 1782 1728
2 2 1728 464 1783
2 2 1782 1783 478
2 2 479 1784 1785
2 2 1783 1785 1784
2 2 1784 478 1783
2 2 1785 1783 464
2 2 464 1723 1785
2 2 1786 1785 1723
2 2 1723 42 1786
2 2 1785 1786 479
2 2 478 1784 1778
2 2 1787 1778 1784
2 2 1784 479 1787
2 2 1778 1787 136
2 2 111 1781 1401
2 2 1788 1401 1781
2 2 1781 477 1788
2 2 1401 1788 379
2 2 480 1789 1790
2 2 1788 1790 1789
2 2 1789 379 1788
2 2 1790 1788 477
2 2 477 1776 1790
2 2 1791 1790 1776
2 2 1776 136 1791
2 2 1790 1791 480
2 2 379 1789 1395
2 2 1792 1395 1789
2 2 1789 480 1792
2 2 1395 1792 14
2 2 16 1793 1795
2 2 1794 1795 1793
2 2 1793 481 1794
2 2 1795 1794 483
2 2 482 1796 1797
2 2 1794 1797 1796
2 2 1796 483 1794
2 2 1797 1794 481
2 2 481 1798 1797
2 2 1799 1797 1798
2 2 1798 137 1799
2 2 1797 1799 482
2 2 483 1796 1801
2 2 1800 1801 1796
2 2 1796 482 1800
2 2 1801 1800 139
2 2 138 1802 1804
2 2 1803 1804 1802
2 2 1802 484 1803
2 2 1804 1803 485
2 2 482 1805 1806
2 2 1803 1806 1805
2 2 1805 485 1803
2 2 1806 1803 484
2 2 484 1807 1806
2 2 1800 1806 1807
2 2 1807 139 1800
2 2 1806 1800 482
2 2 485 1805 1808
2 2 1799 1808 1805
2 2 1805 482 1799
2 2 1808 1799 137
2 2 137 1809 1808
2 2 1810 1808 1809
2 2 1809 486 1810
2 2 1808 1810 485
2 2 487 1811 1812
2 2 1810 1812 1811
2 2 1811 485 1810
2 2 1812 1810 486
2 2 486 1813 1812
2 2 1814 1812 1813
2 2 1813 43 1814
2 2 1812 1814 487
2 2 485 1811 1804
2 2 1815 1804 1811
2 2 1811 487 1815
2 2 1804 1815 138
2 2 139 1807 1817
2 2 1816 1817 1807
2 2 1807 484 1816
2 2 1817 1816 489
2 2 488 1818 1819
2 2 1816 1819 1818
2 2 1818 489 1816
2 2 1819 1816 484
2 2 484 1802 1819
2 2 1820 1819 1802
2 2 1802 138 1820
2 2 1819 1820 488
2 2 489 1818 1822
2 2 1821 1822 1818
2 2 1818 488 1821
2 2 1822 1821 45
2 2 44 1823 1825
2 2 1824 1825 1823
2 2 1823 490 1824
2 2 1825 1824 492
2 2 491 1826 1827
2 2 1824 1827 1826
2 2 1826 492 1824
2 2 1827 1824 490
2 2 490 1828 1827
2 2 1829 1827 1828
2 2 1828 140 1829
2 2 1827 1829 491
2 2 492 1826 1831
2 2 1830 1831 1826
2 2 1826 491 1830
2 2 1831 1830 141
2 2 138 1832 1834
2 2 1833 1834 1832
2 2 1832 493 1833
2 2 1834 1833 494
2 2 491 1835 1836
2 2 1833 1836 1835
2 2 1835 494 1833
2 2 1836 1833 493
2 2 493 1837 1836
2 2 1830 1836 1837
2 2 1837 141 1830
2 2 1836 1830 491
2 2 494 1835 1838
2 2 1829 1838 1835
2 2 1835 491 1829
2 2 1838 1829 140
2 2 140 1839 1838
2 2 1840 1838 1839
2 2 1839 495 1840
2 2 1838 1840 494
2 2 488 1841 1842
2 2 1840 1842 1841
2 2 1841 494 1840
2 2 1842 1840 495
2 2 495 1843 1842
2 2 1821 1842 1843
2 2 1843 45 1821
2 2 1842 1821 488
2 2 494 1841 1834
2 2 1820 1834 1841
2 2 1841 488 1820
2 2 1834 1820 138
2 2 141 1837 1845
2 2 1844 1845 1837
2 2 1837 493 1844
2 2 1845 1844 496
2 2 487 1846 1847
2 2 1844 1847 1846
2 2 1846 496 1844
2 2 1847 1844 493
2 2 493 1832 1847
2 2 1815 1847 1832
2 2 1832 138 1815
2 2 1847 1815 487
2 2 496 1846 1848
2 2 1814 1848 1846
2 2 1846 487 1814
2 2 1848 1814 43
2 2 43 1849 1848
2 2 1850 1848 1849
2 2 1849 497 1850
2 2 1848 1850 496
2 2 498 1851 1852
2 2 1850 1852 1851
2 2 1851 496 1850
2 2 1852 1850 497
2 2 497 1853 1852
2 2 1854 1852 1853
2 2 1853 142 1854
2 2 1852 1854 498
2 2 496 1851 1845
2 2 1855 1845 1851
2 2 1851 498 1855
2 2 1845 1855 141
2 2 143 1856 1858
2 2 1857 1858 1856
2 2 1856 499 1857
2 2 1858 1857 500
2 2 498 1859 1860
2 2 1857 1860 1859
2 2 1859 500 1857
2 2 1860 1857 499
2 2 499 1861 1860
2 2 1855 1860 1861
2 2 1861 141 1855
2 2 1860 1855 498
2 2 500 1859 1862
2 2 1854 1862 1859
2 2 1859 498 1854
2 2 1862 1854 142
2 2 142 1863 1862
2 2 1864 1862 1863
2 2 1863 501 1864
2 2 1862 1864 500
2 2 502 1865 1866
2 2 1864 1866 1865
2 2 1865 500 1864
2 2 1866 1864 501
2 2 501 1867 1866
2 2 1868 1866 1867
2 2 1867 6 1868
2 2 1866 1868 502
2 2 500 1865 1858
2 2 1869 1858 1865
2 2 1865 502 1869
2 2 1858 1869 143
2 2 141 1861 1831
2 2 1870 1831 1861
2 2 1861 499 1870
2 2 1831 1870 492
2 2 503 1871 1872
2 2 1870 1872 1871
2 2 1871 492 1870
2 2 1872 1870 499
2 2 499 1856 1872
2 2 1873 1872 1856
2 2 1856 143 1873
2 2 1872 1873 503
2 2 492 1871 1825
2 2 1874 1825 1871
2 2 1871 503 1874
2 2 1825 1874 44
2 2 45 1843 1876
2 2 1875 1876 1843
2 2 1843 495 1875
2 2 1876 1875 505
2 2 504 1877 1878
2 2 1875 1878 1877
2 2 1877 505 1875
2 2 1878 1875 495
2 2 495 1839 1878
2 2 1879 1878 1839
2 2 1839 140 1879
2 2 1878 1879 504
2 2 505 1877 1881
2 2 1880 1881 1877
2 2 1877 504 1880
2 2 1881 1880 145
2 2 144 1882 1884
2 2 1883 1884 1882
2 2 1882 506 1883
2 2 1884 1883 507
2 2 504 1885 1886
2 2 1883 1886 1885
2 2 1885 507 1883
2 2 1886 1883 506
2 2 506 1887 1886
2 2 1880 1886 1887
2 2 1887 145 1880
2 2 1886 1880 504
2 2 507 1885 1888
2 2 1879 1888 1885
2 2 1885 504 1879
2 2 1888 1879 140
2 2 140 1828 1888
2 2 1889 1888 1828
2 2 1828 490 1889
2 2 1888 1889 507
2 2 508 1890 1891
2 2 1889 1891 1890
2 2 1890 507 1889
2 2 1891 1889 490
2 2 490 1823 1891
2 2 1892 1891 1823
2 2 1823 44 1892
2 2 1891 1892 508
2 2 507 1890 1884
2 2 1893 1884 1890
2 2 1890 508 1893
2 2 1884 1893 144
2 2 145 1887 1895
2 2 1894 1895 1887
2 2 1887 506 1894
2 2 1895 1894 510
2 2 509 1896 1897
2 2 1894 1897 1896
2 2 1896 510 1894
2 2 1897 1894 506
2 2 506 1882 1897
2 2 1898 1897 1882
2 2 1882 144 1898
2 2 1897 1898 509
2 2 510 1896 1900
2 2 1899 1900 1896
2 2 1896 509 1899
2 2 1900 1899 7
2 2 6 1867 1700
2 2 1901 1700 1867
2 2 1867 501 1901
2 2 1700 1901 458
2 2 511 1902 1903
2 2 1901 1903 1902
2 2 1902 458 1901
2 2 1903 1901 501
2 2 501 1863 1903
2 2 1904 1903 1863
2 2 1863 142 1904
2 2 1903 1904 511
2 2 458 1902 1695
2 2 1905 1695 1902
2 2 1902 511 1905
2 2 1695 1905 131
2 2 146 1906 1908
2 2 1907 1908 1906
2 2 1906 512 1907
2 2 1908 1907 513
2 2 511 1909 1910
2 2 1907 1910 1909
2 2 1909 513 1907
2 2 1910 1907 512
2 2 512 1911 1910
2 2 1905 1910 1911
2 2 1911 131 1905
2 2 1910 1905 511
2 2 513 1909 1912
2 2 1904 1912 1909
2 2 1909 511 1904
2 2 1912 1904 142
2 2 142 1853 1912
2 2 1913 1912 1853
2 2 1853 497 1913
2 2 1912 1913 513
2 2 514 1914 1915
2 2 1913 1915 1914
2 2 1914 513 1913
2 2 1915 1913 497
2 2 497 1849 1915
2 2 1916 1915 1849
2 2 1849 43 1916
2 2 1915 1916 514
2 2 513 1914 1908
2 2 1917 1908 1914
2 2 1914 514 1917
2 2 1908 1917 146
2 2 131 1911 1681
2 2 1918 1681 1911
2 2 1911 512 1918
2 2 1681 1918 453
2 2 515 1919 1920
2 2 1918 1920 1919
2 2 1919 453 1918
2 2 1920 1918 512
2 2 512 1906 1920
2 2 1921 1920 1906
2 2 1906 146 1921
2 2 1920 1921 515
2 2 453 1919 1676
2 2 1922 1676 1919
2 2 1919 515 1922
2 2 1676 1922 41
2 2 46 1923 1925
2 2 1924 1925 1923
2 2 1923 516 1924
2 2 1925 1924 518
2 2 517 1926 1927
2 2 1924 1927 1926
2 2 1926 518 1924
2 2 1927 1924 516
2 2 516 1928 1927
2 2 1929 1927 1928
2 2 1928 147 1929
2 2 1927 1929 517
2 2 518 1926 1931
2 2 1930 1931 1926
2 2 1926 517 1930
2 2 1931 1930 148
2 2 146 1932 1934
2 2 1933 1934 1932
2 2 1932 519 1933
2 2 1934 1933 520
2 2 517 1935 1936
2 2 1933 1936 1935
2 2 1935 520 1933
2 2 1936 1933 519
2 2 519 1937 1936
2 2 1930 1936 1937
2 2 1937 148 1930
2 2 1936 1930 517
2 2 520 1935 1938
2 2 1929 1938 1935
2 2 1935 517 1929
2 2 1938 1929 147
2 2 147 1939 1938
2 2 1940 1938 1939
2 2 1939 521 1940
2 2 1938 1940 520
2 2 515 1941 1942
2 2 1940 1942 1941
2 2 1941 520 1940
2 2 1942 1940 521
2 2 521 1943 1942
2 2 1922 1942 1943
2 2 1943 41 1922
2 2 1942 1922 515
2 2 520 1941 1934
2 2 1921 1934 1941
2 2 1941 515 1921
2 2 1934 1921 146
2 2 148 1937 1945
2 2 1944 1945 1937
2 2 1937 519 1944
2 2 1945 1944 522
2 2 514 1946 1947
2 2 1944 1947 1946
2 2 1946 522 1944
2 2 1947 1944 519
2 2 519 1932 1947
2 2 1917 1947 1932
2 2 1932 146 1917
2 2 1947 1917 514
2 2 522 1946 1948
2 2 1916 1948 1946
2 2 1946 514 1916
2 2 1948 1916 43
2 2 43 1813 1948
2 2 1949 1948 1813
2 2 1813 486 1949
2 2 1948 1949 522
2 2 523 1950 1951
2 2 1949 1951 1950
2 2 1950 522 1949
2 2 1951 1949 486
2 2 486 1809 1951
2 2 1952 1951 1809
2 2 1809 137 1952
2 2 1951 1952 523
2 2 522 1950 1945
2 2 1953 1945 1950
2 2 1950 523 1953
2 2 1945 1953 148
2 2 149 1954 1956
2 2 1955 1956 1954
2 2 1954 524 1955
2 2 1956 1955 525
2 2 523 1957 1958
2 2 1955 1958 1957
2 2 1957 525 1955
2 2 1958 1955 524
2 2 524 1959 1958
2 2 1953 1958 1959
2 2 1959 148 1953
2 2 1958 1953 523
2 2 525 1957 1960
2 2 1952 1960 1957
2 2 1957 523 1952
2 2 1960 1952 137
2 2 137 1798 1960
2 2 1961 1960 1798
2 2 1798 481 1961
2 2 1960 1961 525
2 2 526 1962 1963
2 2 1961 1963 1962
2 2 1962 525 1961
2 2 1963 1961 481
2 2 481 1793 1963
2 2 1964 1963 1793
2 2 1793 16 1964
2 2 1963 1964 526
2 2 525 1962 1956
2 2 1965 1956 1962
2 2 1962 526 1965
2 2 1956 1965 149
2 2 148 1959 1931
2 2 1966 1931 1959
2 2 1959 524 1966
2 2 1931 1966 518
2 2 527 1967 1968
2 2 1966 1968 1967
2 2 1967 518 1966
2 2 1968 1966 524
2 2 524 1954 1968
2 2 1969 1968 1954
2 2 1954 149 1969
2 2 1968 1969 527
2 2 518 1967 1925
2 2 1970 1925 1967
2 2 1967 527 1970
2 2 1925 1970 46
2 2 41 1943 1622
2 2 1971 1622 1943
2 2 1943 521 1971
2 2 1622 1971 437
2 2 528 1972 1973
2 2 1971 1973 1972
2 2 1972 437 1971
2 2 1973 1971 521
2 2 521 1939 1973
2 2 1974 1973 1939
2 2 1939 147 1974
2 2 1973 1974 528
2 2 437 1972 1617
2 2 1975 1617 1972
2 2 1972 528 1975
2 2 1617 1975 125
2 2 150 1976 1978
2 2 1977 1978 1976
2 2 1976 529 1977
2 2 1978 1977 530
2 2 528 1979 1980
2 2 1977 1980 1979
2 2 1979 530 1977
2 2 1980 1977 529
2 2 529 1981 1980
2 2 1975 1980 1981
2 2 1981 125 1975
2 2 1980 1975 528
2 2 530 1979 1982
2 2 1974 1982 1979
2 2 1979 528 1974
2 2 1982 1974 147
2 2 147 1928 1982
2 2 1983 1982 1928
2 2 1928 516 1983
2 2 1982 1983 530
2 2 531 1984 1985
2 2 1983 1985 1984
2 2 1984 530 1983
2 2 1985 1983 516
2 2 516 1923 1985
2 2 1986 1985 1923
2 2 1923 46 1986
2 2 1985 1986 531
2 2 530 1984 1978
2 2 1987 1978 1984
2 2 1984 531 1987
2 2 1978 1987 150
2 2 125 1981 1601
2 2 1988 1601 1981
2 2 1981 529 1988
2 2 1601 1988 431
2 2 532 1989 1990
2 2 1988 1990 1989
2 2 1989 431 1988
2 2 1990 1988 529
2 2 529 1976 1990
2 2 1991 1990 1976
2 2 1976 150 1991
2 2 1990 1991 532
2 2 431 1989 1595
2 2 1992 1595 1989
2 2 1989 532 1992
2 2 1595 1992 15
2 2 17 1993 1995
2 2 1994 1995 1993
2 2 1993 533 1994
2 2 1995 1994 535
2 2 534 1996 1997
2 2 1994 1997 1996
2 2 1996 535 1994
2 2 1997 1994 533
2 2 533 1998 1997
2 2 1999 1997 1998
2 2 1998 151 1999
2 2 1997 1999 534
2 2 535 1996 2001
2 2 2000 2001 1996
2 2 1996 534 2000
2 2 2001 2000 153
2 2 152 2002 2004
2 2 2003 2004 2002
2 2 2002 536 2003
2 2 2004 2003 537
2 2 534 2005 2006
2 2 2003 2006 2005
2 2 2005 537 2003
2 2 2006 2003 536
2 2 536 2007 2006
2 2 2000 2006 2007
2 2 2007 153 2000
2 2 2006 2000 534
2 2 537 2005 2008
2 2 1999 2008 2005
2 2 2005 534 1999
2 2 2008 1999 151
2 2 151 2009 2008
2 2 2010 2008 2009
2 2 2009 538 2010
2 2 2008 2010 537
2 2 539 2011 2012
2 2 2010 2012 2011
2 2 2011 537 2010
2 2 2012 2010 538
2 2 538 2013 2012
2 2 2014 2012 2013
2 2 2013 47 2014
2 2 2012 2014 539
2 2 537 2011 2004
2 2 2015 2004 2011
2 2 2011 539 2015
2 2 2004 2015 152
2 2 153 2007 2017
2 2 2016 2017 2007
2 2 2007 536 2016
2 2 2017 2016 541
2 2 540 2018 2019
2 2 2016 2019 2018
2 2 2018 541 2016
2 2 2019 2016 536
2 2 536 2002 2019
2 2 2020 2019 2002
2 2 2002 152 2020
2 2 2019 2020 540
2 2 541 2018 2022
2 2 2021 2022 2018
2 2 2018 540 2021
2 2 2022 2021 49
2 2 48 2023 2025
2 2 2024 2025 2023
2 2 2023 542 2024
2 2 2025 2024 544
2 2 543 2026 2027
2 2 2024 2027 2026
2 2 2026 544 2024
2 2 2027 2024 542
2 2 542 2028 2027
2 2 2029 2027 2028
2 2 2028 154 2029
2 2 2027 2029 543
2 2 544 2026 2031
2 2 2030 2031 2026
2 2 2026 543 2030
2 2 2031 2030 155
2 2 152 2032 2034
2 2 2033 2034 2032
2 2 2032 545 2033
2 2 2034 2033 546
2 2 543 2035 2036
2 2 2033 2036 2035
2 2 2035 546 2033
2 2 2036 2033 545
2 2 545 2037 2036
2 2 2030 2036 2037
2 2 2037 155 2030
2 2 2036 2030 543
2 2 546 2035 2038
2 2 2029 2038 2035
2 2 2035 543 2029
2 2 2038 2029 154
2 2 154 2039 2038
2 2 2040 2038 2039
2 2 2039 547 2040
2 2 2038 2040 546
2 2 540 2041 2042
2 2 2040 2042 2041
2 2 2041 546 2040
2 2 2042 2040 547
2 2 547 2043 2042
2 2 2021 2042 2043
2 2 2043 49 2021
2 2 2042 2021 540
2 2 546 2041 2034
2 2 2020 2034 2041
2 2 2041 540 2020
2 2 2034 2020 152
2 2 155 2037 2045
2 2 2044 2045 2037
2 2 2037 545 2044
2 2 2045 2044 548
2 2 539 2046 2047
2 2 2044 2047 2046
2 2 2046 548 2044
2 2 2047 2044 545
2 2 545 2032 2047
2 2 2015 2047 2032
2 2 2032 152 2015
2 2 2047 2015 539
2 2 548 2046 2048
2 2 2014 2048 2046
2 2 2046 539 2014
2 2 2048 2014 47
2 2 47 2049 2048
2 2 2050 2048 2049
2 2 2049 549 2050
2 2 2048 2050 548
2 2 550 2051 2052
2 2 2050 2052 2051
2 2 2051 548 2050
2 2 2052 2050 549
2 2 549 2053 2052
2 2 2054 2052 2053
2 2 2053 156 2054
2 2 2052 2054 550
2 2 548 2051 2045
2 2 2055 2045 2051
2 2 2051 550 2055
2 2 2045 2055 155
2 2 157 2056 2058
2 2 2057 2058 2056
2 2 2056 551 2057
2 2 2058 2057 552
2 2 550 2059 2060
2 2 2057 2060 2059
2 2 2059 552 2057
2 2 2060 2057 551
2 2 551 2061 2060
2 2 2055 2060 2061
2 2 2061 155 2055
2 2 2060 2055 550
2 2 552 2059 2062
2 2 2054 2062 2059
2 2 2059 550 2054
2 2 2062 2054 156
2 2 156 2063 2062
2 2 2064 2062 2063
2 2 2063 553 2064
2 2 2062 2064 552
2 2 554 2065 2066
2 2 2064 2066 2065
2 2 2065 552 2064
2 2 2066 2064 553
2 2 553 2067 2066
2 2 2068 2066 2067
2 2 2067 7 2068
2 2 2066 2068 554
2 2 552 2065 2058
2 2 2069 2058 2065
2 2 2065 554 2069
2 2 2058 2069 157
2 2 155 2061 2031
2 2 2070 2031 2061
2 2 2061 551 2070
2 2 2031 2070 544
2 2 555 2071 2072
2 2 2070 2072 2071
2 2 2071 544 2070
2 2 2072 2070 551
2 2 551 2056 2072
2 2 2073 2072 2056
2 2 2056 157 2073
2 2 2072 2073 555
2 2 544 2071 2025
2 2 2074 2025 2071
2 2 2071 555 2074
2 2 2025 2074 48
2 2 49 2043 2076
2 2 2075 2076 2043
2 2 2043 547 2075
2 2 2076 2075 557
2 2 556 2077 2078
2 2 2075 2078 2077
2 2 2077 557 2075
2 2 2078 2075 547
2 2 547 2039 2078
2 2 2079 2078 2039
2 2 2039 154 2079
2 2 2078 2079 556
2 2 557 2077 2081
2 2 2080 2081 2077
2 2 2077 556 2080
2 2 2081 2080 159
2 2 158 2082 2084
2 2 2083 2084 2082
2 2 2082 558 2083
2 2 2084 2083 559
2 2 556 2085 2086
2 2 2083 2086 2085
2 2 2085 559 2083
2 2 2086 2083 558
2 2 558 2087 2086
2 2 2080 2086 2087
2 2 2087 159 2080
2 2 2086 2080 556
2 2 559 2085 2088
2 2 2079 2088 2085
2 2 2085 556 2079
2 2 2088 2079 154
2 2 154 2028 2088
2 2 2089 2088 2028
2 2 2028 542 2089
2 2 2088 2089 559
2 2 560 2090 2091
2 2 2089 2091 2090
2 2 2090 559 2089
2 2 2091 2089 542
2 2 542 2023 2091
2 2 2092 2091 2023
2 2 2023 48 2092
2 2 2091 2092 560
2 2 559 2090 2084
2 2 2093 2084 2090
2 2 2090 560 2093
2 2 2084 2093 158
2 2 159 2087 2095
2 2 2094 2095 2087
2 2 2087 558 2094
2 2 2095 2094 562
2 2 561 2096 2097
2 2 2094 2097 2096
2 2 2096 562 2094
2 2 2097 2094 558
2 2 558 2082 2097
2 2 2098 2097 2082
2 2 2082 158 2098
2 2 2097 2098 561
2 2 562 2096 2100
2 2 2099 2100 2096
2 2 2096 561 2099
2 2 2100 2099 8
2 2 7 2067 1900
2 2 2101 1900 2067
2 2 2067 553 2101
2 2 1900 2101 510
2 2 563 2102 2103
2 2 2101 2103 2102
2 2 2102 510 2101
2 2 2103 2101 553
2 2 553 2063 2103
2 2 2104 2103 2063
2 2 2063 156 2104
2 2 2103 2104 563
2 2 510 2102 1895
2 2 2105 1895 2102
2 2 2102 563 2105
2 2 1895 2105 145
2 2 160 2106 2108
2 2 2107 2108 2106
2 2 2106 564 2107
2 2 2108 2107 565
2 2 563 2109 2110
2 2 2107 2110 2109
2 2 2109 565 2107
2 2 2110 2107 564
2 2 564 2111 2110
2 2 2105 2110 2111
2 2 2111 145 2105
2 2 2110 2105 563
2 2 565 2109 2112
2 2 2104 2112 2109
2 2 2109 563 2104
2 2 2112 2104 156
2 2 156 2053 2112
2 2 2113 2112 2053
2 2 2053 549 2113
2 2 2112 2113 565
2 2 566 2114 2115
2 2 2113 2115 2114
2 2 2114 565 2113
2 2 2115 2113 549
2 2 549 2049 2115
2 2 2116 2115 2049
2 2 2049 47 2116
2 2 2115 2116 566
2 2 565 2114 2108
2 2 2117 2108 2114
2 2 2114 566 2117
2 2 2108 2117 160
2 2 145 2111 1881
2 2 2118 1881 2111
2 2 2111 564 2118
2 2 1881 2118 505
2 2 567 2119 2120
2 2 2118 2120 2119
2 2 2119 505 2118
2 2 2120 2118 564
2 2 564 2106 2120
2 2 2121 2120 2106
2 2 2106 160 2121
2 2 2120 2121 567
2 2 505 2119 1876
2 2 2122 1876 2119
2 2 2119 567 2122
2 2 1876 2122 45
2 2 50 2123 2125
2 2 2124 2125 2123
2 2 2123 568 2124
2 2 2125 2124 570
2 2 569 2126 2127
2 2 2124 2127 2126
2 2 2126 570 2124
2 2 2127 2124 568
2 2 568 2128 2127
2 2 2129 2127 2128
2 2 2128 161 2129
2 2 2127 2129 569
2 2 570 2126 2131
2 2 2130 2131 2126
2 2 2126 569 2130
2 2 2131 2130 162
2 2 160 2132 2134
2 2 2133 2134 2132
2 2 2132 571 2133
2 2 2134 2133 572
2 2 569 2135 2136
2 2 2133 2136 2135
2 2 2135 572 2133
2 2 2136 2133 571
2 2 571 2137 2136
2 2 2130 2136 2137
2 2 2137 162 2130
2 2 2136 2130 569
2 2 572 2135 2138
2 2 2129 2138 2135
2 2 2135 569 2129
2 2 2138 2129 161
2 2 161 2139 2138
2 2 2140 2138 2139
2 2 2139 573 2140
2 2 2138 2140 572
2 2 567 2141 2142
2 2 2140 2142 2141
2 2 2141 572 2140
2 2 2142 2140 573
2 2 573 2143 2142
2 2 2122 2142 2143
2 2 2143 45 2122
2 2 2142 2122 567
2 2 572 2141 2134
2 2 2121 2134 2141
2 2 2141 567 2121
2 2 2134 2121 160
2 2 162 2137 2145
2 2 2144 2145 2137
2 2 2137 571 2144
2 2 2145 2144 574
2 2 566 2146 2147
2 2 2144 2147 2146
2 2 2146 574 2144
2 2 2147 2144 571
2 2 571 2132 2147
2 2 2117 2147 2132
2 2 2132 160 2117
2 2 2147 2117 566
2 2 574 2146 2148
2 2 2116 2148 2146
2 2 2146 566 2116
2 2 2148 2116 47
2 2 47 2013 2148
2 2 2149 2148 2013
2 2 2013 538 2149
2 2 2148 2149 574
2 2 575 2150 2151
2 2 2149 2151 2150
2 2 2150 574 2149
2 2 2151 2149 538
2 2 538 2009 2151
2 2 2152 2151 2009
2 2 2009 151 2152
2 2 2151 2152 575
2 2 574 2150 2145
2 2 2153 2145 2150
2 2 2150 575 2153
2 2 2145 2153 162
2 2 163 2154 2156
2 2 2155 2156 2154
2 2 2154 576 2155
2 2 2156 2155 577
2 2 575 2157 2158
2 2 2155 2158 2157
2 2 2157 577 2155
2 2 2158 2155 576
2 2 576 2159 2158
2 2 2153 2158 2159
2 2 2159 162 2153
2 2 2158 2153 575
2 2 577 2157 2160
2 2 2152 2160 2157
2 2 2157 575 2152
2 2 2160 2152 151
2 2 151 1998 2160
2 2 2161 2160 1998
2 2 1998 533 2161
2 2 2160 2161 577
2 2 578 2162 2163
2 2 2161 2163 2162
2 2 2162 577 2161
2 2 2163 2161 533
2 2 533 1993 2163
2 2 2164 2163 1993
2 2 1993 17 2164
2 2 2163 2164 578
2 2 577 2162 2156
2 2 2165 2156 2162
2 2 2162 578 2165
2 2 2156 2165 163
2 2 162 2159 2131
2 2 2166 2131 2159
2 2 2159 576 2166
2 2 2131 2166 570
2 2 579 2167 2168
2 2 2166 2168 2167
2 2 2167 570 2166
2 2 2168 2166 576
2 2 576 2154 2168
2 2 2169 2168 2154
2 2 2154 163 2169
2 2 2168 2169 579
2 2 570 2167 2125
2 2 2170 2125 2167
2 2 2167 579 2170
2 2 2125 2170 50
2 2 45 2143 1822
2 2 2171 1822 2143
2 2 2143 573 2171
2 2 1822 2171 489
2 2 580 2172 2173
2 2 2171 2173 2172
2 2 2172 489 2171
2 2 2173 2171 573
2 2 573 2139 2173
2 2 2174 2173 2139
2 2 2139 161 2174
2 2 2173 2174 580
2 2 489 2172 1817
2 2 2175 1817 2172
2 2 2172 580 2175
2 2 1817 2175 139
2 2 164 2176 2178
2 2 2177 2178 2176
2 2 2176 581 2177
2 2 2178 2177 582
2 2 580 2179 2180
2 2 2177 2180 2179
2 2 2179 582 2177
2 2 2180 2177 581
2 2 581 2181 2180
2 2 2175 2180 2181
2 2 2181 139 2175
2 2 2180 2175 580
2 2 582 2179 2182
2 2 2174 2182 2179
2 2 2179 580 2174
2 2 2182 2174 161
2 2 161 2128 2182
2 2 2183 2182 2128
2 2 2128 568 2183
2 2 2182 2183 582
2 2 583 2184 2185
2 2 2183 2185 2184
2 2 2184 582 2183
2 2 2185 2183 568
2 2 568 2123 2185
2 2 2186 2185 2123
2 2 2123 50 2186
2 2 2185 2186 583
2 2 582 2184 2178
2 2 2187 2178 2184
2 2 2184 583 2187
2 2 2178 2187 164
2 2 139 2181 1801
2 2 2188 1801 2181
2 2 2181 581 2188
2 2 1801 2188 483
2 2 584 2189 2190
2 2 2188 2190 2189
2 2 2189 483 2188
2 2 2190 2188 581
2 2 581 2176 2190
2 2 2191 2190 2176
2 2 2176 164 2191
2 2 2190 2191 584
2 2 483 2189 1795
2 2 2192 1795 2189
2 2 2189 584 2192
2 2 1795 2192 16

boundary
288
3 1 0 660
3 1 660 186
3 1 186 661
3 1 661 57
3 1 57 665
3 1 665 187
3 1 187 666
3 1 666 19
3 1 19 684
3 1 684 192
3 1 192 685
3 1 685 58
3 1 58 690
3 1 690 193
3 1 193 691
3 1 691 1
3 1 1 868
3 1 868 242
3 1 242 869
3 1 869 73
3 1 73 873
3 1 873 243
3 1 243 874
3 1 874 24
3 1 24 892
3 1 892 248
3 1 248 893
3 1 893 74
3 1 74 898
3 1 898 249
3 1 249 899
3 1 899 2
3 1 2 1068
3 1 1068 294
3 1 294 1069
3 1 1069 87
3 1 87 1073
3 1 1073 295
3 1 295 1074
3 1 1074 28
3 1 28 1092
3 1 1092 300
3 1 300 1093
3 1 1093 88
3 1 88 1098
3 1 1098 301
3 1 301 1099
3 1 1099 3
3 1 3 1268
3 1 1268 346
3 1 346 1269
3 1 1269 101
3 1 101 1273
3 1 1273 347
3 1 347 1274
3 1 1274 32
3 1 32 1292
3 1 1292 352
3 1 352 1293
3 1 1293 102
3 1 102 1298
3 1 1298 353
3 1 353 1299
3 1 1299 4
3 1 4 1468
3 1 1468 398
3 1 398 1469
3 1 1469 115
3 1 115 1473
3 1 1473 399
3 1 399 1474
3 1 1474 36
3 1 36 1492
3 1 1492 404
3 1 404 1493
3 1 1493 116
3 1 116 1498
3 1 1498 405
3 1 405 1499
3 1 1499 5
3 1 5 1668
3 1 1668 450
3 1 450 1669
3 1 1669 129
3 1 129 1673
3 1 1673 451
3 1 451 1674
3 1 1674 40
3 1 40 1692
3 1 1692 456
3 1 456 1693
3 1 1693 130
3 1 130 1698
3 1 1698 457
3 1 457 1699
3 1 1699 6
3 1 6 1868
3 1 1868 502
3 1 502 1869
3 1 1869 143
3 1 143 1873
3 1 1873 503
3 1 503 1874
3 1 1874 44
3 1 44 1892
3 1 1892 508
3 1 508 1893
3 1 1893 144
3 1 144 1898
3 1 1898 509
3 1 509 1899
3 1 1899 7
3 1 7 2068
3 1 2068 554
3 1 554 2069
3 1 2069 157
3 1 157 2073
3 1 2073 555
3 1 555 2074
3 1 2074 48
3 1 48 2092
3 1 2092 560
3 1 560 2093
3 1 2093 158
3 1 158 2098
3 1 2098 561
3 1 561 2099
3 1 2099 8
3 1 10 760
3 1 760 212
3 1 212 761
3 1 761 64
3 1 64 765
3 1 765 213
3 1 213 766
3 1 766 21
3 1 21 784
3 1 784 218
3 1 218 785
3 1 785 65
3 1 65 790
3 1 790 219
3 1 219 791
3 1 791 9
3 1 11 964
3 1 964 266
3 1 266 965
3 1 965 79
3 1 79 969
3 1 969 267
3 1 267 970
3 1 970 26
3 1 26 986
3 1 986 271
3 1 271 987
3 1 987 80
3 1 80 991
3 1 991 272
3 1 272 992
3 1 992 10
3 1 12 1164
3 1 1164 318
3 1 318 1165
3 1 1165 93
3 1 93 1169
3 1 1169 319
3 1 319 1170
3 1 1170 30
3 1 30 1186
3 1 1186 323
3 1 323 1187
3 1 1187 94
3 1 94 1191
3 1 1191 324
3 1 324 1192
3 1 1192 11
3 1 13 1364
3 1 1364 370
3 1 370 1365
3 1 1365 107
3 1 107 1369
3 1 1369 371
3 1 371 1370
3 1 1370 34
3 1 34 1386
3 1 1386 375
3 1 375 1387
3 1 1387 108
3 1 108 1391
3 1 1391 376
3 1 376 1392
3 1 1392 12
3 1 14 1564
3 1 1564 422
3 1 422 1565
3 1 1565 121
3 1 121 1569
3 1 1569 423
3 1 423 1570
3 1 1570 38
3 1 38 1586
3 1 1586 427
3 1 427 1587
3 1 1587 122
3 1 122 1591
3 1 1591 428
3 1 428 1592
3 1 1592 13
3 1 15 1764
3 1 1764 474
3 1 474 1765
3 1 1765 135
3 1 135 1769
3 1 1769 475
3 1 475 1770
3 1 1770 42
3 1 42 1786
3 1 1786 479
3 1 479 1787
3 1 1787 136
3 1 136 1791
3 1 1791 480
3 1 480 1792
3 1 1792 14
3 1 16 1964
3 1 1964 526
3 1 526 1965
3 1 1965 149
3 1 149 1969
3 1 1969 527
3 1 527 1970
3 1 1970 46
3 1 46 1986
3 1 1986 531
3 1 531 1987
3 1 1987 150
3 1 150 1991
3 1 1991 532
3 1 532 1992
3 1 1992 15
3 1 17 2164
3 1 2164 578
3 1 578 2165
3 1 2165 163
3 1 163 2169
3 1 2169 579
3 1 579 2170
3 1 2170 50
3 1 50 2186
3 1 2186 583
3 1 583 2187
3 1 2187 164
3 1 164 2191
3 1 2191 584
3 1 584 2192
3 1 2192 16
1 1 9 792
1 1 792 220
1 1 220 787
1 1 787 66
1 1 66 773
1 1 773 215
1 1 215 768
1 1 768 22
1 1 22 718
1 1 718 201
1 1 201 713
1 1 713 61
1 1 61 699
1 1 699 196
1 1 196 694
1 1 694 0
2 1 8 2100
2 1 2100 562
2 1 562 2095
2 1 2095 159
2 1 159 2081
2 1 2081 557
2 1 557 2076
2 1 2076 49
2 1 49 2022
2 1 2022 541
2 1 541 2017
2 1 2017 153
2 1 153 2001
2 1 2001 535
2 1 535 1995
2 1 1995 17

vertices
2193
2
0 0
0.9966835065696946 -0.003765808350368474
1.993797680961866 -0.01353154075460881
2.991355825370275 -0.02862467683446785
3.989217541864641 -0.04835029323067667
4.911555471632602 -0.1649904013816749
5.856052408197895 -0.4097677081625073
6.822746700186435 -0.7433356736853381
7.811039349733579 -1.122438743095501
0 1
1.003314797730851 0.9962350778887227
2.006200036272404 0.9864690972792364
3.00864134674244 0.9713762192737394
4.010778163377952 0.951648357810098
5.088390585503451 0.8350478647238629
6.143869116469875 0.5902646928056582
7.177152746755523 0.2566978174347354
8.188805285261958 -0.1223831600051704
0.4999999881960696 0.4991221669634863
0.4982891542694285 -0.001158575163518464
0.9999990830113917 0.4964937935259867
0.5017083276522192 0.998843462953359
0 0.5
1.499998950120257 0.4923135963911144
1.495185093518088 -0.00792719898166477
1.999998854171223 0.4866907437840329
1.504812878559485 0.9920734620723308
2.499998768023606 0.479736098941387
2.492521261575126 -0.02046768879909178
2.999998655197046 0.4715605300792478
2.507476209821125 0.9795329493940335
3.499997716125483 0.4622704971801727
3.490298940841035 -0.03788951439663148
3.999998223418431 0.4520277436261855
3.509699729187698 0.9621118004359691
4.499997139950731 0.4167697873482748
4.447544067223193 -0.08977516549964643
4.999971777032325 0.3405823703151111
4.552385603246238 0.9102903799123502
5.499965824795716 0.2311366239371276
5.381029320210553 -0.2735039640641349
5.999960691509956 0.09394790330281594
5.618903754726414 0.7265285622524704
6.499955407108772 -0.06543731716093315
6.33662494887594 -0.5682281261673808
6.999949962655637 -0.2414708653672984
6.663285544406292 0.4318043459620772
7.499941145408243 -0.4286308810428685
7.314396026690854 -0.9295308976414771
7.999946297348829 -0.620839285905725
7.685499725864982 0.07050114368182869
0.7512449058503244 0.7479414392710179
0.7499993216303571 0.4980086691475855
1.001640653347333 0.7464291817830949
0.7487534078953769 0.2479404242131165
0.4991650631081357 0.2490503727689206
0.2495939397798488 0.2497492999236855
0.2491192478209683 -0.0004595982528848127
0.7474738903974326 -0.002261194451963904
0.9983575123161904 0.2464286478503111
0.2500007006140152 0.499812660002813
0 0.25
0.2504066093661116 0.7497504424213121
0.5008335723446951 0.7490522483648252
0.7525244040383573 0.9977401048934685
0.2508740669690506 0.999544309565197
0 0.75
1.752743428015235 0.7396179347247969
1.749998901833379 0.4896755801878922
2.003083260192129 0.7366354092787056
1.747254389210199 0.2396176174846152
1.497608201783784 0.2422533155370037
1.247975891589583 0.2445283020108885
1.245920438733058 -0.005659161308668948
1.744477511267465 -0.01055595734231511
1.996914451005702 0.2366350953490755
1.24999900130893 0.4945909326050603
1.252022150358116 0.7445286709885686
1.502389725778964 0.7422536428995795
1.755520326633519 0.989444687039315
1.254077696178769 0.9943415526841758
2.754019531568066 0.7257456649358045
2.749998727528959 0.4757940304975034
3.004303832316806 0.7215147064294823
2.745977880666316 0.22574530725583
2.496276199638196 0.2296850753046596
2.246588388216272 0.2333196225735196
2.243145600998599 -0.01684007612500866
2.741924661126037 -0.02440052453637446
2.995693456078607 0.2215141694719276
2.249998808436932 0.4833729569438649
2.253409220599548 0.7333199328358143
2.503721311354319 0.7296853874925294
2.758072654057647 0.9756001731516588
2.256852000531478 0.9831605577997077
3.755053344542636 0.7072052807797033
3.749996776994796 0.4572388046367709
4.005266054525829 0.701928540495651
3.744942248248894 0.2072051134742188
3.495169984733291 0.2122327241157553
3.245423311765934 0.2170054949673076
3.240814641421503 -0.03312594795647065
3.739792572919942 -0.04290799647909378
3.994731181619224 0.2019341049858561
3.249998424877505 0.4670488592269915
3.254573783493361 0.7170065053301583
3.504826813653951 0.7122344313303728
3.760211113940708 0.9570906140039485
3.259182678473874 0.966875331768659
4.784691891953729 0.6316762654702083
4.749979298300349 0.3831771451107124
5.043369344067177 0.5892026990745651
4.715257475806526 0.1316431572305281
4.47467494849037 0.1651003388136583
4.234837040833039 0.1889645988966146
4.217311947150463 -0.06607814948023999
4.678888632215743 -0.1228799681851755
4.956573703458998 0.08918119515293321
4.250014731621965 0.4404646056358112
4.265173023076547 0.6889938328240444
4.525285325317915 0.6651525714692089
4.82105906747028 0.8771683484825703
4.282519452701322 0.9340312554367491
5.815212395391416 0.4146312233658186
5.749963297840659 0.1656636354295297
6.071105660905037 0.3430311256498594
5.684714432103498 -0.08538486639759291
5.441306678508207 -0.02002756374055631
5.198592674513714 0.03839275401911368
5.145599135493843 -0.2154307598159229
5.617847116102068 -0.3385143828970631
5.928815801513823 -0.1569850177134292
5.249968358120314 0.2896734841708819
5.301344803965576 0.5384099846676372
5.558625481676011 0.4799886035760175
5.882079991983256 0.6615179823962973
5.354340507226007 0.7846030701954558
6.834623609538063 0.09771068839751629
6.749952747348478 -0.151719598574954
7.087741886026668 0.00807643051544038
6.665281679131327 -0.4023057344850042
6.419099425017475 -0.3161390660232332
6.173610797633508 -0.2341342884855289
6.095645040115802 -0.4865701554492277
6.578992156105934 -0.6540479661114197
6.91215783674567 -0.4919406943318702
6.249958048182727 0.01668304432801887
6.326305282955749 0.2658818645766405
6.580811282072576 0.183877144218362
6.920912745331275 0.3459847991452379
6.404270996089882 0.5134622439940352
7.842818129132064 -0.2747480838316425
7.7499356487913 -0.5246469452104305
8.093161155359059 -0.3714225163072227
7.657062722174845 -0.7747614042569668
7.408017303840247 -0.678844982114515
7.159730844999729 -0.5843504724863025
7.067887036657711 -0.8353954407733295
7.562172998170828 -1.025118808336642
7.906724348283681 -0.8714282251550023
7.249946527165291 -0.3340014974981466
7.34016312061767 -0.08433164299066709
7.591871153946782 -0.1788240993021113
7.937728589567669 -0.0250964437378618
7.432008367379092 0.1646389175164273
0.877177769683833 0.8721522677792157
0.8764446094516185 0.7472346916054878
1.002471675620158 0.8713482904039591
0.8757197625174569 0.622284179174007
0.7506198567004642 0.6229919851212776
0.6255179463431469 0.6235994844026861
0.6249995873710642 0.4986164949511615
0.8749991678507543 0.4973005546799437
1.000817801517537 0.6214777082830514
0.6234238146417901 0.123460311521049
0.6239570923809395 0.248546363400606
0.4987332929811407 0.1239624438666987
0.624481001238 0.3735986724657258
0.7493786799562835 0.3729914002212327
0.8742785368776524 0.3722837738740722
0.4995857476221088 0.3741039220171833
0.3746928501096856 0.3745049602156099
0.3743776671944097 0.2494515277273332
0.374048281067591 0.124362360668181
0.2493695311073869 0.1246633395401073
0.1246962923224086 0.1248768623417866
0.1245362188228509 -0.0002401952715079939
0.3737034847945773 -0.0007600904853894621
0.8735536255718642 0.2472339712400321
0.9991803604853169 0.3714774189631574
0.8728204607609419 0.1221513496790687
0.7481195573566271 0.1228561623262788
0.6228787600180897 -0.001658950969018484
0.8720753498261455 -0.002964032177283152
0.9975265305113999 0.1213475676959169
0.1248069601192188 0.2499394931816865
0 0.125
0.1249053781280445 0.3749700292961529
0.2498008531407219 0.3747973340346347
0.375000444886756 0.4995228264202059
0.1250005063285689 0.4999792954996459
0 0.375
0.375948790218339 0.8743654873231501
0.3756215553168797 0.7494535523177703
0.5012643270801928 0.873964749302773
0.3753076808594994 0.6245057873847703
0.2502004694565262 0.6247975552571864
0.1250957869820052 0.6249698753827715
0.5004138671545746 0.6241048995993284
0.6260413273239006 0.7485477902015809
0.6265741931083318 0.8734619815156242
0.7518786283763059 0.8728573842168058
0.8779229958730687 0.9970370245903462
0.6271192997068505 0.9983426696308397
0.1251946261687802 0.749939044263897
0 0.625
0.1253042949650966 0.8748772551443732
0.2506276291794548 0.8746669156207468
0.3762927349140635 0.9992425712266924
0.1254500328759272 0.9997664940374764
0 0.875
1.879383294786345 0.8630984287139352
1.877915078073962 0.7381691575695974
2.00463557907737 0.8615661255217926
1.87645495415556 0.6132115639972249
1.751369140673944 0.6146612080526167
1.626281593236354 0.6160241470983233
1.624998925973459 0.4910388074008079
1.874998877885259 0.4882256476763642
2.001539033814083 0.6116769488563887
1.621134767403297 0.1159059045883164
1.622429561382014 0.2409796864978489
1.496402717798953 0.1171780877036695
1.623716264462982 0.3660239873682178
1.74862866697007 0.3646610503561487
1.873542803785989 0.3632114075090089
1.498805596151657 0.3672984852723504
1.373896662957484 0.3684828095448286
1.372790310871316 0.2434367675171873
1.37167587113296 0.1183600921105042
1.246954226881652 0.1194501738405095
1.122237782197267 0.1204465854553703
1.121298515933196 -0.004664772476461251
1.370549295752033 -0.006747218733516125
1.872082685660397 0.2381688424363974
1.998458675066043 0.3616767928863873
1.870614476073847 0.1130979521606232
1.745872020137972 0.1145452814113423
1.619827832800349 -0.009197358024150008
1.869134127438048 -0.01200126293050178
1.995362135273102 0.1115656507211361
1.123164951717003 0.2455261770165574
1.124084025528797 0.3705740022175838
1.248989469033528 0.3695752254230862
1.374998974689911 0.4934982149865864
1.124999034092908 0.4955900271268547
1.378322146534694 0.8683606009028391
1.377207673185561 0.7434371080583361
1.503595234313458 0.8671785806998356
1.376101295996272 0.6184829807190076
1.251008543779717 0.619575413491651
1.125914050256235 0.6205742251494835
1.501192311883186 0.6172986485587905
1.627568310453678 0.7409800074813043
1.628863121852372 0.8659063894976179
1.754125808829671 0.8645457610242203
1.880863649048976 0.9879993774892202
1.630170069710823 0.9908032930420625
1.126833150308049 0.7455266034630291
1.127760369039027 0.8704471917870675
1.253043858436184 0.869450715928112
1.379448753756888 0.993253460189219
1.128699708155678 0.9953360051561856
2.881255902154698 0.8486065735002292
2.879163431164849 0.7236657162177703
3.006466581448852 0.8464570593773059
2.87707903985114 0.5987011341324261
2.752007111033645 0.6007819863665975
2.626933434131557 0.6027900048617358
2.624998748743352 0.4778023503876233
2.874998699640982 0.473712858579937
3.002149189393474 0.5965491637576142
2.619178467981265 0.1026902572403489
2.621125306740248 0.2277524778200199
2.494404798782525 0.1046214108986681
2.623064053842542 0.3527898416644846
2.747990332385332 0.3507818048809799
2.87291834775687 0.3487009152034012
2.498139508910277 0.3547233044658112
2.373216697996765 0.3565804626390326
2.371430559896746 0.2315413672561545
2.369636330393782 0.1064762583772852
2.24487306314897 0.1082530686798737
2.120114997788683 0.109950110830588
2.11846817233593 -0.01514505714748541
2.367829964534862 -0.01861486379601816
2.870833924667718 0.2236652944747211
2.997848115449794 0.3465488758280205
2.868741406549293 0.09860597047773398
2.743957337283977 0.1006845307464335
2.617219492777617 -0.02239682027213808
2.866636770946196 -0.02647706066880674
2.993530676321222 0.09645632659504624
2.121749685201996 0.2350181100552203
2.123376280958461 0.3600589402544633
2.248295621857189 0.3583595852190687
2.374998787589031 0.4815935450177961
2.124998830824249 0.4850726017855555
2.380361216452881 0.8564767265264146
2.378566999495009 0.7315416757184089
2.505592690435997 0.8546218836846832
2.376780872478832 0.6065806155451701
2.251701992419082 0.6083597390697458
2.126621379782227 0.6100590956235415
2.501858020095266 0.6047234596441758
2.628872155937591 0.7277528037404494
2.630818961838004 0.8526907465266234
2.75604003143619 0.8506850584736296
2.883360462800146 0.9735237122654584
2.632777903982145 0.9776038366763242
2.128247974339047 0.7350184228817424
2.129882660979406 0.8599505843023222
2.255124540007028 0.8582535390870025
2.382167574677029 0.9813857684341223
2.131529487296262 0.9848555794864164
3.882787432118562 0.8295376057604689
3.880155476681723 0.7045923845349733
4.007956715695871 0.826805632662031
3.87756698181656 0.5796301591452925
3.752516821149479 0.5822302086337329
3.627464780680722 0.5847770237178904
3.62499715701303 0.459784684250752
3.874997094014463 0.4546441119663995
4.002622692541409 0.5770025275756504
3.617556213826943 0.0847047088973466
3.62005214557186 0.2097506541820729
3.492740071738914 0.08718323909481673
3.622530075499431 0.3347762473145956
3.747477105987393 0.3322304999704559
3.872427182308479 0.3296319378202836
3.497587597299442 0.3372610163450491
3.372648955122975 0.3396820467429746
3.370294186157119 0.2146513446936726
3.367929758905123 0.0895989897330664
3.243124829955791 0.09195097066968316
3.118325147995201 0.0942373809339975
3.11608181097821 -0.03084158710306297
3.365553999471871 -0.03547585815738968
3.869839105441201 0.2045957131296662
3.997373904640788 0.3270047867079525
3.867210958170932 0.07954074093947588
3.742379355160468 0.08216116727887635
3.615047018941148 -0.04036596912648563
3.864524238856984 -0.04553333444337924
3.992042221465403 0.07681671422718983
3.120556531927146 0.2192936623873056
3.122779685429454 0.344327351285076
3.247713193119826 0.3420379254923126
3.374998154056333 0.464692398239938
3.124998575006557 0.469338686783943
3.382067670094663 0.8396005161134326
3.379702779058271 0.7146527192007328
3.507257749719543 0.8371850278162539
3.377347551293849 0.5896828695579964
3.252283731383494 0.5920385138535941
3.127217481116327 0.5943277571969554
3.502408227895113 0.5872620130273798
3.629944318417437 0.7097522748918637
3.632442334334037 0.8347065228174275
3.757620001835306 0.8321622124979865
3.885485286780956 0.9544613482966389
3.63495340759072 0.9596346108028929
3.129440671208592 0.7192943893759505
3.131672084737704 0.8442383158738878
3.256872438125546 0.8419521818858628
3.384443749254355 0.9645255684035378
3.133915362311805 0.9691594859595171
4.934205085554133 0.7347170258435498
4.914119417584224 0.6115223065999319
5.06557681553275 0.7124715670006072
4.894443636734839 0.4876050754833481
4.767229457331613 0.507806128352037
4.639923281970779 0.5257581688686052
4.624986656304181 0.4011437745634994
4.874974665337406 0.3629615477242416
5.021568434872499 0.4652402000813334
4.579264913527443 0.02256770839953516
4.594871074171998 0.1495375926203143
4.461417505870648 0.03805082570953792
4.610044105057808 0.2757346450750179
4.732726206254177 0.2577877185404683
4.855504571148472 0.2375909140996003
4.487462501241556 0.2913453042440231
4.364976449153866 0.3045198103072159
4.354673684942739 0.178263127030496
4.343837604579703 0.05115239965009714
4.226542130763026 0.06190325807102241
4.109508489732761 0.07051729605101509
4.102566306261489 -0.05738356057422295
4.332311337499045 -0.076761687590345
4.83582664705771 0.1114962221198391
4.978374867576602 0.2152288713766541
4.815740328992436 -0.01531802552426823
4.697373024558766 0.004752485760883218
4.563058681463963 -0.1051631613036283
4.79505147708048 -0.1428504832964402
4.934366909627313 -0.03755866078377124
4.114989382385201 0.1970496706981376
4.12006161806887 0.322789171298849
4.242545944127099 0.3151035368088688
4.375008606783056 0.4299388289846534
4.125009855746699 0.4480121883438551
4.406084608082662 0.8012377948853193
4.395302602369312 0.6783168132987171
4.5385163556877 0.7881181528505466
4.385032069883206 0.5545415546301558
4.25748204653013 0.5651091630025343
4.129962259481815 0.5727845417178681
4.512522678230624 0.5413719951846454
4.655082345539112 0.6495801679950134
4.670677185690338 0.7726205614920931
4.802572357354927 0.7547948461937541
4.95489657807959 0.8571919884505774
4.686884131342805 0.8948927057619231
4.135046281153433 0.6970370579364914
4.140504899443867 0.8205264398575157
4.273384924546866 0.8119959660553093
4.41758886591968 0.9233184152461935
4.147096111449145 0.9427897097367695
5.977893389343703 0.5033439076814166
5.94324573359194 0.3795681724779353
6.107183930289832 0.4668791186047079
5.909002701432909 0.2553011254856303
5.782486673149489 0.2904075379234727
5.655883919388978 0.3239532674224127
5.62496457537929 0.1992238238411467
5.874962000520308 0.1305427617103639
6.035432010919171 0.2187207202875087
5.531397801685385 -0.1782593767458008
5.562923853027031 -0.05188248991718364
5.411471472137068 -0.1464767274070577
5.594045325555986 0.07394523992955743
5.71743999322978 0.04039950617503718
5.840921346610406 0.005293077412372116
5.470737349422445 0.1058435562458213
5.347516095986772 0.1360077325438432
5.31986292903543 0.01009312638112564
5.291805270827391 -0.1164283601580778
5.172399172367164 -0.08820117001816508
5.053253105150991 -0.06188218762208572
5.028404207477935 -0.1892129118078288
5.263140787075598 -0.2435567758173893
5.80667841465714 -0.1204479461395457
5.96448939300384 -0.03128733702306613
5.772030864312408 -0.2466803228005076
5.651584267209476 -0.2116894928556995
5.499264767802196 -0.3051854405701626
5.736776336612826 -0.3734040488370726
5.892737587652994 -0.2831451425800951
5.077496104082122 0.06478442169259505
5.101334375717221 0.1907869188669788
5.224381675108086 0.164351063246075
5.374967065039362 0.2613153771433818
5.124969838372257 0.3161245122547408
5.458130267344672 0.6335963167485845
5.430071881269334 0.5101096088972805
5.588461184791936 0.6035475782205486
5.402418211118687 0.3860159933413141
5.27555522643032 0.4143597743297226
5.148605392055456 0.4407965518158873
5.529194434660763 0.3558516326704345
5.687005648715074 0.448133594365146
5.71853201313754 0.5717648230205239
5.848342748283839 0.5383347088443394
6.013147949050669 0.6266283268215864
5.750665255282268 0.6948469495329703
5.172444104344258 0.564803173042365
5.196688132210062 0.6881450540622399
5.327539257798826 0.6618243732569671
5.486795499478736 0.7564761611393591
5.221538806979582 0.8108225806628993
7.0049345129498 0.1776376198775361
6.961269569882699 0.0532836497102549
7.132144203186491 0.1325029946080224
6.918009267100467 -0.07133059186465784
6.792187028047556 -0.02685996005996671
6.666277983411652 0.01674356854943604
6.62495408205404 -0.1081015499885229
6.874951388489804 -0.196204846800015
7.043744493540237 -0.1165817653451184
6.5001729476648 -0.4845443788477065
6.542103848799607 -0.3587455098134913
6.378165651209739 -0.4420101817506003
6.583630132500918 -0.233264571743481
6.707718399578789 -0.2768681801759637
6.831893428320454 -0.3213389603857826
6.459628577626217 -0.1906147762521176
6.335713727276301 -0.1490054554267549
6.29626840753691 -0.2745730880980238
6.256418462973837 -0.4005164531474452
6.134931388164394 -0.3601499043103333
6.013704430500292 -0.3209972383138559
5.975675314099018 -0.447518646141717
6.215961584781739 -0.5268355508035593
6.788632957637274 -0.4467330308079489
6.956155361153283 -0.3665904118625614
6.744967843663068 -0.5723872871357866
6.622440347415985 -0.5280323324434486
6.457635138199587 -0.6106611683145913
6.700696021925838 -0.6983017534426846
6.867755429556889 -0.6175223824177769
6.051126595811992 -0.1949093673567158
6.088144138636621 -0.06925503673143596
6.211885582257014 -0.1085233051205323
6.374956726944838 -0.02381355151412701
6.124959372030648 0.05596576073770676
6.493494867026448 0.3495078245538186
6.453644988346671 0.2254430761768654
6.62174494798431 0.3080141502688831
6.414199711217942 0.1010026196647322
6.288030511780916 0.1414847660925047
6.161774612506773 0.1807530308554408
6.540282206058133 0.05939332047904955
6.707804161399919 0.141270774694912
6.749734913814637 0.2654800531432947
6.877464764223451 0.2219922713983726
7.049206095811061 0.3017313093677735
6.792272567168543 0.3893714108987228
6.198792174863828 0.3051067846336452
6.236214357111519 0.4290270311347062
6.364984669951546 0.3898743610289667
6.533951687650529 0.4731968662253275
6.2742434697464 0.5525137651773584
8.015302676224834 -0.1982314620478949
7.968017396275576 -0.3230602001602827
8.140482136627302 -0.247004781516458
7.921331158156606 -0.4479116823599276
7.796236535706187 -0.3996723541103928
7.67106423027702 -0.3515451862351605
7.624937747902418 -0.4765172402611209
7.874937935638793 -0.5728535705557627
8.046415505635627 -0.4959928344536115
7.485600999437716 -0.8518616343489777
7.532442328688155 -0.7266642484824452
7.361508358295052 -0.8041223669365678
7.578813962877883 -0.6015550811641451
7.703636724516827 -0.6496771936585
7.828544173976137 -0.6979107347419564
7.454092349698045 -0.5536859286959711
7.329470123204176 -0.5061688880728381
7.283782682701596 -0.6313797726395768
7.23767905474929 -0.756737152897999
7.114110901775581 -0.709784628921034
6.990803101172004 -0.663350596931197
6.945143982357961 -0.789062675926089
7.190973307527257 -0.8822466809766379
7.781858170448682 -0.8230608446870915
7.95347561032434 -0.7459960021062211
7.734583793350113 -0.9482447602398654
7.609960836243617 -0.8999000318660011
7.438139498260237 -0.9771708391808582
7.686456247521733 -1.07342267304927
7.859386493263919 -0.9970137024491892
7.035856755157504 -0.5378420418171306
7.080504604443752 -0.4125362857772448
7.204942152756262 -0.4590907978521894
7.374944174343786 -0.3810960721032413
7.12494838776945 -0.2874315605767536
7.512213873157318 -0.006709712544941127
7.466108451524182 -0.1313597626729391
7.638383944658024 -0.05409486570520572
7.420419101154787 -0.2561581855823682
7.294951186503159 -0.2090809704782043
7.169392189684633 -0.1625271629637338
7.545791798491379 -0.3036747025966965
7.717443220120517 -0.2266444270166917
7.764292361106086 -0.1018350625154065
7.889933881768493 -0.1498761422904551
8.063444777382744 -0.07339383833879243
7.811758820871389 0.02285679184994094
7.214040104995397 -0.03782420687984123
7.259093920227844 0.0866754530296715
7.385783782218754 0.04024219446031529
7.558921500273879 0.1177873173343441
7.304753117538033 0.210971331866135
0.9402208153215154 0.9342094886057138
0.9398253752149166 0.8717625284608114
1.002891479220517 0.9337957253464798
0.9394329552929319 0.8093074265676745
0.8768099102732869 0.8096975851823547
0.814185748954749 0.8100630382719624
0.8138452259053481 0.7476005149722494
0.9390430799260209 0.7468441768477097
1.002054896242192 0.8088927770052377
0.8128343701103764 0.5601629755212392
0.8131700501279662 0.6226505173879029
0.7503093093075811 0.5605045736306052
0.8135068252932612 0.6851296871024707
0.8760813927430895 0.6847635647763417
0.9386552641040652 0.6843727651295737
0.7509315402462833 0.6854709265220961
0.6883555094643339 0.6857870800045806
0.6880691630815713 0.6233083775322295
0.6877840091305057 0.5608211021490445
0.6252584601404525 0.561112345634993
0.5627326521141639 0.5613780646779981
0.5624997721721816 0.4988822402730332
0.687499438015681 0.4983252243421213
0.9382690093642381 0.6218931742412896
1.001228455178844 0.6839574958362284
0.9378838023167835 0.55940538972501
0.875359199352463 0.5597965130258027
0.8124992336130737 0.497667044157921
0.9374991192584516 0.4969094030848632
1.000408182978345 0.5589898091681055
0.5608321211930206 0.06116824116372085
0.5610778915193658 0.1237241855354389
0.4985126803882152 0.06140603233608952
0.5613206415292293 0.1862718660310709
0.6236918149465959 0.1860075048686955
0.686064206184556 0.185717639901766
0.6863547417889333 0.248256054461727
0.5615605136117962 0.248811182133447
0.4989507436284197 0.1865106154481194
0.6872148243351672 0.4358207421473475
0.6869295519813522 0.3733076815054273
0.7496893056517794 0.4355042706358778
0.6866430354594112 0.3107860948614478
0.6242199996706901 0.3110767880018194
0.5617978267696512 0.3113419921455008
0.7490668870785936 0.3104700997340841
0.8114915112142984 0.3101289967682002
0.81182835150985 0.3726500304684057
0.8121640793056338 0.4351627234861696
0.8746391264758757 0.4347963039393604
0.9371144314104838 0.4344052150334002
0.5620330602957899 0.3738641636993803
0.4993765564047954 0.3115815237531588
0.5622668152461266 0.4363775990790427
0.6247406554512769 0.436111928067066
0.4997933073192855 0.4366174818882149
0.4373201064197778 0.4368312158508671
0.4371390437273918 0.3743176572991064
0.4369561952369821 0.311795188709696
0.3745366668632465 0.3119827443038832
0.3121177246128483 0.3121438126615069
0.3119855487589649 0.2496134006004302
0.4367707851445173 0.2492638387207612
0.3115617102321609 0.06196716664182531
0.3117080620755299 0.1245247549225724
0.249247410240733 0.06210578512441911
0.3118492889609834 0.1870736927664611
0.3742150390804286 0.1869113234045933
0.4365821893358346 0.1867237309350747
0.2494847171738543 0.1872113418323448
0.1871204943604114 0.1873247630132078
0.1870326321630498 0.1247799263992957
0.186935123808066 0.06222347516072455
0.1246259556633528 0.06232521278714052
0.06232079814397484 0.06242021752566145
0.06225189873783381 -0.000142624584038383
0.1868271471219939 -0.0003419428884284628
0.4363900636819227 0.1241751003022694
0.4361944731455217 0.06161823408607444
0.3738774689505102 0.06180507704639607
0.3114113538501794 -0.0005981497522891264
0.4359959673721518 -0.0009466939277375832
0.936729212522504 0.3718928343095879
0.9995899816933296 0.4339896612618315
0.9363429439456558 0.309372276871661
0.8739168725315726 0.3097629869156809
0.8111530469926916 0.2475996622254878
0.9359551196485609 0.2468435615281486
0.998769705823321 0.3089570768773003
0.8101232763422903 0.0599621774050876
0.8104693642666864 0.1225162365231071
0.7477983847830608 0.06030163203266414
0.8108124800860861 0.185062066321759
0.8731883101954394 0.1846967530800231
0.9355652477049793 0.1843067056957886
0.7484377716720392 0.1854024306073924
0.6857710399038931 0.1231709178128417
0.6854749217938551 0.06061591588786698
0.6231528498518908 0.06090483782455156
0.5605833428454952 -0.001395981470093829
0.6851755707004856 -0.001947404144306421
0.9351728488140713 0.1217617196415803
0.9979432834985987 0.1838921427007593
0.9347774505613922 0.05920860222674539
0.8724496248787148 0.05959776144319522
0.8097737990393303 -0.002600138408665457
0.9343785781260903 -0.003352661734273497
0.9971067677023503 0.05879492081605815
0.06235504857835518 0.1249531384681798
0 0.0625
0.06238224296804513 0.1874741608059115
0.1247543469378286 0.1874134338139538
0.187201728194161 0.2498585842266245
0.06240711124383413 0.2499884993994137
0 0.1875
0.1874275941777732 0.4374093870506219
0.1873539497461176 0.3748997526065219
0.2499011758302969 0.4373088486531467
0.1872790027229401 0.3123831205353616
0.1248568886285528 0.3124578231912707
0.06243095410003154 0.3124983552791565
0.2496988241698345 0.3122777028269622
0.3122469317569551 0.3746651947691853
0.3123742425312841 0.4371778908676104
0.3748471361560131 0.4370182811662344
0.4375002216076336 0.4993358830416214
0.3125006188099754 0.499682163978926
0.06245427480089133 0.3750048363574566
0 0.3125
0.06247732646185475 0.437508534055238
0.1249531029972328 0.4374770290092913
0.187500662020268 0.4999125279580394
0.06250027072096469 0.5000097410765295
0 0.4375
0.4388024770483072 0.9366208671203469
0.4386072834956181 0.8741778011636685
0.5014847369262125 0.9364082684144523
0.4384158712586987 0.8117262004763793
0.3757831328228292 0.8119140005787384
0.3131492453223994 0.8120763568027213
0.3130142411505274 0.7496151620367827
0.4382280711704385 0.749265864017695
0.5010473252253196 0.8115127955407914
0.312626940114754 0.5621781328012333
0.312754057918311 0.6246657589384571
0.2501002124632549 0.5623089251395291
0.3128828463568408 0.6871448620818761
0.375463352189419 0.6869841200006884
0.4380433539951829 0.6867966809286541
0.2503022857790972 0.6872782328960086
0.1877224404473883 0.6873831037699187
0.1876474565400153 0.6248996826011233
0.187573753642319 0.5624093410137474
0.1250479472749029 0.5624769658916992
0.06252323939133786 0.5625085382401803
0.437861008385023 0.6243186180999324
0.5006226259208246 0.68658297742271
0.4376802404729119 0.5618316818477427
0.3751536687770793 0.5620186644608547
0.5002065778300137 0.561617970173157
0.5629661850302341 0.6238650789810865
0.563201079235234 0.686343316870473
0.6257787000892383 0.6860779451595729
0.6886436190419714 0.748257262186623
0.5634379897574306 0.7488128410144288
0.6895231970925221 0.9356173615395119
0.6892270786100448 0.8731723430996057
0.7521998228360888 0.9353028968736111
0.6889339996589836 0.8107189931202444
0.6263063539864029 0.8110091039158965
0.5636774765321428 0.8112737451651294
0.7515604537769878 0.8104035752002435
0.8145288559809857 0.8725172909002274
0.8148749778081574 0.9349632911441115
0.8775486458307695 0.9345987501138133
0.9406197545570989 0.9966483013120124
0.8152245373198499 0.9974010302371126
0.5639199520063635 0.8737261471975484
0.5641656262194273 0.9361701612186006
0.6268451225229646 0.9359064990147764
0.6898226371203281 0.9980540455674795
0.564414485327006 0.9986058328349759
0.06254637089741778 0.6250048133333237
0 0.5625
0.06256984776692376 0.6874982269290698
0.125144468169302 0.6874575328499589
0.1877995672633109 0.7498588390747067
0.06259396225124415 0.7499881074558213
0 0.6875
0.1880589535886922 0.9372284709291858
0.18796563349951 0.8747827325311069
0.2507472044455093 0.9371103035523678
0.1878800419380508 0.8123258120160846
0.1252472892273382 0.812412984682525
0.06261926270802184 0.8124732191766529
0.2505145934706552 0.8122135409701408
0.3132888562628318 0.87452825342362
0.3134337927475128 0.9369709534521059
0.3761188452716827 0.9368082190264908
0.4390010052581083 0.9990556148735454
0.313583728861716 0.9994050100214
0.06264694424115541 0.8749512738637663
0 0.8125
0.06268013970802035 0.9374179416387661
0.1253692625108849 0.9373291345566338
0.1881633690002982 0.9996631105872863
0.06272986116847583 0.9998654441726056
0 0.9375
1.942769628375832 0.9247972745131376
1.942010087182858 0.8623427901967344
2.005416037563873 0.9240210795710434
1.941253580501203 0.799881297499748
1.878647921999993 0.8006373334081774
1.816041179788956 0.8013721266182479
1.815329686458825 0.7389042759027377
1.940499602602024 0.7374127964986923
2.003858155228131 0.7991042354509124
1.813205323778598 0.5514578062804375
1.81391226410783 0.6139471158248531
1.750683767953926 0.5521720068820481
1.81462021655461 0.6764292723325397
1.87718425732379 0.6756939010765094
1.939747647904615 0.6749372871605352
1.7520555254833 0.6771431840100782
1.689490184213678 0.677835419443051
1.688825583643772 0.6153536240235089
1.688161995412786 0.5528645310022342
1.625640006101407 0.5535351622964388
1.563117799998588 0.5541836839986799
1.562498937943011 0.4916873650150113
1.687498913821763 0.4903681403727542
1.938997210664766 0.612454769514879
2.002310388285843 0.6741596471515213
1.938247785316333 0.54996524340492
1.875726662835144 0.5507221462514262
1.812498889749115 0.4889613437830335
1.937498865972022 0.4874687088693851
2.00076869108407 0.5491873145574911
1.558138614698101 0.05400474354703404
1.558768092175213 0.1165531595286349
1.495795676397474 0.05462920161089824
1.55939453455469 0.1790941332968658
1.621783428815291 0.1784464805283913
1.684173407016592 0.1777767181183487
1.684841541720932 0.2403095985657111
1.560018448037409 0.2416276644237152
1.497006724082256 0.1797194587756208
1.686835833683914 0.4278644518047105
1.686172248866883 0.3653534654444159
1.749314036755467 0.4271719281780923
1.685507653687035 0.3028351810271077
1.623073671158962 0.303505521995018
1.560640338975297 0.3041537532432504
1.747942286482746 0.3021429468792968
1.810377569607142 0.3014290360886067
1.811085518513939 0.3639469588542279
1.8117924566887 0.4264577279965115
1.874271093449436 0.4257220682162315
1.936749947009091 0.4249651655125744
1.561260713480094 0.3666723996156752
1.498207657066091 0.304779657630515
1.561880077854439 0.4291836034976216
1.624357847300158 0.4285350825254828
1.499402525095514 0.429809798241864
1.436925189311192 0.4304134499771576
1.436350912457835 0.3679020275912134
1.435775625636478 0.3053830182748076
1.373344244985667 0.3059636178203011
1.310913515765841 0.306521239061365
1.31038266693086 0.2439941332641167
1.435198822616512 0.242856422388079
1.308775968802415 0.05636643666258366
1.309314398752395 0.1189167323110023
1.246439100879064 0.05689940784421461
1.309849796347825 0.1814592976383857
1.372234354817009 0.1809022589493372
1.434619997499342 0.1803222400608374
1.247466322245351 0.1819931381528981
1.18508393297981 0.1825035622920397
1.18459535488256 0.1199601980031042
1.18410374914221 0.05740896201575395
1.121769911698136 0.05789487921322897
1.059437585986152 0.05835693934826178
1.058990149502222 -0.004203252169973947
1.183608611242787 -0.005150149012164674
1.434038644102939 0.1177804711734248
1.433454256136312 0.05523111546180906
1.371114353649094 0.05581026647909075
1.308233999878325 -0.006191590711436423
1.432866326771828 -0.007325827557775518
1.936000522573557 0.3624546133934662
1.999229017422046 0.4241872367405728
1.935250087151705 0.2999370521846471
1.872813503137581 0.3006936657168669
1.809668103813265 0.2389039598938494
1.934498134684058 0.2374124821008861
1.997687321557845 0.2991594125948221
1.807525545386411 0.05128580985464653
1.808242597685236 0.1138323466565621
1.745176536207441 0.05199827478311889
1.808956615203747 0.1763717300201397
1.871349845276654 0.1756369379890076
1.93374415937752 0.1748809028834156
1.746564469104902 0.1770850623459776
1.683502743364124 0.1152365395765388
1.682829044662691 0.05268906316272812
1.620483070721815 0.05335795813719211
1.55750559546991 -0.008551115157823677
1.6821518047692 -0.009865711081243515
1.932987655211699 0.1123423147268212
1.996139557545633 0.174103841546803
1.932228116495 0.04979671747035314
1.869876072130977 0.05055188519457515
1.80680495219006 -0.01126788030739058
1.931465037025377 -0.01275588859817877
1.99458167845482 0.04902052343467726
1.059881507776673 0.1209091157207703
1.060322411857261 0.1834532843786054
1.122702629063946 0.182990350775582
1.18556998585341 0.245039055908873
1.060760792197703 0.2459894470532422
1.18701802498799 0.4325982980541423
1.186536527312819 0.3700864265698221
1.249494487640616 0.432086981952561
1.186054016092997 0.307566678168568
1.123625249824663 0.3080540621485172
1.061197144299427 0.308517600431852
1.248483438930683 0.307055664861471
1.311442848134197 0.3690406143612767
1.31197116993711 0.4315522580862686
1.374448070739422 0.4309943421966969
1.437498962212558 0.4929172853174
1.312498987575488 0.4940561694054678
1.061631967860669 0.3710377375485008
1.06206576818539 0.4335498504156111
1.124541784159686 0.4330859919287592
1.187499016509668 0.4951022897992606
1.062499055613424 0.4960539319147553
1.441543742193764 0.9302316989118113
1.440959340439842 0.8677809705819602
1.50420228686548 0.9296297785201048
1.44037797238783 0.8053226558899191
1.377763645528121 0.8059026837555467
1.315148234838703 0.8064597352861909
1.314615345836032 0.7439944854954549
1.439799133022729 0.7428567551099976
1.502991215626833 0.8047198688873657
1.313026807799533 0.5565523474540629
1.313555137121527 0.6190407924786835
1.250503517592931 0.5570870765786115
1.314084481427207 0.6815215047794508
1.376653725018213 0.6809638740631728
1.439222317606966 0.6803832678477026
1.25151458630565 0.6820559445684083
1.188944038551915 0.6825669778493562
1.188461515244883 0.6200866291098284
1.187980010343345 0.5575984002127028
1.125456285846096 0.5580861048710437
1.062932343679738 0.5585499781480164
1.438647020806379 0.6179021940713364
1.501790259638756 0.6797799029026009
1.438072737515901 0.5554135332342011
1.375549881054074 0.5559944280124212
1.500595377087341 0.5548098798712978
1.563737169262704 0.6166725608169422
1.564357551297972 0.6791539954425364
1.626924192774971 0.6785057622064621
1.69015630256223 0.7403099175113653
1.564979451425847 0.741627988242168
1.692168820494412 0.9276896275848578
1.691495115391751 0.8652370214981225
1.754821297969611 0.9269988365640365
1.690824444568972 0.8027771180863293
1.628214451660871 0.8034468833021257
1.565603375360257 0.8040945391156663
1.753433353904533 0.8020854604158287
1.816755201929958 0.8638328245895804
1.817472258520249 0.9262863697308977
1.880121702013213 0.9255524434256577
1.943532709632372 0.9872447503658435
1.81819285471879 0.9887327619111811
1.566229828073287 0.8665536481598799
1.566859314852397 0.9290053153356826
1.62951482607699 0.9283585260496346
1.692846064967291 0.9901349361384068
1.567492340894229 0.9914495405697666
1.063366146822752 0.6210379886635859
1.063800976859818 0.6835179670402362
1.126372836432519 0.6830543900835179
1.189428085808757 0.7450394489067114
1.064237341118719 0.7459899193510373
1.190894398802667 0.9324096167979051
1.190402764037 0.8699607672691407
1.253559009039555 0.9319000356249764
1.18991416027214 0.8075040447619394
1.127295494590179 0.8079908697277028
1.064675740942709 0.8084538525678606
1.252531740029396 0.8069935945465981
1.315683652592469 0.8689172549836564
1.316222103141234 0.9313670443383196
1.378883680953587 0.9308108599835999
1.442131682881991 0.9926748409420508
1.316764091488696 0.9938091031099549
1.065116673210242 0.8709097721268048
1.065560632657175 0.9333576797868237
1.128228273099978 0.9328955709359189
1.191389568275993 0.9948505925472734
1.066008117244778 0.9957975729837529
2.94493007189604 0.9100025859262711
2.943861890030175 0.8475405833729066
3.007552216282305 0.9089195326585239
2.942796721676109 0.7850727173709061
2.880208406360761 0.7861391112935627
2.817619005160901 0.7871877448217887
2.816591916717829 0.7247146825793964
2.941734071638903 0.7225989843934507
3.005383948844988 0.7839887851583721
2.813520752991761 0.5372594975938964
2.814543295305122 0.5997505568279136
2.751002667654186 0.5382910424937568
2.815566848016237 0.6622356193081792
2.878120476384862 0.6611863893452402
2.940673444233981 0.6601193870977726
2.753012563803286 0.6632668609568938
2.690457626480543 0.6642798974118129
2.689470490149072 0.6017952076952638
2.688484362771952 0.5393043763815565
2.62596583975175 0.5402992843660205
2.563447099407494 0.541275550712401
2.562498758486691 0.478778654163968
2.687498738608639 0.4768074039681627
2.939614340396792 0.5976339324238545
3.003225744118963 0.6590348285290675
2.938556255498061 0.5351426289894239
2.876038616812068 0.5362099558530641
2.812498714945522 0.474762444358313
2.937498680414972 0.4726454844633509
3.00107366398339 0.5340577268127318
2.555832016864541 0.04112436315131422
2.556790983393379 0.1036652642198405
2.493464800194223 0.04208004061142541
2.557746915677988 0.1661998785818252
2.620153151418364 0.1652244747391625
2.682560470382547 0.1642304275606737
2.683551160385882 0.2267581059431983
2.558700319821574 0.2287282065224116
2.495341763394734 0.1671564226295554
2.686513111693376 0.4143042909262717
2.685526976404854 0.3517950370716089
2.748994784522694 0.4132909513026287
2.684539827435685 0.2892796422936331
2.6220954392578 0.2902742666872772
2.559651701128291 0.2912502478956305
2.746984865943878 0.2882665905381616
2.809430555401404 0.2872353268928076
2.81045412251792 0.3497503596429762
2.811476673695613 0.4122593983475455
2.873958779556509 0.411209845144319
2.936441102790229 0.4101425029259647
2.560601564695659 0.3537660028530348
2.497208613138072 0.2922073693528093
2.561550415382564 0.4162754716083816
2.62403165531489 0.415299202672842
2.499069392179069 0.4172328810042305
2.436588585715386 0.4181712143376855
2.435677886692016 0.355661529833716
2.434766175263385 0.2931454143058353
2.372324387686579 0.2940641667093856
2.309883250427064 0.2949634099066329
2.30900904044911 0.2324403576792894
2.433852946298402 0.2306228677469629
2.306372251225668 0.04483174732589874
2.307254046614883 0.107374526327307
2.244011102087655 0.04570982006990741
2.308132807794306 0.1699107297797266
2.370534709369679 0.1690120645870642
2.432937694568484 0.16809388995962
2.245731989940206 0.1707896695276329
2.183332255922741 0.1716486673435025
2.182493380112438 0.1091116690777747
2.181651470005606 0.04656795084508703
2.119293355257547 0.04740592294021825
2.056936758004854 0.04822351945338799
2.056132059342648 -0.01432800255483201
2.180806019611642 -0.01598248723988273
2.432019914503586 0.1055584811083098
2.431099100295782 0.04301664117031773
2.368734917381413 0.04393394897364749
2.305486916113331 -0.01771760713671617
2.430174746481542 -0.01953162979343152
2.935383010717361 0.3476336838591215
2.998923644981645 0.4090575800493441
2.934323895057008 0.2851190228104474
2.871876897479245 0.2861860662657932
2.808405468411487 0.2247142980118998
2.933263252382258 0.2225985128400938
2.996771553835167 0.2840344095516247
2.805316054544437 0.037115222519087
2.806348721869544 0.09965424588786947
2.742942769258542 0.0381450376556315
2.807378358186117 0.1621872712672307
2.869788928020239 0.1611385964483115
2.932200583390475 0.1600721476157521
2.744968872604019 0.1632179540813566
2.681567252705835 0.1016966070681333
2.680571001361796 0.03915664461600921
2.618200750703009 0.04014982573444652
2.554869510419915 -0.02142282423316185
2.67957120953535 -0.02338945949711257
2.931135391366714 0.09753992367201665
2.994613327034661 0.1589881441332005
2.930067176252612 0.03500184167678815
2.867690857018011 0.0360674174347895
2.804279848039418 -0.02542979761563257
2.928995430153614 -0.02754209419243887
2.992445010779063 0.03391871724623911
2.057737916075342 0.110768177150781
2.058536039671232 0.173305970269695
2.120933605782283 0.1724875065829998
2.184168603034524 0.2341789456503723
2.059331634458484 0.2358368990070147
2.186667530002821 0.4217294602846678
2.185835734425861 0.3592193420658258
2.249147468231011 0.4208695948086287
2.185002927417333 0.2967025038752221
2.122563741638519 0.2975419212988307
2.060125206369243 0.2983609631824725
2.247442763603843 0.2958429278046507
2.31075594298997 0.3574798865776758
2.311627623689126 0.4199897877185891
2.374107996204399 0.4190902553644202
2.437498777721732 0.4806744680250052
2.31249879779677 0.4824931134633478
2.06091726111753 0.3608781629151874
2.061708304641507 0.4233884981618199
2.124187808780423 0.4225691670776509
2.187498819430176 0.4842328586833315
2.062498842432518 0.4858919691663059
2.443898410725229 0.9180171922746179
2.442977603688592 0.8555589504916461
2.506532679102702 0.9170805953321638
2.442059832015332 0.7930942787812741
2.379462843566521 0.7940124521722632
2.316864771564233 0.7949111181293589
2.315988543395024 0.7324406665318268
2.441144588777408 0.7306231770619527
2.504655736729644 0.7921568144694189
2.313369970944495 0.5449898640861489
2.314241648915062 0.6074800396822292
2.250850147813454 0.5458696715330862
2.315114337869822 0.6699636404546895
2.377673177740995 0.6690643967714809
2.440231367780362 0.6681456452998518
2.252554848026754 0.6708431593491389
2.189994708289317 0.6717027366627862
2.189161902675853 0.6092194967488576
2.18833010842876 0.5467295374588302
2.125809852582233 0.5475692446212229
2.063289380161237 0.5483885759031621
2.439319662859317 0.6056616833318321
2.502788907849645 0.6672076025911491
2.438408968149185 0.5431712909752144
2.375889577683595 0.5440903316078699
2.500928142127914 0.5422329584830574
2.564395943983808 0.6037661611487787
2.565345797864722 0.6662504855464428
2.627902037552082 0.6652745112876423
2.691446277580011 0.7267584446830925
2.566297167093017 0.7287285238957979
2.694426376826071 0.9141572331823915
2.693430146717778 0.8516971118631576
2.757054573798912 0.9131456494405839
2.692436949125843 0.7892308494604352
2.629844295290883 0.7902248819825692
2.567250557823078 0.791200276377395
2.755028519156612 0.7882183971947142
2.818648616344469 0.849654805512439
2.819681254177591 0.9121158669504578
2.882306419305333 0.9110681051220529
2.946001768331736 0.9724587334295309
2.820717425457203 0.9745709323345103
2.568206476416182 0.8536657431825045
2.56916542968744 0.9161249246664009
2.631796662229096 0.9151503978026264
2.695426147084624 0.9766112142145553
2.570127924787877 0.9785778210841803
2.06408042348748 0.610878318671409
2.064872478463467 0.6733611974636161
2.127433918450379 0.6725421550363376
2.190829030918659 0.7341792572887129
2.06566605077832 0.7358372124925933
2.193346160402601 0.9215685044640783
2.192504250861779 0.8591121412974595
2.2559864994618 0.9207103720081882
2.191665376432889 0.7966490588337219
2.12906405324851 0.7974878993206308
2.066461646166025 0.798306363757803
2.254265615828494 0.795790059294003
2.317743528445505 0.8573749950514752
2.318625320788553 0.9198322974874783
2.381262624457652 0.9189344985448352
2.444822759540013 0.9804690042088741
2.319510654906329 0.9822830253827515
2.067259770410397 0.8607686513175701
2.068060929369124 0.9232240750401162
2.130704303718153 0.9224064778388058
2.194191611273674 0.9840181483402305
2.068865628952183 0.9856726347790006
3.946732812153428 0.8906417160822362
3.945368583574616 0.8281854114669386
4.009339070611496 0.8892281072966776
3.944030014924266 0.765727194373537
3.881464059066321 0.7670666170043032
3.818899204473396 0.7683864370022984
3.81760476048062 0.7059068813981385
3.942708067790318 0.7032642914689129
4.006602760879322 0.7643730778831711
3.813768202156422 0.5184435290380118
3.815041770691987 0.5809357899536781
3.751255752454029 0.5197365876361754
3.81631980389376 0.64342343430204
3.878857576267563 0.6421139145670854
3.941397164925874 0.6407946872717742
3.753782021465709 0.6447197690850166
3.691243074982668 0.6460011810777095
3.689991309467837 0.5835110548656904
3.688743162109135 0.5210169047676805
3.626230146965983 0.5222828728794784
3.563716569340674 0.5235335780930833
3.562497440799529 0.4610354340252055
3.687496913023454 0.4585188108100759
3.940093578579781 0.5783171772860449
4.003940643699425 0.6394716778010007
3.938794503699482 0.5158310889525257
3.876280945194497 0.5171403675384492
3.812496821675218 0.45594634479119
3.937497584759586 0.4533360953418958
4.001309347025982 0.5145211877488184
3.553910958571005 0.02341904104703495
3.555147363661905 0.08595183676036836
3.491520607875992 0.02464978294124544
3.55638066703855 0.1484785558005609
3.618806532368583 0.1472305152677235
3.681234503468282 0.1459664301095978
3.682496149430069 0.2084858696515256
3.557610159103487 0.2109995906282842
3.493956653509414 0.1497108063032402
3.686250786317995 0.3960167615706966
3.685003028027459 0.3335106934499111
3.748737885918351 0.3947367831548369
3.683751972206523 0.2710004777246077
3.621293079380319 0.2722657391164703
3.558835846272661 0.2735154241129298
3.746212504824783 0.2697199597995884
3.80867434635346 0.2684248413145419
3.809952032073712 0.3309368726495057
3.811225472049693 0.393444108240819
3.873713231556052 0.3921412573938631
3.936200652667284 0.3908321222914162
3.560058292178622 0.336026484975359
3.496380140316353 0.2747493452390536
3.56127843618173 0.39853309088908
3.623764301425428 0.3972825001996228
3.498793133282044 0.399768010836541
3.436308315713779 0.4009869509096928
3.435117862252867 0.3384795967490674
3.433925778076754 0.2759673557235109
3.371472580067447 0.2771693119159822
3.309020394971234 0.2783550601571109
3.30785819840956 0.2158365667393558
3.432731394567098 0.2134500120682189
3.304356665341164 0.02824789596024149
3.305526633852752 0.09078305764222931
3.241971388429918 0.0294152976526815
3.306693723871247 0.1533126010065543
3.369113333128313 0.1521279582626339
3.431534267292116 0.1509273049231634
3.244275351378313 0.1544810295933152
3.181858156803671 0.1556330240712384
3.180724336578205 0.09310249140351518
3.179587560586289 0.03056632249104442
3.117205211050337 0.03170072605258399
3.054824357655331 0.03281826897937266
3.053717954339624 -0.02972458393458935
3.178447381996743 -0.03197545411051897
3.430334225672977 0.08839898907207838
3.429131359185404 0.02586492560800078
3.366743345308379 0.0270643611454908
3.303183541652133 -0.03429282875286045
3.42792587488669 -0.03667481417863988
3.934901544156385 0.3283193200109024
3.998687134582561 0.3895222590702587
3.933597930215386 0.2657980868684781
3.871136654800512 0.2671165457712764
3.807390194733379 0.2059082902771314
3.932287089384043 0.203269137999199
3.996056183953473 0.2644753778129411
3.803480306471117 0.01833094231393869
3.804794110961255 0.08086197285747646
3.741086990230613 0.01963034599571858
3.806097377040599 0.143387404286812
3.868531620027516 0.1420702270177009
3.930965554820882 0.140733604669426
3.743664790831076 0.1446857207993804
3.679966797844715 0.08344146585514814
3.678694301808618 0.02091010046730517
3.616302247472219 0.02217262481320705
3.552672838968862 -0.03911986781267942
3.677420658748578 -0.04162828256452486
3.92962852827563 0.07819307506583656
3.993395153133208 0.1393811132861373
3.928269080543803 0.01564917865285803
3.865874400623073 0.01700702691508868
3.802161129741574 -0.04420775518507464
3.92687927043265 -0.04689851931320317
3.990660901139274 0.01424121412154997
3.055927261721132 0.0953554031389964
3.057027163775921 0.1578868068160841
3.119442102208522 0.1567683585187674
3.182989441963235 0.2181579295854691
3.058124544520188 0.2204124806702471
3.186372627321124 0.4056993324090514
3.18524618303459 0.3431910317360125
3.248856104831188 0.4045460515578453
3.184118626545716 0.280677247562408
3.121668898924036 0.281813315544285
3.059219883160353 0.282932437687248
3.246569105521248 0.2795244321352992
3.310180761901853 0.3408682086233638
3.311339854754801 0.4033761253023314
3.373823909749108 0.4021897085612546
3.437497957008989 0.4634895523642933
3.312498308135706 0.4658788814271926
3.060313669634252 0.3454466976717636
3.061406409028255 0.4079552803920671
3.123889400214324 0.4068358014236455
3.187498511564305 0.4682021817791028
3.062498621285183 0.4704581986200674
3.44586652485789 0.9008664917874196
3.444663362670006 0.8384006617594
3.508477647535207 0.8996513708308046
3.443462989274073 0.7759289867420005
3.380883874746572 0.7771294564361809
3.318303462852977 0.7783139124357175
3.317138834610429 0.7158377525588357
3.44226549525329 0.7134515714054057
3.506040682221407 0.7747126455333427
3.313656794839755 0.5283764919271353
3.314815981048305 0.5908689110886151
3.251140764699179 0.5295463576363861
3.315976483327791 0.6533560413973303
3.378524140052827 0.6521704580647669
3.441070742905827 0.6509686575331908
3.253427898655856 0.6545252593108567
3.190878477714732 0.6556779402274558
3.189750879478459 0.5931915203821022
3.188624406150452 0.5306995854460685
3.126107754175722 0.5318360104692623
3.063590834204448 0.5329554543719001
3.439878341337279 0.5884805284280257
3.503616128219662 0.6497507563203784
3.438687673749462 0.5259874356917025
3.376172450392686 0.5271901382463886
3.501202400335659 0.5247685241764756
3.564937078082433 0.5860274520921953
3.566160100410388 0.6485168356170599
3.628702460117254 0.6472669510574811
3.692499971123436 0.7084870170096824
3.567386510863344 0.7110013503764173
3.696306052718465 0.8959111394993264
3.695032200999205 0.8334430707609608
3.758914490825782 0.8946308609606647
3.693763004602186 0.7709679740365799
3.631190989849014 0.7722323895808985
3.568616769345888 0.7734804838822488
3.756332454573643 0.7696864266570108
3.820205196915722 0.8308616979701194
3.821522403968174 0.8933305328544504
3.884129049753815 0.8920046315067598
3.948132580720159 0.9530942736279433
3.822845124862039 0.955789147667287
3.569850778006565 0.8359536861689436
3.571087807464433 0.8984205678879983
3.633697205520282 0.8971739802199393
3.697581145019096 0.9583715171872389
3.572326574647636 0.9608811890696631
3.064683575545324 0.5954470373054506
3.065777363991677 0.65793292778554
3.128328284916536 0.6568138960694457
3.192007710222895 0.7181587860836298
3.066872704004681 0.7204131018218392
3.195409697358831 0.9055674478672864
3.194272903226878 0.8431035563377414
3.258025937467396 0.9044165498979274
3.193139042786906 0.780634002905053
3.13055511907682 0.7817692024749244
3.067970083727928 0.7828875385857408
3.255721834972851 0.7794821655519629
3.319470693397417 0.8407844260264061
3.32064077622551 0.903249273828489
3.383254275770188 0.9020658501897404
3.447072255920063 0.9633266069874354
3.321813946399887 0.9657085415625221
3.069069978775682 0.8453562272569124
3.070172859849225 0.9078191723671504
3.132792014158224 0.9067017334723151
3.19654983932263 0.9680257222248567
3.071279206374765 0.9702763943980398
5.010717046210347 0.7852109910676883
4.999923526347103 0.7238598571657784
5.076895454820025 0.7738463063851804
4.989281514733409 0.6623322010442128
4.924098629460932 0.6732097208534968
4.858860812910297 0.6835455251434269
4.849428080077349 0.621875313227592
4.978766388040284 0.600627868617898
5.054409738142299 0.6509237282077733
4.821649269161749 0.4357562316350179
4.830847858959284 0.4979813804340409
4.758591211448773 0.4455867597972765
4.840098829897251 0.5600208643800795
4.904242809396877 0.5496542784620823
4.968353302513183 0.53874653243006
4.775920922126511 0.5698356862282979
4.71170853833957 0.5790881727652851
4.703588062668691 0.5170686711248871
4.695521947340011 0.4548551366940434
4.632441321623344 0.4635503720941129
4.569349198816756 0.4716608342456012
4.562491550133643 0.4092556900435449
4.687482581365657 0.392447038382395
4.958017087457549 0.4766878130649036
5.032430638966058 0.5273082741648664
4.947732248404445 0.4144513949942573
4.884696249144853 0.4253742469842642
4.8124767024211 0.3733450865157877
4.937473060527466 0.3520371130282689
5.010757332400925 0.402998268836545
4.512868958719134 -0.03318880377542732
4.520308387129539 0.03060488835630622
4.454563082375548 -0.02576618551779311
4.527595785051716 0.0942069406429074
4.587133468557526 0.08614818175432316
4.646728193521065 0.07750625698255675
4.655041007616938 0.140877066519706
4.534748715626828 0.1576150203565064
4.468116299268665 0.1016743346875117
4.679442090203027 0.3298443797138959
4.671372805275873 0.2670477114721621
4.741366609275787 0.3205773025569256
4.663247738939783 0.2040581102134508
4.602499791848672 0.2127338042279611
4.541788694437433 0.2208261349963193
4.724031684294607 0.194809278787328
4.784850780840982 0.1849976719508079
4.794103661985366 0.2479652674802944
4.803303634040719 0.3107479676816226
4.86525277963417 0.3003670065215227
4.927213708633058 0.2894449885281757
4.548740637843206 0.2838376715663932
4.481114986310787 0.2283248833277035
4.555631941076545 0.3466478473483977
4.617530453922392 0.3385383522595696
4.493746427992297 0.3541603661360079
4.431873036090073 0.3610612647730662
4.426208757571268 0.2982446263894309
4.420478252005111 0.2352195009690329
4.359875900289172 0.2414981754579113
4.299301067290731 0.2471457255093468
4.294740269006218 0.183926294088438
4.41465028872261 0.1719854358429654
4.280067146097377 -0.007067401753591926
4.285153001690376 0.05681387906065197
4.222050616617381 -0.001989089234994565
4.290036613280444 0.1204825909070452
4.349336688130161 0.1148132226116647
4.408696293620346 0.1085441508862453
4.230789655078143 0.1255575652891238
4.171574511535846 0.1300421429295665
4.168002939446329 0.06645586084092449
4.164126236874263 0.002578059905183804
4.106321564196243 0.006742385601894212
4.048658347671366 0.01070850043694085
4.045464639721529 -0.05337637495437346
4.159894525582887 -0.06152922337366654
4.4025933148574 0.04490026369708056
4.396327292145888 -0.01893973147872251
4.338161392299935 -0.01270962350075129
4.274785303922687 -0.07113855607623144
4.389895329908187 -0.08297104896026258
4.916928433641123 0.2266752341431789
4.989186148985103 0.2779925195331877
4.906591675147773 0.1637282116796621
4.845704301172623 0.1746337790316658
4.775519587293898 0.121846046138618
4.896178141161846 0.1006043454169316
4.967512477119299 0.1522916659728931
4.746812824425272 -0.06870587628933889
4.756524286541269 -0.005006093212252927
4.688216893234713 -0.05897079405216404
4.766085405702686 0.05851125263989471
4.825846778186287 0.04817882623648029
4.885662869057046 0.03730402704713479
4.706379058282255 0.06829057280593469
4.638286539817204 0.01394713420317913
4.62969483396996 -0.04979963853922069
4.571245849704566 -0.04120254342483283
4.505263595708176 -0.09717411473965996
4.620932853099547 -0.1137348039757742
4.875021187918396 -0.02617251309239205
4.945533477385281 0.0258977061869925
4.864228590878454 -0.08982530033292596
4.805483240884431 -0.07899430971234914
4.736927776505985 -0.1325886793088435
4.853260534584998 -0.1536546701272208
4.923049194598341 -0.1011879501933352
4.050925907074517 0.07404793731873893
4.052974342331495 0.1370865137029304
4.112335137106202 0.1339143747098716
4.17493599449171 0.1933555977880326
4.054937318757749 0.199955344318563
4.184427192457717 0.3820656529481571
4.181320141910414 0.3193374057494783
4.246294030045801 0.3778749037510633
4.178167598991458 0.2564419546641267
4.117551753160355 0.259994263880185
4.056856506110581 0.2627097702866297
4.23873963666679 0.2521393646409572
4.303759227077594 0.3101495952898732
4.308152034800804 0.3729480204896852
4.370009592819977 0.3673320675844411
4.437503054057836 0.4236706562374195
4.312512835649444 0.435548489218629
4.058750602581566 0.325377511392771
4.060630558588719 0.3879732797794165
4.122542175771675 0.3854578026670665
4.187513674844916 0.4446398652093936
4.062504300385021 0.4505043261961433
4.478590217037883 0.8561374424053965
4.472334662789076 0.7949764073713353
4.545365206396129 0.8493018845300243
4.466250027336555 0.7336121083751868
4.400613342003802 0.739884966456987
4.334923356656436 0.7455523978804092
4.330250650752004 0.6839721519467694
4.460316214963071 0.6720403446024463
4.531829353325811 0.7267362092727994
4.316872371739269 0.4979542959744006
4.321260665426926 0.5601642292296038
4.253735231840404 0.5028768424086569
4.325708837239484 0.6221729689136285
4.390120084261064 0.6165344453356421
4.454505653228947 0.6102595948376532
4.26128364216069 0.6271528844336035
4.196863801315371 0.6314411655083765
4.193709726351271 0.5693353669774176
4.19060086631229 0.5070643510359373
4.12747855980398 0.5104558287223377
4.064378707892309 0.5129726289203431
4.448787673488375 0.5482703081819833
4.51885924537527 0.6033648715534816
4.443130698205731 0.4860736861705876
4.380005572323266 0.492342131589723
4.506245560574616 0.4791736428337535
4.576234811987986 0.5338633355449985
4.583178011848942 0.5958636450403683
4.647461073721471 0.5877677295327107
4.719910226464953 0.6409146595898189
4.590207522190591 0.657662717948803
4.745249129459213 0.82525010961194
4.736657723433097 0.7639942944151594
4.811728781158124 0.8160746732626304
4.728218689454171 0.7025495293918861
4.662813163546375 0.7111971222725333
4.597350300300919 0.7192621979827162
4.793567677662586 0.6933289535895906
4.868421408009537 0.7450322610800379
4.878133518240288 0.8063359662588253
4.944463016751087 0.7960444936477724
5.02168671798665 0.8463855048683707
4.88802050843917 0.8674565053978021
4.604630276834091 0.7806644337003372
4.612066862208819 0.8418719877083721
4.678694991150414 0.8338522501664558
4.754013151950915 0.8863170679902184
4.619674014538186 0.9028862496431515
4.06626083442316 0.5753753941223779
4.068159171352618 0.6377042006733802
4.132477408289599 0.6349858626046768
4.200092593472316 0.6933616537983021
4.070085718751011 0.6999423912645863
4.210726311717866 0.8777066948492368
4.206952624059338 0.8165270833657852
4.27781317039067 0.873130480879894
4.203436269478932 0.755068424522095
4.137702880121959 0.758901809254971
4.072060388807019 0.7620592874999865
4.269190350577525 0.7506140796570023
4.339766689635531 0.8069067904572083
4.344816887825592 0.8680360120493041
4.411741383232202 0.8623791836194434
4.485022511544728 0.9171007910033891
4.350088065806839 0.92895326751038
4.07412221611385 0.8239980271759914
4.076364643715564 0.8856509525764833
4.143560878424599 0.8818410257826946
4.214870091916749 0.9386068636433289
4.079089725366018 0.9468247265221204
6.060473020859185 0.5470174515921917
6.042571174806358 0.4852903456023028
6.125438015021802 0.5286297090672605
6.024821052932851 0.4234440205206246
5.960506340464081 0.4415174548087386
5.896137440276849 0.4592223906916647
5.879250738775779 0.3972893669317144
6.007197375017627 0.3614784808440156
6.089081574047603 0.4050129238130419
5.829096439325893 0.2107316550707136
5.845755527856157 0.2730439993664133
5.76621233277316 0.2281006147180102
5.862465199056737 0.3352299039843334
5.926086284243118 0.3174960642282601
5.989674850025303 0.2993937247163572
5.798811598543258 0.3525844049586572
5.735125481416468 0.3695487407757102
5.719196136805783 0.3073809051090722
5.703317383862025 0.245079404214548
5.640411589919973 0.2616571870899979
5.577494950369416 0.2778231231713333
5.56246520398645 0.2153915629763363
5.687463939499275 0.1826442337691571
5.972228194404973 0.2371897520720916
6.053230899308048 0.2809337237741543
5.954832123626515 0.1748665641417368
5.891969702456646 0.192983357111452
5.812462649802198 0.1482928686013415
5.937461347226479 0.1124241619077116
6.017683704770917 0.1563921121204289
5.455841425789599 -0.2255745655866452
5.471402119825604 -0.1621566959269981
5.396338921191866 -0.2099180828647828
5.486811073511978 -0.09887973094198621
5.547224047446338 -0.1150022886755413
5.607691215311772 -0.1315367065893193
5.623797466626726 -0.06843316811271632
5.502093589662282 -0.03574367242442794
5.426452290143573 -0.0831798879250884
5.671610516081942 0.1200753918289177
5.655731823027765 0.0573728782507939
5.733714281027774 0.1030965996502636
5.639802571869195 -0.005463304708719474
5.578522512984882 0.0111000188096142
5.517274967747004 0.02725148572669239
5.701115138855172 -0.02242765078261483
5.762460218347023 -0.03978216527289646
5.779169833624782 0.02303595985389723
5.7958288787232 0.08572763532863192
5.857954310399825 0.06797933505062836
5.920090579935895 0.04986254221948438
5.532380499565506 0.0901057457332432
5.45605993485359 0.04298025167118164
5.547435482327463 0.152819105533705
5.609517583184804 0.1366531741226855
5.485364216129662 0.1685623473026195
5.423303788501494 0.1838720672125344
5.409115878266744 0.1211478314640835
5.39487742050022 0.05827546904534286
5.333727434175697 0.07312629385832192
5.272609987362378 0.08752187681880666
5.259206106649165 0.02447600388107549
5.380563122315773 -0.004745012441995655
5.218286645772798 -0.165593506569032
5.232069711204446 -0.1020816839173312
5.1590876078407 -0.1517364853113461
5.245701105747121 -0.03872518624399304
5.305897303228818 -0.05309175771790936
5.366147699356019 -0.0679136122315836
5.185559112111637 -0.02482476153059529
5.125471330521719 -0.01140137138686043
5.112793642926276 -0.07479770444040187
5.099964397988625 -0.1383565123265422
5.040916974437999 -0.1254644883983381
4.981945273013991 -0.1130713232836502
4.969936624392811 -0.1768467857474709
5.086958350956196 -0.2020778706250639
5.351605856588518 -0.1312303283872415
5.336912291673428 -0.1946951728292733
5.277561535744183 -0.1799166933615273
5.20432660608888 -0.2292606886562704
5.32204169123669 -0.2583081550537114
5.902694533783064 -0.01281829803639661
5.982237684271916 0.03138808961702094
5.885247912688453 -0.07561836600758332
5.823837808459948 -0.05751601689673164
5.745674746906805 -0.1027267391351478
5.867725431888916 -0.1385376526596677
5.946690528528885 -0.09407836958997756
5.694610227667957 -0.2923191667622703
5.711775050076167 -0.2289952375870084
5.634804211316562 -0.2750369058053451
5.728788124359796 -0.1657977610545924
5.789417865927561 -0.1835027171321693
5.850101796399144 -0.2015761661971501
5.668212575349228 -0.1484721486499198
5.591458517529007 -0.1947739238276895
5.575074071889969 -0.2581448209094755
5.515419809882083 -0.241653761328162
5.440103679488141 -0.2891333456444823
5.558512580002909 -0.3216493988387212
5.832351711468917 -0.2647339034571558
5.910839920836699 -0.2200072742466346
5.814449879120041 -0.3280108647588094
5.754492116771463 -0.3099807675490972
5.677268369879932 -0.3557695454041491
5.796371016395415 -0.3914070472230728
5.874483511597162 -0.3463986210924409
4.993777537142678 -0.04946553166074352
5.005458473686737 0.01397076299264466
5.065437775226773 0.001534103248507585
5.138022658922693 0.05183251766944519
5.017013081904336 0.07723760180090511
5.175170740269858 0.2405591352901144
5.162847104570838 0.1778128343652113
5.23718765577492 0.2270917800741796
5.150472838770439 0.1149039393555275
5.089453237044253 0.1278687251096416
5.028466401804851 0.1403349059935849
5.21152510857272 0.1014513747404698
5.285938019242267 0.1504124194517051
5.299215490091672 0.2131476078616224
5.361254208353562 0.1987374315070336
5.437466444655317 0.2464481718235405
5.312467699016012 0.2757274183221123
5.039843581235034 0.2032625204862483
5.051169896473783 0.2660202555824869
5.113164795585408 0.2535388833660591
5.187469062344221 0.3031427746498153
5.062470725385795 0.3286079457639339
5.538022109379124 0.6803333805180298
5.523328237345444 0.6187941182016171
5.603593972725937 0.6651103191111197
5.508786079566913 0.5571067481014922
5.444037852676933 0.5719288210008758
5.379235428746403 0.586295727440618
5.365730032016064 0.5244927852697169
5.494370362491806 0.4952712713014055
5.573480113766128 0.5418403375343357
5.325719954550665 0.3381518385396393
5.338997567008996 0.4004208629147559
5.262749106298122 0.3520961503166412
5.352325833480334 0.4625345055784904
5.41620709038301 0.4481386703314319
5.480055814174986 0.4332876838697628
5.288412031324493 0.4764643732425781
5.22446566227128 0.4899174714158161
5.212091175852859 0.4278219313286215
5.19976742148408 0.365563708799044
5.136774900887429 0.3785437377960341
5.073771541411206 0.3910254951363217
5.465817165966893 0.3711559761445004
5.54387201314974 0.4179923694771481
5.451629136731837 0.3088761405141712
5.388679965461674 0.323741565524195
5.514567464576039 0.2935663844209025
5.592550018517239 0.3401137849789128
5.607655689810156 0.4022635552743503
5.671406844651433 0.3861120670425313
5.75113069793935 0.4315829115969887
5.622837244832833 0.4642724354224291
5.799854430774182 0.6168834528593761
5.783469893590671 0.5552502711632139
5.865122868271616 0.5999913743302765
5.767237075981384 0.4934834221665317
5.702705612046448 0.5100178474030636
5.638119957611351 0.526140427231821
5.831714350786612 0.4765479910555749
5.913150579828363 0.5210289749589782
5.930315444062759 0.5827091186082156
5.995432162544173 0.5650475344394608
6.07855188325295 0.6086253384461882
5.947657319035498 0.644262823082832
5.653529109734929 0.58786753530475
5.669089982028277 0.6494537562115431
5.734510135773325 0.6333745249574725
5.8164159718325 0.6783829720491414
5.684827851261355 0.7108990880950132
5.085097833979624 0.4532728839131847
5.096475050901199 0.5153501881240682
5.16048669098859 0.5028830020758953
5.236916174043396 0.5518503863019996
5.107928529166347 0.5772575427497968
5.274976147581522 0.7366738779202083
5.262146212452619 0.6752285594173978
5.340851408950417 0.72329318561262
5.249467954767562 0.6136207341709802
5.1845028633057 0.6265571664215425
5.119483481628448 0.6389951069703093
5.314378799786476 0.6001966409421529
5.392867274161445 0.6479433448227234
5.406650825563426 0.7094356439215028
5.472374393192427 0.6951120990632437
5.552892971540153 0.7417245352688338
5.420611345310709 0.7707726178339644
5.131165005771842 0.7005630107154122
5.142998143430491 0.7619613023715603
5.209025053162438 0.7495668699216704
5.2879829900442 0.7979566733296352
5.155007986544548 0.8231899331504098
7.090808881411938 0.2172652212873055
7.068571861386888 0.1551623688451987
7.154560116456334 0.1946293427229115
7.046486453435397 0.09299800824385351
6.983038837526744 0.1154931802277475
6.919537006466807 0.1377933322976467
6.897968281818201 0.07560011640805442
7.02452745049976 0.03077213819851665
7.109879841207173 0.07031869467955587
6.833767894338315 -0.111391461579632
6.855109006356349 -0.04899230186106351
6.771057244604731 -0.08925366103361942
6.87650070516937 0.01333823311872284
6.939601468494017 -0.008990950138175857
7.002669644916639 -0.03151522067893031
6.813367384916495 0.03546149373068086
6.750201527400863 0.05736800061569802
6.729243349658977 -0.004944391474781873
6.708335743834018 -0.06733264682432982
6.645603392540109 -0.04563925223373133
6.582860199638567 -0.02418430770725888
6.562454746021654 -0.08664479365649169
6.68745341628553 -0.1297967635409691
6.980887781380006 -0.09386401224189078
7.065705176219296 -0.05422375588719075
6.959156570326444 -0.1562741734299999
6.89646767634907 -0.1337352304983255
6.812452074908892 -0.1738592307857461
6.937450689751303 -0.2187456531943581
7.021834540330757 -0.1789974969634585
6.418200249075922 -0.526194778890074
6.439136784728889 -0.463152642237633
6.357483811651778 -0.5050757997479419
6.459921593838217 -0.4001935974858694
6.521201618517797 -0.4216052047641481
6.582535828026097 -0.4432552510925086
6.603671088252114 -0.3804118199318522
6.48057996189491 -0.337317648569349
6.398695761658924 -0.3790312688380262
6.666571072839728 -0.1923367347736467
6.645663425051105 -0.254952566577184
6.7288482285709 -0.2142577701717778
6.624705190264062 -0.3176442596694423
6.562904925541942 -0.2959652994129811
6.501137173826291 -0.2745247955242403
6.686537978515001 -0.33955082800282
6.74840329262336 -0.3616741778718048
6.769795064324597 -0.2990005811548014
6.791136227850301 -0.2363956044679129
6.853435074074324 -0.25873942053397
6.915744782157948 -0.2812784239162095
6.521618516374349 -0.2118150363728015
6.439401936170126 -0.2533335669591604
6.542049280807603 -0.1491883672700807
6.604304756049624 -0.1706433255612964
6.479804640533807 -0.1279826923911914
6.417570836485228 -0.1070371374237543
6.397660314429115 -0.1696746359557033
6.377699209350563 -0.2324024600091302
6.316029001862852 -0.2117423036544726
6.254391305714028 -0.1913639434292865
6.234917927161502 -0.2542073719474534
6.357662240355404 -0.2952205994282305
6.175789696771005 -0.4433229265260573
6.195642411307498 -0.3801868614060895
6.115376726530667 -0.4233094470825111
6.215343391182937 -0.3171483443733212
6.276406657739143 -0.3374978036909096
6.33752411452457 -0.3581290606642537
6.154334314166261 -0.2970915179652189
6.093379430239652 -0.277338160877453
6.074285395174745 -0.3404164192824655
6.055039622547748 -0.4035994475708052
5.994778384293692 -0.3842037520290136
5.934593016104845 -0.3651331928671622
5.915820507092084 -0.4284751845777244
6.035616824222419 -0.4668872490505426
6.317259544234157 -0.421127837894457
6.296843242075811 -0.4842169382529167
6.236278535853261 -0.4636290340670752
6.155759960565483 -0.5065565342363897
6.276249913458232 -0.5473963602186513
6.894013516310068 -0.3438725009559938
6.978065362316324 -0.3040018330179858
6.872231571418891 -0.4065279210135406
6.810301145096899 -0.384003485403227
6.726935631084774 -0.4244164181588823
6.850373680224504 -0.4692447364996709
6.934194610741842 -0.4292366700621245
6.661824657220634 -0.613055065189871
6.683671584215261 -0.5501068597058325
6.600804759390676 -0.5910040199214676
6.705366817211831 -0.487227308001304
6.766863604440917 -0.5095276282015081
6.828414603449074 -0.5320230050354579
6.643924226572675 -0.4651329017930422
6.56127413549677 -0.5061745542490331
6.539860723731927 -0.5691697285527421
6.478992554362084 -0.5475630341887241
6.3970866906359 -0.5893200058219412
6.518270292968235 -0.6322407655953991
6.806329126307515 -0.5948627497434941
6.890019829587955 -0.554702580374526
6.784092027603158 -0.6577639704781343
6.722920417298623 -0.6353120028427424
6.639800731843424 -0.6760719127953921
6.761678014294734 -0.7207266317557484
6.84533947025207 -0.6804000997825576
5.953188494641566 -0.3019032012338677
5.97163223384075 -0.2387851996524534
6.03247873610317 -0.2578991119835187
6.112347020214812 -0.2143646746457488
5.989949523982411 -0.1757791986530332
6.168744012027192 -0.02607284496293494
6.150004023111258 -0.08873201881126475
6.230934460419315 -0.0458695515964615
6.131213454460878 -0.1514959627274847
6.069673299476689 -0.1320280101354746
6.008165659114169 -0.112885198394288
6.192786123448506 -0.1712782180437304
6.273788817888018 -0.1286180641371613
6.293135745871872 -0.06596972842960591
6.355347871685211 -0.08636253567015206
6.437456066498441 -0.04448995856095528
6.312457387514492 -0.003418936925728255
6.026305928497236 -0.05010319496225085
6.044395625369932 0.01256681147112249
6.106564401408163 -0.006590446293737284
6.187458709361333 0.03648155610966231
6.062460032923027 0.07512482332240611
6.57806868200251 0.3908114264341322
6.557652421224738 0.3288964597631923
6.642426732352006 0.3699525974833205
6.537387896165464 0.2668911784459027
6.473506706200146 0.287522412850957
6.409571324269743 0.3078718634661342
6.389996812369267 0.2458087857235789
6.517249811664607 0.2047955811209191
6.601214895663231 0.2459889991018568
6.331779024959226 0.05903430580085356
6.35112594731581 0.1213900054241812
6.268981635144126 0.07913448263557993
6.370523449267769 0.1836481670782135
6.433884418617968 0.1632698083287615
6.497212875121618 0.142609670643581
6.307129965015456 0.2037338925571708
6.243703967142582 0.2235161474306637
6.224913399606681 0.1612760531800183
6.206173409269624 0.09893118785400368
6.143354348996669 0.1184135886749363
6.080524446309195 0.1375708407307512
6.477251797982372 0.0803334456131557
6.560508815042557 0.1216785829476895
6.45734129293846 0.01796690331249107
6.39456557859416 0.03864149977093467
6.520106167517977 -0.002978646102354099
6.60329093571247 0.03819308433593904
6.623772238873939 0.1004873873438394
6.687003144045851 0.07904691478697123
6.771235568535499 0.1196045226463652
6.644329398874406 0.1626985927681217
6.835045675752071 0.3058588512715665
6.813632353515676 0.2438499480449362
6.899100255952875 0.284024659539958
6.792370746470846 0.1817651719778322
6.728706321285565 0.2034151548718257
6.664987704247888 0.2248267111160592
6.855980977215488 0.1598876138118557
6.941232149357065 0.1999178745012888
6.963078976083003 0.2619737531244885
7.02698184830619 0.2397169842321731
7.113222740589999 0.2793066290555519
6.98510276862414 0.3239609852309329
6.685772445207568 0.2868717329900398
6.706708913897959 0.3488336669170689
6.770915228068712 0.3274654677743289
6.856636013692786 0.3677918927290893
6.727822409036254 0.4107125143300338
6.098614148368145 0.1999048642492575
6.11675443784621 0.2621269024542207
6.180245458703647 0.2429840953386967
6.262570403497772 0.285651478652491
6.134970594593699 0.3242369462190158
6.319877793352419 0.4714288886178687
6.300632027612917 0.4096078491973957
6.384539318487863 0.4517188778425547
6.281537993600324 0.3476820448777609
6.217440044078287 0.3671210945347899
6.153287905141363 0.3862350036848149
6.345581754926411 0.3279286870138287
6.429272283143362 0.3698374047632347
6.449124975935998 0.4317054058105835
6.513634763777182 0.4113993085005659
6.598661969585559 0.4526360808148614
6.469154695446763 0.4934758677029215
6.171731658347714 0.4481210667610842
6.190327140862133 0.509895141300683
6.255140400975812 0.4908245901226648
6.339300588976862 0.5331451633633159
6.209099646868879 0.5715572208650808
8.101901485043363 -0.1601773158412958
8.077898467789591 -0.2225620448284762
8.1644732425471 -0.1847644292794901
8.054143544735995 -0.2849113357705051
7.991565503669619 -0.2606480971041669
7.928956425388604 -0.2364434628115311
7.905435580623281 -0.2988841803734739
8.030582739541691 -0.3472532008715934
8.116729102353709 -0.309207657017547
7.835595151709288 -0.4862641441483495
7.858790590723843 -0.4237907091290003
7.773068282080377 -0.4621528932731385
7.882058671010496 -0.3613320155727313
7.944618913535378 -0.3854780658192729
8.007171046008068 -0.409609743073938
7.819475247555612 -0.3372043399276374
7.756859591169253 -0.3131168791050816
7.733662306200924 -0.3755839301204542
7.710532206429681 -0.4380650834175062
7.647984700113707 -0.4140229392657222
7.585424671862068 -0.3900434206315369
7.562439431468936 -0.4525361194246973
7.687436360263195 -0.5005600323620309
7.983868384288657 -0.4719968291895233
8.069735964866981 -0.4336781984032352
7.960637241145976 -0.5344250351102176
7.898116439708007 -0.5103686347763094
7.812436055251322 -0.5487550810226018
7.937441406412969 -0.5969003993556503
8.023163891574832 -0.5583777652566388
7.399958701268477 -0.8906156104231305
7.423521542822209 -0.8279520480629082
7.338036623087834 -0.866810094176876
7.446931184094556 -0.7653193659219806
7.509092076047845 -0.7892503890657134
7.571312156074038 -0.8132534616547591
7.594728312339659 -0.7506826132047681
7.470205506924128 -0.7027152712000049
7.384828671456766 -0.7414678280379523
7.664341155156511 -0.5630688475058898
7.64121303201422 -0.6255917900923336
7.726803475401347 -0.5871550617224559
7.618019159324638 -0.6881293701344682
7.555674073619056 -0.6640999815978349
7.493366704530846 -0.6401370283088518
7.680400896918187 -0.7122128216660071
7.742815748459082 -0.7363354438233327
7.766082299346469 -0.6737921413918067
7.789277116889534 -0.6112646276881168
7.851759275602006 -0.6353680735627623
7.914245220469663 -0.6594248379555152
7.516440434560872 -0.577582191600735
7.431096817423806 -0.6162517095381187
7.539454797906393 -0.5150489237343187
7.601891472326771 -0.5390278322040971
7.477030997743247 -0.4911459948000382
7.414619716832672 -0.4673311583809935
7.391769142898083 -0.5298778557763087
7.368863607855207 -0.5924547205484993
7.30666614040222 -0.5687566029263741
7.244503552839168 -0.5451678769544583
7.221734300001312 -0.6078053685301744
7.345876713433467 -0.6550631085359961
7.152712096750191 -0.7959611761812065
7.175862405948995 -0.7332015096995937
7.091086583373613 -0.7725680316277482
7.198861958622601 -0.6704830072507753
7.260794874279601 -0.6940395997124951
7.322783536946995 -0.7177046440055691
7.136984261831267 -0.6470454947274131
7.075161406261254 -0.6237378329735987
7.052424478677704 -0.6864973505759702
7.029536385118643 -0.7493044064182159
6.96806171773453 -0.7261812450051245
6.906662715877855 -0.703209500928885
6.883902048804909 -0.766117989595988
7.00647238689335 -0.8121588013822286
7.299560971109766 -0.7803808708331471
7.276187659189766 -0.8430927112958819
7.214412607335143 -0.8194729709408252
7.129387552706961 -0.8587616769848847
7.252643308492726 -0.9058398276272118
7.891013021379441 -0.721996301304175
7.976728342776745 -0.6833793897157798
7.867708608981358 -0.784608691772251
7.805256116840394 -0.7604772721929742
7.719442124744636 -0.7988913217187157
7.844294592610998 -0.8472515978629516
7.930153069653564 -0.8086827373205769
7.648360821838662 -0.9866130253445664
7.672240989651138 -0.9240296196902928
7.586154465458955 -0.9624964821843192
7.695927396259702 -0.8614565635979232
7.758313005958642 -0.8856528416932317
7.82073151017725 -0.9099100885059417
7.633591367463025 -0.8373231591672008
7.547747297256929 -0.8758450956214641
7.524018444515355 -0.9384617330305971
7.461952956438419 -0.9145012508038015
7.37622917674063 -0.9533105117993468
7.500122586162921 -1.001106915510373
7.796976563148803 -0.9725650673603463
7.883150358863688 -0.9342144963616112
7.772982138329835 -1.035196309045742
7.710637567955295 -1.010832220073514
7.624285150655217 -1.049215631477706
7.7486941903352 -1.097794713857307
7.835376517278149 -1.059781082984256
6.929246753308145 -0.64035530248239
6.951679325286636 -0.5775554993011789
7.013393150798612 -0.6005708745867335
7.097771788982557 -0.5610257729793034
6.973985492753496 -0.5148100750946376
7.16509274001324 -0.373171137167107
7.14271224173647 -0.4357427977251312
7.227457326897166 -0.3965250445630325
7.120280380852175 -0.4983608894632291
7.058218867207335 -0.4751639277839204
6.996190339756562 -0.4521189336301996
7.182375148500564 -0.521699101378169
7.267194639131674 -0.4825696864583904
7.289833200070599 -0.4200100409091779
7.352220570137494 -0.4436155953244857
7.437442746060808 -0.4048137886497444
7.312445427142373 -0.3574884617565206
7.018319025092805 -0.3894819205023847
7.04039684649009 -0.3268988878403404
7.102739281599288 -0.3499588825959257
7.187447503419704 -0.3106456821858994
7.062449201396042 -0.2643697368082822
7.598705942706575 0.03193773385045129
7.575331461728104 -0.03035330193141206
7.661857160469432 0.008219743071872787
7.552107678888477 -0.09268029613743023
7.489097202222668 -0.06901567186004065
7.426031167525153 -0.04545957352430618
7.403158234089561 -0.1077859584286238
7.529013064674105 -0.1550425586594011
7.615061915919309 -0.116443229707623
7.335057797800367 -0.2950048299846938
7.357696743343117 -0.2325594250050383
7.272435802499816 -0.2715200698817618
7.38038837251698 -0.170152856895699
7.4432239933392 -0.1937410097715317
7.506024617379794 -0.2174386204764519
7.31751848173004 -0.1466846347086057
7.254614874639105 -0.1233469239087522
7.232182889065542 -0.1857333513771228
7.209802302088415 -0.2481663725509787
7.147157497474576 -0.224954288589223
7.08450154112422 -0.2018944401772961
7.483117676569152 -0.2798667796316726
7.568789350820939 -0.2412353438361265
7.460266123154632 -0.3423255189917714
7.397668013555322 -0.3186101498246064
7.522851777181904 -0.3661402939753546
7.608440796619652 -0.3275712610395846
7.631517211842927 -0.2651209139357954
7.694207358227405 -0.2890850171944997
7.780155230086121 -0.2506650919531044
7.654681595750403 -0.2026945059798383
7.850879083835554 -0.06343537349094919
7.827147009543859 -0.1258195101234987
7.913745347395879 -0.08747101047940098
7.803577013857522 -0.1882311783028972
7.740797763209309 -0.1642264931624865
7.677958994375235 -0.140294835541829
7.866296074976535 -0.2123041757218409
7.952651983513829 -0.1740091342190095
7.976540715720073 -0.1115877150574778
8.039261705632221 -0.1358072731835327
8.126197013220166 -0.09774706124333621
8.000617339730228 -0.04919324812846049
7.701371070858546 -0.07792486547608257
7.724935743149003 -0.01558674337990207
7.787942721651979 -0.03947362808170796
7.874777404690856 -0.001082153856704737
7.748667682513003 0.04671964490462088
7.106579335750236 -0.1394730623462191
7.128707988202865 -0.07710574293740102
7.191677951891421 -0.1001503813646863
7.277123624457029 -0.06100747767029879
7.150912806363377 -0.01479263036450995
7.345359645388722 0.1257259353650106
7.322471325918762 0.06352908557528814
7.408808503124819 0.1024625686858539
7.29973418406153 0.0012846095190433
7.236503775964682 0.02445112257560567
7.173218964942965 0.04746610647188876
7.36291005244399 -0.02202256773442202
7.449031300110875 0.01682565760768628
7.472182230554401 0.07906956978704238
7.535481198547306 0.05555775244839067
7.622251758400227 0.09419346077488133
7.495507387637711 0.1412726415885009
7.195651550247085 0.1096703896067488
7.218235598313192 0.1718202313210173
7.281835402763809 0.1488487955418801
7.368423757507634 0.1878754294556035
7.240996170447227 0.2339157549228761
