MFEM mesh v1.0

#
# MFEM Geometry Types (see fem/geom.hpp):
#
# POINT       = 0
# SEGMENT     = 1
# TRIANGLE    = 2
# SQUARE      = 3
# TETRAHEDRON = 4
# CUBE        = 5
# PRISM       = 6
# PYRAMID     = 7
#

dimension
2

elements
18596
1 2 5780 1278 5153
1 2 4347 2088 4884
1 2 4603 1875 7406
1 2 1670 1189 4798
1 2 2096 1397 7106
1 2 4204 1281 4203
1 2 2414 2415 2413
1 2 5781 1918 5440
2 2 5782 1815 7322
2 2 1921 1922 6007
2 2 2365 579 3505
2 2 7476 7477 7475
2 2 6088 6089 6087
2 2 4604 2385 4554
2 2 7107 2416 6792
2 2 4792 2311 8359
2 2 3144 3145 7108
2 2 6091 6092 6090
2 2 2857 2977 5714
2 2 3679 3680 3678
2 2 4350 1540 5279
2 2 3047 1750 9305
2 2 1435 1476 5725
2 2 2177 1226 2860
2 2 1924 1925 9079
1 2 5783 2158 9336
2 2 9080 2419 8377
1 2 7479 7480 7478
1 2 645 258 9500
2 2 7111 1543 6450
2 2 4914 4915 4913
2 2 2276 1257 7112
2 2 7482 7483 7481
2 2 7485 7486 7484
2 2 7113 2345 6775
2 2 6094 6095 6093
2 2 7114 1522 6435
2 2 1825 620 5785
2 2 813 817 7243
2 2 1546 1547 5980
2 2 2742 881 3941
2 2 4917 4918 4916
2 2 7115 1890 6588
2 2 4759 3014 5748
2 2 9082 2425 8384
2 2 3148 3149 3147
2 2 5280 1549 9297
2 2 5787 1930 5443
2 2 3501 2354 7116
2 2 1339 369 4672
2 2 7488 7489 7487
2 2 2429 2430 2428
2 2 1678 1038 4153
2 2 2285 2317 7117
2 2 6097 6098 6096
2 2 2979 967 6912
2 2 9083 3030 8610
1 2 2685 2506 5788
1 2 5444 1933 6602
2 2 2432 2433 2431
2 2 2435 2436 2434
2 2 3541 1284 3413
2 2 1481 396 2305
1 2 362 248 493
1 2 3682 3683 3681
2 2 3537 712 9205
2 2 2438 2439 2437
2 2 6100 6101 6099
2 2 3685 3686 3684
2 2 5789 1552 5285
2 2 1335 326 3760
2 2 1060 827 2729
2 2 4920 4921 4919
2 2 2817 1171 5791
2 2 4356 1555 4355
2 2 3120 444 5792
2 2 2542 1899 9084
2 2 4609 1330 4312
2 2 7491 7492 7490
2 2 2318 602 4831
2 2 2319 774 4610
2 2 7494 7495 7493
2 2 4611 2208 6740
2 2 1936 1937 5450
2 2 9087 3054 8613
2 2 2546 1068 6076
2 2 324 348 822
2 2 909 650 3596
2 2 9088 2105 8317
1 2 7497 7498 7496
2 2 2863 2390 6778
1 2 7500 7501 7499
1 2 2582 488 9090
2 2 2985 1147 5793
2 2 4612 1470 9091
2 2 3031 825 5073
2 2 3542 976 7400
2 2 4740 1672 5735
2 2 1558 1559 4359
1 2 665 349 857
1 2 4923 4924 4922
1 2 1445 1485 7953
1 2 1911 481 1882
2 2 4613 1380 9092
1 2 2182 687 5907
1 2 4926 4927 4925
1 2 4929 4930 4928
1 2 6103 6104 6102
1 2 3688 3689 3687
1 2 3603 1884 7175
1 2 9253 3085 9423
1 2 4979 1342 9055
1 2 7119 2446 6795
1 2 5798 2214 5525
2 2 1606 1201 3543
2 2 985 1202 4615
2 2 9093 2449 8393
2 2 4616 1609 8056
2 2 1410 1152 5799
2 2 2452 2453 9094
2 2 1073 1203 4156
2 2 7120 2455 6798
2 2 4822 1502 8760
2 2 9095 4799 9023
2 2 7503 7504 7502
2 2 1489 392 2986
1 2 3151 3152 3150
1 2 2171 1205 6386
1 2 4772 2174 9074
2 2 4441 4617 7092
2 2 4756 1818 9096
2 2 8320 2186 8322
2 2 2458 2459 9097
2 2 1290 1291 4207
2 2 7506 7507 7505
2 2 4932 4933 4931
2 2 7509 7510 7508
2 2 7512 7513 7511
1 2 1696 1697 7121
2 2 4417 610 4730
2 2 8403 2461 8402
2 2 3691 3692 3690
2 2 1894 541 5801
2 2 1491 543 2987
2 2 7515 7516 7514
2 2 756 285 3752
2 2 1555 882 4618
2 2 2464 2465 6799
2 2 1763 1832 6025
2 2 994 1208 6024
2 2 1296 1297 3545
1 2 2680 1150 5802
1 2 4935 4936 4934
1 2 2228 1055 8601
1 2 3058 724 8982
1 2 7518 7519 7517
1 2 3694 3695 3693
1 2 4621 1000 9275
1 2 1006 1210 3625
1 2 5875 2322 7385
1 2 4622 1009 9228
1 2 4623 1015 9436
1 2 7209 2323 9357
1 2 2468 2469 2467
1 2 1806 1833 4624
1 2 3133 1464 7122
1 2 3261 1492 5957
1 2 7123 2350 6781
1 2 7124 1948 6605
2 2 3264 1834 7125
2 2 1564 1565 6460
2 2 285 190 3092
2 2 6106 6107 6105
1 2 5794 362 7604
2 2 2991 820 3079
1 2 1951 1952 6010
1 2 2471 2472 2470
1 2 2592 1155 7126
1 2 6109 6110 6108
1 2 4938 4939 4937
1 2 4625 898 3947
1 2 7521 7522 7520
1 2 1701 1414 7128
2 2 616 653 3097
2 2 4626 1603 8607
2 2 7129 2473 6804
2 2 4941 4942 4940
2 2 3154 3155 3153
1 2 1270 655 1267
2 2 2687 289 4179
1 2 3178 253 6195
2 2 3948 901 9238
2 2 2559 1633 7346
2 2 1567 1568 5981
2 2 1957 1958 6011
2 2 1337 1493 2294
2 2 7130 1570 6468
2 2 3443 1393 9101
2 2 1216 307 1018
2 2 5532 1050 9258
2 2 9102 2117 8328
2 2 7524 7525 7523
2 2 1706 1838 5404
2 2 1960 1961 8105
2 2 1839 566 3547
2 2 7527 7528 7526
2 2 7131 1963 6608
2 2 7132 1764 6572
2 2 6112 6113 6111
2 2 7134 1966 6611
2 2 1573 1574 4362
2 2 1614 1019 7405
2 2 4627 1873 4444
2 2 1356 1357 5803
2 2 904 905 3951
2 2 7530 7531 7529
2 2 1644 1090 7270
2 2 1299 1300 4628
2 2 2043 2044 5804
2 2 2633 1496 5805
2 2 3157 3158 3156
2 2 787 840 1841
2 2 469 490 1220
2 2 1302 1303 3417
1 2 7533 7534 7532
1 2 1098 1221 5136
1 2 806 841 3549
1 2 1648 425 2562
1 2 815 830 3507
1 2 809 842 2969
1 2 4629 1367 4316
1 2 1099 431 1376
2 2 3697 3698 3696
2 2 1843 435 3645
2 2 9107 3552 8775
2 2 4827 2379 5554
2 2 1844 568 2597
2 2 1576 1577 6472
2 2 7135 1969 6614
2 2 5935 2168 6748
2 2 9108 2476 8408
2 2 1717 1846 6575
2 2 4944 4945 4943
2 2 3700 3701 3699
2 2 1972 1973 8111
2 2 2965 2995 9109
2 2 4947 4948 4946
2 2 1975 1976 6615
2 2 3703 3704 3702
1 2 7536 7537 7535
2 2 1579 1580 5982
1 2 6086 1978 9110
1 2 2921 1395 7420
1 2 6115 6116 6114
1 2 1031 1032 3550
1 2 2479 2480 5917
1 2 929 930 3618
1 2 6118 6119 6117
2 2 7323 3209 8727
2 2 3551 938 6357
2 2 4213 1305 5166
2 2 3706 3707 3705
2 2 947 948 4635
2 2 1984 1985 9111
2 2 7539 7540 7538
2 2 2918 702 4693
1 2 1912 843 1904
2 2 3709 3710 3708
1 2 2581 686 4534
2 2 4637 1499 7291
2 2 1921 1987 5808
2 2 7542 7543 7541
2 2 1989 1990 5455
2 2 4364 1582 7999
2 2 3160 3161 3159
2 2 3712 3713 3711
2 2 2192 707 2636
2 2 1992 1993 8117
2 2 2063 1227 7139
2 2 2997 1226 7267
2 2 2998 596 7374
2 2 1585 1586 5288
2 2 1726 1727 7140
2 2 1850 514 1734
2 2 6121 6122 6120
2 2 4638 1523 4341
2 2 7141 1417 9114
2 2 9115 3048 8621
2 2 2999 677 7244
2 2 3000 747 9116
2 2 1995 1996 8120
2 2 2637 710 9202
2 2 2640 713 7742
2 2 3162 3163 8640
2 2 6764 3001 9391
2 2 9117 2126 8332
2 2 2486 2487 2485
2 2 2288 1197 2875
2 2 1174 1227 4165
2 2 597 598 1158
2 2 1588 1589 3450
2 2 439 440 1111
2 2 2741 1462 5261
2 2 1657 1853 7414
2 2 1311 1312 4639
2 2 3217 1854 9118
2 2 2338 600 5006
2 2 3715 3716 3714
2 2 3553 958 7142
2 2 3002 716 2645
2 2 3718 3719 3717
2 2 3003 603 5886
2 2 3622 1936 7180
2 2 3166 3167 3165
2 2 1501 605 4714
2 2 3721 3722 3720
2 2 3724 3725 3723
2 2 1753 1855 6904
2 2 4950 4951 4949
2 2 3727 3728 3726
2 2 1998 1999 5458
2 2 2002 2003 2001
2 2 5809 1661 9003
2 2 3423 1314 4224
2 2 5949 4692 9024
2 2 3169 3170 3168
2 2 3004 1204 3104
2 2 7545 7546 7544
2 2 2758 893 3961
2 2 3005 896 9120
2 2 2134 578 3842
2 2 6478 1591 6477
2 2 1161 611 7684
2 2 6124 6125 6123
2 2 3729 3730 8790
1 2 3006 719 2648
1 2 3007 722 2651
1 2 3733 3734 3732
1 2 3312 915 3311
1 2 1857 728 1769
1 2 3888 3271 8729
1 2 4593 3084 8631
1 2 1594 1595 5810
1 2 2652 734 3891
2 2 2655 706 9208
2 2 3736 3737 3735
2 2 3008 820 3077
1 2 3009 739 3897
1 2 3010 918 2766
1 2 3062 742 5035
2 2 3011 921 2769
2 2 3557 614 3246
2 2 1597 1598 7143
1 2 3321 924 3320
1 2 3012 927 2772
1 2 3739 3740 3738
2 2 3558 933 5094
2 2 3559 936 5097
2 2 939 940 3970
2 2 4646 942 3978
2 2 3985 945 3984
2 2 4647 948 3990
1 2 4543 4648 8957
2 2 961 1234 4337
2 2 3742 3743 3741
2 2 3332 2773 8563
2 2 3172 3173 3171
2 2 1043 708 4762
2 2 7548 7549 7547
2 2 2004 2005 6624
2 2 7551 7552 7550
2 2 1751 908 5811
2 2 1333 1503 5812
2 2 6127 6128 6126
2 2 1664 408 4687
2 2 9122 3249 8732
2 2 615 663 5425
2 2 8006 1600 8005
2 2 7554 7555 7553
2 2 3561 1314 3427
2 2 2489 2490 2488
2 2 2853 393 4697
2 2 4225 1319 9282
1 2 1271 661 1266
2 2 1185 1235 4743
2 2 3013 711 5062
2 2 4633 715 7248
2 2 1756 593 5813
2 2 1589 883 3562
2 2 611 286 4844
2 2 1135 443 4426
2 2 3335 957 3993
2 2 2381 821 2731
2 2 2007 2008 4452
2 2 2011 2012 2010
1 2 4953 4954 4952
1 2 4956 4957 4955
1 2 1322 1323 5167
2 2 2585 1204 3106
2 2 4169 4649 8960
2 2 852 456 1863
1 2 7144 4737 7098
1 2 2714 723 8594
1 2 8754 3544 8733
2 2 2824 1591 9123
1 2 253 118 665
1 2 3175 3176 3174
1 2 2737 1129 4802
1 2 6130 6131 6129
1 2 7557 7558 7556
2 2 4367 1540 5296
1 2 3178 3179 3177
2 2 941 1231 4650
2 2 950 1233 5806
1 2 2841 932 4197
1 2 3181 3182 3180
1 2 2300 1859 4651
2 2 3745 3746 3744
2 2 3341 957 3340
2 2 3669 796 9124
2 2 4429 1143 7273
2 2 2014 2015 2013
2 2 937 1230 6750
2 2 2494 2495 6811
2 2 946 1232 4652
2 2 2497 2498 9382
2 2 3184 3185 3183
2 2 2776 964 7257
1 2 664 248 9380
1 2 2411 1238 2398
2 2 3621 1506 4343
2 2 7560 7561 7559
1 2 9499 2414 9390
1 2 7145 5814 7104
1 2 2501 2502 2500
1 2 6133 6134 6132
1 2 2215 928 5815
2 2 7094 1819 6578
1 2 1917 1239 2400
1 2 3510 1465 7146
1 2 2666 748 2665
1 2 495 496 6196
1 2 5571 2503 8414
2 2 4959 4960 4958
1 2 1914 1274 1883
1 2 248 66 2445
1 2 7465 1864 7345
1 2 1277 261 2507
1 2 1277 259 1276
1 2 2507 2508 2506
1 2 2444 2508 9125
1 2 5818 2016 5463
1 2 1918 2019 5464
1 2 8133 2021 8132
1 2 9126 2024 8138
1 2 2347 627 2142
1 2 1438 1507 6018
1 2 2348 630 2147
1 2 6136 6137 6135
1 2 4653 1325 4233
2 2 3748 3749 3747
2 2 1328 1329 4237
2 2 971 972 3347
2 2 3904 750 3903
2 2 3565 974 3355
2 2 2735 1867 7147
2 2 3566 977 6292
2 2 3567 1604 4372
2 2 2867 3016 5717
2 2 4655 980 6295
2 2 4656 983 6298
2 2 2291 2349 6754
2 2 4657 986 6301
2 2 4658 1607 8011
2 2 989 990 6305
2 2 753 754 1773
2 2 3750 3751 7073
2 2 756 757 1449
2 2 5819 2509 5576
2 2 5820 992 5100
2 2 2513 2514 2512
1 2 5821 1610 5299
1 2 1865 759 1781
1 2 3028 834 3934
1 2 4659 995 4014
1 2 4021 998 4020
1 2 7563 7564 7562
1 2 3568 1001 3361
1 2 4033 1004 4032
1 2 5822 2356 5561
1 2 3569 762 3909
1 2 4042 1007 4041
1 2 7148 3029 6924
1 2 4051 1010 4050
1 2 4660 1013 4059
1 2 7566 7567 7565
1 2 2029 2030 8139
1 2 2217 2326 7380
1 2 8148 2032 8147
2 2 7569 7570 7568
2 2 5823 1016 5103
2 2 3578 1216 4195
2 2 7149 2293 7376
2 2 2035 2036 8154
2 2 4800 1338 7403
2 2 2302 1039 2847
2 2 4962 4963 4961
2 2 4965 4966 4964
2 2 1022 905 4060
2 2 2833 906 7150
2 2 3362 904 6309
2 2 2038 2039 5827
2 2 5828 2041 8159
2 2 7572 7573 7571
2 2 1181 1248 3018
2 2 802 860 1866
2 2 3189 3190 6939
2 2 2515 2516 6814
2 2 2333 326 1977
2 2 7151 3192 6944
1 2 3019 1026 4065
1 2 3572 1029 3370
1 2 3754 3755 3753
2 2 4663 1320 7985
2 2 952 1035 4068
2 2 2518 2519 8415
2 2 5829 2047 5475
2 2 3573 1331 3430
2 2 2064 1503 3448
1 2 7575 7576 7574
2 2 9130 3503 8738
2 2 2521 2522 7152
1 2 4968 4969 4967
2 2 6139 6140 6138
1 2 768 769 2195
2 2 2050 2051 6629
2 2 5831 2331 9131
2 2 2524 2525 8418
2 2 2349 1615 7155
2 2 9132 3540 8741
2 2 7156 2053 6636
2 2 4664 1619 7383
2 2 6142 6143 6141
2 2 1022 1040 4070
2 2 6145 6146 6144
2 2 3574 1334 3433
2 2 1297 697 4437
2 2 7578 7579 7577
2 2 1329 1500 4665
2 2 3575 1042 5108
2 2 4971 4972 4970
2 2 2670 2201 6759
2 2 1303 417 3576
2 2 1673 1867 7159
1 2 1915 856 1903
1 2 7581 7582 7580
1 2 4828 1868 7332
2 2 3016 1481 5833
2 2 8424 2527 8423
1 2 7584 7585 7583
1 2 2172 2356 7160
1 2 7161 2059 6639
1 2 7587 7588 7586
2 2 3757 3758 3756
1 2 2531 2532 2530
2 2 440 285 753
2 2 3751 1557 7162
2 2 2688 2703 5720
1 2 1783 1869 9136
1 2 9137 7306 9063
1 2 7163 2324 9138
1 2 3195 3196 8646
2 2 2850 1242 9139
2 2 4753 1870 5432
2 2 1305 1337 4240
2 2 1021 1246 9265
2 2 3373 1044 5114
1 2 1275 497 1265
1 2 3199 3200 3198
1 2 6148 6149 6147
2 2 2534 2535 2533
2 2 2518 1284 4319
2 2 6640 2062 8173
2 2 7590 7591 7589
2 2 1613 1821 3504
2 2 1835 523 6233
2 2 6151 6152 6150
2 2 991 671 7153
2 2 5784 2728 5723
2 2 2277 975 7166
2 2 3577 1049 5117
2 2 7593 7594 7592
2 2 4376 1615 6486
2 2 1605 1194 2862
2 2 2537 2538 2536
2 2 1608 1478 8720
2 2 4379 1618 5306
2 2 7596 7597 7595
2 2 1332 1509 4321
2 2 3760 3761 3759
2 2 8430 2539 8429
2 2 2539 2542 8433
2 2 3277 779 9212
2 2 1482 320 2042
2 2 3080 1250 6907
2 2 3763 3764 3762
2 2 3570 1334 3642
2 2 3570 324 3189
1 2 861 349 7605
1 2 3134 1872 3127
1 2 3027 1054 2792
1 2 1056 293 3028
1 2 3201 3202 7252
1 2 4974 4975 4973
2 2 7599 7600 7598
1 2 2152 2359 9142
1 2 999 1205 4667
1 2 7167 2153 6788
1 2 1008 1206 4668
2 2 9143 2543 8438
2 2 2046 1945 9144
1 2 6154 6155 6153
2 2 993 1242 4180
1 2 1610 1621 4850
1 2 1005 863 4669
1 2 7602 7603 7601
2 2 1745 640 4720
2 2 4631 1025 9180
1 2 3135 1254 3102
1 2 5834 1980 5765
2 2 4670 1059 4078
2 2 1061 344 3759
1 2 66 248 362
1 2 7605 7606 7604
2 2 1069 365 4671
2 2 1623 1624 5308
2 2 7169 1674 6596
2 2 4782 1823 7308
2 2 1626 1627 6490
2 2 6157 6158 6156
2 2 9145 3105 8636
2 2 4672 1079 4185
2 2 5179 1339 5178
2 2 1092 1255 3403
2 2 7608 7609 7607
2 2 1062 1063 4079
2 2 1624 1829 5835
2 2 1554 1830 4412
2 2 1552 53 5836
2 2 3766 3767 3765
2 2 4977 4978 4976
2 2 3769 3770 3768
2 2 782 783 3282
2 2 3031 1127 7366
2 2 2091 825 5839
1 2 6160 6161 6159
1 2 4980 4981 4979
1 2 5841 1342 5184
2 2 4561 3643 8785
2 2 4676 1071 4090
2 2 2587 1203 7172
2 2 3379 1074 4093
2 2 2455 2549 9242
2 2 3772 3773 3771
2 2 4096 1080 7833
2 2 3579 1074 3384
2 2 3775 3776 3774
2 2 1345 1346 5842
2 2 2551 393 2986
2 2 2930 3032 8573
2 2 1348 1291 4243
2 2 1292 1065 5843
2 2 4983 4984 4982
2 2 7611 7612 7610
2 2 1295 1434 5966
2 2 1293 1349 4246
2 2 1630 1631 6498
2 2 6823 2557 6822
2 2 6163 6164 6162
2 2 1636 1568 5846
2 2 1638 1628 5847
2 2 1567 1627 5317
2 2 4152 1256 4807
2 2 1575 1840 7197
2 2 5320 1573 8019
2 2 3778 3779 3777
2 2 1873 699 4680
2 2 1088 1040 3385
2 2 5967 2284 7378
2 2 1354 1355 4251
2 2 4681 1357 4256
2 2 1064 1133 7174
2 2 4986 4987 4985
2 2 4103 1090 5120
2 2 7296 2964 9412
2 2 1301 1255 4682
2 2 1299 1360 4257
2 2 1811 1874 3580
2 2 1457 1513 3033
2 2 840 148 5871
1 2 5849 2361 5564
1 2 4190 4683 8966
1 2 5850 1645 5329
1 2 6166 6167 6165
1 2 5851 1096 5123
1 2 3034 1221 2870
1 2 5267 4829 9029
1 2 6169 6170 6168
1 2 1648 1649 5852
1 2 1362 1363 4260
1 2 3781 3782 3780
1 2 3784 3785 3783
1 2 4269 1371 5952
1 2 4275 1374 4274
1 2 3205 3206 3204
1 2 4989 4990 4988
1 2 1981 2065 5476
1 2 6321 4106 8970
2 2 7176 1651 6507
2 2 8651 3207 8650
2 2 1653 1654 5853
2 2 2067 2068 6646
2 2 3210 3211 3159
2 2 1105 1106 6324
2 2 1108 1109 2241
2 2 440 439 3648
2 2 1111 1112 1812
2 2 7177 3212 6947
2 2 7178 1655 6510
2 2 3787 3788 3786
2 2 1658 1659 7179
2 2 3215 3216 9147
2 2 3790 3791 3789
2 2 6172 6173 6171
2 2 5809 2340 5535
2 2 5339 1661 5338
2 2 1114 1115 2250
2 2 7614 7615 7613
2 2 7617 7618 7616
2 2 6175 6176 6174
2 2 4687 1089 7415
2 2 6178 6179 6177
2 2 791 792 1881
2 2 7620 7621 7619
2 2 2937 3035 7182
1 2 1117 1118 4688
1 2 7623 7624 7622
1 2 2090 1213 4752
2 2 9149 2220 8342
2 2 3036 794 2676
2 2 2070 2071 9224
2 2 2005 1148 7183
2 2 3037 797 2679
2 2 2085 854 5537
2 2 2258 2364 4689
2 2 1460 1514 3584
2 2 6181 6182 6180
1 2 2089 1264 5854
1 2 4423 1366 9292
1 2 1647 1875 4424
1 2 1671 1375 5855
1 2 5345 1670 8022
2 2 1636 1215 1816
2 2 1635 1638 7185
2 2 2067 2073 6652
2 2 4690 1879 5990
2 2 1672 1673 6518
2 2 7186 4605 8973
2 2 5205 1377 9283
2 2 7626 7627 7625
2 2 6184 6185 6183
2 2 1045 1234 3513
2 2 3585 1675 3458
2 2 1651 1251 6756
2 2 3793 3794 3792
2 2 1388 1515 5856
2 2 1612 1678 4385
2 2 4804 1359 7404
2 2 9151 3795 8797
2 2 3799 3800 3798
2 2 2306 2366 7189
2 2 4694 1829 4421
2 2 4411 1477 9041
2 2 598 439 1108
2 2 1312 1461 5741
2 2 3802 3803 3801
2 2 5944 1070 9271
2 2 2075 2076 4695
2 2 2793 1126 3390
2 2 2004 2001 6655
2 2 3218 3219 9152
1 2 3136 867 3071
2 2 3805 3806 3804
1 2 5857 1679 5349
1 2 807 424 3034
1 2 7629 7630 7628
1 2 6187 6188 6186
1 2 2584 1876 7191
2 2 1350 1511 5858
2 2 1072 1259 9119
2 2 2586 1317 7192
2 2 6832 2569 6831
2 2 2854 1083 7193
2 2 3808 3809 3807
2 2 3811 3812 3810
2 2 1666 1880 7194
2 2 3039 913 8990
2 2 1114 612 7394
1 2 2798 2989 8582
1 2 6190 6191 6189
1 2 4992 4993 4991
2 2 1900 1351 5861
2 2 2558 1082 7196
2 2 6661 2079 6660
2 2 7632 7633 7631
2 2 6193 6194 6192
2 2 4776 2370 7384
2 2 4698 1355 8746
2 2 2169 1643 9154
2 2 2371 694 5862
1 2 488 160 876
2 2 822 417 786
2 2 1261 418 5406
2 2 3190 766 7198
1 2 3221 3222 7199
1 2 5945 1370 8995
1 2 4699 1101 4199
2 2 7635 7636 7634
2 2 3228 3229 3227
2 2 7638 7639 7637
2 2 885 833 4532
2 2 190 285 440
1 2 493 248 1271
2 2 3588 1134 6332
2 2 5863 1663 5410
1 2 495 253 1270
2 2 5864 2212 8348
2 2 7641 7642 7640
1 2 6196 6197 6195
1 2 1916 869 1906
2 2 7200 1976 6896
1 2 6199 6200 6198
1 2 3814 3815 3813
1 2 4995 4996 4994
2 2 3817 3818 3816
2 2 3820 3821 3819
2 2 3823 3824 3822
2 2 4998 4999 4997
2 2 1580 1847 7088
2 2 1629 1842 7187
2 2 7644 7645 7643
2 2 3230 3233 6951
1 2 3137 1885 3130
2 2 7647 7648 7646
2 2 1318 1388 5210
2 2 3826 3827 3825
2 2 1877 698 4706
2 2 2576 2577 2575
2 2 1285 1480 2919
2 2 1286 447 3789
1 2 861 493 1262
2 2 2579 2580 2578
2 2 2578 444 3786
2 2 1389 1390 4285
2 2 2318 446 3216
1 2 7650 7651 7649
2 2 2799 1146 4127
2 2 5001 5002 5000
2 2 5869 2091 5483
1 2 481 501 871
1 2 7466 3041 7409
1 2 3285 805 3915
1 2 3829 3830 3828
1 2 5143 5840 9045
1 2 1344 1510 6894
1 2 3589 808 3293
1 2 6202 6203 6201
2 2 6205 6206 6204
2 2 3032 966 4177
2 2 7653 7654 7652
1 2 2802 1149 4133
1 2 7656 7657 7655
2 2 1630 700 5422
2 2 3434 1392 5217
2 2 5870 1361 9444
1 2 3673 1886 3659
2 2 5871 1581 5407
2 2 7184 3192 7413
2 2 7184 469 6180
1 2 3590 1365 3439
2 2 7659 7660 7658
2 2 1145 438 1107
1 2 3674 2374 3670
2 2 1656 1877 4427
1 2 3140 1887 3656
1 2 873 495 866
1 2 4901 2375 4876
2 2 3832 3833 3831
1 2 497 359 3200
2 2 2872 1146 3405
1 2 871 488 1260
1 2 481 259 9499
1 2 5353 1681 6526
1 2 5484 2094 8183
1 2 4287 1397 5223
1 2 4819 2148 6761
1 2 9158 7294 9069
1 2 4290 1281 5226
2 2 1166 510 3043
2 2 7662 7663 7661
2 2 1522 92 1413
2 2 2097 2098 7242
2 2 1888 811 1798
2 2 1889 817 1803
2 2 1732 516 1729
2 2 1684 1685 5872
2 2 6208 6209 6207
2 2 1169 519 3591
2 2 7665 7666 7664
2 2 1709 1890 9161
2 2 1402 1403 7203
2 2 7399 4607 9015
2 2 4329 4709 8976
2 2 3235 3236 9434
2 2 6210 6211 6096
2 2 6213 6214 6212
2 2 2588 2438 8449
2 2 2439 2982 8551
2 2 2437 2590 8452
2 2 5487 2100 8189
2 2 5873 2103 5492
2 2 4388 1688 8025
1 2 1691 1692 6534
1 2 3687 2377 7370
1 2 1831 357 3267
2 2 4710 1405 7928
2 2 5874 1408 7931
2 2 6216 6217 6215
1 2 1156 540 4711
1 2 1694 1695 6540
1 2 6219 6220 6218
2 2 7668 7669 7667
2 2 5801 1836 5414
2 2 1749 1894 5417
2 2 1411 1412 6401
2 2 2987 3015 4596
2 2 3043 1491 2933
1 2 2106 2107 7367
1 2 1416 546 5875
1 2 7208 2322 9325
1 2 2109 2110 9328
1 2 7209 1157 9186
1 2 7389 2323 7362
1 2 6222 6223 6221
1 2 6225 6226 6224
1 2 4134 1155 5126
1 2 5493 2094 6668
1 2 5361 1681 5360
1 2 4296 1414 5235
2 2 2327 554 5876
2 2 2113 2114 5877
2 2 9162 2170 8350
2 2 2477 1837 7313
2 2 7212 1702 6552
2 2 1570 31 5904
2 2 7671 7672 7670
2 2 2115 2116 8195
2 2 7674 7675 7673
2 2 5878 2378 5543
2 2 8029 1704 8028
2 2 1712 1838 9303
2 2 2329 565 5879
2 2 5530 1962 8364
2 2 1960 2121 8205
2 2 1707 1708 9163
2 2 3547 3647 7065
2 2 3591 1839 3520
2 2 1711 1712 1710
2 2 9164 2595 8457
2 2 5878 1844 5429
2 2 4712 1845 9165
2 2 1713 1714 7213
2 2 5905 1576 7333
2 2 7214 3253 7056
2 2 7677 7678 7676
2 2 7215 1846 9167
2 2 5004 5005 5003
2 2 1991 1891 7216
2 2 6228 6229 6227
2 2 3835 3836 3834
2 2 1584 1752 4416
2 2 4391 1582 8042
2 2 3838 3839 3837
2 2 1994 2335 4540
2 2 1992 2124 8208
2 2 1849 584 4713
2 2 1720 1686 5880
2 2 1585 1685 5881
2 2 1722 1723 6557
2 2 1724 1725 7218
2 2 5882 1727 5371
2 2 1684 1730 5883
2 2 5884 1732 5377
2 2 3592 1850 3523
2 2 4709 1720 9168
2 2 4638 1849 4435
2 2 1404 1523 7219
2 2 1735 1736 5381
2 2 9169 7141 9061
2 2 6407 1417 6406
2 2 9170 2982 8586
2 2 9117 2588 8584
2 2 2126 2127 9171
2 2 2486 2599 2598
2 2 2601 2487 2600
2 2 174 596 2485
2 2 1420 1421 2880
2 2 598 597 7679
2 2 1158 1159 2265
2 2 2129 2130 9172
2 2 5007 5008 5006
2 2 5885 2338 5557
2 2 2603 2604 2602
2 2 1999 604 5886
2 2 3003 196 5556
2 2 1423 1424 3045
2 2 2008 606 4714
2 2 7680 7681 7679
2 2 6231 6232 6230
2 2 2100 607 3726
2 2 1738 1739 6562
2 2 1718 610 4715
2 2 3840 3841 8798
2 2 2134 2135 8220
2 2 1425 1426 2888
2 2 7683 7684 7682
2 2 1161 1162 2808
2 2 5010 5011 5009
2 2 3245 3246 3244
2 2 7686 7687 7685
2 2 1172 588 3592
2 2 5887 2605 5581
2 2 5387 1741 8045
2 2 5272 1419 6447
2 2 7689 7690 7688
2 2 1743 1744 5888
2 2 2092 2373 4548
2 2 3046 1428 2893
2 2 5239 1431 5238
1 2 7692 7693 7691
1 2 2023 1919 8752
1 2 7695 7696 7694
1 2 2137 2138 8223
1 2 7221 2140 6675
1 2 4716 2347 4559
1 2 2143 2144 7222
1 2 2019 2146 8226
1 2 3844 3845 3843
1 2 7698 7699 7697
1 2 8339 2034 8367
1 2 5899 2032 8338
1 2 2148 2149 6679
1 2 9176 7163 9066
1 2 4614 2324 7357
2 2 3675 637 6580
2 2 6234 6235 6233
2 2 3251 3252 3250
1 2 1400 638 4718
1 2 2151 2108 9177
1 2 2173 2359 9178
1 2 1398 639 4719
1 2 2095 2111 7371
1 2 2176 2360 9179
2 2 7701 7702 7700
2 2 4720 1541 7416
2 2 6237 6238 6236
1 2 1399 1521 5889
1 2 7704 7705 7703
2 2 1719 1895 3506
2 2 2154 2155 8232
2 2 7224 1710 6581
2 2 3144 637 3250
2 2 6240 6241 6239
2 2 1542 1748 7225
2 2 2608 2609 2606
2 2 2179 2334 9182
1 2 5499 2157 6687
2 2 5890 1837 5420
2 2 1927 553 2114
2 2 3595 1164 3399
2 2 3248 1860 9183
2 2 7707 7708 7706
1 2 645 261 1914
2 2 1889 1675 9034
2 2 5786 2378 9329
2 2 2116 2315 9184
2 2 4721 1167 4139
2 2 1053 537 1154
2 2 6243 6244 6242
2 2 3253 3254 8678
2 2 9185 1411 8743
1 2 1326 631 6009
2 2 3042 527 7228
2 2 1740 1896 9311
2 2 4164 595 7118
2 2 4722 1170 4142
2 2 1391 602 5885
2 2 5522 3554 5769
2 2 3257 3258 3256
2 2 4447 1848 9300
2 2 2162 2163 8239
1 2 3445 1691 7229
1 2 3266 1892 7230
2 2 1524 536 1409
1 2 1695 1364 7231
1 2 1699 1893 7168
2 2 1592 1856 4418
2 2 7710 7711 7709
1 2 4836 2355 8368
1 2 7713 7714 7712
1 2 3262 1700 9188
1 2 3261 3262 8686
1 2 4833 2325 6783
2 2 1525 1044 5891
2 2 3247 3264 6953
2 2 5892 1836 7312
1 2 5893 2165 8243
2 2 6246 6247 6245
2 2 3847 3848 3846
1 2 3138 1527 3112
2 2 5894 2327 5541
2 2 2168 2169 8244
2 2 3038 1222 5895
2 2 3241 1642 9189
2 2 2120 2379 9190
2 2 5896 2329 5546
2 2 7716 7717 7715
1 2 3300 814 3299
2 2 1358 569 2596
2 2 4724 1845 4433
2 2 4820 2856 9036
2 2 7719 7720 7718
2 2 5013 5014 5012
2 2 3850 3851 3849
2 2 3853 3854 3852
2 2 2123 1942 9356
2 2 2381 582 2125
2 2 2382 592 7233
2 2 1896 659 2859
2 2 5016 5017 5015
2 2 2610 2611 9395
2 2 1752 1753 4725
2 2 5394 1755 8048
2 2 1851 594 2598
2 2 598 189 4919
1 2 2412 1526 3110
2 2 7722 7723 7721
2 2 1423 811 4863
2 2 3855 3856 8801
2 2 757 611 1425
2 2 2466 612 7683
2 2 5898 1825 5426
1 2 661 664 1530
2 2 1528 623 1433
1 2 7725 7726 7724
1 2 2165 2029 5505
1 2 5899 1683 9430
1 2 2171 2172 6688
1 2 7728 7729 7727
2 2 1747 1897 7234
2 2 7235 2383 6769
2 2 4727 1306 8769
2 2 5019 5020 5018
2 2 6694 2062 6693
2 2 1924 2179 8255
1 2 4728 1437 4304
1 2 1439 629 4716
1 2 664 645 874
1 2 258 645 664
1 2 4904 3049 6062
2 2 6249 6250 6248
2 2 7204 1715 9298
2 2 2494 525 6212
1 2 1934 1508 5901
1 2 2146 1935 9194
2 2 3162 527 8550
2 2 2591 2133 6765
2 2 4729 1173 4145
2 2 2983 595 2601
2 2 5022 5023 5021
2 2 5903 1938 5523
2 2 1758 1759 4641
2 2 606 202 3596
2 2 2104 1855 4448
2 2 1690 1891 5411
1 2 3201 3266 6956
2 2 3859 3860 3858
2 2 2136 2384 9195
2 2 5025 5026 5024
2 2 5024 616 7685
2 2 3268 3269 9435
2 2 4723 581 4539
1 2 655 665 1529
1 2 4910 3050 6031
2 2 1436 557 5904
2 2 2617 2618 2616
2 2 1307 571 5905
2 2 8330 7215 9072
2 2 1176 1177 6344
2 2 7731 7732 7730
2 2 596 174 2178
2 2 3593 1724 6583
2 2 2128 2383 9196
1 2 4902 2386 4879
2 2 2602 1428 6013
2 2 3841 2616 9197
2 2 3593 615 3245
1 2 248 664 661
1 2 665 118 7606
1 2 253 665 655
1 2 3862 3863 3861
1 2 1280 1473 5733
1 2 7734 7735 7733
2 2 9198 2619 8460
2 2 2621 2622 9210
2 2 2419 2623 9211
2 2 2180 1931 6008
2 2 1932 2316 5520
2 2 5906 1930 9355
2 2 2429 2626 2625
2 2 2978 676 2430
2 2 9199 2428 8463
2 2 2689 680 9385
2 2 5719 679 9087
2 2 3054 225 2733
1 2 9200 1440 7937
1 2 7499 2682 8589
1 2 3865 3866 3864
1 2 7737 7738 7736
1 2 9201 1443 7943
1 2 4733 1485 4332
1 2 3055 689 2694
1 2 2504 688 5907
1 2 8260 2182 8259
1 2 3868 3869 3867
1 2 1488 691 1289
1 2 5053 1287 5964
2 2 7317 3022 8590
2 2 8265 2184 8264
2 2 2187 2188 8271
2 2 5908 2628 5584
2 2 5909 1761 5399
2 2 3871 3872 3870
2 2 2316 700 5910
2 2 2180 699 7132
2 2 1764 1765 5996
2 2 1446 1447 7237
2 2 2631 2632 5911
2 2 3919 1496 4335
2 2 3892 2707 4598
2 2 3711 955 4172
2 2 2190 2155 9343
2 2 3874 3875 3873
2 2 2635 2636 2634
2 2 2192 2193 8274
2 2 712 182 3609
2 2 2708 711 9202
2 2 2638 2639 2637
2 2 7740 7741 7739
2 2 7743 7744 7742
2 2 2641 2642 2640
2 2 2213 718 6739
2 2 9207 2643 8466
2 2 3002 194 5924
1 2 3877 3878 3876
1 2 2647 2648 2646
1 2 5080 3006 8629
1 2 3880 3881 3879
1 2 2650 2651 2649
1 2 6252 6253 6251
1 2 4644 727 7103
1 2 3883 3734 3882
1 2 3884 3885 3732
1 2 5028 5029 5027
1 2 3060 1767 2940
1 2 6255 6256 6254
1 2 7746 7747 7745
1 2 3887 3888 3886
1 2 3272 3273 3271
1 2 1801 736 2667
1 2 3890 3891 3889
1 2 2653 2654 2652
2 2 3893 3894 3892
2 2 9208 2191 8355
2 2 2656 2657 2655
1 2 2659 2660 2658
1 2 3896 3897 3895
1 2 7238 3009 6919
1 2 5031 5032 5030
1 2 5034 5035 5033
1 2 7749 7750 7748
2 2 9209 2661 8469
2 2 2474 746 2499
2 2 2489 2663 2497
1 2 2722 736 2654
1 2 2664 2665 2492
1 2 2471 2667 2666
2 2 3899 3900 3898
2 2 3902 3903 3901
2 2 3905 3906 3904
2 2 1770 1771 3462
2 2 753 285 754
2 2 1773 1774 3468
2 2 1776 1777 2944
2 2 757 756 7457
2 2 1449 1450 2897
1 2 5037 4935 5036
1 2 3063 1779 2949
1 2 292 761 1865
1 2 3275 3276 3274
1 2 3908 3909 3907
1 2 302 764 3569
2 2 2905 3064 5912
2 2 2270 2389 4741
2 2 324 767 1248
1 2 2686 770 6014
1 2 769 768 3065
1 2 2195 2196 8280
2 2 6700 2198 6699
2 2 7239 2200 6704
2 2 2053 310 6272
2 2 4550 2704 6910
2 2 2669 2670 2668
2 2 2202 2203 2201
2 2 7752 7753 7751
2 2 8570 2529 8634
2 2 7755 7756 7754
1 2 2726 3066 5731
1 2 3067 1782 2951
1 2 5039 5040 5038
2 2 4742 781 3920
2 2 2705 780 9212
2 2 3157 3278 3277
2 2 3280 3281 3279
2 2 783 782 5868
2 2 3283 3284 3282
2 2 2954 3068 5913
2 2 2911 3069 5914
2 2 417 787 1513
2 2 1787 1788 3477
2 2 7757 7758 7616
2 2 1182 1183 2271
2 2 1790 1791 3070
2 2 792 791 8972
2 2 5915 2671 5593
2 2 5042 5043 5041
2 2 2675 2676 2674
2 2 7760 7761 7759
2 2 5816 799 4959
2 2 2678 2679 2677
2 2 464 799 3037
2 2 3485 3602 7240
2 2 2914 3074 5916
2 2 468 802 1514
2 2 6709 2200 6708
2 2 2198 2205 9218
2 2 6714 2079 6713
1 2 3911 3912 3910
1 2 3914 3915 3913
1 2 3286 3287 3285
1 2 3289 3290 3288
1 2 3292 3293 3291
1 2 6258 6259 6257
2 2 511 811 813
2 2 3075 1796 2960
2 2 3076 1888 2973
1 2 3295 3296 3294
1 2 3298 3299 3297
1 2 3301 3302 3300
1 2 3917 3918 3916
1 2 5045 5046 5044
1 2 5048 5049 5047
2 2 2194 2335 9362
2 2 2619 897 2825
2 2 3052 671 2624
1 2 1440 1508 5551
1 2 7763 7764 7762
2 2 6261 6262 6260
2 2 5051 5052 5050
2 2 2625 3008 8623
2 2 3048 676 9215
2 2 7766 7767 7765
1 2 5596 2503 8475
1 2 2443 682 8588
2 2 3607 2337 3538
2 2 3056 712 2639
2 2 3920 3921 3919
2 2 3599 781 3278
2 2 3021 774 2669
2 2 4458 2207 6718
2 2 8479 2687 8478
2 2 2691 2692 2690
2 2 2540 680 2732
2 2 767 822 1533
2 2 3923 3924 3922
2 2 2223 797 5750
2 2 3601 783 5074
2 2 751 826 4739
2 2 752 827 4738
1 2 7769 7770 7768
1 2 4733 1978 4535
1 2 3055 2413 6023
1 2 6264 6265 6263
1 2 2183 2387 8598
1 2 2738 1487 8980
1 2 4744 1373 5948
1 2 5054 5055 5053
1 2 2697 2698 2696
1 2 810 830 3604
2 2 5568 1550 9416
2 2 2226 1616 9217
2 2 2641 2700 2699
2 2 7772 7773 7771
2 2 754 756 1776
2 2 285 756 754
2 2 1762 1899 4438
2 2 2431 698 3870
1 2 834 293 1611
1 2 7775 7776 7774
1 2 2647 3058 8592
1 2 6251 3882 8983
1 2 3608 916 8762
1 2 3886 730 6254
1 2 1799 1800 4619
1 2 6267 6268 6266
1 2 3597 732 6933
2 2 2656 2702 2701
2 2 3079 737 8354
1 2 7778 7779 7777
1 2 5030 740 7127
1 2 2993 740 3896
1 2 7781 7782 7780
2 2 2703 2475 9397
2 2 7784 7785 7783
2 2 5057 5058 5056
2 2 5423 1766 5436
2 2 1878 702 2632
2 2 9220 4634 8986
2 2 840 418 1094
1 2 5060 5061 5059
1 2 2447 1892 3508
1 2 2483 1876 2970
2 2 2704 2705 8483
2 2 7787 7788 7786
1 2 3139 1534 3116
2 2 2707 2708 8486
2 2 4171 2385 9338
2 2 2711 2712 2710
2 2 970 708 2635
2 2 6270 6271 6269
2 2 2657 2999 8596
2 2 2978 747 2663
2 2 3609 956 8603
2 2 5062 5063 5003
2 2 7790 7791 7789
2 2 1461 1462 3081
2 2 5508 2211 8285
2 2 1787 1115 9442
1 2 3098 721 5079
1 2 2713 2714 5918
1 2 3884 3926 3925
1 2 3867 727 3885
1 2 2717 2718 2716
1 2 5065 5066 5064
1 2 2720 2721 2719
1 2 3304 3305 3303
1 2 2573 735 5920
1 2 3861 744 7748
1 2 4542 898 5728
2 2 2600 746 7395
2 2 3611 1298 9386
1 2 2214 2215 5511
2 2 792 852 1668
1 2 2723 2724 2722
2 2 7793 7794 7792
2 2 5921 3100 5753
1 2 5922 2016 8287
1 2 2017 770 2232
2 2 1112 753 1770
1 2 3676 1902 3651
2 2 286 611 757
1 2 857 349 1915
1 2 764 858 3598
2 2 6273 6274 6272
1 2 1275 859 7536
2 2 1220 766 1180
2 2 1121 860 6181
1 2 856 861 1908
1 2 3085 858 3024
1 2 9226 2725 8490
2 2 3928 3929 3927
1 2 362 493 861
1 2 816 863 3606
2 2 2343 1128 5867
2 2 3600 784 9431
2 2 2391 804 2206
2 2 822 348 3576
1 2 866 495 1917
2 2 1261 791 1790
1 2 4903 1905 4858
2 2 2219 2220 3612
2 2 2643 795 2675
1 2 3677 1535 3646
2 2 870 498 2517
1 2 867 871 1909
1 2 3603 807 3287
1 2 869 872 1538
1 2 871 501 9090
1 2 496 495 873
2 2 811 511 2009
1 2 874 645 3137
1 2 1530 874 1907
2 2 4402 3086 7246
2 2 1804 813 3076
2 2 5068 5069 5067
2 2 3053 677 2627
2 2 2728 2729 6029
2 2 4317 4745 5777
2 2 4745 718 5924
2 2 679 119 3077
2 2 2732 2733 2731
2 2 324 822 767
2 2 954 1185 3103
2 2 2390 775 2203
2 2 5071 5072 5070
2 2 5816 2985 5751
2 2 2297 825 7247
2 2 5074 5075 5073
2 2 2734 2735 6849
2 2 3542 751 3902
2 2 4740 752 3906
1 2 1529 857 1531
1 2 2218 688 5927
1 2 3931 3932 3930
1 2 3078 743 5034
1 2 2448 810 6257
1 2 7796 7797 7795
2 2 2185 2388 9227
2 2 7799 7800 7798
2 2 1943 2320 4533
2 2 1944 714 9206
2 2 6276 6277 6275
1 2 3934 3935 3933
1 2 761 292 3935
1 2 5077 5078 5076
1 2 7802 7803 7801
1 2 4622 763 3908
1 2 4406 1805 8054
1 2 1467 1468 4700
1 2 3887 3133 6934
1 2 5929 2737 5604
1 2 2739 749 2664
1 2 1956 741 7238
2 2 9230 3548 8758
2 2 3548 780 9231
2 2 417 148 840
2 2 417 840 787
1 2 1028 841 3087
1 2 3087 806 3914
1 2 3604 815 3298
1 2 926 842 3605
1 2 3605 809 3292
1 2 876 160 5834
1 2 843 876 1537
1 2 6077 3088 6055
2 2 3057 715 2642
2 2 9232 2740 8493
1 2 5079 5080 4952
1 2 2650 3059 8595
1 2 4737 726 3883
1 2 3511 1768 5744
1 2 3273 3303 8755
1 2 4648 735 3890
2 2 4747 2229 4462
2 2 4748 1807 4410
2 2 456 852 792
2 2 3937 3938 3936
2 2 3936 796 7759
2 2 5817 2070 5538
2 2 799 464 5817
1 2 2027 2308 7250
1 2 2028 2232 9233
1 2 7467 3613 7426
1 2 6078 3089 6041
1 2 764 302 2530
1 2 6079 3090 6045
2 2 2516 860 7251
2 2 802 468 7251
1 2 349 861 856
1 2 5081 5082 5038
1 2 6279 6280 6278
1 2 3203 816 3302
2 2 2234 782 3279
2 2 3218 784 3284
2 2 1533 786 1456
1 2 4911 3091 6032
1 2 2671 3071 5930
2 2 3073 798 2678
1 2 7468 3614 7433
2 2 6282 6283 6281
1 2 481 871 867
1 2 869 497 6200
1 2 1269 866 1268
1 2 6085 4750 9486
2 2 2394 1125 2281
1 2 1537 859 1532
1 2 488 876 843
2 2 5084 5085 5083
2 2 3339 3615 7059
2 2 3025 879 6087
2 2 3616 201 3342
2 2 883 54 2818
2 2 3940 3941 3939
2 2 2743 2744 2742
2 2 2981 886 7253
2 2 2746 2436 2745
2 2 492 886 2434
2 2 8075 2984 9418
2 2 7805 7806 7804
2 2 2440 343 2821
2 2 2754 892 2786
2 2 7808 7809 7807
2 2 2452 342 9240
2 2 3943 3944 3942
2 2 3094 894 7502
2 2 2752 2753 2751
2 2 2749 897 9236
2 2 2754 2755 9237
2 2 2458 2756 8504
1 2 900 486 5938
1 2 3946 3947 3945
1 2 460 900 4625
2 2 5087 5088 5086
2 2 3225 902 9238
2 2 3949 3950 3948
2 2 6285 6286 6284
2 2 905 904 4754
2 2 3952 3953 3951
2 2 3721 3955 3954
2 2 3957 3722 3956
2 2 3958 3959 3720
2 2 3555 912 8959
2 2 3556 911 3170
2 2 3168 35 4170
2 2 3094 914 2778
2 2 3960 3961 3942
2 2 2758 2759 8507
1 2 3307 3308 3306
1 2 3310 3311 3309
1 2 3313 3314 3312
1 2 2762 2763 2761
1 2 2765 2766 2764
1 2 7254 3010 6922
2 2 5090 5091 5089
2 2 2768 2769 2767
2 2 231 923 3011
1 2 3316 3317 3315
1 2 3319 3320 3318
1 2 3322 3323 3321
1 2 3963 3964 3962
1 2 2771 2772 2770
1 2 6288 6289 6287
1 2 932 234 3619
1 2 4645 931 3740
1 2 3965 3966 3738
2 2 3325 3326 3324
2 2 5093 5094 5092
2 2 7811 7812 7810
2 2 3328 3329 3327
2 2 5096 5097 5095
2 2 3559 236 6358
2 2 3968 3969 3967
2 2 940 939 6356
2 2 3971 3972 3970
2 2 3974 3975 3973
2 2 3977 3978 3976
2 2 240 944 4646
2 2 3980 3981 3979
2 2 3983 3984 3982
2 2 3986 3987 3985
2 2 950 240 6359
2 2 3989 3990 3988
2 2 158 950 4647
2 2 2843 953 5773
2 2 3330 3331 9239
2 2 2773 2774 8510
2 2 3172 3334 3333
2 2 3560 955 3173
2 2 3171 704 9260
2 2 3338 959 5738
2 2 3992 3993 3991
2 2 3336 3337 3335
2 2 4160 962 9113
2 2 4440 961 3746
2 2 3994 3995 3744
2 2 3991 963 5409
2 2 3339 3340 3338
2 2 3342 3343 3341
2 2 3564 966 7256
2 2 3095 965 3185
2 2 3183 485 4178
2 2 3095 914 2760
2 2 7257 3564 7062
2 2 2777 2778 2776
2 2 970 47 4654
2 2 3997 3749 3996
2 2 3998 3999 3747
2 2 3345 3346 3344
2 2 972 971 4311
2 2 3348 3349 3347
2 2 3351 3352 3350
2 2 3354 3355 3353
2 2 3565 274 7268
2 2 3357 3358 3356
2 2 6291 6292 6290
2 2 278 979 3566
2 2 4001 4002 4000
2 2 6294 6295 6293
2 2 281 982 4655
2 2 4004 4005 4003
2 2 6297 6298 6296
2 2 280 985 4656
2 2 4007 4008 4006
2 2 6300 6301 6299
2 2 284 988 4657
2 2 6303 6304 6302
2 2 990 989 8055
2 2 6306 6307 6305
2 2 288 992 994
2 2 5099 5100 5098
2 2 289 994 5820
1 2 4010 4011 4009
1 2 4013 4014 4012
1 2 7814 7815 7813
1 2 4016 4017 4015
1 2 4019 4020 4018
1 2 4022 4023 4021
1 2 4025 4026 4024
1 2 3360 3361 3359
1 2 3568 299 6388
1 2 4028 4029 4027
1 2 4031 4032 4030
1 2 4034 4035 4033
1 2 4037 4038 4036
1 2 4040 4041 4039
1 2 4043 4044 4042
1 2 4046 4047 4045
1 2 4049 4050 4048
1 2 4052 4053 4051
1 2 4055 4056 4054
1 2 4058 4059 4057
1 2 7817 7818 7816
2 2 307 1016 1018
2 2 5102 5103 5101
2 2 308 1018 5823
2 2 1021 315 5825
2 2 5826 1020 4966
2 2 5104 5105 4964
2 2 3627 1023 9259
2 2 905 1022 4755
2 2 4061 4062 4060
2 2 1025 318 4754
2 2 6308 6309 6284
2 2 3363 3364 3362
1 2 2780 2781 2779
1 2 4064 4065 4063
1 2 7258 3019 6927
1 2 3366 3367 3365
1 2 3369 3370 3368
1 2 7820 7821 7819
1 2 4661 1034 7164
1 2 3755 4662 8963
1 2 4066 4067 3753
2 2 2774 1036 7539
2 2 1035 952 3331
2 2 3763 4069 4068
2 2 6311 6312 6310
2 2 6313 6314 6141
2 2 2782 2783 7401
2 2 1041 316 4755
2 2 1040 1022 3627
2 2 4071 4072 4070
2 2 3372 3349 3371
2 2 5107 5108 5106
2 2 3575 272 3346
2 2 5110 5111 5109
2 2 5113 5114 5112
2 2 3374 3375 3373
2 2 2747 1048 6768
2 2 7822 7823 7589
2 2 7825 7826 7824
2 2 3377 3378 3376
2 2 5116 5117 5115
2 2 7828 7829 7827
2 2 3026 1053 7266
2 2 2786 2538 2785
2 2 7831 7832 7830
1 2 2788 2789 2787
1 2 2791 2792 2790
1 2 3027 350 5943
2 2 7249 2745 9387
2 2 2545 2981 6900
2 2 2543 354 9241
2 2 4074 4075 4073
2 2 4077 4078 4076
2 2 361 1061 4670
2 2 6316 6317 6315
2 2 1063 1062 8609
2 2 4080 4081 4079
2 2 3766 4083 4082
2 2 4673 1066 3767
2 2 4084 4085 3765
2 2 1070 378 4674
2 2 4675 1069 3770
2 2 4086 4087 3768
2 2 385 1071 1073
2 2 4089 4090 4088
2 2 386 1073 4676
2 2 3382 1076 8635
2 2 4092 4093 4091
2 2 3380 3381 3379
2 2 1079 369 3628
2 2 2456 1078 3773
2 2 4094 4095 3771
2 2 2852 1082 7398
2 2 7834 7835 7833
2 2 4097 4098 4096
2 2 4091 1084 9022
2 2 3383 3384 3382
2 2 6319 6320 6318
2 2 4158 1087 7188
2 2 4677 1086 3776
2 2 3808 4099 3774
2 2 4101 4102 4100
2 2 1040 1088 4443
2 2 3386 3387 3385
2 2 1092 374 6350
2 2 5119 5120 5118
2 2 4104 4105 4103
2 2 3530 3631 9243
2 2 3491 3632 7261
2 2 418 1095 1874
1 2 1098 422 9262
1 2 5122 5123 5121
1 2 423 1098 5851
1 2 1101 433 3581
1 2 3582 1100 3206
1 2 3204 156 4200
1 2 2275 1104 8965
1 2 6322 6323 6321
1 2 4107 4108 4106
2 2 1107 438 7272
2 2 1106 1105 3160
2 2 6325 6326 6324
2 2 2238 2239 4469
2 2 1108 439 1109
2 2 2241 2242 4475
2 2 2244 2245 3531
2 2 1111 440 1112
2 2 1812 1813 3495
2 2 2247 2248 4484
2 2 1114 451 1115
2 2 2250 2251 4490
1 2 4110 4111 4109
1 2 1118 1117 7195
1 2 461 1119 4688
2 2 4498 4787 9244
2 2 4504 4788 9245
2 2 469 1122 2364
2 2 6328 6329 6327
2 2 7837 7838 7836
2 2 2282 2075 4546
2 2 4113 4114 4112
2 2 3389 3390 3388
2 2 2794 2795 2793
1 2 4174 1131 9044
1 2 2797 2798 2796
1 2 2989 483 5144
2 2 4777 2369 9327
2 2 2259 2260 8300
2 2 2082 1967 7358
2 2 3392 3393 3391
2 2 6331 6332 6330
2 2 494 1136 3588
2 2 8605 1517 7987
2 2 4116 4117 4115
2 2 2874 1382 7264
2 2 4118 4119 7458
2 2 7840 7841 7839
2 2 2393 1385 7265
2 2 4703 1144 9249
2 2 4122 3824 4121
2 2 4123 4124 3822
2 2 2785 1145 7263
2 2 3026 886 2577
2 2 492 1145 2575
2 2 3395 3396 3394
2 2 4126 4127 4125
2 2 2800 2801 2799
1 2 4129 4130 4128
1 2 4132 4133 4131
1 2 2803 2804 2802
2 2 1154 537 7205
2 2 7206 1153 6217
2 2 6333 6334 6215
1 2 6336 6337 6335
1 2 5125 5126 5124
1 2 4135 4136 4134
2 2 2262 2263 4508
2 2 1158 598 1159
2 2 2265 2266 4514
2 2 2805 2806 5608
2 2 1161 612 1162
2 2 2808 2809 4566
2 2 5128 5129 5127
2 2 3398 3399 3397
2 2 7843 7844 7842
2 2 6339 6340 6338
2 2 4138 4139 4137
2 2 517 1169 4721
2 2 6342 6343 6341
2 2 4141 4142 4140
2 2 617 1172 4722
2 2 7846 7847 7845
2 2 4144 4145 4143
2 2 648 1175 4729
2 2 7849 7850 7848
2 2 1177 1176 3685
2 2 6145 6345 6344
2 2 4574 4796 9246
2 2 4522 4797 9247
2 2 766 1181 2389
2 2 2814 2815 5611
2 2 1183 1182 7617
2 2 2271 2272 3534
2 2 1186 169 3560
2 2 1185 954 3333
2 2 3103 823 2865
2 2 7852 7853 7851
2 2 2231 2393 6772
2 2 4147 4148 4146
1 2 4150 4151 4149
2 2 5937 3615 5774
2 2 5131 5132 5130
2 2 3388 3401 3400
2 2 7855 7856 7854
2 2 7858 7859 7857
2 2 940 1192 4432
2 2 2605 2817 5614
2 2 4751 882 3940
2 2 3092 883 2744
2 2 3254 949 9250
2 2 982 1194 4763
2 2 7861 7862 7860
2 2 3630 3004 6930
2 2 3402 1062 6315
2 2 1136 1196 3269
2 2 2699 885 2746
2 2 1175 1197 4883
2 2 7863 7864 7848
2 2 4738 1060 4077
2 2 3939 1171 4141
2 2 969 971 3344
2 2 4609 969 3997
2 2 2748 2382 6766
2 2 2819 2820 8513
2 2 1066 1068 4674
2 2 1066 377 6076
2 2 1760 909 3959
2 2 2711 1186 2864
2 2 2394 1147 4126
2 2 2736 976 7268
1 2 7866 7867 7865
1 2 4198 931 7281
2 2 978 1201 5716
2 2 981 1202 6753
2 2 985 280 2292
2 2 987 989 6302
2 2 4616 987 6300
2 2 1406 1152 7205
2 2 990 891 2750
2 2 4156 4157 4155
2 2 1075 1077 3628
2 2 2457 1075 4092
2 2 1315 910 3555
2 2 4097 4159 4158
2 2 7869 7870 7868
2 2 4677 1084 6318
2 2 2752 2823 2822
2 2 3093 895 2753
1 2 4766 1003 6387
1 2 1012 1206 4769
2 2 4094 4161 4160
2 2 4617 1078 7269
2 2 1106 896 2755
2 2 9254 2824 8519
2 2 1153 1057 6899
2 2 1153 536 3692
2 2 7872 7873 7871
2 2 2510 1208 2513
1 2 4793 1150 4132
1 2 2791 3061 8602
1 2 3187 996 9255
1 2 4767 1000 4023
1 2 1002 1210 5560
1 2 4768 1006 4035
1 2 4770 1009 4044
1 2 4771 1011 9256
1 2 3408 1015 7816
1 2 7875 7876 7874
2 2 3391 972 6346
2 2 6346 6347 6105
1 2 6348 6349 6335
1 2 5033 920 7254
1 2 5938 2574 5729
1 2 899 1213 3181
1 2 900 1151 2804
2 2 923 1207 3633
2 2 3371 3268 5771
2 2 5133 5134 5086
2 2 3949 4163 4162
2 2 903 1215 5933
2 2 4848 1216 9141
2 2 1970 2331 5533
2 2 5807 2376 8373
2 2 2829 2830 6855
2 2 7878 7879 7877
2 2 2846 1019 5825
2 2 1352 1088 4100
2 2 2832 2833 6857
2 2 6351 6352 6350
2 2 1122 1220 2402
1 2 5136 5137 5135
1 2 1372 1099 3581
2 2 7881 7882 7880
2 2 1091 1222 4783
2 2 944 1218 4757
2 2 7884 7885 7883
2 2 5939 2330 9319
1 2 6354 6355 6353
1 2 1027 1032 4661
1 2 3550 1027 4064
1 2 4662 1031 7819
1 2 925 930 3619
1 2 3618 925 3319
1 2 4645 929 6287
2 2 934 939 3967
2 2 3551 934 5093
2 2 6357 6358 6356
2 2 6360 6361 6359
2 2 4635 943 3977
2 2 3988 947 3987
2 2 2519 3020 8568
2 2 1922 2309 9112
2 2 2068 1105 7272
2 2 1178 1226 7373
2 2 4165 4166 4164
2 2 1421 1158 2262
2 2 1109 1111 2244
2 2 439 1111 1109
2 2 6363 6364 6362
2 2 4167 4168 3954
2 2 4713 908 3957
2 2 1988 911 5940
2 2 4169 4170 3956
2 2 2836 2837 2835
2 2 3960 4756 8991
2 2 1106 437 9120
2 2 1426 1161 2805
1 2 3310 3617 8763
1 2 3150 917 3314
1 2 6366 6367 6365
2 2 3097 922 2768
1 2 2484 926 3323
1 2 3098 928 2771
1 2 6369 6370 6368
2 2 2014 2345 6751
2 2 1969 1231 5713
2 2 2495 3014 7274
2 2 2312 1233 1925
2 2 4801 1499 4338
2 2 2843 2844 8528
2 2 2533 953 2775
2 2 4172 4173 4171
2 2 9260 2709 8604
2 2 2193 1043 5107
2 2 4703 2363 8988
2 2 1996 2336 9261
2 2 4685 1135 6331
2 2 5941 3107 5739
2 2 2343 1187 6771
1 2 4175 4176 4174
1 2 1118 1213 6015
1 2 1118 459 3182
2 2 3622 963 3343
2 2 4760 1879 4430
2 2 979 1230 3624
2 2 979 278 2015
2 2 4758 3015 7397
2 2 1310 1237 4606
2 2 4177 4178 3810
1 2 4907 2397 4868
1 2 3096 1096 8565
1 2 9262 2500 8566
1 2 4908 2399 4872
2 2 3330 968 4654
2 2 4762 970 3999
2 2 6726 2276 6725
2 2 2461 1241 7154
2 2 988 1241 4764
2 2 990 283 9132
2 2 2620 991 6307
2 2 4180 4181 4179
1 2 4765 997 7916
1 2 2056 1205 9263
1 2 3606 1005 4031
1 2 7275 2059 9264
1 2 2030 2350 8336
1 2 4773 2140 8365
2 2 1016 1240 3623
2 2 2846 2847 7276
2 2 1020 1245 5545
2 2 7887 7888 7886
2 2 4183 4184 4182
2 2 3259 1024 9267
2 2 3626 1025 3364
2 2 1248 767 1453
1 2 2481 1028 7258
1 2 3598 1030 3369
1 2 6372 6373 6371
2 2 4805 2319 4556
1 2 2020 2279 8302
2 2 1972 1245 8737
2 2 2522 1564 8750
2 2 4778 1067 7361
2 2 1041 1252 4803
2 2 1177 343 7158
1 2 4128 1561 9133
2 2 7890 7891 7889
2 2 5942 1815 5402
2 2 5138 5139 5109
2 2 3634 1824 3514
2 2 4632 1046 9433
2 2 3141 1048 7824
2 2 7827 2424 8549
2 2 3147 1053 7830
2 2 4666 2634 6908
1 2 1563 1056 5943
2 2 1947 1058 9241
1 2 4909 2405 4881
2 2 1061 361 4913
2 2 1069 363 7109
2 2 3629 1076 3381
2 2 4185 4095 3792
2 2 7893 7894 7892
2 2 4080 4187 4186
2 2 2403 1133 2261
2 2 1626 1065 4082
2 2 5141 5142 5140
2 2 2078 1127 3389
1 2 7171 1103 7262
2 2 6375 6376 6374
2 2 4643 1259 6577
2 2 7279 2569 6872
2 2 3696 1082 4098
2 2 6378 6379 6377
2 2 1086 390 4697
2 2 4782 1087 4099
2 2 4188 4189 3796
2 2 3234 1089 3387
1 2 1260 488 1912
2 2 1841 1094 1810
2 2 1095 1261 2396
1 2 4190 4108 3828
1 2 7896 7897 7895
2 2 1145 492 3741
2 2 1159 1108 2238
2 2 440 753 1112
1 2 1262 493 2411
2 2 1162 1114 2247
2 2 1115 451 3731
2 2 1788 1182 2814
1 2 3635 1833 3517
1 2 1119 1264 4786
2 2 3100 1148 2801
1 2 1265 497 1916
2 2 1866 1121 2257
2 2 598 1108 1159
2 2 2281 2282 2224
2 2 3099 1128 2795
2 2 612 1114 1162
1 2 5143 5144 4955
2 2 1261 489 7186
2 2 2873 2975 8606
1 2 1908 1262 1910
2 2 3405 3394 3400
1 2 1909 1260 2395
2 2 6434 1166 7842
2 2 1169 517 6587
2 2 7266 1154 6334
1 2 5936 1156 5125
1 2 4794 1157 4136
1 2 1266 661 2412
1 2 1267 655 3138
2 2 1172 617 5994
2 2 1220 490 7198
1 2 1268 866 3140
1 2 873 866 1269
1 2 4192 4193 4191
1 2 1100 432 4798
2 2 4761 2310 5548
2 2 2416 1126 4112
2 2 2006 2087 8304
2 2 4792 1144 4124
2 2 7899 7900 7898
2 2 4450 3587 8765
2 2 2860 2861 2859
2 2 6381 6382 6380
2 2 7902 7903 7901
2 2 2341 1192 6774
2 2 940 236 7113
2 2 5747 1600 8748
2 2 4759 949 3989
2 2 2862 2426 2524
2 2 982 281 2427
2 2 2284 2285 6729
2 2 7061 2855 6913
2 2 2432 2980 8723
2 2 1136 494 2433
2 2 4808 2287 4528
2 2 1175 648 6099
2 2 3080 1198 6777
2 2 2864 2865 2863
2 2 1328 1470 4308
1 2 5146 5147 5145
1 2 9253 1033 8962
1 2 6384 6385 6383
2 2 9273 2866 8542
2 2 3543 978 6291
2 2 9274 2290 8311
2 2 4615 981 6294
2 2 1203 386 3093
2 2 386 1203 1073
2 2 894 210 3104
1 2 6387 6388 6386
1 2 4772 1012 4053
2 2 3633 1165 3398
2 2 1208 289 3017
2 2 289 1208 994
1 2 7905 7906 7904
1 2 4621 996 4013
1 2 2325 1210 4768
1 2 3625 1002 3360
1 2 7908 7909 7907
1 2 4623 1011 4049
1 2 6390 6391 6389
1 2 2990 1130 2797
1 2 4752 899 3946
1 2 900 460 7655
2 2 923 231 4626
1 2 253 655 1270
2 2 7911 7912 7910
2 2 4753 903 3950
2 2 4195 4196 4194
2 2 1018 308 4196
2 2 3620 1050 5116
2 2 4757 1168 4138
2 2 4182 906 3953
2 2 469 1220 1122
1 2 2870 2871 2869
1 2 1098 423 2871
2 2 1971 935 7810
2 2 2476 1222 6747
2 2 5935 1091 5119
2 2 944 240 4943
2 2 3699 1023 4062
2 2 5149 5150 5148
2 2 7914 7915 7913
2 2 4775 1036 4069
2 2 4761 962 3995
2 2 2049 1227 4795
2 2 7267 1178 6345
2 2 3636 2337 9322
2 2 4795 1174 4144
2 2 4760 958 3992
1 2 3096 919 2765
1 2 4197 3966 4149
2 2 3624 937 5096
2 2 2858 941 3972
2 2 4758 946 3983
2 2 950 158 6380
2 2 961 242 3634
1 2 248 661 1271
2 2 1185 182 3636
2 2 3621 959 3337
1 2 3637 1264 3409
2 2 4791 1143 4122
2 2 3587 965 9280
1 2 1238 1271 2407
1 2 9501 4809 9455
2 2 3638 1818 7282
1 2 1239 1270 2408
1 2 9502 4810 9462
1 2 7283 4806 7278
2 2 3623 975 3354
2 2 4764 984 6297
2 2 988 284 6138
2 2 5934 993 5099
1 2 7916 7813 7574
1 2 4766 999 4019
1 2 4769 1008 4040
1 2 4773 1014 4058
2 2 1016 307 4664
2 2 1020 314 9130
2 2 5148 1021 5105
2 2 2523 1024 6308
2 2 766 324 1248
2 2 766 1248 1181
1 2 4191 1034 4067
2 2 1035 47 4666
2 2 6393 6394 6392
2 2 2052 1067 4085
2 2 4776 1041 4072
2 2 2289 1242 5934
2 2 4801 1045 5113
2 2 3232 1046 3375
1 2 359 497 1275
1 2 1254 1275 2409
1 2 9503 4812 9482
2 2 2563 1255 4784
2 2 4784 1092 4105
2 2 3797 1063 9281
2 2 4777 1064 4081
2 2 4779 1070 4087
2 2 1071 385 1677
2 2 4781 1072 4089
2 2 3630 1083 3383
1 2 9504 3639 9439
2 2 418 1261 1095
1 2 4199 4200 4198
2 2 7263 1107 6326
1 2 7469 3640 7440
1 2 4785 1117 4109
1 2 1119 461 5854
1 2 9505 4814 9466
2 2 2872 2873 7285
1 2 9506 4815 9475
1 2 2810 3101 4816
2 2 2402 1180 2269
1 2 4817 2273 9514
1 2 2410 1268 2406
2 2 2875 2876 2851
1 2 2408 1267 3101
1 2 2407 1266 2404
1 2 3409 3410 3174
1 2 493 1271 1238
1 2 1276 259 1911
2 2 4781 4813 7095
1 2 495 1270 1239
1 2 1274 1277 4811
1 2 1676 1883 7286
1 2 1277 260 2415
1 2 2409 1265 2401
1 2 859 1275 1254
1 2 4813 4818 7287
1 2 261 1277 1274
1 2 4811 1276 4818
1 2 7918 7919 7917
1 2 5152 5153 5151
1 2 666 1280 5780
1 2 5224 1283 9068
1 2 4202 4203 4201
1 2 4205 4206 4204
2 2 1286 197 4840
2 2 3412 3413 3411
2 2 475 1286 3541
1 2 1289 691 5246
1 2 5796 1288 4927
1 2 5154 5155 4925
2 2 5157 5158 5156
2 2 1291 1290 2552
2 2 4208 4209 4207
2 2 1295 396 5800
2 2 5190 1294 4933
2 2 5159 5160 4931
2 2 3415 3416 3414
2 2 1297 1296 3546
2 2 345 1298 3545
2 2 4211 4212 4210
2 2 1300 1299 5196
2 2 4628 372 9286
2 2 5947 1304 5258
2 2 1303 1302 3709
2 2 3418 3419 3417
2 2 5162 5163 5161
2 2 5165 5166 5164
2 2 4214 4215 4213
2 2 3706 4217 4216
2 2 4420 1309 3707
2 2 3811 4218 3705
2 2 4220 4221 4219
2 2 1312 1311 5776
2 2 476 1313 4639
2 2 3421 3422 3420
2 2 4223 4224 4222
2 2 3424 3425 3423
2 2 4222 1318 5208
2 2 3426 3427 3420
2 2 6396 6397 6395
2 2 1321 197 4318
2 2 9282 4640 9001
2 2 4226 4227 4225
1 2 7921 7922 7920
1 2 1323 1322 9269
1 2 5168 5169 5167
1 2 4229 4230 4228
1 2 4232 4233 4231
1 2 646 1327 4653
2 2 4235 4236 4234
2 2 1329 1328 4305
2 2 4238 4239 4237
2 2 5171 5172 5170
2 2 3429 3430 3428
2 2 334 1333 3573
2 2 5257 1336 7950
2 2 3432 3433 3431
2 2 344 1336 3574
2 2 5164 1338 9278
2 2 1337 1305 5161
2 2 4241 4242 4240
2 2 5174 5175 5173
2 2 5177 5178 5176
2 2 5180 5181 5179
1 2 1344 384 9285
1 2 5183 5184 5182
1 2 251 1344 5841
2 2 5186 5187 5185
2 2 1346 1345 4245
2 2 394 1347 5842
2 2 5189 5185 5188
2 2 1291 1348 2547
2 2 4244 4245 4243
2 2 5191 5192 5190
2 2 1349 1293 5800
2 2 4247 4248 4246
2 2 4678 1353 7181
2 2 4679 1352 3779
2 2 4249 4250 3777
2 2 5194 5195 5193
2 2 1355 1354 5540
2 2 4252 4253 4251
2 2 1359 411 5254
2 2 4255 4256 4254
2 2 139 1359 4681
2 2 5197 5198 5196
2 2 1360 1299 4210
2 2 4258 4259 4257
1 2 5200 5201 5199
1 2 1363 1362 3222
1 2 4261 4262 4260
1 2 3437 1367 9287
1 2 3782 4684 8967
1 2 4263 4264 3780
1 2 7924 7925 7923
1 2 4315 1369 3785
1 2 4192 4265 3783
1 2 4267 4268 4266
1 2 2065 1372 5952
1 2 4270 4271 4269
1 2 1376 431 2296
1 2 4273 4274 4272
1 2 4276 4277 4275
2 2 5203 5204 5202
2 2 2555 1360 9283
2 2 5206 5207 5205
2 2 3805 4279 4278
2 2 4696 1380 3806
2 2 4280 4281 3804
2 2 3817 4116 4282
2 2 4701 1383 3818
2 2 3816 1137 4346
2 2 4702 1387 7840
2 2 4284 3821 4283
2 2 3819 1139 7990
2 2 5209 5181 5208
2 2 1388 1318 6395
2 2 5211 5175 5210
2 2 1391 196 5969
2 2 1390 1389 3166
2 2 3715 4286 4285
2 2 5213 5214 5212
2 2 5216 5217 5215
2 2 3435 3436 3434
1 2 4684 1396 9028
1 2 3438 3439 3437
1 2 3590 425 5268
1 2 5219 5220 5218
1 2 5222 5223 5221
1 2 4288 4289 4287
1 2 4201 1401 9065
1 2 5225 5226 5224
1 2 4291 4292 4290
2 2 6399 6400 6398
2 2 1403 1402 9060
2 2 522 1404 7203
2 2 4294 4295 4293
2 2 7927 7928 7926
2 2 537 1407 4710
2 2 5228 5229 5227
2 2 7930 7931 7929
2 2 536 1410 5874
2 2 1413 92 9294
2 2 1411 543 1412
2 2 6402 6403 6401
1 2 5231 5232 5230
1 2 5234 5235 5233
1 2 4297 4298 4296
2 2 1419 591 5968
2 2 6405 6406 6404
2 2 6408 6409 6407
2 2 2877 2878 5620
2 2 1420 597 1421
2 2 2880 2881 4578
2 2 2884 2877 2883
2 2 1423 605 1424
2 2 597 1420 3045
2 2 2885 2886 5626
2 2 1425 611 1426
2 2 2888 2889 5632
2 2 7979 1430 7560
2 2 2892 2893 2891
2 2 622 1430 3046
2 2 623 1431 1433
2 2 5237 5238 5236
2 2 5240 5241 5239
2 2 5019 5243 5242
2 2 5900 1435 5020
2 2 5244 5245 5018
1 2 4300 4301 4299
1 2 4303 4304 4302
1 2 644 1439 4728
1 2 7933 7934 7932
1 2 7936 7937 7935
1 2 683 1442 9200
1 2 7939 7940 7938
1 2 7942 7943 7941
1 2 685 1445 9201
2 2 6411 6412 6410
2 2 1446 701 1447
2 2 703 1448 7237
2 2 2894 2895 5638
2 2 1449 757 1450
2 2 2897 2898 5644
2 2 5959 2900 5652
2 2 4838 2903 4583
2 2 767 1454 3064
2 2 5960 2906 5661
2 2 5961 2909 5667
2 2 786 1457 3069
2 2 5962 3440 5757
2 2 4586 4839 9284
2 2 801 1460 3074
2 2 2916 2917 2915
2 2 1462 1461 5963
2 2 845 1463 3081
1 2 1466 254 3082
1 2 3083 1465 2718
1 2 849 1466 2716
1 2 7945 7946 7944
1 2 1468 1467 3175
1 2 836 1469 4700
2 2 4306 4307 4305
2 2 1470 1328 4234
2 2 4309 4310 4308
1 2 7947 7948 7917
1 2 1279 1472 3917
1 2 2723 2681 5734
1 2 1682 1397 5218
1 2 1282 1474 2593
1 2 6414 6415 6413
2 2 2564 3038 5726
2 2 7950 7951 7949
2 2 1407 1478 4834
2 2 3629 1339 5173
2 2 1403 1479 8975
2 2 4840 1321 4320
2 2 2919 2920 2918
2 2 1286 475 3798
2 2 1349 1481 4824
2 2 3571 1335 3432
2 2 4312 4239 4311
2 2 1448 1482 7293
1 2 1441 1483 3865
2 2 2844 3107 9016
1 2 7953 7954 7952
2 2 2002 2340 9019
1 2 5168 5247 5246
1 2 5154 5249 5248
1 2 4744 1488 4175
1 2 9285 7171 9056
2 2 1410 536 7206
2 2 1346 1489 8572
2 2 5250 5251 5156
2 2 4673 1292 4209
2 2 7956 7957 7955
2 2 5202 1294 8575
2 2 5252 5253 5242
2 2 1412 1491 7290
2 2 2380 1296 3414
2 2 1297 100 4735
2 2 1298 345 2541
1 2 1469 1464 3082
1 2 1469 836 7122
1 2 1415 1492 4835
1 2 2112 1414 5230
2 2 6417 6418 6416
2 2 7959 7960 7958
2 2 5255 5256 5254
2 2 4254 1356 4253
2 2 6420 6421 6419
2 2 3404 1301 9286
2 2 1496 703 1447
2 2 4414 1559 6591
2 2 148 417 1303
2 2 5258 5259 5257
1 2 4261 4314 4313
1 2 7962 7963 7961
1 2 4316 4264 4315
1 2 3582 1376 4277
2 2 2668 1480 3641
1 2 7297 2560 6887
2 2 2977 1494 5954
2 2 4820 1307 4215
2 2 6423 6424 6422
2 2 1347 1309 5951
2 2 3227 1310 4218
2 2 1418 1499 7292
2 2 1736 1417 5968
2 2 5261 5262 5260
2 2 4317 4219 3717
2 2 2915 3120 5742
2 2 1313 1500 4821
2 2 3714 4318 3801
2 2 4640 1390 9288
2 2 3554 1389 5969
2 2 1424 1501 7680
2 2 4822 1315 4223
2 2 1340 1502 5950
2 2 2048 1503 7363
2 2 3643 1317 3426
2 2 3020 1504 2534
2 2 4320 4227 4319
1 2 1343 1505 3931
1 2 7920 4699 9032
1 2 1323 250 5964
1 2 1324 1373 4271
1 2 3563 1467 7944
2 2 3718 1471 4344
2 2 1431 623 4547
2 2 1430 622 5236
1 2 1465 220 6593
1 2 2159 1507 5830
1 2 4717 1326 4232
1 2 1327 1508 4823
2 2 3040 1500 2579
2 2 1777 1449 2894
2 2 2831 1338 4242
2 2 7965 7966 7964
2 2 4321 4322 3684
1 2 1443 1507 4837
2 2 5212 2422 9049
2 2 3644 3647 8771
2 2 2923 2924 8543
2 2 1623 1348 5188
1 2 2501 2568 6895
2 2 1347 394 3812
2 2 2525 2449 9289
2 2 7968 7969 7967
2 2 1352 406 4627
2 2 4826 1353 4250
2 2 1963 1354 5193
2 2 9290 3243 8747
2 2 4827 1358 4255
2 2 1359 139 2834
2 2 5264 5265 5263
2 2 1513 787 1785
1 2 5267 5268 5266
1 2 5269 5270 5199
1 2 4828 1364 4262
1 2 7971 7972 7970
1 2 1369 429 4603
1 2 4265 4774 8996
1 2 4266 2362 5566
1 2 431 1099 1372
1 2 2274 2295 5518
1 2 4829 1375 4273
2 2 4830 1381 4281
2 2 1514 802 1794
2 2 1378 1476 5953
2 2 3105 1515 2836
2 2 7974 7975 7973
1 2 1516 105 3597
2 2 2367 1382 4282
2 2 7977 7978 7976
2 2 6426 6427 6425
2 2 2417 1385 4702
2 2 4324 4325 4323
2 2 1520 500 7854
2 2 4831 1391 4286
2 2 3927 4326 8804
2 2 3645 1394 3436
1 2 5955 1398 5222
1 2 3195 1521 6780
1 2 6429 6430 6428
1 2 6432 6433 6431
1 2 5956 1400 5225
1 2 4833 1401 4292
2 2 5413 1522 9159
2 2 5012 1402 6398
2 2 1523 589 1987
2 2 5799 1406 7927
2 2 3690 1524 3757
2 2 9294 3237 8744
1 2 4836 1416 4298
2 2 5272 5273 5271
2 2 597 1158 1421
1 2 4912 3109 6036
2 2 1796 1423 2883
2 2 1450 1425 2885
2 2 611 1161 1426
1 2 6080 3111 6038
2 2 5112 1525 6446
2 2 7980 7981 7979
2 2 2093 1528 3219
1 2 1527 1529 3122
1 2 1526 1530 3121
2 2 757 1425 1450
1 2 664 874 1530
2 2 2478 1436 5245
1 2 1439 644 5783
1 2 5971 2314 5552
1 2 665 857 1529
1 2 4732 1472 3862
1 2 2493 1473 7303
1 2 4823 1440 7932
1 2 3868 4734 8981
1 2 4802 1488 5946
1 2 1531 857 3134
1 2 1532 859 3135
2 2 3018 1453 2904
2 2 1454 1533 3115
1 2 6081 3117 6048
2 2 822 786 1533
1 2 6082 3118 6050
2 2 1536 870 3833
1 2 1534 1537 3123
1 2 1535 1538 3124
1 2 3122 1531 3113
1 2 1537 876 7537
1 2 3123 1532 3114
1 2 3863 1279 5152
1 2 1280 666 7303
1 2 3610 1516 4348
1 2 4819 1282 4202
1 2 2928 1283 4206
2 2 1435 395 5953
2 2 4914 5784 9042
2 2 1336 344 4915
2 2 1702 1493 7304
2 2 6435 6436 6434
2 2 3148 3540 8721
2 2 1407 537 3149
2 2 4329 4330 4328
2 2 1403 520 7487
2 2 3641 1285 3412
2 2 6438 6439 6437
2 2 396 1481 1349
2 2 4970 1482 9085
2 2 1448 703 7490
1 2 4608 1483 7500
1 2 7501 1441 7936
2 2 9295 3108 8638
2 2 1470 270 9295
2 2 4636 1830 4845
1 2 4332 4333 4331
1 2 1445 685 4333
2 2 6441 6442 6440
2 2 1380 204 2298
1 2 1288 692 3869
1 2 5946 1289 5155
2 2 7983 7984 7982
2 2 2930 2931 2929
2 2 392 1489 1346
2 2 5275 5276 5274
2 2 1941 1316 3425
2 2 9296 2556 8576
2 2 5900 1295 5160
2 2 2933 2934 2932
2 2 543 1491 1412
1 2 6444 6445 6443
1 2 5957 1415 5234
1 2 4832 3406 9440
2 2 1337 125 7304
2 2 5954 1393 5216
2 2 1300 415 7296
2 2 4335 4336 4334
2 2 1447 701 5805
2 2 4636 1302 5947
2 2 3642 1304 3419
1 2 6964 3221 6963
1 2 3446 1395 3438
2 2 5165 3444 8770
2 2 4338 4339 4337
2 2 7291 1418 6405
2 2 4341 4342 4340
2 2 1312 194 5963
2 2 1313 476 2580
2 2 1506 199 2209
2 2 1501 606 3257
2 2 605 1501 1424
2 2 5949 1340 5177
2 2 3448 3449 3447
2 2 1333 334 3449
2 2 7985 7986 7964
1 2 4746 1505 4956
1 2 4957 1343 5183
1 2 5948 1324 5169
2 2 4344 4310 4343
1 2 2840 1510 7307
1 2 4837 1438 4303
1 2 1327 646 5901
2 2 1329 59 4821
2 2 3644 1332 3429
1 2 4967 1443 7938
2 2 4825 2866 8632
2 2 2040 1524 5974
1 2 1344 251 7307
2 2 4825 1350 4248
2 2 4327 1361 4259
2 2 786 417 1513
2 2 786 1513 1457
2 2 1514 801 3832
2 2 801 1514 1460
2 2 2565 1378 5207
2 2 1515 474 3106
2 2 474 1515 1388
2 2 3586 1528 5958
1 2 1468 470 4349
2 2 7978 7988 7987
2 2 4117 4346 4345
2 2 4325 4284 4118
2 2 7841 7990 7989
1 2 4832 1399 4289
2 2 6436 1413 6403
2 2 1404 522 4342
2 2 5974 1409 7930
2 2 6447 6409 6446
1 2 2882 3110 4842
1 2 2890 3112 5975
2 2 5958 1433 5241
1 2 655 1529 1527
1 2 661 1530 1526
1 2 2899 3113 5976
1 2 2900 3114 5977
2 2 767 1533 1454
1 2 2906 3116 5978
2 2 3115 1456 2910
1 2 3440 3646 5979
2 2 3119 1459 2913
1 2 843 1537 1534
1 2 869 1538 1535
1 2 2299 2300 4529
1 2 4348 4349 4347
2 2 1542 94 5294
2 2 5278 5279 5277
2 2 4351 4352 4350
2 2 7170 1545 6492
2 2 6449 6450 6448
2 2 7111 366 6489
2 2 1548 515 7202
2 2 1547 1546 6527
2 2 5980 514 5358
2 2 6452 6453 6451
2 2 3856 1550 9297
2 2 5281 5282 5280
2 2 376 1552 1554
2 2 5284 5285 5283
2 2 375 1554 5789
2 2 95 1555 1557
2 2 4354 4355 4353
2 2 4357 4358 4356
2 2 6455 6456 6454
2 2 1559 1558 7298
2 2 4360 4361 4359
1 2 4929 5287 5286
1 2 5797 1562 4930
1 2 293 1563 4928
2 2 6458 6459 6457
2 2 1564 337 1565
2 2 6461 6462 6460
2 2 1569 367 7318
2 2 1567 402 1568
2 2 5981 401 5316
2 2 6464 6465 6463
2 2 6467 6468 6466
2 2 7130 555 6549
2 2 7992 7993 7991
2 2 1574 1573 4851
2 2 4188 4363 4362
2 2 6470 6471 6469
2 2 1576 571 1577
2 2 6473 6474 6472
2 2 1581 148 4415
2 2 1580 1579 6590
2 2 5982 489 5408
2 2 7995 7996 7994
2 2 7998 7999 7997
2 2 4365 4366 4364
2 2 515 1585 1587
2 2 1586 1585 5366
2 2 5289 5290 5288
2 2 5790 1590 4920
2 2 1589 1588 4642
2 2 3451 3452 3450
2 2 1593 90 8064
2 2 6476 6477 6475
2 2 6479 6480 6478
1 2 5292 5293 5291
1 2 1595 1594 4620
1 2 850 1596 5810
2 2 6482 6483 6481
2 2 1598 1597 4369
2 2 653 1599 7143
2 2 8001 8002 8000
2 2 8004 8005 8003
2 2 8007 8008 8006
2 2 5277 1597 6481
2 2 5295 5296 5294
2 2 4368 4369 4367
2 2 3454 3455 3453
2 2 4371 4372 4370
2 2 9299 3567 8780
2 2 4374 4375 4373
2 2 8010 8011 8009
2 2 4658 283 8057
1 2 1562 101 4849
1 2 5298 5299 5297
1 2 293 1562 5821
2 2 1614 313 5824
2 2 5301 4963 5300
2 2 5302 5303 4961
2 2 8013 8014 8012
2 2 6485 6486 6484
2 2 4377 4378 4376
2 2 8016 8017 8015
2 2 5305 5306 5304
2 2 4380 4381 4379
1 2 5307 5081 5297
1 2 1621 1610 4849
1 2 862 1622 4850
2 2 7110 1625 6091
2 2 1623 26 1624
2 2 5309 5310 5308
2 2 6488 6489 6487
2 2 1627 1626 5987
2 2 6491 6492 6490
2 2 1629 368 6448
2 2 7170 1628 6158
2 2 6493 6494 6156
2 2 6496 6497 6495
2 2 1630 398 1631
2 2 6499 6500 6498
2 2 6163 6502 6501
2 2 7173 1634 6164
2 2 6503 6504 6162
2 2 5312 5313 5311
2 2 1568 1636 6000
2 2 5846 402 5335
2 2 5315 5316 5314
2 2 1628 1638 7319
2 2 367 1569 5847
2 2 402 1567 1639
2 2 1627 1567 7318
2 2 5318 5319 5317
2 2 4851 1641 4387
2 2 8018 8019 7991
2 2 5321 5322 5320
2 2 1644 412 5848
2 2 5324 4987 5323
2 2 5325 5326 4985
1 2 421 1645 1647
1 2 5328 5329 5327
1 2 151 1647 5850
1 2 5331 5332 5330
1 2 1648 426 1649
1 2 5852 154 5344
2 2 5988 1639 5319
2 2 6506 6507 6505
2 2 402 1639 7176
2 2 5334 5335 5333
2 2 1654 1653 8726
2 2 5853 123 5313
2 2 442 1655 1657
2 2 6509 6510 6508
2 2 443 1657 7178
2 2 6512 6513 6511
2 2 1658 445 1659
2 2 447 1660 7179
2 2 1663 450 9308
2 2 5337 5338 5336
2 2 5340 5341 5339
2 2 6178 6515 6514
2 2 6517 6179 6516
2 2 242 1666 6177
2 2 7326 4382 7078
2 2 5992 2935 5673
2 2 852 1669 3035
1 2 5343 5344 5342
1 2 8021 8022 8020
1 2 5346 5332 5345
2 2 1674 53 6002
2 2 1672 275 1673
2 2 6519 6520 6518
2 2 1677 385 7470
2 2 7327 3456 6969
2 2 6522 6523 6521
2 2 5300 1641 5322
2 2 1678 1612 5824
2 2 4386 4387 4385
1 2 482 1679 1680
1 2 5348 5349 5347
1 2 420 1680 5857
1 2 5351 5352 5350
1 2 6525 6526 6524
1 2 5354 5355 5353
2 2 5357 5358 5356
2 2 1685 1684 5372
2 2 515 1548 5872
2 2 6208 6528 6527
2 2 7202 1686 6209
2 2 6529 6530 6207
2 2 1690 531 6001
2 2 8024 8025 8023
2 2 4389 4390 4388
1 2 6532 6533 6531
1 2 1692 1691 7419
1 2 6535 6536 6534
1 2 6538 6539 6537
1 2 1695 1694 6429
1 2 6541 6542 6540
1 2 1699 540 7207
1 2 6544 6220 6543
1 2 351 1699 6218
1 2 6545 6546 6524
1 2 5359 5360 5350
1 2 5362 5363 5361
2 2 6548 6549 6547
2 2 6551 6552 6550
2 2 7212 556 6465
2 2 561 1704 1706
2 2 8027 8028 8026
2 2 8030 8031 8029
2 2 8033 8034 8032
2 2 1708 1707 9191
2 2 519 1709 9163
2 2 1712 40 6582
2 2 1710 568 1711
2 2 1712 1711 563
2 2 6554 6474 6553
2 2 1713 31 1714
2 2 7213 556 6471
2 2 1717 572 9166
2 2 8036 7678 8035
2 2 8037 8038 7676
2 2 8039 8040 7997
2 2 8041 8042 7994
2 2 4392 4393 4391
2 2 5365 5290 5364
2 2 1686 1720 7329
2 2 515 1587 5880
2 2 5367 5368 5366
2 2 1585 515 1685
2 2 5881 177 5392
2 2 6556 6530 6555
2 2 1723 1722 7227
2 2 6558 6528 6557
2 2 6560 6561 6559
2 2 1724 21 1725
2 2 586 1726 7218
2 2 1729 516 7334
2 2 5370 5371 5369
2 2 176 1729 5882
2 2 5373 5374 5372
2 2 1730 1684 5356
2 2 5883 588 5386
2 2 514 1732 1734
2 2 5376 5377 5375
2 2 587 1734 5884
2 2 5379 5380 5378
2 2 1736 1735 9014
2 2 5382 5383 5381
2 2 1740 608 7347
2 2 1739 1738 3727
2 2 6563 6564 6562
2 2 5385 5386 5384
2 2 8044 8045 8043
2 2 5388 5374 5387
2 2 5390 5383 5389
2 2 1744 1743 8731
2 2 5888 178 5380
2 2 6237 6566 6565
2 2 7223 1746 6238
2 2 358 1747 6236
2 2 94 1542 1749
2 2 1748 1542 4352
2 2 542 1749 7225
2 2 5016 5392 5391
2 2 5897 1751 5017
2 2 5393 5368 5015
2 2 4395 4396 4394
2 2 1753 1752 4847
2 2 647 1754 4725
2 2 1757 138 5989
2 2 8047 8048 8046
2 2 5395 5396 5394
2 2 203 1758 1760
2 2 1759 1758 2608
2 2 650 1760 4641
2 2 696 1761 1763
2 2 5398 5399 5397
2 2 697 1763 5909
2 2 1766 700 6573
2 2 1764 699 1765
2 2 5996 406 5437
1 2 728 1767 1769
1 2 4856 2938 4589
1 2 729 1769 3060
2 2 3459 3460 6973
2 2 1770 753 1771
2 2 3462 3463 6979
2 2 3465 3466 6985
2 2 1773 754 1774
2 2 3468 3469 6991
2 2 2941 2942 5677
2 2 1776 756 1777
2 2 2944 2945 5683
1 2 759 1779 1781
1 2 4857 2947 4592
1 2 760 1781 3063
1 2 8050 8051 8049
1 2 9517 2950 9515
1 2 759 1783 3067
2 2 5997 3471 5760
2 2 5998 2952 5691
2 2 787 1786 3068
2 2 3474 3475 8705
2 2 1787 788 1788
2 2 3477 3478 6997
2 2 2955 2956 5695
2 2 1790 791 1791
2 2 9306 4397 8811
2 2 7338 3480 7005
2 2 7339 3483 7011
2 2 802 1795 3602
2 2 811 1796 1798
2 2 5701 2958 5700
2 2 4860 3075 4601
1 2 1801 224 8079
1 2 1800 1799 2720
1 2 734 1801 4619
2 2 5999 2961 6893
2 2 7340 4400 8814
2 2 817 1804 3086
1 2 4404 4405 4403
1 2 8053 8054 8052
1 2 4407 4408 4406
2 2 457 1807 1808
2 2 4384 4410 4409
2 2 852 1808 4748
2 2 7341 3486 7017
2 2 7342 3489 7023
2 2 1094 1811 3632
2 2 3492 3493 7027
2 2 1812 1112 1813
2 2 3495 3496 7033
2 2 1817 121 7321
2 2 5401 5402 5400
2 2 5942 1215 5434
2 2 3498 3499 7343
2 2 7344 1819 7282
2 2 6568 6569 6567
1 2 2842 1670 5342
2 2 1632 1815 7321
2 2 7322 1632 6500
2 2 1757 1821 5985
2 2 7109 1822 6595
2 2 3265 1541 5278
2 2 1742 1750 5391
2 2 9305 1742 8044
2 2 1544 1823 5250
2 2 1824 242 1665
2 2 1825 178 1744
2 2 1732 514 1547
2 2 1704 1826 9103
2 2 6451 2342 8978
2 2 5970 2371 5569
2 2 1551 1828 4731
2 2 7042 3207 7041
2 2 1678 313 2783
2 2 1552 376 5722
2 2 1829 375 1553
2 2 4412 4413 4411
2 2 3648 1590 3452
2 2 1555 95 2743
2 2 4843 1556 4354
2 2 4844 1557 4358
2 2 2101 1688 6001
2 2 6002 2730 5736
2 2 4694 1558 6454
2 2 4414 4415 3708
2 2 1560 1830 7309
1 2 5832 1561 5286
1 2 293 1056 1563
1 2 1692 1831 7331
2 2 2868 1606 9299
2 2 8056 8057 8055
2 2 1807 1818 3498
2 2 1807 457 9096
1 2 5936 1697 7207
1 2 6543 1696 6542
2 2 2629 1832 3871
1 2 3889 1594 5291
1 2 1800 222 4620
1 2 8059 8060 8058
2 2 1746 1834 5138
2 2 6457 3260 8751
2 2 1565 1835 7311
2 2 1566 1836 7310
1 2 5233 1701 5363
2 2 5295 2828 8608
2 2 6499 6570 6501
2 2 1631 398 7346
2 2 1714 1570 6463
2 2 1837 555 1571
2 2 5404 5405 5403
2 2 1839 519 1708
2 2 6572 6573 6571
2 2 1574 405 4807
2 2 3051 1840 2617
2 2 5826 1614 5303
2 2 5118 1644 5326
2 2 1786 1841 3654
1 2 1645 421 5563
1 2 5266 1648 5330
2 2 1634 1842 7320
2 2 1654 1843 5133
2 2 1640 1755 5989
2 2 9107 1640 8018
2 2 1844 563 1711
2 2 1703 1576 6469
2 2 1577 1845 7314
2 2 6575 6576 6574
2 2 8062 8063 8061
2 2 3679 4605 7089
2 2 5407 5408 5406
2 2 1652 1653 5333
2 2 7323 1652 6506
2 2 1583 1848 4846
2 2 4416 4394 3840
2 2 1586 1849 5983
2 2 1723 1727 7334
2 2 1723 585 7140
2 2 1726 586 5369
2 2 1850 588 1730
2 2 1734 587 3524
2 2 1739 1851 7335
2 2 4855 1754 9429
2 2 3256 1588 5790
2 2 54 883 1589
2 2 3213 1853 3787
2 2 1659 1854 3790
2 2 1759 54 4642
2 2 6017 3042 6905
2 2 2132 1738 7347
2 2 9308 4830 9004
2 2 8065 8066 8064
2 2 4418 4419 4417
2 2 1593 1828 5923
1 2 5028 1857 6255
1 2 3544 1858 3151
1 2 1596 1859 5984
2 2 1598 231 7232
2 2 1599 1860 7316
2 2 5994 1741 5384
2 2 1751 203 3958
2 2 1713 1861 5965
2 2 4826 1664 6514
2 2 5271 1743 5389
2 2 8000 3255 8749
2 2 1601 1862 6097
2 2 1602 1715 9166
2 2 9170 1756 8047
2 2 1808 1863 7620
1 2 3610 1859 3304
2 2 6578 6579 6577
1 2 1820 1864 3662
2 2 4763 1605 4371
2 2 4834 1608 8010
2 2 1771 1773 3465
2 2 753 1773 1771
1 2 4934 1611 5298
1 2 1865 761 5037
2 2 4848 1620 4381
2 2 8068 8069 8067
2 2 1795 1866 3658
2 2 8070 8071 8012
2 2 2278 1619 5305
2 2 1867 64 4671
1 2 1698 1868 5146
1 2 5730 1869 5039
2 2 5051 1817 5433
2 2 3594 1835 3251
2 2 7317 1616 6485
2 2 1617 1871 2450
1 2 6083 3126 6053
1 2 1622 862 2727
2 2 7337 1745 6565
2 2 2548 1623 7110
2 2 1624 26 4422
2 2 5836 1822 5986
2 2 1823 88 2553
2 2 5843 1626 6487
2 2 4630 1842 3697
2 2 4421 4422 4420
2 2 5910 1630 6495
2 2 5782 1638 5314
2 2 5933 1636 5311
2 2 8073 8074 8072
2 2 1873 406 1765
2 2 1966 1642 5848
2 2 5876 1643 5324
2 2 1874 1095 2236
1 2 4424 4425 4423
1 2 1649 1876 7396
2 2 4778 1651 5988
2 2 2245 1812 3492
2 2 4427 4428 4426
2 2 1660 1878 7325
2 2 1662 1879 5991
2 2 5410 5341 5409
2 2 2571 1880 7091
2 2 1791 1881 2672
1 2 1882 481 3136
2 2 3072 1668 2936
1 2 4403 4708 9006
1 2 4276 1671 8021
2 2 6000 1816 5401
2 2 4430 4431 4429
2 2 7470 4704 9035
1 2 1883 1274 7283
2 2 6374 1677 6521
2 2 4693 1878 3799
1 2 1679 482 3549
1 2 1884 482 1680
1 2 2970 2971 2969
2 2 7315 3005 8626
1 2 7471 4861 7459
2 2 2630 1877 7324
1 2 7472 3660 7437
1 2 9507 3655 9438
1 2 7106 1682 6525
1 2 3197 1683 5355
2 2 813 811 1888
2 2 1889 513 6260
2 2 1729 176 5375
2 2 5529 1890 9160
2 2 2615 1735 5378
2 2 1689 1848 3835
2 2 5411 5412 4949
1 2 2922 1691 6531
1 2 1693 1892 7330
1 2 6537 2594 6902
1 2 1695 76 5201
1 2 3023 1893 2531
2 2 5414 5415 5413
2 2 5417 5418 5416
1 2 5993 1700 5359
2 2 5420 5421 5419
2 2 1929 1702 6547
2 2 7333 1703 6551
2 2 31 1570 1714
2 2 1705 1846 9301
2 2 1716 1838 9302
2 2 1712 563 5405
2 2 7715 8032 8075
2 2 6581 6582 6580
2 2 4433 4434 4432
2 2 3852 1891 4853
2 2 9304 1718 8041
2 2 3506 3210 3505
2 2 4435 4436 3849
2 2 4340 1720 5364
2 2 4328 1722 6555
2 2 6583 6559 6120
2 2 1736 520 9114
2 2 8077 8078 8076
2 2 4631 1897 3700
2 2 3240 1898 9181
2 2 1758 203 3047
2 2 5785 1860 5025
2 2 2998 1896 7336
1 2 3508 3509 3507
2 2 650 909 1760
2 2 4438 4439 4437
2 2 5423 5424 5422
1 2 6585 6586 6584
1 2 734 736 1801
2 2 1813 1770 3459
1 2 7473 3650 7423
2 2 1774 1776 2941
1 2 1903 856 3676
2 2 756 1449 1777
1 2 1904 843 3139
2 2 3033 1785 2953
2 2 2251 1787 3474
2 2 1788 788 7618
2 2 2396 1790 2955
1 2 6084 3128 6058
1 2 1906 869 3677
2 2 3584 1794 3484
2 2 811 1423 1796
1 2 1907 874 4904
1 2 8080 8081 8079
2 2 1112 1770 1813
1 2 1902 1908 3666
1 2 861 1262 1908
1 2 1905 1909 3132
1 2 871 1260 1909
1 2 3121 1907 3129
2 2 817 813 1804
2 2 840 1094 1841
1 2 1910 1262 3674
1 2 3666 1910 3661
1 2 2849 1875 7349
2 2 3143 1757 5396
2 2 5986 1625 5310
2 2 1847 161 4606
2 2 7308 1544 6449
2 2 3514 3515 3513
2 2 6093 1665 6517
2 2 5426 5427 5425
2 2 620 1825 1744
2 2 516 1732 1547
2 2 2302 2303 9104
2 2 1704 561 4916
2 2 6588 6589 6587
2 2 1550 142 2966
2 2 5067 1551 5282
2 2 3236 1862 6213
2 2 5835 1553 5284
2 2 1554 375 7309
2 2 2511 1899 5995
2 2 6591 6592 6590
2 2 4845 1560 4361
1 2 259 481 1911
1 2 4614 1831 3688
1 2 1692 532 3689
1 2 4707 1884 3829
2 2 2554 1871 3928
1 2 2715 1858 5919
2 2 4441 4442 4440
2 2 1894 542 3239
2 2 1832 697 4735
2 2 697 1832 1763
1 2 3517 3518 3516
1 2 3518 1806 8053
2 2 1834 619 5891
2 2 1746 641 7125
2 2 1565 337 3252
2 2 7312 1566 6462
2 2 7313 1571 6467
2 2 9302 1706 8031
2 2 3520 3521 3519
2 2 566 1839 1708
2 2 2968 1575 4363
2 2 4444 4445 4443
2 2 787 1841 1786
2 2 1634 399 3698
2 2 3226 1843 9312
2 2 435 1843 1654
2 2 5429 5430 5428
2 2 568 1844 1711
2 2 1577 571 9165
2 2 9301 1717 8038
2 2 1897 358 4632
2 2 161 1847 1580
1 2 488 843 1912
2 2 3836 1583 7998
2 2 4847 1584 4366
2 2 584 1849 1586
2 2 3523 3524 3522
2 2 514 1850 1730
2 2 2488 1851 8620
2 2 1739 607 9115
2 2 8083 8084 8082
2 2 1754 647 3164
2 2 1853 443 4685
2 2 443 1853 1657
2 2 3791 4446 3802
2 2 1659 445 9118
2 2 4448 4449 4447
2 2 1753 577 4449
2 2 7315 1592 6476
2 2 3858 1593 6480
1 2 6256 6594 6593
1 2 1769 729 6594
1 2 1595 222 5919
1 2 1596 850 3305
2 2 1599 653 5026
2 2 2305 2306 6736
2 2 6126 1713 6553
2 2 6214 1601 8004
2 2 9298 1602 8008
2 2 3039 1913 8764
2 2 852 1863 1808
1 2 261 1274 1914
1 2 1864 1911 3663
1 2 7345 1820 6567
2 2 1867 275 4739
1 2 760 292 1865
1 2 760 1865 1781
2 2 5985 1613 5301
2 2 860 1121 1866
2 2 802 1866 1795
2 2 275 1867 1673
1 2 349 856 1915
1 2 1868 430 5945
1 2 7332 1698 6544
1 2 1893 351 3024
1 2 5040 5431 5036
1 2 1783 759 5431
2 2 2037 1870 9313
2 2 5433 5434 5432
2 2 3929 1617 4378
1 2 1872 1915 3131
1 2 2946 3127 6003
2 2 6596 6520 6595
2 2 7320 1629 6494
2 2 7319 1635 6504
2 2 699 1873 1765
2 2 1094 418 1874
2 2 1094 1874 1811
1 2 1647 151 7349
1 2 1649 426 7191
2 2 3583 1895 4854
2 2 7324 1656 6509
2 2 1660 447 3800
2 2 5990 1662 5337
2 2 1666 242 4442
2 2 1881 792 3072
2 2 791 1881 1791
2 2 3678 4450 8815
1 2 4382 4852 7350
1 2 3649 1676 3457
1 2 1680 420 3830
2 2 4679 1900 5435
1 2 497 869 1916
1 2 1885 1914 3667
1 2 2961 3130 7351
1 2 1886 1912 3664
1 2 3486 3659 7352
1 2 1887 1917 3665
1 2 3479 3656 9314
2 2 6004 2972 5712
2 2 2974 1798 4860
2 2 3456 1889 4862
2 2 4862 1803 4401
2 2 1709 519 6589
2 2 9300 1689 8024
2 2 4853 1690 4390
1 2 7230 1693 6536
1 2 351 1893 1699
2 2 542 1894 1749
2 2 9167 1705 8027
2 2 9303 1716 8036
2 2 4854 1719 4393
2 2 7336 1740 6564
2 2 7337 1898 7226
2 2 358 1897 1747
2 2 1748 640 7226
2 2 5995 1762 5398
2 2 5436 5437 5435
1 2 2939 3125 5745
1 2 3464 3651 7353
2 2 754 1776 1774
1 2 3470 3652 7354
1 2 3471 3653 6005
1 2 4397 4858 9315
1 2 3480 3657 7355
1 2 2959 3129 6006
1 2 856 1908 1902
1 2 867 1909 1905
2 2 3654 1810 3490
1 2 3497 3661 7356
1 2 3663 1882 4852
1 2 3664 1904 3653
2 2 1863 456 4451
1 2 495 1239 1917
1 2 3667 1883 3649
1 2 1276 1911 1864
1 2 3131 1903 3652
1 2 857 1915 1872
1 2 2375 1916 3668
1 2 3668 1906 3657
1 2 645 1914 1885
1 2 1260 1912 1886
1 2 866 1917 1887
1 2 8086 8087 8085
1 2 5439 5440 5438
1 2 5781 624 8358
2 2 163 1921 1923
2 2 1922 1921 5452
2 2 6007 1225 5550
2 2 8089 8090 8088
2 2 1925 1924 8253
2 2 1233 1926 9079
2 2 1929 555 9081
2 2 8092 7483 8091
2 2 1493 1929 7481
2 2 1932 673 8315
2 2 5442 5443 5441
2 2 672 1932 5787
1 2 6598 6599 6597
1 2 6601 6602 6600
1 2 5445 5446 5444
2 2 5448 5449 5447
2 2 1936 201 1937
2 2 5022 5451 5450
2 2 1941 207 9098
2 2 4167 1940 7507
2 2 8093 8094 7505
2 2 7509 8096 8095
2 2 7368 1943 7510
2 2 8097 8098 7508
2 2 7512 8100 8099
2 2 9099 1946 7513
2 2 7790 8101 7511
1 2 298 1948 1950
1 2 6604 6605 6603
1 2 7124 635 6785
1 2 1953 67 9508
1 2 1952 1951 3682
1 2 8103 8104 8102
1 2 1956 228 5528
1 2 5048 1955 4939
1 2 838 1956 4937
2 2 553 1957 1959
2 2 1958 1957 8349
2 2 6011 552 5498
2 2 518 1960 1962
2 2 1961 1960 8202
2 2 8106 8107 8105
2 2 552 1963 1965
2 2 6607 6608 6606
2 2 803 1965 7131
2 2 558 1966 1968
2 2 6610 6611 6609
2 2 1132 1968 7134
2 2 237 1969 1971
2 2 6613 6614 6612
2 2 1217 1971 7135
2 2 8109 8110 8108
2 2 1972 336 1973
2 2 8112 8113 8111
2 2 326 1975 1977
2 2 1976 1975 3193
2 2 6616 6617 6615
1 2 1980 160 4536
1 2 9498 1979 9110
1 2 6022 6086 9053
1 2 7136 1983 6722
1 2 7137 1982 6116
1 2 1102 1983 6114
2 2 8115 8116 8114
2 2 1985 1984 9071
2 2 1246 1986 9111
2 2 5453 5454 5452
2 2 1921 163 1987
2 2 589 1988 5808
2 2 6619 6620 6618
2 2 1990 1989 7217
2 2 5456 5457 5455
2 2 581 1992 1994
2 2 1992 582 1993
2 2 8118 8119 8117
2 2 184 1995 1997
2 2 1996 1995 8757
2 2 8121 8122 8120
2 2 8124 7980 8123
2 2 1999 1998 9293
2 2 5459 5460 5458
2 2 6656 2003 6735
2 2 2001 205 2002
2 2 2003 2002 1486
2 2 6622 6623 6621
2 2 2005 2004 8174
2 2 6625 6626 6624
2 2 2009 511 5973
2 2 2008 2007 5972
2 2 4453 4454 4452
2 2 864 2010 2012
2 2 2010 877 2011
2 2 2012 2011 1187
2 2 278 2013 2015
2 2 2014 2013 6438
2 2 2015 2014 1230
1 2 8126 8127 8125
1 2 5462 5463 5461
1 2 855 2018 5818
1 2 2020 263 5438
1 2 2019 1918 8085
1 2 5465 5466 5464
1 2 8129 8130 8128
1 2 8131 8132 7695
1 2 8134 8135 8133
1 2 2026 828 6719
1 2 8137 8138 8136
1 2 688 2026 9126
1 2 6600 2028 8292
1 2 6597 2027 6137
1 2 6627 6628 6135
1 2 2031 627 5506
1 2 2029 306 2030
1 2 8140 8141 8139
1 2 8143 8144 8142
1 2 8146 8147 8145
1 2 8149 8150 8148
2 2 8152 8153 8151
2 2 2036 2035 7133
2 2 8155 8156 8154
2 2 5468 5469 5467
2 2 2038 319 2039
2 2 321 2040 5827
2 2 5471 5472 5470
2 2 8158 8159 8157
2 2 320 2043 5828
2 2 7572 8161 8160
2 2 9129 2045 7573
2 2 8162 8163 7571
2 2 8165 8166 8164
2 2 5474 5475 5473
2 2 335 2049 5829
2 2 378 2050 2052
2 2 2051 2050 5141
2 2 6393 6630 6629
2 2 6632 6633 6631
2 2 6635 6636 6634
2 2 771 2055 7156
1 2 2058 295 9134
1 2 8168 7585 8167
1 2 8169 8170 7583
1 2 301 2059 2061
1 2 6638 6639 6637
1 2 549 2061 7161
2 2 2064 172 6691
2 2 8172 8173 8171
2 2 6641 6642 6640
1 2 2066 382 7137
1 2 2065 1981 7136
1 2 5477 5478 5476
2 2 6644 6645 6643
2 2 2068 2067 6649
2 2 6647 6648 6646
2 2 2072 244 5539
2 2 2070 464 2071
2 2 853 2072 9224
2 2 6650 6651 6649
2 2 2073 2067 6643
2 2 6653 6654 6652
2 2 4456 4457 4455
2 2 2075 1125 2076
2 2 1123 2077 4695
2 2 8175 8176 8174
2 2 2001 2004 6621
2 2 6656 6657 6655
2 2 2081 803 6711
2 2 6659 6660 6658
2 2 6662 6663 6661
2 2 9153 2084 8301
2 2 8178 7633 8177
2 2 7631 1037 8299
2 2 7641 8180 8179
2 2 9155 2086 7642
2 2 7640 1191 8305
1 2 2090 241 5865
1 2 5866 2089 4996
1 2 5479 5480 4994
2 2 381 2091 2093
2 2 5482 5483 5481
2 2 623 2093 5869
1 2 6665 6666 6664
1 2 8182 8183 8181
1 2 5485 5486 5484
2 2 2099 86 8237
2 2 2098 2097 8235
2 2 513 2099 7242
2 2 8185 8186 8184
2 2 8188 8189 8187
2 2 5488 5489 5487
2 2 2105 529 7220
2 2 5491 5492 5490
2 2 5873 530 8318
1 2 2108 89 8191
1 2 2107 2106 5495
1 2 547 2108 7367
1 2 2111 89 6763
1 2 2110 2109 7210
1 2 550 2111 9328
1 2 8190 8191 8181
1 2 6667 6668 6664
1 2 5494 5495 5493
2 2 5497 5498 5496
2 2 2114 2113 9219
2 2 553 1959 5877
2 2 8193 8194 8192
2 2 2116 2115 9257
2 2 8196 8197 8195
2 2 7674 8199 8198
2 2 8201 7675 8200
2 2 132 2120 7673
2 2 8203 8204 8202
2 2 1960 518 2121
2 2 8206 8207 8205
2 2 2123 576 7217
2 2 6618 2073 6229
2 2 6669 6670 6227
2 2 582 1992 2125
2 2 1992 581 2124
2 2 8209 8210 8208
2 2 8212 8213 8211
2 2 2126 592 2127
2 2 50 2128 9171
2 2 8215 8216 8214
2 2 2129 600 2130
2 2 602 2131 9172
2 2 5490 2133 9393
2 2 7220 2132 6232
2 2 6671 6672 6230
2 2 8218 8219 8217
2 2 2135 2134 9443
2 2 8221 8222 8220
1 2 265 2137 2139
1 2 2138 2137 5507
1 2 8224 8225 8223
1 2 2142 627 9360
1 2 6674 6675 6673
1 2 628 2142 7221
1 2 6677 6678 6676
1 2 2144 2143 9192
1 2 632 2145 7222
1 2 2147 630 5465
1 2 2019 262 2146
1 2 8227 8228 8226
1 2 2150 76 6762
1 2 2148 507 2149
1 2 6680 6681 6679
1 2 8230 8231 8229
1 2 2108 2151 6414
1 2 547 2152 9177
1 2 2153 503 5485
1 2 2111 2095 8182
1 2 7371 550 6789
2 2 2156 580 9321
2 2 2155 2154 3838
2 2 8233 8234 8232
1 2 6683 6684 6682
1 2 6686 6687 6685
1 2 5500 5501 5499
2 2 7707 8236 8235
2 2 8238 7708 8237
2 2 1490 2161 7706
2 2 2164 574 6012
2 2 2163 2162 5004
2 2 7766 8240 8239
1 2 5503 5504 5502
1 2 8242 8243 8241
1 2 5893 633 9324
2 2 2170 126 6749
2 2 2168 413 2169
2 2 8245 8246 8244
1 2 2137 265 8241
1 2 2029 2165 5502
1 2 5506 5507 5505
1 2 8248 8249 8247
1 2 2171 299 2172
1 2 6689 6690 6688
1 2 7728 8251 8250
1 2 9193 2175 7729
1 2 7587 8252 7727
2 2 2178 174 8171
2 2 6692 6693 6691
2 2 6695 6696 6694
2 2 8254 8207 8253
2 2 2179 1924 8088
2 2 8256 8204 8255
2 2 7375 2181 6703
2 2 2180 672 1931
2 2 674 2181 6008
1 2 689 2182 2183
1 2 8258 8259 8257
1 2 8137 8261 8260
2 2 2186 693 9364
2 2 8263 8264 8262
2 2 8266 8267 8265
2 2 8269 8270 8268
2 2 2188 2187 8321
2 2 8272 8273 8271
2 2 2191 706 4538
2 2 2155 2190 3712
2 2 9343 171 8356
2 2 709 2192 2194
2 2 2192 708 2193
2 2 8275 8276 8274
1 2 8278 8279 8277
1 2 2195 769 2196
1 2 8281 8282 8280
2 2 124 2198 2199
2 2 6698 6699 6697
2 2 6635 6701 6700
2 2 2055 771 6707
2 2 6703 6704 6702
2 2 7239 674 6633
2 2 2203 775 6760
2 2 2201 774 2202
2 2 2203 2202 347
2 2 6705 6706 6702
2 2 6662 6708 6707
2 2 6659 6710 6709
2 2 6697 2081 6663
2 2 2198 124 2205
2 2 803 2081 9218
2 2 2206 804 6658
2 2 6712 6713 6711
2 2 6607 6715 6714
2 2 2209 199 7390
2 2 6717 6718 6716
2 2 4459 4460 4458
1 2 2210 265 6685
1 2 6682 2024 6265
1 2 6719 6720 6263
2 2 2213 198 9359
2 2 8284 8285 8283
2 2 5509 5510 5508
1 2 2216 250 5526
1 2 2215 2214 7280
1 2 5512 5513 5511
1 2 5514 5515 5461
1 2 8286 8287 8125
1 2 828 2218 5922
2 2 3526 3527 3525
2 2 2220 2219 9225
2 2 868 2221 3612
2 2 2224 875 5925
2 2 5072 5926 9047
2 2 824 2224 5070
2 2 7799 8273 8288
2 2 8290 7800 8289
2 2 8291 8270 7798
1 2 1955 103 5928
1 2 5517 5078 5516
1 2 838 1955 5076
2 2 1187 2229 2231
2 2 4461 4462 4147
2 2 1141 2231 4747
1 2 8293 8282 8292
1 2 2232 2028 6628
1 2 9233 770 8279
2 2 8295 8296 8294
2 2 5932 2010 5085
2 2 864 2234 5083
2 2 9346 4463 8823
2 2 7381 3528 7049
2 2 1095 2237 3631
2 2 4466 4467 8827
2 2 2238 1108 2239
2 2 4469 4470 8833
2 2 4472 4473 8839
2 2 2241 1109 2242
2 2 4475 4476 8845
2 2 4478 4479 7082
2 2 2244 1111 2245
2 2 3531 3532 7053
2 2 4481 4482 8854
2 2 2247 1114 2248
2 2 4484 4485 8860
2 2 4487 4488 8866
2 2 2250 1115 2251
2 2 4490 4491 8872
2 2 9347 4493 8880
2 2 9348 4496 8886
2 2 1122 2255 4787
2 2 9349 4499 8892
2 2 9350 4502 8898
2 2 1121 2258 4788
2 2 8298 8299 8297
2 2 2260 2259 6311
2 2 7878 8301 8300
2 2 2261 1133 8177
2 2 1967 2082 9153
2 2 412 2261 7358
2 2 4505 4506 8899
2 2 2262 1158 2263
2 2 4508 4509 8905
2 2 4511 4512 8911
2 2 2265 1159 2266
2 2 4514 4515 8917
2 2 9351 4517 8925
2 2 9352 4520 8931
2 2 1180 2270 4797
2 2 4524 4525 4523
2 2 2271 1183 2272
2 2 3534 3535 5761
1 2 2275 419 7271
1 2 6722 6355 6721
1 2 1102 2275 6353
2 2 339 2276 2278
2 2 6724 6725 6723
2 2 6727 6728 6726
1 2 263 2020 2280
1 2 2279 2020 5466
1 2 7725 8303 8302
2 2 875 2224 2282
2 2 2224 824 2281
2 2 2282 2281 1125
2 2 2283 205 6623
2 2 2087 2006 6626
2 2 8305 8306 8304
2 2 2286 136 7377
2 2 2284 411 2285
2 2 6730 6731 6729
2 2 8308 8309 8307
2 2 4527 4528 4526
2 2 1253 2289 4808
2 2 2292 280 9365
2 2 8310 8311 7772
2 2 1202 2292 9274
2 2 7295 1928 8092
2 2 6733 6418 6732
2 2 1493 1928 6416
1 2 2296 431 6721
1 2 2295 2274 7271
1 2 4989 5519 5518
2 2 2298 204 7305
2 2 6735 6442 6734
2 2 1486 2298 6440
2 2 1940 202 5972
2 2 5973 2161 5276
2 2 5274 1490 8093
1 2 2301 241 4544
1 2 2300 2299 8956
1 2 4530 4531 4529
2 2 8313 8314 8312
2 2 2302 315 2303
2 2 1826 2304 9104
2 2 245 2305 2307
2 2 2305 396 2306
2 2 6737 6738 6736
1 2 2301 2088 5865
1 2 4884 2301 4531
1 2 5221 2096 5486
1 2 5439 3263 8753
1 2 9316 1920 8357
2 2 4691 2309 3793
2 2 5013 1923 5549
2 2 4998 2283 8360
2 2 7373 2177 6692
2 2 5806 2312 4944
2 2 1926 2313 7719
1 2 2139 2158 6686
1 2 9336 2139 8225
1 2 2196 2314 9344
2 2 2276 339 5140
2 2 5890 1927 9081
2 2 1493 1702 1929
2 2 2304 2315 9354
2 2 8155 8316 8315
2 2 5520 5521 5050
2 2 4803 2317 4183
1 2 5971 1934 6601
1 2 6009 1935 5446
2 2 2305 245 6437
1 2 4608 1951 9508
2 2 2131 2318 9333
2 2 2319 347 2202
2 2 6740 6717 6739
2 2 4686 1936 5447
2 2 1937 201 5902
2 2 5523 5451 5522
2 2 8317 8318 8023
1 2 1952 66 5794
1 2 689 687 2182
1 2 5525 5526 5524
1 2 9263 2171 8247
1 2 8250 7275 9075
2 2 8320 8268 8319
2 2 8322 8267 8321
2 2 4649 1939 9098
2 2 7955 1941 8094
2 2 8323 8324 8095
2 2 4533 3742 4532
2 2 2700 1944 8098
2 2 3756 1945 8099
2 2 4633 2321 3703
2 2 6275 1947 8101
1 2 6020 2228 5517
1 2 6742 6743 6741
1 2 8326 8327 8325
1 2 1948 298 4669
1 2 6745 6746 6744
1 2 7386 1950 6784
1 2 5049 5528 5527
1 2 1956 838 7780
1 2 9345 2351 8361
2 2 1957 553 5419
2 2 2327 552 1958
2 2 4241 2294 6733
2 2 3242 2118 8198
2 2 8328 8197 8200
2 2 9103 2328 9266
2 2 1961 2329 9318
2 2 5530 5531 5529
2 2 1963 552 5894
2 2 1965 2113 5496
2 2 4162 2035 8151
2 2 1966 558 9189
2 2 1968 2115 8192
2 2 2039 2044 8160
2 2 2039 319 5804
2 2 2043 320 9129
2 2 1969 237 4650
2 2 5533 5534 5532
2 2 1971 1217 7880
2 2 6748 6749 6747
2 2 2312 135 5807
2 2 5896 1972 8108
2 2 8112 8329 7590
2 2 1974 2330 8363
2 2 1975 326 3571
2 2 7387 2515 6897
2 2 2333 52 3761
2 2 4634 2321 9223
1 2 4535 4536 4534
1 2 6022 3198 5766
1 2 1982 382 7262
2 2 8330 8114 7718
2 2 9265 2328 9105
2 2 1986 2334 9320
2 2 1987 163 7219
2 2 1988 589 3851
2 2 1990 2162 6012
2 2 5412 1991 5457
2 2 3713 4538 4537
2 2 2192 709 4736
2 2 1993 2154 9321
2 2 4540 4541 4539
2 2 4166 2063 8172
2 2 1995 184 3702
2 2 4743 2336 3923
2 2 1997 2337 9203
2 2 8332 8211 8331
2 2 4883 2288 4527
2 2 2338 602 2130
2 2 2102 2339 7245
2 2 4726 1998 8123
2 2 1999 200 5903
2 2 6013 2000 5460
2 2 9358 4613 9020
2 2 9304 2134 8217
1 2 4543 4544 4542
2 2 2069 2320 7364
2 2 3743 2069 6648
2 2 9359 4121 8993
2 2 2005 69 3396
2 2 7388 2307 6786
2 2 8221 8334 8333
2 2 202 606 2008
2 2 4863 2009 4454
2 2 2229 1187 2011
2 2 2343 864 2012
1 2 5054 2216 5559
1 2 2300 223 5984
2 2 2013 278 5833
2 2 6751 6752 6750
2 2 1230 979 2015
1 2 2215 233 7255
1 2 6014 2017 5462
1 2 2018 2308 9175
1 2 5993 2021 8128
1 2 8134 8335 7704
1 2 9323 2023 8135
1 2 2218 828 2026
1 2 2138 2347 9335
1 2 2142 628 4560
1 2 2144 2348 3844
1 2 9337 2147 8228
1 2 2027 262 9316
2 2 6754 6755 6753
1 2 8336 8337 7601
1 2 9360 2031 8366
1 2 2210 2326 9100
1 2 9345 2217 8286
1 2 8338 8142 7694
1 2 2033 2167 9324
1 2 8339 8340 7691
2 2 2199 2293 7295
2 2 7376 2199 6701
2 2 2036 310 9355
2 2 5052 2037 8156
2 2 6310 2302 8312
2 2 2040 321 3758
2 2 7293 2042 8158
2 2 2045 2352 8985
2 2 9099 2046 8163
2 2 5812 2048 5474
2 2 2049 335 7139
2 2 7363 2064 6642
1 2 2280 2353 6444
1 2 6028 2195 8277
2 2 2050 378 5944
2 2 6392 6757 6756
2 2 7361 2052 6630
2 2 5215 2331 7359
2 2 5906 2053 6631
2 2 3156 2352 4971
2 2 6759 6760 6758
1 2 4131 2227 5928
1 2 4667 2056 9134
1 2 2057 2322 9326
1 2 9276 2058 8369
1 2 2356 108 4718
1 2 2059 301 4668
1 2 2323 549 2060
1 2 2061 2357 9229
1 2 4719 2358 9128
1 2 2149 2324 7369
1 2 2149 507 9138
2 2 9140 2332 7825
2 2 7382 2277 6724
1 2 5956 2359 7372
1 2 5955 2360 9339
2 2 2091 381 3601
2 2 2204 2284 7377
2 2 7378 2204 6710
1 2 4272 2361 9291
1 2 431 1372 2065
1 2 4980 2066 5567
2 2 2068 436 3161
2 2 2239 2241 4472
2 2 1108 2241 2239
2 2 5535 5536 4997
2 2 2248 2250 4487
2 2 1114 2250 2248
1 2 6015 2090 5480
2 2 8342 8343 8341
2 2 5538 5539 5537
2 2 3525 3669 8773
2 2 2363 244 2072
2 2 5921 2085 8179
2 2 2364 1122 2254
2 2 1121 2364 2258
1 2 2089 470 3410
2 2 2074 2365 7365
2 2 8345 8346 8344
2 2 5965 2366 5252
2 2 4546 4455 4545
2 2 2367 1123 2076
2 2 7299 4905 9039
2 2 7366 2078 6657
2 2 2083 2369 6313
2 2 2286 2370 5057
2 2 2169 413 5325
2 2 2188 2371 9342
2 2 8348 8284 8347
2 2 2086 244 9249
2 2 2099 2372 8784
2 2 4548 4549 4547
2 2 623 1528 2093
2 2 5263 2225 8288
1 2 7474 4870 7460
1 2 9509 4877 9470
1 2 6761 6762 6428
2 2 2098 511 7243
2 2 2121 2376 9330
2 2 2610 2100 8184
2 2 9088 2101 8188
2 2 6017 2104 5491
1 2 2150 2377 5269
1 2 6221 6763 6413
1 2 7128 2112 6667
2 2 5541 5542 5540
2 2 2114 124 8091
2 2 8350 8246 8349
2 2 5786 2315 4917
2 2 2378 132 2119
2 2 2379 410 4698
2 2 5543 5544 5403
2 2 5546 5547 5545
2 2 7368 2123 6670
2 2 8352 8353 8351
2 2 2124 2380 9331
2 2 2381 225 3735
2 2 2382 50 2127
2 2 2383 660 5813
2 2 2263 2265 4511
2 2 1158 2265 2263
2 2 2132 529 3728
2 2 6765 6672 6764
2 2 4730 2384 3859
2 2 4696 2373 6016
1 2 9175 2346 7692
1 2 4765 2143 6676
1 2 2146 262 6599
1 2 7294 2151 8229
1 2 2359 547 7208
1 2 7389 2360 6787
2 2 2156 2385 9361
2 2 5879 2334 5149
2 2 2179 643 9320
1 2 6018 2159 5501
2 2 3422 2160 8238
2 2 2163 44 3894
2 2 2164 2339 4950
1 2 9363 3188 8736
1 2 7148 2357 9187
1 2 2325 108 5822
2 2 3153 2380 3847
2 2 7214 2313 6381
2 2 2310 165 4637
2 2 6766 6767 6144
1 2 2279 630 9192
2 2 6769 6770 6768
2 2 7374 2178 6696
2 2 4731 2384 9334
1 2 9510 4878 9472
2 2 5056 2180 7375
2 2 2316 672 6571
1 2 4968 2695 8599
2 2 2528 2184 9364
2 2 5862 2388 5068
2 2 8355 8356 8354
2 2 708 1043 2193
2 2 4541 2194 8276
2 2 6019 2213 5510
2 2 2389 1181 2812
2 2 2390 823 3922
2 2 2815 2271 4523
2 2 2205 124 9219
2 2 5967 2391 5255
2 2 3538 3539 3537
2 2 7390 3553 7067
2 2 3719 2209 4460
2 2 3924 4551 4550
2 2 2677 2223 9046
2 2 4377 2226 8290
2 2 9365 2463 8555
1 2 855 2017 2232
2 2 2343 479 4114
2 2 5803 2391 7379
2 2 5923 2388 9341
2 2 5839 2297 7305
2 2 4119 2230 9007
2 2 6772 6773 6771
2 2 3937 4749 8989
2 2 2234 864 5000
2 2 2394 478 6327
2 2 7157 2259 8297
2 2 2369 137 4154
1 2 2395 1260 3673
2 2 3580 2236 3529
2 2 2237 2396 4866
1 2 2275 1102 8969
2 2 2266 2238 4466
1 2 9511 4867 9452
2 2 2242 2244 4478
1 2 2398 1238 4907
2 2 1111 1812 2245
2 2 2809 2247 4481
1 2 9512 4871 9459
2 2 1115 1787 2251
1 2 2400 1239 4908
1 2 2401 1265 4901
2 2 2255 2402 4875
2 2 3658 2257 4503
2 2 7264 2367 6328
2 2 4115 4552 7300
2 2 1125 2075 2282
2 2 2260 130 9257
2 2 7174 2403 6351
2 2 7391 4790 7100
2 2 2393 1141 4283
2 2 2881 2262 4505
2 2 1159 2238 2266
1 2 2404 1266 4902
1 2 9513 4882 9479
2 2 1220 1180 2402
1 2 2406 1268 4911
2 2 1202 985 2292
2 2 2403 412 7270
1 2 2397 2407 4887
1 2 2399 2408 4888
2 2 7383 2278 6728
1 2 2405 2409 4889
2 2 1261 1790 2396
1 2 3132 2395 4865
2 2 2289 1253 9139
1 2 1271 1266 2407
1 2 1270 1267 2408
1 2 1275 1265 2409
1 2 4889 2401 4874
1 2 4887 2404 4880
1 2 1269 1268 2410
1 2 6021 2296 5519
2 2 2298 1486 9092
1 2 8357 8358 7703
2 2 1922 164 8344
2 2 5549 5550 5548
2 2 3834 2365 3853
2 2 4554 4555 3873
2 2 2311 471 4690
2 2 8360 8306 8359
2 2 135 2312 1925
2 2 1926 1233 6382
1 2 5552 5553 5551
1 2 2196 769 7478
2 2 6775 6776 6774
2 2 2304 1826 4918
2 2 672 2316 1932
2 2 5304 2354 7284
2 2 2317 411 4804
2 2 411 2317 2285
2 2 2318 477 3803
2 2 602 2318 2131
2 2 4556 4557 3762
2 2 774 2319 2202
2 2 6778 6779 6777
2 2 1943 168 7364
2 2 1946 145 9223
1 2 2107 545 7385
1 2 2110 548 9357
1 2 6781 6782 6780
1 2 7357 1949 6604
1 2 6784 6785 6783
1 2 8361 8362 7520
1 2 9100 2166 8242
2 2 554 2327 1958
2 2 2303 315 9105
2 2 565 2329 1961
2 2 8364 8107 8363
2 2 1965 803 7783
2 2 1968 1132 7877
2 2 5554 5555 5428
2 2 7359 1970 6613
2 2 1973 336 7826
2 2 9319 1974 8113
2 2 7360 1977 6617
2 2 1985 131 9266
2 2 1986 1246 5150
2 2 1990 576 5005
2 2 1993 582 3839
2 2 8351 1994 8119
2 2 1996 62 4551
2 2 9322 1997 8122
2 2 5557 5558 5556
2 2 600 2338 2130
2 2 4951 2102 5489
2 2 2002 205 5536
2 2 4724 2341 6127
2 2 6786 6738 6128
2 2 7554 3857 8979
2 2 2135 609 7555
2 2 3611 2381 9332
2 2 2011 877 4148
2 2 1187 2343 2012
1 2 5814 2344 4953
1 2 5559 5513 4954
2 2 2014 245 6776
1 2 493 1238 2411
1 2 3665 2400 4873
1 2 2018 855 7250
1 2 7693 2022 8131
1 2 688 2218 2026
1 2 4559 4560 4558
1 2 627 2347 2138
1 2 4717 2348 9337
1 2 630 2348 2144
2 2 6484 2349 9353
2 2 9353 2291 8310
1 2 5561 5562 5560
1 2 9135 4771 8998
1 2 2030 306 6782
1 2 8366 8141 8365
1 2 7380 2210 6720
1 2 7697 2033 8146
1 2 8367 8150 8362
2 2 2045 320 4972
1 2 7306 2353 7575
1 2 7576 2280 8303
1 2 5830 2387 9340
2 2 2051 339 7284
1 2 9325 2057 8168
1 2 8369 8170 8368
1 2 2172 299 5562
1 2 7362 2060 6638
1 2 2061 549 7712
1 2 2175 305 9135
1 2 547 2359 2152
1 2 6788 6789 6787
1 2 8371 8372 8370
2 2 4561 4562 4155
1 2 5564 5565 5563
1 2 2295 419 5565
1 2 5567 5478 5566
2 2 2071 464 9225
2 2 2072 853 3938
2 2 1121 469 2364
2 2 4689 2254 4497
2 2 3854 2074 6654
2 2 2366 396 5966
2 2 396 2366 2306
2 2 2076 1125 6329
2 2 2077 1123 4553
2 2 9327 2083 8178
2 2 2370 407 4680
2 2 7384 2286 6731
2 2 5569 5570 5568
2 2 694 2371 2188
2 2 2099 513 7646
2 2 6016 2092 5482
1 2 2374 2411 4885
1 2 3533 3670 7392
1 2 1265 1916 2375
1 2 4499 4876 9366
2 2 8373 8374 7526
2 2 2121 518 7664
1 2 3223 2377 7393
1 2 7370 2150 6681
2 2 2116 130 9354
2 2 9329 2119 8201
2 2 2120 132 5555
2 2 2124 581 3848
2 2 9332 2125 8210
2 2 592 2382 2127
2 2 2128 50 6770
2 2 9334 2136 8222
1 2 7372 2173 6690
1 2 9339 2176 8252
2 2 9338 2156 8234
2 2 6269 2164 8240
1 2 2386 2412 4886
1 2 4510 4879 9367
1 2 9340 2183 8261
2 2 9341 2185 8263
2 2 1180 766 2389
2 2 1180 2389 2270
2 2 2203 347 6779
2 2 7379 2206 6715
2 2 4461 4864 9008
2 2 1141 2393 2231
2 2 2394 824 5793
2 2 824 2394 2281
1 2 4463 4865 9368
2 2 1095 2396 2237
1 2 4471 4868 9369
2 2 1109 2244 2242
1 2 4477 4869 9370
1 2 4486 4872 9371
1 2 4492 4873 9372
1 2 4493 4874 9373
2 2 1122 2402 2255
2 2 412 2403 2261
1 2 4516 4880 9374
1 2 4517 4881 9375
2 2 4875 2269 4521
1 2 3536 3671 9376
1 2 1238 2407 2397
1 2 1239 2408 2399
1 2 1254 2409 2405
1 2 3672 2406 3671
1 2 4885 2398 4869
1 2 1262 2411 2374
1 2 661 1526 2412
1 2 1266 2412 2386
1 2 2415 260 9383
1 2 2414 2413 9425
1 2 2415 2414 259
2 2 1190 2416 2418
2 2 6791 6792 6790
2 2 1140 2418 7107
2 2 670 2419 2421
2 2 8376 8377 8375
2 2 669 2421 9080
2 2 7485 8379 8378
2 2 8381 7486 8380
2 2 7569 8382 7484
2 2 281 2425 2427
2 2 8383 8384 8070
2 2 1194 2427 9082
2 2 2430 676 8461
2 2 2428 677 2429
2 2 2430 2429 675
2 2 494 2431 2433
2 2 2431 100 2432
2 2 2433 2432 1196
2 2 885 2434 2436
2 2 2434 886 2435
2 2 2436 2435 884
2 2 527 2437 2439
2 2 2438 2437 9378
2 2 2439 2438 526
2 2 7494 8386 8385
2 2 9086 2441 7495
2 2 7493 887 8495
1 2 2445 66 9089
1 2 8388 7498 8387
1 2 8389 8390 7496
1 2 2448 484 7201
1 2 6794 6795 6793
1 2 830 2448 7119
2 2 397 2449 2451
2 2 8392 8393 8391
2 2 1871 2451 9093
2 2 8395 8396 8394
2 2 2452 892 2453
2 2 9094 890 8497
2 2 388 2455 2457
2 2 6797 6798 6796
2 2 1077 2457 7120
2 2 8398 8399 8397
2 2 2459 2458 8501
2 2 9097 890 8500
2 2 280 2461 2463
2 2 8401 8402 8400
2 2 8404 8405 8403
2 2 213 2464 2466
2 2 2465 2464 6124
2 2 6800 6801 6799
1 2 2469 1212 8618
1 2 2468 2467 8557
1 2 2469 2468 1130
1 2 2472 837 8619
1 2 2471 2470 8560
1 2 2472 2471 749
2 2 2475 355 8531
2 2 6803 6804 6802
2 2 745 2475 7129
2 2 656 2476 2478
2 2 8407 8408 8406
2 2 557 2478 9108
1 2 2481 329 7277
1 2 2480 2479 6867
1 2 841 2481 5917
1 2 2484 234 7138
1 2 6806 6119 6805
1 2 842 2484 6117
2 2 595 2485 2487
2 2 2485 596 2486
2 2 2487 2486 594
2 2 594 2488 2490
2 2 2488 181 2489
2 2 2490 2489 746
1 2 6130 6808 6807
1 2 6810 6131 6809
1 2 748 2493 6129
2 2 543 2494 2496
2 2 2494 246 2495
2 2 6812 6813 6811
2 2 746 2497 2499
2 2 2497 747 2498
2 2 745 2499 9382
1 2 2502 1229 8567
1 2 2500 422 2501
1 2 2502 2501 1510
1 2 8410 8411 8409
1 2 8413 8414 8412
1 2 5572 5573 5571
1 2 9384 2508 9379
1 2 2507 2506 9399
1 2 2508 2507 261
2 2 98 2509 2511
2 2 5575 5576 5574
2 2 290 2511 5819
2 2 99 2512 2514
2 2 2513 2512 8435
2 2 2514 2513 1208
2 2 2517 498 6898
2 2 2515 323 2516
2 2 6815 6816 6814
2 2 159 2518 2520
2 2 2518 332 2519
2 2 8416 8417 8415
2 2 6818 6819 6817
2 2 2522 2521 8717
2 2 1247 2523 7152
2 2 277 2524 2526
2 2 2525 2524 9377
2 2 8419 8420 8418
2 2 2529 776 9381
2 2 8422 8423 8421
2 2 8425 8426 8424
1 2 858 2530 2532
1 2 2530 302 2531
1 2 2532 2531 1893
2 2 878 2533 2535
2 2 2534 2533 9407
2 2 2535 2534 1504
2 2 892 2536 2538
2 2 2537 2536 7831
2 2 2538 2537 1052
2 2 345 2539 2541
2 2 8428 8429 8427
2 2 8431 8432 8430
2 2 2512 99 8427
2 2 2539 345 2542
2 2 8434 8435 8433
2 2 1057 2543 2545
2 2 8437 8438 8436
2 2 884 2545 9143
2 2 2548 363 5837
2 2 5838 2547 4978
2 2 1348 2548 4976
2 2 6796 2550 6871
2 2 2455 388 2549
2 2 1080 2550 9242
2 2 2553 88 5844
2 2 5845 2552 4984
2 2 1290 2553 4982
2 2 2556 397 9146
2 2 8440 7612 8439
2 2 8441 8442 7610
2 2 398 2557 2559
2 2 6821 6822 6820
2 2 6824 6825 6823
1 2 2562 425 6885
1 2 6882 2561 6170
1 2 426 2562 6168
2 2 2565 414 9150
2 2 8444 7627 8443
2 2 1476 2565 7625
1 2 2568 422 7190
1 2 6827 6188 6826
1 2 6160 6828 6186
2 2 2571 389 6870
2 2 6830 6831 6829
2 2 6175 6833 6832
1 2 2574 486 5859
1 2 5860 2573 4993
1 2 5577 5578 4991
2 2 886 2575 2577
2 2 2575 1145 2576
2 2 2577 2576 1052
2 2 476 2578 2580
2 2 2578 193 2579
2 2 2580 2579 1500
1 2 7650 8446 8445
1 2 9157 2582 7651
1 2 8447 8448 7649
1 2 6202 6834 6793
1 2 7201 2584 6203
1 2 6835 6836 6201
2 2 6205 6838 6837
2 2 6840 6206 6839
2 2 6841 6842 6204
2 2 2589 173 8585
2 2 2588 526 2438
2 2 8450 8451 8449
2 2 2591 528 9378
2 2 2437 527 2590
2 2 8453 8454 8452
1 2 2594 538 7211
1 2 6844 6226 6843
1 2 6224 1474 6903
2 2 2597 568 7411
2 2 8456 8457 8455
2 2 569 2597 9164
2 2 48 2598 2599
2 2 2598 594 2486
2 2 2599 2486 596
2 2 594 2600 2487
2 2 2600 187 2601
2 2 2487 2601 595
2 2 7 2602 2604
2 2 2602 603 2603
2 2 2604 2603 601
2 2 9121 2607 7551
2 2 5580 5581 5579
2 2 618 2607 5887
2 2 618 2606 2609
2 2 2608 2606 5580
2 2 2609 2608 1758
2 2 607 2610 2612
2 2 2610 179 2611
2 2 676 2612 9395
2 2 2615 178 7236
2 2 6121 2614 6250
2 2 6243 6845 6248
2 2 662 2616 2618
2 2 2616 23 2617
2 2 2618 2617 1840
2 2 83 2619 2620
2 2 8459 8460 8458
2 2 671 2620 9198
2 2 669 2621 2421
2 2 2622 2621 8065
2 2 670 2421 9210
2 2 2624 671 8375
2 2 2419 670 2623
2 2 338 2624 9211
2 2 180 2625 2626
2 2 2625 675 2429
2 2 2626 2429 677
2 2 677 2428 2627
2 2 8462 8463 8461
2 2 179 2627 9199
2 2 57 2628 2630
2 2 5583 5584 5582
2 2 698 2630 5908
2 2 5586 5587 5585
2 2 2631 60 2632
2 2 702 2633 5911
2 2 2636 707 6909
2 2 2634 47 2635
2 2 2636 2635 708
2 2 712 2637 2639
2 2 2637 711 2638
2 2 2639 2638 183
2 2 715 2640 2642
2 2 2640 714 2641
2 2 2642 2641 91
2 2 716 2643 2645
2 2 8465 8466 8464
2 2 717 2645 9207
1 2 719 2646 2648
1 2 2646 216 2647
1 2 2648 2647 720
1 2 722 2649 2651
1 2 2649 104 2650
1 2 2651 2650 723
1 2 736 2652 2654
1 2 2652 735 2653
1 2 2654 2653 71
2 2 738 2655 2657
2 2 2655 737 2656
2 2 2657 2656 180
1 2 72 2658 2660
1 2 2658 739 2659
1 2 2660 2659 741
2 2 119 2661 2662
2 2 8468 8469 8467
2 2 747 2662 9209
2 2 747 2497 2663
2 2 2497 746 2489
2 2 2663 2489 181
1 2 748 2492 2665
1 2 2664 2492 6810
1 2 2665 2664 749
1 2 736 2666 2667
1 2 2666 749 2471
1 2 2667 2471 224
2 2 773 2668 2670
2 2 2668 159 2669
2 2 2670 2669 774
2 2 5589 5590 5588
2 2 5592 5593 5591
2 2 1881 2673 5915
2 2 794 2674 2676
2 2 2674 16 2675
2 2 2676 2675 795
2 2 797 2677 2679
2 2 2677 257 2678
2 2 2679 2678 798
1 2 2681 71 5860
1 2 5859 2680 5046
1 2 5594 5595 5044
1 2 7763 8471 8470
1 2 9214 2683 7764
1 2 769 2684 7762
1 2 8472 8473 8412
1 2 8474 8475 8409
1 2 5597 5598 5596
2 2 99 2687 2689
2 2 8477 8478 8476
2 2 8480 8481 8479
2 2 820 2690 2692
2 2 2690 225 2691
2 2 2692 2691 679
1 2 2695 684 9216
1 2 8482 7770 7737
1 2 7768 689 8600
1 2 2698 829 8580
1 2 2697 2696 8578
1 2 2698 2697 743
2 2 833 2699 2700
2 2 2699 91 2641
2 2 2700 2641 714
2 2 820 2701 2702
2 2 2701 180 2656
2 2 2702 2656 737
2 2 2661 119 5721
2 2 2475 2703 9400
2 2 9397 745 8467
2 2 2706 773 6911
2 2 2704 62 2705
2 2 8484 8485 8483
2 2 2709 704 4599
2 2 2707 44 2708
2 2 8487 8488 8486
2 2 707 2710 2712
2 2 2711 2710 3874
2 2 2712 2711 1198
1 2 5600 5601 5599
1 2 2714 2713 7097
1 2 847 2715 5918
1 2 1465 2716 2718
1 2 2716 1466 2717
1 2 2718 2717 1464
1 2 848 2719 2721
1 2 2719 222 2720
1 2 2721 2720 1799
1 2 748 2722 2724
1 2 2722 71 2723
1 2 2724 2723 1473
1 2 862 2725 2727
1 2 8489 8490 8059
1 2 778 2727 9226
2 2 2730 53 5724
2 2 2728 361 2729
2 2 6029 827 5737
2 2 225 2731 2733
2 2 2731 821 2732
2 2 2733 2732 680
2 2 6847 6848 6846
2 2 2735 2734 9272
2 2 6850 6851 6849
1 2 255 2737 2739
1 2 5603 5604 5602
1 2 837 2739 5929
2 2 9396 2644 8465
2 2 8492 8493 8491
2 2 717 2644 9232
2 2 883 2742 2744
2 2 2742 882 2743
2 2 2744 2743 95
2 2 884 2745 2436
2 2 2745 91 2746
2 2 2436 2746 885
2 2 7805 8495 8494
2 2 9234 2748 7806
2 2 7804 888 8386
2 2 7808 8497 8496
2 2 9235 2750 7809
2 2 7807 891 8396
2 2 895 2751 2753
2 2 2752 2751 7503
2 2 2753 2752 208
2 2 8499 8500 8498
2 2 2754 42 2755
2 2 9237 896 8399
2 2 8502 8503 8501
2 2 2756 2458 8397
2 2 8505 8506 8504
2 2 914 2758 2760
2 2 2758 913 2759
2 2 8508 8509 8507
1 2 226 2761 2763
1 2 2761 918 2762
1 2 2763 2762 920
1 2 918 2764 2766
1 2 2764 1 2765
1 2 2766 2765 919
2 2 921 2767 2769
2 2 2767 229 2768
2 2 2769 2768 922
1 2 927 2770 2772
1 2 2770 10 2771
1 2 2772 2771 928
2 2 2775 953 8564
2 2 2773 952 2774
2 2 8511 8512 8510
2 2 914 2776 2778
2 2 2776 967 2777
2 2 2778 2777 210
1 2 75 2779 2781
1 2 2779 1026 2780
1 2 2781 2780 1028
2 2 1039 2782 2784
2 2 2783 2782 6142
2 2 7401 313 6866
2 2 1052 2785 2538
2 2 2785 42 2786
2 2 2538 2786 892
1 2 102 2787 2789
1 2 2787 1054 2788
1 2 2789 2788 1056
1 2 1054 2790 2792
1 2 2790 72 2791
1 2 2792 2791 1055
2 2 1128 2793 2795
2 2 2793 1127 2794
2 2 2795 2794 379
1 2 1129 2796 2798
1 2 2796 255 2797
1 2 2798 2797 1130
2 2 1148 2799 2801
2 2 2799 1147 2800
2 2 2801 2800 465
1 2 1151 2802 2804
1 2 2802 1150 2803
1 2 2804 2803 486
2 2 5606 5607 5605
2 2 2805 1161 2806
2 2 5609 5610 5608
2 2 4564 4565 4563
2 2 2808 1162 2809
2 2 4566 4567 8932
2 2 9408 4569 8937
2 2 9409 4572 8943
2 2 1181 2813 4796
2 2 6853 6854 6852
2 2 2814 1182 2815
2 2 5612 5613 5611
2 2 2818 54 5579
2 2 2817 2605 9121
2 2 5615 5616 5614
2 2 343 2819 2821
2 2 2820 2819 7596
2 2 7716 8514 8513
2 2 1204 2822 2823
2 2 2822 208 2752
2 2 2823 2752 894
2 2 8516 8506 8515
2 2 8518 8519 8517
2 2 9254 897 8503
2 2 7872 8521 8520
2 2 8523 7873 8522
2 2 7515 8524 7871
2 2 312 2829 2831
2 2 2830 2829 6273
2 2 6112 6856 6855
2 2 2834 139 9420
2 2 2833 2832 6151
2 2 6858 6859 6857
2 2 1204 2835 2837
2 2 2835 84 2836
2 2 2837 2836 1515
1 2 6366 6861 6860
1 2 6863 6367 6862
1 2 1229 2840 6365
1 2 2842 154 6805
1 2 7138 2841 6370
1 2 1189 2842 6368
2 2 8526 8527 8525
2 2 2843 243 2844
2 2 8529 8530 8528
2 2 6865 6866 6864
2 2 2846 315 2847
2 2 1039 2784 7276
1 2 6372 6868 6867
1 2 7277 2848 6373
1 2 6148 6869 6371
2 2 2851 187 6802
2 2 8532 7891 8531
2 2 8533 8534 7889
2 2 2852 18 6829
2 2 6871 6872 6870
2 2 1080 2852 7279
2 2 6378 6874 6873
2 2 6876 6379 6875
2 2 6877 6878 6377
2 2 2858 157 9270
2 2 8536 7900 8535
2 2 1231 2858 7898
2 2 173 2859 2861
2 2 2859 659 2860
2 2 2861 2860 1226
2 2 9377 2426 8383
2 2 2524 277 2862
2 2 2426 2862 1194
2 2 823 2863 2865
2 2 2863 1198 2864
2 2 2865 2864 1186
2 2 8538 8539 8537
2 2 8541 8542 8540
2 2 1201 2868 9273
1 2 423 2869 2871
1 2 2869 150 2870
1 2 2871 2870 1221
2 2 6880 6881 6879
2 2 2872 1190 2873
2 2 1138 2874 7285
2 2 187 2851 2876
2 2 2875 2851 8534
2 2 2876 2875 1197
2 2 5618 5619 5617
2 2 2877 1420 2878
2 2 5621 5622 5620
2 2 4576 4577 4575
2 2 2880 1421 2881
2 2 4579 4580 4578
2 2 6034 2877 5617
2 2 2883 1423 2884
2 2 2877 2884 1420
2 2 5624 5625 5623
2 2 2885 1425 2886
2 2 5627 5628 5626
2 2 5630 5631 5629
2 2 2888 1426 2889
2 2 5633 5634 5632
2 2 1428 2891 2893
2 2 2891 7 2892
2 2 2893 2892 1429
2 2 5636 5637 5635
2 2 2894 1449 2895
2 2 5639 5640 5638
2 2 5642 5643 5641
2 2 2897 1450 2898
2 2 5645 5646 5644
2 2 5648 5649 5647
2 2 5651 5652 5650
2 2 1454 2902 5959
2 2 5654 5655 5653
2 2 4582 4583 4581
2 2 1453 2905 4838
2 2 5657 5658 5656
2 2 5660 5661 5659
2 2 1457 2908 5960
2 2 5663 5664 5662
2 2 5666 5667 5665
2 2 1456 2911 5961
2 2 5669 5670 5668
2 2 7407 4584 7087
2 2 1459 2914 4839
2 2 192 2915 2917
2 2 2915 1461 2916
2 2 2917 2916 1463
2 2 144 2918 2920
2 2 2918 475 2919
2 2 2920 2919 1480
1 2 6883 6884 6882
1 2 6886 6887 6885
1 2 1498 2922 7297
2 2 2925 142 9424
2 2 2924 2923 3826
2 2 7608 8544 8543
1 2 2928 505 7302
1 2 6348 2927 6433
1 2 1475 2928 6431
2 2 393 2929 2931
2 2 2929 247 2930
2 2 2931 2930 1489
2 2 544 2932 2934
2 2 2932 93 2933
2 2 2934 2933 1491
2 2 6889 6890 6888
2 2 5672 5673 5671
2 2 1668 2937 5992
1 2 1767 2938 2940
1 2 9413 4587 8949
1 2 1768 2940 4856
2 2 5675 5676 5674
2 2 2941 1776 2942
2 2 5678 5679 5677
2 2 5681 5682 5680
2 2 2944 1777 2945
2 2 5684 5685 5683
1 2 1779 2947 2949
1 2 9414 4590 8952
1 2 1780 2949 4857
1 2 1782 2950 2951
1 2 9515 4898 9496
1 2 1779 2951 9517
2 2 5687 5688 5686
2 2 5690 5691 5689
2 2 1785 2954 5998
2 2 5693 5694 5692
2 2 2955 1790 2956
2 2 5696 5697 5695
2 2 1796 2958 2960
2 2 5699 5700 5698
2 2 5702 5703 5701
2 2 5705 5706 5704
2 2 6892 6893 6891
2 2 1804 2963 5999
2 2 2966 142 9307
2 2 8546 8063 8545
2 2 8547 8548 8061
2 2 2968 403 9310
2 2 7530 2618 8074
2 2 1840 2968 8072
1 2 484 2969 2971
1 2 2969 842 2970
1 2 2971 2970 1876
2 2 5708 5709 5707
2 2 5711 5712 5710
2 2 1888 2974 6004
1 2 2505 2413 9383
1 2 2583 2414 9389
1 2 259 1277 2415
2 2 2416 1190 3401
2 2 7265 2417 6791
2 2 2975 1190 2418
2 2 9417 7165 9058
2 2 5714 5715 5713
2 2 2860 659 6695
1 2 2683 681 5553
2 2 8378 5831 9050
2 2 8015 2423 8381
2 2 8549 8382 7592
2 2 2742 883 6033
2 2 2425 281 7155
2 2 1194 982 2427
2 2 2978 181 9215
2 2 2979 210 2777
1 2 3065 2506 9384
1 2 9399 2685 8474
2 2 2431 494 4706
2 2 3154 3270 8724
2 2 1196 1136 2433
2 2 885 492 2434
2 2 2981 884 2435
2 2 8551 8552 8550
2 2 2983 187 2876
2 2 361 1060 2729
2 2 617 1171 2817
2 2 2542 345 4439
2 2 7158 2440 8385
2 2 8553 8554 7822
2 2 4675 2546 5837
1 2 3681 2443 9089
1 2 2508 261 9500
1 2 9380 2445 8390
2 2 823 2390 2863
1 2 160 488 2582
2 2 2985 465 2800
1 2 3930 2838 6860
1 2 7330 2447 6794
1 2 830 810 2448
2 2 2449 397 5858
2 2 8014 2450 8392
2 2 2451 2554 9146
2 2 8740 2452 8394
2 2 2453 2754 8498
2 2 7269 2456 6797
2 2 1077 1075 2457
2 2 2751 895 3943
2 2 2986 393 2931
2 2 2459 2749 8496
2 2 2461 280 7598
2 2 2462 2527 9381
2 2 8555 8405 7773
2 2 2987 544 2934
2 2 8787 2827 8523
2 2 2464 213 4357
2 2 2465 214 9148
2 2 7394 2466 6801
1 2 2680 486 2803
1 2 1150 2680 2803
1 2 8557 8558 8556
1 2 2989 1130 2468
1 2 2469 2990 6390
2 2 2690 2991 3736
1 2 8560 8561 8559
1 2 2739 837 2472
1 2 5124 2592 7211
1 2 2993 226 2763
2 2 7395 2474 6803
2 2 2980 100 3546
2 2 2687 99 3017
2 2 7173 2559 6825
2 2 2830 310 7133
2 2 9419 4705 9012
2 2 2633 702 4336
1 2 426 1648 2562
1 2 2969 484 7241
2 2 2597 569 5430
2 2 2476 656 5895
2 2 5421 2477 8407
2 2 557 1436 2478
2 2 5970 2995 5264
2 2 2920 2996 9222
1 2 7408 2921 6886
1 2 2480 151 5347
1 2 841 1028 2481
1 2 7396 2483 6806
1 2 842 926 2484
2 2 2918 144 4334
1 2 7736 2581 8445
2 2 708 2192 2636
2 2 2861 2997 7731
2 2 2998 48 2599
2 2 5898 2613 7236
2 2 2999 180 2626
2 2 3000 119 2662
2 2 712 710 2637
2 2 2640 715 9204
2 2 2589 3001 8077
2 2 595 174 2485
2 2 1253 2288 2875
2 2 9403 2741 8492
2 2 3002 718 6019
2 2 3003 601 2603
2 2 3004 84 2835
2 2 914 893 2758
2 2 2756 3005 9404
1 2 3006 721 3877
1 2 3880 3007 6252
1 2 4593 4594 3925
1 2 736 734 2652
2 2 2655 738 3893
2 2 3008 180 2701
1 2 3009 741 2659
1 2 3010 920 2762
1 2 2766 919 6923
2 2 3011 923 5090
1 2 3963 3012 6288
2 2 8563 8564 8562
2 2 2607 618 8043
2 2 594 1851 2488
2 2 2600 594 2490
2 2 2929 2853 6873
2 2 393 2853 2929
2 2 2638 3013 8323
2 2 225 2381 2731
2 2 2822 2585 6837
2 2 1204 2585 2822
1 2 2719 2713 5599
1 2 2719 848 7144
1 2 2714 217 6916
2 2 6475 2824 8515
1 2 2737 255 2796
1 2 1129 2737 2796
1 2 3916 2491 6807
1 2 2493 748 2724
1 2 234 932 2841
2 2 2494 543 9185
2 2 3014 239 4652
2 2 3015 543 2496
2 2 745 2474 2499
2 2 914 964 2776
1 2 9390 2583 8448
1 2 8566 8567 8565
1 2 6895 6828 6894
1 2 2840 1229 2502
1 2 6921 2839 6863
1 2 736 748 2666
1 2 749 2666 2665
1 2 5927 2504 8413
1 2 6023 2505 5573
1 2 260 1277 2507
2 2 64 1867 2735
2 2 5717 5718 5716
2 2 6024 2510 5575
2 2 2511 290 9084
2 2 290 2510 2513
2 2 3017 99 2514
2 2 315 2302 2847
2 2 2833 317 6286
2 2 2813 3018 4892
2 2 6897 6898 6896
2 2 2516 323 6182
2 2 3831 2517 6816
1 2 3019 1028 2780
2 2 2518 159 3411
2 2 8568 8569 7538
2 2 3021 159 2520
2 2 6929 3145 8718
2 2 337 1564 2522
2 2 2523 1247 9267
2 2 2525 341 8391
2 2 8537 2526 8633
2 2 2782 1039 7157
2 2 774 2201 2670
2 2 7751 2528 8422
2 2 8570 8571 7771
1 2 858 764 2530
1 2 7168 3023 6154
1 2 3024 858 2532
2 2 5720 5721 5719
2 2 9400 2688 8477
2 2 4181 2850 8532
1 2 2848 329 7164
2 2 2533 878 5937
2 2 3020 332 4663
2 2 3025 878 2535
2 2 7165 2832 9420
2 2 5723 5724 5722
2 2 2862 277 8779
2 2 2536 892 9240
2 2 3026 1052 2537
2 2 2819 343 4322
2 2 9385 2540 8428
2 2 9386 2541 8432
1 2 3027 1056 2788
1 2 1055 3027 2792
1 2 3028 102 2789
2 2 2543 1057 3691
2 2 2745 884 2544
2 2 6900 6901 6899
1 2 3029 112 4711
2 2 3030 372 6419
2 2 2547 377 4208
2 2 1348 1623 2548
2 2 3031 379 2794
1 2 4107 2567 6827
2 2 4157 2587 6842
2 2 2549 388 7868
2 2 3807 2551 5844
2 2 8573 8574 8572
2 2 2552 392 4244
2 2 2553 1290 5251
2 2 4258 2555 8440
2 2 8576 8442 8575
2 2 2557 398 5861
2 2 7398 2558 6821
2 2 2925 2964 9307
2 2 9412 2925 8544
2 2 2908 3033 6047
1 2 5135 2566 7190
1 2 3034 424 5137
2 2 7181 2570 6830
2 2 3035 1669 4383
2 2 5042 3036 7760
2 2 799 797 3037
2 2 4682 2563 9150
2 2 5726 5727 5725
2 2 1476 1378 2565
2 2 2793 1128 4113
1 2 8578 8579 8577
1 2 8579 8580 7628
1 2 2584 484 2971
1 2 1876 2584 2971
2 2 7289 2586 6840
2 2 7194 2571 6833
2 2 7260 2854 6876
2 2 2759 3039 9405
1 2 8582 8583 8581
1 2 1130 2989 2798
1 2 2573 71 2653
1 2 5729 5578 5728
2 2 3795 2994 9106
2 2 886 492 2575
2 2 2785 1052 2576
2 2 3026 82 7253
2 2 475 1285 2919
2 2 2578 476 5792
2 2 4665 3040 6106
2 2 1500 1313 2580
2 2 2799 1148 3395
1 2 2935 3041 6051
1 2 2802 1151 4129
2 2 4125 2872 6879
2 2 5416 2826 8520
2 2 8584 8585 7730
2 2 8586 8587 8331
2 2 2590 3042 9392
2 2 9393 2591 8454
2 2 4596 4597 4595
2 2 3043 510 7290
1 2 2927 548 7210
1 2 4205 2593 6844
1 2 6902 6903 6430
2 2 9394 2596 8456
2 2 2598 48 7335
2 2 7118 2983 6100
2 2 2878 2880 4575
2 2 1420 2880 2878
2 2 3044 7 2604
2 2 2602 7 2891
2 2 3045 1420 2884
2 2 2886 2888 5629
2 2 1425 2888 2886
2 2 2806 2808 4563
2 2 1161 2808 2806
2 2 1430 1428 3046
2 2 54 1759 2608
2 2 3047 618 2609
2 2 2614 585 7227
2 2 6905 6906 6904
2 2 4783 3038 9388
2 2 2820 566 9191
2 2 9270 4712 9037
2 2 2859 173 8076
2 2 607 2100 2610
2 2 3048 607 2612
1 2 2972 3049 6063
2 2 7399 2615 6845
1 2 2807 3050 6030
2 2 2616 662 7553
2 2 7197 3051 6193
2 2 1428 2602 2891
2 2 2619 83 9236
2 2 671 991 2620
2 2 2621 669 9123
2 2 2622 90 8262
2 2 2623 670 8421
2 2 7153 3052 6139
2 2 9421 3000 8624
2 2 2978 675 9116
2 2 7244 3053 6270
2 2 8612 2689 8481
2 2 3054 679 2691
2 2 2733 680 8614
1 2 8589 8470 8588
1 2 7952 2693 9216
1 2 687 689 3055
2 2 8590 8591 8319
2 2 6025 2629 5583
2 2 698 1877 2630
2 2 2632 60 7325
2 2 4598 4599 4537
2 2 2710 707 4736
2 2 6908 6909 6907
2 2 47 970 2635
2 2 2708 44 5063
2 2 9205 3056 7743
2 2 3056 183 9206
2 2 7248 3057 6276
2 2 2643 716 5864
1 2 8592 8593 7774
1 2 8595 7796 8594
1 2 1769 1767 3060
1 2 224 1801 2667
1 2 735 2573 2653
1 2 748 736 2722
2 2 8596 8597 7765
1 2 3061 72 2660
1 2 3062 743 2697
2 2 181 2978 2663
1 2 255 2739 2664
2 2 2942 2944 5680
2 2 1776 2944 2942
2 2 2895 2897 5641
2 2 1449 2897 2895
1 2 1781 1779 3063
2 2 3064 1454 2901
2 2 1453 3064 2905
1 2 6028 2686 5598
1 2 2684 3065 9398
2 2 6910 6911 6758
2 2 2668 773 4946
2 2 4610 3021 9279
1 2 5731 5732 5730
1 2 3067 1783 8050
2 2 2705 62 9231
2 2 3068 1786 3472
2 2 3069 1457 2907
2 2 1456 3069 2911
2 2 2956 3070 4398
1 2 3071 867 4903
2 2 4859 2672 5592
2 2 2673 3072 6027
2 2 2675 16 8464
2 2 797 2223 2677
2 2 3073 868 9149
2 2 3074 1460 3441
2 2 1798 1796 3075
2 2 813 1888 3076
1 2 5734 5595 5733
2 2 8458 2825 8518
2 2 3077 820 2692
2 2 2732 821 8431
1 2 8599 8600 8598
1 2 5248 2738 5603
1 2 2698 3078 6103
2 2 833 885 2699
2 2 714 1944 2700
2 2 3079 820 2702
1 2 8602 7781 8601
1 2 842 2483 2970
2 2 2706 2996 4947
2 2 8604 8488 8603
2 2 169 1186 2711
2 2 3080 707 2712
2 2 3053 179 7245
2 2 3081 1463 2916
1 2 2715 847 3152
1 2 2716 1465 7444
1 2 3082 1464 2717
1 2 220 1465 3083
1 2 222 1800 2720
1 2 3084 848 2721
1 2 71 2681 2723
1 2 1473 2493 2724
2 2 2829 312 7149
1 2 3085 328 4973
1 2 2725 862 4624
1 2 2727 778 5082
2 2 3086 1804 2962
2 2 2963 3076 6061
2 2 5736 5737 5735
2 2 7112 2734 6846
2 2 7400 2736 6851
1 2 3059 104 3308
2 2 3057 91 7249
1 2 3087 75 2781
1 2 2952 3088 6056
1 2 2896 3089 6040
1 2 2903 3090 4894
1 2 2816 3091 7402
2 2 5130 3025 7965
2 2 6033 2818 5616
2 2 882 1555 2743
2 2 3092 190 3562
2 2 91 2699 2746
2 2 2984 133 5939
2 2 9140 2747 8494
2 2 50 2382 2748
2 2 9086 2821 8514
2 2 42 2754 2786
2 2 2750 83 6306
2 2 3093 386 7544
2 2 2755 42 6325
2 2 893 914 3094
2 2 964 914 3095
1 2 3096 1229 6132
2 2 3097 653 6245
1 2 3098 846 5815
2 2 8562 2843 8525
2 2 952 1036 2774
2 2 9407 2775 8512
2 2 9280 3095 9406
2 2 1038 1678 2783
1 2 72 3061 2791
2 2 1080 1082 2852
2 2 5867 3099 5001
1 2 255 2990 2797
2 2 2874 1138 4701
2 2 3100 466 7183
1 2 486 900 2804
2 2 2889 2805 5605
2 2 1162 2247 2809
1 2 3101 1267 4910
1 2 3102 1254 4909
2 2 4741 2812 4573
2 2 3478 2814 6852
2 2 1182 2271 2815
2 2 1185 823 3103
2 2 8606 7855 8605
2 2 1198 2711 2864
2 2 3104 1204 2823
2 2 3093 208 7172
2 2 8608 8524 8607
1 2 7126 2926 7302
2 2 7403 2831 6856
2 2 7405 2846 6864
2 2 7404 2834 6859
2 2 3105 371 5856
2 2 3106 1204 2837
2 2 1426 2805 2889
1 2 1189 1670 2842
2 2 9422 4612 9017
2 2 7578 2845 8639
2 2 5739 5740 5738
1 2 3096 1 5121
1 2 7406 2849 6869
2 2 6913 6878 6912
2 2 1190 2975 2873
2 2 1231 941 2858
2 2 1201 1606 2868
1 2 2990 255 6809
1 2 1221 1098 2871
1 2 4888 3101 4890
1 2 2879 3109 6035
2 2 1421 2262 2881
1 2 3110 1526 4912
2 2 2958 2883 6034
2 2 2898 2885 5623
1 2 2887 3111 6037
1 2 3112 1527 6080
2 2 2945 2894 5635
2 2 1450 2885 2898
1 2 3113 1531 6078
1 2 3114 1532 6079
2 2 2902 3115 6044
2 2 1248 1453 3018
1 2 3116 1534 6081
1 2 2909 3117 6049
2 2 1533 1456 3115
1 2 9516 4895 9484
2 2 3119 1536 6283
2 2 5742 5743 5741
1 2 3082 254 7946
1 2 2922 1498 7229
2 2 1777 2894 2945
1 2 2928 1475 9158
1 2 3109 3121 6069
2 2 1796 2883 2958
1 2 3111 3122 6070
1 2 1529 1531 3122
1 2 1530 1907 3121
1 2 3117 3123 6071
1 2 3118 3124 4900
1 2 1537 1532 3123
1 2 6070 3113 6042
1 2 6071 3114 6043
2 2 792 1668 3072
1 2 5745 5746 5744
2 2 3469 2941 5674
1 2 2943 3126 6052
1 2 3127 1872 6083
2 2 1513 1785 3033
2 2 4866 2955 5692
1 2 2957 3128 6057
1 2 3129 1907 6085
1 2 3130 1885 7471
2 2 9416 2966 8548
1 2 3126 3131 6072
2 2 1840 1575 2968
1 2 3128 3132 6073
1 2 1909 2395 3132
1 2 6069 3129 6059
1 2 1915 1903 3131
2 2 1888 1798 2974
2 2 2418 1140 7856
2 2 3146 2595 7411
2 2 4727 2977 9410
2 2 9410 2857 8536
2 2 3047 203 5897
2 2 5748 5749 5747
2 2 675 2978 2430
2 2 7412 2979 6931
2 2 967 2979 2777
2 2 8610 8611 8609
1 2 3065 768 5788
2 2 100 2980 2432
2 2 886 2981 2435
2 2 2439 526 8587
2 2 2876 1197 6101
2 2 3120 192 3214
2 2 2441 889 9418
2 2 8613 8614 8612
1 2 9379 2444 8388
2 2 5751 5752 5750
2 2 1147 2985 2800
2 2 3031 380 7247
1 2 6104 6914 6862
1 2 8616 8617 8615
2 2 1871 2554 2451
2 2 892 2754 2453
2 2 2986 392 5845
2 2 1489 2986 2931
2 2 897 2749 2459
2 2 7754 2462 8401
2 2 543 3015 2987
2 2 1491 2987 2934
1 2 3058 216 3881
1 2 8558 8618 7874
1 2 483 2989 2468
1 2 1130 2990 2469
1 2 3133 220 3083
2 2 3092 95 3750
2 2 6107 6915 6330
2 2 2991 171 3837
2 2 820 2991 2690
2 2 171 2991 3079
1 2 8561 8619 7777
1 2 749 2739 2472
1 2 7127 2993 6109
1 2 2763 920 6110
2 2 3097 229 5011
2 2 289 2687 3017
2 2 9106 2967 9310
2 2 5870 2995 9415
2 2 9415 2965 8546
2 2 2920 1480 4948
2 2 2997 658 7233
2 2 1226 2997 2861
2 2 659 1896 2998
2 2 596 2998 2599
2 2 8621 8622 8620
2 2 677 2999 2626
2 2 8624 8625 8623
2 2 747 3000 2662
2 2 3001 608 9311
2 2 9391 2589 8451
2 2 3002 717 5260
2 2 717 3002 2645
2 2 3003 604 5768
2 2 603 3003 2603
2 2 1204 3004 2835
2 2 3104 210 7412
2 2 8626 8627 7637
2 2 896 3005 2756
1 2 8629 8630 8628
1 2 2648 720 8630
1 2 6253 6917 6916
1 2 2651 723 6917
1 2 8631 8080 8559
2 2 820 3008 2701
2 2 3077 119 9421
1 2 6919 6920 6918
1 2 739 3009 2659
1 2 6922 6923 6921
1 2 918 3010 2762
1 2 5031 3062 7749
2 2 3011 922 7232
2 2 922 3011 2769
1 2 3012 928 7255
1 2 928 3012 2772
2 2 746 2600 2490
2 2 3013 576 9356
2 2 711 3013 2638
2 2 3106 474 6839
2 2 2495 246 5749
2 2 7397 2496 6813
1 2 422 2568 2501
1 2 1510 2840 2502
2 2 4824 3016 9411
2 2 9411 2867 8541
2 2 1208 3017 2514
1 2 293 834 3028
1 2 6924 6925 6266
2 2 1181 3018 2813
1 2 6927 6928 6926
1 2 1026 3019 2780
2 2 332 3020 2519
2 2 7913 2520 8417
2 2 6929 6817 6150
2 2 3052 338 7154
2 2 8633 8420 8632
2 2 3108 270 3996
2 2 8634 8426 8591
1 2 302 3023 2531
1 2 1893 3024 2532
2 2 2534 330 8569
2 2 2535 1504 7966
2 2 1053 3026 2537
2 2 3080 347 4805
1 2 857 1872 3134
1 2 3027 1055 6020
1 2 1054 3027 2788
1 2 1056 3028 2789
2 2 9387 2544 8437
2 2 884 2981 2545
1 2 3023 302 6925
1 2 859 1254 3135
2 2 8636 8637 8635
2 2 2924 373 8611
2 2 1127 3031 2794
2 2 3032 247 7256
2 2 247 3032 2930
2 2 1457 3033 2908
1 2 3034 150 3912
1 2 150 3034 2870
2 2 1668 852 3035
2 2 1668 3035 2937
2 2 3036 795 8347
2 2 795 3036 2676
2 2 3037 798 8341
2 2 798 3037 2679
2 2 9388 2564 8444
1 2 481 867 3136
2 2 3039 457 7619
2 2 913 3039 2759
2 2 3051 23 4855
1 2 645 1885 3137
2 2 4705 2923 9424
2 2 1145 2785 2576
2 2 1052 3026 2577
2 2 2579 193 6915
2 2 3099 379 5868
1 2 3041 3136 6064
1 2 7409 2935 6888
2 2 3043 93 5129
2 2 527 3042 2590
2 2 93 3043 2933
2 2 187 2983 2601
2 2 2604 601 5008
2 2 1424 597 3045
2 2 1423 3045 2884
2 2 1429 622 3046
2 2 1429 3046 2893
2 2 1758 3047 2609
1 2 655 1527 3138
2 2 676 3048 2612
1 2 4886 3110 4893
1 2 3049 3137 6065
1 2 6062 2972 5707
1 2 3050 3138 6066
1 2 6031 2807 5610
2 2 23 3051 2617
2 2 338 3052 2624
2 2 180 3008 2625
2 2 179 3053 2627
2 2 225 3054 2691
1 2 9425 3055 9401
1 2 9401 2694 8482
2 2 183 3056 2639
2 2 91 3057 2642
1 2 216 3058 2647
1 2 104 3059 2650
1 2 3060 1768 7445
1 2 1768 3060 2940
1 2 71 2722 2654
2 2 180 2999 2657
1 2 2660 741 7782
1 2 2697 113 7750
1 2 1780 760 3063
1 2 1780 3063 2949
2 2 1453 767 3064
2 2 5912 2901 5651
1 2 769 3065 2684
2 2 159 3021 2669
1 2 9402 2726 8489
1 2 1779 759 3067
1 2 1779 3067 2951
2 2 1785 787 3068
2 2 1785 3068 2954
2 2 1456 786 3069
2 2 5914 2907 5660
2 2 3070 1791 4859
2 2 1790 3070 2956
1 2 6026 2671 5588
2 2 1881 3072 2673
2 2 257 3073 2678
2 2 3074 1459 6282
2 2 1459 3074 2914
2 2 4600 4601 9426
2 2 4602 2960 5703
2 2 6061 2973 5711
2 2 679 3077 2692
1 2 743 3078 2698
2 2 737 3079 2702
2 2 7786 2706 8485
1 2 843 1534 3139
2 2 1198 3080 2712
2 2 3081 1462 9403
2 2 1461 3081 2916
1 2 3098 10 3878
1 2 1466 3082 2717
1 2 1464 3083 2718
1 2 2721 1799 8081
2 2 5753 5754 4958
1 2 3024 351 8615
2 2 1803 817 3086
2 2 7246 2962 6892
2 2 1804 3076 2963
2 2 1186 954 3103
1 2 841 806 3087
1 2 1028 3087 2781
1 2 3088 3139 6067
1 2 6055 2952 5686
1 2 3089 3134 6068
1 2 6041 2896 5640
1 2 3090 3135 4899
1 2 6045 2903 5653
1 2 3091 3140 7410
1 2 6032 2816 5613
2 2 95 3092 2744
2 2 210 894 3094
2 2 208 3093 2753
2 2 210 3094 2778
2 2 9406 2760 8509
1 2 1 3096 2765
2 2 229 3097 2768
1 2 10 3098 2771
2 2 379 3099 2795
2 2 2801 465 5754
1 2 4890 2810 4568
1 2 4569 4891 9427
2 2 1186 3103 2865
2 2 894 3104 2823
2 2 2836 84 8637
2 2 1515 3106 2837
2 2 2844 243 5740
2 2 8639 8530 8638
1 2 6036 2879 5622
1 2 4893 2882 4580
1 2 6038 2887 5628
1 2 6039 2890 5634
1 2 6042 2899 5646
1 2 6043 2900 5647
2 2 1454 3115 2902
2 2 4892 2904 4582
1 2 6046 2906 5656
1 2 6048 2909 5662
2 2 6044 2910 5666
1 2 6050 2912 5668
2 2 4896 2913 4585
2 2 192 3120 2915
1 2 1526 3121 3109
1 2 1527 3122 3111
1 2 1534 3123 3117
1 2 1535 3124 3118
2 2 6027 2936 5672
1 2 4897 2939 4588
1 2 6053 2943 5679
1 2 6054 2946 5685
2 2 6047 2953 5690
1 2 6058 2957 5697
1 2 6059 2959 5699
1 2 6060 2961 5704
1 2 1872 3131 3126
1 2 1905 3132 3128
2 2 6931 6932 6930
1 2 6934 6935 6933
1 2 1464 3133 3083
1 2 6068 3127 6054
1 2 4899 3102 4891
1 2 6064 3071 6026
1 2 6065 3130 6060
1 2 1882 3136 3041
1 2 866 1887 3140
1 2 6066 3112 6039
1 2 874 3137 3049
1 2 1267 3138 3050
1 2 6067 3116 6046
1 2 1904 3139 3088
1 2 1531 3134 3089
1 2 1532 3135 3090
1 2 1268 3140 3091
2 2 3143 660 9077
2 2 9078 3142 7477
2 2 1821 3143 7475
2 2 6937 6938 6936
2 2 3145 3144 9428
2 2 2976 3146 7108
2 2 537 3147 3149
2 2 3147 342 3148
2 2 3149 3148 1478
1 2 847 3150 3152
1 2 3150 221 3151
1 2 3152 3151 1858
2 2 1296 3153 3155
2 2 3153 654 3154
2 2 3155 3154 2980
2 2 839 3156 3158
2 2 3156 346 3157
2 2 3158 3157 780
2 2 436 3159 3161
2 2 3159 437 3160
2 2 3161 3160 1105
2 2 647 3162 3164
2 2 3162 186 3163
2 2 8083 8641 8640
2 2 3167 649 5764
2 2 3166 3165 5131
2 2 3167 3166 1389
2 2 911 3168 3170
2 2 3168 912 3169
2 2 3170 3169 910
2 2 955 3171 3173
2 2 3171 956 3172
2 2 3173 3172 954
1 2 1272 3174 3176
1 2 3174 470 3175
1 2 3176 3175 1467
1 2 120 3177 3179
1 2 3178 3177 4923
1 2 3179 3178 256
1 2 3182 459 8735
1 2 3181 3180 7623
1 2 3182 3181 1213
2 2 965 3183 3185
2 2 3183 966 3184
2 2 3185 3184 964
1 2 3188 109 9127
1 2 8643 7564 8642
1 2 8644 8645 7562
2 2 147 3189 3191
2 2 3189 324 3190
2 2 6940 6941 6939
2 2 147 3192 3194
2 2 6943 6944 6942
2 2 1975 3194 7151
1 2 504 3195 3197
1 2 3195 306 3196
1 2 7698 8647 8646
1 2 3200 359 5767
1 2 3198 360 3199
1 2 3200 3199 499
1 2 651 3201 3203
1 2 3201 357 3202
1 2 863 3203 7252
1 2 1100 3204 3206
1 2 3204 1101 3205
1 2 3206 3205 1099
2 2 3209 434 7039
2 2 8649 8650 8648
2 2 7659 8652 8651
2 2 437 3159 3211
2 2 3159 436 3210
2 2 3211 3210 1895
2 2 192 3212 3214
2 2 6946 6947 6945
2 2 444 3214 7177
2 2 8654 8655 8653
2 2 3215 195 3216
2 2 446 3217 9147
2 2 8657 8658 8656
2 2 3218 381 3219
2 2 1528 3220 9152
1 2 6949 6950 6948
1 2 3221 428 3222
1 2 1362 3223 7199
2 2 7635 8660 8659
2 2 8697 3225 7636
2 2 8661 8662 7634
2 2 1237 3227 3229
2 2 3227 485 3228
2 2 3229 3228 965
2 2 7644 8664 8663
2 2 9156 3231 7645
2 2 7884 8665 7643
2 2 3234 140 9156
2 2 3233 3230 8663
2 2 6094 6952 6951
2 2 92 3235 3237
2 2 3236 3235 6234
2 2 9434 525 8745
2 2 7668 8667 8666
2 2 8681 3239 7669
2 2 542 3240 7667
2 2 7671 8669 8668
2 2 8671 7672 8670
2 2 8672 8673 7670
2 2 614 3244 3246
2 2 3244 21 3245
2 2 3246 3245 615
2 2 7689 8675 8674
2 2 9174 3248 7690
2 2 8676 8677 7688
2 2 337 3250 3252
2 2 3250 637 3251
2 2 3252 3251 1835
2 2 3255 572 7057
2 2 3253 158 3254
2 2 8679 8680 8678
2 2 650 3256 3258
2 2 3256 189 3257
2 2 3258 3257 606
2 2 7710 8682 8681
2 2 8683 7711 8666
2 2 8684 8685 7709
1 2 263 3261 3263
1 2 3261 551 3262
1 2 8687 8688 8686
2 2 3265 116 9174
2 2 3264 3247 8674
2 2 6954 6955 6953
1 2 357 3201 3267
1 2 3201 651 3266
1 2 6957 6958 6956
2 2 3270 654 5772
2 2 3268 117 3269
2 2 9435 1196 8725
1 2 3273 733 8730
1 2 3271 732 3272
1 2 3273 3272 105
1 2 2 3274 3276
1 2 3274 762 3275
1 2 3276 3275 764
2 2 781 3277 3278
2 2 3277 780 3157
2 2 3278 3157 346
2 2 249 3279 3281
2 2 3279 782 3280
2 2 3281 3280 784
2 2 784 3282 3284
2 2 3282 783 3283
2 2 3284 3283 381
1 2 807 3285 3287
1 2 3285 806 3286
1 2 3287 3286 482
1 2 153 3288 3290
1 2 3288 808 3289
1 2 3290 3289 810
1 2 808 3291 3293
1 2 3291 77 3292
1 2 3293 3292 809
1 2 11 3294 3296
1 2 3294 814 3295
1 2 3296 3295 816
1 2 814 3297 3299
1 2 3297 153 3298
1 2 3299 3298 815
1 2 816 3300 3302
1 2 3300 815 3301
1 2 3302 3301 651
1 2 3305 850 8756
1 2 3303 105 3304
1 2 3305 3304 1859
1 2 104 3306 3308
1 2 3306 915 3307
1 2 3308 3307 917
1 2 915 3309 3311
1 2 3309 219 3310
1 2 3311 3310 916
1 2 917 3312 3314
1 2 3312 916 3313
1 2 3314 3313 221
1 2 77 3315 3317
1 2 3315 924 3316
1 2 3317 3316 926
1 2 924 3318 3320
1 2 3318 232 3319
1 2 3320 3319 925
1 2 926 3321 3323
1 2 3321 925 3322
1 2 3323 3322 234
2 2 30 3324 3326
2 2 3324 933 3325
2 2 3326 3325 935
2 2 235 3327 3329
2 2 3327 936 3328
2 2 3329 3328 938
2 2 8690 8691 8689
2 2 3330 47 3331
2 2 952 3332 9239
2 2 182 3333 3334
2 2 3333 954 3172
2 2 3334 3172 956
2 2 959 3335 3337
2 2 3335 958 3336
2 2 3337 3336 199
2 2 957 3338 3340
2 2 3338 243 3339
2 2 3340 3339 880
2 2 963 3341 3343
2 2 3341 880 3342
2 2 3343 3342 201
2 2 272 3344 3346
2 2 3344 971 3345
2 2 3346 3345 973
2 2 973 3347 3349
2 2 3347 972 3348
2 2 3349 3348 117
2 2 273 3350 3352
2 2 3350 974 3351
2 2 3352 3351 976
2 2 974 3353 3355
2 2 3353 19 3354
2 2 3355 3354 975
2 2 5 3356 3358
2 2 3356 977 3357
2 2 3358 3357 979
1 2 1001 3359 3361
1 2 3359 297 3360
1 2 3361 3360 1002
2 2 1025 3362 3364
2 2 3362 1024 3363
2 2 3364 3363 32
1 2 327 3365 3367
1 2 3365 1029 3366
1 2 3367 3366 1031
1 2 1029 3368 3370
1 2 3368 2 3369
1 2 3370 3369 1030
2 2 117 3371 3349
2 2 3371 1042 3372
2 2 3349 3372 973
2 2 1046 3373 3375
2 2 3373 1045 3374
2 2 3375 3374 472
2 2 128 3376 3378
2 2 3376 1049 3377
2 2 3378 3377 1051
2 2 1076 3379 3381
2 2 3379 1075 3380
2 2 3381 3380 369
2 2 1074 3382 3384
2 2 3382 84 3383
2 2 3384 3383 1083
2 2 1089 3385 3387
2 2 3385 1040 3386
2 2 3387 3386 140
2 2 1126 3388 3390
2 2 3388 69 3389
2 2 3390 3389 1127
2 2 117 3391 3393
2 2 3391 1134 3392
2 2 3393 3392 1136
2 2 69 3394 3396
2 2 3394 1146 3395
2 2 3396 3395 1148
2 2 1164 3397 3399
2 2 3397 33 3398
2 2 3399 3398 1165
2 2 1190 3400 3401
2 2 3400 69 3388
2 2 3401 3388 1126
2 2 7893 8693 8692
2 2 9268 3403 7894
2 2 1255 3404 7892
2 2 69 3400 3394
2 2 3400 1190 3405
2 2 3394 3405 1146
1 2 7908 8695 8694
1 2 9277 3407 7909
1 2 7566 8696 7907
1 2 470 3174 3410
1 2 3174 1272 3409
1 2 3410 3409 1264
2 2 1284 3411 3413
2 2 3411 159 3412
2 2 3413 3412 1285
2 2 58 3414 3416
2 2 3414 1296 3415
2 2 3416 3415 1298
2 2 1304 3417 3419
2 2 3417 1303 3418
2 2 3419 3418 348
2 2 86 3420 3422
2 2 3420 1314 3421
2 2 3422 3421 1316
2 2 1316 3423 3425
2 2 3423 1315 3424
2 2 3425 3424 207
2 2 1314 3420 3427
2 2 3420 86 3426
2 2 3427 3426 1317
2 2 1331 3428 3430
2 2 3428 24 3429
2 2 3430 3429 1332
2 2 1334 3431 3433
2 2 3431 147 3432
2 2 3433 3432 1335
2 2 1394 3434 3436
2 2 3434 1393 3435
2 2 3436 3435 491
1 2 1365 3437 3439
1 2 3437 428 3438
1 2 3439 3438 1395
2 2 6960 6961 6959
2 2 5756 5757 5755
2 2 1460 3442 5962
2 2 7959 8698 8697
2 2 8699 7960 8659
2 2 8700 8701 7958
1 2 428 3221 3446
1 2 6962 6963 6948
1 2 6965 6966 6964
2 2 334 3447 3449
2 2 3448 3447 7863
2 2 3449 3448 1503
2 2 1590 3450 3452
2 2 3450 1589 3451
2 2 3452 3451 190
2 2 276 3453 3455
2 2 3453 1604 3454
2 2 3455 3454 1606
2 2 1675 3456 3458
2 2 6968 6969 6967
2 2 1676 3458 7327
2 2 6971 6972 6970
2 2 3459 1770 3460
2 2 6974 6975 6973
2 2 6977 6978 6976
2 2 3462 1771 3463
2 2 6980 6981 6979
2 2 6983 6984 6982
2 2 3465 1773 3466
2 2 6986 6987 6985
2 2 6989 6990 6988
2 2 3468 1774 3469
2 2 6992 6993 6991
2 2 6995 6996 6994
2 2 5759 5760 5758
2 2 1786 3473 5997
2 2 8703 8704 8702
2 2 3474 1787 3475
2 2 8706 8707 8705
2 2 8709 8710 8708
2 2 3477 1788 3478
2 2 6998 6999 6997
2 2 7001 7002 7000
2 2 7004 7005 7003
2 2 1795 3482 7338
2 2 7007 7008 7006
2 2 7010 7011 7009
2 2 1794 3485 7339
2 2 7013 7014 7012
2 2 7016 7017 7015
2 2 1811 3488 7341
2 2 7019 7020 7018
2 2 7022 7023 7021
2 2 1810 3491 7342
2 2 7025 7026 7024
2 2 3492 1812 3493
2 2 7028 7029 7027
2 2 7031 7032 7030
2 2 3495 1813 3496
2 2 7034 7035 7033
2 2 7037 7038 7036
2 2 3498 1818 3499
2 2 1820 3500 7343
2 2 8648 3502 8016
2 2 7040 7041 7039
2 2 7043 7044 7042
2 2 3142 336 8739
2 2 9309 3504 8069
2 2 1821 3142 8067
2 2 436 3505 3210
2 2 3505 579 3506
2 2 3210 3506 1895
1 2 651 3507 3509
1 2 3507 830 3508
1 2 3509 3508 1892
1 2 3512 849 7348
1 2 7046 6586 7045
1 2 1901 3512 6584
2 2 472 3513 3515
2 2 3513 1234 3514
2 2 3515 3514 1824
1 2 459 3516 3518
1 2 3517 3516 6190
1 2 3518 3517 1833
2 2 567 3519 3521
2 2 3519 134 3520
2 2 3521 3520 1839
2 2 587 3522 3524
2 2 3522 36 3523
2 2 3524 3523 1850
2 2 462 3525 3527
2 2 3525 2219 3526
2 2 3527 3526 2221
2 2 8712 8713 8711
2 2 7048 7049 7047
2 2 2236 3530 7381
2 2 7051 7052 7050
2 2 3531 2245 3532
2 2 7054 7055 7053
2 2 8715 8716 8714
2 2 3534 2272 3535
2 2 5762 5763 5761
2 2 182 3537 3539
2 2 3537 713 3538
2 2 3539 3538 2337
2 2 3505 436 7365
2 2 7235 3141 9077
2 2 1821 1757 3143
2 2 7224 3144 6936
2 2 8718 8719 8717
2 2 3146 2976 9417
2 2 3233 472 3515
2 2 3515 1824 6095
2 2 537 1053 3147
2 2 8721 8722 8720
2 2 1478 1407 3149
2 2 6757 3501 7040
2 2 1286 1284 3541
2 2 182 712 3537
2 2 3542 273 3352
1 2 3177 120 5795
2 2 3543 276 3455
1 2 3150 847 7795
1 2 3544 850 5064
1 2 1858 2715 3152
2 2 3545 1298 3415
1 2 3261 263 6443
2 2 619 1834 3264
2 2 1296 2380 3153
2 2 8724 8725 8723
2 2 3546 1296 3155
1 2 118 253 3178
2 2 3435 3443 8699
2 2 1393 3443 3435
2 2 3547 567 3521
2 2 3156 839 9220
2 2 3548 839 3158
2 2 1304 1302 3417
1 2 3549 482 3286
1 2 3507 651 3301
1 2 815 3507 3301
1 2 3550 327 3367
2 2 8727 8652 8726
2 2 3551 235 3329
2 2 437 1106 3160
2 2 1105 2068 3161
2 2 3162 647 7228
2 2 3552 404 6192
2 2 9429 3164 8641
2 2 1590 1588 3450
2 2 3217 446 4446
2 2 3553 199 3336
2 2 5132 5764 5021
2 2 3166 61 9288
2 2 3554 649 3167
2 2 3423 1316 3421
2 2 1314 3423 3421
2 2 3168 911 3850
2 2 3555 910 3169
2 2 5940 3556 7983
1 2 3312 917 3307
1 2 915 3312 3307
1 2 916 3312 3311
1 2 8729 8730 8728
2 2 5010 3557 7686
1 2 3321 926 3316
1 2 924 3321 3316
1 2 925 3321 3320
2 2 3325 3558 7811
2 2 3559 938 3328
2 2 952 2773 3332
2 2 955 704 3171
2 2 3560 169 4173
2 2 8732 8677 8731
2 2 7288 3561 6396
2 2 3562 190 3451
2 2 959 957 3335
1 2 8733 8734 7745
1 2 470 1468 3175
1 2 3563 1272 3176
1 2 7624 8735 8052
1 2 460 899 3181
1 2 1213 1118 3182
2 2 963 957 3341
2 2 880 3341 3340
2 2 3183 965 3228
2 2 3564 964 3184
2 2 964 3095 3185
1 2 7444 3510 7348
2 2 3347 973 3345
2 2 971 3347 3345
2 2 3565 976 3351
2 2 975 3565 3355
2 2 3566 979 3357
2 2 3567 1606 3454
1 2 4835 3186 9127
1 2 9025 3187 8643
1 2 8736 8645 7904
1 2 3568 1003 4025
1 2 3569 764 3275
1 2 3407 111 9128
2 2 1025 904 3362
2 2 348 324 3570
2 2 324 766 3190
2 2 3192 147 3191
2 2 7387 3193 6943
2 2 3571 147 3194
1 2 3366 3572 7820
1 2 1030 3572 3370
2 2 3573 1333 5171
2 2 172 2064 3448
2 2 8738 8739 8737
2 2 8741 8742 8740
2 2 1336 1334 3574
2 2 3575 973 3372
2 2 3576 348 3418
1 2 3195 504 5889
1 2 3196 306 5504
1 2 9430 3197 8647
2 2 3373 1046 5110
1 2 5766 5767 5765
1 2 3200 499 6198
2 2 3504 314 5302
2 2 3377 3577 7828
2 2 3578 128 3378
2 2 3277 781 9221
2 2 3570 147 3431
2 2 1334 3570 3431
1 2 3202 357 6603
1 2 863 816 3203
2 2 374 1092 3403
2 2 3282 784 3280
2 2 782 3282 3280
2 2 1076 1074 3379
2 2 7259 3579 6319
2 2 3385 1089 4101
2 2 3488 3580 7436
1 2 3204 1100 4150
1 2 3581 1099 3205
1 2 432 1100 3582
2 2 5214 3208 8649
2 2 3211 3583 7638
2 2 7414 3213 6946
2 2 444 3120 3214
2 2 3216 195 9333
2 2 3442 3584 7418
2 2 3513 472 3374
2 2 1045 3513 3374
2 2 7328 3585 6522
2 2 1127 2793 3390
2 2 9431 3218 8656
2 2 381 2093 3219
2 2 3220 3586 9432
1 2 3516 459 7195
1 2 3222 428 7961
1 2 3223 1362 5270
2 2 3225 29 7910
2 2 5134 3226 8662
2 2 1237 1310 3227
2 2 485 3183 3228
2 2 3587 1237 3229
2 2 3583 167 4419
2 2 3588 1136 3392
2 2 3231 140 9259
2 2 9433 3232 8665
2 2 7415 3234 6952
1 2 3285 807 3911
1 2 3289 3589 6258
1 2 809 3589 3293
2 2 3434 1394 5213
1 2 1396 1365 3590
2 2 1190 2872 3405
2 2 3235 92 5892
2 2 3236 523 6098
2 2 8744 8745 8743
1 2 7331 3267 6958
2 2 541 1894 3239
2 2 3240 542 6239
2 2 5323 3241 8668
2 2 9102 3242 8671
2 2 8747 8673 8746
2 2 519 1839 3591
2 2 7056 7057 6574
2 2 588 1850 3592
2 2 663 615 3593
2 2 3248 116 7316
2 2 3250 337 9428
2 2 523 1835 3594
2 2 1835 1565 3252
2 2 3506 579 8040
2 2 5128 3595 7843
2 2 158 949 3254
2 2 8749 8680 8748
2 2 5769 5770 5768
2 2 3256 650 3723
2 2 3257 189 7681
2 2 3596 650 3258
1 2 7419 3445 6962
1 2 3266 651 3509
1 2 1892 3266 3509
2 2 3363 3259 8683
2 2 8751 8685 8750
1 2 3262 551 5362
1 2 8753 8688 8752
2 2 7416 3265 6955
1 2 3300 816 3295
1 2 814 3300 3295
1 2 815 3300 3299
2 2 5771 5772 4940
2 2 3269 117 3393
2 2 21 1724 3593
1 2 3597 105 3272
1 2 8755 8756 8754
2 2 3460 3462 6976
2 2 1770 3462 3460
2 2 3466 3468 6988
2 2 1773 3468 3466
1 2 3598 2 3276
2 2 3921 3599 7491
2 2 3279 249 8294
2 2 3600 249 3281
2 2 3601 381 3283
2 2 381 3218 3284
2 2 3475 3477 8708
2 2 1787 3477 3475
2 2 3602 1795 3481
2 2 1794 3602 3485
1 2 424 807 3603
1 2 3604 153 3290
1 2 842 809 3605
1 2 3606 11 3296
1 2 830 815 3604
1 2 651 3203 3302
2 2 9203 3607 7740
2 2 825 2091 3601
1 2 3313 3608 7746
1 2 3597 836 3813
1 2 830 2447 3508
2 2 3609 182 3334
1 2 3610 1539 4651
1 2 1859 1596 3305
2 2 3611 58 3416
1 2 3598 858 4975
1 2 863 1005 3606
2 2 3612 2221 3526
2 2 8758 8759 8757
1 2 3605 77 3317
1 2 926 3605 3317
1 2 7445 3511 7046
1 2 3467 3613 7425
1 2 3483 3614 7434
2 2 7059 7060 7058
2 2 5902 3616 6088
2 2 3555 207 3424
2 2 7984 8761 8760
1 2 3308 917 7797
1 2 8763 7518 8762
1 2 221 3150 3314
1 2 930 925 3618
1 2 3619 234 3322
1 2 234 2484 3323
1 2 3619 930 3739
2 2 3620 30 3326
2 2 7577 3330 8689
2 2 47 1035 3331
2 2 182 1185 3333
2 2 954 1186 3560
2 2 957 959 3338
2 2 3621 1236 5941
2 2 3622 450 5863
2 2 7062 7063 7061
2 2 3344 272 3998
2 2 1043 272 3575
2 2 3391 117 3348
2 2 3623 1240 7166
2 2 3624 5 3358
1 2 1210 1002 3625
2 2 1024 3259 3363
2 2 9180 3626 7701
1 2 2 3598 3369
2 2 3627 140 3386
2 2 117 3268 3371
2 2 3375 472 8664
2 2 1074 1076 3382
2 2 3628 369 3380
2 2 3629 371 9145
2 2 3628 1077 3772
2 2 3630 1195 7193
2 2 140 3234 3387
2 2 3631 2237 4464
2 2 3632 1811 3487
2 2 1810 3632 3491
1 2 3581 433 4270
1 2 1099 1376 3582
2 2 4479 3531 7050
2 2 3493 3495 7030
2 2 1812 3495 3493
2 2 3389 69 8176
2 2 1136 3269 3393
2 2 1146 2799 3395
2 2 1148 2005 3396
2 2 3633 1207 7514
2 2 4524 3534 8714
2 2 1126 2416 3401
2 2 84 3004 3630
2 2 9083 3402 8692
2 2 3447 334 3686
2 2 1315 3555 3424
1 2 9436 3408 8696
2 2 3633 33 5091
2 2 9258 3620 7881
2 2 1230 937 3624
2 2 3623 19 5101
2 2 242 1824 3634
2 2 369 1339 3629
2 2 1255 1301 3404
1 2 3635 356 8058
2 2 8765 8766 8764
1 2 8767 8768 8694
2 2 3636 182 3539
1 2 3637 114 4786
2 2 3499 3638 6568
1 2 3528 3639 7446
1 2 3494 3640 7439
1 2 1264 2089 3410
2 2 1284 2518 3411
2 2 1480 1285 3641
2 2 3414 58 9331
2 2 100 1297 3546
2 2 3642 1334 5259
2 2 3422 1316 7957
2 2 207 1941 3425
2 2 3643 387 7192
2 2 1509 1332 3644
2 2 326 1335 3571
1 2 3437 1365 3781
2 2 3645 435 7658
1 2 7420 3446 6966
1 2 3646 1535 6082
2 2 5916 3441 5756
2 2 8770 8701 8769
2 2 159 2668 3641
2 2 8771 8772 7595
1 2 105 1516 3610
2 2 1503 1333 3449
2 2 3648 439 4921
2 2 7443 3502 7044
2 2 1675 1889 3456
1 2 1883 1676 3649
2 2 3496 3459 6970
1 2 3461 3650 7422
2 2 3463 3465 6982
1 2 3651 1902 7473
2 2 1774 2941 3469
1 2 3652 1903 7467
1 2 3653 1904 6077
2 2 5913 3472 5759
2 2 3473 3654 7429
2 2 4491 3474 8702
1 2 3476 3655 9437
2 2 1788 2814 3478
1 2 3656 1887 9507
1 2 3657 1906 7468
2 2 3482 3658 7432
2 2 1514 1794 3584
1 2 3659 1886 7472
1 2 3489 3660 7438
2 2 1841 1810 3654
2 2 3532 3492 7024
2 2 1813 3459 3496
1 2 3661 1910 7469
2 2 4409 3498 7036
1 2 3500 3662 7442
2 2 1850 1734 3524
1 2 3662 3663 7454
2 2 1866 2257 3658
2 2 2245 3492 3532
1 2 3660 3664 7453
1 2 3655 3665 9441
1 2 3650 3666 7452
1 2 1908 1910 3666
1 2 7452 3661 7441
1 2 1833 1806 3518
1 2 1911 1882 3663
1 2 1914 1883 3667
1 2 4861 3667 7455
1 2 1912 1904 3664
1 2 1917 2400 3665
1 2 6072 3652 7427
1 2 7453 3653 7428
1 2 1916 1906 3668
1 2 4877 3668 7456
2 2 8773 8774 7792
2 2 1874 2236 3580
1 2 3670 2374 7474
1 2 3671 2406 9514
1 2 2410 2406 3672
2 2 3616 880 7058
2 2 3148 342 8742
2 2 1285 475 3541
2 2 1285 3541 3413
2 2 3599 346 9085
2 2 3596 202 3955
2 2 826 751 3542
2 2 976 3542 3352
1 2 482 1884 3603
2 2 1201 978 3543
2 2 1606 3543 3455
1 2 3151 221 8734
2 2 1297 345 3545
2 2 1296 3545 3415
1 2 3617 219 5029
1 2 3625 297 4029
2 2 654 3270 3154
2 2 2980 3546 3155
2 2 7065 7066 7064
2 2 1839 3547 3521
2 2 780 3548 3158
1 2 3549 841 5059
1 2 806 3549 3286
2 2 3645 491 9312
2 2 8775 8776 8046
1 2 1032 1027 3550
1 2 1031 3550 3367
1 2 3618 232 3964
2 2 939 934 3551
2 2 938 3551 3329
2 2 3163 186 8776
2 2 7067 7068 6362
2 2 958 3553 3336
2 2 201 1936 3622
2 2 1389 3554 3167
2 2 912 3555 3169
2 2 3170 910 8761
2 2 3557 615 9173
2 2 615 3557 3246
2 2 7812 8778 8777
2 2 933 3558 3325
2 2 937 236 3559
2 2 936 3559 3328
2 2 954 3560 3173
2 2 3561 1317 7289
2 2 1317 3561 3427
2 2 883 3092 3562
2 2 1589 3562 3451
1 2 1467 3563 3176
2 2 3669 462 5043
2 2 966 3564 3184
2 2 199 1506 3621
2 2 3565 975 7382
2 2 974 3565 3351
2 2 978 278 3566
2 2 977 3566 3357
2 2 8780 8781 8779
2 2 1604 3567 3454
1 2 1002 299 3568
1 2 1002 3568 3361
1 2 3569 763 6267
1 2 762 3569 3275
2 2 9141 3578 7593
2 2 147 3570 3189
2 2 7413 3191 6941
2 2 1975 3571 3194
1 2 3572 1030 4974
1 2 1029 3572 3366
2 2 1332 334 3573
2 2 1332 3573 3430
2 2 1335 344 3574
2 2 1335 3574 3433
2 2 1042 3575 3372
2 2 417 822 3576
2 2 1303 3576 3418
2 2 7829 8783 8782
2 2 1049 3577 3377
2 2 3378 1051 7594
2 2 348 3570 3642
2 2 8785 8786 8784
2 2 3579 1083 7260
2 2 1083 3579 3384
2 2 1811 3580 3488
1 2 1101 3581 3205
1 2 1099 3582 3206
2 2 1895 3583 3211
2 2 190 440 3648
2 2 1460 3584 3442
2 2 6523 7070 7069
2 2 3458 1676 7070
2 2 1528 3586 3220
2 2 965 3587 3229
2 2 1135 494 3588
2 2 1134 3588 3392
1 2 3589 809 7241
1 2 808 3589 3289
1 2 1260 1886 3673
1 2 3590 1395 7408
1 2 1395 3590 3439
1 2 1262 2374 3674
1 2 7410 3656 7430
2 2 3591 134 6340
2 2 134 3591 3520
2 2 3592 36 6343
2 2 36 3592 3523
2 2 21 3593 3245
2 2 3594 3675 6210
2 2 637 3594 3251
2 2 3626 32 9181
2 2 7844 8788 8787
2 2 3399 1165 8788
2 2 606 3596 3258
2 2 710 712 3609
2 2 3607 713 9204
1 2 7747 8789 8728
1 2 732 3597 3272
1 2 105 3303 3273
1 2 764 3598 3276
2 2 346 3599 3278
2 2 784 3600 3281
2 2 783 3601 3283
2 2 1794 802 3602
2 2 7240 3481 7004
1 2 482 3603 3287
1 2 810 3604 3290
1 2 77 3605 3292
1 2 816 3606 3296
1 2 153 3604 3298
2 2 713 3607 3538
1 2 916 3608 3313
2 2 956 3609 3334
1 2 105 3610 3304
2 2 821 2381 3611
2 2 1298 3611 3416
1 2 856 1902 3676
2 2 2220 868 3612
2 2 2219 3612 3526
1 2 869 1535 3677
1 2 3613 3676 7448
1 2 7426 3467 6987
1 2 3614 3677 7449
1 2 7433 3483 7006
2 2 5774 5775 5773
2 2 3339 243 5775
2 2 880 3616 3342
1 2 219 3617 3310
1 2 232 3618 3319
1 2 925 3619 3322
2 2 3326 935 7882
2 2 199 3621 3337
2 2 201 3622 3343
2 2 973 3575 3346
2 2 972 3391 3348
2 2 19 3623 3354
2 2 979 3624 3358
1 2 297 3625 3360
2 2 1022 1023 3627
2 2 32 3626 3364
2 2 1040 3627 3386
2 2 1075 3628 3380
2 2 369 3629 3381
2 2 84 3630 3383
2 2 2236 1095 3631
2 2 2236 3631 3530
2 2 1810 1094 3632
2 2 7261 3487 7016
2 2 33 3633 3398
2 2 1234 961 3634
2 2 1234 3634 3514
1 2 1263 3635 3517
2 2 1235 1185 3636
2 2 2337 3636 3539
1 2 1272 3637 3409
2 2 6569 7072 7071
2 2 1818 3638 3499
1 2 3639 3673 7450
1 2 9439 3528 8711
1 2 3640 3674 7451
1 2 7440 3494 7029
2 2 159 3641 3412
2 2 348 3642 3419
2 2 3426 86 8786
2 2 24 3644 3429
2 2 147 3571 3432
2 2 491 3645 3436
1 2 428 3446 3438
1 2 7417 3440 6959
2 2 3644 24 7066
2 2 190 3648 3452
1 2 7421 3457 6968
1 2 7423 3461 6975
2 2 1771 3465 3463
1 2 7424 3464 6981
1 2 7427 3470 6993
1 2 7428 3471 6994
2 2 1786 3654 3473
1 2 9438 3476 8707
1 2 7430 3479 6999
1 2 7431 3480 7000
2 2 1795 3658 3482
2 2 7418 3484 7010
1 2 7435 3486 7012
1 2 7437 3489 7018
2 2 7429 3490 7022
1 2 7441 3497 7035
1 2 1820 3662 3500
1 2 1864 3663 3662
1 2 1886 3664 3660
1 2 1887 3665 3655
1 2 1902 3666 3650
1 2 7455 3649 7421
1 2 7456 3657 7431
2 2 462 3669 3525
2 2 7436 3529 7048
1 2 7447 3533 7055
1 2 6074 3536 5763
1 2 6075 3671 6074
2 2 3547 566 8772
1 2 7450 3659 7435
1 2 7451 3670 7447
2 2 3675 40 7204
2 2 637 3675 3594
1 2 7448 3651 7424
1 2 7449 3646 7417
1 2 1903 3676 3613
1 2 1906 3677 3614
1 2 2395 3673 3639
1 2 1910 3674 3640
2 2 1237 3678 3680
2 2 3678 456 3679
2 2 3680 3679 1847
1 2 682 3681 3683
1 2 3681 66 3682
1 2 3683 3682 1951
2 2 334 3684 3686
2 2 3684 343 3685
2 2 3686 3685 1176
1 2 532 3687 3689
1 2 3687 533 3688
1 2 3689 3688 1831
2 2 536 3690 3692
2 2 3690 354 3691
2 2 3692 3691 1057
1 2 1594 3693 3695
1 2 3693 734 3694
1 2 3695 3694 1800
2 2 399 3696 3698
2 2 3696 391 3697
2 2 3698 3697 1842
2 2 1223 3699 3701
2 2 3699 318 3700
2 2 3701 3700 1897
2 2 839 3702 3704
2 2 3702 184 3703
2 2 3704 3703 2321
2 2 1309 3705 3707
2 2 3705 1310 3706
2 2 3707 3706 1308
2 2 1497 3708 3710
2 2 3708 148 3709
2 2 3710 3709 1302
2 2 704 3711 3713
2 2 3711 705 3712
2 2 3713 3712 2190
2 2 1319 3714 3716
2 2 3714 477 3715
2 2 3716 3715 1390
2 2 819 3717 3719
2 2 3717 59 3718
2 2 3719 3718 1506
2 2 908 3720 3722
2 2 3720 909 3721
2 2 3722 3721 907
2 2 1588 3723 3725
2 2 3723 650 3724
2 2 3725 3724 1759
2 2 529 3726 3728
2 2 3726 607 3727
2 2 3728 3727 1738
2 2 451 3729 3731
2 2 3730 3729 7614
2 2 7757 8791 8790
1 2 726 3732 3734
1 2 3732 727 3733
1 2 3734 3733 725
2 2 582 3735 3737
2 2 3735 225 3736
2 2 3737 3736 2991
1 2 931 3738 3740
1 2 3738 932 3739
1 2 3740 3739 930
2 2 438 3741 3743
2 2 3741 492 3742
2 2 3743 3742 2320
2 2 961 3744 3746
2 2 3744 962 3745
2 2 3746 3745 960
2 2 969 3747 3749
2 2 3747 970 3748
2 2 3749 3748 968
2 2 285 3750 3752
2 2 3750 95 3751
2 2 7074 7075 7073
1 2 1033 3753 3755
1 2 3753 1034 3754
1 2 3755 3754 1032
2 2 321 3756 3758
2 2 3756 354 3757
2 2 3758 3757 1524
2 2 52 3759 3761
2 2 3759 344 3760
2 2 3761 3760 326
2 2 1250 3762 3764
2 2 3762 331 3763
2 2 3764 3763 1035
2 2 1066 3765 3767
2 2 3765 1067 3766
2 2 3767 3766 1065
2 2 1069 3768 3770
2 2 3768 1070 3769
2 2 3770 3769 1068
2 2 1078 3771 3773
2 2 3771 1079 3772
2 2 3773 3772 1077
2 2 1086 3774 3776
2 2 3774 1087 3775
2 2 3776 3775 1085
2 2 1352 3777 3779
2 2 3777 1353 3778
2 2 3779 3778 1351
1 2 1366 3780 3782
1 2 3780 1367 3781
1 2 3782 3781 1365
1 2 1369 3783 3785
1 2 3783 1370 3784
1 2 3785 3784 1368
2 2 193 3786 3788
2 2 3786 444 3787
2 2 3788 3787 1853
2 2 197 3789 3791
2 2 3789 447 3790
2 2 3791 3790 1854
2 2 370 3792 3794
2 2 3792 85 3793
2 2 3794 3793 2309
2 2 8793 8794 8792
2 2 8796 8797 8795
2 2 1256 3797 9151
2 2 447 3798 3800
2 2 3798 475 3799
2 2 3800 3799 1878
2 2 477 3801 3803
2 2 3801 197 3802
2 2 3803 3802 446
2 2 1380 3804 3806
2 2 3804 1381 3805
2 2 3806 3805 1379
2 2 393 3807 3809
2 2 3807 88 3808
2 2 3809 3808 1086
2 2 394 3810 3812
2 2 3810 485 3811
2 2 3812 3811 1309
1 2 1516 3813 3815
1 2 3813 836 3814
1 2 3815 3814 1468
2 2 1383 3816 3818
2 2 3816 1384 3817
2 2 3818 3817 1382
2 2 1386 3819 3821
2 2 3819 1387 3820
2 2 3821 3820 1385
2 2 1143 3822 3824
2 2 3822 1144 3823
2 2 3824 3823 1142
2 2 2994 3825 3827
2 2 3825 373 3826
2 2 3827 3826 2923
1 2 420 3828 3830
1 2 3828 149 3829
1 2 3830 3829 1884
2 2 870 3831 3833
2 2 3831 468 3832
2 2 3833 3832 801
2 2 579 3834 3836
2 2 3834 166 3835
2 2 3836 3835 1848
2 2 582 3837 3839
2 2 3837 171 3838
2 2 3839 3838 2154
2 2 578 3840 3842
2 2 3840 23 3841
2 2 8799 8800 8798
1 2 269 3843 3845
1 2 3843 632 3844
1 2 3845 3844 2348
2 2 581 3846 3848
2 2 3846 654 3847
2 2 3848 3847 2380
2 2 589 3849 3851
2 2 3849 35 3850
2 2 3851 3850 911
2 2 575 3852 3854
2 2 3852 166 3853
2 2 3854 3853 2365
2 2 662 3855 3857
2 2 3856 3855 9011
2 2 8802 8803 8801
2 2 1828 3858 3860
2 2 3858 652 3859
2 2 3860 3859 2384
1 2 668 3861 3863
1 2 3861 113 3862
1 2 3863 3862 1472
1 2 67 3864 3866
1 2 3864 683 3865
1 2 3866 3865 1483
1 2 692 3867 3869
1 2 3867 106 3868
1 2 3869 3868 1487
2 2 100 3870 3872
2 2 3870 698 3871
2 2 3872 3871 1832
2 2 709 3873 3875
2 2 3873 169 3874
2 2 3875 3874 2710
1 2 10 3876 3878
1 2 3876 719 3877
1 2 3878 3877 721
1 2 216 3879 3881
1 2 3879 722 3880
1 2 3881 3880 724
1 2 3734 725 8984
1 2 3882 217 3883
1 2 3734 3883 726
1 2 727 3732 3885
1 2 3732 726 3884
1 2 3885 3884 106
1 2 731 3886 3888
1 2 3886 220 3887
1 2 3888 3887 732
1 2 734 3889 3891
1 2 3889 223 3890
1 2 3891 3890 735
2 2 44 3892 3894
2 2 3892 706 3893
2 2 3894 3893 738
1 2 739 3895 3897
1 2 3895 226 3896
1 2 3897 3896 740
2 2 27 3898 3900
2 2 3898 750 3899
2 2 3900 3899 752
2 2 750 3901 3903
2 2 3901 273 3902
2 2 3903 3902 751
2 2 752 3904 3906
2 2 3904 751 3905
2 2 3906 3905 275
1 2 762 3907 3909
1 2 3907 300 3908
1 2 3909 3908 763
1 2 150 3910 3912
1 2 3910 805 3911
1 2 3912 3911 807
1 2 805 3913 3915
1 2 3913 75 3914
1 2 3915 3914 806
1 2 1212 3916 3918
1 2 3916 666 3917
1 2 3918 3917 1472
2 2 703 3919 3921
2 2 3919 144 3920
2 2 3921 3920 781
2 2 775 3922 3924
2 2 3922 823 3923
2 2 3924 3923 2336
1 2 848 3925 3926
1 2 3925 106 3884
1 2 3926 3884 726
2 2 832 3927 3929
2 2 3927 43 3928
2 2 3929 3928 1871
1 2 829 3930 3932
1 2 3930 251 3931
1 2 3932 3931 1505
1 2 292 3933 3935
1 2 3933 102 3934
1 2 3935 3934 834
2 2 853 3936 3938
2 2 3936 463 3937
2 2 3938 3937 2363
2 2 881 3939 3941
2 2 3939 55 3940
2 2 3941 3940 882
2 2 209 3942 3944
2 2 3942 893 3943
2 2 3944 3943 895
1 2 898 3945 3947
1 2 3945 241 3946
1 2 3947 3946 899
2 2 903 3948 3950
2 2 3948 902 3949
2 2 3950 3949 311
2 2 906 3951 3953
2 2 3951 905 3952
2 2 3953 3952 316
2 2 202 3954 3955
2 2 3954 907 3721
2 2 3955 3721 909
2 2 907 3956 3722
2 2 3956 35 3957
2 2 3722 3957 908
2 2 909 3720 3959
2 2 3720 908 3958
2 2 3959 3958 203
2 2 893 3942 3961
2 2 3942 209 3960
2 2 3961 3960 913
1 2 232 3962 3964
1 2 3962 927 3963
1 2 3964 3963 929
1 2 932 3738 3966
1 2 3738 931 3965
1 2 3966 3965 156
2 2 237 3967 3969
2 2 3967 939 3968
2 2 3969 3968 941
2 2 941 3970 3972
2 2 3970 940 3971
2 2 3972 3971 157
2 2 39 3973 3975
2 2 3973 942 3974
2 2 3975 3974 944
2 2 942 3976 3978
2 2 3976 238 3977
2 2 3978 3977 943
2 2 238 3979 3981
2 2 3979 945 3980
2 2 3981 3980 947
2 2 945 3982 3984
2 2 3982 14 3983
2 2 3984 3983 946
2 2 947 3985 3987
2 2 3985 946 3986
2 2 3987 3986 239
2 2 948 3988 3990
2 2 3988 239 3989
2 2 3990 3989 949
2 2 957 3991 3993
2 2 3991 63 3992
2 2 3993 3992 958
2 2 962 3744 3995
2 2 3744 961 3994
2 2 3995 3994 165
2 2 968 3996 3749
2 2 3996 270 3997
2 2 3749 3997 969
2 2 970 3747 3999
2 2 3747 969 3998
2 2 3999 3998 272
2 2 78 4000 4002
2 2 4000 980 4001
2 2 4002 4001 982
2 2 279 4003 4005
2 2 4003 983 4004
2 2 4005 4004 985
2 2 41 4006 4008
2 2 4006 986 4007
2 2 4008 4007 988
1 2 12 4009 4011
1 2 4009 995 4010
1 2 4011 4010 997
1 2 995 4012 4014
1 2 4012 294 4013
1 2 4014 4013 996
1 2 294 4015 4017
1 2 4015 998 4016
1 2 4017 4016 1000
1 2 998 4018 4020
1 2 4018 107 4019
1 2 4020 4019 999
1 2 1000 4021 4023
1 2 4021 999 4022
1 2 4023 4022 295
1 2 107 4024 4026
1 2 4024 1001 4025
1 2 4026 4025 1003
1 2 297 4027 4029
1 2 4027 1004 4028
1 2 4029 4028 1006
1 2 1004 4030 4032
1 2 4030 11 4031
1 2 4032 4031 1005
1 2 1006 4033 4035
1 2 4033 1005 4034
1 2 4035 4034 298
1 2 300 4036 4038
1 2 4036 1007 4037
1 2 4038 4037 1009
1 2 1007 4039 4041
1 2 4039 110 4040
1 2 4041 4040 1008
1 2 1009 4042 4044
1 2 4042 1008 4043
1 2 4044 4043 301
1 2 110 4045 4047
1 2 4045 1010 4046
1 2 4047 4046 1012
1 2 1010 4048 4050
1 2 4048 303 4049
1 2 4050 4049 1011
1 2 1012 4051 4053
1 2 4051 1011 4052
1 2 4053 4052 305
1 2 303 4054 4056
1 2 4054 1013 4055
1 2 4056 4055 1015
1 2 1013 4057 4059
1 2 4057 3 4058
1 2 4059 4058 1014
2 2 1023 4060 4062
2 2 4060 905 4061
2 2 4062 4061 318
1 2 1026 4063 4065
1 2 4063 327 4064
1 2 4065 4064 1027
1 2 1034 3753 4067
1 2 3753 1033 4066
1 2 4067 4066 155
2 2 1036 4068 4069
2 2 4068 1035 3763
2 2 4069 3763 331
2 2 1041 4070 4072
2 2 4070 1040 4071
2 2 4072 4071 407
2 2 52 4073 4075
2 2 4073 1059 4074
2 2 4075 4074 1061
2 2 1059 4076 4078
2 2 4076 27 4077
2 2 4078 4077 1060
2 2 1064 4079 4081
2 2 4079 1063 4080
2 2 4081 4080 137
2 2 28 4082 4083
2 2 4082 1065 3766
2 2 4083 3766 1067
2 2 1067 3765 4085
2 2 3765 1066 4084
2 2 4085 4084 378
2 2 1070 3768 4087
2 2 3768 1069 4086
2 2 4087 4086 64
2 2 1071 4088 4090
2 2 4088 22 4089
2 2 4090 4089 1072
2 2 1074 4091 4093
2 2 4091 388 4092
2 2 4093 4092 1075
2 2 1079 3771 4095
2 2 3771 1078 4094
2 2 4095 4094 85
2 2 1082 4096 4098
2 2 4096 1081 4097
2 2 4098 4097 391
2 2 1087 3774 4099
2 2 3774 1086 3808
2 2 4099 3808 88
2 2 408 4100 4102
2 2 4100 1088 4101
2 2 4102 4101 1089
2 2 1092 4103 4105
2 2 4103 1091 4104
2 2 4105 4104 141
1 2 4108 1104 8971
1 2 4106 1103 4107
1 2 4108 4107 149
1 2 114 4109 4111
1 2 4109 1117 4110
1 2 4111 4110 1119
2 2 479 4112 4114
2 2 4112 1126 4113
2 2 4114 4113 1128
2 2 1518 4115 4117
2 2 4115 1123 4116
2 2 4117 4116 1384
2 2 1519 4118 4120
2 2 4118 1141 4119
2 2 7458 2392 7102
2 2 3824 1142 8994
2 2 4121 198 4122
2 2 3824 4122 1143
2 2 1144 3822 4124
2 2 3822 1143 4123
2 2 4124 4123 471
2 2 1146 4125 4127
2 2 4125 478 4126
2 2 4127 4126 1147
1 2 101 4128 4130
1 2 4128 1149 4129
1 2 4130 4129 1151
1 2 1149 4131 4133
1 2 4131 103 4132
1 2 4133 4132 1150
1 2 1157 4134 4136
1 2 4134 1156 4135
1 2 4136 4135 112
2 2 1167 4137 4139
2 2 4137 39 4138
2 2 4139 4138 1168
2 2 1170 4140 4142
2 2 4140 55 4141
2 2 4142 4141 1171
2 2 1173 4143 4145
2 2 4143 49 4144
2 2 4145 4144 1174
2 2 877 4146 4148
2 2 4146 1188 4147
2 2 4148 4147 2229
1 2 1189 4149 4151
1 2 4149 156 4150
1 2 4151 4150 1100
2 2 4154 137 9251
2 2 9252 4153 7862
2 2 1038 4154 7860
2 2 387 4155 4157
2 2 4155 385 4156
2 2 4157 4156 1203
2 2 1085 4158 4159
2 2 4158 391 4097
2 2 4159 4097 1081
2 2 960 4160 4161
2 2 4160 85 4094
2 2 4161 4094 1078
2 2 1214 4162 4163
2 2 4162 311 3949
2 2 4163 3949 902
2 2 174 4164 4166
2 2 4164 648 4165
2 2 4166 4165 1227
2 2 907 3954 4168
2 2 3954 202 4167
2 2 4168 4167 1939
2 2 35 3956 4170
2 2 3956 907 4169
2 2 4170 4169 912
2 2 169 4171 4173
2 2 4171 705 4172
2 2 4173 4172 955
1 2 1129 4174 4176
1 2 4174 73 4175
1 2 4176 4175 1488
2 2 485 3810 4178
2 2 3810 394 4177
2 2 4178 4177 966
2 2 355 4179 4181
2 2 4179 289 4180
2 2 4181 4180 1242
2 2 1219 4182 4184
2 2 4182 316 4183
2 2 4184 4183 2317
2 2 85 3792 4095
2 2 3792 370 4185
2 2 4095 4185 1079
2 2 1256 4186 4187
2 2 4186 137 4080
2 2 4187 4080 1063
2 2 1256 3796 4189
2 2 4188 3796 8796
2 2 4189 4188 1574
1 2 149 3828 4108
1 2 3828 420 4190
1 2 4108 4190 1104
1 2 1249 4191 4193
1 2 4191 155 4192
1 2 4193 4192 1369
2 2 308 4194 4196
2 2 4194 128 4195
2 2 4196 4195 1216
1 2 156 4149 3966
1 2 4149 1189 4197
1 2 3966 4197 932
1 2 156 4198 4200
1 2 4198 1200 4199
1 2 4200 4199 1101
1 2 1281 4201 4203
1 2 4201 507 4202
1 2 4203 4202 1282
1 2 1283 4204 4206
1 2 4204 1282 4205
1 2 4206 4205 505
2 2 1292 4207 4209
2 2 4207 1291 4208
2 2 4209 4208 377
2 2 414 4210 4212
2 2 4210 1299 4211
2 2 4212 4211 1301
2 2 1307 4213 4215
2 2 4213 1306 4214
2 2 4215 4214 657
2 2 161 4216 4217
2 2 3706 4216 6423
2 2 4217 3706 1310
2 2 1310 3705 4218
2 2 3705 1309 3811
2 2 4218 3811 485
2 2 59 4219 4221
2 2 4219 1311 4220
2 2 4221 4220 1313
2 2 1314 4222 4224
2 2 4222 206 4223
2 2 4224 4223 1315
2 2 1321 4225 4227
2 2 4225 1320 4226
2 2 4227 4226 332
1 2 46 4228 4230
1 2 4228 1325 4229
1 2 4230 4229 1327
1 2 1325 4231 4233
1 2 4231 269 4232
1 2 4233 4232 1326
2 2 270 4234 4236
2 2 4234 1328 4235
2 2 4236 4235 1330
2 2 1330 4237 4239
2 2 4237 1329 4238
2 2 4239 4238 271
2 2 1338 4240 4242
2 2 4240 1337 4241
2 2 4242 4241 312
2 2 1345 4243 4245
2 2 4243 1291 4244
2 2 4245 4244 392
2 2 1350 4246 4248
2 2 4246 1349 4247
2 2 4248 4247 80
2 2 1353 3777 4250
2 2 3777 1352 4249
2 2 4250 4249 408
2 2 1356 4251 4253
2 2 4251 1355 4252
2 2 4253 4252 410
2 2 1357 4254 4256
2 2 4254 410 4255
2 2 4256 4255 1358
2 2 1361 4257 4259
2 2 4257 1360 4258
2 2 4259 4258 43
1 2 1364 4260 4262
1 2 4260 1363 4261
1 2 4262 4261 430
1 2 1367 3780 4264
1 2 3780 1366 4263
1 2 4264 4263 429
1 2 1370 3783 4265
1 2 3783 1369 4192
1 2 4265 4192 155
1 2 73 4266 4268
1 2 4266 1371 4267
1 2 4268 4267 1373
1 2 1373 4269 4271
1 2 4269 1372 4270
1 2 4271 4270 433
1 2 1374 4272 4274
1 2 4272 74 4273
1 2 4274 4273 1375
1 2 1376 4275 4277
1 2 4275 1375 4276
1 2 4277 4276 432
2 2 200 4278 4279
2 2 3805 4278 7974
2 2 4279 3805 1381
2 2 1381 3804 4281
2 2 3804 1380 4280
2 2 4281 4280 448
2 2 1123 4282 4116
2 2 4282 1382 3817
2 2 4116 3817 1384
2 2 1385 4283 3821
2 2 4283 1141 4284
2 2 3821 4284 1386
2 2 1391 4285 4286
2 2 4285 1390 3715
2 2 4286 3715 477
1 2 1399 4287 4289
1 2 4287 1398 4288
1 2 4289 4288 111
1 2 1401 4290 4292
1 2 4290 1400 4291
1 2 4292 4291 108
2 2 81 4293 4295
2 2 4293 1405 4294
2 2 4295 4294 1407
1 2 1416 4296 4298
1 2 4296 1415 4297
1 2 4298 4297 109
1 2 266 4299 4301
1 2 4299 1437 4300
1 2 4301 4300 1439
1 2 1437 4302 4304
1 2 4302 70 4303
1 2 4304 4303 1438
2 2 59 4305 4307
2 2 4305 1328 4306
2 2 4307 4306 1471
2 2 1471 4308 4310
2 2 4308 1470 4309
2 2 4310 4309 1236
2 2 271 4311 4239
2 2 4311 971 4312
2 2 4239 4312 1330
1 2 1368 4313 4314
1 2 4261 4313 7924
1 2 4314 4261 1363
1 2 429 4315 4264
1 2 4315 1368 4316
1 2 4264 4316 1367
2 2 59 3717 4219
2 2 3717 819 4317
2 2 4219 4317 1311
2 2 197 3801 4318
2 2 3801 477 3714
2 2 4318 3714 1319
2 2 332 4319 4227
2 2 4319 1284 4320
2 2 4227 4320 1321
2 2 343 3684 4322
2 2 3684 334 4321
2 2 4322 4321 1509
2 2 1519 4323 4325
2 2 4323 1139 4324
2 2 4325 4324 1386
2 2 43 3927 4327
2 2 3927 832 4326
2 2 7653 8805 8804
2 2 521 4328 4330
2 2 4328 175 4329
2 2 4330 4329 1479
1 2 685 4331 4333
1 2 4331 162 4332
1 2 4333 4332 1485
2 2 702 4334 4336
2 2 4334 144 4335
2 2 4336 4335 1496
2 2 165 4337 4339
2 2 4337 1234 4338
2 2 4339 4338 1499
2 2 522 4340 4342
2 2 4340 583 4341
2 2 4342 4341 1523
2 2 1236 4343 4310
2 2 4343 1506 4344
2 2 4310 4344 1471
2 2 1137 4345 4346
2 2 4345 1518 4117
2 2 4346 4117 1384
2 2 1141 4118 4284
2 2 4118 1519 4325
2 2 4284 4325 1386
1 2 470 4347 4349
1 2 4347 1539 4348
1 2 4349 4348 1516
2 2 1542 4350 4352
2 2 4350 1541 4351
2 2 4352 4351 640
2 2 1555 4353 4355
2 2 4353 96 4354
2 2 4355 4354 1556
2 2 1557 4356 4358
2 2 4356 1556 4357
2 2 4358 4357 213
2 2 1560 4359 4361
2 2 4359 1559 4360
2 2 4361 4360 1497
2 2 1575 4362 4363
2 2 4362 1574 4188
2 2 4363 4188 403
2 2 1584 4364 4366
2 2 4364 1583 4365
2 2 4366 4365 577
2 2 1597 4367 4369
2 2 4367 1603 4368
2 2 4369 4368 231
2 2 1604 4370 4372
2 2 4370 78 4371
2 2 4372 4371 1605
2 2 282 4373 4375
2 2 4373 1607 4374
2 2 4375 4374 1609
2 2 1617 4376 4378
2 2 4376 1616 4377
2 2 4378 4377 832
2 2 1620 4379 4381
2 2 4379 1619 4380
2 2 4381 4380 307
2 2 8807 8808 8806
2 2 7077 7078 7076
2 2 1669 4384 7326
2 2 1641 4385 4387
2 2 4385 1678 4386
2 2 4387 4386 405
2 2 1690 4388 4390
2 2 4388 1689 4389
2 2 4390 4389 166
2 2 1719 4391 4393
2 2 4391 1718 4392
2 2 4393 4392 167
2 2 23 4394 4396
2 2 4394 1752 4395
2 2 4396 4395 1754
2 2 793 4397 4399
2 2 8810 8811 8809
2 2 3070 4399 9306
2 2 7080 7081 7079
2 2 8813 8814 8812
2 2 1803 4402 7340
1 2 101 4403 4405
1 2 4403 1805 4404
1 2 4405 4404 1621
1 2 1621 4406 4408
1 2 4406 1806 4407
1 2 4408 4407 862
2 2 1807 4409 4410
2 2 4384 4409 9446
2 2 4410 4384 1669
2 2 51 4411 4413
2 2 4411 376 4412
2 2 4413 4412 1830
2 2 148 3708 4415
2 2 3708 1497 4414
2 2 4415 4414 1579
2 2 23 3840 4394
2 2 3840 578 4416
2 2 4394 4416 1752
2 2 167 4417 4419
2 2 4417 652 4418
2 2 4419 4418 1856
2 2 26 4420 4422
2 2 4420 1308 4421
2 2 4422 4421 1829
1 2 429 4423 4425
1 2 4423 421 4424
1 2 4425 4424 1875
2 2 494 4426 4428
2 2 4426 443 4427
2 2 4428 4427 1877
2 2 471 4429 4431
2 2 4429 1228 4430
2 2 4431 4430 1879
2 2 157 4432 4434
2 2 4432 1192 4433
2 2 4434 4433 1845
2 2 35 3849 4436
2 2 3849 589 4435
2 2 4436 4435 1849
2 2 345 4437 4439
2 2 4437 697 4438
2 2 4439 4438 1899
2 2 242 4440 4442
2 2 4440 960 4441
2 2 4442 4441 1880
2 2 407 4443 4445
2 2 4443 1088 4444
2 2 4445 4444 1873
2 2 446 3802 4446
2 2 3802 197 3791
2 2 4446 3791 1854
2 2 577 4447 4449
2 2 4447 530 4448
2 2 4449 4448 1855
2 2 456 3678 4451
2 2 3678 1237 4450
2 2 8816 8817 8815
2 2 2009 4452 4454
2 2 4452 2008 4453
2 2 4454 4453 605
2 2 1124 4455 4457
2 2 4455 2075 4456
2 2 4457 4456 2077
2 2 2209 4458 4460
2 2 4458 2208 4459
2 2 4460 4459 819
2 2 2229 4147 4462
2 2 4147 1188 4461
2 2 4462 4461 2230
2 2 8819 8820 8818
2 2 8822 8823 8821
2 2 2237 4465 9346
2 2 8825 8826 8824
2 2 4466 2238 4467
2 2 8828 8829 8827
2 2 8831 8832 8830
2 2 4469 2239 4470
2 2 8834 8835 8833
2 2 8837 8838 8836
2 2 4472 2241 4473
2 2 8840 8841 8839
2 2 8843 8844 8842
2 2 4475 2242 4476
2 2 8846 8847 8845
2 2 8849 8850 8848
2 2 4478 2244 4479
2 2 7083 7084 7082
2 2 8852 8853 8851
2 2 4481 2247 4482
2 2 8855 8856 8854
2 2 8858 8859 8857
2 2 4484 2248 4485
2 2 8861 8862 8860
2 2 8864 8865 8863
2 2 4487 2250 4488
2 2 8867 8868 8866
2 2 8870 8871 8869
2 2 4490 2251 4491
2 2 8873 8874 8872
2 2 8876 8877 8875
2 2 8879 8880 8878
2 2 2255 4495 9347
2 2 8882 8883 8881
2 2 8885 8886 8884
2 2 2254 4498 9348
2 2 8888 8889 8887
2 2 8891 8892 8890
2 2 2258 4501 9349
2 2 8894 8895 8893
2 2 8897 8898 8896
2 2 2257 4504 9350
2 2 599 4505 4507
2 2 4505 2262 4506
2 2 8900 8901 8899
2 2 8903 8904 8902
2 2 4508 2263 4509
2 2 8906 8907 8905
2 2 8909 8910 8908
2 2 4511 2265 4512
2 2 8912 8913 8911
2 2 8915 8916 8914
2 2 4514 2266 4515
2 2 8918 8919 8917
2 2 8921 8922 8920
2 2 8924 8925 8923
2 2 2270 4519 9351
2 2 8927 8928 8926
2 2 8930 8931 8929
2 2 2269 4522 9352
2 2 1184 4523 4525
2 2 4523 2271 4524
2 2 4525 4524 2273
2 2 2287 4526 4528
2 2 4526 188 4527
2 2 4528 4527 2288
1 2 2301 4529 4531
1 2 4529 2300 4530
1 2 4531 4530 1539
2 2 492 4532 3742
2 2 4532 833 4533
2 2 3742 4533 2320
1 2 160 4534 4536
1 2 4534 686 4535
1 2 4536 4535 1978
2 2 706 4537 4538
2 2 4537 704 3713
2 2 4538 3713 2190
2 2 170 4539 4541
2 2 4539 581 4540
2 2 4541 4540 2335
1 2 241 4542 4544
1 2 4542 851 4543
1 2 4544 4543 2299
2 2 1124 4545 4455
2 2 4545 875 4546
2 2 4455 4546 2075
2 2 621 4547 4549
2 2 4547 623 4548
2 2 4549 4548 2373
2 2 62 4550 4551
2 2 4550 775 3924
2 2 4551 3924 2336
2 2 1123 4115 4553
2 2 4115 1518 4552
2 2 2368 4553 7300
2 2 169 3873 4555
2 2 3873 709 4554
2 2 4555 4554 2385
2 2 331 3762 4557
2 2 3762 1250 4556
2 2 4557 4556 2319
1 2 628 4558 4560
1 2 4558 266 4559
1 2 4560 4559 2347
2 2 385 4155 4562
2 2 4155 387 4561
2 2 4562 4561 2372
2 2 1163 4563 4565
2 2 4563 2808 4564
2 2 4565 4564 2810
2 2 2810 4566 4568
2 2 4566 2809 4567
2 2 8933 8934 8932
2 2 765 4569 4571
2 2 8936 8937 8935
2 2 2813 4571 9408
2 2 8939 8940 8938
2 2 8942 8943 8941
2 2 2812 4574 9409
2 2 1422 4575 4577
2 2 4575 2880 4576
2 2 4577 4576 2882
2 2 2882 4578 4580
2 2 4578 2881 4579
2 2 4580 4579 599
2 2 2903 4581 4583
2 2 4581 765 4582
2 2 4583 4582 2904
2 2 8945 8946 8944
2 2 7086 7087 7085
2 2 2913 4586 7407
1 2 2938 4587 4589
1 2 8948 8949 8947
1 2 2939 4589 9413
1 2 2947 4590 4592
1 2 8951 8952 8950
1 2 2948 4592 9414
1 2 106 3925 4594
1 2 3925 848 4593
1 2 4594 4593 2992
2 2 14 4595 4597
2 2 4595 544 4596
2 2 4597 4596 3015
2 2 704 4537 4599
2 2 4537 706 4598
2 2 4599 4598 2707
2 2 8954 8955 8953
2 2 4600 812 4601
2 2 3075 4602 9426
1 2 4347 470 5866
1 2 4603 429 4425
1 2 1283 1281 4204
1 2 1282 4204 4203
2 2 9361 4604 8352
2 2 7089 7090 7088
2 2 4606 1237 3680
2 2 1542 1540 4350
2 2 882 2742 3941
2 2 4607 521 4330
2 2 4153 405 4386
2 2 1678 4153 4386
1 2 682 2443 3681
1 2 66 1952 3682
1 2 4608 682 3683
2 2 343 1177 3685
2 2 3686 1176 7864
2 2 344 1335 3760
2 2 1557 1555 4356
2 2 1556 4356 4355
2 2 4609 270 4236
2 2 971 4609 4312
2 2 4610 331 4557
2 2 4611 819 4459
2 2 4612 1236 4309
2 2 4359 1560 6455
2 2 4613 448 4280
1 2 3687 532 7393
1 2 357 1831 4614
1 2 1831 1692 3689
2 2 4615 279 4005
2 2 4616 282 4375
2 2 385 1073 4156
2 2 7092 7093 7091
2 2 4207 1292 5157
2 2 4417 167 4715
2 2 536 1524 3690
2 2 354 2543 3691
2 2 1057 1153 3692
2 2 7457 3752 7075
2 2 4618 96 4353
1 2 3889 734 3693
1 2 4619 1800 3694
1 2 4620 1594 3695
1 2 4621 294 4017
1 2 4622 300 4038
1 2 4623 303 4056
1 2 4624 862 4407
1 2 900 898 4625
2 2 4626 231 4368
2 2 4179 355 8476
2 2 3948 903 5087
2 2 4362 1575 7992
2 2 406 1873 4627
2 2 3951 906 6285
2 2 4628 1301 4211
1 2 9287 4629 7962
2 2 3696 399 7196
2 2 7187 4630 6184
2 2 1842 1634 3698
2 2 3699 1223 7883
2 2 4631 642 7234
2 2 4632 1223 3701
2 2 3702 839 9230
2 2 4633 844 7789
2 2 4634 839 3704
2 2 4213 1307 5162
2 2 4420 26 5951
2 2 4635 238 3981
2 2 148 1303 3709
2 2 4636 1497 3710
1 2 4534 160 9157
2 2 4637 165 4339
2 2 4364 1584 7995
2 2 704 955 3711
2 2 3712 705 8233
2 2 589 1523 4638
2 2 648 1174 4165
2 2 4639 1313 4220
2 2 4640 1319 3716
2 2 3718 59 4307
2 2 1506 2209 3719
2 2 1588 3256 3723
2 2 4641 1759 3724
2 2 4642 1588 3725
2 2 3726 529 8187
2 2 607 1739 3727
2 2 1738 2132 3728
2 2 1315 3423 4224
2 2 4643 209 3944
2 2 913 2758 3961
2 2 9443 3842 8800
2 2 3729 451 6800
2 2 3730 452 9213
2 2 9442 3731 8791
1 2 3733 4644 7775
1 2 732 3271 3888
1 2 848 3084 4593
1 2 735 2652 3891
2 2 582 2381 3735
2 2 225 2690 3736
2 2 3837 582 3737
1 2 3897 740 6920
1 2 932 3619 3739
1 2 4645 233 6383
2 2 3970 941 3968
2 2 939 3970 3968
2 2 4646 944 3974
2 2 943 4646 3978
2 2 3985 947 3980
2 2 945 3985 3980
2 2 946 3985 3984
2 2 950 948 4647
1 2 8957 8958 8956
2 2 4337 165 3994
2 2 961 4337 3994
2 2 438 1145 3741
2 2 2320 2069 3743
2 2 1321 1319 4225
2 2 4633 184 7739
2 2 494 1135 4426
2 2 958 3335 3993
2 2 2009 2007 4452
2 2 8960 8961 8959
2 2 1597 1540 4367
2 2 4650 237 3969
1 2 1189 2841 4197
1 2 4651 1539 4530
2 2 4160 960 3745
2 2 242 961 4440
2 2 4429 471 4123
2 2 1143 4429 4123
2 2 4652 239 3986
2 2 1236 3621 4343
1 2 4653 1327 4229
1 2 1326 4653 4233
2 2 4654 968 3748
2 2 4237 1330 4235
2 2 1328 4237 4235
2 2 3904 752 3899
2 2 750 3904 3899
2 2 751 3904 3903
2 2 4372 1605 8781
2 2 4655 982 4001
2 2 4656 985 4004
2 2 4657 988 4007
2 2 4658 1609 4374
2 2 285 3092 3750
2 2 95 1557 3751
1 2 102 3028 3934
1 2 4010 4659 7814
1 2 4014 996 9026
1 2 4021 1000 4016
1 2 998 4021 4016
1 2 999 4021 4020
1 2 4033 1006 4028
1 2 1004 4033 4028
1 2 1005 4033 4032
1 2 763 3569 3909
1 2 4042 1009 4037
1 2 1007 4042 4037
1 2 1008 4042 4041
1 2 4051 1012 4046
1 2 1010 4051 4046
1 2 1011 4051 4050
1 2 4055 4660 7817
1 2 4059 1014 9027
2 2 128 3578 4195
2 2 1023 1022 4060
1 2 4065 1027 6928
1 2 4661 1032 3754
1 2 8963 8964 8962
2 2 4663 332 4226
2 2 1036 952 4068
2 2 4664 307 4380
2 2 1041 1022 4070
2 2 345 1297 4437
2 2 4665 271 4238
2 2 3756 321 9144
2 2 354 3690 3757
2 2 1524 2040 3758
2 2 1338 1305 4240
2 2 332 2518 4319
2 2 4376 1617 8013
2 2 4379 1620 7443
2 2 334 1332 4321
2 2 3759 52 4075
2 2 326 2333 3761
2 2 4666 1250 3764
1 2 4667 295 4022
1 2 4668 301 4043
2 2 289 993 4180
1 2 4669 298 4034
2 2 318 1025 4631
2 2 4670 1061 4074
2 2 1060 4670 4078
2 2 1061 3759 4075
2 2 4671 64 4086
2 2 369 1079 4672
2 2 4079 1064 6316
2 2 376 1554 4412
2 2 377 1066 4673
2 2 4674 1068 3769
2 2 363 1069 4675
2 2 387 3643 4561
2 2 1073 1071 4676
2 2 1075 3379 4093
2 2 1079 3628 3772
2 2 1077 2456 3773
2 2 1082 1080 4096
2 2 4158 1085 3775
2 2 390 1086 4677
2 2 4243 1345 5189
2 2 4246 1350 5191
2 2 4186 4152 9251
2 2 1256 4152 4186
2 2 3778 4678 7968
2 2 406 1352 4679
2 2 4680 407 4445
2 2 4251 1356 5194
2 2 1359 1357 4681
2 2 1092 1090 4103
2 2 4682 414 4212
2 2 4257 1361 5197
1 2 8966 7533 8965
1 2 4260 1364 5200
1 2 1367 3437 3781
1 2 8967 8968 7970
1 2 4313 1368 3784
1 2 429 1369 4315
1 2 4269 1373 4267
1 2 1371 4269 4267
1 2 4275 1376 6021
1 2 1375 4275 4274
1 2 8970 8971 8969
2 2 193 2578 3786
2 2 444 3213 3787
2 2 4685 193 3788
2 2 197 1286 3789
2 2 447 1659 3790
2 2 4686 200 4279
2 2 4687 408 4102
1 2 4688 1119 4110
2 2 4501 4689 9468
1 2 4423 429 4263
1 2 1366 4423 4263
1 2 421 1647 4424
2 2 4690 471 4431
2 2 8973 8974 8972
2 2 4630 391 7188
2 2 9112 4691 7542
2 2 4692 370 3794
2 2 1641 1612 4385
2 2 3825 3795 8792
2 2 3797 1256 4187
2 2 447 1286 3798
2 2 702 1878 4693
2 2 1878 1660 3800
2 2 375 1829 4694
2 2 4411 51 7949
2 2 446 2318 3803
2 2 4695 2077 4456
2 2 204 1380 4696
2 2 393 2551 3807
2 2 4697 393 3809
2 2 1309 1347 3812
2 2 4698 410 4252
1 2 433 1101 4699
2 2 492 885 4532
1 2 1516 3597 3813
1 2 4700 1468 3814
1 2 4349 1516 3815
2 2 3816 1383 7977
2 2 4701 1138 7988
2 2 3819 1386 4324
2 2 4702 1385 3820
2 2 4703 1142 3823
2 2 4704 385 4562
2 2 2994 3795 3825
2 2 373 2924 3826
2 2 4705 2994 3827
2 2 4706 494 4428
2 2 1391 1389 4285
2 2 1147 2799 4127
1 2 806 3285 3915
1 2 7175 4707 6166
1 2 1884 1680 3830
2 2 4177 394 8574
2 2 4326 832 8289
1 2 1150 2802 4133
1 2 4708 101 4130
2 2 443 1656 4427
2 2 870 2517 3831
2 2 468 1514 3832
2 2 3833 801 6281
1 2 4287 1399 5219
1 2 1401 1281 4290
2 2 8976 8977 8975
2 2 1690 1688 4388
2 2 4710 1407 4294
1 2 4711 112 4135
2 2 544 2987 4596
1 2 4134 1157 6336
1 2 4296 1416 5231
2 2 4712 157 4434
2 2 579 2365 3834
2 2 3835 166 4389
2 2 1848 1583 3836
2 2 4416 578 7996
2 2 4391 1719 8039
2 2 171 2155 3838
2 2 2154 1993 3839
2 2 581 1994 4540
2 2 4713 35 4436
2 2 4638 583 5983
2 2 4714 605 4453
2 2 4715 167 4392
2 2 23 2616 3841
2 2 623 2092 4548
1 2 4716 629 9335
1 2 632 2144 3844
1 2 4717 269 3845
1 2 4614 533 7369
1 2 4718 108 4291
1 2 4719 111 4288
2 2 4720 640 4351
2 2 4721 1169 6339
2 2 174 595 4164
2 2 4722 1172 6342
2 2 4447 577 4846
2 2 4418 652 6479
2 2 3846 4723 4941
2 2 654 3153 3847
2 2 2380 2124 3848
2 2 4724 570 7314
2 2 35 3168 3850
2 2 911 1988 3851
2 2 3852 575 7216
2 2 166 3834 3853
2 2 2365 2074 3854
2 2 4725 1754 4395
2 2 4726 621 4549
2 2 3855 662 7529
2 2 142 1550 3856
2 2 8979 8803 8978
2 2 4727 657 4214
1 2 4728 1439 4300
1 2 1438 4728 4304
1 2 4716 266 4301
2 2 4729 1175 7846
2 2 1760 1758 4641
2 2 530 2104 4448
2 2 1828 1593 3858
2 2 4730 610 9195
2 2 4731 1828 3860
2 2 4539 170 5779
1 2 3861 668 7556
1 2 3918 4732 7875
1 2 1472 1279 3863
1 2 683 1441 3865
1 2 4608 67 3866
1 2 4733 686 7954
1 2 3867 692 7145
1 2 8981 7778 8980
1 2 3869 1487 5249
2 2 100 2431 3870
2 2 698 2629 3871
2 2 4735 100 3872
2 2 703 1496 3919
2 2 144 3919 4335
2 2 44 2707 3892
2 2 706 3892 4598
2 2 705 3711 4172
2 2 169 2711 3874
2 2 4736 709 3875
1 2 719 3006 3877
1 2 721 3098 3878
1 2 722 3007 3880
1 2 724 3058 3881
1 2 4644 218 8628
1 2 8983 8984 8982
1 2 4737 848 3926
1 2 106 3867 3885
1 2 3886 731 7517
1 2 220 3133 3887
1 2 4648 851 5920
2 2 706 2655 3893
2 2 3894 738 7767
1 2 226 2993 3896
2 2 4738 27 3900
2 2 273 3542 3902
2 2 4739 275 3905
2 2 827 752 4740
1 2 4622 835 6268
2 2 4519 4741 9478
2 2 62 2704 4550
2 2 9221 4742 7787
1 2 805 3285 3911
1 2 807 3034 3912
1 2 75 3087 3914
1 2 3916 1212 6389
1 2 666 1279 3917
1 2 1472 4732 3918
2 2 781 3599 3921
2 2 2209 2207 4458
2 2 775 2390 3922
2 2 4743 1235 9261
2 2 4739 826 7147
2 2 827 1060 4738
1 2 4733 162 9498
1 2 4744 73 4268
2 2 697 1762 4438
1 2 1801 1799 4619
1 2 4734 106 4594
1 2 4594 2992 7779
2 2 8986 8987 8985
2 2 4171 169 4555
2 2 2385 4171 4555
1 2 726 4737 3926
1 2 4542 241 3945
1 2 898 4542 3945
2 2 3928 43 8439
2 2 1871 1617 3929
2 2 1803 3086 4402
2 2 5777 5778 5776
1 2 3930 829 6102
1 2 251 1343 3931
1 2 3932 4746 7629
2 2 4533 833 8097
1 2 3935 834 4936
1 2 4406 1621 4404
1 2 1805 4406 4404
1 2 4700 1469 7945
2 2 2231 2229 4747
2 2 1808 1807 4748
2 2 3936 853 9124
2 2 8989 7548 8988
2 2 2363 2072 3938
1 2 4750 812 4600
2 2 3939 881 5791
2 2 4751 96 4618
2 2 3943 893 7504
1 2 1213 899 4752
2 2 1215 903 4753
2 2 4754 318 4061
2 2 4755 316 3952
2 2 4182 1219 7150
2 2 909 3596 3955
2 2 4713 584 5811
2 2 908 1751 3958
2 2 203 1760 3959
2 2 912 3168 4170
2 2 8991 8992 8990
1 2 927 3012 3963
1 2 929 3618 3964
1 2 930 929 4645
1 2 4198 156 3965
2 2 3967 237 8777
2 2 4432 157 3971
2 2 157 2858 3972
2 2 4757 39 3975
2 2 4635 948 6361
2 2 1232 946 4758
2 2 948 947 3988
2 2 4759 1193 9250
2 2 957 963 3991
2 2 4760 1228 7142
2 2 4761 1225 7541
2 2 966 3183 4178
2 2 47 3330 4654
2 2 3996 968 7579
2 2 971 969 4609
2 2 969 3344 3998
2 2 708 970 4762
2 2 4311 271 6347
2 2 4763 78 4002
2 2 4764 41 4008
1 2 4765 12 4011
1 2 4621 1209 9255
1 2 1205 999 4766
1 2 9275 4767 7905
1 2 1001 3568 4025
1 2 4766 107 4026
1 2 1006 3625 4029
1 2 11 3606 4031
1 2 1210 1006 4768
1 2 1206 1008 4769
1 2 9228 4770 7802
1 2 4769 110 4047
1 2 4623 1211 9256
1 2 4771 305 4052
1 2 1206 1012 4772
1 2 4773 1244 7603
2 2 1022 1041 4755
2 2 318 3699 4062
1 2 327 3550 4064
1 2 4661 329 6926
1 2 1032 1031 4662
1 2 4774 155 4066
1 2 4191 1249 6147
2 2 7540 4775 7914
2 2 4443 407 4071
2 2 1252 1041 4776
2 2 27 4738 4077
2 2 1133 1064 4777
2 2 4082 28 5987
2 2 4778 28 4083
2 2 1065 1292 4673
2 2 4674 378 4084
2 2 378 2052 4085
2 2 1068 2546 4675
2 2 9271 4779 7902
2 2 4780 22 4088
2 2 1259 1072 4781
2 2 4091 1074 7259
2 2 388 2457 4092
2 2 391 3696 4098
2 2 4677 1085 9095
2 2 4782 368 6183
2 2 4100 408 4249
2 2 1088 3385 4101
2 2 4783 141 4104
2 2 1255 1092 4784
1 2 1101 3204 4200
1 2 4107 1103 6161
2 2 4467 4469 8830
2 2 2238 4469 4467
2 2 4473 4475 8842
2 2 2241 4475 4473
2 2 4482 4484 8857
2 2 2247 4484 4482
2 2 4488 4490 8869
2 2 2250 4490 4488
1 2 4785 1263 6189
1 2 4786 114 4111
2 2 4787 2255 4494
2 2 2254 4787 4498
2 2 4788 2258 4500
2 2 2257 4788 4504
2 2 4789 1124 4457
2 2 875 2282 4546
2 2 4112 479 6790
2 2 1126 2793 4113
2 2 1128 2343 4114
1 2 4174 1129 8581
2 2 137 2369 4777
2 2 1141 2230 4119
2 2 7463 4120 7101
2 2 244 2363 4703
2 2 8993 8994 7547
2 2 7273 4791 6363
2 2 4792 1191 7857
2 2 1146 2872 4125
2 2 478 2394 4126
1 2 4128 101 5797
1 2 1149 2802 4129
1 2 4131 1149 7580
1 2 5802 4793 7947
1 2 9186 4794 7713
2 2 4506 4508 8902
2 2 2262 4508 4506
2 2 4512 4514 8914
2 2 2265 4514 4512
2 2 4566 2810 4564
2 2 2808 4566 4564
2 2 4757 1218 7528
2 2 55 3939 4141
2 2 1227 1174 4795
2 2 4796 2813 4570
2 2 2812 4796 4574
2 2 4797 2270 4518
2 2 2269 4797 4522
2 2 2229 2011 4148
1 2 156 3204 4150
1 2 4798 1189 4151
2 2 1194 1605 4763
2 2 4154 1038 6314
1 2 8996 7866 8995
2 2 1203 2587 4157
2 2 4799 1085 4159
2 2 4617 960 4161
1 2 7948 8997 7733
1 2 4767 295 9276
1 2 4768 298 7386
1 2 8998 8999 7565
1 2 7876 9000 8577
2 2 4162 1214 6111
2 2 4800 1214 4163
2 2 1352 4100 4249
2 2 1222 3038 4783
2 2 1227 2063 4166
2 2 4791 198 6716
2 2 202 1940 4167
2 2 4649 907 4168
2 2 4801 34 7292
2 2 955 3560 4173
2 2 443 1135 4685
1 2 691 1488 4744
1 2 4802 1129 4176
2 2 4760 63 5991
2 2 1228 4760 4430
2 2 4758 14 4597
2 2 3015 4758 4597
2 2 4606 161 4217
2 2 1310 4606 4217
2 2 4764 1241 7600
2 2 1242 2850 4181
1 2 4765 1243 7724
1 2 4773 3 6673
2 2 4803 1252 7117
2 2 4804 1219 4184
2 2 347 2319 4805
2 2 1251 1651 4778
2 2 316 1041 4803
2 2 4632 358 5111
2 2 47 2634 4666
2 2 1063 3797 4187
1 2 4806 22 4780
2 2 4807 1256 4189
1 2 1264 3637 4786
1 2 4603 1249 4193
2 2 165 2310 4761
2 2 1237 3587 4450
2 2 4779 64 9272
2 2 4808 2289 8308
2 2 4308 1471 4306
2 2 1328 4308 4306
2 2 1216 1018 4196
2 2 4775 331 9279
2 2 4795 49 8166
1 2 4474 4809 9454
1 2 4489 4810 9461
1 2 4811 22 4806
1 2 4572 4812 9483
2 2 4784 141 8443
2 2 7095 7096 7094
1 2 4496 4814 9467
1 2 4513 4815 9474
1 2 4816 1163 4565
1 2 4817 1184 4525
1 2 4818 1276 7465
1 2 1277 1276 4811
1 2 22 4811 4818
1 2 1281 1401 4201
1 2 1474 1282 4819
1 2 1282 2593 4205
1 2 505 2928 4206
2 2 1291 2547 4208
2 2 377 4673 4209
2 2 4210 414 5206
2 2 571 1307 4820
2 2 4216 161 7298
2 2 485 3227 4218
2 2 4821 59 4221
2 2 4222 1314 7288
2 2 910 1315 4822
2 2 1319 1321 4318
2 2 9001 9002 7986
1 2 4823 46 4230
1 2 631 1326 4717
2 2 270 1470 4234
2 2 59 1329 4305
2 2 1337 2294 4241
2 2 312 2831 4242
2 2 392 1346 4245
2 2 1291 2552 4244
2 2 4824 80 4247
2 2 1511 1350 4825
2 2 4678 18 6820
2 2 1351 1900 4679
2 2 4826 455 6174
2 2 1357 1356 4254
2 2 569 1358 4827
2 2 1360 2555 4258
2 2 9444 4327 8805
1 2 4828 539 7231
1 2 1365 1396 4684
1 2 155 4774 4265
1 2 4266 73 8370
1 2 1372 3581 4270
1 2 4271 433 7922
1 2 4272 1374 4988
1 2 4829 427 5855
1 2 1375 1671 4276
1 2 432 3582 4277
2 2 4278 200 9293
2 2 4696 1379 7721
2 2 4830 450 6171
2 2 1123 2367 4282
2 2 1382 2874 4701
2 2 1384 3816 4346
2 2 1140 2417 4702
2 2 1385 2393 4283
2 2 1139 3819 4324
2 2 602 1391 4831
1 2 1521 1399 4832
1 2 4833 635 9176
2 2 4834 81 4295
1 2 4835 109 4297
1 2 546 1416 4836
2 2 4578 2882 4576
2 2 2880 4578 4576
1 2 1507 1438 4837
2 2 4838 2905 5654
2 2 4839 2914 5669
2 2 1471 3718 4307
2 2 1478 1608 4834
2 2 197 1321 4840
2 2 1481 3016 4824
2 2 697 1297 4735
1 2 4835 1492 9137
2 2 4414 1497 4360
2 2 1559 4414 4360
1 2 4629 1368 4314
2 2 1500 1329 4821
2 2 1506 3718 4344
2 2 4547 621 7559
1 2 1508 1440 4823
2 2 4322 1509 7597
1 2 4837 70 7941
2 2 408 1664 4826
2 2 9004 9005 9003
2 2 4841 17 7299
1 2 1539 3610 4348
2 2 4328 521 6242
2 2 4636 51 4413
2 2 1830 4636 4413
1 2 1485 1445 4333
1 2 4832 111 9277
2 2 702 2918 4334
2 2 1496 2633 4336
2 2 4340 522 9168
2 2 1523 1404 4342
2 2 4825 80 8540
1 2 4842 1422 4577
1 2 2301 2299 4529
2 2 640 1748 4352
2 2 4843 214 6123
2 2 4357 1556 6125
2 2 4844 286 7162
2 2 1830 1560 4845
2 2 403 2968 4363
2 2 1579 1581 4415
2 2 4846 577 4365
2 2 1752 1584 4847
2 2 54 1589 4642
1 2 222 1595 4620
2 2 231 1598 4369
2 2 78 4763 4371
2 2 1616 2226 4377
2 2 832 3929 4378
2 2 4848 309 7568
1 2 4849 101 4405
1 2 4850 1621 4408
2 2 1573 1641 4851
1 2 4852 1882 7466
2 2 7182 4383 7077
2 2 1689 3835 4389
2 2 1891 1690 4853
2 2 1895 1719 4854
2 2 4855 23 4396
2 2 577 1753 4847
1 2 2940 2938 4856
1 2 2949 2947 4857
1 2 4858 1905 6084
2 2 5696 4398 8810
2 2 4859 793 4399
2 2 1798 3075 4860
1 2 4400 4861 9447
2 2 1889 1803 4862
1 2 9006 7656 7622
2 2 1807 3498 4409
2 2 4731 211 6453
2 2 4855 1852 6194
2 2 4419 1856 7639
2 2 1829 1624 4422
1 2 1885 3667 4861
2 2 166 3852 4853
2 2 1899 2542 4439
2 2 1880 1666 4442
2 2 1854 3217 4446
2 2 1855 1753 4449
2 2 167 3583 4854
2 2 7621 4451 8817
1 2 7454 4852 9445
2 2 6967 4862 9448
1 2 1978 1980 4536
2 2 811 2009 4863
2 2 2190 2191 4538
2 2 819 3719 4460
2 2 9008 7852 9007
1 2 4865 2395 9504
2 2 9243 4464 8822
2 2 4465 4866 9450
2 2 4515 4466 8824
1 2 4468 4867 9451
2 2 4470 4472 8836
1 2 4868 2397 9511
2 2 4476 4478 8848
1 2 4869 2398 9501
2 2 2244 3531 4479
1 2 4480 4870 9457
2 2 4567 4481 8851
1 2 4483 4871 9458
2 2 4485 4487 8863
1 2 4872 2399 9512
2 2 2251 3474 4491
1 2 4873 2400 9502
1 2 4874 2401 9505
2 2 4495 4875 9465
2 2 2364 2254 4689
1 2 4876 2375 9509
1 2 4502 4877 9471
2 2 7432 4503 8897
2 2 4505 599 4579
1 2 4878 599 4507
2 2 4509 4511 8908
1 2 4879 2386 9510
2 2 2266 4466 4515
1 2 4880 2404 9506
1 2 4881 2405 9513
1 2 4520 4882 9480
2 2 2402 2269 4875
2 2 4523 1184 5612
2 2 2271 3534 4524
2 2 1197 2288 4883
1 2 2299 2301 4544
1 2 2088 2301 4884
2 2 707 2192 4736
2 2 2335 2194 4541
1 2 2347 2142 4560
1 2 4870 4885 9493
1 2 2375 3668 4877
1 2 4886 599 4878
2 2 2336 1996 4551
2 2 2396 2955 4866
1 2 4867 4887 9492
2 2 2809 4481 4567
1 2 4871 4888 9494
2 2 4553 2368 7836
2 2 2881 4505 4579
1 2 4882 4889 9495
1 2 2407 2404 4887
1 2 2408 3101 4888
1 2 2409 2401 4889
1 2 6073 4865 9449
1 2 9495 4874 9464
1 2 9492 4880 9476
1 2 9441 4873 9463
1 2 2411 2398 4885
1 2 2412 3110 4886
1 2 9493 4869 9456
2 2 2707 2709 4599
2 2 4563 1163 5609
1 2 3101 2810 4890
1 2 4891 3102 9503
2 2 4892 765 4571
2 2 2389 2812 4741
2 2 4575 1422 5621
1 2 3110 2882 4893
1 2 4894 765 4581
2 2 3018 2904 4892
1 2 4584 4895 7461
2 2 3119 2913 4896
1 2 3125 2939 4897
1 2 8950 9010 9009
2 2 9012 9013 9011
2 2 1791 2672 4859
1 2 4899 765 4894
1 2 9494 4890 9481
1 2 4895 4900 7464
1 2 599 4886 4893
2 2 3075 2960 4602
1 2 3135 3102 4899
1 2 765 4899 4891
1 2 1539 4347 4884
1 2 1875 4603 4425
1 2 4798 432 8020
2 2 4604 709 9362
2 2 709 4604 4554
2 2 471 2311 4792
2 2 3679 456 8974
2 2 1847 4606 3680
2 2 239 3014 4759
2 2 4672 370 5176
2 2 9015 7488 9014
2 2 4330 1479 7489
1 2 1951 4608 3683
2 2 1330 4609 4236
2 2 477 2318 4831
2 2 774 3021 4610
2 2 2319 4610 4557
2 2 4745 819 4611
2 2 2208 4611 4459
2 2 9017 9018 9016
2 2 1470 4612 4309
2 2 275 1672 4740
2 2 9020 9021 9019
2 2 1380 4613 4280
1 2 533 4614 3688
2 2 1202 981 4615
2 2 985 4615 4005
2 2 989 987 4616
2 2 1609 4616 4375
2 2 4822 206 5950
2 2 9023 7869 9022
1 2 4772 305 9193
2 2 960 4617 4441
2 2 4756 209 7344
2 2 610 4417 4715
2 2 652 4417 4730
2 2 882 4751 4618
2 2 1555 4618 4353
1 2 1594 3889 3693
1 2 734 4619 3694
1 2 1800 4620 3695
1 2 1000 4621 4017
1 2 1009 4622 4038
1 2 1015 4623 4056
1 2 4624 1833 8060
1 2 1806 4624 4407
1 2 899 460 4625
1 2 899 4625 3947
2 2 1207 923 4626
2 2 1603 4626 4368
2 2 4942 5779 5106
2 2 1088 1352 4627
2 2 1088 4627 4444
2 2 4628 1300 6420
2 2 1299 4628 4211
1 2 4683 420 5327
1 2 1368 4629 4316
2 2 391 4630 3697
2 2 410 2379 4827
2 2 318 4631 3700
2 2 1897 4632 3701
2 2 184 4633 3703
2 2 2321 4634 3704
2 2 1308 4420 3707
2 2 947 4635 3981
2 2 475 2918 4693
2 2 1302 4636 3710
2 2 4637 590 5014
2 2 1499 4637 4339
2 2 4691 85 9113
2 2 583 4638 4341
2 2 1312 476 4639
2 2 1311 4639 4220
2 2 1390 4640 3716
2 2 606 1501 4714
2 2 650 4641 3724
2 2 1759 4642 3725
2 2 9024 8345 7982
2 2 9119 4643 7545
2 2 3944 895 7546
1 2 727 4644 3733
2 2 2991 3837 3737
1 2 930 4645 3740
2 2 4646 943 6360
2 2 942 4646 3974
2 2 949 158 4647
2 2 949 4647 3990
1 2 851 4648 4543
2 2 272 1043 4762
2 2 4749 463 8283
2 2 4687 454 6516
2 2 4697 390 6875
2 2 823 1185 4743
2 2 4844 213 7682
2 2 907 4649 4169
1 2 7098 7099 7097
1 2 4802 690 5602
2 2 1231 1969 4650
2 2 941 4650 3969
1 2 1859 3610 4651
1 2 2300 4651 4530
2 2 962 4160 3745
2 2 960 4440 3746
2 2 4652 1232 7274
2 2 946 4652 3986
1 2 1326 646 4653
1 2 1325 4653 4229
2 2 970 4654 3748
2 2 981 281 4655
2 2 980 4655 4001
2 2 4656 984 7599
2 2 983 4656 4004
2 2 987 284 4657
2 2 986 4657 4007
2 2 1608 283 4658
2 2 1607 4658 4374
1 2 7815 9026 9025
1 2 995 4659 4010
1 2 7818 9027 7602
1 2 1013 4660 4055
2 2 9278 4800 7911
1 2 1034 4661 3754
1 2 1032 4662 3755
2 2 1504 3020 4663
2 2 1320 4663 4226
2 2 1240 1016 4664
2 2 1619 4664 4380
2 2 1500 3040 4665
2 2 1329 4665 4238
1 2 430 1868 4828
2 2 4753 311 9313
2 2 1035 4666 3764
1 2 1205 2056 4667
1 2 999 4667 4022
1 2 4668 1206 9264
1 2 1008 4668 4043
1 2 4850 1622 5307
1 2 4669 863 6278
1 2 1005 4669 4034
2 2 4720 641 7223
2 2 1060 361 4670
2 2 1059 4670 4074
2 2 4671 365 7159
2 2 1069 4671 4086
2 2 88 1823 4782
2 2 370 4672 4185
2 2 1065 4673 3767
2 2 1070 4674 3769
2 2 1068 4675 3770
2 2 1072 386 4676
2 2 1072 4676 4090
2 2 1087 4158 3775
2 2 1085 4677 3776
2 2 4807 405 9252
2 2 1353 4678 3778
2 2 1351 4679 3779
2 2 4680 699 5058
2 2 1873 4680 4445
2 2 4681 1358 9394
2 2 1358 4681 4256
2 2 1255 2563 4682
2 2 1301 4682 4212
1 2 420 4683 4190
1 2 4707 149 6826
1 2 9029 9030 9028
1 2 1365 4684 3782
1 2 3784 1370 7925
1 2 1368 4315 3785
2 2 1853 4685 3788
2 2 7180 4686 6172
2 2 4279 1381 6173
2 2 1089 4687 4102
1 2 1118 461 4688
1 2 1117 4688 4110
1 2 241 2090 4752
2 2 2258 4689 4501
2 2 4690 449 4999
2 2 1879 4690 4431
2 2 85 4691 3793
2 2 3794 2309 8346
2 2 411 1359 4804
2 2 475 4693 3799
2 2 4694 1308 6422
2 2 1308 4694 4421
2 2 2076 1123 4695
2 2 2075 4695 4456
2 2 1379 4696 3806
1 2 7630 9031 8556
2 2 1086 4697 3809
2 2 407 2370 4776
2 2 4698 560 9190
2 2 1355 4698 4252
1 2 9032 9033 7895
1 2 4199 1200 9033
1 2 836 4700 3814
1 2 1468 4349 3815
2 2 1382 4701 3818
2 2 1387 4702 3820
2 2 1144 4703 3823
2 2 9035 7647 9034
2 2 4562 2372 7648
2 2 2923 4705 3827
2 2 698 2431 4706
2 2 1877 4706 4428
1 2 149 4707 3829
1 2 4130 1151 7657
1 2 1265 2375 4901
1 2 507 2148 4819
2 2 4709 175 7329
2 2 175 4709 4329
2 2 1406 537 4710
2 2 1405 4710 4294
1 2 4711 540 6153
1 2 1156 4711 4135
2 2 9037 9038 9036
2 2 1845 4712 4434
2 2 1849 4713 4436
2 2 589 4638 4435
2 2 2008 4714 4453
2 2 1718 4715 4392
1 2 266 4716 4559
1 2 2348 4717 3845
1 2 4718 638 7160
1 2 1400 4718 4291
1 2 4719 639 7586
1 2 1398 4719 4288
2 2 1541 4720 4351
2 2 4721 1168 7527
2 2 1168 4721 4139
2 2 1171 617 4722
2 2 1171 4722 4142
2 2 1848 4447 4846
1 2 4836 109 9363
1 2 4794 112 9187
1 2 108 2325 4833
2 2 581 4723 3846
2 2 1192 2341 4724
2 2 1192 4724 4433
2 2 4820 657 8535
2 2 1753 647 4725
2 2 1752 4725 4395
2 2 7973 4726 7722
2 2 4549 2373 7723
2 2 605 1423 4863
2 2 1494 2977 4727
2 2 1306 4727 4214
1 2 1438 644 4728
1 2 1437 4728 4300
1 2 1439 4716 4301
2 2 1174 648 4729
2 2 1174 4729 4145
2 2 652 4730 3859
2 2 2384 4731 3860
1 2 1266 2386 4902
1 2 3862 113 9000
1 2 1483 4608 3866
1 2 162 4733 4332
1 2 106 4734 3868
2 2 1832 4735 3872
2 2 2710 4736 3875
1 2 3883 217 7099
1 2 3890 223 8958
2 2 752 4738 3900
2 2 751 4739 3905
2 2 275 4740 3906
1 2 300 4622 3908
2 2 2270 4741 4519
2 2 4742 144 9222
2 2 144 4742 3920
2 2 823 4743 3923
1 2 686 4733 4535
1 2 1373 4744 4268
1 2 867 1905 4903
2 2 819 4745 4317
1 2 1505 4746 3932
1 2 4770 301 9229
2 2 2230 1141 4747
2 2 2230 4747 4462
2 2 1669 852 4748
2 2 1669 4748 4410
2 2 463 4749 3937
1 2 4904 812 4750
1 2 9486 4600 8953
2 2 55 4751 3940
1 2 241 4752 3946
2 2 311 4753 3950
2 2 904 1025 4754
2 2 905 4754 4061
2 2 905 4755 3952
2 2 316 4182 3953
2 2 35 4713 3957
2 2 209 4756 3960
1 2 931 4198 3965
2 2 940 4432 3971
2 2 944 4757 3975
2 2 238 4635 3977
2 2 14 4758 3983
2 2 239 3988 3987
2 2 239 4759 3989
2 2 63 4760 3992
2 2 165 4761 3995
2 2 270 4609 3997
2 2 272 4762 3999
2 2 982 4763 4002
2 2 988 4764 4008
1 2 997 4765 4011
1 2 294 4621 4013
1 2 107 4766 4019
1 2 295 4767 4023
1 2 1003 4766 4026
1 2 298 4768 4035
1 2 110 4769 4040
1 2 301 4770 4044
1 2 1012 4769 4047
1 2 303 4623 4049
1 2 1011 4771 4052
1 2 305 4772 4053
1 2 3 4773 4058
1 2 4066 1033 7867
1 2 155 4191 4067
2 2 331 4775 4069
2 2 1040 4443 4071
2 2 407 4776 4072
2 2 137 4777 4081
2 2 1067 4778 4083
2 2 1066 4674 4084
2 2 64 4779 4087
2 2 4088 1071 6376
2 2 22 4781 4089
2 2 88 4782 4099
2 2 1091 4783 4104
2 2 141 4784 4105
1 2 114 4785 4109
1 2 1119 4786 4111
2 2 2254 1122 4787
2 2 9244 4494 8879
2 2 2257 1121 4788
2 2 9245 4500 8891
2 2 9497 4789 9040
2 2 4457 2077 7838
2 2 7101 7102 7100
2 2 198 4791 4122
2 2 471 4792 4124
1 2 4132 103 8997
1 2 112 4794 4136
2 2 39 4757 4138
2 2 49 4795 4144
2 2 2812 1181 4796
2 2 9246 4570 8936
2 2 2269 1180 4797
2 2 9247 4518 8924
2 2 4906 8 7391
1 2 1100 4798 4151
2 2 4883 188 7847
2 2 4159 1081 7870
2 2 1078 4617 4161
2 2 4163 902 7912
2 2 307 1216 4848
2 2 1939 4649 4168
2 2 1234 1045 4801
2 2 1234 4801 4338
1 2 73 4744 4175
1 2 1488 4802 4176
1 2 1238 2397 4907
1 2 1239 2399 4908
2 2 316 4803 4183
2 2 2317 4804 4184
2 2 1250 3080 4805
2 2 1250 4805 4556
1 2 1254 2405 4909
1 2 7278 4780 6375
2 2 1574 4807 4189
1 2 1369 4603 4193
2 2 2288 1253 4808
2 2 2288 4808 4528
1 2 4809 4907 9487
1 2 9455 4474 8841
1 2 4810 4908 9488
1 2 9462 4489 8868
1 2 1274 4811 4806
1 2 4812 4909 9489
1 2 9482 4572 8938
2 2 22 4813 4781
1 2 4814 4901 9490
1 2 9466 4496 8881
1 2 4815 4902 9491
1 2 9475 4513 8913
1 2 4910 1163 4816
1 2 2810 4816 4565
1 2 4911 1184 4817
1 2 2273 4817 4525
1 2 22 4818 4813
1 2 507 4819 4202
2 2 1284 1286 4840
2 2 657 4820 4215
2 2 1313 4821 4221
2 2 206 4822 4223
1 2 1327 4823 4230
1 2 269 4717 4232
2 2 1349 4824 4247
2 2 80 4825 4248
2 2 408 4826 4250
2 2 410 4254 4253
2 2 410 4827 4255
2 2 43 4327 4259
1 2 430 4828 4262
1 2 4273 74 9030
2 2 4281 448 9005
2 2 477 4831 4286
1 2 111 4832 4289
1 2 108 4833 4292
2 2 1407 4834 4295
1 2 1415 4835 4297
1 2 109 4836 4298
1 2 70 4837 4303
2 2 2904 1453 4838
2 2 2904 4838 4583
2 2 2913 1459 4839
2 2 2913 4839 4586
2 2 1284 4840 4320
1 2 4314 1363 7963
2 2 4552 1518 7301
2 2 1497 4636 4845
1 2 4912 1422 4842
1 2 2882 4842 4577
2 2 96 4843 4354
2 2 213 4844 4358
2 2 1497 4845 4361
2 2 405 1574 4851
2 2 1583 4846 4365
2 2 577 4847 4366
1 2 1610 1562 4849
2 2 307 4848 4381
1 2 1621 4849 4405
1 2 862 4850 4408
2 2 405 4851 4387
1 2 9445 4382 8806
2 2 166 4853 4390
2 2 167 4854 4393
2 2 1754 4855 4396
1 2 2939 1768 4856
1 2 2939 4856 4589
1 2 2948 1780 4857
1 2 2948 4857 4592
1 2 793 4858 4397
2 2 3070 4859 4399
2 2 4860 812 5709
2 2 812 4860 4601
1 2 7459 4400 7079
2 2 9448 4401 8813
1 2 101 4708 4403
2 2 605 4863 4454
2 2 1188 4864 4461
1 2 9449 4463 8818
2 2 2237 4866 4465
1 2 9452 4468 8829
2 2 2239 4472 4470
1 2 9453 4471 8835
2 2 2242 4478 4476
1 2 9456 4477 8847
1 2 7460 4480 7084
1 2 9459 4483 8856
2 2 2248 4487 4485
1 2 9460 4486 8862
1 2 9463 4492 8874
1 2 9464 4493 8875
2 2 2255 4875 4495
2 2 9468 4497 8885
1 2 9469 4499 8887
1 2 9470 4502 8893
1 2 9472 4507 8901
2 2 2263 4511 4509
1 2 9473 4510 8907
1 2 9476 4516 8919
1 2 9477 4517 8920
1 2 9479 4520 8926
2 2 9465 4521 8930
2 2 188 4883 4527
1 2 1539 4884 4531
1 2 2374 4885 4870
1 2 2386 4886 4878
1 2 2397 4887 4867
1 2 2399 4888 4871
1 2 2405 4889 4882
1 2 9481 4568 8934
1 2 765 4891 4569
2 2 2813 4892 4571
2 2 9478 4573 8942
1 2 599 4893 4580
1 2 2903 4894 4581
2 2 765 4892 4582
1 2 9484 4584 8944
2 2 7462 4585 7086
1 2 9485 4588 8948
1 2 4590 2947 9496
1 2 3090 4899 4894
1 2 3118 4900 4895
2 2 718 4745 4611
1 2 9490 4876 9469
1 2 874 3049 4904
1 2 1267 3050 4910
1 2 9491 4879 9473
1 2 4903 793 5930
1 2 793 4903 4858
1 2 1268 3091 4911
1 2 1907 4904 4750
2 2 9040 7837 9039
2 2 4864 1188 9248
1 2 9487 4868 9453
1 2 9488 4872 9460
1 2 9489 4881 9477
1 2 2398 4907 4809
1 2 2400 4908 4810
1 2 3102 4909 4812
1 2 2401 4901 4814
1 2 2404 4902 4815
1 2 3101 4910 4816
1 2 2406 4911 4817
1 2 1526 3109 4912
1 2 3110 4912 4842
2 2 344 4913 4915
2 2 4913 361 4914
2 2 4915 4914 1477
2 2 1826 4916 4918
2 2 4916 561 4917
2 2 4918 4917 2315
2 2 439 4919 4921
2 2 4919 189 4920
2 2 4921 4920 1590
1 2 1952 4922 4924
1 2 4922 118 4923
1 2 4924 4923 3177
1 2 1288 4925 4927
1 2 4925 1289 4926
1 2 4927 4926 1287
1 2 1562 4928 4930
1 2 4928 1563 4929
1 2 4930 4929 1561
2 2 1294 4931 4933
2 2 4931 1295 4932
2 2 4933 4932 1293
1 2 834 4934 4936
1 2 4934 291 4935
1 2 4936 4935 761
1 2 1955 4937 4939
1 2 4937 1956 4938
1 2 4939 4938 1954
2 2 1042 4940 4942
2 2 4940 654 4941
2 2 4942 4941 4723
2 2 1218 4943 4945
2 2 4943 240 4944
2 2 4945 4944 2312
2 2 1480 4946 4948
2 2 4946 773 4947
2 2 4948 4947 2996
2 2 531 4949 4951
2 2 4949 574 4950
2 2 4951 4950 2339
1 2 846 4952 4954
1 2 4952 218 4953
1 2 4954 4953 2344
1 2 383 4955 4957
1 2 4955 483 4956
1 2 4957 4956 1505
2 2 854 4958 4960
2 2 4958 465 4959
2 2 4960 4959 799
2 2 1613 4961 4963
2 2 4961 1614 4962
2 2 4963 4962 1612
2 2 1020 4964 4966
2 2 4964 1021 4965
2 2 4966 4965 1019
1 2 1507 4967 4969
1 2 4967 684 4968
1 2 4969 4968 2387
2 2 320 4970 4972
2 2 4970 346 4971
2 2 4972 4971 2352
1 2 858 4973 4975
1 2 4973 328 4974
1 2 4975 4974 1030
2 2 2547 4976 4978
2 2 4976 2548 4977
2 2 4978 4977 2546
1 2 383 4979 4981
1 2 4979 382 4980
1 2 4981 4980 2362
2 2 2552 4982 4984
2 2 4982 2553 4983
2 2 4984 4983 2551
2 2 1643 4985 4987
2 2 4985 1644 4986
2 2 4987 4986 1642
1 2 2361 4988 4990
1 2 4988 1374 4989
1 2 4990 4989 2295
1 2 2573 4991 4993
1 2 4991 2574 4992
1 2 4993 4992 2572
1 2 2089 4994 4996
1 2 4994 2090 4995
1 2 4996 4995 2088
2 2 449 4997 4999
2 2 4997 205 4998
2 2 4999 4998 2311
2 2 782 5000 5002
2 2 5000 864 5001
2 2 5002 5001 3099
2 2 576 5003 5005
2 2 5003 44 5004
2 2 5005 5004 2162
2 2 601 5006 5008
2 2 5006 600 5007
2 2 5008 5007 3044
2 2 229 5009 5011
2 2 5009 614 5010
2 2 5011 5010 616
2 2 590 5012 5014
2 2 5012 163 5013
2 2 5014 5013 2310
2 2 1751 5015 5017
2 2 5015 1721 5016
2 2 5017 5016 1750
2 2 1435 5018 5020
2 2 5018 1436 5019
2 2 5020 5019 1434
2 2 879 5021 5023
2 2 5021 649 5022
2 2 5023 5022 1937
2 2 653 5024 5026
2 2 5024 230 5025
2 2 5026 5025 1860
1 2 219 5027 5029
1 2 5027 728 5028
1 2 5029 5028 730
1 2 228 5030 5032
1 2 5030 742 5031
1 2 5032 5031 744
1 2 742 5033 5035
1 2 5033 227 5034
1 2 5035 5034 743
1 2 291 5036 4935
1 2 5036 759 5037
1 2 4935 5037 761
1 2 291 5038 5040
1 2 5038 778 5039
1 2 5040 5039 1869
2 2 462 5041 5043
2 2 5041 794 5042
2 2 5043 5042 796
1 2 2680 5044 5046
1 2 5044 2681 5045
1 2 5046 5045 2572
1 2 668 5047 5049
1 2 5048 5047 7734
1 2 5049 5048 1954
2 2 673 5050 5052
2 2 5050 121 5051
2 2 5052 5051 1870
1 2 692 5053 5055
1 2 5053 250 5054
1 2 5055 5054 2344
2 2 699 5056 5058
2 2 5056 136 5057
2 2 5058 5057 2370
1 2 1679 5059 5061
1 2 5059 841 5060
1 2 5061 5060 2480
2 2 44 5003 5063
2 2 5003 576 5062
2 2 5063 5062 711
1 2 1858 5064 5066
1 2 5064 850 5065
1 2 5066 5065 1595
2 2 1828 5067 5069
2 2 5067 831 5068
2 2 5069 5068 2388
2 2 2223 5070 5072
2 2 5070 2224 5071
2 2 5072 5071 2222
2 2 379 5073 5075
2 2 5073 825 5074
2 2 5075 5074 783
1 2 2228 5076 5078
1 2 5076 1955 5077
1 2 5078 5077 2227
1 2 218 4952 5080
1 2 4952 846 5079
1 2 5080 5079 721
1 2 778 5038 5082
1 2 5038 291 5081
1 2 5082 5081 1622
2 2 2010 5083 5085
2 2 5083 2234 5084
2 2 5085 5084 2233
2 2 123 5086 5088
2 2 5086 901 5087
2 2 5088 5087 903
2 2 33 5089 5091
2 2 5089 921 5090
2 2 5091 5090 923
2 2 933 5092 5094
2 2 5092 235 5093
2 2 5094 5093 934
2 2 936 5095 5097
2 2 5095 5 5096
2 2 5097 5096 937
2 2 992 5098 5100
2 2 5098 15 5099
2 2 5100 5099 993
2 2 1016 5101 5103
2 2 5101 19 5102
2 2 5103 5102 1017
2 2 1021 4964 5105
2 2 4964 1020 5104
2 2 5105 5104 38
2 2 1042 5106 5108
2 2 5106 170 5107
2 2 5108 5107 1043
2 2 358 5109 5111
2 2 5109 1044 5110
2 2 5111 5110 1046
2 2 1044 5112 5114
2 2 5112 34 5113
2 2 5114 5113 1045
2 2 1049 5115 5117
2 2 5115 30 5116
2 2 5117 5116 1050
2 2 1090 5118 5120
2 2 5118 413 5119
2 2 5120 5119 1091
1 2 1096 5121 5123
1 2 5121 1 5122
1 2 5123 5122 1097
1 2 1155 5124 5126
1 2 5124 538 5125
1 2 5126 5125 1156
2 2 93 5127 5129
2 2 5127 1164 5128
2 2 5129 5128 1166
2 2 879 5130 5132
2 2 5130 61 5131
2 2 5132 5131 3165
2 2 901 5086 5134
2 2 5086 123 5133
2 2 5134 5133 1843
1 2 424 5135 5137
1 2 5135 422 5136
1 2 5137 5136 1221
2 2 1044 5109 5139
2 2 5109 358 5138
2 2 5139 5138 1834
2 2 1257 5140 5142
2 2 5140 339 5141
2 2 5142 5141 2050
1 2 483 4955 5144
1 2 4955 383 5143
1 2 5144 5143 1131
1 2 1199 5145 5147
1 2 5146 5145 8616
1 2 5147 5146 1868
2 2 1246 5148 5150
2 2 5148 38 5149
2 2 5150 5149 2334
1 2 1278 5151 5153
1 2 5151 668 5152
1 2 5153 5152 1279
1 2 1289 4925 5155
1 2 4925 1288 5154
1 2 5155 5154 690
2 2 366 5156 5158
2 2 5156 1290 5157
2 2 5158 5157 1292
2 2 1295 4931 5160
2 2 4931 1294 5159
2 2 5160 5159 395
2 2 125 5161 5163
2 2 5161 1305 5162
2 2 5163 5162 1307
2 2 1305 5164 5166
2 2 5164 29 5165
2 2 5166 5165 1306
1 2 1324 5167 5169
1 2 5167 1323 5168
1 2 5169 5168 691
2 2 333 5170 5172
2 2 5170 1331 5171
2 2 5172 5171 1333
2 2 371 5173 5175
2 2 5173 1339 5174
2 2 5175 5174 1341
2 2 1339 5176 5178
2 2 5176 370 5177
2 2 5178 5177 1340
2 2 1341 5179 5181
2 2 5179 1340 5180
2 2 5181 5180 206
1 2 1342 5182 5184
1 2 5182 383 5183
1 2 5184 5183 1343
2 2 26 5185 5187
2 2 5185 1345 5186
2 2 5187 5186 1347
2 2 26 5188 5185
2 2 5188 1348 5189
2 2 5185 5189 1345
2 2 397 5190 5192
2 2 5190 1293 5191
2 2 5192 5191 1350
2 2 409 5193 5195
2 2 5193 1354 5194
2 2 5195 5194 1356
2 2 415 5196 5198
2 2 5196 1299 5197
2 2 5198 5197 1361
1 2 76 5199 5201
1 2 5199 1362 5200
1 2 5201 5200 1364
2 2 395 5202 5204
2 2 5202 1377 5203
2 2 5204 5203 1378
2 2 1378 5205 5207
2 2 5205 1360 5206
2 2 5207 5206 414
2 2 206 5208 5181
2 2 5208 1318 5209
2 2 5181 5209 1341
2 2 1341 5210 5175
2 2 5210 1388 5211
2 2 5175 5211 371
2 2 127 5212 5214
2 2 5212 1392 5213
2 2 5214 5213 1394
2 2 1392 5215 5217
2 2 5215 129 5216
2 2 5217 5216 1393
1 2 504 5218 5220
1 2 5218 1397 5219
1 2 5220 5219 1399
1 2 1397 5221 5223
1 2 5221 503 5222
1 2 5223 5222 1398
1 2 1281 5224 5226
1 2 5224 506 5225
1 2 5226 5225 1400
2 2 535 5227 5229
2 2 5227 1408 5228
2 2 5229 5228 1410
1 2 545 5230 5232
1 2 5230 1414 5231
1 2 5232 5231 1416
1 2 1414 5233 5235
1 2 5233 551 5234
1 2 5235 5234 1415
2 2 1431 5236 5238
2 2 5236 622 5237
2 2 5238 5237 1432
2 2 1433 5239 5241
2 2 5239 1432 5240
2 2 5241 5240 480
2 2 31 5242 5243
2 2 5242 1434 5019
2 2 5243 5019 1436
2 2 1436 5018 5245
2 2 5018 1435 5244
2 2 5245 5244 656
1 2 1287 5246 5247
1 2 5246 691 5168
1 2 5247 5168 1323
1 2 1487 5248 5249
1 2 5248 690 5154
1 2 5249 5154 1288
2 2 1290 5156 5251
2 2 5156 366 5250
2 2 5251 5250 1823
2 2 1434 5242 5253
2 2 5242 31 5252
2 2 5253 5252 2366
2 2 1357 5254 5256
2 2 5254 411 5255
2 2 5256 5255 2391
2 2 1334 5257 5259
2 2 5257 51 5258
2 2 5259 5258 1304
2 2 194 5260 5262
2 2 5260 717 5261
2 2 5262 5261 1462
2 2 1512 5263 5265
2 2 5263 487 5264
2 2 5265 5264 2995
1 2 425 5266 5268
1 2 5266 427 5267
1 2 5268 5267 1396
1 2 1362 5199 5270
1 2 5199 76 5269
1 2 5270 5269 2377
2 2 619 5271 5273
2 2 5271 591 5272
2 2 5273 5272 1525
2 2 2161 5274 5276
2 2 5274 1940 5275
2 2 5276 5275 2007
2 2 1540 5277 5279
2 2 5277 116 5278
2 2 5279 5278 1541
2 2 1551 5280 5282
2 2 5280 1550 5281
2 2 5282 5281 831
2 2 1552 5283 5285
2 2 5283 364 5284
2 2 5285 5284 1553
1 2 350 5286 5287
1 2 5286 1561 4929
1 2 5287 4929 1563
2 2 1587 5288 5290
2 2 5288 1586 5289
2 2 5290 5289 583
1 2 223 5291 5293
1 2 5291 1594 5292
1 2 5293 5292 1596
2 2 1540 5294 5296
2 2 5294 94 5295
2 2 5296 5295 1603
1 2 1610 5297 5299
1 2 5297 291 5298
1 2 5299 5298 1611
2 2 1612 5300 4963
2 2 5300 138 5301
2 2 4963 5301 1613
2 2 1614 4961 5303
2 2 4961 1613 5302
2 2 5303 5302 314
2 2 1618 5304 5306
2 2 5304 339 5305
2 2 5306 5305 1619
1 2 291 5297 5081
1 2 5297 1610 5307
1 2 5081 5307 1622
2 2 1625 5308 5310
2 2 5308 1624 5309
2 2 5310 5309 364
2 2 123 5311 5313
2 2 5311 1636 5312
2 2 5313 5312 1637
2 2 401 5314 5316
2 2 5314 1638 5315
2 2 5316 5315 1569
2 2 1639 5317 5319
2 2 5317 1627 5318
2 2 5319 5318 28
2 2 1641 5320 5322
2 2 5320 1640 5321
2 2 5322 5321 138
2 2 1642 5323 4987
2 2 5323 20 5324
2 2 4987 5324 1643
2 2 1644 4985 5326
2 2 4985 1643 5325
2 2 5326 5325 413
1 2 1645 5327 5329
1 2 5327 420 5328
1 2 5329 5328 1646
1 2 427 5330 5332
1 2 5330 1648 5331
1 2 5332 5331 1650
2 2 402 5333 5335
2 2 5333 1653 5334
2 2 5335 5334 1637
2 2 1661 5336 5338
2 2 5336 449 5337
2 2 5338 5337 1662
2 2 1663 5339 5341
2 2 5339 1662 5340
2 2 5341 5340 63
1 2 154 5342 5344
1 2 5342 1670 5343
1 2 5344 5343 1650
1 2 1650 5345 5332
1 2 5345 1671 5346
1 2 5332 5346 427
1 2 1679 5347 5349
1 2 5347 151 5348
1 2 5349 5348 1646
1 2 115 5350 5352
1 2 5350 1681 5351
1 2 5352 5351 1683
1 2 1683 5353 5355
1 2 5353 1682 5354
1 2 5355 5354 504
2 2 514 5356 5358
2 2 5356 1684 5357
2 2 5358 5357 1548
1 2 1681 5350 5360
1 2 5350 115 5359
1 2 5360 5359 1700
1 2 1701 5361 5363
1 2 5361 1700 5362
1 2 5363 5362 551
2 2 583 5364 5290
2 2 5364 1720 5365
2 2 5290 5365 1587
2 2 584 5366 5368
2 2 5366 1585 5367
2 2 5368 5367 1721
2 2 1727 5369 5371
2 2 5369 586 5370
2 2 5371 5370 1728
2 2 177 5372 5374
2 2 5372 1684 5373
2 2 5374 5373 1731
2 2 1732 5375 5377
2 2 5375 176 5376
2 2 5377 5376 1733
2 2 178 5378 5380
2 2 5378 1735 5379
2 2 5380 5379 1737
2 2 1737 5381 5383
2 2 5381 1736 5382
2 2 5383 5382 591
2 2 588 5384 5386
2 2 5384 1741 5385
2 2 5386 5385 1731
2 2 1731 5387 5374
2 2 5387 1742 5388
2 2 5374 5388 177
2 2 591 5389 5383
2 2 5389 1743 5390
2 2 5383 5390 1737
2 2 177 5391 5392
2 2 5391 1750 5016
2 2 5392 5016 1721
2 2 1721 5015 5368
2 2 5015 1751 5393
2 2 5368 5393 584
2 2 1757 5394 5396
2 2 5394 1756 5395
2 2 5396 5395 660
2 2 1761 5397 5399
2 2 5397 98 5398
2 2 5399 5398 1762
2 2 1815 5400 5402
2 2 5400 401 5401
2 2 5402 5401 1816
2 2 563 5403 5405
2 2 5403 561 5404
2 2 5405 5404 1838
2 2 489 5406 5408
2 2 5406 418 5407
2 2 5408 5407 1581
2 2 63 5409 5341
2 2 5409 963 5410
2 2 5341 5410 1663
2 2 574 4949 5412
2 2 4949 531 5411
2 2 5412 5411 1891
2 2 92 5413 5415
2 2 5413 509 5414
2 2 5415 5414 1836
2 2 509 5416 5418
2 2 5416 94 5417
2 2 5418 5417 1894
2 2 126 5419 5421
2 2 5419 553 5420
2 2 5421 5420 1837
2 2 398 5422 5424
2 2 5422 700 5423
2 2 5424 5423 1900
2 2 230 5425 5427
2 2 5425 663 5426
2 2 5427 5426 1825
2 2 569 5428 5430
2 2 5428 132 5429
2 2 5430 5429 1844
1 2 759 5036 5431
1 2 5036 291 5040
1 2 5431 5040 1869
2 2 1215 5432 5434
2 2 5432 1870 5433
2 2 5434 5433 1817
2 2 406 5435 5437
2 2 5435 1900 5436
2 2 5437 5436 1766
1 2 1918 5438 5440
1 2 5438 263 5439
1 2 5440 5439 1919
2 2 1930 5441 5443
2 2 5441 674 5442
2 2 5443 5442 1931
1 2 1935 5444 5446
1 2 5444 1934 5445
1 2 5446 5445 646
2 2 200 5447 5449
2 2 5447 1936 5448
2 2 5449 5448 1938
2 2 1938 5450 5451
2 2 5450 1937 5022
2 2 5451 5022 649
2 2 164 5452 5454
2 2 5452 1921 5453
2 2 5454 5453 1988
2 2 1991 5455 5457
2 2 5455 1990 5456
2 2 5457 5456 574
2 2 2000 5458 5460
2 2 5458 1999 5459
2 2 5460 5459 603
1 2 2016 5461 5463
1 2 5461 25 5462
1 2 5463 5462 2017
1 2 2020 5464 5466
1 2 5464 2019 5465
1 2 5466 5465 630
2 2 6 5467 5469
2 2 5467 2038 5468
2 2 5469 5468 2040
2 2 319 5470 5472
2 2 5470 2041 5471
2 2 5472 5471 2043
2 2 2047 5473 5475
2 2 5473 333 5474
2 2 5475 5474 2048
1 2 2066 5476 5478
1 2 5476 2065 5477
1 2 5478 5477 1371
1 2 2090 4994 5480
1 2 4994 2089 5479
1 2 5480 5479 461
2 2 2091 5481 5483
2 2 5481 204 5482
2 2 5483 5482 2092
1 2 2096 5484 5486
1 2 5484 2095 5485
1 2 5486 5485 503
2 2 2102 5487 5489
2 2 5487 2101 5488
2 2 5489 5488 531
2 2 2103 5490 5492
2 2 5490 185 5491
2 2 5492 5491 2104
1 2 2106 5493 5495
1 2 5493 2112 5494
1 2 5495 5494 545
2 2 552 5496 5498
2 2 5496 2113 5497
2 2 5498 5497 1959
1 2 2159 5499 5501
1 2 5499 2158 5500
1 2 5501 5500 644
1 2 306 5502 5504
1 2 5502 2165 5503
1 2 5504 5503 2167
1 2 2137 5505 5507
1 2 5505 2029 5506
1 2 5507 5506 627
2 2 2213 5508 5510
2 2 5508 2212 5509
2 2 5510 5509 716
1 2 2216 5511 5513
1 2 5511 2215 5512
1 2 5513 5512 846
1 2 25 5461 5515
1 2 5461 2016 5514
1 2 5515 5514 2218
1 2 2227 5516 5078
1 2 5516 350 5517
1 2 5078 5517 2228
1 2 2296 5518 5519
1 2 5518 2295 4989
1 2 5519 4989 1374
2 2 121 5050 5521
2 2 5050 673 5520
2 2 5521 5520 2316
2 2 649 5522 5451
2 2 5522 604 5523
2 2 5451 5523 1938
1 2 250 5524 5526
1 2 5525 5524 7896
1 2 5526 5525 2214
1 2 228 5527 5528
1 2 5049 5527 7557
1 2 5528 5049 1954
2 2 133 5529 5531
2 2 5529 518 5530
2 2 5531 5530 2330
2 2 340 5532 5534
2 2 5532 1217 5533
2 2 5534 5533 2331
2 2 205 4997 5536
2 2 4997 449 5535
2 2 5536 5535 2340
2 2 244 5537 5539
2 2 5537 854 5538
2 2 5539 5538 2070
2 2 20 5540 5542
2 2 5540 1354 5541
2 2 5542 5541 2327
2 2 561 5403 5544
2 2 5403 563 5543
2 2 5544 5543 2378
2 2 38 5545 5547
2 2 5545 1245 5546
2 2 5547 5546 2329
2 2 1225 5548 5550
2 2 5548 2310 5549
2 2 5550 5549 1923
1 2 681 5551 5553
1 2 5551 1508 5552
1 2 5553 5552 2314
2 2 132 5428 5555
2 2 5428 569 5554
2 2 5555 5554 2379
2 2 601 5556 5558
2 2 5556 196 5557
2 2 5558 5557 2338
1 2 846 4954 5513
1 2 4954 2344 5559
1 2 5513 5559 2216
1 2 299 5560 5562
1 2 5560 1210 5561
1 2 5562 5561 2356
1 2 419 5563 5565
1 2 5563 421 5564
1 2 5565 5564 2361
1 2 1371 5566 5478
1 2 5566 2362 5567
1 2 5478 5567 2066
2 2 831 5568 5570
2 2 5568 1827 5569
2 2 5570 5569 2371
1 2 2505 5571 5573
1 2 5571 2504 5572
1 2 5573 5572 687
2 2 2509 5574 5576
2 2 5574 288 5575
2 2 5576 5575 2510
1 2 2574 4991 5578
1 2 4991 2573 5577
1 2 5578 5577 851
2 2 2605 5579 5581
2 2 5579 54 5580
2 2 5581 5580 2606
2 2 2628 5582 5584
2 2 5582 696 5583
2 2 5584 5583 2629
2 2 701 5585 5587
2 2 5585 2631 5586
2 2 5587 5586 2633
2 2 458 5588 5590
2 2 5588 2671 5589
2 2 5590 5589 2673
2 2 2671 5591 5593
2 2 5591 793 5592
2 2 5593 5592 2672
1 2 2681 5044 5595
1 2 5044 2680 5594
1 2 5595 5594 667
1 2 2686 5596 5598
1 2 5596 2685 5597
1 2 5598 5597 768
1 2 222 5599 5601
1 2 5599 2713 5600
1 2 5601 5600 2715
1 2 2737 5602 5604
1 2 5602 690 5603
1 2 5604 5603 2738
2 2 613 5605 5607
2 2 5605 2805 5606
2 2 5607 5606 2807
2 2 2807 5608 5610
2 2 5608 2806 5609
2 2 5610 5609 1163
2 2 2816 5611 5613
2 2 5611 2815 5612
2 2 5613 5612 1184
2 2 2818 5614 5616
2 2 5614 2817 5615
2 2 5616 5615 881
2 2 37 5617 5619
2 2 5617 2877 5618
2 2 5619 5618 2879
2 2 2879 5620 5622
2 2 5620 2878 5621
2 2 5622 5621 1422
2 2 97 5623 5625
2 2 5623 2885 5624
2 2 5625 5624 2887
2 2 2887 5626 5628
2 2 5626 2886 5627
2 2 5628 5627 1427
2 2 1427 5629 5631
2 2 5629 2888 5630
2 2 5631 5630 2890
2 2 2890 5632 5634
2 2 5632 2889 5633
2 2 5634 5633 613
2 2 758 5635 5637
2 2 5635 2894 5636
2 2 5637 5636 2896
2 2 2896 5638 5640
2 2 5638 2895 5639
2 2 5640 5639 1451
2 2 1451 5641 5643
2 2 5641 2897 5642
2 2 5643 5642 2899
2 2 2899 5644 5646
2 2 5644 2898 5645
2 2 5646 5645 97
2 2 146 5647 5649
2 2 5647 2900 5648
2 2 5649 5648 2902
2 2 2900 5650 5652
2 2 5650 1452 5651
2 2 5652 5651 2901
2 2 1452 5653 5655
2 2 5653 2903 5654
2 2 5655 5654 2905
2 2 785 5656 5658
2 2 5656 2906 5657
2 2 5658 5657 2908
2 2 2906 5659 5661
2 2 5659 1455 5660
2 2 5661 5660 2907
2 2 1455 5662 5664
2 2 5662 2909 5663
2 2 5664 5663 2911
2 2 2909 5665 5667
2 2 5665 146 5666
2 2 5667 5666 2910
2 2 1458 5668 5670
2 2 5668 2912 5669
2 2 5670 5669 2914
2 2 2935 5671 5673
2 2 5671 458 5672
2 2 5673 5672 2936
2 2 287 5674 5676
2 2 5674 2941 5675
2 2 5676 5675 2943
2 2 2943 5677 5679
2 2 5677 2942 5678
2 2 5679 5678 1778
2 2 1778 5680 5682
2 2 5680 2944 5681
2 2 5682 5681 2946
2 2 2946 5683 5685
2 2 5683 2945 5684
2 2 5685 5684 758
2 2 1784 5686 5688
2 2 5686 2952 5687
2 2 5688 5687 2954
2 2 2952 5689 5691
2 2 5689 785 5690
2 2 5691 5690 2953
2 2 65 5692 5694
2 2 5692 2955 5693
2 2 5694 5693 2957
2 2 2957 5695 5697
2 2 5695 2956 5696
2 2 5697 5696 1792
2 2 2958 5698 5700
2 2 5698 37 5699
2 2 5700 5699 2959
2 2 2960 5701 5703
2 2 5701 2959 5702
2 2 5703 5702 1797
2 2 512 5704 5706
2 2 5704 2961 5705
2 2 5706 5705 2963
2 2 812 5707 5709
2 2 5707 2972 5708
2 2 5709 5708 2974
2 2 2972 5710 5712
2 2 5710 512 5711
2 2 5712 5711 2973
2 2 129 5713 5715
2 2 5713 1231 5714
2 2 5715 5714 2977
2 2 278 5716 5718
2 2 5716 1201 5717
2 2 5718 5717 3016
2 2 119 5719 5721
2 2 5719 678 5720
2 2 5721 5720 2703
2 2 53 5722 5724
2 2 5722 376 5723
2 2 5724 5723 2728
2 2 656 5725 5727
2 2 5725 1476 5726
2 2 5727 5726 3038
1 2 851 5728 5578
1 2 5728 898 5729
1 2 5578 5729 2574
1 2 777 5730 5732
1 2 5730 778 5731
1 2 5732 5731 3066
1 2 667 5733 5595
1 2 5733 1473 5734
1 2 5595 5734 2681
2 2 827 5735 5737
2 2 5735 1672 5736
2 2 5737 5736 2730
2 2 243 5738 5740
2 2 5738 959 5739
2 2 5740 5739 3107
2 2 476 5741 5743
2 2 5741 1461 5742
2 2 5743 5742 3120
1 2 1901 5744 5746
1 2 5744 1768 5745
1 2 5746 5745 3125
2 2 246 5747 5749
2 2 5747 1193 5748
2 2 5749 5748 3014
2 2 824 5750 5752
2 2 5750 797 5751
2 2 5752 5751 2985
2 2 465 4958 5754
2 2 4958 854 5753
2 2 5754 5753 3100
2 2 3440 5755 5757
2 2 5755 1458 5756
2 2 5757 5756 3441
2 2 3471 5758 5760
2 2 5758 1784 5759
2 2 5760 5759 3472
2 2 3536 5761 5763
2 2 5761 3535 5762
2 2 5763 5762 13
2 2 649 5021 5764
2 2 5021 879 5132
2 2 5764 5132 3165
1 2 359 5765 5767
1 2 5765 1980 5766
1 2 5767 5766 3198
2 2 196 5768 5770
2 2 5768 604 5769
2 2 5770 5769 3554
2 2 654 4940 5772
2 2 4940 1042 5771
2 2 5772 5771 3268
2 2 243 5773 5775
2 2 5773 953 5774
2 2 5775 5774 3615
2 2 194 5776 5778
2 2 5776 1311 5777
2 2 5778 5777 4745
2 2 170 5106 5779
2 2 5106 1042 4942
2 2 5779 4942 4723
1 2 5780 1280 7918
1 2 5781 1920 8086
2 2 5782 401 5400
2 2 1231 2857 5714
2 2 1541 4350 5279
2 2 5725 656 5244
2 2 1435 5725 5244
1 2 5783 644 5500
2 2 344 1061 4913
2 2 9042 9043 9041
2 2 4915 1477 7951
2 2 5785 230 5427
2 2 1826 1704 4916
2 2 5786 559 9184
2 2 2315 2304 4918
2 2 1193 4759 5748
2 2 5280 1551 6452
2 2 1932 1930 5787
1 2 5788 768 5597
1 2 5444 1935 6598
2 2 1554 1552 5789
2 2 439 598 4919
2 2 1588 1590 5790
2 2 1590 3648 4921
2 2 5791 881 5615
2 2 5792 476 5743
2 2 5450 1938 5448
2 2 1936 5450 5448
2 2 5793 824 5752
2 2 379 3031 5073
2 2 827 4740 5735
1 2 5794 118 4922
1 2 118 3178 4923
1 2 5795 1952 4924
1 2 5246 1287 4926
1 2 692 1288 5796
1 2 1562 293 4928
1 2 101 1562 5797
1 2 4979 383 5182
1 2 1342 4979 5182
1 2 7280 5798 6384
2 2 5799 535 5229
2 2 5800 1293 4932
2 2 5190 397 9296
2 2 5801 509 5418
1 2 5802 667 5594
1 2 834 1611 4934
1 2 761 3935 4936
1 2 66 362 5794
1 2 1955 838 4937
1 2 5528 1954 4938
1 2 103 1955 5048
2 2 654 3846 4941
2 2 5532 340 8782
2 2 561 1706 5404
2 2 5803 409 5195
2 2 5804 319 5472
2 2 5805 701 5587
1 2 422 1098 5136
2 2 569 4827 5554
2 2 1218 944 4943
2 2 1233 2312 5806
2 2 5807 1218 4945
2 2 1480 2668 4946
2 2 773 2706 4947
2 2 2996 2920 4948
2 2 1306 4213 5166
2 2 5808 1988 5453
2 2 5455 1991 6619
2 2 1587 1585 5288
2 2 717 2741 5261
2 2 5006 601 5558
2 2 2338 5006 5558
2 2 574 2164 4950
2 2 2339 2102 4951
2 2 5458 2000 8124
2 2 5809 449 5336
1 2 5810 1596 5292
1 2 743 3062 5035
2 2 5094 934 8778
2 2 937 3559 5097
2 2 5811 584 5393
2 2 5812 333 5172
2 2 5425 230 9173
2 2 576 3013 5062
2 2 5813 660 5395
1 2 5814 692 5055
1 2 4956 483 9031
1 2 1505 1343 4957
1 2 5167 1324 7921
1 2 5527 228 5032
1 2 5032 744 7558
2 2 1603 4367 5296
2 2 240 950 5806
1 2 7104 7105 7103
1 2 5815 846 5512
1 2 5571 2505 8410
2 2 797 799 5816
2 2 5817 854 4960
1 2 5818 2018 8126
1 2 2020 1918 5464
2 2 1201 2867 5717
2 2 2511 2509 5819
2 2 994 992 5820
1 2 1562 1610 5821
1 2 108 2356 5822
2 2 1018 1016 5823
2 2 5824 1612 4962
2 2 5825 1019 4965
2 2 314 1020 5826
2 2 5827 2040 5468
2 2 5828 2043 5471
2 2 5829 2049 8165
1 2 1507 1443 4967
1 2 684 2695 4968
1 2 5830 1507 4969
2 2 5831 340 5534
2 2 1043 3575 5108
2 2 320 1482 4970
2 2 346 3156 4971
2 2 2352 2045 4972
1 2 5832 350 5516
2 2 5833 278 5718
2 2 5720 678 8480
2 2 1215 4753 5432
2 2 1045 3373 5114
2 2 361 2728 5784
2 2 5723 376 9043
2 2 5117 1050 8783
2 2 1619 4379 5306
1 2 858 3085 4973
1 2 4974 328 7821
1 2 1030 3598 4975
1 2 160 1980 5834
2 2 1625 1623 5308
2 2 5179 1341 5174
2 2 1339 5179 5174
2 2 1340 5179 5178
2 2 5835 364 5309
2 2 5836 364 5283
2 2 2547 1348 4976
2 2 5837 2546 4977
2 2 377 2547 5838
2 2 5839 204 5481
1 2 382 2066 4980
1 2 5840 383 4981
1 2 1344 1342 5841
2 2 5842 1347 5186
2 2 5843 366 5158
2 2 2552 1290 4982
2 2 5844 2551 4983
2 2 392 2552 5845
2 2 5846 1637 5312
2 2 5847 1569 5315
2 2 1639 1567 5317
2 2 1641 1573 5320
2 2 5848 1642 4986
2 2 1091 4103 5120
1 2 9291 5849 7971
1 2 1647 1645 5850
1 2 1098 1096 5851
1 2 427 4829 5267
1 2 5852 1650 5331
1 2 2361 4272 4988
1 2 5565 2361 4990
1 2 2066 1981 5476
2 2 5853 1637 5334
2 2 5809 448 9358
2 2 1663 1661 5339
2 2 1662 5339 5338
2 2 5537 244 9155
1 2 5854 461 5479
1 2 5855 427 5346
1 2 5345 1650 5343
1 2 1670 5345 5343
2 2 5205 1378 5203
2 2 1377 5205 5203
2 2 5856 371 5211
2 2 476 1312 5741
1 2 1680 1679 5857
2 2 5858 397 5192
1 2 5859 2572 4992
1 2 71 2573 5860
2 2 5861 398 5424
2 2 5862 831 5570
2 2 489 1261 5406
2 2 450 1663 5863
2 2 5864 716 5509
1 2 5865 2088 4995
1 2 470 2089 5866
2 2 205 2283 4998
2 2 2311 4690 4999
2 2 5210 1341 5209
2 2 1318 5210 5209
2 2 782 2234 5000
2 2 1128 3099 5867
2 2 5868 782 5002
2 2 2093 2091 5869
1 2 9045 8371 9044
1 2 383 5840 5143
2 2 398 1630 5422
2 2 1393 3434 5217
2 2 5870 415 5198
2 2 148 1581 5871
1 2 5353 1683 5351
1 2 1681 5353 5351
1 2 5484 2096 6665
1 2 1398 4287 5223
1 2 1400 4290 5226
2 2 5872 1548 5357
2 2 5487 2102 8185
2 2 2105 2103 5873
2 2 5874 1410 5228
2 2 5801 541 7310
2 2 94 1749 5417
1 2 5875 545 5232
1 2 1156 4134 5126
1 2 5493 2106 8190
1 2 5361 1701 6545
1 2 1700 5361 5360
1 2 1415 4296 5235
2 2 5876 20 5542
2 2 5877 1959 5497
2 2 132 2378 5878
2 2 5879 38 5547
2 2 518 1962 5530
2 2 563 1844 5878
2 2 44 2163 5004
2 2 2162 1990 5005
2 2 5880 1587 5365
2 2 5881 1721 5367
2 2 1729 1727 5882
2 2 5883 1731 5373
2 2 1734 1732 5884
2 2 5381 1737 5379
2 2 1735 5381 5379
2 2 3044 2604 5008
2 2 602 2338 5885
2 2 5886 603 5459
2 2 601 3003 5556
2 2 614 3557 5010
2 2 616 3097 5011
2 2 2607 2605 5887
2 2 5387 1731 5385
2 2 1741 5387 5385
2 2 591 1419 5272
2 2 5888 1737 5390
2 2 1433 1431 5239
2 2 1432 5239 5238
1 2 5889 504 5220
1 2 5499 2159 6683
2 2 555 1837 5890
2 2 5786 561 5544
2 2 2378 5786 5544
2 2 649 3554 5522
2 2 604 5522 5769
2 2 5891 619 5273
2 2 5892 92 5415
1 2 5893 2167 5503
2 2 552 2327 5894
2 2 5895 656 5727
2 2 5896 564 9318
2 2 5012 590 9169
2 2 163 1923 5013
2 2 2310 4637 5014
2 2 203 1751 5897
2 2 1757 1755 5394
2 2 178 1825 5898
1 2 2137 2165 5505
1 2 5899 115 5352
2 2 395 1435 5900
1 2 5901 646 5445
2 2 5902 879 5023
2 2 5903 200 5449
2 2 604 5903 5523
2 2 531 1690 5411
2 2 653 616 5024
2 2 5785 620 9183
2 2 1860 1599 5026
2 2 5904 31 5243
2 2 5905 125 5163
1 2 5733 667 7919
1 2 5047 668 5151
1 2 5151 1278 7735
2 2 673 1932 5520
2 2 5906 674 5441
2 2 119 679 5719
1 2 5907 687 5572
1 2 5053 692 5796
1 2 1287 5053 5796
2 2 2630 2628 5908
2 2 1763 1761 5909
2 2 5910 121 5521
2 2 5911 2633 5586
1 2 721 3006 5080
1 2 728 1857 5028
1 2 5029 730 7519
1 2 5030 228 6918
1 2 742 3062 5031
1 2 5033 742 6108
1 2 5034 227 6914
1 2 759 1865 5037
2 2 5912 1452 5655
1 2 778 2726 5731
1 2 5730 777 9136
2 2 5868 379 5075
2 2 783 5868 5075
2 2 5913 1784 5688
2 2 5914 1455 5664
2 2 5915 2673 5589
2 2 2672 5915 5593
2 2 794 3036 5042
2 2 796 3669 5043
2 2 465 2985 5816
2 2 5916 1458 5670
1 2 5860 2572 5045
1 2 486 2680 5859
1 2 5551 681 7935
2 2 121 1817 5051
2 2 1870 2037 5052
1 2 5596 2686 8472
2 2 824 2223 5750
2 2 825 3601 5074
1 2 250 2216 5054
1 2 2344 5814 5055
2 2 5568 831 5281
2 2 1550 5568 5281
2 2 699 2180 5056
2 2 136 2286 5057
2 2 2370 4680 5058
2 2 700 1766 5423
2 2 1900 5423 5436
1 2 1679 3549 5059
1 2 5917 2480 5060
1 2 5347 1679 5061
2 2 711 2708 5063
2 2 2213 2211 5508
1 2 846 3098 5079
1 2 5918 2715 5600
1 2 1858 3544 5064
1 2 5810 1595 5065
1 2 5919 1858 5066
1 2 5920 851 5577
1 2 851 4542 5728
1 2 2216 2214 5511
2 2 466 3100 5921
1 2 5922 2218 5514
2 2 864 2343 5867
2 2 1828 1551 5067
2 2 5862 694 9227
2 2 5923 1828 5069
2 2 1311 4317 5777
2 2 5924 194 5778
2 2 2223 824 5070
2 2 5925 2222 5071
2 2 9047 9048 9046
2 2 797 5816 5751
1 2 5927 25 5515
1 2 2228 838 5076
1 2 5928 2227 5077
1 2 2739 2737 5929
1 2 1901 3511 5744
2 2 464 2070 5817
2 2 854 5817 5538
1 2 1622 2727 5082
1 2 5930 793 5591
2 2 2010 864 5083
2 2 5931 2233 5084
2 2 877 2010 5932
2 2 901 3948 5087
2 2 5933 123 5088
2 2 921 3011 5090
2 2 923 3633 5091
2 2 235 3551 5093
2 2 5 3624 5096
2 2 243 2843 5773
2 2 243 3338 5738
2 2 63 3991 5409
2 2 1242 993 5934
2 2 1016 3623 5101
2 2 315 2846 5825
2 2 1019 1614 5826
2 2 5545 38 5104
2 2 1246 1021 5148
2 2 5107 170 8275
2 2 1044 3373 5110
2 2 1046 4632 5111
2 2 1044 1525 5112
2 2 34 4801 5113
2 2 30 3620 5116
2 2 1090 1644 5118
2 2 1222 1091 5935
1 2 1096 3096 5121
1 2 5144 1131 8583
1 2 1155 2592 5124
1 2 540 1156 5936
2 2 5608 2807 5606
2 2 2805 5608 5606
2 2 1164 3595 5128
2 2 1166 3043 5129
2 2 5611 2816 6853
2 2 5937 878 7060
2 2 879 3025 5130
2 2 61 3166 5131
2 2 2818 2605 5614
2 2 278 978 5716
1 2 299 1002 5560
1 2 486 2574 5938
2 2 1042 3371 5771
2 2 123 1654 5133
2 2 1843 3226 5134
2 2 1215 1636 5933
2 2 1217 1970 5533
2 2 5807 135 9330
1 2 5135 424 6165
1 2 1221 3034 5137
2 2 5939 133 5531
2 2 5940 164 5454
2 2 5713 129 6612
2 2 5941 1236 9422
2 2 1817 1815 5942
2 2 358 1746 5138
2 2 5891 1044 5139
1 2 5943 350 5287
2 2 1257 2276 5140
2 2 339 2051 5141
2 2 5944 1257 5142
1 2 5524 250 9269
1 2 5936 538 7121
2 2 1225 4761 5548
2 2 5747 246 8003
1 2 5145 1199 9423
1 2 351 1698 5146
1 2 5945 1199 5147
2 2 5879 565 9182
2 2 2334 1986 5150
2 2 5934 15 8309
1 2 668 3863 5152
1 2 1281 1283 5224
1 2 1488 1289 5946
2 2 1290 4207 5157
2 2 396 1349 5800
2 2 5202 395 5159
2 2 1434 1295 5900
2 2 415 1300 5196
2 2 1302 1304 5947
2 2 125 1337 5161
2 2 1305 4213 5162
2 2 1305 1338 5164
2 2 5165 29 8698
2 2 194 1312 5776
2 2 206 4222 5208
1 2 1373 1324 5948
2 2 1331 3573 5171
2 2 1334 1336 5257
2 2 371 3629 5173
2 2 1339 4672 5176
2 2 1502 1340 5949
2 2 5950 206 5180
1 2 383 4957 5183
2 2 5951 26 5187
2 2 26 1623 5188
2 2 1348 4243 5189
2 2 1293 4246 5191
2 2 5193 409 6606
2 2 1354 4251 5194
2 2 5540 20 9290
2 2 1357 1359 5254
2 2 1299 4257 5197
1 2 1362 4260 5200
1 2 1364 1695 5201
1 2 5952 1371 5477
2 2 5953 395 5204
2 2 1360 4210 5206
2 2 414 2565 5207
2 2 5212 127 8380
2 2 1392 3434 5213
2 2 5214 1394 7660
2 2 5215 1392 9131
2 2 5954 1494 9101
1 2 1396 3590 5268
1 2 5218 504 5354
1 2 1397 4287 5219
1 2 1397 2096 5221
1 2 639 1398 5955
1 2 638 1400 5956
1 2 5230 545 5494
1 2 1414 4296 5231
1 2 1414 1701 5233
1 2 1492 1415 5957
2 2 5620 2879 5618
2 2 2877 5620 5618
2 2 5626 2887 5624
2 2 2885 5626 5624
2 2 5632 2890 5630
2 2 2888 5632 5630
2 2 5236 1431 7561
2 2 1528 1433 5958
2 2 656 2478 5245
2 2 5638 2896 5636
2 2 2894 5638 5636
2 2 5644 2899 5642
2 2 2897 5644 5642
2 2 5959 2902 5648
2 2 2901 5959 5652
2 2 5960 2908 5657
2 2 2907 5960 5661
2 2 5961 2911 5663
2 2 2910 5961 5667
2 2 5962 3442 6960
2 2 5963 194 5262
1 2 1473 2723 5734
1 2 1682 5218 5354
2 2 1476 2564 5726
1 2 5964 1287 5247
1 2 1487 2738 5248
1 2 1288 3869 5249
2 2 366 1544 5250
2 2 1823 2553 5251
2 2 5965 1861 7189
2 2 5966 1434 5253
1 2 2112 5230 5494
2 2 804 2391 5967
2 2 5803 1357 5256
2 2 1304 3642 5259
2 2 5954 129 5715
2 2 2977 5954 5715
2 2 1309 4420 5951
2 2 5968 591 5382
2 2 194 3002 5260
2 2 1461 2915 5742
2 2 5969 196 5770
2 2 1502 4822 5950
1 2 5830 267 6684
2 2 5263 1512 7652
2 2 5970 1827 9109
2 2 5870 1512 5265
1 2 425 1648 5266
1 2 76 2150 5269
1 2 2377 3223 5270
1 2 1371 4266 5566
1 2 2296 2274 5518
2 2 1476 1435 5953
1 2 5955 503 7167
1 2 5956 506 9142
2 2 92 1522 5413
2 2 5271 619 9122
1 2 5971 268 9344
1 2 690 4802 5946
2 2 2161 1490 5274
2 2 5972 2007 5275
2 2 5973 511 8236
2 2 5974 6 5469
2 2 480 3586 5958
1 2 5975 1427 5631
1 2 5976 1451 5643
1 2 5977 1452 5650
1 2 5978 1455 5659
1 2 5979 1458 5755
2 2 1540 1542 5294
2 2 1540 1597 5277
2 2 116 3265 5278
2 2 1547 514 5980
2 2 831 5067 5282
2 2 1829 1553 5835
1 2 9133 5832 7581
1 2 1561 4128 5797
2 2 1568 401 5981
2 2 1580 489 5982
2 2 584 1586 5366
2 2 5983 583 5289
2 2 189 3256 5790
1 2 223 3889 5291
1 2 5984 223 5293
2 2 5295 94 8521
1 2 291 4934 5298
2 2 313 1678 5824
2 2 1612 1641 5300
2 2 1821 1613 5985
2 2 1613 3504 5302
2 2 314 5826 5303
2 2 5304 1618 7116
2 2 339 2278 5305
1 2 1610 4850 5307
2 2 5986 1822 6092
2 2 5987 28 5318
2 2 123 5933 5311
2 2 1654 123 5853
2 2 1568 402 5846
2 2 5782 400 7185
2 2 1651 1639 5988
2 2 5989 138 5321
2 2 138 5300 5322
2 2 5848 412 6609
2 2 1642 3241 5323
2 2 5876 554 9154
2 2 1643 2169 5325
2 2 413 5118 5326
1 2 5327 1645 7534
1 2 5857 1646 5328
1 2 5850 1646 5348
1 2 427 5266 5330
1 2 1649 154 5852
2 2 28 4778 5988
2 2 402 1652 5333
2 2 1879 1662 5990
2 2 5991 63 5340
2 2 5992 2937 6889
1 2 154 2842 5342
1 2 504 3197 5355
2 2 514 1730 5356
2 2 177 1685 5372
1 2 5993 625 9188
1 2 1700 3262 5362
1 2 551 5233 5363
2 2 583 4340 5364
2 2 1685 177 5881
2 2 1727 1726 5369
2 2 1730 588 5883
2 2 1732 1729 5375
2 2 178 2615 5378
2 2 1744 178 5888
2 2 5994 617 7550
2 2 5391 177 5388
2 2 591 5271 5389
2 2 1750 3047 5897
2 2 1755 1757 5989
2 2 660 3143 5396
2 2 1899 1762 5995
2 2 1765 406 5996
2 2 5677 2943 5675
2 2 2941 5677 5675
2 2 5683 2946 5681
2 2 2944 5683 5681
2 2 5997 3473 6995
2 2 5998 2954 5687
2 2 2953 5998 5691
2 2 5695 2957 5693
2 2 2955 5695 5693
2 2 2960 2958 5701
2 2 2959 5701 5700
2 2 5999 2963 5705
2 2 1636 1816 6000
2 2 1816 1215 5942
2 2 138 1757 5985
2 2 5970 487 9342
2 2 1827 5970 5569
2 2 53 1552 5722
2 2 6001 531 5488
2 2 53 2730 6002
2 2 1838 1712 5405
1 2 5563 419 7532
2 2 1849 4638 5983
2 2 90 1593 5923
1 2 1859 2300 5984
2 2 31 1713 5965
2 2 1870 5051 5433
2 2 5836 53 7169
2 2 1879 4760 5991
2 2 5529 133 9161
2 2 1891 1991 5412
2 2 5416 509 7661
1 2 5993 115 7696
2 2 5419 126 9162
2 2 1837 2477 5421
2 2 98 2511 5995
1 2 5919 222 5601
1 2 2715 5919 5601
2 2 1844 2597 5430
1 2 1869 1783 5431
1 2 6003 1778 5682
2 2 406 4679 5435
2 2 6004 2974 5708
2 2 2973 6004 5712
1 2 1768 2939 5745
1 2 6005 1784 5758
1 2 6006 1797 5702
1 2 1918 2020 5438
1 2 263 3263 5439
2 2 164 1922 5452
2 2 1922 1225 6007
2 2 6008 1931 5442
1 2 6009 631 9194
2 2 200 4686 5447
1 2 6010 1952 5795
2 2 1958 552 6011
2 2 6012 574 5456
2 2 574 5412 5457
2 2 6013 1428 7981
2 2 2007 2009 5973
2 2 202 2008 5972
1 2 770 2017 6014
1 2 2019 2147 5465
1 2 630 2279 5466
1 2 2029 2031 5506
2 2 1503 2048 5812
2 2 2070 2072 5539
1 2 241 2301 5865
1 2 2088 4347 5866
1 2 1213 2090 6015
2 2 2373 2092 6016
1 2 2095 2153 5485
1 2 503 5221 5486
2 2 531 4951 5489
2 2 5490 2103 6231
2 2 1855 2104 6017
1 2 545 2107 5495
2 2 552 1965 5496
1 2 627 2138 5507
1 2 1507 2159 6018
2 2 2162 2164 6012
1 2 306 2029 5502
1 2 5504 2167 7699
2 2 718 2213 6019
1 2 2214 2216 5526
1 2 103 4131 5928
1 2 1055 2228 6020
2 2 5761 3536 8715
1 2 1376 2296 6021
2 2 2310 5013 5549
2 2 201 3616 5902
1 2 350 3027 6020
1 2 360 3198 6022
1 2 2344 5054 5559
1 2 2362 4980 5567
2 2 2340 2002 5536
2 2 204 4696 6016
2 2 716 3002 6019
1 2 1374 4275 6021
1 2 5553 2314 7480
2 2 2379 2120 5555
1 2 2356 2172 5562
1 2 2413 2505 6023
2 2 1208 2510 6024
2 2 363 4675 5837
2 2 88 3807 5844
2 2 2551 2986 5845
2 2 2605 2818 5579
2 2 54 2608 5580
2 2 1832 2629 6025
1 2 3071 2671 6026
2 2 6027 458 5590
2 2 793 4859 5592
1 2 770 2686 6028
2 2 2703 2661 5721
1 2 222 2719 5599
2 2 2728 2730 5724
2 2 2729 827 6029
1 2 2737 4802 5602
1 2 690 5248 5603
2 2 5605 613 5633
1 2 6030 613 5607
2 2 2806 4563 5609
1 2 3050 2807 6031
2 2 2815 4523 5612
1 2 3091 2816 6032
2 2 883 2818 6033
2 2 2883 2877 6034
1 2 6035 37 5619
2 2 2878 4575 5621
1 2 3109 2879 6036
2 2 6034 37 5698
2 2 5623 97 5645
1 2 6037 97 5625
2 2 5629 1427 5627
1 2 3111 2887 6038
2 2 2889 5605 5633
1 2 3112 2890 6039
2 2 5635 758 5684
1 2 6040 758 5637
2 2 5641 1451 5639
1 2 3089 2896 6041
2 2 2898 5623 5645
1 2 3113 2899 6042
1 2 3114 2900 6043
2 2 6044 146 5649
2 2 3064 2901 5912
1 2 3090 2903 6045
2 2 2903 4838 5654
1 2 3116 2906 6046
2 2 6047 785 5658
2 2 3069 2907 5914
1 2 3117 2909 6048
1 2 6049 146 5665
2 2 3115 2910 6044
1 2 6050 3118 9516
2 2 5669 2912 9284
1 2 6051 458 5671
2 2 3072 2936 6027
2 2 5674 287 6992
1 2 6052 287 5676
2 2 5680 1778 5678
1 2 3126 2943 6053
2 2 2945 5635 5684
1 2 3127 2946 6054
1 2 3088 2952 6055
1 2 6056 785 5689
2 2 3033 2953 6047
2 2 5692 65 9450
1 2 6057 65 5694
2 2 2956 4398 5696
1 2 3128 2957 6058
2 2 2958 6034 5698
1 2 3129 2959 6059
2 2 5703 1797 8955
1 2 3130 2961 6060
2 2 6061 512 5706
1 2 3049 2972 6062
2 2 2974 4860 5709
1 2 6063 512 5710
2 2 3076 2973 6061
2 2 881 2742 6033
1 2 6064 458 6051
1 2 6065 512 6063
1 2 6066 613 6030
1 2 6067 785 6056
1 2 6068 758 6040
2 2 3107 2844 5740
1 2 6069 37 6035
1 2 6070 97 6037
1 2 6071 146 6049
1 2 3121 3129 6069
1 2 3122 3113 6070
1 2 3123 3114 6071
1 2 97 6070 6042
1 2 146 6071 6043
1 2 6072 287 6052
1 2 6073 65 6057
1 2 3131 3652 6072
1 2 3132 4865 6073
1 2 37 6069 6059
2 2 3014 2495 5749
2 2 196 3003 5768
1 2 3136 3071 6064
1 2 3137 3130 6065
1 2 3138 3112 6066
1 2 458 6064 6026
2 2 3100 2801 5754
1 2 3139 3116 6067
1 2 3134 3127 6068
1 2 613 6066 6039
1 2 785 6067 6046
1 2 758 6068 6054
1 2 512 6065 6060
2 2 3165 3167 5764
1 2 3198 3200 5767
2 2 3268 3270 5772
2 2 3074 3441 5916
2 2 3068 3472 5913
1 2 3671 3536 6074
2 2 3615 3339 5775
1 2 3672 3671 6075
2 2 4723 4539 5779
1 2 1279 666 5780
1 2 1279 5780 5153
1 2 5781 1919 9323
1 2 1919 5781 5440
2 2 1815 5782 5400
2 2 1923 1921 6007
1 2 629 1439 5783
1 2 2158 5783 5500
2 2 361 5784 4914
2 2 1825 5785 5427
2 2 1548 1546 5980
2 2 561 5786 4917
2 2 1931 672 5787
2 2 1931 5787 5443
1 2 2506 3065 5788
1 2 2685 5788 5597
2 2 1553 375 5789
2 2 1553 5789 5285
2 2 189 5790 4920
2 2 1171 3939 5791
2 2 2817 5791 5615
2 2 444 2578 5792
2 2 3120 5792 5743
2 2 6076 377 5838
2 2 1147 2394 5793
2 2 2985 5793 5752
1 2 1952 5794 4922
1 2 3177 5795 4924
1 2 5907 688 8257
1 2 1289 5246 4926
1 2 1287 5796 4927
1 2 1561 5797 4930
1 2 5798 1200 7281
1 2 1200 5798 5525
2 2 1152 1406 5799
2 2 1410 5799 5229
2 2 1295 5800 4932
2 2 1293 5190 4933
2 2 1894 5801 5418
2 2 696 1763 6025
2 2 288 994 6024
1 2 1150 4793 5802
1 2 2680 5802 5594
1 2 5875 546 9326
1 2 551 3261 5957
1 2 9317 6010 8103
1 2 1956 5528 4938
1 2 1954 5048 4939
2 2 1569 1567 5981
2 2 1959 1957 6011
2 2 1356 5803 5195
2 2 2044 2039 5804
2 2 2043 5804 5472
2 2 1496 1447 5805
2 2 2633 5805 5587
2 2 413 2168 5935
2 2 240 5806 4944
2 2 2312 5807 4945
2 2 1581 1579 5982
1 2 2481 2479 5917
2 2 1987 589 5808
2 2 1921 5808 5453
2 2 604 3003 5886
2 2 1661 5809 5336
2 2 370 4692 5949
1 2 1594 5810 5292
2 2 908 4713 5811
2 2 1751 5811 5393
2 2 1333 5812 5172
2 2 5813 593 9196
2 2 1756 5813 5395
1 2 4953 218 7105
1 2 928 3098 5815
1 2 2215 5815 5512
2 2 465 5816 4959
2 2 799 5817 4960
1 2 2017 855 5818
1 2 2017 5818 5463
1 2 644 1438 6018
2 2 2510 290 5819
2 2 2510 5819 5576
2 2 993 289 5820
2 2 993 5820 5100
1 2 1611 293 5821
1 2 1611 5821 5299
1 2 1210 2325 5822
1 2 1210 5822 5561
2 2 1017 308 5823
2 2 1017 5823 5103
2 2 1614 5824 4962
2 2 1021 5825 4965
2 2 1019 5826 4966
2 2 2039 321 5827
2 2 2038 5827 5468
2 2 2042 320 5828
2 2 2041 5828 5471
2 2 2048 335 5829
2 2 2048 5829 5475
1 2 2387 5830 4969
2 2 9050 9051 9049
2 2 2331 5831 5534
1 2 5516 2227 7582
2 2 5833 1481 6439
2 2 3016 5833 5718
1 2 5834 359 7535
1 2 359 5834 5765
2 2 1624 5835 5309
2 2 1552 5836 5283
2 2 2548 5837 4977
2 2 2546 5838 4978
2 2 825 2297 5839
2 2 2091 5839 5481
1 2 4981 2362 8372
1 2 1343 251 5841
1 2 1343 5841 5184
2 2 1346 394 5842
2 2 1345 5842 5186
2 2 1065 1626 5843
2 2 1292 5843 5158
2 2 2553 5844 4983
2 2 2551 5845 4984
2 2 396 1295 5966
2 2 1636 5846 5312
2 2 1628 367 5847
2 2 1638 5847 5315
2 2 411 2284 5967
2 2 1644 5848 4986
2 2 418 840 5871
1 2 5849 421 9292
1 2 421 5849 5564
1 2 1646 5850 5329
1 2 1097 423 5851
1 2 1097 5851 5123
1 2 1648 5852 5331
1 2 1372 4269 5952
1 2 2295 5565 4990
2 2 1653 5853 5334
2 2 449 5809 5535
1 2 1264 1119 5854
1 2 2089 5854 5479
1 2 1375 4829 5855
1 2 1671 5855 5346
2 2 449 4690 5990
2 2 1515 3105 5856
2 2 1388 5856 5211
2 2 378 1070 5944
1 2 1646 5857 5349
2 2 5858 1511 9289
2 2 1350 5858 5192
1 2 2574 5859 4992
1 2 2572 5860 4993
2 2 5861 1351 7967
2 2 1900 5861 5424
2 2 2371 5862 5570
1 2 5945 430 7923
2 2 963 3622 5863
2 2 963 5863 5410
2 2 795 2643 5864
2 2 2212 5864 5509
1 2 2090 5865 4995
1 2 2088 5866 4996
2 2 864 5867 5001
2 2 3099 5868 5002
2 2 2092 623 5869
2 2 2092 5869 5483
2 2 1361 5870 5198
2 2 418 5871 5407
2 2 1685 515 5872
2 2 1684 5872 5357
2 2 2104 530 5873
2 2 2104 5873 5492
2 2 1409 536 5874
2 2 1408 5874 5228
2 2 509 5801 5414
1 2 1416 5875 5232
2 2 2327 5876 5542
2 2 2114 553 5877
2 2 2113 5877 5497
2 2 5904 557 6466
2 2 563 5878 5543
2 2 2329 5879 5547
2 2 132 5878 5429
2 2 571 1576 5905
2 2 1686 515 5880
2 2 1720 5880 5365
2 2 1585 5881 5367
2 2 1728 176 5882
2 2 1728 5882 5371
2 2 1684 5883 5373
2 2 1733 587 5884
2 2 1733 5884 5377
2 2 196 1391 5885
2 2 196 5885 5557
2 2 1999 5886 5459
2 2 2606 618 5887
2 2 2606 5887 5581
2 2 1743 5888 5390
1 2 5899 634 8145
1 2 1521 3195 5889
1 2 1399 5889 5220
2 2 553 1927 5890
2 2 553 5890 5420
1 2 646 1326 6009
2 2 1525 5891 5273
2 2 5892 636 6235
2 2 1836 5892 5415
1 2 5893 2166 7521
1 2 2165 5893 5503
2 2 1354 1963 5894
2 2 1354 5894 5541
2 2 1222 2476 5895
2 2 3038 5895 5727
2 2 1245 1972 5896
2 2 1245 5896 5546
2 2 1750 5897 5017
2 2 5898 663 6122
2 2 663 5898 5426
1 2 1683 5899 5352
2 2 1434 5900 5020
1 2 812 4904 6062
1 2 1508 1327 5901
1 2 1934 5901 5445
2 2 1937 5902 5023
2 2 604 1999 5903
2 2 1938 5903 5449
2 2 230 5785 5025
1 2 1163 4910 6031
2 2 1436 5904 5243
2 2 1307 5905 5163
2 2 603 2602 6013
2 2 2181 2180 6008
2 2 310 2053 5906
2 2 1930 5906 5441
1 2 2504 5907 5572
1 2 250 5053 5964
2 2 2629 698 5908
2 2 2629 5908 5584
2 2 1762 697 5909
2 2 1762 5909 5399
2 2 700 1630 5910
2 2 2316 5910 5521
2 2 1766 1764 5996
2 2 2632 702 5911
2 2 2631 5911 5586
2 2 718 3002 5924
2 2 2905 5912 5655
1 2 6014 25 8473
1 2 778 5730 5039
2 2 2954 5913 5688
2 2 2911 5914 5664
2 2 2672 1881 5915
2 2 2671 5915 5589
2 2 2914 5916 5670
1 2 2681 5860 5045
1 2 2572 5859 5046
1 2 687 3055 6023
1 2 691 4744 5948
1 2 841 5917 5060
1 2 2480 5347 5061
1 2 2714 847 5918
1 2 2713 5918 5600
1 2 850 5810 5065
1 2 1595 5919 5066
1 2 735 4648 5920
1 2 2573 5920 5577
2 2 854 2085 5921
2 2 854 5921 5753
1 2 2217 828 5922
1 2 2016 5922 5514
2 2 831 5862 5068
2 2 2388 5923 5069
2 2 2730 2728 6029
2 2 4745 5924 5778
2 2 2224 5925 5071
2 2 2222 5926 5072
1 2 688 2504 5927
1 2 2218 5927 5515
1 2 1955 5928 5077
1 2 2738 837 5929
1 2 2738 5929 5604
1 2 1904 3088 6077
1 2 1531 3089 6078
1 2 1532 3090 6079
1 2 1184 4911 6032
1 2 3071 4903 5930
1 2 2671 5930 5591
2 2 5084 2234 8296
2 2 2233 5932 5085
1 2 898 900 5938
2 2 903 5933 5088
2 2 15 5934 5099
2 2 1020 5545 5104
2 2 38 5148 5105
1 2 1056 3027 5943
2 2 413 5935 5119
1 2 538 5936 5125
2 2 953 2533 5937
2 2 953 5937 5774
1 2 898 5938 5729
2 2 5939 1047 7823
2 2 2330 5939 5531
2 2 911 3556 5940
2 2 1988 5940 5454
2 2 959 3621 5941
2 2 959 5941 5739
1 2 461 1118 6015
2 2 1816 5942 5402
2 2 1834 5891 5139
1 2 1563 5943 5287
2 2 2050 5944 5142
2 2 588 1172 5994
1 2 1868 5945 5147
2 2 38 5879 5149
1 2 690 5946 5155
2 2 1294 5202 5159
2 2 395 5900 5160
2 2 51 4636 5947
2 2 51 5947 5258
1 2 691 5948 5169
2 2 370 5949 5177
2 2 1340 5950 5180
2 2 1347 5951 5187
1 2 2065 5952 5477
2 2 1378 5953 5204
2 2 1389 1391 5969
2 2 129 5954 5216
1 2 503 5955 5222
1 2 506 5956 5225
1 2 551 5957 5234
2 2 1417 1419 5968
2 2 480 5958 5241
2 2 2901 1454 5959
2 2 2900 5959 5648
2 2 2907 1457 5960
2 2 2906 5960 5657
2 2 2910 1456 5961
2 2 2909 5961 5663
2 2 3441 1460 5962
2 2 3441 5962 5757
2 2 1461 1312 5963
2 2 1462 5963 5262
1 2 1323 5964 5247
2 2 31 5965 5252
2 2 2366 5966 5253
2 2 411 5967 5255
2 2 2391 5803 5256
2 2 1736 5968 5382
2 2 3554 5969 5770
2 2 487 5970 5264
2 2 2995 5870 5265
1 2 1422 4912 6036
1 2 1527 3111 6080
1 2 1508 1934 5971
1 2 1508 5971 5552
1 2 1534 3117 6081
1 2 1535 3118 6082
2 2 1940 5972 5275
2 2 2007 5973 5276
2 2 1524 1409 5974
2 2 2040 5974 5469
1 2 6080 1427 5975
1 2 2890 5975 5631
1 2 6078 1451 5976
1 2 2899 5976 5643
1 2 6079 1452 5977
1 2 2900 5977 5650
1 2 6081 1455 5978
1 2 2906 5978 5659
1 2 6082 1458 5979
1 2 3440 5979 5755
2 2 1548 5980 5358
2 2 364 5835 5284
1 2 350 5832 5286
2 2 1569 5981 5316
2 2 1581 5982 5408
2 2 1586 5983 5289
1 2 1596 5984 5293
2 2 138 5985 5301
2 2 364 5986 5310
2 2 1626 4082 5987
2 2 1627 5987 5318
2 2 1637 5853 5313
2 2 401 1568 6000
2 2 1637 5846 5335
2 2 401 5782 5314
2 2 28 5988 5319
2 2 1640 5989 5321
2 2 20 5876 5324
1 2 420 5857 5328
1 2 151 5850 5348
1 2 1650 5852 5344
2 2 449 5990 5337
2 2 1662 5991 5340
2 2 2936 1668 5992
2 2 2936 5992 5673
2 2 1672 1674 6002
2 2 1688 1690 6001
1 2 115 5993 5359
2 2 1721 5881 5392
2 2 1731 5883 5386
2 2 1737 5888 5380
2 2 588 5994 5384
2 2 1742 5391 5388
2 2 98 5995 5398
2 2 1766 5996 5437
2 2 3472 1786 5997
2 2 3472 5997 5760
2 2 2953 1785 5998
2 2 2952 5998 5687
2 2 2962 1804 5999
2 2 2961 5999 5705
2 2 401 6000 5401
2 2 1817 5942 5434
2 2 2101 6001 5488
2 2 1672 6002 5736
2 2 6017 185 9392
1 2 1872 3126 6083
2 2 364 5836 5986
1 2 1905 3128 6084
1 2 6083 1778 6003
1 2 2946 6003 5682
2 2 2973 1888 6004
2 2 2972 6004 5708
1 2 6077 1784 6005
1 2 3471 6005 5758
1 2 6085 1797 6006
1 2 2959 6006 5702
2 2 1923 6007 5550
2 2 674 6008 5442
1 2 646 6009 5446
1 2 5795 120 8104
2 2 1959 6011 5498
1 2 9053 9054 9052
2 2 1990 6012 5456
2 2 603 6013 5460
1 2 25 6014 5462
2 2 333 5812 5474
1 2 461 6015 5480
2 2 204 6016 5482
2 2 185 6017 5491
1 2 644 6018 5501
2 2 716 6019 5510
1 2 350 6020 5517
1 2 1374 6021 5519
1 2 1980 6022 5766
1 2 768 2195 6028
1 2 687 6023 5573
2 2 288 6024 5575
2 2 696 6025 5583
1 2 458 6026 5588
2 2 2673 6027 5590
1 2 768 6028 5598
2 2 2730 6029 5737
1 2 2807 6030 5607
1 2 1163 6031 5610
1 2 1184 6032 5613
2 2 881 6033 5616
2 2 37 6034 5617
1 2 2879 6035 5619
1 2 1422 6036 5622
1 2 2887 6037 5625
2 2 2886 5629 5627
1 2 1427 6038 5628
1 2 613 6039 5634
1 2 2896 6040 5637
2 2 2895 5641 5639
1 2 1451 6041 5640
1 2 97 6042 5646
1 2 146 6043 5647
2 2 2902 6044 5649
2 2 1452 5912 5651
1 2 1452 6045 5653
1 2 785 6046 5656
2 2 2908 6047 5658
2 2 1455 5914 5660
1 2 1455 6048 5662
1 2 2909 6049 5665
2 2 146 6044 5666
1 2 1458 6050 5668
1 2 2935 6051 5671
2 2 458 6027 5672
1 2 2943 6052 5676
2 2 2942 5680 5678
1 2 1778 6053 5679
1 2 758 6054 5685
1 2 1784 6055 5686
1 2 2952 6056 5689
2 2 785 6047 5690
1 2 2957 6057 5694
1 2 1792 6058 5697
1 2 37 6059 5699
1 2 512 6060 5704
2 2 2963 6061 5706
1 2 812 6062 5707
1 2 2972 6063 5710
2 2 512 6061 5711
1 2 3041 6064 6051
1 2 3049 6065 6063
1 2 3050 6066 6030
1 2 3088 6067 6056
1 2 3089 6068 6040
1 2 3109 6069 6035
1 2 3111 6070 6037
1 2 3117 6071 6049
1 2 3126 6072 6052
1 2 3128 6073 6057
2 2 1458 5916 5756
2 2 1784 5913 5759
1 2 13 6074 5763
1 2 13 6075 6074
2 2 1068 1066 6076
2 2 2546 6076 5838
1 2 1980 1978 6086
1 2 1784 6077 6055
1 2 1451 6078 6041
1 2 1452 6079 6045
1 2 1907 4750 6085
1 2 1427 6080 6038
1 2 1455 6081 6048
1 2 1458 6082 6050
1 2 3112 6080 5975
1 2 3113 6078 5976
1 2 3114 6079 5977
1 2 3116 6081 5978
1 2 3646 6082 5979
1 2 1778 6083 6053
1 2 6084 1792 9315
1 2 1792 6084 6058
1 2 3127 6083 6003
1 2 3653 6077 6005
1 2 3129 6085 6006
1 2 1980 6086 6022
2 2 878 6087 6089
2 2 6087 879 6088
2 2 6089 6088 3616
2 2 1822 6090 6092
2 2 6090 363 6091
2 2 6092 6091 1625
2 2 1824 6093 6095
2 2 6093 454 6094
2 2 6095 6094 3233
2 2 523 6096 6098
2 2 6096 524 6097
2 2 6098 6097 1862
2 2 1197 6099 6101
2 2 6099 648 6100
2 2 6101 6100 2983
1 2 2838 6102 6104
1 2 6102 829 6103
1 2 6104 6103 3078
2 2 1134 6105 6107
2 2 6105 271 6106
2 2 6107 6106 3040
1 2 920 6108 6110
1 2 6108 742 6109
1 2 6110 6109 2993
2 2 2035 6111 6113
2 2 6111 1214 6112
2 2 6113 6112 2830
1 2 1982 6114 6116
1 2 6114 1983 6115
1 2 6116 6115 1981
1 2 2483 6117 6119
1 2 6117 2484 6118
1 2 6119 6118 2482
2 2 663 6120 6122
2 2 6120 585 6121
2 2 6122 6121 2613
2 2 1556 6123 6125
2 2 6123 214 6124
2 2 6125 6124 2464
2 2 1861 6126 6128
2 2 6126 570 6127
2 2 6128 6127 2341
1 2 2492 6129 6131
1 2 6129 2493 6130
1 2 6131 6130 2491
1 2 919 6132 6134
1 2 6132 1229 6133
1 2 6134 6133 2839
1 2 2027 6135 6137
1 2 6135 2028 6136
1 2 6137 6136 1933
2 2 1241 6138 6140
2 2 6138 284 6139
2 2 6140 6139 3052
2 2 1037 6141 6143
2 2 6141 1038 6142
2 2 6143 6142 2782
2 2 888 6144 6146
2 2 6144 658 6145
2 2 6146 6145 1177
1 2 1034 6147 6149
1 2 6147 1249 6148
1 2 6149 6148 2848
2 2 2976 6150 6152
2 2 6150 317 6151
2 2 6152 6151 2832
1 2 3029 6153 6155
1 2 6153 540 6154
1 2 6155 6154 3023
2 2 1628 6156 6158
2 2 6156 1629 6157
2 2 6158 6157 1543
1 2 1103 6159 6161
1 2 6159 384 6160
1 2 6161 6160 2567
2 2 1634 6162 6164
2 2 6162 1635 6163
2 2 6164 6163 1633
1 2 2566 6165 6167
1 2 6165 424 6166
1 2 6167 6166 4707
1 2 2561 6168 6170
1 2 6168 2562 6169
1 2 6170 6169 2560
2 2 1381 6171 6173
2 2 6171 450 6172
2 2 6173 6172 4686
2 2 1353 6174 6176
2 2 6174 455 6175
2 2 6176 6175 2570
2 2 1665 6177 6179
2 2 6177 1666 6178
2 2 6179 6178 1664
2 2 323 6180 6182
2 2 6180 469 6181
2 2 6182 6181 860
2 2 1087 6183 6185
2 2 6183 368 6184
2 2 6185 6184 4630
1 2 2567 6186 6188
1 2 6186 2568 6187
1 2 6188 6187 2566
1 2 1117 6189 6191
1 2 6189 1263 6190
1 2 6191 6190 3516
2 2 1852 6192 6194
2 2 6192 404 6193
2 2 6194 6193 3051
1 2 256 6195 6197
1 2 6195 253 6196
1 2 6197 6196 496
1 2 497 6198 6200
1 2 6198 499 6199
1 2 6200 6199 872
1 2 2584 6201 6203
1 2 6201 2561 6202
1 2 6203 6202 2446
2 2 2586 6204 6206
2 2 6204 2587 6205
2 2 6206 6205 2585
2 2 1686 6207 6209
2 2 6207 1687 6208
2 2 6209 6208 1546
2 2 524 6096 6211
2 2 6096 523 6210
2 2 6211 6210 3675
2 2 246 6212 6214
2 2 6212 525 6213
2 2 6214 6213 1862
2 2 1153 6215 6217
2 2 6215 1154 6216
2 2 6217 6216 1152
1 2 1698 6218 6220
1 2 6218 1699 6219
1 2 6220 6219 1697
1 2 2109 6221 6223
1 2 6221 1475 6222
1 2 6223 6222 2927
1 2 2593 6224 6226
1 2 6224 2594 6225
1 2 6226 6225 2592
2 2 2073 6227 6229
2 2 6227 2123 6228
2 2 6229 6228 1989
2 2 2132 6230 6232
2 2 6230 2133 6231
2 2 6232 6231 2103
2 2 636 6233 6235
2 2 6233 523 6234
2 2 6235 6234 3235
2 2 1746 6236 6238
2 2 6236 1747 6237
2 2 6238 6237 1745
2 2 1898 6239 6241
2 2 6239 542 6240
2 2 6241 6240 1748
2 2 1722 6242 6244
2 2 6242 521 6243
2 2 6244 6243 2614
2 2 922 6245 6247
2 2 6245 653 6246
2 2 6247 6246 1598
2 2 2614 6248 6250
2 2 6248 2615 6249
2 2 6250 6249 2613
1 2 217 6251 6253
1 2 6251 724 6252
1 2 6253 6252 3007
1 2 220 6254 6256
1 2 6254 730 6255
1 2 6256 6255 1857
1 2 484 6257 6259
1 2 6257 810 6258
1 2 6259 6258 3589
2 2 817 6260 6262
2 2 6260 513 6261
2 2 6262 6261 2098
1 2 2024 6263 6265
1 2 6263 2210 6264
1 2 6265 6264 2157
1 2 835 6266 6268
1 2 6266 302 6267
1 2 6268 6267 763
2 2 2339 6269 6271
2 2 6269 818 6270
2 2 6271 6270 3053
2 2 772 6272 6274
2 2 6272 310 6273
2 2 6274 6273 2829
2 2 1058 6275 6277
2 2 6275 844 6276
2 2 6277 6276 3057
1 2 1948 6278 6280
1 2 6278 863 6279
1 2 6280 6279 3202
2 2 1536 6281 6283
2 2 6281 801 6282
2 2 6283 6282 1459
2 2 317 6284 6286
2 2 6284 904 6285
2 2 6286 6285 906
1 2 233 6287 6289
1 2 6287 929 6288
1 2 6289 6288 3012
2 2 977 6290 6292
2 2 6290 276 6291
2 2 6292 6291 978
2 2 980 6293 6295
2 2 6293 279 6294
2 2 6295 6294 981
2 2 983 6296 6298
2 2 6296 41 6297
2 2 6298 6297 984
2 2 986 6299 6301
2 2 6299 282 6300
2 2 6301 6300 987
2 2 284 6302 6304
2 2 6302 989 6303
2 2 6304 6303 991
2 2 991 6305 6307
2 2 6305 990 6306
2 2 6307 6306 83
2 2 904 6284 6309
2 2 6284 317 6308
2 2 6309 6308 1024
2 2 1039 6310 6312
2 2 6310 130 6311
2 2 6312 6311 2259
2 2 1038 6141 6314
2 2 6141 1037 6313
2 2 6314 6313 2369
2 2 374 6315 6317
2 2 6315 1062 6316
2 2 6317 6316 1064
2 2 390 6318 6320
2 2 6318 1084 6319
2 2 6320 6319 3579
1 2 1103 6321 6323
1 2 6321 1102 6322
1 2 6323 6322 1982
2 2 1107 6324 6326
2 2 6324 1106 6325
2 2 6326 6325 42
2 2 1125 6327 6329
2 2 6327 478 6328
2 2 6329 6328 2367
2 2 1134 6330 6332
2 2 6330 193 6331
2 2 6332 6331 1135
2 2 1154 6215 6334
2 2 6215 1153 6333
2 2 6334 6333 82
1 2 548 6335 6337
1 2 6335 1155 6336
1 2 6337 6336 1157
2 2 134 6338 6340
2 2 6338 1167 6339
2 2 6340 6339 1169
2 2 36 6341 6343
2 2 6341 1170 6342
2 2 6343 6342 1172
2 2 1178 6344 6345
2 2 6344 1177 6145
2 2 6345 6145 658
2 2 271 6105 6347
2 2 6105 1134 6346
2 2 6347 6346 972
1 2 1155 6335 6349
1 2 6335 548 6348
1 2 6349 6348 2926
2 2 1090 6350 6352
2 2 6350 374 6351
2 2 6352 6351 2403
1 2 1983 6353 6355
1 2 6353 2275 6354
1 2 6355 6354 2274
2 2 236 6356 6358
2 2 6356 939 6357
2 2 6358 6357 938
2 2 948 6359 6361
2 2 6359 240 6360
2 2 6361 6360 943
2 2 2207 6362 6364
2 2 6362 1228 6363
2 2 6364 6363 4791
1 2 2839 6365 6367
1 2 6365 2840 6366
1 2 6367 6366 2838
1 2 2841 6368 6370
1 2 6368 2842 6369
1 2 6370 6369 2482
1 2 2848 6371 6373
1 2 6371 2849 6372
1 2 6373 6372 2479
2 2 1071 6374 6376
2 2 6374 1258 6375
2 2 6376 6375 4780
2 2 2854 6377 6379
2 2 6377 2855 6378
2 2 6379 6378 2853
2 2 1233 6380 6382
2 2 6380 158 6381
2 2 6382 6381 2313
1 2 931 6383 6385
1 2 6383 233 6384
1 2 6385 6384 5798
1 2 299 6386 6388
1 2 6386 1205 6387
1 2 6388 6387 1003
1 2 2491 6389 6391
1 2 6389 1212 6390
1 2 6391 6390 2990
2 2 2354 6392 6394
2 2 6392 1251 6393
2 2 6394 6393 2051
2 2 474 6395 6397
2 2 6395 1318 6396
2 2 6397 6396 3561
2 2 163 6398 6400
2 2 6398 1402 6399
2 2 6400 6399 1404
2 2 1413 6401 6403
2 2 6401 1412 6402
2 2 6403 6402 510
2 2 1417 6404 6406
2 2 6404 590 6405
2 2 6406 6405 1418
2 2 1419 6407 6409
2 2 6407 1418 6408
2 2 6409 6408 34
2 2 143 6410 6412
2 2 6410 1446 6411
2 2 6412 6411 1448
1 2 1475 6413 6415
1 2 6413 89 6414
1 2 6415 6414 2151
2 2 2294 6416 6418
2 2 6416 1928 6417
2 2 6418 6417 2293
2 2 1495 6419 6421
2 2 6419 372 6420
2 2 6421 6420 1300
2 2 1558 6422 6424
2 2 6422 1308 6423
2 2 6424 6423 4216
2 2 4841 6425 6427
2 2 6425 2368 6426
2 2 6427 6426 4552
1 2 1474 6428 6430
1 2 6428 76 6429
1 2 6430 6429 1694
1 2 2927 6431 6433
1 2 6431 2928 6432
1 2 6433 6432 2926
2 2 510 6434 6436
2 2 6434 508 6435
2 2 6436 6435 1522
2 2 1481 6437 6439
2 2 6437 245 6438
2 2 6439 6438 2013
2 2 2003 6440 6442
2 2 6440 2298 6441
2 2 6442 6441 2297
1 2 1492 6443 6445
1 2 6443 263 6444
1 2 6445 6444 2353
2 2 34 6446 6409
2 2 6446 1525 6447
2 2 6409 6447 1419
2 2 1543 6448 6450
2 2 6448 368 6449
2 2 6450 6449 1544
2 2 211 6451 6453
2 2 6451 1549 6452
2 2 6453 6452 1551
2 2 375 6454 6456
2 2 6454 1558 6455
2 2 6456 6455 1560
2 2 541 6457 6459
2 2 6457 1564 6458
2 2 6459 6458 1566
2 2 1566 6460 6462
2 2 6460 1565 6461
2 2 6462 6461 636
2 2 556 6463 6465
2 2 6463 1570 6464
2 2 6465 6464 1572
2 2 1570 6466 6468
2 2 6466 557 6467
2 2 6468 6467 1571
2 2 556 6469 6471
2 2 6469 1576 6470
2 2 6471 6470 1578
2 2 1578 6472 6474
2 2 6472 1577 6473
2 2 6474 6473 570
2 2 1591 6475 6477
2 2 6475 212 6476
2 2 6477 6476 1592
2 2 1593 6478 6480
2 2 6478 1592 6479
2 2 6480 6479 652
2 2 116 6481 6483
2 2 6481 1597 6482
2 2 6483 6482 1599
2 2 1615 6484 6486
2 2 6484 79 6485
2 2 6486 6485 1616
2 2 366 6487 6489
2 2 6487 1626 6488
2 2 6489 6488 1545
2 2 1545 6490 6492
2 2 6490 1627 6491
2 2 6492 6491 367
2 2 1629 6156 6494
2 2 6156 1628 6493
2 2 6494 6493 122
2 2 121 6495 6497
2 2 6495 1630 6496
2 2 6497 6496 1632
2 2 1632 6498 6500
2 2 6498 1631 6499
2 2 6500 6499 400
2 2 400 6501 6502
2 2 6501 1633 6163
2 2 6502 6163 1635
2 2 1635 6162 6504
2 2 6162 1634 6503
2 2 6504 6503 122
2 2 1651 6505 6507
2 2 6505 434 6506
2 2 6507 6506 1652
2 2 1655 6508 6510
2 2 6508 57 6509
2 2 6510 6509 1656
2 2 60 6511 6513
2 2 6511 1658 6512
2 2 6513 6512 1660
2 2 455 6514 6515
2 2 6514 1664 6178
2 2 6515 6178 1666
2 2 1664 6516 6179
2 2 6516 454 6517
2 2 6179 6517 1665
2 2 1674 6518 6520
2 2 6518 1673 6519
2 2 6520 6519 365
2 2 1258 6521 6523
2 2 6521 1677 6522
2 2 6523 6522 3585
1 2 1681 6524 6526
1 2 6524 502 6525
1 2 6526 6525 1682
2 2 516 6527 6528
2 2 6527 1546 6208
2 2 6528 6208 1687
2 2 1687 6207 6530
2 2 6207 1686 6529
2 2 6530 6529 175
1 2 152 6531 6533
1 2 6531 1691 6532
1 2 6533 6532 1693
1 2 1693 6534 6536
1 2 6534 1692 6535
1 2 6536 6535 534
1 2 538 6537 6539
1 2 6537 1694 6538
1 2 6539 6538 1696
1 2 1696 6540 6542
1 2 6540 1695 6541
1 2 6542 6541 539
1 2 1697 6543 6220
1 2 6543 539 6544
1 2 6220 6544 1698
1 2 502 6524 6546
1 2 6524 1681 6545
1 2 6546 6545 1701
2 2 555 6547 6549
2 2 6547 1702 6548
2 2 6549 6548 1572
2 2 1702 6550 6552
2 2 6550 125 6551
2 2 6552 6551 1703
2 2 570 6553 6474
2 2 6553 1713 6554
2 2 6474 6554 1578
2 2 175 6555 6530
2 2 6555 1722 6556
2 2 6530 6556 1687
2 2 1687 6557 6528
2 2 6557 1723 6558
2 2 6528 6558 516
2 2 585 6559 6561
2 2 6559 1724 6560
2 2 6561 6560 1726
2 2 1740 6562 6564
2 2 6562 1739 6563
2 2 6564 6563 48
2 2 642 6565 6566
2 2 6565 1745 6237
2 2 6566 6237 1747
2 2 1273 6567 6569
2 2 6567 1820 6568
2 2 6569 6568 3638
2 2 1633 6501 6570
2 2 6501 400 6499
2 2 6570 6499 1631
2 2 700 6571 6573
2 2 6571 672 6572
2 2 6573 6572 1764
2 2 573 6574 6576
2 2 6574 572 6575
2 2 6576 6575 1846
2 2 209 6577 6579
2 2 6577 1259 6578
2 2 6579 6578 1819
2 2 40 6580 6582
2 2 6580 637 6581
2 2 6582 6581 1710
2 2 585 6120 6559
2 2 6120 663 6583
2 2 6559 6583 1724
1 2 3511 6584 6586
1 2 6584 3512 6585
1 2 6586 6585 3510
2 2 519 6587 6589
2 2 6587 517 6588
2 2 6589 6588 1890
2 2 161 6590 6592
2 2 6590 1579 6591
2 2 6592 6591 1559
1 2 729 6593 6594
1 2 6593 220 6256
1 2 6594 6256 1857
2 2 365 6595 6520
2 2 6595 1822 6596
2 2 6520 6596 1674
1 2 262 6597 6599
1 2 6597 1933 6598
1 2 6599 6598 1935
1 2 1933 6600 6602
1 2 6600 268 6601
1 2 6602 6601 1934
1 2 1948 6603 6605
1 2 6603 357 6604
1 2 6605 6604 1949
2 2 1963 6606 6608
2 2 6606 409 6607
2 2 6608 6607 1964
2 2 1966 6609 6611
2 2 6609 412 6610
2 2 6611 6610 1967
2 2 1969 6612 6614
2 2 6612 129 6613
2 2 6614 6613 1970
2 2 1977 6615 6617
2 2 6615 1976 6616
2 2 6617 6616 325
2 2 575 6618 6620
2 2 6618 1989 6619
2 2 6620 6619 1991
2 2 205 6621 6623
2 2 6621 2004 6622
2 2 6623 6622 2006
2 2 2006 6624 6626
2 2 6624 2005 6625
2 2 6626 6625 466
1 2 2028 6135 6628
1 2 6135 2027 6627
1 2 6628 6627 855
2 2 2052 6629 6630
2 2 6629 2051 6393
2 2 6630 6393 1251
2 2 674 6631 6633
2 2 6631 2053 6632
2 2 6633 6632 2055
2 2 2053 6634 6636
2 2 6634 772 6635
2 2 6636 6635 2054
1 2 2059 6637 6639
1 2 6637 353 6638
1 2 6639 6638 2060
2 2 2064 6640 6642
2 2 6640 2063 6641
2 2 6642 6641 335
2 2 168 6643 6645
2 2 6643 2067 6644
2 2 6645 6644 2069
2 2 2069 6646 6648
2 2 6646 2068 6647
2 2 6648 6647 438
2 2 436 6649 6651
2 2 6649 2067 6650
2 2 6651 6650 2074
2 2 2074 6652 6654
2 2 6652 2073 6653
2 2 6654 6653 575
2 2 2078 6655 6657
2 2 6655 2001 6656
2 2 6657 6656 380
2 2 2079 6658 6660
2 2 6658 804 6659
2 2 6660 6659 2080
2 2 2081 6661 6663
2 2 6661 2080 6662
2 2 6663 6662 771
1 2 502 6664 6666
1 2 6664 2094 6665
1 2 6666 6665 2096
1 2 2094 6664 6668
1 2 6664 502 6667
1 2 6668 6667 2112
2 2 2123 6227 6670
2 2 6227 2073 6669
2 2 6670 6669 168
2 2 2133 6230 6672
2 2 6230 2132 6671
2 2 6672 6671 608
1 2 2140 6673 6675
1 2 6673 3 6674
1 2 6675 6674 2141
1 2 12 6676 6678
1 2 6676 2143 6677
1 2 6678 6677 2145
1 2 2150 6679 6681
1 2 6679 2149 6680
1 2 6681 6680 533
1 2 267 6682 6684
1 2 6682 2157 6683
1 2 6684 6683 2159
1 2 2157 6685 6687
1 2 6685 265 6686
1 2 6687 6686 2158
1 2 2173 6688 6690
1 2 6688 2172 6689
1 2 6690 6689 638
2 2 2062 6691 6693
2 2 6691 172 6692
2 2 6693 6692 2177
2 2 2178 6694 6696
2 2 6694 2177 6695
2 2 6696 6695 659
2 2 2198 6697 6699
2 2 6697 771 6698
2 2 6699 6698 2054
2 2 2199 6700 6701
2 2 6700 2054 6635
2 2 6701 6635 772
2 2 2200 6702 6704
2 2 6702 136 6703
2 2 6704 6703 2181
2 2 136 6702 6706
2 2 6702 2200 6705
2 2 6706 6705 2204
2 2 2200 6707 6708
2 2 6707 771 6662
2 2 6708 6662 2080
2 2 2204 6709 6710
2 2 6709 2080 6659
2 2 6710 6659 804
2 2 2079 6711 6713
2 2 6711 803 6712
2 2 6713 6712 1964
2 2 2206 6714 6715
2 2 6714 1964 6607
2 2 6715 6607 409
2 2 2207 6716 6718
2 2 6716 198 6717
2 2 6718 6717 2208
1 2 2210 6263 6720
1 2 6263 2024 6719
1 2 6720 6719 828
1 2 2274 6721 6355
1 2 6721 431 6722
1 2 6355 6722 1983
2 2 2276 6723 6725
2 2 6723 274 6724
2 2 6725 6724 2277
2 2 2278 6726 6728
2 2 6726 2277 6727
2 2 6728 6727 1240
2 2 2286 6729 6731
2 2 6729 2285 6730
2 2 6731 6730 1252
2 2 2293 6732 6418
2 2 6732 312 6733
2 2 6418 6733 2294
2 2 2297 6734 6442
2 2 6734 380 6735
2 2 6442 6735 2003
2 2 2307 6736 6738
2 2 6736 2306 6737
2 2 6738 6737 1861
2 2 198 6739 6717
2 2 6739 718 6740
2 2 6717 6740 2208
1 2 2322 6741 6743
1 2 6741 547 6742
1 2 6743 6742 2107
1 2 2324 6744 6746
1 2 6744 635 6745
1 2 6746 6745 1949
2 2 126 6747 6749
2 2 6747 1222 6748
2 2 6749 6748 2168
2 2 236 6750 6752
2 2 6750 1230 6751
2 2 6752 6751 2345
2 2 281 6753 6755
2 2 6753 1202 6754
2 2 6755 6754 2349
2 2 434 6756 6757
2 2 6756 1251 6392
2 2 6757 6392 2354
2 2 775 6758 6760
2 2 6758 773 6759
2 2 6760 6759 2201
1 2 76 6428 6762
1 2 6428 1474 6761
1 2 6762 6761 2148
1 2 89 6413 6763
1 2 6413 1475 6221
1 2 6763 6221 2109
2 2 608 6764 6672
2 2 6764 528 6765
2 2 6672 6765 2133
2 2 658 6144 6767
2 2 6144 888 6766
2 2 6767 6766 2382
2 2 50 6768 6770
2 2 6768 1048 6769
2 2 6770 6769 2383
2 2 479 6771 6773
2 2 6771 1187 6772
2 2 6773 6772 2393
2 2 245 6774 6776
2 2 6774 1192 6775
2 2 6776 6775 2345
2 2 347 6777 6779
2 2 6777 1198 6778
2 2 6779 6778 2390
1 2 306 6780 6782
1 2 6780 1521 6781
1 2 6782 6781 2350
1 2 635 6783 6785
1 2 6783 2325 6784
1 2 6785 6784 1950
2 2 1861 6128 6738
2 2 6128 2341 6786
2 2 6738 6786 2307
1 2 550 6787 6789
1 2 6787 2360 6788
1 2 6789 6788 2153
2 2 2416 6790 6792
2 2 6790 479 6791
2 2 6792 6791 2417
1 2 2446 6793 6795
1 2 6793 152 6794
1 2 6795 6794 2447
2 2 2455 6796 6798
2 2 6796 389 6797
2 2 6798 6797 2456
2 2 2466 6799 6801
2 2 6799 2465 6800
2 2 6801 6800 451
2 2 2473 6802 6804
2 2 6802 187 6803
2 2 6804 6803 2474
1 2 2482 6805 6119
1 2 6805 154 6806
1 2 6119 6806 2483
1 2 666 6807 6808
1 2 6807 2491 6130
1 2 6808 6130 2493
1 2 2491 6809 6131
1 2 6809 255 6810
1 2 6131 6810 2492
2 2 2496 6811 6813
2 2 6811 2495 6812
2 2 6813 6812 1232
2 2 2517 6814 6816
2 2 6814 2516 6815
2 2 6816 6815 468
2 2 317 6817 6819
2 2 6817 2521 6818
2 2 6819 6818 2523
2 2 2557 6820 6822
2 2 6820 18 6821
2 2 6822 6821 2558
2 2 2559 6823 6825
2 2 6823 2558 6824
2 2 6825 6824 399
1 2 2566 6826 6188
1 2 6826 149 6827
1 2 6188 6827 2567
1 2 2568 6186 6828
1 2 6186 2567 6160
1 2 6828 6160 384
2 2 2569 6829 6831
2 2 6829 18 6830
2 2 6831 6830 2570
2 2 2571 6832 6833
2 2 6832 2570 6175
2 2 6833 6175 455
1 2 152 6793 6834
1 2 6793 2446 6202
1 2 6834 6202 2561
1 2 2561 6201 6836
1 2 6201 2584 6835
1 2 6836 6835 426
2 2 208 6837 6838
2 2 6837 2585 6205
2 2 6838 6205 2587
2 2 2585 6839 6206
2 2 6839 474 6840
2 2 6206 6840 2586
2 2 2587 6204 6842
2 2 6204 2586 6841
2 2 6842 6841 387
1 2 2592 6843 6226
1 2 6843 505 6844
1 2 6226 6844 2593
2 2 2615 6248 6845
2 2 6248 2614 6243
2 2 6845 6243 521
2 2 274 6846 6848
2 2 6846 2734 6847
2 2 6848 6847 2736
2 2 2736 6849 6851
2 2 6849 2735 6850
2 2 6851 6850 826
2 2 790 6852 6854
2 2 6852 2814 6853
2 2 6854 6853 2816
2 2 2831 6855 6856
2 2 6855 2830 6112
2 2 6856 6112 1214
2 2 2834 6857 6859
2 2 6857 2833 6858
2 2 6859 6858 1219
1 2 251 6860 6861
1 2 6860 2838 6366
1 2 6861 6366 2840
1 2 2838 6862 6367
1 2 6862 227 6863
1 2 6367 6863 2839
2 2 313 6864 6866
2 2 6864 2846 6865
2 2 6866 6865 2784
1 2 151 6867 6868
1 2 6867 2479 6372
1 2 6868 6372 2849
1 2 2849 6371 6869
1 2 6371 2848 6148
1 2 6869 6148 1249
2 2 2569 6870 6872
2 2 6870 389 6871
2 2 6872 6871 2550
2 2 247 6873 6874
2 2 6873 2853 6378
2 2 6874 6378 2855
2 2 2853 6875 6379
2 2 6875 390 6876
2 2 6379 6876 2854
2 2 2855 6377 6878
2 2 6377 2854 6877
2 2 6878 6877 1195
2 2 478 6879 6881
2 2 6879 2872 6880
2 2 6881 6880 2874
1 2 152 6882 6884
1 2 6882 2560 6883
1 2 6884 6883 2922
1 2 2560 6885 6887
1 2 6885 425 6886
1 2 6887 6886 2921
2 2 1667 6888 6890
2 2 6888 2935 6889
2 2 6890 6889 2937
2 2 2961 6891 6893
2 2 6891 1802 6892
2 2 6893 6892 2962
1 2 384 6894 6828
1 2 6894 1510 6895
1 2 6828 6895 2568
2 2 498 6896 6898
2 2 6896 1976 6897
2 2 6898 6897 2515
2 2 82 6899 6901
2 2 6899 1057 6900
2 2 6901 6900 2981
1 2 1474 6430 6903
1 2 6430 1694 6902
1 2 6903 6902 2594
2 2 647 6904 6906
2 2 6904 1855 6905
2 2 6906 6905 3042
2 2 707 6907 6909
2 2 6907 1250 6908
2 2 6909 6908 2634
2 2 773 6758 6911
2 2 6758 775 6910
2 2 6911 6910 2704
2 2 1195 6912 6878
2 2 6912 967 6913
2 2 6878 6913 2855
1 2 227 6862 6914
1 2 6862 2838 6104
1 2 6914 6104 3078
2 2 193 6330 6915
2 2 6330 1134 6107
2 2 6915 6107 3040
1 2 723 6916 6917
1 2 6916 217 6253
1 2 6917 6253 3007
1 2 740 6918 6920
1 2 6918 228 6919
1 2 6920 6919 3009
1 2 919 6921 6923
1 2 6921 227 6922
1 2 6923 6922 3010
1 2 302 6266 6925
1 2 6266 835 6924
1 2 6925 6924 3029
1 2 1027 6926 6928
1 2 6926 329 6927
1 2 6928 6927 3019
2 2 317 6150 6817
2 2 6150 2976 6929
2 2 6817 6929 2521
2 2 1195 6930 6932
2 2 6930 3004 6931
2 2 6932 6931 2979
1 2 836 6933 6935
1 2 6933 732 6934
1 2 6935 6934 3133
2 2 568 6936 6938
2 2 6936 3144 6937
2 2 6938 6937 3146
2 2 3191 6939 6941
2 2 6939 3190 6940
2 2 6941 6940 490
2 2 3192 6942 6944
2 2 6942 323 6943
2 2 6944 6943 3193
2 2 3212 6945 6947
2 2 6945 442 6946
2 2 6947 6946 3213
1 2 532 6948 6950
1 2 6948 3221 6949
1 2 6950 6949 3223
2 2 3234 6951 6952
2 2 6951 3233 6094
2 2 6952 6094 454
2 2 3265 6953 6955
2 2 6953 3264 6954
2 2 6955 6954 641
1 2 3267 6956 6958
1 2 6956 3266 6957
1 2 6958 6957 534
2 2 800 6959 6961
2 2 6959 3440 6960
2 2 6961 6960 3442
1 2 3221 6948 6963
1 2 6948 532 6962
1 2 6963 6962 3445
1 2 3446 6964 6966
1 2 6964 3445 6965
1 2 6966 6965 1498
2 2 3456 6967 6969
2 2 6967 473 6968
2 2 6969 6968 3457
2 2 56 6970 6972
2 2 6970 3459 6971
2 2 6972 6971 3461
2 2 3461 6973 6975
2 2 6973 3460 6974
2 2 6975 6974 1772
2 2 1772 6976 6978
2 2 6976 3462 6977
2 2 6978 6977 3464
2 2 3464 6979 6981
2 2 6979 3463 6980
2 2 6981 6980 755
2 2 755 6982 6984
2 2 6982 3465 6983
2 2 6984 6983 3467
2 2 3467 6985 6987
2 2 6985 3466 6986
2 2 6987 6986 1775
2 2 1775 6988 6990
2 2 6988 3468 6989
2 2 6990 6989 3470
2 2 3470 6991 6993
2 2 6991 3469 6992
2 2 6993 6992 287
2 2 416 6994 6996
2 2 6994 3471 6995
2 2 6996 6995 3473
2 2 3479 6997 6999
2 2 6997 3478 6998
2 2 6999 6998 790
2 2 467 7000 7002
2 2 7000 3480 7001
2 2 7002 7001 3482
2 2 3480 7003 7005
2 2 7003 1793 7004
2 2 7005 7004 3481
2 2 1793 7006 7008
2 2 7006 3483 7007
2 2 7008 7007 3485
2 2 3483 7009 7011
2 2 7009 800 7010
2 2 7011 7010 3484
2 2 1093 7012 7014
2 2 7012 3486 7013
2 2 7014 7013 3488
2 2 3486 7015 7017
2 2 7015 1809 7016
2 2 7017 7016 3487
2 2 1809 7018 7020
2 2 7018 3489 7019
2 2 7020 7019 3491
2 2 3489 7021 7023
2 2 7021 416 7022
2 2 7023 7022 3490
2 2 1113 7024 7026
2 2 7024 3492 7025
2 2 7026 7025 3494
2 2 3494 7027 7029
2 2 7027 3493 7028
2 2 7029 7028 1814
2 2 1814 7030 7032
2 2 7030 3495 7031
2 2 7032 7031 3497
2 2 3497 7033 7035
2 2 7033 3496 7034
2 2 7035 7034 56
2 2 252 7036 7038
2 2 7036 3498 7037
2 2 7038 7037 3500
2 2 3207 7039 7041
2 2 7039 434 7040
2 2 7041 7040 3501
2 2 3502 7042 7044
2 2 7042 3501 7043
2 2 7044 7043 1618
1 2 3510 7045 6586
1 2 7045 729 7046
1 2 6586 7046 3511
2 2 3528 7047 7049
2 2 7047 1093 7048
2 2 7049 7048 3529
2 2 2246 7050 7052
2 2 7050 3531 7051
2 2 7052 7051 3533
2 2 3533 7053 7055
2 2 7053 3532 7054
2 2 7055 7054 1113
2 2 572 6574 7057
2 2 6574 573 7056
2 2 7057 7056 3253
2 2 878 7058 7060
2 2 7058 880 7059
2 2 7060 7059 3615
2 2 247 7061 7063
2 2 7061 967 7062
2 2 7063 7062 3564
2 2 24 7064 7066
2 2 7064 567 7065
2 2 7066 7065 3647
2 2 1228 6362 7068
2 2 6362 2207 7067
2 2 7068 7067 3553
2 2 1676 7069 7070
2 2 7069 1258 6523
2 2 7070 6523 3585
2 2 1819 7071 7072
2 2 7071 1273 6569
2 2 7072 6569 3638
2 2 3752 7073 7075
2 2 7073 3751 7074
2 2 7075 7074 286
2 2 4382 7076 7078
2 2 7076 1667 7077
2 2 7078 7077 4383
2 2 1802 7079 7081
2 2 7079 4400 7080
2 2 7081 7080 4402
2 2 4480 7082 7084
2 2 7082 4479 7083
2 2 7084 7083 2246
2 2 4584 7085 7087
2 2 7085 4 7086
2 2 7087 7086 4585
2 2 489 7088 7090
2 2 7088 1847 7089
2 2 7090 7089 4605
2 2 389 7091 7093
2 2 7091 1880 7092
2 2 7093 7092 4617
2 2 1273 7094 7096
2 2 7094 1259 7095
2 2 7096 7095 4813
1 2 217 7097 7099
1 2 7097 2713 7098
1 2 7099 7098 4737
2 2 2392 7100 7102
2 2 7100 4790 7101
2 2 7102 7101 4120
1 2 218 7103 7105
1 2 7103 727 7104
1 2 7105 7104 5814
1 2 7106 502 6666
2 2 878 3025 6087
2 2 879 5902 6088
2 2 7058 878 6089
2 2 2418 2416 7107
2 2 7108 3146 6937
2 2 7109 363 6090
2 2 1623 1625 7110
2 2 1625 5986 6092
2 2 1545 1543 7111
2 2 7112 274 6723
2 2 7113 236 6752
2 2 1192 7113 6775
2 2 1824 1665 6093
2 2 3233 3515 6095
2 2 9159 7114 7662
2 2 9160 7115 7665
2 2 7116 1618 7043
2 2 7117 1252 6730
2 2 6097 524 8007
2 2 1862 3236 6098
2 2 6912 1195 6932
2 2 2979 6912 6932
1 2 1934 5444 6602
2 2 1197 1175 6099
2 2 595 2983 7118
2 2 2983 2876 6101
2 2 718 4611 6740
2 2 1198 2863 6778
1 2 2838 3930 6102
1 2 829 2698 6103
1 2 2448 2446 7119
2 2 2457 2455 7120
1 2 299 2171 6386
2 2 1880 4441 7092
1 2 7121 538 6539
2 2 2466 2464 6799
1 2 7122 836 6935
1 2 8337 7123 8767
1 2 1950 1948 7124
2 2 7125 641 6954
2 2 6460 1566 6458
2 2 1564 6460 6458
2 2 271 4665 6106
1 2 7126 505 6843
1 2 920 5033 6108
1 2 740 2993 7127
1 2 2993 2763 6110
1 2 7128 502 6546
2 2 2475 2473 7129
1 2 256 3178 6195
2 2 7130 1572 6464
2 2 1571 7130 6468
2 2 1965 1963 7131
2 2 699 1764 7132
2 2 2035 4162 6111
2 2 7133 2035 6113
2 2 1968 1966 7134
2 2 6472 1578 6470
2 2 1576 6472 6470
2 2 1971 1969 7135
2 2 1222 5935 6748
2 2 572 1717 6575
2 2 1977 1975 6615
1 2 6114 1982 6322
1 2 7136 1981 6115
1 2 382 1982 7137
1 2 2483 842 6117
1 2 7138 2482 6118
2 2 939 3551 6357
2 2 7139 335 6641
2 2 7140 585 6561
2 2 585 2614 6121
2 2 2613 5898 6122
2 2 7141 590 6404
2 2 608 3001 6764
2 2 7142 1228 7068
2 2 647 1753 6904
2 2 1593 1591 6478
2 2 1592 6478 6477
2 2 1556 4843 6123
2 2 214 2465 6124
2 2 2464 4357 6125
2 2 7143 1599 6482
2 2 6624 2006 6622
2 2 2004 6624 6622
2 2 1861 1713 6126
2 2 570 4724 6127
1 2 848 4737 7144
1 2 2492 748 6129
2 2 236 937 6750
2 2 2496 2494 6811
1 2 692 5814 7145
1 2 919 3096 6132
1 2 6365 2839 6133
1 2 6921 919 6134
2 2 7094 1273 7071
2 2 1819 7094 7071
2 2 1259 7094 6578
1 2 7146 729 7045
1 2 253 495 6196
1 2 6600 1933 6136
1 2 262 2027 6597
2 2 7147 826 6850
2 2 978 3566 6292
2 2 981 4655 6295
2 2 984 4656 6298
2 2 1202 2291 6754
2 2 987 4657 6301
2 2 6305 991 6303
2 2 989 6305 6303
2 2 3752 3750 7073
1 2 112 3029 7148
2 2 7149 312 6732
2 2 7150 1219 6858
2 2 1024 3362 6309
2 2 3191 3189 6939
2 2 2517 2515 6814
2 2 3194 3192 7151
2 2 7152 2523 6818
2 2 1241 988 6138
2 2 671 3052 7153
2 2 7154 1241 6140
2 2 2052 2050 6629
2 2 7155 281 6755
2 2 7156 2055 6632
2 2 2054 7156 6636
2 2 1038 2783 6142
2 2 7157 1037 6143
2 2 7158 888 6146
2 2 773 2670 6759
2 2 7159 365 6519
1 2 7160 638 6689
1 2 2061 2059 7161
2 2 7162 286 7074
1 2 7163 635 6744
1 2 1034 4191 6147
1 2 7164 1034 6149
2 2 2064 2062 6640
2 2 6233 636 7311
2 2 317 2833 6151
2 2 7165 2976 6152
2 2 7153 284 6304
2 2 991 7153 6304
2 2 7166 1240 6727
2 2 1616 4376 6486
2 2 707 3080 6907
1 2 503 2153 7167
1 2 3029 4711 6153
1 2 1893 3023 7168
1 2 6925 3029 6155
2 2 53 1674 7169
2 2 6490 1545 6488
2 2 1626 6490 6488
2 2 6448 1543 6157
2 2 367 1628 7170
1 2 7171 384 6159
1 2 2567 4107 6161
2 2 7172 208 6838
2 2 6498 1632 6496
2 2 1630 6498 6496
2 2 2559 2557 6823
2 2 2558 6823 6822
2 2 399 1634 7173
2 2 7174 374 6317
1 2 2566 5135 6165
1 2 1884 4707 7175
1 2 6826 2566 6167
1 2 6168 2561 6836
1 2 6885 2560 6169
1 2 6882 152 6834
1 2 1103 4106 6321
2 2 1639 1651 7176
2 2 6646 2069 6644
2 2 2067 6646 6644
2 2 1107 1105 6324
2 2 3214 3212 7177
2 2 1657 1655 7178
2 2 7179 1660 6512
2 2 1381 4830 6171
2 2 1936 4686 7180
2 2 4686 4279 6173
2 2 1353 4826 6174
2 2 7181 1353 6176
2 2 1665 242 6177
2 2 7182 1667 6890
2 2 7183 466 6625
2 2 490 469 7184
2 2 469 1121 6181
2 2 860 2516 6182
2 2 7185 400 6502
2 2 6652 2074 6650
2 2 2067 6652 6650
2 2 1674 1672 6518
2 2 7186 489 7090
2 2 1087 4782 6183
2 2 1842 4630 7187
2 2 7188 1087 6185
2 2 6756 434 6505
2 2 1651 6756 6505
2 2 7189 1861 6737
2 2 6655 2078 8175
1 2 7190 2566 6187
1 2 7191 426 6835
2 2 7192 387 6841
2 2 2571 2569 6832
2 2 2570 6832 6831
2 2 7193 1195 6877
2 2 7194 455 6515
1 2 1117 4785 6189
1 2 1263 3517 6190
1 2 7195 1117 6191
2 2 7196 399 6824
2 2 2081 2079 6661
2 2 2080 6661 6660
2 2 6192 1852 8082
2 2 1840 3051 7197
2 2 3051 4855 6194
2 2 7198 490 6940
1 2 7199 3223 6949
2 2 1135 3588 6332
2 2 7200 325 6616
2 2 498 7200 6896
1 2 497 3200 6198
1 2 872 869 6200
2 2 489 1580 7088
2 2 368 1629 7187
2 2 3234 3230 6951
1 2 384 1344 6894
1 2 484 2584 7201
2 2 7184 323 6942
2 2 3192 7184 6942
1 2 1682 5353 6526
1 2 1474 4819 6761
2 2 515 1686 7202
2 2 7203 1404 6399
2 2 523 3594 6210
2 2 7204 524 6211
2 2 246 2494 6212
2 2 525 3236 6213
2 2 1862 1601 6214
1 2 6534 1693 6532
1 2 1691 6534 6532
2 2 7205 1152 6216
2 2 536 1153 7206
1 2 6540 1696 6538
1 2 1694 6540 6538
1 2 1698 351 6218
1 2 7207 1697 6219
2 2 1413 1411 6401
1 2 7208 547 6741
1 2 7209 548 6337
1 2 6431 2927 6222
1 2 7210 2109 6223
1 2 2593 1474 6224
1 2 7211 2592 6225
1 2 2112 5493 6668
2 2 7212 1572 6548
2 2 1703 7212 6552
2 2 567 3547 7065
2 2 7213 1578 6554
2 2 158 3253 7214
2 2 7215 573 6576
2 2 7216 575 6620
2 2 7217 1989 6228
2 2 6618 575 6653
2 2 6557 1687 6556
2 2 1722 6557 6556
2 2 7218 1726 6560
2 2 7219 163 6400
2 2 1419 1417 6407
2 2 1418 6407 6406
2 2 2133 5490 6231
2 2 529 2132 7220
2 2 1740 1738 6562
2 2 1525 5272 6447
1 2 2142 2140 7221
1 2 7222 2145 6677
1 2 2150 2148 6679
2 2 40 3675 6580
2 2 523 3236 6234
2 2 3235 5892 6235
2 2 1746 358 6236
2 2 641 1746 7223
2 2 568 1710 7224
2 2 1898 3240 6239
2 2 7225 1748 6240
2 2 7226 1898 6241
2 2 1749 1542 7225
1 2 2158 5499 6687
2 2 1722 4328 6242
2 2 7227 1722 6244
2 2 7228 647 6906
2 2 648 4164 7118
1 2 7229 1498 6965
1 2 7230 534 6957
1 2 7231 539 6541
1 2 540 1699 7168
1 2 635 4833 6783
2 2 3265 3247 6953
2 2 922 3097 6245
2 2 7143 1598 6246
2 2 7232 922 6247
2 2 7233 658 6767
1 2 6688 2173 8248
2 2 7234 642 6566
2 2 660 2383 7235
2 2 2178 2062 6694
2 2 2177 6694 6693
2 2 7236 2613 6249
2 2 2613 6121 6250
2 2 7204 40 8035
2 2 528 2591 6765
1 2 3267 3201 6956
2 2 6344 1178 7849
2 2 663 3593 6583
2 2 7237 1448 6411
2 2 198 2213 6739
1 2 217 3882 6251
1 2 724 3880 6252
1 2 218 4644 7103
1 2 220 3886 6254
1 2 730 5028 6255
1 2 741 3009 7238
2 2 2199 2198 6700
2 2 2054 6700 6699
2 2 2055 2200 7239
2 2 6272 772 6634
2 2 2053 6272 6634
2 2 775 4550 6910
2 2 7240 1793 7008
2 2 6709 2204 6705
2 2 2200 6709 6705
2 2 2080 6709 6708
2 2 2206 2079 6714
2 2 1964 6714 6713
1 2 484 2448 6257
1 2 810 3289 6258
1 2 7241 484 6259
2 2 817 1889 6260
2 2 7242 2098 6261
2 2 7243 817 6262
2 2 2208 4458 6718
1 2 6685 2157 6264
1 2 6682 267 8136
1 2 302 3569 6267
1 2 763 4622 6268
1 2 836 3597 6933
1 2 742 5030 7127
2 2 2339 2164 6269
2 2 677 3053 7244
2 2 7245 2339 6271
2 2 310 2830 6273
2 2 7149 772 6274
2 2 7246 1802 7081
2 2 7247 380 6734
2 2 6849 2736 6847
2 2 2734 6849 6847
2 2 1058 1947 6275
2 2 715 3057 7248
2 2 7249 1058 6277
1 2 732 3887 6934
1 2 7250 855 6627
2 2 7251 468 6815
1 2 1948 4669 6278
1 2 7252 3202 6279
1 2 6603 1948 6280
2 2 1536 3833 6281
2 2 801 3074 6282
2 2 1459 3119 6283
2 2 880 3339 7059
2 2 7253 82 6901
2 2 904 3951 6285
2 2 906 2833 6286
1 2 920 3010 7254
1 2 233 4645 6287
1 2 929 3963 6288
1 2 7255 233 6289
2 2 938 3559 6358
2 2 236 940 6356
2 2 948 950 6359
2 2 7256 247 7063
2 2 964 3564 7257
2 2 276 3543 6291
2 2 279 4615 6294
2 2 41 4764 6297
2 2 282 4616 6300
2 2 284 987 6302
2 2 990 2750 6306
2 2 83 2620 6307
1 2 1003 3568 6388
2 2 6308 317 6819
1 2 1028 3019 7258
1 2 329 4661 7164
2 2 1039 2302 6310
2 2 130 2260 6311
2 2 7157 1039 6312
2 2 1037 2083 6313
2 2 2369 4154 6314
2 2 6768 50 9234
2 2 91 2745 7249
2 2 1057 2545 6900
2 2 6315 374 9268
2 2 1062 4079 6316
2 2 390 4677 6318
2 2 1074 3579 7259
2 2 7260 390 6320
2 2 391 4158 7188
2 2 1090 1092 6350
2 2 7261 1809 7020
1 2 1102 6114 6322
1 2 7262 1103 6323
2 2 1106 2755 6325
2 2 1145 1107 7263
1 2 459 1118 7195
2 2 1125 2394 6327
2 2 1382 2367 7264
2 2 2367 2076 6329
2 2 193 4685 6331
2 2 7264 478 6881
2 2 2874 7264 6881
2 2 7265 479 6773
2 2 42 2785 7263
2 2 537 1406 7205
2 2 1152 1410 7206
2 2 6899 82 6333
2 2 1053 1154 7266
1 2 1155 4134 6336
2 2 1167 4721 6339
2 2 1169 3591 6340
2 2 1170 4722 6342
2 2 1172 3592 6343
2 2 1226 1178 7267
2 2 1187 2231 6772
2 2 1195 3630 6930
2 2 888 2748 6766
2 2 7268 274 6848
2 2 281 981 6753
1 2 1205 4766 6387
2 2 7269 389 7093
2 2 1134 3391 6346
2 2 972 4311 6347
1 2 548 2927 6348
1 2 7126 1155 6349
2 2 2831 2829 6855
2 2 2834 2832 6857
2 2 1133 2403 7174
2 2 7270 1090 6352
1 2 1983 1102 6353
1 2 7271 2274 6354
2 2 240 4646 6360
2 2 943 4635 6361
2 2 7272 438 6647
2 2 1143 4791 7273
2 2 6716 2207 6364
1 2 2841 1189 6368
1 2 6805 2482 6369
1 2 234 2841 7138
2 2 1230 2014 6751
2 2 7274 1232 6812
2 2 479 2343 6771
2 2 2278 2276 6726
2 2 2277 6726 6725
2 2 7154 338 8400
1 2 7275 353 6637
2 2 7276 2784 6865
1 2 329 2848 7277
2 2 343 2440 7158
2 2 1250 4666 6908
2 2 365 1069 7109
1 2 9056 9057 9055
1 2 7262 382 9057
2 2 1071 1677 6374
1 2 4806 4780 7278
2 2 4780 4088 6376
2 2 209 4643 6577
2 2 2852 2569 7279
2 2 510 1166 6434
2 2 519 1169 6587
2 2 1233 950 6380
2 2 7214 573 7720
2 2 2313 1926 6382
2 2 6774 245 7388
2 2 2286 2284 6729
2 2 7061 247 6874
2 2 2855 7061 6874
2 2 967 7061 6913
2 2 347 3080 6777
1 2 931 4645 6383
1 2 2214 5798 7280
1 2 7281 931 6385
1 2 2491 3916 6389
1 2 1212 2469 6390
1 2 6809 2491 6391
2 2 6747 126 8406
2 2 7282 1819 7072
1 2 1274 4806 7283
2 2 2523 6308 6819
2 2 7284 2354 6394
2 2 7285 2874 6880
2 2 1259 4781 7095
1 2 7286 1258 7069
1 2 7287 1273 7096
2 2 474 1388 6395
2 2 1314 3561 7288
2 2 7289 474 6397
2 2 18 4678 7181
2 2 163 5012 6398
2 2 7290 510 6402
2 2 1522 1413 6436
2 2 1499 1418 7291
2 2 7292 34 6408
2 2 7293 143 6412
1 2 89 2108 6414
1 2 7294 1475 6415
2 2 1482 2042 7293
2 2 1491 3043 7290
2 2 2294 1493 6416
2 2 7295 2293 6417
2 2 6419 1495 7607
2 2 372 4628 6420
2 2 7296 1495 6421
2 2 1579 4414 6591
1 2 7297 2922 6883
1 2 2921 7297 6887
2 2 1558 4694 6422
2 2 1308 3706 6423
2 2 7298 1558 6424
2 2 1499 4801 7292
1 2 6593 729 7146
1 2 1510 2501 6895
2 2 7299 2368 6425
2 2 7300 4552 6426
2 2 7301 4841 6427
1 2 306 3195 6780
1 2 76 1695 6429
1 2 7302 2926 6432
1 2 2926 6348 6433
2 2 34 5112 6446
1 2 7303 666 6808
2 2 7304 125 6550
2 2 1481 2305 6437
2 2 245 2014 6438
2 2 2013 5833 6439
2 2 2003 1486 6440
2 2 7305 2297 6441
1 2 1492 3261 6443
1 2 263 2280 6444
1 2 7306 1492 6445
1 2 3446 3221 6964
1 2 3445 6964 6963
1 2 7307 251 6861
2 2 1543 1545 7170
2 2 367 7170 6492
2 2 1823 1544 7308
2 2 1544 366 7111
2 2 1546 1548 7202
2 2 516 1547 6527
2 2 6451 211 8333
2 2 1549 5280 6452
2 2 1551 4731 6453
2 2 375 4694 6454
2 2 1558 4359 6455
2 2 7309 375 6456
2 2 7298 161 6592
2 2 1559 7298 6592
2 2 6457 541 8682
2 2 7310 541 6459
2 2 7311 636 6461
2 2 1836 1566 7312
2 2 556 1714 6463
2 2 1703 556 7212
2 2 1570 5904 6466
2 2 1837 1571 7313
2 2 1571 555 7130
2 2 556 1703 6469
2 2 1714 556 7213
2 2 7314 570 6473
2 2 161 1580 6590
2 2 1591 2824 6475
2 2 1856 1592 7315
2 2 1592 4418 6479
2 2 652 3858 6480
2 2 116 5277 6481
2 2 7316 116 6483
2 2 1615 2349 6484
2 2 7317 695 9217
2 2 363 2548 7110
2 2 366 5843 6487
2 2 7318 367 6491
2 2 7319 122 6493
2 2 1842 1629 7320
2 2 121 5910 6495
2 2 7321 121 6497
2 2 1815 1632 7322
2 2 1633 2559 7173
2 2 7320 122 6503
2 2 1638 1635 7319
2 2 1653 1652 7323
2 2 1877 1656 7324
2 2 7325 60 6513
2 2 455 4826 6514
2 2 1664 4687 6516
2 2 454 6093 6517
2 2 7326 4384 8807
2 2 3458 3456 7327
2 2 1258 6374 6521
2 2 1675 3585 7328
1 2 1397 1682 7106
2 2 7329 175 6529
1 2 6531 152 6884
1 2 7330 152 6533
1 2 7331 534 6535
1 2 1892 1693 7230
1 2 538 2594 6537
1 2 1697 1696 6543
1 2 540 5936 7207
1 2 1868 1698 7332
1 2 1681 5361 6545
2 2 555 1929 6547
2 2 1576 1703 7333
2 2 1710 1712 6582
2 2 570 6126 6553
2 2 1720 4709 7329
2 2 175 4328 6555
2 2 585 1723 7227
2 2 7334 516 6558
2 2 1727 1729 7334
2 2 7335 48 6563
2 2 1896 1740 7336
2 2 640 1745 7337
2 2 1745 4720 7223
2 2 1764 1766 6573
2 2 6973 3461 6971
2 2 3459 6973 6971
2 2 6979 3464 6977
2 2 3462 6979 6977
2 2 6985 3467 6983
2 2 3465 6985 6983
2 2 6991 3470 6989
2 2 3468 6991 6989
2 2 6997 3479 8709
2 2 7338 3482 7001
2 2 3481 7338 7005
2 2 7339 3485 7007
2 2 3484 7339 7011
2 2 2962 5999 6893
2 2 7340 4402 7080
2 2 7341 3488 7013
2 2 3487 7341 7017
2 2 7342 3491 7019
2 2 3490 7342 7023
2 2 7027 3494 7025
2 2 3492 7027 7025
2 2 7033 3497 7031
2 2 3495 7033 7031
2 2 1815 1817 7321
2 2 7343 3500 7037
2 2 7344 209 6579
1 2 1864 1820 7345
2 2 1820 3499 6568
2 2 365 7109 6595
2 2 3502 3207 7042
2 2 3501 7042 7041
2 2 1830 1554 7309
1 2 1831 3267 7331
2 2 1836 5801 7310
2 2 7346 1633 6570
2 2 700 2316 6571
2 2 1845 4724 7314
2 2 1847 3679 7089
2 2 1851 2598 7335
2 2 1855 6017 6905
2 2 7347 608 6671
2 2 231 3011 7232
2 2 1860 3248 7316
2 2 7337 642 7700
2 2 1878 2632 7325
2 2 389 2571 7091
2 2 7315 212 9404
2 2 57 2630 7324
1 2 2922 6531 6884
1 2 1892 2447 7330
1 2 1694 6537 6902
2 2 48 2998 7336
1 2 3511 1901 6584
1 2 7348 3510 6585
1 2 7349 151 6868
2 2 1890 1709 6589
1 2 1857 1769 6594
2 2 2307 2305 6736
1 2 7350 1667 7076
1 2 7351 1802 6891
1 2 7352 1809 7015
2 2 640 7337 7226
1 2 7353 1772 6978
1 2 7354 1775 6990
1 2 7355 1793 7003
1 2 7356 1814 7032
1 2 1933 5444 6598
1 2 1935 2146 6599
1 2 268 5971 6601
1 2 7357 2324 6746
1 2 7124 1949 6745
1 2 1950 7124 6785
2 2 1963 5193 6606
2 2 7131 1964 6712
2 2 1966 5848 6609
2 2 7358 1967 6610
2 2 1969 5713 6612
2 2 2331 1970 7359
2 2 2333 1977 7360
1 2 431 2065 7136
1 2 431 7136 6722
1 2 1981 2066 7137
2 2 1989 5455 6619
2 2 576 1990 7217
2 2 2001 2003 6656
2 2 380 6656 6735
2 2 205 2001 6621
2 2 2006 2283 6623
2 2 6626 466 8180
1 2 2024 2026 6719
1 2 855 2232 6628
2 2 310 2036 7133
2 2 1067 2052 7361
2 2 674 5906 6631
2 2 2181 674 7239
2 2 7156 2054 6698
1 2 2323 2060 7362
2 2 2062 2064 6691
2 2 1503 2064 7363
2 2 6643 168 6669
2 2 7364 168 6645
2 2 436 2068 6649
2 2 438 3743 6648
2 2 7365 436 6651
2 2 2073 6643 6669
2 2 2073 6618 6653
2 2 575 3854 6654
2 2 1127 2078 7366
2 2 2079 2081 6711
2 2 2079 2206 6658
2 2 2198 2081 6697
1 2 2094 5484 6665
2 2 2103 2105 7220
1 2 7367 2107 6742
1 2 2109 2111 6763
1 2 548 2110 7210
1 2 1414 2112 7128
2 2 1942 2123 7368
1 2 2140 4773 6673
1 2 12 4765 6676
1 2 2148 2150 6762
1 2 7369 533 6680
1 2 2377 2150 7370
1 2 2111 550 7371
1 2 2157 5499 6683
1 2 2159 5830 6684
1 2 265 2139 6686
2 2 2168 2170 6749
1 2 2359 2173 7372
2 2 1226 2177 7373
2 2 2177 2860 6695
2 2 596 2178 7374
2 2 2180 2181 7375
2 2 2293 2199 7376
2 2 2200 2055 6707
2 2 2201 2203 6760
2 2 7377 136 6706
2 2 2284 2204 7378
2 2 2391 2206 7379
1 2 2326 2210 7380
1 2 233 2215 7280
2 2 7381 3530 8712
2 2 7082 4480 8849
2 2 7053 3533 7051
2 2 3531 7053 7051
1 2 419 2295 7271
1 2 2274 2296 6721
2 2 975 2277 7382
2 2 1619 2278 7383
2 2 2284 2286 7377
2 2 2370 2286 7384
2 2 124 2199 7295
2 2 312 4241 6733
2 2 204 5839 7305
1 2 7385 2322 6743
1 2 1949 7357 6746
1 2 298 1950 7386
2 2 323 2515 7387
2 2 7245 179 8186
2 2 2320 1943 7364
2 2 245 2307 7388
1 2 928 2215 7255
2 2 2354 3501 6757
2 2 129 5215 7359
1 2 2324 4614 7369
2 2 274 3565 7382
1 2 638 5956 7372
2 2 2365 3505 7365
2 2 17 4905 7299
1 2 7389 353 9179
2 2 2383 2128 6770
2 2 199 3553 7390
2 2 409 5803 7379
2 2 4553 4115 7300
2 2 8 4790 7391
2 2 2345 2014 6776
2 2 339 5304 7284
2 2 2390 2203 6779
1 2 2350 2030 6782
1 2 7392 2246 7052
1 2 7393 532 6950
2 2 2416 4112 6790
2 2 1385 2417 7265
1 2 2446 2448 7201
1 2 152 7330 6794
2 2 2455 2550 6796
2 2 1078 2456 7269
2 2 6800 2465 7615
2 2 612 2466 7394
2 2 6802 2473 7890
2 2 746 2474 7395
1 2 2479 2481 7277
1 2 151 2480 6867
1 2 1876 2483 7396
1 2 666 3916 6807
1 2 255 2664 6810
2 2 3015 2496 7397
2 2 2515 2517 6898
2 2 468 3831 6816
2 2 389 6796 6871
2 2 6820 2557 7969
2 2 1082 2558 7398
2 2 399 7173 6825
1 2 2561 6882 6834
1 2 426 6168 6836
1 2 422 5135 7190
1 2 149 4107 6827
2 2 2569 2571 6870
2 2 2569 2852 6829
2 2 18 7181 6830
2 2 1880 2571 7194
2 2 208 2822 6837
2 2 2585 3106 6839
2 2 1317 2586 7289
2 2 387 4157 6842
1 2 538 5124 7211
1 2 505 4205 6844
1 2 2594 6224 6903
2 2 178 5898 7236
2 2 1735 2615 7399
2 2 2634 2636 6909
2 2 2704 2706 6911
1 2 217 2714 7097
2 2 7112 1257 7901
2 2 976 2736 7400
2 2 2783 313 7401
2 2 6852 790 6998
2 2 2814 5611 6853
1 2 7402 790 6854
2 2 1338 2831 7403
2 2 1359 2834 7404
1 2 251 3930 6860
1 2 227 6921 6863
2 2 1019 2846 7405
1 2 1875 2849 7406
2 2 247 2929 6873
2 2 2853 4697 6875
2 2 1083 2854 7260
2 2 478 4125 6879
2 2 7407 4586 8945
1 2 1395 2921 7408
1 2 505 7126 7302
1 2 3041 2935 7409
2 2 2935 5992 6889
2 2 3086 2962 7246
2 2 9058 9059 8455
1 2 809 2969 7241
1 2 425 3590 7408
1 2 3010 2766 6923
1 2 723 2714 6916
2 2 2976 3145 6929
1 2 7410 790 7402
2 2 3478 6852 6998
2 2 7411 568 6938
2 2 210 2979 7412
1 2 3078 5034 6914
2 2 3040 2579 6915
1 2 3007 2651 6917
1 2 740 5030 6918
1 2 3009 3897 6920
1 2 1027 4661 6926
1 2 3019 4065 6928
1 2 3140 3656 7410
2 2 637 3144 7224
2 2 3192 3191 7413
2 2 1976 3193 7387
2 2 3207 3209 7039
2 2 1853 3213 7414
2 2 1089 3234 7415
2 2 3253 3255 7057
2 2 1541 3265 7416
1 2 534 7331 6958
1 2 3646 3440 7417
2 2 3440 5962 6960
2 2 7418 800 6961
1 2 1691 3445 7419
1 2 1395 3446 7420
2 2 3456 4862 6967
1 2 3649 3457 7421
2 2 6970 56 7034
1 2 7422 56 6972
2 2 6976 1772 6974
1 2 3650 3461 7423
2 2 6982 755 6980
1 2 3651 3464 7424
1 2 7425 755 6984
2 2 6988 1775 6986
1 2 3613 3467 7426
2 2 3469 5674 6992
1 2 3652 3470 7427
1 2 3653 3471 7428
2 2 3471 5997 6995
2 2 7429 416 6996
1 2 3656 3479 7430
1 2 3657 3480 7431
2 2 7432 467 7002
2 2 3602 3481 7240
1 2 3614 3483 7433
1 2 7434 800 7009
2 2 3584 3484 7418
1 2 3659 3486 7435
2 2 7436 1093 7014
2 2 3632 3487 7261
1 2 3660 3489 7437
1 2 7438 416 7021
2 2 3654 3490 7429
2 2 7024 1113 7054
1 2 7439 1113 7026
2 2 7030 1814 7028
1 2 3640 3494 7440
2 2 3496 6970 7034
1 2 3661 3497 7441
2 2 7036 252 9446
1 2 7442 252 7038
2 2 434 6757 7040
2 2 7443 1620 8017
1 2 1465 3510 7444
1 2 1768 3511 7445
1 2 7446 1093 7047
2 2 3580 3529 7436
2 2 7050 2246 7083
2 2 3532 7024 7054
1 2 3670 3533 7447
2 2 1318 4222 7288
2 2 1084 4091 7259
1 2 7448 755 7425
1 2 7449 800 7434
2 2 3615 5937 7060
2 2 4479 7050 7083
1 2 7450 1093 7446
1 2 7451 1113 7439
2 2 1618 4379 7443
1 2 7452 56 7422
2 2 3658 4503 7432
1 2 7453 416 7438
1 2 7454 252 7442
1 2 3663 4852 7454
1 2 3664 3653 7453
1 2 3666 3661 7452
1 2 56 7452 7441
1 2 287 6072 7427
1 2 416 7453 7428
2 2 3647 3644 7066
2 2 3585 3458 7070
1 2 790 7410 7430
1 2 3676 3651 7448
1 2 3677 3646 7449
1 2 3673 3659 7450
1 2 3674 3670 7451
1 2 800 7449 7417
1 2 3667 3649 7455
1 2 755 7448 7424
1 2 3668 3657 7456
1 2 1093 7450 7435
1 2 1113 7451 7447
2 2 756 3752 7457
2 2 4119 2392 7458
2 2 3035 4383 7182
1 2 4861 4400 7459
1 2 4870 4480 7460
1 2 7461 4 7085
2 2 4896 4585 7462
2 2 1519 4120 7463
1 2 7464 4 7461
1 2 4737 3883 7099
1 2 5814 4953 7105
1 2 1249 4603 7406
1 2 2096 7106 6666
2 2 400 5782 7322
2 2 3616 7058 6089
2 2 2417 1140 7107
2 2 2417 7107 6792
2 2 3145 2976 7108
2 2 3144 7108 6937
2 2 1822 7109 6090
2 2 363 7110 6091
2 2 1544 7111 6450
2 2 2276 7112 6723
2 2 1192 940 7113
2 2 2345 7113 6752
2 2 7114 508 8522
2 2 508 7114 6435
2 2 511 813 7243
2 2 7115 517 8374
2 2 517 7115 6588
2 2 2354 5304 7116
2 2 3501 7116 7043
2 2 2317 4803 7117
2 2 2285 7117 6730
2 2 648 7118 6100
2 2 826 3542 7400
1 2 424 3603 7175
1 2 2447 830 7119
1 2 2447 7119 6795
2 2 2456 1077 7120
2 2 2456 7120 6798
1 2 1697 5936 7121
1 2 1696 7121 6539
1 2 545 5875 7385
1 2 549 2323 7209
1 2 1464 1469 7122
1 2 3133 7122 6935
1 2 7123 1521 9440
1 2 1521 7123 6781
1 2 1949 7124 6605
2 2 1834 1746 7125
2 2 3264 7125 6954
1 2 2592 7126 6843
1 2 742 7127 6109
1 2 1701 7128 6546
2 2 2474 745 7129
2 2 2474 7129 6804
2 2 398 2559 7346
2 2 1570 7130 6464
2 2 1964 7131 6608
2 2 672 2180 7132
2 2 672 7132 6572
2 2 2830 7133 6113
2 2 1967 1132 7134
2 2 1967 7134 6611
2 2 313 1614 7405
2 2 412 1644 7270
2 2 1970 1217 7135
2 2 1970 7135 6614
1 2 1498 2921 7420
1 2 1983 7136 6115
1 2 1981 7137 6116
1 2 2484 7138 6118
2 2 434 3209 7323
2 2 590 4637 7291
2 2 1227 2049 7139
2 2 2063 7139 6641
2 2 658 2997 7267
2 2 659 2998 7374
2 2 1727 1723 7140
2 2 1726 7140 6561
2 2 9061 9062 9060
2 2 1417 7141 6404
2 2 7244 818 8597
2 2 442 1657 7414
2 2 958 4760 7142
2 2 3553 7142 7068
2 2 450 3622 7180
2 2 1597 7143 6482
2 2 844 4633 7248
1 2 2713 2719 7144
1 2 2713 7144 7098
2 2 1228 4429 7273
2 2 967 2776 7257
1 2 727 3867 7145
1 2 727 7145 7104
1 2 1229 6365 6133
1 2 2839 6921 6134
1 2 1465 6593 7146
1 2 3510 7146 7045
1 2 1276 1864 7465
1 2 2028 6600 6136
1 2 1933 6597 6137
2 2 1867 4739 7147
2 2 2735 7147 6850
1 2 7148 835 7801
1 2 835 7148 6924
1 2 828 2217 7380
2 2 2293 7149 6732
2 2 772 7149 7376
2 2 1214 4800 7403
2 2 906 4182 7150
2 2 2833 7150 6858
2 2 3193 1975 7151
2 2 3193 7151 6944
2 2 2522 1247 7152
2 2 2521 7152 6818
2 2 284 7153 6139
2 2 3052 7154 6140
2 2 7155 1615 8071
2 2 2349 7155 6755
2 2 2053 7156 6632
2 2 1240 4664 7383
2 2 2782 7157 6143
2 2 1177 7158 6146
2 2 1867 4671 7159
2 2 1673 7159 6519
1 2 539 4828 7332
1 2 2356 4718 7160
1 2 2172 7160 6689
1 2 2060 549 7161
1 2 2060 7161 6639
2 2 1557 4844 7162
2 2 3751 7162 7074
1 2 9063 9064 8642
1 2 9066 9067 9065
1 2 2324 7163 6744
1 2 2848 7164 6149
2 2 1835 6233 7311
2 2 2832 7165 6152
2 2 975 3623 7166
2 2 2277 7166 6727
1 2 3203 3201 7252
1 2 2360 5955 7167
1 2 2360 7167 6788
1 2 540 7168 6154
1 2 3023 6925 6155
2 2 1822 5836 7169
2 2 1822 7169 6596
2 2 368 4782 7308
2 2 1629 6448 6157
2 2 1543 7170 6158
2 2 380 3031 7366
1 2 1103 7171 6159
2 2 1203 3093 7172
2 2 2587 7172 6838
2 2 1633 7173 6164
2 2 7197 404 7993
2 2 804 5967 7378
2 2 1064 7174 6317
2 2 7296 415 8545
1 2 424 7175 6166
1 2 4707 6826 6167
1 2 2562 6885 6169
1 2 2560 6882 6170
2 2 1652 402 7176
2 2 1652 7176 6507
2 2 3213 444 7177
2 2 3213 7177 6947
2 2 1656 443 7178
2 2 1656 7178 6510
2 2 1659 447 7179
2 2 1658 7179 6512
2 2 450 7180 6172
2 2 2570 7181 6176
2 2 454 4687 7415
2 2 2937 7182 6890
2 2 1148 3100 7183
2 2 2005 7183 6625
2 2 323 7184 6180
2 2 1638 5782 7185
2 2 1635 7185 6502
2 2 791 1261 7186
2 2 4605 7186 7090
2 2 368 7187 6184
2 2 4630 7188 6185
2 2 1219 4804 7404
2 2 2366 5965 7189
2 2 2306 7189 6737
1 2 2568 7190 6187
1 2 1876 1649 7191
1 2 2584 7191 6835
2 2 1317 3643 7192
2 2 2586 7192 6841
2 2 1083 3630 7193
2 2 2854 7193 6877
2 2 1666 7194 6515
2 2 451 1114 7394
1 2 3516 7195 6191
2 2 1082 3696 7196
2 2 2558 7196 6824
2 2 404 7197 6193
2 2 1252 4776 7384
2 2 766 1220 7198
2 2 3190 7198 6940
1 2 3222 1362 7199
1 2 3221 7199 6949
2 2 1976 7200 6616
1 2 1882 3041 7466
1 2 2446 7201 6203
2 2 490 7184 7413
1 2 9069 9070 9068
2 2 2099 2097 7242
2 2 1546 7202 6209
2 2 1403 522 7203
2 2 1402 7203 6399
2 2 521 4607 7399
2 2 3675 7204 6211
1 2 533 3687 7370
2 2 1154 7205 6216
2 2 1152 7206 6217
1 2 1699 7207 6219
1 2 2108 2106 7367
1 2 7208 352 9178
1 2 2322 7208 6741
1 2 1157 7209 6337
1 2 7389 550 8325
1 2 353 7389 7362
1 2 1475 6431 6222
1 2 2927 7210 6223
1 2 2594 7211 6225
2 2 557 2477 7313
2 2 1702 7212 6548
2 2 1713 7213 6554
2 2 125 5905 7333
2 2 573 7214 7056
2 2 9072 9073 9071
2 2 1846 7215 6576
2 2 1891 3852 7216
2 2 1991 7216 6620
2 2 2123 7217 6228
2 2 1989 6618 6229
2 2 1725 586 7218
2 2 1724 7218 6560
2 2 1523 1987 7219
2 2 1404 7219 6400
2 2 2103 7220 6232
1 2 2141 628 7221
1 2 2141 7221 6675
1 2 2144 632 7222
1 2 2143 7222 6677
1 2 357 4614 7357
1 2 2153 2095 7371
2 2 641 4720 7416
2 2 1745 7223 6238
2 2 637 7224 6581
2 2 542 7225 6240
2 2 1748 7226 6241
2 2 2614 7227 6244
2 2 527 3162 7228
2 2 3042 7228 6906
1 2 1691 2922 7229
1 2 3445 7229 6965
1 2 3266 7230 6957
1 2 1364 4828 7231
1 2 1695 7231 6541
2 2 636 5892 7312
2 2 653 7143 6246
2 2 1598 7232 6247
2 2 7233 592 7732
2 2 2382 7233 6767
2 2 1897 4631 7234
2 2 1747 7234 6566
2 2 1048 3141 7235
2 2 1048 7235 6769
2 2 2615 7236 6249
2 2 7317 79 8571
2 2 1447 703 7237
2 2 1446 7237 6411
1 2 228 1956 7238
1 2 228 7238 6919
2 2 286 757 7457
2 2 2181 7239 6704
2 2 3485 7240 7008
1 2 3589 7241 6259
2 2 513 7242 6261
2 2 2098 7243 6262
1 2 2210 6685 6264
1 2 2157 6682 6265
2 2 818 7244 6270
2 2 3053 7245 6271
2 2 187 2600 7395
2 2 2829 7149 6274
2 2 4402 7246 7081
2 2 825 3031 7247
2 2 2297 7247 6734
2 2 844 7248 6276
2 2 3057 7249 6277
1 2 2308 2018 7250
1 2 2027 7250 6627
1 2 1903 3613 7467
2 2 860 802 7251
2 2 2516 7251 6815
1 2 863 7252 6279
1 2 3202 6603 6280
1 2 1906 3614 7468
2 2 886 3026 7253
2 2 2981 7253 6901
1 2 227 5033 7254
1 2 227 7254 6922
1 2 3012 7255 6289
2 2 966 3032 7256
2 2 3564 7256 7063
2 2 967 7257 7062
2 2 976 3565 7268
1 2 329 2481 7258
1 2 329 7258 6927
2 2 2259 7157 6312
2 2 2784 2782 7401
2 2 82 3026 7266
2 2 18 2852 7398
2 2 1084 7259 6319
2 2 3579 7260 6320
2 2 3491 7261 7020
1 2 1982 7262 6323
2 2 1105 1107 7272
2 2 42 7263 6326
2 2 478 7264 6328
2 2 2261 2082 7358
2 2 4120 4118 7458
2 2 2393 7265 6773
2 2 1153 6899 6333
2 2 82 7266 6334
2 2 658 7267 6345
2 2 2736 7268 6848
1 2 1200 4198 7281
2 2 4617 7269 7093
1 2 2926 7126 6349
2 2 374 7174 6351
2 2 2403 7270 6352
1 2 2275 7271 6354
2 2 2068 7272 6647
2 2 7373 172 7850
2 2 1228 7273 6363
2 2 4791 6716 6364
1 2 2842 6805 6369
1 2 2482 7138 6370
2 2 3014 4652 7274
2 2 2495 7274 6812
2 2 1232 4758 7397
1 2 9075 9076 9074
1 2 2059 7275 6637
2 2 2847 1039 7276
2 2 2846 7276 6865
1 2 2479 7277 6373
2 2 1251 4778 7361
1 2 1258 7278 6375
2 2 2550 1080 7279
2 2 2550 7279 6872
2 2 158 7214 6381
2 2 2341 6774 7388
1 2 233 7280 6384
1 2 5798 7281 6385
1 2 2990 6809 6391
2 2 1818 7344 7282
2 2 3638 7282 7072
1 2 7283 1258 7286
1 2 1258 7283 7278
2 2 2051 7284 6394
1 2 1910 3640 7469
2 2 2873 1138 7285
2 2 2872 7285 6880
1 2 1883 7283 7286
1 2 1676 7286 7069
1 2 7465 1273 7287
1 2 4813 7287 7096
2 2 1318 7288 6396
2 2 3561 7289 6397
2 2 1412 7290 6402
2 2 510 6436 6403
2 2 590 7291 6405
2 2 1418 7292 6408
2 2 1448 7293 6412
1 2 2151 7294 6415
2 2 1928 7295 6417
2 2 1300 7296 6421
1 2 2921 1498 7297
1 2 2560 7297 6883
2 2 4216 7298 6424
2 2 335 2048 7363
2 2 4841 7299 6425
2 2 2368 7300 6426
2 2 4552 7301 6427
1 2 2928 7302 6432
1 2 1473 1280 7303
1 2 2493 7303 6808
2 2 1493 1337 7304
2 2 1702 7304 6550
2 2 2298 7305 6441
1 2 2353 7306 6445
1 2 1510 1344 7307
1 2 2840 7307 6861
2 2 368 7308 6449
2 2 1545 7111 6489
2 2 1560 7309 6456
2 2 1566 7310 6459
2 2 1565 7311 6461
2 2 636 7312 6462
2 2 1567 1569 7318
2 2 1572 7212 6465
2 2 557 7313 6467
2 2 1572 7130 6549
2 2 1578 7213 6471
2 2 1577 7314 6473
2 2 212 7315 6476
2 2 1599 7316 6483
2 2 79 7317 6485
2 2 1627 7318 6491
2 2 1628 7319 6493
2 2 122 7320 6494
2 2 1632 7321 6497
2 2 400 7322 6500
2 2 1634 7320 6503
2 2 122 7319 6504
2 2 434 7323 6506
2 2 57 7324 6509
2 2 1660 7325 6513
2 2 4383 1669 7326
2 2 4383 7326 7078
2 2 7470 1675 7328
2 2 3457 1676 7327
2 2 3457 7327 6969
2 2 1677 7328 6522
1 2 502 7106 6525
2 2 1686 7329 6529
1 2 1693 7330 6533
1 2 532 1692 7419
1 2 1692 7331 6535
1 2 534 7230 6536
1 2 539 6543 6542
1 2 539 7332 6544
2 2 125 7333 6551
2 2 1723 7334 6558
2 2 1738 1740 7347
2 2 1739 7335 6563
2 2 48 7336 6564
2 2 642 7337 6565
2 2 3481 1795 7338
2 2 3480 7338 7001
2 2 3484 1794 7339
2 2 3483 7339 7007
2 2 4401 1803 7340
2 2 4400 7340 7080
2 2 3487 1811 7341
2 2 3486 7341 7013
2 2 3490 1810 7342
2 2 3489 7342 7019
2 2 3499 1820 7343
2 2 3498 7343 7037
2 2 1818 4756 7344
2 2 1819 7344 6579
1 2 1273 7345 6567
2 2 1631 7346 6570
2 2 2132 7347 6671
1 2 154 1649 7396
1 2 1885 4861 7471
1 2 1886 3660 7472
1 2 3512 7348 6585
1 2 1902 3650 7473
1 2 1875 1647 7349
1 2 2849 7349 6868
1 2 7466 1667 7350
1 2 4382 7350 7076
1 2 7471 1802 7351
1 2 2961 7351 6891
1 2 7472 1809 7352
1 2 3486 7352 7015
1 2 7473 1772 7353
1 2 3464 7353 6978
1 2 7467 1775 7354
1 2 3470 7354 6990
1 2 7468 1793 7355
1 2 3480 7355 7003
1 2 7469 1814 7356
1 2 3497 7356 7032
2 2 168 1943 7368
1 2 357 7357 6604
1 2 635 7124 6745
2 2 803 7131 6712
2 2 412 7358 6610
2 2 129 7359 6613
2 2 325 7360 6617
2 2 1251 7361 6630
2 2 2055 7239 6633
2 2 771 7156 6698
1 2 353 7362 6638
2 2 335 7363 6642
2 2 2069 7364 6645
2 2 2074 7365 6651
2 2 380 7366 6657
2 2 771 6697 6663
1 2 547 7367 6742
1 2 502 7128 6667
2 2 168 7368 6670
1 2 2149 7369 6680
1 2 533 7370 6681
1 2 2153 7371 6789
1 2 638 7372 6690
2 2 172 7373 6692
2 2 659 7374 6696
2 2 136 5056 7375
2 2 136 7375 6703
2 2 772 7376 6701
2 2 2204 7377 6706
2 2 804 7378 6710
2 2 409 7379 6715
2 2 2207 2209 7390
1 2 828 7380 6720
2 2 3529 2236 7381
2 2 3529 7381 7049
2 2 274 7382 6724
2 2 1240 7383 6728
2 2 1252 7384 6731
1 2 2107 7385 6743
1 2 2325 4768 7386
1 2 2325 7386 6784
2 2 1976 7387 6897
2 2 2341 7388 6786
1 2 2374 4870 7474
1 2 550 7389 6787
2 2 2207 7390 7067
2 2 7391 2392 7851
2 2 2392 7391 7100
1 2 7474 2246 7392
1 2 3533 7392 7052
1 2 2377 3687 7393
1 2 3223 7393 6950
2 2 479 7265 6791
2 2 389 7269 6797
2 2 451 7394 6801
2 2 187 7395 6803
1 2 154 7396 6806
2 2 1232 7397 6813
2 2 18 7398 6821
2 2 455 7194 6833
2 2 474 7289 6840
2 2 2595 2597 7411
2 2 521 7399 6845
2 2 274 7112 6846
2 2 826 7400 6851
2 2 2784 7401 6866
1 2 2816 7402 6854
2 2 1214 7403 6856
2 2 1219 7404 6859
2 2 313 7405 6864
1 2 1249 7406 6869
2 2 390 7260 6876
2 2 4585 2913 7407
2 2 4585 7407 7087
1 2 425 7408 6886
1 2 1667 7409 6888
2 2 1802 7246 6892
1 2 849 2716 7444
1 2 3091 7410 7402
2 2 3146 7411 6938
2 2 3004 3104 7412
2 2 3004 7412 6931
1 2 729 3060 7445
2 2 568 7224 6936
2 2 490 7413 6941
2 2 323 7387 6943
2 2 442 7414 6946
2 2 454 7415 6952
2 2 641 7416 6955
1 2 800 7417 6959
2 2 3442 7418 6961
1 2 532 7419 6962
1 2 1498 7420 6966
1 2 473 7421 6968
1 2 3461 7422 6972
2 2 3460 6976 6974
1 2 1772 7423 6975
2 2 3463 6982 6980
1 2 755 7424 6981
1 2 3467 7425 6984
2 2 3466 6988 6986
1 2 1775 7426 6987
1 2 287 7427 6993
1 2 416 7428 6994
2 2 3473 7429 6996
1 2 790 7430 6999
1 2 467 7431 7000
2 2 3482 7432 7002
2 2 1793 7240 7004
1 2 1793 7433 7006
1 2 3483 7434 7009
2 2 800 7418 7010
1 2 1093 7435 7012
2 2 3488 7436 7014
2 2 1809 7261 7016
1 2 1809 7437 7018
1 2 3489 7438 7021
2 2 416 7429 7022
1 2 3494 7439 7026
2 2 3493 7030 7028
1 2 1814 7440 7029
1 2 56 7441 7035
1 2 3500 7442 7038
2 2 1618 7443 7044
1 2 849 7444 7348
1 2 729 7445 7046
1 2 3528 7446 7047
2 2 1093 7436 7048
1 2 1113 7447 7055
1 2 3613 7448 7425
1 2 3614 7449 7434
1 2 3639 7450 7446
1 2 3640 7451 7439
1 2 3650 7452 7422
1 2 3660 7453 7438
1 2 3662 7454 7442
1 2 7455 473 9447
1 2 7456 467 9471
1 2 473 7455 7421
1 2 467 7456 7431
2 2 286 7457 7075
2 2 4120 7458 7102
2 2 1667 7182 7077
1 2 1802 7459 7079
1 2 2246 7460 7084
1 2 4584 7461 7085
2 2 4 7462 7086
2 2 4790 7463 7101
1 2 4895 7464 7461
1 2 1273 7465 7345
1 2 1667 7466 7409
1 2 1775 7467 7426
1 2 1793 7468 7433
1 2 1814 7469 7440
1 2 4818 7465 7287
2 2 385 4704 7470
2 2 1677 7470 7328
1 2 1802 7471 7459
1 2 1809 7472 7437
1 2 1772 7473 7423
1 2 4852 7466 7350
1 2 3130 7471 7351
1 2 3659 7472 7352
1 2 3651 7473 7353
1 2 3652 7467 7354
1 2 3657 7468 7355
1 2 3661 7469 7356
1 2 2246 7474 7460
1 2 3670 7474 7392
2 2 3142 7475 7477
2 2 7475 3143 7476
2 2 7477 7476 3141
1 2 2314 7478 7480
1 2 7478 769 7479
1 2 7480 7479 2683
2 2 1928 7481 7483
2 2 7481 1929 7482
2 2 7483 7482 1927
2 2 2423 7484 7486
2 2 7484 2424 7485
2 2 7486 7485 2422
2 2 1479 7487 7489
2 2 7487 520 7488
2 2 7489 7488 4607
2 2 1482 7490 7492
2 2 7490 703 7491
2 2 7492 7491 3599
2 2 2441 7493 7495
2 2 7493 2442 7494
2 2 7495 7494 2440
1 2 2444 7496 7498
1 2 7496 2445 7497
1 2 7498 7497 2443
1 2 681 7499 7501
1 2 7499 682 7500
1 2 7501 7500 1483
2 2 893 7502 7504
2 2 7502 894 7503
2 2 7504 7503 2751
2 2 1940 7505 7507
2 2 7505 1941 7506
2 2 7507 7506 1939
2 2 1943 7508 7510
2 2 7508 1944 7509
2 2 7510 7509 1942
2 2 1946 7511 7513
2 2 7511 1947 7512
2 2 7513 7512 1945
2 2 1165 7514 7516
2 2 7514 1207 7515
2 2 7516 7515 2827
1 2 730 7517 7519
1 2 7517 731 7518
1 2 7519 7518 3617
1 2 2326 7520 7522
1 2 7520 633 7521
1 2 7522 7521 2166
2 2 2328 7523 7525
2 2 7523 1826 7524
2 2 7525 7524 2303
2 2 1218 7526 7528
2 2 7526 517 7527
2 2 7528 7527 1168
2 2 2994 7529 7531
2 2 7529 662 7530
2 2 7531 7530 2967
1 2 1645 7532 7534
1 2 7532 419 7533
1 2 7534 7533 4683
1 2 876 7535 7537
1 2 7535 359 7536
1 2 7537 7536 859
2 2 1224 7538 7540
2 2 7538 330 7539
2 2 7540 7539 1036
2 2 962 7541 7543
2 2 7541 1225 7542
2 2 7543 7542 4691
2 2 895 7544 7546
2 2 7544 386 7545
2 2 7546 7545 4643
2 2 2211 7547 7549
2 2 7547 1142 7548
2 2 7549 7548 4749
2 2 1741 7550 7552
2 2 7550 617 7551
2 2 7552 7551 2607
2 2 609 7553 7555
2 2 7553 662 7554
2 2 7555 7554 2342
1 2 744 7556 7558
1 2 7556 668 7557
1 2 7558 7557 5527
2 2 1431 7559 7561
2 2 7559 621 7560
2 2 7561 7560 1430
1 2 3187 7562 7564
1 2 7562 3188 7563
1 2 7564 7563 3186
1 2 2358 7565 7567
1 2 7565 1211 7566
1 2 7567 7566 3407
2 2 1620 7568 7570
2 2 7568 309 7569
2 2 7570 7569 2423
2 2 2045 7571 7573
2 2 7571 2046 7572
2 2 7573 7572 2044
1 2 1243 7574 7576
1 2 7574 296 7575
1 2 7576 7575 2353
2 2 968 7577 7579
2 2 7577 951 7578
2 2 7579 7578 3108
1 2 2227 7580 7582
1 2 7580 1149 7581
1 2 7582 7581 5832
1 2 2057 7583 7585
1 2 7583 2058 7584
1 2 7585 7584 2056
1 2 2358 7586 7588
1 2 7586 639 7587
1 2 7588 7587 2175
2 2 887 7589 7591
2 2 7589 1047 7590
2 2 7591 7590 2332
2 2 1051 7592 7594
2 2 7592 309 7593
2 2 7594 7593 3578
2 2 1509 7595 7597
2 2 7595 566 7596
2 2 7597 7596 2819
2 2 1241 7598 7600
2 2 7598 280 7599
2 2 7600 7599 984
1 2 1244 7601 7603
1 2 7601 304 7602
1 2 7603 7602 1014
1 2 118 7604 7606
1 2 7604 362 7605
1 2 7606 7605 349
2 2 3030 7607 7609
2 2 7607 1495 7608
2 2 7609 7608 2924
2 2 2555 7610 7612
2 2 7610 2556 7611
2 2 7612 7611 2554
2 2 2465 7613 7615
2 2 7613 452 7614
2 2 7615 7614 3729
2 2 788 7616 7618
2 2 7616 789 7617
2 2 7618 7617 1182
2 2 1913 7619 7621
2 2 7619 457 7620
2 2 7621 7620 1863
1 2 1805 7622 7624
1 2 7622 460 7623
1 2 7624 7623 3180
2 2 2564 7625 7627
2 2 7625 2565 7626
2 2 7627 7626 2563
1 2 2988 7628 7630
1 2 7628 829 7629
1 2 7630 7629 4746
2 2 2083 7631 7633
2 2 7631 2084 7632
2 2 7633 7632 2082
2 2 3225 7634 7636
2 2 7634 3226 7635
2 2 7636 7635 3224
2 2 1856 7637 7639
2 2 7637 437 7638
2 2 7639 7638 3583
2 2 2086 7640 7642
2 2 7640 2087 7641
2 2 7642 7641 2085
2 2 3231 7643 7645
2 2 7643 3232 7644
2 2 7645 7644 3230
2 2 2372 7646 7648
2 2 7646 513 7647
2 2 7648 7647 4704
1 2 2582 7649 7651
1 2 7649 2583 7650
1 2 7651 7650 2581
2 2 2225 7652 7654
2 2 7652 1512 7653
2 2 7654 7653 4326
1 2 1151 7655 7657
1 2 7655 460 7656
1 2 7657 7656 4708
2 2 1394 7658 7660
2 2 7658 435 7659
2 2 7660 7659 3208
2 2 2826 7661 7663
2 2 7661 509 7662
2 2 7663 7662 7114
2 2 2376 7664 7666
2 2 7664 518 7665
2 2 7666 7665 7115
2 2 3239 7667 7669
2 2 7667 3240 7668
2 2 7669 7668 3238
2 2 3242 7670 7672
2 2 7670 3243 7671
2 2 7672 7671 3241
2 2 2119 7673 7675
2 2 7673 2120 7674
2 2 7675 7674 2118
2 2 1716 7676 7678
2 2 7676 1717 7677
2 2 7678 7677 1715
2 2 189 7679 7681
2 2 7679 597 7680
2 2 7681 7680 1501
2 2 611 7682 7684
2 2 7682 213 7683
2 2 7684 7683 612
2 2 230 7685 7687
2 2 7685 616 7686
2 2 7687 7686 3557
2 2 3248 7688 7690
2 2 7688 3249 7689
2 2 7690 7689 3247
1 2 626 7691 7693
1 2 7691 264 7692
1 2 7693 7692 2346
1 2 115 7694 7696
1 2 7694 626 7695
1 2 7696 7695 2021
1 2 2167 7697 7699
1 2 7697 634 7698
1 2 7699 7698 3196
2 2 1898 7700 7702
2 2 7700 642 7701
2 2 7702 7701 3626
1 2 2308 7703 7705
1 2 7703 624 7704
1 2 7705 7704 2346
2 2 2160 7706 7708
2 2 7706 2161 7707
2 2 7708 7707 2097
2 2 3259 7709 7711
2 2 7709 3260 7710
2 2 7711 7710 3238
1 2 2357 7712 7714
1 2 7712 549 7713
1 2 7714 7713 4794
2 2 1707 7715 7717
2 2 7715 889 7716
2 2 7717 7716 2820
2 2 573 7718 7720
2 2 7718 643 7719
2 2 7720 7719 2313
2 2 2373 7721 7723
2 2 7721 1379 7722
2 2 7723 7722 4726
1 2 2143 7724 7726
1 2 7724 1243 7725
1 2 7726 7725 2279
1 2 2175 7727 7729
1 2 7727 2176 7728
1 2 7729 7728 2174
2 2 592 7730 7732
2 2 7730 173 7731
2 2 7732 7731 2997
1 2 1278 7733 7735
1 2 7733 103 7734
1 2 7735 7734 5047
1 2 686 7736 7738
1 2 7736 68 7737
1 2 7738 7737 2693
2 2 715 7739 7741
2 2 7739 184 7740
2 2 7741 7740 3607
2 2 714 7742 7744
2 2 7742 713 7743
2 2 7744 7743 3056
1 2 733 7745 7747
1 2 7745 221 7746
1 2 7747 7746 3608
1 2 113 7748 7750
1 2 7748 744 7749
1 2 7750 7749 3062
2 2 2184 7751 7753
2 2 7751 670 7752
2 2 7753 7752 2622
2 2 2527 7754 7756
2 2 7754 338 7755
2 2 7756 7755 2623
2 2 789 7616 7758
2 2 7616 788 7757
2 2 7758 7757 3730
2 2 463 7759 7761
2 2 7759 796 7760
2 2 7761 7760 3036
1 2 2683 7762 7764
1 2 7762 2684 7763
1 2 7764 7763 2682
2 2 738 7765 7767
2 2 7765 818 7766
2 2 7767 7766 2163
1 2 2694 7768 7770
1 2 7768 2695 7769
1 2 7770 7769 2693
2 2 776 7771 7773
2 2 7771 79 7772
2 2 7773 7772 2290
1 2 720 7774 7776
1 2 7774 725 7775
1 2 7776 7775 4644
1 2 2992 7777 7779
1 2 7777 837 7778
1 2 7779 7778 4734
1 2 741 7780 7782
1 2 7780 838 7781
1 2 7782 7781 3061
2 2 2113 7783 7785
2 2 7783 803 7784
2 2 7785 7784 2205
2 2 2996 7786 7788
2 2 7786 779 7787
2 2 7788 7787 4742
2 2 2321 7789 7791
2 2 7789 844 7790
2 2 7791 7790 1946
2 2 2219 7792 7794
2 2 7792 853 7793
2 2 7794 7793 2071
1 2 917 7795 7797
1 2 7795 847 7796
1 2 7797 7796 3059
2 2 2226 7798 7800
2 2 7798 2189 7799
2 2 7800 7799 2225
1 2 2357 7801 7803
1 2 7801 835 7802
1 2 7803 7802 4770
2 2 2748 7804 7806
2 2 7804 2442 7805
2 2 7806 7805 2747
2 2 2750 7807 7809
2 2 7807 2454 7808
2 2 7809 7808 2749
2 2 237 7810 7812
2 2 7810 935 7811
2 2 7812 7811 3558
1 2 296 7813 7815
1 2 7813 997 7814
1 2 7815 7814 4659
1 2 304 7816 7818
1 2 7816 1015 7817
1 2 7818 7817 4660
1 2 328 7819 7821
1 2 7819 1031 7820
1 2 7821 7820 3572
2 2 1047 7589 7823
2 2 7589 887 7822
2 2 7823 7822 2984
2 2 336 7824 7826
2 2 7824 1048 7825
2 2 7826 7825 2332
2 2 340 7827 7829
2 2 7827 1051 7828
2 2 7829 7828 3577
2 2 342 7830 7832
2 2 7830 1053 7831
2 2 7832 7831 2536
2 2 1081 7833 7835
2 2 7833 1080 7834
2 2 7835 7834 2549
2 2 2077 7836 7838
2 2 7836 2368 7837
2 2 7838 7837 4789
2 2 1520 7839 7841
2 2 7839 1140 7840
2 2 7841 7840 1387
2 2 508 7842 7844
2 2 7842 1166 7843
2 2 7844 7843 3595
2 2 188 7845 7847
2 2 7845 1173 7846
2 2 7847 7846 1175
2 2 172 7848 7850
2 2 7848 1176 7849
2 2 7850 7849 1178
2 2 4906 7851 7853
2 2 7851 2392 7852
2 2 7853 7852 4864
2 2 1140 7854 7856
2 2 7854 500 7855
2 2 7856 7855 2975
2 2 1144 7857 7859
2 2 7857 1191 7858
2 2 7859 7858 2086
2 2 4153 7860 7862
2 2 7860 4154 7861
2 2 7862 7861 4152
2 2 1176 7848 7864
2 2 7848 172 7863
2 2 7864 7863 3447
1 2 1033 7865 7867
1 2 7865 1199 7866
1 2 7867 7866 4774
2 2 1081 7868 7870
2 2 7868 388 7869
2 2 7870 7869 4799
2 2 2827 7871 7873
2 2 7871 2828 7872
2 2 7873 7872 2826
1 2 2988 7874 7876
1 2 7874 1212 7875
1 2 7876 7875 4732
2 2 2115 7877 7879
2 2 7877 1132 7878
2 2 7879 7878 2260
2 2 935 7880 7882
2 2 7880 1217 7881
2 2 7882 7881 3620
2 2 1023 7883 7885
2 2 7883 1223 7884
2 2 7885 7884 3231
2 2 2328 7886 7888
2 2 7886 1246 7887
2 2 7888 7887 1985
2 2 2850 7889 7891
2 2 7889 2851 7890
2 2 7891 7890 2473
2 2 3403 7892 7894
2 2 7892 3404 7893
2 2 7894 7893 3402
1 2 1322 7895 7897
1 2 7895 1200 7896
1 2 7897 7896 5524
2 2 2857 7898 7900
2 2 7898 2858 7899
2 2 7900 7899 2856
2 2 2734 7901 7903
2 2 7901 1257 7902
2 2 7903 7902 4779
1 2 2355 7904 7906
1 2 7904 1209 7905
1 2 7906 7905 4767
1 2 3407 7907 7909
1 2 7907 3408 7908
1 2 7909 7908 3406
2 2 902 7910 7912
2 2 7910 29 7911
2 2 7912 7911 4800
2 2 3021 7913 7915
2 2 7913 1224 7914
2 2 7915 7914 4775
1 2 296 7574 7813
1 2 7574 1243 7916
1 2 7813 7916 997
1 2 667 7917 7919
1 2 7917 1278 7918
1 2 7919 7918 1280
1 2 433 7920 7922
1 2 7920 1322 7921
1 2 7922 7921 1324
1 2 1370 7923 7925
1 2 7923 430 7924
1 2 7925 7924 4313
2 2 1405 7926 7928
2 2 7926 535 7927
2 2 7928 7927 1406
2 2 1408 7929 7931
2 2 7929 6 7930
2 2 7931 7930 1409
1 2 46 7932 7934
1 2 7932 1440 7933
1 2 7934 7933 1442
1 2 1440 7935 7937
1 2 7935 681 7936
1 2 7937 7936 1441
1 2 684 7938 7940
1 2 7938 1443 7939
1 2 7940 7939 1445
1 2 1443 7941 7943
1 2 7941 70 7942
1 2 7943 7942 1444
1 2 254 7944 7946
1 2 7944 1467 7945
1 2 7946 7945 1469
1 2 1278 7917 7948
1 2 7917 667 7947
1 2 7948 7947 4793
2 2 1477 7949 7951
2 2 7949 51 7950
2 2 7951 7950 1336
1 2 686 7952 7954
1 2 7952 684 7953
1 2 7954 7953 1485
2 2 1316 7955 7957
2 2 7955 1490 7956
2 2 7957 7956 2160
2 2 3443 7958 7960
2 2 7958 3444 7959
2 2 7960 7959 3224
1 2 1363 7961 7963
1 2 7961 428 7962
1 2 7963 7962 4629
2 2 1504 7964 7966
2 2 7964 61 7965
2 2 7966 7965 3025
2 2 2557 7967 7969
2 2 7967 1351 7968
2 2 7969 7968 4678
1 2 1366 7970 7972
1 2 7970 74 7971
1 2 7972 7971 5849
2 2 1998 7973 7975
2 2 7973 1379 7974
2 2 7975 7974 4278
2 2 1517 7976 7978
2 2 7976 1137 7977
2 2 7978 7977 1383
2 2 1428 7979 7981
2 2 7979 621 7980
2 2 7981 7980 2000
2 2 1502 7982 7984
2 2 7982 164 7983
2 2 7984 7983 3556
2 2 61 7964 7986
2 2 7964 1504 7985
2 2 7986 7985 1320
2 2 1138 7987 7988
2 2 7987 1517 7978
2 2 7988 7978 1383
2 2 1139 7989 7990
2 2 7989 1520 7841
2 2 7990 7841 1387
2 2 404 7991 7993
2 2 7991 1573 7992
2 2 7993 7992 1575
2 2 578 7994 7996
2 2 7994 1582 7995
2 2 7996 7995 1584
2 2 1582 7997 7999
2 2 7997 579 7998
2 2 7999 7998 1583
2 2 572 8000 8002
2 2 8000 1600 8001
2 2 8002 8001 1602
2 2 1600 8003 8005
2 2 8003 246 8004
2 2 8005 8004 1601
2 2 1602 8006 8008
2 2 8006 1601 8007
2 2 8008 8007 524
2 2 1607 8009 8011
2 2 8009 81 8010
2 2 8011 8010 1608
2 2 341 8012 8014
2 2 8012 1615 8013
2 2 8014 8013 1617
2 2 1620 8015 8017
2 2 8015 127 8016
2 2 8017 8016 3502
2 2 1573 7991 8019
2 2 7991 404 8018
2 2 8019 8018 1640
1 2 1670 8020 8022
1 2 8020 432 8021
1 2 8022 8021 1671
2 2 1688 8023 8025
2 2 8023 530 8024
2 2 8025 8024 1689
2 2 1704 8026 8028
2 2 8026 131 8027
2 2 8028 8027 1705
2 2 1706 8029 8031
2 2 8029 1705 8030
2 2 8031 8030 562
2 2 133 8032 8034
2 2 8032 1707 8033
2 2 8034 8033 1709
2 2 1715 8035 7678
2 2 8035 40 8036
2 2 7678 8036 1716
2 2 1717 7676 8038
2 2 7676 1716 8037
2 2 8038 8037 562
2 2 579 7997 8040
2 2 7997 1582 8039
2 2 8040 8039 1719
2 2 1582 7994 8042
2 2 7994 578 8041
2 2 8042 8041 1718
2 2 1741 8043 8045
2 2 8043 618 8044
2 2 8045 8044 1742
2 2 1755 8046 8048
2 2 8046 186 8047
2 2 8048 8047 1756
1 2 777 8049 8051
1 2 8049 1782 8050
1 2 8051 8050 1783
1 2 1805 8052 8054
1 2 8052 459 8053
1 2 8054 8053 1806
2 2 283 8055 8057
2 2 8055 989 8056
2 2 8057 8056 1609
1 2 1833 8058 8060
1 2 8058 356 8059
1 2 8060 8059 2725
2 2 2965 8061 8063
2 2 8061 2966 8062
2 2 8063 8062 2964
2 2 1591 8064 8066
2 2 8064 90 8065
2 2 8066 8065 2621
2 2 3504 8067 8069
2 2 8067 3142 8068
2 2 8069 8068 3503
2 2 1615 8012 8071
2 2 8012 341 8070
2 2 8071 8070 2425
2 2 2618 8072 8074
2 2 8072 2968 8073
2 2 8074 8073 2967
2 2 133 8075 8032
2 2 8075 889 7715
2 2 8032 7715 1707
2 2 1896 8076 8078
2 2 8076 173 8077
2 2 8078 8077 3001
1 2 1799 8079 8081
1 2 8079 224 8080
1 2 8081 8080 3084
2 2 3552 8082 8084
2 2 8082 1852 8083
2 2 8084 8083 3163
1 2 262 8085 8087
1 2 8085 1918 8086
1 2 8087 8086 1920
2 2 643 8088 8090
2 2 8088 1924 8089
2 2 8090 8089 1926
2 2 1927 8091 7483
2 2 8091 124 8092
2 2 7483 8092 1928
2 2 1941 7505 8094
2 2 7505 1940 8093
2 2 8094 8093 1490
2 2 183 8095 8096
2 2 8095 1942 7509
2 2 8096 7509 1944
2 2 1944 7508 8098
2 2 7508 1943 8097
2 2 8098 8097 833
2 2 354 8099 8100
2 2 8099 1945 7512
2 2 8100 7512 1947
2 2 1947 7511 8101
2 2 7511 1946 7790
2 2 8101 7790 844
1 2 120 8102 8104
1 2 8102 1953 8103
1 2 8104 8103 6010
2 2 1962 8105 8107
2 2 8105 1961 8106
2 2 8107 8106 564
2 2 564 8108 8110
2 2 8108 1972 8109
2 2 8110 8109 1974
2 2 1974 8111 8113
2 2 8111 1973 8112
2 2 8113 8112 1047
2 2 643 8114 8116
2 2 8114 1984 8115
2 2 8116 8115 1986
2 2 1994 8117 8119
2 2 8117 1993 8118
2 2 8119 8118 580
2 2 1997 8120 8122
2 2 8120 1996 8121
2 2 8122 8121 1235
2 2 621 8123 7980
2 2 8123 1998 8124
2 2 7980 8124 2000
1 2 264 8125 8127
1 2 8125 2016 8126
1 2 8127 8126 2018
1 2 625 8128 8130
1 2 8128 2021 8129
1 2 8130 8129 2023
1 2 2021 7695 8132
1 2 7695 626 8131
1 2 8132 8131 2022
1 2 2023 8133 8135
1 2 8133 2022 8134
1 2 8135 8134 624
1 2 2024 8136 8138
1 2 8136 267 8137
1 2 8138 8137 2025
1 2 2031 8139 8141
1 2 8139 2030 8140
1 2 8141 8140 1244
1 2 626 8142 8144
1 2 8142 2032 8143
1 2 8144 8143 2034
1 2 2032 8145 8147
1 2 8145 634 8146
1 2 8147 8146 2033
1 2 2034 8148 8150
1 2 8148 2033 8149
1 2 8150 8149 633
2 2 311 8151 8153
2 2 8151 2035 8152
2 2 8153 8152 2037
2 2 2037 8154 8156
2 2 8154 2036 8155
2 2 8156 8155 673
2 2 2041 8157 8159
2 2 8157 143 8158
2 2 8159 8158 2042
2 2 321 8160 8161
2 2 8160 2044 7572
2 2 8161 7572 2046
2 2 2046 7571 8163
2 2 7571 2045 8162
2 2 8163 8162 145
2 2 49 8164 8166
2 2 8164 2047 8165
2 2 8166 8165 2049
1 2 2056 8167 7585
1 2 8167 352 8168
1 2 7585 8168 2057
1 2 2058 7583 8170
1 2 7583 2057 8169
1 2 8170 8169 546
2 2 2062 8171 8173
2 2 8171 174 8172
2 2 8173 8172 2063
2 2 69 8174 8176
2 2 8174 2004 8175
2 2 8176 8175 2078
2 2 2082 8177 7633
2 2 8177 1133 8178
2 2 7633 8178 2083
2 2 466 8179 8180
2 2 8179 2085 7641
2 2 8180 7641 2087
1 2 2094 8181 8183
1 2 8181 89 8182
1 2 8183 8182 2095
2 2 179 8184 8186
2 2 8184 2100 8185
2 2 8186 8185 2102
2 2 2100 8187 8189
2 2 8187 529 8188
2 2 8189 8188 2101
1 2 89 8181 8191
1 2 8181 2094 8190
1 2 8191 8190 2106
2 2 558 8192 8194
2 2 8192 2115 8193
2 2 8194 8193 2117
2 2 2117 8195 8197
2 2 8195 2116 8196
2 2 8197 8196 559
2 2 560 8198 8199
2 2 8198 2118 7674
2 2 8199 7674 2120
2 2 2118 8200 7675
2 2 8200 559 8201
2 2 7675 8201 2119
2 2 565 8202 8204
2 2 8202 1960 8203
2 2 8204 8203 2122
2 2 2122 8205 8207
2 2 8205 2121 8206
2 2 8207 8206 135
2 2 2125 8208 8210
2 2 8208 2124 8209
2 2 8210 8209 58
2 2 593 8211 8213
2 2 8211 2126 8212
2 2 8213 8212 2128
2 2 195 8214 8216
2 2 8214 2129 8215
2 2 8216 8215 2131
2 2 610 8217 8219
2 2 8217 2134 8218
2 2 8219 8218 2136
2 2 2136 8220 8222
2 2 8220 2135 8221
2 2 8222 8221 211
1 2 2139 8223 8225
1 2 8223 2138 8224
1 2 8225 8224 629
1 2 2147 8226 8228
1 2 8226 2146 8227
1 2 8228 8227 631
1 2 506 8229 8231
1 2 8229 2151 8230
1 2 8231 8230 2152
2 2 2156 8232 8234
2 2 8232 2155 8233
2 2 8234 8233 705
2 2 511 8235 8236
2 2 8235 2097 7707
2 2 8236 7707 2161
2 2 2097 8237 7708
2 2 8237 86 8238
2 2 7708 8238 2160
2 2 2164 8239 8240
2 2 8239 2163 7766
2 2 8240 7766 818
1 2 2165 8241 8243
1 2 8241 265 8242
1 2 8243 8242 2166
2 2 2170 8244 8246
2 2 8244 2169 8245
2 2 8246 8245 554
1 2 352 8247 8249
1 2 8247 2171 8248
1 2 8249 8248 2173
1 2 353 8250 8251
1 2 8250 2174 7728
1 2 8251 7728 2176
1 2 2176 7727 8252
1 2 7727 2175 7587
1 2 8252 7587 639
2 2 135 8253 8207
2 2 8253 1924 8254
2 2 8207 8254 2122
2 2 2122 8255 8204
2 2 8255 2179 8256
2 2 8204 8256 565
1 2 2182 8257 8259
1 2 8257 688 8258
1 2 8259 8258 2025
1 2 2183 8260 8261
1 2 8260 2025 8137
1 2 8261 8137 267
2 2 2184 8262 8264
2 2 8262 90 8263
2 2 8264 8263 2185
2 2 2186 8265 8267
2 2 8265 2185 8266
2 2 8267 8266 694
2 2 695 8268 8270
2 2 8268 2187 8269
2 2 8270 8269 2189
2 2 2189 8271 8273
2 2 8271 2188 8272
2 2 8273 8272 487
2 2 2194 8274 8276
2 2 8274 2193 8275
2 2 8276 8275 170
1 2 770 8277 8279
1 2 8277 2195 8278
1 2 8279 8278 2197
1 2 2197 8280 8282
1 2 8280 2196 8281
1 2 8282 8281 268
2 2 2211 8283 8285
2 2 8283 463 8284
2 2 8285 8284 2212
1 2 2016 8125 8287
1 2 8125 264 8286
1 2 8287 8286 2217
2 2 487 8288 8273
2 2 8288 2225 7799
2 2 8273 7799 2189
2 2 2225 8289 7800
2 2 8289 832 8290
2 2 7800 8290 2226
2 2 2189 7798 8270
2 2 7798 2226 8291
2 2 8270 8291 695
1 2 268 8292 8282
1 2 8292 2028 8293
1 2 8282 8293 2197
2 2 2234 8294 8296
2 2 8294 249 8295
2 2 8296 8295 5931
2 2 1037 8297 8299
2 2 8297 2259 8298
2 2 8299 8298 2084
2 2 2084 8300 8301
2 2 8300 2260 7878
2 2 8301 7878 1132
1 2 2280 8302 8303
1 2 8302 2279 7725
1 2 8303 7725 1243
2 2 2283 8304 8306
2 2 8304 2087 8305
2 2 8306 8305 1191
2 2 15 8307 8309
2 2 8307 2287 8308
2 2 8309 8308 2289
2 2 2290 7772 8311
2 2 7772 79 8310
2 2 8311 8310 2291
2 2 130 8312 8314
2 2 8312 2302 8313
2 2 8314 8313 2304
2 2 1930 8315 8316
2 2 8315 673 8155
2 2 8316 8155 2036
2 2 530 8023 8318
2 2 8023 1688 8317
2 2 8318 8317 2105
2 2 695 8319 8268
2 2 8319 693 8320
2 2 8268 8320 2187
2 2 694 8321 8267
2 2 8321 2187 8322
2 2 8267 8322 2186
2 2 1942 8095 8324
2 2 8095 183 8323
2 2 8324 8323 3013
1 2 2323 8325 8327
1 2 8325 550 8326
1 2 8327 8326 2110
2 2 559 8200 8197
2 2 8200 2118 8328
2 2 8197 8328 2117
2 2 2332 7590 8329
2 2 7590 1047 8112
2 2 8329 8112 1973
2 2 643 7718 8114
2 2 7718 573 8330
2 2 8114 8330 1984
2 2 593 8331 8211
2 2 8331 526 8332
2 2 8211 8332 2126
2 2 2342 8333 8334
2 2 8333 211 8221
2 2 8334 8221 2135
1 2 2346 7704 8335
1 2 7704 624 8134
1 2 8335 8134 2022
1 2 304 7601 8337
1 2 7601 1244 8336
1 2 8337 8336 2350
1 2 626 7694 8142
1 2 7694 115 8338
1 2 8142 8338 2032
1 2 264 7691 8340
1 2 7691 626 8339
1 2 8340 8339 2351
2 2 464 8341 8343
2 2 8341 798 8342
2 2 8343 8342 2220
2 2 2309 8344 8346
2 2 8344 164 8345
2 2 8346 8345 4692
2 2 463 8347 8284
2 2 8347 795 8348
2 2 8284 8348 2212
2 2 554 8349 8246
2 2 8349 1957 8350
2 2 8246 8350 2170
2 2 2335 8351 8353
2 2 8351 580 8352
2 2 8353 8352 4604
2 2 171 8354 8356
2 2 8354 737 8355
2 2 8356 8355 2191
1 2 624 7703 8358
1 2 7703 2308 8357
1 2 8358 8357 1920
2 2 1191 8359 8306
2 2 8359 2311 8360
2 2 8306 8360 2283
1 2 633 7520 8362
1 2 7520 2326 8361
1 2 8362 8361 2351
2 2 564 8363 8107
2 2 8363 2330 8364
2 2 8107 8364 1962
1 2 1244 8365 8141
1 2 8365 2140 8366
1 2 8141 8366 2031
1 2 633 8362 8150
1 2 8362 2351 8367
1 2 8150 8367 2034
1 2 546 8368 8170
1 2 8368 2355 8369
1 2 8170 8369 2058
1 2 2362 8370 8372
1 2 8370 73 8371
1 2 8372 8371 5840
2 2 517 7526 8374
2 2 7526 1218 8373
2 2 8374 8373 2376
2 2 2419 8375 8377
2 2 8375 671 8376
2 2 8377 8376 2420
2 2 340 8378 8379
2 2 8378 2422 7485
2 2 8379 7485 2424
2 2 2422 8380 7486
2 2 8380 127 8381
2 2 7486 8381 2423
2 2 2424 7484 8382
2 2 7484 2423 7569
2 2 8382 7569 309
2 2 2425 8070 8384
2 2 8070 341 8383
2 2 8384 8383 2426
2 2 888 8385 8386
2 2 8385 2440 7494
2 2 8386 7494 2442
1 2 2443 8387 7498
1 2 8387 45 8388
1 2 7498 8388 2444
1 2 2445 7496 8390
1 2 7496 2444 8389
1 2 8390 8389 258
2 2 2449 8391 8393
2 2 8391 341 8392
2 2 8393 8392 2450
2 2 891 8394 8396
2 2 8394 2452 8395
2 2 8396 8395 2454
2 2 896 8397 8399
2 2 8397 2458 8398
2 2 8399 8398 2460
2 2 2461 8400 8402
2 2 8400 338 8401
2 2 8402 8401 2462
2 2 2463 8403 8405
2 2 8403 2462 8404
2 2 8405 8404 776
2 2 2476 8406 8408
2 2 8406 126 8407
2 2 8408 8407 2477
1 2 260 8409 8411
1 2 8409 2503 8410
1 2 8411 8410 2505
1 2 2503 8412 8414
1 2 8412 25 8413
1 2 8414 8413 2504
2 2 2520 8415 8417
2 2 8415 2519 8416
2 2 8417 8416 1224
2 2 2526 8418 8420
2 2 8418 2525 8419
2 2 8420 8419 1511
2 2 2527 8421 8423
2 2 8421 670 8422
2 2 8423 8422 2528
2 2 2529 8424 8426
2 2 8424 2528 8425
2 2 8426 8425 693
2 2 2539 8427 8429
2 2 8427 99 8428
2 2 8429 8428 2540
2 2 2541 8430 8432
2 2 8430 2540 8431
2 2 8432 8431 821
2 2 2512 8433 8435
2 2 8433 2542 8434
2 2 8435 8434 290
2 2 2543 8436 8438
2 2 8436 1058 8437
2 2 8438 8437 2544
2 2 2554 8439 7612
2 2 8439 43 8440
2 2 7612 8440 2555
2 2 2556 7610 8442
2 2 7610 2555 8441
2 2 8442 8441 1377
2 2 2563 8443 7627
2 2 8443 141 8444
2 2 7627 8444 2564
1 2 68 8445 8446
1 2 8445 2581 7650
1 2 8446 7650 2583
1 2 2583 7649 8448
1 2 7649 2582 8447
1 2 8448 8447 501
2 2 2589 8449 8451
2 2 8449 2438 8450
2 2 8451 8450 528
2 2 2591 8452 8454
2 2 8452 2590 8453
2 2 8454 8453 185
2 2 2595 8455 8457
2 2 8455 139 8456
2 2 8457 8456 2596
2 2 2619 8458 8460
2 2 8458 669 8459
2 2 8460 8459 2420
2 2 2428 8461 8463
2 2 8461 676 8462
2 2 8463 8462 2611
2 2 2643 8464 8466
2 2 8464 16 8465
2 2 8466 8465 2644
2 2 2661 8467 8469
2 2 8467 745 8468
2 2 8469 8468 2498
1 2 45 8470 8471
1 2 8470 2682 7763
1 2 8471 7763 2684
1 2 25 8412 8473
1 2 8412 2503 8472
1 2 8473 8472 2686
1 2 2503 8409 8475
1 2 8409 260 8474
1 2 8475 8474 2685
2 2 2687 8476 8478
2 2 8476 355 8477
2 2 8478 8477 2688
2 2 2689 8479 8481
2 2 8479 2688 8480
2 2 8481 8480 678
1 2 2693 7737 7770
1 2 7737 68 8482
1 2 7770 8482 2694
2 2 2706 8483 8485
2 2 8483 2705 8484
2 2 8485 8484 779
2 2 2709 8486 8488
2 2 8486 2708 8487
2 2 8488 8487 710
1 2 2725 8059 8490
1 2 8059 356 8489
1 2 8490 8489 2726
2 2 2740 8491 8493
2 2 8491 845 8492
2 2 8493 8492 2741
2 2 887 8494 8495
2 2 8494 2747 7805
2 2 8495 7805 2442
2 2 890 8496 8497
2 2 8496 2749 7808
2 2 8497 7808 2454
2 2 890 8498 8500
2 2 8498 2754 8499
2 2 8500 8499 2460
2 2 897 8501 8503
2 2 8501 2458 8502
2 2 8503 8502 2757
2 2 2757 8504 8506
2 2 8504 2756 8505
2 2 8506 8505 212
2 2 2760 8507 8509
2 2 8507 2759 8508
2 2 8509 8508 87
2 2 2775 8510 8512
2 2 8510 2774 8511
2 2 8512 8511 330
2 2 2821 8513 8514
2 2 8513 2820 7716
2 2 8514 7716 889
2 2 212 8515 8506
2 2 8515 2824 8516
2 2 8506 8516 2757
2 2 2824 8517 8519
2 2 8517 669 8518
2 2 8519 8518 2825
2 2 94 8520 8521
2 2 8520 2826 7872
2 2 8521 7872 2828
2 2 2826 8522 7873
2 2 8522 508 8523
2 2 7873 8523 2827
2 2 2828 7871 8524
2 2 7871 2827 7515
2 2 8524 7515 1207
2 2 951 8525 8527
2 2 8525 2843 8526
2 2 8527 8526 2845
2 2 2845 8528 8530
2 2 8528 2844 8529
2 2 8530 8529 1484
2 2 2473 8531 7891
2 2 8531 355 8532
2 2 7891 8532 2850
2 2 2851 7889 8534
2 2 7889 2850 8533
2 2 8534 8533 1253
2 2 2856 8535 7900
2 2 8535 657 8536
2 2 7900 8536 2857
2 2 277 8537 8539
2 2 8537 2866 8538
2 2 8539 8538 2868
2 2 2866 8540 8542
2 2 8540 80 8541
2 2 8542 8541 2867
2 2 2925 8543 8544
2 2 8543 2924 7608
2 2 8544 7608 1495
2 2 2964 8545 8063
2 2 8545 415 8546
2 2 8063 8546 2965
2 2 2966 8061 8548
2 2 8061 2965 8547
2 2 8548 8547 1827
2 2 309 7592 8382
2 2 7592 1051 8549
2 2 8382 8549 2424
2 2 186 8550 8552
2 2 8550 527 8551
2 2 8552 8551 2982
2 2 2984 7822 8554
2 2 7822 887 8553
2 2 8554 8553 2441
2 2 776 7773 8405
2 2 7773 2290 8555
2 2 8405 8555 2463
1 2 2988 8556 8558
1 2 8556 483 8557
1 2 8558 8557 2467
1 2 2992 8559 8561
1 2 8559 224 8560
1 2 8561 8560 2470
2 2 953 8562 8564
2 2 8562 951 8563
2 2 8564 8563 2773
1 2 1229 8565 8567
1 2 8565 1096 8566
1 2 8567 8566 2500
2 2 330 7538 8569
2 2 7538 1224 8568
2 2 8569 8568 3020
2 2 79 7771 8571
2 2 7771 776 8570
2 2 8571 8570 3022
2 2 394 8572 8574
2 2 8572 1489 8573
2 2 8574 8573 3032
2 2 1377 8575 8442
2 2 8575 1294 8576
2 2 8442 8576 2556
1 2 2988 8577 8579
1 2 8577 113 8578
1 2 8579 8578 2696
1 2 829 7628 8580
1 2 7628 2988 8579
1 2 8580 8579 2696
1 2 1131 8581 8583
1 2 8581 1129 8582
1 2 8583 8582 2989
2 2 173 7730 8585
2 2 7730 592 8584
2 2 8585 8584 2588
2 2 526 8331 8587
2 2 8331 593 8586
2 2 8587 8586 2982
1 2 45 8588 8470
1 2 8588 682 8589
1 2 8470 8589 2682
2 2 693 8319 8591
2 2 8319 695 8590
2 2 8591 8590 3022
1 2 725 7774 8593
1 2 7774 720 8592
1 2 8593 8592 3058
1 2 847 8594 7796
1 2 8594 723 8595
1 2 7796 8595 3059
2 2 818 7765 8597
2 2 7765 738 8596
2 2 8597 8596 2999
1 2 689 8598 8600
1 2 8598 2387 8599
1 2 8600 8599 2695
1 2 838 8601 7781
1 2 8601 1055 8602
1 2 7781 8602 3061
2 2 710 8603 8488
2 2 8603 956 8604
2 2 8488 8604 2709
2 2 500 8605 7855
2 2 8605 1138 8606
2 2 7855 8606 2975
2 2 1207 8607 8524
2 2 8607 1603 8608
2 2 8524 8608 2828
2 2 373 8609 8611
2 2 8609 1062 8610
2 2 8611 8610 3030
2 2 680 8612 8614
2 2 8612 678 8613
2 2 8614 8613 3054
1 2 3085 8615 8617
1 2 8615 351 8616
1 2 8617 8616 5145
1 2 1212 7874 8618
1 2 7874 2988 8558
1 2 8618 8558 2467
1 2 837 7777 8619
1 2 7777 2992 8561
1 2 8619 8561 2470
2 2 181 8620 8622
2 2 8620 1851 8621
2 2 8622 8621 3048
2 2 675 8623 8625
2 2 8623 3008 8624
2 2 8625 8624 3000
2 2 437 7637 8627
2 2 7637 1856 8626
2 2 8627 8626 3005
1 2 720 8628 8630
1 2 8628 218 8629
1 2 8630 8629 3006
1 2 224 8559 8080
1 2 8559 2992 8631
1 2 8080 8631 3084
2 2 1511 8632 8420
2 2 8632 2866 8633
2 2 8420 8633 2526
2 2 693 8591 8426
2 2 8591 3022 8634
2 2 8426 8634 2529
2 2 84 8635 8637
2 2 8635 1076 8636
2 2 8637 8636 3105
2 2 1484 8638 8530
2 2 8638 3108 8639
2 2 8530 8639 2845
2 2 3164 8640 8641
2 2 8640 3163 8083
2 2 8641 8083 1852
1 2 3186 8642 7564
1 2 8642 296 8643
1 2 7564 8643 3187
1 2 3188 7562 8645
1 2 7562 3187 8644
1 2 8645 8644 1209
1 2 3197 8646 8647
1 2 8646 3196 7698
1 2 8647 7698 634
2 2 3207 8648 8650
2 2 8648 127 8649
2 2 8650 8649 3208
2 2 3209 8651 8652
2 2 8651 3208 7659
2 2 8652 7659 435
2 2 445 8653 8655
2 2 8653 3215 8654
2 2 8655 8654 3217
2 2 865 8656 8658
2 2 8656 3218 8657
2 2 8658 8657 3220
2 2 491 8659 8660
2 2 8659 3224 7635
2 2 8660 7635 3226
2 2 3226 7634 8662
2 2 7634 3225 8661
2 2 8662 8661 901
2 2 472 8663 8664
2 2 8663 3230 7644
2 2 8664 7644 3232
2 2 3232 7643 8665
2 2 7643 3231 7884
2 2 8665 7884 1223
2 2 32 8666 8667
2 2 8666 3238 7668
2 2 8667 7668 3240
2 2 20 8668 8669
2 2 8668 3241 7671
2 2 8669 7671 3243
2 2 3241 8670 7672
2 2 8670 558 8671
2 2 7672 8671 3242
2 2 3243 7670 8673
2 2 7670 3242 8672
2 2 8673 8672 560
2 2 619 8674 8675
2 2 8674 3247 7689
2 2 8675 7689 3249
2 2 3249 7688 8677
2 2 7688 3248 8676
2 2 8677 8676 620
2 2 3255 8678 8680
2 2 8678 3254 8679
2 2 8680 8679 1193
2 2 541 8681 8682
2 2 8681 3238 7710
2 2 8682 7710 3260
2 2 3238 8666 7711
2 2 8666 32 8683
2 2 7711 8683 3259
2 2 3260 7709 8685
2 2 7709 3259 8684
2 2 8685 8684 1247
1 2 3263 8686 8688
1 2 8686 3262 8687
1 2 8688 8687 625
2 2 951 8689 8691
2 2 8689 3330 8690
2 2 8691 8690 3332
2 2 372 8692 8693
2 2 8692 3402 7893
2 2 8693 7893 3404
1 2 304 8694 8695
1 2 8694 3406 7908
1 2 8695 7908 3408
1 2 3408 7907 8696
1 2 7907 3407 7566
1 2 8696 7566 1211
2 2 29 8697 8698
2 2 8697 3224 7959
2 2 8698 7959 3444
2 2 3224 8659 7960
2 2 8659 491 8699
2 2 7960 8699 3443
2 2 3444 7958 8701
2 2 7958 3443 8700
2 2 8701 8700 1494
2 2 453 8702 8704
2 2 8702 3474 8703
2 2 8704 8703 3476
2 2 3476 8705 8707
2 2 8705 3475 8706
2 2 8707 8706 1789
2 2 1789 8708 8710
2 2 8708 3477 8709
2 2 8710 8709 3479
2 2 2235 8711 8713
2 2 8711 3528 8712
2 2 8713 8712 3530
2 2 2273 8714 8716
2 2 8714 3534 8715
2 2 8716 8715 3536
2 2 337 8717 8719
2 2 8717 2521 8718
2 2 8719 8718 3145
2 2 283 8720 8722
2 2 8720 1478 8721
2 2 8722 8721 3540
2 2 1196 8723 8725
2 2 8723 2980 8724
2 2 8725 8724 3270
2 2 435 8726 8652
2 2 8726 1653 8727
2 2 8652 8727 3209
1 2 733 8728 8730
1 2 8728 731 8729
1 2 8730 8729 3271
2 2 620 8731 8677
2 2 8731 1743 8732
2 2 8677 8732 3249
1 2 221 7745 8734
1 2 7745 733 8733
1 2 8734 8733 3544
1 2 459 8052 8735
1 2 8052 1805 7624
1 2 8735 7624 3180
1 2 1209 7904 8645
1 2 7904 2355 8736
1 2 8645 8736 3188
2 2 336 8737 8739
2 2 8737 1245 8738
2 2 8739 8738 3503
2 2 342 8740 8742
2 2 8740 891 8741
2 2 8742 8741 3540
2 2 525 8743 8745
2 2 8743 1411 8744
2 2 8745 8744 3237
2 2 560 8746 8673
2 2 8746 1355 8747
2 2 8673 8747 3243
2 2 1193 8748 8680
2 2 8748 1600 8749
2 2 8680 8749 3255
2 2 1247 8750 8685
2 2 8750 1564 8751
2 2 8685 8751 3260
1 2 625 8752 8688
1 2 8752 1919 8753
1 2 8688 8753 3263
1 2 850 8754 8756
1 2 8754 733 8755
1 2 8756 8755 3303
2 2 62 8757 8759
2 2 8757 1995 8758
2 2 8759 8758 3548
2 2 910 8760 8761
2 2 8760 1502 7984
2 2 8761 7984 3556
1 2 731 8762 7518
1 2 8762 916 8763
1 2 7518 8763 3617
2 2 87 8764 8766
2 2 8764 1913 8765
2 2 8766 8765 3587
1 2 3406 8694 8768
1 2 8694 304 8767
1 2 8768 8767 7123
2 2 1494 8769 8701
2 2 8769 1306 8770
2 2 8701 8770 3444
2 2 566 7595 8772
2 2 7595 1509 8771
2 2 8772 8771 3647
2 2 853 7792 8774
2 2 7792 2219 8773
2 2 8774 8773 3669
2 2 186 8046 8776
2 2 8046 1755 8775
2 2 8776 8775 3552
2 2 934 8777 8778
2 2 8777 237 7812
2 2 8778 7812 3558
2 2 1605 8779 8781
2 2 8779 277 8780
2 2 8781 8780 3567
2 2 1050 8782 8783
2 2 8782 340 7829
2 2 8783 7829 3577
2 2 86 8784 8786
2 2 8784 2372 8785
2 2 8786 8785 3643
2 2 1165 8787 8788
2 2 8787 508 7844
2 2 8788 7844 3595
1 2 731 8728 8789
1 2 8728 733 7747
1 2 8789 7747 3608
2 2 3731 8790 8791
2 2 8790 3730 7757
2 2 8791 7757 788
2 2 373 8792 8794
2 2 8792 3795 8793
2 2 8794 8793 3797
2 2 3795 8795 8797
2 2 8795 403 8796
2 2 8797 8796 3796
2 2 3842 8798 8800
2 2 8798 3841 8799
2 2 8800 8799 609
2 2 3857 8801 8803
2 2 8801 3856 8802
2 2 8803 8802 1549
2 2 4327 8804 8805
2 2 8804 4326 7653
2 2 8805 7653 1512
2 2 252 8806 8808
2 2 8806 4382 8807
2 2 8808 8807 4384
2 2 4397 8809 8811
2 2 8809 1792 8810
2 2 8811 8810 4398
2 2 4400 8812 8814
2 2 8812 473 8813
2 2 8814 8813 4401
2 2 4451 8815 8817
2 2 8815 4450 8816
2 2 8817 8816 1913
2 2 65 8818 8820
2 2 8818 4463 8819
2 2 8820 8819 4465
2 2 4463 8821 8823
2 2 8821 2235 8822
2 2 8823 8822 4464
2 2 191 8824 8826
2 2 8824 4466 8825
2 2 8826 8825 4468
2 2 4468 8827 8829
2 2 8827 4467 8828
2 2 8829 8828 2240
2 2 2240 8830 8832
2 2 8830 4469 8831
2 2 8832 8831 4471
2 2 4471 8833 8835
2 2 8833 4470 8834
2 2 8835 8834 1110
2 2 1110 8836 8838
2 2 8836 4472 8837
2 2 8838 8837 4474
2 2 4474 8839 8841
2 2 8839 4473 8840
2 2 8841 8840 2243
2 2 2243 8842 8844
2 2 8842 4475 8843
2 2 8844 8843 4477
2 2 4477 8845 8847
2 2 8845 4476 8846
2 2 8847 8846 441
2 2 441 8848 8850
2 2 8848 4478 8849
2 2 8850 8849 4480
2 2 215 8851 8853
2 2 8851 4481 8852
2 2 8853 8852 4483
2 2 4483 8854 8856
2 2 8854 4482 8855
2 2 8856 8855 2249
2 2 2249 8857 8859
2 2 8857 4484 8858
2 2 8859 8858 4486
2 2 4486 8860 8862
2 2 8860 4485 8861
2 2 8862 8861 1116
2 2 1116 8863 8865
2 2 8863 4487 8864
2 2 8865 8864 4489
2 2 4489 8866 8868
2 2 8866 4488 8867
2 2 8868 8867 2252
2 2 2252 8869 8871
2 2 8869 4490 8870
2 2 8871 8870 4492
2 2 4492 8872 8874
2 2 8872 4491 8873
2 2 8874 8873 453
2 2 322 8875 8877
2 2 8875 4493 8876
2 2 8877 8876 4495
2 2 4493 8878 8880
2 2 8878 2253 8879
2 2 8880 8879 4494
2 2 2253 8881 8883
2 2 8881 4496 8882
2 2 8883 8882 4498
2 2 4496 8884 8886
2 2 8884 1120 8885
2 2 8886 8885 4497
2 2 1120 8887 8889
2 2 8887 4499 8888
2 2 8889 8888 4501
2 2 4499 8890 8892
2 2 8890 2256 8891
2 2 8892 8891 4500
2 2 2256 8893 8895
2 2 8893 4502 8894
2 2 8895 8894 4504
2 2 4502 8896 8898
2 2 8896 467 8897
2 2 8898 8897 4503
2 2 4507 8899 8901
2 2 8899 4506 8900
2 2 8901 8900 2264
2 2 2264 8902 8904
2 2 8902 4508 8903
2 2 8904 8903 4510
2 2 4510 8905 8907
2 2 8905 4509 8906
2 2 8907 8906 1160
2 2 1160 8908 8910
2 2 8908 4511 8909
2 2 8910 8909 4513
2 2 4513 8911 8913
2 2 8911 4512 8912
2 2 8913 8912 2267
2 2 2267 8914 8916
2 2 8914 4514 8915
2 2 8916 8915 4516
2 2 4516 8917 8919
2 2 8917 4515 8918
2 2 8919 8918 191
2 2 1179 8920 8922
2 2 8920 4517 8921
2 2 8922 8921 4519
2 2 4517 8923 8925
2 2 8923 2268 8924
2 2 8925 8924 4518
2 2 2268 8926 8928
2 2 8926 4520 8927
2 2 8928 8927 4522
2 2 4520 8929 8931
2 2 8929 322 8930
2 2 8931 8930 4521
2 2 4568 8932 8934
2 2 8932 4567 8933
2 2 8934 8933 215
2 2 4569 8935 8937
2 2 8935 2811 8936
2 2 8937 8936 4570
2 2 2811 8938 8940
2 2 8938 4572 8939
2 2 8940 8939 4574
2 2 4572 8941 8943
2 2 8941 1179 8942
2 2 8943 8942 4573
2 2 2912 8944 8946
2 2 8944 4584 8945
2 2 8946 8945 4586
1 2 4587 8947 8949
1 2 8947 9 8948
1 2 8949 8948 4588
1 2 4590 8950 8952
1 2 8950 0 8951
1 2 8952 8951 4591
2 2 1797 8953 8955
2 2 8953 4600 8954
2 2 8955 8954 4602
1 2 223 8956 8958
1 2 8956 2299 8957
1 2 8958 8957 4648
2 2 207 8959 8961
2 2 8959 912 8960
2 2 8961 8960 4649
1 2 328 8962 8964
1 2 8962 1033 8963
1 2 8964 8963 4662
1 2 419 8965 7533
1 2 8965 1104 8966
1 2 7533 8966 4683
1 2 74 7970 8968
1 2 7970 1366 8967
1 2 8968 8967 4684
1 2 1104 8969 8971
1 2 8969 1102 8970
1 2 8971 8970 4106
2 2 456 8972 8974
2 2 8972 791 8973
2 2 8974 8973 4605
2 2 522 8975 8977
2 2 8975 1479 8976
2 2 8977 8976 4709
2 2 1549 8978 8803
2 2 8978 2342 8979
2 2 8803 8979 3857
1 2 837 8980 7778
1 2 8980 1487 8981
1 2 7778 8981 4734
1 2 725 8982 8984
1 2 8982 724 8983
1 2 8984 8983 3882
2 2 145 8985 8987
2 2 8985 2352 8986
2 2 8987 8986 4634
2 2 1142 8988 7548
2 2 8988 2363 8989
2 2 7548 8989 4749
2 2 457 8990 8992
2 2 8990 913 8991
2 2 8992 8991 4756
2 2 1142 7547 8994
2 2 7547 2211 8993
2 2 8994 8993 4121
1 2 1199 8995 7866
1 2 8995 1370 8996
1 2 7866 8996 4774
1 2 103 7733 8997
1 2 7733 1278 7948
1 2 8997 7948 4793
1 2 1211 7565 8999
1 2 7565 2358 8998
1 2 8999 8998 4771
1 2 113 8577 9000
1 2 8577 2988 7876
1 2 9000 7876 4732
2 2 61 7986 9002
2 2 7986 1320 9001
2 2 9002 9001 4640
2 2 448 9003 9005
2 2 9003 1661 9004
2 2 9005 9004 4830
1 2 460 7622 7656
1 2 7622 1805 9006
1 2 7656 9006 4708
2 2 2392 9007 7852
2 2 9007 2230 9008
2 2 7852 9008 4864
1 2 4898 9009 9010
1 2 9009 0 8950
1 2 9010 8950 4590
2 2 142 9011 9013
2 2 9011 3855 9012
2 2 9013 9012 4705
2 2 520 9014 7488
2 2 9014 1735 9015
2 2 7488 9015 4607
2 2 1484 9016 9018
2 2 9016 3107 9017
2 2 9018 9017 4612
2 2 1486 9019 9021
2 2 9019 2340 9020
2 2 9021 9020 4613
2 2 388 9022 7869
2 2 9022 1084 9023
2 2 7869 9023 4799
2 2 164 7982 8345
2 2 7982 1502 9024
2 2 8345 9024 4692
1 2 996 9025 9026
1 2 9025 296 7815
1 2 9026 7815 4659
1 2 1014 7602 9027
1 2 7602 304 7818
1 2 9027 7818 4660
1 2 74 9028 9030
1 2 9028 1396 9029
1 2 9030 9029 4829
1 2 483 8556 9031
1 2 8556 2988 7630
1 2 9031 7630 4746
1 2 1200 7895 9033
1 2 7895 1322 9032
1 2 9033 9032 4699
2 2 513 9034 7647
2 2 9034 1675 9035
2 2 7647 9035 4704
2 2 571 9036 9038
2 2 9036 2856 9037
2 2 9038 9037 4712
2 2 2368 9039 7837
2 2 9039 4905 9040
2 2 7837 9040 4789
2 2 376 9041 9043
2 2 9041 1477 9042
2 2 9043 9042 5784
1 2 73 9044 8371
1 2 9044 1131 9045
1 2 8371 9045 5840
2 2 257 9046 9048
2 2 9046 2223 9047
2 2 9048 9047 5926
2 2 1392 9049 9051
2 2 9049 2422 9050
2 2 9051 9050 5831
1 2 1979 9052 9054
1 2 9052 360 9053
1 2 9054 9053 6086
1 2 382 9055 9057
1 2 9055 1342 9056
1 2 9057 9056 7171
2 2 139 8455 9059
2 2 8455 2595 9058
2 2 9059 9058 7165
2 2 520 9060 9062
2 2 9060 1402 9061
2 2 9062 9061 7141
1 2 296 8642 9064
1 2 8642 3186 9063
1 2 9064 9063 7306
1 2 507 9065 9067
1 2 9065 1401 9066
1 2 9067 9066 7163
1 2 506 9068 9070
1 2 9068 1283 9069
1 2 9070 9069 7294
2 2 131 9071 9073
2 2 9071 1984 9072
2 2 9073 9072 7215
1 2 1206 9074 9076
1 2 9074 2174 9075
1 2 9076 9075 7275
2 2 3142 1821 7475
2 2 9077 3141 7476
2 2 336 3142 9078
2 2 1191 4792 8359
2 2 9079 1926 8089
2 2 2421 2419 9080
1 2 2314 2196 7478
1 2 7762 2683 7479
1 2 2683 5553 7480
2 2 1928 1493 7481
2 2 9081 1927 7482
2 2 2427 2425 9082
2 2 1479 1403 7487
2 2 4607 4330 7489
2 2 372 3030 9083
2 2 9084 290 8434
2 2 1482 1448 7490
2 2 703 3921 7491
2 2 9085 1482 7492
2 2 7493 2441 8553
2 2 889 2441 9086
2 2 679 3054 9087
2 2 529 2105 9088
1 2 9089 2443 7497
1 2 7499 681 9214
1 2 682 4608 7500
1 2 1483 1441 7501
1 2 9090 501 8447
2 2 9091 1484 9018
1 2 7953 684 7940
1 2 1445 7953 7940
2 2 9092 1486 9021
1 2 382 4979 9055
2 2 2451 2449 9093
2 2 989 4616 8056
2 2 9094 2454 8395
2 2 910 4822 8760
2 2 1085 4799 9095
2 2 893 3094 7502
2 2 894 2752 7503
2 2 2751 3943 7504
1 2 1206 4772 9074
2 2 9096 457 8992
2 2 693 2186 8320
2 2 2187 8320 8322
2 2 9097 2460 8398
2 2 9098 1939 7506
2 2 1939 4167 7507
2 2 1942 7368 7510
2 2 145 1946 9099
2 2 2463 2461 8403
2 2 2462 8403 8402
2 2 1165 3633 7514
2 2 8787 1165 7516
1 2 838 2228 8601
1 2 8982 725 8593
1 2 3058 8982 8593
1 2 730 3886 7517
1 2 3617 5029 7519
1 2 118 5794 7604
1 2 633 5893 7521
1 2 9100 2326 7522
2 2 1207 4626 8607
2 2 9101 1494 8700
2 2 9102 558 8194
2 2 2118 9102 8328
2 2 9103 1826 7523
2 2 9104 2303 7524
2 2 9105 2328 7525
2 2 1962 1960 8105
2 2 517 4721 7527
2 2 1168 4757 7528
2 2 7529 2994 9419
2 2 662 2618 7530
2 2 9106 2994 7531
1 2 1645 5563 7532
1 2 4683 5327 7534
2 2 404 3552 9107
2 2 2478 2476 9108
2 2 8111 1974 8109
2 2 1972 8111 8109
2 2 9109 1827 8547
1 2 876 5834 7535
1 2 359 1275 7536
1 2 859 1537 7537
1 2 9110 1979 9054
2 2 1653 7323 8727
2 2 9111 1986 8115
2 2 7539 330 8511
2 2 1036 4775 7540
2 2 962 4761 7541
2 2 2309 4691 9112
2 2 9113 962 7543
2 2 1583 4364 7999
2 2 1994 1992 8117
2 2 9114 520 9062
2 2 607 3048 9115
2 2 9116 675 8625
2 2 1997 1995 8120
2 2 714 2640 7742
2 2 3164 3162 8640
2 2 592 2126 9117
2 2 9118 445 8655
2 2 448 5809 9003
2 2 1502 5949 9024
2 2 895 3093 7544
2 2 1259 4643 9119
2 2 4643 3944 7546
2 2 9120 437 8627
2 2 612 1161 7684
2 2 3731 3729 8790
1 2 731 3888 8729
1 2 2992 4593 8631
1 2 2299 4543 8957
2 2 8563 951 8691
2 2 3332 8563 8691
2 2 8283 2211 7549
2 2 1741 5994 7550
2 2 2605 2607 9121
2 2 8043 1741 7552
2 2 9122 619 8675
2 2 1743 9122 8732
2 2 8006 1602 8001
2 2 1600 8006 8001
2 2 1601 8006 8005
2 2 7553 609 9197
2 2 662 3857 7554
2 2 7555 2342 8334
2 2 912 4169 8960
1 2 847 2714 8594
1 2 850 3544 8754
1 2 733 8754 8733
2 2 9123 669 8517
1 2 744 3861 7556
1 2 668 5049 7557
1 2 5527 5032 7558
2 2 9124 853 8774
2 2 1431 4547 7559
2 2 1428 1430 7979
2 2 1430 5236 7561
1 2 2504 5571 8414
1 2 9125 258 8389
1 2 8133 2023 8129
1 2 2021 8133 8129
1 2 2022 8133 8132
1 2 2026 2024 9126
2 2 1608 4658 8011
1 2 9127 3186 7563
1 2 9128 2358 7567
1 2 2031 2029 8139
1 2 8148 2034 8143
1 2 2032 8148 8143
1 2 2033 8148 8147
2 2 1620 4848 7568
2 2 8015 1620 7570
2 2 8154 2037 8152
2 2 2035 8154 8152
2 2 2042 5828 8159
2 2 320 2045 9129
2 2 1504 4663 7985
2 2 2520 2518 8415
1 2 7575 296 9064
1 2 2353 2280 7576
2 2 9130 314 9309
2 2 9131 1392 9051
2 2 2526 2524 8418
2 2 9132 283 8722
2 2 891 9132 8741
2 2 968 3330 7577
2 2 7578 951 8527
2 2 3108 3996 7579
1 2 2227 4131 7580
1 2 1561 5832 9133
1 2 5832 5516 7582
2 2 2529 2527 8424
2 2 2528 8424 8423
1 2 9134 2056 7584
1 2 2358 4719 7586
1 2 9135 2358 7588
1 2 9136 777 8051
1 2 1492 7306 9137
1 2 9138 507 9067
1 2 3197 3195 8646
2 2 9139 1253 8533
2 2 2063 6640 8173
2 2 9140 887 7591
2 2 1216 3578 9141
2 2 3578 3378 7594
2 2 283 1608 8720
2 2 566 2820 7596
2 2 2819 4322 7597
2 2 2541 2539 8430
2 2 2540 8430 8429
2 2 2512 2539 8433
1 2 362 861 7605
2 2 1241 2461 7598
2 2 280 4656 7599
2 2 984 4764 7600
1 2 9142 506 8231
2 2 2545 2543 9143
2 2 9144 321 8161
1 2 1014 4773 7603
1 2 349 665 7606
2 2 371 3105 9145
2 2 3030 6419 7607
2 2 8611 3030 7609
2 2 2372 4561 8785
2 2 1081 4096 7833
2 2 1489 2930 8573
2 2 9146 2554 7611
2 2 1640 5320 8019
1 2 1104 4190 8966
1 2 1396 5267 9029
1 2 1102 6321 8970
2 2 3209 3207 8651
2 2 3208 8651 8650
2 2 9147 3217 8654
2 2 9148 452 7613
2 2 452 3730 7614
2 2 3729 6800 7615
2 2 789 1183 7617
2 2 1182 1788 7618
2 2 1913 3039 7619
2 2 457 1808 7620
2 2 1863 4451 7621
1 2 460 3181 7623
2 2 868 2220 9149
1 2 1671 5345 8022
2 2 791 7186 8973
2 2 2564 1476 7625
2 2 9150 2563 7626
2 2 9151 3797 8793
2 2 3796 9151 8797
2 2 376 4411 9041
2 2 9152 3220 8657
1 2 829 3932 7629
2 2 386 1072 9119
2 2 457 3039 8990
1 2 1129 2798 8582
2 2 2083 1037 7631
2 2 9153 2082 7632
2 2 560 4698 8746
2 2 9154 554 8245
1 2 1199 5945 8995
2 2 29 3225 8697
2 2 437 3211 7638
2 2 3583 4419 7639
2 2 795 5864 8348
2 2 7640 2086 7858
2 2 244 2086 9155
2 2 140 3231 9156
2 2 2372 2099 7646
2 2 4704 4562 7648
1 2 160 2582 9157
1 2 1131 5143 9045
2 2 2225 5263 7652
2 2 8289 2225 7654
1 2 1151 900 7655
1 2 4708 4130 7657
2 2 1394 3645 7658
2 2 3208 5214 7660
1 2 2095 5484 8183
1 2 1475 7294 9158
2 2 2826 5416 7661
2 2 1522 7114 9159
2 2 8522 2826 7663
2 2 2376 2121 7664
2 2 1890 7115 9160
2 2 8374 2376 7666
2 2 9161 133 8034
2 2 1735 7399 9015
2 2 1479 4329 8976
2 2 2589 2588 8449
2 2 527 2439 8551
2 2 2591 2437 8452
2 2 2101 5487 8189
2 2 1689 4388 8025
2 2 1406 4710 7928
2 2 1409 5874 7931
2 2 3239 542 7667
2 2 541 3239 8681
2 2 126 2170 9162
2 2 8195 2117 8193
2 2 2115 8195 8193
2 2 2119 132 7673
2 2 1706 1704 8029
2 2 1705 8029 8028
2 2 2330 5530 8364
2 2 8205 2122 8203
2 2 1960 8205 8203
2 2 9163 1709 8033
2 2 2597 2595 9164
2 2 9165 571 9038
2 2 9166 1715 7677
2 2 9167 131 9073
2 2 1718 4391 8042
2 2 2125 1992 8208
2 2 9168 522 8977
2 2 590 7141 9169
2 2 9170 186 8552
2 2 593 9170 8586
2 2 526 2588 9117
2 2 9171 2128 8212
2 2 189 598 7679
2 2 9172 2131 8215
2 2 597 1424 7680
2 2 1501 3257 7681
2 2 3842 3840 8798
2 2 8220 2136 8218
2 2 2134 8220 8218
2 2 611 4844 7682
2 2 213 2466 7683
2 2 230 5024 7685
2 2 616 5010 7686
2 2 9173 230 7687
2 2 1742 5387 8045
2 2 116 3248 9174
1 2 9175 2308 7705
1 2 7693 2346 8335
1 2 8752 625 8130
1 2 2023 8752 8130
1 2 2021 5993 7696
1 2 2139 2137 8223
1 2 2147 2019 8226
1 2 2167 2033 7697
1 2 3196 5504 7699
1 2 8339 626 8144
1 2 2034 8339 8144
1 2 2351 8339 8367
1 2 115 5899 8338
1 2 635 7163 9176
1 2 9177 2152 8230
1 2 9178 352 8249
1 2 9179 353 8251
2 2 1898 7337 7700
2 2 1025 3626 9180
2 2 9181 1898 7702
1 2 2346 9175 7705
2 2 2156 2154 8232
2 2 9182 565 8256
2 2 9183 620 8676
2 2 7706 2160 7956
2 2 513 1889 9034
2 2 9184 559 8196
2 2 3255 3253 8678
2 2 543 1411 9185
2 2 2164 2162 8239
1 2 546 4836 8368
1 2 2357 2061 7712
1 2 1157 4794 9186
1 2 9187 2357 7714
1 2 9188 625 8687
1 2 3263 3261 8686
1 2 2166 5893 8243
2 2 2170 2168 8244
2 2 9189 558 8670
2 2 9190 560 8199
2 2 9191 1707 7717
2 2 571 4820 9036
2 2 7719 643 8090
2 2 2313 7214 7720
2 2 1756 5394 8048
2 2 2373 4696 7721
2 2 1998 4726 7973
2 2 4726 4549 7723
2 2 3857 3855 8801
1 2 2143 4765 7724
1 2 9192 2143 7726
1 2 305 2175 9193
2 2 1494 4727 8769
2 2 8255 2122 8254
2 2 1924 8255 8254
1 2 9194 631 8227
2 2 186 3162 8550
2 2 9195 610 8219
2 2 573 7215 8330
2 2 1984 8330 9072
2 2 173 2861 7731
2 2 2997 7233 7732
2 2 9196 593 8213
2 2 9197 609 8799
1 2 103 5048 7734
1 2 5047 5151 7735
2 2 2620 2619 9198
2 2 2627 2428 9199
1 2 9200 1442 7933
1 2 1441 9200 7937
1 2 682 7499 8589
1 2 686 2581 7736
1 2 7952 686 7738
1 2 9201 1445 7939
1 2 1444 9201 7943
1 2 2183 2182 8260
1 2 2025 8260 8259
2 2 695 7317 8590
2 2 2186 2184 8265
2 2 2185 8265 8264
2 2 8271 2189 8269
2 2 2187 8271 8269
2 2 2194 2192 8274
2 2 9202 710 8487
2 2 715 4633 7739
2 2 2337 3607 9203
2 2 9204 715 7741
2 2 712 3056 9205
2 2 9206 714 7744
2 2 2645 2643 9207
1 2 218 5080 8629
1 2 221 3313 7746
2 2 706 2191 9208
1 2 113 3861 7748
1 2 744 5031 7749
1 2 3062 2697 7750
2 2 2662 2661 9209
1 2 8280 2197 8278
1 2 2195 8280 8278
2 2 2184 2528 7751
2 2 9210 2622 7752
2 2 8262 2184 7753
2 2 776 2529 8570
2 2 3022 8570 8634
2 2 2527 2462 7754
2 2 9211 2623 7755
2 2 8421 2527 7756
2 2 9212 779 8484
2 2 9213 789 7758
2 2 456 792 8972
2 2 463 3936 7759
2 2 796 5042 7760
2 2 8347 463 7761
1 2 681 2683 9214
2 2 675 2625 8623
2 2 9215 181 8622
2 2 2163 3894 7767
1 2 2685 5596 8475
1 2 8588 45 8387
1 2 2443 8588 8387
2 2 2689 2687 8479
2 2 2688 8479 8478
1 2 2694 689 7768
1 2 9216 2693 7769
1 2 689 2183 8598
1 2 837 2738 8980
2 2 9217 695 8291
1 2 725 3733 7775
1 2 8628 720 7776
1 2 720 2647 8592
1 2 724 6251 8983
1 2 8762 731 8789
1 2 3608 8762 8789
2 2 171 3079 8354
1 2 4734 4594 7779
1 2 741 1956 7780
1 2 3061 2660 7782
2 2 2113 1965 7783
2 2 9218 2205 7784
2 2 9219 2113 7785
2 2 839 4634 9220
2 2 2706 2704 8483
2 2 2996 2706 7786
2 2 781 4742 9221
2 2 9222 2996 7788
2 2 2709 2707 8486
2 2 738 2657 8596
2 2 710 3609 8603
2 2 2321 4633 7789
2 2 9223 2321 7791
2 2 2212 5508 8285
2 2 9224 2071 7793
2 2 9225 2219 7794
1 2 2217 5922 8287
1 2 2727 2725 9226
1 2 917 3150 7795
1 2 3059 3308 7797
2 2 9227 694 8266
2 2 9206 183 8096
2 2 1944 9206 8096
1 2 2357 7148 7801
1 2 1009 4770 9228
1 2 9229 2357 7803
1 2 1806 4406 8054
2 2 839 3548 9230
2 2 9231 62 8759
2 2 2644 2740 9232
1 2 723 2650 8595
1 2 733 3273 8755
1 2 9233 2197 8293
2 2 133 2984 8075
2 2 2748 888 7804
2 2 50 2748 9234
2 2 2750 891 7807
2 2 83 2750 9235
2 2 9236 83 9235
2 2 9237 2460 8499
2 2 8504 2757 8502
2 2 2458 8504 8502
2 2 9238 901 8661
2 2 207 3555 8959
2 2 2760 2758 8507
2 2 237 1971 7810
2 2 935 3325 7811
2 2 9239 3332 8690
2 2 2775 2773 8510
2 2 85 4160 9113
2 2 283 990 8055
1 2 997 4010 7814
1 2 7816 304 8695
1 2 1015 4055 7817
1 2 7819 328 8964
1 2 1031 3366 7820
1 2 3572 4974 7821
1 2 1033 3755 8963
2 2 2774 7539 8511
2 2 2984 5939 7823
2 2 7824 336 9078
2 2 1048 9140 7825
2 2 7826 2332 8329
2 2 7827 340 8379
2 2 1051 3377 7828
2 2 342 3147 7830
2 2 1053 2537 7831
2 2 9240 342 7832
2 2 9241 1058 8436
2 2 8609 373 9281
2 2 84 3382 8635
2 2 9242 2549 7834
2 2 7868 1081 7835
2 2 388 4091 9022
2 2 9243 2235 8713
1 2 419 2275 8965
2 2 9244 2253 8883
2 2 9245 2256 8895
2 2 2077 4553 7836
2 2 4789 4457 7838
1 2 73 4174 9044
2 2 8300 2084 8298
2 2 2259 8300 8298
2 2 500 1517 8605
2 2 1138 8605 7987
2 2 7854 1140 7839
2 2 1140 4702 7840
2 2 508 6434 7842
2 2 1166 5128 7843
2 2 1173 4729 7846
2 2 1175 4883 7847
2 2 1176 6344 7849
2 2 1178 7373 7850
2 2 9246 2811 8940
2 2 9247 2268 8928
2 2 4906 7391 7851
2 2 9248 4906 7853
2 2 2975 2418 7856
2 2 1144 4792 7857
2 2 1191 7640 7858
2 2 9249 1144 7859
2 2 9250 1193 8679
2 2 4153 1038 7860
2 2 9251 4152 7861
2 2 405 4153 9252
2 2 172 3448 7863
2 2 3447 3686 7864
2 2 2821 2819 8513
1 2 9253 1199 7865
1 2 4774 4066 7867
2 2 4799 4159 7870
2 2 9254 2757 8516
2 2 2825 9254 8519
1 2 1055 2791 8602
1 2 9255 1209 8644
1 2 9256 1211 8999
1 2 3408 7816 8695
1 2 1212 3918 7875
2 2 309 4848 9141
2 2 1218 5807 8373
2 2 2115 1968 7877
2 2 9257 2115 7879
2 2 935 1971 7880
2 2 1050 3620 9258
2 2 3620 3326 7882
2 2 1023 3699 7883
2 2 9259 1023 7885
1 2 4662 7819 8964
2 2 8568 1224 8416
2 2 2519 8568 8416
2 2 1225 1922 9112
2 2 913 3960 8991
1 2 916 3310 8763
2 2 8528 2845 8526
2 2 2843 8528 8526
2 2 704 2709 9260
2 2 1142 4703 8988
2 2 9261 1235 8121
1 2 1229 3096 8565
1 2 422 2500 9262
1 2 1243 4765 7916
1 2 9263 352 8167
1 2 9264 1206 9076
1 2 8336 1244 8140
1 2 2030 8336 8140
1 2 1244 4773 8365
2 2 9265 1246 7886
2 2 9111 1985 7887
2 2 9266 2328 7888
2 2 9267 1247 8684
1 2 2280 2020 8302
2 2 336 1972 8737
2 2 1247 2522 8750
1 2 1149 4128 9133
2 2 2851 6802 7890
2 2 3141 7824 9078
2 2 2424 7827 8379
2 2 1051 7827 8549
2 2 9241 354 8100
2 2 3403 1255 7892
2 2 374 3403 9268
1 2 1200 5525 7896
1 2 9269 1322 7897
2 2 1138 2873 8606
2 2 2283 2006 8304
2 2 2857 1231 7898
2 2 9270 2856 7899
2 2 8765 1913 8816
2 2 4450 8765 8816
2 2 2734 7112 7901
2 2 1070 4779 9271
2 2 9272 2734 7903
2 2 1193 5747 8748
2 2 1196 2432 8723
1 2 328 9253 8962
2 2 9273 2868 8538
2 2 2867 9273 8542
2 2 2292 2290 9274
1 2 1000 4767 9275
1 2 9276 2355 7906
1 2 111 3407 9277
2 2 902 3225 7910
2 2 1338 4800 9278
2 2 4800 4163 7912
2 2 3021 2520 7913
2 2 1224 7540 7914
2 2 9279 3021 7915
2 2 9280 87 8766
2 2 9281 373 8794
1 2 1278 5780 7918
1 2 1280 5733 7919
1 2 506 5224 9068
2 2 1319 4640 9282
1 2 433 4699 7920
1 2 1322 5167 7921
1 2 1324 4271 7922
1 2 250 1323 9269
2 2 51 5257 7950
2 2 29 5164 9278
1 2 1366 3782 8967
1 2 1370 5945 7923
1 2 430 4261 7924
1 2 4313 3784 7925
2 2 9283 1377 8441
2 2 1387 3819 7990
1 2 9028 74 8968
1 2 4684 9028 8968
1 2 507 4201 9065
2 2 520 1403 9060
2 2 535 5799 7927
2 2 6 5974 7930
1 2 46 4823 7932
1 2 1440 5551 7935
1 2 681 7501 7936
1 2 684 4967 7938
1 2 1443 4837 7941
2 2 9284 2912 8946
1 2 254 3563 7944
1 2 1467 4700 7945
1 2 1469 3082 7946
1 2 667 5802 7947
2 2 1477 4411 7949
2 2 1336 4915 7951
2 2 522 1403 8975
2 2 9016 1484 8529
2 2 2844 9016 8529
1 2 1485 4733 7954
2 2 1486 2002 9019
1 2 384 7171 9285
2 2 394 1346 8572
2 2 1316 1941 7955
2 2 1490 7706 7956
2 2 2160 3422 7957
2 2 1377 5202 8575
2 2 9286 372 8693
1 2 1363 3222 7961
1 2 1367 4629 9287
1 2 4629 4314 7963
2 2 9288 61 9002
1 2 1322 7920 9032
2 2 61 5130 7965
2 2 3025 2535 7966
2 2 1392 5212 9049
2 2 1509 3644 8771
2 2 2925 2923 8543
2 2 9289 1511 8419
2 2 2557 5861 7967
2 2 1351 3778 7968
2 2 4678 6820 7969
2 2 9290 20 8669
2 2 1355 9290 8747
1 2 2361 5849 9291
1 2 9292 1366 7972
1 2 1370 4265 8996
2 2 1379 3805 7974
2 2 9293 1998 7975
2 2 1137 3816 7977
2 2 4327 3927 8804
2 2 509 5413 9159
2 2 92 3237 9294
2 2 2000 6013 7981
1 2 1487 3868 8981
2 2 1477 4914 9042
2 2 1478 3148 8721
2 2 346 4970 9085
2 2 270 3108 9295
2 2 164 5940 7983
2 2 397 2556 9296
2 2 1306 5165 8770
2 2 1511 4825 8632
2 2 1383 4701 7988
2 2 9297 1549 8802
2 2 1573 4362 7992
2 2 1575 7197 7993
2 2 1582 4364 7995
2 2 1584 4416 7996
2 2 579 3836 7998
2 2 1591 1593 8064
2 2 572 3255 8000
2 2 9166 572 8002
2 2 1600 5747 8003
2 2 246 6214 8004
2 2 1601 6097 8007
2 2 1715 1602 9298
2 2 1606 3567 9299
2 2 81 4834 8010
2 2 1609 4658 8057
2 2 1615 4376 8013
2 2 1617 2450 8014
2 2 3207 3502 8648
2 2 3502 7443 8017
2 2 1755 1640 9107
2 2 435 1654 8726
1 2 1670 4798 8020
1 2 432 4276 8021
2 2 1848 1689 9300
2 2 9103 131 8026
2 2 1846 1705 9167
2 2 9301 562 8030
2 2 1838 1706 9302
2 2 566 1708 9191
2 2 1715 7204 8035
2 2 1838 1716 9303
2 2 9302 562 8037
2 2 1846 1717 9301
2 2 1582 4391 8039
2 2 1719 3506 8040
2 2 610 1718 9304
2 2 520 1736 9014
2 2 1750 1742 9305
2 2 620 1744 8731
2 2 593 1756 9170
1 2 1782 3067 8050
2 2 8705 3476 8703
2 2 3474 8705 8703
2 2 4399 4397 9306
1 2 1799 1801 8079
2 2 4401 7340 8814
1 2 459 3518 8053
2 2 1549 6451 8978
2 2 9299 277 8539
1 2 1833 3635 8058
1 2 2725 4624 8060
2 2 1564 6457 8751
2 2 1603 5295 8608
2 2 9307 2964 8062
2 2 450 4830 9308
2 2 90 2622 8065
2 2 9123 1591 8066
2 2 1600 8000 8749
2 2 3504 1821 8067
2 2 8739 3503 8068
2 2 314 3504 9309
2 2 2425 7155 8071
2 2 2618 1840 8072
2 2 9310 2967 8073
2 2 2967 7530 8074
1 2 1805 4403 9006
2 2 1675 7470 9035
2 2 1856 7315 8626
2 2 518 5529 9160
2 2 578 2134 9304
2 2 1896 2859 8076
2 2 173 2589 8077
2 2 9311 1896 8078
2 2 9181 32 8667
2 2 3240 9181 8667
1 2 3084 2721 8081
2 2 9104 2304 8313
2 2 2302 9104 8313
2 2 9312 491 8660
2 2 181 2488 8620
2 2 3552 6192 8082
2 2 8776 3552 8084
2 2 8764 87 9405
2 2 9313 311 8153
2 2 4451 3678 8815
1 2 9314 1789 8710
1 2 9315 1792 8809
1 2 262 2019 8085
1 2 1918 5781 8086
1 2 9316 262 8087
1 2 1920 5781 8358
2 2 643 2179 8088
2 2 1926 7719 8090
2 2 135 1925 8253
2 2 555 5890 9081
2 2 1927 2114 8091
2 2 124 7295 8092
2 2 1930 1932 8315
2 2 9098 207 8961
2 2 1940 5274 8093
2 2 1490 7955 8094
2 2 1943 4533 8097
2 2 833 2700 8098
2 2 354 3756 8099
2 2 1945 2046 9099
2 2 844 6275 8101
1 2 1951 6010 9317
1 2 6010 5795 8104
2 2 554 1958 8349
2 2 565 1961 8202
2 2 9318 564 8106
2 2 564 5896 8108
2 2 8363 564 8110
2 2 2330 1974 9319
1 2 360 6022 9053
2 2 9320 643 8116
2 2 131 1985 9071
2 2 9321 580 8118
2 2 2335 1994 8351
2 2 62 1996 8757
2 2 2337 1997 9322
2 2 621 4726 8123
2 2 1998 5458 8124
2 2 200 1999 9293
2 2 69 2005 8174
1 2 2016 5818 8126
1 2 9175 264 8127
1 2 625 5993 8128
1 2 626 7693 8131
1 2 1919 2023 9323
1 2 2024 6682 8136
1 2 9126 2025 8258
1 2 268 6600 8292
1 2 2032 5899 8145
1 2 634 7697 8146
1 2 9324 633 8149
2 2 311 4162 8151
2 2 673 5052 8156
2 2 143 7293 8158
2 2 321 2039 8160
2 2 2044 2043 9129
2 2 8985 145 8162
2 2 145 9099 8163
2 2 2047 5829 8165
2 2 2049 4795 8166
1 2 295 4667 9134
1 2 2322 2057 9325
1 2 9326 546 8169
2 2 2062 2178 8171
2 2 174 4166 8172
2 2 2004 6655 8175
2 2 2078 3389 8176
2 2 1132 1967 9153
2 2 1132 9153 8301
2 2 2082 2261 8177
2 2 2369 2083 9327
2 2 2084 7631 8299
2 2 466 5921 8179
2 2 2087 6626 8180
2 2 2085 5537 9155
2 2 2087 7640 8305
1 2 89 2111 8182
2 2 2097 2099 8237
2 2 511 2098 8235
2 2 179 2610 8184
2 2 2100 5487 8185
2 2 2102 7245 8186
2 2 2100 3726 8187
2 2 1688 2101 9088
2 2 2105 5873 8318
1 2 2106 2108 8191
1 2 9328 2110 8326
1 2 2094 5493 8190
2 2 124 2114 9219
2 2 558 1968 8192
2 2 130 2116 9257
2 2 8198 560 8672
2 2 2378 2119 9329
2 2 9330 135 8206
2 2 9331 58 8209
2 2 2381 2125 9332
2 2 9333 195 8216
2 2 610 9304 8217
2 2 2384 2136 9334
1 2 9335 629 8224
1 2 2158 2139 9336
1 2 630 2144 9192
1 2 2348 2147 9337
1 2 8229 506 9070
2 2 2154 2156 9321
2 2 2155 3712 8233
2 2 2385 2156 9338
2 2 2161 5973 8236
2 2 86 3422 8238
2 2 818 6269 8240
1 2 2165 2137 8241
1 2 265 9100 8242
1 2 2167 5893 9324
1 2 1205 2171 9263
1 2 2171 6688 8248
1 2 353 7275 8250
1 2 2174 4772 9193
1 2 2360 2176 9339
1 2 2182 5907 8257
1 2 2387 2183 9340
2 2 2388 2185 9341
2 2 694 2188 8321
2 2 9342 487 8272
2 2 2155 171 9343
2 2 2193 5107 8275
2 2 170 4541 8276
1 2 770 6028 8277
1 2 2232 770 9233
1 2 9344 268 8281
1 2 2326 2217 9345
2 2 9225 464 8343
2 2 2220 9225 8343
2 2 2223 5072 9047
2 2 487 5263 8288
2 2 832 4377 8290
2 2 2234 3279 8294
2 2 5931 5084 8296
2 2 9346 4465 8819
2 2 4464 9346 8823
2 2 8827 4468 8825
2 2 4466 8827 8825
2 2 8833 4471 8831
2 2 4469 8833 8831
2 2 8839 4474 8837
2 2 4472 8839 8837
2 2 8845 4477 8843
2 2 4475 8845 8843
2 2 8854 4483 8852
2 2 4481 8854 8852
2 2 8860 4486 8858
2 2 4484 8860 8858
2 2 8866 4489 8864
2 2 4487 8866 8864
2 2 8872 4492 8870
2 2 4490 8872 8870
2 2 9347 4495 8876
2 2 4494 9347 8880
2 2 9348 4498 8882
2 2 4497 9348 8886
2 2 9349 4501 8888
2 2 4500 9349 8892
2 2 9350 4504 8894
2 2 4503 9350 8898
2 2 1037 7157 8297
2 2 4507 4505 8899
2 2 8905 4510 8903
2 2 4508 8905 8903
2 2 8911 4513 8909
2 2 4511 8911 8909
2 2 8917 4516 8915
2 2 4514 8917 8915
2 2 9351 4519 8921
2 2 4518 9351 8925
2 2 9352 4522 8927
2 2 4521 9352 8931
1 2 1243 7576 8303
2 2 2287 4808 8308
2 2 2289 5934 8309
2 2 2349 2291 9353
1 2 223 2300 8956
2 2 130 6310 8312
2 2 9354 130 8314
1 2 1919 5439 8753
1 2 2308 2027 9316
1 2 2308 9316 8357
2 2 2311 4998 8360
1 2 2314 5971 9344
2 2 2315 2116 9354
2 2 9355 1930 8316
2 2 2318 3216 9333
1 2 2174 8250 9075
2 2 4649 9098 8961
2 2 183 2638 8323
2 2 9356 1942 8324
1 2 2323 7389 8325
1 2 9357 2323 8327
1 2 9345 264 8340
1 2 2351 9345 8340
1 2 2326 9345 8361
2 2 3242 8198 8672
2 2 131 9103 9266
2 2 2329 5896 9318
2 2 1973 7826 8329
2 2 9223 145 8987
2 2 4634 9223 8987
2 2 315 9265 9105
2 2 2334 2179 9320
2 2 184 1997 9203
2 2 448 4613 9358
2 2 198 4121 9359
2 2 2342 6451 8333
2 2 2135 7555 8334
1 2 2022 7693 8335
1 2 624 5781 9323
1 2 2347 4716 9335
1 2 631 4717 9337
1 2 2350 7123 8337
1 2 627 2031 9360
1 2 265 2210 9100
1 2 2322 5875 9326
1 2 295 2058 9276
1 2 2355 9276 8369
1 2 301 2061 9229
1 2 111 4719 9128
2 2 1048 2747 9140
1 2 639 5955 9339
1 2 74 4272 9291
2 2 464 3037 8341
2 2 2219 3525 8773
2 2 2309 1922 8344
2 2 4692 3794 8346
2 2 2368 7299 9039
2 2 2371 5970 9342
2 2 86 2099 8784
2 2 2376 5807 9330
2 2 2385 4604 9361
2 2 9362 2335 8353
2 2 2380 3414 9331
1 2 7294 8229 9070
2 2 580 2156 9361
1 2 109 3188 9363
1 2 112 7148 9187
2 2 211 4731 9334
1 2 2387 4968 8599
2 2 9364 693 8425
2 2 257 2677 9046
2 2 280 2463 9365
2 2 90 5923 9341
2 2 2392 4119 9007
2 2 2363 3937 8989
1 2 1104 2275 8969
2 2 2342 7554 8979
2 2 58 3611 9332
2 2 79 6484 9353
1 2 305 4771 9135
1 2 2358 9135 8998
1 2 7306 7575 9064
1 2 267 5830 9340
1 2 2362 4266 8370
1 2 5840 4981 8372
1 2 9366 2256 8890
1 2 9367 2264 8904
2 2 2230 4461 9008
1 2 9368 2235 8821
1 2 9369 2240 8832
1 2 9370 2243 8844
1 2 9371 2249 8859
1 2 9372 2252 8871
1 2 9373 2253 8878
1 2 9374 2267 8916
1 2 9375 2268 8923
1 2 9376 2273 8716
2 2 2419 2624 8375
2 2 9198 2420 8376
2 2 9080 2420 8459
2 2 340 5831 8378
2 2 2422 5212 8380
2 2 127 8015 8381
2 2 2524 2426 9377
2 2 2428 2430 8461
2 2 9378 528 8450
2 2 888 7158 8385
2 2 2442 7804 8386
2 2 2440 2821 9086
2 2 887 7493 8553
2 2 2442 7493 8495
1 2 66 3681 9089
1 2 2508 2444 9379
1 2 248 2445 9380
2 2 2449 2525 8391
2 2 341 8014 8392
2 2 342 2452 8740
2 2 2454 7807 8396
2 2 2453 890 9094
2 2 896 2756 8397
2 2 2755 896 9237
2 2 897 2459 8501
2 2 2459 890 9097
2 2 2461 7154 8400
2 2 338 7754 8401
2 2 9381 776 8404
1 2 2467 2469 8618
1 2 483 2468 8557
1 2 2470 2472 8619
1 2 224 2471 8560
2 2 2473 2475 8531
2 2 2476 6747 8406
2 2 126 5421 8407
2 2 9382 2498 8468
1 2 2500 2502 8567
1 2 2503 5571 8410
1 2 9383 260 8411
1 2 25 5927 8413
1 2 2506 2508 9384
2 2 290 2513 8435
2 2 1224 7913 8417
2 2 337 2522 8717
2 2 341 2525 9377
2 2 2527 2529 9381
2 2 670 7751 8422
2 2 2539 2512 8427
2 2 680 2540 9385
2 2 2540 2732 8431
2 2 1298 2541 9386
2 2 2745 2544 9387
2 2 397 2451 9146
2 2 2554 3928 8439
2 2 43 4258 8440
2 2 414 4682 9150
2 2 2563 4784 8443
2 2 3038 2564 9388
1 2 68 7736 8445
1 2 9389 68 8446
1 2 2581 4534 9157
1 2 2414 2583 9390
2 2 2588 2589 8585
2 2 3001 2589 9391
2 2 9392 185 8453
2 2 2133 2591 9393
2 2 1358 2596 9394
2 2 617 2817 9121
2 2 9395 2611 8462
2 2 2619 2825 8458
2 2 2643 2675 8464
2 2 2740 2644 9396
2 2 2475 745 9397
1 2 9398 45 8471
1 2 2503 5596 8472
1 2 2686 6014 8473
1 2 2506 2685 9399
2 2 2687 4179 8476
2 2 2703 2688 9400
2 2 2688 5720 8480
2 2 680 2689 8612
1 2 684 7952 9216
1 2 3055 2694 9401
1 2 2695 7768 8600
1 2 2696 2698 8580
1 2 113 2697 8578
2 2 355 2475 9400
2 2 779 7786 8485
1 2 3066 2726 9402
2 2 64 2735 9272
2 2 1462 2741 9403
2 2 887 9140 8494
2 2 2747 6768 9234
2 2 890 2459 8496
2 2 890 2453 8498
2 2 2825 897 9254
2 2 9404 212 8505
2 2 9405 87 8508
2 2 3095 2760 9406
2 2 2773 2775 8564
2 2 2533 2775 9407
2 2 4568 4566 8932
2 2 4571 4569 9408
2 2 9409 4574 8939
2 2 4573 9409 8943
2 2 889 9086 8514
2 2 212 6475 8515
2 2 669 8458 8518
2 2 94 5416 8520
2 2 2828 5295 8521
2 2 508 8787 8523
2 2 953 2843 8562
2 2 2845 7578 8527
2 2 355 4181 8532
2 2 1253 2875 8534
2 2 157 4712 9270
2 2 2856 4820 8535
2 2 2977 2857 9410
2 2 277 2526 8537
2 2 2866 4825 8540
2 2 3016 2867 9411
2 2 2964 2925 9412
1 2 4589 4587 9413
1 2 4592 4590 9414
2 2 142 2925 9307
2 2 2964 7296 8545
2 2 2995 2965 9415
2 2 1550 2966 9416
2 2 403 9106 9310
2 2 2976 7165 9417
2 2 2422 8378 9050
1 2 9384 45 9398
2 2 2980 3154 8724
2 2 9418 2984 8554
2 2 2994 4705 9419
2 2 144 2920 9222
2 2 713 2640 9204
2 2 845 3081 9403
2 2 3005 7315 9404
2 2 3020 2534 8569
2 2 2521 6929 8718
2 2 2866 8537 8633
2 2 3022 7317 8571
2 2 9420 139 9059
2 2 1605 2862 8779
2 2 3032 4177 8574
1 2 1131 4174 8581
1 2 2989 5144 8583
2 2 9106 403 8795
2 2 3795 9106 8795
2 2 2982 2439 8587
2 2 3042 6017 9392
2 2 139 4681 9394
2 2 141 4783 9388
2 2 2856 9270 9037
2 2 119 3000 9421
2 2 3054 2733 8614
2 2 2999 7244 8597
2 2 331 4610 9279
2 2 965 3095 9280
2 2 1236 4612 9422
2 2 3108 7578 8639
2 2 657 4727 9410
1 2 3085 3024 8615
1 2 351 5146 8616
1 2 9423 3085 8617
2 2 415 5870 9415
1 2 3006 2648 8630
2 2 80 4824 9411
2 2 3105 2836 8637
2 2 9424 142 9013
1 2 2413 3055 9425
2 2 9426 4602 8954
1 2 9427 2811 8935
2 2 660 7235 9077
2 2 9428 337 8719
2 2 1754 3164 9429
1 2 3180 3182 8735
1 2 109 4835 9127
1 2 996 3187 9025
1 2 1683 3197 9430
2 2 127 5214 8649
2 2 784 3218 9431
2 2 9432 865 8658
2 2 901 5134 8662
2 2 472 3233 8663
2 2 3232 3375 8664
2 2 3230 3234 9156
2 2 1046 3232 9433
2 2 3236 525 9434
2 2 20 5323 8668
2 2 2118 3242 9102
2 2 619 3264 8674
2 2 3247 3265 9174
2 2 3260 6457 8682
2 2 32 3363 8683
2 2 3269 1196 9435
1 2 3271 3273 8730
1 2 3303 3305 8756
2 2 951 7577 8689
2 2 1062 3402 9083
2 2 3402 6315 9268
1 2 3406 4832 9277
1 2 1015 3408 9436
2 2 3444 5165 8698
2 2 491 3435 8699
2 2 8702 453 8873
1 2 9437 453 8704
2 2 8708 1789 8706
1 2 3655 3476 9438
2 2 3477 6997 8709
1 2 3639 3528 9439
2 2 3528 7381 8712
2 2 2273 4524 8714
2 2 3534 5761 8715
1 2 3544 3151 8734
2 2 3540 3148 8742
2 2 779 3277 9221
2 2 3556 3170 8761
1 2 304 8337 8767
1 2 9440 3406 8768
2 2 3647 3547 8772
2 2 4491 8702 8873
1 2 9441 453 9437
1 2 3665 4873 9441
2 2 615 5425 9173
2 2 934 3967 8777
2 2 3558 5094 8778
2 2 3567 4372 8781
2 2 1050 5532 8782
2 2 3577 5117 8783
2 2 3643 3426 8786
2 2 3595 3399 8788
2 2 1115 3731 9442
2 2 373 3825 8792
2 2 403 4188 8796
2 2 2134 3842 9443
2 2 142 3856 9011
1 2 3882 3734 8984
1 2 4106 4108 8971
2 2 4121 3824 8994
2 2 137 4186 9251
2 2 4152 4807 9252
2 2 1361 4327 9444
1 2 4852 4382 9445
2 2 4382 7326 8807
2 2 9446 252 8808
2 2 1792 5696 8810
1 2 9447 473 8812
2 2 4862 4401 9448
2 2 4409 7036 9446
2 2 1913 7621 8817
1 2 4865 4463 9449
2 2 9450 65 8820
2 2 3631 4464 9243
2 2 8824 191 8918
1 2 9451 191 8826
2 2 8830 2240 8828
1 2 4867 4468 9452
2 2 8836 1110 8834
1 2 4868 4471 9453
1 2 9454 1110 8838
2 2 8842 2243 8840
1 2 4809 4474 9455
2 2 8848 441 8846
1 2 4869 4477 9456
2 2 4478 7082 8849
1 2 9457 441 8850
2 2 8851 215 8933
1 2 9458 215 8853
2 2 8857 2249 8855
1 2 4871 4483 9459
2 2 8863 1116 8861
1 2 4872 4486 9460
1 2 9461 1116 8865
2 2 8869 2252 8867
1 2 4810 4489 9462
1 2 4873 4492 9463
1 2 4874 4493 9464
2 2 9465 322 8877
2 2 4787 4494 9244
1 2 4814 4496 9466
1 2 9467 1120 8884
2 2 4689 4497 9468
1 2 4876 4499 9469
2 2 9468 1120 8889
2 2 4788 4500 9245
1 2 4877 4502 9470
1 2 9471 467 8896
2 2 467 7432 8897
2 2 8902 2264 8900
1 2 4878 4507 9472
2 2 8908 1160 8906
1 2 4879 4510 9473
1 2 9474 1160 8910
2 2 8914 2267 8912
1 2 4815 4513 9475
2 2 4515 8824 8918
1 2 4880 4516 9476
1 2 4881 4517 9477
2 2 9478 1179 8922
2 2 4797 4518 9247
1 2 4882 4520 9479
1 2 9480 322 8929
2 2 4875 4521 9465
2 2 4567 8851 8933
1 2 4890 4568 9481
2 2 4796 4570 9246
1 2 4812 4572 9482
1 2 9483 1179 8941
2 2 4741 4573 9478
1 2 4895 4584 9484
2 2 4584 7407 8945
1 2 4897 4588 9485
1 2 4750 4600 9486
2 2 4602 5703 8955
1 2 4648 3890 8958
1 2 4659 4014 9026
1 2 4660 4059 9027
2 2 4605 3679 8974
1 2 4793 4132 8997
1 2 4732 3862 9000
1 2 9487 1110 9454
1 2 9488 1116 9461
1 2 9489 1179 9483
1 2 9490 1120 9467
1 2 9491 1160 9474
2 2 4830 4281 9005
1 2 4861 7455 9447
1 2 252 7454 9445
2 2 473 6967 9448
2 2 4866 5692 9450
1 2 9492 191 9451
1 2 9493 441 9457
1 2 9494 215 9458
1 2 4877 7456 9471
1 2 9495 322 9480
1 2 4885 4869 9493
1 2 4887 4880 9492
1 2 4888 4890 9494
1 2 4889 4874 9495
1 2 65 6073 9449
1 2 322 9495 9464
1 2 191 9492 9476
1 2 453 9441 9463
1 2 441 9493 9456
1 2 9496 4898 9010
1 2 215 9494 9481
1 2 4829 4273 9030
1 2 4746 4956 9031
1 2 4699 4199 9033
2 2 1124 4789 9497
1 2 4907 4868 9487
1 2 4908 4872 9488
1 2 4909 4881 9489
1 2 4901 4876 9490
1 2 4902 4879 9491
1 2 1110 9487 9453
1 2 1116 9488 9460
1 2 1120 9490 9469
1 2 1160 9491 9473
1 2 1179 9489 9477
2 2 5784 5723 9043
1 2 7171 7262 9057
2 2 3143 9077 7476
2 2 3141 9078 7477
2 2 618 3047 9305
2 2 1925 1233 9079
2 2 1924 9079 8089
1 2 629 5783 9336
2 2 2420 9080 8377
1 2 769 7762 7479
2 2 1929 9081 7482
2 2 2426 1194 9082
2 2 2426 9082 8384
2 2 1550 5280 9297
2 2 1062 9083 8610
2 2 713 3537 9205
2 2 1899 2511 9084
2 2 2542 9084 8434
2 2 3599 9085 7492
2 2 2440 9086 7495
2 2 678 5719 9087
2 2 678 9087 8613
2 2 1688 9088 8317
1 2 2445 9089 7497
1 2 488 871 9090
1 2 2582 9090 8447
2 2 9295 1484 9091
2 2 4612 9091 9018
2 2 1380 2298 9092
2 2 4613 9092 9021
1 2 328 3085 9253
1 2 1199 9253 9423
2 2 2450 1871 9093
2 2 2450 9093 8393
2 2 2452 9094 8395
2 2 1084 4677 9095
2 2 1084 9095 9023
2 2 1818 1807 9096
2 2 4756 9096 8992
2 2 2458 9097 8398
2 2 1941 9098 7506
2 2 1945 9099 7513
2 2 2827 8787 7516
1 2 1209 4621 9275
1 2 835 4622 9228
1 2 1211 4623 9436
1 2 548 7209 9357
1 2 2166 9100 7522
2 2 902 3948 9238
2 2 1393 5954 9101
2 2 3443 9101 8700
2 2 1217 5532 9258
2 2 2117 9102 8194
2 2 2328 9103 7523
2 2 1826 9104 7524
2 2 2303 9105 7525
2 2 2967 9106 7531
2 2 1755 9107 8775
2 2 2477 557 9108
2 2 2477 9108 8408
2 2 2995 5970 9109
2 2 2965 9109 8547
1 2 162 1979 9498
1 2 6086 9110 9054
2 2 1984 9111 8115
2 2 1225 9112 7542
2 2 4691 9113 7543
2 2 1417 1736 9114
2 2 7141 9114 9062
2 2 1851 1739 9115
2 2 1851 9115 8621
2 2 747 2978 9116
2 2 3000 9116 8625
2 2 711 2637 9202
2 2 528 6764 9391
2 2 526 9117 8332
2 2 1854 1659 9118
2 2 3217 9118 8655
2 2 386 9119 7545
2 2 896 1106 9120
2 2 3005 9120 8627
2 2 737 2655 9208
2 2 4749 8283 7549
2 2 617 9121 7551
2 2 2607 8043 7552
2 2 1743 5271 9122
2 2 3249 9122 8675
2 2 1320 4225 9282
2 2 2824 9123 8517
2 2 796 3936 9124
2 2 3669 9124 8774
2 2 2499 2497 9382
1 2 258 664 9380
2 2 621 7979 7560
1 2 259 2414 9499
1 2 9500 258 9125
1 2 2444 9125 8389
1 2 2025 9126 8138
1 2 3188 9127 7563
1 2 3407 9128 7567
2 2 2423 8015 7570
2 2 2044 9129 7573
2 2 1245 1020 9130
2 2 3503 9130 9309
2 2 1245 9130 8738
2 2 2331 5215 9131
2 2 5831 9131 9051
2 2 891 990 9132
2 2 3540 9132 8722
1 2 1149 9133 7581
1 2 2058 9134 7584
1 2 2175 9135 7588
1 2 1869 5730 9136
1 2 1783 9136 8051
1 2 3186 4835 9137
1 2 3186 9137 9063
1 2 2324 2149 9138
1 2 7163 9138 9067
2 2 1242 2289 9139
2 2 2850 9139 8533
2 2 315 1021 9265
2 2 2332 9140 7591
2 2 309 9141 7593
2 2 780 3277 9212
1 2 2359 5956 9142
1 2 2152 9142 8231
2 2 2544 884 9143
2 2 2544 9143 8438
2 2 1945 3756 9144
2 2 2046 9144 8161
2 2 642 4631 9180
2 2 1076 3629 9145
2 2 1076 9145 8636
2 2 2924 8611 7609
2 2 2550 2455 9242
2 2 2556 9146 7611
2 2 1495 7296 9412
2 2 3216 446 9147
2 2 3215 9147 8654
2 2 2465 9148 7613
2 2 798 3073 9149
2 2 798 9149 8342
2 2 2072 2070 9224
1 2 421 4423 9292
2 2 1360 5205 9283
2 2 2565 9150 7626
2 2 3796 1256 9151
2 2 3795 9151 8793
2 2 1257 5944 9271
2 2 3219 1528 9152
2 2 3218 9152 8657
2 2 2084 9153 7632
2 2 1643 5876 9154
2 2 2169 9154 8245
2 2 3224 8697 7636
2 2 2085 9155 7642
2 2 3230 9156 7645
1 2 2581 9157 7651
2 2 4326 8289 7654
2 2 1512 5870 9444
1 2 1283 2928 9158
1 2 1283 9158 9069
2 2 509 9159 7662
2 2 7114 8522 7663
2 2 518 9160 7665
2 2 7115 8374 7666
2 2 1890 5529 9161
2 2 1709 9161 8034
2 2 3237 3235 9434
2 2 3238 8681 7669
1 2 352 7208 9325
1 2 2111 2109 9328
1 2 549 7209 9186
2 2 1957 5419 9162
2 2 1957 9162 8350
2 2 40 1712 9303
2 2 1708 519 9163
2 2 1707 9163 8033
2 2 2596 569 9164
2 2 2596 9164 8457
2 2 1845 1577 9165
2 2 4712 9165 9038
2 2 1717 9166 7677
2 2 7215 9167 9073
2 2 1720 4340 9168
2 2 4709 9168 8977
2 2 1402 5012 9169
2 2 1402 9169 9061
2 2 2982 9170 8552
2 2 592 9117 8584
2 2 2127 50 9171
2 2 2126 9171 8212
2 2 2130 602 9172
2 2 2129 9172 8215
2 2 3557 9173 7687
2 2 3247 9174 7690
1 2 264 9175 7692
1 2 1401 4833 9176
1 2 1401 9176 9066
1 2 2108 547 9177
1 2 2151 9177 8230
1 2 2359 7208 9178
1 2 2173 9178 8249
1 2 2360 7389 9179
1 2 2176 9179 8251
2 2 642 9180 7701
2 2 3626 9181 7702
2 2 2334 5879 9182
2 2 2179 9182 8256
2 2 1860 5785 9183
2 2 3248 9183 8676
2 2 559 5786 9329
2 2 2315 5786 9184
2 2 2116 9184 8196
2 2 525 2494 9185
2 2 525 9185 8743
2 2 608 1740 9311
2 2 530 4447 9300
1 2 549 9186 7713
1 2 4794 9187 7714
1 2 1700 5993 9188
1 2 3262 9188 8687
2 2 1642 1966 9189
2 2 3241 9189 8670
2 2 2379 4698 9190
2 2 2120 9190 8199
2 2 2820 9191 7717
2 2 576 2123 9356
2 2 2612 2610 9395
2 2 1379 7973 7722
1 2 2279 9192 7726
1 2 634 5899 9430
1 2 2174 9193 7729
2 2 524 7204 9298
1 2 1935 6009 9194
1 2 2146 9194 8227
2 2 2384 4730 9195
2 2 2136 9195 8219
2 2 3270 3268 9435
2 2 2383 5813 9196
2 2 2128 9196 8213
2 2 2616 7553 9197
2 2 3841 9197 8799
2 2 2420 9198 8460
2 2 2421 2621 9210
2 2 2624 2419 9211
2 2 310 5906 9355
2 2 2611 179 9199
2 2 2611 9199 8463
2 2 99 2689 9385
1 2 1441 683 9200
1 2 1440 9200 7933
1 2 2682 7499 9214
1 2 2693 7952 7738
1 2 1444 685 9201
1 2 1443 9201 7939
2 2 2191 2190 9343
2 2 2708 9202 8487
2 2 184 9203 7740
2 2 3607 9204 7741
2 2 713 9205 7743
2 2 3056 9206 7744
2 2 2644 717 9207
2 2 2644 9207 8466
2 2 737 9208 8355
2 2 2498 747 9209
2 2 2498 9209 8469
2 2 670 9210 7752
2 2 2622 8262 7753
2 2 338 9211 7755
2 2 2623 8421 7756
2 2 2705 9212 8484
2 2 3730 9213 7758
2 2 3036 8347 7761
2 2 2081 2198 9218
2 2 709 2194 9362
1 2 2682 9214 7764
2 2 676 2978 9215
2 2 3048 9215 8622
1 2 2695 9216 7769
2 2 1827 5568 9416
2 2 1616 7317 9217
2 2 2226 9217 8291
1 2 4644 8628 7776
2 2 2661 2703 9397
2 2 803 9218 7784
2 2 2205 9219 7785
2 2 2352 3156 9220
2 2 2352 9220 8986
2 2 779 9221 7787
2 2 4742 9222 7788
2 2 705 4171 9338
2 2 1946 9223 7791
2 2 788 1787 9442
2 2 821 3611 9386
2 2 853 9224 7793
2 2 2071 9225 7794
1 2 2726 778 9226
1 2 2726 9226 8490
2 2 865 3600 9431
2 2 2388 5862 9227
2 2 2185 9227 8266
1 2 835 9228 7802
1 2 4770 9229 7803
2 2 1995 3702 9230
2 2 1995 9230 8758
2 2 780 2705 9231
2 2 3548 9231 8759
2 2 2741 717 9232
2 2 2741 9232 8493
1 2 2028 9233 8293
1 2 1797 6085 9486
2 2 889 8075 9418
2 2 2747 9234 7806
2 2 2749 9235 7809
2 2 892 2452 9240
2 2 897 2619 9236
2 2 2749 9236 9235
2 2 2754 9237 8499
2 2 3225 9238 8661
2 2 3331 952 9239
2 2 3330 9239 8690
2 2 956 3171 9260
2 2 140 3627 9259
2 2 2536 9240 7832
2 2 1058 7249 9387
2 2 2543 9241 8436
2 2 1063 8609 9281
2 2 1080 9242 7834
2 2 2549 7868 7835
2 2 3530 9243 8713
1 2 1096 1098 9262
2 2 4498 9244 8883
2 2 4504 9245 8895
2 2 1133 4777 9327
2 2 1520 7854 7839
2 2 244 4703 9249
2 2 4574 9246 8940
2 2 4522 9247 8928
2 2 4864 9248 7853
2 2 2086 9249 7859
2 2 949 4759 9250
2 2 3254 9250 8679
2 2 4154 9251 7861
2 2 4152 9252 7862
1 2 1033 9253 7865
2 2 2824 9254 8516
1 2 996 4621 9255
1 2 3187 9255 8644
1 2 1011 4623 9256
1 2 4771 9256 8999
2 2 2260 9257 7879
2 2 1217 9258 7881
2 2 3231 9259 7885
2 2 1047 5939 9319
2 2 956 9260 8604
2 2 2336 4743 9261
2 2 1996 9261 8121
1 2 1096 9262 8566
1 2 2056 9263 8167
1 2 2059 4668 9264
1 2 7275 9264 9076
2 2 2328 9265 7886
2 2 1246 9111 7887
2 2 1985 9266 7888
2 2 1024 2523 9267
2 2 3259 9267 8684
2 2 1223 4632 9433
2 2 1947 9241 8100
2 2 3402 9268 7894
1 2 5524 9269 7897
2 2 2858 9270 7899
2 2 1257 9271 7902
2 2 4779 9272 7903
2 2 2867 1201 9273
2 2 2866 9273 8538
2 2 2291 1202 9274
2 2 2291 9274 8311
1 2 1209 9275 7905
1 2 4767 9276 7906
1 2 3406 9277 7909
2 2 29 9278 7911
2 2 4775 9279 7915
2 2 1235 3636 9322
2 2 3587 9280 8766
1 2 2398 4809 9501
1 2 2400 4810 9502
1 2 3102 4812 9503
2 2 3797 9281 8794
1 2 2395 3639 9504
1 2 2401 4814 9505
1 2 2404 4815 9506
2 2 1301 4628 9286
2 2 1320 9282 9001
1 2 1342 1344 9285
1 2 428 3437 9287
2 2 2555 9283 8441
2 2 1411 1413 9294
2 2 4839 5669 9284
2 2 4586 9284 8946
1 2 1342 9285 9056
2 2 3404 9286 8693
1 2 428 9287 7962
2 2 1390 3166 9288
2 2 4640 9288 9002
2 2 2449 5858 9289
2 2 2525 9289 8419
2 2 1355 5540 9290
2 2 3243 9290 8669
1 2 74 9291 7971
1 2 5849 9292 7972
2 2 4278 9293 7975
2 2 1411 9294 8744
2 2 1484 9295 8638
2 2 1294 5190 9296
2 2 1294 9296 8576
1 2 1521 4832 9440
2 2 3856 9297 8802
2 2 1602 9166 8002
2 2 524 9298 8008
2 2 277 9299 8780
2 2 127 8648 8016
2 2 404 9107 8018
2 2 1661 1663 9308
2 2 530 9300 8024
2 2 1704 9103 8026
2 2 131 9167 8027
2 2 1705 9301 8030
2 2 562 9302 8031
2 2 40 9303 8036
2 2 1716 9302 8037
2 2 562 9301 8038
2 2 578 9304 8041
2 2 618 9305 8044
2 2 186 9170 8047
2 2 4398 3070 9306
2 2 4398 9306 8811
2 2 2868 9299 8539
2 2 2966 9307 8062
2 2 1852 4855 9429
2 2 1661 9308 9004
2 2 2621 9123 8066
2 2 3142 8739 8068
2 2 3503 9309 8069
2 2 2968 9310 8073
1 2 1887 3655 9507
2 2 3001 9311 8078
2 2 1843 3645 9312
2 2 3226 9312 8660
2 2 3163 8776 8084
2 2 3039 8764 9405
2 2 1870 4753 9313
2 2 2037 9313 8153
1 2 9507 1789 9314
1 2 3479 9314 8710
1 2 4858 6084 9315
1 2 4397 9315 8809
1 2 1920 9316 8087
1 2 9508 1951 9317
1 2 1953 9317 8103
2 2 1961 9318 8106
2 2 1974 8363 8110
2 2 1047 9319 8113
1 2 1978 4733 9498
2 2 1986 9320 8116
2 2 1993 9321 8118
2 2 580 8351 8119
2 2 1235 9322 8122
1 2 2018 9175 8127
1 2 624 9323 8135
1 2 688 9126 8258
1 2 2033 9324 8149
2 2 2045 8985 8162
1 2 352 9325 8168
1 2 2057 9326 8169
2 2 1133 9327 8178
2 2 529 9088 8188
1 2 550 9328 8326
2 2 559 9329 8201
2 2 2121 9330 8206
2 2 2124 9331 8209
2 2 58 9332 8210
2 2 2131 9333 8216
2 2 185 5490 9393
2 2 609 2135 9443
2 2 211 9334 8222
1 2 2138 9335 8224
1 2 629 9336 8225
1 2 2140 2142 9360
1 2 631 9337 8228
2 2 705 9338 8234
1 2 352 9263 8247
1 2 639 9339 8252
1 2 267 9340 8261
2 2 2184 2186 9364
2 2 90 9341 8263
2 2 2188 9342 8272
2 2 2191 9343 8356
1 2 2197 9233 8279
1 2 2196 9344 8281
2 2 2211 2213 9359
1 2 264 9345 8286
2 2 4464 2237 9346
2 2 4463 9346 8819
2 2 4494 2255 9347
2 2 4493 9347 8876
2 2 4497 2254 9348
2 2 4496 9348 8882
2 2 4500 2258 9349
2 2 4499 9349 8888
2 2 4503 2257 9350
2 2 4502 9350 8894
2 2 4518 2270 9351
2 2 4517 9351 8921
2 2 4521 2269 9352
2 2 4520 9352 8927
2 2 2290 2292 9365
2 2 79 9353 8310
2 2 2304 9354 8314
2 2 2036 9355 8316
2 2 3013 9356 8324
1 2 2110 9357 8327
2 2 2340 5809 9358
2 2 2340 9358 9020
2 2 2211 9359 8993
1 2 2140 9360 8366
1 2 2375 4877 9509
2 2 580 9361 8352
2 2 4604 9362 8353
1 2 2355 4836 9363
1 2 2355 9363 8736
1 2 2386 4878 9510
2 2 2528 9364 8425
2 2 2290 9365 8555
1 2 2397 4867 9511
1 2 2399 4871 9512
1 2 2405 4882 9513
1 2 9509 2256 9366
1 2 4499 9366 8890
1 2 9510 2264 9367
1 2 4510 9367 8904
1 2 9504 2235 9368
1 2 4463 9368 8821
1 2 9511 2240 9369
1 2 4471 9369 8832
1 2 9501 2243 9370
1 2 4477 9370 8844
1 2 9512 2249 9371
1 2 4486 9371 8859
1 2 9502 2252 9372
1 2 4492 9372 8871
1 2 9505 2253 9373
1 2 4493 9373 8878
1 2 9506 2267 9374
1 2 4516 9374 8916
1 2 9513 2268 9375
1 2 4517 9375 8923
1 2 9514 2273 9376
1 2 3536 9376 8716
1 2 2413 2415 9383
1 2 9425 68 9389
1 2 2414 9425 9389
2 2 671 9198 8376
2 2 669 9080 8459
2 2 341 9377 8383
2 2 2437 2591 9378
2 2 2438 9378 8450
1 2 45 9379 8388
1 2 258 9380 8390
2 2 891 8740 8394
2 2 2454 9094 8497
2 2 2460 9237 8399
2 2 2460 9097 8500
2 2 2462 9381 8404
2 2 745 9382 8468
1 2 2505 9383 8411
1 2 45 9384 9379
1 2 260 2507 9399
2 2 330 2534 9407
2 2 99 9385 8428
2 2 821 9386 8432
2 2 1058 9387 8437
2 2 141 9388 8444
1 2 2583 9389 8446
1 2 501 9390 8448
2 2 528 9391 8451
2 2 2590 9392 8453
2 2 185 9393 8454
2 2 139 9394 8456
2 2 676 9395 8462
2 2 16 9396 8465
2 2 2661 9397 8467
1 2 2684 9398 8471
1 2 260 9399 8474
2 2 355 9400 8477
2 2 678 8612 8481
1 2 68 9401 8482
1 2 356 9402 8489
2 2 845 9403 8492
2 2 2757 9254 8503
2 2 2756 9404 8505
2 2 2759 9405 8508
2 2 87 9406 8509
2 2 330 9407 8512
2 2 4570 2813 9408
2 2 4570 9408 8937
2 2 4573 2812 9409
2 2 4572 9409 8939
2 2 2832 2834 9420
2 2 951 8562 8525
2 2 657 9410 8536
2 2 80 9411 8541
2 2 2923 2925 9424
2 2 1495 9412 8544
1 2 4588 2939 9413
1 2 4588 9413 8949
1 2 4591 2948 9414
1 2 4591 9414 8952
1 2 2950 4898 9515
2 2 415 9415 8546
2 2 1827 9416 8548
2 2 2595 3146 9417
2 2 2595 9417 9058
1 2 3065 9384 9398
2 2 2441 9418 8554
2 2 3855 7529 9419
2 2 3855 9419 9012
2 2 7165 9420 9059
2 2 3008 3077 9421
2 2 3008 9421 8624
2 2 87 9280 9406
2 2 3107 5941 9422
2 2 3107 9422 9017
1 2 3118 4895 9516
1 2 5145 9423 8617
2 2 4705 9424 9013
1 2 68 9425 9401
2 2 4601 3075 9426
2 2 4600 9426 8954
1 2 9503 2811 9427
1 2 4569 9427 8935
2 2 3144 3250 9428
2 2 3145 9428 8719
2 2 1852 9429 8641
1 2 296 9025 8643
1 2 634 9430 8647
2 2 865 9431 8656
2 2 3220 9432 8658
2 2 1223 9433 8665
2 2 3237 9434 8745
2 2 558 9102 8671
2 2 3270 9435 8725
2 2 372 9083 8692
1 2 1211 9436 8696
1 2 3476 9437 8704
2 2 3475 8708 8706
1 2 1789 9438 8707
1 2 2235 9439 8711
1 2 7123 9440 8768
1 2 3655 9441 9437
2 2 788 9442 8791
2 2 609 9443 8800
2 2 1512 9444 8805
1 2 252 9445 8806
2 2 4384 9446 8808
1 2 4400 9447 8812
2 2 473 9448 8813
1 2 65 9449 8818
2 2 4465 9450 8820
2 2 2235 9243 8822
1 2 4468 9451 8826
2 2 4467 8830 8828
1 2 2240 9452 8829
2 2 4470 8836 8834
1 2 1110 9453 8835
1 2 4474 9454 8838
2 2 4473 8842 8840
1 2 2243 9455 8841
2 2 4476 8848 8846
1 2 441 9456 8847
1 2 4480 9457 8850
1 2 4483 9458 8853
2 2 4482 8857 8855
1 2 2249 9459 8856
2 2 4485 8863 8861
1 2 1116 9460 8862
1 2 4489 9461 8865
2 2 4488 8869 8867
1 2 2252 9462 8868
1 2 453 9463 8874
1 2 322 9464 8875
2 2 4495 9465 8877
2 2 2253 9244 8879
1 2 2253 9466 8881
1 2 4496 9467 8884
2 2 1120 9468 8885
1 2 1120 9469 8887
2 2 4501 9468 8889
2 2 2256 9245 8891
1 2 2256 9470 8893
1 2 4502 9471 8896
2 2 4506 8902 8900
1 2 2264 9472 8901
2 2 4509 8908 8906
1 2 1160 9473 8907
1 2 4513 9474 8910
2 2 4512 8914 8912
1 2 2267 9475 8913
1 2 191 9476 8919
1 2 1179 9477 8920
2 2 4519 9478 8922
2 2 2268 9247 8924
1 2 2268 9479 8926
1 2 4520 9480 8929
2 2 322 9465 8930
1 2 215 9481 8934
2 2 2811 9246 8936
1 2 2811 9482 8938
1 2 4572 9483 8941
2 2 1179 9478 8942
1 2 2912 9484 8944
1 2 9 9485 8948
1 2 1797 9486 8953
1 2 4809 9487 9454
1 2 4810 9488 9461
1 2 4812 9489 9483
1 2 4814 9490 9467
1 2 4815 9491 9474
1 2 4867 9492 9451
1 2 4870 9493 9457
1 2 4871 9494 9458
1 2 4882 9495 9480
1 2 4590 9496 9010
2 2 4905 9497 9040
1 2 261 645 9500
2 2 1470 9295 9091
1 2 1978 9498 9110
1 2 501 481 9499
1 2 501 9499 9390
1 2 2508 9500 9125
1 2 2243 9501 9455
1 2 2252 9502 9462
1 2 2811 9503 9482
1 2 2235 9504 9439
1 2 2253 9505 9466
1 2 2267 9506 9475
1 2 2406 4817 9514
1 2 2951 2950 9517
1 2 1789 9507 9438
1 2 3656 9507 9314
1 2 67 4608 9508
1 2 1953 9508 9317
1 2 2256 9509 9470
1 2 2264 9510 9472
1 2 2240 9511 9452
1 2 2249 9512 9459
1 2 2268 9513 9479
1 2 4876 9509 9366
1 2 4879 9510 9367
1 2 4865 9504 9368
1 2 4868 9511 9369
1 2 4869 9501 9370
1 2 4872 9512 9371
1 2 4873 9502 9372
1 2 4874 9505 9373
1 2 4880 9506 9374
1 2 4881 9513 9375
1 2 3671 9514 9376
1 2 2947 9515 9496
1 2 2912 6050 9516
1 2 2912 9516 9484
1 2 4891 9503 9427
1 2 2947 1779 9517
1 2 2947 9517 9515

boundary
438
3 1 0 8951
3 1 8951 4591
3 1 4591 2948
3 1 2948 1780
3 1 1780 760
3 1 760 292
3 1 292 3933
3 1 3933 102
3 1 102 2787
3 1 2787 1054
3 1 1054 2790
3 1 2790 72
3 1 72 2658
3 1 2658 739
3 1 739 3895
3 1 3895 226
3 1 226 2761
3 1 2761 918
3 1 918 2764
3 1 2764 1
3 1 1 5122
3 1 5122 1097
3 1 1097 423
3 1 423 2869
3 1 2869 150
3 1 150 3910
3 1 3910 805
3 1 805 3913
3 1 3913 75
3 1 75 2779
3 1 2779 1026
3 1 1026 4063
3 1 4063 327
3 1 327 3365
3 1 3365 1029
3 1 1029 3368
3 1 3368 2
3 1 2 3274
3 1 3274 762
3 1 762 3907
3 1 3907 300
3 1 300 4036
3 1 4036 1007
3 1 1007 4039
3 1 4039 110
3 1 110 4045
3 1 4045 1010
3 1 1010 4048
3 1 4048 303
3 1 303 4054
3 1 4054 1013
3 1 1013 4057
3 1 4057 3
3 1 3 6674
3 1 6674 2141
3 1 2141 628
3 1 628 4558
3 1 4558 266
3 1 266 4299
3 1 4299 1437
3 1 1437 4302
3 1 4302 70
3 1 70 7942
3 1 7942 1444
3 1 1444 685
3 1 685 4331
3 1 4331 162
3 1 162 1979
3 1 1979 9052
3 1 9052 360
3 1 360 3199
3 1 3199 499
3 1 499 6199
3 1 6199 872
3 1 872 1538
3 1 1538 3124
3 1 3124 4900
3 1 4900 7464
3 1 7464 4
3 1 4 7462
3 1 7462 4896
3 1 4896 3119
3 1 3119 1536
3 1 1536 870
3 1 870 498
3 1 498 7200
3 1 7200 325
3 1 325 7360
3 1 7360 2333
3 1 2333 52
3 1 52 4073
3 1 4073 1059
3 1 1059 4076
3 1 4076 27
3 1 27 3898
3 1 3898 750
3 1 750 3901
3 1 3901 273
3 1 273 3350
3 1 3350 974
3 1 974 3353
3 1 3353 19
3 1 19 5102
3 1 5102 1017
3 1 1017 308
3 1 308 4194
3 1 4194 128
3 1 128 3376
3 1 3376 1049
3 1 1049 5115
3 1 5115 30
3 1 30 3324
3 1 3324 933
3 1 933 5092
3 1 5092 235
3 1 235 3327
3 1 3327 936
3 1 936 5095
3 1 5095 5
3 1 5 3356
3 1 3356 977
3 1 977 6290
3 1 6290 276
3 1 276 3453
3 1 3453 1604
3 1 1604 4370
3 1 4370 78
3 1 78 4000
3 1 4000 980
3 1 980 6293
3 1 6293 279
3 1 279 4003
3 1 4003 983
3 1 983 6296
3 1 6296 41
3 1 41 4006
3 1 4006 986
3 1 986 6299
3 1 6299 282
3 1 282 4373
3 1 4373 1607
3 1 1607 8009
3 1 8009 81
3 1 81 4293
3 1 4293 1405
3 1 1405 7926
3 1 7926 535
3 1 535 5227
3 1 5227 1408
3 1 1408 7929
3 1 7929 6
3 1 6 5467
3 1 5467 2038
3 1 2038 319
3 1 319 5470
3 1 5470 2041
3 1 2041 8157
3 1 8157 143
3 1 143 6410
3 1 6410 1446
3 1 1446 701
3 1 701 5585
3 1 5585 2631
3 1 2631 60
3 1 60 6511
3 1 6511 1658
3 1 1658 445
3 1 445 8653
3 1 8653 3215
3 1 3215 195
3 1 195 8214
3 1 8214 2129
3 1 2129 600
3 1 600 5007
3 1 5007 3044
3 1 3044 7
3 1 7 2892
3 1 2892 1429
3 1 1429 622
3 1 622 5237
3 1 5237 1432
3 1 1432 5240
3 1 5240 480
3 1 480 3586
3 1 3586 9432
3 1 9432 865
3 1 865 3600
3 1 3600 249
3 1 249 8295
3 1 8295 5931
3 1 5931 2233
3 1 2233 5932
3 1 5932 877
3 1 877 4146
3 1 4146 1188
3 1 1188 9248
3 1 9248 4906
3 1 4906 8
3 1 10 3876
3 1 3876 719
3 1 719 2646
3 1 2646 216
3 1 216 3879
3 1 3879 722
3 1 722 2649
3 1 2649 104
3 1 104 3306
3 1 3306 915
3 1 915 3309
3 1 3309 219
3 1 219 5027
3 1 5027 728
3 1 728 1767
3 1 1767 2938
3 1 2938 4587
3 1 4587 8947
3 1 8947 9
3 1 11 3294
3 1 3294 814
3 1 814 3297
3 1 3297 153
3 1 153 3288
3 1 3288 808
3 1 808 3291
3 1 3291 77
3 1 77 3315
3 1 3315 924
3 1 924 3318
3 1 3318 232
3 1 232 3962
3 1 3962 927
3 1 927 2770
3 1 2770 10
3 1 12 4009
3 1 4009 995
3 1 995 4012
3 1 4012 294
3 1 294 4015
3 1 4015 998
3 1 998 4018
3 1 4018 107
3 1 107 4024
3 1 4024 1001
3 1 1001 3359
3 1 3359 297
3 1 297 4027
3 1 4027 1004
3 1 1004 4030
3 1 4030 11
3 1 13 6075
3 1 6075 3672
3 1 3672 2410
3 1 2410 1269
3 1 1269 873
3 1 873 496
3 1 496 6197
3 1 6197 256
3 1 256 3179
3 1 3179 120
3 1 120 8102
3 1 8102 1953
3 1 1953 67
3 1 67 3864
3 1 3864 683
3 1 683 1442
3 1 1442 7934
3 1 7934 46
3 1 46 4228
3 1 4228 1325
3 1 1325 4231
3 1 4231 269
3 1 269 3843
3 1 3843 632
3 1 632 2145
3 1 2145 6678
3 1 6678 12
3 1 14 4595
3 1 4595 544
3 1 544 2932
3 1 2932 93
3 1 93 5127
3 1 5127 1164
3 1 1164 3397
3 1 3397 33
3 1 33 5089
3 1 5089 921
3 1 921 2767
3 1 2767 229
3 1 229 5009
3 1 5009 614
3 1 614 3244
3 1 3244 21
3 1 21 1725
3 1 1725 586
3 1 586 5370
3 1 5370 1728
3 1 1728 176
3 1 176 5376
3 1 5376 1733
3 1 1733 587
3 1 587 3522
3 1 3522 36
3 1 36 6341
3 1 6341 1170
3 1 1170 4140
3 1 4140 55
3 1 55 4751
3 1 4751 96
3 1 96 4843
3 1 4843 214
3 1 214 9148
3 1 9148 452
3 1 452 9213
3 1 9213 789
3 1 789 1183
3 1 1183 2272
3 1 2272 3535
3 1 3535 5762
3 1 5762 13
3 1 15 8307
3 1 8307 2287
3 1 2287 4526
3 1 4526 188
3 1 188 7845
3 1 7845 1173
3 1 1173 4143
3 1 4143 49
3 1 49 8164
3 1 8164 2047
3 1 2047 5473
3 1 5473 333
3 1 333 5170
3 1 5170 1331
3 1 1331 3428
3 1 3428 24
3 1 24 7064
3 1 7064 567
3 1 567 3519
3 1 3519 134
3 1 134 6338
3 1 6338 1167
3 1 1167 4137
3 1 4137 39
3 1 39 3973
3 1 3973 942
3 1 942 3976
3 1 3976 238
3 1 238 3979
3 1 3979 945
3 1 945 3982
3 1 3982 14
3 1 16 9396
3 1 9396 2740
3 1 2740 8491
3 1 8491 845
3 1 845 1463
3 1 1463 2917
3 1 2917 192
3 1 192 3212
3 1 3212 6945
3 1 6945 442
3 1 442 1655
3 1 1655 6508
3 1 6508 57
3 1 57 2628
3 1 2628 5582
3 1 5582 696
3 1 696 1761
3 1 1761 5397
3 1 5397 98
3 1 98 2509
3 1 2509 5574
3 1 5574 288
3 1 288 992
3 1 992 5098
3 1 5098 15
3 1 17 4905
3 1 4905 9497
3 1 9497 1124
3 1 1124 4545
3 1 4545 875
3 1 875 5925
3 1 5925 2222
3 1 2222 5926
3 1 5926 9048
3 1 9048 257
3 1 257 3073
3 1 3073 868
3 1 868 2221
3 1 2221 3527
3 1 3527 462
3 1 462 5041
3 1 5041 794
3 1 794 2674
3 1 2674 16
1 1 9 9485
1 1 9485 4897
1 1 4897 3125
1 1 3125 5746
1 1 5746 1901
1 1 1901 3512
1 1 3512 849
1 1 849 1466
1 1 1466 254
1 1 254 3563
1 1 3563 1272
1 1 1272 3637
1 1 3637 114
1 1 114 4785
1 1 4785 1263
1 1 1263 3635
1 1 3635 356
1 1 356 9402
1 1 9402 3066
1 1 3066 5732
1 1 5732 777
1 1 777 8049
1 1 8049 1782
1 1 1782 2950
1 1 2950 4898
1 1 4898 9009
1 1 9009 0
2 1 8 4790
2 1 4790 7463
2 1 7463 1519
2 1 1519 4323
2 1 4323 1139
2 1 1139 7989
2 1 7989 1520
2 1 1520 500
2 1 500 1517
2 1 1517 7976
2 1 7976 1137
2 1 1137 4345
2 1 4345 1518
2 1 1518 7301
2 1 7301 4841
2 1 4841 17

vertices
9518
2
0 0
1 0
2 0
3 0
4 0
5 0
6 0
7 0
8 0
0 1
1 1
2 1
3 1
4 1
5 1
6 1
7 1
8 1
4.5 0.5
4.5 0
5 0.5
4.5 1
4 0.5
5.5 0.5
5.5 1
3.5 0.5
4.25 0.25
4.25 0
4.5 0.25
4.75 0.25
4.75 0
5 0.25
4.75 0.75
4.75 1
4.5 0.75
4.25 0.75
4.25 1
4 0.75
5.25 0.75
5.25 1
5 0.75
5.5 0
5.75 0.25
5.25 0.25
6 0.5
3.75 0.75
3.5 1
6.5 0.5
5.75 0.75
5.75 1
5.5 0.75
4.125 0.125
4.125 0
4.25 0.125
4.125 0.875
4.125 1
4 0.875
6.5 1
6.25 0.75
6.75 0.75
6.5 0
6.75 0.25
6.25 0.25
7 0.5
4.375 0.125
4 0.25
3.875 0.875
3.75 1
3.75 0.25
7.5 0.5
3.5 0
0.5 0.5
0.5 0
1 0.5
1.5 0.5
1.5 0
2 0.5
1.5 1
5.25 0
5.375 0.125
5.125 0.125
5.75 0
5.875 0.125
5.625 0.125
4.25 0.5
4.375 0.625
4.125 0.625
4.125 0.375
4.375 0.375
2.5 0.5
5.5 0.25
6 0.25
4.875 0.875
4.875 1
4.75 0.875
4.0625 0.9375
4.0625 1
4 0.9375
6.25 1
6.125 0.875
6.375 0.875
0.25 0.25
0.25 0
0.5 0.25
0.5 1
0.25 0.75
0.75 0.75
2.5 1
2.25 0.75
2.75 0.75
2.5 0
2.75 0.25
2.25 0.25
0.75 0.25
0 0.5
3 0.5
4.625 0.875
6.5 0.75
3.9375 0.9375
6 0.75
3.875 1
4.625 0.375
4.5 0.375
4.625 0.25
4.875 0.375
4.875 0.25
5 0.375
4.625 0.125
4.625 0
4.75 0.125
5.125 0.625
5.125 0.75
5 0.625
5.375 0.875
5.375 1
5.25 0.875
4.75 0.5
5.25 0.5
5.375 0.625
4.875 0.625
4.625 0.625
5.125 0.375
5.375 0.375
6.25 0
6.375 0.125
6.125 0.125
4 0.125
4.0625 0.0625
4.0625 0.1875
1.25 0.25
1.25 0
1.5 0.25
1.75 0.75
1.75 1
1.5 0.75
1.75 0.25
1.25 0.75
4.875 0.125
5.125 0.875
6.5 0.25
3.875 0.125
4.125 0.25
3.75 0
4.375 0.75
4.3125 0.6875
4.4375 0.6875
5.75 0.5
5.625 0.375
5.875 0.375
6.25 0.5
6.375 0.625
6.125 0.625
5.625 0.875
5.625 0.75
5.75 0.875
4.375 0.875
4.375 1
4.25 0.875
4.5 0.875
5.875 0.625
6 0.625
5.875 0.75
6.125 0.375
6 0.375
6.125 0.25
5.625 0.625
5.5 0.625
5.875 0.875
5.875 1
4.0625 0.8125
4.0625 0.875
4 0.8125
6.75 1
6.625 0.875
6.875 0.875
6.75 0
6.875 0.125
6.625 0.125
7 0.75
6.875 0.625
7 0.25
6.875 0.375
4.125 0.75
4.1875 0.8125
7.25 0.25
7.25 0.5
4.25 0.625
4.1875 0.6875
4.125 0.5
4.0625 0.4375
4.1875 0.4375
5.5 0.375
5.625 0.25
4.03125 0.96875
4.03125 1
4 0.96875
0.75 1
0.625 0.875
0.875 0.875
0.25 1
0.125 0.875
0.375 0.875
0.5 0.75
0.375 0.625
0.625 0.625
6.125 0.75
0.75 0
0.875 0.125
0.625 0.125
4.625 1
4.5625 0.9375
4.6875 0.9375
1.25 1
1.125 0.875
1.375 0.875
4.875 0
4.9375 0.0625
4.8125 0.0625
5.125 1
5.0625 0.9375
5.1875 0.9375
0.25 0.5
4.5 0.625
6.75 0.5
7.25 0.75
5 0.125
5 0.875
4.25 0.375
3.9375 0.8125
7.5 0
1 0.75
1 0.25
4 0.375
3.96875 0.96875
0 0.75
0.75 0.5
3.9375 1
7.5 1
3.875 0.75
3.875 0.375
3.75 0.5
3.875 0.625
3.25 0.75
3 0.75
3.25 0.5
3.25 0.25
3.25 0
3.5 0.25
3.5 0.75
3.25 1
6.625 0.625
6.625 0.75
6.5 0.625
4.375 0
4.4375 0.0625
4.3125 0.0625
5.125 0
5.1875 0.0625
5.0625 0.0625
5.375 0
5.4375 0.0625
5.3125 0.0625
5.625 0
5.6875 0.0625
5.5625 0.0625
4.03125 0.90625
4.03125 0.9375
4 0.90625
6.125 1
6.0625 0.9375
6.1875 0.9375
0.125 0.125
0.125 0
0.25 0.125
2.75 1
2.625 0.875
2.875 0.875
2.25 1
2.125 0.875
2.375 0.875
2.25 0
2.375 0.125
2.125 0.125
2.75 0
2.875 0.125
2.625 0.125
3 0.25
4.5625 0.0625
4.5625 0
4.625 0.0625
4.75 0.375
4.6875 0.3125
4.8125 0.3125
5.25 0.625
5.3125 0.6875
5.1875 0.6875
4.75 0.625
4.8125 0.6875
4.6875 0.6875
6.125 0
6.1875 0.0625
6.0625 0.0625
4 0.0625
4.03125 0.03125
4.03125 0.09375
4.0625 0
4.09375 0.03125
1.75 0
1.875 0.125
1.625 0.125
6.625 0.375
6.5 0.375
6.625 0.25
5.625 1
5.5625 0.9375
5.6875 0.9375
5.375 0.75
4.875 0.75
5.5 0.125
4.5 0.125
4.6875 0.0625
5.25 0.125
5.75 0.125
5.5 0.875
4.125 0.0625
6.25 0.875
6.25 0.125
6.375 0.375
4.0625 0.125
3.96875 0.90625
0.375 0.125
2 0.25
2.5 0.75
2.5 0.25
6 0.125
6 0.875
0 0.25
2 0.75
4.625 0.75
3.9375 0.0625
3.875 0
4.1875 0.0625
3.9375 0.875
4.3125 0.1875
4.25 0.1875
4.3125 0.125
4.4375 0.3125
4.5 0.3125
4.4375 0.375
4.3125 0.5625
4.3125 0.625
4.25 0.5625
5.25 0.375
5.3125 0.4375
5.1875 0.4375
4.1875 0.1875
4.1875 0.125
4.375 0.25
4.4375 0.1875
7.5 0.25
7.375 0.375
7.375 0.125
1.125 0.375
1 0.375
1.125 0.25
4.0625 0.5625
4.0625 0.5
4.125 0.5625
4.375 0.5
4.4375 0.5625
4.3125 0.4375
4.4375 0.4375
4.3125 0.3125
4.3125 0.375
4.25 0.3125
5.125 0.25
5.0625 0.1875
5.1875 0.1875
4.5625 0.4375
4.5 0.4375
4.5625 0.375
4.5625 0.3125
4.5625 0.25
5.375 0.5
5.4375 0.5625
5.3125 0.5625
4.625 0.5
4.6875 0.5625
4.5625 0.5625
4.875 0.5
4.9375 0.5625
4.8125 0.5625
5.125 0.5
5.0625 0.4375
5.1875 0.3125
5.3125 0.3125
4 0.1875
4.03125 0.15625
4.03125 0.21875
1.375 0.375
1.375 0.25
1.5 0.375
1.125 0.125
1.125 0
1.25 0.125
1.625 0.625
1.625 0.75
1.5 0.625
1.75 0.5
1.625 0.375
1.875 0.375
1.25 0.5
1.375 0.625
1.125 0.625
4.5625 0.1875
4.625 0.1875
5.75 0.375
5.6875 0.3125
5.8125 0.3125
4.03125 0.84375
4.03125 0.875
4 0.84375
6.625 1
6.5625 0.9375
6.6875 0.9375
6.625 0
6.6875 0.0625
6.5625 0.0625
7.125 0.375
7.125 0.5
7 0.375
4.015625 0.984375
4.015625 1
4 0.984375
4.5625 0.625
4.5 0.5625
4.0625 0.3125
4.0625 0.375
4 0.3125
0.125 0.375
0.25 0.375
0.125 0.5
7.25 1
7.125 0.875
7.375 0.875
7.5 0.75
7.375 0.625
4 0.03125
4.015625 0.015625
4.015625 0.046875
0.125 0.625
7.125 0.625
4.5625 0.6875
4 0.625
4.1875 0.5625
6.5 0.125
6.75 0.875
6.75 0.125
7.75 0.75
7.75 0.25
7.25 0
3.9375 0.3125
1.375 0.125
0.875 0.375
1.625 0.875
4.1875 0.3125
0.375 0.375
5.375 0.25
3.9375 0.1875
4.0625 0.25
4.03125 0.0625
4.6875 0.1875
5.875 0.25
3.96875 0.84375
6.5 0.875
3.984375 0.984375
3.96875 1
3.96875 0.03125
4.03125 0
3.9375 0
8 0.5
3.875 0.25
2.75 0.5
2.625 0.375
2.875 0.375
2.25 0.5
2.375 0.625
2.125 0.625
4.8125 0.9375
4.8125 0.875
4.875 0.9375
4.0625 0.6875
4 0.6875
4.0625 0.625
4.3125 0.9375
4.3125 0.875
4.375 0.9375
5.3125 0.9375
5.3125 0.875
5.375 0.9375
4.4375 0.8125
4.4375 0.875
4.375 0.8125
4.9375 0.8125
5 0.8125
4.9375 0.875
5.5625 0.6875
5.5625 0.625
5.625 0.6875
5.75 0.625
5.6875 0.5625
5.8125 0.5625
1.875 0.625
2 0.625
1.875 0.75
5.875 0
5.9375 0.0625
5.8125 0.0625
2.125 0.375
2 0.375
2.125 0.25
4.8125 0.8125
4.75 0.8125
4.9375 0.9375
4.9375 1
2.625 0.625
2.625 0.75
2.5 0.625
2.375 0.375
2.375 0.25
2.5 0.375
2.875 0.625
4.9375 0.4375
4.9375 0.375
5 0.4375
4.9375 0.3125
4.9375 0.25
5 0.3125
5.0625 0.5625
5.0625 0.625
5 0.5625
5.0625 0.6875
5.0625 0.75
5 0.6875
5.3125 0.8125
5.25 0.8125
5.4375 0.9375
5.4375 1
4.9375 0.6875
4.9375 0.625
4.9375 0.1875
4.875 0.1875
5.0625 0.8125
5.125 0.8125
5.875 0.5
5.8125 0.4375
5.9375 0.4375
5.625 0.5
5.5625 0.4375
5.6875 0.4375
6.25 0.625
6.3125 0.6875
6.1875 0.6875
4.3125 0.8125
4.25 0.8125
4.4375 0.9375
4.4375 1
4.3125 1
4.25 0.9375
4.3125 0.75
4.4375 0.75
4.5 0.8125
5.5625 0.75
5.5 0.6875
5.8125 0.8125
5.8125 0.875
5.75 0.8125
4.03125 0.78125
4.03125 0.8125
4 0.78125
6.875 0
6.9375 0.0625
6.8125 0.0625
7 0.125
6.9375 0.1875
4.0625 0.75
4.09375 0.78125
5.8125 0.6875
5.6875 0.6875
5.5 0.4375
5.5625 0.375
4.015625 0.953125
4.015625 0.96875
4 0.953125
4.5625 1
4.53125 0.96875
4.59375 0.96875
4.1875 0.9375
4.1875 0.875
4.5625 0.8125
4.5625 0.875
7.125 0.125
7.125 0
7.25 0.125
3.125 0.625
3 0.625
3.125 0.5
3.125 0.125
3.125 0
3.25 0.125
3.125 0.875
3.25 0.875
3.125 1
3.125 0.375
3 0.375
2.125 0.75
4.875 0.8125
4.9375 0.75
2.375 0.75
2.625 0.25
4.6875 0.8125
4.625 0.8125
4.6875 0.75
5.1875 0.8125
3.375 0.125
3.9375 0.6875
3.375 0.875
5.5625 0.5625
5.8125 0.9375
6.875 0.25
4.125 0.8125
1.875 0.875
5.5625 0.3125
4.625 0.9375
6.375 0.75
3.984375 0.953125
5.0625 0.3125
4.8125 0.1875
5.5625 0.8125
5.6875 0.8125
5.4375 0.6875
3.96875 0.78125
5.4375 0.4375
4.5 0.9375
3.9375 0.75
3.96875 0.9375
0.625 0.375
0.5 0.375
0.625 0.25
5.5625 0.1875
5.5 0.1875
5.5625 0.125
4.6875 0.4375
4.6875 0.375
4.75 0.4375
5.9375 0.6875
5.875 0.6875
5.9375 0.625
6.0625 0.8125
6.0625 0.75
6.125 0.8125
3.625 0.875
3.75 0.875
3.625 1
3.625 0.125
3.625 0
3.75 0.125
3.625 0.375
3.5 0.375
3.625 0.25
0.875 0.625
1 0.625
0.875 0.75
5.4375 0.1875
5.4375 0.25
5.375 0.1875
6.375 1
6.3125 0.9375
6.4375 0.9375
4.6875 0.5
4.625 0.4375
6.375 0
6.4375 0.0625
6.3125 0.0625
6.125 0.5
6.1875 0.5625
6.0625 0.5625
6.375 0.5
6.4375 0.5625
6.3125 0.5625
6.0625 0.4375
6 0.4375
6.0625 0.375
6.0625 0.3125
6 0.3125
6.0625 0.25
7 0.875
6.9375 0.9375
6.9375 0.8125
0.875 1
0.8125 0.9375
0.9375 0.9375
0.625 1
0.5625 0.9375
0.6875 0.9375
0.75 0.875
0.6875 0.8125
0.8125 0.8125
0.125 1
0.0625 0.9375
0.1875 0.9375
0.25 0.875
0.1875 0.8125
0.3125 0.8125
0.5 0.625
0.4375 0.5625
0.5625 0.5625
6.0625 0.625
6 0.5625
0.625 0
0.6875 0.0625
0.5625 0.0625
0.75 0.125
0.8125 0.1875
0.6875 0.1875
5.9375 0.8125
5.875 0.8125
5.9375 0.75
0.625 0.5
0.6875 0.5625
4.3125 0
4.34375 0.03125
4.28125 0.03125
4.015625 0.890625
4.015625 0.90625
4 0.890625
4.015625 0.921875
4.015625 0.9375
4 0.921875
0.0625 0.0625
0.0625 0
0.125 0.0625
2.125 0
2.1875 0.0625
2.0625 0.0625
4 0.09375
4.015625 0.078125
4.015625 0.109375
3.625 0.625
3.625 0.75
3.5 0.625
4.8125 0.4375
4.8125 0.375
6.375 0.25
6.4375 0.3125
6.3125 0.3125
5.4375 0.125
0 0.125
0.0625 0.1875
6.3125 0.1875
6.25 0.1875
6.3125 0.125
7.5 0.125
7.4375 0.1875
7.4375 0.0625
4 0.15625
4.015625 0.140625
4.015625 0.171875
4.0078125 0.9921875
4.0078125 1
4 0.9921875
4.03125 0.28125
4.03125 0.3125
4 0.28125
7.125 1
7.0625 0.9375
7.1875 0.9375
7.5 0.875
7.4375 0.9375
7.4375 0.8125
4 0.015625
4.0078125 0.0078125
4.0078125 0.0234375
4.875 0.4375
4.8125 0.5
1.375 0
1.4375 0.0625
1.3125 0.0625
1.625 1
1.5625 0.9375
1.6875 0.9375
4.03125 0.71875
4 0.71875
4.03125 0.6875
1.875 1
1.8125 0.9375
1.9375 0.9375
4.03125 0.65625
5.9375 0.5625
6.875 0.75
6.0625 0.6875
6.1875 0.8125
4.03125 0.125
6.25 0.375
7.625 0.875
7.375 0.25
4.375 0.0625
4.25 0.0625
3.375 0.375
0.875 0.25
1.75 0.875
5.4375 0.3125
5.3125 0.1875
5.9375 0.3125
0.1875 0.0625
2.25 0.125
0.125 0.75
0.75 0.625
0.5 0.125
6.1875 0.1875
4.03125 0.1875
1.5 0.125
1.5 0.875
3.96875 0.15625
6.0625 0.1875
6.875 1
1 0.875
0.5 0.875
0.625 0.75
0 0.875
0.375 0.75
0.375 0.5
4.03125 0.34375
7.25 0.875
7.375 0.75
3.375 0.625
3.984375 0.890625
3.984375 0.921875
2 0.125
3.96875 0.09375
4.015625 0.03125
3.96875 0.875
0.125 0.25
2 0.875
7.625 0.125
7.375 0
3.9921875 0.9921875
3.96875 0.28125
7.375 1
3.984375 0.015625
4.015625 0
3.9375 0.25
3.96875 0
3.984375 1
3.96875 0.71875
7.75 1
3.9375 0.125
7.75 0
6.75 0.375
6.8125 0.3125
6.8125 0.4375
4.125 0.9375
4.09375 0.96875
4.09375 0.90625
5.9375 0.1875
5.9375 0.25
5.875 0.1875
5.4375 0.8125
5.5 0.8125
5.4375 0.875
5.6875 0.1875
5.6875 0.125
5.75 0.1875
4.125 0.4375
4.15625 0.46875
4.09375 0.46875
5.6875 0.25
5.625 0.1875
0.3125 0.4375
0.25 0.4375
0.3125 0.375
4.6875 0.25
4.71875 0.28125
4.65625 0.28125
4.75 0.6875
4.71875 0.65625
4.78125 0.65625
4.1875 0.75
4.21875 0.78125
4.15625 0.78125
4.25 0.6875
4.28125 0.71875
4.21875 0.71875
4.09375 0.40625
4.15625 0.40625
0.375 1
0.3125 0.9375
0.4375 0.9375
0.875 0
0.9375 0.0625
0.8125 0.0625
4.6875 1
4.65625 0.96875
4.71875 0.96875
1.375 1
1.3125 0.9375
1.4375 0.9375
1.125 1
1.0625 0.9375
1.1875 0.9375
1.25 0.875
1.1875 0.8125
1.3125 0.8125
4.8125 0
4.84375 0.03125
4.78125 0.03125
4.9375 0
4.96875 0.03125
4.90625 0.03125
4.875 0.0625
4.90625 0.09375
4.84375 0.09375
5.1875 1
5.15625 0.96875
5.21875 0.96875
5.0625 1
5.03125 0.96875
5.09375 0.96875
5.125 0.9375
5.09375 0.90625
5.15625 0.90625
6.625 0.5
6.5625 0.4375
6.6875 0.4375
6.1875 0.4375
6.1875 0.5
6.125 0.4375
6.875 0.5
6.9375 0.5625
6.8125 0.5625
4.4375 0.625
4.46875 0.65625
4.40625 0.65625
6.9375 0.4375
4.1875 0.375
4.15625 0.34375
4.21875 0.34375
4.21875 0.40625
6.5625 0.5625
6.5625 0.625
6.5 0.5625
6.5625 0.6875
6.5625 0.75
6.5 0.6875
4.4375 0
4.46875 0.03125
4.40625 0.03125
5.0625 0
5.09375 0.03125
5.03125 0.03125
5.3125 0
5.34375 0.03125
5.28125 0.03125
5.4375 0
5.46875 0.03125
5.40625 0.03125
5.5625 0
5.59375 0.03125
5.53125 0.03125
5.625 0.0625
5.65625 0.09375
5.59375 0.09375
6.0625 1
6.03125 0.96875
6.09375 0.96875
2.875 1
2.8125 0.9375
2.9375 0.9375
2.625 1
2.5625 0.9375
2.6875 0.9375
2.375 1
2.3125 0.9375
2.4375 0.9375
2.125 1
2.0625 0.9375
2.1875 0.9375
2.375 0
2.4375 0.0625
2.3125 0.0625
2.625 0
2.6875 0.0625
2.5625 0.0625
2.875 0
2.9375 0.0625
2.8125 0.0625
4.53125 0.03125
4.53125 0
4.5625 0.03125
5.25 0.6875
5.28125 0.71875
5.21875 0.71875
4.6875 0.625
4.65625 0.65625
4.78125 0.71875
4.71875 0.71875
1.625 0
1.6875 0.0625
1.5625 0.0625
1.875 0
1.9375 0.0625
1.8125 0.0625
1.75 0.125
1.8125 0.1875
1.6875 0.1875
6.5 0.4375
6.5625 0.375
5.1875 0.5625
5.25 0.5625
5.1875 0.625
4.65625 0.59375
4.71875 0.59375
6.4375 0.6875
6.4375 0.625
4.5625 0.75
4.53125 0.71875
4.59375 0.71875
5.375 0.8125
5.4375 0.75
4.6875 0
4.71875 0.03125
4.65625 0.03125
5.8125 0.1875
5.8125 0.125
0.375 0
0.4375 0.0625
0.3125 0.0625
5.9375 0.125
6 0.1875
4.1875 0
4.21875 0.03125
4.15625 0.03125
5.25 0.4375
5.28125 0.46875
5.21875 0.46875
4.4375 0.25
4.40625 0.21875
4.46875 0.21875
4.375 0.1875
4.34375 0.15625
4.40625 0.15625
4.03125 0.53125
4.03125 0.5
4.0625 0.53125
4.3125 0.5
4.34375 0.53125
4.28125 0.53125
4.375 0.5625
4.40625 0.59375
4.34375 0.59375
4.4375 0.5
4.40625 0.46875
4.46875 0.46875
4.28125 0.46875
4.34375 0.46875
4.375 0.4375
4.34375 0.40625
4.40625 0.40625
4.625 0.5625
4.59375 0.59375
5.125 0.4375
5.09375 0.40625
5.15625 0.40625
4 0.21875
4.015625 0.203125
4.015625 0.234375
1.0625 0.0625
1.0625 0
1.125 0.0625
1.25 0.625
1.3125 0.6875
1.1875 0.6875
1.25 0.375
1.1875 0.3125
1.3125 0.3125
5.75 0.3125
5.71875 0.28125
5.78125 0.28125
4.015625 0.828125
4.015625 0.84375
4 0.828125
4.015625 0.859375
4.015625 0.875
4 0.859375
4.0078125 0.9765625
4.0078125 0.984375
4 0.9765625
0.0625 0.4375
0.125 0.4375
0.0625 0.5
4 0.046875
4.0078125 0.0390625
4.0078125 0.0546875
7.875 0.875
7.875 1
7.75 0.875
7.625 0.375
7.5 0.375
7.625 0.25
0.875 0.5
0.8125 0.4375
0.9375 0.4375
5.125 0.5625
5.1875 0.5
6.5625 0.8125
6.5625 0.875
6.5 0.8125
8 0.75
7.875 0.625
8 0.25
7.875 0.375
7.875 0.125
7.125 0.75
7.0625 0.6875
7.1875 0.6875
5.8125 0.25
7.625 0.625
7.625 0.75
7.5 0.625
0.375 0.25
0.4375 0.3125
0.3125 0.3125
5.875 0.0625
5.90625 0.09375
5.84375 0.09375
2.25 0.375
2.1875 0.3125
2.3125 0.3125
4.015625 0.796875
4.015625 0.8125
4 0.796875
4.0078125 0.9609375
4.0078125 0.96875
4 0.9609375
4.8125 1
4.78125 0.96875
4.84375 0.96875
5.3125 1
5.28125 0.96875
5.34375 0.96875
4.1875 1
4.15625 0.96875
4.21875 0.96875
5.8125 1
5.78125 0.96875
5.84375 0.96875
5.5625 0.875
5.53125 0.84375
5.59375 0.84375
4 0.078125
4.0078125 0.0703125
4.0078125 0.0859375
4.00390625 0.99609375
4.00390625 1
4 0.99609375
6.1875 0.375
6.25 0.4375
7.75 0.125
7.875 0
1.375 0.75
7.75 0.5
7.25 0.625
4.9375 0.125
5.0625 0.875
5.25 0.0625
4.25 0.4375
6.4375 0.8125
5.875 0.9375
6.3125 0.4375
1.875 0.25
1.125 0.75
5.125 0.0625
5.375 0.0625
4.09375 0.53125
4.1875 0.5
2.5 0.875
2.5 0.125
4.75 0.9375
6.125 0.9375
2.75 0.875
2.25 0.875
2.75 0.125
0.75 0.375
0.1875 0.4375
4.75 0.3125
4.625 0.3125
4.59375 0.03125
4.75 0.0625
5.25 0.9375
4.8125 0.625
4.015625 0.0625
1.1875 0.0625
5.0625 0.375
4.625 0.6875
6.5625 0.3125
4.375 0.6875
5.625 0.8125
5.75 0.9375
7 0.625
1 0.125
5 0.0625
4.8125 0.125
5 0.9375
5.1875 0.875
4.5 0.6875
6.1875 0.3125
6.75 0.625
4.125 0.3125
3.984375 0.828125
3.9921875 0.9765625
4.5 0.0625
5.5 0.0625
6 0.9375
3 0.875
3 0.125
5.3125 0.75
5.1875 0.75
4.8125 0.75
4.015625 0.09375
1.625 0.25
6.4375 0.4375
4.5 0.1875
4.75 0.5625
5.9375 0.9375
3.984375 0.078125
5.1875 0.375
5.3125 0.5
4.4375 0.125
4 0.5625
4.03125 0.46875
3.96875 0.21875
4.03125 0.25
3.984375 0.859375
0 0.375
0.0625 0.5625
3.984375 0.046875
3.984375 0.796875
3.9921875 0.9609375
3.99609375 0.99609375
3.9921875 1
3.984375 0.96875
3.96875 0.8125
0 0.625
4 0.4375
3.9375 0.5625
3.96875 0.0625
3.9375 0.4375
3.875 0.5
0.5625 0.3125
0.625 0.3125
0.5625 0.375
2.25 0.625
2.1875 0.5625
2.3125 0.5625
6.5625 0.1875
6.5 0.1875
6.5625 0.125
0.9375 0.6875
0.875 0.6875
0.9375 0.625
4.375 0.3125
4.34375 0.28125
4.40625 0.28125
5.125 0.1875
5.15625 0.21875
5.09375 0.21875
6.3125 0.8125
6.3125 0.875
6.25 0.8125
5.25 0.3125
5.28125 0.34375
5.21875 0.34375
4.09375 0.15625
4.0625 0.15625
4.09375 0.125
4.8125 0.25
4.78125 0.21875
4.84375 0.21875
4.1875 0.25
4.21875 0.28125
4.15625 0.28125
6.8125 0.8125
6.8125 0.875
6.75 0.8125
4.1875 0.625
4.21875 0.65625
4.15625 0.65625
4.15625 0.59375
4.21875 0.59375
6.6875 0.1875
6.6875 0.25
6.625 0.1875
1.0625 0.6875
1 0.6875
1.0625 0.625
3.375 1
3.3125 0.9375
3.4375 0.9375
6.6875 0.6875
6.6875 0.75
6.625 0.6875
5.5625 1
5.53125 0.96875
5.59375 0.96875
4.09375 0.09375
4.09375 0.0625
4.125 0.09375
4.84375 0.28125
4.78125 0.28125
4.28125 0.59375
4.28125 0.625
4.25 0.59375
1.0625 0.3125
1 0.3125
1.0625 0.25
4.28125 0.28125
4.28125 0.3125
4.25 0.28125
4.3125 0.25
5.09375 0.15625
5.15625 0.15625
4.5625 0.5
4.59375 0.53125
4.53125 0.53125
4.9375 0.5
4.96875 0.53125
4.90625 0.53125
4.875 0.5625
4.90625 0.59375
4.84375 0.59375
5.21875 0.28125
5.28125 0.28125
1.875 0.5
1.8125 0.4375
1.9375 0.4375
1.625 0.5
1.5625 0.4375
1.6875 0.4375
1.75 0.375
1.6875 0.3125
1.8125 0.3125
1.125 0.5
1.1875 0.5625
1.0625 0.5625
1.375 0.5
1.4375 0.5625
1.3125 0.5625
5.1875 0.25
5.15625 0.28125
7.125 0.25
7.1875 0.3125
7.0625 0.3125
7.875 0.75
7.9375 0.6875
7.9375 0.8125
7.875 0.25
7.9375 0.1875
7.9375 0.3125
4.21875 0.5625
6.8125 0.1875
6.75 0.1875
6.8125 0.125
4.6875 0.125
4.71875 0.15625
4.65625 0.15625
1.6875 0.5625
1.5625 0.5625
2.75 0.375
2.6875 0.3125
2.8125 0.3125
2.3125 0.6875
2.1875 0.6875
4.40625 0.78125
4.40625 0.8125
4.375 0.78125
5.8125 0
5.84375 0.03125
5.78125 0.03125
5.9375 0
5.96875 0.03125
5.90625 0.03125
4.90625 0.90625
4.90625 0.9375
4.875 0.90625
2.75 0.625
2.8125 0.6875
2.6875 0.6875
4.46875 0.78125
4.46875 0.75
4.5 0.78125
4.015625 0.765625
4.015625 0.78125
4 0.765625
4.03125 0.75
4.046875 0.765625
4.0078125 0.9453125
4.0078125 0.953125
4 0.9453125
7.0625 0.0625
7.0625 0
7.125 0.0625
7.1875 0.0625
7.1875 0
7.25 0.0625
5.0625 0.25
5.09375 0.28125
5.03125 0.28125
3.375 0
3.4375 0.0625
3.3125 0.0625
3.5625 0.9375
3.625 0.9375
3.5625 1
3.5625 0.0625
3.5625 0
3.625 0.0625
6.3125 0
6.34375 0.03125
6.28125 0.03125
4.0078125 0.9296875
4.0078125 0.9375
4 0.9296875
4 0.109375
4.0078125 0.1015625
4.0078125 0.1171875
4 0.140625
4.0078125 0.1328125
4.0078125 0.1484375
4 0.0078125
4.00390625 0.00390625
4.00390625 0.01171875
6.8125 0.9375
6.875 0.9375
6.8125 1
0.0625 0.8125
0.0625 0.875
0 0.8125
0.0625 0.6875
0.125 0.6875
0.0625 0.75
6.6875 0.625
6.75 0.6875
0.6875 0.3125
0.5625 0.4375
2.125 0.5
2.375 0.5
5.125 0.3125
4.15625 0.09375
5.75 0.0625
4.40625 0.84375
6.4375 0.1875
5.0625 0.125
6.25 0.0625
3.6875 0.9375
6.6875 0.5625
3.6875 0.0625
7.25 0.375
0.8125 0.6875
0.9375 0.5625
4.28125 0.34375
4.125 0.6875
4.90625 0.96875
2.875 0.75
4.875 0.3125
4.75 0.1875
5.3125 0.375
6.375 0.0625
4.125 0.1875
1.75 0.625
4.46875 0.71875
6.6875 0.8125
4.0625 0.78125
4.28125 0.65625
5.625 0.9375
6.6875 0.3125
0.9375 0.3125
6.8125 0.6875
3.5 0.125
3.5 0.875
5.5 0.9375
1.0625 0.1875
5.1875 0.125
5.3125 0.25
4.015625 0.15625
4.0078125 0.015625
4.21875 0.53125
0.1875 0.6875
8 0.625
8 0.875
8 0.125
8 0.375
2.875 0.25
4.84375 0.90625
4.34375 0.78125
6 0.0625
4.53125 0.78125
3.984375 0.765625
3.9921875 0.9453125
7.3125 0.0625
3.984375 0.9375
3.96875 0.75
3.9921875 0.9296875
3.984375 0.109375
4.015625 0.125
3.984375 0.140625
3.9921875 0.0078125
4.0078125 0
3.96875 0.125
3.984375 0
0.25 0.625
4.6875 0.875
4.65625 0.84375
4.71875 0.84375
4.46875 0.34375
4.4375 0.34375
4.46875 0.3125
4.34375 0.90625
4.34375 0.9375
4.3125 0.90625
5.4375 0.375
5.40625 0.34375
5.46875 0.34375
4.21875 0.15625
4.21875 0.1875
4.1875 0.15625
4.0625 0.96875
4.046875 0.984375
4.046875 0.953125
4.15625 0.21875
4.125 0.21875
4.15625 0.1875
0.3125 0.1875
0.25 0.1875
0.3125 0.125
4.84375 0.78125
4.875 0.78125
4.84375 0.8125
4.53125 0.28125
4.5625 0.28125
4.53125 0.3125
4.96875 0.28125
4.96875 0.3125
4.9375 0.28125
5.375 0.5625
5.34375 0.53125
5.40625 0.53125
4.90625 0.21875
4.90625 0.1875
4.9375 0.21875
4.09375 0.21875
4.09375 0.25
4.0625 0.21875
5.625 0.4375
5.65625 0.46875
5.59375 0.46875
4.28125 0.84375
4.28125 0.8125
4.3125 0.84375
4.09375 0.84375
4.09375 0.875
4.0625 0.84375
5.5625 0.25
5.59375 0.28125
5.53125 0.28125
0.4375 0.6875
0.4375 0.75
0.375 0.6875
4.65625 0.90625
4.65625 0.9375
4.625 0.90625
5.03125 0.84375
5 0.84375
5.03125 0.8125
4.71875 0.90625
5.1875 0
5.21875 0.03125
5.15625 0.03125
5.6875 0
5.71875 0.03125
5.65625 0.03125
0.1875 0.1875
0.1875 0.125
5.3125 0.625
5.34375 0.65625
5.28125 0.65625
5.3125 0.125
5.34375 0.15625
5.28125 0.15625
4.5625 0.125
4.53125 0.09375
4.59375 0.09375
0.1875 0.25
0.125 0.1875
4.28125 0.21875
4.25 0.21875
4.28125 0.1875
4.46875 0.28125
4.5 0.28125
4.5 0.34375
4.46875 0.375
4.59375 0.40625
4.5625 0.40625
4.59375 0.375
4.53125 0.40625
4.5 0.40625
4.53125 0.375
4.59375 0.28125
4.59375 0.25
4.53125 0.34375
4.53125 0.25
5.40625 0.59375
5.34375 0.59375
5.0625 0.5
5.03125 0.46875
5.09375 0.46875
1.4375 0.3125
1.4375 0.25
1.5 0.3125
1.5625 0.6875
1.5625 0.75
1.5 0.6875
4.53125 0.21875
4.5625 0.21875
4.59375 0.21875
4.625 0.21875
6.5625 1
6.53125 0.96875
6.59375 0.96875
6.5625 0
6.59375 0.03125
6.53125 0.03125
7.0625 0.4375
7.0625 0.5
7 0.4375
4.53125 0.59375
4.53125 0.625
4.5 0.59375
4 0.34375
4.015625 0.328125
4.015625 0.359375
1.4375 0.6875
1.4375 0.625
4.28125 0.09375
4.3125 0.09375
4.28125 0.125
4.03125 0.59375
4 0.59375
4.03125 0.5625
5.28125 0.59375
1.4375 0.1875
1.375 0.1875
2.875 0.5
2.8125 0.4375
2.9375 0.4375
4.28125 0.90625
4.28125 0.875
4.34375 0.875
4.375 0.90625
5.75 0.5625
5.71875 0.53125
5.78125 0.53125
1.8125 0.6875
1.875 0.6875
1.8125 0.75
2.0625 0.4375
2 0.4375
2.0625 0.375
2.0625 0.3125
2 0.3125
2.0625 0.25
2.9375 0.5625
2.8125 0.5625
4.90625 0.28125
4.90625 0.25
5.09375 0.71875
5.09375 0.75
5.0625 0.71875
5.40625 0.90625
5.40625 0.9375
5.375 0.90625
4.96875 0.71875
4.96875 0.6875
5 0.71875
4.96875 0.21875
4.96875 0.25
5.03125 0.78125
5.03125 0.75
5.0625 0.78125
5.59375 0.40625
5.65625 0.40625
4.34375 0.84375
4.25 0.84375
4.40625 0.90625
4.40625 0.9375
4.46875 0.96875
4.46875 1
4.4375 0.96875
4.40625 0.96875
4.40625 1
4.375 0.96875
4.28125 0.9375
4.25 0.90625
4.34375 0.96875
4.34375 1
4.3125 0.96875
4.46875 0.84375
4.46875 0.8125
4.5 0.84375
5.75 0.6875
5.78125 0.71875
5.71875 0.71875
4.21875 0.90625
4.21875 0.875
4.53125 0.84375
4.53125 0.875
4.65625 0.78125
4.625 0.78125
4.65625 0.75
4.71875 0.8125
4.75 0.84375
4.21875 0.84375
4.21875 0.8125
5.5625 0.5
5.59375 0.53125
5.53125 0.53125
5.4375 0.625
5.46875 0.65625
5.40625 0.65625
4.15625 0.84375
4.125 0.84375
4.15625 0.8125
6.3125 1
6.28125 0.96875
6.34375 0.96875
4.65625 0.46875
4.65625 0.5
4.625 0.46875
0.0625 1
0.03125 0.96875
0.09375 0.96875
4.0078125 0.8828125
4.0078125 0.890625
4 0.8828125
4.0078125 0.8984375
4.0078125 0.90625
4 0.8984375
4.0078125 0.9140625
4.0078125 0.921875
4 0.9140625
0.03125 0.03125
0.03125 0
0.0625 0.03125
0 0.0625
0.03125 0.09375
4 0.171875
4.0078125 0.1640625
4.0078125 0.1796875
4.00390625 0.98828125
4.00390625 0.9921875
4 0.98828125
4.015625 0.265625
4.015625 0.28125
4 0.265625
4 0.0234375
4.00390625 0.01953125
4.00390625 0.02734375
4.015625 0.734375
4 0.734375
4.015625 0.71875
0.5625 0.6875
0.5 0.6875
0.5625 0.625
4 0.65625
4.015625 0.640625
4.015625 0.671875
0.1875 0.3125
0.125 0.3125
4.03125 0.375
4.046875 0.359375
4 0.203125
4.0078125 0.1953125
4.0078125 0.2109375
4.0078125 0.8671875
4.0078125 0.875
4 0.8671875
4.59375 0.34375
4.59375 0.3125
4.625 0.34375
4.03125 0.40625
4.03125 0.4375
4 0.40625
5.375 0.6875
4.28125 0.15625
4.40625 0.34375
4.53125 0.65625
4.53125 0.90625
5.125 0.6875
5.375 0.3125
5.5 0.3125
4.21875 0.21875
4.15625 0.15625
1.9375 0.6875
6.375 0.9375
0.0625 0.3125
4.59375 0.78125
4.90625 0.78125
4.84375 0.84375
4.96875 0.34375
5.03125 0.71875
5.40625 0.96875
5.4375 0.5
4.015625 0.1875
4.46875 0.40625
4.65625 0.21875
4.96875 0.65625
4.90625 0.15625
5.09375 0.78125
4.09375 0.28125
5.6875 0.5
4.28125 0.78125
4.28125 0.96875
5.8125 0.75
5.5 0.5625
6.625 0.9375
6.625 0.0625
5.625 0.5625
5.625 0.3125
0.125 0.9375
0.4375 0.8125
0.3125 0.6875
4.59375 0.90625
5 0.1875
4.96875 0.84375
4.0625 0.34375
3.96875 0.40625
0.09375 0.03125
4.0078125 0.03125
4.34375 0.09375
1.9375 0.3125
0.0625 0.125
4.65625 0.34375
5.25 0.1875
3.9921875 0.9140625
4.65625 0.53125
4.015625 0.21875
1.5625 0.3125
1.5625 0.8125
6.5 0.9375
6.5 0.0625
7.0625 0.5625
4.46875 0.59375
4.015625 0.296875
3.96875 0.34375
3.96875 0.59375
1.3125 0.1875
3.96875 0.65625
3.984375 0.203125
3.99609375 0.98828125
4.015625 0.703125
4.03125 0.625
5.34375 0.90625
5.8125 0.5
1.8125 0.8125
2.0625 0.1875
4.78125 0.84375
5.6875 0.375
5.6875 0.75
4.65625 0.71875
4.71875 0.78125
6.25 0.9375
4.59375 0.46875
0 0.9375
3.9921875 0.8828125
3.9921875 0.8984375
3.984375 0.171875
3.984375 0.265625
3.9921875 0.0234375
3.984375 0.734375
3.984375 0.875
3.96875 0.25
3.9921875 0.8671875
3.9375 0.375
3.96875 0.1875
4.09375 0.34375
3.9375 0.625
3.984375 0.90625
3.984375 0.03125
3.9921875 0.984375
3.125 0.75
3.0625 0.6875
3.1875 0.6875
4.34375 0.71875
4.34375 0.6875
4.375 0.71875
5.21875 0.84375
5.21875 0.875
5.1875 0.84375
4.90625 0.34375
4.875 0.34375
4.90625 0.3125
4.71875 0.40625
4.71875 0.4375
4.6875 0.40625
3.375 0.75
3.4375 0.8125
3.3125 0.8125
6.9375 0.3125
6.875 0.3125
6.9375 0.25
4.15625 0.71875
4.125 0.71875
4.15625 0.6875
5.9375 0.375
5.90625 0.34375
5.96875 0.34375
6.0625 0.125
6.09375 0.15625
6.03125 0.15625
2.0625 0.8125
2.0625 0.75
2.125 0.8125
3.8125 0.9375
3.875 0.9375
3.8125 1
0.5625 0.1875
0.5 0.1875
0.5625 0.125
4.96875 0.40625
4.96875 0.4375
4.9375 0.40625
5.28125 0.84375
5.28125 0.8125
5.3125 0.84375
4.90625 0.46875
4.875 0.46875
4.90625 0.4375
5.09375 0.53125
5.125 0.53125
5.09375 0.5625
4.78125 0.09375
4.75 0.09375
4.78125 0.0625
5.34375 0.78125
5.375 0.78125
5.34375 0.8125
4.0625 0.03125
4.046875 0.015625
4.078125 0.015625
3.8125 0.0625
3.8125 0
3.875 0.0625
1.1875 0.4375
1.1875 0.375
1.25 0.4375
5.15625 0.78125
5.15625 0.75
5.1875 0.78125
4.34375 0.75
4.3125 0.71875
5.875 0.4375
5.90625 0.46875
5.84375 0.46875
6.25 0.6875
6.21875 0.65625
6.28125 0.65625
6.1875 0.25
6.21875 0.28125
6.15625 0.28125
7.0625 0.1875
7 0.1875
7.0625 0.125
7.3125 0.4375
7.25 0.4375
7.3125 0.375
7.375 0.5
7.4375 0.5625
7.3125 0.5625
4.09375 0.71875
4.09375 0.75
4.0625 0.71875
7.6875 0.0625
7.75 0.0625
7.6875 0.125
5.03125 0.09375
5 0.09375
5.03125 0.0625
3.375 0.5
3.4375 0.5625
3.3125 0.5625
3.1875 0.8125
3.0625 0.8125
3.0625 0.5625
3.125 0.5625
3.0625 0.625
3.4375 0.3125
3.5 0.3125
3.4375 0.375
3.3125 0.6875
3.4375 0.6875
3.0625 0.1875
3 0.1875
3.0625 0.125
3.0625 0.4375
3.0625 0.375
3.125 0.4375
4.71875 0.34375
4.71875 0.375
4.6875 0.34375
6.0625 0
6.09375 0.03125
6.03125 0.03125
6.1875 0
6.21875 0.03125
6.15625 0.03125
6.125 0.0625
6.15625 0.09375
6.09375 0.09375
5.6875 1
5.65625 0.96875
5.71875 0.96875
4.46875 0.15625
4.5 0.15625
4.46875 0.1875
4.78125 0.40625
4.8125 0.40625
4.78125 0.4375
2.5625 0.8125
2.5625 0.75
2.625 0.8125
2.4375 0.1875
2.4375 0.25
2.375 0.1875
5.6875 0.875
5.71875 0.90625
5.65625 0.90625
1.1875 0.5
1.125 0.4375
5.8125 0.375
5.78125 0.34375
5.84375 0.34375
7.3125 0.8125
7.3125 0.875
7.25 0.8125
5.84375 0.40625
5.78125 0.40625
7.8125 0.9375
7.8125 0.875
7.875 0.9375
7.4375 0.4375
4.84375 0.46875
4.8125 0.46875
4.84375 0.4375
5.15625 0.53125
5.1875 0.53125
5.15625 0.5625
7.3125 0.6875
7.25 0.6875
7.3125 0.625
0.1875 0.5625
0.125 0.5625
0.1875 0.5
7.3125 0.1875
7.25 0.1875
7.3125 0.125
2.625 0.5
2.5625 0.4375
2.6875 0.4375
4.09375 0.65625
4.0625 0.65625
4.09375 0.625
5.8125 0.625
5.78125 0.59375
5.84375 0.59375
5.6875 0.625
5.65625 0.59375
5.71875 0.59375
2.5625 0.5625
2.5625 0.625
2.5 0.5625
2.4375 0.4375
2.4375 0.375
2.5 0.4375
2.6875 0.5625
4.90625 0.40625
4.90625 0.375
5.09375 0.59375
5.09375 0.625
5.0625 0.59375
5.03125 0.59375
5.03125 0.625
5 0.59375
5.28125 0.875
5.25 0.84375
5.90625 0.40625
6.28125 0.71875
6.21875 0.71875
5.53125 0.71875
5.53125 0.75
5.5 0.71875
6.8125 0
6.84375 0.03125
6.78125 0.03125
5.71875 0.65625
5.65625 0.65625
5.53125 0.40625
5.5 0.40625
5.53125 0.375
3.1875 0.1875
3.1875 0.125
3.25 0.1875
3.0625 0.0625
3.0625 0
3.125 0.0625
3.0625 0.9375
3.125 0.9375
3.0625 1
3.25 0.8125
3.1875 0.875
2.0625 0.5625
2.0625 0.625
2 0.5625
2.4375 0.5625
2.4375 0.625
2.5625 0.375
6.1875 0.625
6.15625 0.59375
6.21875 0.59375
3.375 0.25
3.3125 0.1875
3.4375 0.1875
4.125 0.65625
4.09375 0.6875
5.9375 0.5
5.96875 0.53125
5.90625 0.53125
3.125 0.25
3.1875 0.3125
3.0625 0.3125
5.03125 0.40625
5.03125 0.4375
5 0.40625
2.4375 0.8125
2.375 0.8125
2.4375 0.75
2.5625 0.1875
2.625 0.1875
2.5625 0.25
5.65625 0.84375
5.71875 0.84375
5.21875 0.8125
4.71875 0.46875
4.75 0.46875
3.5625 0.3125
3.5625 0.25
5.46875 0.21875
5.46875 0.25
5.4375 0.21875
5.40625 0.21875
5.40625 0.25
5.375 0.21875
6.125 0.5625
6.09375 0.59375
6.375 0.5625
6.40625 0.59375
6.34375 0.59375
3.5625 0.6875
3.5625 0.75
3.5 0.6875
4.84375 0.40625
4.84375 0.375
4.78125 0.46875
6.375 0.3125
6.40625 0.34375
6.34375 0.34375
4.78125 0.5
4.875 0.40625
4.84375 0.5
6.9375 0.6875
6.9375 0.75
6.875 0.6875
3.3125 0.3125
7.0625 0.8125
7.0625 0.875
7 0.8125
1.0625 0.8125
1.0625 0.875
1 0.8125
3.3125 0.4375
3.4375 0.4375
7.3125 0.9375
7.375 0.9375
7.3125 1
7.625 1
7.5625 0.9375
7.6875 0.9375
5.34375 0.21875
5.34375 0.1875
0.4375 0.1875
0.4375 0.125
7.8125 0.0625
7.875 0.0625
7.8125 0.125
3.4375 0.625
7.625 0
7.5625 0.0625
4 0.234375
4.0078125 0.2265625
4.0078125 0.2421875
4.0078125 0.8203125
4.0078125 0.828125
4 0.8203125
4.0078125 0.8359375
4.0078125 0.84375
4 0.8359375
4.0078125 0.8515625
4.0078125 0.859375
4 0.8515625
4.00390625 0.97265625
4.00390625 0.9765625
4 0.97265625
4.00390625 0.98046875
4.00390625 0.984375
4 0.98046875
4 0.0546875
4.00390625 0.05078125
4.00390625 0.05859375
4 0.0390625
4.00390625 0.03515625
4.00390625 0.04296875
5.15625 0.59375
5.125 0.59375
5.15625 0.5
4.0078125 0.7890625
4.0078125 0.796875
4 0.7890625
4.0078125 0.8046875
4.0078125 0.8125
4 0.8046875
4 0.0703125
4.00390625 0.06640625
4.00390625 0.07421875
4.001953125 0.998046875
4.001953125 1
4 0.998046875
1.3125 0.4375
1.3125 0.375
4.46875 0.09375
4.46875 0.0625
4.5 0.09375
3.0625 0.875
3 0.8125
7.6875 0.875
7.75 0.9375
7.25 0.5625
4.78125 0.53125
4.78125 0.5625
4.75 0.53125
5.9375 1
5.90625 0.96875
5.96875 0.96875
5.40625 0.09375
5.375 0.09375
5.40625 0.0625
4.84375 0.34375
4.84375 0.3125
1.375 0.4375
1.3125 0.5
7.3125 0.3125
7.25 0.3125
0.3125 0.5625
0.3125 0.625
0.25 0.5625
5.15625 0.65625
5.15625 0.6875
5.125 0.65625
5.03125 0.15625
5.03125 0.1875
5 0.15625
3.25 0.625
4.34375 0.65625
4.40625 0.71875
7.1875 0.5625
5.21875 0.90625
5.15625 0.84375
3.5625 0.8125
5.09375 0.65625
4.65625 0.40625
4.78125 0.59375
6.75 0.0625
6.4375 0.375
5.875 0.3125
6.125 0.1875
2.5625 0.6875
2.4375 0.3125
2.0625 0.6875
2.1875 0.8125
3.25 0.375
4.96875 0.46875
5.15625 0.71875
5.28125 0.78125
5.34375 0.84375
4.71875 0.09375
5.40625 0.78125
4.09375 0
5.21875 0.78125
6.3125 0.625
6.25 0.3125
6.125 0.3125
6.875 0.0625
5.875 0.5625
7.1875 0.4375
4.96875 0.15625
5.46875 0.40625
7.6875 0.1875
0.9375 0.8125
4.96875 0.09375
3.1875 0.5625
3.1875 0.0625
3.1875 0.9375
5.34375 0.09375
2.9375 0.1875
3.1875 0.4375
6.1875 0.125
2.9375 0.8125
4.53125 0.15625
2.6875 0.8125
2.3125 0.8125
2.3125 0.1875
2.6875 0.1875
2.4375 0.6875
2.5625 0.3125
1.4375 0.4375
1.0625 0.4375
7.1875 0.8125
4.0078125 0.046875
5.75 0.4375
5.03125 0.21875
7.8125 0.8125
7.9375 0.9375
5.21875 0.53125
4.71875 0.53125
5.40625 0.28125
4.09375 0.59375
7.1875 0.1875
3.9921875 0.8515625
3.9921875 0.0390625
5.28125 0.90625
1.9375 0.5625
5.03125 0.65625
4.96875 0.59375
6.3125 0.75
6.1875 0.75
5.53125 0.78125
5.46875 0.71875
5.53125 0.34375
6.25 0.5625
3.9921875 0.7890625
3.5625 0.1875
5.46875 0.28125
4.0078125 0.078125
6.3125 0.375
4.84375 0.53125
7.9375 0.0625
7.8125 0.1875
7.6875 0.8125
3.984375 0.234375
4.015625 0.25
3.9921875 0.8203125
3.9921875 0.8359375
3.99609375 0.97265625
3.99609375 0.98046875
3.9921875 0.0546875
4.0078125 0.0625
5.15625 0.46875
3.9921875 0.8046875
3.9921875 0.0703125
3.998046875 0.998046875
3.984375 0.8125
3.9921875 0.96875
3.984375 0.0625
3.99609375 1
3.984375 0.84375
3.984375 0.78125
3.75 0.375
3.8125 0.3125
3.8125 0.4375
7.75 0.375
7.8125 0.3125
7.8125 0.4375
5.53125 0.15625
5.5625 0.15625
5.53125 0.1875
4.65625 0.09375
4.625 0.09375
4.65625 0.0625
5.28125 0.09375
5.25 0.09375
5.28125 0.0625
5.90625 0.65625
5.9375 0.65625
5.90625 0.6875
6.4375 0.875
6.40625 0.84375
6.46875 0.84375
5.90625 0.21875
5.90625 0.1875
5.9375 0.21875
5.59375 0.65625
5.59375 0.6875
5.5625 0.65625
5.46875 0.84375
5.4375 0.84375
5.46875 0.8125
3.8125 0.8125
3.8125 0.75
3.875 0.8125
1.6875 0.8125
1.75 0.8125
1.6875 0.875
5.21875 0.15625
5.25 0.15625
5.21875 0.1875
5.71875 0.15625
5.71875 0.1875
5.6875 0.15625
4.40625 0.53125
4.40625 0.5625
4.375 0.53125
5.65625 0.21875
5.65625 0.1875
5.6875 0.21875
5.46875 0.09375
5.46875 0.125
5.4375 0.09375
4.03125 0.984375
4.0234375 0.9921875
4.0234375 0.9765625
0.8125 0.375
0.84375 0.40625
0.78125 0.40625
0.6875 0.625
0.65625 0.59375
0.71875 0.59375
5.9375 0.875
5.90625 0.84375
5.96875 0.84375
5.03125 0.34375
5 0.34375
5.03125 0.3125
1.5625 0.1875
1.5 0.1875
1.5625 0.125
1.4375 0.8125
1.5 0.8125
1.4375 0.875
5.78125 0.84375
5.78125 0.8125
5.8125 0.84375
5.84375 0.78125
5.875 0.78125
5.84375 0.8125
0.6875 0.4375
0.6875 0.5
0.625 0.4375
4.96875 0.90625
5 0.90625
4.96875 0.9375
5.90625 0.78125
5.9375 0.78125
5.90625 0.8125
1.0625 0.125
1.09375 0.15625
1.03125 0.15625
3.625 0.5
3.5625 0.4375
3.6875 0.4375
3.75 0.625
3.8125 0.5625
3.8125 0.6875
6.1875 1
6.15625 0.96875
6.21875 0.96875
6.15625 0.90625
6.15625 0.9375
6.125 0.90625
4.03125 0.015625
4.0234375 0.0234375
4.0234375 0.0078125
6.5625 0.25
6.59375 0.28125
6.53125 0.28125
4.84375 0.71875
4.84375 0.75
4.8125 0.71875
5.21875 0.09375
5.21875 0.125
5.1875 0.09375
5.46875 0.15625
5.46875 0.1875
5.4375 0.15625
2.0625 0.125
2.09375 0.15625
2.03125 0.15625
6.6875 0.375
6.65625 0.34375
6.71875 0.34375
5.78125 0.15625
5.8125 0.15625
5.78125 0.1875
6.1875 0.875
6.15625 0.84375
6.21875 0.84375
6.21875 0.90625
5.96875 0.15625
5.96875 0.1875
5.9375 0.15625
4.34375 0.21875
4.34375 0.25
4.3125 0.21875
4.40625 0.5
4.4375 0.53125
4.34375 0.34375
4.34375 0.3125
4.375 0.34375
5.21875 0.21875
5.21875 0.25
5.1875 0.21875
4.53125 0.46875
4.5 0.46875
4.53125 0.4375
1.6875 0.6875
1.6875 0.75
1.625 0.6875
5.15625 0.34375
5.125 0.34375
5.15625 0.3125
1.1875 0.1875
1.1875 0.25
1.125 0.1875
4.46875 0.53125
4.5 0.53125
4.46875 0.5625
0.4375 0.4375
0.4375 0.5
0.375 0.4375
5.84375 0.21875
5.8125 0.21875
5.84375 0.1875
6.6875 0.875
6.65625 0.84375
6.71875 0.84375
3.8125 0.1875
3.875 0.1875
3.8125 0.25
1.625 0.8125
4.15625 0.53125
4.15625 0.5625
4.125 0.53125
5.59375 0.71875
5.625 0.71875
5.59375 0.625
5.625 0.65625
2.1875 0.4375
2.1875 0.5
2.125 0.4375
4.90625 0.65625
4.90625 0.625
4.9375 0.65625
5.78125 0.78125
5.75 0.78125
5.84375 0.84375
5.84375 0.875
7 0.0625
6.96875 0.09375
6.96875 0.03125
4.15625 0.90625
4.15625 0.875
4.1875 0.90625
4.140625 0.859375
4.171875 0.859375
5.84375 0.65625
5.875 0.65625
5.84375 0.6875
4.46875 0.90625
4.4375 0.90625
4.46875 0.875
5.46875 0.46875
5.46875 0.5
5.4375 0.46875
5.59375 0.15625
5.59375 0.125
5.53125 0.21875
5.5 0.21875
5.5 0.15625
5.53125 0.125
5.96875 0.65625
5.96875 0.625
5.90625 0.625
6.4375 1
6.40625 0.96875
6.46875 0.96875
6.4375 0
6.46875 0.03125
6.40625 0.03125
6.4375 0.5
6.46875 0.53125
6.40625 0.53125
6.03125 0.40625
6 0.40625
6.03125 0.375
6.03125 0.28125
6 0.28125
6.03125 0.25
7 0.9375
6.96875 0.96875
6.96875 0.90625
0.8125 1
0.78125 0.96875
0.84375 0.96875
0.5625 1
0.53125 0.96875
0.59375 0.96875
0.5 0.5625
0.46875 0.53125
0.53125 0.53125
6.03125 0.59375
6.03125 0.625
6 0.59375
0.5625 0
0.59375 0.03125
0.53125 0.03125
5.96875 0.78125
5.96875 0.75
5.90625 0.75
0.71875 0.53125
0.65625 0.53125
0.625 0.5625
0.59375 0.59375
6.4375 0.25
6.46875 0.28125
6.40625 0.28125
4 0.296875
4.0078125 0.2890625
4.0078125 0.3046875
7.0625 1
7.03125 0.96875
7.09375 0.96875
7.5 0.9375
7.46875 0.96875
7.46875 0.90625
0.4375 0.375
0.5 0.4375
3.6875 0.8125
3.625 0.8125
3.6875 0.75
3.6875 0.5625
3.5625 0.5625
6.0625 0.875
6.03125 0.84375
6.09375 0.84375
6.09375 0.71875
6.09375 0.75
6.0625 0.71875
3.6875 0.1875
3.6875 0.25
3.625 0.1875
0.8125 0.25
0.78125 0.21875
0.84375 0.21875
5.96875 0.28125
5.96875 0.3125
6.03125 0.65625
6.0625 0.65625
6 0.8125
6.3125 0.25
6.28125 0.21875
6.34375 0.21875
6.0625 0.5
6.03125 0.46875
6.09375 0.46875
6.3125 0.5
6.28125 0.46875
6.34375 0.46875
0.5625 0.8125
0.5625 0.875
0.5 0.8125
0.03125 0.84375
0.03125 0.8125
0.0625 0.84375
0.5625 0.75
0.53125 0.71875
0.59375 0.71875
0.5625 0.5
0.53125 0.46875
0.59375 0.46875
0.0625 0.25
0.03125 0.21875
0.09375 0.21875
4.21875 0.09375
4.21875 0.0625
4.25 0.09375
6.15625 0.78125
6.15625 0.8125
6.125 0.78125
4.40625 0.09375
4.375 0.09375
4.40625 0.0625
0.8125 0.5625
0.8125 0.625
0.75 0.5625
6.9375 1
6.90625 0.96875
4.09375 0.9375
4.078125 0.953125
4.078125 0.921875
5.96875 0.21875
5.96875 0.25
5.46875 0.78125
5.5 0.78125
5.65625 0.15625
5.65625 0.125
4.125 0.46875
4.140625 0.484375
4.109375 0.484375
5.71875 0.21875
5.71875 0.25
5.65625 0.25
5.625 0.21875
4.125 0.40625
4.109375 0.390625
4.140625 0.390625
0.8125 0
0.84375 0.03125
0.78125 0.03125
0.9375 0
0.96875 0.03125
0.90625 0.03125
4.65625 1
4.640625 0.984375
4.671875 0.984375
1.0625 1
1.03125 0.96875
1.09375 0.96875
6.625 0.4375
6.59375 0.40625
6.65625 0.40625
4.1875 0.40625
4.203125 0.421875
4.171875 0.421875
1.5625 0
1.59375 0.03125
1.53125 0.03125
5.21875 0.59375
5.25 0.59375
5.21875 0.625
5.78125 0.21875
5.75 0.21875
0.3125 0
0.34375 0.03125
0.28125 0.03125
0.4375 0
0.46875 0.03125
0.40625 0.03125
7.5625 0.3125
7.5 0.3125
7.5625 0.25
0.8125 0.5
0.78125 0.46875
0.84375 0.46875
7.5625 0.6875
7.5625 0.75
7.5 0.6875
0.375 0.3125
0.40625 0.34375
0.34375 0.34375
4.00390625 0.95703125
4.00390625 0.9609375
4 0.95703125
4.00390625 0.96484375
4.00390625 0.96875
4 0.96484375
4 0.0859375
4.00390625 0.08203125
4.00390625 0.08984375
4.001953125 0.994140625
4.001953125 0.99609375
4 0.994140625
4.15625 0.9375
4.125 0.90625
5.46875 0.90625
5.4375 0.90625
5.46875 0.875
4.15625 0.5
4.171875 0.484375
5.59375 0.21875
5.59375 0.1875
4.78125 0.90625
4.78125 0.9375
4.75 0.90625
4.78125 0.34375
4.75 0.34375
4.78125 0.3125
4.84375 0.65625
4.8125 0.65625
4.84375 0.625
4.21875 0.5
4.234375 0.515625
4.203125 0.515625
0.9375 0.1875
0.9375 0.125
1 0.1875
1.375 0.8125
1.4375 0.75
6.6875 0.5
6.71875 0.53125
6.65625 0.53125
5.21875 0.65625
5.1875 0.65625
1.625 0.1875
1.5625 0.25
5.96875 0.90625
5.90625 0.90625
4.46875 0.5
4.28125 0.40625
4.28125 0.4375
4.25 0.40625
4.84375 0.15625
4.8125 0.15625
4.84375 0.125
5.65625 0.78125
5.65625 0.8125
5.625 0.78125
5.21875 0.0625
6.28125 0.40625
6.28125 0.4375
6.25 0.40625
5.15625 0.09375
5.125 0.09375
5.15625 0.0625
1.1875 0
1.21875 0.03125
1.15625 0.03125
7.75 0.625
7.8125 0.5625
7.8125 0.6875
5.90625 0.9375
5.875 0.90625
4.0078125 0.7578125
4.0078125 0.765625
4 0.7578125
4.0078125 0.7734375
4.0078125 0.78125
4 0.7734375
4.015625 0.75
4.0234375 0.7578125
4.00390625 0.94140625
4.00390625 0.9453125
4 0.94140625
4.00390625 0.94921875
4.00390625 0.953125
4 0.94921875
7.03125 0.03125
7.03125 0
7.0625 0.03125
4.00390625 0.92578125
4.00390625 0.9296875
4 0.92578125
4.00390625 0.93359375
4.00390625 0.9375
4 0.93359375
4 0.1171875
4.00390625 0.11328125
4.00390625 0.12109375
4 0.1015625
4.00390625 0.09765625
4.00390625 0.10546875
4 0.1484375
4.00390625 0.14453125
4.00390625 0.15234375
4 0.1328125
4.00390625 0.12890625
4.00390625 0.13671875
4 0.00390625
4.001953125 0.001953125
4.001953125 0.005859375
6.78125 0.96875
6.8125 0.96875
6.78125 1
6.4375 0.125
6.46875 0.15625
6.40625 0.15625
1.6875 0.625
1.75 0.6875
5.34375 0.40625
5.3125 0.40625
5.34375 0.375
2.3125 0.4375
2.375 0.4375
2.3125 0.5
4.28125 0.375
4.265625 0.359375
4.296875 0.359375
4.90625 1
4.890625 0.984375
4.921875 0.984375
4 0.328125
4.0078125 0.3203125
4.0078125 0.3359375
0.03125 1
0.015625 0.984375
0.046875 0.984375
4.00390625 0.91015625
4.00390625 0.9140625
4 0.91015625
4.00390625 0.91796875
4.00390625 0.921875
4 0.91796875
0.015625 0.015625
0.015625 0
0.03125 0.015625
0 0.03125
0.015625 0.046875
4 0.1640625
4.00390625 0.16015625
4.00390625 0.16796875
4.0078125 0.2578125
4.0078125 0.265625
4 0.2578125
4.0078125 0.7421875
4 0.7421875
4.0078125 0.734375
4 0.671875
4.0078125 0.6640625
4.0078125 0.6796875
5.34375 0.34375
5.34375 0.3125
5.375 0.34375
5.40625 0.46875
5.40625 0.5
1.5625 0.875
1.53125 0.84375
1.59375 0.84375
4 0.703125
4.0078125 0.6953125
4.0078125 0.7109375
7.875 0.5
4.875 0.6875
4.78125 0.15625
5.90625 0.71875
4.21875 0.4375
6.375 0.8125
5.90625 0.15625
5.53125 0.65625
5.84375 0.90625
5.40625 0.84375
7.5625 0.8125
4.3125 0.34375
4.9375 0.96875
0.8125 0.3125
0.875 0.4375
0.75 0.4375
6.125 0.6875
0.6875 0.6875
0.75 0.0625
5.375 0.4375
5.34375 0.28125
6.375 0.1875
5.59375 0.78125
5.71875 0.78125
5.96875 0.59375
5.96875 0.71875
5.65625 0.71875
6.9375 0.875
6.9375 0.125
4.21875 0.46875
5.65625 0.28125
0.875 0.9375
0.625 0.9375
6 0.6875
0.625 0.0625
0.875 0.0625
4.6875 0.96875
1.125 0.9375
5.96875 0.40625
5.03125 0.90625
4.96875 0.96875
5.09375 0.09375
6.09375 0.90625
4.0078125 0.09375
1.625 0.0625
6.625 0.3125
6.5 0.3125
5.40625 0.15625
2.125 0.1875
2 0.1875
6.75 0.3125
5.84375 0.15625
0.375 0.0625
0.25 0.0625
2.1875 0.1875
5.28125 0.40625
7.4375 0.3125
4.25 0.34375
4.0078125 0.15625
1.25 0.0625
4.015625 0.34375
7.125 0.9375
7.4375 0.875
5.09375 0.34375
4.09375 0.375
6.625 0.8125
3.984375 0.328125
5.59375 0.59375
4.875 0.96875
6.9375 0
4.03125 0.765625
7.09375 0.03125
4.1875 0.84375
5.84375 0.71875
3.984375 0.703125
3.99609375 0.95703125
5.46875 0.53125
5.53125 0.09375
5.90625 0.59375
6.09375 0.78125
3.6875 0.3125
6.03125 0.34375
6.03125 0.21875
0.75 0.9375
0.5 0.9375
0.0625 0.96875
0.5 0.0625
0.75 0.1875
0.046875 0.015625
4.0078125 0.109375
3.6875 0.6875
0 0.1875
0.03125 0.0625
4.0078125 0.171875
4.0078125 0.140625
4.0078125 0.2734375
3.984375 0.296875
4.015625 0.3125
7.4375 1
4.00390625 0.0078125
4.0078125 0.7265625
4.015625 0.6875
6.03125 0.71875
0.875 0.1875
6.09375 0.65625
6.375 0.4375
6.84375 0.96875
0.03125 0.78125
0.09375 0.84375
0.625 0.6875
1.9375 0.1875
4.015625 0.65625
1.5 0.0625
3.9921875 0.1640625
3.99609375 0.92578125
3.9921875 0.1015625
3.998046875 0.994140625
4.0625 0.90625
4.09375 0.5
4.15625 0.4375
4.15625 0.375
1 0.0625
4.625 0.96875
1 0.9375
7.5625 0.1875
7.4375 0.6875
3.99609375 0.96484375
3.9921875 0.0859375
6.21875 0.40625
4.1875 0.46875
4.25 0.53125
4.1875 0.53125
6.75 0.5625
6.625 0.5625
3.9921875 0.7578125
3.9921875 0.7734375
3.99609375 0.94140625
3.99609375 0.94921875
3.99609375 0.93359375
3.9921875 0.1171875
4.0078125 0.125
3.9921875 0.1484375
3.9921875 0.1328125
3.99609375 0.00390625
4.00390625 0
6.75 0.9375
3.984375 0.75
3.9921875 0.9375
3.984375 0.125
3.9921875 0
0 0.96875
3.99609375 0.91015625
3.99609375 0.91796875
3.9921875 0.2578125
3.9921875 0.7421875
3.984375 0.671875
3.9921875 0.90625
3.984375 0.25
0.125 0.8125
3.9921875 0.921875
3.984375 0.09375
3.96875 0.3125
3.96875 0.6875
3.9921875 0.953125
3.984375 0.15625
3.99609375 0.9921875
5.40625 0.71875
5.375 0.71875
5.40625 0.6875
4.90625 0.71875
4.875 0.71875
4.90625 0.6875
5.78125 0.09375
5.75 0.09375
5.78125 0.0625
0.4375 0.875
0.40625 0.84375
0.46875 0.84375
6.34375 0.78125
6.375 0.78125
6.34375 0.8125
6.21875 0.15625
6.25 0.15625
6.21875 0.1875
5.71875 0.34375
5.71875 0.3125
5.75 0.34375
5.53125 0.59375
5.5 0.59375
5.53125 0.5625
6.8125 0.25
6.78125 0.21875
6.84375 0.21875
4.25 0.71875
4.234375 0.703125
4.265625 0.703125
6.15625 0.46875
6.15625 0.4375
6.1875 0.46875
0.0625 0.625
0.09375 0.65625
0.03125 0.65625
3.90625 0.96875
3.9375 0.96875
3.90625 1
0.1875 0.375
0.21875 0.40625
0.15625 0.40625
4.1875 0.34375
4.203125 0.359375
4.171875 0.359375
2.8125 0.8125
2.8125 0.875
2.75 0.8125
4.046875 0.078125
4.03125 0.078125
4.046875 0.0625
4.046875 0.046875
4.046875 0.03125
4.0625 0.046875
2.9375 0.3125
3 0.3125
2.9375 0.375
3.90625 0.03125
3.90625 0
3.9375 0.03125
1.9375 0.8125
2 0.8125
1.9375 0.875
1.25 0.6875
1.21875 0.65625
1.28125 0.65625
4.59375 0.15625
4.625 0.15625
4.59375 0.1875
5.71875 0.375
5.6875 0.34375
6.6875 1
6.65625 0.96875
6.71875 0.96875
6.6875 0
6.71875 0.03125
6.65625 0.03125
7.375 0.0625
7.34375 0.09375
7.34375 0.03125
1.8125 0.5625
1.8125 0.5
1.875 0.5625
4.71875 0.21875
4.71875 0.25
4.6875 0.21875
4.15625 0.3125
4.171875 0.328125
4.140625 0.328125
4.59375 0.65625
4.625 0.65625
4.59375 0.6875
4.5625 0.65625
4.59375 0.625
4.90625 0.84375
4.9375 0.84375
4.90625 0.875
4.78125 0.78125
4.78125 0.8125
4.75 0.78125
5.03125 0.53125
5.03125 0.5625
5 0.53125
4.53125 1
4.515625 0.984375
4.546875 0.984375
4.59375 0.84375
4.59375 0.875
4.5625 0.84375
4.90625 0.75
4.921875 0.765625
4.890625 0.765625
5.09375 0.84375
5.09375 0.875
5.0625 0.84375
4.09375 0.8125
4.078125 0.796875
4.109375 0.796875
4.78125 0.75
4.8125 0.78125
2.9375 0.6875
2.9375 0.625
3 0.6875
4.59375 0.8125
4.625 0.84375
1.875 0.8125
1.9375 0.75
6.4375 0.75
6.46875 0.78125
6.40625 0.78125
0.25 0.8125
0.21875 0.78125
0.28125 0.78125
2.0625 0
2.09375 0.03125
2.03125 0.03125
6.28125 0.15625
6.28125 0.125
7.5 0.0625
7.46875 0.09375
7.46875 0.03125
7.4375 0.125
7.40625 0.15625
7.40625 0.09375
1.375 0.0625
1.40625 0.09375
1.34375 0.09375
1.6875 1
1.65625 0.96875
1.71875 0.96875
1.5625 1
1.53125 0.96875
1.59375 0.96875
1.9375 1
1.90625 0.96875
1.96875 0.96875
1.8125 1
1.78125 0.96875
1.84375 0.96875
1.875 0.9375
1.84375 0.90625
1.90625 0.90625
0.3125 0.75
0.28125 0.71875
0.34375 0.71875
0.4375 1
0.40625 0.96875
0.46875 0.96875
0.3125 1
0.28125 0.96875
0.34375 0.96875
0.375 0.9375
0.34375 0.90625
0.40625 0.90625
1.4375 1
1.40625 0.96875
1.46875 0.96875
1.3125 1
1.28125 0.96875
1.34375 0.96875
1.375 0.9375
1.34375 0.90625
1.40625 0.90625
4.78125 0
4.796875 0.015625
4.765625 0.015625
4.90625 0
4.921875 0.015625
4.890625 0.015625
6.5625 0.5
6.53125 0.46875
6.59375 0.46875
6.15625 0.40625
6.125 0.40625
6.875 0.5625
6.90625 0.59375
6.84375 0.59375
6.8125 0.5
6.78125 0.46875
6.84375 0.46875
6.875 0.4375
6.84375 0.40625
6.90625 0.40625
6.53125 0.65625
6.53125 0.6875
6.5 0.65625
6.53125 0.71875
6.53125 0.75
6.5 0.71875
4.40625 0
4.421875 0.015625
4.390625 0.015625
4.46875 0
4.484375 0.015625
4.453125 0.015625
5.03125 0
5.046875 0.015625
5.015625 0.015625
2.3125 1
2.28125 0.96875
2.34375 0.96875
4.75 0.71875
4.765625 0.734375
4.734375 0.734375
1.8125 0
1.84375 0.03125
1.78125 0.03125
1.9375 0
1.96875 0.03125
1.90625 0.03125
6.46875 0.71875
6.46875 0.6875
4.5625 0.71875
4.546875 0.703125
4.578125 0.703125
4.65625 0
4.671875 0.015625
4.640625 0.015625
4.3125 0.53125
4.328125 0.546875
4.296875 0.546875
4.28125 0.5
4.265625 0.484375
4.296875 0.484375
4.625 0.59375
4.640625 0.609375
4.609375 0.609375
7.5625 0.4375
7.5 0.4375
7.5625 0.375
6.53125 0.78125
6.53125 0.8125
6.5 0.78125
7.5625 0.5625
7.5625 0.625
7.5 0.5625
4.78125 1
4.765625 0.984375
4.796875 0.984375
7.625 0.5
7.6875 0.4375
5.21875 0.40625
5.1875 0.40625
5.21875 0.375
7.6875 0.5625
2.8125 0.1875
2.75 0.1875
2.8125 0.125
0.03125 0.59375
0.09375 0.59375
6.53125 0.21875
6.5 0.21875
6.53125 0.1875
6.28125 0.78125
6.28125 0.8125
6.25 0.78125
4.078125 0.140625
4.0625 0.140625
4.078125 0.125
4.15625 0.625
4.171875 0.640625
4.140625 0.640625
4.1875 0.65625
4.203125 0.671875
4.171875 0.671875
4.140625 0.609375
4.171875 0.609375
5.53125 1
5.515625 0.984375
5.546875 0.984375
4.078125 0.078125
4.078125 0.0625
4.09375 0.078125
4.6875 0.15625
4.703125 0.171875
4.671875 0.171875
1.6875 0.5
1.71875 0.53125
1.65625 0.53125
4 0.01171875
4.001953125 0.009765625
4.001953125 0.013671875
4.71875 0.1875
4.75 0.21875
1.8125 0.625
1.75 0.5625
5.59375 0.90625
5.625 0.90625
5.59375 0.9375
4.078125 0.859375
4.078125 0.875
4.0625 0.859375
5.15625 0
5.171875 0.015625
5.140625 0.015625
4.015625 0.609375
4 0.609375
4.015625 0.59375
4.00390625 0.87890625
4.00390625 0.8828125
4 0.87890625
4.00390625 0.88671875
4.00390625 0.890625
4 0.88671875
4.00390625 0.89453125
4.00390625 0.8984375
4 0.89453125
4.00390625 0.90234375
4.00390625 0.90625
4 0.90234375
4 0.1796875
4.00390625 0.17578125
4.00390625 0.18359375
4.001953125 0.986328125
4.001953125 0.98828125
4 0.986328125
4.001953125 0.990234375
4.001953125 0.9921875
4 0.990234375
4 0.02734375
4.001953125 0.025390625
4.001953125 0.029296875
4 0.01953125
4.001953125 0.017578125
4.001953125 0.021484375
4 0.2109375
4.00390625 0.20703125
4.00390625 0.21484375
4 0.1953125
4.00390625 0.19140625
4.00390625 0.19921875
4.00390625 0.86328125
4.00390625 0.8671875
4 0.86328125
4.00390625 0.87109375
4.00390625 0.875
4 0.87109375
4.015625 0.390625
4.015625 0.40625
4 0.390625
4.5625 0.15625
4.59375 0.125
5.34375 0.71875
5.34375 0.6875
5.71875 0.40625
5.6875 0.40625
1.8125 0.875
1.78125 0.84375
1.84375 0.84375
0.03125 0.90625
0.03125 0.9375
0 0.90625
4.53125 0.6875
4.515625 0.671875
4.546875 0.671875
0.0625 0.375
0.03125 0.34375
0.09375 0.34375
5.40625 1
5.390625 0.984375
5.421875 0.984375
4.28125 1
4.265625 0.984375
4.296875 0.984375
7.28125 0.96875
7.3125 0.96875
7.28125 1
4 0.2265625
4.00390625 0.22265625
4.00390625 0.23046875
4.00390625 0.85546875
4.00390625 0.859375
4 0.85546875
4.0009765625 0.9990234375
4.0009765625 1
4 0.9990234375
6.09375 0.34375
6.09375 0.3125
6.125 0.34375
5.71875 0.09375
6.53125 0.15625
4.375 0.03125
5.125 0.03125
0.375 0.8125
6.28125 0.84375
6.34375 0.84375
5.4375 0.96875
6.21875 0.21875
1.4375 0.125
1.75 0.0625
4.875 0.03125
5.46875 0.59375
6.9375 0.625
6.875 0.1875
4.21875 0.6875
4.28125 0.6875
4.5625 0.96875
4.8125 0.03125
4.9375 0.03125
6.21875 0.46875
4.1875 0.59375
4.078125 0.890625
0 0.6875
4.21875 0.375
4.4375 0.03125
5.0625 0.03125
5.1875 0.03125
2.375 0.9375
2.125 0.0625
4.0625 0.09375
4.078125 0.046875
1.875 0.0625
5.5625 0.96875
4.109375 0.078125
6.46875 0.65625
4.046875 0.140625
4.6875 0.03125
4.625 0.03125
4.3125 0.46875
4.0078125 0.21875
1.1875 0.625
1.3125 0.625
5.65625 0.34375
4.00390625 0.015625
4.015625 0.578125
7.3125 0
4.125 0.34375
6.53125 0.84375
1.625 0.9375
1.625 0.5625
5.375 0.96875
4.25 0.96875
4.5 0.96875
4.9375 0.78125
4.8125 0.96875
4.125 0.78125
0.1875 0.75
2 0.0625
6.28125 0.09375
7.4375 0
7.375 0.1875
4.00390625 0.0234375
1.3125 0.125
1.75 0.9375
1.5 0.9375
2 0.9375
6.09375 0.28125
0.3125 0.875
6.09375 0.40625
0.25 0.6875
6.21875 0.78125
7.34375 0.96875
3.99609375 0.89453125
3.99609375 0.01953125
6.75 0.4375
6.8125 0.375
0.25 0.9375
1.25 0.9375
1.3125 0.875
4.75 0.03125
6.8125 0.625
6.9375 0.375
4.5 0.03125
5 0.03125
2.25 0.9375
4.71875 0.75
4.65625 0.625
4.34375 0.5625
4.28125 0.5625
4.25 0.46875
4.0078125 0.234375
4.0078125 0.203125
4.75 0.96875
4.5 0.65625
0 0.3125
6.15625 0.34375
0 0.5625
4.015625 0.421875
3.9921875 0.2265625
3.99609375 0.86328125
6.46875 0.21875
4.078125 0.109375
4.125 0.59375
5.5 0.96875
4.65625 0.1875
3.99609375 0.01171875
5.46875 0.96875
4.046875 0.859375
3.984375 0.609375
3.99609375 0.87890625
3.99609375 0.88671875
3.99609375 0.90234375
3.9921875 0.1796875
4.0078125 0.1875
3.998046875 0.986328125
3.998046875 0.990234375
3.99609375 0.02734375
4.00390625 0.03125
3.9921875 0.2109375
3.9921875 0.1953125
3.99609375 0.87109375
3.984375 0.390625
3.96875 0.375
3.984375 0.1875
3.99609375 0.984375
3.9921875 0.875
3.96875 0.625
3.9921875 0.03125
7.25 0.9375
3.99609375 0.85546875
3.9990234375 0.9990234375
3.998046875 1
3.984375 0.21875
3.9921875 0.859375
4.96875 0.78125
3.9921875 0.890625
3.9921875 0.015625
4.09375 0.3125
4.078125 0.296875
4.109375 0.296875
3.8125 0.875
3.84375 0.90625
3.78125 0.90625
5.53125 0.90625
5.53125 0.875
5.5625 0.90625
1.9375 0.625
1.96875 0.65625
1.90625 0.65625
5.96875 0.09375
5.96875 0.125
5.9375 0.09375
0.46875 0.65625
0.5 0.65625
0.46875 0.6875
4.46875 0.4375
4.453125 0.421875
4.484375 0.421875
4.65625 0.6875
4.671875 0.703125
4.640625 0.703125
6.15625 0.21875
6.125 0.21875
6.15625 0.1875
4.1875 0.28125
4.171875 0.265625
4.203125 0.265625
4.09375 0.1875
4.078125 0.171875
4.109375 0.171875
6.15625 0.53125
6.15625 0.5625
6.125 0.53125
6.71875 0.15625
6.75 0.15625
6.71875 0.1875
6.8125 0.75
6.78125 0.71875
6.84375 0.71875
4.1875 0.78125
4.171875 0.765625
4.203125 0.765625
4.109375 0.828125
4.125 0.828125
4.109375 0.84375
5.78125 0.65625
5.78125 0.6875
5.75 0.65625
4.015625 0.9921875
4.01171875 0.99609375
4.01171875 0.98828125
0.75 0.8125
0.78125 0.84375
0.71875 0.84375
6.15625 0.71875
6.125 0.71875
6.15625 0.6875
1.25 0.8125
1.28125 0.84375
1.21875 0.84375
5.84375 0.28125
5.875 0.28125
5.84375 0.3125
4.4375 0.65625
4.421875 0.640625
4.453125 0.640625
6.53125 0.59375
6.53125 0.5625
6.5625 0.59375
4.046875 0.921875
4.046875 0.9375
4.03125 0.921875
1.75 0.1875
1.71875 0.15625
1.78125 0.15625
6.03125 0.09375
6 0.09375
6.03125 0.0625
4.125 0.03125
4.109375 0.046875
4.109375 0.015625
6.46875 0.40625
6.5 0.40625
6.46875 0.4375
4.4375 0.21875
4.453125 0.234375
4.421875 0.234375
4.375 0.15625
4.390625 0.171875
4.359375 0.171875
4.375 0.59375
4.359375 0.578125
4.390625 0.578125
4.375 0.40625
4.390625 0.421875
4.359375 0.421875
4.5625 0.53125
4.546875 0.515625
4.578125 0.515625
1.625 0.4375
1.65625 0.46875
1.59375 0.46875
1.75 0.3125
1.78125 0.34375
1.71875 0.34375
6.65625 0.90625
6.65625 0.9375
6.625 0.90625
6.59375 0.09375
6.59375 0.0625
6.625 0.09375
4.34375 0.625
4.359375 0.640625
4.328125 0.640625
5.34375 0.46875
5.34375 0.5
5.3125 0.46875
6.53125 0.09375
6.5 0.09375
6.53125 0.0625
6.6875 0.125
6.65625 0.09375
6.71875 0.09375
7.125 0.3125
7.09375 0.28125
7.15625 0.28125
4.34375 0.375
4.359375 0.390625
4.328125 0.390625
4.21875 0.3125
4.203125 0.296875
4.234375 0.296875
0.15625 0.71875
0.125 0.71875
0.15625 0.6875
7.9375 0.75
7.90625 0.78125
7.90625 0.71875
7.9375 0.25
7.90625 0.28125
7.90625 0.21875
7.125 0.6875
7.15625 0.71875
7.09375 0.71875
5.34375 0.4375
5.328125 0.421875
5.359375 0.421875
1.3125 0.25
1.28125 0.21875
1.34375 0.21875
4.015625 0.0078125
4.01171875 0.01171875
4.01171875 0.00390625
5.71875 0.46875
5.71875 0.5
5.6875 0.46875
6.15625 0.65625
6.15625 0.625
6.1875 0.65625
5.53125 0.46875
5.5 0.46875
5.53125 0.4375
3.1875 1
3.15625 0.96875
3.21875 0.96875
6.34375 0.71875
6.34375 0.75
6.3125 0.71875
4.28125 0.75
4.265625 0.734375
4.296875 0.734375
5.78125 0.46875
5.75 0.46875
5.78125 0.4375
5.40625 0.40625
5.40625 0.375
5.4375 0.40625
5.53125 0.3125
5.546875 0.328125
5.515625 0.328125
0.6875 0.25
0.71875 0.28125
0.65625 0.28125
3.6875 1
3.65625 0.96875
3.71875 0.96875
0.8125 0.75
0.78125 0.71875
0.84375 0.71875
6.40625 0.90625
6.40625 0.9375
6.375 0.90625
6.28125 0.53125
6.28125 0.5
6.3125 0.53125
0.9375 1
0.90625 0.96875
0.96875 0.96875
0.6875 1
0.65625 0.96875
0.71875 0.96875
0.6875 0.875
0.65625 0.84375
0.71875 0.78125
0.78125 0.78125
0.1875 0.875
0.15625 0.84375
0.21875 0.84375
0.4375 0.625
0.40625 0.59375
0.46875 0.59375
6.03125 0.53125
6.03125 0.5625
6 0.53125
0.6875 0
0.71875 0.03125
0.65625 0.03125
4.28125 0
4.296875 0.015625
4.265625 0.015625
4.34375 0
4.359375 0.015625
4.328125 0.015625
4.3125 0.03125
4.328125 0.046875
4.296875 0.046875
2.1875 0
2.21875 0.03125
2.15625 0.03125
1.3125 0
1.34375 0.03125
1.28125 0.03125
1.4375 0
1.46875 0.03125
1.40625 0.03125
0.6875 0.375
0.65625 0.34375
0.71875 0.34375
6.34375 0.09375
6.34375 0.125
6.3125 0.09375
6.28125 0.34375
6.25 0.34375
6.28125 0.3125
0.6875 0.75
0.65625 0.78125
5.28125 0.21875
5.25 0.21875
5.28125 0.1875
0.9375 0.25
0.96875 0.28125
0.90625 0.28125
0.1875 0
0.21875 0.03125
0.15625 0.03125
7.1875 0.875
7.15625 0.84375
7.21875 0.84375
4.125 0.96875
4.109375 0.984375
4.109375 0.953125
4.09375 0.4375
4.109375 0.453125
4.078125 0.453125
0.28125 0.46875
0.25 0.46875
0.28125 0.4375
4.6875 0.28125
4.703125 0.296875
4.671875 0.296875
4.75 0.65625
4.734375 0.640625
4.765625 0.640625
4.15625 0.75
4.140625 0.765625
4.21875 0.75
4.234375 0.765625
4.203125 0.796875
4.171875 0.796875
4.078125 0.421875
4.109375 0.421875
1.1875 1
1.15625 0.96875
1.21875 0.96875
1.21875 0.78125
1.28125 0.78125
4.84375 0.0625
4.859375 0.078125
4.828125 0.078125
4.875 0.09375
4.890625 0.109375
4.859375 0.109375
5.21875 1
5.203125 0.984375
5.234375 0.984375
5.15625 1
5.140625 0.984375
5.171875 0.984375
5.09375 1
5.078125 0.984375
5.109375 0.984375
5.03125 1
5.015625 0.984375
5.046875 0.984375
5.0625 0.96875
5.046875 0.953125
5.078125 0.953125
5.09375 0.9375
5.078125 0.921875
5.109375 0.921875
6.9375 0.5
6.96875 0.53125
6.90625 0.53125
4.453125 0.671875
4.421875 0.671875
6.59375 0.59375
6.59375 0.625
6.53125 0.625
6.5 0.59375
5.28125 0
5.296875 0.015625
5.265625 0.015625
5.40625 0
5.421875 0.015625
5.390625 0.015625
5.53125 0
5.546875 0.015625
5.515625 0.015625
2.9375 1
2.90625 0.96875
2.96875 0.96875
2.8125 1
2.78125 0.96875
2.84375 0.96875
2.6875 1
2.65625 0.96875
2.71875 0.96875
2.5625 1
2.53125 0.96875
2.59375 0.96875
2.625 0.9375
2.59375 0.90625
2.65625 0.90625
2.4375 1
2.40625 0.96875
2.46875 0.96875
2.1875 1
2.15625 0.96875
2.21875 0.96875
2.0625 1
2.03125 0.96875
2.09375 0.96875
2.125 0.9375
2.09375 0.90625
2.15625 0.90625
2.3125 0
2.34375 0.03125
2.28125 0.03125
2.4375 0
2.46875 0.03125
2.40625 0.03125
2.375 0.0625
2.40625 0.09375
2.34375 0.09375
2.5625 0
2.59375 0.03125
2.53125 0.03125
2.6875 0
2.71875 0.03125
2.65625 0.03125
2.625 0.0625
2.65625 0.09375
2.59375 0.09375
2.8125 0
2.84375 0.03125
2.78125 0.03125
2.9375 0
2.96875 0.03125
2.90625 0.03125
4.6875 0.65625
4.703125 0.671875
4.671875 0.671875
1.6875 0
1.71875 0.03125
1.65625 0.03125
1.78125 0.21875
1.71875 0.21875
6.53125 0.40625
6.53125 0.375
4.6875 0.59375
4.671875 0.578125
4.703125 0.578125
4.15625 0
4.171875 0.015625
4.140625 0.015625
4.21875 0
4.234375 0.015625
4.203125 0.015625
5.25 0.46875
5.265625 0.484375
5.234375 0.484375
4.46875 0.25
4.484375 0.234375
4.421875 0.203125
4.453125 0.203125
4.359375 0.140625
4.390625 0.140625
4.015625 0.515625
4.015625 0.5
4.03125 0.515625
4.34375 0.5
4.359375 0.515625
4.328125 0.515625
4.390625 0.609375
4.359375 0.609375
4.4375 0.46875
4.421875 0.453125
4.453125 0.453125
4.390625 0.390625
4.59375 0.5625
4.609375 0.578125
4.578125 0.578125
5.125 0.40625
5.109375 0.390625
5.140625 0.390625
1.25 0.3125
1.21875 0.28125
1.28125 0.28125
0.03125 0.46875
0.0625 0.46875
0.03125 0.5
7.6875 0.3125
7.625 0.3125
7.6875 0.25
7.9375 0.875
7.90625 0.84375
7.96875 0.84375
7.9375 0.125
7.90625 0.09375
7.96875 0.09375
7.0625 0.75
7.03125 0.71875
7.09375 0.65625
7.15625 0.65625
7.6875 0.6875
7.6875 0.75
7.625 0.6875
0.3125 0.25
0.34375 0.28125
0.28125 0.28125
0.4375 0.25
0.46875 0.28125
0.40625 0.28125
2.25 0.3125
2.21875 0.28125
2.28125 0.28125
5.28125 1
5.265625 0.984375
5.296875 0.984375
4.15625 1
4.140625 0.984375
4.171875 0.984375
5.78125 1
5.765625 0.984375
5.796875 0.984375
7.8125 0
7.84375 0.03125
7.78125 0.03125
1.3125 0.75
1.28125 0.71875
1.34375 0.71875
5.28125 0.53125
5.28125 0.5625
5.25 0.53125
4.09375 0.5625
4.078125 0.546875
4.109375 0.546875
4.40625 0.4375
4.390625 0.453125
4.40625 0.625
4.421875 0.609375
4.71875 0.3125
4.734375 0.296875
5.78125 0.90625
5.78125 0.9375
5.75 0.90625
4.140625 0.734375
4.171875 0.734375
4.203125 0.734375
4.234375 0.734375
6.21875 0.53125
6.1875 0.53125
6.21875 0.5
0.9375 0.5
0.96875 0.53125
0.90625 0.53125
4.234375 0.328125
4.203125 0.328125
6.03125 0.90625
6.03125 0.9375
6 0.90625
4.78125 0.625
4.765625 0.609375
4.796875 0.609375
4.328125 0.609375
5.28125 0.5
5.296875 0.484375
5.359375 0.515625
5.328125 0.515625
1.34375 0.28125
1.6875 0.25
1.71875 0.28125
1.65625 0.28125
4.59375 0
4.609375 0.015625
4.578125 0.015625
1.34375 0.78125
1.1875 0.75
1.15625 0.71875
1.21875 0.71875
2.1875 0.625
2.15625 0.59375
2.21875 0.59375
2.25 0.5625
2.21875 0.53125
2.28125 0.53125
4.375 0.28125
4.359375 0.265625
4.390625 0.265625
5.21875 0.3125
5.234375 0.328125
5.203125 0.328125
4.8125 0.21875
4.796875 0.203125
4.828125 0.203125
4.15625 0.25
4.140625 0.265625
4.171875 0.296875
6.78125 0.78125
6.78125 0.8125
6.75 0.78125
4.21875 0.625
4.234375 0.640625
4.203125 0.640625
6.65625 0.21875
6.65625 0.25
6.625 0.21875
3.4375 1
3.40625 0.96875
3.46875 0.96875
3.3125 1
3.28125 0.96875
3.34375 0.96875
6.65625 0.65625
6.65625 0.6875
6.625 0.65625
6.65625 0.71875
6.65625 0.75
6.625 0.71875
4.8125 0.28125
4.828125 0.296875
4.796875 0.296875
4.3125 0.28125
4.328125 0.296875
4.296875 0.296875
5.125 0.15625
5.109375 0.140625
5.140625 0.140625
4.578125 0.546875
4.546875 0.546875
4.9375 0.53125
4.953125 0.546875
4.921875 0.546875
4.90625 0.5625
4.921875 0.578125
4.890625 0.578125
5.25 0.28125
5.234375 0.265625
5.265625 0.265625
1.875 0.4375
1.84375 0.40625
1.90625 0.40625
1.59375 0.40625
1.65625 0.40625
1.78125 0.28125
1.0625 0.5
1.09375 0.53125
1.03125 0.53125
1.125 0.5625
1.15625 0.59375
1.09375 0.59375
1.4375 0.5
1.46875 0.53125
1.40625 0.53125
1.375 0.5625
1.40625 0.59375
1.34375 0.59375
7.0625 0.25
7.03125 0.28125
7.15625 0.34375
7.09375 0.34375
7.875 0.8125
7.875 0.1875
7.90625 0.15625
6.78125 0.15625
6.78125 0.125
2.75 0.3125
2.71875 0.28125
2.78125 0.28125
2.25 0.6875
2.28125 0.71875
2.21875 0.71875
5.78125 0
5.796875 0.015625
5.765625 0.015625
2.75 0.6875
2.78125 0.71875
2.71875 0.71875
3.3125 0
3.34375 0.03125
3.28125 0.03125
3.4375 0
3.46875 0.03125
3.40625 0.03125
6.71875 0.71875
6.71875 0.6875
6.75 0.71875
6.71875 0.65625
6.71875 0.625
6.75 0.65625
6.59375 0.71875
6.59375 0.6875
1.8125 0.375
1.78125 0.40625
1.6875 0.375
1.71875 0.40625
6.84375 0.78125
6.65625 0.15625
6.59375 0.21875
6.59375 0.1875
5.53125 0.9375
5.5 0.90625
8 0.1875
7.96875 0.21875
7.96875 0.15625
5.3125 0.21875
5.28125 0.25
4.40625 0.875
4.390625 0.859375
4.421875 0.859375
3.6875 0
3.71875 0.03125
3.65625 0.03125
6.40625 0.09375
6.375 0.09375
6.40625 0.0625
4.46875 0.6875
4.484375 0.703125
4.453125 0.703125
4.34375 0.8125
4.328125 0.796875
4.359375 0.796875
6.78125 0.65625
6.78125 0.6875
8 0.8125
7.96875 0.78125
0.1875 0.625
0.21875 0.65625
0.15625 0.65625
4.6875 0.84375
4.671875 0.828125
4.703125 0.828125
4.0625 0.984375
4.0546875 0.9921875
4.0546875 0.9765625
4.046875 0.96875
4.0390625 0.9765625
4.0390625 0.9609375
4.140625 0.203125
4.125 0.203125
4.140625 0.1875
5.375 0.53125
5.390625 0.515625
5.625 0.46875
5.640625 0.484375
5.609375 0.484375
4.6875 0.90625
4.703125 0.921875
4.671875 0.921875
5.21875 0
5.234375 0.015625
5.203125 0.015625
5.65625 0
5.671875 0.015625
5.640625 0.015625
5.3125 0.15625
5.328125 0.171875
5.296875 0.171875
4.5625 0.09375
4.546875 0.078125
4.578125 0.078125
4 0.359375
4.0078125 0.3515625
4.0078125 0.3671875
5.3125 0.59375
5.296875 0.578125
5.328125 0.578125
5.75 0.53125
5.734375 0.515625
5.765625 0.515625
5.625 0.40625
5.609375 0.390625
5.640625 0.390625
5.53125 0.5
5.546875 0.515625
5.515625 0.515625
4 0.2734375
4.00390625 0.26953125
4.00390625 0.27734375
4 0.640625
4.0078125 0.6328125
4.0078125 0.6484375
0.21875 0.28125
0.1875 0.28125
0.21875 0.25
0.15625 0.28125
0.125 0.28125
0.15625 0.25
4.015625 0.375
4.0234375 0.3671875
4.15625 0.125
4.171875 0.140625
4.140625 0.140625
4.109375 0.203125
4.078125 0.203125
5.5625 0.46875
5.59375 0.34375
5.59375 0.3125
5.625 0.34375
4.21875 0.25
4.203125 0.234375
4.234375 0.234375
1.5625 0.375
1.53125 0.34375
1.59375 0.34375
6.53125 0.90625
6.53125 0.9375
6.5 0.90625
7.0625 0.625
7.03125 0.59375
7.09375 0.59375
4.90625 0.125
4.921875 0.140625
4.890625 0.140625
4.296875 0.765625
4.265625 0.765625
6.28125 0.90625
6.28125 0.9375
6.25 0.90625
4.46875 0.625
4.453125 0.609375
4.484375 0.609375
4.65625 0.5625
4.640625 0.546875
4.671875 0.546875
6.65625 0.0625
5.65625 0.53125
5.65625 0.5625
5.625 0.53125
4.109375 0.328125
4.078125 0.328125
4.078125 0.734375
4.078125 0.75
4.0625 0.734375
7.84375 0.96875
7.84375 0.9375
7.875 0.96875
6.90625 0.71875
6.90625 0.75
6.875 0.71875
7.875 0.03125
7.84375 0.0625
4 0.2421875
4.00390625 0.23828125
4.00390625 0.24609375
4.00390625 0.81640625
4.00390625 0.8203125
4 0.81640625
4.00390625 0.82421875
4.00390625 0.828125
4 0.82421875
4.00390625 0.83203125
4.00390625 0.8359375
4 0.83203125
4.00390625 0.83984375
4.00390625 0.84375
4 0.83984375
4.00390625 0.84765625
4.00390625 0.8515625
4 0.84765625
4.001953125 0.970703125
4.001953125 0.97265625
4 0.970703125
4.001953125 0.974609375
4.001953125 0.9765625
4 0.974609375
4.001953125 0.978515625
4.001953125 0.98046875
4 0.978515625
4.001953125 0.982421875
4.001953125 0.984375
4 0.982421875
4 0.05859375
4.001953125 0.056640625
4.001953125 0.060546875
4 0.05078125
4.001953125 0.048828125
4.001953125 0.052734375
4 0.04296875
4.001953125 0.041015625
4.001953125 0.044921875
4 0.03515625
4.001953125 0.033203125
4.001953125 0.037109375
4.00390625 0.78515625
4.00390625 0.7890625
4 0.78515625
4.00390625 0.79296875
4.00390625 0.796875
4 0.79296875
4.00390625 0.80078125
4.00390625 0.8046875
4 0.80078125
4.00390625 0.80859375
4.00390625 0.8125
4 0.80859375
4 0.07421875
4.001953125 0.072265625
4.001953125 0.076171875
4 0.06640625
4.001953125 0.064453125
4.001953125 0.068359375
4.0009765625 0.9970703125
4.0009765625 0.998046875
4 0.9970703125
5.90625 1
5.890625 0.984375
5.921875 0.984375
0.28125 0.59375
0.28125 0.625
0.25 0.59375
5.90625 0.28125
5.90625 0.3125
3.8125 0.125
3.78125 0.09375
3.84375 0.09375
6.09375 0.53125
6.09375 0.5625
6.34375 0.65625
6.3125 0.65625
6.34375 0.625
0.3125 0.5
0.34375 0.53125
0.28125 0.53125
7.8125 1
7.78125 0.96875
7.1875 0.125
7.21875 0.15625
7.15625 0.15625
6.28125 0.28125
6.25 0.28125
7.96875 0.90625
7.90625 0.90625
6.28125 0.5625
6.25 0.53125
6.4375 0.40625
6.46875 0.375
3.1875 0
3.21875 0.03125
3.15625 0.03125
4.109375 0.578125
4.078125 0.578125
4.001953125 0.962890625
4.001953125 0.96484375
4 0.962890625
4.001953125 0.966796875
4.001953125 0.96875
4 0.966796875
4 0.08984375
4.001953125 0.087890625
4.001953125 0.091796875
4 0.08203125
4.001953125 0.080078125
4.001953125 0.083984375
4.00390625 0.76953125
4.00390625 0.7734375
4 0.76953125
4.00390625 0.77734375
4.00390625 0.78125
4 0.77734375
4 0.09765625
4.001953125 0.095703125
4.001953125 0.099609375
4 0.001953125
4.0009765625 0.0009765625
4.0009765625 0.0029296875
0.015625 1
0.0078125 0.9921875
0.0234375 0.9921875
0.0078125 0.0078125
0.0078125 0
0.015625 0.0078125
0.65625 0.71875
0.71875 0.71875
4.96875 1
4.953125 0.984375
4.984375 0.984375
6.0625 0.53125
6.09375 0.5
4 0.7265625
4.00390625 0.72265625
4.00390625 0.73046875
1.625 0.3125
6.28125 0.59375
4.0625 0.28125
4.125 0.28125
4.4375 0.84375
3.75 0.9375
6.59375 0.65625
6.46875 0.34375
6.90625 0.78125
6.71875 0.59375
7.1875 0.375
2 0.6875
5.375 0.03125
5.625 0.03125
4.4375 0.59375
4.078125 0.984375
0.53125 0.65625
0.46875 0.71875
2.75 0.9375
2.25 0.0625
2.75 0.0625
0.09375 0.28125
0.28125 0.40625
4.71875 0.9375
4.625 0.53125
5.25 0.34375
1.75 0.4375
4.4375 0.40625
4.6875 0.71875
4.625 0.71875
6.09375 0.21875
6.15625 0.15625
5.125 0.96875
4.125 0.15625
4.4375 0.71875
4.3125 0.78125
6.78125 0.84375
6.71875 0.21875
4.140625 0.828125
4.109375 0.859375
4.0625 0.46875
0.8125 0.875
1.1875 0.875
5.1875 0.96875
5.125 0.90625
0.375 0.5625
4.1875 0.71875
4.8125 0.09375
0.28125 0.65625
5.03125 0.9375
3.375 0.9375
6.53125 0.53125
5.3125 0.03125
5.4375 0.03125
5.5625 0.03125
5.6875 0.03125
2.875 0.9375
2.875 0.0625
1.6875 0.125
1.8125 0.125
6.65625 0.28125
4.53125 0.0625
6.65625 0.78125
6.46875 0.46875
2.5625 0.875
2.4375 0.125
2.0625 0.875
4.1875 0.03125
4.34375 0.125
4.3125 0.59375
4.40625 0.25
4.40625 0.1875
4.34375 0.1875
4.046875 0.515625
4.34375 0.4375
4.53125 0.5
4.59375 0.5
4.6875 0.53125
4.875 0.59375
5.1875 0.34375
1.375 0.3125
1.5625 0.5
6.59375 0.90625
7 0.3125
4.5625 0.59375
0.09375 0.46875
4.00390625 0.046875
7.125 0.5625
4.375 0.65625
4.3125 0.65625
6.46875 0.09375
4.1875 0.21875
7.84375 0.90625
7.1875 0.25
4.3125 0.40625
4.96875 0.5625
1.125 0.6875
0.09375 0.71875
7.875 0.6875
7.875 0.3125
7.1875 0.75
4.0625 0.59375
5.375 0.40625
6.46875 0.90625
1.25 0.1875
0.25 0.3125
4.375 0.84375
5.8125 0.03125
2.1875 0.25
4.875 0.15625
4.25 0.78125
4.078125 0.765625
5.59375 0.375
3.25 0.0625
3.25 0.9375
2.3125 0.75
2.6875 0.25
4.65625 0.8125
5.3125 0.96875
4.1875 0.96875
6.375 0.6875
4.9375 0.15625
5.5625 0.53125
7.125 0.1875
4.78125 0.1875
3.375 0.0625
5.8125 0.96875
5.5625 0.34375
5.5 0.34375
0.75 0.3125
3.75 0.0625
0.75 0.6875
6.34375 0.90625
6.34375 0.53125
0.625 0.8125
4.25 0.03125
4.34375 0.0625
4.28125 0.0625
4.00390625 0.078125
6.34375 0.15625
6.21875 0.34375
1 0.5625
6.875 0.8125
0.875 0.3125
7.84375 0.09375
4.03125 0.359375
7.125 0.8125
3.9921875 0.7265625
4.09375 1
0.21875 0.46875
4.65625 0.3125
4.71875 0.6875
4.71875 0.625
4.0625 0.40625
5.25 0.96875
5 0.96875
5.0625 0.90625
7 0.5625
4.40625 0.6875
6.46875 0.59375
5.25 0.03125
5.5 0.03125
3 0.9375
2.5 0.9375
2.6875 0.875
2.1875 0.875
2.5 0.0625
2.3125 0.125
2.6875 0.125
2.5625 0.125
3 0.0625
1.8125 0.25
6.53125 0.34375
4.71875 0.5625
5.21875 0.5
4.5 0.21875
4.40625 0.125
4 0.53125
4.015625 0.484375
4.40625 0.375
5.09375 0.375
5.15625 0.375
0 0.4375
0.03125 0.53125
4.00390625 0.0546875
4.00390625 0.0390625
7.90625 0.96875
8 0.0625
7 0.6875
7.1875 0.625
0.5 0.3125
2.3125 0.25
5.75 0.96875
4.00390625 0.0859375
4.00390625 0.0703125
1.375 0.6875
4.375 0.46875
4.75 0.28125
4.5 0.71875
0.875 0.5625
4.75 0.59375
4.8125 0.59375
6.40625 0.40625
3.96875 0.53125
5.3125 0.53125
5.9375 0.96875
3.99609375 0.83203125
3.998046875 0.978515625
3.9375 0.5
3.99609375 0.08203125
4 0.46875
3.99609375 0.05078125
3.99609375 0.80078125
3.998046875 0.962890625
3.9990234375 0.9970703125
3.96875 0.46875
2.125 0.5625
4.84375 0.1875
6.71875 0.78125
4.25 0.65625
3.5 0.9375
5.09375 0.125
5.15625 0.125
4.53125 0.5625
4.9375 0.59375
1.9375 0.375
1.5 0.5625
7.0625 0.375
6.78125 0.09375
2.8125 0.25
2.1875 0.75
5.75 0.03125
2.8125 0.75
2.6875 0.75
3.5 0.0625
4.00390625 0.1015625
4.001953125 0.00390625
6.59375 0.15625
8 0.9375
3.99609375 0.76953125
4.046875 1
4.03125 0.953125
4.140625 0.171875
5.65625 0.5
5.59375 0.5
4.59375 0.0625
0.21875 0.21875
0.15625 0.21875
5.34375 0.5625
3.984375 0.359375
5.78125 0.5
5.65625 0.375
5.5 0.53125
0.03125 0.984375
0.0234375 0.0078125
3.9921875 0.2734375
4.0078125 0.28125
4.0078125 0.71875
3.984375 0.640625
4.015625 0.625
4.046875 0.734375
7.90625 0.03125
3.9921875 0.2421875
4.0078125 0.25
3.99609375 0.81640625
3.99609375 0.82421875
3.99609375 0.83984375
3.99609375 0.84765625
3.998046875 0.970703125
3.998046875 0.974609375
3.998046875 0.982421875
3.99609375 0.05859375
4.00390625 0.0625
3.99609375 0.04296875
3.99609375 0.03515625
3.99609375 0.78515625
3.99609375 0.79296875
3.99609375 0.80859375
3.99609375 0.07421875
3.99609375 0.06640625
5.875 0.96875
0.21875 0.59375
3.9921875 0.84375
3.9921875 0.78125
3.9921875 0.8125
3.99609375 0.96875
3.9921875 0.0625
3.998046875 0.966796875
3.99609375 0.08984375
4.00390625 0.09375
3.99609375 0.77734375
3.99609375 0.09765625
3.998046875 0.001953125
4.001953125 0
0 0.984375
0 0.015625
3.9921875 0.09375
3.99609375 0
3.9921875 0.046875
3.9921875 0.796875
3.984375 0.28125
3.984375 0.71875
7.9375 1
7.9375 0
3.9921875 0.828125
3.99609375 0.9765625
3.9921875 0.078125
3.99609375 0.9609375
3.998046875 0.99609375
3.9921875 0.765625
4.15625 0.0625
4.171875 0.078125
4.140625 0.078125
5.09375 0.6875
5.078125 0.671875
5.109375 0.671875
4.046875 0.828125
4.0625 0.828125
4.046875 0.84375
3.90625 0.9375
3.921875 0.953125
3.890625 0.953125
0.90625 0.65625
0.9375 0.65625
0.90625 0.6875
0.28125 0.15625
0.3125 0.15625
0.28125 0.1875
5.125 0.21875
5.109375 0.203125
5.140625 0.203125
0.15625 0.09375
0.125 0.09375
0.15625 0.0625
0.53125 0.15625
0.5625 0.15625
0.53125 0.1875
6.40625 0.71875
6.375 0.71875
6.40625 0.6875
5.21875 0.9375
5.203125 0.921875
5.234375 0.921875
6.40625 0.21875
6.375 0.21875
6.40625 0.1875
5.84375 0.53125
5.875 0.53125
5.84375 0.5625
0.9375 0.875
0.90625 0.84375
0.96875 0.84375
0.9375 0.375
0.90625 0.34375
0.96875 0.34375
7.4375 0.75
7.46875 0.78125
7.40625 0.78125
5.3125 0.65625
5.296875 0.640625
5.328125 0.640625
5.25 0.71875
5.234375 0.703125
5.265625 0.703125
3.5625 0.125
3.59375 0.15625
3.53125 0.15625
6.21875 0.09375
6.21875 0.125
6.1875 0.09375
1.9375 0.125
1.90625 0.09375
1.96875 0.09375
4.328125 0.234375
4.328125 0.21875
4.34375 0.234375
1.0625 0.375
1.09375 0.40625
1.03125 0.40625
4.359375 0.328125
4.359375 0.34375
4.34375 0.328125
5.0625 0.46875
5.078125 0.484375
5.046875 0.484375
1.40625 0.46875
1.375 0.46875
1.40625 0.4375
0.40625 0.46875
0.40625 0.4375
0.4375 0.46875
0.15625 0.53125
0.1875 0.53125
0.15625 0.5625
7.1875 0.5
7.21875 0.53125
7.15625 0.53125
7.5625 0.125
7.59375 0.15625
7.53125 0.15625
5.96875 0.46875
5.96875 0.5
5.9375 0.46875
6.90625 0.03125
6.90625 0
6.9375 0.03125
4.59375 1
4.578125 0.984375
4.609375 0.984375
4.40625 0.75
4.390625 0.734375
4.421875 0.734375
4.234375 0.828125
4.234375 0.84375
4.21875 0.828125
5.0625 0.28125
5.046875 0.265625
5.078125 0.265625
6.84375 0.28125
6.875 0.28125
6.84375 0.3125
4.59375 0.9375
4.578125 0.921875
4.609375 0.921875
0.1875 1
0.15625 0.96875
0.21875 0.96875
0.6875 0.125
0.71875 0.15625
0.65625 0.15625
0.8125 0.125
0.84375 0.15625
0.78125 0.15625
0.09375 0.09375
0.09375 0.0625
0.09375 0.15625
0.0625 0.15625
0.09375 0.125
7.1875 1
7.15625 0.96875
7.21875 0.96875
0.46875 0.40625
0.46875 0.4375
0.4375 0.40625
0.5625 0.25
0.53125 0.21875
0.59375 0.21875
4.65625 0.375
4.640625 0.359375
4.671875 0.359375
0.9375 0.75
0.96875 0.78125
0.90625 0.78125
4.71875 0.5
4.734375 0.515625
4.703125 0.515625
1.46875 0.15625
1.5 0.15625
1.46875 0.1875
5.96875 0.4375
6 0.46875
0.40625 0.78125
0.40625 0.75
0.4375 0.78125
5.46875 0.3125
5.453125 0.296875
5.484375 0.296875
7.625 0.9375
7.65625 0.96875
7.59375 0.96875
7.4375 0.25
7.40625 0.21875
7.46875 0.21875
0.46875 0.15625
0.46875 0.1875
0.4375 0.15625
0.96875 0.90625
0.90625 0.90625
0.125 0.15625
0.09375 0.1875
7.625 0.0625
7.59375 0.03125
7.65625 0.03125
4.65625 0.25
4.671875 0.265625
4.640625 0.265625
4.71875 1
4.703125 0.984375
4.734375 0.984375
4.84375 0
4.859375 0.015625
4.828125 0.015625
4.96875 0
4.984375 0.015625
4.953125 0.015625
6.03125 1
6.015625 0.984375
6.046875 0.984375
4.515625 0.015625
4.515625 0
4.53125 0.015625
5.265625 0.734375
5.234375 0.734375
6.40625 0.65625
6.40625 0.625
6.4375 0.65625
4.59375 0.75
4.578125 0.734375
4.609375 0.734375
4.53125 0.75
4.515625 0.734375
4.546875 0.734375
4.71875 0
4.734375 0.015625
4.703125 0.015625
5.09375 0.4375
5.078125 0.421875
5.109375 0.421875
1.03125 0.03125
1.03125 0
1.0625 0.03125
2.1875 0.375
2.15625 0.34375
2.21875 0.34375
4.84375 1
4.828125 0.984375
4.859375 0.984375
6.78125 0.28125
6.78125 0.25
6.8125 0.28125
4.640625 0.234375
4.671875 0.234375
1.1875 0.125
1.15625 0.09375
1.21875 0.09375
4.609375 0.765625
4.578125 0.765625
4.46875 0.125
4.484375 0.140625
4.453125 0.140625
0.96875 0.40625
0.90625 0.40625
1.9375 0.25
1.96875 0.28125
1.90625 0.28125
5.21875 0.75
5.234375 0.765625
5.203125 0.765625
0.59375 0.28125
0.625 0.28125
0.59375 0.3125
0.875 0.65625
0.90625 0.625
4.40625 0.3125
4.390625 0.296875
4.421875 0.296875
5.140625 0.234375
5.109375 0.234375
4.84375 0.25
4.828125 0.234375
4.859375 0.234375
4.78125 0.25
4.765625 0.234375
4.796875 0.234375
1.03125 0.65625
1 0.65625
1.03125 0.625
5.59375 1
5.578125 0.984375
5.609375 0.984375
4.265625 0.578125
4.265625 0.59375
4.25 0.578125
4.296875 0.609375
4.296875 0.625
4.28125 0.609375
4.265625 0.609375
4.265625 0.625
4.25 0.609375
1.03125 0.34375
1 0.34375
1.03125 0.3125
4.265625 0.265625
4.265625 0.28125
4.25 0.265625
4.28125 0.25
4.296875 0.265625
5.15625 0.1875
5.140625 0.171875
5.171875 0.171875
4.90625 0.5
4.921875 0.515625
4.890625 0.515625
5.28125 0.3125
5.265625 0.296875
5.296875 0.296875
1.9375 0.5
1.90625 0.46875
1.96875 0.46875
5.15625 0.25
5.171875 0.265625
5.140625 0.265625
5.1875 0.28125
5.203125 0.296875
5.171875 0.296875
4.234375 0.609375
4.234375 0.59375
4.234375 0.578125
4.234375 0.5625
4.65625 0.125
4.671875 0.140625
4.640625 0.140625
4.71875 0.125
4.734375 0.140625
4.703125 0.140625
2.8125 0.375
2.78125 0.34375
2.84375 0.34375
2.6875 0.375
2.65625 0.34375
2.71875 0.34375
2.3125 0.625
2.34375 0.65625
2.28125 0.65625
5.90625 0
5.921875 0.015625
5.890625 0.015625
2.6875 0.625
2.71875 0.65625
2.65625 0.65625
2.8125 0.625
2.84375 0.65625
2.78125 0.65625
7.15625 0.03125
7.15625 0
7.1875 0.03125
7.21875 0.03125
7.21875 0
7.25 0.03125
5.03125 0.25
5.015625 0.265625
5.078125 0.296875
5.046875 0.296875
0.96875 0.65625
0.96875 0.6875
0.84375 0.65625
0.84375 0.6875
4.421875 0.328125
4.390625 0.328125
5.015625 0.234375
5.046875 0.234375
4.84375 0.5625
4.828125 0.546875
4.859375 0.546875
4.109375 0.109375
4.109375 0.125
4.09375 0.109375
6.90625 0.90625
6.90625 0.9375
6.875 0.90625
5.34375 0.25
5.359375 0.265625
5.328125 0.265625
1.5625 0.625
1.53125 0.59375
1.59375 0.59375
1.96875 0.53125
1.90625 0.53125
4.53125 0.8125
4.515625 0.796875
4.546875 0.796875
4.109375 0.703125
4.109375 0.71875
4.09375 0.703125
4.65625 0.875
4.640625 0.859375
4.671875 0.859375
5.4375 0.34375
5.421875 0.328125
5.453125 0.328125
4.234375 0.171875
4.234375 0.1875
4.21875 0.171875
0.34375 0.15625
0.34375 0.125
4.296875 0.828125
4.296875 0.8125
4.3125 0.828125
0.40625 0.65625
0.40625 0.6875
0.375 0.65625
4.71875 0.875
4.734375 0.890625
4.703125 0.890625
0.15625 0.15625
0.15625 0.125
0.1875 0.15625
5.34375 0.625
5.359375 0.640625
5.328125 0.671875
5.296875 0.671875
4.53125 0.125
4.515625 0.109375
4.546875 0.109375
0.15625 0.1875
4.265625 0.203125
4.25 0.203125
4.265625 0.1875
4.609375 0.265625
4.59375 0.265625
4.609375 0.25
4.546875 0.328125
4.53125 0.328125
4.546875 0.3125
4.515625 0.265625
4.5 0.265625
4.515625 0.25
5.375 0.59375
5.390625 0.609375
5.359375 0.609375
5.03125 0.5
5.015625 0.484375
5.046875 0.453125
5.078125 0.453125
1.40625 0.28125
1.40625 0.25
1.4375 0.28125
1.53125 0.65625
1.53125 0.6875
1.5 0.65625
4.578125 0.234375
4.59375 0.234375
4.578125 0.25
7.09375 0.46875
7.09375 0.5
7.0625 0.46875
7.03125 0.46875
7.03125 0.5
7 0.46875
1.46875 0.71875
1.46875 0.6875
1.5 0.71875
1.46875 0.65625
1.46875 0.625
1.46875 0.21875
1.46875 0.25
1.4375 0.21875
2.9375 0.5
2.90625 0.46875
2.96875 0.46875
2.875 0.4375
2.84375 0.40625
2.90625 0.40625
4.296875 0.921875
4.296875 0.90625
4.3125 0.921875
2.96875 0.53125
2.90625 0.53125
2.875 0.5625
2.90625 0.59375
2.84375 0.59375
4.328125 0.828125
4.328125 0.84375
4.265625 0.828125
4.265625 0.84375
4.25 0.828125
4.421875 0.984375
4.421875 1
4.40625 0.984375
4.265625 0.890625
4.265625 0.90625
4.25 0.890625
4.359375 0.984375
4.359375 1
4.34375 0.984375
4.484375 0.859375
4.484375 0.84375
4.5 0.859375
4.484375 0.828125
4.484375 0.8125
4.5 0.828125
4.234375 0.921875
4.234375 0.90625
4.25 0.921875
4.234375 0.890625
4.234375 0.875
4.515625 0.828125
4.515625 0.84375
4.234375 0.859375
4.25 0.859375
4.234375 0.8125
5.4375 0.65625
5.453125 0.671875
5.421875 0.671875
6.28125 1
6.265625 0.984375
6.296875 0.984375
4.578125 0.328125
4.578125 0.3125
4.59375 0.328125
5.03125 0.6875
5.046875 0.703125
5.015625 0.703125
4.046875 0.234375
4.046875 0.21875
4.0625 0.234375
6.96875 0.46875
6.96875 0.4375
5.8125 0.53125
5.84375 0.5
4.84375 0.875
4.828125 0.859375
4.859375 0.859375
4.78125 0.875
4.765625 0.859375
4.796875 0.859375
4.96875 0.375
4.953125 0.359375
4.984375 0.359375
4.59375 0.4375
4.609375 0.453125
4.578125 0.453125
4.53125 0.9375
4.515625 0.921875
4.546875 0.921875
4.96875 0.625
4.984375 0.640625
4.953125 0.640625
0.0625 0.09375
4.640625 0.328125
4.640625 0.34375
4.625 0.328125
4.609375 0.484375
4.609375 0.46875
4.625 0.484375
3.0625 0.75
3.03125 0.71875
3.09375 0.71875
4.734375 0.421875
4.734375 0.4375
4.71875 0.421875
3.375 0.8125
3.40625 0.84375
3.34375 0.84375
6.96875 0.28125
6.9375 0.28125
6.96875 0.25
6.90625 0.28125
6.90625 0.25
4.328125 0.703125
4.328125 0.71875
4.3125 0.703125
5.875 0.46875
5.890625 0.484375
5.859375 0.484375
7.03125 0.15625
7 0.15625
7.03125 0.125
3.4375 0.5
3.46875 0.53125
3.40625 0.53125
3.125 0.8125
3.15625 0.84375
3.09375 0.84375
6.03125 0
6.046875 0.015625
6.015625 0.015625
6.15625 0
6.171875 0.015625
6.140625 0.015625
5.65625 1
5.640625 0.984375
5.671875 0.984375
1.15625 0.46875
1.15625 0.5
1.125 0.46875
0.125 0.53125
0.15625 0.5
7.28125 0.21875
7.25 0.21875
7.28125 0.1875
2.625 0.4375
2.59375 0.40625
2.65625 0.40625
5.8125 0.59375
5.796875 0.578125
5.828125 0.578125
5.65625 0.625
5.640625 0.609375
5.671875 0.609375
2.625 0.5625
2.65625 0.59375
2.59375 0.59375
4.921875 0.421875
4.921875 0.40625
4.9375 0.421875
3.375 0.1875
3.34375 0.15625
3.40625 0.15625
3.0625 0.25
3.09375 0.28125
3.03125 0.28125
3.125 0.1875
3.09375 0.15625
3.15625 0.15625
7.03125 0.84375
7.03125 0.875
7 0.84375
1.03125 0.84375
1.03125 0.875
1 0.84375
3.40625 0.46875
3.46875 0.46875
0.40625 0.15625
0.40625 0.125
1.34375 0.46875
1.34375 0.5
4.671875 0.390625
4.640625 0.390625
6.90625 0.21875
6.9375 0.21875
1.0625 0.75
1.09375 0.78125
1.03125 0.78125
0.625 0.1875
0.59375 0.15625
5.34375 0.875
5.328125 0.859375
5.359375 0.859375
4.71875 0.0625
4.734375 0.078125
4.703125 0.078125
7.15625 0.46875
7.21875 0.46875
7.3125 0.75
7.34375 0.78125
7.28125 0.78125
4.96875 0.5
4.953125 0.484375
4.984375 0.484375
5.015625 0.671875
5.046875 0.671875
5.28125 0.75
5.296875 0.765625
5.265625 0.765625
4.390625 0.703125
4.390625 0.71875
4.375 0.703125
3.5625 0.875
3.53125 0.84375
3.59375 0.84375
4.953125 0.609375
4.984375 0.609375
6.90625 0.09375
6.875 0.09375
6.90625 0.0625
0.96875 0.8125
2.3125 0.875
2.28125 0.84375
2.34375 0.84375
1.4375 0.375
1.46875 0.40625
1.40625 0.40625
1.09375 0.46875
1.09375 0.4375
5.40625 0.3125
5.390625 0.296875
5.421875 0.296875
3.625 0.4375
3.59375 0.40625
3.65625 0.40625
6.15625 1
6.140625 0.984375
6.171875 0.984375
0.40625 0.5
0.375 0.46875
4.140625 0.890625
4.140625 0.875
4.15625 0.890625
6.40625 1
6.390625 0.984375
6.421875 0.984375
6.40625 0
6.421875 0.015625
6.390625 0.015625
4 0.3046875
4.00390625 0.30078125
4.00390625 0.30859375
4 0.2890625
4.00390625 0.28515625
4.00390625 0.29296875
0.46875 0.375
0.5 0.40625
3.625 0.5625
3.65625 0.59375
3.59375 0.59375
0.53125 0.78125
0.53125 0.8125
0.5 0.78125
0.84375 0.59375
0.84375 0.625
0.8125 0.59375
4.001953125 0.955078125
4.001953125 0.95703125
4 0.955078125
4.001953125 0.958984375
4.001953125 0.9609375
4 0.958984375
4.0009765625 0.9951171875
4.0009765625 0.99609375
4 0.9951171875
4.140625 0.921875
4.140625 0.9375
4.125 0.921875
4.00390625 0.75390625
4.00390625 0.7578125
4 0.75390625
4.00390625 0.76171875
4.00390625 0.765625
4 0.76171875
4.001953125 0.939453125
4.001953125 0.94140625
4 0.939453125
4.001953125 0.943359375
4.001953125 0.9453125
4 0.943359375
4.001953125 0.947265625
4.001953125 0.94921875
4 0.947265625
4.001953125 0.951171875
4.001953125 0.953125
4 0.951171875
4.001953125 0.923828125
4.001953125 0.92578125
4 0.923828125
4.001953125 0.927734375
4.001953125 0.9296875
4 0.927734375
4.001953125 0.931640625
4.001953125 0.93359375
4 0.931640625
4.001953125 0.935546875
4.001953125 0.9375
4 0.935546875
4 0.12109375
4.001953125 0.119140625
4.001953125 0.123046875
4 0.11328125
4.001953125 0.111328125
4.001953125 0.115234375
4 0.10546875
4.001953125 0.103515625
4.001953125 0.107421875
4 0.15234375
4.001953125 0.150390625
4.001953125 0.154296875
4 0.14453125
4.001953125 0.142578125
4.001953125 0.146484375
4 0.13671875
4.001953125 0.134765625
4.001953125 0.138671875
4 0.12890625
4.001953125 0.126953125
4.001953125 0.130859375
4 0.005859375
4.0009765625 0.0048828125
4.0009765625 0.0068359375
4 0.3203125
4.00390625 0.31640625
4.00390625 0.32421875
4.001953125 0.908203125
4.001953125 0.91015625
4 0.908203125
4.001953125 0.912109375
4.001953125 0.9140625
4 0.912109375
4.001953125 0.916015625
4.001953125 0.91796875
4 0.916015625
4.001953125 0.919921875
4.001953125 0.921875
4 0.919921875
4 0.16796875
4.001953125 0.166015625
4.001953125 0.169921875
4 0.16015625
4.001953125 0.158203125
4.001953125 0.162109375
4.00390625 0.25390625
4.00390625 0.2578125
4 0.25390625
4.00390625 0.26171875
4.00390625 0.265625
4 0.26171875
4.00390625 0.74609375
4 0.74609375
4.00390625 0.7421875
4.00390625 0.73828125
4 0.73828125
4.00390625 0.734375
4 0.6796875
4.00390625 0.67578125
4.00390625 0.68359375
4 0.7109375
4.00390625 0.70703125
4.00390625 0.71484375
4 0.6953125
4.00390625 0.69140625
4.00390625 0.69921875
4.78125 0.125
4.796875 0.140625
4.765625 0.140625
5.09375 0.0625
5.109375 0.078125
5.078125 0.078125
6.03125 0.78125
6.03125 0.8125
6 0.78125
4.21875 0.125
4.203125 0.109375
4.234375 0.109375
5.09375 0.3125
5.109375 0.328125
5.078125 0.328125
0.34375 0.46875
0.34375 0.4375
0.03125 0.15625
0.03125 0.1875
0 0.15625
0.53125 0.40625
0.53125 0.4375
4.265625 0.078125
4.265625 0.09375
4.25 0.078125
6.78125 0.53125
6.78125 0.5625
6.75 0.53125
6.78125 0.90625
6.78125 0.9375
6.75 0.90625
0.015625 0.953125
0.015625 0.96875
0 0.953125
5.03125 0.875
5.046875 0.890625
5.015625 0.890625
7.5625 0.875
7.53125 0.84375
7.59375 0.84375
7.40625 0.71875
7.46875 0.71875
4 0.009765625
4.0009765625 0.0087890625
4.0009765625 0.0107421875
4 0.17578125
4.001953125 0.173828125
4.001953125 0.177734375
4.00048828125 0.99951171875
4.00048828125 1
4 0.99951171875
6.84375 0.25
3.90625 0.0625
3.890625 0.046875
3.921875 0.046875
6.90625 0.15625
6.90625 0.1875
6.875 0.15625
6.4375 0.71875
6.40625 0.75
6.71875 0.46875
6.71875 0.4375
6.75 0.46875
6.84375 0.84375
6.84375 0.8125
6.875 0.84375
6.375 0.65625
0.59375 0.34375
3.125 0.6875
4.5625 0.34375
3.3125 0.125
4.1875 0.09375
4.5625 0.90625
5.0625 0.65625
4.703125 0.421875
3.6875 0.625
4.203125 0.171875
4.078125 0.828125
4.140625 0.953125
6.71875 0.90625
7.625 0.8125
3.90625 0.90625
3.875 0.96875
0.90625 0.71875
0.28125 0.21875
1.125 0.8125
5.875 0.03125
5.09375 0.1875
4.8125 0.84375
0.46875 0.34375
4.875 0.53125
6.125 0.03125
6.375 0.03125
5.1875 0.90625
5.25 0.90625
4.328125 0.734375
7.125 0.4375
0.40625 0.71875
4.234375 0.796875
5.625 0.96875
5.46875 0.6875
0.875 0.8125
1.03125 0.90625
7.5 0.8125
7.375 0.8125
3.375 0.5625
6.1875 0.96875
6.0625 0.96875
0.21875 0.15625
2.25 0.8125
4.546875 0.015625
5.28125 0.625
5.21875 0.6875
5.28125 0.6875
6.0625 0.03125
6.1875 0.03125
5.6875 0.96875
3.5 0.1875
4.6875 0.09375
0.375 0.1875
5.0625 0.09375
3.90625 0.09375
4.234375 0.203125
4.25 0.15625
4.328125 0.203125
4.359375 0.234375
7.3125 0.25
1 0.4375
1.03125 0.28125
4.265625 0.296875
4.4375 0.28125
4.359375 0.359375
4.328125 0.328125
4.578125 0.265625
4.515625 0.328125
5.09375 0.5
1.5 0.4375
1.46875 0.28125
1.09375 0.03125
1.53125 0.71875
4.609375 0.234375
0.09375 0.53125
1.46875 0.59375
4.234375 0.546875
1.40625 0.21875
5.1875 0.15625
0.40625 0.40625
0.46875 0.46875
4.5625 0.46875
5.4375 0.28125
6.96875 0.40625
7.03125 0.90625
0.21875 0.53125
0.15625 0.59375
7.625 0.1875
7.5 0.1875
7.28125 0.15625
5.3125 0.28125
4.046875 0.203125
4.296875 0.890625
5.6875 0.59375
5.9375 0.03125
2.625 0.6875
5 0.46875
4.921875 0.390625
5 0.65625
5.25 0.78125
4.328125 0.859375
4.265625 0.859375
4.390625 0.984375
4.265625 0.921875
4.328125 0.984375
6.84375 0.09375
6.96875 0.15625
4.171875 0.890625
4.515625 0.859375
2.875 0.3125
4.9375 0.34375
4.5625 0.78125
4.875 0.84375
3.125 0.3125
4.9375 0.46875
5.0625 0.34375
5.3125 0.78125
4.203125 0.828125
4.5 0.90625
3 0.4375
5.09375 0.25
3.4375 0.875
6.84375 0.34375
6.96875 0.21875
5 0.28125
4.875 0.21875
4.75 0.40625
3.5625 0.375
6.4375 0.96875
6.3125 0.96875
4.625 0.40625
6.4375 0.03125
4.00390625 0.109375
4.00390625 0.171875
4.00390625 0.140625
4.0078125 0.296875
4.001953125 0.0078125
1.53125 0.15625
0.53125 0.84375
0.46875 0.78125
0.40625 0.53125
7.375 0.6875
3.375 0.4375
5.5 0.28125
6.90625 0.84375
7.6875 1
7.5625 1
3.5 0.4375
0.46875 0.21875
0.78125 0.59375
3.9921875 0.2890625
7.5625 0
7.6875 0
4.625 0.28125
6 0.96875
5.0625 0.40625
2.125 0.3125
6.71875 0.40625
0.34375 0.40625
5.375 0.84375
4.296875 0.703125
6.78125 0.59375
4.609375 0.328125
0.34375 0.09375
4.4375 0.15625
1.875 0.3125
0.90625 0.59375
4.109375 0.140625
1.03125 0.59375
4.296875 0.640625
4.265625 0.640625
4.234375 0.265625
1.15625 0.53125
5.125 0.28125
4.75 0.15625
2.625 0.3125
2.375 0.6875
2.875 0.6875
7.28125 0.03125
4.00390625 0.1171875
4.00390625 0.1484375
4.00390625 0.1328125
4.001953125 0.01171875
6.84375 0.90625
0.96875 0.71875
5 0.21875
5.0625 0.21875
4.8125 0.53125
4.484375 0.796875
6.84375 0.15625
5.375 0.28125
3.5 0.8125
4.109375 0.734375
4.078125 0.703125
6 0.03125
3.998046875 0.947265625
3.998046875 0.931640625
3.99609375 0.11328125
3.99609375 0.14453125
3.998046875 0.009765625
4.328125 0.921875
4.546875 0.296875
4.078125 0.234375
4.296875 0.796875
0.34375 0.65625
5.375 0.65625
4.265625 0.171875
4.484375 0.265625
4.515625 0.234375
5.40625 0.625
7.09375 0.53125
7.03125 0.53125
4.0078125 0.328125
3 0.5625
4.21875 0.9375
6.25 0.96875
4.640625 0.484375
4.00390625 0.1796875
4.00390625 0.1640625
4.0078125 0.671875
4.578125 0.296875
5.78125 0.5625
4.265625 0.109375
3.998046875 0.916015625
4.0078125 0.703125
3.99609375 0.17578125
3.99609375 0.73828125
4.359375 0.703125
4.734375 0.453125
3.3125 0.875
3.84375 0.96875
4.953125 0.421875
5.90625 0.5
7.03125 0.09375
3.5 0.5625
0.15625 0.46875
7.21875 0.21875
5.625 0.59375
3.4375 0.125
6.96875 0.84375
0.40625 0.09375
1.34375 0.53125
3.875 0.03125
3.6875 0.375
6.125 0.96875
6.375 0.96875
3.9921875 0.3046875
4.0078125 0.3125
3.5625 0.625
4.234375 0.078125
3.998046875 0.955078125
3.998046875 0.958984375
3.9990234375 0.9951171875
4.109375 0.921875
4.0078125 0.75
3.99609375 0.75390625
3.99609375 0.76171875
3.998046875 0.939453125
3.998046875 0.943359375
3.998046875 0.951171875
3.998046875 0.923828125
3.998046875 0.927734375
3.998046875 0.935546875
3.99609375 0.12109375
4.00390625 0.125
3.99609375 0.10546875
3.99609375 0.15234375
4.00390625 0.15625
3.99609375 0.13671875
3.99609375 0.12890625
3.998046875 0.005859375
3.9921875 0.3203125
3.998046875 0.908203125
3.998046875 0.912109375
3.998046875 0.919921875
3.99609375 0.16796875
3.99609375 0.16015625
3.99609375 0.25390625
3.99609375 0.26171875
3.99609375 0.74609375
3.9921875 0.6796875
4.0078125 0.6875
3.9921875 0.7109375
3.9921875 0.6953125
3.984375 0.3125
3.984375 0.6875
3.99609375 0.953125
3.9921875 0.15625
3.99609375 0.921875
3.9921875 0.75
3.99609375 0.9375
3.9921875 0.125
3.99609375 0.90625
3.9921875 0.25
3.99951171875 0.99951171875
3.9990234375 1
4.375 0.21875
3.9921875 0.171875
3.99609375 0.9296875
3.9921875 0.109375
3.99609375 0.9453125
3.9921875 0.140625
3.99609375 0.0078125
3.99609375 0.9140625
3.9921875 0.265625
3.9921875 0.734375
3.84375 0.03125
6.78125 0.34375
6.8125 0.34375
6.78125 0.375
4.296875 0.171875
4.296875 0.1875
4.28125 0.171875
4.546875 0.640625
4.5625 0.640625
4.546875 0.65625
4.96875 0.8125
4.984375 0.828125
4.953125 0.828125
5.84375 0.9375
5.828125 0.921875
5.859375 0.921875
0.90625 0.21875
0.875 0.21875
0.90625 0.1875
6.59375 0.78125
6.625 0.78125
6.59375 0.8125
0.78125 0.09375
0.75 0.09375
0.78125 0.0625
4.734375 0.328125
4.75 0.328125
4.734375 0.34375
1.21875 0.40625
1.21875 0.4375
1.1875 0.40625
1.46875 0.84375
1.4375 0.84375
1.46875 0.8125
4.46875 0.9375
4.453125 0.921875
4.484375 0.921875
4.0390625 0.9921875
4.03125 0.9921875
4.0390625 0.984375
4.96875 0.1875
4.953125 0.171875
4.984375 0.171875
0.65625 0.46875
0.65625 0.4375
0.6875 0.46875
0.96875 0.09375
0.96875 0.125
0.9375 0.09375
3.375 0.6875
3.40625 0.71875
3.34375 0.71875
5.53125 0.0625
5.546875 0.078125
5.515625 0.078125
5.21875 0.5625
5.234375 0.578125
5.203125 0.578125
5.53125 0.8125
5.546875 0.828125
5.515625 0.828125
1.65625 0.21875
1.625 0.21875
1.65625 0.1875
4.84375 0.6875
4.828125 0.671875
4.859375 0.671875
2.15625 0.21875
2.125 0.21875
2.15625 0.1875
4.484375 0.359375
4.46875 0.359375
4.484375 0.34375
1.15625 0.28125
1.15625 0.25
1.1875 0.28125
4.515625 0.390625
4.53125 0.390625
4.515625 0.40625
1.21875 0.15625
1.25 0.15625
1.21875 0.1875
1.65625 0.71875
1.65625 0.6875
1.6875 0.71875
7.03125 0.34375
7 0.34375
7.03125 0.3125
4.515625 0.546875
4.5 0.546875
4.515625 0.53125
4.515625 0.609375
4.515625 0.59375
4.53125 0.609375
4.0234375 0.0390625
4.015625 0.0390625
4.0234375 0.03125
4.421875 0.390625
4.4375 0.390625
4.421875 0.40625
1.15625 0.21875
1.15625 0.1875
1.1875 0.21875
0.03125 0.40625
0.03125 0.375
0.0625 0.40625
5.46875 0.5625
5.453125 0.546875
5.484375 0.546875
3.953125 0.984375
3.96875 0.984375
3.953125 1
3.953125 0.015625
3.953125 0
3.96875 0.015625
1.65625 0.78125
1.6875 0.78125
1.65625 0.8125
4.140625 0.546875
4.140625 0.53125
4.15625 0.546875
4.359375 0.890625
4.359375 0.90625
4.34375 0.890625
4.953125 0.796875
4.984375 0.796875
4.96875 0.875
4.953125 0.859375
4.984375 0.859375
5.875 0.09375
5.859375 0.078125
5.890625 0.078125
2.03125 0.28125
2.0625 0.28125
2.03125 0.3125
2.40625 0.46875
2.375 0.46875
2.40625 0.4375
2.15625 0.46875
2.15625 0.4375
2.1875 0.46875
5.875 0.40625
5.890625 0.421875
5.859375 0.421875
5.6875 0.65625
5.671875 0.640625
5.703125 0.640625
4.90625 0.8125
4.921875 0.828125
4.890625 0.828125
4.640625 0.765625
4.65625 0.765625
4.640625 0.78125
4.734375 0.796875
4.734375 0.8125
4.71875 0.796875
4.421875 0.890625
4.4375 0.890625
4.421875 0.90625
4.640625 0.953125
4.640625 0.9375
4.65625 0.953125
4.453125 0.890625
4.46875 0.890625
4.453125 0.90625
0.65625 0.90625
0.65625 0.9375
0.625 0.90625
0.15625 0.90625
0.15625 0.9375
0.125 0.90625
1.65625 0.90625
1.65625 0.9375
1.625 0.90625
4.046875 0.640625
4.0625 0.640625
4.046875 0.65625
3.375 0.3125
3.34375 0.28125
3.40625 0.28125
2.1875 0.125
2.15625 0.09375
2.21875 0.09375
5.90625 0.5625
5.921875 0.578125
5.890625 0.578125
4.78125 0.375
4.765625 0.359375
4.796875 0.359375
6.03125 0.1875
6.046875 0.203125
6.015625 0.203125
2.03125 0.84375
2 0.84375
2.03125 0.8125
4.0078125 0.00390625
4.005859375 0.005859375
4.005859375 0.001953125
4.78125 0.6875
4.765625 0.671875
4.796875 0.671875
1.15625 0.90625
1.15625 0.9375
1.125 0.90625
5.09375 0
5.109375 0.015625
5.078125 0.015625
5.34375 0
5.359375 0.015625
5.328125 0.015625
5.46875 0
5.484375 0.015625
5.453125 0.015625
5.59375 0
5.609375 0.015625
5.578125 0.015625
5.59375 0.0625
5.609375 0.078125
5.578125 0.078125
5.625 0.09375
5.640625 0.109375
5.609375 0.109375
4.796875 0.703125
4.765625 0.703125
5.15625 0.625
5.140625 0.609375
5.171875 0.609375
5.203125 0.546875
5.234375 0.546875
5.21875 0.4375
5.234375 0.453125
5.203125 0.453125
4.328125 0.453125
4.328125 0.46875
4.3125 0.453125
1.21875 0.34375
1.21875 0.375
1.1875 0.34375
5.75 0.28125
5.734375 0.265625
5.765625 0.265625
7.75 0.8125
7.78125 0.78125
7.78125 0.84375
6.59375 0.84375
6.59375 0.875
6.5625 0.84375
5.890625 0.109375
5.859375 0.109375
2.3125 0.375
2.28125 0.34375
2.34375 0.34375
5.34375 1
5.328125 0.984375
5.359375 0.984375
4.21875 1
4.203125 0.984375
4.234375 0.984375
5.5625 0.84375
5.578125 0.828125
6.5625 0.78125
6.59375 0.75
2.34375 0.40625
2.28125 0.40625
5.15625 0.4375
5.171875 0.453125
5.140625 0.453125
1.28125 0.40625
1.3125 0.40625
1.28125 0.4375
4.90625 0.0625
4.890625 0.046875
4.921875 0.046875
5.15625 0.9375
5.171875 0.953125
5.140625 0.953125
6.96875 0.65625
7 0.65625
6.96875 0.6875
0.96875 0.15625
0.96875 0.1875
0.9375 0.15625
1.40625 0.78125
1.4375 0.78125
1.40625 0.8125
1.59375 0.21875
1.5625 0.21875
1.59375 0.1875
4.015625 0.546875
4 0.546875
4.015625 0.53125
4.265625 0.421875
4.265625 0.40625
4.28125 0.421875
5.15625 0.875
5.140625 0.859375
5.171875 0.859375
1.15625 0.84375
1.125 0.84375
1.15625 0.8125
2.4375 0.875
2.46875 0.90625
2.40625 0.90625
0.71875 0.40625
0.75 0.40625
0.71875 0.4375
4.515625 0.171875
4.5 0.171875
4.515625 0.15625
4.203125 0.578125
4.203125 0.59375
4.1875 0.578125
4.390625 0.765625
4.390625 0.78125
4.375 0.765625
4.890625 0.921875
4.890625 0.9375
4.875 0.921875
4.453125 0.765625
4.453125 0.75
4.46875 0.765625
4.484375 0.765625
4.484375 0.75
4.5 0.765625
6.28125 0
6.296875 0.015625
6.265625 0.015625
2.4375 0.5
2.46875 0.53125
2.40625 0.53125
4.859375 0.328125
4.859375 0.34375
4.84375 0.328125
5.28125 0.375
5.265625 0.359375
5.296875 0.359375
4.171875 0.234375
4.171875 0.25
4.15625 0.234375
7.96875 0.9375
7.953125 0.921875
7.984375 0.921875
2.0625 0.5
2.03125 0.46875
2.09375 0.46875
2.34375 0.46875
2.3125 0.46875
2.34375 0.4375
4.84375 0.9375
4.828125 0.921875
4.859375 0.921875
5.03125 0.125
5.015625 0.109375
5.046875 0.109375
7.28125 0.34375
7.28125 0.3125
7.3125 0.34375
2.9375 0.75
2.96875 0.78125
2.90625 0.78125
4.515625 0.765625
4.515625 0.78125
4.453125 0.359375
4.4375 0.359375
4.453125 0.34375
5.46875 0.375
5.453125 0.359375
5.484375 0.359375
4.171875 0.203125
4.15625 0.203125
4.171875 0.1875
4.828125 0.796875
4.84375 0.796875
4.828125 0.8125
4.859375 0.796875
4.875 0.796875
4.859375 0.8125
4.953125 0.265625
4.953125 0.28125
4.9375 0.265625
4.984375 0.296875
4.984375 0.3125
4.96875 0.296875
4.921875 0.234375
4.921875 0.21875
4.9375 0.234375
4.921875 0.203125
4.921875 0.1875
4.9375 0.203125
5.59375 0.25
5.609375 0.265625
5.578125 0.265625
5.5625 0.28125
5.578125 0.296875
5.546875 0.296875
4.640625 0.890625
4.640625 0.90625
4.625 0.890625
5.34375 0.125
5.359375 0.140625
5.328125 0.140625
4.453125 0.296875
4.46875 0.296875
4.453125 0.3125
4.484375 0.296875
4.5 0.296875
4.484375 0.3125
4.5 0.359375
4.484375 0.375
4.609375 0.390625
4.59375 0.390625
4.609375 0.375
4.578125 0.390625
4.5625 0.390625
4.578125 0.375
4.546875 0.390625
4.546875 0.375
4.5 0.390625
4.515625 0.375
4.546875 0.203125
4.5625 0.203125
4.546875 0.21875
6.53125 1
6.515625 0.984375
6.546875 0.984375
6.53125 0
6.546875 0.015625
6.515625 0.015625
4.515625 0.578125
4.5 0.578125
4.546875 0.609375
4.546875 0.625
4.296875 0.109375
4.3125 0.109375
4.296875 0.125
4.015625 0.5625
4.0234375 0.5703125
4.0078125 0.5703125
2.8125 0.5
2.78125 0.46875
2.84375 0.46875
4.359375 0.921875
4.375 0.921875
4.359375 0.875
4.375 0.890625
1.78125 0.71875
1.8125 0.71875
1.78125 0.75
1.84375 0.71875
1.875 0.71875
1.84375 0.75
2.09375 0.40625
2.0625 0.40625
2.09375 0.375
2.03125 0.40625
2 0.40625
2.03125 0.375
2.03125 0.34375
2 0.34375
2.84375 0.53125
2.78125 0.53125
4.921875 0.296875
4.921875 0.28125
4.9375 0.296875
4.890625 0.265625
4.890625 0.25
4.90625 0.265625
4.953125 0.203125
4.953125 0.21875
4.390625 0.890625
4.390625 0.90625
4.390625 0.921875
4.390625 0.9375
4.453125 0.953125
4.453125 0.96875
4.4375 0.953125
5.75 0.71875
5.765625 0.734375
5.734375 0.734375
4.671875 0.765625
4.671875 0.75
4 0.421875
4.0078125 0.4140625
4.0078125 0.4296875
4.546875 0.40625
4.65625 0.4375
4.671875 0.453125
4.640625 0.453125
5.09375 0.8125
5.078125 0.796875
5.109375 0.796875
4.046875 0.453125
4.03125 0.453125
4.046875 0.4375
4.96875 0.75
4.953125 0.734375
4.984375 0.734375
4.484375 0.953125
0.015625 0.921875
0.015625 0.90625
0.03125 0.921875
5.34375 0.9375
5.328125 0.921875
5.359375 0.921875
4.109375 0.234375
4.109375 0.21875
4.125 0.234375
0.09375 0.90625
0.09375 0.9375
4.296875 0.140625
4.28125 0.140625
3.3125 0.75
3.34375 0.78125
3.28125 0.78125
3.4375 0.75
3.46875 0.78125
3.40625 0.78125
2.03125 0.78125
2.03125 0.75
2.0625 0.78125
4.890625 0.484375
4.875 0.484375
4.890625 0.46875
5.109375 0.515625
5.125 0.515625
5.109375 0.53125
4.765625 0.109375
4.75 0.109375
4.765625 0.09375
4.0625 0.015625
4.0546875 0.0078125
4.0703125 0.0078125
5.84375 0.4375
5.859375 0.453125
5.828125 0.453125
7.3125 0.5
7.34375 0.53125
7.28125 0.53125
7.375 0.5625
7.40625 0.59375
7.34375 0.59375
3.34375 0.65625
3.40625 0.65625
4.484375 0.171875
4.484375 0.1875
4.765625 0.421875
4.78125 0.421875
4.765625 0.4375
4.796875 0.390625
4.8125 0.390625
4.796875 0.40625
2.46875 0.21875
2.46875 0.25
2.4375 0.21875
5.6875 0.90625
5.703125 0.921875
5.671875 0.921875
5.84375 0.375
5.828125 0.359375
5.859375 0.359375
5.8125 0.34375
5.796875 0.328125
5.828125 0.328125
5.78125 0.375
5.796875 0.390625
5.765625 0.390625
5.8125 0.40625
5.828125 0.421875
5.796875 0.421875
7.375 0.4375
7.34375 0.40625
7.40625 0.40625
4.828125 0.484375
4.8125 0.484375
4.828125 0.46875
4.828125 0.453125
4.8125 0.453125
4.828125 0.4375
2.6875 0.5
2.65625 0.46875
2.71875 0.46875
2.71875 0.53125
2.65625 0.53125
5.859375 0.390625
5.890625 0.390625
5.703125 0.671875
5.671875 0.671875
3.03125 0.03125
3.03125 0
3.0625 0.03125
3.03125 0.96875
3.0625 0.96875
3.03125 1
2.03125 0.59375
2.03125 0.625
2 0.59375
3.4375 0.25
3.40625 0.21875
3.46875 0.21875
3.3125 0.25
3.28125 0.21875
3.34375 0.21875
2.40625 0.78125
2.375 0.78125
2.40625 0.75
5.65625 0.875
5.640625 0.859375
5.671875 0.859375
5.6875 0.84375
5.671875 0.828125
5.703125 0.828125
4.828125 0.421875
4.8125 0.421875
4.828125 0.40625
4.828125 0.390625
4.828125 0.375
4.765625 0.484375
4.75 0.484375
4.765625 0.46875
4.78125 0.484375
4.765625 0.5
4.796875 0.453125
4.796875 0.46875
4.796875 0.484375
4.796875 0.5
4.859375 0.453125
4.875 0.453125
4.859375 0.46875
4.859375 0.484375
4.859375 0.5
6.96875 0.71875
6.96875 0.75
6.9375 0.71875
3.40625 0.34375
3.34375 0.34375
1.28125 0.46875
1.25 0.46875
4.453125 0.078125
4.453125 0.0625
4.46875 0.078125
4.484375 0.078125
4.484375 0.0625
4.5 0.078125
4.765625 0.546875
4.765625 0.5625
4.75 0.546875
4.828125 0.328125
4.828125 0.3125
7.34375 0.34375
7.34375 0.375
5.015625 0.171875
5.015625 0.1875
5 0.171875
6.96875 0.78125
6.9375 0.78125
2.53125 0.65625
2.53125 0.625
2.5625 0.65625
2.09375 0.71875
2.09375 0.75
2.0625 0.71875
5.03125 0.375
5.046875 0.390625
5.015625 0.390625
4.96875 0.0625
4.984375 0.078125
4.953125 0.078125
5.34375 0.0625
5.359375 0.078125
5.328125 0.078125
4.53125 0.1875
4.546875 0.171875
6.34375 0.28125
6.375 0.28125
6.34375 0.3125
2.09375 0.53125
2.03125 0.53125
2.46875 0.46875
5.65625 0.6875
5.640625 0.671875
5.515625 0.796875
5.546875 0.796875
5.46875 0.75
5.453125 0.734375
5.484375 0.734375
7.75 0.1875
7.78125 0.15625
7.78125 0.21875
4.96875 0.125
4.953125 0.109375
4.984375 0.109375
6.34375 0.40625
6.3125 0.40625
6.34375 0.375
2.9375 0.25
2.90625 0.21875
2.96875 0.21875
2.15625 0.78125
2.15625 0.8125
2.125 0.78125
4.984375 0.15625
2.53125 0.34375
2.5625 0.34375
2.53125 0.375
7.75 0.3125
7.78125 0.28125
7.78125 0.34375
1.71875 0.78125
1.75 0.78125
1.71875 0.8125
4.421875 0.546875
4.421875 0.5625
4.40625 0.546875
4.0234375 0.984375
4.01953125 0.98828125
4.01953125 0.98046875
5.90625 0.875
5.890625 0.859375
5.921875 0.859375
1.46875 0.78125
1.5 0.78125
0.65625 0.40625
0.625 0.40625
0.71875 0.46875
0.71875 0.5
4.984375 0.921875
5 0.921875
4.984375 0.9375
4.0234375 0.015625
4.01953125 0.01953125
4.01953125 0.01171875
4.828125 0.703125
4.828125 0.71875
4.8125 0.703125
4.515625 0.484375
4.5 0.484375
4.515625 0.46875
4.515625 0.453125
4.5 0.453125
4.515625 0.4375
1.21875 0.21875
1.21875 0.25
1.125 0.21875
4.484375 0.515625
4.5 0.515625
4.484375 0.53125
4.484375 0.546875
4.484375 0.5625
1.71875 0.75
1.625 0.78125
1.65625 0.75
4.140625 0.515625
4.125 0.515625
4.171875 0.546875
4.171875 0.5625
4.140625 0.5625
4.125 0.546875
2.21875 0.46875
2.21875 0.5
4.453125 0.875
4.421875 0.078125
4.40625 0.078125
4.421875 0.0625
4.390625 0.078125
4.375 0.078125
4.390625 0.0625
4.0009765625 0.9931640625
4.0009765625 0.994140625
4 0.9931640625
4.765625 0.328125
4.765625 0.3125
4.828125 0.640625
4.8125 0.640625
4.828125 0.625
0.96875 0.21875
1 0.21875
0.90625 0.15625
0.90625 0.125
5.234375 0.640625
5.21875 0.640625
5.234375 0.625
1.53125 0.21875
1.53125 0.25
1.59375 0.25
4.453125 0.546875
4.4375 0.546875
4.453125 0.53125
4.265625 0.390625
4.25 0.390625
4.296875 0.421875
4.296875 0.4375
4.265625 0.4375
4.25 0.421875
7.75 0.6875
7.78125 0.65625
7.78125 0.71875
1.71875 0.71875
1.71875 0.6875
1.75 0.71875
1.65625 0.65625
1.65625 0.625
1.6875 0.65625
4 0.3359375
4.00390625 0.33203125
4.00390625 0.33984375
4 0.6640625
4.00390625 0.66015625
4.00390625 0.66796875
1.09375 0.21875
1.09375 0.1875
4.0390625 0.0078125
4.0390625 0.015625
4.03125 0.0078125
5.90625 0.125
5.921875 0.140625
5.890625 0.140625
2.09375 0.4375
2.125 0.46875
5.59375 0.5625
5.609375 0.578125
5.578125 0.578125
6.40625 0.46875
6.4375 0.46875
6.40625 0.5
6.3125 0.28125
6.34375 0.25
4.234375 0.421875
4.234375 0.40625
0.875 0.15625
6.625 0.84375
0.59375 0.90625
0.59375 0.9375
0.65625 0.09375
0.625 0.09375
0.65625 0.0625
0.90625 0.09375
0.875 0.09375
0.90625 0.0625
2.21875 0.15625
2.15625 0.15625
1.65625 0.09375
1.625 0.09375
1.65625 0.0625
4.859375 0.703125
4.234375 0.453125
4.21875 0.453125
4.234375 0.4375
0.15625 0.78125
0.15625 0.8125
0.125 0.78125
4.921875 0.703125
4.90625 0.703125
4.921875 0.6875
4.0390625 0.0703125
4.03125 0.0703125
4.0390625 0.0625
4.0390625 0.0390625
4.0390625 0.03125
4.046875 0.0390625
6.65625 1
6.640625 0.984375
6.671875 0.984375
1.84375 0.59375
1.84375 0.5625
1.875 0.59375
4.578125 0.640625
4.578125 0.625
4.609375 0.828125
4.609375 0.8125
4.625 0.828125
1.90625 0.78125
1.875 0.78125
1.90625 0.75
4 0.013671875
4.0009765625 0.0126953125
4.0009765625 0.0146484375
1.84375 0.625
1.8125 0.59375
1.78125 0.59375
1.78125 0.625
1.75 0.59375
4.0078125 0.6171875
4 0.6171875
4.0078125 0.609375
4.001953125 0.876953125
4.001953125 0.87890625
4 0.876953125
4.001953125 0.880859375
4.001953125 0.8828125
4 0.880859375
4.001953125 0.884765625
4.001953125 0.88671875
4 0.884765625
4.001953125 0.888671875
4.001953125 0.890625
4 0.888671875
4.001953125 0.892578125
4.001953125 0.89453125
4 0.892578125
4.001953125 0.896484375
4.001953125 0.8984375
4 0.896484375
4.001953125 0.900390625
4.001953125 0.90234375
4 0.900390625
4.001953125 0.904296875
4.001953125 0.90625
4 0.904296875
4 0.18359375
4.001953125 0.181640625
4.001953125 0.185546875
4.0009765625 0.9912109375
4.0009765625 0.9921875
4 0.9912109375
4 0.029296875
4.0009765625 0.0283203125
4.0009765625 0.0302734375
4 0.025390625
4.0009765625 0.0244140625
4.0009765625 0.0263671875
4 0.021484375
4.0009765625 0.0205078125
4.0009765625 0.0224609375
4 0.017578125
4.0009765625 0.0166015625
4.0009765625 0.0185546875
4 0.21484375
4.001953125 0.212890625
4.001953125 0.216796875
4 0.20703125
4.001953125 0.205078125
4.001953125 0.208984375
4 0.19921875
4.001953125 0.197265625
4.001953125 0.201171875
4 0.19140625
4.001953125 0.189453125
4.001953125 0.193359375
4.001953125 0.861328125
4.001953125 0.86328125
4 0.861328125
4.001953125 0.865234375
4.001953125 0.8671875
4 0.865234375
4.001953125 0.869140625
4.001953125 0.87109375
4 0.869140625
4.001953125 0.873046875
4.001953125 0.875
4 0.873046875
4.0078125 0.3828125
4.0078125 0.390625
4 0.3828125
4.578125 0.171875
4.5625 0.171875
4.578125 0.15625
4.578125 0.140625
4.5625 0.140625
4.578125 0.125
0.046875 0.921875
0.046875 0.9375
4 0.22265625
4.001953125 0.220703125
4.001953125 0.224609375
4.001953125 0.853515625
4.001953125 0.85546875
4 0.853515625
4.001953125 0.857421875
4.001953125 0.859375
4 0.857421875
5.109375 0.828125
5.078125 0.828125
6.78125 0.40625
6.78125 0.4375
6.75 0.40625
4.234375 0.390625
4.21875 0.390625
4.234375 0.375
5.46875 1
5.453125 0.984375
5.484375 0.984375
6.9375 0.65625
6.96875 0.625
4 0.578125
4.0078125 0.5859375
4.015625 0.4375
4.0234375 0.4296875
4.0390625 0.9296875
4.0390625 0.9375
4.03125 0.9296875
4 0.3515625
4.00390625 0.34765625
4.00390625 0.35546875
4 0.6484375
4.00390625 0.64453125
4.00390625 0.65234375
4.001953125 0.849609375
4.001953125 0.8515625
4 0.849609375
4 0.0009765625
4.00048828125 0.00048828125
4.00048828125 0.00146484375
4.078125 0.265625
4.078125 0.28125
4.0625 0.265625
4.453125 0.578125
4.453125 0.59375
4.4375 0.578125
4.015625 0.453125
4.015625 0.46875
4 0.453125
0.59375 0.84375
0.59375 0.8125
0.625 0.84375
7.96875 0.0625
7.984375 0.078125
7.953125 0.078125
0.84375 0.84375
0.84375 0.8125
0.875 0.84375
2.75 0.4375
7.8125 0.375
4.890625 0.703125
4.3125 0.15625
4.296875 0.203125
4.453125 0.328125
4.4375 0.09375
4.9375 0.09375
4.8125 0.90625
5.3125 0.90625
4.546875 0.140625
4.765625 0.578125
5.8125 0.90625
1.71875 0.84375
4.390625 0.546875
2.09375 0.34375
0.09375 0.78125
2.875 0.1875
2.09375 0.78125
4.609375 0.796875
2.25 0.4375
0.71875 0.09375
2.75 0.5625
5.9375 0.84375
4.953125 0.296875
4.890625 0.453125
4.6875 0.46875
4.734375 0.359375
5.109375 0.546875
4.765625 0.078125
1.21875 0.46875
1.15625 0.40625
1.40625 0.84375
5.71875 0.9375
4.421875 0.953125
4.4375 0.78125
6.96875 0.59375
4.640625 0.921875
0.59375 0.78125
0.84375 0.78125
0.0625 0.90625
4.359375 0.078125
2.25 0.1875
4.8125 0.34375
4.796875 0.640625
4.0546875 0.0390625
4.828125 0.734375
5.5625 0.09375
5.5 0.09375
5.3125 0.09375
4.796875 0.421875
5.1875 0.59375
5.5 0.84375
4.328125 0.109375
2.34375 0.78125
2.40625 0.21875
4.0390625 0.9453125
2.125 0.6875
1.65625 0.15625
4.875 0.65625
4.484375 0.046875
2.59375 0.34375
2.09375 0.21875
4.265625 0.140625
4.484375 0.328125
1.125 0.3125
4.109375 0.515625
4.515625 0.421875
5.1875 0.46875
1.28125 0.15625
4.546875 0.234375
6.6875 0.96875
6.5625 0.96875
6.5625 0.03125
6.96875 0.34375
4.515625 0.515625
4.0078125 0.34375
7.4375 0.625
4.03125 0.046875
4.546875 0.359375
4.046875 0.265625
4.453125 0.390625
4.421875 0.421875
5.015625 0.203125
1.15625 0.15625
1.59375 0.78125
4.140625 0.578125
4.265625 0.453125
4.484375 0.578125
0.09375 0.40625
4.484375 0.453125
5.4375 0.53125
4.0234375 0.0703125
1.84375 0.53125
4.046875 0
1.65625 0.84375
4.328125 0.890625
4.390625 0.796875
5 0.78125
5.84375 0.0625
5.90625 0.0625
2.09375 0.28125
2.5 0.6875
2.375 0.3125
2.40625 0.40625
2.15625 0.40625
4.921875 0.265625
4.953125 0.234375
5.125 0.84375
5.125 0.78125
5.8125 0.46875
5.90625 0.4375
4.453125 0.984375
4.359375 0.765625
5.71875 0.625
3.09375 0.03125
3.09375 0.96875
4.640625 0.796875
4.9375 0.71875
4.734375 0.828125
4.703125 0.796875
4.421875 0.921875
5.5625 0.59375
1.78125 0.65625
1.84375 0.78125
1.96875 0.40625
4.671875 0.953125
5.5625 0.78125
4.671875 0.734375
5.4375 0.71875
4.484375 0.890625
6.3125 0.03125
0.59375 0.09375
4.765625 0.453125
4.001953125 0.0234375
1.59375 0.90625
4.078125 0.640625
4.046875 0.671875
5.9375 0.59375
5.875 0.59375
4.0078125 0.65625
7.375 0.3125
6.0625 0.21875
6 0.21875
3.3125 0.625
4.015625 0.0234375
1.96875 0.84375
5.875 0.15625
0.84375 0.09375
1.09375 0.90625
4.234375 0.359375
4.203125 0.390625
1.59375 0.09375
4.328125 0.484375
4.296875 0.453125
4.00390625 0.203125
1.15625 0.34375
5.78125 0.25
7.8125 0.75
7.8125 0.25
5.84375 0.125
5.59375 0.8125
4.421875 0.046875
4.421875 0.578125
5.125 0.46875
1.34375 0.40625
5.78125 0.3125
7.03125 0.65625
5.015625 0.921875
2.5 0.1875
5.203125 0.640625
1.59375 0.15625
3.984375 0.546875
4.453125 0.515625
1.09375 0.84375
1.15625 0.78125
4.03125 0.421875
3.96875 0.5625
4.515625 0.140625
7.8125 0.625
3.984375 0.578125
3.984375 0.453125
4.203125 0.609375
4.171875 0.578125
4.890625 0.953125
4.453125 0.734375
4.484375 0.734375
6.25 0.03125
2.375 0.5625
4.859375 0.359375
5.3125 0.34375
1.71875 0.65625
4.140625 0.234375
7.96875 0.96875
7.9375 0.90625
8 0.90625
2.28125 0.46875
0.59375 0.40625
4.875 0.28125
7.28125 0.28125
2.875 0.8125
1.03125 0.21875
4.421875 0.359375
4.171875 0.171875
4.828125 0.828125
4.890625 0.796875
4.859375 0.828125
4.984375 0.328125
4.921875 0.171875
5.625 0.28125
4.609375 0.890625
5.375 0.15625
4.515625 0.296875
4.515625 0.359375
4.484375 0.390625
4.609375 0.359375
4.578125 0.359375
4.578125 0.203125
6.5 0.96875
6.5 0.03125
4.0078125 0.359375
4.0078125 0.6015625
4.03125 0.578125
4.359375 0.859375
1.78125 0.78125
1.90625 0.71875
1.96875 0.34375
4.890625 0.234375
4.390625 0.953125
5.78125 0.75
5.71875 0.75
4.6875 0.78125
4.001953125 0.02734375
4.001953125 0.01953125
4.0078125 0.640625
4.00390625 0.2109375
4.00390625 0.1953125
4.0078125 0.3984375
4.046875 0.421875
3.984375 0.421875
4.546875 0.421875
5.71875 0.6875
0.015625 0.890625
1.53125 0.28125
3.9921875 0.3515625
3.9921875 0.6640625
3.99609375 0.20703125
3.998046875 0.884765625
3.998046875 0.900390625
3.998046875 0.025390625
3.998046875 0.869140625
2.03125 0.71875
5.140625 0.515625
4.734375 0.109375
4.078125 0
4.484375 0.203125
2.46875 0.28125
5.65625 0.9375
5.875 0.34375
5.75 0.40625
7.4375 0.375
2.53125 0.59375
5.90625 0.375
2.03125 0.65625
1.96875 0.59375
2.53125 0.40625
2.40625 0.71875
5.625 0.84375
5.71875 0.8125
4.734375 0.484375
4.828125 0.359375
4.765625 0.515625
4.796875 0.515625
4.859375 0.515625
3.3125 0.375
4.00390625 0.2265625
4.453125 0.046875
4.515625 0.078125
4.734375 0.546875
2.59375 0.65625
2.15625 0.84375
4.0390625 0.0234375
4.984375 0.140625
2.5 0.3125
6.90625 0.65625
7.96875 0.03125
3.998046875 0.853515625
1.90625 0.59375
4.015625 0.9765625
5.875 0.84375
1.53125 0.78125
4.984375 0.953125
4.484375 0.484375
4.453125 0.859375
4.390625 0.046875
5.234375 0.609375
3.9990234375 0.9931640625
4.765625 0.296875
4.828125 0.609375
5.25 0.65625
1.59375 0.28125
4.0009765625 0.001953125
1.65625 0.59375
3.9921875 0.3359375
3.998046875 0.9921875
4.921875 0.671875
4.203125 0.453125
4.0390625 0.0546875
6.625 0.96875
4.578125 0.609375
4.640625 0.828125
3.998046875 0.013671875
4.001953125 0.015625
1.84375 0.65625
1.71875 0.59375
3.9921875 0.6171875
3.998046875 0.876953125
3.998046875 0.880859375
3.998046875 0.888671875
3.998046875 0.892578125
3.998046875 0.896484375
3.998046875 0.904296875
3.99609375 0.18359375
4.00390625 0.1875
3.9990234375 0.9912109375
3.998046875 0.029296875
4.001953125 0.03125
3.998046875 0.021484375
3.998046875 0.017578125
3.99609375 0.21484375
4.00390625 0.21875
3.99609375 0.19921875
3.99609375 0.19140625
3.998046875 0.861328125
3.998046875 0.865234375
3.998046875 0.873046875
3.9921875 0.3828125
4.578125 0.109375
0.03125 0.875
0.046875 0.953125
3.99609375 0.22265625
3.998046875 0.857421875
3.99609375 0.890625
3.99609375 0.015625
3.9921875 0.21875
3.99609375 0.859375
3.99609375 0.875
3.9921875 0.1875
3.984375 0.375
3.984375 0.625
3.99609375 0.03125
4.0234375 0.9296875
7.9375 0.09375
3.9921875 0.6484375
3.998046875 0.849609375
3.9990234375 0.0009765625
4.0009765625 0
8 0.09375
3.998046875 0
3.96875 0.4375
3.984375 0.34375
3.99609375 0.8984375
3.99609375 0.0234375
3.99609375 0.8671875
4.046875 0.578125
3.984375 0.65625
3.9921875 0.203125
3.99609375 0.8828125
3.99609375 0.8515625
5.390625 0.703125
5.40625 0.703125
5.390625 0.71875
3.59375 0.78125
3.625 0.78125
3.59375 0.8125
4.890625 0.328125
4.90625 0.328125
4.890625 0.34375
4.640625 0.078125
4.65625 0.078125
4.640625 0.09375
4.421875 0.828125
4.4375 0.828125
4.421875 0.84375
6.28125 0.0625
6.296875 0.078125
6.265625 0.078125
5.453125 0.828125
5.46875 0.828125
5.453125 0.84375
3.84375 0.78125
3.84375 0.8125
3.8125 0.78125
3.6875 0.875
3.71875 0.90625
3.65625 0.90625
4.140625 0.453125
4.140625 0.46875
4.125 0.453125
4.140625 0.703125
4.15625 0.703125
4.140625 0.71875
5.9375 0.34375
5.953125 0.359375
5.921875 0.359375
6.0625 0.15625
6.046875 0.140625
6.078125 0.140625
4.765625 0.953125
4.765625 0.9375
4.78125 0.953125
0.21875 0.90625
0.25 0.90625
0.21875 0.9375
3.1875 0.375
3.15625 0.34375
3.21875 0.34375
5.140625 0.703125
5.140625 0.6875
5.15625 0.703125
5.28125 0.9375
5.296875 0.953125
5.265625 0.953125
5.40625 0.4375
5.421875 0.453125
5.390625 0.453125
1.40625 0.34375
1.375 0.34375
1.40625 0.3125
3.9375 0.09375
3.953125 0.078125
3.953125 0.109375
6.59375 0.34375
6.59375 0.375
6.5625 0.34375
4.390625 0.671875
4.375 0.671875
4.390625 0.65625
4.078125 0.484375
4.0625 0.484375
4.078125 0.46875
7.09375 0.78125
7.125 0.78125
7.09375 0.8125
4.203125 0.921875
4.1875 0.921875
4.203125 0.90625
5.46875 0.4375
5.453125 0.421875
5.484375 0.421875
0.65625 0.21875
0.625 0.21875
0.65625 0.1875
7.15625 0.09375
7.125 0.09375
7.15625 0.0625
2.78125 0.84375
2.78125 0.8125
2.8125 0.84375
2.71875 0.15625
2.75 0.15625
2.71875 0.1875
4.609375 0.078125
4.625 0.078125
4.609375 0.09375
6.125 0.09375
6.109375 0.078125
6.140625 0.078125
2.9375 0.875
2.90625 0.84375
2.96875 0.84375
6.59375 0.53125
6.625 0.53125
6.59375 0.5625
0.40625 0.21875
0.375 0.21875
0.40625 0.1875
2.59375 0.78125
2.59375 0.8125
2.5625 0.78125
2.65625 0.21875
2.625 0.21875
2.65625 0.1875
5.40625 0.8125
5.390625 0.796875
5.421875 0.796875
4.640625 0.046875
4.625 0.046875
4.640625 0.03125
5.46875 0.9375
5.453125 0.921875
5.484375 0.921875
5.46875 0.0625
5.453125 0.046875
5.484375 0.046875
2.9375 0.125
2.90625 0.09375
2.96875 0.09375
3.9375 0.90625
3.953125 0.890625
3.953125 0.921875
5.296875 0.390625
5.3125 0.390625
5.296875 0.40625
5.203125 0.234375
5.203125 0.21875
5.21875 0.234375
4.01953125 0.99609375
4.015625 0.99609375
4.01953125 0.9921875
4.0078125 0.99609375
4.005859375 0.998046875
4.005859375 0.994140625
4.078125 0.359375
4.0625 0.359375
4.078125 0.34375
0.21875 0.34375
0.21875 0.375
0.1875 0.34375
5.140625 0.328125
5.15625 0.328125
5.140625 0.34375
0.84375 0.28125
0.875 0.28125
0.84375 0.3125
5.171875 0.546875
5.15625 0.546875
5.171875 0.53125
4.703125 0.234375
4.703125 0.21875
4.71875 0.234375
5.65625 0.3125
5.671875 0.328125
5.640625 0.328125
7.28125 0.65625
7.3125 0.65625
7.28125 0.6875
4.609375 0.671875
4.59375 0.671875
4.609375 0.65625
4.078125 0.609375
4.0625 0.609375
4.078125 0.59375
3.84375 0.21875
3.8125 0.21875
3.84375 0.1875
5.328125 0.234375
5.3125 0.234375
5.328125 0.21875
0.28125 0.34375
0.25 0.34375
0.28125 0.3125
4.640625 0.171875
4.625 0.171875
4.640625 0.15625
4.796875 0.890625
4.8125 0.890625
4.796875 0.90625
5.296875 0.890625
5.3125 0.890625
5.296875 0.90625
4.765625 0.796875
4.765625 0.78125
4.78125 0.796875
5.015625 0.546875
5.015625 0.53125
5.03125 0.546875
5.015625 0.609375
5.015625 0.59375
5.03125 0.609375
5.046875 0.765625
5.046875 0.78125
5.03125 0.765625
4.046875 0.796875
4.046875 0.78125
4.0625 0.796875
4.0234375 0.9609375
4.0234375 0.96875
4.015625 0.9609375
4.578125 0.953125
4.578125 0.96875
4.5625 0.953125
4.578125 0.859375
4.578125 0.84375
4.59375 0.859375
3.1875 0.5
3.21875 0.53125
3.15625 0.53125
3.0625 0.5
3.09375 0.53125
3.03125 0.53125
3.03125 0.34375
3 0.34375
3.03125 0.3125
4.703125 0.765625
4.703125 0.75
4.71875 0.765625
3.1875 0.625
3.15625 0.59375
3.21875 0.59375
4.109375 0.671875
4.09375 0.671875
4.109375 0.65625
4.796875 0.765625
4.796875 0.78125
4.78125 0.765625
2.34375 0.21875
2.34375 0.25
2.3125 0.21875
5.421875 0.890625
5.4375 0.890625
5.421875 0.90625
5.15625 0.8125
5.171875 0.828125
5.140625 0.828125
7.15625 0.21875
7.125 0.21875
7.15625 0.1875
3.03125 0.90625
3.03125 0.875
3.0625 0.90625
2.59375 0.21875
2.5625 0.21875
2.59375 0.1875
5.59375 0.75
5.609375 0.765625
5.578125 0.765625
0.53125 0.28125
0.53125 0.25
0.5625 0.28125
3.75 0.1875
3.71875 0.21875
3.71875 0.15625
6.09375 0.25
6.109375 0.265625
6.078125 0.265625
6.03125 0.3125
6.046875 0.328125
6.015625 0.328125
0.34375 0.84375
0.34375 0.875
0.3125 0.84375
0.71875 0.21875
0.71875 0.1875
0.75 0.21875
5.484375 0.203125
5.5 0.203125
5.484375 0.21875
5.484375 0.140625
5.5 0.140625
5.484375 0.15625
4.009765625 0.994140625
4.009765625 0.998046875
7.15625 0.90625
7.15625 0.9375
7.125 0.90625
3.65625 0.78125
3.6875 0.78125
3.65625 0.8125
5.96875 0.5625
5.953125 0.546875
5.984375 0.546875
3.65625 0.21875
3.65625 0.1875
3.6875 0.21875
5.40625 0.125
5.390625 0.109375
5.421875 0.109375
0.78125 0.90625
0.78125 0.875
0.8125 0.90625
0.71875 0.65625
0.75 0.65625
0.71875 0.6875
0.53125 0.09375
0.5 0.09375
0.53125 0.0625
4.890625 0.421875
4.875 0.421875
4.890625 0.40625
6.34375 0.1875
6.328125 0.171875
6.359375 0.171875
6.09375 0.1875
6.078125 0.171875
6.109375 0.171875
7.28125 0.90625
7.28125 0.875
7.3125 0.90625
0.46875 0.90625
0.5 0.90625
0.46875 0.9375
5.359375 0.203125
5.359375 0.21875
5.34375 0.203125
2.28125 0.15625
2.28125 0.125
2.3125 0.15625
5.484375 0.796875
5.46875 0.796875
5.484375 0.78125
5.671875 0.140625
5.671875 0.15625
5.65625 0.140625
4.796875 0.046875
4.796875 0.03125
4.8125 0.046875
2.90625 0.90625
2.90625 0.9375
2.875 0.90625
2.84375 0.09375
2.84375 0.0625
2.875 0.09375
1.84375 0.09375
1.84375 0.0625
1.875 0.09375
5.421875 0.828125
5.390625 0.828125
5.40625 0.75
5.421875 0.765625
5.390625 0.765625
4.671875 0.046875
4.671875 0.03125
4.6875 0.046875
5.78125 0.125
5.796875 0.140625
5.765625 0.140625
4.421875 0.484375
4.421875 0.5
4.40625 0.484375
7.90625 0.9375
7.921875 0.953125
7.890625 0.953125
7.9375 0.375
7.90625 0.34375
7.96875 0.34375
4.828125 0.953125
4.828125 0.96875
4.8125 0.953125
5.84375 1
5.828125 0.984375
5.859375 0.984375
5.59375 0.875
5.578125 0.859375
5.609375 0.859375
7.9375 0.03125
7.921875 0.046875
7.921875 0.015625
7.9375 0.4375
7.9375 0.5
7.875 0.4375
7.21875 0.65625
7.25 0.65625
7.21875 0.6875
5.265625 0.546875
5.265625 0.53125
5.28125 0.546875
5.609375 0.890625
5.578125 0.890625
1.84375 0.21875
1.84375 0.25
1.8125 0.21875
4.390625 0.484375
4.375 0.484375
4.390625 0.46875
4.765625 0.921875
4.765625 0.90625
4.78125 0.921875
0.78125 0.34375
0.75 0.34375
0.78125 0.3125
5.109375 0.578125
5.125 0.578125
5.109375 0.59375
4.765625 0.046875
4.75 0.046875
4.765625 0.03125
4.640625 0.671875
4.625 0.671875
4.640625 0.65625
5.171875 0.734375
5.171875 0.75
5.15625 0.734375
5.9375 0.90625
5.921875 0.890625
5.953125 0.890625
5.203125 0.390625
5.21875 0.390625
5.203125 0.40625
1.09375 0.71875
1.09375 0.75
1.0625 0.71875
4.828125 0.140625
4.84375 0.140625
4.828125 0.15625
4.421875 0.109375
4.421875 0.125
4.40625 0.109375
2.71875 0.84375
2.71875 0.875
2.6875 0.84375
2.78125 0.15625
2.8125 0.15625
2.78125 0.1875
4.734375 0.265625
4.75 0.265625
4.734375 0.28125
6.53125 0.3125
6.546875 0.328125
6.515625 0.328125
2.96875 0.90625
0.53125 0.34375
0.5625 0.34375
0.53125 0.375
1.09375 0.65625
1.0625 0.65625
1.09375 0.625
1.84375 0.34375
1.84375 0.375
1.8125 0.34375
5.84375 0
5.859375 0.015625
5.828125 0.015625
5.96875 0
5.984375 0.015625
5.953125 0.015625
3.53125 0.96875
3.5625 0.96875
3.53125 1
3.59375 0.90625
3.625 0.90625
3.59375 0.9375
3.59375 0.09375
3.59375 0.0625
3.625 0.09375
3.53125 0.03125
3.53125 0
3.5625 0.03125
0.03125 0.71875
0.0625 0.71875
0.03125 0.75
0.5 0.34375
0.53125 0.3125
4.140625 0.109375
4.125 0.109375
4.140625 0.09375
3.6875 0.125
3.65625 0.09375
3.71875 0.09375
4.140625 0.671875
4.125 0.671875
4.140625 0.65625
4.734375 0.203125
4.734375 0.21875
4.71875 0.203125
1.78125 0.46875
1.75 0.46875
1.78125 0.4375
6.71875 0.28125
6.75 0.28125
6.71875 0.3125
4.546875 0.484375
4.546875 0.5
4.53125 0.484375
1.53125 0.46875
1.5 0.46875
1.53125 0.4375
7.09375 0.21875
7.09375 0.25
7.0625 0.21875
8 0.6875
7.96875 0.71875
7.96875 0.65625
7.09375 0.09375
7.09375 0.125
7.0625 0.09375
4.296875 0.671875
4.296875 0.6875
4.28125 0.671875
6.6875 0.28125
6.71875 0.25
7.9375 0.625
7.90625 0.65625
8 0.3125
7.96875 0.28125
5.40625 0.5625
5.390625 0.546875
5.421875 0.546875
5.59375 0.4375
5.609375 0.453125
5.578125 0.453125
5.65625 0.4375
5.671875 0.453125
5.640625 0.453125
5.046875 0.828125
5.03125 0.828125
5.046875 0.8125
5.015625 0.859375
5 0.859375
5.015625 0.84375
5.015625 0.828125
5 0.828125
5.015625 0.8125
5.71875 0
5.734375 0.015625
5.703125 0.015625
5.28125 0.125
5.296875 0.140625
5.265625 0.140625
4.609375 0.109375
4.609375 0.125
4.59375 0.109375
5.421875 0.578125
5.390625 0.578125
1.40625 0.65625
1.40625 0.625
1.4375 0.65625
5.71875 0.5625
5.703125 0.546875
5.734375 0.546875
5.109375 0.734375
5.109375 0.75
5.09375 0.734375
5.078125 0.734375
5.078125 0.75
5.0625 0.734375
5.390625 0.890625
5.390625 0.90625
5.375 0.890625
5.015625 0.765625
5.015625 0.75
5.046875 0.75
5.0625 0.765625
5.640625 0.421875
5.671875 0.421875
5.578125 0.421875
5.609375 0.421875
4.203125 0.890625
4.203125 0.875
4.21875 0.890625
5.46875 0.625
5.484375 0.640625
5.453125 0.640625
0 0.09375
0.015625 0.078125
0.015625 0.109375
0.15625 0.34375
0.125 0.34375
0.15625 0.3125
5.65625 0.0625
5.640625 0.046875
5.671875 0.046875
0.03125 0.28125
0.03125 0.25
0.0625 0.28125
5.359375 0.328125
5.359375 0.34375
5.34375 0.328125
5.53125 0.25
5.515625 0.234375
5.546875 0.234375
5.359375 0.703125
5.359375 0.71875
5.34375 0.703125
5.265625 0.109375
5.296875 0.109375
5.421875 0.484375
5.40625 0.484375
5.421875 0.46875
5.40625 0.875
5.65625 0.75
5.640625 0.734375
5.671875 0.734375
0.59375 0.65625
0.625 0.65625
0.59375 0.6875
5.484375 0.578125
5.5 0.578125
5.484375 0.59375
3.1875 0.75
3.15625 0.71875
3.21875 0.71875
5.203125 0.828125
5.203125 0.84375
5.1875 0.828125
4.890625 0.359375
4.875 0.359375
4.125 0.703125
4.140625 0.6875
5.96875 0.375
5.984375 0.359375
5.921875 0.328125
5.953125 0.328125
6.03125 0.125
6.015625 0.140625
6.046875 0.171875
3.84375 1
3.828125 0.984375
3.859375 0.984375
5.296875 0.828125
5.296875 0.8125
5.3125 0.828125
5.328125 0.796875
5.34375 0.796875
5.328125 0.8125
5.359375 0.796875
5.375 0.796875
5.359375 0.8125
5.171875 0.796875
5.171875 0.78125
5.1875 0.796875
6.25 0.65625
6.234375 0.640625
6.265625 0.640625
6.1875 0.28125
6.203125 0.296875
6.171875 0.296875
7.09375 0.15625
7.0625 0.15625
3.3125 0.5
3.34375 0.53125
3.28125 0.53125
3.03125 0.59375
3.0625 0.59375
3.03125 0.625
3.125 0.53125
3.09375 0.5625
3.09375 0.59375
3.125 0.59375
3.09375 0.625
3.46875 0.28125
3.5 0.28125
3.46875 0.3125
3.03125 0.15625
3 0.15625
3.03125 0.125
3.09375 0.46875
3.09375 0.4375
3.125 0.46875
3.03125 0.40625
3.03125 0.375
3.0625 0.40625
3.09375 0.40625
3.09375 0.375
3.125 0.40625
4.703125 0.328125
4.703125 0.34375
4.6875 0.328125
4.703125 0.359375
4.703125 0.375
4.6875 0.359375
6.21875 0
6.234375 0.015625
6.203125 0.015625
6.09375 0.0625
6.078125 0.078125
6.140625 0.109375
6.109375 0.109375
5.71875 1
5.703125 0.984375
5.734375 0.984375
2.53125 0.78125
2.53125 0.75
2.59375 0.75
2.625 0.78125
5.71875 0.875
5.734375 0.890625
5.703125 0.890625
7.4375 0.5
7.40625 0.46875
7.46875 0.46875
5.171875 0.515625
5.1875 0.515625
7.34375 0.65625
7.34375 0.625
2.5625 0.5
2.53125 0.46875
2.59375 0.46875
5.84375 0.625
5.828125 0.609375
5.859375 0.609375
5.78125 0.625
5.765625 0.609375
5.796875 0.609375
2.59375 0.53125
2.53125 0.53125
5.078125 0.578125
5.078125 0.59375
5.0625 0.578125
5.078125 0.609375
5.078125 0.625
5.0625 0.609375
5.015625 0.578125
5 0.578125
5.046875 0.609375
5.046875 0.625
5.265625 0.828125
5.265625 0.84375
5.25 0.828125
5.265625 0.859375
5.265625 0.875
5.25 0.859375
6.25 0.71875
6.265625 0.734375
6.234375 0.734375
5.515625 0.703125
5.515625 0.71875
5.5 0.703125
6.78125 0
6.796875 0.015625
6.765625 0.015625
5.546875 0.390625
5.53125 0.390625
5.546875 0.375
5.515625 0.390625
5.5 0.390625
5.515625 0.375
3.21875 0.15625
3.21875 0.125
3.25 0.15625
3.21875 0.84375
3.25 0.84375
3.21875 0.875
2.40625 0.59375
2.4375 0.59375
2.40625 0.625
6.1875 0.59375
6.171875 0.578125
6.203125 0.578125
4.078125 0.671875
4.078125 0.6875
4.109375 0.640625
4.125 0.640625
5.9375 0.53125
5.921875 0.546875
3.1875 0.25
3.21875 0.28125
3.15625 0.28125
5.015625 0.421875
5.015625 0.4375
5 0.421875
2.46875 0.78125
2.4375 0.78125
2.46875 0.75
2.53125 0.21875
2.53125 0.25
2.59375 0.25
5.234375 0.859375
5.234375 0.84375
5.234375 0.828125
5.234375 0.8125
3.53125 0.34375
3.5 0.34375
3.53125 0.3125
3.53125 0.28125
3.53125 0.25
5.484375 0.234375
5.484375 0.25
5.46875 0.234375
5.453125 0.234375
5.453125 0.25
5.4375 0.234375
5.390625 0.203125
5.390625 0.21875
5.375 0.203125
5.390625 0.234375
5.390625 0.25
5.375 0.234375
6.375 0.59375
6.390625 0.609375
6.359375 0.609375
3.53125 0.65625
3.53125 0.6875
3.5 0.65625
3.53125 0.71875
3.53125 0.75
3.5 0.71875
7.09375 0.84375
7.09375 0.875
7.0625 0.84375
3.28125 0.46875
3.34375 0.46875
5.359375 0.234375
5.328125 0.203125
5.328125 0.1875
5.359375 0.1875
3.46875 0.71875
3.46875 0.6875
7.53125 0.03125
7.53125 0
7.5625 0.03125
5.171875 0.578125
5.15625 0.578125
5.171875 0.5625
5.140625 0.578125
5.140625 0.5625
3.03125 0.84375
3 0.84375
7.28125 0.59375
7.28125 0.625
7.25 0.59375
5.96875 1
5.953125 0.984375
5.984375 0.984375
5.375 0.109375
5.390625 0.09375
5.140625 0.640625
5.140625 0.65625
5.125 0.640625
4.703125 0.390625
4.71875 0.390625
5.734375 0.578125
5.703125 0.578125
5.40625 0.1875
5.421875 0.203125
5.421875 0.234375
5.421875 0.21875
5.984375 0.390625
5.953125 0.390625
2.46875 0.34375
2.46875 0.375
2.4375 0.34375
5.046875 0.59375
5.390625 0.78125
5.140625 0.796875
5.53125 0.6875
5.546875 0.703125
5.484375 0.390625
5.484375 0.40625
3.15625 0.5625
2.96875 0.15625
2.90625 0.15625
3.03125 0.46875
3.15625 0.46875
3.21875 0.46875
7.40625 0.90625
7.40625 0.9375
7.375 0.90625
4.328125 0.671875
4.3125 0.671875
4.328125 0.65625
7.09375 0.90625
7.0625 0.90625
4.984375 0.421875
4.984375 0.40625
6.28125 0.625
6.265625 0.609375
6.296875 0.609375
6.09375 0.625
6.078125 0.609375
6.109375 0.609375
3.21875 0.65625
3.15625 0.65625
7.21875 0.59375
7.21875 0.5625
3.21875 0.40625
3.15625 0.40625
5.328125 0.828125
5.328125 0.84375
3.03125 0.09375
3.0625 0.09375
3.15625 0.4375
2.65625 0.78125
2.65625 0.8125
1.03125 0.46875
1 0.46875
1.03125 0.4375
5.265625 0.921875
5.296875 0.921875
5.546875 0.140625
5.5625 0.140625
5.546875 0.15625
4.671875 0.078125
4.671875 0.0625
4.640625 0.109375
4.625 0.109375
4.640625 0.0625
5.25 0.109375
5.265625 0.09375
5.484375 0.828125
5.484375 0.8125
3.78125 0.78125
3.78125 0.75
3.84375 0.75
3.875 0.78125
5.234375 0.140625
5.25 0.140625
5.234375 0.15625
5.703125 0.140625
5.703125 0.15625
5.6875 0.140625
5.671875 0.234375
5.671875 0.21875
5.6875 0.234375
5.484375 0.109375
5.484375 0.125
5.46875 0.109375
5.453125 0.109375
5.453125 0.125
5.4375 0.109375
5.015625 0.359375
5 0.359375
5.015625 0.34375
3.6875 0.5
3.65625 0.46875
3.71875 0.46875
3.5625 0.5
3.53125 0.46875
3.59375 0.46875
6.5625 0.28125
6.578125 0.296875
6.546875 0.296875
5.203125 0.109375
5.203125 0.125
5.1875 0.109375
5.484375 0.171875
5.484375 0.1875
5.46875 0.171875
5.453125 0.171875
5.453125 0.1875
5.4375 0.171875
6.15625 0.875
6.140625 0.859375
6.171875 0.859375
6.1875 0.84375
6.171875 0.828125
6.203125 0.828125
6.1875 0.90625
6.203125 0.921875
6.171875 0.921875
5.984375 0.171875
5.984375 0.1875
5.96875 0.171875
5.234375 0.234375
5.234375 0.25
5.203125 0.25
5.1875 0.234375
5.140625 0.359375
5.125 0.359375
3.78125 0.21875
3.78125 0.25
3.875 0.21875
3.84375 0.25
5.609375 0.703125
5.609375 0.6875
5.625 0.703125
5.609375 0.640625
5.609375 0.625
5.625 0.640625
4.890625 0.640625
4.890625 0.625
4.90625 0.640625
5.578125 0.171875
5.5625 0.171875
5.578125 0.15625
5.890625 0.671875
5.875 0.671875
5.890625 0.65625
7 0.96875
6.984375 0.984375
6.984375 0.953125
5.953125 0.796875
5.9375 0.796875
5.953125 0.78125
3.71875 0.78125
3.71875 0.75
3.59375 0.53125
3.53125 0.53125
3.71875 0.53125
3.65625 0.53125
6.03125 0.875
6.015625 0.859375
6.046875 0.859375
6.0625 0.84375
6.046875 0.828125
6.078125 0.828125
3.71875 0.25
6.3125 0.21875
6.296875 0.203125
6.328125 0.203125
6.0625 0.46875
6.046875 0.453125
6.078125 0.453125
0.015625 0.234375
0.046875 0.234375
6.90625 1
6.890625 0.984375
6.921875 0.984375
5.453125 0.796875
5.453125 0.8125
5.671875 0.171875
5.6875 0.171875
5.703125 0.203125
5.703125 0.21875
5.6875 0.203125
5.640625 0.203125
5.640625 0.21875
5.625 0.203125
5.640625 0.234375
5.640625 0.25
5.625 0.234375
4.125 0.390625
4.1171875 0.3828125
4.1328125 0.3828125
6.625 0.40625
6.609375 0.390625
6.640625 0.390625
5.453125 0.890625
5.453125 0.875
5.609375 0.234375
5.609375 0.21875
5.578125 0.203125
5.578125 0.1875
5.59375 0.203125
4.765625 0.890625
4.75 0.890625
4.796875 0.921875
4.796875 0.9375
4.75 0.921875
6.65625 0.5
6.671875 0.515625
6.640625 0.515625
6.6875 0.53125
6.703125 0.546875
6.671875 0.546875
5.96875 0.875
5.984375 0.890625
5.953125 0.921875
5.921875 0.921875
4.828125 0.171875
4.8125 0.171875
5.171875 0.078125
5.15625 0.078125
5.171875 0.0625
5.140625 0.109375
5.125 0.109375
5.140625 0.09375
5.328125 0.390625
5.328125 0.375
5.328125 0.328125
5.328125 0.3125
5.359375 0.3125
5.375 0.328125
4.65625 0.046875
5.53125 0.625
5.546875 0.640625
5.515625 0.640625
5.4375 0.828125
5.421875 0.84375
5.421875 0.09375
0.84375 0.34375
0.84375 0.375
0.8125 0.34375
0.65625 0.65625
0.65625 0.625
0.6875 0.65625
6.65625 0.46875
6.625 0.46875
6.65625 0.4375
1.03125 0.09375
1.0625 0.09375
1.03125 0.125
6.59375 0.3125
6.625 0.34375
5.421875 0.140625
5.390625 0.140625
4.265625 0.328125
4.265625 0.34375
4.25 0.328125
5.171875 0.234375
5.171875 0.21875
0.78125 0.28125
0.78125 0.25
0.8125 0.28125
0.84375 0.25
0.90625 0.46875
0.875 0.46875
0.90625 0.4375
5.578125 0.734375
5.609375 0.734375
5.515625 0.671875
5.546875 0.671875
3.75 0.8125
3.71875 0.84375
5.390625 0.171875
5.421875 0.171875
0.78125 0.9375
0.75 0.90625
0.53125 0.90625
0.53125 0.9375
5.984375 0.578125
5.953125 0.578125
3.59375 0.21875
3.59375 0.1875
3.625 0.21875
0.46875 0.09375
0.46875 0.0625
6.09375 0.4375
6.109375 0.453125
7.9375 0.5625
7.875 0.5625
4.734375 0.921875
4.734375 0.90625
5.28125 0.4375
5.265625 0.421875
5.296875 0.421875
6.09375 0.8125
6.078125 0.796875
6.109375 0.796875
1.96875 0.21875
1.96875 0.25
1.9375 0.21875
0.78125 0.375
0.71875 0.625
5.84375 0.75
5.828125 0.734375
5.859375 0.734375
5.96875 0.6875
5.984375 0.703125
5.953125 0.703125
5.640625 0.296875
5.671875 0.296875
0.84375 0.90625
0.875 0.90625
0.84375 0.9375
0.65625 0.6875
5.171875 0.109375
5.171875 0.09375
5.421875 0.15625
4.265625 0.515625
4.265625 0.53125
4.25 0.515625
6.65625 0.5625
6.640625 0.546875
5.515625 0.578125
5.515625 0.5625
2.84375 0.84375
2.84375 0.875
2.78125 0.875
2.75 0.84375
2.96875 0.34375
2.96875 0.375
4.609375 0.140625
4.625 0.140625
4.609375 0.15625
4.609375 0.171875
4.609375 0.1875
6.65625 0
6.671875 0.015625
6.640625 0.015625
7.375 0.03125
7.359375 0.046875
7.359375 0.015625
4.703125 0.203125
4.6875 0.203125
4.703125 0.25
4.6875 0.234375
4.578125 0.671875
4.578125 0.6875
4.609375 0.6875
4.765625 0.765625
4.75 0.765625
5.015625 0.515625
5 0.515625
5.046875 0.546875
5.046875 0.5625
5.015625 0.5625
5 0.546875
4.578125 0.828125
4.5625 0.828125
4.578125 0.875
4.5625 0.859375
5.078125 0.859375
5.078125 0.875
5.0625 0.859375
4.796875 0.796875
4.8125 0.796875
4.765625 0.75
4.796875 0.75
4.8125 0.765625
2.96875 0.65625
2.96875 0.625
3 0.65625
6.59375 0.5
6.578125 0.484375
6.609375 0.484375
5.234375 0.390625
5.234375 0.375
2.84375 0.15625
2.84375 0.125
2.78125 0.125
4.734375 0.234375
4.75 0.234375
4.703125 0.1875
4.734375 0.1875
4.75 0.203125
4.0009765625 0.9853515625
4.0009765625 0.986328125
4 0.9853515625
4.0009765625 0.9873046875
4.0009765625 0.98828125
4 0.9873046875
4.0009765625 0.9892578125
4.0009765625 0.990234375
4 0.9892578125
4 0.23046875
4.001953125 0.228515625
4.001953125 0.232421875
4.00048828125 0.99853515625
4.00048828125 0.9990234375
4 0.99853515625
4.859375 0.734375
4.859375 0.71875
4.875 0.734375
5.71875 0.0625
5.734375 0.078125
5.703125 0.078125
6.40625 0.8125
6.390625 0.796875
6.421875 0.796875
4.609375 0.203125
4.59375 0.203125
0.28125 0.84375
0.25 0.84375
0.28125 0.8125
4.546875 0.859375
4.546875 0.84375
0.34375 0.8125
0.375 0.84375
0.15625 0.375
2.71875 0.8125
5.34375 0.75
5.328125 0.734375
5.359375 0.734375
5.71875 0.125
5.703125 0.109375
5.734375 0.109375
4.921875 0.890625
4.90625 0.890625
4.921875 0.875
4.984375 0.546875
4.984375 0.53125
5.046875 0.859375
5.046875 0.84375
4.828125 0.765625
4.828125 0.78125
3.03125 0.65625
3.03125 0.6875
0.34375 0.78125
0.3125 0.78125
0.34375 0.75
6.21875 0.25
6.203125 0.234375
6.234375 0.234375
4.265625 0.671875
4.265625 0.6875
0.28125 0.90625
0.28125 0.9375
4.109375 0.359375
4.109375 0.34375
4.125 0.359375
2.875 0.15625
2.84375 0.1875
4.765625 0.203125
4.765625 0.21875
5.484375 0.953125
5.453125 0.953125
7.28125 0.9375
7.25 0.90625
5.453125 0.609375
5.484375 0.609375
4.828125 0.046875
4.828125 0.03125
5.203125 0.046875
5.1875 0.046875
5.203125 0.03125
4.703125 0.046875
4.703125 0.03125
4.109375 0.609375
4.109375 0.59375
4.125 0.609375
4.796875 0.953125
4.796875 0.96875
0.28125 0.875
4.01171875 0.9921875
4.009765625 0.990234375
5.328125 0.453125
5.328125 0.46875
5.3125 0.453125
5.359375 0.484375
5.359375 0.5
5.34375 0.484375
5.515625 0.453125
5.5 0.453125
5.515625 0.4375
5.421875 0.390625
5.421875 0.375
5.4375 0.390625
5.296875 0.234375
5.296875 0.25
4 0.3671875
4.00390625 0.36328125
4.00390625 0.37109375
4 0.26953125
4.001953125 0.267578125
4.001953125 0.271484375
4 0.6328125
4.00390625 0.62890625
4.00390625 0.63671875
4.09375 0.328125
4.1015625 0.3359375
4.0859375 0.3359375
4 0.24609375
4.001953125 0.244140625
4.001953125 0.248046875
4 0.23828125
4.001953125 0.236328125
4.001953125 0.240234375
4.001953125 0.814453125
4.001953125 0.81640625
4 0.814453125
4.001953125 0.818359375
4.001953125 0.8203125
4 0.818359375
4.001953125 0.822265625
4.001953125 0.82421875
4 0.822265625
4.001953125 0.826171875
4.001953125 0.828125
4 0.826171875
4.001953125 0.830078125
4.001953125 0.83203125
4 0.830078125
4.001953125 0.833984375
4.001953125 0.8359375
4 0.833984375
4.001953125 0.837890625
4.001953125 0.83984375
4 0.837890625
4.001953125 0.841796875
4.001953125 0.84375
4 0.841796875
4.001953125 0.845703125
4.001953125 0.84765625
4 0.845703125
4.0009765625 0.9697265625
4.0009765625 0.970703125
4 0.9697265625
4.0009765625 0.9716796875
4.0009765625 0.97265625
4 0.9716796875
4.0009765625 0.9736328125
4.0009765625 0.974609375
4 0.9736328125
4.0009765625 0.9755859375
4.0009765625 0.9765625
4 0.9755859375
4.0009765625 0.9775390625
4.0009765625 0.978515625
4 0.9775390625
4.0009765625 0.9794921875
4.0009765625 0.98046875
4 0.9794921875
4.0009765625 0.9814453125
4.0009765625 0.982421875
4 0.9814453125
4.0009765625 0.9833984375
4.0009765625 0.984375
4 0.9833984375
4 0.060546875
4.0009765625 0.0595703125
4.0009765625 0.0615234375
4 0.056640625
4.0009765625 0.0556640625
4.0009765625 0.0576171875
4 0.052734375
4.0009765625 0.0517578125
4.0009765625 0.0537109375
4 0.048828125
4.0009765625 0.0478515625
4.0009765625 0.0498046875
4 0.044921875
4.0009765625 0.0439453125
4.0009765625 0.0458984375
4 0.041015625
4.0009765625 0.0400390625
4.0009765625 0.0419921875
4 0.037109375
4.0009765625 0.0361328125
4.0009765625 0.0380859375
4 0.033203125
4.0009765625 0.0322265625
4.0009765625 0.0341796875
4.001953125 0.787109375
4.001953125 0.7890625
4 0.787109375
4.001953125 0.791015625
4.001953125 0.79296875
4 0.791015625
4.001953125 0.794921875
4.001953125 0.796875
4 0.794921875
4.001953125 0.798828125
4.001953125 0.80078125
4 0.798828125
4.001953125 0.802734375
4.001953125 0.8046875
4 0.802734375
4.001953125 0.806640625
4.001953125 0.80859375
4 0.806640625
4.001953125 0.810546875
4.001953125 0.8125
4 0.810546875
4 0.076171875
4.0009765625 0.0751953125
4.0009765625 0.0771484375
4 0.072265625
4.0009765625 0.0712890625
4.0009765625 0.0732421875
4 0.068359375
4.0009765625 0.0673828125
4.0009765625 0.0693359375
4 0.064453125
4.0009765625 0.0634765625
4.0009765625 0.0654296875
4.0009765625 0.9677734375
4.0009765625 0.96875
4 0.9677734375
4 0.087890625
4.0009765625 0.0869140625
4.0009765625 0.0888671875
4 0.083984375
4.0009765625 0.0830078125
4.0009765625 0.0849609375
4 0.080078125
4.0009765625 0.0791015625
4.0009765625 0.0810546875
4 0.0029296875
4.00048828125 0.00244140625
4.00048828125 0.00341796875
0.0078125 1
0.00390625 0.99609375
0.01171875 0.99609375
0.00390625 0.00390625
0.00390625 0
0.0078125 0.00390625
4 0.73046875
4.001953125 0.728515625
4.001953125 0.732421875
0.34375 0.59375
0.34375 0.5625
0.375 0.59375
4.203125 0.703125
4.203125 0.71875
4.1875 0.703125
1.84375 0.15625
1.8125 0.15625
1.84375 0.125
1.34375 0.34375
1.34375 0.3125
1.5625 0.46875
1.53125 0.5
1.28125 0.34375
1.25 0.34375
1.28125 0.3125
4.046875 0.296875
4.046875 0.28125
4.0625 0.296875
4.390625 0.828125
4.390625 0.84375
4.375 0.828125
5.453125 0.390625
5.453125 0.40625
0.78125 0.65625
0.78125 0.6875
0.71875 0.90625
0.6875 0.90625
0.71875 0.875
6.15625 0.125
6.171875 0.140625
6.140625 0.140625
7.15625 0.78125
7.15625 0.8125
4.078125 0.390625
4.078125 0.40625
4.0625 0.390625
7.0625 0.78125
7.09375 0.75
1.84375 0.28125
1.8125 0.28125
0.5 0.28125
2.6875 0.15625
2.71875 0.125
0.75 0.28125
6.703125 0.234375
6.734375 0.234375
7.09375 0.40625
7.0625 0.40625
7.09375 0.375
0.21875 0.3125
7.90625 0.0625
7.890625 0.046875
0 0.0078125
0.00390625 0.01171875
5.390625 0.390625
5.390625 0.40625
5.375 0.390625
4.453125 0.828125
4.453125 0.84375
6.71875 0.5625
6.734375 0.578125
6.703125 0.578125
7.21875 0.40625
7.1875 0.40625
7.21875 0.375
4.359375 0.484375
4.359375 0.46875
4.296875 0.65625
2.84375 0.90625
2.84375 0.9375
2.90625 0.0625
1.53125 0.53125
1.53125 0.5625
1.5 0.53125
0.875 0.34375
1.09375 0.6875
1.125 0.71875
4.046875 0.609375
4.046875 0.59375
4.859375 0.171875
4.859375 0.15625
4.875 0.171875
7.9375 0.96875
7.921875 0.984375
4.171875 0.109375
4.171875 0.09375
4.1875 0.109375
0.96875 0.46875
0.96875 0.4375
7.53125 0.96875
7.5625 0.96875
7.53125 1
4.671875 0.109375
4.671875 0.09375
4.6875 0.109375
3.84375 0
3.859375 0.015625
3.828125 0.015625
1.09375 0.34375
1.09375 0.3125
1.125 0.34375
4.890625 0.65625
4.875 0.640625
4.421875 0.796875
4.421875 0.78125
4.4375 0.796875
2.84375 0.8125
2.875 0.84375
2.15625 0.65625
2.15625 0.6875
2.125 0.65625
2.34375 0.59375
2.34375 0.5625
2.375 0.59375
5.140625 0.765625
5.140625 0.78125
5.125 0.765625
2.53125 0.15625
2.53125 0.1875
2.5 0.15625
5.421875 0.703125
5.390625 0.734375
5.203125 0.859375
5.546875 0.171875
4.921875 0.328125
5.265625 0.078125
5.25 0.40625
6.21875 0.9375
6.25 0.09375
5.453125 0.859375
6.0625 0.78125
5.75 0.59375
3.84375 0.84375
3.90625 0.21875
6.6875 0.59375
7.21875 0.34375
5.234375 0.171875
5.703125 0.171875
4.359375 0.453125
4.046875 0.390625
5.671875 0.203125
4.171875 0.703125
6.09375 0.125
3.25 0.3125
4.734375 0.171875
5.046875 0.578125
5.125 0.71875
5.140625 0.671875
5.171875 0.703125
5.375 0.46875
5.4375 0.59375
5.015625 0.328125
5.359375 0.296875
3.8125 0.03125
5.171875 0.765625
4.359375 0.671875
4.390625 0.640625
4.453125 0.796875
5.8125 0.71875
5.9375 0.71875
5.5625 0.71875
6.625 0.03125
4.046875 0.484375
5.6875 0.28125
4.171875 0.921875
4.546875 0.828125
5.5625 0.21875
7.21875 0.90625
3.84375 0.71875
3.46875 0.34375
2.78125 0.78125
2.71875 0.21875
6.15625 0.0625
5.3125 0.71875
4.703125 0.109375
5.6875 0.09375
0.34375 0.21875
2.59375 0.84375
2.65625 0.15625
0.03125 0.125
2.84375 0.78125
2.09375 0.65625
5.96875 0.9375
5.4375 0.78125
4.609375 0.046875
2.40625 0.65625
5.953125 0.171875
6.0625 0.09375
4.265625 0.546875
5.203125 0.203125
6.6875 0.03125
4.0234375 1
7.40625 0.96875
5.171875 0.328125
5.328125 0.484375
7.34375 0.0625
5.140625 0.546875
5.015625 0.453125
7.28125 0.71875
4.609375 0.640625
3.84375 0.15625
2.34375 0.53125
4.828125 0.890625
5.328125 0.890625
5.359375 0.890625
4.984375 0.390625
5.390625 0.921875
4.921875 0.640625
4.890625 0.171875
5.046875 0.796875
5.109375 0.765625
4.359375 0.828125
4.421875 0.765625
5.5 0.65625
5.515625 0.734375
6.8125 0.03125
4.546875 0.953125
4.609375 0.859375
3.25 0.5625
2.15625 0.71875
2.46875 0.59375
2.46875 0.71875
2.53125 0.28125
4.703125 0.734375
4.734375 0.765625
5.234375 0.796875
4.578125 0.890625
5.078125 0.640625
4.9375 0.90625
2.34375 0.28125
2.28125 0.21875
2.96875 0.59375
5.0625 0.53125
4.984375 0.578125
5.421875 0.921875
3.09375 0.90625
2.59375 0.15625
3.28125 0.84375
5.546875 0.359375
5.484375 0.703125
5.484375 0.453125
5.578125 0.140625
5.890625 0.640625
3.59375 0.96875
3.59375 0.03125
6.03125 0.4375
6.125 0.28125
6.0625 0.28125
6.0625 0.34375
6 0.34375
6.96875 0.9375
6.0625 0.59375
5.953125 0.765625
5.515625 0.203125
5.515625 0.140625
6.28125 0.1875
4.01171875 1
3.65625 0.84375
5.875 0.71875
3.65625 0.15625
5.359375 0.171875
4.859375 0.421875
4.890625 0.390625
6.1875 0.15625
6.3125 0.15625
6.375 0.15625
6.125 0.15625
7.28125 0.84375
7.34375 0.90625
0.0625 0.21875
5.453125 0.265625
2.28125 0.09375
2.34375 0.15625
6.1875 0.21875
6.25 0.21875
6.9375 0.96875
3.46875 0.65625
5.484375 0.765625
5.640625 0.140625
5.625 0.15625
5.703125 0.234375
4.703125 0.265625
6.5625 0.46875
5.75 0.15625
6 0.15625
4.421875 0.515625
4.00390625 0.234375
4.001953125 0.0546875
4.001953125 0.0390625
4.001953125 0.0859375
4.001953125 0.0703125
7.90625 0
7.21875 0.71875
5.078125 0.890625
5.265625 0.515625
5.296875 0.546875
1.875 0.1875
5.609375 0.203125
2.78125 0.90625
2.71875 0.09375
5.109375 0.609375
4.734375 0.046875
4.640625 0.640625
6.125 0.46875
6.21875 0.3125
1.09375 0.09375
2.5 0.8125
2.46875 0.15625
5.1875 0.71875
5.140625 0.734375
4.796875 0.734375
5.203125 0.421875
1.03125 0.71875
4.859375 0.140625
4.421875 0.140625
4.390625 0.109375
5.140625 0.078125
5.390625 0.078125
2.71875 0.90625
2.65625 0.84375
2.78125 0.21875
4.765625 0.265625
6.5 0.34375
4.140625 0.359375
5.296875 0.453125
6.6875 0.21875
5.203125 0.265625
4.0009765625 0.00390625
1.09375 0.28125
5.234375 0.359375
1.71875 0.46875
6.75 0.21875
5.203125 0.140625
4.984375 0.515625
1.46875 0.46875
1.53125 0.40625
7.03125 0.21875
4.890625 0.890625
6.65625 0.59375
5.171875 0.203125
5.421875 0.359375
5.015625 0.796875
5.171875 0.046875
5.6875 0.53125
5.078125 0.765625
5.046875 0.734375
5.015625 0.734375
5.5625 0.40625
4.203125 0.859375
4.00390625 0.2734375
5.359375 0.359375
7.03125 0.40625
5.328125 0.703125
5.390625 0.484375
5.6875 0.71875
4.671875 0.203125
4.671875 0.328125
3.9990234375 0.9892578125
3.99609375 0.26953125
3.25 0.6875
3.8125 0.96875
5.296875 0.796875
5.359375 0.828125
5.203125 0.796875
6.21875 0.625
6.15625 0.3125
3.09375 0.65625
3.09375 0.34375
2.53125 0.71875
2.59375 0.71875
5.203125 0.515625
2.46875 0.40625
5.046875 0.640625
5.265625 0.890625
6.28125 0.75
6.21875 0.75
6.75 0.03125
5.515625 0.359375
3.21875 0.09375
3.28125 0.15625
3.21875 0.90625
6.21875 0.5625
2.59375 0.28125
3.53125 0.21875
5.484375 0.265625
5.390625 0.265625
6.125 0.59375
3.53125 0.78125
3.25 0.4375
4.00390625 0.2421875
4.001953125 0.05859375
4.001953125 0.05078125
4.001953125 0.04296875
4.001953125 0.03515625
4.001953125 0.07421875
4.001953125 0.06640625
5.359375 0.109375
5.109375 0.640625
4.734375 0.390625
5.9375 0.40625
2.40625 0.34375
7.15625 0.40625
7.03125 0.78125
3.09375 0.09375
6.25 0.59375
6.3125 0.59375
2.71875 0.78125
5.453125 0.203125
5.421875 0.078125
3.998046875 0.041015625
3.998046875 0.791015625
3.99609375 0.23828125
3.998046875 0.822265625
3.998046875 0.837890625
3.9990234375 0.9736328125
3.9990234375 0.9814453125
3.998046875 0.056640625
3.998046875 0.806640625
3.998046875 0.072265625
3.99951171875 0.99853515625
5.234375 0.109375
5.609375 0.671875
3.78125 0.71875
3.90625 0.78125
5.453125 0.140625
5.921875 0.796875
3.75 0.4375
3.75 0.6875
6.125 0.84375
6.21875 0.8125
5.984375 0.203125
5.109375 0.359375
3.78125 0.28125
3.84375 0.28125
5.640625 0.703125
5.609375 0.609375
5.640625 0.640625
4.890625 0.609375
5.859375 0.671875
6.96875 1
5.96875 0.8125
3.71875 0.71875
3.75 0.5625
6 0.84375
3.71875 0.28125
0 0.21875
6.875 0.96875
5.640625 0.265625
4.109375 0.375
4.140625 0.375
6.65625 0.375
4.001953125 0.08984375
4.001953125 0.08203125
4.796875 0.171875
5.109375 0.109375
5.328125 0.359375
0.015625 0.9921875
0.01171875 0.00390625
5.328125 0.296875
5.390625 0.328125
4.890625 0.671875
5.421875 0.859375
5.390625 0.421875
4.859375 0.640625
6 0.71875
6.75 0.59375
1.90625 0.21875
5.359375 0.390625
3.75 0.3125
4.00390625 0.7265625
3.998046875 0.087890625
4.890625 0.734375
5.515625 0.546875
2.96875 0.40625
7.40625 0.03125
7.34375 0
4.609375 0.703125
4.921875 0.859375
6.4375 0.78125
2.78125 0.09375
3.9990234375 0.9853515625
3.9990234375 0.9873046875
3.99609375 0.23046875
2.84375 0.21875
3.998046875 0.984375
4.0078125 0.98828125
5.515625 0.421875
5.296875 0.265625
3.9921875 0.3671875
4.0078125 0.375
3.9921875 0.6328125
4.0078125 0.625
3.99609375 0.24609375
4.00390625 0.25
3.998046875 0.814453125
3.998046875 0.818359375
3.998046875 0.826171875
3.998046875 0.830078125
3.998046875 0.833984375
3.998046875 0.841796875
3.998046875 0.845703125
3.9990234375 0.9697265625
3.9990234375 0.9716796875
3.9990234375 0.9755859375
3.9990234375 0.9775390625
3.9990234375 0.9794921875
3.9990234375 0.9833984375
3.998046875 0.060546875
4.001953125 0.0625
3.998046875 0.052734375
3.998046875 0.048828125
4.001953125 0.046875
3.998046875 0.044921875
3.998046875 0.037109375
3.998046875 0.033203125
3.998046875 0.787109375
3.998046875 0.794921875
3.998046875 0.798828125
3.998046875 0.802734375
3.998046875 0.810546875
3.998046875 0.076171875
4.001953125 0.078125
3.998046875 0.068359375
3.998046875 0.064453125
3.9990234375 0.9677734375
3.998046875 0.083984375
3.998046875 0.080078125
3.9990234375 0.0029296875
0 0.9921875
3.99609375 0.73046875
3.99609375 0.828125
3.998046875 0.9765625
3.99609375 0.078125
3.99609375 0.046875
3.99609375 0.796875
3.99609375 0.8125
3.99609375 0.84375
3.998046875 0.96875
3.99609375 0.0625
0.0078125 0.015625
7.90625 1
3.78125 0.03125
3.875 0.3125
3.875 0.6875
3.99609375 0.8359375
3.998046875 0.98046875
3.99609375 0.0859375
3.9921875 0.234375
3.99609375 0.0546875
3.99609375 0.8046875
3.998046875 0.98828125
3.78125 0.96875
3.99609375 0.0390625
3.99609375 0.7890625
3.99609375 0.8203125
3.998046875 0.97265625
3.99609375 0.0703125
3.9990234375 0.998046875
0.0078125 0.0234375
3.998046875 0.00390625
0.015625 0.03125
