MFEM mesh v1.0

#
# MFEM Geometry Types (see fem/geom.hpp):
#
# POINT       = 0
# SEGMENT     = 1
# TRIANGLE    = 2
# SQUARE      = 3
# TETRAHEDRON = 4
# CUBE        = 5
# PRISM       = 6
# PYRAMID     = 7
#

dimension
2

elements
5120
1 3 0 1361 4001 1364
1 3 1361 361 1362 4001
1 3 4001 1362 1041 1363
1 3 1364 4001 1363 364
1 3 361 1365 4002 1362
1 3 1365 101 1366 4002
1 3 4002 1366 362 1367
1 3 1362 4002 1367 1041
1 3 1041 1367 4003 1370
1 3 1367 362 1368 4003
1 3 4003 1368 281 1369
1 3 1370 4003 1369 363
1 3 364 1363 4004 1372
1 3 1363 1041 1370 4004
1 3 4004 1370 363 1371
1 3 1372 4004 1371 104
1 3 101 1373 4005 1366
1 3 1373 365 1374 4005
1 3 4005 1374 1042 1375
1 3 1366 4005 1375 362
1 3 365 1376 4006 1374
1 3 1376 31 1377 4006
1 3 4006 1377 366 1378
1 3 1374 4006 1378 1042
1 3 1042 1378 4007 1381
1 3 1378 366 1379 4007
1 3 4007 1379 102 1380
1 3 1381 4007 1380 367
1 3 362 1375 4008 1368
1 3 1375 1042 1381 4008
1 3 4008 1381 367 1382
1 3 1368 4008 1382 281
1 3 281 1382 4009 1385
1 3 1382 367 1383 4009
1 3 4009 1383 1043 1384
1 3 1385 4009 1384 370
1 3 367 1380 4010 1383
1 3 1380 102 1386 4010
1 3 4010 1386 368 1387
1 3 1383 4010 1387 1043
1 3 1043 1387 4011 1390
1 3 1387 368 1388 4011
1 3 4011 1388 81 1389
1 3 1390 4011 1389 369
1 3 370 1384 4012 1392
1 3 1384 1043 1390 4012
1 3 4012 1390 369 1391
1 3 1392 4012 1391 103
1 3 104 1371 4013 1395
1 3 1371 363 1393 4013
1 3 4013 1393 1044 1394
1 3 1395 4013 1394 372
1 3 363 1369 4014 1393
1 3 1369 281 1385 4014
1 3 4014 1385 370 1396
1 3 1393 4014 1396 1044
1 3 1044 1396 4015 1398
1 3 1396 370 1392 4015
1 3 4015 1392 103 1397
1 3 1398 4015 1397 371
1 3 372 1394 4016 1400
1 3 1394 1044 1398 4016
1 3 4016 1398 371 1399
1 3 1400 4016 1399 34
1 3 31 1401 4017 1377
1 3 1401 373 1402 4017
1 3 4017 1402 1045 1403
1 3 1377 4017 1403 366
1 3 373 1404 4018 1402
1 3 1404 105 1405 4018
1 3 4018 1405 374 1406
1 3 1402 4018 1406 1045
1 3 1045 1406 4019 1409
1 3 1406 374 1407 4019
1 3 4019 1407 282 1408
1 3 1409 4019 1408 375
1 3 366 1403 4020 1379
1 3 1403 1045 1409 4020
1 3 4020 1409 375 1410
1 3 1379 4020 1410 102
1 3 105 1411 4021 1405
1 3 1411 376 1412 4021
1 3 4021 1412 1046 1413
1 3 1405 4021 1413 374
1 3 376 1414 4022 1412
1 3 1414 11 1415 4022
1 3 4022 1415 377 1416
1 3 1412 4022 1416 1046
1 3 1046 1416 4023 1419
1 3 1416 377 1417 4023
1 3 4023 1417 106 1418
1 3 1419 4023 1418 378
1 3 374 1413 4024 1407
1 3 1413 1046 1419 4024
1 3 4024 1419 378 1420
1 3 1407 4024 1420 282
1 3 282 1420 4025 1423
1 3 1420 378 1421 4025
1 3 4025 1421 1047 1422
1 3 1423 4025 1422 381
1 3 378 1418 4026 1421
1 3 1418 106 1424 4026
1 3 4026 1424 379 1425
1 3 1421 4026 1425 1047
1 3 1047 1425 4027 1428
1 3 1425 379 1426 4027
1 3 4027 1426 32 1427
1 3 1428 4027 1427 380
1 3 381 1422 4028 1430
1 3 1422 1047 1428 4028
1 3 4028 1428 380 1429
1 3 1430 4028 1429 107
1 3 102 1410 4029 1386
1 3 1410 375 1431 4029
1 3 4029 1431 1048 1432
1 3 1386 4029 1432 368
1 3 375 1408 4030 1431
1 3 1408 282 1423 4030
1 3 4030 1423 381 1433
1 3 1431 4030 1433 1048
1 3 1048 1433 4031 1435
1 3 1433 381 1430 4031
1 3 4031 1430 107 1434
1 3 1435 4031 1434 382
1 3 368 1432 4032 1388
1 3 1432 1048 1435 4032
1 3 4032 1435 382 1436
1 3 1388 4032 1436 81
1 3 81 1436 4033 1439
1 3 1436 382 1437 4033
1 3 4033 1437 1049 1438
1 3 1439 4033 1438 385
1 3 382 1434 4034 1437
1 3 1434 107 1440 4034
1 3 4034 1440 383 1441
1 3 1437 4034 1441 1049
1 3 1049 1441 4035 1444
1 3 1441 383 1442 4035
1 3 4035 1442 283 1443
1 3 1444 4035 1443 384
1 3 385 1438 4036 1446
1 3 1438 1049 1444 4036
1 3 4036 1444 384 1445
1 3 1446 4036 1445 110
1 3 107 1429 4037 1440
1 3 1429 380 1447 4037
1 3 4037 1447 1050 1448
1 3 1440 4037 1448 383
1 3 380 1427 4038 1447
1 3 1427 32 1449 4038
1 3 4038 1449 386 1450
1 3 1447 4038 1450 1050
1 3 1050 1450 4039 1453
1 3 1450 386 1451 4039
1 3 4039 1451 108 1452
1 3 1453 4039 1452 387
1 3 383 1448 4040 1442
1 3 1448 1050 1453 4040
1 3 4040 1453 387 1454
1 3 1442 4040 1454 283
1 3 283 1454 4041 1457
1 3 1454 387 1455 4041
1 3 4041 1455 1051 1456
1 3 1457 4041 1456 390
1 3 387 1452 4042 1455
1 3 1452 108 1458 4042
1 3 4042 1458 388 1459
1 3 1455 4042 1459 1051
1 3 1051 1459 4043 1462
1 3 1459 388 1460 4043
1 3 4043 1460 26 1461
1 3 1462 4043 1461 389
1 3 390 1456 4044 1464
1 3 1456 1051 1462 4044
1 3 4044 1462 389 1463
1 3 1464 4044 1463 109
1 3 110 1445 4045 1467
1 3 1445 384 1465 4045
1 3 4045 1465 1052 1466
1 3 1467 4045 1466 392
1 3 384 1443 4046 1465
1 3 1443 283 1457 4046
1 3 4046 1457 390 1468
1 3 1465 4046 1468 1052
1 3 1052 1468 4047 1470
1 3 1468 390 1464 4047
1 3 4047 1464 109 1469
1 3 1470 4047 1469 391
1 3 392 1466 4048 1472
1 3 1466 1052 1470 4048
1 3 4048 1470 391 1471
1 3 1472 4048 1471 33
1 3 34 1399 4049 1475
1 3 1399 371 1473 4049
1 3 4049 1473 1053 1474
1 3 1475 4049 1474 395
1 3 371 1397 4050 1473
1 3 1397 103 1476 4050
1 3 4050 1476 393 1477
1 3 1473 4050 1477 1053
1 3 1053 1477 4051 1480
1 3 1477 393 1478 4051
1 3 4051 1478 284 1479
1 3 1480 4051 1479 394
1 3 395 1474 4052 1482
1 3 1474 1053 1480 4052
1 3 4052 1480 394 1481
1 3 1482 4052 1481 112
1 3 103 1391 4053 1476
1 3 1391 369 1483 4053
1 3 4053 1483 1054 1484
1 3 1476 4053 1484 393
1 3 369 1389 4054 1483
1 3 1389 81 1439 4054
1 3 4054 1439 385 1485
1 3 1483 4054 1485 1054
1 3 1054 1485 4055 1487
1 3 1485 385 1446 4055
1 3 4055 1446 110 1486
1 3 1487 4055 1486 396
1 3 393 1484 4056 1478
1 3 1484 1054 1487 4056
1 3 4056 1487 396 1488
1 3 1478 4056 1488 284
1 3 284 1488 4057 1491
1 3 1488 396 1489 4057
1 3 4057 1489 1055 1490
1 3 1491 4057 1490 398
1 3 396 1486 4058 1489
1 3 1486 110 1467 4058
1 3 4058 1467 392 1492
1 3 1489 4058 1492 1055
1 3 1055 1492 4059 1494
1 3 1492 392 1472 4059
1 3 4059 1472 33 1493
1 3 1494 4059 1493 397
1 3 398 1490 4060 1496
1 3 1490 1055 1494 4060
1 3 4060 1494 397 1495
1 3 1496 4060 1495 111
1 3 112 1481 4061 1499
1 3 1481 394 1497 4061
1 3 4061 1497 1056 1498
1 3 1499 4061 1498 400
1 3 394 1479 4062 1497
1 3 1479 284 1491 4062
1 3 4062 1491 398 1500
1 3 1497 4062 1500 1056
1 3 1056 1500 4063 1502
1 3 1500 398 1496 4063
1 3 4063 1496 111 1501
1 3 1502 4063 1501 399
1 3 400 1498 4064 1504
1 3 1498 1056 1502 4064
1 3 4064 1502 399 1503
1 3 1504 4064 1503 14
1 3 0 1364 4065 1507
1 3 1364 364 1505 4065
1 3 4065 1505 1057 1506
1 3 1507 4065 1506 403
1 3 364 1372 4066 1505
1 3 1372 104 1508 4066
1 3 4066 1508 401 1509
1 3 1505 4066 1509 1057
1 3 1057 1509 4067 1512
1 3 1509 401 1510 4067
1 3 4067 1510 285 1511
1 3 1512 4067 1511 402
1 3 403 1506 4068 1514
1 3 1506 1057 1512 4068
1 3 4068 1512 402 1513
1 3 1514 4068 1513 115
1 3 104 1395 4069 1508
1 3 1395 372 1515 4069
1 3 4069 1515 1058 1516
1 3 1508 4069 1516 401
1 3 372 1400 4070 1515
1 3 1400 34 1517 4070
1 3 4070 1517 404 1518
1 3 1515 4070 1518 1058
1 3 1058 1518 4071 1521
1 3 1518 404 1519 4071
1 3 4071 1519 113 1520
1 3 1521 4071 1520 405
1 3 401 1516 4072 1510
1 3 1516 1058 1521 4072
1 3 4072 1521 405 1522
1 3 1510 4072 1522 285
1 3 285 1522 4073 1525
1 3 1522 405 1523 4073
1 3 4073 1523 1059 1524
1 3 1525 4073 1524 408
1 3 405 1520 4074 1523
1 3 1520 113 1526 4074
1 3 4074 1526 406 1527
1 3 1523 4074 1527 1059
1 3 1059 1527 4075 1530
1 3 1527 406 1528 4075
1 3 4075 1528 82 1529
1 3 1530 4075 1529 407
1 3 408 1524 4076 1532
1 3 1524 1059 1530 4076
1 3 4076 1530 407 1531
1 3 1532 4076 1531 114
1 3 115 1513 4077 1535
1 3 1513 402 1533 4077
1 3 4077 1533 1060 1534
1 3 1535 4077 1534 410
1 3 402 1511 4078 1533
1 3 1511 285 1525 4078
1 3 4078 1525 408 1536
1 3 1533 4078 1536 1060
1 3 1060 1536 4079 1538
1 3 1536 408 1532 4079
1 3 4079 1532 114 1537
1 3 1538 4079 1537 409
1 3 410 1534 4080 1540
1 3 1534 1060 1538 4080
1 3 4080 1538 409 1539
1 3 1540 4080 1539 37
1 3 34 1475 4081 1517
1 3 1475 395 1541 4081
1 3 4081 1541 1061 1542
1 3 1517 4081 1542 404
1 3 395 1482 4082 1541
1 3 1482 112 1543 4082
1 3 4082 1543 411 1544
1 3 1541 4082 1544 1061
1 3 1061 1544 4083 1547
1 3 1544 411 1545 4083
1 3 4083 1545 286 1546
1 3 1547 4083 1546 412
1 3 404 1542 4084 1519
1 3 1542 1061 1547 4084
1 3 4084 1547 412 1548
1 3 1519 4084 1548 113
1 3 112 1499 4085 1543
1 3 1499 400 1549 4085
1 3 4085 1549 1062 1550
1 3 1543 4085 1550 411
1 3 400 1504 4086 1549
1 3 1504 14 1551 4086
1 3 4086 1551 413 1552
1 3 1549 4086 1552 1062
1 3 1062 1552 4087 1555
1 3 1552 413 1553 4087
1 3 4087 1553 116 1554
1 3 1555 4087 1554 414
1 3 411 1550 4088 1545
1 3 1550 1062 1555 4088
1 3 4088 1555 414 1556
1 3 1545 4088 1556 286
1 3 286 1556 4089 1559
1 3 1556 414 1557 4089
1 3 4089 1557 1063 1558
1 3 1559 4089 1558 417
1 3 414 1554 4090 1557
1 3 1554 116 1560 4090
1 3 4090 1560 415 1561
1 3 1557 4090 1561 1063
1 3 1063 1561 4091 1564
1 3 1561 415 1562 4091
1 3 4091 1562 35 1563
1 3 1564 4091 1563 416
1 3 417 1558 4092 1566
1 3 1558 1063 1564 4092
1 3 4092 1564 416 1565
1 3 1566 4092 1565 117
1 3 113 1548 4093 1526
1 3 1548 412 1567 4093
1 3 4093 1567 1064 1568
1 3 1526 4093 1568 406
1 3 412 1546 4094 1567
1 3 1546 286 1559 4094
1 3 4094 1559 417 1569
1 3 1567 4094 1569 1064
1 3 1064 1569 4095 1571
1 3 1569 417 1566 4095
1 3 4095 1566 117 1570
1 3 1571 4095 1570 418
1 3 406 1568 4096 1528
1 3 1568 1064 1571 4096
1 3 4096 1571 418 1572
1 3 1528 4096 1572 82
1 3 82 1572 4097 1575
1 3 1572 418 1573 4097
1 3 4097 1573 1065 1574
1 3 1575 4097 1574 421
1 3 418 1570 4098 1573
1 3 1570 117 1576 4098
1 3 4098 1576 419 1577
1 3 1573 4098 1577 1065
1 3 1065 1577 4099 1580
1 3 1577 419 1578 4099
1 3 4099 1578 287 1579
1 3 1580 4099 1579 420
1 3 421 1574 4100 1582
1 3 1574 1065 1580 4100
1 3 4100 1580 420 1581
1 3 1582 4100 1581 120
1 3 117 1565 4101 1576
1 3 1565 416 1583 4101
1 3 4101 1583 1066 1584
1 3 1576 4101 1584 419
1 3 416 1563 4102 1583
1 3 1563 35 1585 4102
1 3 4102 1585 422 1586
1 3 1583 4102 1586 1066
1 3 1066 1586 4103 1589
1 3 1586 422 1587 4103
1 3 4103 1587 118 1588
1 3 1589 4103 1588 423
1 3 419 1584 4104 1578
1 3 1584 1066 1589 4104
1 3 4104 1589 423 1590
1 3 1578 4104 1590 287
1 3 287 1590 4105 1593
1 3 1590 423 1591 4105
1 3 4105 1591 1067 1592
1 3 1593 4105 1592 426
1 3 423 1588 4106 1591
1 3 1588 118 1594 4106
1 3 4106 1594 424 1595
1 3 1591 4106 1595 1067
1 3 1067 1595 4107 1598
1 3 1595 424 1596 4107
1 3 4107 1596 27 1597
1 3 1598 4107 1597 425
1 3 426 1592 4108 1600
1 3 1592 1067 1598 4108
1 3 4108 1598 425 1599
1 3 1600 4108 1599 119
1 3 120 1581 4109 1603
1 3 1581 420 1601 4109
1 3 4109 1601 1068 1602
1 3 1603 4109 1602 428
1 3 420 1579 4110 1601
1 3 1579 287 1593 4110
1 3 4110 1593 426 1604
1 3 1601 4110 1604 1068
1 3 1068 1604 4111 1606
1 3 1604 426 1600 4111
1 3 4111 1600 119 1605
1 3 1606 4111 1605 427
1 3 428 1602 4112 1608
1 3 1602 1068 1606 4112
1 3 4112 1606 427 1607
1 3 1608 4112 1607 36
1 3 37 1539 4113 1611
1 3 1539 409 1609 4113
1 3 4113 1609 1069 1610
1 3 1611 4113 1610 431
1 3 409 1537 4114 1609
1 3 1537 114 1612 4114
1 3 4114 1612 429 1613
1 3 1609 4114 1613 1069
1 3 1069 1613 4115 1616
1 3 1613 429 1614 4115
1 3 4115 1614 288 1615
1 3 1616 4115 1615 430
1 3 431 1610 4116 1618
1 3 1610 1069 1616 4116
1 3 4116 1616 430 1617
1 3 1618 4116 1617 122
1 3 114 1531 4117 1612
1 3 1531 407 1619 4117
1 3 4117 1619 1070 1620
1 3 1612 4117 1620 429
1 3 407 1529 4118 1619
1 3 1529 82 1575 4118
1 3 4118 1575 421 1621
1 3 1619 4118 1621 1070
1 3 1070 1621 4119 1623
1 3 1621 421 1582 4119
1 3 4119 1582 120 1622
1 3 1623 4119 1622 432
1 3 429 1620 4120 1614
1 3 1620 1070 1623 4120
1 3 4120 1623 432 1624
1 3 1614 4120 1624 288
1 3 288 1624 4121 1627
1 3 1624 432 1625 4121
1 3 4121 1625 1071 1626
1 3 1627 4121 1626 434
1 3 432 1622 4122 1625
1 3 1622 120 1603 4122
1 3 4122 1603 428 1628
1 3 1625 4122 1628 1071
1 3 1071 1628 4123 1630
1 3 1628 428 1608 4123
1 3 4123 1608 36 1629
1 3 1630 4123 1629 433
1 3 434 1626 4124 1632
1 3 1626 1071 1630 4124
1 3 4124 1630 433 1631
1 3 1632 4124 1631 121
1 3 122 1617 4125 1635
1 3 1617 430 1633 4125
1 3 4125 1633 1072 1634
1 3 1635 4125 1634 436
1 3 430 1615 4126 1633
1 3 1615 288 1627 4126
1 3 4126 1627 434 1636
1 3 1633 4126 1636 1072
1 3 1072 1636 4127 1638
1 3 1636 434 1632 4127
1 3 4127 1632 121 1637
1 3 1638 4127 1637 435
1 3 436 1634 4128 1640
1 3 1634 1072 1638 4128
1 3 4128 1638 435 1639
1 3 1640 4128 1639 17
1 3 0 1507 4129 1643
1 3 1507 403 1641 4129
1 3 4129 1641 1073 1642
1 3 1643 4129 1642 439
1 3 403 1514 4130 1641
1 3 1514 115 1644 4130
1 3 4130 1644 437 1645
1 3 1641 4130 1645 1073
1 3 1073 1645 4131 1648
1 3 1645 437 1646 4131
1 3 4131 1646 289 1647
1 3 1648 4131 1647 438
1 3 439 1642 4132 1650
1 3 1642 1073 1648 4132
1 3 4132 1648 438 1649
1 3 1650 4132 1649 125
1 3 115 1535 4133 1644
1 3 1535 410 1651 4133
1 3 4133 1651 1074 1652
1 3 1644 4133 1652 437
1 3 410 1540 4134 1651
1 3 1540 37 1653 4134
1 3 4134 1653 440 1654
1 3 1651 4134 1654 1074
1 3 1074 1654 4135 1657
1 3 1654 440 1655 4135
1 3 4135 1655 123 1656
1 3 1657 4135 1656 441
1 3 437 1652 4136 1646
1 3 1652 1074 1657 4136
1 3 4136 1657 441 1658
1 3 1646 4136 1658 289
1 3 289 1658 4137 1661
1 3 1658 441 1659 4137
1 3 4137 1659 1075 1660
1 3 1661 4137 1660 444
1 3 441 1656 4138 1659
1 3 1656 123 1662 4138
1 3 4138 1662 442 1663
1 3 1659 4138 1663 1075
1 3 1075 1663 4139 1666
1 3 1663 442 1664 4139
1 3 4139 1664 83 1665
1 3 1666 4139 1665 443
1 3 444 1660 4140 1668
1 3 1660 1075 1666 4140
1 3 4140 1666 443 1667
1 3 1668 4140 1667 124
1 3 125 1649 4141 1671
1 3 1649 438 1669 4141
1 3 4141 1669 1076 1670
1 3 1671 4141 1670 446
1 3 438 1647 4142 1669
1 3 1647 289 1661 4142
1 3 4142 1661 444 1672
1 3 1669 4142 1672 1076
1 3 1076 1672 4143 1674
1 3 1672 444 1668 4143
1 3 4143 1668 124 1673
1 3 1674 4143 1673 445
1 3 446 1670 4144 1676
1 3 1670 1076 1674 4144
1 3 4144 1674 445 1675
1 3 1676 4144 1675 40
1 3 37 1611 4145 1653
1 3 1611 431 1677 4145
1 3 4145 1677 1077 1678
1 3 1653 4145 1678 440
1 3 431 1618 4146 1677
1 3 1618 122 1679 4146
1 3 4146 1679 447 1680
1 3 1677 4146 1680 1077
1 3 1077 1680 4147 1683
1 3 1680 447 1681 4147
1 3 4147 1681 290 1682
1 3 1683 4147 1682 448
1 3 440 1678 4148 1655
1 3 1678 1077 1683 4148
1 3 4148 1683 448 1684
1 3 1655 4148 1684 123
1 3 122 1635 4149 1679
1 3 1635 436 1685 4149
1 3 4149 1685 1078 1686
1 3 1679 4149 1686 447
1 3 436 1640 4150 1685
1 3 1640 17 1687 4150
1 3 4150 1687 449 1688
1 3 1685 4150 1688 1078
1 3 1078 1688 4151 1691
1 3 1688 449 1689 4151
1 3 4151 1689 126 1690
1 3 1691 4151 1690 450
1 3 447 1686 4152 1681
1 3 1686 1078 1691 4152
1 3 4152 1691 450 1692
1 3 1681 4152 1692 290
1 3 290 1692 4153 1695
1 3 1692 450 1693 4153
1 3 4153 1693 1079 1694
1 3 1695 4153 1694 453
1 3 450 1690 4154 1693
1 3 1690 126 1696 4154
1 3 4154 1696 451 1697
1 3 1693 4154 1697 1079
1 3 1079 1697 4155 1700
1 3 1697 451 1698 4155
1 3 4155 1698 38 1699
1 3 1700 4155 1699 452
1 3 453 1694 4156 1702
1 3 1694 1079 1700 4156
1 3 4156 1700 452 1701
1 3 1702 4156 1701 127
1 3 123 1684 4157 1662
1 3 1684 448 1703 4157
1 3 4157 1703 1080 1704
1 3 1662 4157 1704 442
1 3 448 1682 4158 1703
1 3 1682 290 1695 4158
1 3 4158 1695 453 1705
1 3 1703 4158 1705 1080
1 3 1080 1705 4159 1707
1 3 1705 453 1702 4159
1 3 4159 1702 127 1706
1 3 1707 4159 1706 454
1 3 442 1704 4160 1664
1 3 1704 1080 1707 4160
1 3 4160 1707 454 1708
1 3 1664 4160 1708 83
1 3 83 1708 4161 1711
1 3 1708 454 1709 4161
1 3 4161 1709 1081 1710
1 3 1711 4161 1710 457
1 3 454 1706 4162 1709
1 3 1706 127 1712 4162
1 3 4162 1712 455 1713
1 3 1709 4162 1713 1081
1 3 1081 1713 4163 1716
1 3 1713 455 1714 4163
1 3 4163 1714 291 1715
1 3 1716 4163 1715 456
1 3 457 1710 4164 1718
1 3 1710 1081 1716 4164
1 3 4164 1716 456 1717
1 3 1718 4164 1717 130
1 3 127 1701 4165 1712
1 3 1701 452 1719 4165
1 3 4165 1719 1082 1720
1 3 1712 4165 1720 455
1 3 452 1699 4166 1719
1 3 1699 38 1721 4166
1 3 4166 1721 458 1722
1 3 1719 4166 1722 1082
1 3 1082 1722 4167 1725
1 3 1722 458 1723 4167
1 3 4167 1723 128 1724
1 3 1725 4167 1724 459
1 3 455 1720 4168 1714
1 3 1720 1082 1725 4168
1 3 4168 1725 459 1726
1 3 1714 4168 1726 291
1 3 291 1726 4169 1729
1 3 1726 459 1727 4169
1 3 4169 1727 1083 1728
1 3 1729 4169 1728 462
1 3 459 1724 4170 1727
1 3 1724 128 1730 4170
1 3 4170 1730 460 1731
1 3 1727 4170 1731 1083
1 3 1083 1731 4171 1734
1 3 1731 460 1732 4171
1 3 4171 1732 28 1733
1 3 1734 4171 1733 461
1 3 462 1728 4172 1736
1 3 1728 1083 1734 4172
1 3 4172 1734 461 1735
1 3 1736 4172 1735 129
1 3 130 1717 4173 1739
1 3 1717 456 1737 4173
1 3 4173 1737 1084 1738
1 3 1739 4173 1738 464
1 3 456 1715 4174 1737
1 3 1715 291 1729 4174
1 3 4174 1729 462 1740
1 3 1737 4174 1740 1084
1 3 1084 1740 4175 1742
1 3 1740 462 1736 4175
1 3 4175 1736 129 1741
1 3 1742 4175 1741 463
1 3 464 1738 4176 1744
1 3 1738 1084 1742 4176
1 3 4176 1742 463 1743
1 3 1744 4176 1743 39
1 3 40 1675 4177 1747
1 3 1675 445 1745 4177
1 3 4177 1745 1085 1746
1 3 1747 4177 1746 467
1 3 445 1673 4178 1745
1 3 1673 124 1748 4178
1 3 4178 1748 465 1749
1 3 1745 4178 1749 1085
1 3 1085 1749 4179 1752
1 3 1749 465 1750 4179
1 3 4179 1750 292 1751
1 3 1752 4179 1751 466
1 3 467 1746 4180 1754
1 3 1746 1085 1752 4180
1 3 4180 1752 466 1753
1 3 1754 4180 1753 132
1 3 124 1667 4181 1748
1 3 1667 443 1755 4181
1 3 4181 1755 1086 1756
1 3 1748 4181 1756 465
1 3 443 1665 4182 1755
1 3 1665 83 1711 4182
1 3 4182 1711 457 1757
1 3 1755 4182 1757 1086
1 3 1086 1757 4183 1759
1 3 1757 457 1718 4183
1 3 4183 1718 130 1758
1 3 1759 4183 1758 468
1 3 465 1756 4184 1750
1 3 1756 1086 1759 4184
1 3 4184 1759 468 1760
1 3 1750 4184 1760 292
1 3 292 1760 4185 1763
1 3 1760 468 1761 4185
1 3 4185 1761 1087 1762
1 3 1763 4185 1762 470
1 3 468 1758 4186 1761
1 3 1758 130 1739 4186
1 3 4186 1739 464 1764
1 3 1761 4186 1764 1087
1 3 1087 1764 4187 1766
1 3 1764 464 1744 4187
1 3 4187 1744 39 1765
1 3 1766 4187 1765 469
1 3 470 1762 4188 1768
1 3 1762 1087 1766 4188
1 3 4188 1766 469 1767
1 3 1768 4188 1767 131
1 3 132 1753 4189 1771
1 3 1753 466 1769 4189
1 3 4189 1769 1088 1770
1 3 1771 4189 1770 472
1 3 466 1751 4190 1769
1 3 1751 292 1763 4190
1 3 4190 1763 470 1772
1 3 1769 4190 1772 1088
1 3 1088 1772 4191 1774
1 3 1772 470 1768 4191
1 3 4191 1768 131 1773
1 3 1774 4191 1773 471
1 3 472 1770 4192 1776
1 3 1770 1088 1774 4192
1 3 4192 1774 471 1775
1 3 1776 4192 1775 20
1 3 0 1643 4193 1779
1 3 1643 439 1777 4193
1 3 4193 1777 1089 1778
1 3 1779 4193 1778 475
1 3 439 1650 4194 1777
1 3 1650 125 1780 4194
1 3 4194 1780 473 1781
1 3 1777 4194 1781 1089
1 3 1089 1781 4195 1784
1 3 1781 473 1782 4195
1 3 4195 1782 293 1783
1 3 1784 4195 1783 474
1 3 475 1778 4196 1786
1 3 1778 1089 1784 4196
1 3 4196 1784 474 1785
1 3 1786 4196 1785 135
1 3 125 1671 4197 1780
1 3 1671 446 1787 4197
1 3 4197 1787 1090 1788
1 3 1780 4197 1788 473
1 3 446 1676 4198 1787
1 3 1676 40 1789 4198
1 3 4198 1789 476 1790
1 3 1787 4198 1790 1090
1 3 1090 1790 4199 1793
1 3 1790 476 1791 4199
1 3 4199 1791 133 1792
1 3 1793 4199 1792 477
1 3 473 1788 4200 1782
1 3 1788 1090 1793 4200
1 3 4200 1793 477 1794
1 3 1782 4200 1794 293
1 3 293 1794 4201 1797
1 3 1794 477 1795 4201
1 3 4201 1795 1091 1796
1 3 1797 4201 1796 480
1 3 477 1792 4202 1795
1 3 1792 133 1798 4202
1 3 4202 1798 478 1799
1 3 1795 4202 1799 1091
1 3 1091 1799 4203 1802
1 3 1799 478 1800 4203
1 3 4203 1800 84 1801
1 3 1802 4203 1801 479
1 3 480 1796 4204 1804
1 3 1796 1091 1802 4204
1 3 4204 1802 479 1803
1 3 1804 4204 1803 134
1 3 135 1785 4205 1807
1 3 1785 474 1805 4205
1 3 4205 1805 1092 1806
1 3 1807 4205 1806 482
1 3 474 1783 4206 1805
1 3 1783 293 1797 4206
1 3 4206 1797 480 1808
1 3 1805 4206 1808 1092
1 3 1092 1808 4207 1810
1 3 1808 480 1804 4207
1 3 4207 1804 134 1809
1 3 1810 4207 1809 481
1 3 482 1806 4208 1812
1 3 1806 1092 1810 4208
1 3 4208 1810 481 1811
1 3 1812 4208 1811 43
1 3 40 1747 4209 1789
1 3 1747 467 1813 4209
1 3 4209 1813 1093 1814
1 3 1789 4209 1814 476
1 3 467 1754 4210 1813
1 3 1754 132 1815 4210
1 3 4210 1815 483 1816
1 3 1813 4210 1816 1093
1 3 1093 1816 4211 1819
1 3 1816 483 1817 4211
1 3 4211 1817 294 1818
1 3 1819 4211 1818 484
1 3 476 1814 4212 1791
1 3 1814 1093 1819 4212
1 3 4212 1819 484 1820
1 3 1791 4212 1820 133
1 3 132 1771 4213 1815
1 3 1771 472 1821 4213
1 3 4213 1821 1094 1822
1 3 1815 4213 1822 483
1 3 472 1776 4214 1821
1 3 1776 20 1823 4214
1 3 4214 1823 485 1824
1 3 1821 4214 1824 1094
1 3 1094 1824 4215 1827
1 3 1824 485 1825 4215
1 3 4215 1825 136 1826
1 3 1827 4215 1826 486
1 3 483 1822 4216 1817
1 3 1822 1094 1827 4216
1 3 4216 1827 486 1828
1 3 1817 4216 1828 294
1 3 294 1828 4217 1831
1 3 1828 486 1829 4217
1 3 4217 1829 1095 1830
1 3 1831 4217 1830 489
1 3 486 1826 4218 1829
1 3 1826 136 1832 4218
1 3 4218 1832 487 1833
1 3 1829 4218 1833 1095
1 3 1095 1833 4219 1836
1 3 1833 487 1834 4219
1 3 4219 1834 41 1835
1 3 1836 4219 1835 488
1 3 489 1830 4220 1838
1 3 1830 1095 1836 4220
1 3 4220 1836 488 1837
1 3 1838 4220 1837 137
1 3 133 1820 4221 1798
1 3 1820 484 1839 4221
1 3 4221 1839 1096 1840
1 3 1798 4221 1840 478
1 3 484 1818 4222 1839
1 3 1818 294 1831 4222
1 3 4222 1831 489 1841
1 3 1839 4222 1841 1096
1 3 1096 1841 4223 1843
1 3 1841 489 1838 4223
1 3 4223 1838 137 1842
1 3 1843 4223 1842 490
1 3 478 1840 4224 1800
1 3 1840 1096 1843 4224
1 3 4224 1843 490 1844
1 3 1800 4224 1844 84
1 3 84 1844 4225 1847
1 3 1844 490 1845 4225
1 3 4225 1845 1097 1846
1 3 1847 4225 1846 493
1 3 490 1842 4226 1845
1 3 1842 137 1848 4226
1 3 4226 1848 491 1849
1 3 1845 4226 1849 1097
1 3 1097 1849 4227 1852
1 3 1849 491 1850 4227
1 3 4227 1850 295 1851
1 3 1852 4227 1851 492
1 3 493 1846 4228 1854
1 3 1846 1097 1852 4228
1 3 4228 1852 492 1853
1 3 1854 4228 1853 140
1 3 137 1837 4229 1848
1 3 1837 488 1855 4229
1 3 4229 1855 1098 1856
1 3 1848 4229 1856 491
1 3 488 1835 4230 1855
1 3 1835 41 1857 4230
1 3 4230 1857 494 1858
1 3 1855 4230 1858 1098
1 3 1098 1858 4231 1861
1 3 1858 494 1859 4231
1 3 4231 1859 138 1860
1 3 1861 4231 1860 495
1 3 491 1856 4232 1850
1 3 1856 1098 1861 4232
1 3 4232 1861 495 1862
1 3 1850 4232 1862 295
1 3 295 1862 4233 1865
1 3 1862 495 1863 4233
1 3 4233 1863 1099 1864
1 3 1865 4233 1864 498
1 3 495 1860 4234 1863
1 3 1860 138 1866 4234
1 3 4234 1866 496 1867
1 3 1863 4234 1867 1099
1 3 1099 1867 4235 1870
1 3 1867 496 1868 4235
1 3 4235 1868 29 1869
1 3 1870 4235 1869 497
1 3 498 1864 4236 1872
1 3 1864 1099 1870 4236
1 3 4236 1870 497 1871
1 3 1872 4236 1871 139
1 3 140 1853 4237 1875
1 3 1853 492 1873 4237
1 3 4237 1873 1100 1874
1 3 1875 4237 1874 500
1 3 492 1851 4238 1873
1 3 1851 295 1865 4238
1 3 4238 1865 498 1876
1 3 1873 4238 1876 1100
1 3 1100 1876 4239 1878
1 3 1876 498 1872 4239
1 3 4239 1872 139 1877
1 3 1878 4239 1877 499
1 3 500 1874 4240 1880
1 3 1874 1100 1878 4240
1 3 4240 1878 499 1879
1 3 1880 4240 1879 42
1 3 43 1811 4241 1883
1 3 1811 481 1881 4241
1 3 4241 1881 1101 1882
1 3 1883 4241 1882 503
1 3 481 1809 4242 1881
1 3 1809 134 1884 4242
1 3 4242 1884 501 1885
1 3 1881 4242 1885 1101
1 3 1101 1885 4243 1888
1 3 1885 501 1886 4243
1 3 4243 1886 296 1887
1 3 1888 4243 1887 502
1 3 503 1882 4244 1890
1 3 1882 1101 1888 4244
1 3 4244 1888 502 1889
1 3 1890 4244 1889 142
1 3 134 1803 4245 1884
1 3 1803 479 1891 4245
1 3 4245 1891 1102 1892
1 3 1884 4245 1892 501
1 3 479 1801 4246 1891
1 3 1801 84 1847 4246
1 3 4246 1847 493 1893
1 3 1891 4246 1893 1102
1 3 1102 1893 4247 1895
1 3 1893 493 1854 4247
1 3 4247 1854 140 1894
1 3 1895 4247 1894 504
1 3 501 1892 4248 1886
1 3 1892 1102 1895 4248
1 3 4248 1895 504 1896
1 3 1886 4248 1896 296
1 3 296 1896 4249 1899
1 3 1896 504 1897 4249
1 3 4249 1897 1103 1898
1 3 1899 4249 1898 506
1 3 504 1894 4250 1897
1 3 1894 140 1875 4250
1 3 4250 1875 500 1900
1 3 1897 4250 1900 1103
1 3 1103 1900 4251 1902
1 3 1900 500 1880 4251
1 3 4251 1880 42 1901
1 3 1902 4251 1901 505
1 3 506 1898 4252 1904
1 3 1898 1103 1902 4252
1 3 4252 1902 505 1903
1 3 1904 4252 1903 141
1 3 142 1889 4253 1907
1 3 1889 502 1905 4253
1 3 4253 1905 1104 1906
1 3 1907 4253 1906 508
1 3 502 1887 4254 1905
1 3 1887 296 1899 4254
1 3 4254 1899 506 1908
1 3 1905 4254 1908 1104
1 3 1104 1908 4255 1910
1 3 1908 506 1904 4255
1 3 4255 1904 141 1909
1 3 1910 4255 1909 507
1 3 508 1906 4256 1912
1 3 1906 1104 1910 4256
1 3 4256 1910 507 1911
1 3 1912 4256 1911 23
1 3 0 1779 4257 1361
1 3 1779 475 1913 4257
1 3 4257 1913 1105 1914
1 3 1361 4257 1914 361
1 3 475 1786 4258 1913
1 3 1786 135 1915 4258
1 3 4258 1915 509 1916
1 3 1913 4258 1916 1105
1 3 1105 1916 4259 1919
1 3 1916 509 1917 4259
1 3 4259 1917 297 1918
1 3 1919 4259 1918 510
1 3 361 1914 4260 1365
1 3 1914 1105 1919 4260
1 3 4260 1919 510 1920
1 3 1365 4260 1920 101
1 3 135 1807 4261 1915
1 3 1807 482 1921 4261
1 3 4261 1921 1106 1922
1 3 1915 4261 1922 509
1 3 482 1812 4262 1921
1 3 1812 43 1923 4262
1 3 4262 1923 511 1924
1 3 1921 4262 1924 1106
1 3 1106 1924 4263 1927
1 3 1924 511 1925 4263
1 3 4263 1925 143 1926
1 3 1927 4263 1926 512
1 3 509 1922 4264 1917
1 3 1922 1106 1927 4264
1 3 4264 1927 512 1928
1 3 1917 4264 1928 297
1 3 297 1928 4265 1931
1 3 1928 512 1929 4265
1 3 4265 1929 1107 1930
1 3 1931 4265 1930 515
1 3 512 1926 4266 1929
1 3 1926 143 1932 4266
1 3 4266 1932 513 1933
1 3 1929 4266 1933 1107
1 3 1107 1933 4267 1936
1 3 1933 513 1934 4267
1 3 4267 1934 85 1935
1 3 1936 4267 1935 514
1 3 515 1930 4268 1938
1 3 1930 1107 1936 4268
1 3 4268 1936 514 1937
1 3 1938 4268 1937 144
1 3 101 1920 4269 1373
1 3 1920 510 1939 4269
1 3 4269 1939 1108 1940
1 3 1373 4269 1940 365
1 3 510 1918 4270 1939
1 3 1918 297 1931 4270
1 3 4270 1931 515 1941
1 3 1939 4270 1941 1108
1 3 1108 1941 4271 1943
1 3 1941 515 1938 4271
1 3 4271 1938 144 1942
1 3 1943 4271 1942 516
1 3 365 1940 4272 1376
1 3 1940 1108 1943 4272
1 3 4272 1943 516 1944
1 3 1376 4272 1944 31
1 3 43 1883 4273 1923
1 3 1883 503 1945 4273
1 3 4273 1945 1109 1946
1 3 1923 4273 1946 511
1 3 503 1890 4274 1945
1 3 1890 142 1947 4274
1 3 4274 1947 517 1948
1 3 1945 4274 1948 1109
1 3 1109 1948 4275 1951
1 3 1948 517 1949 4275
1 3 4275 1949 298 1950
1 3 1951 4275 1950 518
1 3 511 1946 4276 1925
1 3 1946 1109 1951 4276
1 3 4276 1951 518 1952
1 3 1925 4276 1952 143
1 3 142 1907 4277 1947
1 3 1907 508 1953 4277
1 3 4277 1953 1110 1954
1 3 1947 4277 1954 517
1 3 508 1912 4278 1953
1 3 1912 23 1955 4278
1 3 4278 1955 519 1956
1 3 1953 4278 1956 1110
1 3 1110 1956 4279 1959
1 3 1956 519 1957 4279
1 3 4279 1957 145 1958
1 3 1959 4279 1958 520
1 3 517 1954 4280 1949
1 3 1954 1110 1959 4280
1 3 4280 1959 520 1960
1 3 1949 4280 1960 298
1 3 298 1960 4281 1963
1 3 1960 520 1961 4281
1 3 4281 1961 1111 1962
1 3 1963 4281 1962 523
1 3 520 1958 4282 1961
1 3 1958 145 1964 4282
1 3 4282 1964 521 1965
1 3 1961 4282 1965 1111
1 3 1111 1965 4283 1968
1 3 1965 521 1966 4283
1 3 4283 1966 44 1967
1 3 1968 4283 1967 522
1 3 523 1962 4284 1970
1 3 1962 1111 1968 4284
1 3 4284 1968 522 1969
1 3 1970 4284 1969 146
1 3 143 1952 4285 1932
1 3 1952 518 1971 4285
1 3 4285 1971 1112 1972
1 3 1932 4285 1972 513
1 3 518 1950 4286 1971
1 3 1950 298 1963 4286
1 3 4286 1963 523 1973
1 3 1971 4286 1973 1112
1 3 1112 1973 4287 1975
1 3 1973 523 1970 4287
1 3 4287 1970 146 1974
1 3 1975 4287 1974 524
1 3 513 1972 4288 1934
1 3 1972 1112 1975 4288
1 3 4288 1975 524 1976
1 3 1934 4288 1976 85
1 3 85 1976 4289 1979
1 3 1976 524 1977 4289
1 3 4289 1977 1113 1978
1 3 1979 4289 1978 527
1 3 524 1974 4290 1977
1 3 1974 146 1980 4290
1 3 4290 1980 525 1981
1 3 1977 4290 1981 1113
1 3 1113 1981 4291 1984
1 3 1981 525 1982 4291
1 3 4291 1982 299 1983
1 3 1984 4291 1983 526
1 3 527 1978 4292 1986
1 3 1978 1113 1984 4292
1 3 4292 1984 526 1985
1 3 1986 4292 1985 149
1 3 146 1969 4293 1980
1 3 1969 522 1987 4293
1 3 4293 1987 1114 1988
1 3 1980 4293 1988 525
1 3 522 1967 4294 1987
1 3 1967 44 1989 4294
1 3 4294 1989 528 1990
1 3 1987 4294 1990 1114
1 3 1114 1990 4295 1993
1 3 1990 528 1991 4295
1 3 4295 1991 147 1992
1 3 1993 4295 1992 529
1 3 525 1988 4296 1982
1 3 1988 1114 1993 4296
1 3 4296 1993 529 1994
1 3 1982 4296 1994 299
1 3 299 1994 4297 1997
1 3 1994 529 1995 4297
1 3 4297 1995 1115 1996
1 3 1997 4297 1996 532
1 3 529 1992 4298 1995
1 3 1992 147 1998 4298
1 3 4298 1998 530 1999
1 3 1995 4298 1999 1115
1 3 1115 1999 4299 2002
1 3 1999 530 2000 4299
1 3 4299 2000 30 2001
1 3 2002 4299 2001 531
1 3 532 1996 4300 2004
1 3 1996 1115 2002 4300
1 3 4300 2002 531 2003
1 3 2004 4300 2003 148
1 3 149 1985 4301 2007
1 3 1985 526 2005 4301
1 3 4301 2005 1116 2006
1 3 2007 4301 2006 534
1 3 526 1983 4302 2005
1 3 1983 299 1997 4302
1 3 4302 1997 532 2008
1 3 2005 4302 2008 1116
1 3 1116 2008 4303 2010
1 3 2008 532 2004 4303
1 3 4303 2004 148 2009
1 3 2010 4303 2009 533
1 3 534 2006 4304 2012
1 3 2006 1116 2010 4304
1 3 4304 2010 533 2011
1 3 2012 4304 2011 45
1 3 31 1944 4305 1401
1 3 1944 516 2013 4305
1 3 4305 2013 1117 2014
1 3 1401 4305 2014 373
1 3 516 1942 4306 2013
1 3 1942 144 2015 4306
1 3 4306 2015 535 2016
1 3 2013 4306 2016 1117
1 3 1117 2016 4307 2019
1 3 2016 535 2017 4307
1 3 4307 2017 300 2018
1 3 2019 4307 2018 536
1 3 373 2014 4308 1404
1 3 2014 1117 2019 4308
1 3 4308 2019 536 2020
1 3 1404 4308 2020 105
1 3 144 1937 4309 2015
1 3 1937 514 2021 4309
1 3 4309 2021 1118 2022
1 3 2015 4309 2022 535
1 3 514 1935 4310 2021
1 3 1935 85 1979 4310
1 3 4310 1979 527 2023
1 3 2021 4310 2023 1118
1 3 1118 2023 4311 2025
1 3 2023 527 1986 4311
1 3 4311 1986 149 2024
1 3 2025 4311 2024 537
1 3 535 2022 4312 2017
1 3 2022 1118 2025 4312
1 3 4312 2025 537 2026
1 3 2017 4312 2026 300
1 3 300 2026 4313 2029
1 3 2026 537 2027 4313
1 3 4313 2027 1119 2028
1 3 2029 4313 2028 539
1 3 537 2024 4314 2027
1 3 2024 149 2007 4314
1 3 4314 2007 534 2030
1 3 2027 4314 2030 1119
1 3 1119 2030 4315 2032
1 3 2030 534 2012 4315
1 3 4315 2012 45 2031
1 3 2032 4315 2031 538
1 3 539 2028 4316 2034
1 3 2028 1119 2032 4316
1 3 4316 2032 538 2033
1 3 2034 4316 2033 150
1 3 105 2020 4317 1411
1 3 2020 536 2035 4317
1 3 4317 2035 1120 2036
1 3 1411 4317 2036 376
1 3 536 2018 4318 2035
1 3 2018 300 2029 4318
1 3 4318 2029 539 2037
1 3 2035 4318 2037 1120
1 3 1120 2037 4319 2039
1 3 2037 539 2034 4319
1 3 4319 2034 150 2038
1 3 2039 4319 2038 540
1 3 376 2036 4320 1414
1 3 2036 1120 2039 4320
1 3 4320 2039 540 2040
1 3 1414 4320 2040 11
1 3 11 2041 4321 1415
1 3 2041 541 2042 4321
1 3 4321 2042 1121 2043
1 3 1415 4321 2043 377
1 3 541 2044 4322 2042
1 3 2044 151 2045 4322
1 3 4322 2045 542 2046
1 3 2042 4322 2046 1121
1 3 1121 2046 4323 2049
1 3 2046 542 2047 4323
1 3 4323 2047 301 2048
1 3 2049 4323 2048 543
1 3 377 2043 4324 1417
1 3 2043 1121 2049 4324
1 3 4324 2049 543 2050
1 3 1417 4324 2050 106
1 3 151 2051 4325 2045
1 3 2051 544 2052 4325
1 3 4325 2052 1122 2053
1 3 2045 4325 2053 542
1 3 544 2054 4326 2052
1 3 2054 46 2055 4326
1 3 4326 2055 545 2056
1 3 2052 4326 2056 1122
1 3 1122 2056 4327 2059
1 3 2056 545 2057 4327
1 3 4327 2057 152 2058
1 3 2059 4327 2058 546
1 3 542 2053 4328 2047
1 3 2053 1122 2059 4328
1 3 4328 2059 546 2060
1 3 2047 4328 2060 301
1 3 301 2060 4329 2063
1 3 2060 546 2061 4329
1 3 4329 2061 1123 2062
1 3 2063 4329 2062 549
1 3 546 2058 4330 2061
1 3 2058 152 2064 4330
1 3 4330 2064 547 2065
1 3 2061 4330 2065 1123
1 3 1123 2065 4331 2068
1 3 2065 547 2066 4331
1 3 4331 2066 86 2067
1 3 2068 4331 2067 548
1 3 549 2062 4332 2070
1 3 2062 1123 2068 4332
1 3 4332 2068 548 2069
1 3 2070 4332 2069 153
1 3 106 2050 4333 1424
1 3 2050 543 2071 4333
1 3 4333 2071 1124 2072
1 3 1424 4333 2072 379
1 3 543 2048 4334 2071
1 3 2048 301 2063 4334
1 3 4334 2063 549 2073
1 3 2071 4334 2073 1124
1 3 1124 2073 4335 2075
1 3 2073 549 2070 4335
1 3 4335 2070 153 2074
1 3 2075 4335 2074 550
1 3 379 2072 4336 1426
1 3 2072 1124 2075 4336
1 3 4336 2075 550 2076
1 3 1426 4336 2076 32
1 3 46 2077 4337 2055
1 3 2077 551 2078 4337
1 3 4337 2078 1125 2079
1 3 2055 4337 2079 545
1 3 551 2080 4338 2078
1 3 2080 154 2081 4338
1 3 4338 2081 552 2082
1 3 2078 4338 2082 1125
1 3 1125 2082 4339 2085
1 3 2082 552 2083 4339
1 3 4339 2083 302 2084
1 3 2085 4339 2084 553
1 3 545 2079 4340 2057
1 3 2079 1125 2085 4340
1 3 4340 2085 553 2086
1 3 2057 4340 2086 152
1 3 154 2087 4341 2081
1 3 2087 554 2088 4341
1 3 4341 2088 1126 2089
1 3 2081 4341 2089 552
1 3 554 2090 4342 2088
1 3 2090 1 2091 4342
1 3 4342 2091 555 2092
1 3 2088 4342 2092 1126
1 3 1126 2092 4343 2095
1 3 2092 555 2093 4343
1 3 4343 2093 155 2094
1 3 2095 4343 2094 556
1 3 552 2089 4344 2083
1 3 2089 1126 2095 4344
1 3 4344 2095 556 2096
1 3 2083 4344 2096 302
1 3 302 2096 4345 2099
1 3 2096 556 2097 4345
1 3 4345 2097 1127 2098
1 3 2099 4345 2098 559
1 3 556 2094 4346 2097
1 3 2094 155 2100 4346
1 3 4346 2100 557 2101
1 3 2097 4346 2101 1127
1 3 1127 2101 4347 2104
1 3 2101 557 2102 4347
1 3 4347 2102 47 2103
1 3 2104 4347 2103 558
1 3 559 2098 4348 2106
1 3 2098 1127 2104 4348
1 3 4348 2104 558 2105
1 3 2106 4348 2105 156
1 3 152 2086 4349 2064
1 3 2086 553 2107 4349
1 3 4349 2107 1128 2108
1 3 2064 4349 2108 547
1 3 553 2084 4350 2107
1 3 2084 302 2099 4350
1 3 4350 2099 559 2109
1 3 2107 4350 2109 1128
1 3 1128 2109 4351 2111
1 3 2109 559 2106 4351
1 3 4351 2106 156 2110
1 3 2111 4351 2110 560
1 3 547 2108 4352 2066
1 3 2108 1128 2111 4352
1 3 4352 2111 560 2112
1 3 2066 4352 2112 86
1 3 86 2112 4353 2115
1 3 2112 560 2113 4353
1 3 4353 2113 1129 2114
1 3 2115 4353 2114 563
1 3 560 2110 4354 2113
1 3 2110 156 2116 4354
1 3 4354 2116 561 2117
1 3 2113 4354 2117 1129
1 3 1129 2117 4355 2120
1 3 2117 561 2118 4355
1 3 4355 2118 303 2119
1 3 2120 4355 2119 562
1 3 563 2114 4356 2122
1 3 2114 1129 2120 4356
1 3 4356 2120 562 2121
1 3 2122 4356 2121 159
1 3 156 2105 4357 2116
1 3 2105 558 2123 4357
1 3 4357 2123 1130 2124
1 3 2116 4357 2124 561
1 3 558 2103 4358 2123
1 3 2103 47 2125 4358
1 3 4358 2125 564 2126
1 3 2123 4358 2126 1130
1 3 1130 2126 4359 2129
1 3 2126 564 2127 4359
1 3 4359 2127 157 2128
1 3 2129 4359 2128 565
1 3 561 2124 4360 2118
1 3 2124 1130 2129 4360
1 3 4360 2129 565 2130
1 3 2118 4360 2130 303
1 3 303 2130 4361 2133
1 3 2130 565 2131 4361
1 3 4361 2131 1131 2132
1 3 2133 4361 2132 568
1 3 565 2128 4362 2131
1 3 2128 157 2134 4362
1 3 4362 2134 566 2135
1 3 2131 4362 2135 1131
1 3 1131 2135 4363 2138
1 3 2135 566 2136 4363
1 3 4363 2136 12 2137
1 3 2138 4363 2137 567
1 3 568 2132 4364 2140
1 3 2132 1131 2138 4364
1 3 4364 2138 567 2139
1 3 2140 4364 2139 158
1 3 159 2121 4365 2143
1 3 2121 562 2141 4365
1 3 4365 2141 1132 2142
1 3 2143 4365 2142 570
1 3 562 2119 4366 2141
1 3 2119 303 2133 4366
1 3 4366 2133 568 2144
1 3 2141 4366 2144 1132
1 3 1132 2144 4367 2146
1 3 2144 568 2140 4367
1 3 4367 2140 158 2145
1 3 2146 4367 2145 569
1 3 570 2142 4368 2148
1 3 2142 1132 2146 4368
1 3 4368 2146 569 2147
1 3 2148 4368 2147 48
1 3 32 2076 4369 1449
1 3 2076 550 2149 4369
1 3 4369 2149 1133 2150
1 3 1449 4369 2150 386
1 3 550 2074 4370 2149
1 3 2074 153 2151 4370
1 3 4370 2151 571 2152
1 3 2149 4370 2152 1133
1 3 1133 2152 4371 2155
1 3 2152 571 2153 4371
1 3 4371 2153 304 2154
1 3 2155 4371 2154 572
1 3 386 2150 4372 1451
1 3 2150 1133 2155 4372
1 3 4372 2155 572 2156
1 3 1451 4372 2156 108
1 3 153 2069 4373 2151
1 3 2069 548 2157 4373
1 3 4373 2157 1134 2158
1 3 2151 4373 2158 571
1 3 548 2067 4374 2157
1 3 2067 86 2115 4374
1 3 4374 2115 563 2159
1 3 2157 4374 2159 1134
1 3 1134 2159 4375 2161
1 3 2159 563 2122 4375
1 3 4375 2122 159 2160
1 3 2161 4375 2160 573
1 3 571 2158 4376 2153
1 3 2158 1134 2161 4376
1 3 4376 2161 573 2162
1 3 2153 4376 2162 304
1 3 304 2162 4377 2165
1 3 2162 573 2163 4377
1 3 4377 2163 1135 2164
1 3 2165 4377 2164 575
1 3 573 2160 4378 2163
1 3 2160 159 2143 4378
1 3 4378 2143 570 2166
1 3 2163 4378 2166 1135
1 3 1135 2166 4379 2168
1 3 2166 570 2148 4379
1 3 4379 2148 48 2167
1 3 2168 4379 2167 574
1 3 575 2164 4380 2170
1 3 2164 1135 2168 4380
1 3 4380 2168 574 2169
1 3 2170 4380 2169 160
1 3 108 2156 4381 1458
1 3 2156 572 2171 4381
1 3 4381 2171 1136 2172
1 3 1458 4381 2172 388
1 3 572 2154 4382 2171
1 3 2154 304 2165 4382
1 3 4382 2165 575 2173
1 3 2171 4382 2173 1136
1 3 1136 2173 4383 2175
1 3 2173 575 2170 4383
1 3 4383 2170 160 2174
1 3 2175 4383 2174 576
1 3 388 2172 4384 1460
1 3 2172 1136 2175 4384
1 3 4384 2175 576 2176
1 3 1460 4384 2176 26
1 3 26 2176 4385 2179
1 3 2176 576 2177 4385
1 3 4385 2177 1137 2178
1 3 2179 4385 2178 579
1 3 576 2174 4386 2177
1 3 2174 160 2180 4386
1 3 4386 2180 577 2181
1 3 2177 4386 2181 1137
1 3 1137 2181 4387 2184
1 3 2181 577 2182 4387
1 3 4387 2182 305 2183
1 3 2184 4387 2183 578
1 3 579 2178 4388 2186
1 3 2178 1137 2184 4388
1 3 4388 2184 578 2185
1 3 2186 4388 2185 163
1 3 160 2169 4389 2180
1 3 2169 574 2187 4389
1 3 4389 2187 1138 2188
1 3 2180 4389 2188 577
1 3 574 2167 4390 2187
1 3 2167 48 2189 4390
1 3 4390 2189 580 2190
1 3 2187 4390 2190 1138
1 3 1138 2190 4391 2193
1 3 2190 580 2191 4391
1 3 4391 2191 161 2192
1 3 2193 4391 2192 581
1 3 577 2188 4392 2182
1 3 2188 1138 2193 4392
1 3 4392 2193 581 2194
1 3 2182 4392 2194 305
1 3 305 2194 4393 2197
1 3 2194 581 2195 4393
1 3 4393 2195 1139 2196
1 3 2197 4393 2196 584
1 3 581 2192 4394 2195
1 3 2192 161 2198 4394
1 3 4394 2198 582 2199
1 3 2195 4394 2199 1139
1 3 1139 2199 4395 2202
1 3 2199 582 2200 4395
1 3 4395 2200 87 2201
1 3 2202 4395 2201 583
1 3 584 2196 4396 2204
1 3 2196 1139 2202 4396
1 3 4396 2202 583 2203
1 3 2204 4396 2203 162
1 3 163 2185 4397 2207
1 3 2185 578 2205 4397
1 3 4397 2205 1140 2206
1 3 2207 4397 2206 586
1 3 578 2183 4398 2205
1 3 2183 305 2197 4398
1 3 4398 2197 584 2208
1 3 2205 4398 2208 1140
1 3 1140 2208 4399 2210
1 3 2208 584 2204 4399
1 3 4399 2204 162 2209
1 3 2210 4399 2209 585
1 3 586 2206 4400 2212
1 3 2206 1140 2210 4400
1 3 4400 2210 585 2211
1 3 2212 4400 2211 51
1 3 48 2147 4401 2189
1 3 2147 569 2213 4401
1 3 4401 2213 1141 2214
1 3 2189 4401 2214 580
1 3 569 2145 4402 2213
1 3 2145 158 2215 4402
1 3 4402 2215 587 2216
1 3 2213 4402 2216 1141
1 3 1141 2216 4403 2219
1 3 2216 587 2217 4403
1 3 4403 2217 306 2218
1 3 2219 4403 2218 588
1 3 580 2214 4404 2191
1 3 2214 1141 2219 4404
1 3 4404 2219 588 2220
1 3 2191 4404 2220 161
1 3 158 2139 4405 2215
1 3 2139 567 2221 4405
1 3 4405 2221 1142 2222
1 3 2215 4405 2222 587
1 3 567 2137 4406 2221
1 3 2137 12 2223 4406
1 3 4406 2223 589 2224
1 3 2221 4406 2224 1142
1 3 1142 2224 4407 2227
1 3 2224 589 2225 4407
1 3 4407 2225 164 2226
1 3 2227 4407 2226 590
1 3 587 2222 4408 2217
1 3 2222 1142 2227 4408
1 3 4408 2227 590 2228
1 3 2217 4408 2228 306
1 3 306 2228 4409 2231
1 3 2228 590 2229 4409
1 3 4409 2229 1143 2230
1 3 2231 4409 2230 593
1 3 590 2226 4410 2229
1 3 2226 164 2232 4410
1 3 4410 2232 591 2233
1 3 2229 4410 2233 1143
1 3 1143 2233 4411 2236
1 3 2233 591 2234 4411
1 3 4411 2234 49 2235
1 3 2236 4411 2235 592
1 3 593 2230 4412 2238
1 3 2230 1143 2236 4412
1 3 4412 2236 592 2237
1 3 2238 4412 2237 165
1 3 161 2220 4413 2198
1 3 2220 588 2239 4413
1 3 4413 2239 1144 2240
1 3 2198 4413 2240 582
1 3 588 2218 4414 2239
1 3 2218 306 2231 4414
1 3 4414 2231 593 2241
1 3 2239 4414 2241 1144
1 3 1144 2241 4415 2243
1 3 2241 593 2238 4415
1 3 4415 2238 165 2242
1 3 2243 4415 2242 594
1 3 582 2240 4416 2200
1 3 2240 1144 2243 4416
1 3 4416 2243 594 2244
1 3 2200 4416 2244 87
1 3 87 2244 4417 2247
1 3 2244 594 2245 4417
1 3 4417 2245 1145 2246
1 3 2247 4417 2246 597
1 3 594 2242 4418 2245
1 3 2242 165 2248 4418
1 3 4418 2248 595 2249
1 3 2245 4418 2249 1145
1 3 1145 2249 4419 2252
1 3 2249 595 2250 4419
1 3 4419 2250 307 2251
1 3 2252 4419 2251 596
1 3 597 2246 4420 2254
1 3 2246 1145 2252 4420
1 3 4420 2252 596 2253
1 3 2254 4420 2253 168
1 3 165 2237 4421 2248
1 3 2237 592 2255 4421
1 3 4421 2255 1146 2256
1 3 2248 4421 2256 595
1 3 592 2235 4422 2255
1 3 2235 49 2257 4422
1 3 4422 2257 598 2258
1 3 2255 4422 2258 1146
1 3 1146 2258 4423 2261
1 3 2258 598 2259 4423
1 3 4423 2259 166 2260
1 3 2261 4423 2260 599
1 3 595 2256 4424 2250
1 3 2256 1146 2261 4424
1 3 4424 2261 599 2262
1 3 2250 4424 2262 307
1 3 307 2262 4425 2265
1 3 2262 599 2263 4425
1 3 4425 2263 1147 2264
1 3 2265 4425 2264 602
1 3 599 2260 4426 2263
1 3 2260 166 2266 4426
1 3 4426 2266 600 2267
1 3 2263 4426 2267 1147
1 3 1147 2267 4427 2270
1 3 2267 600 2268 4427
1 3 4427 2268 3 2269
1 3 2270 4427 2269 601
1 3 602 2264 4428 2272
1 3 2264 1147 2270 4428
1 3 4428 2270 601 2271
1 3 2272 4428 2271 167
1 3 168 2253 4429 2275
1 3 2253 596 2273 4429
1 3 4429 2273 1148 2274
1 3 2275 4429 2274 604
1 3 596 2251 4430 2273
1 3 2251 307 2265 4430
1 3 4430 2265 602 2276
1 3 2273 4430 2276 1148
1 3 1148 2276 4431 2278
1 3 2276 602 2272 4431
1 3 4431 2272 167 2277
1 3 2278 4431 2277 603
1 3 604 2274 4432 2280
1 3 2274 1148 2278 4432
1 3 4432 2278 603 2279
1 3 2280 4432 2279 50
1 3 51 2211 4433 2283
1 3 2211 585 2281 4433
1 3 4433 2281 1149 2282
1 3 2283 4433 2282 607
1 3 585 2209 4434 2281
1 3 2209 162 2284 4434
1 3 4434 2284 605 2285
1 3 2281 4434 2285 1149
1 3 1149 2285 4435 2288
1 3 2285 605 2286 4435
1 3 4435 2286 308 2287
1 3 2288 4435 2287 606
1 3 607 2282 4436 2290
1 3 2282 1149 2288 4436
1 3 4436 2288 606 2289
1 3 2290 4436 2289 170
1 3 162 2203 4437 2284
1 3 2203 583 2291 4437
1 3 4437 2291 1150 2292
1 3 2284 4437 2292 605
1 3 583 2201 4438 2291
1 3 2201 87 2247 4438
1 3 4438 2247 597 2293
1 3 2291 4438 2293 1150
1 3 1150 2293 4439 2295
1 3 2293 597 2254 4439
1 3 4439 2254 168 2294
1 3 2295 4439 2294 608
1 3 605 2292 4440 2286
1 3 2292 1150 2295 4440
1 3 4440 2295 608 2296
1 3 2286 4440 2296 308
1 3 308 2296 4441 2299
1 3 2296 608 2297 4441
1 3 4441 2297 1151 2298
1 3 2299 4441 2298 610
1 3 608 2294 4442 2297
1 3 2294 168 2275 4442
1 3 4442 2275 604 2300
1 3 2297 4442 2300 1151
1 3 1151 2300 4443 2302
1 3 2300 604 2280 4443
1 3 4443 2280 50 2301
1 3 2302 4443 2301 609
1 3 610 2298 4444 2304
1 3 2298 1151 2302 4444
1 3 4444 2302 609 2303
1 3 2304 4444 2303 169
1 3 170 2289 4445 2307
1 3 2289 606 2305 4445
1 3 4445 2305 1152 2306
1 3 2307 4445 2306 612
1 3 606 2287 4446 2305
1 3 2287 308 2299 4446
1 3 4446 2299 610 2308
1 3 2305 4446 2308 1152
1 3 1152 2308 4447 2310
1 3 2308 610 2304 4447
1 3 4447 2304 169 2309
1 3 2310 4447 2309 611
1 3 612 2306 4448 2312
1 3 2306 1152 2310 4448
1 3 4448 2310 611 2311
1 3 2312 4448 2311 13
1 3 14 1503 4449 2315
1 3 1503 399 2313 4449
1 3 4449 2313 1153 2314
1 3 2315 4449 2314 615
1 3 399 1501 4450 2313
1 3 1501 111 2316 4450
1 3 4450 2316 613 2317
1 3 2313 4450 2317 1153
1 3 1153 2317 4451 2320
1 3 2317 613 2318 4451
1 3 4451 2318 309 2319
1 3 2320 4451 2319 614
1 3 615 2314 4452 2322
1 3 2314 1153 2320 4452
1 3 4452 2320 614 2321
1 3 2322 4452 2321 173
1 3 111 1495 4453 2316
1 3 1495 397 2323 4453
1 3 4453 2323 1154 2324
1 3 2316 4453 2324 613
1 3 397 1493 4454 2323
1 3 1493 33 2325 4454
1 3 4454 2325 616 2326
1 3 2323 4454 2326 1154
1 3 1154 2326 4455 2329
1 3 2326 616 2327 4455
1 3 4455 2327 171 2328
1 3 2329 4455 2328 617
1 3 613 2324 4456 2318
1 3 2324 1154 2329 4456
1 3 4456 2329 617 2330
1 3 2318 4456 2330 309
1 3 309 2330 4457 2333
1 3 2330 617 2331 4457
1 3 4457 2331 1155 2332
1 3 2333 4457 2332 620
1 3 617 2328 4458 2331
1 3 2328 171 2334 4458
1 3 4458 2334 618 2335
1 3 2331 4458 2335 1155
1 3 1155 2335 4459 2338
1 3 2335 618 2336 4459
1 3 4459 2336 88 2337
1 3 2338 4459 2337 619
1 3 620 2332 4460 2340
1 3 2332 1155 2338 4460
1 3 4460 2338 619 2339
1 3 2340 4460 2339 172
1 3 173 2321 4461 2343
1 3 2321 614 2341 4461
1 3 4461 2341 1156 2342
1 3 2343 4461 2342 622
1 3 614 2319 4462 2341
1 3 2319 309 2333 4462
1 3 4462 2333 620 2344
1 3 2341 4462 2344 1156
1 3 1156 2344 4463 2346
1 3 2344 620 2340 4463
1 3 4463 2340 172 2345
1 3 2346 4463 2345 621
1 3 622 2342 4464 2348
1 3 2342 1156 2346 4464
1 3 4464 2346 621 2347
1 3 2348 4464 2347 53
1 3 33 1471 4465 2325
1 3 1471 391 2349 4465
1 3 4465 2349 1157 2350
1 3 2325 4465 2350 616
1 3 391 1469 4466 2349
1 3 1469 109 2351 4466
1 3 4466 2351 623 2352
1 3 2349 4466 2352 1157
1 3 1157 2352 4467 2355
1 3 2352 623 2353 4467
1 3 4467 2353 310 2354
1 3 2355 4467 2354 624
1 3 616 2350 4468 2327
1 3 2350 1157 2355 4468
1 3 4468 2355 624 2356
1 3 2327 4468 2356 171
1 3 109 1463 4469 2351
1 3 1463 389 2357 4469
1 3 4469 2357 1158 2358
1 3 2351 4469 2358 623
1 3 389 1461 4470 2357
1 3 1461 26 2179 4470
1 3 4470 2179 579 2359
1 3 2357 4470 2359 1158
1 3 1158 2359 4471 2361
1 3 2359 579 2186 4471
1 3 4471 2186 163 2360
1 3 2361 4471 2360 625
1 3 623 2358 4472 2353
1 3 2358 1158 2361 4472
1 3 4472 2361 625 2362
1 3 2353 4472 2362 310
1 3 310 2362 4473 2365
1 3 2362 625 2363 4473
1 3 4473 2363 1159 2364
1 3 2365 4473 2364 627
1 3 625 2360 4474 2363
1 3 2360 163 2207 4474
1 3 4474 2207 586 2366
1 3 2363 4474 2366 1159
1 3 1159 2366 4475 2368
1 3 2366 586 2212 4475
1 3 4475 2212 51 2367
1 3 2368 4475 2367 626
1 3 627 2364 4476 2370
1 3 2364 1159 2368 4476
1 3 4476 2368 626 2369
1 3 2370 4476 2369 174
1 3 171 2356 4477 2334
1 3 2356 624 2371 4477
1 3 4477 2371 1160 2372
1 3 2334 4477 2372 618
1 3 624 2354 4478 2371
1 3 2354 310 2365 4478
1 3 4478 2365 627 2373
1 3 2371 4478 2373 1160
1 3 1160 2373 4479 2375
1 3 2373 627 2370 4479
1 3 4479 2370 174 2374
1 3 2375 4479 2374 628
1 3 618 2372 4480 2336
1 3 2372 1160 2375 4480
1 3 4480 2375 628 2376
1 3 2336 4480 2376 88
1 3 88 2376 4481 2379
1 3 2376 628 2377 4481
1 3 4481 2377 1161 2378
1 3 2379 4481 2378 631
1 3 628 2374 4482 2377
1 3 2374 174 2380 4482
1 3 4482 2380 629 2381
1 3 2377 4482 2381 1161
1 3 1161 2381 4483 2384
1 3 2381 629 2382 4483
1 3 4483 2382 311 2383
1 3 2384 4483 2383 630
1 3 631 2378 4484 2386
1 3 2378 1161 2384 4484
1 3 4484 2384 630 2385
1 3 2386 4484 2385 176
1 3 174 2369 4485 2380
1 3 2369 626 2387 4485
1 3 4485 2387 1162 2388
1 3 2380 4485 2388 629
1 3 626 2367 4486 2387
1 3 2367 51 2283 4486
1 3 4486 2283 607 2389
1 3 2387 4486 2389 1162
1 3 1162 2389 4487 2391
1 3 2389 607 2290 4487
1 3 4487 2290 170 2390
1 3 2391 4487 2390 632
1 3 629 2388 4488 2382
1 3 2388 1162 2391 4488
1 3 4488 2391 632 2392
1 3 2382 4488 2392 311
1 3 311 2392 4489 2395
1 3 2392 632 2393 4489
1 3 4489 2393 1163 2394
1 3 2395 4489 2394 634
1 3 632 2390 4490 2393
1 3 2390 170 2307 4490
1 3 4490 2307 612 2396
1 3 2393 4490 2396 1163
1 3 1163 2396 4491 2398
1 3 2396 612 2312 4491
1 3 4491 2312 13 2397
1 3 2398 4491 2397 633
1 3 634 2394 4492 2400
1 3 2394 1163 2398 4492
1 3 4492 2398 633 2399
1 3 2400 4492 2399 175
1 3 176 2385 4493 2403
1 3 2385 630 2401 4493
1 3 4493 2401 1164 2402
1 3 2403 4493 2402 636
1 3 630 2383 4494 2401
1 3 2383 311 2395 4494
1 3 4494 2395 634 2404
1 3 2401 4494 2404 1164
1 3 1164 2404 4495 2406
1 3 2404 634 2400 4495
1 3 4495 2400 175 2405
1 3 2406 4495 2405 635
1 3 636 2402 4496 2408
1 3 2402 1164 2406 4496
1 3 4496 2406 635 2407
1 3 2408 4496 2407 52
1 3 53 2347 4497 2411
1 3 2347 621 2409 4497
1 3 4497 2409 1165 2410
1 3 2411 4497 2410 639
1 3 621 2345 4498 2409
1 3 2345 172 2412 4498
1 3 4498 2412 637 2413
1 3 2409 4498 2413 1165
1 3 1165 2413 4499 2416
1 3 2413 637 2414 4499
1 3 4499 2414 312 2415
1 3 2416 4499 2415 638
1 3 639 2410 4500 2418
1 3 2410 1165 2416 4500
1 3 4500 2416 638 2417
1 3 2418 4500 2417 178
1 3 172 2339 4501 2412
1 3 2339 619 2419 4501
1 3 4501 2419 1166 2420
1 3 2412 4501 2420 637
1 3 619 2337 4502 2419
1 3 2337 88 2379 4502
1 3 4502 2379 631 2421
1 3 2419 4502 2421 1166
1 3 1166 2421 4503 2423
1 3 2421 631 2386 4503
1 3 4503 2386 176 2422
1 3 2423 4503 2422 640
1 3 637 2420 4504 2414
1 3 2420 1166 2423 4504
1 3 4504 2423 640 2424
1 3 2414 4504 2424 312
1 3 312 2424 4505 2427
1 3 2424 640 2425 4505
1 3 4505 2425 1167 2426
1 3 2427 4505 2426 642
1 3 640 2422 4506 2425
1 3 2422 176 2403 4506
1 3 4506 2403 636 2428
1 3 2425 4506 2428 1167
1 3 1167 2428 4507 2430
1 3 2428 636 2408 4507
1 3 4507 2408 52 2429
1 3 2430 4507 2429 641
1 3 642 2426 4508 2432
1 3 2426 1167 2430 4508
1 3 4508 2430 641 2431
1 3 2432 4508 2431 177
1 3 178 2417 4509 2435
1 3 2417 638 2433 4509
1 3 4509 2433 1168 2434
1 3 2435 4509 2434 644
1 3 638 2415 4510 2433
1 3 2415 312 2427 4510
1 3 4510 2427 642 2436
1 3 2433 4510 2436 1168
1 3 1168 2436 4511 2438
1 3 2436 642 2432 4511
1 3 4511 2432 177 2437
1 3 2438 4511 2437 643
1 3 644 2434 4512 2440
1 3 2434 1168 2438 4512
1 3 4512 2438 643 2439
1 3 2440 4512 2439 2
1 3 14 2315 4513 1551
1 3 2315 615 2441 4513
1 3 4513 2441 1169 2442
1 3 1551 4513 2442 413
1 3 615 2322 4514 2441
1 3 2322 173 2443 4514
1 3 4514 2443 645 2444
1 3 2441 4514 2444 1169
1 3 1169 2444 4515 2447
1 3 2444 645 2445 4515
1 3 4515 2445 313 2446
1 3 2447 4515 2446 646
1 3 413 2442 4516 1553
1 3 2442 1169 2447 4516
1 3 4516 2447 646 2448
1 3 1553 4516 2448 116
1 3 173 2343 4517 2443
1 3 2343 622 2449 4517
1 3 4517 2449 1170 2450
1 3 2443 4517 2450 645
1 3 622 2348 4518 2449
1 3 2348 53 2451 4518
1 3 4518 2451 647 2452
1 3 2449 4518 2452 1170
1 3 1170 2452 4519 2455
1 3 2452 647 2453 4519
1 3 4519 2453 179 2454
1 3 2455 4519 2454 648
1 3 645 2450 4520 2445
1 3 2450 1170 2455 4520
1 3 4520 2455 648 2456
1 3 2445 4520 2456 313
1 3 313 2456 4521 2459
1 3 2456 648 2457 4521
1 3 4521 2457 1171 2458
1 3 2459 4521 2458 651
1 3 648 2454 4522 2457
1 3 2454 179 2460 4522
1 3 4522 2460 649 2461
1 3 2457 4522 2461 1171
1 3 1171 2461 4523 2464
1 3 2461 649 2462 4523
1 3 4523 2462 89 2463
1 3 2464 4523 2463 650
1 3 651 2458 4524 2466
1 3 2458 1171 2464 4524
1 3 4524 2464 650 2465
1 3 2466 4524 2465 180
1 3 116 2448 4525 1560
1 3 2448 646 2467 4525
1 3 4525 2467 1172 2468
1 3 1560 4525 2468 415
1 3 646 2446 4526 2467
1 3 2446 313 2459 4526
1 3 4526 2459 651 2469
1 3 2467 4526 2469 1172
1 3 1172 2469 4527 2471
1 3 2469 651 2466 4527
1 3 4527 2466 180 2470
1 3 2471 4527 2470 652
1 3 415 2468 4528 1562
1 3 2468 1172 2471 4528
1 3 4528 2471 652 2472
1 3 1562 4528 2472 35
1 3 53 2411 4529 2451
1 3 2411 639 2473 4529
1 3 4529 2473 1173 2474
1 3 2451 4529 2474 647
1 3 639 2418 4530 2473
1 3 2418 178 2475 4530
1 3 4530 2475 653 2476
1 3 2473 4530 2476 1173
1 3 1173 2476 4531 2479
1 3 2476 653 2477 4531
1 3 4531 2477 314 2478
1 3 2479 4531 2478 654
1 3 647 2474 4532 2453
1 3 2474 1173 2479 4532
1 3 4532 2479 654 2480
1 3 2453 4532 2480 179
1 3 178 2435 4533 2475
1 3 2435 644 2481 4533
1 3 4533 2481 1174 2482
1 3 2475 4533 2482 653
1 3 644 2440 4534 2481
1 3 2440 2 2483 4534
1 3 4534 2483 655 2484
1 3 2481 4534 2484 1174
1 3 1174 2484 4535 2487
1 3 2484 655 2485 4535
1 3 4535 2485 181 2486
1 3 2487 4535 2486 656
1 3 653 2482 4536 2477
1 3 2482 1174 2487 4536
1 3 4536 2487 656 2488
1 3 2477 4536 2488 314
1 3 314 2488 4537 2491
1 3 2488 656 2489 4537
1 3 4537 2489 1175 2490
1 3 2491 4537 2490 659
1 3 656 2486 4538 2489
1 3 2486 181 2492 4538
1 3 4538 2492 657 2493
1 3 2489 4538 2493 1175
1 3 1175 2493 4539 2496
1 3 2493 657 2494 4539
1 3 4539 2494 54 2495
1 3 2496 4539 2495 658
1 3 659 2490 4540 2498
1 3 2490 1175 2496 4540
1 3 4540 2496 658 2497
1 3 2498 4540 2497 182
1 3 179 2480 4541 2460
1 3 2480 654 2499 4541
1 3 4541 2499 1176 2500
1 3 2460 4541 2500 649
1 3 654 2478 4542 2499
1 3 2478 314 2491 4542
1 3 4542 2491 659 2501
1 3 2499 4542 2501 1176
1 3 1176 2501 4543 2503
1 3 2501 659 2498 4543
1 3 4543 2498 182 2502
1 3 2503 4543 2502 660
1 3 649 2500 4544 2462
1 3 2500 1176 2503 4544
1 3 4544 2503 660 2504
1 3 2462 4544 2504 89
1 3 89 2504 4545 2507
1 3 2504 660 2505 4545
1 3 4545 2505 1177 2506
1 3 2507 4545 2506 663
1 3 660 2502 4546 2505
1 3 2502 182 2508 4546
1 3 4546 2508 661 2509
1 3 2505 4546 2509 1177
1 3 1177 2509 4547 2512
1 3 2509 661 2510 4547
1 3 4547 2510 315 2511
1 3 2512 4547 2511 662
1 3 663 2506 4548 2514
1 3 2506 1177 2512 4548
1 3 4548 2512 662 2513
1 3 2514 4548 2513 185
1 3 182 2497 4549 2508
1 3 2497 658 2515 4549
1 3 4549 2515 1178 2516
1 3 2508 4549 2516 661
1 3 658 2495 4550 2515
1 3 2495 54 2517 4550
1 3 4550 2517 664 2518
1 3 2515 4550 2518 1178
1 3 1178 2518 4551 2521
1 3 2518 664 2519 4551
1 3 4551 2519 183 2520
1 3 2521 4551 2520 665
1 3 661 2516 4552 2510
1 3 2516 1178 2521 4552
1 3 4552 2521 665 2522
1 3 2510 4552 2522 315
1 3 315 2522 4553 2525
1 3 2522 665 2523 4553
1 3 4553 2523 1179 2524
1 3 2525 4553 2524 668
1 3 665 2520 4554 2523
1 3 2520 183 2526 4554
1 3 4554 2526 666 2527
1 3 2523 4554 2527 1179
1 3 1179 2527 4555 2530
1 3 2527 666 2528 4555
1 3 4555 2528 15 2529
1 3 2530 4555 2529 667
1 3 668 2524 4556 2532
1 3 2524 1179 2530 4556
1 3 4556 2530 667 2531
1 3 2532 4556 2531 184
1 3 185 2513 4557 2535
1 3 2513 662 2533 4557
1 3 4557 2533 1180 2534
1 3 2535 4557 2534 670
1 3 662 2511 4558 2533
1 3 2511 315 2525 4558
1 3 4558 2525 668 2536
1 3 2533 4558 2536 1180
1 3 1180 2536 4559 2538
1 3 2536 668 2532 4559
1 3 4559 2532 184 2537
1 3 2538 4559 2537 669
1 3 670 2534 4560 2540
1 3 2534 1180 2538 4560
1 3 4560 2538 669 2539
1 3 2540 4560 2539 55
1 3 35 2472 4561 1585
1 3 2472 652 2541 4561
1 3 4561 2541 1181 2542
1 3 1585 4561 2542 422
1 3 652 2470 4562 2541
1 3 2470 180 2543 4562
1 3 4562 2543 671 2544
1 3 2541 4562 2544 1181
1 3 1181 2544 4563 2547
1 3 2544 671 2545 4563
1 3 4563 2545 316 2546
1 3 2547 4563 2546 672
1 3 422 2542 4564 1587
1 3 2542 1181 2547 4564
1 3 4564 2547 672 2548
1 3 1587 4564 2548 118
1 3 180 2465 4565 2543
1 3 2465 650 2549 4565
1 3 4565 2549 1182 2550
1 3 2543 4565 2550 671
1 3 650 2463 4566 2549
1 3 2463 89 2507 4566
1 3 4566 2507 663 2551
1 3 2549 4566 2551 1182
1 3 1182 2551 4567 2553
1 3 2551 663 2514 4567
1 3 4567 2514 185 2552
1 3 2553 4567 2552 673
1 3 671 2550 4568 2545
1 3 2550 1182 2553 4568
1 3 4568 2553 673 2554
1 3 2545 4568 2554 316
1 3 316 2554 4569 2557
1 3 2554 673 2555 4569
1 3 4569 2555 1183 2556
1 3 2557 4569 2556 675
1 3 673 2552 4570 2555
1 3 2552 185 2535 4570
1 3 4570 2535 670 2558
1 3 2555 4570 2558 1183
1 3 1183 2558 4571 2560
1 3 2558 670 2540 4571
1 3 4571 2540 55 2559
1 3 2560 4571 2559 674
1 3 675 2556 4572 2562
1 3 2556 1183 2560 4572
1 3 4572 2560 674 2561
1 3 2562 4572 2561 186
1 3 118 2548 4573 1594
1 3 2548 672 2563 4573
1 3 4573 2563 1184 2564
1 3 1594 4573 2564 424
1 3 672 2546 4574 2563
1 3 2546 316 2557 4574
1 3 4574 2557 675 2565
1 3 2563 4574 2565 1184
1 3 1184 2565 4575 2567
1 3 2565 675 2562 4575
1 3 4575 2562 186 2566
1 3 2567 4575 2566 676
1 3 424 2564 4576 1596
1 3 2564 1184 2567 4576
1 3 4576 2567 676 2568
1 3 1596 4576 2568 27
1 3 27 2568 4577 2571
1 3 2568 676 2569 4577
1 3 4577 2569 1185 2570
1 3 2571 4577 2570 679
1 3 676 2566 4578 2569
1 3 2566 186 2572 4578
1 3 4578 2572 677 2573
1 3 2569 4578 2573 1185
1 3 1185 2573 4579 2576
1 3 2573 677 2574 4579
1 3 4579 2574 317 2575
1 3 2576 4579 2575 678
1 3 679 2570 4580 2578
1 3 2570 1185 2576 4580
1 3 4580 2576 678 2577
1 3 2578 4580 2577 189
1 3 186 2561 4581 2572
1 3 2561 674 2579 4581
1 3 4581 2579 1186 2580
1 3 2572 4581 2580 677
1 3 674 2559 4582 2579
1 3 2559 55 2581 4582
1 3 4582 2581 680 2582
1 3 2579 4582 2582 1186
1 3 1186 2582 4583 2585
1 3 2582 680 2583 4583
1 3 4583 2583 187 2584
1 3 2585 4583 2584 681
1 3 677 2580 4584 2574
1 3 2580 1186 2585 4584
1 3 4584 2585 681 2586
1 3 2574 4584 2586 317
1 3 317 2586 4585 2589
1 3 2586 681 2587 4585
1 3 4585 2587 1187 2588
1 3 2589 4585 2588 684
1 3 681 2584 4586 2587
1 3 2584 187 2590 4586
1 3 4586 2590 682 2591
1 3 2587 4586 2591 1187
1 3 1187 2591 4587 2594
1 3 2591 682 2592 4587
1 3 4587 2592 90 2593
1 3 2594 4587 2593 683
1 3 684 2588 4588 2596
1 3 2588 1187 2594 4588
1 3 4588 2594 683 2595
1 3 2596 4588 2595 188
1 3 189 2577 4589 2599
1 3 2577 678 2597 4589
1 3 4589 2597 1188 2598
1 3 2599 4589 2598 686
1 3 678 2575 4590 2597
1 3 2575 317 2589 4590
1 3 4590 2589 684 2600
1 3 2597 4590 2600 1188
1 3 1188 2600 4591 2602
1 3 2600 684 2596 4591
1 3 4591 2596 188 2601
1 3 2602 4591 2601 685
1 3 686 2598 4592 2604
1 3 2598 1188 2602 4592
1 3 4592 2602 685 2603
1 3 2604 4592 2603 58
1 3 55 2539 4593 2581
1 3 2539 669 2605 4593
1 3 4593 2605 1189 2606
1 3 2581 4593 2606 680
1 3 669 2537 4594 2605
1 3 2537 184 2607 4594
1 3 4594 2607 687 2608
1 3 2605 4594 2608 1189
1 3 1189 2608 4595 2611
1 3 2608 687 2609 4595
1 3 4595 2609 318 2610
1 3 2611 4595 2610 688
1 3 680 2606 4596 2583
1 3 2606 1189 2611 4596
1 3 4596 2611 688 2612
1 3 2583 4596 2612 187
1 3 184 2531 4597 2607
1 3 2531 667 2613 4597
1 3 4597 2613 1190 2614
1 3 2607 4597 2614 687
1 3 667 2529 4598 2613
1 3 2529 15 2615 4598
1 3 4598 2615 689 2616
1 3 2613 4598 2616 1190
1 3 1190 2616 4599 2619
1 3 2616 689 2617 4599
1 3 4599 2617 190 2618
1 3 2619 4599 2618 690
1 3 687 2614 4600 2609
1 3 2614 1190 2619 4600
1 3 4600 2619 690 2620
1 3 2609 4600 2620 318
1 3 318 2620 4601 2623
1 3 2620 690 2621 4601
1 3 4601 2621 1191 2622
1 3 2623 4601 2622 693
1 3 690 2618 4602 2621
1 3 2618 190 2624 4602
1 3 4602 2624 691 2625
1 3 2621 4602 2625 1191
1 3 1191 2625 4603 2628
1 3 2625 691 2626 4603
1 3 4603 2626 56 2627
1 3 2628 4603 2627 692
1 3 693 2622 4604 2630
1 3 2622 1191 2628 4604
1 3 4604 2628 692 2629
1 3 2630 4604 2629 191
1 3 187 2612 4605 2590
1 3 2612 688 2631 4605
1 3 4605 2631 1192 2632
1 3 2590 4605 2632 682
1 3 688 2610 4606 2631
1 3 2610 318 2623 4606
1 3 4606 2623 693 2633
1 3 2631 4606 2633 1192
1 3 1192 2633 4607 2635
1 3 2633 693 2630 4607
1 3 4607 2630 191 2634
1 3 2635 4607 2634 694
1 3 682 2632 4608 2592
1 3 2632 1192 2635 4608
1 3 4608 2635 694 2636
1 3 2592 4608 2636 90
1 3 90 2636 4609 2639
1 3 2636 694 2637 4609
1 3 4609 2637 1193 2638
1 3 2639 4609 2638 697
1 3 694 2634 4610 2637
1 3 2634 191 2640 4610
1 3 4610 2640 695 2641
1 3 2637 4610 2641 1193
1 3 1193 2641 4611 2644
1 3 2641 695 2642 4611
1 3 4611 2642 319 2643
1 3 2644 4611 2643 696
1 3 697 2638 4612 2646
1 3 2638 1193 2644 4612
1 3 4612 2644 696 2645
1 3 2646 4612 2645 194
1 3 191 2629 4613 2640
1 3 2629 692 2647 4613
1 3 4613 2647 1194 2648
1 3 2640 4613 2648 695
1 3 692 2627 4614 2647
1 3 2627 56 2649 4614
1 3 4614 2649 698 2650
1 3 2647 4614 2650 1194
1 3 1194 2650 4615 2653
1 3 2650 698 2651 4615
1 3 4615 2651 192 2652
1 3 2653 4615 2652 699
1 3 695 2648 4616 2642
1 3 2648 1194 2653 4616
1 3 4616 2653 699 2654
1 3 2642 4616 2654 319
1 3 319 2654 4617 2657
1 3 2654 699 2655 4617
1 3 4617 2655 1195 2656
1 3 2657 4617 2656 702
1 3 699 2652 4618 2655
1 3 2652 192 2658 4618
1 3 4618 2658 700 2659
1 3 2655 4618 2659 1195
1 3 1195 2659 4619 2662
1 3 2659 700 2660 4619
1 3 4619 2660 5 2661
1 3 2662 4619 2661 701
1 3 702 2656 4620 2664
1 3 2656 1195 2662 4620
1 3 4620 2662 701 2663
1 3 2664 4620 2663 193
1 3 194 2645 4621 2667
1 3 2645 696 2665 4621
1 3 4621 2665 1196 2666
1 3 2667 4621 2666 704
1 3 696 2643 4622 2665
1 3 2643 319 2657 4622
1 3 4622 2657 702 2668
1 3 2665 4622 2668 1196
1 3 1196 2668 4623 2670
1 3 2668 702 2664 4623
1 3 4623 2664 193 2669
1 3 2670 4623 2669 703
1 3 704 2666 4624 2672
1 3 2666 1196 2670 4624
1 3 4624 2670 703 2671
1 3 2672 4624 2671 57
1 3 58 2603 4625 2675
1 3 2603 685 2673 4625
1 3 4625 2673 1197 2674
1 3 2675 4625 2674 707
1 3 685 2601 4626 2673
1 3 2601 188 2676 4626
1 3 4626 2676 705 2677
1 3 2673 4626 2677 1197
1 3 1197 2677 4627 2680
1 3 2677 705 2678 4627
1 3 4627 2678 320 2679
1 3 2680 4627 2679 706
1 3 707 2674 4628 2682
1 3 2674 1197 2680 4628
1 3 4628 2680 706 2681
1 3 2682 4628 2681 196
1 3 188 2595 4629 2676
1 3 2595 683 2683 4629
1 3 4629 2683 1198 2684
1 3 2676 4629 2684 705
1 3 683 2593 4630 2683
1 3 2593 90 2639 4630
1 3 4630 2639 697 2685
1 3 2683 4630 2685 1198
1 3 1198 2685 4631 2687
1 3 2685 697 2646 4631
1 3 4631 2646 194 2686
1 3 2687 4631 2686 708
1 3 705 2684 4632 2678
1 3 2684 1198 2687 4632
1 3 4632 2687 708 2688
1 3 2678 4632 2688 320
1 3 320 2688 4633 2691
1 3 2688 708 2689 4633
1 3 4633 2689 1199 2690
1 3 2691 4633 2690 710
1 3 708 2686 4634 2689
1 3 2686 194 2667 4634
1 3 4634 2667 704 2692
1 3 2689 4634 2692 1199
1 3 1199 2692 4635 2694
1 3 2692 704 2672 4635
1 3 4635 2672 57 2693
1 3 2694 4635 2693 709
1 3 710 2690 4636 2696
1 3 2690 1199 2694 4636
1 3 4636 2694 709 2695
1 3 2696 4636 2695 195
1 3 196 2681 4637 2699
1 3 2681 706 2697 4637
1 3 4637 2697 1200 2698
1 3 2699 4637 2698 712
1 3 706 2679 4638 2697
1 3 2679 320 2691 4638
1 3 4638 2691 710 2700
1 3 2697 4638 2700 1200
1 3 1200 2700 4639 2702
1 3 2700 710 2696 4639
1 3 4639 2696 195 2701
1 3 2702 4639 2701 711
1 3 712 2698 4640 2704
1 3 2698 1200 2702 4640
1 3 4640 2702 711 2703
1 3 2704 4640 2703 16
1 3 17 1639 4641 2707
1 3 1639 435 2705 4641
1 3 4641 2705 1201 2706
1 3 2707 4641 2706 715
1 3 435 1637 4642 2705
1 3 1637 121 2708 4642
1 3 4642 2708 713 2709
1 3 2705 4642 2709 1201
1 3 1201 2709 4643 2712
1 3 2709 713 2710 4643
1 3 4643 2710 321 2711
1 3 2712 4643 2711 714
1 3 715 2706 4644 2714
1 3 2706 1201 2712 4644
1 3 4644 2712 714 2713
1 3 2714 4644 2713 199
1 3 121 1631 4645 2708
1 3 1631 433 2715 4645
1 3 4645 2715 1202 2716
1 3 2708 4645 2716 713
1 3 433 1629 4646 2715
1 3 1629 36 2717 4646
1 3 4646 2717 716 2718
1 3 2715 4646 2718 1202
1 3 1202 2718 4647 2721
1 3 2718 716 2719 4647
1 3 4647 2719 197 2720
1 3 2721 4647 2720 717
1 3 713 2716 4648 2710
1 3 2716 1202 2721 4648
1 3 4648 2721 717 2722
1 3 2710 4648 2722 321
1 3 321 2722 4649 2725
1 3 2722 717 2723 4649
1 3 4649 2723 1203 2724
1 3 2725 4649 2724 720
1 3 717 2720 4650 2723
1 3 2720 197 2726 4650
1 3 4650 2726 718 2727
1 3 2723 4650 2727 1203
1 3 1203 2727 4651 2730
1 3 2727 718 2728 4651
1 3 4651 2728 91 2729
1 3 2730 4651 2729 719
1 3 720 2724 4652 2732
1 3 2724 1203 2730 4652
1 3 4652 2730 719 2731
1 3 2732 4652 2731 198
1 3 199 2713 4653 2735
1 3 2713 714 2733 4653
1 3 4653 2733 1204 2734
1 3 2735 4653 2734 722
1 3 714 2711 4654 2733
1 3 2711 321 2725 4654
1 3 4654 2725 720 2736
1 3 2733 4654 2736 1204
1 3 1204 2736 4655 2738
1 3 2736 720 2732 4655
1 3 4655 2732 198 2737
1 3 2738 4655 2737 721
1 3 722 2734 4656 2740
1 3 2734 1204 2738 4656
1 3 4656 2738 721 2739
1 3 2740 4656 2739 60
1 3 36 1607 4657 2717
1 3 1607 427 2741 4657
1 3 4657 2741 1205 2742
1 3 2717 4657 2742 716
1 3 427 1605 4658 2741
1 3 1605 119 2743 4658
1 3 4658 2743 723 2744
1 3 2741 4658 2744 1205
1 3 1205 2744 4659 2747
1 3 2744 723 2745 4659
1 3 4659 2745 322 2746
1 3 2747 4659 2746 724
1 3 716 2742 4660 2719
1 3 2742 1205 2747 4660
1 3 4660 2747 724 2748
1 3 2719 4660 2748 197
1 3 119 1599 4661 2743
1 3 1599 425 2749 4661
1 3 4661 2749 1206 2750
1 3 2743 4661 2750 723
1 3 425 1597 4662 2749
1 3 1597 27 2571 4662
1 3 4662 2571 679 2751
1 3 2749 4662 2751 1206
1 3 1206 2751 4663 2753
1 3 2751 679 2578 4663
1 3 4663 2578 189 2752
1 3 2753 4663 2752 725
1 3 723 2750 4664 2745
1 3 2750 1206 2753 4664
1 3 4664 2753 725 2754
1 3 2745 4664 2754 322
1 3 322 2754 4665 2757
1 3 2754 725 2755 4665
1 3 4665 2755 1207 2756
1 3 2757 4665 2756 727
1 3 725 2752 4666 2755
1 3 2752 189 2599 4666
1 3 4666 2599 686 2758
1 3 2755 4666 2758 1207
1 3 1207 2758 4667 2760
1 3 2758 686 2604 4667
1 3 4667 2604 58 2759
1 3 2760 4667 2759 726
1 3 727 2756 4668 2762
1 3 2756 1207 2760 4668
1 3 4668 2760 726 2761
1 3 2762 4668 2761 200
1 3 197 2748 4669 2726
1 3 2748 724 2763 4669
1 3 4669 2763 1208 2764
1 3 2726 4669 2764 718
1 3 724 2746 4670 2763
1 3 2746 322 2757 4670
1 3 4670 2757 727 2765
1 3 2763 4670 2765 1208
1 3 1208 2765 4671 2767
1 3 2765 727 2762 4671
1 3 4671 2762 200 2766
1 3 2767 4671 2766 728
1 3 718 2764 4672 2728
1 3 2764 1208 2767 4672
1 3 4672 2767 728 2768
1 3 2728 4672 2768 91
1 3 91 2768 4673 2771
1 3 2768 728 2769 4673
1 3 4673 2769 1209 2770
1 3 2771 4673 2770 731
1 3 728 2766 4674 2769
1 3 2766 200 2772 4674
1 3 4674 2772 729 2773
1 3 2769 4674 2773 1209
1 3 1209 2773 4675 2776
1 3 2773 729 2774 4675
1 3 4675 2774 323 2775
1 3 2776 4675 2775 730
1 3 731 2770 4676 2778
1 3 2770 1209 2776 4676
1 3 4676 2776 730 2777
1 3 2778 4676 2777 202
1 3 200 2761 4677 2772
1 3 2761 726 2779 4677
1 3 4677 2779 1210 2780
1 3 2772 4677 2780 729
1 3 726 2759 4678 2779
1 3 2759 58 2675 4678
1 3 4678 2675 707 2781
1 3 2779 4678 2781 1210
1 3 1210 2781 4679 2783
1 3 2781 707 2682 4679
1 3 4679 2682 196 2782
1 3 2783 4679 2782 732
1 3 729 2780 4680 2774
1 3 2780 1210 2783 4680
1 3 4680 2783 732 2784
1 3 2774 4680 2784 323
1 3 323 2784 4681 2787
1 3 2784 732 2785 4681
1 3 4681 2785 1211 2786
1 3 2787 4681 2786 734
1 3 732 2782 4682 2785
1 3 2782 196 2699 4682
1 3 4682 2699 712 2788
1 3 2785 4682 2788 1211
1 3 1211 2788 4683 2790
1 3 2788 712 2704 4683
1 3 4683 2704 16 2789
1 3 2790 4683 2789 733
1 3 734 2786 4684 2792
1 3 2786 1211 2790 4684
1 3 4684 2790 733 2791
1 3 2792 4684 2791 201
1 3 202 2777 4685 2795
1 3 2777 730 2793 4685
1 3 4685 2793 1212 2794
1 3 2795 4685 2794 736
1 3 730 2775 4686 2793
1 3 2775 323 2787 4686
1 3 4686 2787 734 2796
1 3 2793 4686 2796 1212
1 3 1212 2796 4687 2798
1 3 2796 734 2792 4687
1 3 4687 2792 201 2797
1 3 2798 4687 2797 735
1 3 736 2794 4688 2800
1 3 2794 1212 2798 4688
1 3 4688 2798 735 2799
1 3 2800 4688 2799 59
1 3 60 2739 4689 2803
1 3 2739 721 2801 4689
1 3 4689 2801 1213 2802
1 3 2803 4689 2802 739
1 3 721 2737 4690 2801
1 3 2737 198 2804 4690
1 3 4690 2804 737 2805
1 3 2801 4690 2805 1213
1 3 1213 2805 4691 2808
1 3 2805 737 2806 4691
1 3 4691 2806 324 2807
1 3 2808 4691 2807 738
1 3 739 2802 4692 2810
1 3 2802 1213 2808 4692
1 3 4692 2808 738 2809
1 3 2810 4692 2809 204
1 3 198 2731 4693 2804
1 3 2731 719 2811 4693
1 3 4693 2811 1214 2812
1 3 2804 4693 2812 737
1 3 719 2729 4694 2811
1 3 2729 91 2771 4694
1 3 4694 2771 731 2813
1 3 2811 4694 2813 1214
1 3 1214 2813 4695 2815
1 3 2813 731 2778 4695
1 3 4695 2778 202 2814
1 3 2815 4695 2814 740
1 3 737 2812 4696 2806
1 3 2812 1214 2815 4696
1 3 4696 2815 740 2816
1 3 2806 4696 2816 324
1 3 324 2816 4697 2819
1 3 2816 740 2817 4697
1 3 4697 2817 1215 2818
1 3 2819 4697 2818 742
1 3 740 2814 4698 2817
1 3 2814 202 2795 4698
1 3 4698 2795 736 2820
1 3 2817 4698 2820 1215
1 3 1215 2820 4699 2822
1 3 2820 736 2800 4699
1 3 4699 2800 59 2821
1 3 2822 4699 2821 741
1 3 742 2818 4700 2824
1 3 2818 1215 2822 4700
1 3 4700 2822 741 2823
1 3 2824 4700 2823 203
1 3 204 2809 4701 2827
1 3 2809 738 2825 4701
1 3 4701 2825 1216 2826
1 3 2827 4701 2826 744
1 3 738 2807 4702 2825
1 3 2807 324 2819 4702
1 3 4702 2819 742 2828
1 3 2825 4702 2828 1216
1 3 1216 2828 4703 2830
1 3 2828 742 2824 4703
1 3 4703 2824 203 2829
1 3 2830 4703 2829 743
1 3 744 2826 4704 2832
1 3 2826 1216 2830 4704
1 3 4704 2830 743 2831
1 3 2832 4704 2831 4
1 3 17 2707 4705 1687
1 3 2707 715 2833 4705
1 3 4705 2833 1217 2834
1 3 1687 4705 2834 449
1 3 715 2714 4706 2833
1 3 2714 199 2835 4706
1 3 4706 2835 745 2836
1 3 2833 4706 2836 1217
1 3 1217 2836 4707 2839
1 3 2836 745 2837 4707
1 3 4707 2837 325 2838
1 3 2839 4707 2838 746
1 3 449 2834 4708 1689
1 3 2834 1217 2839 4708
1 3 4708 2839 746 2840
1 3 1689 4708 2840 126
1 3 199 2735 4709 2835
1 3 2735 722 2841 4709
1 3 4709 2841 1218 2842
1 3 2835 4709 2842 745
1 3 722 2740 4710 2841
1 3 2740 60 2843 4710
1 3 4710 2843 747 2844
1 3 2841 4710 2844 1218
1 3 1218 2844 4711 2847
1 3 2844 747 2845 4711
1 3 4711 2845 205 2846
1 3 2847 4711 2846 748
1 3 745 2842 4712 2837
1 3 2842 1218 2847 4712
1 3 4712 2847 748 2848
1 3 2837 4712 2848 325
1 3 325 2848 4713 2851
1 3 2848 748 2849 4713
1 3 4713 2849 1219 2850
1 3 2851 4713 2850 751
1 3 748 2846 4714 2849
1 3 2846 205 2852 4714
1 3 4714 2852 749 2853
1 3 2849 4714 2853 1219
1 3 1219 2853 4715 2856
1 3 2853 749 2854 4715
1 3 4715 2854 92 2855
1 3 2856 4715 2855 750
1 3 751 2850 4716 2858
1 3 2850 1219 2856 4716
1 3 4716 2856 750 2857
1 3 2858 4716 2857 206
1 3 126 2840 4717 1696
1 3 2840 746 2859 4717
1 3 4717 2859 1220 2860
1 3 1696 4717 2860 451
1 3 746 2838 4718 2859
1 3 2838 325 2851 4718
1 3 4718 2851 751 2861
1 3 2859 4718 2861 1220
1 3 1220 2861 4719 2863
1 3 2861 751 2858 4719
1 3 4719 2858 206 2862
1 3 2863 4719 2862 752
1 3 451 2860 4720 1698
1 3 2860 1220 2863 4720
1 3 4720 2863 752 2864
1 3 1698 4720 2864 38
1 3 60 2803 4721 2843
1 3 2803 739 2865 4721
1 3 4721 2865 1221 2866
1 3 2843 4721 2866 747
1 3 739 2810 4722 2865
1 3 2810 204 2867 4722
1 3 4722 2867 753 2868
1 3 2865 4722 2868 1221
1 3 1221 2868 4723 2871
1 3 2868 753 2869 4723
1 3 4723 2869 326 2870
1 3 2871 4723 2870 754
1 3 747 2866 4724 2845
1 3 2866 1221 2871 4724
1 3 4724 2871 754 2872
1 3 2845 4724 2872 205
1 3 204 2827 4725 2867
1 3 2827 744 2873 4725
1 3 4725 2873 1222 2874
1 3 2867 4725 2874 753
1 3 744 2832 4726 2873
1 3 2832 4 2875 4726
1 3 4726 2875 755 2876
1 3 2873 4726 2876 1222
1 3 1222 2876 4727 2879
1 3 2876 755 2877 4727
1 3 4727 2877 207 2878
1 3 2879 4727 2878 756
1 3 753 2874 4728 2869
1 3 2874 1222 2879 4728
1 3 4728 2879 756 2880
1 3 2869 4728 2880 326
1 3 326 2880 4729 2883
1 3 2880 756 2881 4729
1 3 4729 2881 1223 2882
1 3 2883 4729 2882 759
1 3 756 2878 4730 2881
1 3 2878 207 2884 4730
1 3 4730 2884 757 2885
1 3 2881 4730 2885 1223
1 3 1223 2885 4731 2888
1 3 2885 757 2886 4731
1 3 4731 2886 61 2887
1 3 2888 4731 2887 758
1 3 759 2882 4732 2890
1 3 2882 1223 2888 4732
1 3 4732 2888 758 2889
1 3 2890 4732 2889 208
1 3 205 2872 4733 2852
1 3 2872 754 2891 4733
1 3 4733 2891 1224 2892
1 3 2852 4733 2892 749
1 3 754 2870 4734 2891
1 3 2870 326 2883 4734
1 3 4734 2883 759 2893
1 3 2891 4734 2893 1224
1 3 1224 2893 4735 2895
1 3 2893 759 2890 4735
1 3 4735 2890 208 2894
1 3 2895 4735 2894 760
1 3 749 2892 4736 2854
1 3 2892 1224 2895 4736
1 3 4736 2895 760 2896
1 3 2854 4736 2896 92
1 3 92 2896 4737 2899
1 3 2896 760 2897 4737
1 3 4737 2897 1225 2898
1 3 2899 4737 2898 763
1 3 760 2894 4738 2897
1 3 2894 208 2900 4738
1 3 4738 2900 761 2901
1 3 2897 4738 2901 1225
1 3 1225 2901 4739 2904
1 3 2901 761 2902 4739
1 3 4739 2902 327 2903
1 3 2904 4739 2903 762
1 3 763 2898 4740 2906
1 3 2898 1225 2904 4740
1 3 4740 2904 762 2905
1 3 2906 4740 2905 211
1 3 208 2889 4741 2900
1 3 2889 758 2907 4741
1 3 4741 2907 1226 2908
1 3 2900 4741 2908 761
1 3 758 2887 4742 2907
1 3 2887 61 2909 4742
1 3 4742 2909 764 2910
1 3 2907 4742 2910 1226
1 3 1226 2910 4743 2913
1 3 2910 764 2911 4743
1 3 4743 2911 209 2912
1 3 2913 4743 2912 765
1 3 761 2908 4744 2902
1 3 2908 1226 2913 4744
1 3 4744 2913 765 2914
1 3 2902 4744 2914 327
1 3 327 2914 4745 2917
1 3 2914 765 2915 4745
1 3 4745 2915 1227 2916
1 3 2917 4745 2916 768
1 3 765 2912 4746 2915
1 3 2912 209 2918 4746
1 3 4746 2918 766 2919
1 3 2915 4746 2919 1227
1 3 1227 2919 4747 2922
1 3 2919 766 2920 4747
1 3 4747 2920 18 2921
1 3 2922 4747 2921 767
1 3 768 2916 4748 2924
1 3 2916 1227 2922 4748
1 3 4748 2922 767 2923
1 3 2924 4748 2923 210
1 3 211 2905 4749 2927
1 3 2905 762 2925 4749
1 3 4749 2925 1228 2926
1 3 2927 4749 2926 770
1 3 762 2903 4750 2925
1 3 2903 327 2917 4750
1 3 4750 2917 768 2928
1 3 2925 4750 2928 1228
1 3 1228 2928 4751 2930
1 3 2928 768 2924 4751
1 3 4751 2924 210 2929
1 3 2930 4751 2929 769
1 3 770 2926 4752 2932
1 3 2926 1228 2930 4752
1 3 4752 2930 769 2931
1 3 2932 4752 2931 62
1 3 38 2864 4753 1721
1 3 2864 752 2933 4753
1 3 4753 2933 1229 2934
1 3 1721 4753 2934 458
1 3 752 2862 4754 2933
1 3 2862 206 2935 4754
1 3 4754 2935 771 2936
1 3 2933 4754 2936 1229
1 3 1229 2936 4755 2939
1 3 2936 771 2937 4755
1 3 4755 2937 328 2938
1 3 2939 4755 2938 772
1 3 458 2934 4756 1723
1 3 2934 1229 2939 4756
1 3 4756 2939 772 2940
1 3 1723 4756 2940 128
1 3 206 2857 4757 2935
1 3 2857 750 2941 4757
1 3 4757 2941 1230 2942
1 3 2935 4757 2942 771
1 3 750 2855 4758 2941
1 3 2855 92 2899 4758
1 3 4758 2899 763 2943
1 3 2941 4758 2943 1230
1 3 1230 2943 4759 2945
1 3 2943 763 2906 4759
1 3 4759 2906 211 2944
1 3 2945 4759 2944 773
1 3 771 2942 4760 2937
1 3 2942 1230 2945 4760
1 3 4760 2945 773 2946
1 3 2937 4760 2946 328
1 3 328 2946 4761 2949
1 3 2946 773 2947 4761
1 3 4761 2947 1231 2948
1 3 2949 4761 2948 775
1 3 773 2944 4762 2947
1 3 2944 211 2927 4762
1 3 4762 2927 770 2950
1 3 2947 4762 2950 1231
1 3 1231 2950 4763 2952
1 3 2950 770 2932 4763
1 3 4763 2932 62 2951
1 3 2952 4763 2951 774
1 3 775 2948 4764 2954
1 3 2948 1231 2952 4764
1 3 4764 2952 774 2953
1 3 2954 4764 2953 212
1 3 128 2940 4765 1730
1 3 2940 772 2955 4765
1 3 4765 2955 1232 2956
1 3 1730 4765 2956 460
1 3 772 2938 4766 2955
1 3 2938 328 2949 4766
1 3 4766 2949 775 2957
1 3 2955 4766 2957 1232
1 3 1232 2957 4767 2959
1 3 2957 775 2954 4767
1 3 4767 2954 212 2958
1 3 2959 4767 2958 776
1 3 460 2956 4768 1732
1 3 2956 1232 2959 4768
1 3 4768 2959 776 2960
1 3 1732 4768 2960 28
1 3 28 2960 4769 2963
1 3 2960 776 2961 4769
1 3 4769 2961 1233 2962
1 3 2963 4769 2962 779
1 3 776 2958 4770 2961
1 3 2958 212 2964 4770
1 3 4770 2964 777 2965
1 3 2961 4770 2965 1233
1 3 1233 2965 4771 2968
1 3 2965 777 2966 4771
1 3 4771 2966 329 2967
1 3 2968 4771 2967 778
1 3 779 2962 4772 2970
1 3 2962 1233 2968 4772
1 3 4772 2968 778 2969
1 3 2970 4772 2969 215
1 3 212 2953 4773 2964
1 3 2953 774 2971 4773
1 3 4773 2971 1234 2972
1 3 2964 4773 2972 777
1 3 774 2951 4774 2971
1 3 2951 62 2973 4774
1 3 4774 2973 780 2974
1 3 2971 4774 2974 1234
1 3 1234 2974 4775 2977
1 3 2974 780 2975 4775
1 3 4775 2975 213 2976
1 3 2977 4775 2976 781
1 3 777 2972 4776 2966
1 3 2972 1234 2977 4776
1 3 4776 2977 781 2978
1 3 2966 4776 2978 329
1 3 329 2978 4777 2981
1 3 2978 781 2979 4777
1 3 4777 2979 1235 2980
1 3 2981 4777 2980 784
1 3 781 2976 4778 2979
1 3 2976 213 2982 4778
1 3 4778 2982 782 2983
1 3 2979 4778 2983 1235
1 3 1235 2983 4779 2986
1 3 2983 782 2984 4779
1 3 4779 2984 93 2985
1 3 2986 4779 2985 783
1 3 784 2980 4780 2988
1 3 2980 1235 2986 4780
1 3 4780 2986 783 2987
1 3 2988 4780 2987 214
1 3 215 2969 4781 2991
1 3 2969 778 2989 4781
1 3 4781 2989 1236 2990
1 3 2991 4781 2990 786
1 3 778 2967 4782 2989
1 3 2967 329 2981 4782
1 3 4782 2981 784 2992
1 3 2989 4782 2992 1236
1 3 1236 2992 4783 2994
1 3 2992 784 2988 4783
1 3 4783 2988 214 2993
1 3 2994 4783 2993 785
1 3 786 2990 4784 2996
1 3 2990 1236 2994 4784
1 3 4784 2994 785 2995
1 3 2996 4784 2995 65
1 3 62 2931 4785 2973
1 3 2931 769 2997 4785
1 3 4785 2997 1237 2998
1 3 2973 4785 2998 780
1 3 769 2929 4786 2997
1 3 2929 210 2999 4786
1 3 4786 2999 787 3000
1 3 2997 4786 3000 1237
1 3 1237 3000 4787 3003
1 3 3000 787 3001 4787
1 3 4787 3001 330 3002
1 3 3003 4787 3002 788
1 3 780 2998 4788 2975
1 3 2998 1237 3003 4788
1 3 4788 3003 788 3004
1 3 2975 4788 3004 213
1 3 210 2923 4789 2999
1 3 2923 767 3005 4789
1 3 4789 3005 1238 3006
1 3 2999 4789 3006 787
1 3 767 2921 4790 3005
1 3 2921 18 3007 4790
1 3 4790 3007 789 3008
1 3 3005 4790 3008 1238
1 3 1238 3008 4791 3011
1 3 3008 789 3009 4791
1 3 4791 3009 216 3010
1 3 3011 4791 3010 790
1 3 787 3006 4792 3001
1 3 3006 1238 3011 4792
1 3 4792 3011 790 3012
1 3 3001 4792 3012 330
1 3 330 3012 4793 3015
1 3 3012 790 3013 4793
1 3 4793 3013 1239 3014
1 3 3015 4793 3014 793
1 3 790 3010 4794 3013
1 3 3010 216 3016 4794
1 3 4794 3016 791 3017
1 3 3013 4794 3017 1239
1 3 1239 3017 4795 3020
1 3 3017 791 3018 4795
1 3 4795 3018 63 3019
1 3 3020 4795 3019 792
1 3 793 3014 4796 3022
1 3 3014 1239 3020 4796
1 3 4796 3020 792 3021
1 3 3022 4796 3021 217
1 3 213 3004 4797 2982
1 3 3004 788 3023 4797
1 3 4797 3023 1240 3024
1 3 2982 4797 3024 782
1 3 788 3002 4798 3023
1 3 3002 330 3015 4798
1 3 4798 3015 793 3025
1 3 3023 4798 3025 1240
1 3 1240 3025 4799 3027
1 3 3025 793 3022 4799
1 3 4799 3022 217 3026
1 3 3027 4799 3026 794
1 3 782 3024 4800 2984
1 3 3024 1240 3027 4800
1 3 4800 3027 794 3028
1 3 2984 4800 3028 93
1 3 93 3028 4801 3031
1 3 3028 794 3029 4801
1 3 4801 3029 1241 3030
1 3 3031 4801 3030 797
1 3 794 3026 4802 3029
1 3 3026 217 3032 4802
1 3 4802 3032 795 3033
1 3 3029 4802 3033 1241
1 3 1241 3033 4803 3036
1 3 3033 795 3034 4803
1 3 4803 3034 331 3035
1 3 3036 4803 3035 796
1 3 797 3030 4804 3038
1 3 3030 1241 3036 4804
1 3 4804 3036 796 3037
1 3 3038 4804 3037 220
1 3 217 3021 4805 3032
1 3 3021 792 3039 4805
1 3 4805 3039 1242 3040
1 3 3032 4805 3040 795
1 3 792 3019 4806 3039
1 3 3019 63 3041 4806
1 3 4806 3041 798 3042
1 3 3039 4806 3042 1242
1 3 1242 3042 4807 3045
1 3 3042 798 3043 4807
1 3 4807 3043 218 3044
1 3 3045 4807 3044 799
1 3 795 3040 4808 3034
1 3 3040 1242 3045 4808
1 3 4808 3045 799 3046
1 3 3034 4808 3046 331
1 3 331 3046 4809 3049
1 3 3046 799 3047 4809
1 3 4809 3047 1243 3048
1 3 3049 4809 3048 802
1 3 799 3044 4810 3047
1 3 3044 218 3050 4810
1 3 4810 3050 800 3051
1 3 3047 4810 3051 1243
1 3 1243 3051 4811 3054
1 3 3051 800 3052 4811
1 3 4811 3052 7 3053
1 3 3054 4811 3053 801
1 3 802 3048 4812 3056
1 3 3048 1243 3054 4812
1 3 4812 3054 801 3055
1 3 3056 4812 3055 219
1 3 220 3037 4813 3059
1 3 3037 796 3057 4813
1 3 4813 3057 1244 3058
1 3 3059 4813 3058 804
1 3 796 3035 4814 3057
1 3 3035 331 3049 4814
1 3 4814 3049 802 3060
1 3 3057 4814 3060 1244
1 3 1244 3060 4815 3062
1 3 3060 802 3056 4815
1 3 4815 3056 219 3061
1 3 3062 4815 3061 803
1 3 804 3058 4816 3064
1 3 3058 1244 3062 4816
1 3 4816 3062 803 3063
1 3 3064 4816 3063 64
1 3 65 2995 4817 3067
1 3 2995 785 3065 4817
1 3 4817 3065 1245 3066
1 3 3067 4817 3066 807
1 3 785 2993 4818 3065
1 3 2993 214 3068 4818
1 3 4818 3068 805 3069
1 3 3065 4818 3069 1245
1 3 1245 3069 4819 3072
1 3 3069 805 3070 4819
1 3 4819 3070 332 3071
1 3 3072 4819 3071 806
1 3 807 3066 4820 3074
1 3 3066 1245 3072 4820
1 3 4820 3072 806 3073
1 3 3074 4820 3073 222
1 3 214 2987 4821 3068
1 3 2987 783 3075 4821
1 3 4821 3075 1246 3076
1 3 3068 4821 3076 805
1 3 783 2985 4822 3075
1 3 2985 93 3031 4822
1 3 4822 3031 797 3077
1 3 3075 4822 3077 1246
1 3 1246 3077 4823 3079
1 3 3077 797 3038 4823
1 3 4823 3038 220 3078
1 3 3079 4823 3078 808
1 3 805 3076 4824 3070
1 3 3076 1246 3079 4824
1 3 4824 3079 808 3080
1 3 3070 4824 3080 332
1 3 332 3080 4825 3083
1 3 3080 808 3081 4825
1 3 4825 3081 1247 3082
1 3 3083 4825 3082 810
1 3 808 3078 4826 3081
1 3 3078 220 3059 4826
1 3 4826 3059 804 3084
1 3 3081 4826 3084 1247
1 3 1247 3084 4827 3086
1 3 3084 804 3064 4827
1 3 4827 3064 64 3085
1 3 3086 4827 3085 809
1 3 810 3082 4828 3088
1 3 3082 1247 3086 4828
1 3 4828 3086 809 3087
1 3 3088 4828 3087 221
1 3 222 3073 4829 3091
1 3 3073 806 3089 4829
1 3 4829 3089 1248 3090
1 3 3091 4829 3090 812
1 3 806 3071 4830 3089
1 3 3071 332 3083 4830
1 3 4830 3083 810 3092
1 3 3089 4830 3092 1248
1 3 1248 3092 4831 3094
1 3 3092 810 3088 4831
1 3 4831 3088 221 3093
1 3 3094 4831 3093 811
1 3 812 3090 4832 3096
1 3 3090 1248 3094 4832
1 3 4832 3094 811 3095
1 3 3096 4832 3095 19
1 3 20 1775 4833 3099
1 3 1775 471 3097 4833
1 3 4833 3097 1249 3098
1 3 3099 4833 3098 815
1 3 471 1773 4834 3097
1 3 1773 131 3100 4834
1 3 4834 3100 813 3101
1 3 3097 4834 3101 1249
1 3 1249 3101 4835 3104
1 3 3101 813 3102 4835
1 3 4835 3102 333 3103
1 3 3104 4835 3103 814
1 3 815 3098 4836 3106
1 3 3098 1249 3104 4836
1 3 4836 3104 814 3105
1 3 3106 4836 3105 225
1 3 131 1767 4837 3100
1 3 1767 469 3107 4837
1 3 4837 3107 1250 3108
1 3 3100 4837 3108 813
1 3 469 1765 4838 3107
1 3 1765 39 3109 4838
1 3 4838 3109 816 3110
1 3 3107 4838 3110 1250
1 3 1250 3110 4839 3113
1 3 3110 816 3111 4839
1 3 4839 3111 223 3112
1 3 3113 4839 3112 817
1 3 813 3108 4840 3102
1 3 3108 1250 3113 4840
1 3 4840 3113 817 3114
1 3 3102 4840 3114 333
1 3 333 3114 4841 3117
1 3 3114 817 3115 4841
1 3 4841 3115 1251 3116
1 3 3117 4841 3116 820
1 3 817 3112 4842 3115
1 3 3112 223 3118 4842
1 3 4842 3118 818 3119
1 3 3115 4842 3119 1251
1 3 1251 3119 4843 3122
1 3 3119 818 3120 4843
1 3 4843 3120 94 3121
1 3 3122 4843 3121 819
1 3 820 3116 4844 3124
1 3 3116 1251 3122 4844
1 3 4844 3122 819 3123
1 3 3124 4844 3123 224
1 3 225 3105 4845 3127
1 3 3105 814 3125 4845
1 3 4845 3125 1252 3126
1 3 3127 4845 3126 822
1 3 814 3103 4846 3125
1 3 3103 333 3117 4846
1 3 4846 3117 820 3128
1 3 3125 4846 3128 1252
1 3 1252 3128 4847 3130
1 3 3128 820 3124 4847
1 3 4847 3124 224 3129
1 3 3130 4847 3129 821
1 3 822 3126 4848 3132
1 3 3126 1252 3130 4848
1 3 4848 3130 821 3131
1 3 3132 4848 3131 67
1 3 39 1743 4849 3109
1 3 1743 463 3133 4849
1 3 4849 3133 1253 3134
1 3 3109 4849 3134 816
1 3 463 1741 4850 3133
1 3 1741 129 3135 4850
1 3 4850 3135 823 3136
1 3 3133 4850 3136 1253
1 3 1253 3136 4851 3139
1 3 3136 823 3137 4851
1 3 4851 3137 334 3138
1 3 3139 4851 3138 824
1 3 816 3134 4852 3111
1 3 3134 1253 3139 4852
1 3 4852 3139 824 3140
1 3 3111 4852 3140 223
1 3 129 1735 4853 3135
1 3 1735 461 3141 4853
1 3 4853 3141 1254 3142
1 3 3135 4853 3142 823
1 3 461 1733 4854 3141
1 3 1733 28 2963 4854
1 3 4854 2963 779 3143
1 3 3141 4854 3143 1254
1 3 1254 3143 4855 3145
1 3 3143 779 2970 4855
1 3 4855 2970 215 3144
1 3 3145 4855 3144 825
1 3 823 3142 4856 3137
1 3 3142 1254 3145 4856
1 3 4856 3145 825 3146
1 3 3137 4856 3146 334
1 3 334 3146 4857 3149
1 3 3146 825 3147 4857
1 3 4857 3147 1255 3148
1 3 3149 4857 3148 827
1 3 825 3144 4858 3147
1 3 3144 215 2991 4858
1 3 4858 2991 786 3150
1 3 3147 4858 3150 1255
1 3 1255 3150 4859 3152
1 3 3150 786 2996 4859
1 3 4859 2996 65 3151
1 3 3152 4859 3151 826
1 3 827 3148 4860 3154
1 3 3148 1255 3152 4860
1 3 4860 3152 826 3153
1 3 3154 4860 3153 226
1 3 223 3140 4861 3118
1 3 3140 824 3155 4861
1 3 4861 3155 1256 3156
1 3 3118 4861 3156 818
1 3 824 3138 4862 3155
1 3 3138 334 3149 4862
1 3 4862 3149 827 3157
1 3 3155 4862 3157 1256
1 3 1256 3157 4863 3159
1 3 3157 827 3154 4863
1 3 4863 3154 226 3158
1 3 3159 4863 3158 828
1 3 818 3156 4864 3120
1 3 3156 1256 3159 4864
1 3 4864 3159 828 3160
1 3 3120 4864 3160 94
1 3 94 3160 4865 3163
1 3 3160 828 3161 4865
1 3 4865 3161 1257 3162
1 3 3163 4865 3162 831
1 3 828 3158 4866 3161
1 3 3158 226 3164 4866
1 3 4866 3164 829 3165
1 3 3161 4866 3165 1257
1 3 1257 3165 4867 3168
1 3 3165 829 3166 4867
1 3 4867 3166 335 3167
1 3 3168 4867 3167 830
1 3 831 3162 4868 3170
1 3 3162 1257 3168 4868
1 3 4868 3168 830 3169
1 3 3170 4868 3169 228
1 3 226 3153 4869 3164
1 3 3153 826 3171 4869
1 3 4869 3171 1258 3172
1 3 3164 4869 3172 829
1 3 826 3151 4870 3171
1 3 3151 65 3067 4870
1 3 4870 3067 807 3173
1 3 3171 4870 3173 1258
1 3 1258 3173 4871 3175
1 3 3173 807 3074 4871
1 3 4871 3074 222 3174
1 3 3175 4871 3174 832
1 3 829 3172 4872 3166
1 3 3172 1258 3175 4872
1 3 4872 3175 832 3176
1 3 3166 4872 3176 335
1 3 335 3176 4873 3179
1 3 3176 832 3177 4873
1 3 4873 3177 1259 3178
1 3 3179 4873 3178 834
1 3 832 3174 4874 3177
1 3 3174 222 3091 4874
1 3 4874 3091 812 3180
1 3 3177 4874 3180 1259
1 3 1259 3180 4875 3182
1 3 3180 812 3096 4875
1 3 4875 3096 19 3181
1 3 3182 4875 3181 833
1 3 834 3178 4876 3184
1 3 3178 1259 3182 4876
1 3 4876 3182 833 3183
1 3 3184 4876 3183 227
1 3 228 3169 4877 3187
1 3 3169 830 3185 4877
1 3 4877 3185 1260 3186
1 3 3187 4877 3186 836
1 3 830 3167 4878 3185
1 3 3167 335 3179 4878
1 3 4878 3179 834 3188
1 3 3185 4878 3188 1260
1 3 1260 3188 4879 3190
1 3 3188 834 3184 4879
1 3 4879 3184 227 3189
1 3 3190 4879 3189 835
1 3 836 3186 4880 3192
1 3 3186 1260 3190 4880
1 3 4880 3190 835 3191
1 3 3192 4880 3191 66
1 3 67 3131 4881 3195
1 3 3131 821 3193 4881
1 3 4881 3193 1261 3194
1 3 3195 4881 3194 839
1 3 821 3129 4882 3193
1 3 3129 224 3196 4882
1 3 4882 3196 837 3197
1 3 3193 4882 3197 1261
1 3 1261 3197 4883 3200
1 3 3197 837 3198 4883
1 3 4883 3198 336 3199
1 3 3200 4883 3199 838
1 3 839 3194 4884 3202
1 3 3194 1261 3200 4884
1 3 4884 3200 838 3201
1 3 3202 4884 3201 230
1 3 224 3123 4885 3196
1 3 3123 819 3203 4885
1 3 4885 3203 1262 3204
1 3 3196 4885 3204 837
1 3 819 3121 4886 3203
1 3 3121 94 3163 4886
1 3 4886 3163 831 3205
1 3 3203 4886 3205 1262
1 3 1262 3205 4887 3207
1 3 3205 831 3170 4887
1 3 4887 3170 228 3206
1 3 3207 4887 3206 840
1 3 837 3204 4888 3198
1 3 3204 1262 3207 4888
1 3 4888 3207 840 3208
1 3 3198 4888 3208 336
1 3 336 3208 4889 3211
1 3 3208 840 3209 4889
1 3 4889 3209 1263 3210
1 3 3211 4889 3210 842
1 3 840 3206 4890 3209
1 3 3206 228 3187 4890
1 3 4890 3187 836 3212
1 3 3209 4890 3212 1263
1 3 1263 3212 4891 3214
1 3 3212 836 3192 4891
1 3 4891 3192 66 3213
1 3 3214 4891 3213 841
1 3 842 3210 4892 3216
1 3 3210 1263 3214 4892
1 3 4892 3214 841 3215
1 3 3216 4892 3215 229
1 3 230 3201 4893 3219
1 3 3201 838 3217 4893
1 3 4893 3217 1264 3218
1 3 3219 4893 3218 844
1 3 838 3199 4894 3217
1 3 3199 336 3211 4894
1 3 4894 3211 842 3220
1 3 3217 4894 3220 1264
1 3 1264 3220 4895 3222
1 3 3220 842 3216 4895
1 3 4895 3216 229 3221
1 3 3222 4895 3221 843
1 3 844 3218 4896 3224
1 3 3218 1264 3222 4896
1 3 4896 3222 843 3223
1 3 3224 4896 3223 6
1 3 20 3099 4897 1823
1 3 3099 815 3225 4897
1 3 4897 3225 1265 3226
1 3 1823 4897 3226 485
1 3 815 3106 4898 3225
1 3 3106 225 3227 4898
1 3 4898 3227 845 3228
1 3 3225 4898 3228 1265
1 3 1265 3228 4899 3231
1 3 3228 845 3229 4899
1 3 4899 3229 337 3230
1 3 3231 4899 3230 846
1 3 485 3226 4900 1825
1 3 3226 1265 3231 4900
1 3 4900 3231 846 3232
1 3 1825 4900 3232 136
1 3 225 3127 4901 3227
1 3 3127 822 3233 4901
1 3 4901 3233 1266 3234
1 3 3227 4901 3234 845
1 3 822 3132 4902 3233
1 3 3132 67 3235 4902
1 3 4902 3235 847 3236
1 3 3233 4902 3236 1266
1 3 1266 3236 4903 3239
1 3 3236 847 3237 4903
1 3 4903 3237 231 3238
1 3 3239 4903 3238 848
1 3 845 3234 4904 3229
1 3 3234 1266 3239 4904
1 3 4904 3239 848 3240
1 3 3229 4904 3240 337
1 3 337 3240 4905 3243
1 3 3240 848 3241 4905
1 3 4905 3241 1267 3242
1 3 3243 4905 3242 851
1 3 848 3238 4906 3241
1 3 3238 231 3244 4906
1 3 4906 3244 849 3245
1 3 3241 4906 3245 1267
1 3 1267 3245 4907 3248
1 3 3245 849 3246 4907
1 3 4907 3246 95 3247
1 3 3248 4907 3247 850
1 3 851 3242 4908 3250
1 3 3242 1267 3248 4908
1 3 4908 3248 850 3249
1 3 3250 4908 3249 232
1 3 136 3232 4909 1832
1 3 3232 846 3251 4909
1 3 4909 3251 1268 3252
1 3 1832 4909 3252 487
1 3 846 3230 4910 3251
1 3 3230 337 3243 4910
1 3 4910 3243 851 3253
1 3 3251 4910 3253 1268
1 3 1268 3253 4911 3255
1 3 3253 851 3250 4911
1 3 4911 3250 232 3254
1 3 3255 4911 3254 852
1 3 487 3252 4912 1834
1 3 3252 1268 3255 4912
1 3 4912 3255 852 3256
1 3 1834 4912 3256 41
1 3 67 3195 4913 3235
1 3 3195 839 3257 4913
1 3 4913 3257 1269 3258
1 3 3235 4913 3258 847
1 3 839 3202 4914 3257
1 3 3202 230 3259 4914
1 3 4914 3259 853 3260
1 3 3257 4914 3260 1269
1 3 1269 3260 4915 3263
1 3 3260 853 3261 4915
1 3 4915 3261 338 3262
1 3 3263 4915 3262 854
1 3 847 3258 4916 3237
1 3 3258 1269 3263 4916
1 3 4916 3263 854 3264
1 3 3237 4916 3264 231
1 3 230 3219 4917 3259
1 3 3219 844 3265 4917
1 3 4917 3265 1270 3266
1 3 3259 4917 3266 853
1 3 844 3224 4918 3265
1 3 3224 6 3267 4918
1 3 4918 3267 855 3268
1 3 3265 4918 3268 1270
1 3 1270 3268 4919 3271
1 3 3268 855 3269 4919
1 3 4919 3269 233 3270
1 3 3271 4919 3270 856
1 3 853 3266 4920 3261
1 3 3266 1270 3271 4920
1 3 4920 3271 856 3272
1 3 3261 4920 3272 338
1 3 338 3272 4921 3275
1 3 3272 856 3273 4921
1 3 4921 3273 1271 3274
1 3 3275 4921 3274 859
1 3 856 3270 4922 3273
1 3 3270 233 3276 4922
1 3 4922 3276 857 3277
1 3 3273 4922 3277 1271
1 3 1271 3277 4923 3280
1 3 3277 857 3278 4923
1 3 4923 3278 68 3279
1 3 3280 4923 3279 858
1 3 859 3274 4924 3282
1 3 3274 1271 3280 4924
1 3 4924 3280 858 3281
1 3 3282 4924 3281 234
1 3 231 3264 4925 3244
1 3 3264 854 3283 4925
1 3 4925 3283 1272 3284
1 3 3244 4925 3284 849
1 3 854 3262 4926 3283
1 3 3262 338 3275 4926
1 3 4926 3275 859 3285
1 3 3283 4926 3285 1272
1 3 1272 3285 4927 3287
1 3 3285 859 3282 4927
1 3 4927 3282 234 3286
1 3 3287 4927 3286 860
1 3 849 3284 4928 3246
1 3 3284 1272 3287 4928
1 3 4928 3287 860 3288
1 3 3246 4928 3288 95
1 3 95 3288 4929 3291
1 3 3288 860 3289 4929
1 3 4929 3289 1273 3290
1 3 3291 4929 3290 863
1 3 860 3286 4930 3289
1 3 3286 234 3292 4930
1 3 4930 3292 861 3293
1 3 3289 4930 3293 1273
1 3 1273 3293 4931 3296
1 3 3293 861 3294 4931
1 3 4931 3294 339 3295
1 3 3296 4931 3295 862
1 3 863 3290 4932 3298
1 3 3290 1273 3296 4932
1 3 4932 3296 862 3297
1 3 3298 4932 3297 237
1 3 234 3281 4933 3292
1 3 3281 858 3299 4933
1 3 4933 3299 1274 3300
1 3 3292 4933 3300 861
1 3 858 3279 4934 3299
1 3 3279 68 3301 4934
1 3 4934 3301 864 3302
1 3 3299 4934 3302 1274
1 3 1274 3302 4935 3305
1 3 3302 864 3303 4935
1 3 4935 3303 235 3304
1 3 3305 4935 3304 865
1 3 861 3300 4936 3294
1 3 3300 1274 3305 4936
1 3 4936 3305 865 3306
1 3 3294 4936 3306 339
1 3 339 3306 4937 3309
1 3 3306 865 3307 4937
1 3 4937 3307 1275 3308
1 3 3309 4937 3308 868
1 3 865 3304 4938 3307
1 3 3304 235 3310 4938
1 3 4938 3310 866 3311
1 3 3307 4938 3311 1275
1 3 1275 3311 4939 3314
1 3 3311 866 3312 4939
1 3 4939 3312 21 3313
1 3 3314 4939 3313 867
1 3 868 3308 4940 3316
1 3 3308 1275 3314 4940
1 3 4940 3314 867 3315
1 3 3316 4940 3315 236
1 3 237 3297 4941 3319
1 3 3297 862 3317 4941
1 3 4941 3317 1276 3318
1 3 3319 4941 3318 870
1 3 862 3295 4942 3317
1 3 3295 339 3309 4942
1 3 4942 3309 868 3320
1 3 3317 4942 3320 1276
1 3 1276 3320 4943 3322
1 3 3320 868 3316 4943
1 3 4943 3316 236 3321
1 3 3322 4943 3321 869
1 3 870 3318 4944 3324
1 3 3318 1276 3322 4944
1 3 4944 3322 869 3323
1 3 3324 4944 3323 69
1 3 41 3256 4945 1857
1 3 3256 852 3325 4945
1 3 4945 3325 1277 3326
1 3 1857 4945 3326 494
1 3 852 3254 4946 3325
1 3 3254 232 3327 4946
1 3 4946 3327 871 3328
1 3 3325 4946 3328 1277
1 3 1277 3328 4947 3331
1 3 3328 871 3329 4947
1 3 4947 3329 340 3330
1 3 3331 4947 3330 872
1 3 494 3326 4948 1859
1 3 3326 1277 3331 4948
1 3 4948 3331 872 3332
1 3 1859 4948 3332 138
1 3 232 3249 4949 3327
1 3 3249 850 3333 4949
1 3 4949 3333 1278 3334
1 3 3327 4949 3334 871
1 3 850 3247 4950 3333
1 3 3247 95 3291 4950
1 3 4950 3291 863 3335
1 3 3333 4950 3335 1278
1 3 1278 3335 4951 3337
1 3 3335 863 3298 4951
1 3 4951 3298 237 3336
1 3 3337 4951 3336 873
1 3 871 3334 4952 3329
1 3 3334 1278 3337 4952
1 3 4952 3337 873 3338
1 3 3329 4952 3338 340
1 3 340 3338 4953 3341
1 3 3338 873 3339 4953
1 3 4953 3339 1279 3340
1 3 3341 4953 3340 875
1 3 873 3336 4954 3339
1 3 3336 237 3319 4954
1 3 4954 3319 870 3342
1 3 3339 4954 3342 1279
1 3 1279 3342 4955 3344
1 3 3342 870 3324 4955
1 3 4955 3324 69 3343
1 3 3344 4955 3343 874
1 3 875 3340 4956 3346
1 3 3340 1279 3344 4956
1 3 4956 3344 874 3345
1 3 3346 4956 3345 238
1 3 138 3332 4957 1866
1 3 3332 872 3347 4957
1 3 4957 3347 1280 3348
1 3 1866 4957 3348 496
1 3 872 3330 4958 3347
1 3 3330 340 3341 4958
1 3 4958 3341 875 3349
1 3 3347 4958 3349 1280
1 3 1280 3349 4959 3351
1 3 3349 875 3346 4959
1 3 4959 3346 238 3350
1 3 3351 4959 3350 876
1 3 496 3348 4960 1868
1 3 3348 1280 3351 4960
1 3 4960 3351 876 3352
1 3 1868 4960 3352 29
1 3 29 3352 4961 3355
1 3 3352 876 3353 4961
1 3 4961 3353 1281 3354
1 3 3355 4961 3354 879
1 3 876 3350 4962 3353
1 3 3350 238 3356 4962
1 3 4962 3356 877 3357
1 3 3353 4962 3357 1281
1 3 1281 3357 4963 3360
1 3 3357 877 3358 4963
1 3 4963 3358 341 3359
1 3 3360 4963 3359 878
1 3 879 3354 4964 3362
1 3 3354 1281 3360 4964
1 3 4964 3360 878 3361
1 3 3362 4964 3361 241
1 3 238 3345 4965 3356
1 3 3345 874 3363 4965
1 3 4965 3363 1282 3364
1 3 3356 4965 3364 877
1 3 874 3343 4966 3363
1 3 3343 69 3365 4966
1 3 4966 3365 880 3366
1 3 3363 4966 3366 1282
1 3 1282 3366 4967 3369
1 3 3366 880 3367 4967
1 3 4967 3367 239 3368
1 3 3369 4967 3368 881
1 3 877 3364 4968 3358
1 3 3364 1282 3369 4968
1 3 4968 3369 881 3370
1 3 3358 4968 3370 341
1 3 341 3370 4969 3373
1 3 3370 881 3371 4969
1 3 4969 3371 1283 3372
1 3 3373 4969 3372 884
1 3 881 3368 4970 3371
1 3 3368 239 3374 4970
1 3 4970 3374 882 3375
1 3 3371 4970 3375 1283
1 3 1283 3375 4971 3378
1 3 3375 882 3376 4971
1 3 4971 3376 96 3377
1 3 3378 4971 3377 883
1 3 884 3372 4972 3380
1 3 3372 1283 3378 4972
1 3 4972 3378 883 3379
1 3 3380 4972 3379 240
1 3 241 3361 4973 3383
1 3 3361 878 3381 4973
1 3 4973 3381 1284 3382
1 3 3383 4973 3382 886
1 3 878 3359 4974 3381
1 3 3359 341 3373 4974
1 3 4974 3373 884 3384
1 3 3381 4974 3384 1284
1 3 1284 3384 4975 3386
1 3 3384 884 3380 4975
1 3 4975 3380 240 3385
1 3 3386 4975 3385 885
1 3 886 3382 4976 3388
1 3 3382 1284 3386 4976
1 3 4976 3386 885 3387
1 3 3388 4976 3387 72
1 3 69 3323 4977 3365
1 3 3323 869 3389 4977
1 3 4977 3389 1285 3390
1 3 3365 4977 3390 880
1 3 869 3321 4978 3389
1 3 3321 236 3391 4978
1 3 4978 3391 887 3392
1 3 3389 4978 3392 1285
1 3 1285 3392 4979 3395
1 3 3392 887 3393 4979
1 3 4979 3393 342 3394
1 3 3395 4979 3394 888
1 3 880 3390 4980 3367
1 3 3390 1285 3395 4980
1 3 4980 3395 888 3396
1 3 3367 4980 3396 239
1 3 236 3315 4981 3391
1 3 3315 867 3397 4981
1 3 4981 3397 1286 3398
1 3 3391 4981 3398 887
1 3 867 3313 4982 3397
1 3 3313 21 3399 4982
1 3 4982 3399 889 3400
1 3 3397 4982 3400 1286
1 3 1286 3400 4983 3403
1 3 3400 889 3401 4983
1 3 4983 3401 242 3402
1 3 3403 4983 3402 890
1 3 887 3398 4984 3393
1 3 3398 1286 3403 4984
1 3 4984 3403 890 3404
1 3 3393 4984 3404 342
1 3 342 3404 4985 3407
1 3 3404 890 3405 4985
1 3 4985 3405 1287 3406
1 3 3407 4985 3406 893
1 3 890 3402 4986 3405
1 3 3402 242 3408 4986
1 3 4986 3408 891 3409
1 3 3405 4986 3409 1287
1 3 1287 3409 4987 3412
1 3 3409 891 3410 4987
1 3 4987 3410 70 3411
1 3 3412 4987 3411 892
1 3 893 3406 4988 3414
1 3 3406 1287 3412 4988
1 3 4988 3412 892 3413
1 3 3414 4988 3413 243
1 3 239 3396 4989 3374
1 3 3396 888 3415 4989
1 3 4989 3415 1288 3416
1 3 3374 4989 3416 882
1 3 888 3394 4990 3415
1 3 3394 342 3407 4990
1 3 4990 3407 893 3417
1 3 3415 4990 3417 1288
1 3 1288 3417 4991 3419
1 3 3417 893 3414 4991
1 3 4991 3414 243 3418
1 3 3419 4991 3418 894
1 3 882 3416 4992 3376
1 3 3416 1288 3419 4992
1 3 4992 3419 894 3420
1 3 3376 4992 3420 96
1 3 96 3420 4993 3423
1 3 3420 894 3421 4993
1 3 4993 3421 1289 3422
1 3 3423 4993 3422 897
1 3 894 3418 4994 3421
1 3 3418 243 3424 4994
1 3 4994 3424 895 3425
1 3 3421 4994 3425 1289
1 3 1289 3425 4995 3428
1 3 3425 895 3426 4995
1 3 4995 3426 343 3427
1 3 3428 4995 3427 896
1 3 897 3422 4996 3430
1 3 3422 1289 3428 4996
1 3 4996 3428 896 3429
1 3 3430 4996 3429 246
1 3 243 3413 4997 3424
1 3 3413 892 3431 4997
1 3 4997 3431 1290 3432
1 3 3424 4997 3432 895
1 3 892 3411 4998 3431
1 3 3411 70 3433 4998
1 3 4998 3433 898 3434
1 3 3431 4998 3434 1290
1 3 1290 3434 4999 3437
1 3 3434 898 3435 4999
1 3 4999 3435 244 3436
1 3 3437 4999 3436 899
1 3 895 3432 5000 3426
1 3 3432 1290 3437 5000
1 3 5000 3437 899 3438
1 3 3426 5000 3438 343
1 3 343 3438 5001 3441
1 3 3438 899 3439 5001
1 3 5001 3439 1291 3440
1 3 3441 5001 3440 902
1 3 899 3436 5002 3439
1 3 3436 244 3442 5002
1 3 5002 3442 900 3443
1 3 3439 5002 3443 1291
1 3 1291 3443 5003 3446
1 3 3443 900 3444 5003
1 3 5003 3444 9 3445
1 3 3446 5003 3445 901
1 3 902 3440 5004 3448
1 3 3440 1291 3446 5004
1 3 5004 3446 901 3447
1 3 3448 5004 3447 245
1 3 246 3429 5005 3451
1 3 3429 896 3449 5005
1 3 5005 3449 1292 3450
1 3 3451 5005 3450 904
1 3 896 3427 5006 3449
1 3 3427 343 3441 5006
1 3 5006 3441 902 3452
1 3 3449 5006 3452 1292
1 3 1292 3452 5007 3454
1 3 3452 902 3448 5007
1 3 5007 3448 245 3453
1 3 3454 5007 3453 903
1 3 904 3450 5008 3456
1 3 3450 1292 3454 5008
1 3 5008 3454 903 3455
1 3 3456 5008 3455 71
1 3 72 3387 5009 3459
1 3 3387 885 3457 5009
1 3 5009 3457 1293 3458
1 3 3459 5009 3458 907
1 3 885 3385 5010 3457
1 3 3385 240 3460 5010
1 3 5010 3460 905 3461
1 3 3457 5010 3461 1293
1 3 1293 3461 5011 3464
1 3 3461 905 3462 5011
1 3 5011 3462 344 3463
1 3 3464 5011 3463 906
1 3 907 3458 5012 3466
1 3 3458 1293 3464 5012
1 3 5012 3464 906 3465
1 3 3466 5012 3465 248
1 3 240 3379 5013 3460
1 3 3379 883 3467 5013
1 3 5013 3467 1294 3468
1 3 3460 5013 3468 905
1 3 883 3377 5014 3467
1 3 3377 96 3423 5014
1 3 5014 3423 897 3469
1 3 3467 5014 3469 1294
1 3 1294 3469 5015 3471
1 3 3469 897 3430 5015
1 3 5015 3430 246 3470
1 3 3471 5015 3470 908
1 3 905 3468 5016 3462
1 3 3468 1294 3471 5016
1 3 5016 3471 908 3472
1 3 3462 5016 3472 344
1 3 344 3472 5017 3475
1 3 3472 908 3473 5017
1 3 5017 3473 1295 3474
1 3 3475 5017 3474 910
1 3 908 3470 5018 3473
1 3 3470 246 3451 5018
1 3 5018 3451 904 3476
1 3 3473 5018 3476 1295
1 3 1295 3476 5019 3478
1 3 3476 904 3456 5019
1 3 5019 3456 71 3477
1 3 3478 5019 3477 909
1 3 910 3474 5020 3480
1 3 3474 1295 3478 5020
1 3 5020 3478 909 3479
1 3 3480 5020 3479 247
1 3 248 3465 5021 3483
1 3 3465 906 3481 5021
1 3 5021 3481 1296 3482
1 3 3483 5021 3482 912
1 3 906 3463 5022 3481
1 3 3463 344 3475 5022
1 3 5022 3475 910 3484
1 3 3481 5022 3484 1296
1 3 1296 3484 5023 3486
1 3 3484 910 3480 5023
1 3 5023 3480 247 3485
1 3 3486 5023 3485 911
1 3 912 3482 5024 3488
1 3 3482 1296 3486 5024
1 3 5024 3486 911 3487
1 3 3488 5024 3487 22
1 3 23 1911 5025 3491
1 3 1911 507 3489 5025
1 3 5025 3489 1297 3490
1 3 3491 5025 3490 915
1 3 507 1909 5026 3489
1 3 1909 141 3492 5026
1 3 5026 3492 913 3493
1 3 3489 5026 3493 1297
1 3 1297 3493 5027 3496
1 3 3493 913 3494 5027
1 3 5027 3494 345 3495
1 3 3496 5027 3495 914
1 3 915 3490 5028 3498
1 3 3490 1297 3496 5028
1 3 5028 3496 914 3497
1 3 3498 5028 3497 251
1 3 141 1903 5029 3492
1 3 1903 505 3499 5029
1 3 5029 3499 1298 3500
1 3 3492 5029 3500 913
1 3 505 1901 5030 3499
1 3 1901 42 3501 5030
1 3 5030 3501 916 3502
1 3 3499 5030 3502 1298
1 3 1298 3502 5031 3505
1 3 3502 916 3503 5031
1 3 5031 3503 249 3504
1 3 3505 5031 3504 917
1 3 913 3500 5032 3494
1 3 3500 1298 3505 5032
1 3 5032 3505 917 3506
1 3 3494 5032 3506 345
1 3 345 3506 5033 3509
1 3 3506 917 3507 5033
1 3 5033 3507 1299 3508
1 3 3509 5033 3508 920
1 3 917 3504 5034 3507
1 3 3504 249 3510 5034
1 3 5034 3510 918 3511
1 3 3507 5034 3511 1299
1 3 1299 3511 5035 3514
1 3 3511 918 3512 5035
1 3 5035 3512 97 3513
1 3 3514 5035 3513 919
1 3 920 3508 5036 3516
1 3 3508 1299 3514 5036
1 3 5036 3514 919 3515
1 3 3516 5036 3515 250
1 3 251 3497 5037 3519
1 3 3497 914 3517 5037
1 3 5037 3517 1300 3518
1 3 3519 5037 3518 922
1 3 914 3495 5038 3517
1 3 3495 345 3509 5038
1 3 5038 3509 920 3520
1 3 3517 5038 3520 1300
1 3 1300 3520 5039 3522
1 3 3520 920 3516 5039
1 3 5039 3516 250 3521
1 3 3522 5039 3521 921
1 3 922 3518 5040 3524
1 3 3518 1300 3522 5040
1 3 5040 3522 921 3523
1 3 3524 5040 3523 74
1 3 42 1879 5041 3501
1 3 1879 499 3525 5041
1 3 5041 3525 1301 3526
1 3 3501 5041 3526 916
1 3 499 1877 5042 3525
1 3 1877 139 3527 5042
1 3 5042 3527 923 3528
1 3 3525 5042 3528 1301
1 3 1301 3528 5043 3531
1 3 3528 923 3529 5043
1 3 5043 3529 346 3530
1 3 3531 5043 3530 924
1 3 916 3526 5044 3503
1 3 3526 1301 3531 5044
1 3 5044 3531 924 3532
1 3 3503 5044 3532 249
1 3 139 1871 5045 3527
1 3 1871 497 3533 5045
1 3 5045 3533 1302 3534
1 3 3527 5045 3534 923
1 3 497 1869 5046 3533
1 3 1869 29 3355 5046
1 3 5046 3355 879 3535
1 3 3533 5046 3535 1302
1 3 1302 3535 5047 3537
1 3 3535 879 3362 5047
1 3 5047 3362 241 3536
1 3 3537 5047 3536 925
1 3 923 3534 5048 3529
1 3 3534 1302 3537 5048
1 3 5048 3537 925 3538
1 3 3529 5048 3538 346
1 3 346 3538 5049 3541
1 3 3538 925 3539 5049
1 3 5049 3539 1303 3540
1 3 3541 5049 3540 927
1 3 925 3536 5050 3539
1 3 3536 241 3383 5050
1 3 5050 3383 886 3542
1 3 3539 5050 3542 1303
1 3 1303 3542 5051 3544
1 3 3542 886 3388 5051
1 3 5051 3388 72 3543
1 3 3544 5051 3543 926
1 3 927 3540 5052 3546
1 3 3540 1303 3544 5052
1 3 5052 3544 926 3545
1 3 3546 5052 3545 252
1 3 249 3532 5053 3510
1 3 3532 924 3547 5053
1 3 5053 3547 1304 3548
1 3 3510 5053 3548 918
1 3 924 3530 5054 3547
1 3 3530 346 3541 5054
1 3 5054 3541 927 3549
1 3 3547 5054 3549 1304
1 3 1304 3549 5055 3551
1 3 3549 927 3546 5055
1 3 5055 3546 252 3550
1 3 3551 5055 3550 928
1 3 918 3548 5056 3512
1 3 3548 1304 3551 5056
1 3 5056 3551 928 3552
1 3 3512 5056 3552 97
1 3 97 3552 5057 3555
1 3 3552 928 3553 5057
1 3 5057 3553 1305 3554
1 3 3555 5057 3554 931
1 3 928 3550 5058 3553
1 3 3550 252 3556 5058
1 3 5058 3556 929 3557
1 3 3553 5058 3557 1305
1 3 1305 3557 5059 3560
1 3 3557 929 3558 5059
1 3 5059 3558 347 3559
1 3 3560 5059 3559 930
1 3 931 3554 5060 3562
1 3 3554 1305 3560 5060
1 3 5060 3560 930 3561
1 3 3562 5060 3561 254
1 3 252 3545 5061 3556
1 3 3545 926 3563 5061
1 3 5061 3563 1306 3564
1 3 3556 5061 3564 929
1 3 926 3543 5062 3563
1 3 3543 72 3459 5062
1 3 5062 3459 907 3565
1 3 3563 5062 3565 1306
1 3 1306 3565 5063 3567
1 3 3565 907 3466 5063
1 3 5063 3466 248 3566
1 3 3567 5063 3566 932
1 3 929 3564 5064 3558
1 3 3564 1306 3567 5064
1 3 5064 3567 932 3568
1 3 3558 5064 3568 347
1 3 347 3568 5065 3571
1 3 3568 932 3569 5065
1 3 5065 3569 1307 3570
1 3 3571 5065 3570 934
1 3 932 3566 5066 3569
1 3 3566 248 3483 5066
1 3 5066 3483 912 3572
1 3 3569 5066 3572 1307
1 3 1307 3572 5067 3574
1 3 3572 912 3488 5067
1 3 5067 3488 22 3573
1 3 3574 5067 3573 933
1 3 934 3570 5068 3576
1 3 3570 1307 3574 5068
1 3 5068 3574 933 3575
1 3 3576 5068 3575 253
1 3 254 3561 5069 3579
1 3 3561 930 3577 5069
1 3 5069 3577 1308 3578
1 3 3579 5069 3578 936
1 3 930 3559 5070 3577
1 3 3559 347 3571 5070
1 3 5070 3571 934 3580
1 3 3577 5070 3580 1308
1 3 1308 3580 5071 3582
1 3 3580 934 3576 5071
1 3 5071 3576 253 3581
1 3 3582 5071 3581 935
1 3 936 3578 5072 3584
1 3 3578 1308 3582 5072
1 3 5072 3582 935 3583
1 3 3584 5072 3583 73
1 3 74 3523 5073 3587
1 3 3523 921 3585 5073
1 3 5073 3585 1309 3586
1 3 3587 5073 3586 939
1 3 921 3521 5074 3585
1 3 3521 250 3588 5074
1 3 5074 3588 937 3589
1 3 3585 5074 3589 1309
1 3 1309 3589 5075 3592
1 3 3589 937 3590 5075
1 3 5075 3590 348 3591
1 3 3592 5075 3591 938
1 3 939 3586 5076 3594
1 3 3586 1309 3592 5076
1 3 5076 3592 938 3593
1 3 3594 5076 3593 256
1 3 250 3515 5077 3588
1 3 3515 919 3595 5077
1 3 5077 3595 1310 3596
1 3 3588 5077 3596 937
1 3 919 3513 5078 3595
1 3 3513 97 3555 5078
1 3 5078 3555 931 3597
1 3 3595 5078 3597 1310
1 3 1310 3597 5079 3599
1 3 3597 931 3562 5079
1 3 5079 3562 254 3598
1 3 3599 5079 3598 940
1 3 937 3596 5080 3590
1 3 3596 1310 3599 5080
1 3 5080 3599 940 3600
1 3 3590 5080 3600 348
1 3 348 3600 5081 3603
1 3 3600 940 3601 5081
1 3 5081 3601 1311 3602
1 3 3603 5081 3602 942
1 3 940 3598 5082 3601
1 3 3598 254 3579 5082
1 3 5082 3579 936 3604
1 3 3601 5082 3604 1311
1 3 1311 3604 5083 3606
1 3 3604 936 3584 5083
1 3 5083 3584 73 3605
1 3 3606 5083 3605 941
1 3 942 3602 5084 3608
1 3 3602 1311 3606 5084
1 3 5084 3606 941 3607
1 3 3608 5084 3607 255
1 3 256 3593 5085 3611
1 3 3593 938 3609 5085
1 3 5085 3609 1312 3610
1 3 3611 5085 3610 944
1 3 938 3591 5086 3609
1 3 3591 348 3603 5086
1 3 5086 3603 942 3612
1 3 3609 5086 3612 1312
1 3 1312 3612 5087 3614
1 3 3612 942 3608 5087
1 3 5087 3608 255 3613
1 3 3614 5087 3613 943
1 3 944 3610 5088 3616
1 3 3610 1312 3614 5088
1 3 5088 3614 943 3615
1 3 3616 5088 3615 8
1 3 23 3491 5089 1955
1 3 3491 915 3617 5089
1 3 5089 3617 1313 3618
1 3 1955 5089 3618 519
1 3 915 3498 5090 3617
1 3 3498 251 3619 5090
1 3 5090 3619 945 3620
1 3 3617 5090 3620 1313
1 3 1313 3620 5091 3623
1 3 3620 945 3621 5091
1 3 5091 3621 349 3622
1 3 3623 5091 3622 946
1 3 519 3618 5092 1957
1 3 3618 1313 3623 5092
1 3 5092 3623 946 3624
1 3 1957 5092 3624 145
1 3 251 3519 5093 3619
1 3 3519 922 3625 5093
1 3 5093 3625 1314 3626
1 3 3619 5093 3626 945
1 3 922 3524 5094 3625
1 3 3524 74 3627 5094
1 3 5094 3627 947 3628
1 3 3625 5094 3628 1314
1 3 1314 3628 5095 3631
1 3 3628 947 3629 5095
1 3 5095 3629 257 3630
1 3 3631 5095 3630 948
1 3 945 3626 5096 3621
1 3 3626 1314 3631 5096
1 3 5096 3631 948 3632
1 3 3621 5096 3632 349
1 3 349 3632 5097 3635
1 3 3632 948 3633 5097
1 3 5097 3633 1315 3634
1 3 3635 5097 3634 951
1 3 948 3630 5098 3633
1 3 3630 257 3636 5098
1 3 5098 3636 949 3637
1 3 3633 5098 3637 1315
1 3 1315 3637 5099 3640
1 3 3637 949 3638 5099
1 3 5099 3638 98 3639
1 3 3640 5099 3639 950
1 3 951 3634 5100 3642
1 3 3634 1315 3640 5100
1 3 5100 3640 950 3641
1 3 3642 5100 3641 258
1 3 145 3624 5101 1964
1 3 3624 946 3643 5101
1 3 5101 3643 1316 3644
1 3 1964 5101 3644 521
1 3 946 3622 5102 3643
1 3 3622 349 3635 5102
1 3 5102 3635 951 3645
1 3 3643 5102 3645 1316
1 3 1316 3645 5103 3647
1 3 3645 951 3642 5103
1 3 5103 3642 258 3646
1 3 3647 5103 3646 952
1 3 521 3644 5104 1966
1 3 3644 1316 3647 5104
1 3 5104 3647 952 3648
1 3 1966 5104 3648 44
1 3 74 3587 5105 3627
1 3 3587 939 3649 5105
1 3 5105 3649 1317 3650
1 3 3627 5105 3650 947
1 3 939 3594 5106 3649
1 3 3594 256 3651 5106
1 3 5106 3651 953 3652
1 3 3649 5106 3652 1317
1 3 1317 3652 5107 3655
1 3 3652 953 3653 5107
1 3 5107 3653 350 3654
1 3 3655 5107 3654 954
1 3 947 3650 5108 3629
1 3 3650 1317 3655 5108
1 3 5108 3655 954 3656
1 3 3629 5108 3656 257
1 3 256 3611 5109 3651
1 3 3611 944 3657 5109
1 3 5109 3657 1318 3658
1 3 3651 5109 3658 953
1 3 944 3616 5110 3657
1 3 3616 8 3659 5110
1 3 5110 3659 955 3660
1 3 3657 5110 3660 1318
1 3 1318 3660 5111 3663
1 3 3660 955 3661 5111
1 3 5111 3661 259 3662
1 3 3663 5111 3662 956
1 3 953 3658 5112 3653
1 3 3658 1318 3663 5112
1 3 5112 3663 956 3664
1 3 3653 5112 3664 350
1 3 350 3664 5113 3667
1 3 3664 956 3665 5113
1 3 5113 3665 1319 3666
1 3 3667 5113 3666 959
1 3 956 3662 5114 3665
1 3 3662 259 3668 5114
1 3 5114 3668 957 3669
1 3 3665 5114 3669 1319
1 3 1319 3669 5115 3672
1 3 3669 957 3670 5115
1 3 5115 3670 75 3671
1 3 3672 5115 3671 958
1 3 959 3666 5116 3674
1 3 3666 1319 3672 5116
1 3 5116 3672 958 3673
1 3 3674 5116 3673 260
1 3 257 3656 5117 3636
1 3 3656 954 3675 5117
1 3 5117 3675 1320 3676
1 3 3636 5117 3676 949
1 3 954 3654 5118 3675
1 3 3654 350 3667 5118
1 3 5118 3667 959 3677
1 3 3675 5118 3677 1320
1 3 1320 3677 5119 3679
1 3 3677 959 3674 5119
1 3 5119 3674 260 3678
1 3 3679 5119 3678 960
1 3 949 3676 5120 3638
1 3 3676 1320 3679 5120
1 3 5120 3679 960 3680
1 3 3638 5120 3680 98
1 3 98 3680 5121 3683
1 3 3680 960 3681 5121
1 3 5121 3681 1321 3682
1 3 3683 5121 3682 963
1 3 960 3678 5122 3681
1 3 3678 260 3684 5122
1 3 5122 3684 961 3685
1 3 3681 5122 3685 1321
1 3 1321 3685 5123 3688
1 3 3685 961 3686 5123
1 3 5123 3686 351 3687
1 3 3688 5123 3687 962
1 3 963 3682 5124 3690
1 3 3682 1321 3688 5124
1 3 5124 3688 962 3689
1 3 3690 5124 3689 263
1 3 260 3673 5125 3684
1 3 3673 958 3691 5125
1 3 5125 3691 1322 3692
1 3 3684 5125 3692 961
1 3 958 3671 5126 3691
1 3 3671 75 3693 5126
1 3 5126 3693 964 3694
1 3 3691 5126 3694 1322
1 3 1322 3694 5127 3697
1 3 3694 964 3695 5127
1 3 5127 3695 261 3696
1 3 3697 5127 3696 965
1 3 961 3692 5128 3686
1 3 3692 1322 3697 5128
1 3 5128 3697 965 3698
1 3 3686 5128 3698 351
1 3 351 3698 5129 3701
1 3 3698 965 3699 5129
1 3 5129 3699 1323 3700
1 3 3701 5129 3700 968
1 3 965 3696 5130 3699
1 3 3696 261 3702 5130
1 3 5130 3702 966 3703
1 3 3699 5130 3703 1323
1 3 1323 3703 5131 3706
1 3 3703 966 3704 5131
1 3 5131 3704 24 3705
1 3 3706 5131 3705 967
1 3 968 3700 5132 3708
1 3 3700 1323 3706 5132
1 3 5132 3706 967 3707
1 3 3708 5132 3707 262
1 3 263 3689 5133 3711
1 3 3689 962 3709 5133
1 3 5133 3709 1324 3710
1 3 3711 5133 3710 970
1 3 962 3687 5134 3709
1 3 3687 351 3701 5134
1 3 5134 3701 968 3712
1 3 3709 5134 3712 1324
1 3 1324 3712 5135 3714
1 3 3712 968 3708 5135
1 3 5135 3708 262 3713
1 3 3714 5135 3713 969
1 3 970 3710 5136 3716
1 3 3710 1324 3714 5136
1 3 5136 3714 969 3715
1 3 3716 5136 3715 76
1 3 44 3648 5137 1989
1 3 3648 952 3717 5137
1 3 5137 3717 1325 3718
1 3 1989 5137 3718 528
1 3 952 3646 5138 3717
1 3 3646 258 3719 5138
1 3 5138 3719 971 3720
1 3 3717 5138 3720 1325
1 3 1325 3720 5139 3723
1 3 3720 971 3721 5139
1 3 5139 3721 352 3722
1 3 3723 5139 3722 972
1 3 528 3718 5140 1991
1 3 3718 1325 3723 5140
1 3 5140 3723 972 3724
1 3 1991 5140 3724 147
1 3 258 3641 5141 3719
1 3 3641 950 3725 5141
1 3 5141 3725 1326 3726
1 3 3719 5141 3726 971
1 3 950 3639 5142 3725
1 3 3639 98 3683 5142
1 3 5142 3683 963 3727
1 3 3725 5142 3727 1326
1 3 1326 3727 5143 3729
1 3 3727 963 3690 5143
1 3 5143 3690 263 3728
1 3 3729 5143 3728 973
1 3 971 3726 5144 3721
1 3 3726 1326 3729 5144
1 3 5144 3729 973 3730
1 3 3721 5144 3730 352
1 3 352 3730 5145 3733
1 3 3730 973 3731 5145
1 3 5145 3731 1327 3732
1 3 3733 5145 3732 975
1 3 973 3728 5146 3731
1 3 3728 263 3711 5146
1 3 5146 3711 970 3734
1 3 3731 5146 3734 1327
1 3 1327 3734 5147 3736
1 3 3734 970 3716 5147
1 3 5147 3716 76 3735
1 3 3736 5147 3735 974
1 3 975 3732 5148 3738
1 3 3732 1327 3736 5148
1 3 5148 3736 974 3737
1 3 3738 5148 3737 264
1 3 147 3724 5149 1998
1 3 3724 972 3739 5149
1 3 5149 3739 1328 3740
1 3 1998 5149 3740 530
1 3 972 3722 5150 3739
1 3 3722 352 3733 5150
1 3 5150 3733 975 3741
1 3 3739 5150 3741 1328
1 3 1328 3741 5151 3743
1 3 3741 975 3738 5151
1 3 5151 3738 264 3742
1 3 3743 5151 3742 976
1 3 530 3740 5152 2000
1 3 3740 1328 3743 5152
1 3 5152 3743 976 3744
1 3 2000 5152 3744 30
1 3 30 3744 5153 3747
1 3 3744 976 3745 5153
1 3 5153 3745 1329 3746
1 3 3747 5153 3746 979
1 3 976 3742 5154 3745
1 3 3742 264 3748 5154
1 3 5154 3748 977 3749
1 3 3745 5154 3749 1329
1 3 1329 3749 5155 3752
1 3 3749 977 3750 5155
1 3 5155 3750 353 3751
1 3 3752 5155 3751 978
1 3 979 3746 5156 3754
1 3 3746 1329 3752 5156
1 3 5156 3752 978 3753
1 3 3754 5156 3753 267
1 3 264 3737 5157 3748
1 3 3737 974 3755 5157
1 3 5157 3755 1330 3756
1 3 3748 5157 3756 977
1 3 974 3735 5158 3755
1 3 3735 76 3757 5158
1 3 5158 3757 980 3758
1 3 3755 5158 3758 1330
1 3 1330 3758 5159 3761
1 3 3758 980 3759 5159
1 3 5159 3759 265 3760
1 3 3761 5159 3760 981
1 3 977 3756 5160 3750
1 3 3756 1330 3761 5160
1 3 5160 3761 981 3762
1 3 3750 5160 3762 353
1 3 353 3762 5161 3765
1 3 3762 981 3763 5161
1 3 5161 3763 1331 3764
1 3 3765 5161 3764 984
1 3 981 3760 5162 3763
1 3 3760 265 3766 5162
1 3 5162 3766 982 3767
1 3 3763 5162 3767 1331
1 3 1331 3767 5163 3770
1 3 3767 982 3768 5163
1 3 5163 3768 99 3769
1 3 3770 5163 3769 983
1 3 984 3764 5164 3772
1 3 3764 1331 3770 5164
1 3 5164 3770 983 3771
1 3 3772 5164 3771 266
1 3 267 3753 5165 3775
1 3 3753 978 3773 5165
1 3 5165 3773 1332 3774
1 3 3775 5165 3774 986
1 3 978 3751 5166 3773
1 3 3751 353 3765 5166
1 3 5166 3765 984 3776
1 3 3773 5166 3776 1332
1 3 1332 3776 5167 3778
1 3 3776 984 3772 5167
1 3 5167 3772 266 3777
1 3 3778 5167 3777 985
1 3 986 3774 5168 3780
1 3 3774 1332 3778 5168
1 3 5168 3778 985 3779
1 3 3780 5168 3779 79
1 3 76 3715 5169 3757
1 3 3715 969 3781 5169
1 3 5169 3781 1333 3782
1 3 3757 5169 3782 980
1 3 969 3713 5170 3781
1 3 3713 262 3783 5170
1 3 5170 3783 987 3784
1 3 3781 5170 3784 1333
1 3 1333 3784 5171 3787
1 3 3784 987 3785 5171
1 3 5171 3785 354 3786
1 3 3787 5171 3786 988
1 3 980 3782 5172 3759
1 3 3782 1333 3787 5172
1 3 5172 3787 988 3788
1 3 3759 5172 3788 265
1 3 262 3707 5173 3783
1 3 3707 967 3789 5173
1 3 5173 3789 1334 3790
1 3 3783 5173 3790 987
1 3 967 3705 5174 3789
1 3 3705 24 3791 5174
1 3 5174 3791 989 3792
1 3 3789 5174 3792 1334
1 3 1334 3792 5175 3795
1 3 3792 989 3793 5175
1 3 5175 3793 268 3794
1 3 3795 5175 3794 990
1 3 987 3790 5176 3785
1 3 3790 1334 3795 5176
1 3 5176 3795 990 3796
1 3 3785 5176 3796 354
1 3 354 3796 5177 3799
1 3 3796 990 3797 5177
1 3 5177 3797 1335 3798
1 3 3799 5177 3798 993
1 3 990 3794 5178 3797
1 3 3794 268 3800 5178
1 3 5178 3800 991 3801
1 3 3797 5178 3801 1335
1 3 1335 3801 5179 3804
1 3 3801 991 3802 5179
1 3 5179 3802 77 3803
1 3 3804 5179 3803 992
1 3 993 3798 5180 3806
1 3 3798 1335 3804 5180
1 3 5180 3804 992 3805
1 3 3806 5180 3805 269
1 3 265 3788 5181 3766
1 3 3788 988 3807 5181
1 3 5181 3807 1336 3808
1 3 3766 5181 3808 982
1 3 988 3786 5182 3807
1 3 3786 354 3799 5182
1 3 5182 3799 993 3809
1 3 3807 5182 3809 1336
1 3 1336 3809 5183 3811
1 3 3809 993 3806 5183
1 3 5183 3806 269 3810
1 3 3811 5183 3810 994
1 3 982 3808 5184 3768
1 3 3808 1336 3811 5184
1 3 5184 3811 994 3812
1 3 3768 5184 3812 99
1 3 99 3812 5185 3815
1 3 3812 994 3813 5185
1 3 5185 3813 1337 3814
1 3 3815 5185 3814 997
1 3 994 3810 5186 3813
1 3 3810 269 3816 5186
1 3 5186 3816 995 3817
1 3 3813 5186 3817 1337
1 3 1337 3817 5187 3820
1 3 3817 995 3818 5187
1 3 5187 3818 355 3819
1 3 3820 5187 3819 996
1 3 997 3814 5188 3822
1 3 3814 1337 3820 5188
1 3 5188 3820 996 3821
1 3 3822 5188 3821 272
1 3 269 3805 5189 3816
1 3 3805 992 3823 5189
1 3 5189 3823 1338 3824
1 3 3816 5189 3824 995
1 3 992 3803 5190 3823
1 3 3803 77 3825 5190
1 3 5190 3825 998 3826
1 3 3823 5190 3826 1338
1 3 1338 3826 5191 3829
1 3 3826 998 3827 5191
1 3 5191 3827 270 3828
1 3 3829 5191 3828 999
1 3 995 3824 5192 3818
1 3 3824 1338 3829 5192
1 3 5192 3829 999 3830
1 3 3818 5192 3830 355
1 3 355 3830 5193 3833
1 3 3830 999 3831 5193
1 3 5193 3831 1339 3832
1 3 3833 5193 3832 1002
1 3 999 3828 5194 3831
1 3 3828 270 3834 5194
1 3 5194 3834 1000 3835
1 3 3831 5194 3835 1339
1 3 1339 3835 5195 3838
1 3 3835 1000 3836 5195
1 3 5195 3836 10 3837
1 3 3838 5195 3837 1001
1 3 1002 3832 5196 3840
1 3 3832 1339 3838 5196
1 3 5196 3838 1001 3839
1 3 3840 5196 3839 271
1 3 272 3821 5197 3843
1 3 3821 996 3841 5197
1 3 5197 3841 1340 3842
1 3 3843 5197 3842 1004
1 3 996 3819 5198 3841
1 3 3819 355 3833 5198
1 3 5198 3833 1002 3844
1 3 3841 5198 3844 1340
1 3 1340 3844 5199 3846
1 3 3844 1002 3840 5199
1 3 5199 3840 271 3845
1 3 3846 5199 3845 1003
1 3 1004 3842 5200 3848
1 3 3842 1340 3846 5200
1 3 5200 3846 1003 3847
1 3 3848 5200 3847 78
1 3 79 3779 5201 3851
1 3 3779 985 3849 5201
1 3 5201 3849 1341 3850
1 3 3851 5201 3850 1007
1 3 985 3777 5202 3849
1 3 3777 266 3852 5202
1 3 5202 3852 1005 3853
1 3 3849 5202 3853 1341
1 3 1341 3853 5203 3856
1 3 3853 1005 3854 5203
1 3 5203 3854 356 3855
1 3 3856 5203 3855 1006
1 3 1007 3850 5204 3858
1 3 3850 1341 3856 5204
1 3 5204 3856 1006 3857
1 3 3858 5204 3857 274
1 3 266 3771 5205 3852
1 3 3771 983 3859 5205
1 3 5205 3859 1342 3860
1 3 3852 5205 3860 1005
1 3 983 3769 5206 3859
1 3 3769 99 3815 5206
1 3 5206 3815 997 3861
1 3 3859 5206 3861 1342
1 3 1342 3861 5207 3863
1 3 3861 997 3822 5207
1 3 5207 3822 272 3862
1 3 3863 5207 3862 1008
1 3 1005 3860 5208 3854
1 3 3860 1342 3863 5208
1 3 5208 3863 1008 3864
1 3 3854 5208 3864 356
1 3 356 3864 5209 3867
1 3 3864 1008 3865 5209
1 3 5209 3865 1343 3866
1 3 3867 5209 3866 1010
1 3 1008 3862 5210 3865
1 3 3862 272 3843 5210
1 3 5210 3843 1004 3868
1 3 3865 5210 3868 1343
1 3 1343 3868 5211 3870
1 3 3868 1004 3848 5211
1 3 5211 3848 78 3869
1 3 3870 5211 3869 1009
1 3 1010 3866 5212 3872
1 3 3866 1343 3870 5212
1 3 5212 3870 1009 3871
1 3 3872 5212 3871 273
1 3 274 3857 5213 3875
1 3 3857 1006 3873 5213
1 3 5213 3873 1344 3874
1 3 3875 5213 3874 1012
1 3 1006 3855 5214 3873
1 3 3855 356 3867 5214
1 3 5214 3867 1010 3876
1 3 3873 5214 3876 1344
1 3 1344 3876 5215 3878
1 3 3876 1010 3872 5215
1 3 5215 3872 273 3877
1 3 3878 5215 3877 1011
1 3 1012 3874 5216 3880
1 3 3874 1344 3878 5216
1 3 5216 3878 1011 3879
1 3 3880 5216 3879 25
1 3 11 2040 5217 2041
1 3 2040 540 3881 5217
1 3 5217 3881 1345 3882
1 3 2041 5217 3882 541
1 3 540 2038 5218 3881
1 3 2038 150 3883 5218
1 3 5218 3883 1013 3884
1 3 3881 5218 3884 1345
1 3 1345 3884 5219 3887
1 3 3884 1013 3885 5219
1 3 5219 3885 357 3886
1 3 3887 5219 3886 1014
1 3 541 3882 5220 2044
1 3 3882 1345 3887 5220
1 3 5220 3887 1014 3888
1 3 2044 5220 3888 151
1 3 150 2033 5221 3883
1 3 2033 538 3889 5221
1 3 5221 3889 1346 3890
1 3 3883 5221 3890 1013
1 3 538 2031 5222 3889
1 3 2031 45 3891 5222
1 3 5222 3891 1015 3892
1 3 3889 5222 3892 1346
1 3 1346 3892 5223 3895
1 3 3892 1015 3893 5223
1 3 5223 3893 275 3894
1 3 3895 5223 3894 1016
1 3 1013 3890 5224 3885
1 3 3890 1346 3895 5224
1 3 5224 3895 1016 3896
1 3 3885 5224 3896 357
1 3 357 3896 5225 3899
1 3 3896 1016 3897 5225
1 3 5225 3897 1347 3898
1 3 3899 5225 3898 1019
1 3 1016 3894 5226 3897
1 3 3894 275 3900 5226
1 3 5226 3900 1017 3901
1 3 3897 5226 3901 1347
1 3 1347 3901 5227 3904
1 3 3901 1017 3902 5227
1 3 5227 3902 100 3903
1 3 3904 5227 3903 1018
1 3 1019 3898 5228 3906
1 3 3898 1347 3904 5228
1 3 5228 3904 1018 3905
1 3 3906 5228 3905 276
1 3 151 3888 5229 2051
1 3 3888 1014 3907 5229
1 3 5229 3907 1348 3908
1 3 2051 5229 3908 544
1 3 1014 3886 5230 3907
1 3 3886 357 3899 5230
1 3 5230 3899 1019 3909
1 3 3907 5230 3909 1348
1 3 1348 3909 5231 3911
1 3 3909 1019 3906 5231
1 3 5231 3906 276 3910
1 3 3911 5231 3910 1020
1 3 544 3908 5232 2054
1 3 3908 1348 3911 5232
1 3 5232 3911 1020 3912
1 3 2054 5232 3912 46
1 3 45 2011 5233 3891
1 3 2011 533 3913 5233
1 3 5233 3913 1349 3914
1 3 3891 5233 3914 1015
1 3 533 2009 5234 3913
1 3 2009 148 3915 5234
1 3 5234 3915 1021 3916
1 3 3913 5234 3916 1349
1 3 1349 3916 5235 3919
1 3 3916 1021 3917 5235
1 3 5235 3917 358 3918
1 3 3919 5235 3918 1022
1 3 1015 3914 5236 3893
1 3 3914 1349 3919 5236
1 3 5236 3919 1022 3920
1 3 3893 5236 3920 275
1 3 148 2003 5237 3915
1 3 2003 531 3921 5237
1 3 5237 3921 1350 3922
1 3 3915 5237 3922 1021
1 3 531 2001 5238 3921
1 3 2001 30 3747 5238
1 3 5238 3747 979 3923
1 3 3921 5238 3923 1350
1 3 1350 3923 5239 3925
1 3 3923 979 3754 5239
1 3 5239 3754 267 3924
1 3 3925 5239 3924 1023
1 3 1021 3922 5240 3917
1 3 3922 1350 3925 5240
1 3 5240 3925 1023 3926
1 3 3917 5240 3926 358
1 3 358 3926 5241 3929
1 3 3926 1023 3927 5241
1 3 5241 3927 1351 3928
1 3 3929 5241 3928 1025
1 3 1023 3924 5242 3927
1 3 3924 267 3775 5242
1 3 5242 3775 986 3930
1 3 3927 5242 3930 1351
1 3 1351 3930 5243 3932
1 3 3930 986 3780 5243
1 3 5243 3780 79 3931
1 3 3932 5243 3931 1024
1 3 1025 3928 5244 3934
1 3 3928 1351 3932 5244
1 3 5244 3932 1024 3933
1 3 3934 5244 3933 277
1 3 275 3920 5245 3900
1 3 3920 1022 3935 5245
1 3 5245 3935 1352 3936
1 3 3900 5245 3936 1017
1 3 1022 3918 5246 3935
1 3 3918 358 3929 5246
1 3 5246 3929 1025 3937
1 3 3935 5246 3937 1352
1 3 1352 3937 5247 3939
1 3 3937 1025 3934 5247
1 3 5247 3934 277 3938
1 3 3939 5247 3938 1026
1 3 1017 3936 5248 3902
1 3 3936 1352 3939 5248
1 3 5248 3939 1026 3940
1 3 3902 5248 3940 100
1 3 100 3940 5249 3943
1 3 3940 1026 3941 5249
1 3 5249 3941 1353 3942
1 3 3943 5249 3942 1029
1 3 1026 3938 5250 3941
1 3 3938 277 3944 5250
1 3 5250 3944 1027 3945
1 3 3941 5250 3945 1353
1 3 1353 3945 5251 3948
1 3 3945 1027 3946 5251
1 3 5251 3946 359 3947
1 3 3948 5251 3947 1028
1 3 1029 3942 5252 3950
1 3 3942 1353 3948 5252
1 3 5252 3948 1028 3949
1 3 3950 5252 3949 279
1 3 277 3933 5253 3944
1 3 3933 1024 3951 5253
1 3 5253 3951 1354 3952
1 3 3944 5253 3952 1027
1 3 1024 3931 5254 3951
1 3 3931 79 3851 5254
1 3 5254 3851 1007 3953
1 3 3951 5254 3953 1354
1 3 1354 3953 5255 3955
1 3 3953 1007 3858 5255
1 3 5255 3858 274 3954
1 3 3955 5255 3954 1030
1 3 1027 3952 5256 3946
1 3 3952 1354 3955 5256
1 3 5256 3955 1030 3956
1 3 3946 5256 3956 359
1 3 359 3956 5257 3959
1 3 3956 1030 3957 5257
1 3 5257 3957 1355 3958
1 3 3959 5257 3958 1032
1 3 1030 3954 5258 3957
1 3 3954 274 3875 5258
1 3 5258 3875 1012 3960
1 3 3957 5258 3960 1355
1 3 1355 3960 5259 3962
1 3 3960 1012 3880 5259
1 3 5259 3880 25 3961
1 3 3962 5259 3961 1031
1 3 1032 3958 5260 3964
1 3 3958 1355 3962 5260
1 3 5260 3962 1031 3963
1 3 3964 5260 3963 278
1 3 279 3949 5261 3967
1 3 3949 1028 3965 5261
1 3 5261 3965 1356 3966
1 3 3967 5261 3966 1034
1 3 1028 3947 5262 3965
1 3 3947 359 3959 5262
1 3 5262 3959 1032 3968
1 3 3965 5262 3968 1356
1 3 1356 3968 5263 3970
1 3 3968 1032 3964 5263
1 3 5263 3964 278 3969
1 3 3970 5263 3969 1033
1 3 1034 3966 5264 3972
1 3 3966 1356 3970 5264
1 3 5264 3970 1033 3971
1 3 3972 5264 3971 80
1 3 46 3912 5265 2077
1 3 3912 1020 3973 5265
1 3 5265 3973 1357 3974
1 3 2077 5265 3974 551
1 3 1020 3910 5266 3973
1 3 3910 276 3975 5266
1 3 5266 3975 1035 3976
1 3 3973 5266 3976 1357
1 3 1357 3976 5267 3979
1 3 3976 1035 3977 5267
1 3 5267 3977 360 3978
1 3 3979 5267 3978 1036
1 3 551 3974 5268 2080
1 3 3974 1357 3979 5268
1 3 5268 3979 1036 3980
1 3 2080 5268 3980 154
1 3 276 3905 5269 3975
1 3 3905 1018 3981 5269
1 3 5269 3981 1358 3982
1 3 3975 5269 3982 1035
1 3 1018 3903 5270 3981
1 3 3903 100 3943 5270
1 3 5270 3943 1029 3983
1 3 3981 5270 3983 1358
1 3 1358 3983 5271 3985
1 3 3983 1029 3950 5271
1 3 5271 3950 279 3984
1 3 3985 5271 3984 1037
1 3 1035 3982 5272 3977
1 3 3982 1358 3985 5272
1 3 5272 3985 1037 3986
1 3 3977 5272 3986 360
1 3 360 3986 5273 3989
1 3 3986 1037 3987 5273
1 3 5273 3987 1359 3988
1 3 3989 5273 3988 1039
1 3 1037 3984 5274 3987
1 3 3984 279 3967 5274
1 3 5274 3967 1034 3990
1 3 3987 5274 3990 1359
1 3 1359 3990 5275 3992
1 3 3990 1034 3972 5275
1 3 5275 3972 80 3991
1 3 3992 5275 3991 1038
1 3 1039 3988 5276 3994
1 3 3988 1359 3992 5276
1 3 5276 3992 1038 3993
1 3 3994 5276 3993 280
1 3 154 3980 5277 2087
1 3 3980 1036 3995 5277
1 3 5277 3995 1360 3996
1 3 2087 5277 3996 554
1 3 1036 3978 5278 3995
1 3 3978 360 3989 5278
1 3 5278 3989 1039 3997
1 3 3995 5278 3997 1360
1 3 1360 3997 5279 3999
1 3 3997 1039 3994 5279
1 3 5279 3994 280 3998
1 3 3999 5279 3998 1040
1 3 554 3996 5280 2090
1 3 3996 1360 3999 5280
1 3 5280 3999 1040 4000
1 3 2090 5280 4000 1

boundary
320
1 1 13 2397
1 1 2397 633
1 1 633 2399
1 1 2399 175
1 1 175 2405
1 1 2405 635
1 1 635 2407
1 1 2407 52
1 1 52 2429
1 1 2429 641
1 1 641 2431
1 1 2431 177
1 1 177 2437
1 1 2437 643
1 1 643 2439
1 1 2439 2
1 1 12 2223
1 1 2223 589
1 1 589 2225
1 1 2225 164
1 1 164 2232
1 1 2232 591
1 1 591 2234
1 1 2234 49
1 1 49 2257
1 1 2257 598
1 1 598 2259
1 1 2259 166
1 1 166 2266
1 1 2266 600
1 1 600 2268
1 1 2268 3
1 1 16 2789
1 1 2789 733
1 1 733 2791
1 1 2791 201
1 1 201 2797
1 1 2797 735
1 1 735 2799
1 1 2799 59
1 1 59 2821
1 1 2821 741
1 1 741 2823
1 1 2823 203
1 1 203 2829
1 1 2829 743
1 1 743 2831
1 1 2831 4
1 1 15 2615
1 1 2615 689
1 1 689 2617
1 1 2617 190
1 1 190 2624
1 1 2624 691
1 1 691 2626
1 1 2626 56
1 1 56 2649
1 1 2649 698
1 1 698 2651
1 1 2651 192
1 1 192 2658
1 1 2658 700
1 1 700 2660
1 1 2660 5
1 1 19 3181
1 1 3181 833
1 1 833 3183
1 1 3183 227
1 1 227 3189
1 1 3189 835
1 1 835 3191
1 1 3191 66
1 1 66 3213
1 1 3213 841
1 1 841 3215
1 1 3215 229
1 1 229 3221
1 1 3221 843
1 1 843 3223
1 1 3223 6
1 1 18 3007
1 1 3007 789
1 1 789 3009
1 1 3009 216
1 1 216 3016
1 1 3016 791
1 1 791 3018
1 1 3018 63
1 1 63 3041
1 1 3041 798
1 1 798 3043
1 1 3043 218
1 1 218 3050
1 1 3050 800
1 1 800 3052
1 1 3052 7
1 1 22 3573
1 1 3573 933
1 1 933 3575
1 1 3575 253
1 1 253 3581
1 1 3581 935
1 1 935 3583
1 1 3583 73
1 1 73 3605
1 1 3605 941
1 1 941 3607
1 1 3607 255
1 1 255 3613
1 1 3613 943
1 1 943 3615
1 1 3615 8
1 1 21 3399
1 1 3399 889
1 1 889 3401
1 1 3401 242
1 1 242 3408
1 1 3408 891
1 1 891 3410
1 1 3410 70
1 1 70 3433
1 1 3433 898
1 1 898 3435
1 1 3435 244
1 1 244 3442
1 1 3442 900
1 1 900 3444
1 1 3444 9
1 1 25 3961
1 1 3961 1031
1 1 1031 3963
1 1 3963 278
1 1 278 3969
1 1 3969 1033
1 1 1033 3971
1 1 3971 80
1 1 80 3991
1 1 3991 1038
1 1 1038 3993
1 1 3993 280
1 1 280 3998
1 1 3998 1040
1 1 1040 4000
1 1 4000 1
1 1 24 3791
1 1 3791 989
1 1 989 3793
1 1 3793 268
1 1 268 3800
1 1 3800 991
1 1 991 3802
1 1 3802 77
1 1 77 3825
1 1 3825 998
1 1 998 3827
1 1 3827 270
1 1 270 3834
1 1 3834 1000
1 1 1000 3836
1 1 3836 10
1 1 3 2269
1 1 2269 601
1 1 601 2271
1 1 2271 167
1 1 167 2277
1 1 2277 603
1 1 603 2279
1 1 2279 50
1 1 50 2301
1 1 2301 609
1 1 609 2303
1 1 2303 169
1 1 169 2309
1 1 2309 611
1 1 611 2311
1 1 2311 13
1 1 1 2091
1 1 2091 555
1 1 555 2093
1 1 2093 155
1 1 155 2100
1 1 2100 557
1 1 557 2102
1 1 2102 47
1 1 47 2125
1 1 2125 564
1 1 564 2127
1 1 2127 157
1 1 157 2134
1 1 2134 566
1 1 566 2136
1 1 2136 12
1 1 5 2661
1 1 2661 701
1 1 701 2663
1 1 2663 193
1 1 193 2669
1 1 2669 703
1 1 703 2671
1 1 2671 57
1 1 57 2693
1 1 2693 709
1 1 709 2695
1 1 2695 195
1 1 195 2701
1 1 2701 711
1 1 711 2703
1 1 2703 16
1 1 2 2483
1 1 2483 655
1 1 655 2485
1 1 2485 181
1 1 181 2492
1 1 2492 657
1 1 657 2494
1 1 2494 54
1 1 54 2517
1 1 2517 664
1 1 664 2519
1 1 2519 183
1 1 183 2526
1 1 2526 666
1 1 666 2528
1 1 2528 15
1 1 7 3053
1 1 3053 801
1 1 801 3055
1 1 3055 219
1 1 219 3061
1 1 3061 803
1 1 803 3063
1 1 3063 64
1 1 64 3085
1 1 3085 809
1 1 809 3087
1 1 3087 221
1 1 221 3093
1 1 3093 811
1 1 811 3095
1 1 3095 19
1 1 4 2875
1 1 2875 755
1 1 755 2877
1 1 2877 207
1 1 207 2884
1 1 2884 757
1 1 757 2886
1 1 2886 61
1 1 61 2909
1 1 2909 764
1 1 764 2911
1 1 2911 209
1 1 209 2918
1 1 2918 766
1 1 766 2920
1 1 2920 18
1 1 9 3445
1 1 3445 901
1 1 901 3447
1 1 3447 245
1 1 245 3453
1 1 3453 903
1 1 903 3455
1 1 3455 71
1 1 71 3477
1 1 3477 909
1 1 909 3479
1 1 3479 247
1 1 247 3485
1 1 3485 911
1 1 911 3487
1 1 3487 22
1 1 6 3267
1 1 3267 855
1 1 855 3269
1 1 3269 233
1 1 233 3276
1 1 3276 857
1 1 857 3278
1 1 3278 68
1 1 68 3301
1 1 3301 864
1 1 864 3303
1 1 3303 235
1 1 235 3310
1 1 3310 866
1 1 866 3312
1 1 3312 21
1 1 10 3837
1 1 3837 1001
1 1 1001 3839
1 1 3839 271
1 1 271 3845
1 1 3845 1003
1 1 1003 3847
1 1 3847 78
1 1 78 3869
1 1 3869 1009
1 1 1009 3871
1 1 3871 273
1 1 273 3877
1 1 3877 1011
1 1 1011 3879
1 1 3879 25
1 1 8 3659
1 1 3659 955
1 1 955 3661
1 1 3661 259
1 1 259 3668
1 1 3668 957
1 1 957 3670
1 1 3670 75
1 1 75 3693
1 1 3693 964
1 1 964 3695
1 1 3695 261
1 1 261 3702
1 1 3702 966
1 1 966 3704
1 1 3704 24

vertices
5281
2
0 0
1 0
0.309017 0.951057
1.30902 0.951057
-0.809017 0.587785
-0.5 1.53884
-0.809017 -0.587785
-1.61803 0
0.309017 -0.951057
-0.5 -1.53884
1.30902 -0.951057
0.5 0
1.15451 0.475529
0.809019 0.951057
0.154508 0.475529
-0.09549150000000001 1.24495
-0.654508 1.06331
-0.404508 0.293893
-1.21352 0.293893
-1.21352 -0.293892
-0.404508 -0.293893
-0.654508 -1.06331
-0.09549150000000001 -1.24495
0.154508 -0.475529
0.809019 -0.951057
1.15451 -0.475529
0.654509 0.475529
-0.25 0.769421
-0.809016 0
-0.25 -0.76942
0.654509 -0.475529
0.25 0
0.5772545 0.2377645
0.4045085 0.475529
0.077254 0.2377645
-0.047746 0.622475
-0.327254 0.531657
-0.202254 0.1469465
-0.606762 0.1469465
-0.606762 -0.1469465
-0.202254 -0.1469465
-0.327254 -0.5316565
-0.047746 -0.6224745
0.077254 -0.2377645
0.4045085 -0.475529
0.5772545 -0.2377645
0.75 0
1.077255 0.2377645
0.9045095 0.475529
1.231765 0.713293
1.0590195 0.951057
0.7317640000000001 0.713293
0.559018 0.951057
0.2317625 0.713293
0.10676275 1.0980035
-0.17274575 1.0071855
-0.29774575 1.391895
-0.5772539999999999 1.301075
-0.452254 0.9163654999999999
-0.7317625 0.8255475
-0.6067625 0.440839
-1.0112685 0.440839
-1.011268 0.1469465
-1.415775 0.1469465
-1.415775 -0.146946
-1.011268 -0.146946
-1.0112685 -0.4408385
-0.6067625 -0.440839
-0.7317625 -0.8255475
-0.452254 -0.916365
-0.5772539999999999 -1.301075
-0.29774575 -1.391895
-0.17274575 -1.007185
0.10676275 -1.0980035
0.2317625 -0.713293
0.559018 -0.951057
0.7317640000000001 -0.713293
1.0590195 -0.951057
1.231765 -0.713293
0.9045095 -0.475529
1.077255 -0.2377645
0.32725425 0.2377645
-0.125 0.38471075
-0.404508 0
-0.125 -0.3847105
0.32725425 -0.2377645
0.82725475 0.2377645
0.9817645 0.713293
0.48176325 0.713293
0.02950837499999999 0.8602392499999999
-0.374999875 1.15413025
-0.52950825 0.67860225
-0.8090152499999999 0.29389275
-1.2135215 2.500000000071889e-07
-0.80901525 -0.2938925
-0.52950825 -0.6786019999999999
-0.374999875 -1.15413
0.029508375 -0.8602390000000001
0.48176325 -0.713293
0.9817645000000002 -0.713293
0.82725475 -0.2377645
0.125 0
0.288627125 0.11888225
0.202254125 0.2377645
0.038627 0.11888225
0.375 0
0.53862725 0.11888225
0.452254375 0.2377645
0.61588175 0.35664675
0.52950875 0.475529
0.365881375 0.35664675
0.27950825 0.475529
0.115881 0.35664675
-0.023873 0.311237625
-0.163627 0.265828625
-0.101127 0.07347325
0.053381 0.549002
-0.08637300000000001 0.5035928750000001
-0.148873 0.695948
-0.288627 0.650539
-0.226127 0.458183875
-0.365881 0.412775
-0.303381 0.22041975
-0.303381 0.07347325
-0.303381 -0.07347325
-0.101127 -0.07347325
-0.5056350000000001 0.22041975
-0.5056350000000001 0.07347325
-0.707889 0.07347325
-0.707889 -0.07347325
-0.5056350000000001 -0.07347325
-0.5056350000000001 -0.22041975
-0.303381 -0.22041975
-0.163627 -0.2658285
-0.023873 -0.3112374999999999
0.038627 -0.11888225
-0.365881 -0.41277475
-0.226127 -0.4581835
-0.288627 -0.65053825
-0.148873 -0.69594725
-0.08637300000000001 -0.5035925
0.053381 -0.54900175
0.115881 -0.35664675
0.202254125 -0.2377645
0.288627125 -0.11888225
0.27950825 -0.475529
0.365881375 -0.35664675
0.52950875 -0.475529
0.61588175 -0.35664675
0.452254375 -0.2377645
0.53862725 -0.11888225
0.625 0
0.788627375 0.11888225
0.702254625 0.2377645
0.875 0
1.0386275 0.11888225
0.9522548750000001 0.2377645
1.1158825 0.35664675
1.02950975 0.475529
0.8658821249999999 0.35664675
0.77950925 0.475529
0.943137 0.594411
0.8567642500000001 0.713293
0.6931365 0.594411
1.1931375 0.594411
1.10676475 0.713293
1.2703925 0.832175
1.18401975 0.951057
1.020392 0.832175
0.93401925 0.951057
0.7703915000000001 0.832175
0.443135875 0.594411
0.356762875 0.713293
0.19313525 0.594411
0.606763625 0.713293
0.6840185000000001 0.951057
0.520390625 0.832175
0.4340175 0.951057
0.27038975 0.832175
0.1306354375 0.786766125
-0.009118812500000004 0.741357125
0.207889875 1.02453025
0.0681355625 0.9791213749999998
0.005635624999999991 1.17147675
-0.134118625 1.12606775
-0.0716186875 0.933712375
-0.211372875 0.8883032500000001
-0.2738728125 1.080657875
-0.4136269375 1.035247875
-0.351127 0.8428932499999999
-0.196618625 1.3184225
-0.3363728125 1.273012625
-0.398872875 1.4653675
-0.538627 1.4199575
-0.4761269375 1.227602625
-0.6158809999999999 1.1821925
-0.553381 0.98983775
-0.428381125 0.605129625
-0.568135375 0.559720625
-0.50563525 0.367366
-0.490881125 0.797483875
-0.69313525 0.9444287499999999
-0.630635375 0.7520748749999999
-0.77038975 0.7066662500000001
-0.70788975 0.514312
-0.7078888749999999 0.367365875
-0.7078886249999999 0.220419625
-0.9101427499999999 0.514312
-0.9101418749999999 0.367365875
-1.11239425 0.367366
-1.112394 0.22041975
-0.9101416249999998 0.220419625
-0.9101419999999999 0.07347325
-1.11239475 0.07347337500000001
-1.11239475 -0.07347287499999999
-0.9101419999999999 -0.073473
-1.3146475 0.22041975
-1.31464825 0.07347337500000001
-1.5169025 0.07347325
-1.5169025 -0.073473
-1.31464825 -0.07347287499999999
-1.3146475 -0.220419
-1.112394 -0.220419
-0.707888625 -0.2204195
-0.707888875 -0.36736575
-0.50563525 -0.367366
-0.9101416249999998 -0.22041925
-1.11239425 -0.36736525
-0.9101418749999999 -0.3673655
-0.9101427499999999 -0.5143117500000001
-0.70788975 -0.514312
-0.568135375 -0.5597205
-0.428381125 -0.60512925
-0.77038975 -0.7066662500000001
-0.630635375 -0.75207475
-0.69313525 -0.9444287499999999
-0.553381 -0.9898374999999999
-0.490881125 -0.7974835
-0.351127 -0.8428925
-0.4136269375 -1.0352475
-0.2738728125 -1.0806575
-0.211372875 -0.8883025
-0.6158809999999999 -1.1821925
-0.4761269375 -1.2276025
-0.538627 -1.4199575
-0.398872875 -1.4653675
-0.3363728125 -1.2730125
-0.196618625 -1.3184225
-0.134118625 -1.1260675
-0.0091188125 -0.74135675
0.1306354375 -0.7867660000000001
0.19313525 -0.594411
-0.0716186875 -0.9337120000000001
0.005635624999999991 -1.17147675
0.0681355625 -0.9791212499999999
0.207889875 -1.02453025
0.27038975 -0.832175
0.356762875 -0.713293
0.443135875 -0.594411
0.4340175 -0.951057
0.520390625 -0.832175
0.6840185000000001 -0.951057
0.7703915000000001 -0.832175
0.606763625 -0.713293
0.6931365 -0.594411
0.8567642500000001 -0.713293
0.9431370000000001 -0.594411
0.77950925 -0.475529
0.93401925 -0.951057
1.020392 -0.832175
1.18401975 -0.951057
1.2703925 -0.832175
1.10676475 -0.713293
1.1931375 -0.594411
1.02950975 -0.475529
0.702254625 -0.2377645
0.788627375 -0.11888225
0.8658821249999999 -0.35664675
1.1158825 -0.35664675
0.9522548750000001 -0.2377645
1.0386275 -0.11888225
0.1636270625 0.11888225
0.4136271875 0.11888225
0.4908815625 0.35664675
0.2408811875 0.35664675
-0.0625 0.1923554375
0.014754 0.4301198125
-0.1875 0.5770659375
-0.264754 0.3393018125
-0.202254 0
-0.404508 0.1469465
-0.606762 0
-0.404508 -0.1469465
-0.0625 -0.192355375
-0.264754 -0.339301625
-0.1875 -0.577065375
0.014754 -0.430119625
0.1636270625 -0.11888225
0.2408811875 -0.35664675
0.4908815625 -0.35664675
0.4136271875 -0.11888225
0.6636273125 0.11888225
0.9136274375 0.11888225
0.9908823125 0.35664675
0.7408819375 0.35664675
0.8181367500000001 0.594411
1.06813725 0.594411
1.14539225 0.832175
0.8953917500000002 0.832175
0.3181355625 0.594411
0.5681361874999999 0.594411
0.6453910625 0.832175
0.3953901875 0.832175
0.09200821874999998 0.6678840625
0.16926265625 0.9056481874999999
-0.03299153125 1.0525945625
-0.11024584375 0.8148301875
-0.31249990625 0.9617755625000001
-0.23524571875 1.1995401875
-0.43749990625 1.3464850625
-0.51475396875 1.1087201875
-0.4670081874999999 0.4862478125
-0.3897540625 0.7240114375
-0.5920081874999999 0.8709563124999999
-0.6692625624999999 0.6331934374999999
-0.6067619375 0.2938928125
-0.8090158125 0.4408389375
-1.0112679375 0.2938928125
-0.8090153124999999 0.1469464375
-1.011268375 1.875000000053917e-07
-1.213521125 0.1469465625
-1.415775375 1.875000000053917e-07
-1.213521125 -0.1469459375
-0.6067619375 -0.29389275
-0.8090153124999999 -0.14694625
-1.0112679375 -0.29389225
-0.8090158125 -0.44083875
-0.4670081874999999 -0.486247625
-0.6692625625 -0.6331933750000001
-0.5920081874999999 -0.870956125
-0.3897540625 -0.7240108750000001
-0.31249990625 -0.961775
-0.51475396875 -1.10872
-0.43749990625 -1.346485
-0.23524571875 -1.19954
0.09200821875 -0.667883875
-0.11024584375 -0.814829625
-0.03299153125 -1.052594375
0.16926265625 -0.905648125
0.3181355625 -0.594411
0.3953901875 -0.8321750000000001
0.6453910625 -0.8321750000000001
0.5681361874999999 -0.594411
0.8181367500000001 -0.594411
0.89539175 -0.8321750000000001
1.14539225 -0.8321750000000001
1.06813725 -0.594411
0.6636273125000001 -0.11888225
0.7408819375 -0.35664675
0.9908823124999999 -0.35664675
0.9136274375 -0.11888225
0.0625 0
0.14431353125 0.059441125
0.10112703125 0.11888225
0.0193135 0.059441125
0.1875 0
0.2693135625 0.059441125
0.22612709375 0.11888225
0.3079406875 0.178323375
0.2647541875 0.2377645
0.18294059375 0.178323375
0.1397540625 0.2377645
0.05794050000000001 0.178323375
0.3125 0
0.39431359375 0.059441125
0.35112715625 0.11888225
0.4375 0
0.519313625 0.059441125
0.47612721875 0.11888225
0.557940875 0.178323375
0.5147544374999999 0.2377645
0.43294078125 0.178323375
0.3897543125 0.2377645
0.47156796875 0.297205625
0.42838146875 0.35664675
0.3465678125 0.297205625
0.596568125 0.297205625
0.55338165625 0.35664675
0.635195375 0.416087875
0.592008875 0.475529
0.51019515625 0.416087875
0.467008625 0.475529
0.3851949375 0.416087875
0.22156765625 0.297205625
0.17838109375 0.35664675
0.0965675 0.297205625
0.30338128125 0.35664675
0.342008375 0.475529
0.26019471875 0.416087875
0.217008125 0.475529
0.1351945 0.416087875
-0.0119365 0.15561884375
-0.0818135 0.13291434375
-0.0505635 0.036736625
0.0266905 0.2745010624999999
-0.0431865 0.25179653125
-0.0744365 0.3479741875
-0.1443135 0.3252696875
-0.1130635 0.22909203125
-0.1829405 0.2063875625
-0.1516905 0.110209875
0.0653175 0.39338328125
-0.004559499999999998 0.37067871875
0.1039445 0.5122655
0.0340675 0.48956090625
0.002817500000000004 0.5857384999999999
-0.06705949999999999 0.5630339375
-0.0358095 0.46685634375
-0.1056865 0.4441518125
-0.1369365 0.54032940625
-0.2068135 0.51762490625
-0.1755635 0.4214473125
-0.09830949999999999 0.6592115000000001
-0.1681865 0.63650696875
-0.1994365 0.7326845
-0.2693135 0.7099800000000001
-0.2380635 0.61380246875
-0.3079405 0.591098
-0.2766905 0.4949204375
-0.2141905 0.30256521875
-0.2840675 0.27986078125
-0.2528175 0.183683125
-0.2454405 0.39874284375
-0.3465675 0.472216
-0.3153175 0.37603840625
-0.3851945 0.353334
-0.3539445 0.257156375
-0.1516905 0.036736625
-0.1516905 -0.036736625
-0.0505635 -0.036736625
-0.2528175 0.110209875
-0.2528175 0.036736625
-0.3539445 0.036736625
-0.3539445 -0.036736625
-0.2528175 -0.036736625
-0.2528175 -0.110209875
-0.1516905 -0.110209875
-0.3539445 0.183683125
-0.3539445 0.110209875
-0.4550715 0.257156375
-0.4550715 0.183683125
-0.5561985 0.183683125
-0.5561985 0.110209875
-0.4550715 0.110209875
-0.4550715 0.036736625
-0.5561985 0.036736625
-0.5561985 -0.036736625
-0.4550715 -0.036736625
-0.6573255 0.110209875
-0.6573255 0.036736625
-0.7584525 0.036736625
-0.7584525 -0.036736625
-0.6573255 -0.036736625
-0.6573255 -0.110209875
-0.5561985 -0.110209875
-0.3539445 -0.110209875
-0.3539445 -0.183683125
-0.2528175 -0.183683125
-0.4550715 -0.110209875
-0.5561985 -0.183683125
-0.4550715 -0.183683125
-0.4550715 -0.257156375
-0.3539445 -0.257156375
-0.0818135 -0.1329143125
-0.0119365 -0.1556188125
0.0193135 -0.059441125
-0.1829405 -0.2063875
-0.1130635 -0.2290919375
-0.1443135 -0.3252695
-0.0744365 -0.347974
-0.0431865 -0.2517964375
0.0266905 -0.274501
0.05794050000000001 -0.178323375
-0.2840675 -0.2798606875
-0.2141905 -0.3025650625
-0.3851945 -0.353333875
-0.3153175 -0.3760381875
-0.3465675 -0.472215625
-0.2766905 -0.49492
-0.2454405 -0.3987425625
-0.1755635 -0.421447
-0.2068135 -0.5176244375
-0.1369365 -0.5403289375
-0.1056865 -0.4441515
-0.3079405 -0.5910973749999999
-0.2380635 -0.6138018125
-0.2693135 -0.709979125
-0.1994365 -0.7326836249999999
-0.1681865 -0.6365063125
-0.09830949999999999 -0.6592108750000001
-0.06705949999999999 -0.5630335
-0.004559499999999998 -0.3706785625
0.0653175 -0.3933831875
0.0965675 -0.297205625
-0.0358095 -0.4668560625
0.002817500000000004 -0.585738125
0.0340675 -0.4895606875
0.1039445 -0.5122653749999999
0.1351945 -0.416087875
0.10112703125 -0.11888225
0.14431353125 -0.059441125
0.1397540625 -0.2377645
0.18294059375 -0.178323375
0.2647541875 -0.2377645
0.3079406875 -0.178323375
0.22612709375 -0.11888225
0.2693135625 -0.059441125
0.17838109375 -0.35664675
0.22156765625 -0.297205625
0.217008125 -0.475529
0.26019471875 -0.416087875
0.342008375 -0.475529
0.3851949375 -0.416087875
0.30338128125 -0.35664675
0.3465678125 -0.297205625
0.4283814687499999 -0.35664675
0.47156796875 -0.297205625
0.3897543125 -0.2377645
0.467008625 -0.475529
0.51019515625 -0.416087875
0.592008875 -0.475529
0.635195375 -0.416087875
0.55338165625 -0.35664675
0.596568125 -0.297205625
0.5147544374999999 -0.2377645
0.35112715625 -0.11888225
0.39431359375 -0.059441125
0.43294078125 -0.178323375
0.557940875 -0.178323375
0.47612721875 -0.11888225
0.519313625 -0.059441125
0.5625 0
0.64431365625 0.059441125
0.6011272812499999 0.11888225
0.6875 0
0.7693136875 0.059441125
0.72612734375 0.11888225
0.8079410625000001 0.178323375
0.7647546875 0.2377645
0.68294096875 0.178323375
0.6397545625000001 0.2377645
0.8125 0
0.89431371875 0.059441125
0.8511274062500001 0.11888225
0.9375 0
1.01931375 0.059441125
0.97612746875 0.11888225
1.05794125 0.178323375
1.0147549375 0.2377645
0.9329411562500001 0.178323375
0.8897548125000001 0.2377645
0.97156859375 0.297205625
0.9283822187499999 0.35664675
0.8465684375 0.297205625
1.09656875 0.297205625
1.05338240625 0.35664675
1.13519625 0.416087875
1.092009875 0.475529
1.01019603125 0.416087875
0.967009625 0.475529
0.8851958124999999 0.416087875
0.7215682812499999 0.297205625
0.67838184375 0.35664675
0.80338203125 0.35664675
0.8420093749999999 0.475529
0.76019559375 0.416087875
0.717009125 0.475529
0.7988230000000001 0.5349699999999999
0.7556366250000001 0.594411
0.67382275 0.5349699999999999
0.92382325 0.5349699999999999
0.880636875 0.594411
0.96245075 0.653852
0.919264375 0.713293
0.8374505000000001 0.653852
0.7942641250000001 0.713293
0.7124502500000001 0.653852
1.0488235 0.5349699999999999
1.005637125 0.594411
1.17382375 0.5349699999999999
1.130637375 0.594411
1.21245125 0.653852
1.169264875 0.713293
1.087451 0.653852
1.044264625 0.713293
1.1260785 0.772734
1.082892125 0.832175
1.00107825 0.772734
1.25107875 0.772734
1.207892375 0.832175
1.28970625 0.891616
1.246519875 0.951057
1.164706 0.891616
1.121519625 0.951057
1.03970575 0.891616
0.8760780000000001 0.772734
0.8328916250000001 0.832175
0.7510777500000001 0.772734
0.9578918750000001 0.832175
0.996519375 0.951057
0.9147055000000001 0.891616
0.8715191250000001 0.951057
0.7897052500000001 0.891616
0.29882190625 0.5349699999999999
0.25563540625 0.594411
0.173821625 0.5349699999999999
0.4238221875 0.5349699999999999
0.38063571875 0.594411
0.4624495625 0.653852
0.4192630625 0.713293
0.33744921875 0.653852
0.2942626875 0.713293
0.212448875 0.653852
0.54882246875 0.5349699999999999
0.5056360312499999 0.594411
0.63063634375 0.594411
0.6692638125000001 0.713293
0.58744990625 0.653852
0.5442634374999999 0.713293
0.62607734375 0.772734
0.58289084375 0.832175
0.5010769374999999 0.772734
0.70789128125 0.832175
0.7465187500000001 0.951057
0.66470478125 0.891616
0.62151825 0.951057
0.5397043125000001 0.891616
0.37607653125 0.772734
0.33288996875 0.832175
0.251076125 0.772734
0.45789040625 0.832175
0.49651775 0.951057
0.41470384375 0.891616
0.37151725 0.951057
0.289703375 0.891616
0.142571734375 0.63114753125
0.072694609375 0.60844303125
0.18119896875 0.7500295625
0.111321828125 0.72732509375
0.08007190624999999 0.8235026875
0.01019478124999999 0.8007981874999999
0.04144470312499999 0.70462059375
-0.02843240625 0.6819160625
0.219826203125 0.8689115937499999
0.149949046875 0.84620715625
0.2584534375 0.987793625
0.188576265625 0.96508921875
0.1573263125 1.061266875
0.08744915624999999 1.0385624375
0.118699109375 0.9423847812499999
0.04882196874999999 0.9196803124999999
0.017572015625 1.01585796875
-0.05230510937500001 0.99315346875
-0.02105515625000001 0.8969758125
0.05619918749999999 1.134740125
-0.01367795312500001 1.11203565625
-0.04492793750000001 1.208213375
-0.1148050625 1.185508875
-0.083555078125 1.08933115625
-0.1534321875 1.066626625
-0.12218221875 0.9704489375000001
-0.059682328125 0.77809365625
-0.129559421875 0.7553890937500001
-0.09093226562500001 0.87427128125
-0.1920593125 0.9477443750000001
-0.160809359375 0.85156671875
-0.2306864375 0.8288621250000001
-0.261936390625 0.92503940625
-0.331813453125 0.9023344062500001
-0.3005635 0.8061571249999999
-0.22330928125 1.0439216875
-0.293186359375 1.02121671875
-0.32443634375 1.1173940625
-0.39431340625 1.0946890625
-0.363063421875 0.9985117187500001
-0.43294046875 0.9758066875
-0.4016905 0.8796293749999999
-0.184682171875 1.16280396875
-0.254559265625 1.14009903125
-0.1460550625 1.28168625
-0.215932171875 1.25898134375
-0.2471821875 1.35515875
-0.31705928125 1.3324538125
-0.285809265625 1.23627640625
-0.35568634375 1.2135714375
-0.386936359375 1.30974884375
-0.456813421875 1.28704384375
-0.42556340625 1.1908664375
-0.3483093125 1.42863125
-0.418186390625 1.40592628125
-0.4494364375 1.50210375
-0.5193135 1.47939875
-0.488063453125 1.38322128125
-0.5579405 1.36051625
-0.5266904687499999 1.2643388125
-0.464190453125 1.07198403125
-0.534067484375 1.04927896875
-0.5028175 0.953101625
-0.495440453125 1.16816140625
-0.5965674999999999 1.24163375
-0.565317484375 1.14545634375
-0.6351944999999999 1.12275125
-0.6039445 1.026573875
-0.41644459375 0.44951140625
-0.48632171875 0.42680690625
-0.455071625 0.3306295
-0.3778175625 0.5683933125
-0.44769465625 0.54568871875
-0.4789446875 0.6418659375
-0.5488218125 0.6191614375
-0.51757178125 0.52298421875
-0.5874489375 0.5002798125
-0.556198875 0.4041025
-0.33919053125 0.68727521875
-0.40906759375 0.66457053125
-0.37044053125 0.7834523437499999
-0.4715675625 0.8569246874999999
-0.44031759375 0.76074765625
-0.5101946875000001 0.7380430625
-0.5414446562499999 0.8342200937499999
-0.61132178125 0.8115155937499999
-0.5800718125 0.7153385624999999
-0.57269459375 0.93039703125
-0.673821625 1.003869375
-0.64257171875 0.9076925312499999
-0.712448875 0.884988125
-0.6811989375 0.7888111874999999
-0.61869896875 0.5964570312499999
-0.6885761562499999 0.57375271875
-0.657326125 0.4775755
-0.64994896875 0.6926341562499999
-0.751076125 0.766106875
-0.7198261562499999 0.66992984375
-0.789703375 0.647225625
-0.758453375 0.5510485000000001
-0.55619859375 0.33062940625
-0.55619846875 0.25715628125
-0.6573256875 0.4041024375
-0.6573254062499999 0.33062934375
-0.7584520624999999 0.3306293124999999
-0.7584519374999998 0.2571561875
-0.6573252812499999 0.25715621875
-0.6573253125 0.1836830625
-0.7584527812499999 0.47757546875
-0.7584523437499999 0.4041024062499999
-0.8595798749999999 0.5510485000000001
-0.8595792812499999 0.47757546875
-0.9607056249999999 0.4775755
-0.9607051874999999 0.4041024375
-0.8595788437499999 0.4041024062499999
-0.8595785624999999 0.3306293124999999
-0.9607049062499999 0.33062934375
-0.9607047812499999 0.25715621875
-0.8595784374999998 0.2571561875
-1.061831375 0.4041025
-1.06183109375 0.33062940625
-1.162957125 0.3306295
-1.162957 0.257156375
-1.06183096875 0.25715628125
-1.061831 0.183683125
-0.9607048124999998 0.1836830625
-0.75845196875 0.18368303125
-0.75845215625 0.11020984375
-0.8595784687499999 0.18368303125
-0.9607049999999999 0.110209875
-0.8595786562499999 0.11020984375
-0.8595789999999999 0.036736625
-0.9607051874999999 0.03673671875000001
-0.9607051874999999 -0.03673640624999999
-0.8595789999999999 -0.0367365
-1.061831375 0.1102099375
-1.0618315625 0.03673678125
-1.162958125 0.03673681250000001
-1.162958125 -0.03673631249999999
-1.0618315625 -0.03673634375
-1.061831375 -0.1102094375
-0.9607049999999999 -0.1102095
-1.1629575625 0.18368315625
-1.1629579375 0.11020996875
-1.26408375 0.257156375
-1.2640843125 0.18368315625
-1.36521125 0.183683125
-1.365211625 0.1102099375
-1.2640846875 0.11020996875
-1.264084875 0.03673681250000001
-1.3652118125 0.03673678125
-1.3652118125 -0.03673634375
-1.264084875 -0.03673631249999999
-1.46633875 0.110209875
-1.4663389375 0.03673671875000001
-1.56746625 0.036736625
-1.56746625 -0.0367365
-1.4663389375 -0.03673640624999999
-1.46633875 -0.1102095
-1.365211625 -0.1102094375
-1.1629579375 -0.11020940625
-1.1629575625 -0.18368246875
-1.061831 -0.1836825
-1.2640846875 -0.11020940625
-1.36521125 -0.1836825
-1.2640843125 -0.18368246875
-1.26408375 -0.2571555
-1.162957 -0.2571555
-0.55619846875 -0.25715625
-0.55619859375 -0.330629375
-0.455071625 -0.3306295
-0.6573253125 -0.183683
-0.65732528125 -0.257156125
-0.7584519375000001 -0.257156
-0.7584520625 -0.330629125
-0.65732540625 -0.33062925
-0.6573256875 -0.404102375
-0.556198875 -0.4041025
-0.75845215625 -0.11020975
-0.75845196875 -0.183682875
-0.8595786562499999 -0.110209625
-0.9607048124999998 -0.183682625
-0.8595784687499999 -0.18368275
-0.8595784375 -0.257155875
-0.9607047812499999 -0.25715575
-0.9607049062499999 -0.330628875
-0.8595785624999999 -0.330629
-1.06183096875 -0.257155625
-1.162957125 -0.330628625
-1.06183109375 -0.33062875
-1.061831375 -0.404101875
-0.9607051874999999 -0.404102
-0.7584523437499999 -0.40410225
-0.7584527812499999 -0.477575375
-0.657326125 -0.4775755
-0.8595788437499999 -0.404102125
-0.9607056249999999 -0.477575125
-0.8595792812499999 -0.47757525
-0.8595798749999999 -0.551048375
-0.758453375 -0.5510485000000001
-0.48632171875 -0.4268068125
-0.41644459375 -0.4495111875
-0.5874489375 -0.50027975
-0.51757178125 -0.5229840625
-0.5488218125 -0.6191612499999999
-0.4789446875 -0.6418656249999999
-0.44769465625 -0.5456884375
-0.3778175625 -0.568392875
-0.68857615625 -0.5737526875000001
-0.61869896875 -0.5964569375
-0.789703375 -0.647225625
-0.71982615625 -0.6699298125000001
-0.751076125 -0.766106875
-0.6811989375 -0.7888111250000001
-0.64994896875 -0.6926340625
-0.5800718125 -0.715338375
-0.61132178125 -0.8115154375
-0.5414446562499999 -0.8342198125
-0.5101946875000001 -0.73804275
-0.712448875 -0.884988125
-0.64257171875 -0.9076924374999999
-0.673821625 -1.003869375
-0.6039445 -1.02657375
-0.57269459375 -0.9303968124999999
-0.5028175 -0.95310125
-0.4715675625 -0.8569242500000001
-0.40906759375 -0.6645700624999999
-0.33919053125 -0.6872745625000001
-0.44031759375 -0.7607471875
-0.4016905 -0.87962875
-0.37044053125 -0.7834516875
-0.3005635 -0.80615625
-0.331813453125 -0.90233375
-0.261936390625 -0.92503875
-0.2306864375 -0.82886125
-0.43294046875 -0.97580625
-0.363063421875 -0.9985112500000001
-0.39431340625 -1.09468875
-0.32443634375 -1.11739375
-0.293186359375 -1.02121625
-0.22330928125 -1.04392125
-0.1920593125 -0.94774375
-0.534067484375 -1.04927875
-0.464190453125 -1.07198375
-0.6351944999999999 -1.12275125
-0.565317484375 -1.14545625
-0.5965674999999999 -1.24163375
-0.5266904687499999 -1.26433875
-0.495440453125 -1.16816125
-0.42556340625 -1.19086625
-0.456813421875 -1.28704375
-0.386936359375 -1.30974875
-0.35568634375 -1.21357125
-0.5579405 -1.36051625
-0.488063453125 -1.38322125
-0.5193135 -1.47939875
-0.4494364375 -1.50210375
-0.418186390625 -1.40592625
-0.3483093125 -1.42863125
-0.31705928125 -1.33245375
-0.254559265625 -1.14009875
-0.184682171875 -1.16280375
-0.1534321875 -1.06662625
-0.285809265625 -1.23627625
-0.2471821875 -1.35515875
-0.215932171875 -1.25898125
-0.1460550625 -1.28168625
-0.1148050625 -1.18550875
0.072694609375 -0.6084428125
0.142571734375 -0.6311474375
0.173821625 -0.5349699999999999
-0.02843240625 -0.681915625
0.041444703125 -0.7046203125
0.01019478125 -0.800797875
0.08007190624999999 -0.8235025
0.111321828125 -0.7273249375
0.18119896875 -0.7500295
0.212448875 -0.653852
-0.129559421875 -0.7553884375
-0.059682328125 -0.7780931875
-0.160809359375 -0.8515660625
-0.12218221875 -0.9704485
-0.09093226562500001 -0.8742708125
-0.02105515625 -0.8969755000000001
-0.05230510937500001 -0.9931531875
0.017572015625 -1.0158578125
0.04882196875 -0.919680125
-0.083555078125 -1.0893309375
-0.04492793750000001 -1.208213375
-0.01367795312500001 -1.1120355625
0.05619918749999999 -1.134740125
0.08744915624999999 -1.038562375
0.149949046875 -0.8462070625
0.219826203125 -0.8689115625
0.251076125 -0.772734
0.118699109375 -0.9423846874999999
0.1573263125 -1.061266875
0.188576265625 -0.9650891875000001
0.2584534375 -0.987793625
0.289703375 -0.891616
0.25563540625 -0.594411
0.29882190625 -0.5349699999999999
0.2942626875 -0.713293
0.33744921875 -0.653852
0.4192630625 -0.713293
0.4624495625 -0.653852
0.38063571875 -0.594411
0.4238221875 -0.5349699999999999
0.33288996875 -0.8321750000000001
0.37607653125 -0.772734
0.37151725 -0.951057
0.41470384375 -0.8916160000000001
0.49651775 -0.951057
0.5397043125000001 -0.891616
0.45789040625 -0.8321750000000001
0.5010769374999999 -0.772734
0.58289084375 -0.8321750000000001
0.62607734375 -0.772734
0.5442634374999999 -0.713293
0.62151825 -0.951057
0.66470478125 -0.8916160000000001
0.7465187500000001 -0.951057
0.7897052500000001 -0.891616
0.70789128125 -0.8321750000000001
0.7510777500000001 -0.772734
0.6692638125000001 -0.713293
0.5056360312499999 -0.594411
0.54882246875 -0.5349699999999999
0.58744990625 -0.653852
0.7124502500000001 -0.653852
0.63063634375 -0.594411
0.67382275 -0.5349699999999999
0.7556366250000001 -0.594411
0.7988230000000001 -0.5349699999999999
0.717009125 -0.475529
0.7942641250000001 -0.713293
0.8374505000000001 -0.653852
0.9192643750000001 -0.713293
0.9624507500000001 -0.653852
0.8806368750000001 -0.594411
0.9238232500000001 -0.5349699999999999
0.8420093749999999 -0.475529
0.832891625 -0.8321750000000001
0.8760780000000001 -0.772734
0.8715191250000001 -0.951057
0.9147054999999999 -0.8916160000000001
0.996519375 -0.951057
1.03970575 -0.891616
0.9578918750000001 -0.8321750000000001
1.00107825 -0.772734
1.082892125 -0.8321750000000001
1.1260785 -0.772734
1.044264625 -0.713293
1.121519625 -0.951057
1.164706 -0.8916160000000001
1.246519875 -0.951057
1.28970625 -0.891616
1.207892375 -0.8321750000000001
1.25107875 -0.772734
1.169264875 -0.713293
1.005637125 -0.594411
1.0488235 -0.5349699999999999
0.967009625 -0.475529
1.087451 -0.653852
1.21245125 -0.653852
1.130637375 -0.594411
1.17382375 -0.5349699999999999
1.092009875 -0.475529
0.60112728125 -0.11888225
0.64431365625 -0.059441125
0.6397545625000001 -0.2377645
0.6829409687500001 -0.178323375
0.7647546875 -0.2377645
0.8079410625000001 -0.178323375
0.72612734375 -0.11888225
0.7693136875 -0.059441125
0.67838184375 -0.35664675
0.7215682812499999 -0.297205625
0.76019559375 -0.416087875
0.8851958124999999 -0.416087875
0.80338203125 -0.35664675
0.8465684375 -0.297205625
0.9283822187499999 -0.35664675
0.97156859375 -0.297205625
0.8897548125000001 -0.2377645
1.01019603125 -0.416087875
1.13519625 -0.416087875
1.05338240625 -0.35664675
1.09656875 -0.297205625
1.0147549375 -0.2377645
0.8511274062500001 -0.11888225
0.89431371875 -0.059441125
0.9329411562500001 -0.178323375
1.05794125 -0.178323375
0.97612746875 -0.11888225
1.01931375 -0.059441125
0.08181351562500001 0.059441125
0.206813546875 0.059441125
0.245440640625 0.178323375
0.120440546875 0.178323375
0.331813578125 0.059441125
0.456813609375 0.059441125
0.495440828125 0.178323375
0.370440734375 0.178323375
0.409067890625 0.297205625
0.534068046875 0.297205625
0.5726952656249999 0.416087875
0.4476950468749999 0.416087875
0.159067578125 0.297205625
0.284067734375 0.297205625
0.3226948281250001 0.416087875
0.197694609375 0.416087875
-0.03125 0.09617773437499999
0.007377000000000002 0.215059953125
-0.09375 0.288533109375
-0.132377 0.169650953125
0.046004 0.333942171875
0.084631 0.452824390625
-0.016496 0.5262974218750001
-0.055123 0.407415265625
-0.15625 0.480888359375
-0.117623 0.599770453125
-0.21875 0.6732434843749999
-0.257377 0.5543614531250001
-0.233504 0.243124171875
-0.194877 0.362006265625
-0.296004 0.435479421875
-0.334631 0.316597390625
-0.101127 0
-0.202254 0.07347325
-0.303381 0
-0.202254 -0.07347325
-0.303381 0.1469465
-0.404508 0.22041975
-0.5056350000000001 0.1469465
-0.404508 0.07347325
-0.5056350000000001 0
-0.606762 0.07347325
-0.707889 0
-0.606762 -0.07347325
-0.303381 -0.1469465
-0.404508 -0.07347325
-0.5056350000000001 -0.1469465
-0.404508 -0.22041975
-0.03125 -0.09617771875
-0.132377 -0.16965090625
-0.09374999999999999 -0.28853296875
0.007377000000000002 -0.21505990625
-0.233504 -0.24312409375
-0.334631 -0.31659728125
-0.296004 -0.4354790937499999
-0.194877 -0.36200603125
-0.15625 -0.48088796875
-0.257377 -0.55436090625
-0.21875 -0.67324271875
-0.117623 -0.59976990625
0.046004 -0.33394209375
-0.05512300000000001 -0.40741503125
-0.016496 -0.52629709375
0.08463100000000001 -0.45282428125
0.081813515625 -0.059441125
0.120440546875 -0.178323375
0.245440640625 -0.178323375
0.206813546875 -0.059441125
0.159067578125 -0.297205625
0.197694609375 -0.416087875
0.3226948281249999 -0.416087875
0.284067734375 -0.297205625
0.4090678906249999 -0.297205625
0.447695046875 -0.416087875
0.5726952656249999 -0.416087875
0.534068046875 -0.297205625
0.331813578125 -0.059441125
0.370440734375 -0.178323375
0.495440828125 -0.178323375
0.456813609375 -0.059441125
0.5818136406250001 0.059441125
0.706813671875 0.059441125
0.745441015625 0.178323375
0.620440921875 0.178323375
0.8318137031249999 0.059441125
0.9568137343750001 0.059441125
0.9954412031250001 0.178323375
0.870441109375 0.178323375
0.909068515625 0.297205625
1.034068671875 0.297205625
1.072696140625 0.416087875
0.947695921875 0.416087875
0.6590682031249999 0.297205625
0.784068359375 0.297205625
0.822695703125 0.416087875
0.6976954843750001 0.416087875
0.736322875 0.5349699999999999
0.861323125 0.5349699999999999
0.899950625 0.653852
0.7749503750000001 0.653852
0.986323375 0.5349699999999999
1.111323625 0.5349699999999999
1.149951125 0.653852
1.024950875 0.653852
1.063578375 0.7727339999999999
1.188578625 0.7727339999999999
1.227206125 0.8916160000000001
1.102205875 0.8916160000000001
0.8135778750000001 0.7727339999999999
0.938578125 0.7727339999999999
0.977205625 0.8916160000000001
0.852205375 0.8916160000000001
0.236321765625 0.5349699999999999
0.361322046875 0.5349699999999999
0.399949390625 0.653852
0.274949046875 0.653852
0.486322328125 0.5349699999999999
0.6113226093749999 0.5349699999999999
0.6499500781250001 0.653852
0.524949734375 0.653852
0.563577140625 0.7727339999999999
0.6885775468750001 0.7727339999999999
0.7272050156250001 0.8916160000000001
0.602204546875 0.8916160000000001
0.313576328125 0.7727339999999999
0.438576734375 0.7727339999999999
0.477204078125 0.8916160000000001
0.3522036093749999 0.8916160000000001
0.1232581171875 0.571706515625
0.1618853515625 0.6905885468749999
0.06075830468749999 0.7640616406249999
0.02213110156249999 0.645179546875
0.2005125859375 0.809470578125
0.2391398203125 0.9283526093749999
0.1380127109375 1.001825828125
0.09938550781249998 0.8829437343749998
-0.001741570312500003 0.9564168906249999
0.03688560156249999 1.075299046875
-0.0642415078125 1.148772265625
-0.1028686484375 1.029890046875
-0.07899591406250001 0.7186525781250001
-0.0403687421875 0.8375347343749999
-0.1414957890625 0.911007828125
-0.1801229296875 0.7921256093750001
-0.2812499453125 0.8655982656250001
-0.2426228359375 0.9844805468750001
-0.3437498828125 1.057952890625
-0.3823769609375 0.939070546875
-0.2039957265625 1.103362828125
-0.1653686171875 1.222245109375
-0.2664957265625 1.295717578125
-0.3051228046875 1.176835234375
-0.4062498828125 1.250307640625
-0.3676228359375001 1.369190046875
-0.4687499453125 1.442662515625
-0.5073769609375 1.323780046875
-0.4835039765625 1.012542828125
-0.4448769296875 1.131425234375
-0.5460039765625 1.204897578125
-0.5846309921874999 1.086015109375
-0.435758109375 0.390070453125
-0.397131078125 0.5089523593749999
-0.498258234375 0.582425078125
-0.536885328125 0.463543359375
-0.358504046875 0.627834265625
-0.319877015625 0.7467161718749999
-0.421004046875 0.8201885156249999
-0.459631140625 0.701306796875
-0.5607582343749999 0.7747793281249999
-0.5221310781249999 0.8936608593749999
-0.623258109375 0.967133203125
-0.661885328125 0.8482518593749999
-0.638012546875 0.5370162656249999
-0.599385390625 0.6558977968749999
-0.700512546875 0.729370515625
-0.7391397656249999 0.6104891718750001
-0.5056350468749999 0.293892890625
-0.6067621406249999 0.367365921875
-0.7078886718749999 0.293892765625
-0.6067618906250001 0.220419671875
-0.7078892343750001 0.440838953125
-0.809016328125 0.514311984375
-0.9101422343749999 0.440838953125
-0.8090154531249999 0.3673658593749999
-0.9101416718749999 0.293892765625
-1.011268140625 0.367365921875
-1.112394046875 0.293892890625
-1.011267890625 0.220419671875
-0.707888734375 0.146946453125
-0.8090152031249997 0.220419609375
-0.9101417343749999 0.146946453125
-0.8090155781249999 0.073473234375
-0.9101420937499999 1.093750000048799e-07
-1.01126828125 0.07347332812500001
-1.11239484375 2.343750000050049e-07
-1.01126828125 -0.07347292187499999
-1.11239446875 0.146946546875
-1.21352065625 0.220419765625
-1.31464796875 0.146946546875
-1.21352140625 0.07347339062500002
-1.31464834375 2.343750000050049e-07
-1.41577528125 0.07347332812500001
-1.51690259375 1.093750000048799e-07
-1.41577528125 -0.07347292187499999
-1.11239446875 -0.146945953125
-1.21352140625 -0.073472859375
-1.31464796875 -0.146945953125
-1.21352065625 -0.220418984375
-0.505635046875 -0.293892875
-0.6067618906250001 -0.220419625
-0.707888671875 -0.293892625
-0.606762140625 -0.367365875
-0.707888734375 -0.146946375
-0.8090155781249999 -0.073473125
-0.9101417343749998 -0.146946125
-0.809015203125 -0.220419375
-0.9101416718749999 -0.293892375
-1.011267890625 -0.220419125
-1.112394046875 -0.293892125
-1.011268140625 -0.367365375
-0.707889234375 -0.440838875
-0.809015453125 -0.367365625
-0.910142234375 -0.440838625
-0.8090163281249999 -0.514311875
-0.4357581093749999 -0.39007034375
-0.536885328125 -0.46354328125
-0.4982582343750001 -0.5824248437499999
-0.397131078125 -0.50895203125
-0.638012546875 -0.5370162187500001
-0.7391397656250001 -0.6104891562500001
-0.700512546875 -0.72937046875
-0.599385390625 -0.65589765625
-0.5607582343749999 -0.7747790937500001
-0.661885328125 -0.8482517812500001
-0.6232581093749999 -0.96713309375
-0.5221310781249999 -0.8936605312499999
-0.358504046875 -0.62783371875
-0.459631140625 -0.7013064062500001
-0.421004046875 -0.82018796875
-0.319877015625 -0.7467154062500001
-0.2812499453125 -0.8655975
-0.3823769609375 -0.9390700000000001
-0.3437498828125 -1.0579525
-0.2426228359375 -0.98448
-0.4835039765625 -1.0125425
-0.5846309921874999 -1.086015
-0.5460039765625 -1.2048975
-0.4448769296875 -1.131425
-0.4062498828125 -1.2503075
-0.5073769609375 -1.32378
-0.4687499453125 -1.4426625
-0.3676228359375 -1.36919
-0.2039957265625 -1.1033625
-0.3051228046875 -1.176835
-0.2664957265625 -1.2957175
-0.1653686171875 -1.222245
0.1232581171875 -0.5717064062499999
0.0221311015625 -0.6451792187500001
0.06075830468749999 -0.7640614062500001
0.1618853515625 -0.6905884687500001
-0.07899591406250001 -0.7186520312500001
-0.1801229296875 -0.7921248437499999
-0.1414957890625 -0.9110072812500001
-0.0403687421875 -0.83753434375
-0.001741570312500003 -0.9564166562500001
-0.1028686484375 -1.02988971875
-0.0642415078125 -1.14877215625
0.03688560156249999 -1.07529896875
0.2005125859375 -0.80947053125
0.0993855078125 -0.88294359375
0.1380127109375 -1.00182578125
0.2391398203125 -0.92835259375
0.236321765625 -0.5349699999999999
0.274949046875 -0.653852
0.399949390625 -0.653852
0.361322046875 -0.5349699999999999
0.313576328125 -0.772734
0.3522036093749999 -0.891616
0.477204078125 -0.8916160000000001
0.4385767343749999 -0.772734
0.563577140625 -0.772734
0.602204546875 -0.891616
0.7272050156250001 -0.8916160000000001
0.6885775468750001 -0.772734
0.486322328125 -0.5349699999999999
0.524949734375 -0.653852
0.6499500781250001 -0.653852
0.6113226093749999 -0.5349699999999999
0.7363228750000002 -0.5349699999999999
0.774950375 -0.653852
0.8999506250000001 -0.653852
0.8613231250000001 -0.5349699999999999
0.813577875 -0.772734
0.852205375 -0.891616
0.9772056250000001 -0.8916160000000001
0.9385781250000002 -0.772734
1.063578375 -0.772734
1.102205875 -0.891616
1.227206125 -0.8916160000000001
1.188578625 -0.772734
0.986323375 -0.5349699999999999
1.024950875 -0.653852
1.149951125 -0.653852
1.111323625 -0.5349699999999999
0.5818136406250001 -0.059441125
0.620440921875 -0.178323375
0.745441015625 -0.178323375
0.706813671875 -0.059441125
0.659068203125 -0.297205625
0.6976954843750001 -0.416087875
0.822695703125 -0.416087875
0.784068359375 -0.297205625
0.9090685156249999 -0.297205625
0.9476959218749998 -0.416087875
1.072696140625 -0.416087875
1.034068671875 -0.297205625
0.8318137031249999 -0.059441125
0.870441109375 -0.178323375
0.9954412031250001 -0.178323375
0.9568137343750001 -0.059441125
0.03125 0
0.0721567578125 0.0297205625
0.05056350781250001 0.059441125
0.00965675 0.0297205625
0.09375 0
0.134656765625 0.0297205625
0.1130635234375 0.059441125
0.153970296875 0.0891616875
0.132377046875 0.11888225
0.0914702734375 0.0891616875
0.069877015625 0.11888225
0.02897025 0.0891616875
0.15625 0
0.1971567734375 0.0297205625
0.1755635390625 0.059441125
0.21875 0
0.25965678125 0.0297205625
0.2380635546875 0.059441125
0.27897034375 0.0891616875
0.257377109375 0.11888225
0.2164703203125 0.0891616875
0.194877078125 0.11888225
0.2357838671875 0.1486028125
0.2141906171875 0.178323375
0.173283828125 0.1486028125
0.29828390625 0.1486028125
0.2766906640625 0.178323375
0.3175974687500001 0.2080439375
0.29600421875 0.2377645
0.2550974140625 0.2080439375
0.23350415625 0.2377645
0.192597359375 0.2080439375
0.1107837890625 0.1486028125
0.0891905234375 0.178323375
0.04828375 0.1486028125
0.1516905703125 0.178323375
0.17100409375 0.2377645
0.1300973046875 0.2080439375
0.10850403125 0.2377645
0.06759725 0.2080439375
0.28125 0
0.3221567890625 0.0297205625
0.3005635703125 0.059441125
0.34375 0
0.384656796875 0.0297205625
0.3630635859375 0.059441125
0.403970390625 0.0891616875
0.382377171875 0.11888225
0.3414703671875 0.0891616875
0.319877140625 0.11888225
0.40625 0
0.4471568046875 0.0297205625
0.4255636015624999 0.059441125
0.46875 0
0.5096568125000001 0.0297205625
0.4880636171875 0.059441125
0.5289704374999999 0.0891616875
0.507377234375 0.11888225
0.4664704140625 0.0891616875
0.444877203125 0.11888225
0.4857840234375 0.1486028125
0.4641908046875 0.178323375
0.423283984375 0.1486028125
0.5482840625000001 0.1486028125
0.5266908515625 0.178323375
0.5675976874999999 0.2080439375
0.54600446875 0.2377645
0.5050976328125 0.2080439375
0.48350440625 0.2377645
0.442597578125 0.2080439375
0.3607839453125 0.1486028125
0.3391907109375 0.178323375
0.4016907578125 0.178323375
0.42100434375 0.2377645
0.3800975234375 0.2080439375
0.35850428125 0.2377645
0.3994111015625 0.2674850625
0.3778178515625 0.297205625
0.33691103125 0.2674850625
0.461911171875 0.2674850625
0.4403179296875 0.297205625
0.4812247656249999 0.3269261875
0.459631515625 0.35664675
0.4187246796875 0.3269261875
0.397131421875 0.35664675
0.35622459375 0.3269261875
0.5244112421875 0.2674850625
0.5028180078125 0.297205625
0.5869113125000001 0.2674850625
0.5653180859375 0.297205625
0.6062249374999999 0.3269261875
0.584631703125 0.35664675
0.5437248515624999 0.3269261875
0.522131609375 0.35664675
0.5630384609375 0.3863673125
0.5414452109375 0.416087875
0.500538359375 0.3863673125
0.6255385625000001 0.3863673125
0.6039453203125 0.416087875
0.6448521875 0.4458084375
0.6232589374999999 0.475529
0.5823520703125 0.4458084375
0.5607588125 0.475529
0.519851953125 0.4458084375
0.4380382578124999 0.3863673125
0.4164449921875 0.416087875
0.37553815625 0.3863673125
0.4789451015625 0.416087875
0.4982586875 0.475529
0.4573518359375 0.4458084375
0.4357585625 0.475529
0.39485171875 0.4458084375
0.1494108203125 0.2674850625
0.1278175390625 0.297205625
0.08691075000000001 0.2674850625
0.211910890625 0.2674850625
0.1903176171875 0.297205625
0.231224421875 0.3269261875
0.209631140625 0.35664675
0.1687243359375 0.3269261875
0.147131046875 0.35664675
0.10622425 0.3269261875
0.2744109609375001 0.2674850625
0.2528176953125 0.297205625
0.3153177734375 0.297205625
0.334631328125 0.35664675
0.2937245078125 0.3269261875
0.272131234375 0.35664675
0.3130380546875 0.3863673125
0.2914447734375 0.416087875
0.250537953125 0.3863673125
0.3539448828125 0.416087875
0.3732584375 0.475529
0.3323516015625 0.4458084375
0.3107583125 0.475529
0.269851484375 0.4458084375
0.1880378515625 0.3863673125
0.1664445546875 0.416087875
0.12553775 0.3863673125
0.2289446640625 0.416087875
0.2482581875 0.475529
0.2073513671875 0.4458084375
0.1857580625 0.475529
0.14485125 0.4458084375
-0.00596825 0.07780942968749999
-0.04090675 0.06645717968749999
-0.02528175 0.0183683125
0.01334525 0.137250546875
-0.02159325 0.1258982890625
-0.03721825 0.173987140625
-0.07215674999999999 0.162634890625
-0.05653175 0.1145460390625
-0.09147025 0.103193796875
-0.07584525 0.05510493750000001
0.03265875 0.1966916640625
-0.002279749999999999 0.1853393984375
0.05197225 0.2561327812499999
0.01703375 0.2447805078125
0.001408750000000002 0.29286934375
-0.03352975 0.2815170781249999
-0.01790475 0.2334282421875
-0.05284325 0.222075984375
-0.06846825000000001 0.2701648203125
-0.10340675 0.2588125703125
-0.08778174999999999 0.210723734375
-0.04915475 0.32960590625
-0.08409325000000001 0.3182536484375
-0.09971825000000001 0.36634246875
-0.13465675 0.35499021875
-0.11903175 0.3069013984375
-0.15397025 0.29554915625
-0.13834525 0.247460328125
-0.10709525 0.1512826484375
-0.14203375 0.1399304140625
-0.12640875 0.0918415625
-0.12272025 0.1993714921875
-0.17328375 0.23610809375
-0.15765875 0.1880192578125
-0.19259725 0.17666703125
-0.17697225 0.1285781875
0.07128574999999999 0.3155738984375
0.03634725 0.3042216171875
0.09059925000000001 0.375015015625
0.05566074999999999 0.3636627265625
0.04003575 0.411751546875
0.005097250000000003 0.4003992656249999
0.02072225 0.3523104453125
-0.01421625 0.340958171875
0.10991275 0.4344561328125
0.07497424999999999 0.4231038359375
0.12922625 0.49389725
0.09428775 0.4825449453125
0.07866275 0.53063375
0.04372425000000001 0.519281453125
0.05934925 0.4711926484375
0.02441075 0.459840359375
0.00878575 0.5079291640625
-0.02615275 0.4965768828125
-0.01052775 0.448488078125
0.02809925000000001 0.56737025
-0.006839249999999998 0.5560179609375
-0.02246425 0.6041067499999999
-0.05740275 0.5927544687499999
-0.04177775 0.5446656796875
-0.07671625 0.53331340625
-0.06109125 0.485224609375
-0.02984125 0.3890469921874999
-0.06477975 0.3776947265625
-0.04546625 0.4371358046875
-0.09602975 0.47387234375
-0.08040475 0.4257835390625
-0.11534325 0.41443128125
-0.13096825 0.4625200859375
-0.16590675 0.4511678359375
-0.15028175 0.40307903125
-0.11165475 0.521961140625
-0.14659325 0.5106088828125001
-0.16221825 0.5586976718750001
-0.19715675 0.547345421875
-0.18153175 0.4992566328125
-0.21647025 0.487904390625
-0.20084525 0.43981559375
-0.09234125 0.5814021953124999
-0.12727975 0.5700499296875
-0.07302775 0.6408432500000001
-0.10796625 0.6294909765625001
-0.12359125 0.67757975
-0.15852975 0.666227484375
-0.14290475 0.6181387109375001
-0.17784325 0.606786453125
-0.19346825 0.6548752265625
-0.22840675 0.6435229765624999
-0.21278175 0.595434203125
-0.17415475 0.71431625
-0.20909325 0.7029639921874999
-0.22471825 0.7510527499999999
-0.25965675 0.7397005000000001
-0.24403175 0.6916117421875
-0.27897025 0.6802595
-0.26334525 0.632170734375
-0.23209525 0.5359931796875
-0.26703375 0.5246409453125001
-0.25140875 0.47655215625
-0.24772025 0.5840819609375001
-0.29828375 0.6208184999999999
-0.28265875 0.5727297265625
-0.3175972499999999 0.5613775000000001
-0.30197225 0.51328871875
-0.20822225 0.2247558671875
-0.24316075 0.2134036484375
-0.22753575 0.1653148125
-0.18890875 0.284196921875
-0.22384725 0.2728446953125
-0.23947225 0.3209335156249999
-0.27441075 0.309581296875
-0.25878575 0.2614924765625
-0.29372425 0.250140265625
-0.27809925 0.2020514375
-0.16959525 0.3436379765624999
-0.20453375 0.3322857421875
-0.18522025 0.3917267890625
-0.23578375 0.428463359375
-0.22015875 0.3803745546875
-0.25509725 0.369022328125
-0.2707222500000001 0.4171111328125
-0.30566075 0.4057589140625
-0.29003575 0.357670109375
-0.2863472500000001 0.4651999296875
-0.33691075 0.5019365
-0.32128575 0.4538477109375
-0.35622425 0.4424955
-0.34059925 0.394406703125
-0.30934925 0.2982290859375
-0.34428775 0.2868768828125
-0.32866275 0.2387880625
-0.32497425 0.3463178984375
-0.37553775 0.3830545
-0.35991275 0.3349656953125
-0.39485125 0.3236135
-0.37922625 0.2755246875
-0.07584525 0.0183683125
-0.07584525 -0.0183683125
-0.02528175 -0.0183683125
-0.12640875 0.05510493750000001
-0.12640875 0.0183683125
-0.17697225 0.0183683125
-0.17697225 -0.0183683125
-0.12640875 -0.0183683125
-0.12640875 -0.05510493750000001
-0.07584525 -0.05510493750000001
-0.17697225 0.0918415625
-0.17697225 0.05510493750000001
-0.22753575 0.1285781875
-0.22753575 0.0918415625
-0.27809925 0.0918415625
-0.27809925 0.05510493750000001
-0.22753575 0.05510493750000001
-0.22753575 0.0183683125
-0.27809925 0.0183683125
-0.27809925 -0.0183683125
-0.22753575 -0.0183683125
-0.32866275 0.05510493750000001
-0.32866275 0.0183683125
-0.37922625 0.0183683125
-0.37922625 -0.0183683125
-0.32866275 -0.0183683125
-0.32866275 -0.05510493750000001
-0.27809925 -0.05510493750000001
-0.17697225 -0.05510493750000001
-0.17697225 -0.0918415625
-0.12640875 -0.0918415625
-0.22753575 -0.05510493750000001
-0.27809925 -0.0918415625
-0.22753575 -0.0918415625
-0.22753575 -0.1285781875
-0.17697225 -0.1285781875
-0.27809925 0.1653148125
-0.27809925 0.1285781875
-0.32866275 0.2020514375
-0.32866275 0.1653148125
-0.37922625 0.1653148125
-0.37922625 0.1285781875
-0.32866275 0.1285781875
-0.32866275 0.0918415625
-0.37922625 0.2387880625
-0.37922625 0.2020514375
-0.42978975 0.2755246875
-0.42978975 0.2387880625
-0.4803532500000001 0.2387880625
-0.4803532500000001 0.2020514375
-0.42978975 0.2020514375
-0.42978975 0.1653148125
-0.4803532500000001 0.1653148125
-0.4803532500000001 0.1285781875
-0.42978975 0.1285781875
-0.53091675 0.2020514375
-0.53091675 0.1653148125
-0.58148025 0.1653148125
-0.58148025 0.1285781875
-0.53091675 0.1285781875
-0.53091675 0.0918415625
-0.4803532500000001 0.0918415625
-0.37922625 0.0918415625
-0.37922625 0.05510493750000001
-0.42978975 0.0918415625
-0.4803532500000001 0.05510493750000001
-0.42978975 0.05510493750000001
-0.42978975 0.0183683125
-0.4803532500000001 0.0183683125
-0.4803532500000001 -0.0183683125
-0.42978975 -0.0183683125
-0.53091675 0.05510493750000001
-0.53091675 0.0183683125
-0.58148025 0.0183683125
-0.58148025 -0.0183683125
-0.53091675 -0.0183683125
-0.53091675 -0.05510493750000001
-0.4803532500000001 -0.05510493750000001
-0.58148025 0.0918415625
-0.58148025 0.05510493750000001
-0.63204375 0.1285781875
-0.63204375 0.0918415625
-0.68260725 0.0918415625
-0.68260725 0.05510493750000001
-0.63204375 0.05510493750000001
-0.63204375 0.0183683125
-0.68260725 0.0183683125
-0.68260725 -0.0183683125
-0.63204375 -0.0183683125
-0.73317075 0.05510493750000001
-0.73317075 0.0183683125
-0.78373425 0.0183683125
-0.78373425 -0.0183683125
-0.73317075 -0.0183683125
-0.73317075 -0.05510493750000001
-0.68260725 -0.05510493750000001
-0.58148025 -0.05510493750000001
-0.58148025 -0.0918415625
-0.53091675 -0.0918415625
-0.63204375 -0.05510493750000001
-0.68260725 -0.0918415625
-0.63204375 -0.0918415625
-0.63204375 -0.1285781875
-0.58148025 -0.1285781875
-0.27809925 -0.1285781875
-0.27809925 -0.1653148125
-0.22753575 -0.1653148125
-0.32866275 -0.0918415625
-0.32866275 -0.1285781875
-0.37922625 -0.1285781875
-0.37922625 -0.1653148125
-0.32866275 -0.1653148125
-0.32866275 -0.2020514375
-0.27809925 -0.2020514375
-0.37922625 -0.05510493750000001
-0.37922625 -0.0918415625
-0.42978975 -0.05510493750000001
-0.4803532500000001 -0.0918415625
-0.42978975 -0.0918415625
-0.42978975 -0.1285781875
-0.4803532500000001 -0.1285781875
-0.4803532500000001 -0.1653148125
-0.42978975 -0.1653148125
-0.53091675 -0.1285781875
-0.58148025 -0.1653148125
-0.53091675 -0.1653148125
-0.53091675 -0.2020514375
-0.4803532500000001 -0.2020514375
-0.37922625 -0.2020514375
-0.37922625 -0.2387880625
-0.32866275 -0.2387880625
-0.42978975 -0.2020514375
-0.4803532500000001 -0.2387880625
-0.42978975 -0.2387880625
-0.42978975 -0.2755246875
-0.37922625 -0.2755246875
-0.04090675 -0.066457171875
-0.00596825 -0.07780942187500001
0.00965675 -0.0297205625
-0.09147025 -0.10319378125
-0.05653175 -0.114546015625
-0.07215674999999999 -0.16263484375
-0.03721825 -0.17398709375
-0.02159325 -0.125898265625
0.01334525 -0.13725053125
0.02897025 -0.0891616875
-0.14203375 -0.139930390625
-0.10709525 -0.151282609375
-0.19259725 -0.176667
-0.15765875 -0.188019203125
-0.17328375 -0.236108
-0.13834525 -0.24746021875
-0.12272025 -0.199371421875
-0.08778174999999999 -0.21072365625
-0.10340675 -0.258812453125
-0.06846824999999999 -0.270164703125
-0.05284325 -0.22207590625
-0.15397025 -0.295549
-0.11903175 -0.306901234375
-0.13465675 -0.35499
-0.09971825000000001 -0.36634225
-0.08409324999999999 -0.318253484375
-0.04915475 -0.3296057499999999
-0.03352975 -0.28151696875
-0.002279749999999999 -0.185339359375
0.03265875 -0.196691640625
0.04828375 -0.1486028125
-0.01790475 -0.233428171875
0.001408750000000002 -0.29286925
0.01703375 -0.244780453125
0.05197225 -0.25613275
0.06759725 -0.2080439375
-0.24316075 -0.213403609375
-0.20822225 -0.224755796875
-0.29372425 -0.25014021875
-0.25878575 -0.261492390625
-0.27441075 -0.30958115625
-0.23947225 -0.32093334375
-0.22384725 -0.272844578125
-0.18890875 -0.28419678125
-0.34428775 -0.286876828125
-0.30934925 -0.298228984375
-0.39485125 -0.3236134375
-0.35991275 -0.334965578125
-0.37553775 -0.3830543125
-0.34059925 -0.39440646875
-0.32497425 -0.346317734375
-0.29003575 -0.3576699062499999
-0.30566075 -0.4057586406249999
-0.27072225 -0.4171108281249999
-0.25509725 -0.3690220937499999
-0.35622425 -0.4424951874999999
-0.32128575 -0.453847359375
-0.33691075 -0.5019360625
-0.30197225 -0.51328825
-0.28634725 -0.465199546875
-0.25140875 -0.4765517499999999
-0.23578375 -0.42846303125
-0.20453375 -0.332285546875
-0.16959525 -0.343637765625
-0.22015875 -0.380374296875
-0.20084525 -0.43981525
-0.18522025 -0.3917265156249999
-0.15028175 -0.4030787499999999
-0.16590675 -0.451167484375
-0.13096825 -0.4625197343749999
-0.11534325 -0.414431
-0.21647025 -0.48790396875
-0.18153175 -0.499256203125
-0.19715675 -0.54734490625
-0.16221825 -0.55869715625
-0.14659325 -0.5106084531249999
-0.11165475 -0.5219607187499999
-0.09602975 -0.473872
-0.26703375 -0.524640453125
-0.23209525 -0.535992671875
-0.3175972499999999 -0.5613769375
-0.28265875 -0.5727291406249999
-0.29828375 -0.6208178124999999
-0.26334525 -0.63217003125
-0.24772025 -0.5840813593750001
-0.21278175 -0.5954335937499999
-0.22840675 -0.6435222656249999
-0.19346825 -0.654874515625
-0.17784325 -0.60678584375
-0.27897025 -0.6802586875000001
-0.24403175 -0.691610921875
-0.25965675 -0.7396995625
-0.22471825 -0.7510518125
-0.20909325 -0.702963171875
-0.17415475 -0.7143154375
-0.15852975 -0.66622678125
-0.12727975 -0.5700494218750001
-0.09234124999999999 -0.5814017031250001
-0.07671625 -0.5333129999999999
-0.14290475 -0.618138109375
-0.12359125 -0.6775790625
-0.10796625 -0.629490390625
-0.07302775 -0.6408426875000001
-0.05740275 -0.592754
0.03634725 -0.304221546875
0.07128575000000001 -0.315573859375
0.08691075000000001 -0.2674850625
-0.01421625 -0.34095803125
0.02072225 -0.352310328125
0.005097250000000003 -0.40039909375
0.04003575 -0.41175140625
0.05566075 -0.363662640625
0.09059925000000001 -0.37501496875
0.10622425 -0.3269261875
-0.06477975 -0.377694515625
-0.02984125 -0.389046796875
-0.08040475 -0.425783265625
-0.06109125 -0.48522428125
-0.04546625 -0.437135546875
-0.01052775 -0.44848784375
-0.02615275 -0.496576578125
0.008785750000000002 -0.507928890625
0.02441075 -0.45984015625
-0.04177775 -0.544665296875
-0.02246425 -0.6041063125
-0.006839249999999996 -0.556017609375
0.02809925000000001 -0.5673699375
0.04372425000000001 -0.51928121875
0.07497425000000001 -0.423103734375
0.10991275 -0.434456078125
0.12553775 -0.3863673125
0.05934925000000001 -0.4711924843749999
0.07866275 -0.5306335624999999
0.09428775 -0.4825448281249999
0.12922625 -0.4938971874999999
0.14485125 -0.4458084375
0.0505635078125 -0.059441125
0.0721567578125 -0.0297205625
0.069877015625 -0.11888225
0.0914702734375 -0.0891616875
0.132377046875 -0.11888225
0.153970296875 -0.0891616875
0.1130635234375 -0.059441125
0.134656765625 -0.0297205625
0.0891905234375 -0.178323375
0.1107837890625 -0.1486028125
0.10850403125 -0.2377645
0.1300973046875 -0.2080439375
0.17100409375 -0.2377645
0.192597359375 -0.2080439375
0.1516905703125 -0.178323375
0.173283828125 -0.1486028125
0.2141906171875 -0.178323375
0.2357838671875 -0.1486028125
0.194877078125 -0.11888225
0.23350415625 -0.2377645
0.2550974140625 -0.2080439375
0.2960042187499999 -0.2377645
0.3175974687499999 -0.2080439375
0.2766906640625 -0.178323375
0.29828390625 -0.1486028125
0.257377109375 -0.11888225
0.1755635390625 -0.059441125
0.1971567734375 -0.0297205625
0.2164703203125 -0.0891616875
0.27897034375 -0.0891616875
0.2380635546875 -0.059441125
0.25965678125 -0.0297205625
0.1278175390625 -0.297205625
0.1494108203125 -0.2674850625
0.147131046875 -0.35664675
0.1687243359375 -0.3269261875
0.209631140625 -0.35664675
0.231224421875 -0.3269261875
0.1903176171875 -0.297205625
0.211910890625 -0.2674850625
0.1664445546875 -0.416087875
0.1880378515625 -0.3863673125
0.1857580625 -0.475529
0.2073513671875 -0.4458084375
0.2482581875 -0.475529
0.269851484375 -0.4458084375
0.2289446640625 -0.416087875
0.250537953125 -0.3863673125
0.2914447734375 -0.416087875
0.3130380546875 -0.3863673125
0.272131234375 -0.35664675
0.3107583125 -0.475529
0.3323516015625 -0.4458084375
0.3732584375 -0.475529
0.39485171875 -0.4458084375
0.3539448828125 -0.416087875
0.37553815625 -0.3863673125
0.334631328125 -0.35664675
0.2528176953125 -0.297205625
0.2744109609374999 -0.2674850625
0.2937245078125 -0.3269261875
0.3562245937499999 -0.3269261875
0.3153177734375 -0.297205625
0.33691103125 -0.2674850625
0.3778178515624999 -0.297205625
0.3994111015624999 -0.2674850625
0.35850428125 -0.2377645
0.3971314218749999 -0.35664675
0.4187246796874999 -0.3269261875
0.4596315156249999 -0.35664675
0.4812247656249999 -0.3269261875
0.4403179296874999 -0.297205625
0.461911171875 -0.2674850625
0.42100434375 -0.2377645
0.4164449921875 -0.416087875
0.4380382578124999 -0.3863673125
0.4357585625 -0.475529
0.4573518359375 -0.4458084375
0.4982586875 -0.475529
0.519851953125 -0.4458084375
0.4789451015625 -0.416087875
0.500538359375 -0.3863673125
0.5414452109375 -0.416087875
0.5630384609375 -0.3863673125
0.522131609375 -0.35664675
0.5607588125 -0.475529
0.5823520703125 -0.4458084375
0.6232589374999999 -0.475529
0.6448521875 -0.4458084375
0.6039453203125 -0.416087875
0.6255385625000001 -0.3863673125
0.584631703125 -0.35664675
0.5028180078125 -0.297205625
0.5244112421875 -0.2674850625
0.48350440625 -0.2377645
0.5437248515624999 -0.3269261875
0.6062249374999999 -0.3269261875
0.5653180859375 -0.297205625
0.5869113125000001 -0.2674850625
0.54600446875 -0.2377645
0.3005635703125 -0.059441125
0.3221567890625 -0.0297205625
0.319877140625 -0.11888225
0.3414703671875 -0.0891616875
0.382377171875 -0.11888225
0.403970390625 -0.0891616875
0.3630635859375 -0.059441125
0.384656796875 -0.0297205625
0.3391907109375 -0.178323375
0.3607839453125 -0.1486028125
0.3800975234375 -0.2080439375
0.442597578125 -0.2080439375
0.4016907578125 -0.178323375
0.423283984375 -0.1486028125
0.4641908046875 -0.178323375
0.4857840234375 -0.1486028125
0.444877203125 -0.11888225
0.5050976328125 -0.2080439375
0.5675976874999999 -0.2080439375
0.5266908515625 -0.178323375
0.5482840625000001 -0.1486028125
0.507377234375 -0.11888225
0.4255636015624999 -0.059441125
0.4471568046875 -0.0297205625
0.4664704140625 -0.0891616875
0.5289704374999999 -0.0891616875
0.4880636171875 -0.059441125
0.5096568125000001 -0.0297205625
0.53125 0
0.5721568203125 0.0297205625
0.5505636328125001 0.059441125
0.59375 0
0.634656828125 0.0297205625
0.6130636484375001 0.059441125
0.653970484375 0.0891616875
0.6323772968749999 0.11888225
0.5914704609375 0.0891616875
0.569877265625 0.11888225
0.65625 0
0.6971568359375 0.0297205625
0.6755636640625 0.059441125
0.71875 0
0.75965684375 0.0297205625
0.7380636796875 0.059441125
0.7789705312499999 0.0891616875
0.7573773593749999 0.11888225
0.7164705078125 0.0891616875
0.694877328125 0.11888225
0.7357841796875 0.1486028125
0.7141909921875 0.178323375
0.673284140625 0.1486028125
0.7982842187500001 0.1486028125
0.7766910390625 0.178323375
0.8175979062500001 0.2080439375
0.79600471875 0.2377645
0.7550978515625 0.2080439375
0.7335046562500001 0.2377645
0.692597796875 0.2080439375
0.6107841015625 0.1486028125
0.5891908984375001 0.178323375
0.6516909453124999 0.178323375
0.67100459375 0.2377645
0.6300977421875 0.2080439375
0.60850453125 0.2377645
0.78125 0
0.8221568515625 0.0297205625
0.8005636953124999 0.059441125
0.84375 0
0.8846568593749999 0.0297205625
0.8630637109374999 0.059441125
0.903970578125 0.0891616875
0.882377421875 0.11888225
0.8414705546875 0.0891616875
0.8198773906250001 0.11888225
0.90625 0
0.9471568671875 0.0297205625
0.9255637265625001 0.059441125
0.96875 0
1.009656875 0.0297205625
0.9880637421875 0.059441125
1.028970625 0.0891616875
1.007377484375 0.11888225
0.9664706015625 0.0891616875
0.9448774531249999 0.11888225
0.9857843359375 0.1486028125
0.9641911796875 0.178323375
0.923284296875 0.1486028125
1.048284375 0.1486028125
1.0266912265625 0.178323375
1.067598125 0.2080439375
1.04600496875 0.2377645
1.0050980703125 0.2080439375
0.9835049062500001 0.2377645
0.942598015625 0.2080439375
0.8607842578125 0.1486028125
0.8391910859375 0.178323375
0.9016911328125 0.178323375
0.92100484375 0.2377645
0.8800979609375 0.2080439375
0.8585047812500001 0.2377645
0.8994116640625001 0.2674850625
0.8778184765625 0.297205625
0.83691159375 0.2674850625
0.9619117343750001 0.2674850625
0.9403185546875 0.297205625
0.981225453125 0.3269261875
0.959632265625 0.35664675
0.9187253671875 0.3269261875
0.8971321718749999 0.35664675
0.85622528125 0.3269261875
1.0244118046875 0.2674850625
1.0028186328125 0.297205625
1.086911875 0.2674850625
1.0653187109375 0.297205625
1.106225625 0.3269261875
1.084632453125 0.35664675
1.0437255390625 0.3269261875
1.022132359375 0.35664675
1.0630392734375 0.3863673125
1.0414460859375 0.416087875
1.000539171875 0.3863673125
1.125539375 0.3863673125
1.1039461953125 0.416087875
1.144853125 0.4458084375
1.1232599375 0.475529
1.0823530078125 0.4458084375
1.0607598125 0.475529
1.019852890625 0.4458084375
0.9380390703124999 0.3863673125
0.9164458671875 0.416087875
0.8755389687499999 0.3863673125
0.9789459765624999 0.416087875
0.9982596874999999 0.475529
0.9573527734375 0.4458084375
0.9357595624999999 0.475529
0.8948526562499999 0.4458084375
0.6494113828125 0.2674850625
0.6278181640625 0.297205625
0.7119114531249999 0.2674850625
0.6903182421874999 0.297205625
0.731225109375 0.3269261875
0.709631890625 0.35664675
0.6687250234375 0.3269261875
0.647131796875 0.35664675
0.7744115234375 0.2674850625
0.7528183203125 0.297205625
0.8153183984375 0.297205625
0.834632078125 0.35664675
0.7937251953125 0.3269261875
0.772131984375 0.35664675
0.8130388671875 0.3863673125
0.7914456484375 0.416087875
0.750538765625 0.3863673125
0.8539457578124999 0.416087875
0.8732594375 0.475529
0.8323525390625 0.4458084375
0.8107593125 0.475529
0.769852421875 0.4458084375
0.6880386640625 0.3863673125
0.6664454296875 0.416087875
0.7289455390625 0.416087875
0.7482591875 0.475529
0.7073523046875001 0.4458084375
0.6857590625000001 0.475529
0.726666 0.5052494999999999
0.7050728125000001 0.5349699999999999
0.664165875 0.5052494999999999
0.7891661250000001 0.5052494999999999
0.7675729375 0.5349699999999999
0.8084798750000001 0.5646905
0.7868866875 0.594411
0.7459797500000001 0.5646905
0.7243865625000001 0.594411
0.683479625 0.5646905
0.85166625 0.5052494999999999
0.8300730625 0.5349699999999999
0.914166375 0.5052494999999999
0.8925731875 0.5349699999999999
0.933480125 0.5646905
0.9118869375 0.594411
0.87098 0.5646905
0.8493868125 0.594411
0.89029375 0.6241315000000001
0.8687005625000001 0.653852
0.8277936250000001 0.6241315000000001
0.952793875 0.6241315000000001
0.9312006875000001 0.653852
0.972107625 0.6835724999999999
0.9505144375000001 0.713293
0.9096075 0.6835724999999999
0.8880143125000001 0.713293
0.8471073750000001 0.6835724999999999
0.7652935000000001 0.6241315000000001
0.7437003125000001 0.653852
0.7027933750000001 0.6241315000000001
0.8062004375 0.653852
0.8255141875000001 0.713293
0.7846072500000001 0.6835724999999999
0.7630140625000001 0.713293
0.7221071250000001 0.6835724999999999
0.9766665 0.5052494999999999
0.9550733124999999 0.5349699999999999
1.039166625 0.5052494999999999
1.0175734375 0.5349699999999999
1.058480375 0.5646905
1.0368871875 0.594411
0.99598025 0.5646905
0.9743870625 0.594411
1.10166675 0.5052494999999999
1.0800735625 0.5349699999999999
1.164166875 0.5052494999999999
1.1425736875 0.5349699999999999
1.183480625 0.5646905
1.1618874375 0.594411
1.1209805 0.5646905
1.0993873125 0.594411
1.14029425 0.6241315000000001
1.1187010625 0.653852
1.077794125 0.6241315000000001
1.202794375 0.6241315000000001
1.1812011875 0.653852
1.222108125 0.6835724999999999
1.2005149375 0.713293
1.159608 0.6835724999999999
1.1380148125 0.713293
1.097107875 0.6835724999999999
1.015294 0.6241315000000001
0.9937008125 0.653852
1.0562009375 0.653852
1.0755146875 0.713293
1.03460775 0.6835724999999999
1.0130145625 0.713293
1.0539215 0.7430135
1.0323283125 0.772734
0.991421375 0.7430135
1.116421625 0.7430135
1.0948284375 0.772734
1.135735375 0.8024545000000001
1.1141421875 0.832175
1.07323525 0.8024545
1.0516420625 0.832175
1.010735125 0.8024545000000001
1.17892175 0.7430135
1.1573285625 0.772734
1.241421875 0.7430135
1.2198286875 0.772734
1.260735625 0.8024545000000001
1.2391424375 0.832175
1.1982355 0.8024545
1.1766423125 0.832175
1.21754925 0.8618955
1.1959560625 0.891616
1.155049125 0.8618954999999999
1.280049375 0.8618954999999999
1.2584561875 0.891616
1.299363125 0.9213365
1.2777699375 0.951057
1.236863 0.9213365
1.2152698125 0.951057
1.174362875 0.9213365
1.092549 0.8618955
1.0709558125 0.891616
1.030048875 0.8618954999999999
1.1334559375 0.891616
1.1527696875 0.951057
1.11186275 0.9213365
1.0902695625 0.951057
1.049362625 0.9213365
0.8039210000000001 0.7430135
0.7823278125000002 0.772734
0.7414208750000001 0.7430135
0.8664211250000001 0.7430135
0.8448279375000001 0.772734
0.8857348750000001 0.8024545000000001
0.8641416875000001 0.832175
0.8232347500000001 0.8024545
0.8016415625000002 0.832175
0.7607346250000001 0.8024545000000001
0.92892125 0.7430135
0.9073280625000001 0.772734
0.9698281875 0.772734
0.9891419375 0.832175
0.9482350000000001 0.8024545
0.9266418125000001 0.832175
0.96754875 0.8618955
0.9459555625 0.891616
0.9050486250000001 0.8618954999999999
1.0084556875 0.891616
1.0277694375 0.951057
0.9868625 0.9213365
0.9652693125 0.951057
0.9243623750000001 0.9213365
0.8425485000000001 0.8618955
0.8209553125000001 0.891616
0.7800483750000001 0.8618954999999999
0.8834554375000001 0.891616
0.9027691875 0.951057
0.8618622500000001 0.9213365
0.8402690625 0.951057
0.799362125 0.9213365
0.2266649453125 0.5052494999999999
0.2050716953125 0.5349699999999999
0.1641648125 0.5052494999999999
0.289165078125 0.5052494999999999
0.2675718359375 0.5349699999999999
0.308478734375 0.5646905
0.2868854843749999 0.594411
0.2459785859375 0.5646905
0.224385328125 0.594411
0.1834784375 0.5646905
0.3516652109375 0.5052494999999999
0.3300719765625 0.5349699999999999
0.41416534375 0.5052494999999999
0.3925721171875 0.5349699999999999
0.43347903125 0.5646905
0.4118857968749999 0.594411
0.3709788828125 0.5646905
0.349385640625 0.594411
0.3902925546875 0.6241315000000001
0.3686993046875 0.653852
0.327792390625 0.6241315000000001
0.4527927187499999 0.6241315000000001
0.4311994765625 0.653852
0.47210640625 0.6835724999999999
0.45051315625 0.713293
0.4096062265625 0.6835724999999999
0.38801296875 0.713293
0.347106046875 0.6835724999999999
0.2652922265625 0.6241315000000001
0.2436989609375 0.653852
0.2027920625 0.6241315000000001
0.3061991328125 0.653852
0.3255127812499999 0.713293
0.2846058671875 0.6835724999999999
0.26301259375 0.713293
0.2221056875 0.6835724999999999
0.4766654765625 0.5052494999999999
0.4550722578125 0.5349699999999999
0.5391656093749999 0.5052494999999999
0.5175723984375 0.5349699999999999
0.558479328125 0.5646905
0.5368861093749999 0.594411
0.4959791796874999 0.5646905
0.4743859531249999 0.594411
0.6016657421875 0.5052494999999999
0.5800725390624999 0.5349699999999999
0.6425726796875 0.5349699999999999
0.661886421875 0.594411
0.6209794765625 0.5646905
0.599386265625 0.594411
0.6402932109375 0.6241315000000001
0.6186999921875 0.653852
0.577793046875 0.6241315000000001
0.6812001640625001 0.653852
0.7005139062500001 0.713293
0.6596069453125001 0.6835724999999999
0.6380137187500001 0.713293
0.597106765625 0.6835724999999999
0.5152928828125 0.6241315000000001
0.4936996484375 0.653852
0.5561998203125 0.653852
0.5755135312499999 0.713293
0.5346065859375 0.6835724999999999
0.51301334375 0.713293
0.5539202890624999 0.7430135
0.5323270390624999 0.772734
0.49142009375 0.7430135
0.6164204843750001 0.7430135
0.5948272421875 0.772734
0.635734203125 0.8024545000000001
0.6141409531249999 0.832175
0.5732339921875 0.8024545
0.5516407343750001 0.832175
0.5107337812499999 0.8024545000000001
0.6789206796875 0.7430135
0.6573274453125 0.772734
0.7198276484375001 0.772734
0.7391413906250001 0.832175
0.6982344140625001 0.8024545
0.6766411718750001 0.832175
0.7175481484375 0.8618955
0.6959548984375 0.891616
0.655047921875 0.8618954999999999
0.7584551328125001 0.891616
0.777768875 0.951057
0.7368618828125001 0.9213365
0.7152686250000001 0.951057
0.674361640625 0.9213365
0.5925476953125 0.8618955
0.5709544296875 0.891616
0.5300474687500001 0.8618954999999999
0.6334546640625001 0.891616
0.6527683750000001 0.951057
0.6118613984375001 0.9213365
0.590268125 0.951057
0.54936115625 0.9213365
0.3039195078125 0.7430135
0.2823262265624999 0.772734
0.2414193125 0.7430135
0.3664197031249999 0.7430135
0.3448264296875 0.772734
0.385733359375 0.8024545000000001
0.364140078125 0.832175
0.3232331484375 0.8024545
0.301639859375 0.832175
0.2607329375 0.8024545000000001
0.4289198984375 0.7430135
0.4073266328125 0.772734
0.4698268359375 0.772734
0.489140515625 0.832175
0.4482335703125 0.8024545
0.426640296875 0.832175
0.4675472421875 0.8618955
0.4459539609375 0.891616
0.405047015625 0.8618954999999999
0.5084541953125 0.891616
0.527767875 0.951057
0.4868609140625 0.9213365
0.465267625 0.951057
0.424360671875 0.9213365
0.3425467890625 0.8618955
0.3209534921875 0.891616
0.2800465625 0.8618954999999999
0.3834537265625 0.891616
0.402767375 0.951057
0.3618604296875 0.9213365
0.340267125 0.951057
0.2993601875 0.9213365
0.14853987109375 0.5533382578124999
0.11360130859375 0.5419860078125001
0.1678534921875 0.612779265625
0.13291492578125 0.6014270234375
0.1172899765625 0.6495157968750001
0.08235141406249999 0.638163546875
0.09797636328124999 0.5900747734375
0.0630378046875 0.578722515625
0.18716711328125 0.6722202734375
0.15222854296875 0.6608680390624999
0.206480734375 0.73166128125
0.17154216015625 0.7203090546875
0.155917203125 0.76839784375
0.1209786328125 0.757045609375
0.13660358984375 0.7089568203125
0.1016650234375 0.697604578125
0.08604006640624998 0.7456933671874999
0.05110150390624998 0.7343411171874999
0.06672646093749998 0.6862523281249999
0.105353671875 0.80513440625
0.07041510546874999 0.7937821640625
0.05479014062499999 0.8418709687499999
0.01985157812499999 0.8305187187499998
0.03547654296874999 0.7824299140625
0.0005379843749999946 0.7710776562499999
0.01616294531249999 0.722988859375
0.04741285546874999 0.6268112890624999
0.01247430078125 0.6154590234374999
0.03178790234374999 0.6749000703125
-0.018775609375 0.71163659375
-0.003150652343750003 0.6635478046875001
-0.038089203125 0.6521955312500001
0.22579435546875 0.7911022890625
0.19085577734375 0.7797500703125
0.2451079765625 0.850543296875
0.21016939453125 0.8391910859375
0.1945444296875 0.8872798906249999
0.1596058515625 0.875927671875
0.17523081640625 0.8278388671875
0.1402922421875 0.816486640625
0.26442159765625 0.9099843046874999
0.22948301171875 0.8986321015624998
0.28373521875 0.9694253125000001
0.24879662890625 0.9580731171874999
0.23317165625 1.0061619375
0.1982330703125 0.994809734375
0.21385804296875 0.9467209140624999
0.1789194609375 0.935368703125
0.16329448828125 0.9834575234374999
0.12835591015625 0.9721053046874999
0.1439808828125 0.9240164843749998
0.18260809375 1.0428985625
0.14766951171875 1.0315463515625
0.13204453125 1.0796351875
0.09710595312499999 1.06828296875
0.11273093359375 1.0201941328125
0.07779235937499999 1.00884190625
0.0934173359375 0.9607530781249999
0.12466727734375 0.8645754453124999
0.08972870703124999 0.8532232109375
0.10904230859375 0.9126642578124999
0.058478765625 0.9494008437499999
0.07410373828124998 0.9013120234374998
0.03916517187499999 0.88995978125
0.02354019921875 0.9380486015624999
-0.01139836328125 0.9266963515625
0.004226609374999992 0.8786075312499999
0.04285378906249999 0.9974896718749998
0.007915222656249997 0.9861374296874998
-0.007709757812500004 1.034226265625
-0.0426483203125 1.022874015625
-0.02702333984375 0.9747851796875
-0.0619618984375 0.963432921875
-0.04633692187500001 0.91534409375
0.06216737890624999 1.0569307421875
0.02722880859374999 1.0455785078125
0.08148096874999999 1.1163718125
0.04654239453124999 1.1050195859375
0.03091740624999999 1.1531084375
-0.004021164062500008 1.141756203125
0.01160382421874999 1.0936673515625
-0.02333474218750001 1.082315109375
-0.03895973046875 1.1304039609375
-0.07389829296875 1.1190517109375
-0.0582733046875 1.070962859375
-0.01964615625000001 1.1898450625
-0.05458472265625 1.1784928203125
-0.07020971875000001 1.2265816875
-0.10514828125 1.2152294375
-0.08952328515624999 1.1671405703125
-0.12446184375 1.1557883125
-0.1088368515625 1.107699453125
-0.07758687890625 1.0115217578125
-0.11252543359375 1.0001694921875
-0.09690045312500001 0.95208065625
-0.09321186328125 1.0596106015625
-0.14377540625 1.0963471875
-0.12815041796875 1.0482583359375
-0.16308896875 1.0369060625
-0.147463984375 0.9888172187500001
-0.05371416015625 0.7002843203125
-0.08865270703125 0.6889320390625
-0.0344005703125 0.759725390625
-0.06933912109375001 0.7483731171875001
-0.0849640859375 0.796461921875
-0.1199026328125 0.785109640625
-0.10427766796875 0.7370208359375001
-0.1392162109375 0.725668546875
-0.01508698046875 0.8191664609374999
-0.05002553515625 0.8078141953125
-0.03071194921875 0.8672552734375
-0.0812754765625 0.903991828125
-0.06565050390625 0.8559030078124999
-0.1005890546875 0.8445507343750001
-0.11621402734375 0.8926395546875
-0.15115257421875 0.8812872734375
-0.1355276015625 0.8331984531250001
-0.13183900390625 0.9407283828125
-0.18240253125 0.9774649375000001
-0.16677755078125 0.9293761015625001
-0.20171609375 0.9180238125000001
-0.1860911171875 0.8699349843750001
-0.15484117578125 0.7737573515625
-0.18977971484375 0.7624050546875001
-0.17046614453125 0.8218461640625001
-0.22102965625 0.8585826875000001
-0.20540468359375 0.8104938671875002
-0.24034321875 0.7991415625
-0.25596819140625 0.8472301953125001
-0.29090672265625 0.8358776953125
-0.27528175 0.7877890624999999
-0.2366546328125 0.9066713281250001
-0.27159316796875 0.8953188359375001
-0.2872181484375 0.943407484375
-0.3221566796875 0.9320549843750001
-0.30653169921875 0.8839663359375001
-0.3414702265625 0.872613828125
-0.32584525 0.8245251874999999
-0.21734107421875 0.9661124609375
-0.25227961328125 0.9547599765625001
-0.198027515625 1.02555359375
-0.23296605859375 1.0142011171875
-0.248591046875 1.06228978125
-0.2835295859375 1.050937296875
-0.26790459765625 1.0028486328125
-0.3028431328125 0.991496140625
-0.31846812109375 1.0395848046875
-0.35340665234375 1.0282323046875
-0.3377816640625 0.9801436406250001
-0.299154578125 1.09902596875
-0.33409311328125 1.0876734765625
-0.349718109375 1.13576215625
-0.384656640625 1.12440965625
-0.36903164453125 1.0763209765625
-0.403970171875 1.06496846875
-0.3883451796875 1.016879796875
-0.35709520703125 0.9207024765625
-0.39203373046875 0.9093499609375
-0.37640875 0.8612613124999999
-0.37272019140625 0.9687911328125001
-0.423283703125 1.00552728125
-0.40765871484375 0.9574386171875
-0.442597234375 0.94608609375
-0.4269722499999999 0.8979974374999999
-0.17871395703125 1.0849947265625
-0.21365250390625 1.0736422578125
-0.1594003984375 1.144435859375
-0.19433894921875 1.1330833984375
-0.2099639453125 1.181172078125
-0.2449024921875 1.169819609375
-0.22927749609375 1.1217309296875
-0.2642160390625 1.110378453125
-0.14008683984375 1.2038769921875
-0.17502539453125 1.1925245390625
-0.12077328125 1.263318125
-0.15571183984375 1.2519656796875
-0.17133684375 1.300054375
-0.2062753984375 1.288701921875
-0.19065039453125 1.2406132265625
-0.2255889453125 1.229260765625
-0.24121394921875 1.2773494609375
-0.27615249609375 1.2659969921875
-0.2605274921875 1.217908296875
-0.22190040625 1.336790625
-0.25683895703125 1.3254381640625
-0.27246396875 1.373526875
-0.307402515625 1.36217440625
-0.29177750390625 1.3140856953125
-0.326716046875 1.30273321875
-0.3110910390625 1.254644515625
-0.27984103515625 1.1584671328125
-0.31477957421875 1.1471146484375
-0.29546603515625 1.2065558203125
-0.346029578125 1.24329203125
-0.33040457421875 1.1952033359375
-0.365343109375 1.18385084375
-0.38096811328125 1.2319395390625
-0.41590664453125 1.2205870390625
-0.400281640625 1.17249834375
-0.3616545859375 1.291380734375
-0.39659312109375 1.2800282421875
-0.4122181328125 1.328116953125
-0.4471566640625 1.316764453125
-0.43153165234375 1.2686757421875
-0.4664701796874999 1.257323234375
-0.450845171875 1.20923453125
-0.3423410585937501 1.3508219296875
-0.3772795976562501 1.3394694453125
-0.3230275312500001 1.410263125
-0.35796607421875 1.3989106484375
-0.37359109375 1.446999375
-0.4085296328125 1.435646890625
-0.39290461328125 1.3875581640625
-0.4278431484375 1.376205671875
-0.44346816796875 1.4242943984375
-0.47840669921875 1.4129418984375
-0.4627816796875 1.364853171875
-0.42415465625 1.483735625
-0.45909319140625 1.4723831328125
-0.47471821875 1.520471875
-0.50965675 1.509119375
-0.49403172265625 1.4610306328125
-0.52897025 1.449678125
-0.5133452265625 1.401589390625
-0.48209519140625 1.3054119453125
-0.5170337148437499 1.2940594296875
-0.501408703125 1.24597071875
-0.49772020703125 1.3535006640625
-0.54828375 1.390236875
-0.53265873046875 1.3421481484375
-0.5675972499999999 1.330795625
-0.551972234375 1.28270690625
-0.45822222265625 0.9941747578125
-0.49316073828125 0.9828222265625
-0.47753575 0.9347335624999999
-0.4389086953125 1.053615953125
-0.47384721484375 1.0422634296875
-0.4894722109375 1.090352109375
-0.5244107265625 1.078999578125
-0.50878573046875 1.0309108984375
-0.5437242421874999 1.019558359375
-0.52809925 0.9714696875
-0.41959516796875 1.1130571484375
-0.45453369140625 1.1017046328125
-0.43522016796875 1.1611458359375
-0.4857836953125 1.197882015625
-0.47015869140625 1.1497933203125
-0.5050972109375 1.138440796875
-0.52072221484375 1.1865294921875
-0.55566073046875 1.1751769609375
-0.5400357265625 1.127088265625
-0.53634722265625 1.2346181953125
-0.5869107499999999 1.271354375
-0.57128573828125 1.2232656640625
-0.6062242499999999 1.211913125
-0.5905992421874999 1.163824421875
-0.5593492382812499 1.0676470390625
-0.5942877460937499 1.0562944921875
-0.57866275 1.0082058125
-0.5749742382812499 1.1157357265625
-0.6255377499999999 1.152471875
-0.6099127460937499 1.1043831796875
-0.6448512499999999 1.093030625
-0.62922625 1.0449419375
-0.4104763046875 0.3717022265625
-0.4454148671875 0.3603499765625
-0.4297898125 0.31226125
-0.391162796875 0.431143203125
-0.4261013515625 0.4197909296875
-0.441726390625 0.4678796093749999
-0.476664953125 0.456527359375
-0.4610399140625 0.4084386796875
-0.495978484375 0.397086453125
-0.4803534375 0.34899775
-0.3718492890625 0.4905841796875
-0.4067878359375 0.4792318828125
-0.35253578125 0.55002515625
-0.3874743203125 0.5386728359374999
-0.40309934375 0.58676146875
-0.438037890625 0.5754091718750001
-0.4224128671875 0.5273205390625
-0.457351421875 0.515968265625
-0.4729764453125 0.5640568984375001
-0.5079150078125 0.5527046484375
-0.492289984375 0.504616015625
-0.4536629062500001 0.62349778125
-0.4886014609375 0.6121455078125
-0.50422646875 0.66023409375
-0.53916503125 0.6488818437499999
-0.5235400234374999 0.6007932578124999
-0.55847859375 0.58944103125
-0.542853578125 0.541352421875
-0.5116035234375 0.4451751328125
-0.5465421015625 0.4338229296875
-0.5309170624999999 0.3857342499999999
-0.5272285546875 0.4932637890625
-0.57779215625 0.5300002187499999
-0.5621671328125 0.4819115859374999
-0.59710571875 0.47055940625
-0.5814806875 0.42247075
-0.3332222734375 0.6094661328124999
-0.3681608046875 0.5981137890625
-0.313908765625 0.668907109375
-0.3488472890625 0.6575547421875
-0.364472296875 0.705643328125
-0.399410828125 0.694290984375
-0.3837858203125 0.6462023984375
-0.418724359375 0.6348500781249999
-0.2945952578125 0.7283480859375
-0.3295337734375 0.7169956953125
-0.3102202578125 0.7764366484374999
-0.360783765625 0.813172796875
-0.3451587734375 0.7650842578124999
-0.380097296875 0.7537318906249999
-0.3957222890625 0.8018204296875
-0.4306608203125 0.7904680859375
-0.415035828125 0.742379546875
-0.4113472734375 0.8499089453124999
-0.46191078125 0.8866450937499999
-0.4462858046875 0.8385566015624999
-0.48122434375 0.82720428125
-0.465599359375 0.779115765625
-0.4343493671875 0.6829386640624999
-0.4692879140625 0.6715863671875
-0.4499743671875 0.7310272265625
-0.5005379062500001 0.7677634687499999
-0.4849129140625 0.7196749296875
-0.51985146875 0.70832265625
-0.5354764609375 0.7564111953124999
-0.5704150234374999 0.7450589453124999
-0.55479003125 0.69697040625
-0.516162890625 0.815851984375
-0.5511014453124999 0.8044997109374999
-0.5667264218749999 0.8525882031249999
-0.6016649843749999 0.841235953125
-0.5860400078125 0.7931474609375
-0.620978578125 0.7817952343749999
-0.60535359375 0.7337067187499999
-0.4968493203125 0.8752927734375
-0.5317878671874999 0.8639404765624999
-0.5124742890625 0.9233812421875
-0.563037796875 0.960117390625
-0.5474128359374999 0.9120289453124999
-0.582351390625 0.9006766718749999
-0.5979763515625001 0.9487651171875
-0.6329149140625 0.9374128671874999
-0.617289953125 0.8893244218749999
-0.6136013046875 0.9968535390625
-0.6641648124999999 1.0335896875
-0.6485398671875 0.9855012890624999
-0.6834784375 0.9741490624999999
-0.6678534843749999 0.9260606406249999
-0.6366035546875 0.8298837265624999
-0.6715421328125 0.8185315234374999
-0.65591715625 0.7704430312499999
-0.6522285234375 0.8779721953124999
-0.7027920624999999 0.9147084375
-0.6871671015625 0.8666199921875
-0.7221056875 0.8552678124999999
-0.70648071875 0.8071793437499999
-0.6127307421875 0.5186480390624999
-0.6476693359375 0.5072958828124999
-0.6320443124999999 0.45920725
-0.593417171875 0.578088828125
-0.6283557578125 0.5667366484374999
-0.643980765625 0.6148252343749999
-0.6789193593749999 0.603473078125
-0.6632943515624999 0.5553844921875
-0.698232953125 0.5440323593750001
-0.6826079375 0.49594375
-0.5741036015625 0.6375296171875
-0.6090421796875 0.6261774140624999
-0.5897286015625 0.6856181796874999
-0.640292171875 0.722354515625
-0.6246671796875 0.6742659765624999
-0.659605765625 0.6629137968749998
-0.6752307578125 0.7110023359375
-0.7101693515624999 0.6996501796875
-0.6945443593749999 0.651561640625
-0.6908557421875 0.7590908515624999
-0.7414193124999999 0.7958271875
-0.7257943359375 0.7477386953125
-0.7607329375 0.7363865625
-0.745107953125 0.688298046875
-0.7138579609375 0.5921209453125
-0.7487965703124999 0.5807688359375001
-0.7331715624999999 0.5326802500000001
-0.7294829609375 0.6402095078125001
-0.7800465624999999 0.6769459375
-0.7644215703124999 0.6288573984375001
-0.7993601875 0.6175053125000001
-0.7837351875 0.56941675
-0.4803533359375 0.3122611953125
-0.4803532734375 0.2755246328125
-0.5309169218750001 0.348997703125
-0.5309168203125 0.3122611484375
-0.581480265625 0.312261109375
-0.5814802031249999 0.275524546875
-0.5309167578125 0.2755245859375
-0.5309167343750001 0.238788015625
-0.5814805078124999 0.3857342109375
-0.5814803671875 0.3489976640625
-0.63204409375 0.42247071875
-0.6320439140624999 0.3857341796875
-0.6826072812499999 0.38573415625
-0.6826071406249998 0.348997609375
-0.6320437734375 0.3489976328125
-0.632043671875 0.312261078125
-0.6826070390624999 0.3122610546875
-0.6826069765624999 0.2755244921875
-0.6320436093749999 0.275524515625
-0.7331704687499998 0.3489975937499999
-0.7331703671874998 0.3122610390625
-0.7837336562499999 0.3122610312499999
-0.7837335937499998 0.27552446875
-0.7331703046874999 0.2755244765625
-0.7331702812499998 0.23878790625
-0.6826069531249999 0.238787921875
-0.5814801796875 0.2387879765625
-0.5814801953125001 0.2020513984375
-0.6320435859375 0.2387879453125
-0.68260696875 0.20205134375
-0.6320436015625001 0.2020513671875
-0.63204365625 0.16531478125
-0.6826076796875 0.4592072265625
-0.6826074609375 0.4224706953125
-0.733171265625 0.495943734375
-0.7331710078125 0.4592072109375
-0.783734296875 0.459207203125
-0.783734078125 0.422470671875
-0.7331707890625 0.4224706796875
-0.7331706093749999 0.3857341406249999
-0.7837348515625 0.5326802421875001
-0.7837345546875 0.4959437265625
-0.8342984375 0.56941675
-0.8342981015624999 0.5326802421875001
-0.8848613124999999 0.5326802500000001
-0.8848610156249999 0.495943734375
-0.8342978046875 0.4959437265625
-0.834297546875 0.459207203125
-0.8848607578124998 0.4592072109375
-0.8848605390625 0.4224706796875
-0.8342973281249999 0.422470671875
-0.9354241874999999 0.49594375
-0.9354239296874999 0.4592072265625
-0.9859870624999999 0.45920725
-0.9859868437499999 0.42247071875
-0.9354237109374999 0.4224706953125
-0.9354235312499999 0.38573415625
-0.884860359375 0.3857341406249999
-0.7837338984375 0.3857341328124999
-0.7837337578124999 0.3489975859375
-0.8342971484374999 0.3857341328124999
-0.8848602187499999 0.3489975937499999
-0.8342970078124998 0.3489975859375
-0.8342969062499999 0.3122610312499999
-0.8848601171874999 0.3122610390625
-0.8848600546874998 0.2755244765625
-0.8342968437499998 0.27552446875
-0.9354233906249999 0.348997609375
-0.9354232890624999 0.3122610546875
-0.985986421875 0.312261078125
-0.985986359375 0.275524515625
-0.9354232265625 0.2755244921875
-0.9354232031249998 0.238787921875
-0.8848600312499999 0.23878790625
-0.9859866640624999 0.3857341796875
-0.9859865234374999 0.3489976328125
-1.0365499375 0.42247075
-1.0365497578125 0.3857342109375
-1.0871128125 0.3857342499999999
-1.087112671875 0.348997703125
-1.0365496171875 0.3489976640625
-1.036549515625 0.312261109375
-1.0871125703125 0.3122611484375
-1.0871125078125 0.2755245859375
-1.036549453125 0.275524546875
-1.1376756875 0.34899775
-1.1376755859375 0.3122611953125
-1.1882385625 0.31226125
-1.1882385 0.2755246875
-1.1376755234375 0.2755246328125
-1.1376755 0.2387880625
-1.087112484375 0.238788015625
-0.9859863359374998 0.2387879453125
-0.9859863515624998 0.2020513671875
-0.9354232187499998 0.20205134375
-1.0365494296875 0.2387879765625
-1.0871125 0.2020514375
-1.0365494453125 0.2020513984375
-1.0365495 0.1653148125
-0.9859864062499999 0.16531478125
-0.6826070234375 0.1653147578125
-0.6826071171875 0.1285781640625
-0.733170296875 0.202051328125
-0.7331703515625 0.1653147421875
-0.7837336406249999 0.165314734375
-0.7837337343749999 0.128578140625
-0.7331704453125 0.1285781484375
-0.733170578125 0.09184154687500001
-0.7837335703124998 0.2387878984375
-0.7837335859374999 0.2020513203125
-0.8342968203124999 0.2387878984375
-0.8848600468749999 0.202051328125
-0.8342968359374998 0.2020513203125
-0.8342968906249999 0.165314734375
-0.8848601015624999 0.1653147421875
-0.8848601953124999 0.1285781484375
-0.8342969843749999 0.128578140625
-0.9354232734374999 0.1653147578125
-0.9859864999999999 0.1285781875
-0.9354233671874999 0.1285781640625
-0.9354235 0.0918415625
-0.8848603281249998 0.09184154687500001
-0.7837338671874999 0.0918415390625
-0.7837340390624999 0.0551049296875
-0.8342971171874999 0.0918415390625
-0.8848604999999998 0.05510493750000001
-0.8342972890624999 0.0551049296875
-0.8342974999999999 0.0183683125
-0.8848605468749999 0.01836836718750001
-0.8848605468749999 -0.01836819531249999
-0.8342974999999999 -0.01836825
-0.9354235937499999 0.05510498437500001
-0.9354236406249998 0.0183684140625
-0.9859867812499998 0.01836845312500001
-0.9859867812499998 -0.01836810937499999
-0.9354236406249998 -0.0183681484375
-0.9354235937499999 -0.05510470312499999
-0.8848604999999998 -0.05510474999999999
-0.985986640625 0.09184160156250001
-0.985986734375 0.05510502343750001
-1.0365496875 0.12857821875
-1.036549828125 0.09184163281250002
-1.0871130625 0.09184165625000001
-1.08711315625 0.05510507812500001
-1.036549921875 0.05510505468750001
-1.03654996875 0.018368484375
-1.087113203125 0.0183685078125
-1.087113203125 -0.0183680546875
-1.03654996875 -0.018368078125
-1.1376764375 0.05510509375000001
-1.137676484375 0.01836852343750001
-1.1882398125 0.01836853125000001
-1.1882398125 -0.01836803124999999
-1.137676484375 -0.01836803906249999
-1.1376764375 -0.05510459374999999
-1.08711315625 -0.055104609375
-0.985986734375 -0.05510466406249999
-0.985986640625 -0.09184121093749999
-0.9354235 -0.09184124999999999
-1.036549921875 -0.05510463281249999
-1.0871130625 -0.09184115625
-1.036549828125 -0.0918411796875
-1.0365496875 -0.12857771875
-0.9859864999999999 -0.12857775
-1.087112734375 0.1653148359375
-1.087112921875 0.1285782421875
-1.13767578125 0.202051453125
-1.137676015625 0.1653148515625
-1.18823934375 0.165314859375
-1.18823953125 0.128578265625
-1.137676203125 0.1285782578125
-1.13767634375 0.091841671875
-1.188238828125 0.2387880703125
-1.188239109375 0.2020514609375
-1.238801875 0.2755246875
-1.238802203125 0.2387880703125
-1.289365625 0.2387880625
-1.28936590625 0.202051453125
-1.238802484375 0.2020514609375
-1.23880271875 0.165314859375
-1.289366140625 0.1653148515625
-1.289366328125 0.1285782578125
-1.23880290625 0.128578265625
-1.339929375 0.2020514375
-1.339929609375 0.1653148359375
-1.390493125 0.1653148125
-1.3904933125 0.12857821875
-1.339929796875 0.1285782421875
-1.3399299375 0.09184165625000001
-1.28936646875 0.091841671875
-1.188239671875 0.09184167968750001
-1.188239765625 0.05510510156250002
-1.238803046875 0.09184167968750001
-1.2893665625 0.05510509375000001
-1.238803140625 0.05510510156250002
-1.2388031875 0.01836853125000001
-1.289366609375 0.01836852343750001
-1.289366609375 -0.01836803906249999
-1.2388031875 -0.01836803124999999
-1.33993003125 0.05510507812500001
-1.339930078125 0.0183685078125
-1.39049359375 0.018368484375
-1.39049359375 -0.018368078125
-1.339930078125 -0.0183680546875
-1.33993003125 -0.055104609375
-1.2893665625 -0.05510459374999999
-1.390493453125 0.09184163281250002
-1.390493546875 0.05510505468750001
-1.441056875 0.1285781875
-1.441057015625 0.09184160156250001
-1.491620625 0.0918415625
-1.49162071875 0.05510498437500001
-1.441057109375 0.05510502343750001
-1.44105715625 0.01836845312500001
-1.491620765625 0.0183684140625
-1.491620765625 -0.0183681484375
-1.44105715625 -0.01836810937499999
-1.542184375 0.05510493750000001
-1.542184421875 0.01836836718750001
-1.592748125 0.0183683125
-1.592748125 -0.01836825
-1.542184421875 -0.01836819531249999
-1.542184375 -0.05510474999999999
-1.49162071875 -0.05510470312499999
-1.390493546875 -0.05510463281249999
-1.390493453125 -0.0918411796875
-1.3399299375 -0.09184115625
-1.441057109375 -0.05510466406249999
-1.491620625 -0.09184124999999999
-1.441057015625 -0.09184121093749999
-1.441056875 -0.12857775
-1.3904933125 -0.12857771875
-1.087112921875 -0.1285776953125
-1.087112734375 -0.1653142265625
-1.0365495 -0.16531425
-1.13767634375 -0.091841140625
-1.137676203125 -0.1285776796875
-1.18823953125 -0.128577671875
-1.18823934375 -0.165314203125
-1.137676015625 -0.1653142109375
-1.13767578125 -0.202050734375
-1.0871125 -0.20205075
-1.188239765625 -0.0551045859375
-1.188239671875 -0.0918411328125
-1.238803140625 -0.0551045859375
-1.28936646875 -0.091841140625
-1.238803046875 -0.0918411328125
-1.23880290625 -0.128577671875
-1.289366328125 -0.1285776796875
-1.289366140625 -0.1653142109375
-1.23880271875 -0.165314203125
-1.339929796875 -0.1285776953125
-1.390493125 -0.16531425
-1.339929609375 -0.1653142265625
-1.339929375 -0.20205075
-1.28936590625 -0.202050734375
-1.188239109375 -0.2020507265625
-1.188238828125 -0.2387872421875
-1.1376755 -0.23878725
-1.238802484375 -0.2020507265625
-1.289365625 -0.23878725
-1.238802203125 -0.2387872421875
-1.238801875 -0.27552375
-1.1882385 -0.27552375
-0.4803532734375 -0.275524625
-0.4803533359375 -0.3122611875
-0.4297898125 -0.31226125
-0.5309167343750001 -0.238788
-0.5309167578125 -0.2755245625
-0.5814802031249999 -0.2755245000000001
-0.581480265625 -0.3122610625
-0.5309168203125001 -0.312261125
-0.5309169218750001 -0.3489976875
-0.4803534375 -0.34899775
-0.5814801953125001 -0.202051375
-0.5814801796875 -0.2387879375
-0.63204365625 -0.16531475
-0.6320436015625001 -0.2020513125
-0.68260696875 -0.20205125
-0.6826069531250001 -0.2387878125
-0.6320435859375 -0.238787875
-0.6320436093749999 -0.2755244375
-0.6826069765625 -0.275524375
-0.6826070390625001 -0.3122609375
-0.632043671875 -0.312261
-0.7331702812500001 -0.23878775
-0.7331703046875 -0.2755243125
-0.7837335937500001 -0.27552425
-0.7837336562499999 -0.3122608125
-0.7331703671875001 -0.312260875
-0.73317046875 -0.3489974375
-0.6826071406250001 -0.3489975
-0.5814803671875 -0.348997625
-0.5814805078125 -0.3857341875
-0.5309170624999999 -0.3857342499999999
-0.6320437734375 -0.3489975625
-0.6826072812499999 -0.3857340625
-0.6320439140625 -0.385734125
-0.63204409375 -0.4224706875
-0.5814806875 -0.42247075
-0.6826071171875 -0.128578125
-0.6826070234375 -0.1653146875
-0.733170578125 -0.09184149999999999
-0.7331704453125 -0.1285780625
-0.7837337343749999 -0.128578
-0.7837336406249999 -0.1653145625
-0.7331703515625 -0.165314625
-0.733170296875 -0.2020511875
-0.7837340390624999 -0.055104875
-0.7837338671874999 -0.0918414375
-0.8342972890624999 -0.0551048125
-0.8848603281249998 -0.09184131249999999
-0.8342971171874999 -0.091841375
-0.8342969843749999 -0.1285779375
-0.8848601953124998 -0.128577875
-0.8848601015624998 -0.1653144375
-0.8342968906249999 -0.1653145
-0.9354233671874999 -0.1285778125
-0.9859864062499999 -0.1653143125
-0.9354232734374999 -0.165314375
-0.9354232187499998 -0.2020509375
-0.8848600468749999 -0.202051
-0.7837335859375 -0.202051125
-0.7837335703125 -0.2387876875
-0.8342968359374999 -0.2020510625
-0.8848600312499999 -0.2387875625
-0.8342968203125 -0.238787625
-0.83429684375 -0.2755241875
-0.8848600546875 -0.275524125
-0.8848601171874999 -0.3122606875
-0.8342969062499999 -0.31226075
-0.9354232031249998 -0.2387875
-0.9354232265625 -0.2755240625
-0.985986359375 -0.275524
-0.985986421875 -0.3122605625
-0.9354232890624999 -0.312260625
-0.9354233906249999 -0.3489971875
-0.8848602187499999 -0.34899725
-0.9859863515624998 -0.202050875
-0.9859863359374998 -0.2387874375
-1.0365494453125 -0.2020508125
-1.087112484375 -0.2387873125
-1.0365494296875 -0.238787375
-1.036549453125 -0.2755239375
-1.0871125078125 -0.275523875
-1.0871125703125 -0.3122604375
-1.036549515625 -0.3122604999999999
-1.1376755234375 -0.2755238125
-1.1882385625 -0.3122603125
-1.1376755859375 -0.312260375
-1.1376756875 -0.3489969375
-1.087112671875 -0.348997
-0.9859865234374999 -0.348997125
-0.9859866640624999 -0.3857336875
-0.9354235312499999 -0.38573375
-1.0365496171875 -0.3489970625
-1.0871128125 -0.3857335625
-1.0365497578125 -0.385733625
-1.0365499375 -0.4224701875
-0.9859868437499999 -0.42247025
-0.6826074609374999 -0.422470625
-0.6826076796875 -0.4592071875
-0.6320443124999999 -0.45920725
-0.7331706093749999 -0.385734
-0.7331707890624999 -0.4224705625
-0.783734078125 -0.4224705
-0.783734296875 -0.4592070625
-0.7331710078125 -0.459207125
-0.733171265625 -0.4959436875
-0.6826079375 -0.49594375
-0.7837337578125 -0.3489973749999999
-0.7837338984375 -0.3857339375
-0.8342970078124999 -0.3489973125
-0.884860359375 -0.3857338125
-0.8342971484374999 -0.385733875
-0.8342973281249999 -0.4224704375
-0.8848605390625 -0.422470375
-0.8848607578125 -0.4592069375
-0.834297546875 -0.459207
-0.9354237109374999 -0.4224703125
-0.9859870624999999 -0.4592068125000001
-0.9354239296875 -0.459206875
-0.9354241874999999 -0.4959434375
-0.8848610156249999 -0.4959435
-0.7837345546874999 -0.495943625
-0.7837348515625 -0.5326801875
-0.7331715624999999 -0.5326802500000001
-0.8342978046874999 -0.4959435625
-0.8848613124999999 -0.5326800625000001
-0.8342981015624999 -0.5326801249999999
-0.8342984375 -0.5694166875
-0.7837351875 -0.56941675
-0.4454148671875 -0.360349921875
-0.4104763046875 -0.371702109375
-0.495978484375 -0.39708640625
-0.4610399140624999 -0.408438578125
-0.476664953125 -0.45652721875
-0.441726390625 -0.46787940625
-0.4261013515625 -0.419790765625
-0.391162796875 -0.43114296875
-0.5465421015625 -0.433822890625
-0.5116035234375 -0.445175046875
-0.59710571875 -0.470559375
-0.5621671328125 -0.481911515625
-0.57779215625 -0.5300001249999999
-0.542853578125 -0.54135228125
-0.5272285546875 -0.493263671875
-0.492289984375 -0.5046158437499999
-0.5079150078125001 -0.5527044531249999
-0.4729764453125 -0.5640566406249999
-0.457351421875 -0.5159680312499999
-0.55847859375 -0.589440875
-0.5235400234375001 -0.6007930468749999
-0.53916503125 -0.6488816249999999
-0.50422646875 -0.6602338124999999
-0.4886014609375 -0.6121452343749999
-0.4536629062500001 -0.6234974375
-0.438037890625 -0.57540884375
-0.4067878359375 -0.479231609375
-0.3718492890625 -0.490583828125
-0.4224128671875 -0.527320234375
-0.40309934375 -0.5867610624999999
-0.3874743203125 -0.538672453125
-0.35253578125 -0.5500246875
-0.6476693359375 -0.507295859375
-0.6127307421875 -0.518647984375
-0.698232953125 -0.5440323437500001
-0.6632943515625001 -0.5553844531250001
-0.678919359375 -0.6034730312500001
-0.6439807656250001 -0.61482515625
-0.6283557578125 -0.566736578125
-0.593417171875 -0.5780887187499999
-0.7487965703125 -0.5807688281250001
-0.7138579609375 -0.5921209218750001
-0.7993601875 -0.6175053125000001
-0.7644215703125 -0.6288573906250001
-0.7800465624999999 -0.6769459375
-0.745107953125 -0.68829803125
-0.7294829609375 -0.6402094843750001
-0.694544359375 -0.6515615937500001
-0.7101693515625001 -0.699650140625
-0.6752307578125 -0.711002265625
-0.6596057656250001 -0.66291371875
-0.7607329375 -0.7363865625
-0.7257943359375 -0.747738671875
-0.7414193124999999 -0.7958271875
-0.70648071875 -0.8071793125
-0.6908557421875 -0.759090796875
-0.65591715625 -0.7704429375
-0.640292171875 -0.72235440625
-0.6090421796875 -0.6261772968749999
-0.5741036015625 -0.637529453125
-0.6246671796875 -0.6742658593749999
-0.60535359375 -0.7337065625
-0.5897286015625 -0.685618015625
-0.55479003125 -0.6969701874999999
-0.5704150234374999 -0.745058734375
-0.5354764609375 -0.756410921875
-0.51985146875 -0.7083223749999999
-0.620978578125 -0.78179509375
-0.5860400078125 -0.793147265625
-0.6016649843749999 -0.84123578125
-0.5667264218749999 -0.85258796875
-0.5511014453124999 -0.804499453125
-0.516162890625 -0.81585165625
-0.5005379062500001 -0.767763125
-0.6715421328125 -0.8185314531250001
-0.6366035546875 -0.8298836093750001
-0.7221056875 -0.8552678124999999
-0.6871671015625 -0.8666199531250001
-0.7027920624999999 -0.9147084375
-0.6678534843749999 -0.9260605937499999
-0.6522285234375 -0.877972109375
-0.617289953125 -0.88932428125
-0.6329149140624999 -0.937412765625
-0.5979763515625 -0.948764953125
-0.582351390625 -0.90067646875
-0.6834784375 -0.9741490624999999
-0.6485398671875 -0.9855012343749999
-0.6641648124999999 -1.0335896875
-0.62922625 -1.044941875
-0.6136013046875 -0.9968534218749999
-0.57866275 -1.008205625
-0.563037796875 -0.9601171562499999
-0.5317878671874999 -0.8639401718749999
-0.4968493203125 -0.875292390625
-0.48122434375 -0.827203875
-0.5474128359374999 -0.9120286718749999
-0.52809925 -0.971469375
-0.5124742890625 -0.923380890625
-0.47753575 -0.9347331249999999
-0.46191078125 -0.886644625
-0.3681608046875 -0.598113296875
-0.3332222734375 -0.609465546875
-0.418724359375 -0.6348496562499999
-0.3837858203125 -0.646201890625
-0.399410828125 -0.69429046875
-0.364472296875 -0.7056427187500001
-0.3488472890625 -0.6575541406250001
-0.313908765625 -0.6689064062500001
-0.4692879140625 -0.671586015625
-0.4343493671875001 -0.682938234375
-0.4849129140625 -0.719674578125
-0.465599359375 -0.77911534375
-0.4499743671875001 -0.7310267968750001
-0.415035828125 -0.74237903125
-0.4306608203125 -0.790467578125
-0.3957222890625 -0.801819828125
-0.380097296875 -0.7537312812500001
-0.4462858046875 -0.838556109375
-0.4269722499999999 -0.897996875
-0.4113472734375 -0.849908359375
-0.37640875 -0.861260625
-0.360783765625 -0.81317209375
-0.3295337734375 -0.7169949843750001
-0.2945952578125 -0.7283472656250001
-0.3451587734375 -0.7650835468750001
-0.32584525 -0.824524375
-0.3102202578125 -0.7764358281250001
-0.27528175 -0.7877881250000001
-0.29090672265625 -0.8358768750000001
-0.25596819140625 -0.847229375
-0.24034321875 -0.7991406249999999
-0.3414702265625 -0.872613125
-0.30653169921875 -0.8839656250000001
-0.3221566796874999 -0.9320543750000001
-0.2872181484374999 -0.943406875
-0.27159316796875 -0.895318125
-0.2366546328125 -0.9066706250000001
-0.22102965625 -0.858581875
-0.39203373046875 -0.909349375
-0.35709520703125 -0.920701875
-0.442597234375 -0.946085625
-0.40765871484375 -0.957438125
-0.423283703125 -1.005526875
-0.3883451796875 -1.016879375
-0.37272019140625 -0.968790625
-0.3377816640625 -0.9801431250000001
-0.35340665234375 -1.028231875
-0.31846812109375 -1.039584375
-0.3028431328125 -0.9914956250000001
-0.403970171875 -1.064968125
-0.36903164453125 -1.076320625
-0.384656640625 -1.124409375
-0.349718109375 -1.135761875
-0.33409311328125 -1.087673125
-0.299154578125 -1.099025625
-0.2835295859375 -1.050936875
-0.25227961328125 -0.9547593750000001
-0.21734107421875 -0.966111875
-0.20171609375 -0.9180231249999999
-0.26790459765625 -1.002848125
-0.248591046875 -1.062289375
-0.23296605859375 -1.014200625
-0.198027515625 -1.025553125
-0.18240253125 -0.9774643750000001
-0.49316073828125 -0.982821875
-0.45822222265625 -0.9941743749999999
-0.5437242421874999 -1.019558125
-0.50878573046875 -1.030910625
-0.5244107265625 -1.078999375
-0.4894722109375 -1.090351875
-0.47384721484375 -1.042263125
-0.4389086953125 -1.053615625
-0.5942877460937499 -1.056294375
-0.5593492382812499 -1.067646875
-0.6448512499999999 -1.093030625
-0.6099127460937499 -1.104383125
-0.6255377499999999 -1.152471875
-0.5905992421874999 -1.163824375
-0.5749742382812499 -1.115735625
-0.5400357265625 -1.127088125
-0.55566073046875 -1.175176875
-0.52072221484375 -1.186529375
-0.5050972109375 -1.138440625
-0.6062242499999999 -1.211913125
-0.57128573828125 -1.223265625
-0.5869107499999999 -1.271354375
-0.551972234375 -1.282706875
-0.53634722265625 -1.234618125
-0.501408703125 -1.245970625
-0.4857836953125 -1.197881875
-0.45453369140625 -1.101704375
-0.41959516796875 -1.113056875
-0.47015869140625 -1.149793125
-0.450845171875 -1.209234375
-0.43522016796875 -1.161145625
-0.400281640625 -1.172498125
-0.41590664453125 -1.220586875
-0.38096811328125 -1.231939375
-0.365343109375 -1.183850625
-0.4664701796874999 -1.257323125
-0.43153165234375 -1.268675625
-0.4471566640625 -1.316764375
-0.4122181328125 -1.328116875
-0.39659312109375 -1.280028125
-0.3616545859375 -1.291380625
-0.346029578125 -1.243291875
-0.5170337148437499 -1.294059375
-0.48209519140625 -1.305411875
-0.5675972499999999 -1.330795625
-0.53265873046875 -1.342148125
-0.54828375 -1.390236875
-0.5133452265625 -1.401589375
-0.49772020703125 -1.353500625
-0.4627816796874999 -1.364853125
-0.47840669921875 -1.412941875
-0.44346816796875 -1.424294375
-0.4278431484374999 -1.376205625
-0.52897025 -1.449678125
-0.49403172265625 -1.461030625
-0.50965675 -1.509119375
-0.47471821875 -1.520471875
-0.45909319140625 -1.472383125
-0.42415465625 -1.483735625
-0.4085296328125 -1.435646875
-0.37727959765625 -1.339469375
-0.34234105859375 -1.350821875
-0.326716046875 -1.302733125
-0.39290461328125 -1.387558125
-0.37359109375 -1.446999375
-0.35796607421875 -1.398910625
-0.3230275312500001 -1.410263125
-0.307402515625 -1.362174375
-0.21365250390625 -1.073641875
-0.17871395703125 -1.084994375
-0.16308896875 -1.036905625
-0.2642160390625 -1.110378125
-0.22927749609375 -1.121730625
-0.2449024921875 -1.169819375
-0.2099639453125 -1.181171875
-0.19433894921875 -1.133083125
-0.1594003984375 -1.144435625
-0.14377540625 -1.096346875
-0.31477957421875 -1.147114375
-0.27984103515625 -1.158466875
-0.33040457421875 -1.195203125
-0.3110910390625 -1.254644375
-0.29546603515625 -1.206555625
-0.2605274921875 -1.217908125
-0.27615249609375 -1.265996875
-0.24121394921875 -1.277349375
-0.2255889453125 -1.229260625
-0.29177750390625 -1.314085625
-0.27246396875 -1.373526875
-0.25683895703125 -1.325438125
-0.22190040625 -1.336790625
-0.2062753984375 -1.288701875
-0.17502539453125 -1.192524375
-0.14008683984375 -1.203876875
-0.12446184375 -1.155788125
-0.19065039453125 -1.240613125
-0.17133684375 -1.300054375
-0.15571183984375 -1.251965625
-0.12077328125 -1.263318125
-0.10514828125 -1.215229375
0.11360130859375 -0.5419858906249999
0.14853987109375 -0.5533382031249999
0.1641648125 -0.5052494999999999
0.0630378046875 -0.5787222812499999
0.09797636328125001 -0.590074609375
0.08235141406249999 -0.6381633437500001
0.1172899765625 -0.64951565625
0.13291492578125 -0.6014269218749999
0.1678534921875 -0.6127792187500001
0.1834784375 -0.5646905
0.01247430078125 -0.615458671875
0.04741285546875 -0.626811015625
-0.038089203125 -0.6521950625
-0.003150652343749999 -0.663547421875
-0.018775609375 -0.7116361875
0.0161629453125 -0.72298853125
0.03178790234375 -0.674899765625
0.0667264609375 -0.6862520937500001
0.05110150390625 -0.734340859375
0.08604006640624999 -0.7456931718750001
0.1016650234375 -0.69760440625
0.000537984374999999 -0.7710773125
0.03547654296875 -0.782429640625
0.019851578125 -0.8305184375000001
0.054790140625 -0.84187075
0.07041510546874999 -0.7937819531250001
0.105353671875 -0.8051342500000001
0.1209786328125 -0.7570454687500001
0.15222854296875 -0.6608679531250001
0.18716711328125 -0.6722202343750001
0.2027920625 -0.6241315000000001
0.13660358984375 -0.7089567031250001
0.155917203125 -0.7683977500000001
0.17154216015625 -0.7203089843750001
0.206480734375 -0.7316612499999999
0.2221056875 -0.6835724999999999
-0.08865270703125 -0.6889314531250001
-0.05371416015625 -0.7002838281250001
-0.1392162109375 -0.7256678437499999
-0.10427766796875 -0.7370202343750001
-0.1199026328125 -0.78510903125
-0.0849640859375 -0.7964614062499999
-0.06933912109375001 -0.7483726093750001
-0.0344005703125 -0.7597249687500001
-0.18977971484375 -0.7624042343749999
-0.15484117578125 -0.7737566406249999
-0.20540468359375 -0.810493046875
-0.1860911171875 -0.8699342812499999
-0.17046614453125 -0.8218454531249999
-0.1355276015625 -0.8331978437500001
-0.15115257421875 -0.8812866718750001
-0.11621402734375 -0.8926390468750001
-0.1005890546875 -0.84455021875
-0.16677755078125 -0.9293755156250001
-0.147463984375 -0.98881675
-0.13183900390625 -0.9407278906250001
-0.09690045312500001 -0.9520802500000001
-0.0812754765625 -0.9039914062500001
-0.05002553515625 -0.807813765625
-0.01508698046875 -0.819166109375
-0.06565050390625 -0.855902578125
-0.046336921875 -0.9153437500000001
-0.03071194921875 -0.8672549218750001
0.004226609374999997 -0.8786072500000002
-0.01139836328125 -0.9266960781250001
0.02354019921875 -0.938048390625
0.039165171875 -0.8899595625000001
-0.0619618984375 -0.9634325937500001
-0.02702333984375 -0.974784921875
-0.0426483203125 -1.02287378125
-0.007709757812500004 -1.03422609375
0.007915222656249997 -0.986137234375
0.04285378906249999 -0.99748953125
0.058478765625 -0.9494006875
-0.11252543359375 -1.000169109375
-0.07758687890624999 -1.011521453125
-0.12815041796875 -1.048257984375
-0.1088368515625 -1.10769921875
-0.09321186328125 -1.059610328125
-0.0582733046875 -1.07096265625
-0.07389829296875 -1.119051546875
-0.03895973046875 -1.130403859375
-0.02333474218750001 -1.08231496875
-0.08952328515624999 -1.167140453125
-0.07020971875000001 -1.2265816875
-0.05458472265625 -1.178492765625
-0.01964615625000001 -1.1898450625
-0.004021164062500008 -1.14175615625
0.02722880859374999 -1.045578390625
0.06216737890624999 -1.056930671875
0.07779235937499999 -1.0088418125
0.01160382421874999 -1.093667265625
0.03091740624999999 -1.1531084375
0.04654239453124999 -1.105019546875
0.08148096874999999 -1.1163718125
0.09710595312499999 -1.0682829375
0.19085577734375 -0.779750015625
0.22579435546875 -0.791102265625
0.2414193125 -0.7430135
0.1402922421875 -0.81648653125
0.17523081640625 -0.8278387968750001
0.1596058515625 -0.87592759375
0.1945444296875 -0.88727984375
0.21016939453125 -0.839191046875
0.2451079765625 -0.85054328125
0.2607329375 -0.8024545000000001
0.08972870703124999 -0.8532230468749999
0.12466727734375 -0.8645753281249999
0.07410373828125 -0.901311859375
0.09341733593749998 -0.9607529687499999
0.10904230859375 -0.912664140625
0.1439808828125 -0.92401640625
0.12835591015625 -0.972105234375
0.16329448828125 -0.983457484375
0.1789194609375 -0.9353686562500001
0.11273093359375 -1.020194078125
0.13204453125 -1.0796351875
0.14766951171875 -1.031546328125
0.18260809375 -1.0428985625
0.1982330703125 -0.99480971875
0.22948301171875 -0.898632078125
0.26442159765625 -0.909984296875
0.2800465625 -0.8618954999999999
0.21385804296875 -0.946720890625
0.23317165625 -1.0061619375
0.24879662890625 -0.958073109375
0.28373521875 -0.9694253125000001
0.2993601875 -0.9213365
0.2050716953125 -0.5349699999999999
0.2266649453125 -0.5052494999999999
0.224385328125 -0.594411
0.2459785859375 -0.5646905
0.2868854843749999 -0.594411
0.308478734375 -0.5646905
0.2675718359375 -0.5349699999999999
0.289165078125 -0.5052494999999999
0.2436989609375 -0.653852
0.2652922265625 -0.6241315000000001
0.26301259375 -0.713293
0.2846058671875 -0.6835724999999999
0.3255127812499999 -0.713293
0.347106046875 -0.6835724999999999
0.3061991328125 -0.653852
0.327792390625 -0.6241315000000001
0.3686993046875 -0.653852
0.3902925546875 -0.6241315000000001
0.349385640625 -0.594411
0.38801296875 -0.713293
0.4096062265625 -0.6835724999999999
0.45051315625 -0.713293
0.47210640625 -0.6835724999999999
0.4311994765625 -0.653852
0.4527927187499999 -0.6241315000000001
0.4118857968749999 -0.594411
0.3300719765625 -0.5349699999999999
0.3516652109375 -0.5052494999999999
0.3709788828125 -0.5646905
0.43347903125 -0.5646905
0.3925721171875 -0.5349699999999999
0.41416534375 -0.5052494999999999
0.2823262265624999 -0.772734
0.3039195078125 -0.7430135
0.301639859375 -0.8321750000000001
0.3232331484375 -0.8024545000000001
0.364140078125 -0.8321750000000001
0.385733359375 -0.8024545000000001
0.3448264296875 -0.772734
0.3664197031249999 -0.7430135
0.3209534921875 -0.891616
0.3425467890625 -0.8618955
0.340267125 -0.951057
0.3618604296875 -0.9213365
0.402767375 -0.951057
0.424360671875 -0.9213365
0.3834537265625 -0.891616
0.405047015625 -0.8618955000000001
0.4459539609375 -0.8916160000000001
0.4675472421875 -0.8618955000000001
0.426640296875 -0.8321750000000001
0.465267625 -0.951057
0.4868609140625 -0.9213365
0.527767875 -0.951057
0.54936115625 -0.9213365
0.5084541953125 -0.891616
0.5300474687500001 -0.8618954999999999
0.489140515625 -0.8321750000000001
0.4073266328124999 -0.772734
0.4289198984375 -0.7430135
0.4482335703125 -0.8024545000000001
0.5107337812499999 -0.8024545000000001
0.4698268359375 -0.772734
0.49142009375 -0.7430135
0.5323270390624999 -0.772734
0.5539202890624999 -0.7430135
0.51301334375 -0.713293
0.5516407343750001 -0.8321750000000001
0.5732339921875 -0.8024545000000001
0.6141409531249999 -0.8321750000000001
0.635734203125 -0.8024545000000001
0.5948272421875 -0.772734
0.6164204843750001 -0.7430135
0.5755135312499999 -0.713293
0.5709544296875 -0.891616
0.5925476953125 -0.8618955
0.590268125 -0.951057
0.6118613984375001 -0.9213365
0.6527683750000001 -0.951057
0.674361640625 -0.9213365
0.6334546640625001 -0.891616
0.655047921875 -0.8618955000000001
0.6959548984375 -0.8916160000000001
0.7175481484375 -0.8618955000000001
0.6766411718750001 -0.8321750000000001
0.7152686250000001 -0.951057
0.7368618828125001 -0.9213365
0.777768875 -0.951057
0.799362125 -0.9213365
0.7584551328125001 -0.891616
0.7800483750000001 -0.8618954999999999
0.7391413906250001 -0.8321750000000001
0.6573274453125 -0.772734
0.6789206796875 -0.7430135
0.6380137187500001 -0.713293
0.6982344140625001 -0.8024545000000001
0.7607346250000001 -0.8024545000000001
0.7198276484375001 -0.772734
0.7414208750000001 -0.7430135
0.7005139062500001 -0.713293
0.4550722578125 -0.5349699999999999
0.4766654765625 -0.5052494999999999
0.4743859531249999 -0.594411
0.4959791796874999 -0.5646905
0.5368861093749999 -0.594411
0.558479328125 -0.5646905
0.5175723984375 -0.5349699999999999
0.5391656093749999 -0.5052494999999999
0.4936996484375 -0.653852
0.5152928828125 -0.6241315000000001
0.5346065859375 -0.6835724999999999
0.597106765625 -0.6835724999999999
0.5561998203125 -0.653852
0.577793046875 -0.6241315000000001
0.6186999921875 -0.653852
0.6402932109375 -0.6241315000000001
0.599386265625 -0.594411
0.6596069453125001 -0.6835724999999999
0.7221071250000001 -0.6835724999999999
0.6812001640625001 -0.653852
0.7027933750000001 -0.6241315000000001
0.661886421875 -0.594411
0.5800725390624999 -0.5349699999999999
0.6016657421875 -0.5052494999999999
0.6209794765625 -0.5646905
0.683479625 -0.5646905
0.6425726796875 -0.5349699999999999
0.664165875 -0.5052494999999999
0.7050728125000001 -0.5349699999999999
0.726666 -0.5052494999999999
0.6857590625000001 -0.475529
0.7243865625000001 -0.594411
0.7459797500000001 -0.5646905
0.7868866875 -0.594411
0.8084798750000001 -0.5646905
0.7675729375000001 -0.5349699999999999
0.7891661250000001 -0.5052494999999999
0.7482591875 -0.475529
0.7437003125 -0.653852
0.7652935000000001 -0.6241315000000001
0.7630140625000001 -0.713293
0.7846072500000001 -0.6835724999999999
0.8255141875000001 -0.713293
0.8471073750000001 -0.6835724999999999
0.8062004375 -0.653852
0.8277936250000001 -0.6241315000000001
0.8687005625000002 -0.653852
0.8902937500000001 -0.6241315000000001
0.8493868125000001 -0.594411
0.8880143125000002 -0.713293
0.9096075000000001 -0.6835724999999999
0.9505144375000001 -0.713293
0.9721076250000001 -0.6835724999999999
0.9312006875000001 -0.653852
0.9527938750000001 -0.6241315000000001
0.9118869375 -0.594411
0.8300730625000001 -0.5349699999999999
0.8516662500000001 -0.5052494999999999
0.8107593125 -0.475529
0.8709800000000001 -0.5646905
0.9334801250000001 -0.5646905
0.8925731875 -0.5349699999999999
0.914166375 -0.5052494999999999
0.8732594375 -0.475529
0.7823278125000001 -0.772734
0.8039210000000001 -0.7430135
0.8016415625000001 -0.8321750000000001
0.82323475 -0.8024545000000001
0.8641416875000001 -0.8321750000000001
0.885734875 -0.8024545000000001
0.8448279375000001 -0.772734
0.8664211250000001 -0.7430135
0.8209553125000001 -0.891616
0.8425485 -0.8618955
0.8402690625 -0.951057
0.8618622500000001 -0.9213365
0.9027691875 -0.951057
0.924362375 -0.9213365
0.8834554375 -0.891616
0.9050486250000001 -0.8618955000000001
0.9459555625 -0.8916160000000001
0.9675487500000001 -0.8618955000000001
0.9266418125 -0.8321750000000001
0.9652693125 -0.951057
0.9868625 -0.9213365
1.0277694375 -0.951057
1.049362625 -0.9213365
1.0084556875 -0.891616
1.030048875 -0.8618954999999999
0.9891419375000001 -0.8321750000000001
0.9073280625000002 -0.772734
0.9289212500000001 -0.7430135
0.9482350000000002 -0.8024545000000001
1.010735125 -0.8024545000000001
0.9698281875000001 -0.772734
0.9914213750000002 -0.7430135
1.0323283125 -0.772734
1.0539215 -0.7430135
1.0130145625 -0.713293
1.0516420625 -0.8321750000000001
1.07323525 -0.8024545000000001
1.1141421875 -0.8321750000000001
1.135735375 -0.8024545000000001
1.0948284375 -0.772734
1.116421625 -0.7430135
1.0755146875 -0.713293
1.0709558125 -0.891616
1.092549 -0.8618955
1.0902695625 -0.951057
1.11186275 -0.9213365
1.1527696875 -0.951057
1.174362875 -0.9213365
1.1334559375 -0.891616
1.155049125 -0.8618955000000001
1.1959560625 -0.8916160000000001
1.21754925 -0.8618955000000001
1.1766423125 -0.8321750000000001
1.2152698125 -0.951057
1.236863 -0.9213365
1.2777699375 -0.951057
1.299363125 -0.9213365
1.2584561875 -0.891616
1.280049375 -0.8618954999999999
1.2391424375 -0.8321750000000001
1.1573285625 -0.772734
1.17892175 -0.7430135
1.1380148125 -0.713293
1.1982355 -0.8024545000000001
1.260735625 -0.8024545000000001
1.2198286875 -0.772734
1.241421875 -0.7430135
1.2005149375 -0.713293
0.9550733125 -0.5349699999999999
0.9766665 -0.5052494999999999
0.9357595624999999 -0.475529
0.9743870625000002 -0.594411
0.9959802500000001 -0.5646905
1.0368871875 -0.594411
1.058480375 -0.5646905
1.0175734375 -0.5349699999999999
1.039166625 -0.5052494999999999
0.9982596874999999 -0.475529
0.9937008125000001 -0.653852
1.015294 -0.6241315000000001
1.03460775 -0.6835724999999999
1.097107875 -0.6835724999999999
1.0562009375 -0.653852
1.077794125 -0.6241315000000001
1.1187010625 -0.653852
1.14029425 -0.6241315000000001
1.0993873125 -0.594411
1.159608 -0.6835724999999999
1.222108125 -0.6835724999999999
1.1812011875 -0.653852
1.202794375 -0.6241315000000001
1.1618874375 -0.594411
1.0800735625 -0.5349699999999999
1.10166675 -0.5052494999999999
1.0607598125 -0.475529
1.1209805 -0.5646905
1.183480625 -0.5646905
1.1425736875 -0.5349699999999999
1.164166875 -0.5052494999999999
1.1232599375 -0.475529
0.5505636328125001 -0.059441125
0.5721568203125 -0.0297205625
0.569877265625 -0.11888225
0.5914704609375001 -0.0891616875
0.6323772968750001 -0.11888225
0.653970484375 -0.0891616875
0.6130636484375001 -0.059441125
0.634656828125 -0.0297205625
0.5891908984375001 -0.178323375
0.6107841015625 -0.1486028125
0.60850453125 -0.2377645
0.6300977421875 -0.2080439375
0.67100459375 -0.2377645
0.6925977968750001 -0.2080439375
0.6516909453125 -0.178323375
0.6732841406250001 -0.1486028125
0.7141909921875 -0.178323375
0.7357841796875 -0.1486028125
0.694877328125 -0.11888225
0.7335046562500001 -0.2377645
0.7550978515625 -0.2080439375
0.79600471875 -0.2377645
0.8175979062500001 -0.2080439375
0.7766910390625 -0.178323375
0.7982842187500001 -0.1486028125
0.7573773593749999 -0.11888225
0.6755636640625 -0.059441125
0.6971568359375 -0.0297205625
0.7164705078125 -0.0891616875
0.7789705312499999 -0.0891616875
0.7380636796875 -0.059441125
0.75965684375 -0.0297205625
0.6278181640625 -0.297205625
0.6494113828125001 -0.2674850625
0.647131796875 -0.35664675
0.6687250234375 -0.3269261875
0.709631890625 -0.35664675
0.731225109375 -0.3269261875
0.6903182421875 -0.297205625
0.7119114531249999 -0.2674850625
0.6664454296875 -0.416087875
0.6880386640625 -0.3863673125
0.7073523046875001 -0.4458084375
0.769852421875 -0.4458084375
0.7289455390625 -0.416087875
0.750538765625 -0.3863673125
0.7914456484375 -0.416087875
0.8130388671875 -0.3863673125
0.772131984375 -0.35664675
0.8323525390625 -0.4458084375
0.8948526562499999 -0.4458084375
0.8539457578124999 -0.416087875
0.8755389687499999 -0.3863673125
0.834632078125 -0.35664675
0.7528183203125 -0.297205625
0.7744115234375 -0.2674850625
0.7937251953125 -0.3269261875
0.85622528125 -0.3269261875
0.8153183984375 -0.297205625
0.83691159375 -0.2674850625
0.8778184765624999 -0.297205625
0.8994116640625001 -0.2674850625
0.8585047812500001 -0.2377645
0.8971321718749999 -0.35664675
0.9187253671875 -0.3269261875
0.9596322656249999 -0.35664675
0.981225453125 -0.3269261875
0.9403185546874999 -0.297205625
0.9619117343750001 -0.2674850625
0.92100484375 -0.2377645
0.9164458671874999 -0.416087875
0.9380390703124999 -0.3863673125
0.9573527734374999 -0.4458084375
1.019852890625 -0.4458084375
0.9789459765624999 -0.416087875
1.000539171875 -0.3863673125
1.0414460859375 -0.416087875
1.0630392734375 -0.3863673125
1.022132359375 -0.35664675
1.0823530078125 -0.4458084375
1.144853125 -0.4458084375
1.1039461953125 -0.416087875
1.125539375 -0.3863673125
1.084632453125 -0.35664675
1.0028186328125 -0.297205625
1.0244118046875 -0.2674850625
0.9835049062500001 -0.2377645
1.0437255390625 -0.3269261875
1.106225625 -0.3269261875
1.0653187109375 -0.297205625
1.086911875 -0.2674850625
1.04600496875 -0.2377645
0.8005636953124999 -0.059441125
0.8221568515625 -0.0297205625
0.8198773906250001 -0.11888225
0.8414705546875 -0.0891616875
0.882377421875 -0.11888225
0.903970578125 -0.0891616875
0.8630637109374999 -0.059441125
0.8846568593749999 -0.0297205625
0.8391910859375 -0.178323375
0.8607842578125 -0.1486028125
0.8800979609375 -0.2080439375
0.942598015625 -0.2080439375
0.9016911328125 -0.178323375
0.923284296875 -0.1486028125
0.9641911796875 -0.178323375
0.9857843359375 -0.1486028125
0.9448774531249999 -0.11888225
1.0050980703125 -0.2080439375
1.067598125 -0.2080439375
1.0266912265625 -0.178323375
1.048284375 -0.1486028125
1.007377484375 -0.11888225
0.9255637265625001 -0.059441125
0.9471568671875 -0.0297205625
0.9664706015625 -0.0891616875
1.028970625 -0.0891616875
0.9880637421875 -0.059441125
1.009656875 -0.0297205625
0.04090675390625 0.0297205625
0.10340676171875 0.0297205625
0.12272028515625 0.0891616875
0.06022026171875 0.0891616875
0.16590676953125 0.0297205625
0.22840677734375 0.0297205625
0.24772033203125 0.0891616875
0.18522030859375 0.0891616875
0.20453384765625 0.1486028125
0.2670338867187501 0.1486028125
0.28634744140625 0.2080439375
0.22384738671875 0.2080439375
0.07953376953125001 0.1486028125
0.14203380859375 0.1486028125
0.16134733203125 0.2080439375
0.09884727734375 0.2080439375
0.29090678515625 0.0297205625
0.35340679296875 0.0297205625
0.37272037890625 0.0891616875
0.31022035546875 0.0891616875
0.41590680078125 0.0297205625
0.47840680859375 0.0297205625
0.49772042578125 0.0891616875
0.4352204023437499 0.0891616875
0.45453400390625 0.1486028125
0.51703404296875 0.1486028125
0.53634766015625 0.2080439375
0.4738476054687499 0.2080439375
0.32953392578125 0.1486028125
0.39203396484375 0.1486028125
0.41134755078125 0.2080439375
0.34884749609375 0.2080439375
0.36816106640625 0.2674850625
0.43066113671875 0.2674850625
0.44997472265625 0.3269261875
0.38747463671875 0.3269261875
0.49316120703125 0.2674850625
0.5556612773437499 0.2674850625
0.5749748945312501 0.3269261875
0.5124748085937499 0.3269261875
0.53178841015625 0.3863673125
0.59428851171875 0.3863673125
0.61360212890625 0.4458084375
0.55110201171875 0.4458084375
0.40678820703125 0.3863673125
0.4692883085937499 0.3863673125
0.48860189453125 0.4458084375
0.42610177734375 0.4458084375
0.11816078515625 0.2674850625
0.18066085546875 0.2674850625
0.19997437890625 0.3269261875
0.13747429296875 0.3269261875
0.24316092578125 0.2674850625
0.30566099609375 0.2674850625
0.32497455078125 0.3269261875
0.26247446484375 0.3269261875
0.28178800390625 0.3863673125
0.34428810546875 0.3863673125
0.36360166015625 0.4458084375
0.30110154296875 0.4458084375
0.15678780078125 0.3863673125
0.21928790234375 0.3863673125
0.23860142578125 0.4458084375
0.17610130859375 0.4458084375
-0.015625 0.04808887109374999
0.003688500000000001 0.10752998828125
-0.046875 0.14426658984375
-0.0661885 0.08482548828124999
0.023002 0.16697110546875
0.0423155 0.22641222265625
-0.008248 0.2631487929687499
-0.0275615 0.20370769140625
-0.078125 0.24044427734375
-0.0588115 0.2998853632812499
-0.109375 0.33662193359375
-0.1286885 0.27718086328125
-0.116752 0.12156210546875
-0.09743849999999998 0.18100319140625
-0.148002 0.21773979296875
-0.1673155 0.15829872265625
0.061629 0.28585333984375
0.0809425 0.34529445703125
0.030379 0.38203099609375
0.0110655 0.32258989453125
0.100256 0.40473557421875
0.1195695 0.46417669140625
0.06900600000000001 0.50091319921875
0.0496925 0.44147209765625
-0.0008709999999999985 0.47820862109375
0.0184425 0.53764970703125
-0.032121 0.57438621484375
-0.0514345 0.5149451445312501
-0.039498 0.35932644921875
-0.0201845 0.41876753515625
-0.07074800000000001 0.4555040742187501
-0.0900615 0.39606300390625
-0.140625 0.43279955859375
-0.1213115 0.49224061328125
-0.171875 0.5289771523437501
-0.1911885 0.46953611328125
-0.101998 0.5516816679687501
-0.08268449999999999 0.61112272265625
-0.133248 0.64785923046875
-0.1525615 0.5884181914062501
-0.203125 0.62515471484375
-0.1838115 0.68459573828125
-0.234375 0.7213322460937499
-0.2536885 0.66189123828125
-0.241752 0.50627266796875
-0.2224385 0.5657136914062499
-0.273002 0.60245023046875
-0.2923155 0.5430092226562501
-0.217879 0.19503533984375
-0.1985655 0.25447639453125
-0.249129 0.29121299609375
-0.2684425 0.23177195703125
-0.179252 0.31391744921875
-0.1599385 0.37335850390625
-0.210502 0.41009507421875
-0.2298155 0.35065403515625
-0.280379 0.38739062109375
-0.2610655000000001 0.44683164453125
-0.311629 0.48356821484375
-0.3309425 0.42412720703125
-0.319006 0.26850857421875
-0.2996925 0.32794959765625
-0.350256 0.36468619921875
-0.3695695 0.30524519140625
-0.0505635 0
-0.101127 0.036736625
-0.1516905 0
-0.101127 -0.036736625
-0.1516905 0.07347325
-0.202254 0.110209875
-0.2528175 0.07347325
-0.202254 0.036736625
-0.2528175 0
-0.303381 0.036736625
-0.3539445 0
-0.303381 -0.036736625
-0.1516905 -0.07347325
-0.202254 -0.036736625
-0.2528175 -0.07347325
-0.202254 -0.110209875
-0.2528175 0.1469465
-0.303381 0.183683125
-0.3539445 0.1469465
-0.303381 0.110209875
-0.3539445 0.22041975
-0.404508 0.257156375
-0.4550715 0.22041975
-0.404508 0.183683125
-0.4550715 0.1469465
-0.5056350000000001 0.183683125
-0.5561985 0.1469465
-0.5056350000000001 0.110209875
-0.3539445 0.07347325
-0.404508 0.110209875
-0.4550715 0.07347325
-0.404508 0.036736625
-0.4550715 0
-0.5056350000000001 0.036736625
-0.5561985 0
-0.5056350000000001 -0.036736625
-0.5561985 0.07347325
-0.606762 0.110209875
-0.6573255 0.07347325
-0.606762 0.036736625
-0.6573255 0
-0.707889 0.036736625
-0.7584525 0
-0.707889 -0.036736625
-0.5561985 -0.07347325
-0.606762 -0.036736625
-0.6573255 -0.07347325
-0.606762 -0.110209875
-0.2528175 -0.1469465
-0.303381 -0.110209875
-0.3539445 -0.1469465
-0.303381 -0.183683125
-0.3539445 -0.07347325
-0.404508 -0.036736625
-0.4550715 -0.07347325
-0.404508 -0.110209875
-0.4550715 -0.1469465
-0.5056350000000001 -0.110209875
-0.5561985 -0.1469465
-0.5056350000000001 -0.183683125
-0.3539445 -0.22041975
-0.404508 -0.183683125
-0.4550715 -0.22041975
-0.404508 -0.257156375
-0.015625 -0.0480888671875
-0.0661885 -0.0848254765625
-0.04687499999999999 -0.1442665546875
0.003688500000000001 -0.1075299765625
-0.116752 -0.1215620859375
-0.1673155 -0.1582986953125
-0.148002 -0.2177397109375
-0.0974385 -0.1810031328125
-0.078125 -0.2404441796875
-0.1286885 -0.2771807265625
-0.109375 -0.3366217421875
-0.0588115 -0.2998852265624999
0.023002 -0.1669710859375
-0.0275615 -0.2037076328125
-0.008247999999999998 -0.2631487109375
0.04231550000000001 -0.2264121953125
-0.217879 -0.1950353046875
-0.2684425 -0.2317719140625
-0.249129 -0.2912128671875
-0.1985655 -0.2544762890625
-0.319006 -0.2685085234375
-0.3695695 -0.3052451328125
-0.350256 -0.3646860234375
-0.2996925 -0.3279494453125
-0.280379 -0.3873903671875
-0.3309425 -0.4241269140625
-0.311629 -0.4835678046875
-0.2610655 -0.4468312890624999
-0.179252 -0.3139172734375
-0.2298155 -0.3506538203125
-0.210502 -0.4100947734374999
-0.1599385 -0.3733582578125
-0.140625 -0.4327992421874999
-0.1911885 -0.4695357265625
-0.171875 -0.5289766796875
-0.1213115 -0.4922402265625
-0.241752 -0.5062722109375
-0.2923155 -0.5430086953125
-0.273002 -0.6024495859374999
-0.2224385 -0.5657131328125
-0.203125 -0.6251540546875
-0.2536885 -0.6618904765625
-0.234375 -0.7213313671874999
-0.1838115 -0.6845949765625
-0.101998 -0.5516812109375
-0.1525615 -0.5884176328125
-0.133248 -0.6478585859375001
-0.08268449999999999 -0.6111221953125001
0.061629 -0.2858533046875
0.0110655 -0.3225897890625
0.030379 -0.3820308671875
0.0809425 -0.3452944140625001
-0.039498 -0.3593262734375
-0.09006150000000002 -0.3960627578125
-0.07074800000000001 -0.4555037734375
-0.0201845 -0.4187673203125
-0.0008709999999999985 -0.4782083671875
-0.05143449999999999 -0.5149447890625001
-0.032121 -0.5743858046875
0.0184425 -0.5376494140625
0.100256 -0.4047355234375
0.0496925 -0.4414719453125
0.06900600000000001 -0.5009130234374999
0.1195695 -0.4641766328125
0.04090675390625 -0.0297205625
0.06022026171875 -0.0891616875
0.12272028515625 -0.0891616875
0.10340676171875 -0.0297205625
0.07953376953124999 -0.1486028125
0.09884727734375 -0.2080439375
0.16134733203125 -0.2080439375
0.14203380859375 -0.1486028125
0.20453384765625 -0.1486028125
0.22384738671875 -0.2080439375
0.28634744140625 -0.2080439375
0.2670338867187499 -0.1486028125
0.16590676953125 -0.0297205625
0.18522030859375 -0.0891616875
0.24772033203125 -0.0891616875
0.22840677734375 -0.0297205625
0.11816078515625 -0.2674850625
0.13747429296875 -0.3269261875
0.19997437890625 -0.3269261875
0.18066085546875 -0.2674850625
0.15678780078125 -0.3863673125
0.17610130859375 -0.4458084375
0.23860142578125 -0.4458084375
0.21928790234375 -0.3863673125
0.28178800390625 -0.3863673125
0.30110154296875 -0.4458084375
0.36360166015625 -0.4458084375
0.34428810546875 -0.3863673125
0.24316092578125 -0.2674850625
0.26247446484375 -0.3269261875
0.32497455078125 -0.3269261875
0.30566099609375 -0.2674850625
0.36816106640625 -0.2674850625
0.3874746367187499 -0.3269261875
0.4499747226562499 -0.3269261875
0.4306611367187499 -0.2674850625
0.40678820703125 -0.3863673125
0.42610177734375 -0.4458084375
0.48860189453125 -0.4458084375
0.46928830859375 -0.3863673125
0.53178841015625 -0.3863673125
0.55110201171875 -0.4458084375
0.61360212890625 -0.4458084375
0.59428851171875 -0.3863673125
0.4931612070312499 -0.2674850625
0.5124748085937499 -0.3269261875
0.5749748945312499 -0.3269261875
0.55566127734375 -0.2674850625
0.29090678515625 -0.0297205625
0.31022035546875 -0.0891616875
0.37272037890625 -0.0891616875
0.35340679296875 -0.0297205625
0.32953392578125 -0.1486028125
0.34884749609375 -0.2080439375
0.41134755078125 -0.2080439375
0.39203396484375 -0.1486028125
0.45453400390625 -0.1486028125
0.47384760546875 -0.2080439375
0.53634766015625 -0.2080439375
0.51703404296875 -0.1486028125
0.41590680078125 -0.0297205625
0.43522040234375 -0.0891616875
0.49772042578125 -0.0891616875
0.47840680859375 -0.0297205625
0.54090681640625 0.0297205625
0.60340682421875 0.0297205625
0.6227204726562501 0.0891616875
0.56022044921875 0.0891616875
0.66590683203125 0.0297205625
0.72840683984375 0.0297205625
0.74772051953125 0.0891616875
0.68522049609375 0.0891616875
0.70453416015625 0.1486028125
0.76703419921875 0.1486028125
0.78634787890625 0.2080439375
0.72384782421875 0.2080439375
0.57953408203125 0.1486028125
0.6420341210937499 0.1486028125
0.66134776953125 0.2080439375
0.5988477148437501 0.2080439375
0.79090684765625 0.0297205625
0.8534068554687499 0.0297205625
0.8727205664062498 0.0891616875
0.8102205429687499 0.0891616875
0.91590686328125 0.0297205625
0.9784068710937501 0.0297205625
0.9977206132812501 0.0891616875
0.93522058984375 0.0891616875
0.95453431640625 0.1486028125
1.01703435546875 0.1486028125
1.03634809765625 0.2080439375
0.97384804296875 0.2080439375
0.8295342382812501 0.1486028125
0.89203427734375 0.1486028125
0.9113479882812501 0.2080439375
0.84884793359375 0.2080439375
0.8681616289062501 0.2674850625
0.93066169921875 0.2674850625
0.94997541015625 0.3269261875
0.8874753242187499 0.3269261875
0.99316176953125 0.2674850625
1.05566183984375 0.2674850625
1.07497558203125 0.3269261875
1.01247549609375 0.3269261875
1.03178922265625 0.3863673125
1.09428932421875 0.3863673125
1.11360306640625 0.4458084375
1.05110294921875 0.4458084375
0.90678901953125 0.3863673125
0.96928912109375 0.3863673125
0.9886028320312499 0.4458084375
0.9261027148437501 0.4458084375
0.61816134765625 0.2674850625
0.68066141796875 0.2674850625
0.69997506640625 0.3269261875
0.6374749804687501 0.3269261875
0.7431614882812501 0.2674850625
0.80566155859375 0.2674850625
0.82497523828125 0.3269261875
0.7624751523437501 0.3269261875
0.7817888164062499 0.3863673125
0.8442889179687499 0.3863673125
0.8636025976562499 0.4458084375
0.8011024804687501 0.4458084375
0.65678861328125 0.3863673125
0.71928871484375 0.3863673125
0.7386023632812501 0.4458084375
0.67610224609375 0.4458084375
0.6954159375 0.5052494999999999
0.7579160625 0.5052494999999999
0.7772298125000001 0.5646905
0.7147296875000001 0.5646905
0.8204161875 0.5052494999999999
0.8829163124999999 0.5052494999999999
0.9022300625 0.5646905
0.8397299375 0.5646905
0.8590436875 0.6241315000000001
0.9215438124999999 0.6241315000000001
0.9408575625000001 0.6835724999999999
0.8783574375000001 0.6835724999999999
0.7340434375 0.6241315000000001
0.7965435625 0.6241315000000001
0.8158573125 0.6835724999999999
0.7533571875000001 0.6835724999999999
0.9454164374999999 0.5052494999999999
1.0079165625 0.5052494999999999
1.0272303125 0.5646905
0.9647301875000001 0.5646905
1.0704166875 0.5052494999999999
1.1329168125 0.5052494999999999
1.1522305625 0.5646905
1.0897304375 0.5646905
1.1090441875 0.6241315000000001
1.1715443125 0.6241315000000001
1.1908580625 0.6835724999999999
1.1283579375 0.6835724999999999
0.9840439375 0.6241315000000001
1.0465440625 0.6241315000000001
1.0658578125 0.6835724999999999
1.0033576875 0.6835724999999999
1.0226714375 0.7430135
1.0851715625 0.7430135
1.1044853125 0.8024545
1.0419851875 0.8024545
1.1476716875 0.7430135
1.2101718125 0.7430135
1.2294855625 0.8024545
1.1669854375 0.8024545
1.1862991875 0.8618955
1.2487993125 0.8618954999999999
1.2681130625 0.9213365
1.2056129375 0.9213365
1.0612989375 0.8618955
1.1237990625 0.8618954999999999
1.1431128125 0.9213365
1.0806126875 0.9213365
0.7726709375 0.7430135
0.8351710625000001 0.7430135
0.8544848125000002 0.8024545
0.7919846875000002 0.8024545
0.8976711875000001 0.7430135
0.9601713125 0.7430135
0.9794850625 0.8024545
0.9169849375000001 0.8024545
0.9362986875000001 0.8618955
0.9987988125 0.8618954999999999
1.0181125625 0.9213365
0.9556124375 0.9213365
0.8112984375000001 0.8618955
0.8737985625000001 0.8618954999999999
0.8931123125 0.9213365
0.8306121875000001 0.9213365
0.19541487890625 0.5052494999999999
0.25791501171875 0.5052494999999999
0.27722866015625 0.5646905
0.21472851171875 0.5646905
0.32041514453125 0.5052494999999999
0.38291527734375 0.5052494999999999
0.40222895703125 0.5646905
0.33972880859375 0.5646905
0.35904247265625 0.6241315000000001
0.42154263671875 0.6241315000000001
0.4408563164062499 0.6835724999999999
0.37835613671875 0.6835724999999999
0.23404214453125 0.6241315000000001
0.29654230859375 0.6241315000000001
0.31585595703125 0.6835724999999999
0.25335577734375 0.6835724999999999
0.44541541015625 0.5052494999999999
0.50791554296875 0.5052494999999999
0.52722925390625 0.5646905
0.4647291054687499 0.5646905
0.57041567578125 0.5052494999999999
0.63291580859375 0.5052494999999999
0.65222955078125 0.5646905
0.5897294023437499 0.5646905
0.60904312890625 0.6241315000000001
0.6715432929687501 0.6241315000000001
0.6908570351562501 0.6835724999999999
0.6283568554687501 0.6835724999999999
0.48404280078125 0.6241315000000001
0.54654296484375 0.6241315000000001
0.56585667578125 0.6835724999999999
0.50335649609375 0.6835724999999999
0.5226701914062499 0.7430135
0.58517038671875 0.7430135
0.60448409765625 0.8024545
0.54198388671875 0.8024545
0.6476705820312501 0.7430135
0.71017077734375 0.7430135
0.72948451953125 0.8024545
0.6669843085937499 0.8024545
0.68629803515625 0.8618955
0.7487982617187501 0.8618954999999999
0.7681120039062501 0.9213365
0.7056117617187501 0.9213365
0.56129758203125 0.8618955
0.62379780859375 0.8618954999999999
0.64311151953125 0.9213365
0.58061127734375 0.9213365
0.27266941015625 0.7430135
0.33516960546875 0.7430135
0.35448325390625 0.8024545
0.29198304296875 0.8024545
0.39766980078125 0.7430135
0.46016999609375 0.7430135
0.47948367578125 0.8024545
0.4169834648437499 0.8024545
0.4362971289062499 0.8618955
0.49879735546875 0.8618954999999999
0.51811103515625 0.9213365
0.45561079296875 0.9213365
0.31129667578125 0.8618955
0.37379690234375 0.8618954999999999
0.39311055078125 0.9213365
0.33061030859375 0.9213365
0.138883060546875 0.5236177539062499
0.158196681640625 0.5830587617187499
0.107633169921875 0.61979528515625
0.088319556640625 0.56035426171875
0.177510302734375 0.64249976953125
0.196823923828125 0.7019407773437499
0.146260396484375 0.7386773320312501
0.126946783203125 0.6792363085937498
0.07638326367187498 0.71597284765625
0.09569686914062499 0.77541388671875
0.04513334179687499 0.8121504414062499
0.02581974414062499 0.7527093867187499
0.037756052734375 0.59709076953125
0.05706965820312499 0.65653180859375
0.006506146484374996 0.69326833203125
-0.012807451171875 0.63382727734375
0.216137544921875 0.76138178515625
0.235451166015625 0.82082279296875
0.184887623046875 0.8575593789062499
0.165574009765625 0.7981183554687499
0.254764787109375 0.88026380078125
0.274078408203125 0.9397048085937501
0.223514849609375 0.9764414257812499
0.204201236328125 0.9170004023437499
0.153637685546875 0.9537370039062499
0.172951291015625 1.01317804296875
0.122387732421875 1.04991466015625
0.103074134765625 0.99047360546875
0.115010474609375 0.83485492578125
0.134324080078125 0.89429596484375
0.08376053710937501 0.9310325507812498
0.06444693945312499 0.87159149609375
0.01388340429687499 0.90832806640625
0.033196994140625 0.9677691367187499
-0.01736654882812501 1.00450572265625
-0.03668013085937501 0.9450646367187501
0.05251058398437499 1.02721020703125
0.07182417382812499 1.08665127734375
0.02126061523437499 1.12338789453125
0.001947033203124995 1.06394680859375
-0.048616517578125 1.10068341015625
-0.02930294335937501 1.16012451171875
-0.079866501953125 1.19686112890625
-0.099180068359375 1.13742001171875
-0.087243666015625 0.98180120703125
-0.06793009179687499 1.04124230859375
-0.118493634765625 1.07797889453125
-0.137807201171875 1.01853777734375
-0.063370955078125 0.67056378515625
-0.04405736523437501 0.7300048554687499
-0.09462087695312502 0.76674137890625
-0.113934458984375 0.7073002929687501
-0.024743775390625 0.7894459257812501
-0.005430185546875006 0.84888699609375
-0.05599371289062501 0.88562355078125
-0.075307294921875 0.82618246484375
-0.125870814453125 0.86291900390625
-0.106557240234375 0.92236010546875
-0.157120767578125 0.9590966601562501
-0.176434333984375 0.8996555429687501
-0.164497962890625 0.74403680078125
-0.145184388671875 0.8034779023437501
-0.195747900390625 0.8402144257812502
-0.215061466796875 0.78077330859375
-0.265624970703125 0.81750962890625
-0.246311412109375 0.8769507617187501
-0.296874923828125 0.91368691015625
-0.316188474609375 0.85424576171875
-0.226997853515625 0.9363918945312502
-0.207684294921875 0.9958330273437501
-0.258247822265625 1.03256920703125
-0.277561373046875 0.9731280585937502
-0.328124892578125 1.00986422265625
-0.308811349609375 1.06930538671875
-0.359374876953125 1.10604156640625
-0.378688412109375 1.04660038671875
-0.366751978515625 0.89098189453125
-0.347438435546875 0.9504230585937501
-0.398001947265625 0.98715920703125
-0.417315482421875 0.92771802734375
-0.188370736328125 1.05527416015625
-0.169057177734375 1.11471529296875
-0.219620720703125 1.15145150390625
-0.238934271484375 1.09201035546875
-0.149743619140625 1.17415642578125
-0.130430060546875 1.23359755859375
-0.180993619140625 1.27033380078125
-0.200307169921875 1.21089265234375
-0.250870720703125 1.24762887890625
-0.2315571777343751 1.30707004296875
-0.2821207363281251 1.34380628515625
-0.301434271484375 1.28436510546875
-0.289497806640625 1.12874655078125
-0.270184263671875 1.18818771484375
-0.320747806640625 1.22492392578125
-0.340061341796875 1.16548274609375
-0.390624876953125 1.20221894140625
-0.371311349609375 1.26166013671875
-0.421874892578125 1.29839634765625
-0.4411884121093749 1.23895513671875
-0.351997822265625 1.32110133203125
-0.332684294921875 1.38054252734375
-0.383247853515625 1.41727876953125
-0.4025613730468751 1.35783755859375
-0.4531249238281251 1.39457378515625
-0.433811412109375 1.45401501171875
-0.484374970703125 1.49075125390625
-0.503688474609375 1.43131001171875
-0.491751947265625 1.27569133203125
-0.472438435546875 1.33513255859375
-0.523001978515625 1.37186876953125
-0.542315482421875 1.31242752734375
-0.467878986328125 0.96445416015625
-0.448565458984375 1.02389535546875
-0.499128970703125 1.06063150390625
-0.5184424902343749 1.00119029296875
-0.429251931640625 1.08333655078125
-0.4099384042968749 1.14277774609375
-0.4605019316406249 1.17951392578125
-0.479815451171875 1.12007271484375
-0.530378970703125 1.15680887890625
-0.5110654589843749 1.21625010546875
-0.561628986328125 1.25298628515625
-0.5809424902343749 1.19354504296875
-0.5690059941406249 1.03792642578125
-0.549692482421875 1.09736765234375
-0.6002559941406249 1.13410380078125
-0.6195694980468749 1.07466255859375
-0.42013305859375 0.34198173828125
-0.40081955078125 0.40142271484375
-0.45138315234375 0.43815914453125
-0.47069667578125 0.37871821484375
-0.38150604296875 0.4608636914062501
-0.3621925351562501 0.52030466796875
-0.41275610546875 0.55704100390625
-0.43206962890625 0.49760007421875
-0.48263321484375 0.53433645703125
-0.46331967578125 0.59377733984375
-0.51388324609375 0.6305136757812499
-0.53319680078125 0.5710728398437499
-0.52126029296875 0.41545469140625
-0.50194675390625 0.47489557421875
-0.55251035546875 0.51163200390625
-0.57182391015625 0.45219116796875
-0.34287902734375 0.5797456445312501
-0.32356551953125 0.63918662109375
-0.37412905859375 0.67592286328125
-0.39344258203125 0.61648193359375
-0.3042520117187499 0.6986275976562499
-0.28493850390625 0.7580685742187501
-0.3355020117187499 0.7948047226562499
-0.35481553515625 0.73536379296875
-0.40537905859375 0.7720999882812499
-0.38606551953125 0.83154087109375
-0.43662902734375 0.8682770195312499
-0.45594258203125 0.8088361835937499
-0.4440061367187501 0.65321822265625
-0.42469259765625 0.71265910546875
-0.4752561367187501 0.74939534765625
-0.4945696914062501 0.68995451171875
-0.5451332460937499 0.7266908007812499
-0.52581967578125 0.78613158984375
-0.57638321484375 0.8228678320312499
-0.59569680078125 0.76342708984375
-0.50650610546875 0.8455723789062499
-0.48719253515625 0.9050131679687499
-0.53775604296875 0.94174931640625
-0.5570696289062499 0.88230857421875
-0.6076331523437499 0.9190447695312499
-0.58831955078125 0.97848546484375
-0.6388830585937499 1.01522161328125
-0.65819667578125 0.9557809648437499
-0.64626035546875 0.8001633789062499
-0.62694675390625 0.85960407421875
-0.67751029296875 0.8963403164062499
-0.69682391015625 0.8368996679687499
-0.62238752734375 0.4889276445312499
-0.60307395703125 0.54836843359375
-0.6536375585937499 0.5851048632812499
-0.6729511445312499 0.5256641210937499
-0.58376038671875 0.6078092226562499
-0.5644468164062499 0.6672500117187499
-0.61501038671875 0.7039863476562499
-0.63432397265625 0.6445456054687499
-0.6848875585937499 0.6812819882812499
-0.66557395703125 0.7407226835937499
-0.71613752734375 0.7774590195312499
-0.73545114453125 0.71801837109375
-0.7235147617187501 0.5624005976562501
-0.70420116015625 0.62184129296875
-0.7547647617187501 0.65857772265625
-0.77407837890625 0.5991370742187501
-0.45507154296875 0.29389294140625
-0.50563512890625 0.33062944921875
-0.55619851171875 0.29389284765625
-0.50563500390625 0.25715632421875
-0.5561987148437499 0.36736595703125
-0.6067623007812499 0.40410246484375
-0.6573255273437499 0.36736589453125
-0.60676201953125 0.33062937109375
-0.65732532421875 0.29389278515625
-0.7078887539062499 0.3306293242187499
-0.7584519804687498 0.29389275390625
-0.7078886289062498 0.25715619921875
-0.5561984648437501 0.22041970703125
-0.60676189453125 0.25715624609375
-0.6573252773437499 0.22041964453125
-0.60676192578125 0.18368308984375
-0.6573258867187499 0.44083897265625
-0.70788947265625 0.47757548046875
-0.7584525429687501 0.44083894140625
-0.7078890351562499 0.40410241796875
-0.7584530585937499 0.51431198828125
-0.8090166445312499 0.5510484960937501
-0.8595795585937499 0.51431198828125
-0.8090160507812501 0.47757546484375
-0.85957904296875 0.4408389414062499
-0.9101424726562499 0.47757548046875
-0.9607053867187499 0.44083897265625
-0.9101420351562499 0.40410241796875
-0.7584521835937499 0.3673658632812499
-0.8090156132812499 0.4041024023437499
-0.8595786835937499 0.3673658632812499
-0.8090153320312499 0.3306293085937499
-0.8595784804687499 0.29389275390625
-0.9101417539062499 0.3306293242187499
-0.96070482421875 0.29389278515625
-0.9101416289062498 0.25715619921875
-0.9607050273437499 0.36736589453125
-1.01126830078125 0.40410246484375
-1.06183121484375 0.36736595703125
-1.01126801953125 0.33062937109375
-1.06183101171875 0.29389284765625
-1.11239412890625 0.33062944921875
-1.16295704296875 0.29389294140625
-1.11239400390625 0.25715632421875
-0.9607047773437499 0.22041964453125
-1.01126789453125 0.25715624609375
-1.06183096484375 0.22041970703125
-1.01126792578125 0.18368308984375
-0.6573253867187501 0.14694647265625
-0.7078886601562501 0.18368304296875
-0.75845204296875 0.14694644140625
-0.7078888476562499 0.11020985546875
-0.7584519335937498 0.22041961328125
-0.8090152070312497 0.25715618359375
-0.8595784335937497 0.22041961328125
-0.8090152382812499 0.18368302734375
-0.8595785429687499 0.14694644140625
-0.9101416601562499 0.18368304296875
-0.9607048867187499 0.14694647265625
-0.9101418476562499 0.11020985546875
-0.75845230859375 0.07347323828125001
-0.8090154257812499 0.11020983984375
-0.8595788085937499 0.07347323828125001
-0.8090157695312499 0.03673662109375
-0.8595790234374998 5.859375000298594e-08
-0.9101420703124998 0.03673667578125001
-0.9607052109374998 1.523437500056818e-07
-0.9101420703124999 -0.03673644921874999
-0.9607051171875 0.07347329296875001
-1.0112681640625 0.11020991015625
-1.0618314921875 0.07347335546875002
-1.0112683515625 0.03673675390625001
-1.0618315859375 2.148437500040096e-07
-1.1123948203125 0.03673680078125001
-1.1629581484375 2.460937500066429e-07
-1.1123948203125 -0.03673632421874999
-0.9607051171875 -0.07347295703124998
-1.0112683515625 -0.03673637109374999
-1.0618314921875 -0.07347289453125
-1.0112681640625 -0.11020946484375
-1.0618312109375 0.14694652734375
-1.1123942578125 0.18368314453125
-1.1629577734375 0.14694655859375
-1.1123946328125 0.11020995703125
-1.1629573046875 0.22041976171875
-1.2135203515625 0.25715637890625
-1.2640840546875 0.22041976171875
-1.2135209140625 0.1836831601562501
-1.2640845234375 0.14694655859375
-1.3146477578125 0.18368314453125
-1.3652114609375 0.14694652734375
-1.3146481328125 0.11020995703125
-1.1629580546875 0.07347338671875001
-1.2135212890625 0.11020997265625
-1.2640848046875 0.07347338671875001
-1.2135214765625 0.03673681640625001
-1.2640848984375 2.460937500066429e-07
-1.3146483203125 0.03673680078125001
-1.3652118359375 2.148437500040096e-07
-1.3146483203125 -0.03673632421874999
-1.3652117421875 0.07347335546875002
-1.4157751640625 0.11020991015625
-1.4663388671875 0.07347329296875001
-1.4157753515625 0.03673675390625001
-1.4663389609375 1.523437500074165e-07
-1.5169025703125 0.03673667578125001
-1.5674662734375 5.859375000298594e-08
-1.5169025703125 -0.03673644921874999
-1.3652117421875 -0.07347289453125
-1.4157753515625 -0.03673637109374999
-1.4663388671875 -0.07347295703124998
-1.4157751640625 -0.11020946484375
-1.0618312109375 -0.14694597265625
-1.1123946328125 -0.11020941796875
-1.1629577734375 -0.14694594140625
-1.1123942578125 -0.18368248046875
-1.1629580546875 -0.07347286328124999
-1.2135214765625 -0.03673630859375
-1.2640848046875 -0.07347286328124999
-1.2135212890625 -0.11020940234375
-1.2640845234375 -0.14694594140625
-1.3146481328125 -0.11020941796875
-1.3652114609375 -0.14694597265625
-1.3146477578125 -0.18368248046875
-1.1629573046875 -0.22041898828125
-1.2135209140625 -0.18368246484375
-1.2640840546875 -0.22041898828125
-1.2135203515625 -0.25715549609375
-0.45507154296875 -0.2938929375
-0.50563500390625 -0.2571563125
-0.55619851171875 -0.2938928125
-0.5056351289062501 -0.3306294375
-0.55619846484375 -0.2204196875
-0.60676192578125 -0.1836830625
-0.65732527734375 -0.2204195625
-0.60676189453125 -0.2571561875
-0.65732532421875 -0.2938926875
-0.7078886289062502 -0.2571560625
-0.75845198046875 -0.2938925625
-0.7078887539062501 -0.3306291875
-0.5561987148437499 -0.3673659375
-0.60676201953125 -0.3306293125
-0.6573255273437499 -0.3673658125
-0.60676230078125 -0.4041024375
-0.6573253867187501 -0.1469464375
-0.70788884765625 -0.1102098125
-0.75845204296875 -0.1469463125
-0.70788866015625 -0.1836829375
-0.75845230859375 -0.07347318750000001
-0.8090157695312499 -0.0367365625
-0.8595788085937499 -0.07347306249999999
-0.8090154257812499 -0.1102096875
-0.8595785429687499 -0.1469461875
-0.9101418476562498 -0.1102095625
-0.9607048867187499 -0.1469460625
-0.9101416601562498 -0.1836826875
-0.7584519335937501 -0.2204194375
-0.8090152382812499 -0.1836828125
-0.85957843359375 -0.2204193125
-0.80901520703125 -0.2571559375
-0.85957848046875 -0.2938924375
-0.9101416289062499 -0.2571558125
-0.9607048242187499 -0.2938923125
-0.91014175390625 -0.3306289375
-0.9607047773437499 -0.2204191875
-1.01126792578125 -0.1836825625
-1.06183096484375 -0.2204190625
-1.01126789453125 -0.2571556875
-1.06183101171875 -0.2938921875
-1.11239400390625 -0.2571555625
-1.16295704296875 -0.2938920625
-1.11239412890625 -0.3306286875
-0.96070502734375 -0.3673654374999999
-1.01126801953125 -0.3306288125
-1.06183121484375 -0.3673653125
-1.01126830078125 -0.4041019375
-0.65732588671875 -0.4408389375
-0.7078890351562499 -0.4041023124999999
-0.7584525429687499 -0.4408388125
-0.70788947265625 -0.4775754375
-0.7584521835937501 -0.3673656875
-0.8090153320312499 -0.3306290625
-0.8595786835937499 -0.3673655625
-0.80901561328125 -0.4041021875
-0.8595790429687499 -0.4408386875
-0.9101420351562499 -0.4041020625
-0.9607053867187498 -0.4408385625
-0.9101424726562499 -0.4775751875000001
-0.7584530585937499 -0.5143119375
-0.8090160507812499 -0.4775753125
-0.8595795585937498 -0.5143118125
-0.8090166445312499 -0.5510484375
-0.4201330585937499 -0.3419816796875
-0.47069667578125 -0.3787181640625
-0.4513831523437499 -0.4381589921875
-0.40081955078125 -0.4014225390625
-0.52126029296875 -0.4154546484375
-0.57182391015625 -0.4521911328125
-0.55251035546875 -0.5116318984375
-0.50194675390625 -0.4748954453124999
-0.48263321484375 -0.5343362421875
-0.53319680078125 -0.5710726640624999
-0.51388324609375 -0.6305134296874999
-0.4633196757812501 -0.5937770390624999
-0.38150604296875 -0.4608633984375
-0.4320696289062499 -0.4975998203125
-0.41275610546875 -0.5570406484374999
-0.36219253515625 -0.5203042578125
-0.62238752734375 -0.4889276171875
-0.6729511445312499 -0.5256641015625001
-0.6536375585937501 -0.5851048046875
-0.60307395703125 -0.5483683515625
-0.72351476171875 -0.5624005859375001
-0.7740783789062501 -0.5991370703125001
-0.75476476171875 -0.6585777109375001
-0.70420116015625 -0.6218412578125001
-0.6848875585937501 -0.6812819296875001
-0.7354511445312499 -0.7180183515625
-0.71613752734375 -0.7774589921875
-0.66557395703125 -0.7407226015625001
-0.58376038671875 -0.6078090859374999
-0.63432397265625 -0.6445455078125
-0.61501038671875 -0.7039862109374999
-0.5644468164062499 -0.6672498203124999
-0.54513324609375 -0.7266905546875
-0.59569680078125 -0.7634269140625001
-0.57638321484375 -0.8228676171875
-0.52581967578125 -0.7861312890625001
-0.64626035546875 -0.8001632734374999
-0.6968239101562499 -0.8368996328125
-0.67751029296875 -0.8963402734374999
-0.62694675390625 -0.8596039453125
-0.60763315234375 -0.9190446171875
-0.65819667578125 -0.9557809140625
-0.6388830585937499 -1.0152215546875
-0.58831955078125 -0.9784852890625
-0.50650610546875 -0.8455720234375
-0.55706962890625 -0.8823083203124999
-0.5377560429687499 -0.9417490234375
-0.4871925351562499 -0.9050127578125
-0.34287902734375 -0.5797451171875
-0.39344258203125 -0.6164814765625
-0.37412905859375 -0.6759223046875
-0.32356551953125 -0.6391859765625
-0.44400613671875 -0.6532178359375
-0.49456969140625 -0.6899541953125
-0.47525613671875 -0.7493949609374999
-0.4246925976562501 -0.7126586328125
-0.40537905859375 -0.7720994296875
-0.45594258203125 -0.8088357265625
-0.43662902734375 -0.8682764921874999
-0.38606551953125 -0.8315402265624999
-0.30425201171875 -0.6986268359375001
-0.35481553515625 -0.7353631328125001
-0.33550201171875 -0.7948039609375001
-0.28493850390625 -0.7580676953125001
-0.265624970703125 -0.81750875
-0.316188474609375 -0.8542449999999999
-0.296874923828125 -0.9136862500000001
-0.246311412109375 -0.87695
-0.366751978515625 -0.8909812499999999
-0.417315482421875 -0.9277175
-0.398001947265625 -0.9871587500000001
-0.347438435546875 -0.9504224999999999
-0.3281248925781249 -1.00986375
-0.378688412109375 -1.0466
-0.359374876953125 -1.10604125
-0.308811349609375 -1.069305
-0.226997853515625 -0.93639125
-0.2775613730468749 -0.9731275
-0.258247822265625 -1.03256875
-0.207684294921875 -0.9958324999999999
-0.467878986328125 -0.9644537499999999
-0.5184424902343749 -1.00119
-0.499128970703125 -1.06063125
-0.4485654589843751 -1.023895
-0.5690059941406249 -1.03792625
-0.6195694980468749 -1.0746625
-0.6002559941406249 -1.13410375
-0.549692482421875 -1.0973675
-0.530378970703125 -1.15680875
-0.5809424902343749 -1.193545
-0.561628986328125 -1.25298625
-0.5110654589843751 -1.21625
-0.429251931640625 -1.08333625
-0.4798154511718751 -1.1200725
-0.460501931640625 -1.17951375
-0.409938404296875 -1.1427775
-0.390624876953125 -1.20221875
-0.441188412109375 -1.238955
-0.421874892578125 -1.29839625
-0.371311349609375 -1.26166
-0.4917519472656249 -1.27569125
-0.542315482421875 -1.3124275
-0.523001978515625 -1.37186875
-0.472438435546875 -1.3351325
-0.453124923828125 -1.39457375
-0.503688474609375 -1.43131
-0.484374970703125 -1.49075125
-0.433811412109375 -1.454015
-0.351997822265625 -1.32110125
-0.402561373046875 -1.3578375
-0.383247853515625 -1.41727875
-0.332684294921875 -1.3805425
-0.188370736328125 -1.05527375
-0.238934271484375 -1.09201
-0.219620720703125 -1.15145125
-0.169057177734375 -1.114715
-0.289497806640625 -1.12874625
-0.340061341796875 -1.1654825
-0.320747806640625 -1.22492375
-0.270184263671875 -1.1881875
-0.250870720703125 -1.24762875
-0.301434271484375 -1.284365
-0.282120736328125 -1.34380625
-0.231557177734375 -1.30707
-0.149743619140625 -1.17415625
-0.200307169921875 -1.2108925
-0.180993619140625 -1.27033375
-0.130430060546875 -1.2335975
0.138883060546875 -0.5236176953124999
0.088319556640625 -0.5603540859375
0.107633169921875 -0.6197951328125
0.158196681640625 -0.5830587109374999
0.037756052734375 -0.5970904765625
-0.012807451171875 -0.6338268671875
0.006506146484374999 -0.6932679765624999
0.057069658203125 -0.6565315546874999
0.07638326367187499 -0.7159726328125001
0.025819744140625 -0.7527090859375
0.045133341796875 -0.8121501953125
0.09569686914062497 -0.7754137109375001
0.177510302734375 -0.6424997265625001
0.126946783203125 -0.6792361796875001
0.146260396484375 -0.7386772265625001
0.196823923828125 -0.7019407421875001
-0.063370955078125 -0.6705632578125
-0.113934458984375 -0.7072996484374999
-0.094620876953125 -0.7667408203125
-0.044057365234375 -0.7300043984375001
-0.164497962890625 -0.7440360390625
-0.215061466796875 -0.7807724296874999
-0.195747900390625 -0.8402136640625
-0.145184388671875 -0.8034772421875001
-0.125870814453125 -0.8629184453125001
-0.176434333984375 -0.8996548984374999
-0.157120767578125 -0.9590961328125001
-0.106557240234375 -0.9223596484375001
-0.024743775390625 -0.7894455390624999
-0.07530729492187499 -0.8261819921875
-0.05599371289062501 -0.8856231640625001
-0.005430185546875002 -0.8488866796875001
0.013883404296875 -0.9083278203125
-0.036680130859375 -0.9450643359375001
-0.01736654882812501 -1.0045055078125
0.033196994140625 -0.9677689609375
-0.087243666015625 -0.9818008515625001
-0.137807201171875 -1.0185373671875
-0.118493634765625 -1.0779786015625
-0.06793009179687499 -1.0412420546875
-0.048616517578125 -1.1006832578125
-0.099180068359375 -1.1374198359375
-0.079866501953125 -1.1968610703125
-0.029302943359375 -1.1601244609375
0.052510583984375 -1.0272101015625
0.001947033203124995 -1.0639466796875
0.02126061523437499 -1.1233878515625
0.07182417382812499 -1.0866512421875
0.216137544921875 -0.7613817578124999
0.165574009765625 -0.7981182734375001
0.184887623046875 -0.8575593203125
0.235451166015625 -0.8208227734375
0.115010474609375 -0.8348547890625
0.06444693945312499 -0.8715913046875
0.08376053710937499 -0.9310324140624999
0.134324080078125 -0.8942958671874999
0.153637685546875 -0.9537369453125
0.103074134765625 -0.9904735234374999
0.122387732421875 -1.0499146328125
0.172951291015625 -1.0131780234375
0.254764787109375 -0.8802637890625
0.204201236328125 -0.9170003671875001
0.223514849609375 -0.9764414140625
0.274078408203125 -0.9397048046875001
0.19541487890625 -0.5052494999999999
0.21472851171875 -0.5646905
0.27722866015625 -0.5646905
0.25791501171875 -0.5052494999999999
0.23404214453125 -0.6241315000000001
0.25335577734375 -0.6835725
0.31585595703125 -0.6835725
0.29654230859375 -0.6241315000000001
0.35904247265625 -0.6241315000000001
0.37835613671875 -0.6835725
0.44085631640625 -0.6835725
0.42154263671875 -0.6241315000000001
0.32041514453125 -0.5052494999999999
0.33972880859375 -0.5646905
0.4022289570312499 -0.5646905
0.38291527734375 -0.5052494999999999
0.27266941015625 -0.7430135
0.29198304296875 -0.8024545000000001
0.3544832539062499 -0.8024545000000001
0.33516960546875 -0.7430135
0.31129667578125 -0.8618954999999999
0.33061030859375 -0.9213365
0.39311055078125 -0.9213365
0.37379690234375 -0.8618955000000001
0.43629712890625 -0.8618955000000001
0.45561079296875 -0.9213365
0.51811103515625 -0.9213365
0.49879735546875 -0.8618955
0.39766980078125 -0.7430135
0.41698346484375 -0.8024545000000001
0.47948367578125 -0.8024545000000001
0.46016999609375 -0.7430135
0.5226701914062499 -0.7430135
0.54198388671875 -0.8024545000000001
0.60448409765625 -0.8024545000000001
0.58517038671875 -0.7430135
0.56129758203125 -0.8618954999999999
0.5806112773437501 -0.9213365
0.64311151953125 -0.9213365
0.62379780859375 -0.8618955000000001
0.68629803515625 -0.8618955000000001
0.7056117617187501 -0.9213365
0.7681120039062501 -0.9213365
0.7487982617187501 -0.8618955
0.6476705820312501 -0.7430135
0.66698430859375 -0.8024545000000001
0.72948451953125 -0.8024545000000001
0.71017077734375 -0.7430135
0.44541541015625 -0.5052494999999999
0.46472910546875 -0.5646905
0.52722925390625 -0.5646905
0.50791554296875 -0.5052494999999999
0.4840428007812499 -0.6241315000000001
0.50335649609375 -0.6835725
0.56585667578125 -0.6835725
0.54654296484375 -0.6241315000000001
0.60904312890625 -0.6241315000000001
0.62835685546875 -0.6835725
0.69085703515625 -0.6835725
0.67154329296875 -0.6241315000000001
0.57041567578125 -0.5052494999999999
0.58972940234375 -0.5646905
0.65222955078125 -0.5646905
0.6329158085937501 -0.5052494999999999
0.6954159375000001 -0.5052494999999999
0.7147296875 -0.5646905
0.7772298125 -0.5646905
0.7579160625000001 -0.5052494999999999
0.7340434375 -0.6241315000000001
0.7533571875 -0.6835725
0.8158573125000002 -0.6835725
0.7965435625000001 -0.6241315000000001
0.8590436875 -0.6241315000000001
0.8783574375000002 -0.6835725
0.9408575625000002 -0.6835725
0.9215438125000002 -0.6241315000000001
0.8204161875 -0.5052494999999999
0.8397299375000001 -0.5646905
0.9022300625000002 -0.5646905
0.8829163125 -0.5052494999999999
0.7726709375000002 -0.7430135
0.7919846875000001 -0.8024545000000001
0.8544848125000001 -0.8024545000000001
0.8351710625000002 -0.7430135
0.8112984375000001 -0.8618954999999999
0.8306121875 -0.9213365
0.8931123125 -0.9213365
0.8737985625 -0.8618955000000001
0.9362986875 -0.8618955000000001
0.9556124374999999 -0.9213365
1.0181125625 -0.9213365
0.9987988125 -0.8618955
0.8976711875000001 -0.7430135
0.9169849375000001 -0.8024545000000001
0.9794850625000002 -0.8024545000000001
0.9601713125000001 -0.7430135
1.0226714375 -0.7430135
1.0419851875 -0.8024545000000001
1.1044853125 -0.8024545000000001
1.0851715625 -0.7430135
1.0612989375 -0.8618954999999999
1.0806126875 -0.9213365
1.1431128125 -0.9213365
1.1237990625 -0.8618955000000001
1.1862991875 -0.8618955000000001
1.2056129375 -0.9213365
1.2681130625 -0.9213365
1.2487993125 -0.8618955
1.1476716875 -0.7430135
1.1669854375 -0.8024545000000001
1.2294855625 -0.8024545000000001
1.2101718125 -0.7430135
0.9454164375 -0.5052494999999999
0.9647301875000002 -0.5646905
1.0272303125 -0.5646905
1.0079165625 -0.5052494999999999
0.9840439375000002 -0.6241315000000001
1.0033576875 -0.6835725
1.0658578125 -0.6835725
1.0465440625 -0.6241315000000001
1.1090441875 -0.6241315000000001
1.1283579375 -0.6835725
1.1908580625 -0.6835725
1.1715443125 -0.6241315000000001
1.0704166875 -0.5052494999999999
1.0897304375 -0.5646905
1.1522305625 -0.5646905
1.1329168125 -0.5052494999999999
0.54090681640625 -0.0297205625
0.56022044921875 -0.0891616875
0.6227204726562501 -0.0891616875
0.60340682421875 -0.0297205625
0.57953408203125 -0.1486028125
0.59884771484375 -0.2080439375
0.6613477695312501 -0.2080439375
0.64203412109375 -0.1486028125
0.70453416015625 -0.1486028125
0.72384782421875 -0.2080439375
0.7863478789062501 -0.2080439375
0.7670341992187499 -0.1486028125
0.66590683203125 -0.0297205625
0.68522049609375 -0.0891616875
0.74772051953125 -0.0891616875
0.72840683984375 -0.0297205625
0.61816134765625 -0.2674850625
0.63747498046875 -0.3269261875
0.6999750664062498 -0.3269261875
0.68066141796875 -0.2674850625
0.65678861328125 -0.3863673125
0.67610224609375 -0.4458084375
0.73860236328125 -0.4458084375
0.7192887148437501 -0.3863673125
0.78178881640625 -0.3863673125
0.80110248046875 -0.4458084375
0.86360259765625 -0.4458084375
0.8442889179687498 -0.3863673125
0.7431614882812499 -0.2674850625
0.76247515234375 -0.3269261875
0.8249752382812501 -0.3269261875
0.8056615585937499 -0.2674850625
0.86816162890625 -0.2674850625
0.88747532421875 -0.3269261875
0.9499754101562499 -0.3269261875
0.9306616992187501 -0.2674850625
0.9067890195312499 -0.3863673125
0.92610271484375 -0.4458084375
0.98860283203125 -0.4458084375
0.96928912109375 -0.3863673125
1.03178922265625 -0.3863673125
1.05110294921875 -0.4458084375
1.11360306640625 -0.4458084375
1.09428932421875 -0.3863673125
0.99316176953125 -0.2674850625
1.01247549609375 -0.3269261875
1.07497558203125 -0.3269261875
1.05566183984375 -0.2674850625
0.79090684765625 -0.0297205625
0.81022054296875 -0.0891616875
0.87272056640625 -0.0891616875
0.8534068554687499 -0.0297205625
0.8295342382812501 -0.1486028125
0.84884793359375 -0.2080439375
0.9113479882812501 -0.2080439375
0.89203427734375 -0.1486028125
0.9545343164062501 -0.1486028125
0.9738480429687499 -0.2080439375
1.03634809765625 -0.2080439375
1.01703435546875 -0.1486028125
0.9159068632812499 -0.0297205625
0.93522058984375 -0.0891616875
0.9977206132812499 -0.0891616875
0.97840687109375 -0.0297205625
