MFEM mesh v1.0

#
# MFEM Geometry Types (see fem/geom.hpp):
#
# POINT       = 0
# SEGMENT     = 1
# TRIANGLE    = 2
# SQUARE      = 3
# TETRAHEDRON = 4
# CUBE        = 5
# PRISM       = 6
# PYRAMID     = 7
#

dimension
2

elements
5120
1 3 2603 3575 1952 658
1 3 3575 2859 656 1952
1 3 1952 656 496 657
1 3 658 1952 657 170
1 3 2859 3573 1953 656
1 3 3573 2669 659 1953
1 3 1953 659 168 660
1 3 656 1953 660 496
1 3 496 660 1954 663
1 3 660 168 661 1954
1 3 1954 661 128 662
1 3 663 1954 662 169
1 3 170 657 1955 665
1 3 657 496 663 1955
1 3 1955 663 169 664
1 3 665 1955 664 46
1 3 2669 3567 1956 659
1 3 3567 2857 666 1956
1 3 1956 666 497 667
1 3 659 1956 667 168
1 3 2857 3565 1957 666
1 3 3565 2616 668 1957
1 3 1957 668 171 669
1 3 666 1957 669 497
1 3 497 669 1958 672
1 3 669 171 670 1958
1 3 1958 670 44 671
1 3 672 1958 671 172
1 3 168 667 1959 661
1 3 667 497 672 1959
1 3 1959 672 172 673
1 3 661 1959 673 128
1 3 128 673 1960 676
1 3 673 172 674 1960
1 3 1960 674 498 675
1 3 676 1960 675 175
1 3 172 671 1961 674
1 3 671 44 677 1961
1 3 1961 677 173 678
1 3 674 1961 678 498
1 3 498 678 1962 681
1 3 678 173 679 1962
1 3 1962 679 34 680
1 3 681 1962 680 174
1 3 175 675 1963 683
1 3 675 498 681 1963
1 3 1963 681 174 682
1 3 683 1963 682 45
1 3 46 664 1964 686
1 3 664 169 684 1964
1 3 1964 684 499 685
1 3 686 1964 685 177
1 3 169 662 1965 684
1 3 662 128 676 1965
1 3 1965 676 175 687
1 3 684 1965 687 499
1 3 499 687 1966 689
1 3 687 175 683 1966
1 3 1966 683 45 688
1 3 689 1966 688 176
1 3 177 685 1967 691
1 3 685 499 689 1967
1 3 1967 689 176 690
1 3 691 1967 690 13
1 3 2616 3543 1968 668
1 3 3543 2851 692 1968
1 3 1968 692 500 693
1 3 668 1968 693 171
1 3 2851 3541 1969 692
1 3 3541 2667 694 1969
1 3 1969 694 178 695
1 3 692 1969 695 500
1 3 500 695 1970 698
1 3 695 178 696 1970
1 3 1970 696 129 697
1 3 698 1970 697 179
1 3 171 693 1971 670
1 3 693 500 698 1971
1 3 1971 698 179 699
1 3 670 1971 699 44
1 3 2667 3535 1972 694
1 3 3535 2849 700 1972
1 3 1972 700 501 701
1 3 694 1972 701 178
1 3 2849 3533 1973 700
1 3 3533 2607 4507 1973
1 3 1973 4507 3103 702
1 3 700 1973 702 501
1 3 501 702 1974 704
1 3 702 3103 4514 1974
1 3 1974 4514 2737 703
1 3 704 1974 703 180
1 3 178 701 1975 696
1 3 701 501 704 1975
1 3 1975 704 180 705
1 3 696 1975 705 129
1 3 129 705 1976 708
1 3 705 180 706 1976
1 3 1976 706 502 707
1 3 708 1976 707 182
1 3 180 703 1977 706
1 3 703 2737 4535 1977
1 3 1977 4535 3110 709
1 3 706 1977 709 502
1 3 502 709 1978 711
1 3 709 3110 4540 1978
1 3 1978 4540 2638 710
1 3 711 1978 710 181
1 3 182 707 1979 713
1 3 707 502 711 1979
1 3 1979 711 181 712
1 3 713 1979 712 47
1 3 44 699 1980 677
1 3 699 179 714 1980
1 3 1980 714 503 715
1 3 677 1980 715 173
1 3 179 697 1981 714
1 3 697 129 708 1981
1 3 1981 708 182 716
1 3 714 1981 716 503
1 3 503 716 1982 718
1 3 716 182 713 1982
1 3 1982 713 47 717
1 3 718 1982 717 183
1 3 173 715 1983 679
1 3 715 503 718 1983
1 3 1983 718 183 719
1 3 679 1983 719 34
1 3 34 719 1984 722
1 3 719 183 720 1984
1 3 1984 720 504 721
1 3 722 1984 721 186
1 3 183 717 1985 720
1 3 717 47 723 1985
1 3 1985 723 184 724
1 3 720 1985 724 504
1 3 504 724 1986 727
1 3 724 184 725 1986
1 3 1986 725 130 726
1 3 727 1986 726 185
1 3 186 721 1987 729
1 3 721 504 727 1987
1 3 1987 727 185 728
1 3 729 1987 728 49
1 3 47 712 1988 723
1 3 712 181 730 1988
1 3 1988 730 505 731
1 3 723 1988 731 184
1 3 181 710 1989 730
1 3 710 2638 4611 1989
1 3 1989 4611 3131 732
1 3 730 1989 732 505
1 3 505 732 1990 734
1 3 732 3131 4618 1990
1 3 1990 4618 2744 733
1 3 734 1990 733 187
1 3 184 731 1991 725
1 3 731 505 734 1991
1 3 1991 734 187 735
1 3 725 1991 735 130
1 3 130 735 1992 738
1 3 735 187 736 1992
1 3 1992 736 506 737
1 3 738 1992 737 189
1 3 187 733 1993 736
1 3 733 2744 4635 1993
1 3 1993 4635 3136 739
1 3 736 1993 739 506
1 3 506 739 1994 741
1 3 739 3136 4640 1994
1 3 1994 4640 2602 740
1 3 741 1994 740 188
1 3 189 737 1995 743
1 3 737 506 741 1995
1 3 1995 741 188 742
1 3 743 1995 742 48
1 3 49 728 1996 746
1 3 728 185 744 1996
1 3 1996 744 507 745
1 3 746 1996 745 191
1 3 185 726 1997 744
1 3 726 130 738 1997
1 3 1997 738 189 747
1 3 744 1997 747 507
1 3 507 747 1998 749
1 3 747 189 743 1998
1 3 1998 743 48 748
1 3 749 1998 748 190
1 3 191 745 1999 751
1 3 745 507 749 1999
1 3 1999 749 190 750
1 3 751 1999 750 12
1 3 13 690 2000 754
1 3 690 176 752 2000
1 3 2000 752 508 753
1 3 754 2000 753 194
1 3 176 688 2001 752
1 3 688 45 755 2001
1 3 2001 755 192 756
1 3 752 2001 756 508
1 3 508 756 2002 759
1 3 756 192 757 2002
1 3 2002 757 131 758
1 3 759 2002 758 193
1 3 194 753 2003 761
1 3 753 508 759 2003
1 3 2003 759 193 760
1 3 761 2003 760 51
1 3 45 682 2004 755
1 3 682 174 762 2004
1 3 2004 762 509 763
1 3 755 2004 763 192
1 3 174 680 2005 762
1 3 680 34 722 2005
1 3 2005 722 186 764
1 3 762 2005 764 509
1 3 509 764 2006 766
1 3 764 186 729 2006
1 3 2006 729 49 765
1 3 766 2006 765 195
1 3 192 763 2007 757
1 3 763 509 766 2007
1 3 2007 766 195 767
1 3 757 2007 767 131
1 3 131 767 2008 770
1 3 767 195 768 2008
1 3 2008 768 510 769
1 3 770 2008 769 197
1 3 195 765 2009 768
1 3 765 49 746 2009
1 3 2009 746 191 771
1 3 768 2009 771 510
1 3 510 771 2010 773
1 3 771 191 751 2010
1 3 2010 751 12 772
1 3 773 2010 772 196
1 3 197 769 2011 775
1 3 769 510 773 2011
1 3 2011 773 196 774
1 3 775 2011 774 50
1 3 51 760 2012 778
1 3 760 193 776 2012
1 3 2012 776 511 777
1 3 778 2012 777 199
1 3 193 758 2013 776
1 3 758 131 770 2013
1 3 2013 770 197 779
1 3 776 2013 779 511
1 3 511 779 2014 781
1 3 779 197 775 2014
1 3 2014 775 50 780
1 3 781 2014 780 198
1 3 199 777 2015 783
1 3 777 511 781 2015
1 3 2015 781 198 782
1 3 783 2015 782 0
1 3 2603 658 2016 3623
1 3 658 170 784 2016
1 3 2016 784 512 785
1 3 3623 2016 785 2873
1 3 170 665 2017 784
1 3 665 46 786 2017
1 3 2017 786 200 787
1 3 784 2017 787 512
1 3 512 787 2018 790
1 3 787 200 788 2018
1 3 2018 788 132 789
1 3 790 2018 789 201
1 3 2873 785 2019 3625
1 3 785 512 790 2019
1 3 2019 790 201 791
1 3 3625 2019 791 2674
1 3 46 686 2020 786
1 3 686 177 792 2020
1 3 2020 792 513 793
1 3 786 2020 793 200
1 3 177 691 2021 792
1 3 691 13 794 2021
1 3 2021 794 202 795
1 3 792 2021 795 513
1 3 513 795 2022 798
1 3 795 202 796 2022
1 3 2022 796 52 797
1 3 798 2022 797 203
1 3 200 793 2023 788
1 3 793 513 798 2023
1 3 2023 798 203 799
1 3 788 2023 799 132
1 3 132 799 2024 802
1 3 799 203 800 2024
1 3 2024 800 514 801
1 3 802 2024 801 206
1 3 203 797 2025 800
1 3 797 52 803 2025
1 3 2025 803 204 804
1 3 800 2025 804 514
1 3 514 804 2026 807
1 3 804 204 805 2026
1 3 2026 805 35 806
1 3 807 2026 806 205
1 3 206 801 2027 809
1 3 801 514 807 2027
1 3 2027 807 205 808
1 3 809 2027 808 53
1 3 2674 791 2028 3632
1 3 791 201 810 2028
1 3 2028 810 515 811
1 3 3632 2028 811 2875
1 3 201 789 2029 810
1 3 789 132 802 2029
1 3 2029 802 206 812
1 3 810 2029 812 515
1 3 515 812 2030 814
1 3 812 206 809 2030
1 3 2030 809 53 813
1 3 814 2030 813 207
1 3 2875 811 2031 3634
1 3 811 515 814 2031
1 3 2031 814 207 815
1 3 3634 2031 815 2618
1 3 13 754 2032 794
1 3 754 194 816 2032
1 3 2032 816 516 817
1 3 794 2032 817 202
1 3 194 761 2033 816
1 3 761 51 818 2033
1 3 2033 818 208 819
1 3 816 2033 819 516
1 3 516 819 2034 822
1 3 819 208 820 2034
1 3 2034 820 133 821
1 3 822 2034 821 209
1 3 202 817 2035 796
1 3 817 516 822 2035
1 3 2035 822 209 823
1 3 796 2035 823 52
1 3 51 778 2036 818
1 3 778 199 824 2036
1 3 2036 824 517 825
1 3 818 2036 825 208
1 3 199 783 2037 824
1 3 783 0 826 2037
1 3 2037 826 210 827
1 3 824 2037 827 517
1 3 517 827 2038 830
1 3 827 210 828 2038
1 3 2038 828 54 829
1 3 830 2038 829 211
1 3 208 825 2039 820
1 3 825 517 830 2039
1 3 2039 830 211 831
1 3 820 2039 831 133
1 3 133 831 2040 834
1 3 831 211 832 2040
1 3 2040 832 518 833
1 3 834 2040 833 214
1 3 211 829 2041 832
1 3 829 54 835 2041
1 3 2041 835 212 836
1 3 832 2041 836 518
1 3 518 836 2042 839
1 3 836 212 837 2042
1 3 2042 837 14 838
1 3 839 2042 838 213
1 3 214 833 2043 841
1 3 833 518 839 2043
1 3 2043 839 213 840
1 3 841 2043 840 55
1 3 52 823 2044 803
1 3 823 209 842 2044
1 3 2044 842 519 843
1 3 803 2044 843 204
1 3 209 821 2045 842
1 3 821 133 834 2045
1 3 2045 834 214 844
1 3 842 2045 844 519
1 3 519 844 2046 846
1 3 844 214 841 2046
1 3 2046 841 55 845
1 3 846 2046 845 215
1 3 204 843 2047 805
1 3 843 519 846 2047
1 3 2047 846 215 847
1 3 805 2047 847 35
1 3 35 847 2048 850
1 3 847 215 848 2048
1 3 2048 848 520 849
1 3 850 2048 849 218
1 3 215 845 2049 848
1 3 845 55 851 2049
1 3 2049 851 216 852
1 3 848 2049 852 520
1 3 520 852 2050 855
1 3 852 216 853 2050
1 3 2050 853 134 854
1 3 855 2050 854 217
1 3 218 849 2051 857
1 3 849 520 855 2051
1 3 2051 855 217 856
1 3 857 2051 856 58
1 3 55 840 2052 851
1 3 840 213 858 2052
1 3 2052 858 521 859
1 3 851 2052 859 216
1 3 213 838 2053 858
1 3 838 14 860 2053
1 3 2053 860 219 861
1 3 858 2053 861 521
1 3 521 861 2054 864
1 3 861 219 862 2054
1 3 2054 862 56 863
1 3 864 2054 863 220
1 3 216 859 2055 853
1 3 859 521 864 2055
1 3 2055 864 220 865
1 3 853 2055 865 134
1 3 134 865 2056 868
1 3 865 220 866 2056
1 3 2056 866 522 867
1 3 868 2056 867 223
1 3 220 863 2057 866
1 3 863 56 869 2057
1 3 2057 869 221 870
1 3 866 2057 870 522
1 3 522 870 2058 873
1 3 870 221 871 2058
1 3 2058 871 6 872
1 3 873 2058 872 222
1 3 223 867 2059 875
1 3 867 522 873 2059
1 3 2059 873 222 874
1 3 875 2059 874 57
1 3 58 856 2060 878
1 3 856 217 876 2060
1 3 2060 876 523 877
1 3 878 2060 877 225
1 3 217 854 2061 876
1 3 854 134 868 2061
1 3 2061 868 223 879
1 3 876 2061 879 523
1 3 523 879 2062 881
1 3 879 223 875 2062
1 3 2062 875 57 880
1 3 881 2062 880 224
1 3 225 877 2063 883
1 3 877 523 881 2063
1 3 2063 881 224 882
1 3 883 2063 882 15
1 3 2618 815 2064 3657
1 3 815 207 884 2064
1 3 2064 884 524 885
1 3 3657 2064 885 2882
1 3 207 813 2065 884
1 3 813 53 886 2065
1 3 2065 886 226 887
1 3 884 2065 887 524
1 3 524 887 2066 890
1 3 887 226 888 2066
1 3 2066 888 135 889
1 3 890 2066 889 227
1 3 2882 885 2067 3659
1 3 885 524 890 2067
1 3 2067 890 227 891
1 3 3659 2067 891 2676
1 3 53 808 2068 886
1 3 808 205 892 2068
1 3 2068 892 525 893
1 3 886 2068 893 226
1 3 205 806 2069 892
1 3 806 35 850 2069
1 3 2069 850 218 894
1 3 892 2069 894 525
1 3 525 894 2070 896
1 3 894 218 857 2070
1 3 2070 857 58 895
1 3 896 2070 895 228
1 3 226 893 2071 888
1 3 893 525 896 2071
1 3 2071 896 228 897
1 3 888 2071 897 135
1 3 135 897 2072 900
1 3 897 228 898 2072
1 3 2072 898 526 899
1 3 900 2072 899 230
1 3 228 895 2073 898
1 3 895 58 878 2073
1 3 2073 878 225 901
1 3 898 2073 901 526
1 3 526 901 2074 903
1 3 901 225 883 2074
1 3 2074 883 15 902
1 3 903 2074 902 229
1 3 230 899 2075 905
1 3 899 526 903 2075
1 3 2075 903 229 904
1 3 905 2075 904 59
1 3 2676 891 2076 3666
1 3 891 227 906 2076
1 3 2076 906 527 907
1 3 3666 2076 907 2884
1 3 227 889 2077 906
1 3 889 135 900 2077
1 3 2077 900 230 908
1 3 906 2077 908 527
1 3 527 908 2078 910
1 3 908 230 905 2078
1 3 2078 905 59 909
1 3 910 2078 909 231
1 3 2884 907 2079 3668
1 3 907 527 910 2079
1 3 2079 910 231 911
1 3 3668 2079 911 2608
1 3 2608 911 2080 914
1 3 911 231 912 2080
1 3 2080 912 528 913
1 3 914 2080 913 234
1 3 231 909 2081 912
1 3 909 59 915 2081
1 3 2081 915 232 916
1 3 912 2081 916 528
1 3 528 916 2082 919
1 3 916 232 917 2082
1 3 2082 917 136 918
1 3 919 2082 918 233
1 3 234 913 2083 921
1 3 913 528 919 2083
1 3 2083 919 233 920
1 3 921 2083 920 62
1 3 59 904 2084 915
1 3 904 229 922 2084
1 3 2084 922 529 923
1 3 915 2084 923 232
1 3 229 902 2085 922
1 3 902 15 924 2085
1 3 2085 924 235 925
1 3 922 2085 925 529
1 3 529 925 2086 928
1 3 925 235 926 2086
1 3 2086 926 60 927
1 3 928 2086 927 236
1 3 232 923 2087 917
1 3 923 529 928 2087
1 3 2087 928 236 929
1 3 917 2087 929 136
1 3 136 929 2088 932
1 3 929 236 930 2088
1 3 2088 930 530 931
1 3 932 2088 931 239
1 3 236 927 2089 930
1 3 927 60 933 2089
1 3 2089 933 237 934
1 3 930 2089 934 530
1 3 530 934 2090 937
1 3 934 237 935 2090
1 3 2090 935 36 936
1 3 937 2090 936 238
1 3 239 931 2091 939
1 3 931 530 937 2091
1 3 2091 937 238 938
1 3 939 2091 938 61
1 3 62 920 2092 942
1 3 920 233 940 2092
1 3 2092 940 531 941
1 3 942 2092 941 241
1 3 233 918 2093 940
1 3 918 136 932 2093
1 3 2093 932 239 943
1 3 940 2093 943 531
1 3 531 943 2094 945
1 3 943 239 939 2094
1 3 2094 939 61 944
1 3 945 2094 944 240
1 3 241 941 2095 947
1 3 941 531 945 2095
1 3 2095 945 240 946
1 3 947 2095 946 18
1 3 15 882 2096 924
1 3 882 224 948 2096
1 3 2096 948 532 949
1 3 924 2096 949 235
1 3 224 880 2097 948
1 3 880 57 950 2097
1 3 2097 950 242 951
1 3 948 2097 951 532
1 3 532 951 2098 954
1 3 951 242 952 2098
1 3 2098 952 137 953
1 3 954 2098 953 243
1 3 235 949 2099 926
1 3 949 532 954 2099
1 3 2099 954 243 955
1 3 926 2099 955 60
1 3 57 874 2100 950
1 3 874 222 956 2100
1 3 2100 956 533 957
1 3 950 2100 957 242
1 3 222 872 2101 956
1 3 872 6 958 2101
1 3 2101 958 244 959
1 3 956 2101 959 533
1 3 533 959 2102 962
1 3 959 244 960 2102
1 3 2102 960 63 961
1 3 962 2102 961 245
1 3 242 957 2103 952
1 3 957 533 962 2103
1 3 2103 962 245 963
1 3 952 2103 963 137
1 3 137 963 2104 966
1 3 963 245 964 2104
1 3 2104 964 534 965
1 3 966 2104 965 248
1 3 245 961 2105 964
1 3 961 63 967 2105
1 3 2105 967 246 968
1 3 964 2105 968 534
1 3 534 968 2106 971
1 3 968 246 969 2106
1 3 2106 969 16 970
1 3 971 2106 970 247
1 3 248 965 2107 973
1 3 965 534 971 2107
1 3 2107 971 247 972
1 3 973 2107 972 64
1 3 60 955 2108 933
1 3 955 243 974 2108
1 3 2108 974 535 975
1 3 933 2108 975 237
1 3 243 953 2109 974
1 3 953 137 966 2109
1 3 2109 966 248 976
1 3 974 2109 976 535
1 3 535 976 2110 978
1 3 976 248 973 2110
1 3 2110 973 64 977
1 3 978 2110 977 249
1 3 237 975 2111 935
1 3 975 535 978 2111
1 3 2111 978 249 979
1 3 935 2111 979 36
1 3 36 979 2112 982
1 3 979 249 980 2112
1 3 2112 980 536 981
1 3 982 2112 981 252
1 3 249 977 2113 980
1 3 977 64 983 2113
1 3 2113 983 250 984
1 3 980 2113 984 536
1 3 536 984 2114 987
1 3 984 250 985 2114
1 3 2114 985 138 986
1 3 987 2114 986 251
1 3 252 981 2115 989
1 3 981 536 987 2115
1 3 2115 987 251 988
1 3 989 2115 988 67
1 3 64 972 2116 983
1 3 972 247 990 2116
1 3 2116 990 537 991
1 3 983 2116 991 250
1 3 247 970 2117 990
1 3 970 16 992 2117
1 3 2117 992 253 993
1 3 990 2117 993 537
1 3 537 993 2118 996
1 3 993 253 994 2118
1 3 2118 994 65 995
1 3 996 2118 995 254
1 3 250 991 2119 985
1 3 991 537 996 2119
1 3 2119 996 254 997
1 3 985 2119 997 138
1 3 138 997 2120 1000
1 3 997 254 998 2120
1 3 2120 998 538 999
1 3 1000 2120 999 257
1 3 254 995 2121 998
1 3 995 65 1001 2121
1 3 2121 1001 255 1002
1 3 998 2121 1002 538
1 3 538 1002 2122 1005
1 3 1002 255 1003 2122
1 3 2122 1003 2 1004
1 3 1005 2122 1004 256
1 3 257 999 2123 1007
1 3 999 538 1005 2123
1 3 2123 1005 256 1006
1 3 1007 2123 1006 66
1 3 67 988 2124 1010
1 3 988 251 1008 2124
1 3 2124 1008 539 1009
1 3 1010 2124 1009 259
1 3 251 986 2125 1008
1 3 986 138 1000 2125
1 3 2125 1000 257 1011
1 3 1008 2125 1011 539
1 3 539 1011 2126 1013
1 3 1011 257 1007 2126
1 3 2126 1007 66 1012
1 3 1013 2126 1012 258
1 3 259 1009 2127 1015
1 3 1009 539 1013 2127
1 3 2127 1013 258 1014
1 3 1015 2127 1014 17
1 3 18 946 2128 1018
1 3 946 240 1016 2128
1 3 2128 1016 540 1017
1 3 1018 2128 1017 262
1 3 240 944 2129 1016
1 3 944 61 1019 2129
1 3 2129 1019 260 1020
1 3 1016 2129 1020 540
1 3 540 1020 2130 1023
1 3 1020 260 1021 2130
1 3 2130 1021 139 1022
1 3 1023 2130 1022 261
1 3 262 1017 2131 1025
1 3 1017 540 1023 2131
1 3 2131 1023 261 1024
1 3 1025 2131 1024 69
1 3 61 938 2132 1019
1 3 938 238 1026 2132
1 3 2132 1026 541 1027
1 3 1019 2132 1027 260
1 3 238 936 2133 1026
1 3 936 36 982 2133
1 3 2133 982 252 1028
1 3 1026 2133 1028 541
1 3 541 1028 2134 1030
1 3 1028 252 989 2134
1 3 2134 989 67 1029
1 3 1030 2134 1029 263
1 3 260 1027 2135 1021
1 3 1027 541 1030 2135
1 3 2135 1030 263 1031
1 3 1021 2135 1031 139
1 3 139 1031 2136 1034
1 3 1031 263 1032 2136
1 3 2136 1032 542 1033
1 3 1034 2136 1033 265
1 3 263 1029 2137 1032
1 3 1029 67 1010 2137
1 3 2137 1010 259 1035
1 3 1032 2137 1035 542
1 3 542 1035 2138 1037
1 3 1035 259 1015 2138
1 3 2138 1015 17 1036
1 3 1037 2138 1036 264
1 3 265 1033 2139 1039
1 3 1033 542 1037 2139
1 3 2139 1037 264 1038
1 3 1039 2139 1038 68
1 3 69 1024 2140 1042
1 3 1024 261 1040 2140
1 3 2140 1040 543 1041
1 3 1042 2140 1041 267
1 3 261 1022 2141 1040
1 3 1022 139 1034 2141
1 3 2141 1034 265 1043
1 3 1040 2141 1043 543
1 3 543 1043 2142 1045
1 3 1043 265 1039 2142
1 3 2142 1039 68 1044
1 3 1045 2142 1044 266
1 3 267 1041 2143 1047
1 3 1041 543 1045 2143
1 3 2143 1045 266 1046
1 3 1047 2143 1046 7
1 3 2604 3711 2144 1050
1 3 3711 2895 1048 2144
1 3 2144 1048 544 1049
1 3 1050 2144 1049 270
1 3 2895 3709 2145 1048
1 3 3709 2679 1051 2145
1 3 2145 1051 268 1052
1 3 1048 2145 1052 544
1 3 544 1052 2146 1055
1 3 1052 268 1053 2146
1 3 2146 1053 140 1054
1 3 1055 2146 1054 269
1 3 270 1049 2147 1057
1 3 1049 544 1055 2147
1 3 2147 1055 269 1056
1 3 1057 2147 1056 72
1 3 2679 3703 2148 1051
1 3 3703 2893 1058 2148
1 3 2148 1058 545 1059
1 3 1051 2148 1059 268
1 3 2893 3701 2149 1058
1 3 3701 2619 1060 2149
1 3 2149 1060 271 1061
1 3 1058 2149 1061 545
1 3 545 1061 2150 1064
1 3 1061 271 1062 2150
1 3 2150 1062 70 1063
1 3 1064 2150 1063 272
1 3 268 1059 2151 1053
1 3 1059 545 1064 2151
1 3 2151 1064 272 1065
1 3 1053 2151 1065 140
1 3 140 1065 2152 1068
1 3 1065 272 1066 2152
1 3 2152 1066 546 1067
1 3 1068 2152 1067 275
1 3 272 1063 2153 1066
1 3 1063 70 1069 2153
1 3 2153 1069 273 1070
1 3 1066 2153 1070 546
1 3 546 1070 2154 1073
1 3 1070 273 1071 2154
1 3 2154 1071 37 1072
1 3 1073 2154 1072 274
1 3 275 1067 2155 1075
1 3 1067 546 1073 2155
1 3 2155 1073 274 1074
1 3 1075 2155 1074 71
1 3 72 1056 2156 1078
1 3 1056 269 1076 2156
1 3 2156 1076 547 1077
1 3 1078 2156 1077 277
1 3 269 1054 2157 1076
1 3 1054 140 1068 2157
1 3 2157 1068 275 1079
1 3 1076 2157 1079 547
1 3 547 1079 2158 1081
1 3 1079 275 1075 2158
1 3 2158 1075 71 1080
1 3 1081 2158 1080 276
1 3 277 1077 2159 1083
1 3 1077 547 1081 2159
1 3 2159 1081 276 1082
1 3 1083 2159 1082 20
1 3 2619 3679 2160 1060
1 3 3679 2887 1084 2160
1 3 2160 1084 548 1085
1 3 1060 2160 1085 271
1 3 2887 3677 2161 1084
1 3 3677 2677 1086 2161
1 3 2161 1086 278 1087
1 3 1084 2161 1087 548
1 3 548 1087 2162 1090
1 3 1087 278 1088 2162
1 3 2162 1088 141 1089
1 3 1090 2162 1089 279
1 3 271 1085 2163 1062
1 3 1085 548 1090 2163
1 3 2163 1090 279 1091
1 3 1062 2163 1091 70
1 3 2677 3671 2164 1086
1 3 3671 2885 1092 2164
1 3 2164 1092 549 1093
1 3 1086 2164 1093 278
1 3 2885 3669 2165 1092
1 3 3669 2608 914 2165
1 3 2165 914 234 1094
1 3 1092 2165 1094 549
1 3 549 1094 2166 1096
1 3 1094 234 921 2166
1 3 2166 921 62 1095
1 3 1096 2166 1095 280
1 3 278 1093 2167 1088
1 3 1093 549 1096 2167
1 3 2167 1096 280 1097
1 3 1088 2167 1097 141
1 3 141 1097 2168 1100
1 3 1097 280 1098 2168
1 3 2168 1098 550 1099
1 3 1100 2168 1099 282
1 3 280 1095 2169 1098
1 3 1095 62 942 2169
1 3 2169 942 241 1101
1 3 1098 2169 1101 550
1 3 550 1101 2170 1103
1 3 1101 241 947 2170
1 3 2170 947 18 1102
1 3 1103 2170 1102 281
1 3 282 1099 2171 1105
1 3 1099 550 1103 2171
1 3 2171 1103 281 1104
1 3 1105 2171 1104 73
1 3 70 1091 2172 1069
1 3 1091 279 1106 2172
1 3 2172 1106 551 1107
1 3 1069 2172 1107 273
1 3 279 1089 2173 1106
1 3 1089 141 1100 2173
1 3 2173 1100 282 1108
1 3 1106 2173 1108 551
1 3 551 1108 2174 1110
1 3 1108 282 1105 2174
1 3 2174 1105 73 1109
1 3 1110 2174 1109 283
1 3 273 1107 2175 1071
1 3 1107 551 1110 2175
1 3 2175 1110 283 1111
1 3 1071 2175 1111 37
1 3 37 1111 2176 1114
1 3 1111 283 1112 2176
1 3 2176 1112 552 1113
1 3 1114 2176 1113 286
1 3 283 1109 2177 1112
1 3 1109 73 1115 2177
1 3 2177 1115 284 1116
1 3 1112 2177 1116 552
1 3 552 1116 2178 1119
1 3 1116 284 1117 2178
1 3 2178 1117 142 1118
1 3 1119 2178 1118 285
1 3 286 1113 2179 1121
1 3 1113 552 1119 2179
1 3 2179 1119 285 1120
1 3 1121 2179 1120 75
1 3 73 1104 2180 1115
1 3 1104 281 1122 2180
1 3 2180 1122 553 1123
1 3 1115 2180 1123 284
1 3 281 1102 2181 1122
1 3 1102 18 1018 2181
1 3 2181 1018 262 1124
1 3 1122 2181 1124 553
1 3 553 1124 2182 1126
1 3 1124 262 1025 2182
1 3 2182 1025 69 1125
1 3 1126 2182 1125 287
1 3 284 1123 2183 1117
1 3 1123 553 1126 2183
1 3 2183 1126 287 1127
1 3 1117 2183 1127 142
1 3 142 1127 2184 1130
1 3 1127 287 1128 2184
1 3 2184 1128 554 1129
1 3 1130 2184 1129 289
1 3 287 1125 2185 1128
1 3 1125 69 1042 2185
1 3 2185 1042 267 1131
1 3 1128 2185 1131 554
1 3 554 1131 2186 1133
1 3 1131 267 1047 2186
1 3 2186 1047 7 1132
1 3 1133 2186 1132 288
1 3 289 1129 2187 1135
1 3 1129 554 1133 2187
1 3 2187 1133 288 1134
1 3 1135 2187 1134 74
1 3 75 1120 2188 1138
1 3 1120 285 1136 2188
1 3 2188 1136 555 1137
1 3 1138 2188 1137 291
1 3 285 1118 2189 1136
1 3 1118 142 1130 2189
1 3 2189 1130 289 1139
1 3 1136 2189 1139 555
1 3 555 1139 2190 1141
1 3 1139 289 1135 2190
1 3 2190 1135 74 1140
1 3 1141 2190 1140 290
1 3 291 1137 2191 1143
1 3 1137 555 1141 2191
1 3 2191 1141 290 1142
1 3 1143 2191 1142 19
1 3 20 1082 2192 1146
1 3 1082 276 1144 2192
1 3 2192 1144 556 1145
1 3 1146 2192 1145 294
1 3 276 1080 2193 1144
1 3 1080 71 1147 2193
1 3 2193 1147 292 1148
1 3 1144 2193 1148 556
1 3 556 1148 2194 1151
1 3 1148 292 1149 2194
1 3 2194 1149 143 1150
1 3 1151 2194 1150 293
1 3 294 1145 2195 1153
1 3 1145 556 1151 2195
1 3 2195 1151 293 1152
1 3 1153 2195 1152 77
1 3 71 1074 2196 1147
1 3 1074 274 1154 2196
1 3 2196 1154 557 1155
1 3 1147 2196 1155 292
1 3 274 1072 2197 1154
1 3 1072 37 1114 2197
1 3 2197 1114 286 1156
1 3 1154 2197 1156 557
1 3 557 1156 2198 1158
1 3 1156 286 1121 2198
1 3 2198 1121 75 1157
1 3 1158 2198 1157 295
1 3 292 1155 2199 1149
1 3 1155 557 1158 2199
1 3 2199 1158 295 1159
1 3 1149 2199 1159 143
1 3 143 1159 2200 1162
1 3 1159 295 1160 2200
1 3 2200 1160 558 1161
1 3 1162 2200 1161 297
1 3 295 1157 2201 1160
1 3 1157 75 1138 2201
1 3 2201 1138 291 1163
1 3 1160 2201 1163 558
1 3 558 1163 2202 1165
1 3 1163 291 1143 2202
1 3 2202 1143 19 1164
1 3 1165 2202 1164 296
1 3 297 1161 2203 1167
1 3 1161 558 1165 2203
1 3 2203 1165 296 1166
1 3 1167 2203 1166 76
1 3 77 1152 2204 1170
1 3 1152 293 1168 2204
1 3 2204 1168 559 1169
1 3 1170 2204 1169 299
1 3 293 1150 2205 1168
1 3 1150 143 1162 2205
1 3 2205 1162 297 1171
1 3 1168 2205 1171 559
1 3 559 1171 2206 1173
1 3 1171 297 1167 2206
1 3 2206 1167 76 1172
1 3 1173 2206 1172 298
1 3 299 1169 2207 1175
1 3 1169 559 1173 2207
1 3 2207 1173 298 1174
1 3 1175 2207 1174 1
1 3 2604 1050 2208 3759
1 3 1050 270 1176 2208
1 3 2208 1176 560 1177
1 3 3759 2208 1177 2909
1 3 270 1057 2209 1176
1 3 1057 72 1178 2209
1 3 2209 1178 300 1179
1 3 1176 2209 1179 560
1 3 560 1179 2210 1182
1 3 1179 300 1180 2210
1 3 2210 1180 144 1181
1 3 1182 2210 1181 301
1 3 2909 1177 2211 3761
1 3 1177 560 1182 2211
1 3 2211 1182 301 1183
1 3 3761 2211 1183 2684
1 3 72 1078 2212 1178
1 3 1078 277 1184 2212
1 3 2212 1184 561 1185
1 3 1178 2212 1185 300
1 3 277 1083 2213 1184
1 3 1083 20 1186 2213
1 3 2213 1186 302 1187
1 3 1184 2213 1187 561
1 3 561 1187 2214 1190
1 3 1187 302 1188 2214
1 3 2214 1188 78 1189
1 3 1190 2214 1189 303
1 3 300 1185 2215 1180
1 3 1185 561 1190 2215
1 3 2215 1190 303 1191
1 3 1180 2215 1191 144
1 3 144 1191 2216 1194
1 3 1191 303 1192 2216
1 3 2216 1192 562 1193
1 3 1194 2216 1193 306
1 3 303 1189 2217 1192
1 3 1189 78 1195 2217
1 3 2217 1195 304 1196
1 3 1192 2217 1196 562
1 3 562 1196 2218 1199
1 3 1196 304 1197 2218
1 3 2218 1197 38 1198
1 3 1199 2218 1198 305
1 3 306 1193 2219 1201
1 3 1193 562 1199 2219
1 3 2219 1199 305 1200
1 3 1201 2219 1200 79
1 3 2684 1183 2220 3768
1 3 1183 301 1202 2220
1 3 2220 1202 563 1203
1 3 3768 2220 1203 2911
1 3 301 1181 2221 1202
1 3 1181 144 1194 2221
1 3 2221 1194 306 1204
1 3 1202 2221 1204 563
1 3 563 1204 2222 1206
1 3 1204 306 1201 2222
1 3 2222 1201 79 1205
1 3 1206 2222 1205 307
1 3 2911 1203 2223 3770
1 3 1203 563 1206 2223
1 3 2223 1206 307 1207
1 3 3770 2223 1207 2621
1 3 20 1146 2224 1186
1 3 1146 294 1208 2224
1 3 2224 1208 564 1209
1 3 1186 2224 1209 302
1 3 294 1153 2225 1208
1 3 1153 77 1210 2225
1 3 2225 1210 308 1211
1 3 1208 2225 1211 564
1 3 564 1211 2226 1214
1 3 1211 308 1212 2226
1 3 2226 1212 145 1213
1 3 1214 2226 1213 309
1 3 302 1209 2227 1188
1 3 1209 564 1214 2227
1 3 2227 1214 309 1215
1 3 1188 2227 1215 78
1 3 77 1170 2228 1210
1 3 1170 299 1216 2228
1 3 2228 1216 565 1217
1 3 1210 2228 1217 308
1 3 299 1175 2229 1216
1 3 1175 1 1218 2229
1 3 2229 1218 310 1219
1 3 1216 2229 1219 565
1 3 565 1219 2230 1222
1 3 1219 310 1220 2230
1 3 2230 1220 80 1221
1 3 1222 2230 1221 311
1 3 308 1217 2231 1212
1 3 1217 565 1222 2231
1 3 2231 1222 311 1223
1 3 1212 2231 1223 145
1 3 145 1223 2232 1226
1 3 1223 311 1224 2232
1 3 2232 1224 566 1225
1 3 1226 2232 1225 314
1 3 311 1221 2233 1224
1 3 1221 80 1227 2233
1 3 2233 1227 312 1228
1 3 1224 2233 1228 566
1 3 566 1228 2234 1231
1 3 1228 312 1229 2234
1 3 2234 1229 21 1230
1 3 1231 2234 1230 313
1 3 314 1225 2235 1233
1 3 1225 566 1231 2235
1 3 2235 1231 313 1232
1 3 1233 2235 1232 81
1 3 78 1215 2236 1195
1 3 1215 309 1234 2236
1 3 2236 1234 567 1235
1 3 1195 2236 1235 304
1 3 309 1213 2237 1234
1 3 1213 145 1226 2237
1 3 2237 1226 314 1236
1 3 1234 2237 1236 567
1 3 567 1236 2238 1238
1 3 1236 314 1233 2238
1 3 2238 1233 81 1237
1 3 1238 2238 1237 315
1 3 304 1235 2239 1197
1 3 1235 567 1238 2239
1 3 2239 1238 315 1239
1 3 1197 2239 1239 38
1 3 38 1239 2240 1242
1 3 1239 315 1240 2240
1 3 2240 1240 568 1241
1 3 1242 2240 1241 318
1 3 315 1237 2241 1240
1 3 1237 81 1243 2241
1 3 2241 1243 316 1244
1 3 1240 2241 1244 568
1 3 568 1244 2242 1247
1 3 1244 316 1245 2242
1 3 2242 1245 146 1246
1 3 1247 2242 1246 317
1 3 318 1241 2243 1249
1 3 1241 568 1247 2243
1 3 2243 1247 317 1248
1 3 1249 2243 1248 84
1 3 81 1232 2244 1243
1 3 1232 313 1250 2244
1 3 2244 1250 569 1251
1 3 1243 2244 1251 316
1 3 313 1230 2245 1250
1 3 1230 21 1252 2245
1 3 2245 1252 319 1253
1 3 1250 2245 1253 569
1 3 569 1253 2246 1256
1 3 1253 319 1254 2246
1 3 2246 1254 82 1255
1 3 1256 2246 1255 320
1 3 316 1251 2247 1245
1 3 1251 569 1256 2247
1 3 2247 1256 320 1257
1 3 1245 2247 1257 146
1 3 146 1257 2248 1260
1 3 1257 320 1258 2248
1 3 2248 1258 570 1259
1 3 1260 2248 1259 323
1 3 320 1255 2249 1258
1 3 1255 82 1261 2249
1 3 2249 1261 321 1262
1 3 1258 2249 1262 570
1 3 570 1262 2250 1265
1 3 1262 321 1263 2250
1 3 2250 1263 8 1264
1 3 1265 2250 1264 322
1 3 323 1259 2251 1267
1 3 1259 570 1265 2251
1 3 2251 1265 322 1266
1 3 1267 2251 1266 83
1 3 84 1248 2252 1270
1 3 1248 317 1268 2252
1 3 2252 1268 571 1269
1 3 1270 2252 1269 325
1 3 317 1246 2253 1268
1 3 1246 146 1260 2253
1 3 2253 1260 323 1271
1 3 1268 2253 1271 571
1 3 571 1271 2254 1273
1 3 1271 323 1267 2254
1 3 2254 1267 83 1272
1 3 1273 2254 1272 324
1 3 325 1269 2255 1275
1 3 1269 571 1273 2255
1 3 2255 1273 324 1274
1 3 1275 2255 1274 22
1 3 2621 1207 2256 3793
1 3 1207 307 1276 2256
1 3 2256 1276 572 1277
1 3 3793 2256 1277 2918
1 3 307 1205 2257 1276
1 3 1205 79 1278 2257
1 3 2257 1278 326 1279
1 3 1276 2257 1279 572
1 3 572 1279 2258 1282
1 3 1279 326 1280 2258
1 3 2258 1280 147 1281
1 3 1282 2258 1281 327
1 3 2918 1277 2259 3795
1 3 1277 572 1282 2259
1 3 2259 1282 327 1283
1 3 3795 2259 1283 2686
1 3 79 1200 2260 1278
1 3 1200 305 1284 2260
1 3 2260 1284 573 1285
1 3 1278 2260 1285 326
1 3 305 1198 2261 1284
1 3 1198 38 1242 2261
1 3 2261 1242 318 1286
1 3 1284 2261 1286 573
1 3 573 1286 2262 1288
1 3 1286 318 1249 2262
1 3 2262 1249 84 1287
1 3 1288 2262 1287 328
1 3 326 1285 2263 1280
1 3 1285 573 1288 2263
1 3 2263 1288 328 1289
1 3 1280 2263 1289 147
1 3 147 1289 2264 1292
1 3 1289 328 1290 2264
1 3 2264 1290 574 1291
1 3 1292 2264 1291 330
1 3 328 1287 2265 1290
1 3 1287 84 1270 2265
1 3 2265 1270 325 1293
1 3 1290 2265 1293 574
1 3 574 1293 2266 1295
1 3 1293 325 1275 2266
1 3 2266 1275 22 1294
1 3 1295 2266 1294 329
1 3 330 1291 2267 1297
1 3 1291 574 1295 2267
1 3 2267 1295 329 1296
1 3 1297 2267 1296 85
1 3 2686 1283 2268 3802
1 3 1283 327 1298 2268
1 3 2268 1298 575 1299
1 3 3802 2268 1299 2920
1 3 327 1281 2269 1298
1 3 1281 147 1292 2269
1 3 2269 1292 330 1300
1 3 1298 2269 1300 575
1 3 575 1300 2270 1302
1 3 1300 330 1297 2270
1 3 2270 1297 85 1301
1 3 1302 2270 1301 331
1 3 2920 1299 2271 3804
1 3 1299 575 1302 2271
1 3 2271 1302 331 1303
1 3 3804 2271 1303 2609
1 3 2609 1303 2272 1306
1 3 1303 331 1304 2272
1 3 2272 1304 576 1305
1 3 1306 2272 1305 334
1 3 331 1301 2273 1304
1 3 1301 85 1307 2273
1 3 2273 1307 332 1308
1 3 1304 2273 1308 576
1 3 576 1308 2274 1311
1 3 1308 332 1309 2274
1 3 2274 1309 148 1310
1 3 1311 2274 1310 333
1 3 334 1305 2275 1313
1 3 1305 576 1311 2275
1 3 2275 1311 333 1312
1 3 1313 2275 1312 88
1 3 85 1296 2276 1307
1 3 1296 329 1314 2276
1 3 2276 1314 577 1315
1 3 1307 2276 1315 332
1 3 329 1294 2277 1314
1 3 1294 22 1316 2277
1 3 2277 1316 335 1317
1 3 1314 2277 1317 577
1 3 577 1317 2278 1320
1 3 1317 335 1318 2278
1 3 2278 1318 86 1319
1 3 1320 2278 1319 336
1 3 332 1315 2279 1309
1 3 1315 577 1320 2279
1 3 2279 1320 336 1321
1 3 1309 2279 1321 148
1 3 148 1321 2280 1324
1 3 1321 336 1322 2280
1 3 2280 1322 578 1323
1 3 1324 2280 1323 339
1 3 336 1319 2281 1322
1 3 1319 86 1325 2281
1 3 2281 1325 337 1326
1 3 1322 2281 1326 578
1 3 578 1326 2282 1329
1 3 1326 337 1327 2282
1 3 2282 1327 39 1328
1 3 1329 2282 1328 338
1 3 339 1323 2283 1331
1 3 1323 578 1329 2283
1 3 2283 1329 338 1330
1 3 1331 2283 1330 87
1 3 88 1312 2284 1334
1 3 1312 333 1332 2284
1 3 2284 1332 579 1333
1 3 1334 2284 1333 341
1 3 333 1310 2285 1332
1 3 1310 148 1324 2285
1 3 2285 1324 339 1335
1 3 1332 2285 1335 579
1 3 579 1335 2286 1337
1 3 1335 339 1331 2286
1 3 2286 1331 87 1336
1 3 1337 2286 1336 340
1 3 341 1333 2287 1339
1 3 1333 579 1337 2287
1 3 2287 1337 340 1338
1 3 1339 2287 1338 25
1 3 22 1274 2288 1316
1 3 1274 324 1340 2288
1 3 2288 1340 580 1341
1 3 1316 2288 1341 335
1 3 324 1272 2289 1340
1 3 1272 83 1342 2289
1 3 2289 1342 342 1343
1 3 1340 2289 1343 580
1 3 580 1343 2290 1346
1 3 1343 342 1344 2290
1 3 2290 1344 149 1345
1 3 1346 2290 1345 343
1 3 335 1341 2291 1318
1 3 1341 580 1346 2291
1 3 2291 1346 343 1347
1 3 1318 2291 1347 86
1 3 83 1266 2292 1342
1 3 1266 322 1348 2292
1 3 2292 1348 581 1349
1 3 1342 2292 1349 342
1 3 322 1264 2293 1348
1 3 1264 8 1350 2293
1 3 2293 1350 344 1351
1 3 1348 2293 1351 581
1 3 581 1351 2294 1354
1 3 1351 344 1352 2294
1 3 2294 1352 89 1353
1 3 1354 2294 1353 345
1 3 342 1349 2295 1344
1 3 1349 581 1354 2295
1 3 2295 1354 345 1355
1 3 1344 2295 1355 149
1 3 149 1355 2296 1358
1 3 1355 345 1356 2296
1 3 2296 1356 582 1357
1 3 1358 2296 1357 348
1 3 345 1353 2297 1356
1 3 1353 89 1359 2297
1 3 2297 1359 346 1360
1 3 1356 2297 1360 582
1 3 582 1360 2298 1363
1 3 1360 346 1361 2298
1 3 2298 1361 23 1362
1 3 1363 2298 1362 347
1 3 348 1357 2299 1365
1 3 1357 582 1363 2299
1 3 2299 1363 347 1364
1 3 1365 2299 1364 90
1 3 86 1347 2300 1325
1 3 1347 343 1366 2300
1 3 2300 1366 583 1367
1 3 1325 2300 1367 337
1 3 343 1345 2301 1366
1 3 1345 149 1358 2301
1 3 2301 1358 348 1368
1 3 1366 2301 1368 583
1 3 583 1368 2302 1370
1 3 1368 348 1365 2302
1 3 2302 1365 90 1369
1 3 1370 2302 1369 349
1 3 337 1367 2303 1327
1 3 1367 583 1370 2303
1 3 2303 1370 349 1371
1 3 1327 2303 1371 39
1 3 39 1371 2304 1374
1 3 1371 349 1372 2304
1 3 2304 1372 584 1373
1 3 1374 2304 1373 352
1 3 349 1369 2305 1372
1 3 1369 90 1375 2305
1 3 2305 1375 350 1376
1 3 1372 2305 1376 584
1 3 584 1376 2306 1379
1 3 1376 350 1377 2306
1 3 2306 1377 150 1378
1 3 1379 2306 1378 351
1 3 352 1373 2307 1381
1 3 1373 584 1379 2307
1 3 2307 1379 351 1380
1 3 1381 2307 1380 93
1 3 90 1364 2308 1375
1 3 1364 347 1382 2308
1 3 2308 1382 585 1383
1 3 1375 2308 1383 350
1 3 347 1362 2309 1382
1 3 1362 23 1384 2309
1 3 2309 1384 353 1385
1 3 1382 2309 1385 585
1 3 585 1385 2310 1388
1 3 1385 353 1386 2310
1 3 2310 1386 91 1387
1 3 1388 2310 1387 354
1 3 350 1383 2311 1377
1 3 1383 585 1388 2311
1 3 2311 1388 354 1389
1 3 1377 2311 1389 150
1 3 150 1389 2312 1392
1 3 1389 354 1390 2312
1 3 2312 1390 586 1391
1 3 1392 2312 1391 357
1 3 354 1387 2313 1390
1 3 1387 91 1393 2313
1 3 2313 1393 355 1394
1 3 1390 2313 1394 586
1 3 586 1394 2314 1397
1 3 1394 355 1395 2314
1 3 2314 1395 4 1396
1 3 1397 2314 1396 356
1 3 357 1391 2315 1399
1 3 1391 586 1397 2315
1 3 2315 1397 356 1398
1 3 1399 2315 1398 92
1 3 93 1380 2316 1402
1 3 1380 351 1400 2316
1 3 2316 1400 587 1401
1 3 1402 2316 1401 359
1 3 351 1378 2317 1400
1 3 1378 150 1392 2317
1 3 2317 1392 357 1403
1 3 1400 2317 1403 587
1 3 587 1403 2318 1405
1 3 1403 357 1399 2318
1 3 2318 1399 92 1404
1 3 1405 2318 1404 358
1 3 359 1401 2319 1407
1 3 1401 587 1405 2319
1 3 2319 1405 358 1406
1 3 1407 2319 1406 24
1 3 25 1338 2320 1410
1 3 1338 340 1408 2320
1 3 2320 1408 588 1409
1 3 1410 2320 1409 362
1 3 340 1336 2321 1408
1 3 1336 87 1411 2321
1 3 2321 1411 360 1412
1 3 1408 2321 1412 588
1 3 588 1412 2322 1415
1 3 1412 360 1413 2322
1 3 2322 1413 151 1414
1 3 1415 2322 1414 361
1 3 362 1409 2323 1417
1 3 1409 588 1415 2323
1 3 2323 1415 361 1416
1 3 1417 2323 1416 95
1 3 87 1330 2324 1411
1 3 1330 338 1418 2324
1 3 2324 1418 589 1419
1 3 1411 2324 1419 360
1 3 338 1328 2325 1418
1 3 1328 39 1374 2325
1 3 2325 1374 352 1420
1 3 1418 2325 1420 589
1 3 589 1420 2326 1422
1 3 1420 352 1381 2326
1 3 2326 1381 93 1421
1 3 1422 2326 1421 363
1 3 360 1419 2327 1413
1 3 1419 589 1422 2327
1 3 2327 1422 363 1423
1 3 1413 2327 1423 151
1 3 151 1423 2328 1426
1 3 1423 363 1424 2328
1 3 2328 1424 590 1425
1 3 1426 2328 1425 365
1 3 363 1421 2329 1424
1 3 1421 93 1402 2329
1 3 2329 1402 359 1427
1 3 1424 2329 1427 590
1 3 590 1427 2330 1429
1 3 1427 359 1407 2330
1 3 2330 1407 24 1428
1 3 1429 2330 1428 364
1 3 365 1425 2331 1431
1 3 1425 590 1429 2331
1 3 2331 1429 364 1430
1 3 1431 2331 1430 94
1 3 95 1416 2332 1434
1 3 1416 361 1432 2332
1 3 2332 1432 591 1433
1 3 1434 2332 1433 367
1 3 361 1414 2333 1432
1 3 1414 151 1426 2333
1 3 2333 1426 365 1435
1 3 1432 2333 1435 591
1 3 591 1435 2334 1437
1 3 1435 365 1431 2334
1 3 2334 1431 94 1436
1 3 1437 2334 1436 366
1 3 367 1433 2335 1439
1 3 1433 591 1437 2335
1 3 2335 1437 366 1438
1 3 1439 2335 1438 9
1 3 2605 3847 2336 1442
1 3 3847 2931 1440 2336
1 3 2336 1440 592 1441
1 3 1442 2336 1441 370
1 3 2931 3845 2337 1440
1 3 3845 2689 1443 2337
1 3 2337 1443 368 1444
1 3 1440 2337 1444 592
1 3 592 1444 2338 1447
1 3 1444 368 1445 2338
1 3 2338 1445 152 1446
1 3 1447 2338 1446 369
1 3 370 1441 2339 1449
1 3 1441 592 1447 2339
1 3 2339 1447 369 1448
1 3 1449 2339 1448 98
1 3 2689 3839 2340 1443
1 3 3839 2929 1450 2340
1 3 2340 1450 593 1451
1 3 1443 2340 1451 368
1 3 2929 3837 2341 1450
1 3 3837 2622 1452 2341
1 3 2341 1452 371 1453
1 3 1450 2341 1453 593
1 3 593 1453 2342 1456
1 3 1453 371 1454 2342
1 3 2342 1454 96 1455
1 3 1456 2342 1455 372
1 3 368 1451 2343 1445
1 3 1451 593 1456 2343
1 3 2343 1456 372 1457
1 3 1445 2343 1457 152
1 3 152 1457 2344 1460
1 3 1457 372 1458 2344
1 3 2344 1458 594 1459
1 3 1460 2344 1459 375
1 3 372 1455 2345 1458
1 3 1455 96 1461 2345
1 3 2345 1461 373 1462
1 3 1458 2345 1462 594
1 3 594 1462 2346 1465
1 3 1462 373 1463 2346
1 3 2346 1463 40 1464
1 3 1465 2346 1464 374
1 3 375 1459 2347 1467
1 3 1459 594 1465 2347
1 3 2347 1465 374 1466
1 3 1467 2347 1466 97
1 3 98 1448 2348 1470
1 3 1448 369 1468 2348
1 3 2348 1468 595 1469
1 3 1470 2348 1469 377
1 3 369 1446 2349 1468
1 3 1446 152 1460 2349
1 3 2349 1460 375 1471
1 3 1468 2349 1471 595
1 3 595 1471 2350 1473
1 3 1471 375 1467 2350
1 3 2350 1467 97 1472
1 3 1473 2350 1472 376
1 3 377 1469 2351 1475
1 3 1469 595 1473 2351
1 3 2351 1473 376 1474
1 3 1475 2351 1474 27
1 3 2622 3815 2352 1452
1 3 3815 2923 1476 2352
1 3 2352 1476 596 1477
1 3 1452 2352 1477 371
1 3 2923 3813 2353 1476
1 3 3813 2687 1478 2353
1 3 2353 1478 378 1479
1 3 1476 2353 1479 596
1 3 596 1479 2354 1482
1 3 1479 378 1480 2354
1 3 2354 1480 153 1481
1 3 1482 2354 1481 379
1 3 371 1477 2355 1454
1 3 1477 596 1482 2355
1 3 2355 1482 379 1483
1 3 1454 2355 1483 96
1 3 2687 3807 2356 1478
1 3 3807 2921 1484 2356
1 3 2356 1484 597 1485
1 3 1478 2356 1485 378
1 3 2921 3805 2357 1484
1 3 3805 2609 1306 2357
1 3 2357 1306 334 1486
1 3 1484 2357 1486 597
1 3 597 1486 2358 1488
1 3 1486 334 1313 2358
1 3 2358 1313 88 1487
1 3 1488 2358 1487 380
1 3 378 1485 2359 1480
1 3 1485 597 1488 2359
1 3 2359 1488 380 1489
1 3 1480 2359 1489 153
1 3 153 1489 2360 1492
1 3 1489 380 1490 2360
1 3 2360 1490 598 1491
1 3 1492 2360 1491 382
1 3 380 1487 2361 1490
1 3 1487 88 1334 2361
1 3 2361 1334 341 1493
1 3 1490 2361 1493 598
1 3 598 1493 2362 1495
1 3 1493 341 1339 2362
1 3 2362 1339 25 1494
1 3 1495 2362 1494 381
1 3 382 1491 2363 1497
1 3 1491 598 1495 2363
1 3 2363 1495 381 1496
1 3 1497 2363 1496 99
1 3 96 1483 2364 1461
1 3 1483 379 1498 2364
1 3 2364 1498 599 1499
1 3 1461 2364 1499 373
1 3 379 1481 2365 1498
1 3 1481 153 1492 2365
1 3 2365 1492 382 1500
1 3 1498 2365 1500 599
1 3 599 1500 2366 1502
1 3 1500 382 1497 2366
1 3 2366 1497 99 1501
1 3 1502 2366 1501 383
1 3 373 1499 2367 1463
1 3 1499 599 1502 2367
1 3 2367 1502 383 1503
1 3 1463 2367 1503 40
1 3 40 1503 2368 1506
1 3 1503 383 1504 2368
1 3 2368 1504 600 1505
1 3 1506 2368 1505 386
1 3 383 1501 2369 1504
1 3 1501 99 1507 2369
1 3 2369 1507 384 1508
1 3 1504 2369 1508 600
1 3 600 1508 2370 1511
1 3 1508 384 1509 2370
1 3 2370 1509 154 1510
1 3 1511 2370 1510 385
1 3 386 1505 2371 1513
1 3 1505 600 1511 2371
1 3 2371 1511 385 1512
1 3 1513 2371 1512 101
1 3 99 1496 2372 1507
1 3 1496 381 1514 2372
1 3 2372 1514 601 1515
1 3 1507 2372 1515 384
1 3 381 1494 2373 1514
1 3 1494 25 1410 2373
1 3 2373 1410 362 1516
1 3 1514 2373 1516 601
1 3 601 1516 2374 1518
1 3 1516 362 1417 2374
1 3 2374 1417 95 1517
1 3 1518 2374 1517 387
1 3 384 1515 2375 1509
1 3 1515 601 1518 2375
1 3 2375 1518 387 1519
1 3 1509 2375 1519 154
1 3 154 1519 2376 1522
1 3 1519 387 1520 2376
1 3 2376 1520 602 1521
1 3 1522 2376 1521 389
1 3 387 1517 2377 1520
1 3 1517 95 1434 2377
1 3 2377 1434 367 1523
1 3 1520 2377 1523 602
1 3 602 1523 2378 1525
1 3 1523 367 1439 2378
1 3 2378 1439 9 1524
1 3 1525 2378 1524 388
1 3 389 1521 2379 1527
1 3 1521 602 1525 2379
1 3 2379 1525 388 1526
1 3 1527 2379 1526 100
1 3 101 1512 2380 1530
1 3 1512 385 1528 2380
1 3 2380 1528 603 1529
1 3 1530 2380 1529 391
1 3 385 1510 2381 1528
1 3 1510 154 1522 2381
1 3 2381 1522 389 1531
1 3 1528 2381 1531 603
1 3 603 1531 2382 1533
1 3 1531 389 1527 2382
1 3 2382 1527 100 1532
1 3 1533 2382 1532 390
1 3 391 1529 2383 1535
1 3 1529 603 1533 2383
1 3 2383 1533 390 1534
1 3 1535 2383 1534 26
1 3 27 1474 2384 1538
1 3 1474 376 1536 2384
1 3 2384 1536 604 1537
1 3 1538 2384 1537 394
1 3 376 1472 2385 1536
1 3 1472 97 1539 2385
1 3 2385 1539 392 1540
1 3 1536 2385 1540 604
1 3 604 1540 2386 1543
1 3 1540 392 1541 2386
1 3 2386 1541 155 1542
1 3 1543 2386 1542 393
1 3 394 1537 2387 1545
1 3 1537 604 1543 2387
1 3 2387 1543 393 1544
1 3 1545 2387 1544 103
1 3 97 1466 2388 1539
1 3 1466 374 1546 2388
1 3 2388 1546 605 1547
1 3 1539 2388 1547 392
1 3 374 1464 2389 1546
1 3 1464 40 1506 2389
1 3 2389 1506 386 1548
1 3 1546 2389 1548 605
1 3 605 1548 2390 1550
1 3 1548 386 1513 2390
1 3 2390 1513 101 1549
1 3 1550 2390 1549 395
1 3 392 1547 2391 1541
1 3 1547 605 1550 2391
1 3 2391 1550 395 1551
1 3 1541 2391 1551 155
1 3 155 1551 2392 1554
1 3 1551 395 1552 2392
1 3 2392 1552 606 1553
1 3 1554 2392 1553 397
1 3 395 1549 2393 1552
1 3 1549 101 1530 2393
1 3 2393 1530 391 1555
1 3 1552 2393 1555 606
1 3 606 1555 2394 1557
1 3 1555 391 1535 2394
1 3 2394 1535 26 1556
1 3 1557 2394 1556 396
1 3 397 1553 2395 1559
1 3 1553 606 1557 2395
1 3 2395 1557 396 1558
1 3 1559 2395 1558 102
1 3 103 1544 2396 1562
1 3 1544 393 1560 2396
1 3 2396 1560 607 1561
1 3 1562 2396 1561 399
1 3 393 1542 2397 1560
1 3 1542 155 1554 2397
1 3 2397 1554 397 1563
1 3 1560 2397 1563 607
1 3 607 1563 2398 1565
1 3 1563 397 1559 2398
1 3 2398 1559 102 1564
1 3 1565 2398 1564 398
1 3 399 1561 2399 1567
1 3 1561 607 1565 2399
1 3 2399 1565 398 1566
1 3 1567 2399 1566 3
1 3 2605 1442 2400 3891
1 3 1442 370 1568 2400
1 3 2400 1568 608 1569
1 3 3891 2400 1569 2943
1 3 370 1449 2401 1568
1 3 1449 98 1570 2401
1 3 2401 1570 400 1571
1 3 1568 2401 1571 608
1 3 608 1571 2402 1574
1 3 1571 400 1572 2402
1 3 2402 1572 156 1573
1 3 1574 2402 1573 401
1 3 2943 1569 2403 3893
1 3 1569 608 1574 2403
1 3 2403 1574 401 1575
1 3 3893 2403 1575 2693
1 3 98 1470 2404 1570
1 3 1470 377 1576 2404
1 3 2404 1576 609 1577
1 3 1570 2404 1577 400
1 3 377 1475 2405 1576
1 3 1475 27 1578 2405
1 3 2405 1578 402 1579
1 3 1576 2405 1579 609
1 3 609 1579 2406 1582
1 3 1579 402 1580 2406
1 3 2406 1580 104 1581
1 3 1582 2406 1581 403
1 3 400 1577 2407 1572
1 3 1577 609 1582 2407
1 3 2407 1582 403 1583
1 3 1572 2407 1583 156
1 3 156 1583 2408 1586
1 3 1583 403 1584 2408
1 3 2408 1584 610 1585
1 3 1586 2408 1585 406
1 3 403 1581 2409 1584
1 3 1581 104 1587 2409
1 3 2409 1587 404 1588
1 3 1584 2409 1588 610
1 3 610 1588 2410 1591
1 3 1588 404 1589 2410
1 3 2410 1589 41 1590
1 3 1591 2410 1590 405
1 3 406 1585 2411 1593
1 3 1585 610 1591 2411
1 3 2411 1591 405 1592
1 3 1593 2411 1592 105
1 3 2693 1575 2412 3900
1 3 1575 401 1594 2412
1 3 2412 1594 611 1595
1 3 3900 2412 1595 2945
1 3 401 1573 2413 1594
1 3 1573 156 1586 2413
1 3 2413 1586 406 1596
1 3 1594 2413 1596 611
1 3 611 1596 2414 1598
1 3 1596 406 1593 2414
1 3 2414 1593 105 1597
1 3 1598 2414 1597 407
1 3 2945 1595 2415 3902
1 3 1595 611 1598 2415
1 3 2415 1598 407 1599
1 3 3902 2415 1599 2624
1 3 27 1538 2416 1578
1 3 1538 394 1600 2416
1 3 2416 1600 612 1601
1 3 1578 2416 1601 402
1 3 394 1545 2417 1600
1 3 1545 103 1602 2417
1 3 2417 1602 408 1603
1 3 1600 2417 1603 612
1 3 612 1603 2418 1606
1 3 1603 408 1604 2418
1 3 2418 1604 157 1605
1 3 1606 2418 1605 409
1 3 402 1601 2419 1580
1 3 1601 612 1606 2419
1 3 2419 1606 409 1607
1 3 1580 2419 1607 104
1 3 103 1562 2420 1602
1 3 1562 399 1608 2420
1 3 2420 1608 613 1609
1 3 1602 2420 1609 408
1 3 399 1567 2421 1608
1 3 1567 3 1610 2421
1 3 2421 1610 410 1611
1 3 1608 2421 1611 613
1 3 613 1611 2422 1614
1 3 1611 410 1612 2422
1 3 2422 1612 106 1613
1 3 1614 2422 1613 411
1 3 408 1609 2423 1604
1 3 1609 613 1614 2423
1 3 2423 1614 411 1615
1 3 1604 2423 1615 157
1 3 157 1615 2424 1618
1 3 1615 411 1616 2424
1 3 2424 1616 614 1617
1 3 1618 2424 1617 414
1 3 411 1613 2425 1616
1 3 1613 106 1619 2425
1 3 2425 1619 412 1620
1 3 1616 2425 1620 614
1 3 614 1620 2426 1623
1 3 1620 412 1621 2426
1 3 2426 1621 28 1622
1 3 1623 2426 1622 413
1 3 414 1617 2427 1625
1 3 1617 614 1623 2427
1 3 2427 1623 413 1624
1 3 1625 2427 1624 107
1 3 104 1607 2428 1587
1 3 1607 409 1626 2428
1 3 2428 1626 615 1627
1 3 1587 2428 1627 404
1 3 409 1605 2429 1626
1 3 1605 157 1618 2429
1 3 2429 1618 414 1628
1 3 1626 2429 1628 615
1 3 615 1628 2430 1630
1 3 1628 414 1625 2430
1 3 2430 1625 107 1629
1 3 1630 2430 1629 415
1 3 404 1627 2431 1589
1 3 1627 615 1630 2431
1 3 2431 1630 415 1631
1 3 1589 2431 1631 41
1 3 41 1631 2432 1634
1 3 1631 415 1632 2432
1 3 2432 1632 616 1633
1 3 1634 2432 1633 418
1 3 415 1629 2433 1632
1 3 1629 107 1635 2433
1 3 2433 1635 416 1636
1 3 1632 2433 1636 616
1 3 616 1636 2434 1639
1 3 1636 416 1637 2434
1 3 2434 1637 158 1638
1 3 1639 2434 1638 417
1 3 418 1633 2435 1641
1 3 1633 616 1639 2435
1 3 2435 1639 417 1640
1 3 1641 2435 1640 110
1 3 107 1624 2436 1635
1 3 1624 413 1642 2436
1 3 2436 1642 617 1643
1 3 1635 2436 1643 416
1 3 413 1622 2437 1642
1 3 1622 28 1644 2437
1 3 2437 1644 419 1645
1 3 1642 2437 1645 617
1 3 617 1645 2438 1648
1 3 1645 419 1646 2438
1 3 2438 1646 108 1647
1 3 1648 2438 1647 420
1 3 416 1643 2439 1637
1 3 1643 617 1648 2439
1 3 2439 1648 420 1649
1 3 1637 2439 1649 158
1 3 158 1649 2440 1652
1 3 1649 420 1650 2440
1 3 2440 1650 618 1651
1 3 1652 2440 1651 423
1 3 420 1647 2441 1650
1 3 1647 108 1653 2441
1 3 2441 1653 421 1654
1 3 1650 2441 1654 618
1 3 618 1654 2442 1657
1 3 1654 421 1655 2442
1 3 2442 1655 10 1656
1 3 1657 2442 1656 422
1 3 423 1651 2443 1659
1 3 1651 618 1657 2443
1 3 2443 1657 422 1658
1 3 1659 2443 1658 109
1 3 110 1640 2444 1662
1 3 1640 417 1660 2444
1 3 2444 1660 619 1661
1 3 1662 2444 1661 425
1 3 417 1638 2445 1660
1 3 1638 158 1652 2445
1 3 2445 1652 423 1663
1 3 1660 2445 1663 619
1 3 619 1663 2446 1665
1 3 1663 423 1659 2446
1 3 2446 1659 109 1664
1 3 1665 2446 1664 424
1 3 425 1661 2447 1667
1 3 1661 619 1665 2447
1 3 2447 1665 424 1666
1 3 1667 2447 1666 29
1 3 2624 1599 2448 3925
1 3 1599 407 1668 2448
1 3 2448 1668 620 1669
1 3 3925 2448 1669 2952
1 3 407 1597 2449 1668
1 3 1597 105 1670 2449
1 3 2449 1670 426 1671
1 3 1668 2449 1671 620
1 3 620 1671 2450 1674
1 3 1671 426 1672 2450
1 3 2450 1672 159 1673
1 3 1674 2450 1673 427
1 3 2952 1669 2451 3927
1 3 1669 620 1674 2451
1 3 2451 1674 427 1675
1 3 3927 2451 1675 2695
1 3 105 1592 2452 1670
1 3 1592 405 1676 2452
1 3 2452 1676 621 1677
1 3 1670 2452 1677 426
1 3 405 1590 2453 1676
1 3 1590 41 1634 2453
1 3 2453 1634 418 1678
1 3 1676 2453 1678 621
1 3 621 1678 2454 1680
1 3 1678 418 1641 2454
1 3 2454 1641 110 1679
1 3 1680 2454 1679 428
1 3 426 1677 2455 1672
1 3 1677 621 1680 2455
1 3 2455 1680 428 1681
1 3 1672 2455 1681 159
1 3 159 1681 2456 1684
1 3 1681 428 1682 2456
1 3 2456 1682 622 1683
1 3 1684 2456 1683 430
1 3 428 1679 2457 1682
1 3 1679 110 1662 2457
1 3 2457 1662 425 1685
1 3 1682 2457 1685 622
1 3 622 1685 2458 1687
1 3 1685 425 1667 2458
1 3 2458 1667 29 1686
1 3 1687 2458 1686 429
1 3 430 1683 2459 1689
1 3 1683 622 1687 2459
1 3 2459 1687 429 1688
1 3 1689 2459 1688 111
1 3 2695 1675 2460 3934
1 3 1675 427 1690 2460
1 3 2460 1690 623 1691
1 3 3934 2460 1691 2954
1 3 427 1673 2461 1690
1 3 1673 159 1684 2461
1 3 2461 1684 430 1692
1 3 1690 2461 1692 623
1 3 623 1692 2462 1694
1 3 1692 430 1689 2462
1 3 2462 1689 111 1693
1 3 1694 2462 1693 431
1 3 2954 1691 2463 3936
1 3 1691 623 1694 2463
1 3 2463 1694 431 1695
1 3 3936 2463 1695 2610
1 3 2610 1695 2464 1698
1 3 1695 431 1696 2464
1 3 2464 1696 624 1697
1 3 1698 2464 1697 434
1 3 431 1693 2465 1696
1 3 1693 111 1699 2465
1 3 2465 1699 432 1700
1 3 1696 2465 1700 624
1 3 624 1700 2466 1703
1 3 1700 432 1701 2466
1 3 2466 1701 160 1702
1 3 1703 2466 1702 433
1 3 434 1697 2467 1705
1 3 1697 624 1703 2467
1 3 2467 1703 433 1704
1 3 1705 2467 1704 114
1 3 111 1688 2468 1699
1 3 1688 429 1706 2468
1 3 2468 1706 625 1707
1 3 1699 2468 1707 432
1 3 429 1686 2469 1706
1 3 1686 29 1708 2469
1 3 2469 1708 435 1709
1 3 1706 2469 1709 625
1 3 625 1709 2470 1712
1 3 1709 435 1710 2470
1 3 2470 1710 112 1711
1 3 1712 2470 1711 436
1 3 432 1707 2471 1701
1 3 1707 625 1712 2471
1 3 2471 1712 436 1713
1 3 1701 2471 1713 160
1 3 160 1713 2472 1716
1 3 1713 436 1714 2472
1 3 2472 1714 626 1715
1 3 1716 2472 1715 439
1 3 436 1711 2473 1714
1 3 1711 112 1717 2473
1 3 2473 1717 437 1718
1 3 1714 2473 1718 626
1 3 626 1718 2474 1721
1 3 1718 437 1719 2474
1 3 2474 1719 42 1720
1 3 1721 2474 1720 438
1 3 439 1715 2475 1723
1 3 1715 626 1721 2475
1 3 2475 1721 438 1722
1 3 1723 2475 1722 113
1 3 114 1704 2476 1726
1 3 1704 433 1724 2476
1 3 2476 1724 627 1725
1 3 1726 2476 1725 441
1 3 433 1702 2477 1724
1 3 1702 160 1716 2477
1 3 2477 1716 439 1727
1 3 1724 2477 1727 627
1 3 627 1727 2478 1729
1 3 1727 439 1723 2478
1 3 2478 1723 113 1728
1 3 1729 2478 1728 440
1 3 441 1725 2479 1731
1 3 1725 627 1729 2479
1 3 2479 1729 440 1730
1 3 1731 2479 1730 32
1 3 29 1666 2480 1708
1 3 1666 424 1732 2480
1 3 2480 1732 628 1733
1 3 1708 2480 1733 435
1 3 424 1664 2481 1732
1 3 1664 109 1734 2481
1 3 2481 1734 442 1735
1 3 1732 2481 1735 628
1 3 628 1735 2482 1738
1 3 1735 442 1736 2482
1 3 2482 1736 161 1737
1 3 1738 2482 1737 443
1 3 435 1733 2483 1710
1 3 1733 628 1738 2483
1 3 2483 1738 443 1739
1 3 1710 2483 1739 112
1 3 109 1658 2484 1734
1 3 1658 422 1740 2484
1 3 2484 1740 629 1741
1 3 1734 2484 1741 442
1 3 422 1656 2485 1740
1 3 1656 10 1742 2485
1 3 2485 1742 444 1743
1 3 1740 2485 1743 629
1 3 629 1743 2486 1746
1 3 1743 444 1744 2486
1 3 2486 1744 115 1745
1 3 1746 2486 1745 445
1 3 442 1741 2487 1736
1 3 1741 629 1746 2487
1 3 2487 1746 445 1747
1 3 1736 2487 1747 161
1 3 161 1747 2488 1750
1 3 1747 445 1748 2488
1 3 2488 1748 630 1749
1 3 1750 2488 1749 448
1 3 445 1745 2489 1748
1 3 1745 115 1751 2489
1 3 2489 1751 446 1752
1 3 1748 2489 1752 630
1 3 630 1752 2490 1755
1 3 1752 446 1753 2490
1 3 2490 1753 30 1754
1 3 1755 2490 1754 447
1 3 448 1749 2491 1757
1 3 1749 630 1755 2491
1 3 2491 1755 447 1756
1 3 1757 2491 1756 116
1 3 112 1739 2492 1717
1 3 1739 443 1758 2492
1 3 2492 1758 631 1759
1 3 1717 2492 1759 437
1 3 443 1737 2493 1758
1 3 1737 161 1750 2493
1 3 2493 1750 448 1760
1 3 1758 2493 1760 631
1 3 631 1760 2494 1762
1 3 1760 448 1757 2494
1 3 2494 1757 116 1761
1 3 1762 2494 1761 449
1 3 437 1759 2495 1719
1 3 1759 631 1762 2495
1 3 2495 1762 449 1763
1 3 1719 2495 1763 42
1 3 42 1763 2496 1766
1 3 1763 449 1764 2496
1 3 2496 1764 632 1765
1 3 1766 2496 1765 452
1 3 449 1761 2497 1764
1 3 1761 116 1767 2497
1 3 2497 1767 450 1768
1 3 1764 2497 1768 632
1 3 632 1768 2498 1771
1 3 1768 450 1769 2498
1 3 2498 1769 162 1770
1 3 1771 2498 1770 451
1 3 452 1765 2499 1773
1 3 1765 632 1771 2499
1 3 2499 1771 451 1772
1 3 1773 2499 1772 119
1 3 116 1756 2500 1767
1 3 1756 447 1774 2500
1 3 2500 1774 633 1775
1 3 1767 2500 1775 450
1 3 447 1754 2501 1774
1 3 1754 30 1776 2501
1 3 2501 1776 453 1777
1 3 1774 2501 1777 633
1 3 633 1777 2502 1780
1 3 1777 453 1778 2502
1 3 2502 1778 117 1779
1 3 1780 2502 1779 454
1 3 450 1775 2503 1769
1 3 1775 633 1780 2503
1 3 2503 1780 454 1781
1 3 1769 2503 1781 162
1 3 162 1781 2504 1784
1 3 1781 454 1782 2504
1 3 2504 1782 634 1783
1 3 1784 2504 1783 457
1 3 454 1779 2505 1782
1 3 1779 117 1785 2505
1 3 2505 1785 455 1786
1 3 1782 2505 1786 634
1 3 634 1786 2506 1789
1 3 1786 455 1787 2506
1 3 2506 1787 5 1788
1 3 1789 2506 1788 456
1 3 457 1783 2507 1791
1 3 1783 634 1789 2507
1 3 2507 1789 456 1790
1 3 1791 2507 1790 118
1 3 119 1772 2508 1794
1 3 1772 451 1792 2508
1 3 2508 1792 635 1793
1 3 1794 2508 1793 459
1 3 451 1770 2509 1792
1 3 1770 162 1784 2509
1 3 2509 1784 457 1795
1 3 1792 2509 1795 635
1 3 635 1795 2510 1797
1 3 1795 457 1791 2510
1 3 2510 1791 118 1796
1 3 1797 2510 1796 458
1 3 459 1793 2511 1799
1 3 1793 635 1797 2511
1 3 2511 1797 458 1798
1 3 1799 2511 1798 31
1 3 32 1730 2512 1802
1 3 1730 440 1800 2512
1 3 2512 1800 636 1801
1 3 1802 2512 1801 462
1 3 440 1728 2513 1800
1 3 1728 113 1803 2513
1 3 2513 1803 460 1804
1 3 1800 2513 1804 636
1 3 636 1804 2514 1807
1 3 1804 460 1805 2514
1 3 2514 1805 163 1806
1 3 1807 2514 1806 461
1 3 462 1801 2515 1809
1 3 1801 636 1807 2515
1 3 2515 1807 461 1808
1 3 1809 2515 1808 121
1 3 113 1722 2516 1803
1 3 1722 438 1810 2516
1 3 2516 1810 637 1811
1 3 1803 2516 1811 460
1 3 438 1720 2517 1810
1 3 1720 42 1766 2517
1 3 2517 1766 452 1812
1 3 1810 2517 1812 637
1 3 637 1812 2518 1814
1 3 1812 452 1773 2518
1 3 2518 1773 119 1813
1 3 1814 2518 1813 463
1 3 460 1811 2519 1805
1 3 1811 637 1814 2519
1 3 2519 1814 463 1815
1 3 1805 2519 1815 163
1 3 163 1815 2520 1818
1 3 1815 463 1816 2520
1 3 2520 1816 638 1817
1 3 1818 2520 1817 465
1 3 463 1813 2521 1816
1 3 1813 119 1794 2521
1 3 2521 1794 459 1819
1 3 1816 2521 1819 638
1 3 638 1819 2522 1821
1 3 1819 459 1799 2522
1 3 2522 1799 31 1820
1 3 1821 2522 1820 464
1 3 465 1817 2523 1823
1 3 1817 638 1821 2523
1 3 2523 1821 464 1822
1 3 1823 2523 1822 120
1 3 121 1808 2524 1826
1 3 1808 461 1824 2524
1 3 2524 1824 639 1825
1 3 1826 2524 1825 467
1 3 461 1806 2525 1824
1 3 1806 163 1818 2525
1 3 2525 1818 465 1827
1 3 1824 2525 1827 639
1 3 639 1827 2526 1829
1 3 1827 465 1823 2526
1 3 2526 1823 120 1828
1 3 1829 2526 1828 466
1 3 467 1825 2527 1831
1 3 1825 639 1829 2527
1 3 2527 1829 466 1830
1 3 1831 2527 1830 11
1 3 2597 3976 2528 3977
1 3 3976 2964 1832 2528
1 3 2528 1832 640 1833
1 3 3977 2528 1833 2965
1 3 2964 3974 2529 1832
1 3 3974 2698 1834 2529
1 3 2529 1834 468 1835
1 3 1832 2529 1835 640
1 3 640 1835 2530 1838
1 3 1835 468 1836 2530
1 3 2530 1836 164 1837
1 3 1838 2530 1837 469
1 3 2965 1833 2531 3980
1 3 1833 640 1838 2531
1 3 2531 1838 469 1839
1 3 3980 2531 1839 2699
1 3 2698 3969 2532 1834
1 3 3969 2962 1840 2532
1 3 2532 1840 641 1841
1 3 1834 2532 1841 468
1 3 2962 3967 2533 1840
1 3 3967 2625 1842 2533
1 3 2533 1842 470 1843
1 3 1840 2533 1843 641
1 3 641 1843 2534 1846
1 3 1843 470 1844 2534
1 3 2534 1844 122 1845
1 3 1846 2534 1845 471
1 3 468 1841 2535 1836
1 3 1841 641 1846 2535
1 3 2535 1846 471 1847
1 3 1836 2535 1847 164
1 3 164 1847 2536 1850
1 3 1847 471 1848 2536
1 3 2536 1848 642 1849
1 3 1850 2536 1849 474
1 3 471 1845 2537 1848
1 3 1845 122 1851 2537
1 3 2537 1851 472 1852
1 3 1848 2537 1852 642
1 3 642 1852 2538 1855
1 3 1852 472 1853 2538
1 3 2538 1853 43 1854
1 3 1855 2538 1854 473
1 3 474 1849 2539 1857
1 3 1849 642 1855 2539
1 3 2539 1855 473 1856
1 3 1857 2539 1856 123
1 3 2699 1839 2540 3987
1 3 1839 469 1858 2540
1 3 2540 1858 643 1859
1 3 3987 2540 1859 2968
1 3 469 1837 2541 1858
1 3 1837 164 1850 2541
1 3 2541 1850 474 1860
1 3 1858 2541 1860 643
1 3 643 1860 2542 1862
1 3 1860 474 1857 2542
1 3 2542 1857 123 1861
1 3 1862 2542 1861 475
1 3 2968 1859 2543 3990
1 3 1859 643 1862 2543
1 3 2543 1862 475 1863
1 3 3990 2543 1863 2626
1 3 2625 3947 2544 1842
1 3 3947 2957 1864 2544
1 3 2544 1864 644 1865
1 3 1842 2544 1865 470
1 3 2957 3945 2545 1864
1 3 3945 2696 1866 2545
1 3 2545 1866 476 1867
1 3 1864 2545 1867 644
1 3 644 1867 2546 1870
1 3 1867 476 1868 2546
1 3 2546 1868 165 1869
1 3 1870 2546 1869 477
1 3 470 1865 2547 1844
1 3 1865 644 1870 2547
1 3 2547 1870 477 1871
1 3 1844 2547 1871 122
1 3 2696 3939 2548 1866
1 3 3939 2955 1872 2548
1 3 2548 1872 645 1873
1 3 1866 2548 1873 476
1 3 2955 3937 2549 1872
1 3 3937 2610 1698 2549
1 3 2549 1698 434 1874
1 3 1872 2549 1874 645
1 3 645 1874 2550 1876
1 3 1874 434 1705 2550
1 3 2550 1705 114 1875
1 3 1876 2550 1875 478
1 3 476 1873 2551 1868
1 3 1873 645 1876 2551
1 3 2551 1876 478 1877
1 3 1868 2551 1877 165
1 3 165 1877 2552 1880
1 3 1877 478 1878 2552
1 3 2552 1878 646 1879
1 3 1880 2552 1879 480
1 3 478 1875 2553 1878
1 3 1875 114 1726 2553
1 3 2553 1726 441 1881
1 3 1878 2553 1881 646
1 3 646 1881 2554 1883
1 3 1881 441 1731 2554
1 3 2554 1731 32 1882
1 3 1883 2554 1882 479
1 3 480 1879 2555 1885
1 3 1879 646 1883 2555
1 3 2555 1883 479 1884
1 3 1885 2555 1884 124
1 3 122 1871 2556 1851
1 3 1871 477 1886 2556
1 3 2556 1886 647 1887
1 3 1851 2556 1887 472
1 3 477 1869 2557 1886
1 3 1869 165 1880 2557
1 3 2557 1880 480 1888
1 3 1886 2557 1888 647
1 3 647 1888 2558 1890
1 3 1888 480 1885 2558
1 3 2558 1885 124 1889
1 3 1890 2558 1889 481
1 3 472 1887 2559 1853
1 3 1887 647 1890 2559
1 3 2559 1890 481 1891
1 3 1853 2559 1891 43
1 3 43 1891 2560 1894
1 3 1891 481 1892 2560
1 3 2560 1892 648 1893
1 3 1894 2560 1893 484
1 3 481 1889 2561 1892
1 3 1889 124 1895 2561
1 3 2561 1895 482 1896
1 3 1892 2561 1896 648
1 3 648 1896 2562 1899
1 3 1896 482 1897 2562
1 3 2562 1897 166 1898
1 3 1899 2562 1898 483
1 3 484 1893 2563 1901
1 3 1893 648 1899 2563
1 3 2563 1899 483 1900
1 3 1901 2563 1900 126
1 3 124 1884 2564 1895
1 3 1884 479 1902 2564
1 3 2564 1902 649 1903
1 3 1895 2564 1903 482
1 3 479 1882 2565 1902
1 3 1882 32 1802 2565
1 3 2565 1802 462 1904
1 3 1902 2565 1904 649
1 3 649 1904 2566 1906
1 3 1904 462 1809 2566
1 3 2566 1809 121 1905
1 3 1906 2566 1905 485
1 3 482 1903 2567 1897
1 3 1903 649 1906 2567
1 3 2567 1906 485 1907
1 3 1897 2567 1907 166
1 3 166 1907 2568 1910
1 3 1907 485 1908 2568
1 3 2568 1908 650 1909
1 3 1910 2568 1909 487
1 3 485 1905 2569 1908
1 3 1905 121 1826 2569
1 3 2569 1826 467 1911
1 3 1908 2569 1911 650
1 3 650 1911 2570 1913
1 3 1911 467 1831 2570
1 3 2570 1831 11 1912
1 3 1913 2570 1912 486
1 3 487 1909 2571 1915
1 3 1909 650 1913 2571
1 3 2571 1913 486 1914
1 3 1915 2571 1914 125
1 3 126 1900 2572 1918
1 3 1900 483 1916 2572
1 3 2572 1916 651 1917
1 3 1918 2572 1917 489
1 3 483 1898 2573 1916
1 3 1898 166 1910 2573
1 3 2573 1910 487 1919
1 3 1916 2573 1919 651
1 3 651 1919 2574 1921
1 3 1919 487 1915 2574
1 3 2574 1915 125 1920
1 3 1921 2574 1920 488
1 3 489 1917 2575 1923
1 3 1917 651 1921 2575
1 3 2575 1921 488 1922
1 3 1923 2575 1922 33
1 3 2626 1863 2576 4013
1 3 1863 475 1924 2576
1 3 2576 1924 652 1925
1 3 4013 2576 1925 2975
1 3 475 1861 2577 1924
1 3 1861 123 1926 2577
1 3 2577 1926 490 1927
1 3 1924 2577 1927 652
1 3 652 1927 2578 1930
1 3 1927 490 1928 2578
1 3 2578 1928 167 1929
1 3 1930 2578 1929 491
1 3 2975 1925 2579 4016
1 3 1925 652 1930 2579
1 3 2579 1930 491 1931
1 3 4016 2579 1931 2702
1 3 123 1856 2580 1926
1 3 1856 473 1932 2580
1 3 2580 1932 653 1933
1 3 1926 2580 1933 490
1 3 473 1854 2581 1932
1 3 1854 43 1894 2581
1 3 2581 1894 484 1934
1 3 1932 2581 1934 653
1 3 653 1934 2582 1936
1 3 1934 484 1901 2582
1 3 2582 1901 126 1935
1 3 1936 2582 1935 492
1 3 490 1933 2583 1928
1 3 1933 653 1936 2583
1 3 2583 1936 492 1937
1 3 1928 2583 1937 167
1 3 167 1937 2584 1940
1 3 1937 492 1938 2584
1 3 2584 1938 654 1939
1 3 1940 2584 1939 494
1 3 492 1935 2585 1938
1 3 1935 126 1918 2585
1 3 2585 1918 489 1941
1 3 1938 2585 1941 654
1 3 654 1941 2586 1943
1 3 1941 489 1923 2586
1 3 2586 1923 33 1942
1 3 1943 2586 1942 493
1 3 494 1939 2587 1945
1 3 1939 654 1943 2587
1 3 2587 1943 493 1944
1 3 1945 2587 1944 127
1 3 2702 1931 2588 4023
1 3 1931 491 1946 2588
1 3 2588 1946 655 1947
1 3 4023 2588 1947 2978
1 3 491 1929 2589 1946
1 3 1929 167 1940 2589
1 3 2589 1940 494 1948
1 3 1946 2589 1948 655
1 3 655 1948 2590 1950
1 3 1948 494 1945 2590
1 3 2590 1945 127 1949
1 3 1950 2590 1949 495
1 3 2978 1947 2591 4026
1 3 1947 655 1950 2591
1 3 2591 1950 495 1951
1 3 4026 2591 1951 2593
1 3 3350 2597 3351 4662
1 3 4747 3532 2607 3533
1 3 3534 4747 3533 2849
1 3 4748 3534 2849 3535
1 3 3536 4748 3535 2667
1 3 4751 3536 2667 3541
1 3 3542 4751 3541 2851
1 3 4752 3542 2851 3543
1 3 3544 4752 3543 2616
1 3 4763 3544 2616 3565
1 3 3566 4763 3565 2857
1 3 4764 3566 2857 3567
1 3 3568 4764 3567 2669
1 3 4767 3568 2669 3573
1 3 3574 4767 3573 2859
1 3 4768 3574 2859 3575
1 3 3576 4768 3575 2603
1 3 3576 2603 3623 4790
1 3 4790 3623 2873 3624
1 3 3624 2873 3625 4791
1 3 4791 3625 2674 3626
1 3 3626 2674 3632 4794
1 3 4794 3632 2875 3633
1 3 3633 2875 3634 4795
1 3 4795 3634 2618 3635
1 3 3635 2618 3657 4806
1 3 4806 3657 2882 3658
1 3 3658 2882 3659 4807
1 3 4807 3659 2676 3660
1 3 3660 2676 3666 4810
1 3 4810 3666 2884 3667
1 3 3667 2884 3668 4811
1 3 4811 3668 2608 3669
1 3 3670 4811 3669 2885
1 3 4812 3670 2885 3671
1 3 3672 4812 3671 2677
1 3 4815 3672 2677 3677
1 3 3678 4815 3677 2887
1 3 4816 3678 2887 3679
1 3 3680 4816 3679 2619
1 3 4827 3680 2619 3701
1 3 3702 4827 3701 2893
1 3 4828 3702 2893 3703
1 3 3704 4828 3703 2679
1 3 4831 3704 2679 3709
1 3 3710 4831 3709 2895
1 3 4832 3710 2895 3711
1 3 3712 4832 3711 2604
1 3 3712 2604 3759 4854
1 3 4854 3759 2909 3760
1 3 3760 2909 3761 4855
1 3 4855 3761 2684 3762
1 3 3762 2684 3768 4858
1 3 4858 3768 2911 3769
1 3 3769 2911 3770 4859
1 3 4859 3770 2621 3771
1 3 3771 2621 3793 4870
1 3 4870 3793 2918 3794
1 3 3794 2918 3795 4871
1 3 4871 3795 2686 3796
1 3 3796 2686 3802 4874
1 3 4874 3802 2920 3803
1 3 3803 2920 3804 4875
1 3 4875 3804 2609 3805
1 3 3806 4875 3805 2921
1 3 4876 3806 2921 3807
1 3 3808 4876 3807 2687
1 3 4879 3808 2687 3813
1 3 3814 4879 3813 2923
1 3 4880 3814 2923 3815
1 3 3816 4880 3815 2622
1 3 4891 3816 2622 3837
1 3 3838 4891 3837 2929
1 3 4892 3838 2929 3839
1 3 3840 4892 3839 2689
1 3 4895 3840 2689 3845
1 3 3846 4895 3845 2931
1 3 4896 3846 2931 3847
1 3 3848 4896 3847 2605
1 3 3848 2605 3891 4918
1 3 4918 3891 2943 3892
1 3 3892 2943 3893 4919
1 3 4919 3893 2693 3894
1 3 3894 2693 3900 4922
1 3 4922 3900 2945 3901
1 3 3901 2945 3902 4923
1 3 4923 3902 2624 3903
1 3 3903 2624 3925 4934
1 3 4934 3925 2952 3926
1 3 3926 2952 3927 4935
1 3 4935 3927 2695 3928
1 3 3928 2695 3934 4938
1 3 4938 3934 2954 3935
1 3 3935 2954 3936 4939
1 3 4939 3936 2610 3937
1 3 3938 4939 3937 2955
1 3 4940 3938 2955 3939
1 3 3940 4940 3939 2696
1 3 4943 3940 2696 3945
1 3 3946 4943 3945 2957
1 3 4944 3946 2957 3947
1 3 3948 4944 3947 2625
1 3 4955 3948 2625 3967
1 3 3968 4955 3967 2962
1 3 4956 3968 2962 3969
1 3 3970 4956 3969 2698
1 3 4959 3970 2698 3974
1 3 3975 4959 3974 2964
1 3 4960 3975 2964 3976
1 3 3350 4960 3976 2597
1 3 2597 3977 4961 3351
1 3 3977 2965 3978 4961
1 3 2965 3980 4962 3978
1 3 3980 2699 3981 4962
1 3 2699 3987 4965 3981
1 3 3987 2968 3988 4965
1 3 2968 3990 4966 3988
1 3 3990 2626 3991 4966
1 3 2626 4013 4977 3991
1 3 4013 2975 4014 4977
1 3 2975 4016 4978 4014
1 3 4016 2702 4017 4978
1 3 2702 4023 4981 4017
1 3 4023 2978 4024 4981
1 3 2978 4026 4982 4024
1 3 4026 2593 4027 4982
1 3 3532 5216 4504 2607
1 3 2607 4504 5217 4507
1 3 4507 5217 4506 3103
1 3 3103 4506 5220 4514
1 3 4514 5220 4513 2737
1 3 2737 4513 5229 4535
1 3 4535 5229 4534 3110
1 3 3110 4534 5232 4540
1 3 4540 5232 4539 2638
1 3 2638 4539 5265 4611
1 3 4611 5265 4610 3131
1 3 3131 4610 5268 4618
1 3 4618 5268 4617 2744
1 3 2744 4617 5277 4635
1 3 4635 5277 4634 3136
1 3 3136 4634 5280 4640
1 3 4640 5280 4639 2602
1 3 2800 3350 4662 3348
1 3 4662 3351 2801 3352
1 3 3348 4662 3352 3142
1 3 3142 3352 4663 3355
1 3 3352 2801 3353 4663
1 3 4663 3353 2654 3354
1 3 3355 4663 3354 2802
1 3 3349 3142 3355 4664
1 3 4664 3355 2802 3356
1 3 3343 4664 3356 2746
1 3 2746 3356 4665 3359
1 3 3356 2802 3357 4665
1 3 4665 3357 3143 3358
1 3 3359 4665 3358 2805
1 3 2802 3354 4666 3357
1 3 3354 2654 3360 4666
1 3 4666 3360 2803 3361
1 3 3357 4666 3361 3143
1 3 3143 3361 4667 3364
1 3 3361 2803 3362 4667
1 3 4667 3362 2612 3363
1 3 3364 4667 3363 2804
1 3 2805 3358 4668 3366
1 3 3358 3143 3364 4668
1 3 4668 3364 2804 3365
1 3 3366 4668 3365 2655
1 3 3344 2746 3359 4670
1 3 4670 3359 2805 3369
1 3 3367 4670 3369 3144
1 3 3144 3369 4671 3371
1 3 3369 2805 3366 4671
1 3 4671 3366 2655 3370
1 3 3371 4671 3370 2806
1 3 3368 3144 3371 4672
1 3 4672 3371 2806 3372
1 3 3324 4672 3372 2639
1 3 2639 3372 4673 3375
1 3 3372 2806 3373 4673
1 3 4673 3373 3145 3374
1 3 3375 4673 3374 2809
1 3 2806 3370 4674 3373
1 3 3370 2655 3376 4674
1 3 4674 3376 2807 3377
1 3 3373 4674 3377 3145
1 3 3145 3377 4675 3380
1 3 3377 2807 3378 4675
1 3 4675 3378 2747 3379
1 3 3380 4675 3379 2808
1 3 2809 3374 4676 3382
1 3 3374 3145 3380 4676
1 3 4676 3380 2808 3381
1 3 3382 4676 3381 2658
1 3 2655 3365 4677 3376
1 3 3365 2804 3383 4677
1 3 4677 3383 3146 3384
1 3 3376 4677 3384 2807
1 3 2804 3363 4678 3383
1 3 3363 2612 3385 4678
1 3 4678 3385 2810 3386
1 3 3383 4678 3386 3146
1 3 3146 3386 4679 3389
1 3 3386 2810 3387 4679
1 3 4679 3387 2656 3388
1 3 3389 4679 3388 2811
1 3 2807 3384 4680 3378
1 3 3384 3146 3389 4680
1 3 4680 3389 2811 3390
1 3 3378 4680 3390 2747
1 3 2747 3390 4681 3393
1 3 3390 2811 3391 4681
1 3 4681 3391 3147 3392
1 3 3393 4681 3392 2814
1 3 2811 3388 4682 3391
1 3 3388 2656 3394 4682
1 3 4682 3394 2812 3395
1 3 3391 4682 3395 3147
1 3 3147 3395 4683 3398
1 3 3395 2812 3396 4683
1 3 4683 3396 2606 3397
1 3 3398 4683 3397 2813
1 3 2814 3392 4684 3400
1 3 3392 3147 3398 4684
1 3 4684 3398 2813 3399
1 3 3400 4684 3399 2657
1 3 2658 3381 4685 3403
1 3 3381 2808 3401 4685
1 3 4685 3401 3148 3402
1 3 3403 4685 3402 2816
1 3 2808 3379 4686 3401
1 3 3379 2747 3393 4686
1 3 4686 3393 2814 3404
1 3 3401 4686 3404 3148
1 3 3148 3404 4687 3406
1 3 3404 2814 3400 4687
1 3 4687 3400 2657 3405
1 3 3406 4687 3405 2815
1 3 2816 3402 4688 3408
1 3 3402 3148 3406 4688
1 3 4688 3406 2815 3407
1 3 3408 4688 3407 2613
1 3 3325 2639 3375 4694
1 3 4694 3375 2809 3421
1 3 3419 4694 3421 3150
1 3 3150 3421 4695 3423
1 3 3421 2809 3382 4695
1 3 4695 3382 2658 3422
1 3 3423 4695 3422 2820
1 3 3420 3150 3423 4696
1 3 4696 3423 2820 3424
1 3 3414 4696 3424 2748
1 3 2748 3424 4697 3427
1 3 3424 2820 3425 4697
1 3 4697 3425 3151 3426
1 3 3427 4697 3426 2822
1 3 2820 3422 4698 3425
1 3 3422 2658 3403 4698
1 3 4698 3403 2816 3428
1 3 3425 4698 3428 3151
1 3 3151 3428 4699 3430
1 3 3428 2816 3408 4699
1 3 4699 3408 2613 3429
1 3 3430 4699 3429 2821
1 3 2822 3426 4700 3432
1 3 3426 3151 3430 4700
1 3 4700 3430 2821 3431
1 3 3432 4700 3431 2659
1 3 3415 2748 3427 4702
1 3 4702 3427 2822 3436
1 3 3433 4702 3436 3152
1 3 3152 3436 4703 3438
1 3 3436 2822 3432 4703
1 3 4703 3432 2659 3437
1 3 3438 4703 3437 2823
1 3 3434 3152 3438 4704
1 3 4704 3438 2823 3439
1 3 3440 4704 3439 2600
1 3 3440 2600 3487 4726
1 3 4726 3487 2837 3488
1 3 3485 4726 3488 3158
1 3 3158 3488 4727 3491
1 3 3488 2837 3489 4727
1 3 4727 3489 2664 3490
1 3 3491 4727 3490 2838
1 3 3486 3158 3491 4728
1 3 4728 3491 2838 3492
1 3 3481 4728 3492 2750
1 3 2750 3492 4729 3495
1 3 3492 2838 3493 4729
1 3 4729 3493 3159 3494
1 3 3495 4729 3494 2841
1 3 2838 3490 4730 3493
1 3 3490 2664 3496 4730
1 3 4730 3496 2839 3497
1 3 3493 4730 3497 3159
1 3 3159 3497 4731 3500
1 3 3497 2839 3498 4731
1 3 4731 3498 2615 3499
1 3 3500 4731 3499 2840
1 3 2841 3494 4732 3502
1 3 3494 3159 3500 4732
1 3 4732 3500 2840 3501
1 3 3502 4732 3501 2665
1 3 3482 2750 3495 4734
1 3 4734 3495 2841 3505
1 3 3503 4734 3505 3160
1 3 3160 3505 4735 3507
1 3 3505 2841 3502 4735
1 3 4735 3502 2665 3506
1 3 3507 4735 3506 2842
1 3 3504 3160 3507 4736
1 3 4736 3507 2842 3508
1 3 3464 4736 3508 2640
1 3 2640 3508 4737 3511
1 3 3508 2842 3509 4737
1 3 4737 3509 3161 3510
1 3 3511 4737 3510 2845
1 3 2842 3506 4738 3509
1 3 3506 2665 3512 4738
1 3 4738 3512 2843 3513
1 3 3509 4738 3513 3161
1 3 3161 3513 4739 3516
1 3 3513 2843 3514 4739
1 3 4739 3514 2751 3515
1 3 3516 4739 3515 2844
1 3 2845 3510 4740 3518
1 3 3510 3161 3516 4740
1 3 4740 3516 2844 3517
1 3 3518 4740 3517 2668
1 3 2665 3501 4741 3512
1 3 3501 2840 3519 4741
1 3 4741 3519 3162 3520
1 3 3512 4741 3520 2843
1 3 2840 3499 4742 3519
1 3 3499 2615 3521 4742
1 3 4742 3521 2846 3522
1 3 3519 4742 3522 3162
1 3 3162 3522 4743 3525
1 3 3522 2846 3523 4743
1 3 4743 3523 2666 3524
1 3 3525 4743 3524 2847
1 3 2843 3520 4744 3514
1 3 3520 3162 3525 4744
1 3 4744 3525 2847 3526
1 3 3514 4744 3526 2751
1 3 2751 3526 4745 3529
1 3 3526 2847 3527 4745
1 3 4745 3527 3163 3528
1 3 3529 4745 3528 2850
1 3 2847 3524 4746 3527
1 3 3524 2666 3530 4746
1 3 4746 3530 2848 3531
1 3 3527 4746 3531 3163
1 3 3163 3531 4747 3534
1 3 3531 2848 3532 4747
1 3 2850 3528 4748 3536
1 3 3528 3163 3534 4748
1 3 2668 3517 4749 3539
1 3 3517 2844 3537 4749
1 3 4749 3537 3164 3538
1 3 3539 4749 3538 2852
1 3 2844 3515 4750 3537
1 3 3515 2751 3529 4750
1 3 4750 3529 2850 3540
1 3 3537 4750 3540 3164
1 3 3164 3540 4751 3542
1 3 3540 2850 3536 4751
1 3 2852 3538 4752 3544
1 3 3538 3164 3542 4752
1 3 3465 2640 3511 4758
1 3 4758 3511 2845 3557
1 3 3555 4758 3557 3166
1 3 3166 3557 4759 3559
1 3 3557 2845 3518 4759
1 3 4759 3518 2668 3558
1 3 3559 4759 3558 2856
1 3 3556 3166 3559 4760
1 3 4760 3559 2856 3560
1 3 3550 4760 3560 2752
1 3 2752 3560 4761 3563
1 3 3560 2856 3561 4761
1 3 4761 3561 3167 3562
1 3 3563 4761 3562 2858
1 3 2856 3558 4762 3561
1 3 3558 2668 3539 4762
1 3 4762 3539 2852 3564
1 3 3561 4762 3564 3167
1 3 3167 3564 4763 3566
1 3 3564 2852 3544 4763
1 3 2858 3562 4764 3568
1 3 3562 3167 3566 4764
1 3 3551 2752 3563 4766
1 3 4766 3563 2858 3572
1 3 3569 4766 3572 3168
1 3 3168 3572 4767 3574
1 3 3572 2858 3568 4767
1 3 2860 3570 4768 3576
1 3 3570 3168 3574 4768
1 3 2860 3576 4790 3621
1 3 3621 4790 3624 3174
1 3 3174 3624 4791 3627
1 3 3627 4791 3626 2874
1 3 3622 3174 3627 4792
1 3 4792 3627 2874 3628
1 3 3617 4792 3628 2754
1 3 2754 3628 4793 3631
1 3 3628 2874 3629 4793
1 3 4793 3629 3175 3630
1 3 3631 4793 3630 2877
1 3 2874 3626 4794 3629
1 3 3629 4794 3633 3175
1 3 3175 3633 4795 3636
1 3 3636 4795 3635 2876
1 3 2877 3630 4796 3638
1 3 3630 3175 3636 4796
1 3 4796 3636 2876 3637
1 3 3638 4796 3637 2675
1 3 3618 2754 3631 4798
1 3 4798 3631 2877 3641
1 3 3639 4798 3641 3176
1 3 3176 3641 4799 3643
1 3 3641 2877 3638 4799
1 3 4799 3638 2675 3642
1 3 3643 4799 3642 2878
1 3 3640 3176 3643 4800
1 3 4800 3643 2878 3644
1 3 3600 4800 3644 2641
1 3 2641 3644 4801 3647
1 3 3644 2878 3645 4801
1 3 4801 3645 3177 3646
1 3 3647 4801 3646 2881
1 3 2878 3642 4802 3645
1 3 3642 2675 3648 4802
1 3 4802 3648 2879 3649
1 3 3645 4802 3649 3177
1 3 3177 3649 4803 3652
1 3 3649 2879 3650 4803
1 3 4803 3650 2755 3651
1 3 3652 4803 3651 2880
1 3 2881 3646 4804 3654
1 3 3646 3177 3652 4804
1 3 4804 3652 2880 3653
1 3 3654 4804 3653 2678
1 3 2675 3637 4805 3648
1 3 3637 2876 3655 4805
1 3 4805 3655 3178 3656
1 3 3648 4805 3656 2879
1 3 2876 3635 4806 3655
1 3 3655 4806 3658 3178
1 3 3178 3658 4807 3661
1 3 3661 4807 3660 2883
1 3 2879 3656 4808 3650
1 3 3656 3178 3661 4808
1 3 4808 3661 2883 3662
1 3 3650 4808 3662 2755
1 3 2755 3662 4809 3665
1 3 3662 2883 3663 4809
1 3 4809 3663 3179 3664
1 3 3665 4809 3664 2886
1 3 2883 3660 4810 3663
1 3 3663 4810 3667 3179
1 3 3179 3667 4811 3670
1 3 2886 3664 4812 3672
1 3 3664 3179 3670 4812
1 3 2678 3653 4813 3675
1 3 3653 2880 3673 4813
1 3 4813 3673 3180 3674
1 3 3675 4813 3674 2888
1 3 2880 3651 4814 3673
1 3 3651 2755 3665 4814
1 3 4814 3665 2886 3676
1 3 3673 4814 3676 3180
1 3 3180 3676 4815 3678
1 3 3676 2886 3672 4815
1 3 2888 3674 4816 3680
1 3 3674 3180 3678 4816
1 3 3601 2641 3647 4822
1 3 4822 3647 2881 3693
1 3 3691 4822 3693 3182
1 3 3182 3693 4823 3695
1 3 3693 2881 3654 4823
1 3 4823 3654 2678 3694
1 3 3695 4823 3694 2892
1 3 3692 3182 3695 4824
1 3 4824 3695 2892 3696
1 3 3686 4824 3696 2756
1 3 2756 3696 4825 3699
1 3 3696 2892 3697 4825
1 3 4825 3697 3183 3698
1 3 3699 4825 3698 2894
1 3 2892 3694 4826 3697
1 3 3694 2678 3675 4826
1 3 4826 3675 2888 3700
1 3 3697 4826 3700 3183
1 3 3183 3700 4827 3702
1 3 3700 2888 3680 4827
1 3 2894 3698 4828 3704
1 3 3698 3183 3702 4828
1 3 3687 2756 3699 4830
1 3 4830 3699 2894 3708
1 3 3705 4830 3708 3184
1 3 3184 3708 4831 3710
1 3 3708 2894 3704 4831
1 3 2896 3706 4832 3712
1 3 3706 3184 3710 4832
1 3 2896 3712 4854 3757
1 3 3757 4854 3760 3190
1 3 3190 3760 4855 3763
1 3 3763 4855 3762 2910
1 3 3758 3190 3763 4856
1 3 4856 3763 2910 3764
1 3 3753 4856 3764 2758
1 3 2758 3764 4857 3767
1 3 3764 2910 3765 4857
1 3 4857 3765 3191 3766
1 3 3767 4857 3766 2913
1 3 2910 3762 4858 3765
1 3 3765 4858 3769 3191
1 3 3191 3769 4859 3772
1 3 3772 4859 3771 2912
1 3 2913 3766 4860 3774
1 3 3766 3191 3772 4860
1 3 4860 3772 2912 3773
1 3 3774 4860 3773 2685
1 3 3754 2758 3767 4862
1 3 4862 3767 2913 3777
1 3 3775 4862 3777 3192
1 3 3192 3777 4863 3779
1 3 3777 2913 3774 4863
1 3 4863 3774 2685 3778
1 3 3779 4863 3778 2914
1 3 3776 3192 3779 4864
1 3 4864 3779 2914 3780
1 3 3736 4864 3780 2642
1 3 2642 3780 4865 3783
1 3 3780 2914 3781 4865
1 3 4865 3781 3193 3782
1 3 3783 4865 3782 2917
1 3 2914 3778 4866 3781
1 3 3778 2685 3784 4866
1 3 4866 3784 2915 3785
1 3 3781 4866 3785 3193
1 3 3193 3785 4867 3788
1 3 3785 2915 3786 4867
1 3 4867 3786 2759 3787
1 3 3788 4867 3787 2916
1 3 2917 3782 4868 3790
1 3 3782 3193 3788 4868
1 3 4868 3788 2916 3789
1 3 3790 4868 3789 2688
1 3 2685 3773 4869 3784
1 3 3773 2912 3791 4869
1 3 4869 3791 3194 3792
1 3 3784 4869 3792 2915
1 3 2912 3771 4870 3791
1 3 3791 4870 3794 3194
1 3 3194 3794 4871 3797
1 3 3797 4871 3796 2919
1 3 2915 3792 4872 3786
1 3 3792 3194 3797 4872
1 3 4872 3797 2919 3798
1 3 3786 4872 3798 2759
1 3 2759 3798 4873 3801
1 3 3798 2919 3799 4873
1 3 4873 3799 3195 3800
1 3 3801 4873 3800 2922
1 3 2919 3796 4874 3799
1 3 3799 4874 3803 3195
1 3 3195 3803 4875 3806
1 3 2922 3800 4876 3808
1 3 3800 3195 3806 4876
1 3 2688 3789 4877 3811
1 3 3789 2916 3809 4877
1 3 4877 3809 3196 3810
1 3 3811 4877 3810 2924
1 3 2916 3787 4878 3809
1 3 3787 2759 3801 4878
1 3 4878 3801 2922 3812
1 3 3809 4878 3812 3196
1 3 3196 3812 4879 3814
1 3 3812 2922 3808 4879
1 3 2924 3810 4880 3816
1 3 3810 3196 3814 4880
1 3 3737 2642 3783 4886
1 3 4886 3783 2917 3829
1 3 3827 4886 3829 3198
1 3 3198 3829 4887 3831
1 3 3829 2917 3790 4887
1 3 4887 3790 2688 3830
1 3 3831 4887 3830 2928
1 3 3828 3198 3831 4888
1 3 4888 3831 2928 3832
1 3 3822 4888 3832 2760
1 3 2760 3832 4889 3835
1 3 3832 2928 3833 4889
1 3 4889 3833 3199 3834
1 3 3835 4889 3834 2930
1 3 2928 3830 4890 3833
1 3 3830 2688 3811 4890
1 3 4890 3811 2924 3836
1 3 3833 4890 3836 3199
1 3 3199 3836 4891 3838
1 3 3836 2924 3816 4891
1 3 2930 3834 4892 3840
1 3 3834 3199 3838 4892
1 3 3823 2760 3835 4894
1 3 4894 3835 2930 3844
1 3 3841 4894 3844 3200
1 3 3200 3844 4895 3846
1 3 3844 2930 3840 4895
1 3 2932 3842 4896 3848
1 3 3842 3200 3846 4896
1 3 2932 3848 4918 3889
1 3 3889 4918 3892 3206
1 3 3206 3892 4919 3895
1 3 3895 4919 3894 2944
1 3 3890 3206 3895 4920
1 3 4920 3895 2944 3896
1 3 3885 4920 3896 2762
1 3 2762 3896 4921 3899
1 3 3896 2944 3897 4921
1 3 4921 3897 3207 3898
1 3 3899 4921 3898 2947
1 3 2944 3894 4922 3897
1 3 3897 4922 3901 3207
1 3 3207 3901 4923 3904
1 3 3904 4923 3903 2946
1 3 2947 3898 4924 3906
1 3 3898 3207 3904 4924
1 3 4924 3904 2946 3905
1 3 3906 4924 3905 2694
1 3 3886 2762 3899 4926
1 3 4926 3899 2947 3909
1 3 3907 4926 3909 3208
1 3 3208 3909 4927 3911
1 3 3909 2947 3906 4927
1 3 4927 3906 2694 3910
1 3 3911 4927 3910 2948
1 3 3908 3208 3911 4928
1 3 4928 3911 2948 3912
1 3 3870 4928 3912 2643
1 3 2643 3912 4929 3915
1 3 3912 2948 3913 4929
1 3 4929 3913 3209 3914
1 3 3915 4929 3914 2951
1 3 2948 3910 4930 3913
1 3 3910 2694 3916 4930
1 3 4930 3916 2949 3917
1 3 3913 4930 3917 3209
1 3 3209 3917 4931 3920
1 3 3917 2949 3918 4931
1 3 4931 3918 2763 3919
1 3 3920 4931 3919 2950
1 3 2951 3914 4932 3922
1 3 3914 3209 3920 4932
1 3 4932 3920 2950 3921
1 3 3922 4932 3921 2697
1 3 2694 3905 4933 3916
1 3 3905 2946 3923 4933
1 3 4933 3923 3210 3924
1 3 3916 4933 3924 2949
1 3 2946 3903 4934 3923
1 3 3923 4934 3926 3210
1 3 3210 3926 4935 3929
1 3 3929 4935 3928 2953
1 3 2949 3924 4936 3918
1 3 3924 3210 3929 4936
1 3 4936 3929 2953 3930
1 3 3918 4936 3930 2763
1 3 2763 3930 4937 3933
1 3 3930 2953 3931 4937
1 3 4937 3931 3211 3932
1 3 3933 4937 3932 2956
1 3 2953 3928 4938 3931
1 3 3931 4938 3935 3211
1 3 3211 3935 4939 3938
1 3 2956 3932 4940 3940
1 3 3932 3211 3938 4940
1 3 2697 3921 4941 3943
1 3 3921 2950 3941 4941
1 3 4941 3941 3212 3942
1 3 3943 4941 3942 2958
1 3 2950 3919 4942 3941
1 3 3919 2763 3933 4942
1 3 4942 3933 2956 3944
1 3 3941 4942 3944 3212
1 3 3212 3944 4943 3946
1 3 3944 2956 3940 4943
1 3 2958 3942 4944 3948
1 3 3942 3212 3946 4944
1 3 3871 2643 3915 4950
1 3 4950 3915 2951 3959
1 3 3957 4950 3959 3214
1 3 3214 3959 4951 3961
1 3 3959 2951 3922 4951
1 3 4951 3922 2697 3960
1 3 3961 4951 3960 2961
1 3 3958 3214 3961 4952
1 3 4952 3961 2961 3962
1 3 3953 4952 3962 2764
1 3 2764 3962 4953 3965
1 3 3962 2961 3963 4953
1 3 4953 3963 3215 3964
1 3 3965 4953 3964 2963
1 3 2961 3960 4954 3963
1 3 3960 2697 3943 4954
1 3 4954 3943 2958 3966
1 3 3963 4954 3966 3215
1 3 3215 3966 4955 3968
1 3 3966 2958 3948 4955
1 3 2963 3964 4956 3970
1 3 3964 3215 3968 4956
1 3 3954 2764 3965 4958
1 3 4958 3965 2963 3973
1 3 3971 4958 3973 3216
1 3 3216 3973 4959 3975
1 3 3973 2963 3970 4959
1 3 2800 3972 4960 3350
1 3 3972 3216 3975 4960
1 3 4961 3978 3217 3979
1 3 3351 4961 3979 2801
1 3 4962 3981 2966 3982
1 3 3978 4962 3982 3217
1 3 3217 3982 4963 3985
1 3 3982 2966 3983 4963
1 3 4963 3983 2765 3984
1 3 3985 4963 3984 2967
1 3 2801 3979 4964 3353
1 3 3979 3217 3985 4964
1 3 4964 3985 2967 3986
1 3 3353 4964 3986 2654
1 3 4965 3988 3218 3989
1 3 3981 4965 3989 2966
1 3 4966 3991 2969 3992
1 3 3988 4966 3992 3218
1 3 3218 3992 4967 3995
1 3 3992 2969 3993 4967
1 3 4967 3993 2700 3994
1 3 3995 4967 3994 2970
1 3 2966 3989 4968 3983
1 3 3989 3218 3995 4968
1 3 4968 3995 2970 3996
1 3 3983 4968 3996 2765
1 3 2765 3996 4969 3999
1 3 3996 2970 3997 4969
1 3 4969 3997 3219 3998
1 3 3999 4969 3998 2973
1 3 2970 3994 4970 3997
1 3 3994 2700 4000 4970
1 3 4970 4000 2971 4001
1 3 3997 4970 4001 3219
1 3 3219 4001 4971 4004
1 3 4001 2971 4002 4971
1 3 4971 4002 2644 4003
1 3 4004 4971 4003 2972
1 3 2973 3998 4972 4006
1 3 3998 3219 4004 4972
1 3 4972 4004 2972 4005
1 3 4006 4972 4005 2701
1 3 2654 3986 4973 3360
1 3 3986 2967 4007 4973
1 3 4973 4007 3220 4008
1 3 3360 4973 4008 2803
1 3 2967 3984 4974 4007
1 3 3984 2765 3999 4974
1 3 4974 3999 2973 4009
1 3 4007 4974 4009 3220
1 3 3220 4009 4975 4011
1 3 4009 2973 4006 4975
1 3 4975 4006 2701 4010
1 3 4011 4975 4010 2974
1 3 2803 4008 4976 3362
1 3 4008 3220 4011 4976
1 3 4976 4011 2974 4012
1 3 3362 4976 4012 2612
1 3 4977 4014 3221 4015
1 3 3991 4977 4015 2969
1 3 4978 4017 2976 4018
1 3 4014 4978 4018 3221
1 3 3221 4018 4979 4021
1 3 4018 2976 4019 4979
1 3 4979 4019 2766 4020
1 3 4021 4979 4020 2977
1 3 2969 4015 4980 3993
1 3 4015 3221 4021 4980
1 3 4980 4021 2977 4022
1 3 3993 4980 4022 2700
1 3 4981 4024 3222 4025
1 3 4017 4981 4025 2976
1 3 4982 4027 2979 4028
1 3 4024 4982 4028 3222
1 3 3222 4028 4983 4031
1 3 4028 2979 4029 4983
1 3 4983 4029 2703 4030
1 3 4031 4983 4030 2980
1 3 2976 4025 4984 4019
1 3 4025 3222 4031 4984
1 3 4984 4031 2980 4032
1 3 4019 4984 4032 2766
1 3 2766 4032 4985 4035
1 3 4032 2980 4033 4985
1 3 4985 4033 3223 4034
1 3 4035 4985 4034 2983
1 3 2980 4030 4986 4033
1 3 4030 2703 4036 4986
1 3 4986 4036 2981 4037
1 3 4033 4986 4037 3223
1 3 3223 4037 4987 4040
1 3 4037 2981 4038 4987
1 3 4987 4038 2627 4039
1 3 4040 4987 4039 2982
1 3 2983 4034 4988 4042
1 3 4034 3223 4040 4988
1 3 4988 4040 2982 4041
1 3 4042 4988 4041 2704
1 3 2700 4022 4989 4000
1 3 4022 2977 4043 4989
1 3 4989 4043 3224 4044
1 3 4000 4989 4044 2971
1 3 2977 4020 4990 4043
1 3 4020 2766 4035 4990
1 3 4990 4035 2983 4045
1 3 4043 4990 4045 3224
1 3 3224 4045 4991 4047
1 3 4045 2983 4042 4991
1 3 4991 4042 2704 4046
1 3 4047 4991 4046 2984
1 3 2971 4044 4992 4002
1 3 4044 3224 4047 4992
1 3 4992 4047 2984 4048
1 3 4002 4992 4048 2644
1 3 2644 4048 4993 4051
1 3 4048 2984 4049 4993
1 3 4993 4049 3225 4050
1 3 4051 4993 4050 2987
1 3 2984 4046 4994 4049
1 3 4046 2704 4052 4994
1 3 4994 4052 2985 4053
1 3 4049 4994 4053 3225
1 3 3225 4053 4995 4056
1 3 4053 2985 4054 4995
1 3 4995 4054 2767 4055
1 3 4056 4995 4055 2986
1 3 2987 4050 4996 4058
1 3 4050 3225 4056 4996
1 3 4996 4056 2986 4057
1 3 4058 4996 4057 2707
1 3 2704 4041 4997 4052
1 3 4041 2982 4059 4997
1 3 4997 4059 3226 4060
1 3 4052 4997 4060 2985
1 3 2982 4039 4998 4059
1 3 4039 2627 4061 4998
1 3 4998 4061 2988 4062
1 3 4059 4998 4062 3226
1 3 3226 4062 4999 4065
1 3 4062 2988 4063 4999
1 3 4999 4063 2705 4064
1 3 4065 4999 4064 2989
1 3 2985 4060 5000 4054
1 3 4060 3226 4065 5000
1 3 5000 4065 2989 4066
1 3 4054 5000 4066 2767
1 3 2767 4066 5001 4069
1 3 4066 2989 4067 5001
1 3 5001 4067 3227 4068
1 3 4069 5001 4068 2992
1 3 2989 4064 5002 4067
1 3 4064 2705 4070 5002
1 3 5002 4070 2990 4071
1 3 4067 5002 4071 3227
1 3 3227 4071 5003 4074
1 3 4071 2990 4072 5003
1 3 5003 4072 2598 4073
1 3 4074 5003 4073 2991
1 3 2992 4068 5004 4076
1 3 4068 3227 4074 5004
1 3 5004 4074 2991 4075
1 3 4076 5004 4075 2706
1 3 2707 4057 5005 4079
1 3 4057 2986 4077 5005
1 3 5005 4077 3228 4078
1 3 4079 5005 4078 2994
1 3 2986 4055 5006 4077
1 3 4055 2767 4069 5006
1 3 5006 4069 2992 4080
1 3 4077 5006 4080 3228
1 3 3228 4080 5007 4082
1 3 4080 2992 4076 5007
1 3 5007 4076 2706 4081
1 3 4082 5007 4081 2993
1 3 2994 4078 5008 4084
1 3 4078 3228 4082 5008
1 3 5008 4082 2993 4083
1 3 4084 5008 4083 2628
1 3 2612 4012 5009 3385
1 3 4012 2974 4085 5009
1 3 5009 4085 3229 4086
1 3 3385 5009 4086 2810
1 3 2974 4010 5010 4085
1 3 4010 2701 4087 5010
1 3 5010 4087 2995 4088
1 3 4085 5010 4088 3229
1 3 3229 4088 5011 4091
1 3 4088 2995 4089 5011
1 3 5011 4089 2768 4090
1 3 4091 5011 4090 2996
1 3 2810 4086 5012 3387
1 3 4086 3229 4091 5012
1 3 5012 4091 2996 4092
1 3 3387 5012 4092 2656
1 3 2701 4005 5013 4087
1 3 4005 2972 4093 5013
1 3 5013 4093 3230 4094
1 3 4087 5013 4094 2995
1 3 2972 4003 5014 4093
1 3 4003 2644 4051 5014
1 3 5014 4051 2987 4095
1 3 4093 5014 4095 3230
1 3 3230 4095 5015 4097
1 3 4095 2987 4058 5015
1 3 5015 4058 2707 4096
1 3 4097 5015 4096 2997
1 3 2995 4094 5016 4089
1 3 4094 3230 4097 5016
1 3 5016 4097 2997 4098
1 3 4089 5016 4098 2768
1 3 2768 4098 5017 4101
1 3 4098 2997 4099 5017
1 3 5017 4099 3231 4100
1 3 4101 5017 4100 2999
1 3 2997 4096 5018 4099
1 3 4096 2707 4079 5018
1 3 5018 4079 2994 4102
1 3 4099 5018 4102 3231
1 3 3231 4102 5019 4104
1 3 4102 2994 4084 5019
1 3 5019 4084 2628 4103
1 3 4104 5019 4103 2998
1 3 2999 4100 5020 4106
1 3 4100 3231 4104 5020
1 3 5020 4104 2998 4105
1 3 4106 5020 4105 2708
1 3 2656 4092 5021 3394
1 3 4092 2996 4107 5021
1 3 5021 4107 3232 4108
1 3 3394 5021 4108 2812
1 3 2996 4090 5022 4107
1 3 4090 2768 4101 5022
1 3 5022 4101 2999 4109
1 3 4107 5022 4109 3232
1 3 3232 4109 5023 4111
1 3 4109 2999 4106 5023
1 3 5023 4106 2708 4110
1 3 4111 5023 4110 3000
1 3 2812 4108 5024 3396
1 3 4108 3232 4111 5024
1 3 5024 4111 3000 4112
1 3 3396 5024 4112 2606
1 3 2606 4112 5025 4115
1 3 4112 3000 4113 5025
1 3 5025 4113 3233 4114
1 3 4115 5025 4114 3003
1 3 3000 4110 5026 4113
1 3 4110 2708 4116 5026
1 3 5026 4116 3001 4117
1 3 4113 5026 4117 3233
1 3 3233 4117 5027 4120
1 3 4117 3001 4118 5027
1 3 5027 4118 2769 4119
1 3 4120 5027 4119 3002
1 3 3003 4114 5028 4122
1 3 4114 3233 4120 5028
1 3 5028 4120 3002 4121
1 3 4122 5028 4121 2711
1 3 2708 4105 5029 4116
1 3 4105 2998 4123 5029
1 3 5029 4123 3234 4124
1 3 4116 5029 4124 3001
1 3 2998 4103 5030 4123
1 3 4103 2628 4125 5030
1 3 5030 4125 3004 4126
1 3 4123 5030 4126 3234
1 3 3234 4126 5031 4129
1 3 4126 3004 4127 5031
1 3 5031 4127 2709 4128
1 3 4129 5031 4128 3005
1 3 3001 4124 5032 4118
1 3 4124 3234 4129 5032
1 3 5032 4129 3005 4130
1 3 4118 5032 4130 2769
1 3 2769 4130 5033 4133
1 3 4130 3005 4131 5033
1 3 5033 4131 3235 4132
1 3 4133 5033 4132 3008
1 3 3005 4128 5034 4131
1 3 4128 2709 4134 5034
1 3 5034 4134 3006 4135
1 3 4131 5034 4135 3235
1 3 3235 4135 5035 4138
1 3 4135 3006 4136 5035
1 3 5035 4136 2645 4137
1 3 4138 5035 4137 3007
1 3 3008 4132 5036 4140
1 3 4132 3235 4138 5036
1 3 5036 4138 3007 4139
1 3 4140 5036 4139 2710
1 3 2711 4121 5037 4143
1 3 4121 3002 4141 5037
1 3 5037 4141 3236 4142
1 3 4143 5037 4142 3010
1 3 3002 4119 5038 4141
1 3 4119 2769 4133 5038
1 3 5038 4133 3008 4144
1 3 4141 5038 4144 3236
1 3 3236 4144 5039 4146
1 3 4144 3008 4140 5039
1 3 5039 4140 2710 4145
1 3 4146 5039 4145 3009
1 3 3010 4142 5040 4148
1 3 4142 3236 4146 5040
1 3 5040 4146 3009 4147
1 3 4148 5040 4147 2631
1 3 2628 4083 5041 4125
1 3 4083 2993 4149 5041
1 3 5041 4149 3237 4150
1 3 4125 5041 4150 3004
1 3 2993 4081 5042 4149
1 3 4081 2706 4151 5042
1 3 5042 4151 3011 4152
1 3 4149 5042 4152 3237
1 3 3237 4152 5043 4155
1 3 4152 3011 4153 5043
1 3 5043 4153 2770 4154
1 3 4155 5043 4154 3012
1 3 3004 4150 5044 4127
1 3 4150 3237 4155 5044
1 3 5044 4155 3012 4156
1 3 4127 5044 4156 2709
1 3 2706 4075 5045 4151
1 3 4075 2991 4157 5045
1 3 5045 4157 3238 4158
1 3 4151 5045 4158 3011
1 3 2991 4073 5046 4157
1 3 4073 2598 4159 5046
1 3 5046 4159 3013 4160
1 3 4157 5046 4160 3238
1 3 3238 4160 5047 4163
1 3 4160 3013 4161 5047
1 3 5047 4161 2712 4162
1 3 4163 5047 4162 3014
1 3 3011 4158 5048 4153
1 3 4158 3238 4163 5048
1 3 5048 4163 3014 4164
1 3 4153 5048 4164 2770
1 3 2770 4164 5049 4167
1 3 4164 3014 4165 5049
1 3 5049 4165 3239 4166
1 3 4167 5049 4166 3017
1 3 3014 4162 5050 4165
1 3 4162 2712 4168 5050
1 3 5050 4168 3015 4169
1 3 4165 5050 4169 3239
1 3 3239 4169 5051 4172
1 3 4169 3015 4170 5051
1 3 5051 4170 2629 4171
1 3 4172 5051 4171 3016
1 3 3017 4166 5052 4174
1 3 4166 3239 4172 5052
1 3 5052 4172 3016 4173
1 3 4174 5052 4173 2713
1 3 2709 4156 5053 4134
1 3 4156 3012 4175 5053
1 3 5053 4175 3240 4176
1 3 4134 5053 4176 3006
1 3 3012 4154 5054 4175
1 3 4154 2770 4167 5054
1 3 5054 4167 3017 4177
1 3 4175 5054 4177 3240
1 3 3240 4177 5055 4179
1 3 4177 3017 4174 5055
1 3 5055 4174 2713 4178
1 3 4179 5055 4178 3018
1 3 3006 4176 5056 4136
1 3 4176 3240 4179 5056
1 3 5056 4179 3018 4180
1 3 4136 5056 4180 2645
1 3 2645 4180 5057 4183
1 3 4180 3018 4181 5057
1 3 5057 4181 3241 4182
1 3 4183 5057 4182 3021
1 3 3018 4178 5058 4181
1 3 4178 2713 4184 5058
1 3 5058 4184 3019 4185
1 3 4181 5058 4185 3241
1 3 3241 4185 5059 4188
1 3 4185 3019 4186 5059
1 3 5059 4186 2771 4187
1 3 4188 5059 4187 3020
1 3 3021 4182 5060 4190
1 3 4182 3241 4188 5060
1 3 5060 4188 3020 4189
1 3 4190 5060 4189 2716
1 3 2713 4173 5061 4184
1 3 4173 3016 4191 5061
1 3 5061 4191 3242 4192
1 3 4184 5061 4192 3019
1 3 3016 4171 5062 4191
1 3 4171 2629 4193 5062
1 3 5062 4193 3022 4194
1 3 4191 5062 4194 3242
1 3 3242 4194 5063 4197
1 3 4194 3022 4195 5063
1 3 5063 4195 2714 4196
1 3 4197 5063 4196 3023
1 3 3019 4192 5064 4186
1 3 4192 3242 4197 5064
1 3 5064 4197 3023 4198
1 3 4186 5064 4198 2771
1 3 2771 4198 5065 4201
1 3 4198 3023 4199 5065
1 3 5065 4199 3243 4200
1 3 4201 5065 4200 3026
1 3 3023 4196 5066 4199
1 3 4196 2714 4202 5066
1 3 5066 4202 3024 4203
1 3 4199 5066 4203 3243
1 3 3243 4203 5067 4206
1 3 4203 3024 4204 5067
1 3 5067 4204 2595 4205
1 3 4206 5067 4205 3025
1 3 3026 4200 5068 4208
1 3 4200 3243 4206 5068
1 3 5068 4206 3025 4207
1 3 4208 5068 4207 2715
1 3 2716 4189 5069 4211
1 3 4189 3020 4209 5069
1 3 5069 4209 3244 4210
1 3 4211 5069 4210 3028
1 3 3020 4187 5070 4209
1 3 4187 2771 4201 5070
1 3 5070 4201 3026 4212
1 3 4209 5070 4212 3244
1 3 3244 4212 5071 4214
1 3 4212 3026 4208 5071
1 3 5071 4208 2715 4213
1 3 4214 5071 4213 3027
1 3 3028 4210 5072 4216
1 3 4210 3244 4214 5072
1 3 5072 4214 3027 4215
1 3 4216 5072 4215 2630
1 3 2631 4147 5073 4219
1 3 4147 3009 4217 5073
1 3 5073 4217 3245 4218
1 3 4219 5073 4218 3031
1 3 3009 4145 5074 4217
1 3 4145 2710 4220 5074
1 3 5074 4220 3029 4221
1 3 4217 5074 4221 3245
1 3 3245 4221 5075 4224
1 3 4221 3029 4222 5075
1 3 5075 4222 2772 4223
1 3 4224 5075 4223 3030
1 3 3031 4218 5076 4226
1 3 4218 3245 4224 5076
1 3 5076 4224 3030 4225
1 3 4226 5076 4225 2718
1 3 2710 4139 5077 4220
1 3 4139 3007 4227 5077
1 3 5077 4227 3246 4228
1 3 4220 5077 4228 3029
1 3 3007 4137 5078 4227
1 3 4137 2645 4183 5078
1 3 5078 4183 3021 4229
1 3 4227 5078 4229 3246
1 3 3246 4229 5079 4231
1 3 4229 3021 4190 5079
1 3 5079 4190 2716 4230
1 3 4231 5079 4230 3032
1 3 3029 4228 5080 4222
1 3 4228 3246 4231 5080
1 3 5080 4231 3032 4232
1 3 4222 5080 4232 2772
1 3 2772 4232 5081 4235
1 3 4232 3032 4233 5081
1 3 5081 4233 3247 4234
1 3 4235 5081 4234 3034
1 3 3032 4230 5082 4233
1 3 4230 2716 4211 5082
1 3 5082 4211 3028 4236
1 3 4233 5082 4236 3247
1 3 3247 4236 5083 4238
1 3 4236 3028 4216 5083
1 3 5083 4216 2630 4237
1 3 4238 5083 4237 3033
1 3 3034 4234 5084 4240
1 3 4234 3247 4238 5084
1 3 5084 4238 3033 4239
1 3 4240 5084 4239 2717
1 3 2718 4225 5085 4243
1 3 4225 3030 4241 5085
1 3 5085 4241 3248 4242
1 3 4243 5085 4242 3036
1 3 3030 4223 5086 4241
1 3 4223 2772 4235 5086
1 3 5086 4235 3034 4244
1 3 4241 5086 4244 3248
1 3 3248 4244 5087 4246
1 3 4244 3034 4240 5087
1 3 5087 4240 2717 4245
1 3 4246 5087 4245 3035
1 3 3036 4242 5088 4248
1 3 4242 3248 4246 5088
1 3 5088 4246 3035 4247
1 3 4248 5088 4247 2599
1 3 2600 3439 5089 4251
1 3 3439 2823 4249 5089
1 3 5089 4249 3249 4250
1 3 4251 5089 4250 3039
1 3 2823 3437 5090 4249
1 3 3437 2659 4252 5090
1 3 5090 4252 3037 4253
1 3 4249 5090 4253 3249
1 3 3249 4253 5091 4256
1 3 4253 3037 4254 5091
1 3 5091 4254 2773 4255
1 3 4256 5091 4255 3038
1 3 3039 4250 5092 4258
1 3 4250 3249 4256 5092
1 3 5092 4256 3038 4257
1 3 4258 5092 4257 2721
1 3 2659 3431 5093 4252
1 3 3431 2821 4259 5093
1 3 5093 4259 3250 4260
1 3 4252 5093 4260 3037
1 3 2821 3429 5094 4259
1 3 3429 2613 4261 5094
1 3 5094 4261 3040 4262
1 3 4259 5094 4262 3250
1 3 3250 4262 5095 4265
1 3 4262 3040 4263 5095
1 3 5095 4263 2719 4264
1 3 4265 5095 4264 3041
1 3 3037 4260 5096 4254
1 3 4260 3250 4265 5096
1 3 5096 4265 3041 4266
1 3 4254 5096 4266 2773
1 3 2773 4266 5097 4269
1 3 4266 3041 4267 5097
1 3 5097 4267 3251 4268
1 3 4269 5097 4268 3044
1 3 3041 4264 5098 4267
1 3 4264 2719 4270 5098
1 3 5098 4270 3042 4271
1 3 4267 5098 4271 3251
1 3 3251 4271 5099 4274
1 3 4271 3042 4272 5099
1 3 5099 4272 2646 4273
1 3 4274 5099 4273 3043
1 3 3044 4268 5100 4276
1 3 4268 3251 4274 5100
1 3 5100 4274 3043 4275
1 3 4276 5100 4275 2720
1 3 2721 4257 5101 4279
1 3 4257 3038 4277 5101
1 3 5101 4277 3252 4278
1 3 4279 5101 4278 3046
1 3 3038 4255 5102 4277
1 3 4255 2773 4269 5102
1 3 5102 4269 3044 4280
1 3 4277 5102 4280 3252
1 3 3252 4280 5103 4282
1 3 4280 3044 4276 5103
1 3 5103 4276 2720 4281
1 3 4282 5103 4281 3045
1 3 3046 4278 5104 4284
1 3 4278 3252 4282 5104
1 3 5104 4282 3045 4283
1 3 4284 5104 4283 2633
1 3 2613 3407 5105 4261
1 3 3407 2815 4285 5105
1 3 5105 4285 3253 4286
1 3 4261 5105 4286 3040
1 3 2815 3405 5106 4285
1 3 3405 2657 4287 5106
1 3 5106 4287 3047 4288
1 3 4285 5106 4288 3253
1 3 3253 4288 5107 4291
1 3 4288 3047 4289 5107
1 3 5107 4289 2774 4290
1 3 4291 5107 4290 3048
1 3 3040 4286 5108 4263
1 3 4286 3253 4291 5108
1 3 5108 4291 3048 4292
1 3 4263 5108 4292 2719
1 3 2657 3399 5109 4287
1 3 3399 2813 4293 5109
1 3 5109 4293 3254 4294
1 3 4287 5109 4294 3047
1 3 2813 3397 5110 4293
1 3 3397 2606 4115 5110
1 3 5110 4115 3003 4295
1 3 4293 5110 4295 3254
1 3 3254 4295 5111 4297
1 3 4295 3003 4122 5111
1 3 5111 4122 2711 4296
1 3 4297 5111 4296 3049
1 3 3047 4294 5112 4289
1 3 4294 3254 4297 5112
1 3 5112 4297 3049 4298
1 3 4289 5112 4298 2774
1 3 2774 4298 5113 4301
1 3 4298 3049 4299 5113
1 3 5113 4299 3255 4300
1 3 4301 5113 4300 3051
1 3 3049 4296 5114 4299
1 3 4296 2711 4143 5114
1 3 5114 4143 3010 4302
1 3 4299 5114 4302 3255
1 3 3255 4302 5115 4304
1 3 4302 3010 4148 5115
1 3 5115 4148 2631 4303
1 3 4304 5115 4303 3050
1 3 3051 4300 5116 4306
1 3 4300 3255 4304 5116
1 3 5116 4304 3050 4305
1 3 4306 5116 4305 2722
1 3 2719 4292 5117 4270
1 3 4292 3048 4307 5117
1 3 5117 4307 3256 4308
1 3 4270 5117 4308 3042
1 3 3048 4290 5118 4307
1 3 4290 2774 4301 5118
1 3 5118 4301 3051 4309
1 3 4307 5118 4309 3256
1 3 3256 4309 5119 4311
1 3 4309 3051 4306 5119
1 3 5119 4306 2722 4310
1 3 4311 5119 4310 3052
1 3 3042 4308 5120 4272
1 3 4308 3256 4311 5120
1 3 5120 4311 3052 4312
1 3 4272 5120 4312 2646
1 3 2646 4312 5121 4315
1 3 4312 3052 4313 5121
1 3 5121 4313 3257 4314
1 3 4315 5121 4314 3055
1 3 3052 4310 5122 4313
1 3 4310 2722 4316 5122
1 3 5122 4316 3053 4317
1 3 4313 5122 4317 3257
1 3 3257 4317 5123 4320
1 3 4317 3053 4318 5123
1 3 5123 4318 2775 4319
1 3 4320 5123 4319 3054
1 3 3055 4314 5124 4322
1 3 4314 3257 4320 5124
1 3 5124 4320 3054 4321
1 3 4322 5124 4321 2724
1 3 2722 4305 5125 4316
1 3 4305 3050 4323 5125
1 3 5125 4323 3258 4324
1 3 4316 5125 4324 3053
1 3 3050 4303 5126 4323
1 3 4303 2631 4219 5126
1 3 5126 4219 3031 4325
1 3 4323 5126 4325 3258
1 3 3258 4325 5127 4327
1 3 4325 3031 4226 5127
1 3 5127 4226 2718 4326
1 3 4327 5127 4326 3056
1 3 3053 4324 5128 4318
1 3 4324 3258 4327 5128
1 3 5128 4327 3056 4328
1 3 4318 5128 4328 2775
1 3 2775 4328 5129 4331
1 3 4328 3056 4329 5129
1 3 5129 4329 3259 4330
1 3 4331 5129 4330 3058
1 3 3056 4326 5130 4329
1 3 4326 2718 4243 5130
1 3 5130 4243 3036 4332
1 3 4329 5130 4332 3259
1 3 3259 4332 5131 4334
1 3 4332 3036 4248 5131
1 3 5131 4248 2599 4333
1 3 4334 5131 4333 3057
1 3 3058 4330 5132 4336
1 3 4330 3259 4334 5132
1 3 5132 4334 3057 4335
1 3 4336 5132 4335 2723
1 3 2724 4321 5133 4339
1 3 4321 3054 4337 5133
1 3 5133 4337 3260 4338
1 3 4339 5133 4338 3060
1 3 3054 4319 5134 4337
1 3 4319 2775 4331 5134
1 3 5134 4331 3058 4340
1 3 4337 5134 4340 3260
1 3 3260 4340 5135 4342
1 3 4340 3058 4336 5135
1 3 5135 4336 2723 4341
1 3 4342 5135 4341 3059
1 3 3060 4338 5136 4344
1 3 4338 3260 4342 5136
1 3 5136 4342 3059 4343
1 3 4344 5136 4343 2632
1 3 2633 4283 5137 4347
1 3 4283 3045 4345 5137
1 3 5137 4345 3261 4346
1 3 4347 5137 4346 3063
1 3 3045 4281 5138 4345
1 3 4281 2720 4348 5138
1 3 5138 4348 3061 4349
1 3 4345 5138 4349 3261
1 3 3261 4349 5139 4352
1 3 4349 3061 4350 5139
1 3 5139 4350 2776 4351
1 3 4352 5139 4351 3062
1 3 3063 4346 5140 4354
1 3 4346 3261 4352 5140
1 3 5140 4352 3062 4353
1 3 4354 5140 4353 2726
1 3 2720 4275 5141 4348
1 3 4275 3043 4355 5141
1 3 5141 4355 3262 4356
1 3 4348 5141 4356 3061
1 3 3043 4273 5142 4355
1 3 4273 2646 4315 5142
1 3 5142 4315 3055 4357
1 3 4355 5142 4357 3262
1 3 3262 4357 5143 4359
1 3 4357 3055 4322 5143
1 3 5143 4322 2724 4358
1 3 4359 5143 4358 3064
1 3 3061 4356 5144 4350
1 3 4356 3262 4359 5144
1 3 5144 4359 3064 4360
1 3 4350 5144 4360 2776
1 3 2776 4360 5145 4363
1 3 4360 3064 4361 5145
1 3 5145 4361 3263 4362
1 3 4363 5145 4362 3066
1 3 3064 4358 5146 4361
1 3 4358 2724 4339 5146
1 3 5146 4339 3060 4364
1 3 4361 5146 4364 3263
1 3 3263 4364 5147 4366
1 3 4364 3060 4344 5147
1 3 5147 4344 2632 4365
1 3 4366 5147 4365 3065
1 3 3066 4362 5148 4368
1 3 4362 3263 4366 5148
1 3 5148 4366 3065 4367
1 3 4368 5148 4367 2725
1 3 2726 4353 5149 4371
1 3 4353 3062 4369 5149
1 3 5149 4369 3264 4370
1 3 4371 5149 4370 3068
1 3 3062 4351 5150 4369
1 3 4351 2776 4363 5150
1 3 5150 4363 3066 4372
1 3 4369 5150 4372 3264
1 3 3264 4372 5151 4374
1 3 4372 3066 4368 5151
1 3 5151 4368 2725 4373
1 3 4374 5151 4373 3067
1 3 3068 4370 5152 4376
1 3 4370 3264 4374 5152
1 3 5152 4374 3067 4375
1 3 4376 5152 4375 2594
1 3 2600 4251 5153 3487
1 3 4251 3039 4377 5153
1 3 5153 4377 3265 4378
1 3 3487 5153 4378 2837
1 3 3039 4258 5154 4377
1 3 4258 2721 4379 5154
1 3 5154 4379 3069 4380
1 3 4377 5154 4380 3265
1 3 3265 4380 5155 4383
1 3 4380 3069 4381 5155
1 3 5155 4381 2777 4382
1 3 4383 5155 4382 3070
1 3 2837 4378 5156 3489
1 3 4378 3265 4383 5156
1 3 5156 4383 3070 4384
1 3 3489 5156 4384 2664
1 3 2721 4279 5157 4379
1 3 4279 3046 4385 5157
1 3 5157 4385 3266 4386
1 3 4379 5157 4386 3069
1 3 3046 4284 5158 4385
1 3 4284 2633 4387 5158
1 3 5158 4387 3071 4388
1 3 4385 5158 4388 3266
1 3 3266 4388 5159 4391
1 3 4388 3071 4389 5159
1 3 5159 4389 2727 4390
1 3 4391 5159 4390 3072
1 3 3069 4386 5160 4381
1 3 4386 3266 4391 5160
1 3 5160 4391 3072 4392
1 3 4381 5160 4392 2777
1 3 2777 4392 5161 4395
1 3 4392 3072 4393 5161
1 3 5161 4393 3267 4394
1 3 4395 5161 4394 3075
1 3 3072 4390 5162 4393
1 3 4390 2727 4396 5162
1 3 5162 4396 3073 4397
1 3 4393 5162 4397 3267
1 3 3267 4397 5163 4400
1 3 4397 3073 4398 5163
1 3 5163 4398 2647 4399
1 3 4400 5163 4399 3074
1 3 3075 4394 5164 4402
1 3 4394 3267 4400 5164
1 3 5164 4400 3074 4401
1 3 4402 5164 4401 2728
1 3 2664 4384 5165 3496
1 3 4384 3070 4403 5165
1 3 5165 4403 3268 4404
1 3 3496 5165 4404 2839
1 3 3070 4382 5166 4403
1 3 4382 2777 4395 5166
1 3 5166 4395 3075 4405
1 3 4403 5166 4405 3268
1 3 3268 4405 5167 4407
1 3 4405 3075 4402 5167
1 3 5167 4402 2728 4406
1 3 4407 5167 4406 3076
1 3 2839 4404 5168 3498
1 3 4404 3268 4407 5168
1 3 5168 4407 3076 4408
1 3 3498 5168 4408 2615
1 3 2633 4347 5169 4387
1 3 4347 3063 4409 5169
1 3 5169 4409 3269 4410
1 3 4387 5169 4410 3071
1 3 3063 4354 5170 4409
1 3 4354 2726 4411 5170
1 3 5170 4411 3077 4412
1 3 4409 5170 4412 3269
1 3 3269 4412 5171 4415
1 3 4412 3077 4413 5171
1 3 5171 4413 2778 4414
1 3 4415 5171 4414 3078
1 3 3071 4410 5172 4389
1 3 4410 3269 4415 5172
1 3 5172 4415 3078 4416
1 3 4389 5172 4416 2727
1 3 2726 4371 5173 4411
1 3 4371 3068 4417 5173
1 3 5173 4417 3270 4418
1 3 4411 5173 4418 3077
1 3 3068 4376 5174 4417
1 3 4376 2594 4419 5174
1 3 5174 4419 3079 4420
1 3 4417 5174 4420 3270
1 3 3270 4420 5175 4423
1 3 4420 3079 4421 5175
1 3 5175 4421 2729 4422
1 3 4423 5175 4422 3080
1 3 3077 4418 5176 4413
1 3 4418 3270 4423 5176
1 3 5176 4423 3080 4424
1 3 4413 5176 4424 2778
1 3 2778 4424 5177 4427
1 3 4424 3080 4425 5177
1 3 5177 4425 3271 4426
1 3 4427 5177 4426 3083
1 3 3080 4422 5178 4425
1 3 4422 2729 4428 5178
1 3 5178 4428 3081 4429
1 3 4425 5178 4429 3271
1 3 3271 4429 5179 4432
1 3 4429 3081 4430 5179
1 3 5179 4430 2634 4431
1 3 4432 5179 4431 3082
1 3 3083 4426 5180 4434
1 3 4426 3271 4432 5180
1 3 5180 4432 3082 4433
1 3 4434 5180 4433 2730
1 3 2727 4416 5181 4396
1 3 4416 3078 4435 5181
1 3 5181 4435 3272 4436
1 3 4396 5181 4436 3073
1 3 3078 4414 5182 4435
1 3 4414 2778 4427 5182
1 3 5182 4427 3083 4437
1 3 4435 5182 4437 3272
1 3 3272 4437 5183 4439
1 3 4437 3083 4434 5183
1 3 5183 4434 2730 4438
1 3 4439 5183 4438 3084
1 3 3073 4436 5184 4398
1 3 4436 3272 4439 5184
1 3 5184 4439 3084 4440
1 3 4398 5184 4440 2647
1 3 2647 4440 5185 4443
1 3 4440 3084 4441 5185
1 3 5185 4441 3273 4442
1 3 4443 5185 4442 3087
1 3 3084 4438 5186 4441
1 3 4438 2730 4444 5186
1 3 5186 4444 3085 4445
1 3 4441 5186 4445 3273
1 3 3273 4445 5187 4448
1 3 4445 3085 4446 5187
1 3 5187 4446 2779 4447
1 3 4448 5187 4447 3086
1 3 3087 4442 5188 4450
1 3 4442 3273 4448 5188
1 3 5188 4448 3086 4449
1 3 4450 5188 4449 2733
1 3 2730 4433 5189 4444
1 3 4433 3082 4451 5189
1 3 5189 4451 3274 4452
1 3 4444 5189 4452 3085
1 3 3082 4431 5190 4451
1 3 4431 2634 4453 5190
1 3 5190 4453 3088 4454
1 3 4451 5190 4454 3274
1 3 3274 4454 5191 4457
1 3 4454 3088 4455 5191
1 3 5191 4455 2731 4456
1 3 4457 5191 4456 3089
1 3 3085 4452 5192 4446
1 3 4452 3274 4457 5192
1 3 5192 4457 3089 4458
1 3 4446 5192 4458 2779
1 3 2779 4458 5193 4461
1 3 4458 3089 4459 5193
1 3 5193 4459 3275 4460
1 3 4461 5193 4460 3092
1 3 3089 4456 5194 4459
1 3 4456 2731 4462 5194
1 3 5194 4462 3090 4463
1 3 4459 5194 4463 3275
1 3 3275 4463 5195 4466
1 3 4463 3090 4464 5195
1 3 5195 4464 2601 4465
1 3 4466 5195 4465 3091
1 3 3092 4460 5196 4468
1 3 4460 3275 4466 5196
1 3 5196 4466 3091 4467
1 3 4468 5196 4467 2732
1 3 2733 4449 5197 4471
1 3 4449 3086 4469 5197
1 3 5197 4469 3276 4470
1 3 4471 5197 4470 3094
1 3 3086 4447 5198 4469
1 3 4447 2779 4461 5198
1 3 5198 4461 3092 4472
1 3 4469 5198 4472 3276
1 3 3276 4472 5199 4474
1 3 4472 3092 4468 5199
1 3 5199 4468 2732 4473
1 3 4474 5199 4473 3093
1 3 3094 4470 5200 4476
1 3 4470 3276 4474 5200
1 3 5200 4474 3093 4475
1 3 4476 5200 4475 2635
1 3 2615 4408 5201 3521
1 3 4408 3076 4477 5201
1 3 5201 4477 3277 4478
1 3 3521 5201 4478 2846
1 3 3076 4406 5202 4477
1 3 4406 2728 4479 5202
1 3 5202 4479 3095 4480
1 3 4477 5202 4480 3277
1 3 3277 4480 5203 4483
1 3 4480 3095 4481 5203
1 3 5203 4481 2780 4482
1 3 4483 5203 4482 3096
1 3 2846 4478 5204 3523
1 3 4478 3277 4483 5204
1 3 5204 4483 3096 4484
1 3 3523 5204 4484 2666
1 3 2728 4401 5205 4479
1 3 4401 3074 4485 5205
1 3 5205 4485 3278 4486
1 3 4479 5205 4486 3095
1 3 3074 4399 5206 4485
1 3 4399 2647 4443 5206
1 3 5206 4443 3087 4487
1 3 4485 5206 4487 3278
1 3 3278 4487 5207 4489
1 3 4487 3087 4450 5207
1 3 5207 4450 2733 4488
1 3 4489 5207 4488 3097
1 3 3095 4486 5208 4481
1 3 4486 3278 4489 5208
1 3 5208 4489 3097 4490
1 3 4481 5208 4490 2780
1 3 2780 4490 5209 4493
1 3 4490 3097 4491 5209
1 3 5209 4491 3279 4492
1 3 4493 5209 4492 3099
1 3 3097 4488 5210 4491
1 3 4488 2733 4471 5210
1 3 5210 4471 3094 4494
1 3 4491 5210 4494 3279
1 3 3279 4494 5211 4496
1 3 4494 3094 4476 5211
1 3 5211 4476 2635 4495
1 3 4496 5211 4495 3098
1 3 3099 4492 5212 4498
1 3 4492 3279 4496 5212
1 3 5212 4496 3098 4497
1 3 4498 5212 4497 2734
1 3 2666 4484 5213 3530
1 3 4484 3096 4499 5213
1 3 5213 4499 3280 4500
1 3 3530 5213 4500 2848
1 3 3096 4482 5214 4499
1 3 4482 2780 4493 5214
1 3 5214 4493 3099 4501
1 3 4499 5214 4501 3280
1 3 3280 4501 5215 4503
1 3 4501 3099 4498 5215
1 3 5215 4498 2734 4502
1 3 4503 5215 4502 3100
1 3 2848 4500 5216 3532
1 3 4500 3280 4503 5216
1 3 5216 4503 3100 4504
1 3 4504 3100 4505 5217
1 3 5217 4505 3281 4506
1 3 3100 4502 5218 4505
1 3 4502 2734 4508 5218
1 3 5218 4508 3101 4509
1 3 4505 5218 4509 3281
1 3 3281 4509 5219 4512
1 3 4509 3101 4510 5219
1 3 5219 4510 2781 4511
1 3 4512 5219 4511 3102
1 3 4506 3281 4512 5220
1 3 5220 4512 3102 4513
1 3 2734 4497 5221 4508
1 3 4497 3098 4515 5221
1 3 5221 4515 3282 4516
1 3 4508 5221 4516 3101
1 3 3098 4495 5222 4515
1 3 4495 2635 4517 5222
1 3 5222 4517 3104 4518
1 3 4515 5222 4518 3282
1 3 3282 4518 5223 4521
1 3 4518 3104 4519 5223
1 3 5223 4519 2735 4520
1 3 4521 5223 4520 3105
1 3 3101 4516 5224 4510
1 3 4516 3282 4521 5224
1 3 5224 4521 3105 4522
1 3 4510 5224 4522 2781
1 3 2781 4522 5225 4525
1 3 4522 3105 4523 5225
1 3 5225 4523 3283 4524
1 3 4525 5225 4524 3108
1 3 3105 4520 5226 4523
1 3 4520 2735 4526 5226
1 3 5226 4526 3106 4527
1 3 4523 5226 4527 3283
1 3 3283 4527 5227 4530
1 3 4527 3106 4528 5227
1 3 5227 4528 2648 4529
1 3 4530 5227 4529 3107
1 3 3108 4524 5228 4532
1 3 4524 3283 4530 5228
1 3 5228 4530 3107 4531
1 3 4532 5228 4531 2736
1 3 4513 3102 4533 5229
1 3 5229 4533 3284 4534
1 3 3102 4511 5230 4533
1 3 4511 2781 4525 5230
1 3 5230 4525 3108 4536
1 3 4533 5230 4536 3284
1 3 3284 4536 5231 4538
1 3 4536 3108 4532 5231
1 3 5231 4532 2736 4537
1 3 4538 5231 4537 3109
1 3 4534 3284 4538 5232
1 3 5232 4538 3109 4539
1 3 2635 4475 5233 4517
1 3 4475 3093 4541 5233
1 3 5233 4541 3285 4542
1 3 4517 5233 4542 3104
1 3 3093 4473 5234 4541
1 3 4473 2732 4543 5234
1 3 5234 4543 3111 4544
1 3 4541 5234 4544 3285
1 3 3285 4544 5235 4547
1 3 4544 3111 4545 5235
1 3 5235 4545 2782 4546
1 3 4547 5235 4546 3112
1 3 3104 4542 5236 4519
1 3 4542 3285 4547 5236
1 3 5236 4547 3112 4548
1 3 4519 5236 4548 2735
1 3 2732 4467 5237 4543
1 3 4467 3091 4549 5237
1 3 5237 4549 3286 4550
1 3 4543 5237 4550 3111
1 3 3091 4465 5238 4549
1 3 4465 2601 4551 5238
1 3 5238 4551 3113 4552
1 3 4549 5238 4552 3286
1 3 3286 4552 5239 4555
1 3 4552 3113 4553 5239
1 3 5239 4553 2738 4554
1 3 4555 5239 4554 3114
1 3 3111 4550 5240 4545
1 3 4550 3286 4555 5240
1 3 5240 4555 3114 4556
1 3 4545 5240 4556 2782
1 3 2782 4556 5241 4559
1 3 4556 3114 4557 5241
1 3 5241 4557 3287 4558
1 3 4559 5241 4558 3117
1 3 3114 4554 5242 4557
1 3 4554 2738 4560 5242
1 3 5242 4560 3115 4561
1 3 4557 5242 4561 3287
1 3 3287 4561 5243 4564
1 3 4561 3115 4562 5243
1 3 5243 4562 2636 4563
1 3 4564 5243 4563 3116
1 3 3117 4558 5244 4566
1 3 4558 3287 4564 5244
1 3 5244 4564 3116 4565
1 3 4566 5244 4565 2739
1 3 2735 4548 5245 4526
1 3 4548 3112 4567 5245
1 3 5245 4567 3288 4568
1 3 4526 5245 4568 3106
1 3 3112 4546 5246 4567
1 3 4546 2782 4559 5246
1 3 5246 4559 3117 4569
1 3 4567 5246 4569 3288
1 3 3288 4569 5247 4571
1 3 4569 3117 4566 5247
1 3 5247 4566 2739 4570
1 3 4571 5247 4570 3118
1 3 3106 4568 5248 4528
1 3 4568 3288 4571 5248
1 3 5248 4571 3118 4572
1 3 4528 5248 4572 2648
1 3 2648 4572 5249 4575
1 3 4572 3118 4573 5249
1 3 5249 4573 3289 4574
1 3 4575 5249 4574 3121
1 3 3118 4570 5250 4573
1 3 4570 2739 4576 5250
1 3 5250 4576 3119 4577
1 3 4573 5250 4577 3289
1 3 3289 4577 5251 4580
1 3 4577 3119 4578 5251
1 3 5251 4578 2783 4579
1 3 4580 5251 4579 3120
1 3 3121 4574 5252 4582
1 3 4574 3289 4580 5252
1 3 5252 4580 3120 4581
1 3 4582 5252 4581 2742
1 3 2739 4565 5253 4576
1 3 4565 3116 4583 5253
1 3 5253 4583 3290 4584
1 3 4576 5253 4584 3119
1 3 3116 4563 5254 4583
1 3 4563 2636 4585 5254
1 3 5254 4585 3122 4586
1 3 4583 5254 4586 3290
1 3 3290 4586 5255 4589
1 3 4586 3122 4587 5255
1 3 5255 4587 2740 4588
1 3 4589 5255 4588 3123
1 3 3119 4584 5256 4578
1 3 4584 3290 4589 5256
1 3 5256 4589 3123 4590
1 3 4578 5256 4590 2783
1 3 2783 4590 5257 4593
1 3 4590 3123 4591 5257
1 3 5257 4591 3291 4592
1 3 4593 5257 4592 3126
1 3 3123 4588 5258 4591
1 3 4588 2740 4594 5258
1 3 5258 4594 3124 4595
1 3 4591 5258 4595 3291
1 3 3291 4595 5259 4598
1 3 4595 3124 4596 5259
1 3 5259 4596 2596 4597
1 3 4598 5259 4597 3125
1 3 3126 4592 5260 4600
1 3 4592 3291 4598 5260
1 3 5260 4598 3125 4599
1 3 4600 5260 4599 2741
1 3 2742 4581 5261 4603
1 3 4581 3120 4601 5261
1 3 5261 4601 3292 4602
1 3 4603 5261 4602 3128
1 3 3120 4579 5262 4601
1 3 4579 2783 4593 5262
1 3 5262 4593 3126 4604
1 3 4601 5262 4604 3292
1 3 3292 4604 5263 4606
1 3 4604 3126 4600 5263
1 3 5263 4600 2741 4605
1 3 4606 5263 4605 3127
1 3 3128 4602 5264 4608
1 3 4602 3292 4606 5264
1 3 5264 4606 3127 4607
1 3 4608 5264 4607 2637
1 3 4539 3109 4609 5265
1 3 5265 4609 3293 4610
1 3 3109 4537 5266 4609
1 3 4537 2736 4612 5266
1 3 5266 4612 3129 4613
1 3 4609 5266 4613 3293
1 3 3293 4613 5267 4616
1 3 4613 3129 4614 5267
1 3 5267 4614 2784 4615
1 3 4616 5267 4615 3130
1 3 4610 3293 4616 5268
1 3 5268 4616 3130 4617
1 3 2736 4531 5269 4612
1 3 4531 3107 4619 5269
1 3 5269 4619 3294 4620
1 3 4612 5269 4620 3129
1 3 3107 4529 5270 4619
1 3 4529 2648 4575 5270
1 3 5270 4575 3121 4621
1 3 4619 5270 4621 3294
1 3 3294 4621 5271 4623
1 3 4621 3121 4582 5271
1 3 5271 4582 2742 4622
1 3 4623 5271 4622 3132
1 3 3129 4620 5272 4614
1 3 4620 3294 4623 5272
1 3 5272 4623 3132 4624
1 3 4614 5272 4624 2784
1 3 2784 4624 5273 4627
1 3 4624 3132 4625 5273
1 3 5273 4625 3295 4626
1 3 4627 5273 4626 3134
1 3 3132 4622 5274 4625
1 3 4622 2742 4603 5274
1 3 5274 4603 3128 4628
1 3 4625 5274 4628 3295
1 3 3295 4628 5275 4630
1 3 4628 3128 4608 5275
1 3 5275 4608 2637 4629
1 3 4630 5275 4629 3133
1 3 3134 4626 5276 4632
1 3 4626 3295 4630 5276
1 3 5276 4630 3133 4631
1 3 4632 5276 4631 2743
1 3 4617 3130 4633 5277
1 3 5277 4633 3296 4634
1 3 3130 4615 5278 4633
1 3 4615 2784 4627 5278
1 3 5278 4627 3134 4636
1 3 4633 5278 4636 3296
1 3 3296 4636 5279 4638
1 3 4636 3134 4632 5279
1 3 5279 4632 2743 4637
1 3 4638 5279 4637 3135
1 3 4634 3296 4638 5280
1 3 5280 4638 3135 4639
1 3 4651 3324 2639 3325
1 3 3326 4651 3325 2793
1 3 4652 3326 2793 3327
1 3 3328 4652 3327 2651
1 3 4655 3328 2651 3333
1 3 3334 4655 3333 2795
1 3 4656 3334 2795 3335
1 3 3336 4656 3335 2614
1 3 4659 3343 2746 3344
1 3 3345 4659 3344 2799
1 3 4660 3345 2799 3346
1 3 3315 4660 3346 2650
1 3 3347 2800 3348 4661
1 3 4661 3348 3142 3349
1 3 3341 4661 3349 2798
1 3 2798 3349 4664 3343
1 3 2650 3346 4669 3322
1 3 3346 2799 3367 4669
1 3 4669 3367 3144 3368
1 3 3322 4669 3368 2792
1 3 2799 3344 4670 3367
1 3 2792 3368 4672 3324
1 3 2614 3335 4689 3411
1 3 3335 2795 3409 4689
1 3 4689 3409 3149 3410
1 3 3411 4689 3410 2819
1 3 2795 3333 4690 3409
1 3 3333 2651 3412 4690
1 3 4690 3412 2817 3413
1 3 3409 4690 3413 3149
1 3 3149 3413 4691 3416
1 3 3413 2817 3414 4691
1 3 4691 3414 2748 3415
1 3 3416 4691 3415 2818
1 3 2819 3410 4692 3418
1 3 3410 3149 3416 4692
1 3 4692 3416 2818 3417
1 3 3418 4692 3417 2660
1 3 2651 3327 4693 3412
1 3 3327 2793 3419 4693
1 3 4693 3419 3150 3420
1 3 3412 4693 3420 2817
1 3 2793 3325 4694 3419
1 3 2817 3420 4696 3414
1 3 2660 3417 4701 3435
1 3 3417 2818 3433 4701
1 3 4701 3433 3152 3434
1 3 3435 4701 3434 2824
1 3 2818 3415 4702 3433
1 3 2824 3434 4704 3440
1 3 3336 2614 3453 4710
1 3 4710 3453 2828 3454
1 3 3451 4710 3454 3154
1 3 3154 3454 4711 3457
1 3 3454 2828 3455 4711
1 3 4711 3455 2661 3456
1 3 3457 4711 3456 2829
1 3 3452 3154 3457 4712
1 3 4712 3457 2829 3458
1 3 3446 4712 3458 2749
1 3 2749 3458 4713 3461
1 3 3458 2829 3459 4713
1 3 4713 3459 3155 3460
1 3 3461 4713 3460 2832
1 3 2829 3456 4714 3459
1 3 3456 2661 3462 4714
1 3 4714 3462 2830 3463
1 3 3459 4714 3463 3155
1 3 3155 3463 4715 3466
1 3 3463 2830 3464 4715
1 3 4715 3464 2640 3465
1 3 3466 4715 3465 2831
1 3 2832 3460 4716 3468
1 3 3460 3155 3466 4716
1 3 4716 3466 2831 3467
1 3 3468 4716 3467 2662
1 3 3447 2749 3461 4718
1 3 4718 3461 2832 3472
1 3 3469 4718 3472 3156
1 3 3156 3472 4719 3474
1 3 3472 2832 3468 4719
1 3 4719 3468 2662 3473
1 3 3474 4719 3473 2833
1 3 3470 3156 3474 4720
1 3 4720 3474 2833 3475
1 3 3476 4720 3475 2617
1 3 2614 3411 4721 3453
1 3 3411 2819 3477 4721
1 3 4721 3477 3157 3478
1 3 3453 4721 3478 2828
1 3 2819 3418 4722 3477
1 3 3418 2660 3479 4722
1 3 4722 3479 2835 3480
1 3 3477 4722 3480 3157
1 3 3157 3480 4723 3483
1 3 3480 2835 3481 4723
1 3 4723 3481 2750 3482
1 3 3483 4723 3482 2836
1 3 2828 3478 4724 3455
1 3 3478 3157 3483 4724
1 3 4724 3483 2836 3484
1 3 3455 4724 3484 2661
1 3 2660 3435 4725 3479
1 3 3435 2824 3485 4725
1 3 4725 3485 3158 3486
1 3 3479 4725 3486 2835
1 3 2824 3440 4726 3485
1 3 2835 3486 4728 3481
1 3 2661 3484 4733 3462
1 3 3484 2836 3503 4733
1 3 4733 3503 3160 3504
1 3 3462 4733 3504 2830
1 3 2836 3482 4734 3503
1 3 2830 3504 4736 3464
1 3 2617 3475 4753 3547
1 3 3475 2833 3545 4753
1 3 4753 3545 3165 3546
1 3 3547 4753 3546 2855
1 3 2833 3473 4754 3545
1 3 3473 2662 3548 4754
1 3 4754 3548 2853 3549
1 3 3545 4754 3549 3165
1 3 3165 3549 4755 3552
1 3 3549 2853 3550 4755
1 3 4755 3550 2752 3551
1 3 3552 4755 3551 2854
1 3 2855 3546 4756 3554
1 3 3546 3165 3552 4756
1 3 4756 3552 2854 3553
1 3 3554 4756 3553 2670
1 3 2662 3467 4757 3548
1 3 3467 2831 3555 4757
1 3 4757 3555 3166 3556
1 3 3548 4757 3556 2853
1 3 2831 3465 4758 3555
1 3 2853 3556 4760 3550
1 3 2670 3553 4765 3571
1 3 3553 2854 3569 4765
1 3 4765 3569 3168 3570
1 3 3571 4765 3570 2860
1 3 2854 3551 4766 3569
1 3 3476 2617 3589 4774
1 3 4774 3589 2864 3590
1 3 3587 4774 3590 3170
1 3 3170 3590 4775 3593
1 3 3590 2864 3591 4775
1 3 4775 3591 2671 3592
1 3 3593 4775 3592 2865
1 3 3588 3170 3593 4776
1 3 4776 3593 2865 3594
1 3 3582 4776 3594 2753
1 3 2753 3594 4777 3597
1 3 3594 2865 3595 4777
1 3 4777 3595 3171 3596
1 3 3597 4777 3596 2868
1 3 2865 3592 4778 3595
1 3 3592 2671 3598 4778
1 3 4778 3598 2866 3599
1 3 3595 4778 3599 3171
1 3 3171 3599 4779 3602
1 3 3599 2866 3600 4779
1 3 4779 3600 2641 3601
1 3 3602 4779 3601 2867
1 3 2868 3596 4780 3604
1 3 3596 3171 3602 4780
1 3 4780 3602 2867 3603
1 3 3604 4780 3603 2672
1 3 3583 2753 3597 4782
1 3 4782 3597 2868 3608
1 3 3605 4782 3608 3172
1 3 3172 3608 4783 3610
1 3 3608 2868 3604 4783
1 3 4783 3604 2672 3609
1 3 3610 4783 3609 2869
1 3 3606 3172 3610 4784
1 3 4784 3610 2869 3611
1 3 3612 4784 3611 2620
1 3 2617 3547 4785 3589
1 3 3547 2855 3613 4785
1 3 4785 3613 3173 3614
1 3 3589 4785 3614 2864
1 3 2855 3554 4786 3613
1 3 3554 2670 3615 4786
1 3 4786 3615 2871 3616
1 3 3613 4786 3616 3173
1 3 3173 3616 4787 3619
1 3 3616 2871 3617 4787
1 3 4787 3617 2754 3618
1 3 3619 4787 3618 2872
1 3 2864 3614 4788 3591
1 3 3614 3173 3619 4788
1 3 4788 3619 2872 3620
1 3 3591 4788 3620 2671
1 3 2670 3571 4789 3615
1 3 3571 2860 3621 4789
1 3 4789 3621 3174 3622
1 3 3615 4789 3622 2871
1 3 2871 3622 4792 3617
1 3 2671 3620 4797 3598
1 3 3620 2872 3639 4797
1 3 4797 3639 3176 3640
1 3 3598 4797 3640 2866
1 3 2872 3618 4798 3639
1 3 2866 3640 4800 3600
1 3 2620 3611 4817 3683
1 3 3611 2869 3681 4817
1 3 4817 3681 3181 3682
1 3 3683 4817 3682 2891
1 3 2869 3609 4818 3681
1 3 3609 2672 3684 4818
1 3 4818 3684 2889 3685
1 3 3681 4818 3685 3181
1 3 3181 3685 4819 3688
1 3 3685 2889 3686 4819
1 3 4819 3686 2756 3687
1 3 3688 4819 3687 2890
1 3 2891 3682 4820 3690
1 3 3682 3181 3688 4820
1 3 4820 3688 2890 3689
1 3 3690 4820 3689 2680
1 3 2672 3603 4821 3684
1 3 3603 2867 3691 4821
1 3 4821 3691 3182 3692
1 3 3684 4821 3692 2889
1 3 2867 3601 4822 3691
1 3 2889 3692 4824 3686
1 3 2680 3689 4829 3707
1 3 3689 2890 3705 4829
1 3 4829 3705 3184 3706
1 3 3707 4829 3706 2896
1 3 2890 3687 4830 3705
1 3 3612 2620 3725 4838
1 3 4838 3725 2900 3726
1 3 3723 4838 3726 3186
1 3 3186 3726 4839 3729
1 3 3726 2900 3727 4839
1 3 4839 3727 2681 3728
1 3 3729 4839 3728 2901
1 3 3724 3186 3729 4840
1 3 4840 3729 2901 3730
1 3 3718 4840 3730 2757
1 3 2757 3730 4841 3733
1 3 3730 2901 3731 4841
1 3 4841 3731 3187 3732
1 3 3733 4841 3732 2904
1 3 2901 3728 4842 3731
1 3 3728 2681 3734 4842
1 3 4842 3734 2902 3735
1 3 3731 4842 3735 3187
1 3 3187 3735 4843 3738
1 3 3735 2902 3736 4843
1 3 4843 3736 2642 3737
1 3 3738 4843 3737 2903
1 3 2904 3732 4844 3740
1 3 3732 3187 3738 4844
1 3 4844 3738 2903 3739
1 3 3740 4844 3739 2682
1 3 3719 2757 3733 4846
1 3 4846 3733 2904 3744
1 3 3741 4846 3744 3188
1 3 3188 3744 4847 3746
1 3 3744 2904 3740 4847
1 3 4847 3740 2682 3745
1 3 3746 4847 3745 2905
1 3 3742 3188 3746 4848
1 3 4848 3746 2905 3747
1 3 3748 4848 3747 2623
1 3 2620 3683 4849 3725
1 3 3683 2891 3749 4849
1 3 4849 3749 3189 3750
1 3 3725 4849 3750 2900
1 3 2891 3690 4850 3749
1 3 3690 2680 3751 4850
1 3 4850 3751 2907 3752
1 3 3749 4850 3752 3189
1 3 3189 3752 4851 3755
1 3 3752 2907 3753 4851
1 3 4851 3753 2758 3754
1 3 3755 4851 3754 2908
1 3 2900 3750 4852 3727
1 3 3750 3189 3755 4852
1 3 4852 3755 2908 3756
1 3 3727 4852 3756 2681
1 3 2680 3707 4853 3751
1 3 3707 2896 3757 4853
1 3 4853 3757 3190 3758
1 3 3751 4853 3758 2907
1 3 2907 3758 4856 3753
1 3 2681 3756 4861 3734
1 3 3756 2908 3775 4861
1 3 4861 3775 3192 3776
1 3 3734 4861 3776 2902
1 3 2908 3754 4862 3775
1 3 2902 3776 4864 3736
1 3 2623 3747 4881 3819
1 3 3747 2905 3817 4881
1 3 4881 3817 3197 3818
1 3 3819 4881 3818 2927
1 3 2905 3745 4882 3817
1 3 3745 2682 3820 4882
1 3 4882 3820 2925 3821
1 3 3817 4882 3821 3197
1 3 3197 3821 4883 3824
1 3 3821 2925 3822 4883
1 3 4883 3822 2760 3823
1 3 3824 4883 3823 2926
1 3 2927 3818 4884 3826
1 3 3818 3197 3824 4884
1 3 4884 3824 2926 3825
1 3 3826 4884 3825 2690
1 3 2682 3739 4885 3820
1 3 3739 2903 3827 4885
1 3 4885 3827 3198 3828
1 3 3820 4885 3828 2925
1 3 2903 3737 4886 3827
1 3 2925 3828 4888 3822
1 3 2690 3825 4893 3843
1 3 3825 2926 3841 4893
1 3 4893 3841 3200 3842
1 3 3843 4893 3842 2932
1 3 2926 3823 4894 3841
1 3 3748 2623 3859 4902
1 3 4902 3859 2935 3860
1 3 3857 4902 3860 3202
1 3 3202 3860 4903 3863
1 3 3860 2935 3861 4903
1 3 4903 3861 2691 3862
1 3 3863 4903 3862 2936
1 3 3858 3202 3863 4904
1 3 4904 3863 2936 3864
1 3 3853 4904 3864 2761
1 3 2761 3864 4905 3867
1 3 3864 2936 3865 4905
1 3 4905 3865 3203 3866
1 3 3867 4905 3866 2939
1 3 2936 3862 4906 3865
1 3 3862 2691 3868 4906
1 3 4906 3868 2937 3869
1 3 3865 4906 3869 3203
1 3 3203 3869 4907 3872
1 3 3869 2937 3870 4907
1 3 4907 3870 2643 3871
1 3 3872 4907 3871 2938
1 3 2939 3866 4908 3874
1 3 3866 3203 3872 4908
1 3 4908 3872 2938 3873
1 3 3874 4908 3873 2692
1 3 3854 2761 3867 4910
1 3 4910 3867 2939 3877
1 3 3875 4910 3877 3204
1 3 3204 3877 4911 3879
1 3 3877 2939 3874 4911
1 3 4911 3874 2692 3878
1 3 3879 4911 3878 2940
1 3 3876 3204 3879 4912
1 3 4912 3879 2940 3880
1 3 3312 4912 3880 2611
1 3 2623 3819 4913 3859
1 3 3819 2927 3881 4913
1 3 4913 3881 3205 3882
1 3 3859 4913 3882 2935
1 3 2927 3826 4914 3881
1 3 3826 2690 3883 4914
1 3 4914 3883 2941 3884
1 3 3881 4914 3884 3205
1 3 3205 3884 4915 3887
1 3 3884 2941 3885 4915
1 3 4915 3885 2762 3886
1 3 3887 4915 3886 2942
1 3 2935 3882 4916 3861
1 3 3882 3205 3887 4916
1 3 4916 3887 2942 3888
1 3 3861 4916 3888 2691
1 3 2690 3843 4917 3883
1 3 3843 2932 3889 4917
1 3 4917 3889 3206 3890
1 3 3883 4917 3890 2941
1 3 2941 3890 4920 3885
1 3 2691 3888 4925 3868
1 3 3888 2942 3907 4925
1 3 4925 3907 3208 3908
1 3 3868 4925 3908 2937
1 3 2942 3886 4926 3907
1 3 2937 3908 4928 3870
1 3 2611 3880 4945 3337
1 3 3880 2940 3949 4945
1 3 4945 3949 3213 3950
1 3 3337 4945 3950 2797
1 3 2940 3878 4946 3949
1 3 3878 2692 3951 4946
1 3 4946 3951 2959 3952
1 3 3949 4946 3952 3213
1 3 3213 3952 4947 3955
1 3 3952 2959 3953 4947
1 3 4947 3953 2764 3954
1 3 3955 4947 3954 2960
1 3 2797 3950 4948 3340
1 3 3950 3213 3955 4948
1 3 4948 3955 2960 3956
1 3 3340 4948 3956 2653
1 3 2692 3873 4949 3951
1 3 3873 2938 3957 4949
1 3 4949 3957 3214 3958
1 3 3951 4949 3958 2959
1 3 2938 3871 4950 3957
1 3 2959 3958 4952 3953
1 3 2653 3956 4957 3347
1 3 3956 2960 3971 4957
1 3 4957 3971 3216 3972
1 3 3347 4957 3972 2800
1 3 2960 3954 4958 3971
1 3 3312 2611 3313 4646
1 3 4646 3313 2790 3314
1 3 3310 4646 3314 3138
1 3 3138 3314 4647 3317
1 3 3314 2790 3315 4647
1 3 4647 3315 2650 3316
1 3 3317 4647 3316 2791
1 3 3311 3138 3317 4648
1 3 4648 3317 2791 3318
1 3 3304 4648 3318 2745
1 3 2745 3318 4649 3321
1 3 3318 2791 3319 4649
1 3 4649 3319 3139 3320
1 3 3321 4649 3320 2794
1 3 2791 3316 4650 3319
1 3 3316 2650 3322 4650
1 3 4650 3322 2792 3323
1 3 3319 4650 3323 3139
1 3 3139 3323 4651 3326
1 3 3323 2792 3324 4651
1 3 2794 3320 4652 3328
1 3 3320 3139 3326 4652
1 3 3305 2745 3321 4654
1 3 4654 3321 2794 3332
1 3 3329 4654 3332 3140
1 3 3140 3332 4655 3334
1 3 3332 2794 3328 4655
1 3 2796 3330 4656 3336
1 3 3330 3140 3334 4656
1 3 2611 3337 4657 3313
1 3 3337 2797 3338 4657
1 3 4657 3338 3141 3339
1 3 3313 4657 3339 2790
1 3 2797 3340 4658 3338
1 3 3340 2653 3341 4658
1 3 4658 3341 2798 3342
1 3 3338 4658 3342 3141
1 3 3141 3342 4659 3345
1 3 3342 2798 3343 4659
1 3 2790 3339 4660 3315
1 3 3339 3141 3345 4660
1 3 2653 3347 4661 3341
1 3 4707 3446 2749 3447
1 3 3448 4707 3447 2826
1 3 4708 3448 2826 3449
1 3 3450 4708 3449 2663
1 3 4709 3451 3154 3452
1 3 3444 4709 3452 2825
1 3 2796 3336 4710 3451
1 3 2825 3452 4712 3446
1 3 2663 3449 4717 3471
1 3 3449 2826 3469 4717
1 3 4717 3469 3156 3470
1 3 3471 4717 3470 2834
1 3 2826 3447 4718 3469
1 3 2834 3470 4720 3476
1 3 3450 2663 3580 4770
1 3 4770 3580 2861 3581
1 3 3577 4770 3581 3169
1 3 3169 3581 4771 3584
1 3 3581 2861 3582 4771
1 3 4771 3582 2753 3583
1 3 3584 4771 3583 2862
1 3 3578 3169 3584 4772
1 3 4772 3584 2862 3585
1 3 3586 4772 3585 2673
1 3 2663 3471 4773 3580
1 3 3471 2834 3587 4773
1 3 4773 3587 3170 3588
1 3 3580 4773 3588 2861
1 3 2834 3476 4774 3587
1 3 2861 3588 4776 3582
1 3 2673 3585 4781 3607
1 3 3585 2862 3605 4781
1 3 4781 3605 3172 3606
1 3 3607 4781 3606 2870
1 3 2862 3583 4782 3605
1 3 2870 3606 4784 3612
1 3 3586 2673 3716 4834
1 3 4834 3716 2897 3717
1 3 3713 4834 3717 3185
1 3 3185 3717 4835 3720
1 3 3717 2897 3718 4835
1 3 4835 3718 2757 3719
1 3 3720 4835 3719 2898
1 3 3714 3185 3720 4836
1 3 4836 3720 2898 3721
1 3 3722 4836 3721 2683
1 3 2673 3607 4837 3716
1 3 3607 2870 3723 4837
1 3 4837 3723 3186 3724
1 3 3716 4837 3724 2897
1 3 2870 3612 4838 3723
1 3 2897 3724 4840 3718
1 3 2683 3721 4845 3743
1 3 3721 2898 3741 4845
1 3 4845 3741 3188 3742
1 3 3743 4845 3742 2906
1 3 2898 3719 4846 3741
1 3 2906 3742 4848 3748
1 3 3722 2683 3851 4898
1 3 4898 3851 2933 3852
1 3 3849 4898 3852 3201
1 3 3201 3852 4899 3855
1 3 3852 2933 3853 4899
1 3 4899 3853 2761 3854
1 3 3855 4899 3854 2934
1 3 3850 3201 3855 4900
1 3 4900 3855 2934 3856
1 3 3301 4900 3856 2649
1 3 2683 3743 4901 3851
1 3 3743 2906 3857 4901
1 3 4901 3857 3202 3858
1 3 3851 4901 3858 2933
1 3 2906 3748 4902 3857
1 3 2933 3858 4904 3853
1 3 2649 3856 4909 3309
1 3 3856 2934 3875 4909
1 3 4909 3875 3204 3876
1 3 3309 4909 3876 2789
1 3 2934 3854 4910 3875
1 3 2789 3876 4912 3312
1 3 3301 2649 3302 4642
1 3 4642 3302 2786 3303
1 3 3298 4642 3303 3137
1 3 3137 3303 4643 3306
1 3 3303 2786 3304 4643
1 3 4643 3304 2745 3305
1 3 3306 4643 3305 2787
1 3 3299 3137 3306 4644
1 3 4644 3306 2787 3307
1 3 3308 4644 3307 2652
1 3 2649 3309 4645 3302
1 3 3309 2789 3310 4645
1 3 4645 3310 3138 3311
1 3 3302 4645 3311 2786
1 3 2789 3312 4646 3310
1 3 2786 3311 4648 3304
1 3 2652 3307 4653 3331
1 3 3307 2787 3329 4653
1 3 4653 3329 3140 3330
1 3 3331 4653 3330 2796
1 3 2787 3305 4654 3329
1 3 3308 2652 3444 4706
1 3 4706 3444 2825 3445
1 3 3441 4706 3445 3153
1 3 3153 3445 4707 3448
1 3 3445 2825 3446 4707
1 3 2827 3442 4708 3450
1 3 3442 3153 3448 4708
1 3 2652 3331 4709 3444
1 3 3331 2796 3451 4709
1 3 4769 3577 3169 3578
1 3 3579 4769 3578 2863
1 3 2827 3450 4770 3577
1 3 2863 3578 4772 3586
1 3 3579 2863 3713 4833
1 3 4833 3713 3185 3714
1 3 3715 4833 3714 2899
1 3 2863 3586 4834 3713
1 3 2899 3714 4836 3722
1 3 3715 2899 3849 4897
1 3 4897 3849 3201 3850
1 3 3297 4897 3850 2785
1 3 2899 3722 4898 3849
1 3 2785 3850 4900 3301
1 3 3297 2785 3298 4641
1 3 4641 3298 3137 3299
1 3 3300 4641 3299 2788
1 3 2785 3301 4642 3298
1 3 2788 3299 4644 3308
1 3 3300 2788 3441 4705
1 3 4705 3441 3153 3442
1 3 3443 4705 3442 2827
1 3 2788 3308 4706 3441
1 3 2592 3443 4769 3579
1 3 3443 2827 3577 4769
1 3 2592 3579 4833 3715
1 3 2592 3715 4897 3297
1 3 2592 3297 4641 3300
1 3 2592 3300 4705 3443

boundary
208
1 1 2602 740
1 1 740 188
1 1 188 742
1 1 742 48
1 1 48 748
1 1 748 190
1 1 190 750
1 1 750 12
1 1 12 772
1 1 772 196
1 1 196 774
1 1 774 50
1 1 50 780
1 1 780 198
1 1 198 782
1 1 782 0
1 1 7 1132
1 1 1132 288
1 1 288 1134
1 1 1134 74
1 1 74 1140
1 1 1140 290
1 1 290 1142
1 1 1142 19
1 1 19 1164
1 1 1164 296
1 1 296 1166
1 1 1166 76
1 1 76 1172
1 1 1172 298
1 1 298 1174
1 1 1174 1
1 1 6 958
1 1 958 244
1 1 244 960
1 1 960 63
1 1 63 967
1 1 967 246
1 1 246 969
1 1 969 16
1 1 16 992
1 1 992 253
1 1 253 994
1 1 994 65
1 1 65 1001
1 1 1001 255
1 1 255 1003
1 1 1003 2
1 1 9 1524
1 1 1524 388
1 1 388 1526
1 1 1526 100
1 1 100 1532
1 1 1532 390
1 1 390 1534
1 1 1534 26
1 1 26 1556
1 1 1556 396
1 1 396 1558
1 1 1558 102
1 1 102 1564
1 1 1564 398
1 1 398 1566
1 1 1566 3
1 1 8 1350
1 1 1350 344
1 1 344 1352
1 1 1352 89
1 1 89 1359
1 1 1359 346
1 1 346 1361
1 1 1361 23
1 1 23 1384
1 1 1384 353
1 1 353 1386
1 1 1386 91
1 1 91 1393
1 1 1393 355
1 1 355 1395
1 1 1395 4
1 1 11 1912
1 1 1912 486
1 1 486 1914
1 1 1914 125
1 1 125 1920
1 1 1920 488
1 1 488 1922
1 1 1922 33
1 1 33 1942
1 1 1942 493
1 1 493 1944
1 1 1944 127
1 1 127 1949
1 1 1949 495
1 1 495 1951
1 1 1951 2593
1 1 10 1742
1 1 1742 444
1 1 444 1744
1 1 1744 115
1 1 115 1751
1 1 1751 446
1 1 446 1753
1 1 1753 30
1 1 30 1776
1 1 1776 453
1 1 453 1778
1 1 1778 117
1 1 117 1785
1 1 1785 455
1 1 455 1787
1 1 1787 5
1 1 2 1004
1 1 1004 256
1 1 256 1006
1 1 1006 66
1 1 66 1012
1 1 1012 258
1 1 258 1014
1 1 1014 17
1 1 17 1036
1 1 1036 264
1 1 264 1038
1 1 1038 68
1 1 68 1044
1 1 1044 266
1 1 266 1046
1 1 1046 7
1 1 0 826
1 1 826 210
1 1 210 828
1 1 828 54
1 1 54 835
1 1 835 212
1 1 212 837
1 1 837 14
1 1 14 860
1 1 860 219
1 1 219 862
1 1 862 56
1 1 56 869
1 1 869 221
1 1 221 871
1 1 871 6
1 1 4 1396
1 1 1396 356
1 1 356 1398
1 1 1398 92
1 1 92 1404
1 1 1404 358
1 1 358 1406
1 1 1406 24
1 1 24 1428
1 1 1428 364
1 1 364 1430
1 1 1430 94
1 1 94 1436
1 1 1436 366
1 1 366 1438
1 1 1438 9
1 1 1 1218
1 1 1218 310
1 1 310 1220
1 1 1220 80
1 1 80 1227
1 1 1227 312
1 1 312 1229
1 1 1229 21
1 1 21 1252
1 1 1252 319
1 1 319 1254
1 1 1254 82
1 1 82 1261
1 1 1261 321
1 1 321 1263
1 1 1263 8
1 1 5 1788
1 1 1788 456
1 1 456 1790
1 1 1790 118
1 1 118 1796
1 1 1796 458
1 1 458 1798
1 1 1798 31
1 1 31 1820
1 1 1820 464
1 1 464 1822
1 1 1822 120
1 1 120 1828
1 1 1828 466
1 1 466 1830
1 1 1830 11
1 1 3 1610
1 1 1610 410
1 1 410 1612
1 1 1612 106
1 1 106 1619
1 1 1619 412
1 1 412 1621
1 1 1621 28
1 1 28 1644
1 1 1644 419
1 1 419 1646
1 1 1646 108
1 1 108 1653
1 1 1653 421
1 1 421 1655
1 1 1655 10

vertices
5281
2
-0.809017 0.587785
-0.809017 -0.587785
-1.61803 0
0.309017 -0.951057
-0.5 -1.53884
1.30902 -0.951057
-1.21352 0.293893
-1.21352 -0.293892
-0.654508 -1.06331
-0.09549150000000001 -1.24495
0.809019 -0.951057
1.15451 -0.475529
-0.7317625 0.8255475
-0.6067625 0.440839
-1.0112685 0.440839
-1.011268 0.1469465
-1.415775 0.1469465
-1.415775 -0.146946
-1.011268 -0.146946
-1.0112685 -0.4408385
-0.6067625 -0.440839
-0.7317625 -0.8255475
-0.452254 -0.916365
-0.5772539999999999 -1.301075
-0.29774575 -1.391895
-0.17274575 -1.007185
0.10676275 -1.0980035
0.2317625 -0.713293
0.559018 -0.951057
0.7317640000000001 -0.713293
1.0590195 -0.951057
1.231765 -0.713293
0.9045095 -0.475529
1.077255 -0.2377645
-0.52950825 0.67860225
-0.8090152499999999 0.29389275
-1.2135215 2.500000000071889e-07
-0.80901525 -0.2938925
-0.52950825 -0.6786019999999999
-0.374999875 -1.15413
0.029508375 -0.8602390000000001
0.48176325 -0.713293
0.9817645000000002 -0.713293
0.82725475 -0.2377645
-0.428381125 0.605129625
-0.568135375 0.559720625
-0.50563525 0.367366
-0.490881125 0.797483875
-0.69313525 0.9444287499999999
-0.630635375 0.7520748749999999
-0.77038975 0.7066662500000001
-0.70788975 0.514312
-0.7078888749999999 0.367365875
-0.7078886249999999 0.220419625
-0.9101427499999999 0.514312
-0.9101418749999999 0.367365875
-1.11239425 0.367366
-1.112394 0.22041975
-0.9101416249999998 0.220419625
-0.9101419999999999 0.07347325
-1.11239475 0.07347337500000001
-1.11239475 -0.07347287499999999
-0.9101419999999999 -0.073473
-1.3146475 0.22041975
-1.31464825 0.07347337500000001
-1.5169025 0.07347325
-1.5169025 -0.073473
-1.31464825 -0.07347287499999999
-1.3146475 -0.220419
-1.112394 -0.220419
-0.707888625 -0.2204195
-0.707888875 -0.36736575
-0.50563525 -0.367366
-0.9101416249999998 -0.22041925
-1.11239425 -0.36736525
-0.9101418749999999 -0.3673655
-0.9101427499999999 -0.5143117500000001
-0.70788975 -0.514312
-0.568135375 -0.5597205
-0.428381125 -0.60512925
-0.77038975 -0.7066662500000001
-0.630635375 -0.75207475
-0.69313525 -0.9444287499999999
-0.553381 -0.9898374999999999
-0.490881125 -0.7974835
-0.351127 -0.8428925
-0.4136269375 -1.0352475
-0.2738728125 -1.0806575
-0.211372875 -0.8883025
-0.6158809999999999 -1.1821925
-0.4761269375 -1.2276025
-0.538627 -1.4199575
-0.398872875 -1.4653675
-0.3363728125 -1.2730125
-0.196618625 -1.3184225
-0.134118625 -1.1260675
-0.0091188125 -0.74135675
0.1306354375 -0.7867660000000001
0.19313525 -0.594411
-0.0716186875 -0.9337120000000001
0.005635624999999991 -1.17147675
0.0681355625 -0.9791212499999999
0.207889875 -1.02453025
0.27038975 -0.832175
0.356762875 -0.713293
0.443135875 -0.594411
0.4340175 -0.951057
0.520390625 -0.832175
0.6840185000000001 -0.951057
0.7703915000000001 -0.832175
0.606763625 -0.713293
0.6931365 -0.594411
0.8567642500000001 -0.713293
0.9431370000000001 -0.594411
0.77950925 -0.475529
0.93401925 -0.951057
1.020392 -0.832175
1.18401975 -0.951057
1.2703925 -0.832175
1.10676475 -0.713293
1.1931375 -0.594411
1.02950975 -0.475529
0.702254625 -0.2377645
0.788627375 -0.11888225
0.8658821249999999 -0.35664675
1.1158825 -0.35664675
0.9522548750000001 -0.2377645
1.0386275 -0.11888225
-0.4670081874999999 0.4862478125
-0.3897540625 0.7240114375
-0.5920081874999999 0.8709563124999999
-0.6692625624999999 0.6331934374999999
-0.6067619375 0.2938928125
-0.8090158125 0.4408389375
-1.0112679375 0.2938928125
-0.8090153124999999 0.1469464375
-1.011268375 1.875000000053917e-07
-1.213521125 0.1469465625
-1.415775375 1.875000000053917e-07
-1.213521125 -0.1469459375
-0.6067619375 -0.29389275
-0.8090153124999999 -0.14694625
-1.0112679375 -0.29389225
-0.8090158125 -0.44083875
-0.4670081874999999 -0.486247625
-0.6692625625 -0.6331933750000001
-0.5920081874999999 -0.870956125
-0.3897540625 -0.7240108750000001
-0.31249990625 -0.961775
-0.51475396875 -1.10872
-0.43749990625 -1.346485
-0.23524571875 -1.19954
0.09200821875 -0.667883875
-0.11024584375 -0.814829625
-0.03299153125 -1.052594375
0.16926265625 -0.905648125
0.3181355625 -0.594411
0.3953901875 -0.8321750000000001
0.6453910625 -0.8321750000000001
0.5681361874999999 -0.594411
0.8181367500000001 -0.594411
0.89539175 -0.8321750000000001
1.14539225 -0.8321750000000001
1.06813725 -0.594411
0.6636273125000001 -0.11888225
0.7408819375 -0.35664675
0.9908823124999999 -0.35664675
0.9136274375 -0.11888225
-0.41644459375 0.44951140625
-0.48632171875 0.42680690625
-0.455071625 0.3306295
-0.3778175625 0.5683933125
-0.44769465625 0.54568871875
-0.4789446875 0.6418659375
-0.5488218125 0.6191614375
-0.51757178125 0.52298421875
-0.5874489375 0.5002798125
-0.556198875 0.4041025
-0.33919053125 0.68727521875
-0.40906759375 0.66457053125
-0.37044053125 0.7834523437499999
-0.4715675625 0.8569246874999999
-0.44031759375 0.76074765625
-0.5101946875000001 0.7380430625
-0.5414446562499999 0.8342200937499999
-0.61132178125 0.8115155937499999
-0.5800718125 0.7153385624999999
-0.57269459375 0.93039703125
-0.673821625 1.003869375
-0.64257171875 0.9076925312499999
-0.712448875 0.884988125
-0.6811989375 0.7888111874999999
-0.61869896875 0.5964570312499999
-0.6885761562499999 0.57375271875
-0.657326125 0.4775755
-0.64994896875 0.6926341562499999
-0.751076125 0.766106875
-0.7198261562499999 0.66992984375
-0.789703375 0.647225625
-0.758453375 0.5510485000000001
-0.55619859375 0.33062940625
-0.55619846875 0.25715628125
-0.6573256875 0.4041024375
-0.6573254062499999 0.33062934375
-0.7584520624999999 0.3306293124999999
-0.7584519374999998 0.2571561875
-0.6573252812499999 0.25715621875
-0.6573253125 0.1836830625
-0.7584527812499999 0.47757546875
-0.7584523437499999 0.4041024062499999
-0.8595798749999999 0.5510485000000001
-0.8595792812499999 0.47757546875
-0.9607056249999999 0.4775755
-0.9607051874999999 0.4041024375
-0.8595788437499999 0.4041024062499999
-0.8595785624999999 0.3306293124999999
-0.9607049062499999 0.33062934375
-0.9607047812499999 0.25715621875
-0.8595784374999998 0.2571561875
-1.061831375 0.4041025
-1.06183109375 0.33062940625
-1.162957125 0.3306295
-1.162957 0.257156375
-1.06183096875 0.25715628125
-1.061831 0.183683125
-0.9607048124999998 0.1836830625
-0.75845196875 0.18368303125
-0.75845215625 0.11020984375
-0.8595784687499999 0.18368303125
-0.9607049999999999 0.110209875
-0.8595786562499999 0.11020984375
-0.8595789999999999 0.036736625
-0.9607051874999999 0.03673671875000001
-0.9607051874999999 -0.03673640624999999
-0.8595789999999999 -0.0367365
-1.061831375 0.1102099375
-1.0618315625 0.03673678125
-1.162958125 0.03673681250000001
-1.162958125 -0.03673631249999999
-1.0618315625 -0.03673634375
-1.061831375 -0.1102094375
-0.9607049999999999 -0.1102095
-1.1629575625 0.18368315625
-1.1629579375 0.11020996875
-1.26408375 0.257156375
-1.2640843125 0.18368315625
-1.36521125 0.183683125
-1.365211625 0.1102099375
-1.2640846875 0.11020996875
-1.264084875 0.03673681250000001
-1.3652118125 0.03673678125
-1.3652118125 -0.03673634375
-1.264084875 -0.03673631249999999
-1.46633875 0.110209875
-1.4663389375 0.03673671875000001
-1.56746625 0.036736625
-1.56746625 -0.0367365
-1.4663389375 -0.03673640624999999
-1.46633875 -0.1102095
-1.365211625 -0.1102094375
-1.1629579375 -0.11020940625
-1.1629575625 -0.18368246875
-1.061831 -0.1836825
-1.2640846875 -0.11020940625
-1.36521125 -0.1836825
-1.2640843125 -0.18368246875
-1.26408375 -0.2571555
-1.162957 -0.2571555
-0.55619846875 -0.25715625
-0.55619859375 -0.330629375
-0.455071625 -0.3306295
-0.6573253125 -0.183683
-0.65732528125 -0.257156125
-0.7584519375000001 -0.257156
-0.7584520625 -0.330629125
-0.65732540625 -0.33062925
-0.6573256875 -0.404102375
-0.556198875 -0.4041025
-0.75845215625 -0.11020975
-0.75845196875 -0.183682875
-0.8595786562499999 -0.110209625
-0.9607048124999998 -0.183682625
-0.8595784687499999 -0.18368275
-0.8595784375 -0.257155875
-0.9607047812499999 -0.25715575
-0.9607049062499999 -0.330628875
-0.8595785624999999 -0.330629
-1.06183096875 -0.257155625
-1.162957125 -0.330628625
-1.06183109375 -0.33062875
-1.061831375 -0.404101875
-0.9607051874999999 -0.404102
-0.7584523437499999 -0.40410225
-0.7584527812499999 -0.477575375
-0.657326125 -0.4775755
-0.8595788437499999 -0.404102125
-0.9607056249999999 -0.477575125
-0.8595792812499999 -0.47757525
-0.8595798749999999 -0.551048375
-0.758453375 -0.5510485000000001
-0.48632171875 -0.4268068125
-0.41644459375 -0.4495111875
-0.5874489375 -0.50027975
-0.51757178125 -0.5229840625
-0.5488218125 -0.6191612499999999
-0.4789446875 -0.6418656249999999
-0.44769465625 -0.5456884375
-0.3778175625 -0.568392875
-0.68857615625 -0.5737526875000001
-0.61869896875 -0.5964569375
-0.789703375 -0.647225625
-0.71982615625 -0.6699298125000001
-0.751076125 -0.766106875
-0.6811989375 -0.7888111250000001
-0.64994896875 -0.6926340625
-0.5800718125 -0.715338375
-0.61132178125 -0.8115154375
-0.5414446562499999 -0.8342198125
-0.5101946875000001 -0.73804275
-0.712448875 -0.884988125
-0.64257171875 -0.9076924374999999
-0.673821625 -1.003869375
-0.6039445 -1.02657375
-0.57269459375 -0.9303968124999999
-0.5028175 -0.95310125
-0.4715675625 -0.8569242500000001
-0.40906759375 -0.6645700624999999
-0.33919053125 -0.6872745625000001
-0.44031759375 -0.7607471875
-0.4016905 -0.87962875
-0.37044053125 -0.7834516875
-0.3005635 -0.80615625
-0.331813453125 -0.90233375
-0.261936390625 -0.92503875
-0.2306864375 -0.82886125
-0.43294046875 -0.97580625
-0.363063421875 -0.9985112500000001
-0.39431340625 -1.09468875
-0.32443634375 -1.11739375
-0.293186359375 -1.02121625
-0.22330928125 -1.04392125
-0.1920593125 -0.94774375
-0.534067484375 -1.04927875
-0.464190453125 -1.07198375
-0.6351944999999999 -1.12275125
-0.565317484375 -1.14545625
-0.5965674999999999 -1.24163375
-0.5266904687499999 -1.26433875
-0.495440453125 -1.16816125
-0.42556340625 -1.19086625
-0.456813421875 -1.28704375
-0.386936359375 -1.30974875
-0.35568634375 -1.21357125
-0.5579405 -1.36051625
-0.488063453125 -1.38322125
-0.5193135 -1.47939875
-0.4494364375 -1.50210375
-0.418186390625 -1.40592625
-0.3483093125 -1.42863125
-0.31705928125 -1.33245375
-0.254559265625 -1.14009875
-0.184682171875 -1.16280375
-0.1534321875 -1.06662625
-0.285809265625 -1.23627625
-0.2471821875 -1.35515875
-0.215932171875 -1.25898125
-0.1460550625 -1.28168625
-0.1148050625 -1.18550875
0.072694609375 -0.6084428125
0.142571734375 -0.6311474375
0.173821625 -0.5349699999999999
-0.02843240625 -0.681915625
0.041444703125 -0.7046203125
0.01019478125 -0.800797875
0.08007190624999999 -0.8235025
0.111321828125 -0.7273249375
0.18119896875 -0.7500295
0.212448875 -0.653852
-0.129559421875 -0.7553884375
-0.059682328125 -0.7780931875
-0.160809359375 -0.8515660625
-0.12218221875 -0.9704485
-0.09093226562500001 -0.8742708125
-0.02105515625 -0.8969755000000001
-0.05230510937500001 -0.9931531875
0.017572015625 -1.0158578125
0.04882196875 -0.919680125
-0.083555078125 -1.0893309375
-0.04492793750000001 -1.208213375
-0.01367795312500001 -1.1120355625
0.05619918749999999 -1.134740125
0.08744915624999999 -1.038562375
0.149949046875 -0.8462070625
0.219826203125 -0.8689115625
0.251076125 -0.772734
0.118699109375 -0.9423846874999999
0.1573263125 -1.061266875
0.188576265625 -0.9650891875000001
0.2584534375 -0.987793625
0.289703375 -0.891616
0.25563540625 -0.594411
0.29882190625 -0.5349699999999999
0.2942626875 -0.713293
0.33744921875 -0.653852
0.4192630625 -0.713293
0.4624495625 -0.653852
0.38063571875 -0.594411
0.4238221875 -0.5349699999999999
0.33288996875 -0.8321750000000001
0.37607653125 -0.772734
0.37151725 -0.951057
0.41470384375 -0.8916160000000001
0.49651775 -0.951057
0.5397043125000001 -0.891616
0.45789040625 -0.8321750000000001
0.5010769374999999 -0.772734
0.58289084375 -0.8321750000000001
0.62607734375 -0.772734
0.5442634374999999 -0.713293
0.62151825 -0.951057
0.66470478125 -0.8916160000000001
0.7465187500000001 -0.951057
0.7897052500000001 -0.891616
0.70789128125 -0.8321750000000001
0.7510777500000001 -0.772734
0.6692638125000001 -0.713293
0.5056360312499999 -0.594411
0.54882246875 -0.5349699999999999
0.58744990625 -0.653852
0.7124502500000001 -0.653852
0.63063634375 -0.594411
0.67382275 -0.5349699999999999
0.7556366250000001 -0.594411
0.7988230000000001 -0.5349699999999999
0.717009125 -0.475529
0.7942641250000001 -0.713293
0.8374505000000001 -0.653852
0.9192643750000001 -0.713293
0.9624507500000001 -0.653852
0.8806368750000001 -0.594411
0.9238232500000001 -0.5349699999999999
0.8420093749999999 -0.475529
0.832891625 -0.8321750000000001
0.8760780000000001 -0.772734
0.8715191250000001 -0.951057
0.9147054999999999 -0.8916160000000001
0.996519375 -0.951057
1.03970575 -0.891616
0.9578918750000001 -0.8321750000000001
1.00107825 -0.772734
1.082892125 -0.8321750000000001
1.1260785 -0.772734
1.044264625 -0.713293
1.121519625 -0.951057
1.164706 -0.8916160000000001
1.246519875 -0.951057
1.28970625 -0.891616
1.207892375 -0.8321750000000001
1.25107875 -0.772734
1.169264875 -0.713293
1.005637125 -0.594411
1.0488235 -0.5349699999999999
0.967009625 -0.475529
1.087451 -0.653852
1.21245125 -0.653852
1.130637375 -0.594411
1.17382375 -0.5349699999999999
1.092009875 -0.475529
0.60112728125 -0.11888225
0.64431365625 -0.059441125
0.6397545625000001 -0.2377645
0.6829409687500001 -0.178323375
0.7647546875 -0.2377645
0.8079410625000001 -0.178323375
0.72612734375 -0.11888225
0.7693136875 -0.059441125
0.67838184375 -0.35664675
0.7215682812499999 -0.297205625
0.76019559375 -0.416087875
0.8851958124999999 -0.416087875
0.80338203125 -0.35664675
0.8465684375 -0.297205625
0.9283822187499999 -0.35664675
0.97156859375 -0.297205625
0.8897548125000001 -0.2377645
1.01019603125 -0.416087875
1.13519625 -0.416087875
1.05338240625 -0.35664675
1.09656875 -0.297205625
1.0147549375 -0.2377645
0.8511274062500001 -0.11888225
0.89431371875 -0.059441125
0.9329411562500001 -0.178323375
1.05794125 -0.178323375
0.97612746875 -0.11888225
1.01931375 -0.059441125
-0.435758109375 0.390070453125
-0.397131078125 0.5089523593749999
-0.498258234375 0.582425078125
-0.536885328125 0.463543359375
-0.358504046875 0.627834265625
-0.319877015625 0.7467161718749999
-0.421004046875 0.8201885156249999
-0.459631140625 0.701306796875
-0.5607582343749999 0.7747793281249999
-0.5221310781249999 0.8936608593749999
-0.623258109375 0.967133203125
-0.661885328125 0.8482518593749999
-0.638012546875 0.5370162656249999
-0.599385390625 0.6558977968749999
-0.700512546875 0.729370515625
-0.7391397656249999 0.6104891718750001
-0.5056350468749999 0.293892890625
-0.6067621406249999 0.367365921875
-0.7078886718749999 0.293892765625
-0.6067618906250001 0.220419671875
-0.7078892343750001 0.440838953125
-0.809016328125 0.514311984375
-0.9101422343749999 0.440838953125
-0.8090154531249999 0.3673658593749999
-0.9101416718749999 0.293892765625
-1.011268140625 0.367365921875
-1.112394046875 0.293892890625
-1.011267890625 0.220419671875
-0.707888734375 0.146946453125
-0.8090152031249997 0.220419609375
-0.9101417343749999 0.146946453125
-0.8090155781249999 0.073473234375
-0.9101420937499999 1.093750000048799e-07
-1.01126828125 0.07347332812500001
-1.11239484375 2.343750000050049e-07
-1.01126828125 -0.07347292187499999
-1.11239446875 0.146946546875
-1.21352065625 0.220419765625
-1.31464796875 0.146946546875
-1.21352140625 0.07347339062500002
-1.31464834375 2.343750000050049e-07
-1.41577528125 0.07347332812500001
-1.51690259375 1.093750000048799e-07
-1.41577528125 -0.07347292187499999
-1.11239446875 -0.146945953125
-1.21352140625 -0.073472859375
-1.31464796875 -0.146945953125
-1.21352065625 -0.220418984375
-0.505635046875 -0.293892875
-0.6067618906250001 -0.220419625
-0.707888671875 -0.293892625
-0.606762140625 -0.367365875
-0.707888734375 -0.146946375
-0.8090155781249999 -0.073473125
-0.9101417343749998 -0.146946125
-0.809015203125 -0.220419375
-0.9101416718749999 -0.293892375
-1.011267890625 -0.220419125
-1.112394046875 -0.293892125
-1.011268140625 -0.367365375
-0.707889234375 -0.440838875
-0.809015453125 -0.367365625
-0.910142234375 -0.440838625
-0.8090163281249999 -0.514311875
-0.4357581093749999 -0.39007034375
-0.536885328125 -0.46354328125
-0.4982582343750001 -0.5824248437499999
-0.397131078125 -0.50895203125
-0.638012546875 -0.5370162187500001
-0.7391397656250001 -0.6104891562500001
-0.700512546875 -0.72937046875
-0.599385390625 -0.65589765625
-0.5607582343749999 -0.7747790937500001
-0.661885328125 -0.8482517812500001
-0.6232581093749999 -0.96713309375
-0.5221310781249999 -0.8936605312499999
-0.358504046875 -0.62783371875
-0.459631140625 -0.7013064062500001
-0.421004046875 -0.82018796875
-0.319877015625 -0.7467154062500001
-0.2812499453125 -0.8655975
-0.3823769609375 -0.9390700000000001
-0.3437498828125 -1.0579525
-0.2426228359375 -0.98448
-0.4835039765625 -1.0125425
-0.5846309921874999 -1.086015
-0.5460039765625 -1.2048975
-0.4448769296875 -1.131425
-0.4062498828125 -1.2503075
-0.5073769609375 -1.32378
-0.4687499453125 -1.4426625
-0.3676228359375 -1.36919
-0.2039957265625 -1.1033625
-0.3051228046875 -1.176835
-0.2664957265625 -1.2957175
-0.1653686171875 -1.222245
0.1232581171875 -0.5717064062499999
0.0221311015625 -0.6451792187500001
0.06075830468749999 -0.7640614062500001
0.1618853515625 -0.6905884687500001
-0.07899591406250001 -0.7186520312500001
-0.1801229296875 -0.7921248437499999
-0.1414957890625 -0.9110072812500001
-0.0403687421875 -0.83753434375
-0.001741570312500003 -0.9564166562500001
-0.1028686484375 -1.02988971875
-0.0642415078125 -1.14877215625
0.03688560156249999 -1.07529896875
0.2005125859375 -0.80947053125
0.0993855078125 -0.88294359375
0.1380127109375 -1.00182578125
0.2391398203125 -0.92835259375
0.236321765625 -0.5349699999999999
0.274949046875 -0.653852
0.399949390625 -0.653852
0.361322046875 -0.5349699999999999
0.313576328125 -0.772734
0.3522036093749999 -0.891616
0.477204078125 -0.8916160000000001
0.4385767343749999 -0.772734
0.563577140625 -0.772734
0.602204546875 -0.891616
0.7272050156250001 -0.8916160000000001
0.6885775468750001 -0.772734
0.486322328125 -0.5349699999999999
0.524949734375 -0.653852
0.6499500781250001 -0.653852
0.6113226093749999 -0.5349699999999999
0.7363228750000002 -0.5349699999999999
0.774950375 -0.653852
0.8999506250000001 -0.653852
0.8613231250000001 -0.5349699999999999
0.813577875 -0.772734
0.852205375 -0.891616
0.9772056250000001 -0.8916160000000001
0.9385781250000002 -0.772734
1.063578375 -0.772734
1.102205875 -0.891616
1.227206125 -0.8916160000000001
1.188578625 -0.772734
0.986323375 -0.5349699999999999
1.024950875 -0.653852
1.149951125 -0.653852
1.111323625 -0.5349699999999999
0.5818136406250001 -0.059441125
0.620440921875 -0.178323375
0.745441015625 -0.178323375
0.706813671875 -0.059441125
0.659068203125 -0.297205625
0.6976954843750001 -0.416087875
0.822695703125 -0.416087875
0.784068359375 -0.297205625
0.9090685156249999 -0.297205625
0.9476959218749998 -0.416087875
1.072696140625 -0.416087875
1.034068671875 -0.297205625
0.8318137031249999 -0.059441125
0.870441109375 -0.178323375
0.9954412031250001 -0.178323375
0.9568137343750001 -0.059441125
-0.4104763046875 0.3717022265625
-0.4454148671875 0.3603499765625
-0.4297898125 0.31226125
-0.391162796875 0.431143203125
-0.4261013515625 0.4197909296875
-0.441726390625 0.4678796093749999
-0.476664953125 0.456527359375
-0.4610399140625 0.4084386796875
-0.495978484375 0.397086453125
-0.4803534375 0.34899775
-0.3718492890625 0.4905841796875
-0.4067878359375 0.4792318828125
-0.35253578125 0.55002515625
-0.3874743203125 0.5386728359374999
-0.40309934375 0.58676146875
-0.438037890625 0.5754091718750001
-0.4224128671875 0.5273205390625
-0.457351421875 0.515968265625
-0.4729764453125 0.5640568984375001
-0.5079150078125 0.5527046484375
-0.492289984375 0.504616015625
-0.4536629062500001 0.62349778125
-0.4886014609375 0.6121455078125
-0.50422646875 0.66023409375
-0.53916503125 0.6488818437499999
-0.5235400234374999 0.6007932578124999
-0.55847859375 0.58944103125
-0.542853578125 0.541352421875
-0.5116035234375 0.4451751328125
-0.5465421015625 0.4338229296875
-0.5309170624999999 0.3857342499999999
-0.5272285546875 0.4932637890625
-0.57779215625 0.5300002187499999
-0.5621671328125 0.4819115859374999
-0.59710571875 0.47055940625
-0.5814806875 0.42247075
-0.3332222734375 0.6094661328124999
-0.3681608046875 0.5981137890625
-0.313908765625 0.668907109375
-0.3488472890625 0.6575547421875
-0.364472296875 0.705643328125
-0.399410828125 0.694290984375
-0.3837858203125 0.6462023984375
-0.418724359375 0.6348500781249999
-0.2945952578125 0.7283480859375
-0.3295337734375 0.7169956953125
-0.3102202578125 0.7764366484374999
-0.360783765625 0.813172796875
-0.3451587734375 0.7650842578124999
-0.380097296875 0.7537318906249999
-0.3957222890625 0.8018204296875
-0.4306608203125 0.7904680859375
-0.415035828125 0.742379546875
-0.4113472734375 0.8499089453124999
-0.46191078125 0.8866450937499999
-0.4462858046875 0.8385566015624999
-0.48122434375 0.82720428125
-0.465599359375 0.779115765625
-0.4343493671875 0.6829386640624999
-0.4692879140625 0.6715863671875
-0.4499743671875 0.7310272265625
-0.5005379062500001 0.7677634687499999
-0.4849129140625 0.7196749296875
-0.51985146875 0.70832265625
-0.5354764609375 0.7564111953124999
-0.5704150234374999 0.7450589453124999
-0.55479003125 0.69697040625
-0.516162890625 0.815851984375
-0.5511014453124999 0.8044997109374999
-0.5667264218749999 0.8525882031249999
-0.6016649843749999 0.841235953125
-0.5860400078125 0.7931474609375
-0.620978578125 0.7817952343749999
-0.60535359375 0.7337067187499999
-0.4968493203125 0.8752927734375
-0.5317878671874999 0.8639404765624999
-0.5124742890625 0.9233812421875
-0.563037796875 0.960117390625
-0.5474128359374999 0.9120289453124999
-0.582351390625 0.9006766718749999
-0.5979763515625001 0.9487651171875
-0.6329149140625 0.9374128671874999
-0.617289953125 0.8893244218749999
-0.6136013046875 0.9968535390625
-0.6641648124999999 1.0335896875
-0.6485398671875 0.9855012890624999
-0.6834784375 0.9741490624999999
-0.6678534843749999 0.9260606406249999
-0.6366035546875 0.8298837265624999
-0.6715421328125 0.8185315234374999
-0.65591715625 0.7704430312499999
-0.6522285234375 0.8779721953124999
-0.7027920624999999 0.9147084375
-0.6871671015625 0.8666199921875
-0.7221056875 0.8552678124999999
-0.70648071875 0.8071793437499999
-0.6127307421875 0.5186480390624999
-0.6476693359375 0.5072958828124999
-0.6320443124999999 0.45920725
-0.593417171875 0.578088828125
-0.6283557578125 0.5667366484374999
-0.643980765625 0.6148252343749999
-0.6789193593749999 0.603473078125
-0.6632943515624999 0.5553844921875
-0.698232953125 0.5440323593750001
-0.6826079375 0.49594375
-0.5741036015625 0.6375296171875
-0.6090421796875 0.6261774140624999
-0.5897286015625 0.6856181796874999
-0.640292171875 0.722354515625
-0.6246671796875 0.6742659765624999
-0.659605765625 0.6629137968749998
-0.6752307578125 0.7110023359375
-0.7101693515624999 0.6996501796875
-0.6945443593749999 0.651561640625
-0.6908557421875 0.7590908515624999
-0.7414193124999999 0.7958271875
-0.7257943359375 0.7477386953125
-0.7607329375 0.7363865625
-0.745107953125 0.688298046875
-0.7138579609375 0.5921209453125
-0.7487965703124999 0.5807688359375001
-0.7331715624999999 0.5326802500000001
-0.7294829609375 0.6402095078125001
-0.7800465624999999 0.6769459375
-0.7644215703124999 0.6288573984375001
-0.7993601875 0.6175053125000001
-0.7837351875 0.56941675
-0.4803533359375 0.3122611953125
-0.4803532734375 0.2755246328125
-0.5309169218750001 0.348997703125
-0.5309168203125 0.3122611484375
-0.581480265625 0.312261109375
-0.5814802031249999 0.275524546875
-0.5309167578125 0.2755245859375
-0.5309167343750001 0.238788015625
-0.5814805078124999 0.3857342109375
-0.5814803671875 0.3489976640625
-0.63204409375 0.42247071875
-0.6320439140624999 0.3857341796875
-0.6826072812499999 0.38573415625
-0.6826071406249998 0.348997609375
-0.6320437734375 0.3489976328125
-0.632043671875 0.312261078125
-0.6826070390624999 0.3122610546875
-0.6826069765624999 0.2755244921875
-0.6320436093749999 0.275524515625
-0.7331704687499998 0.3489975937499999
-0.7331703671874998 0.3122610390625
-0.7837336562499999 0.3122610312499999
-0.7837335937499998 0.27552446875
-0.7331703046874999 0.2755244765625
-0.7331702812499998 0.23878790625
-0.6826069531249999 0.238787921875
-0.5814801796875 0.2387879765625
-0.5814801953125001 0.2020513984375
-0.6320435859375 0.2387879453125
-0.68260696875 0.20205134375
-0.6320436015625001 0.2020513671875
-0.63204365625 0.16531478125
-0.6826076796875 0.4592072265625
-0.6826074609375 0.4224706953125
-0.733171265625 0.495943734375
-0.7331710078125 0.4592072109375
-0.783734296875 0.459207203125
-0.783734078125 0.422470671875
-0.7331707890625 0.4224706796875
-0.7331706093749999 0.3857341406249999
-0.7837348515625 0.5326802421875001
-0.7837345546875 0.4959437265625
-0.8342984375 0.56941675
-0.8342981015624999 0.5326802421875001
-0.8848613124999999 0.5326802500000001
-0.8848610156249999 0.495943734375
-0.8342978046875 0.4959437265625
-0.834297546875 0.459207203125
-0.8848607578124998 0.4592072109375
-0.8848605390625 0.4224706796875
-0.8342973281249999 0.422470671875
-0.9354241874999999 0.49594375
-0.9354239296874999 0.4592072265625
-0.9859870624999999 0.45920725
-0.9859868437499999 0.42247071875
-0.9354237109374999 0.4224706953125
-0.9354235312499999 0.38573415625
-0.884860359375 0.3857341406249999
-0.7837338984375 0.3857341328124999
-0.7837337578124999 0.3489975859375
-0.8342971484374999 0.3857341328124999
-0.8848602187499999 0.3489975937499999
-0.8342970078124998 0.3489975859375
-0.8342969062499999 0.3122610312499999
-0.8848601171874999 0.3122610390625
-0.8848600546874998 0.2755244765625
-0.8342968437499998 0.27552446875
-0.9354233906249999 0.348997609375
-0.9354232890624999 0.3122610546875
-0.985986421875 0.312261078125
-0.985986359375 0.275524515625
-0.9354232265625 0.2755244921875
-0.9354232031249998 0.238787921875
-0.8848600312499999 0.23878790625
-0.9859866640624999 0.3857341796875
-0.9859865234374999 0.3489976328125
-1.0365499375 0.42247075
-1.0365497578125 0.3857342109375
-1.0871128125 0.3857342499999999
-1.087112671875 0.348997703125
-1.0365496171875 0.3489976640625
-1.036549515625 0.312261109375
-1.0871125703125 0.3122611484375
-1.0871125078125 0.2755245859375
-1.036549453125 0.275524546875
-1.1376756875 0.34899775
-1.1376755859375 0.3122611953125
-1.1882385625 0.31226125
-1.1882385 0.2755246875
-1.1376755234375 0.2755246328125
-1.1376755 0.2387880625
-1.087112484375 0.238788015625
-0.9859863359374998 0.2387879453125
-0.9859863515624998 0.2020513671875
-0.9354232187499998 0.20205134375
-1.0365494296875 0.2387879765625
-1.0871125 0.2020514375
-1.0365494453125 0.2020513984375
-1.0365495 0.1653148125
-0.9859864062499999 0.16531478125
-0.6826070234375 0.1653147578125
-0.6826071171875 0.1285781640625
-0.733170296875 0.202051328125
-0.7331703515625 0.1653147421875
-0.7837336406249999 0.165314734375
-0.7837337343749999 0.128578140625
-0.7331704453125 0.1285781484375
-0.733170578125 0.09184154687500001
-0.7837335703124998 0.2387878984375
-0.7837335859374999 0.2020513203125
-0.8342968203124999 0.2387878984375
-0.8848600468749999 0.202051328125
-0.8342968359374998 0.2020513203125
-0.8342968906249999 0.165314734375
-0.8848601015624999 0.1653147421875
-0.8848601953124999 0.1285781484375
-0.8342969843749999 0.128578140625
-0.9354232734374999 0.1653147578125
-0.9859864999999999 0.1285781875
-0.9354233671874999 0.1285781640625
-0.9354235 0.0918415625
-0.8848603281249998 0.09184154687500001
-0.7837338671874999 0.0918415390625
-0.7837340390624999 0.0551049296875
-0.8342971171874999 0.0918415390625
-0.8848604999999998 0.05510493750000001
-0.8342972890624999 0.0551049296875
-0.8342974999999999 0.0183683125
-0.8848605468749999 0.01836836718750001
-0.8848605468749999 -0.01836819531249999
-0.8342974999999999 -0.01836825
-0.9354235937499999 0.05510498437500001
-0.9354236406249998 0.0183684140625
-0.9859867812499998 0.01836845312500001
-0.9859867812499998 -0.01836810937499999
-0.9354236406249998 -0.0183681484375
-0.9354235937499999 -0.05510470312499999
-0.8848604999999998 -0.05510474999999999
-0.985986640625 0.09184160156250001
-0.985986734375 0.05510502343750001
-1.0365496875 0.12857821875
-1.036549828125 0.09184163281250002
-1.0871130625 0.09184165625000001
-1.08711315625 0.05510507812500001
-1.036549921875 0.05510505468750001
-1.03654996875 0.018368484375
-1.087113203125 0.0183685078125
-1.087113203125 -0.0183680546875
-1.03654996875 -0.018368078125
-1.1376764375 0.05510509375000001
-1.137676484375 0.01836852343750001
-1.1882398125 0.01836853125000001
-1.1882398125 -0.01836803124999999
-1.137676484375 -0.01836803906249999
-1.1376764375 -0.05510459374999999
-1.08711315625 -0.055104609375
-0.985986734375 -0.05510466406249999
-0.985986640625 -0.09184121093749999
-0.9354235 -0.09184124999999999
-1.036549921875 -0.05510463281249999
-1.0871130625 -0.09184115625
-1.036549828125 -0.0918411796875
-1.0365496875 -0.12857771875
-0.9859864999999999 -0.12857775
-1.087112734375 0.1653148359375
-1.087112921875 0.1285782421875
-1.13767578125 0.202051453125
-1.137676015625 0.1653148515625
-1.18823934375 0.165314859375
-1.18823953125 0.128578265625
-1.137676203125 0.1285782578125
-1.13767634375 0.091841671875
-1.188238828125 0.2387880703125
-1.188239109375 0.2020514609375
-1.238801875 0.2755246875
-1.238802203125 0.2387880703125
-1.289365625 0.2387880625
-1.28936590625 0.202051453125
-1.238802484375 0.2020514609375
-1.23880271875 0.165314859375
-1.289366140625 0.1653148515625
-1.289366328125 0.1285782578125
-1.23880290625 0.128578265625
-1.339929375 0.2020514375
-1.339929609375 0.1653148359375
-1.390493125 0.1653148125
-1.3904933125 0.12857821875
-1.339929796875 0.1285782421875
-1.3399299375 0.09184165625000001
-1.28936646875 0.091841671875
-1.188239671875 0.09184167968750001
-1.188239765625 0.05510510156250002
-1.238803046875 0.09184167968750001
-1.2893665625 0.05510509375000001
-1.238803140625 0.05510510156250002
-1.2388031875 0.01836853125000001
-1.289366609375 0.01836852343750001
-1.289366609375 -0.01836803906249999
-1.2388031875 -0.01836803124999999
-1.33993003125 0.05510507812500001
-1.339930078125 0.0183685078125
-1.39049359375 0.018368484375
-1.39049359375 -0.018368078125
-1.339930078125 -0.0183680546875
-1.33993003125 -0.055104609375
-1.2893665625 -0.05510459374999999
-1.390493453125 0.09184163281250002
-1.390493546875 0.05510505468750001
-1.441056875 0.1285781875
-1.441057015625 0.09184160156250001
-1.491620625 0.0918415625
-1.49162071875 0.05510498437500001
-1.441057109375 0.05510502343750001
-1.44105715625 0.01836845312500001
-1.491620765625 0.0183684140625
-1.491620765625 -0.0183681484375
-1.44105715625 -0.01836810937499999
-1.542184375 0.05510493750000001
-1.542184421875 0.01836836718750001
-1.592748125 0.0183683125
-1.592748125 -0.01836825
-1.542184421875 -0.01836819531249999
-1.542184375 -0.05510474999999999
-1.49162071875 -0.05510470312499999
-1.390493546875 -0.05510463281249999
-1.390493453125 -0.0918411796875
-1.3399299375 -0.09184115625
-1.441057109375 -0.05510466406249999
-1.491620625 -0.09184124999999999
-1.441057015625 -0.09184121093749999
-1.441056875 -0.12857775
-1.3904933125 -0.12857771875
-1.087112921875 -0.1285776953125
-1.087112734375 -0.1653142265625
-1.0365495 -0.16531425
-1.13767634375 -0.091841140625
-1.137676203125 -0.1285776796875
-1.18823953125 -0.128577671875
-1.18823934375 -0.165314203125
-1.137676015625 -0.1653142109375
-1.13767578125 -0.202050734375
-1.0871125 -0.20205075
-1.188239765625 -0.0551045859375
-1.188239671875 -0.0918411328125
-1.238803140625 -0.0551045859375
-1.28936646875 -0.091841140625
-1.238803046875 -0.0918411328125
-1.23880290625 -0.128577671875
-1.289366328125 -0.1285776796875
-1.289366140625 -0.1653142109375
-1.23880271875 -0.165314203125
-1.339929796875 -0.1285776953125
-1.390493125 -0.16531425
-1.339929609375 -0.1653142265625
-1.339929375 -0.20205075
-1.28936590625 -0.202050734375
-1.188239109375 -0.2020507265625
-1.188238828125 -0.2387872421875
-1.1376755 -0.23878725
-1.238802484375 -0.2020507265625
-1.289365625 -0.23878725
-1.238802203125 -0.2387872421875
-1.238801875 -0.27552375
-1.1882385 -0.27552375
-0.4803532734375 -0.275524625
-0.4803533359375 -0.3122611875
-0.4297898125 -0.31226125
-0.5309167343750001 -0.238788
-0.5309167578125 -0.2755245625
-0.5814802031249999 -0.2755245000000001
-0.581480265625 -0.3122610625
-0.5309168203125001 -0.312261125
-0.5309169218750001 -0.3489976875
-0.4803534375 -0.34899775
-0.5814801953125001 -0.202051375
-0.5814801796875 -0.2387879375
-0.63204365625 -0.16531475
-0.6320436015625001 -0.2020513125
-0.68260696875 -0.20205125
-0.6826069531250001 -0.2387878125
-0.6320435859375 -0.238787875
-0.6320436093749999 -0.2755244375
-0.6826069765625 -0.275524375
-0.6826070390625001 -0.3122609375
-0.632043671875 -0.312261
-0.7331702812500001 -0.23878775
-0.7331703046875 -0.2755243125
-0.7837335937500001 -0.27552425
-0.7837336562499999 -0.3122608125
-0.7331703671875001 -0.312260875
-0.73317046875 -0.3489974375
-0.6826071406250001 -0.3489975
-0.5814803671875 -0.348997625
-0.5814805078125 -0.3857341875
-0.5309170624999999 -0.3857342499999999
-0.6320437734375 -0.3489975625
-0.6826072812499999 -0.3857340625
-0.6320439140625 -0.385734125
-0.63204409375 -0.4224706875
-0.5814806875 -0.42247075
-0.6826071171875 -0.128578125
-0.6826070234375 -0.1653146875
-0.733170578125 -0.09184149999999999
-0.7331704453125 -0.1285780625
-0.7837337343749999 -0.128578
-0.7837336406249999 -0.1653145625
-0.7331703515625 -0.165314625
-0.733170296875 -0.2020511875
-0.7837340390624999 -0.055104875
-0.7837338671874999 -0.0918414375
-0.8342972890624999 -0.0551048125
-0.8848603281249998 -0.09184131249999999
-0.8342971171874999 -0.091841375
-0.8342969843749999 -0.1285779375
-0.8848601953124998 -0.128577875
-0.8848601015624998 -0.1653144375
-0.8342968906249999 -0.1653145
-0.9354233671874999 -0.1285778125
-0.9859864062499999 -0.1653143125
-0.9354232734374999 -0.165314375
-0.9354232187499998 -0.2020509375
-0.8848600468749999 -0.202051
-0.7837335859375 -0.202051125
-0.7837335703125 -0.2387876875
-0.8342968359374999 -0.2020510625
-0.8848600312499999 -0.2387875625
-0.8342968203125 -0.238787625
-0.83429684375 -0.2755241875
-0.8848600546875 -0.275524125
-0.8848601171874999 -0.3122606875
-0.8342969062499999 -0.31226075
-0.9354232031249998 -0.2387875
-0.9354232265625 -0.2755240625
-0.985986359375 -0.275524
-0.985986421875 -0.3122605625
-0.9354232890624999 -0.312260625
-0.9354233906249999 -0.3489971875
-0.8848602187499999 -0.34899725
-0.9859863515624998 -0.202050875
-0.9859863359374998 -0.2387874375
-1.0365494453125 -0.2020508125
-1.087112484375 -0.2387873125
-1.0365494296875 -0.238787375
-1.036549453125 -0.2755239375
-1.0871125078125 -0.275523875
-1.0871125703125 -0.3122604375
-1.036549515625 -0.3122604999999999
-1.1376755234375 -0.2755238125
-1.1882385625 -0.3122603125
-1.1376755859375 -0.312260375
-1.1376756875 -0.3489969375
-1.087112671875 -0.348997
-0.9859865234374999 -0.348997125
-0.9859866640624999 -0.3857336875
-0.9354235312499999 -0.38573375
-1.0365496171875 -0.3489970625
-1.0871128125 -0.3857335625
-1.0365497578125 -0.385733625
-1.0365499375 -0.4224701875
-0.9859868437499999 -0.42247025
-0.6826074609374999 -0.422470625
-0.6826076796875 -0.4592071875
-0.6320443124999999 -0.45920725
-0.7331706093749999 -0.385734
-0.7331707890624999 -0.4224705625
-0.783734078125 -0.4224705
-0.783734296875 -0.4592070625
-0.7331710078125 -0.459207125
-0.733171265625 -0.4959436875
-0.6826079375 -0.49594375
-0.7837337578125 -0.3489973749999999
-0.7837338984375 -0.3857339375
-0.8342970078124999 -0.3489973125
-0.884860359375 -0.3857338125
-0.8342971484374999 -0.385733875
-0.8342973281249999 -0.4224704375
-0.8848605390625 -0.422470375
-0.8848607578125 -0.4592069375
-0.834297546875 -0.459207
-0.9354237109374999 -0.4224703125
-0.9859870624999999 -0.4592068125000001
-0.9354239296875 -0.459206875
-0.9354241874999999 -0.4959434375
-0.8848610156249999 -0.4959435
-0.7837345546874999 -0.495943625
-0.7837348515625 -0.5326801875
-0.7331715624999999 -0.5326802500000001
-0.8342978046874999 -0.4959435625
-0.8848613124999999 -0.5326800625000001
-0.8342981015624999 -0.5326801249999999
-0.8342984375 -0.5694166875
-0.7837351875 -0.56941675
-0.4454148671875 -0.360349921875
-0.4104763046875 -0.371702109375
-0.495978484375 -0.39708640625
-0.4610399140624999 -0.408438578125
-0.476664953125 -0.45652721875
-0.441726390625 -0.46787940625
-0.4261013515625 -0.419790765625
-0.391162796875 -0.43114296875
-0.5465421015625 -0.433822890625
-0.5116035234375 -0.445175046875
-0.59710571875 -0.470559375
-0.5621671328125 -0.481911515625
-0.57779215625 -0.5300001249999999
-0.542853578125 -0.54135228125
-0.5272285546875 -0.493263671875
-0.492289984375 -0.5046158437499999
-0.5079150078125001 -0.5527044531249999
-0.4729764453125 -0.5640566406249999
-0.457351421875 -0.5159680312499999
-0.55847859375 -0.589440875
-0.5235400234375001 -0.6007930468749999
-0.53916503125 -0.6488816249999999
-0.50422646875 -0.6602338124999999
-0.4886014609375 -0.6121452343749999
-0.4536629062500001 -0.6234974375
-0.438037890625 -0.57540884375
-0.4067878359375 -0.479231609375
-0.3718492890625 -0.490583828125
-0.4224128671875 -0.527320234375
-0.40309934375 -0.5867610624999999
-0.3874743203125 -0.538672453125
-0.35253578125 -0.5500246875
-0.6476693359375 -0.507295859375
-0.6127307421875 -0.518647984375
-0.698232953125 -0.5440323437500001
-0.6632943515625001 -0.5553844531250001
-0.678919359375 -0.6034730312500001
-0.6439807656250001 -0.61482515625
-0.6283557578125 -0.566736578125
-0.593417171875 -0.5780887187499999
-0.7487965703125 -0.5807688281250001
-0.7138579609375 -0.5921209218750001
-0.7993601875 -0.6175053125000001
-0.7644215703125 -0.6288573906250001
-0.7800465624999999 -0.6769459375
-0.745107953125 -0.68829803125
-0.7294829609375 -0.6402094843750001
-0.694544359375 -0.6515615937500001
-0.7101693515625001 -0.699650140625
-0.6752307578125 -0.711002265625
-0.6596057656250001 -0.66291371875
-0.7607329375 -0.7363865625
-0.7257943359375 -0.747738671875
-0.7414193124999999 -0.7958271875
-0.70648071875 -0.8071793125
-0.6908557421875 -0.759090796875
-0.65591715625 -0.7704429375
-0.640292171875 -0.72235440625
-0.6090421796875 -0.6261772968749999
-0.5741036015625 -0.637529453125
-0.6246671796875 -0.6742658593749999
-0.60535359375 -0.7337065625
-0.5897286015625 -0.685618015625
-0.55479003125 -0.6969701874999999
-0.5704150234374999 -0.745058734375
-0.5354764609375 -0.756410921875
-0.51985146875 -0.7083223749999999
-0.620978578125 -0.78179509375
-0.5860400078125 -0.793147265625
-0.6016649843749999 -0.84123578125
-0.5667264218749999 -0.85258796875
-0.5511014453124999 -0.804499453125
-0.516162890625 -0.81585165625
-0.5005379062500001 -0.767763125
-0.6715421328125 -0.8185314531250001
-0.6366035546875 -0.8298836093750001
-0.7221056875 -0.8552678124999999
-0.6871671015625 -0.8666199531250001
-0.7027920624999999 -0.9147084375
-0.6678534843749999 -0.9260605937499999
-0.6522285234375 -0.877972109375
-0.617289953125 -0.88932428125
-0.6329149140624999 -0.937412765625
-0.5979763515625 -0.948764953125
-0.582351390625 -0.90067646875
-0.6834784375 -0.9741490624999999
-0.6485398671875 -0.9855012343749999
-0.6641648124999999 -1.0335896875
-0.62922625 -1.044941875
-0.6136013046875 -0.9968534218749999
-0.57866275 -1.008205625
-0.563037796875 -0.9601171562499999
-0.5317878671874999 -0.8639401718749999
-0.4968493203125 -0.875292390625
-0.48122434375 -0.827203875
-0.5474128359374999 -0.9120286718749999
-0.52809925 -0.971469375
-0.5124742890625 -0.923380890625
-0.47753575 -0.9347331249999999
-0.46191078125 -0.886644625
-0.3681608046875 -0.598113296875
-0.3332222734375 -0.609465546875
-0.418724359375 -0.6348496562499999
-0.3837858203125 -0.646201890625
-0.399410828125 -0.69429046875
-0.364472296875 -0.7056427187500001
-0.3488472890625 -0.6575541406250001
-0.313908765625 -0.6689064062500001
-0.4692879140625 -0.671586015625
-0.4343493671875001 -0.682938234375
-0.4849129140625 -0.719674578125
-0.465599359375 -0.77911534375
-0.4499743671875001 -0.7310267968750001
-0.415035828125 -0.74237903125
-0.4306608203125 -0.790467578125
-0.3957222890625 -0.801819828125
-0.380097296875 -0.7537312812500001
-0.4462858046875 -0.838556109375
-0.4269722499999999 -0.897996875
-0.4113472734375 -0.849908359375
-0.37640875 -0.861260625
-0.360783765625 -0.81317209375
-0.3295337734375 -0.7169949843750001
-0.2945952578125 -0.7283472656250001
-0.3451587734375 -0.7650835468750001
-0.32584525 -0.824524375
-0.3102202578125 -0.7764358281250001
-0.27528175 -0.7877881250000001
-0.29090672265625 -0.8358768750000001
-0.25596819140625 -0.847229375
-0.24034321875 -0.7991406249999999
-0.3414702265625 -0.872613125
-0.30653169921875 -0.8839656250000001
-0.3221566796874999 -0.9320543750000001
-0.2872181484374999 -0.943406875
-0.27159316796875 -0.895318125
-0.2366546328125 -0.9066706250000001
-0.22102965625 -0.858581875
-0.39203373046875 -0.909349375
-0.35709520703125 -0.920701875
-0.442597234375 -0.946085625
-0.40765871484375 -0.957438125
-0.423283703125 -1.005526875
-0.3883451796875 -1.016879375
-0.37272019140625 -0.968790625
-0.3377816640625 -0.9801431250000001
-0.35340665234375 -1.028231875
-0.31846812109375 -1.039584375
-0.3028431328125 -0.9914956250000001
-0.403970171875 -1.064968125
-0.36903164453125 -1.076320625
-0.384656640625 -1.124409375
-0.349718109375 -1.135761875
-0.33409311328125 -1.087673125
-0.299154578125 -1.099025625
-0.2835295859375 -1.050936875
-0.25227961328125 -0.9547593750000001
-0.21734107421875 -0.966111875
-0.20171609375 -0.9180231249999999
-0.26790459765625 -1.002848125
-0.248591046875 -1.062289375
-0.23296605859375 -1.014200625
-0.198027515625 -1.025553125
-0.18240253125 -0.9774643750000001
-0.49316073828125 -0.982821875
-0.45822222265625 -0.9941743749999999
-0.5437242421874999 -1.019558125
-0.50878573046875 -1.030910625
-0.5244107265625 -1.078999375
-0.4894722109375 -1.090351875
-0.47384721484375 -1.042263125
-0.4389086953125 -1.053615625
-0.5942877460937499 -1.056294375
-0.5593492382812499 -1.067646875
-0.6448512499999999 -1.093030625
-0.6099127460937499 -1.104383125
-0.6255377499999999 -1.152471875
-0.5905992421874999 -1.163824375
-0.5749742382812499 -1.115735625
-0.5400357265625 -1.127088125
-0.55566073046875 -1.175176875
-0.52072221484375 -1.186529375
-0.5050972109375 -1.138440625
-0.6062242499999999 -1.211913125
-0.57128573828125 -1.223265625
-0.5869107499999999 -1.271354375
-0.551972234375 -1.282706875
-0.53634722265625 -1.234618125
-0.501408703125 -1.245970625
-0.4857836953125 -1.197881875
-0.45453369140625 -1.101704375
-0.41959516796875 -1.113056875
-0.47015869140625 -1.149793125
-0.450845171875 -1.209234375
-0.43522016796875 -1.161145625
-0.400281640625 -1.172498125
-0.41590664453125 -1.220586875
-0.38096811328125 -1.231939375
-0.365343109375 -1.183850625
-0.4664701796874999 -1.257323125
-0.43153165234375 -1.268675625
-0.4471566640625 -1.316764375
-0.4122181328125 -1.328116875
-0.39659312109375 -1.280028125
-0.3616545859375 -1.291380625
-0.346029578125 -1.243291875
-0.5170337148437499 -1.294059375
-0.48209519140625 -1.305411875
-0.5675972499999999 -1.330795625
-0.53265873046875 -1.342148125
-0.54828375 -1.390236875
-0.5133452265625 -1.401589375
-0.49772020703125 -1.353500625
-0.4627816796874999 -1.364853125
-0.47840669921875 -1.412941875
-0.44346816796875 -1.424294375
-0.4278431484374999 -1.376205625
-0.52897025 -1.449678125
-0.49403172265625 -1.461030625
-0.50965675 -1.509119375
-0.47471821875 -1.520471875
-0.45909319140625 -1.472383125
-0.42415465625 -1.483735625
-0.4085296328125 -1.435646875
-0.37727959765625 -1.339469375
-0.34234105859375 -1.350821875
-0.326716046875 -1.302733125
-0.39290461328125 -1.387558125
-0.37359109375 -1.446999375
-0.35796607421875 -1.398910625
-0.3230275312500001 -1.410263125
-0.307402515625 -1.362174375
-0.21365250390625 -1.073641875
-0.17871395703125 -1.084994375
-0.16308896875 -1.036905625
-0.2642160390625 -1.110378125
-0.22927749609375 -1.121730625
-0.2449024921875 -1.169819375
-0.2099639453125 -1.181171875
-0.19433894921875 -1.133083125
-0.1594003984375 -1.144435625
-0.14377540625 -1.096346875
-0.31477957421875 -1.147114375
-0.27984103515625 -1.158466875
-0.33040457421875 -1.195203125
-0.3110910390625 -1.254644375
-0.29546603515625 -1.206555625
-0.2605274921875 -1.217908125
-0.27615249609375 -1.265996875
-0.24121394921875 -1.277349375
-0.2255889453125 -1.229260625
-0.29177750390625 -1.314085625
-0.27246396875 -1.373526875
-0.25683895703125 -1.325438125
-0.22190040625 -1.336790625
-0.2062753984375 -1.288701875
-0.17502539453125 -1.192524375
-0.14008683984375 -1.203876875
-0.12446184375 -1.155788125
-0.19065039453125 -1.240613125
-0.17133684375 -1.300054375
-0.15571183984375 -1.251965625
-0.12077328125 -1.263318125
-0.10514828125 -1.215229375
0.11360130859375 -0.5419858906249999
0.14853987109375 -0.5533382031249999
0.1641648125 -0.5052494999999999
0.0630378046875 -0.5787222812499999
0.09797636328125001 -0.590074609375
0.08235141406249999 -0.6381633437500001
0.1172899765625 -0.64951565625
0.13291492578125 -0.6014269218749999
0.1678534921875 -0.6127792187500001
0.1834784375 -0.5646905
0.01247430078125 -0.615458671875
0.04741285546875 -0.626811015625
-0.038089203125 -0.6521950625
-0.003150652343749999 -0.663547421875
-0.018775609375 -0.7116361875
0.0161629453125 -0.72298853125
0.03178790234375 -0.674899765625
0.0667264609375 -0.6862520937500001
0.05110150390625 -0.734340859375
0.08604006640624999 -0.7456931718750001
0.1016650234375 -0.69760440625
0.000537984374999999 -0.7710773125
0.03547654296875 -0.782429640625
0.019851578125 -0.8305184375000001
0.054790140625 -0.84187075
0.07041510546874999 -0.7937819531250001
0.105353671875 -0.8051342500000001
0.1209786328125 -0.7570454687500001
0.15222854296875 -0.6608679531250001
0.18716711328125 -0.6722202343750001
0.2027920625 -0.6241315000000001
0.13660358984375 -0.7089567031250001
0.155917203125 -0.7683977500000001
0.17154216015625 -0.7203089843750001
0.206480734375 -0.7316612499999999
0.2221056875 -0.6835724999999999
-0.08865270703125 -0.6889314531250001
-0.05371416015625 -0.7002838281250001
-0.1392162109375 -0.7256678437499999
-0.10427766796875 -0.7370202343750001
-0.1199026328125 -0.78510903125
-0.0849640859375 -0.7964614062499999
-0.06933912109375001 -0.7483726093750001
-0.0344005703125 -0.7597249687500001
-0.18977971484375 -0.7624042343749999
-0.15484117578125 -0.7737566406249999
-0.20540468359375 -0.810493046875
-0.1860911171875 -0.8699342812499999
-0.17046614453125 -0.8218454531249999
-0.1355276015625 -0.8331978437500001
-0.15115257421875 -0.8812866718750001
-0.11621402734375 -0.8926390468750001
-0.1005890546875 -0.84455021875
-0.16677755078125 -0.9293755156250001
-0.147463984375 -0.98881675
-0.13183900390625 -0.9407278906250001
-0.09690045312500001 -0.9520802500000001
-0.0812754765625 -0.9039914062500001
-0.05002553515625 -0.807813765625
-0.01508698046875 -0.819166109375
-0.06565050390625 -0.855902578125
-0.046336921875 -0.9153437500000001
-0.03071194921875 -0.8672549218750001
0.004226609374999997 -0.8786072500000002
-0.01139836328125 -0.9266960781250001
0.02354019921875 -0.938048390625
0.039165171875 -0.8899595625000001
-0.0619618984375 -0.9634325937500001
-0.02702333984375 -0.974784921875
-0.0426483203125 -1.02287378125
-0.007709757812500004 -1.03422609375
0.007915222656249997 -0.986137234375
0.04285378906249999 -0.99748953125
0.058478765625 -0.9494006875
-0.11252543359375 -1.000169109375
-0.07758687890624999 -1.011521453125
-0.12815041796875 -1.048257984375
-0.1088368515625 -1.10769921875
-0.09321186328125 -1.059610328125
-0.0582733046875 -1.07096265625
-0.07389829296875 -1.119051546875
-0.03895973046875 -1.130403859375
-0.02333474218750001 -1.08231496875
-0.08952328515624999 -1.167140453125
-0.07020971875000001 -1.2265816875
-0.05458472265625 -1.178492765625
-0.01964615625000001 -1.1898450625
-0.004021164062500008 -1.14175615625
0.02722880859374999 -1.045578390625
0.06216737890624999 -1.056930671875
0.07779235937499999 -1.0088418125
0.01160382421874999 -1.093667265625
0.03091740624999999 -1.1531084375
0.04654239453124999 -1.105019546875
0.08148096874999999 -1.1163718125
0.09710595312499999 -1.0682829375
0.19085577734375 -0.779750015625
0.22579435546875 -0.791102265625
0.2414193125 -0.7430135
0.1402922421875 -0.81648653125
0.17523081640625 -0.8278387968750001
0.1596058515625 -0.87592759375
0.1945444296875 -0.88727984375
0.21016939453125 -0.839191046875
0.2451079765625 -0.85054328125
0.2607329375 -0.8024545000000001
0.08972870703124999 -0.8532230468749999
0.12466727734375 -0.8645753281249999
0.07410373828125 -0.901311859375
0.09341733593749998 -0.9607529687499999
0.10904230859375 -0.912664140625
0.1439808828125 -0.92401640625
0.12835591015625 -0.972105234375
0.16329448828125 -0.983457484375
0.1789194609375 -0.9353686562500001
0.11273093359375 -1.020194078125
0.13204453125 -1.0796351875
0.14766951171875 -1.031546328125
0.18260809375 -1.0428985625
0.1982330703125 -0.99480971875
0.22948301171875 -0.898632078125
0.26442159765625 -0.909984296875
0.2800465625 -0.8618954999999999
0.21385804296875 -0.946720890625
0.23317165625 -1.0061619375
0.24879662890625 -0.958073109375
0.28373521875 -0.9694253125000001
0.2993601875 -0.9213365
0.2050716953125 -0.5349699999999999
0.2266649453125 -0.5052494999999999
0.224385328125 -0.594411
0.2459785859375 -0.5646905
0.2868854843749999 -0.594411
0.308478734375 -0.5646905
0.2675718359375 -0.5349699999999999
0.289165078125 -0.5052494999999999
0.2436989609375 -0.653852
0.2652922265625 -0.6241315000000001
0.26301259375 -0.713293
0.2846058671875 -0.6835724999999999
0.3255127812499999 -0.713293
0.347106046875 -0.6835724999999999
0.3061991328125 -0.653852
0.327792390625 -0.6241315000000001
0.3686993046875 -0.653852
0.3902925546875 -0.6241315000000001
0.349385640625 -0.594411
0.38801296875 -0.713293
0.4096062265625 -0.6835724999999999
0.45051315625 -0.713293
0.47210640625 -0.6835724999999999
0.4311994765625 -0.653852
0.4527927187499999 -0.6241315000000001
0.4118857968749999 -0.594411
0.3300719765625 -0.5349699999999999
0.3516652109375 -0.5052494999999999
0.3709788828125 -0.5646905
0.43347903125 -0.5646905
0.3925721171875 -0.5349699999999999
0.41416534375 -0.5052494999999999
0.2823262265624999 -0.772734
0.3039195078125 -0.7430135
0.301639859375 -0.8321750000000001
0.3232331484375 -0.8024545000000001
0.364140078125 -0.8321750000000001
0.385733359375 -0.8024545000000001
0.3448264296875 -0.772734
0.3664197031249999 -0.7430135
0.3209534921875 -0.891616
0.3425467890625 -0.8618955
0.340267125 -0.951057
0.3618604296875 -0.9213365
0.402767375 -0.951057
0.424360671875 -0.9213365
0.3834537265625 -0.891616
0.405047015625 -0.8618955000000001
0.4459539609375 -0.8916160000000001
0.4675472421875 -0.8618955000000001
0.426640296875 -0.8321750000000001
0.465267625 -0.951057
0.4868609140625 -0.9213365
0.527767875 -0.951057
0.54936115625 -0.9213365
0.5084541953125 -0.891616
0.5300474687500001 -0.8618954999999999
0.489140515625 -0.8321750000000001
0.4073266328124999 -0.772734
0.4289198984375 -0.7430135
0.4482335703125 -0.8024545000000001
0.5107337812499999 -0.8024545000000001
0.4698268359375 -0.772734
0.49142009375 -0.7430135
0.5323270390624999 -0.772734
0.5539202890624999 -0.7430135
0.51301334375 -0.713293
0.5516407343750001 -0.8321750000000001
0.5732339921875 -0.8024545000000001
0.6141409531249999 -0.8321750000000001
0.635734203125 -0.8024545000000001
0.5948272421875 -0.772734
0.6164204843750001 -0.7430135
0.5755135312499999 -0.713293
0.5709544296875 -0.891616
0.5925476953125 -0.8618955
0.590268125 -0.951057
0.6118613984375001 -0.9213365
0.6527683750000001 -0.951057
0.674361640625 -0.9213365
0.6334546640625001 -0.891616
0.655047921875 -0.8618955000000001
0.6959548984375 -0.8916160000000001
0.7175481484375 -0.8618955000000001
0.6766411718750001 -0.8321750000000001
0.7152686250000001 -0.951057
0.7368618828125001 -0.9213365
0.777768875 -0.951057
0.799362125 -0.9213365
0.7584551328125001 -0.891616
0.7800483750000001 -0.8618954999999999
0.7391413906250001 -0.8321750000000001
0.6573274453125 -0.772734
0.6789206796875 -0.7430135
0.6380137187500001 -0.713293
0.6982344140625001 -0.8024545000000001
0.7607346250000001 -0.8024545000000001
0.7198276484375001 -0.772734
0.7414208750000001 -0.7430135
0.7005139062500001 -0.713293
0.4550722578125 -0.5349699999999999
0.4766654765625 -0.5052494999999999
0.4743859531249999 -0.594411
0.4959791796874999 -0.5646905
0.5368861093749999 -0.594411
0.558479328125 -0.5646905
0.5175723984375 -0.5349699999999999
0.5391656093749999 -0.5052494999999999
0.4936996484375 -0.653852
0.5152928828125 -0.6241315000000001
0.5346065859375 -0.6835724999999999
0.597106765625 -0.6835724999999999
0.5561998203125 -0.653852
0.577793046875 -0.6241315000000001
0.6186999921875 -0.653852
0.6402932109375 -0.6241315000000001
0.599386265625 -0.594411
0.6596069453125001 -0.6835724999999999
0.7221071250000001 -0.6835724999999999
0.6812001640625001 -0.653852
0.7027933750000001 -0.6241315000000001
0.661886421875 -0.594411
0.5800725390624999 -0.5349699999999999
0.6016657421875 -0.5052494999999999
0.6209794765625 -0.5646905
0.683479625 -0.5646905
0.6425726796875 -0.5349699999999999
0.664165875 -0.5052494999999999
0.7050728125000001 -0.5349699999999999
0.726666 -0.5052494999999999
0.6857590625000001 -0.475529
0.7243865625000001 -0.594411
0.7459797500000001 -0.5646905
0.7868866875 -0.594411
0.8084798750000001 -0.5646905
0.7675729375000001 -0.5349699999999999
0.7891661250000001 -0.5052494999999999
0.7482591875 -0.475529
0.7437003125 -0.653852
0.7652935000000001 -0.6241315000000001
0.7630140625000001 -0.713293
0.7846072500000001 -0.6835724999999999
0.8255141875000001 -0.713293
0.8471073750000001 -0.6835724999999999
0.8062004375 -0.653852
0.8277936250000001 -0.6241315000000001
0.8687005625000002 -0.653852
0.8902937500000001 -0.6241315000000001
0.8493868125000001 -0.594411
0.8880143125000002 -0.713293
0.9096075000000001 -0.6835724999999999
0.9505144375000001 -0.713293
0.9721076250000001 -0.6835724999999999
0.9312006875000001 -0.653852
0.9527938750000001 -0.6241315000000001
0.9118869375 -0.594411
0.8300730625000001 -0.5349699999999999
0.8516662500000001 -0.5052494999999999
0.8107593125 -0.475529
0.8709800000000001 -0.5646905
0.9334801250000001 -0.5646905
0.8925731875 -0.5349699999999999
0.914166375 -0.5052494999999999
0.8732594375 -0.475529
0.7823278125000001 -0.772734
0.8039210000000001 -0.7430135
0.8016415625000001 -0.8321750000000001
0.82323475 -0.8024545000000001
0.8641416875000001 -0.8321750000000001
0.885734875 -0.8024545000000001
0.8448279375000001 -0.772734
0.8664211250000001 -0.7430135
0.8209553125000001 -0.891616
0.8425485 -0.8618955
0.8402690625 -0.951057
0.8618622500000001 -0.9213365
0.9027691875 -0.951057
0.924362375 -0.9213365
0.8834554375 -0.891616
0.9050486250000001 -0.8618955000000001
0.9459555625 -0.8916160000000001
0.9675487500000001 -0.8618955000000001
0.9266418125 -0.8321750000000001
0.9652693125 -0.951057
0.9868625 -0.9213365
1.0277694375 -0.951057
1.049362625 -0.9213365
1.0084556875 -0.891616
1.030048875 -0.8618954999999999
0.9891419375000001 -0.8321750000000001
0.9073280625000002 -0.772734
0.9289212500000001 -0.7430135
0.9482350000000002 -0.8024545000000001
1.010735125 -0.8024545000000001
0.9698281875000001 -0.772734
0.9914213750000002 -0.7430135
1.0323283125 -0.772734
1.0539215 -0.7430135
1.0130145625 -0.713293
1.0516420625 -0.8321750000000001
1.07323525 -0.8024545000000001
1.1141421875 -0.8321750000000001
1.135735375 -0.8024545000000001
1.0948284375 -0.772734
1.116421625 -0.7430135
1.0755146875 -0.713293
1.0709558125 -0.891616
1.092549 -0.8618955
1.0902695625 -0.951057
1.11186275 -0.9213365
1.1527696875 -0.951057
1.174362875 -0.9213365
1.1334559375 -0.891616
1.155049125 -0.8618955000000001
1.1959560625 -0.8916160000000001
1.21754925 -0.8618955000000001
1.1766423125 -0.8321750000000001
1.2152698125 -0.951057
1.236863 -0.9213365
1.2777699375 -0.951057
1.299363125 -0.9213365
1.2584561875 -0.891616
1.280049375 -0.8618954999999999
1.2391424375 -0.8321750000000001
1.1573285625 -0.772734
1.17892175 -0.7430135
1.1380148125 -0.713293
1.1982355 -0.8024545000000001
1.260735625 -0.8024545000000001
1.2198286875 -0.772734
1.241421875 -0.7430135
1.2005149375 -0.713293
0.9550733125 -0.5349699999999999
0.9766665 -0.5052494999999999
0.9357595624999999 -0.475529
0.9743870625000002 -0.594411
0.9959802500000001 -0.5646905
1.0368871875 -0.594411
1.058480375 -0.5646905
1.0175734375 -0.5349699999999999
1.039166625 -0.5052494999999999
0.9982596874999999 -0.475529
0.9937008125000001 -0.653852
1.015294 -0.6241315000000001
1.03460775 -0.6835724999999999
1.097107875 -0.6835724999999999
1.0562009375 -0.653852
1.077794125 -0.6241315000000001
1.1187010625 -0.653852
1.14029425 -0.6241315000000001
1.0993873125 -0.594411
1.159608 -0.6835724999999999
1.222108125 -0.6835724999999999
1.1812011875 -0.653852
1.202794375 -0.6241315000000001
1.1618874375 -0.594411
1.0800735625 -0.5349699999999999
1.10166675 -0.5052494999999999
1.0607598125 -0.475529
1.1209805 -0.5646905
1.183480625 -0.5646905
1.1425736875 -0.5349699999999999
1.164166875 -0.5052494999999999
1.1232599375 -0.475529
0.5505636328125001 -0.059441125
0.5721568203125 -0.0297205625
0.569877265625 -0.11888225
0.5914704609375001 -0.0891616875
0.6323772968750001 -0.11888225
0.653970484375 -0.0891616875
0.6130636484375001 -0.059441125
0.634656828125 -0.0297205625
0.5891908984375001 -0.178323375
0.6107841015625 -0.1486028125
0.60850453125 -0.2377645
0.6300977421875 -0.2080439375
0.67100459375 -0.2377645
0.6925977968750001 -0.2080439375
0.6516909453125 -0.178323375
0.6732841406250001 -0.1486028125
0.7141909921875 -0.178323375
0.7357841796875 -0.1486028125
0.694877328125 -0.11888225
0.7335046562500001 -0.2377645
0.7550978515625 -0.2080439375
0.79600471875 -0.2377645
0.8175979062500001 -0.2080439375
0.7766910390625 -0.178323375
0.7982842187500001 -0.1486028125
0.7573773593749999 -0.11888225
0.6755636640625 -0.059441125
0.6971568359375 -0.0297205625
0.7164705078125 -0.0891616875
0.7789705312499999 -0.0891616875
0.7380636796875 -0.059441125
0.75965684375 -0.0297205625
0.6278181640625 -0.297205625
0.6494113828125001 -0.2674850625
0.647131796875 -0.35664675
0.6687250234375 -0.3269261875
0.709631890625 -0.35664675
0.731225109375 -0.3269261875
0.6903182421875 -0.297205625
0.7119114531249999 -0.2674850625
0.6664454296875 -0.416087875
0.6880386640625 -0.3863673125
0.7073523046875001 -0.4458084375
0.769852421875 -0.4458084375
0.7289455390625 -0.416087875
0.750538765625 -0.3863673125
0.7914456484375 -0.416087875
0.8130388671875 -0.3863673125
0.772131984375 -0.35664675
0.8323525390625 -0.4458084375
0.8948526562499999 -0.4458084375
0.8539457578124999 -0.416087875
0.8755389687499999 -0.3863673125
0.834632078125 -0.35664675
0.7528183203125 -0.297205625
0.7744115234375 -0.2674850625
0.7937251953125 -0.3269261875
0.85622528125 -0.3269261875
0.8153183984375 -0.297205625
0.83691159375 -0.2674850625
0.8778184765624999 -0.297205625
0.8994116640625001 -0.2674850625
0.8585047812500001 -0.2377645
0.8971321718749999 -0.35664675
0.9187253671875 -0.3269261875
0.9596322656249999 -0.35664675
0.981225453125 -0.3269261875
0.9403185546874999 -0.297205625
0.9619117343750001 -0.2674850625
0.92100484375 -0.2377645
0.9164458671874999 -0.416087875
0.9380390703124999 -0.3863673125
0.9573527734374999 -0.4458084375
1.019852890625 -0.4458084375
0.9789459765624999 -0.416087875
1.000539171875 -0.3863673125
1.0414460859375 -0.416087875
1.0630392734375 -0.3863673125
1.022132359375 -0.35664675
1.0823530078125 -0.4458084375
1.144853125 -0.4458084375
1.1039461953125 -0.416087875
1.125539375 -0.3863673125
1.084632453125 -0.35664675
1.0028186328125 -0.297205625
1.0244118046875 -0.2674850625
0.9835049062500001 -0.2377645
1.0437255390625 -0.3269261875
1.106225625 -0.3269261875
1.0653187109375 -0.297205625
1.086911875 -0.2674850625
1.04600496875 -0.2377645
0.8005636953124999 -0.059441125
0.8221568515625 -0.0297205625
0.8198773906250001 -0.11888225
0.8414705546875 -0.0891616875
0.882377421875 -0.11888225
0.903970578125 -0.0891616875
0.8630637109374999 -0.059441125
0.8846568593749999 -0.0297205625
0.8391910859375 -0.178323375
0.8607842578125 -0.1486028125
0.8800979609375 -0.2080439375
0.942598015625 -0.2080439375
0.9016911328125 -0.178323375
0.923284296875 -0.1486028125
0.9641911796875 -0.178323375
0.9857843359375 -0.1486028125
0.9448774531249999 -0.11888225
1.0050980703125 -0.2080439375
1.067598125 -0.2080439375
1.0266912265625 -0.178323375
1.048284375 -0.1486028125
1.007377484375 -0.11888225
0.9255637265625001 -0.059441125
0.9471568671875 -0.0297205625
0.9664706015625 -0.0891616875
1.028970625 -0.0891616875
0.9880637421875 -0.059441125
1.009656875 -0.0297205625
-0.42013305859375 0.34198173828125
-0.40081955078125 0.40142271484375
-0.45138315234375 0.43815914453125
-0.47069667578125 0.37871821484375
-0.38150604296875 0.4608636914062501
-0.3621925351562501 0.52030466796875
-0.41275610546875 0.55704100390625
-0.43206962890625 0.49760007421875
-0.48263321484375 0.53433645703125
-0.46331967578125 0.59377733984375
-0.51388324609375 0.6305136757812499
-0.53319680078125 0.5710728398437499
-0.52126029296875 0.41545469140625
-0.50194675390625 0.47489557421875
-0.55251035546875 0.51163200390625
-0.57182391015625 0.45219116796875
-0.34287902734375 0.5797456445312501
-0.32356551953125 0.63918662109375
-0.37412905859375 0.67592286328125
-0.39344258203125 0.61648193359375
-0.3042520117187499 0.6986275976562499
-0.28493850390625 0.7580685742187501
-0.3355020117187499 0.7948047226562499
-0.35481553515625 0.73536379296875
-0.40537905859375 0.7720999882812499
-0.38606551953125 0.83154087109375
-0.43662902734375 0.8682770195312499
-0.45594258203125 0.8088361835937499
-0.4440061367187501 0.65321822265625
-0.42469259765625 0.71265910546875
-0.4752561367187501 0.74939534765625
-0.4945696914062501 0.68995451171875
-0.5451332460937499 0.7266908007812499
-0.52581967578125 0.78613158984375
-0.57638321484375 0.8228678320312499
-0.59569680078125 0.76342708984375
-0.50650610546875 0.8455723789062499
-0.48719253515625 0.9050131679687499
-0.53775604296875 0.94174931640625
-0.5570696289062499 0.88230857421875
-0.6076331523437499 0.9190447695312499
-0.58831955078125 0.97848546484375
-0.6388830585937499 1.01522161328125
-0.65819667578125 0.9557809648437499
-0.64626035546875 0.8001633789062499
-0.62694675390625 0.85960407421875
-0.67751029296875 0.8963403164062499
-0.69682391015625 0.8368996679687499
-0.62238752734375 0.4889276445312499
-0.60307395703125 0.54836843359375
-0.6536375585937499 0.5851048632812499
-0.6729511445312499 0.5256641210937499
-0.58376038671875 0.6078092226562499
-0.5644468164062499 0.6672500117187499
-0.61501038671875 0.7039863476562499
-0.63432397265625 0.6445456054687499
-0.6848875585937499 0.6812819882812499
-0.66557395703125 0.7407226835937499
-0.71613752734375 0.7774590195312499
-0.73545114453125 0.71801837109375
-0.7235147617187501 0.5624005976562501
-0.70420116015625 0.62184129296875
-0.7547647617187501 0.65857772265625
-0.77407837890625 0.5991370742187501
-0.45507154296875 0.29389294140625
-0.50563512890625 0.33062944921875
-0.55619851171875 0.29389284765625
-0.50563500390625 0.25715632421875
-0.5561987148437499 0.36736595703125
-0.6067623007812499 0.40410246484375
-0.6573255273437499 0.36736589453125
-0.60676201953125 0.33062937109375
-0.65732532421875 0.29389278515625
-0.7078887539062499 0.3306293242187499
-0.7584519804687498 0.29389275390625
-0.7078886289062498 0.25715619921875
-0.5561984648437501 0.22041970703125
-0.60676189453125 0.25715624609375
-0.6573252773437499 0.22041964453125
-0.60676192578125 0.18368308984375
-0.6573258867187499 0.44083897265625
-0.70788947265625 0.47757548046875
-0.7584525429687501 0.44083894140625
-0.7078890351562499 0.40410241796875
-0.7584530585937499 0.51431198828125
-0.8090166445312499 0.5510484960937501
-0.8595795585937499 0.51431198828125
-0.8090160507812501 0.47757546484375
-0.85957904296875 0.4408389414062499
-0.9101424726562499 0.47757548046875
-0.9607053867187499 0.44083897265625
-0.9101420351562499 0.40410241796875
-0.7584521835937499 0.3673658632812499
-0.8090156132812499 0.4041024023437499
-0.8595786835937499 0.3673658632812499
-0.8090153320312499 0.3306293085937499
-0.8595784804687499 0.29389275390625
-0.9101417539062499 0.3306293242187499
-0.96070482421875 0.29389278515625
-0.9101416289062498 0.25715619921875
-0.9607050273437499 0.36736589453125
-1.01126830078125 0.40410246484375
-1.06183121484375 0.36736595703125
-1.01126801953125 0.33062937109375
-1.06183101171875 0.29389284765625
-1.11239412890625 0.33062944921875
-1.16295704296875 0.29389294140625
-1.11239400390625 0.25715632421875
-0.9607047773437499 0.22041964453125
-1.01126789453125 0.25715624609375
-1.06183096484375 0.22041970703125
-1.01126792578125 0.18368308984375
-0.6573253867187501 0.14694647265625
-0.7078886601562501 0.18368304296875
-0.75845204296875 0.14694644140625
-0.7078888476562499 0.11020985546875
-0.7584519335937498 0.22041961328125
-0.8090152070312497 0.25715618359375
-0.8595784335937497 0.22041961328125
-0.8090152382812499 0.18368302734375
-0.8595785429687499 0.14694644140625
-0.9101416601562499 0.18368304296875
-0.9607048867187499 0.14694647265625
-0.9101418476562499 0.11020985546875
-0.75845230859375 0.07347323828125001
-0.8090154257812499 0.11020983984375
-0.8595788085937499 0.07347323828125001
-0.8090157695312499 0.03673662109375
-0.8595790234374998 5.859375000298594e-08
-0.9101420703124998 0.03673667578125001
-0.9607052109374998 1.523437500056818e-07
-0.9101420703124999 -0.03673644921874999
-0.9607051171875 0.07347329296875001
-1.0112681640625 0.11020991015625
-1.0618314921875 0.07347335546875002
-1.0112683515625 0.03673675390625001
-1.0618315859375 2.148437500040096e-07
-1.1123948203125 0.03673680078125001
-1.1629581484375 2.460937500066429e-07
-1.1123948203125 -0.03673632421874999
-0.9607051171875 -0.07347295703124998
-1.0112683515625 -0.03673637109374999
-1.0618314921875 -0.07347289453125
-1.0112681640625 -0.11020946484375
-1.0618312109375 0.14694652734375
-1.1123942578125 0.18368314453125
-1.1629577734375 0.14694655859375
-1.1123946328125 0.11020995703125
-1.1629573046875 0.22041976171875
-1.2135203515625 0.25715637890625
-1.2640840546875 0.22041976171875
-1.2135209140625 0.1836831601562501
-1.2640845234375 0.14694655859375
-1.3146477578125 0.18368314453125
-1.3652114609375 0.14694652734375
-1.3146481328125 0.11020995703125
-1.1629580546875 0.07347338671875001
-1.2135212890625 0.11020997265625
-1.2640848046875 0.07347338671875001
-1.2135214765625 0.03673681640625001
-1.2640848984375 2.460937500066429e-07
-1.3146483203125 0.03673680078125001
-1.3652118359375 2.148437500040096e-07
-1.3146483203125 -0.03673632421874999
-1.3652117421875 0.07347335546875002
-1.4157751640625 0.11020991015625
-1.4663388671875 0.07347329296875001
-1.4157753515625 0.03673675390625001
-1.4663389609375 1.523437500074165e-07
-1.5169025703125 0.03673667578125001
-1.5674662734375 5.859375000298594e-08
-1.5169025703125 -0.03673644921874999
-1.3652117421875 -0.07347289453125
-1.4157753515625 -0.03673637109374999
-1.4663388671875 -0.07347295703124998
-1.4157751640625 -0.11020946484375
-1.0618312109375 -0.14694597265625
-1.1123946328125 -0.11020941796875
-1.1629577734375 -0.14694594140625
-1.1123942578125 -0.18368248046875
-1.1629580546875 -0.07347286328124999
-1.2135214765625 -0.03673630859375
-1.2640848046875 -0.07347286328124999
-1.2135212890625 -0.11020940234375
-1.2640845234375 -0.14694594140625
-1.3146481328125 -0.11020941796875
-1.3652114609375 -0.14694597265625
-1.3146477578125 -0.18368248046875
-1.1629573046875 -0.22041898828125
-1.2135209140625 -0.18368246484375
-1.2640840546875 -0.22041898828125
-1.2135203515625 -0.25715549609375
-0.45507154296875 -0.2938929375
-0.50563500390625 -0.2571563125
-0.55619851171875 -0.2938928125
-0.5056351289062501 -0.3306294375
-0.55619846484375 -0.2204196875
-0.60676192578125 -0.1836830625
-0.65732527734375 -0.2204195625
-0.60676189453125 -0.2571561875
-0.65732532421875 -0.2938926875
-0.7078886289062502 -0.2571560625
-0.75845198046875 -0.2938925625
-0.7078887539062501 -0.3306291875
-0.5561987148437499 -0.3673659375
-0.60676201953125 -0.3306293125
-0.6573255273437499 -0.3673658125
-0.60676230078125 -0.4041024375
-0.6573253867187501 -0.1469464375
-0.70788884765625 -0.1102098125
-0.75845204296875 -0.1469463125
-0.70788866015625 -0.1836829375
-0.75845230859375 -0.07347318750000001
-0.8090157695312499 -0.0367365625
-0.8595788085937499 -0.07347306249999999
-0.8090154257812499 -0.1102096875
-0.8595785429687499 -0.1469461875
-0.9101418476562498 -0.1102095625
-0.9607048867187499 -0.1469460625
-0.9101416601562498 -0.1836826875
-0.7584519335937501 -0.2204194375
-0.8090152382812499 -0.1836828125
-0.85957843359375 -0.2204193125
-0.80901520703125 -0.2571559375
-0.85957848046875 -0.2938924375
-0.9101416289062499 -0.2571558125
-0.9607048242187499 -0.2938923125
-0.91014175390625 -0.3306289375
-0.9607047773437499 -0.2204191875
-1.01126792578125 -0.1836825625
-1.06183096484375 -0.2204190625
-1.01126789453125 -0.2571556875
-1.06183101171875 -0.2938921875
-1.11239400390625 -0.2571555625
-1.16295704296875 -0.2938920625
-1.11239412890625 -0.3306286875
-0.96070502734375 -0.3673654374999999
-1.01126801953125 -0.3306288125
-1.06183121484375 -0.3673653125
-1.01126830078125 -0.4041019375
-0.65732588671875 -0.4408389375
-0.7078890351562499 -0.4041023124999999
-0.7584525429687499 -0.4408388125
-0.70788947265625 -0.4775754375
-0.7584521835937501 -0.3673656875
-0.8090153320312499 -0.3306290625
-0.8595786835937499 -0.3673655625
-0.80901561328125 -0.4041021875
-0.8595790429687499 -0.4408386875
-0.9101420351562499 -0.4041020625
-0.9607053867187498 -0.4408385625
-0.9101424726562499 -0.4775751875000001
-0.7584530585937499 -0.5143119375
-0.8090160507812499 -0.4775753125
-0.8595795585937498 -0.5143118125
-0.8090166445312499 -0.5510484375
-0.4201330585937499 -0.3419816796875
-0.47069667578125 -0.3787181640625
-0.4513831523437499 -0.4381589921875
-0.40081955078125 -0.4014225390625
-0.52126029296875 -0.4154546484375
-0.57182391015625 -0.4521911328125
-0.55251035546875 -0.5116318984375
-0.50194675390625 -0.4748954453124999
-0.48263321484375 -0.5343362421875
-0.53319680078125 -0.5710726640624999
-0.51388324609375 -0.6305134296874999
-0.4633196757812501 -0.5937770390624999
-0.38150604296875 -0.4608633984375
-0.4320696289062499 -0.4975998203125
-0.41275610546875 -0.5570406484374999
-0.36219253515625 -0.5203042578125
-0.62238752734375 -0.4889276171875
-0.6729511445312499 -0.5256641015625001
-0.6536375585937501 -0.5851048046875
-0.60307395703125 -0.5483683515625
-0.72351476171875 -0.5624005859375001
-0.7740783789062501 -0.5991370703125001
-0.75476476171875 -0.6585777109375001
-0.70420116015625 -0.6218412578125001
-0.6848875585937501 -0.6812819296875001
-0.7354511445312499 -0.7180183515625
-0.71613752734375 -0.7774589921875
-0.66557395703125 -0.7407226015625001
-0.58376038671875 -0.6078090859374999
-0.63432397265625 -0.6445455078125
-0.61501038671875 -0.7039862109374999
-0.5644468164062499 -0.6672498203124999
-0.54513324609375 -0.7266905546875
-0.59569680078125 -0.7634269140625001
-0.57638321484375 -0.8228676171875
-0.52581967578125 -0.7861312890625001
-0.64626035546875 -0.8001632734374999
-0.6968239101562499 -0.8368996328125
-0.67751029296875 -0.8963402734374999
-0.62694675390625 -0.8596039453125
-0.60763315234375 -0.9190446171875
-0.65819667578125 -0.9557809140625
-0.6388830585937499 -1.0152215546875
-0.58831955078125 -0.9784852890625
-0.50650610546875 -0.8455720234375
-0.55706962890625 -0.8823083203124999
-0.5377560429687499 -0.9417490234375
-0.4871925351562499 -0.9050127578125
-0.34287902734375 -0.5797451171875
-0.39344258203125 -0.6164814765625
-0.37412905859375 -0.6759223046875
-0.32356551953125 -0.6391859765625
-0.44400613671875 -0.6532178359375
-0.49456969140625 -0.6899541953125
-0.47525613671875 -0.7493949609374999
-0.4246925976562501 -0.7126586328125
-0.40537905859375 -0.7720994296875
-0.45594258203125 -0.8088357265625
-0.43662902734375 -0.8682764921874999
-0.38606551953125 -0.8315402265624999
-0.30425201171875 -0.6986268359375001
-0.35481553515625 -0.7353631328125001
-0.33550201171875 -0.7948039609375001
-0.28493850390625 -0.7580676953125001
-0.265624970703125 -0.81750875
-0.316188474609375 -0.8542449999999999
-0.296874923828125 -0.9136862500000001
-0.246311412109375 -0.87695
-0.366751978515625 -0.8909812499999999
-0.417315482421875 -0.9277175
-0.398001947265625 -0.9871587500000001
-0.347438435546875 -0.9504224999999999
-0.3281248925781249 -1.00986375
-0.378688412109375 -1.0466
-0.359374876953125 -1.10604125
-0.308811349609375 -1.069305
-0.226997853515625 -0.93639125
-0.2775613730468749 -0.9731275
-0.258247822265625 -1.03256875
-0.207684294921875 -0.9958324999999999
-0.467878986328125 -0.9644537499999999
-0.5184424902343749 -1.00119
-0.499128970703125 -1.06063125
-0.4485654589843751 -1.023895
-0.5690059941406249 -1.03792625
-0.6195694980468749 -1.0746625
-0.6002559941406249 -1.13410375
-0.549692482421875 -1.0973675
-0.530378970703125 -1.15680875
-0.5809424902343749 -1.193545
-0.561628986328125 -1.25298625
-0.5110654589843751 -1.21625
-0.429251931640625 -1.08333625
-0.4798154511718751 -1.1200725
-0.460501931640625 -1.17951375
-0.409938404296875 -1.1427775
-0.390624876953125 -1.20221875
-0.441188412109375 -1.238955
-0.421874892578125 -1.29839625
-0.371311349609375 -1.26166
-0.4917519472656249 -1.27569125
-0.542315482421875 -1.3124275
-0.523001978515625 -1.37186875
-0.472438435546875 -1.3351325
-0.453124923828125 -1.39457375
-0.503688474609375 -1.43131
-0.484374970703125 -1.49075125
-0.433811412109375 -1.454015
-0.351997822265625 -1.32110125
-0.402561373046875 -1.3578375
-0.383247853515625 -1.41727875
-0.332684294921875 -1.3805425
-0.188370736328125 -1.05527375
-0.238934271484375 -1.09201
-0.219620720703125 -1.15145125
-0.169057177734375 -1.114715
-0.289497806640625 -1.12874625
-0.340061341796875 -1.1654825
-0.320747806640625 -1.22492375
-0.270184263671875 -1.1881875
-0.250870720703125 -1.24762875
-0.301434271484375 -1.284365
-0.282120736328125 -1.34380625
-0.231557177734375 -1.30707
-0.149743619140625 -1.17415625
-0.200307169921875 -1.2108925
-0.180993619140625 -1.27033375
-0.130430060546875 -1.2335975
0.138883060546875 -0.5236176953124999
0.088319556640625 -0.5603540859375
0.107633169921875 -0.6197951328125
0.158196681640625 -0.5830587109374999
0.037756052734375 -0.5970904765625
-0.012807451171875 -0.6338268671875
0.006506146484374999 -0.6932679765624999
0.057069658203125 -0.6565315546874999
0.07638326367187499 -0.7159726328125001
0.025819744140625 -0.7527090859375
0.045133341796875 -0.8121501953125
0.09569686914062497 -0.7754137109375001
0.177510302734375 -0.6424997265625001
0.126946783203125 -0.6792361796875001
0.146260396484375 -0.7386772265625001
0.196823923828125 -0.7019407421875001
-0.063370955078125 -0.6705632578125
-0.113934458984375 -0.7072996484374999
-0.094620876953125 -0.7667408203125
-0.044057365234375 -0.7300043984375001
-0.164497962890625 -0.7440360390625
-0.215061466796875 -0.7807724296874999
-0.195747900390625 -0.8402136640625
-0.145184388671875 -0.8034772421875001
-0.125870814453125 -0.8629184453125001
-0.176434333984375 -0.8996548984374999
-0.157120767578125 -0.9590961328125001
-0.106557240234375 -0.9223596484375001
-0.024743775390625 -0.7894455390624999
-0.07530729492187499 -0.8261819921875
-0.05599371289062501 -0.8856231640625001
-0.005430185546875002 -0.8488866796875001
0.013883404296875 -0.9083278203125
-0.036680130859375 -0.9450643359375001
-0.01736654882812501 -1.0045055078125
0.033196994140625 -0.9677689609375
-0.087243666015625 -0.9818008515625001
-0.137807201171875 -1.0185373671875
-0.118493634765625 -1.0779786015625
-0.06793009179687499 -1.0412420546875
-0.048616517578125 -1.1006832578125
-0.099180068359375 -1.1374198359375
-0.079866501953125 -1.1968610703125
-0.029302943359375 -1.1601244609375
0.052510583984375 -1.0272101015625
0.001947033203124995 -1.0639466796875
0.02126061523437499 -1.1233878515625
0.07182417382812499 -1.0866512421875
0.216137544921875 -0.7613817578124999
0.165574009765625 -0.7981182734375001
0.184887623046875 -0.8575593203125
0.235451166015625 -0.8208227734375
0.115010474609375 -0.8348547890625
0.06444693945312499 -0.8715913046875
0.08376053710937499 -0.9310324140624999
0.134324080078125 -0.8942958671874999
0.153637685546875 -0.9537369453125
0.103074134765625 -0.9904735234374999
0.122387732421875 -1.0499146328125
0.172951291015625 -1.0131780234375
0.254764787109375 -0.8802637890625
0.204201236328125 -0.9170003671875001
0.223514849609375 -0.9764414140625
0.274078408203125 -0.9397048046875001
0.19541487890625 -0.5052494999999999
0.21472851171875 -0.5646905
0.27722866015625 -0.5646905
0.25791501171875 -0.5052494999999999
0.23404214453125 -0.6241315000000001
0.25335577734375 -0.6835725
0.31585595703125 -0.6835725
0.29654230859375 -0.6241315000000001
0.35904247265625 -0.6241315000000001
0.37835613671875 -0.6835725
0.44085631640625 -0.6835725
0.42154263671875 -0.6241315000000001
0.32041514453125 -0.5052494999999999
0.33972880859375 -0.5646905
0.4022289570312499 -0.5646905
0.38291527734375 -0.5052494999999999
0.27266941015625 -0.7430135
0.29198304296875 -0.8024545000000001
0.3544832539062499 -0.8024545000000001
0.33516960546875 -0.7430135
0.31129667578125 -0.8618954999999999
0.33061030859375 -0.9213365
0.39311055078125 -0.9213365
0.37379690234375 -0.8618955000000001
0.43629712890625 -0.8618955000000001
0.45561079296875 -0.9213365
0.51811103515625 -0.9213365
0.49879735546875 -0.8618955
0.39766980078125 -0.7430135
0.41698346484375 -0.8024545000000001
0.47948367578125 -0.8024545000000001
0.46016999609375 -0.7430135
0.5226701914062499 -0.7430135
0.54198388671875 -0.8024545000000001
0.60448409765625 -0.8024545000000001
0.58517038671875 -0.7430135
0.56129758203125 -0.8618954999999999
0.5806112773437501 -0.9213365
0.64311151953125 -0.9213365
0.62379780859375 -0.8618955000000001
0.68629803515625 -0.8618955000000001
0.7056117617187501 -0.9213365
0.7681120039062501 -0.9213365
0.7487982617187501 -0.8618955
0.6476705820312501 -0.7430135
0.66698430859375 -0.8024545000000001
0.72948451953125 -0.8024545000000001
0.71017077734375 -0.7430135
0.44541541015625 -0.5052494999999999
0.46472910546875 -0.5646905
0.52722925390625 -0.5646905
0.50791554296875 -0.5052494999999999
0.4840428007812499 -0.6241315000000001
0.50335649609375 -0.6835725
0.56585667578125 -0.6835725
0.54654296484375 -0.6241315000000001
0.60904312890625 -0.6241315000000001
0.62835685546875 -0.6835725
0.69085703515625 -0.6835725
0.67154329296875 -0.6241315000000001
0.57041567578125 -0.5052494999999999
0.58972940234375 -0.5646905
0.65222955078125 -0.5646905
0.6329158085937501 -0.5052494999999999
0.6954159375000001 -0.5052494999999999
0.7147296875 -0.5646905
0.7772298125 -0.5646905
0.7579160625000001 -0.5052494999999999
0.7340434375 -0.6241315000000001
0.7533571875 -0.6835725
0.8158573125000002 -0.6835725
0.7965435625000001 -0.6241315000000001
0.8590436875 -0.6241315000000001
0.8783574375000002 -0.6835725
0.9408575625000002 -0.6835725
0.9215438125000002 -0.6241315000000001
0.8204161875 -0.5052494999999999
0.8397299375000001 -0.5646905
0.9022300625000002 -0.5646905
0.8829163125 -0.5052494999999999
0.7726709375000002 -0.7430135
0.7919846875000001 -0.8024545000000001
0.8544848125000001 -0.8024545000000001
0.8351710625000002 -0.7430135
0.8112984375000001 -0.8618954999999999
0.8306121875 -0.9213365
0.8931123125 -0.9213365
0.8737985625 -0.8618955000000001
0.9362986875 -0.8618955000000001
0.9556124374999999 -0.9213365
1.0181125625 -0.9213365
0.9987988125 -0.8618955
0.8976711875000001 -0.7430135
0.9169849375000001 -0.8024545000000001
0.9794850625000002 -0.8024545000000001
0.9601713125000001 -0.7430135
1.0226714375 -0.7430135
1.0419851875 -0.8024545000000001
1.1044853125 -0.8024545000000001
1.0851715625 -0.7430135
1.0612989375 -0.8618954999999999
1.0806126875 -0.9213365
1.1431128125 -0.9213365
1.1237990625 -0.8618955000000001
1.1862991875 -0.8618955000000001
1.2056129375 -0.9213365
1.2681130625 -0.9213365
1.2487993125 -0.8618955
1.1476716875 -0.7430135
1.1669854375 -0.8024545000000001
1.2294855625 -0.8024545000000001
1.2101718125 -0.7430135
0.9454164375 -0.5052494999999999
0.9647301875000002 -0.5646905
1.0272303125 -0.5646905
1.0079165625 -0.5052494999999999
0.9840439375000002 -0.6241315000000001
1.0033576875 -0.6835725
1.0658578125 -0.6835725
1.0465440625 -0.6241315000000001
1.1090441875 -0.6241315000000001
1.1283579375 -0.6835725
1.1908580625 -0.6835725
1.1715443125 -0.6241315000000001
1.0704166875 -0.5052494999999999
1.0897304375 -0.5646905
1.1522305625 -0.5646905
1.1329168125 -0.5052494999999999
0.54090681640625 -0.0297205625
0.56022044921875 -0.0891616875
0.6227204726562501 -0.0891616875
0.60340682421875 -0.0297205625
0.57953408203125 -0.1486028125
0.59884771484375 -0.2080439375
0.6613477695312501 -0.2080439375
0.64203412109375 -0.1486028125
0.70453416015625 -0.1486028125
0.72384782421875 -0.2080439375
0.7863478789062501 -0.2080439375
0.7670341992187499 -0.1486028125
0.66590683203125 -0.0297205625
0.68522049609375 -0.0891616875
0.74772051953125 -0.0891616875
0.72840683984375 -0.0297205625
0.61816134765625 -0.2674850625
0.63747498046875 -0.3269261875
0.6999750664062498 -0.3269261875
0.68066141796875 -0.2674850625
0.65678861328125 -0.3863673125
0.67610224609375 -0.4458084375
0.73860236328125 -0.4458084375
0.7192887148437501 -0.3863673125
0.78178881640625 -0.3863673125
0.80110248046875 -0.4458084375
0.86360259765625 -0.4458084375
0.8442889179687498 -0.3863673125
0.7431614882812499 -0.2674850625
0.76247515234375 -0.3269261875
0.8249752382812501 -0.3269261875
0.8056615585937499 -0.2674850625
0.86816162890625 -0.2674850625
0.88747532421875 -0.3269261875
0.9499754101562499 -0.3269261875
0.9306616992187501 -0.2674850625
0.9067890195312499 -0.3863673125
0.92610271484375 -0.4458084375
0.98860283203125 -0.4458084375
0.96928912109375 -0.3863673125
1.03178922265625 -0.3863673125
1.05110294921875 -0.4458084375
1.11360306640625 -0.4458084375
1.09428932421875 -0.3863673125
0.99316176953125 -0.2674850625
1.01247549609375 -0.3269261875
1.07497558203125 -0.3269261875
1.05566183984375 -0.2674850625
0.79090684765625 -0.0297205625
0.81022054296875 -0.0891616875
0.87272056640625 -0.0891616875
0.8534068554687499 -0.0297205625
0.8295342382812501 -0.1486028125
0.84884793359375 -0.2080439375
0.9113479882812501 -0.2080439375
0.89203427734375 -0.1486028125
0.9545343164062501 -0.1486028125
0.9738480429687499 -0.2080439375
1.03634809765625 -0.2080439375
1.01703435546875 -0.1486028125
0.9159068632812499 -0.0297205625
0.93522058984375 -0.0891616875
0.9977206132812499 -0.0891616875
0.97840687109375 -0.0297205625
0 0
1 0
0.309017 0.951057
1.30902 0.951057
-0.5 1.53884
0.5 0
1.15451 0.475529
0.809019 0.951057
0.154508 0.475529
-0.09549150000000001 1.24495
-0.654508 1.06331
-0.404508 0.293893
-0.404508 -0.293893
0.154508 -0.475529
0.654509 0.475529
-0.25 0.769421
-0.809016 0
-0.25 -0.76942
0.654509 -0.475529
0.25 0
0.5772545 0.2377645
0.4045085 0.475529
0.077254 0.2377645
-0.047746 0.622475
-0.327254 0.531657
-0.202254 0.1469465
-0.606762 0.1469465
-0.606762 -0.1469465
-0.202254 -0.1469465
-0.327254 -0.5316565
-0.047746 -0.6224745
0.077254 -0.2377645
0.4045085 -0.475529
0.5772545 -0.2377645
0.75 0
1.077255 0.2377645
0.9045095 0.475529
1.231765 0.713293
1.0590195 0.951057
0.7317640000000001 0.713293
0.559018 0.951057
0.2317625 0.713293
0.10676275 1.0980035
-0.17274575 1.0071855
-0.29774575 1.391895
-0.5772539999999999 1.301075
-0.452254 0.9163654999999999
0.32725425 0.2377645
-0.125 0.38471075
-0.404508 0
-0.125 -0.3847105
0.32725425 -0.2377645
0.82725475 0.2377645
0.9817645 0.713293
0.48176325 0.713293
0.02950837499999999 0.8602392499999999
-0.374999875 1.15413025
0.125 0
0.288627125 0.11888225
0.202254125 0.2377645
0.038627 0.11888225
0.375 0
0.53862725 0.11888225
0.452254375 0.2377645
0.61588175 0.35664675
0.52950875 0.475529
0.365881375 0.35664675
0.27950825 0.475529
0.115881 0.35664675
-0.023873 0.311237625
-0.163627 0.265828625
-0.101127 0.07347325
0.053381 0.549002
-0.08637300000000001 0.5035928750000001
-0.148873 0.695948
-0.288627 0.650539
-0.226127 0.458183875
-0.365881 0.412775
-0.303381 0.22041975
-0.303381 0.07347325
-0.303381 -0.07347325
-0.101127 -0.07347325
-0.5056350000000001 0.22041975
-0.5056350000000001 0.07347325
-0.707889 0.07347325
-0.707889 -0.07347325
-0.5056350000000001 -0.07347325
-0.5056350000000001 -0.22041975
-0.303381 -0.22041975
-0.163627 -0.2658285
-0.023873 -0.3112374999999999
0.038627 -0.11888225
-0.365881 -0.41277475
-0.226127 -0.4581835
-0.288627 -0.65053825
-0.148873 -0.69594725
-0.08637300000000001 -0.5035925
0.053381 -0.54900175
0.115881 -0.35664675
0.202254125 -0.2377645
0.288627125 -0.11888225
0.27950825 -0.475529
0.365881375 -0.35664675
0.52950875 -0.475529
0.61588175 -0.35664675
0.452254375 -0.2377645
0.53862725 -0.11888225
0.625 0
0.788627375 0.11888225
0.702254625 0.2377645
0.875 0
1.0386275 0.11888225
0.9522548750000001 0.2377645
1.1158825 0.35664675
1.02950975 0.475529
0.8658821249999999 0.35664675
0.77950925 0.475529
0.943137 0.594411
0.8567642500000001 0.713293
0.6931365 0.594411
1.1931375 0.594411
1.10676475 0.713293
1.2703925 0.832175
1.18401975 0.951057
1.020392 0.832175
0.93401925 0.951057
0.7703915000000001 0.832175
0.443135875 0.594411
0.356762875 0.713293
0.19313525 0.594411
0.606763625 0.713293
0.6840185000000001 0.951057
0.520390625 0.832175
0.4340175 0.951057
0.27038975 0.832175
0.1306354375 0.786766125
-0.009118812500000004 0.741357125
0.207889875 1.02453025
0.0681355625 0.9791213749999998
0.005635624999999991 1.17147675
-0.134118625 1.12606775
-0.0716186875 0.933712375
-0.211372875 0.8883032500000001
-0.2738728125 1.080657875
-0.4136269375 1.035247875
-0.351127 0.8428932499999999
-0.196618625 1.3184225
-0.3363728125 1.273012625
-0.398872875 1.4653675
-0.538627 1.4199575
-0.4761269375 1.227602625
-0.6158809999999999 1.1821925
-0.553381 0.98983775
0.1636270625 0.11888225
0.4136271875 0.11888225
0.4908815625 0.35664675
0.2408811875 0.35664675
-0.0625 0.1923554375
0.014754 0.4301198125
-0.1875 0.5770659375
-0.264754 0.3393018125
-0.202254 0
-0.404508 0.1469465
-0.606762 0
-0.404508 -0.1469465
-0.0625 -0.192355375
-0.264754 -0.339301625
-0.1875 -0.577065375
0.014754 -0.430119625
0.1636270625 -0.11888225
0.2408811875 -0.35664675
0.4908815625 -0.35664675
0.4136271875 -0.11888225
0.6636273125 0.11888225
0.9136274375 0.11888225
0.9908823125 0.35664675
0.7408819375 0.35664675
0.8181367500000001 0.594411
1.06813725 0.594411
1.14539225 0.832175
0.8953917500000002 0.832175
0.3181355625 0.594411
0.5681361874999999 0.594411
0.6453910625 0.832175
0.3953901875 0.832175
0.09200821874999998 0.6678840625
0.16926265625 0.9056481874999999
-0.03299153125 1.0525945625
-0.11024584375 0.8148301875
-0.31249990625 0.9617755625000001
-0.23524571875 1.1995401875
-0.43749990625 1.3464850625
-0.51475396875 1.1087201875
0.0625 0
0.14431353125 0.059441125
0.10112703125 0.11888225
0.0193135 0.059441125
0.1875 0
0.2693135625 0.059441125
0.22612709375 0.11888225
0.3079406875 0.178323375
0.2647541875 0.2377645
0.18294059375 0.178323375
0.1397540625 0.2377645
0.05794050000000001 0.178323375
0.3125 0
0.39431359375 0.059441125
0.35112715625 0.11888225
0.4375 0
0.519313625 0.059441125
0.47612721875 0.11888225
0.557940875 0.178323375
0.5147544374999999 0.2377645
0.43294078125 0.178323375
0.3897543125 0.2377645
0.47156796875 0.297205625
0.42838146875 0.35664675
0.3465678125 0.297205625
0.596568125 0.297205625
0.55338165625 0.35664675
0.635195375 0.416087875
0.592008875 0.475529
0.51019515625 0.416087875
0.467008625 0.475529
0.3851949375 0.416087875
0.22156765625 0.297205625
0.17838109375 0.35664675
0.0965675 0.297205625
0.30338128125 0.35664675
0.342008375 0.475529
0.26019471875 0.416087875
0.217008125 0.475529
0.1351945 0.416087875
-0.0119365 0.15561884375
-0.0818135 0.13291434375
-0.0505635 0.036736625
0.0266905 0.2745010624999999
-0.0431865 0.25179653125
-0.0744365 0.3479741875
-0.1443135 0.3252696875
-0.1130635 0.22909203125
-0.1829405 0.2063875625
-0.1516905 0.110209875
0.0653175 0.39338328125
-0.004559499999999998 0.37067871875
0.1039445 0.5122655
0.0340675 0.48956090625
0.002817500000000004 0.5857384999999999
-0.06705949999999999 0.5630339375
-0.0358095 0.46685634375
-0.1056865 0.4441518125
-0.1369365 0.54032940625
-0.2068135 0.51762490625
-0.1755635 0.4214473125
-0.09830949999999999 0.6592115000000001
-0.1681865 0.63650696875
-0.1994365 0.7326845
-0.2693135 0.7099800000000001
-0.2380635 0.61380246875
-0.3079405 0.591098
-0.2766905 0.4949204375
-0.2141905 0.30256521875
-0.2840675 0.27986078125
-0.2528175 0.183683125
-0.2454405 0.39874284375
-0.3465675 0.472216
-0.3153175 0.37603840625
-0.3851945 0.353334
-0.3539445 0.257156375
-0.1516905 0.036736625
-0.1516905 -0.036736625
-0.0505635 -0.036736625
-0.2528175 0.110209875
-0.2528175 0.036736625
-0.3539445 0.036736625
-0.3539445 -0.036736625
-0.2528175 -0.036736625
-0.2528175 -0.110209875
-0.1516905 -0.110209875
-0.3539445 0.183683125
-0.3539445 0.110209875
-0.4550715 0.257156375
-0.4550715 0.183683125
-0.5561985 0.183683125
-0.5561985 0.110209875
-0.4550715 0.110209875
-0.4550715 0.036736625
-0.5561985 0.036736625
-0.5561985 -0.036736625
-0.4550715 -0.036736625
-0.6573255 0.110209875
-0.6573255 0.036736625
-0.7584525 0.036736625
-0.7584525 -0.036736625
-0.6573255 -0.036736625
-0.6573255 -0.110209875
-0.5561985 -0.110209875
-0.3539445 -0.110209875
-0.3539445 -0.183683125
-0.2528175 -0.183683125
-0.4550715 -0.110209875
-0.5561985 -0.183683125
-0.4550715 -0.183683125
-0.4550715 -0.257156375
-0.3539445 -0.257156375
-0.0818135 -0.1329143125
-0.0119365 -0.1556188125
0.0193135 -0.059441125
-0.1829405 -0.2063875
-0.1130635 -0.2290919375
-0.1443135 -0.3252695
-0.0744365 -0.347974
-0.0431865 -0.2517964375
0.0266905 -0.274501
0.05794050000000001 -0.178323375
-0.2840675 -0.2798606875
-0.2141905 -0.3025650625
-0.3851945 -0.353333875
-0.3153175 -0.3760381875
-0.3465675 -0.472215625
-0.2766905 -0.49492
-0.2454405 -0.3987425625
-0.1755635 -0.421447
-0.2068135 -0.5176244375
-0.1369365 -0.5403289375
-0.1056865 -0.4441515
-0.3079405 -0.5910973749999999
-0.2380635 -0.6138018125
-0.2693135 -0.709979125
-0.1994365 -0.7326836249999999
-0.1681865 -0.6365063125
-0.09830949999999999 -0.6592108750000001
-0.06705949999999999 -0.5630335
-0.004559499999999998 -0.3706785625
0.0653175 -0.3933831875
0.0965675 -0.297205625
-0.0358095 -0.4668560625
0.002817500000000004 -0.585738125
0.0340675 -0.4895606875
0.1039445 -0.5122653749999999
0.1351945 -0.416087875
0.10112703125 -0.11888225
0.14431353125 -0.059441125
0.1397540625 -0.2377645
0.18294059375 -0.178323375
0.2647541875 -0.2377645
0.3079406875 -0.178323375
0.22612709375 -0.11888225
0.2693135625 -0.059441125
0.17838109375 -0.35664675
0.22156765625 -0.297205625
0.217008125 -0.475529
0.26019471875 -0.416087875
0.342008375 -0.475529
0.3851949375 -0.416087875
0.30338128125 -0.35664675
0.3465678125 -0.297205625
0.4283814687499999 -0.35664675
0.47156796875 -0.297205625
0.3897543125 -0.2377645
0.467008625 -0.475529
0.51019515625 -0.416087875
0.592008875 -0.475529
0.635195375 -0.416087875
0.55338165625 -0.35664675
0.596568125 -0.297205625
0.5147544374999999 -0.2377645
0.35112715625 -0.11888225
0.39431359375 -0.059441125
0.43294078125 -0.178323375
0.557940875 -0.178323375
0.47612721875 -0.11888225
0.519313625 -0.059441125
0.5625 0
0.64431365625 0.059441125
0.6011272812499999 0.11888225
0.6875 0
0.7693136875 0.059441125
0.72612734375 0.11888225
0.8079410625000001 0.178323375
0.7647546875 0.2377645
0.68294096875 0.178323375
0.6397545625000001 0.2377645
0.8125 0
0.89431371875 0.059441125
0.8511274062500001 0.11888225
0.9375 0
1.01931375 0.059441125
0.97612746875 0.11888225
1.05794125 0.178323375
1.0147549375 0.2377645
0.9329411562500001 0.178323375
0.8897548125000001 0.2377645
0.97156859375 0.297205625
0.9283822187499999 0.35664675
0.8465684375 0.297205625
1.09656875 0.297205625
1.05338240625 0.35664675
1.13519625 0.416087875
1.092009875 0.475529
1.01019603125 0.416087875
0.967009625 0.475529
0.8851958124999999 0.416087875
0.7215682812499999 0.297205625
0.67838184375 0.35664675
0.80338203125 0.35664675
0.8420093749999999 0.475529
0.76019559375 0.416087875
0.717009125 0.475529
0.7988230000000001 0.5349699999999999
0.7556366250000001 0.594411
0.67382275 0.5349699999999999
0.92382325 0.5349699999999999
0.880636875 0.594411
0.96245075 0.653852
0.919264375 0.713293
0.8374505000000001 0.653852
0.7942641250000001 0.713293
0.7124502500000001 0.653852
1.0488235 0.5349699999999999
1.005637125 0.594411
1.17382375 0.5349699999999999
1.130637375 0.594411
1.21245125 0.653852
1.169264875 0.713293
1.087451 0.653852
1.044264625 0.713293
1.1260785 0.772734
1.082892125 0.832175
1.00107825 0.772734
1.25107875 0.772734
1.207892375 0.832175
1.28970625 0.891616
1.246519875 0.951057
1.164706 0.891616
1.121519625 0.951057
1.03970575 0.891616
0.8760780000000001 0.772734
0.8328916250000001 0.832175
0.7510777500000001 0.772734
0.9578918750000001 0.832175
0.996519375 0.951057
0.9147055000000001 0.891616
0.8715191250000001 0.951057
0.7897052500000001 0.891616
0.29882190625 0.5349699999999999
0.25563540625 0.594411
0.173821625 0.5349699999999999
0.4238221875 0.5349699999999999
0.38063571875 0.594411
0.4624495625 0.653852
0.4192630625 0.713293
0.33744921875 0.653852
0.2942626875 0.713293
0.212448875 0.653852
0.54882246875 0.5349699999999999
0.5056360312499999 0.594411
0.63063634375 0.594411
0.6692638125000001 0.713293
0.58744990625 0.653852
0.5442634374999999 0.713293
0.62607734375 0.772734
0.58289084375 0.832175
0.5010769374999999 0.772734
0.70789128125 0.832175
0.7465187500000001 0.951057
0.66470478125 0.891616
0.62151825 0.951057
0.5397043125000001 0.891616
0.37607653125 0.772734
0.33288996875 0.832175
0.251076125 0.772734
0.45789040625 0.832175
0.49651775 0.951057
0.41470384375 0.891616
0.37151725 0.951057
0.289703375 0.891616
0.142571734375 0.63114753125
0.072694609375 0.60844303125
0.18119896875 0.7500295625
0.111321828125 0.72732509375
0.08007190624999999 0.8235026875
0.01019478124999999 0.8007981874999999
0.04144470312499999 0.70462059375
-0.02843240625 0.6819160625
0.219826203125 0.8689115937499999
0.149949046875 0.84620715625
0.2584534375 0.987793625
0.188576265625 0.96508921875
0.1573263125 1.061266875
0.08744915624999999 1.0385624375
0.118699109375 0.9423847812499999
0.04882196874999999 0.9196803124999999
0.017572015625 1.01585796875
-0.05230510937500001 0.99315346875
-0.02105515625000001 0.8969758125
0.05619918749999999 1.134740125
-0.01367795312500001 1.11203565625
-0.04492793750000001 1.208213375
-0.1148050625 1.185508875
-0.083555078125 1.08933115625
-0.1534321875 1.066626625
-0.12218221875 0.9704489375000001
-0.059682328125 0.77809365625
-0.129559421875 0.7553890937500001
-0.09093226562500001 0.87427128125
-0.1920593125 0.9477443750000001
-0.160809359375 0.85156671875
-0.2306864375 0.8288621250000001
-0.261936390625 0.92503940625
-0.331813453125 0.9023344062500001
-0.3005635 0.8061571249999999
-0.22330928125 1.0439216875
-0.293186359375 1.02121671875
-0.32443634375 1.1173940625
-0.39431340625 1.0946890625
-0.363063421875 0.9985117187500001
-0.43294046875 0.9758066875
-0.4016905 0.8796293749999999
-0.184682171875 1.16280396875
-0.254559265625 1.14009903125
-0.1460550625 1.28168625
-0.215932171875 1.25898134375
-0.2471821875 1.35515875
-0.31705928125 1.3324538125
-0.285809265625 1.23627640625
-0.35568634375 1.2135714375
-0.386936359375 1.30974884375
-0.456813421875 1.28704384375
-0.42556340625 1.1908664375
-0.3483093125 1.42863125
-0.418186390625 1.40592628125
-0.4494364375 1.50210375
-0.5193135 1.47939875
-0.488063453125 1.38322128125
-0.5579405 1.36051625
-0.5266904687499999 1.2643388125
-0.464190453125 1.07198403125
-0.534067484375 1.04927896875
-0.5028175 0.953101625
-0.495440453125 1.16816140625
-0.5965674999999999 1.24163375
-0.565317484375 1.14545634375
-0.6351944999999999 1.12275125
-0.6039445 1.026573875
0.08181351562500001 0.059441125
0.206813546875 0.059441125
0.245440640625 0.178323375
0.120440546875 0.178323375
0.331813578125 0.059441125
0.456813609375 0.059441125
0.495440828125 0.178323375
0.370440734375 0.178323375
0.409067890625 0.297205625
0.534068046875 0.297205625
0.5726952656249999 0.416087875
0.4476950468749999 0.416087875
0.159067578125 0.297205625
0.284067734375 0.297205625
0.3226948281250001 0.416087875
0.197694609375 0.416087875
-0.03125 0.09617773437499999
0.007377000000000002 0.215059953125
-0.09375 0.288533109375
-0.132377 0.169650953125
0.046004 0.333942171875
0.084631 0.452824390625
-0.016496 0.5262974218750001
-0.055123 0.407415265625
-0.15625 0.480888359375
-0.117623 0.599770453125
-0.21875 0.6732434843749999
-0.257377 0.5543614531250001
-0.233504 0.243124171875
-0.194877 0.362006265625
-0.296004 0.435479421875
-0.334631 0.316597390625
-0.101127 0
-0.202254 0.07347325
-0.303381 0
-0.202254 -0.07347325
-0.303381 0.1469465
-0.404508 0.22041975
-0.5056350000000001 0.1469465
-0.404508 0.07347325
-0.5056350000000001 0
-0.606762 0.07347325
-0.707889 0
-0.606762 -0.07347325
-0.303381 -0.1469465
-0.404508 -0.07347325
-0.5056350000000001 -0.1469465
-0.404508 -0.22041975
-0.03125 -0.09617771875
-0.132377 -0.16965090625
-0.09374999999999999 -0.28853296875
0.007377000000000002 -0.21505990625
-0.233504 -0.24312409375
-0.334631 -0.31659728125
-0.296004 -0.4354790937499999
-0.194877 -0.36200603125
-0.15625 -0.48088796875
-0.257377 -0.55436090625
-0.21875 -0.67324271875
-0.117623 -0.59976990625
0.046004 -0.33394209375
-0.05512300000000001 -0.40741503125
-0.016496 -0.52629709375
0.08463100000000001 -0.45282428125
0.081813515625 -0.059441125
0.120440546875 -0.178323375
0.245440640625 -0.178323375
0.206813546875 -0.059441125
0.159067578125 -0.297205625
0.197694609375 -0.416087875
0.3226948281249999 -0.416087875
0.284067734375 -0.297205625
0.4090678906249999 -0.297205625
0.447695046875 -0.416087875
0.5726952656249999 -0.416087875
0.534068046875 -0.297205625
0.331813578125 -0.059441125
0.370440734375 -0.178323375
0.495440828125 -0.178323375
0.456813609375 -0.059441125
0.5818136406250001 0.059441125
0.706813671875 0.059441125
0.745441015625 0.178323375
0.620440921875 0.178323375
0.8318137031249999 0.059441125
0.9568137343750001 0.059441125
0.9954412031250001 0.178323375
0.870441109375 0.178323375
0.909068515625 0.297205625
1.034068671875 0.297205625
1.072696140625 0.416087875
0.947695921875 0.416087875
0.6590682031249999 0.297205625
0.784068359375 0.297205625
0.822695703125 0.416087875
0.6976954843750001 0.416087875
0.736322875 0.5349699999999999
0.861323125 0.5349699999999999
0.899950625 0.653852
0.7749503750000001 0.653852
0.986323375 0.5349699999999999
1.111323625 0.5349699999999999
1.149951125 0.653852
1.024950875 0.653852
1.063578375 0.7727339999999999
1.188578625 0.7727339999999999
1.227206125 0.8916160000000001
1.102205875 0.8916160000000001
0.8135778750000001 0.7727339999999999
0.938578125 0.7727339999999999
0.977205625 0.8916160000000001
0.852205375 0.8916160000000001
0.236321765625 0.5349699999999999
0.361322046875 0.5349699999999999
0.399949390625 0.653852
0.274949046875 0.653852
0.486322328125 0.5349699999999999
0.6113226093749999 0.5349699999999999
0.6499500781250001 0.653852
0.524949734375 0.653852
0.563577140625 0.7727339999999999
0.6885775468750001 0.7727339999999999
0.7272050156250001 0.8916160000000001
0.602204546875 0.8916160000000001
0.313576328125 0.7727339999999999
0.438576734375 0.7727339999999999
0.477204078125 0.8916160000000001
0.3522036093749999 0.8916160000000001
0.1232581171875 0.571706515625
0.1618853515625 0.6905885468749999
0.06075830468749999 0.7640616406249999
0.02213110156249999 0.645179546875
0.2005125859375 0.809470578125
0.2391398203125 0.9283526093749999
0.1380127109375 1.001825828125
0.09938550781249998 0.8829437343749998
-0.001741570312500003 0.9564168906249999
0.03688560156249999 1.075299046875
-0.0642415078125 1.148772265625
-0.1028686484375 1.029890046875
-0.07899591406250001 0.7186525781250001
-0.0403687421875 0.8375347343749999
-0.1414957890625 0.911007828125
-0.1801229296875 0.7921256093750001
-0.2812499453125 0.8655982656250001
-0.2426228359375 0.9844805468750001
-0.3437498828125 1.057952890625
-0.3823769609375 0.939070546875
-0.2039957265625 1.103362828125
-0.1653686171875 1.222245109375
-0.2664957265625 1.295717578125
-0.3051228046875 1.176835234375
-0.4062498828125 1.250307640625
-0.3676228359375001 1.369190046875
-0.4687499453125 1.442662515625
-0.5073769609375 1.323780046875
-0.4835039765625 1.012542828125
-0.4448769296875 1.131425234375
-0.5460039765625 1.204897578125
-0.5846309921874999 1.086015109375
0.03125 0
0.0721567578125 0.0297205625
0.05056350781250001 0.059441125
0.00965675 0.0297205625
0.09375 0
0.134656765625 0.0297205625
0.1130635234375 0.059441125
0.153970296875 0.0891616875
0.132377046875 0.11888225
0.0914702734375 0.0891616875
0.069877015625 0.11888225
0.02897025 0.0891616875
0.15625 0
0.1971567734375 0.0297205625
0.1755635390625 0.059441125
0.21875 0
0.25965678125 0.0297205625
0.2380635546875 0.059441125
0.27897034375 0.0891616875
0.257377109375 0.11888225
0.2164703203125 0.0891616875
0.194877078125 0.11888225
0.2357838671875 0.1486028125
0.2141906171875 0.178323375
0.173283828125 0.1486028125
0.29828390625 0.1486028125
0.2766906640625 0.178323375
0.3175974687500001 0.2080439375
0.29600421875 0.2377645
0.2550974140625 0.2080439375
0.23350415625 0.2377645
0.192597359375 0.2080439375
0.1107837890625 0.1486028125
0.0891905234375 0.178323375
0.04828375 0.1486028125
0.1516905703125 0.178323375
0.17100409375 0.2377645
0.1300973046875 0.2080439375
0.10850403125 0.2377645
0.06759725 0.2080439375
0.28125 0
0.3221567890625 0.0297205625
0.3005635703125 0.059441125
0.34375 0
0.384656796875 0.0297205625
0.3630635859375 0.059441125
0.403970390625 0.0891616875
0.382377171875 0.11888225
0.3414703671875 0.0891616875
0.319877140625 0.11888225
0.40625 0
0.4471568046875 0.0297205625
0.4255636015624999 0.059441125
0.46875 0
0.5096568125000001 0.0297205625
0.4880636171875 0.059441125
0.5289704374999999 0.0891616875
0.507377234375 0.11888225
0.4664704140625 0.0891616875
0.444877203125 0.11888225
0.4857840234375 0.1486028125
0.4641908046875 0.178323375
0.423283984375 0.1486028125
0.5482840625000001 0.1486028125
0.5266908515625 0.178323375
0.5675976874999999 0.2080439375
0.54600446875 0.2377645
0.5050976328125 0.2080439375
0.48350440625 0.2377645
0.442597578125 0.2080439375
0.3607839453125 0.1486028125
0.3391907109375 0.178323375
0.4016907578125 0.178323375
0.42100434375 0.2377645
0.3800975234375 0.2080439375
0.35850428125 0.2377645
0.3994111015625 0.2674850625
0.3778178515625 0.297205625
0.33691103125 0.2674850625
0.461911171875 0.2674850625
0.4403179296875 0.297205625
0.4812247656249999 0.3269261875
0.459631515625 0.35664675
0.4187246796875 0.3269261875
0.397131421875 0.35664675
0.35622459375 0.3269261875
0.5244112421875 0.2674850625
0.5028180078125 0.297205625
0.5869113125000001 0.2674850625
0.5653180859375 0.297205625
0.6062249374999999 0.3269261875
0.584631703125 0.35664675
0.5437248515624999 0.3269261875
0.522131609375 0.35664675
0.5630384609375 0.3863673125
0.5414452109375 0.416087875
0.500538359375 0.3863673125
0.6255385625000001 0.3863673125
0.6039453203125 0.416087875
0.6448521875 0.4458084375
0.6232589374999999 0.475529
0.5823520703125 0.4458084375
0.5607588125 0.475529
0.519851953125 0.4458084375
0.4380382578124999 0.3863673125
0.4164449921875 0.416087875
0.37553815625 0.3863673125
0.4789451015625 0.416087875
0.4982586875 0.475529
0.4573518359375 0.4458084375
0.4357585625 0.475529
0.39485171875 0.4458084375
0.1494108203125 0.2674850625
0.1278175390625 0.297205625
0.08691075000000001 0.2674850625
0.211910890625 0.2674850625
0.1903176171875 0.297205625
0.231224421875 0.3269261875
0.209631140625 0.35664675
0.1687243359375 0.3269261875
0.147131046875 0.35664675
0.10622425 0.3269261875
0.2744109609375001 0.2674850625
0.2528176953125 0.297205625
0.3153177734375 0.297205625
0.334631328125 0.35664675
0.2937245078125 0.3269261875
0.272131234375 0.35664675
0.3130380546875 0.3863673125
0.2914447734375 0.416087875
0.250537953125 0.3863673125
0.3539448828125 0.416087875
0.3732584375 0.475529
0.3323516015625 0.4458084375
0.3107583125 0.475529
0.269851484375 0.4458084375
0.1880378515625 0.3863673125
0.1664445546875 0.416087875
0.12553775 0.3863673125
0.2289446640625 0.416087875
0.2482581875 0.475529
0.2073513671875 0.4458084375
0.1857580625 0.475529
0.14485125 0.4458084375
-0.00596825 0.07780942968749999
-0.04090675 0.06645717968749999
-0.02528175 0.0183683125
0.01334525 0.137250546875
-0.02159325 0.1258982890625
-0.03721825 0.173987140625
-0.07215674999999999 0.162634890625
-0.05653175 0.1145460390625
-0.09147025 0.103193796875
-0.07584525 0.05510493750000001
0.03265875 0.1966916640625
-0.002279749999999999 0.1853393984375
0.05197225 0.2561327812499999
0.01703375 0.2447805078125
0.001408750000000002 0.29286934375
-0.03352975 0.2815170781249999
-0.01790475 0.2334282421875
-0.05284325 0.222075984375
-0.06846825000000001 0.2701648203125
-0.10340675 0.2588125703125
-0.08778174999999999 0.210723734375
-0.04915475 0.32960590625
-0.08409325000000001 0.3182536484375
-0.09971825000000001 0.36634246875
-0.13465675 0.35499021875
-0.11903175 0.3069013984375
-0.15397025 0.29554915625
-0.13834525 0.247460328125
-0.10709525 0.1512826484375
-0.14203375 0.1399304140625
-0.12640875 0.0918415625
-0.12272025 0.1993714921875
-0.17328375 0.23610809375
-0.15765875 0.1880192578125
-0.19259725 0.17666703125
-0.17697225 0.1285781875
0.07128574999999999 0.3155738984375
0.03634725 0.3042216171875
0.09059925000000001 0.375015015625
0.05566074999999999 0.3636627265625
0.04003575 0.411751546875
0.005097250000000003 0.4003992656249999
0.02072225 0.3523104453125
-0.01421625 0.340958171875
0.10991275 0.4344561328125
0.07497424999999999 0.4231038359375
0.12922625 0.49389725
0.09428775 0.4825449453125
0.07866275 0.53063375
0.04372425000000001 0.519281453125
0.05934925 0.4711926484375
0.02441075 0.459840359375
0.00878575 0.5079291640625
-0.02615275 0.4965768828125
-0.01052775 0.448488078125
0.02809925000000001 0.56737025
-0.006839249999999998 0.5560179609375
-0.02246425 0.6041067499999999
-0.05740275 0.5927544687499999
-0.04177775 0.5446656796875
-0.07671625 0.53331340625
-0.06109125 0.485224609375
-0.02984125 0.3890469921874999
-0.06477975 0.3776947265625
-0.04546625 0.4371358046875
-0.09602975 0.47387234375
-0.08040475 0.4257835390625
-0.11534325 0.41443128125
-0.13096825 0.4625200859375
-0.16590675 0.4511678359375
-0.15028175 0.40307903125
-0.11165475 0.521961140625
-0.14659325 0.5106088828125001
-0.16221825 0.5586976718750001
-0.19715675 0.547345421875
-0.18153175 0.4992566328125
-0.21647025 0.487904390625
-0.20084525 0.43981559375
-0.09234125 0.5814021953124999
-0.12727975 0.5700499296875
-0.07302775 0.6408432500000001
-0.10796625 0.6294909765625001
-0.12359125 0.67757975
-0.15852975 0.666227484375
-0.14290475 0.6181387109375001
-0.17784325 0.606786453125
-0.19346825 0.6548752265625
-0.22840675 0.6435229765624999
-0.21278175 0.595434203125
-0.17415475 0.71431625
-0.20909325 0.7029639921874999
-0.22471825 0.7510527499999999
-0.25965675 0.7397005000000001
-0.24403175 0.6916117421875
-0.27897025 0.6802595
-0.26334525 0.632170734375
-0.23209525 0.5359931796875
-0.26703375 0.5246409453125001
-0.25140875 0.47655215625
-0.24772025 0.5840819609375001
-0.29828375 0.6208184999999999
-0.28265875 0.5727297265625
-0.3175972499999999 0.5613775000000001
-0.30197225 0.51328871875
-0.20822225 0.2247558671875
-0.24316075 0.2134036484375
-0.22753575 0.1653148125
-0.18890875 0.284196921875
-0.22384725 0.2728446953125
-0.23947225 0.3209335156249999
-0.27441075 0.309581296875
-0.25878575 0.2614924765625
-0.29372425 0.250140265625
-0.27809925 0.2020514375
-0.16959525 0.3436379765624999
-0.20453375 0.3322857421875
-0.18522025 0.3917267890625
-0.23578375 0.428463359375
-0.22015875 0.3803745546875
-0.25509725 0.369022328125
-0.2707222500000001 0.4171111328125
-0.30566075 0.4057589140625
-0.29003575 0.357670109375
-0.2863472500000001 0.4651999296875
-0.33691075 0.5019365
-0.32128575 0.4538477109375
-0.35622425 0.4424955
-0.34059925 0.394406703125
-0.30934925 0.2982290859375
-0.34428775 0.2868768828125
-0.32866275 0.2387880625
-0.32497425 0.3463178984375
-0.37553775 0.3830545
-0.35991275 0.3349656953125
-0.39485125 0.3236135
-0.37922625 0.2755246875
-0.07584525 0.0183683125
-0.07584525 -0.0183683125
-0.02528175 -0.0183683125
-0.12640875 0.05510493750000001
-0.12640875 0.0183683125
-0.17697225 0.0183683125
-0.17697225 -0.0183683125
-0.12640875 -0.0183683125
-0.12640875 -0.05510493750000001
-0.07584525 -0.05510493750000001
-0.17697225 0.0918415625
-0.17697225 0.05510493750000001
-0.22753575 0.1285781875
-0.22753575 0.0918415625
-0.27809925 0.0918415625
-0.27809925 0.05510493750000001
-0.22753575 0.05510493750000001
-0.22753575 0.0183683125
-0.27809925 0.0183683125
-0.27809925 -0.0183683125
-0.22753575 -0.0183683125
-0.32866275 0.05510493750000001
-0.32866275 0.0183683125
-0.37922625 0.0183683125
-0.37922625 -0.0183683125
-0.32866275 -0.0183683125
-0.32866275 -0.05510493750000001
-0.27809925 -0.05510493750000001
-0.17697225 -0.05510493750000001
-0.17697225 -0.0918415625
-0.12640875 -0.0918415625
-0.22753575 -0.05510493750000001
-0.27809925 -0.0918415625
-0.22753575 -0.0918415625
-0.22753575 -0.1285781875
-0.17697225 -0.1285781875
-0.27809925 0.1653148125
-0.27809925 0.1285781875
-0.32866275 0.2020514375
-0.32866275 0.1653148125
-0.37922625 0.1653148125
-0.37922625 0.1285781875
-0.32866275 0.1285781875
-0.32866275 0.0918415625
-0.37922625 0.2387880625
-0.37922625 0.2020514375
-0.42978975 0.2755246875
-0.42978975 0.2387880625
-0.4803532500000001 0.2387880625
-0.4803532500000001 0.2020514375
-0.42978975 0.2020514375
-0.42978975 0.1653148125
-0.4803532500000001 0.1653148125
-0.4803532500000001 0.1285781875
-0.42978975 0.1285781875
-0.53091675 0.2020514375
-0.53091675 0.1653148125
-0.58148025 0.1653148125
-0.58148025 0.1285781875
-0.53091675 0.1285781875
-0.53091675 0.0918415625
-0.4803532500000001 0.0918415625
-0.37922625 0.0918415625
-0.37922625 0.05510493750000001
-0.42978975 0.0918415625
-0.4803532500000001 0.05510493750000001
-0.42978975 0.05510493750000001
-0.42978975 0.0183683125
-0.4803532500000001 0.0183683125
-0.4803532500000001 -0.0183683125
-0.42978975 -0.0183683125
-0.53091675 0.05510493750000001
-0.53091675 0.0183683125
-0.58148025 0.0183683125
-0.58148025 -0.0183683125
-0.53091675 -0.0183683125
-0.53091675 -0.05510493750000001
-0.4803532500000001 -0.05510493750000001
-0.58148025 0.0918415625
-0.58148025 0.05510493750000001
-0.63204375 0.1285781875
-0.63204375 0.0918415625
-0.68260725 0.0918415625
-0.68260725 0.05510493750000001
-0.63204375 0.05510493750000001
-0.63204375 0.0183683125
-0.68260725 0.0183683125
-0.68260725 -0.0183683125
-0.63204375 -0.0183683125
-0.73317075 0.05510493750000001
-0.73317075 0.0183683125
-0.78373425 0.0183683125
-0.78373425 -0.0183683125
-0.73317075 -0.0183683125
-0.73317075 -0.05510493750000001
-0.68260725 -0.05510493750000001
-0.58148025 -0.05510493750000001
-0.58148025 -0.0918415625
-0.53091675 -0.0918415625
-0.63204375 -0.05510493750000001
-0.68260725 -0.0918415625
-0.63204375 -0.0918415625
-0.63204375 -0.1285781875
-0.58148025 -0.1285781875
-0.27809925 -0.1285781875
-0.27809925 -0.1653148125
-0.22753575 -0.1653148125
-0.32866275 -0.0918415625
-0.32866275 -0.1285781875
-0.37922625 -0.1285781875
-0.37922625 -0.1653148125
-0.32866275 -0.1653148125
-0.32866275 -0.2020514375
-0.27809925 -0.2020514375
-0.37922625 -0.05510493750000001
-0.37922625 -0.0918415625
-0.42978975 -0.05510493750000001
-0.4803532500000001 -0.0918415625
-0.42978975 -0.0918415625
-0.42978975 -0.1285781875
-0.4803532500000001 -0.1285781875
-0.4803532500000001 -0.1653148125
-0.42978975 -0.1653148125
-0.53091675 -0.1285781875
-0.58148025 -0.1653148125
-0.53091675 -0.1653148125
-0.53091675 -0.2020514375
-0.4803532500000001 -0.2020514375
-0.37922625 -0.2020514375
-0.37922625 -0.2387880625
-0.32866275 -0.2387880625
-0.42978975 -0.2020514375
-0.4803532500000001 -0.2387880625
-0.42978975 -0.2387880625
-0.42978975 -0.2755246875
-0.37922625 -0.2755246875
-0.04090675 -0.066457171875
-0.00596825 -0.07780942187500001
0.00965675 -0.0297205625
-0.09147025 -0.10319378125
-0.05653175 -0.114546015625
-0.07215674999999999 -0.16263484375
-0.03721825 -0.17398709375
-0.02159325 -0.125898265625
0.01334525 -0.13725053125
0.02897025 -0.0891616875
-0.14203375 -0.139930390625
-0.10709525 -0.151282609375
-0.19259725 -0.176667
-0.15765875 -0.188019203125
-0.17328375 -0.236108
-0.13834525 -0.24746021875
-0.12272025 -0.199371421875
-0.08778174999999999 -0.21072365625
-0.10340675 -0.258812453125
-0.06846824999999999 -0.270164703125
-0.05284325 -0.22207590625
-0.15397025 -0.295549
-0.11903175 -0.306901234375
-0.13465675 -0.35499
-0.09971825000000001 -0.36634225
-0.08409324999999999 -0.318253484375
-0.04915475 -0.3296057499999999
-0.03352975 -0.28151696875
-0.002279749999999999 -0.185339359375
0.03265875 -0.196691640625
0.04828375 -0.1486028125
-0.01790475 -0.233428171875
0.001408750000000002 -0.29286925
0.01703375 -0.244780453125
0.05197225 -0.25613275
0.06759725 -0.2080439375
-0.24316075 -0.213403609375
-0.20822225 -0.224755796875
-0.29372425 -0.25014021875
-0.25878575 -0.261492390625
-0.27441075 -0.30958115625
-0.23947225 -0.32093334375
-0.22384725 -0.272844578125
-0.18890875 -0.28419678125
-0.34428775 -0.286876828125
-0.30934925 -0.298228984375
-0.39485125 -0.3236134375
-0.35991275 -0.334965578125
-0.37553775 -0.3830543125
-0.34059925 -0.39440646875
-0.32497425 -0.346317734375
-0.29003575 -0.3576699062499999
-0.30566075 -0.4057586406249999
-0.27072225 -0.4171108281249999
-0.25509725 -0.3690220937499999
-0.35622425 -0.4424951874999999
-0.32128575 -0.453847359375
-0.33691075 -0.5019360625
-0.30197225 -0.51328825
-0.28634725 -0.465199546875
-0.25140875 -0.4765517499999999
-0.23578375 -0.42846303125
-0.20453375 -0.332285546875
-0.16959525 -0.343637765625
-0.22015875 -0.380374296875
-0.20084525 -0.43981525
-0.18522025 -0.3917265156249999
-0.15028175 -0.4030787499999999
-0.16590675 -0.451167484375
-0.13096825 -0.4625197343749999
-0.11534325 -0.414431
-0.21647025 -0.48790396875
-0.18153175 -0.499256203125
-0.19715675 -0.54734490625
-0.16221825 -0.55869715625
-0.14659325 -0.5106084531249999
-0.11165475 -0.5219607187499999
-0.09602975 -0.473872
-0.26703375 -0.524640453125
-0.23209525 -0.535992671875
-0.3175972499999999 -0.5613769375
-0.28265875 -0.5727291406249999
-0.29828375 -0.6208178124999999
-0.26334525 -0.63217003125
-0.24772025 -0.5840813593750001
-0.21278175 -0.5954335937499999
-0.22840675 -0.6435222656249999
-0.19346825 -0.654874515625
-0.17784325 -0.60678584375
-0.27897025 -0.6802586875000001
-0.24403175 -0.691610921875
-0.25965675 -0.7396995625
-0.22471825 -0.7510518125
-0.20909325 -0.702963171875
-0.17415475 -0.7143154375
-0.15852975 -0.66622678125
-0.12727975 -0.5700494218750001
-0.09234124999999999 -0.5814017031250001
-0.07671625 -0.5333129999999999
-0.14290475 -0.618138109375
-0.12359125 -0.6775790625
-0.10796625 -0.629490390625
-0.07302775 -0.6408426875000001
-0.05740275 -0.592754
0.03634725 -0.304221546875
0.07128575000000001 -0.315573859375
0.08691075000000001 -0.2674850625
-0.01421625 -0.34095803125
0.02072225 -0.352310328125
0.005097250000000003 -0.40039909375
0.04003575 -0.41175140625
0.05566075 -0.363662640625
0.09059925000000001 -0.37501496875
0.10622425 -0.3269261875
-0.06477975 -0.377694515625
-0.02984125 -0.389046796875
-0.08040475 -0.425783265625
-0.06109125 -0.48522428125
-0.04546625 -0.437135546875
-0.01052775 -0.44848784375
-0.02615275 -0.496576578125
0.008785750000000002 -0.507928890625
0.02441075 -0.45984015625
-0.04177775 -0.544665296875
-0.02246425 -0.6041063125
-0.006839249999999996 -0.556017609375
0.02809925000000001 -0.5673699375
0.04372425000000001 -0.51928121875
0.07497425000000001 -0.423103734375
0.10991275 -0.434456078125
0.12553775 -0.3863673125
0.05934925000000001 -0.4711924843749999
0.07866275 -0.5306335624999999
0.09428775 -0.4825448281249999
0.12922625 -0.4938971874999999
0.14485125 -0.4458084375
0.0505635078125 -0.059441125
0.0721567578125 -0.0297205625
0.069877015625 -0.11888225
0.0914702734375 -0.0891616875
0.132377046875 -0.11888225
0.153970296875 -0.0891616875
0.1130635234375 -0.059441125
0.134656765625 -0.0297205625
0.0891905234375 -0.178323375
0.1107837890625 -0.1486028125
0.10850403125 -0.2377645
0.1300973046875 -0.2080439375
0.17100409375 -0.2377645
0.192597359375 -0.2080439375
0.1516905703125 -0.178323375
0.173283828125 -0.1486028125
0.2141906171875 -0.178323375
0.2357838671875 -0.1486028125
0.194877078125 -0.11888225
0.23350415625 -0.2377645
0.2550974140625 -0.2080439375
0.2960042187499999 -0.2377645
0.3175974687499999 -0.2080439375
0.2766906640625 -0.178323375
0.29828390625 -0.1486028125
0.257377109375 -0.11888225
0.1755635390625 -0.059441125
0.1971567734375 -0.0297205625
0.2164703203125 -0.0891616875
0.27897034375 -0.0891616875
0.2380635546875 -0.059441125
0.25965678125 -0.0297205625
0.1278175390625 -0.297205625
0.1494108203125 -0.2674850625
0.147131046875 -0.35664675
0.1687243359375 -0.3269261875
0.209631140625 -0.35664675
0.231224421875 -0.3269261875
0.1903176171875 -0.297205625
0.211910890625 -0.2674850625
0.1664445546875 -0.416087875
0.1880378515625 -0.3863673125
0.1857580625 -0.475529
0.2073513671875 -0.4458084375
0.2482581875 -0.475529
0.269851484375 -0.4458084375
0.2289446640625 -0.416087875
0.250537953125 -0.3863673125
0.2914447734375 -0.416087875
0.3130380546875 -0.3863673125
0.272131234375 -0.35664675
0.3107583125 -0.475529
0.3323516015625 -0.4458084375
0.3732584375 -0.475529
0.39485171875 -0.4458084375
0.3539448828125 -0.416087875
0.37553815625 -0.3863673125
0.334631328125 -0.35664675
0.2528176953125 -0.297205625
0.2744109609374999 -0.2674850625
0.2937245078125 -0.3269261875
0.3562245937499999 -0.3269261875
0.3153177734375 -0.297205625
0.33691103125 -0.2674850625
0.3778178515624999 -0.297205625
0.3994111015624999 -0.2674850625
0.35850428125 -0.2377645
0.3971314218749999 -0.35664675
0.4187246796874999 -0.3269261875
0.4596315156249999 -0.35664675
0.4812247656249999 -0.3269261875
0.4403179296874999 -0.297205625
0.461911171875 -0.2674850625
0.42100434375 -0.2377645
0.4164449921875 -0.416087875
0.4380382578124999 -0.3863673125
0.4357585625 -0.475529
0.4573518359375 -0.4458084375
0.4982586875 -0.475529
0.519851953125 -0.4458084375
0.4789451015625 -0.416087875
0.500538359375 -0.3863673125
0.5414452109375 -0.416087875
0.5630384609375 -0.3863673125
0.522131609375 -0.35664675
0.5607588125 -0.475529
0.5823520703125 -0.4458084375
0.6232589374999999 -0.475529
0.6448521875 -0.4458084375
0.6039453203125 -0.416087875
0.6255385625000001 -0.3863673125
0.584631703125 -0.35664675
0.5028180078125 -0.297205625
0.5244112421875 -0.2674850625
0.48350440625 -0.2377645
0.5437248515624999 -0.3269261875
0.6062249374999999 -0.3269261875
0.5653180859375 -0.297205625
0.5869113125000001 -0.2674850625
0.54600446875 -0.2377645
0.3005635703125 -0.059441125
0.3221567890625 -0.0297205625
0.319877140625 -0.11888225
0.3414703671875 -0.0891616875
0.382377171875 -0.11888225
0.403970390625 -0.0891616875
0.3630635859375 -0.059441125
0.384656796875 -0.0297205625
0.3391907109375 -0.178323375
0.3607839453125 -0.1486028125
0.3800975234375 -0.2080439375
0.442597578125 -0.2080439375
0.4016907578125 -0.178323375
0.423283984375 -0.1486028125
0.4641908046875 -0.178323375
0.4857840234375 -0.1486028125
0.444877203125 -0.11888225
0.5050976328125 -0.2080439375
0.5675976874999999 -0.2080439375
0.5266908515625 -0.178323375
0.5482840625000001 -0.1486028125
0.507377234375 -0.11888225
0.4255636015624999 -0.059441125
0.4471568046875 -0.0297205625
0.4664704140625 -0.0891616875
0.5289704374999999 -0.0891616875
0.4880636171875 -0.059441125
0.5096568125000001 -0.0297205625
0.53125 0
0.5721568203125 0.0297205625
0.5505636328125001 0.059441125
0.59375 0
0.634656828125 0.0297205625
0.6130636484375001 0.059441125
0.653970484375 0.0891616875
0.6323772968749999 0.11888225
0.5914704609375 0.0891616875
0.569877265625 0.11888225
0.65625 0
0.6971568359375 0.0297205625
0.6755636640625 0.059441125
0.71875 0
0.75965684375 0.0297205625
0.7380636796875 0.059441125
0.7789705312499999 0.0891616875
0.7573773593749999 0.11888225
0.7164705078125 0.0891616875
0.694877328125 0.11888225
0.7357841796875 0.1486028125
0.7141909921875 0.178323375
0.673284140625 0.1486028125
0.7982842187500001 0.1486028125
0.7766910390625 0.178323375
0.8175979062500001 0.2080439375
0.79600471875 0.2377645
0.7550978515625 0.2080439375
0.7335046562500001 0.2377645
0.692597796875 0.2080439375
0.6107841015625 0.1486028125
0.5891908984375001 0.178323375
0.6516909453124999 0.178323375
0.67100459375 0.2377645
0.6300977421875 0.2080439375
0.60850453125 0.2377645
0.78125 0
0.8221568515625 0.0297205625
0.8005636953124999 0.059441125
0.84375 0
0.8846568593749999 0.0297205625
0.8630637109374999 0.059441125
0.903970578125 0.0891616875
0.882377421875 0.11888225
0.8414705546875 0.0891616875
0.8198773906250001 0.11888225
0.90625 0
0.9471568671875 0.0297205625
0.9255637265625001 0.059441125
0.96875 0
1.009656875 0.0297205625
0.9880637421875 0.059441125
1.028970625 0.0891616875
1.007377484375 0.11888225
0.9664706015625 0.0891616875
0.9448774531249999 0.11888225
0.9857843359375 0.1486028125
0.9641911796875 0.178323375
0.923284296875 0.1486028125
1.048284375 0.1486028125
1.0266912265625 0.178323375
1.067598125 0.2080439375
1.04600496875 0.2377645
1.0050980703125 0.2080439375
0.9835049062500001 0.2377645
0.942598015625 0.2080439375
0.8607842578125 0.1486028125
0.8391910859375 0.178323375
0.9016911328125 0.178323375
0.92100484375 0.2377645
0.8800979609375 0.2080439375
0.8585047812500001 0.2377645
0.8994116640625001 0.2674850625
0.8778184765625 0.297205625
0.83691159375 0.2674850625
0.9619117343750001 0.2674850625
0.9403185546875 0.297205625
0.981225453125 0.3269261875
0.959632265625 0.35664675
0.9187253671875 0.3269261875
0.8971321718749999 0.35664675
0.85622528125 0.3269261875
1.0244118046875 0.2674850625
1.0028186328125 0.297205625
1.086911875 0.2674850625
1.0653187109375 0.297205625
1.106225625 0.3269261875
1.084632453125 0.35664675
1.0437255390625 0.3269261875
1.022132359375 0.35664675
1.0630392734375 0.3863673125
1.0414460859375 0.416087875
1.000539171875 0.3863673125
1.125539375 0.3863673125
1.1039461953125 0.416087875
1.144853125 0.4458084375
1.1232599375 0.475529
1.0823530078125 0.4458084375
1.0607598125 0.475529
1.019852890625 0.4458084375
0.9380390703124999 0.3863673125
0.9164458671875 0.416087875
0.8755389687499999 0.3863673125
0.9789459765624999 0.416087875
0.9982596874999999 0.475529
0.9573527734375 0.4458084375
0.9357595624999999 0.475529
0.8948526562499999 0.4458084375
0.6494113828125 0.2674850625
0.6278181640625 0.297205625
0.7119114531249999 0.2674850625
0.6903182421874999 0.297205625
0.731225109375 0.3269261875
0.709631890625 0.35664675
0.6687250234375 0.3269261875
0.647131796875 0.35664675
0.7744115234375 0.2674850625
0.7528183203125 0.297205625
0.8153183984375 0.297205625
0.834632078125 0.35664675
0.7937251953125 0.3269261875
0.772131984375 0.35664675
0.8130388671875 0.3863673125
0.7914456484375 0.416087875
0.750538765625 0.3863673125
0.8539457578124999 0.416087875
0.8732594375 0.475529
0.8323525390625 0.4458084375
0.8107593125 0.475529
0.769852421875 0.4458084375
0.6880386640625 0.3863673125
0.6664454296875 0.416087875
0.7289455390625 0.416087875
0.7482591875 0.475529
0.7073523046875001 0.4458084375
0.6857590625000001 0.475529
0.726666 0.5052494999999999
0.7050728125000001 0.5349699999999999
0.664165875 0.5052494999999999
0.7891661250000001 0.5052494999999999
0.7675729375 0.5349699999999999
0.8084798750000001 0.5646905
0.7868866875 0.594411
0.7459797500000001 0.5646905
0.7243865625000001 0.594411
0.683479625 0.5646905
0.85166625 0.5052494999999999
0.8300730625 0.5349699999999999
0.914166375 0.5052494999999999
0.8925731875 0.5349699999999999
0.933480125 0.5646905
0.9118869375 0.594411
0.87098 0.5646905
0.8493868125 0.594411
0.89029375 0.6241315000000001
0.8687005625000001 0.653852
0.8277936250000001 0.6241315000000001
0.952793875 0.6241315000000001
0.9312006875000001 0.653852
0.972107625 0.6835724999999999
0.9505144375000001 0.713293
0.9096075 0.6835724999999999
0.8880143125000001 0.713293
0.8471073750000001 0.6835724999999999
0.7652935000000001 0.6241315000000001
0.7437003125000001 0.653852
0.7027933750000001 0.6241315000000001
0.8062004375 0.653852
0.8255141875000001 0.713293
0.7846072500000001 0.6835724999999999
0.7630140625000001 0.713293
0.7221071250000001 0.6835724999999999
0.9766665 0.5052494999999999
0.9550733124999999 0.5349699999999999
1.039166625 0.5052494999999999
1.0175734375 0.5349699999999999
1.058480375 0.5646905
1.0368871875 0.594411
0.99598025 0.5646905
0.9743870625 0.594411
1.10166675 0.5052494999999999
1.0800735625 0.5349699999999999
1.164166875 0.5052494999999999
1.1425736875 0.5349699999999999
1.183480625 0.5646905
1.1618874375 0.594411
1.1209805 0.5646905
1.0993873125 0.594411
1.14029425 0.6241315000000001
1.1187010625 0.653852
1.077794125 0.6241315000000001
1.202794375 0.6241315000000001
1.1812011875 0.653852
1.222108125 0.6835724999999999
1.2005149375 0.713293
1.159608 0.6835724999999999
1.1380148125 0.713293
1.097107875 0.6835724999999999
1.015294 0.6241315000000001
0.9937008125 0.653852
1.0562009375 0.653852
1.0755146875 0.713293
1.03460775 0.6835724999999999
1.0130145625 0.713293
1.0539215 0.7430135
1.0323283125 0.772734
0.991421375 0.7430135
1.116421625 0.7430135
1.0948284375 0.772734
1.135735375 0.8024545000000001
1.1141421875 0.832175
1.07323525 0.8024545
1.0516420625 0.832175
1.010735125 0.8024545000000001
1.17892175 0.7430135
1.1573285625 0.772734
1.241421875 0.7430135
1.2198286875 0.772734
1.260735625 0.8024545000000001
1.2391424375 0.832175
1.1982355 0.8024545
1.1766423125 0.832175
1.21754925 0.8618955
1.1959560625 0.891616
1.155049125 0.8618954999999999
1.280049375 0.8618954999999999
1.2584561875 0.891616
1.299363125 0.9213365
1.2777699375 0.951057
1.236863 0.9213365
1.2152698125 0.951057
1.174362875 0.9213365
1.092549 0.8618955
1.0709558125 0.891616
1.030048875 0.8618954999999999
1.1334559375 0.891616
1.1527696875 0.951057
1.11186275 0.9213365
1.0902695625 0.951057
1.049362625 0.9213365
0.8039210000000001 0.7430135
0.7823278125000002 0.772734
0.7414208750000001 0.7430135
0.8664211250000001 0.7430135
0.8448279375000001 0.772734
0.8857348750000001 0.8024545000000001
0.8641416875000001 0.832175
0.8232347500000001 0.8024545
0.8016415625000002 0.832175
0.7607346250000001 0.8024545000000001
0.92892125 0.7430135
0.9073280625000001 0.772734
0.9698281875 0.772734
0.9891419375 0.832175
0.9482350000000001 0.8024545
0.9266418125000001 0.832175
0.96754875 0.8618955
0.9459555625 0.891616
0.9050486250000001 0.8618954999999999
1.0084556875 0.891616
1.0277694375 0.951057
0.9868625 0.9213365
0.9652693125 0.951057
0.9243623750000001 0.9213365
0.8425485000000001 0.8618955
0.8209553125000001 0.891616
0.7800483750000001 0.8618954999999999
0.8834554375000001 0.891616
0.9027691875 0.951057
0.8618622500000001 0.9213365
0.8402690625 0.951057
0.799362125 0.9213365
0.2266649453125 0.5052494999999999
0.2050716953125 0.5349699999999999
0.1641648125 0.5052494999999999
0.289165078125 0.5052494999999999
0.2675718359375 0.5349699999999999
0.308478734375 0.5646905
0.2868854843749999 0.594411
0.2459785859375 0.5646905
0.224385328125 0.594411
0.1834784375 0.5646905
0.3516652109375 0.5052494999999999
0.3300719765625 0.5349699999999999
0.41416534375 0.5052494999999999
0.3925721171875 0.5349699999999999
0.43347903125 0.5646905
0.4118857968749999 0.594411
0.3709788828125 0.5646905
0.349385640625 0.594411
0.3902925546875 0.6241315000000001
0.3686993046875 0.653852
0.327792390625 0.6241315000000001
0.4527927187499999 0.6241315000000001
0.4311994765625 0.653852
0.47210640625 0.6835724999999999
0.45051315625 0.713293
0.4096062265625 0.6835724999999999
0.38801296875 0.713293
0.347106046875 0.6835724999999999
0.2652922265625 0.6241315000000001
0.2436989609375 0.653852
0.2027920625 0.6241315000000001
0.3061991328125 0.653852
0.3255127812499999 0.713293
0.2846058671875 0.6835724999999999
0.26301259375 0.713293
0.2221056875 0.6835724999999999
0.4766654765625 0.5052494999999999
0.4550722578125 0.5349699999999999
0.5391656093749999 0.5052494999999999
0.5175723984375 0.5349699999999999
0.558479328125 0.5646905
0.5368861093749999 0.594411
0.4959791796874999 0.5646905
0.4743859531249999 0.594411
0.6016657421875 0.5052494999999999
0.5800725390624999 0.5349699999999999
0.6425726796875 0.5349699999999999
0.661886421875 0.594411
0.6209794765625 0.5646905
0.599386265625 0.594411
0.6402932109375 0.6241315000000001
0.6186999921875 0.653852
0.577793046875 0.6241315000000001
0.6812001640625001 0.653852
0.7005139062500001 0.713293
0.6596069453125001 0.6835724999999999
0.6380137187500001 0.713293
0.597106765625 0.6835724999999999
0.5152928828125 0.6241315000000001
0.4936996484375 0.653852
0.5561998203125 0.653852
0.5755135312499999 0.713293
0.5346065859375 0.6835724999999999
0.51301334375 0.713293
0.5539202890624999 0.7430135
0.5323270390624999 0.772734
0.49142009375 0.7430135
0.6164204843750001 0.7430135
0.5948272421875 0.772734
0.635734203125 0.8024545000000001
0.6141409531249999 0.832175
0.5732339921875 0.8024545
0.5516407343750001 0.832175
0.5107337812499999 0.8024545000000001
0.6789206796875 0.7430135
0.6573274453125 0.772734
0.7198276484375001 0.772734
0.7391413906250001 0.832175
0.6982344140625001 0.8024545
0.6766411718750001 0.832175
0.7175481484375 0.8618955
0.6959548984375 0.891616
0.655047921875 0.8618954999999999
0.7584551328125001 0.891616
0.777768875 0.951057
0.7368618828125001 0.9213365
0.7152686250000001 0.951057
0.674361640625 0.9213365
0.5925476953125 0.8618955
0.5709544296875 0.891616
0.5300474687500001 0.8618954999999999
0.6334546640625001 0.891616
0.6527683750000001 0.951057
0.6118613984375001 0.9213365
0.590268125 0.951057
0.54936115625 0.9213365
0.3039195078125 0.7430135
0.2823262265624999 0.772734
0.2414193125 0.7430135
0.3664197031249999 0.7430135
0.3448264296875 0.772734
0.385733359375 0.8024545000000001
0.364140078125 0.832175
0.3232331484375 0.8024545
0.301639859375 0.832175
0.2607329375 0.8024545000000001
0.4289198984375 0.7430135
0.4073266328125 0.772734
0.4698268359375 0.772734
0.489140515625 0.832175
0.4482335703125 0.8024545
0.426640296875 0.832175
0.4675472421875 0.8618955
0.4459539609375 0.891616
0.405047015625 0.8618954999999999
0.5084541953125 0.891616
0.527767875 0.951057
0.4868609140625 0.9213365
0.465267625 0.951057
0.424360671875 0.9213365
0.3425467890625 0.8618955
0.3209534921875 0.891616
0.2800465625 0.8618954999999999
0.3834537265625 0.891616
0.402767375 0.951057
0.3618604296875 0.9213365
0.340267125 0.951057
0.2993601875 0.9213365
0.14853987109375 0.5533382578124999
0.11360130859375 0.5419860078125001
0.1678534921875 0.612779265625
0.13291492578125 0.6014270234375
0.1172899765625 0.6495157968750001
0.08235141406249999 0.638163546875
0.09797636328124999 0.5900747734375
0.0630378046875 0.578722515625
0.18716711328125 0.6722202734375
0.15222854296875 0.6608680390624999
0.206480734375 0.73166128125
0.17154216015625 0.7203090546875
0.155917203125 0.76839784375
0.1209786328125 0.757045609375
0.13660358984375 0.7089568203125
0.1016650234375 0.697604578125
0.08604006640624998 0.7456933671874999
0.05110150390624998 0.7343411171874999
0.06672646093749998 0.6862523281249999
0.105353671875 0.80513440625
0.07041510546874999 0.7937821640625
0.05479014062499999 0.8418709687499999
0.01985157812499999 0.8305187187499998
0.03547654296874999 0.7824299140625
0.0005379843749999946 0.7710776562499999
0.01616294531249999 0.722988859375
0.04741285546874999 0.6268112890624999
0.01247430078125 0.6154590234374999
0.03178790234374999 0.6749000703125
-0.018775609375 0.71163659375
-0.003150652343750003 0.6635478046875001
-0.038089203125 0.6521955312500001
0.22579435546875 0.7911022890625
0.19085577734375 0.7797500703125
0.2451079765625 0.850543296875
0.21016939453125 0.8391910859375
0.1945444296875 0.8872798906249999
0.1596058515625 0.875927671875
0.17523081640625 0.8278388671875
0.1402922421875 0.816486640625
0.26442159765625 0.9099843046874999
0.22948301171875 0.8986321015624998
0.28373521875 0.9694253125000001
0.24879662890625 0.9580731171874999
0.23317165625 1.0061619375
0.1982330703125 0.994809734375
0.21385804296875 0.9467209140624999
0.1789194609375 0.935368703125
0.16329448828125 0.9834575234374999
0.12835591015625 0.9721053046874999
0.1439808828125 0.9240164843749998
0.18260809375 1.0428985625
0.14766951171875 1.0315463515625
0.13204453125 1.0796351875
0.09710595312499999 1.06828296875
0.11273093359375 1.0201941328125
0.07779235937499999 1.00884190625
0.0934173359375 0.9607530781249999
0.12466727734375 0.8645754453124999
0.08972870703124999 0.8532232109375
0.10904230859375 0.9126642578124999
0.058478765625 0.9494008437499999
0.07410373828124998 0.9013120234374998
0.03916517187499999 0.88995978125
0.02354019921875 0.9380486015624999
-0.01139836328125 0.9266963515625
0.004226609374999992 0.8786075312499999
0.04285378906249999 0.9974896718749998
0.007915222656249997 0.9861374296874998
-0.007709757812500004 1.034226265625
-0.0426483203125 1.022874015625
-0.02702333984375 0.9747851796875
-0.0619618984375 0.963432921875
-0.04633692187500001 0.91534409375
0.06216737890624999 1.0569307421875
0.02722880859374999 1.0455785078125
0.08148096874999999 1.1163718125
0.04654239453124999 1.1050195859375
0.03091740624999999 1.1531084375
-0.004021164062500008 1.141756203125
0.01160382421874999 1.0936673515625
-0.02333474218750001 1.082315109375
-0.03895973046875 1.1304039609375
-0.07389829296875 1.1190517109375
-0.0582733046875 1.070962859375
-0.01964615625000001 1.1898450625
-0.05458472265625 1.1784928203125
-0.07020971875000001 1.2265816875
-0.10514828125 1.2152294375
-0.08952328515624999 1.1671405703125
-0.12446184375 1.1557883125
-0.1088368515625 1.107699453125
-0.07758687890625 1.0115217578125
-0.11252543359375 1.0001694921875
-0.09690045312500001 0.95208065625
-0.09321186328125 1.0596106015625
-0.14377540625 1.0963471875
-0.12815041796875 1.0482583359375
-0.16308896875 1.0369060625
-0.147463984375 0.9888172187500001
-0.05371416015625 0.7002843203125
-0.08865270703125 0.6889320390625
-0.0344005703125 0.759725390625
-0.06933912109375001 0.7483731171875001
-0.0849640859375 0.796461921875
-0.1199026328125 0.785109640625
-0.10427766796875 0.7370208359375001
-0.1392162109375 0.725668546875
-0.01508698046875 0.8191664609374999
-0.05002553515625 0.8078141953125
-0.03071194921875 0.8672552734375
-0.0812754765625 0.903991828125
-0.06565050390625 0.8559030078124999
-0.1005890546875 0.8445507343750001
-0.11621402734375 0.8926395546875
-0.15115257421875 0.8812872734375
-0.1355276015625 0.8331984531250001
-0.13183900390625 0.9407283828125
-0.18240253125 0.9774649375000001
-0.16677755078125 0.9293761015625001
-0.20171609375 0.9180238125000001
-0.1860911171875 0.8699349843750001
-0.15484117578125 0.7737573515625
-0.18977971484375 0.7624050546875001
-0.17046614453125 0.8218461640625001
-0.22102965625 0.8585826875000001
-0.20540468359375 0.8104938671875002
-0.24034321875 0.7991415625
-0.25596819140625 0.8472301953125001
-0.29090672265625 0.8358776953125
-0.27528175 0.7877890624999999
-0.2366546328125 0.9066713281250001
-0.27159316796875 0.8953188359375001
-0.2872181484375 0.943407484375
-0.3221566796875 0.9320549843750001
-0.30653169921875 0.8839663359375001
-0.3414702265625 0.872613828125
-0.32584525 0.8245251874999999
-0.21734107421875 0.9661124609375
-0.25227961328125 0.9547599765625001
-0.198027515625 1.02555359375
-0.23296605859375 1.0142011171875
-0.248591046875 1.06228978125
-0.2835295859375 1.050937296875
-0.26790459765625 1.0028486328125
-0.3028431328125 0.991496140625
-0.31846812109375 1.0395848046875
-0.35340665234375 1.0282323046875
-0.3377816640625 0.9801436406250001
-0.299154578125 1.09902596875
-0.33409311328125 1.0876734765625
-0.349718109375 1.13576215625
-0.384656640625 1.12440965625
-0.36903164453125 1.0763209765625
-0.403970171875 1.06496846875
-0.3883451796875 1.016879796875
-0.35709520703125 0.9207024765625
-0.39203373046875 0.9093499609375
-0.37640875 0.8612613124999999
-0.37272019140625 0.9687911328125001
-0.423283703125 1.00552728125
-0.40765871484375 0.9574386171875
-0.442597234375 0.94608609375
-0.4269722499999999 0.8979974374999999
-0.17871395703125 1.0849947265625
-0.21365250390625 1.0736422578125
-0.1594003984375 1.144435859375
-0.19433894921875 1.1330833984375
-0.2099639453125 1.181172078125
-0.2449024921875 1.169819609375
-0.22927749609375 1.1217309296875
-0.2642160390625 1.110378453125
-0.14008683984375 1.2038769921875
-0.17502539453125 1.1925245390625
-0.12077328125 1.263318125
-0.15571183984375 1.2519656796875
-0.17133684375 1.300054375
-0.2062753984375 1.288701921875
-0.19065039453125 1.2406132265625
-0.2255889453125 1.229260765625
-0.24121394921875 1.2773494609375
-0.27615249609375 1.2659969921875
-0.2605274921875 1.217908296875
-0.22190040625 1.336790625
-0.25683895703125 1.3254381640625
-0.27246396875 1.373526875
-0.307402515625 1.36217440625
-0.29177750390625 1.3140856953125
-0.326716046875 1.30273321875
-0.3110910390625 1.254644515625
-0.27984103515625 1.1584671328125
-0.31477957421875 1.1471146484375
-0.29546603515625 1.2065558203125
-0.346029578125 1.24329203125
-0.33040457421875 1.1952033359375
-0.365343109375 1.18385084375
-0.38096811328125 1.2319395390625
-0.41590664453125 1.2205870390625
-0.400281640625 1.17249834375
-0.3616545859375 1.291380734375
-0.39659312109375 1.2800282421875
-0.4122181328125 1.328116953125
-0.4471566640625 1.316764453125
-0.43153165234375 1.2686757421875
-0.4664701796874999 1.257323234375
-0.450845171875 1.20923453125
-0.3423410585937501 1.3508219296875
-0.3772795976562501 1.3394694453125
-0.3230275312500001 1.410263125
-0.35796607421875 1.3989106484375
-0.37359109375 1.446999375
-0.4085296328125 1.435646890625
-0.39290461328125 1.3875581640625
-0.4278431484375 1.376205671875
-0.44346816796875 1.4242943984375
-0.47840669921875 1.4129418984375
-0.4627816796875 1.364853171875
-0.42415465625 1.483735625
-0.45909319140625 1.4723831328125
-0.47471821875 1.520471875
-0.50965675 1.509119375
-0.49403172265625 1.4610306328125
-0.52897025 1.449678125
-0.5133452265625 1.401589390625
-0.48209519140625 1.3054119453125
-0.5170337148437499 1.2940594296875
-0.501408703125 1.24597071875
-0.49772020703125 1.3535006640625
-0.54828375 1.390236875
-0.53265873046875 1.3421481484375
-0.5675972499999999 1.330795625
-0.551972234375 1.28270690625
-0.45822222265625 0.9941747578125
-0.49316073828125 0.9828222265625
-0.47753575 0.9347335624999999
-0.4389086953125 1.053615953125
-0.47384721484375 1.0422634296875
-0.4894722109375 1.090352109375
-0.5244107265625 1.078999578125
-0.50878573046875 1.0309108984375
-0.5437242421874999 1.019558359375
-0.52809925 0.9714696875
-0.41959516796875 1.1130571484375
-0.45453369140625 1.1017046328125
-0.43522016796875 1.1611458359375
-0.4857836953125 1.197882015625
-0.47015869140625 1.1497933203125
-0.5050972109375 1.138440796875
-0.52072221484375 1.1865294921875
-0.55566073046875 1.1751769609375
-0.5400357265625 1.127088265625
-0.53634722265625 1.2346181953125
-0.5869107499999999 1.271354375
-0.57128573828125 1.2232656640625
-0.6062242499999999 1.211913125
-0.5905992421874999 1.163824421875
-0.5593492382812499 1.0676470390625
-0.5942877460937499 1.0562944921875
-0.57866275 1.0082058125
-0.5749742382812499 1.1157357265625
-0.6255377499999999 1.152471875
-0.6099127460937499 1.1043831796875
-0.6448512499999999 1.093030625
-0.62922625 1.0449419375
0.04090675390625 0.0297205625
0.10340676171875 0.0297205625
0.12272028515625 0.0891616875
0.06022026171875 0.0891616875
0.16590676953125 0.0297205625
0.22840677734375 0.0297205625
0.24772033203125 0.0891616875
0.18522030859375 0.0891616875
0.20453384765625 0.1486028125
0.2670338867187501 0.1486028125
0.28634744140625 0.2080439375
0.22384738671875 0.2080439375
0.07953376953125001 0.1486028125
0.14203380859375 0.1486028125
0.16134733203125 0.2080439375
0.09884727734375 0.2080439375
0.29090678515625 0.0297205625
0.35340679296875 0.0297205625
0.37272037890625 0.0891616875
0.31022035546875 0.0891616875
0.41590680078125 0.0297205625
0.47840680859375 0.0297205625
0.49772042578125 0.0891616875
0.4352204023437499 0.0891616875
0.45453400390625 0.1486028125
0.51703404296875 0.1486028125
0.53634766015625 0.2080439375
0.4738476054687499 0.2080439375
0.32953392578125 0.1486028125
0.39203396484375 0.1486028125
0.41134755078125 0.2080439375
0.34884749609375 0.2080439375
0.36816106640625 0.2674850625
0.43066113671875 0.2674850625
0.44997472265625 0.3269261875
0.38747463671875 0.3269261875
0.49316120703125 0.2674850625
0.5556612773437499 0.2674850625
0.5749748945312501 0.3269261875
0.5124748085937499 0.3269261875
0.53178841015625 0.3863673125
0.59428851171875 0.3863673125
0.61360212890625 0.4458084375
0.55110201171875 0.4458084375
0.40678820703125 0.3863673125
0.4692883085937499 0.3863673125
0.48860189453125 0.4458084375
0.42610177734375 0.4458084375
0.11816078515625 0.2674850625
0.18066085546875 0.2674850625
0.19997437890625 0.3269261875
0.13747429296875 0.3269261875
0.24316092578125 0.2674850625
0.30566099609375 0.2674850625
0.32497455078125 0.3269261875
0.26247446484375 0.3269261875
0.28178800390625 0.3863673125
0.34428810546875 0.3863673125
0.36360166015625 0.4458084375
0.30110154296875 0.4458084375
0.15678780078125 0.3863673125
0.21928790234375 0.3863673125
0.23860142578125 0.4458084375
0.17610130859375 0.4458084375
-0.015625 0.04808887109374999
0.003688500000000001 0.10752998828125
-0.046875 0.14426658984375
-0.0661885 0.08482548828124999
0.023002 0.16697110546875
0.0423155 0.22641222265625
-0.008248 0.2631487929687499
-0.0275615 0.20370769140625
-0.078125 0.24044427734375
-0.0588115 0.2998853632812499
-0.109375 0.33662193359375
-0.1286885 0.27718086328125
-0.116752 0.12156210546875
-0.09743849999999998 0.18100319140625
-0.148002 0.21773979296875
-0.1673155 0.15829872265625
0.061629 0.28585333984375
0.0809425 0.34529445703125
0.030379 0.38203099609375
0.0110655 0.32258989453125
0.100256 0.40473557421875
0.1195695 0.46417669140625
0.06900600000000001 0.50091319921875
0.0496925 0.44147209765625
-0.0008709999999999985 0.47820862109375
0.0184425 0.53764970703125
-0.032121 0.57438621484375
-0.0514345 0.5149451445312501
-0.039498 0.35932644921875
-0.0201845 0.41876753515625
-0.07074800000000001 0.4555040742187501
-0.0900615 0.39606300390625
-0.140625 0.43279955859375
-0.1213115 0.49224061328125
-0.171875 0.5289771523437501
-0.1911885 0.46953611328125
-0.101998 0.5516816679687501
-0.08268449999999999 0.61112272265625
-0.133248 0.64785923046875
-0.1525615 0.5884181914062501
-0.203125 0.62515471484375
-0.1838115 0.68459573828125
-0.234375 0.7213322460937499
-0.2536885 0.66189123828125
-0.241752 0.50627266796875
-0.2224385 0.5657136914062499
-0.273002 0.60245023046875
-0.2923155 0.5430092226562501
-0.217879 0.19503533984375
-0.1985655 0.25447639453125
-0.249129 0.29121299609375
-0.2684425 0.23177195703125
-0.179252 0.31391744921875
-0.1599385 0.37335850390625
-0.210502 0.41009507421875
-0.2298155 0.35065403515625
-0.280379 0.38739062109375
-0.2610655000000001 0.44683164453125
-0.311629 0.48356821484375
-0.3309425 0.42412720703125
-0.319006 0.26850857421875
-0.2996925 0.32794959765625
-0.350256 0.36468619921875
-0.3695695 0.30524519140625
-0.0505635 0
-0.101127 0.036736625
-0.1516905 0
-0.101127 -0.036736625
-0.1516905 0.07347325
-0.202254 0.110209875
-0.2528175 0.07347325
-0.202254 0.036736625
-0.2528175 0
-0.303381 0.036736625
-0.3539445 0
-0.303381 -0.036736625
-0.1516905 -0.07347325
-0.202254 -0.036736625
-0.2528175 -0.07347325
-0.202254 -0.110209875
-0.2528175 0.1469465
-0.303381 0.183683125
-0.3539445 0.1469465
-0.303381 0.110209875
-0.3539445 0.22041975
-0.404508 0.257156375
-0.4550715 0.22041975
-0.404508 0.183683125
-0.4550715 0.1469465
-0.5056350000000001 0.183683125
-0.5561985 0.1469465
-0.5056350000000001 0.110209875
-0.3539445 0.07347325
-0.404508 0.110209875
-0.4550715 0.07347325
-0.404508 0.036736625
-0.4550715 0
-0.5056350000000001 0.036736625
-0.5561985 0
-0.5056350000000001 -0.036736625
-0.5561985 0.07347325
-0.606762 0.110209875
-0.6573255 0.07347325
-0.606762 0.036736625
-0.6573255 0
-0.707889 0.036736625
-0.7584525 0
-0.707889 -0.036736625
-0.5561985 -0.07347325
-0.606762 -0.036736625
-0.6573255 -0.07347325
-0.606762 -0.110209875
-0.2528175 -0.1469465
-0.303381 -0.110209875
-0.3539445 -0.1469465
-0.303381 -0.183683125
-0.3539445 -0.07347325
-0.404508 -0.036736625
-0.4550715 -0.07347325
-0.404508 -0.110209875
-0.4550715 -0.1469465
-0.5056350000000001 -0.110209875
-0.5561985 -0.1469465
-0.5056350000000001 -0.183683125
-0.3539445 -0.22041975
-0.404508 -0.183683125
-0.4550715 -0.22041975
-0.404508 -0.257156375
-0.015625 -0.0480888671875
-0.0661885 -0.0848254765625
-0.04687499999999999 -0.1442665546875
0.003688500000000001 -0.1075299765625
-0.116752 -0.1215620859375
-0.1673155 -0.1582986953125
-0.148002 -0.2177397109375
-0.0974385 -0.1810031328125
-0.078125 -0.2404441796875
-0.1286885 -0.2771807265625
-0.109375 -0.3366217421875
-0.0588115 -0.2998852265624999
0.023002 -0.1669710859375
-0.0275615 -0.2037076328125
-0.008247999999999998 -0.2631487109375
0.04231550000000001 -0.2264121953125
-0.217879 -0.1950353046875
-0.2684425 -0.2317719140625
-0.249129 -0.2912128671875
-0.1985655 -0.2544762890625
-0.319006 -0.2685085234375
-0.3695695 -0.3052451328125
-0.350256 -0.3646860234375
-0.2996925 -0.3279494453125
-0.280379 -0.3873903671875
-0.3309425 -0.4241269140625
-0.311629 -0.4835678046875
-0.2610655 -0.4468312890624999
-0.179252 -0.3139172734375
-0.2298155 -0.3506538203125
-0.210502 -0.4100947734374999
-0.1599385 -0.3733582578125
-0.140625 -0.4327992421874999
-0.1911885 -0.4695357265625
-0.171875 -0.5289766796875
-0.1213115 -0.4922402265625
-0.241752 -0.5062722109375
-0.2923155 -0.5430086953125
-0.273002 -0.6024495859374999
-0.2224385 -0.5657131328125
-0.203125 -0.6251540546875
-0.2536885 -0.6618904765625
-0.234375 -0.7213313671874999
-0.1838115 -0.6845949765625
-0.101998 -0.5516812109375
-0.1525615 -0.5884176328125
-0.133248 -0.6478585859375001
-0.08268449999999999 -0.6111221953125001
0.061629 -0.2858533046875
0.0110655 -0.3225897890625
0.030379 -0.3820308671875
0.0809425 -0.3452944140625001
-0.039498 -0.3593262734375
-0.09006150000000002 -0.3960627578125
-0.07074800000000001 -0.4555037734375
-0.0201845 -0.4187673203125
-0.0008709999999999985 -0.4782083671875
-0.05143449999999999 -0.5149447890625001
-0.032121 -0.5743858046875
0.0184425 -0.5376494140625
0.100256 -0.4047355234375
0.0496925 -0.4414719453125
0.06900600000000001 -0.5009130234374999
0.1195695 -0.4641766328125
0.04090675390625 -0.0297205625
0.06022026171875 -0.0891616875
0.12272028515625 -0.0891616875
0.10340676171875 -0.0297205625
0.07953376953124999 -0.1486028125
0.09884727734375 -0.2080439375
0.16134733203125 -0.2080439375
0.14203380859375 -0.1486028125
0.20453384765625 -0.1486028125
0.22384738671875 -0.2080439375
0.28634744140625 -0.2080439375
0.2670338867187499 -0.1486028125
0.16590676953125 -0.0297205625
0.18522030859375 -0.0891616875
0.24772033203125 -0.0891616875
0.22840677734375 -0.0297205625
0.11816078515625 -0.2674850625
0.13747429296875 -0.3269261875
0.19997437890625 -0.3269261875
0.18066085546875 -0.2674850625
0.15678780078125 -0.3863673125
0.17610130859375 -0.4458084375
0.23860142578125 -0.4458084375
0.21928790234375 -0.3863673125
0.28178800390625 -0.3863673125
0.30110154296875 -0.4458084375
0.36360166015625 -0.4458084375
0.34428810546875 -0.3863673125
0.24316092578125 -0.2674850625
0.26247446484375 -0.3269261875
0.32497455078125 -0.3269261875
0.30566099609375 -0.2674850625
0.36816106640625 -0.2674850625
0.3874746367187499 -0.3269261875
0.4499747226562499 -0.3269261875
0.4306611367187499 -0.2674850625
0.40678820703125 -0.3863673125
0.42610177734375 -0.4458084375
0.48860189453125 -0.4458084375
0.46928830859375 -0.3863673125
0.53178841015625 -0.3863673125
0.55110201171875 -0.4458084375
0.61360212890625 -0.4458084375
0.59428851171875 -0.3863673125
0.4931612070312499 -0.2674850625
0.5124748085937499 -0.3269261875
0.5749748945312499 -0.3269261875
0.55566127734375 -0.2674850625
0.29090678515625 -0.0297205625
0.31022035546875 -0.0891616875
0.37272037890625 -0.0891616875
0.35340679296875 -0.0297205625
0.32953392578125 -0.1486028125
0.34884749609375 -0.2080439375
0.41134755078125 -0.2080439375
0.39203396484375 -0.1486028125
0.45453400390625 -0.1486028125
0.47384760546875 -0.2080439375
0.53634766015625 -0.2080439375
0.51703404296875 -0.1486028125
0.41590680078125 -0.0297205625
0.43522040234375 -0.0891616875
0.49772042578125 -0.0891616875
0.47840680859375 -0.0297205625
0.54090681640625 0.0297205625
0.60340682421875 0.0297205625
0.6227204726562501 0.0891616875
0.56022044921875 0.0891616875
0.66590683203125 0.0297205625
0.72840683984375 0.0297205625
0.74772051953125 0.0891616875
0.68522049609375 0.0891616875
0.70453416015625 0.1486028125
0.76703419921875 0.1486028125
0.78634787890625 0.2080439375
0.72384782421875 0.2080439375
0.57953408203125 0.1486028125
0.6420341210937499 0.1486028125
0.66134776953125 0.2080439375
0.5988477148437501 0.2080439375
0.79090684765625 0.0297205625
0.8534068554687499 0.0297205625
0.8727205664062498 0.0891616875
0.8102205429687499 0.0891616875
0.91590686328125 0.0297205625
0.9784068710937501 0.0297205625
0.9977206132812501 0.0891616875
0.93522058984375 0.0891616875
0.95453431640625 0.1486028125
1.01703435546875 0.1486028125
1.03634809765625 0.2080439375
0.97384804296875 0.2080439375
0.8295342382812501 0.1486028125
0.89203427734375 0.1486028125
0.9113479882812501 0.2080439375
0.84884793359375 0.2080439375
0.8681616289062501 0.2674850625
0.93066169921875 0.2674850625
0.94997541015625 0.3269261875
0.8874753242187499 0.3269261875
0.99316176953125 0.2674850625
1.05566183984375 0.2674850625
1.07497558203125 0.3269261875
1.01247549609375 0.3269261875
1.03178922265625 0.3863673125
1.09428932421875 0.3863673125
1.11360306640625 0.4458084375
1.05110294921875 0.4458084375
0.90678901953125 0.3863673125
0.96928912109375 0.3863673125
0.9886028320312499 0.4458084375
0.9261027148437501 0.4458084375
0.61816134765625 0.2674850625
0.68066141796875 0.2674850625
0.69997506640625 0.3269261875
0.6374749804687501 0.3269261875
0.7431614882812501 0.2674850625
0.80566155859375 0.2674850625
0.82497523828125 0.3269261875
0.7624751523437501 0.3269261875
0.7817888164062499 0.3863673125
0.8442889179687499 0.3863673125
0.8636025976562499 0.4458084375
0.8011024804687501 0.4458084375
0.65678861328125 0.3863673125
0.71928871484375 0.3863673125
0.7386023632812501 0.4458084375
0.67610224609375 0.4458084375
0.6954159375 0.5052494999999999
0.7579160625 0.5052494999999999
0.7772298125000001 0.5646905
0.7147296875000001 0.5646905
0.8204161875 0.5052494999999999
0.8829163124999999 0.5052494999999999
0.9022300625 0.5646905
0.8397299375 0.5646905
0.8590436875 0.6241315000000001
0.9215438124999999 0.6241315000000001
0.9408575625000001 0.6835724999999999
0.8783574375000001 0.6835724999999999
0.7340434375 0.6241315000000001
0.7965435625 0.6241315000000001
0.8158573125 0.6835724999999999
0.7533571875000001 0.6835724999999999
0.9454164374999999 0.5052494999999999
1.0079165625 0.5052494999999999
1.0272303125 0.5646905
0.9647301875000001 0.5646905
1.0704166875 0.5052494999999999
1.1329168125 0.5052494999999999
1.1522305625 0.5646905
1.0897304375 0.5646905
1.1090441875 0.6241315000000001
1.1715443125 0.6241315000000001
1.1908580625 0.6835724999999999
1.1283579375 0.6835724999999999
0.9840439375 0.6241315000000001
1.0465440625 0.6241315000000001
1.0658578125 0.6835724999999999
1.0033576875 0.6835724999999999
1.0226714375 0.7430135
1.0851715625 0.7430135
1.1044853125 0.8024545
1.0419851875 0.8024545
1.1476716875 0.7430135
1.2101718125 0.7430135
1.2294855625 0.8024545
1.1669854375 0.8024545
1.1862991875 0.8618955
1.2487993125 0.8618954999999999
1.2681130625 0.9213365
1.2056129375 0.9213365
1.0612989375 0.8618955
1.1237990625 0.8618954999999999
1.1431128125 0.9213365
1.0806126875 0.9213365
0.7726709375 0.7430135
0.8351710625000001 0.7430135
0.8544848125000002 0.8024545
0.7919846875000002 0.8024545
0.8976711875000001 0.7430135
0.9601713125 0.7430135
0.9794850625 0.8024545
0.9169849375000001 0.8024545
0.9362986875000001 0.8618955
0.9987988125 0.8618954999999999
1.0181125625 0.9213365
0.9556124375 0.9213365
0.8112984375000001 0.8618955
0.8737985625000001 0.8618954999999999
0.8931123125 0.9213365
0.8306121875000001 0.9213365
0.19541487890625 0.5052494999999999
0.25791501171875 0.5052494999999999
0.27722866015625 0.5646905
0.21472851171875 0.5646905
0.32041514453125 0.5052494999999999
0.38291527734375 0.5052494999999999
0.40222895703125 0.5646905
0.33972880859375 0.5646905
0.35904247265625 0.6241315000000001
0.42154263671875 0.6241315000000001
0.4408563164062499 0.6835724999999999
0.37835613671875 0.6835724999999999
0.23404214453125 0.6241315000000001
0.29654230859375 0.6241315000000001
0.31585595703125 0.6835724999999999
0.25335577734375 0.6835724999999999
0.44541541015625 0.5052494999999999
0.50791554296875 0.5052494999999999
0.52722925390625 0.5646905
0.4647291054687499 0.5646905
0.57041567578125 0.5052494999999999
0.63291580859375 0.5052494999999999
0.65222955078125 0.5646905
0.5897294023437499 0.5646905
0.60904312890625 0.6241315000000001
0.6715432929687501 0.6241315000000001
0.6908570351562501 0.6835724999999999
0.6283568554687501 0.6835724999999999
0.48404280078125 0.6241315000000001
0.54654296484375 0.6241315000000001
0.56585667578125 0.6835724999999999
0.50335649609375 0.6835724999999999
0.5226701914062499 0.7430135
0.58517038671875 0.7430135
0.60448409765625 0.8024545
0.54198388671875 0.8024545
0.6476705820312501 0.7430135
0.71017077734375 0.7430135
0.72948451953125 0.8024545
0.6669843085937499 0.8024545
0.68629803515625 0.8618955
0.7487982617187501 0.8618954999999999
0.7681120039062501 0.9213365
0.7056117617187501 0.9213365
0.56129758203125 0.8618955
0.62379780859375 0.8618954999999999
0.64311151953125 0.9213365
0.58061127734375 0.9213365
0.27266941015625 0.7430135
0.33516960546875 0.7430135
0.35448325390625 0.8024545
0.29198304296875 0.8024545
0.39766980078125 0.7430135
0.46016999609375 0.7430135
0.47948367578125 0.8024545
0.4169834648437499 0.8024545
0.4362971289062499 0.8618955
0.49879735546875 0.8618954999999999
0.51811103515625 0.9213365
0.45561079296875 0.9213365
0.31129667578125 0.8618955
0.37379690234375 0.8618954999999999
0.39311055078125 0.9213365
0.33061030859375 0.9213365
0.138883060546875 0.5236177539062499
0.158196681640625 0.5830587617187499
0.107633169921875 0.61979528515625
0.088319556640625 0.56035426171875
0.177510302734375 0.64249976953125
0.196823923828125 0.7019407773437499
0.146260396484375 0.7386773320312501
0.126946783203125 0.6792363085937498
0.07638326367187498 0.71597284765625
0.09569686914062499 0.77541388671875
0.04513334179687499 0.8121504414062499
0.02581974414062499 0.7527093867187499
0.037756052734375 0.59709076953125
0.05706965820312499 0.65653180859375
0.006506146484374996 0.69326833203125
-0.012807451171875 0.63382727734375
0.216137544921875 0.76138178515625
0.235451166015625 0.82082279296875
0.184887623046875 0.8575593789062499
0.165574009765625 0.7981183554687499
0.254764787109375 0.88026380078125
0.274078408203125 0.9397048085937501
0.223514849609375 0.9764414257812499
0.204201236328125 0.9170004023437499
0.153637685546875 0.9537370039062499
0.172951291015625 1.01317804296875
0.122387732421875 1.04991466015625
0.103074134765625 0.99047360546875
0.115010474609375 0.83485492578125
0.134324080078125 0.89429596484375
0.08376053710937501 0.9310325507812498
0.06444693945312499 0.87159149609375
0.01388340429687499 0.90832806640625
0.033196994140625 0.9677691367187499
-0.01736654882812501 1.00450572265625
-0.03668013085937501 0.9450646367187501
0.05251058398437499 1.02721020703125
0.07182417382812499 1.08665127734375
0.02126061523437499 1.12338789453125
0.001947033203124995 1.06394680859375
-0.048616517578125 1.10068341015625
-0.02930294335937501 1.16012451171875
-0.079866501953125 1.19686112890625
-0.099180068359375 1.13742001171875
-0.087243666015625 0.98180120703125
-0.06793009179687499 1.04124230859375
-0.118493634765625 1.07797889453125
-0.137807201171875 1.01853777734375
-0.063370955078125 0.67056378515625
-0.04405736523437501 0.7300048554687499
-0.09462087695312502 0.76674137890625
-0.113934458984375 0.7073002929687501
-0.024743775390625 0.7894459257812501
-0.005430185546875006 0.84888699609375
-0.05599371289062501 0.88562355078125
-0.075307294921875 0.82618246484375
-0.125870814453125 0.86291900390625
-0.106557240234375 0.92236010546875
-0.157120767578125 0.9590966601562501
-0.176434333984375 0.8996555429687501
-0.164497962890625 0.74403680078125
-0.145184388671875 0.8034779023437501
-0.195747900390625 0.8402144257812502
-0.215061466796875 0.78077330859375
-0.265624970703125 0.81750962890625
-0.246311412109375 0.8769507617187501
-0.296874923828125 0.91368691015625
-0.316188474609375 0.85424576171875
-0.226997853515625 0.9363918945312502
-0.207684294921875 0.9958330273437501
-0.258247822265625 1.03256920703125
-0.277561373046875 0.9731280585937502
-0.328124892578125 1.00986422265625
-0.308811349609375 1.06930538671875
-0.359374876953125 1.10604156640625
-0.378688412109375 1.04660038671875
-0.366751978515625 0.89098189453125
-0.347438435546875 0.9504230585937501
-0.398001947265625 0.98715920703125
-0.417315482421875 0.92771802734375
-0.188370736328125 1.05527416015625
-0.169057177734375 1.11471529296875
-0.219620720703125 1.15145150390625
-0.238934271484375 1.09201035546875
-0.149743619140625 1.17415642578125
-0.130430060546875 1.23359755859375
-0.180993619140625 1.27033380078125
-0.200307169921875 1.21089265234375
-0.250870720703125 1.24762887890625
-0.2315571777343751 1.30707004296875
-0.2821207363281251 1.34380628515625
-0.301434271484375 1.28436510546875
-0.289497806640625 1.12874655078125
-0.270184263671875 1.18818771484375
-0.320747806640625 1.22492392578125
-0.340061341796875 1.16548274609375
-0.390624876953125 1.20221894140625
-0.371311349609375 1.26166013671875
-0.421874892578125 1.29839634765625
-0.4411884121093749 1.23895513671875
-0.351997822265625 1.32110133203125
-0.332684294921875 1.38054252734375
-0.383247853515625 1.41727876953125
-0.4025613730468751 1.35783755859375
-0.4531249238281251 1.39457378515625
-0.433811412109375 1.45401501171875
-0.484374970703125 1.49075125390625
-0.503688474609375 1.43131001171875
-0.491751947265625 1.27569133203125
-0.472438435546875 1.33513255859375
-0.523001978515625 1.37186876953125
-0.542315482421875 1.31242752734375
-0.467878986328125 0.96445416015625
-0.448565458984375 1.02389535546875
-0.499128970703125 1.06063150390625
-0.5184424902343749 1.00119029296875
-0.429251931640625 1.08333655078125
-0.4099384042968749 1.14277774609375
-0.4605019316406249 1.17951392578125
-0.479815451171875 1.12007271484375
-0.530378970703125 1.15680887890625
-0.5110654589843749 1.21625010546875
-0.561628986328125 1.25298628515625
-0.5809424902343749 1.19354504296875
-0.5690059941406249 1.03792642578125
-0.549692482421875 1.09736765234375
-0.6002559941406249 1.13410380078125
-0.6195694980468749 1.07466255859375
