MFEM mesh v1.0

#
# MFEM Geometry Types (see fem/geom.hpp):
#
# POINT       = 0
# SEGMENT     = 1
# TRIANGLE    = 2
# SQUARE      = 3
# TETRAHEDRON = 4
# CUBE        = 5
# PRISM       = 6
# PYRAMID     = 7
#

dimension
3

elements
4096
1 5 0 729 741 732 737 743 747 745
1 5 729 125 730 741 743 738 746 747
1 5 741 730 137 731 747 746 739 744
1 5 732 741 731 128 745 747 744 740
1 5 737 743 747 745 133 733 742 736
1 5 743 738 746 747 733 139 734 742
1 5 747 746 739 744 742 734 143 735
1 5 745 747 744 740 736 742 735 141
1 5 125 748 756 730 738 758 761 746
1 5 748 1 749 756 758 754 760 761
1 5 756 749 126 750 761 760 755 759
1 5 730 756 750 137 746 761 759 739
1 5 738 758 761 746 139 751 757 734
1 5 758 754 760 761 751 134 752 757
1 5 761 760 755 759 757 752 142 753
1 5 746 761 759 739 734 757 753 143
1 5 137 750 770 764 739 759 775 773
1 5 750 126 762 770 759 755 774 775
1 5 770 762 6 763 775 774 768 772
1 5 764 770 763 127 773 775 772 769
1 5 739 759 775 773 143 753 771 767
1 5 759 755 774 775 753 142 765 771
1 5 775 774 768 772 771 765 135 766
1 5 773 775 772 769 767 771 766 140
1 5 128 731 781 777 740 744 785 784
1 5 731 137 764 781 744 739 773 785
1 5 781 764 127 776 785 773 769 783
1 5 777 781 776 5 784 785 783 780
1 5 740 744 785 784 141 735 782 779
1 5 744 739 773 785 735 143 767 782
1 5 785 773 769 783 782 767 140 778
1 5 784 785 783 780 779 782 778 136
1 5 133 733 742 736 790 795 799 797
1 5 733 139 734 742 795 791 798 799
1 5 742 734 143 735 799 798 792 796
1 5 736 742 735 141 797 799 796 793
1 5 790 795 799 797 25 786 794 789
1 5 795 791 798 799 786 129 787 794
1 5 799 798 792 796 794 787 138 788
1 5 797 799 796 793 789 794 788 132
1 5 139 751 757 734 791 806 809 798
1 5 751 134 752 757 806 803 808 809
1 5 757 752 142 753 809 808 804 807
1 5 734 757 753 143 798 809 807 792
1 5 791 806 809 798 129 800 805 787
1 5 806 803 808 809 800 26 801 805
1 5 809 808 804 807 805 801 130 802
1 5 798 809 807 792 787 805 802 138
1 5 143 753 771 767 792 807 819 817
1 5 753 142 765 771 807 804 818 819
1 5 771 765 135 766 819 818 813 816
1 5 767 771 766 140 817 819 816 814
1 5 792 807 819 817 138 802 815 812
1 5 807 804 818 819 802 130 810 815
1 5 819 818 813 816 815 810 31 811
1 5 817 819 816 814 812 815 811 131
1 5 141 735 782 779 793 796 826 825
1 5 735 143 767 782 796 792 817 826
1 5 782 767 140 778 826 817 814 824
1 5 779 782 778 136 825 826 824 822
1 5 793 796 826 825 132 788 823 821
1 5 796 792 817 826 788 138 812 823
1 5 826 817 814 824 823 812 131 820
1 5 825 826 824 822 821 823 820 30
1 5 25 786 794 789 831 836 840 838
1 5 786 129 787 794 836 832 839 840
1 5 794 787 138 788 840 839 833 837
1 5 789 794 788 132 838 840 837 834
1 5 831 836 840 838 148 827 835 830
1 5 836 832 839 840 827 153 828 835
1 5 840 839 833 837 835 828 157 829
1 5 838 840 837 834 830 835 829 155
1 5 129 800 805 787 832 847 850 839
1 5 800 26 801 805 847 844 849 850
1 5 805 801 130 802 850 849 845 848
1 5 787 805 802 138 839 850 848 833
1 5 832 847 850 839 153 841 846 828
1 5 847 844 849 850 841 149 842 846
1 5 850 849 845 848 846 842 156 843
1 5 839 850 848 833 828 846 843 157
1 5 138 802 815 812 833 848 860 858
1 5 802 130 810 815 848 845 859 860
1 5 815 810 31 811 860 859 854 857
1 5 812 815 811 131 858 860 857 855
1 5 833 848 860 858 157 843 856 853
1 5 848 845 859 860 843 156 851 856
1 5 860 859 854 857 856 851 150 852
1 5 858 860 857 855 853 856 852 154
1 5 132 788 823 821 834 837 867 866
1 5 788 138 812 823 837 833 858 867
1 5 823 812 131 820 867 858 855 865
1 5 821 823 820 30 866 867 865 863
1 5 834 837 867 866 155 829 864 862
1 5 837 833 858 867 829 157 853 864
1 5 867 858 855 865 864 853 154 861
1 5 866 867 865 863 862 864 861 151
1 5 148 827 835 830 872 877 881 879
1 5 827 153 828 835 877 873 880 881
1 5 835 828 157 829 881 880 874 878
1 5 830 835 829 155 879 881 878 875
1 5 872 877 881 879 50 868 876 871
1 5 877 873 880 881 868 144 869 876
1 5 881 880 874 878 876 869 152 870
1 5 879 881 878 875 871 876 870 147
1 5 153 841 846 828 873 888 891 880
1 5 841 149 842 846 888 885 890 891
1 5 846 842 156 843 891 890 886 889
1 5 828 846 843 157 880 891 889 874
1 5 873 888 891 880 144 882 887 869
1 5 888 885 890 891 882 51 883 887
1 5 891 890 886 889 887 883 145 884
1 5 880 891 889 874 869 887 884 152
1 5 157 843 856 853 874 889 901 899
1 5 843 156 851 856 889 886 900 901
1 5 856 851 150 852 901 900 895 898
1 5 853 856 852 154 899 901 898 896
1 5 874 889 901 899 152 884 897 894
1 5 889 886 900 901 884 145 892 897
1 5 901 900 895 898 897 892 56 893
1 5 899 901 898 896 894 897 893 146
1 5 155 829 864 862 875 878 908 907
1 5 829 157 853 864 878 874 899 908
1 5 864 853 154 861 908 899 896 906
1 5 862 864 861 151 907 908 906 904
1 5 875 878 908 907 147 870 905 903
1 5 878 874 899 908 870 152 894 905
1 5 908 899 896 906 905 894 146 902
1 5 907 908 906 904 903 905 902 55
1 5 26 909 917 801 844 919 922 849
1 5 909 158 910 917 919 915 921 922
1 5 917 910 166 911 922 921 916 920
1 5 801 917 911 130 849 922 920 845
1 5 844 919 922 849 149 912 918 842
1 5 919 915 921 922 912 168 913 918
1 5 922 921 916 920 918 913 171 914
1 5 849 922 920 845 842 918 914 156
1 5 158 923 931 910 915 933 936 921
1 5 923 27 924 931 933 929 935 936
1 5 931 924 159 925 936 935 930 934
1 5 910 931 925 166 921 936 934 916
1 5 915 933 936 921 168 926 932 913
1 5 933 929 935 936 926 164 927 932
1 5 936 935 930 934 932 927 170 928
1 5 921 936 934 916 913 932 928 171
1 5 166 925 945 939 916 934 950 948
1 5 925 159 937 945 934 930 949 950
1 5 945 937 32 938 950 949 943 947
1 5 939 945 938 160 948 950 947 944
1 5 916 934 950 948 171 928 946 942
1 5 934 930 949 950 928 170 940 946
1 5 950 949 943 947 946 940 165 941
1 5 948 950 947 944 942 946 941 169
1 5 130 911 953 810 845 920 956 859
1 5 911 166 939 953 920 916 948 956
1 5 953 939 160 951 956 948 944 955
1 5 810 953 951 31 859 956 955 854
1 5 845 920 956 859 156 914 954 851
1 5 920 916 948 956 914 171 942 954
1 5 956 948 944 955 954 942 169 952
1 5 859 956 955 854 851 954 952 150
1 5 149 912 918 842 885 963 966 890
1 5 912 168 913 918 963 960 965 966
1 5 918 913 171 914 966 965 961 964
1 5 842 918 914 156 890 966 964 886
1 5 885 963 966 890 51 957 962 883
1 5 963 960 965 966 957 161 958 962
1 5 966 965 961 964 962 958 167 959
1 5 890 966 964 886 883 962 959 145
1 5 168 926 932 913 960 973 976 965
1 5 926 164 927 932 973 970 975 976
1 5 932 927 170 928 976 975 971 974
1 5 913 932 928 171 965 976 974 961
1 5 960 973 976 965 161 967 972 958
1 5 973 970 975 976 967 52 968 972
1 5 976 975 971 974 972 968 162 969
1 5 965 976 974 961 958 972 969 167
1 5 171 928 946 942 961 974 986 984
1 5 928 170 940 946 974 971 985 986
1 5 946 940 165 941 986 985 980 983
1 5 942 946 941 169 984 986 983 981
1 5 961 974 986 984 167 969 982 979
1 5 974 971 985 986 969 162 977 982
1 5 986 985 980 983 982 977 57 978
1 5 984 986 983 981 979 982 978 163
1 5 156 914 954 851 886 964 990 900
1 5 914 171 942 954 964 961 984 990
1 5 954 942 169 952 990 984 981 989
1 5 851 954 952 150 900 990 989 895
1 5 886 964 990 900 145 959 988 892
1 5 964 961 984 990 959 167 979 988
1 5 990 984 981 989 988 979 163 987
1 5 900 990 989 895 892 988 987 56
1 5 1 991 999 749 754 1001 1004 760
1 5 991 172 992 999 1001 997 1003 1004
1 5 999 992 177 993 1004 1003 998 1002
1 5 749 999 993 126 760 1004 1002 755
1 5 754 1001 1004 760 134 994 1000 752
1 5 1001 997 1003 1004 994 178 995 1000
1 5 1004 1003 998 1002 1000 995 181 996
1 5 760 1004 1002 755 752 1000 996 142
1 5 172 1005 1013 992 997 1015 1018 1003
1 5 1005 2 1006 1013 1015 1011 1017 1018
1 5 1013 1006 173 1007 1018 1017 1012 1016
1 5 992 1013 1007 177 1003 1018 1016 998
1 5 997 1015 1018 1003 178 1008 1014 995
1 5 1015 1011 1017 1018 1008 175 1009 1014
1 5 1018 1017 1012 1016 1014 1009 180 1010
1 5 1003 1018 1016 998 995 1014 1010 181
1 5 177 1007 1027 1021 998 1016 1032 1030
1 5 1007 173 1019 1027 1016 1012 1031 1032
1 5 1027 1019 7 1020 1032 1031 1025 1029
1 5 1021 1027 1020 174 1030 1032 1029 1026
1 5 998 1016 1032 1030 181 1010 1028 1024
1 5 1016 1012 1031 1032 1010 180 1022 1028
1 5 1032 1031 1025 1029 1028 1022 176 1023
1 5 1030 1032 1029 1026 1024 1028 1023 179
1 5 126 993 1035 762 755 1002 1038 774
1 5 993 177 1021 1035 1002 998 1030 1038
1 5 1035 1021 174 1033 1038 1030 1026 1037
1 5 762 1035 1033 6 774 1038 1037 768
1 5 755 1002 1038 774 142 996 1036 765
1 5 1002 998 1030 1038 996 181 1024 1036
1 5 1038 1030 1026 1037 1036 1024 179 1034
1 5 774 1038 1037 768 765 1036 1034 135
1 5 134 994 1000 752 803 1041 1044 808
1 5 994 178 995 1000 1041 1039 1043 1044
1 5 1000 995 181 996 1044 1043 1040 1042
1 5 752 1000 996 142 808 1044 1042 804
1 5 803 1041 1044 808 26 909 917 801
1 5 1041 1039 1043 1044 909 158 910 917
1 5 1044 1043 1040 1042 917 910 166 911
1 5 808 1044 1042 804 801 917 911 130
1 5 178 1008 1014 995 1039 1047 1050 1043
1 5 1008 175 1009 1014 1047 1045 1049 1050
1 5 1014 1009 180 1010 1050 1049 1046 1048
1 5 995 1014 1010 181 1043 1050 1048 1040
1 5 1039 1047 1050 1043 158 923 931 910
1 5 1047 1045 1049 1050 923 27 924 931
1 5 1050 1049 1046 1048 931 924 159 925
1 5 1043 1050 1048 1040 910 931 925 166
1 5 181 1010 1028 1024 1040 1048 1056 1054
1 5 1010 180 1022 1028 1048 1046 1055 1056
1 5 1028 1022 176 1023 1056 1055 1051 1053
1 5 1024 1028 1023 179 1054 1056 1053 1052
1 5 1040 1048 1056 1054 166 925 945 939
1 5 1048 1046 1055 1056 925 159 937 945
1 5 1056 1055 1051 1053 945 937 32 938
1 5 1054 1056 1053 1052 939 945 938 160
1 5 142 996 1036 765 804 1042 1058 818
1 5 996 181 1024 1036 1042 1040 1054 1058
1 5 1036 1024 179 1034 1058 1054 1052 1057
1 5 765 1036 1034 135 818 1058 1057 813
1 5 804 1042 1058 818 130 911 953 810
1 5 1042 1040 1054 1058 911 166 939 953
1 5 1058 1054 1052 1057 953 939 160 951
1 5 818 1058 1057 813 810 953 951 31
1 5 6 1033 1067 1061 768 1037 1072 1070
1 5 1033 174 1059 1067 1037 1026 1071 1072
1 5 1067 1059 190 1060 1072 1071 1065 1069
1 5 1061 1067 1060 184 1070 1072 1069 1066
1 5 768 1037 1072 1070 135 1034 1068 1064
1 5 1037 1026 1071 1072 1034 179 1062 1068
1 5 1072 1071 1065 1069 1068 1062 195 1063
1 5 1070 1072 1069 1066 1064 1068 1063 193
1 5 174 1020 1078 1059 1026 1029 1082 1071
1 5 1020 7 1073 1078 1029 1025 1081 1082
1 5 1078 1073 182 1074 1082 1081 1077 1080
1 5 1059 1078 1074 190 1071 1082 1080 1065
1 5 1026 1029 1082 1071 179 1023 1079 1062
1 5 1029 1025 1081 1082 1023 176 1075 1079
1 5 1082 1081 1077 1080 1079 1075 194 1076
1 5 1071 1082 1080 1065 1062 1079 1076 195
1 5 190 1074 1091 1085 1065 1080 1096 1094
1 5 1074 182 1083 1091 1080 1077 1095 1096
1 5 1091 1083 12 1084 1096 1095 1089 1093
1 5 1085 1091 1084 183 1094 1096 1093 1090
1 5 1065 1080 1096 1094 195 1076 1092 1088
1 5 1080 1077 1095 1096 1076 194 1086 1092
1 5 1096 1095 1089 1093 1092 1086 188 1087
1 5 1094 1096 1093 1090 1088 1092 1087 192
1 5 184 1060 1102 1098 1066 1069 1106 1105
1 5 1060 190 1085 1102 1069 1065 1094 1106
1 5 1102 1085 183 1097 1106 1094 1090 1104
1 5 1098 1102 1097 11 1105 1106 1104 1101
1 5 1066 1069 1106 1105 193 1063 1103 1100
1 5 1069 1065 1094 1106 1063 195 1088 1103
1 5 1106 1094 1090 1104 1103 1088 192 1099
1 5 1105 1106 1104 1101 1100 1103 1099 189
1 5 135 1034 1068 1064 813 1057 1116 1114
1 5 1034 179 1062 1068 1057 1052 1115 1116
1 5 1068 1062 195 1063 1116 1115 1110 1113
1 5 1064 1068 1063 193 1114 1116 1113 1111
1 5 813 1057 1116 1114 31 951 1112 1109
1 5 1057 1052 1115 1116 951 160 1107 1112
1 5 1116 1115 1110 1113 1112 1107 191 1108
1 5 1114 1116 1113 1111 1109 1112 1108 187
1 5 179 1023 1079 1062 1052 1053 1123 1115
1 5 1023 176 1075 1079 1053 1051 1122 1123
1 5 1079 1075 194 1076 1123 1122 1119 1121
1 5 1062 1079 1076 195 1115 1123 1121 1110
1 5 1052 1053 1123 1115 160 938 1120 1107
1 5 1053 1051 1122 1123 938 32 1117 1120
1 5 1123 1122 1119 1121 1120 1117 185 1118
1 5 1115 1123 1121 1110 1107 1120 1118 191
1 5 195 1076 1092 1088 1110 1121 1133 1131
1 5 1076 194 1086 1092 1121 1119 1132 1133
1 5 1092 1086 188 1087 1133 1132 1127 1130
1 5 1088 1092 1087 192 1131 1133 1130 1128
1 5 1110 1121 1133 1131 191 1118 1129 1126
1 5 1121 1119 1132 1133 1118 185 1124 1129
1 5 1133 1132 1127 1130 1129 1124 37 1125
1 5 1131 1133 1130 1128 1126 1129 1125 186
1 5 193 1063 1103 1100 1111 1113 1140 1139
1 5 1063 195 1088 1103 1113 1110 1131 1140
1 5 1103 1088 192 1099 1140 1131 1128 1138
1 5 1100 1103 1099 189 1139 1140 1138 1136
1 5 1111 1113 1140 1139 187 1108 1137 1135
1 5 1113 1110 1131 1140 1108 191 1126 1137
1 5 1140 1131 1128 1138 1137 1126 186 1134
1 5 1139 1140 1138 1136 1135 1137 1134 36
1 5 31 951 1112 1109 854 955 1150 1148
1 5 951 160 1107 1112 955 944 1149 1150
1 5 1112 1107 191 1108 1150 1149 1144 1147
1 5 1109 1112 1108 187 1148 1150 1147 1145
1 5 854 955 1150 1148 150 952 1146 1143
1 5 955 944 1149 1150 952 169 1141 1146
1 5 1150 1149 1144 1147 1146 1141 205 1142
1 5 1148 1150 1147 1145 1143 1146 1142 203
1 5 160 938 1120 1107 944 947 1157 1149
1 5 938 32 1117 1120 947 943 1156 1157
1 5 1120 1117 185 1118 1157 1156 1153 1155
1 5 1107 1120 1118 191 1149 1157 1155 1144
1 5 944 947 1157 1149 169 941 1154 1141
1 5 947 943 1156 1157 941 165 1151 1154
1 5 1157 1156 1153 1155 1154 1151 204 1152
1 5 1149 1157 1155 1144 1141 1154 1152 205
1 5 191 1118 1129 1126 1144 1155 1167 1165
1 5 1118 185 1124 1129 1155 1153 1166 1167
1 5 1129 1124 37 1125 1167 1166 1161 1164
1 5 1126 1129 1125 186 1165 1167 1164 1162
1 5 1144 1155 1167 1165 205 1152 1163 1160
1 5 1155 1153 1166 1167 1152 204 1158 1163
1 5 1167 1166 1161 1164 1163 1158 199 1159
1 5 1165 1167 1164 1162 1160 1163 1159 202
1 5 187 1108 1137 1135 1145 1147 1174 1173
1 5 1108 191 1126 1137 1147 1144 1165 1174
1 5 1137 1126 186 1134 1174 1165 1162 1172
1 5 1135 1137 1134 36 1173 1174 1172 1170
1 5 1145 1147 1174 1173 203 1142 1171 1169
1 5 1147 1144 1165 1174 1142 205 1160 1171
1 5 1174 1165 1162 1172 1171 1160 202 1168
1 5 1173 1174 1172 1170 1169 1171 1168 200
1 5 150 952 1146 1143 895 989 1184 1182
1 5 952 169 1141 1146 989 981 1183 1184
1 5 1146 1141 205 1142 1184 1183 1178 1181
1 5 1143 1146 1142 203 1182 1184 1181 1179
1 5 895 989 1184 1182 56 987 1180 1177
1 5 989 981 1183 1184 987 163 1175 1180
1 5 1184 1183 1178 1181 1180 1175 201 1176
1 5 1182 1184 1181 1179 1177 1180 1176 198
1 5 169 941 1154 1141 981 983 1191 1183
1 5 941 165 1151 1154 983 980 1190 1191
1 5 1154 1151 204 1152 1191 1190 1187 1189
1 5 1141 1154 1152 205 1183 1191 1189 1178
1 5 981 983 1191 1183 163 978 1188 1175
1 5 983 980 1190 1191 978 57 1185 1188
1 5 1191 1190 1187 1189 1188 1185 196 1186
1 5 1183 1191 1189 1178 1175 1188 1186 201
1 5 205 1152 1163 1160 1178 1189 1201 1199
1 5 1152 204 1158 1163 1189 1187 1200 1201
1 5 1163 1158 199 1159 1201 1200 1195 1198
1 5 1160 1163 1159 202 1199 1201 1198 1196
1 5 1178 1189 1201 1199 201 1186 1197 1194
1 5 1189 1187 1200 1201 1186 196 1192 1197
1 5 1201 1200 1195 1198 1197 1192 62 1193
1 5 1199 1201 1198 1196 1194 1197 1193 197
1 5 203 1142 1171 1169 1179 1181 1208 1207
1 5 1142 205 1160 1171 1181 1178 1199 1208
1 5 1171 1160 202 1168 1208 1199 1196 1206
1 5 1169 1171 1168 200 1207 1208 1206 1204
1 5 1179 1181 1208 1207 198 1176 1205 1203
1 5 1181 1178 1199 1208 1176 201 1194 1205
1 5 1208 1199 1196 1206 1205 1194 197 1202
1 5 1207 1208 1206 1204 1203 1205 1202 61
1 5 30 820 1217 1211 863 865 1222 1220
1 5 820 131 1209 1217 865 855 1221 1222
1 5 1217 1209 211 1210 1222 1221 1215 1219
1 5 1211 1217 1210 207 1220 1222 1219 1216
1 5 863 865 1222 1220 151 861 1218 1214
1 5 865 855 1221 1222 861 154 1212 1218
1 5 1222 1221 1215 1219 1218 1212 215 1213
1 5 1220 1222 1219 1216 1214 1218 1213 214
1 5 131 811 1225 1209 855 857 1228 1221
1 5 811 31 1109 1225 857 854 1148 1228
1 5 1225 1109 187 1223 1228 1148 1145 1227
1 5 1209 1225 1223 211 1221 1228 1227 1215
1 5 855 857 1228 1221 154 852 1226 1212
1 5 857 854 1148 1228 852 150 1143 1226
1 5 1228 1148 1145 1227 1226 1143 203 1224
1 5 1221 1228 1227 1215 1212 1226 1224 215
1 5 211 1223 1234 1230 1215 1227 1238 1237
1 5 1223 187 1135 1234 1227 1145 1173 1238
1 5 1234 1135 36 1229 1238 1173 1170 1236
1 5 1230 1234 1229 206 1237 1238 1236 1233
1 5 1215 1227 1238 1237 215 1224 1235 1232
1 5 1227 1145 1173 1238 1224 203 1169 1235
1 5 1238 1173 1170 1236 1235 1169 200 1231
1 5 1237 1238 1236 1233 1232 1235 1231 213
1 5 207 1210 1244 1240 1216 1219 1248 1247
1 5 1210 211 1230 1244 1219 1215 1237 1248
1 5 1244 1230 206 1239 1248 1237 1233 1246
1 5 1240 1244 1239 35 1247 1248 1246 1243
1 5 1216 1219 1248 1247 214 1213 1245 1242
1 5 1219 1215 1237 1248 1213 215 1232 1245
1 5 1248 1237 1233 1246 1245 1232 213 1241
1 5 1247 1248 1246 1243 1242 1245 1241 210
1 5 151 861 1218 1214 904 906 1258 1256
1 5 861 154 1212 1218 906 896 1257 1258
1 5 1218 1212 215 1213 1258 1257 1252 1255
1 5 1214 1218 1213 214 1256 1258 1255 1253
1 5 904 906 1258 1256 55 902 1254 1251
1 5 906 896 1257 1258 902 146 1249 1254
1 5 1258 1257 1252 1255 1254 1249 212 1250
1 5 1256 1258 1255 1253 1251 1254 1250 209
1 5 154 852 1226 1212 896 898 1262 1257
1 5 852 150 1143 1226 898 895 1182 1262
1 5 1226 1143 203 1224 1262 1182 1179 1261
1 5 1212 1226 1224 215 1257 1262 1261 1252
1 5 896 898 1262 1257 146 893 1260 1249
1 5 898 895 1182 1262 893 56 1177 1260
1 5 1262 1182 1179 1261 1260 1177 198 1259
1 5 1257 1262 1261 1252 1249 1260 1259 212
1 5 215 1224 1235 1232 1252 1261 1269 1268
1 5 1224 203 1169 1235 1261 1179 1207 1269
1 5 1235 1169 200 1231 1269 1207 1204 1267
1 5 1232 1235 1231 213 1268 1269 1267 1265
1 5 1252 1261 1269 1268 212 1259 1266 1264
1 5 1261 1179 1207 1269 1259 198 1203 1266
1 5 1269 1207 1204 1267 1266 1203 61 1263
1 5 1268 1269 1267 1265 1264 1266 1263 208
1 5 214 1213 1245 1242 1253 1255 1276 1275
1 5 1213 215 1232 1245 1255 1252 1268 1276
1 5 1245 1232 213 1241 1276 1268 1265 1274
1 5 1242 1245 1241 210 1275 1276 1274 1272
1 5 1253 1255 1276 1275 209 1250 1273 1271
1 5 1255 1252 1268 1276 1250 212 1264 1273
1 5 1276 1268 1265 1274 1273 1264 208 1270
1 5 1275 1276 1274 1272 1271 1273 1270 60
1 5 5 776 1285 1279 780 783 1290 1288
1 5 776 127 1277 1285 783 769 1289 1290
1 5 1285 1277 219 1278 1290 1289 1283 1287
1 5 1279 1285 1278 217 1288 1290 1287 1284
1 5 780 783 1290 1288 136 778 1286 1282
1 5 783 769 1289 1290 778 140 1280 1286
1 5 1290 1289 1283 1287 1286 1280 222 1281
1 5 1288 1290 1287 1284 1282 1286 1281 221
1 5 127 763 1293 1277 769 772 1296 1289
1 5 763 6 1061 1293 772 768 1070 1296
1 5 1293 1061 184 1291 1296 1070 1066 1295
1 5 1277 1293 1291 219 1289 1296 1295 1283
1 5 769 772 1296 1289 140 766 1294 1280
1 5 772 768 1070 1296 766 135 1064 1294
1 5 1296 1070 1066 1295 1294 1064 193 1292
1 5 1289 1296 1295 1283 1280 1294 1292 222
1 5 219 1291 1302 1298 1283 1295 1306 1305
1 5 1291 184 1098 1302 1295 1066 1105 1306
1 5 1302 1098 11 1297 1306 1105 1101 1304
1 5 1298 1302 1297 216 1305 1306 1304 1301
1 5 1283 1295 1306 1305 222 1292 1303 1300
1 5 1295 1066 1105 1306 1292 193 1100 1303
1 5 1306 1105 1101 1304 1303 1100 189 1299
1 5 1305 1306 1304 1301 1300 1303 1299 220
1 5 217 1278 1312 1308 1284 1287 1316 1315
1 5 1278 219 1298 1312 1287 1283 1305 1316
1 5 1312 1298 216 1307 1316 1305 1301 1314
1 5 1308 1312 1307 10 1315 1316 1314 1311
1 5 1284 1287 1316 1315 221 1281 1313 1310
1 5 1287 1283 1305 1316 1281 222 1300 1313
1 5 1316 1305 1301 1314 1313 1300 220 1309
1 5 1315 1316 1314 1311 1310 1313 1309 218
1 5 136 778 1286 1282 822 824 1322 1320
1 5 778 140 1280 1286 824 814 1321 1322
1 5 1286 1280 222 1281 1322 1321 1317 1319
1 5 1282 1286 1281 221 1320 1322 1319 1318
1 5 822 824 1322 1320 30 820 1217 1211
1 5 824 814 1321 1322 820 131 1209 1217
1 5 1322 1321 1317 1319 1217 1209 211 1210
1 5 1320 1322 1319 1318 1211 1217 1210 207
1 5 140 766 1294 1280 814 816 1324 1321
1 5 766 135 1064 1294 816 813 1114 1324
1 5 1294 1064 193 1292 1324 1114 1111 1323
1 5 1280 1294 1292 222 1321 1324 1323 1317
1 5 814 816 1324 1321 131 811 1225 1209
1 5 816 813 1114 1324 811 31 1109 1225
1 5 1324 1114 1111 1323 1225 1109 187 1223
1 5 1321 1324 1323 1317 1209 1225 1223 211
1 5 222 1292 1303 1300 1317 1323 1328 1327
1 5 1292 193 1100 1303 1323 1111 1139 1328
1 5 1303 1100 189 1299 1328 1139 1136 1326
1 5 1300 1303 1299 220 1327 1328 1326 1325
1 5 1317 1323 1328 1327 211 1223 1234 1230
1 5 1323 1111 1139 1328 1223 187 1135 1234
1 5 1328 1139 1136 1326 1234 1135 36 1229
1 5 1327 1328 1326 1325 1230 1234 1229 206
1 5 221 1281 1313 1310 1318 1319 1332 1331
1 5 1281 222 1300 1313 1319 1317 1327 1332
1 5 1313 1300 220 1309 1332 1327 1325 1330
1 5 1310 1313 1309 218 1331 1332 1330 1329
1 5 1318 1319 1332 1331 207 1210 1244 1240
1 5 1319 1317 1327 1332 1210 211 1230 1244
1 5 1332 1327 1325 1330 1244 1230 206 1239
1 5 1331 1332 1330 1329 1240 1244 1239 35
1 5 10 1307 1341 1335 1311 1314 1346 1344
1 5 1307 216 1333 1341 1314 1301 1345 1346
1 5 1341 1333 231 1334 1346 1345 1339 1343
1 5 1335 1341 1334 225 1344 1346 1343 1340
1 5 1311 1314 1346 1344 218 1309 1342 1338
1 5 1314 1301 1345 1346 1309 220 1336 1342
1 5 1346 1345 1339 1343 1342 1336 236 1337
1 5 1344 1346 1343 1340 1338 1342 1337 234
1 5 216 1297 1352 1333 1301 1304 1356 1345
1 5 1297 11 1347 1352 1304 1101 1355 1356
1 5 1352 1347 223 1348 1356 1355 1351 1354
1 5 1333 1352 1348 231 1345 1356 1354 1339
1 5 1301 1304 1356 1345 220 1299 1353 1336
1 5 1304 1101 1355 1356 1299 189 1349 1353
1 5 1356 1355 1351 1354 1353 1349 235 1350
1 5 1345 1356 1354 1339 1336 1353 1350 236
1 5 231 1348 1365 1359 1339 1354 1370 1368
1 5 1348 223 1357 1365 1354 1351 1369 1370
1 5 1365 1357 16 1358 1370 1369 1363 1367
1 5 1359 1365 1358 224 1368 1370 1367 1364
1 5 1339 1354 1370 1368 236 1350 1366 1362
1 5 1354 1351 1369 1370 1350 235 1360 1366
1 5 1370 1369 1363 1367 1366 1360 229 1361
1 5 1368 1370 1367 1364 1362 1366 1361 233
1 5 225 1334 1376 1372 1340 1343 1380 1379
1 5 1334 231 1359 1376 1343 1339 1368 1380
1 5 1376 1359 224 1371 1380 1368 1364 1378
1 5 1372 1376 1371 15 1379 1380 1378 1375
1 5 1340 1343 1380 1379 234 1337 1377 1374
1 5 1343 1339 1368 1380 1337 236 1362 1377
1 5 1380 1368 1364 1378 1377 1362 233 1373
1 5 1379 1380 1378 1375 1374 1377 1373 230
1 5 218 1309 1342 1338 1329 1330 1390 1388
1 5 1309 220 1336 1342 1330 1325 1389 1390
1 5 1342 1336 236 1337 1390 1389 1384 1387
1 5 1338 1342 1337 234 1388 1390 1387 1385
1 5 1329 1330 1390 1388 35 1239 1386 1383
1 5 1330 1325 1389 1390 1239 206 1381 1386
1 5 1390 1389 1384 1387 1386 1381 232 1382
1 5 1388 1390 1387 1385 1383 1386 1382 228
1 5 220 1299 1353 1336 1325 1326 1397 1389
1 5 1299 189 1349 1353 1326 1136 1396 1397
1 5 1353 1349 235 1350 1397 1396 1393 1395
1 5 1336 1353 1350 236 1389 1397 1395 1384
1 5 1325 1326 1397 1389 206 1229 1394 1381
1 5 1326 1136 1396 1397 1229 36 1391 1394
1 5 1397 1396 1393 1395 1394 1391 226 1392
1 5 1389 1397 1395 1384 1381 1394 1392 232
1 5 236 1350 1366 1362 1384 1395 1407 1405
1 5 1350 235 1360 1366 1395 1393 1406 1407
1 5 1366 1360 229 1361 1407 1406 1401 1404
1 5 1362 1366 1361 233 1405 1407 1404 1402
1 5 1384 1395 1407 1405 232 1392 1403 1400
1 5 1395 1393 1406 1407 1392 226 1398 1403
1 5 1407 1406 1401 1404 1403 1398 41 1399
1 5 1405 1407 1404 1402 1400 1403 1399 227
1 5 234 1337 1377 1374 1385 1387 1414 1413
1 5 1337 236 1362 1377 1387 1384 1405 1414
1 5 1377 1362 233 1373 1414 1405 1402 1412
1 5 1374 1377 1373 230 1413 1414 1412 1410
1 5 1385 1387 1414 1413 228 1382 1411 1409
1 5 1387 1384 1405 1414 1382 232 1400 1411
1 5 1414 1405 1402 1412 1411 1400 227 1408
1 5 1413 1414 1412 1410 1409 1411 1408 40
1 5 11 1097 1420 1347 1101 1104 1424 1355
1 5 1097 183 1415 1420 1104 1090 1423 1424
1 5 1420 1415 242 1416 1424 1423 1419 1422
1 5 1347 1420 1416 223 1355 1424 1422 1351
1 5 1101 1104 1424 1355 189 1099 1421 1349
1 5 1104 1090 1423 1424 1099 192 1417 1421
1 5 1424 1423 1419 1422 1421 1417 246 1418
1 5 1355 1424 1422 1351 1349 1421 1418 235
1 5 183 1084 1430 1415 1090 1093 1434 1423
1 5 1084 12 1425 1430 1093 1089 1433 1434
1 5 1430 1425 237 1426 1434 1433 1429 1432
1 5 1415 1430 1426 242 1423 1434 1432 1419
1 5 1090 1093 1434 1423 192 1087 1431 1417
1 5 1093 1089 1433 1434 1087 188 1427 1431
1 5 1434 1433 1429 1432 1431 1427 245 1428
1 5 1423 1434 1432 1419 1417 1431 1428 246
1 5 242 1426 1443 1437 1419 1432 1448 1446
1 5 1426 237 1435 1443 1432 1429 1447 1448
1 5 1443 1435 17 1436 1448 1447 1441 1445
1 5 1437 1443 1436 238 1446 1448 1445 1442
1 5 1419 1432 1448 1446 246 1428 1444 1440
1 5 1432 1429 1447 1448 1428 245 1438 1444
1 5 1448 1447 1441 1445 1444 1438 241 1439
1 5 1446 1448 1445 1442 1440 1444 1439 244
1 5 223 1416 1451 1357 1351 1422 1454 1369
1 5 1416 242 1437 1451 1422 1419 1446 1454
1 5 1451 1437 238 1449 1454 1446 1442 1453
1 5 1357 1451 1449 16 1369 1454 1453 1363
1 5 1351 1422 1454 1369 235 1418 1452 1360
1 5 1422 1419 1446 1454 1418 246 1440 1452
1 5 1454 1446 1442 1453 1452 1440 244 1450
1 5 1369 1454 1453 1363 1360 1452 1450 229
1 5 189 1099 1421 1349 1136 1138 1461 1396
1 5 1099 192 1417 1421 1138 1128 1460 1461
1 5 1421 1417 246 1418 1461 1460 1457 1459
1 5 1349 1421 1418 235 1396 1461 1459 1393
1 5 1136 1138 1461 1396 36 1134 1458 1391
1 5 1138 1128 1460 1461 1134 186 1455 1458
1 5 1461 1460 1457 1459 1458 1455 243 1456
1 5 1396 1461 1459 1393 1391 1458 1456 226
1 5 192 1087 1431 1417 1128 1130 1468 1460
1 5 1087 188 1427 1431 1130 1127 1467 1468
1 5 1431 1427 245 1428 1468 1467 1464 1466
1 5 1417 1431 1428 246 1460 1468 1466 1457
1 5 1128 1130 1468 1460 186 1125 1465 1455
1 5 1130 1127 1467 1468 1125 37 1462 1465
1 5 1468 1467 1464 1466 1465 1462 239 1463
1 5 1460 1468 1466 1457 1455 1465 1463 243
1 5 246 1428 1444 1440 1457 1466 1478 1476
1 5 1428 245 1438 1444 1466 1464 1477 1478
1 5 1444 1438 241 1439 1478 1477 1472 1475
1 5 1440 1444 1439 244 1476 1478 1475 1473
1 5 1457 1466 1478 1476 243 1463 1474 1471
1 5 1466 1464 1477 1478 1463 239 1469 1474
1 5 1478 1477 1472 1475 1474 1469 42 1470
1 5 1476 1478 1475 1473 1471 1474 1470 240
1 5 235 1418 1452 1360 1393 1459 1482 1406
1 5 1418 246 1440 1452 1459 1457 1476 1482
1 5 1452 1440 244 1450 1482 1476 1473 1481
1 5 1360 1452 1450 229 1406 1482 1481 1401
1 5 1393 1459 1482 1406 226 1456 1480 1398
1 5 1459 1457 1476 1482 1456 243 1471 1480
1 5 1482 1476 1473 1481 1480 1471 240 1479
1 5 1406 1482 1481 1401 1398 1480 1479 41
1 5 16 1449 1491 1485 1363 1453 1496 1494
1 5 1449 238 1483 1491 1453 1442 1495 1496
1 5 1491 1483 255 1484 1496 1495 1489 1493
1 5 1485 1491 1484 249 1494 1496 1493 1490
1 5 1363 1453 1496 1494 229 1450 1492 1488
1 5 1453 1442 1495 1496 1450 244 1486 1492
1 5 1496 1495 1489 1493 1492 1486 260 1487
1 5 1494 1496 1493 1490 1488 1492 1487 258
1 5 238 1436 1502 1483 1442 1445 1506 1495
1 5 1436 17 1497 1502 1445 1441 1505 1506
1 5 1502 1497 247 1498 1506 1505 1501 1504
1 5 1483 1502 1498 255 1495 1506 1504 1489
1 5 1442 1445 1506 1495 244 1439 1503 1486
1 5 1445 1441 1505 1506 1439 241 1499 1503
1 5 1506 1505 1501 1504 1503 1499 259 1500
1 5 1495 1506 1504 1489 1486 1503 1500 260
1 5 255 1498 1515 1509 1489 1504 1520 1518
1 5 1498 247 1507 1515 1504 1501 1519 1520
1 5 1515 1507 22 1508 1520 1519 1513 1517
1 5 1509 1515 1508 248 1518 1520 1517 1514
1 5 1489 1504 1520 1518 260 1500 1516 1512
1 5 1504 1501 1519 1520 1500 259 1510 1516
1 5 1520 1519 1513 1517 1516 1510 253 1511
1 5 1518 1520 1517 1514 1512 1516 1511 257
1 5 249 1484 1526 1522 1490 1493 1530 1529
1 5 1484 255 1509 1526 1493 1489 1518 1530
1 5 1526 1509 248 1521 1530 1518 1514 1528
1 5 1522 1526 1521 21 1529 1530 1528 1525
1 5 1490 1493 1530 1529 258 1487 1527 1524
1 5 1493 1489 1518 1530 1487 260 1512 1527
1 5 1530 1518 1514 1528 1527 1512 257 1523
1 5 1529 1530 1528 1525 1524 1527 1523 254
1 5 229 1450 1492 1488 1401 1481 1540 1538
1 5 1450 244 1486 1492 1481 1473 1539 1540
1 5 1492 1486 260 1487 1540 1539 1534 1537
1 5 1488 1492 1487 258 1538 1540 1537 1535
1 5 1401 1481 1540 1538 41 1479 1536 1533
1 5 1481 1473 1539 1540 1479 240 1531 1536
1 5 1540 1539 1534 1537 1536 1531 256 1532
1 5 1538 1540 1537 1535 1533 1536 1532 252
1 5 244 1439 1503 1486 1473 1475 1547 1539
1 5 1439 241 1499 1503 1475 1472 1546 1547
1 5 1503 1499 259 1500 1547 1546 1543 1545
1 5 1486 1503 1500 260 1539 1547 1545 1534
1 5 1473 1475 1547 1539 240 1470 1544 1531
1 5 1475 1472 1546 1547 1470 42 1541 1544
1 5 1547 1546 1543 1545 1544 1541 250 1542
1 5 1539 1547 1545 1534 1531 1544 1542 256
1 5 260 1500 1516 1512 1534 1545 1557 1555
1 5 1500 259 1510 1516 1545 1543 1556 1557
1 5 1516 1510 253 1511 1557 1556 1551 1554
1 5 1512 1516 1511 257 1555 1557 1554 1552
1 5 1534 1545 1557 1555 256 1542 1553 1550
1 5 1545 1543 1556 1557 1542 250 1548 1553
1 5 1557 1556 1551 1554 1553 1548 47 1549
1 5 1555 1557 1554 1552 1550 1553 1549 251
1 5 258 1487 1527 1524 1535 1537 1564 1563
1 5 1487 260 1512 1527 1537 1534 1555 1564
1 5 1527 1512 257 1523 1564 1555 1552 1562
1 5 1524 1527 1523 254 1563 1564 1562 1560
1 5 1535 1537 1564 1563 252 1532 1561 1559
1 5 1537 1534 1555 1564 1532 256 1550 1561
1 5 1564 1555 1552 1562 1561 1550 251 1558
1 5 1563 1564 1562 1560 1559 1561 1558 46
1 5 15 1371 1573 1567 1375 1378 1578 1576
1 5 1371 224 1565 1573 1378 1364 1577 1578
1 5 1573 1565 266 1566 1578 1577 1571 1575
1 5 1567 1573 1566 262 1576 1578 1575 1572
1 5 1375 1378 1578 1576 230 1373 1574 1570
1 5 1378 1364 1577 1578 1373 233 1568 1574
1 5 1578 1577 1571 1575 1574 1568 270 1569
1 5 1576 1578 1575 1572 1570 1574 1569 269
1 5 224 1358 1581 1565 1364 1367 1584 1577
1 5 1358 16 1485 1581 1367 1363 1494 1584
1 5 1581 1485 249 1579 1584 1494 1490 1583
1 5 1565 1581 1579 266 1577 1584 1583 1571
1 5 1364 1367 1584 1577 233 1361 1582 1568
1 5 1367 1363 1494 1584 1361 229 1488 1582
1 5 1584 1494 1490 1583 1582 1488 258 1580
1 5 1577 1584 1583 1571 1568 1582 1580 270
1 5 266 1579 1590 1586 1571 1583 1594 1593
1 5 1579 249 1522 1590 1583 1490 1529 1594
1 5 1590 1522 21 1585 1594 1529 1525 1592
1 5 1586 1590 1585 261 1593 1594 1592 1589
1 5 1571 1583 1594 1593 270 1580 1591 1588
1 5 1583 1490 1529 1594 1580 258 1524 1591
1 5 1594 1529 1525 1592 1591 1524 254 1587
1 5 1593 1594 1592 1589 1588 1591 1587 268
1 5 262 1566 1600 1596 1572 1575 1604 1603
1 5 1566 266 1586 1600 1575 1571 1593 1604
1 5 1600 1586 261 1595 1604 1593 1589 1602
1 5 1596 1600 1595 20 1603 1604 1602 1599
1 5 1572 1575 1604 1603 269 1569 1601 1598
1 5 1575 1571 1593 1604 1569 270 1588 1601
1 5 1604 1593 1589 1602 1601 1588 268 1597
1 5 1603 1604 1602 1599 1598 1601 1597 265
1 5 230 1373 1574 1570 1410 1412 1614 1612
1 5 1373 233 1568 1574 1412 1402 1613 1614
1 5 1574 1568 270 1569 1614 1613 1608 1611
1 5 1570 1574 1569 269 1612 1614 1611 1609
1 5 1410 1412 1614 1612 40 1408 1610 1607
1 5 1412 1402 1613 1614 1408 227 1605 1610
1 5 1614 1613 1608 1611 1610 1605 267 1606
1 5 1612 1614 1611 1609 1607 1610 1606 264
1 5 233 1361 1582 1568 1402 1404 1618 1613
1 5 1361 229 1488 1582 1404 1401 1538 1618
1 5 1582 1488 258 1580 1618 1538 1535 1617
1 5 1568 1582 1580 270 1613 1618 1617 1608
1 5 1402 1404 1618 1613 227 1399 1616 1605
1 5 1404 1401 1538 1618 1399 41 1533 1616
1 5 1618 1538 1535 1617 1616 1533 252 1615
1 5 1613 1618 1617 1608 1605 1616 1615 267
1 5 270 1580 1591 1588 1608 1617 1625 1624
1 5 1580 258 1524 1591 1617 1535 1563 1625
1 5 1591 1524 254 1587 1625 1563 1560 1623
1 5 1588 1591 1587 268 1624 1625 1623 1621
1 5 1608 1617 1625 1624 267 1615 1622 1620
1 5 1617 1535 1563 1625 1615 252 1559 1622
1 5 1625 1563 1560 1623 1622 1559 46 1619
1 5 1624 1625 1623 1621 1620 1622 1619 263
1 5 269 1569 1601 1598 1609 1611 1632 1631
1 5 1569 270 1588 1601 1611 1608 1624 1632
1 5 1601 1588 268 1597 1632 1624 1621 1630
1 5 1598 1601 1597 265 1631 1632 1630 1628
1 5 1609 1611 1632 1631 264 1606 1629 1627
1 5 1611 1608 1624 1632 1606 267 1620 1629
1 5 1632 1624 1621 1630 1629 1620 263 1626
1 5 1631 1632 1630 1628 1627 1629 1626 45
1 5 40 1408 1610 1607 1637 1642 1646 1644
1 5 1408 227 1605 1610 1642 1638 1645 1646
1 5 1610 1605 267 1606 1646 1645 1639 1643
1 5 1607 1610 1606 264 1644 1646 1643 1640
1 5 1637 1642 1646 1644 275 1633 1641 1636
1 5 1642 1638 1645 1646 1633 280 1634 1641
1 5 1646 1645 1639 1643 1641 1634 284 1635
1 5 1644 1646 1643 1640 1636 1641 1635 282
1 5 227 1399 1616 1605 1638 1653 1656 1645
1 5 1399 41 1533 1616 1653 1650 1655 1656
1 5 1616 1533 252 1615 1656 1655 1651 1654
1 5 1605 1616 1615 267 1645 1656 1654 1639
1 5 1638 1653 1656 1645 280 1647 1652 1634
1 5 1653 1650 1655 1656 1647 276 1648 1652
1 5 1656 1655 1651 1654 1652 1648 283 1649
1 5 1645 1656 1654 1639 1634 1652 1649 284
1 5 267 1615 1622 1620 1639 1654 1666 1664
1 5 1615 252 1559 1622 1654 1651 1665 1666
1 5 1622 1559 46 1619 1666 1665 1660 1663
1 5 1620 1622 1619 263 1664 1666 1663 1661
1 5 1639 1654 1666 1664 284 1649 1662 1659
1 5 1654 1651 1665 1666 1649 283 1657 1662
1 5 1666 1665 1660 1663 1662 1657 277 1658
1 5 1664 1666 1663 1661 1659 1662 1658 281
1 5 264 1606 1629 1627 1640 1643 1673 1672
1 5 1606 267 1620 1629 1643 1639 1664 1673
1 5 1629 1620 263 1626 1673 1664 1661 1671
1 5 1627 1629 1626 45 1672 1673 1671 1669
1 5 1640 1643 1673 1672 282 1635 1670 1668
1 5 1643 1639 1664 1673 1635 284 1659 1670
1 5 1673 1664 1661 1671 1670 1659 281 1667
1 5 1672 1673 1671 1669 1668 1670 1667 278
1 5 275 1633 1641 1636 1678 1683 1687 1685
1 5 1633 280 1634 1641 1683 1679 1686 1687
1 5 1641 1634 284 1635 1687 1686 1680 1684
1 5 1636 1641 1635 282 1685 1687 1684 1681
1 5 1678 1683 1687 1685 65 1674 1682 1677
1 5 1683 1679 1686 1687 1674 271 1675 1682
1 5 1687 1686 1680 1684 1682 1675 279 1676
1 5 1685 1687 1684 1681 1677 1682 1676 274
1 5 280 1647 1652 1634 1679 1694 1697 1686
1 5 1647 276 1648 1652 1694 1691 1696 1697
1 5 1652 1648 283 1649 1697 1696 1692 1695
1 5 1634 1652 1649 284 1686 1697 1695 1680
1 5 1679 1694 1697 1686 271 1688 1693 1675
1 5 1694 1691 1696 1697 1688 66 1689 1693
1 5 1697 1696 1692 1695 1693 1689 272 1690
1 5 1686 1697 1695 1680 1675 1693 1690 279
1 5 284 1649 1662 1659 1680 1695 1707 1705
1 5 1649 283 1657 1662 1695 1692 1706 1707
1 5 1662 1657 277 1658 1707 1706 1701 1704
1 5 1659 1662 1658 281 1705 1707 1704 1702
1 5 1680 1695 1707 1705 279 1690 1703 1700
1 5 1695 1692 1706 1707 1690 272 1698 1703
1 5 1707 1706 1701 1704 1703 1698 71 1699
1 5 1705 1707 1704 1702 1700 1703 1699 273
1 5 282 1635 1670 1668 1681 1684 1714 1713
1 5 1635 284 1659 1670 1684 1680 1705 1714
1 5 1670 1659 281 1667 1714 1705 1702 1712
1 5 1668 1670 1667 278 1713 1714 1712 1710
1 5 1681 1684 1714 1713 274 1676 1711 1709
1 5 1684 1680 1705 1714 1676 279 1700 1711
1 5 1714 1705 1702 1712 1711 1700 273 1708
1 5 1713 1714 1712 1710 1709 1711 1708 70
1 5 41 1479 1536 1533 1650 1721 1724 1655
1 5 1479 240 1531 1536 1721 1718 1723 1724
1 5 1536 1531 256 1532 1724 1723 1719 1722
1 5 1533 1536 1532 252 1655 1724 1722 1651
1 5 1650 1721 1724 1655 276 1715 1720 1648
1 5 1721 1718 1723 1724 1715 291 1716 1720
1 5 1724 1723 1719 1722 1720 1716 294 1717
1 5 1655 1724 1722 1651 1648 1720 1717 283
1 5 240 1470 1544 1531 1718 1731 1734 1723
1 5 1470 42 1541 1544 1731 1728 1733 1734
1 5 1544 1541 250 1542 1734 1733 1729 1732
1 5 1531 1544 1542 256 1723 1734 1732 1719
1 5 1718 1731 1734 1723 291 1725 1730 1716
1 5 1731 1728 1733 1734 1725 288 1726 1730
1 5 1734 1733 1729 1732 1730 1726 293 1727
1 5 1723 1734 1732 1719 1716 1730 1727 294
1 5 256 1542 1553 1550 1719 1732 1744 1742
1 5 1542 250 1548 1553 1732 1729 1743 1744
1 5 1553 1548 47 1549 1744 1743 1738 1741
1 5 1550 1553 1549 251 1742 1744 1741 1739
1 5 1719 1732 1744 1742 294 1727 1740 1737
1 5 1732 1729 1743 1744 1727 293 1735 1740
1 5 1744 1743 1738 1741 1740 1735 289 1736
1 5 1742 1744 1741 1739 1737 1740 1736 292
1 5 252 1532 1561 1559 1651 1722 1748 1665
1 5 1532 256 1550 1561 1722 1719 1742 1748
1 5 1561 1550 251 1558 1748 1742 1739 1747
1 5 1559 1561 1558 46 1665 1748 1747 1660
1 5 1651 1722 1748 1665 283 1717 1746 1657
1 5 1722 1719 1742 1748 1717 294 1737 1746
1 5 1748 1742 1739 1747 1746 1737 292 1745
1 5 1665 1748 1747 1660 1657 1746 1745 277
1 5 276 1715 1720 1648 1691 1755 1758 1696
1 5 1715 291 1716 1720 1755 1752 1757 1758
1 5 1720 1716 294 1717 1758 1757 1753 1756
1 5 1648 1720 1717 283 1696 1758 1756 1692
1 5 1691 1755 1758 1696 66 1749 1754 1689
1 5 1755 1752 1757 1758 1749 285 1750 1754
1 5 1758 1757 1753 1756 1754 1750 290 1751
1 5 1696 1758 1756 1692 1689 1754 1751 272
1 5 291 1725 1730 1716 1752 1765 1768 1757
1 5 1725 288 1726 1730 1765 1762 1767 1768
1 5 1730 1726 293 1727 1768 1767 1763 1766
1 5 1716 1730 1727 294 1757 1768 1766 1753
1 5 1752 1765 1768 1757 285 1759 1764 1750
1 5 1765 1762 1767 1768 1759 67 1760 1764
1 5 1768 1767 1763 1766 1764 1760 286 1761
1 5 1757 1768 1766 1753 1750 1764 1761 290
1 5 294 1727 1740 1737 1753 1766 1778 1776
1 5 1727 293 1735 1740 1766 1763 1777 1778
1 5 1740 1735 289 1736 1778 1777 1772 1775
1 5 1737 1740 1736 292 1776 1778 1775 1773
1 5 1753 1766 1778 1776 290 1761 1774 1771
1 5 1766 1763 1777 1778 1761 286 1769 1774
1 5 1778 1777 1772 1775 1774 1769 72 1770
1 5 1776 1778 1775 1773 1771 1774 1770 287
1 5 283 1717 1746 1657 1692 1756 1782 1706
1 5 1717 294 1737 1746 1756 1753 1776 1782
1 5 1746 1737 292 1745 1782 1776 1773 1781
1 5 1657 1746 1745 277 1706 1782 1781 1701
1 5 1692 1756 1782 1706 272 1751 1780 1698
1 5 1756 1753 1776 1782 1751 290 1771 1780
1 5 1782 1776 1773 1781 1780 1771 287 1779
1 5 1706 1782 1781 1701 1698 1780 1779 71
1 5 36 1134 1458 1391 1170 1172 1792 1790
1 5 1134 186 1455 1458 1172 1162 1791 1792
1 5 1458 1455 243 1456 1792 1791 1786 1789
1 5 1391 1458 1456 226 1790 1792 1789 1787
1 5 1170 1172 1792 1790 200 1168 1788 1785
1 5 1172 1162 1791 1792 1168 202 1783 1788
1 5 1792 1791 1786 1789 1788 1783 300 1784
1 5 1790 1792 1789 1787 1785 1788 1784 298
1 5 186 1125 1465 1455 1162 1164 1799 1791
1 5 1125 37 1462 1465 1164 1161 1798 1799
1 5 1465 1462 239 1463 1799 1798 1795 1797
1 5 1455 1465 1463 243 1791 1799 1797 1786
1 5 1162 1164 1799 1791 202 1159 1796 1783
1 5 1164 1161 1798 1799 1159 199 1793 1796
1 5 1799 1798 1795 1797 1796 1793 299 1794
1 5 1791 1799 1797 1786 1783 1796 1794 300
1 5 243 1463 1474 1471 1786 1797 1805 1803
1 5 1463 239 1469 1474 1797 1795 1804 1805
1 5 1474 1469 42 1470 1805 1804 1728 1731
1 5 1471 1474 1470 240 1803 1805 1731 1718
1 5 1786 1797 1805 1803 300 1794 1802 1801
1 5 1797 1795 1804 1805 1794 299 1800 1802
1 5 1805 1804 1728 1731 1802 1800 288 1725
1 5 1803 1805 1731 1718 1801 1802 1725 291
1 5 226 1456 1480 1398 1787 1789 1809 1808
1 5 1456 243 1471 1480 1789 1786 1803 1809
1 5 1480 1471 240 1479 1809 1803 1718 1721
1 5 1398 1480 1479 41 1808 1809 1721 1650
1 5 1787 1789 1809 1808 298 1784 1807 1806
1 5 1789 1786 1803 1809 1784 300 1801 1807
1 5 1809 1803 1718 1721 1807 1801 291 1715
1 5 1808 1809 1721 1650 1806 1807 1715 276
1 5 200 1168 1788 1785 1204 1206 1819 1817
1 5 1168 202 1783 1788 1206 1196 1818 1819
1 5 1788 1783 300 1784 1819 1818 1813 1816
1 5 1785 1788 1784 298 1817 1819 1816 1814
1 5 1204 1206 1819 1817 61 1202 1815 1812
1 5 1206 1196 1818 1819 1202 197 1810 1815
1 5 1819 1818 1813 1816 1815 1810 297 1811
1 5 1817 1819 1816 1814 1812 1815 1811 296
1 5 202 1159 1796 1783 1196 1198 1826 1818
1 5 1159 199 1793 1796 1198 1195 1825 1826
1 5 1796 1793 299 1794 1826 1825 1822 1824
1 5 1783 1796 1794 300 1818 1826 1824 1813
1 5 1196 1198 1826 1818 197 1193 1823 1810
1 5 1198 1195 1825 1826 1193 62 1820 1823
1 5 1826 1825 1822 1824 1823 1820 295 1821
1 5 1818 1826 1824 1813 1810 1823 1821 297
1 5 300 1794 1802 1801 1813 1824 1832 1830
1 5 1794 299 1800 1802 1824 1822 1831 1832
1 5 1802 1800 288 1725 1832 1831 1762 1765
1 5 1801 1802 1725 291 1830 1832 1765 1752
1 5 1813 1824 1832 1830 297 1821 1829 1828
1 5 1824 1822 1831 1832 1821 295 1827 1829
1 5 1832 1831 1762 1765 1829 1827 67 1759
1 5 1830 1832 1765 1752 1828 1829 1759 285
1 5 298 1784 1807 1806 1814 1816 1836 1835
1 5 1784 300 1801 1807 1816 1813 1830 1836
1 5 1807 1801 291 1715 1836 1830 1752 1755
1 5 1806 1807 1715 276 1835 1836 1755 1691
1 5 1814 1816 1836 1835 296 1811 1834 1833
1 5 1816 1813 1830 1836 1811 297 1828 1834
1 5 1836 1830 1752 1755 1834 1828 285 1749
1 5 1835 1836 1755 1691 1833 1834 1749 66
1 5 35 1239 1386 1383 1243 1246 1846 1844
1 5 1239 206 1381 1386 1246 1233 1845 1846
1 5 1386 1381 232 1382 1846 1845 1840 1843
1 5 1383 1386 1382 228 1844 1846 1843 1841
1 5 1243 1246 1846 1844 210 1241 1842 1839
1 5 1246 1233 1845 1846 1241 213 1837 1842
1 5 1846 1845 1840 1843 1842 1837 304 1838
1 5 1844 1846 1843 1841 1839 1842 1838 303
1 5 206 1229 1394 1381 1233 1236 1850 1845
1 5 1229 36 1391 1394 1236 1170 1790 1850
1 5 1394 1391 226 1392 1850 1790 1787 1849
1 5 1381 1394 1392 232 1845 1850 1849 1840
1 5 1233 1236 1850 1845 213 1231 1848 1837
1 5 1236 1170 1790 1850 1231 200 1785 1848
1 5 1850 1790 1787 1849 1848 1785 298 1847
1 5 1845 1850 1849 1840 1837 1848 1847 304
1 5 232 1392 1403 1400 1840 1849 1854 1853
1 5 1392 226 1398 1403 1849 1787 1808 1854
1 5 1403 1398 41 1399 1854 1808 1650 1653
1 5 1400 1403 1399 227 1853 1854 1653 1638
1 5 1840 1849 1854 1853 304 1847 1852 1851
1 5 1849 1787 1808 1854 1847 298 1806 1852
1 5 1854 1808 1650 1653 1852 1806 276 1647
1 5 1853 1854 1653 1638 1851 1852 1647 280
1 5 228 1382 1411 1409 1841 1843 1858 1857
1 5 1382 232 1400 1411 1843 1840 1853 1858
1 5 1411 1400 227 1408 1858 1853 1638 1642
1 5 1409 1411 1408 40 1857 1858 1642 1637
1 5 1841 1843 1858 1857 303 1838 1856 1855
1 5 1843 1840 1853 1858 1838 304 1851 1856
1 5 1858 1853 1638 1642 1856 1851 280 1633
1 5 1857 1858 1642 1637 1855 1856 1633 275
1 5 210 1241 1842 1839 1272 1274 1868 1866
1 5 1241 213 1837 1842 1274 1265 1867 1868
1 5 1842 1837 304 1838 1868 1867 1862 1865
1 5 1839 1842 1838 303 1866 1868 1865 1863
1 5 1272 1274 1868 1866 60 1270 1864 1861
1 5 1274 1265 1867 1868 1270 208 1859 1864
1 5 1868 1867 1862 1865 1864 1859 302 1860
1 5 1866 1868 1865 1863 1861 1864 1860 301
1 5 213 1231 1848 1837 1265 1267 1872 1867
1 5 1231 200 1785 1848 1267 1204 1817 1872
1 5 1848 1785 298 1847 1872 1817 1814 1871
1 5 1837 1848 1847 304 1867 1872 1871 1862
1 5 1265 1267 1872 1867 208 1263 1870 1859
1 5 1267 1204 1817 1872 1263 61 1812 1870
1 5 1872 1817 1814 1871 1870 1812 296 1869
1 5 1867 1872 1871 1862 1859 1870 1869 302
1 5 304 1847 1852 1851 1862 1871 1876 1875
1 5 1847 298 1806 1852 1871 1814 1835 1876
1 5 1852 1806 276 1647 1876 1835 1691 1694
1 5 1851 1852 1647 280 1875 1876 1694 1679
1 5 1862 1871 1876 1875 302 1869 1874 1873
1 5 1871 1814 1835 1876 1869 296 1833 1874
1 5 1876 1835 1691 1694 1874 1833 66 1688
1 5 1875 1876 1694 1679 1873 1874 1688 271
1 5 303 1838 1856 1855 1863 1865 1880 1879
1 5 1838 304 1851 1856 1865 1862 1875 1880
1 5 1856 1851 280 1633 1880 1875 1679 1683
1 5 1855 1856 1633 275 1879 1880 1683 1678
1 5 1863 1865 1880 1879 301 1860 1878 1877
1 5 1865 1862 1875 1880 1860 302 1873 1878
1 5 1880 1875 1679 1683 1878 1873 271 1674
1 5 1879 1880 1683 1678 1877 1878 1674 65
1 5 60 1270 1864 1861 1885 1890 1894 1892
1 5 1270 208 1859 1864 1890 1886 1893 1894
1 5 1864 1859 302 1860 1894 1893 1887 1891
1 5 1861 1864 1860 301 1892 1894 1891 1888
1 5 1885 1890 1894 1892 309 1881 1889 1884
1 5 1890 1886 1893 1894 1881 314 1882 1889
1 5 1894 1893 1887 1891 1889 1882 318 1883
1 5 1892 1894 1891 1888 1884 1889 1883 316
1 5 208 1263 1870 1859 1886 1901 1904 1893
1 5 1263 61 1812 1870 1901 1898 1903 1904
1 5 1870 1812 296 1869 1904 1903 1899 1902
1 5 1859 1870 1869 302 1893 1904 1902 1887
1 5 1886 1901 1904 1893 314 1895 1900 1882
1 5 1901 1898 1903 1904 1895 310 1896 1900
1 5 1904 1903 1899 1902 1900 1896 317 1897
1 5 1893 1904 1902 1887 1882 1900 1897 318
1 5 302 1869 1874 1873 1887 1902 1914 1912
1 5 1869 296 1833 1874 1902 1899 1913 1914
1 5 1874 1833 66 1688 1914 1913 1908 1911
1 5 1873 1874 1688 271 1912 1914 1911 1909
1 5 1887 1902 1914 1912 318 1897 1910 1907
1 5 1902 1899 1913 1914 1897 317 1905 1910
1 5 1914 1913 1908 1911 1910 1905 311 1906
1 5 1912 1914 1911 1909 1907 1910 1906 315
1 5 301 1860 1878 1877 1888 1891 1921 1920
1 5 1860 302 1873 1878 1891 1887 1912 1921
1 5 1878 1873 271 1674 1921 1912 1909 1919
1 5 1877 1878 1674 65 1920 1921 1919 1917
1 5 1888 1891 1921 1920 316 1883 1918 1916
1 5 1891 1887 1912 1921 1883 318 1907 1918
1 5 1921 1912 1909 1919 1918 1907 315 1915
1 5 1920 1921 1919 1917 1916 1918 1915 312
1 5 309 1881 1889 1884 1926 1931 1935 1933
1 5 1881 314 1882 1889 1931 1927 1934 1935
1 5 1889 1882 318 1883 1935 1934 1928 1932
1 5 1884 1889 1883 316 1933 1935 1932 1929
1 5 1926 1931 1935 1933 85 1922 1930 1925
1 5 1931 1927 1934 1935 1922 305 1923 1930
1 5 1935 1934 1928 1932 1930 1923 313 1924
1 5 1933 1935 1932 1929 1925 1930 1924 308
1 5 314 1895 1900 1882 1927 1942 1945 1934
1 5 1895 310 1896 1900 1942 1939 1944 1945
1 5 1900 1896 317 1897 1945 1944 1940 1943
1 5 1882 1900 1897 318 1934 1945 1943 1928
1 5 1927 1942 1945 1934 305 1936 1941 1923
1 5 1942 1939 1944 1945 1936 86 1937 1941
1 5 1945 1944 1940 1943 1941 1937 306 1938
1 5 1934 1945 1943 1928 1923 1941 1938 313
1 5 318 1897 1910 1907 1928 1943 1955 1953
1 5 1897 317 1905 1910 1943 1940 1954 1955
1 5 1910 1905 311 1906 1955 1954 1949 1952
1 5 1907 1910 1906 315 1953 1955 1952 1950
1 5 1928 1943 1955 1953 313 1938 1951 1948
1 5 1943 1940 1954 1955 1938 306 1946 1951
1 5 1955 1954 1949 1952 1951 1946 91 1947
1 5 1953 1955 1952 1950 1948 1951 1947 307
1 5 316 1883 1918 1916 1929 1932 1962 1961
1 5 1883 318 1907 1918 1932 1928 1953 1962
1 5 1918 1907 315 1915 1962 1953 1950 1960
1 5 1916 1918 1915 312 1961 1962 1960 1958
1 5 1929 1932 1962 1961 308 1924 1959 1957
1 5 1932 1928 1953 1962 1924 313 1948 1959
1 5 1962 1953 1950 1960 1959 1948 307 1956
1 5 1961 1962 1960 1958 1957 1959 1956 90
1 5 61 1202 1815 1812 1898 1969 1972 1903
1 5 1202 197 1810 1815 1969 1966 1971 1972
1 5 1815 1810 297 1811 1972 1971 1967 1970
1 5 1812 1815 1811 296 1903 1972 1970 1899
1 5 1898 1969 1972 1903 310 1963 1968 1896
1 5 1969 1966 1971 1972 1963 325 1964 1968
1 5 1972 1971 1967 1970 1968 1964 328 1965
1 5 1903 1972 1970 1899 1896 1968 1965 317
1 5 197 1193 1823 1810 1966 1979 1982 1971
1 5 1193 62 1820 1823 1979 1976 1981 1982
1 5 1823 1820 295 1821 1982 1981 1977 1980
1 5 1810 1823 1821 297 1971 1982 1980 1967
1 5 1966 1979 1982 1971 325 1973 1978 1964
1 5 1979 1976 1981 1982 1973 322 1974 1978
1 5 1982 1981 1977 1980 1978 1974 327 1975
1 5 1971 1982 1980 1967 1964 1978 1975 328
1 5 297 1821 1829 1828 1967 1980 1992 1990
1 5 1821 295 1827 1829 1980 1977 1991 1992
1 5 1829 1827 67 1759 1992 1991 1986 1989
1 5 1828 1829 1759 285 1990 1992 1989 1987
1 5 1967 1980 1992 1990 328 1975 1988 1985
1 5 1980 1977 1991 1992 1975 327 1983 1988
1 5 1992 1991 1986 1989 1988 1983 323 1984
1 5 1990 1992 1989 1987 1985 1988 1984 326
1 5 296 1811 1834 1833 1899 1970 1996 1913
1 5 1811 297 1828 1834 1970 1967 1990 1996
1 5 1834 1828 285 1749 1996 1990 1987 1995
1 5 1833 1834 1749 66 1913 1996 1995 1908
1 5 1899 1970 1996 1913 317 1965 1994 1905
1 5 1970 1967 1990 1996 1965 328 1985 1994
1 5 1996 1990 1987 1995 1994 1985 326 1993
1 5 1913 1996 1995 1908 1905 1994 1993 311
1 5 310 1963 1968 1896 1939 2003 2006 1944
1 5 1963 325 1964 1968 2003 2000 2005 2006
1 5 1968 1964 328 1965 2006 2005 2001 2004
1 5 1896 1968 1965 317 1944 2006 2004 1940
1 5 1939 2003 2006 1944 86 1997 2002 1937
1 5 2003 2000 2005 2006 1997 319 1998 2002
1 5 2006 2005 2001 2004 2002 1998 324 1999
1 5 1944 2006 2004 1940 1937 2002 1999 306
1 5 325 1973 1978 1964 2000 2013 2016 2005
1 5 1973 322 1974 1978 2013 2010 2015 2016
1 5 1978 1974 327 1975 2016 2015 2011 2014
1 5 1964 1978 1975 328 2005 2016 2014 2001
1 5 2000 2013 2016 2005 319 2007 2012 1998
1 5 2013 2010 2015 2016 2007 87 2008 2012
1 5 2016 2015 2011 2014 2012 2008 320 2009
1 5 2005 2016 2014 2001 1998 2012 2009 324
1 5 328 1975 1988 1985 2001 2014 2026 2024
1 5 1975 327 1983 1988 2014 2011 2025 2026
1 5 1988 1983 323 1984 2026 2025 2020 2023
1 5 1985 1988 1984 326 2024 2026 2023 2021
1 5 2001 2014 2026 2024 324 2009 2022 2019
1 5 2014 2011 2025 2026 2009 320 2017 2022
1 5 2026 2025 2020 2023 2022 2017 92 2018
1 5 2024 2026 2023 2021 2019 2022 2018 321
1 5 317 1965 1994 1905 1940 2004 2030 1954
1 5 1965 328 1985 1994 2004 2001 2024 2030
1 5 1994 1985 326 1993 2030 2024 2021 2029
1 5 1905 1994 1993 311 1954 2030 2029 1949
1 5 1940 2004 2030 1954 306 1999 2028 1946
1 5 2004 2001 2024 2030 1999 324 2019 2028
1 5 2030 2024 2021 2029 2028 2019 321 2027
1 5 1954 2030 2029 1949 1946 2028 2027 91
1 5 66 1749 1754 1689 1908 1995 2040 2038
1 5 1749 285 1750 1754 1995 1987 2039 2040
1 5 1754 1750 290 1751 2040 2039 2034 2037
1 5 1689 1754 1751 272 2038 2040 2037 2035
1 5 1908 1995 2040 2038 311 1993 2036 2033
1 5 1995 1987 2039 2040 1993 326 2031 2036
1 5 2040 2039 2034 2037 2036 2031 338 2032
1 5 2038 2040 2037 2035 2033 2036 2032 336
1 5 285 1759 1764 1750 1987 1989 2047 2039
1 5 1759 67 1760 1764 1989 1986 2046 2047
1 5 1764 1760 286 1761 2047 2046 2043 2045
1 5 1750 1764 1761 290 2039 2047 2045 2034
1 5 1987 1989 2047 2039 326 1984 2044 2031
1 5 1989 1986 2046 2047 1984 323 2041 2044
1 5 2047 2046 2043 2045 2044 2041 337 2042
1 5 2039 2047 2045 2034 2031 2044 2042 338
1 5 290 1761 1774 1771 2034 2045 2057 2055
1 5 1761 286 1769 1774 2045 2043 2056 2057
1 5 1774 1769 72 1770 2057 2056 2051 2054
1 5 1771 1774 1770 287 2055 2057 2054 2052
1 5 2034 2045 2057 2055 338 2042 2053 2050
1 5 2045 2043 2056 2057 2042 337 2048 2053
1 5 2057 2056 2051 2054 2053 2048 332 2049
1 5 2055 2057 2054 2052 2050 2053 2049 335
1 5 272 1751 1780 1698 2035 2037 2064 2063
1 5 1751 290 1771 1780 2037 2034 2055 2064
1 5 1780 1771 287 1779 2064 2055 2052 2062
1 5 1698 1780 1779 71 2063 2064 2062 2060
1 5 2035 2037 2064 2063 336 2032 2061 2059
1 5 2037 2034 2055 2064 2032 338 2050 2061
1 5 2064 2055 2052 2062 2061 2050 335 2058
1 5 2063 2064 2062 2060 2059 2061 2058 333
1 5 311 1993 2036 2033 1949 2029 2074 2072
1 5 1993 326 2031 2036 2029 2021 2073 2074
1 5 2036 2031 338 2032 2074 2073 2068 2071
1 5 2033 2036 2032 336 2072 2074 2071 2069
1 5 1949 2029 2074 2072 91 2027 2070 2067
1 5 2029 2021 2073 2074 2027 321 2065 2070
1 5 2074 2073 2068 2071 2070 2065 334 2066
1 5 2072 2074 2071 2069 2067 2070 2066 331
1 5 326 1984 2044 2031 2021 2023 2081 2073
1 5 1984 323 2041 2044 2023 2020 2080 2081
1 5 2044 2041 337 2042 2081 2080 2077 2079
1 5 2031 2044 2042 338 2073 2081 2079 2068
1 5 2021 2023 2081 2073 321 2018 2078 2065
1 5 2023 2020 2080 2081 2018 92 2075 2078
1 5 2081 2080 2077 2079 2078 2075 329 2076
1 5 2073 2081 2079 2068 2065 2078 2076 334
1 5 338 2042 2053 2050 2068 2079 2091 2089
1 5 2042 337 2048 2053 2079 2077 2090 2091
1 5 2053 2048 332 2049 2091 2090 2085 2088
1 5 2050 2053 2049 335 2089 2091 2088 2086
1 5 2068 2079 2091 2089 334 2076 2087 2084
1 5 2079 2077 2090 2091 2076 329 2082 2087
1 5 2091 2090 2085 2088 2087 2082 97 2083
1 5 2089 2091 2088 2086 2084 2087 2083 330
1 5 336 2032 2061 2059 2069 2071 2098 2097
1 5 2032 338 2050 2061 2071 2068 2089 2098
1 5 2061 2050 335 2058 2098 2089 2086 2096
1 5 2059 2061 2058 333 2097 2098 2096 2094
1 5 2069 2071 2098 2097 331 2066 2095 2093
1 5 2071 2068 2089 2098 2066 334 2084 2095
1 5 2098 2089 2086 2096 2095 2084 330 2092
1 5 2097 2098 2096 2094 2093 2095 2092 96
1 5 65 1674 1682 1677 1917 1919 2108 2106
1 5 1674 271 1675 1682 1919 1909 2107 2108
1 5 1682 1675 279 1676 2108 2107 2102 2105
1 5 1677 1682 1676 274 2106 2108 2105 2103
1 5 1917 1919 2108 2106 312 1915 2104 2101
1 5 1919 1909 2107 2108 1915 315 2099 2104
1 5 2108 2107 2102 2105 2104 2099 345 2100
1 5 2106 2108 2105 2103 2101 2104 2100 344
1 5 271 1688 1693 1675 1909 1911 2112 2107
1 5 1688 66 1689 1693 1911 1908 2038 2112
1 5 1693 1689 272 1690 2112 2038 2035 2111
1 5 1675 1693 1690 279 2107 2112 2111 2102
1 5 1909 1911 2112 2107 315 1906 2110 2099
1 5 1911 1908 2038 2112 1906 311 2033 2110
1 5 2112 2038 2035 2111 2110 2033 336 2109
1 5 2107 2112 2111 2102 2099 2110 2109 345
1 5 279 1690 1703 1700 2102 2111 2119 2118
1 5 1690 272 1698 1703 2111 2035 2063 2119
1 5 1703 1698 71 1699 2119 2063 2060 2117
1 5 1700 1703 1699 273 2118 2119 2117 2115
1 5 2102 2111 2119 2118 345 2109 2116 2114
1 5 2111 2035 2063 2119 2109 336 2059 2116
1 5 2119 2063 2060 2117 2116 2059 333 2113
1 5 2118 2119 2117 2115 2114 2116 2113 343
1 5 274 1676 1711 1709 2103 2105 2126 2125
1 5 1676 279 1700 1711 2105 2102 2118 2126
1 5 1711 1700 273 1708 2126 2118 2115 2124
1 5 1709 1711 1708 70 2125 2126 2124 2122
1 5 2103 2105 2126 2125 344 2100 2123 2121
1 5 2105 2102 2118 2126 2100 345 2114 2123
1 5 2126 2118 2115 2124 2123 2114 343 2120
1 5 2125 2126 2124 2122 2121 2123 2120 341
1 5 312 1915 2104 2101 1958 1960 2136 2134
1 5 1915 315 2099 2104 1960 1950 2135 2136
1 5 2104 2099 345 2100 2136 2135 2130 2133
1 5 2101 2104 2100 344 2134 2136 2133 2131
1 5 1958 1960 2136 2134 90 1956 2132 2129
1 5 1960 1950 2135 2136 1956 307 2127 2132
1 5 2136 2135 2130 2133 2132 2127 342 2128
1 5 2134 2136 2133 2131 2129 2132 2128 340
1 5 315 1906 2110 2099 1950 1952 2140 2135
1 5 1906 311 2033 2110 1952 1949 2072 2140
1 5 2110 2033 336 2109 2140 2072 2069 2139
1 5 2099 2110 2109 345 2135 2140 2139 2130
1 5 1950 1952 2140 2135 307 1947 2138 2127
1 5 1952 1949 2072 2140 1947 91 2067 2138
1 5 2140 2072 2069 2139 2138 2067 331 2137
1 5 2135 2140 2139 2130 2127 2138 2137 342
1 5 345 2109 2116 2114 2130 2139 2147 2146
1 5 2109 336 2059 2116 2139 2069 2097 2147
1 5 2116 2059 333 2113 2147 2097 2094 2145
1 5 2114 2116 2113 343 2146 2147 2145 2143
1 5 2130 2139 2147 2146 342 2137 2144 2142
1 5 2139 2069 2097 2147 2137 331 2093 2144
1 5 2147 2097 2094 2145 2144 2093 96 2141
1 5 2146 2147 2145 2143 2142 2144 2141 339
1 5 344 2100 2123 2121 2131 2133 2154 2153
1 5 2100 345 2114 2123 2133 2130 2146 2154
1 5 2123 2114 343 2120 2154 2146 2143 2152
1 5 2121 2123 2120 341 2153 2154 2152 2150
1 5 2131 2133 2154 2153 340 2128 2151 2149
1 5 2133 2130 2146 2154 2128 342 2142 2151
1 5 2154 2146 2143 2152 2151 2142 339 2148
1 5 2153 2154 2152 2150 2149 2151 2148 95
1 5 90 1956 2132 2129 2159 2164 2168 2166
1 5 1956 307 2127 2132 2164 2160 2167 2168
1 5 2132 2127 342 2128 2168 2167 2161 2165
1 5 2129 2132 2128 340 2166 2168 2165 2162
1 5 2159 2164 2168 2166 350 2155 2163 2158
1 5 2164 2160 2167 2168 2155 355 2156 2163
1 5 2168 2167 2161 2165 2163 2156 359 2157
1 5 2166 2168 2165 2162 2158 2163 2157 357
1 5 307 1947 2138 2127 2160 2175 2178 2167
1 5 1947 91 2067 2138 2175 2172 2177 2178
1 5 2138 2067 331 2137 2178 2177 2173 2176
1 5 2127 2138 2137 342 2167 2178 2176 2161
1 5 2160 2175 2178 2167 355 2169 2174 2156
1 5 2175 2172 2177 2178 2169 351 2170 2174
1 5 2178 2177 2173 2176 2174 2170 358 2171
1 5 2167 2178 2176 2161 2156 2174 2171 359
1 5 342 2137 2144 2142 2161 2176 2188 2186
1 5 2137 331 2093 2144 2176 2173 2187 2188
1 5 2144 2093 96 2141 2188 2187 2182 2185
1 5 2142 2144 2141 339 2186 2188 2185 2183
1 5 2161 2176 2188 2186 359 2171 2184 2181
1 5 2176 2173 2187 2188 2171 358 2179 2184
1 5 2188 2187 2182 2185 2184 2179 352 2180
1 5 2186 2188 2185 2183 2181 2184 2180 356
1 5 340 2128 2151 2149 2162 2165 2195 2194
1 5 2128 342 2142 2151 2165 2161 2186 2195
1 5 2151 2142 339 2148 2195 2186 2183 2193
1 5 2149 2151 2148 95 2194 2195 2193 2191
1 5 2162 2165 2195 2194 357 2157 2192 2190
1 5 2165 2161 2186 2195 2157 359 2181 2192
1 5 2195 2186 2183 2193 2192 2181 356 2189
1 5 2194 2195 2193 2191 2190 2192 2189 353
1 5 350 2155 2163 2158 2200 2205 2209 2207
1 5 2155 355 2156 2163 2205 2201 2208 2209
1 5 2163 2156 359 2157 2209 2208 2202 2206
1 5 2158 2163 2157 357 2207 2209 2206 2203
1 5 2200 2205 2209 2207 115 2196 2204 2199
1 5 2205 2201 2208 2209 2196 346 2197 2204
1 5 2209 2208 2202 2206 2204 2197 354 2198
1 5 2207 2209 2206 2203 2199 2204 2198 349
1 5 355 2169 2174 2156 2201 2216 2219 2208
1 5 2169 351 2170 2174 2216 2213 2218 2219
1 5 2174 2170 358 2171 2219 2218 2214 2217
1 5 2156 2174 2171 359 2208 2219 2217 2202
1 5 2201 2216 2219 2208 346 2210 2215 2197
1 5 2216 2213 2218 2219 2210 116 2211 2215
1 5 2219 2218 2214 2217 2215 2211 347 2212
1 5 2208 2219 2217 2202 2197 2215 2212 354
1 5 359 2171 2184 2181 2202 2217 2229 2227
1 5 2171 358 2179 2184 2217 2214 2228 2229
1 5 2184 2179 352 2180 2229 2228 2223 2226
1 5 2181 2184 2180 356 2227 2229 2226 2224
1 5 2202 2217 2229 2227 354 2212 2225 2222
1 5 2217 2214 2228 2229 2212 347 2220 2225
1 5 2229 2228 2223 2226 2225 2220 121 2221
1 5 2227 2229 2226 2224 2222 2225 2221 348
1 5 357 2157 2192 2190 2203 2206 2236 2235
1 5 2157 359 2181 2192 2206 2202 2227 2236
1 5 2192 2181 356 2189 2236 2227 2224 2234
1 5 2190 2192 2189 353 2235 2236 2234 2232
1 5 2203 2206 2236 2235 349 2198 2233 2231
1 5 2206 2202 2227 2236 2198 354 2222 2233
1 5 2236 2227 2224 2234 2233 2222 348 2230
1 5 2235 2236 2234 2232 2231 2233 2230 120
1 5 91 2027 2070 2067 2172 2243 2246 2177
1 5 2027 321 2065 2070 2243 2240 2245 2246
1 5 2070 2065 334 2066 2246 2245 2241 2244
1 5 2067 2070 2066 331 2177 2246 2244 2173
1 5 2172 2243 2246 2177 351 2237 2242 2170
1 5 2243 2240 2245 2246 2237 366 2238 2242
1 5 2246 2245 2241 2244 2242 2238 369 2239
1 5 2177 2246 2244 2173 2170 2242 2239 358
1 5 321 2018 2078 2065 2240 2253 2256 2245
1 5 2018 92 2075 2078 2253 2250 2255 2256
1 5 2078 2075 329 2076 2256 2255 2251 2254
1 5 2065 2078 2076 334 2245 2256 2254 2241
1 5 2240 2253 2256 2245 366 2247 2252 2238
1 5 2253 2250 2255 2256 2247 363 2248 2252
1 5 2256 2255 2251 2254 2252 2248 368 2249
1 5 2245 2256 2254 2241 2238 2252 2249 369
1 5 334 2076 2087 2084 2241 2254 2266 2264
1 5 2076 329 2082 2087 2254 2251 2265 2266
1 5 2087 2082 97 2083 2266 2265 2260 2263
1 5 2084 2087 2083 330 2264 2266 2263 2261
1 5 2241 2254 2266 2264 369 2249 2262 2259
1 5 2254 2251 2265 2266 2249 368 2257 2262
1 5 2266 2265 2260 2263 2262 2257 364 2258
1 5 2264 2266 2263 2261 2259 2262 2258 367
1 5 331 2066 2095 2093 2173 2244 2270 2187
1 5 2066 334 2084 2095 2244 2241 2264 2270
1 5 2095 2084 330 2092 2270 2264 2261 2269
1 5 2093 2095 2092 96 2187 2270 2269 2182
1 5 2173 2244 2270 2187 358 2239 2268 2179
1 5 2244 2241 2264 2270 2239 369 2259 2268
1 5 2270 2264 2261 2269 2268 2259 367 2267
1 5 2187 2270 2269 2182 2179 2268 2267 352
1 5 351 2237 2242 2170 2213 2277 2280 2218
1 5 2237 366 2238 2242 2277 2274 2279 2280
1 5 2242 2238 369 2239 2280 2279 2275 2278
1 5 2170 2242 2239 358 2218 2280 2278 2214
1 5 2213 2277 2280 2218 116 2271 2276 2211
1 5 2277 2274 2279 2280 2271 360 2272 2276
1 5 2280 2279 2275 2278 2276 2272 365 2273
1 5 2218 2280 2278 2214 2211 2276 2273 347
1 5 366 2247 2252 2238 2274 2287 2290 2279
1 5 2247 363 2248 2252 2287 2284 2289 2290
1 5 2252 2248 368 2249 2290 2289 2285 2288
1 5 2238 2252 2249 369 2279 2290 2288 2275
1 5 2274 2287 2290 2279 360 2281 2286 2272
1 5 2287 2284 2289 2290 2281 117 2282 2286
1 5 2290 2289 2285 2288 2286 2282 361 2283
1 5 2279 2290 2288 2275 2272 2286 2283 365
1 5 369 2249 2262 2259 2275 2288 2300 2298
1 5 2249 368 2257 2262 2288 2285 2299 2300
1 5 2262 2257 364 2258 2300 2299 2294 2297
1 5 2259 2262 2258 367 2298 2300 2297 2295
1 5 2275 2288 2300 2298 365 2283 2296 2293
1 5 2288 2285 2299 2300 2283 361 2291 2296
1 5 2300 2299 2294 2297 2296 2291 122 2292
1 5 2298 2300 2297 2295 2293 2296 2292 362
1 5 358 2239 2268 2179 2214 2278 2304 2228
1 5 2239 369 2259 2268 2278 2275 2298 2304
1 5 2268 2259 367 2267 2304 2298 2295 2303
1 5 2179 2268 2267 352 2228 2304 2303 2223
1 5 2214 2278 2304 2228 347 2273 2302 2220
1 5 2278 2275 2298 2304 2273 365 2293 2302
1 5 2304 2298 2295 2303 2302 2293 362 2301
1 5 2228 2304 2303 2223 2220 2302 2301 121
1 5 86 1997 2002 1937 2309 2314 2318 2316
1 5 1997 319 1998 2002 2314 2310 2317 2318
1 5 2002 1998 324 1999 2318 2317 2311 2315
1 5 1937 2002 1999 306 2316 2318 2315 2312
1 5 2309 2314 2318 2316 373 2305 2313 2308
1 5 2314 2310 2317 2318 2305 376 2306 2313
1 5 2318 2317 2311 2315 2313 2306 379 2307
1 5 2316 2318 2315 2312 2308 2313 2307 377
1 5 319 2007 2012 1998 2310 2325 2328 2317
1 5 2007 87 2008 2012 2325 2322 2327 2328
1 5 2012 2008 320 2009 2328 2327 2323 2326
1 5 1998 2012 2009 324 2317 2328 2326 2311
1 5 2310 2325 2328 2317 376 2319 2324 2306
1 5 2325 2322 2327 2328 2319 374 2320 2324
1 5 2328 2327 2323 2326 2324 2320 378 2321
1 5 2317 2328 2326 2311 2306 2324 2321 379
1 5 324 2009 2022 2019 2311 2326 2334 2332
1 5 2009 320 2017 2022 2326 2323 2333 2334
1 5 2022 2017 92 2018 2334 2333 2250 2253
1 5 2019 2022 2018 321 2332 2334 2253 2240
1 5 2311 2326 2334 2332 379 2321 2331 2330
1 5 2326 2323 2333 2334 2321 378 2329 2331
1 5 2334 2333 2250 2253 2331 2329 363 2247
1 5 2332 2334 2253 2240 2330 2331 2247 366
1 5 306 1999 2028 1946 2312 2315 2338 2337
1 5 1999 324 2019 2028 2315 2311 2332 2338
1 5 2028 2019 321 2027 2338 2332 2240 2243
1 5 1946 2028 2027 91 2337 2338 2243 2172
1 5 2312 2315 2338 2337 377 2307 2336 2335
1 5 2315 2311 2332 2338 2307 379 2330 2336
1 5 2338 2332 2240 2243 2336 2330 366 2237
1 5 2337 2338 2243 2172 2335 2336 2237 351
1 5 373 2305 2313 2308 2343 2348 2352 2350
1 5 2305 376 2306 2313 2348 2344 2351 2352
1 5 2313 2306 379 2307 2352 2351 2345 2349
1 5 2308 2313 2307 377 2350 2352 2349 2346
1 5 2343 2348 2352 2350 111 2339 2347 2342
1 5 2348 2344 2351 2352 2339 370 2340 2347
1 5 2352 2351 2345 2349 2347 2340 375 2341
1 5 2350 2352 2349 2346 2342 2347 2341 372
1 5 376 2319 2324 2306 2344 2359 2362 2351
1 5 2319 374 2320 2324 2359 2356 2361 2362
1 5 2324 2320 378 2321 2362 2361 2357 2360
1 5 2306 2324 2321 379 2351 2362 2360 2345
1 5 2344 2359 2362 2351 370 2353 2358 2340
1 5 2359 2356 2361 2362 2353 112 2354 2358
1 5 2362 2361 2357 2360 2358 2354 371 2355
1 5 2351 2362 2360 2345 2340 2358 2355 375
1 5 379 2321 2331 2330 2345 2360 2368 2366
1 5 2321 378 2329 2331 2360 2357 2367 2368
1 5 2331 2329 363 2247 2368 2367 2284 2287
1 5 2330 2331 2247 366 2366 2368 2287 2274
1 5 2345 2360 2368 2366 375 2355 2365 2364
1 5 2360 2357 2367 2368 2355 371 2363 2365
1 5 2368 2367 2284 2287 2365 2363 117 2281
1 5 2366 2368 2287 2274 2364 2365 2281 360
1 5 377 2307 2336 2335 2346 2349 2372 2371
1 5 2307 379 2330 2336 2349 2345 2366 2372
1 5 2336 2330 366 2237 2372 2366 2274 2277
1 5 2335 2336 2237 351 2371 2372 2277 2213
1 5 2346 2349 2372 2371 372 2341 2370 2369
1 5 2349 2345 2366 2372 2341 375 2364 2370
1 5 2372 2366 2274 2277 2370 2364 360 2271
1 5 2371 2372 2277 2213 2369 2370 2271 116
1 5 85 1922 1930 1925 2377 2382 2386 2384
1 5 1922 305 1923 1930 2382 2378 2385 2386
1 5 1930 1923 313 1924 2386 2385 2379 2383
1 5 1925 1930 1924 308 2384 2386 2383 2380
1 5 2377 2382 2386 2384 382 2373 2381 2376
1 5 2382 2378 2385 2386 2373 384 2374 2381
1 5 2386 2385 2379 2383 2381 2374 386 2375
1 5 2384 2386 2383 2380 2376 2381 2375 385
1 5 305 1936 1941 1923 2378 2390 2392 2385
1 5 1936 86 1937 1941 2390 2309 2316 2392
1 5 1941 1937 306 1938 2392 2316 2312 2391
1 5 1923 1941 1938 313 2385 2392 2391 2379
1 5 2378 2390 2392 2385 384 2387 2389 2374
1 5 2390 2309 2316 2392 2387 373 2308 2389
1 5 2392 2316 2312 2391 2389 2308 377 2388
1 5 2385 2392 2391 2379 2374 2389 2388 386
1 5 313 1938 1951 1948 2379 2391 2396 2395
1 5 1938 306 1946 1951 2391 2312 2337 2396
1 5 1951 1946 91 1947 2396 2337 2172 2175
1 5 1948 1951 1947 307 2395 2396 2175 2160
1 5 2379 2391 2396 2395 386 2388 2394 2393
1 5 2391 2312 2337 2396 2388 377 2335 2394
1 5 2396 2337 2172 2175 2394 2335 351 2169
1 5 2395 2396 2175 2160 2393 2394 2169 355
1 5 308 1924 1959 1957 2380 2383 2400 2399
1 5 1924 313 1948 1959 2383 2379 2395 2400
1 5 1959 1948 307 1956 2400 2395 2160 2164
1 5 1957 1959 1956 90 2399 2400 2164 2159
1 5 2380 2383 2400 2399 385 2375 2398 2397
1 5 2383 2379 2395 2400 2375 386 2393 2398
1 5 2400 2395 2160 2164 2398 2393 355 2155
1 5 2399 2400 2164 2159 2397 2398 2155 350
1 5 382 2373 2381 2376 2405 2410 2414 2412
1 5 2373 384 2374 2381 2410 2406 2413 2414
1 5 2381 2374 386 2375 2414 2413 2407 2411
1 5 2376 2381 2375 385 2412 2414 2411 2408
1 5 2405 2410 2414 2412 110 2401 2409 2404
1 5 2410 2406 2413 2414 2401 380 2402 2409
1 5 2414 2413 2407 2411 2409 2402 383 2403
1 5 2412 2414 2411 2408 2404 2409 2403 381
1 5 384 2387 2389 2374 2406 2418 2420 2413
1 5 2387 373 2308 2389 2418 2343 2350 2420
1 5 2389 2308 377 2388 2420 2350 2346 2419
1 5 2374 2389 2388 386 2413 2420 2419 2407
1 5 2406 2418 2420 2413 380 2415 2417 2402
1 5 2418 2343 2350 2420 2415 111 2342 2417
1 5 2420 2350 2346 2419 2417 2342 372 2416
1 5 2413 2420 2419 2407 2402 2417 2416 383
1 5 386 2388 2394 2393 2407 2419 2424 2423
1 5 2388 377 2335 2394 2419 2346 2371 2424
1 5 2394 2335 351 2169 2424 2371 2213 2216
1 5 2393 2394 2169 355 2423 2424 2216 2201
1 5 2407 2419 2424 2423 383 2416 2422 2421
1 5 2419 2346 2371 2424 2416 372 2369 2422
1 5 2424 2371 2213 2216 2422 2369 116 2210
1 5 2423 2424 2216 2201 2421 2422 2210 346
1 5 385 2375 2398 2397 2408 2411 2428 2427
1 5 2375 386 2393 2398 2411 2407 2423 2428
1 5 2398 2393 355 2155 2428 2423 2201 2205
1 5 2397 2398 2155 350 2427 2428 2205 2200
1 5 2408 2411 2428 2427 381 2403 2426 2425
1 5 2411 2407 2423 2428 2403 383 2421 2426
1 5 2428 2423 2201 2205 2426 2421 346 2196
1 5 2427 2428 2205 2200 2425 2426 2196 115
1 5 80 2429 2441 2432 2437 2443 2447 2445
1 5 2429 387 2430 2441 2443 2438 2446 2447
1 5 2441 2430 395 2431 2447 2446 2439 2444
1 5 2432 2441 2431 389 2445 2447 2444 2440
1 5 2437 2443 2447 2445 393 2433 2442 2436
1 5 2443 2438 2446 2447 2433 397 2434 2442
1 5 2447 2446 2439 2444 2442 2434 400 2435
1 5 2445 2447 2444 2440 2436 2442 2435 398
1 5 387 2448 2456 2430 2438 2458 2461 2446
1 5 2448 81 2449 2456 2458 2454 2460 2461
1 5 2456 2449 388 2450 2461 2460 2455 2459
1 5 2430 2456 2450 395 2446 2461 2459 2439
1 5 2438 2458 2461 2446 397 2451 2457 2434
1 5 2458 2454 2460 2461 2451 394 2452 2457
1 5 2461 2460 2455 2459 2457 2452 399 2453
1 5 2446 2461 2459 2439 2434 2457 2453 400
1 5 395 2450 2466 2463 2439 2459 2470 2468
1 5 2450 388 2462 2466 2459 2455 2469 2470
1 5 2466 2462 86 1936 2470 2469 2309 2390
1 5 2463 2466 1936 305 2468 2470 2390 2378
1 5 2439 2459 2470 2468 400 2453 2467 2465
1 5 2459 2455 2469 2470 2453 399 2464 2467
1 5 2470 2469 2309 2390 2467 2464 373 2387
1 5 2468 2470 2390 2378 2465 2467 2387 384
1 5 389 2431 2473 2471 2440 2444 2476 2475
1 5 2431 395 2463 2473 2444 2439 2468 2476
1 5 2473 2463 305 1922 2476 2468 2378 2382
1 5 2471 2473 1922 85 2475 2476 2382 2377
1 5 2440 2444 2476 2475 398 2435 2474 2472
1 5 2444 2439 2468 2476 2435 400 2465 2474
1 5 2476 2468 2378 2382 2474 2465 384 2373
1 5 2475 2476 2382 2377 2472 2474 2373 382
1 5 393 2433 2442 2436 2481 2486 2490 2488
1 5 2433 397 2434 2442 2486 2482 2489 2490
1 5 2442 2434 400 2435 2490 2489 2483 2487
1 5 2436 2442 2435 398 2488 2490 2487 2484
1 5 2481 2486 2490 2488 105 2477 2485 2480
1 5 2486 2482 2489 2490 2477 390 2478 2485
1 5 2490 2489 2483 2487 2485 2478 396 2479
1 5 2488 2490 2487 2484 2480 2485 2479 392
1 5 397 2451 2457 2434 2482 2497 2500 2489
1 5 2451 394 2452 2457 2497 2494 2499 2500
1 5 2457 2452 399 2453 2500 2499 2495 2498
1 5 2434 2457 2453 400 2489 2500 2498 2483
1 5 2482 2497 2500 2489 390 2491 2496 2478
1 5 2497 2494 2499 2500 2491 106 2492 2496
1 5 2500 2499 2495 2498 2496 2492 391 2493
1 5 2489 2500 2498 2483 2478 2496 2493 396
1 5 400 2453 2467 2465 2483 2498 2506 2504
1 5 2453 399 2464 2467 2498 2495 2505 2506
1 5 2467 2464 373 2387 2506 2505 2343 2418
1 5 2465 2467 2387 384 2504 2506 2418 2406
1 5 2483 2498 2506 2504 396 2493 2503 2502
1 5 2498 2495 2505 2506 2493 391 2501 2503
1 5 2506 2505 2343 2418 2503 2501 111 2415
1 5 2504 2506 2418 2406 2502 2503 2415 380
1 5 398 2435 2474 2472 2484 2487 2510 2509
1 5 2435 400 2465 2474 2487 2483 2504 2510
1 5 2474 2465 384 2373 2510 2504 2406 2410
1 5 2472 2474 2373 382 2509 2510 2410 2405
1 5 2484 2487 2510 2509 392 2479 2508 2507
1 5 2487 2483 2504 2510 2479 396 2502 2508
1 5 2510 2504 2406 2410 2508 2502 380 2401
1 5 2509 2510 2410 2405 2507 2508 2401 110
1 5 75 2511 2523 2514 2519 2525 2529 2527
1 5 2511 401 2512 2523 2525 2520 2528 2529
1 5 2523 2512 409 2513 2529 2528 2521 2526
1 5 2514 2523 2513 403 2527 2529 2526 2522
1 5 2519 2525 2529 2527 407 2515 2524 2518
1 5 2525 2520 2528 2529 2515 411 2516 2524
1 5 2529 2528 2521 2526 2524 2516 414 2517
1 5 2527 2529 2526 2522 2518 2524 2517 412
1 5 401 2530 2538 2512 2520 2540 2543 2528
1 5 2530 76 2531 2538 2540 2536 2542 2543
1 5 2538 2531 402 2532 2543 2542 2537 2541
1 5 2512 2538 2532 409 2528 2543 2541 2521
1 5 2520 2540 2543 2528 411 2533 2539 2516
1 5 2540 2536 2542 2543 2533 408 2534 2539
1 5 2543 2542 2537 2541 2539 2534 413 2535
1 5 2528 2543 2541 2521 2516 2539 2535 414
1 5 409 2532 2548 2545 2521 2541 2552 2550
1 5 2532 402 2544 2548 2541 2537 2551 2552
1 5 2548 2544 81 2448 2552 2551 2454 2458
1 5 2545 2548 2448 387 2550 2552 2458 2438
1 5 2521 2541 2552 2550 414 2535 2549 2547
1 5 2541 2537 2551 2552 2535 413 2546 2549
1 5 2552 2551 2454 2458 2549 2546 394 2451
1 5 2550 2552 2458 2438 2547 2549 2451 397
1 5 403 2513 2555 2553 2522 2526 2558 2557
1 5 2513 409 2545 2555 2526 2521 2550 2558
1 5 2555 2545 387 2429 2558 2550 2438 2443
1 5 2553 2555 2429 80 2557 2558 2443 2437
1 5 2522 2526 2558 2557 412 2517 2556 2554
1 5 2526 2521 2550 2558 2517 414 2547 2556
1 5 2558 2550 2438 2443 2556 2547 397 2433
1 5 2557 2558 2443 2437 2554 2556 2433 393
1 5 407 2515 2524 2518 2563 2568 2572 2570
1 5 2515 411 2516 2524 2568 2564 2571 2572
1 5 2524 2516 414 2517 2572 2571 2565 2569
1 5 2518 2524 2517 412 2570 2572 2569 2566
1 5 2563 2568 2572 2570 100 2559 2567 2562
1 5 2568 2564 2571 2572 2559 404 2560 2567
1 5 2572 2571 2565 2569 2567 2560 410 2561
1 5 2570 2572 2569 2566 2562 2567 2561 406
1 5 411 2533 2539 2516 2564 2579 2582 2571
1 5 2533 408 2534 2539 2579 2576 2581 2582
1 5 2539 2534 413 2535 2582 2581 2577 2580
1 5 2516 2539 2535 414 2571 2582 2580 2565
1 5 2564 2579 2582 2571 404 2573 2578 2560
1 5 2579 2576 2581 2582 2573 101 2574 2578
1 5 2582 2581 2577 2580 2578 2574 405 2575
1 5 2571 2582 2580 2565 2560 2578 2575 410
1 5 414 2535 2549 2547 2565 2580 2588 2586
1 5 2535 413 2546 2549 2580 2577 2587 2588
1 5 2549 2546 394 2451 2588 2587 2494 2497
1 5 2547 2549 2451 397 2586 2588 2497 2482
1 5 2565 2580 2588 2586 410 2575 2585 2584
1 5 2580 2577 2587 2588 2575 405 2583 2585
1 5 2588 2587 2494 2497 2585 2583 106 2491
1 5 2586 2588 2497 2482 2584 2585 2491 390
1 5 412 2517 2556 2554 2566 2569 2592 2591
1 5 2517 414 2547 2556 2569 2565 2586 2592
1 5 2556 2547 397 2433 2592 2586 2482 2486
1 5 2554 2556 2433 393 2591 2592 2486 2481
1 5 2566 2569 2592 2591 406 2561 2590 2589
1 5 2569 2565 2586 2592 2561 410 2584 2590
1 5 2592 2586 2482 2486 2590 2584 390 2477
1 5 2591 2592 2486 2481 2589 2590 2477 105
1 5 50 868 876 871 2597 2602 2606 2604
1 5 868 144 869 876 2602 2598 2605 2606
1 5 876 869 152 870 2606 2605 2599 2603
1 5 871 876 870 147 2604 2606 2603 2600
1 5 2597 2602 2606 2604 415 2593 2601 2596
1 5 2602 2598 2605 2606 2593 419 2594 2601
1 5 2606 2605 2599 2603 2601 2594 423 2595
1 5 2604 2606 2603 2600 2596 2601 2595 421
1 5 144 882 887 869 2598 2613 2616 2605
1 5 882 51 883 887 2613 2610 2615 2616
1 5 887 883 145 884 2616 2615 2611 2614
1 5 869 887 884 152 2605 2616 2614 2599
1 5 2598 2613 2616 2605 419 2607 2612 2594
1 5 2613 2610 2615 2616 2607 416 2608 2612
1 5 2616 2615 2611 2614 2612 2608 422 2609
1 5 2605 2616 2614 2599 2594 2612 2609 423
1 5 152 884 897 894 2599 2614 2626 2624
1 5 884 145 892 897 2614 2611 2625 2626
1 5 897 892 56 893 2626 2625 2620 2623
1 5 894 897 893 146 2624 2626 2623 2621
1 5 2599 2614 2626 2624 423 2609 2622 2619
1 5 2614 2611 2625 2626 2609 422 2617 2622
1 5 2626 2625 2620 2623 2622 2617 417 2618
1 5 2624 2626 2623 2621 2619 2622 2618 420
1 5 147 870 905 903 2600 2603 2633 2632
1 5 870 152 894 905 2603 2599 2624 2633
1 5 905 894 146 902 2633 2624 2621 2631
1 5 903 905 902 55 2632 2633 2631 2629
1 5 2600 2603 2633 2632 421 2595 2630 2628
1 5 2603 2599 2624 2633 2595 423 2619 2630
1 5 2633 2624 2621 2631 2630 2619 420 2627
1 5 2632 2633 2631 2629 2628 2630 2627 418
1 5 415 2593 2601 2596 2634 2638 2642 2640
1 5 2593 419 2594 2601 2638 2635 2641 2642
1 5 2601 2594 423 2595 2642 2641 2636 2639
1 5 2596 2601 2595 421 2640 2642 2639 2637
1 5 2634 2638 2642 2640 75 2511 2523 2514
1 5 2638 2635 2641 2642 2511 401 2512 2523
1 5 2642 2641 2636 2639 2523 2512 409 2513
1 5 2640 2642 2639 2637 2514 2523 2513 403
1 5 419 2607 2612 2594 2635 2645 2648 2641
1 5 2607 416 2608 2612 2645 2643 2647 2648
1 5 2612 2608 422 2609 2648 2647 2644 2646
1 5 2594 2612 2609 423 2641 2648 2646 2636
1 5 2635 2645 2648 2641 401 2530 2538 2512
1 5 2645 2643 2647 2648 2530 76 2531 2538
1 5 2648 2647 2644 2646 2538 2531 402 2532
1 5 2641 2648 2646 2636 2512 2538 2532 409
1 5 423 2609 2622 2619 2636 2646 2654 2652
1 5 2609 422 2617 2622 2646 2644 2653 2654
1 5 2622 2617 417 2618 2654 2653 2649 2651
1 5 2619 2622 2618 420 2652 2654 2651 2650
1 5 2636 2646 2654 2652 409 2532 2548 2545
1 5 2646 2644 2653 2654 2532 402 2544 2548
1 5 2654 2653 2649 2651 2548 2544 81 2448
1 5 2652 2654 2651 2650 2545 2548 2448 387
1 5 421 2595 2630 2628 2637 2639 2658 2657
1 5 2595 423 2619 2630 2639 2636 2652 2658
1 5 2630 2619 420 2627 2658 2652 2650 2656
1 5 2628 2630 2627 418 2657 2658 2656 2655
1 5 2637 2639 2658 2657 403 2513 2555 2553
1 5 2639 2636 2652 2658 2513 409 2545 2555
1 5 2658 2652 2650 2656 2555 2545 387 2429
1 5 2657 2658 2656 2655 2553 2555 2429 80
1 5 55 902 1254 1251 2629 2631 2668 2666
1 5 902 146 1249 1254 2631 2621 2667 2668
1 5 1254 1249 212 1250 2668 2667 2662 2665
1 5 1251 1254 1250 209 2666 2668 2665 2663
1 5 2629 2631 2668 2666 418 2627 2664 2661
1 5 2631 2621 2667 2668 2627 420 2659 2664
1 5 2668 2667 2662 2665 2664 2659 426 2660
1 5 2666 2668 2665 2663 2661 2664 2660 424
1 5 146 893 1260 1249 2621 2623 2675 2667
1 5 893 56 1177 1260 2623 2620 2674 2675
1 5 1260 1177 198 1259 2675 2674 2671 2673
1 5 1249 1260 1259 212 2667 2675 2673 2662
1 5 2621 2623 2675 2667 420 2618 2672 2659
1 5 2623 2620 2674 2675 2618 417 2669 2672
1 5 2675 2674 2671 2673 2672 2669 425 2670
1 5 2667 2675 2673 2662 2659 2672 2670 426
1 5 212 1259 1266 1264 2662 2673 2681 2679
1 5 1259 198 1203 1266 2673 2671 2680 2681
1 5 1266 1203 61 1263 2681 2680 1898 1901
1 5 1264 1266 1263 208 2679 2681 1901 1886
1 5 2662 2673 2681 2679 426 2670 2678 2677
1 5 2673 2671 2680 2681 2670 425 2676 2678
1 5 2681 2680 1898 1901 2678 2676 310 1895
1 5 2679 2681 1901 1886 2677 2678 1895 314
1 5 209 1250 1273 1271 2663 2665 2685 2684
1 5 1250 212 1264 1273 2665 2662 2679 2685
1 5 1273 1264 208 1270 2685 2679 1886 1890
1 5 1271 1273 1270 60 2684 2685 1890 1885
1 5 2663 2665 2685 2684 424 2660 2683 2682
1 5 2665 2662 2679 2685 2660 426 2677 2683
1 5 2685 2679 1886 1890 2683 2677 314 1881
1 5 2684 2685 1890 1885 2682 2683 1881 309
1 5 418 2627 2664 2661 2655 2656 2691 2689
1 5 2627 420 2659 2664 2656 2650 2690 2691
1 5 2664 2659 426 2660 2691 2690 2686 2688
1 5 2661 2664 2660 424 2689 2691 2688 2687
1 5 2655 2656 2691 2689 80 2429 2441 2432
1 5 2656 2650 2690 2691 2429 387 2430 2441
1 5 2691 2690 2686 2688 2441 2430 395 2431
1 5 2689 2691 2688 2687 2432 2441 2431 389
1 5 420 2618 2672 2659 2650 2651 2695 2690
1 5 2618 417 2669 2672 2651 2649 2694 2695
1 5 2672 2669 425 2670 2695 2694 2692 2693
1 5 2659 2672 2670 426 2690 2695 2693 2686
1 5 2650 2651 2695 2690 387 2448 2456 2430
1 5 2651 2649 2694 2695 2448 81 2449 2456
1 5 2695 2694 2692 2693 2456 2449 388 2450
1 5 2690 2695 2693 2686 2430 2456 2450 395
1 5 426 2670 2678 2677 2686 2693 2698 2696
1 5 2670 425 2676 2678 2693 2692 2697 2698
1 5 2678 2676 310 1895 2698 2697 1939 1942
1 5 2677 2678 1895 314 2696 2698 1942 1927
1 5 2686 2693 2698 2696 395 2450 2466 2463
1 5 2693 2692 2697 2698 2450 388 2462 2466
1 5 2698 2697 1939 1942 2466 2462 86 1936
1 5 2696 2698 1942 1927 2463 2466 1936 305
1 5 424 2660 2683 2682 2687 2688 2700 2699
1 5 2660 426 2677 2683 2688 2686 2696 2700
1 5 2683 2677 314 1881 2700 2696 1927 1931
1 5 2682 2683 1881 309 2699 2700 1931 1926
1 5 2687 2688 2700 2699 389 2431 2473 2471
1 5 2688 2686 2696 2700 2431 395 2463 2473
1 5 2700 2696 1927 1931 2473 2463 305 1922
1 5 2699 2700 1931 1926 2471 2473 1922 85
1 5 56 987 1180 1177 2620 2707 2710 2674
1 5 987 163 1175 1180 2707 2704 2709 2710
1 5 1180 1175 201 1176 2710 2709 2705 2708
1 5 1177 1180 1176 198 2674 2710 2708 2671
1 5 2620 2707 2710 2674 417 2701 2706 2669
1 5 2707 2704 2709 2710 2701 431 2702 2706
1 5 2710 2709 2705 2708 2706 2702 433 2703
1 5 2674 2710 2708 2671 2669 2706 2703 425
1 5 163 978 1188 1175 2704 2717 2720 2709
1 5 978 57 1185 1188 2717 2714 2719 2720
1 5 1188 1185 196 1186 2720 2719 2715 2718
1 5 1175 1188 1186 201 2709 2720 2718 2705
1 5 2704 2717 2720 2709 431 2711 2716 2702
1 5 2717 2714 2719 2720 2711 429 2712 2716
1 5 2720 2719 2715 2718 2716 2712 432 2713
1 5 2709 2720 2718 2705 2702 2716 2713 433
1 5 201 1186 1197 1194 2705 2718 2726 2724
1 5 1186 196 1192 1197 2718 2715 2725 2726
1 5 1197 1192 62 1193 2726 2725 1976 1979
1 5 1194 1197 1193 197 2724 2726 1979 1966
1 5 2705 2718 2726 2724 433 2713 2723 2722
1 5 2718 2715 2725 2726 2713 432 2721 2723
1 5 2726 2725 1976 1979 2723 2721 322 1973
1 5 2724 2726 1979 1966 2722 2723 1973 325
1 5 198 1176 1205 1203 2671 2708 2728 2680
1 5 1176 201 1194 1205 2708 2705 2724 2728
1 5 1205 1194 197 1202 2728 2724 1966 1969
1 5 1203 1205 1202 61 2680 2728 1969 1898
1 5 2671 2708 2728 2680 425 2703 2727 2676
1 5 2708 2705 2724 2728 2703 433 2722 2727
1 5 2728 2724 1966 1969 2727 2722 325 1963
1 5 2680 2728 1969 1898 2676 2727 1963 310
1 5 417 2701 2706 2669 2649 2735 2738 2694
1 5 2701 431 2702 2706 2735 2732 2737 2738
1 5 2706 2702 433 2703 2738 2737 2733 2736
1 5 2669 2706 2703 425 2694 2738 2736 2692
1 5 2649 2735 2738 2694 81 2729 2734 2449
1 5 2735 2732 2737 2738 2729 427 2730 2734
1 5 2738 2737 2733 2736 2734 2730 430 2731
1 5 2694 2738 2736 2692 2449 2734 2731 388
1 5 431 2711 2716 2702 2732 2745 2748 2737
1 5 2711 429 2712 2716 2745 2742 2747 2748
1 5 2716 2712 432 2713 2748 2747 2743 2746
1 5 2702 2716 2713 433 2737 2748 2746 2733
1 5 2732 2745 2748 2737 427 2739 2744 2730
1 5 2745 2742 2747 2748 2739 82 2740 2744
1 5 2748 2747 2743 2746 2744 2740 428 2741
1 5 2737 2748 2746 2733 2730 2744 2741 430
1 5 433 2713 2723 2722 2733 2746 2754 2752
1 5 2713 432 2721 2723 2746 2743 2753 2754
1 5 2723 2721 322 1973 2754 2753 2010 2013
1 5 2722 2723 1973 325 2752 2754 2013 2000
1 5 2733 2746 2754 2752 430 2741 2751 2750
1 5 2746 2743 2753 2754 2741 428 2749 2751
1 5 2754 2753 2010 2013 2751 2749 87 2007
1 5 2752 2754 2013 2000 2750 2751 2007 319
1 5 425 2703 2727 2676 2692 2736 2756 2697
1 5 2703 433 2722 2727 2736 2733 2752 2756
1 5 2727 2722 325 1963 2756 2752 2000 2003
1 5 2676 2727 1963 310 2697 2756 2003 1939
1 5 2692 2736 2756 2697 388 2731 2755 2462
1 5 2736 2733 2752 2756 2731 430 2750 2755
1 5 2756 2752 2000 2003 2755 2750 319 1997
1 5 2697 2756 2003 1939 2462 2755 1997 86
1 5 51 957 962 883 2610 2763 2766 2615
1 5 957 161 958 962 2763 2760 2765 2766
1 5 962 958 167 959 2766 2765 2761 2764
1 5 883 962 959 145 2615 2766 2764 2611
1 5 2610 2763 2766 2615 416 2757 2762 2608
1 5 2763 2760 2765 2766 2757 438 2758 2762
1 5 2766 2765 2761 2764 2762 2758 440 2759
1 5 2615 2766 2764 2611 2608 2762 2759 422
1 5 161 967 972 958 2760 2773 2776 2765
1 5 967 52 968 972 2773 2770 2775 2776
1 5 972 968 162 969 2776 2775 2771 2774
1 5 958 972 969 167 2765 2776 2774 2761
1 5 2760 2773 2776 2765 438 2767 2772 2758
1 5 2773 2770 2775 2776 2767 436 2768 2772
1 5 2776 2775 2771 2774 2772 2768 439 2769
1 5 2765 2776 2774 2761 2758 2772 2769 440
1 5 167 969 982 979 2761 2774 2782 2780
1 5 969 162 977 982 2774 2771 2781 2782
1 5 982 977 57 978 2782 2781 2714 2717
1 5 979 982 978 163 2780 2782 2717 2704
1 5 2761 2774 2782 2780 440 2769 2779 2778
1 5 2774 2771 2781 2782 2769 439 2777 2779
1 5 2782 2781 2714 2717 2779 2777 429 2711
1 5 2780 2782 2717 2704 2778 2779 2711 431
1 5 145 959 988 892 2611 2764 2784 2625
1 5 959 167 979 988 2764 2761 2780 2784
1 5 988 979 163 987 2784 2780 2704 2707
1 5 892 988 987 56 2625 2784 2707 2620
1 5 2611 2764 2784 2625 422 2759 2783 2617
1 5 2764 2761 2780 2784 2759 440 2778 2783
1 5 2784 2780 2704 2707 2783 2778 431 2701
1 5 2625 2784 2707 2620 2617 2783 2701 417
1 5 416 2757 2762 2608 2643 2791 2794 2647
1 5 2757 438 2758 2762 2791 2788 2793 2794
1 5 2762 2758 440 2759 2794 2793 2789 2792
1 5 2608 2762 2759 422 2647 2794 2792 2644
1 5 2643 2791 2794 2647 76 2785 2790 2531
1 5 2791 2788 2793 2794 2785 434 2786 2790
1 5 2794 2793 2789 2792 2790 2786 437 2787
1 5 2647 2794 2792 2644 2531 2790 2787 402
1 5 438 2767 2772 2758 2788 2801 2804 2793
1 5 2767 436 2768 2772 2801 2798 2803 2804
1 5 2772 2768 439 2769 2804 2803 2799 2802
1 5 2758 2772 2769 440 2793 2804 2802 2789
1 5 2788 2801 2804 2793 434 2795 2800 2786
1 5 2801 2798 2803 2804 2795 77 2796 2800
1 5 2804 2803 2799 2802 2800 2796 435 2797
1 5 2793 2804 2802 2789 2786 2800 2797 437
1 5 440 2769 2779 2778 2789 2802 2810 2808
1 5 2769 439 2777 2779 2802 2799 2809 2810
1 5 2779 2777 429 2711 2810 2809 2742 2745
1 5 2778 2779 2711 431 2808 2810 2745 2732
1 5 2789 2802 2810 2808 437 2797 2807 2806
1 5 2802 2799 2809 2810 2797 435 2805 2807
1 5 2810 2809 2742 2745 2807 2805 82 2739
1 5 2808 2810 2745 2732 2806 2807 2739 427
1 5 422 2759 2783 2617 2644 2792 2812 2653
1 5 2759 440 2778 2783 2792 2789 2808 2812
1 5 2783 2778 431 2701 2812 2808 2732 2735
1 5 2617 2783 2701 417 2653 2812 2735 2649
1 5 2644 2792 2812 2653 402 2787 2811 2544
1 5 2792 2789 2808 2812 2787 437 2806 2811
1 5 2812 2808 2732 2735 2811 2806 427 2729
1 5 2653 2812 2735 2649 2544 2811 2729 81
1 5 76 2785 2790 2531 2536 2819 2822 2542
1 5 2785 434 2786 2790 2819 2816 2821 2822
1 5 2790 2786 437 2787 2822 2821 2817 2820
1 5 2531 2790 2787 402 2542 2822 2820 2537
1 5 2536 2819 2822 2542 408 2813 2818 2534
1 5 2819 2816 2821 2822 2813 447 2814 2818
1 5 2822 2821 2817 2820 2818 2814 450 2815
1 5 2542 2822 2820 2537 2534 2818 2815 413
1 5 434 2795 2800 2786 2816 2829 2832 2821
1 5 2795 77 2796 2800 2829 2826 2831 2832
1 5 2800 2796 435 2797 2832 2831 2827 2830
1 5 2786 2800 2797 437 2821 2832 2830 2817
1 5 2816 2829 2832 2821 447 2823 2828 2814
1 5 2829 2826 2831 2832 2823 444 2824 2828
1 5 2832 2831 2827 2830 2828 2824 449 2825
1 5 2821 2832 2830 2817 2814 2828 2825 450
1 5 437 2797 2807 2806 2817 2830 2842 2840
1 5 2797 435 2805 2807 2830 2827 2841 2842
1 5 2807 2805 82 2739 2842 2841 2836 2839
1 5 2806 2807 2739 427 2840 2842 2839 2837
1 5 2817 2830 2842 2840 450 2825 2838 2835
1 5 2830 2827 2841 2842 2825 449 2833 2838
1 5 2842 2841 2836 2839 2838 2833 445 2834
1 5 2840 2842 2839 2837 2835 2838 2834 448
1 5 402 2787 2811 2544 2537 2820 2846 2551
1 5 2787 437 2806 2811 2820 2817 2840 2846
1 5 2811 2806 427 2729 2846 2840 2837 2845
1 5 2544 2811 2729 81 2551 2846 2845 2454
1 5 2537 2820 2846 2551 413 2815 2844 2546
1 5 2820 2817 2840 2846 2815 450 2835 2844
1 5 2846 2840 2837 2845 2844 2835 448 2843
1 5 2551 2846 2845 2454 2546 2844 2843 394
1 5 408 2813 2818 2534 2576 2853 2856 2581
1 5 2813 447 2814 2818 2853 2850 2855 2856
1 5 2818 2814 450 2815 2856 2855 2851 2854
1 5 2534 2818 2815 413 2581 2856 2854 2577
1 5 2576 2853 2856 2581 101 2847 2852 2574
1 5 2853 2850 2855 2856 2847 441 2848 2852
1 5 2856 2855 2851 2854 2852 2848 446 2849
1 5 2581 2856 2854 2577 2574 2852 2849 405
1 5 447 2823 2828 2814 2850 2863 2866 2855
1 5 2823 444 2824 2828 2863 2860 2865 2866
1 5 2828 2824 449 2825 2866 2865 2861 2864
1 5 2814 2828 2825 450 2855 2866 2864 2851
1 5 2850 2863 2866 2855 441 2857 2862 2848
1 5 2863 2860 2865 2866 2857 102 2858 2862
1 5 2866 2865 2861 2864 2862 2858 442 2859
1 5 2855 2866 2864 2851 2848 2862 2859 446
1 5 450 2825 2838 2835 2851 2864 2876 2874
1 5 2825 449 2833 2838 2864 2861 2875 2876
1 5 2838 2833 445 2834 2876 2875 2870 2873
1 5 2835 2838 2834 448 2874 2876 2873 2871
1 5 2851 2864 2876 2874 446 2859 2872 2869
1 5 2864 2861 2875 2876 2859 442 2867 2872
1 5 2876 2875 2870 2873 2872 2867 107 2868
1 5 2874 2876 2873 2871 2869 2872 2868 443
1 5 413 2815 2844 2546 2577 2854 2880 2587
1 5 2815 450 2835 2844 2854 2851 2874 2880
1 5 2844 2835 448 2843 2880 2874 2871 2879
1 5 2546 2844 2843 394 2587 2880 2879 2494
1 5 2577 2854 2880 2587 405 2849 2878 2583
1 5 2854 2851 2874 2880 2849 446 2869 2878
1 5 2880 2874 2871 2879 2878 2869 443 2877
1 5 2587 2880 2879 2494 2583 2878 2877 106
1 5 81 2729 2734 2449 2454 2845 2887 2460
1 5 2729 427 2730 2734 2845 2837 2886 2887
1 5 2734 2730 430 2731 2887 2886 2883 2885
1 5 2449 2734 2731 388 2460 2887 2885 2455
1 5 2454 2845 2887 2460 394 2843 2884 2452
1 5 2845 2837 2886 2887 2843 448 2881 2884
1 5 2887 2886 2883 2885 2884 2881 454 2882
1 5 2460 2887 2885 2455 2452 2884 2882 399
1 5 427 2739 2744 2730 2837 2839 2894 2886
1 5 2739 82 2740 2744 2839 2836 2893 2894
1 5 2744 2740 428 2741 2894 2893 2890 2892
1 5 2730 2744 2741 430 2886 2894 2892 2883
1 5 2837 2839 2894 2886 448 2834 2891 2881
1 5 2839 2836 2893 2894 2834 445 2888 2891
1 5 2894 2893 2890 2892 2891 2888 453 2889
1 5 2886 2894 2892 2883 2881 2891 2889 454
1 5 430 2741 2751 2750 2883 2892 2900 2898
1 5 2741 428 2749 2751 2892 2890 2899 2900
1 5 2751 2749 87 2007 2900 2899 2322 2325
1 5 2750 2751 2007 319 2898 2900 2325 2310
1 5 2883 2892 2900 2898 454 2889 2897 2896
1 5 2892 2890 2899 2900 2889 453 2895 2897
1 5 2900 2899 2322 2325 2897 2895 374 2319
1 5 2898 2900 2325 2310 2896 2897 2319 376
1 5 388 2731 2755 2462 2455 2885 2902 2469
1 5 2731 430 2750 2755 2885 2883 2898 2902
1 5 2755 2750 319 1997 2902 2898 2310 2314
1 5 2462 2755 1997 86 2469 2902 2314 2309
1 5 2455 2885 2902 2469 399 2882 2901 2464
1 5 2885 2883 2898 2902 2882 454 2896 2901
1 5 2902 2898 2310 2314 2901 2896 376 2305
1 5 2469 2902 2314 2309 2464 2901 2305 373
1 5 394 2843 2884 2452 2494 2879 2909 2499
1 5 2843 448 2881 2884 2879 2871 2908 2909
1 5 2884 2881 454 2882 2909 2908 2905 2907
1 5 2452 2884 2882 399 2499 2909 2907 2495
1 5 2494 2879 2909 2499 106 2877 2906 2492
1 5 2879 2871 2908 2909 2877 443 2903 2906
1 5 2909 2908 2905 2907 2906 2903 452 2904
1 5 2499 2909 2907 2495 2492 2906 2904 391
1 5 448 2834 2891 2881 2871 2873 2916 2908
1 5 2834 445 2888 2891 2873 2870 2915 2916
1 5 2891 2888 453 2889 2916 2915 2912 2914
1 5 2881 2891 2889 454 2908 2916 2914 2905
1 5 2871 2873 2916 2908 443 2868 2913 2903
1 5 2873 2870 2915 2916 2868 107 2910 2913
1 5 2916 2915 2912 2914 2913 2910 451 2911
1 5 2908 2916 2914 2905 2903 2913 2911 452
1 5 454 2889 2897 2896 2905 2914 2922 2920
1 5 2889 453 2895 2897 2914 2912 2921 2922
1 5 2897 2895 374 2319 2922 2921 2356 2359
1 5 2896 2897 2319 376 2920 2922 2359 2344
1 5 2905 2914 2922 2920 452 2911 2919 2918
1 5 2914 2912 2921 2922 2911 451 2917 2919
1 5 2922 2921 2356 2359 2919 2917 112 2353
1 5 2920 2922 2359 2344 2918 2919 2353 370
1 5 399 2882 2901 2464 2495 2907 2924 2505
1 5 2882 454 2896 2901 2907 2905 2920 2924
1 5 2901 2896 376 2305 2924 2920 2344 2348
1 5 2464 2901 2305 373 2505 2924 2348 2343
1 5 2495 2907 2924 2505 391 2904 2923 2501
1 5 2907 2905 2920 2924 2904 452 2918 2923
1 5 2924 2920 2344 2348 2923 2918 370 2339
1 5 2505 2924 2348 2343 2501 2923 2339 111
1 5 82 2925 2933 2740 2836 2935 2938 2893
1 5 2925 455 2926 2933 2935 2931 2937 2938
1 5 2933 2926 463 2927 2938 2937 2932 2936
1 5 2740 2933 2927 428 2893 2938 2936 2890
1 5 2836 2935 2938 2893 445 2928 2934 2888
1 5 2935 2931 2937 2938 2928 465 2929 2934
1 5 2938 2937 2932 2936 2934 2929 468 2930
1 5 2893 2938 2936 2890 2888 2934 2930 453
1 5 455 2939 2947 2926 2931 2949 2952 2937
1 5 2939 83 2940 2947 2949 2945 2951 2952
1 5 2947 2940 456 2941 2952 2951 2946 2950
1 5 2926 2947 2941 463 2937 2952 2950 2932
1 5 2931 2949 2952 2937 465 2942 2948 2929
1 5 2949 2945 2951 2952 2942 461 2943 2948
1 5 2952 2951 2946 2950 2948 2943 467 2944
1 5 2937 2952 2950 2932 2929 2948 2944 468
1 5 463 2941 2961 2955 2932 2950 2966 2964
1 5 2941 456 2953 2961 2950 2946 2965 2966
1 5 2961 2953 88 2954 2966 2965 2959 2963
1 5 2955 2961 2954 457 2964 2966 2963 2960
1 5 2932 2950 2966 2964 468 2944 2962 2958
1 5 2950 2946 2965 2966 2944 467 2956 2962
1 5 2966 2965 2959 2963 2962 2956 462 2957
1 5 2964 2966 2963 2960 2958 2962 2957 466
1 5 428 2927 2969 2749 2890 2936 2972 2899
1 5 2927 463 2955 2969 2936 2932 2964 2972
1 5 2969 2955 457 2967 2972 2964 2960 2971
1 5 2749 2969 2967 87 2899 2972 2971 2322
1 5 2890 2936 2972 2899 453 2930 2970 2895
1 5 2936 2932 2964 2972 2930 468 2958 2970
1 5 2972 2964 2960 2971 2970 2958 466 2968
1 5 2899 2972 2971 2322 2895 2970 2968 374
1 5 445 2928 2934 2888 2870 2979 2982 2915
1 5 2928 465 2929 2934 2979 2976 2981 2982
1 5 2934 2929 468 2930 2982 2981 2977 2980
1 5 2888 2934 2930 453 2915 2982 2980 2912
1 5 2870 2979 2982 2915 107 2973 2978 2910
1 5 2979 2976 2981 2982 2973 458 2974 2978
1 5 2982 2981 2977 2980 2978 2974 464 2975
1 5 2915 2982 2980 2912 2910 2978 2975 451
1 5 465 2942 2948 2929 2976 2989 2992 2981
1 5 2942 461 2943 2948 2989 2986 2991 2992
1 5 2948 2943 467 2944 2992 2991 2987 2990
1 5 2929 2948 2944 468 2981 2992 2990 2977
1 5 2976 2989 2992 2981 458 2983 2988 2974
1 5 2989 2986 2991 2992 2983 108 2984 2988
1 5 2992 2991 2987 2990 2988 2984 459 2985
1 5 2981 2992 2990 2977 2974 2988 2985 464
1 5 468 2944 2962 2958 2977 2990 3002 3000
1 5 2944 467 2956 2962 2990 2987 3001 3002
1 5 2962 2956 462 2957 3002 3001 2996 2999
1 5 2958 2962 2957 466 3000 3002 2999 2997
1 5 2977 2990 3002 3000 464 2985 2998 2995
1 5 2990 2987 3001 3002 2985 459 2993 2998
1 5 3002 3001 2996 2999 2998 2993 113 2994
1 5 3000 3002 2999 2997 2995 2998 2994 460
1 5 453 2930 2970 2895 2912 2980 3006 2921
1 5 2930 468 2958 2970 2980 2977 3000 3006
1 5 2970 2958 466 2968 3006 3000 2997 3005
1 5 2895 2970 2968 374 2921 3006 3005 2356
1 5 2912 2980 3006 2921 451 2975 3004 2917
1 5 2980 2977 3000 3006 2975 464 2995 3004
1 5 3006 3000 2997 3005 3004 2995 460 3003
1 5 2921 3006 3005 2356 2917 3004 3003 112
1 5 77 3007 3015 2796 2826 3017 3020 2831
1 5 3007 469 3008 3015 3017 3013 3019 3020
1 5 3015 3008 474 3009 3020 3019 3014 3018
1 5 2796 3015 3009 435 2831 3020 3018 2827
1 5 2826 3017 3020 2831 444 3010 3016 2824
1 5 3017 3013 3019 3020 3010 476 3011 3016
1 5 3020 3019 3014 3018 3016 3011 478 3012
1 5 2831 3020 3018 2827 2824 3016 3012 449
1 5 469 3021 3029 3008 3013 3031 3034 3019
1 5 3021 78 3022 3029 3031 3027 3033 3034
1 5 3029 3022 470 3023 3034 3033 3028 3032
1 5 3008 3029 3023 474 3019 3034 3032 3014
1 5 3013 3031 3034 3019 476 3024 3030 3011
1 5 3031 3027 3033 3034 3024 473 3025 3030
1 5 3034 3033 3028 3032 3030 3025 477 3026
1 5 3019 3034 3032 3014 3011 3030 3026 478
1 5 474 3023 3039 3036 3014 3032 3043 3041
1 5 3023 470 3035 3039 3032 3028 3042 3043
1 5 3039 3035 83 2939 3043 3042 2945 2949
1 5 3036 3039 2939 455 3041 3043 2949 2931
1 5 3014 3032 3043 3041 478 3026 3040 3038
1 5 3032 3028 3042 3043 3026 477 3037 3040
1 5 3043 3042 2945 2949 3040 3037 461 2942
1 5 3041 3043 2949 2931 3038 3040 2942 465
1 5 435 3009 3044 2805 2827 3018 3046 2841
1 5 3009 474 3036 3044 3018 3014 3041 3046
1 5 3044 3036 455 2925 3046 3041 2931 2935
1 5 2805 3044 2925 82 2841 3046 2935 2836
1 5 2827 3018 3046 2841 449 3012 3045 2833
1 5 3018 3014 3041 3046 3012 478 3038 3045
1 5 3046 3041 2931 2935 3045 3038 465 2928
1 5 2841 3046 2935 2836 2833 3045 2928 445
1 5 444 3010 3016 2824 2860 3053 3056 2865
1 5 3010 476 3011 3016 3053 3050 3055 3056
1 5 3016 3011 478 3012 3056 3055 3051 3054
1 5 2824 3016 3012 449 2865 3056 3054 2861
1 5 2860 3053 3056 2865 102 3047 3052 2858
1 5 3053 3050 3055 3056 3047 471 3048 3052
1 5 3056 3055 3051 3054 3052 3048 475 3049
1 5 2865 3056 3054 2861 2858 3052 3049 442
1 5 476 3024 3030 3011 3050 3063 3066 3055
1 5 3024 473 3025 3030 3063 3060 3065 3066
1 5 3030 3025 477 3026 3066 3065 3061 3064
1 5 3011 3030 3026 478 3055 3066 3064 3051
1 5 3050 3063 3066 3055 471 3057 3062 3048
1 5 3063 3060 3065 3066 3057 103 3058 3062
1 5 3066 3065 3061 3064 3062 3058 472 3059
1 5 3055 3066 3064 3051 3048 3062 3059 475
1 5 478 3026 3040 3038 3051 3064 3072 3070
1 5 3026 477 3037 3040 3064 3061 3071 3072
1 5 3040 3037 461 2942 3072 3071 2986 2989
1 5 3038 3040 2942 465 3070 3072 2989 2976
1 5 3051 3064 3072 3070 475 3059 3069 3068
1 5 3064 3061 3071 3072 3059 472 3067 3069
1 5 3072 3071 2986 2989 3069 3067 108 2983
1 5 3070 3072 2989 2976 3068 3069 2983 458
1 5 449 3012 3045 2833 2861 3054 3074 2875
1 5 3012 478 3038 3045 3054 3051 3070 3074
1 5 3045 3038 465 2928 3074 3070 2976 2979
1 5 2833 3045 2928 445 2875 3074 2979 2870
1 5 2861 3054 3074 2875 442 3049 3073 2867
1 5 3054 3051 3070 3074 3049 475 3068 3073
1 5 3074 3070 2976 2979 3073 3068 458 2973
1 5 2875 3074 2979 2870 2867 3073 2973 107
1 5 52 3075 3083 968 2770 3085 3088 2775
1 5 3075 479 3076 3083 3085 3081 3087 3088
1 5 3083 3076 484 3077 3088 3087 3082 3086
1 5 968 3083 3077 162 2775 3088 3086 2771
1 5 2770 3085 3088 2775 436 3078 3084 2768
1 5 3085 3081 3087 3088 3078 485 3079 3084
1 5 3088 3087 3082 3086 3084 3079 488 3080
1 5 2775 3088 3086 2771 2768 3084 3080 439
1 5 479 3089 3097 3076 3081 3099 3102 3087
1 5 3089 53 3090 3097 3099 3095 3101 3102
1 5 3097 3090 480 3091 3102 3101 3096 3100
1 5 3076 3097 3091 484 3087 3102 3100 3082
1 5 3081 3099 3102 3087 485 3092 3098 3079
1 5 3099 3095 3101 3102 3092 482 3093 3098
1 5 3102 3101 3096 3100 3098 3093 487 3094
1 5 3087 3102 3100 3082 3079 3098 3094 488
1 5 484 3091 3111 3105 3082 3100 3116 3114
1 5 3091 480 3103 3111 3100 3096 3115 3116
1 5 3111 3103 58 3104 3116 3115 3109 3113
1 5 3105 3111 3104 481 3114 3116 3113 3110
1 5 3082 3100 3116 3114 488 3094 3112 3108
1 5 3100 3096 3115 3116 3094 487 3106 3112
1 5 3116 3115 3109 3113 3112 3106 483 3107
1 5 3114 3116 3113 3110 3108 3112 3107 486
1 5 162 3077 3119 977 2771 3086 3122 2781
1 5 3077 484 3105 3119 3086 3082 3114 3122
1 5 3119 3105 481 3117 3122 3114 3110 3121
1 5 977 3119 3117 57 2781 3122 3121 2714
1 5 2771 3086 3122 2781 439 3080 3120 2777
1 5 3086 3082 3114 3122 3080 488 3108 3120
1 5 3122 3114 3110 3121 3120 3108 486 3118
1 5 2781 3122 3121 2714 2777 3120 3118 429
1 5 436 3078 3084 2768 2798 3125 3128 2803
1 5 3078 485 3079 3084 3125 3123 3127 3128
1 5 3084 3079 488 3080 3128 3127 3124 3126
1 5 2768 3084 3080 439 2803 3128 3126 2799
1 5 2798 3125 3128 2803 77 3007 3015 2796
1 5 3125 3123 3127 3128 3007 469 3008 3015
1 5 3128 3127 3124 3126 3015 3008 474 3009
1 5 2803 3128 3126 2799 2796 3015 3009 435
1 5 485 3092 3098 3079 3123 3131 3134 3127
1 5 3092 482 3093 3098 3131 3129 3133 3134
1 5 3098 3093 487 3094 3134 3133 3130 3132
1 5 3079 3098 3094 488 3127 3134 3132 3124
1 5 3123 3131 3134 3127 469 3021 3029 3008
1 5 3131 3129 3133 3134 3021 78 3022 3029
1 5 3134 3133 3130 3132 3029 3022 470 3023
1 5 3127 3134 3132 3124 3008 3029 3023 474
1 5 488 3094 3112 3108 3124 3132 3140 3138
1 5 3094 487 3106 3112 3132 3130 3139 3140
1 5 3112 3106 483 3107 3140 3139 3135 3137
1 5 3108 3112 3107 486 3138 3140 3137 3136
1 5 3124 3132 3140 3138 474 3023 3039 3036
1 5 3132 3130 3139 3140 3023 470 3035 3039
1 5 3140 3139 3135 3137 3039 3035 83 2939
1 5 3138 3140 3137 3136 3036 3039 2939 455
1 5 439 3080 3120 2777 2799 3126 3142 2809
1 5 3080 488 3108 3120 3126 3124 3138 3142
1 5 3120 3108 486 3118 3142 3138 3136 3141
1 5 2777 3120 3118 429 2809 3142 3141 2742
1 5 2799 3126 3142 2809 435 3009 3044 2805
1 5 3126 3124 3138 3142 3009 474 3036 3044
1 5 3142 3138 3136 3141 3044 3036 455 2925
1 5 2809 3142 3141 2742 2805 3044 2925 82
1 5 57 3117 3148 1185 2714 3121 3152 2719
1 5 3117 481 3143 3148 3121 3110 3151 3152
1 5 3148 3143 492 3144 3152 3151 3147 3150
1 5 1185 3148 3144 196 2719 3152 3150 2715
1 5 2714 3121 3152 2719 429 3118 3149 2712
1 5 3121 3110 3151 3152 3118 486 3145 3149
1 5 3152 3151 3147 3150 3149 3145 495 3146
1 5 2719 3152 3150 2715 2712 3149 3146 432
1 5 481 3104 3158 3143 3110 3113 3162 3151
1 5 3104 58 3153 3158 3113 3109 3161 3162
1 5 3158 3153 489 3154 3162 3161 3157 3160
1 5 3143 3158 3154 492 3151 3162 3160 3147
1 5 3110 3113 3162 3151 486 3107 3159 3145
1 5 3113 3109 3161 3162 3107 483 3155 3159
1 5 3162 3161 3157 3160 3159 3155 494 3156
1 5 3151 3162 3160 3147 3145 3159 3156 495
1 5 492 3154 3171 3165 3147 3160 3176 3174
1 5 3154 489 3163 3171 3160 3157 3175 3176
1 5 3171 3163 63 3164 3176 3175 3169 3173
1 5 3165 3171 3164 490 3174 3176 3173 3170
1 5 3147 3160 3176 3174 495 3156 3172 3168
1 5 3160 3157 3175 3176 3156 494 3166 3172
1 5 3176 3175 3169 3173 3172 3166 491 3167
1 5 3174 3176 3173 3170 3168 3172 3167 493
1 5 196 3144 3179 1192 2715 3150 3182 2725
1 5 3144 492 3165 3179 3150 3147 3174 3182
1 5 3179 3165 490 3177 3182 3174 3170 3181
1 5 1192 3179 3177 62 2725 3182 3181 1976
1 5 2715 3150 3182 2725 432 3146 3180 2721
1 5 3150 3147 3174 3182 3146 495 3168 3180
1 5 3182 3174 3170 3181 3180 3168 493 3178
1 5 2725 3182 3181 1976 2721 3180 3178 322
1 5 429 3118 3149 2712 2742 3141 3186 2747
1 5 3118 486 3145 3149 3141 3136 3185 3186
1 5 3149 3145 495 3146 3186 3185 3183 3184
1 5 2712 3149 3146 432 2747 3186 3184 2743
1 5 2742 3141 3186 2747 82 2925 2933 2740
1 5 3141 3136 3185 3186 2925 455 2926 2933
1 5 3186 3185 3183 3184 2933 2926 463 2927
1 5 2747 3186 3184 2743 2740 2933 2927 428
1 5 486 3107 3159 3145 3136 3137 3190 3185
1 5 3107 483 3155 3159 3137 3135 3189 3190
1 5 3159 3155 494 3156 3190 3189 3187 3188
1 5 3145 3159 3156 495 3185 3190 3188 3183
1 5 3136 3137 3190 3185 455 2939 2947 2926
1 5 3137 3135 3189 3190 2939 83 2940 2947
1 5 3190 3189 3187 3188 2947 2940 456 2941
1 5 3185 3190 3188 3183 2926 2947 2941 463
1 5 495 3156 3172 3168 3183 3188 3196 3194
1 5 3156 494 3166 3172 3188 3187 3195 3196
1 5 3172 3166 491 3167 3196 3195 3191 3193
1 5 3168 3172 3167 493 3194 3196 3193 3192
1 5 3183 3188 3196 3194 463 2941 2961 2955
1 5 3188 3187 3195 3196 2941 456 2953 2961
1 5 3196 3195 3191 3193 2961 2953 88 2954
1 5 3194 3196 3193 3192 2955 2961 2954 457
1 5 432 3146 3180 2721 2743 3184 3198 2753
1 5 3146 495 3168 3180 3184 3183 3194 3198
1 5 3180 3168 493 3178 3198 3194 3192 3197
1 5 2721 3180 3178 322 2753 3198 3197 2010
1 5 2743 3184 3198 2753 428 2927 2969 2749
1 5 3184 3183 3194 3198 2927 463 2955 2969
1 5 3198 3194 3192 3197 2969 2955 457 2967
1 5 2753 3198 3197 2010 2749 2969 2967 87
1 5 58 3199 3207 3153 3109 3209 3212 3161
1 5 3199 496 3200 3207 3209 3205 3211 3212
1 5 3207 3200 504 3201 3212 3211 3206 3210
1 5 3153 3207 3201 489 3161 3212 3210 3157
1 5 3109 3209 3212 3161 483 3202 3208 3155
1 5 3209 3205 3211 3212 3202 506 3203 3208
1 5 3212 3211 3206 3210 3208 3203 509 3204
1 5 3161 3212 3210 3157 3155 3208 3204 494
1 5 496 3213 3221 3200 3205 3223 3226 3211
1 5 3213 59 3214 3221 3223 3219 3225 3226
1 5 3221 3214 497 3215 3226 3225 3220 3224
1 5 3200 3221 3215 504 3211 3226 3224 3206
1 5 3205 3223 3226 3211 506 3216 3222 3203
1 5 3223 3219 3225 3226 3216 502 3217 3222
1 5 3226 3225 3220 3224 3222 3217 508 3218
1 5 3211 3226 3224 3206 3203 3222 3218 509
1 5 504 3215 3235 3229 3206 3224 3240 3238
1 5 3215 497 3227 3235 3224 3220 3239 3240
1 5 3235 3227 64 3228 3240 3239 3233 3237
1 5 3229 3235 3228 498 3238 3240 3237 3234
1 5 3206 3224 3240 3238 509 3218 3236 3232
1 5 3224 3220 3239 3240 3218 508 3230 3236
1 5 3240 3239 3233 3237 3236 3230 503 3231
1 5 3238 3240 3237 3234 3232 3236 3231 507
1 5 489 3201 3243 3163 3157 3210 3246 3175
1 5 3201 504 3229 3243 3210 3206 3238 3246
1 5 3243 3229 498 3241 3246 3238 3234 3245
1 5 3163 3243 3241 63 3175 3246 3245 3169
1 5 3157 3210 3246 3175 494 3204 3244 3166
1 5 3210 3206 3238 3246 3204 509 3232 3244
1 5 3246 3238 3234 3245 3244 3232 507 3242
1 5 3175 3246 3245 3169 3166 3244 3242 491
1 5 483 3202 3208 3155 3135 3253 3256 3189
1 5 3202 506 3203 3208 3253 3250 3255 3256
1 5 3208 3203 509 3204 3256 3255 3251 3254
1 5 3155 3208 3204 494 3189 3256 3254 3187
1 5 3135 3253 3256 3189 83 3247 3252 2940
1 5 3253 3250 3255 3256 3247 499 3248 3252
1 5 3256 3255 3251 3254 3252 3248 505 3249
1 5 3189 3256 3254 3187 2940 3252 3249 456
1 5 506 3216 3222 3203 3250 3263 3266 3255
1 5 3216 502 3217 3222 3263 3260 3265 3266
1 5 3222 3217 508 3218 3266 3265 3261 3264
1 5 3203 3222 3218 509 3255 3266 3264 3251
1 5 3250 3263 3266 3255 499 3257 3262 3248
1 5 3263 3260 3265 3266 3257 84 3258 3262
1 5 3266 3265 3261 3264 3262 3258 500 3259
1 5 3255 3266 3264 3251 3248 3262 3259 505
1 5 509 3218 3236 3232 3251 3264 3276 3274
1 5 3218 508 3230 3236 3264 3261 3275 3276
1 5 3236 3230 503 3231 3276 3275 3270 3273
1 5 3232 3236 3231 507 3274 3276 3273 3271
1 5 3251 3264 3276 3274 505 3259 3272 3269
1 5 3264 3261 3275 3276 3259 500 3267 3272
1 5 3276 3275 3270 3273 3272 3267 89 3268
1 5 3274 3276 3273 3271 3269 3272 3268 501
1 5 494 3204 3244 3166 3187 3254 3280 3195
1 5 3204 509 3232 3244 3254 3251 3274 3280
1 5 3244 3232 507 3242 3280 3274 3271 3279
1 5 3166 3244 3242 491 3195 3280 3279 3191
1 5 3187 3254 3280 3195 456 3249 3278 2953
1 5 3254 3251 3274 3280 3249 505 3269 3278
1 5 3280 3274 3271 3279 3278 3269 501 3277
1 5 3195 3280 3279 3191 2953 3278 3277 88
1 5 53 3281 3289 3090 3095 3291 3294 3101
1 5 3281 510 3282 3289 3291 3287 3293 3294
1 5 3289 3282 515 3283 3294 3293 3288 3292
1 5 3090 3289 3283 480 3101 3294 3292 3096
1 5 3095 3291 3294 3101 482 3284 3290 3093
1 5 3291 3287 3293 3294 3284 517 3285 3290
1 5 3294 3293 3288 3292 3290 3285 519 3286
1 5 3101 3294 3292 3096 3093 3290 3286 487
1 5 510 3295 3303 3282 3287 3305 3308 3293
1 5 3295 54 3296 3303 3305 3301 3307 3308
1 5 3303 3296 511 3297 3308 3307 3302 3306
1 5 3282 3303 3297 515 3293 3308 3306 3288
1 5 3287 3305 3308 3293 517 3298 3304 3285
1 5 3305 3301 3307 3308 3298 514 3299 3304
1 5 3308 3307 3302 3306 3304 3299 518 3300
1 5 3293 3308 3306 3288 3285 3304 3300 519
1 5 515 3297 3313 3310 3288 3306 3317 3315
1 5 3297 511 3309 3313 3306 3302 3316 3317
1 5 3313 3309 59 3213 3317 3316 3219 3223
1 5 3310 3313 3213 496 3315 3317 3223 3205
1 5 3288 3306 3317 3315 519 3300 3314 3312
1 5 3306 3302 3316 3317 3300 518 3311 3314
1 5 3317 3316 3219 3223 3314 3311 502 3216
1 5 3315 3317 3223 3205 3312 3314 3216 506
1 5 480 3283 3318 3103 3096 3292 3320 3115
1 5 3283 515 3310 3318 3292 3288 3315 3320
1 5 3318 3310 496 3199 3320 3315 3205 3209
1 5 3103 3318 3199 58 3115 3320 3209 3109
1 5 3096 3292 3320 3115 487 3286 3319 3106
1 5 3292 3288 3315 3320 3286 519 3312 3319
1 5 3320 3315 3205 3209 3319 3312 506 3202
1 5 3115 3320 3209 3109 3106 3319 3202 483
1 5 482 3284 3290 3093 3129 3327 3330 3133
1 5 3284 517 3285 3290 3327 3324 3329 3330
1 5 3290 3285 519 3286 3330 3329 3325 3328
1 5 3093 3290 3286 487 3133 3330 3328 3130
1 5 3129 3327 3330 3133 78 3321 3326 3022
1 5 3327 3324 3329 3330 3321 512 3322 3326
1 5 3330 3329 3325 3328 3326 3322 516 3323
1 5 3133 3330 3328 3130 3022 3326 3323 470
1 5 517 3298 3304 3285 3324 3337 3340 3329
1 5 3298 514 3299 3304 3337 3334 3339 3340
1 5 3304 3299 518 3300 3340 3339 3335 3338
1 5 3285 3304 3300 519 3329 3340 3338 3325
1 5 3324 3337 3340 3329 512 3331 3336 3322
1 5 3337 3334 3339 3340 3331 79 3332 3336
1 5 3340 3339 3335 3338 3336 3332 513 3333
1 5 3329 3340 3338 3325 3322 3336 3333 516
1 5 519 3300 3314 3312 3325 3338 3346 3344
1 5 3300 518 3311 3314 3338 3335 3345 3346
1 5 3314 3311 502 3216 3346 3345 3260 3263
1 5 3312 3314 3216 506 3344 3346 3263 3250
1 5 3325 3338 3346 3344 516 3333 3343 3342
1 5 3338 3335 3345 3346 3333 513 3341 3343
1 5 3346 3345 3260 3263 3343 3341 84 3257
1 5 3344 3346 3263 3250 3342 3343 3257 499
1 5 487 3286 3319 3106 3130 3328 3348 3139
1 5 3286 519 3312 3319 3328 3325 3344 3348
1 5 3319 3312 506 3202 3348 3344 3250 3253
1 5 3106 3319 3202 483 3139 3348 3253 3135
1 5 3130 3328 3348 3139 470 3323 3347 3035
1 5 3328 3325 3344 3348 3323 516 3342 3347
1 5 3348 3344 3250 3253 3347 3342 499 3247
1 5 3139 3348 3253 3135 3035 3347 3247 83
1 5 78 3321 3326 3022 3027 3355 3358 3033
1 5 3321 512 3322 3326 3355 3352 3357 3358
1 5 3326 3322 516 3323 3358 3357 3353 3356
1 5 3022 3326 3323 470 3033 3358 3356 3028
1 5 3027 3355 3358 3033 473 3349 3354 3025
1 5 3355 3352 3357 3358 3349 526 3350 3354
1 5 3358 3357 3353 3356 3354 3350 529 3351
1 5 3033 3358 3356 3028 3025 3354 3351 477
1 5 512 3331 3336 3322 3352 3365 3368 3357
1 5 3331 79 3332 3336 3365 3362 3367 3368
1 5 3336 3332 513 3333 3368 3367 3363 3366
1 5 3322 3336 3333 516 3357 3368 3366 3353
1 5 3352 3365 3368 3357 526 3359 3364 3350
1 5 3365 3362 3367 3368 3359 523 3360 3364
1 5 3368 3367 3363 3366 3364 3360 528 3361
1 5 3357 3368 3366 3353 3350 3364 3361 529
1 5 516 3333 3343 3342 3353 3366 3378 3376
1 5 3333 513 3341 3343 3366 3363 3377 3378
1 5 3343 3341 84 3257 3378 3377 3372 3375
1 5 3342 3343 3257 499 3376 3378 3375 3373
1 5 3353 3366 3378 3376 529 3361 3374 3371
1 5 3366 3363 3377 3378 3361 528 3369 3374
1 5 3378 3377 3372 3375 3374 3369 524 3370
1 5 3376 3378 3375 3373 3371 3374 3370 527
1 5 470 3323 3347 3035 3028 3356 3382 3042
1 5 3323 516 3342 3347 3356 3353 3376 3382
1 5 3347 3342 499 3247 3382 3376 3373 3381
1 5 3035 3347 3247 83 3042 3382 3381 2945
1 5 3028 3356 3382 3042 477 3351 3380 3037
1 5 3356 3353 3376 3382 3351 529 3371 3380
1 5 3382 3376 3373 3381 3380 3371 527 3379
1 5 3042 3382 3381 2945 3037 3380 3379 461
1 5 473 3349 3354 3025 3060 3389 3392 3065
1 5 3349 526 3350 3354 3389 3386 3391 3392
1 5 3354 3350 529 3351 3392 3391 3387 3390
1 5 3025 3354 3351 477 3065 3392 3390 3061
1 5 3060 3389 3392 3065 103 3383 3388 3058
1 5 3389 3386 3391 3392 3383 520 3384 3388
1 5 3392 3391 3387 3390 3388 3384 525 3385
1 5 3065 3392 3390 3061 3058 3388 3385 472
1 5 526 3359 3364 3350 3386 3399 3402 3391
1 5 3359 523 3360 3364 3399 3396 3401 3402
1 5 3364 3360 528 3361 3402 3401 3397 3400
1 5 3350 3364 3361 529 3391 3402 3400 3387
1 5 3386 3399 3402 3391 520 3393 3398 3384
1 5 3399 3396 3401 3402 3393 104 3394 3398
1 5 3402 3401 3397 3400 3398 3394 521 3395
1 5 3391 3402 3400 3387 3384 3398 3395 525
1 5 529 3361 3374 3371 3387 3400 3412 3410
1 5 3361 528 3369 3374 3400 3397 3411 3412
1 5 3374 3369 524 3370 3412 3411 3406 3409
1 5 3371 3374 3370 527 3410 3412 3409 3407
1 5 3387 3400 3412 3410 525 3395 3408 3405
1 5 3400 3397 3411 3412 3395 521 3403 3408
1 5 3412 3411 3406 3409 3408 3403 109 3404
1 5 3410 3412 3409 3407 3405 3408 3404 522
1 5 477 3351 3380 3037 3061 3390 3416 3071
1 5 3351 529 3371 3380 3390 3387 3410 3416
1 5 3380 3371 527 3379 3416 3410 3407 3415
1 5 3037 3380 3379 461 3071 3416 3415 2986
1 5 3061 3390 3416 3071 472 3385 3414 3067
1 5 3390 3387 3410 3416 3385 525 3405 3414
1 5 3416 3410 3407 3415 3414 3405 522 3413
1 5 3071 3416 3415 2986 3067 3414 3413 108
1 5 83 3247 3252 2940 2945 3381 3423 2951
1 5 3247 499 3248 3252 3381 3373 3422 3423
1 5 3252 3248 505 3249 3423 3422 3419 3421
1 5 2940 3252 3249 456 2951 3423 3421 2946
1 5 2945 3381 3423 2951 461 3379 3420 2943
1 5 3381 3373 3422 3423 3379 527 3417 3420
1 5 3423 3422 3419 3421 3420 3417 536 3418
1 5 2951 3423 3421 2946 2943 3420 3418 467
1 5 499 3257 3262 3248 3373 3375 3430 3422
1 5 3257 84 3258 3262 3375 3372 3429 3430
1 5 3262 3258 500 3259 3430 3429 3426 3428
1 5 3248 3262 3259 505 3422 3430 3428 3419
1 5 3373 3375 3430 3422 527 3370 3427 3417
1 5 3375 3372 3429 3430 3370 524 3424 3427
1 5 3430 3429 3426 3428 3427 3424 535 3425
1 5 3422 3430 3428 3419 3417 3427 3425 536
1 5 505 3259 3272 3269 3419 3428 3440 3438
1 5 3259 500 3267 3272 3428 3426 3439 3440
1 5 3272 3267 89 3268 3440 3439 3434 3437
1 5 3269 3272 3268 501 3438 3440 3437 3435
1 5 3419 3428 3440 3438 536 3425 3436 3433
1 5 3428 3426 3439 3440 3425 535 3431 3436
1 5 3440 3439 3434 3437 3436 3431 532 3432
1 5 3438 3440 3437 3435 3433 3436 3432 534
1 5 456 3249 3278 2953 2946 3421 3444 2965
1 5 3249 505 3269 3278 3421 3419 3438 3444
1 5 3278 3269 501 3277 3444 3438 3435 3443
1 5 2953 3278 3277 88 2965 3444 3443 2959
1 5 2946 3421 3444 2965 467 3418 3442 2956
1 5 3421 3419 3438 3444 3418 536 3433 3442
1 5 3444 3438 3435 3443 3442 3433 534 3441
1 5 2965 3444 3443 2959 2956 3442 3441 462
1 5 461 3379 3420 2943 2986 3415 3451 2991
1 5 3379 527 3417 3420 3415 3407 3450 3451
1 5 3420 3417 536 3418 3451 3450 3447 3449
1 5 2943 3420 3418 467 2991 3451 3449 2987
1 5 2986 3415 3451 2991 108 3413 3448 2984
1 5 3415 3407 3450 3451 3413 522 3445 3448
1 5 3451 3450 3447 3449 3448 3445 533 3446
1 5 2991 3451 3449 2987 2984 3448 3446 459
1 5 527 3370 3427 3417 3407 3409 3458 3450
1 5 3370 524 3424 3427 3409 3406 3457 3458
1 5 3427 3424 535 3425 3458 3457 3454 3456
1 5 3417 3427 3425 536 3450 3458 3456 3447
1 5 3407 3409 3458 3450 522 3404 3455 3445
1 5 3409 3406 3457 3458 3404 109 3452 3455
1 5 3458 3457 3454 3456 3455 3452 530 3453
1 5 3450 3458 3456 3447 3445 3455 3453 533
1 5 536 3425 3436 3433 3447 3456 3468 3466
1 5 3425 535 3431 3436 3456 3454 3467 3468
1 5 3436 3431 532 3432 3468 3467 3462 3465
1 5 3433 3436 3432 534 3466 3468 3465 3463
1 5 3447 3456 3468 3466 533 3453 3464 3461
1 5 3456 3454 3467 3468 3453 530 3459 3464
1 5 3468 3467 3462 3465 3464 3459 114 3460
1 5 3466 3468 3465 3463 3461 3464 3460 531
1 5 467 3418 3442 2956 2987 3449 3472 3001
1 5 3418 536 3433 3442 3449 3447 3466 3472
1 5 3442 3433 534 3441 3472 3466 3463 3471
1 5 2956 3442 3441 462 3001 3472 3471 2996
1 5 2987 3449 3472 3001 459 3446 3470 2993
1 5 3449 3447 3466 3472 3446 533 3461 3470
1 5 3472 3466 3463 3471 3470 3461 531 3469
1 5 3001 3472 3471 2996 2993 3470 3469 113
1 5 88 3277 3481 3475 2959 3443 3486 3484
1 5 3277 501 3473 3481 3443 3435 3485 3486
1 5 3481 3473 545 3474 3486 3485 3479 3483
1 5 3475 3481 3474 539 3484 3486 3483 3480
1 5 2959 3443 3486 3484 462 3441 3482 3478
1 5 3443 3435 3485 3486 3441 534 3476 3482
1 5 3486 3485 3479 3483 3482 3476 550 3477
1 5 3484 3486 3483 3480 3478 3482 3477 548
1 5 501 3268 3492 3473 3435 3437 3496 3485
1 5 3268 89 3487 3492 3437 3434 3495 3496
1 5 3492 3487 537 3488 3496 3495 3491 3494
1 5 3473 3492 3488 545 3485 3496 3494 3479
1 5 3435 3437 3496 3485 534 3432 3493 3476
1 5 3437 3434 3495 3496 3432 532 3489 3493
1 5 3496 3495 3491 3494 3493 3489 549 3490
1 5 3485 3496 3494 3479 3476 3493 3490 550
1 5 545 3488 3505 3499 3479 3494 3510 3508
1 5 3488 537 3497 3505 3494 3491 3509 3510
1 5 3505 3497 94 3498 3510 3509 3503 3507
1 5 3499 3505 3498 538 3508 3510 3507 3504
1 5 3479 3494 3510 3508 550 3490 3506 3502
1 5 3494 3491 3509 3510 3490 549 3500 3506
1 5 3510 3509 3503 3507 3506 3500 543 3501
1 5 3508 3510 3507 3504 3502 3506 3501 547
1 5 539 3474 3516 3512 3480 3483 3520 3519
1 5 3474 545 3499 3516 3483 3479 3508 3520
1 5 3516 3499 538 3511 3520 3508 3504 3518
1 5 3512 3516 3511 93 3519 3520 3518 3515
1 5 3480 3483 3520 3519 548 3477 3517 3514
1 5 3483 3479 3508 3520 3477 550 3502 3517
1 5 3520 3508 3504 3518 3517 3502 547 3513
1 5 3519 3520 3518 3515 3514 3517 3513 544
1 5 462 3441 3482 3478 2996 3471 3530 3528
1 5 3441 534 3476 3482 3471 3463 3529 3530
1 5 3482 3476 550 3477 3530 3529 3524 3527
1 5 3478 3482 3477 548 3528 3530 3527 3525
1 5 2996 3471 3530 3528 113 3469 3526 3523
1 5 3471 3463 3529 3530 3469 531 3521 3526
1 5 3530 3529 3524 3527 3526 3521 546 3522
1 5 3528 3530 3527 3525 3523 3526 3522 542
1 5 534 3432 3493 3476 3463 3465 3537 3529
1 5 3432 532 3489 3493 3465 3462 3536 3537
1 5 3493 3489 549 3490 3537 3536 3533 3535
1 5 3476 3493 3490 550 3529 3537 3535 3524
1 5 3463 3465 3537 3529 531 3460 3534 3521
1 5 3465 3462 3536 3537 3460 114 3531 3534
1 5 3537 3536 3533 3535 3534 3531 540 3532
1 5 3529 3537 3535 3524 3521 3534 3532 546
1 5 550 3490 3506 3502 3524 3535 3547 3545
1 5 3490 549 3500 3506 3535 3533 3546 3547
1 5 3506 3500 543 3501 3547 3546 3541 3544
1 5 3502 3506 3501 547 3545 3547 3544 3542
1 5 3524 3535 3547 3545 546 3532 3543 3540
1 5 3535 3533 3546 3547 3532 540 3538 3543
1 5 3547 3546 3541 3544 3543 3538 119 3539
1 5 3545 3547 3544 3542 3540 3543 3539 541
1 5 548 3477 3517 3514 3525 3527 3554 3553
1 5 3477 550 3502 3517 3527 3524 3545 3554
1 5 3517 3502 547 3513 3554 3545 3542 3552
1 5 3514 3517 3513 544 3553 3554 3552 3550
1 5 3525 3527 3554 3553 542 3522 3551 3549
1 5 3527 3524 3545 3554 3522 546 3540 3551
1 5 3554 3545 3542 3552 3551 3540 541 3548
1 5 3553 3554 3552 3550 3549 3551 3548 118
1 5 87 2967 3560 2008 2322 2971 3564 2327
1 5 2967 457 3555 3560 2971 2960 3563 3564
1 5 3560 3555 553 3556 3564 3563 3559 3562
1 5 2008 3560 3556 320 2327 3564 3562 2323
1 5 2322 2971 3564 2327 374 2968 3561 2320
1 5 2971 2960 3563 3564 2968 466 3557 3561
1 5 3564 3563 3559 3562 3561 3557 556 3558
1 5 2327 3564 3562 2323 2320 3561 3558 378
1 5 457 2954 3567 3555 2960 2963 3570 3563
1 5 2954 88 3475 3567 2963 2959 3484 3570
1 5 3567 3475 539 3565 3570 3484 3480 3569
1 5 3555 3567 3565 553 3563 3570 3569 3559
1 5 2960 2963 3570 3563 466 2957 3568 3557
1 5 2963 2959 3484 3570 2957 462 3478 3568
1 5 3570 3484 3480 3569 3568 3478 548 3566
1 5 3563 3570 3569 3559 3557 3568 3566 556
1 5 553 3565 3576 3572 3559 3569 3580 3579
1 5 3565 539 3512 3576 3569 3480 3519 3580
1 5 3576 3512 93 3571 3580 3519 3515 3578
1 5 3572 3576 3571 551 3579 3580 3578 3575
1 5 3559 3569 3580 3579 556 3566 3577 3574
1 5 3569 3480 3519 3580 3566 548 3514 3577
1 5 3580 3519 3515 3578 3577 3514 544 3573
1 5 3579 3580 3578 3575 3574 3577 3573 555
1 5 320 3556 3583 2017 2323 3562 3586 2333
1 5 3556 553 3572 3583 3562 3559 3579 3586
1 5 3583 3572 551 3581 3586 3579 3575 3585
1 5 2017 3583 3581 92 2333 3586 3585 2250
1 5 2323 3562 3586 2333 378 3558 3584 2329
1 5 3562 3559 3579 3586 3558 556 3574 3584
1 5 3586 3579 3575 3585 3584 3574 555 3582
1 5 2333 3586 3585 2250 2329 3584 3582 363
1 5 374 2968 3561 2320 2356 3005 3593 2361
1 5 2968 466 3557 3561 3005 2997 3592 3593
1 5 3561 3557 556 3558 3593 3592 3589 3591
1 5 2320 3561 3558 378 2361 3593 3591 2357
1 5 2356 3005 3593 2361 112 3003 3590 2354
1 5 3005 2997 3592 3593 3003 460 3587 3590
1 5 3593 3592 3589 3591 3590 3587 554 3588
1 5 2361 3593 3591 2357 2354 3590 3588 371
1 5 466 2957 3568 3557 2997 2999 3597 3592
1 5 2957 462 3478 3568 2999 2996 3528 3597
1 5 3568 3478 548 3566 3597 3528 3525 3596
1 5 3557 3568 3566 556 3592 3597 3596 3589
1 5 2997 2999 3597 3592 460 2994 3595 3587
1 5 2999 2996 3528 3597 2994 113 3523 3595
1 5 3597 3528 3525 3596 3595 3523 542 3594
1 5 3592 3597 3596 3589 3587 3595 3594 554
1 5 556 3566 3577 3574 3589 3596 3604 3603
1 5 3566 548 3514 3577 3596 3525 3553 3604
1 5 3577 3514 544 3573 3604 3553 3550 3602
1 5 3574 3577 3573 555 3603 3604 3602 3600
1 5 3589 3596 3604 3603 554 3594 3601 3599
1 5 3596 3525 3553 3604 3594 542 3549 3601
1 5 3604 3553 3550 3602 3601 3549 118 3598
1 5 3603 3604 3602 3600 3599 3601 3598 552
1 5 378 3558 3584 2329 2357 3591 3608 2367
1 5 3558 556 3574 3584 3591 3589 3603 3608
1 5 3584 3574 555 3582 3608 3603 3600 3607
1 5 2329 3584 3582 363 2367 3608 3607 2284
1 5 2357 3591 3608 2367 371 3588 3606 2363
1 5 3591 3589 3603 3608 3588 554 3599 3606
1 5 3608 3603 3600 3607 3606 3599 552 3605
1 5 2367 3608 3607 2284 2363 3606 3605 117
1 5 92 3581 3614 2075 2250 3585 3618 2255
1 5 3581 551 3609 3614 3585 3575 3617 3618
1 5 3614 3609 562 3610 3618 3617 3613 3616
1 5 2075 3614 3610 329 2255 3618 3616 2251
1 5 2250 3585 3618 2255 363 3582 3615 2248
1 5 3585 3575 3617 3618 3582 555 3611 3615
1 5 3618 3617 3613 3616 3615 3611 566 3612
1 5 2255 3618 3616 2251 2248 3615 3612 368
1 5 551 3571 3624 3609 3575 3578 3628 3617
1 5 3571 93 3619 3624 3578 3515 3627 3628
1 5 3624 3619 557 3620 3628 3627 3623 3626
1 5 3609 3624 3620 562 3617 3628 3626 3613
1 5 3575 3578 3628 3617 555 3573 3625 3611
1 5 3578 3515 3627 3628 3573 544 3621 3625
1 5 3628 3627 3623 3626 3625 3621 565 3622
1 5 3617 3628 3626 3613 3611 3625 3622 566
1 5 562 3620 3637 3631 3613 3626 3642 3640
1 5 3620 557 3629 3637 3626 3623 3641 3642
1 5 3637 3629 98 3630 3642 3641 3635 3639
1 5 3631 3637 3630 558 3640 3642 3639 3636
1 5 3613 3626 3642 3640 566 3622 3638 3634
1 5 3626 3623 3641 3642 3622 565 3632 3638
1 5 3642 3641 3635 3639 3638 3632 561 3633
1 5 3640 3642 3639 3636 3634 3638 3633 564
1 5 329 3610 3645 2082 2251 3616 3648 2265
1 5 3610 562 3631 3645 3616 3613 3640 3648
1 5 3645 3631 558 3643 3648 3640 3636 3647
1 5 2082 3645 3643 97 2265 3648 3647 2260
1 5 2251 3616 3648 2265 368 3612 3646 2257
1 5 3616 3613 3640 3648 3612 566 3634 3646
1 5 3648 3640 3636 3647 3646 3634 564 3644
1 5 2265 3648 3647 2260 2257 3646 3644 364
1 5 363 3582 3615 2248 2284 3607 3655 2289
1 5 3582 555 3611 3615 3607 3600 3654 3655
1 5 3615 3611 566 3612 3655 3654 3651 3653
1 5 2248 3615 3612 368 2289 3655 3653 2285
1 5 2284 3607 3655 2289 117 3605 3652 2282
1 5 3607 3600 3654 3655 3605 552 3649 3652
1 5 3655 3654 3651 3653 3652 3649 563 3650
1 5 2289 3655 3653 2285 2282 3652 3650 361
1 5 555 3573 3625 3611 3600 3602 3662 3654
1 5 3573 544 3621 3625 3602 3550 3661 3662
1 5 3625 3621 565 3622 3662 3661 3658 3660
1 5 3611 3625 3622 566 3654 3662 3660 3651
1 5 3600 3602 3662 3654 552 3598 3659 3649
1 5 3602 3550 3661 3662 3598 118 3656 3659
1 5 3662 3661 3658 3660 3659 3656 559 3657
1 5 3654 3662 3660 3651 3649 3659 3657 563
1 5 566 3622 3638 3634 3651 3660 3672 3670
1 5 3622 565 3632 3638 3660 3658 3671 3672
1 5 3638 3632 561 3633 3672 3671 3666 3669
1 5 3634 3638 3633 564 3670 3672 3669 3667
1 5 3651 3660 3672 3670 563 3657 3668 3665
1 5 3660 3658 3671 3672 3657 559 3663 3668
1 5 3672 3671 3666 3669 3668 3663 123 3664
1 5 3670 3672 3669 3667 3665 3668 3664 560
1 5 368 3612 3646 2257 2285 3653 3676 2299
1 5 3612 566 3634 3646 3653 3651 3670 3676
1 5 3646 3634 564 3644 3676 3670 3667 3675
1 5 2257 3646 3644 364 2299 3676 3675 2294
1 5 2285 3653 3676 2299 361 3650 3674 2291
1 5 3653 3651 3670 3676 3650 563 3665 3674
1 5 3676 3670 3667 3675 3674 3665 560 3673
1 5 2299 3676 3675 2294 2291 3674 3673 122
1 5 93 3511 3682 3619 3515 3518 3686 3627
1 5 3511 538 3677 3682 3518 3504 3685 3686
1 5 3682 3677 572 3678 3686 3685 3681 3684
1 5 3619 3682 3678 557 3627 3686 3684 3623
1 5 3515 3518 3686 3627 544 3513 3683 3621
1 5 3518 3504 3685 3686 3513 547 3679 3683
1 5 3686 3685 3681 3684 3683 3679 576 3680
1 5 3627 3686 3684 3623 3621 3683 3680 565
1 5 538 3498 3692 3677 3504 3507 3696 3685
1 5 3498 94 3687 3692 3507 3503 3695 3696
1 5 3692 3687 567 3688 3696 3695 3691 3694
1 5 3677 3692 3688 572 3685 3696 3694 3681
1 5 3504 3507 3696 3685 547 3501 3693 3679
1 5 3507 3503 3695 3696 3501 543 3689 3693
1 5 3696 3695 3691 3694 3693 3689 575 3690
1 5 3685 3696 3694 3681 3679 3693 3690 576
1 5 572 3688 3705 3699 3681 3694 3710 3708
1 5 3688 567 3697 3705 3694 3691 3709 3710
1 5 3705 3697 99 3698 3710 3709 3703 3707
1 5 3699 3705 3698 568 3708 3710 3707 3704
1 5 3681 3694 3710 3708 576 3690 3706 3702
1 5 3694 3691 3709 3710 3690 575 3700 3706
1 5 3710 3709 3703 3707 3706 3700 571 3701
1 5 3708 3710 3707 3704 3702 3706 3701 574
1 5 557 3678 3713 3629 3623 3684 3716 3641
1 5 3678 572 3699 3713 3684 3681 3708 3716
1 5 3713 3699 568 3711 3716 3708 3704 3715
1 5 3629 3713 3711 98 3641 3716 3715 3635
1 5 3623 3684 3716 3641 565 3680 3714 3632
1 5 3684 3681 3708 3716 3680 576 3702 3714
1 5 3716 3708 3704 3715 3714 3702 574 3712
1 5 3641 3716 3715 3635 3632 3714 3712 561
1 5 544 3513 3683 3621 3550 3552 3723 3661
1 5 3513 547 3679 3683 3552 3542 3722 3723
1 5 3683 3679 576 3680 3723 3722 3719 3721
1 5 3621 3683 3680 565 3661 3723 3721 3658
1 5 3550 3552 3723 3661 118 3548 3720 3656
1 5 3552 3542 3722 3723 3548 541 3717 3720
1 5 3723 3722 3719 3721 3720 3717 573 3718
1 5 3661 3723 3721 3658 3656 3720 3718 559
1 5 547 3501 3693 3679 3542 3544 3730 3722
1 5 3501 543 3689 3693 3544 3541 3729 3730
1 5 3693 3689 575 3690 3730 3729 3726 3728
1 5 3679 3693 3690 576 3722 3730 3728 3719
1 5 3542 3544 3730 3722 541 3539 3727 3717
1 5 3544 3541 3729 3730 3539 119 3724 3727
1 5 3730 3729 3726 3728 3727 3724 569 3725
1 5 3722 3730 3728 3719 3717 3727 3725 573
1 5 576 3690 3706 3702 3719 3728 3740 3738
1 5 3690 575 3700 3706 3728 3726 3739 3740
1 5 3706 3700 571 3701 3740 3739 3734 3737
1 5 3702 3706 3701 574 3738 3740 3737 3735
1 5 3719 3728 3740 3738 573 3725 3736 3733
1 5 3728 3726 3739 3740 3725 569 3731 3736
1 5 3740 3739 3734 3737 3736 3731 124 3732
1 5 3738 3740 3737 3735 3733 3736 3732 570
1 5 565 3680 3714 3632 3658 3721 3744 3671
1 5 3680 576 3702 3714 3721 3719 3738 3744
1 5 3714 3702 574 3712 3744 3738 3735 3743
1 5 3632 3714 3712 561 3671 3744 3743 3666
1 5 3658 3721 3744 3671 559 3718 3742 3663
1 5 3721 3719 3738 3744 3718 573 3733 3742
1 5 3744 3738 3735 3743 3742 3733 570 3741
1 5 3671 3744 3743 3666 3663 3742 3741 123
1 5 68 3745 3757 3748 3753 3759 3763 3761
1 5 3745 577 3746 3757 3759 3754 3762 3763
1 5 3757 3746 585 3747 3763 3762 3755 3760
1 5 3748 3757 3747 580 3761 3763 3760 3756
1 5 3753 3759 3763 3761 581 3749 3758 3752
1 5 3759 3754 3762 3763 3749 586 3750 3758
1 5 3763 3762 3755 3760 3758 3750 590 3751
1 5 3761 3763 3760 3756 3752 3758 3751 588
1 5 577 3764 3772 3746 3754 3774 3777 3762
1 5 3764 69 3765 3772 3774 3770 3776 3777
1 5 3772 3765 578 3766 3777 3776 3771 3775
1 5 3746 3772 3766 585 3762 3777 3775 3755
1 5 3754 3774 3777 3762 586 3767 3773 3750
1 5 3774 3770 3776 3777 3767 582 3768 3773
1 5 3777 3776 3771 3775 3773 3768 589 3769
1 5 3762 3777 3775 3755 3750 3773 3769 590
1 5 585 3766 3786 3780 3755 3775 3791 3789
1 5 3766 578 3778 3786 3775 3771 3790 3791
1 5 3786 3778 74 3779 3791 3790 3784 3788
1 5 3780 3786 3779 579 3789 3791 3788 3785
1 5 3755 3775 3791 3789 590 3769 3787 3783
1 5 3775 3771 3790 3791 3769 589 3781 3787
1 5 3791 3790 3784 3788 3787 3781 583 3782
1 5 3789 3791 3788 3785 3783 3787 3782 587
1 5 580 3747 3797 3793 3756 3760 3801 3800
1 5 3747 585 3780 3797 3760 3755 3789 3801
1 5 3797 3780 579 3792 3801 3789 3785 3799
1 5 3793 3797 3792 73 3800 3801 3799 3796
1 5 3756 3760 3801 3800 588 3751 3798 3795
1 5 3760 3755 3789 3801 3751 590 3783 3798
1 5 3801 3789 3785 3799 3798 3783 587 3794
1 5 3800 3801 3799 3796 3795 3798 3794 584
1 5 581 3749 3758 3752 3802 3806 3810 3808
1 5 3749 586 3750 3758 3806 3803 3809 3810
1 5 3758 3750 590 3751 3810 3809 3804 3807
1 5 3752 3758 3751 588 3808 3810 3807 3805
1 5 3802 3806 3810 3808 93 3511 3682 3619
1 5 3806 3803 3809 3810 3511 538 3677 3682
1 5 3810 3809 3804 3807 3682 3677 572 3678
1 5 3808 3810 3807 3805 3619 3682 3678 557
1 5 586 3767 3773 3750 3803 3813 3816 3809
1 5 3767 582 3768 3773 3813 3811 3815 3816
1 5 3773 3768 589 3769 3816 3815 3812 3814
1 5 3750 3773 3769 590 3809 3816 3814 3804
1 5 3803 3813 3816 3809 538 3498 3692 3677
1 5 3813 3811 3815 3816 3498 94 3687 3692
1 5 3816 3815 3812 3814 3692 3687 567 3688
1 5 3809 3816 3814 3804 3677 3692 3688 572
1 5 590 3769 3787 3783 3804 3814 3822 3820
1 5 3769 589 3781 3787 3814 3812 3821 3822
1 5 3787 3781 583 3782 3822 3821 3817 3819
1 5 3783 3787 3782 587 3820 3822 3819 3818
1 5 3804 3814 3822 3820 572 3688 3705 3699
1 5 3814 3812 3821 3822 3688 567 3697 3705
1 5 3822 3821 3817 3819 3705 3697 99 3698
1 5 3820 3822 3819 3818 3699 3705 3698 568
1 5 588 3751 3798 3795 3805 3807 3826 3825
1 5 3751 590 3783 3798 3807 3804 3820 3826
1 5 3798 3783 587 3794 3826 3820 3818 3824
1 5 3795 3798 3794 584 3825 3826 3824 3823
1 5 3805 3807 3826 3825 557 3678 3713 3629
1 5 3807 3804 3820 3826 3678 572 3699 3713
1 5 3826 3820 3818 3824 3713 3699 568 3711
1 5 3825 3826 3824 3823 3629 3713 3711 98
1 5 67 3827 3835 1760 1986 3837 3840 2046
1 5 3827 591 3828 3835 3837 3833 3839 3840
1 5 3835 3828 593 3829 3840 3839 3834 3838
1 5 1760 3835 3829 286 2046 3840 3838 2043
1 5 1986 3837 3840 2046 323 3830 3836 2041
1 5 3837 3833 3839 3840 3830 594 3831 3836
1 5 3840 3839 3834 3838 3836 3831 596 3832
1 5 2046 3840 3838 2043 2041 3836 3832 337
1 5 591 3841 3845 3828 3833 3847 3849 3839
1 5 3841 68 3748 3845 3847 3753 3761 3849
1 5 3845 3748 580 3842 3849 3761 3756 3848
1 5 3828 3845 3842 593 3839 3849 3848 3834
1 5 3833 3847 3849 3839 594 3843 3846 3831
1 5 3847 3753 3761 3849 3843 581 3752 3846
1 5 3849 3761 3756 3848 3846 3752 588 3844
1 5 3839 3849 3848 3834 3831 3846 3844 596
1 5 593 3842 3855 3851 3834 3848 3859 3858
1 5 3842 580 3793 3855 3848 3756 3800 3859
1 5 3855 3793 73 3850 3859 3800 3796 3857
1 5 3851 3855 3850 592 3858 3859 3857 3854
1 5 3834 3848 3859 3858 596 3844 3856 3853
1 5 3848 3756 3800 3859 3844 588 3795 3856
1 5 3859 3800 3796 3857 3856 3795 584 3852
1 5 3858 3859 3857 3854 3853 3856 3852 595
1 5 286 3829 3862 1769 2043 3838 3865 2056
1 5 3829 593 3851 3862 3838 3834 3858 3865
1 5 3862 3851 592 3860 3865 3858 3854 3864
1 5 1769 3862 3860 72 2056 3865 3864 2051
1 5 2043 3838 3865 2056 337 3832 3863 2048
1 5 3838 3834 3858 3865 3832 596 3853 3863
1 5 3865 3858 3854 3864 3863 3853 595 3861
1 5 2056 3865 3864 2051 2048 3863 3861 332
1 5 323 3830 3836 2041 2020 3868 3871 2080
1 5 3830 594 3831 3836 3868 3866 3870 3871
1 5 3836 3831 596 3832 3871 3870 3867 3869
1 5 2041 3836 3832 337 2080 3871 3869 2077
1 5 2020 3868 3871 2080 92 3581 3614 2075
1 5 3868 3866 3870 3871 3581 551 3609 3614
1 5 3871 3870 3867 3869 3614 3609 562 3610
1 5 2080 3871 3869 2077 2075 3614 3610 329
1 5 594 3843 3846 3831 3866 3872 3874 3870
1 5 3843 581 3752 3846 3872 3802 3808 3874
1 5 3846 3752 588 3844 3874 3808 3805 3873
1 5 3831 3846 3844 596 3870 3874 3873 3867
1 5 3866 3872 3874 3870 551 3571 3624 3609
1 5 3872 3802 3808 3874 3571 93 3619 3624
1 5 3874 3808 3805 3873 3624 3619 557 3620
1 5 3870 3874 3873 3867 3609 3624 3620 562
1 5 596 3844 3856 3853 3867 3873 3878 3877
1 5 3844 588 3795 3856 3873 3805 3825 3878
1 5 3856 3795 584 3852 3878 3825 3823 3876
1 5 3853 3856 3852 595 3877 3878 3876 3875
1 5 3867 3873 3878 3877 562 3620 3637 3631
1 5 3873 3805 3825 3878 3620 557 3629 3637
1 5 3878 3825 3823 3876 3637 3629 98 3630
1 5 3877 3878 3876 3875 3631 3637 3630 558
1 5 337 3832 3863 2048 2077 3869 3880 2090
1 5 3832 596 3853 3863 3869 3867 3877 3880
1 5 3863 3853 595 3861 3880 3877 3875 3879
1 5 2048 3863 3861 332 2090 3880 3879 2085
1 5 2077 3869 3880 2090 329 3610 3645 2082
1 5 3869 3867 3877 3880 3610 562 3631 3645
1 5 3880 3877 3875 3879 3645 3631 558 3643
1 5 2090 3880 3879 2085 2082 3645 3643 97
1 5 62 3177 3886 1820 1976 3181 3890 1981
1 5 3177 490 3881 3886 3181 3170 3889 3890
1 5 3886 3881 598 3882 3890 3889 3885 3888
1 5 1820 3886 3882 295 1981 3890 3888 1977
1 5 1976 3181 3890 1981 322 3178 3887 1974
1 5 3181 3170 3889 3890 3178 493 3883 3887
1 5 3890 3889 3885 3888 3887 3883 600 3884
1 5 1981 3890 3888 1977 1974 3887 3884 327
1 5 490 3164 3896 3881 3170 3173 3900 3889
1 5 3164 63 3891 3896 3173 3169 3899 3900
1 5 3896 3891 597 3892 3900 3899 3895 3898
1 5 3881 3896 3892 598 3889 3900 3898 3885
1 5 3170 3173 3900 3889 493 3167 3897 3883
1 5 3173 3169 3899 3900 3167 491 3893 3897
1 5 3900 3899 3895 3898 3897 3893 599 3894
1 5 3889 3900 3898 3885 3883 3897 3894 600
1 5 598 3892 3905 3902 3885 3898 3909 3907
1 5 3892 597 3901 3905 3898 3895 3908 3909
1 5 3905 3901 68 3841 3909 3908 3753 3847
1 5 3902 3905 3841 591 3907 3909 3847 3833
1 5 3885 3898 3909 3907 600 3894 3906 3904
1 5 3898 3895 3908 3909 3894 599 3903 3906
1 5 3909 3908 3753 3847 3906 3903 581 3843
1 5 3907 3909 3847 3833 3904 3906 3843 594
1 5 295 3882 3910 1827 1977 3888 3912 1991
1 5 3882 598 3902 3910 3888 3885 3907 3912
1 5 3910 3902 591 3827 3912 3907 3833 3837
1 5 1827 3910 3827 67 1991 3912 3837 1986
1 5 1977 3888 3912 1991 327 3884 3911 1983
1 5 3888 3885 3907 3912 3884 600 3904 3911
1 5 3912 3907 3833 3837 3911 3904 594 3830
1 5 1991 3912 3837 1986 1983 3911 3830 323
1 5 322 3178 3887 1974 2010 3197 3916 2015
1 5 3178 493 3883 3887 3197 3192 3915 3916
1 5 3887 3883 600 3884 3916 3915 3913 3914
1 5 1974 3887 3884 327 2015 3916 3914 2011
1 5 2010 3197 3916 2015 87 2967 3560 2008
1 5 3197 3192 3915 3916 2967 457 3555 3560
1 5 3916 3915 3913 3914 3560 3555 553 3556
1 5 2015 3916 3914 2011 2008 3560 3556 320
1 5 493 3167 3897 3883 3192 3193 3920 3915
1 5 3167 491 3893 3897 3193 3191 3919 3920
1 5 3897 3893 599 3894 3920 3919 3917 3918
1 5 3883 3897 3894 600 3915 3920 3918 3913
1 5 3192 3193 3920 3915 457 2954 3567 3555
1 5 3193 3191 3919 3920 2954 88 3475 3567
1 5 3920 3919 3917 3918 3567 3475 539 3565
1 5 3915 3920 3918 3913 3555 3567 3565 553
1 5 600 3894 3906 3904 3913 3918 3923 3921
1 5 3894 599 3903 3906 3918 3917 3922 3923
1 5 3906 3903 581 3843 3923 3922 3802 3872
1 5 3904 3906 3843 594 3921 3923 3872 3866
1 5 3913 3918 3923 3921 553 3565 3576 3572
1 5 3918 3917 3922 3923 3565 539 3512 3576
1 5 3923 3922 3802 3872 3576 3512 93 3571
1 5 3921 3923 3872 3866 3572 3576 3571 551
1 5 327 3884 3911 1983 2011 3914 3924 2025
1 5 3884 600 3904 3911 3914 3913 3921 3924
1 5 3911 3904 594 3830 3924 3921 3866 3868
1 5 1983 3911 3830 323 2025 3924 3868 2020
1 5 2011 3914 3924 2025 320 3556 3583 2017
1 5 3914 3913 3921 3924 3556 553 3572 3583
1 5 3924 3921 3866 3868 3583 3572 551 3581
1 5 2025 3924 3868 2020 2017 3583 3581 92
1 5 63 3241 3930 3891 3169 3245 3934 3899
1 5 3241 498 3925 3930 3245 3234 3933 3934
1 5 3930 3925 602 3926 3934 3933 3929 3932
1 5 3891 3930 3926 597 3899 3934 3932 3895
1 5 3169 3245 3934 3899 491 3242 3931 3893
1 5 3245 3234 3933 3934 3242 507 3927 3931
1 5 3934 3933 3929 3932 3931 3927 604 3928
1 5 3899 3934 3932 3895 3893 3931 3928 599
1 5 498 3228 3940 3925 3234 3237 3944 3933
1 5 3228 64 3935 3940 3237 3233 3943 3944
1 5 3940 3935 601 3936 3944 3943 3939 3942
1 5 3925 3940 3936 602 3933 3944 3942 3929
1 5 3234 3237 3944 3933 507 3231 3941 3927
1 5 3237 3233 3943 3944 3231 503 3937 3941
1 5 3944 3943 3939 3942 3941 3937 603 3938
1 5 3933 3944 3942 3929 3927 3941 3938 604
1 5 602 3936 3949 3946 3929 3942 3953 3951
1 5 3936 601 3945 3949 3942 3939 3952 3953
1 5 3949 3945 69 3764 3953 3952 3770 3774
1 5 3946 3949 3764 577 3951 3953 3774 3754
1 5 3929 3942 3953 3951 604 3938 3950 3948
1 5 3942 3939 3952 3953 3938 603 3947 3950
1 5 3953 3952 3770 3774 3950 3947 582 3767
1 5 3951 3953 3774 3754 3948 3950 3767 586
1 5 597 3926 3954 3901 3895 3932 3956 3908
1 5 3926 602 3946 3954 3932 3929 3951 3956
1 5 3954 3946 577 3745 3956 3951 3754 3759
1 5 3901 3954 3745 68 3908 3956 3759 3753
1 5 3895 3932 3956 3908 599 3928 3955 3903
1 5 3932 3929 3951 3956 3928 604 3948 3955
1 5 3956 3951 3754 3759 3955 3948 586 3749
1 5 3908 3956 3759 3753 3903 3955 3749 581
1 5 491 3242 3931 3893 3191 3279 3960 3919
1 5 3242 507 3927 3931 3279 3271 3959 3960
1 5 3931 3927 604 3928 3960 3959 3957 3958
1 5 3893 3931 3928 599 3919 3960 3958 3917
1 5 3191 3279 3960 3919 88 3277 3481 3475
1 5 3279 3271 3959 3960 3277 501 3473 3481
1 5 3960 3959 3957 3958 3481 3473 545 3474
1 5 3919 3960 3958 3917 3475 3481 3474 539
1 5 507 3231 3941 3927 3271 3273 3964 3959
1 5 3231 503 3937 3941 3273 3270 3963 3964
1 5 3941 3937 603 3938 3964 3963 3961 3962
1 5 3927 3941 3938 604 3959 3964 3962 3957
1 5 3271 3273 3964 3959 501 3268 3492 3473
1 5 3273 3270 3963 3964 3268 89 3487 3492
1 5 3964 3963 3961 3962 3492 3487 537 3488
1 5 3959 3964 3962 3957 3473 3492 3488 545
1 5 604 3938 3950 3948 3957 3962 3967 3965
1 5 3938 603 3947 3950 3962 3961 3966 3967
1 5 3950 3947 582 3767 3967 3966 3811 3813
1 5 3948 3950 3767 586 3965 3967 3813 3803
1 5 3957 3962 3967 3965 545 3488 3505 3499
1 5 3962 3961 3966 3967 3488 537 3497 3505
1 5 3967 3966 3811 3813 3505 3497 94 3498
1 5 3965 3967 3813 3803 3499 3505 3498 538
1 5 599 3928 3955 3903 3917 3958 3968 3922
1 5 3928 604 3948 3955 3958 3957 3965 3968
1 5 3955 3948 586 3749 3968 3965 3803 3806
1 5 3903 3955 3749 581 3922 3968 3806 3802
1 5 3917 3958 3968 3922 539 3474 3516 3512
1 5 3958 3957 3965 3968 3474 545 3499 3516
1 5 3968 3965 3803 3806 3516 3499 538 3511
1 5 3922 3968 3806 3802 3512 3516 3511 93
1 5 38 3969 3981 3972 3977 3983 3987 3985
1 5 3969 605 3970 3981 3983 3978 3986 3987
1 5 3981 3970 613 3971 3987 3986 3979 3984
1 5 3972 3981 3971 608 3985 3987 3984 3980
1 5 3977 3983 3987 3985 609 3973 3982 3976
1 5 3983 3978 3986 3987 3973 614 3974 3982
1 5 3987 3986 3979 3984 3982 3974 618 3975
1 5 3985 3987 3984 3980 3976 3982 3975 616
1 5 605 3988 3996 3970 3978 3998 4001 3986
1 5 3988 39 3989 3996 3998 3994 4000 4001
1 5 3996 3989 606 3990 4001 4000 3995 3999
1 5 3970 3996 3990 613 3986 4001 3999 3979
1 5 3978 3998 4001 3986 614 3991 3997 3974
1 5 3998 3994 4000 4001 3991 610 3992 3997
1 5 4001 4000 3995 3999 3997 3992 617 3993
1 5 3986 4001 3999 3979 3974 3997 3993 618
1 5 613 3990 4010 4004 3979 3999 4015 4013
1 5 3990 606 4002 4010 3999 3995 4014 4015
1 5 4010 4002 44 4003 4015 4014 4008 4012
1 5 4004 4010 4003 607 4013 4015 4012 4009
1 5 3979 3999 4015 4013 618 3993 4011 4007
1 5 3999 3995 4014 4015 3993 617 4005 4011
1 5 4015 4014 4008 4012 4011 4005 611 4006
1 5 4013 4015 4012 4009 4007 4011 4006 615
1 5 608 3971 4021 4017 3980 3984 4025 4024
1 5 3971 613 4004 4021 3984 3979 4013 4025
1 5 4021 4004 607 4016 4025 4013 4009 4023
1 5 4017 4021 4016 43 4024 4025 4023 4020
1 5 3980 3984 4025 4024 616 3975 4022 4019
1 5 3984 3979 4013 4025 3975 618 4007 4022
1 5 4025 4013 4009 4023 4022 4007 615 4018
1 5 4024 4025 4023 4020 4019 4022 4018 612
1 5 609 3973 3982 3976 4026 4030 4034 4032
1 5 3973 614 3974 3982 4030 4027 4033 4034
1 5 3982 3974 618 3975 4034 4033 4028 4031
1 5 3976 3982 3975 616 4032 4034 4031 4029
1 5 4026 4030 4034 4032 63 3241 3930 3891
1 5 4030 4027 4033 4034 3241 498 3925 3930
1 5 4034 4033 4028 4031 3930 3925 602 3926
1 5 4032 4034 4031 4029 3891 3930 3926 597
1 5 614 3991 3997 3974 4027 4037 4040 4033
1 5 3991 610 3992 3997 4037 4035 4039 4040
1 5 3997 3992 617 3993 4040 4039 4036 4038
1 5 3974 3997 3993 618 4033 4040 4038 4028
1 5 4027 4037 4040 4033 498 3228 3940 3925
1 5 4037 4035 4039 4040 3228 64 3935 3940
1 5 4040 4039 4036 4038 3940 3935 601 3936
1 5 4033 4040 4038 4028 3925 3940 3936 602
1 5 618 3993 4011 4007 4028 4038 4046 4044
1 5 3993 617 4005 4011 4038 4036 4045 4046
1 5 4011 4005 611 4006 4046 4045 4041 4043
1 5 4007 4011 4006 615 4044 4046 4043 4042
1 5 4028 4038 4046 4044 602 3936 3949 3946
1 5 4038 4036 4045 4046 3936 601 3945 3949
1 5 4046 4045 4041 4043 3949 3945 69 3764
1 5 4044 4046 4043 4042 3946 3949 3764 577
1 5 616 3975 4022 4019 4029 4031 4050 4049
1 5 3975 618 4007 4022 4031 4028 4044 4050
1 5 4022 4007 615 4018 4050 4044 4042 4048
1 5 4019 4022 4018 612 4049 4050 4048 4047
1 5 4029 4031 4050 4049 597 3926 3954 3901
1 5 4031 4028 4044 4050 3926 602 3946 3954
1 5 4050 4044 4042 4048 3954 3946 577 3745
1 5 4049 4050 4048 4047 3901 3954 3745 68
1 5 37 4051 4059 1462 1161 4061 4064 1798
1 5 4051 619 4052 4059 4061 4057 4063 4064
1 5 4059 4052 621 4053 4064 4063 4058 4062
1 5 1462 4059 4053 239 1798 4064 4062 1795
1 5 1161 4061 4064 1798 199 4054 4060 1793
1 5 4061 4057 4063 4064 4054 622 4055 4060
1 5 4064 4063 4058 4062 4060 4055 624 4056
1 5 1798 4064 4062 1795 1793 4060 4056 299
1 5 619 4065 4069 4052 4057 4071 4073 4063
1 5 4065 38 3972 4069 4071 3977 3985 4073
1 5 4069 3972 608 4066 4073 3985 3980 4072
1 5 4052 4069 4066 621 4063 4073 4072 4058
1 5 4057 4071 4073 4063 622 4067 4070 4055
1 5 4071 3977 3985 4073 4067 609 3976 4070
1 5 4073 3985 3980 4072 4070 3976 616 4068
1 5 4063 4073 4072 4058 4055 4070 4068 624
1 5 621 4066 4079 4075 4058 4072 4083 4082
1 5 4066 608 4017 4079 4072 3980 4024 4083
1 5 4079 4017 43 4074 4083 4024 4020 4081
1 5 4075 4079 4074 620 4082 4083 4081 4078
1 5 4058 4072 4083 4082 624 4068 4080 4077
1 5 4072 3980 4024 4083 4068 616 4019 4080
1 5 4083 4024 4020 4081 4080 4019 612 4076
1 5 4082 4083 4081 4078 4077 4080 4076 623
1 5 239 4053 4086 1469 1795 4062 4089 1804
1 5 4053 621 4075 4086 4062 4058 4082 4089
1 5 4086 4075 620 4084 4089 4082 4078 4088
1 5 1469 4086 4084 42 1804 4089 4088 1728
1 5 1795 4062 4089 1804 299 4056 4087 1800
1 5 4062 4058 4082 4089 4056 624 4077 4087
1 5 4089 4082 4078 4088 4087 4077 623 4085
1 5 1804 4089 4088 1728 1800 4087 4085 288
1 5 199 4054 4060 1793 1195 4092 4095 1825
1 5 4054 622 4055 4060 4092 4090 4094 4095
1 5 4060 4055 624 4056 4095 4094 4091 4093
1 5 1793 4060 4056 299 1825 4095 4093 1822
1 5 1195 4092 4095 1825 62 3177 3886 1820
1 5 4092 4090 4094 4095 3177 490 3881 3886
1 5 4095 4094 4091 4093 3886 3881 598 3882
1 5 1825 4095 4093 1822 1820 3886 3882 295
1 5 622 4067 4070 4055 4090 4096 4098 4094
1 5 4067 609 3976 4070 4096 4026 4032 4098
1 5 4070 3976 616 4068 4098 4032 4029 4097
1 5 4055 4070 4068 624 4094 4098 4097 4091
1 5 4090 4096 4098 4094 490 3164 3896 3881
1 5 4096 4026 4032 4098 3164 63 3891 3896
1 5 4098 4032 4029 4097 3896 3891 597 3892
1 5 4094 4098 4097 4091 3881 3896 3892 598
1 5 624 4068 4080 4077 4091 4097 4102 4101
1 5 4068 616 4019 4080 4097 4029 4049 4102
1 5 4080 4019 612 4076 4102 4049 4047 4100
1 5 4077 4080 4076 623 4101 4102 4100 4099
1 5 4091 4097 4102 4101 598 3892 3905 3902
1 5 4097 4029 4049 4102 3892 597 3901 3905
1 5 4102 4049 4047 4100 3905 3901 68 3841
1 5 4101 4102 4100 4099 3902 3905 3841 591
1 5 299 4056 4087 1800 1822 4093 4104 1831
1 5 4056 624 4077 4087 4093 4091 4101 4104
1 5 4087 4077 623 4085 4104 4101 4099 4103
1 5 1800 4087 4085 288 1831 4104 4103 1762
1 5 1822 4093 4104 1831 295 3882 3910 1827
1 5 4093 4091 4101 4104 3882 598 3902 3910
1 5 4104 4101 4099 4103 3910 3902 591 3827
1 5 1831 4104 4103 1762 1827 3910 3827 67
1 5 42 4084 4110 1541 1728 4088 4114 1733
1 5 4084 620 4105 4110 4088 4078 4113 4114
1 5 4110 4105 628 4106 4114 4113 4109 4112
1 5 1541 4110 4106 250 1733 4114 4112 1729
1 5 1728 4088 4114 1733 288 4085 4111 1726
1 5 4088 4078 4113 4114 4085 623 4107 4111
1 5 4114 4113 4109 4112 4111 4107 631 4108
1 5 1733 4114 4112 1729 1726 4111 4108 293
1 5 620 4074 4120 4105 4078 4081 4124 4113
1 5 4074 43 4115 4120 4081 4020 4123 4124
1 5 4120 4115 625 4116 4124 4123 4119 4122
1 5 4105 4120 4116 628 4113 4124 4122 4109
1 5 4078 4081 4124 4113 623 4076 4121 4107
1 5 4081 4020 4123 4124 4076 612 4117 4121
1 5 4124 4123 4119 4122 4121 4117 630 4118
1 5 4113 4124 4122 4109 4107 4121 4118 631
1 5 628 4116 4133 4127 4109 4122 4138 4136
1 5 4116 625 4125 4133 4122 4119 4137 4138
1 5 4133 4125 48 4126 4138 4137 4131 4135
1 5 4127 4133 4126 626 4136 4138 4135 4132
1 5 4109 4122 4138 4136 631 4118 4134 4130
1 5 4122 4119 4137 4138 4118 630 4128 4134
1 5 4138 4137 4131 4135 4134 4128 627 4129
1 5 4136 4138 4135 4132 4130 4134 4129 629
1 5 250 4106 4141 1548 1729 4112 4144 1743
1 5 4106 628 4127 4141 4112 4109 4136 4144
1 5 4141 4127 626 4139 4144 4136 4132 4143
1 5 1548 4141 4139 47 1743 4144 4143 1738
1 5 1729 4112 4144 1743 293 4108 4142 1735
1 5 4112 4109 4136 4144 4108 631 4130 4142
1 5 4144 4136 4132 4143 4142 4130 629 4140
1 5 1743 4144 4143 1738 1735 4142 4140 289
1 5 288 4085 4111 1726 1762 4103 4148 1767
1 5 4085 623 4107 4111 4103 4099 4147 4148
1 5 4111 4107 631 4108 4148 4147 4145 4146
1 5 1726 4111 4108 293 1767 4148 4146 1763
1 5 1762 4103 4148 1767 67 3827 3835 1760
1 5 4103 4099 4147 4148 3827 591 3828 3835
1 5 4148 4147 4145 4146 3835 3828 593 3829
1 5 1767 4148 4146 1763 1760 3835 3829 286
1 5 623 4076 4121 4107 4099 4100 4152 4147
1 5 4076 612 4117 4121 4100 4047 4151 4152
1 5 4121 4117 630 4118 4152 4151 4149 4150
1 5 4107 4121 4118 631 4147 4152 4150 4145
1 5 4099 4100 4152 4147 591 3841 3845 3828
1 5 4100 4047 4151 4152 3841 68 3748 3845
1 5 4152 4151 4149 4150 3845 3748 580 3842
1 5 4147 4152 4150 4145 3828 3845 3842 593
1 5 631 4118 4134 4130 4145 4150 4158 4156
1 5 4118 630 4128 4134 4150 4149 4157 4158
1 5 4134 4128 627 4129 4158 4157 4153 4155
1 5 4130 4134 4129 629 4156 4158 4155 4154
1 5 4145 4150 4158 4156 593 3842 3855 3851
1 5 4150 4149 4157 4158 3842 580 3793 3855
1 5 4158 4157 4153 4155 3855 3793 73 3850
1 5 4156 4158 4155 4154 3851 3855 3850 592
1 5 293 4108 4142 1735 1763 4146 4160 1777
1 5 4108 631 4130 4142 4146 4145 4156 4160
1 5 4142 4130 629 4140 4160 4156 4154 4159
1 5 1735 4142 4140 289 1777 4160 4159 1772
1 5 1763 4146 4160 1777 286 3829 3862 1769
1 5 4146 4145 4156 4160 3829 593 3851 3862
1 5 4160 4156 4154 4159 3862 3851 592 3860
1 5 1777 4160 4159 1772 1769 3862 3860 72
1 5 43 4016 4166 4115 4020 4023 4170 4123
1 5 4016 607 4161 4166 4023 4009 4169 4170
1 5 4166 4161 635 4162 4170 4169 4165 4168
1 5 4115 4166 4162 625 4123 4170 4168 4119
1 5 4020 4023 4170 4123 612 4018 4167 4117
1 5 4023 4009 4169 4170 4018 615 4163 4167
1 5 4170 4169 4165 4168 4167 4163 638 4164
1 5 4123 4170 4168 4119 4117 4167 4164 630
1 5 607 4003 4176 4161 4009 4012 4180 4169
1 5 4003 44 4171 4176 4012 4008 4179 4180
1 5 4176 4171 632 4172 4180 4179 4175 4178
1 5 4161 4176 4172 635 4169 4180 4178 4165
1 5 4009 4012 4180 4169 615 4006 4177 4163
1 5 4012 4008 4179 4180 4006 611 4173 4177
1 5 4180 4179 4175 4178 4177 4173 637 4174
1 5 4169 4180 4178 4165 4163 4177 4174 638
1 5 635 4172 4189 4183 4165 4178 4194 4192
1 5 4172 632 4181 4189 4178 4175 4193 4194
1 5 4189 4181 49 4182 4194 4193 4187 4191
1 5 4183 4189 4182 633 4192 4194 4191 4188
1 5 4165 4178 4194 4192 638 4174 4190 4186
1 5 4178 4175 4193 4194 4174 637 4184 4190
1 5 4194 4193 4187 4191 4190 4184 634 4185
1 5 4192 4194 4191 4188 4186 4190 4185 636
1 5 625 4162 4197 4125 4119 4168 4200 4137
1 5 4162 635 4183 4197 4168 4165 4192 4200
1 5 4197 4183 633 4195 4200 4192 4188 4199
1 5 4125 4197 4195 48 4137 4200 4199 4131
1 5 4119 4168 4200 4137 630 4164 4198 4128
1 5 4168 4165 4192 4200 4164 638 4186 4198
1 5 4200 4192 4188 4199 4198 4186 636 4196
1 5 4137 4200 4199 4131 4128 4198 4196 627
1 5 612 4018 4167 4117 4047 4048 4204 4151
1 5 4018 615 4163 4167 4048 4042 4203 4204
1 5 4167 4163 638 4164 4204 4203 4201 4202
1 5 4117 4167 4164 630 4151 4204 4202 4149
1 5 4047 4048 4204 4151 68 3745 3757 3748
1 5 4048 4042 4203 4204 3745 577 3746 3757
1 5 4204 4203 4201 4202 3757 3746 585 3747
1 5 4151 4204 4202 4149 3748 3757 3747 580
1 5 615 4006 4177 4163 4042 4043 4208 4203
1 5 4006 611 4173 4177 4043 4041 4207 4208
1 5 4177 4173 637 4174 4208 4207 4205 4206
1 5 4163 4177 4174 638 4203 4208 4206 4201
1 5 4042 4043 4208 4203 577 3764 3772 3746
1 5 4043 4041 4207 4208 3764 69 3765 3772
1 5 4208 4207 4205 4206 3772 3765 578 3766
1 5 4203 4208 4206 4201 3746 3772 3766 585
1 5 638 4174 4190 4186 4201 4206 4214 4212
1 5 4174 637 4184 4190 4206 4205 4213 4214
1 5 4190 4184 634 4185 4214 4213 4209 4211
1 5 4186 4190 4185 636 4212 4214 4211 4210
1 5 4201 4206 4214 4212 585 3766 3786 3780
1 5 4206 4205 4213 4214 3766 578 3778 3786
1 5 4214 4213 4209 4211 3786 3778 74 3779
1 5 4212 4214 4211 4210 3780 3786 3779 579
1 5 630 4164 4198 4128 4149 4202 4216 4157
1 5 4164 638 4186 4198 4202 4201 4212 4216
1 5 4198 4186 636 4196 4216 4212 4210 4215
1 5 4128 4198 4196 627 4157 4216 4215 4153
1 5 4149 4202 4216 4157 580 3747 3797 3793
1 5 4202 4201 4212 4216 3747 585 3780 3797
1 5 4216 4212 4210 4215 3797 3780 579 3792
1 5 4157 4216 4215 4153 3793 3797 3792 73
1 5 18 4217 4229 4220 4225 4231 4235 4233
1 5 4217 639 4218 4229 4231 4226 4234 4235
1 5 4229 4218 647 4219 4235 4234 4227 4232
1 5 4220 4229 4219 642 4233 4235 4232 4228
1 5 4225 4231 4235 4233 643 4221 4230 4224
1 5 4231 4226 4234 4235 4221 648 4222 4230
1 5 4235 4234 4227 4232 4230 4222 652 4223
1 5 4233 4235 4232 4228 4224 4230 4223 650
1 5 639 4236 4244 4218 4226 4246 4249 4234
1 5 4236 19 4237 4244 4246 4242 4248 4249
1 5 4244 4237 640 4238 4249 4248 4243 4247
1 5 4218 4244 4238 647 4234 4249 4247 4227
1 5 4226 4246 4249 4234 648 4239 4245 4222
1 5 4246 4242 4248 4249 4239 644 4240 4245
1 5 4249 4248 4243 4247 4245 4240 651 4241
1 5 4234 4249 4247 4227 4222 4245 4241 652
1 5 647 4238 4258 4252 4227 4247 4263 4261
1 5 4238 640 4250 4258 4247 4243 4262 4263
1 5 4258 4250 24 4251 4263 4262 4256 4260
1 5 4252 4258 4251 641 4261 4263 4260 4257
1 5 4227 4247 4263 4261 652 4241 4259 4255
1 5 4247 4243 4262 4263 4241 651 4253 4259
1 5 4263 4262 4256 4260 4259 4253 645 4254
1 5 4261 4263 4260 4257 4255 4259 4254 649
1 5 642 4219 4269 4265 4228 4232 4273 4272
1 5 4219 647 4252 4269 4232 4227 4261 4273
1 5 4269 4252 641 4264 4273 4261 4257 4271
1 5 4265 4269 4264 23 4272 4273 4271 4268
1 5 4228 4232 4273 4272 650 4223 4270 4267
1 5 4232 4227 4261 4273 4223 652 4255 4270
1 5 4273 4261 4257 4271 4270 4255 649 4266
1 5 4272 4273 4271 4268 4267 4270 4266 646
1 5 643 4221 4230 4224 4274 4278 4282 4280
1 5 4221 648 4222 4230 4278 4275 4281 4282
1 5 4230 4222 652 4223 4282 4281 4276 4279
1 5 4224 4230 4223 650 4280 4282 4279 4277
1 5 4274 4278 4282 4280 43 4016 4166 4115
1 5 4278 4275 4281 4282 4016 607 4161 4166
1 5 4282 4281 4276 4279 4166 4161 635 4162
1 5 4280 4282 4279 4277 4115 4166 4162 625
1 5 648 4239 4245 4222 4275 4285 4288 4281
1 5 4239 644 4240 4245 4285 4283 4287 4288
1 5 4245 4240 651 4241 4288 4287 4284 4286
1 5 4222 4245 4241 652 4281 4288 4286 4276
1 5 4275 4285 4288 4281 607 4003 4176 4161
1 5 4285 4283 4287 4288 4003 44 4171 4176
1 5 4288 4287 4284 4286 4176 4171 632 4172
1 5 4281 4288 4286 4276 4161 4176 4172 635
1 5 652 4241 4259 4255 4276 4286 4294 4292
1 5 4241 651 4253 4259 4286 4284 4293 4294
1 5 4259 4253 645 4254 4294 4293 4289 4291
1 5 4255 4259 4254 649 4292 4294 4291 4290
1 5 4276 4286 4294 4292 635 4172 4189 4183
1 5 4286 4284 4293 4294 4172 632 4181 4189
1 5 4294 4293 4289 4291 4189 4181 49 4182
1 5 4292 4294 4291 4290 4183 4189 4182 633
1 5 650 4223 4270 4267 4277 4279 4298 4297
1 5 4223 652 4255 4270 4279 4276 4292 4298
1 5 4270 4255 649 4266 4298 4292 4290 4296
1 5 4267 4270 4266 646 4297 4298 4296 4295
1 5 4277 4279 4298 4297 625 4162 4197 4125
1 5 4279 4276 4292 4298 4162 635 4183 4197
1 5 4298 4292 4290 4296 4197 4183 633 4195
1 5 4297 4298 4296 4295 4125 4197 4195 48
1 5 17 4299 4307 1497 1441 4309 4312 1505
1 5 4299 653 4300 4307 4309 4305 4311 4312
1 5 4307 4300 655 4301 4312 4311 4306 4310
1 5 1497 4307 4301 247 1505 4312 4310 1501
1 5 1441 4309 4312 1505 241 4302 4308 1499
1 5 4309 4305 4311 4312 4302 656 4303 4308
1 5 4312 4311 4306 4310 4308 4303 658 4304
1 5 1505 4312 4310 1501 1499 4308 4304 259
1 5 653 4313 4317 4300 4305 4319 4321 4311
1 5 4313 18 4220 4317 4319 4225 4233 4321
1 5 4317 4220 642 4314 4321 4233 4228 4320
1 5 4300 4317 4314 655 4311 4321 4320 4306
1 5 4305 4319 4321 4311 656 4315 4318 4303
1 5 4319 4225 4233 4321 4315 643 4224 4318
1 5 4321 4233 4228 4320 4318 4224 650 4316
1 5 4311 4321 4320 4306 4303 4318 4316 658
1 5 655 4314 4327 4323 4306 4320 4331 4330
1 5 4314 642 4265 4327 4320 4228 4272 4331
1 5 4327 4265 23 4322 4331 4272 4268 4329
1 5 4323 4327 4322 654 4330 4331 4329 4326
1 5 4306 4320 4331 4330 658 4316 4328 4325
1 5 4320 4228 4272 4331 4316 650 4267 4328
1 5 4331 4272 4268 4329 4328 4267 646 4324
1 5 4330 4331 4329 4326 4325 4328 4324 657
1 5 247 4301 4334 1507 1501 4310 4337 1519
1 5 4301 655 4323 4334 4310 4306 4330 4337
1 5 4334 4323 654 4332 4337 4330 4326 4336
1 5 1507 4334 4332 22 1519 4337 4336 1513
1 5 1501 4310 4337 1519 259 4304 4335 1510
1 5 4310 4306 4330 4337 4304 658 4325 4335
1 5 4337 4330 4326 4336 4335 4325 657 4333
1 5 1519 4337 4336 1513 1510 4335 4333 253
1 5 241 4302 4308 1499 1472 4340 4343 1546
1 5 4302 656 4303 4308 4340 4338 4342 4343
1 5 4308 4303 658 4304 4343 4342 4339 4341
1 5 1499 4308 4304 259 1546 4343 4341 1543
1 5 1472 4340 4343 1546 42 4084 4110 1541
1 5 4340 4338 4342 4343 4084 620 4105 4110
1 5 4343 4342 4339 4341 4110 4105 628 4106
1 5 1546 4343 4341 1543 1541 4110 4106 250
1 5 656 4315 4318 4303 4338 4344 4346 4342
1 5 4315 643 4224 4318 4344 4274 4280 4346
1 5 4318 4224 650 4316 4346 4280 4277 4345
1 5 4303 4318 4316 658 4342 4346 4345 4339
1 5 4338 4344 4346 4342 620 4074 4120 4105
1 5 4344 4274 4280 4346 4074 43 4115 4120
1 5 4346 4280 4277 4345 4120 4115 625 4116
1 5 4342 4346 4345 4339 4105 4120 4116 628
1 5 658 4316 4328 4325 4339 4345 4350 4349
1 5 4316 650 4267 4328 4345 4277 4297 4350
1 5 4328 4267 646 4324 4350 4297 4295 4348
1 5 4325 4328 4324 657 4349 4350 4348 4347
1 5 4339 4345 4350 4349 628 4116 4133 4127
1 5 4345 4277 4297 4350 4116 625 4125 4133
1 5 4350 4297 4295 4348 4133 4125 48 4126
1 5 4349 4350 4348 4347 4127 4133 4126 626
1 5 259 4304 4335 1510 1543 4341 4352 1556
1 5 4304 658 4325 4335 4341 4339 4349 4352
1 5 4335 4325 657 4333 4352 4349 4347 4351
1 5 1510 4335 4333 253 1556 4352 4351 1551
1 5 1543 4341 4352 1556 250 4106 4141 1548
1 5 4341 4339 4349 4352 4106 628 4127 4141
1 5 4352 4349 4347 4351 4141 4127 626 4139
1 5 1556 4352 4351 1551 1548 4141 4139 47
1 5 12 4353 4361 1425 1089 4363 4366 1433
1 5 4353 659 4354 4361 4363 4359 4365 4366
1 5 4361 4354 662 4355 4366 4365 4360 4364
1 5 1425 4361 4355 237 1433 4366 4364 1429
1 5 1089 4363 4366 1433 188 4356 4362 1427
1 5 4363 4359 4365 4366 4356 663 4357 4362
1 5 4366 4365 4360 4364 4362 4357 665 4358
1 5 1433 4366 4364 1429 1427 4362 4358 245
1 5 659 4367 4375 4354 4359 4377 4380 4365
1 5 4367 13 4368 4375 4377 4373 4379 4380
1 5 4375 4368 660 4369 4380 4379 4374 4378
1 5 4354 4375 4369 662 4365 4380 4378 4360
1 5 4359 4377 4380 4365 663 4370 4376 4357
1 5 4377 4373 4379 4380 4370 661 4371 4376
1 5 4380 4379 4374 4378 4376 4371 664 4372
1 5 4365 4380 4378 4360 4357 4376 4372 665
1 5 662 4369 4385 4382 4360 4378 4389 4387
1 5 4369 660 4381 4385 4378 4374 4388 4389
1 5 4385 4381 18 4313 4389 4388 4225 4319
1 5 4382 4385 4313 653 4387 4389 4319 4305
1 5 4360 4378 4389 4387 665 4372 4386 4384
1 5 4378 4374 4388 4389 4372 664 4383 4386
1 5 4389 4388 4225 4319 4386 4383 643 4315
1 5 4387 4389 4319 4305 4384 4386 4315 656
1 5 237 4355 4390 1435 1429 4364 4392 1447
1 5 4355 662 4382 4390 4364 4360 4387 4392
1 5 4390 4382 653 4299 4392 4387 4305 4309
1 5 1435 4390 4299 17 1447 4392 4309 1441
1 5 1429 4364 4392 1447 245 4358 4391 1438
1 5 4364 4360 4387 4392 4358 665 4384 4391
1 5 4392 4387 4305 4309 4391 4384 656 4302
1 5 1447 4392 4309 1441 1438 4391 4302 241
1 5 188 4356 4362 1427 1127 4395 4398 1467
1 5 4356 663 4357 4362 4395 4393 4397 4398
1 5 4362 4357 665 4358 4398 4397 4394 4396
1 5 1427 4362 4358 245 1467 4398 4396 1464
1 5 1127 4395 4398 1467 37 4051 4059 1462
1 5 4395 4393 4397 4398 4051 619 4052 4059
1 5 4398 4397 4394 4396 4059 4052 621 4053
1 5 1467 4398 4396 1464 1462 4059 4053 239
1 5 663 4370 4376 4357 4393 4401 4404 4397
1 5 4370 661 4371 4376 4401 4399 4403 4404
1 5 4376 4371 664 4372 4404 4403 4400 4402
1 5 4357 4376 4372 665 4397 4404 4402 4394
1 5 4393 4401 4404 4397 619 4065 4069 4052
1 5 4401 4399 4403 4404 4065 38 3972 4069
1 5 4404 4403 4400 4402 4069 3972 608 4066
1 5 4397 4404 4402 4394 4052 4069 4066 621
1 5 665 4372 4386 4384 4394 4402 4407 4405
1 5 4372 664 4383 4386 4402 4400 4406 4407
1 5 4386 4383 643 4315 4407 4406 4274 4344
1 5 4384 4386 4315 656 4405 4407 4344 4338
1 5 4394 4402 4407 4405 621 4066 4079 4075
1 5 4402 4400 4406 4407 4066 608 4017 4079
1 5 4407 4406 4274 4344 4079 4017 43 4074
1 5 4405 4407 4344 4338 4075 4079 4074 620
1 5 245 4358 4391 1438 1464 4396 4408 1477
1 5 4358 665 4384 4391 4396 4394 4405 4408
1 5 4391 4384 656 4302 4408 4405 4338 4340
1 5 1438 4391 4302 241 1477 4408 4340 1472
1 5 1464 4396 4408 1477 239 4053 4086 1469
1 5 4396 4394 4405 4408 4053 621 4075 4086
1 5 4408 4405 4338 4340 4086 4075 620 4084
1 5 1477 4408 4340 1472 1469 4086 4084 42
1 5 13 4409 4417 4368 4373 4419 4422 4379
1 5 4409 666 4410 4417 4419 4415 4421 4422
1 5 4417 4410 669 4411 4422 4421 4416 4420
1 5 4368 4417 4411 660 4379 4422 4420 4374
1 5 4373 4419 4422 4379 661 4412 4418 4371
1 5 4419 4415 4421 4422 4412 670 4413 4418
1 5 4422 4421 4416 4420 4418 4413 672 4414
1 5 4379 4422 4420 4374 4371 4418 4414 664
1 5 666 4423 4431 4410 4415 4433 4436 4421
1 5 4423 14 4424 4431 4433 4429 4435 4436
1 5 4431 4424 667 4425 4436 4435 4430 4434
1 5 4410 4431 4425 669 4421 4436 4434 4416
1 5 4415 4433 4436 4421 670 4426 4432 4413
1 5 4433 4429 4435 4436 4426 668 4427 4432
1 5 4436 4435 4430 4434 4432 4427 671 4428
1 5 4421 4436 4434 4416 4413 4432 4428 672
1 5 669 4425 4441 4438 4416 4434 4445 4443
1 5 4425 667 4437 4441 4434 4430 4444 4445
1 5 4441 4437 19 4236 4445 4444 4242 4246
1 5 4438 4441 4236 639 4443 4445 4246 4226
1 5 4416 4434 4445 4443 672 4428 4442 4440
1 5 4434 4430 4444 4445 4428 671 4439 4442
1 5 4445 4444 4242 4246 4442 4439 644 4239
1 5 4443 4445 4246 4226 4440 4442 4239 648
1 5 660 4411 4446 4381 4374 4420 4448 4388
1 5 4411 669 4438 4446 4420 4416 4443 4448
1 5 4446 4438 639 4217 4448 4443 4226 4231
1 5 4381 4446 4217 18 4388 4448 4231 4225
1 5 4374 4420 4448 4388 664 4414 4447 4383
1 5 4420 4416 4443 4448 4414 672 4440 4447
1 5 4448 4443 4226 4231 4447 4440 648 4221
1 5 4388 4448 4231 4225 4383 4447 4221 643
1 5 661 4412 4418 4371 4399 4451 4454 4403
1 5 4412 670 4413 4418 4451 4449 4453 4454
1 5 4418 4413 672 4414 4454 4453 4450 4452
1 5 4371 4418 4414 664 4403 4454 4452 4400
1 5 4399 4451 4454 4403 38 3969 3981 3972
1 5 4451 4449 4453 4454 3969 605 3970 3981
1 5 4454 4453 4450 4452 3981 3970 613 3971
1 5 4403 4454 4452 4400 3972 3981 3971 608
1 5 670 4426 4432 4413 4449 4457 4460 4453
1 5 4426 668 4427 4432 4457 4455 4459 4460
1 5 4432 4427 671 4428 4460 4459 4456 4458
1 5 4413 4432 4428 672 4453 4460 4458 4450
1 5 4449 4457 4460 4453 605 3988 3996 3970
1 5 4457 4455 4459 4460 3988 39 3989 3996
1 5 4460 4459 4456 4458 3996 3989 606 3990
1 5 4453 4460 4458 4450 3970 3996 3990 613
1 5 672 4428 4442 4440 4450 4458 4463 4461
1 5 4428 671 4439 4442 4458 4456 4462 4463
1 5 4442 4439 644 4239 4463 4462 4283 4285
1 5 4440 4442 4239 648 4461 4463 4285 4275
1 5 4450 4458 4463 4461 613 3990 4010 4004
1 5 4458 4456 4462 4463 3990 606 4002 4010
1 5 4463 4462 4283 4285 4010 4002 44 4003
1 5 4461 4463 4285 4275 4004 4010 4003 607
1 5 664 4414 4447 4383 4400 4452 4464 4406
1 5 4414 672 4440 4447 4452 4450 4461 4464
1 5 4447 4440 648 4221 4464 4461 4275 4278
1 5 4383 4447 4221 643 4406 4464 4278 4274
1 5 4400 4452 4464 4406 608 3971 4021 4017
1 5 4452 4450 4461 4464 3971 613 4004 4021
1 5 4464 4461 4275 4278 4021 4004 607 4016
1 5 4406 4464 4278 4274 4017 4021 4016 43
1 5 8 4465 4477 4468 4473 4479 4483 4481
1 5 4465 673 4466 4477 4479 4474 4482 4483
1 5 4477 4466 681 4467 4483 4482 4475 4480
1 5 4468 4477 4467 675 4481 4483 4480 4476
1 5 4473 4479 4483 4481 679 4469 4478 4472
1 5 4479 4474 4482 4483 4469 683 4470 4478
1 5 4483 4482 4475 4480 4478 4470 686 4471
1 5 4481 4483 4480 4476 4472 4478 4471 684
1 5 673 4484 4492 4466 4474 4494 4497 4482
1 5 4484 9 4485 4492 4494 4490 4496 4497
1 5 4492 4485 674 4486 4497 4496 4491 4495
1 5 4466 4492 4486 681 4482 4497 4495 4475
1 5 4474 4494 4497 4482 683 4487 4493 4470
1 5 4494 4490 4496 4497 4487 680 4488 4493
1 5 4497 4496 4491 4495 4493 4488 685 4489
1 5 4482 4497 4495 4475 4470 4493 4489 686
1 5 681 4486 4502 4499 4475 4495 4506 4504
1 5 4486 674 4498 4502 4495 4491 4505 4506
1 5 4502 4498 14 4423 4506 4505 4429 4433
1 5 4499 4502 4423 666 4504 4506 4433 4415
1 5 4475 4495 4506 4504 686 4489 4503 4501
1 5 4495 4491 4505 4506 4489 685 4500 4503
1 5 4506 4505 4429 4433 4503 4500 668 4426
1 5 4504 4506 4433 4415 4501 4503 4426 670
1 5 675 4467 4509 4507 4476 4480 4512 4511
1 5 4467 681 4499 4509 4480 4475 4504 4512
1 5 4509 4499 666 4409 4512 4504 4415 4419
1 5 4507 4509 4409 13 4511 4512 4419 4373
1 5 4476 4480 4512 4511 684 4471 4510 4508
1 5 4480 4475 4504 4512 4471 686 4501 4510
1 5 4512 4504 4415 4419 4510 4501 670 4412
1 5 4511 4512 4419 4373 4508 4510 4412 661
1 5 679 4469 4478 4472 4517 4522 4526 4524
1 5 4469 683 4470 4478 4522 4518 4525 4526
1 5 4478 4470 686 4471 4526 4525 4519 4523
1 5 4472 4478 4471 684 4524 4526 4523 4520
1 5 4517 4522 4526 4524 33 4513 4521 4516
1 5 4522 4518 4525 4526 4513 676 4514 4521
1 5 4526 4525 4519 4523 4521 4514 682 4515
1 5 4524 4526 4523 4520 4516 4521 4515 678
1 5 683 4487 4493 4470 4518 4533 4536 4525
1 5 4487 680 4488 4493 4533 4530 4535 4536
1 5 4493 4488 685 4489 4536 4535 4531 4534
1 5 4470 4493 4489 686 4525 4536 4534 4519
1 5 4518 4533 4536 4525 676 4527 4532 4514
1 5 4533 4530 4535 4536 4527 34 4528 4532
1 5 4536 4535 4531 4534 4532 4528 677 4529
1 5 4525 4536 4534 4519 4514 4532 4529 682
1 5 686 4489 4503 4501 4519 4534 4542 4540
1 5 4489 685 4500 4503 4534 4531 4541 4542
1 5 4503 4500 668 4426 4542 4541 4455 4457
1 5 4501 4503 4426 670 4540 4542 4457 4449
1 5 4519 4534 4542 4540 682 4529 4539 4538
1 5 4534 4531 4541 4542 4529 677 4537 4539
1 5 4542 4541 4455 4457 4539 4537 39 3988
1 5 4540 4542 4457 4449 4538 4539 3988 605
1 5 684 4471 4510 4508 4520 4523 4546 4545
1 5 4471 686 4501 4510 4523 4519 4540 4546
1 5 4510 4501 670 4412 4546 4540 4449 4451
1 5 4508 4510 4412 661 4545 4546 4451 4399
1 5 4520 4523 4546 4545 678 4515 4544 4543
1 5 4523 4519 4540 4546 4515 682 4538 4544
1 5 4546 4540 4449 4451 4544 4538 605 3969
1 5 4545 4546 4451 4399 4543 4544 3969 38
1 5 33 4513 4521 4516 4551 4556 4560 4558
1 5 4513 676 4514 4521 4556 4552 4559 4560
1 5 4521 4514 682 4515 4560 4559 4553 4557
1 5 4516 4521 4515 678 4558 4560 4557 4554
1 5 4551 4556 4560 4558 687 4547 4555 4550
1 5 4556 4552 4559 4560 4547 689 4548 4555
1 5 4560 4559 4553 4557 4555 4548 692 4549
1 5 4558 4560 4557 4554 4550 4555 4549 690
1 5 676 4527 4532 4514 4552 4567 4570 4559
1 5 4527 34 4528 4532 4567 4564 4569 4570
1 5 4532 4528 677 4529 4570 4569 4565 4568
1 5 4514 4532 4529 682 4559 4570 4568 4553
1 5 4552 4567 4570 4559 689 4561 4566 4548
1 5 4567 4564 4569 4570 4561 688 4562 4566
1 5 4570 4569 4565 4568 4566 4562 691 4563
1 5 4559 4570 4568 4553 4548 4566 4563 692
1 5 682 4529 4539 4538 4553 4568 4576 4574
1 5 4529 677 4537 4539 4568 4565 4575 4576
1 5 4539 4537 39 3988 4576 4575 3994 3998
1 5 4538 4539 3988 605 4574 4576 3998 3978
1 5 4553 4568 4576 4574 692 4563 4573 4572
1 5 4568 4565 4575 4576 4563 691 4571 4573
1 5 4576 4575 3994 3998 4573 4571 610 3991
1 5 4574 4576 3998 3978 4572 4573 3991 614
1 5 678 4515 4544 4543 4554 4557 4580 4579
1 5 4515 682 4538 4544 4557 4553 4574 4580
1 5 4544 4538 605 3969 4580 4574 3978 3983
1 5 4543 4544 3969 38 4579 4580 3983 3977
1 5 4554 4557 4580 4579 690 4549 4578 4577
1 5 4557 4553 4574 4580 4549 692 4572 4578
1 5 4580 4574 3978 3983 4578 4572 614 3973
1 5 4579 4580 3983 3977 4577 4578 3973 609
1 5 687 4547 4555 4550 4581 4585 4589 4587
1 5 4547 689 4548 4555 4585 4582 4588 4589
1 5 4555 4548 692 4549 4589 4588 4583 4586
1 5 4550 4555 4549 690 4587 4589 4586 4584
1 5 4581 4585 4589 4587 58 3199 3207 3153
1 5 4585 4582 4588 4589 3199 496 3200 3207
1 5 4589 4588 4583 4586 3207 3200 504 3201
1 5 4587 4589 4586 4584 3153 3207 3201 489
1 5 689 4561 4566 4548 4582 4592 4595 4588
1 5 4561 688 4562 4566 4592 4590 4594 4595
1 5 4566 4562 691 4563 4595 4594 4591 4593
1 5 4548 4566 4563 692 4588 4595 4593 4583
1 5 4582 4592 4595 4588 496 3213 3221 3200
1 5 4592 4590 4594 4595 3213 59 3214 3221
1 5 4595 4594 4591 4593 3221 3214 497 3215
1 5 4588 4595 4593 4583 3200 3221 3215 504
1 5 692 4563 4573 4572 4583 4593 4598 4596
1 5 4563 691 4571 4573 4593 4591 4597 4598
1 5 4573 4571 610 3991 4598 4597 4035 4037
1 5 4572 4573 3991 614 4596 4598 4037 4027
1 5 4583 4593 4598 4596 504 3215 3235 3229
1 5 4593 4591 4597 4598 3215 497 3227 3235
1 5 4598 4597 4035 4037 3235 3227 64 3228
1 5 4596 4598 4037 4027 3229 3235 3228 498
1 5 690 4549 4578 4577 4584 4586 4600 4599
1 5 4549 692 4572 4578 4586 4583 4596 4600
1 5 4578 4572 614 3973 4600 4596 4027 4030
1 5 4577 4578 3973 609 4599 4600 4030 4026
1 5 4584 4586 4600 4599 489 3201 3243 3163
1 5 4586 4583 4596 4600 3201 504 3229 3243
1 5 4600 4596 4027 4030 3243 3229 498 3241
1 5 4599 4600 4030 4026 3163 3243 3241 63
1 5 32 4601 4609 1117 943 4611 4614 1156
1 5 4601 693 4602 4609 4611 4607 4613 4614
1 5 4609 4602 694 4603 4614 4613 4608 4612
1 5 1117 4609 4603 185 1156 4614 4612 1153
1 5 943 4611 4614 1156 165 4604 4610 1151
1 5 4611 4607 4613 4614 4604 695 4605 4610
1 5 4614 4613 4608 4612 4610 4605 696 4606
1 5 1156 4614 4612 1153 1151 4610 4606 204
1 5 693 4615 4619 4602 4607 4621 4623 4613
1 5 4615 33 4516 4619 4621 4551 4558 4623
1 5 4619 4516 678 4616 4623 4558 4554 4622
1 5 4602 4619 4616 694 4613 4623 4622 4608
1 5 4607 4621 4623 4613 695 4617 4620 4605
1 5 4621 4551 4558 4623 4617 687 4550 4620
1 5 4623 4558 4554 4622 4620 4550 690 4618
1 5 4613 4623 4622 4608 4605 4620 4618 696
1 5 694 4616 4626 4624 4608 4622 4629 4628
1 5 4616 678 4543 4626 4622 4554 4579 4629
1 5 4626 4543 38 4065 4629 4579 3977 4071
1 5 4624 4626 4065 619 4628 4629 4071 4057
1 5 4608 4622 4629 4628 696 4618 4627 4625
1 5 4622 4554 4579 4629 4618 690 4577 4627
1 5 4629 4579 3977 4071 4627 4577 609 4067
1 5 4628 4629 4071 4057 4625 4627 4067 622
1 5 185 4603 4630 1124 1153 4612 4632 1166
1 5 4603 694 4624 4630 4612 4608 4628 4632
1 5 4630 4624 619 4051 4632 4628 4057 4061
1 5 1124 4630 4051 37 1166 4632 4061 1161
1 5 1153 4612 4632 1166 204 4606 4631 1158
1 5 4612 4608 4628 4632 4606 696 4625 4631
1 5 4632 4628 4057 4061 4631 4625 622 4054
1 5 1166 4632 4061 1161 1158 4631 4054 199
1 5 165 4604 4610 1151 980 4635 4638 1190
1 5 4604 695 4605 4610 4635 4633 4637 4638
1 5 4610 4605 696 4606 4638 4637 4634 4636
1 5 1151 4610 4606 204 1190 4638 4636 1187
1 5 980 4635 4638 1190 57 3117 3148 1185
1 5 4635 4633 4637 4638 3117 481 3143 3148
1 5 4638 4637 4634 4636 3148 3143 492 3144
1 5 1190 4638 4636 1187 1185 3148 3144 196
1 5 695 4617 4620 4605 4633 4639 4641 4637
1 5 4617 687 4550 4620 4639 4581 4587 4641
1 5 4620 4550 690 4618 4641 4587 4584 4640
1 5 4605 4620 4618 696 4637 4641 4640 4634
1 5 4633 4639 4641 4637 481 3104 3158 3143
1 5 4639 4581 4587 4641 3104 58 3153 3158
1 5 4641 4587 4584 4640 3158 3153 489 3154
1 5 4637 4641 4640 4634 3143 3158 3154 492
1 5 696 4618 4627 4625 4634 4640 4643 4642
1 5 4618 690 4577 4627 4640 4584 4599 4643
1 5 4627 4577 609 4067 4643 4599 4026 4096
1 5 4625 4627 4067 622 4642 4643 4096 4090
1 5 4634 4640 4643 4642 492 3154 3171 3165
1 5 4640 4584 4599 4643 3154 489 3163 3171
1 5 4643 4599 4026 4096 3171 3163 63 3164
1 5 4642 4643 4096 4090 3165 3171 3164 490
1 5 204 4606 4631 1158 1187 4636 4644 1200
1 5 4606 696 4625 4631 4636 4634 4642 4644
1 5 4631 4625 622 4054 4644 4642 4090 4092
1 5 1158 4631 4054 199 1200 4644 4092 1195
1 5 1187 4636 4644 1200 196 3144 3179 1192
1 5 4636 4634 4642 4644 3144 492 3165 3179
1 5 4644 4642 4090 4092 3179 3165 490 3177
1 5 1200 4644 4092 1195 1192 3179 3177 62
1 5 7 4645 4653 1073 1025 4655 4658 1081
1 5 4645 697 4646 4653 4655 4651 4657 4658
1 5 4653 4646 698 4647 4658 4657 4652 4656
1 5 1073 4653 4647 182 1081 4658 4656 1077
1 5 1025 4655 4658 1081 176 4648 4654 1075
1 5 4655 4651 4657 4658 4648 699 4649 4654
1 5 4658 4657 4652 4656 4654 4649 700 4650
1 5 1081 4658 4656 1077 1075 4654 4650 194
1 5 697 4659 4663 4646 4651 4665 4667 4657
1 5 4659 8 4468 4663 4665 4473 4481 4667
1 5 4663 4468 675 4660 4667 4481 4476 4666
1 5 4646 4663 4660 698 4657 4667 4666 4652
1 5 4651 4665 4667 4657 699 4661 4664 4649
1 5 4665 4473 4481 4667 4661 679 4472 4664
1 5 4667 4481 4476 4666 4664 4472 684 4662
1 5 4657 4667 4666 4652 4649 4664 4662 700
1 5 698 4660 4670 4668 4652 4666 4673 4672
1 5 4660 675 4507 4670 4666 4476 4511 4673
1 5 4670 4507 13 4367 4673 4511 4373 4377
1 5 4668 4670 4367 659 4672 4673 4377 4359
1 5 4652 4666 4673 4672 700 4662 4671 4669
1 5 4666 4476 4511 4673 4662 684 4508 4671
1 5 4673 4511 4373 4377 4671 4508 661 4370
1 5 4672 4673 4377 4359 4669 4671 4370 663
1 5 182 4647 4674 1083 1077 4656 4676 1095
1 5 4647 698 4668 4674 4656 4652 4672 4676
1 5 4674 4668 659 4353 4676 4672 4359 4363
1 5 1083 4674 4353 12 1095 4676 4363 1089
1 5 1077 4656 4676 1095 194 4650 4675 1086
1 5 4656 4652 4672 4676 4650 700 4669 4675
1 5 4676 4672 4359 4363 4675 4669 663 4356
1 5 1095 4676 4363 1089 1086 4675 4356 188
1 5 176 4648 4654 1075 1051 4679 4682 1122
1 5 4648 699 4649 4654 4679 4677 4681 4682
1 5 4654 4649 700 4650 4682 4681 4678 4680
1 5 1075 4654 4650 194 1122 4682 4680 1119
1 5 1051 4679 4682 1122 32 4601 4609 1117
1 5 4679 4677 4681 4682 4601 693 4602 4609
1 5 4682 4681 4678 4680 4609 4602 694 4603
1 5 1122 4682 4680 1119 1117 4609 4603 185
1 5 699 4661 4664 4649 4677 4683 4685 4681
1 5 4661 679 4472 4664 4683 4517 4524 4685
1 5 4664 4472 684 4662 4685 4524 4520 4684
1 5 4649 4664 4662 700 4681 4685 4684 4678
1 5 4677 4683 4685 4681 693 4615 4619 4602
1 5 4683 4517 4524 4685 4615 33 4516 4619
1 5 4685 4524 4520 4684 4619 4516 678 4616
1 5 4681 4685 4684 4678 4602 4619 4616 694
1 5 700 4662 4671 4669 4678 4684 4687 4686
1 5 4662 684 4508 4671 4684 4520 4545 4687
1 5 4671 4508 661 4370 4687 4545 4399 4401
1 5 4669 4671 4370 663 4686 4687 4401 4393
1 5 4678 4684 4687 4686 694 4616 4626 4624
1 5 4684 4520 4545 4687 4616 678 4543 4626
1 5 4687 4545 4399 4401 4626 4543 38 4065
1 5 4686 4687 4401 4393 4624 4626 4065 619
1 5 194 4650 4675 1086 1119 4680 4688 1132
1 5 4650 700 4669 4675 4680 4678 4686 4688
1 5 4675 4669 663 4356 4688 4686 4393 4395
1 5 1086 4675 4356 188 1132 4688 4395 1127
1 5 1119 4680 4688 1132 185 4603 4630 1124
1 5 4680 4678 4686 4688 4603 694 4624 4630
1 5 4688 4686 4393 4395 4630 4624 619 4051
1 5 1132 4688 4395 1127 1124 4630 4051 37
1 5 2 4689 4697 1006 1011 4699 4702 1017
1 5 4689 701 4690 4697 4699 4695 4701 4702
1 5 4697 4690 706 4691 4702 4701 4696 4700
1 5 1006 4697 4691 173 1017 4702 4700 1012
1 5 1011 4699 4702 1017 175 4692 4698 1009
1 5 4699 4695 4701 4702 4692 708 4693 4698
1 5 4702 4701 4696 4700 4698 4693 710 4694
1 5 1017 4702 4700 1012 1009 4698 4694 180
1 5 701 4703 4711 4690 4695 4713 4716 4701
1 5 4703 3 4704 4711 4713 4709 4715 4716
1 5 4711 4704 702 4705 4716 4715 4710 4714
1 5 4690 4711 4705 706 4701 4716 4714 4696
1 5 4695 4713 4716 4701 708 4706 4712 4693
1 5 4713 4709 4715 4716 4706 705 4707 4712
1 5 4716 4715 4710 4714 4712 4707 709 4708
1 5 4701 4716 4714 4696 4693 4712 4708 710
1 5 706 4705 4721 4718 4696 4714 4725 4723
1 5 4705 702 4717 4721 4714 4710 4724 4725
1 5 4721 4717 8 4659 4725 4724 4473 4665
1 5 4718 4721 4659 697 4723 4725 4665 4651
1 5 4696 4714 4725 4723 710 4708 4722 4720
1 5 4714 4710 4724 4725 4708 709 4719 4722
1 5 4725 4724 4473 4665 4722 4719 679 4661
1 5 4723 4725 4665 4651 4720 4722 4661 699
1 5 173 4691 4726 1019 1012 4700 4728 1031
1 5 4691 706 4718 4726 4700 4696 4723 4728
1 5 4726 4718 697 4645 4728 4723 4651 4655
1 5 1019 4726 4645 7 1031 4728 4655 1025
1 5 1012 4700 4728 1031 180 4694 4727 1022
1 5 4700 4696 4723 4728 4694 710 4720 4727
1 5 4728 4723 4651 4655 4727 4720 699 4648
1 5 1031 4728 4655 1025 1022 4727 4648 176
1 5 175 4692 4698 1009 1045 4735 4738 1049
1 5 4692 708 4693 4698 4735 4732 4737 4738
1 5 4698 4693 710 4694 4738 4737 4733 4736
1 5 1009 4698 4694 180 1049 4738 4736 1046
1 5 1045 4735 4738 1049 27 4729 4734 924
1 5 4735 4732 4737 4738 4729 703 4730 4734
1 5 4738 4737 4733 4736 4734 4730 707 4731
1 5 1049 4738 4736 1046 924 4734 4731 159
1 5 708 4706 4712 4693 4732 4745 4748 4737
1 5 4706 705 4707 4712 4745 4742 4747 4748
1 5 4712 4707 709 4708 4748 4747 4743 4746
1 5 4693 4712 4708 710 4737 4748 4746 4733
1 5 4732 4745 4748 4737 703 4739 4744 4730
1 5 4745 4742 4747 4748 4739 28 4740 4744
1 5 4748 4747 4743 4746 4744 4740 704 4741
1 5 4737 4748 4746 4733 4730 4744 4741 707
1 5 710 4708 4722 4720 4733 4746 4754 4752
1 5 4708 709 4719 4722 4746 4743 4753 4754
1 5 4722 4719 679 4661 4754 4753 4517 4683
1 5 4720 4722 4661 699 4752 4754 4683 4677
1 5 4733 4746 4754 4752 707 4741 4751 4750
1 5 4746 4743 4753 4754 4741 704 4749 4751
1 5 4754 4753 4517 4683 4751 4749 33 4615
1 5 4752 4754 4683 4677 4750 4751 4615 693
1 5 180 4694 4727 1022 1046 4736 4756 1055
1 5 4694 710 4720 4727 4736 4733 4752 4756
1 5 4727 4720 699 4648 4756 4752 4677 4679
1 5 1022 4727 4648 176 1055 4756 4679 1051
1 5 1046 4736 4756 1055 159 4731 4755 937
1 5 4736 4733 4752 4756 4731 707 4750 4755
1 5 4756 4752 4677 4679 4755 4750 693 4601
1 5 1055 4756 4679 1051 937 4755 4601 32
1 5 27 4729 4734 924 929 4763 4766 935
1 5 4729 703 4730 4734 4763 4760 4765 4766
1 5 4734 4730 707 4731 4766 4765 4761 4764
1 5 924 4734 4731 159 935 4766 4764 930
1 5 929 4763 4766 935 164 4757 4762 927
1 5 4763 4760 4765 4766 4757 712 4758 4762
1 5 4766 4765 4761 4764 4762 4758 714 4759
1 5 935 4766 4764 930 927 4762 4759 170
1 5 703 4739 4744 4730 4760 4773 4776 4765
1 5 4739 28 4740 4744 4773 4770 4775 4776
1 5 4744 4740 704 4741 4776 4775 4771 4774
1 5 4730 4744 4741 707 4765 4776 4774 4761
1 5 4760 4773 4776 4765 712 4767 4772 4758
1 5 4773 4770 4775 4776 4767 711 4768 4772
1 5 4776 4775 4771 4774 4772 4768 713 4769
1 5 4765 4776 4774 4761 4758 4772 4769 714
1 5 707 4741 4751 4750 4761 4774 4782 4780
1 5 4741 704 4749 4751 4774 4771 4781 4782
1 5 4751 4749 33 4615 4782 4781 4551 4621
1 5 4750 4751 4615 693 4780 4782 4621 4607
1 5 4761 4774 4782 4780 714 4769 4779 4778
1 5 4774 4771 4781 4782 4769 713 4777 4779
1 5 4782 4781 4551 4621 4779 4777 687 4617
1 5 4780 4782 4621 4607 4778 4779 4617 695
1 5 159 4731 4755 937 930 4764 4784 949
1 5 4731 707 4750 4755 4764 4761 4780 4784
1 5 4755 4750 693 4601 4784 4780 4607 4611
1 5 937 4755 4601 32 949 4784 4611 943
1 5 930 4764 4784 949 170 4759 4783 940
1 5 4764 4761 4780 4784 4759 714 4778 4783
1 5 4784 4780 4607 4611 4783 4778 695 4604
1 5 949 4784 4611 943 940 4783 4604 165
1 5 164 4757 4762 927 970 4787 4790 975
1 5 4757 712 4758 4762 4787 4785 4789 4790
1 5 4762 4758 714 4759 4790 4789 4786 4788
1 5 927 4762 4759 170 975 4790 4788 971
1 5 970 4787 4790 975 52 3075 3083 968
1 5 4787 4785 4789 4790 3075 479 3076 3083
1 5 4790 4789 4786 4788 3083 3076 484 3077
1 5 975 4790 4788 971 968 3083 3077 162
1 5 712 4767 4772 4758 4785 4793 4796 4789
1 5 4767 711 4768 4772 4793 4791 4795 4796
1 5 4772 4768 713 4769 4796 4795 4792 4794
1 5 4758 4772 4769 714 4789 4796 4794 4786
1 5 4785 4793 4796 4789 479 3089 3097 3076
1 5 4793 4791 4795 4796 3089 53 3090 3097
1 5 4796 4795 4792 4794 3097 3090 480 3091
1 5 4789 4796 4794 4786 3076 3097 3091 484
1 5 714 4769 4779 4778 4786 4794 4799 4797
1 5 4769 713 4777 4779 4794 4792 4798 4799
1 5 4779 4777 687 4617 4799 4798 4581 4639
1 5 4778 4779 4617 695 4797 4799 4639 4633
1 5 4786 4794 4799 4797 484 3091 3111 3105
1 5 4794 4792 4798 4799 3091 480 3103 3111
1 5 4799 4798 4581 4639 3111 3103 58 3104
1 5 4797 4799 4639 4633 3105 3111 3104 481
1 5 170 4759 4783 940 971 4788 4800 985
1 5 4759 714 4778 4783 4788 4786 4797 4800
1 5 4783 4778 695 4604 4800 4797 4633 4635
1 5 940 4783 4604 165 985 4800 4635 980
1 5 971 4788 4800 985 162 3077 3119 977
1 5 4788 4786 4797 4800 3077 484 3105 3119
1 5 4800 4797 4633 4635 3119 3105 481 3117
1 5 985 4800 4635 980 977 3119 3117 57
1 5 28 4801 4809 4740 4770 4811 4814 4775
1 5 4801 715 4802 4809 4811 4807 4813 4814
1 5 4809 4802 718 4803 4814 4813 4808 4812
1 5 4740 4809 4803 704 4775 4814 4812 4771
1 5 4770 4811 4814 4775 711 4804 4810 4768
1 5 4811 4807 4813 4814 4804 719 4805 4810
1 5 4814 4813 4808 4812 4810 4805 721 4806
1 5 4775 4814 4812 4771 4768 4810 4806 713
1 5 715 4815 4823 4802 4807 4825 4828 4813
1 5 4815 29 4816 4823 4825 4821 4827 4828
1 5 4823 4816 716 4817 4828 4827 4822 4826
1 5 4802 4823 4817 718 4813 4828 4826 4808
1 5 4807 4825 4828 4813 719 4818 4824 4805
1 5 4825 4821 4827 4828 4818 717 4819 4824
1 5 4828 4827 4822 4826 4824 4819 720 4820
1 5 4813 4828 4826 4808 4805 4824 4820 721
1 5 718 4817 4833 4830 4808 4826 4837 4835
1 5 4817 716 4829 4833 4826 4822 4836 4837
1 5 4833 4829 34 4527 4837 4836 4564 4567
1 5 4830 4833 4527 676 4835 4837 4567 4552
1 5 4808 4826 4837 4835 721 4820 4834 4832
1 5 4826 4822 4836 4837 4820 720 4831 4834
1 5 4837 4836 4564 4567 4834 4831 688 4561
1 5 4835 4837 4567 4552 4832 4834 4561 689
1 5 704 4803 4838 4749 4771 4812 4840 4781
1 5 4803 718 4830 4838 4812 4808 4835 4840
1 5 4838 4830 676 4513 4840 4835 4552 4556
1 5 4749 4838 4513 33 4781 4840 4556 4551
1 5 4771 4812 4840 4781 713 4806 4839 4777
1 5 4812 4808 4835 4840 4806 721 4832 4839
1 5 4840 4835 4552 4556 4839 4832 689 4547
1 5 4781 4840 4556 4551 4777 4839 4547 687
1 5 711 4804 4810 4768 4791 4843 4846 4795
1 5 4804 719 4805 4810 4843 4841 4845 4846
1 5 4810 4805 721 4806 4846 4845 4842 4844
1 5 4768 4810 4806 713 4795 4846 4844 4792
1 5 4791 4843 4846 4795 53 3281 3289 3090
1 5 4843 4841 4845 4846 3281 510 3282 3289
1 5 4846 4845 4842 4844 3289 3282 515 3283
1 5 4795 4846 4844 4792 3090 3289 3283 480
1 5 719 4818 4824 4805 4841 4849 4852 4845
1 5 4818 717 4819 4824 4849 4847 4851 4852
1 5 4824 4819 720 4820 4852 4851 4848 4850
1 5 4805 4824 4820 721 4845 4852 4850 4842
1 5 4841 4849 4852 4845 510 3295 3303 3282
1 5 4849 4847 4851 4852 3295 54 3296 3303
1 5 4852 4851 4848 4850 3303 3296 511 3297
1 5 4845 4852 4850 4842 3282 3303 3297 515
1 5 721 4820 4834 4832 4842 4850 4855 4853
1 5 4820 720 4831 4834 4850 4848 4854 4855
1 5 4834 4831 688 4561 4855 4854 4590 4592
1 5 4832 4834 4561 689 4853 4855 4592 4582
1 5 4842 4850 4855 4853 515 3297 3313 3310
1 5 4850 4848 4854 4855 3297 511 3309 3313
1 5 4855 4854 4590 4592 3313 3309 59 3213
1 5 4853 4855 4592 4582 3310 3313 3213 496
1 5 713 4806 4839 4777 4792 4844 4856 4798
1 5 4806 721 4832 4839 4844 4842 4853 4856
1 5 4839 4832 689 4547 4856 4853 4582 4585
1 5 4777 4839 4547 687 4798 4856 4585 4581
1 5 4792 4844 4856 4798 480 3283 3318 3103
1 5 4844 4842 4853 4856 3283 515 3310 3318
1 5 4856 4853 4582 4585 3318 3310 496 3199
1 5 4798 4856 4585 4581 3103 3318 3199 58
1 5 3 4857 4865 4704 4709 4867 4870 4715
1 5 4857 722 4858 4865 4867 4863 4869 4870
1 5 4865 4858 725 4859 4870 4869 4864 4868
1 5 4704 4865 4859 702 4715 4870 4868 4710
1 5 4709 4867 4870 4715 705 4860 4866 4707
1 5 4867 4863 4869 4870 4860 726 4861 4866
1 5 4870 4869 4864 4868 4866 4861 728 4862
1 5 4715 4870 4868 4710 4707 4866 4862 709
1 5 722 4871 4879 4858 4863 4881 4884 4869
1 5 4871 4 4872 4879 4881 4877 4883 4884
1 5 4879 4872 723 4873 4884 4883 4878 4882
1 5 4858 4879 4873 725 4869 4884 4882 4864
1 5 4863 4881 4884 4869 726 4874 4880 4861
1 5 4881 4877 4883 4884 4874 724 4875 4880
1 5 4884 4883 4878 4882 4880 4875 727 4876
1 5 4869 4884 4882 4864 4861 4880 4876 728
1 5 725 4873 4889 4886 4864 4882 4893 4891
1 5 4873 723 4885 4889 4882 4878 4892 4893
1 5 4889 4885 9 4484 4893 4892 4490 4494
1 5 4886 4889 4484 673 4891 4893 4494 4474
1 5 4864 4882 4893 4891 728 4876 4890 4888
1 5 4882 4878 4892 4893 4876 727 4887 4890
1 5 4893 4892 4490 4494 4890 4887 680 4487
1 5 4891 4893 4494 4474 4888 4890 4487 683
1 5 702 4859 4894 4717 4710 4868 4896 4724
1 5 4859 725 4886 4894 4868 4864 4891 4896
1 5 4894 4886 673 4465 4896 4891 4474 4479
1 5 4717 4894 4465 8 4724 4896 4479 4473
1 5 4710 4868 4896 4724 709 4862 4895 4719
1 5 4868 4864 4891 4896 4862 728 4888 4895
1 5 4896 4891 4474 4479 4895 4888 683 4469
1 5 4724 4896 4479 4473 4719 4895 4469 679
1 5 705 4860 4866 4707 4742 4899 4902 4747
1 5 4860 726 4861 4866 4899 4897 4901 4902
1 5 4866 4861 728 4862 4902 4901 4898 4900
1 5 4707 4866 4862 709 4747 4902 4900 4743
1 5 4742 4899 4902 4747 28 4801 4809 4740
1 5 4899 4897 4901 4902 4801 715 4802 4809
1 5 4902 4901 4898 4900 4809 4802 718 4803
1 5 4747 4902 4900 4743 4740 4809 4803 704
1 5 726 4874 4880 4861 4897 4905 4908 4901
1 5 4874 724 4875 4880 4905 4903 4907 4908
1 5 4880 4875 727 4876 4908 4907 4904 4906
1 5 4861 4880 4876 728 4901 4908 4906 4898
1 5 4897 4905 4908 4901 715 4815 4823 4802
1 5 4905 4903 4907 4908 4815 29 4816 4823
1 5 4908 4907 4904 4906 4823 4816 716 4817
1 5 4901 4908 4906 4898 4802 4823 4817 718
1 5 728 4876 4890 4888 4898 4906 4911 4909
1 5 4876 727 4887 4890 4906 4904 4910 4911
1 5 4890 4887 680 4487 4911 4910 4530 4533
1 5 4888 4890 4487 683 4909 4911 4533 4518
1 5 4898 4906 4911 4909 718 4817 4833 4830
1 5 4906 4904 4910 4911 4817 716 4829 4833
1 5 4911 4910 4530 4533 4833 4829 34 4527
1 5 4909 4911 4533 4518 4830 4833 4527 676
1 5 709 4862 4895 4719 4743 4900 4912 4753
1 5 4862 728 4888 4895 4900 4898 4909 4912
1 5 4895 4888 683 4469 4912 4909 4518 4522
1 5 4719 4895 4469 679 4753 4912 4522 4517
1 5 4743 4900 4912 4753 704 4803 4838 4749
1 5 4900 4898 4909 4912 4803 718 4830 4838
1 5 4912 4909 4518 4522 4838 4830 676 4513
1 5 4753 4912 4522 4517 4749 4838 4513 33

boundary
1536
1 3 0 732 741 729
1 3 732 128 731 741
1 3 741 731 137 730
1 3 729 741 730 125
1 3 128 777 781 731
1 3 777 5 776 781
1 3 781 776 127 764
1 3 731 781 764 137
1 3 137 764 770 750
1 3 764 127 763 770
1 3 770 763 6 762
1 3 750 770 762 126
1 3 125 730 756 748
1 3 730 137 750 756
1 3 756 750 126 749
1 3 748 756 749 1
1 3 1 749 999 991
1 3 749 126 993 999
1 3 999 993 177 992
1 3 991 999 992 172
1 3 126 762 1035 993
1 3 762 6 1033 1035
1 3 1035 1033 174 1021
1 3 993 1035 1021 177
1 3 177 1021 1027 1007
1 3 1021 174 1020 1027
1 3 1027 1020 7 1019
1 3 1007 1027 1019 173
1 3 172 992 1013 1005
1 3 992 177 1007 1013
1 3 1013 1007 173 1006
1 3 1005 1013 1006 2
1 3 2 1006 4697 4689
1 3 1006 173 4691 4697
1 3 4697 4691 706 4690
1 3 4689 4697 4690 701
1 3 173 1019 4726 4691
1 3 1019 7 4645 4726
1 3 4726 4645 697 4718
1 3 4691 4726 4718 706
1 3 706 4718 4721 4705
1 3 4718 697 4659 4721
1 3 4721 4659 8 4717
1 3 4705 4721 4717 702
1 3 701 4690 4711 4703
1 3 4690 706 4705 4711
1 3 4711 4705 702 4704
1 3 4703 4711 4704 3
1 3 3 4704 4865 4857
1 3 4704 702 4859 4865
1 3 4865 4859 725 4858
1 3 4857 4865 4858 722
1 3 702 4717 4894 4859
1 3 4717 8 4465 4894
1 3 4894 4465 673 4886
1 3 4859 4894 4886 725
1 3 725 4886 4889 4873
1 3 4886 673 4484 4889
1 3 4889 4484 9 4885
1 3 4873 4889 4885 723
1 3 722 4858 4879 4871
1 3 4858 725 4873 4879
1 3 4879 4873 723 4872
1 3 4871 4879 4872 4
1 3 5 1279 1285 776
1 3 1279 217 1278 1285
1 3 1285 1278 219 1277
1 3 776 1285 1277 127
1 3 217 1308 1312 1278
1 3 1308 10 1307 1312
1 3 1312 1307 216 1298
1 3 1278 1312 1298 219
1 3 219 1298 1302 1291
1 3 1298 216 1297 1302
1 3 1302 1297 11 1098
1 3 1291 1302 1098 184
1 3 127 1277 1293 763
1 3 1277 219 1291 1293
1 3 1293 1291 184 1061
1 3 763 1293 1061 6
1 3 6 1061 1067 1033
1 3 1061 184 1060 1067
1 3 1067 1060 190 1059
1 3 1033 1067 1059 174
1 3 184 1098 1102 1060
1 3 1098 11 1097 1102
1 3 1102 1097 183 1085
1 3 1060 1102 1085 190
1 3 190 1085 1091 1074
1 3 1085 183 1084 1091
1 3 1091 1084 12 1083
1 3 1074 1091 1083 182
1 3 174 1059 1078 1020
1 3 1059 190 1074 1078
1 3 1078 1074 182 1073
1 3 1020 1078 1073 7
1 3 7 1073 4653 4645
1 3 1073 182 4647 4653
1 3 4653 4647 698 4646
1 3 4645 4653 4646 697
1 3 182 1083 4674 4647
1 3 1083 12 4353 4674
1 3 4674 4353 659 4668
1 3 4647 4674 4668 698
1 3 698 4668 4670 4660
1 3 4668 659 4367 4670
1 3 4670 4367 13 4507
1 3 4660 4670 4507 675
1 3 697 4646 4663 4659
1 3 4646 698 4660 4663
1 3 4663 4660 675 4468
1 3 4659 4663 4468 8
1 3 8 4468 4477 4465
1 3 4468 675 4467 4477
1 3 4477 4467 681 4466
1 3 4465 4477 4466 673
1 3 675 4507 4509 4467
1 3 4507 13 4409 4509
1 3 4509 4409 666 4499
1 3 4467 4509 4499 681
1 3 681 4499 4502 4486
1 3 4499 666 4423 4502
1 3 4502 4423 14 4498
1 3 4486 4502 4498 674
1 3 673 4466 4492 4484
1 3 4466 681 4486 4492
1 3 4492 4486 674 4485
1 3 4484 4492 4485 9
1 3 10 1335 1341 1307
1 3 1335 225 1334 1341
1 3 1341 1334 231 1333
1 3 1307 1341 1333 216
1 3 225 1372 1376 1334
1 3 1372 15 1371 1376
1 3 1376 1371 224 1359
1 3 1334 1376 1359 231
1 3 231 1359 1365 1348
1 3 1359 224 1358 1365
1 3 1365 1358 16 1357
1 3 1348 1365 1357 223
1 3 216 1333 1352 1297
1 3 1333 231 1348 1352
1 3 1352 1348 223 1347
1 3 1297 1352 1347 11
1 3 11 1347 1420 1097
1 3 1347 223 1416 1420
1 3 1420 1416 242 1415
1 3 1097 1420 1415 183
1 3 223 1357 1451 1416
1 3 1357 16 1449 1451
1 3 1451 1449 238 1437
1 3 1416 1451 1437 242
1 3 242 1437 1443 1426
1 3 1437 238 1436 1443
1 3 1443 1436 17 1435
1 3 1426 1443 1435 237
1 3 183 1415 1430 1084
1 3 1415 242 1426 1430
1 3 1430 1426 237 1425
1 3 1084 1430 1425 12
1 3 12 1425 4361 4353
1 3 1425 237 4355 4361
1 3 4361 4355 662 4354
1 3 4353 4361 4354 659
1 3 237 1435 4390 4355
1 3 1435 17 4299 4390
1 3 4390 4299 653 4382
1 3 4355 4390 4382 662
1 3 662 4382 4385 4369
1 3 4382 653 4313 4385
1 3 4385 4313 18 4381
1 3 4369 4385 4381 660
1 3 659 4354 4375 4367
1 3 4354 662 4369 4375
1 3 4375 4369 660 4368
1 3 4367 4375 4368 13
1 3 13 4368 4417 4409
1 3 4368 660 4411 4417
1 3 4417 4411 669 4410
1 3 4409 4417 4410 666
1 3 660 4381 4446 4411
1 3 4381 18 4217 4446
1 3 4446 4217 639 4438
1 3 4411 4446 4438 669
1 3 669 4438 4441 4425
1 3 4438 639 4236 4441
1 3 4441 4236 19 4437
1 3 4425 4441 4437 667
1 3 666 4410 4431 4423
1 3 4410 669 4425 4431
1 3 4431 4425 667 4424
1 3 4423 4431 4424 14
1 3 15 1567 1573 1371
1 3 1567 262 1566 1573
1 3 1573 1566 266 1565
1 3 1371 1573 1565 224
1 3 262 1596 1600 1566
1 3 1596 20 1595 1600
1 3 1600 1595 261 1586
1 3 1566 1600 1586 266
1 3 266 1586 1590 1579
1 3 1586 261 1585 1590
1 3 1590 1585 21 1522
1 3 1579 1590 1522 249
1 3 224 1565 1581 1358
1 3 1565 266 1579 1581
1 3 1581 1579 249 1485
1 3 1358 1581 1485 16
1 3 16 1485 1491 1449
1 3 1485 249 1484 1491
1 3 1491 1484 255 1483
1 3 1449 1491 1483 238
1 3 249 1522 1526 1484
1 3 1522 21 1521 1526
1 3 1526 1521 248 1509
1 3 1484 1526 1509 255
1 3 255 1509 1515 1498
1 3 1509 248 1508 1515
1 3 1515 1508 22 1507
1 3 1498 1515 1507 247
1 3 238 1483 1502 1436
1 3 1483 255 1498 1502
1 3 1502 1498 247 1497
1 3 1436 1502 1497 17
1 3 17 1497 4307 4299
1 3 1497 247 4301 4307
1 3 4307 4301 655 4300
1 3 4299 4307 4300 653
1 3 247 1507 4334 4301
1 3 1507 22 4332 4334
1 3 4334 4332 654 4323
1 3 4301 4334 4323 655
1 3 655 4323 4327 4314
1 3 4323 654 4322 4327
1 3 4327 4322 23 4265
1 3 4314 4327 4265 642
1 3 653 4300 4317 4313
1 3 4300 655 4314 4317
1 3 4317 4314 642 4220
1 3 4313 4317 4220 18
1 3 18 4220 4229 4217
1 3 4220 642 4219 4229
1 3 4229 4219 647 4218
1 3 4217 4229 4218 639
1 3 642 4265 4269 4219
1 3 4265 23 4264 4269
1 3 4269 4264 641 4252
1 3 4219 4269 4252 647
1 3 647 4252 4258 4238
1 3 4252 641 4251 4258
1 3 4258 4251 24 4250
1 3 4238 4258 4250 640
1 3 639 4218 4244 4236
1 3 4218 647 4238 4244
1 3 4244 4238 640 4237
1 3 4236 4244 4237 19
6 3 100 2559 2567 2562
6 3 2559 404 2560 2567
6 3 2567 2560 410 2561
6 3 2562 2567 2561 406
6 3 404 2573 2578 2560
6 3 2573 101 2574 2578
6 3 2578 2574 405 2575
6 3 2560 2578 2575 410
6 3 410 2575 2585 2584
6 3 2575 405 2583 2585
6 3 2585 2583 106 2491
6 3 2584 2585 2491 390
6 3 406 2561 2590 2589
6 3 2561 410 2584 2590
6 3 2590 2584 390 2477
6 3 2589 2590 2477 105
6 3 101 2847 2852 2574
6 3 2847 441 2848 2852
6 3 2852 2848 446 2849
6 3 2574 2852 2849 405
6 3 441 2857 2862 2848
6 3 2857 102 2858 2862
6 3 2862 2858 442 2859
6 3 2848 2862 2859 446
6 3 446 2859 2872 2869
6 3 2859 442 2867 2872
6 3 2872 2867 107 2868
6 3 2869 2872 2868 443
6 3 405 2849 2878 2583
6 3 2849 446 2869 2878
6 3 2878 2869 443 2877
6 3 2583 2878 2877 106
6 3 102 3047 3052 2858
6 3 3047 471 3048 3052
6 3 3052 3048 475 3049
6 3 2858 3052 3049 442
6 3 471 3057 3062 3048
6 3 3057 103 3058 3062
6 3 3062 3058 472 3059
6 3 3048 3062 3059 475
6 3 475 3059 3069 3068
6 3 3059 472 3067 3069
6 3 3069 3067 108 2983
6 3 3068 3069 2983 458
6 3 442 3049 3073 2867
6 3 3049 475 3068 3073
6 3 3073 3068 458 2973
6 3 2867 3073 2973 107
6 3 103 3383 3388 3058
6 3 3383 520 3384 3388
6 3 3388 3384 525 3385
6 3 3058 3388 3385 472
6 3 520 3393 3398 3384
6 3 3393 104 3394 3398
6 3 3398 3394 521 3395
6 3 3384 3398 3395 525
6 3 525 3395 3408 3405
6 3 3395 521 3403 3408
6 3 3408 3403 109 3404
6 3 3405 3408 3404 522
6 3 472 3385 3414 3067
6 3 3385 525 3405 3414
6 3 3414 3405 522 3413
6 3 3067 3414 3413 108
6 3 105 2477 2485 2480
6 3 2477 390 2478 2485
6 3 2485 2478 396 2479
6 3 2480 2485 2479 392
6 3 390 2491 2496 2478
6 3 2491 106 2492 2496
6 3 2496 2492 391 2493
6 3 2478 2496 2493 396
6 3 396 2493 2503 2502
6 3 2493 391 2501 2503
6 3 2503 2501 111 2415
6 3 2502 2503 2415 380
6 3 392 2479 2508 2507
6 3 2479 396 2502 2508
6 3 2508 2502 380 2401
6 3 2507 2508 2401 110
6 3 106 2877 2906 2492
6 3 2877 443 2903 2906
6 3 2906 2903 452 2904
6 3 2492 2906 2904 391
6 3 443 2868 2913 2903
6 3 2868 107 2910 2913
6 3 2913 2910 451 2911
6 3 2903 2913 2911 452
6 3 452 2911 2919 2918
6 3 2911 451 2917 2919
6 3 2919 2917 112 2353
6 3 2918 2919 2353 370
6 3 391 2904 2923 2501
6 3 2904 452 2918 2923
6 3 2923 2918 370 2339
6 3 2501 2923 2339 111
6 3 107 2973 2978 2910
6 3 2973 458 2974 2978
6 3 2978 2974 464 2975
6 3 2910 2978 2975 451
6 3 458 2983 2988 2974
6 3 2983 108 2984 2988
6 3 2988 2984 459 2985
6 3 2974 2988 2985 464
6 3 464 2985 2998 2995
6 3 2985 459 2993 2998
6 3 2998 2993 113 2994
6 3 2995 2998 2994 460
6 3 451 2975 3004 2917
6 3 2975 464 2995 3004
6 3 3004 2995 460 3003
6 3 2917 3004 3003 112
6 3 108 3413 3448 2984
6 3 3413 522 3445 3448
6 3 3448 3445 533 3446
6 3 2984 3448 3446 459
6 3 522 3404 3455 3445
6 3 3404 109 3452 3455
6 3 3455 3452 530 3453
6 3 3445 3455 3453 533
6 3 533 3453 3464 3461
6 3 3453 530 3459 3464
6 3 3464 3459 114 3460
6 3 3461 3464 3460 531
6 3 459 3446 3470 2993
6 3 3446 533 3461 3470
6 3 3470 3461 531 3469
6 3 2993 3470 3469 113
6 3 110 2401 2409 2404
6 3 2401 380 2402 2409
6 3 2409 2402 383 2403
6 3 2404 2409 2403 381
6 3 380 2415 2417 2402
6 3 2415 111 2342 2417
6 3 2417 2342 372 2416
6 3 2402 2417 2416 383
6 3 383 2416 2422 2421
6 3 2416 372 2369 2422
6 3 2422 2369 116 2210
6 3 2421 2422 2210 346
6 3 381 2403 2426 2425
6 3 2403 383 2421 2426
6 3 2426 2421 346 2196
6 3 2425 2426 2196 115
6 3 111 2339 2347 2342
6 3 2339 370 2340 2347
6 3 2347 2340 375 2341
6 3 2342 2347 2341 372
6 3 370 2353 2358 2340
6 3 2353 112 2354 2358
6 3 2358 2354 371 2355
6 3 2340 2358 2355 375
6 3 375 2355 2365 2364
6 3 2355 371 2363 2365
6 3 2365 2363 117 2281
6 3 2364 2365 2281 360
6 3 372 2341 2370 2369
6 3 2341 375 2364 2370
6 3 2370 2364 360 2271
6 3 2369 2370 2271 116
6 3 112 3003 3590 2354
6 3 3003 460 3587 3590
6 3 3590 3587 554 3588
6 3 2354 3590 3588 371
6 3 460 2994 3595 3587
6 3 2994 113 3523 3595
6 3 3595 3523 542 3594
6 3 3587 3595 3594 554
6 3 554 3594 3601 3599
6 3 3594 542 3549 3601
6 3 3601 3549 118 3598
6 3 3599 3601 3598 552
6 3 371 3588 3606 2363
6 3 3588 554 3599 3606
6 3 3606 3599 552 3605
6 3 2363 3606 3605 117
6 3 113 3469 3526 3523
6 3 3469 531 3521 3526
6 3 3526 3521 546 3522
6 3 3523 3526 3522 542
6 3 531 3460 3534 3521
6 3 3460 114 3531 3534
6 3 3534 3531 540 3532
6 3 3521 3534 3532 546
6 3 546 3532 3543 3540
6 3 3532 540 3538 3543
6 3 3543 3538 119 3539
6 3 3540 3543 3539 541
6 3 542 3522 3551 3549
6 3 3522 546 3540 3551
6 3 3551 3540 541 3548
6 3 3549 3551 3548 118
6 3 115 2196 2204 2199
6 3 2196 346 2197 2204
6 3 2204 2197 354 2198
6 3 2199 2204 2198 349
6 3 346 2210 2215 2197
6 3 2210 116 2211 2215
6 3 2215 2211 347 2212
6 3 2197 2215 2212 354
6 3 354 2212 2225 2222
6 3 2212 347 2220 2225
6 3 2225 2220 121 2221
6 3 2222 2225 2221 348
6 3 349 2198 2233 2231
6 3 2198 354 2222 2233
6 3 2233 2222 348 2230
6 3 2231 2233 2230 120
6 3 116 2271 2276 2211
6 3 2271 360 2272 2276
6 3 2276 2272 365 2273
6 3 2211 2276 2273 347
6 3 360 2281 2286 2272
6 3 2281 117 2282 2286
6 3 2286 2282 361 2283
6 3 2272 2286 2283 365
6 3 365 2283 2296 2293
6 3 2283 361 2291 2296
6 3 2296 2291 122 2292
6 3 2293 2296 2292 362
6 3 347 2273 2302 2220
6 3 2273 365 2293 2302
6 3 2302 2293 362 2301
6 3 2220 2302 2301 121
6 3 117 3605 3652 2282
6 3 3605 552 3649 3652
6 3 3652 3649 563 3650
6 3 2282 3652 3650 361
6 3 552 3598 3659 3649
6 3 3598 118 3656 3659
6 3 3659 3656 559 3657
6 3 3649 3659 3657 563
6 3 563 3657 3668 3665
6 3 3657 559 3663 3668
6 3 3668 3663 123 3664
6 3 3665 3668 3664 560
6 3 361 3650 3674 2291
6 3 3650 563 3665 3674
6 3 3674 3665 560 3673
6 3 2291 3674 3673 122
6 3 118 3548 3720 3656
6 3 3548 541 3717 3720
6 3 3720 3717 573 3718
6 3 3656 3720 3718 559
6 3 541 3539 3727 3717
6 3 3539 119 3724 3727
6 3 3727 3724 569 3725
6 3 3717 3727 3725 573
6 3 573 3725 3736 3733
6 3 3725 569 3731 3736
6 3 3736 3731 124 3732
6 3 3733 3736 3732 570
6 3 559 3718 3742 3663
6 3 3718 573 3733 3742
6 3 3742 3733 570 3741
6 3 3663 3742 3741 123
5 3 0 737 745 732
5 3 737 133 736 745
5 3 745 736 141 740
5 3 732 745 740 128
5 3 133 790 797 736
5 3 790 25 789 797
5 3 797 789 132 793
5 3 736 797 793 141
5 3 141 793 825 779
5 3 793 132 821 825
5 3 825 821 30 822
5 3 779 825 822 136
5 3 128 740 784 777
5 3 740 141 779 784
5 3 784 779 136 780
5 3 777 784 780 5
5 3 5 780 1288 1279
5 3 780 136 1282 1288
5 3 1288 1282 221 1284
5 3 1279 1288 1284 217
5 3 136 822 1320 1282
5 3 822 30 1211 1320
5 3 1320 1211 207 1318
5 3 1282 1320 1318 221
5 3 221 1318 1331 1310
5 3 1318 207 1240 1331
5 3 1331 1240 35 1329
5 3 1310 1331 1329 218
5 3 217 1284 1315 1308
5 3 1284 221 1310 1315
5 3 1315 1310 218 1311
5 3 1308 1315 1311 10
5 3 10 1311 1344 1335
5 3 1311 218 1338 1344
5 3 1344 1338 234 1340
5 3 1335 1344 1340 225
5 3 218 1329 1388 1338
5 3 1329 35 1383 1388
5 3 1388 1383 228 1385
5 3 1338 1388 1385 234
5 3 234 1385 1413 1374
5 3 1385 228 1409 1413
5 3 1413 1409 40 1410
5 3 1374 1413 1410 230
5 3 225 1340 1379 1372
5 3 1340 234 1374 1379
5 3 1379 1374 230 1375
5 3 1372 1379 1375 15
5 3 15 1375 1576 1567
5 3 1375 230 1570 1576
5 3 1576 1570 269 1572
5 3 1567 1576 1572 262
5 3 230 1410 1612 1570
5 3 1410 40 1607 1612
5 3 1612 1607 264 1609
5 3 1570 1612 1609 269
5 3 269 1609 1631 1598
5 3 1609 264 1627 1631
5 3 1631 1627 45 1628
5 3 1598 1631 1628 265
5 3 262 1572 1603 1596
5 3 1572 269 1598 1603
5 3 1603 1598 265 1599
5 3 1596 1603 1599 20
5 3 25 831 838 789
5 3 831 148 830 838
5 3 838 830 155 834
5 3 789 838 834 132
5 3 148 872 879 830
5 3 872 50 871 879
5 3 879 871 147 875
5 3 830 879 875 155
5 3 155 875 907 862
5 3 875 147 903 907
5 3 907 903 55 904
5 3 862 907 904 151
5 3 132 834 866 821
5 3 834 155 862 866
5 3 866 862 151 863
5 3 821 866 863 30
5 3 30 863 1220 1211
5 3 863 151 1214 1220
5 3 1220 1214 214 1216
5 3 1211 1220 1216 207
5 3 151 904 1256 1214
5 3 904 55 1251 1256
5 3 1256 1251 209 1253
5 3 1214 1256 1253 214
5 3 214 1253 1275 1242
5 3 1253 209 1271 1275
5 3 1275 1271 60 1272
5 3 1242 1275 1272 210
5 3 207 1216 1247 1240
5 3 1216 214 1242 1247
5 3 1247 1242 210 1243
5 3 1240 1247 1243 35
5 3 35 1243 1844 1383
5 3 1243 210 1839 1844
5 3 1844 1839 303 1841
5 3 1383 1844 1841 228
5 3 210 1272 1866 1839
5 3 1272 60 1861 1866
5 3 1866 1861 301 1863
5 3 1839 1866 1863 303
5 3 303 1863 1879 1855
5 3 1863 301 1877 1879
5 3 1879 1877 65 1678
5 3 1855 1879 1678 275
5 3 228 1841 1857 1409
5 3 1841 303 1855 1857
5 3 1857 1855 275 1637
5 3 1409 1857 1637 40
5 3 40 1637 1644 1607
5 3 1637 275 1636 1644
5 3 1644 1636 282 1640
5 3 1607 1644 1640 264
5 3 275 1678 1685 1636
5 3 1678 65 1677 1685
5 3 1685 1677 274 1681
5 3 1636 1685 1681 282
5 3 282 1681 1713 1668
5 3 1681 274 1709 1713
5 3 1713 1709 70 1710
5 3 1668 1713 1710 278
5 3 264 1640 1672 1627
5 3 1640 282 1668 1672
5 3 1672 1668 278 1669
5 3 1627 1672 1669 45
5 3 50 2597 2604 871
5 3 2597 415 2596 2604
5 3 2604 2596 421 2600
5 3 871 2604 2600 147
5 3 415 2634 2640 2596
5 3 2634 75 2514 2640
5 3 2640 2514 403 2637
5 3 2596 2640 2637 421
5 3 421 2637 2657 2628
5 3 2637 403 2553 2657
5 3 2657 2553 80 2655
5 3 2628 2657 2655 418
5 3 147 2600 2632 903
5 3 2600 421 2628 2632
5 3 2632 2628 418 2629
5 3 903 2632 2629 55
5 3 55 2629 2666 1251
5 3 2629 418 2661 2666
5 3 2666 2661 424 2663
5 3 1251 2666 2663 209
5 3 418 2655 2689 2661
5 3 2655 80 2432 2689
5 3 2689 2432 389 2687
5 3 2661 2689 2687 424
5 3 424 2687 2699 2682
5 3 2687 389 2471 2699
5 3 2699 2471 85 1926
5 3 2682 2699 1926 309
5 3 209 2663 2684 1271
5 3 2663 424 2682 2684
5 3 2684 2682 309 1885
5 3 1271 2684 1885 60
5 3 60 1885 1892 1861
5 3 1885 309 1884 1892
5 3 1892 1884 316 1888
5 3 1861 1892 1888 301
5 3 309 1926 1933 1884
5 3 1926 85 1925 1933
5 3 1933 1925 308 1929
5 3 1884 1933 1929 316
5 3 316 1929 1961 1916
5 3 1929 308 1957 1961
5 3 1961 1957 90 1958
5 3 1916 1961 1958 312
5 3 301 1888 1920 1877
5 3 1888 316 1916 1920
5 3 1920 1916 312 1917
5 3 1877 1920 1917 65
5 3 65 1917 2106 1677
5 3 1917 312 2101 2106
5 3 2106 2101 344 2103
5 3 1677 2106 2103 274
5 3 312 1958 2134 2101
5 3 1958 90 2129 2134
5 3 2134 2129 340 2131
5 3 2101 2134 2131 344
5 3 344 2131 2153 2121
5 3 2131 340 2149 2153
5 3 2153 2149 95 2150
5 3 2121 2153 2150 341
5 3 274 2103 2125 1709
5 3 2103 344 2121 2125
5 3 2125 2121 341 2122
5 3 1709 2125 2122 70
5 3 75 2519 2527 2514
5 3 2519 407 2518 2527
5 3 2527 2518 412 2522
5 3 2514 2527 2522 403
5 3 407 2563 2570 2518
5 3 2563 100 2562 2570
5 3 2570 2562 406 2566
5 3 2518 2570 2566 412
5 3 412 2566 2591 2554
5 3 2566 406 2589 2591
5 3 2591 2589 105 2481
5 3 2554 2591 2481 393
5 3 403 2522 2557 2553
5 3 2522 412 2554 2557
5 3 2557 2554 393 2437
5 3 2553 2557 2437 80
5 3 80 2437 2445 2432
5 3 2437 393 2436 2445
5 3 2445 2436 398 2440
5 3 2432 2445 2440 389
5 3 393 2481 2488 2436
5 3 2481 105 2480 2488
5 3 2488 2480 392 2484
5 3 2436 2488 2484 398
5 3 398 2484 2509 2472
5 3 2484 392 2507 2509
5 3 2509 2507 110 2405
5 3 2472 2509 2405 382
5 3 389 2440 2475 2471
5 3 2440 398 2472 2475
5 3 2475 2472 382 2377
5 3 2471 2475 2377 85
5 3 85 2377 2384 1925
5 3 2377 382 2376 2384
5 3 2384 2376 385 2380
5 3 1925 2384 2380 308
5 3 382 2405 2412 2376
5 3 2405 110 2404 2412
5 3 2412 2404 381 2408
5 3 2376 2412 2408 385
5 3 385 2408 2427 2397
5 3 2408 381 2425 2427
5 3 2427 2425 115 2200
5 3 2397 2427 2200 350
5 3 308 2380 2399 1957
5 3 2380 385 2397 2399
5 3 2399 2397 350 2159
5 3 1957 2399 2159 90
5 3 90 2159 2166 2129
5 3 2159 350 2158 2166
5 3 2166 2158 357 2162
5 3 2129 2166 2162 340
5 3 350 2200 2207 2158
5 3 2200 115 2199 2207
5 3 2207 2199 349 2203
5 3 2158 2207 2203 357
5 3 357 2203 2235 2190
5 3 2203 349 2231 2235
5 3 2235 2231 120 2232
5 3 2190 2235 2232 353
5 3 340 2162 2194 2149
5 3 2162 357 2190 2194
5 3 2194 2190 353 2191
5 3 2149 2194 2191 95
3 3 4 4872 4883 4877
3 3 4872 723 4878 4883
3 3 4883 4878 727 4875
3 3 4877 4883 4875 724
3 3 723 4885 4892 4878
3 3 4885 9 4490 4892
3 3 4892 4490 680 4887
3 3 4878 4892 4887 727
3 3 727 4887 4910 4904
3 3 4887 680 4530 4910
3 3 4910 4530 34 4829
3 3 4904 4910 4829 716
3 3 724 4875 4907 4903
3 3 4875 727 4904 4907
3 3 4907 4904 716 4816
3 3 4903 4907 4816 29
3 3 9 4485 4496 4490
3 3 4485 674 4491 4496
3 3 4496 4491 685 4488
3 3 4490 4496 4488 680
3 3 674 4498 4505 4491
3 3 4498 14 4429 4505
3 3 4505 4429 668 4500
3 3 4491 4505 4500 685
3 3 685 4500 4541 4531
3 3 4500 668 4455 4541
3 3 4541 4455 39 4537
3 3 4531 4541 4537 677
3 3 680 4488 4535 4530
3 3 4488 685 4531 4535
3 3 4535 4531 677 4528
3 3 4530 4535 4528 34
3 3 14 4424 4435 4429
3 3 4424 667 4430 4435
3 3 4435 4430 671 4427
3 3 4429 4435 4427 668
3 3 667 4437 4444 4430
3 3 4437 19 4242 4444
3 3 4444 4242 644 4439
3 3 4430 4444 4439 671
3 3 671 4439 4462 4456
3 3 4439 644 4283 4462
3 3 4462 4283 44 4002
3 3 4456 4462 4002 606
3 3 668 4427 4459 4455
3 3 4427 671 4456 4459
3 3 4459 4456 606 3989
3 3 4455 4459 3989 39
3 3 19 4237 4248 4242
3 3 4237 640 4243 4248
3 3 4248 4243 651 4240
3 3 4242 4248 4240 644
3 3 640 4250 4262 4243
3 3 4250 24 4256 4262
3 3 4262 4256 645 4253
3 3 4243 4262 4253 651
3 3 651 4253 4293 4284
3 3 4253 645 4289 4293
3 3 4293 4289 49 4181
3 3 4284 4293 4181 632
3 3 644 4240 4287 4283
3 3 4240 651 4284 4287
3 3 4287 4284 632 4171
3 3 4283 4287 4171 44
3 3 29 4816 4827 4821
3 3 4816 716 4822 4827
3 3 4827 4822 720 4819
3 3 4821 4827 4819 717
3 3 716 4829 4836 4822
3 3 4829 34 4564 4836
3 3 4836 4564 688 4831
3 3 4822 4836 4831 720
3 3 720 4831 4854 4848
3 3 4831 688 4590 4854
3 3 4854 4590 59 3309
3 3 4848 4854 3309 511
3 3 717 4819 4851 4847
3 3 4819 720 4848 4851
3 3 4851 4848 511 3296
3 3 4847 4851 3296 54
3 3 34 4528 4569 4564
3 3 4528 677 4565 4569
3 3 4569 4565 691 4562
3 3 4564 4569 4562 688
3 3 677 4537 4575 4565
3 3 4537 39 3994 4575
3 3 4575 3994 610 4571
3 3 4565 4575 4571 691
3 3 691 4571 4597 4591
3 3 4571 610 4035 4597
3 3 4597 4035 64 3227
3 3 4591 4597 3227 497
3 3 688 4562 4594 4590
3 3 4562 691 4591 4594
3 3 4594 4591 497 3214
3 3 4590 4594 3214 59
3 3 39 3989 4000 3994
3 3 3989 606 3995 4000
3 3 4000 3995 617 3992
3 3 3994 4000 3992 610
3 3 606 4002 4014 3995
3 3 4002 44 4008 4014
3 3 4014 4008 611 4005
3 3 3995 4014 4005 617
3 3 617 4005 4045 4036
3 3 4005 611 4041 4045
3 3 4045 4041 69 3945
3 3 4036 4045 3945 601
3 3 610 3992 4039 4035
3 3 3992 617 4036 4039
3 3 4039 4036 601 3935
3 3 4035 4039 3935 64
3 3 44 4171 4179 4008
3 3 4171 632 4175 4179
3 3 4179 4175 637 4173
3 3 4008 4179 4173 611
3 3 632 4181 4193 4175
3 3 4181 49 4187 4193
3 3 4193 4187 634 4184
3 3 4175 4193 4184 637
3 3 637 4184 4213 4205
3 3 4184 634 4209 4213
3 3 4213 4209 74 3778
3 3 4205 4213 3778 578
3 3 611 4173 4207 4041
3 3 4173 637 4205 4207
3 3 4207 4205 578 3765
3 3 4041 4207 3765 69
3 3 54 3296 3307 3301
3 3 3296 511 3302 3307
3 3 3307 3302 518 3299
3 3 3301 3307 3299 514
3 3 511 3309 3316 3302
3 3 3309 59 3219 3316
3 3 3316 3219 502 3311
3 3 3302 3316 3311 518
3 3 518 3311 3345 3335
3 3 3311 502 3260 3345
3 3 3345 3260 84 3341
3 3 3335 3345 3341 513
3 3 514 3299 3339 3334
3 3 3299 518 3335 3339
3 3 3339 3335 513 3332
3 3 3334 3339 3332 79
3 3 59 3214 3225 3219
3 3 3214 497 3220 3225
3 3 3225 3220 508 3217
3 3 3219 3225 3217 502
3 3 497 3227 3239 3220
3 3 3227 64 3233 3239
3 3 3239 3233 503 3230
3 3 3220 3239 3230 508
3 3 508 3230 3275 3261
3 3 3230 503 3270 3275
3 3 3275 3270 89 3267
3 3 3261 3275 3267 500
3 3 502 3217 3265 3260
3 3 3217 508 3261 3265
3 3 3265 3261 500 3258
3 3 3260 3265 3258 84
3 3 64 3935 3943 3233
3 3 3935 601 3939 3943
3 3 3943 3939 603 3937
3 3 3233 3943 3937 503
3 3 601 3945 3952 3939
3 3 3945 69 3770 3952
3 3 3952 3770 582 3947
3 3 3939 3952 3947 603
3 3 603 3947 3966 3961
3 3 3947 582 3811 3966
3 3 3966 3811 94 3497
3 3 3961 3966 3497 537
3 3 503 3937 3963 3270
3 3 3937 603 3961 3963
3 3 3963 3961 537 3487
3 3 3270 3963 3487 89
3 3 69 3765 3776 3770
3 3 3765 578 3771 3776
3 3 3776 3771 589 3768
3 3 3770 3776 3768 582
3 3 578 3778 3790 3771
3 3 3778 74 3784 3790
3 3 3790 3784 583 3781
3 3 3771 3790 3781 589
3 3 589 3781 3821 3812
3 3 3781 583 3817 3821
3 3 3821 3817 99 3697
3 3 3812 3821 3697 567
3 3 582 3768 3815 3811
3 3 3768 589 3812 3815
3 3 3815 3812 567 3687
3 3 3811 3815 3687 94
3 3 79 3332 3367 3362
3 3 3332 513 3363 3367
3 3 3367 3363 528 3360
3 3 3362 3367 3360 523
3 3 513 3341 3377 3363
3 3 3341 84 3372 3377
3 3 3377 3372 524 3369
3 3 3363 3377 3369 528
3 3 528 3369 3411 3397
3 3 3369 524 3406 3411
3 3 3411 3406 109 3403
3 3 3397 3411 3403 521
3 3 523 3360 3401 3396
3 3 3360 528 3397 3401
3 3 3401 3397 521 3394
3 3 3396 3401 3394 104
3 3 84 3258 3429 3372
3 3 3258 500 3426 3429
3 3 3429 3426 535 3424
3 3 3372 3429 3424 524
3 3 500 3267 3439 3426
3 3 3267 89 3434 3439
3 3 3439 3434 532 3431
3 3 3426 3439 3431 535
3 3 535 3431 3467 3454
3 3 3431 532 3462 3467
3 3 3467 3462 114 3459
3 3 3454 3467 3459 530
3 3 524 3424 3457 3406
3 3 3424 535 3454 3457
3 3 3457 3454 530 3452
3 3 3406 3457 3452 109
3 3 89 3487 3495 3434
3 3 3487 537 3491 3495
3 3 3495 3491 549 3489
3 3 3434 3495 3489 532
3 3 537 3497 3509 3491
3 3 3497 94 3503 3509
3 3 3509 3503 543 3500
3 3 3491 3509 3500 549
3 3 549 3500 3546 3533
3 3 3500 543 3541 3546
3 3 3546 3541 119 3538
3 3 3533 3546 3538 540
3 3 532 3489 3536 3462
3 3 3489 549 3533 3536
3 3 3536 3533 540 3531
3 3 3462 3536 3531 114
3 3 94 3687 3695 3503
3 3 3687 567 3691 3695
3 3 3695 3691 575 3689
3 3 3503 3695 3689 543
3 3 567 3697 3709 3691
3 3 3697 99 3703 3709
3 3 3709 3703 571 3700
3 3 3691 3709 3700 575
3 3 575 3700 3739 3726
3 3 3700 571 3734 3739
3 3 3739 3734 124 3731
3 3 3726 3739 3731 569
3 3 543 3689 3729 3541
3 3 3689 575 3726 3729
3 3 3729 3726 569 3724
3 3 3541 3729 3724 119
2 3 0 729 743 737
2 3 729 125 738 743
2 3 743 738 139 733
2 3 737 743 733 133
2 3 125 748 758 738
2 3 748 1 754 758
2 3 758 754 134 751
2 3 738 758 751 139
2 3 139 751 806 791
2 3 751 134 803 806
2 3 806 803 26 800
2 3 791 806 800 129
2 3 133 733 795 790
2 3 733 139 791 795
2 3 795 791 129 786
2 3 790 795 786 25
2 3 25 786 836 831
2 3 786 129 832 836
2 3 836 832 153 827
2 3 831 836 827 148
2 3 129 800 847 832
2 3 800 26 844 847
2 3 847 844 149 841
2 3 832 847 841 153
2 3 153 841 888 873
2 3 841 149 885 888
2 3 888 885 51 882
2 3 873 888 882 144
2 3 148 827 877 872
2 3 827 153 873 877
2 3 877 873 144 868
2 3 872 877 868 50
2 3 50 868 2602 2597
2 3 868 144 2598 2602
2 3 2602 2598 419 2593
2 3 2597 2602 2593 415
2 3 144 882 2613 2598
2 3 882 51 2610 2613
2 3 2613 2610 416 2607
2 3 2598 2613 2607 419
2 3 419 2607 2645 2635
2 3 2607 416 2643 2645
2 3 2645 2643 76 2530
2 3 2635 2645 2530 401
2 3 415 2593 2638 2634
2 3 2593 419 2635 2638
2 3 2638 2635 401 2511
2 3 2634 2638 2511 75
2 3 75 2511 2525 2519
2 3 2511 401 2520 2525
2 3 2525 2520 411 2515
2 3 2519 2525 2515 407
2 3 401 2530 2540 2520
2 3 2530 76 2536 2540
2 3 2540 2536 408 2533
2 3 2520 2540 2533 411
2 3 411 2533 2579 2564
2 3 2533 408 2576 2579
2 3 2579 2576 101 2573
2 3 2564 2579 2573 404
2 3 407 2515 2568 2563
2 3 2515 411 2564 2568
2 3 2568 2564 404 2559
2 3 2563 2568 2559 100
2 3 1 991 1001 754
2 3 991 172 997 1001
2 3 1001 997 178 994
2 3 754 1001 994 134
2 3 172 1005 1015 997
2 3 1005 2 1011 1015
2 3 1015 1011 175 1008
2 3 997 1015 1008 178
2 3 178 1008 1047 1039
2 3 1008 175 1045 1047
2 3 1047 1045 27 923
2 3 1039 1047 923 158
2 3 134 994 1041 803
2 3 994 178 1039 1041
2 3 1041 1039 158 909
2 3 803 1041 909 26
2 3 26 909 919 844
2 3 909 158 915 919
2 3 919 915 168 912
2 3 844 919 912 149
2 3 158 923 933 915
2 3 923 27 929 933
2 3 933 929 164 926
2 3 915 933 926 168
2 3 168 926 973 960
2 3 926 164 970 973
2 3 973 970 52 967
2 3 960 973 967 161
2 3 149 912 963 885
2 3 912 168 960 963
2 3 963 960 161 957
2 3 885 963 957 51
2 3 51 957 2763 2610
2 3 957 161 2760 2763
2 3 2763 2760 438 2757
2 3 2610 2763 2757 416
2 3 161 967 2773 2760
2 3 967 52 2770 2773
2 3 2773 2770 436 2767
2 3 2760 2773 2767 438
2 3 438 2767 2801 2788
2 3 2767 436 2798 2801
2 3 2801 2798 77 2795
2 3 2788 2801 2795 434
2 3 416 2757 2791 2643
2 3 2757 438 2788 2791
2 3 2791 2788 434 2785
2 3 2643 2791 2785 76
2 3 76 2785 2819 2536
2 3 2785 434 2816 2819
2 3 2819 2816 447 2813
2 3 2536 2819 2813 408
2 3 434 2795 2829 2816
2 3 2795 77 2826 2829
2 3 2829 2826 444 2823
2 3 2816 2829 2823 447
2 3 447 2823 2863 2850
2 3 2823 444 2860 2863
2 3 2863 2860 102 2857
2 3 2850 2863 2857 441
2 3 408 2813 2853 2576
2 3 2813 447 2850 2853
2 3 2853 2850 441 2847
2 3 2576 2853 2847 101
2 3 2 4689 4699 1011
2 3 4689 701 4695 4699
2 3 4699 4695 708 4692
2 3 1011 4699 4692 175
2 3 701 4703 4713 4695
2 3 4703 3 4709 4713
2 3 4713 4709 705 4706
2 3 4695 4713 4706 708
2 3 708 4706 4745 4732
2 3 4706 705 4742 4745
2 3 4745 4742 28 4739
2 3 4732 4745 4739 703
2 3 175 4692 4735 1045
2 3 4692 708 4732 4735
2 3 4735 4732 703 4729
2 3 1045 4735 4729 27
2 3 27 4729 4763 929
2 3 4729 703 4760 4763
2 3 4763 4760 712 4757
2 3 929 4763 4757 164
2 3 703 4739 4773 4760
2 3 4739 28 4770 4773
2 3 4773 4770 711 4767
2 3 4760 4773 4767 712
2 3 712 4767 4793 4785
2 3 4767 711 4791 4793
2 3 4793 4791 53 3089
2 3 4785 4793 3089 479
2 3 164 4757 4787 970
2 3 4757 712 4785 4787
2 3 4787 4785 479 3075
2 3 970 4787 3075 52
2 3 52 3075 3085 2770
2 3 3075 479 3081 3085
2 3 3085 3081 485 3078
2 3 2770 3085 3078 436
2 3 479 3089 3099 3081
2 3 3089 53 3095 3099
2 3 3099 3095 482 3092
2 3 3081 3099 3092 485
2 3 485 3092 3131 3123
2 3 3092 482 3129 3131
2 3 3131 3129 78 3021
2 3 3123 3131 3021 469
2 3 436 3078 3125 2798
2 3 3078 485 3123 3125
2 3 3125 3123 469 3007
2 3 2798 3125 3007 77
2 3 77 3007 3017 2826
2 3 3007 469 3013 3017
2 3 3017 3013 476 3010
2 3 2826 3017 3010 444
2 3 469 3021 3031 3013
2 3 3021 78 3027 3031
2 3 3031 3027 473 3024
2 3 3013 3031 3024 476
2 3 476 3024 3063 3050
2 3 3024 473 3060 3063
2 3 3063 3060 103 3057
2 3 3050 3063 3057 471
2 3 444 3010 3053 2860
2 3 3010 476 3050 3053
2 3 3053 3050 471 3047
2 3 2860 3053 3047 102
2 3 3 4857 4867 4709
2 3 4857 722 4863 4867
2 3 4867 4863 726 4860
2 3 4709 4867 4860 705
2 3 722 4871 4881 4863
2 3 4871 4 4877 4881
2 3 4881 4877 724 4874
2 3 4863 4881 4874 726
2 3 726 4874 4905 4897
2 3 4874 724 4903 4905
2 3 4905 4903 29 4815
2 3 4897 4905 4815 715
2 3 705 4860 4899 4742
2 3 4860 726 4897 4899
2 3 4899 4897 715 4801
2 3 4742 4899 4801 28
2 3 28 4801 4811 4770
2 3 4801 715 4807 4811
2 3 4811 4807 719 4804
2 3 4770 4811 4804 711
2 3 715 4815 4825 4807
2 3 4815 29 4821 4825
2 3 4825 4821 717 4818
2 3 4807 4825 4818 719
2 3 719 4818 4849 4841
2 3 4818 717 4847 4849
2 3 4849 4847 54 3295
2 3 4841 4849 3295 510
2 3 711 4804 4843 4791
2 3 4804 719 4841 4843
2 3 4843 4841 510 3281
2 3 4791 4843 3281 53
2 3 53 3281 3291 3095
2 3 3281 510 3287 3291
2 3 3291 3287 517 3284
2 3 3095 3291 3284 482
2 3 510 3295 3305 3287
2 3 3295 54 3301 3305
2 3 3305 3301 514 3298
2 3 3287 3305 3298 517
2 3 517 3298 3337 3324
2 3 3298 514 3334 3337
2 3 3337 3334 79 3331
2 3 3324 3337 3331 512
2 3 482 3284 3327 3129
2 3 3284 517 3324 3327
2 3 3327 3324 512 3321
2 3 3129 3327 3321 78
2 3 78 3321 3355 3027
2 3 3321 512 3352 3355
2 3 3355 3352 526 3349
2 3 3027 3355 3349 473
2 3 512 3331 3365 3352
2 3 3331 79 3362 3365
2 3 3365 3362 523 3359
2 3 3352 3365 3359 526
2 3 526 3359 3399 3386
2 3 3359 523 3396 3399
2 3 3399 3396 104 3393
2 3 3386 3399 3393 520
2 3 473 3349 3389 3060
2 3 3349 526 3386 3389
2 3 3389 3386 520 3383
2 3 3060 3389 3383 103
4 3 20 1599 1602 1595
4 3 1599 265 1597 1602
4 3 1602 1597 268 1589
4 3 1595 1602 1589 261
4 3 265 1628 1630 1597
4 3 1628 45 1626 1630
4 3 1630 1626 263 1621
4 3 1597 1630 1621 268
4 3 268 1621 1623 1587
4 3 1621 263 1619 1623
4 3 1623 1619 46 1560
4 3 1587 1623 1560 254
4 3 261 1589 1592 1585
4 3 1589 268 1587 1592
4 3 1592 1587 254 1525
4 3 1585 1592 1525 21
4 3 45 1669 1671 1626
4 3 1669 278 1667 1671
4 3 1671 1667 281 1661
4 3 1626 1671 1661 263
4 3 278 1710 1712 1667
4 3 1710 70 1708 1712
4 3 1712 1708 273 1702
4 3 1667 1712 1702 281
4 3 281 1702 1704 1658
4 3 1702 273 1699 1704
4 3 1704 1699 71 1701
4 3 1658 1704 1701 277
4 3 263 1661 1663 1619
4 3 1661 281 1658 1663
4 3 1663 1658 277 1660
4 3 1619 1663 1660 46
4 3 70 2122 2124 1708
4 3 2122 341 2120 2124
4 3 2124 2120 343 2115
4 3 1708 2124 2115 273
4 3 341 2150 2152 2120
4 3 2150 95 2148 2152
4 3 2152 2148 339 2143
4 3 2120 2152 2143 343
4 3 343 2143 2145 2113
4 3 2143 339 2141 2145
4 3 2145 2141 96 2094
4 3 2113 2145 2094 333
4 3 273 2115 2117 1699
4 3 2115 343 2113 2117
4 3 2117 2113 333 2060
4 3 1699 2117 2060 71
4 3 95 2191 2193 2148
4 3 2191 353 2189 2193
4 3 2193 2189 356 2183
4 3 2148 2193 2183 339
4 3 353 2232 2234 2189
4 3 2232 120 2230 2234
4 3 2234 2230 348 2224
4 3 2189 2234 2224 356
4 3 356 2224 2226 2180
4 3 2224 348 2221 2226
4 3 2226 2221 121 2223
4 3 2180 2226 2223 352
4 3 339 2183 2185 2141
4 3 2183 356 2180 2185
4 3 2185 2180 352 2182
4 3 2141 2185 2182 96
4 3 21 1525 1528 1521
4 3 1525 254 1523 1528
4 3 1528 1523 257 1514
4 3 1521 1528 1514 248
4 3 254 1560 1562 1523
4 3 1560 46 1558 1562
4 3 1562 1558 251 1552
4 3 1523 1562 1552 257
4 3 257 1552 1554 1511
4 3 1552 251 1549 1554
4 3 1554 1549 47 1551
4 3 1511 1554 1551 253
4 3 248 1514 1517 1508
4 3 1514 257 1511 1517
4 3 1517 1511 253 1513
4 3 1508 1517 1513 22
4 3 46 1660 1747 1558
4 3 1660 277 1745 1747
4 3 1747 1745 292 1739
4 3 1558 1747 1739 251
4 3 277 1701 1781 1745
4 3 1701 71 1779 1781
4 3 1781 1779 287 1773
4 3 1745 1781 1773 292
4 3 292 1773 1775 1736
4 3 1773 287 1770 1775
4 3 1775 1770 72 1772
4 3 1736 1775 1772 289
4 3 251 1739 1741 1549
4 3 1739 292 1736 1741
4 3 1741 1736 289 1738
4 3 1549 1741 1738 47
4 3 71 2060 2062 1779
4 3 2060 333 2058 2062
4 3 2062 2058 335 2052
4 3 1779 2062 2052 287
4 3 333 2094 2096 2058
4 3 2094 96 2092 2096
4 3 2096 2092 330 2086
4 3 2058 2096 2086 335
4 3 335 2086 2088 2049
4 3 2086 330 2083 2088
4 3 2088 2083 97 2085
4 3 2049 2088 2085 332
4 3 287 2052 2054 1770
4 3 2052 335 2049 2054
4 3 2054 2049 332 2051
4 3 1770 2054 2051 72
4 3 96 2182 2269 2092
4 3 2182 352 2267 2269
4 3 2269 2267 367 2261
4 3 2092 2269 2261 330
4 3 352 2223 2303 2267
4 3 2223 121 2301 2303
4 3 2303 2301 362 2295
4 3 2267 2303 2295 367
4 3 367 2295 2297 2258
4 3 2295 362 2292 2297
4 3 2297 2292 122 2294
4 3 2258 2297 2294 364
4 3 330 2261 2263 2083
4 3 2261 367 2258 2263
4 3 2263 2258 364 2260
4 3 2083 2263 2260 97
4 3 22 1513 4336 4332
4 3 1513 253 4333 4336
4 3 4336 4333 657 4326
4 3 4332 4336 4326 654
4 3 253 1551 4351 4333
4 3 1551 47 4139 4351
4 3 4351 4139 626 4347
4 3 4333 4351 4347 657
4 3 657 4347 4348 4324
4 3 4347 626 4126 4348
4 3 4348 4126 48 4295
4 3 4324 4348 4295 646
4 3 654 4326 4329 4322
4 3 4326 657 4324 4329
4 3 4329 4324 646 4268
4 3 4322 4329 4268 23
4 3 47 1738 4143 4139
4 3 1738 289 4140 4143
4 3 4143 4140 629 4132
4 3 4139 4143 4132 626
4 3 289 1772 4159 4140
4 3 1772 72 3860 4159
4 3 4159 3860 592 4154
4 3 4140 4159 4154 629
4 3 629 4154 4155 4129
4 3 4154 592 3850 4155
4 3 4155 3850 73 4153
4 3 4129 4155 4153 627
4 3 626 4132 4135 4126
4 3 4132 629 4129 4135
4 3 4135 4129 627 4131
4 3 4126 4135 4131 48
4 3 72 2051 3864 3860
4 3 2051 332 3861 3864
4 3 3864 3861 595 3854
4 3 3860 3864 3854 592
4 3 332 2085 3879 3861
4 3 2085 97 3643 3879
4 3 3879 3643 558 3875
4 3 3861 3879 3875 595
4 3 595 3875 3876 3852
4 3 3875 558 3630 3876
4 3 3876 3630 98 3823
4 3 3852 3876 3823 584
4 3 592 3854 3857 3850
4 3 3854 595 3852 3857
4 3 3857 3852 584 3796
4 3 3850 3857 3796 73
4 3 97 2260 3647 3643
4 3 2260 364 3644 3647
4 3 3647 3644 564 3636
4 3 3643 3647 3636 558
4 3 364 2294 3675 3644
4 3 2294 122 3673 3675
4 3 3675 3673 560 3667
4 3 3644 3675 3667 564
4 3 564 3667 3669 3633
4 3 3667 560 3664 3669
4 3 3669 3664 123 3666
4 3 3633 3669 3666 561
4 3 558 3636 3639 3630
4 3 3636 564 3633 3639
4 3 3639 3633 561 3635
4 3 3630 3639 3635 98
4 3 23 4268 4271 4264
4 3 4268 646 4266 4271
4 3 4271 4266 649 4257
4 3 4264 4271 4257 641
4 3 646 4295 4296 4266
4 3 4295 48 4195 4296
4 3 4296 4195 633 4290
4 3 4266 4296 4290 649
4 3 649 4290 4291 4254
4 3 4290 633 4182 4291
4 3 4291 4182 49 4289
4 3 4254 4291 4289 645
4 3 641 4257 4260 4251
4 3 4257 649 4254 4260
4 3 4260 4254 645 4256
4 3 4251 4260 4256 24
4 3 48 4131 4199 4195
4 3 4131 627 4196 4199
4 3 4199 4196 636 4188
4 3 4195 4199 4188 633
4 3 627 4153 4215 4196
4 3 4153 73 3792 4215
4 3 4215 3792 579 4210
4 3 4196 4215 4210 636
4 3 636 4210 4211 4185
4 3 4210 579 3779 4211
4 3 4211 3779 74 4209
4 3 4185 4211 4209 634
4 3 633 4188 4191 4182
4 3 4188 636 4185 4191
4 3 4191 4185 634 4187
4 3 4182 4191 4187 49
4 3 73 3796 3799 3792
4 3 3796 584 3794 3799
4 3 3799 3794 587 3785
4 3 3792 3799 3785 579
4 3 584 3823 3824 3794
4 3 3823 98 3711 3824
4 3 3824 3711 568 3818
4 3 3794 3824 3818 587
4 3 587 3818 3819 3782
4 3 3818 568 3698 3819
4 3 3819 3698 99 3817
4 3 3782 3819 3817 583
4 3 579 3785 3788 3779
4 3 3785 587 3782 3788
4 3 3788 3782 583 3784
4 3 3779 3788 3784 74
4 3 98 3635 3715 3711
4 3 3635 561 3712 3715
4 3 3715 3712 574 3704
4 3 3711 3715 3704 568
4 3 561 3666 3743 3712
4 3 3666 123 3741 3743
4 3 3743 3741 570 3735
4 3 3712 3743 3735 574
4 3 574 3735 3737 3701
4 3 3735 570 3732 3737
4 3 3737 3732 124 3734
4 3 3701 3737 3734 571
4 3 568 3704 3707 3698
4 3 3704 574 3701 3707
4 3 3707 3701 571 3703
4 3 3698 3707 3703 99

vertices
4913
3
0 0 0
0.25 0 0
0.5 0 0
0.75 0 0
1 0 0
0 0.25 0
0.25 0.25 0
0.5 0.25 0
0.75 0.25 0
1 0.25 0
0 0.5 0
0.25 0.5 0
0.5 0.5 0
0.75 0.5 0
1 0.5 0
0 0.75 0
0.25 0.75 0
0.5 0.75 0
0.75 0.75 0
1 0.75 0
0 1 0
0.25 1 0
0.5 1 0
0.75 1 0
1 1 0
0 0 0.25
0.25 0 0.25
0.5 0 0.25
0.75 0 0.25
1 0 0.25
0 0.25 0.25
0.25 0.25 0.25
0.5 0.25 0.25
0.75 0.25 0.25
1 0.25 0.25
0 0.5 0.25
0.25 0.5 0.25
0.5 0.5 0.25
0.75 0.5 0.25
1 0.5 0.25
0 0.75 0.25
0.25 0.75 0.25
0.5 0.75 0.25
0.75 0.75 0.25
1 0.75 0.25
0 1 0.25
0.25 1 0.25
0.5 1 0.25
0.75 1 0.25
1 1 0.25
0 0 0.5
0.25 0 0.5
0.5 0 0.5
0.75 0 0.5
1 0 0.5
0 0.25 0.5
0.25 0.25 0.5
0.5 0.25 0.5
0.75 0.25 0.5
1 0.25 0.5
0 0.5 0.5
0.25 0.5 0.5
0.5 0.5 0.5
0.75 0.5 0.5
1 0.5 0.5
0 0.75 0.5
0.25 0.75 0.5
0.5 0.75 0.5
0.75 0.75 0.5
1 0.75 0.5
0 1 0.5
0.25 1 0.5
0.5 1 0.5
0.75 1 0.5
1 1 0.5
0 0 0.75
0.25 0 0.75
0.5 0 0.75
0.75 0 0.75
1 0 0.75
0 0.25 0.75
0.25 0.25 0.75
0.5 0.25 0.75
0.75 0.25 0.75
1 0.25 0.75
0 0.5 0.75
0.25 0.5 0.75
0.5 0.5 0.75
0.75 0.5 0.75
1 0.5 0.75
0 0.75 0.75
0.25 0.75 0.75
0.5 0.75 0.75
0.75 0.75 0.75
1 0.75 0.75
0 1 0.75
0.25 1 0.75
0.5 1 0.75
0.75 1 0.75
1 1 0.75
0 0 1
0.25 0 1
0.5 0 1
0.75 0 1
1 0 1
0 0.25 1
0.25 0.25 1
0.5 0.25 1
0.75 0.25 1
1 0.25 1
0 0.5 1
0.25 0.5 1
0.5 0.5 1
0.75 0.5 1
1 0.5 1
0 0.75 1
0.25 0.75 1
0.5 0.75 1
0.75 0.75 1
1 0.75 1
0 1 1
0.25 1 1
0.5 1 1
0.75 1 1
1 1 1
0.125 0 0
0.25 0.125 0
0.125 0.25 0
0 0.125 0
0.125 0 0.25
0.25 0.125 0.25
0.125 0.25 0.25
0 0.125 0.25
0 0 0.125
0.25 0 0.125
0.25 0.25 0.125
0 0.25 0.125
0.125 0.125 0
0.125 0.125 0.25
0.125 0 0.125
0.125 0.25 0.125
0 0.125 0.125
0.25 0.125 0.125
0.125 0.125 0.125
0.125 0 0.5
0.25 0.125 0.5
0.125 0.25 0.5
0 0.125 0.5
0 0 0.375
0.25 0 0.375
0.25 0.25 0.375
0 0.25 0.375
0.125 0.125 0.5
0.125 0 0.375
0.125 0.25 0.375
0 0.125 0.375
0.25 0.125 0.375
0.125 0.125 0.375
0.375 0 0.25
0.5 0.125 0.25
0.375 0.25 0.25
0.375 0 0.5
0.5 0.125 0.5
0.375 0.25 0.5
0.5 0 0.375
0.5 0.25 0.375
0.375 0.125 0.25
0.375 0.125 0.5
0.375 0 0.375
0.375 0.25 0.375
0.5 0.125 0.375
0.375 0.125 0.375
0.375 0 0
0.5 0.125 0
0.375 0.25 0
0.5 0 0.125
0.5 0.25 0.125
0.375 0.125 0
0.375 0 0.125
0.375 0.25 0.125
0.5 0.125 0.125
0.375 0.125 0.125
0.5 0.375 0
0.375 0.5 0
0.25 0.375 0
0.5 0.375 0.25
0.375 0.5 0.25
0.25 0.375 0.25
0.5 0.5 0.125
0.25 0.5 0.125
0.375 0.375 0
0.375 0.375 0.25
0.375 0.5 0.125
0.25 0.375 0.125
0.5 0.375 0.125
0.375 0.375 0.125
0.5 0.375 0.5
0.375 0.5 0.5
0.25 0.375 0.5
0.5 0.5 0.375
0.25 0.5 0.375
0.375 0.375 0.5
0.375 0.5 0.375
0.25 0.375 0.375
0.5 0.375 0.375
0.375 0.375 0.375
0.125 0.5 0.25
0 0.375 0.25
0.125 0.5 0.5
0 0.375 0.5
0 0.5 0.375
0.125 0.375 0.25
0.125 0.375 0.5
0.125 0.5 0.375
0 0.375 0.375
0.125 0.375 0.375
0.125 0.5 0
0 0.375 0
0 0.5 0.125
0.125 0.375 0
0.125 0.5 0.125
0 0.375 0.125
0.125 0.375 0.125
0.25 0.625 0
0.125 0.75 0
0 0.625 0
0.25 0.625 0.25
0.125 0.75 0.25
0 0.625 0.25
0.25 0.75 0.125
0 0.75 0.125
0.125 0.625 0
0.125 0.625 0.25
0.125 0.75 0.125
0 0.625 0.125
0.25 0.625 0.125
0.125 0.625 0.125
0.5 0.625 0
0.375 0.75 0
0.5 0.625 0.25
0.375 0.75 0.25
0.5 0.75 0.125
0.375 0.625 0
0.375 0.625 0.25
0.375 0.75 0.125
0.5 0.625 0.125
0.375 0.625 0.125
0.5 0.875 0
0.375 1 0
0.25 0.875 0
0.5 0.875 0.25
0.375 1 0.25
0.25 0.875 0.25
0.5 1 0.125
0.25 1 0.125
0.375 0.875 0
0.375 0.875 0.25
0.375 1 0.125
0.25 0.875 0.125
0.5 0.875 0.125
0.375 0.875 0.125
0.125 1 0
0 0.875 0
0.125 1 0.25
0 0.875 0.25
0 1 0.125
0.125 0.875 0
0.125 0.875 0.25
0.125 1 0.125
0 0.875 0.125
0.125 0.875 0.125
0.125 0.75 0.5
0.25 0.875 0.5
0.125 1 0.5
0 0.875 0.5
0 0.75 0.375
0.25 0.75 0.375
0.25 1 0.375
0 1 0.375
0.125 0.875 0.5
0.125 0.75 0.375
0.125 1 0.375
0 0.875 0.375
0.25 0.875 0.375
0.125 0.875 0.375
0.375 0.75 0.5
0.5 0.875 0.5
0.375 1 0.5
0.5 0.75 0.375
0.5 1 0.375
0.375 0.875 0.5
0.375 0.75 0.375
0.375 1 0.375
0.5 0.875 0.375
0.375 0.875 0.375
0.5 0.625 0.5
0.25 0.625 0.5
0.375 0.625 0.5
0.25 0.625 0.375
0.5 0.625 0.375
0.375 0.625 0.375
0 0.625 0.5
0.125 0.625 0.5
0 0.625 0.375
0.125 0.625 0.375
0.125 0.5 0.75
0.25 0.625 0.75
0.125 0.75 0.75
0 0.625 0.75
0 0.5 0.625
0.25 0.5 0.625
0.25 0.75 0.625
0 0.75 0.625
0.125 0.625 0.75
0.125 0.5 0.625
0.125 0.75 0.625
0 0.625 0.625
0.25 0.625 0.625
0.125 0.625 0.625
0.375 0.5 0.75
0.5 0.625 0.75
0.375 0.75 0.75
0.5 0.5 0.625
0.5 0.75 0.625
0.375 0.625 0.75
0.375 0.5 0.625
0.375 0.75 0.625
0.5 0.625 0.625
0.375 0.625 0.625
0.5 0.875 0.75
0.375 1 0.75
0.25 0.875 0.75
0.5 1 0.625
0.25 1 0.625
0.375 0.875 0.75
0.375 1 0.625
0.25 0.875 0.625
0.5 0.875 0.625
0.375 0.875 0.625
0.125 1 0.75
0 0.875 0.75
0 1 0.625
0.125 0.875 0.75
0.125 1 0.625
0 0.875 0.625
0.125 0.875 0.625
0.125 0.75 1
0.25 0.875 1
0.125 1 1
0 0.875 1
0 0.75 0.875
0.25 0.75 0.875
0.25 1 0.875
0 1 0.875
0.125 0.875 1
0.125 0.75 0.875
0.125 1 0.875
0 0.875 0.875
0.25 0.875 0.875
0.125 0.875 0.875
0.375 0.75 1
0.5 0.875 1
0.375 1 1
0.5 0.75 0.875
0.5 1 0.875
0.375 0.875 1
0.375 0.75 0.875
0.375 1 0.875
0.5 0.875 0.875
0.375 0.875 0.875
0.375 0.5 1
0.5 0.625 1
0.25 0.625 1
0.25 0.5 0.875
0.5 0.5 0.875
0.375 0.625 1
0.375 0.5 0.875
0.25 0.625 0.875
0.5 0.625 0.875
0.375 0.625 0.875
0.125 0.5 1
0 0.625 1
0 0.5 0.875
0.125 0.625 1
0.125 0.5 0.875
0 0.625 0.875
0.125 0.625 0.875
0.125 0.25 0.75
0.25 0.375 0.75
0 0.375 0.75
0.125 0.25 1
0.25 0.375 1
0 0.375 1
0 0.25 0.875
0.25 0.25 0.875
0.125 0.375 0.75
0.125 0.375 1
0.125 0.25 0.875
0 0.375 0.875
0.25 0.375 0.875
0.125 0.375 0.875
0.125 0 0.75
0.25 0.125 0.75
0 0.125 0.75
0.125 0 1
0.25 0.125 1
0 0.125 1
0 0 0.875
0.25 0 0.875
0.125 0.125 0.75
0.125 0.125 1
0.125 0 0.875
0 0.125 0.875
0.25 0.125 0.875
0.125 0.125 0.875
0 0 0.625
0.25 0 0.625
0.25 0.25 0.625
0 0.25 0.625
0.125 0 0.625
0.125 0.25 0.625
0 0.125 0.625
0.25 0.125 0.625
0.125 0.125 0.625
0 0.375 0.625
0.25 0.375 0.625
0.125 0.375 0.625
0.375 0.25 0.75
0.5 0.375 0.75
0.5 0.25 0.625
0.375 0.375 0.75
0.375 0.25 0.625
0.5 0.375 0.625
0.375 0.375 0.625
0.375 0 0.75
0.5 0.125 0.75
0.5 0 0.625
0.375 0.125 0.75
0.375 0 0.625
0.5 0.125 0.625
0.375 0.125 0.625
0.375 0 1
0.5 0.125 1
0.375 0.25 1
0.5 0 0.875
0.5 0.25 0.875
0.375 0.125 1
0.375 0 0.875
0.375 0.25 0.875
0.5 0.125 0.875
0.375 0.125 0.875
0.5 0.375 1
0.375 0.375 1
0.5 0.375 0.875
0.375 0.375 0.875
0.625 0.25 0.75
0.75 0.375 0.75
0.625 0.5 0.75
0.625 0.25 1
0.75 0.375 1
0.625 0.5 1
0.75 0.25 0.875
0.75 0.5 0.875
0.625 0.375 0.75
0.625 0.375 1
0.625 0.25 0.875
0.625 0.5 0.875
0.75 0.375 0.875
0.625 0.375 0.875
0.625 0 0.75
0.75 0.125 0.75
0.625 0 1
0.75 0.125 1
0.75 0 0.875
0.625 0.125 0.75
0.625 0.125 1
0.625 0 0.875
0.75 0.125 0.875
0.625 0.125 0.875
0.625 0 0.5
0.75 0.125 0.5
0.625 0.25 0.5
0.75 0 0.625
0.75 0.25 0.625
0.625 0.125 0.5
0.625 0 0.625
0.625 0.25 0.625
0.75 0.125 0.625
0.625 0.125 0.625
0.75 0.375 0.5
0.625 0.5 0.5
0.75 0.5 0.625
0.625 0.375 0.5
0.625 0.5 0.625
0.75 0.375 0.625
0.625 0.375 0.625
0.875 0.25 0.5
1 0.375 0.5
0.875 0.5 0.5
0.875 0.25 0.75
1 0.375 0.75
0.875 0.5 0.75
1 0.25 0.625
1 0.5 0.625
0.875 0.375 0.5
0.875 0.375 0.75
0.875 0.25 0.625
0.875 0.5 0.625
1 0.375 0.625
0.875 0.375 0.625
0.875 0 0.5
1 0.125 0.5
0.875 0 0.75
1 0.125 0.75
1 0 0.625
0.875 0.125 0.5
0.875 0.125 0.75
0.875 0 0.625
1 0.125 0.625
0.875 0.125 0.625
0.875 0 1
1 0.125 1
0.875 0.25 1
1 0 0.875
1 0.25 0.875
0.875 0.125 1
0.875 0 0.875
0.875 0.25 0.875
1 0.125 0.875
0.875 0.125 0.875
1 0.375 1
0.875 0.5 1
1 0.5 0.875
0.875 0.375 1
0.875 0.5 0.875
1 0.375 0.875
0.875 0.375 0.875
1 0.625 0.75
0.875 0.75 0.75
0.75 0.625 0.75
1 0.625 1
0.875 0.75 1
0.75 0.625 1
1 0.75 0.875
0.75 0.75 0.875
0.875 0.625 0.75
0.875 0.625 1
0.875 0.75 0.875
0.75 0.625 0.875
1 0.625 0.875
0.875 0.625 0.875
0.625 0.75 0.75
0.625 0.75 1
0.625 0.625 0.75
0.625 0.625 1
0.625 0.75 0.875
0.625 0.625 0.875
0.75 0.875 0.75
0.625 1 0.75
0.75 0.875 1
0.625 1 1
0.75 1 0.875
0.625 0.875 0.75
0.625 0.875 1
0.625 1 0.875
0.75 0.875 0.875
0.625 0.875 0.875
1 0.875 0.75
0.875 1 0.75
1 0.875 1
0.875 1 1
1 1 0.875
0.875 0.875 0.75
0.875 0.875 1
0.875 1 0.875
1 0.875 0.875
0.875 0.875 0.875
0.875 0.75 0.5
1 0.875 0.5
0.875 1 0.5
0.75 0.875 0.5
0.75 0.75 0.625
1 0.75 0.625
1 1 0.625
0.75 1 0.625
0.875 0.875 0.5
0.875 0.75 0.625
0.875 1 0.625
0.75 0.875 0.625
1 0.875 0.625
0.875 0.875 0.625
0.625 0.75 0.5
0.625 1 0.5
0.625 0.875 0.5
0.625 0.75 0.625
0.625 1 0.625
0.625 0.875 0.625
0.75 0.625 0.5
0.625 0.625 0.5
0.75 0.625 0.625
0.625 0.625 0.625
1 0.625 0.5
0.875 0.625 0.5
1 0.625 0.625
0.875 0.625 0.625
0.875 0.5 0.25
1 0.625 0.25
0.875 0.75 0.25
0.75 0.625 0.25
0.75 0.5 0.375
1 0.5 0.375
1 0.75 0.375
0.75 0.75 0.375
0.875 0.625 0.25
0.875 0.5 0.375
0.875 0.75 0.375
0.75 0.625 0.375
1 0.625 0.375
0.875 0.625 0.375
0.625 0.5 0.25
0.625 0.75 0.25
0.625 0.625 0.25
0.625 0.5 0.375
0.625 0.75 0.375
0.625 0.625 0.375
0.75 0.875 0.25
0.625 1 0.25
0.75 1 0.375
0.625 0.875 0.25
0.625 1 0.375
0.75 0.875 0.375
0.625 0.875 0.375
1 0.875 0.25
0.875 1 0.25
1 1 0.375
0.875 0.875 0.25
0.875 1 0.375
1 0.875 0.375
0.875 0.875 0.375
0.875 0.75 0
1 0.875 0
0.875 1 0
0.75 0.875 0
0.75 0.75 0.125
1 0.75 0.125
1 1 0.125
0.75 1 0.125
0.875 0.875 0
0.875 0.75 0.125
0.875 1 0.125
0.75 0.875 0.125
1 0.875 0.125
0.875 0.875 0.125
0.625 0.75 0
0.625 1 0
0.625 0.875 0
0.625 0.75 0.125
0.625 1 0.125
0.625 0.875 0.125
0.625 0.5 0
0.75 0.625 0
0.75 0.5 0.125
0.625 0.625 0
0.625 0.5 0.125
0.75 0.625 0.125
0.625 0.625 0.125
0.875 0.5 0
1 0.625 0
1 0.5 0.125
0.875 0.625 0
0.875 0.5 0.125
1 0.625 0.125
0.875 0.625 0.125
0.875 0.25 0
1 0.375 0
0.75 0.375 0
0.875 0.25 0.25
1 0.375 0.25
0.75 0.375 0.25
0.75 0.25 0.125
1 0.25 0.125
0.875 0.375 0
0.875 0.375 0.25
0.875 0.25 0.125
0.75 0.375 0.125
1 0.375 0.125
0.875 0.375 0.125
0.75 0.25 0.375
1 0.25 0.375
0.875 0.25 0.375
0.75 0.375 0.375
1 0.375 0.375
0.875 0.375 0.375
0.625 0.25 0.25
0.625 0.375 0.25
0.625 0.25 0.375
0.625 0.375 0.375
0.625 0.25 0
0.625 0.375 0
0.625 0.25 0.125
0.625 0.375 0.125
0.625 0 0
0.75 0.125 0
0.625 0 0.25
0.75 0.125 0.25
0.75 0 0.125
0.625 0.125 0
0.625 0.125 0.25
0.625 0 0.125
0.75 0.125 0.125
0.625 0.125 0.125
0.75 0 0.375
0.625 0 0.375
0.75 0.125 0.375
0.625 0.125 0.375
0.875 0 0.25
1 0.125 0.25
1 0 0.375
0.875 0.125 0.25
0.875 0 0.375
1 0.125 0.375
0.875 0.125 0.375
0.875 0 0
1 0.125 0
1 0 0.125
0.875 0.125 0
0.875 0 0.125
1 0.125 0.125
0.875 0.125 0.125
0.0625 0 0
0.125 0.0625 0
0.0625 0.125 0
0 0.0625 0
0.0625 0 0.125
0.125 0.0625 0.125
0.0625 0.125 0.125
0 0.0625 0.125
0 0 0.0625
0.125 0 0.0625
0.125 0.125 0.0625
0 0.125 0.0625
0.0625 0.0625 0
0.0625 0.0625 0.125
0.0625 0 0.0625
0.0625 0.125 0.0625
0 0.0625 0.0625
0.125 0.0625 0.0625
0.0625 0.0625 0.0625
0.1875 0 0
0.25 0.0625 0
0.1875 0.125 0
0.1875 0 0.125
0.25 0.0625 0.125
0.1875 0.125 0.125
0.25 0 0.0625
0.25 0.125 0.0625
0.1875 0.0625 0
0.1875 0.0625 0.125
0.1875 0 0.0625
0.1875 0.125 0.0625
0.25 0.0625 0.0625
0.1875 0.0625 0.0625
0.25 0.1875 0
0.1875 0.25 0
0.125 0.1875 0
0.25 0.1875 0.125
0.1875 0.25 0.125
0.125 0.1875 0.125
0.25 0.25 0.0625
0.125 0.25 0.0625
0.1875 0.1875 0
0.1875 0.1875 0.125
0.1875 0.25 0.0625
0.125 0.1875 0.0625
0.25 0.1875 0.0625
0.1875 0.1875 0.0625
0.0625 0.25 0
0 0.1875 0
0.0625 0.25 0.125
0 0.1875 0.125
0 0.25 0.0625
0.0625 0.1875 0
0.0625 0.1875 0.125
0.0625 0.25 0.0625
0 0.1875 0.0625
0.0625 0.1875 0.0625
0.0625 0 0.25
0.125 0.0625 0.25
0.0625 0.125 0.25
0 0.0625 0.25
0 0 0.1875
0.125 0 0.1875
0.125 0.125 0.1875
0 0.125 0.1875
0.0625 0.0625 0.25
0.0625 0 0.1875
0.0625 0.125 0.1875
0 0.0625 0.1875
0.125 0.0625 0.1875
0.0625 0.0625 0.1875
0.1875 0 0.25
0.25 0.0625 0.25
0.1875 0.125 0.25
0.25 0 0.1875
0.25 0.125 0.1875
0.1875 0.0625 0.25
0.1875 0 0.1875
0.1875 0.125 0.1875
0.25 0.0625 0.1875
0.1875 0.0625 0.1875
0.25 0.1875 0.25
0.1875 0.25 0.25
0.125 0.1875 0.25
0.25 0.25 0.1875
0.125 0.25 0.1875
0.1875 0.1875 0.25
0.1875 0.25 0.1875
0.125 0.1875 0.1875
0.25 0.1875 0.1875
0.1875 0.1875 0.1875
0.0625 0.25 0.25
0 0.1875 0.25
0 0.25 0.1875
0.0625 0.1875 0.25
0.0625 0.25 0.1875
0 0.1875 0.1875
0.0625 0.1875 0.1875
0.0625 0 0.375
0.125 0.0625 0.375
0.0625 0.125 0.375
0 0.0625 0.375
0 0 0.3125
0.125 0 0.3125
0.125 0.125 0.3125
0 0.125 0.3125
0.0625 0.0625 0.375
0.0625 0 0.3125
0.0625 0.125 0.3125
0 0.0625 0.3125
0.125 0.0625 0.3125
0.0625 0.0625 0.3125
0.1875 0 0.375
0.25 0.0625 0.375
0.1875 0.125 0.375
0.25 0 0.3125
0.25 0.125 0.3125
0.1875 0.0625 0.375
0.1875 0 0.3125
0.1875 0.125 0.3125
0.25 0.0625 0.3125
0.1875 0.0625 0.3125
0.25 0.1875 0.375
0.1875 0.25 0.375
0.125 0.1875 0.375
0.25 0.25 0.3125
0.125 0.25 0.3125
0.1875 0.1875 0.375
0.1875 0.25 0.3125
0.125 0.1875 0.3125
0.25 0.1875 0.3125
0.1875 0.1875 0.3125
0.0625 0.25 0.375
0 0.1875 0.375
0 0.25 0.3125
0.0625 0.1875 0.375
0.0625 0.25 0.3125
0 0.1875 0.3125
0.0625 0.1875 0.3125
0.0625 0 0.5
0.125 0.0625 0.5
0.0625 0.125 0.5
0 0.0625 0.5
0 0 0.4375
0.125 0 0.4375
0.125 0.125 0.4375
0 0.125 0.4375
0.0625 0.0625 0.5
0.0625 0 0.4375
0.0625 0.125 0.4375
0 0.0625 0.4375
0.125 0.0625 0.4375
0.0625 0.0625 0.4375
0.1875 0 0.5
0.25 0.0625 0.5
0.1875 0.125 0.5
0.25 0 0.4375
0.25 0.125 0.4375
0.1875 0.0625 0.5
0.1875 0 0.4375
0.1875 0.125 0.4375
0.25 0.0625 0.4375
0.1875 0.0625 0.4375
0.25 0.1875 0.5
0.1875 0.25 0.5
0.125 0.1875 0.5
0.25 0.25 0.4375
0.125 0.25 0.4375
0.1875 0.1875 0.5
0.1875 0.25 0.4375
0.125 0.1875 0.4375
0.25 0.1875 0.4375
0.1875 0.1875 0.4375
0.0625 0.25 0.5
0 0.1875 0.5
0 0.25 0.4375
0.0625 0.1875 0.5
0.0625 0.25 0.4375
0 0.1875 0.4375
0.0625 0.1875 0.4375
0.3125 0 0.25
0.375 0.0625 0.25
0.3125 0.125 0.25
0.3125 0 0.375
0.375 0.0625 0.375
0.3125 0.125 0.375
0.375 0 0.3125
0.375 0.125 0.3125
0.3125 0.0625 0.25
0.3125 0.0625 0.375
0.3125 0 0.3125
0.3125 0.125 0.3125
0.375 0.0625 0.3125
0.3125 0.0625 0.3125
0.4375 0 0.25
0.5 0.0625 0.25
0.4375 0.125 0.25
0.4375 0 0.375
0.5 0.0625 0.375
0.4375 0.125 0.375
0.5 0 0.3125
0.5 0.125 0.3125
0.4375 0.0625 0.25
0.4375 0.0625 0.375
0.4375 0 0.3125
0.4375 0.125 0.3125
0.5 0.0625 0.3125
0.4375 0.0625 0.3125
0.5 0.1875 0.25
0.4375 0.25 0.25
0.375 0.1875 0.25
0.5 0.1875 0.375
0.4375 0.25 0.375
0.375 0.1875 0.375
0.5 0.25 0.3125
0.375 0.25 0.3125
0.4375 0.1875 0.25
0.4375 0.1875 0.375
0.4375 0.25 0.3125
0.375 0.1875 0.3125
0.5 0.1875 0.3125
0.4375 0.1875 0.3125
0.3125 0.25 0.25
0.3125 0.25 0.375
0.3125 0.1875 0.25
0.3125 0.1875 0.375
0.3125 0.25 0.3125
0.3125 0.1875 0.3125
0.3125 0 0.5
0.375 0.0625 0.5
0.3125 0.125 0.5
0.375 0 0.4375
0.375 0.125 0.4375
0.3125 0.0625 0.5
0.3125 0 0.4375
0.3125 0.125 0.4375
0.375 0.0625 0.4375
0.3125 0.0625 0.4375
0.4375 0 0.5
0.5 0.0625 0.5
0.4375 0.125 0.5
0.5 0 0.4375
0.5 0.125 0.4375
0.4375 0.0625 0.5
0.4375 0 0.4375
0.4375 0.125 0.4375
0.5 0.0625 0.4375
0.4375 0.0625 0.4375
0.5 0.1875 0.5
0.4375 0.25 0.5
0.375 0.1875 0.5
0.5 0.25 0.4375
0.375 0.25 0.4375
0.4375 0.1875 0.5
0.4375 0.25 0.4375
0.375 0.1875 0.4375
0.5 0.1875 0.4375
0.4375 0.1875 0.4375
0.3125 0.25 0.5
0.3125 0.1875 0.5
0.3125 0.25 0.4375
0.3125 0.1875 0.4375
0.3125 0 0
0.375 0.0625 0
0.3125 0.125 0
0.3125 0 0.125
0.375 0.0625 0.125
0.3125 0.125 0.125
0.375 0 0.0625
0.375 0.125 0.0625
0.3125 0.0625 0
0.3125 0.0625 0.125
0.3125 0 0.0625
0.3125 0.125 0.0625
0.375 0.0625 0.0625
0.3125 0.0625 0.0625
0.4375 0 0
0.5 0.0625 0
0.4375 0.125 0
0.4375 0 0.125
0.5 0.0625 0.125
0.4375 0.125 0.125
0.5 0 0.0625
0.5 0.125 0.0625
0.4375 0.0625 0
0.4375 0.0625 0.125
0.4375 0 0.0625
0.4375 0.125 0.0625
0.5 0.0625 0.0625
0.4375 0.0625 0.0625
0.5 0.1875 0
0.4375 0.25 0
0.375 0.1875 0
0.5 0.1875 0.125
0.4375 0.25 0.125
0.375 0.1875 0.125
0.5 0.25 0.0625
0.375 0.25 0.0625
0.4375 0.1875 0
0.4375 0.1875 0.125
0.4375 0.25 0.0625
0.375 0.1875 0.0625
0.5 0.1875 0.0625
0.4375 0.1875 0.0625
0.3125 0.25 0
0.3125 0.25 0.125
0.3125 0.1875 0
0.3125 0.1875 0.125
0.3125 0.25 0.0625
0.3125 0.1875 0.0625
0.375 0 0.1875
0.375 0.125 0.1875
0.3125 0 0.1875
0.3125 0.125 0.1875
0.375 0.0625 0.1875
0.3125 0.0625 0.1875
0.5 0 0.1875
0.5 0.125 0.1875
0.4375 0 0.1875
0.4375 0.125 0.1875
0.5 0.0625 0.1875
0.4375 0.0625 0.1875
0.5 0.25 0.1875
0.375 0.25 0.1875
0.4375 0.25 0.1875
0.375 0.1875 0.1875
0.5 0.1875 0.1875
0.4375 0.1875 0.1875
0.3125 0.25 0.1875
0.3125 0.1875 0.1875
0.375 0.3125 0
0.3125 0.375 0
0.25 0.3125 0
0.375 0.3125 0.125
0.3125 0.375 0.125
0.25 0.3125 0.125
0.375 0.375 0.0625
0.25 0.375 0.0625
0.3125 0.3125 0
0.3125 0.3125 0.125
0.3125 0.375 0.0625
0.25 0.3125 0.0625
0.375 0.3125 0.0625
0.3125 0.3125 0.0625
0.5 0.3125 0
0.4375 0.375 0
0.5 0.3125 0.125
0.4375 0.375 0.125
0.5 0.375 0.0625
0.4375 0.3125 0
0.4375 0.3125 0.125
0.4375 0.375 0.0625
0.5 0.3125 0.0625
0.4375 0.3125 0.0625
0.5 0.4375 0
0.4375 0.5 0
0.375 0.4375 0
0.5 0.4375 0.125
0.4375 0.5 0.125
0.375 0.4375 0.125
0.5 0.5 0.0625
0.375 0.5 0.0625
0.4375 0.4375 0
0.4375 0.4375 0.125
0.4375 0.5 0.0625
0.375 0.4375 0.0625
0.5 0.4375 0.0625
0.4375 0.4375 0.0625
0.3125 0.5 0
0.25 0.4375 0
0.3125 0.5 0.125
0.25 0.4375 0.125
0.25 0.5 0.0625
0.3125 0.4375 0
0.3125 0.4375 0.125
0.3125 0.5 0.0625
0.25 0.4375 0.0625
0.3125 0.4375 0.0625
0.375 0.3125 0.25
0.3125 0.375 0.25
0.25 0.3125 0.25
0.375 0.375 0.1875
0.25 0.375 0.1875
0.3125 0.3125 0.25
0.3125 0.375 0.1875
0.25 0.3125 0.1875
0.375 0.3125 0.1875
0.3125 0.3125 0.1875
0.5 0.3125 0.25
0.4375 0.375 0.25
0.5 0.375 0.1875
0.4375 0.3125 0.25
0.4375 0.375 0.1875
0.5 0.3125 0.1875
0.4375 0.3125 0.1875
0.5 0.4375 0.25
0.4375 0.5 0.25
0.375 0.4375 0.25
0.5 0.5 0.1875
0.375 0.5 0.1875
0.4375 0.4375 0.25
0.4375 0.5 0.1875
0.375 0.4375 0.1875
0.5 0.4375 0.1875
0.4375 0.4375 0.1875
0.3125 0.5 0.25
0.25 0.4375 0.25
0.25 0.5 0.1875
0.3125 0.4375 0.25
0.3125 0.5 0.1875
0.25 0.4375 0.1875
0.3125 0.4375 0.1875
0.375 0.3125 0.375
0.3125 0.375 0.375
0.25 0.3125 0.375
0.375 0.375 0.3125
0.25 0.375 0.3125
0.3125 0.3125 0.375
0.3125 0.375 0.3125
0.25 0.3125 0.3125
0.375 0.3125 0.3125
0.3125 0.3125 0.3125
0.5 0.3125 0.375
0.4375 0.375 0.375
0.5 0.375 0.3125
0.4375 0.3125 0.375
0.4375 0.375 0.3125
0.5 0.3125 0.3125
0.4375 0.3125 0.3125
0.5 0.4375 0.375
0.4375 0.5 0.375
0.375 0.4375 0.375
0.5 0.5 0.3125
0.375 0.5 0.3125
0.4375 0.4375 0.375
0.4375 0.5 0.3125
0.375 0.4375 0.3125
0.5 0.4375 0.3125
0.4375 0.4375 0.3125
0.3125 0.5 0.375
0.25 0.4375 0.375
0.25 0.5 0.3125
0.3125 0.4375 0.375
0.3125 0.5 0.3125
0.25 0.4375 0.3125
0.3125 0.4375 0.3125
0.375 0.3125 0.5
0.3125 0.375 0.5
0.25 0.3125 0.5
0.375 0.375 0.4375
0.25 0.375 0.4375
0.3125 0.3125 0.5
0.3125 0.375 0.4375
0.25 0.3125 0.4375
0.375 0.3125 0.4375
0.3125 0.3125 0.4375
0.5 0.3125 0.5
0.4375 0.375 0.5
0.5 0.375 0.4375
0.4375 0.3125 0.5
0.4375 0.375 0.4375
0.5 0.3125 0.4375
0.4375 0.3125 0.4375
0.5 0.4375 0.5
0.4375 0.5 0.5
0.375 0.4375 0.5
0.5 0.5 0.4375
0.375 0.5 0.4375
0.4375 0.4375 0.5
0.4375 0.5 0.4375
0.375 0.4375 0.4375
0.5 0.4375 0.4375
0.4375 0.4375 0.4375
0.3125 0.5 0.5
0.25 0.4375 0.5
0.25 0.5 0.4375
0.3125 0.4375 0.5
0.3125 0.5 0.4375
0.25 0.4375 0.4375
0.3125 0.4375 0.4375
0.125 0.3125 0.25
0.0625 0.375 0.25
0 0.3125 0.25
0.125 0.3125 0.375
0.0625 0.375 0.375
0 0.3125 0.375
0.125 0.375 0.3125
0 0.375 0.3125
0.0625 0.3125 0.25
0.0625 0.3125 0.375
0.0625 0.375 0.3125
0 0.3125 0.3125
0.125 0.3125 0.3125
0.0625 0.3125 0.3125
0.1875 0.375 0.25
0.1875 0.375 0.375
0.1875 0.3125 0.25
0.1875 0.3125 0.375
0.1875 0.375 0.3125
0.1875 0.3125 0.3125
0.1875 0.5 0.25
0.125 0.4375 0.25
0.1875 0.5 0.375
0.125 0.4375 0.375
0.125 0.5 0.3125
0.1875 0.4375 0.25
0.1875 0.4375 0.375
0.1875 0.5 0.3125
0.125 0.4375 0.3125
0.1875 0.4375 0.3125
0.0625 0.5 0.25
0 0.4375 0.25
0.0625 0.5 0.375
0 0.4375 0.375
0 0.5 0.3125
0.0625 0.4375 0.25
0.0625 0.4375 0.375
0.0625 0.5 0.3125
0 0.4375 0.3125
0.0625 0.4375 0.3125
0.125 0.3125 0.5
0.0625 0.375 0.5
0 0.3125 0.5
0.125 0.375 0.4375
0 0.375 0.4375
0.0625 0.3125 0.5
0.0625 0.375 0.4375
0 0.3125 0.4375
0.125 0.3125 0.4375
0.0625 0.3125 0.4375
0.1875 0.375 0.5
0.1875 0.3125 0.5
0.1875 0.375 0.4375
0.1875 0.3125 0.4375
0.1875 0.5 0.5
0.125 0.4375 0.5
0.125 0.5 0.4375
0.1875 0.4375 0.5
0.1875 0.5 0.4375
0.125 0.4375 0.4375
0.1875 0.4375 0.4375
0.0625 0.5 0.5
0 0.4375 0.5
0 0.5 0.4375
0.0625 0.4375 0.5
0.0625 0.5 0.4375
0 0.4375 0.4375
0.0625 0.4375 0.4375
0.125 0.3125 0
0.0625 0.375 0
0 0.3125 0
0.125 0.3125 0.125
0.0625 0.375 0.125
0 0.3125 0.125
0.125 0.375 0.0625
0 0.375 0.0625
0.0625 0.3125 0
0.0625 0.3125 0.125
0.0625 0.375 0.0625
0 0.3125 0.0625
0.125 0.3125 0.0625
0.0625 0.3125 0.0625
0.1875 0.375 0
0.1875 0.375 0.125
0.1875 0.3125 0
0.1875 0.3125 0.125
0.1875 0.375 0.0625
0.1875 0.3125 0.0625
0.1875 0.5 0
0.125 0.4375 0
0.1875 0.5 0.125
0.125 0.4375 0.125
0.125 0.5 0.0625
0.1875 0.4375 0
0.1875 0.4375 0.125
0.1875 0.5 0.0625
0.125 0.4375 0.0625
0.1875 0.4375 0.0625
0.0625 0.5 0
0 0.4375 0
0.0625 0.5 0.125
0 0.4375 0.125
0 0.5 0.0625
0.0625 0.4375 0
0.0625 0.4375 0.125
0.0625 0.5 0.0625
0 0.4375 0.0625
0.0625 0.4375 0.0625
0.125 0.375 0.1875
0 0.375 0.1875
0.0625 0.375 0.1875
0 0.3125 0.1875
0.125 0.3125 0.1875
0.0625 0.3125 0.1875
0.1875 0.375 0.1875
0.1875 0.3125 0.1875
0.125 0.5 0.1875
0.1875 0.5 0.1875
0.125 0.4375 0.1875
0.1875 0.4375 0.1875
0 0.5 0.1875
0.0625 0.5 0.1875
0 0.4375 0.1875
0.0625 0.4375 0.1875
0.125 0.5625 0
0.0625 0.625 0
0 0.5625 0
0.125 0.5625 0.125
0.0625 0.625 0.125
0 0.5625 0.125
0.125 0.625 0.0625
0 0.625 0.0625
0.0625 0.5625 0
0.0625 0.5625 0.125
0.0625 0.625 0.0625
0 0.5625 0.0625
0.125 0.5625 0.0625
0.0625 0.5625 0.0625
0.25 0.5625 0
0.1875 0.625 0
0.25 0.5625 0.125
0.1875 0.625 0.125
0.25 0.625 0.0625
0.1875 0.5625 0
0.1875 0.5625 0.125
0.1875 0.625 0.0625
0.25 0.5625 0.0625
0.1875 0.5625 0.0625
0.25 0.6875 0
0.1875 0.75 0
0.125 0.6875 0
0.25 0.6875 0.125
0.1875 0.75 0.125
0.125 0.6875 0.125
0.25 0.75 0.0625
0.125 0.75 0.0625
0.1875 0.6875 0
0.1875 0.6875 0.125
0.1875 0.75 0.0625
0.125 0.6875 0.0625
0.25 0.6875 0.0625
0.1875 0.6875 0.0625
0.0625 0.75 0
0 0.6875 0
0.0625 0.75 0.125
0 0.6875 0.125
0 0.75 0.0625
0.0625 0.6875 0
0.0625 0.6875 0.125
0.0625 0.75 0.0625
0 0.6875 0.0625
0.0625 0.6875 0.0625
0.125 0.5625 0.25
0.0625 0.625 0.25
0 0.5625 0.25
0.125 0.625 0.1875
0 0.625 0.1875
0.0625 0.5625 0.25
0.0625 0.625 0.1875
0 0.5625 0.1875
0.125 0.5625 0.1875
0.0625 0.5625 0.1875
0.25 0.5625 0.25
0.1875 0.625 0.25
0.25 0.625 0.1875
0.1875 0.5625 0.25
0.1875 0.625 0.1875
0.25 0.5625 0.1875
0.1875 0.5625 0.1875
0.25 0.6875 0.25
0.1875 0.75 0.25
0.125 0.6875 0.25
0.25 0.75 0.1875
0.125 0.75 0.1875
0.1875 0.6875 0.25
0.1875 0.75 0.1875
0.125 0.6875 0.1875
0.25 0.6875 0.1875
0.1875 0.6875 0.1875
0.0625 0.75 0.25
0 0.6875 0.25
0 0.75 0.1875
0.0625 0.6875 0.25
0.0625 0.75 0.1875
0 0.6875 0.1875
0.0625 0.6875 0.1875
0.375 0.5625 0
0.3125 0.625 0
0.375 0.5625 0.125
0.3125 0.625 0.125
0.375 0.625 0.0625
0.3125 0.5625 0
0.3125 0.5625 0.125
0.3125 0.625 0.0625
0.375 0.5625 0.0625
0.3125 0.5625 0.0625
0.5 0.5625 0
0.4375 0.625 0
0.5 0.5625 0.125
0.4375 0.625 0.125
0.5 0.625 0.0625
0.4375 0.5625 0
0.4375 0.5625 0.125
0.4375 0.625 0.0625
0.5 0.5625 0.0625
0.4375 0.5625 0.0625
0.5 0.6875 0
0.4375 0.75 0
0.375 0.6875 0
0.5 0.6875 0.125
0.4375 0.75 0.125
0.375 0.6875 0.125
0.5 0.75 0.0625
0.375 0.75 0.0625
0.4375 0.6875 0
0.4375 0.6875 0.125
0.4375 0.75 0.0625
0.375 0.6875 0.0625
0.5 0.6875 0.0625
0.4375 0.6875 0.0625
0.3125 0.75 0
0.3125 0.75 0.125
0.3125 0.6875 0
0.3125 0.6875 0.125
0.3125 0.75 0.0625
0.3125 0.6875 0.0625
0.375 0.5625 0.25
0.3125 0.625 0.25
0.375 0.625 0.1875
0.3125 0.5625 0.25
0.3125 0.625 0.1875
0.375 0.5625 0.1875
0.3125 0.5625 0.1875
0.5 0.5625 0.25
0.4375 0.625 0.25
0.5 0.625 0.1875
0.4375 0.5625 0.25
0.4375 0.625 0.1875
0.5 0.5625 0.1875
0.4375 0.5625 0.1875
0.5 0.6875 0.25
0.4375 0.75 0.25
0.375 0.6875 0.25
0.5 0.75 0.1875
0.375 0.75 0.1875
0.4375 0.6875 0.25
0.4375 0.75 0.1875
0.375 0.6875 0.1875
0.5 0.6875 0.1875
0.4375 0.6875 0.1875
0.3125 0.75 0.25
0.3125 0.6875 0.25
0.3125 0.75 0.1875
0.3125 0.6875 0.1875
0.375 0.8125 0
0.3125 0.875 0
0.25 0.8125 0
0.375 0.8125 0.125
0.3125 0.875 0.125
0.25 0.8125 0.125
0.375 0.875 0.0625
0.25 0.875 0.0625
0.3125 0.8125 0
0.3125 0.8125 0.125
0.3125 0.875 0.0625
0.25 0.8125 0.0625
0.375 0.8125 0.0625
0.3125 0.8125 0.0625
0.5 0.8125 0
0.4375 0.875 0
0.5 0.8125 0.125
0.4375 0.875 0.125
0.5 0.875 0.0625
0.4375 0.8125 0
0.4375 0.8125 0.125
0.4375 0.875 0.0625
0.5 0.8125 0.0625
0.4375 0.8125 0.0625
0.5 0.9375 0
0.4375 1 0
0.375 0.9375 0
0.5 0.9375 0.125
0.4375 1 0.125
0.375 0.9375 0.125
0.5 1 0.0625
0.375 1 0.0625
0.4375 0.9375 0
0.4375 0.9375 0.125
0.4375 1 0.0625
0.375 0.9375 0.0625
0.5 0.9375 0.0625
0.4375 0.9375 0.0625
0.3125 1 0
0.25 0.9375 0
0.3125 1 0.125
0.25 0.9375 0.125
0.25 1 0.0625
0.3125 0.9375 0
0.3125 0.9375 0.125
0.3125 1 0.0625
0.25 0.9375 0.0625
0.3125 0.9375 0.0625
0.375 0.8125 0.25
0.3125 0.875 0.25
0.25 0.8125 0.25
0.375 0.875 0.1875
0.25 0.875 0.1875
0.3125 0.8125 0.25
0.3125 0.875 0.1875
0.25 0.8125 0.1875
0.375 0.8125 0.1875
0.3125 0.8125 0.1875
0.5 0.8125 0.25
0.4375 0.875 0.25
0.5 0.875 0.1875
0.4375 0.8125 0.25
0.4375 0.875 0.1875
0.5 0.8125 0.1875
0.4375 0.8125 0.1875
0.5 0.9375 0.25
0.4375 1 0.25
0.375 0.9375 0.25
0.5 1 0.1875
0.375 1 0.1875
0.4375 0.9375 0.25
0.4375 1 0.1875
0.375 0.9375 0.1875
0.5 0.9375 0.1875
0.4375 0.9375 0.1875
0.3125 1 0.25
0.25 0.9375 0.25
0.25 1 0.1875
0.3125 0.9375 0.25
0.3125 1 0.1875
0.25 0.9375 0.1875
0.3125 0.9375 0.1875
0.125 0.8125 0
0.0625 0.875 0
0 0.8125 0
0.125 0.8125 0.125
0.0625 0.875 0.125
0 0.8125 0.125
0.125 0.875 0.0625
0 0.875 0.0625
0.0625 0.8125 0
0.0625 0.8125 0.125
0.0625 0.875 0.0625
0 0.8125 0.0625
0.125 0.8125 0.0625
0.0625 0.8125 0.0625
0.1875 0.875 0
0.1875 0.875 0.125
0.1875 0.8125 0
0.1875 0.8125 0.125
0.1875 0.875 0.0625
0.1875 0.8125 0.0625
0.1875 1 0
0.125 0.9375 0
0.1875 1 0.125
0.125 0.9375 0.125
0.125 1 0.0625
0.1875 0.9375 0
0.1875 0.9375 0.125
0.1875 1 0.0625
0.125 0.9375 0.0625
0.1875 0.9375 0.0625
0.0625 1 0
0 0.9375 0
0.0625 1 0.125
0 0.9375 0.125
0 1 0.0625
0.0625 0.9375 0
0.0625 0.9375 0.125
0.0625 1 0.0625
0 0.9375 0.0625
0.0625 0.9375 0.0625
0.125 0.8125 0.25
0.0625 0.875 0.25
0 0.8125 0.25
0.125 0.875 0.1875
0 0.875 0.1875
0.0625 0.8125 0.25
0.0625 0.875 0.1875
0 0.8125 0.1875
0.125 0.8125 0.1875
0.0625 0.8125 0.1875
0.1875 0.875 0.25
0.1875 0.8125 0.25
0.1875 0.875 0.1875
0.1875 0.8125 0.1875
0.1875 1 0.25
0.125 0.9375 0.25
0.125 1 0.1875
0.1875 0.9375 0.25
0.1875 1 0.1875
0.125 0.9375 0.1875
0.1875 0.9375 0.1875
0.0625 1 0.25
0 0.9375 0.25
0 1 0.1875
0.0625 0.9375 0.25
0.0625 1 0.1875
0 0.9375 0.1875
0.0625 0.9375 0.1875
0.0625 0.75 0.375
0.125 0.8125 0.375
0.0625 0.875 0.375
0 0.8125 0.375
0 0.75 0.3125
0.125 0.75 0.3125
0.125 0.875 0.3125
0 0.875 0.3125
0.0625 0.8125 0.375
0.0625 0.75 0.3125
0.0625 0.875 0.3125
0 0.8125 0.3125
0.125 0.8125 0.3125
0.0625 0.8125 0.3125
0.1875 0.75 0.375
0.25 0.8125 0.375
0.1875 0.875 0.375
0.25 0.75 0.3125
0.25 0.875 0.3125
0.1875 0.8125 0.375
0.1875 0.75 0.3125
0.1875 0.875 0.3125
0.25 0.8125 0.3125
0.1875 0.8125 0.3125
0.25 0.9375 0.375
0.1875 1 0.375
0.125 0.9375 0.375
0.25 1 0.3125
0.125 1 0.3125
0.1875 0.9375 0.375
0.1875 1 0.3125
0.125 0.9375 0.3125
0.25 0.9375 0.3125
0.1875 0.9375 0.3125
0.0625 1 0.375
0 0.9375 0.375
0 1 0.3125
0.0625 0.9375 0.375
0.0625 1 0.3125
0 0.9375 0.3125
0.0625 0.9375 0.3125
0.0625 0.75 0.5
0.125 0.8125 0.5
0.0625 0.875 0.5
0 0.8125 0.5
0 0.75 0.4375
0.125 0.75 0.4375
0.125 0.875 0.4375
0 0.875 0.4375
0.0625 0.8125 0.5
0.0625 0.75 0.4375
0.0625 0.875 0.4375
0 0.8125 0.4375
0.125 0.8125 0.4375
0.0625 0.8125 0.4375
0.1875 0.75 0.5
0.25 0.8125 0.5
0.1875 0.875 0.5
0.25 0.75 0.4375
0.25 0.875 0.4375
0.1875 0.8125 0.5
0.1875 0.75 0.4375
0.1875 0.875 0.4375
0.25 0.8125 0.4375
0.1875 0.8125 0.4375
0.25 0.9375 0.5
0.1875 1 0.5
0.125 0.9375 0.5
0.25 1 0.4375
0.125 1 0.4375
0.1875 0.9375 0.5
0.1875 1 0.4375
0.125 0.9375 0.4375
0.25 0.9375 0.4375
0.1875 0.9375 0.4375
0.0625 1 0.5
0 0.9375 0.5
0 1 0.4375
0.0625 0.9375 0.5
0.0625 1 0.4375
0 0.9375 0.4375
0.0625 0.9375 0.4375
0.3125 0.75 0.375
0.375 0.8125 0.375
0.3125 0.875 0.375
0.375 0.75 0.3125
0.375 0.875 0.3125
0.3125 0.8125 0.375
0.3125 0.75 0.3125
0.3125 0.875 0.3125
0.375 0.8125 0.3125
0.3125 0.8125 0.3125
0.4375 0.75 0.375
0.5 0.8125 0.375
0.4375 0.875 0.375
0.5 0.75 0.3125
0.5 0.875 0.3125
0.4375 0.8125 0.375
0.4375 0.75 0.3125
0.4375 0.875 0.3125
0.5 0.8125 0.3125
0.4375 0.8125 0.3125
0.5 0.9375 0.375
0.4375 1 0.375
0.375 0.9375 0.375
0.5 1 0.3125
0.375 1 0.3125
0.4375 0.9375 0.375
0.4375 1 0.3125
0.375 0.9375 0.3125
0.5 0.9375 0.3125
0.4375 0.9375 0.3125
0.3125 1 0.375
0.3125 0.9375 0.375
0.3125 1 0.3125
0.3125 0.9375 0.3125
0.3125 0.75 0.5
0.375 0.8125 0.5
0.3125 0.875 0.5
0.375 0.75 0.4375
0.375 0.875 0.4375
0.3125 0.8125 0.5
0.3125 0.75 0.4375
0.3125 0.875 0.4375
0.375 0.8125 0.4375
0.3125 0.8125 0.4375
0.4375 0.75 0.5
0.5 0.8125 0.5
0.4375 0.875 0.5
0.5 0.75 0.4375
0.5 0.875 0.4375
0.4375 0.8125 0.5
0.4375 0.75 0.4375
0.4375 0.875 0.4375
0.5 0.8125 0.4375
0.4375 0.8125 0.4375
0.5 0.9375 0.5
0.4375 1 0.5
0.375 0.9375 0.5
0.5 1 0.4375
0.375 1 0.4375
0.4375 0.9375 0.5
0.4375 1 0.4375
0.375 0.9375 0.4375
0.5 0.9375 0.4375
0.4375 0.9375 0.4375
0.3125 1 0.5
0.3125 0.9375 0.5
0.3125 1 0.4375
0.3125 0.9375 0.4375
0.375 0.5625 0.375
0.3125 0.625 0.375
0.25 0.5625 0.375
0.375 0.625 0.3125
0.25 0.625 0.3125
0.3125 0.5625 0.375
0.3125 0.625 0.3125
0.25 0.5625 0.3125
0.375 0.5625 0.3125
0.3125 0.5625 0.3125
0.5 0.5625 0.375
0.4375 0.625 0.375
0.5 0.625 0.3125
0.4375 0.5625 0.375
0.4375 0.625 0.3125
0.5 0.5625 0.3125
0.4375 0.5625 0.3125
0.5 0.6875 0.375
0.375 0.6875 0.375
0.4375 0.6875 0.375
0.375 0.6875 0.3125
0.5 0.6875 0.3125
0.4375 0.6875 0.3125
0.25 0.6875 0.375
0.3125 0.6875 0.375
0.25 0.6875 0.3125
0.3125 0.6875 0.3125
0.375 0.5625 0.5
0.3125 0.625 0.5
0.25 0.5625 0.5
0.375 0.625 0.4375
0.25 0.625 0.4375
0.3125 0.5625 0.5
0.3125 0.625 0.4375
0.25 0.5625 0.4375
0.375 0.5625 0.4375
0.3125 0.5625 0.4375
0.5 0.5625 0.5
0.4375 0.625 0.5
0.5 0.625 0.4375
0.4375 0.5625 0.5
0.4375 0.625 0.4375
0.5 0.5625 0.4375
0.4375 0.5625 0.4375
0.5 0.6875 0.5
0.375 0.6875 0.5
0.4375 0.6875 0.5
0.375 0.6875 0.4375
0.5 0.6875 0.4375
0.4375 0.6875 0.4375
0.25 0.6875 0.5
0.3125 0.6875 0.5
0.25 0.6875 0.4375
0.3125 0.6875 0.4375
0.125 0.5625 0.375
0.0625 0.625 0.375
0 0.5625 0.375
0.125 0.625 0.3125
0 0.625 0.3125
0.0625 0.5625 0.375
0.0625 0.625 0.3125
0 0.5625 0.3125
0.125 0.5625 0.3125
0.0625 0.5625 0.3125
0.1875 0.625 0.375
0.1875 0.5625 0.375
0.1875 0.625 0.3125
0.1875 0.5625 0.3125
0.125 0.6875 0.375
0.1875 0.6875 0.375
0.125 0.6875 0.3125
0.1875 0.6875 0.3125
0 0.6875 0.375
0.0625 0.6875 0.375
0 0.6875 0.3125
0.0625 0.6875 0.3125
0.125 0.5625 0.5
0.0625 0.625 0.5
0 0.5625 0.5
0.125 0.625 0.4375
0 0.625 0.4375
0.0625 0.5625 0.5
0.0625 0.625 0.4375
0 0.5625 0.4375
0.125 0.5625 0.4375
0.0625 0.5625 0.4375
0.1875 0.625 0.5
0.1875 0.5625 0.5
0.1875 0.625 0.4375
0.1875 0.5625 0.4375
0.125 0.6875 0.5
0.1875 0.6875 0.5
0.125 0.6875 0.4375
0.1875 0.6875 0.4375
0 0.6875 0.5
0.0625 0.6875 0.5
0 0.6875 0.4375
0.0625 0.6875 0.4375
0.0625 0.5 0.625
0.125 0.5625 0.625
0.0625 0.625 0.625
0 0.5625 0.625
0 0.5 0.5625
0.125 0.5 0.5625
0.125 0.625 0.5625
0 0.625 0.5625
0.0625 0.5625 0.625
0.0625 0.5 0.5625
0.0625 0.625 0.5625
0 0.5625 0.5625
0.125 0.5625 0.5625
0.0625 0.5625 0.5625
0.1875 0.5 0.625
0.25 0.5625 0.625
0.1875 0.625 0.625
0.25 0.5 0.5625
0.25 0.625 0.5625
0.1875 0.5625 0.625
0.1875 0.5 0.5625
0.1875 0.625 0.5625
0.25 0.5625 0.5625
0.1875 0.5625 0.5625
0.25 0.6875 0.625
0.1875 0.75 0.625
0.125 0.6875 0.625
0.25 0.75 0.5625
0.125 0.75 0.5625
0.1875 0.6875 0.625
0.1875 0.75 0.5625
0.125 0.6875 0.5625
0.25 0.6875 0.5625
0.1875 0.6875 0.5625
0.0625 0.75 0.625
0 0.6875 0.625
0 0.75 0.5625
0.0625 0.6875 0.625
0.0625 0.75 0.5625
0 0.6875 0.5625
0.0625 0.6875 0.5625
0.0625 0.5 0.75
0.125 0.5625 0.75
0.0625 0.625 0.75
0 0.5625 0.75
0 0.5 0.6875
0.125 0.5 0.6875
0.125 0.625 0.6875
0 0.625 0.6875
0.0625 0.5625 0.75
0.0625 0.5 0.6875
0.0625 0.625 0.6875
0 0.5625 0.6875
0.125 0.5625 0.6875
0.0625 0.5625 0.6875
0.1875 0.5 0.75
0.25 0.5625 0.75
0.1875 0.625 0.75
0.25 0.5 0.6875
0.25 0.625 0.6875
0.1875 0.5625 0.75
0.1875 0.5 0.6875
0.1875 0.625 0.6875
0.25 0.5625 0.6875
0.1875 0.5625 0.6875
0.25 0.6875 0.75
0.1875 0.75 0.75
0.125 0.6875 0.75
0.25 0.75 0.6875
0.125 0.75 0.6875
0.1875 0.6875 0.75
0.1875 0.75 0.6875
0.125 0.6875 0.6875
0.25 0.6875 0.6875
0.1875 0.6875 0.6875
0.0625 0.75 0.75
0 0.6875 0.75
0 0.75 0.6875
0.0625 0.6875 0.75
0.0625 0.75 0.6875
0 0.6875 0.6875
0.0625 0.6875 0.6875
0.3125 0.5 0.625
0.375 0.5625 0.625
0.3125 0.625 0.625
0.375 0.5 0.5625
0.375 0.625 0.5625
0.3125 0.5625 0.625
0.3125 0.5 0.5625
0.3125 0.625 0.5625
0.375 0.5625 0.5625
0.3125 0.5625 0.5625
0.4375 0.5 0.625
0.5 0.5625 0.625
0.4375 0.625 0.625
0.5 0.5 0.5625
0.5 0.625 0.5625
0.4375 0.5625 0.625
0.4375 0.5 0.5625
0.4375 0.625 0.5625
0.5 0.5625 0.5625
0.4375 0.5625 0.5625
0.5 0.6875 0.625
0.4375 0.75 0.625
0.375 0.6875 0.625
0.5 0.75 0.5625
0.375 0.75 0.5625
0.4375 0.6875 0.625
0.4375 0.75 0.5625
0.375 0.6875 0.5625
0.5 0.6875 0.5625
0.4375 0.6875 0.5625
0.3125 0.75 0.625
0.3125 0.6875 0.625
0.3125 0.75 0.5625
0.3125 0.6875 0.5625
0.3125 0.5 0.75
0.375 0.5625 0.75
0.3125 0.625 0.75
0.375 0.5 0.6875
0.375 0.625 0.6875
0.3125 0.5625 0.75
0.3125 0.5 0.6875
0.3125 0.625 0.6875
0.375 0.5625 0.6875
0.3125 0.5625 0.6875
0.4375 0.5 0.75
0.5 0.5625 0.75
0.4375 0.625 0.75
0.5 0.5 0.6875
0.5 0.625 0.6875
0.4375 0.5625 0.75
0.4375 0.5 0.6875
0.4375 0.625 0.6875
0.5 0.5625 0.6875
0.4375 0.5625 0.6875
0.5 0.6875 0.75
0.4375 0.75 0.75
0.375 0.6875 0.75
0.5 0.75 0.6875
0.375 0.75 0.6875
0.4375 0.6875 0.75
0.4375 0.75 0.6875
0.375 0.6875 0.6875
0.5 0.6875 0.6875
0.4375 0.6875 0.6875
0.3125 0.75 0.75
0.3125 0.6875 0.75
0.3125 0.75 0.6875
0.3125 0.6875 0.6875
0.375 0.8125 0.625
0.3125 0.875 0.625
0.25 0.8125 0.625
0.375 0.875 0.5625
0.25 0.875 0.5625
0.3125 0.8125 0.625
0.3125 0.875 0.5625
0.25 0.8125 0.5625
0.375 0.8125 0.5625
0.3125 0.8125 0.5625
0.5 0.8125 0.625
0.4375 0.875 0.625
0.5 0.875 0.5625
0.4375 0.8125 0.625
0.4375 0.875 0.5625
0.5 0.8125 0.5625
0.4375 0.8125 0.5625
0.5 0.9375 0.625
0.4375 1 0.625
0.375 0.9375 0.625
0.5 1 0.5625
0.375 1 0.5625
0.4375 0.9375 0.625
0.4375 1 0.5625
0.375 0.9375 0.5625
0.5 0.9375 0.5625
0.4375 0.9375 0.5625
0.3125 1 0.625
0.25 0.9375 0.625
0.25 1 0.5625
0.3125 0.9375 0.625
0.3125 1 0.5625
0.25 0.9375 0.5625
0.3125 0.9375 0.5625
0.375 0.8125 0.75
0.3125 0.875 0.75
0.25 0.8125 0.75
0.375 0.875 0.6875
0.25 0.875 0.6875
0.3125 0.8125 0.75
0.3125 0.875 0.6875
0.25 0.8125 0.6875
0.375 0.8125 0.6875
0.3125 0.8125 0.6875
0.5 0.8125 0.75
0.4375 0.875 0.75
0.5 0.875 0.6875
0.4375 0.8125 0.75
0.4375 0.875 0.6875
0.5 0.8125 0.6875
0.4375 0.8125 0.6875
0.5 0.9375 0.75
0.4375 1 0.75
0.375 0.9375 0.75
0.5 1 0.6875
0.375 1 0.6875
0.4375 0.9375 0.75
0.4375 1 0.6875
0.375 0.9375 0.6875
0.5 0.9375 0.6875
0.4375 0.9375 0.6875
0.3125 1 0.75
0.25 0.9375 0.75
0.25 1 0.6875
0.3125 0.9375 0.75
0.3125 1 0.6875
0.25 0.9375 0.6875
0.3125 0.9375 0.6875
0.125 0.8125 0.625
0.0625 0.875 0.625
0 0.8125 0.625
0.125 0.875 0.5625
0 0.875 0.5625
0.0625 0.8125 0.625
0.0625 0.875 0.5625
0 0.8125 0.5625
0.125 0.8125 0.5625
0.0625 0.8125 0.5625
0.1875 0.875 0.625
0.1875 0.8125 0.625
0.1875 0.875 0.5625
0.1875 0.8125 0.5625
0.1875 1 0.625
0.125 0.9375 0.625
0.125 1 0.5625
0.1875 0.9375 0.625
0.1875 1 0.5625
0.125 0.9375 0.5625
0.1875 0.9375 0.5625
0.0625 1 0.625
0 0.9375 0.625
0 1 0.5625
0.0625 0.9375 0.625
0.0625 1 0.5625
0 0.9375 0.5625
0.0625 0.9375 0.5625
0.125 0.8125 0.75
0.0625 0.875 0.75
0 0.8125 0.75
0.125 0.875 0.6875
0 0.875 0.6875
0.0625 0.8125 0.75
0.0625 0.875 0.6875
0 0.8125 0.6875
0.125 0.8125 0.6875
0.0625 0.8125 0.6875
0.1875 0.875 0.75
0.1875 0.8125 0.75
0.1875 0.875 0.6875
0.1875 0.8125 0.6875
0.1875 1 0.75
0.125 0.9375 0.75
0.125 1 0.6875
0.1875 0.9375 0.75
0.1875 1 0.6875
0.125 0.9375 0.6875
0.1875 0.9375 0.6875
0.0625 1 0.75
0 0.9375 0.75
0 1 0.6875
0.0625 0.9375 0.75
0.0625 1 0.6875
0 0.9375 0.6875
0.0625 0.9375 0.6875
0.0625 0.75 0.875
0.125 0.8125 0.875
0.0625 0.875 0.875
0 0.8125 0.875
0 0.75 0.8125
0.125 0.75 0.8125
0.125 0.875 0.8125
0 0.875 0.8125
0.0625 0.8125 0.875
0.0625 0.75 0.8125
0.0625 0.875 0.8125
0 0.8125 0.8125
0.125 0.8125 0.8125
0.0625 0.8125 0.8125
0.1875 0.75 0.875
0.25 0.8125 0.875
0.1875 0.875 0.875
0.25 0.75 0.8125
0.25 0.875 0.8125
0.1875 0.8125 0.875
0.1875 0.75 0.8125
0.1875 0.875 0.8125
0.25 0.8125 0.8125
0.1875 0.8125 0.8125
0.25 0.9375 0.875
0.1875 1 0.875
0.125 0.9375 0.875
0.25 1 0.8125
0.125 1 0.8125
0.1875 0.9375 0.875
0.1875 1 0.8125
0.125 0.9375 0.8125
0.25 0.9375 0.8125
0.1875 0.9375 0.8125
0.0625 1 0.875
0 0.9375 0.875
0 1 0.8125
0.0625 0.9375 0.875
0.0625 1 0.8125
0 0.9375 0.8125
0.0625 0.9375 0.8125
0.0625 0.75 1
0.125 0.8125 1
0.0625 0.875 1
0 0.8125 1
0 0.75 0.9375
0.125 0.75 0.9375
0.125 0.875 0.9375
0 0.875 0.9375
0.0625 0.8125 1
0.0625 0.75 0.9375
0.0625 0.875 0.9375
0 0.8125 0.9375
0.125 0.8125 0.9375
0.0625 0.8125 0.9375
0.1875 0.75 1
0.25 0.8125 1
0.1875 0.875 1
0.25 0.75 0.9375
0.25 0.875 0.9375
0.1875 0.8125 1
0.1875 0.75 0.9375
0.1875 0.875 0.9375
0.25 0.8125 0.9375
0.1875 0.8125 0.9375
0.25 0.9375 1
0.1875 1 1
0.125 0.9375 1
0.25 1 0.9375
0.125 1 0.9375
0.1875 0.9375 1
0.1875 1 0.9375
0.125 0.9375 0.9375
0.25 0.9375 0.9375
0.1875 0.9375 0.9375
0.0625 1 1
0 0.9375 1
0 1 0.9375
0.0625 0.9375 1
0.0625 1 0.9375
0 0.9375 0.9375
0.0625 0.9375 0.9375
0.3125 0.75 0.875
0.375 0.8125 0.875
0.3125 0.875 0.875
0.375 0.75 0.8125
0.375 0.875 0.8125
0.3125 0.8125 0.875
0.3125 0.75 0.8125
0.3125 0.875 0.8125
0.375 0.8125 0.8125
0.3125 0.8125 0.8125
0.4375 0.75 0.875
0.5 0.8125 0.875
0.4375 0.875 0.875
0.5 0.75 0.8125
0.5 0.875 0.8125
0.4375 0.8125 0.875
0.4375 0.75 0.8125
0.4375 0.875 0.8125
0.5 0.8125 0.8125
0.4375 0.8125 0.8125
0.5 0.9375 0.875
0.4375 1 0.875
0.375 0.9375 0.875
0.5 1 0.8125
0.375 1 0.8125
0.4375 0.9375 0.875
0.4375 1 0.8125
0.375 0.9375 0.8125
0.5 0.9375 0.8125
0.4375 0.9375 0.8125
0.3125 1 0.875
0.3125 0.9375 0.875
0.3125 1 0.8125
0.3125 0.9375 0.8125
0.3125 0.75 1
0.375 0.8125 1
0.3125 0.875 1
0.375 0.75 0.9375
0.375 0.875 0.9375
0.3125 0.8125 1
0.3125 0.75 0.9375
0.3125 0.875 0.9375
0.375 0.8125 0.9375
0.3125 0.8125 0.9375
0.4375 0.75 1
0.5 0.8125 1
0.4375 0.875 1
0.5 0.75 0.9375
0.5 0.875 0.9375
0.4375 0.8125 1
0.4375 0.75 0.9375
0.4375 0.875 0.9375
0.5 0.8125 0.9375
0.4375 0.8125 0.9375
0.5 0.9375 1
0.4375 1 1
0.375 0.9375 1
0.5 1 0.9375
0.375 1 0.9375
0.4375 0.9375 1
0.4375 1 0.9375
0.375 0.9375 0.9375
0.5 0.9375 0.9375
0.4375 0.9375 0.9375
0.3125 1 1
0.3125 0.9375 1
0.3125 1 0.9375
0.3125 0.9375 0.9375
0.3125 0.5 0.875
0.375 0.5625 0.875
0.3125 0.625 0.875
0.25 0.5625 0.875
0.25 0.5 0.8125
0.375 0.5 0.8125
0.375 0.625 0.8125
0.25 0.625 0.8125
0.3125 0.5625 0.875
0.3125 0.5 0.8125
0.3125 0.625 0.8125
0.25 0.5625 0.8125
0.375 0.5625 0.8125
0.3125 0.5625 0.8125
0.4375 0.5 0.875
0.5 0.5625 0.875
0.4375 0.625 0.875
0.5 0.5 0.8125
0.5 0.625 0.8125
0.4375 0.5625 0.875
0.4375 0.5 0.8125
0.4375 0.625 0.8125
0.5 0.5625 0.8125
0.4375 0.5625 0.8125
0.5 0.6875 0.875
0.375 0.6875 0.875
0.4375 0.6875 0.875
0.375 0.6875 0.8125
0.5 0.6875 0.8125
0.4375 0.6875 0.8125
0.25 0.6875 0.875
0.3125 0.6875 0.875
0.25 0.6875 0.8125
0.3125 0.6875 0.8125
0.3125 0.5 1
0.375 0.5625 1
0.3125 0.625 1
0.25 0.5625 1
0.25 0.5 0.9375
0.375 0.5 0.9375
0.375 0.625 0.9375
0.25 0.625 0.9375
0.3125 0.5625 1
0.3125 0.5 0.9375
0.3125 0.625 0.9375
0.25 0.5625 0.9375
0.375 0.5625 0.9375
0.3125 0.5625 0.9375
0.4375 0.5 1
0.5 0.5625 1
0.4375 0.625 1
0.5 0.5 0.9375
0.5 0.625 0.9375
0.4375 0.5625 1
0.4375 0.5 0.9375
0.4375 0.625 0.9375
0.5 0.5625 0.9375
0.4375 0.5625 0.9375
0.5 0.6875 1
0.375 0.6875 1
0.4375 0.6875 1
0.375 0.6875 0.9375
0.5 0.6875 0.9375
0.4375 0.6875 0.9375
0.25 0.6875 1
0.3125 0.6875 1
0.25 0.6875 0.9375
0.3125 0.6875 0.9375
0.0625 0.5 0.875
0.125 0.5625 0.875
0.0625 0.625 0.875
0 0.5625 0.875
0 0.5 0.8125
0.125 0.5 0.8125
0.125 0.625 0.8125
0 0.625 0.8125
0.0625 0.5625 0.875
0.0625 0.5 0.8125
0.0625 0.625 0.8125
0 0.5625 0.8125
0.125 0.5625 0.8125
0.0625 0.5625 0.8125
0.1875 0.5 0.875
0.1875 0.625 0.875
0.1875 0.5625 0.875
0.1875 0.5 0.8125
0.1875 0.625 0.8125
0.1875 0.5625 0.8125
0.125 0.6875 0.875
0.1875 0.6875 0.875
0.125 0.6875 0.8125
0.1875 0.6875 0.8125
0 0.6875 0.875
0.0625 0.6875 0.875
0 0.6875 0.8125
0.0625 0.6875 0.8125
0.0625 0.5 1
0.125 0.5625 1
0.0625 0.625 1
0 0.5625 1
0 0.5 0.9375
0.125 0.5 0.9375
0.125 0.625 0.9375
0 0.625 0.9375
0.0625 0.5625 1
0.0625 0.5 0.9375
0.0625 0.625 0.9375
0 0.5625 0.9375
0.125 0.5625 0.9375
0.0625 0.5625 0.9375
0.1875 0.5 1
0.1875 0.625 1
0.1875 0.5625 1
0.1875 0.5 0.9375
0.1875 0.625 0.9375
0.1875 0.5625 0.9375
0.125 0.6875 1
0.1875 0.6875 1
0.125 0.6875 0.9375
0.1875 0.6875 0.9375
0 0.6875 1
0.0625 0.6875 1
0 0.6875 0.9375
0.0625 0.6875 0.9375
0.0625 0.25 0.75
0.125 0.3125 0.75
0.0625 0.375 0.75
0 0.3125 0.75
0.0625 0.25 0.875
0.125 0.3125 0.875
0.0625 0.375 0.875
0 0.3125 0.875
0 0.25 0.8125
0.125 0.25 0.8125
0.125 0.375 0.8125
0 0.375 0.8125
0.0625 0.3125 0.75
0.0625 0.3125 0.875
0.0625 0.25 0.8125
0.0625 0.375 0.8125
0 0.3125 0.8125
0.125 0.3125 0.8125
0.0625 0.3125 0.8125
0.1875 0.25 0.75
0.25 0.3125 0.75
0.1875 0.375 0.75
0.1875 0.25 0.875
0.25 0.3125 0.875
0.1875 0.375 0.875
0.25 0.25 0.8125
0.25 0.375 0.8125
0.1875 0.3125 0.75
0.1875 0.3125 0.875
0.1875 0.25 0.8125
0.1875 0.375 0.8125
0.25 0.3125 0.8125
0.1875 0.3125 0.8125
0.25 0.4375 0.75
0.125 0.4375 0.75
0.25 0.4375 0.875
0.125 0.4375 0.875
0.1875 0.4375 0.75
0.1875 0.4375 0.875
0.125 0.4375 0.8125
0.25 0.4375 0.8125
0.1875 0.4375 0.8125
0 0.4375 0.75
0 0.4375 0.875
0.0625 0.4375 0.75
0.0625 0.4375 0.875
0 0.4375 0.8125
0.0625 0.4375 0.8125
0.0625 0.25 1
0.125 0.3125 1
0.0625 0.375 1
0 0.3125 1
0 0.25 0.9375
0.125 0.25 0.9375
0.125 0.375 0.9375
0 0.375 0.9375
0.0625 0.3125 1
0.0625 0.25 0.9375
0.0625 0.375 0.9375
0 0.3125 0.9375
0.125 0.3125 0.9375
0.0625 0.3125 0.9375
0.1875 0.25 1
0.25 0.3125 1
0.1875 0.375 1
0.25 0.25 0.9375
0.25 0.375 0.9375
0.1875 0.3125 1
0.1875 0.25 0.9375
0.1875 0.375 0.9375
0.25 0.3125 0.9375
0.1875 0.3125 0.9375
0.25 0.4375 1
0.125 0.4375 1
0.1875 0.4375 1
0.125 0.4375 0.9375
0.25 0.4375 0.9375
0.1875 0.4375 0.9375
0 0.4375 1
0.0625 0.4375 1
0 0.4375 0.9375
0.0625 0.4375 0.9375
0.0625 0 0.75
0.125 0.0625 0.75
0.0625 0.125 0.75
0 0.0625 0.75
0.0625 0 0.875
0.125 0.0625 0.875
0.0625 0.125 0.875
0 0.0625 0.875
0 0 0.8125
0.125 0 0.8125
0.125 0.125 0.8125
0 0.125 0.8125
0.0625 0.0625 0.75
0.0625 0.0625 0.875
0.0625 0 0.8125
0.0625 0.125 0.8125
0 0.0625 0.8125
0.125 0.0625 0.8125
0.0625 0.0625 0.8125
0.1875 0 0.75
0.25 0.0625 0.75
0.1875 0.125 0.75
0.1875 0 0.875
0.25 0.0625 0.875
0.1875 0.125 0.875
0.25 0 0.8125
0.25 0.125 0.8125
0.1875 0.0625 0.75
0.1875 0.0625 0.875
0.1875 0 0.8125
0.1875 0.125 0.8125
0.25 0.0625 0.8125
0.1875 0.0625 0.8125
0.25 0.1875 0.75
0.125 0.1875 0.75
0.25 0.1875 0.875
0.125 0.1875 0.875
0.1875 0.1875 0.75
0.1875 0.1875 0.875
0.125 0.1875 0.8125
0.25 0.1875 0.8125
0.1875 0.1875 0.8125
0 0.1875 0.75
0 0.1875 0.875
0.0625 0.1875 0.75
0.0625 0.1875 0.875
0 0.1875 0.8125
0.0625 0.1875 0.8125
0.0625 0 1
0.125 0.0625 1
0.0625 0.125 1
0 0.0625 1
0 0 0.9375
0.125 0 0.9375
0.125 0.125 0.9375
0 0.125 0.9375
0.0625 0.0625 1
0.0625 0 0.9375
0.0625 0.125 0.9375
0 0.0625 0.9375
0.125 0.0625 0.9375
0.0625 0.0625 0.9375
0.1875 0 1
0.25 0.0625 1
0.1875 0.125 1
0.25 0 0.9375
0.25 0.125 0.9375
0.1875 0.0625 1
0.1875 0 0.9375
0.1875 0.125 0.9375
0.25 0.0625 0.9375
0.1875 0.0625 0.9375
0.25 0.1875 1
0.125 0.1875 1
0.1875 0.1875 1
0.125 0.1875 0.9375
0.25 0.1875 0.9375
0.1875 0.1875 0.9375
0 0.1875 1
0.0625 0.1875 1
0 0.1875 0.9375
0.0625 0.1875 0.9375
0.0625 0 0.625
0.125 0.0625 0.625
0.0625 0.125 0.625
0 0.0625 0.625
0 0 0.5625
0.125 0 0.5625
0.125 0.125 0.5625
0 0.125 0.5625
0.0625 0.0625 0.625
0.0625 0 0.5625
0.0625 0.125 0.5625
0 0.0625 0.5625
0.125 0.0625 0.5625
0.0625 0.0625 0.5625
0.1875 0 0.625
0.25 0.0625 0.625
0.1875 0.125 0.625
0.25 0 0.5625
0.25 0.125 0.5625
0.1875 0.0625 0.625
0.1875 0 0.5625
0.1875 0.125 0.5625
0.25 0.0625 0.5625
0.1875 0.0625 0.5625
0.25 0.1875 0.625
0.1875 0.25 0.625
0.125 0.1875 0.625
0.25 0.25 0.5625
0.125 0.25 0.5625
0.1875 0.1875 0.625
0.1875 0.25 0.5625
0.125 0.1875 0.5625
0.25 0.1875 0.5625
0.1875 0.1875 0.5625
0.0625 0.25 0.625
0 0.1875 0.625
0 0.25 0.5625
0.0625 0.1875 0.625
0.0625 0.25 0.5625
0 0.1875 0.5625
0.0625 0.1875 0.5625
0 0 0.6875
0.125 0 0.6875
0.125 0.125 0.6875
0 0.125 0.6875
0.0625 0 0.6875
0.0625 0.125 0.6875
0 0.0625 0.6875
0.125 0.0625 0.6875
0.0625 0.0625 0.6875
0.25 0 0.6875
0.25 0.125 0.6875
0.1875 0 0.6875
0.1875 0.125 0.6875
0.25 0.0625 0.6875
0.1875 0.0625 0.6875
0.25 0.25 0.6875
0.125 0.25 0.6875
0.1875 0.25 0.6875
0.125 0.1875 0.6875
0.25 0.1875 0.6875
0.1875 0.1875 0.6875
0 0.25 0.6875
0.0625 0.25 0.6875
0 0.1875 0.6875
0.0625 0.1875 0.6875
0.125 0.3125 0.625
0.0625 0.375 0.625
0 0.3125 0.625
0.125 0.375 0.5625
0 0.375 0.5625
0.0625 0.3125 0.625
0.0625 0.375 0.5625
0 0.3125 0.5625
0.125 0.3125 0.5625
0.0625 0.3125 0.5625
0.25 0.3125 0.625
0.1875 0.375 0.625
0.25 0.375 0.5625
0.1875 0.3125 0.625
0.1875 0.375 0.5625
0.25 0.3125 0.5625
0.1875 0.3125 0.5625
0.25 0.4375 0.625
0.125 0.4375 0.625
0.1875 0.4375 0.625
0.125 0.4375 0.5625
0.25 0.4375 0.5625
0.1875 0.4375 0.5625
0 0.4375 0.625
0.0625 0.4375 0.625
0 0.4375 0.5625
0.0625 0.4375 0.5625
0.125 0.375 0.6875
0 0.375 0.6875
0.0625 0.375 0.6875
0 0.3125 0.6875
0.125 0.3125 0.6875
0.0625 0.3125 0.6875
0.25 0.375 0.6875
0.1875 0.375 0.6875
0.25 0.3125 0.6875
0.1875 0.3125 0.6875
0.125 0.4375 0.6875
0.25 0.4375 0.6875
0.1875 0.4375 0.6875
0 0.4375 0.6875
0.0625 0.4375 0.6875
0.3125 0.25 0.625
0.375 0.3125 0.625
0.3125 0.375 0.625
0.375 0.25 0.5625
0.375 0.375 0.5625
0.3125 0.3125 0.625
0.3125 0.25 0.5625
0.3125 0.375 0.5625
0.375 0.3125 0.5625
0.3125 0.3125 0.5625
0.4375 0.25 0.625
0.5 0.3125 0.625
0.4375 0.375 0.625
0.5 0.25 0.5625
0.5 0.375 0.5625
0.4375 0.3125 0.625
0.4375 0.25 0.5625
0.4375 0.375 0.5625
0.5 0.3125 0.5625
0.4375 0.3125 0.5625
0.5 0.4375 0.625
0.375 0.4375 0.625
0.4375 0.4375 0.625
0.375 0.4375 0.5625
0.5 0.4375 0.5625
0.4375 0.4375 0.5625
0.3125 0.4375 0.625
0.3125 0.4375 0.5625
0.3125 0.25 0.75
0.375 0.3125 0.75
0.3125 0.375 0.75
0.375 0.25 0.6875
0.375 0.375 0.6875
0.3125 0.3125 0.75
0.3125 0.25 0.6875
0.3125 0.375 0.6875
0.375 0.3125 0.6875
0.3125 0.3125 0.6875
0.4375 0.25 0.75
0.5 0.3125 0.75
0.4375 0.375 0.75
0.5 0.25 0.6875
0.5 0.375 0.6875
0.4375 0.3125 0.75
0.4375 0.25 0.6875
0.4375 0.375 0.6875
0.5 0.3125 0.6875
0.4375 0.3125 0.6875
0.5 0.4375 0.75
0.375 0.4375 0.75
0.4375 0.4375 0.75
0.375 0.4375 0.6875
0.5 0.4375 0.6875
0.4375 0.4375 0.6875
0.3125 0.4375 0.75
0.3125 0.4375 0.6875
0.3125 0 0.625
0.375 0.0625 0.625
0.3125 0.125 0.625
0.375 0 0.5625
0.375 0.125 0.5625
0.3125 0.0625 0.625
0.3125 0 0.5625
0.3125 0.125 0.5625
0.375 0.0625 0.5625
0.3125 0.0625 0.5625
0.4375 0 0.625
0.5 0.0625 0.625
0.4375 0.125 0.625
0.5 0 0.5625
0.5 0.125 0.5625
0.4375 0.0625 0.625
0.4375 0 0.5625
0.4375 0.125 0.5625
0.5 0.0625 0.5625
0.4375 0.0625 0.5625
0.5 0.1875 0.625
0.375 0.1875 0.625
0.4375 0.1875 0.625
0.375 0.1875 0.5625
0.5 0.1875 0.5625
0.4375 0.1875 0.5625
0.3125 0.1875 0.625
0.3125 0.1875 0.5625
0.3125 0 0.75
0.375 0.0625 0.75
0.3125 0.125 0.75
0.375 0 0.6875
0.375 0.125 0.6875
0.3125 0.0625 0.75
0.3125 0 0.6875
0.3125 0.125 0.6875
0.375 0.0625 0.6875
0.3125 0.0625 0.6875
0.4375 0 0.75
0.5 0.0625 0.75
0.4375 0.125 0.75
0.5 0 0.6875
0.5 0.125 0.6875
0.4375 0.0625 0.75
0.4375 0 0.6875
0.4375 0.125 0.6875
0.5 0.0625 0.6875
0.4375 0.0625 0.6875
0.5 0.1875 0.75
0.375 0.1875 0.75
0.4375 0.1875 0.75
0.375 0.1875 0.6875
0.5 0.1875 0.6875
0.4375 0.1875 0.6875
0.3125 0.1875 0.75
0.3125 0.1875 0.6875
0.3125 0 0.875
0.375 0.0625 0.875
0.3125 0.125 0.875
0.375 0 0.8125
0.375 0.125 0.8125
0.3125 0.0625 0.875
0.3125 0 0.8125
0.3125 0.125 0.8125
0.375 0.0625 0.8125
0.3125 0.0625 0.8125
0.4375 0 0.875
0.5 0.0625 0.875
0.4375 0.125 0.875
0.5 0 0.8125
0.5 0.125 0.8125
0.4375 0.0625 0.875
0.4375 0 0.8125
0.4375 0.125 0.8125
0.5 0.0625 0.8125
0.4375 0.0625 0.8125
0.5 0.1875 0.875
0.4375 0.25 0.875
0.375 0.1875 0.875
0.5 0.25 0.8125
0.375 0.25 0.8125
0.4375 0.1875 0.875
0.4375 0.25 0.8125
0.375 0.1875 0.8125
0.5 0.1875 0.8125
0.4375 0.1875 0.8125
0.3125 0.25 0.875
0.3125 0.1875 0.875
0.3125 0.25 0.8125
0.3125 0.1875 0.8125
0.3125 0 1
0.375 0.0625 1
0.3125 0.125 1
0.375 0 0.9375
0.375 0.125 0.9375
0.3125 0.0625 1
0.3125 0 0.9375
0.3125 0.125 0.9375
0.375 0.0625 0.9375
0.3125 0.0625 0.9375
0.4375 0 1
0.5 0.0625 1
0.4375 0.125 1
0.5 0 0.9375
0.5 0.125 0.9375
0.4375 0.0625 1
0.4375 0 0.9375
0.4375 0.125 0.9375
0.5 0.0625 0.9375
0.4375 0.0625 0.9375
0.5 0.1875 1
0.4375 0.25 1
0.375 0.1875 1
0.5 0.25 0.9375
0.375 0.25 0.9375
0.4375 0.1875 1
0.4375 0.25 0.9375
0.375 0.1875 0.9375
0.5 0.1875 0.9375
0.4375 0.1875 0.9375
0.3125 0.25 1
0.3125 0.1875 1
0.3125 0.25 0.9375
0.3125 0.1875 0.9375
0.375 0.3125 0.875
0.3125 0.375 0.875
0.375 0.375 0.8125
0.3125 0.3125 0.875
0.3125 0.375 0.8125
0.375 0.3125 0.8125
0.3125 0.3125 0.8125
0.5 0.3125 0.875
0.4375 0.375 0.875
0.5 0.375 0.8125
0.4375 0.3125 0.875
0.4375 0.375 0.8125
0.5 0.3125 0.8125
0.4375 0.3125 0.8125
0.5 0.4375 0.875
0.375 0.4375 0.875
0.4375 0.4375 0.875
0.375 0.4375 0.8125
0.5 0.4375 0.8125
0.4375 0.4375 0.8125
0.3125 0.4375 0.875
0.3125 0.4375 0.8125
0.375 0.3125 1
0.3125 0.375 1
0.375 0.375 0.9375
0.3125 0.3125 1
0.3125 0.375 0.9375
0.375 0.3125 0.9375
0.3125 0.3125 0.9375
0.5 0.3125 1
0.4375 0.375 1
0.5 0.375 0.9375
0.4375 0.3125 1
0.4375 0.375 0.9375
0.5 0.3125 0.9375
0.4375 0.3125 0.9375
0.5 0.4375 1
0.375 0.4375 1
0.4375 0.4375 1
0.375 0.4375 0.9375
0.5 0.4375 0.9375
0.4375 0.4375 0.9375
0.3125 0.4375 1
0.3125 0.4375 0.9375
0.5625 0.25 0.75
0.625 0.3125 0.75
0.5625 0.375 0.75
0.5625 0.25 0.875
0.625 0.3125 0.875
0.5625 0.375 0.875
0.625 0.25 0.8125
0.625 0.375 0.8125
0.5625 0.3125 0.75
0.5625 0.3125 0.875
0.5625 0.25 0.8125
0.5625 0.375 0.8125
0.625 0.3125 0.8125
0.5625 0.3125 0.8125
0.6875 0.25 0.75
0.75 0.3125 0.75
0.6875 0.375 0.75
0.6875 0.25 0.875
0.75 0.3125 0.875
0.6875 0.375 0.875
0.75 0.25 0.8125
0.75 0.375 0.8125
0.6875 0.3125 0.75
0.6875 0.3125 0.875
0.6875 0.25 0.8125
0.6875 0.375 0.8125
0.75 0.3125 0.8125
0.6875 0.3125 0.8125
0.75 0.4375 0.75
0.6875 0.5 0.75
0.625 0.4375 0.75
0.75 0.4375 0.875
0.6875 0.5 0.875
0.625 0.4375 0.875
0.75 0.5 0.8125
0.625 0.5 0.8125
0.6875 0.4375 0.75
0.6875 0.4375 0.875
0.6875 0.5 0.8125
0.625 0.4375 0.8125
0.75 0.4375 0.8125
0.6875 0.4375 0.8125
0.5625 0.5 0.75
0.5625 0.5 0.875
0.5625 0.4375 0.75
0.5625 0.4375 0.875
0.5625 0.5 0.8125
0.5625 0.4375 0.8125
0.5625 0.25 1
0.625 0.3125 1
0.5625 0.375 1
0.625 0.25 0.9375
0.625 0.375 0.9375
0.5625 0.3125 1
0.5625 0.25 0.9375
0.5625 0.375 0.9375
0.625 0.3125 0.9375
0.5625 0.3125 0.9375
0.6875 0.25 1
0.75 0.3125 1
0.6875 0.375 1
0.75 0.25 0.9375
0.75 0.375 0.9375
0.6875 0.3125 1
0.6875 0.25 0.9375
0.6875 0.375 0.9375
0.75 0.3125 0.9375
0.6875 0.3125 0.9375
0.75 0.4375 1
0.6875 0.5 1
0.625 0.4375 1
0.75 0.5 0.9375
0.625 0.5 0.9375
0.6875 0.4375 1
0.6875 0.5 0.9375
0.625 0.4375 0.9375
0.75 0.4375 0.9375
0.6875 0.4375 0.9375
0.5625 0.5 1
0.5625 0.4375 1
0.5625 0.5 0.9375
0.5625 0.4375 0.9375
0.5625 0 0.75
0.625 0.0625 0.75
0.5625 0.125 0.75
0.5625 0 0.875
0.625 0.0625 0.875
0.5625 0.125 0.875
0.625 0 0.8125
0.625 0.125 0.8125
0.5625 0.0625 0.75
0.5625 0.0625 0.875
0.5625 0 0.8125
0.5625 0.125 0.8125
0.625 0.0625 0.8125
0.5625 0.0625 0.8125
0.6875 0 0.75
0.75 0.0625 0.75
0.6875 0.125 0.75
0.6875 0 0.875
0.75 0.0625 0.875
0.6875 0.125 0.875
0.75 0 0.8125
0.75 0.125 0.8125
0.6875 0.0625 0.75
0.6875 0.0625 0.875
0.6875 0 0.8125
0.6875 0.125 0.8125
0.75 0.0625 0.8125
0.6875 0.0625 0.8125
0.75 0.1875 0.75
0.625 0.1875 0.75
0.75 0.1875 0.875
0.625 0.1875 0.875
0.6875 0.1875 0.75
0.6875 0.1875 0.875
0.625 0.1875 0.8125
0.75 0.1875 0.8125
0.6875 0.1875 0.8125
0.5625 0.1875 0.75
0.5625 0.1875 0.875
0.5625 0.1875 0.8125
0.5625 0 1
0.625 0.0625 1
0.5625 0.125 1
0.625 0 0.9375
0.625 0.125 0.9375
0.5625 0.0625 1
0.5625 0 0.9375
0.5625 0.125 0.9375
0.625 0.0625 0.9375
0.5625 0.0625 0.9375
0.6875 0 1
0.75 0.0625 1
0.6875 0.125 1
0.75 0 0.9375
0.75 0.125 0.9375
0.6875 0.0625 1
0.6875 0 0.9375
0.6875 0.125 0.9375
0.75 0.0625 0.9375
0.6875 0.0625 0.9375
0.75 0.1875 1
0.625 0.1875 1
0.6875 0.1875 1
0.625 0.1875 0.9375
0.75 0.1875 0.9375
0.6875 0.1875 0.9375
0.5625 0.1875 1
0.5625 0.1875 0.9375
0.5625 0 0.5
0.625 0.0625 0.5
0.5625 0.125 0.5
0.5625 0 0.625
0.625 0.0625 0.625
0.5625 0.125 0.625
0.625 0 0.5625
0.625 0.125 0.5625
0.5625 0.0625 0.5
0.5625 0.0625 0.625
0.5625 0 0.5625
0.5625 0.125 0.5625
0.625 0.0625 0.5625
0.5625 0.0625 0.5625
0.6875 0 0.5
0.75 0.0625 0.5
0.6875 0.125 0.5
0.6875 0 0.625
0.75 0.0625 0.625
0.6875 0.125 0.625
0.75 0 0.5625
0.75 0.125 0.5625
0.6875 0.0625 0.5
0.6875 0.0625 0.625
0.6875 0 0.5625
0.6875 0.125 0.5625
0.75 0.0625 0.5625
0.6875 0.0625 0.5625
0.75 0.1875 0.5
0.6875 0.25 0.5
0.625 0.1875 0.5
0.75 0.1875 0.625
0.6875 0.25 0.625
0.625 0.1875 0.625
0.75 0.25 0.5625
0.625 0.25 0.5625
0.6875 0.1875 0.5
0.6875 0.1875 0.625
0.6875 0.25 0.5625
0.625 0.1875 0.5625
0.75 0.1875 0.5625
0.6875 0.1875 0.5625
0.5625 0.25 0.5
0.5625 0.25 0.625
0.5625 0.1875 0.5
0.5625 0.1875 0.625
0.5625 0.25 0.5625
0.5625 0.1875 0.5625
0.625 0 0.6875
0.625 0.125 0.6875
0.5625 0 0.6875
0.5625 0.125 0.6875
0.625 0.0625 0.6875
0.5625 0.0625 0.6875
0.75 0 0.6875
0.75 0.125 0.6875
0.6875 0 0.6875
0.6875 0.125 0.6875
0.75 0.0625 0.6875
0.6875 0.0625 0.6875
0.75 0.25 0.6875
0.625 0.25 0.6875
0.6875 0.25 0.6875
0.625 0.1875 0.6875
0.75 0.1875 0.6875
0.6875 0.1875 0.6875
0.5625 0.25 0.6875
0.5625 0.1875 0.6875
0.625 0.3125 0.5
0.5625 0.375 0.5
0.625 0.3125 0.625
0.5625 0.375 0.625
0.625 0.375 0.5625
0.5625 0.3125 0.5
0.5625 0.3125 0.625
0.5625 0.375 0.5625
0.625 0.3125 0.5625
0.5625 0.3125 0.5625
0.75 0.3125 0.5
0.6875 0.375 0.5
0.75 0.3125 0.625
0.6875 0.375 0.625
0.75 0.375 0.5625
0.6875 0.3125 0.5
0.6875 0.3125 0.625
0.6875 0.375 0.5625
0.75 0.3125 0.5625
0.6875 0.3125 0.5625
0.75 0.4375 0.5
0.6875 0.5 0.5
0.625 0.4375 0.5
0.75 0.4375 0.625
0.6875 0.5 0.625
0.625 0.4375 0.625
0.75 0.5 0.5625
0.625 0.5 0.5625
0.6875 0.4375 0.5
0.6875 0.4375 0.625
0.6875 0.5 0.5625
0.625 0.4375 0.5625
0.75 0.4375 0.5625
0.6875 0.4375 0.5625
0.5625 0.5 0.5
0.5625 0.5 0.625
0.5625 0.4375 0.5
0.5625 0.4375 0.625
0.5625 0.5 0.5625
0.5625 0.4375 0.5625
0.625 0.375 0.6875
0.5625 0.375 0.6875
0.625 0.3125 0.6875
0.5625 0.3125 0.6875
0.75 0.375 0.6875
0.6875 0.375 0.6875
0.75 0.3125 0.6875
0.6875 0.3125 0.6875
0.75 0.5 0.6875
0.625 0.5 0.6875
0.6875 0.5 0.6875
0.625 0.4375 0.6875
0.75 0.4375 0.6875
0.6875 0.4375 0.6875
0.5625 0.5 0.6875
0.5625 0.4375 0.6875
0.8125 0.25 0.5
0.875 0.3125 0.5
0.8125 0.375 0.5
0.8125 0.25 0.625
0.875 0.3125 0.625
0.8125 0.375 0.625
0.875 0.25 0.5625
0.875 0.375 0.5625
0.8125 0.3125 0.5
0.8125 0.3125 0.625
0.8125 0.25 0.5625
0.8125 0.375 0.5625
0.875 0.3125 0.5625
0.8125 0.3125 0.5625
0.9375 0.25 0.5
1 0.3125 0.5
0.9375 0.375 0.5
0.9375 0.25 0.625
1 0.3125 0.625
0.9375 0.375 0.625
1 0.25 0.5625
1 0.375 0.5625
0.9375 0.3125 0.5
0.9375 0.3125 0.625
0.9375 0.25 0.5625
0.9375 0.375 0.5625
1 0.3125 0.5625
0.9375 0.3125 0.5625
1 0.4375 0.5
0.9375 0.5 0.5
0.875 0.4375 0.5
1 0.4375 0.625
0.9375 0.5 0.625
0.875 0.4375 0.625
1 0.5 0.5625
0.875 0.5 0.5625
0.9375 0.4375 0.5
0.9375 0.4375 0.625
0.9375 0.5 0.5625
0.875 0.4375 0.5625
1 0.4375 0.5625
0.9375 0.4375 0.5625
0.8125 0.5 0.5
0.8125 0.5 0.625
0.8125 0.4375 0.5
0.8125 0.4375 0.625
0.8125 0.5 0.5625
0.8125 0.4375 0.5625
0.8125 0.25 0.75
0.875 0.3125 0.75
0.8125 0.375 0.75
0.875 0.25 0.6875
0.875 0.375 0.6875
0.8125 0.3125 0.75
0.8125 0.25 0.6875
0.8125 0.375 0.6875
0.875 0.3125 0.6875
0.8125 0.3125 0.6875
0.9375 0.25 0.75
1 0.3125 0.75
0.9375 0.375 0.75
1 0.25 0.6875
1 0.375 0.6875
0.9375 0.3125 0.75
0.9375 0.25 0.6875
0.9375 0.375 0.6875
1 0.3125 0.6875
0.9375 0.3125 0.6875
1 0.4375 0.75
0.9375 0.5 0.75
0.875 0.4375 0.75
1 0.5 0.6875
0.875 0.5 0.6875
0.9375 0.4375 0.75
0.9375 0.5 0.6875
0.875 0.4375 0.6875
1 0.4375 0.6875
0.9375 0.4375 0.6875
0.8125 0.5 0.75
0.8125 0.4375 0.75
0.8125 0.5 0.6875
0.8125 0.4375 0.6875
0.8125 0 0.5
0.875 0.0625 0.5
0.8125 0.125 0.5
0.8125 0 0.625
0.875 0.0625 0.625
0.8125 0.125 0.625
0.875 0 0.5625
0.875 0.125 0.5625
0.8125 0.0625 0.5
0.8125 0.0625 0.625
0.8125 0 0.5625
0.8125 0.125 0.5625
0.875 0.0625 0.5625
0.8125 0.0625 0.5625
0.9375 0 0.5
1 0.0625 0.5
0.9375 0.125 0.5
0.9375 0 0.625
1 0.0625 0.625
0.9375 0.125 0.625
1 0 0.5625
1 0.125 0.5625
0.9375 0.0625 0.5
0.9375 0.0625 0.625
0.9375 0 0.5625
0.9375 0.125 0.5625
1 0.0625 0.5625
0.9375 0.0625 0.5625
1 0.1875 0.5
0.875 0.1875 0.5
1 0.1875 0.625
0.875 0.1875 0.625
0.9375 0.1875 0.5
0.9375 0.1875 0.625
0.875 0.1875 0.5625
1 0.1875 0.5625
0.9375 0.1875 0.5625
0.8125 0.1875 0.5
0.8125 0.1875 0.625
0.8125 0.1875 0.5625
0.8125 0 0.75
0.875 0.0625 0.75
0.8125 0.125 0.75
0.875 0 0.6875
0.875 0.125 0.6875
0.8125 0.0625 0.75
0.8125 0 0.6875
0.8125 0.125 0.6875
0.875 0.0625 0.6875
0.8125 0.0625 0.6875
0.9375 0 0.75
1 0.0625 0.75
0.9375 0.125 0.75
1 0 0.6875
1 0.125 0.6875
0.9375 0.0625 0.75
0.9375 0 0.6875
0.9375 0.125 0.6875
1 0.0625 0.6875
0.9375 0.0625 0.6875
1 0.1875 0.75
0.875 0.1875 0.75
0.9375 0.1875 0.75
0.875 0.1875 0.6875
1 0.1875 0.6875
0.9375 0.1875 0.6875
0.8125 0.1875 0.75
0.8125 0.1875 0.6875
0.8125 0 0.875
0.875 0.0625 0.875
0.8125 0.125 0.875
0.875 0 0.8125
0.875 0.125 0.8125
0.8125 0.0625 0.875
0.8125 0 0.8125
0.8125 0.125 0.8125
0.875 0.0625 0.8125
0.8125 0.0625 0.8125
0.9375 0 0.875
1 0.0625 0.875
0.9375 0.125 0.875
1 0 0.8125
1 0.125 0.8125
0.9375 0.0625 0.875
0.9375 0 0.8125
0.9375 0.125 0.8125
1 0.0625 0.8125
0.9375 0.0625 0.8125
1 0.1875 0.875
0.9375 0.25 0.875
0.875 0.1875 0.875
1 0.25 0.8125
0.875 0.25 0.8125
0.9375 0.1875 0.875
0.9375 0.25 0.8125
0.875 0.1875 0.8125
1 0.1875 0.8125
0.9375 0.1875 0.8125
0.8125 0.25 0.875
0.8125 0.1875 0.875
0.8125 0.25 0.8125
0.8125 0.1875 0.8125
0.8125 0 1
0.875 0.0625 1
0.8125 0.125 1
0.875 0 0.9375
0.875 0.125 0.9375
0.8125 0.0625 1
0.8125 0 0.9375
0.8125 0.125 0.9375
0.875 0.0625 0.9375
0.8125 0.0625 0.9375
0.9375 0 1
1 0.0625 1
0.9375 0.125 1
1 0 0.9375
1 0.125 0.9375
0.9375 0.0625 1
0.9375 0 0.9375
0.9375 0.125 0.9375
1 0.0625 0.9375
0.9375 0.0625 0.9375
1 0.1875 1
0.9375 0.25 1
0.875 0.1875 1
1 0.25 0.9375
0.875 0.25 0.9375
0.9375 0.1875 1
0.9375 0.25 0.9375
0.875 0.1875 0.9375
1 0.1875 0.9375
0.9375 0.1875 0.9375
0.8125 0.25 1
0.8125 0.1875 1
0.8125 0.25 0.9375
0.8125 0.1875 0.9375
0.875 0.3125 0.875
0.8125 0.375 0.875
0.875 0.375 0.8125
0.8125 0.3125 0.875
0.8125 0.375 0.8125
0.875 0.3125 0.8125
0.8125 0.3125 0.8125
1 0.3125 0.875
0.9375 0.375 0.875
1 0.375 0.8125
0.9375 0.3125 0.875
0.9375 0.375 0.8125
1 0.3125 0.8125
0.9375 0.3125 0.8125
1 0.4375 0.875
0.9375 0.5 0.875
0.875 0.4375 0.875
1 0.5 0.8125
0.875 0.5 0.8125
0.9375 0.4375 0.875
0.9375 0.5 0.8125
0.875 0.4375 0.8125
1 0.4375 0.8125
0.9375 0.4375 0.8125
0.8125 0.5 0.875
0.8125 0.4375 0.875
0.8125 0.5 0.8125
0.8125 0.4375 0.8125
0.875 0.3125 1
0.8125 0.375 1
0.875 0.375 0.9375
0.8125 0.3125 1
0.8125 0.375 0.9375
0.875 0.3125 0.9375
0.8125 0.3125 0.9375
1 0.3125 1
0.9375 0.375 1
1 0.375 0.9375
0.9375 0.3125 1
0.9375 0.375 0.9375
1 0.3125 0.9375
0.9375 0.3125 0.9375
1 0.4375 1
0.9375 0.5 1
0.875 0.4375 1
1 0.5 0.9375
0.875 0.5 0.9375
0.9375 0.4375 1
0.9375 0.5 0.9375
0.875 0.4375 0.9375
1 0.4375 0.9375
0.9375 0.4375 0.9375
0.8125 0.5 1
0.8125 0.4375 1
0.8125 0.5 0.9375
0.8125 0.4375 0.9375
0.875 0.5625 0.75
0.8125 0.625 0.75
0.75 0.5625 0.75
0.875 0.5625 0.875
0.8125 0.625 0.875
0.75 0.5625 0.875
0.875 0.625 0.8125
0.75 0.625 0.8125
0.8125 0.5625 0.75
0.8125 0.5625 0.875
0.8125 0.625 0.8125
0.75 0.5625 0.8125
0.875 0.5625 0.8125
0.8125 0.5625 0.8125
1 0.5625 0.75
0.9375 0.625 0.75
1 0.5625 0.875
0.9375 0.625 0.875
1 0.625 0.8125
0.9375 0.5625 0.75
0.9375 0.5625 0.875
0.9375 0.625 0.8125
1 0.5625 0.8125
0.9375 0.5625 0.8125
1 0.6875 0.75
0.9375 0.75 0.75
0.875 0.6875 0.75
1 0.6875 0.875
0.9375 0.75 0.875
0.875 0.6875 0.875
1 0.75 0.8125
0.875 0.75 0.8125
0.9375 0.6875 0.75
0.9375 0.6875 0.875
0.9375 0.75 0.8125
0.875 0.6875 0.8125
1 0.6875 0.8125
0.9375 0.6875 0.8125
0.8125 0.75 0.75
0.75 0.6875 0.75
0.8125 0.75 0.875
0.75 0.6875 0.875
0.75 0.75 0.8125
0.8125 0.6875 0.75
0.8125 0.6875 0.875
0.8125 0.75 0.8125
0.75 0.6875 0.8125
0.8125 0.6875 0.8125
0.875 0.5625 1
0.8125 0.625 1
0.75 0.5625 1
0.875 0.625 0.9375
0.75 0.625 0.9375
0.8125 0.5625 1
0.8125 0.625 0.9375
0.75 0.5625 0.9375
0.875 0.5625 0.9375
0.8125 0.5625 0.9375
1 0.5625 1
0.9375 0.625 1
1 0.625 0.9375
0.9375 0.5625 1
0.9375 0.625 0.9375
1 0.5625 0.9375
0.9375 0.5625 0.9375
1 0.6875 1
0.9375 0.75 1
0.875 0.6875 1
1 0.75 0.9375
0.875 0.75 0.9375
0.9375 0.6875 1
0.9375 0.75 0.9375
0.875 0.6875 0.9375
1 0.6875 0.9375
0.9375 0.6875 0.9375
0.8125 0.75 1
0.75 0.6875 1
0.75 0.75 0.9375
0.8125 0.6875 1
0.8125 0.75 0.9375
0.75 0.6875 0.9375
0.8125 0.6875 0.9375
0.625 0.5625 0.75
0.5625 0.625 0.75
0.625 0.5625 0.875
0.5625 0.625 0.875
0.625 0.625 0.8125
0.5625 0.5625 0.75
0.5625 0.5625 0.875
0.5625 0.625 0.8125
0.625 0.5625 0.8125
0.5625 0.5625 0.8125
0.6875 0.625 0.75
0.6875 0.625 0.875
0.6875 0.5625 0.75
0.6875 0.5625 0.875
0.6875 0.625 0.8125
0.6875 0.5625 0.8125
0.6875 0.75 0.75
0.625 0.6875 0.75
0.6875 0.75 0.875
0.625 0.6875 0.875
0.625 0.75 0.8125
0.6875 0.6875 0.75
0.6875 0.6875 0.875
0.6875 0.75 0.8125
0.625 0.6875 0.8125
0.6875 0.6875 0.8125
0.5625 0.75 0.75
0.5625 0.75 0.875
0.5625 0.6875 0.75
0.5625 0.6875 0.875
0.5625 0.75 0.8125
0.5625 0.6875 0.8125
0.625 0.5625 1
0.5625 0.625 1
0.625 0.625 0.9375
0.5625 0.5625 1
0.5625 0.625 0.9375
0.625 0.5625 0.9375
0.5625 0.5625 0.9375
0.6875 0.625 1
0.6875 0.5625 1
0.6875 0.625 0.9375
0.6875 0.5625 0.9375
0.6875 0.75 1
0.625 0.6875 1
0.625 0.75 0.9375
0.6875 0.6875 1
0.6875 0.75 0.9375
0.625 0.6875 0.9375
0.6875 0.6875 0.9375
0.5625 0.75 1
0.5625 0.6875 1
0.5625 0.75 0.9375
0.5625 0.6875 0.9375
0.625 0.8125 0.75
0.5625 0.875 0.75
0.625 0.8125 0.875
0.5625 0.875 0.875
0.625 0.875 0.8125
0.5625 0.8125 0.75
0.5625 0.8125 0.875
0.5625 0.875 0.8125
0.625 0.8125 0.8125
0.5625 0.8125 0.8125
0.75 0.8125 0.75
0.6875 0.875 0.75
0.75 0.8125 0.875
0.6875 0.875 0.875
0.75 0.875 0.8125
0.6875 0.8125 0.75
0.6875 0.8125 0.875
0.6875 0.875 0.8125
0.75 0.8125 0.8125
0.6875 0.8125 0.8125
0.75 0.9375 0.75
0.6875 1 0.75
0.625 0.9375 0.75
0.75 0.9375 0.875
0.6875 1 0.875
0.625 0.9375 0.875
0.75 1 0.8125
0.625 1 0.8125
0.6875 0.9375 0.75
0.6875 0.9375 0.875
0.6875 1 0.8125
0.625 0.9375 0.8125
0.75 0.9375 0.8125
0.6875 0.9375 0.8125
0.5625 1 0.75
0.5625 1 0.875
0.5625 0.9375 0.75
0.5625 0.9375 0.875
0.5625 1 0.8125
0.5625 0.9375 0.8125
0.625 0.8125 1
0.5625 0.875 1
0.625 0.875 0.9375
0.5625 0.8125 1
0.5625 0.875 0.9375
0.625 0.8125 0.9375
0.5625 0.8125 0.9375
0.75 0.8125 1
0.6875 0.875 1
0.75 0.875 0.9375
0.6875 0.8125 1
0.6875 0.875 0.9375
0.75 0.8125 0.9375
0.6875 0.8125 0.9375
0.75 0.9375 1
0.6875 1 1
0.625 0.9375 1
0.75 1 0.9375
0.625 1 0.9375
0.6875 0.9375 1
0.6875 1 0.9375
0.625 0.9375 0.9375
0.75 0.9375 0.9375
0.6875 0.9375 0.9375
0.5625 1 1
0.5625 0.9375 1
0.5625 1 0.9375
0.5625 0.9375 0.9375
0.875 0.8125 0.75
0.8125 0.875 0.75
0.875 0.8125 0.875
0.8125 0.875 0.875
0.875 0.875 0.8125
0.8125 0.8125 0.75
0.8125 0.8125 0.875
0.8125 0.875 0.8125
0.875 0.8125 0.8125
0.8125 0.8125 0.8125
1 0.8125 0.75
0.9375 0.875 0.75
1 0.8125 0.875
0.9375 0.875 0.875
1 0.875 0.8125
0.9375 0.8125 0.75
0.9375 0.8125 0.875
0.9375 0.875 0.8125
1 0.8125 0.8125
0.9375 0.8125 0.8125
1 0.9375 0.75
0.9375 1 0.75
0.875 0.9375 0.75
1 0.9375 0.875
0.9375 1 0.875
0.875 0.9375 0.875
1 1 0.8125
0.875 1 0.8125
0.9375 0.9375 0.75
0.9375 0.9375 0.875
0.9375 1 0.8125
0.875 0.9375 0.8125
1 0.9375 0.8125
0.9375 0.9375 0.8125
0.8125 1 0.75
0.8125 1 0.875
0.8125 0.9375 0.75
0.8125 0.9375 0.875
0.8125 1 0.8125
0.8125 0.9375 0.8125
0.875 0.8125 1
0.8125 0.875 1
0.875 0.875 0.9375
0.8125 0.8125 1
0.8125 0.875 0.9375
0.875 0.8125 0.9375
0.8125 0.8125 0.9375
1 0.8125 1
0.9375 0.875 1
1 0.875 0.9375
0.9375 0.8125 1
0.9375 0.875 0.9375
1 0.8125 0.9375
0.9375 0.8125 0.9375
1 0.9375 1
0.9375 1 1
0.875 0.9375 1
1 1 0.9375
0.875 1 0.9375
0.9375 0.9375 1
0.9375 1 0.9375
0.875 0.9375 0.9375
1 0.9375 0.9375
0.9375 0.9375 0.9375
0.8125 1 1
0.8125 0.9375 1
0.8125 1 0.9375
0.8125 0.9375 0.9375
0.8125 0.75 0.5
0.875 0.8125 0.5
0.8125 0.875 0.5
0.75 0.8125 0.5
0.8125 0.75 0.625
0.875 0.8125 0.625
0.8125 0.875 0.625
0.75 0.8125 0.625
0.75 0.75 0.5625
0.875 0.75 0.5625
0.875 0.875 0.5625
0.75 0.875 0.5625
0.8125 0.8125 0.5
0.8125 0.8125 0.625
0.8125 0.75 0.5625
0.8125 0.875 0.5625
0.75 0.8125 0.5625
0.875 0.8125 0.5625
0.8125 0.8125 0.5625
0.9375 0.75 0.5
1 0.8125 0.5
0.9375 0.875 0.5
0.9375 0.75 0.625
1 0.8125 0.625
0.9375 0.875 0.625
1 0.75 0.5625
1 0.875 0.5625
0.9375 0.8125 0.5
0.9375 0.8125 0.625
0.9375 0.75 0.5625
0.9375 0.875 0.5625
1 0.8125 0.5625
0.9375 0.8125 0.5625
1 0.9375 0.5
0.9375 1 0.5
0.875 0.9375 0.5
1 0.9375 0.625
0.9375 1 0.625
0.875 0.9375 0.625
1 1 0.5625
0.875 1 0.5625
0.9375 0.9375 0.5
0.9375 0.9375 0.625
0.9375 1 0.5625
0.875 0.9375 0.5625
1 0.9375 0.5625
0.9375 0.9375 0.5625
0.8125 1 0.5
0.75 0.9375 0.5
0.8125 1 0.625
0.75 0.9375 0.625
0.75 1 0.5625
0.8125 0.9375 0.5
0.8125 0.9375 0.625
0.8125 1 0.5625
0.75 0.9375 0.5625
0.8125 0.9375 0.5625
0.75 0.75 0.6875
0.875 0.75 0.6875
0.875 0.875 0.6875
0.75 0.875 0.6875
0.8125 0.75 0.6875
0.8125 0.875 0.6875
0.75 0.8125 0.6875
0.875 0.8125 0.6875
0.8125 0.8125 0.6875
1 0.75 0.6875
1 0.875 0.6875
0.9375 0.75 0.6875
0.9375 0.875 0.6875
1 0.8125 0.6875
0.9375 0.8125 0.6875
1 1 0.6875
0.875 1 0.6875
0.9375 1 0.6875
0.875 0.9375 0.6875
1 0.9375 0.6875
0.9375 0.9375 0.6875
0.75 1 0.6875
0.8125 1 0.6875
0.75 0.9375 0.6875
0.8125 0.9375 0.6875
0.5625 0.75 0.5
0.625 0.8125 0.5
0.5625 0.875 0.5
0.5625 0.75 0.625
0.625 0.8125 0.625
0.5625 0.875 0.625
0.625 0.75 0.5625
0.625 0.875 0.5625
0.5625 0.8125 0.5
0.5625 0.8125 0.625
0.5625 0.75 0.5625
0.5625 0.875 0.5625
0.625 0.8125 0.5625
0.5625 0.8125 0.5625
0.6875 0.75 0.5
0.6875 0.875 0.5
0.6875 0.75 0.625
0.6875 0.875 0.625
0.6875 0.8125 0.5
0.6875 0.8125 0.625
0.6875 0.75 0.5625
0.6875 0.875 0.5625
0.6875 0.8125 0.5625
0.6875 1 0.5
0.625 0.9375 0.5
0.6875 1 0.625
0.625 0.9375 0.625
0.625 1 0.5625
0.6875 0.9375 0.5
0.6875 0.9375 0.625
0.6875 1 0.5625
0.625 0.9375 0.5625
0.6875 0.9375 0.5625
0.5625 1 0.5
0.5625 1 0.625
0.5625 0.9375 0.5
0.5625 0.9375 0.625
0.5625 1 0.5625
0.5625 0.9375 0.5625
0.625 0.75 0.6875
0.625 0.875 0.6875
0.5625 0.75 0.6875
0.5625 0.875 0.6875
0.625 0.8125 0.6875
0.5625 0.8125 0.6875
0.6875 0.75 0.6875
0.6875 0.875 0.6875
0.6875 0.8125 0.6875
0.625 1 0.6875
0.6875 1 0.6875
0.625 0.9375 0.6875
0.6875 0.9375 0.6875
0.5625 1 0.6875
0.5625 0.9375 0.6875
0.625 0.5625 0.5
0.5625 0.625 0.5
0.625 0.5625 0.625
0.5625 0.625 0.625
0.625 0.625 0.5625
0.5625 0.5625 0.5
0.5625 0.5625 0.625
0.5625 0.625 0.5625
0.625 0.5625 0.5625
0.5625 0.5625 0.5625
0.75 0.5625 0.5
0.6875 0.625 0.5
0.75 0.5625 0.625
0.6875 0.625 0.625
0.75 0.625 0.5625
0.6875 0.5625 0.5
0.6875 0.5625 0.625
0.6875 0.625 0.5625
0.75 0.5625 0.5625
0.6875 0.5625 0.5625
0.75 0.6875 0.5
0.625 0.6875 0.5
0.75 0.6875 0.625
0.625 0.6875 0.625
0.6875 0.6875 0.5
0.6875 0.6875 0.625
0.625 0.6875 0.5625
0.75 0.6875 0.5625
0.6875 0.6875 0.5625
0.5625 0.6875 0.5
0.5625 0.6875 0.625
0.5625 0.6875 0.5625
0.625 0.625 0.6875
0.5625 0.625 0.6875
0.625 0.5625 0.6875
0.5625 0.5625 0.6875
0.75 0.625 0.6875
0.6875 0.625 0.6875
0.75 0.5625 0.6875
0.6875 0.5625 0.6875
0.625 0.6875 0.6875
0.75 0.6875 0.6875
0.6875 0.6875 0.6875
0.5625 0.6875 0.6875
0.875 0.5625 0.5
0.8125 0.625 0.5
0.875 0.5625 0.625
0.8125 0.625 0.625
0.875 0.625 0.5625
0.8125 0.5625 0.5
0.8125 0.5625 0.625
0.8125 0.625 0.5625
0.875 0.5625 0.5625
0.8125 0.5625 0.5625
1 0.5625 0.5
0.9375 0.625 0.5
1 0.5625 0.625
0.9375 0.625 0.625
1 0.625 0.5625
0.9375 0.5625 0.5
0.9375 0.5625 0.625
0.9375 0.625 0.5625
1 0.5625 0.5625
0.9375 0.5625 0.5625
1 0.6875 0.5
0.875 0.6875 0.5
1 0.6875 0.625
0.875 0.6875 0.625
0.9375 0.6875 0.5
0.9375 0.6875 0.625
0.875 0.6875 0.5625
1 0.6875 0.5625
0.9375 0.6875 0.5625
0.8125 0.6875 0.5
0.8125 0.6875 0.625
0.8125 0.6875 0.5625
0.875 0.625 0.6875
0.8125 0.625 0.6875
0.875 0.5625 0.6875
0.8125 0.5625 0.6875
1 0.625 0.6875
0.9375 0.625 0.6875
1 0.5625 0.6875
0.9375 0.5625 0.6875
0.875 0.6875 0.6875
1 0.6875 0.6875
0.9375 0.6875 0.6875
0.8125 0.6875 0.6875
0.8125 0.5 0.25
0.875 0.5625 0.25
0.8125 0.625 0.25
0.75 0.5625 0.25
0.8125 0.5 0.375
0.875 0.5625 0.375
0.8125 0.625 0.375
0.75 0.5625 0.375
0.75 0.5 0.3125
0.875 0.5 0.3125
0.875 0.625 0.3125
0.75 0.625 0.3125
0.8125 0.5625 0.25
0.8125 0.5625 0.375
0.8125 0.5 0.3125
0.8125 0.625 0.3125
0.75 0.5625 0.3125
0.875 0.5625 0.3125
0.8125 0.5625 0.3125
0.9375 0.5 0.25
1 0.5625 0.25
0.9375 0.625 0.25
0.9375 0.5 0.375
1 0.5625 0.375
0.9375 0.625 0.375
1 0.5 0.3125
1 0.625 0.3125
0.9375 0.5625 0.25
0.9375 0.5625 0.375
0.9375 0.5 0.3125
0.9375 0.625 0.3125
1 0.5625 0.3125
0.9375 0.5625 0.3125
1 0.6875 0.25
0.9375 0.75 0.25
0.875 0.6875 0.25
1 0.6875 0.375
0.9375 0.75 0.375
0.875 0.6875 0.375
1 0.75 0.3125
0.875 0.75 0.3125
0.9375 0.6875 0.25
0.9375 0.6875 0.375
0.9375 0.75 0.3125
0.875 0.6875 0.3125
1 0.6875 0.3125
0.9375 0.6875 0.3125
0.8125 0.75 0.25
0.75 0.6875 0.25
0.8125 0.75 0.375
0.75 0.6875 0.375
0.75 0.75 0.3125
0.8125 0.6875 0.25
0.8125 0.6875 0.375
0.8125 0.75 0.3125
0.75 0.6875 0.3125
0.8125 0.6875 0.3125
0.75 0.5 0.4375
0.875 0.5 0.4375
0.875 0.625 0.4375
0.75 0.625 0.4375
0.8125 0.5 0.4375
0.8125 0.625 0.4375
0.75 0.5625 0.4375
0.875 0.5625 0.4375
0.8125 0.5625 0.4375
1 0.5 0.4375
1 0.625 0.4375
0.9375 0.5 0.4375
0.9375 0.625 0.4375
1 0.5625 0.4375
0.9375 0.5625 0.4375
1 0.75 0.4375
0.875 0.75 0.4375
0.9375 0.75 0.4375
0.875 0.6875 0.4375
1 0.6875 0.4375
0.9375 0.6875 0.4375
0.75 0.75 0.4375
0.8125 0.75 0.4375
0.75 0.6875 0.4375
0.8125 0.6875 0.4375
0.5625 0.5 0.25
0.625 0.5625 0.25
0.5625 0.625 0.25
0.5625 0.5 0.375
0.625 0.5625 0.375
0.5625 0.625 0.375
0.625 0.5 0.3125
0.625 0.625 0.3125
0.5625 0.5625 0.25
0.5625 0.5625 0.375
0.5625 0.5 0.3125
0.5625 0.625 0.3125
0.625 0.5625 0.3125
0.5625 0.5625 0.3125
0.6875 0.5 0.25
0.6875 0.625 0.25
0.6875 0.5 0.375
0.6875 0.625 0.375
0.6875 0.5625 0.25
0.6875 0.5625 0.375
0.6875 0.5 0.3125
0.6875 0.625 0.3125
0.6875 0.5625 0.3125
0.6875 0.75 0.25
0.625 0.6875 0.25
0.6875 0.75 0.375
0.625 0.6875 0.375
0.625 0.75 0.3125
0.6875 0.6875 0.25
0.6875 0.6875 0.375
0.6875 0.75 0.3125
0.625 0.6875 0.3125
0.6875 0.6875 0.3125
0.5625 0.75 0.25
0.5625 0.75 0.375
0.5625 0.6875 0.25
0.5625 0.6875 0.375
0.5625 0.75 0.3125
0.5625 0.6875 0.3125
0.625 0.5 0.4375
0.625 0.625 0.4375
0.5625 0.5 0.4375
0.5625 0.625 0.4375
0.625 0.5625 0.4375
0.5625 0.5625 0.4375
0.6875 0.5 0.4375
0.6875 0.625 0.4375
0.6875 0.5625 0.4375
0.625 0.75 0.4375
0.6875 0.75 0.4375
0.625 0.6875 0.4375
0.6875 0.6875 0.4375
0.5625 0.75 0.4375
0.5625 0.6875 0.4375
0.625 0.8125 0.25
0.5625 0.875 0.25
0.625 0.8125 0.375
0.5625 0.875 0.375
0.625 0.875 0.3125
0.5625 0.8125 0.25
0.5625 0.8125 0.375
0.5625 0.875 0.3125
0.625 0.8125 0.3125
0.5625 0.8125 0.3125
0.75 0.8125 0.25
0.6875 0.875 0.25
0.75 0.8125 0.375
0.6875 0.875 0.375
0.75 0.875 0.3125
0.6875 0.8125 0.25
0.6875 0.8125 0.375
0.6875 0.875 0.3125
0.75 0.8125 0.3125
0.6875 0.8125 0.3125
0.75 0.9375 0.25
0.6875 1 0.25
0.625 0.9375 0.25
0.75 0.9375 0.375
0.6875 1 0.375
0.625 0.9375 0.375
0.75 1 0.3125
0.625 1 0.3125
0.6875 0.9375 0.25
0.6875 0.9375 0.375
0.6875 1 0.3125
0.625 0.9375 0.3125
0.75 0.9375 0.3125
0.6875 0.9375 0.3125
0.5625 1 0.25
0.5625 1 0.375
0.5625 0.9375 0.25
0.5625 0.9375 0.375
0.5625 1 0.3125
0.5625 0.9375 0.3125
0.625 0.875 0.4375
0.5625 0.875 0.4375
0.625 0.8125 0.4375
0.5625 0.8125 0.4375
0.75 0.875 0.4375
0.6875 0.875 0.4375
0.75 0.8125 0.4375
0.6875 0.8125 0.4375
0.75 1 0.4375
0.625 1 0.4375
0.6875 1 0.4375
0.625 0.9375 0.4375
0.75 0.9375 0.4375
0.6875 0.9375 0.4375
0.5625 1 0.4375
0.5625 0.9375 0.4375
0.875 0.8125 0.25
0.8125 0.875 0.25
0.875 0.8125 0.375
0.8125 0.875 0.375
0.875 0.875 0.3125
0.8125 0.8125 0.25
0.8125 0.8125 0.375
0.8125 0.875 0.3125
0.875 0.8125 0.3125
0.8125 0.8125 0.3125
1 0.8125 0.25
0.9375 0.875 0.25
1 0.8125 0.375
0.9375 0.875 0.375
1 0.875 0.3125
0.9375 0.8125 0.25
0.9375 0.8125 0.375
0.9375 0.875 0.3125
1 0.8125 0.3125
0.9375 0.8125 0.3125
1 0.9375 0.25
0.9375 1 0.25
0.875 0.9375 0.25
1 0.9375 0.375
0.9375 1 0.375
0.875 0.9375 0.375
1 1 0.3125
0.875 1 0.3125
0.9375 0.9375 0.25
0.9375 0.9375 0.375
0.9375 1 0.3125
0.875 0.9375 0.3125
1 0.9375 0.3125
0.9375 0.9375 0.3125
0.8125 1 0.25
0.8125 1 0.375
0.8125 0.9375 0.25
0.8125 0.9375 0.375
0.8125 1 0.3125
0.8125 0.9375 0.3125
0.875 0.875 0.4375
0.8125 0.875 0.4375
0.875 0.8125 0.4375
0.8125 0.8125 0.4375
1 0.875 0.4375
0.9375 0.875 0.4375
1 0.8125 0.4375
0.9375 0.8125 0.4375
1 1 0.4375
0.875 1 0.4375
0.9375 1 0.4375
0.875 0.9375 0.4375
1 0.9375 0.4375
0.9375 0.9375 0.4375
0.8125 1 0.4375
0.8125 0.9375 0.4375
0.8125 0.75 0
0.875 0.8125 0
0.8125 0.875 0
0.75 0.8125 0
0.8125 0.75 0.125
0.875 0.8125 0.125
0.8125 0.875 0.125
0.75 0.8125 0.125
0.75 0.75 0.0625
0.875 0.75 0.0625
0.875 0.875 0.0625
0.75 0.875 0.0625
0.8125 0.8125 0
0.8125 0.8125 0.125
0.8125 0.75 0.0625
0.8125 0.875 0.0625
0.75 0.8125 0.0625
0.875 0.8125 0.0625
0.8125 0.8125 0.0625
0.9375 0.75 0
1 0.8125 0
0.9375 0.875 0
0.9375 0.75 0.125
1 0.8125 0.125
0.9375 0.875 0.125
1 0.75 0.0625
1 0.875 0.0625
0.9375 0.8125 0
0.9375 0.8125 0.125
0.9375 0.75 0.0625
0.9375 0.875 0.0625
1 0.8125 0.0625
0.9375 0.8125 0.0625
1 0.9375 0
0.9375 1 0
0.875 0.9375 0
1 0.9375 0.125
0.9375 1 0.125
0.875 0.9375 0.125
1 1 0.0625
0.875 1 0.0625
0.9375 0.9375 0
0.9375 0.9375 0.125
0.9375 1 0.0625
0.875 0.9375 0.0625
1 0.9375 0.0625
0.9375 0.9375 0.0625
0.8125 1 0
0.75 0.9375 0
0.8125 1 0.125
0.75 0.9375 0.125
0.75 1 0.0625
0.8125 0.9375 0
0.8125 0.9375 0.125
0.8125 1 0.0625
0.75 0.9375 0.0625
0.8125 0.9375 0.0625
0.75 0.75 0.1875
0.875 0.75 0.1875
0.875 0.875 0.1875
0.75 0.875 0.1875
0.8125 0.75 0.1875
0.8125 0.875 0.1875
0.75 0.8125 0.1875
0.875 0.8125 0.1875
0.8125 0.8125 0.1875
1 0.75 0.1875
1 0.875 0.1875
0.9375 0.75 0.1875
0.9375 0.875 0.1875
1 0.8125 0.1875
0.9375 0.8125 0.1875
1 1 0.1875
0.875 1 0.1875
0.9375 1 0.1875
0.875 0.9375 0.1875
1 0.9375 0.1875
0.9375 0.9375 0.1875
0.75 1 0.1875
0.8125 1 0.1875
0.75 0.9375 0.1875
0.8125 0.9375 0.1875
0.5625 0.75 0
0.625 0.8125 0
0.5625 0.875 0
0.5625 0.75 0.125
0.625 0.8125 0.125
0.5625 0.875 0.125
0.625 0.75 0.0625
0.625 0.875 0.0625
0.5625 0.8125 0
0.5625 0.8125 0.125
0.5625 0.75 0.0625
0.5625 0.875 0.0625
0.625 0.8125 0.0625
0.5625 0.8125 0.0625
0.6875 0.75 0
0.6875 0.875 0
0.6875 0.75 0.125
0.6875 0.875 0.125
0.6875 0.8125 0
0.6875 0.8125 0.125
0.6875 0.75 0.0625
0.6875 0.875 0.0625
0.6875 0.8125 0.0625
0.6875 1 0
0.625 0.9375 0
0.6875 1 0.125
0.625 0.9375 0.125
0.625 1 0.0625
0.6875 0.9375 0
0.6875 0.9375 0.125
0.6875 1 0.0625
0.625 0.9375 0.0625
0.6875 0.9375 0.0625
0.5625 1 0
0.5625 1 0.125
0.5625 0.9375 0
0.5625 0.9375 0.125
0.5625 1 0.0625
0.5625 0.9375 0.0625
0.625 0.75 0.1875
0.625 0.875 0.1875
0.5625 0.75 0.1875
0.5625 0.875 0.1875
0.625 0.8125 0.1875
0.5625 0.8125 0.1875
0.6875 0.75 0.1875
0.6875 0.875 0.1875
0.6875 0.8125 0.1875
0.625 1 0.1875
0.6875 1 0.1875
0.625 0.9375 0.1875
0.6875 0.9375 0.1875
0.5625 1 0.1875
0.5625 0.9375 0.1875
0.5625 0.5 0
0.625 0.5625 0
0.5625 0.625 0
0.5625 0.5 0.125
0.625 0.5625 0.125
0.5625 0.625 0.125
0.625 0.5 0.0625
0.625 0.625 0.0625
0.5625 0.5625 0
0.5625 0.5625 0.125
0.5625 0.5 0.0625
0.5625 0.625 0.0625
0.625 0.5625 0.0625
0.5625 0.5625 0.0625
0.6875 0.5 0
0.75 0.5625 0
0.6875 0.625 0
0.6875 0.5 0.125
0.75 0.5625 0.125
0.6875 0.625 0.125
0.75 0.5 0.0625
0.75 0.625 0.0625
0.6875 0.5625 0
0.6875 0.5625 0.125
0.6875 0.5 0.0625
0.6875 0.625 0.0625
0.75 0.5625 0.0625
0.6875 0.5625 0.0625
0.75 0.6875 0
0.625 0.6875 0
0.75 0.6875 0.125
0.625 0.6875 0.125
0.6875 0.6875 0
0.6875 0.6875 0.125
0.625 0.6875 0.0625
0.75 0.6875 0.0625
0.6875 0.6875 0.0625
0.5625 0.6875 0
0.5625 0.6875 0.125
0.5625 0.6875 0.0625
0.625 0.5 0.1875
0.625 0.625 0.1875
0.5625 0.5 0.1875
0.5625 0.625 0.1875
0.625 0.5625 0.1875
0.5625 0.5625 0.1875
0.75 0.5 0.1875
0.75 0.625 0.1875
0.6875 0.5 0.1875
0.6875 0.625 0.1875
0.75 0.5625 0.1875
0.6875 0.5625 0.1875
0.625 0.6875 0.1875
0.75 0.6875 0.1875
0.6875 0.6875 0.1875
0.5625 0.6875 0.1875
0.8125 0.5 0
0.875 0.5625 0
0.8125 0.625 0
0.8125 0.5 0.125
0.875 0.5625 0.125
0.8125 0.625 0.125
0.875 0.5 0.0625
0.875 0.625 0.0625
0.8125 0.5625 0
0.8125 0.5625 0.125
0.8125 0.5 0.0625
0.8125 0.625 0.0625
0.875 0.5625 0.0625
0.8125 0.5625 0.0625
0.9375 0.5 0
1 0.5625 0
0.9375 0.625 0
0.9375 0.5 0.125
1 0.5625 0.125
0.9375 0.625 0.125
1 0.5 0.0625
1 0.625 0.0625
0.9375 0.5625 0
0.9375 0.5625 0.125
0.9375 0.5 0.0625
0.9375 0.625 0.0625
1 0.5625 0.0625
0.9375 0.5625 0.0625
1 0.6875 0
0.875 0.6875 0
1 0.6875 0.125
0.875 0.6875 0.125
0.9375 0.6875 0
0.9375 0.6875 0.125
0.875 0.6875 0.0625
1 0.6875 0.0625
0.9375 0.6875 0.0625
0.8125 0.6875 0
0.8125 0.6875 0.125
0.8125 0.6875 0.0625
0.875 0.5 0.1875
0.875 0.625 0.1875
0.8125 0.5 0.1875
0.8125 0.625 0.1875
0.875 0.5625 0.1875
0.8125 0.5625 0.1875
1 0.5 0.1875
1 0.625 0.1875
0.9375 0.5 0.1875
0.9375 0.625 0.1875
1 0.5625 0.1875
0.9375 0.5625 0.1875
0.875 0.6875 0.1875
1 0.6875 0.1875
0.9375 0.6875 0.1875
0.8125 0.6875 0.1875
0.8125 0.25 0
0.875 0.3125 0
0.8125 0.375 0
0.75 0.3125 0
0.8125 0.25 0.125
0.875 0.3125 0.125
0.8125 0.375 0.125
0.75 0.3125 0.125
0.75 0.25 0.0625
0.875 0.25 0.0625
0.875 0.375 0.0625
0.75 0.375 0.0625
0.8125 0.3125 0
0.8125 0.3125 0.125
0.8125 0.25 0.0625
0.8125 0.375 0.0625
0.75 0.3125 0.0625
0.875 0.3125 0.0625
0.8125 0.3125 0.0625
0.9375 0.25 0
1 0.3125 0
0.9375 0.375 0
0.9375 0.25 0.125
1 0.3125 0.125
0.9375 0.375 0.125
1 0.25 0.0625
1 0.375 0.0625
0.9375 0.3125 0
0.9375 0.3125 0.125
0.9375 0.25 0.0625
0.9375 0.375 0.0625
1 0.3125 0.0625
0.9375 0.3125 0.0625
1 0.4375 0
0.875 0.4375 0
1 0.4375 0.125
0.875 0.4375 0.125
0.9375 0.4375 0
0.9375 0.4375 0.125
0.875 0.4375 0.0625
1 0.4375 0.0625
0.9375 0.4375 0.0625
0.75 0.4375 0
0.75 0.4375 0.125
0.8125 0.4375 0
0.8125 0.4375 0.125
0.75 0.4375 0.0625
0.8125 0.4375 0.0625
0.8125 0.25 0.25
0.875 0.3125 0.25
0.8125 0.375 0.25
0.75 0.3125 0.25
0.75 0.25 0.1875
0.875 0.25 0.1875
0.875 0.375 0.1875
0.75 0.375 0.1875
0.8125 0.3125 0.25
0.8125 0.25 0.1875
0.8125 0.375 0.1875
0.75 0.3125 0.1875
0.875 0.3125 0.1875
0.8125 0.3125 0.1875
0.9375 0.25 0.25
1 0.3125 0.25
0.9375 0.375 0.25
1 0.25 0.1875
1 0.375 0.1875
0.9375 0.3125 0.25
0.9375 0.25 0.1875
0.9375 0.375 0.1875
1 0.3125 0.1875
0.9375 0.3125 0.1875
1 0.4375 0.25
0.875 0.4375 0.25
0.9375 0.4375 0.25
0.875 0.4375 0.1875
1 0.4375 0.1875
0.9375 0.4375 0.1875
0.75 0.4375 0.25
0.8125 0.4375 0.25
0.75 0.4375 0.1875
0.8125 0.4375 0.1875
0.8125 0.25 0.375
0.875 0.3125 0.375
0.8125 0.375 0.375
0.75 0.3125 0.375
0.75 0.25 0.3125
0.875 0.25 0.3125
0.875 0.375 0.3125
0.75 0.375 0.3125
0.8125 0.3125 0.375
0.8125 0.25 0.3125
0.8125 0.375 0.3125
0.75 0.3125 0.3125
0.875 0.3125 0.3125
0.8125 0.3125 0.3125
0.9375 0.25 0.375
1 0.3125 0.375
0.9375 0.375 0.375
1 0.25 0.3125
1 0.375 0.3125
0.9375 0.3125 0.375
0.9375 0.25 0.3125
0.9375 0.375 0.3125
1 0.3125 0.3125
0.9375 0.3125 0.3125
1 0.4375 0.375
0.875 0.4375 0.375
0.9375 0.4375 0.375
0.875 0.4375 0.3125
1 0.4375 0.3125
0.9375 0.4375 0.3125
0.75 0.4375 0.375
0.8125 0.4375 0.375
0.75 0.4375 0.3125
0.8125 0.4375 0.3125
0.75 0.25 0.4375
0.875 0.25 0.4375
0.875 0.375 0.4375
0.75 0.375 0.4375
0.8125 0.25 0.4375
0.8125 0.375 0.4375
0.75 0.3125 0.4375
0.875 0.3125 0.4375
0.8125 0.3125 0.4375
1 0.25 0.4375
1 0.375 0.4375
0.9375 0.25 0.4375
0.9375 0.375 0.4375
1 0.3125 0.4375
0.9375 0.3125 0.4375
0.875 0.4375 0.4375
1 0.4375 0.4375
0.9375 0.4375 0.4375
0.75 0.4375 0.4375
0.8125 0.4375 0.4375
0.5625 0.25 0.25
0.625 0.3125 0.25
0.5625 0.375 0.25
0.5625 0.25 0.375
0.625 0.3125 0.375
0.5625 0.375 0.375
0.625 0.25 0.3125
0.625 0.375 0.3125
0.5625 0.3125 0.25
0.5625 0.3125 0.375
0.5625 0.25 0.3125
0.5625 0.375 0.3125
0.625 0.3125 0.3125
0.5625 0.3125 0.3125
0.6875 0.25 0.25
0.6875 0.375 0.25
0.6875 0.25 0.375
0.6875 0.375 0.375
0.6875 0.3125 0.25
0.6875 0.3125 0.375
0.6875 0.25 0.3125
0.6875 0.375 0.3125
0.6875 0.3125 0.3125
0.625 0.4375 0.25
0.625 0.4375 0.375
0.6875 0.4375 0.25
0.6875 0.4375 0.375
0.625 0.4375 0.3125
0.6875 0.4375 0.3125
0.5625 0.4375 0.25
0.5625 0.4375 0.375
0.5625 0.4375 0.3125
0.625 0.25 0.4375
0.625 0.375 0.4375
0.5625 0.25 0.4375
0.5625 0.375 0.4375
0.625 0.3125 0.4375
0.5625 0.3125 0.4375
0.6875 0.25 0.4375
0.6875 0.375 0.4375
0.6875 0.3125 0.4375
0.625 0.4375 0.4375
0.6875 0.4375 0.4375
0.5625 0.4375 0.4375
0.5625 0.25 0
0.625 0.3125 0
0.5625 0.375 0
0.5625 0.25 0.125
0.625 0.3125 0.125
0.5625 0.375 0.125
0.625 0.25 0.0625
0.625 0.375 0.0625
0.5625 0.3125 0
0.5625 0.3125 0.125
0.5625 0.25 0.0625
0.5625 0.375 0.0625
0.625 0.3125 0.0625
0.5625 0.3125 0.0625
0.6875 0.25 0
0.6875 0.375 0
0.6875 0.25 0.125
0.6875 0.375 0.125
0.6875 0.3125 0
0.6875 0.3125 0.125
0.6875 0.25 0.0625
0.6875 0.375 0.0625
0.6875 0.3125 0.0625
0.625 0.4375 0
0.625 0.4375 0.125
0.6875 0.4375 0
0.6875 0.4375 0.125
0.625 0.4375 0.0625
0.6875 0.4375 0.0625
0.5625 0.4375 0
0.5625 0.4375 0.125
0.5625 0.4375 0.0625
0.625 0.25 0.1875
0.625 0.375 0.1875
0.5625 0.25 0.1875
0.5625 0.375 0.1875
0.625 0.3125 0.1875
0.5625 0.3125 0.1875
0.6875 0.25 0.1875
0.6875 0.375 0.1875
0.6875 0.3125 0.1875
0.625 0.4375 0.1875
0.6875 0.4375 0.1875
0.5625 0.4375 0.1875
0.5625 0 0
0.625 0.0625 0
0.5625 0.125 0
0.5625 0 0.125
0.625 0.0625 0.125
0.5625 0.125 0.125
0.625 0 0.0625
0.625 0.125 0.0625
0.5625 0.0625 0
0.5625 0.0625 0.125
0.5625 0 0.0625
0.5625 0.125 0.0625
0.625 0.0625 0.0625
0.5625 0.0625 0.0625
0.6875 0 0
0.75 0.0625 0
0.6875 0.125 0
0.6875 0 0.125
0.75 0.0625 0.125
0.6875 0.125 0.125
0.75 0 0.0625
0.75 0.125 0.0625
0.6875 0.0625 0
0.6875 0.0625 0.125
0.6875 0 0.0625
0.6875 0.125 0.0625
0.75 0.0625 0.0625
0.6875 0.0625 0.0625
0.75 0.1875 0
0.625 0.1875 0
0.75 0.1875 0.125
0.625 0.1875 0.125
0.6875 0.1875 0
0.6875 0.1875 0.125
0.625 0.1875 0.0625
0.75 0.1875 0.0625
0.6875 0.1875 0.0625
0.5625 0.1875 0
0.5625 0.1875 0.125
0.5625 0.1875 0.0625
0.5625 0 0.25
0.625 0.0625 0.25
0.5625 0.125 0.25
0.625 0 0.1875
0.625 0.125 0.1875
0.5625 0.0625 0.25
0.5625 0 0.1875
0.5625 0.125 0.1875
0.625 0.0625 0.1875
0.5625 0.0625 0.1875
0.6875 0 0.25
0.75 0.0625 0.25
0.6875 0.125 0.25
0.75 0 0.1875
0.75 0.125 0.1875
0.6875 0.0625 0.25
0.6875 0 0.1875
0.6875 0.125 0.1875
0.75 0.0625 0.1875
0.6875 0.0625 0.1875
0.75 0.1875 0.25
0.625 0.1875 0.25
0.6875 0.1875 0.25
0.625 0.1875 0.1875
0.75 0.1875 0.1875
0.6875 0.1875 0.1875
0.5625 0.1875 0.25
0.5625 0.1875 0.1875
0.5625 0 0.375
0.625 0.0625 0.375
0.5625 0.125 0.375
0.625 0 0.3125
0.625 0.125 0.3125
0.5625 0.0625 0.375
0.5625 0 0.3125
0.5625 0.125 0.3125
0.625 0.0625 0.3125
0.5625 0.0625 0.3125
0.6875 0 0.375
0.75 0.0625 0.375
0.6875 0.125 0.375
0.75 0 0.3125
0.75 0.125 0.3125
0.6875 0.0625 0.375
0.6875 0 0.3125
0.6875 0.125 0.3125
0.75 0.0625 0.3125
0.6875 0.0625 0.3125
0.75 0.1875 0.375
0.625 0.1875 0.375
0.6875 0.1875 0.375
0.625 0.1875 0.3125
0.75 0.1875 0.3125
0.6875 0.1875 0.3125
0.5625 0.1875 0.375
0.5625 0.1875 0.3125
0.625 0 0.4375
0.625 0.125 0.4375
0.5625 0 0.4375
0.5625 0.125 0.4375
0.625 0.0625 0.4375
0.5625 0.0625 0.4375
0.75 0 0.4375
0.75 0.125 0.4375
0.6875 0 0.4375
0.6875 0.125 0.4375
0.75 0.0625 0.4375
0.6875 0.0625 0.4375
0.625 0.1875 0.4375
0.75 0.1875 0.4375
0.6875 0.1875 0.4375
0.5625 0.1875 0.4375
0.8125 0 0.25
0.875 0.0625 0.25
0.8125 0.125 0.25
0.8125 0 0.375
0.875 0.0625 0.375
0.8125 0.125 0.375
0.875 0 0.3125
0.875 0.125 0.3125
0.8125 0.0625 0.25
0.8125 0.0625 0.375
0.8125 0 0.3125
0.8125 0.125 0.3125
0.875 0.0625 0.3125
0.8125 0.0625 0.3125
0.9375 0 0.25
1 0.0625 0.25
0.9375 0.125 0.25
0.9375 0 0.375
1 0.0625 0.375
0.9375 0.125 0.375
1 0 0.3125
1 0.125 0.3125
0.9375 0.0625 0.25
0.9375 0.0625 0.375
0.9375 0 0.3125
0.9375 0.125 0.3125
1 0.0625 0.3125
0.9375 0.0625 0.3125
1 0.1875 0.25
0.875 0.1875 0.25
1 0.1875 0.375
0.875 0.1875 0.375
0.9375 0.1875 0.25
0.9375 0.1875 0.375
0.875 0.1875 0.3125
1 0.1875 0.3125
0.9375 0.1875 0.3125
0.8125 0.1875 0.25
0.8125 0.1875 0.375
0.8125 0.1875 0.3125
0.875 0 0.4375
0.875 0.125 0.4375
0.8125 0 0.4375
0.8125 0.125 0.4375
0.875 0.0625 0.4375
0.8125 0.0625 0.4375
1 0 0.4375
1 0.125 0.4375
0.9375 0 0.4375
0.9375 0.125 0.4375
1 0.0625 0.4375
0.9375 0.0625 0.4375
0.875 0.1875 0.4375
1 0.1875 0.4375
0.9375 0.1875 0.4375
0.8125 0.1875 0.4375
0.8125 0 0
0.875 0.0625 0
0.8125 0.125 0
0.8125 0 0.125
0.875 0.0625 0.125
0.8125 0.125 0.125
0.875 0 0.0625
0.875 0.125 0.0625
0.8125 0.0625 0
0.8125 0.0625 0.125
0.8125 0 0.0625
0.8125 0.125 0.0625
0.875 0.0625 0.0625
0.8125 0.0625 0.0625
0.9375 0 0
1 0.0625 0
0.9375 0.125 0
0.9375 0 0.125
1 0.0625 0.125
0.9375 0.125 0.125
1 0 0.0625
1 0.125 0.0625
0.9375 0.0625 0
0.9375 0.0625 0.125
0.9375 0 0.0625
0.9375 0.125 0.0625
1 0.0625 0.0625
0.9375 0.0625 0.0625
1 0.1875 0
0.875 0.1875 0
1 0.1875 0.125
0.875 0.1875 0.125
0.9375 0.1875 0
0.9375 0.1875 0.125
0.875 0.1875 0.0625
1 0.1875 0.0625
0.9375 0.1875 0.0625
0.8125 0.1875 0
0.8125 0.1875 0.125
0.8125 0.1875 0.0625
0.875 0 0.1875
0.875 0.125 0.1875
0.8125 0 0.1875
0.8125 0.125 0.1875
0.875 0.0625 0.1875
0.8125 0.0625 0.1875
1 0 0.1875
1 0.125 0.1875
0.9375 0 0.1875
0.9375 0.125 0.1875
1 0.0625 0.1875
0.9375 0.0625 0.1875
0.875 0.1875 0.1875
1 0.1875 0.1875
0.9375 0.1875 0.1875
0.8125 0.1875 0.1875
