PICK elem=2 warp=0.0043953838698750358 NE=480
WROTE /mnt/c/Users/lilu/works/fem-pro/fem-rs/data/d667_curved_hex.mesh amp=1
WROTE /mnt/c/Users/lilu/works/fem-pro/fem-rs/data/d667_curved_hex_w2.mesh amp=2
WROTE /mnt/c/Users/lilu/works/fem-pro/fem-rs/data/d667_curved_hex_w6.mesh amp=6
PROBE mesh=d667_curved_hex.mesh ndof=36 feorder=2 OrderW=5 OrderJ=2
PROBE weight_center=0.00084926457481144483
PROBE divref_center
0.25 0.25 0.25 0.25 0.25 0.25 0.25 0.25 0.25 0.25 0.25 0.25 0.25 0.25 0.25 0.25 0.25 0.25 0.25 0.25 0.25 0.25 0.25 0.25 0 0 0 0 0 0 0 0 0 0 0 0 
PROBE vref_center
0 0 0
0 0 0
0 0 0
0 0 0
0 0 0
0 0 0
0 0 0
0 0 0
0 0 0
0 0 0
0 0 0
0 0 0
0 0 0
0 0 0
0 0 0
0 0 0
0 0 0
0 0 0
0 0 0
0 0 0
0 0 0
0 0 0
0 0 0
0 0 0
0.25 0 0
0.25 0 0
0.25 0 0
0.25 0 0
0 0.25 0
0 0.25 0
0 0.25 0
0 0.25 0
0 0 0.25
0 0 0.25
0 0 0.25
0 0 0.25
PROBE vref_q0 ip=0.21132486540518711,0.21132486540518711,0.21132486540518711
0 0 -0
0 0 -0
0 0 -0.4553418012614795
0 0 -0
0 -0.4553418012614795 0
0 -0 0
0 -0 0
0 -0 0
-0.12200846792814621 0 0
-0 0 0
-0 0 0
-0 0 0
0 -0 0
0 -0.12200846792814621 0
0 -0 0
0 -0 0
-0 0 0
-0.4553418012614795 0 0
-0 0 0
-0 0 0
0 0 -0.12200846792814621
0 0 -0
0 0 -0
0 0 -0
0.66666666666666663 0 0
0 0 0
0 0 0
0 0 0
0 0.66666666666666663 0
0 0 0
0 0 0
0 0 0
0 0 0.66666666666666663
0 0 0
0 0 0
0 0 0
PROBE vref_q1 ip=0.78867513459481287,0.21132486540518711,0.21132486540518711
0 0 0
0 0 -0
0 0 0
0 0 -0.4553418012614795
0 0 0
0 -0.4553418012614795 0
0 0 0
0 -0 0
0.4553418012614795 0 0
0 0 0
0 0 0
0 0 0
0 -0.12200846792814621 0
0 0 0
0 -0 0
0 0 0
0 0 0
0.12200846792814621 0 0
0 0 0
0 0 0
0 0 0
0 0 -0.12200846792814621
0 0 0
0 0 -0
0.66666666666666663 0 0
0 0 0
0 0 0
0 0 0
0 -0 0
0 0.66666666666666663 0
0 -0 0
0 0 0
0 0 -0
0 0 0.66666666666666663
0 0 -0
0 0 0
PROBE vref_q2 ip=0.21132486540518711,0.78867513459481287,0.21132486540518711
0 0 -0.4553418012614795
0 0 -0
0 0 0
0 0 0
0 0.12200846792814621 0
0 0 0
0 0 0
0 0 0
0 0 0
-0.12200846792814621 0 0
0 0 0
-0 0 0
0 0 0
0 0.4553418012614795 0
0 0 0
0 0 0
-0.4553418012614795 0 0
0 0 0
-0 0 0
0 0 0
0 0 0
0 0 0
0 0 -0.12200846792814621
0 0 -0
-0 0 0
0.66666666666666663 0 0
-0 0 0
0 0 0
0 0.66666666666666663 0
0 0 0
0 0 0
0 0 0
0 0 -0
0 0 -0
0 0 0.66666666666666663
0 0 0
PROBE vref_q3 ip=0.78867513459481287,0.78867513459481287,0.21132486540518711
0 0 0
0 0 -0.4553418012614795
0 0 -0
0 0 0
0 -0 0
0 0.12200846792814621 0
0 -0 0
0 0 0
-0 0 0
0.4553418012614795 0 0
-0 0 0
0 0 0
0 0.4553418012614795 0
0 -0 0
0 0 0
0 -0 0
0.12200846792814621 0 0
-0 0 0
0 0 0
-0 0 0
0 0 -0
0 0 0
0 0 0
0 0 -0.12200846792814621
-0 0 0
0.66666666666666663 0 0
-0 0 0
0 0 0
0 -0 0
0 0.66666666666666663 0
0 -0 0
0 0 0
0 0 0
0 0 -0
0 0 -0
0 0 0.66666666666666663
PROBE vref_q4 ip=0.21132486540518711,0.21132486540518711,0.78867513459481287
0 0 0
0 0 0
0 0 0.12200846792814621
0 0 0
0 0 0
0 0 0
0 -0.4553418012614795 0
0 -0 0
0 0 0
0 0 0
-0.12200846792814621 0 0
-0 0 0
0 0 0
0 0 0
0 -0 0
0 -0.12200846792814621 0
0 0 0
0 0 0
-0 0 0
-0.4553418012614795 0 0
0 0 0.4553418012614795
0 0 0
0 0 0
0 0 0
-0 0 0
-0 0 0
0.66666666666666663 0 0
0 0 0
0 -0 0
0 -0 0
0 0.66666666666666663 0
0 0 0
0 0 0.66666666666666663
0 0 0
0 0 0
0 0 0
PROBE vref_q5 ip=0.78867513459481287,0.21132486540518711,0.78867513459481287
0 0 -0
0 0 0
0 0 -0
0 0 0.12200846792814621
0 -0 0
0 0 0
0 0 0
0 -0.4553418012614795 0
-0 0 0
-0 0 0
0.4553418012614795 0 0
0 0 0
0 0 0
0 -0 0
0 -0.12200846792814621 0
0 0 0
-0 0 0
-0 0 0
0 0 0
0.12200846792814621 0 0
0 0 -0
0 0 0.4553418012614795
0 0 -0
0 0 0
-0 0 0
-0 0 0
0.66666666666666663 0 0
0 0 0
0 0 0
0 -0 0
0 -0 0
0 0.66666666666666663 0
0 0 -0
0 0 0.66666666666666663
0 0 -0
0 0 0
PROBE vref_q6 ip=0.21132486540518711,0.78867513459481287,0.78867513459481287
0 0 0.12200846792814621
0 0 0
0 0 -0
0 0 -0
0 -0 0
0 -0 0
0 0.12200846792814621 0
0 0 0
-0 0 0
0 0 0
0 0 0
-0.12200846792814621 0 0
0 -0 0
0 -0 0
0 0 0
0 0.4553418012614795 0
0 0 0
-0 0 0
-0.4553418012614795 0 0
0 0 0
0 0 -0
0 0 -0
0 0 0.4553418012614795
0 0 0
0 0 0
-0 0 0
-0 0 0
0.66666666666666663 0 0
0 -0 0
0 -0 0
0 0.66666666666666663 0
0 0 0
0 0 -0
0 0 -0
0 0 0.66666666666666663
0 0 0
PROBE vref_q7 ip=0.78867513459481287,0.78867513459481287,0.78867513459481287
0 0 -0
0 0 0.12200846792814621
0 0 0
0 0 -0
0 0 0
0 -0 0
0 -0 0
0 0.12200846792814621 0
0 0 0
-0 0 0
-0 0 0
0.4553418012614795 0 0
0 -0 0
0 0 0
0 0.4553418012614795 0
0 -0 0
-0 0 0
0 0 0
0.12200846792814621 0 0
-0 0 0
0 0 0
0 0 -0
0 0 -0
0 0 0.4553418012614795
0 0 0
-0 0 0
-0 0 0
0.66666666666666663 0 0
0 0 0
0 -0 0
0 -0 0
0 0.66666666666666663 0
0 0 0
0 0 -0
0 0 -0
0 0 0.66666666666666663
PROBE vphys_center
0 0 0
0 0 0
0 0 0
0 0 0
0 0 0
0 0 0
0 0 0
0 0 0
0 0 0
0 0 0
0 0 0
0 0 0
0 0 0
0 0 0
0 0 0
0 0 0
0 0 0
0 0 0
0 0 0
0 0 0
0 0 0
0 0 0
0 0 0
0 0 0
-4.0563036563309343 17.086548091590604 0
-4.0563036563309343 17.086548091590604 0
-4.0563036563309343 17.086548091590604 0
-4.0563036563309343 17.086548091590604 0
24.374530168759158 6.1838797422652529 0
24.374530168759158 6.1838797422652529 0
24.374530168759158 6.1838797422652529 0
24.374530168759158 6.1838797422652529 0
0 0 -49.061860385794219
0 0 -49.061860385794219
0 0 -49.061860385794219
0 0 -49.061860385794219
PROBE divphys_center
294.37233980412458 294.37233980412458 294.37233980412458 294.37233980412458 294.37233980412458 294.37233980412458 294.37233980412458 294.37233980412458 294.37233980412458 294.37233980412458 294.37233980412458 294.37233980412458 294.37233980412458 294.37233980412458 294.37233980412458 294.37233980412458 294.37233980412458 294.37233980412458 294.37233980412458 294.37233980412458 294.37233980412458 294.37233980412458 294.37233980412458 294.37233980412458 0 0 0 0 0 0 0 0 0 0 0 0 
MASSDEF order=9 npoints=125
D667RT mesh=d667_curved_hex.mesh INTEG=mass RULE=default n=36
0.38321685668616251 0.062528624632145716 0.32671477302998447 -0.022989569249531484 0.010411184596994963 -0.0035530038812749088 0.00084680895890040233 7.0119015262133921e-05 0.00046866879714974513 -0.00015099228095408733 -6.0893037964874098e-05 -7.8574427987805064e-05 0.050168567980583931 -0.23534593687175515 -0.015184027743858287 0.071266488231327044 -0.12375226062569515 0.017790669249785125 0.0025480378674368476 -0.00063699027268843676 0.0097538772146845074 -0.00071779247693565056 0.34865037578873925 -0.0021394266918155682 -0.011366355325343129 0.081282683262549837 0.00036111102364177642 -0.0016112102449014334 0.083356743499356997 -0.0253172080539164 -0.0010406069456614909 0.0017148417914203563 -0.019507754429369761 0.0014355849538713399 -0.69730075157747606 0.0042788533836307843
0.062528624632145716 0.92115358499569422 -0.022989569249531491 0.27865965231612122 -0.0035530038812749075 0.014450252629847896 7.0119015262133893e-05 -0.0013458347540482194 0.011820820697312277 -0.10400941933127034 -8.7944084833184758e-05 0.0024908353760824957 -0.1097969432598261 0.050168567980583931 0.033826017716221589 -0.015184027743858283 0.0051390861001828604 -0.0011309473014214626 -9.3901789351253205e-05 8.6223444678327436e-05 -0.00071779247693565013 0.010401040881267719 -0.0021394266918155647 0.36036952292623853 0.008501381281316174 -0.071822712736137606 -0.00010037380009881391 0.0016062871933865287 -0.025317208053916407 0.093320047036454454 0.0017148417914203563 -0.010913700452022775 0.0014355849538713399 -0.020802081762535032 0.0042788533836307843 -0.72073904585247905
0.32671477302998447 -0.022989569249531491 1.040898433445075 -0.0011509189174269581 0.0087790193585378495 -0.00073471990948464558 -0.00086815630343778274 0.00018780090260599194 0.00015319250579990954 0.00046866879714974508 -3.498645495460549e-06 -6.0893037964873962e-05 -0.017192498763507744 0.075824269471185188 0.0041889880872718359 -0.018481610790495928 0.017790669249785129 0.013222316925342613 -0.00063699027268843665 -0.00027098003533694706 0.27869116216170109 -0.0010440827271835278 0.0097538772146845143 -0.00071779247693565078 -0.0086462767268048885 -0.011366355325343124 0.0001762901530517002 0.00036111102364177626 0.013615596505258735 -0.004827529201501141 -0.0043965880996470093 0.0010567447620449008 -0.55738232432340262 0.0020881654543670951 -0.019507754429369775 0.0014355849538713356
-0.022989569249531484 0.27865965231612122 -0.0011509189174269581 0.85621813311424244 -0.00073471990948464525 -0.0036921184423157286 0.00018780090260599191 -0.00043466189364088349 0.010261194927839173 0.011820820697312275 -0.00020680927836340903 -8.7944084833183891e-05 0.042880954752745518 -0.017192498763507744 -0.010525956187652306 0.0041889880872718376 -0.0011309473014214637 -0.00064023774212117082 8.6223444678327409e-05 1.3695857013292535e-05 -0.0010440827271835278 0.23187486987673742 -0.00071779247693565121 0.010401040881267717 0.007214214758656053 0.0085013812813161706 -0.00014561659992818211 -0.00010037380009881408 -0.0048275292015011418 0.019768034877228328 0.0010567447620449008 -0.0029235334182009238 0.002088165454367102 -0.46374973975347461 0.0014355849538713365 -0.020802081762535053
0.010411184596994963 -0.0035530038812749075 0.0087790193585378495 -0.00073471990948464525 0.24586618863786788 -0.0031258469360639445 6.7957223041601085e-05 0.001172909723753136 0.00042258622137942583 0.00061942319920725054 -8.0332872383765178e-05 -0.00035711561497041983 -0.0031463806908563698 0.080946532066384649 0.00089461304975556777 -0.00041534982493860047 -0.0086891541869897025 -0.011732578426558686 0.0013270974407645691 0.0048432311271621037 -0.00086815630343760808 0.00018780090260596969 0.0008468089589003427 7.0119015262161432e-05 0.004792792168818668 0.005673669167105602 -0.0023265181356021615 -0.00055972373124665463 -0.042264496055497688 -0.0095875637473125403 -0.02574058448728913 0.0036589450889818798 -0.0040548410811776991 2.4770695448356436e-05 -0.0099350411919991166 0.0024094106483097837
-0.0035530038812749088 0.014450252629847896 -0.00073471990948464558 -0.0036921184423157286 -0.0031258469360639445 0.30629145392884827 0.0011729097237531362 -0.0056762123760711585 -0.012709553246815122 -0.01173336614843333 0.0046021190727136728 0.0035979446716454941 0.10934045437652776 -0.0031463806908563706 -0.0078347729156282506 0.00089461304975556734 -0.00019627093745073443 0.00016080660726617503 0.00025135606667857553 -0.0001449386526586307 0.00018780090260596974 -0.00043466189364068801 7.0119015262161649e-05 -0.0013458347540482435 -0.011506231212748349 -0.0081205798585761678 0.0039725048540734048 0.002756716865135009 -0.0095875637473125368 -0.046818163952583661 0.0036589450889818807 -0.033015513599532406 2.4770695448356287e-05 0.0038903366648775414 0.0024094106483097837 -0.0069014301806026405
0.00084680895890040233 7.0119015262133893e-05 -0.00086815630343778274 0.00018780090260599191 6.7957223041601085e-05 0.0011729097237531362 0.24586618863786797 -0.0031258469360639501 -8.0332872383765395e-05 -0.00035711561497041988 0.00042258622137943662 0.00061942319920724263 0.0008946130497555669 -0.00041534982493859998 -0.0031463806908564231 0.080946532066384982 0.0013270974407645687 0.0048432311271621028 -0.0086891541869897077 -0.011732578426558615 0.0087790193585371989 -0.00073471990948456231 0.010411184596995172 -0.0035530038812750129 -0.0023265181356021624 -0.00055972373124665473 0.0047927921688186029 0.0056736691671056081 -0.02574058448728913 0.0036589450889818811 -0.042264496055497515 -0.0095875637473125993 0.0040548410811767702 -2.4770695448249344e-05 0.0099350411919993126 -0.0024094106483098262
7.0119015262133921e-05 -0.0013458347540482194 0.00018780090260599194 -0.00043466189364088349 0.001172909723753136 -0.0056762123760711585 -0.0031258469360639501 0.30629145392884805 0.0046021190727136728 0.0035979446716454945 -0.012709553246815143 -0.011733366148433301 -0.0078347729156282471 0.00089461304975556604 0.1093404543765278 -0.0031463806908564231 0.00025135606667857558 -0.00014493865265863059 -0.0001962709374507324 0.0001608066072661596 -0.00073471990948456274 -0.0036921184423164555 -0.0035530038812750129 0.014450252629847967 0.0039725048540734031 0.002756716865135009 -0.011506231212748389 -0.0081205798585761574 0.0036589450889818803 -0.033015513599532406 -0.0095875637473125958 -0.046818163952583425 -2.4770695448249385e-05 -0.0038903366648787943 -0.0024094106483098271 0.0069014301806028366
0.00046866879714974513 0.011820820697312277 0.00015319250579990954 0.010261194927839173 0.00042258622137942583 -0.012709553246815122 -8.0332872383765395e-05 0.0046021190727136728 0.1360771023456285 0.0088746199226031313 -0.00095155035491569612 -0.0023943452635674157 0.0069600444676731982 0.0011553344062401275 -0.0016599716934370956 -0.00029900935704569253 0.0019939920546741545 0.038604010278281635 -0.00053539020839841588 -0.00052435728388989709 -3.4986454954069758e-06 -0.00020680927836351471 -6.0893037964863418e-05 -8.7944084833228289e-05 0.064411360947896304 0.0046367302282158285 -0.00021119550632629869 -0.0012516692863757343 -0.00075133852387646363 -0.018742098272349152 -9.6396531427389904e-06 0.0039753901860775098 -0.00010258622033318869 -0.0069467025775805701 -0.00017672649788852282 -0.0084131736296050377
-0.00015099228095408733 -0.10400941933127034 0.00046866879714974508 0.011820820697312275 0.00061942319920725054 -0.01173336614843333 -0.00035711561497041988 0.0035979446716454945 0.0088746199226031313 0.067620413799649975 -0.0023943452635674148 0.013825574077214945 -0.082474311432872122 -0.0015774616316128337 0.024224930089149777 -0.00029718837919654958 0.017600895550374238 0.0019939920546741545 0.0043090454640812596 -0.00053539020839841577 -6.0893037964863364e-05 -8.7944084833227638e-05 -7.8574427987711986e-05 0.0024908353760822793 0.0046367302282158268 0.033210015462937809 -0.0012516692863757341 0.0062915929954883241 0.003251961948622247 -0.10146248063134768 -0.0020785711498992479 0.030372895445008281 -0.00017672649788852261 -0.0084131736296050395 0.00032520335064718266 0.069335090615479711
-6.0893037964874098e-05 -8.7944084833184758e-05 -3.498645495460549e-06 -0.00020680927836340903 -8.0332872383765178e-05 0.0046021190727136728 0.00042258622137943662 -0.012709553246815143 -0.00095155035491569612 -0.0023943452635674148 0.13607710234562845 0.0088746199226031105 -0.001659971693437096 -0.00029900935704569253 0.006960044467673219 0.0011553344062401104 -0.00053539020839841599 -0.00052435728388989698 0.0019939920546741471 0.038604010278281614 0.00015319250579970973 0.010261194927839562 0.00046866879714970583 0.011820820697312445 -0.0002111955063262956 -0.0012516692863757345 0.064411360947896276 0.0046367302282158294 -9.6396531427385635e-06 0.0039753901860775107 -0.00075133852387645908 -0.018742098272349132 0.00010258622033291876 0.0069467025775811113 0.00017672649788857541 0.0084131736296048643
-7.8574427987805064e-05 0.0024908353760824957 -6.0893037964873962e-05 -8.7944084833183891e-05 -0.00035711561497041983 0.0035979446716454941 0.00061942319920724263 -0.011733366148433301 -0.0023943452635674157 0.013825574077214945 0.0088746199226031105 0.067620413799649753 0.02422493008914977 -0.00029718837919654947 -0.082474311432872094 -0.0015774616316127877 0.0043090454640812596 -0.00053539020839841588 0.017600895550374241 0.001993992054674148 0.00046866879714970561 0.011820820697312447 -0.0001509922809544359 -0.10400941933126948 -0.0012516692863757347 0.0062915929954883223 0.0046367302282158285 0.033210015462937711 -0.0020785711498992471 0.030372895445008277 0.0032519619486222214 -0.10146248063134752 0.00017672649788857552 0.0084131736296048643 -0.00032520335064772378 -0.069335090615478573
0.050168567980583931 -0.1097969432598261 -0.017192498763507744 0.042880954752745518 -0.0031463806908563698 0.10934045437652776 0.0008946130497555669 -0.0078347729156282471 0.0069600444676731982 -0.082474311432872122 -0.001659971693437096 0.02422493008914977 0.14804819442123382 0.041870303192443621 0.15091798933344641 -0.022736293986651446 0.0057934726408693862 -0.0017055392523889299 -0.00086351566270693471 0.00044389819622058934 0.0041889880872717864 -0.010525956187652331 -0.015184027743858016 0.033826017716221804 0.0028891527048623463 -0.052595112517246426 -0.00080103707927100046 0.017250223335425221 -0.022173086510737995 0.39054365355352727 0.0072373972880041436 -0.064354605262045436 0.0011412543172253742 -0.0026335904531619219 0.0047575945549955126 -0.012037458036492142
-0.23534593687175515 0.050168567980583931 0.075824269471185188 -0.017192498763507744 0.080946532066384649 -0.0031463806908563706 -0.00041534982493859998 0.00089461304975556604 0.0011553344062401275 -0.0015774616316128337 -0.00029900935704569253 -0.00029718837919654947 0.041870303192443621 -0.071052762547378148 -0.022736293986651442 0.22485763547672113 -0.10998301263702646 0.017636970315712309 0.026338492284923 -0.0044325404275535451 -0.018481610790495661 0.0041889880872717873 0.071266488231325989 -0.015184027743858023 -0.013613924236849474 0.076775070708109364 0.0032631476689478777 -0.016593668431930123 0.28152163221004106 -0.022173086510737995 -0.027401983787043525 0.0072373972880041427 -0.0050145180143537178 0.0011412543172253751 -0.022418483579970651 0.0047575945549955109
-0.015184027743858287 0.033826017716221589 0.0041889880872718359 -0.010525956187652306 0.00089461304975556777 -0.0078347729156282506 -0.0031463806908564231 0.1093404543765278 -0.0016599716934370956 0.024224930089149777 0.006960044467673219 -0.082474311432872094 0.15091798933344641 -0.022736293986651442 0.14804819442123252 0.041870303192443066 -0.00086351566270693536 0.00044389819622058944 0.0057934726408692475 -0.0017055392523888954 -0.017192498763507563 0.042880954752745642 0.050168567980582987 -0.10979694325982686 -0.00080103707927100002 0.017250223335425217 0.0028891527048623632 -0.052595112517246481 0.0072373972880041479 -0.064354605262045422 -0.02217308651073828 0.39054365355352794 -0.0011412543172253113 0.0026335904531616097 -0.0047575945549958023 0.012037458036492799
0.071266488231327044 -0.015184027743858283 -0.018481610790495928 0.0041889880872718376 -0.00041534982493860047 0.00089461304975556734 0.080946532066384982 -0.0031463806908564231 -0.00029900935704569253 -0.00029718837919654958 0.0011553344062401104 -0.0015774616316127877 -0.022736293986651446 0.22485763547672113 0.041870303192443066 -0.071052762547372722 0.026338492284923 -0.0044325404275535442 -0.10998301263702581 0.017636970315712125 0.075824269471184161 -0.01719249876350756 -0.23534593687175115 0.05016856798058298 0.0032631476689478772 -0.016593668431930123 -0.013613924236849397 0.076775070708109017 -0.027401983787043536 0.007237397288004147 0.28152163221004239 -0.022173086510738287 0.00501451801435267 -0.0011412543172253109 0.022418483579974269 -0.0047575945549958015
-0.12375226062569515 0.0051390861001828604 0.017790669249785129 -0.0011309473014214637 -0.0086891541869897025 -0.00019627093745073443 0.0013270974407645687 0.00025135606667857558 0.0019939920546741545 0.017600895550374238 -0.00053539020839841599 0.0043090454640812596 0.0057934726408693862 -0.10998301263702646 -0.00086351566270693536 0.026338492284923 0.073568346126156856 0.0068632991334852487 0.020872960083003943 -0.0018323744235875573 -0.00063699027268834785 8.6223444678302716e-05 0.0025480378674368849 -9.3901789351228282e-05 -0.0033392379904807843 -0.037193566738559121 0.00088989154721792947 -0.010944588860836716 -0.092258724587783031 0.00078582294941604051 0.018792326293334601 0.0010244330021844917 -0.011283384002583961 0.00059234405365861148 0.08363157341606621 -0.0035055276703754232
0.017790669249785125 -0.0011309473014214626 0.013222316925342613 -0.00064023774212117082 -0.011732578426558686 0.00016080660726617503 0.0048432311271621028 -0.00014493865265863059 0.038604010278281635 0.0019939920546741545 -0.00052435728388989698 -0.00053539020839841588 -0.0017055392523889299 0.017636970315712309 0.00044389819622058944 -0.0044325404275535442 0.0068632991334852487 0.17494236620936304 -0.0018323744235875573 -0.0035734772966285219 -0.00027098003533675613 1.3695857013266729e-05 -0.00063699027268834774 8.6223444678302594e-05 -0.090004680165230083 -0.003339237990480783 0.0018862336292332898 0.00088989154721792936 -0.02760261613641667 0.0016228300823219726 0.0044499485080442495 -0.00013679717227519576 -0.0089390765587519464 0.00043126877894246164 -0.01128338400258396 0.00059234405365861127
0.0025480378674368476 -9.3901789351253205e-05 -0.00063699027268843665 8.6223444678327409e-05 0.0013270974407645691 0.00025135606667857553 -0.0086891541869897077 -0.0001962709374507324 -0.00053539020839841588 0.0043090454640812596 0.0019939920546741471 0.017600895550374241 -0.00086351566270693471 0.026338492284923 0.0057934726408692475 -0.10998301263702581 0.020872960083003943 -0.0018323744235875573 0.073568346126157036 0.0068632991334852131 0.017790669249784809 -0.0011309473014213711 -0.12375226062569526 0.005139086100182772 0.00088989154721792957 -0.010944588860836716 -0.0033392379904807644 -0.037193566738559218 0.018792326293334608 0.0010244330021844917 -0.092258724587783031 0.00078582294941604127 0.011283384002584123 -0.000592344053658649 -0.083631573416068528 0.0035055276703757844
-0.00063699027268843676 8.6223444678327436e-05 -0.00027098003533694706 1.3695857013292535e-05 0.0048432311271621037 -0.0001449386526586307 -0.011732578426558615 0.0001608066072661596 -0.00052435728388989709 -0.00053539020839841577 0.038604010278281614 0.001993992054674148 0.00044389819622058934 -0.0044325404275535451 -0.0017055392523888954 0.017636970315712125 -0.0018323744235875573 -0.0035734772966285219 0.0068632991334852131 0.17494236620936329 0.013222316925341903 -0.00064023774212107509 0.017790669249784806 -0.0011309473014213698 0.0018862336292332902 0.00088989154721792957 -0.090004680165230125 -0.0033392379904807644 0.0044499485080442521 -0.00013679717227519571 -0.027602616136416718 0.001622830082321988 0.0089390765587507512 -0.00043126877894226633 0.011283384002584121 -0.00059234405365864834
0.0097538772146845074 -0.00071779247693565013 0.27869116216170109 -0.0010440827271835278 -0.00086815630343760808 0.00018780090260596974 0.0087790193585371989 -0.00073471990948456274 -3.4986454954069758e-06 -6.0893037964863364e-05 0.00015319250579970973 0.00046866879714970561 0.0041889880872717864 -0.018481610790495661 -0.017192498763507563 0.075824269471184161 -0.00063699027268834785 -0.00027098003533675613 0.017790669249784809 0.013222316925341903 1.0408984334450755 -0.0011509189174269199 0.32671477302998198 -0.022989569249531241 0.00017629015305151461 0.00036111102364175317 -0.008646276726804198 -0.011366355325343046 -0.0043965880996471324 0.00105674476204489 0.013615596505259195 -0.0048275292015010976 0.55738232432340162 -0.0020881654543670079 0.019507754429368286 -0.0014355849538712647
-0.00071779247693565056 0.010401040881267719 -0.0010440827271835278 0.23187486987673742 0.00018780090260596969 -0.00043466189364068801 -0.00073471990948456231 -0.0036921184423164555 -0.00020680927836351471 -8.7944084833227638e-05 0.010261194927839562 0.011820820697312447 -0.010525956187652331 0.0041889880872717873 0.042880954752745642 -0.01719249876350756 8.6223444678302716e-05 1.3695857013266729e-05 -0.0011309473014213711 -0.00064023774212107509 -0.0011509189174269199 0.85621813311424289 -0.022989569249531255 0.27865965231612178 -0.00014561659992823071 -0.00010037380009884174 0.0072142147586562325 0.0085013812813162781 0.00105674476204489 -0.0029235334182009945 -0.0048275292015010985 0.019768034877228592 -0.002088165454367004 0.46374973975347461 -0.0014355849538712656 0.020802081762535833
0.34865037578873925 -0.0021394266918155647 0.0097538772146845143 -0.00071779247693565121 0.0008468089589003427 7.0119015262161649e-05 0.010411184596995172 -0.0035530038812750129 -6.0893037964863418e-05 -7.8574427987711986e-05 0.00046866879714970583 -0.0001509922809544359 -0.015184027743858016 0.071266488231325989 0.050168567980582987 -0.23534593687175115 0.0025480378674368849 -0.00063699027268834774 -0.12375226062569526 0.017790669249784806 0.32671477302998198 -0.022989569249531255 0.383216856686174 0.062528624632143537 0.00036111102364175295 -0.0016112102449016349 -0.011366355325343046 0.081282683262550531 -0.0010406069456616856 0.0017148417914204671 0.083356743499357761 -0.025317208053916809 0.0195077544293683 -0.0014355849538712708 0.69730075157748139 -0.0042788533836315007
-0.0021394266918155682 0.36036952292623853 -0.00071779247693565078 0.010401040881267717 7.0119015262161432e-05 -0.0013458347540482435 -0.0035530038812750129 0.014450252629847967 -8.7944084833228289e-05 0.0024908353760822793 0.011820820697312445 -0.10400941933126948 0.033826017716221804 -0.015184027743858023 -0.10979694325982686 0.05016856798058298 -9.3901789351228282e-05 8.6223444678302594e-05 0.005139086100182772 -0.0011309473014213698 -0.022989569249531241 0.27865965231612178 0.062528624632143537 0.92115358499569433 -0.00010037380009884174 0.0016062871933865085 0.0085013812813162781 -0.071822712736137551 0.0017148417914204666 -0.010913700452022685 -0.025317208053916813 0.093320047036454037 -0.0014355849538712638 0.020802081762535823 -0.0042788533836314868 0.7207390458524755
-0.011366355325343129 0.008501381281316174 -0.0086462767268048885 0.007214214758656053 0.004792792168818668 -0.011506231212748349 -0.0023265181356021624 0.0039725048540734031 0.064411360947896304 0.0046367302282158268 -0.0002111955063262956 -0.0012516692863757347 0.0028891527048623463 -0.013613924236849474 -0.00080103707927100002 0.0032631476689478772 -0.0033392379904807843 -0.090004680165230083 0.00088989154721792957 0.0018862336292332902 0.00017629015305151461 -0.00014561659992823071 0.00036111102364175295 -0.00010037380009884174 0.61196588707315991 0.032453627177576536 -0.0075489965077632972 -0.0087098329676474056 0.0224047285066311 -0.0091409978868144046 -0.0037573633141752133 0.0020103398337570368 0.005847880205310566 -0.0048833397906202008 0.0073341759312696344 -0.0059492167108197826
0.081282683262549837 -0.071822712736137606 -0.011366355325343124 0.0085013812813161706 0.005673669167105602 -0.0081205798585761678 -0.00055972373124665473 0.002756716865135009 0.0046367302282158285 0.033210015462937809 -0.0012516692863757345 0.0062915929954883223 -0.052595112517246426 0.076775070708109364 0.017250223335425217 -0.016593668431930123 -0.037193566738559121 -0.003339237990480783 -0.010944588860836716 0.00088989154721792957 0.00036111102364175317 -0.00010037380009884174 -0.0016112102449016349 0.0016062871933865085 0.032453627177576536 0.28059905261994267 -0.0087098329676474056 0.068350579178813792 0.060423368121757103 -0.070358963110648876 -0.01022200961809339 0.022889471682010189 0.0073341759312696344 -0.0059492167108197835 -0.055101145672967901 0.048189416636397843
0.00036111102364177642 -0.00010037380009881391 0.0001762901530517002 -0.00014561659992818211 -0.0023265181356021615 0.0039725048540734048 0.0047927921688186029 -0.011506231212748389 -0.00021119550632629869 -0.0012516692863757341 0.064411360947896276 0.0046367302282158285 -0.00080103707927100046 0.0032631476689478777 0.0028891527048623632 -0.013613924236849397 0.00088989154721792947 0.0018862336292332898 -0.0033392379904807644 -0.090004680165230125 -0.008646276726804198 0.0072142147586562325 -0.011366355325343046 0.0085013812813162781 -0.0075489965077632972 -0.0087098329676474056 0.61196588707315991 0.032453627177576466 -0.003757363314175215 0.0020103398337570372 0.022404728506631087 -0.0091409978868143699 -0.0058478802053097802 0.0048833397906203066 -0.0073341759312697844 0.0059492167108196638
-0.0016112102449014334 0.0016062871933865287 0.00036111102364177626 -0.00010037380009881408 -0.00055972373124665463 0.002756716865135009 0.0056736691671056081 -0.0081205798585761574 -0.0012516692863757343 0.0062915929954883241 0.0046367302282158294 0.033210015462937711 0.017250223335425221 -0.016593668431930123 -0.052595112517246481 0.076775070708109017 -0.010944588860836716 0.00088989154721792936 -0.037193566738559218 -0.0033392379904807644 -0.011366355325343046 0.0085013812813162781 0.081282683262550531 -0.071822712736137551 -0.0087098329676474056 0.068350579178813792 0.032453627177576466 0.28059905261994256 -0.010222009618093393 0.022889471682010189 0.060423368121757005 -0.07035896311064882 -0.0073341759312697853 0.005949216710819662 0.055101145672969379 -0.048189416636397822
0.083356743499356997 -0.025317208053916407 0.013615596505258735 -0.0048275292015011418 -0.042264496055497688 -0.0095875637473125368 -0.02574058448728913 0.0036589450889818803 -0.00075133852387646363 0.003251961948622247 -9.6396531427385635e-06 -0.0020785711498992471 -0.022173086510737995 0.28152163221004106 0.0072373972880041479 -0.027401983787043536 -0.092258724587783031 -0.02760261613641667 0.018792326293334608 0.0044499485080442521 -0.0043965880996471324 0.00105674476204489 -0.0010406069456616856 0.0017148417914204666 0.0224047285066311 0.060423368121757103 -0.003757363314175215 -0.010222009618093393 1.4908374292275237 -0.070225521630430651 -0.14771170408103987 0.026266829308224195 0.0020443936509821027 0.00064691626998226244 -0.05817838034875962 0.013848447700155878
-0.0253172080539164 0.093320047036454454 -0.004827529201501141 0.019768034877228328 -0.0095875637473125403 -0.046818163952583661 0.0036589450889818811 -0.033015513599532406 -0.018742098272349152 -0.10146248063134768 0.0039753901860775107 0.030372895445008277 0.39054365355352727 -0.022173086510737995 -0.064354605262045422 0.007237397288004147 0.00078582294941604051 0.0016228300823219726 0.0010244330021844917 -0.00013679717227519571 0.00105674476204489 -0.0029235334182009945 0.0017148417914204671 -0.010913700452022685 -0.0091409978868144046 -0.070358963110648876 0.0020103398337570372 0.022889471682010189 -0.070225521630430651 1.7168541906530017 0.026266829308224195 -0.1763994689875161 0.00064691626998226255 -0.0064839640597739645 0.013848447700155878 -0.038498231661888455
-0.0010406069456614909 0.0017148417914203563 -0.0043965880996470093 0.0010567447620449008 -0.02574058448728913 0.0036589450889818807 -0.042264496055497515 -0.0095875637473125958 -9.6396531427389904e-06 -0.0020785711498992479 -0.00075133852387645908 0.0032519619486222214 0.0072373972880041436 -0.027401983787043525 -0.02217308651073828 0.28152163221004239 0.018792326293334601 0.0044499485080442495 -0.092258724587783031 -0.027602616136416718 0.013615596505259195 -0.0048275292015010985 0.083356743499357761 -0.025317208053916813 -0.0037573633141752133 -0.01022200961809339 0.022404728506631087 0.060423368121757005 -0.14771170408103987 0.026266829308224195 1.4908374292275253 -0.070225521630431068 -0.00204439365098127 -0.00064691626998232359 0.05817838034876012 -0.013848447700156023
0.0017148417914203563 -0.010913700452022775 0.0010567447620449008 -0.0029235334182009238 0.0036589450889818798 -0.033015513599532406 -0.0095875637473125993 -0.046818163952583425 0.0039753901860775098 0.030372895445008281 -0.018742098272349132 -0.10146248063134752 -0.064354605262045436 0.0072373972880041427 0.39054365355352794 -0.022173086510738287 0.0010244330021844917 -0.00013679717227519576 0.00078582294941604127 0.001622830082321988 -0.0048275292015010976 0.019768034877228592 -0.025317208053916809 0.093320047036454037 0.0020103398337570368 0.022889471682010189 -0.0091409978868143699 -0.07035896311064882 0.026266829308224195 -0.1763994689875161 -0.070225521630431068 1.7168541906530037 -0.00064691626998232392 0.0064839640597746367 -0.013848447700156018 0.038498231661888378
-0.019507754429369761 0.0014355849538713399 -0.55738232432340262 0.002088165454367102 -0.0040548410811776991 2.4770695448356287e-05 0.0040548410811767702 -2.4770695448249385e-05 -0.00010258622033318869 -0.00017672649788852261 0.00010258622033291876 0.00017672649788857552 0.0011412543172253742 -0.0050145180143537178 -0.0011412543172253113 0.00501451801435267 -0.011283384002583961 -0.0089390765587519464 0.011283384002584123 0.0089390765587507512 0.55738232432340162 -0.002088165454367004 0.0195077544293683 -0.0014355849538712638 0.005847880205310566 0.0073341759312696344 -0.0058478802053097802 -0.0073341759312697853 0.0020443936509821027 0.00064691626998226255 -0.00204439365098127 -0.00064691626998232392 4.6158469869988847 -0.016588108882366007 -0.2400911067440856 0.01623098164434349
0.0014355849538713399 -0.020802081762535032 0.0020881654543670951 -0.46374973975347461 2.4770695448356436e-05 0.0038903366648775414 -2.4770695448249344e-05 -0.0038903366648787943 -0.0069467025775805701 -0.0084131736296050395 0.0069467025775811113 0.0084131736296048643 -0.0026335904531619219 0.0011412543172253751 0.0026335904531616097 -0.0011412543172253109 0.00059234405365861148 0.00043126877894246164 -0.000592344053658649 -0.00043126877894226633 -0.0020881654543670079 0.46374973975347461 -0.0014355849538712708 0.020802081762535823 -0.0048833397906202008 -0.0059492167108197835 0.0048833397906203066 0.005949216710819662 0.00064691626998226244 -0.0064839640597739645 -0.00064691626998232359 0.0064839640597746367 -0.016588108882366007 3.9081475019129304 0.016230981644343518 -0.17741323887031801
-0.69730075157747606 0.0042788533836307843 -0.019507754429369775 0.0014355849538713365 -0.0099350411919991166 0.0024094106483097837 0.0099350411919993126 -0.0024094106483098271 -0.00017672649788852282 0.00032520335064718266 0.00017672649788857541 -0.00032520335064772378 0.0047575945549955126 -0.022418483579970651 -0.0047575945549958023 0.022418483579974269 0.08363157341606621 -0.01128338400258396 -0.083631573416068528 0.011283384002584121 0.019507754429368286 -0.0014355849538712656 0.69730075157748139 -0.0042788533836314868 0.0073341759312696344 -0.055101145672967901 -0.0073341759312697844 0.055101145672969379 -0.05817838034875962 0.013848447700155878 0.05817838034876012 -0.013848447700156018 -0.2400911067440856 0.016230981644343518 6.3476647523348015 -0.099732633848510915
0.0042788533836307843 -0.72073904585247905 0.0014355849538713356 -0.020802081762535053 0.0024094106483097837 -0.0069014301806026405 -0.0024094106483098262 0.0069014301806028366 -0.0084131736296050377 0.069335090615479711 0.0084131736296048643 -0.069335090615478573 -0.012037458036492142 0.0047575945549955109 0.012037458036492799 -0.0047575945549958015 -0.0035055276703754232 0.00059234405365861127 0.0035055276703757844 -0.00059234405365864834 -0.0014355849538712647 0.020802081762535833 -0.0042788533836315007 0.7207390458524755 -0.0059492167108197826 0.048189416636397843 0.0059492167108196638 -0.048189416636397822 0.013848447700155878 -0.038498231661888455 -0.013848447700156023 0.038498231661888378 0.01623098164434349 -0.17741323887031801 -0.099732633848510915 5.4721826398079649
D667RT mesh=d667_curved_hex.mesh INTEG=mass RULE=o4 NPT=27 n=36
5.1855977238591748 -0.2892708155377911 -0.59039812032501571 0.042810426429104501 0.093841555432065668 -0.025758106848604734 -0.0018053131892738733 0.00049553153515430673 -0.00082862057597955937 0.0053343736176260405 1.5940908564797114e-05 -0.00010262207402767995 -0.2020559563105051 0.74344131581145767 0.0038871295474511604 -0.01430223962833968 -0.097060157435140557 0.011805645960504773 0.0018672322891919411 -0.00022711567665600926 -0.14759953008125301 0.010702606607275608 1.2963994309647873 -0.072317703884444251 -0.0084228443576561847 0.068263020701844562 0.00016203772348053454 -0.0013132362421464055 0.43306650691959481 -0.11753189964126691 -0.0083312842927105168 0.0022610653415312291 0.29519906016250846 -0.021405213214552597 -2.5927988619295901 0.14463540776889799
-0.2892708155377911 6.059779879556153 0.042810426429104528 -0.70958640225723602 -0.025758106848604738 0.086465192508166727 0.00049553153515430695 -0.0016634075568058935 0.015994587201397903 -0.1212056819604065 -0.00030770205266466254 0.0023317411486917551 0.67095037836207083 -0.2020559563105051 -0.012907667203815143 0.0038871295474511621 -0.0011354001797448405 0.00029380284665917974 2.1842699752395566e-05 -5.6521458076724471e-06 0.010702606607275605 -0.17739660056430623 -0.072317703884444209 1.5149449698890194 0.010467189569825853 -0.080046854520440927 -0.00020136660457132955 0.0015399322992929159 -0.11753189964126691 0.38965679056926933 0.0022610653415312326 -0.0074961730980061744 -0.021405213214552611 0.35479320112861978 0.14463540776889805 -3.0298899397780885
-0.59039812032501571 0.042810426429104528 1.1985704483309803 -0.011247707556543375 -0.0096830620358355612 0.0043964823564030496 0.00018628164809703017 -8.4579028425992616e-05 0.00046597041423084804 -0.00082862057597955958 -8.9642859258704343e-06 1.5940908564797223e-05 0.029560657367629205 -0.10795751341230833 -0.00056868457032373948 0.0020768743862684762 0.011805645960504773 0.014420635711605741 -0.00022711567665600839 -0.00027742255259928739 0.29964261208274551 -0.0028119268891357856 -0.14759953008125298 0.010702606607275608 -0.0093031101982496006 -0.0084228443576561864 0.00017897217778227144 0.00016203772348053432 -0.065516300917648526 0.016776116674150771 0.001260395158780959 -0.00032273702793183092 -0.59928522416549013 0.0056238537782717004 0.29519906016250846 -0.021405213214552611
0.042810426429104501 -0.70958640225723602 -0.011247707556543375 1.0228991852616827 0.0043964823564030496 -0.021092314458986593 -8.4579028425992454e-05 0.00040577155088511755 0.0092435715506201943 0.015994587201397899 -0.00017782678003879507 -0.0003077020526646621 -0.098967088161095146 0.029560657367629202 0.0019039176059972504 -0.00056868457032373991 0.00029380284665917882 -0.00092121974686933637 -5.6521458076724471e-06 1.7722320901266894e-05 -0.002811926889135786 0.25572479631542078 0.010702606607275601 -0.17739660056430623 0.0067765275316600147 0.010467189569825851 -0.00013036606729338081 -0.0002013666045713289 0.016776116674150767 -0.05191651580140573 -0.00032273702793183135 0.00099876403674141554 0.0056238537782717056 -0.51144959263084167 -0.021405213214552583 0.35479320112861973
0.093841555432065668 -0.025758106848604738 -0.0096830620358355612 0.0043964823564030496 0.25103022372514489 -0.003470608925566194 -0.00031860162757925279 0.0009783539947576898 0.0004143157787132554 0.0011124559208655776 -0.00010251369185974655 -0.00041873574780096313 -0.022033601537478423 0.24041999507297826 0.0062836841152829163 -0.049373145617006509 -0.0067177904286315629 -0.011293422389459688 0.0010003942373130311 0.0045506104867759764 0.00018628164809648777 -8.4579028425900405e-05 -0.0018053131892737358 0.00049553153515409227 0.00469238920201436 0.0034498408079438729 -0.002230017095680928 -9.6951310793192872e-05 -0.0070734857681111051 -0.0123753284079415 -0.032703029326284834 0.003536886747016819 0.0065795624559558119 -0.0029873742565526438 -0.063764579080892919 0.01750242558917255
-0.025758106848604734 0.086465192508166727 0.0043964823564030496 -0.021092314458986593 -0.003470608925566194 0.31348151496661286 0.00097835399475768871 -0.0063494889190019426 -0.012665727868654083 -0.013565033243764403 0.0046548600513300559 0.0037824851208892443 0.30252429562013478 -0.022033601537478416 -0.063705205174434204 0.0062836841152829155 -0.00072225726182907656 4.6607633794313902e-05 0.00032672325772327193 -7.4580105226183297e-05 -8.4579028425900405e-05 0.00040577155088461535 0.00049553153515409162 -0.0016634075568053228 -0.011587659911733196 -0.010332174079677776 0.0040250257944470461 0.003152976588060118 -0.012375328407941496 -0.0073048128976521192 0.0035368867470168181 -0.038237144170288173 -0.0029873742565526438 0.014332057339915123 0.017502425589172546 -0.058752400043314661
-0.0018053131892738733 0.00049553153515430695 0.00018628164809703017 -8.4579028425992454e-05 -0.00031860162757925279 0.00097835399475768871 0.25103022372514405 -0.0034706089255660665 -0.00010251369185974668 -0.00041873574780096291 0.00041431577871323095 0.0011124559208655269 0.0062836841152829155 -0.049373145617006509 -0.022033601537477042 0.24041999507297515 0.0010003942373130316 0.0045506104867759746 -0.0067177904286314562 -0.011293422389459693 -0.0096830620358335385 0.0043964823564027044 0.093841555432065127 -0.02575810684860393 -0.0022300170956809267 -9.6951310793192953e-05 0.0046923892020143852 0.0034498408079437892 -0.032703029326284841 0.003536886747016819 -0.0070734857681126048 -0.012375328407940657 -0.0065795624559525949 0.002987374256552453 0.063764579080892683 -0.017502425589172158
0.00049553153515430673 -0.0016634075568058935 -8.4579028425992616e-05 0.00040577155088511755 0.0009783539947576898 -0.0063494889190019426 -0.0034706089255660665 0.31348151496661159 0.0046548600513300602 0.0037824851208892434 -0.012665727868653916 -0.013565033243763961 -0.063705205174434204 0.0062836841152829155 0.30252429562012723 -0.022033601537477038 0.00032672325772327199 -7.4580105226183121e-05 -0.0007222572618290359 4.6607633794336291e-05 0.0043964823564027044 -0.021092314458984712 -0.025758106848603926 0.08646519250816459 0.004025025794447047 0.0031529765880601171 -0.011587659911733061 -0.010332174079677481 0.0035368867470168181 -0.038237144170288173 -0.012375328407940653 -0.0073048128976561932 0.0029873742565524534 -0.014332057339912229 -0.017502425589172158 0.058752400043313668
-0.00082862057597955937 0.015994587201397903 0.00046597041423084804 0.0092435715506201943 0.0004143157787132554 -0.012665727868654083 -0.00010251369185974668 0.0046548600513300602 0.13581878453888324 0.0087472709730527527 -0.00087049053871825883 -0.0023476277884362635 0.016188569476240741 -0.0013017276204808988 -0.0045605903259101979 0.0004877637791213537 0.0019398914312973427 0.038773297735096836 -0.00051817240555487095 -0.00053071241921649162 -8.9642859258905056e-06 -0.00017782678003912646 1.5940908564766377e-05 -0.00030770205266425835 0.064696991202524243 0.0045382530278369367 -0.00022651874633451604 -0.0012196369219209277 -0.0014986241227933361 -0.0157769227715591 0.00029441487095394775 0.0027992363034471581 -0.0003166231334378429 -0.0062809322204387978 0.00056304098969621767 -0.010868192836041386
0.0053343736176260405 -0.1212056819604065 -0.00082862057597955958 0.015994587201397899 0.0011124559208655776 -0.013565033243764403 -0.00041873574780096291 0.0037824851208892434 0.0087472709730527527 0.068012574807495674 -0.0023476277884362635 0.013802633482263484 -0.12370768492793281 0.0094241714138148594 0.035791641510165985 -0.0034856159833709832 0.017774691124641022 0.0019398914312973429 0.0043189136462346038 -0.00051817240555487127 1.594090856476654e-05 -0.00030770205266425791 -0.00010262207402750561 0.0023317411486886049 0.0045382530278369393 0.033491922455236425 -0.0012196369219209273 0.0063224798906859215 0.0051865484719689518 -0.10844155545760123 -0.0021436902667467989 0.030282307481125155 0.00056304098969621745 -0.010868192836041382 -0.0036246637944356563 0.082358282072730868
1.5940908564797114e-05 -0.00030770205266466254 -8.9642859258704343e-06 -0.00017782678003879507 -0.00010251369185974655 0.0046548600513300559 0.00041431577871323095 -0.012665727868653916 -0.00087049053871825883 -0.0023476277884362635 0.13581878453888285 0.0087472709730527561 -0.0045605903259101979 0.0004877637791213537 0.016188569476240217 -0.0013017276204808392 -0.00051817240555487106 -0.00053071241921649206 0.0019398914312973383 0.038773297735096746 0.00046597041423092339 0.0092435715506214277 -0.00082862057597944531 0.01599458720139639 -0.00022651874633451344 -0.0012196369219209281 0.064696991202524062 0.0045382530278369453 0.00029441487095394742 0.002799236303447159 -0.0014986241227932552 -0.015776922771559558 0.00031662313343784523 0.0062809322204408942 -0.00056304098969616107 0.010868192836040756
-0.00010262207402767995 0.0023317411486917551 1.5940908564797223e-05 -0.0003077020526646621 -0.00041873574780096313 0.0037824851208892443 0.0011124559208655269 -0.013565033243763961 -0.0023476277884362635 0.013802633482263484 0.0087472709730527561 0.068012574807495216 0.035791641510165985 -0.0034856159833709832 -0.12370768492792902 0.0094241714138144257 0.0043189136462346038 -0.00051817240555487138 0.017774691124640928 0.0019398914312973381 -0.00082862057597944596 0.01599458720139639 0.00533437361762539 -0.12120568196039473 -0.0012196369219209277 0.0063224798906859215 0.0045382530278369453 0.033491922455236189 -0.0021436902667467993 0.030282307481125155 0.0051865484719687211 -0.10844155545759901 -0.00056304098969616194 0.010868192836040753 0.0036246637944354213 -0.08235828207272354
-0.2020559563105051 0.67095037836207083 0.029560657367629205 -0.098967088161095146 -0.022033601537478423 0.30252429562013478 0.0062836841152829155 -0.063705205174434204 0.016188569476240741 -0.12370768492793281 -0.0045605903259101979 0.035791641510165985 2.1067128499944658 -0.17279820337426119 -0.50329215247647174 0.04929111892750565 -0.0057541791592696833 0.00083205887483754463 0.0025412116688153319 -0.00037417603569912577 -0.00056868457032349467 0.0019039176059966086 0.0038871295474495297 -0.012907667203811132 0.012410897310718269 -0.096465957860857363 -0.0038075886673763363 0.030002208977134529 -0.10050973455785517 1.2027923695828868 0.028671623208148481 -0.29305796486802493 -0.020086227958635124 0.067247337178061084 0.13729539057196974 -0.4559053637105866
0.74344131581145767 -0.2020559563105051 -0.10795751341230833 0.029560657367629202 0.24041999507297826 -0.022033601537478416 -0.049373145617006509 0.0062836841152829155 -0.0013017276204808988 0.0094241714138148594 0.0004877637791213537 -0.0034856159833709832 -0.17279820337426119 1.6723297368586814 0.049291118927505637 -0.39466656330847277 -0.06706130941408911 0.0082251698632079852 0.013299214503745603 -0.0013437871439336594 0.0020768743862683353 -0.00056868457032349467 -0.014302239628339139 0.0038871295474495367 -0.004178041412676449 0.033160033203520713 0.0002043881414677209 -0.0033546312418436374 0.95460649452380186 -0.10050973455785517 -0.23019561179431083 0.028671623208148488 0.07335625853238438 -0.020086227958635124 -0.50516237029319666 0.13729539057196971
0.0038871295474511604 -0.012907667203815143 -0.00056868457032373948 0.0019039176059972504 0.0062836841152829163 -0.063705205174434204 -0.022033601537477042 0.30252429562012723 -0.0045605903259101979 0.035791641510165985 0.016188569476240217 -0.12370768492792902 -0.50329215247647174 0.049291118927505637 2.1067128499944068 -0.1727982033742502 0.0025412116688153324 -0.00037417603569912583 -0.0057541791592693355 0.00083205887483749725 0.029560657367628272 -0.098967088161092717 -0.20205595631049897 0.67095037836205573 -0.0038075886673763363 0.030002208977134529 0.012410897310717921 -0.096465957860854837 0.028671623208148478 -0.29305796486802493 -0.10050973455784878 1.2027923695828526 0.020086227958634677 -0.067247337178060029 -0.13729539057196677 0.45590536371058177
-0.01430223962833968 0.0038871295474511621 0.0020768743862684762 -0.00056868457032373991 -0.049373145617006509 0.0062836841152829155 0.24041999507297515 -0.022033601537477038 0.0004877637791213537 -0.0034856159833709832 -0.0013017276204808392 0.0094241714138144257 0.04929111892750565 -0.39466656330847277 -0.1727982033742502 1.6723297368586574 0.013299214503745608 -0.0013437871439336596 -0.067061309414088263 0.0082251698632078585 -0.10795751341230776 0.029560657367628276 0.74344131581145578 -0.202055956310499 0.00020438814146772074 -0.0033546312418436365 -0.0041780414126763536 0.033160033203520081 -0.23019561179431081 0.028671623208148485 0.95460649452378799 -0.10050973455784878 -0.073356258532384228 0.020086227958634677 0.50516237029319822 -0.1372953905719668
-0.097060157435140557 -0.0011354001797448405 0.011805645960504773 0.00029380284665917882 -0.0067177904286315629 -0.00072225726182907656 0.0010003942373130316 0.00032672325772327199 0.0019398914312973427 0.017774691124641022 -0.00051817240555487106 0.0043189136462346038 -0.0057541791592696833 -0.06706130941408911 0.0025412116688153324 0.013299214503745608 0.074184954189632557 0.006771860477325994 0.020748675687613353 -0.0017977514560027078 -0.00022711567665578778 -5.652145807653853e-06 0.0018672322891897148 2.1842699752324009e-05 -0.0032213126973524302 -0.037606842043327676 0.00085305270029855545 -0.010953174694252497 -0.083510142486505609 -0.0014938034998029416 0.01772861461687595 0.0012200615982571237 -0.0080218410914403137 -0.00019963666164455747 0.065951593149554746 0.0007714952529980294
0.011805645960504773 0.00029380284665917974 0.014420635711605741 -0.00092121974686933637 -0.011293422389459688 4.6607633794313902e-05 0.0045506104867759746 -7.4580105226183121e-05 0.038773297735096836 0.0019398914312973429 -0.00053071241921649206 -0.00051817240555487138 0.00083205887483754463 0.0082251698632079852 -0.00037417603569912583 -0.0013437871439336596 0.006771860477325994 0.17436759734189153 -0.0017977514560027087 -0.0033752088150136774 -0.00027742255259982949 1.772232090130371e-05 -0.00022711567665578821 -5.6521458076540156e-06 -0.090396199737863087 -0.0032213126973524302 0.0018963309305314547 0.0008530527002985561 -0.030268734994422133 0.0023844452591862825 0.0055998026854478062 -0.00045599462945287723 -0.0097987055094696553 0.00062596137851374852 -0.0080218410914403154 -0.00019963666164455766
0.0018672322891919411 2.1842699752395566e-05 -0.00022711567665600839 -5.6521458076724471e-06 0.0010003942373130311 0.00032672325772327193 -0.0067177904286314562 -0.0007222572618290359 -0.00051817240555487095 0.0043189136462346038 0.0019398914312973383 0.017774691124640928 0.0025412116688153319 0.013299214503745603 -0.0057541791592693355 -0.067061309414088263 0.020748675687613353 -0.0017977514560027087 0.074184954189632238 0.0067718604773259489 0.011805645960503951 0.0002938028466591084 -0.097060157435132216 -0.0011354001797445733 0.00085305270029855675 -0.010953174694252497 -0.0032213126973524094 -0.037606842043327537 0.017728614616875946 0.0012200615982571241 -0.083510142486504915 -0.0014938034998027618 0.0080218410914400344 0.00019963666164451912 -0.06595159314954821 -0.00077149525299806052
-0.00022711567665600926 -5.6521458076724471e-06 -0.00027742255259928739 1.7722320901266894e-05 0.0045506104867759764 -7.4580105226183297e-05 -0.011293422389459693 4.6607633794336291e-05 -0.00053071241921649162 -0.00051817240555487127 0.038773297735096746 0.0019398914312973381 -0.00037417603569912577 -0.0013437871439336594 0.00083205887483749725 0.0082251698632078585 -0.0017977514560027078 -0.0033752088150136774 0.0067718604773259489 0.17436759734189111 0.014420635711607763 -0.00092121974686947287 0.011805645960503949 0.0002938028466591097 0.0018963309305314547 0.0008530527002985561 -0.090396199737862892 -0.0032213126973524094 0.0055998026854478054 -0.00045599462945287642 -0.030268734994422009 0.0023844452591862087 0.0097987055094720926 -0.00062596137851383764 0.0080218410914400344 0.00019963666164451977
-0.14759953008125301 0.010702606607275605 0.29964261208274551 -0.002811926889135786 0.00018628164809648777 -8.4579028425900405e-05 -0.0096830620358335385 0.0043964823564027044 -8.9642859258905056e-06 1.594090856476654e-05 0.00046597041423092339 -0.00082862057597944596 -0.00056868457032349467 0.0020768743862683353 0.029560657367628272 -0.10795751341230776 -0.00022711567665578778 -0.00027742255259982949 0.011805645960503951 0.014420635711607763 1.1985704483309838 -0.011247707556542972 -0.59039812032500827 0.042810426429100351 0.00017897217778261931 0.00016203772348037074 -0.0093031101982508965 -0.0084228443576555741 0.0012603951587812294 -0.0003227370279317303 -0.065516300917649511 0.016776116674150392 0.59928522416549213 -0.0056238537782714541 -0.29519906016250358 0.021405213214549801
0.010702606607275608 -0.17739660056430623 -0.0028119268891357856 0.25572479631542078 -8.4579028425900405e-05 0.00040577155088461535 0.0043964823564027044 -0.021092314458984712 -0.00017782678003912646 -0.00030770205266425791 0.0092435715506214277 0.01599458720139639 0.0019039176059966086 -0.00056868457032349467 -0.098967088161092717 0.029560657367628276 -5.652145807653853e-06 1.772232090130371e-05 0.0002938028466591084 -0.00092121974686947287 -0.011247707556542972 1.0228991852616833 0.042810426429100296 -0.70958640225721403 -0.00013036606729362703 -0.00020136660457106717 0.0067765275316609298 0.010467189569824873 -0.00032273702793173009 0.00099876403674133748 0.016776116674150392 -0.051916515801405383 -0.0056238537782714471 0.51144959263084155 0.021405213214549794 -0.35479320112860518
1.2963994309647873 -0.072317703884444209 -0.14759953008125298 0.010702606607275601 -0.0018053131892737358 0.00049553153515409162 0.093841555432065127 -0.025758106848603926 1.5940908564766377e-05 -0.00010262207402750561 -0.00082862057597944531 0.00533437361762539 0.0038871295474495297 -0.014302239628339139 -0.20205595631049897 0.74344131581145578 0.0018672322891897148 -0.00022711567665578821 -0.097060157435132216 0.011805645960503949 -0.59039812032500827 0.042810426429100296 5.1855977238591251 -0.28927081553776235 0.00016203772348037117 -0.0013132362421448302 -0.0084228443576555706 0.068263020701838678 -0.0083312842927102844 0.0022610653415302932 0.43306650691959364 -0.11753189964126334 -0.29519906016250347 0.021405213214549787 2.592798861929559 -0.14463540776887879
-0.072317703884444251 1.5149449698890194 0.010702606607275608 -0.17739660056430623 0.00049553153515409227 -0.0016634075568053228 -0.02575810684860393 0.08646519250816459 -0.00030770205266425835 0.0023317411486886049 0.01599458720139639 -0.12120568196039473 -0.012907667203811132 0.0038871295474495367 0.67095037836205573 -0.202055956310499 2.1842699752324009e-05 -5.6521458076540156e-06 -0.0011354001797445733 0.0002938028466591097 0.042810426429100351 -0.70958640225721403 -0.28927081553776235 6.0597798795560047 -0.00020136660457106782 0.0015399322992908325 0.010467189569824875 -0.080046854520433142 0.0022610653415302932 -0.0074961730980038568 -0.11753189964126334 0.38965679056926056 0.021405213214549801 -0.35479320112860518 -0.14463540776887879 3.0298899397779904
-0.0084228443576561847 0.010467189569825853 -0.0093031101982496006 0.0067765275316600147 0.00469238920201436 -0.011587659911733196 -0.0022300170956809267 0.004025025794447047 0.064696991202524243 0.0045382530278369393 -0.00022651874633451344 -0.0012196369219209277 0.012410897310718269 -0.004178041412676449 -0.0038075886673763363 0.00020438814146772074 -0.0032213126973524302 -0.090396199737863087 0.00085305270029855675 0.0018963309305314547 0.00017897217778261931 -0.00013036606729362703 0.00016203772348037117 -0.00020136660457106782 0.61082137702484962 0.032192227694355521 -0.0072905027144366478 -0.0086058075969297366 0.024982417725169136 -0.0063052348764136481 -0.0047960662078704759 0.00091101295705879105 0.0063213882506876684 -0.0046045957326352376 0.0057232547207576572 -0.0071123707829312465
0.068263020701844562 -0.080046854520440927 -0.0084228443576561864 0.010467189569825851 0.0034498408079438729 -0.010332174079677776 -9.6951310793192953e-05 0.0031529765880601171 0.0045382530278369367 0.033491922455236425 -0.0012196369219209281 0.0063224798906859215 -0.096465957860857363 0.033160033203520713 0.030002208977134529 -0.0033546312418436365 -0.037606842043327676 -0.0032213126973524302 -0.010953174694252497 0.0008530527002985561 0.00016203772348037074 -0.00020136660457106717 -0.0013132362421448302 0.0015399322992908325 0.032192227694355521 0.28209713604546699 -0.0086058075969297401 0.067960474261302209 0.050702833065347556 -0.079726795545500981 -0.0085907896533365391 0.024032244190990648 0.0057232547207576581 -0.0071123707829312457 -0.046384171295993717 0.054391191213155075
0.00016203772348053454 -0.00020136660457132955 0.00017897217778227144 -0.00013036606729338081 -0.002230017095680928 0.0040250257944470461 0.0046923892020143852 -0.011587659911733061 -0.00022651874633451604 -0.0012196369219209273 0.064696991202524062 0.0045382530278369453 -0.0038075886673763363 0.0002043881414677209 0.012410897310717921 -0.0041780414126763536 0.00085305270029855545 0.0018963309305314547 -0.0032213126973524094 -0.090396199737862892 -0.0093031101982508965 0.0067765275316609298 -0.0084228443576555706 0.010467189569824875 -0.0072905027144366478 -0.0086058075969297401 0.61082137702484818 0.03219222769435541 -0.0047960662078704742 0.00091101295705879018 0.024982417725169011 -0.0063052348764139864 -0.0063213882506892522 0.0046045957326367329 -0.0057232547207574473 0.007112370782930838
-0.0013132362421464055 0.0015399322992929159 0.00016203772348053432 -0.0002013666045713289 -9.6951310793192872e-05 0.003152976588060118 0.0034498408079437892 -0.010332174079677481 -0.0012196369219209277 0.0063224798906859215 0.0045382530278369453 0.033491922455236189 0.030002208977134529 -0.0033546312418436374 -0.096465957860854837 0.033160033203520081 -0.010953174694252497 0.0008530527002985561 -0.037606842043327537 -0.0032213126973524094 -0.0084228443576555741 0.010467189569824873 0.068263020701838678 -0.080046854520433142 -0.0086058075969297366 0.067960474261302209 0.03219222769435541 0.28209713604546643 -0.0085907896533365374 0.024032244190990655 0.05070283306534705 -0.079726795545499524 -0.0057232547207574473 0.0071123707829308363 0.04638417129598927 -0.054391191213150128
0.43306650691959481 -0.11753189964126691 -0.065516300917648526 0.016776116674150767 -0.0070734857681111051 -0.012375328407941496 -0.032703029326284841 0.0035368867470168181 -0.0014986241227933361 0.0051865484719689518 0.00029441487095394742 -0.0021436902667467993 -0.10050973455785517 0.95460649452380186 0.028671623208148478 -0.23019561179431081 -0.083510142486505609 -0.030268734994422133 0.017728614616875946 0.0055998026854478054 0.0012603951587812294 -0.00032273702793173009 -0.0083312842927102844 0.0022610653415302932 0.024982417725169136 0.050702833065347556 -0.0047960662078704742 -0.0085907896533365374 1.6273030576667959 -0.076879603536218546 -0.16210070615362138 0.021804487295222406 0.044517797384285719 -0.01139923580138831 -0.29426519414153574 0.079861976655198091
-0.11753189964126691 0.38965679056926933 0.016776116674150771 -0.05191651580140573 -0.0123753284079415 -0.0073048128976521192 0.003536886747016819 -0.038237144170288173 -0.0157769227715591 -0.10844155545760123 0.002799236303447159 0.030282307481125155 1.2027923695828868 -0.10050973455785517 -0.29305796486802493 0.028671623208148485 -0.0014938034998029416 0.0023844452591862825 0.0012200615982571241 -0.00045599462945287642 -0.0003227370279317303 0.00099876403674133748 0.0022610653415302932 -0.0074961730980038568 -0.0063052348764136481 -0.079726795545500981 0.00091101295705879018 0.024032244190990655 -0.076879603536218546 1.8568848659423796 0.02180448729522242 -0.17477753687149639 -0.01139923580138831 0.035276853225430616 0.079861976655198078 -0.26476864244484793
-0.0083312842927105168 0.0022610653415312326 0.001260395158780959 -0.00032273702793183135 -0.032703029326284834 0.0035368867470168181 -0.0070734857681126048 -0.012375328407940653 0.00029441487095394775 -0.0021436902667467989 -0.0014986241227932552 0.0051865484719687211 0.028671623208148481 -0.23019561179431083 -0.10050973455784878 0.95460649452378799 0.01772861461687595 0.0055998026854478062 -0.083510142486504915 -0.030268734994422009 -0.065516300917649511 0.016776116674150392 0.43306650691959364 -0.11753189964126334 -0.0047960662078704759 -0.0085907896533365391 0.024982417725169011 0.05070283306534705 -0.16210070615362138 0.02180448729522242 1.6273030576667864 -0.076879603536214688 -0.044517797384287759 0.011399235801388161 0.29426519414153707 -0.079861976655196398
0.0022610653415312291 -0.0074961730980061744 -0.00032273702793183092 0.00099876403674141554 0.003536886747016819 -0.038237144170288173 -0.012375328407940657 -0.0073048128976561932 0.0027992363034471581 0.030282307481125155 -0.015776922771559558 -0.10844155545759901 -0.29305796486802493 0.028671623208148488 1.2027923695828526 -0.10050973455784878 0.0012200615982571237 -0.00045599462945287723 -0.0014938034998027618 0.0023844452591862087 0.016776116674150392 -0.051916515801405383 -0.11753189964126334 0.38965679056926056 0.00091101295705879105 0.024032244190990648 -0.0063052348764139864 -0.079726795545499524 0.021804487295222406 -0.17477753687149639 -0.076879603536214688 1.8568848659423582 0.011399235801388165 -0.035276853225431955 -0.079861976655196398 0.26476864244484527
0.29519906016250846 -0.021405213214552611 -0.59928522416549013 0.0056238537782717056 0.0065795624559558119 -0.0029873742565526438 -0.0065795624559525949 0.0029873742565524534 -0.0003166231334378429 0.00056304098969621745 0.00031662313343784523 -0.00056304098969616194 -0.020086227958635124 0.07335625853238438 0.020086227958634677 -0.073356258532384228 -0.0080218410914403137 -0.0097987055094696553 0.0080218410914400344 0.0097987055094720926 0.59928522416549213 -0.0056238537782714471 -0.29519906016250347 0.021405213214549801 0.0063213882506876684 0.0057232547207576581 -0.0063213882506892522 -0.0057232547207574473 0.044517797384285719 -0.01139923580138831 -0.044517797384287759 0.011399235801388165 4.6367068828572862 -0.016150282327703658 -0.4029806337007692 0.028739129455046544
-0.021405213214552597 0.35479320112861978 0.0056238537782717004 -0.51144959263084167 -0.0029873742565526438 0.014332057339915123 0.002987374256552453 -0.014332057339912229 -0.0062809322204387978 -0.010868192836041382 0.0062809322204408942 0.010868192836040753 0.067247337178061084 -0.020086227958635124 -0.067247337178060029 0.020086227958634677 -0.00019963666164455747 0.00062596137851374852 0.00019963666164451912 -0.00062596137851383764 -0.0056238537782714541 0.51144959263084155 0.021405213214549787 -0.35479320112860518 -0.0046045957326352376 -0.0071123707829312457 0.0046045957326367329 0.0071123707829308363 -0.01139923580138831 0.035276853225430616 0.011399235801388161 -0.035276853225431955 -0.016150282327703658 3.9643604229407226 0.028739129455046537 -0.47650714846403452
-2.5927988619295901 0.14463540776889805 0.29519906016250846 -0.021405213214552583 -0.063764579080892919 0.017502425589172546 0.063764579080892683 -0.017502425589172158 0.00056304098969621767 -0.0036246637944356563 -0.00056304098969616107 0.0036246637944354213 0.13729539057196974 -0.50516237029319666 -0.13729539057196677 0.50516237029319822 0.065951593149554746 -0.0080218410914403154 -0.06595159314954821 0.0080218410914400344 -0.29519906016250358 0.021405213214549794 2.592798861929559 -0.14463540776887879 0.0057232547207576572 -0.046384171295993717 -0.0057232547207574473 0.04638417129598927 -0.29426519414153574 0.079861976655198078 0.29426519414153707 -0.079861976655196398 -0.4029806337007692 0.028739129455046537 7.6219046467665263 -0.20515988564262769
0.14463540776889799 -3.0298899397780885 -0.021405213214552611 0.35479320112861973 0.01750242558917255 -0.058752400043314661 -0.017502425589172158 0.058752400043313668 -0.010868192836041386 0.082358282072730868 0.010868192836040756 -0.08235828207272354 -0.4559053637105866 0.13729539057196971 0.45590536371058177 -0.1372953905719668 0.0007714952529980294 -0.00019963666164455766 -0.00077149525299806052 0.00019963666164451977 0.021405213214549801 -0.35479320112860518 -0.14463540776887879 3.0298899397779904 -0.0071123707829312465 0.054391191213155075 0.007112370782930838 -0.054391191213150128 0.079861976655198091 -0.26476864244484793 -0.079861976655196398 0.26476864244484527 0.028739129455046544 -0.47650714846403452 -0.20515988564262769 7.5185436042761911
D667RT mesh=d667_curved_hex.mesh INTEG=divdiv RULE=default n=36
-104.96796285802709 0 0 0 7.4977116327162179 0 -0.53831147555476044 0 0 7.4977116327162179 0 -0.53831147555476044 0 -104.42965138247233 0 7.4977116327161921 -104.42965138247233 0 7.4977116327161921 0 0 0 14.995423265432411 0 0 -111.92736301518853 0 8.0360231082709532 111.92736301518853 0 -8.0360231082709532 0 0 0 -119.96338612345949 0
0 -95.299550699941037 0 0 0 6.807110764281501 0 -0.4887285640322207 0 -94.810822135908822 0 6.8071107642814903 -94.810822135908822 0 6.8071107642814903 0 6.807110764281501 0 -0.4887285640322207 0 0 0 0 13.614221528562991 0 101.6179329001903 0 -7.2958393283137095 0 101.6179329001903 0 -7.2958393283137095 0 0 0 -108.913772228504
0 0 -68.174687816556471 0 -67.825064790684735 0 4.8696205583254528 0 4.8696205583254608 0 -0.34962302587173882 0 0 4.8696205583254608 0 -0.34962302587173882 0 -67.825064790684735 0 4.8696205583254528 9.7392411166509127 0 0 0 -72.694685349010186 0 5.2192435841971907 0 -72.694685349010186 0 5.2192435841971907 0 -77.913928933207373 0 0 0
0 0 0 -57.641292271785851 0 -57.345688086938743 0 4.1172351622704166 -57.345688086938743 0 4.1172351622704166 0 4.1172351622704157 0 -0.2956041848471056 0 0 4.1172351622704157 0 -0.2956041848471056 0 8.2344703245408333 0 0 61.46292324920914 0 -4.4128393471175213 0 0 -61.46292324920914 0 4.4128393471175213 0 -65.875762596326666 0 0
7.4977116327162179 0 -67.825064790684735 0 -68.363376266239499 0 0 0 4.8696205583254608 -0.53831147555476222 0 0 0 12.36733219104168 0 0 7.4977116327162179 -67.825064790684735 0 0 4.8696205583254608 0 -0.53831147555476222 0 -72.694685349010186 8.0360231082709781 0 0 -80.730708457281168 0 0 0 -72.694685349010186 0 8.0360231082709781 0
0 6.807110764281501 0 -57.345688086938743 0 -57.834416650970965 0 0 -57.345688086938743 6.8071107642815001 0 0 10.924345926551915 0 0 0 -0.48872856403222142 4.1172351622704157 0 0 0 4.1172351622704157 0 -0.48872856403222142 61.46292324920914 -7.2958393283137202 0 0 0 -68.758762577522859 0 0 0 -61.46292324920914 0 7.2958393283137202
-0.53831147555476044 0 4.8696205583254528 0 0 0 -68.363376266239399 0 0 0 4.8696205583254528 -0.53831147555476044 0 0 0 12.367332191041644 0 0 7.4977116327161921 -67.825064790684635 -67.825064790684635 0 7.4977116327161921 0 0 0 -72.694685349010058 8.0360231082709532 0 0 -80.730708457281011 0 72.694685349010058 0 -8.0360231082709532 0
0 -0.4887285640322207 0 4.1172351622704166 0 0 0 -57.834416650970972 0 0 -57.34568808693875 6.8071107642814903 0 0 10.924345926551908 0 0 0 -0.4887285640322207 4.1172351622704166 0 -57.34568808693875 0 6.8071107642814903 0 0 61.462923249209148 -7.2958393283137095 0 0 0 -68.758762577522859 0 61.462923249209148 0 -7.2958393283137095
0 0 4.8696205583254608 -57.345688086938743 4.8696205583254608 -57.345688086938743 0 0 -57.695311112810479 0 0 0 4.1172351622704157 -0.34962302587173938 0 0 0 8.9868557205958766 0 0 -0.34962302587173938 4.1172351622704157 0 0 66.682166833406342 0 0 0 5.2192435841971987 -61.46292324920914 0 0 5.2192435841971987 -61.46292324920914 0 0
7.4977116327162179 -94.810822135908822 0 0 -0.53831147555476222 6.8071107642815001 0 0 0 -95.349133611463586 0 0 -94.810822135908822 7.4977116327162179 0 0 14.304822396997718 0 0 0 0 0 -0.53831147555476222 6.807110764281501 0 109.65395600846128 0 0 -8.0360231082709781 101.6179329001903 0 0 0 0 8.0360231082709781 -101.6179329001903
0 0 -0.34962302587173882 4.1172351622704166 0 0 4.8696205583254528 -57.34568808693875 0 0 -57.695311112810487 0 0 0 4.1172351622704166 -0.34962302587173882 0 0 0 8.9868557205958695 4.8696205583254528 -57.34568808693875 0 0 0 0 66.682166833406342 0 0 0 5.2192435841971907 -61.462923249209148 -5.2192435841971907 61.462923249209148 0 0
-0.53831147555476044 6.8071107642814903 0 0 0 0 -0.53831147555476044 6.8071107642814903 0 0 0 -95.349133611463444 0 0 -94.81082213590868 7.4977116327161921 0 0 14.304822396997682 0 0 0 7.4977116327161921 -94.81082213590868 0 0 0 109.65395600846109 0 0 -8.0360231082709532 101.61793290019014 0 0 -8.0360231082709532 101.61793290019014
0 -94.810822135908822 0 4.1172351622704157 0 10.924345926551915 0 0 4.1172351622704157 -94.810822135908822 0 0 -95.106426320755929 0 0 0 6.807110764281501 -0.29560418484710554 0 0 0 -0.29560418484710554 0 6.807110764281501 -4.4128393471175205 101.6179329001903 0 0 0 106.03077224730782 0 0 0 4.4128393471175205 0 -101.6179329001903
-104.42965138247233 0 4.8696205583254608 0 12.36733219104168 0 0 0 -0.34962302587173938 7.4977116327162179 0 0 0 -104.77927440834407 0 0 -104.42965138247233 4.8696205583254608 0 0 -0.34962302587173938 0 7.4977116327162179 0 5.2192435841971987 -111.92736301518853 0 0 117.14660659938573 0 0 0 5.2192435841971987 0 -111.92736301518853 0
0 6.8071107642814903 0 -0.2956041848471056 0 0 0 10.924345926551908 0 0 4.1172351622704166 -94.81082213590868 0 0 -95.106426320755787 0 0 0 6.8071107642814903 -0.2956041848471056 0 4.1172351622704166 0 -94.81082213590868 0 0 -4.4128393471175213 101.61793290019014 0 0 0 106.03077224730767 0 -4.4128393471175213 0 101.61793290019014
7.4977116327161921 0 -0.34962302587173882 0 0 0 12.367332191041644 0 0 0 -0.34962302587173882 7.4977116327161921 0 0 0 -104.77927440834371 0 0 -104.42965138247197 4.8696205583254528 4.8696205583254528 0 -104.42965138247197 0 0 0 5.2192435841971907 -111.92736301518816 0 0 117.14660659938535 0 -5.2192435841971907 0 111.92736301518816 0
-104.42965138247233 6.807110764281501 0 0 7.4977116327162179 -0.48872856403222142 0 0 0 14.304822396997718 0 0 6.807110764281501 -104.42965138247233 0 0 -104.91837994650454 0 0 0 0 0 7.4977116327162179 -0.48872856403222142 0 -119.22320234350225 0 0 111.92736301518853 -7.2958393283137202 0 0 0 0 -111.92736301518853 7.2958393283137202
0 0 -67.825064790684735 4.1172351622704157 -67.825064790684735 4.1172351622704157 0 0 8.9868557205958766 0 0 0 -0.29560418484710554 4.8696205583254608 0 0 0 -68.120668975531842 0 0 4.8696205583254608 -0.29560418484710554 0 0 -77.107524696127712 0 0 0 -72.694685349010186 4.4128393471175205 0 0 -72.694685349010186 4.4128393471175205 0 0
7.4977116327161921 -0.4887285640322207 0 0 0 0 7.4977116327161921 -0.4887285640322207 0 0 0 14.304822396997682 0 0 6.8071107642814903 -104.42965138247197 0 0 -104.91837994650419 0 0 0 -104.42965138247197 6.8071107642814903 0 0 0 -119.22320234350187 0 0 111.92736301518816 -7.2958393283137095 0 0 111.92736301518816 -7.2958393283137095
0 0 4.8696205583254528 -0.2956041848471056 0 0 -67.825064790684635 4.1172351622704166 0 0 8.9868557205958695 0 0 0 -0.2956041848471056 4.8696205583254528 0 0 0 -68.120668975531743 -67.825064790684635 4.1172351622704166 0 0 0 0 -77.107524696127584 0 0 0 -72.694685349010058 4.4128393471175213 72.694685349010058 -4.4128393471175213 0 0
0 0 9.7392411166509127 0 4.8696205583254608 0 -67.825064790684635 0 -0.34962302587173938 0 4.8696205583254528 0 0 -0.34962302587173938 0 4.8696205583254528 0 4.8696205583254608 0 -67.825064790684635 -68.174687816556371 0 0 0 5.2192435841971987 0 -72.694685349010058 0 5.2192435841971987 0 -72.694685349010058 0 77.913928933207259 0 0 0
0 0 0 8.2344703245408333 0 4.1172351622704157 0 -57.34568808693875 4.1172351622704157 0 -57.34568808693875 0 -0.29560418484710554 0 4.1172351622704166 0 0 -0.29560418484710554 0 4.1172351622704166 0 -57.641292271785858 0 0 -4.4128393471175205 0 61.462923249209148 0 0 4.4128393471175205 0 -61.462923249209148 0 65.875762596326666 0 0
14.995423265432411 0 0 0 -0.53831147555476222 0 7.4977116327161921 0 0 -0.53831147555476222 0 7.4977116327161921 0 7.4977116327162179 0 -104.42965138247197 7.4977116327162179 0 -104.42965138247197 0 0 0 -104.96796285802674 0 0 8.0360231082709781 0 -111.92736301518816 -8.0360231082709781 0 111.92736301518816 0 0 0 119.96338612345914 0
0 13.614221528562991 0 0 0 -0.48872856403222142 0 6.8071107642814903 0 6.807110764281501 0 -94.81082213590868 6.807110764281501 0 -94.81082213590868 0 -0.48872856403222142 0 6.8071107642814903 0 0 0 0 -95.299550699940895 0 -7.2958393283137202 0 101.61793290019014 0 -7.2958393283137202 0 101.61793290019014 0 0 0 108.91377222850386
0 0 -72.694685349010186 61.46292324920914 -72.694685349010186 61.46292324920914 0 0 66.682166833406342 0 0 0 -4.4128393471175205 5.2192435841971987 0 0 0 -77.107524696127712 0 0 5.2192435841971987 -4.4128393471175205 0 0 -143.78969152953402 0 0 0 -77.913928933207373 65.875762596326652 0 0 -77.913928933207373 65.875762596326652 0 0
-111.92736301518853 101.6179329001903 0 0 8.0360231082709781 -7.2958393283137202 0 0 0 109.65395600846128 0 0 101.6179329001903 -111.92736301518853 0 0 -119.22320234350225 0 0 0 0 0 8.0360231082709781 -7.2958393283137202 0 -228.87715835196349 0 0 119.96338612345949 -108.913772228504 0 0 0 0 -119.96338612345949 108.913772228504
0 0 5.2192435841971907 -4.4128393471175213 0 0 -72.694685349010058 61.462923249209148 0 0 66.682166833406342 0 0 0 -4.4128393471175213 5.2192435841971907 0 0 0 -77.107524696127584 -72.694685349010058 61.462923249209148 0 0 0 0 -143.78969152953388 0 0 0 -77.913928933207231 65.875762596326652 77.913928933207231 -65.875762596326652 0 0
8.0360231082709532 -7.2958393283137095 0 0 0 0 8.0360231082709532 -7.2958393283137095 0 0 0 109.65395600846109 0 0 101.61793290019014 -111.92736301518816 0 0 -119.22320234350187 0 0 0 -111.92736301518816 101.61793290019014 0 0 0 -228.87715835196292 0 0 119.96338612345909 -108.91377222850383 0 0 119.96338612345909 -108.91377222850383
111.92736301518853 0 -72.694685349010186 0 -80.730708457281168 0 0 0 5.2192435841971987 -8.0360231082709781 0 0 0 117.14660659938573 0 0 111.92736301518853 -72.694685349010186 0 0 5.2192435841971987 0 -8.0360231082709781 0 -77.913928933207373 119.96338612345949 0 0 -197.87731505666687 0 0 0 -77.913928933207373 0 119.96338612345949 0
0 101.6179329001903 0 -61.46292324920914 0 -68.758762577522859 0 0 -61.46292324920914 101.6179329001903 0 0 106.03077224730782 0 0 0 -7.2958393283137202 4.4128393471175205 0 0 0 4.4128393471175205 0 -7.2958393283137202 65.875762596326652 -108.913772228504 0 0 0 -174.78953482483064 0 0 0 -65.875762596326652 0 108.913772228504
-8.0360231082709532 0 5.2192435841971907 0 0 0 -80.730708457281011 0 0 0 5.2192435841971907 -8.0360231082709532 0 0 0 117.14660659938535 0 0 111.92736301518816 -72.694685349010058 -72.694685349010058 0 111.92736301518816 0 0 0 -77.913928933207231 119.96338612345909 0 0 -197.8773150566663 0 77.913928933207231 0 -119.96338612345909 0
0 -7.2958393283137095 0 4.4128393471175213 0 0 0 -68.758762577522859 0 0 -61.462923249209148 101.61793290019014 0 0 106.03077224730767 0 0 0 -7.2958393283137095 4.4128393471175213 0 -61.462923249209148 0 101.61793290019014 0 0 65.875762596326652 -108.91377222850383 0 0 0 -174.78953482483047 0 65.875762596326652 0 -108.91377222850383
0 0 -77.913928933207373 0 -72.694685349010186 0 72.694685349010058 0 5.2192435841971987 0 -5.2192435841971907 0 0 5.2192435841971987 0 -5.2192435841971907 0 -72.694685349010186 0 72.694685349010058 77.913928933207259 0 0 0 -77.913928933207373 0 77.913928933207231 0 -77.913928933207373 0 77.913928933207231 0 -155.8278578664146 0 0 0
0 0 0 -65.875762596326666 0 -61.46292324920914 0 61.462923249209148 -61.46292324920914 0 61.462923249209148 0 4.4128393471175205 0 -4.4128393471175213 0 0 4.4128393471175205 0 -4.4128393471175213 0 65.875762596326666 0 0 65.875762596326652 0 -65.875762596326652 0 0 -65.875762596326652 0 65.875762596326652 0 -131.7515251926533 0 0
-119.96338612345949 0 0 0 8.0360231082709781 0 -8.0360231082709532 0 0 8.0360231082709781 0 -8.0360231082709532 0 -111.92736301518853 0 111.92736301518816 -111.92736301518853 0 111.92736301518816 0 0 0 119.96338612345914 0 0 -119.96338612345949 0 119.96338612345909 119.96338612345949 0 -119.96338612345909 0 0 0 -239.92677224691857 0
0 -108.913772228504 0 0 0 7.2958393283137202 0 -7.2958393283137095 0 -101.6179329001903 0 101.61793290019014 -101.6179329001903 0 101.61793290019014 0 7.2958393283137202 0 -7.2958393283137095 0 0 0 0 108.91377222850386 0 108.913772228504 0 -108.91377222850383 0 108.913772228504 0 -108.91377222850383 0 0 0 -217.82754445700783
PROBE wq0 ip=0.046910077030668004,0.046910077030668004,0.046910077030668004 w=0.0006911678177555818 J=[-0.02469377357188722 0.067685375799168584 -1.1275702593849246e-17; 0.0617897987574825 -0.0014271717007989793 0.0075218448580048232; -7.2858385991025898e-17 -7.2858385991025898e-17 -0.16666600000000004]
PROBE wq1 ip=0.23076534494715845,0.046910077030668004,0.046910077030668004 w=0.00079108402911035958 J=[-0.024693786724016932 0.071810966959021352 -3.4694469519536142e-17; 0.06179046518123589 0.012525017353523057 0.0044696233640204863; -3.4694469519536142e-18 -1.3877787807814457e-17 -0.16666600000000004]
PROBE wq31 ip=0.23076534494715845,0.23076534494715845,0.23076534494715845 w=0.00085623886858164795 J=[-0.020445152022627214 0.073458869360447321 -1.3877787807814457e-17; 0.062352264750331649 0.027249828715663588 0.0077636953596028624; -5.5511151231257827e-17 -5.5511151231257827e-17 -0.16666600000000004]
PROBE wq62 ip=0.5,0.5,0.5 w=0.00084926457481144483 J=[-0.0137795 0.082801699999999923 0; 0.058043999999999984 0.021007000000000026 0; 0 0 -0.16666599999999998]
PROBE wq124 ip=0.95308992296933204,0.95308992296933204,0.95308992296933204 w=-0.00039430693987117213 J=[-0.0013702190489674722 0.10090803895912202 -3.6429192995512949e-17; -0.021964441542618861 -0.10907918689799465 -0.15282419023989849; -1.2836953722228372e-16 9.3675067702747583e-17 -0.16666599999999981]
PROBE wsurvey min=-0.00039430693987117294 max=0.0011836253831577395 vol=0.00075887029202891193
WGDEF order=9 npoints=125
D667RT mesh=d667_curved_hex.mesh INTEG=wgrad RULE=default n=36
-42.466241944820673 1.1287213528002471 -5.9705558813308963 -0.12555571728539061 1.8653127379779506 0.14398474857199356 -0.40723514224390472 -0.076207175415334671 -0.0075400896460470473 -3.9403230102457196 -0.0020399965396794024 0.2970231530102701 0.95499395034335366 -3.2502113304589764 -0.54075646325944859 3.9778228192523213 -15.637546878417636 0.26602319719441891 0.91453273944722979 -0.12147227961585934 -4.4038338087890017 0.066468941634585679 -8.3541194612029379 -0.37670802907993828 -0.11619573589969127 21.959953242900927 0.072452075167805663 -1.4247951822586797 14.347633370621729 0.63727744798226915 -4.343517625970037 -0.3612808350654958 -1.1237858221567236 0.0098211803503466429 83.333791457538638 -0.21124896615170766
1.1287213528002491 -57.110247327203687 -0.12555571728539078 -10.625958302728129 0.14398474857199375 -1.976514053390743 -0.076207175415334782 0.84207644774038493 0.27425697455221104 13.910632383096392 -0.087493012891545971 -1.2776572489990643 -3.7269346430118664 0.95499395034335366 -1.3593960194367916 -0.54075646325944859 3.9770877606870112 -0.005333855652369184 -0.29037238404950649 0.0070647205385020858 0.066468941634585513 -1.8765084179450819 -0.376708029079939 -19.626504706619688 0.24414452749174589 20.796207258131798 -0.066793334707312912 -1.6724505340139464 0.63727744798226926 -17.705014130801494 -0.36128083506549569 6.6542990931990422 0.0098211803503465422 -2.002221880676617 -0.21124896615170799 93.226806089346823
-5.9705558813308928 -0.12555571728539089 -52.736344232307658 0.3128034745561214 -2.1459750564489193 -0.082526410588787832 -0.53530854262693461 0.03682430731301059 -3.9997480678532904 -0.0075400896460470603 0.29856524592642431 -0.0020399965396794128 -0.13401799427062044 2.1611919558520976 0.078555125623301428 -1.6165250459950256 0.26602319719441897 -16.950432386980435 -0.12147227961585937 1.3769552621198222 -16.388237635553029 0.052627628556642846 -4.4038338087890017 0.066468941634585388 23.047992623841107 -0.1161957358996914 -1.7625554037291853 0.072452075167805538 7.29730057249159 -0.028642798210598914 -1.3345973256371333 0.0012083873932128043 72.984656845133244 -0.24210134445880738 -1.1237858221567225 0.0098211803503469169
-0.12555571728539094 -10.625958302728129 0.31280347455612062 -39.859296957701567 -0.08252641058878793 -4.9114719252020098 0.036824307313010583 0.73486023870092076 13.207512886794127 0.27425697455221115 -0.8962557947641463 -0.087493012891545915 -2.2939098615581486 -0.1340179942706205 1.4032307208522095 0.078555125623301428 -0.0053338556523692135 4.0810490136366013 0.007064720538502052 -0.31053982099113403 0.052627628556643068 -14.119346892122682 0.066468941634585568 -1.8765084179450822 20.530103695647846 0.24414452749174612 -1.4433741179293678 -0.066793334707312954 -0.028642798210599174 0.28575347906532583 0.0012083873932127766 0.97719775264880848 -0.24210134445880654 60.011082673693039 0.0098211803503464208 -2.0022218806766134
-2.9046184699467359 -0.20256657829459396 -51.342852112317779 0.31667777837424499 -2.3282342299962444 -0.090292792315387851 -0.67323007177124794 0.035813005520010224 -3.9983708846849857 0.27510291507934675 0.011641597407385561 -0.003613798814711966 -0.19516200869716288 2.2696802613135301 0.10336769109557184 -1.7391641638839632 1.3824391851761511 -16.957456784603526 -0.087878108279256142 0.16818595953012708 -12.743041957244134 0.040544495583433045 -3.114587167346937 0.074138037059269302 23.048224280313399 -1.6890095831743916 -0.11296917747399038 0.053482334667366252 6.2258497894240685 -0.072823569451559808 -0.5757508871805469 0.021918687267853225 78.582143714653469 -0.255983314295122 -7.8854808355487247 0.027690609566710048
-0.20256657829459426 -6.3653250347467161 0.31667777837424538 -38.342456950499013 -0.09029279231538799 -4.7456072682287873 0.035813005520010231 0.33368259765219482 13.191926284822994 -0.72792948752817643 0.057163614628823946 -0.048024335390061193 -1.928514237292114 -0.19516200869716296 1.362369871218837 0.10336769109557183 -0.29036866650371812 4.0801319610644056 0.0070649874462811804 -0.018106750250728398 0.040544495583433378 -10.981336836685426 0.074138037059269482 -0.25722117183909587 20.515040051773944 -1.2515820389566301 0.034335034227662195 -0.036576336283390277 -0.072823569451560086 1.601027459544943 0.021918687267853187 0.61438917281204353 -0.25598331429512244 64.903798369363102 0.027690609566709955 -9.1454193560876309
0.23675741224268365 0.056098429725566487 13.438285565675407 -0.071593626330718224 -0.67323007177124783 0.035813005520010217 -2.3282342299962662 -0.090292792315386006 0.011641597407385658 -0.003613798814711959 -3.9983708846849879 0.27510291507934675 0.10336769109557184 -1.7391641638839637 -0.19516200869714945 2.2696802613134763 -0.087878108279256115 0.16818595953012783 1.3824391851761344 -16.957456784603512 46.367192412819314 -0.10182739007472177 9.602769774752284 -0.26989130941256545 -0.11296917747399093 0.053482334667366169 23.048224280313416 -1.6890095831743874 -0.57575088718054701 0.02191868726785318 6.2258497894240614 -0.072823569451554465 76.839148875319381 -0.18352971676640056 -10.844470870125608 0.037640075582825776
0.056098429725566515 2.232718718914354 -0.071593626330718391 10.500897585401157 0.035813005520010252 0.33368259765219466 -0.090292792315386103 -4.7456072682287962 0.057163614628824001 -0.048024335390061165 13.191926284822998 -0.72792948752818176 1.362369871218837 0.10336769109557185 -1.9285142372921338 -0.1951620086971495 0.0070649874462811934 -0.018106750250728398 -0.2903686665037154 4.0801319610644082 -0.101827390074722 41.83033337283311 -0.26989130941256601 2.9272571453376584 0.034335034227662771 -0.036576336283390298 20.515040051773948 -1.2515820389566334 0.021918687267853263 0.61438917281204342 -0.072823569451554437 1.6010274595449416 -0.1835297167664014 66.144516676574156 0.037640075582825866 -6.2651000621688606
0.29902936449106943 -10.397026899464715 4.0243980509041375 -39.111666338150023 0.077349648513417732 -4.8781216503330578 0.080811186382137787 0.38198299557148852 13.49837567475581 0.26991849809313845 0.051447955001448997 -0.06796727147777476 -2.1952613846496298 -0.27663777223739783 1.2399780404683975 0.17475470367405452 -0.023420804363635465 5.2959410428439364 0.014104499728332781 -0.029169301338930989 0.9774741977177559 -11.086568669729076 0.30670534656420967 -1.4251458613429153 18.878100638792102 0.24859946065432689 0.038558310917951664 -0.05414652143396647 -0.54842611209699532 0.35981813444363003 0.057652940975778048 1.0029447740787447 -5.8902204654511037 64.775660966742421 0.10734362578438975 -2.0407070993953589
4.0817117606536346 -56.356929513967742 0.29902936449106965 -10.397026899464716 0.0067237558867961743 -1.9359800371980496 -0.04648626373084102 0.70855076384311366 0.26991849809313834 14.173332451734069 -0.067967271477774843 -0.28138306565278254 -3.9104704881888486 1.1348692683832666 -1.6013306013220312 -0.74487134468862215 5.1005432609507944 -0.023420804363635465 0.010169649427179125 0.01410449972833281 0.30670534656420967 -1.4251458613429155 0.12465758415625504 -16.192954396006368 0.24859946065432673 19.205823225706538 -0.054146521433966442 -0.19123877490342811 -0.39843908137732792 -17.360639300775759 -0.078036939254343712 5.4338000679723688 0.10734362578438976 -2.0407070993953607 -6.7760574377644627 98.983566813406185
-0.056848573805205298 3.0630473931595246 -1.0405006645441226 10.725954684846444 0.080811186382137773 0.38198299557148846 0.077349648513420882 -4.8781216503330684 0.051447955001448747 -0.067967271477774732 13.498375674755808 0.26991849809313306 1.2399780404683975 0.17475470367405455 -2.1952613846496445 -0.27663777223738478 0.014104499728332809 -0.029169301338930996 -0.023420804363632645 5.2959410428439329 -3.5067866634539953 42.293779062408504 -1.0577723376184371 6.3531383605262963 0.038558310917951637 -0.054146521433966317 18.878100638792095 0.24859946065432303 0.057652940975778132 1.0029447740787449 -0.54842611209698933 0.35981813444362537 -5.6834941408525665 66.119913427691799 0.23452661736208083 -0.52620876732589061
-1.3363914071845522 11.621084952537529 -0.056848573805205409 3.0630473931595241 -0.04648626373084102 0.70855076384311366 0.0067237558867937891 -1.9359800371980522 -0.067967271477774788 -0.28138306565278265 0.26991849809313329 14.173332451734074 -1.6013306013220312 -0.74487134468862215 -3.9104704881888086 1.1348692683832113 0.01016964942717918 0.0141044997283328 5.100543260950781 -0.023420804363632666 -1.0577723376184369 6.3531383605262954 -1.3709973073775168 47.446478498518033 -0.05414652143396647 -0.19123877490342767 0.24859946065432298 19.205823225706521 -0.078036939254343768 5.4338000679723679 -0.39843908137733164 -17.360639300775798 0.234526617362081 -0.52620876732589117 -8.1021951029180368 79.970084346614769
1.1166069142457415 -55.530287798352646 -0.14513425033051763 -7.5993557681935595 0.14499605036499416 -1.5753364123420168 -0.068440793688734805 0.67621179076716498 -0.67916243484075967 13.871163705594908 -0.071906410920410835 -0.27547078691867632 -3.6860737933784975 0.93018138487108404 -1.7247916437028219 -0.47961244883290949 3.9770874937792344 -0.29776692639277513 -0.0053375731981585815 0.0079817731106957886 0.049700442467964165 -0.62559771230454486 -0.29982728834334854 -16.11216015755403 -1.2335646246652854 20.765990259707884 -0.05172969083341971 -0.17672396756556991 0.61656714810762936 -17.342205550964721 -0.31710006382453465 5.3390251127194261 0.029823545515111818 -6.6892490793465376 -0.22627534892862475 99.113837151975304
-40.999553535352909 1.1166069142457391 -2.1620030438247362 -0.14513425033051755 2.0032342671222625 0.14499605036499416 -0.22497596869657915 -0.068440793688734763 0.27938355887299166 -3.9387492079706874 -0.0034171797079819667 0.014380148284875778 0.93018138487108382 -3.1275722125700467 -0.47961244883290971 3.8693345137909052 -15.67114104975424 1.4747924997841138 -0.20188324853449835 -0.11444788199279685 -2.6021423377122188 0.049700442467964276 -5.6056062257878594 -0.29982728834334893 -1.7657819621548867 21.978922983401368 0.072220418695513114 0.14801866501601985 13.588786932165155 0.6165671481076298 -3.2720668429025177 -0.31710006382453493 -6.969935897868881 0.029823545515112071 91.334039673108308 -0.22627534892862414
-0.29428807949327773 11.380039110719611 0.040109687352932813 2.2958382405628806 -0.068440793688734847 0.67621179076716487 0.14499605036499208 -1.5753364123420208 -0.071906410920410876 -0.27547078691867688 -0.67916243484076511 13.871163705594908 -1.7247916437028219 -0.47961244883290965 -3.6860737933784602 0.93018138487103874 -0.0053375731981585607 0.0079817731106958112 3.977087493779222 -0.29776692639277302 -0.18092743570276545 3.3035916389660676 1.1372795231079389 47.071996682652454 -0.05172969083341971 -0.1767239675655698 -1.2335646246652896 20.765990259707873 -0.31710006382453498 5.3390251127194253 0.61656714810762514 -17.342205550964767 0.036495662642224633 -5.2707846952104811 -0.19946933278246048 79.993543182556593
14.457778361225264 -0.29428807949327751 0.30995370172055409 0.040109687352932757 -0.22497596869657915 -0.068440793688734805 2.00323426712227 0.14499605036499191 -0.0034171797079819701 0.014380148284875771 0.2793835588729916 -3.9387492079706852 -0.47961244883290949 3.8693345137909056 0.93018138487103896 -3.1275722125698877 -0.20188324853449841 -0.11444788199279687 -15.671141049754196 1.4747924997841015 8.7060873318584715 -0.1809274357027659 33.878017115174345 1.1372795231079385 0.072220418695513086 0.14801866501601968 -1.7657819621548834 21.978922983401343 -3.2720668429025181 -0.31710006382453498 13.588786932165146 0.61656714810762603 -8.4417095240762094 0.036495662642224397 110.30529721694589 -0.19946933278245765
-41.501149478138579 5.1483087789637398 -5.8697233163546301 0.62407513732048625 1.8355918262934574 0.27751043246926432 -0.26997414955870658 -0.11674119160802876 -0.02706583105981861 -4.9365971935920037 0.0022984799193930677 0.034323084372589525 1.1969285322285961 -3.0460964490298097 -0.35722061808247008 3.7979475012124211 -15.938088911894321 0.25898341800458891 -0.20892276081654892 -0.10338533090459391 -3.5390720398465403 0.15493227551161193 -5.8381735352927961 0.86809740116047118 -0.12884254917303811 20.478741483790422 0.067997142005224637 0.16558885016659727 14.064389474810586 1.8577764732089415 -3.3078010966104441 -0.70565566509123634 -1.3356987467128967 0.15796094813577544 91.254386656890659 -7.330987605620896
-5.8697233163546283 0.62407513732048625 -51.787015727139362 3.1143489096454049 -2.1899619355180442 0.27035083254064352 -0.69518460172914209 0.0034740324440613703 -4.9474518176188873 -0.027065831059818555 0.0077024579647497603 0.0022984799193930591 0.029234686113190446 2.0649923778013459 -0.02009335128521865 -1.4739052680282514 0.25898341800458896 -17.231802906632655 -0.10338533090459383 0.16206323291249083 -13.000046861340381 0.84009264462180278 -3.5390720398465403 0.15493227551161173 21.566060194993792 -0.12884254917303814 -0.11055234687344381 0.067997142005224692 7.2408560189090236 -0.054389819640535401 -0.8148140117507382 -0.072856267985091344 78.50462363438416 -4.9045252942462918 -1.3356987467128953 0.15796094813577502
14.570725364756029 -1.1246167537384468 1.2788607399339584 -0.18494741209235105 -0.26997414955870652 -0.11674119160802873 1.8355918262934623 0.27751043246926244 0.0022984799193930851 0.034323084372589636 -0.027065831059818204 -4.936597193592001 -0.35722061808246997 3.7979475012124211 1.1969285322285488 -3.0460964490296494 -0.20892276081654884 -0.1033853309045939 -15.938088911894274 0.25898341800457658 12.111046605237739 -0.6443731252781415 34.665898143380247 -2.2886016920806971 0.06799714200522472 0.16558885016659744 -0.12884254917303459 20.478741483790383 -3.3078010966104441 -0.70565566509123623 14.064389474810584 1.8577764732089408 -2.9417450999900439 0.061098911524651064 110.10841067516662 -5.9383606276254284
1.2788607399339582 -0.18494741209235113 13.535243826833545 -0.83880277892736166 -0.69518460172914209 0.0034740324440613625 -2.1899619355180686 0.27035083254064607 0.0077024579647498211 0.0022984799193930868 -4.9474518176188864 -0.027065831059818107 -0.020093351285218608 -1.4739052680282516 0.029234686113201735 2.0649923778013037 -0.10338533090459387 0.16206323291249106 0.25898341800457664 -17.231802906632648 47.244037314734989 -3.1513741116349467 12.111046605237741 -0.64437312527814139 -0.1105523468734439 0.067997142005224637 21.566060194993806 -0.12884254917303442 -0.81481401175073864 -0.072856267985091414 7.2408560189090183 -0.054389819640530135 76.641117920599555 -4.9281056446509881 -2.9417450999900452 0.061098911524651099
1.7034458217104187 0.043983991171057488 17.24683840318157 -0.091172159375844775 -0.53530854262693617 0.036824307313010736 -2.1459750564489415 -0.082526410588786181 0.29856524592642436 -0.0020399965396794215 -3.9997480678532922 -0.0075400896460469172 0.078555125623302163 -1.6165250459950284 -0.13401799427061029 2.1611919558520576 -0.12147227961586021 1.3769552621198227 0.26602319719440726 -16.950432386980456 48.168883883896093 -0.11859588924134259 12.351283010167368 -0.19301056867597544 -1.7625554037291873 0.072452075167805913 23.047992623841115 -0.11619573589968757 -1.3345973256371342 0.0012083873932131513 7.2973005724915838 -0.028642798210593789 70.992998799607236 -0.16352735160163542 -2.8442226545559999 0.022613692805909292
0.043983991171057536 3.8126782477654002 -0.091172159375845011 13.527500119935731 0.036824307313010722 0.7348602387009211 -0.082526410588786278 -4.9114719252020151 -0.89625579476414796 -0.08749301289154629 13.207512886794133 0.27425697455220588 1.4032307208522081 0.078555125623302177 -2.2939098615581646 -0.1340179942706104 0.0070647205385022133 -0.31053982099113409 -0.0053338556523672385 4.081049013636604 -0.11859588924134358 43.081244078473652 -0.19301056867597505 6.4416016944033236 -1.4433741179293709 -0.066793334707313218 20.530103695647838 0.24414452749174231 0.0012083873932132415 0.97719775264880848 -0.028642798210593672 0.28575347906532195 -0.1635273516016357 61.457489477904303 0.0226136928059095 -0.37806899954046175
17.523715772609432 -0.37129894050248069 1.7034458217104189 0.043983991171057508 -0.40723514224390411 -0.076207175415334796 1.8653127379779566 0.14398474857199148 -0.0020399965396794249 0.29702315301027016 -0.0075400896460469519 -3.9403230102457192 -0.54075646325945192 3.9778228192523342 0.95499395034330914 -3.2502113304588232 0.91453273944723401 -0.12147227961586024 -15.637546878417593 0.26602319719440742 12.351283010167366 -0.19301056867597527 35.167263756616435 1.1449486185326234 0.072452075167805954 -1.4247951822586817 -0.11619573589968768 21.959953242900909 -4.3435176259700379 -0.3612808350654958 14.347633370621734 0.63727744798226538 -2.8442226545560008 0.022613692805909361 103.54360220355386 -0.18159990356609401
-0.37129894050248102 15.640672378701032 0.043983991171057474 3.8126782477654011 -0.076207175415334893 0.84207644774038526 0.14398474857199178 -1.976514053390747 -0.087493012891546346 -1.2776572489990659 0.27425697455220599 13.910632383096392 -1.359396019436788 -0.54075646325945237 -3.7269346430118295 0.95499395034330958 -0.29037238404950794 0.0070647205385022255 3.977087760687001 -0.0053338556523672368 -0.19301056867597527 6.4416016944033228 1.1449486185326254 48.691283928758445 -0.066793334707313246 -1.6724505340139484 0.24414452749174206 20.796207258131794 -0.36128083506549608 6.6542990931990396 0.6372774479822656 -17.705014130801533 0.022613692805909351 -0.37806899954046125 -0.18159990356609393 72.850345707145564
-6.1687526808457003 11.021102036785196 -55.811413778043509 42.226015247795438 -2.2673115840314648 5.1484724828737001 -0.77599578811127967 -0.3785089631274271 -18.445827492374683 -0.29698432915295725 -0.043745497036698944 0.070265751397167842 2.2244960707628181 2.3416301500387422 -1.2600713917536159 -1.6486599717023054 0.28240422236822454 -22.527743949476594 -0.11748983063292667 0.19123253425142098 -13.977521059058125 11.926661314350866 -3.8457773864107505 1.5800781368545267 2.6879595562016974 -0.37744200982736537 -0.14911065779139498 0.12214366343919103 7.7892821310060141 -0.41420795408416561 -0.87246695272651675 -1.0758010420638364 84.394844099835282 -69.680186260988762 -1.4430423724972847 2.1986680475311333
-45.582861238792255 61.505238292931452 -6.1687526808457021 11.021102036785198 1.8288680704066613 2.2134904696673137 -0.22348788582786569 -0.82529195545114231 -0.2969843291529573 -19.109929645326087 0.070265751397167842 0.3157061500253705 5.1073990204174438 -4.1809657174130805 1.2441099832395606 4.5428188459010439 -21.038632172845119 0.2824042223682246 -0.21909241024372964 -0.11748983063292663 -3.8457773864107505 1.5800781368545267 -5.9628311194490555 17.061051797166833 -0.37744200982736509 1.2729182580838774 0.12214366343919097 0.35682762507002452 14.462828556187905 19.218415773984709 -3.2297641573560987 -6.1394557330636035 -1.4430423724972854 2.1986680475311333 98.030444094655152 -106.31455441902705
1.3357093137391629 -3.2479948052518761 14.575744491377661 -11.564757463773807 -0.77599578811127956 -0.37850896312742716 -2.2673115840314879 5.1484724828737125 -0.043745497036698722 0.070265751397167842 -18.445827492374697 -0.29698432915295164 -1.2600713917536159 -1.6486599717023056 2.2244960707628461 2.3416301500386889 -0.1174898306329266 0.19123253425142117 0.28240422236820911 -22.52774394947658 50.75082397818899 -45.445153174043455 13.168818942856179 -6.997511485804436 -0.14911065779139498 0.12214366343919097 2.6879595562017085 -0.37744200982735737 -0.8724669527265172 -1.0758010420638366 7.7892821310060079 -0.41420795408415534 82.324612061452072 -71.048019072342754 -3.1762717173521251 0.58730767885054214
15.907116771940601 -12.745701706275975 1.3357093137391638 -3.2479948052518752 -0.22348788582786555 -0.82529195545114253 1.8288680704066689 2.2134904696673146 0.070265751397167855 0.31570615002537056 -0.29698432915295181 -19.109929645326069 1.2441099832395601 4.5428188459010439 5.1073990204173558 -4.180965717412862 -0.21909241024372941 -0.11748983063292666 -21.038632172845059 0.28240422236820933 13.168818942856179 -6.9975114858044369 36.03689545075774 -49.735080190598715 0.12214366343919097 0.35682762507002408 -0.37744200982735748 1.2729182580838714 -3.2297641573560982 -6.1394557330636035 14.462828556187915 19.218415773984734 -3.1762717173521247 0.58730767885054203 118.21060577808468 -85.908444974240197
38.094935065406219 -1.3191734925403322 -49.18084906849306 0.46181202870476196 -4.3314684971185065 -0.23528884268038186 -0.44825410307466879 0.10425379920874493 -4.277754443557976 4.213852123050037 0.015058777115367867 -0.017993947099588389 -1.1253433935682458 5.3972524738835732 0.58298013992848108 -5.6084986776748664 17.05358023493039 -18.43224928438762 0.11400514025524278 0.28263384152292492 -10.140899619531915 -0.0091559468845310854 2.491019058440922 0.37396532540261751 24.814006242468292 -23.667932566575754 -0.18518959616950195 -0.094536330348653913 -7.3629371427410861 -0.68939071755918935 2.6963159557219707 0.33901875109238805 85.552079612522334 -0.28580685981023379 -99.219520508657084 0.2539659584953336
-1.3191734925403336 49.164962763605921 0.46181202870476207 -30.743101182305494 -0.23528884268038208 -3.1702708558867685 0.10425379920874503 -0.34252919311497027 13.871088719663751 -14.599093193123077 0.12907002554923455 0.22744645152861537 1.7575595560863779 -1.1253433935682464 3.0871615149216578 0.5829801399284813 -4.2674561602829515 4.3778988874571816 0.012402560644439906 -0.026088523361423945 -0.0091559468845309154 -10.355739124380879 0.37396532540261784 15.85493898571492 21.748604676439221 -22.017572298664515 0.086064725061083702 0.14014763128217977 -0.68939071755918913 18.943233010509683 0.33901875109238794 -4.7246359399073814 -0.28580685981023396 71.593047448709612 0.25396595849533299 -108.25925650806279
-14.221020948982581 0.35038650921884368 13.128331863954848 -0.11170331368365118 -0.44825410307466906 0.10425379920874495 -4.3314684971185367 -0.23528884268037792 0.015058777115367924 -0.017993947099588403 -4.2777544435579795 4.2138521230500343 0.58298013992848152 -5.6084986776748664 -1.1253433935681876 5.3972524738833627 0.1140051402552425 0.28263384152292492 17.05358023493033 -18.432249284387613 37.661105080960851 0.07910004562804443 -24.27524734042208 -1.4071708325205039 -0.18518959616950184 -0.094536330348653136 24.814006242468299 -23.667932566575729 2.6963159557219707 0.33901875109238822 -7.362937142741087 -0.68939071755918035 85.280858399395612 -0.22002537940862454 -121.14976808707151 0.23710940836528346
0.35038650921884412 -9.1473203918052555 -0.11170331368365118 8.2050593448382827 0.104253799208745 -0.34252919311497027 -0.23528884268037825 -3.1702708558867752 0.12907002554923486 0.2274464515286152 13.871088719663762 -14.599093193123091 3.0871615149216578 0.5829801399284813 1.7575595560863224 -1.125343393568188 0.012402560644439859 -0.026088523361423838 -4.2674561602829373 4.3778988874571816 0.079100045628043958 38.526741733867048 -1.4071708325205059 -44.144739537314791 0.08606472506108391 0.14014763128217983 21.748604676439232 -22.017572298664508 0.33901875109238805 -4.7246359399073823 -0.68939071755917869 18.943233010509715 -0.2200253794086254 71.415301371784693 0.23710940836528432 -86.25864324472542
-7.6740017030413075 -0.16953970845644825 -69.983182635489229 0.40397563393196462 -1.6106665138219838 -0.11935071790179851 1.610666513822006 0.11935071790179679 -4.2983133137797118 -0.0055000931063676727 4.2983133137797145 0.0055000931063675235 -0.21257311989392258 3.7777170018471273 0.21257311989391159 -3.7777170018470811 0.38749547681027952 -18.327387649100285 -0.38749547681026641 18.327387649100281 -64.557121519449112 0.17122351779798578 -16.755116818956363 0.25947951031056044 24.81054802757032 -0.18864781106749756 -24.810548027570306 0.1886478110674932 8.6318978981287184 -0.029851185603811854 -8.6318978981287184 0.029851185603806521 1.9916580455259545 -0.078573992857170982 1.7204368323992758 -0.012792512455562705
-0.1695397084564487 -14.438636550493509 0.40397563393196462 -53.386797077637311 -0.11935071790179866 -5.6463321639029269 0.11935071790179687 5.6463321639029367 14.103768681558275 0.36174998744375753 -14.103768681558275 -0.36174998744375186 -3.6971405824103578 -0.21257311989392266 3.6971405824103738 0.21257311989391187 -0.012398576190871365 4.3915888346277345 0.012398576190869185 -4.3915888346277354 0.17122351779798656 -57.200590970596316 0.25947951031056093 -8.3181101123484016 21.973477813577215 0.31093786219905906 -21.973477813577205 -0.310937862199055 -0.029851185603812395 -0.69144427358348237 0.029851185603806549 0.69144427358348737 -0.078573992857171412 -1.4464068042112479 -0.012792512455562864 -1.624152881136155
-59.989957717430116 1.5000202933027289 -7.674001703041311 -0.169539708456448 2.2725478802218548 0.22019192398732837 -2.2725478802218597 -0.22019192398732612 -0.0055000931063676605 -4.2373461632559897 0.0055000931063676206 4.2373461632559888 1.4957504136028055 -7.2280341497113163 -1.4957504136027584 7.2280341497111493 -16.552079617864877 0.38749547681027952 16.55207961786482 -0.3874954768102663 -16.755116818956367 0.2594795103105616 -43.521383217819356 -1.5216566476125637 -0.18864781106749751 23.384748425159604 0.18864781106749276 -23.384748425159589 18.691150996591777 0.99855828304776562 -18.69115099659178 -0.99855828304776173 1.720436832399274 -0.012792512455562753 -20.209810746015165 -0.029649062585613312
1.5000202933027285 -72.750919705904636 -0.16953970845644803 -14.438636550493509 0.22019192398732862 -2.8185905011311303 -0.22019192398732645 2.8185905011311312 0.3617499874437573 15.188289632095454 -0.36174998744375181 -15.188289632095458 -2.3675386235750793 1.4957504136028057 2.3675386235750357 -1.4957504136027577 4.2674601447365195 -0.012398576190871421 -4.2674601447365079 0.012398576190869308 0.25947951031056071 -8.3181101123484016 -1.5216566476125641 -68.317788635378122 0.31093786219905911 22.468657792145748 -0.31093786219905512 -22.468657792145745 0.99855828304776562 -24.359313224000537 -0.99855828304776084 24.359313224000577 -0.012792512455562871 -1.6241528811361572 -0.029649062585612479 20.376460382201252
D667RT mesh=d667_curved_hex.mesh INTEG=wgradneg RULE=default n=36
42.466241944820673 -1.1287213528002471 5.9705558813308963 0.12555571728539061 -1.8653127379779506 -0.14398474857199356 0.40723514224390472 0.076207175415334671 0.0075400896460470473 3.9403230102457196 0.0020399965396794024 -0.2970231530102701 -0.95499395034335366 3.2502113304589764 0.54075646325944859 -3.9778228192523213 15.637546878417636 -0.26602319719441891 -0.91453273944722979 0.12147227961585934 4.4038338087890017 -0.066468941634585679 8.3541194612029379 0.37670802907993828 0.11619573589969127 -21.959953242900927 -0.072452075167805663 1.4247951822586797 -14.347633370621729 -0.63727744798226915 4.343517625970037 0.3612808350654958 1.1237858221567236 -0.0098211803503466429 -83.333791457538638 0.21124896615170766
-1.1287213528002491 57.110247327203687 0.12555571728539078 10.625958302728129 -0.14398474857199375 1.976514053390743 0.076207175415334782 -0.84207644774038493 -0.27425697455221104 -13.910632383096392 0.087493012891545971 1.2776572489990643 3.7269346430118664 -0.95499395034335366 1.3593960194367916 0.54075646325944859 -3.9770877606870112 0.005333855652369184 0.29037238404950649 -0.0070647205385020858 -0.066468941634585513 1.8765084179450819 0.376708029079939 19.626504706619688 -0.24414452749174589 -20.796207258131798 0.066793334707312912 1.6724505340139464 -0.63727744798226926 17.705014130801494 0.36128083506549569 -6.6542990931990422 -0.0098211803503465422 2.002221880676617 0.21124896615170799 -93.226806089346823
5.9705558813308928 0.12555571728539089 52.736344232307658 -0.3128034745561214 2.1459750564489193 0.082526410588787832 0.53530854262693461 -0.03682430731301059 3.9997480678532904 0.0075400896460470603 -0.29856524592642431 0.0020399965396794128 0.13401799427062044 -2.1611919558520976 -0.078555125623301428 1.6165250459950256 -0.26602319719441897 16.950432386980435 0.12147227961585937 -1.3769552621198222 16.388237635553029 -0.052627628556642846 4.4038338087890017 -0.066468941634585388 -23.047992623841107 0.1161957358996914 1.7625554037291853 -0.072452075167805538 -7.29730057249159 0.028642798210598914 1.3345973256371333 -0.0012083873932128043 -72.984656845133244 0.24210134445880738 1.1237858221567225 -0.0098211803503469169
0.12555571728539094 10.625958302728129 -0.31280347455612062 39.859296957701567 0.08252641058878793 4.9114719252020098 -0.036824307313010583 -0.73486023870092076 -13.207512886794127 -0.27425697455221115 0.8962557947641463 0.087493012891545915 2.2939098615581486 0.1340179942706205 -1.4032307208522095 -0.078555125623301428 0.0053338556523692135 -4.0810490136366013 -0.007064720538502052 0.31053982099113403 -0.052627628556643068 14.119346892122682 -0.066468941634585568 1.8765084179450822 -20.530103695647846 -0.24414452749174612 1.4433741179293678 0.066793334707312954 0.028642798210599174 -0.28575347906532583 -0.0012083873932127766 -0.97719775264880848 0.24210134445880654 -60.011082673693039 -0.0098211803503464208 2.0022218806766134
2.9046184699467359 0.20256657829459396 51.342852112317779 -0.31667777837424499 2.3282342299962444 0.090292792315387851 0.67323007177124794 -0.035813005520010224 3.9983708846849857 -0.27510291507934675 -0.011641597407385561 0.003613798814711966 0.19516200869716288 -2.2696802613135301 -0.10336769109557184 1.7391641638839632 -1.3824391851761511 16.957456784603526 0.087878108279256142 -0.16818595953012708 12.743041957244134 -0.040544495583433045 3.114587167346937 -0.074138037059269302 -23.048224280313399 1.6890095831743916 0.11296917747399038 -0.053482334667366252 -6.2258497894240685 0.072823569451559808 0.5757508871805469 -0.021918687267853225 -78.582143714653469 0.255983314295122 7.8854808355487247 -0.027690609566710048
0.20256657829459426 6.3653250347467161 -0.31667777837424538 38.342456950499013 0.09029279231538799 4.7456072682287873 -0.035813005520010231 -0.33368259765219482 -13.191926284822994 0.72792948752817643 -0.057163614628823946 0.048024335390061193 1.928514237292114 0.19516200869716296 -1.362369871218837 -0.10336769109557183 0.29036866650371812 -4.0801319610644056 -0.0070649874462811804 0.018106750250728398 -0.040544495583433378 10.981336836685426 -0.074138037059269482 0.25722117183909587 -20.515040051773944 1.2515820389566301 -0.034335034227662195 0.036576336283390277 0.072823569451560086 -1.601027459544943 -0.021918687267853187 -0.61438917281204353 0.25598331429512244 -64.903798369363102 -0.027690609566709955 9.1454193560876309
-0.23675741224268365 -0.056098429725566487 -13.438285565675407 0.071593626330718224 0.67323007177124783 -0.035813005520010217 2.3282342299962662 0.090292792315386006 -0.011641597407385658 0.003613798814711959 3.9983708846849879 -0.27510291507934675 -0.10336769109557184 1.7391641638839637 0.19516200869714945 -2.2696802613134763 0.087878108279256115 -0.16818595953012783 -1.3824391851761344 16.957456784603512 -46.367192412819314 0.10182739007472177 -9.602769774752284 0.26989130941256545 0.11296917747399093 -0.053482334667366169 -23.048224280313416 1.6890095831743874 0.57575088718054701 -0.02191868726785318 -6.2258497894240614 0.072823569451554465 -76.839148875319381 0.18352971676640056 10.844470870125608 -0.037640075582825776
-0.056098429725566515 -2.232718718914354 0.071593626330718391 -10.500897585401157 -0.035813005520010252 -0.33368259765219466 0.090292792315386103 4.7456072682287962 -0.057163614628824001 0.048024335390061165 -13.191926284822998 0.72792948752818176 -1.362369871218837 -0.10336769109557185 1.9285142372921338 0.1951620086971495 -0.0070649874462811934 0.018106750250728398 0.2903686665037154 -4.0801319610644082 0.101827390074722 -41.83033337283311 0.26989130941256601 -2.9272571453376584 -0.034335034227662771 0.036576336283390298 -20.515040051773948 1.2515820389566334 -0.021918687267853263 -0.61438917281204342 0.072823569451554437 -1.6010274595449416 0.1835297167664014 -66.144516676574156 -0.037640075582825866 6.2651000621688606
-0.29902936449106943 10.397026899464715 -4.0243980509041375 39.111666338150023 -0.077349648513417732 4.8781216503330578 -0.080811186382137787 -0.38198299557148852 -13.49837567475581 -0.26991849809313845 -0.051447955001448997 0.06796727147777476 2.1952613846496298 0.27663777223739783 -1.2399780404683975 -0.17475470367405452 0.023420804363635465 -5.2959410428439364 -0.014104499728332781 0.029169301338930989 -0.9774741977177559 11.086568669729076 -0.30670534656420967 1.4251458613429153 -18.878100638792102 -0.24859946065432689 -0.038558310917951664 0.05414652143396647 0.54842611209699532 -0.35981813444363003 -0.057652940975778048 -1.0029447740787447 5.8902204654511037 -64.775660966742421 -0.10734362578438975 2.0407070993953589
-4.0817117606536346 56.356929513967742 -0.29902936449106965 10.397026899464716 -0.0067237558867961743 1.9359800371980496 0.04648626373084102 -0.70855076384311366 -0.26991849809313834 -14.173332451734069 0.067967271477774843 0.28138306565278254 3.9104704881888486 -1.1348692683832666 1.6013306013220312 0.74487134468862215 -5.1005432609507944 0.023420804363635465 -0.010169649427179125 -0.01410449972833281 -0.30670534656420967 1.4251458613429155 -0.12465758415625504 16.192954396006368 -0.24859946065432673 -19.205823225706538 0.054146521433966442 0.19123877490342811 0.39843908137732792 17.360639300775759 0.078036939254343712 -5.4338000679723688 -0.10734362578438976 2.0407070993953607 6.7760574377644627 -98.983566813406185
0.056848573805205298 -3.0630473931595246 1.0405006645441226 -10.725954684846444 -0.080811186382137773 -0.38198299557148846 -0.077349648513420882 4.8781216503330684 -0.051447955001448747 0.067967271477774732 -13.498375674755808 -0.26991849809313306 -1.2399780404683975 -0.17475470367405455 2.1952613846496445 0.27663777223738478 -0.014104499728332809 0.029169301338930996 0.023420804363632645 -5.2959410428439329 3.5067866634539953 -42.293779062408504 1.0577723376184371 -6.3531383605262963 -0.038558310917951637 0.054146521433966317 -18.878100638792095 -0.24859946065432303 -0.057652940975778132 -1.0029447740787449 0.54842611209698933 -0.35981813444362537 5.6834941408525665 -66.119913427691799 -0.23452661736208083 0.52620876732589061
1.3363914071845522 -11.621084952537529 0.056848573805205409 -3.0630473931595241 0.04648626373084102 -0.70855076384311366 -0.0067237558867937891 1.9359800371980522 0.067967271477774788 0.28138306565278265 -0.26991849809313329 -14.173332451734074 1.6013306013220312 0.74487134468862215 3.9104704881888086 -1.1348692683832113 -0.01016964942717918 -0.0141044997283328 -5.100543260950781 0.023420804363632666 1.0577723376184369 -6.3531383605262954 1.3709973073775168 -47.446478498518033 0.05414652143396647 0.19123877490342767 -0.24859946065432298 -19.205823225706521 0.078036939254343768 -5.4338000679723679 0.39843908137733164 17.360639300775798 -0.234526617362081 0.52620876732589117 8.1021951029180368 -79.970084346614769
-1.1166069142457415 55.530287798352646 0.14513425033051763 7.5993557681935595 -0.14499605036499416 1.5753364123420168 0.068440793688734805 -0.67621179076716498 0.67916243484075967 -13.871163705594908 0.071906410920410835 0.27547078691867632 3.6860737933784975 -0.93018138487108404 1.7247916437028219 0.47961244883290949 -3.9770874937792344 0.29776692639277513 0.0053375731981585815 -0.0079817731106957886 -0.049700442467964165 0.62559771230454486 0.29982728834334854 16.11216015755403 1.2335646246652854 -20.765990259707884 0.05172969083341971 0.17672396756556991 -0.61656714810762936 17.342205550964721 0.31710006382453465 -5.3390251127194261 -0.029823545515111818 6.6892490793465376 0.22627534892862475 -99.113837151975304
40.999553535352909 -1.1166069142457391 2.1620030438247362 0.14513425033051755 -2.0032342671222625 -0.14499605036499416 0.22497596869657915 0.068440793688734763 -0.27938355887299166 3.9387492079706874 0.0034171797079819667 -0.014380148284875778 -0.93018138487108382 3.1275722125700467 0.47961244883290971 -3.8693345137909052 15.67114104975424 -1.4747924997841138 0.20188324853449835 0.11444788199279685 2.6021423377122188 -0.049700442467964276 5.6056062257878594 0.29982728834334893 1.7657819621548867 -21.978922983401368 -0.072220418695513114 -0.14801866501601985 -13.588786932165155 -0.6165671481076298 3.2720668429025177 0.31710006382453493 6.969935897868881 -0.029823545515112071 -91.334039673108308 0.22627534892862414
0.29428807949327773 -11.380039110719611 -0.040109687352932813 -2.2958382405628806 0.068440793688734847 -0.67621179076716487 -0.14499605036499208 1.5753364123420208 0.071906410920410876 0.27547078691867688 0.67916243484076511 -13.871163705594908 1.7247916437028219 0.47961244883290965 3.6860737933784602 -0.93018138487103874 0.0053375731981585607 -0.0079817731106958112 -3.977087493779222 0.29776692639277302 0.18092743570276545 -3.3035916389660676 -1.1372795231079389 -47.071996682652454 0.05172969083341971 0.1767239675655698 1.2335646246652896 -20.765990259707873 0.31710006382453498 -5.3390251127194253 -0.61656714810762514 17.342205550964767 -0.036495662642224633 5.2707846952104811 0.19946933278246048 -79.993543182556593
-14.457778361225264 0.29428807949327751 -0.30995370172055409 -0.040109687352932757 0.22497596869657915 0.068440793688734805 -2.00323426712227 -0.14499605036499191 0.0034171797079819701 -0.014380148284875771 -0.2793835588729916 3.9387492079706852 0.47961244883290949 -3.8693345137909056 -0.93018138487103896 3.1275722125698877 0.20188324853449841 0.11444788199279687 15.671141049754196 -1.4747924997841015 -8.7060873318584715 0.1809274357027659 -33.878017115174345 -1.1372795231079385 -0.072220418695513086 -0.14801866501601968 1.7657819621548834 -21.978922983401343 3.2720668429025181 0.31710006382453498 -13.588786932165146 -0.61656714810762603 8.4417095240762094 -0.036495662642224397 -110.30529721694589 0.19946933278245765
41.501149478138579 -5.1483087789637398 5.8697233163546301 -0.62407513732048625 -1.8355918262934574 -0.27751043246926432 0.26997414955870658 0.11674119160802876 0.02706583105981861 4.9365971935920037 -0.0022984799193930677 -0.034323084372589525 -1.1969285322285961 3.0460964490298097 0.35722061808247008 -3.7979475012124211 15.938088911894321 -0.25898341800458891 0.20892276081654892 0.10338533090459391 3.5390720398465403 -0.15493227551161193 5.8381735352927961 -0.86809740116047118 0.12884254917303811 -20.478741483790422 -0.067997142005224637 -0.16558885016659727 -14.064389474810586 -1.8577764732089415 3.3078010966104441 0.70565566509123634 1.3356987467128967 -0.15796094813577544 -91.254386656890659 7.330987605620896
5.8697233163546283 -0.62407513732048625 51.787015727139362 -3.1143489096454049 2.1899619355180442 -0.27035083254064352 0.69518460172914209 -0.0034740324440613703 4.9474518176188873 0.027065831059818555 -0.0077024579647497603 -0.0022984799193930591 -0.029234686113190446 -2.0649923778013459 0.02009335128521865 1.4739052680282514 -0.25898341800458896 17.231802906632655 0.10338533090459383 -0.16206323291249083 13.000046861340381 -0.84009264462180278 3.5390720398465403 -0.15493227551161173 -21.566060194993792 0.12884254917303814 0.11055234687344381 -0.067997142005224692 -7.2408560189090236 0.054389819640535401 0.8148140117507382 0.072856267985091344 -78.50462363438416 4.9045252942462918 1.3356987467128953 -0.15796094813577502
-14.570725364756029 1.1246167537384468 -1.2788607399339584 0.18494741209235105 0.26997414955870652 0.11674119160802873 -1.8355918262934623 -0.27751043246926244 -0.0022984799193930851 -0.034323084372589636 0.027065831059818204 4.936597193592001 0.35722061808246997 -3.7979475012124211 -1.1969285322285488 3.0460964490296494 0.20892276081654884 0.1033853309045939 15.938088911894274 -0.25898341800457658 -12.111046605237739 0.6443731252781415 -34.665898143380247 2.2886016920806971 -0.06799714200522472 -0.16558885016659744 0.12884254917303459 -20.478741483790383 3.3078010966104441 0.70565566509123623 -14.064389474810584 -1.8577764732089408 2.9417450999900439 -0.061098911524651064 -110.10841067516662 5.9383606276254284
-1.2788607399339582 0.18494741209235113 -13.535243826833545 0.83880277892736166 0.69518460172914209 -0.0034740324440613625 2.1899619355180686 -0.27035083254064607 -0.0077024579647498211 -0.0022984799193930868 4.9474518176188864 0.027065831059818107 0.020093351285218608 1.4739052680282516 -0.029234686113201735 -2.0649923778013037 0.10338533090459387 -0.16206323291249106 -0.25898341800457664 17.231802906632648 -47.244037314734989 3.1513741116349467 -12.111046605237741 0.64437312527814139 0.1105523468734439 -0.067997142005224637 -21.566060194993806 0.12884254917303442 0.81481401175073864 0.072856267985091414 -7.2408560189090183 0.054389819640530135 -76.641117920599555 4.9281056446509881 2.9417450999900452 -0.061098911524651099
-1.7034458217104187 -0.043983991171057488 -17.24683840318157 0.091172159375844775 0.53530854262693617 -0.036824307313010736 2.1459750564489415 0.082526410588786181 -0.29856524592642436 0.0020399965396794215 3.9997480678532922 0.0075400896460469172 -0.078555125623302163 1.6165250459950284 0.13401799427061029 -2.1611919558520576 0.12147227961586021 -1.3769552621198227 -0.26602319719440726 16.950432386980456 -48.168883883896093 0.11859588924134259 -12.351283010167368 0.19301056867597544 1.7625554037291873 -0.072452075167805913 -23.047992623841115 0.11619573589968757 1.3345973256371342 -0.0012083873932131513 -7.2973005724915838 0.028642798210593789 -70.992998799607236 0.16352735160163542 2.8442226545559999 -0.022613692805909292
-0.043983991171057536 -3.8126782477654002 0.091172159375845011 -13.527500119935731 -0.036824307313010722 -0.7348602387009211 0.082526410588786278 4.9114719252020151 0.89625579476414796 0.08749301289154629 -13.207512886794133 -0.27425697455220588 -1.4032307208522081 -0.078555125623302177 2.2939098615581646 0.1340179942706104 -0.0070647205385022133 0.31053982099113409 0.0053338556523672385 -4.081049013636604 0.11859588924134358 -43.081244078473652 0.19301056867597505 -6.4416016944033236 1.4433741179293709 0.066793334707313218 -20.530103695647838 -0.24414452749174231 -0.0012083873932132415 -0.97719775264880848 0.028642798210593672 -0.28575347906532195 0.1635273516016357 -61.457489477904303 -0.0226136928059095 0.37806899954046175
-17.523715772609432 0.37129894050248069 -1.7034458217104189 -0.043983991171057508 0.40723514224390411 0.076207175415334796 -1.8653127379779566 -0.14398474857199148 0.0020399965396794249 -0.29702315301027016 0.0075400896460469519 3.9403230102457192 0.54075646325945192 -3.9778228192523342 -0.95499395034330914 3.2502113304588232 -0.91453273944723401 0.12147227961586024 15.637546878417593 -0.26602319719440742 -12.351283010167366 0.19301056867597527 -35.167263756616435 -1.1449486185326234 -0.072452075167805954 1.4247951822586817 0.11619573589968768 -21.959953242900909 4.3435176259700379 0.3612808350654958 -14.347633370621734 -0.63727744798226538 2.8442226545560008 -0.022613692805909361 -103.54360220355386 0.18159990356609401
0.37129894050248102 -15.640672378701032 -0.043983991171057474 -3.8126782477654011 0.076207175415334893 -0.84207644774038526 -0.14398474857199178 1.976514053390747 0.087493012891546346 1.2776572489990659 -0.27425697455220599 -13.910632383096392 1.359396019436788 0.54075646325945237 3.7269346430118295 -0.95499395034330958 0.29037238404950794 -0.0070647205385022255 -3.977087760687001 0.0053338556523672368 0.19301056867597527 -6.4416016944033228 -1.1449486185326254 -48.691283928758445 0.066793334707313246 1.6724505340139484 -0.24414452749174206 -20.796207258131794 0.36128083506549608 -6.6542990931990396 -0.6372774479822656 17.705014130801533 -0.022613692805909351 0.37806899954046125 0.18159990356609393 -72.850345707145564
6.1687526808457003 -11.021102036785196 55.811413778043509 -42.226015247795438 2.2673115840314648 -5.1484724828737001 0.77599578811127967 0.3785089631274271 18.445827492374683 0.29698432915295725 0.043745497036698944 -0.070265751397167842 -2.2244960707628181 -2.3416301500387422 1.2600713917536159 1.6486599717023054 -0.28240422236822454 22.527743949476594 0.11748983063292667 -0.19123253425142098 13.977521059058125 -11.926661314350866 3.8457773864107505 -1.5800781368545267 -2.6879595562016974 0.37744200982736537 0.14911065779139498 -0.12214366343919103 -7.7892821310060141 0.41420795408416561 0.87246695272651675 1.0758010420638364 -84.394844099835282 69.680186260988762 1.4430423724972847 -2.1986680475311333
45.582861238792255 -61.505238292931452 6.1687526808457021 -11.021102036785198 -1.8288680704066613 -2.2134904696673137 0.22348788582786569 0.82529195545114231 0.2969843291529573 19.109929645326087 -0.070265751397167842 -0.3157061500253705 -5.1073990204174438 4.1809657174130805 -1.2441099832395606 -4.5428188459010439 21.038632172845119 -0.2824042223682246 0.21909241024372964 0.11748983063292663 3.8457773864107505 -1.5800781368545267 5.9628311194490555 -17.061051797166833 0.37744200982736509 -1.2729182580838774 -0.12214366343919097 -0.35682762507002452 -14.462828556187905 -19.218415773984709 3.2297641573560987 6.1394557330636035 1.4430423724972854 -2.1986680475311333 -98.030444094655152 106.31455441902705
-1.3357093137391629 3.2479948052518761 -14.575744491377661 11.564757463773807 0.77599578811127956 0.37850896312742716 2.2673115840314879 -5.1484724828737125 0.043745497036698722 -0.070265751397167842 18.445827492374697 0.29698432915295164 1.2600713917536159 1.6486599717023056 -2.2244960707628461 -2.3416301500386889 0.1174898306329266 -0.19123253425142117 -0.28240422236820911 22.52774394947658 -50.75082397818899 45.445153174043455 -13.168818942856179 6.997511485804436 0.14911065779139498 -0.12214366343919097 -2.6879595562017085 0.37744200982735737 0.8724669527265172 1.0758010420638366 -7.7892821310060079 0.41420795408415534 -82.324612061452072 71.048019072342754 3.1762717173521251 -0.58730767885054214
-15.907116771940601 12.745701706275975 -1.3357093137391638 3.2479948052518752 0.22348788582786555 0.82529195545114253 -1.8288680704066689 -2.2134904696673146 -0.070265751397167855 -0.31570615002537056 0.29698432915295181 19.109929645326069 -1.2441099832395601 -4.5428188459010439 -5.1073990204173558 4.180965717412862 0.21909241024372941 0.11748983063292666 21.038632172845059 -0.28240422236820933 -13.168818942856179 6.9975114858044369 -36.03689545075774 49.735080190598715 -0.12214366343919097 -0.35682762507002408 0.37744200982735748 -1.2729182580838714 3.2297641573560982 6.1394557330636035 -14.462828556187915 -19.218415773984734 3.1762717173521247 -0.58730767885054203 -118.21060577808468 85.908444974240197
-38.094935065406219 1.3191734925403322 49.18084906849306 -0.46181202870476196 4.3314684971185065 0.23528884268038186 0.44825410307466879 -0.10425379920874493 4.277754443557976 -4.213852123050037 -0.015058777115367867 0.017993947099588389 1.1253433935682458 -5.3972524738835732 -0.58298013992848108 5.6084986776748664 -17.05358023493039 18.43224928438762 -0.11400514025524278 -0.28263384152292492 10.140899619531915 0.0091559468845310854 -2.491019058440922 -0.37396532540261751 -24.814006242468292 23.667932566575754 0.18518959616950195 0.094536330348653913 7.3629371427410861 0.68939071755918935 -2.6963159557219707 -0.33901875109238805 -85.552079612522334 0.28580685981023379 99.219520508657084 -0.2539659584953336
1.3191734925403336 -49.164962763605921 -0.46181202870476207 30.743101182305494 0.23528884268038208 3.1702708558867685 -0.10425379920874503 0.34252919311497027 -13.871088719663751 14.599093193123077 -0.12907002554923455 -0.22744645152861537 -1.7575595560863779 1.1253433935682464 -3.0871615149216578 -0.5829801399284813 4.2674561602829515 -4.3778988874571816 -0.012402560644439906 0.026088523361423945 0.0091559468845309154 10.355739124380879 -0.37396532540261784 -15.85493898571492 -21.748604676439221 22.017572298664515 -0.086064725061083702 -0.14014763128217977 0.68939071755918913 -18.943233010509683 -0.33901875109238794 4.7246359399073814 0.28580685981023396 -71.593047448709612 -0.25396595849533299 108.25925650806279
14.221020948982581 -0.35038650921884368 -13.128331863954848 0.11170331368365118 0.44825410307466906 -0.10425379920874495 4.3314684971185367 0.23528884268037792 -0.015058777115367924 0.017993947099588403 4.2777544435579795 -4.2138521230500343 -0.58298013992848152 5.6084986776748664 1.1253433935681876 -5.3972524738833627 -0.1140051402552425 -0.28263384152292492 -17.05358023493033 18.432249284387613 -37.661105080960851 -0.07910004562804443 24.27524734042208 1.4071708325205039 0.18518959616950184 0.094536330348653136 -24.814006242468299 23.667932566575729 -2.6963159557219707 -0.33901875109238822 7.362937142741087 0.68939071755918035 -85.280858399395612 0.22002537940862454 121.14976808707151 -0.23710940836528346
-0.35038650921884412 9.1473203918052555 0.11170331368365118 -8.2050593448382827 -0.104253799208745 0.34252919311497027 0.23528884268037825 3.1702708558867752 -0.12907002554923486 -0.2274464515286152 -13.871088719663762 14.599093193123091 -3.0871615149216578 -0.5829801399284813 -1.7575595560863224 1.125343393568188 -0.012402560644439859 0.026088523361423838 4.2674561602829373 -4.3778988874571816 -0.079100045628043958 -38.526741733867048 1.4071708325205059 44.144739537314791 -0.08606472506108391 -0.14014763128217983 -21.748604676439232 22.017572298664508 -0.33901875109238805 4.7246359399073823 0.68939071755917869 -18.943233010509715 0.2200253794086254 -71.415301371784693 -0.23710940836528432 86.25864324472542
7.6740017030413075 0.16953970845644825 69.983182635489229 -0.40397563393196462 1.6106665138219838 0.11935071790179851 -1.610666513822006 -0.11935071790179679 4.2983133137797118 0.0055000931063676727 -4.2983133137797145 -0.0055000931063675235 0.21257311989392258 -3.7777170018471273 -0.21257311989391159 3.7777170018470811 -0.38749547681027952 18.327387649100285 0.38749547681026641 -18.327387649100281 64.557121519449112 -0.17122351779798578 16.755116818956363 -0.25947951031056044 -24.81054802757032 0.18864781106749756 24.810548027570306 -0.1886478110674932 -8.6318978981287184 0.029851185603811854 8.6318978981287184 -0.029851185603806521 -1.9916580455259545 0.078573992857170982 -1.7204368323992758 0.012792512455562705
0.1695397084564487 14.438636550493509 -0.40397563393196462 53.386797077637311 0.11935071790179866 5.6463321639029269 -0.11935071790179687 -5.6463321639029367 -14.103768681558275 -0.36174998744375753 14.103768681558275 0.36174998744375186 3.6971405824103578 0.21257311989392266 -3.6971405824103738 -0.21257311989391187 0.012398576190871365 -4.3915888346277345 -0.012398576190869185 4.3915888346277354 -0.17122351779798656 57.200590970596316 -0.25947951031056093 8.3181101123484016 -21.973477813577215 -0.31093786219905906 21.973477813577205 0.310937862199055 0.029851185603812395 0.69144427358348237 -0.029851185603806549 -0.69144427358348737 0.078573992857171412 1.4464068042112479 0.012792512455562864 1.624152881136155
59.989957717430116 -1.5000202933027289 7.674001703041311 0.169539708456448 -2.2725478802218548 -0.22019192398732837 2.2725478802218597 0.22019192398732612 0.0055000931063676605 4.2373461632559897 -0.0055000931063676206 -4.2373461632559888 -1.4957504136028055 7.2280341497113163 1.4957504136027584 -7.2280341497111493 16.552079617864877 -0.38749547681027952 -16.55207961786482 0.3874954768102663 16.755116818956367 -0.2594795103105616 43.521383217819356 1.5216566476125637 0.18864781106749751 -23.384748425159604 -0.18864781106749276 23.384748425159589 -18.691150996591777 -0.99855828304776562 18.69115099659178 0.99855828304776173 -1.720436832399274 0.012792512455562753 20.209810746015165 0.029649062585613312
-1.5000202933027285 72.750919705904636 0.16953970845644803 14.438636550493509 -0.22019192398732862 2.8185905011311303 0.22019192398732645 -2.8185905011311312 -0.3617499874437573 -15.188289632095454 0.36174998744375181 15.188289632095458 2.3675386235750793 -1.4957504136028057 -2.3675386235750357 1.4957504136027577 -4.2674601447365195 0.012398576190871421 4.2674601447365079 -0.012398576190869308 -0.25947951031056071 8.3181101123484016 1.5216566476125641 68.317788635378122 -0.31093786219905911 -22.468657792145748 0.31093786219905512 22.468657792145745 -0.99855828304776562 24.359313224000537 0.99855828304776084 -24.359313224000577 0.012792512455562871 1.6241528811361572 0.029649062585612479 -20.376460382201252
D667RT mesh=d667_curved_hex.mesh INTEG=wgrad RULE=o1 NPT=1 n=36
0 0 0 0 0 0 0 0 0 0 0 0 0 0 0 0 0 0 0 0 0 0 0 0 7.5660057131508269 7.5660057131508269 7.5660057131508269 7.5660057131508269 0.80005912780579591 0.80005912780579591 0.80005912780579591 0.80005912780579591 25.757476702541965 25.757476702541965 25.757476702541965 25.757476702541965
0 0 0 0 0 0 0 0 0 0 0 0 0 0 0 0 0 0 0 0 0 0 0 0 7.5660057131508269 7.5660057131508269 7.5660057131508269 7.5660057131508269 0.80005912780579591 0.80005912780579591 0.80005912780579591 0.80005912780579591 25.757476702541965 25.757476702541965 25.757476702541965 25.757476702541965
0 0 0 0 0 0 0 0 0 0 0 0 0 0 0 0 0 0 0 0 0 0 0 0 7.5660057131508269 7.5660057131508269 7.5660057131508269 7.5660057131508269 0.80005912780579591 0.80005912780579591 0.80005912780579591 0.80005912780579591 25.757476702541965 25.757476702541965 25.757476702541965 25.757476702541965
0 0 0 0 0 0 0 0 0 0 0 0 0 0 0 0 0 0 0 0 0 0 0 0 7.5660057131508269 7.5660057131508269 7.5660057131508269 7.5660057131508269 0.80005912780579591 0.80005912780579591 0.80005912780579591 0.80005912780579591 25.757476702541965 25.757476702541965 25.757476702541965 25.757476702541965
0 0 0 0 0 0 0 0 0 0 0 0 0 0 0 0 0 0 0 0 0 0 0 0 7.5660057131508269 7.5660057131508269 7.5660057131508269 7.5660057131508269 0.80005912780579591 0.80005912780579591 0.80005912780579591 0.80005912780579591 25.757476702541965 25.757476702541965 25.757476702541965 25.757476702541965
0 0 0 0 0 0 0 0 0 0 0 0 0 0 0 0 0 0 0 0 0 0 0 0 7.5660057131508269 7.5660057131508269 7.5660057131508269 7.5660057131508269 0.80005912780579591 0.80005912780579591 0.80005912780579591 0.80005912780579591 25.757476702541965 25.757476702541965 25.757476702541965 25.757476702541965
0 0 0 0 0 0 0 0 0 0 0 0 0 0 0 0 0 0 0 0 0 0 0 0 7.5660057131508269 7.5660057131508269 7.5660057131508269 7.5660057131508269 0.80005912780579591 0.80005912780579591 0.80005912780579591 0.80005912780579591 25.757476702541965 25.757476702541965 25.757476702541965 25.757476702541965
0 0 0 0 0 0 0 0 0 0 0 0 0 0 0 0 0 0 0 0 0 0 0 0 7.5660057131508269 7.5660057131508269 7.5660057131508269 7.5660057131508269 0.80005912780579591 0.80005912780579591 0.80005912780579591 0.80005912780579591 25.757476702541965 25.757476702541965 25.757476702541965 25.757476702541965
0 0 0 0 0 0 0 0 0 0 0 0 0 0 0 0 0 0 0 0 0 0 0 0 7.5660057131508269 7.5660057131508269 7.5660057131508269 7.5660057131508269 0.80005912780579591 0.80005912780579591 0.80005912780579591 0.80005912780579591 25.757476702541965 25.757476702541965 25.757476702541965 25.757476702541965
0 0 0 0 0 0 0 0 0 0 0 0 0 0 0 0 0 0 0 0 0 0 0 0 7.5660057131508269 7.5660057131508269 7.5660057131508269 7.5660057131508269 0.80005912780579591 0.80005912780579591 0.80005912780579591 0.80005912780579591 25.757476702541965 25.757476702541965 25.757476702541965 25.757476702541965
0 0 0 0 0 0 0 0 0 0 0 0 0 0 0 0 0 0 0 0 0 0 0 0 7.5660057131508269 7.5660057131508269 7.5660057131508269 7.5660057131508269 0.80005912780579591 0.80005912780579591 0.80005912780579591 0.80005912780579591 25.757476702541965 25.757476702541965 25.757476702541965 25.757476702541965
0 0 0 0 0 0 0 0 0 0 0 0 0 0 0 0 0 0 0 0 0 0 0 0 7.5660057131508269 7.5660057131508269 7.5660057131508269 7.5660057131508269 0.80005912780579591 0.80005912780579591 0.80005912780579591 0.80005912780579591 25.757476702541965 25.757476702541965 25.757476702541965 25.757476702541965
0 0 0 0 0 0 0 0 0 0 0 0 0 0 0 0 0 0 0 0 0 0 0 0 7.5660057131508269 7.5660057131508269 7.5660057131508269 7.5660057131508269 0.80005912780579591 0.80005912780579591 0.80005912780579591 0.80005912780579591 25.757476702541965 25.757476702541965 25.757476702541965 25.757476702541965
0 0 0 0 0 0 0 0 0 0 0 0 0 0 0 0 0 0 0 0 0 0 0 0 7.5660057131508269 7.5660057131508269 7.5660057131508269 7.5660057131508269 0.80005912780579591 0.80005912780579591 0.80005912780579591 0.80005912780579591 25.757476702541965 25.757476702541965 25.757476702541965 25.757476702541965
0 0 0 0 0 0 0 0 0 0 0 0 0 0 0 0 0 0 0 0 0 0 0 0 7.5660057131508269 7.5660057131508269 7.5660057131508269 7.5660057131508269 0.80005912780579591 0.80005912780579591 0.80005912780579591 0.80005912780579591 25.757476702541965 25.757476702541965 25.757476702541965 25.757476702541965
0 0 0 0 0 0 0 0 0 0 0 0 0 0 0 0 0 0 0 0 0 0 0 0 7.5660057131508269 7.5660057131508269 7.5660057131508269 7.5660057131508269 0.80005912780579591 0.80005912780579591 0.80005912780579591 0.80005912780579591 25.757476702541965 25.757476702541965 25.757476702541965 25.757476702541965
0 0 0 0 0 0 0 0 0 0 0 0 0 0 0 0 0 0 0 0 0 0 0 0 7.5660057131508269 7.5660057131508269 7.5660057131508269 7.5660057131508269 0.80005912780579591 0.80005912780579591 0.80005912780579591 0.80005912780579591 25.757476702541965 25.757476702541965 25.757476702541965 25.757476702541965
0 0 0 0 0 0 0 0 0 0 0 0 0 0 0 0 0 0 0 0 0 0 0 0 7.5660057131508269 7.5660057131508269 7.5660057131508269 7.5660057131508269 0.80005912780579591 0.80005912780579591 0.80005912780579591 0.80005912780579591 25.757476702541965 25.757476702541965 25.757476702541965 25.757476702541965
0 0 0 0 0 0 0 0 0 0 0 0 0 0 0 0 0 0 0 0 0 0 0 0 7.5660057131508269 7.5660057131508269 7.5660057131508269 7.5660057131508269 0.80005912780579591 0.80005912780579591 0.80005912780579591 0.80005912780579591 25.757476702541965 25.757476702541965 25.757476702541965 25.757476702541965
0 0 0 0 0 0 0 0 0 0 0 0 0 0 0 0 0 0 0 0 0 0 0 0 7.5660057131508269 7.5660057131508269 7.5660057131508269 7.5660057131508269 0.80005912780579591 0.80005912780579591 0.80005912780579591 0.80005912780579591 25.757476702541965 25.757476702541965 25.757476702541965 25.757476702541965
0 0 0 0 0 0 0 0 0 0 0 0 0 0 0 0 0 0 0 0 0 0 0 0 7.5660057131508269 7.5660057131508269 7.5660057131508269 7.5660057131508269 0.80005912780579591 0.80005912780579591 0.80005912780579591 0.80005912780579591 25.757476702541965 25.757476702541965 25.757476702541965 25.757476702541965
0 0 0 0 0 0 0 0 0 0 0 0 0 0 0 0 0 0 0 0 0 0 0 0 7.5660057131508269 7.5660057131508269 7.5660057131508269 7.5660057131508269 0.80005912780579591 0.80005912780579591 0.80005912780579591 0.80005912780579591 25.757476702541965 25.757476702541965 25.757476702541965 25.757476702541965
0 0 0 0 0 0 0 0 0 0 0 0 0 0 0 0 0 0 0 0 0 0 0 0 7.5660057131508269 7.5660057131508269 7.5660057131508269 7.5660057131508269 0.80005912780579591 0.80005912780579591 0.80005912780579591 0.80005912780579591 25.757476702541965 25.757476702541965 25.757476702541965 25.757476702541965
0 0 0 0 0 0 0 0 0 0 0 0 0 0 0 0 0 0 0 0 0 0 0 0 7.5660057131508269 7.5660057131508269 7.5660057131508269 7.5660057131508269 0.80005912780579591 0.80005912780579591 0.80005912780579591 0.80005912780579591 25.757476702541965 25.757476702541965 25.757476702541965 25.757476702541965
0 0 0 0 0 0 0 0 0 0 0 0 0 0 0 0 0 0 0 0 0 0 0 0 0 0 0 0 0 0 0 0 0 0 0 0
0 0 0 0 0 0 0 0 0 0 0 0 0 0 0 0 0 0 0 0 0 0 0 0 0 0 0 0 0 0 0 0 0 0 0 0
0 0 0 0 0 0 0 0 0 0 0 0 0 0 0 0 0 0 0 0 0 0 0 0 0 0 0 0 0 0 0 0 0 0 0 0
0 0 0 0 0 0 0 0 0 0 0 0 0 0 0 0 0 0 0 0 0 0 0 0 0 0 0 0 0 0 0 0 0 0 0 0
0 0 0 0 0 0 0 0 0 0 0 0 0 0 0 0 0 0 0 0 0 0 0 0 0 0 0 0 0 0 0 0 0 0 0 0
0 0 0 0 0 0 0 0 0 0 0 0 0 0 0 0 0 0 0 0 0 0 0 0 0 0 0 0 0 0 0 0 0 0 0 0
0 0 0 0 0 0 0 0 0 0 0 0 0 0 0 0 0 0 0 0 0 0 0 0 0 0 0 0 0 0 0 0 0 0 0 0
0 0 0 0 0 0 0 0 0 0 0 0 0 0 0 0 0 0 0 0 0 0 0 0 0 0 0 0 0 0 0 0 0 0 0 0
0 0 0 0 0 0 0 0 0 0 0 0 0 0 0 0 0 0 0 0 0 0 0 0 0 0 0 0 0 0 0 0 0 0 0 0
0 0 0 0 0 0 0 0 0 0 0 0 0 0 0 0 0 0 0 0 0 0 0 0 0 0 0 0 0 0 0 0 0 0 0 0
0 0 0 0 0 0 0 0 0 0 0 0 0 0 0 0 0 0 0 0 0 0 0 0 0 0 0 0 0 0 0 0 0 0 0 0
0 0 0 0 0 0 0 0 0 0 0 0 0 0 0 0 0 0 0 0 0 0 0 0 0 0 0 0 0 0 0 0 0 0 0 0
D667RT mesh=d667_curved_hex.mesh INTEG=wgradneg RULE=o1 NPT=1 n=36
0 0 0 0 0 0 0 0 0 0 0 0 0 0 0 0 0 0 0 0 0 0 0 0 -7.5660057131508269 -7.5660057131508269 -7.5660057131508269 -7.5660057131508269 -0.80005912780579591 -0.80005912780579591 -0.80005912780579591 -0.80005912780579591 -25.757476702541965 -25.757476702541965 -25.757476702541965 -25.757476702541965
0 0 0 0 0 0 0 0 0 0 0 0 0 0 0 0 0 0 0 0 0 0 0 0 -7.5660057131508269 -7.5660057131508269 -7.5660057131508269 -7.5660057131508269 -0.80005912780579591 -0.80005912780579591 -0.80005912780579591 -0.80005912780579591 -25.757476702541965 -25.757476702541965 -25.757476702541965 -25.757476702541965
0 0 0 0 0 0 0 0 0 0 0 0 0 0 0 0 0 0 0 0 0 0 0 0 -7.5660057131508269 -7.5660057131508269 -7.5660057131508269 -7.5660057131508269 -0.80005912780579591 -0.80005912780579591 -0.80005912780579591 -0.80005912780579591 -25.757476702541965 -25.757476702541965 -25.757476702541965 -25.757476702541965
0 0 0 0 0 0 0 0 0 0 0 0 0 0 0 0 0 0 0 0 0 0 0 0 -7.5660057131508269 -7.5660057131508269 -7.5660057131508269 -7.5660057131508269 -0.80005912780579591 -0.80005912780579591 -0.80005912780579591 -0.80005912780579591 -25.757476702541965 -25.757476702541965 -25.757476702541965 -25.757476702541965
0 0 0 0 0 0 0 0 0 0 0 0 0 0 0 0 0 0 0 0 0 0 0 0 -7.5660057131508269 -7.5660057131508269 -7.5660057131508269 -7.5660057131508269 -0.80005912780579591 -0.80005912780579591 -0.80005912780579591 -0.80005912780579591 -25.757476702541965 -25.757476702541965 -25.757476702541965 -25.757476702541965
0 0 0 0 0 0 0 0 0 0 0 0 0 0 0 0 0 0 0 0 0 0 0 0 -7.5660057131508269 -7.5660057131508269 -7.5660057131508269 -7.5660057131508269 -0.80005912780579591 -0.80005912780579591 -0.80005912780579591 -0.80005912780579591 -25.757476702541965 -25.757476702541965 -25.757476702541965 -25.757476702541965
0 0 0 0 0 0 0 0 0 0 0 0 0 0 0 0 0 0 0 0 0 0 0 0 -7.5660057131508269 -7.5660057131508269 -7.5660057131508269 -7.5660057131508269 -0.80005912780579591 -0.80005912780579591 -0.80005912780579591 -0.80005912780579591 -25.757476702541965 -25.757476702541965 -25.757476702541965 -25.757476702541965
0 0 0 0 0 0 0 0 0 0 0 0 0 0 0 0 0 0 0 0 0 0 0 0 -7.5660057131508269 -7.5660057131508269 -7.5660057131508269 -7.5660057131508269 -0.80005912780579591 -0.80005912780579591 -0.80005912780579591 -0.80005912780579591 -25.757476702541965 -25.757476702541965 -25.757476702541965 -25.757476702541965
0 0 0 0 0 0 0 0 0 0 0 0 0 0 0 0 0 0 0 0 0 0 0 0 -7.5660057131508269 -7.5660057131508269 -7.5660057131508269 -7.5660057131508269 -0.80005912780579591 -0.80005912780579591 -0.80005912780579591 -0.80005912780579591 -25.757476702541965 -25.757476702541965 -25.757476702541965 -25.757476702541965
0 0 0 0 0 0 0 0 0 0 0 0 0 0 0 0 0 0 0 0 0 0 0 0 -7.5660057131508269 -7.5660057131508269 -7.5660057131508269 -7.5660057131508269 -0.80005912780579591 -0.80005912780579591 -0.80005912780579591 -0.80005912780579591 -25.757476702541965 -25.757476702541965 -25.757476702541965 -25.757476702541965
0 0 0 0 0 0 0 0 0 0 0 0 0 0 0 0 0 0 0 0 0 0 0 0 -7.5660057131508269 -7.5660057131508269 -7.5660057131508269 -7.5660057131508269 -0.80005912780579591 -0.80005912780579591 -0.80005912780579591 -0.80005912780579591 -25.757476702541965 -25.757476702541965 -25.757476702541965 -25.757476702541965
0 0 0 0 0 0 0 0 0 0 0 0 0 0 0 0 0 0 0 0 0 0 0 0 -7.5660057131508269 -7.5660057131508269 -7.5660057131508269 -7.5660057131508269 -0.80005912780579591 -0.80005912780579591 -0.80005912780579591 -0.80005912780579591 -25.757476702541965 -25.757476702541965 -25.757476702541965 -25.757476702541965
0 0 0 0 0 0 0 0 0 0 0 0 0 0 0 0 0 0 0 0 0 0 0 0 -7.5660057131508269 -7.5660057131508269 -7.5660057131508269 -7.5660057131508269 -0.80005912780579591 -0.80005912780579591 -0.80005912780579591 -0.80005912780579591 -25.757476702541965 -25.757476702541965 -25.757476702541965 -25.757476702541965
0 0 0 0 0 0 0 0 0 0 0 0 0 0 0 0 0 0 0 0 0 0 0 0 -7.5660057131508269 -7.5660057131508269 -7.5660057131508269 -7.5660057131508269 -0.80005912780579591 -0.80005912780579591 -0.80005912780579591 -0.80005912780579591 -25.757476702541965 -25.757476702541965 -25.757476702541965 -25.757476702541965
0 0 0 0 0 0 0 0 0 0 0 0 0 0 0 0 0 0 0 0 0 0 0 0 -7.5660057131508269 -7.5660057131508269 -7.5660057131508269 -7.5660057131508269 -0.80005912780579591 -0.80005912780579591 -0.80005912780579591 -0.80005912780579591 -25.757476702541965 -25.757476702541965 -25.757476702541965 -25.757476702541965
0 0 0 0 0 0 0 0 0 0 0 0 0 0 0 0 0 0 0 0 0 0 0 0 -7.5660057131508269 -7.5660057131508269 -7.5660057131508269 -7.5660057131508269 -0.80005912780579591 -0.80005912780579591 -0.80005912780579591 -0.80005912780579591 -25.757476702541965 -25.757476702541965 -25.757476702541965 -25.757476702541965
0 0 0 0 0 0 0 0 0 0 0 0 0 0 0 0 0 0 0 0 0 0 0 0 -7.5660057131508269 -7.5660057131508269 -7.5660057131508269 -7.5660057131508269 -0.80005912780579591 -0.80005912780579591 -0.80005912780579591 -0.80005912780579591 -25.757476702541965 -25.757476702541965 -25.757476702541965 -25.757476702541965
0 0 0 0 0 0 0 0 0 0 0 0 0 0 0 0 0 0 0 0 0 0 0 0 -7.5660057131508269 -7.5660057131508269 -7.5660057131508269 -7.5660057131508269 -0.80005912780579591 -0.80005912780579591 -0.80005912780579591 -0.80005912780579591 -25.757476702541965 -25.757476702541965 -25.757476702541965 -25.757476702541965
0 0 0 0 0 0 0 0 0 0 0 0 0 0 0 0 0 0 0 0 0 0 0 0 -7.5660057131508269 -7.5660057131508269 -7.5660057131508269 -7.5660057131508269 -0.80005912780579591 -0.80005912780579591 -0.80005912780579591 -0.80005912780579591 -25.757476702541965 -25.757476702541965 -25.757476702541965 -25.757476702541965
0 0 0 0 0 0 0 0 0 0 0 0 0 0 0 0 0 0 0 0 0 0 0 0 -7.5660057131508269 -7.5660057131508269 -7.5660057131508269 -7.5660057131508269 -0.80005912780579591 -0.80005912780579591 -0.80005912780579591 -0.80005912780579591 -25.757476702541965 -25.757476702541965 -25.757476702541965 -25.757476702541965
0 0 0 0 0 0 0 0 0 0 0 0 0 0 0 0 0 0 0 0 0 0 0 0 -7.5660057131508269 -7.5660057131508269 -7.5660057131508269 -7.5660057131508269 -0.80005912780579591 -0.80005912780579591 -0.80005912780579591 -0.80005912780579591 -25.757476702541965 -25.757476702541965 -25.757476702541965 -25.757476702541965
0 0 0 0 0 0 0 0 0 0 0 0 0 0 0 0 0 0 0 0 0 0 0 0 -7.5660057131508269 -7.5660057131508269 -7.5660057131508269 -7.5660057131508269 -0.80005912780579591 -0.80005912780579591 -0.80005912780579591 -0.80005912780579591 -25.757476702541965 -25.757476702541965 -25.757476702541965 -25.757476702541965
0 0 0 0 0 0 0 0 0 0 0 0 0 0 0 0 0 0 0 0 0 0 0 0 -7.5660057131508269 -7.5660057131508269 -7.5660057131508269 -7.5660057131508269 -0.80005912780579591 -0.80005912780579591 -0.80005912780579591 -0.80005912780579591 -25.757476702541965 -25.757476702541965 -25.757476702541965 -25.757476702541965
0 0 0 0 0 0 0 0 0 0 0 0 0 0 0 0 0 0 0 0 0 0 0 0 -7.5660057131508269 -7.5660057131508269 -7.5660057131508269 -7.5660057131508269 -0.80005912780579591 -0.80005912780579591 -0.80005912780579591 -0.80005912780579591 -25.757476702541965 -25.757476702541965 -25.757476702541965 -25.757476702541965
0 0 0 0 0 0 0 0 0 0 0 0 0 0 0 0 0 0 0 0 0 0 0 0 0 0 0 0 0 0 0 0 0 0 0 0
0 0 0 0 0 0 0 0 0 0 0 0 0 0 0 0 0 0 0 0 0 0 0 0 0 0 0 0 0 0 0 0 0 0 0 0
0 0 0 0 0 0 0 0 0 0 0 0 0 0 0 0 0 0 0 0 0 0 0 0 0 0 0 0 0 0 0 0 0 0 0 0
0 0 0 0 0 0 0 0 0 0 0 0 0 0 0 0 0 0 0 0 0 0 0 0 0 0 0 0 0 0 0 0 0 0 0 0
0 0 0 0 0 0 0 0 0 0 0 0 0 0 0 0 0 0 0 0 0 0 0 0 0 0 0 0 0 0 0 0 0 0 0 0
0 0 0 0 0 0 0 0 0 0 0 0 0 0 0 0 0 0 0 0 0 0 0 0 0 0 0 0 0 0 0 0 0 0 0 0
0 0 0 0 0 0 0 0 0 0 0 0 0 0 0 0 0 0 0 0 0 0 0 0 0 0 0 0 0 0 0 0 0 0 0 0
0 0 0 0 0 0 0 0 0 0 0 0 0 0 0 0 0 0 0 0 0 0 0 0 0 0 0 0 0 0 0 0 0 0 0 0
0 0 0 0 0 0 0 0 0 0 0 0 0 0 0 0 0 0 0 0 0 0 0 0 0 0 0 0 0 0 0 0 0 0 0 0
0 0 0 0 0 0 0 0 0 0 0 0 0 0 0 0 0 0 0 0 0 0 0 0 0 0 0 0 0 0 0 0 0 0 0 0
0 0 0 0 0 0 0 0 0 0 0 0 0 0 0 0 0 0 0 0 0 0 0 0 0 0 0 0 0 0 0 0 0 0 0 0
0 0 0 0 0 0 0 0 0 0 0 0 0 0 0 0 0 0 0 0 0 0 0 0 0 0 0 0 0 0 0 0 0 0 0 0
D667RT mesh=d667_curved_hex.mesh INTEG=wgrad RULE=o4 NPT=27 n=36
-147.39605084553639 2.531573180699227 13.862113005059388 -0.40214063491958568 5.7652976359596888 0.22174241948937551 -1.8371689519088883 -0.079552134070920766 0.0020737476253253071 -3.9681248637914184 -0.0052650688579411534 0.29994549235084034 1.6754179823226476 42.824645939412221 -0.59792218823517151 -14.966812271119728 -14.354769686326113 -0.027075231203754942 0.4523791773423928 -0.0061799407090141791 8.0083340656876061 -0.0061156137882307782 -73.019532059328739 -0.0058600667176227361 0.057337364144858093 21.199687093420447 0.0043488185789933437 -1.155808437099225 30.641434835057229 0.91380468897585476 -10.181784439206091 -0.33274604409226627 -4.020731539663096 0.26652213990519896 102.06153343506344 -1.8467624940856611
2.531573180699227 -305.99447361965696 -0.40214063491958668 36.217780649599675 0.22174241948937551 -7.4399507009812762 -0.079552134070920821 2.6817082423350604 -0.037889627222705009 15.202829559164908 0.031314488889511882 -1.6970790280121577 -64.047372480339035 1.6754179823226476 21.874542217392083 -0.5979221882351704 3.9518099842406613 -0.00082396105458269146 -0.27600009793836189 0.0047815332736494687 -0.0061156137882306671 7.7894449675706401 -0.0058600667176214039 -72.162618207080726 0.013194267480055848 21.775936928346823 0.021427541088852919 -2.0015719338207205 0.91380468897585387 -40.22160786697038 -0.33274604409226638 13.914038793993056 0.26652213990519857 -18.995688253563358 -1.8467624940856602 199.71957736068811
13.862113005059392 -0.40214063491958557 -56.016933541138769 0.32336309832623322 -3.0628872867316304 -0.093282207061833988 -0.16740837519272786 0.036193340872915966 -4.0026313528702699 0.0020737476253252897 0.29828891586942219 -0.0052650688579411672 -0.25217936790896983 -6.5302298346418768 0.09035860986162525 2.1283193704667629 -0.027075231203754782 -16.866227577825356 -0.0061799407090141513 1.3417693477201853 -18.498204184237633 0.061986641431346509 8.0083340656876043 -0.0061156137882303896 23.017321216661717 0.05733736414485742 -1.7484669150190169 0.0043488185789934894 3.6236409341486886 -0.1612437934777497 0.10179627070746192 0.048944171343039827 73.367194614789213 -0.28326422117035915 -4.0207315396630978 0.26652213990519835
-0.40214063491958491 36.217780649599682 0.32336309832623222 -47.491274038735078 -0.093282207061833933 -3.6540789203689701 0.036193340872915924 0.26822055464289829 13.268149920918429 -0.037889627222704739 -0.91530797963897614 0.031314488889511827 8.742383536668429 -0.25217936790897005 -3.107688198605655 0.090358609861625083 -0.00082396105458260992 4.0718507623327218 0.0047815332736494617 -0.30649313125106176 0.061986641431346662 -15.683924269645237 -0.0061156137882305561 7.7894449675706401 20.572456505748804 0.013194267480055588 -1.4586898593771174 0.021427541088852753 -0.16124379347774975 5.7809816239597165 0.048944171343039855 -1.1317896915439931 -0.28326422117036004 62.563653453929305 0.26652213990519752 -18.995688253563355
23.772854782564334 -0.5806701236108639 -55.933246000016915 0.34785471983907373 -3.4973945051309778 -0.10674420054739973 -0.28660720692812686 0.034241038337771229 -4.001966160082179 0.28652510065767905 0.011338687965175183 -0.0062286096299480967 -0.36477971340606052 -9.4235201921836573 0.10709748643993117 2.5263098353737399 1.0059607517262728 -16.85479982261128 0.033565428110743638 0.13209286588377536 -15.033989577266681 0.056036382106985319 9.8193633561393376 -0.027866457414640167 23.00623990206115 -1.4660185207450769 -0.097005437670433972 -0.017923263362741092 1.4911649778468619 -0.22277108862930306 0.93987633200924603 0.056840017895876838 79.370272783998374 -0.31218481056047981 -13.488808198913953 0.38323518077611257
-0.58067012361086223 57.353897743233944 0.34785471983907357 -49.164849432500681 -0.10674420054739971 -3.1306183662685898 0.034241038337771194 -0.14908572043855181 13.273414177072127 -1.1242023500626068 0.035432002342220284 0.072445183816788494 13.072282336891847 -0.36477971340606075 -3.7396620243010918 0.10709748643993094 -0.28425038221322663 4.0708644505250335 0.0041891895134059803 -0.01456151236047943 0.056036382106985319 -12.866763155824758 -0.027866457414639834 11.024419034777443 20.572717278073146 -1.5463627319322677 0.016826357410433975 0.054110091333308269 -0.22277108862930273 8.5599049365991817 0.056840017895876838 -1.5161992071774235 -0.31218481056047992 68.759950505346126 0.38323518077610969 -34.32353735639758
-9.3572252056654559 0.044978179609946434 15.027730085646674 -0.06101635304975276 -0.28660720692812702 0.034241038337771187 -3.4973945051309396 -0.10674420054739797 0.011338687965175089 -0.0062286096299480759 -4.0019661600821674 0.28652510065767134 0.10709748643993092 2.5263098353737399 -0.36477971340602933 -9.4235201921835188 0.033565428110743728 0.13209286588377595 1.0059607517262348 -16.854799822611202 56.258619144868085 -0.088992034930778618 -47.795148045935349 -0.30881023717619493 -0.097005437670433528 -0.01792326336274121 23.006239902061083 -1.4660185207450511 0.93987633200924658 0.05684001789587681 1.4911649778469187 -0.22277108862928297 79.591361208312449 -0.13628970665977208 -29.811762474810557 -0.221159541212129
0.044978179609945768 -11.606339240618466 -0.061016353049752815 12.907882444044128 0.034241038337771153 -0.14908572043855184 -0.10674420054739789 -3.1306183662686333 0.03543200234222052 0.072445183816788383 13.273414177072103 -1.1242023500625868 -3.739662024301091 0.107097486439931 13.072282336891329 -0.36477971340602866 0.0041891895134059456 -0.0145615123604794 -0.28425038221321874 4.0708644505250202 -0.088992034930778341 47.027437493291607 -0.3088102371761976 -27.10524195435341 0.0168263574104346 0.054110091333308352 20.57271727807311 -1.5463627319322546 0.056840017895876754 -1.5161992071774231 -0.22277108862928319 8.5599049365988691 -0.13628970665977114 67.307596353727163 -0.22115954121213055 -13.769820026583211
-1.366265579054186 35.739518458535969 4.2655876476837333 -46.623842300886849 0.13075875593002029 -3.6471107981347841 0.05760077772554778 0.003771215549297019 13.55816144076018 -0.035948402170127861 0.036708034606705922 0.029111524673317846 8.5811352797168645 0.21328592737642965 -2.4980778612580048 -0.047134605266629437 0.0015028548198717951 5.2810925322628757 0.0053331331750776298 -0.023662451700103903 1.103548610802535 -12.391562591465107 -0.44402636979623517 6.6747264176498522 18.921708099783633 0.01064853179464726 0.025361936325589411 0.021879840147928112 -0.42058824905164927 5.7406389762017946 0.011438650270257089 -0.72314439029748401 -5.9657211882557126 67.387816343292215 0.62666914570354526 -19.423548278851197
12.830921622368869 -301.6301374971415 -1.3662655790541864 35.739518458535947 -0.18940505952219525 -7.3005557584789926 0.038751990671096498 2.1632635079337428 -0.035948402170127965 15.443947253053787 0.029111524673317818 -0.60978862089169417 -62.918388662793028 -1.3721044669257021 17.400134036795571 0.37813391745427949 4.9859899108323624 0.0015028548198717973 0.049498507914492201 0.0053331331750776367 -0.44402636979623517 6.6747264176498531 4.0230035201948411 -60.611269217996707 0.010648531794647857 20.2203507922715 0.021879840147928084 -0.46683275203554686 -1.2640726349515969 -39.490080345241992 0.30751685678716389 11.102668680148607 0.6266691457035457 -19.42354827885119 -10.098210462252888 207.91331118172761
0.43358484377464879 -7.0634736294117202 -1.1088288383062124 12.405128631467582 0.057600777725547808 0.0037712155492969079 0.13075875593001846 -3.647110798134805 0.036708034606705985 0.02911152467331779 13.558161440760159 -0.035948402170116633 -2.4980778612580048 -0.047134605266629326 8.5811352797165164 0.21328592737644403 0.0053331331750776263 -0.023662451700103771 0.0015028548198773584 5.2810925322628588 -3.9911173979097394 45.918669202695185 1.9090240592845324 -15.532142121642973 0.025361936325590317 0.021879840147928195 18.921708099783604 0.010648531794653193 0.011438650270257006 -0.72314439029748379 -0.4205882490516375 5.7406389762015833 -5.7792208700705956 66.908656917829447 0.9954691498715027 -5.6927992464146246
-3.9446326105400589 63.318933660327289 0.43358484377464906 -7.0634736294117193 0.038751990671096387 2.1632635079337428 -0.18940505952220721 -7.3005557584786898 0.029111524673317596 -0.60978862089169428 -0.0359484021701173 15.443947253053661 17.400134036795571 0.3781339174542786 -62.918388662790633 -1.3721044669258031 0.049498507914492063 0.0053331331750776229 4.9859899108322914 0.0015028548198773584 1.9090240592845338 -15.53214212164297 -16.904701233755269 160.8836762370824 0.021879840147928126 -0.46683275203554697 0.010648531794652638 20.220350792271422 0.30751685678716389 11.102668680148607 -1.26407263495165 -39.490080345240585 0.99546914987150292 -5.6927992464146264 -12.866310809613683 112.27722738013449
2.547538299671058 -304.01321445330746 -0.42273994816292043 39.056608365172124 0.22369472202452029 -7.0226444258998271 -0.066090140585356408 2.1582476882347024 -0.98862960920390375 15.161698864237627 0.026050232735815082 -0.6107663051722646 -63.41539865464361 1.6586791057443413 17.544643417168832 -0.48532184273809043 3.9524023280009049 -0.29275557994516621 0.0074263232202785301 0.0057678450813376074 -0.024567403704526425 7.5626367233293861 0.10198627264903859 -61.083170728646238 -1.4623219493074981 21.743254378102364 0.021166768764503477 -0.44201493440840411 0.90590884242301695 -39.837198351336966 -0.27121874894071885 11.135115481353688 0.27657982428854477 -24.24191827313194 -1.7977022913167762 209.17878998729395
-144.59531839241515 2.5475382996710723 17.407204387711182 -0.42273994816292043 5.8844964676950902 0.22369472202452029 -1.4026617335095475 -0.066090140585356394 0.28902397552957332 -3.9671613230194116 -0.0059302616460328202 0.015494139318490252 1.6586791057443431 42.42665547450526 -0.48532184273809142 -12.073521913577991 -14.39451505514587 1.1826012506326595 -0.58065680558761656 -0.017607695923094666 6.945858337289093 -0.024567403704526758 -55.056751463029613 0.10198627264903992 -1.5941241132037296 21.221959175362187 0.015430133179559595 0.36754744779069715 29.803354773755448 0.90590884242301883 -8.0493084829042907 -0.27121874894071935 -10.841836405673082 0.27657982428854561 116.2378338650641 -1.7977022913167808
-0.17977521328425627 63.813160970362858 0.036451677068946198 -7.9515046805032945 -0.066090140585356463 2.1582476882347024 0.22369472202450202 -7.0226444258995242 0.026050232735814943 -0.61076630517226482 -0.98862960920389176 15.161698864237508 17.544643417168828 -0.48532184273809098 -63.415398654641201 1.6586791057441932 0.0074263232202785578 0.0057678450813375588 3.9524023280008529 -0.29275557994516122 -0.19501363848517128 -18.842955589739404 1.4959901185518909 162.10624112636987 0.021166768764503435 -0.442014934408404 -1.4623219493074897 21.743254378102272 -0.27121874894071901 11.13511548135369 0.90590884242293335 -39.837198351335545 -0.14317874905312888 -10.506904451394195 0.94984261458865404 112.7541476081912
52.871283805759525 -0.17977521328425738 -6.6401802936661181 0.03645167706894592 -1.4026617335095473 -0.066090140585356325 5.8844964676950013 0.22369472202450191 -0.005930261646032782 0.015494139318490252 0.28902397552956827 -3.9671613230193614 -0.48532184273809076 -12.073521913577991 1.6586791057441967 42.426655474504628 -0.58065680558761679 -0.0176076959230945 -14.394515055145613 1.1826012506326344 -33.296582056607164 -0.19501363848517084 258.19759279179164 1.4959901185518873 0.01543013317955946 0.36754744779069654 -1.5941241132037134 21.221959175362002 -8.0493084829042907 -0.27121874894071907 29.80335477375505 0.90590884242293335 -21.638540214019052 -0.14317874905312822 193.42966190282849 0.94984261458865582
-143.80972293697184 24.161917584369039 13.489471459866524 -2.9637470797767516 5.6469935112176683 0.74018715389071521 -1.4260214728973239 -0.21894707657320506 0.0042767118415201286 -5.0554152709118911 -0.0072062939105183021 0.058827798461960956 6.1498261629193252 41.848589833722784 -1.7269060057811776 -11.91928982187143 -14.680268292178972 -0.027626831105183013 -0.58180074924928815 -0.008506756583470252 5.8983461085935422 -0.49976796806417983 -54.640591550648018 4.4516788897766322 0.056885065085783268 19.664947911635267 0.0068945542644024797 0.39977769897607707 30.001171934177798 3.7251748028204053 -8.0039071152786718 -1.0642735658206586 -5.1883000279778511 1.6487139863424587 115.99439990013663 -16.697691368863165
13.489471459866529 -2.9637470797767524 -54.989720369125635 3.6649446264752217 -3.0842947235842622 0.1711671320317657 -0.39144933818457955 0.02922521863873093 -4.954647367115955 0.0042767118415201729 0.0082773960276725997 -0.0072062939105182397 -0.86178970525664511 -6.3927366195136193 0.25160686681318828 1.6628540751813707 -0.027626831105183127 -17.149058257376314 -0.0085067565834700872 0.13252757779003574 -14.61453061117497 0.94394668778651736 5.898346108593544 -0.49976796806417972 21.533269420959002 0.056885065085782394 -0.097718509053858343 0.0068945542644025144 3.6611464552214734 -0.56988909472427429 0.36114072628136373 0.089286819100961257 79.020183462583347 -5.1305548048412275 -5.1883000279778528 1.6487139863424596
52.48267714159482 -4.7226408244910045 -5.5923678084096586 0.5392054896454912 -1.4260214728973239 -0.218947076573205 5.646993511217584 0.74018715389067502 -0.0072062939105182675 0.058827798461960901 0.004276711841515457 -5.0554152709118316 -1.7269060057811765 -11.91928982187143 6.1498261629190072 41.848589833722151 -0.58180074924928837 -0.0085067565834702225 -14.680268292178708 -0.027626831105202879 -29.394456693628204 0.91375465211125517 255.97975849533091 -10.07710971415856 0.0068945542644023756 0.39977769897607646 0.05688506508579444 19.664947911635089 -8.0039071152786736 -1.0642735658206581 30.001171934177403 3.7251748028202201 -15.99560905060823 0.25576068684458764 192.21303321174483 -7.1271781655799344
-5.5923678084096577 0.53920548964549175 14.63059691894097 -0.94904740414132793 -0.39144933818457978 0.029225218638730902 -3.0842947235842306 0.17116713203176775 0.0082773960276725268 -0.0072062939105182744 -4.9546473671159417 0.0042767118415154015 0.25160686681318811 1.6628540751813707 -0.86178970525659948 -6.392736619513526 -0.0085067565834700855 0.13252757779003602 -0.027626831105202428 -17.149058257376243 54.154581447098366 -3.3998055030272076 -29.394456693628204 0.91375465211125517 -0.097718509053858121 0.0068945542644025075 21.533269420958938 0.056885065085794634 0.36114072628136407 0.089286819100961201 3.6611464552214992 -0.56988909472424532 78.452713309387832 -4.9503949116393402 -15.995609050608232 0.25576068684458764
-6.5564927525442585 0.060943298581786709 18.572821468298468 -0.081615666293088335 -0.16740837519272564 0.036193340872915952 -3.0628872867315988 -0.093282207061833461 0.29828891586942308 -0.0052650688579414309 -4.0026313528702593 0.0020737476253211706 0.090358609861626582 2.1283193704667704 -0.25217936790894901 -6.53022983464178 -0.006179940709015566 1.3417693477201902 -0.027075231203774374 -16.866227577825288 55.19614341646956 -0.10744382484707393 -29.832367449636209 -0.20096389780953317 -1.7484669150190209 0.0043488185789942145 23.017321216661649 0.057337364144869216 0.1017962707074645 0.048944171343040827 3.6236409341487175 -0.16124379347773565 72.770256342302503 -0.12623202227642588 -15.635462044809882 -0.17209933844325054
0.060943298581786709 -9.6250800742688885 -0.081615666293088557 15.746710159616573 0.036193340872915931 0.26822055464289662 -0.09328220706183335 -3.654078920368991 -0.91530797963897814 0.031314488889512437 13.268149920918408 -0.037889627222694067 -3.1076881986056799 0.090358609861626665 8.7423835366680809 -0.25217936790894879 0.0047815332736497532 -0.30649313125106303 -0.00082396105457849256 4.0718507623327085 -0.1074438248470741 46.800629249050374 -0.20096389780953494 -16.025794475918925 -1.4586898593771198 0.021427541088853266 20.572456505748768 0.013194267480062249 0.048944171343040771 -1.1317896915440084 -0.16124379347773565 5.7809816239595051 -0.1262320222764268 62.061366334158571 -0.17209933844325098 -4.3106073999773624
62.782025583264478 -0.35830470197553432 -6.5564927525442593 0.060943298581786709 -1.8371689519088947 -0.079552134070922056 5.7652976359596018 0.22174241948935725 -0.005265068857941417 0.29994549235084433 0.0020737476253213372 -3.9681248637913682 -0.59792218823518128 -14.966812271119782 1.6754179823225019 42.824645939411603 0.45237917734241156 -0.0061799407090155651 -14.354769686325854 -0.027075231203774593 -29.832367449636209 -0.20096389780953139 260.00862208224339 1.4742392749254769 0.0043488185789940202 -1.1558084370992388 0.057337364144869271 21.199687093420266 -10.181784439206121 -0.33274604409227226 30.641434835056835 0.9138046889757705 -15.635462044809882 -0.17209933844325009 183.96158524357759 1.0665556554595685
-0.3583047019755341 84.949278063997127 0.06094329858178732 -9.6250800742688867 -0.079552134070922167 2.6817082423350826 0.22174241948935736 -7.4399507009809742 0.031314488889512382 -1.6970790280121677 -0.037889627222694511 15.202829559164783 21.874542217392257 -0.59792218823518173 -64.047372480336634 1.6754179823224984 -0.27600009793836572 0.0047815332736497219 3.9518099842406094 -0.00082396105457849256 -0.20096389780953183 -16.025794475918921 1.4742392749254805 165.34121519357666 0.021427541088853169 -2.0015719338207272 0.013194267480061472 21.775936928346724 -0.33274604409227204 13.914038793993155 0.91380468897576961 -40.221607866968974 -0.17209933844325032 -4.3106073999773642 1.0665556554595703 97.426298505356982
14.85573703892071 -38.703265538312706 -59.255308016809344 50.28878692736204 -3.2150534795142818 3.8182779301665475 -0.44905011591012722 0.025454003089433797 -18.512808807876127 0.040225114011647321 -0.028430638579032677 -0.036317818583835954 -9.4429249849735086 -6.6060225468900455 2.7496847280711934 1.7099886804479996 -0.02912968592505533 -22.430150789639185 -0.013839889758547629 0.15619002949014016 -15.718079221977504 13.335509279251621 6.342372478389775 -7.1744943857140306 2.611561321175369 0.046236533291135494 -0.12308044537944861 -0.014985285883525407 4.0817347042731233 -6.3105280709260683 0.34970207601110637 0.81243120939844515 84.985904650839061 -72.518371148133426 -5.8149691736813942 21.072262265193654
-156.64064455934061 325.7920550815104 14.855737038920706 -38.703265538312692 5.8363985707398616 8.0407429123697067 -1.46477346356842 -2.382210584506947 0.040225114011647016 -20.499362523965672 -0.036317818583836009 0.66861641935365423 69.068214825712346 43.220694300648461 -19.127040042576748 -12.297423739325705 -19.666258203011328 -0.029129685925055659 -0.63129925716378055 -0.013839889758547594 6.342372478389775 -7.1744943857140298 -58.663595070842831 65.062948107773309 0.046236533291135848 -0.55540288063623233 -0.014985285883525601 0.86661045101162326 31.265244569129376 43.215255148062383 -8.3114239720658336 -12.166942245969256 -5.8149691736813907 21.072262265193647 126.09261036238942 -224.61100255059068
-6.025952652184305 7.6026791190572123 15.739425757247176 -13.354176035608903 -0.4490501159101275 0.02545400308943413 -3.2150534795142471 3.8182779301665724 -0.028430638579033468 -0.036317818583836009 -18.512808807876091 0.040225114011631202 2.7496847280711929 1.7099886804479996 -9.4429249849731143 -6.6060225468899665 -0.013839889758547812 0.15619002949013941 -0.029129685925081139 -22.430150789639093 58.145698845008091 -49.31847470572238 -31.303480752912719 16.445896773754221 -0.12308044537944857 -0.014985285883525545 2.6115613211753343 0.046236533291141413 0.34970207601110725 0.81243120939844471 4.0817347042731358 -6.3105280709258249 84.231934179458406 -71.859051829468783 -16.991078200479723 5.9485599332592063
56.427309752134853 -68.041574484818284 -6.025952652184305 7.6026791190572087 -1.4647734635684195 -2.3822105845069466 5.8363985707397896 8.0407429123693639 -0.036317818583835954 0.66861641935365401 0.040225114011631424 -20.499362523965488 -19.127040042576745 -12.297423739325703 69.068214825709617 43.220694300647935 -0.63129925716378188 -0.013839889758547611 -19.66625820301099 -0.029129685925080695 -31.303480752912726 16.445896773754217 272.88445972908602 -170.96078595124089 -0.014985285883525712 0.86661045101162337 0.046236533291141968 -0.55540288063633092 -8.3114239720658336 -12.166942245969258 31.265244569129038 43.215255148060784 -16.991078200479723 5.9485599332592098 205.07934402135845 -119.40440554571441
168.36817317497938 -3.1282084232819223 -73.340450387728069 0.77059466800199306 -9.38189097282606 -0.33043892257192009 1.1160545265814197 0.10033117892312765 -4.2909901356117519 4.2536864236770908 0.0172689496112081 -0.021722748948438175 -2.023458819150405 -51.850175666688898 0.59241932917802287 14.599831748951724 15.400475806872139 -18.037401073243934 0.61422223369836026 0.14970056180687077 -21.979847914555769 0.080603785811511897 64.876114819168919 -0.12985273006367848 24.600364015264866 -22.687977696107243 -0.11243557084999371 -0.38547071115343767 -28.312189795908566 -1.1286799310523217 8.9891848149135356 0.3280587668365964 90.212109189671381 -0.58876463484902497 -129.72664206397801 2.180937472092884
-3.1282084232819152 361.36711219654126 0.77059466800199394 -88.221457797672741 -0.33043892257191981 3.8920260596312364 0.10033117892312762 -2.3073334086732533 14.262043786276022 -16.285901214300228 0.0093817696064052158 0.68321148898905271 76.487680991535441 -2.0234588191504033 -21.284305441469918 0.59241932917802154 -4.2366527102141314 4.3636200304701989 -0.0032371337068725081 -0.020329357441816891 0.080603785811511508 -20.42939987915414 -0.12985273006367848 72.107589763423675 22.035039227380636 -23.289617110034612 -0.0043404113540705669 0.49612502574171191 -1.128679931052319 48.397103287936126 0.32805876683659585 -12.651314688531107 -0.58876463484902453 93.001868778478027 2.1809374720928787 -243.50232734369149
-62.228509011424954 0.22475339289420626 21.667910379312783 -0.097468030118699034 1.1160545265814195 0.10033117892312754 -9.3818909728259356 -0.3304389225719 0.017268949611207972 -0.021722748948438286 -4.290990135611735 4.2536864236770313 0.59241932917802242 14.599831748951724 -2.0234588191502265 -51.850175666688116 0.61422223369836071 0.14970056180686997 15.400475806871839 -18.037401073243835 89.555201201475199 0.10602160355439416 -305.99274083772684 -1.8048003557280836 -0.11243557084999278 -0.38547071115343789 24.600364015264788 -22.687977696107041 8.9891848149135356 0.32805876683659618 -28.312189795908115 -1.1286799310522158 101.22990142233147 0.0068890423933585243 -223.24142437763894 -1.1710021558007924
0.22475339289420271 -75.419500210981283 -0.097468030118699089 20.859387124547414 0.10033117892312762 -2.3073334086732533 -0.3304389225719 3.89202605963089 0.009381769606406104 0.68321148898905248 14.262043786275992 -16.285901214300086 -21.284305441469915 0.59241932917802198 76.4876809915325 -2.023458819150223 -0.0032371337068725914 -0.02032935744181678 -4.2366527102140701 4.3636200304701802 0.10602160355439461 65.87039308303099 -1.8048003557280943 -189.21148308072321 -0.0043404113540694844 0.49612502574171113 22.035039227380597 -23.289617110034516 0.32805876683659596 -12.651314688531107 -1.1286799310522166 48.397103287934399 0.0068890423933580802 77.814500805121341 -1.1710021558007906 -126.52396763477439
20.41860575760364 -0.46308393350137195 -74.589755009437212 0.40497876461932308 -2.895478911538905 -0.12947554793474975 2.8954789115388699 0.12947554793474936 -4.3009202687396932 0.0073388164832666608 4.3009202687396808 -0.0073388164832622615 -0.34253797777059636 -8.6585492051086401 0.34253797777057438 8.6585492051085389 -0.020895290494739927 -18.207996925545544 0.020895290494760979 18.207996925545466 -73.694347600707175 0.16943046627842012 37.840701515323808 0.19484828402130416 24.765788131680729 0.052988545565862619 -24.765788131680658 -0.052988545565876483 3.5218446634412235 -0.21018796482079094 -3.5218446634412541 0.21018796482077562 0.59693827248669584 -0.15703219889393469 11.614730505146778 0.43862147834844967
-0.46308393350137184 45.842860723868547 0.40497876461932242 -63.237984198351633 -0.12947554793474966 -3.922299475011866 0.12947554793474925 3.9222994750118891 14.183457900557404 -0.069204116112217023 -14.18345790055738 0.069204116112205671 11.850071735274106 -0.34253797777059658 -11.850071735273731 0.34253797777057371 -0.0056054943282324507 4.378343893583784 0.005605494328227989 -4.3783438935837697 0.16943046627842151 -62.484553518695591 0.19484828402130461 23.815239443489556 22.03114636512591 -0.0082332736087975811 -22.031146365125871 0.0082332736087901148 -0.21018796482079047 6.9127713155037211 0.21018796482077551 -6.9127713155034964 -0.15703219889393438 0.50228711977070439 0.438621478348449 -14.685080853585994
-210.17807642880078 2.8898778826747615 20.418605757603643 -0.46308393350137117 7.602466587868582 0.30129455356029755 -7.6024665878684905 -0.30129455356027779 0.0073388164832667024 -4.2680703561422613 -0.0073388164832624281 4.268070356142208 2.2733401705578276 57.791458210531999 -2.2733401705576721 -57.791458210531317 -14.807148863668523 -0.020895290494739788 14.807148863668242 0.020895290494760313 37.840701515323808 0.19484828402130017 -333.02815414157203 -1.4800993416430899 0.052988545565864305 22.355495530519679 -0.052988545565876732 -22.355495530519484 40.823219274263344 1.2465507330681249 -40.823219274262911 -1.2465507330680348 11.614730505146781 0.43862147834844811 -81.900051808514206 -2.9133181495452227
2.8898778826747544 -390.94375168365411 -0.46308393350137328 45.842860723868533 0.30129455356029766 -10.121658943316357 -0.30129455356027823 10.121658943316033 -0.069204116112217218 16.899908587177066 0.069204116112206338 -16.899908587176938 -85.921914697731268 2.273340170557828 85.921914697728695 -2.2733401705576703 4.2278100821790261 -0.0056054943282324264 -4.2278100821789701 0.0056054943282280445 0.19484828402129928 23.815239443489553 -1.4800993416430899 -237.50383340065736 -0.0082332736087972758 23.777508862167529 0.0082332736087903369 -23.777508862167437 1.2465507330681245 -54.135646660963516 -1.2465507330680365 54.135646660962017 0.43862147834844745 -14.68508085358599 -2.9133181495452192 102.29327885533112
D667RT mesh=d667_curved_hex.mesh INTEG=wgradneg RULE=o4 NPT=27 n=36
147.39605084553639 -2.531573180699227 -13.862113005059388 0.40214063491958568 -5.7652976359596888 -0.22174241948937551 1.8371689519088883 0.079552134070920766 -0.0020737476253253071 3.9681248637914184 0.0052650688579411534 -0.29994549235084034 -1.6754179823226476 -42.824645939412221 0.59792218823517151 14.966812271119728 14.354769686326113 0.027075231203754942 -0.4523791773423928 0.0061799407090141791 -8.0083340656876061 0.0061156137882307782 73.019532059328739 0.0058600667176227361 -0.057337364144858093 -21.199687093420447 -0.0043488185789933437 1.155808437099225 -30.641434835057229 -0.91380468897585476 10.181784439206091 0.33274604409226627 4.020731539663096 -0.26652213990519896 -102.06153343506344 1.8467624940856611
-2.531573180699227 305.99447361965696 0.40214063491958668 -36.217780649599675 -0.22174241948937551 7.4399507009812762 0.079552134070920821 -2.6817082423350604 0.037889627222705009 -15.202829559164908 -0.031314488889511882 1.6970790280121577 64.047372480339035 -1.6754179823226476 -21.874542217392083 0.5979221882351704 -3.9518099842406613 0.00082396105458269146 0.27600009793836189 -0.0047815332736494687 0.0061156137882306671 -7.7894449675706401 0.0058600667176214039 72.162618207080726 -0.013194267480055848 -21.775936928346823 -0.021427541088852919 2.0015719338207205 -0.91380468897585387 40.22160786697038 0.33274604409226638 -13.914038793993056 -0.26652213990519857 18.995688253563358 1.8467624940856602 -199.71957736068811
-13.862113005059392 0.40214063491958557 56.016933541138769 -0.32336309832623322 3.0628872867316304 0.093282207061833988 0.16740837519272786 -0.036193340872915966 4.0026313528702699 -0.0020737476253252897 -0.29828891586942219 0.0052650688579411672 0.25217936790896983 6.5302298346418768 -0.09035860986162525 -2.1283193704667629 0.027075231203754782 16.866227577825356 0.0061799407090141513 -1.3417693477201853 18.498204184237633 -0.061986641431346509 -8.0083340656876043 0.0061156137882303896 -23.017321216661717 -0.05733736414485742 1.7484669150190169 -0.0043488185789934894 -3.6236409341486886 0.1612437934777497 -0.10179627070746192 -0.048944171343039827 -73.367194614789213 0.28326422117035915 4.0207315396630978 -0.26652213990519835
0.40214063491958491 -36.217780649599682 -0.32336309832623222 47.491274038735078 0.093282207061833933 3.6540789203689701 -0.036193340872915924 -0.26822055464289829 -13.268149920918429 0.037889627222704739 0.91530797963897614 -0.031314488889511827 -8.742383536668429 0.25217936790897005 3.107688198605655 -0.090358609861625083 0.00082396105458260992 -4.0718507623327218 -0.0047815332736494617 0.30649313125106176 -0.061986641431346662 15.683924269645237 0.0061156137882305561 -7.7894449675706401 -20.572456505748804 -0.013194267480055588 1.4586898593771174 -0.021427541088852753 0.16124379347774975 -5.7809816239597165 -0.048944171343039855 1.1317896915439931 0.28326422117036004 -62.563653453929305 -0.26652213990519752 18.995688253563355
-23.772854782564334 0.5806701236108639 55.933246000016915 -0.34785471983907373 3.4973945051309778 0.10674420054739973 0.28660720692812686 -0.034241038337771229 4.001966160082179 -0.28652510065767905 -0.011338687965175183 0.0062286096299480967 0.36477971340606052 9.4235201921836573 -0.10709748643993117 -2.5263098353737399 -1.0059607517262728 16.85479982261128 -0.033565428110743638 -0.13209286588377536 15.033989577266681 -0.056036382106985319 -9.8193633561393376 0.027866457414640167 -23.00623990206115 1.4660185207450769 0.097005437670433972 0.017923263362741092 -1.4911649778468619 0.22277108862930306 -0.93987633200924603 -0.056840017895876838 -79.370272783998374 0.31218481056047981 13.488808198913953 -0.38323518077611257
0.58067012361086223 -57.353897743233944 -0.34785471983907357 49.164849432500681 0.10674420054739971 3.1306183662685898 -0.034241038337771194 0.14908572043855181 -13.273414177072127 1.1242023500626068 -0.035432002342220284 -0.072445183816788494 -13.072282336891847 0.36477971340606075 3.7396620243010918 -0.10709748643993094 0.28425038221322663 -4.0708644505250335 -0.0041891895134059803 0.01456151236047943 -0.056036382106985319 12.866763155824758 0.027866457414639834 -11.024419034777443 -20.572717278073146 1.5463627319322677 -0.016826357410433975 -0.054110091333308269 0.22277108862930273 -8.5599049365991817 -0.056840017895876838 1.5161992071774235 0.31218481056047992 -68.759950505346126 -0.38323518077610969 34.32353735639758
9.3572252056654559 -0.044978179609946434 -15.027730085646674 0.06101635304975276 0.28660720692812702 -0.034241038337771187 3.4973945051309396 0.10674420054739797 -0.011338687965175089 0.0062286096299480759 4.0019661600821674 -0.28652510065767134 -0.10709748643993092 -2.5263098353737399 0.36477971340602933 9.4235201921835188 -0.033565428110743728 -0.13209286588377595 -1.0059607517262348 16.854799822611202 -56.258619144868085 0.088992034930778618 47.795148045935349 0.30881023717619493 0.097005437670433528 0.01792326336274121 -23.006239902061083 1.4660185207450511 -0.93987633200924658 -0.05684001789587681 -1.4911649778469187 0.22277108862928297 -79.591361208312449 0.13628970665977208 29.811762474810557 0.221159541212129
-0.044978179609945768 11.606339240618466 0.061016353049752815 -12.907882444044128 -0.034241038337771153 0.14908572043855184 0.10674420054739789 3.1306183662686333 -0.03543200234222052 -0.072445183816788383 -13.273414177072103 1.1242023500625868 3.739662024301091 -0.107097486439931 -13.072282336891329 0.36477971340602866 -0.0041891895134059456 0.0145615123604794 0.28425038221321874 -4.0708644505250202 0.088992034930778341 -47.027437493291607 0.3088102371761976 27.10524195435341 -0.0168263574104346 -0.054110091333308352 -20.57271727807311 1.5463627319322546 -0.056840017895876754 1.5161992071774231 0.22277108862928319 -8.5599049365988691 0.13628970665977114 -67.307596353727163 0.22115954121213055 13.769820026583211
1.366265579054186 -35.739518458535969 -4.2655876476837333 46.623842300886849 -0.13075875593002029 3.6471107981347841 -0.05760077772554778 -0.003771215549297019 -13.55816144076018 0.035948402170127861 -0.036708034606705922 -0.029111524673317846 -8.5811352797168645 -0.21328592737642965 2.4980778612580048 0.047134605266629437 -0.0015028548198717951 -5.2810925322628757 -0.0053331331750776298 0.023662451700103903 -1.103548610802535 12.391562591465107 0.44402636979623517 -6.6747264176498522 -18.921708099783633 -0.01064853179464726 -0.025361936325589411 -0.021879840147928112 0.42058824905164927 -5.7406389762017946 -0.011438650270257089 0.72314439029748401 5.9657211882557126 -67.387816343292215 -0.62666914570354526 19.423548278851197
-12.830921622368869 301.6301374971415 1.3662655790541864 -35.739518458535947 0.18940505952219525 7.3005557584789926 -0.038751990671096498 -2.1632635079337428 0.035948402170127965 -15.443947253053787 -0.029111524673317818 0.60978862089169417 62.918388662793028 1.3721044669257021 -17.400134036795571 -0.37813391745427949 -4.9859899108323624 -0.0015028548198717973 -0.049498507914492201 -0.0053331331750776367 0.44402636979623517 -6.6747264176498531 -4.0230035201948411 60.611269217996707 -0.010648531794647857 -20.2203507922715 -0.021879840147928084 0.46683275203554686 1.2640726349515969 39.490080345241992 -0.30751685678716389 -11.102668680148607 -0.6266691457035457 19.42354827885119 10.098210462252888 -207.91331118172761
-0.43358484377464879 7.0634736294117202 1.1088288383062124 -12.405128631467582 -0.057600777725547808 -0.0037712155492969079 -0.13075875593001846 3.647110798134805 -0.036708034606705985 -0.02911152467331779 -13.558161440760159 0.035948402170116633 2.4980778612580048 0.047134605266629326 -8.5811352797165164 -0.21328592737644403 -0.0053331331750776263 0.023662451700103771 -0.0015028548198773584 -5.2810925322628588 3.9911173979097394 -45.918669202695185 -1.9090240592845324 15.532142121642973 -0.025361936325590317 -0.021879840147928195 -18.921708099783604 -0.010648531794653193 -0.011438650270257006 0.72314439029748379 0.4205882490516375 -5.7406389762015833 5.7792208700705956 -66.908656917829447 -0.9954691498715027 5.6927992464146246
3.9446326105400589 -63.318933660327289 -0.43358484377464906 7.0634736294117193 -0.038751990671096387 -2.1632635079337428 0.18940505952220721 7.3005557584786898 -0.029111524673317596 0.60978862089169428 0.0359484021701173 -15.443947253053661 -17.400134036795571 -0.3781339174542786 62.918388662790633 1.3721044669258031 -0.049498507914492063 -0.0053331331750776229 -4.9859899108322914 -0.0015028548198773584 -1.9090240592845338 15.53214212164297 16.904701233755269 -160.8836762370824 -0.021879840147928126 0.46683275203554697 -0.010648531794652638 -20.220350792271422 -0.30751685678716389 -11.102668680148607 1.26407263495165 39.490080345240585 -0.99546914987150292 5.6927992464146264 12.866310809613683 -112.27722738013449
-2.547538299671058 304.01321445330746 0.42273994816292043 -39.056608365172124 -0.22369472202452029 7.0226444258998271 0.066090140585356408 -2.1582476882347024 0.98862960920390375 -15.161698864237627 -0.026050232735815082 0.6107663051722646 63.41539865464361 -1.6586791057443413 -17.544643417168832 0.48532184273809043 -3.9524023280009049 0.29275557994516621 -0.0074263232202785301 -0.0057678450813376074 0.024567403704526425 -7.5626367233293861 -0.10198627264903859 61.083170728646238 1.4623219493074981 -21.743254378102364 -0.021166768764503477 0.44201493440840411 -0.90590884242301695 39.837198351336966 0.27121874894071885 -11.135115481353688 -0.27657982428854477 24.24191827313194 1.7977022913167762 -209.17878998729395
144.59531839241515 -2.5475382996710723 -17.407204387711182 0.42273994816292043 -5.8844964676950902 -0.22369472202452029 1.4026617335095475 0.066090140585356394 -0.28902397552957332 3.9671613230194116 0.0059302616460328202 -0.015494139318490252 -1.6586791057443431 -42.42665547450526 0.48532184273809142 12.073521913577991 14.39451505514587 -1.1826012506326595 0.58065680558761656 0.017607695923094666 -6.945858337289093 0.024567403704526758 55.056751463029613 -0.10198627264903992 1.5941241132037296 -21.221959175362187 -0.015430133179559595 -0.36754744779069715 -29.803354773755448 -0.90590884242301883 8.0493084829042907 0.27121874894071935 10.841836405673082 -0.27657982428854561 -116.2378338650641 1.7977022913167808
0.17977521328425627 -63.813160970362858 -0.036451677068946198 7.9515046805032945 0.066090140585356463 -2.1582476882347024 -0.22369472202450202 7.0226444258995242 -0.026050232735814943 0.61076630517226482 0.98862960920389176 -15.161698864237508 -17.544643417168828 0.48532184273809098 63.415398654641201 -1.6586791057441932 -0.0074263232202785578 -0.0057678450813375588 -3.9524023280008529 0.29275557994516122 0.19501363848517128 18.842955589739404 -1.4959901185518909 -162.10624112636987 -0.021166768764503435 0.442014934408404 1.4623219493074897 -21.743254378102272 0.27121874894071901 -11.13511548135369 -0.90590884242293335 39.837198351335545 0.14317874905312888 10.506904451394195 -0.94984261458865404 -112.7541476081912
-52.871283805759525 0.17977521328425738 6.6401802936661181 -0.03645167706894592 1.4026617335095473 0.066090140585356325 -5.8844964676950013 -0.22369472202450191 0.005930261646032782 -0.015494139318490252 -0.28902397552956827 3.9671613230193614 0.48532184273809076 12.073521913577991 -1.6586791057441967 -42.426655474504628 0.58065680558761679 0.0176076959230945 14.394515055145613 -1.1826012506326344 33.296582056607164 0.19501363848517084 -258.19759279179164 -1.4959901185518873 -0.01543013317955946 -0.36754744779069654 1.5941241132037134 -21.221959175362002 8.0493084829042907 0.27121874894071907 -29.80335477375505 -0.90590884242293335 21.638540214019052 0.14317874905312822 -193.42966190282849 -0.94984261458865582
143.80972293697184 -24.161917584369039 -13.489471459866524 2.9637470797767516 -5.6469935112176683 -0.74018715389071521 1.4260214728973239 0.21894707657320506 -0.0042767118415201286 5.0554152709118911 0.0072062939105183021 -0.058827798461960956 -6.1498261629193252 -41.848589833722784 1.7269060057811776 11.91928982187143 14.680268292178972 0.027626831105183013 0.58180074924928815 0.008506756583470252 -5.8983461085935422 0.49976796806417983 54.640591550648018 -4.4516788897766322 -0.056885065085783268 -19.664947911635267 -0.0068945542644024797 -0.39977769897607707 -30.001171934177798 -3.7251748028204053 8.0039071152786718 1.0642735658206586 5.1883000279778511 -1.6487139863424587 -115.99439990013663 16.697691368863165
-13.489471459866529 2.9637470797767524 54.989720369125635 -3.6649446264752217 3.0842947235842622 -0.1711671320317657 0.39144933818457955 -0.02922521863873093 4.954647367115955 -0.0042767118415201729 -0.0082773960276725997 0.0072062939105182397 0.86178970525664511 6.3927366195136193 -0.25160686681318828 -1.6628540751813707 0.027626831105183127 17.149058257376314 0.0085067565834700872 -0.13252757779003574 14.61453061117497 -0.94394668778651736 -5.898346108593544 0.49976796806417972 -21.533269420959002 -0.056885065085782394 0.097718509053858343 -0.0068945542644025144 -3.6611464552214734 0.56988909472427429 -0.36114072628136373 -0.089286819100961257 -79.020183462583347 5.1305548048412275 5.1883000279778528 -1.6487139863424596
-52.48267714159482 4.7226408244910045 5.5923678084096586 -0.5392054896454912 1.4260214728973239 0.218947076573205 -5.646993511217584 -0.74018715389067502 0.0072062939105182675 -0.058827798461960901 -0.004276711841515457 5.0554152709118316 1.7269060057811765 11.91928982187143 -6.1498261629190072 -41.848589833722151 0.58180074924928837 0.0085067565834702225 14.680268292178708 0.027626831105202879 29.394456693628204 -0.91375465211125517 -255.97975849533091 10.07710971415856 -0.0068945542644023756 -0.39977769897607646 -0.05688506508579444 -19.664947911635089 8.0039071152786736 1.0642735658206581 -30.001171934177403 -3.7251748028202201 15.99560905060823 -0.25576068684458764 -192.21303321174483 7.1271781655799344
5.5923678084096577 -0.53920548964549175 -14.63059691894097 0.94904740414132793 0.39144933818457978 -0.029225218638730902 3.0842947235842306 -0.17116713203176775 -0.0082773960276725268 0.0072062939105182744 4.9546473671159417 -0.0042767118415154015 -0.25160686681318811 -1.6628540751813707 0.86178970525659948 6.392736619513526 0.0085067565834700855 -0.13252757779003602 0.027626831105202428 17.149058257376243 -54.154581447098366 3.3998055030272076 29.394456693628204 -0.91375465211125517 0.097718509053858121 -0.0068945542644025075 -21.533269420958938 -0.056885065085794634 -0.36114072628136407 -0.089286819100961201 -3.6611464552214992 0.56988909472424532 -78.452713309387832 4.9503949116393402 15.995609050608232 -0.25576068684458764
6.5564927525442585 -0.060943298581786709 -18.572821468298468 0.081615666293088335 0.16740837519272564 -0.036193340872915952 3.0628872867315988 0.093282207061833461 -0.29828891586942308 0.0052650688579414309 4.0026313528702593 -0.0020737476253211706 -0.090358609861626582 -2.1283193704667704 0.25217936790894901 6.53022983464178 0.006179940709015566 -1.3417693477201902 0.027075231203774374 16.866227577825288 -55.19614341646956 0.10744382484707393 29.832367449636209 0.20096389780953317 1.7484669150190209 -0.0043488185789942145 -23.017321216661649 -0.057337364144869216 -0.1017962707074645 -0.048944171343040827 -3.6236409341487175 0.16124379347773565 -72.770256342302503 0.12623202227642588 15.635462044809882 0.17209933844325054
-0.060943298581786709 9.6250800742688885 0.081615666293088557 -15.746710159616573 -0.036193340872915931 -0.26822055464289662 0.09328220706183335 3.654078920368991 0.91530797963897814 -0.031314488889512437 -13.268149920918408 0.037889627222694067 3.1076881986056799 -0.090358609861626665 -8.7423835366680809 0.25217936790894879 -0.0047815332736497532 0.30649313125106303 0.00082396105457849256 -4.0718507623327085 0.1074438248470741 -46.800629249050374 0.20096389780953494 16.025794475918925 1.4586898593771198 -0.021427541088853266 -20.572456505748768 -0.013194267480062249 -0.048944171343040771 1.1317896915440084 0.16124379347773565 -5.7809816239595051 0.1262320222764268 -62.061366334158571 0.17209933844325098 4.3106073999773624
-62.782025583264478 0.35830470197553432 6.5564927525442593 -0.060943298581786709 1.8371689519088947 0.079552134070922056 -5.7652976359596018 -0.22174241948935725 0.005265068857941417 -0.29994549235084433 -0.0020737476253213372 3.9681248637913682 0.59792218823518128 14.966812271119782 -1.6754179823225019 -42.824645939411603 -0.45237917734241156 0.0061799407090155651 14.354769686325854 0.027075231203774593 29.832367449636209 0.20096389780953139 -260.00862208224339 -1.4742392749254769 -0.0043488185789940202 1.1558084370992388 -0.057337364144869271 -21.199687093420266 10.181784439206121 0.33274604409227226 -30.641434835056835 -0.9138046889757705 15.635462044809882 0.17209933844325009 -183.96158524357759 -1.0665556554595685
0.3583047019755341 -84.949278063997127 -0.06094329858178732 9.6250800742688867 0.079552134070922167 -2.6817082423350826 -0.22174241948935736 7.4399507009809742 -0.031314488889512382 1.6970790280121677 0.037889627222694511 -15.202829559164783 -21.874542217392257 0.59792218823518173 64.047372480336634 -1.6754179823224984 0.27600009793836572 -0.0047815332736497219 -3.9518099842406094 0.00082396105457849256 0.20096389780953183 16.025794475918921 -1.4742392749254805 -165.34121519357666 -0.021427541088853169 2.0015719338207272 -0.013194267480061472 -21.775936928346724 0.33274604409227204 -13.914038793993155 -0.91380468897576961 40.221607866968974 0.17209933844325032 4.3106073999773642 -1.0665556554595703 -97.426298505356982
-14.85573703892071 38.703265538312706 59.255308016809344 -50.28878692736204 3.2150534795142818 -3.8182779301665475 0.44905011591012722 -0.025454003089433797 18.512808807876127 -0.040225114011647321 0.028430638579032677 0.036317818583835954 9.4429249849735086 6.6060225468900455 -2.7496847280711934 -1.7099886804479996 0.02912968592505533 22.430150789639185 0.013839889758547629 -0.15619002949014016 15.718079221977504 -13.335509279251621 -6.342372478389775 7.1744943857140306 -2.611561321175369 -0.046236533291135494 0.12308044537944861 0.014985285883525407 -4.0817347042731233 6.3105280709260683 -0.34970207601110637 -0.81243120939844515 -84.985904650839061 72.518371148133426 5.8149691736813942 -21.072262265193654
156.64064455934061 -325.7920550815104 -14.855737038920706 38.703265538312692 -5.8363985707398616 -8.0407429123697067 1.46477346356842 2.382210584506947 -0.040225114011647016 20.499362523965672 0.036317818583836009 -0.66861641935365423 -69.068214825712346 -43.220694300648461 19.127040042576748 12.297423739325705 19.666258203011328 0.029129685925055659 0.63129925716378055 0.013839889758547594 -6.342372478389775 7.1744943857140298 58.663595070842831 -65.062948107773309 -0.046236533291135848 0.55540288063623233 0.014985285883525601 -0.86661045101162326 -31.265244569129376 -43.215255148062383 8.3114239720658336 12.166942245969256 5.8149691736813907 -21.072262265193647 -126.09261036238942 224.61100255059068
6.025952652184305 -7.6026791190572123 -15.739425757247176 13.354176035608903 0.4490501159101275 -0.02545400308943413 3.2150534795142471 -3.8182779301665724 0.028430638579033468 0.036317818583836009 18.512808807876091 -0.040225114011631202 -2.7496847280711929 -1.7099886804479996 9.4429249849731143 6.6060225468899665 0.013839889758547812 -0.15619002949013941 0.029129685925081139 22.430150789639093 -58.145698845008091 49.31847470572238 31.303480752912719 -16.445896773754221 0.12308044537944857 0.014985285883525545 -2.6115613211753343 -0.046236533291141413 -0.34970207601110725 -0.81243120939844471 -4.0817347042731358 6.3105280709258249 -84.231934179458406 71.859051829468783 16.991078200479723 -5.9485599332592063
-56.427309752134853 68.041574484818284 6.025952652184305 -7.6026791190572087 1.4647734635684195 2.3822105845069466 -5.8363985707397896 -8.0407429123693639 0.036317818583835954 -0.66861641935365401 -0.040225114011631424 20.499362523965488 19.127040042576745 12.297423739325703 -69.068214825709617 -43.220694300647935 0.63129925716378188 0.013839889758547611 19.66625820301099 0.029129685925080695 31.303480752912726 -16.445896773754217 -272.88445972908602 170.96078595124089 0.014985285883525712 -0.86661045101162337 -0.046236533291141968 0.55540288063633092 8.3114239720658336 12.166942245969258 -31.265244569129038 -43.215255148060784 16.991078200479723 -5.9485599332592098 -205.07934402135845 119.40440554571441
-168.36817317497938 3.1282084232819223 73.340450387728069 -0.77059466800199306 9.38189097282606 0.33043892257192009 -1.1160545265814197 -0.10033117892312765 4.2909901356117519 -4.2536864236770908 -0.0172689496112081 0.021722748948438175 2.023458819150405 51.850175666688898 -0.59241932917802287 -14.599831748951724 -15.400475806872139 18.037401073243934 -0.61422223369836026 -0.14970056180687077 21.979847914555769 -0.080603785811511897 -64.876114819168919 0.12985273006367848 -24.600364015264866 22.687977696107243 0.11243557084999371 0.38547071115343767 28.312189795908566 1.1286799310523217 -8.9891848149135356 -0.3280587668365964 -90.212109189671381 0.58876463484902497 129.72664206397801 -2.180937472092884
3.1282084232819152 -361.36711219654126 -0.77059466800199394 88.221457797672741 0.33043892257191981 -3.8920260596312364 -0.10033117892312762 2.3073334086732533 -14.262043786276022 16.285901214300228 -0.0093817696064052158 -0.68321148898905271 -76.487680991535441 2.0234588191504033 21.284305441469918 -0.59241932917802154 4.2366527102141314 -4.3636200304701989 0.0032371337068725081 0.020329357441816891 -0.080603785811511508 20.42939987915414 0.12985273006367848 -72.107589763423675 -22.035039227380636 23.289617110034612 0.0043404113540705669 -0.49612502574171191 1.128679931052319 -48.397103287936126 -0.32805876683659585 12.651314688531107 0.58876463484902453 -93.001868778478027 -2.1809374720928787 243.50232734369149
62.228509011424954 -0.22475339289420626 -21.667910379312783 0.097468030118699034 -1.1160545265814195 -0.10033117892312754 9.3818909728259356 0.3304389225719 -0.017268949611207972 0.021722748948438286 4.290990135611735 -4.2536864236770313 -0.59241932917802242 -14.599831748951724 2.0234588191502265 51.850175666688116 -0.61422223369836071 -0.14970056180686997 -15.400475806871839 18.037401073243835 -89.555201201475199 -0.10602160355439416 305.99274083772684 1.8048003557280836 0.11243557084999278 0.38547071115343789 -24.600364015264788 22.687977696107041 -8.9891848149135356 -0.32805876683659618 28.312189795908115 1.1286799310522158 -101.22990142233147 -0.0068890423933585243 223.24142437763894 1.1710021558007924
-0.22475339289420271 75.419500210981283 0.097468030118699089 -20.859387124547414 -0.10033117892312762 2.3073334086732533 0.3304389225719 -3.89202605963089 -0.009381769606406104 -0.68321148898905248 -14.262043786275992 16.285901214300086 21.284305441469915 -0.59241932917802198 -76.4876809915325 2.023458819150223 0.0032371337068725914 0.02032935744181678 4.2366527102140701 -4.3636200304701802 -0.10602160355439461 -65.87039308303099 1.8048003557280943 189.21148308072321 0.0043404113540694844 -0.49612502574171113 -22.035039227380597 23.289617110034516 -0.32805876683659596 12.651314688531107 1.1286799310522166 -48.397103287934399 -0.0068890423933580802 -77.814500805121341 1.1710021558007906 126.52396763477439
-20.41860575760364 0.46308393350137195 74.589755009437212 -0.40497876461932308 2.895478911538905 0.12947554793474975 -2.8954789115388699 -0.12947554793474936 4.3009202687396932 -0.0073388164832666608 -4.3009202687396808 0.0073388164832622615 0.34253797777059636 8.6585492051086401 -0.34253797777057438 -8.6585492051085389 0.020895290494739927 18.207996925545544 -0.020895290494760979 -18.207996925545466 73.694347600707175 -0.16943046627842012 -37.840701515323808 -0.19484828402130416 -24.765788131680729 -0.052988545565862619 24.765788131680658 0.052988545565876483 -3.5218446634412235 0.21018796482079094 3.5218446634412541 -0.21018796482077562 -0.59693827248669584 0.15703219889393469 -11.614730505146778 -0.43862147834844967
0.46308393350137184 -45.842860723868547 -0.40497876461932242 63.237984198351633 0.12947554793474966 3.922299475011866 -0.12947554793474925 -3.9222994750118891 -14.183457900557404 0.069204116112217023 14.18345790055738 -0.069204116112205671 -11.850071735274106 0.34253797777059658 11.850071735273731 -0.34253797777057371 0.0056054943282324507 -4.378343893583784 -0.005605494328227989 4.3783438935837697 -0.16943046627842151 62.484553518695591 -0.19484828402130461 -23.815239443489556 -22.03114636512591 0.0082332736087975811 22.031146365125871 -0.0082332736087901148 0.21018796482079047 -6.9127713155037211 -0.21018796482077551 6.9127713155034964 0.15703219889393438 -0.50228711977070439 -0.438621478348449 14.685080853585994
210.17807642880078 -2.8898778826747615 -20.418605757603643 0.46308393350137117 -7.602466587868582 -0.30129455356029755 7.6024665878684905 0.30129455356027779 -0.0073388164832667024 4.2680703561422613 0.0073388164832624281 -4.268070356142208 -2.2733401705578276 -57.791458210531999 2.2733401705576721 57.791458210531317 14.807148863668523 0.020895290494739788 -14.807148863668242 -0.020895290494760313 -37.840701515323808 -0.19484828402130017 333.02815414157203 1.4800993416430899 -0.052988545565864305 -22.355495530519679 0.052988545565876732 22.355495530519484 -40.823219274263344 -1.2465507330681249 40.823219274262911 1.2465507330680348 -11.614730505146781 -0.43862147834844811 81.900051808514206 2.9133181495452227
-2.8898778826747544 390.94375168365411 0.46308393350137328 -45.842860723868533 -0.30129455356029766 10.121658943316357 0.30129455356027823 -10.121658943316033 0.069204116112217218 -16.899908587177066 -0.069204116112206338 16.899908587176938 85.921914697731268 -2.273340170557828 -85.921914697728695 2.2733401705576703 -4.2278100821790261 0.0056054943282324264 4.2278100821789701 -0.0056054943282280445 -0.19484828402129928 -23.815239443489553 1.4800993416430899 237.50383340065736 0.0082332736087972758 -23.777508862167529 -0.0082332736087903369 23.777508862167437 -1.2465507330681245 54.135646660963516 1.2465507330680365 -54.135646660962017 -0.43862147834844745 14.68508085358599 2.9133181495452192 -102.29327885533112
PROBE mesh=d667_curved_hex_w2.mesh ndof=36 feorder=2 OrderW=5 OrderJ=2
PROBE weight_center=0.00088279837574237131
PROBE divref_center
0.25 0.25 0.25 0.25 0.25 0.25 0.25 0.25 0.25 0.25 0.25 0.25 0.25 0.25 0.25 0.25 0.25 0.25 0.25 0.25 0.25 0.25 0.25 0.25 0 0 0 0 0 0 0 0 0 0 0 0 
PROBE vref_center
0 0 0
0 0 0
0 0 0
0 0 0
0 0 0
0 0 0
0 0 0
0 0 0
0 0 0
0 0 0
0 0 0
0 0 0
0 0 0
0 0 0
0 0 0
0 0 0
0 0 0
0 0 0
0 0 0
0 0 0
0 0 0
0 0 0
0 0 0
0 0 0
0.25 0 0
0.25 0 0
0.25 0 0
0.25 0 0
0 0.25 0
0 0.25 0
0 0.25 0
0 0.25 0
0 0 0.25
0 0 0.25
0 0 0.25
0 0 0.25
PROBE vref_q0 ip=0.21132486540518711,0.21132486540518711,0.21132486540518711
0 0 -0
0 0 -0
0 0 -0.4553418012614795
0 0 -0
0 -0.4553418012614795 0
0 -0 0
0 -0 0
0 -0 0
-0.12200846792814621 0 0
-0 0 0
-0 0 0
-0 0 0
0 -0 0
0 -0.12200846792814621 0
0 -0 0
0 -0 0
-0 0 0
-0.4553418012614795 0 0
-0 0 0
-0 0 0
0 0 -0.12200846792814621
0 0 -0
0 0 -0
0 0 -0
0.66666666666666663 0 0
0 0 0
0 0 0
0 0 0
0 0.66666666666666663 0
0 0 0
0 0 0
0 0 0
0 0 0.66666666666666663
0 0 0
0 0 0
0 0 0
PROBE vref_q1 ip=0.78867513459481287,0.21132486540518711,0.21132486540518711
0 0 0
0 0 -0
0 0 0
0 0 -0.4553418012614795
0 0 0
0 -0.4553418012614795 0
0 0 0
0 -0 0
0.4553418012614795 0 0
0 0 0
0 0 0
0 0 0
0 -0.12200846792814621 0
0 0 0
0 -0 0
0 0 0
0 0 0
0.12200846792814621 0 0
0 0 0
0 0 0
0 0 0
0 0 -0.12200846792814621
0 0 0
0 0 -0
0.66666666666666663 0 0
0 0 0
0 0 0
0 0 0
0 -0 0
0 0.66666666666666663 0
0 -0 0
0 0 0
0 0 -0
0 0 0.66666666666666663
0 0 -0
0 0 0
PROBE vref_q2 ip=0.21132486540518711,0.78867513459481287,0.21132486540518711
0 0 -0.4553418012614795
0 0 -0
0 0 0
0 0 0
0 0.12200846792814621 0
0 0 0
0 0 0
0 0 0
0 0 0
-0.12200846792814621 0 0
0 0 0
-0 0 0
0 0 0
0 0.4553418012614795 0
0 0 0
0 0 0
-0.4553418012614795 0 0
0 0 0
-0 0 0
0 0 0
0 0 0
0 0 0
0 0 -0.12200846792814621
0 0 -0
-0 0 0
0.66666666666666663 0 0
-0 0 0
0 0 0
0 0.66666666666666663 0
0 0 0
0 0 0
0 0 0
0 0 -0
0 0 -0
0 0 0.66666666666666663
0 0 0
PROBE vref_q3 ip=0.78867513459481287,0.78867513459481287,0.21132486540518711
0 0 0
0 0 -0.4553418012614795
0 0 -0
0 0 0
0 -0 0
0 0.12200846792814621 0
0 -0 0
0 0 0
-0 0 0
0.4553418012614795 0 0
-0 0 0
0 0 0
0 0.4553418012614795 0
0 -0 0
0 0 0
0 -0 0
0.12200846792814621 0 0
-0 0 0
0 0 0
-0 0 0
0 0 -0
0 0 0
0 0 0
0 0 -0.12200846792814621
-0 0 0
0.66666666666666663 0 0
-0 0 0
0 0 0
0 -0 0
0 0.66666666666666663 0
0 -0 0
0 0 0
0 0 0
0 0 -0
0 0 -0
0 0 0.66666666666666663
PROBE vref_q4 ip=0.21132486540518711,0.21132486540518711,0.78867513459481287
0 0 0
0 0 0
0 0 0.12200846792814621
0 0 0
0 0 0
0 0 0
0 -0.4553418012614795 0
0 -0 0
0 0 0
0 0 0
-0.12200846792814621 0 0
-0 0 0
0 0 0
0 0 0
0 -0 0
0 -0.12200846792814621 0
0 0 0
0 0 0
-0 0 0
-0.4553418012614795 0 0
0 0 0.4553418012614795
0 0 0
0 0 0
0 0 0
-0 0 0
-0 0 0
0.66666666666666663 0 0
0 0 0
0 -0 0
0 -0 0
0 0.66666666666666663 0
0 0 0
0 0 0.66666666666666663
0 0 0
0 0 0
0 0 0
PROBE vref_q5 ip=0.78867513459481287,0.21132486540518711,0.78867513459481287
0 0 -0
0 0 0
0 0 -0
0 0 0.12200846792814621
0 -0 0
0 0 0
0 0 0
0 -0.4553418012614795 0
-0 0 0
-0 0 0
0.4553418012614795 0 0
0 0 0
0 0 0
0 -0 0
0 -0.12200846792814621 0
0 0 0
-0 0 0
-0 0 0
0 0 0
0.12200846792814621 0 0
0 0 -0
0 0 0.4553418012614795
0 0 -0
0 0 0
-0 0 0
-0 0 0
0.66666666666666663 0 0
0 0 0
0 0 0
0 -0 0
0 -0 0
0 0.66666666666666663 0
0 0 -0
0 0 0.66666666666666663
0 0 -0
0 0 0
PROBE vref_q6 ip=0.21132486540518711,0.78867513459481287,0.78867513459481287
0 0 0.12200846792814621
0 0 0
0 0 -0
0 0 -0
0 -0 0
0 -0 0
0 0.12200846792814621 0
0 0 0
-0 0 0
0 0 0
0 0 0
-0.12200846792814621 0 0
0 -0 0
0 -0 0
0 0 0
0 0.4553418012614795 0
0 0 0
-0 0 0
-0.4553418012614795 0 0
0 0 0
0 0 -0
0 0 -0
0 0 0.4553418012614795
0 0 0
0 0 0
-0 0 0
-0 0 0
0.66666666666666663 0 0
0 -0 0
0 -0 0
0 0.66666666666666663 0
0 0 0
0 0 -0
0 0 -0
0 0 0.66666666666666663
0 0 0
PROBE vref_q7 ip=0.78867513459481287,0.78867513459481287,0.78867513459481287
0 0 -0
0 0 0.12200846792814621
0 0 0
0 0 -0
0 0 0
0 -0 0
0 -0 0
0 0.12200846792814621 0
0 0 0
-0 0 0
-0 0 0
0.4553418012614795 0 0
0 -0 0
0 0 0
0 0.4553418012614795 0
0 -0 0
-0 0 0
0 0 0
0.12200846792814621 0 0
-0 0 0
0 0 0
0 0 -0
0 0 -0
0 0 0.4553418012614795
0 0 0
-0 0 0
-0 0 0
0.66666666666666663 0 0
0 0 0
0 -0 0
0 -0 0
0 0.66666666666666663 0
0 0 0
0 0 -0
0 0 -0
0 0 0.66666666666666663
PROBE vphys_center
0 0 0
0 0 0
0 0 0
0 0 0
0 0 0
0 0 0
0 0 0
0 0 0
0 0 0
0 0 0
0 0 0
0 0 0
0 0 0
0 0 0
0 0 0
0 0 0
0 0 0
0 0 0
0 0 0
0 0 0
0 0 0
0 0 0
0 0 0
0 0 0
-4.1600099194923512 17.060237551224496 0
-4.1600099194923512 17.060237551224496 0
-4.1600099194923512 17.060237551224496 0
-4.1600099194923512 17.060237551224496 0
23.448644185137265 5.9489801344317765 0
23.448644185137265 5.9489801344317765 0
23.448644185137265 5.9489801344317765 0
23.448644185137265 5.9489801344317765 0
0 0 -47.198206459047228
0 0 -47.198206459047228
0 0 -47.198206459047228
0 0 -47.198206459047228
PROBE divphys_center
283.19037151576947 283.19037151576947 283.19037151576947 283.19037151576947 283.19037151576947 283.19037151576947 283.19037151576947 283.19037151576947 283.19037151576947 283.19037151576947 283.19037151576947 283.19037151576947 283.19037151576947 283.19037151576947 283.19037151576947 283.19037151576947 283.19037151576947 283.19037151576947 283.19037151576947 283.19037151576947 283.19037151576947 283.19037151576947 283.19037151576947 283.19037151576947 0 0 0 0 0 0 0 0 0 0 0 0 
MASSDEF order=9 npoints=125
D667RT mesh=d667_curved_hex_w2.mesh INTEG=mass RULE=default n=36
0.30826841509022984 0.062860099032006858 0.31332009679194645 -0.022342314074360683 0.0080410586259499432 -0.0033946079260652939 0.0007192521347807382 4.9717666262296682e-05 0.00048593093138981063 -0.00022194266348439978 -6.2003844626584462e-05 -7.6074136920821175e-05 0.048687095436529611 -0.22006040939955659 -0.014826275042351325 0.062111427753640605 -0.11942433106596975 0.01695295869545077 0.0024455970382986562 -0.00060013563487581643 0.0094756025949140621 -0.00073482014305738578 0.32455783650605247 -0.0016568321227758602 -0.010780075572102896 0.078271447241104769 0.00033343210038869382 -0.0015296722668229929 0.068534692639758699 -0.024228214781667978 -0.0010192675406552002 0.0015630771452699015 -0.018951205189828509 0.0014696402861148093 -0.64911567301210227 0.0033136642455513896
0.062860099032006858 0.84187586196216757 -0.022342314074360686 0.26318391506447353 -0.0033946079260652939 0.015752983554503448 4.971766626229656e-05 -0.0010832458702479317 0.010949183385350697 -0.099637369239821749 -4.4601671539865561e-05 0.002365816527759555 -0.11394342224822694 0.048687095436529604 0.040332392757114408 -0.014826275042351319 0.0050799577784973945 -0.0011227758144894198 -9.7451260291515554e-05 8.6851032217344934e-05 -0.00073482014305738534 0.009976562173424245 -0.0016568321227758568 0.33694479581274567 0.0079058174938809785 -0.068820503257008309 -7.0664586519535481e-05 0.0015184467181700975 -0.024228214781667971 0.10070045446315792 0.0015630771452699004 -0.0099065545843815446 0.0014696402861148141 -0.019953124346848268 0.0033136642455514121 -0.67388959162549356
0.31332009679194645 -0.022342314074360686 1.0254167075324945 -0.0011840185732212619 0.0097288320612595406 -0.00064489967073144379 -0.00076978331859253334 0.00018244035667759539 0.00014660227638352858 0.00048593093138981117 -3.1779984297151711e-06 -6.2003844626584462e-05 -0.016613076176071991 0.069612900304735839 0.0040712908368606502 -0.016129717591115124 0.01695295869545077 0.01350258905408624 -0.00060013563487581665 -0.0002846124426299622 0.27380551044039847 -0.0010164360667687343 0.0094756025949140552 -0.00073482014305738599 -0.0088419563709133935 -0.010780075572102896 0.00018615393076213665 0.00033343210038869404 0.010353532479994224 -0.0047355334805754736 -0.0038222932919444678 0.0010243035438672304 -0.54761102088079738 0.0020328721335374908 -0.01895120518982853 0.0014696402861148136
-0.022342314074360683 0.26318391506447353 -0.0011840185732212619 0.84456432940690329 -0.00064489967073144358 -0.0052767816159249182 0.00018244035667759544 -0.00049396518018707627 0.01055707048387552 0.010949183385350697 -0.00022173545090836043 -4.4601671539865452e-05 0.044870122156131821 -0.016613076176071991 -0.012022635509451821 0.0040712908368606511 -0.0011227758144894205 -0.00064264704579530981 8.685103221734507e-05 1.3669840724586381e-05 -0.0010164360667687354 0.22793384905980701 -0.00073482014305738523 0.0099765621734242416 0.0074157173108219824 0.0079058174938809785 -0.00015585420739880449 -7.0664586519535535e-05 -0.0047355334805754745 0.022350296066361981 0.0010243035438672304 -0.0032643738570348035 0.002032872133537489 -0.45586769811961375 0.0014696402861148119 -0.019953124346848285
0.0080410586259499432 -0.0033946079260652939 0.0097288320612595406 -0.00064489967073144358 0.23998504520890035 -0.003226677996331505 0.0021745666997291641 0.0011942915135934723 0.0056230879627166674 0.0005289657253078336 -8.1984489869177916e-05 -0.00036474457204254437 -0.0032670796884351869 0.076388239891175116 0.00092958083351226816 0.00060603405106541696 -0.0090771398764054288 0.0054219067741339598 0.0013919223503377615 0.0045735726795205506 -0.00076978331859236387 0.0001824403566775746 0.00071925213478068041 4.9717666262326138e-05 -0.022248511385767424 0.0062782625085297458 -0.0021424793653384831 -0.00061139831000915136 -0.048820086125803894 -0.0096349953675046191 -0.02290734164072401 0.0036591249123241283 -0.0050189122299336931 -2.6336999034268533e-05 -0.0078514968365086119 0.0023491942833934413
-0.0033946079260652939 0.015752983554503448 -0.00064489967073144379 -0.0052767816159249182 -0.003226677996331505 0.31594154228197624 0.0011942915135934721 -0.0080606997031061715 -0.034044701139136997 -0.011428625832550828 0.004379916966516263 0.0037022591560020453 0.1112673569548414 -0.0032670796884351865 -0.0076160370563918885 0.00092958083351226837 -0.00010111303765445363 -0.00495195775564004 0.00025430830927910034 -0.00013387438177834995 0.0001824403566775747 -0.00049396518018685336 4.9717666262325975e-05 -0.0010832458702479484 -0.041368289291318243 -0.007564084557705947 0.0038221925559968127 0.0028160838947415912 -0.0096349953675046226 -0.040938017132265477 0.00365912491232413 -0.033664277393569711 -2.6336999034268476e-05 0.0052124102127427806 0.0023491942833934409 -0.0085725015780868837
0.0007192521347807382 4.971766626229656e-05 -0.00076978331859253334 0.00018244035667759544 0.0021745666997291641 0.0011942915135934721 0.23998504520890063 -0.0032266779963315232 -8.1984489869177971e-05 -0.00036474457204254443 0.0056230879627166813 0.00052896572530782828 0.00092958083351226794 0.00060603405106541479 -0.0032670796884352437 0.076388239891175394 0.0013919223503377624 0.0045735726795205498 -0.0090771398764054167 0.0054219067741340648 0.0097288320612589005 -0.00064489967073136649 0.0080410586259501565 -0.0033946079260654028 -0.0021424793653384826 -0.00061139831000915146 -0.022248511385767524 0.0062782625085297389 -0.02290734164072401 0.00365912491232413 -0.048820086125803623 -0.0096349953675046712 0.0050189122299327997 2.6336999034375015e-05 0.0078514968365087697 -0.0023491942833934825
4.9717666262296682e-05 -0.0010832458702479317 0.00018244035667759539 -0.00049396518018707627 0.0011942915135934723 -0.0080606997031061715 -0.0032266779963315232 0.31594154228197624 0.004379916966516263 0.0037022591560020462 -0.034044701139136983 -0.011428625832550783 -0.007616037056391892 0.00092958083351226816 0.11126735695484122 -0.0032670796884352433 0.0002543083092791005 -0.00013387438177834995 -0.00010111303765444904 -0.004951957755640053 -0.00064489967073136671 -0.0052767816159257457 -0.0033946079260654028 0.015752983554503518 0.0038221925559968127 0.0028160838947415912 -0.041368289291318271 -0.0075640845577059149 0.00365912491232413 -0.033664277393569704 -0.009634995367504666 -0.040938017132265678 2.6336999034375015e-05 -0.0052124102127441164 -0.0023491942833934821 0.0085725015780870762
0.00048593093138981063 0.010949183385350697 0.00014660227638352858 0.01055707048387552 0.0056230879627166674 -0.034044701139136997 -8.1984489869177971e-05 0.004379916966516263 0.13939210393164672 0.0096979164884088177 -0.0010841884536623122 -0.0022929347651082246 0.0061573576489373401 0.0011674575574721912 -0.001382293176596446 -0.00031438304470046393 0.0021969186761450969 0.039495416635795144 -0.00050373192090388526 -0.00055610665595310553 -3.1779984296652927e-06 -0.00022173545090846224 -6.2003844626573905e-05 -4.4601671539901827e-05 0.066021661436271931 0.0050503852208884847 -0.00027838106103476537 -0.0012050760638142972 -0.0040490208968562121 -0.0049867168585431935 -2.117078377190945e-05 0.0041380543191083018 -9.8637861641771317e-05 -0.0071225194555615337 -0.00018632847696215072 -0.0078935045067163746
-0.00022194266348439978 -0.099637369239821749 0.00048593093138981117 0.010949183385350697 0.0005289657253078336 -0.011428625832550828 -0.00036474457204254443 0.0037022591560020462 0.0096979164884088177 0.069488953768282222 -0.0022929347651082241 0.012924676591260779 -0.099676484993117848 0.0032402040048615443 0.023355724605516687 -0.00026993626865659233 0.018063354941870197 0.0021969186761450978 0.0041085896888291102 -0.00050373192090388504 -6.2003844626573796e-05 -4.4601671539901827e-05 -7.6074136920731023e-05 0.0023658165277593364 0.005050385220888483 0.03413734838447216 -0.0012050760638142972 0.0058240891533453652 0.0070740737454259746 -0.11727879165368187 -0.002134205813016014 0.03078021805792332 -0.00018632847696215099 -0.0078935045067163746 0.00037031171324711318 0.066476085660825163
-6.2003844626584462e-05 -4.4601671539865561e-05 -3.1779984297151711e-06 -0.00022173545090836043 -8.1984489869177916e-05 0.004379916966516263 0.0056230879627166813 -0.034044701139136983 -0.0010841884536623122 -0.0022929347651082241 0.13939210393164661 0.0096979164884088073 -0.001382293176596446 -0.00031438304470046393 0.0061573576489373713 0.001167457557472178 -0.00050373192090388526 -0.00055610665595310575 0.0021969186761450926 0.03949541663579513 0.00014660227638334274 0.010557070483875896 0.0004859309313897716 0.010949183385350825 -0.00027838106103476602 -0.0012050760638142974 0.066021661436271861 0.005050385220888476 -2.1170783771909437e-05 0.0041380543191083035 -0.0040490208968562051 -0.0049867168585432491 9.8637861641512708e-05 0.0071225194555620541 0.00018632847696219395 0.0078935045067162202
-7.6074136920821175e-05 0.002365816527759555 -6.2003844626584462e-05 -4.4601671539865452e-05 -0.00036474457204254437 0.0037022591560020453 0.00052896572530782828 -0.011428625832550783 -0.0022929347651082246 0.012924676591260779 0.0096979164884088073 0.069488953768282055 0.02335572460551669 -0.00026993626865659179 -0.09967648499311775 0.0032402040048615899 0.0041085896888291102 -0.00050373192090388515 0.0180633549418702 0.0021969186761450926 0.0004859309313897716 0.010949183385350825 -0.00022194266348473778 -0.099637369239820958 -0.0012050760638142978 0.0058240891533453652 0.0050503852208884769 0.034137348384472126 -0.002134205813016014 0.030780218057923327 0.0070740737454259763 -0.11727879165368167 0.00018632847696219422 0.0078935045067162219 -0.00037031171324764097 -0.066476085660824163
0.048687095436529611 -0.11394342224822694 -0.016613076176071991 0.044870122156131821 -0.0032670796884351869 0.1112673569548414 0.00092958083351226794 -0.007616037056391892 0.0061573576489373401 -0.099676484993117848 -0.001382293176596446 0.02335572460551669 0.13182682673032758 0.03986825437227403 0.17538390230818673 -0.022069057631782324 0.00098953414143499764 -0.0016931309933117691 -0.00087444865192547595 0.00045274458690029089 0.0040712908368606103 -0.012022635509451821 -0.014826275042351077 0.040332392757114546 0.0023599058200140977 -0.078405125594794095 -0.00058346536031534725 0.016509483098702229 -0.022703314121245384 0.40413141068710001 0.0073774482463731987 -0.0641284256191373 0.0010386424122038884 -7.5810740655262755e-07 0.0048647091701996079 -0.026777771929283007
-0.22006040939955659 0.048687095436529604 0.069612900304735839 -0.016613076176071991 0.076388239891175116 -0.0032670796884351865 0.00060603405106541479 0.00092958083351226816 0.0011674575574721912 0.0032402040048615443 -0.00031438304470046393 -0.00026993626865659179 0.03986825437227403 -0.056597571039628404 -0.022069057631782317 0.21249417402613499 -0.09127687071174595 0.016833219460012903 0.025611795533680714 -0.0042452524736204447 -0.01612971759111495 0.0040712908368606094 0.062111427753639967 -0.014826275042351074 -0.013034198184164451 0.049826573138544154 0.0031581732144531378 -0.016210711817396601 0.25673287343889661 -0.022703314121245391 -0.020483205436462301 0.0073774482463731996 -0.0068929719146300517 0.0010386424122038876 -0.0085961759387054408 0.0048647091701996097
-0.014826275042351325 0.040332392757114408 0.0040712908368606502 -0.012022635509451821 0.00092958083351226816 -0.0076160370563918885 -0.0032670796884352437 0.11126735695484122 -0.001382293176596446 0.023355724605516687 0.0061573576489373713 -0.09967648499311775 0.17538390230818673 -0.022069057631782317 0.13182682673032531 0.039868254372273662 -0.00087444865192547595 0.00045274458690029089 0.00098953414143489161 -0.0016931309933117401 -0.016613076176071828 0.044870122156131828 0.048687095436528632 -0.11394342224822759 -0.00058346536031534714 0.016509483098702229 0.0023599058200141211 -0.078405125594794081 0.0073774482463732031 -0.064128425619137286 -0.02270331412124563 0.40413141068709935 -0.0010386424122038318 7.5810740621067019e-07 -0.0048647091701998655 0.026777771929283649
0.062111427753640605 -0.014826275042351319 -0.016129717591115124 0.0040712908368606511 0.00060603405106541696 0.00092958083351226837 0.076388239891175394 -0.0032670796884352433 -0.00031438304470046393 -0.00026993626865659233 0.001167457557472178 0.0032402040048615899 -0.022069057631782324 0.21249417402613499 0.039868254372273662 -0.056597571039625115 0.025611795533680714 -0.0042452524736204447 -0.091276870711745256 0.016833219460012781 0.069612900304735228 -0.016613076176071825 -0.22006040939955393 0.048687095436528625 0.0031581732144531382 -0.016210711817396598 -0.013034198184164398 0.0498265731385438 -0.020483205436462308 0.0073774482463732057 0.256732873438898 -0.022703314121245637 0.0068929719146292217 -0.001038642412203832 0.0085961759387083031 -0.0048647091701998655
-0.11942433106596975 0.0050799577784973945 0.01695295869545077 -0.0011227758144894205 -0.0090771398764054288 -0.00010111303765445363 0.0013919223503377624 0.0002543083092791005 0.0021969186761450969 0.018063354941870197 -0.00050373192090388526 0.0041085896888291102 0.00098953414143499764 -0.09127687071174595 -0.00087444865192547595 0.025611795533680714 0.075421479635734298 0.0076637429928330999 0.020179863954768115 -0.0016815354909896054 -0.00060013563487572774 8.6851032217321583e-05 0.0024455970382986896 -9.7451260291493409e-05 -0.0037372894836919103 -0.038116071383008633 0.00080985161980124255 -0.010610269601971084 -0.07987272290723077 -0.0029488521672086476 0.018844766572978327 0.0010638887736758487 -0.010770826057773157 0.0005846475090081801 0.080743182636743058 -0.0034525453997865979
0.01695295869545077 -0.0011227758144894198 0.01350258905408624 -0.00064264704579530981 0.0054219067741339598 -0.00495195775564004 0.0045735726795205498 -0.00013387438177834995 0.039495416635795144 0.0021969186761450978 -0.00055610665595310575 -0.00050373192090388515 -0.0016931309933117691 0.016833219460012903 0.00045274458690029089 -0.0042452524736204447 0.0076637429928330999 0.17877771714678964 -0.0016815354909896062 -0.0036953405957897067 -0.00028461244262974992 1.3669840724552017e-05 -0.00060013563487572882 8.6851032217321678e-05 -0.091960005106908507 -0.0037372894836919112 0.0019460455627776643 0.00080985161980124266 -0.038212530712868467 0.0048538090932770551 0.0045429862633154751 -0.00012967197121178608 -0.0091070055675837643 0.00043310358946536541 -0.010770826057773157 0.00058464750900817924
0.0024455970382986562 -9.7451260291515554e-05 -0.00060013563487581665 8.685103221734507e-05 0.0013919223503377615 0.00025430830927910034 -0.0090771398764054167 -0.00010111303765444904 -0.00050373192090388526 0.0041085896888291102 0.0021969186761450926 0.0180633549418702 -0.00087444865192547595 0.025611795533680714 0.00098953414143489161 -0.091276870711745256 0.020179863954768115 -0.0016815354909896062 0.075421479635734479 0.0076637429928330773 0.016952958695450448 -0.001122775814489334 -0.11942433106596986 0.005079957778497313 0.00080985161980124255 -0.010610269601971086 -0.0037372894836918934 -0.038116071383008668 0.018844766572978323 0.0010638887736758487 -0.079872722907230645 -0.0029488521672086433 0.010770826057773292 -0.00058464750900821339 -0.080743182636745375 0.0034525453997869514
-0.00060013563487581643 8.6851032217344934e-05 -0.0002846124426299622 1.3669840724586381e-05 0.0045735726795205506 -0.00013387438177834995 0.0054219067741340648 -0.004951957755640053 -0.00055610665595310553 -0.00050373192090388504 0.03949541663579513 0.0021969186761450926 0.00045274458690029089 -0.0042452524736204447 -0.0016931309933117401 0.016833219460012781 -0.0016815354909896054 -0.0036953405957897067 0.0076637429928330773 0.17877771714678975 0.013502589054085447 -0.00064264704579518274 0.016952958695450444 -0.0011227758144893333 0.0019460455627776652 0.00080985161980124288 -0.091960005106908604 -0.0037372894836918925 0.0045429862633154759 -0.00012967197121178549 -0.038212530712868481 0.0048538090932770542 0.009107005567582583 -0.00043310358946516695 0.010770826057773292 -0.00058464750900821285
0.0094756025949140621 -0.00073482014305738534 0.27380551044039847 -0.0010164360667687354 -0.00076978331859236387 0.0001824403566775747 0.0097288320612589005 -0.00064489967073136671 -3.1779984296652927e-06 -6.2003844626573796e-05 0.00014660227638334274 0.0004859309313897716 0.0040712908368606103 -0.01612971759111495 -0.016613076176071828 0.069612900304735228 -0.00060013563487572774 -0.00028461244262974992 0.016952958695450448 0.013502589054085447 1.0254167075324945 -0.0011840185732212077 0.31332009679194484 -0.022342314074360423 0.00018615393076194722 0.00033343210038867257 -0.0088419563709126806 -0.010780075572102806 -0.0038222932919446339 0.0010243035438672245 0.010353532479994848 -0.0047355334805754467 0.54761102088079672 -0.0020328721335374517 0.018951205189827718 -0.0014696402861147338
-0.00073482014305738578 0.009976562173424245 -0.0010164360667687343 0.22793384905980701 0.0001824403566775746 -0.00049396518018685336 -0.00064489967073136649 -0.0052767816159257457 -0.00022173545090846224 -4.4601671539901827e-05 0.010557070483875896 0.010949183385350825 -0.012022635509451821 0.0040712908368606094 0.044870122156131828 -0.016613076176071825 8.6851032217321583e-05 1.3669840724552017e-05 -0.001122775814489334 -0.00064264704579518274 -0.0011840185732212077 0.84456432940690396 -0.02234231407436043 0.26318391506447386 -0.00015585420739886973 -7.0664586519555593e-05 0.0074157173108222244 0.0079058174938810514 0.0010243035438672243 -0.0032643738570348984 -0.0047355334805754459 0.022350296066362324 -0.0020328721335374591 0.45586769811961403 -0.0014696402861147356 0.019953124346848764
0.32455783650605247 -0.0016568321227758568 0.0094756025949140552 -0.00073482014305738523 0.00071925213478068041 4.9717666262325975e-05 0.0080410586259501565 -0.0033946079260654028 -6.2003844626573905e-05 -7.6074136920731023e-05 0.0004859309313897716 -0.00022194266348473778 -0.014826275042351077 0.062111427753639967 0.048687095436528632 -0.22006040939955393 0.0024455970382986896 -0.00060013563487572882 -0.11942433106596986 0.016952958695450444 0.31332009679194484 -0.02234231407436043 0.30826841509024011 0.062860099032004305 0.00033343210038867214 -0.0015296722668232041 -0.010780075572102806 0.078271447241105505 -0.001019267540655437 0.0015630771452700243 0.068534692639759531 -0.02422821478166844 0.01895120518982768 -0.0014696402861147408 0.64911567301210704 -0.0033136642455520275
-0.0016568321227758602 0.33694479581274567 -0.00073482014305738599 0.0099765621734242416 4.9717666262326138e-05 -0.0010832458702479484 -0.0033946079260654028 0.015752983554503518 -4.4601671539901827e-05 0.0023658165277593364 0.010949183385350825 -0.099637369239820958 0.040332392757114546 -0.014826275042351074 -0.11394342224822759 0.048687095436528625 -9.7451260291493409e-05 8.6851032217321678e-05 0.005079957778497313 -0.0011227758144893333 -0.022342314074360423 0.26318391506447386 0.062860099032004305 0.84187586196216546 -7.066458651955581e-05 0.0015184467181700652 0.0079058174938810531 -0.0688205032570081 0.0015630771452700245 -0.0099065545843814197 -0.024228214781668433 0.10070045446315734 -0.0014696402861147377 0.019953124346848736 -0.003313664245552024 0.673889591625489
-0.010780075572102896 0.0079058174938809785 -0.0088419563709133935 0.0074157173108219824 -0.022248511385767424 -0.041368289291318243 -0.0021424793653384826 0.0038221925559968127 0.066021661436271931 0.005050385220888483 -0.00027838106103476602 -0.0012050760638142978 0.0023599058200140977 -0.013034198184164451 -0.00058346536031534714 0.0031581732144531382 -0.0037372894836919103 -0.091960005106908507 0.00080985161980124255 0.0019460455627776652 0.00018615393076194722 -0.00015585420739886973 0.00033343210038867214 -7.066458651955581e-05 0.62617807731580322 0.035700163164832148 -0.008055762510616734 -0.008200996482088543 0.039461572713497171 0.010036250884430857 -0.0038165568171342952 0.0021262958811981117 0.005964179304945502 -0.0050028802329027487 0.0069806095890750748 -0.0055944008402205583
0.078271447241104769 -0.068820503257008309 -0.010780075572102896 0.0079058174938809785 0.0062782625085297458 -0.007564084557705947 -0.00061139831000915146 0.0028160838947415912 0.0050503852208884847 0.03413734838447216 -0.0012050760638142974 0.0058240891533453652 -0.078405125594794095 0.049826573138544154 0.016509483098702229 -0.016210711817396598 -0.038116071383008633 -0.0037372894836919112 -0.010610269601971086 0.00080985161980124288 0.00033343210038867257 -7.0664586519555593e-05 -0.0015296722668232041 0.0015184467181700652 0.035700163164832148 0.28793787055491532 -0.008200996482088543 0.06511950428319889 0.041192555572300574 -0.091862054931273598 -0.01029410680953918 0.023109742733421493 0.0069806095890750748 -0.0055944008402205574 -0.053119533810545287 0.046231631403962539
0.00033343210038869382 -7.0664586519535481e-05 0.00018615393076213665 -0.00015585420739880449 -0.0021424793653384831 0.0038221925559968127 -0.022248511385767524 -0.041368289291318271 -0.00027838106103476537 -0.0012050760638142972 0.066021661436271861 0.0050503852208884769 -0.00058346536031534725 0.0031581732144531378 0.0023599058200141211 -0.013034198184164398 0.00080985161980124255 0.0019460455627776643 -0.0037372894836918934 -0.091960005106908604 -0.0088419563709126806 0.0074157173108222244 -0.010780075572102806 0.0079058174938810531 -0.008055762510616734 -0.008200996482088543 0.62617807731580277 0.035700163164832099 -0.0038165568171342926 0.0021262958811981143 0.039461572713497199 0.010036250884430879 -0.0059641793049447162 0.0050028802329028944 -0.0069806095890751875 0.0055944008402204603
-0.0015296722668229929 0.0015184467181700975 0.00033343210038869404 -7.0664586519535535e-05 -0.00061139831000915136 0.0028160838947415912 0.0062782625085297389 -0.0075640845577059149 -0.0012050760638142972 0.0058240891533453652 0.005050385220888476 0.034137348384472126 0.016509483098702229 -0.016210711817396601 -0.078405125594794081 0.0498265731385438 -0.010610269601971084 0.00080985161980124266 -0.038116071383008668 -0.0037372894836918925 -0.010780075572102806 0.0079058174938810514 0.078271447241105505 -0.0688205032570081 -0.008200996482088543 0.06511950428319889 0.035700163164832099 0.28793787055491532 -0.010294106809539178 0.023109742733421489 0.041192555572300373 -0.091862054931273501 -0.0069806095890751858 0.0055944008402204594 0.053119533810546786 -0.04623163140396247
0.068534692639758699 -0.024228214781667971 0.010353532479994224 -0.0047355334805754745 -0.048820086125803894 -0.0096349953675046226 -0.02290734164072401 0.00365912491232413 -0.0040490208968562121 0.0070740737454259746 -2.1170783771909437e-05 -0.002134205813016014 -0.022703314121245384 0.25673287343889661 0.0073774482463732031 -0.020483205436462308 -0.07987272290723077 -0.038212530712868467 0.018844766572978323 0.0045429862633154759 -0.0038222932919446339 0.0010243035438672243 -0.001019267540655437 0.0015630771452700245 0.039461572713497171 0.041192555572300574 -0.0038165568171342926 -0.010294106809539178 1.4078537245521809 -0.070036684546643593 -0.12917816507800911 0.026146573898425347 0.0028633876618520595 0.00066820178450656474 -0.047386186385844131 0.013465878019845095
-0.024228214781667978 0.10070045446315792 -0.0047355334805754736 0.022350296066361981 -0.0096349953675046191 -0.040938017132265477 0.00365912491232413 -0.033664277393569704 -0.0049867168585431935 -0.11727879165368187 0.0041380543191083035 0.030780218057923327 0.40413141068710001 -0.022703314121245391 -0.064128425619137286 0.0073774482463732057 -0.0029488521672086476 0.0048538090932770551 0.0010638887736758487 -0.00012967197121178549 0.0010243035438672245 -0.0032643738570348984 0.0015630771452700243 -0.0099065545843814197 0.010036250884430857 -0.091862054931273598 0.0021262958811981143 0.023109742733421489 -0.070036684546643593 1.7180929990432749 0.026146573898425337 -0.18554641718032319 0.00066820178450656431 -0.0074431170524647374 0.013465878019845091 -0.046652638559823011
-0.0010192675406552002 0.0015630771452699004 -0.0038222932919444678 0.0010243035438672304 -0.02290734164072401 0.00365912491232413 -0.048820086125803623 -0.009634995367504666 -2.117078377190945e-05 -0.002134205813016014 -0.0040490208968562051 0.0070740737454259763 0.0073774482463731987 -0.020483205436462301 -0.02270331412124563 0.256732873438898 0.018844766572978327 0.0045429862633154751 -0.079872722907230645 -0.038212530712868481 0.010353532479994848 -0.0047355334805754459 0.068534692639759531 -0.024228214781668433 -0.0038165568171342952 -0.01029410680953918 0.039461572713497199 0.041192555572300373 -0.12917816507800911 0.026146573898425337 1.4078537245521832 -0.070036684546643829 -0.0028633876618511596 -0.00066820178450663283 0.047386186385844638 -0.013465878019845232
0.0015630771452699015 -0.0099065545843815446 0.0010243035438672304 -0.0032643738570348035 0.0036591249123241283 -0.033664277393569711 -0.0096349953675046712 -0.040938017132265678 0.0041380543191083018 0.03078021805792332 -0.0049867168585432491 -0.11727879165368167 -0.0641284256191373 0.0073774482463731996 0.40413141068709935 -0.022703314121245637 0.0010638887736758487 -0.00012967197121178608 -0.0029488521672086433 0.0048538090932770542 -0.0047355334805754467 0.022350296066362324 -0.02422821478166844 0.10070045446315734 0.0021262958811981117 0.023109742733421493 0.010036250884430879 -0.091862054931273501 0.026146573898425347 -0.18554641718032319 -0.070036684546643829 1.7180929990432765 -0.00066820178450663261 0.0074431170524655033 -0.013465878019845232 0.046652638559822872
-0.018951205189828509 0.0014696402861148141 -0.54761102088079738 0.002032872133537489 -0.0050189122299336931 -2.6336999034268476e-05 0.0050189122299327997 2.6336999034375015e-05 -9.8637861641771317e-05 -0.00018632847696215099 9.8637861641512708e-05 0.00018632847696219422 0.0010386424122038884 -0.0068929719146300517 -0.0010386424122038318 0.0068929719146292217 -0.010770826057773157 -0.0091070055675837643 0.010770826057773292 0.009107005567582583 0.54761102088079672 -0.0020328721335374591 0.01895120518982768 -0.0014696402861147377 0.005964179304945502 0.0069806095890750748 -0.0059641793049447162 -0.0069806095890751858 0.0028633876618520595 0.00066820178450656431 -0.0028633876618511596 -0.00066820178450663261 4.5263965507281672 -0.016099407749127218 -0.23181388765333716 0.015415615791501013
0.0014696402861148093 -0.019953124346848268 0.0020328721335374908 -0.45586769811961375 -2.6336999034268533e-05 0.0052124102127427806 2.6336999034375015e-05 -0.0052124102127441164 -0.0071225194555615337 -0.0078935045067163746 0.0071225194555620541 0.0078935045067162219 -7.5810740655262755e-07 0.0010386424122038876 7.5810740621067019e-07 -0.001038642412203832 0.0005846475090081801 0.00043310358946536541 -0.00058464750900821339 -0.00043310358946516695 -0.0020328721335374517 0.45586769811961403 -0.0014696402861147408 0.019953124346848736 -0.0050028802329027487 -0.0055944008402205574 0.0050028802329028944 0.0055944008402204594 0.00066820178450656474 -0.0074431170524647374 -0.00066820178450663283 0.0074431170524655033 -0.016099407749127218 3.8334675424464004 0.015415615791501027 -0.16654378532985817
-0.64911567301210227 0.0033136642455514121 -0.01895120518982853 0.0014696402861148119 -0.0078514968365086119 0.0023491942833934409 0.0078514968365087697 -0.0023491942833934821 -0.00018632847696215072 0.00037031171324711318 0.00018632847696219395 -0.00037031171324764097 0.0048647091701996079 -0.0085961759387054408 -0.0048647091701998655 0.0085961759387083031 0.080743182636743058 -0.010770826057773157 -0.080743182636745375 0.010770826057773292 0.018951205189827718 -0.0014696402861147356 0.64911567301210704 -0.003313664245552024 0.0069806095890750748 -0.053119533810545287 -0.0069806095890751875 0.053119533810546786 -0.047386186385844131 0.013465878019845091 0.047386186385844638 -0.013465878019845232 -0.23181388765333716 0.015415615791501027 6.0183778982396783 -0.094520444090969602
0.0033136642455513896 -0.67388959162549356 0.0014696402861148136 -0.019953124346848285 0.0023491942833934413 -0.0085725015780868837 -0.0023491942833934825 0.0085725015780870762 -0.0078935045067163746 0.066476085660825163 0.0078935045067162202 -0.066476085660824163 -0.026777771929283007 0.0048647091701996097 0.026777771929283649 -0.0048647091701998655 -0.0034525453997865979 0.00058464750900817924 0.0034525453997869514 -0.00058464750900821285 -0.0014696402861147338 0.019953124346848764 -0.0033136642455520275 0.673889591625489 -0.0055944008402205583 0.046231631403962539 0.0055944008402204603 -0.04623163140396247 0.013465878019845095 -0.046652638559823011 -0.013465878019845232 0.046652638559822872 0.015415615791501013 -0.16654378532985817 -0.094520444090969602 5.1643905241024157
D667RT mesh=d667_curved_hex_w2.mesh INTEG=mass RULE=o4 NPT=27 n=36
4.741427356593757 -0.26459350033504098 -0.53588884359102107 0.039214290442568203 0.077442945109016587 -0.024848141397639696 -0.0014898385856650796 0.0004780257231198706 -0.00082783522739405396 0.0053290402519515718 1.5925800117870634e-05 -0.00010251947134433089 -0.19482127292997417 0.6164570127203326 0.0037479495299527835 -0.011859330022401596 -0.095668974510211668 0.011591092140941782 0.0018404688700274896 -0.00022298811463421616 -0.13397221089775452 0.0098035726106417247 1.1853568391484344 -0.066148375083758093 -0.0082792849122238429 0.067332009841442345 0.00015927594316805384 -0.0012953255609145448 0.35934271174087729 -0.11331542102155633 -0.0069129942911577034 0.0021799492045552673 0.26794442179551109 -0.019607145221284292 -2.3707136782968825 0.13229675016752196
-0.26459350033504098 5.5549191087179501 0.039214290442568175 -0.64504365142599596 -0.024848141397639696 0.096494044674460558 0.00047802572311986973 -0.0018563414761736657 0.01580330889582459 -0.11996374010559922 -0.00030402226233845015 0.0023078488122903647 0.7472918977894798 -0.19482127292997417 -0.014376316687264787 0.00374794952995278 -0.0011807225696359551 0.00030082485042164109 2.2714606743511404e-05 -5.7872343188234495e-06 0.0098035726106417212 -0.16126091285649763 -0.066148375083758093 1.3887297771794787 0.010334989363602012 -0.079188678357308667 -0.00019882335201308892 0.0015234228036979016 -0.1133154210215563 0.43386523541001287 0.002179949204555269 -0.008346650140727406 -0.019607145221284303 0.32252182571299876 0.13229675016752185 -2.7774595543589813
-0.53588884359102107 0.039214290442568175 1.1721878422842602 -0.010643447663511241 -0.0054531057578520812 0.004324810085494706 0.0001049062294614752 -8.3200205415432239e-05 0.00046580633980670391 -0.0008278352273940544 -8.9611294807280984e-06 1.5925800117870688e-05 0.028512890722176526 -0.089197368901956842 -0.00054852775455475032 0.0017159688560767945 0.011591092140941782 0.014531329523617673 -0.00022298811463421594 -0.00027955206758737452 0.29304696057106538 -0.0026608619158778059 -0.13397221089775449 0.0098035726106417247 -0.0093770154558737318 -0.0082792849122238464 0.00018039395873777108 0.00015927594316805381 -0.055829508762736429 0.01612538709112122 0.0010740417510768704 -0.00031021836609287771 -0.58609392114212944 0.0053217238317556344 0.26794442179551109 -0.019607145221284303
0.039214290442568203 -0.64504365142599596 -0.010643447663511241 0.99853090993573845 0.004324810085494706 -0.024820564840611691 -8.3200205415432131e-05 0.00047749520844675626 0.0093405778348264606 0.015803308895824594 -0.0001796929759209339 -0.00030402226233845102 -0.11039286615327791 0.028512890722176529 0.0021237254258060605 -0.00054852775455474989 0.00030082485042164152 -0.00092505138331538841 -5.7872343188235579e-06 1.7796033488200111e-05 -0.0026608619158778064 0.24963272748393484 0.0098035726106417212 -0.16126091285649763 0.0068437528120948174 0.010334989363602016 -0.00013165933960608301 -0.0001988233520130887 0.01612538709112122 -0.057048200875110852 -0.00031021836609287814 0.0010974868115728592 0.0053217238317556405 -0.49926545496786906 -0.019607145221284296 0.32252182571299887
0.077442945109016587 -0.024848141397639696 -0.0054531057578520812 0.004324810085494706 0.24455332123246581 -0.0036672762653303659 0.0015995247044158279 0.0010454413635552912 0.0056238411440784151 0.001045451021441518 -9.6698884794399546e-05 -0.00044083481300214898 -0.022551697351767638 0.21735108360157099 0.0064282903993281111 -0.042699302090807786 -0.007275615471834169 0.0057793142132564175 0.0010668859429204998 0.0043307980807807045 0.00010490622946095261 -8.3200205415350761e-05 -0.0014898385856649697 0.00047802572311970689 -0.022374710586627419 0.0041658476170616182 -0.002077747013015926 -0.00011845870432990462 -0.01813482508726319 -0.01258961405762485 -0.029532551196815728 0.0035885660238485482 0.00370534132487646 -0.0029386735272733762 -0.052621855796454377 0.016884111413839602
-0.024848141397639696 0.096494044674460558 0.004324810085494706 -0.024820564840611691 -0.0036672762653303659 0.32287504706887638 0.0010454413635552894 -0.0091191224749685995 -0.034159968269622122 -0.013581494973743778 0.0044240020163956797 0.0039939687627468809 0.3264099325281612 -0.022551697351767638 -0.070053668559764526 0.0064282903993281119 -0.00064420429866313383 -0.0050778573434873712 0.00034347466474934354 -7.1724965514964373e-05 -8.3200205415350761e-05 0.00047749520844629807 0.0004780257231197071 -0.001856341476173343 -0.04165913582459857 -0.010006390495175942 0.0038710689519745765 0.0033203511982835528 -0.012589614057624854 0.002356590306189941 0.0035885660238485482 -0.040623030723197298 -0.0029386735272733762 0.016865373366039622 0.016884111413839595 -0.065566924100422599
-0.0014898385856650796 0.00047802572311986973 0.0001049062294614752 -8.3200205415432131e-05 0.0015995247044158279 0.0010454413635552894 0.24455332123246501 -0.0036672762653303073 -9.6698884794400088e-05 -0.00044083481300214887 0.0056238411440783934 0.0010454510214414697 0.0064282903993281145 -0.042699302090807779 -0.022551697351766629 0.21735108360156843 0.0010668859429204995 0.0043307980807807053 -0.0072756154718340953 0.0057793142132564852 -0.0054531057578501314 0.0043248100854943999 0.077442945109016198 -0.024848141397639086 -0.0020777470130159252 -0.00011845870432990448 -0.022374710586627364 0.0041658476170615532 -0.029532551196815731 0.0035885660238485486 -0.018134825087264401 -0.012589614057624229 -0.0037053413248732976 0.002938673527273214 0.052621855796454169 -0.016884111413839307
0.0004780257231198706 -0.0018563414761736657 -8.3200205415432239e-05 0.00047749520844675626 0.0010454413635552912 -0.0091191224749685995 -0.0036672762653303073 0.32287504706887526 0.0044240020163956824 0.0039939687627468809 -0.034159968269621893 -0.013581494973743381 -0.070053668559764526 0.0064282903993281119 0.32640993252815587 -0.022551697351766625 0.00034347466474934354 -7.1724965514964373e-05 -0.00064420429866309447 -0.0050778573434873539 0.0043248100854943999 -0.024820564840609974 -0.024848141397639079 0.096494044674459337 0.0038710689519745756 0.0033203511982835528 -0.041659135824598334 -0.01000639049517568 0.0035885660238485473 -0.040623030723197298 -0.012589614057624222 0.0023565903061870674 0.0029386735272732135 -0.01686537336603685 -0.016884111413839307 0.065566924100422017
-0.00082783522739405396 0.01580330889582459 0.00046580633980670391 0.0093405778348264606 0.0056238411440784151 -0.034159968269622122 -9.6698884794400088e-05 0.0044240020163956824 0.13910472338420807 0.0095383277779364471 -0.0010008925402108283 -0.0022299944133193821 0.017098554611516409 -0.0014403016698875603 -0.0047952211004614687 0.00051304054689698222 0.0021354148244846498 0.039669654013533749 -0.00048307495770854897 -0.00056410684295448105 -8.9611294807450458e-06 -0.00017969297592124747 1.5925800117843475e-05 -0.00030402226233809454 0.066290046247116208 0.0049352753023011965 -0.00029119046483756816 -0.0011646129704072218 -0.0047951334881801326 -0.0018335127629491314 0.00030152487747833479 0.0028157826382194757 -0.00031651164619165087 -0.0063468472071643977 0.00056250735167459739 -0.01073822077210841
0.0053290402519515718 -0.11996374010559922 -0.0008278352273940544 0.015803308895824594 0.001045451021441518 -0.013581494973743778 -0.00044083481300214887 0.0039939687627468809 0.0095383277779364471 0.070026735853111768 -0.0022299944133193838 0.012870352223851992 -0.14865947210054553 0.014900796483169616 0.037225705143258583 -0.0036566101920260056 0.018257620544994184 0.0021354148244846494 0.00411460741953065 -0.0004830749577085493 1.5925800117843529e-05 -0.0003040222623380941 -0.00010251947134419515 0.0023078488122876099 0.0049352753023011965 0.034512743538745033 -0.0011646129704072227 0.0058371632028808894 0.009151192028949243 -0.126057846101576 -0.0022488183296651572 0.031116422303132052 0.00056250735167459761 -0.010738220772108408 -0.0036210398155304647 0.081514392611925307
1.5925800117870634e-05 -0.00030402226233845015 -8.9611294807280984e-06 -0.0001796929759209339 -9.6698884794399546e-05 0.0044240020163956797 0.0056238411440783934 -0.034159968269621893 -0.0010008925402108283 -0.0022299944133193838 0.13910472338420768 0.0095383277779365096 -0.0047952211004614687 0.00051304054689698222 0.017098554611515934 -0.0014403016698875037 -0.00048307495770854919 -0.00056410684295447996 0.0021354148244846502 0.039669654013533652 0.0004658063398067675 0.0093405778348276229 -0.00082783522739395205 0.015803308895823261 -0.00029119046483756507 -0.0011646129704072231 0.066290046247116 0.0049352753023012416 0.00030152487747833393 0.0028157826382194783 -0.0047951334881800693 -0.0018335127629495011 0.00031651164619164561 0.0063468472071664412 -0.00056250735167454871 0.01073822077210786
-0.00010251947134433089 0.0023078488122903647 1.5925800117870688e-05 -0.00030402226233845102 -0.00044083481300214898 0.0039939687627468809 0.0010454510214414697 -0.013581494973743381 -0.0022299944133193821 0.012870352223851992 0.0095383277779365096 0.070026735853111227 0.03722570514325859 -0.0036566101920260047 -0.14865947210054212 0.014900796483169196 0.00411460741953065 -0.0004830749577085493 0.018257620544994069 0.0021354148244846498 -0.0008278352273939527 0.015803308895823261 0.0053290402519510591 -0.11996374010558893 -0.0011646129704072229 0.0058371632028808877 0.0049352753023012398 0.034512743538744756 -0.0022488183296651585 0.031116422303132052 0.0091511920289490158 -0.12605784610157389 -0.00056250735167454892 0.010738220772107862 0.0036210398155303043 -0.081514392611918771
-0.19482127292997417 0.7472918977894798 0.028512890722176526 -0.11039286615327791 -0.022551697351767638 0.3264099325281612 0.0064282903993281145 -0.070053668559764526 0.017098554611516409 -0.14865947210054553 -0.0047952211004614687 0.03722570514325859 2.2884044131564139 -0.17674630254881077 -0.55131022600314772 0.050380881831069597 -0.011043742479714356 0.00095434980572572654 0.002679214133771961 -0.00039363724533178859 -0.00054852775455456666 0.0021237254258057101 0.0037479495299515605 -0.014376316687262775 0.013281234171392571 -0.12856973426782645 -0.0039944744186867758 0.031170369803014193 -0.10279640346469537 1.3079963204188352 0.02930172762116099 -0.32083770496225539 -0.019374278984487389 0.075011061052722358 0.13237948163995047 -0.50777880965116051
0.6164570127203326 -0.19482127292997417 -0.089197368901956842 0.028512890722176529 0.21735108360157099 -0.022551697351767638 -0.042699302090807779 0.0064282903993281119 -0.0014403016698875603 0.014900796483169616 0.00051304054689698222 -0.0036566101920260047 -0.17674630254881077 1.4942553475801024 0.050380881831069611 -0.34319394143087817 -0.051833134512112286 0.0081615936381078374 0.013580086851549756 -0.0014114535137693194 0.0017159688560766898 -0.00054852775455456536 -0.011859330022401339 0.0037479495299515622 -0.0038828325711314777 0.0076633728095822588 0.0002229108585105459 -0.0033517555656940637 0.85126950931902057 -0.10279640346469537 -0.20032975956004684 0.029301727621161001 0.060608891838688977 -0.019374278984487389 -0.4188775618284879 0.1323794816399505
0.0037479495299527835 -0.014376316687264787 -0.00054852775455475032 0.0021237254258060605 0.0064282903993281111 -0.070053668559764526 -0.022551697351766629 0.32640993252815587 -0.0047952211004614687 0.037225705143258583 0.017098554611515934 -0.14865947210054212 -0.55131022600314772 0.050380881831069611 2.2884044131563721 -0.17674630254880275 0.0026792141337719623 -0.00039363724533178859 -0.011043742479714024 0.00095434980572568079 0.028512890722175829 -0.11039286615327659 -0.19482127292996959 0.74729189778947214 -0.0039944744186867758 0.031170369803014193 0.013281234171392264 -0.12856973426782412 0.029301727621161001 -0.3208377049622555 -0.10279640346469075 1.3079963204188108 0.019374278984487049 -0.075011061052721817 -0.13237948163994828 0.50777880965115918
-0.011859330022401596 0.00374794952995278 0.0017159688560767945 -0.00054852775455474989 -0.042699302090807786 0.0064282903993281119 0.21735108360156843 -0.022551697351766625 0.00051304054689698222 -0.0036566101920260056 -0.0014403016698875037 0.014900796483169196 0.050380881831069597 -0.34319394143087817 -0.17674630254880275 1.4942553475800824 0.013580086851549756 -0.0014114535137693194 -0.051833134512111599 0.0081615936381077506 -0.089197368901956453 0.028512890722175829 0.6164570127203316 -0.19482127292996959 0.00022291085851054558 -0.003351755565694062 -0.0038828325711314049 0.007663372809581806 -0.20032975956004684 0.029301727621160997 0.85126950931900913 -0.10279640346469077 -0.060608891838688873 0.019374278984487056 0.41887756182849001 -0.13237948163994828
-0.095668974510211668 -0.0011807225696359551 0.011591092140941782 0.00030082485042164152 -0.007275615471834169 -0.00064420429866313383 0.0010668859429204995 0.00034347466474934354 0.0021354148244846498 0.018257620544994184 -0.00048307495770854919 0.00411460741953065 -0.011043742479714356 -0.051833134512112286 0.0026792141337719623 0.013580086851549756 0.076034228506841703 0.0075449908179407547 0.02004650713239323 -0.0016346052483490138 -0.00022298811463402328 -5.7872343188069696e-06 0.0018404688700254014 2.271460674346977e-05 -0.0036063839956373975 -0.038517738641231695 0.00076768686042697658 -0.010621266475241718 -0.071970192375383116 -0.0053415511074783551 0.017846385191266894 0.0013068773979901381 -0.0078760535037171453 -0.00020440805649363372 0.065006295586825913 0.00080229145091953414
0.011591092140941782 0.00030082485042164109 0.014531329523617673 -0.00092505138331538841 0.0057793142132564175 -0.0050778573434873712 0.0043307980807807053 -7.1724965514964373e-05 0.039669654013533749 0.0021354148244846494 -0.00056410684295447996 -0.0004830749577085493 0.00095434980572572654 0.0081615936381078374 -0.00039363724533178859 -0.0014114535137693194 0.0075449908179407547 0.17825250872406193 -0.0016346052483490151 -0.0035119622034250181 -0.00027955206758787293 1.7796033488232698e-05 -0.00022298811463402328 -5.7872343188066985e-06 -0.092388569807018789 -0.0036063839956373975 0.0019652369069803615 0.00076768686042697658 -0.040676993398630075 0.0056129457793645254 0.0056760835224807108 -0.00046489043456948953 -0.0098739210608029919 0.00062856494453573811 -0.0078760535037171453 -0.00020440805649363369
0.0018404688700274896 2.2714606743511404e-05 -0.00022298811463421594 -5.7872343188235579e-06 0.0010668859429204998 0.00034347466474934354 -0.0072756154718340953 -0.00064420429866309447 -0.00048307495770854897 0.00411460741953065 0.0021354148244846502 0.018257620544994069 0.002679214133771961 0.013580086851549756 -0.011043742479714024 -0.051833134512111599 0.02004650713239323 -0.0016346052483490151 0.07603422850684137 0.0075449908179406966 0.011591092140941062 0.00030082485042157983 -0.095668974510203869 -0.0011807225696357938 0.00076768686042697648 -0.010621266475241718 -0.0036063839956373646 -0.038517738641231536 0.017846385191266894 0.0013068773979901381 -0.071970192375382491 -0.0053415511074781773 0.0078760535037169076 0.00020440805649359984 -0.06500629558681971 -0.00080229145091961773
-0.00022298811463421616 -5.7872343188234495e-06 -0.00027955206758737452 1.7796033488200111e-05 0.0043307980807807045 -7.1724965514964373e-05 0.0057793142132564852 -0.0050778573434873539 -0.00056410684295448105 -0.0004830749577085493 0.039669654013533652 0.0021354148244846498 -0.00039363724533178859 -0.0014114535137693194 0.00095434980572568079 0.0081615936381077506 -0.0016346052483490138 -0.0035119622034250181 0.0075449908179406966 0.17825250872406159 0.014531329523619534 -0.00092505138331550984 0.011591092140941062 0.00030082485042157983 0.0019652369069803619 0.00076768686042697582 -0.092388569807018608 -0.0036063839956373646 0.0056760835224807064 -0.00046489043456948969 -0.040676993398629992 0.0056129457793644665 0.0098739210608053112 -0.00062856494453581704 0.0078760535037169094 0.00020440805649360027
-0.13397221089775452 0.0098035726106417212 0.29304696057106538 -0.0026608619158778064 0.00010490622946095261 -8.3200205415350761e-05 -0.0054531057578501314 0.0043248100854943999 -8.9611294807450458e-06 1.5925800117843529e-05 0.0004658063398067675 -0.0008278352273939527 -0.00054852775455456666 0.0017159688560766898 0.028512890722175829 -0.089197368901956453 -0.00022298811463402328 -0.00027955206758787293 0.011591092140941062 0.014531329523619534 1.1721878422842635 -0.010643447663511232 -0.53588884359101485 0.039214290442565622 0.00018039395873806717 0.00015927594316791262 -0.0093770154558748351 -0.0082792849122233138 0.0010740417510771638 -0.00031021836609281136 -0.055829508762737512 0.01612538709112097 0.58609392114213199 -0.0053217238317555962 -0.26794442179550698 0.019607145221282575
0.0098035726106417247 -0.16126091285649763 -0.0026608619158778059 0.24963272748393484 -8.3200205415350761e-05 0.00047749520844629807 0.0043248100854943999 -0.024820564840609974 -0.00017969297592124747 -0.0003040222623380941 0.0093405778348276229 0.015803308895823261 0.0021237254258057101 -0.00054852775455456536 -0.11039286615327659 0.028512890722175829 -5.7872343188069696e-06 1.7796033488232698e-05 0.00030082485042157983 -0.00092505138331550984 -0.010643447663511232 0.99853090993574034 0.03921429044256558 -0.64504365142598541 -0.00013165933960633755 -0.00019882335201285668 0.0068437528120957637 0.010334989363601152 -0.00031021836609281136 0.001097486811572939 0.016125387091120963 -0.057048200875111116 -0.0053217238317555936 0.49926545496787023 0.019607145221282575 -0.32252182571299171
1.1853568391484344 -0.066148375083758093 -0.13397221089775449 0.0098035726106417212 -0.0014898385856649697 0.0004780257231197071 0.077442945109016198 -0.024848141397639079 1.5925800117843475e-05 -0.00010251947134419515 -0.00082783522739395205 0.0053290402519510591 0.0037479495299515605 -0.011859330022401339 -0.19482127292996959 0.6164570127203316 0.0018404688700254014 -0.00022298811463402328 -0.095668974510203869 0.011591092140941062 -0.53588884359101485 0.03921429044256558 4.7414273565937179 -0.26459350033502382 0.00015927594316791262 -0.0012953255609130707 -0.0082792849122233121 0.067332009841436835 -0.0069129942911575655 0.0021799492045545613 0.35934271174087684 -0.11331542102155369 -0.26794442179550687 0.019607145221282589 2.3707136782968559 -0.13229675016751047
-0.066148375083758093 1.3887297771794787 0.0098035726106417247 -0.16126091285649763 0.00047802572311970689 -0.001856341476173343 -0.024848141397639086 0.096494044674459337 -0.00030402226233809454 0.0023078488122876099 0.015803308895823261 -0.11996374010558893 -0.014376316687262775 0.0037479495299515622 0.74729189778947214 -0.19482127292996959 2.271460674346977e-05 -5.7872343188066985e-06 -0.0011807225696357938 0.00030082485042157983 0.039214290442565622 -0.64504365142598541 -0.26459350033502382 5.5549191087178791 -0.0001988233520128569 0.0015234228036960853 0.010334989363601152 -0.079188678357301853 0.0021799492045545656 -0.0083466501407262611 -0.11331542102155366 0.43386523541000849 0.019607145221282589 -0.32252182571299171 -0.13229675016751047 2.7774595543589338
-0.0082792849122238429 0.010334989363602012 -0.0093770154558737318 0.0068437528120948174 -0.022374710586627419 -0.04165913582459857 -0.0020777470130159252 0.0038710689519745756 0.066290046247116208 0.0049352753023011965 -0.00029119046483756507 -0.0011646129704072229 0.013281234171392571 -0.0038828325711314777 -0.0039944744186867758 0.00022291085851054558 -0.0036063839956373975 -0.092388569807018789 0.00076768686042697648 0.0019652369069803619 0.00018039395873806717 -0.00013165933960633755 0.00015927594316791262 -0.0001988233520128569 0.62503735403611782 0.03535574024707093 -0.0078164141162673142 -0.0080527122593424903 0.041823224490129082 0.01293767885495337 -0.0048723743050912349 0.00089778017343632795 0.0063716062764073832 -0.0046502747678002663 0.0056257072369277983 -0.0070225418104098783
0.067332009841442345 -0.079188678357308667 -0.0082792849122238464 0.010334989363602016 0.0041658476170616182 -0.010006390495175942 -0.00011845870432990448 0.0033203511982835528 0.0049352753023011965 0.034512743538745033 -0.0011646129704072231 0.0058371632028808877 -0.12856973426782645 0.0076633728095822588 0.031170369803014193 -0.003351755565694062 -0.038517738641231695 -0.0036063839956373975 -0.010621266475241718 0.00076768686042697582 0.00015927594316791262 -0.00019882335201285668 -0.0012953255609130707 0.0015234228036960853 0.03535574024707093 0.28969036601530884 -0.0080527122593424903 0.064636002258641578 0.031826989274812242 -0.10273146365747442 -0.0085616774603516545 0.024708154823697648 0.0056257072369277983 -0.0070225418104098783 -0.045751556934904389 0.053808067440670383
0.00015927594316805384 -0.00019882335201308892 0.00018039395873777108 -0.00013165933960608301 -0.002077747013015926 0.0038710689519745765 -0.022374710586627364 -0.041659135824598334 -0.00029119046483756816 -0.0011646129704072227 0.066290046247116 0.0049352753023012398 -0.0039944744186867758 0.0002229108585105459 0.013281234171392264 -0.0038828325711314049 0.00076768686042697658 0.0019652369069803615 -0.0036063839956373646 -0.092388569807018608 -0.0093770154558748351 0.0068437528120957637 -0.0082792849122233121 0.010334989363601152 -0.0078164141162673142 -0.0080527122593424903 0.62503735403611649 0.035355740247070833 -0.0048723743050912323 0.00089778017343633012 0.041823224490128964 0.012937678854953056 -0.0063716062764088846 0.0046502747678017304 -0.0056257072369276144 0.0070225418104095279
-0.0012953255609145448 0.0015234228036979016 0.00015927594316805381 -0.0001988233520130887 -0.00011845870432990462 0.0033203511982835528 0.0041658476170615532 -0.01000639049517568 -0.0011646129704072218 0.0058371632028808894 0.0049352753023012416 0.034512743538744756 0.031170369803014193 -0.0033517555656940637 -0.12856973426782412 0.007663372809581806 -0.010621266475241718 0.00076768686042697658 -0.038517738641231536 -0.0036063839956373646 -0.0082792849122233138 0.010334989363601152 0.067332009841436835 -0.079188678357301853 -0.0080527122593424903 0.064636002258641578 0.035355740247070833 0.28969036601530801 -0.0085616774603516545 0.024708154823697655 0.031826989274811833 -0.10273146365747296 -0.0056257072369276144 0.0070225418104095287 0.045751556934900149 -0.053808067440665963
0.35934271174087729 -0.1133154210215563 -0.055829508762736429 0.01612538709112122 -0.01813482508726319 -0.012589614057624854 -0.029532551196815731 0.0035885660238485473 -0.0047951334881801326 0.009151192028949243 0.00030152487747833393 -0.0022488183296651585 -0.10279640346469537 0.85126950931902057 0.029301727621161001 -0.20032975956004684 -0.071970192375383116 -0.040676993398630075 0.017846385191266894 0.0056760835224807064 0.0010740417510771638 -0.00031021836609281136 -0.0069129942911575655 0.0021799492045545656 0.041823224490129082 0.031826989274812242 -0.0048723743050912323 -0.0085616774603516545 1.5270573615929381 -0.077567746373605445 -0.14284475834823662 0.021996776926818933 0.037935700342541644 -0.010957070304809339 -0.24417047068802245 0.076996913484073892
-0.11331542102155633 0.43386523541001287 0.01612538709112122 -0.057048200875110852 -0.01258961405762485 0.002356590306189941 0.0035885660238485486 -0.040623030723197298 -0.0018335127629491314 -0.126057846101576 0.0028157826382194783 0.031116422303132052 1.3079963204188352 -0.10279640346469537 -0.3208377049622555 0.029301727621160997 -0.0053415511074783551 0.0056129457793645254 0.0013068773979901381 -0.00046489043456948969 -0.00031021836609281136 0.001097486811572939 0.0021799492045545613 -0.0083466501407262611 0.01293767885495337 -0.10273146365747442 0.00089778017343633012 0.024708154823697655 -0.077567746373605445 1.8819215127205806 0.021996776926818937 -0.19181251442023076 -0.010957070304809339 0.038763791791121792 0.076996913484073892 -0.29480792370049208
-0.0069129942911577034 0.002179949204555269 0.0010740417510768704 -0.00031021836609287814 -0.029532551196815728 0.0035885660238485482 -0.018134825087264401 -0.012589614057624222 0.00030152487747833479 -0.0022488183296651572 -0.0047951334881800693 0.0091511920289490158 0.02930172762116099 -0.20032975956004684 -0.10279640346469075 0.85126950931900913 0.017846385191266894 0.0056760835224807108 -0.071970192375382491 -0.040676993398629992 -0.055829508762737512 0.016125387091120963 0.35934271174087684 -0.11331542102155366 -0.0048723743050912349 -0.0085616774603516545 0.041823224490128964 0.031826989274811833 -0.14284475834823662 0.021996776926818937 1.527057361592929 -0.077567746373602725 -0.037935700342543684 0.010957070304809241 0.24417047068802394 -0.076996913484072615
0.0021799492045552673 -0.008346650140727406 -0.00031021836609287771 0.0010974868115728592 0.0035885660238485482 -0.040623030723197298 -0.012589614057624229 0.0023565903061870674 0.0028157826382194757 0.031116422303132052 -0.0018335127629495011 -0.12605784610157389 -0.32083770496225539 0.029301727621161001 1.3079963204188108 -0.10279640346469077 0.0013068773979901381 -0.00046489043456948953 -0.0053415511074781773 0.0056129457793644665 0.01612538709112097 -0.057048200875111116 -0.11331542102155369 0.43386523541000849 0.00089778017343632795 0.024708154823697648 0.012937678854953056 -0.10273146365747296 0.021996776926818933 -0.19181251442023076 -0.077567746373602725 1.881921512720564 0.010957070304809243 -0.038763791791123374 -0.076996913484072643 0.29480792370049136
0.26794442179551109 -0.019607145221284303 -0.58609392114212944 0.0053217238317556405 0.00370534132487646 -0.0029386735272733762 -0.0037053413248732976 0.0029386735272732135 -0.00031651164619165087 0.00056250735167459761 0.00031651164619164561 -0.00056250735167454892 -0.019374278984487389 0.060608891838688977 0.019374278984487049 -0.060608891838688873 -0.0078760535037171453 -0.0098739210608029919 0.0078760535037169076 0.0098739210608053112 0.58609392114213199 -0.0053217238317555936 -0.26794442179550687 0.019607145221282589 0.0063716062764073832 0.0056257072369277983 -0.0063716062764088846 -0.0056257072369276144 0.037935700342541644 -0.010957070304809339 -0.037935700342543684 0.010957070304809243 4.5430736813473249 -0.01554369979960557 -0.37087640006486566 0.02645325600053328
-0.019607145221284292 0.32252182571299876 0.0053217238317556344 -0.49926545496786906 -0.0029386735272733762 0.016865373366039622 0.002938673527273214 -0.01686537336603685 -0.0063468472071643977 -0.010738220772108408 0.0063468472071664412 0.010738220772107862 0.075011061052722358 -0.019374278984487389 -0.075011061052721817 0.019374278984487056 -0.00020440805649363372 0.00062856494453573811 0.00020440805649359984 -0.00062856494453581704 -0.0053217238317555962 0.49926545496787023 0.019607145221282589 -0.32252182571299171 -0.0046502747678002663 -0.0070225418104098783 0.0046502747678017304 0.0070225418104095287 -0.010957070304809339 0.038763791791121792 0.010957070304809241 -0.038763791791123374 -0.01554369979960557 3.884251720665179 0.026453256000533266 -0.43449890308139993
-2.3707136782968825 0.13229675016752185 0.26794442179551109 -0.019607145221284296 -0.052621855796454377 0.016884111413839595 0.052621855796454169 -0.016884111413839307 0.00056250735167459739 -0.0036210398155304647 -0.00056250735167454871 0.0036210398155303043 0.13237948163995047 -0.4188775618284879 -0.13237948163994828 0.41887756182849001 0.065006295586825913 -0.0078760535037171453 -0.06500629558681971 0.0078760535037169094 -0.26794442179550698 0.019607145221282575 2.3707136782968559 -0.13229675016751047 0.0056257072369277983 -0.045751556934904389 -0.0056257072369276144 0.045751556934900149 -0.24417047068802245 0.076996913484073892 0.24417047068802394 -0.076996913484072643 -0.37087640006486566 0.026453256000533266 7.1279935376691066 -0.18884788389109711
0.13229675016752196 -2.7774595543589813 -0.019607145221284303 0.32252182571299887 0.016884111413839602 -0.065566924100422599 -0.016884111413839307 0.065566924100422017 -0.01073822077210841 0.081514392611925307 0.01073822077210786 -0.081514392611918771 -0.50777880965116051 0.1323794816399505 0.50777880965115918 -0.13237948163994828 0.00080229145091953414 -0.00020440805649363369 -0.00080229145091961773 0.00020440805649360027 0.019607145221282575 -0.32252182571299171 -0.13229675016751047 2.7774595543589338 -0.0070225418104098783 0.053808067440670383 0.0070225418104095279 -0.053808067440665963 0.076996913484073892 -0.29480792370049208 -0.076996913484072615 0.29480792370049136 0.02645325600053328 -0.43449890308139993 -0.18884788389109711 6.9983571165853053
D667RT mesh=d667_curved_hex_w2.mesh INTEG=divdiv RULE=default n=36
-98.977902171890406 0 0 0 7.0698501551350263 0 -0.50759240357488333 0 0 7.0698501551350263 0 -0.50759240357488333 0 -98.470309768315516 0 7.0698501551350024 -98.470309768315516 0 7.0698501551350024 0 0 0 14.13970031027003 0 0 -105.54015992345052 0 7.5774425587098841 105.54015992345052 0 -7.5774425587098841 0 0 0 -113.11760248216041 0
0 -89.785760744606989 0 0 0 6.4132686246147816 0 -0.46045197062276849 0 -89.325308773984219 0 6.413268624614771 -89.325308773984219 0 6.413268624614771 0 6.4132686246147816 0 -0.46045197062276849 0 0 0 0 12.826537249229553 0 95.738577398598963 0 -6.873720595237538 0 95.738577398598963 0 -6.873720595237538 0 0 0 -102.61229799383651
0 0 -66.980553566624835 0 -66.637054468021844 0 4.7843252547589161 0 4.7843252547589161 0 -0.34349909860299171 0 0 4.7843252547589161 0 -0.34349909860299171 0 -66.637054468021844 0 4.7843252547589161 9.5686505095178322 0 0 0 -71.421379722780742 0 5.1278243533619081 0 -71.421379722780742 0 5.1278243533619081 0 -76.549204076142644 0 0 0
0 0 0 -56.718607745438298 0 -56.427735401195946 0 4.0513291246741643 -56.427735401195946 0 4.0513291246741643 0 4.0513291246741625 0 -0.29087234424235386 0 0 4.0513291246741625 0 -0.29087234424235386 0 8.1026582493483268 0 0 60.479064525870093 0 -4.3422014689165174 0 0 -60.479064525870093 0 4.3422014689165174 0 -64.821265994786614 0 0
7.0698501551350263 0 -66.637054468021844 0 -67.144646871596734 0 0 0 4.7843252547589161 -0.507592403574885 0 0 0 11.854175409893941 0 0 7.0698501551350255 -66.637054468021844 0 0 4.7843252547589161 0 -0.507592403574885 0 -71.421379722780742 7.577442558709909 0 0 -78.998822281490646 0 0 0 -71.421379722780742 0 7.577442558709909 0
0 6.4132686246147816 0 -56.427735401195946 0 -56.888187371818717 0 0 -56.427735401195946 6.4132686246147816 0 0 10.464597749288945 0 0 0 -0.46045197062276927 4.0513291246741625 0 0 0 4.0513291246741625 0 -0.46045197062276927 60.479064525870093 -6.8737205952375495 0 0 0 -67.352785121107644 0 0 0 -60.479064525870093 0 6.8737205952375495
-0.50759240357488333 0 4.7843252547589161 0 0 0 -67.144646871596748 0 0 0 4.784325254758917 -0.50759240357488333 0 0 0 11.854175409893919 0 0 7.0698501551350024 -66.637054468021859 -66.637054468021859 0 7.0698501551350024 0 0 0 -71.42137972278077 7.5774425587098841 0 0 -78.998822281490661 0 71.42137972278077 0 -7.5774425587098841 0
0 -0.46045197062276849 0 4.0513291246741643 0 0 0 -56.888187371818738 0 0 -56.427735401195967 6.413268624614771 0 0 10.464597749288934 0 0 0 -0.46045197062276849 4.0513291246741643 0 -56.427735401195967 0 6.413268624614771 0 0 60.479064525870129 -6.873720595237538 0 0 0 -67.352785121107672 0 60.479064525870129 0 -6.873720595237538
0 0 4.7843252547589161 -56.427735401195946 4.7843252547589161 -56.427735401195946 0 0 -56.771234499798936 0 0 0 4.0513291246741625 -0.34349909860299166 0 0 0 8.8356543794330769 0 0 -0.34349909860299166 4.0513291246741625 0 0 65.606888879232002 0 0 0 5.1278243533619055 -60.479064525870093 0 0 5.1278243533619055 -60.479064525870093 0 0
7.0698501551350263 -89.325308773984219 0 0 -0.507592403574885 6.4132686246147816 0 0 0 -89.832901177559108 0 0 -89.325308773984219 7.0698501551350255 0 0 13.483118779749807 0 0 0 0 0 -0.507592403574885 6.4132686246147816 0 103.31601995730887 0 0 -7.577442558709909 95.738577398598963 0 0 0 0 7.577442558709909 -95.738577398598963
0 0 -0.34349909860299171 4.0513291246741643 0 0 4.784325254758917 -56.427735401195967 0 0 -56.771234499798958 0 0 0 4.0513291246741643 -0.34349909860299171 0 0 0 8.8356543794330804 4.7843252547589161 -56.427735401195967 0 0 0 0 65.606888879232031 0 0 0 5.1278243533619081 -60.479064525870129 -5.1278243533619081 60.479064525870129 0 0
-0.50759240357488333 6.413268624614771 0 0 0 0 -0.50759240357488333 6.413268624614771 0 0 0 -89.832901177558952 0 0 -89.325308773984062 7.0698501551350024 0 0 13.483118779749773 0 0 0 7.0698501551350024 -89.325308773984062 0 0 0 103.31601995730871 0 0 -7.5774425587098841 95.738577398598821 0 0 -7.5774425587098841 95.738577398598821
0 -89.325308773984219 0 4.0513291246741625 0 10.464597749288945 0 0 4.0513291246741625 -89.325308773984219 0 0 -89.616181118226578 0 0 0 6.4132686246147816 -0.29087234424235375 0 0 0 -0.29087234424235375 0 6.4132686246147816 -4.3422014689165156 95.738577398598963 0 0 0 100.08077886751548 0 0 0 4.3422014689165156 0 -95.738577398598963
-98.470309768315516 0 4.7843252547589161 0 11.854175409893941 0 0 0 -0.34349909860299166 7.0698501551350255 0 0 0 -98.813808866918507 0 0 -98.470309768315516 4.7843252547589152 0 0 -0.34349909860299166 0 7.0698501551350263 0 5.1278243533619055 -105.54015992345052 0 0 110.66798427681242 0 0 0 5.1278243533619055 0 -105.54015992345052 0
0 6.413268624614771 0 -0.29087234424235386 0 0 0 10.464597749288934 0 0 4.0513291246741643 -89.325308773984062 0 0 -89.616181118226422 0 0 0 6.413268624614771 -0.29087234424235386 0 4.0513291246741643 0 -89.325308773984062 0 0 -4.3422014689165174 95.738577398598821 0 0 0 100.08077886751533 0 -4.3422014689165174 0 95.738577398598821
7.0698501551350024 0 -0.34349909860299171 0 0 0 11.854175409893919 0 0 0 -0.34349909860299171 7.0698501551350024 0 0 0 -98.81380886691818 0 0 -98.47030976831519 4.7843252547589161 4.7843252547589161 0 -98.47030976831519 0 0 0 5.1278243533619081 -105.54015992345018 0 0 110.66798427681208 0 -5.1278243533619081 0 105.54015992345018 0
-98.470309768315516 6.4132686246147816 0 0 7.0698501551350255 -0.46045197062276927 0 0 0 13.483118779749807 0 0 6.4132686246147816 -98.470309768315516 0 0 -98.930761738938287 0 0 0 0 0 7.0698501551350263 -0.46045197062276927 0 -112.41388051868806 0 0 105.54015992345052 -6.8737205952375495 0 0 0 0 -105.54015992345052 6.8737205952375495
0 0 -66.637054468021844 4.0513291246741625 -66.637054468021844 4.0513291246741625 0 0 8.8356543794330769 0 0 0 -0.29087234424235375 4.7843252547589152 0 0 0 -66.927926812264204 0 0 4.7843252547589161 -0.29087234424235375 0 0 -75.763581191697256 0 0 0 -71.421379722780742 4.3422014689165156 0 0 -71.421379722780742 4.3422014689165156 0 0
7.0698501551350024 -0.46045197062276849 0 0 0 0 7.0698501551350024 -0.46045197062276849 0 0 0 13.483118779749773 0 0 6.413268624614771 -98.47030976831519 0 0 -98.93076173893796 0 0 0 -98.47030976831519 6.413268624614771 0 0 0 -112.41388051868772 0 0 105.54015992345018 -6.873720595237538 0 0 105.54015992345018 -6.873720595237538
0 0 4.7843252547589161 -0.29087234424235386 0 0 -66.637054468021859 4.0513291246741643 0 0 8.8356543794330804 0 0 0 -0.29087234424235386 4.7843252547589161 0 0 0 -66.927926812264218 -66.637054468021859 4.0513291246741643 0 0 0 0 -75.763581191697284 0 0 0 -71.42137972278077 4.3422014689165174 71.42137972278077 -4.3422014689165174 0 0
0 0 9.5686505095178322 0 4.7843252547589161 0 -66.637054468021859 0 -0.34349909860299166 0 4.7843252547589161 0 0 -0.34349909860299166 0 4.7843252547589161 0 4.7843252547589161 0 -66.637054468021859 -66.980553566624849 0 0 0 5.1278243533619055 0 -71.42137972278077 0 5.1278243533619055 0 -71.42137972278077 0 76.549204076142672 0 0 0
0 0 0 8.1026582493483268 0 4.0513291246741625 0 -56.427735401195967 4.0513291246741625 0 -56.427735401195967 0 -0.29087234424235375 0 4.0513291246741643 0 0 -0.29087234424235375 0 4.0513291246741643 0 -56.71860774543832 0 0 -4.3422014689165156 0 60.479064525870129 0 0 4.3422014689165156 0 -60.479064525870129 0 64.821265994786643 0 0
14.13970031027003 0 0 0 -0.507592403574885 0 7.0698501551350024 0 0 -0.507592403574885 0 7.0698501551350024 0 7.0698501551350263 0 -98.47030976831519 7.0698501551350263 0 -98.47030976831519 0 0 0 -98.977902171890079 0 0 7.577442558709909 0 -105.54015992345018 -7.577442558709909 0 105.54015992345018 0 0 0 113.11760248216008 0
0 12.826537249229553 0 0 0 -0.46045197062276927 0 6.413268624614771 0 6.4132686246147816 0 -89.325308773984062 6.4132686246147816 0 -89.325308773984062 0 -0.46045197062276927 0 6.413268624614771 0 0 0 0 -89.785760744606833 0 -6.8737205952375495 0 95.738577398598821 0 -6.8737205952375495 0 95.738577398598821 0 0 0 102.61229799383636
0 0 -71.421379722780742 60.479064525870093 -71.421379722780742 60.479064525870093 0 0 65.606888879232002 0 0 0 -4.3422014689165156 5.1278243533619055 0 0 0 -75.763581191697256 0 0 5.1278243533619055 -4.3422014689165156 0 0 -141.37047007092923 0 0 0 -76.54920407614263 64.8212659947866 0 0 -76.54920407614263 64.8212659947866 0 0
-105.54015992345052 95.738577398598963 0 0 7.577442558709909 -6.8737205952375495 0 0 0 103.31601995730887 0 0 95.738577398598963 -105.54015992345052 0 0 -112.41388051868806 0 0 0 0 0 7.577442558709909 -6.8737205952375495 0 -215.72990047599689 0 0 113.11760248216041 -102.61229799383649 0 0 0 0 -113.11760248216041 102.61229799383649
0 0 5.1278243533619081 -4.3422014689165174 0 0 -71.42137972278077 60.479064525870129 0 0 65.606888879232031 0 0 0 -4.3422014689165174 5.1278243533619081 0 0 0 -75.763581191697284 -71.42137972278077 60.479064525870129 0 0 0 0 -141.37047007092929 0 0 0 -76.549204076142672 64.821265994786629 76.549204076142672 -64.821265994786629 0 0
7.5774425587098841 -6.873720595237538 0 0 0 0 7.5774425587098841 -6.873720595237538 0 0 0 103.31601995730871 0 0 95.738577398598821 -105.54015992345018 0 0 -112.41388051868772 0 0 0 -105.54015992345018 95.738577398598821 0 0 0 -215.72990047599637 0 0 113.11760248216004 -102.61229799383634 0 0 113.11760248216004 -102.61229799383634
105.54015992345052 0 -71.421379722780742 0 -78.998822281490646 0 0 0 5.1278243533619055 -7.577442558709909 0 0 0 110.66798427681242 0 0 105.54015992345052 -71.421379722780742 0 0 5.1278243533619055 0 -7.577442558709909 0 -76.54920407614263 113.11760248216041 0 0 -189.66680655830305 0 0 0 -76.54920407614263 0 113.11760248216041 0
0 95.738577398598963 0 -60.479064525870093 0 -67.352785121107644 0 0 -60.479064525870093 95.738577398598963 0 0 100.08077886751548 0 0 0 -6.8737205952375495 4.3422014689165156 0 0 0 4.3422014689165156 0 -6.8737205952375495 64.8212659947866 -102.61229799383649 0 0 0 -167.43356398862309 0 0 0 -64.8212659947866 0 102.61229799383649
-7.5774425587098841 0 5.1278243533619081 0 0 0 -78.998822281490661 0 0 0 5.1278243533619081 -7.5774425587098841 0 0 0 110.66798427681208 0 0 105.54015992345018 -71.42137972278077 -71.42137972278077 0 105.54015992345018 0 0 0 -76.549204076142672 113.11760248216004 0 0 -189.66680655830271 0 76.549204076142672 0 -113.11760248216004 0
0 -6.873720595237538 0 4.3422014689165174 0 0 0 -67.352785121107672 0 0 -60.479064525870129 95.738577398598821 0 0 100.08077886751533 0 0 0 -6.873720595237538 4.3422014689165174 0 -60.479064525870129 0 95.738577398598821 0 0 64.821265994786629 -102.61229799383634 0 0 0 -167.43356398862295 0 64.821265994786629 0 -102.61229799383634
0 0 -76.549204076142644 0 -71.421379722780742 0 71.42137972278077 0 5.1278243533619055 0 -5.1278243533619081 0 0 5.1278243533619055 0 -5.1278243533619081 0 -71.421379722780742 0 71.42137972278077 76.549204076142672 0 0 0 -76.54920407614263 0 76.549204076142672 0 -76.54920407614263 0 76.549204076142672 0 -153.09840815228529 0 0 0
0 0 0 -64.821265994786614 0 -60.479064525870093 0 60.479064525870129 -60.479064525870093 0 60.479064525870129 0 4.3422014689165156 0 -4.3422014689165174 0 0 4.3422014689165156 0 -4.3422014689165174 0 64.821265994786643 0 0 64.8212659947866 0 -64.821265994786629 0 0 -64.8212659947866 0 64.821265994786629 0 -129.64253198957323 0 0
-113.11760248216041 0 0 0 7.577442558709909 0 -7.5774425587098841 0 0 7.577442558709909 0 -7.5774425587098841 0 -105.54015992345052 0 105.54015992345018 -105.54015992345052 0 105.54015992345018 0 0 0 113.11760248216008 0 0 -113.11760248216041 0 113.11760248216004 113.11760248216041 0 -113.11760248216004 0 0 0 -226.23520496432045 0
0 -102.61229799383651 0 0 0 6.8737205952375495 0 -6.873720595237538 0 -95.738577398598963 0 95.738577398598821 -95.738577398598963 0 95.738577398598821 0 6.8737205952375495 0 -6.873720595237538 0 0 0 0 102.61229799383636 0 102.61229799383649 0 -102.61229799383634 0 102.61229799383649 0 -102.61229799383634 0 0 0 -205.22459598767284
PROBE wq0 ip=0.046910077030668004,0.046910077030668004,0.046910077030668004 w=0.00069430940282369567 J=[-0.024856602294208521 0.064230977683872176 -2.6020852139652106e-17; 0.062183387829327696 0.006910569772498678 0.0075218448580048475; -7.2858385991025898e-17 -7.2858385991025898e-17 -0.16666600000000004]
PROBE wq1 ip=0.23076534494715845,0.046910077030668004,0.046910077030668004 w=0.00079465977799248291 J=[-0.024856602294208489 0.067749827026133358 -3.8163916471489756e-17; 0.062183922731783581 0.022329187409109233 0.0044696233640204031; -3.4694469519536142e-18 -1.3877787807814457e-17 -0.16666600000000004]
PROBE wq31 ip=0.23076534494715845,0.23076534494715845,0.23076534494715845 w=0.00087307336746388596 J=[-0.021091587735868576 0.071045662724142519 -6.9388939039072284e-18; 0.063914431145224049 0.033075653147370931 0.0077636953596028346; -5.5511151231257827e-17 -5.5511151231257827e-17 -0.16666600000000004]
PROBE wq62 ip=0.5,0.5,0.5 w=0.00088279837574237131 J=[-0.014689800000000003 0.082801699999999923 0; 0.060242999999999991 0.021007000000000026 0; 0 0 -0.16666599999999998]
PROBE wq124 ip=0.95308992296933204,0.95308992296933204,0.95308992296933204 w=-0.00041780237609475711 J=[-0.0015329829475007979 0.10735245183270918 -3.2092384305570931e-17; -0.021571500708653494 -0.12463986855967131 -0.15282419023989854; -1.2836953722228372e-16 9.3675067702747583e-17 -0.16666599999999981]
PROBE wsurvey min=-0.00041780237609475727 max=0.0011888886277790205 vol=0.0007846051119781086
WGDEF order=9 npoints=125
D667RT mesh=d667_curved_hex_w2.mesh INTEG=wgrad RULE=default n=36
-39.200889534576447 1.0914775495538169 -5.6096694240868672 -0.12709511690608899 1.7060929747198419 0.14303823883319483 -0.36316952488965798 -0.075526871551883798 -0.024015108454099682 -3.8376877152394622 -0.00012746423631859911 0.29182894704008194 0.96510765929048803 -4.4625776760114642 -0.54920293100261119 3.1327147877525499 -15.247580264328008 0.2095518205582296 0.89338411069937762 -0.1159409472078553 -4.2114976118297927 0.06964294865917775 -7.1878173085943198 -0.38799896794510791 -0.027571955049817545 21.383322974794591 0.06253290765781426 -1.3917894122248562 11.380610491559995 0.62798622580463459 -3.7981133672266463 -0.35772860852561683 -1.1572216837212332 0.013404884222079061 79.02714531743139 -0.21428923333139177
1.0914775495538176 -52.65036371238665 -0.12709511690608899 -10.036240129617976 0.14303823883319505 -1.9507524620840631 -0.075526871551883951 0.82360025421656746 0.33956003854760691 13.535548334733793 -0.095832257383664216 -1.2604370231388682 -5.1052357024511812 0.96510765929048803 -2.1250461290952152 -0.54920293100261086 3.8747283485203021 0.01082048856556338 -0.28528568641296109 0.0052606429629212786 0.069642948659177695 -1.7760347659655884 -0.38799896794510813 -18.23295325056991 0.33835745293221758 20.231225510219229 -0.078471732699446281 -1.6426142727162343 0.62798622580463515 -19.577846018799882 -0.357728608525617 6.6973801110180835 0.013404884222079022 -1.8642624495067299 -0.21428923333139163 87.754466903851906
-5.6096694240868681 -0.12709511690608924 -51.920987719190236 0.30833493836599241 -4.2847447364714455 -0.090025874901614802 -0.35703094605256974 0.03675832879674179 -4.009314260014385 -0.02401510845409964 0.30120379387320767 -0.00012746423631859391 -0.13968393956057559 1.7537431672572432 0.081480974807276049 -1.2982440760526957 0.2095518205582298 -16.980972378158473 -0.11594094720785524 1.3859727118502916 -16.138017631672014 0.050913397532012156 -4.2114976118297927 0.069642948659177764 23.097149390306196 -0.027571955049817177 -1.7763375953888887 0.062532907657814413 8.3316468019389642 -0.021782217182642002 -1.2909885949385265 0.0011399637462593502 71.624796409165882 -0.23752703879291395 -1.1572216837212312 0.013404884222079451
-0.12709511690608968 -10.036240129617976 0.30833493836599241 -39.280043827846036 -0.090025874901614733 -7.4020335782961997 0.03675832879674186 0.87065426643058308 13.247672110276083 0.33956003854760702 -0.90684953491627773 -0.095832257383664271 -2.5661775980942521 -0.13968393956057551 1.6262957559633004 0.081480974807276077 0.010820488565563344 4.0904266189491647 0.0052606429629212786 -0.31315607553600694 0.050913397532012378 -13.903481274677679 0.06964294865917775 -1.7760347659655884 20.585787000037367 0.33835745293221781 -1.4582493275585169 -0.078471732699446253 -0.021782217182642075 1.9185929772949586 0.0011399637462593051 0.92241831401788144 -0.23752703879291345 58.878501236889434 0.013404884222079201 -1.864262449506729
-2.7774172111711644 -0.20152707131842415 -50.568463044540778 0.31239898909944369 -4.4539574656065861 -0.097771093111453558 -0.65073630582394848 0.03516126554372892 -4.0066171508270374 0.25130040563267969 0.013550776441506603 -0.0030372825910153518 -0.20133228584637528 1.9749641527120492 0.106456963411469 -1.3813668317950833 1.2980405575619025 -16.983457429881678 -0.086887921474936847 0.17493951511970685 -12.557059609896521 0.039003697661385207 -3.0195079498588004 0.077059649906155353 23.09029663340181 -1.5591987675954053 -0.1230185459016655 0.050513456720549889 7.4800030859137392 -0.065280248080862593 -0.48125626502641605 0.02213681133741667 77.118745900444225 -0.25135058636624591 -7.569523699835587 0.031344700612034045
-0.20152707131842426 -6.103548787063402 0.31239898909944364 -37.815496190102898 -0.097771093111453516 -7.2410370892891205 0.035161265543728969 0.29163935616737618 13.226859422377363 -0.63590975659740212 0.049676691725913866 -0.050993217041121315 -2.0826568769757645 -0.20133228584637489 1.6293391673365125 0.10645696341146903 -0.26690001924822215 4.0882128528241077 0.0065806744745793618 -0.020013295928502359 0.039003697661385582 -10.816233420882714 0.077059649906155492 -0.26483809118495649 20.56319963183191 -1.1171043170092207 0.023755998129353823 -0.04074181542162271 -0.065280248080862566 3.3733109022347767 0.022136811337416629 0.68376088248659617 -0.25135058636624585 63.674029902079447 0.03134470061203367 -8.5893999706229085
0.24729488631112143 0.054774161672215868 13.228569118393334 -0.070490192352437156 -0.65073630582394848 0.035161265543728906 -4.4539574656066092 -0.097771093111451657 0.013550776441506436 -0.0030372825910153483 -4.0066171508270392 0.25130040563267958 0.10645696341146899 -1.3813668317950836 -0.20133228584636581 1.9749641527120225 -0.086887921474936847 0.17493951511970654 1.298040557561887 -16.983457429881678 45.664813474544673 -0.096237771550500673 9.4144569517250893 -0.28469764567896522 -0.12301854590166506 0.050513456720549944 23.090296633401817 -1.5591987675954004 -0.48125626502641605 0.022136811337416663 7.480003085913741 -0.065280248080856862 75.363623367672716 -0.17913229574267236 -10.284700336914778 0.035580175261718021
0.054774161672215958 2.1249605486584864 -0.070490192352437295 10.362277009288281 0.035161265543728983 0.29163935616737613 -0.097771093111451796 -7.2410370892891249 0.04967669172591388 -0.050993217041121197 13.22685942237737 -0.63590975659740656 1.6293391673365125 0.10645696341146896 -2.0826568769757863 -0.20133228584636587 0.0065806744745793497 -0.020013295928502341 -0.26690001924821954 4.0882128528241104 -0.096237771550501366 41.223780763922655 -0.28469764567896538 2.8153011566913237 0.023755998129354139 -0.040741815421622682 20.563199631831896 -1.1171043170092234 0.022136811337416674 0.68376088248659639 -0.065280248080856779 3.3733109022347709 -0.17913229574267292 64.92883539587109 0.035580175261718659 -5.9146152418056728
0.27190190751168181 -9.8197715102561922 3.9625729642710268 -38.542953302254432 0.22323522776845472 -7.3712464537293227 0.07841956565748151 0.33878345294163226 13.538655154186884 0.33613716814834926 0.043556712139310574 -0.071689543005852147 -2.4524477961327773 -0.25436600533588 1.444367855497855 0.15642804827097762 -0.0032661446850446312 5.3073357364051752 0.013350329813404147 -0.031614877455906729 0.96193611321375938 -10.915988533691015 0.29773064172602692 -1.3504057867917003 18.929522767815659 0.33611325878442549 0.028364560885940776 -0.058829547228463938 -0.61640838837742551 1.99667003621726 0.049572643497426627 1.0656909271093782 -5.7801419128116578 63.555590675082478 0.11261668792796883 -1.9009962104168074
3.8165978210763614 -51.961832408915512 0.27190190751168231 -9.8197715102561904 0.017083809811807706 -1.9113535835196456 -0.048225910443353268 0.69179382652334975 0.33613716814834937 13.790167522855835 -0.071689543005852147 -0.29129991674781353 -5.3518553605756409 1.2362997296048051 -2.4698610596480313 -0.68535940623450453 4.9699867408628 -0.0032661446850446208 0.007401213883134786 0.013350329813404133 0.29773064172602687 -1.3504057867917005 0.054042471234833828 -15.042947834726455 0.33611325878442549 18.681510965866796 -0.058829547228463897 -0.20141614785985271 -0.19622165806058192 -19.239414005075329 -0.099124418910068707 5.3417360925917272 0.11261668792796874 -1.9009962104168074 -6.4375509435708702 93.188791558901684
-0.052357779720948863 2.8879238065419663 -1.0240178425841451 10.574681577916609 0.078419565657481524 0.33878345294163215 0.223235227768458 -7.3712464537293325 0.043556712139310505 -0.071689543005852091 13.538655154186882 0.33613716814834405 1.4443678554978547 0.15642804827097762 -2.4524477961327946 -0.25436600533587161 0.013350329813404116 -0.031614877455906729 -0.0032661446850420685 5.3073357364051805 -3.4491081002591488 41.661319442967169 -1.0346458684700173 5.9978898712877973 0.028364560885940776 -0.058829547228463938 18.929522767815659 0.33611325878442233 0.049572643497426724 1.0656909271093782 -0.61640838837741985 1.9966700362172578 -5.5738699833151637 64.905925182534347 0.22462048113659555 -0.49823040314586065
-1.244860565866843 10.68148147470645 -0.052357779720949009 2.8879238065419659 -0.048225910443353309 0.69179382652334975 0.017083809811804962 -1.911353583519638 -0.071689543005852091 -0.2912999167478133 0.33613716814834405 13.790167522855842 -2.4698610596480322 -0.68535940623450475 -5.3518553605755592 1.2362997296047655 0.0074012138831347288 0.01335032981340414 4.9699867408627876 -0.0032661446850421882 -1.0346458684700175 5.997889871287799 -1.0309743074926185 44.043044769602062 -0.058829547228463897 -0.20141614785985282 0.33611325878442189 18.681510965866803 -0.099124418910068526 5.3417360925917281 -0.19622165806058556 -19.23941400507529 0.22462048113659527 -0.49823040314586076 -7.6517085379760621 75.476088981498648
1.0803413010487473 -51.179239519431285 -0.14639129398570691 -7.0630223895363873 0.14463530208620787 -1.3717375518208561 -0.067781653342045223 0.66260376520948694 -0.61696618809458559 13.49070929439125 -0.075019569484942872 -0.28496722799385965 -5.1082791138243975 0.94013167068629544 -2.6085668502137009 -0.48755458471681357 3.873408317008646 -0.28232229104194134 -0.007565178599176282 0.0074744090879764113 0.052116357683469845 -0.56293128559162453 -0.30841154564833007 -14.968136014140837 -1.1436478727556574 20.193495592941424 -0.05588436449397538 -0.1871525027747987 0.60698937821347843 -19.339188587268605 -0.3142305776273967 5.2426621860782694 0.032961801311494239 -6.4617157679612358 -0.2288272791803396 93.308847886598102
-37.839234993599391 1.0803413010487459 -1.8634997560271938 -0.14639129398570702 1.9997983344912198 0.14463530208620787 -0.19395679575451771 -0.067781653342045195 0.26363790897760153 -3.8347778968847637 -0.0028245734236651996 0.016513432953302775 0.94013167068629633 -4.3794549202690778 -0.48755458471681407 2.9114938022977488 -15.276633290060939 1.4205850172888146 -0.19510462630429123 -0.11345589548465272 -2.4590295511895901 0.052116357683469852 -4.7506025670523844 -0.30841154564833007 -1.6808910045370422 21.395342425731869 0.069385664562192417 0.13983740032073108 10.570878161647871 0.60698937821347843 -2.9464696512014186 -0.31423057762739687 -6.8895913618904743 0.032961801311494413 86.58898168618019 -0.22882727918033965
-0.28220304930756562 10.453876606839589 0.039573862433694498 2.1315371038707331 -0.067781653342045278 0.66260376520948694 0.14463530208620556 -1.3717375518208481 -0.075019569484942789 -0.28496722799385976 -0.61696618809459114 13.490709294391252 -2.6085668502137018 -0.48755458471681379 -5.1082791138243113 0.94013167068626191 -0.0075651785991764572 0.0074744090879764235 3.8734083170086353 -0.28232229104193979 -0.1932005235115595 2.9928705393254216 1.1781527409824637 43.697003212724937 -0.055884364493975408 -0.18715250277479831 -1.1436478727556594 20.193495592941407 -0.31423057762739659 5.2426621860782703 0.60698937821347254 -19.33918858726857 0.034865676986104314 -5.1557629242494514 -0.18908397293311402 75.498284696559793
13.355731752068992 -0.28220304930756546 0.2564247526386908 0.039573862433694484 -0.19395679575451771 -0.067781653342045167 1.9997983344912271 0.14463530208620537 -0.0028245734236651996 0.016513432953302758 0.26363790897760181 -3.8347778968847632 -0.48755458471681401 2.9114938022977488 0.94013167068626324 -4.3794549202689987 -0.19510462630429135 -0.11345589548465265 -15.276633290060895 1.4205850172888048 8.2707136714915279 -0.19320052351155956 29.734524624189671 1.1781527409824637 0.069385664562192487 0.13983740032073147 -1.6808910045370387 21.395342425731865 -2.9464696512014195 -0.31423057762739681 10.570878161647878 0.60698937821347287 -8.2168134594443316 0.034865676986104252 104.16557205430114 -0.18908397293311147
-38.31266397242949 4.7965640242415359 -5.5136737311987751 0.58106581816580793 1.6787920136113101 0.27484466652641343 -0.23721509586827028 -0.11492575011630164 -0.048157822831912188 -4.8068248216305136 0.0032954061629388541 0.037209758918033603 1.3099225898433082 -4.3264212007795679 -0.3025832728781554 2.8615227174382398 -15.540267164624106 0.20146213370774671 -0.2018742816431168 -0.10185431395724792 -3.3819619667419634 0.15187147049177141 -4.9712735588722596 0.7771561499584142 -0.04721414052080046 19.942124849938217 0.06477710180560696 0.15792513212757278 11.122006301944444 1.9836302442309941 -2.9739054833614285 -0.69616062225017905 -1.3608000354450578 0.151401028308466 86.507709698864261 -6.9172310393864453
-5.5136737311987742 0.58106581816580793 -50.986756246038162 3.0691481098192424 -4.3264059733321849 0.44184493858733548 -0.67029204872264025 0.0059712042298666196 -4.9597205070699699 -0.048157822831912216 0.010220749962415794 0.0032954061629388853 0.0422439609048696 1.6787960937935424 -0.032248827154199855 -1.1835620102773925 0.20146213370774707 -17.262513576238561 -0.10185431395724785 0.16906359439427887 -12.802673893939081 0.8264781988614599 -3.3819619667419629 0.15187147049177138 21.610535501861737 -0.047214140520800203 -0.12007336316717795 0.064777101805607043 8.2832141221877933 -0.16505483027413873 -0.69636242374374457 -0.076937095176042358 77.039091013827772 -4.8120701439106668 -1.3608000354450562 0.15140102830846625
13.462863693462154 -1.045166307191046 1.2099524028703987 -0.17283070619463697 -0.23721509586827022 -0.11492575011630167 1.6787920136113175 0.27484466652641043 0.0032954061629388819 0.037209758918033575 -0.048157822831911834 -4.8068248216305154 -0.30258327287815534 2.8615227174382394 1.3099225898432698 -4.3264212007794915 -0.20187428164311697 -0.10185431395724789 -15.540267164624067 0.20146213370773539 11.623584000200172 -0.63073920255607496 30.484472846980729 -2.0044359736140089 0.064777101805607043 0.1579251321275725 -0.047214140520796172 19.942124849938217 -2.9739054833614285 -0.69616062225017927 11.12200630194444 1.983630244230987 -2.8220757718718428 0.057775890322851652 103.97653174842625 -5.6054688115929228
1.2099524028703987 -0.172830706194637 13.320500760547979 -0.82687689502367068 -0.67029204872264037 0.0059712042298666482 -4.3264059733322098 0.44184493858733803 0.01022074996241587 0.0032954061629388853 -4.9597205070699744 -0.048157822831911813 -0.03224882715419982 -1.1835620102773927 0.042243960904877753 1.67879609379352 -0.10185431395724784 0.16906359439427879 0.20146213370773511 -17.262513576238572 46.506258819503124 -3.101257103512876 11.623584000200172 -0.63073920255607518 -0.12007336316717798 0.064777101805607085 21.61053550186174 -0.047214140520795617 -0.69636242374374457 -0.076937095176042414 8.2832141221877968 -0.16505483027413329 75.173868563522277 -4.8366648168462616 -2.8220757718718428 0.057775890322851624
1.6089494272881695 0.043637913167145284 16.97473878645301 -0.08978636943205473 -0.35703094605257085 0.036758328796741895 -4.2847447364714695 -0.090025874901613012 0.30120379387320811 -0.00012746423631860432 -4.0093142600143867 -0.024015108454099647 0.081480974807276632 -1.2982440760526974 -0.13968393956056857 1.7537431672572221 -0.11594094720785598 1.3859727118502925 0.20955182055821786 -16.980972378158484 47.41728153518487 -0.1137643625262082 11.85167169326702 -0.2051102233821871 -1.7763375953888891 0.062532907657814676 23.097149390306203 -0.027571955049813454 -1.2909885949385287 0.0011399637462597718 8.3316468019389642 -0.02178221718263669 69.631253689503524 -0.15957537865325752 -2.722863968165949 0.021042129412771487
0.043637913167145298 3.5960847416138644 -0.089786369432054799 13.335494749369866 0.03675832879674195 0.87065426643058363 -0.090025874901613151 -7.402033578296205 -0.90684953491627807 -0.095832257383664535 13.247672110276095 0.33956003854760208 1.6262957559632993 0.081480974807276577 -2.5661775980942698 -0.13968393956056852 0.0052606429629213749 -0.31315607553600727 0.0108204885655651 4.0904266189491665 -0.11376436252620864 42.436884244296607 -0.20511022338218729 6.0801183931203902 -1.4582493275585182 -0.078471732699446545 20.585787000037371 0.33835745293221486 0.0011399637462597804 0.92241831401788132 -0.021782217182636621 1.9185929772949553 -0.15957537865325802 60.331382077416606 0.021042129412771872 -0.36023425905947304
16.187983964984703 -0.35663500371989953 1.6089494272881699 0.043637913167145215 -0.36316952488965781 -0.075526871551884006 1.7060929747198477 0.14303823883319253 -0.00012746423631860432 0.29182894704008217 -0.02401510845409964 -3.83768771523946 -0.54920293100261353 3.1327147877525547 0.96510765929045594 -4.462577676011386 0.89338411069938184 -0.115940947207856 -15.247580264327974 0.20955182055821805 11.851671693267022 -0.20511022338218671 30.926514286160664 1.1855694422294416 0.062532907657814621 -1.3917894122248577 -0.027571955049813517 21.383322974794602 -3.7981133672266472 -0.35772860852561716 11.380610491559986 0.62798622580462993 -2.7228639681659508 0.021042129412771879 97.753270038186756 -0.17114415654315623
-0.35663500371989959 14.386567949394166 0.04363791316714509 3.5960847416138635 -0.075526871551884117 0.82360025421656768 0.14303823883319278 -1.9507524620840559 -0.095832257383664549 -1.2604370231388691 0.33956003854760186 13.535548334733789 -2.1250461290952103 -0.54920293100261364 -5.1052357024510995 0.96510765929045528 -0.28528568641296204 0.0052606429629213853 3.8747283485202924 0.010820488565565051 -0.20511022338218687 6.080118393120391 1.1855694422294416 45.208199887505586 -0.078471732699446461 -1.6426142727162354 0.33835745293221431 20.231225510219232 -0.35772860852561705 6.6973801110180871 0.62798622580463059 -19.577846018799857 0.021042129412771889 -0.36023425905947443 -0.17114415654315801 68.773147175443583
-5.7855756387104575 10.400837328421984 -54.949329210309159 41.612101412073628 -4.5496412011006395 7.8130913923166592 -0.74871161438012168 -0.33281224871176568 -18.498375661256858 -0.38429499098026138 -0.033335962176894482 0.074984949168790893 2.4946917570376472 1.9331620991294207 -1.4766166826520544 -1.3399900585483706 0.20472827839279112 -22.569849312643733 -0.11520464377065202 0.20067847185018592 -13.764610007152834 11.742466732552474 -3.6796926084679904 1.5022772572834719 2.6810127340460728 -0.38332739930522564 -0.14843792405311648 0.12360664903407075 8.8996225105652282 -2.1617248664914008 -0.74593506724117153 -1.1426280222854215 82.819232926639458 -68.367660818993116 -1.4734167233730251 2.0523972387252738
-42.129261793505812 56.758396433157017 -5.7855756387104575 10.400837328421982 1.6617082037995035 2.1861982500460577 -0.18898918542491686 -0.80671957663965099 -0.38429499098026149 -18.596992344486353 0.074984949168790838 0.32850967566584732 6.6617779504189469 -5.5627209303843799 2.1672777867698763 3.5468821236727428 -20.510253905486902 0.20472827839279106 -0.20927549552625169 -0.11520464377065215 -3.6796926084679908 1.5022772572834719 -5.0253160301070974 15.820103984684868 -0.38332739930522525 1.2606138840714145 0.12360664903407075 0.35934127998742649 11.318227960005025 21.223044249306323 -2.8747810644513612 -6.0378967148419065 -1.4734167233730271 2.0523972387252751 92.945260642435159 -100.10602259828808
1.2623101825913476 -3.0607545127366049 14.344518603132126 -11.401558472940282 -0.7487116143801219 -0.33281224871176579 -4.5496412011006662 7.8130913923166698 -0.033335962176894482 0.074984949168790824 -18.498375661256865 -0.38429499098025632 -1.4766166826520544 -1.3399900585483708 2.4946917570376717 1.9331620991293925 -0.11520464377065208 0.20067847185018561 0.20472827839277685 -22.569849312643761 49.95536691976227 -44.762576546480034 12.658229868670192 -6.6286290738438733 -0.14843792405311659 0.1236066490340708 2.6810127340460799 -0.38332739930521803 -0.74593506724117153 -1.1426280222854219 8.8996225105652158 -2.1617248664913915 80.747738546837425 -69.742589999380613 -3.0466962530084367 0.556006293468711
14.707724259328998 -11.726647781897494 1.2623101825913476 -3.060754512736604 -0.1889891854249168 -0.80671957663965121 1.6617082037995121 2.186198250046048 0.074984949168790838 0.32850967566584727 -0.38429499098025627 -18.596992344486349 2.1672777867698767 3.5468821236727437 6.6617779504188324 -5.5627209303842582 -0.20927549552625149 -0.11520464377065205 -20.510253905486852 0.20472827839277738 12.658229868670189 -6.6286290738438733 31.515447154473335 -46.047480743216063 0.1236066490340708 0.35934127998742638 -0.38332739930521792 1.2606138840714107 -2.8747810644513629 -6.0378967148419065 11.318227960005025 21.223044249306277 -3.0466962530084394 0.55600629346871144 111.62824028640232 -81.081557793091591
35.061817782428193 -1.2818683723671696 -48.70496328851354 0.45879028308515019 -6.4537558000978077 -0.24240639519766147 -0.45677951006943035 0.10294291888577409 -4.2702550598046392 4.086078302517441 0.016375349865171921 -0.019550715544318267 -1.141463956532671 6.3544190729811207 0.59401154812828261 -4.2928606340928326 16.574673847622833 -18.404042447170475 0.10821670482935627 0.28839541060435969 -10.098030058706929 -0.01311266002208443 1.7310946171935939 0.38547119555448595 24.771187637938862 -22.95454119332728 -0.19240421046385628 -0.089323943600181255 -3.0908750757341434 -0.67226962629434062 2.4652133861750034 0.33636738896481322 84.008337262334692 -0.28431238767774053 -94.158505386015761 0.26017197979237239
-1.2818683723671718 45.075690732367867 0.45879028308514996 -30.752473800566527 -0.24240639519766169 -5.8692995374682608 0.10294291888577427 -0.37096440904211092 13.84382561047196 -14.126619050988646 0.12469626121085794 0.23397401095273801 3.0256222368486267 -1.1414639565326719 4.2379060175502108 0.59401154812828239 -4.1403083362568687 4.3705351438660509 0.014145853073755968 -0.02748770501647875 -0.013112660022084527 -10.25330213529109 0.38547119555448589 14.703297922955885 21.706847504587557 -21.310599909950646 0.079640362623330491 0.14641068735317492 -0.67226962629434028 22.712499489503372 0.33636738896481344 -4.558901303591675 -0.28431238767773953 70.135745670040635 0.26017197979237261 -101.89824785722098
-13.108436865757866 0.33697721097978101 12.972144365754652 -0.11006405478613172 -0.45677951006943068 0.10294291888577414 -6.4537558000978379 -0.24240639519765683 0.016375349865171761 -0.01955071554431817 -4.27025505980464 4.0860783025174419 0.5940115481282825 -4.2928606340928335 -1.1414639565326288 6.3544190729810213 0.10821670482935616 0.28839541060435969 16.574673847622773 -18.40404244717049 37.394099803053145 0.096962751961058816 -20.320067672464585 -1.46285038666143 -0.19240421046385733 -0.089323943600181532 24.771187637938851 -22.954541193327259 2.4652133861750034 0.33636738896481339 -3.090875075734139 -0.67226962629432974 83.580436827117055 -0.21399797272877624 -114.45027239121589 0.22466414819482847
0.33697721097978095 -8.3289160581811092 -0.11006405478613171 8.2307399054175505 0.10294291888577428 -0.37096440904211081 -0.2424063951976573 -5.8692995374682777 0.12469626121085778 0.23397401095273801 13.843825610471965 -14.126619050988651 4.2379060175502126 0.59401154812828239 3.0256222368485322 -1.1414639565326281 0.014145853073756105 -0.027487705016478653 -4.1403083362568527 4.37053514386605 0.096962751961058274 38.230910224597238 -1.4628503866614306 -40.881702056033603 0.079640362623330477 0.14641068735317425 21.706847504587557 -21.310599909950632 0.33636738896481311 -4.558901303591675 -0.67226962629432996 22.71249948950334 -0.21399797272877691 70.08459832012052 0.22466414819483074 -81.412899938365484
-7.218618851375032 -0.1707330300732347 -68.895726505643282 0.39812130779804794 -3.9277137904188764 -0.12678420369835686 3.927713790418899 0.12678420369835464 -4.3105180538875922 -0.023887644217781043 4.3105180538875931 0.023887644217781015 -0.22116491436785216 3.0519872433099384 0.22116491436784452 -3.0519872433099167 0.3254927677660856 -18.366945090008755 -0.32549276776607317 18.366945090008766 -63.555299166856905 0.16467776005822213 -16.06316930509681 0.2747531720413644 24.873486985695084 -0.090104862707632308 -24.873486985695077 0.090104862707627506 9.6226353968774951 -0.022922180928901699 -9.6226353968774934 0.022922180928896085 1.9935427196623634 -0.077951660139655293 1.5656422844447186 -0.007637245190692532
-0.17073303007323545 -13.632324871231834 0.39812130779804694 -52.615538577215887 -0.12678420369835677 -8.272687844726784 0.12678420369835486 8.2726878447267929 14.154521645192368 0.43539229593127082 -14.154521645192371 -0.43539229593126599 -4.1924733540575536 -0.22116491436785229 4.1924733540575705 0.22116491436784474 0.0055598456026420568 4.4035826944851735 -0.0055598456026437395 -4.4035826944851708 0.16467776005822191 -56.340365518974295 0.27475317204136479 -7.8561531590859781 22.044036327595887 0.41682918563166355 -22.04403632759589 -0.41682918563166099 -0.02292218092890197 0.99617466327707926 0.022922180928896196 -0.99617466327707338 -0.077951660139654835 -1.4528808405271338 -0.0076372451906931739 -1.5040281904472534
-55.388873499561129 1.4481125532737162 -7.2186188513750356 -0.1707330300732347 2.0692624996094997 0.21856511038507898 -2.0692624996095055 -0.21856511038507634 -0.023887644217781067 -4.1295166622795421 0.023887644217781015 4.1295166622795412 1.5143105902931024 -7.5952924637640127 -1.5143105902930674 7.5952924637639372 -16.140964375027401 0.32549276776608527 16.140964375027348 -0.32549276776607322 -16.06316930509681 0.27475317204136479 -38.114331594755008 -1.5735684101745515 -0.090104862707632349 22.775112387019469 0.090104862707627797 -22.775112387019455 15.178723858786636 0.98571483433025187 -15.178723858786633 -0.98571483433024643 1.5656422844447182 -0.0076372451906926812 -18.726124720755383 -0.043145076788234565
1.4481125532737167 -67.036931661780798 -0.17073303007323451 -13.632324871231834 0.21856511038507931 -2.7743527163006303 -0.21856511038507664 2.7743527163006232 0.43539229593127082 14.795985357872658 -0.43539229593126594 -14.795985357872661 -2.9801895733559718 1.5143105902931018 2.9801895733558883 -1.5143105902930658 4.1600140349332646 0.0055598456026419892 -4.1600140349332539 -0.0055598456026437256 0.27475317204136451 -7.8561531590859781 -1.5735684101745513 -63.441153138075492 0.41682918563166355 21.873839782935484 -0.41682918563166055 -21.873839782935462 0.98571483433025231 -26.275226129817966 -0.98571483433024709 26.275226129817941 -0.0076372451906928825 -1.5040281904472548 -0.043145076788233677 18.981319728408298
D667RT mesh=d667_curved_hex_w2.mesh INTEG=wgradneg RULE=default n=36
39.200889534576447 -1.0914775495538169 5.6096694240868672 0.12709511690608899 -1.7060929747198419 -0.14303823883319483 0.36316952488965798 0.075526871551883798 0.024015108454099682 3.8376877152394622 0.00012746423631859911 -0.29182894704008194 -0.96510765929048803 4.4625776760114642 0.54920293100261119 -3.1327147877525499 15.247580264328008 -0.2095518205582296 -0.89338411069937762 0.1159409472078553 4.2114976118297927 -0.06964294865917775 7.1878173085943198 0.38799896794510791 0.027571955049817545 -21.383322974794591 -0.06253290765781426 1.3917894122248562 -11.380610491559995 -0.62798622580463459 3.7981133672266463 0.35772860852561683 1.1572216837212332 -0.013404884222079061 -79.02714531743139 0.21428923333139177
-1.0914775495538176 52.65036371238665 0.12709511690608899 10.036240129617976 -0.14303823883319505 1.9507524620840631 0.075526871551883951 -0.82360025421656746 -0.33956003854760691 -13.535548334733793 0.095832257383664216 1.2604370231388682 5.1052357024511812 -0.96510765929048803 2.1250461290952152 0.54920293100261086 -3.8747283485203021 -0.01082048856556338 0.28528568641296109 -0.0052606429629212786 -0.069642948659177695 1.7760347659655884 0.38799896794510813 18.23295325056991 -0.33835745293221758 -20.231225510219229 0.078471732699446281 1.6426142727162343 -0.62798622580463515 19.577846018799882 0.357728608525617 -6.6973801110180835 -0.013404884222079022 1.8642624495067299 0.21428923333139163 -87.754466903851906
5.6096694240868681 0.12709511690608924 51.920987719190236 -0.30833493836599241 4.2847447364714455 0.090025874901614802 0.35703094605256974 -0.03675832879674179 4.009314260014385 0.02401510845409964 -0.30120379387320767 0.00012746423631859391 0.13968393956057559 -1.7537431672572432 -0.081480974807276049 1.2982440760526957 -0.2095518205582298 16.980972378158473 0.11594094720785524 -1.3859727118502916 16.138017631672014 -0.050913397532012156 4.2114976118297927 -0.069642948659177764 -23.097149390306196 0.027571955049817177 1.7763375953888887 -0.062532907657814413 -8.3316468019389642 0.021782217182642002 1.2909885949385265 -0.0011399637462593502 -71.624796409165882 0.23752703879291395 1.1572216837212312 -0.013404884222079451
0.12709511690608968 10.036240129617976 -0.30833493836599241 39.280043827846036 0.090025874901614733 7.4020335782961997 -0.03675832879674186 -0.87065426643058308 -13.247672110276083 -0.33956003854760702 0.90684953491627773 0.095832257383664271 2.5661775980942521 0.13968393956057551 -1.6262957559633004 -0.081480974807276077 -0.010820488565563344 -4.0904266189491647 -0.0052606429629212786 0.31315607553600694 -0.050913397532012378 13.903481274677679 -0.06964294865917775 1.7760347659655884 -20.585787000037367 -0.33835745293221781 1.4582493275585169 0.078471732699446253 0.021782217182642075 -1.9185929772949586 -0.0011399637462593051 -0.92241831401788144 0.23752703879291345 -58.878501236889434 -0.013404884222079201 1.864262449506729
2.7774172111711644 0.20152707131842415 50.568463044540778 -0.31239898909944369 4.4539574656065861 0.097771093111453558 0.65073630582394848 -0.03516126554372892 4.0066171508270374 -0.25130040563267969 -0.013550776441506603 0.0030372825910153518 0.20133228584637528 -1.9749641527120492 -0.106456963411469 1.3813668317950833 -1.2980405575619025 16.983457429881678 0.086887921474936847 -0.17493951511970685 12.557059609896521 -0.039003697661385207 3.0195079498588004 -0.077059649906155353 -23.09029663340181 1.5591987675954053 0.1230185459016655 -0.050513456720549889 -7.4800030859137392 0.065280248080862593 0.48125626502641605 -0.02213681133741667 -77.118745900444225 0.25135058636624591 7.569523699835587 -0.031344700612034045
0.20152707131842426 6.103548787063402 -0.31239898909944364 37.815496190102898 0.097771093111453516 7.2410370892891205 -0.035161265543728969 -0.29163935616737618 -13.226859422377363 0.63590975659740212 -0.049676691725913866 0.050993217041121315 2.0826568769757645 0.20133228584637489 -1.6293391673365125 -0.10645696341146903 0.26690001924822215 -4.0882128528241077 -0.0065806744745793618 0.020013295928502359 -0.039003697661385582 10.816233420882714 -0.077059649906155492 0.26483809118495649 -20.56319963183191 1.1171043170092207 -0.023755998129353823 0.04074181542162271 0.065280248080862566 -3.3733109022347767 -0.022136811337416629 -0.68376088248659617 0.25135058636624585 -63.674029902079447 -0.03134470061203367 8.5893999706229085
-0.24729488631112143 -0.054774161672215868 -13.228569118393334 0.070490192352437156 0.65073630582394848 -0.035161265543728906 4.4539574656066092 0.097771093111451657 -0.013550776441506436 0.0030372825910153483 4.0066171508270392 -0.25130040563267958 -0.10645696341146899 1.3813668317950836 0.20133228584636581 -1.9749641527120225 0.086887921474936847 -0.17493951511970654 -1.298040557561887 16.983457429881678 -45.664813474544673 0.096237771550500673 -9.4144569517250893 0.28469764567896522 0.12301854590166506 -0.050513456720549944 -23.090296633401817 1.5591987675954004 0.48125626502641605 -0.022136811337416663 -7.480003085913741 0.065280248080856862 -75.363623367672716 0.17913229574267236 10.284700336914778 -0.035580175261718021
-0.054774161672215958 -2.1249605486584864 0.070490192352437295 -10.362277009288281 -0.035161265543728983 -0.29163935616737613 0.097771093111451796 7.2410370892891249 -0.04967669172591388 0.050993217041121197 -13.22685942237737 0.63590975659740656 -1.6293391673365125 -0.10645696341146896 2.0826568769757863 0.20133228584636587 -0.0065806744745793497 0.020013295928502341 0.26690001924821954 -4.0882128528241104 0.096237771550501366 -41.223780763922655 0.28469764567896538 -2.8153011566913237 -0.023755998129354139 0.040741815421622682 -20.563199631831896 1.1171043170092234 -0.022136811337416674 -0.68376088248659639 0.065280248080856779 -3.3733109022347709 0.17913229574267292 -64.92883539587109 -0.035580175261718659 5.9146152418056728
-0.27190190751168181 9.8197715102561922 -3.9625729642710268 38.542953302254432 -0.22323522776845472 7.3712464537293227 -0.07841956565748151 -0.33878345294163226 -13.538655154186884 -0.33613716814834926 -0.043556712139310574 0.071689543005852147 2.4524477961327773 0.25436600533588 -1.444367855497855 -0.15642804827097762 0.0032661446850446312 -5.3073357364051752 -0.013350329813404147 0.031614877455906729 -0.96193611321375938 10.915988533691015 -0.29773064172602692 1.3504057867917003 -18.929522767815659 -0.33611325878442549 -0.028364560885940776 0.058829547228463938 0.61640838837742551 -1.99667003621726 -0.049572643497426627 -1.0656909271093782 5.7801419128116578 -63.555590675082478 -0.11261668792796883 1.9009962104168074
-3.8165978210763614 51.961832408915512 -0.27190190751168231 9.8197715102561904 -0.017083809811807706 1.9113535835196456 0.048225910443353268 -0.69179382652334975 -0.33613716814834937 -13.790167522855835 0.071689543005852147 0.29129991674781353 5.3518553605756409 -1.2362997296048051 2.4698610596480313 0.68535940623450453 -4.9699867408628 0.0032661446850446208 -0.007401213883134786 -0.013350329813404133 -0.29773064172602687 1.3504057867917005 -0.054042471234833828 15.042947834726455 -0.33611325878442549 -18.681510965866796 0.058829547228463897 0.20141614785985271 0.19622165806058192 19.239414005075329 0.099124418910068707 -5.3417360925917272 -0.11261668792796874 1.9009962104168074 6.4375509435708702 -93.188791558901684
0.052357779720948863 -2.8879238065419663 1.0240178425841451 -10.574681577916609 -0.078419565657481524 -0.33878345294163215 -0.223235227768458 7.3712464537293325 -0.043556712139310505 0.071689543005852091 -13.538655154186882 -0.33613716814834405 -1.4443678554978547 -0.15642804827097762 2.4524477961327946 0.25436600533587161 -0.013350329813404116 0.031614877455906729 0.0032661446850420685 -5.3073357364051805 3.4491081002591488 -41.661319442967169 1.0346458684700173 -5.9978898712877973 -0.028364560885940776 0.058829547228463938 -18.929522767815659 -0.33611325878442233 -0.049572643497426724 -1.0656909271093782 0.61640838837741985 -1.9966700362172578 5.5738699833151637 -64.905925182534347 -0.22462048113659555 0.49823040314586065
1.244860565866843 -10.68148147470645 0.052357779720949009 -2.8879238065419659 0.048225910443353309 -0.69179382652334975 -0.017083809811804962 1.911353583519638 0.071689543005852091 0.2912999167478133 -0.33613716814834405 -13.790167522855842 2.4698610596480322 0.68535940623450475 5.3518553605755592 -1.2362997296047655 -0.0074012138831347288 -0.01335032981340414 -4.9699867408627876 0.0032661446850421882 1.0346458684700175 -5.997889871287799 1.0309743074926185 -44.043044769602062 0.058829547228463897 0.20141614785985282 -0.33611325878442189 -18.681510965866803 0.099124418910068526 -5.3417360925917281 0.19622165806058556 19.23941400507529 -0.22462048113659527 0.49823040314586076 7.6517085379760621 -75.476088981498648
-1.0803413010487473 51.179239519431285 0.14639129398570691 7.0630223895363873 -0.14463530208620787 1.3717375518208561 0.067781653342045223 -0.66260376520948694 0.61696618809458559 -13.49070929439125 0.075019569484942872 0.28496722799385965 5.1082791138243975 -0.94013167068629544 2.6085668502137009 0.48755458471681357 -3.873408317008646 0.28232229104194134 0.007565178599176282 -0.0074744090879764113 -0.052116357683469845 0.56293128559162453 0.30841154564833007 14.968136014140837 1.1436478727556574 -20.193495592941424 0.05588436449397538 0.1871525027747987 -0.60698937821347843 19.339188587268605 0.3142305776273967 -5.2426621860782694 -0.032961801311494239 6.4617157679612358 0.2288272791803396 -93.308847886598102
37.839234993599391 -1.0803413010487459 1.8634997560271938 0.14639129398570702 -1.9997983344912198 -0.14463530208620787 0.19395679575451771 0.067781653342045195 -0.26363790897760153 3.8347778968847637 0.0028245734236651996 -0.016513432953302775 -0.94013167068629633 4.3794549202690778 0.48755458471681407 -2.9114938022977488 15.276633290060939 -1.4205850172888146 0.19510462630429123 0.11345589548465272 2.4590295511895901 -0.052116357683469852 4.7506025670523844 0.30841154564833007 1.6808910045370422 -21.395342425731869 -0.069385664562192417 -0.13983740032073108 -10.570878161647871 -0.60698937821347843 2.9464696512014186 0.31423057762739687 6.8895913618904743 -0.032961801311494413 -86.58898168618019 0.22882727918033965
0.28220304930756562 -10.453876606839589 -0.039573862433694498 -2.1315371038707331 0.067781653342045278 -0.66260376520948694 -0.14463530208620556 1.3717375518208481 0.075019569484942789 0.28496722799385976 0.61696618809459114 -13.490709294391252 2.6085668502137018 0.48755458471681379 5.1082791138243113 -0.94013167068626191 0.0075651785991764572 -0.0074744090879764235 -3.8734083170086353 0.28232229104193979 0.1932005235115595 -2.9928705393254216 -1.1781527409824637 -43.697003212724937 0.055884364493975408 0.18715250277479831 1.1436478727556594 -20.193495592941407 0.31423057762739659 -5.2426621860782703 -0.60698937821347254 19.33918858726857 -0.034865676986104314 5.1557629242494514 0.18908397293311402 -75.498284696559793
-13.355731752068992 0.28220304930756546 -0.2564247526386908 -0.039573862433694484 0.19395679575451771 0.067781653342045167 -1.9997983344912271 -0.14463530208620537 0.0028245734236651996 -0.016513432953302758 -0.26363790897760181 3.8347778968847632 0.48755458471681401 -2.9114938022977488 -0.94013167068626324 4.3794549202689987 0.19510462630429135 0.11345589548465265 15.276633290060895 -1.4205850172888048 -8.2707136714915279 0.19320052351155956 -29.734524624189671 -1.1781527409824637 -0.069385664562192487 -0.13983740032073147 1.6808910045370387 -21.395342425731865 2.9464696512014195 0.31423057762739681 -10.570878161647878 -0.60698937821347287 8.2168134594443316 -0.034865676986104252 -104.16557205430114 0.18908397293311147
38.31266397242949 -4.7965640242415359 5.5136737311987751 -0.58106581816580793 -1.6787920136113101 -0.27484466652641343 0.23721509586827028 0.11492575011630164 0.048157822831912188 4.8068248216305136 -0.0032954061629388541 -0.037209758918033603 -1.3099225898433082 4.3264212007795679 0.3025832728781554 -2.8615227174382398 15.540267164624106 -0.20146213370774671 0.2018742816431168 0.10185431395724792 3.3819619667419634 -0.15187147049177141 4.9712735588722596 -0.7771561499584142 0.04721414052080046 -19.942124849938217 -0.06477710180560696 -0.15792513212757278 -11.122006301944444 -1.9836302442309941 2.9739054833614285 0.69616062225017905 1.3608000354450578 -0.151401028308466 -86.507709698864261 6.9172310393864453
5.5136737311987742 -0.58106581816580793 50.986756246038162 -3.0691481098192424 4.3264059733321849 -0.44184493858733548 0.67029204872264025 -0.0059712042298666196 4.9597205070699699 0.048157822831912216 -0.010220749962415794 -0.0032954061629388853 -0.0422439609048696 -1.6787960937935424 0.032248827154199855 1.1835620102773925 -0.20146213370774707 17.262513576238561 0.10185431395724785 -0.16906359439427887 12.802673893939081 -0.8264781988614599 3.3819619667419629 -0.15187147049177138 -21.610535501861737 0.047214140520800203 0.12007336316717795 -0.064777101805607043 -8.2832141221877933 0.16505483027413873 0.69636242374374457 0.076937095176042358 -77.039091013827772 4.8120701439106668 1.3608000354450562 -0.15140102830846625
-13.462863693462154 1.045166307191046 -1.2099524028703987 0.17283070619463697 0.23721509586827022 0.11492575011630167 -1.6787920136113175 -0.27484466652641043 -0.0032954061629388819 -0.037209758918033575 0.048157822831911834 4.8068248216305154 0.30258327287815534 -2.8615227174382394 -1.3099225898432698 4.3264212007794915 0.20187428164311697 0.10185431395724789 15.540267164624067 -0.20146213370773539 -11.623584000200172 0.63073920255607496 -30.484472846980729 2.0044359736140089 -0.064777101805607043 -0.1579251321275725 0.047214140520796172 -19.942124849938217 2.9739054833614285 0.69616062225017927 -11.12200630194444 -1.983630244230987 2.8220757718718428 -0.057775890322851652 -103.97653174842625 5.6054688115929228
-1.2099524028703987 0.172830706194637 -13.320500760547979 0.82687689502367068 0.67029204872264037 -0.0059712042298666482 4.3264059733322098 -0.44184493858733803 -0.01022074996241587 -0.0032954061629388853 4.9597205070699744 0.048157822831911813 0.03224882715419982 1.1835620102773927 -0.042243960904877753 -1.67879609379352 0.10185431395724784 -0.16906359439427879 -0.20146213370773511 17.262513576238572 -46.506258819503124 3.101257103512876 -11.623584000200172 0.63073920255607518 0.12007336316717798 -0.064777101805607085 -21.61053550186174 0.047214140520795617 0.69636242374374457 0.076937095176042414 -8.2832141221877968 0.16505483027413329 -75.173868563522277 4.8366648168462616 2.8220757718718428 -0.057775890322851624
-1.6089494272881695 -0.043637913167145284 -16.97473878645301 0.08978636943205473 0.35703094605257085 -0.036758328796741895 4.2847447364714695 0.090025874901613012 -0.30120379387320811 0.00012746423631860432 4.0093142600143867 0.024015108454099647 -0.081480974807276632 1.2982440760526974 0.13968393956056857 -1.7537431672572221 0.11594094720785598 -1.3859727118502925 -0.20955182055821786 16.980972378158484 -47.41728153518487 0.1137643625262082 -11.85167169326702 0.2051102233821871 1.7763375953888891 -0.062532907657814676 -23.097149390306203 0.027571955049813454 1.2909885949385287 -0.0011399637462597718 -8.3316468019389642 0.02178221718263669 -69.631253689503524 0.15957537865325752 2.722863968165949 -0.021042129412771487
-0.043637913167145298 -3.5960847416138644 0.089786369432054799 -13.335494749369866 -0.03675832879674195 -0.87065426643058363 0.090025874901613151 7.402033578296205 0.90684953491627807 0.095832257383664535 -13.247672110276095 -0.33956003854760208 -1.6262957559632993 -0.081480974807276577 2.5661775980942698 0.13968393956056852 -0.0052606429629213749 0.31315607553600727 -0.0108204885655651 -4.0904266189491665 0.11376436252620864 -42.436884244296607 0.20511022338218729 -6.0801183931203902 1.4582493275585182 0.078471732699446545 -20.585787000037371 -0.33835745293221486 -0.0011399637462597804 -0.92241831401788132 0.021782217182636621 -1.9185929772949553 0.15957537865325802 -60.331382077416606 -0.021042129412771872 0.36023425905947304
-16.187983964984703 0.35663500371989953 -1.6089494272881699 -0.043637913167145215 0.36316952488965781 0.075526871551884006 -1.7060929747198477 -0.14303823883319253 0.00012746423631860432 -0.29182894704008217 0.02401510845409964 3.83768771523946 0.54920293100261353 -3.1327147877525547 -0.96510765929045594 4.462577676011386 -0.89338411069938184 0.115940947207856 15.247580264327974 -0.20955182055821805 -11.851671693267022 0.20511022338218671 -30.926514286160664 -1.1855694422294416 -0.062532907657814621 1.3917894122248577 0.027571955049813517 -21.383322974794602 3.7981133672266472 0.35772860852561716 -11.380610491559986 -0.62798622580462993 2.7228639681659508 -0.021042129412771879 -97.753270038186756 0.17114415654315623
0.35663500371989959 -14.386567949394166 -0.04363791316714509 -3.5960847416138635 0.075526871551884117 -0.82360025421656768 -0.14303823883319278 1.9507524620840559 0.095832257383664549 1.2604370231388691 -0.33956003854760186 -13.535548334733789 2.1250461290952103 0.54920293100261364 5.1052357024510995 -0.96510765929045528 0.28528568641296204 -0.0052606429629213853 -3.8747283485202924 -0.010820488565565051 0.20511022338218687 -6.080118393120391 -1.1855694422294416 -45.208199887505586 0.078471732699446461 1.6426142727162354 -0.33835745293221431 -20.231225510219232 0.35772860852561705 -6.6973801110180871 -0.62798622580463059 19.577846018799857 -0.021042129412771889 0.36023425905947443 0.17114415654315801 -68.773147175443583
5.7855756387104575 -10.400837328421984 54.949329210309159 -41.612101412073628 4.5496412011006395 -7.8130913923166592 0.74871161438012168 0.33281224871176568 18.498375661256858 0.38429499098026138 0.033335962176894482 -0.074984949168790893 -2.4946917570376472 -1.9331620991294207 1.4766166826520544 1.3399900585483706 -0.20472827839279112 22.569849312643733 0.11520464377065202 -0.20067847185018592 13.764610007152834 -11.742466732552474 3.6796926084679904 -1.5022772572834719 -2.6810127340460728 0.38332739930522564 0.14843792405311648 -0.12360664903407075 -8.8996225105652282 2.1617248664914008 0.74593506724117153 1.1426280222854215 -82.819232926639458 68.367660818993116 1.4734167233730251 -2.0523972387252738
42.129261793505812 -56.758396433157017 5.7855756387104575 -10.400837328421982 -1.6617082037995035 -2.1861982500460577 0.18898918542491686 0.80671957663965099 0.38429499098026149 18.596992344486353 -0.074984949168790838 -0.32850967566584732 -6.6617779504189469 5.5627209303843799 -2.1672777867698763 -3.5468821236727428 20.510253905486902 -0.20472827839279106 0.20927549552625169 0.11520464377065215 3.6796926084679908 -1.5022772572834719 5.0253160301070974 -15.820103984684868 0.38332739930522525 -1.2606138840714145 -0.12360664903407075 -0.35934127998742649 -11.318227960005025 -21.223044249306323 2.8747810644513612 6.0378967148419065 1.4734167233730271 -2.0523972387252751 -92.945260642435159 100.10602259828808
-1.2623101825913476 3.0607545127366049 -14.344518603132126 11.401558472940282 0.7487116143801219 0.33281224871176579 4.5496412011006662 -7.8130913923166698 0.033335962176894482 -0.074984949168790824 18.498375661256865 0.38429499098025632 1.4766166826520544 1.3399900585483708 -2.4946917570376717 -1.9331620991293925 0.11520464377065208 -0.20067847185018561 -0.20472827839277685 22.569849312643761 -49.95536691976227 44.762576546480034 -12.658229868670192 6.6286290738438733 0.14843792405311659 -0.1236066490340708 -2.6810127340460799 0.38332739930521803 0.74593506724117153 1.1426280222854219 -8.8996225105652158 2.1617248664913915 -80.747738546837425 69.742589999380613 3.0466962530084367 -0.556006293468711
-14.707724259328998 11.726647781897494 -1.2623101825913476 3.060754512736604 0.1889891854249168 0.80671957663965121 -1.6617082037995121 -2.186198250046048 -0.074984949168790838 -0.32850967566584727 0.38429499098025627 18.596992344486349 -2.1672777867698767 -3.5468821236727437 -6.6617779504188324 5.5627209303842582 0.20927549552625149 0.11520464377065205 20.510253905486852 -0.20472827839277738 -12.658229868670189 6.6286290738438733 -31.515447154473335 46.047480743216063 -0.1236066490340708 -0.35934127998742638 0.38332739930521792 -1.2606138840714107 2.8747810644513629 6.0378967148419065 -11.318227960005025 -21.223044249306277 3.0466962530084394 -0.55600629346871144 -111.62824028640232 81.081557793091591
-35.061817782428193 1.2818683723671696 48.70496328851354 -0.45879028308515019 6.4537558000978077 0.24240639519766147 0.45677951006943035 -0.10294291888577409 4.2702550598046392 -4.086078302517441 -0.016375349865171921 0.019550715544318267 1.141463956532671 -6.3544190729811207 -0.59401154812828261 4.2928606340928326 -16.574673847622833 18.404042447170475 -0.10821670482935627 -0.28839541060435969 10.098030058706929 0.01311266002208443 -1.7310946171935939 -0.38547119555448595 -24.771187637938862 22.95454119332728 0.19240421046385628 0.089323943600181255 3.0908750757341434 0.67226962629434062 -2.4652133861750034 -0.33636738896481322 -84.008337262334692 0.28431238767774053 94.158505386015761 -0.26017197979237239
1.2818683723671718 -45.075690732367867 -0.45879028308514996 30.752473800566527 0.24240639519766169 5.8692995374682608 -0.10294291888577427 0.37096440904211092 -13.84382561047196 14.126619050988646 -0.12469626121085794 -0.23397401095273801 -3.0256222368486267 1.1414639565326719 -4.2379060175502108 -0.59401154812828239 4.1403083362568687 -4.3705351438660509 -0.014145853073755968 0.02748770501647875 0.013112660022084527 10.25330213529109 -0.38547119555448589 -14.703297922955885 -21.706847504587557 21.310599909950646 -0.079640362623330491 -0.14641068735317492 0.67226962629434028 -22.712499489503372 -0.33636738896481344 4.558901303591675 0.28431238767773953 -70.135745670040635 -0.26017197979237261 101.89824785722098
13.108436865757866 -0.33697721097978101 -12.972144365754652 0.11006405478613172 0.45677951006943068 -0.10294291888577414 6.4537558000978379 0.24240639519765683 -0.016375349865171761 0.01955071554431817 4.27025505980464 -4.0860783025174419 -0.5940115481282825 4.2928606340928335 1.1414639565326288 -6.3544190729810213 -0.10821670482935616 -0.28839541060435969 -16.574673847622773 18.40404244717049 -37.394099803053145 -0.096962751961058816 20.320067672464585 1.46285038666143 0.19240421046385733 0.089323943600181532 -24.771187637938851 22.954541193327259 -2.4652133861750034 -0.33636738896481339 3.090875075734139 0.67226962629432974 -83.580436827117055 0.21399797272877624 114.45027239121589 -0.22466414819482847
-0.33697721097978095 8.3289160581811092 0.11006405478613171 -8.2307399054175505 -0.10294291888577428 0.37096440904211081 0.2424063951976573 5.8692995374682777 -0.12469626121085778 -0.23397401095273801 -13.843825610471965 14.126619050988651 -4.2379060175502126 -0.59401154812828239 -3.0256222368485322 1.1414639565326281 -0.014145853073756105 0.027487705016478653 4.1403083362568527 -4.37053514386605 -0.096962751961058274 -38.230910224597238 1.4628503866614306 40.881702056033603 -0.079640362623330477 -0.14641068735317425 -21.706847504587557 21.310599909950632 -0.33636738896481311 4.558901303591675 0.67226962629432996 -22.71249948950334 0.21399797272877691 -70.08459832012052 -0.22466414819483074 81.412899938365484
7.218618851375032 0.1707330300732347 68.895726505643282 -0.39812130779804794 3.9277137904188764 0.12678420369835686 -3.927713790418899 -0.12678420369835464 4.3105180538875922 0.023887644217781043 -4.3105180538875931 -0.023887644217781015 0.22116491436785216 -3.0519872433099384 -0.22116491436784452 3.0519872433099167 -0.3254927677660856 18.366945090008755 0.32549276776607317 -18.366945090008766 63.555299166856905 -0.16467776005822213 16.06316930509681 -0.2747531720413644 -24.873486985695084 0.090104862707632308 24.873486985695077 -0.090104862707627506 -9.6226353968774951 0.022922180928901699 9.6226353968774934 -0.022922180928896085 -1.9935427196623634 0.077951660139655293 -1.5656422844447186 0.007637245190692532
0.17073303007323545 13.632324871231834 -0.39812130779804694 52.615538577215887 0.12678420369835677 8.272687844726784 -0.12678420369835486 -8.2726878447267929 -14.154521645192368 -0.43539229593127082 14.154521645192371 0.43539229593126599 4.1924733540575536 0.22116491436785229 -4.1924733540575705 -0.22116491436784474 -0.0055598456026420568 -4.4035826944851735 0.0055598456026437395 4.4035826944851708 -0.16467776005822191 56.340365518974295 -0.27475317204136479 7.8561531590859781 -22.044036327595887 -0.41682918563166355 22.04403632759589 0.41682918563166099 0.02292218092890197 -0.99617466327707926 -0.022922180928896196 0.99617466327707338 0.077951660139654835 1.4528808405271338 0.0076372451906931739 1.5040281904472534
55.388873499561129 -1.4481125532737162 7.2186188513750356 0.1707330300732347 -2.0692624996094997 -0.21856511038507898 2.0692624996095055 0.21856511038507634 0.023887644217781067 4.1295166622795421 -0.023887644217781015 -4.1295166622795412 -1.5143105902931024 7.5952924637640127 1.5143105902930674 -7.5952924637639372 16.140964375027401 -0.32549276776608527 -16.140964375027348 0.32549276776607322 16.06316930509681 -0.27475317204136479 38.114331594755008 1.5735684101745515 0.090104862707632349 -22.775112387019469 -0.090104862707627797 22.775112387019455 -15.178723858786636 -0.98571483433025187 15.178723858786633 0.98571483433024643 -1.5656422844447182 0.0076372451906926812 18.726124720755383 0.043145076788234565
-1.4481125532737167 67.036931661780798 0.17073303007323451 13.632324871231834 -0.21856511038507931 2.7743527163006303 0.21856511038507664 -2.7743527163006232 -0.43539229593127082 -14.795985357872658 0.43539229593126594 14.795985357872661 2.9801895733559718 -1.5143105902931018 -2.9801895733558883 1.5143105902930658 -4.1600140349332646 -0.0055598456026419892 4.1600140349332539 0.0055598456026437256 -0.27475317204136451 7.8561531590859781 1.5735684101745513 63.441153138075492 -0.41682918563166355 -21.873839782935484 0.41682918563166055 21.873839782935462 -0.98571483433025231 26.275226129817966 0.98571483433024709 -26.275226129817941 0.0076372451906928825 1.5040281904472548 0.043145076788233677 -18.981319728408298
D667RT mesh=d667_curved_hex_w2.mesh INTEG=wgrad RULE=o1 NPT=1 n=36
0 0 0 0 0 0 0 0 0 0 0 0 0 0 0 0 0 0 0 0 0 0 0 0 7.5626017032323363 7.5626017032323363 7.5626017032323363 7.5626017032323363 0.76966824324820982 0.76966824324820982 0.76966824324820982 0.76966824324820982 24.779058390999793 24.779058390999793 24.779058390999793 24.779058390999793
0 0 0 0 0 0 0 0 0 0 0 0 0 0 0 0 0 0 0 0 0 0 0 0 7.5626017032323363 7.5626017032323363 7.5626017032323363 7.5626017032323363 0.76966824324820982 0.76966824324820982 0.76966824324820982 0.76966824324820982 24.779058390999793 24.779058390999793 24.779058390999793 24.779058390999793
0 0 0 0 0 0 0 0 0 0 0 0 0 0 0 0 0 0 0 0 0 0 0 0 7.5626017032323363 7.5626017032323363 7.5626017032323363 7.5626017032323363 0.76966824324820982 0.76966824324820982 0.76966824324820982 0.76966824324820982 24.779058390999793 24.779058390999793 24.779058390999793 24.779058390999793
0 0 0 0 0 0 0 0 0 0 0 0 0 0 0 0 0 0 0 0 0 0 0 0 7.5626017032323363 7.5626017032323363 7.5626017032323363 7.5626017032323363 0.76966824324820982 0.76966824324820982 0.76966824324820982 0.76966824324820982 24.779058390999793 24.779058390999793 24.779058390999793 24.779058390999793
0 0 0 0 0 0 0 0 0 0 0 0 0 0 0 0 0 0 0 0 0 0 0 0 7.5626017032323363 7.5626017032323363 7.5626017032323363 7.5626017032323363 0.76966824324820982 0.76966824324820982 0.76966824324820982 0.76966824324820982 24.779058390999793 24.779058390999793 24.779058390999793 24.779058390999793
0 0 0 0 0 0 0 0 0 0 0 0 0 0 0 0 0 0 0 0 0 0 0 0 7.5626017032323363 7.5626017032323363 7.5626017032323363 7.5626017032323363 0.76966824324820982 0.76966824324820982 0.76966824324820982 0.76966824324820982 24.779058390999793 24.779058390999793 24.779058390999793 24.779058390999793
0 0 0 0 0 0 0 0 0 0 0 0 0 0 0 0 0 0 0 0 0 0 0 0 7.5626017032323363 7.5626017032323363 7.5626017032323363 7.5626017032323363 0.76966824324820982 0.76966824324820982 0.76966824324820982 0.76966824324820982 24.779058390999793 24.779058390999793 24.779058390999793 24.779058390999793
0 0 0 0 0 0 0 0 0 0 0 0 0 0 0 0 0 0 0 0 0 0 0 0 7.5626017032323363 7.5626017032323363 7.5626017032323363 7.5626017032323363 0.76966824324820982 0.76966824324820982 0.76966824324820982 0.76966824324820982 24.779058390999793 24.779058390999793 24.779058390999793 24.779058390999793
0 0 0 0 0 0 0 0 0 0 0 0 0 0 0 0 0 0 0 0 0 0 0 0 7.5626017032323363 7.5626017032323363 7.5626017032323363 7.5626017032323363 0.76966824324820982 0.76966824324820982 0.76966824324820982 0.76966824324820982 24.779058390999793 24.779058390999793 24.779058390999793 24.779058390999793
0 0 0 0 0 0 0 0 0 0 0 0 0 0 0 0 0 0 0 0 0 0 0 0 7.5626017032323363 7.5626017032323363 7.5626017032323363 7.5626017032323363 0.76966824324820982 0.76966824324820982 0.76966824324820982 0.76966824324820982 24.779058390999793 24.779058390999793 24.779058390999793 24.779058390999793
0 0 0 0 0 0 0 0 0 0 0 0 0 0 0 0 0 0 0 0 0 0 0 0 7.5626017032323363 7.5626017032323363 7.5626017032323363 7.5626017032323363 0.76966824324820982 0.76966824324820982 0.76966824324820982 0.76966824324820982 24.779058390999793 24.779058390999793 24.779058390999793 24.779058390999793
0 0 0 0 0 0 0 0 0 0 0 0 0 0 0 0 0 0 0 0 0 0 0 0 7.5626017032323363 7.5626017032323363 7.5626017032323363 7.5626017032323363 0.76966824324820982 0.76966824324820982 0.76966824324820982 0.76966824324820982 24.779058390999793 24.779058390999793 24.779058390999793 24.779058390999793
0 0 0 0 0 0 0 0 0 0 0 0 0 0 0 0 0 0 0 0 0 0 0 0 7.5626017032323363 7.5626017032323363 7.5626017032323363 7.5626017032323363 0.76966824324820982 0.76966824324820982 0.76966824324820982 0.76966824324820982 24.779058390999793 24.779058390999793 24.779058390999793 24.779058390999793
0 0 0 0 0 0 0 0 0 0 0 0 0 0 0 0 0 0 0 0 0 0 0 0 7.5626017032323363 7.5626017032323363 7.5626017032323363 7.5626017032323363 0.76966824324820982 0.76966824324820982 0.76966824324820982 0.76966824324820982 24.779058390999793 24.779058390999793 24.779058390999793 24.779058390999793
0 0 0 0 0 0 0 0 0 0 0 0 0 0 0 0 0 0 0 0 0 0 0 0 7.5626017032323363 7.5626017032323363 7.5626017032323363 7.5626017032323363 0.76966824324820982 0.76966824324820982 0.76966824324820982 0.76966824324820982 24.779058390999793 24.779058390999793 24.779058390999793 24.779058390999793
0 0 0 0 0 0 0 0 0 0 0 0 0 0 0 0 0 0 0 0 0 0 0 0 7.5626017032323363 7.5626017032323363 7.5626017032323363 7.5626017032323363 0.76966824324820982 0.76966824324820982 0.76966824324820982 0.76966824324820982 24.779058390999793 24.779058390999793 24.779058390999793 24.779058390999793
0 0 0 0 0 0 0 0 0 0 0 0 0 0 0 0 0 0 0 0 0 0 0 0 7.5626017032323363 7.5626017032323363 7.5626017032323363 7.5626017032323363 0.76966824324820982 0.76966824324820982 0.76966824324820982 0.76966824324820982 24.779058390999793 24.779058390999793 24.779058390999793 24.779058390999793
0 0 0 0 0 0 0 0 0 0 0 0 0 0 0 0 0 0 0 0 0 0 0 0 7.5626017032323363 7.5626017032323363 7.5626017032323363 7.5626017032323363 0.76966824324820982 0.76966824324820982 0.76966824324820982 0.76966824324820982 24.779058390999793 24.779058390999793 24.779058390999793 24.779058390999793
0 0 0 0 0 0 0 0 0 0 0 0 0 0 0 0 0 0 0 0 0 0 0 0 7.5626017032323363 7.5626017032323363 7.5626017032323363 7.5626017032323363 0.76966824324820982 0.76966824324820982 0.76966824324820982 0.76966824324820982 24.779058390999793 24.779058390999793 24.779058390999793 24.779058390999793
0 0 0 0 0 0 0 0 0 0 0 0 0 0 0 0 0 0 0 0 0 0 0 0 7.5626017032323363 7.5626017032323363 7.5626017032323363 7.5626017032323363 0.76966824324820982 0.76966824324820982 0.76966824324820982 0.76966824324820982 24.779058390999793 24.779058390999793 24.779058390999793 24.779058390999793
0 0 0 0 0 0 0 0 0 0 0 0 0 0 0 0 0 0 0 0 0 0 0 0 7.5626017032323363 7.5626017032323363 7.5626017032323363 7.5626017032323363 0.76966824324820982 0.76966824324820982 0.76966824324820982 0.76966824324820982 24.779058390999793 24.779058390999793 24.779058390999793 24.779058390999793
0 0 0 0 0 0 0 0 0 0 0 0 0 0 0 0 0 0 0 0 0 0 0 0 7.5626017032323363 7.5626017032323363 7.5626017032323363 7.5626017032323363 0.76966824324820982 0.76966824324820982 0.76966824324820982 0.76966824324820982 24.779058390999793 24.779058390999793 24.779058390999793 24.779058390999793
0 0 0 0 0 0 0 0 0 0 0 0 0 0 0 0 0 0 0 0 0 0 0 0 7.5626017032323363 7.5626017032323363 7.5626017032323363 7.5626017032323363 0.76966824324820982 0.76966824324820982 0.76966824324820982 0.76966824324820982 24.779058390999793 24.779058390999793 24.779058390999793 24.779058390999793
0 0 0 0 0 0 0 0 0 0 0 0 0 0 0 0 0 0 0 0 0 0 0 0 7.5626017032323363 7.5626017032323363 7.5626017032323363 7.5626017032323363 0.76966824324820982 0.76966824324820982 0.76966824324820982 0.76966824324820982 24.779058390999793 24.779058390999793 24.779058390999793 24.779058390999793
0 0 0 0 0 0 0 0 0 0 0 0 0 0 0 0 0 0 0 0 0 0 0 0 0 0 0 0 0 0 0 0 0 0 0 0
0 0 0 0 0 0 0 0 0 0 0 0 0 0 0 0 0 0 0 0 0 0 0 0 0 0 0 0 0 0 0 0 0 0 0 0
0 0 0 0 0 0 0 0 0 0 0 0 0 0 0 0 0 0 0 0 0 0 0 0 0 0 0 0 0 0 0 0 0 0 0 0
0 0 0 0 0 0 0 0 0 0 0 0 0 0 0 0 0 0 0 0 0 0 0 0 0 0 0 0 0 0 0 0 0 0 0 0
0 0 0 0 0 0 0 0 0 0 0 0 0 0 0 0 0 0 0 0 0 0 0 0 0 0 0 0 0 0 0 0 0 0 0 0
0 0 0 0 0 0 0 0 0 0 0 0 0 0 0 0 0 0 0 0 0 0 0 0 0 0 0 0 0 0 0 0 0 0 0 0
0 0 0 0 0 0 0 0 0 0 0 0 0 0 0 0 0 0 0 0 0 0 0 0 0 0 0 0 0 0 0 0 0 0 0 0
0 0 0 0 0 0 0 0 0 0 0 0 0 0 0 0 0 0 0 0 0 0 0 0 0 0 0 0 0 0 0 0 0 0 0 0
0 0 0 0 0 0 0 0 0 0 0 0 0 0 0 0 0 0 0 0 0 0 0 0 0 0 0 0 0 0 0 0 0 0 0 0
0 0 0 0 0 0 0 0 0 0 0 0 0 0 0 0 0 0 0 0 0 0 0 0 0 0 0 0 0 0 0 0 0 0 0 0
0 0 0 0 0 0 0 0 0 0 0 0 0 0 0 0 0 0 0 0 0 0 0 0 0 0 0 0 0 0 0 0 0 0 0 0
0 0 0 0 0 0 0 0 0 0 0 0 0 0 0 0 0 0 0 0 0 0 0 0 0 0 0 0 0 0 0 0 0 0 0 0
D667RT mesh=d667_curved_hex_w2.mesh INTEG=wgradneg RULE=o1 NPT=1 n=36
0 0 0 0 0 0 0 0 0 0 0 0 0 0 0 0 0 0 0 0 0 0 0 0 -7.5626017032323363 -7.5626017032323363 -7.5626017032323363 -7.5626017032323363 -0.76966824324820982 -0.76966824324820982 -0.76966824324820982 -0.76966824324820982 -24.779058390999793 -24.779058390999793 -24.779058390999793 -24.779058390999793
0 0 0 0 0 0 0 0 0 0 0 0 0 0 0 0 0 0 0 0 0 0 0 0 -7.5626017032323363 -7.5626017032323363 -7.5626017032323363 -7.5626017032323363 -0.76966824324820982 -0.76966824324820982 -0.76966824324820982 -0.76966824324820982 -24.779058390999793 -24.779058390999793 -24.779058390999793 -24.779058390999793
0 0 0 0 0 0 0 0 0 0 0 0 0 0 0 0 0 0 0 0 0 0 0 0 -7.5626017032323363 -7.5626017032323363 -7.5626017032323363 -7.5626017032323363 -0.76966824324820982 -0.76966824324820982 -0.76966824324820982 -0.76966824324820982 -24.779058390999793 -24.779058390999793 -24.779058390999793 -24.779058390999793
0 0 0 0 0 0 0 0 0 0 0 0 0 0 0 0 0 0 0 0 0 0 0 0 -7.5626017032323363 -7.5626017032323363 -7.5626017032323363 -7.5626017032323363 -0.76966824324820982 -0.76966824324820982 -0.76966824324820982 -0.76966824324820982 -24.779058390999793 -24.779058390999793 -24.779058390999793 -24.779058390999793
0 0 0 0 0 0 0 0 0 0 0 0 0 0 0 0 0 0 0 0 0 0 0 0 -7.5626017032323363 -7.5626017032323363 -7.5626017032323363 -7.5626017032323363 -0.76966824324820982 -0.76966824324820982 -0.76966824324820982 -0.76966824324820982 -24.779058390999793 -24.779058390999793 -24.779058390999793 -24.779058390999793
0 0 0 0 0 0 0 0 0 0 0 0 0 0 0 0 0 0 0 0 0 0 0 0 -7.5626017032323363 -7.5626017032323363 -7.5626017032323363 -7.5626017032323363 -0.76966824324820982 -0.76966824324820982 -0.76966824324820982 -0.76966824324820982 -24.779058390999793 -24.779058390999793 -24.779058390999793 -24.779058390999793
0 0 0 0 0 0 0 0 0 0 0 0 0 0 0 0 0 0 0 0 0 0 0 0 -7.5626017032323363 -7.5626017032323363 -7.5626017032323363 -7.5626017032323363 -0.76966824324820982 -0.76966824324820982 -0.76966824324820982 -0.76966824324820982 -24.779058390999793 -24.779058390999793 -24.779058390999793 -24.779058390999793
0 0 0 0 0 0 0 0 0 0 0 0 0 0 0 0 0 0 0 0 0 0 0 0 -7.5626017032323363 -7.5626017032323363 -7.5626017032323363 -7.5626017032323363 -0.76966824324820982 -0.76966824324820982 -0.76966824324820982 -0.76966824324820982 -24.779058390999793 -24.779058390999793 -24.779058390999793 -24.779058390999793
0 0 0 0 0 0 0 0 0 0 0 0 0 0 0 0 0 0 0 0 0 0 0 0 -7.5626017032323363 -7.5626017032323363 -7.5626017032323363 -7.5626017032323363 -0.76966824324820982 -0.76966824324820982 -0.76966824324820982 -0.76966824324820982 -24.779058390999793 -24.779058390999793 -24.779058390999793 -24.779058390999793
0 0 0 0 0 0 0 0 0 0 0 0 0 0 0 0 0 0 0 0 0 0 0 0 -7.5626017032323363 -7.5626017032323363 -7.5626017032323363 -7.5626017032323363 -0.76966824324820982 -0.76966824324820982 -0.76966824324820982 -0.76966824324820982 -24.779058390999793 -24.779058390999793 -24.779058390999793 -24.779058390999793
0 0 0 0 0 0 0 0 0 0 0 0 0 0 0 0 0 0 0 0 0 0 0 0 -7.5626017032323363 -7.5626017032323363 -7.5626017032323363 -7.5626017032323363 -0.76966824324820982 -0.76966824324820982 -0.76966824324820982 -0.76966824324820982 -24.779058390999793 -24.779058390999793 -24.779058390999793 -24.779058390999793
0 0 0 0 0 0 0 0 0 0 0 0 0 0 0 0 0 0 0 0 0 0 0 0 -7.5626017032323363 -7.5626017032323363 -7.5626017032323363 -7.5626017032323363 -0.76966824324820982 -0.76966824324820982 -0.76966824324820982 -0.76966824324820982 -24.779058390999793 -24.779058390999793 -24.779058390999793 -24.779058390999793
0 0 0 0 0 0 0 0 0 0 0 0 0 0 0 0 0 0 0 0 0 0 0 0 -7.5626017032323363 -7.5626017032323363 -7.5626017032323363 -7.5626017032323363 -0.76966824324820982 -0.76966824324820982 -0.76966824324820982 -0.76966824324820982 -24.779058390999793 -24.779058390999793 -24.779058390999793 -24.779058390999793
0 0 0 0 0 0 0 0 0 0 0 0 0 0 0 0 0 0 0 0 0 0 0 0 -7.5626017032323363 -7.5626017032323363 -7.5626017032323363 -7.5626017032323363 -0.76966824324820982 -0.76966824324820982 -0.76966824324820982 -0.76966824324820982 -24.779058390999793 -24.779058390999793 -24.779058390999793 -24.779058390999793
0 0 0 0 0 0 0 0 0 0 0 0 0 0 0 0 0 0 0 0 0 0 0 0 -7.5626017032323363 -7.5626017032323363 -7.5626017032323363 -7.5626017032323363 -0.76966824324820982 -0.76966824324820982 -0.76966824324820982 -0.76966824324820982 -24.779058390999793 -24.779058390999793 -24.779058390999793 -24.779058390999793
0 0 0 0 0 0 0 0 0 0 0 0 0 0 0 0 0 0 0 0 0 0 0 0 -7.5626017032323363 -7.5626017032323363 -7.5626017032323363 -7.5626017032323363 -0.76966824324820982 -0.76966824324820982 -0.76966824324820982 -0.76966824324820982 -24.779058390999793 -24.779058390999793 -24.779058390999793 -24.779058390999793
0 0 0 0 0 0 0 0 0 0 0 0 0 0 0 0 0 0 0 0 0 0 0 0 -7.5626017032323363 -7.5626017032323363 -7.5626017032323363 -7.5626017032323363 -0.76966824324820982 -0.76966824324820982 -0.76966824324820982 -0.76966824324820982 -24.779058390999793 -24.779058390999793 -24.779058390999793 -24.779058390999793
0 0 0 0 0 0 0 0 0 0 0 0 0 0 0 0 0 0 0 0 0 0 0 0 -7.5626017032323363 -7.5626017032323363 -7.5626017032323363 -7.5626017032323363 -0.76966824324820982 -0.76966824324820982 -0.76966824324820982 -0.76966824324820982 -24.779058390999793 -24.779058390999793 -24.779058390999793 -24.779058390999793
0 0 0 0 0 0 0 0 0 0 0 0 0 0 0 0 0 0 0 0 0 0 0 0 -7.5626017032323363 -7.5626017032323363 -7.5626017032323363 -7.5626017032323363 -0.76966824324820982 -0.76966824324820982 -0.76966824324820982 -0.76966824324820982 -24.779058390999793 -24.779058390999793 -24.779058390999793 -24.779058390999793
0 0 0 0 0 0 0 0 0 0 0 0 0 0 0 0 0 0 0 0 0 0 0 0 -7.5626017032323363 -7.5626017032323363 -7.5626017032323363 -7.5626017032323363 -0.76966824324820982 -0.76966824324820982 -0.76966824324820982 -0.76966824324820982 -24.779058390999793 -24.779058390999793 -24.779058390999793 -24.779058390999793
0 0 0 0 0 0 0 0 0 0 0 0 0 0 0 0 0 0 0 0 0 0 0 0 -7.5626017032323363 -7.5626017032323363 -7.5626017032323363 -7.5626017032323363 -0.76966824324820982 -0.76966824324820982 -0.76966824324820982 -0.76966824324820982 -24.779058390999793 -24.779058390999793 -24.779058390999793 -24.779058390999793
0 0 0 0 0 0 0 0 0 0 0 0 0 0 0 0 0 0 0 0 0 0 0 0 -7.5626017032323363 -7.5626017032323363 -7.5626017032323363 -7.5626017032323363 -0.76966824324820982 -0.76966824324820982 -0.76966824324820982 -0.76966824324820982 -24.779058390999793 -24.779058390999793 -24.779058390999793 -24.779058390999793
0 0 0 0 0 0 0 0 0 0 0 0 0 0 0 0 0 0 0 0 0 0 0 0 -7.5626017032323363 -7.5626017032323363 -7.5626017032323363 -7.5626017032323363 -0.76966824324820982 -0.76966824324820982 -0.76966824324820982 -0.76966824324820982 -24.779058390999793 -24.779058390999793 -24.779058390999793 -24.779058390999793
0 0 0 0 0 0 0 0 0 0 0 0 0 0 0 0 0 0 0 0 0 0 0 0 -7.5626017032323363 -7.5626017032323363 -7.5626017032323363 -7.5626017032323363 -0.76966824324820982 -0.76966824324820982 -0.76966824324820982 -0.76966824324820982 -24.779058390999793 -24.779058390999793 -24.779058390999793 -24.779058390999793
0 0 0 0 0 0 0 0 0 0 0 0 0 0 0 0 0 0 0 0 0 0 0 0 0 0 0 0 0 0 0 0 0 0 0 0
0 0 0 0 0 0 0 0 0 0 0 0 0 0 0 0 0 0 0 0 0 0 0 0 0 0 0 0 0 0 0 0 0 0 0 0
0 0 0 0 0 0 0 0 0 0 0 0 0 0 0 0 0 0 0 0 0 0 0 0 0 0 0 0 0 0 0 0 0 0 0 0
0 0 0 0 0 0 0 0 0 0 0 0 0 0 0 0 0 0 0 0 0 0 0 0 0 0 0 0 0 0 0 0 0 0 0 0
0 0 0 0 0 0 0 0 0 0 0 0 0 0 0 0 0 0 0 0 0 0 0 0 0 0 0 0 0 0 0 0 0 0 0 0
0 0 0 0 0 0 0 0 0 0 0 0 0 0 0 0 0 0 0 0 0 0 0 0 0 0 0 0 0 0 0 0 0 0 0 0
0 0 0 0 0 0 0 0 0 0 0 0 0 0 0 0 0 0 0 0 0 0 0 0 0 0 0 0 0 0 0 0 0 0 0 0
0 0 0 0 0 0 0 0 0 0 0 0 0 0 0 0 0 0 0 0 0 0 0 0 0 0 0 0 0 0 0 0 0 0 0 0
0 0 0 0 0 0 0 0 0 0 0 0 0 0 0 0 0 0 0 0 0 0 0 0 0 0 0 0 0 0 0 0 0 0 0 0
0 0 0 0 0 0 0 0 0 0 0 0 0 0 0 0 0 0 0 0 0 0 0 0 0 0 0 0 0 0 0 0 0 0 0 0
0 0 0 0 0 0 0 0 0 0 0 0 0 0 0 0 0 0 0 0 0 0 0 0 0 0 0 0 0 0 0 0 0 0 0 0
0 0 0 0 0 0 0 0 0 0 0 0 0 0 0 0 0 0 0 0 0 0 0 0 0 0 0 0 0 0 0 0 0 0 0 0
D667RT mesh=d667_curved_hex_w2.mesh INTEG=wgrad RULE=o4 NPT=27 n=36
-135.07064071708223 2.3649387240054374 12.548441519478379 -0.3779656967653317 4.5665067170174138 0.21915881358683387 -1.413719709123906 -0.078596716062466432 -0.0024680263393057067 -3.9195460055258384 -0.0079127548639608553 0.31431989358707751 1.6461394912693001 31.006303837469183 -0.5901753257027349 -11.466307146411957 -14.160617528428229 -0.038833822167519641 0.50149653210326972 -0.01755424534205309 7.2617092990557284 -0.0067063780025136688 -66.789124879210817 -0.0024330154359071265 0.07936888327638951 20.921304419097872 0.019874174115667394 -1.2316251937252656 23.325329790079692 0.9005243177386707 -8.0724874060411373 -0.32953120723322549 -3.6960651879093587 0.25141721404170669 95.50593927753917 -1.7351463881020313
2.364938724005452 -280.47359655978448 -0.37796569676533265 32.926423499974177 0.21915881358683389 -8.1268192160979442 -0.078596716062466515 2.9362702282898416 -0.016443490307357995 15.032662154795172 0.039902806517816358 -1.7546469418884634 -72.271580657255839 1.6461394912693001 24.008810445760567 -0.59017532570273579 3.9027697100097716 0.003531445000889504 -0.29021192827775522 0.0074828157813643034 -0.0067063780025135022 7.0616037276602706 -0.0024330154359066825 -66.190399415680631 0.041808395852081744 21.513851700353207 0.035059840954574151 -2.0831307771216112 0.90052431773866992 -45.158124926691251 -0.32953120723322549 15.126797591178399 0.25141721404170769 -17.299532913668848 -1.7351463881020273 184.37360999106119
12.548441519478382 -0.37796569676533082 -54.941941742489917 0.31564052168153878 -4.949370002811122 -0.1006456300597377 -0.08482556672593812 0.036248692529822629 -4.0156215957365813 -0.0024680263393057015 0.30221397806980999 -0.0079127548639608553 -0.24889084902398245 -5.0677870518025445 0.089253093742406253 1.6359390888226615 -0.038833822167519599 -16.912112009424519 -0.017554245342052979 1.356161113668676 -18.100670821920474 0.060984117563389686 7.2617092990557284 -0.0067063780025137243 23.087003001119427 0.079368883276389565 -1.7698070167751436 0.019874174115667446 5.6198536771175558 -0.149626280025805 -0.22358601081670343 0.046857466668675907 71.957387376328512 -0.27621701896463263 -3.6960651879093587 0.25141721404170825
-0.37796569676533348 32.926423499974177 0.31564052168153695 -46.314078823117107 -0.10064563005973762 -5.9930299920794123 0.036248692529822629 0.34375552135964543 13.318878208841648 -0.0164434903073583 -0.93017887673150068 0.039902806517816469 9.6324649101413424 -0.24889084902398267 -3.4047621275415478 0.089253093742406309 0.003531445000889452 4.0847478196410085 0.0074828157813642895 -0.31040897598089801 0.060984117563389728 -15.341730305635364 -0.0067063780025136688 7.0616037276602697 20.645429651461221 0.041808395852081882 -1.4803555268763013 0.035059840954574234 -0.14962628002580514 8.02204596889454 0.046857466668675934 -1.420574319736212 -0.27621701896463141 61.202306598205908 0.25141721404170797 -17.299532913668852
21.634771394728407 -0.54468219189678835 -54.788538090671651 0.33848456012566142 -5.3033709169493237 -0.11396027714252917 -0.36408995880276507 0.03370970307831949 -4.0143989514899356 0.27818835541414744 0.014561211206304762 -0.010506882589954865 -0.35948108603145795 -7.1542567116775917 0.10581619494485273 1.9455303809256834 0.97905413812146824 -16.898975828483994 0.01673284812741203 0.14412957564178946 -14.685780204914778 0.055007898726614296 8.9347705200427274 -0.026932566782707057 23.073072220147921 -1.4222690171679728 -0.11466186525109022 0.0061865634245565591 3.9913037348649021 -0.21030220352967927 0.64255522373128249 0.055417723992060547 77.811118685170428 -0.30396667400535876 -12.517863512892129 0.36151608128857327
-0.54468219189679012 52.304198508593366 0.3384845601256592 -47.774861204905008 -0.11396027714252918 -5.4279859564540649 0.033709703078319608 -0.25677105385306281 13.321739856472046 -1.0894462199587096 0.023414119462272086 0.087662069570773243 14.528008610662678 -0.35948108603145773 -4.0854530736996271 0.10581619494485275 -0.27606464507692435 4.0832174109845987 0.0084985450155620063 -0.017784397790951624 0.055007898726614005 -12.546178448659571 -0.026932566782706724 10.044014648067861 20.642369265810185 -1.4972795452842824 -0.00081727745861679899 0.077122066939608824 -0.21030220352967949 11.141718628169372 0.055417723992060547 -1.7066901163772998 -0.30396667400535776 67.18108766404481 0.36151608128857238 -31.445571695248841
-8.5143915972759565 0.042877497975266854 14.685078758269558 -0.059789286715368074 -0.36408995880276523 0.033709703078319476 -5.3033709169492944 -0.11396027714252729 0.014561211206304792 -0.010506882589954823 -4.0143989514899241 0.278188355414141 0.10581619494485256 1.9455303809256834 -0.35948108603144258 -7.1542567116774807 0.016732848127412117 0.1441295756417893 0.97905413812143394 -16.89897582848393 54.824999821872048 -0.089944368509724648 -43.486388176611044 -0.28414748334035611 -0.11466186525109058 0.0061865634245563718 23.073072220147857 -1.4222690171679506 0.64255522373128271 0.055417723992060519 3.9913037348649416 -0.21030220352967111 77.835894137067484 -0.13508562093556323 -27.365860649325079 -0.20166698966456331
0.042877497975267465 -10.576008089182549 -0.059789286715367804 12.580349611226067 0.033709703078319574 -0.25677105385306309 -0.11396027714252729 -5.4279859564540933 0.023414119462272134 0.087662069570773188 13.321739856472021 -1.0894462199586947 -4.0854530736996271 0.10581619494485256 14.528008610662303 -0.35948108603144235 0.0084985450155620201 -0.017784397790951475 -0.27606464507691753 4.0832174109845871 -0.089944368509724426 45.998618132393219 -0.28414748334035611 -24.650774000050632 -0.00081727745861662898 0.077122066939608713 20.642369265810142 -1.4972795452842733 0.05541772399206063 -1.7066901163772989 -0.21030220352967066 11.141718628169148 -0.13508562093556317 65.974144840659321 -0.20166698966456265 -12.655293062143889
-1.2505672210764338 32.493327646103204 4.1823379261664888 -45.466247340333958 0.25907843548983261 -5.9921987218558881 0.060939888984239063 -0.089067529447208374 13.60899651439278 -0.013429840720230598 0.025205124802753599 0.039506697575044381 9.4541575326594813 0.11352024643747777 -2.7323922400487755 -0.020051661308548324 0.0069833156239901672 5.2970106666257708 0.0092445333956442909 -0.027468708108376406 1.0804016628825523 -12.115400804405533 -0.40388746669368197 6.0549664749562089 18.988577493726996 0.038724318015856365 0.010029425676654956 0.036413220395449739 -0.55143941653702955 7.9716465186983525 0.023318651194783921 -0.85160006505248254 -5.8487723599857633 65.933074137224907 0.58193821844814164 -17.686552709686289
11.803061251105397 -276.47451773340345 -1.2505672210764325 32.493327646103211 -0.1076119146454477 -7.9724303387748812 0.015177604493065683 2.369518473436532 -0.013429840720230382 15.265163164552897 0.039506697575044269 -0.68122469037598576 -71.029110060612496 -0.56619802485914994 18.951522468959936 0.192417298869211 4.9214036586788428 0.0069833156239902782 0.027123125892622446 0.0092445333956443013 -0.40388746669368153 6.0549664749562098 3.6844660654345112 -55.587206217241075 0.038724318015855796 19.971504953364697 0.036413220395449752 -0.56081452451258906 -0.76012469731126053 -44.363710798870315 0.19547281430740626 11.965285739030834 0.5819382184481412 -17.686552709686289 -9.4477791900820147 191.99992876142312
0.39467014982518084 -6.4102127676700382 -1.0857944628447305 12.124409718910965 0.060939888984239091 -0.089067529447208457 0.25907843548983178 -5.9921987218558996 0.025205124802753425 0.039506697575044214 13.608996514392754 -0.013429840720222685 -2.7323922400487755 -0.020051661308548352 9.4541575326592291 0.11352024643748249 0.009244533395644329 -0.027468708108376261 0.0069833156239946792 5.2970106666257548 -3.9020160742065917 44.997957098525937 1.7296903765430636 -14.027354612830885 0.010029425676654928 0.036413220395449836 18.988577493726968 0.038724318015859183 0.023318651194784004 -0.85160006505248231 -0.55143941653702522 7.9716465186981988 -5.6582959253710454 65.614874699682602 0.90749853333823105 -5.1390731590288548
-3.614552047392821 58.064921351732458 0.39467014982518045 -6.41021276767004 0.0151776044930656 2.369518473436532 -0.10761191464545194 -7.97243033877466 0.039506697575044242 -0.6812246903759861 -0.013429840720222463 15.265163164552792 18.951522468959936 0.19241729886921188 -71.029110060610748 -0.56619802485918314 0.027123125892622474 0.0092445333956442943 4.9214036586787797 0.006983315623994707 1.7296903765430622 -14.027354612830887 -15.437245191331709 147.6809967423053 0.036413220395449614 -0.5608145245125894 0.038724318015858628 19.971504953364622 0.19547281430740582 11.965285739030833 -0.76012469731128274 -44.363710798869278 0.90749853333823038 -5.1390731590288556 -11.917177828927368 104.4857713443634
2.3798885415695241 -278.63656538640413 -0.39811598032640594 35.72907389527078 0.22169780303833708 -7.526292640885238 -0.065282068979675728 2.3712261926645102 -0.97003648650113272 14.984902891742216 0.037041158887418241 -0.68164421223711957 -71.590889711097802 1.6295763900668545 19.113266745239354 -0.47958508869526595 3.9017539807755748 -0.28909313318905805 -0.010615838199944633 0.009013224437773814 -0.023892551330747358 6.9230977086239989 0.097349851764681805 -56.014943846043153 -1.4377298535656062 21.471789474368169 0.038120226605614094 -0.54404283598525227 0.89196406041528553 -44.872009130050181 -0.2688552837293543 12.00712493190364 0.2619294377170624 -22.401528763220568 -1.691029684690373 193.14835564467151
-132.49843179347792 2.3798885415695135 16.055452051233367 -0.39811598032640594 4.8457711090942412 0.22169780303833708 -1.0597187949857094 -0.0652820689796757 0.28518474052420056 -3.9169518777998453 -0.0091353991106069808 0.033663511833627563 1.6295763900668545 30.696712545366172 -0.4795850886952655 -9.3798374865369443 -14.194904621897695 1.1731977158593718 -0.51639142818570127 -0.030690426282579751 6.3730480705288386 -0.023892551330747469 -50.36597110130343 0.097349851764682249 -1.575776268247671 20.93499202978898 0.033804955087166202 0.27001270671908423 22.459188555531703 0.89196406041528631 -6.4439374637885063 -0.26885528372935463 -10.305919693480904 0.26192943771706167 108.61952173588193 -1.6910296846903756
-0.16974159947737566 58.512967023167505 0.034983277095219006 -7.278194534014256 -0.065282068979675756 2.3712261926645102 0.22169780303832831 -7.526292640885015 0.037041158887418324 -0.68164421223711946 -0.97003648650112284 14.984902891742113 19.113266745239358 -0.47958508869526539 -71.590889711096054 1.6295763900667861 -0.010615838199944577 0.0090132244377738105 3.9017539807755277 -0.28909313318905383 -0.17838839730299361 -17.270870287388956 1.3830896752668664 148.78741686220994 0.038120226605614121 -0.54404283598525194 -1.4377298535656 21.471789474368094 -0.26885528372935474 12.007124931903636 0.89196406041524234 -44.872009130049136 -0.12980063121218244 -9.8593284743725214 0.86588362500900384 104.9169078437925
48.374690158167894 -0.16974159947737322 -6.0955863254898768 0.034983277095218701 -1.0597187949857092 -0.0652820689796757 4.8457711090941746 0.22169780303832787 -0.0091353991106069496 0.033663511833627507 0.28518474052419635 -3.9169518777998009 -0.47958508869526573 -9.3798374865369443 1.6295763900667843 30.696712545365671 -0.5163914281857015 -0.030690426282579557 -14.194904621897452 1.1731977158593498 -30.478125015709349 -0.17838839730299272 236.006732799817 1.3830896752668664 0.033804955087166119 0.27001270671908417 -1.5757762682476548 20.934992029788802 -6.4439374637885045 -0.26885528372935452 22.459188555531398 0.89196406041524412 -20.106009499824196 -0.12980063121218222 178.95257636886507 0.86588362500901006
-131.79254676429827 22.190759404059683 12.211598685192536 -2.7067298448974721 4.4727323964618808 0.78591056844015983 -1.0869489808916293 -0.23298559338553018 -0.0020719173965328685 -4.9929682570383234 -0.010926404451088778 0.081818883829356537 6.703427468070049 30.223711212897239 -1.8326459223461176 -9.2539696302835441 -14.477952582598611 -0.040595539781799334 -0.51713741656578327 -0.02100611596515491 5.3476543063728998 -0.45467019558478738 -49.989016201392452 4.0863980248763347 0.078015503835513589 19.398988166488845 0.022958251951893594 0.31072155326324358 22.800325768539057 4.0620361698863077 -6.41183839099123 -1.1239453350541715 -4.7611140075004963 1.5099429645369944 108.39909959872237 -15.450048670252935
12.211598685192541 -2.7067298448974708 -53.936086849921629 3.5742308092932249 -4.974061199265539 0.33217742074711498 -0.44454963227550631 0.03541742230629804 -4.9710055972708362 -0.0020719173965327454 0.012095672518678758 -0.010926404451088764 -0.92126073651677354 -4.9584822967515878 0.26756047122426668 1.2735279933612074 -0.040595539781799334 -17.195052277297041 -0.021006115965154826 0.14389826668391931 -14.305785289551844 0.92313913239440426 5.3476543063728998 -0.4546701955847875 21.596618048566459 0.078015503835513991 -0.11295485904092502 0.022958251951893657 5.6433924925914463 -0.71860053470954532 0.17822712569452229 0.0972569168648659 77.491109904439369 -5.0189427275396383 -4.7611140075004963 1.5099429645369948
48.022897506317989 -4.3355369209898855 -5.0695811493605145 0.49092316941032049 -1.0869489808916291 -0.23298559338553021 4.4727323964618151 0.78591056844013507 -0.010926404451088792 0.081818883829356426 -0.0020719173965368931 -4.9929682570382727 -1.8326459223461173 -9.2539696302835441 6.703427468069858 30.223711212896738 -0.51713741656578371 -0.021006115965154767 -14.477952582598364 -0.040595539781817021 -26.666053310012479 0.82227263656429317 233.99289493993359 -9.2403297119528816 0.022958251951893584 0.3107215532632433 0.078015503835524191 19.398988166488675 -6.4118383909912282 -1.123945335054171 22.800325768538752 4.0620361698861931 -14.582799195388711 0.22946950976452274 177.84341084586228 -6.6503362781060265
-5.0695811493605145 0.49092316941032044 14.325391885539597 -0.92777105305958307 -0.44454963227550659 0.03541742230629797 -4.9740611992655133 0.33217742074711709 0.01209567251867869 -0.010926404451088771 -4.9710055972708238 -0.0020719173965367821 0.26756047122426663 1.2735279933612078 -0.92126073651674534 -4.958482296751515 -0.021006115965154878 0.1438982666839192 -0.040595539781817021 -17.19505227729698 52.916921048025991 -3.3334600430677903 -26.666053310012487 0.82227263656429317 -0.11295485904092552 0.022958251951893594 21.596618048566398 0.078015503835524247 0.17822712569452265 0.097256916864865844 5.6433924925914658 -0.71860053470952923 76.798594972517094 -4.8553409362792257 -14.582799195388715 0.22946950976452274
-5.9421826736716135 0.057827315539340646 18.192089290024555 -0.079939570276442162 -0.084825566725936219 0.036248692529822719 -4.9493700028110972 -0.10064563005973648 0.30221397806981098 -0.0079127548639610808 -4.0156215957365697 -0.0024680263393090374 0.089253093742406961 1.6359390888226677 -0.24889084902397229 -5.067787051802469 -0.01755424534205418 1.3561611136686802 -0.038833822167537155 -16.912112009424458 53.936338593345155 -0.10713054183795789 -27.063234398703653 -0.1843646161397674 -1.7698070167751498 0.019874174115668063 23.087003001119356 0.079368883276400071 -0.22358601081670207 0.046857466668676268 5.6198536771175736 -0.14962628002579959 71.226039631495965 -0.12457339726020819 -14.252278190982281 -0.15755028625290923
0.05782731553934134 -8.7389769158021782 -0.079939570276441996 15.38300000652265 0.03624869252982274 0.34375552135964493 -0.10064563005973629 -5.9930299920794265 -0.93017887673150357 0.039902806517816997 13.318878208841623 -0.016443490307350705 -3.4047621275415665 0.089253093742406975 9.6324649101410902 -0.24889084902397252 0.0074828157813645567 -0.31040897598089912 0.00353144500089278 4.084747819640997 -0.10713054183795806 45.860112113356969 -0.18436461613976673 -14.475318430413159 -1.4803555268763053 0.035059840954574539 20.645429651461185 0.041808395852085178 0.046857466668676392 -1.4205743197362226 -0.14962628002579947 8.022045968894389 -0.12457339726020861 60.872148991107608 -0.15755028625290923 -3.8805474085335683
57.461020033417938 -0.33645809460883003 -5.9421826736716143 0.057827315539340896 -1.4137197091239111 -0.078596716062467098 4.566506717017349 0.21915881358682454 -0.0079127548639610912 0.31431989358708068 -0.0024680263393090096 -3.9195460055257945 -0.59017532570274034 -11.466307146411996 1.6461394912692295 31.0063038374687 0.50149653210328804 -0.017554245342054207 -14.160617528427988 -0.038833822167536926 -27.063234398703649 -0.18436461613976673 237.67979402080402 1.362863486486674 0.019874174115668063 -1.2316251937252798 0.079368883276400043 20.921304419097694 -8.0724874060411587 -0.32953120723322848 23.32532979007939 0.90052431773862818 -14.252278190982279 -0.1575502862529079 170.13077804388229 0.97598249225586997
-0.33645809460883247 77.890742031786715 0.057827315539341201 -8.7389769158021799 -0.078596716062467153 2.9362702282898581 0.21915881358682521 -8.126819216097724 0.039902806517816913 -1.7546469418884718 -0.016443490307350705 15.032662154795073 24.008810445760695 -0.59017532570274012 -72.271580657254134 1.6461394912692331 -0.2902119282777586 0.0074828157813645532 3.9027697100097258 0.00353144500089278 -0.18436461613976807 -14.475318430413161 1.362863486486674 151.76982778261754 0.035059840954574401 -2.0831307771216174 0.041808395852085289 21.513851700353129 -0.32953120723322876 15.126797591178471 0.90052431773862729 -45.158124926690228 -0.15755028625290901 -3.8805474085335669 0.97598249225586731 90.770869062212512
13.462165906268972 -35.200057491000656 -58.118424776088098 49.04047814962717 -5.2331396347553705 6.3243761426029996 -0.50548952125974511 0.12448495175350624 -18.58000211166361 0.011357923323697776 -0.01310945228407432 -0.05043310202613302 -10.375418269176251 -5.072002543189063 2.9999527112730413 1.2935796546697553 -0.047578855405789988 -22.492062943922807 -0.030250649360799187 0.17136697479229451 -15.386186952434393 13.038539936799934 5.7515417730665801 -6.5096366705409938 2.6080405548394645 0.039291185819657848 -0.12298428471758024 -0.013454968443556148 6.1948319091284754 -8.6902470534078908 0.15490847449973846 0.94885698191734891 83.339882264425071 -70.952016864764545 -5.3430522259486359 19.196495674223282
-143.59560801540357 298.66527713746302 13.462165906268968 -35.200057491000656 4.5803443111073259 8.758340907215036 -1.1021265853846944 -2.6025040668220605 0.011357923323696673 -20.258131421591209 -0.050433102026132909 0.7630435742053423 77.732537528682514 30.789909237756373 -20.784168391306046 -9.4463869291527516 -19.399356241277445 -0.047578855405790058 -0.54426054245840605 -0.030250649360799214 5.7515417730665792 -6.509636670540992 -53.673482266826944 59.673604242117385 0.039291185819657806 -0.57251678687584251 -0.013454968443556009 0.87153607777583197 23.560450465850309 48.425746968756599 -6.6073112052986342 -13.089231074084998 -5.3430522259486324 19.196495674223275 117.84687878880433 -207.44997743167593
-5.4642512991856931 6.9011359370803582 15.411186348384323 -13.052180771970542 -0.50548952125974533 0.12448495175350648 -5.2331396347553438 6.324376142603013 -0.013109452284074431 -0.050433102026132992 -18.580002111663568 0.011357923323686014 2.9999527112730413 1.2935796546697558 -10.375418269175974 -5.0720025431889955 -0.030250649360799263 0.17136697479229435 -0.047578855405811527 -22.492062943922726 56.818937122232555 -48.331417141593718 -28.395743686555537 14.849627249395175 -0.12298428471758072 -0.013454968443556009 2.6080405548394348 0.039291185819665064 0.15490847449973874 0.94885698191734791 6.1948319091284887 -8.6902470534077239 82.456890897888087 -70.470215635961807 -15.490297728726942 5.3685426687933759
51.637449553710795 -62.400458272722318 -5.4642512991856922 6.9011359370803573 -1.1021265853846947 -2.6025040668220609 4.5803443111072655 8.7583409072147909 -0.05043310202613302 0.76304357420534152 0.011357923323685348 -20.25813142159106 -20.784168391306046 -9.4463869291527516 77.732537528680581 30.789909237755921 -0.54426054245840605 -0.03025064936079926 -19.399356241277136 -0.047578855405811943 -28.395743686555534 14.849627249395176 249.4301401312652 -156.92132645425809 -0.013454968443556009 0.87153607777583209 0.039291185819665619 -0.57251678687594865 -6.6073112052986334 -13.089231074084996 23.560450465850032 48.425746968755455 -15.490297728726935 5.3685426687933795 189.7605886747896 -111.13610762246941
154.13320318820627 -2.9245707334663016 -70.843990141904982 0.73660054045206558 -10.14914202604356 -0.33565808018086657 0.69562883618294447 0.098991772057995295 -4.299583692014135 4.1951402332139907 0.023696610316911667 -0.044170394423582476 -1.9890574760983128 -37.850969257043758 0.58540128364011812 11.325367867462624 15.173958760019156 -18.072173544343361 0.53312427631311265 0.17482000192436861 -21.058828275443609 0.078900450057361404 59.300741621346134 -0.12428241854738653 24.648848488395579 -22.35726104695695 -0.14846682033825639 -0.26382614329452669 -18.4678848206668 -1.1022662639449656 7.0864926875197858 0.32427300772141532 88.117038378651259 -0.56589611172242016 -121.13738524877404 2.0525457659789517
-2.9245707334663087 330.94076389499736 0.73660054045206469 -83.503935100175767 -0.33565808018086579 2.0983066844311704 0.098991772057995336 -2.6279972465175714 14.291776342973176 -16.074349111700919 -0.013627039425146314 0.76930628180789262 86.118898321760469 -1.9890574760983104 -23.198719818938969 0.58540128364011856 -4.1778186258524972 4.3723105441736543 0.019114383215506708 -0.026797622228725362 0.078900450057360683 -19.469276157283563 -0.12428241854738564 66.058958494110982 22.080099119375777 -22.969069019652448 -0.038937504064231632 0.62116490292486048 -1.1022662639449632 56.013727758219524 0.32427300772141454 -13.713815048280932 -0.56589611172241838 89.582616427265378 2.052545765978949 -224.59392733992027
-56.88908175544384 0.21261909745263985 20.780665083759427 -0.094772563810587018 0.69562883618294435 0.098991772057995239 -10.149142026043465 -0.33565808018085508 0.023696610316911611 -0.044170394423582365 -4.2995836920141182 4.19514023321394 0.58540128364011856 11.325367867462624 -1.9890574760982265 -37.850969257043147 0.5331242763131131 0.17482000192436839 15.173958760018881 -18.072173544343276 85.303124837581365 0.088444028793269513 -279.49312097642792 -1.667237158607227 -0.14846682033825639 -0.26382614329452703 24.648848488395505 -22.357261046956747 7.0864926875197858 0.32427300772141499 -18.467884820666452 -1.1022662639449132 97.941903636891652 -0.0052849897233790966 -206.31843701819011 -1.0675506146735732
0.21261909745264096 -69.088975112350042 -0.094772563810586408 19.858544145240312 0.098991772057995336 -2.6279972465175718 -0.3356580801808553 2.0983066844309217 -0.013627039425146176 0.7693062818078924 14.291776342973138 -16.074349111700805 -23.198719818938969 0.5854012836401179 86.118898321758323 -1.9890574760982282 0.019114383215506597 -0.026797622228725324 -4.1778186258524439 4.3723105441736383 0.088444028793270846 63.269488419782157 -1.667237158607227 -173.43819086226051 -0.03893750406423116 0.62116490292486082 22.080099119375742 -22.969069019652363 0.32427300772141532 -13.713815048280928 -1.1022662639449115 56.013727758218266 -0.0052849897233777643 75.833473315031824 -1.0675506146735678 -117.57220090593634
18.490624193149994 -0.43579301230466988 -73.134031032514457 0.39558009195798094 -4.8645444360851844 -0.13689432258956011 4.8645444360851586 0.13689432258955903 -4.3178355738063932 0.0054447285246554122 4.3178355738063781 -0.005444728524651915 -0.33814394276638915 -6.703726140625208 0.33814394276637838 6.7037261406251281 -0.021279576825465316 -18.268273123093199 0.021279576825483735 18.268273123093131 -72.037009415265601 0.16811465940134773 34.324943697759373 0.1776582381372549 24.856810017894567 0.059494709160721415 -24.8568100178945 -0.059494709160731685 5.8434396879342518 -0.1964837466944809 -5.8434396879342758 0.19648374669447555 0.73134774483255149 -0.15164362170442577 10.556213003072923 0.4089675002946167
-0.43579301230467343 41.665400415776347 0.39558009195797961 -61.697078829639743 -0.13689432258956022 -6.3367855134390547 0.13689432258955897 6.336785513439068 14.249057085573147 -0.056346296825175113 -14.249057085573121 0.056346296825167563 13.037227037682907 -0.3381439427663897 -13.037227037682635 0.33814394276637882 -0.0039513707804751143 4.3951567956219053 0.0039513707804715026 -4.3951567956218938 0.16811465940134751 -61.201842418992314 0.17765823813725534 21.536922158073423 22.125785178337516 0.0067485548975074194 -22.125785178337477 -0.0067485548975114718 -0.19648374669448129 9.4426202886307617 0.19648374669447533 -9.4426202886306001 -0.15164362170442416 0.33015760709828501 0.40896750029461759 -13.418985505135288
-192.53166075050009 2.7013968186142678 18.490624193149987 -0.43579301230467365 5.9802264261413232 0.29775552964930097 -5.9802264261412521 -0.29775552964929108 0.0054447285246553845 -4.233865899112919 -0.0054447285246518595 4.2338658991128719 2.2363148169720395 42.472610983881189 -2.2363148169719658 -42.472610983880642 -14.662114060531509 -0.021279576825465343 14.662114060531255 0.021279576825483509 34.324943697759366 0.17765823813725357 -304.46891890001473 -1.3652965019225771 0.05949470916072111 22.152929612823147 -0.059494709160732739 -22.152929612822955 31.397817196120844 1.2300555249718985 -31.397817196120513 -1.2300555249718528 10.556213003072923 0.40896750029461582 -74.624838766343117 -2.7111288803579061
2.7013968186142967 -358.36433859157114 -0.43579301230467399 41.665400415776361 0.2977555296493013 -11.063089444387801 -0.29775552964929153 11.063089444387563 -0.056346296825175002 16.787309096683639 0.056346296825166897 -16.787309096683533 -96.280391103016555 2.2363148169720408 96.280391103014679 -2.2363148169719675 4.1929816382875291 -0.0039513707804751871 -4.1929816382874803 0.0039513707804715581 0.1776582381372549 21.536922158073427 -1.3652965019225771 -217.9602271982981 0.0067485548975073362 23.596982477474821 -0.0067485548975114718 -23.596982477474736 1.230055524971899 -60.284922517869724 -1.2300555249718528 60.284922517868608 0.40896750029461693 -13.418985505135289 -2.7111288803578972 93.602740928848704
D667RT mesh=d667_curved_hex_w2.mesh INTEG=wgradneg RULE=o4 NPT=27 n=36
135.07064071708223 -2.3649387240054374 -12.548441519478379 0.3779656967653317 -4.5665067170174138 -0.21915881358683387 1.413719709123906 0.078596716062466432 0.0024680263393057067 3.9195460055258384 0.0079127548639608553 -0.31431989358707751 -1.6461394912693001 -31.006303837469183 0.5901753257027349 11.466307146411957 14.160617528428229 0.038833822167519641 -0.50149653210326972 0.01755424534205309 -7.2617092990557284 0.0067063780025136688 66.789124879210817 0.0024330154359071265 -0.07936888327638951 -20.921304419097872 -0.019874174115667394 1.2316251937252656 -23.325329790079692 -0.9005243177386707 8.0724874060411373 0.32953120723322549 3.6960651879093587 -0.25141721404170669 -95.50593927753917 1.7351463881020313
-2.364938724005452 280.47359655978448 0.37796569676533265 -32.926423499974177 -0.21915881358683389 8.1268192160979442 0.078596716062466515 -2.9362702282898416 0.016443490307357995 -15.032662154795172 -0.039902806517816358 1.7546469418884634 72.271580657255839 -1.6461394912693001 -24.008810445760567 0.59017532570273579 -3.9027697100097716 -0.003531445000889504 0.29021192827775522 -0.0074828157813643034 0.0067063780025135022 -7.0616037276602706 0.0024330154359066825 66.190399415680631 -0.041808395852081744 -21.513851700353207 -0.035059840954574151 2.0831307771216112 -0.90052431773866992 45.158124926691251 0.32953120723322549 -15.126797591178399 -0.25141721404170769 17.299532913668848 1.7351463881020273 -184.37360999106119
-12.548441519478382 0.37796569676533082 54.941941742489917 -0.31564052168153878 4.949370002811122 0.1006456300597377 0.08482556672593812 -0.036248692529822629 4.0156215957365813 0.0024680263393057015 -0.30221397806980999 0.0079127548639608553 0.24889084902398245 5.0677870518025445 -0.089253093742406253 -1.6359390888226615 0.038833822167519599 16.912112009424519 0.017554245342052979 -1.356161113668676 18.100670821920474 -0.060984117563389686 -7.2617092990557284 0.0067063780025137243 -23.087003001119427 -0.079368883276389565 1.7698070167751436 -0.019874174115667446 -5.6198536771175558 0.149626280025805 0.22358601081670343 -0.046857466668675907 -71.957387376328512 0.27621701896463263 3.6960651879093587 -0.25141721404170825
0.37796569676533348 -32.926423499974177 -0.31564052168153695 46.314078823117107 0.10064563005973762 5.9930299920794123 -0.036248692529822629 -0.34375552135964543 -13.318878208841648 0.0164434903073583 0.93017887673150068 -0.039902806517816469 -9.6324649101413424 0.24889084902398267 3.4047621275415478 -0.089253093742406309 -0.003531445000889452 -4.0847478196410085 -0.0074828157813642895 0.31040897598089801 -0.060984117563389728 15.341730305635364 0.0067063780025136688 -7.0616037276602697 -20.645429651461221 -0.041808395852081882 1.4803555268763013 -0.035059840954574234 0.14962628002580514 -8.02204596889454 -0.046857466668675934 1.420574319736212 0.27621701896463141 -61.202306598205908 -0.25141721404170797 17.299532913668852
-21.634771394728407 0.54468219189678835 54.788538090671651 -0.33848456012566142 5.3033709169493237 0.11396027714252917 0.36408995880276507 -0.03370970307831949 4.0143989514899356 -0.27818835541414744 -0.014561211206304762 0.010506882589954865 0.35948108603145795 7.1542567116775917 -0.10581619494485273 -1.9455303809256834 -0.97905413812146824 16.898975828483994 -0.01673284812741203 -0.14412957564178946 14.685780204914778 -0.055007898726614296 -8.9347705200427274 0.026932566782707057 -23.073072220147921 1.4222690171679728 0.11466186525109022 -0.0061865634245565591 -3.9913037348649021 0.21030220352967927 -0.64255522373128249 -0.055417723992060547 -77.811118685170428 0.30396667400535876 12.517863512892129 -0.36151608128857327
0.54468219189679012 -52.304198508593366 -0.3384845601256592 47.774861204905008 0.11396027714252918 5.4279859564540649 -0.033709703078319608 0.25677105385306281 -13.321739856472046 1.0894462199587096 -0.023414119462272086 -0.087662069570773243 -14.528008610662678 0.35948108603145773 4.0854530736996271 -0.10581619494485275 0.27606464507692435 -4.0832174109845987 -0.0084985450155620063 0.017784397790951624 -0.055007898726614005 12.546178448659571 0.026932566782706724 -10.044014648067861 -20.642369265810185 1.4972795452842824 0.00081727745861679899 -0.077122066939608824 0.21030220352967949 -11.141718628169372 -0.055417723992060547 1.7066901163772998 0.30396667400535776 -67.18108766404481 -0.36151608128857238 31.445571695248841
8.5143915972759565 -0.042877497975266854 -14.685078758269558 0.059789286715368074 0.36408995880276523 -0.033709703078319476 5.3033709169492944 0.11396027714252729 -0.014561211206304792 0.010506882589954823 4.0143989514899241 -0.278188355414141 -0.10581619494485256 -1.9455303809256834 0.35948108603144258 7.1542567116774807 -0.016732848127412117 -0.1441295756417893 -0.97905413812143394 16.89897582848393 -54.824999821872048 0.089944368509724648 43.486388176611044 0.28414748334035611 0.11466186525109058 -0.0061865634245563718 -23.073072220147857 1.4222690171679506 -0.64255522373128271 -0.055417723992060519 -3.9913037348649416 0.21030220352967111 -77.835894137067484 0.13508562093556323 27.365860649325079 0.20166698966456331
-0.042877497975267465 10.576008089182549 0.059789286715367804 -12.580349611226067 -0.033709703078319574 0.25677105385306309 0.11396027714252729 5.4279859564540933 -0.023414119462272134 -0.087662069570773188 -13.321739856472021 1.0894462199586947 4.0854530736996271 -0.10581619494485256 -14.528008610662303 0.35948108603144235 -0.0084985450155620201 0.017784397790951475 0.27606464507691753 -4.0832174109845871 0.089944368509724426 -45.998618132393219 0.28414748334035611 24.650774000050632 0.00081727745861662898 -0.077122066939608713 -20.642369265810142 1.4972795452842733 -0.05541772399206063 1.7066901163772989 0.21030220352967066 -11.141718628169148 0.13508562093556317 -65.974144840659321 0.20166698966456265 12.655293062143889
1.2505672210764338 -32.493327646103204 -4.1823379261664888 45.466247340333958 -0.25907843548983261 5.9921987218558881 -0.060939888984239063 0.089067529447208374 -13.60899651439278 0.013429840720230598 -0.025205124802753599 -0.039506697575044381 -9.4541575326594813 -0.11352024643747777 2.7323922400487755 0.020051661308548324 -0.0069833156239901672 -5.2970106666257708 -0.0092445333956442909 0.027468708108376406 -1.0804016628825523 12.115400804405533 0.40388746669368197 -6.0549664749562089 -18.988577493726996 -0.038724318015856365 -0.010029425676654956 -0.036413220395449739 0.55143941653702955 -7.9716465186983525 -0.023318651194783921 0.85160006505248254 5.8487723599857633 -65.933074137224907 -0.58193821844814164 17.686552709686289
-11.803061251105397 276.47451773340345 1.2505672210764325 -32.493327646103211 0.1076119146454477 7.9724303387748812 -0.015177604493065683 -2.369518473436532 0.013429840720230382 -15.265163164552897 -0.039506697575044269 0.68122469037598576 71.029110060612496 0.56619802485914994 -18.951522468959936 -0.192417298869211 -4.9214036586788428 -0.0069833156239902782 -0.027123125892622446 -0.0092445333956443013 0.40388746669368153 -6.0549664749562098 -3.6844660654345112 55.587206217241075 -0.038724318015855796 -19.971504953364697 -0.036413220395449752 0.56081452451258906 0.76012469731126053 44.363710798870315 -0.19547281430740626 -11.965285739030834 -0.5819382184481412 17.686552709686289 9.4477791900820147 -191.99992876142312
-0.39467014982518084 6.4102127676700382 1.0857944628447305 -12.124409718910965 -0.060939888984239091 0.089067529447208457 -0.25907843548983178 5.9921987218558996 -0.025205124802753425 -0.039506697575044214 -13.608996514392754 0.013429840720222685 2.7323922400487755 0.020051661308548352 -9.4541575326592291 -0.11352024643748249 -0.009244533395644329 0.027468708108376261 -0.0069833156239946792 -5.2970106666257548 3.9020160742065917 -44.997957098525937 -1.7296903765430636 14.027354612830885 -0.010029425676654928 -0.036413220395449836 -18.988577493726968 -0.038724318015859183 -0.023318651194784004 0.85160006505248231 0.55143941653702522 -7.9716465186981988 5.6582959253710454 -65.614874699682602 -0.90749853333823105 5.1390731590288548
3.614552047392821 -58.064921351732458 -0.39467014982518045 6.41021276767004 -0.0151776044930656 -2.369518473436532 0.10761191464545194 7.97243033877466 -0.039506697575044242 0.6812246903759861 0.013429840720222463 -15.265163164552792 -18.951522468959936 -0.19241729886921188 71.029110060610748 0.56619802485918314 -0.027123125892622474 -0.0092445333956442943 -4.9214036586787797 -0.006983315623994707 -1.7296903765430622 14.027354612830887 15.437245191331709 -147.6809967423053 -0.036413220395449614 0.5608145245125894 -0.038724318015858628 -19.971504953364622 -0.19547281430740582 -11.965285739030833 0.76012469731128274 44.363710798869278 -0.90749853333823038 5.1390731590288556 11.917177828927368 -104.4857713443634
-2.3798885415695241 278.63656538640413 0.39811598032640594 -35.72907389527078 -0.22169780303833708 7.526292640885238 0.065282068979675728 -2.3712261926645102 0.97003648650113272 -14.984902891742216 -0.037041158887418241 0.68164421223711957 71.590889711097802 -1.6295763900668545 -19.113266745239354 0.47958508869526595 -3.9017539807755748 0.28909313318905805 0.010615838199944633 -0.009013224437773814 0.023892551330747358 -6.9230977086239989 -0.097349851764681805 56.014943846043153 1.4377298535656062 -21.471789474368169 -0.038120226605614094 0.54404283598525227 -0.89196406041528553 44.872009130050181 0.2688552837293543 -12.00712493190364 -0.2619294377170624 22.401528763220568 1.691029684690373 -193.14835564467151
132.49843179347792 -2.3798885415695135 -16.055452051233367 0.39811598032640594 -4.8457711090942412 -0.22169780303833708 1.0597187949857094 0.0652820689796757 -0.28518474052420056 3.9169518777998453 0.0091353991106069808 -0.033663511833627563 -1.6295763900668545 -30.696712545366172 0.4795850886952655 9.3798374865369443 14.194904621897695 -1.1731977158593718 0.51639142818570127 0.030690426282579751 -6.3730480705288386 0.023892551330747469 50.36597110130343 -0.097349851764682249 1.575776268247671 -20.93499202978898 -0.033804955087166202 -0.27001270671908423 -22.459188555531703 -0.89196406041528631 6.4439374637885063 0.26885528372935463 10.305919693480904 -0.26192943771706167 -108.61952173588193 1.6910296846903756
0.16974159947737566 -58.512967023167505 -0.034983277095219006 7.278194534014256 0.065282068979675756 -2.3712261926645102 -0.22169780303832831 7.526292640885015 -0.037041158887418324 0.68164421223711946 0.97003648650112284 -14.984902891742113 -19.113266745239358 0.47958508869526539 71.590889711096054 -1.6295763900667861 0.010615838199944577 -0.0090132244377738105 -3.9017539807755277 0.28909313318905383 0.17838839730299361 17.270870287388956 -1.3830896752668664 -148.78741686220994 -0.038120226605614121 0.54404283598525194 1.4377298535656 -21.471789474368094 0.26885528372935474 -12.007124931903636 -0.89196406041524234 44.872009130049136 0.12980063121218244 9.8593284743725214 -0.86588362500900384 -104.9169078437925
-48.374690158167894 0.16974159947737322 6.0955863254898768 -0.034983277095218701 1.0597187949857092 0.0652820689796757 -4.8457711090941746 -0.22169780303832787 0.0091353991106069496 -0.033663511833627507 -0.28518474052419635 3.9169518777998009 0.47958508869526573 9.3798374865369443 -1.6295763900667843 -30.696712545365671 0.5163914281857015 0.030690426282579557 14.194904621897452 -1.1731977158593498 30.478125015709349 0.17838839730299272 -236.006732799817 -1.3830896752668664 -0.033804955087166119 -0.27001270671908417 1.5757762682476548 -20.934992029788802 6.4439374637885045 0.26885528372935452 -22.459188555531398 -0.89196406041524412 20.106009499824196 0.12980063121218222 -178.95257636886507 -0.86588362500901006
131.79254676429827 -22.190759404059683 -12.211598685192536 2.7067298448974721 -4.4727323964618808 -0.78591056844015983 1.0869489808916293 0.23298559338553018 0.0020719173965328685 4.9929682570383234 0.010926404451088778 -0.081818883829356537 -6.703427468070049 -30.223711212897239 1.8326459223461176 9.2539696302835441 14.477952582598611 0.040595539781799334 0.51713741656578327 0.02100611596515491 -5.3476543063728998 0.45467019558478738 49.989016201392452 -4.0863980248763347 -0.078015503835513589 -19.398988166488845 -0.022958251951893594 -0.31072155326324358 -22.800325768539057 -4.0620361698863077 6.41183839099123 1.1239453350541715 4.7611140075004963 -1.5099429645369944 -108.39909959872237 15.450048670252935
-12.211598685192541 2.7067298448974708 53.936086849921629 -3.5742308092932249 4.974061199265539 -0.33217742074711498 0.44454963227550631 -0.03541742230629804 4.9710055972708362 0.0020719173965327454 -0.012095672518678758 0.010926404451088764 0.92126073651677354 4.9584822967515878 -0.26756047122426668 -1.2735279933612074 0.040595539781799334 17.195052277297041 0.021006115965154826 -0.14389826668391931 14.305785289551844 -0.92313913239440426 -5.3476543063728998 0.4546701955847875 -21.596618048566459 -0.078015503835513991 0.11295485904092502 -0.022958251951893657 -5.6433924925914463 0.71860053470954532 -0.17822712569452229 -0.0972569168648659 -77.491109904439369 5.0189427275396383 4.7611140075004963 -1.5099429645369948
-48.022897506317989 4.3355369209898855 5.0695811493605145 -0.49092316941032049 1.0869489808916291 0.23298559338553021 -4.4727323964618151 -0.78591056844013507 0.010926404451088792 -0.081818883829356426 0.0020719173965368931 4.9929682570382727 1.8326459223461173 9.2539696302835441 -6.703427468069858 -30.223711212896738 0.51713741656578371 0.021006115965154767 14.477952582598364 0.040595539781817021 26.666053310012479 -0.82227263656429317 -233.99289493993359 9.2403297119528816 -0.022958251951893584 -0.3107215532632433 -0.078015503835524191 -19.398988166488675 6.4118383909912282 1.123945335054171 -22.800325768538752 -4.0620361698861931 14.582799195388711 -0.22946950976452274 -177.84341084586228 6.6503362781060265
5.0695811493605145 -0.49092316941032044 -14.325391885539597 0.92777105305958307 0.44454963227550659 -0.03541742230629797 4.9740611992655133 -0.33217742074711709 -0.01209567251867869 0.010926404451088771 4.9710055972708238 0.0020719173965367821 -0.26756047122426663 -1.2735279933612078 0.92126073651674534 4.958482296751515 0.021006115965154878 -0.1438982666839192 0.040595539781817021 17.19505227729698 -52.916921048025991 3.3334600430677903 26.666053310012487 -0.82227263656429317 0.11295485904092552 -0.022958251951893594 -21.596618048566398 -0.078015503835524247 -0.17822712569452265 -0.097256916864865844 -5.6433924925914658 0.71860053470952923 -76.798594972517094 4.8553409362792257 14.582799195388715 -0.22946950976452274
5.9421826736716135 -0.057827315539340646 -18.192089290024555 0.079939570276442162 0.084825566725936219 -0.036248692529822719 4.9493700028110972 0.10064563005973648 -0.30221397806981098 0.0079127548639610808 4.0156215957365697 0.0024680263393090374 -0.089253093742406961 -1.6359390888226677 0.24889084902397229 5.067787051802469 0.01755424534205418 -1.3561611136686802 0.038833822167537155 16.912112009424458 -53.936338593345155 0.10713054183795789 27.063234398703653 0.1843646161397674 1.7698070167751498 -0.019874174115668063 -23.087003001119356 -0.079368883276400071 0.22358601081670207 -0.046857466668676268 -5.6198536771175736 0.14962628002579959 -71.226039631495965 0.12457339726020819 14.252278190982281 0.15755028625290923
-0.05782731553934134 8.7389769158021782 0.079939570276441996 -15.38300000652265 -0.03624869252982274 -0.34375552135964493 0.10064563005973629 5.9930299920794265 0.93017887673150357 -0.039902806517816997 -13.318878208841623 0.016443490307350705 3.4047621275415665 -0.089253093742406975 -9.6324649101410902 0.24889084902397252 -0.0074828157813645567 0.31040897598089912 -0.00353144500089278 -4.084747819640997 0.10713054183795806 -45.860112113356969 0.18436461613976673 14.475318430413159 1.4803555268763053 -0.035059840954574539 -20.645429651461185 -0.041808395852085178 -0.046857466668676392 1.4205743197362226 0.14962628002579947 -8.022045968894389 0.12457339726020861 -60.872148991107608 0.15755028625290923 3.8805474085335683
-57.461020033417938 0.33645809460883003 5.9421826736716143 -0.057827315539340896 1.4137197091239111 0.078596716062467098 -4.566506717017349 -0.21915881358682454 0.0079127548639610912 -0.31431989358708068 0.0024680263393090096 3.9195460055257945 0.59017532570274034 11.466307146411996 -1.6461394912692295 -31.0063038374687 -0.50149653210328804 0.017554245342054207 14.160617528427988 0.038833822167536926 27.063234398703649 0.18436461613976673 -237.67979402080402 -1.362863486486674 -0.019874174115668063 1.2316251937252798 -0.079368883276400043 -20.921304419097694 8.0724874060411587 0.32953120723322848 -23.32532979007939 -0.90052431773862818 14.252278190982279 0.1575502862529079 -170.13077804388229 -0.97598249225586997
0.33645809460883247 -77.890742031786715 -0.057827315539341201 8.7389769158021799 0.078596716062467153 -2.9362702282898581 -0.21915881358682521 8.126819216097724 -0.039902806517816913 1.7546469418884718 0.016443490307350705 -15.032662154795073 -24.008810445760695 0.59017532570274012 72.271580657254134 -1.6461394912692331 0.2902119282777586 -0.0074828157813645532 -3.9027697100097258 -0.00353144500089278 0.18436461613976807 14.475318430413161 -1.362863486486674 -151.76982778261754 -0.035059840954574401 2.0831307771216174 -0.041808395852085289 -21.513851700353129 0.32953120723322876 -15.126797591178471 -0.90052431773862729 45.158124926690228 0.15755028625290901 3.8805474085335669 -0.97598249225586731 -90.770869062212512
-13.462165906268972 35.200057491000656 58.118424776088098 -49.04047814962717 5.2331396347553705 -6.3243761426029996 0.50548952125974511 -0.12448495175350624 18.58000211166361 -0.011357923323697776 0.01310945228407432 0.05043310202613302 10.375418269176251 5.072002543189063 -2.9999527112730413 -1.2935796546697553 0.047578855405789988 22.492062943922807 0.030250649360799187 -0.17136697479229451 15.386186952434393 -13.038539936799934 -5.7515417730665801 6.5096366705409938 -2.6080405548394645 -0.039291185819657848 0.12298428471758024 0.013454968443556148 -6.1948319091284754 8.6902470534078908 -0.15490847449973846 -0.94885698191734891 -83.339882264425071 70.952016864764545 5.3430522259486359 -19.196495674223282
143.59560801540357 -298.66527713746302 -13.462165906268968 35.200057491000656 -4.5803443111073259 -8.758340907215036 1.1021265853846944 2.6025040668220605 -0.011357923323696673 20.258131421591209 0.050433102026132909 -0.7630435742053423 -77.732537528682514 -30.789909237756373 20.784168391306046 9.4463869291527516 19.399356241277445 0.047578855405790058 0.54426054245840605 0.030250649360799214 -5.7515417730665792 6.509636670540992 53.673482266826944 -59.673604242117385 -0.039291185819657806 0.57251678687584251 0.013454968443556009 -0.87153607777583197 -23.560450465850309 -48.425746968756599 6.6073112052986342 13.089231074084998 5.3430522259486324 -19.196495674223275 -117.84687878880433 207.44997743167593
5.4642512991856931 -6.9011359370803582 -15.411186348384323 13.052180771970542 0.50548952125974533 -0.12448495175350648 5.2331396347553438 -6.324376142603013 0.013109452284074431 0.050433102026132992 18.580002111663568 -0.011357923323686014 -2.9999527112730413 -1.2935796546697558 10.375418269175974 5.0720025431889955 0.030250649360799263 -0.17136697479229435 0.047578855405811527 22.492062943922726 -56.818937122232555 48.331417141593718 28.395743686555537 -14.849627249395175 0.12298428471758072 0.013454968443556009 -2.6080405548394348 -0.039291185819665064 -0.15490847449973874 -0.94885698191734791 -6.1948319091284887 8.6902470534077239 -82.456890897888087 70.470215635961807 15.490297728726942 -5.3685426687933759
-51.637449553710795 62.400458272722318 5.4642512991856922 -6.9011359370803573 1.1021265853846947 2.6025040668220609 -4.5803443111072655 -8.7583409072147909 0.05043310202613302 -0.76304357420534152 -0.011357923323685348 20.25813142159106 20.784168391306046 9.4463869291527516 -77.732537528680581 -30.789909237755921 0.54426054245840605 0.03025064936079926 19.399356241277136 0.047578855405811943 28.395743686555534 -14.849627249395176 -249.4301401312652 156.92132645425809 0.013454968443556009 -0.87153607777583209 -0.039291185819665619 0.57251678687594865 6.6073112052986334 13.089231074084996 -23.560450465850032 -48.425746968755455 15.490297728726935 -5.3685426687933795 -189.7605886747896 111.13610762246941
-154.13320318820627 2.9245707334663016 70.843990141904982 -0.73660054045206558 10.14914202604356 0.33565808018086657 -0.69562883618294447 -0.098991772057995295 4.299583692014135 -4.1951402332139907 -0.023696610316911667 0.044170394423582476 1.9890574760983128 37.850969257043758 -0.58540128364011812 -11.325367867462624 -15.173958760019156 18.072173544343361 -0.53312427631311265 -0.17482000192436861 21.058828275443609 -0.078900450057361404 -59.300741621346134 0.12428241854738653 -24.648848488395579 22.35726104695695 0.14846682033825639 0.26382614329452669 18.4678848206668 1.1022662639449656 -7.0864926875197858 -0.32427300772141532 -88.117038378651259 0.56589611172242016 121.13738524877404 -2.0525457659789517
2.9245707334663087 -330.94076389499736 -0.73660054045206469 83.503935100175767 0.33565808018086579 -2.0983066844311704 -0.098991772057995336 2.6279972465175714 -14.291776342973176 16.074349111700919 0.013627039425146314 -0.76930628180789262 -86.118898321760469 1.9890574760983104 23.198719818938969 -0.58540128364011856 4.1778186258524972 -4.3723105441736543 -0.019114383215506708 0.026797622228725362 -0.078900450057360683 19.469276157283563 0.12428241854738564 -66.058958494110982 -22.080099119375777 22.969069019652448 0.038937504064231632 -0.62116490292486048 1.1022662639449632 -56.013727758219524 -0.32427300772141454 13.713815048280932 0.56589611172241838 -89.582616427265378 -2.052545765978949 224.59392733992027
56.88908175544384 -0.21261909745263985 -20.780665083759427 0.094772563810587018 -0.69562883618294435 -0.098991772057995239 10.149142026043465 0.33565808018085508 -0.023696610316911611 0.044170394423582365 4.2995836920141182 -4.19514023321394 -0.58540128364011856 -11.325367867462624 1.9890574760982265 37.850969257043147 -0.5331242763131131 -0.17482000192436839 -15.173958760018881 18.072173544343276 -85.303124837581365 -0.088444028793269513 279.49312097642792 1.667237158607227 0.14846682033825639 0.26382614329452703 -24.648848488395505 22.357261046956747 -7.0864926875197858 -0.32427300772141499 18.467884820666452 1.1022662639449132 -97.941903636891652 0.0052849897233790966 206.31843701819011 1.0675506146735732
-0.21261909745264096 69.088975112350042 0.094772563810586408 -19.858544145240312 -0.098991772057995336 2.6279972465175718 0.3356580801808553 -2.0983066844309217 0.013627039425146176 -0.7693062818078924 -14.291776342973138 16.074349111700805 23.198719818938969 -0.5854012836401179 -86.118898321758323 1.9890574760982282 -0.019114383215506597 0.026797622228725324 4.1778186258524439 -4.3723105441736383 -0.088444028793270846 -63.269488419782157 1.667237158607227 173.43819086226051 0.03893750406423116 -0.62116490292486082 -22.080099119375742 22.969069019652363 -0.32427300772141532 13.713815048280928 1.1022662639449115 -56.013727758218266 0.0052849897233777643 -75.833473315031824 1.0675506146735678 117.57220090593634
-18.490624193149994 0.43579301230466988 73.134031032514457 -0.39558009195798094 4.8645444360851844 0.13689432258956011 -4.8645444360851586 -0.13689432258955903 4.3178355738063932 -0.0054447285246554122 -4.3178355738063781 0.005444728524651915 0.33814394276638915 6.703726140625208 -0.33814394276637838 -6.7037261406251281 0.021279576825465316 18.268273123093199 -0.021279576825483735 -18.268273123093131 72.037009415265601 -0.16811465940134773 -34.324943697759373 -0.1776582381372549 -24.856810017894567 -0.059494709160721415 24.8568100178945 0.059494709160731685 -5.8434396879342518 0.1964837466944809 5.8434396879342758 -0.19648374669447555 -0.73134774483255149 0.15164362170442577 -10.556213003072923 -0.4089675002946167
0.43579301230467343 -41.665400415776347 -0.39558009195797961 61.697078829639743 0.13689432258956022 6.3367855134390547 -0.13689432258955897 -6.336785513439068 -14.249057085573147 0.056346296825175113 14.249057085573121 -0.056346296825167563 -13.037227037682907 0.3381439427663897 13.037227037682635 -0.33814394276637882 0.0039513707804751143 -4.3951567956219053 -0.0039513707804715026 4.3951567956218938 -0.16811465940134751 61.201842418992314 -0.17765823813725534 -21.536922158073423 -22.125785178337516 -0.0067485548975074194 22.125785178337477 0.0067485548975114718 0.19648374669448129 -9.4426202886307617 -0.19648374669447533 9.4426202886306001 0.15164362170442416 -0.33015760709828501 -0.40896750029461759 13.418985505135288
192.53166075050009 -2.7013968186142678 -18.490624193149987 0.43579301230467365 -5.9802264261413232 -0.29775552964930097 5.9802264261412521 0.29775552964929108 -0.0054447285246553845 4.233865899112919 0.0054447285246518595 -4.2338658991128719 -2.2363148169720395 -42.472610983881189 2.2363148169719658 42.472610983880642 14.662114060531509 0.021279576825465343 -14.662114060531255 -0.021279576825483509 -34.324943697759366 -0.17765823813725357 304.46891890001473 1.3652965019225771 -0.05949470916072111 -22.152929612823147 0.059494709160732739 22.152929612822955 -31.397817196120844 -1.2300555249718985 31.397817196120513 1.2300555249718528 -10.556213003072923 -0.40896750029461582 74.624838766343117 2.7111288803579061
-2.7013968186142967 358.36433859157114 0.43579301230467399 -41.665400415776361 -0.2977555296493013 11.063089444387801 0.29775552964929153 -11.063089444387563 0.056346296825175002 -16.787309096683639 -0.056346296825166897 16.787309096683533 96.280391103016555 -2.2363148169720408 -96.280391103014679 2.2363148169719675 -4.1929816382875291 0.0039513707804751871 4.1929816382874803 -0.0039513707804715581 -0.1776582381372549 -21.536922158073427 1.3652965019225771 217.9602271982981 -0.0067485548975073362 -23.596982477474821 0.0067485548975114718 23.596982477474736 -1.230055524971899 60.284922517869724 1.2300555249718528 -60.284922517868608 -0.40896750029461693 13.418985505135289 2.7111288803578972 -93.602740928848704
PROBE mesh=d667_curved_hex_w6.mesh ndof=36 feorder=2 OrderW=5 OrderJ=2
PROBE weight_center=0.00101685112821255
PROBE divref_center
0.25 0.25 0.25 0.25 0.25 0.25 0.25 0.25 0.25 0.25 0.25 0.25 0.25 0.25 0.25 0.25 0.25 0.25 0.25 0.25 0.25 0.25 0.25 0.25 0 0 0 0 0 0 0 0 0 0 0 0 
PROBE vref_center
0 0 0
0 0 0
0 0 0
0 0 0
0 0 0
0 0 0
0 0 0
0 0 0
0 0 0
0 0 0
0 0 0
0 0 0
0 0 0
0 0 0
0 0 0
0 0 0
0 0 0
0 0 0
0 0 0
0 0 0
0 0 0
0 0 0
0 0 0
0 0 0
0.25 0 0
0.25 0 0
0.25 0 0
0.25 0 0
0 0.25 0
0 0.25 0
0 0.25 0
0 0.25 0
0 0 0.25
0 0 0.25
0 0 0.25
0 0 0.25
PROBE vref_q0 ip=0.21132486540518711,0.21132486540518711,0.21132486540518711
0 0 -0
0 0 -0
0 0 -0.4553418012614795
0 0 -0
0 -0.4553418012614795 0
0 -0 0
0 -0 0
0 -0 0
-0.12200846792814621 0 0
-0 0 0
-0 0 0
-0 0 0
0 -0 0
0 -0.12200846792814621 0
0 -0 0
0 -0 0
-0 0 0
-0.4553418012614795 0 0
-0 0 0
-0 0 0
0 0 -0.12200846792814621
0 0 -0
0 0 -0
0 0 -0
0.66666666666666663 0 0
0 0 0
0 0 0
0 0 0
0 0.66666666666666663 0
0 0 0
0 0 0
0 0 0
0 0 0.66666666666666663
0 0 0
0 0 0
0 0 0
PROBE vref_q1 ip=0.78867513459481287,0.21132486540518711,0.21132486540518711
0 0 0
0 0 -0
0 0 0
0 0 -0.4553418012614795
0 0 0
0 -0.4553418012614795 0
0 0 0
0 -0 0
0.4553418012614795 0 0
0 0 0
0 0 0
0 0 0
0 -0.12200846792814621 0
0 0 0
0 -0 0
0 0 0
0 0 0
0.12200846792814621 0 0
0 0 0
0 0 0
0 0 0
0 0 -0.12200846792814621
0 0 0
0 0 -0
0.66666666666666663 0 0
0 0 0
0 0 0
0 0 0
0 -0 0
0 0.66666666666666663 0
0 -0 0
0 0 0
0 0 -0
0 0 0.66666666666666663
0 0 -0
0 0 0
PROBE vref_q2 ip=0.21132486540518711,0.78867513459481287,0.21132486540518711
0 0 -0.4553418012614795
0 0 -0
0 0 0
0 0 0
0 0.12200846792814621 0
0 0 0
0 0 0
0 0 0
0 0 0
-0.12200846792814621 0 0
0 0 0
-0 0 0
0 0 0
0 0.4553418012614795 0
0 0 0
0 0 0
-0.4553418012614795 0 0
0 0 0
-0 0 0
0 0 0
0 0 0
0 0 0
0 0 -0.12200846792814621
0 0 -0
-0 0 0
0.66666666666666663 0 0
-0 0 0
0 0 0
0 0.66666666666666663 0
0 0 0
0 0 0
0 0 0
0 0 -0
0 0 -0
0 0 0.66666666666666663
0 0 0
PROBE vref_q3 ip=0.78867513459481287,0.78867513459481287,0.21132486540518711
0 0 0
0 0 -0.4553418012614795
0 0 -0
0 0 0
0 -0 0
0 0.12200846792814621 0
0 -0 0
0 0 0
-0 0 0
0.4553418012614795 0 0
-0 0 0
0 0 0
0 0.4553418012614795 0
0 -0 0
0 0 0
0 -0 0
0.12200846792814621 0 0
-0 0 0
0 0 0
-0 0 0
0 0 -0
0 0 0
0 0 0
0 0 -0.12200846792814621
-0 0 0
0.66666666666666663 0 0
-0 0 0
0 0 0
0 -0 0
0 0.66666666666666663 0
0 -0 0
0 0 0
0 0 0
0 0 -0
0 0 -0
0 0 0.66666666666666663
PROBE vref_q4 ip=0.21132486540518711,0.21132486540518711,0.78867513459481287
0 0 0
0 0 0
0 0 0.12200846792814621
0 0 0
0 0 0
0 0 0
0 -0.4553418012614795 0
0 -0 0
0 0 0
0 0 0
-0.12200846792814621 0 0
-0 0 0
0 0 0
0 0 0
0 -0 0
0 -0.12200846792814621 0
0 0 0
0 0 0
-0 0 0
-0.4553418012614795 0 0
0 0 0.4553418012614795
0 0 0
0 0 0
0 0 0
-0 0 0
-0 0 0
0.66666666666666663 0 0
0 0 0
0 -0 0
0 -0 0
0 0.66666666666666663 0
0 0 0
0 0 0.66666666666666663
0 0 0
0 0 0
0 0 0
PROBE vref_q5 ip=0.78867513459481287,0.21132486540518711,0.78867513459481287
0 0 -0
0 0 0
0 0 -0
0 0 0.12200846792814621
0 -0 0
0 0 0
0 0 0
0 -0.4553418012614795 0
-0 0 0
-0 0 0
0.4553418012614795 0 0
0 0 0
0 0 0
0 -0 0
0 -0.12200846792814621 0
0 0 0
-0 0 0
-0 0 0
0 0 0
0.12200846792814621 0 0
0 0 -0
0 0 0.4553418012614795
0 0 -0
0 0 0
-0 0 0
-0 0 0
0.66666666666666663 0 0
0 0 0
0 0 0
0 -0 0
0 -0 0
0 0.66666666666666663 0
0 0 -0
0 0 0.66666666666666663
0 0 -0
0 0 0
PROBE vref_q6 ip=0.21132486540518711,0.78867513459481287,0.78867513459481287
0 0 0.12200846792814621
0 0 0
0 0 -0
0 0 -0
0 -0 0
0 -0 0
0 0.12200846792814621 0
0 0 0
-0 0 0
0 0 0
0 0 0
-0.12200846792814621 0 0
0 -0 0
0 -0 0
0 0 0
0 0.4553418012614795 0
0 0 0
-0 0 0
-0.4553418012614795 0 0
0 0 0
0 0 -0
0 0 -0
0 0 0.4553418012614795
0 0 0
0 0 0
-0 0 0
-0 0 0
0.66666666666666663 0 0
0 -0 0
0 -0 0
0 0.66666666666666663 0
0 0 0
0 0 -0
0 0 -0
0 0 0.66666666666666663
0 0 0
PROBE vref_q7 ip=0.78867513459481287,0.78867513459481287,0.78867513459481287
0 0 -0
0 0 0.12200846792814621
0 0 0
0 0 -0
0 0 0
0 -0 0
0 -0 0
0 0.12200846792814621 0
0 0 0
-0 0 0
-0 0 0
0.4553418012614795 0 0
0 -0 0
0 0 0
0 0.4553418012614795 0
0 -0 0
-0 0 0
0 0 0
0.12200846792814621 0 0
-0 0 0
0 0 0
0 0 -0
0 0 -0
0 0 0.4553418012614795
0 0 0
-0 0 0
-0 0 0
0.66666666666666663 0 0
0 0 0
0 -0 0
0 -0 0
0 0.66666666666666663 0
0 0 0
0 0 -0
0 0 -0
0 0 0.66666666666666663
PROBE vphys_center
0 0 0
0 0 0
0 0 0
0 0 0
0 0 0
0 0 0
0 0 0
0 0 0
0 0 0
0 0 0
0 0 0
0 0 0
0 0 0
0 0 0
0 0 0
0 0 0
0 0 0
0 0 0
0 0 0
0 0 0
0 0 0
0 0 0
0 0 0
0 0 0
-4.5068298326577381 16.972248465060019 0
-4.5068298326577381 16.972248465060019 0
-4.5068298326577381 16.972248465060019 0
-4.5068298326577381 16.972248465060019 0
20.357380176572928 5.1647186636176361 0
20.357380176572928 5.1647186636176361 0
20.357380176572928 5.1647186636176361 0
20.357380176572928 5.1647186636176361 0
0 0 -40.97600803496433
0 0 -40.97600803496433
0 0 -40.97600803496433
0 0 -40.97600803496433
PROBE divphys_center
245.85703163791257 245.85703163791257 245.85703163791257 245.85703163791257 245.85703163791257 245.85703163791257 245.85703163791257 245.85703163791257 245.85703163791257 245.85703163791257 245.85703163791257 245.85703163791257 245.85703163791257 245.85703163791257 245.85703163791257 245.85703163791257 245.85703163791257 245.85703163791257 245.85703163791257 245.85703163791257 245.85703163791257 245.85703163791257 245.85703163791257 245.85703163791257 0 0 0 0 0 0 0 0 0 0 0 0 
MASSDEF order=9 npoints=125
D667RT mesh=d667_curved_hex_w6.mesh INTEG=mass RULE=default n=36
0.11304726763853756 0.062453042744859501 0.26840150654644818 -0.020191770129730162 0.0023559785557617664 -0.0031032744594388958 1.8439925833402094e-05 2.5932511971027782e-05 0.00050565129023169987 -0.00029330620017491333 -6.1506723414939799e-05 -8.5095365984825221e-05 0.041698069594581062 -0.15400988159974585 -0.013205147562489611 0.030482398120324602 -0.10492565129827583 0.01410109498252634 0.0019393397248235477 -0.00044110600431366154 0.0080723244384291043 -0.00077253526298485154 0.25348198204521966 -0.00030654387015320366 -0.0088226709112721787 0.068349802908643426 0.00022138229347364589 -0.0011669597730978383 0.031580933986622671 -0.021835032205228536 -0.0025230204034357886 0.0012863875818061911 -0.01614464887685868 0.0015450705259697694 -0.50696396409043765 0.00061308774030615807
0.062453042744859501 0.62444587068076252 -0.020191770129730176 0.21404320415877107 -0.0031032744594388963 0.01952089865950447 2.5932511971027728e-05 -0.00023883837089271227 0.0082777596059764921 -0.086258359008634405 9.8931389789226658e-05 0.0019420259123521331 -0.12884593638532757 0.041698069594581076 0.060196737708481114 -0.013205147562489614 0.0047085796937102187 -0.001054706721170418 -8.4375604205827193e-05 8.31958602175371e-05 -0.00077253526298485154 0.0081487746889674726 -0.00030654387015319586 0.26800987881908095 0.0060597403292116016 -0.059543854717136198 3.0148914298470298e-05 0.0012113937750978581 -0.021835032205228536 0.12144213559399221 0.0012863875818061906 -0.0065663933478193517 0.0015450705259697705 -0.016297549377934737 0.00061308774030616458 -0.53601975763816345
0.26840150654644818 -0.020191770129730176 0.97046675752187384 -0.0012841938393245787 0.013498011923791915 -0.0003069316649647981 -0.0004722132277080651 0.00016211930147479617 0.00013125365055259507 0.00050565129023169997 -2.9232935542163531e-06 -6.150672341493984e-05 -0.014358480625002506 0.047239583351232212 0.0036076808731815976 -0.0082758231868912176 0.014101094982526343 0.014481947170993159 -0.00044110600431366252 -0.00034107364667131741 0.25664057159958387 -0.00092596064404253228 0.0080723244384291112 -0.00077253526298485089 -0.0095177607924437704 -0.008822670911272177 0.00022551587035901945 0.00022138229347364583 -0.0010548333039174943 -0.0044290460727808463 -0.0019324098825883127 0.00090733057012646506 -0.51328114319916807 0.0018519212880850457 -0.016144648876858701 0.001545070525969766
-0.020191770129730162 0.21404320415877107 -0.0012841938393245787 0.80228932295163602 -0.00030693166496479816 -0.011427819154932347 0.00016211930147479626 -0.00064483572636791391 0.011532072808205108 0.0082777596059764921 -0.00027472432390836894 9.8931389789226292e-05 0.05098298834817179 -0.014358480625002504 -0.016541288838999357 0.0036076808731815972 -0.0010547067211704182 -0.0006591628027297359 8.3195860217537046e-05 1.4854953898467728e-05 -0.00092596064404253358 0.21403379194270752 -0.00077253526298485045 0.0081487746889674691 0.0080835489159126819 0.0060597403292116025 -0.00019268162902396624 3.0148914298470135e-05 -0.0044290460727808463 0.031509450181892038 0.00090733057012646527 -0.0043172511911938284 0.0018519212880850466 -0.42806758388541477 0.0015450705259697683 -0.016297549377934768
0.0023559785557617664 -0.0031032744594388963 0.013498011923791915 -0.00030693166496479816 0.28747853514295457 -0.0039073530481860989 0.0093364715687449425 0.0012328846096673271 0.026721798025717607 -8.8362137316911238e-05 -0.00015182481027363999 -0.00040567789326362443 -0.004006234749321767 0.073187888745916418 0.0011702973049287206 0.0041691850121477947 -0.011633183725291794 0.074908465829892246 0.0016708019037957132 0.0032989386671647995 -0.00047221322770787103 0.00016211930147477907 1.8439925833357493e-05 2.5932511971034572e-05 -0.13186983625021909 0.010170421779617314 -0.0010847329560974542 -0.00081463306310364486 -0.084476215223748152 -0.0099743247128033716 -0.016121641815846768 0.003803745634663677 -0.0085911199992821201 -0.00021822859531072633 -0.0017750748186249477 0.0022009056338673696
-0.0031032744594388958 0.01952089865950447 -0.0003069316649647981 -0.011427819154932347 -0.0039073530481860989 0.47009821110346872 0.0012328846096673282 -0.015200995606878197 -0.12069906703273307 -0.0093102704618539846 0.0037611560491082039 0.0042129415132055661 0.13530096973440336 -0.0040062347493217687 -0.0054116977248927674 0.0011702973049287206 0.00053406059570879419 -0.025691082438267128 0.00027548636212491596 -2.7974036054275532e-05 0.00016211930147477907 -0.00064483572636767073 2.5932511971034789e-05 -0.00023883837089265546 -0.16257491548675534 -0.0039435799381827945 0.0035923954991528332 0.0031368761790540726 -0.0099743247128033629 -0.055259963987290772 0.0038037456346636787 -0.037871292256761488 -0.00021822859531072636 0.010127468208091439 0.00220090563386737 -0.013637771064084531
1.8439925833402094e-05 2.5932511971027728e-05 -0.0004722132277080651 0.00016211930147479626 0.0093364715687449425 0.0012328846096673282 0.28747853514295507 -0.0039073530481861162 -0.00015182481027363983 -0.00040567789326362465 0.026721798025717645 -8.8362137316938506e-05 0.0011702973049287197 0.0041691850121477921 -0.0040062347493217028 0.073187888745916599 0.0016708019037957136 0.0032989386671647995 -0.011633183725291821 0.074908465829892454 0.013498011923791195 -0.00030693166496473375 0.0023559785557619333 -0.0031032744594389193 -0.0010847329560974561 -0.00081463306310364508 -0.13186983625021931 0.010170421779617318 -0.016121641815846764 0.0038037456346636778 -0.084476215223748166 -0.0099743247128032311 0.0085911199992812475 0.0002182285953108309 0.0017750748186250802 -0.0022009056338673869
2.5932511971027782e-05 -0.00023883837089271227 0.00016211930147479617 -0.00064483572636791391 0.0012328846096673271 -0.015200995606878197 -0.0039073530481861162 0.47009821110346833 0.0037611560491082026 0.0042129415132055661 -0.12069906703273311 -0.0093102704618538597 -0.0054116977248927674 0.0011702973049287193 0.13530096973440278 -0.0040062347493217028 0.00027548636212491553 -2.797403605427522e-05 0.00053406059570880807 -0.025691082438267166 -0.00030693166496473332 -0.011427819154933247 -0.0031032744594389193 0.019520898659504248 0.0035923954991528288 0.0031368761790540726 -0.16257491548675534 -0.0039435799381827581 0.003803745634663677 -0.037871292256761495 -0.0099743247128032241 -0.05525996398729157 0.00021822859531083117 -0.010127468208092624 -0.0022009056338673861 0.013637771064084659
0.00050565129023169987 0.0082777596059764921 0.00013125365055259507 0.011532072808205108 0.026721798025717607 -0.12069906703273307 -0.00015182481027363983 0.0037611560491082026 0.15278013449017516 0.012984233696516471 -0.0016067723394167992 -0.0020108481492398843 0.00053756495467919066 0.0018621492129904228 -0.0002845629304841932 -0.00040193855782752512 0.0030051695122921109 0.043087141484470307 -0.00040474472800396908 -0.00068116859374006472 -2.9232935541631883e-06 -0.00027472432390848034 -6.1506723414930624e-05 9.893138978918966e-05 0.072531495726831097 0.0067034045436532861 -0.00054286777198476045 -0.0010836627421190119 -0.017673219697045814 0.052030995494115578 -2.4704555485366505e-05 0.004578083655798636 -8.809775436795636e-05 -0.0076915024011967479 -0.0002021229419856421 -0.006330026187783752
-0.00029330620017491333 -0.086258359008634405 0.00050565129023169997 0.0082777596059764921 -8.8362137316911238e-05 -0.0093102704618539846 -0.00040567789326362465 0.0042129415132055661 0.012984233696516471 0.077369201740278837 -0.0020108481492398847 0.0099840074434777212 -0.15745168915181113 0.019442390565630855 0.020546071140225195 -0.00016578020010770691 0.020018056092688089 0.0030051695122921118 0.0034565208434775272 -0.00040474472800396919 -6.1506723414930678e-05 9.8931389789189226e-05 -8.5095365984746182e-05 0.0019420259123519171 0.0067034045436532861 0.03804360106413298 -0.0010836627421190121 0.0043017552366785916 0.020967388254561833 -0.17555696736211479 -0.0024636567372324377 0.033104738828870543 -0.00020212294198564213 -0.0063300261877837528 0.00044719990406200832 0.057839787909676046
-6.1506723414939799e-05 9.8931389789226658e-05 -2.9232935542163531e-06 -0.00027472432390836894 -0.00015182481027363999 0.0037611560491082039 0.026721798025717645 -0.12069906703273311 -0.0016067723394167992 -0.0020108481492398847 0.15278013449017505 0.012984233696516455 -0.00028456293048419363 -0.00040193855782752496 0.0005375649546792054 0.0018621492129904105 -0.00040474472800396919 -0.00068116859374006461 0.0030051695122921078 0.043087141484470272 0.00013125365055239623 0.011532072808205528 0.00050565129023166485 0.0082777596059766378 -0.00054286777198476208 -0.0010836627421190123 0.072531495726831083 0.00670340454365328 -2.4704555485366383e-05 0.0045780836557986378 -0.01767321969704581 0.052030995494115537 8.8097754367709352e-05 0.0076915024011971946 0.00020212294198567447 0.0063300261877836401
-8.5095365984825221e-05 0.0019420259123521331 -6.150672341493984e-05 9.8931389789226292e-05 -0.00040567789326362443 0.0042129415132055661 -8.8362137316938506e-05 -0.0093102704618538597 -0.0020108481492398843 0.0099840074434777212 0.012984233696516455 0.077369201740278726 0.020546071140225199 -0.00016578020010770604 -0.15745168915181068 0.019442390565630834 0.0034565208434775272 -0.0004047447280039693 0.020018056092688079 0.0030051695122921078 0.00050565129023166463 0.0082777596059766378 -0.00029330620017521073 -0.086258359008633628 -0.0010836627421190119 0.0043017552366785899 0.00670340454365328 0.038043601064132911 -0.0024636567372324368 0.033104738828870543 0.020967388254561743 -0.17555696736211404 0.00020212294198567458 0.0063300261877836427 -0.00044719990406242433 -0.057839787909675228
0.041698069594581062 -0.12884593638532757 -0.014358480625002506 0.05098298834817179 -0.004006234749321767 0.13530096973440336 0.0011702973049287197 -0.0054116977248927674 0.00053756495467919066 -0.15745168915181113 -0.00028456293048419363 0.020546071140225199 0.10976136155783822 0.02996476730793329 0.30370187665238635 -0.018434445717233412 -0.015197843639087162 -0.002277594266518405 -0.00091832813983851657 0.00051405602521163935 0.0036076808731815659 -0.016541288838999364 -0.013205147562489484 0.060196737708481579 -0.0034522607966714623 -0.16440854348560685 0.00041168252958366047 0.013762956659440452 -0.025999263710090422 0.48594391495032224 0.0084849348543785518 -0.059518083156332502 0.00065476989396859927 0.0078695037382643367 0.0055520285413895787 -0.070138774086620392
-0.15400988159974585 0.041698069594581076 0.047239583351232212 -0.014358480625002504 0.073187888745916418 -0.0040062347493217687 0.0041691850121477921 0.0011702973049287193 0.0018621492129904228 0.019442390565630855 -0.00040193855782752496 -0.00016578020010770604 0.02996476730793329 0.015593242483947773 -0.018434445717233409 0.19960114643670263 -0.028172575113718169 0.0159872979505081 0.023354618286431861 -0.0037031012538442237 -0.0082758231868910598 0.0036076808731815664 0.030482398120324033 -0.013205147562489484 -0.01441428303738718 -0.040118468784075101 0.0030245446987254188 -0.015412739422532079 0.20827533975991744 -0.025999263710090415 0.00055509823274441116 0.0084849348543785535 -0.01197180572044379 0.00065476989396859894 0.029463597797413386 0.0055520285413895813
-0.013205147562489611 0.060196737708481114 0.0036076808731815976 -0.016541288838999357 0.0011702973049287206 -0.0054116977248927674 -0.0040062347493217028 0.13530096973440278 -0.0002845629304841932 0.020546071140225195 0.0005375649546792054 -0.15745168915181068 0.30370187665238635 -0.018434445717233409 0.10976136155783339 0.029964767307933377 -0.00091832813983851668 0.00051405602521163946 -0.015197843639087213 -0.0022775942665183842 -0.014358480625002388 0.050982988348171776 0.041698069594580611 -0.12884593638532921 0.00041168252958366047 0.013762956659440453 -0.0034522607966714471 -0.16440854348560668 0.0084849348543785535 -0.059518083156332516 -0.025999263710090037 0.48594391495031941 -0.00065476989396857856 -0.0078695037382645709 -0.0055520285413896246 0.070138774086620545
0.030482398120324602 -0.013205147562489614 -0.0082758231868912176 0.0036076808731815972 0.0041691850121477947 0.0011702973049287206 0.073187888745916599 -0.0040062347493217028 -0.00040193855782752512 -0.00016578020010770691 0.0018621492129904105 0.019442390565630834 -0.018434445717233412 0.19960114643670263 0.029964767307933377 0.015593242483950852 0.023354618286431861 -0.0037031012538442242 -0.028172575113717679 0.015987297950508003 0.047239583351231608 -0.014358480625002387 -0.15400988159974366 0.041698069594580597 0.0030245446987254183 -0.015412739422532082 -0.014414283037387133 -0.04011846878407542 0.00055509823274440618 0.0084849348543785605 0.20827533975991819 -0.025999263710090044 0.01197180572044308 -0.00065476989396857791 -0.029463597797411138 -0.0055520285413896212
-0.10492565129827583 0.0047085796937102187 0.014101094982526343 -0.0010547067211704182 -0.011633183725291794 0.00053406059570879419 0.0016708019037957136 0.00027548636212491553 0.0030051695122921109 0.020018056092688089 -0.00040474472800396919 0.0034565208434775272 -0.015197843639087162 -0.028172575113718169 -0.00091832813983851668 0.023354618286431861 0.083285906703315607 0.010841158335033687 0.017920062741934646 -0.0011715240367493136 -0.00044110600431359205 8.3195860217517544e-05 0.0019393397248235525 -8.4375604205802934e-05 -0.0053172735055151601 -0.042028623306619363 0.00053531616989686468 -0.0095243281372315251 -0.035738396611495943 -0.016496884864940255 0.018978181615539713 0.001321542859911612 -0.0091175939542551699 0.00054480358988740374 0.07151253310623773 -0.0032164011296731969
0.01410109498252634 -0.001054706721170418 0.014481947170993159 -0.0006591628027297359 0.074908465829892246 -0.025691082438267128 0.0032989386671647995 -2.797403605427522e-05 0.043087141484470307 0.0030051695122921118 -0.00068116859374006461 -0.0004047447280039693 -0.002277594266518405 0.0159872979505081 0.00051405602521163946 -0.0037031012538442242 0.010841158335033687 0.19419740489849316 -0.0011715240367493138 -0.0041761431900556268 -0.0003410736466711215 1.4854953898438265e-05 -0.00044110600431359172 8.3195860217517544e-05 -0.099817070211050074 -0.0053172735055151627 0.0021818066029755069 0.00053531616989686403 -0.081847104437971205 0.018199309063970017 0.0050187688035979346 -0.00014278578495457829 -0.0096696905898670873 0.00044195617326304727 -0.0091175939542551682 0.00054480358988740353
0.0019393397248235477 -8.4375604205827193e-05 -0.00044110600431366252 8.3195860217537046e-05 0.0016708019037957132 0.00027548636212491596 -0.011633183725291821 0.00053406059570880807 -0.00040474472800396908 0.0034565208434775272 0.0030051695122921078 0.020018056092688079 -0.00091832813983851657 0.023354618286431861 -0.015197843639087213 -0.028172575113717679 0.017920062741934646 -0.0011715240367493138 0.083285906703315829 0.010841158335033659 0.014101094982526079 -0.0010547067211703455 -0.1049256512982758 0.0047085796937101267 0.00053531616989686457 -0.0095243281372315233 -0.0053172735055151462 -0.042028623306619411 0.018978181615539703 0.0013215428599116115 -0.035738396611495832 -0.01649688486494021 0.0091175939542552913 -0.00054480358988743237 -0.071512533106239493 0.0032164011296734827
-0.00044110600431366154 8.31958602175371e-05 -0.00034107364667131741 1.4854953898467728e-05 0.0032989386671647995 -2.7974036054275532e-05 0.074908465829892454 -0.025691082438267166 -0.00068116859374006472 -0.00040474472800396919 0.043087141484470272 0.0030051695122921078 0.00051405602521163935 -0.0037031012538442237 -0.0022775942665183842 0.015987297950508003 -0.0011715240367493136 -0.0041761431900556268 0.010841158335033659 0.19419740489849305 0.014481947170992439 -0.00065916280272962694 0.014101094982526079 -0.0010547067211703442 0.0021818066029755077 0.00053531616989686392 -0.099817070211049991 -0.0053172735055151479 0.0050187688035979328 -0.00014278578495457813 -0.081847104437971344 0.018199309063970021 0.0096696905898659719 -0.00044195617326287401 0.0091175939542552896 -0.00054480358988743172
0.0080723244384291043 -0.00077253526298485154 0.25664057159958387 -0.00092596064404253358 -0.00047221322770787103 0.00016211930147477907 0.013498011923791195 -0.00030693166496473332 -2.9232935541631883e-06 -6.1506723414930678e-05 0.00013125365055239623 0.00050565129023166463 0.0036076808731815659 -0.0082758231868910598 -0.014358480625002388 0.047239583351231608 -0.00044110600431359205 -0.0003410736466711215 0.014101094982526079 0.014481947170992439 0.97046675752187361 -0.0012841938393245429 0.26840150654644684 -0.020191770129729818 0.00022551587035880792 0.00022138229347362989 -0.0095177607924429777 -0.008822670911272118 -0.0019324098825884591 0.00090733057012645074 -0.0010548333039169487 -0.0044290460727807917 0.51328114319916773 -0.0018519212880850709 0.016144648876857751 -0.0015450705259696382
-0.00077253526298485154 0.0081487746889674726 -0.00092596064404253228 0.21403379194270752 0.00016211930147477907 -0.00064483572636767073 -0.00030693166496473375 -0.011427819154933247 -0.00027472432390848034 9.8931389789189226e-05 0.011532072808205528 0.0082777596059766378 -0.016541288838999364 0.0036076808731815664 0.050982988348171776 -0.014358480625002387 8.3195860217517544e-05 1.4854953898438265e-05 -0.0010547067211703455 -0.00065916280272962694 -0.0012841938393245429 0.80228932295163657 -0.020191770129729829 0.21404320415877121 -0.00019268162902405045 3.0148914298450396e-05 0.0080835489159129907 0.0060597403292116754 0.00090733057012645085 -0.0043172511911939168 -0.0044290460727807917 0.031509450181892371 -0.0018519212880850756 0.42806758388541499 -0.0015450705259696369 0.016297549377935129
0.25348198204521966 -0.00030654387015319586 0.0080723244384291112 -0.00077253526298485045 1.8439925833357493e-05 2.5932511971034789e-05 0.0023559785557619333 -0.0031032744594389193 -6.1506723414930624e-05 -8.5095365984746182e-05 0.00050565129023166485 -0.00029330620017521073 -0.013205147562489484 0.030482398120324033 0.041698069594580611 -0.15400988159974366 0.0019393397248235525 -0.00044110600431359172 -0.1049256512982758 0.014101094982526079 0.26840150654644684 -0.020191770129729829 0.11304726763854554 0.062453042744858266 0.00022138229347362957 -0.001166959773098012 -0.0088226709112721163 0.068349802908644022 -0.0025230204034358975 0.0012863875818061885 0.031580933986623094 -0.021835032205228505 0.016144648876857778 -0.0015450705259696395 0.50696396409044087 -0.00061308774030664065
-0.00030654387015320366 0.26800987881908095 -0.00077253526298485089 0.0081487746889674691 2.5932511971034572e-05 -0.00023883837089265546 -0.0031032744594389193 0.019520898659504248 9.893138978918966e-05 0.0019420259123519171 0.0082777596059766378 -0.086258359008633628 0.060196737708481579 -0.013205147562489484 -0.12884593638532921 0.041698069594580597 -8.4375604205802934e-05 8.3195860217517544e-05 0.0047085796937101267 -0.0010547067211703442 -0.020191770129729818 0.21404320415877121 0.062453042744858266 0.6244458706807563 3.0148914298450667e-05 0.0012113937750978128 0.0060597403292116745 -0.059543854717136031 0.0012863875818061872 -0.0065663933478187671 -0.021835032205228519 0.12144213559399 -0.0015450705259696363 0.016297549377935112 -0.00061308774030665453 0.53601975763816012
-0.0088226709112721787 0.0060597403292116016 -0.0095177607924437704 0.0080835489159126819 -0.13186983625021909 -0.16257491548675534 -0.0010847329560974561 0.0035923954991528288 0.072531495726831097 0.0067034045436532861 -0.00054286777198476208 -0.0010836627421190119 -0.0034522607966714623 -0.01441428303738718 0.00041168252958366047 0.0030245446987254183 -0.0053172735055151601 -0.099817070211050074 0.00053531616989686457 0.0021818066029755077 0.00022551587035880792 -0.00019268162902405045 0.00022138229347362957 3.0148914298450667e-05 0.68345092904116145 0.048640216396824969 -0.010049556433519066 -0.0066191280055323343 0.10967756747493652 0.0892879637237841 -0.004222101697982635 0.0023456897751790704 0.0063513636586222744 -0.0053911525117377596 0.0058538156918450691 -0.0045184061673135484
0.068349802908643426 -0.059543854717136198 -0.008822670911272177 0.0060597403292116025 0.010170421779617314 -0.0039435799381827945 -0.00081463306310364508 0.0031368761790540726 0.0067034045436532861 0.03804360106413298 -0.0010836627421190123 0.0043017552366785899 -0.16440854348560685 -0.040118468784075101 0.013762956659440453 -0.015412739422532082 -0.042028623306619363 -0.0053172735055151627 -0.0095243281372315233 0.00053531616989686392 0.00022138229347362989 3.0148914298450396e-05 -0.001166959773098012 0.0012113937750978128 0.048640216396824969 0.31892202167967426 -0.0066191280055323326 0.054650156945459633 -0.027821054694321407 -0.17028635413090798 -0.010261498806847302 0.024745532024158842 0.00585381569184507 -0.0045184061673135484 -0.046847335025953098 0.040279537589903457
0.00022138229347364589 3.0148914298470298e-05 0.00022551587035901945 -0.00019268162902396624 -0.0010847329560974542 0.0035923954991528332 -0.13186983625021931 -0.16257491548675534 -0.00054286777198476045 -0.0010836627421190121 0.072531495726831083 0.00670340454365328 0.00041168252958366047 0.0030245446987254188 -0.0034522607966714471 -0.014414283037387133 0.00053531616989686468 0.0021818066029755069 -0.0053172735055151462 -0.099817070211049991 -0.0095177607924429777 0.0080835489159129907 -0.0088226709112721163 0.0060597403292116745 -0.010049556433519066 -0.0066191280055323326 0.68345092904116111 0.04864021639682492 -0.0042221016979826324 0.0023456897751790683 0.10967756747493664 0.089287963723784086 -0.0063513636586215267 0.0053911525117378099 -0.0058538156918451654 0.0045184061673134669
-0.0011669597730978383 0.0012113937750978581 0.00022138229347364583 3.0148914298470135e-05 -0.00081463306310364486 0.0031368761790540726 0.010170421779617318 -0.0039435799381827581 -0.0010836627421190119 0.0043017552366785916 0.00670340454365328 0.038043601064132911 0.013762956659440452 -0.015412739422532079 -0.16440854348560668 -0.04011846878407542 -0.0095243281372315251 0.00053531616989686403 -0.042028623306619411 -0.0053172735055151479 -0.008822670911272118 0.0060597403292116754 0.068349802908644022 -0.059543854717136031 -0.0066191280055323343 0.054650156945459633 0.04864021639682492 0.31892202167967415 -0.0102614988068473 0.024745532024158839 -0.027821054694321543 -0.17028635413090762 -0.0058538156918451654 0.0045184061673134678 0.04684733502595418 -0.040279537589903464
0.031580933986622671 -0.021835032205228536 -0.0010548333039174943 -0.0044290460727808463 -0.084476215223748152 -0.0099743247128033629 -0.016121641815846764 0.003803745634663677 -0.017673219697045814 0.020967388254561833 -2.4704555485366383e-05 -0.0024636567372324368 -0.025999263710090422 0.20827533975991744 0.0084849348543785535 0.00055509823274440618 -0.035738396611495943 -0.081847104437971205 0.018978181615539703 0.0050187688035979328 -0.0019324098825884591 0.00090733057012645085 -0.0025230204034358975 0.0012863875818061872 0.10967756747493652 -0.027821054694321407 -0.0042221016979826324 -0.0102614988068473 1.2237764218553639 -0.071458175611860478 -0.080840128872951625 0.026469915300605548 0.0060516335522632437 0.00076341353749300768 -0.016225828297966909 0.012469876727409806
-0.021835032205228536 0.12144213559399221 -0.0044290460727808463 0.031509450181892038 -0.0099743247128033716 -0.055259963987290772 0.0038037456346636778 -0.037871292256761495 0.052030995494115578 -0.17555696736211479 0.0045780836557986378 0.033104738828870543 0.48594391495032224 -0.025999263710090415 -0.059518083156332516 0.0084849348543785605 -0.016496884864940255 0.018199309063970017 0.0013215428599116115 -0.00014278578495457813 0.00090733057012645074 -0.0043172511911939168 0.0012863875818061885 -0.0065663933478187671 0.0892879637237841 -0.17028635413090798 0.0023456897751790683 0.024745532024158839 -0.071458175611860478 1.8461119116420577 0.026469915300605558 -0.22399100377234979 0.00076341353749300746 -0.011271568848326263 0.012469876727409811 -0.070962093185746575
-0.0025230204034357886 0.0012863875818061906 -0.0019324098825883127 0.00090733057012646527 -0.016121641815846768 0.0038037456346636787 -0.084476215223748166 -0.0099743247128032241 -2.4704555485366505e-05 -0.0024636567372324377 -0.01767321969704581 0.020967388254561743 0.0084849348543785518 0.00055509823274441116 -0.025999263710090037 0.20827533975991819 0.018978181615539713 0.0050187688035979346 -0.035738396611495832 -0.081847104437971344 -0.0010548333039169487 -0.0044290460727807917 0.031580933986623094 -0.021835032205228519 -0.004222101697982635 -0.010261498806847302 0.10967756747493664 -0.027821054694321543 -0.080840128872951625 0.026469915300605558 1.2237764218553653 -0.071458175611859798 -0.0060516335522623997 -0.00076341353749308075 0.01622582829796719 -0.012469876727409818
0.0012863875818061911 -0.0065663933478193517 0.00090733057012646506 -0.0043172511911938284 0.003803745634663677 -0.037871292256761488 -0.0099743247128032311 -0.05525996398729157 0.004578083655798636 0.033104738828870543 0.052030995494115537 -0.17555696736211404 -0.059518083156332502 0.0084849348543785535 0.48594391495031941 -0.025999263710090044 0.001321542859911612 -0.00014278578495457829 -0.01649688486494021 0.018199309063970021 -0.0044290460727807917 0.031509450181892371 -0.021835032205228505 0.12144213559399 0.0023456897751790704 0.024745532024158842 0.089287963723784086 -0.17028635413090762 0.026469915300605548 -0.22399100377234979 -0.071458175611859798 1.8461119116420539 -0.00076341353749308054 0.011271568848326906 -0.012469876727409816 0.070962093185746117
-0.01614464887685868 0.0015450705259697705 -0.51328114319916807 0.0018519212880850466 -0.0085911199992821201 -0.00021822859531072636 0.0085911199992812475 0.00021822859531083117 -8.809775436795636e-05 -0.00020212294198564213 8.8097754367709352e-05 0.00020212294198567458 0.00065476989396859927 -0.01197180572044379 -0.00065476989396857856 0.01197180572044308 -0.0091175939542551699 -0.0096696905898670873 0.0091175939542552913 0.0096696905898659719 0.51328114319916773 -0.0018519212880850756 0.016144648876857778 -0.0015450705259696363 0.0063513636586222744 0.00585381569184507 -0.0063513636586215267 -0.0058538156918451654 0.0060516335522632437 0.00076341353749300746 -0.0060516335522623997 -0.00076341353749308054 4.2119708384862395 -0.01447602877715265 -0.21092866302939201 0.012880937343254744
0.0015450705259697694 -0.016297549377934737 0.0018519212880850457 -0.42806758388541477 -0.00021822859531072633 0.010127468208091439 0.0002182285953108309 -0.010127468208092624 -0.0076915024011967479 -0.0063300261877837528 0.0076915024011971946 0.0063300261877836427 0.0078695037382643367 0.00065476989396859894 -0.0078695037382645709 -0.00065476989396857791 0.00054480358988740374 0.00044195617326304727 -0.00054480358988743237 -0.00044195617326287401 -0.0018519212880850709 0.42806758388541499 -0.0015450705259696395 0.016297549377935112 -0.0053911525117377596 -0.0045184061673135484 0.0053911525117378099 0.0045184061673134678 0.00076341353749300768 -0.011271568848326263 -0.00076341353749308075 0.011271568848326906 -0.01447602877715265 3.5711206314559529 0.012880937343254757 -0.14068155274437344
-0.50696396409043765 0.00061308774030616458 -0.016144648876858701 0.0015450705259697683 -0.0017750748186249477 0.00220090563386737 0.0017750748186250802 -0.0022009056338673861 -0.0002021229419856421 0.00044719990406200832 0.00020212294198567447 -0.00044719990406242433 0.0055520285413895787 0.029463597797413386 -0.0055520285413896246 -0.029463597797411138 0.07151253310623773 -0.0091175939542551682 -0.071512533106239493 0.0091175939542552896 0.016144648876857751 -0.0015450705259696369 0.50696396409044087 -0.00061308774030665453 0.0058538156918450691 -0.046847335025953098 -0.0058538156918451654 0.04684733502595418 -0.016225828297966909 0.012469876727409811 0.01622582829796719 -0.012469876727409816 -0.21092866302939201 0.012880937343254757 4.9893598909811274 -0.078278419937782104
0.00061308774030615807 -0.53601975763816345 0.001545070525969766 -0.016297549377934768 0.0022009056338673696 -0.013637771064084531 -0.0022009056338673869 0.013637771064084659 -0.006330026187783752 0.057839787909676046 0.0063300261877836401 -0.057839787909675228 -0.070138774086620392 0.0055520285413895813 0.070138774086620545 -0.0055520285413896212 -0.0032164011296731969 0.00054480358988740353 0.0032164011296734827 -0.00054480358988743172 -0.0015450705259696382 0.016297549377935129 -0.00061308774030664065 0.53601975763816012 -0.0045184061673135484 0.040279537589903457 0.0045184061673134669 -0.040279537589903464 0.012469876727409806 -0.070962093185746575 -0.012469876727409818 0.070962093185746117 0.012880937343254744 -0.14068155274437344 -0.078278419937782104 4.2224610196974188
D667RT mesh=d667_curved_hex_w6.mesh INTEG=mass RULE=o4 NPT=27 n=36
3.5388079294702761 -0.19730421027862333 -0.3940142815665803 0.029398114219139588 0.033018329683212062 -0.022469325354608782 -0.00063520287777032655 0.0004322623301585512 -0.00082465176637555799 0.0053077242837419438 1.586455705622318e-05 -0.00010210939716797729 -0.17581570634554214 0.27483274166511479 0.0033823225977635679 -0.0052872010815235848 -0.09191837766158191 0.0109995838224573 0.0017683153136704589 -0.00021160874475900551 -0.09850357039164459 0.0073495285547846203 0.88470198236756559 -0.049326052569654021 -0.0078828237258885669 0.064817401296882876 0.00015164886787681932 -0.0012469498072256318 0.16120960798793521 -0.1022309206606222 -0.0031013321358355156 0.0019667068450700074 0.1970071407832904 -0.014699057109569976 -1.7694039647351403 0.098652105139312884
-0.19730421027862333 4.1726446211329886 0.029398114219139602 -0.47364837085253242 -0.022469325354608778 0.1242669477990487 0.00043226233015855164 -0.0023906334333392808 0.015268877719446582 -0.1165671813866951 -0.00029374093604292526 0.002242506201277911 0.95587720275367316 -0.17581570634554208 -0.018389057102819073 0.0033823225977635679 -0.0012969027687953975 0.00031930208557384189 2.4949668224637754e-05 -6.1426972709012788e-06 0.0073495285547846151 -0.11841209271313172 -0.049326052569653986 1.0431611552832378 0.0099663837559151713 -0.076846852411932801 -0.00019173215918134845 0.0014783710220355132 -0.10223092066062217 0.5544068366364161 0.0019667068450700126 -0.010665615779653193 -0.014699057109569987 0.23682418542626715 0.098652105139312898 -2.0863223105665001
-0.3940142815665803 0.029398114219139602 1.0867547014125121 -0.0089238242860517104 0.0080691329977072724 0.0042177969135422985 -0.00015523306449550834 -8.1141498162955834e-05 0.00046483808088680514 -0.00082465176637555961 -8.9425022255540352e-06 1.5864557056223234e-05 0.025770506454208794 -0.038460763829231838 -0.00049577007735914858 0.00073990380797469809 0.0109995838224573 0.014921290904379214 -0.00021160874475900486 -0.0002870541003569173 0.27168867535312841 -0.0022309560715129311 -0.098503570391644577 0.0073495285547846203 -0.0096376352156611941 -0.0078828237258885651 0.0001854077320875692 0.00015164886787681913 -0.031019931217959283 0.014368473027111004 0.00059675791498013512 -0.00027641905279746082 -0.54337735070625581 0.0044619121430258639 0.19700714078329043 -0.014699057109569983
0.029398114219139588 -0.47364837085253242 -0.0089238242860517104 0.92081721621575652 0.0042177969135422985 -0.037593711392504878 -8.1141498162955726e-05 0.00072322355163642691 0.0096850373505687447 0.015268877719446586 -0.00018631964897722594 -0.00029374093604292483 -0.14193278135022896 0.025770506454208794 0.0027304867335390427 -0.00049577007735914815 0.00031930208557384276 -0.00093821183022130598 -6.142697270901333e-06 1.8049212671626623e-05 -0.0022309560715129293 0.2302043040539393 0.0073495285547846186 -0.11841209271313173 0.0070821661205271065 0.009966383755915173 -0.00013624590776590878 -0.00019173215918134867 0.014368473027111001 -0.069559379971816104 -0.00027641905279746103 0.0013381754546017421 0.004461912143025863 -0.46040860810787831 -0.014699057109569966 0.23682418542626721
0.033018329683212062 -0.022469325354608778 0.0080691329977072724 0.0042177969135422985 0.28570526254189327 -0.0047661106756781129 0.0076509979376939525 0.0012652292999762599 0.026987659067406435 0.00052214094331136363 -0.00015551371195248462 -0.00057699845524676 -0.025174128551366286 0.18479313871048267 0.0071458880632343808 -0.028884550557463026 -0.010452542694638692 0.075677425118201483 0.0012496025435903614 0.0031746015709768391 -0.0001552330644959862 -8.1141498162873326e-05 -0.00063520287777037133 0.00043226233015836949 -0.13328240225319943 0.0084276838734938121 -0.001034471397015747 -7.1115041422100951e-06 -0.06727474922094033 -0.013605345250458771 -0.024357032330104646 0.0039204391755054127 -0.0054829107081344527 -0.002865958941136797 -0.022435688373988322 0.015267725123178099
-0.022469325354608782 0.1242669477990487 0.0042177969135422985 -0.037593711392504878 -0.0047661106756781129 0.46771578096435928 0.0012652292999762607 -0.018161518792928315 -0.1224062274547551 -0.012688410094342774 0.0038322988999442953 0.0051004634214988544 0.4614781509614716 -0.025174128551366269 -0.099508729536981311 0.0071458880632343773 -7.6957920822419862e-05 -0.026088695673324367 0.00045483660715342473 2.0715756208452107e-05 -8.1141498162873164e-05 0.00072322355163589565 0.00043226233015836862 -0.0023906334333384811 -0.16503424607362321 -0.0072964066674864594 0.0037266608874276909 0.0043077070379794885 -0.013605345250458777 -0.0041584200019250924 0.0039204391755054135 -0.054231473829368639 -0.002865958941136797 0.025544623296094773 0.015267725123178096 -0.084438387488258146
-0.00063520287777032655 0.00043226233015855164 -0.00015523306449550834 -8.1141498162955726e-05 0.0076509979376939525 0.0012652292999762607 0.28570526254189227 -0.0047661106756779151 -0.0001555137119524846 -0.00057699845524675989 0.026987659067406366 0.00052214094331127017 0.0071458880632343791 -0.028884550557463022 -0.025174128551364791 0.18479313871048103 0.0012496025435903614 0.0031746015709768391 -0.010452542694638673 0.075677425118201344 0.008069132997709054 0.0042177969135419897 0.033018329683212243 -0.022469325354608091 -0.0010344713970157457 -7.1115041422113961e-06 -0.13328240225319918 0.0084276838734937687 -0.024357032330104646 0.0039204391755054144 -0.067274749220940844 -0.013605345250457916 0.0054829107081374243 0.0028659589411366153 0.022435688373988356 -0.015267725123177762
0.0004322623301585512 -0.0023906334333392808 -8.1141498162955834e-05 0.00072322355163642691 0.0012652292999762599 -0.018161518792928315 -0.0047661106756779151 0.46771578096435712 0.0038322988999442953 0.0051004634214988553 -0.12240622745475477 -0.012688410094342096 -0.099508729536981311 0.0071458880632343765 0.46147815096146128 -0.025174128551364767 0.00045483660715342467 2.0715756208451036e-05 -7.6957920822338412e-05 -0.026088695673324301 0.0042177969135419897 -0.037593711392502879 -0.022469325354608084 0.12426694779904571 0.0037266608874276944 0.0043077070379794885 -0.16503424607362285 -0.0072964066674860266 0.0039204391755054135 -0.054231473829368645 -0.013605345250457909 -0.0041584200019305073 0.0028659589411366149 -0.025544623296091959 -0.015267725123177759 0.084438387488256633
-0.00082465176637555799 0.015268877719446582 0.00046483808088680514 0.0096850373505687447 0.026987659067406435 -0.1224062274547551 -0.0001555137119524846 0.0038322988999442953 0.1523492531102178 0.012622313287607573 -0.001526419363190682 -0.0018431782764568342 0.019725282748519871 -0.0017216057502803923 -0.0060483638694968445 0.00067270676331660634 0.0028992266994403776 0.043276967694335637 -0.00036151103100884584 -0.00069888190785099592 -8.9425022255767628e-06 -0.00018631964897749853 1.5864557056200412e-05 -0.00029374093604262602 0.072714856943921435 0.0064820577254448043 -0.00055169163689312351 -0.00098777816363199177 -0.018325891440904258 0.055408551732507763 0.00042751862709691188 0.0024439136133933143 -0.00031585372207493934 -0.0065809046663634707 0.00056034421562117212 -0.010375079103659431
0.0053077242837419438 -0.1165671813866951 -0.00082465176637555961 0.015268877719446586 0.00052214094331136363 -0.012688410094342774 -0.00057699845524675989 0.0051004634214988553 0.012622313287607573 0.078730245523985165 -0.0018431782764568346 0.0097248694237022995 -0.24337577600525009 0.035361435727205529 0.045440288794750726 -0.0048194770821149346 0.020336968397700893 0.0028992266994403776 0.0034293387970505923 -0.00036151103100884584 1.5864557056200466e-05 -0.00029374093604262429 -0.00010210939716785456 0.0022425062012756351 0.0064820577254448043 0.038928851417522843 -0.00098777816363199199 0.0041970204177678022 0.024039814960149734 -0.19313736567694703 -0.0029529474409946002 0.035924239041855315 0.00056034421562117277 -0.010375079103659431 -0.0036065557872731703 0.079206458391981108
1.586455705622318e-05 -0.00029374093604292526 -8.9425022255540352e-06 -0.00018631964897722594 -0.00015551371195248462 0.0038322988999442953 0.026987659067406366 -0.12240622745475477 -0.001526419363190682 -0.0018431782764568346 0.15234925311021738 0.012622313287607587 -0.0060483638694968454 0.00067270676331660645 0.01972528274851907 -0.0017216057502802799 -0.00036151103100884568 -0.00069888190785099506 0.0028992266994403806 0.04327696769433554 0.00046483808088688982 0.0096850373505697612 -0.00082465176637547266 0.015268877719445469 -0.00055169163689312525 -0.00098777816363199156 0.072714856943921213 0.0064820577254448061 0.00042751862709691074 0.0024439136133933164 -0.01832589144090413 0.05540855173250709 0.00031585372207494357 0.0065809046663653416 -0.00056034421562113125 0.010375079103658978
-0.00010210939716797729 0.002242506201277911 1.5864557056223234e-05 -0.00029374093604292483 -0.00057699845524676 0.0051004634214988544 0.00052214094331127017 -0.012688410094342096 -0.0018431782764568342 0.0097248694237022995 0.012622313287607587 0.078730245523984554 0.045440288794750719 -0.0048194770821149355 -0.24337577600524432 0.035361435727204689 0.0034293387970505923 -0.00036151103100884584 0.020336968397700772 0.0028992266994403789 -0.00082465176637547353 0.015268877719445469 0.0053077242837414919 -0.11656718138668658 -0.00098777816363199177 0.0041970204177678022 0.0064820577254448061 0.038928851417522517 -0.0029529474409945998 0.035924239041855321 0.024039814960149238 -0.19313736567694356 -0.00056034421562113146 0.010375079103658976 0.0036065557872730141 -0.079206458391975709
-0.17581570634554214 0.95587720275367316 0.025770506454208794 -0.14193278135022896 -0.025174128551366286 0.4614781509614716 0.0071458880632343791 -0.099508729536981311 0.019725282748519871 -0.24337577600525009 -0.0060483638694968454 0.045440288794750719 3.2241094267274146 -0.19662691773525207 -0.77790831750292255 0.055901875205898781 -0.030743484357011464 0.0011702889479090679 0.0036814671865018126 -0.0005260587822847586 -0.00049577007735893954 0.0027304867335381268 0.0033823225977621836 -0.018389057102813203 0.015266145185480841 -0.24923883593730448 -0.0051285887519680329 0.038943396210760151 -0.11430185945592379 1.8417541838439619 0.032503991428442923 -0.45226639197729401 -0.017510851021045156 0.096442178722511332 0.1194653526288695 -0.64951083990432323
0.27483274166511479 -0.17581570634554208 -0.038460763829231838 0.025770506454208794 0.18479313871048267 -0.025174128551366269 -0.028884550557463022 0.0071458880632343765 -0.0017216057502803923 0.035361435727205529 0.00067270676331660645 -0.0048194770821149355 -0.19662691773525207 1.192639847141969 0.055901875205898781 -0.2387274023973982 0.0033311443793280302 0.0089325848047377334 0.013714332871961575 -0.0015745099469495268 0.00073990380797476932 -0.00049577007735894041 -0.0052872010815245112 0.0033823225977621905 -0.0042066443849384386 -0.086130447273227037 5.1092446350779936e-05 -0.001251691497456805 0.67189780562099055 -0.11430185945592379 -0.13989523455995678 0.032503991428442937 0.026133778424804383 -0.017510851021045156 -0.18674662849775847 0.11946535262886951
0.0033823225977635679 -0.018389057102819073 -0.00049577007735914858 0.0027304867335390427 0.0071458880632343808 -0.099508729536981311 -0.025174128551364791 0.46147815096146128 -0.0060483638694968445 0.045440288794750726 0.01972528274851907 -0.24337577600524432 -0.77790831750292255 0.055901875205898781 3.2241094267273342 -0.19662691773524033 0.0036814671865018135 -0.00052605878228475871 -0.030743484357010731 0.0011702889479089716 0.025770506454208014 -0.1419327813502255 -0.17581570634553692 0.95587720275365107 -0.0051285887519680311 0.038943396210760137 0.015266145185480334 -0.24923883593730056 0.03250399142844293 -0.45226639197729401 -0.11430185945591705 1.8417541838439151 0.017510851021044771 -0.096442178722509722 -0.11946535262886701 0.64951083990431435
-0.0052872010815235848 0.0033823225977635679 0.00073990380797469809 -0.00049577007735914815 -0.028884550557463026 0.0071458880632343773 0.18479313871048103 -0.025174128551364767 0.00067270676331660634 -0.0048194770821149346 -0.0017216057502802799 0.035361435727204689 0.055901875205898781 -0.2387274023973982 -0.19662691773524033 1.1926398471419561 0.013714332871961573 -0.0015745099469495264 0.0033311443793279851 0.0089325848047377195 -0.038460763829232095 0.02577050645420801 0.27483274166511817 -0.17581570634553695 5.1092446350779232e-05 -0.0012516914974568046 -0.0042066443849383961 -0.086130447273227079 -0.13989523455995673 0.032503991428442923 0.67189780562098333 -0.11430185945591702 -0.026133778424804546 0.017510851021044771 0.18674662849776225 -0.11946535262886701
-0.09191837766158191 -0.0012969027687953975 0.0109995838224573 0.00031930208557384276 -0.010452542694638692 -7.6957920822419862e-05 0.0012496025435903614 0.00045483660715342467 0.0028992266994403776 0.020336968397700893 -0.00036151103100884568 0.0034293387970505923 -0.030743484357011464 0.0033311443793280302 0.0036814671865018135 0.013714332871961573 0.083965501657621996 0.010571500307915449 0.017709840952702439 -0.0010489099716139306 -0.00021160874475884282 -6.1426972708875636e-06 0.0017683153136688031 2.4949668224592651e-05 -0.0051148490723167137 -0.042419022173280724 0.00045826596040338948 -0.0095203347704345635 -0.029700804818143585 -0.019752879535686697 0.017735753398789536 0.0019206425986099491 -0.007474128378144043 -0.00021696318856315468 0.062457795316834791 0.00088123495801326101
0.0109995838224573 0.00031930208557384189 0.014921290904379214 -0.00093821183022130598 0.075677425118201483 -0.026088695673324367 0.0031746015709768391 2.0715756208451036e-05 0.043276967694335637 0.0028992266994403776 -0.00069888190785099506 -0.00036151103100884584 0.0011702889479090679 0.0089325848047377334 -0.00052605878228475871 -0.0015745099469495264 0.010571500307915449 0.19386648844446727 -0.0010489099716139317 -0.0040646358996172822 -0.00028705410035741619 1.8049212671664519e-05 -0.00021160874475884347 -6.1426972708876178e-06 -0.10039301383342109 -0.0051148490723167137 0.0022438359945108569 0.00045826596040338992 -0.083386489743097217 0.018864127835928286 0.0062598588345911541 -0.0005949608132844507 -0.010138896669823767 0.00063750736192863999 -0.0074741283781440439 -0.00021696318856315508
0.0017683153136704589 2.4949668224637754e-05 -0.00021160874475900486 -6.142697270901333e-06 0.0012496025435903614 0.00045483660715342473 -0.010452542694638673 -7.6957920822338412e-05 -0.00036151103100884584 0.0034293387970505923 0.0028992266994403806 0.020336968397700772 0.0036814671865018126 0.013714332871961575 -0.030743484357010731 0.0033311443793279851 0.017709840952702439 -0.0010489099716139317 0.083965501657621663 0.010571500307915449 0.010999583822456697 0.00031930208557379028 -0.091918377661575706 -0.0012969027687952262 0.00045826596040339095 -0.0095203347704345635 -0.0051148490723167128 -0.042419022173280578 0.017735753398789536 0.0019206425986099478 -0.029700804818143543 -0.019752879535686278 0.0074741283781438496 0.00021696318856312641 -0.062457795316829781 -0.00088123495801330741
-0.00021160874475900551 -6.1426972709012788e-06 -0.0002870541003569173 1.8049212671626623e-05 0.0031746015709768391 2.0715756208452107e-05 0.075677425118201344 -0.026088695673324301 -0.00069888190785099592 -0.00036151103100884584 0.04327696769433554 0.0028992266994403789 -0.0005260587822847586 -0.0015745099469495268 0.0011702889479089716 0.0089325848047377195 -0.0010489099716139306 -0.0040646358996172822 0.010571500307915449 0.19386648844446699 0.014921290904381075 -0.0009382118302214467 0.010999583822456697 0.00031930208557379072 0.0022438359945108587 0.00045826596040339024 -0.10039301383342096 -0.0051148490723167111 0.0062598588345911558 -0.00059496081328445113 -0.083386489743097023 0.018864127835928165 0.010138896669825974 -0.00063750736192872239 0.0074741283781438496 0.00021696318856312641
-0.09850357039164459 0.0073495285547846151 0.27168867535312841 -0.0022309560715129293 -0.0001552330644959862 -8.1141498162873164e-05 0.008069132997709054 0.0042177969135419897 -8.9425022255767628e-06 1.5864557056200466e-05 0.00046483808088688982 -0.00082465176637547353 -0.00049577007735893954 0.00073990380797476932 0.025770506454208014 -0.038460763829232095 -0.00021160874475884282 -0.00028705410035741619 0.010999583822456697 0.014921290904381075 1.0867547014125154 -0.008923824286051733 -0.39401428156657659 0.029398114219137364 0.00018540773208788425 0.00015164886787669498 -0.0096376352156623771 -0.0078828237258881002 0.00059675791498050288 -0.00027641905279737777 -0.031019931217960647 0.014368473027110688 0.54337735070625803 -0.0044619121430258596 -0.19700714078328796 0.014699057109568481
0.0073495285547846203 -0.11841209271313172 -0.0022309560715129311 0.2302043040539393 -8.1141498162873326e-05 0.00072322355163589565 0.0042177969135419897 -0.037593711392502879 -0.00018631964897749853 -0.00029374093604262429 0.0096850373505697612 0.015268877719445469 0.0027304867335381268 -0.00049577007735894041 -0.1419327813502255 0.02577050645420801 -6.1426972708875636e-06 1.8049212671664519e-05 0.00031930208557379028 -0.0009382118302214467 -0.008923824286051733 0.92081721621575796 0.02939811421913735 -0.47364837085252126 -0.00013624590776611771 -0.00019173215918115829 0.0070821661205278767 0.0099663837559144635 -0.00027641905279737777 0.0013381754546014854 0.014368473027110687 -0.069559379971815133 -0.0044619121430258578 0.46040860810787909 0.014699057109568474 -0.23682418542625966
0.88470198236756559 -0.049326052569653986 -0.098503570391644577 0.0073495285547846186 -0.00063520287777037133 0.00043226233015836862 0.033018329683212243 -0.022469325354608084 1.5864557056200412e-05 -0.00010210939716785456 -0.00082465176637547266 0.0053077242837414919 0.0033823225977621836 -0.0052872010815245112 -0.17581570634553692 0.27483274166511817 0.0017683153136688031 -0.00021160874475884347 -0.091918377661575706 0.010999583822456697 -0.39401428156657659 0.02939811421913735 3.538807929470249 -0.19730421027860839 0.00015164886787669493 -0.0012469498072244401 -0.0078828237258881002 0.064817401296878394 -0.0031013321358360872 0.0019667068450692094 0.16120960798793738 -0.1022309206606192 -0.1970071407832879 0.014699057109568481 1.7694039647351227 -0.098652105139302865
-0.049326052569654021 1.0431611552832378 0.0073495285547846203 -0.11841209271313173 0.00043226233015836949 -0.0023906334333384811 -0.022469325354608091 0.12426694779904571 -0.00029374093604262602 0.0022425062012756351 0.015268877719445469 -0.11656718138668658 -0.018389057102813203 0.0033823225977621905 0.95587720275365107 -0.17581570634553695 2.4949668224592651e-05 -6.1426972708876178e-06 -0.0012969027687952262 0.00031930208557379072 0.029398114219137364 -0.47364837085252126 -0.19730421027860839 4.172644621132914 -0.00019173215918115894 0.0014783710220340283 0.0099663837559144652 -0.076846852411927291 0.0019667068450692164 -0.010665615779649806 -0.1022309206606192 0.55440683663640355 0.014699057109568495 -0.23682418542625971 -0.098652105139302837 2.0863223105664508
-0.0078828237258885669 0.0099663837559151713 -0.0096376352156611941 0.0070821661205271065 -0.13328240225319943 -0.16503424607362321 -0.0010344713970157457 0.0037266608874276944 0.072714856943921435 0.0064820577254448043 -0.00055169163689312525 -0.00098777816363199177 0.015266145185480841 -0.0042066443849384386 -0.0051285887519680311 5.1092446350779232e-05 -0.0051148490723167137 -0.10039301383342109 0.00045826596040339095 0.0022438359945108587 0.00018540773208788425 -0.00013624590776611771 0.00015164886787669493 -0.00019173215918115894 0.68226317422147442 0.047701718016554213 -0.0099380833473830862 -0.0061478407306461451 0.11087636209089469 0.091865579153819002 -0.005643331795283135 0.00027081129416486644 0.0065486952984989636 -0.0048122746855283286 0.0053563150625101407 -0.0067720772767308557
0.064817401296882876 -0.076846852411932801 -0.0078828237258885651 0.009966383755915173 0.0084276838734938121 -0.0072964066674864594 -7.1115041422113961e-06 0.0043077070379794885 0.0064820577254448043 0.038928851417522843 -0.00098777816363199156 0.0041970204177678022 -0.24923883593730448 -0.086130447273227037 0.038943396210760137 -0.0012516914974568046 -0.042419022173280724 -0.0051148490723167137 -0.0095203347704345635 0.00045826596040339024 0.00015164886787669498 -0.00019173215918115829 -0.0012469498072244401 0.0014783710220340283 0.047701718016554213 0.32247897352778293 -0.0061478407306461416 0.053505980920939951 -0.038212897252426527 -0.189629634532129 -0.0071967610197372122 0.029264770502282458 0.0053563150625101389 -0.006772077276730854 -0.044042900736072171 0.052216815622645026
0.00015164886787681932 -0.00019173215918134845 0.0001854077320875692 -0.00013624590776590878 -0.001034471397015747 0.0037266608874276909 -0.13328240225319918 -0.16503424607362285 -0.00055169163689312351 -0.00098777816363199199 0.072714856943921213 0.0064820577254448061 -0.0051285887519680329 5.1092446350779936e-05 0.015266145185480334 -0.0042066443849383961 0.00045826596040338948 0.0022438359945108569 -0.0051148490723167128 -0.10039301383342096 -0.0096376352156623771 0.0070821661205278767 -0.0078828237258881002 0.0099663837559144652 -0.0099380833473830862 -0.0061478407306461416 0.68226317422147309 0.047701718016554165 -0.0056433317952831324 0.00027081129416487121 0.11087636209089448 0.091865579153818488 -0.0065486952985003869 0.0048122746855296756 -0.0053563150625099828 0.0067720772767305686
-0.0012469498072256318 0.0014783710220355132 0.00015164886787681913 -0.00019173215918134867 -7.1115041422100951e-06 0.0043077070379794885 0.0084276838734937687 -0.0072964066674860266 -0.00098777816363199177 0.0041970204177678022 0.0064820577254448061 0.038928851417522517 0.038943396210760151 -0.001251691497456805 -0.24923883593730056 -0.086130447273227079 -0.0095203347704345635 0.00045826596040338992 -0.042419022173280578 -0.0051148490723167111 -0.0078828237258881002 0.0099663837559144635 0.064817401296878394 -0.076846852411927291 -0.0061478407306461451 0.053505980920939951 0.047701718016554165 0.32247897352778215 -0.0071967610197372113 0.029264770502282458 -0.038212897252426603 -0.18962963453212664 -0.0053563150625099819 0.0067720772767305686 0.044042900736068702 -0.05221681562264141
0.16120960798793521 -0.10223092066062217 -0.031019931217959283 0.014368473027111001 -0.06727474922094033 -0.013605345250458777 -0.024357032330104646 0.0039204391755054135 -0.018325891440904258 0.024039814960149734 0.00042751862709691074 -0.0029529474409945998 -0.11430185945592379 0.67189780562099055 0.03250399142844293 -0.13989523455995673 -0.029700804818143585 -0.083386489743097217 0.017735753398789536 0.0062598588345911558 0.00059675791498050288 -0.00027641905279737777 -0.0031013321358360872 0.0019667068450692164 0.11087636209089469 -0.038212897252426527 -0.0056433317952831324 -0.0071967610197372113 1.311735150114139 -0.082256171471390763 -0.10131665989387202 0.023268426780354477 0.021077792755292465 -0.0097632613866055727 -0.10954062674918018 0.06946508500379428
-0.1022309206606222 0.5544068366364161 0.014368473027111004 -0.069559379971816104 -0.013605345250458771 -0.0041584200019250924 0.0039204391755054144 -0.054231473829368645 0.055408551732507763 -0.19313736567694703 0.0024439136133933164 0.035924239041855321 1.8417541838439619 -0.11430185945592379 -0.45226639197729401 0.032503991428442923 -0.019752879535686697 0.018864127835928286 0.0019206425986099478 -0.00059496081328445113 -0.00027641905279737777 0.0013381754546014854 0.0019667068450692094 -0.010665615779649806 0.091865579153819002 -0.189629634532129 0.00027081129416487121 0.029264770502282458 -0.082256171471390763 2.1123052506925535 0.02326842678035447 -0.27055449730675263 -0.0097632613866055727 0.047265036950944375 0.069465085003794266 -0.37671496827737677
-0.0031013321358355156 0.0019667068450700126 0.00059675791498013512 -0.00027641905279746103 -0.024357032330104646 0.0039204391755054135 -0.067274749220940844 -0.013605345250457909 0.00042751862709691188 -0.0029529474409946002 -0.01832589144090413 0.024039814960149238 0.032503991428442923 -0.13989523455995678 -0.11430185945591705 0.67189780562098333 0.017735753398789536 0.0062598588345911541 -0.029700804818143543 -0.083386489743097023 -0.031019931217960647 0.014368473027110687 0.16120960798793738 -0.1022309206606192 -0.005643331795283135 -0.0071967610197372122 0.11087636209089448 -0.038212897252426603 -0.10131665989387202 0.02326842678035447 1.3117351501141328 -0.082256171471386738 -0.021077792755294568 0.0097632613866054461 0.10954062674918263 -0.069465085003792809
0.0019667068450700074 -0.010665615779653193 -0.00027641905279746082 0.0013381754546017421 0.0039204391755054127 -0.054231473829368639 -0.013605345250457916 -0.0041584200019305073 0.0024439136133933143 0.035924239041855315 0.05540855173250709 -0.19313736567694356 -0.45226639197729401 0.032503991428442937 1.8417541838439151 -0.11430185945591702 0.0019206425986099491 -0.0005949608132844507 -0.019752879535686278 0.018864127835928165 0.014368473027110688 -0.069559379971815133 -0.1022309206606192 0.55440683663640355 0.00027081129416486644 0.029264770502282458 0.091865579153818488 -0.18962963453212664 0.023268426780354477 -0.27055449730675263 -0.082256171471386738 2.1123052506925237 0.0097632613866054461 -0.047265036950945249 -0.069465085003792823 0.37671496827737172
0.1970071407832904 -0.014699057109569987 -0.54337735070625581 0.004461912143025863 -0.0054829107081344527 -0.002865958941136797 0.0054829107081374243 0.0028659589411366149 -0.00031585372207493934 0.00056034421562117277 0.00031585372207494357 -0.00056034421562113146 -0.017510851021045156 0.026133778424804383 0.017510851021044771 -0.026133778424804546 -0.007474128378144043 -0.010138896669823767 0.0074741283781438496 0.010138896669825974 0.54337735070625803 -0.0044619121430258578 -0.1970071407832879 0.014699057109568495 0.0065486952984989636 0.0053563150625101389 -0.0065486952985003869 -0.0053563150625099819 0.021077792755292465 -0.0097632613866055727 -0.021077792755294568 0.0097632613866054461 4.2173928746992404 -0.013668262199021865 -0.29234987591272182 0.020199864419613862
-0.014699057109569976 0.23682418542626715 0.0044619121430258639 -0.46040860810787831 -0.002865958941136797 0.025544623296094773 0.0028659589411366153 -0.025544623296091959 -0.0065809046663634707 -0.010375079103659431 0.0065809046663653416 0.010375079103658976 0.096442178722511332 -0.017510851021045156 -0.096442178722509722 0.017510851021044771 -0.00021696318856315468 0.00063750736192863999 0.00021696318856312641 -0.00063750736192872239 -0.0044619121430258596 0.46040860810787909 0.014699057109568481 -0.23682418542625971 -0.0048122746855283286 -0.006772077276730854 0.0048122746855296756 0.0067720772767305686 -0.0097632613866055727 0.047265036950944375 0.0097632613866054461 -0.047265036950945249 -0.013668262199021865 3.6067589372996665 0.02019986441961389 -0.32809827328521401
-1.7694039647351403 0.098652105139312898 0.19700714078329043 -0.014699057109569966 -0.022435688373988322 0.015267725123178096 0.022435688373988356 -0.015267725123177759 0.00056034421562117212 -0.0036065557872731703 -0.00056034421562113125 0.0036065557872730141 0.1194653526288695 -0.18674662849775847 -0.11946535262886701 0.18674662849776225 0.062457795316834791 -0.0074741283781440439 -0.062457795316829781 0.0074741283781438496 -0.19700714078328796 0.014699057109568474 1.7694039647351227 -0.098652105139302837 0.0053563150625101407 -0.044042900736072171 -0.0053563150625099828 0.044042900736068702 -0.10954062674918018 0.069465085003794266 0.10954062674918263 -0.069465085003792823 -0.29234987591272182 0.02019986441961389 5.6956829973317173 -0.14400225483886539
0.098652105139312884 -2.0863223105665001 -0.014699057109569983 0.23682418542626721 0.015267725123178099 -0.084438387488258146 -0.015267725123177762 0.084438387488256633 -0.010375079103659431 0.079206458391981108 0.010375079103658978 -0.079206458391975709 -0.64951083990432323 0.11946535262886951 0.64951083990431435 -0.11946535262886701 0.00088123495801326101 -0.00021696318856315508 -0.00088123495801330741 0.00021696318856312641 0.014699057109568481 -0.23682418542625966 -0.098652105139302865 2.0863223105664508 -0.0067720772767308557 0.052216815622645026 0.0067720772767305686 -0.05221681562264141 0.06946508500379428 -0.37671496827737677 -0.069465085003792809 0.37671496827737172 0.020199864419613862 -0.32809827328521401 -0.14400225483886539 5.5063915220904951
D667RT mesh=d667_curved_hex_w6.mesh INTEG=divdiv RULE=default n=36
-80.594461127641921 0 0 0 5.7567472234029911 0 -0.41331585476076493 0 0 5.7567472234029911 0 -0.41331585476076493 0 -80.181145272881153 0 5.7567472234029706 -80.181145272881153 0 5.7567472234029706 0 0 0 11.513494446805961 0 0 -85.937892496284107 0 6.1700630781637349 85.937892496284107 0 -6.1700630781637349 0 0 0 -92.107955574447843 0
0 -72.912612227586479 0 0 0 5.2080437305418901 0 -0.37392071643679159 0 -72.538691511149693 0 5.2080437305418545 -72.538691511149693 0 5.2080437305418545 0 5.2080437305418901 0 -0.37392071643679159 0 0 0 0 10.416087461083745 0 77.746735241691582 0 -5.5819644469786454 0 77.746735241691582 0 -5.5819644469786454 0 0 0 -83.328699688670227
0 0 -62.600310486411523 0 -62.27927476664906 0 4.4714507490293913 0 4.4714507490293922 0 -0.32103571976246509 0 0 4.4714507490293922 0 -0.32103571976246509 0 -62.27927476664906 0 4.4714507490293913 8.9429014980587844 0 0 0 -66.750725515678425 0 4.7924864687918562 0 -66.750725515678425 0 4.7924864687918562 0 -71.543211984470275 0 0 0
0 0 0 -53.307200212859492 0 -53.03382272869235 0 3.8076571580613892 -53.03382272869235 0 3.8076571580613892 0 3.8076571580613909 0 -0.27337748416714264 0 0 3.8076571580613909 0 -0.27337748416714264 0 7.6153143161227801 0 0 56.841479886753731 0 -4.0810346422285315 0 0 -56.841479886753731 0 4.0810346422285315 0 -60.922514528982262 0 0
5.7567472234029911 0 -62.27927476664906 0 -62.692590621409828 0 0 0 4.4714507490293922 -0.41331585476076632 0 0 0 10.228197972432383 0 0 5.7567472234029919 -62.27927476664906 0 0 4.4714507490293922 0 -0.41331585476076632 0 -66.750725515678425 6.1700630781637562 0 0 -72.920788593842175 0 0 0 -66.750725515678425 0 6.1700630781637562 0
0 5.2080437305418901 0 -53.03382272869235 0 -53.407743445129142 0 0 -53.03382272869235 5.2080437305418901 0 0 9.0157008886032806 0 0 0 -0.37392071643679403 3.8076571580613909 0 0 0 3.8076571580613909 0 -0.37392071643679403 56.841479886753731 -5.5819644469786835 0 0 0 -62.423444333732412 0 0 0 -56.841479886753731 0 5.5819644469786835
-0.41331585476076493 0 4.4714507490293913 0 0 0 -62.692590621409813 0 0 0 4.4714507490293913 -0.41331585476076493 0 0 0 10.228197972432362 0 0 5.7567472234029706 -62.279274766649046 -62.279274766649046 0 5.7567472234029706 0 0 0 -66.750725515678425 6.1700630781637349 0 0 -72.920788593842161 0 66.750725515678425 0 -6.1700630781637349 0
0 -0.37392071643679159 0 3.8076571580613892 0 0 0 -53.407743445129121 0 0 -53.033822728692328 5.2080437305418545 0 0 9.015700888603245 0 0 0 -0.37392071643679159 3.8076571580613896 0 -53.033822728692328 0 5.2080437305418545 0 0 56.84147988675371 -5.5819644469786454 0 0 0 -62.423444333732355 0 56.84147988675371 0 -5.5819644469786454
0 0 4.4714507490293922 -53.03382272869235 4.4714507490293922 -53.03382272869235 0 0 -53.354858448454813 0 0 0 3.8076571580613909 -0.3210357197624652 0 0 0 8.2791079070907845 0 0 -0.3210357197624652 3.8076571580613909 0 0 61.633966355545589 0 0 0 4.7924864687918562 -56.841479886753731 0 0 4.7924864687918562 -56.841479886753731 0 0
5.7567472234029911 -72.538691511149693 0 0 -0.41331585476076632 5.2080437305418901 0 0 0 -72.952007365910461 0 0 -72.538691511149693 5.7567472234029919 0 0 10.964790953944881 0 0 0 0 0 -0.41331585476076632 5.2080437305418901 0 83.916798319855332 0 0 -6.1700630781637562 77.746735241691582 0 0 0 0 6.1700630781637562 -77.746735241691582
0 0 -0.32103571976246509 3.8076571580613892 0 0 4.4714507490293913 -53.033822728692328 0 0 -53.354858448454792 0 0 0 3.8076571580613896 -0.32103571976246509 0 0 0 8.2791079070907809 4.4714507490293913 -53.033822728692328 0 0 0 0 61.633966355545567 0 0 0 4.7924864687918562 -56.84147988675371 -4.7924864687918562 56.84147988675371 0 0
-0.41331585476076493 5.2080437305418545 0 0 0 0 -0.41331585476076493 5.2080437305418545 0 0 0 -72.952007365909978 0 0 -72.53869151114921 5.7567472234029706 0 0 10.964790953944826 0 0 0 5.7567472234029706 -72.53869151114921 0 0 0 83.916798319854777 0 0 -6.1700630781637349 77.746735241691042 0 0 -6.1700630781637349 77.746735241691042
0 -72.538691511149693 0 3.8076571580613909 0 9.0157008886032806 0 0 3.8076571580613909 -72.538691511149693 0 0 -72.812068995316835 0 0 0 5.2080437305418901 -0.27337748416714275 0 0 0 -0.27337748416714275 0 5.2080437305418901 -4.0810346422285333 77.746735241691582 0 0 0 81.827769883920112 0 0 0 4.0810346422285333 0 -77.746735241691582
-80.181145272881153 0 4.4714507490293922 0 10.228197972432383 0 0 0 -0.3210357197624652 5.7567472234029919 0 0 0 -80.502180992643616 0 0 -80.181145272881153 4.4714507490293931 0 0 -0.3210357197624652 0 5.7567472234029911 0 4.7924864687918562 -85.937892496284107 0 0 90.730378965075957 0 0 0 4.7924864687918562 0 -85.937892496284107 0
0 5.2080437305418545 0 -0.27337748416714264 0 0 0 9.015700888603245 0 0 3.8076571580613896 -72.53869151114921 0 0 -72.812068995316352 0 0 0 5.2080437305418554 -0.27337748416714264 0 3.8076571580613892 0 -72.53869151114921 0 0 -4.0810346422285315 77.746735241691042 0 0 0 81.827769883919572 0 -4.0810346422285315 0 77.746735241691042
5.7567472234029706 0 -0.32103571976246509 0 0 0 10.228197972432362 0 0 0 -0.32103571976246509 5.7567472234029706 0 0 0 -80.502180992643318 0 0 -80.181145272880855 4.4714507490293913 4.4714507490293913 0 -80.181145272880855 0 0 0 4.7924864687918562 -85.937892496283823 0 0 90.730378965075673 0 -4.7924864687918562 0 85.937892496283823 0
-80.181145272881153 5.2080437305418901 0 0 5.7567472234029919 -0.37392071643679403 0 0 0 10.964790953944881 0 0 5.2080437305418901 -80.181145272881153 0 0 -80.555065989317953 0 0 0 0 0 5.7567472234029911 -0.37392071643679403 0 -91.519856943262795 0 0 85.937892496284107 -5.5819644469786835 0 0 0 0 -85.937892496284107 5.5819644469786835
0 0 -62.27927476664906 3.8076571580613909 -62.27927476664906 3.8076571580613909 0 0 8.2791079070907845 0 0 0 -0.27337748416714275 4.4714507490293931 0 0 0 -62.552652250816202 0 0 4.4714507490293922 -0.27337748416714275 0 0 -70.831760157906956 0 0 0 -66.750725515678425 4.0810346422285333 0 0 -66.750725515678425 4.0810346422285333 0 0
5.7567472234029706 -0.37392071643679159 0 0 0 0 5.7567472234029706 -0.37392071643679159 0 0 0 10.964790953944826 0 0 5.2080437305418554 -80.181145272880855 0 0 -80.55506598931764 0 0 0 -80.181145272880855 5.2080437305418545 0 0 0 -91.519856943262468 0 0 85.937892496283823 -5.5819644469786454 0 0 85.937892496283823 -5.5819644469786454
0 0 4.4714507490293913 -0.27337748416714264 0 0 -62.279274766649046 3.8076571580613896 0 0 8.2791079070907809 0 0 0 -0.27337748416714264 4.4714507490293913 0 0 0 -62.552652250816188 -62.279274766649046 3.8076571580613892 0 0 0 0 -70.831760157906956 0 0 0 -66.750725515678425 4.0810346422285315 66.750725515678425 -4.0810346422285315 0 0
0 0 8.9429014980587844 0 4.4714507490293922 0 -62.279274766649046 0 -0.3210357197624652 0 4.4714507490293913 0 0 -0.3210357197624652 0 4.4714507490293913 0 4.4714507490293922 0 -62.279274766649046 -62.600310486411509 0 0 0 4.7924864687918562 0 -66.750725515678425 0 4.7924864687918562 0 -66.750725515678425 0 71.543211984470275 0 0 0
0 0 0 7.6153143161227801 0 3.8076571580613909 0 -53.033822728692328 3.8076571580613909 0 -53.033822728692328 0 -0.27337748416714275 0 3.8076571580613892 0 0 -0.27337748416714275 0 3.8076571580613892 0 -53.30720021285947 0 0 -4.0810346422285333 0 56.84147988675371 0 0 4.0810346422285333 0 -56.84147988675371 0 60.922514528982241 0 0
11.513494446805961 0 0 0 -0.41331585476076632 0 5.7567472234029706 0 0 -0.41331585476076632 0 5.7567472234029706 0 5.7567472234029911 0 -80.181145272880855 5.7567472234029911 0 -80.181145272880855 0 0 0 -80.594461127641623 0 0 6.1700630781637562 0 -85.937892496283823 -6.1700630781637562 0 85.937892496283823 0 0 0 92.107955574447573 0
0 10.416087461083745 0 0 0 -0.37392071643679403 0 5.2080437305418545 0 5.2080437305418901 0 -72.53869151114921 5.2080437305418901 0 -72.53869151114921 0 -0.37392071643679403 0 5.2080437305418545 0 0 0 0 -72.91261222758601 0 -5.5819644469786835 0 77.746735241691042 0 -5.5819644469786835 0 77.746735241691042 0 0 0 83.32869968866973
0 0 -66.750725515678425 56.841479886753731 -66.750725515678425 56.841479886753731 0 0 61.633966355545589 0 0 0 -4.0810346422285333 4.7924864687918562 0 0 0 -70.831760157906956 0 0 4.7924864687918562 -4.0810346422285333 0 0 -132.46572651345252 0 0 0 -71.543211984470275 60.922514528982255 0 0 -71.543211984470275 60.922514528982255 0 0
-85.937892496284107 77.746735241691582 0 0 6.1700630781637562 -5.5819644469786835 0 0 0 83.916798319855332 0 0 77.746735241691582 -85.937892496284107 0 0 -91.519856943262795 0 0 0 0 0 6.1700630781637562 -5.5819644469786835 0 -175.4366552631181 0 0 92.107955574447857 -83.328699688670241 0 0 0 0 -92.107955574447857 83.328699688670241
0 0 4.7924864687918562 -4.0810346422285315 0 0 -66.750725515678425 56.84147988675371 0 0 61.633966355545567 0 0 0 -4.0810346422285315 4.7924864687918562 0 0 0 -70.831760157906956 -66.750725515678425 56.84147988675371 0 0 0 0 -132.46572651345249 0 0 0 -71.543211984470261 60.922514528982234 71.543211984470261 -60.922514528982234 0 0
6.1700630781637349 -5.5819644469786454 0 0 0 0 6.1700630781637349 -5.5819644469786454 0 0 0 83.916798319854777 0 0 77.746735241691042 -85.937892496283823 0 0 -91.519856943262468 0 0 0 -85.937892496283823 77.746735241691042 0 0 0 -175.43665526311722 0 0 92.107955574447544 -83.328699688669673 0 0 92.107955574447544 -83.328699688669673
85.937892496284107 0 -66.750725515678425 0 -72.920788593842175 0 0 0 4.7924864687918562 -6.1700630781637562 0 0 0 90.730378965075957 0 0 85.937892496284107 -66.750725515678425 0 0 4.7924864687918562 0 -6.1700630781637562 0 -71.543211984470275 92.107955574447857 0 0 -163.65116755891813 0 0 0 -71.543211984470275 0 92.107955574447857 0
0 77.746735241691582 0 -56.841479886753731 0 -62.423444333732412 0 0 -56.841479886753731 77.746735241691582 0 0 81.827769883920112 0 0 0 -5.5819644469786835 4.0810346422285333 0 0 0 4.0810346422285333 0 -5.5819644469786835 60.922514528982255 -83.328699688670241 0 0 0 -144.25121421765249 0 0 0 -60.922514528982255 0 83.328699688670241
-6.1700630781637349 0 4.7924864687918562 0 0 0 -72.920788593842161 0 0 0 4.7924864687918562 -6.1700630781637349 0 0 0 90.730378965075673 0 0 85.937892496283823 -66.750725515678425 -66.750725515678425 0 85.937892496283823 0 0 0 -71.543211984470261 92.107955574447544 0 0 -163.65116755891779 0 71.543211984470261 0 -92.107955574447544 0
0 -5.5819644469786454 0 4.0810346422285315 0 0 0 -62.423444333732355 0 0 -56.84147988675371 77.746735241691042 0 0 81.827769883919572 0 0 0 -5.5819644469786454 4.0810346422285315 0 -56.84147988675371 0 77.746735241691042 0 0 60.922514528982234 -83.328699688669673 0 0 0 -144.25121421765192 0 60.922514528982234 0 -83.328699688669673
0 0 -71.543211984470275 0 -66.750725515678425 0 66.750725515678425 0 4.7924864687918562 0 -4.7924864687918562 0 0 4.7924864687918562 0 -4.7924864687918562 0 -66.750725515678425 0 66.750725515678425 71.543211984470275 0 0 0 -71.543211984470275 0 71.543211984470261 0 -71.543211984470275 0 71.543211984470261 0 -143.08642396894055 0 0 0
0 0 0 -60.922514528982262 0 -56.841479886753731 0 56.84147988675371 -56.841479886753731 0 56.84147988675371 0 4.0810346422285333 0 -4.0810346422285315 0 0 4.0810346422285333 0 -4.0810346422285315 0 60.922514528982241 0 0 60.922514528982255 0 -60.922514528982234 0 0 -60.922514528982255 0 60.922514528982234 0 -121.8450290579645 0 0
-92.107955574447843 0 0 0 6.1700630781637562 0 -6.1700630781637349 0 0 6.1700630781637562 0 -6.1700630781637349 0 -85.937892496284107 0 85.937892496283823 -85.937892496284107 0 85.937892496283823 0 0 0 92.107955574447573 0 0 -92.107955574447857 0 92.107955574447544 92.107955574447857 0 -92.107955574447544 0 0 0 -184.2159111488954 0
0 -83.328699688670227 0 0 0 5.5819644469786835 0 -5.5819644469786454 0 -77.746735241691582 0 77.746735241691042 -77.746735241691582 0 77.746735241691042 0 5.5819644469786835 0 -5.5819644469786454 0 0 0 0 83.32869968866973 0 83.328699688670241 0 -83.328699688669673 0 83.328699688670241 0 -83.328699688669673 0 0 0 -166.65739937733991
PROBE wq0 ip=0.046910077030668004,0.046910077030668004,0.046910077030668004 w=0.0007068859025581237 J=[-0.025507837831620441 0.050413465454781946 -3.0357660829594124e-17; 0.063755374612427806 0.040270093132887784 0.0075218448580049481; -7.2858385991025898e-17 -7.2858385991025898e-17 -0.16666600000000004]
PROBE wq1 ip=0.23076534494715845,0.046910077030668004,0.046910077030668004 w=0.00080894738101934711 J=[-0.025507824679490664 0.051505569708855205 -9.7144514654701197e-17; 0.063755909514883732 0.061546575562080617 0.0044696233640205973; -3.4694469519536142e-18 -1.3877787807814457e-17 -0.16666600000000004]
PROBE wq31 ip=0.23076534494715845,0.23076534494715845,0.23076534494715845 w=0.0009403260490093361 J=[-0.023677172189574856 0.06139301587924012 -2.0816681711721685e-17; 0.070155777695457278 0.056379371540051459 0.0077636953596028624; -5.5511151231257827e-17 -5.5511151231257827e-17 -0.16666600000000004]
PROBE wq62 ip=0.5,0.5,0.5 w=0.00101685112821255 J=[-0.018331099999999996 0.082801699999999923 0; 0.069033000000000011 0.021007000000000026 0; 0 0 -0.16666599999999998]
PROBE wq124 ip=0.95308992296933204,0.95308992296933204,0.95308992296933204 w=-0.00051178099790535349 J=[-0.0021841536611247291 0.13313035155972766 -3.6429192995512949e-17; -0.019999513925553342 -0.18687144478765988 -0.15282419023989852; -1.2836953722228372e-16 9.3675067702747583e-17 -0.16666599999999981]
PROBE wsurvey min=-0.00051178099790535349 max=0.001227485830104164 vol=0.00088748920278454446
WGDEF order=9 npoints=125
D667RT mesh=d667_curved_hex_w6.mesh INTEG=wgrad RULE=default n=36
-29.918048736457045 0.95338428027945554 -4.4214450896158928 -0.12641007308704436 1.6157280971832682 0.13933883288260374 -0.32552188999188458 -0.07252378465587285 -0.076185564748597334 -3.5159575052767629 0.0064996432564462352 0.27319955434574589 0.96048478315823549 -7.058383683220935 -0.55576717213469051 -0.050945904321414069 -13.987117001210764 0.023101800227250991 0.80940847065786936 -0.094202599574678067 -3.5702744472341372 0.077710754252151959 -4.0822056639052136 -0.41613656702469726 0.25704313845501964 19.555562280736424 0.026991711070947427 -1.2713123377445001 2.895581085779114 0.5931332528329275 -2.4915838099511869 -0.34324521937284003 -1.3313313892980994 0.023566301076230513 65.600150209256284 -0.21895088741478655
0.95338428027945332 -40.150301826149658 -0.12641007308704441 -8.1473752917329954 0.13933883288260379 -1.5236534176612881 -0.072523784655872961 0.72324835839827628 0.53976289550109136 12.392809444610563 -0.12255417087631552 -1.2055126054926215 -8.9498100796265643 0.96048478315823549 -4.5948159911031343 -0.55576717213469096 3.5525224822734787 0.062253358490607376 -0.2666969208212267 -0.0010971373779809731 0.077710754252151959 -1.4400637339245743 -0.41613656702469748 -14.229577535326387 0.63102519815660596 18.488345521346716 -0.11692533723556744 -1.5435151643596654 0.59313325283292728 -25.078422329419972 -0.34324521937284014 6.686806099897594 0.023566301076230461 -1.5658403817609952 -0.21895088741478649 71.203332663559479
-4.4214450896158928 -0.12641007308704458 -49.021838471581923 0.29125650009726728 -12.455541651225801 -0.11754176778657234 0.34513692139032093 0.036188633960350026 -4.0471057561273724 -0.076185564748597376 0.31148180569704231 0.0064996432564462352 -0.14951751086236614 0.16956397823316577 0.086090295542207512 -0.21939181670658847 0.023101800227251116 -17.101128798437578 -0.094202599574678053 1.4208707332952171 -15.249775868015512 0.045550660811661356 -3.5702744472341368 0.077710754252151751 23.291450686318324 0.25704313845501975 -1.8300469599296938 0.026991711070947413 12.303257229311827 0.0038648030901501586 -1.2182146491350747 4.827207024022534e-05 66.82512395193649 -0.22115044507558784 -1.3313313892980982 0.023566301076230617
-0.1264100730870448 -8.1473752917329954 0.29125650009726656 -37.199549846532058 -0.11754176778657234 -16.927237835963894 0.036188633960349985 1.4205190825692702 13.406678660450678 0.53976289550109158 -0.94828205076899874 -0.12255417087631552 -3.6611987426494998 -0.1495175108623662 2.3350525335914045 0.086090295542207512 0.062253358490607376 4.1274366153259203 -0.0010971373779809627 -0.32333076953891005 0.045550660811661522 -13.135454373890818 0.077710754252151931 -1.4400637339245741 20.806393468028155 0.63102519815660574 -1.5164600044714946 -0.11692533723556742 0.0038648030901503256 8.0301710263888815 4.827207024022187e-05 0.65511929350417053 -0.22115044507558776 54.904289711740617 0.023566301076230822 -1.5658403817609936
-2.256217940502323 -0.19136690201620987 -47.807870768332961 0.29557774579043877 -12.610090192901492 -0.12521925220458624 -0.53685540021846001 0.032405269611230927 -4.0401319713075301 0.17621554917292281 0.020946727506348344 -0.00046349502990575969 -0.21051652071685878 0.66426827139096711 0.1108781770592846 -0.16804174922927712 1.0216622972853111 -17.088374656911068 -0.078963460461166438 0.20074407543625994 -11.893241439115437 0.034266703092786038 -2.6617420594712464 0.08429742523206564 23.261372390350289 -1.1443908941542822 -0.16189348060832021 0.036104260729494381 12.083028849869041 -0.037138873009306385 -0.17180454017431337 0.022025718931308343 71.960470536111444 -0.23459465384869707 -6.6627145637238279 0.041215936097379793
-0.19136690201620962 -5.1385697264075683 0.29557774579043872 -35.907056037271218 -0.1252192522045863 -16.80621622677663 0.032405269611230886 0.16196015035384997 13.369389790959064 -0.35441255377650682 0.020395942994629671 -0.061447936450751764 -2.8419464099372154 -0.21051652071685889 2.4609029072674362 0.11087817705928468 -0.19250259589386876 4.1210014157566324 0.004229775483692794 -0.027377408937847566 0.034266703092786073 -10.228724641360508 0.084297425232065765 -0.24968228371139345 20.75982594690851 -0.70042721971540989 -0.017576699928337186 -0.056394346216449669 -0.0371388730093061 9.8942900502313833 0.022025718931308311 0.88540628008128563 -0.23459465384869732 59.370947405893965 0.041215936097379849 -7.0339156581920834
0.23967503610678559 0.048652365759805465 12.48694379622625 -0.06622288486459868 -0.53685540021846001 0.032405269611230851 -12.610090192901517 -0.12521925220458266 0.020946727506348357 -0.0004634950299057701 -4.0401319713075319 0.17621554917292293 0.11087817705928454 -0.16804174922927698 -0.21051652071685056 0.66426827139094002 -0.07896346046116641 0.20074407543626033 1.0216622972852976 -17.088374656911078 43.180219227902796 -0.079454502098182167 8.5720180741438146 -0.32439607500549883 -0.16189348060832021 0.036104260729494464 23.261372390350285 -1.1443908941542789 -0.17180454017431351 0.022025718931308388 12.083028849869049 -0.03713887300930209 70.194819492992295 -0.16368737098587416 -8.6564381426167749 0.026876816099964791
0.048652365759805541 1.7569535680868975 -0.066222884864598708 9.8547411575251438 0.032405269611230886 0.16196015035385042 -0.12521925220458283 -16.806216226776641 0.020395942994629601 -0.061447936450751764 13.36938979095906 -0.35441255377651193 2.4609029072674367 0.1108781770592846 -2.8419464099372398 -0.21051652071685067 0.0042297754836927853 -0.027377408937847566 -0.19250259589386648 4.1210014157566315 -0.079454502098182653 39.045458716241924 -0.32439607500549911 2.3502972247929086 -0.017576699928336856 -0.05639434621644971 20.759825946908489 -0.70042721971541144 0.022025718931308353 0.88540628008128597 -0.03713887300930209 9.894290050231378 -0.16368737098587463 60.646675742480966 0.026876816099965017 -4.9571310650177081
0.18827844490275733 -7.9707826522171183 3.7415462185154285 -36.500554011226605 0.78157384962491694 -16.904133604194445 0.067523395596073815 0.20425866777780077 13.698169571166593 0.53917962542837894 0.01283888810207664 -0.084309468859471826 -3.5013068686203179 -0.15517965230343669 2.0774890054857362 0.090700521523372185 0.061317624882553455 5.3522939233584443 0.010068712364876168 -0.041067284072417762 0.90726091101179129 -10.310047750936228 0.26599930763385671 -1.0984180943957593 19.133327117383629 0.60716613892262317 -0.011357463194270966 -0.075270687439062761 -0.87771063531824156 8.1187792357511501 0.024495360340512334 1.2380179509586631 -5.3915419345609026 59.272532888807326 0.13346076253518555 -1.6053320486412017
3.0315596068134987 -39.639004124104893 0.18827844490275739 -7.9707826522171183 0.019908417191755758 -1.4890323846553526 -0.04772300443514936 0.62154761663135427 0.53917962542837894 12.622349026123359 -0.084309468859471826 -0.31888356457408817 -9.3942229912627617 1.4350114207801254 -5.2293885682691474 -0.4490802362439581 4.5569219162127208 0.061317624882553344 0.0023624390687072838 0.010068712364876197 0.26599930763385676 -1.0984180943957593 -0.13096131405548123 -11.737067434792436 0.60716613892262339 17.068035147514788 -0.075270687439062609 -0.22680925606308616 0.37537451479934075 -24.766814334642067 -0.13740687272101598 4.9332727322784349 0.1334607625351853 -1.6053320486412039 -5.3779098741565869 75.651631702464641
-0.038399456819718 2.3332080990607991 -0.96550207012374512 10.027012551347848 0.067523395596073871 0.20425866777780111 0.7815738496249226 -16.904133604194442 0.012838888102076125 -0.084309468859471826 13.698169571166597 0.53917962542837339 2.0774890054857362 0.090700521523372227 -3.5013068686203308 -0.15517965230342967 0.010068712364876197 -0.041067284072417602 0.061317624882555821 5.3522939233584461 -3.2477003776165478 39.398388313489598 -0.94775320979917432 4.8362206543469393 -0.011357463194271571 -0.075270687439062678 19.133327117383622 0.60716613892262039 0.024495360340512348 1.2380179509586628 -0.87771063531824023 8.1187792357511537 -5.1891394937019104 60.620628284373851 0.19930100378390375 -0.52648166113367989
-0.9728004403467051 8.0748425855313979 -0.038399456819718104 2.3332080990607991 -0.04772300443514936 0.6215476166313546 0.019908417191750127 -1.4890323846553275 -0.084309468859471798 -0.31888356457408817 0.53917962542837361 12.622349026123352 -5.2293885682691474 -0.44908023624395788 -9.3942229912626196 1.435011420780083 0.0023624390687073983 0.010068712364876192 4.5569219162127101 0.061317624882555766 -0.94775320979917455 4.836220654346941 -0.11022678430474081 34.300050666726555 -0.075270687439062761 -0.22680925606308627 0.60716613892262017 17.068035147514774 -0.13740687272101584 4.9332727322784358 0.3753745147993191 -24.766814334641928 0.19930100378390314 -0.52648166113368033 -6.2548790147397195 61.737862155495776
0.94538449589857132 -38.998852124546545 -0.14471287641327618 -5.3605506981207514 0.14312219723172312 -0.26509448544586889 -0.06484630023785927 0.60222674921101749 -0.42891509826253815 12.331703210185001 -0.085265301384698899 -0.31133715621502417 -9.0756604533025946 0.93569690164115904 -5.4140683238154068 -0.49476816228020049 3.5471955694118056 -0.23370000211045514 -0.011940966436751306 0.0053380621913093462 0.058192709440126111 -0.35401192161396933 -0.32932508372593278 -11.681849041008665 -0.86785810638655447 18.427814530327591 -0.070357816115895325 -0.21206274648765089 0.57115580597185966 -25.308709315997096 -0.30224154327338509 4.8226870760550931 0.04146209803606881 -5.8579315987412217 -0.23116606033908021 75.750292381489999
-28.868392473862926 0.9453844958985731 -0.89642457869226189 -0.14471287641327593 2.4977204187920483 0.14312219723172315 -0.17097334831619337 -0.064846300237859228 0.21434951344209718 -3.5089943669904131 -0.00047414156339402932 0.020798440424225999 0.93569690164115971 -7.109733750698247 -0.49476816228020049 -0.54565019747921051 -14.002356140324276 1.2432284580862083 -0.18915202640018827 -0.10695674110119466 -1.9871116212226927 0.058192709440126167 -2.4968515898597481 -0.32932508372593272 -1.4111103408663572 19.546449731077903 0.057070007038994897 0.13012169486480138 1.8491709768183502 0.57115580597185989 -2.2713554305083954 -0.30224154327338515 -6.6729180306185389 0.041462098036068706 71.818354575548682 -0.23116606033908035
-0.23783269574237459 7.8902501616346425 0.036331335685750463 1.6159094604291111 -0.064846300237859242 0.60222674921101738 0.14312219723171776 -0.26509448544584535 -0.085265301384698899 -0.31133715621502434 -0.42891509826254293 12.331703210184989 -5.4140683238154068 -0.49476816228020071 -9.0756604533024543 0.93569690164112229 -0.011940966436751351 0.0053380621913093436 3.5471955694117945 -0.23370000211045361 -0.22630063398785893 1.9912959865803239 1.2868387363590164 34.045216510496516 -0.070357816115895422 -0.21206274648765105 -0.86785810638655692 18.427814530327574 -0.30224154327338504 4.8226870760550939 0.57115580597183802 -25.308709315996971 0.028105851948781485 -4.8768290412405513 -0.14656910990626129 61.765138649451707
10.198380657726632 -0.23783269574237453 0.075363595451969842 0.036331335685750477 -0.17097334831619351 -0.064846300237859256 2.4977204187920563 0.14312219723171765 -0.00047414156339403886 0.020798440424226079 0.21434951344209729 -3.5089943669904082 -0.49476816228020049 -0.54565019747921051 0.93569690164112163 -7.1097337506981688 -0.1891520264001883 -0.10695674110119469 -14.002356140324236 1.243228458086199 6.8008377192892064 -0.22630063398785921 18.510859288016306 1.2868387363590164 0.057070007038995008 0.13012169486480141 -1.4111103408663546 19.546449731077878 -2.2713554305083954 -0.30224154327338509 1.8491709768183473 0.5711558059718379 -7.5735803604993635 0.028105851948781388 85.277082751809132 -0.14656910990626082
-29.248037820781875 3.7775974217081272 -4.3423930514172504 0.44878509754212248 1.590927316962544 0.24103957464952713 -0.20609147430103633 -0.107144817661809 -0.11443026676544135 -4.4025865461952973 0.0070829133291585369 0.043659972832945849 1.5950573603242588 -7.165070619111666 -0.11135426049849972 -0.52547254194329795 -14.2561763611007 0.011935950484394081 -0.1949909632813705 -0.093266865966624701 -2.860105829141697 0.13951581901584259 -2.6785534722615387 0.51941072695843382 0.21538848865851465 18.238856372439852 0.050850770304929606 0.14899803608741374 2.689742739127285 2.346666620452095 -2.2738250719175985 -0.65485321415076214 -1.5159707499063295 0.13987661512273453 71.726109749110847 -5.659749669889961
-4.3423930514172522 0.44878509754212198 -48.140862089649055 2.9058096998868002 -12.486876412861527 1.0987186470048971 -0.55397869602116978 0.013084402190894077 -5.0082266949984451 -0.11443026676544141 0.019990894981121259 0.007082913329158556 0.10804601724330162 0.16495375225200135 -0.073801578486977271 -0.21372967526551967 0.011935950484394102 -17.383392283904069 -0.093266865966624674 0.19601342526269297 -12.101048037309173 0.77867287587457545 -2.860105829141697 0.13951581901584253 21.786348145041078 0.21538848865851482 -0.15698060928515234 0.050850770304929536 12.278810141041559 -0.57903385436434063 -0.33663921072668196 -0.088559937292030697 71.868471871612329 -4.4871942039487056 -1.5159707499063277 0.13987661512273478
10.285432480306159 -0.81408722671627454 0.97464278071111654 -0.13594005813694973 -0.20609147430103639 -0.10714481766180906 1.5909273169625502 0.24103957464952014 0.0070829133291585283 0.043659972832945905 -0.11443026676544089 -4.4025865461952947 -0.11135426049849939 -0.52547254194329807 1.5950573603242115 -7.1650706191115896 -0.1949909632813708 -0.093266865966624701 -14.256176361100659 0.01193595048438331 9.969083594807568 -0.57923023123554962 19.13421642280997 -1.1990846931950174 0.05085077030492955 0.14899803608741397 0.21538848865851773 18.238856372439844 -2.2738250719175985 -0.65485321415076192 2.689742739127285 2.3466666204520661 -2.5481282377833261 0.054153310055883377 85.104658564125245 -4.577218513790287
0.97464278071111621 -0.1359400581369497 12.561674588731719 -0.78352152349628557 -0.55397869602116978 0.013084402190894065 -12.48687641286155 1.0987186470049011 0.019990894981121415 0.0070829133291585352 -5.0082266949984477 -0.11443026676544088 -0.073801578486977271 -0.21372967526551956 0.1080460172433082 0.16495375225197917 -0.093266865966624646 0.19601342526269291 0.011935950484383449 -17.383392283904087 43.901671803714102 -2.9243791698647965 9.969083594807568 -0.57923023123554906 -0.15698060928515201 0.050850770304929543 21.786348145041114 0.21538848865851784 -0.33663921072668207 -0.088559937292030655 12.278810141041568 -0.57903385436433852 70.023624341157188 -4.5140347510927379 -2.548128237783327 0.054153310055883787
1.2893312987009167 0.040652581378921963 16.011964307149892 -0.084525688190830284 0.3451369213903191 0.036188633960350165 -12.455541651225827 -0.11754176778656926 0.31148180569704265 0.0064996432564462647 -4.0471057561273724 -0.076185564748597182 0.086090295542207956 -0.21939181670658997 -0.14951751086236076 0.16956397823314401 -0.094202599574678678 1.4208707332952175 0.023101800227240531 -17.101128798437589 44.763382053914206 -0.098972546910207765 10.157372148189276 -0.2375845917067344 -1.8300469599296978 0.026991711070947531 23.291450686318342 0.25704313845502302 -1.2182146491350745 4.8272070240454323e-05 12.303257229311839 0.0038648030901529129 64.85323285167182 -0.14579157402603513 -2.4382337763243669 0.014661643175673103
0.040652581378922047 2.9084032696899671 -0.084525688190830367 12.641565751137382 0.036188633960350158 1.420519082569272 -0.11754176778656959 -16.927237835963901 -0.94828205076899952 -0.12255417087631586 13.406678660450684 0.53976289550108636 2.335052533591405 0.086090295542207915 -3.6611987426495158 -0.14951751086236076 -0.0010971373779808415 -0.32333076953891027 0.06225335849060909 4.1274366153259212 -0.098972546910208764 40.131510528552504 -0.23758459170673446 4.898025719110632 -1.5164600044714955 -0.11692533723556763 20.806393468028169 0.6310251981566023 4.8272070240447384e-05 0.65511929350417186 0.0038648030901528435 8.030171026388885 -0.14579157402603543 56.354584525500755 0.014661643175673353 -0.4101713470871739
12.363607806840202 -0.30278952467153947 1.2893312987009178 0.040652581378921956 -0.32552188999188425 -0.072523784655873225 1.6157280971832746 0.13933883288259852 0.0064996432564462621 0.27319955434574633 -0.076185564748597209 -3.5159575052767611 -0.55576717213469307 -0.050945904321408608 0.96048478315819819 -7.0583836832208569 0.8094084706578728 -0.094202599574678775 -13.987117001210727 0.023101800227240614 10.157372148189273 -0.23758459170673446 19.419391675779188 1.2934254073389284 0.026991711070947524 -1.271312337744503 0.25704313845502269 19.555562280736428 -2.4915838099511869 -0.34324521937284164 2.8955810857791096 0.59313325283290641 -2.4382337763243678 0.014661643175672853 79.945699577383465 -0.12891947488511113
-0.30278952467153958 10.899055726960064 0.040652581378921998 2.9084032696899662 -0.07252378465587328 0.72324835839827806 0.13933883288259868 -1.5236534176612644 -0.1225541708763159 -1.2055126054926233 0.53976289550108625 12.392809444610551 -4.5948159911031228 -0.55576717213469329 -8.9498100796264168 0.9604847831581993 -0.26669692082122765 -0.001097137377980861 3.5525224822734671 0.062253358490609 -0.2375845917067344 4.8980257191106311 1.2934254073389302 35.23559796070969 -0.11692533723556764 -1.5435151643596658 0.63102519815660219 18.488345521346687 -0.34324521937284164 6.6868060998976029 0.59313325283290652 -25.078422329419858 0.014661643175673148 -0.41017134708717529 -0.1289194748851113 56.297063373020585
-4.5306714963200099 8.4195677497592438 -51.882408308164472 39.406363711113393 -13.268450262486438 18.002852251199347 -0.62150209161724457 -0.19117426558690728 -18.706396266165036 -0.65360989219382126 0.0071520068790439798 0.091392382188630439 3.6093528858636157 0.32013340455543871 -2.1512905839727119 -0.30443019678889199 -0.049381674398159645 -22.735686207262521 -0.10333557833150094 0.23708070933510977 -13.008308948320964 11.088720626810801 -3.1261051367755539 1.2379339134116016 2.6530210276574908 -0.39177765026410899 -0.14562314609088059 0.12612145774399239 13.156520776359798 -8.6978130901154902 -0.3611345710671951 -1.3265778882506938 77.260013806173234 -63.759727092756002 -1.6494315124415131 1.7452086637639364
-32.279597427595363 43.416601545813066 -4.5306714963200099 8.4195677497592403 1.5710188997707879 1.7300719593048801 -0.1583684698658869 -0.72869243429316333 -0.65360989219382082 -17.024935572318675 0.091392382188630397 0.36254353740703327 10.989280351587013 -8.6000820398917899 5.1180343077706469 -0.076392305699339857 -18.813098277313422 -0.049381674398159589 -0.19735340235007903 -0.10333557833150098 -3.1261051367755539 1.2379339134116019 -2.5475921582060574 12.256478161750866 -0.39177765026410866 1.1708212249250722 0.12612145774399236 0.37580729215050018 2.3143682243279478 27.113480955094136 -2.1364181991965836 -5.5881259464291961 -1.6494315124415142 1.7452086637639379 77.10401962326749 -81.311381372354674
1.0130422375308339 -2.4691481571977487 13.527176658855467 -10.810534074844131 -0.6215020916172449 -0.19117426558690737 -13.268450262486477 18.002852251199343 0.0071520068790443684 0.091392382188630356 -18.706396266165047 -0.65360989219381438 -2.1512905839727128 -0.30443019678889199 3.6093528858636383 0.32013340455540901 -0.10333557833150099 0.23708070933510966 -0.04938167439817237 -22.735686207262525 47.149372181330627 -42.322767483354411 10.916836804606746 -5.4154508855824908 -0.14562314609088056 0.12612145774399244 2.6530210276574948 -0.39177765026410216 -0.3611345710671951 -1.3265778882506938 13.156520776359802 -8.6978130901154938 75.212763834859032 -65.134663035466616 -2.7474292415672275 0.58063497118956431
11.258232920652864 -8.888929812247671 1.0130422375308343 -2.4691481571977487 -0.15836846986588696 -0.72869243429316355 1.5710188997708006 1.7300719593048481 0.091392382188630328 0.36254353740703349 -0.65360989219381471 -17.024935572318643 5.1180343077706478 -0.076392305699339635 10.989280351586826 -8.6000820398916726 -0.19735340235007928 -0.10333557833150103 -18.813098277313365 -0.049381674398172003 10.916836804606746 -5.4154508855824908 19.244443207114703 -35.499135359921574 0.12612145774399247 0.37580729215050074 -0.39177765026410222 1.170821224925068 -2.136418199196584 -5.5881259464291944 2.3143682243279668 27.113480955093991 -2.7474292415672301 0.5806349711895642 91.359537578864931 -66.315080669286075
26.612174533360587 -1.1367513979147823 -46.911446189640742 0.44029062220371429 -15.107810611693523 -0.26834144943630939 -0.36588205190226825 0.097251569849090141 -4.2544814847496291 3.6852099161633332 0.021420869069742068 -0.021261935454131946 -1.1462134223580183 7.7740020220892108 0.60564633933948508 0.3776084482499335 15.024018437609582 -18.331603114997275 0.11018856593902139 0.30770081653745285 -9.906129817892749 -0.023926006347340278 -0.16489046961149503 0.41362250895799824 24.672482731216657 -20.69084062523217 -0.21896348764731494 -0.094017434135306832 10.233857873050692 -0.60829467898116596 2.0995508903340818 0.3242672622046936 78.633388566730005 -0.27605675188476514 -78.48106913927252 0.27238199643645811
-1.1367513979147827 33.860282398139034 0.44029062220371434 -30.546505339150457 -0.26834144943630955 -16.541121741330766 0.097251569849090169 -0.44026659885716618 13.798304889221605 -12.686115763961499 0.10566124437932813 0.24988921976427225 6.2337140433653824 -1.1462134223580196 7.8749712310828412 0.60564633933948564 -3.7396981653056742 4.3547014178670835 0.016170741920443994 -0.032715471129157042 -0.023926006347340219 -9.8747127197465456 0.41362250895799846 11.432166757297265 21.627684053295056 -19.128241750042996 0.052781116187558388 0.15566840027120107 -0.60829467898116529 35.202999366228489 0.32426726220469337 -3.9372807959738085 -0.27605675188476592 65.228879004635175 0.272381996436458 -82.784208039682113
-9.9587056216198508 0.28648506150217951 12.411580200774276 -0.1025542205503491 -0.36588205190226852 0.097251569849090183 -15.107810611693573 -0.26834144943630023 0.021420869069742176 -0.021261935454132002 -4.2544814847496291 3.6852099161633314 0.60564633933948508 0.37760844824993378 -1.1462134223579725 7.7740020220891068 0.11018856593902139 0.30770081653745268 15.024018437609534 -18.331603114997272 36.379381508613562 0.1468461318896771 -9.938841213872486 -1.6112348113645139 -0.21896348764731463 -0.094017434135307276 24.672482731216643 -20.690840625232152 2.0995508903340818 0.3242672622046936 10.233857873050699 -0.60829467898114054 77.76839985349163 -0.19179322293465587 -93.933520894425939 0.17344592600622452
0.28648506150217989 -6.1332965935477439 -0.10255422055034918 8.2388316970960318 0.097251569849090169 -0.44026659885716596 -0.26834144943630073 -16.541121741330805 0.10566124437932814 0.24988921976427242 13.798304889221605 -12.686115763961501 7.8749712310828421 0.60564633933948553 6.2337140433652163 -1.1462134223579734 0.016170741920444015 -0.032715471129156973 -3.7396981653056605 4.3547014178670844 0.14684613188967616 37.054162729661591 -1.611234811364513 -31.694919285703602 0.052781116187557736 0.15566840027120063 21.627684053295052 -19.128241750042978 0.32426726220469348 -3.9372807959738081 -0.60829467898114031 35.202999366228354 -0.1917932229346562 65.523504783721492 0.1734459260062268 -66.722269714469419
-5.7107763883168072 -0.16706265446596724 -65.033802778731868 0.3757821882880974 -12.800678572616112 -0.15373040174692226 12.800678572616144 0.15373040174691899 -4.3585875618244136 -0.082685208005043614 4.3585875618244145 0.082685208005043392 -0.23560780640457407 0.38895579493975524 0.2356078064045683 -0.38895579493973181 0.11730439980192962 -18.521999531732806 -0.11730439980191885 18.521999531732806 -60.01315792192969 0.14452320772186988 -13.727646595423407 0.31529534595888575 25.121497646248024 0.23005142738407225 -25.12149764624802 -0.23005142738407527 13.521471878446901 0.0038165310199096622 -13.521471878446913 -0.0038165310199125835 1.9718911002646138 -0.075358871049551995 1.1069023870262746 0.0089046579005574548
-0.1670626544659673 -11.055778561422954 0.37578218828809695 -49.841115597669443 -0.15373040174692251 -18.347756918533168 0.15373040174691915 18.347756918533165 14.354960711219684 0.66231706637740684 -14.35496071121967 -0.66231706637740095 -5.9962512762408995 -0.23560780640457429 5.996251276240919 0.23560780640456835 0.063350495868588222 4.4507673848648306 -0.063350495868589971 -4.4507673848648315 0.14452320772187041 -53.266964902443334 0.3152953459588862 -6.3380894530352032 22.322853472499659 0.7479505353921736 -22.322853472499652 -0.74795053539216971 0.0038165310199097212 7.3750517328847049 -0.0038165310199126112 -7.3750517328847085 -0.075358871049552495 -1.4502948137601452 0.0089046579005573924 -1.1556690346738163
-42.28165654329726 1.2561738049509945 -5.7107763883168046 -0.16706265446596677 1.9412499871751521 0.21186261753847693 -1.9412499871751581 -0.21186261753847146 -0.082685208005043545 -3.7891570596225113 0.082685208005043406 3.7891570596225077 1.5162519552929292 -7.0074377788995248 -1.5162519552928897 7.007437778899444 -14.796525471868637 0.11730439980192973 14.796525471868595 -0.11730439980191874 -13.727646595423407 0.31529534595888642 -23.501597339684412 -1.7095619743636252 0.23005142738407228 20.826874618480925 -0.23005142738407541 -20.826874618480918 5.3871648957302982 0.93637847220576931 -5.3871648957302938 -0.93637847220574677 1.1069023870262726 0.0089046579005576422 -14.345549368127134 -0.090031412529674504
1.2561738049509941 -51.049357553109743 -0.16706265446596691 -11.055778561422953 0.2118626175384771 -2.2469017760595666 -0.21186261753847163 2.2469017760595409 0.66231706637740695 13.598322050103182 -0.66231706637740073 -13.598322050103173 -4.3549940885234495 1.516251955292929 4.3549940885232914 -1.5162519552928897 3.819219403094706 0.06335049586858818 -3.8192194030946958 -0.063350495868589901 0.31529534595888598 -6.3380894530352032 -1.7095619743636263 -49.465175496036075 0.7479505353921736 20.031860685706381 -0.74795053539216994 -20.031860685706352 0.93637847220576931 -31.76522842931757 -0.93637847220574599 31.765228429317443 0.0089046579005573334 -1.1556690346738168 -0.090031412529674948 14.90626929053888
D667RT mesh=d667_curved_hex_w6.mesh INTEG=wgradneg RULE=default n=36
29.918048736457045 -0.95338428027945554 4.4214450896158928 0.12641007308704436 -1.6157280971832682 -0.13933883288260374 0.32552188999188458 0.07252378465587285 0.076185564748597334 3.5159575052767629 -0.0064996432564462352 -0.27319955434574589 -0.96048478315823549 7.058383683220935 0.55576717213469051 0.050945904321414069 13.987117001210764 -0.023101800227250991 -0.80940847065786936 0.094202599574678067 3.5702744472341372 -0.077710754252151959 4.0822056639052136 0.41613656702469726 -0.25704313845501964 -19.555562280736424 -0.026991711070947427 1.2713123377445001 -2.895581085779114 -0.5931332528329275 2.4915838099511869 0.34324521937284003 1.3313313892980994 -0.023566301076230513 -65.600150209256284 0.21895088741478655
-0.95338428027945332 40.150301826149658 0.12641007308704441 8.1473752917329954 -0.13933883288260379 1.5236534176612881 0.072523784655872961 -0.72324835839827628 -0.53976289550109136 -12.392809444610563 0.12255417087631552 1.2055126054926215 8.9498100796265643 -0.96048478315823549 4.5948159911031343 0.55576717213469096 -3.5525224822734787 -0.062253358490607376 0.2666969208212267 0.0010971373779809731 -0.077710754252151959 1.4400637339245743 0.41613656702469748 14.229577535326387 -0.63102519815660596 -18.488345521346716 0.11692533723556744 1.5435151643596654 -0.59313325283292728 25.078422329419972 0.34324521937284014 -6.686806099897594 -0.023566301076230461 1.5658403817609952 0.21895088741478649 -71.203332663559479
4.4214450896158928 0.12641007308704458 49.021838471581923 -0.29125650009726728 12.455541651225801 0.11754176778657234 -0.34513692139032093 -0.036188633960350026 4.0471057561273724 0.076185564748597376 -0.31148180569704231 -0.0064996432564462352 0.14951751086236614 -0.16956397823316577 -0.086090295542207512 0.21939181670658847 -0.023101800227251116 17.101128798437578 0.094202599574678053 -1.4208707332952171 15.249775868015512 -0.045550660811661356 3.5702744472341368 -0.077710754252151751 -23.291450686318324 -0.25704313845501975 1.8300469599296938 -0.026991711070947413 -12.303257229311827 -0.0038648030901501586 1.2182146491350747 -4.827207024022534e-05 -66.82512395193649 0.22115044507558784 1.3313313892980982 -0.023566301076230617
0.1264100730870448 8.1473752917329954 -0.29125650009726656 37.199549846532058 0.11754176778657234 16.927237835963894 -0.036188633960349985 -1.4205190825692702 -13.406678660450678 -0.53976289550109158 0.94828205076899874 0.12255417087631552 3.6611987426494998 0.1495175108623662 -2.3350525335914045 -0.086090295542207512 -0.062253358490607376 -4.1274366153259203 0.0010971373779809627 0.32333076953891005 -0.045550660811661522 13.135454373890818 -0.077710754252151931 1.4400637339245741 -20.806393468028155 -0.63102519815660574 1.5164600044714946 0.11692533723556742 -0.0038648030901503256 -8.0301710263888815 -4.827207024022187e-05 -0.65511929350417053 0.22115044507558776 -54.904289711740617 -0.023566301076230822 1.5658403817609936
2.256217940502323 0.19136690201620987 47.807870768332961 -0.29557774579043877 12.610090192901492 0.12521925220458624 0.53685540021846001 -0.032405269611230927 4.0401319713075301 -0.17621554917292281 -0.020946727506348344 0.00046349502990575969 0.21051652071685878 -0.66426827139096711 -0.1108781770592846 0.16804174922927712 -1.0216622972853111 17.088374656911068 0.078963460461166438 -0.20074407543625994 11.893241439115437 -0.034266703092786038 2.6617420594712464 -0.08429742523206564 -23.261372390350289 1.1443908941542822 0.16189348060832021 -0.036104260729494381 -12.083028849869041 0.037138873009306385 0.17180454017431337 -0.022025718931308343 -71.960470536111444 0.23459465384869707 6.6627145637238279 -0.041215936097379793
0.19136690201620962 5.1385697264075683 -0.29557774579043872 35.907056037271218 0.1252192522045863 16.80621622677663 -0.032405269611230886 -0.16196015035384997 -13.369389790959064 0.35441255377650682 -0.020395942994629671 0.061447936450751764 2.8419464099372154 0.21051652071685889 -2.4609029072674362 -0.11087817705928468 0.19250259589386876 -4.1210014157566324 -0.004229775483692794 0.027377408937847566 -0.034266703092786073 10.228724641360508 -0.084297425232065765 0.24968228371139345 -20.75982594690851 0.70042721971540989 0.017576699928337186 0.056394346216449669 0.0371388730093061 -9.8942900502313833 -0.022025718931308311 -0.88540628008128563 0.23459465384869732 -59.370947405893965 -0.041215936097379849 7.0339156581920834
-0.23967503610678559 -0.048652365759805465 -12.48694379622625 0.06622288486459868 0.53685540021846001 -0.032405269611230851 12.610090192901517 0.12521925220458266 -0.020946727506348357 0.0004634950299057701 4.0401319713075319 -0.17621554917292293 -0.11087817705928454 0.16804174922927698 0.21051652071685056 -0.66426827139094002 0.07896346046116641 -0.20074407543626033 -1.0216622972852976 17.088374656911078 -43.180219227902796 0.079454502098182167 -8.5720180741438146 0.32439607500549883 0.16189348060832021 -0.036104260729494464 -23.261372390350285 1.1443908941542789 0.17180454017431351 -0.022025718931308388 -12.083028849869049 0.03713887300930209 -70.194819492992295 0.16368737098587416 8.6564381426167749 -0.026876816099964791
-0.048652365759805541 -1.7569535680868975 0.066222884864598708 -9.8547411575251438 -0.032405269611230886 -0.16196015035385042 0.12521925220458283 16.806216226776641 -0.020395942994629601 0.061447936450751764 -13.36938979095906 0.35441255377651193 -2.4609029072674367 -0.1108781770592846 2.8419464099372398 0.21051652071685067 -0.0042297754836927853 0.027377408937847566 0.19250259589386648 -4.1210014157566315 0.079454502098182653 -39.045458716241924 0.32439607500549911 -2.3502972247929086 0.017576699928336856 0.05639434621644971 -20.759825946908489 0.70042721971541144 -0.022025718931308353 -0.88540628008128597 0.03713887300930209 -9.894290050231378 0.16368737098587463 -60.646675742480966 -0.026876816099965017 4.9571310650177081
-0.18827844490275733 7.9707826522171183 -3.7415462185154285 36.500554011226605 -0.78157384962491694 16.904133604194445 -0.067523395596073815 -0.20425866777780077 -13.698169571166593 -0.53917962542837894 -0.01283888810207664 0.084309468859471826 3.5013068686203179 0.15517965230343669 -2.0774890054857362 -0.090700521523372185 -0.061317624882553455 -5.3522939233584443 -0.010068712364876168 0.041067284072417762 -0.90726091101179129 10.310047750936228 -0.26599930763385671 1.0984180943957593 -19.133327117383629 -0.60716613892262317 0.011357463194270966 0.075270687439062761 0.87771063531824156 -8.1187792357511501 -0.024495360340512334 -1.2380179509586631 5.3915419345609026 -59.272532888807326 -0.13346076253518555 1.6053320486412017
-3.0315596068134987 39.639004124104893 -0.18827844490275739 7.9707826522171183 -0.019908417191755758 1.4890323846553526 0.04772300443514936 -0.62154761663135427 -0.53917962542837894 -12.622349026123359 0.084309468859471826 0.31888356457408817 9.3942229912627617 -1.4350114207801254 5.2293885682691474 0.4490802362439581 -4.5569219162127208 -0.061317624882553344 -0.0023624390687072838 -0.010068712364876197 -0.26599930763385676 1.0984180943957593 0.13096131405548123 11.737067434792436 -0.60716613892262339 -17.068035147514788 0.075270687439062609 0.22680925606308616 -0.37537451479934075 24.766814334642067 0.13740687272101598 -4.9332727322784349 -0.1334607625351853 1.6053320486412039 5.3779098741565869 -75.651631702464641
0.038399456819718 -2.3332080990607991 0.96550207012374512 -10.027012551347848 -0.067523395596073871 -0.20425866777780111 -0.7815738496249226 16.904133604194442 -0.012838888102076125 0.084309468859471826 -13.698169571166597 -0.53917962542837339 -2.0774890054857362 -0.090700521523372227 3.5013068686203308 0.15517965230342967 -0.010068712364876197 0.041067284072417602 -0.061317624882555821 -5.3522939233584461 3.2477003776165478 -39.398388313489598 0.94775320979917432 -4.8362206543469393 0.011357463194271571 0.075270687439062678 -19.133327117383622 -0.60716613892262039 -0.024495360340512348 -1.2380179509586628 0.87771063531824023 -8.1187792357511537 5.1891394937019104 -60.620628284373851 -0.19930100378390375 0.52648166113367989
0.9728004403467051 -8.0748425855313979 0.038399456819718104 -2.3332080990607991 0.04772300443514936 -0.6215476166313546 -0.019908417191750127 1.4890323846553275 0.084309468859471798 0.31888356457408817 -0.53917962542837361 -12.622349026123352 5.2293885682691474 0.44908023624395788 9.3942229912626196 -1.435011420780083 -0.0023624390687073983 -0.010068712364876192 -4.5569219162127101 -0.061317624882555766 0.94775320979917455 -4.836220654346941 0.11022678430474081 -34.300050666726555 0.075270687439062761 0.22680925606308627 -0.60716613892262017 -17.068035147514774 0.13740687272101584 -4.9332727322784358 -0.3753745147993191 24.766814334641928 -0.19930100378390314 0.52648166113368033 6.2548790147397195 -61.737862155495776
-0.94538449589857132 38.998852124546545 0.14471287641327618 5.3605506981207514 -0.14312219723172312 0.26509448544586889 0.06484630023785927 -0.60222674921101749 0.42891509826253815 -12.331703210185001 0.085265301384698899 0.31133715621502417 9.0756604533025946 -0.93569690164115904 5.4140683238154068 0.49476816228020049 -3.5471955694118056 0.23370000211045514 0.011940966436751306 -0.0053380621913093462 -0.058192709440126111 0.35401192161396933 0.32932508372593278 11.681849041008665 0.86785810638655447 -18.427814530327591 0.070357816115895325 0.21206274648765089 -0.57115580597185966 25.308709315997096 0.30224154327338509 -4.8226870760550931 -0.04146209803606881 5.8579315987412217 0.23116606033908021 -75.750292381489999
28.868392473862926 -0.9453844958985731 0.89642457869226189 0.14471287641327593 -2.4977204187920483 -0.14312219723172315 0.17097334831619337 0.064846300237859228 -0.21434951344209718 3.5089943669904131 0.00047414156339402932 -0.020798440424225999 -0.93569690164115971 7.109733750698247 0.49476816228020049 0.54565019747921051 14.002356140324276 -1.2432284580862083 0.18915202640018827 0.10695674110119466 1.9871116212226927 -0.058192709440126167 2.4968515898597481 0.32932508372593272 1.4111103408663572 -19.546449731077903 -0.057070007038994897 -0.13012169486480138 -1.8491709768183502 -0.57115580597185989 2.2713554305083954 0.30224154327338515 6.6729180306185389 -0.041462098036068706 -71.818354575548682 0.23116606033908035
0.23783269574237459 -7.8902501616346425 -0.036331335685750463 -1.6159094604291111 0.064846300237859242 -0.60222674921101738 -0.14312219723171776 0.26509448544584535 0.085265301384698899 0.31133715621502434 0.42891509826254293 -12.331703210184989 5.4140683238154068 0.49476816228020071 9.0756604533024543 -0.93569690164112229 0.011940966436751351 -0.0053380621913093436 -3.5471955694117945 0.23370000211045361 0.22630063398785893 -1.9912959865803239 -1.2868387363590164 -34.045216510496516 0.070357816115895422 0.21206274648765105 0.86785810638655692 -18.427814530327574 0.30224154327338504 -4.8226870760550939 -0.57115580597183802 25.308709315996971 -0.028105851948781485 4.8768290412405513 0.14656910990626129 -61.765138649451707
-10.198380657726632 0.23783269574237453 -0.075363595451969842 -0.036331335685750477 0.17097334831619351 0.064846300237859256 -2.4977204187920563 -0.14312219723171765 0.00047414156339403886 -0.020798440424226079 -0.21434951344209729 3.5089943669904082 0.49476816228020049 0.54565019747921051 -0.93569690164112163 7.1097337506981688 0.1891520264001883 0.10695674110119469 14.002356140324236 -1.243228458086199 -6.8008377192892064 0.22630063398785921 -18.510859288016306 -1.2868387363590164 -0.057070007038995008 -0.13012169486480141 1.4111103408663546 -19.546449731077878 2.2713554305083954 0.30224154327338509 -1.8491709768183473 -0.5711558059718379 7.5735803604993635 -0.028105851948781388 -85.277082751809132 0.14656910990626082
29.248037820781875 -3.7775974217081272 4.3423930514172504 -0.44878509754212248 -1.590927316962544 -0.24103957464952713 0.20609147430103633 0.107144817661809 0.11443026676544135 4.4025865461952973 -0.0070829133291585369 -0.043659972832945849 -1.5950573603242588 7.165070619111666 0.11135426049849972 0.52547254194329795 14.2561763611007 -0.011935950484394081 0.1949909632813705 0.093266865966624701 2.860105829141697 -0.13951581901584259 2.6785534722615387 -0.51941072695843382 -0.21538848865851465 -18.238856372439852 -0.050850770304929606 -0.14899803608741374 -2.689742739127285 -2.346666620452095 2.2738250719175985 0.65485321415076214 1.5159707499063295 -0.13987661512273453 -71.726109749110847 5.659749669889961
4.3423930514172522 -0.44878509754212198 48.140862089649055 -2.9058096998868002 12.486876412861527 -1.0987186470048971 0.55397869602116978 -0.013084402190894077 5.0082266949984451 0.11443026676544141 -0.019990894981121259 -0.007082913329158556 -0.10804601724330162 -0.16495375225200135 0.073801578486977271 0.21372967526551967 -0.011935950484394102 17.383392283904069 0.093266865966624674 -0.19601342526269297 12.101048037309173 -0.77867287587457545 2.860105829141697 -0.13951581901584253 -21.786348145041078 -0.21538848865851482 0.15698060928515234 -0.050850770304929536 -12.278810141041559 0.57903385436434063 0.33663921072668196 0.088559937292030697 -71.868471871612329 4.4871942039487056 1.5159707499063277 -0.13987661512273478
-10.285432480306159 0.81408722671627454 -0.97464278071111654 0.13594005813694973 0.20609147430103639 0.10714481766180906 -1.5909273169625502 -0.24103957464952014 -0.0070829133291585283 -0.043659972832945905 0.11443026676544089 4.4025865461952947 0.11135426049849939 0.52547254194329807 -1.5950573603242115 7.1650706191115896 0.1949909632813708 0.093266865966624701 14.256176361100659 -0.01193595048438331 -9.969083594807568 0.57923023123554962 -19.13421642280997 1.1990846931950174 -0.05085077030492955 -0.14899803608741397 -0.21538848865851773 -18.238856372439844 2.2738250719175985 0.65485321415076192 -2.689742739127285 -2.3466666204520661 2.5481282377833261 -0.054153310055883377 -85.104658564125245 4.577218513790287
-0.97464278071111621 0.1359400581369497 -12.561674588731719 0.78352152349628557 0.55397869602116978 -0.013084402190894065 12.48687641286155 -1.0987186470049011 -0.019990894981121415 -0.0070829133291585352 5.0082266949984477 0.11443026676544088 0.073801578486977271 0.21372967526551956 -0.1080460172433082 -0.16495375225197917 0.093266865966624646 -0.19601342526269291 -0.011935950484383449 17.383392283904087 -43.901671803714102 2.9243791698647965 -9.969083594807568 0.57923023123554906 0.15698060928515201 -0.050850770304929543 -21.786348145041114 -0.21538848865851784 0.33663921072668207 0.088559937292030655 -12.278810141041568 0.57903385436433852 -70.023624341157188 4.5140347510927379 2.548128237783327 -0.054153310055883787
-1.2893312987009167 -0.040652581378921963 -16.011964307149892 0.084525688190830284 -0.3451369213903191 -0.036188633960350165 12.455541651225827 0.11754176778656926 -0.31148180569704265 -0.0064996432564462647 4.0471057561273724 0.076185564748597182 -0.086090295542207956 0.21939181670658997 0.14951751086236076 -0.16956397823314401 0.094202599574678678 -1.4208707332952175 -0.023101800227240531 17.101128798437589 -44.763382053914206 0.098972546910207765 -10.157372148189276 0.2375845917067344 1.8300469599296978 -0.026991711070947531 -23.291450686318342 -0.25704313845502302 1.2182146491350745 -4.8272070240454323e-05 -12.303257229311839 -0.0038648030901529129 -64.85323285167182 0.14579157402603513 2.4382337763243669 -0.014661643175673103
-0.040652581378922047 -2.9084032696899671 0.084525688190830367 -12.641565751137382 -0.036188633960350158 -1.420519082569272 0.11754176778656959 16.927237835963901 0.94828205076899952 0.12255417087631586 -13.406678660450684 -0.53976289550108636 -2.335052533591405 -0.086090295542207915 3.6611987426495158 0.14951751086236076 0.0010971373779808415 0.32333076953891027 -0.06225335849060909 -4.1274366153259212 0.098972546910208764 -40.131510528552504 0.23758459170673446 -4.898025719110632 1.5164600044714955 0.11692533723556763 -20.806393468028169 -0.6310251981566023 -4.8272070240447384e-05 -0.65511929350417186 -0.0038648030901528435 -8.030171026388885 0.14579157402603543 -56.354584525500755 -0.014661643175673353 0.4101713470871739
-12.363607806840202 0.30278952467153947 -1.2893312987009178 -0.040652581378921956 0.32552188999188425 0.072523784655873225 -1.6157280971832746 -0.13933883288259852 -0.0064996432564462621 -0.27319955434574633 0.076185564748597209 3.5159575052767611 0.55576717213469307 0.050945904321408608 -0.96048478315819819 7.0583836832208569 -0.8094084706578728 0.094202599574678775 13.987117001210727 -0.023101800227240614 -10.157372148189273 0.23758459170673446 -19.419391675779188 -1.2934254073389284 -0.026991711070947524 1.271312337744503 -0.25704313845502269 -19.555562280736428 2.4915838099511869 0.34324521937284164 -2.8955810857791096 -0.59313325283290641 2.4382337763243678 -0.014661643175672853 -79.945699577383465 0.12891947488511113
0.30278952467153958 -10.899055726960064 -0.040652581378921998 -2.9084032696899662 0.07252378465587328 -0.72324835839827806 -0.13933883288259868 1.5236534176612644 0.1225541708763159 1.2055126054926233 -0.53976289550108625 -12.392809444610551 4.5948159911031228 0.55576717213469329 8.9498100796264168 -0.9604847831581993 0.26669692082122765 0.001097137377980861 -3.5525224822734671 -0.062253358490609 0.2375845917067344 -4.8980257191106311 -1.2934254073389302 -35.23559796070969 0.11692533723556764 1.5435151643596658 -0.63102519815660219 -18.488345521346687 0.34324521937284164 -6.6868060998976029 -0.59313325283290652 25.078422329419858 -0.014661643175673148 0.41017134708717529 0.1289194748851113 -56.297063373020585
4.5306714963200099 -8.4195677497592438 51.882408308164472 -39.406363711113393 13.268450262486438 -18.002852251199347 0.62150209161724457 0.19117426558690728 18.706396266165036 0.65360989219382126 -0.0071520068790439798 -0.091392382188630439 -3.6093528858636157 -0.32013340455543871 2.1512905839727119 0.30443019678889199 0.049381674398159645 22.735686207262521 0.10333557833150094 -0.23708070933510977 13.008308948320964 -11.088720626810801 3.1261051367755539 -1.2379339134116016 -2.6530210276574908 0.39177765026410899 0.14562314609088059 -0.12612145774399239 -13.156520776359798 8.6978130901154902 0.3611345710671951 1.3265778882506938 -77.260013806173234 63.759727092756002 1.6494315124415131 -1.7452086637639364
32.279597427595363 -43.416601545813066 4.5306714963200099 -8.4195677497592403 -1.5710188997707879 -1.7300719593048801 0.1583684698658869 0.72869243429316333 0.65360989219382082 17.024935572318675 -0.091392382188630397 -0.36254353740703327 -10.989280351587013 8.6000820398917899 -5.1180343077706469 0.076392305699339857 18.813098277313422 0.049381674398159589 0.19735340235007903 0.10333557833150098 3.1261051367755539 -1.2379339134116019 2.5475921582060574 -12.256478161750866 0.39177765026410866 -1.1708212249250722 -0.12612145774399236 -0.37580729215050018 -2.3143682243279478 -27.113480955094136 2.1364181991965836 5.5881259464291961 1.6494315124415142 -1.7452086637639379 -77.10401962326749 81.311381372354674
-1.0130422375308339 2.4691481571977487 -13.527176658855467 10.810534074844131 0.6215020916172449 0.19117426558690737 13.268450262486477 -18.002852251199343 -0.0071520068790443684 -0.091392382188630356 18.706396266165047 0.65360989219381438 2.1512905839727128 0.30443019678889199 -3.6093528858636383 -0.32013340455540901 0.10333557833150099 -0.23708070933510966 0.04938167439817237 22.735686207262525 -47.149372181330627 42.322767483354411 -10.916836804606746 5.4154508855824908 0.14562314609088056 -0.12612145774399244 -2.6530210276574948 0.39177765026410216 0.3611345710671951 1.3265778882506938 -13.156520776359802 8.6978130901154938 -75.212763834859032 65.134663035466616 2.7474292415672275 -0.58063497118956431
-11.258232920652864 8.888929812247671 -1.0130422375308343 2.4691481571977487 0.15836846986588696 0.72869243429316355 -1.5710188997708006 -1.7300719593048481 -0.091392382188630328 -0.36254353740703349 0.65360989219381471 17.024935572318643 -5.1180343077706478 0.076392305699339635 -10.989280351586826 8.6000820398916726 0.19735340235007928 0.10333557833150103 18.813098277313365 0.049381674398172003 -10.916836804606746 5.4154508855824908 -19.244443207114703 35.499135359921574 -0.12612145774399247 -0.37580729215050074 0.39177765026410222 -1.170821224925068 2.136418199196584 5.5881259464291944 -2.3143682243279668 -27.113480955093991 2.7474292415672301 -0.5806349711895642 -91.359537578864931 66.315080669286075
-26.612174533360587 1.1367513979147823 46.911446189640742 -0.44029062220371429 15.107810611693523 0.26834144943630939 0.36588205190226825 -0.097251569849090141 4.2544814847496291 -3.6852099161633332 -0.021420869069742068 0.021261935454131946 1.1462134223580183 -7.7740020220892108 -0.60564633933948508 -0.3776084482499335 -15.024018437609582 18.331603114997275 -0.11018856593902139 -0.30770081653745285 9.906129817892749 0.023926006347340278 0.16489046961149503 -0.41362250895799824 -24.672482731216657 20.69084062523217 0.21896348764731494 0.094017434135306832 -10.233857873050692 0.60829467898116596 -2.0995508903340818 -0.3242672622046936 -78.633388566730005 0.27605675188476514 78.48106913927252 -0.27238199643645811
1.1367513979147827 -33.860282398139034 -0.44029062220371434 30.546505339150457 0.26834144943630955 16.541121741330766 -0.097251569849090169 0.44026659885716618 -13.798304889221605 12.686115763961499 -0.10566124437932813 -0.24988921976427225 -6.2337140433653824 1.1462134223580196 -7.8749712310828412 -0.60564633933948564 3.7396981653056742 -4.3547014178670835 -0.016170741920443994 0.032715471129157042 0.023926006347340219 9.8747127197465456 -0.41362250895799846 -11.432166757297265 -21.627684053295056 19.128241750042996 -0.052781116187558388 -0.15566840027120107 0.60829467898116529 -35.202999366228489 -0.32426726220469337 3.9372807959738085 0.27605675188476592 -65.228879004635175 -0.272381996436458 82.784208039682113
9.9587056216198508 -0.28648506150217951 -12.411580200774276 0.1025542205503491 0.36588205190226852 -0.097251569849090183 15.107810611693573 0.26834144943630023 -0.021420869069742176 0.021261935454132002 4.2544814847496291 -3.6852099161633314 -0.60564633933948508 -0.37760844824993378 1.1462134223579725 -7.7740020220891068 -0.11018856593902139 -0.30770081653745268 -15.024018437609534 18.331603114997272 -36.379381508613562 -0.1468461318896771 9.938841213872486 1.6112348113645139 0.21896348764731463 0.094017434135307276 -24.672482731216643 20.690840625232152 -2.0995508903340818 -0.3242672622046936 -10.233857873050699 0.60829467898114054 -77.76839985349163 0.19179322293465587 93.933520894425939 -0.17344592600622452
-0.28648506150217989 6.1332965935477439 0.10255422055034918 -8.2388316970960318 -0.097251569849090169 0.44026659885716596 0.26834144943630073 16.541121741330805 -0.10566124437932814 -0.24988921976427242 -13.798304889221605 12.686115763961501 -7.8749712310828421 -0.60564633933948553 -6.2337140433652163 1.1462134223579734 -0.016170741920444015 0.032715471129156973 3.7396981653056605 -4.3547014178670844 -0.14684613188967616 -37.054162729661591 1.611234811364513 31.694919285703602 -0.052781116187557736 -0.15566840027120063 -21.627684053295052 19.128241750042978 -0.32426726220469348 3.9372807959738081 0.60829467898114031 -35.202999366228354 0.1917932229346562 -65.523504783721492 -0.1734459260062268 66.722269714469419
5.7107763883168072 0.16706265446596724 65.033802778731868 -0.3757821882880974 12.800678572616112 0.15373040174692226 -12.800678572616144 -0.15373040174691899 4.3585875618244136 0.082685208005043614 -4.3585875618244145 -0.082685208005043392 0.23560780640457407 -0.38895579493975524 -0.2356078064045683 0.38895579493973181 -0.11730439980192962 18.521999531732806 0.11730439980191885 -18.521999531732806 60.01315792192969 -0.14452320772186988 13.727646595423407 -0.31529534595888575 -25.121497646248024 -0.23005142738407225 25.12149764624802 0.23005142738407527 -13.521471878446901 -0.0038165310199096622 13.521471878446913 0.0038165310199125835 -1.9718911002646138 0.075358871049551995 -1.1069023870262746 -0.0089046579005574548
0.1670626544659673 11.055778561422954 -0.37578218828809695 49.841115597669443 0.15373040174692251 18.347756918533168 -0.15373040174691915 -18.347756918533165 -14.354960711219684 -0.66231706637740684 14.35496071121967 0.66231706637740095 5.9962512762408995 0.23560780640457429 -5.996251276240919 -0.23560780640456835 -0.063350495868588222 -4.4507673848648306 0.063350495868589971 4.4507673848648315 -0.14452320772187041 53.266964902443334 -0.3152953459588862 6.3380894530352032 -22.322853472499659 -0.7479505353921736 22.322853472499652 0.74795053539216971 -0.0038165310199097212 -7.3750517328847049 0.0038165310199126112 7.3750517328847085 0.075358871049552495 1.4502948137601452 -0.0089046579005573924 1.1556690346738163
42.28165654329726 -1.2561738049509945 5.7107763883168046 0.16706265446596677 -1.9412499871751521 -0.21186261753847693 1.9412499871751581 0.21186261753847146 0.082685208005043545 3.7891570596225113 -0.082685208005043406 -3.7891570596225077 -1.5162519552929292 7.0074377788995248 1.5162519552928897 -7.007437778899444 14.796525471868637 -0.11730439980192973 -14.796525471868595 0.11730439980191874 13.727646595423407 -0.31529534595888642 23.501597339684412 1.7095619743636252 -0.23005142738407228 -20.826874618480925 0.23005142738407541 20.826874618480918 -5.3871648957302982 -0.93637847220576931 5.3871648957302938 0.93637847220574677 -1.1069023870262726 -0.0089046579005576422 14.345549368127134 0.090031412529674504
-1.2561738049509941 51.049357553109743 0.16706265446596691 11.055778561422953 -0.2118626175384771 2.2469017760595666 0.21186261753847163 -2.2469017760595409 -0.66231706637740695 -13.598322050103182 0.66231706637740073 13.598322050103173 4.3549940885234495 -1.516251955292929 -4.3549940885232914 1.5162519552928897 -3.819219403094706 -0.06335049586858818 3.8192194030946958 0.063350495868589901 -0.31529534595888598 6.3380894530352032 1.7095619743636263 49.465175496036075 -0.7479505353921736 -20.031860685706381 0.74795053539216994 20.031860685706352 -0.93637847220576931 31.76522842931757 0.93637847220574599 -31.765228429317443 -0.0089046579005573334 1.1556690346738168 0.090031412529674948 -14.90626929053888
D667RT mesh=d667_curved_hex_w6.mesh INTEG=wgrad RULE=o1 NPT=1 n=36
0 0 0 0 0 0 0 0 0 0 0 0 0 0 0 0 0 0 0 0 0 0 0 0 7.5512178350998385 7.5512178350998385 7.5512178350998385 7.5512178350998385 0.66820191879452595 0.66820191879452595 0.66820191879452595 0.66820191879452595 21.512404218356277 21.512404218356277 21.512404218356277 21.512404218356277
0 0 0 0 0 0 0 0 0 0 0 0 0 0 0 0 0 0 0 0 0 0 0 0 7.5512178350998385 7.5512178350998385 7.5512178350998385 7.5512178350998385 0.66820191879452595 0.66820191879452595 0.66820191879452595 0.66820191879452595 21.512404218356277 21.512404218356277 21.512404218356277 21.512404218356277
0 0 0 0 0 0 0 0 0 0 0 0 0 0 0 0 0 0 0 0 0 0 0 0 7.5512178350998385 7.5512178350998385 7.5512178350998385 7.5512178350998385 0.66820191879452595 0.66820191879452595 0.66820191879452595 0.66820191879452595 21.512404218356277 21.512404218356277 21.512404218356277 21.512404218356277
0 0 0 0 0 0 0 0 0 0 0 0 0 0 0 0 0 0 0 0 0 0 0 0 7.5512178350998385 7.5512178350998385 7.5512178350998385 7.5512178350998385 0.66820191879452595 0.66820191879452595 0.66820191879452595 0.66820191879452595 21.512404218356277 21.512404218356277 21.512404218356277 21.512404218356277
0 0 0 0 0 0 0 0 0 0 0 0 0 0 0 0 0 0 0 0 0 0 0 0 7.5512178350998385 7.5512178350998385 7.5512178350998385 7.5512178350998385 0.66820191879452595 0.66820191879452595 0.66820191879452595 0.66820191879452595 21.512404218356277 21.512404218356277 21.512404218356277 21.512404218356277
0 0 0 0 0 0 0 0 0 0 0 0 0 0 0 0 0 0 0 0 0 0 0 0 7.5512178350998385 7.5512178350998385 7.5512178350998385 7.5512178350998385 0.66820191879452595 0.66820191879452595 0.66820191879452595 0.66820191879452595 21.512404218356277 21.512404218356277 21.512404218356277 21.512404218356277
0 0 0 0 0 0 0 0 0 0 0 0 0 0 0 0 0 0 0 0 0 0 0 0 7.5512178350998385 7.5512178350998385 7.5512178350998385 7.5512178350998385 0.66820191879452595 0.66820191879452595 0.66820191879452595 0.66820191879452595 21.512404218356277 21.512404218356277 21.512404218356277 21.512404218356277
0 0 0 0 0 0 0 0 0 0 0 0 0 0 0 0 0 0 0 0 0 0 0 0 7.5512178350998385 7.5512178350998385 7.5512178350998385 7.5512178350998385 0.66820191879452595 0.66820191879452595 0.66820191879452595 0.66820191879452595 21.512404218356277 21.512404218356277 21.512404218356277 21.512404218356277
0 0 0 0 0 0 0 0 0 0 0 0 0 0 0 0 0 0 0 0 0 0 0 0 7.5512178350998385 7.5512178350998385 7.5512178350998385 7.5512178350998385 0.66820191879452595 0.66820191879452595 0.66820191879452595 0.66820191879452595 21.512404218356277 21.512404218356277 21.512404218356277 21.512404218356277
0 0 0 0 0 0 0 0 0 0 0 0 0 0 0 0 0 0 0 0 0 0 0 0 7.5512178350998385 7.5512178350998385 7.5512178350998385 7.5512178350998385 0.66820191879452595 0.66820191879452595 0.66820191879452595 0.66820191879452595 21.512404218356277 21.512404218356277 21.512404218356277 21.512404218356277
0 0 0 0 0 0 0 0 0 0 0 0 0 0 0 0 0 0 0 0 0 0 0 0 7.5512178350998385 7.5512178350998385 7.5512178350998385 7.5512178350998385 0.66820191879452595 0.66820191879452595 0.66820191879452595 0.66820191879452595 21.512404218356277 21.512404218356277 21.512404218356277 21.512404218356277
0 0 0 0 0 0 0 0 0 0 0 0 0 0 0 0 0 0 0 0 0 0 0 0 7.5512178350998385 7.5512178350998385 7.5512178350998385 7.5512178350998385 0.66820191879452595 0.66820191879452595 0.66820191879452595 0.66820191879452595 21.512404218356277 21.512404218356277 21.512404218356277 21.512404218356277
0 0 0 0 0 0 0 0 0 0 0 0 0 0 0 0 0 0 0 0 0 0 0 0 7.5512178350998385 7.5512178350998385 7.5512178350998385 7.5512178350998385 0.66820191879452595 0.66820191879452595 0.66820191879452595 0.66820191879452595 21.512404218356277 21.512404218356277 21.512404218356277 21.512404218356277
0 0 0 0 0 0 0 0 0 0 0 0 0 0 0 0 0 0 0 0 0 0 0 0 7.5512178350998385 7.5512178350998385 7.5512178350998385 7.5512178350998385 0.66820191879452595 0.66820191879452595 0.66820191879452595 0.66820191879452595 21.512404218356277 21.512404218356277 21.512404218356277 21.512404218356277
0 0 0 0 0 0 0 0 0 0 0 0 0 0 0 0 0 0 0 0 0 0 0 0 7.5512178350998385 7.5512178350998385 7.5512178350998385 7.5512178350998385 0.66820191879452595 0.66820191879452595 0.66820191879452595 0.66820191879452595 21.512404218356277 21.512404218356277 21.512404218356277 21.512404218356277
0 0 0 0 0 0 0 0 0 0 0 0 0 0 0 0 0 0 0 0 0 0 0 0 7.5512178350998385 7.5512178350998385 7.5512178350998385 7.5512178350998385 0.66820191879452595 0.66820191879452595 0.66820191879452595 0.66820191879452595 21.512404218356277 21.512404218356277 21.512404218356277 21.512404218356277
0 0 0 0 0 0 0 0 0 0 0 0 0 0 0 0 0 0 0 0 0 0 0 0 7.5512178350998385 7.5512178350998385 7.5512178350998385 7.5512178350998385 0.66820191879452595 0.66820191879452595 0.66820191879452595 0.66820191879452595 21.512404218356277 21.512404218356277 21.512404218356277 21.512404218356277
0 0 0 0 0 0 0 0 0 0 0 0 0 0 0 0 0 0 0 0 0 0 0 0 7.5512178350998385 7.5512178350998385 7.5512178350998385 7.5512178350998385 0.66820191879452595 0.66820191879452595 0.66820191879452595 0.66820191879452595 21.512404218356277 21.512404218356277 21.512404218356277 21.512404218356277
0 0 0 0 0 0 0 0 0 0 0 0 0 0 0 0 0 0 0 0 0 0 0 0 7.5512178350998385 7.5512178350998385 7.5512178350998385 7.5512178350998385 0.66820191879452595 0.66820191879452595 0.66820191879452595 0.66820191879452595 21.512404218356277 21.512404218356277 21.512404218356277 21.512404218356277
0 0 0 0 0 0 0 0 0 0 0 0 0 0 0 0 0 0 0 0 0 0 0 0 7.5512178350998385 7.5512178350998385 7.5512178350998385 7.5512178350998385 0.66820191879452595 0.66820191879452595 0.66820191879452595 0.66820191879452595 21.512404218356277 21.512404218356277 21.512404218356277 21.512404218356277
0 0 0 0 0 0 0 0 0 0 0 0 0 0 0 0 0 0 0 0 0 0 0 0 7.5512178350998385 7.5512178350998385 7.5512178350998385 7.5512178350998385 0.66820191879452595 0.66820191879452595 0.66820191879452595 0.66820191879452595 21.512404218356277 21.512404218356277 21.512404218356277 21.512404218356277
0 0 0 0 0 0 0 0 0 0 0 0 0 0 0 0 0 0 0 0 0 0 0 0 7.5512178350998385 7.5512178350998385 7.5512178350998385 7.5512178350998385 0.66820191879452595 0.66820191879452595 0.66820191879452595 0.66820191879452595 21.512404218356277 21.512404218356277 21.512404218356277 21.512404218356277
0 0 0 0 0 0 0 0 0 0 0 0 0 0 0 0 0 0 0 0 0 0 0 0 7.5512178350998385 7.5512178350998385 7.5512178350998385 7.5512178350998385 0.66820191879452595 0.66820191879452595 0.66820191879452595 0.66820191879452595 21.512404218356277 21.512404218356277 21.512404218356277 21.512404218356277
0 0 0 0 0 0 0 0 0 0 0 0 0 0 0 0 0 0 0 0 0 0 0 0 7.5512178350998385 7.5512178350998385 7.5512178350998385 7.5512178350998385 0.66820191879452595 0.66820191879452595 0.66820191879452595 0.66820191879452595 21.512404218356277 21.512404218356277 21.512404218356277 21.512404218356277
0 0 0 0 0 0 0 0 0 0 0 0 0 0 0 0 0 0 0 0 0 0 0 0 0 0 0 0 0 0 0 0 0 0 0 0
0 0 0 0 0 0 0 0 0 0 0 0 0 0 0 0 0 0 0 0 0 0 0 0 0 0 0 0 0 0 0 0 0 0 0 0
0 0 0 0 0 0 0 0 0 0 0 0 0 0 0 0 0 0 0 0 0 0 0 0 0 0 0 0 0 0 0 0 0 0 0 0
0 0 0 0 0 0 0 0 0 0 0 0 0 0 0 0 0 0 0 0 0 0 0 0 0 0 0 0 0 0 0 0 0 0 0 0
0 0 0 0 0 0 0 0 0 0 0 0 0 0 0 0 0 0 0 0 0 0 0 0 0 0 0 0 0 0 0 0 0 0 0 0
0 0 0 0 0 0 0 0 0 0 0 0 0 0 0 0 0 0 0 0 0 0 0 0 0 0 0 0 0 0 0 0 0 0 0 0
0 0 0 0 0 0 0 0 0 0 0 0 0 0 0 0 0 0 0 0 0 0 0 0 0 0 0 0 0 0 0 0 0 0 0 0
0 0 0 0 0 0 0 0 0 0 0 0 0 0 0 0 0 0 0 0 0 0 0 0 0 0 0 0 0 0 0 0 0 0 0 0
0 0 0 0 0 0 0 0 0 0 0 0 0 0 0 0 0 0 0 0 0 0 0 0 0 0 0 0 0 0 0 0 0 0 0 0
0 0 0 0 0 0 0 0 0 0 0 0 0 0 0 0 0 0 0 0 0 0 0 0 0 0 0 0 0 0 0 0 0 0 0 0
0 0 0 0 0 0 0 0 0 0 0 0 0 0 0 0 0 0 0 0 0 0 0 0 0 0 0 0 0 0 0 0 0 0 0 0
0 0 0 0 0 0 0 0 0 0 0 0 0 0 0 0 0 0 0 0 0 0 0 0 0 0 0 0 0 0 0 0 0 0 0 0
D667RT mesh=d667_curved_hex_w6.mesh INTEG=wgradneg RULE=o1 NPT=1 n=36
0 0 0 0 0 0 0 0 0 0 0 0 0 0 0 0 0 0 0 0 0 0 0 0 -7.5512178350998385 -7.5512178350998385 -7.5512178350998385 -7.5512178350998385 -0.66820191879452595 -0.66820191879452595 -0.66820191879452595 -0.66820191879452595 -21.512404218356277 -21.512404218356277 -21.512404218356277 -21.512404218356277
0 0 0 0 0 0 0 0 0 0 0 0 0 0 0 0 0 0 0 0 0 0 0 0 -7.5512178350998385 -7.5512178350998385 -7.5512178350998385 -7.5512178350998385 -0.66820191879452595 -0.66820191879452595 -0.66820191879452595 -0.66820191879452595 -21.512404218356277 -21.512404218356277 -21.512404218356277 -21.512404218356277
0 0 0 0 0 0 0 0 0 0 0 0 0 0 0 0 0 0 0 0 0 0 0 0 -7.5512178350998385 -7.5512178350998385 -7.5512178350998385 -7.5512178350998385 -0.66820191879452595 -0.66820191879452595 -0.66820191879452595 -0.66820191879452595 -21.512404218356277 -21.512404218356277 -21.512404218356277 -21.512404218356277
0 0 0 0 0 0 0 0 0 0 0 0 0 0 0 0 0 0 0 0 0 0 0 0 -7.5512178350998385 -7.5512178350998385 -7.5512178350998385 -7.5512178350998385 -0.66820191879452595 -0.66820191879452595 -0.66820191879452595 -0.66820191879452595 -21.512404218356277 -21.512404218356277 -21.512404218356277 -21.512404218356277
0 0 0 0 0 0 0 0 0 0 0 0 0 0 0 0 0 0 0 0 0 0 0 0 -7.5512178350998385 -7.5512178350998385 -7.5512178350998385 -7.5512178350998385 -0.66820191879452595 -0.66820191879452595 -0.66820191879452595 -0.66820191879452595 -21.512404218356277 -21.512404218356277 -21.512404218356277 -21.512404218356277
0 0 0 0 0 0 0 0 0 0 0 0 0 0 0 0 0 0 0 0 0 0 0 0 -7.5512178350998385 -7.5512178350998385 -7.5512178350998385 -7.5512178350998385 -0.66820191879452595 -0.66820191879452595 -0.66820191879452595 -0.66820191879452595 -21.512404218356277 -21.512404218356277 -21.512404218356277 -21.512404218356277
0 0 0 0 0 0 0 0 0 0 0 0 0 0 0 0 0 0 0 0 0 0 0 0 -7.5512178350998385 -7.5512178350998385 -7.5512178350998385 -7.5512178350998385 -0.66820191879452595 -0.66820191879452595 -0.66820191879452595 -0.66820191879452595 -21.512404218356277 -21.512404218356277 -21.512404218356277 -21.512404218356277
0 0 0 0 0 0 0 0 0 0 0 0 0 0 0 0 0 0 0 0 0 0 0 0 -7.5512178350998385 -7.5512178350998385 -7.5512178350998385 -7.5512178350998385 -0.66820191879452595 -0.66820191879452595 -0.66820191879452595 -0.66820191879452595 -21.512404218356277 -21.512404218356277 -21.512404218356277 -21.512404218356277
0 0 0 0 0 0 0 0 0 0 0 0 0 0 0 0 0 0 0 0 0 0 0 0 -7.5512178350998385 -7.5512178350998385 -7.5512178350998385 -7.5512178350998385 -0.66820191879452595 -0.66820191879452595 -0.66820191879452595 -0.66820191879452595 -21.512404218356277 -21.512404218356277 -21.512404218356277 -21.512404218356277
0 0 0 0 0 0 0 0 0 0 0 0 0 0 0 0 0 0 0 0 0 0 0 0 -7.5512178350998385 -7.5512178350998385 -7.5512178350998385 -7.5512178350998385 -0.66820191879452595 -0.66820191879452595 -0.66820191879452595 -0.66820191879452595 -21.512404218356277 -21.512404218356277 -21.512404218356277 -21.512404218356277
0 0 0 0 0 0 0 0 0 0 0 0 0 0 0 0 0 0 0 0 0 0 0 0 -7.5512178350998385 -7.5512178350998385 -7.5512178350998385 -7.5512178350998385 -0.66820191879452595 -0.66820191879452595 -0.66820191879452595 -0.66820191879452595 -21.512404218356277 -21.512404218356277 -21.512404218356277 -21.512404218356277
0 0 0 0 0 0 0 0 0 0 0 0 0 0 0 0 0 0 0 0 0 0 0 0 -7.5512178350998385 -7.5512178350998385 -7.5512178350998385 -7.5512178350998385 -0.66820191879452595 -0.66820191879452595 -0.66820191879452595 -0.66820191879452595 -21.512404218356277 -21.512404218356277 -21.512404218356277 -21.512404218356277
0 0 0 0 0 0 0 0 0 0 0 0 0 0 0 0 0 0 0 0 0 0 0 0 -7.5512178350998385 -7.5512178350998385 -7.5512178350998385 -7.5512178350998385 -0.66820191879452595 -0.66820191879452595 -0.66820191879452595 -0.66820191879452595 -21.512404218356277 -21.512404218356277 -21.512404218356277 -21.512404218356277
0 0 0 0 0 0 0 0 0 0 0 0 0 0 0 0 0 0 0 0 0 0 0 0 -7.5512178350998385 -7.5512178350998385 -7.5512178350998385 -7.5512178350998385 -0.66820191879452595 -0.66820191879452595 -0.66820191879452595 -0.66820191879452595 -21.512404218356277 -21.512404218356277 -21.512404218356277 -21.512404218356277
0 0 0 0 0 0 0 0 0 0 0 0 0 0 0 0 0 0 0 0 0 0 0 0 -7.5512178350998385 -7.5512178350998385 -7.5512178350998385 -7.5512178350998385 -0.66820191879452595 -0.66820191879452595 -0.66820191879452595 -0.66820191879452595 -21.512404218356277 -21.512404218356277 -21.512404218356277 -21.512404218356277
0 0 0 0 0 0 0 0 0 0 0 0 0 0 0 0 0 0 0 0 0 0 0 0 -7.5512178350998385 -7.5512178350998385 -7.5512178350998385 -7.5512178350998385 -0.66820191879452595 -0.66820191879452595 -0.66820191879452595 -0.66820191879452595 -21.512404218356277 -21.512404218356277 -21.512404218356277 -21.512404218356277
0 0 0 0 0 0 0 0 0 0 0 0 0 0 0 0 0 0 0 0 0 0 0 0 -7.5512178350998385 -7.5512178350998385 -7.5512178350998385 -7.5512178350998385 -0.66820191879452595 -0.66820191879452595 -0.66820191879452595 -0.66820191879452595 -21.512404218356277 -21.512404218356277 -21.512404218356277 -21.512404218356277
0 0 0 0 0 0 0 0 0 0 0 0 0 0 0 0 0 0 0 0 0 0 0 0 -7.5512178350998385 -7.5512178350998385 -7.5512178350998385 -7.5512178350998385 -0.66820191879452595 -0.66820191879452595 -0.66820191879452595 -0.66820191879452595 -21.512404218356277 -21.512404218356277 -21.512404218356277 -21.512404218356277
0 0 0 0 0 0 0 0 0 0 0 0 0 0 0 0 0 0 0 0 0 0 0 0 -7.5512178350998385 -7.5512178350998385 -7.5512178350998385 -7.5512178350998385 -0.66820191879452595 -0.66820191879452595 -0.66820191879452595 -0.66820191879452595 -21.512404218356277 -21.512404218356277 -21.512404218356277 -21.512404218356277
0 0 0 0 0 0 0 0 0 0 0 0 0 0 0 0 0 0 0 0 0 0 0 0 -7.5512178350998385 -7.5512178350998385 -7.5512178350998385 -7.5512178350998385 -0.66820191879452595 -0.66820191879452595 -0.66820191879452595 -0.66820191879452595 -21.512404218356277 -21.512404218356277 -21.512404218356277 -21.512404218356277
0 0 0 0 0 0 0 0 0 0 0 0 0 0 0 0 0 0 0 0 0 0 0 0 -7.5512178350998385 -7.5512178350998385 -7.5512178350998385 -7.5512178350998385 -0.66820191879452595 -0.66820191879452595 -0.66820191879452595 -0.66820191879452595 -21.512404218356277 -21.512404218356277 -21.512404218356277 -21.512404218356277
0 0 0 0 0 0 0 0 0 0 0 0 0 0 0 0 0 0 0 0 0 0 0 0 -7.5512178350998385 -7.5512178350998385 -7.5512178350998385 -7.5512178350998385 -0.66820191879452595 -0.66820191879452595 -0.66820191879452595 -0.66820191879452595 -21.512404218356277 -21.512404218356277 -21.512404218356277 -21.512404218356277
0 0 0 0 0 0 0 0 0 0 0 0 0 0 0 0 0 0 0 0 0 0 0 0 -7.5512178350998385 -7.5512178350998385 -7.5512178350998385 -7.5512178350998385 -0.66820191879452595 -0.66820191879452595 -0.66820191879452595 -0.66820191879452595 -21.512404218356277 -21.512404218356277 -21.512404218356277 -21.512404218356277
0 0 0 0 0 0 0 0 0 0 0 0 0 0 0 0 0 0 0 0 0 0 0 0 -7.5512178350998385 -7.5512178350998385 -7.5512178350998385 -7.5512178350998385 -0.66820191879452595 -0.66820191879452595 -0.66820191879452595 -0.66820191879452595 -21.512404218356277 -21.512404218356277 -21.512404218356277 -21.512404218356277
0 0 0 0 0 0 0 0 0 0 0 0 0 0 0 0 0 0 0 0 0 0 0 0 0 0 0 0 0 0 0 0 0 0 0 0
0 0 0 0 0 0 0 0 0 0 0 0 0 0 0 0 0 0 0 0 0 0 0 0 0 0 0 0 0 0 0 0 0 0 0 0
0 0 0 0 0 0 0 0 0 0 0 0 0 0 0 0 0 0 0 0 0 0 0 0 0 0 0 0 0 0 0 0 0 0 0 0
0 0 0 0 0 0 0 0 0 0 0 0 0 0 0 0 0 0 0 0 0 0 0 0 0 0 0 0 0 0 0 0 0 0 0 0
0 0 0 0 0 0 0 0 0 0 0 0 0 0 0 0 0 0 0 0 0 0 0 0 0 0 0 0 0 0 0 0 0 0 0 0
0 0 0 0 0 0 0 0 0 0 0 0 0 0 0 0 0 0 0 0 0 0 0 0 0 0 0 0 0 0 0 0 0 0 0 0
0 0 0 0 0 0 0 0 0 0 0 0 0 0 0 0 0 0 0 0 0 0 0 0 0 0 0 0 0 0 0 0 0 0 0 0
0 0 0 0 0 0 0 0 0 0 0 0 0 0 0 0 0 0 0 0 0 0 0 0 0 0 0 0 0 0 0 0 0 0 0 0
0 0 0 0 0 0 0 0 0 0 0 0 0 0 0 0 0 0 0 0 0 0 0 0 0 0 0 0 0 0 0 0 0 0 0 0
0 0 0 0 0 0 0 0 0 0 0 0 0 0 0 0 0 0 0 0 0 0 0 0 0 0 0 0 0 0 0 0 0 0 0 0
0 0 0 0 0 0 0 0 0 0 0 0 0 0 0 0 0 0 0 0 0 0 0 0 0 0 0 0 0 0 0 0 0 0 0 0
0 0 0 0 0 0 0 0 0 0 0 0 0 0 0 0 0 0 0 0 0 0 0 0 0 0 0 0 0 0 0 0 0 0 0 0
D667RT mesh=d667_curved_hex_w6.mesh INTEG=wgrad RULE=o4 NPT=27 n=36
-101.53464230581066 1.8611125164733604 9.2355263545637811 -0.30427645297784273 1.6529539851660064 0.21241077482050527 -0.33109873169118736 -0.075793148721739312 -0.013527584156673227 -3.7787585415895824 -0.017039957242945904 0.362497869259225 1.5588905407988065 -1.0161430710084494 -0.56692478809179248 -2.2594174850234618 -13.59305765002013 -0.062566766910451863 0.67425718332319584 -0.057852261254061364 5.3286001417615303 -0.00779722830690599 -49.90740059925151 0.0042851429271482111 0.12971524539215226 20.112206049081635 0.074184746975332921 -1.4911962512519363 3.1369901665908455 0.86045691765598031 -2.4651754830265817 -0.31978112478962428 -2.9785074421023991 0.2052269789903127 76.457948455684786 -1.3949585886214979
1.8611125164733573 -210.60210721170012 -0.30427645297784373 24.168167960140362 0.21241077482050544 -9.6201334983741607 -0.075793148721739423 3.5787239325706466 0.040023061097288551 14.543725222675761 0.068566465845086549 -1.940548147350134 -94.805718793633332 1.558890540798803 29.628389248615644 -0.56692478809179203 3.7604697067591268 0.01396127740964884 -0.33813710745928838 0.016833838591441268 -0.0077972283069061565 5.1505668376732228 0.0042851429271490993 -49.825582701970916 0.11439697934806042 20.758176987405704 0.081464962470352842 -2.3516307351365198 0.86045691765598042 -58.886804522488355 -0.31978112478962406 18.308822398486967 0.20522697899031186 -12.833793298114099 -1.3949585886214917 141.51480535579901
9.2355263545637811 -0.30427645297784228 -51.352005809055662 0.28967109296578208 -12.39134523121583 -0.12921140994911595 0.3490922723555972 0.036859920906839233 -4.0666413350381712 -0.013527584156673274 0.31726171472371384 -0.017039957242945887 -0.23991477962380281 -1.3950222474023224 0.085990476456704323 0.36784935124723511 -0.062566766910451418 -17.09470766765445 -0.057852261254061253 1.4122026179885614 -16.805454937385832 0.057244934752609188 5.3286001417615303 -0.0077972283069056014 23.362414841759712 0.1297152453921521 -1.8521996406475292 0.074184746975332838 12.247270193249488 -0.11099850611267655 -1.1671249282106413 0.040393671823654248 67.041620686138955 -0.25221114088843072 -2.9785074421023956 0.2052269789903122
-0.30427645297784284 24.168167960140366 0.28967109296578208 -42.582277693372291 -0.12921140994911634 -15.108573665461899 0.036859920906839344 0.73634064356751128 13.516052379067906 0.040023061097288794 -0.98643947745980443 0.068566465845086605 11.734652177785357 -0.23991477962380259 -4.1628771588327487 0.085990476456704323 0.013961277409648663 4.1354870991839583 0.01683383859144124 -0.32545249768297152 0.057244934752609083 -14.230788223104957 -0.007797228306905879 5.1505668376732228 20.930747473271509 0.11439697934805981 -1.562897024988853 0.081464962470352786 -0.11099850611267632 15.799069569849209 0.040393671823654137 -2.3237663471432066 -0.25221114088843144 56.611441815737024 0.20522697899031231 -12.833793298114102
16.073121841983578 -0.43531838804466122 -51.039513221194468 0.307535765531876 -12.547933337932722 -0.14215748749272747 -0.52803698863091297 0.032095175758180938 -4.0637516246795116 0.25600270005445191 0.026720888995361368 -0.024685966383112153 -0.34451778807285516 -1.290662346283731 0.10195858062218288 0.43740284086274855 0.91043469978782698 -17.076551574934985 -0.0408954784903501 0.19031498235386682 -13.57437147464927 0.05128443735125935 6.607454714129732 -0.023448025951397611 23.340050082648776 -1.3080056492246861 -0.18178566470117485 0.087337240444775477 12.012879766716878 -0.16909966895953227 -0.1276473293863582 0.051212113609640897 72.420499159626729 -0.27620356674899232 -9.9650440741108106 0.29488995833339565
-0.43531838804466122 38.727301201646554 0.30753576553187661 -43.488081112092217 -0.14215748749272794 -14.457987486051847 0.032095175758180924 -0.55863697274242385 13.511651780020401 -0.99436923842571689 -0.02126937677127726 0.13649905508730442 18.183519665125356 -0.34451778807285427 -4.9845818248454687 0.10195858062218283 -0.2543879769294895 4.1323327621997432 0.02284675563071608 -0.029972969163277633 0.051284437351259128 -11.536384430744835 -0.023448025951397666 7.4239080932657382 20.917729461025576 -1.365038490399922 -0.06692054086750461 0.15229909867767596 -0.16909966895953155 19.868150986446146 0.051212113609640869 -2.2118115915887104 -0.27620356674899227 61.940512980706416 0.29488995833339438 -23.691810932735716
-6.2992227506128806 0.035933813174146789 13.587986626249201 -0.055453662834950367 -0.5280369886309132 0.032095175758180869 -12.54793333793268 -0.14215748749272264 0.026720888995361389 -0.024685966383112129 -4.0637516246795009 0.25600270005444531 0.10195858062218288 0.43740284086274855 -0.34451778807280053 -1.2906623462837337 -0.040895478490350322 0.19031498235386607 0.91043469978779734 -17.076551574934925 50.331787264738701 -0.09081624746643685 -32.095254213340112 -0.21370234738124783 -0.18178566470117505 0.087337240444775505 23.340050082648713 -1.3080056492246661 -0.12764732938635837 0.051212113609640897 12.012879766716829 -0.16909966895949835 71.939605087589612 -0.12894440438290442 -20.851953630693075 -0.14611439009904248
0.0359338131741469 -7.8195405673418268 -0.055453662834950436 11.551953857530737 0.032095175758180799 -0.55863697274242374 -0.14215748749272261 -14.457987486051877 -0.02126937677127726 0.13649905508730417 13.511651780020376 -0.99436923842569624 -4.9845818248454679 0.10195858062218277 18.183519665124809 -0.34451778807279965 0.022846755630716087 -0.029972969163277421 -0.25438797692948256 4.1323327621997308 -0.090816247466437072 42.678770442090055 -0.21370234738124738 -18.162023682308636 -0.066920540867504735 0.15229909867767583 20.917729461025523 -1.3650384903999064 0.051212113609640869 -2.2118115915887091 -0.16909966895949746 19.868150986445812 -0.12894440438290447 61.390592916181056 -0.14611439009904337 -9.7178709371263761
-0.94629774151867652 23.853530510373588 3.90406682208546 -41.797554749462755 0.76523871520209141 -15.124583671713742 0.066737891235554958 -0.35220203074272532 13.806736143506773 0.046243360035163064 -0.017938788192061988 0.073110003603105642 11.511894126754752 -0.13618101383104367 -3.3425341855581077 0.049802724401030812 0.020063623341919322 5.35981450665866 0.022427947415659219 -0.042026715950463596 1.0043791349870554 -11.222519554310933 -0.29947482827992583 4.4228582231679532 19.24996754483405 0.11112317421949566 -0.047829586885129047 0.08411702222518723 -0.98648163302840597 15.72103015757477 0.053363276890128486 -1.1979473002423024 -5.4421393431663851 61.018242116722753 0.46829579113419495 -13.121779593675319
8.9560975603227249 -207.60021937661011 -0.94629774151867652 23.853530510373581 0.090465383580988934 -9.4266446339180714 -0.045526207013436543 2.9073630017601158 0.046243360035163099 14.749866455402687 0.073110003603105669 -0.90758155802942841 -93.268274162794981 1.6110945856962402 22.9727318144107 -0.28903452423448583 4.7330523652423491 0.020063623341919572 -0.046728724424170753 0.022427947415659247 -0.29947482827992566 4.4228582231679532 2.7628973142949156 -41.822680520865291 0.11112317421949572 19.252274016336372 0.084117022225187313 -0.86231657704766673 0.62821765440385147 -57.931041393988799 -0.097685490034221556 14.172520011401673 0.46829579113419412 -13.121779593675315 -7.5498123935461026 147.51643459914791
0.29332336960370903 -4.6866107971850548 -1.0099675392369762 11.219451735197872 0.066737891235554958 -0.35220203074272532 0.76523871520209108 -15.124583671713749 -0.017938788192061884 0.073110003603105614 13.806736143506747 0.046243360035175263 -3.3425341855581072 0.049802724401030785 11.511894126754383 -0.13618101383100734 0.022427947415659264 -0.042026715950463298 0.020063623341923853 5.3598145066586431 -3.6135773101760189 41.957022324986141 1.2660552516183174 -10.143470703558522 -0.047829586885129796 0.084117022225187257 19.249967544834007 0.11112317421950357 0.053363276890128403 -1.197947300242302 -0.98648163302837855 15.721030157574535 -5.244754065726811 61.126599046480386 0.6855684369847681 -3.805904673120541
-2.7142486993114767 43.672016358098062 0.29332336960370897 -4.6866107971850539 -0.045526207013436515 2.9073630017601158 0.090465383580957237 -9.4266446339177534 0.073110003603105697 -0.90758155802942808 0.046243360035175485 14.74986645540255 22.9727318144107 -0.28903452423448561 -93.268274162792423 1.6110945856959837 -0.046728724424170753 0.022427947415659261 4.7330523652422878 0.020063623341923936 1.2660552516183166 -10.143470703558524 -11.484889642929659 111.47033315338146 0.084117022225187146 -0.86231657704766662 0.11112317421950357 19.252274016336283 -0.097685490034221556 14.172520011401669 0.62821765440370392 -57.931041393987321 0.68556843698476744 -3.8059046731205384 -9.2681061919396903 82.196953225506945
1.8731023270428464 -209.17834311733441 -0.32291576613949524 26.831275614865636 0.2171755199691639 -8.3251558820642231 -0.062847071178130348 2.9281377531606139 -0.92514703959124034 14.475792633433544 0.072967064892589528 -0.9061558478271371 -93.984014127620597 1.5429224366333254 23.179521761275822 -0.46232177964275789 3.7544567897198515 -0.28151825111004619 -0.069787853120153426 0.019988175575656915 -0.021323620122323556 5.2270679082937956 0.080873593482185147 -42.134420991470122 -1.3815795047732924 20.687342851198377 0.09448297471628618 -0.87219526538854431 0.84963847586999353 -58.998759278042868 -0.26167996194277876 14.239740981890126 0.21674457243673273 -17.487130711766621 -1.36462838302599 148.36056007723496
-99.599694829713485 1.87310232704285 12.586657665257288 -0.32291576613949469 2.53008324615252 0.21717551996916373 -0.17451062497429712 -0.062847071178130404 0.27701324157168039 -3.7711125324494161 -0.019929667601605128 0.092967585048103152 1.5429224366333312 -1.0856965606239632 -0.46232177964275878 -2.3637773861420506 -13.61001443278384 1.1593208687242469 -0.29874428337506792 -0.076008353973519113 4.8785256909528014 -0.021323620122323417 -37.655246280179313 0.080873593482185147 -1.5406987305542075 20.099053555612194 0.096549506086273537 -0.05347535663510726 2.0975125677665605 0.84963847586999619 -2.2307850564939673 -0.2616799619427792 -8.9457958400081043 0.21674457243673423 86.616795706308821 -1.3646283830259955
-0.13727993467345967 43.998643618434329 0.030058951177543702 -5.4899730542562404 -0.062847071178130376 2.9281377531606139 0.21717551996913187 -8.3251558820639069 0.072967064892589473 -0.90615584782713665 -0.92514703959122679 14.475792633433411 23.179521761275822 -0.46232177964275811 -93.984014127618025 1.54292243663307 -0.069787853120153537 0.019988175575656898 3.7544567897198053 -0.28151825111004203 -0.13115339942486015 -13.165265764167966 1.0589422761155696 112.27463021844176 0.094482974716286014 -0.87219526538854431 -1.38157950477328 20.687342851198274 -0.26167996194277876 14.239740981890122 0.84963847586984365 -58.998759278041383 -0.091791758642982169 -8.201187380659869 0.62767224654046938 82.515269726663661
36.185868041554009 -0.13727993467345989 -4.6767678623768942 0.030058951177543591 -0.17451062497429709 -0.06284707117813032 2.5300832461525165 0.21717551996913165 -0.019929667601605111 0.092967585048102958 0.27701324157167606 -3.7711125324493722 -0.46232177964275833 -2.3637773861420515 1.5429224366330736 -1.0856965606239271 -0.2987442833750677 -0.076008353973519141 -13.610014432783638 1.1593208687242289 -23.074183357004483 -0.13115339942486015 175.97909550649715 1.0589422761155713 0.096549506086273523 -0.053475356635107926 -1.540698730554193 20.099053555612052 -2.230785056493966 -0.2616799619427792 2.0975125677665689 0.84963847586984631 -16.071984853556835 -0.091791758642981724 138.51598164991483 0.62767224654046672
-99.088715476239457 16.746873018315824 8.9901266087037062 -2.0134421287689648 1.6226870434577003 0.88377170563105889 -0.20915334045167133 -0.26928201317782846 -0.018071121914691544 -4.811725130910296 -0.023260256180820383 0.15635663653230183 8.214547975003935 -1.2940333348657744 -2.104369418930121 -2.3116215299208984 -13.884466033055249 -0.068160875734670015 -0.29832547516001123 -0.063954607186333223 3.925430993317006 -0.33518849655622512 -37.379219477850782 3.0819234635799715 0.12706318563731855 18.622891890992776 0.077458552103898043 0.014706719817380837 2.914894531835432 4.996759304741377 -2.2329362197744547 -1.2755442532891872 -3.7798600635907071 1.1390154364204015 86.443389873507996 -11.934659722086392
8.9901266087037079 -2.0134421287689652 -50.416131245815293 3.2852808700239247 -12.421223201544546 0.95933126436111982 -0.54535785279560722 0.052869927158679539 -5.035142024305916 -0.01807112191469154 0.026577950284845261 -0.023260256180820369 -1.0602577528984705 -1.3588344953466467 0.30874852748730874 0.264115585454476 -0.068160875734669515 -17.378133449386954 -0.063954607186333085 0.18787521051386394 -13.296220266491671 0.85549412247710199 3.9254309933170051 -0.33518849655622518 21.847347403655984 0.12706318563731844 -0.17141971221007607 0.077458552103897904 12.234300588183023 -1.2368175530135974 -0.2916418012949154 0.11843308409809369 72.168947940929286 -4.6415546848402878 -3.7798600635907054 1.1390154364204028
35.928478485124444 -3.2702097048302354 -3.7222539859748669 0.36256107351041067 -0.20915334045167122 -0.26928201317782841 1.6226870434577023 0.88377170563100416 -0.023260256180820345 0.15635663653230156 -0.018071121914695842 -4.8117251309102436 -2.1043694189301205 -2.3116215299208989 8.214547975003498 -1.2940333348657207 -0.29832547516001101 -0.063954607186333251 -13.884466033055045 -0.068160875734683823 -19.551422294294898 0.59059471767905913 174.49933790749759 -6.9596107026345422 0.077458552103897987 0.014706719817380032 0.12706318563732766 18.622891890992641 -2.2329362197744547 -1.2755442532891865 2.9148945318354507 4.9967593047411238 -10.956175192212925 0.17220211105767524 137.68429882283101 -5.2842940174653723
-3.7222539859748665 0.36256107351041067 13.324722207823037 -0.85881591990613693 -0.545357852795607 0.052869927158679483 -12.421223201544507 0.95933126436112259 0.026577950284845296 -0.02326025618082031 -5.0351420243059026 -0.018071121914695787 0.30874852748730874 0.264115585454476 -1.0602577528984081 -1.3588344953466494 -0.063954607186333279 0.18787521051386344 -0.068160875734684268 -17.37813344938689 48.934578613695521 -3.1126113080758766 -19.551422294294895 0.59059471767905958 -0.17141971221007601 0.07745855210389796 21.847347403655931 0.12706318563732791 -0.2916418012949159 0.11843308409809362 12.23430058818297 -1.2368175530135579 71.162244891961876 -4.5242271119222339 -10.956175192212925 0.17220211105767613
-4.3642752745157001 0.047923623743638011 16.939117936942719 -0.074092975996602473 0.34909227235560114 0.036859920906839316 -12.391345231215791 -0.12921140994911345 0.31726171472371495 -0.017039957242946106 -4.0666413350381605 -0.013527584156676709 0.085990476456706905 0.36784935124723522 -0.23991477962376595 -1.3950222474023226 -0.057852261254062544 1.4122026179885661 -0.062566766910465657 -17.094707667654387 49.881712813929994 -0.10434263928185483 -19.843099894267915 -0.137113896826212 -1.852199640647535 0.07418474697533349 23.362414841759652 0.12971524539216184 -1.1671249282106457 0.040393671823655941 12.247270193249447 -0.11099850611265283 65.972316689683893 -0.11742681093648379 -10.693106380069041 -0.11578418450354389
0.047923623743638344 -6.395776472976177 -0.074092975996602528 14.215061512256016 0.036859920906839518 0.73634064356751161 -0.12921140994911332 -15.108573665461909 -0.98643947745980698 0.068566465845087354 13.516052379067881 0.04002306109730025 -4.1628771588327753 0.085990476456706988 11.734652177784987 -0.23991477962376617 0.01683383859144157 -0.32545249768297241 0.013961277409652223 4.1354870991839467 -0.10434263928185458 42.755271512710635 -0.13711389682621089 -10.470861971807844 -1.5628970249888579 0.081464962470353161 20.93074747327146 0.11439697934806814 0.040393671823655899 -2.3237663471432239 -0.11099850611265283 15.799069569848978 -0.11742681093648459 56.737255502528534 -0.11578418450354389 -2.8721162156904496
43.023463528973807 -0.26832186974027961 -4.3642752745157001 0.047923623743638288 -0.33109873169118742 -0.075793148721741699 1.6529539851660051 0.21241077482047355 -0.017039957242946137 0.36249786925922833 -0.013527584156676681 -3.7787585415895384 -0.56692478809181046 -2.2594174850234587 1.5588905407985507 -1.0161430710084154 0.67425718332321183 -0.057852261254062405 -13.593057650019926 -0.062566766910465421 -19.843099894267919 -0.13711389682621045 177.25795007886535 1.0432914784710778 0.074184746975333421 -1.4911962512519483 0.12971524539216206 20.11220604908149 -2.46517548302658 -0.31978112478963494 3.1369901665908531 0.86045691765583321 -10.693106380069043 -0.11578418450354389 131.5294450179064 0.71733522588354859
-0.26832186974027938 58.557776859940539 0.047923623743638427 -6.395776472976177 -0.075793148721741782 3.5787239325706688 0.21241077482047377 -9.6201334983738445 0.068566465845087382 -1.9405481473501434 0.040023061097300472 14.543725222675629 29.628389248615839 -0.56692478809181024 -94.80571879363076 1.5588905407985489 -0.33813710745929193 0.016833838591441531 3.7604697067590802 0.013961277409652112 -0.13711389682620934 -10.470861971807846 1.0432914784710743 114.5479714740343 0.081464962470353244 -2.3516307351365278 0.11439697934806881 20.758176987405598 -0.31978112478963472 18.308822398487074 0.86045691765583143 -58.886804522486898 -0.11578418450354344 -2.8721162156904492 0.71733522588354859 71.657252092042043
9.9364243502223761 -25.866972639142546 -54.320198067900748 45.082835619486659 -13.186461916746632 16.083914936074851 -0.61209574403116229 0.4050719579014051 -18.841878167812691 -0.064314481949855257 0.044516738476907541 -0.096370259783925993 -12.572151879653219 -1.2226534815156023 3.6512827130454153 0.2143128610534451 -0.088224499076589455 -22.737947956045602 -0.086382554601992165 0.22990192646432742 -14.300599401478724 12.078013676788032 4.2249058215969288 -4.7580467197241765 2.5973798588219448 0.015940011417823453 -0.12359012532494626 -0.0066584701212893671 13.220782221211424 -16.957847710588364 -0.34500507818504456 1.3163803843403954 77.611087284095646 -65.659796801563019 -4.2481558547248959 14.260795030095718
-108.04481303656213 224.34709239492588 9.9364243502223779 -25.866972639142539 1.5322216598767113 10.31041633954913 -0.16362713343823465 -3.176645014937943 -0.064314481949855368 -19.561591586312971 -0.096370259783926021 1.0639381945617301 101.48282213779889 -2.9051279205620135 -25.077101233340812 -2.0225870056864128 -18.617518398297594 -0.088224499076590843 -0.25159675073584137 -0.086382554601992498 4.2249058215969288 -4.7580467197241774 -40.142116792145686 44.904603984445252 0.015940011417823235 -0.62938212534359084 -0.0066584701212893393 0.87702329686504665 2.2866768774315793 62.927800698730167 -2.1352507297402332 -15.448064264690856 -4.2481558547248994 14.260795030095711 93.993202267054102 -159.45109432123425
-4.015577355578575 5.0491718706954645 14.334689747060011 -12.078267655104003 -0.61209574403116196 0.40507195790140527 -13.186461916746593 16.083914936074866 0.044516738476907264 -0.096370259783925882 -18.841878167812641 -0.064314481949871105 3.6512827130454157 0.21431286105344516 -12.572151879652788 -1.2226534815156418 -0.086382554601992595 0.22990192646432631 -0.088224499076608287 -22.737947956045531 52.548155923871548 -45.069633633062011 -20.817477545913206 10.734065421237577 -0.12359012532494616 -0.0066584701212891728 2.5973798588219217 0.015940011417824418 -0.34500507818504417 1.3163803843403947 13.220782221211348 -16.957847710588084 76.406998957688643 -65.650826158402595 -11.641743629197688 3.9781067841782125
38.642727184435913 -46.942226062928285 -4.0155773555785741 5.0491718706954627 -0.1636271334382346 -3.1766450149379426 1.5322216598767444 10.310416339548755 -0.096370259783925966 1.0639381945617292 -0.064314481949871771 -19.56159158631279 -25.077101233340812 -2.0225870056864128 101.48282213779588 -2.9051279205617053 -0.2515967507358412 -0.086382554601992539 -18.617518398297328 -0.088224499076607843 -20.81747754591321 10.734065421237577 185.98422755042719 -118.42994385601595 -0.0066584701212892283 0.87702329686504632 0.015940011417824085 -0.62938212534364268 -2.1352507297402319 -15.448064264690849 2.2866768774317467 62.927800698728433 -11.641743629197688 3.9781067841782116 146.95240501477068 -87.481247242972287
115.67281667169701 -2.30842071508751 -63.626170886451753 0.6304515316713708 -15.07801658408524 -0.35933300746189184 -0.35352636365661605 0.094942246936311175 -4.3407648662511917 4.027115232503867 0.04665055659696643 -0.1176535514312152 -1.8874402247061852 -0.20496578565976595 0.56428036026494155 2.8011802270047976 14.520449132571667 -18.235872443659225 0.25784880488471862 0.26632333632738597 -18.452897165602071 0.072608057473582566 44.262700994309029 -0.10432161943358298 24.880748813202974 -21.407059204836873 -0.27833517078744746 0.14081259707988356 9.9153671989503191 -1.0187381448295256 2.1031377271076077 0.31289207555242005 81.366294999634803 -0.49294813918572533 -96.581839780419628 1.6595183413593912
-2.3084207150875065 247.9056443189809 0.6304515316713708 -70.319356726957821 -0.35933300746189228 -6.1328316039876176 0.094942246936311286 -3.4867747259030355 14.436798819611642 -15.470161871859252 -0.094236441663866771 1.0426549029144407 112.1675337927459 -1.8874402247061797 -28.164103586121279 0.56428036026494044 -4.0088447666493385 4.4138510133097855 0.09263460875086954 -0.04996114473893451 0.072608057473582344 -16.763452339038626 -0.1043216194335832 49.558329084735838 22.299308965798854 -22.052381341598299 -0.16140351558379057 1.0244943640662192 -1.0187381448295236 78.866910264489022 0.3128920755524196 -16.451552573478828 -0.49294813918572256 79.427643692473012 1.659518341359385 -172.05237100997059
-42.485090792166872 0.17321374784760857 18.264754488626089 -0.085512614012494353 -0.35352636365661622 0.094942246936310953 -15.078016584085193 -0.35933300746185393 0.046650556596966389 -0.11765355143121503 -4.3407648662511757 4.0271152325038164 0.56428036026494177 2.8011802270047981 -1.8874402247058732 -0.20496578565980528 0.2578488048847184 0.26632333632738509 14.520449132571432 -18.235872443659154 73.40597062174318 0.040337151958425022 -208.07434971983719 -1.2726446234968218 -0.27833517078744718 0.14081259707988336 24.880748813202899 -21.40705920483671 2.1031377271076077 0.31289207555242005 9.9153671989502605 -1.0187381448293449 88.011589941146411 -0.037152645739921386 -159.36793528060787 -0.77378663663950764
0.17321374784760812 -51.81818418577614 -0.085512614012494409 17.041926911786973 0.094942246936311037 -3.4867747259030355 -0.35933300746185437 -6.1328316039879667 -0.094236441663866549 1.0426549029144399 14.436798819611598 -15.470161871859101 -28.164103586121279 0.56428036026494066 112.16753379274279 -1.8874402247058679 0.092634608750869568 -0.049961144738934253 -4.0088447666492861 4.4138510133097704 0.040337151958425466 55.844036206257996 -1.2726446234968236 -130.43665390075034 -0.16140351558378996 1.0244943640662187 22.299308965798804 -22.052381341598178 0.31289207555241982 -16.451552573478825 -1.0187381448293404 78.866910264487174 -0.037152645739921275 69.591780296840909 -0.77378663663951208 -92.23314066379001
13.599801629079472 -0.35220007672148146 -68.291123745998377 0.36376406896238478 -12.740437503571428 -0.16607133085595566 12.740437503571385 0.16607133085595224 -4.3839030497618872 0.003512373086272863 4.3839030497618729 -0.0035123730862693103 -0.32590525608051013 -1.7628715986495567 0.32590525608047072 1.7628715986495571 -0.0047145056563893204 -18.506910285642999 0.0047145056564045149 18.506910285642942 -66.687167751315798 0.16158757403446306 25.171700036029439 0.12931666851930457 25.214614482407246 0.055530498416819223 -25.214614482407175 -0.055530498416829777 13.414395121460135 -0.15139217793633267 -13.414395121460084 0.15139217793630722 1.0693039964550473 -0.13478432995194772 7.7145989379666462 0.32101116349385617
-0.35220007672148135 30.563944433116532 0.36376406896238445 -56.797339205628298 -0.16607133085595599 -15.844914309029408 0.1660713308559523 15.844914309029422 14.502491856527708 -0.02854340474779829 -14.502491856527678 0.028543404747785939 15.897529336618124 -0.32590525608050946 -15.897529336617731 0.32590525608047027 -0.0028725611817929826 4.4609395968669299 0.0028725611817890795 -4.4609395968669165 0.16158757403446211 -56.986059735815587 0.12931666851930412 15.62142880948106 22.493644498260355 0.032932016877706333 -22.493644498260313 -0.03293201687771663 -0.15139217793633189 18.122835916992429 0.15139217793630655 -18.122835916992173 -0.13478432995194697 -0.12581368679152349 0.32101116349385572 -9.9616770824236482
-144.55810583478441 2.1294343862136396 13.599801629079472 -0.35220007672148157 1.9840527168571938 0.28820392354224678 -1.9840527168571924 -0.28820392354221247 0.0035123730862729359 -4.1412564108488095 -0.0035123730862692271 4.1412564108487624 2.1258153288906145 1.2432744140150107 -2.1258153288903436 -1.2432744140150493 -14.26731483334334 -0.0047145056563902641 14.26731483334312 0.0047145056564038453 25.171700036029449 0.12931666851930324 -227.16535067811682 -1.0390063355439292 0.055530498416819521 21.603402300333585 -0.055530498416829777 -21.603402300333425 5.6021656496174259 1.1802380424456131 -5.6021656496174339 -1.180238042445457 7.7145989379666453 0.32101116349385528 -55.071496562221625 -2.1122938145050414
2.1294343862136396 -269.15988407164059 -0.35220007672148396 30.563944433116532 0.28820392354224733 -13.198857430944827 -0.28820392354221314 13.198857430944487 -0.028543404747798623 16.4842733700259 0.028543404747786161 -16.484273370025761 -124.43410804224911 2.1258153288906132 124.43410804224639 -2.1258153288903436 4.0986068142184164 -0.0028725611817929271 -4.0986068142183676 0.002872561181789246 0.12931666851930168 15.621428809481063 -1.0390063355439256 -164.3735541760052 0.03293201687770736 23.109807722542222 -0.032932016877716741 -23.109807722542111 1.1802380424456143 -77.195626920975457 -1.180238042445457 77.195626920973851 0.32101116349385461 -9.9616770824236482 -2.1122938145050414 69.857553263756927
D667RT mesh=d667_curved_hex_w6.mesh INTEG=wgradneg RULE=o4 NPT=27 n=36
101.53464230581066 -1.8611125164733604 -9.2355263545637811 0.30427645297784273 -1.6529539851660064 -0.21241077482050527 0.33109873169118736 0.075793148721739312 0.013527584156673227 3.7787585415895824 0.017039957242945904 -0.362497869259225 -1.5588905407988065 1.0161430710084494 0.56692478809179248 2.2594174850234618 13.59305765002013 0.062566766910451863 -0.67425718332319584 0.057852261254061364 -5.3286001417615303 0.00779722830690599 49.90740059925151 -0.0042851429271482111 -0.12971524539215226 -20.112206049081635 -0.074184746975332921 1.4911962512519363 -3.1369901665908455 -0.86045691765598031 2.4651754830265817 0.31978112478962428 2.9785074421023991 -0.2052269789903127 -76.457948455684786 1.3949585886214979
-1.8611125164733573 210.60210721170012 0.30427645297784373 -24.168167960140362 -0.21241077482050544 9.6201334983741607 0.075793148721739423 -3.5787239325706466 -0.040023061097288551 -14.543725222675761 -0.068566465845086549 1.940548147350134 94.805718793633332 -1.558890540798803 -29.628389248615644 0.56692478809179203 -3.7604697067591268 -0.01396127740964884 0.33813710745928838 -0.016833838591441268 0.0077972283069061565 -5.1505668376732228 -0.0042851429271490993 49.825582701970916 -0.11439697934806042 -20.758176987405704 -0.081464962470352842 2.3516307351365198 -0.86045691765598042 58.886804522488355 0.31978112478962406 -18.308822398486967 -0.20522697899031186 12.833793298114099 1.3949585886214917 -141.51480535579901
-9.2355263545637811 0.30427645297784228 51.352005809055662 -0.28967109296578208 12.39134523121583 0.12921140994911595 -0.3490922723555972 -0.036859920906839233 4.0666413350381712 0.013527584156673274 -0.31726171472371384 0.017039957242945887 0.23991477962380281 1.3950222474023224 -0.085990476456704323 -0.36784935124723511 0.062566766910451418 17.09470766765445 0.057852261254061253 -1.4122026179885614 16.805454937385832 -0.057244934752609188 -5.3286001417615303 0.0077972283069056014 -23.362414841759712 -0.1297152453921521 1.8521996406475292 -0.074184746975332838 -12.247270193249488 0.11099850611267655 1.1671249282106413 -0.040393671823654248 -67.041620686138955 0.25221114088843072 2.9785074421023956 -0.2052269789903122
0.30427645297784284 -24.168167960140366 -0.28967109296578208 42.582277693372291 0.12921140994911634 15.108573665461899 -0.036859920906839344 -0.73634064356751128 -13.516052379067906 -0.040023061097288794 0.98643947745980443 -0.068566465845086605 -11.734652177785357 0.23991477962380259 4.1628771588327487 -0.085990476456704323 -0.013961277409648663 -4.1354870991839583 -0.01683383859144124 0.32545249768297152 -0.057244934752609083 14.230788223104957 0.007797228306905879 -5.1505668376732228 -20.930747473271509 -0.11439697934805981 1.562897024988853 -0.081464962470352786 0.11099850611267632 -15.799069569849209 -0.040393671823654137 2.3237663471432066 0.25221114088843144 -56.611441815737024 -0.20522697899031231 12.833793298114102
-16.073121841983578 0.43531838804466122 51.039513221194468 -0.307535765531876 12.547933337932722 0.14215748749272747 0.52803698863091297 -0.032095175758180938 4.0637516246795116 -0.25600270005445191 -0.026720888995361368 0.024685966383112153 0.34451778807285516 1.290662346283731 -0.10195858062218288 -0.43740284086274855 -0.91043469978782698 17.076551574934985 0.0408954784903501 -0.19031498235386682 13.57437147464927 -0.05128443735125935 -6.607454714129732 0.023448025951397611 -23.340050082648776 1.3080056492246861 0.18178566470117485 -0.087337240444775477 -12.012879766716878 0.16909966895953227 0.1276473293863582 -0.051212113609640897 -72.420499159626729 0.27620356674899232 9.9650440741108106 -0.29488995833339565
0.43531838804466122 -38.727301201646554 -0.30753576553187661 43.488081112092217 0.14215748749272794 14.457987486051847 -0.032095175758180924 0.55863697274242385 -13.511651780020401 0.99436923842571689 0.02126937677127726 -0.13649905508730442 -18.183519665125356 0.34451778807285427 4.9845818248454687 -0.10195858062218283 0.2543879769294895 -4.1323327621997432 -0.02284675563071608 0.029972969163277633 -0.051284437351259128 11.536384430744835 0.023448025951397666 -7.4239080932657382 -20.917729461025576 1.365038490399922 0.06692054086750461 -0.15229909867767596 0.16909966895953155 -19.868150986446146 -0.051212113609640869 2.2118115915887104 0.27620356674899227 -61.940512980706416 -0.29488995833339438 23.691810932735716
6.2992227506128806 -0.035933813174146789 -13.587986626249201 0.055453662834950367 0.5280369886309132 -0.032095175758180869 12.54793333793268 0.14215748749272264 -0.026720888995361389 0.024685966383112129 4.0637516246795009 -0.25600270005444531 -0.10195858062218288 -0.43740284086274855 0.34451778807280053 1.2906623462837337 0.040895478490350322 -0.19031498235386607 -0.91043469978779734 17.076551574934925 -50.331787264738701 0.09081624746643685 32.095254213340112 0.21370234738124783 0.18178566470117505 -0.087337240444775505 -23.340050082648713 1.3080056492246661 0.12764732938635837 -0.051212113609640897 -12.012879766716829 0.16909966895949835 -71.939605087589612 0.12894440438290442 20.851953630693075 0.14611439009904248
-0.0359338131741469 7.8195405673418268 0.055453662834950436 -11.551953857530737 -0.032095175758180799 0.55863697274242374 0.14215748749272261 14.457987486051877 0.02126937677127726 -0.13649905508730417 -13.511651780020376 0.99436923842569624 4.9845818248454679 -0.10195858062218277 -18.183519665124809 0.34451778807279965 -0.022846755630716087 0.029972969163277421 0.25438797692948256 -4.1323327621997308 0.090816247466437072 -42.678770442090055 0.21370234738124738 18.162023682308636 0.066920540867504735 -0.15229909867767583 -20.917729461025523 1.3650384903999064 -0.051212113609640869 2.2118115915887091 0.16909966895949746 -19.868150986445812 0.12894440438290447 -61.390592916181056 0.14611439009904337 9.7178709371263761
0.94629774151867652 -23.853530510373588 -3.90406682208546 41.797554749462755 -0.76523871520209141 15.124583671713742 -0.066737891235554958 0.35220203074272532 -13.806736143506773 -0.046243360035163064 0.017938788192061988 -0.073110003603105642 -11.511894126754752 0.13618101383104367 3.3425341855581077 -0.049802724401030812 -0.020063623341919322 -5.35981450665866 -0.022427947415659219 0.042026715950463596 -1.0043791349870554 11.222519554310933 0.29947482827992583 -4.4228582231679532 -19.24996754483405 -0.11112317421949566 0.047829586885129047 -0.08411702222518723 0.98648163302840597 -15.72103015757477 -0.053363276890128486 1.1979473002423024 5.4421393431663851 -61.018242116722753 -0.46829579113419495 13.121779593675319
-8.9560975603227249 207.60021937661011 0.94629774151867652 -23.853530510373581 -0.090465383580988934 9.4266446339180714 0.045526207013436543 -2.9073630017601158 -0.046243360035163099 -14.749866455402687 -0.073110003603105669 0.90758155802942841 93.268274162794981 -1.6110945856962402 -22.9727318144107 0.28903452423448583 -4.7330523652423491 -0.020063623341919572 0.046728724424170753 -0.022427947415659247 0.29947482827992566 -4.4228582231679532 -2.7628973142949156 41.822680520865291 -0.11112317421949572 -19.252274016336372 -0.084117022225187313 0.86231657704766673 -0.62821765440385147 57.931041393988799 0.097685490034221556 -14.172520011401673 -0.46829579113419412 13.121779593675315 7.5498123935461026 -147.51643459914791
-0.29332336960370903 4.6866107971850548 1.0099675392369762 -11.219451735197872 -0.066737891235554958 0.35220203074272532 -0.76523871520209108 15.124583671713749 0.017938788192061884 -0.073110003603105614 -13.806736143506747 -0.046243360035175263 3.3425341855581072 -0.049802724401030785 -11.511894126754383 0.13618101383100734 -0.022427947415659264 0.042026715950463298 -0.020063623341923853 -5.3598145066586431 3.6135773101760189 -41.957022324986141 -1.2660552516183174 10.143470703558522 0.047829586885129796 -0.084117022225187257 -19.249967544834007 -0.11112317421950357 -0.053363276890128403 1.197947300242302 0.98648163302837855 -15.721030157574535 5.244754065726811 -61.126599046480386 -0.6855684369847681 3.805904673120541
2.7142486993114767 -43.672016358098062 -0.29332336960370897 4.6866107971850539 0.045526207013436515 -2.9073630017601158 -0.090465383580957237 9.4266446339177534 -0.073110003603105697 0.90758155802942808 -0.046243360035175485 -14.74986645540255 -22.9727318144107 0.28903452423448561 93.268274162792423 -1.6110945856959837 0.046728724424170753 -0.022427947415659261 -4.7330523652422878 -0.020063623341923936 -1.2660552516183166 10.143470703558524 11.484889642929659 -111.47033315338146 -0.084117022225187146 0.86231657704766662 -0.11112317421950357 -19.252274016336283 0.097685490034221556 -14.172520011401669 -0.62821765440370392 57.931041393987321 -0.68556843698476744 3.8059046731205384 9.2681061919396903 -82.196953225506945
-1.8731023270428464 209.17834311733441 0.32291576613949524 -26.831275614865636 -0.2171755199691639 8.3251558820642231 0.062847071178130348 -2.9281377531606139 0.92514703959124034 -14.475792633433544 -0.072967064892589528 0.9061558478271371 93.984014127620597 -1.5429224366333254 -23.179521761275822 0.46232177964275789 -3.7544567897198515 0.28151825111004619 0.069787853120153426 -0.019988175575656915 0.021323620122323556 -5.2270679082937956 -0.080873593482185147 42.134420991470122 1.3815795047732924 -20.687342851198377 -0.09448297471628618 0.87219526538854431 -0.84963847586999353 58.998759278042868 0.26167996194277876 -14.239740981890126 -0.21674457243673273 17.487130711766621 1.36462838302599 -148.36056007723496
99.599694829713485 -1.87310232704285 -12.586657665257288 0.32291576613949469 -2.53008324615252 -0.21717551996916373 0.17451062497429712 0.062847071178130404 -0.27701324157168039 3.7711125324494161 0.019929667601605128 -0.092967585048103152 -1.5429224366333312 1.0856965606239632 0.46232177964275878 2.3637773861420506 13.61001443278384 -1.1593208687242469 0.29874428337506792 0.076008353973519113 -4.8785256909528014 0.021323620122323417 37.655246280179313 -0.080873593482185147 1.5406987305542075 -20.099053555612194 -0.096549506086273537 0.05347535663510726 -2.0975125677665605 -0.84963847586999619 2.2307850564939673 0.2616799619427792 8.9457958400081043 -0.21674457243673423 -86.616795706308821 1.3646283830259955
0.13727993467345967 -43.998643618434329 -0.030058951177543702 5.4899730542562404 0.062847071178130376 -2.9281377531606139 -0.21717551996913187 8.3251558820639069 -0.072967064892589473 0.90615584782713665 0.92514703959122679 -14.475792633433411 -23.179521761275822 0.46232177964275811 93.984014127618025 -1.54292243663307 0.069787853120153537 -0.019988175575656898 -3.7544567897198053 0.28151825111004203 0.13115339942486015 13.165265764167966 -1.0589422761155696 -112.27463021844176 -0.094482974716286014 0.87219526538854431 1.38157950477328 -20.687342851198274 0.26167996194277876 -14.239740981890122 -0.84963847586984365 58.998759278041383 0.091791758642982169 8.201187380659869 -0.62767224654046938 -82.515269726663661
-36.185868041554009 0.13727993467345989 4.6767678623768942 -0.030058951177543591 0.17451062497429709 0.06284707117813032 -2.5300832461525165 -0.21717551996913165 0.019929667601605111 -0.092967585048102958 -0.27701324157167606 3.7711125324493722 0.46232177964275833 2.3637773861420515 -1.5429224366330736 1.0856965606239271 0.2987442833750677 0.076008353973519141 13.610014432783638 -1.1593208687242289 23.074183357004483 0.13115339942486015 -175.97909550649715 -1.0589422761155713 -0.096549506086273523 0.053475356635107926 1.540698730554193 -20.099053555612052 2.230785056493966 0.2616799619427792 -2.0975125677665689 -0.84963847586984631 16.071984853556835 0.091791758642981724 -138.51598164991483 -0.62767224654046672
99.088715476239457 -16.746873018315824 -8.9901266087037062 2.0134421287689648 -1.6226870434577003 -0.88377170563105889 0.20915334045167133 0.26928201317782846 0.018071121914691544 4.811725130910296 0.023260256180820383 -0.15635663653230183 -8.214547975003935 1.2940333348657744 2.104369418930121 2.3116215299208984 13.884466033055249 0.068160875734670015 0.29832547516001123 0.063954607186333223 -3.925430993317006 0.33518849655622512 37.379219477850782 -3.0819234635799715 -0.12706318563731855 -18.622891890992776 -0.077458552103898043 -0.014706719817380837 -2.914894531835432 -4.996759304741377 2.2329362197744547 1.2755442532891872 3.7798600635907071 -1.1390154364204015 -86.443389873507996 11.934659722086392
-8.9901266087037079 2.0134421287689652 50.416131245815293 -3.2852808700239247 12.421223201544546 -0.95933126436111982 0.54535785279560722 -0.052869927158679539 5.035142024305916 0.01807112191469154 -0.026577950284845261 0.023260256180820369 1.0602577528984705 1.3588344953466467 -0.30874852748730874 -0.264115585454476 0.068160875734669515 17.378133449386954 0.063954607186333085 -0.18787521051386394 13.296220266491671 -0.85549412247710199 -3.9254309933170051 0.33518849655622518 -21.847347403655984 -0.12706318563731844 0.17141971221007607 -0.077458552103897904 -12.234300588183023 1.2368175530135974 0.2916418012949154 -0.11843308409809369 -72.168947940929286 4.6415546848402878 3.7798600635907054 -1.1390154364204028
-35.928478485124444 3.2702097048302354 3.7222539859748669 -0.36256107351041067 0.20915334045167122 0.26928201317782841 -1.6226870434577023 -0.88377170563100416 0.023260256180820345 -0.15635663653230156 0.018071121914695842 4.8117251309102436 2.1043694189301205 2.3116215299208989 -8.214547975003498 1.2940333348657207 0.29832547516001101 0.063954607186333251 13.884466033055045 0.068160875734683823 19.551422294294898 -0.59059471767905913 -174.49933790749759 6.9596107026345422 -0.077458552103897987 -0.014706719817380032 -0.12706318563732766 -18.622891890992641 2.2329362197744547 1.2755442532891865 -2.9148945318354507 -4.9967593047411238 10.956175192212925 -0.17220211105767524 -137.68429882283101 5.2842940174653723
3.7222539859748665 -0.36256107351041067 -13.324722207823037 0.85881591990613693 0.545357852795607 -0.052869927158679483 12.421223201544507 -0.95933126436112259 -0.026577950284845296 0.02326025618082031 5.0351420243059026 0.018071121914695787 -0.30874852748730874 -0.264115585454476 1.0602577528984081 1.3588344953466494 0.063954607186333279 -0.18787521051386344 0.068160875734684268 17.37813344938689 -48.934578613695521 3.1126113080758766 19.551422294294895 -0.59059471767905958 0.17141971221007601 -0.07745855210389796 -21.847347403655931 -0.12706318563732791 0.2916418012949159 -0.11843308409809362 -12.23430058818297 1.2368175530135579 -71.162244891961876 4.5242271119222339 10.956175192212925 -0.17220211105767613
4.3642752745157001 -0.047923623743638011 -16.939117936942719 0.074092975996602473 -0.34909227235560114 -0.036859920906839316 12.391345231215791 0.12921140994911345 -0.31726171472371495 0.017039957242946106 4.0666413350381605 0.013527584156676709 -0.085990476456706905 -0.36784935124723522 0.23991477962376595 1.3950222474023226 0.057852261254062544 -1.4122026179885661 0.062566766910465657 17.094707667654387 -49.881712813929994 0.10434263928185483 19.843099894267915 0.137113896826212 1.852199640647535 -0.07418474697533349 -23.362414841759652 -0.12971524539216184 1.1671249282106457 -0.040393671823655941 -12.247270193249447 0.11099850611265283 -65.972316689683893 0.11742681093648379 10.693106380069041 0.11578418450354389
-0.047923623743638344 6.395776472976177 0.074092975996602528 -14.215061512256016 -0.036859920906839518 -0.73634064356751161 0.12921140994911332 15.108573665461909 0.98643947745980698 -0.068566465845087354 -13.516052379067881 -0.04002306109730025 4.1628771588327753 -0.085990476456706988 -11.734652177784987 0.23991477962376617 -0.01683383859144157 0.32545249768297241 -0.013961277409652223 -4.1354870991839467 0.10434263928185458 -42.755271512710635 0.13711389682621089 10.470861971807844 1.5628970249888579 -0.081464962470353161 -20.93074747327146 -0.11439697934806814 -0.040393671823655899 2.3237663471432239 0.11099850611265283 -15.799069569848978 0.11742681093648459 -56.737255502528534 0.11578418450354389 2.8721162156904496
-43.023463528973807 0.26832186974027961 4.3642752745157001 -0.047923623743638288 0.33109873169118742 0.075793148721741699 -1.6529539851660051 -0.21241077482047355 0.017039957242946137 -0.36249786925922833 0.013527584156676681 3.7787585415895384 0.56692478809181046 2.2594174850234587 -1.5588905407985507 1.0161430710084154 -0.67425718332321183 0.057852261254062405 13.593057650019926 0.062566766910465421 19.843099894267919 0.13711389682621045 -177.25795007886535 -1.0432914784710778 -0.074184746975333421 1.4911962512519483 -0.12971524539216206 -20.11220604908149 2.46517548302658 0.31978112478963494 -3.1369901665908531 -0.86045691765583321 10.693106380069043 0.11578418450354389 -131.5294450179064 -0.71733522588354859
0.26832186974027938 -58.557776859940539 -0.047923623743638427 6.395776472976177 0.075793148721741782 -3.5787239325706688 -0.21241077482047377 9.6201334983738445 -0.068566465845087382 1.9405481473501434 -0.040023061097300472 -14.543725222675629 -29.628389248615839 0.56692478809181024 94.80571879363076 -1.5588905407985489 0.33813710745929193 -0.016833838591441531 -3.7604697067590802 -0.013961277409652112 0.13711389682620934 10.470861971807846 -1.0432914784710743 -114.5479714740343 -0.081464962470353244 2.3516307351365278 -0.11439697934806881 -20.758176987405598 0.31978112478963472 -18.308822398487074 -0.86045691765583143 58.886804522486898 0.11578418450354344 2.8721162156904492 -0.71733522588354859 -71.657252092042043
-9.9364243502223761 25.866972639142546 54.320198067900748 -45.082835619486659 13.186461916746632 -16.083914936074851 0.61209574403116229 -0.4050719579014051 18.841878167812691 0.064314481949855257 -0.044516738476907541 0.096370259783925993 12.572151879653219 1.2226534815156023 -3.6512827130454153 -0.2143128610534451 0.088224499076589455 22.737947956045602 0.086382554601992165 -0.22990192646432742 14.300599401478724 -12.078013676788032 -4.2249058215969288 4.7580467197241765 -2.5973798588219448 -0.015940011417823453 0.12359012532494626 0.0066584701212893671 -13.220782221211424 16.957847710588364 0.34500507818504456 -1.3163803843403954 -77.611087284095646 65.659796801563019 4.2481558547248959 -14.260795030095718
108.04481303656213 -224.34709239492588 -9.9364243502223779 25.866972639142539 -1.5322216598767113 -10.31041633954913 0.16362713343823465 3.176645014937943 0.064314481949855368 19.561591586312971 0.096370259783926021 -1.0639381945617301 -101.48282213779889 2.9051279205620135 25.077101233340812 2.0225870056864128 18.617518398297594 0.088224499076590843 0.25159675073584137 0.086382554601992498 -4.2249058215969288 4.7580467197241774 40.142116792145686 -44.904603984445252 -0.015940011417823235 0.62938212534359084 0.0066584701212893393 -0.87702329686504665 -2.2866768774315793 -62.927800698730167 2.1352507297402332 15.448064264690856 4.2481558547248994 -14.260795030095711 -93.993202267054102 159.45109432123425
4.015577355578575 -5.0491718706954645 -14.334689747060011 12.078267655104003 0.61209574403116196 -0.40507195790140527 13.186461916746593 -16.083914936074866 -0.044516738476907264 0.096370259783925882 18.841878167812641 0.064314481949871105 -3.6512827130454157 -0.21431286105344516 12.572151879652788 1.2226534815156418 0.086382554601992595 -0.22990192646432631 0.088224499076608287 22.737947956045531 -52.548155923871548 45.069633633062011 20.817477545913206 -10.734065421237577 0.12359012532494616 0.0066584701212891728 -2.5973798588219217 -0.015940011417824418 0.34500507818504417 -1.3163803843403947 -13.220782221211348 16.957847710588084 -76.406998957688643 65.650826158402595 11.641743629197688 -3.9781067841782125
-38.642727184435913 46.942226062928285 4.0155773555785741 -5.0491718706954627 0.1636271334382346 3.1766450149379426 -1.5322216598767444 -10.310416339548755 0.096370259783925966 -1.0639381945617292 0.064314481949871771 19.56159158631279 25.077101233340812 2.0225870056864128 -101.48282213779588 2.9051279205617053 0.2515967507358412 0.086382554601992539 18.617518398297328 0.088224499076607843 20.81747754591321 -10.734065421237577 -185.98422755042719 118.42994385601595 0.0066584701212892283 -0.87702329686504632 -0.015940011417824085 0.62938212534364268 2.1352507297402319 15.448064264690849 -2.2866768774317467 -62.927800698728433 11.641743629197688 -3.9781067841782116 -146.95240501477068 87.481247242972287
-115.67281667169701 2.30842071508751 63.626170886451753 -0.6304515316713708 15.07801658408524 0.35933300746189184 0.35352636365661605 -0.094942246936311175 4.3407648662511917 -4.027115232503867 -0.04665055659696643 0.1176535514312152 1.8874402247061852 0.20496578565976595 -0.56428036026494155 -2.8011802270047976 -14.520449132571667 18.235872443659225 -0.25784880488471862 -0.26632333632738597 18.452897165602071 -0.072608057473582566 -44.262700994309029 0.10432161943358298 -24.880748813202974 21.407059204836873 0.27833517078744746 -0.14081259707988356 -9.9153671989503191 1.0187381448295256 -2.1031377271076077 -0.31289207555242005 -81.366294999634803 0.49294813918572533 96.581839780419628 -1.6595183413593912
2.3084207150875065 -247.9056443189809 -0.6304515316713708 70.319356726957821 0.35933300746189228 6.1328316039876176 -0.094942246936311286 3.4867747259030355 -14.436798819611642 15.470161871859252 0.094236441663866771 -1.0426549029144407 -112.1675337927459 1.8874402247061797 28.164103586121279 -0.56428036026494044 4.0088447666493385 -4.4138510133097855 -0.09263460875086954 0.04996114473893451 -0.072608057473582344 16.763452339038626 0.1043216194335832 -49.558329084735838 -22.299308965798854 22.052381341598299 0.16140351558379057 -1.0244943640662192 1.0187381448295236 -78.866910264489022 -0.3128920755524196 16.451552573478828 0.49294813918572256 -79.427643692473012 -1.659518341359385 172.05237100997059
42.485090792166872 -0.17321374784760857 -18.264754488626089 0.085512614012494353 0.35352636365661622 -0.094942246936310953 15.078016584085193 0.35933300746185393 -0.046650556596966389 0.11765355143121503 4.3407648662511757 -4.0271152325038164 -0.56428036026494177 -2.8011802270047981 1.8874402247058732 0.20496578565980528 -0.2578488048847184 -0.26632333632738509 -14.520449132571432 18.235872443659154 -73.40597062174318 -0.040337151958425022 208.07434971983719 1.2726446234968218 0.27833517078744718 -0.14081259707988336 -24.880748813202899 21.40705920483671 -2.1031377271076077 -0.31289207555242005 -9.9153671989502605 1.0187381448293449 -88.011589941146411 0.037152645739921386 159.36793528060787 0.77378663663950764
-0.17321374784760812 51.81818418577614 0.085512614012494409 -17.041926911786973 -0.094942246936311037 3.4867747259030355 0.35933300746185437 6.1328316039879667 0.094236441663866549 -1.0426549029144399 -14.436798819611598 15.470161871859101 28.164103586121279 -0.56428036026494066 -112.16753379274279 1.8874402247058679 -0.092634608750869568 0.049961144738934253 4.0088447666492861 -4.4138510133097704 -0.040337151958425466 -55.844036206257996 1.2726446234968236 130.43665390075034 0.16140351558378996 -1.0244943640662187 -22.299308965798804 22.052381341598178 -0.31289207555241982 16.451552573478825 1.0187381448293404 -78.866910264487174 0.037152645739921275 -69.591780296840909 0.77378663663951208 92.23314066379001
-13.599801629079472 0.35220007672148146 68.291123745998377 -0.36376406896238478 12.740437503571428 0.16607133085595566 -12.740437503571385 -0.16607133085595224 4.3839030497618872 -0.003512373086272863 -4.3839030497618729 0.0035123730862693103 0.32590525608051013 1.7628715986495567 -0.32590525608047072 -1.7628715986495571 0.0047145056563893204 18.506910285642999 -0.0047145056564045149 -18.506910285642942 66.687167751315798 -0.16158757403446306 -25.171700036029439 -0.12931666851930457 -25.214614482407246 -0.055530498416819223 25.214614482407175 0.055530498416829777 -13.414395121460135 0.15139217793633267 13.414395121460084 -0.15139217793630722 -1.0693039964550473 0.13478432995194772 -7.7145989379666462 -0.32101116349385617
0.35220007672148135 -30.563944433116532 -0.36376406896238445 56.797339205628298 0.16607133085595599 15.844914309029408 -0.1660713308559523 -15.844914309029422 -14.502491856527708 0.02854340474779829 14.502491856527678 -0.028543404747785939 -15.897529336618124 0.32590525608050946 15.897529336617731 -0.32590525608047027 0.0028725611817929826 -4.4609395968669299 -0.0028725611817890795 4.4609395968669165 -0.16158757403446211 56.986059735815587 -0.12931666851930412 -15.62142880948106 -22.493644498260355 -0.032932016877706333 22.493644498260313 0.03293201687771663 0.15139217793633189 -18.122835916992429 -0.15139217793630655 18.122835916992173 0.13478432995194697 0.12581368679152349 -0.32101116349385572 9.9616770824236482
144.55810583478441 -2.1294343862136396 -13.599801629079472 0.35220007672148157 -1.9840527168571938 -0.28820392354224678 1.9840527168571924 0.28820392354221247 -0.0035123730862729359 4.1412564108488095 0.0035123730862692271 -4.1412564108487624 -2.1258153288906145 -1.2432744140150107 2.1258153288903436 1.2432744140150493 14.26731483334334 0.0047145056563902641 -14.26731483334312 -0.0047145056564038453 -25.171700036029449 -0.12931666851930324 227.16535067811682 1.0390063355439292 -0.055530498416819521 -21.603402300333585 0.055530498416829777 21.603402300333425 -5.6021656496174259 -1.1802380424456131 5.6021656496174339 1.180238042445457 -7.7145989379666453 -0.32101116349385528 55.071496562221625 2.1122938145050414
-2.1294343862136396 269.15988407164059 0.35220007672148396 -30.563944433116532 -0.28820392354224733 13.198857430944827 0.28820392354221314 -13.198857430944487 0.028543404747798623 -16.4842733700259 -0.028543404747786161 16.484273370025761 124.43410804224911 -2.1258153288906132 -124.43410804224639 2.1258153288903436 -4.0986068142184164 0.0028725611817929271 4.0986068142183676 -0.002872561181789246 -0.12931666851930168 -15.621428809481063 1.0390063355439256 164.3735541760052 -0.03293201687770736 -23.109807722542222 0.032932016877716741 23.109807722542111 -1.1802380424456143 77.195626920975457 1.180238042445457 -77.195626920973851 -0.32101116349385461 9.9616770824236482 2.1122938145050414 -69.857553263756927
