MFEM mesh v1.0

#
# MFEM Geometry Types (see fem/geom.hpp):
#
# POINT       = 0
# SEGMENT     = 1
# TRIANGLE    = 2
# SQUARE      = 3
# TETRAHEDRON = 4
# CUBE        = 5
# PRISM       = 6
# PYRAMID     = 7
#

dimension
3

elements
480
1 5 0 100 351 103 108 352 563 355
1 5 100 1 101 351 352 109 353 563
1 5 351 101 2 102 563 353 110 354
1 5 103 351 102 3 355 563 354 111
1 5 108 352 563 355 4 104 356 107
1 5 352 109 353 563 104 5 105 356
1 5 563 353 110 354 356 105 6 106
1 5 355 563 354 111 107 356 106 7
1 5 8 112 357 114 118 358 564 360
1 5 112 9 113 357 358 119 359 564
1 5 357 113 0 103 564 359 108 355
1 5 114 357 103 3 360 564 355 111
1 5 118 358 564 360 10 115 361 117
1 5 358 119 359 564 115 11 116 361
1 5 564 359 108 355 361 116 4 107
1 5 360 564 355 111 117 361 107 7
1 5 2 120 362 102 110 363 565 354
1 5 120 12 121 362 363 124 364 565
1 5 362 121 8 114 565 364 118 360
1 5 102 362 114 3 354 565 360 111
1 5 110 363 565 354 6 122 365 106
1 5 363 124 364 565 122 13 123 365
1 5 565 364 118 360 365 123 10 117
1 5 354 565 360 111 106 365 117 7
1 5 14 125 366 128 129 367 566 370
1 5 125 15 126 366 367 130 368 566
1 5 366 126 16 127 566 368 131 369
1 5 128 366 127 17 370 566 369 132
1 5 129 367 566 370 0 100 351 103
1 5 367 130 368 566 100 1 101 351
1 5 566 368 131 369 351 101 2 102
1 5 370 566 369 132 103 351 102 3
1 5 18 133 371 135 136 372 567 374
1 5 133 19 134 371 372 137 373 567
1 5 371 134 14 128 567 373 129 370
1 5 135 371 128 17 374 567 370 132
1 5 136 372 567 374 8 112 357 114
1 5 372 137 373 567 112 9 113 357
1 5 567 373 129 370 357 113 0 103
1 5 374 567 370 132 114 357 103 3
1 5 16 138 375 127 131 376 568 369
1 5 138 20 139 375 376 140 377 568
1 5 375 139 18 135 568 377 136 374
1 5 127 375 135 17 369 568 374 132
1 5 131 376 568 369 2 120 362 102
1 5 376 140 377 568 120 12 121 362
1 5 568 377 136 374 362 121 8 114
1 5 369 568 374 132 102 362 114 3
1 5 21 141 378 144 145 379 569 382
1 5 141 22 142 378 379 146 380 569
1 5 378 142 23 143 569 380 147 381
1 5 144 378 143 24 382 569 381 148
1 5 145 379 569 382 14 125 366 128
1 5 379 146 380 569 125 15 126 366
1 5 569 380 147 381 366 126 16 127
1 5 382 569 381 148 128 366 127 17
1 5 25 149 383 151 152 384 570 386
1 5 149 26 150 383 384 153 385 570
1 5 383 150 21 144 570 385 145 382
1 5 151 383 144 24 386 570 382 148
1 5 152 384 570 386 18 133 371 135
1 5 384 153 385 570 133 19 134 371
1 5 570 385 145 382 371 134 14 128
1 5 386 570 382 148 135 371 128 17
1 5 23 154 387 143 147 388 571 381
1 5 154 27 155 387 388 156 389 571
1 5 387 155 25 151 571 389 152 386
1 5 143 387 151 24 381 571 386 148
1 5 147 388 571 381 16 138 375 127
1 5 388 156 389 571 138 20 139 375
1 5 571 389 152 386 375 139 18 135
1 5 381 571 386 148 127 375 135 17
1 5 14 125 390 159 145 379 572 393
1 5 125 15 157 390 379 146 391 572
1 5 390 157 28 158 572 391 163 392
1 5 159 390 158 29 393 572 392 164
1 5 145 379 572 393 21 141 394 162
1 5 379 146 391 572 141 22 160 394
1 5 572 391 163 392 394 160 30 161
1 5 393 572 392 164 162 394 161 31
1 5 32 165 395 166 169 396 573 397
1 5 165 19 134 395 396 153 385 573
1 5 395 134 14 159 573 385 145 393
1 5 166 395 159 29 397 573 393 164
1 5 169 396 573 397 33 167 398 168
1 5 396 153 385 573 167 26 150 398
1 5 573 385 145 393 398 150 21 162
1 5 397 573 393 164 168 398 162 31
1 5 28 170 399 158 163 400 574 392
1 5 170 34 171 399 400 174 401 574
1 5 399 171 32 166 574 401 169 397
1 5 158 399 166 29 392 574 397 164
1 5 163 400 574 392 30 172 402 161
1 5 400 174 401 574 172 35 173 402
1 5 574 401 169 397 402 173 33 168
1 5 392 574 397 164 161 402 168 31
1 5 0 100 403 177 129 367 575 406
1 5 100 1 175 403 367 130 404 575
1 5 403 175 36 176 575 404 178 405
1 5 177 403 176 37 406 575 405 179
1 5 129 367 575 406 14 125 390 159
1 5 367 130 404 575 125 15 157 390
1 5 575 404 178 405 390 157 28 158
1 5 406 575 405 179 159 390 158 29
1 5 38 180 407 181 182 408 576 409
1 5 180 9 113 407 408 137 373 576
1 5 407 113 0 177 576 373 129 406
1 5 181 407 177 37 409 576 406 179
1 5 182 408 576 409 32 165 395 166
1 5 408 137 373 576 165 19 134 395
1 5 576 373 129 406 395 134 14 159
1 5 409 576 406 179 166 395 159 29
1 5 36 183 410 176 178 411 577 405
1 5 183 39 184 410 411 185 412 577
1 5 410 184 38 181 577 412 182 409
1 5 176 410 181 37 405 577 409 179
1 5 178 411 577 405 28 170 399 158
1 5 411 185 412 577 170 34 171 399
1 5 577 412 182 409 399 171 32 166
1 5 405 577 409 179 158 399 166 29
1 5 4 104 413 188 108 352 578 416
1 5 104 5 186 413 352 109 414 578
1 5 413 186 40 187 578 414 189 415
1 5 188 413 187 41 416 578 415 190
1 5 108 352 578 416 0 100 403 177
1 5 352 109 414 578 100 1 175 403
1 5 578 414 189 415 403 175 36 176
1 5 416 578 415 190 177 403 176 37
1 5 42 191 417 192 193 418 579 419
1 5 191 11 116 417 418 119 359 579
1 5 417 116 4 188 579 359 108 416
1 5 192 417 188 41 419 579 416 190
1 5 193 418 579 419 38 180 407 181
1 5 418 119 359 579 180 9 113 407
1 5 579 359 108 416 407 113 0 177
1 5 419 579 416 190 181 407 177 37
1 5 40 194 420 187 189 421 580 415
1 5 194 43 195 420 421 196 422 580
1 5 420 195 42 192 580 422 193 419
1 5 187 420 192 41 415 580 419 190
1 5 189 421 580 415 36 183 410 176
1 5 421 196 422 580 183 39 184 410
1 5 580 422 193 419 410 184 38 181
1 5 415 580 419 190 176 410 181 37
1 5 44 197 423 200 205 424 581 427
1 5 197 45 198 423 424 206 425 581
1 5 423 198 46 199 581 425 207 426
1 5 200 423 199 47 427 581 426 208
1 5 205 424 581 427 48 201 428 204
1 5 424 206 425 581 201 49 202 428
1 5 581 425 207 426 428 202 50 203
1 5 427 581 426 208 204 428 203 51
1 5 38 180 429 210 193 418 582 431
1 5 180 9 209 429 418 119 430 582
1 5 429 209 44 200 582 430 205 427
1 5 210 429 200 47 431 582 427 208
1 5 193 418 582 431 42 191 432 212
1 5 418 119 430 582 191 11 211 432
1 5 582 430 205 427 432 211 48 204
1 5 431 582 427 208 212 432 204 51
1 5 46 213 433 199 207 434 583 426
1 5 213 39 184 433 434 196 422 583
1 5 433 184 38 210 583 422 193 431
1 5 199 433 210 47 426 583 431 208
1 5 207 434 583 426 50 214 435 203
1 5 434 196 422 583 214 43 195 435
1 5 583 422 193 431 435 195 42 212
1 5 426 583 431 208 203 435 212 51
1 5 52 215 436 218 219 437 584 440
1 5 215 53 216 436 437 220 438 584
1 5 436 216 54 217 584 438 221 439
1 5 218 436 217 55 440 584 439 222
1 5 219 437 584 440 44 197 423 200
1 5 437 220 438 584 197 45 198 423
1 5 584 438 221 439 423 198 46 199
1 5 440 584 439 222 200 423 199 47
1 5 32 165 441 224 182 408 585 443
1 5 165 19 223 441 408 137 442 585
1 5 441 223 52 218 585 442 219 440
1 5 224 441 218 55 443 585 440 222
1 5 182 408 585 443 38 180 429 210
1 5 408 137 442 585 180 9 209 429
1 5 585 442 219 440 429 209 44 200
1 5 443 585 440 222 210 429 200 47
1 5 54 225 444 217 221 445 586 439
1 5 225 34 171 444 445 185 412 586
1 5 444 171 32 224 586 412 182 443
1 5 217 444 224 55 439 586 443 222
1 5 221 445 586 439 46 213 433 199
1 5 445 185 412 586 213 39 184 433
1 5 586 412 182 443 433 184 38 210
1 5 439 586 443 222 199 433 210 47
1 5 56 226 446 229 230 447 587 450
1 5 226 57 227 446 447 231 448 587
1 5 446 227 58 228 587 448 232 449
1 5 229 446 228 59 450 587 449 233
1 5 230 447 587 450 52 215 436 218
1 5 447 231 448 587 215 53 216 436
1 5 587 448 232 449 436 216 54 217
1 5 450 587 449 233 218 436 217 55
1 5 33 167 451 235 169 396 588 453
1 5 167 26 234 451 396 153 452 588
1 5 451 234 56 229 588 452 230 450
1 5 235 451 229 59 453 588 450 233
1 5 169 396 588 453 32 165 441 224
1 5 396 153 452 588 165 19 223 441
1 5 588 452 230 450 441 223 52 218
1 5 453 588 450 233 224 441 218 55
1 5 58 236 454 228 232 455 589 449
1 5 236 35 173 454 455 174 401 589
1 5 454 173 33 235 589 401 169 453
1 5 228 454 235 59 449 589 453 233
1 5 232 455 589 449 54 225 444 217
1 5 455 174 401 589 225 34 171 444
1 5 589 401 169 453 444 171 32 224
1 5 449 589 453 233 217 444 224 55
1 5 52 215 456 239 230 447 590 459
1 5 215 53 237 456 447 231 457 590
1 5 456 237 60 238 590 457 243 458
1 5 239 456 238 61 459 590 458 244
1 5 230 447 590 459 56 226 460 242
1 5 447 231 457 590 226 57 240 460
1 5 590 457 243 458 460 240 62 241
1 5 459 590 458 244 242 460 241 63
1 5 18 133 461 245 152 384 591 462
1 5 133 19 223 461 384 153 452 591
1 5 461 223 52 239 591 452 230 459
1 5 245 461 239 61 462 591 459 244
1 5 152 384 591 462 25 149 463 246
1 5 384 153 452 591 149 26 234 463
1 5 591 452 230 459 463 234 56 242
1 5 462 591 459 244 246 463 242 63
1 5 60 247 464 238 243 465 592 458
1 5 247 20 139 464 465 156 389 592
1 5 464 139 18 245 592 389 152 462
1 5 238 464 245 61 458 592 462 244
1 5 243 465 592 458 62 248 466 241
1 5 465 156 389 592 248 27 155 466
1 5 592 389 152 462 466 155 25 246
1 5 458 592 462 244 241 466 246 63
1 5 44 197 467 251 219 437 593 470
1 5 197 45 249 467 437 220 468 593
1 5 467 249 64 250 593 468 252 469
1 5 251 467 250 65 470 593 469 253
1 5 219 437 593 470 52 215 456 239
1 5 437 220 468 593 215 53 237 456
1 5 593 468 252 469 456 237 60 238
1 5 470 593 469 253 239 456 238 61
1 5 8 112 471 254 136 372 594 472
1 5 112 9 209 471 372 137 442 594
1 5 471 209 44 251 594 442 219 470
1 5 254 471 251 65 472 594 470 253
1 5 136 372 594 472 18 133 461 245
1 5 372 137 442 594 133 19 223 461
1 5 594 442 219 470 461 223 52 239
1 5 472 594 470 253 245 461 239 61
1 5 64 255 473 250 252 474 595 469
1 5 255 12 121 473 474 140 377 595
1 5 473 121 8 254 595 377 136 472
1 5 250 473 254 65 469 595 472 253
1 5 252 474 595 469 60 247 464 238
1 5 474 140 377 595 247 20 139 464
1 5 595 377 136 472 464 139 18 245
1 5 469 595 472 253 238 464 245 61
1 5 48 201 475 258 205 424 596 478
1 5 201 49 256 475 424 206 476 596
1 5 475 256 66 257 596 476 259 477
1 5 258 475 257 67 478 596 477 260
1 5 205 424 596 478 44 197 467 251
1 5 424 206 476 596 197 45 249 467
1 5 596 476 259 477 467 249 64 250
1 5 478 596 477 260 251 467 250 65
1 5 10 115 479 261 118 358 597 480
1 5 115 11 211 479 358 119 430 597
1 5 479 211 48 258 597 430 205 478
1 5 261 479 258 67 480 597 478 260
1 5 118 358 597 480 8 112 471 254
1 5 358 119 430 597 112 9 209 471
1 5 597 430 205 478 471 209 44 251
1 5 480 597 478 260 254 471 251 65
1 5 66 262 481 257 259 482 598 477
1 5 262 13 123 481 482 124 364 598
1 5 481 123 10 261 598 364 118 480
1 5 257 481 261 67 477 598 480 260
1 5 259 482 598 477 64 255 473 250
1 5 482 124 364 598 255 12 121 473
1 5 598 364 118 480 473 121 8 254
1 5 477 598 480 260 250 473 254 65
2 5 57 263 483 231 240 484 599 457
2 5 263 68 264 483 484 269 485 599
2 5 483 264 69 265 599 485 270 486
2 5 231 483 265 53 457 599 486 237
2 5 240 484 599 457 62 266 487 243
2 5 484 269 485 599 266 70 267 487
2 5 599 485 270 486 487 267 71 268
2 5 457 599 486 237 243 487 268 60
2 5 53 265 488 220 237 486 600 468
2 5 265 69 271 488 486 270 489 600
2 5 488 271 72 272 600 489 275 490
2 5 220 488 272 45 468 600 490 249
2 5 237 486 600 468 60 268 491 252
2 5 486 270 489 600 268 71 273 491
2 5 600 489 275 490 491 273 73 274
2 5 468 600 490 249 252 491 274 64
2 5 45 272 492 206 249 490 601 476
2 5 272 72 276 492 490 275 493 601
2 5 492 276 74 277 601 493 280 494
2 5 206 492 277 49 476 601 494 256
2 5 249 490 601 476 64 274 495 259
2 5 490 275 493 601 274 73 278 495
2 5 601 493 280 494 495 278 75 279
2 5 476 601 494 256 259 495 279 66
2 5 62 266 487 243 248 496 602 465
2 5 266 70 267 487 496 284 497 602
2 5 487 267 71 268 602 497 285 498
2 5 243 487 268 60 465 602 498 247
2 5 248 496 602 465 27 281 499 156
2 5 496 284 497 602 281 76 282 499
2 5 602 497 285 498 499 282 77 283
2 5 465 602 498 247 156 499 283 20
2 5 60 268 491 252 247 498 603 474
2 5 268 71 273 491 498 285 500 603
2 5 491 273 73 274 603 500 288 501
2 5 252 491 274 64 474 603 501 255
2 5 247 498 603 474 20 283 502 140
2 5 498 285 500 603 283 77 286 502
2 5 603 500 288 501 502 286 78 287
2 5 474 603 501 255 140 502 287 12
2 5 64 274 495 259 255 501 604 482
2 5 274 73 278 495 501 288 503 604
2 5 495 278 75 279 604 503 291 504
2 5 259 495 279 66 482 604 504 262
2 5 255 501 604 482 12 287 505 124
2 5 501 288 503 604 287 78 289 505
2 5 604 503 291 504 505 289 79 290
2 5 482 604 504 262 124 505 290 13
2 5 49 277 492 206 202 506 605 425
2 5 277 74 276 492 506 295 507 605
2 5 492 276 72 272 605 507 296 508
2 5 206 492 272 45 425 605 508 198
2 5 202 506 605 425 50 292 509 207
2 5 506 295 507 605 292 80 293 509
2 5 605 507 296 508 509 293 81 294
2 5 425 605 508 198 207 509 294 46
2 5 45 272 488 220 198 508 606 438
2 5 272 72 271 488 508 296 510 606
2 5 488 271 69 265 606 510 299 511
2 5 220 488 265 53 438 606 511 216
2 5 198 508 606 438 46 294 512 221
2 5 508 296 510 606 294 81 297 512
2 5 606 510 299 511 512 297 82 298
2 5 438 606 511 216 221 512 298 54
2 5 53 265 483 231 216 511 607 448
2 5 265 69 264 483 511 299 513 607
2 5 483 264 68 263 607 513 302 514
2 5 231 483 263 57 448 607 514 227
2 5 216 511 607 448 54 298 515 232
2 5 511 299 513 607 298 82 300 515
2 5 607 513 302 514 515 300 83 301
2 5 448 607 514 227 232 515 301 58
2 5 50 292 509 207 214 516 608 434
2 5 292 80 293 509 516 306 517 608
2 5 509 293 81 294 608 517 307 518
2 5 207 509 294 46 434 608 518 213
2 5 214 516 608 434 43 303 519 196
2 5 516 306 517 608 303 84 304 519
2 5 608 517 307 518 519 304 85 305
2 5 434 608 518 213 196 519 305 39
2 5 46 294 512 221 213 518 609 445
2 5 294 81 297 512 518 307 520 609
2 5 512 297 82 298 609 520 310 521
2 5 221 512 298 54 445 609 521 225
2 5 213 518 609 445 39 305 522 185
2 5 518 307 520 609 305 85 308 522
2 5 609 520 310 521 522 308 86 309
2 5 445 609 521 225 185 522 309 34
2 5 54 298 515 232 225 521 610 455
2 5 298 82 300 515 521 310 523 610
2 5 515 300 83 301 610 523 313 524
2 5 232 515 301 58 455 610 524 236
2 5 225 521 610 455 34 309 525 174
2 5 521 310 523 610 309 86 311 525
2 5 610 523 313 524 525 311 87 312
2 5 455 610 524 236 174 525 312 35
2 5 84 314 526 304 303 527 611 519
2 5 314 88 315 526 527 317 528 611
2 5 526 315 89 316 611 528 318 529
2 5 304 526 316 85 519 611 529 305
2 5 303 527 611 519 43 194 421 196
2 5 527 317 528 611 194 40 189 421
2 5 611 528 318 529 421 189 36 183
2 5 519 611 529 305 196 421 183 39
2 5 88 319 530 315 317 531 612 528
2 5 319 90 320 530 531 322 532 612
2 5 530 320 91 321 612 532 323 533
2 5 315 530 321 89 528 612 533 318
2 5 317 531 612 528 40 186 414 189
2 5 531 322 532 612 186 5 109 414
2 5 612 532 323 533 414 109 1 175
2 5 528 612 533 318 189 414 175 36
2 5 85 316 534 308 305 529 613 522
2 5 316 89 324 534 529 318 535 613
2 5 534 324 92 325 613 535 326 536
2 5 308 534 325 86 522 613 536 309
2 5 305 529 613 522 39 183 411 185
2 5 529 318 535 613 183 36 178 411
2 5 613 535 326 536 411 178 28 170
2 5 522 613 536 309 185 411 170 34
2 5 89 321 537 324 318 533 614 535
2 5 321 91 327 537 533 323 538 614
2 5 537 327 93 328 614 538 329 539
2 5 324 537 328 92 535 614 539 326
2 5 318 533 614 535 36 175 404 178
2 5 533 323 538 614 175 1 130 404
2 5 614 538 329 539 404 130 15 157
2 5 535 614 539 326 178 404 157 28
2 5 86 325 540 311 309 536 615 525
2 5 325 92 330 540 536 326 541 615
2 5 540 330 94 331 615 541 332 542
2 5 311 540 331 87 525 615 542 312
2 5 309 536 615 525 34 170 400 174
2 5 536 326 541 615 170 28 163 400
2 5 615 541 332 542 400 163 30 172
2 5 525 615 542 312 174 400 172 35
2 5 92 328 543 330 326 539 616 541
2 5 328 93 333 543 539 329 544 616
2 5 543 333 95 334 616 544 335 545
2 5 330 543 334 94 541 616 545 332
2 5 326 539 616 541 28 157 391 163
2 5 539 329 544 616 157 15 146 391
2 5 616 544 335 545 391 146 22 160
2 5 541 616 545 332 163 391 160 30
2 5 76 336 546 282 281 547 617 499
2 5 336 96 337 546 547 339 548 617
2 5 546 337 97 338 617 548 340 549
2 5 282 546 338 77 499 617 549 283
2 5 281 547 617 499 27 154 388 156
2 5 547 339 548 617 154 23 147 388
2 5 617 548 340 549 388 147 16 138
2 5 499 617 549 283 156 388 138 20
2 5 96 341 550 337 339 551 618 548
2 5 341 95 333 550 551 335 544 618
2 5 550 333 93 342 618 544 329 552
2 5 337 550 342 97 548 618 552 340
2 5 339 551 618 548 23 142 380 147
2 5 551 335 544 618 142 22 146 380
2 5 618 544 329 552 380 146 15 126
2 5 548 618 552 340 147 380 126 16
2 5 77 338 553 286 283 549 619 502
2 5 338 97 343 553 549 340 554 619
2 5 553 343 98 344 619 554 345 555
2 5 286 553 344 78 502 619 555 287
2 5 283 549 619 502 20 138 376 140
2 5 549 340 554 619 138 16 131 376
2 5 619 554 345 555 376 131 2 120
2 5 502 619 555 287 140 376 120 12
2 5 97 342 556 343 340 552 620 554
2 5 342 93 327 556 552 329 538 620
2 5 556 327 91 346 620 538 323 557
2 5 343 556 346 98 554 620 557 345
2 5 340 552 620 554 16 126 368 131
2 5 552 329 538 620 126 15 130 368
2 5 620 538 323 557 368 130 1 101
2 5 554 620 557 345 131 368 101 2
2 5 78 344 558 289 287 555 621 505
2 5 344 98 347 558 555 345 559 621
2 5 558 347 99 348 621 559 349 560
2 5 289 558 348 79 505 621 560 290
2 5 287 555 621 505 12 120 363 124
2 5 555 345 559 621 120 2 110 363
2 5 621 559 349 560 363 110 6 122
2 5 505 621 560 290 124 363 122 13
2 5 98 346 561 347 345 557 622 559
2 5 346 91 320 561 557 323 532 622
2 5 561 320 90 350 622 532 322 562
2 5 347 561 350 99 559 622 562 349
2 5 345 557 622 559 2 101 353 110
2 5 557 323 532 622 101 1 109 353
2 5 622 532 322 562 353 109 5 105
2 5 559 622 562 349 110 353 105 6

boundary
352
1 3 76 282 546 336
1 3 282 77 338 546
1 3 546 338 97 337
1 3 336 546 337 96
1 3 77 286 553 338
1 3 286 78 344 553
1 3 553 344 98 343
1 3 338 553 343 97
1 3 78 289 558 344
1 3 289 79 348 558
1 3 558 348 99 347
1 3 344 558 347 98
1 3 96 337 550 341
1 3 337 97 342 550
1 3 550 342 93 333
1 3 341 550 333 95
1 3 97 343 556 342
1 3 343 98 346 556
1 3 556 346 91 327
1 3 342 556 327 93
1 3 98 347 561 346
1 3 347 99 350 561
1 3 561 350 90 320
1 3 346 561 320 91
2 3 82 300 523 310
2 3 300 83 313 523
2 3 523 313 87 311
2 3 310 523 311 86
2 3 81 297 520 307
2 3 297 82 310 520
2 3 520 310 86 308
2 3 307 520 308 85
2 3 80 293 517 306
2 3 293 81 307 517
2 3 517 307 85 304
2 3 306 517 304 84
2 3 69 264 513 299
2 3 264 68 302 513
2 3 513 302 83 300
2 3 299 513 300 82
2 3 72 271 510 296
2 3 271 69 299 510
2 3 510 299 82 297
2 3 296 510 297 81
2 3 74 276 507 295
2 3 276 72 296 507
2 3 507 296 81 293
2 3 295 507 293 80
3 3 68 264 485 269
3 3 264 69 270 485
3 3 485 270 71 267
3 3 269 485 267 70
3 3 69 271 489 270
3 3 271 72 275 489
3 3 489 275 73 273
3 3 270 489 273 71
3 3 72 276 493 275
3 3 276 74 280 493
3 3 493 280 75 278
3 3 275 493 278 73
3 3 70 267 497 284
3 3 267 71 285 497
3 3 497 285 77 282
3 3 284 497 282 76
3 3 71 273 500 285
3 3 273 73 288 500
3 3 500 288 78 286
3 3 285 500 286 77
3 3 73 278 503 288
3 3 278 75 291 503
3 3 503 291 79 289
3 3 288 503 289 78
4 3 92 330 543 328
4 3 330 94 334 543
4 3 543 334 95 333
4 3 328 543 333 93
4 3 89 324 537 321
4 3 324 92 328 537
4 3 537 328 93 327
4 3 321 537 327 91
4 3 88 315 530 319
4 3 315 89 321 530
4 3 530 321 91 320
4 3 319 530 320 90
4 3 86 311 540 325
4 3 311 87 331 540
4 3 540 331 94 330
4 3 325 540 330 92
4 3 85 308 534 316
4 3 308 86 325 534
4 3 534 325 92 324
4 3 316 534 324 89
4 3 84 304 526 314
4 3 304 85 316 526
4 3 526 316 89 315
4 3 314 526 315 88
5 3 76 336 547 281
5 3 336 96 339 547
5 3 547 339 23 154
5 3 281 547 154 27
5 3 96 341 551 339
5 3 341 95 335 551
5 3 551 335 22 142
5 3 339 551 142 23
5 3 62 266 496 248
5 3 266 70 284 496
5 3 496 284 76 281
5 3 248 496 281 27
5 3 57 263 484 240
5 3 263 68 269 484
5 3 484 269 70 266
5 3 240 484 266 62
5 3 87 313 524 312
5 3 313 83 301 524
5 3 524 301 58 236
5 3 312 524 236 35
5 3 83 302 514 301
5 3 302 68 263 514
5 3 514 263 57 227
5 3 301 514 227 58
5 3 30 332 542 172
5 3 332 94 331 542
5 3 542 331 87 312
5 3 172 542 312 35
5 3 22 335 545 160
5 3 335 95 334 545
5 3 545 334 94 332
5 3 160 545 332 30
6 3 21 144 378 141
6 3 144 24 143 378
6 3 378 143 23 142
6 3 141 378 142 22
6 3 25 151 383 149
6 3 151 24 144 383
6 3 383 144 21 150
6 3 149 383 150 26
6 3 23 143 387 154
6 3 143 24 151 387
6 3 387 151 25 155
6 3 154 387 155 27
6 3 25 246 466 155
6 3 246 63 241 466
6 3 466 241 62 248
6 3 155 466 248 27
6 3 56 242 463 234
6 3 242 63 246 463
6 3 463 246 25 149
6 3 234 463 149 26
6 3 62 241 460 240
6 3 241 63 242 460
6 3 460 242 56 226
6 3 240 460 226 57
6 3 56 229 446 226
6 3 229 59 228 446
6 3 446 228 58 227
6 3 226 446 227 57
6 3 33 235 451 167
6 3 235 59 229 451
6 3 451 229 56 234
6 3 167 451 234 26
6 3 58 228 454 236
6 3 228 59 235 454
6 3 454 235 33 173
6 3 236 454 173 35
6 3 33 168 402 173
6 3 168 31 161 402
6 3 402 161 30 172
6 3 173 402 172 35
6 3 21 162 398 150
6 3 162 31 168 398
6 3 398 168 33 167
6 3 150 398 167 26
6 3 30 161 394 160
6 3 161 31 162 394
6 3 394 162 21 141
6 3 160 394 141 22
7 3 84 314 527 303
7 3 314 88 317 527
7 3 527 317 40 194
7 3 303 527 194 43
7 3 88 319 531 317
7 3 319 90 322 531
7 3 531 322 5 186
7 3 317 531 186 40
7 3 6 349 560 122
7 3 349 99 348 560
7 3 560 348 79 290
7 3 122 560 290 13
7 3 5 322 562 105
7 3 322 90 350 562
7 3 562 350 99 349
7 3 105 562 349 6
7 3 79 291 504 290
7 3 291 75 279 504
7 3 504 279 66 262
7 3 290 504 262 13
7 3 75 280 494 279
7 3 280 74 277 494
7 3 494 277 49 256
7 3 279 494 256 66
7 3 50 292 516 214
7 3 292 80 306 516
7 3 516 306 84 303
7 3 214 516 303 43
7 3 49 277 506 202
7 3 277 74 295 506
7 3 506 295 80 292
7 3 202 506 292 50
8 3 4 188 413 104
8 3 188 41 187 413
8 3 413 187 40 186
8 3 104 413 186 5
8 3 42 192 417 191
8 3 192 41 188 417
8 3 417 188 4 116
8 3 191 417 116 11
8 3 40 187 420 194
8 3 187 41 192 420
8 3 420 192 42 195
8 3 194 420 195 43
8 3 10 117 365 123
8 3 117 7 106 365
8 3 365 106 6 122
8 3 123 365 122 13
8 3 4 107 361 116
8 3 107 7 117 361
8 3 361 117 10 115
8 3 116 361 115 11
8 3 6 106 356 105
8 3 106 7 107 356
8 3 356 107 4 104
8 3 105 356 104 5
8 3 48 258 475 201
8 3 258 67 257 475
8 3 475 257 66 256
8 3 201 475 256 49
8 3 10 261 479 115
8 3 261 67 258 479
8 3 479 258 48 211
8 3 115 479 211 11
8 3 66 257 481 262
8 3 257 67 261 481
8 3 481 261 10 123
8 3 262 481 123 13
8 3 42 212 435 195
8 3 212 51 203 435
8 3 435 203 50 214
8 3 195 435 214 43
8 3 48 204 432 211
8 3 204 51 212 432
8 3 432 212 42 191
8 3 211 432 191 11
8 3 50 203 428 202
8 3 203 51 204 428
8 3 428 204 48 201
8 3 202 428 201 49
9 3 12 124 363 120
9 3 124 13 122 363
9 3 363 122 6 110
9 3 120 363 110 2
9 3 20 140 376 138
9 3 140 12 120 376
9 3 376 120 2 131
9 3 138 376 131 16
9 3 27 156 388 154
9 3 156 20 138 388
9 3 388 138 16 147
9 3 154 388 147 23
9 3 2 110 353 101
9 3 110 6 105 353
9 3 353 105 5 109
9 3 101 353 109 1
9 3 16 131 368 126
9 3 131 2 101 368
9 3 368 101 1 130
9 3 126 368 130 15
9 3 23 147 380 142
9 3 147 16 126 380
9 3 380 126 15 146
9 3 142 380 146 22
9 3 34 174 400 170
9 3 174 35 172 400
9 3 400 172 30 163
9 3 170 400 163 28
9 3 39 185 411 183
9 3 185 34 170 411
9 3 411 170 28 178
9 3 183 411 178 36
9 3 43 196 421 194
9 3 196 39 183 421
9 3 421 183 36 189
9 3 194 421 189 40
9 3 28 163 391 157
9 3 163 30 160 391
9 3 391 160 22 146
9 3 157 391 146 15
9 3 36 178 404 175
9 3 178 28 157 404
9 3 404 157 15 130
9 3 175 404 130 1
9 3 40 189 414 186
9 3 189 36 175 414
9 3 414 175 1 109
9 3 186 414 109 5
9 3 50 207 434 214
9 3 207 46 213 434
9 3 434 213 39 196
9 3 214 434 196 43
9 3 46 221 445 213
9 3 221 54 225 445
9 3 445 225 34 185
9 3 213 445 185 39
9 3 54 232 455 225
9 3 232 58 236 455
9 3 455 236 35 174
9 3 225 455 174 34
9 3 49 206 425 202
9 3 206 45 198 425
9 3 425 198 46 207
9 3 202 425 207 50
9 3 45 220 438 198
9 3 220 53 216 438
9 3 438 216 54 221
9 3 198 438 221 46
9 3 53 231 448 216
9 3 231 57 227 448
9 3 448 227 58 232
9 3 216 448 232 54
9 3 62 243 465 248
9 3 243 60 247 465
9 3 465 247 20 156
9 3 248 465 156 27
9 3 60 252 474 247
9 3 252 64 255 474
9 3 474 255 12 140
9 3 247 474 140 20
9 3 64 259 482 255
9 3 259 66 262 482
9 3 482 262 13 124
9 3 255 482 124 12
9 3 57 231 457 240
9 3 231 53 237 457
9 3 457 237 60 243
9 3 240 457 243 62
9 3 53 220 468 237
9 3 220 45 249 468
9 3 468 249 64 252
9 3 237 468 252 60
9 3 45 206 476 249
9 3 206 49 256 476
9 3 476 256 66 259
9 3 249 476 259 64

vertices
623

nodes
FiniteElementSpace
FiniteElementCollection: H1_3D_P2
VDim: 3
Ordering: 1

-0.0883883 0.0883883 -0.166667
-0.176777 0.176777 -0.166667
-9.57142e-17 0.25 -0.166667
-1.60882e-16 0.142259 -0.166667
-0.0883883 0.0883883 -0.5
-0.176777 0.176777 -0.5
1.53081e-17 0.25 -0.5
-3.23815e-17 0.142259 -0.5
0.0883883 0.0883883 -0.166667
-5.55112e-17 2.22045e-16 -0.166667
0.0883883 0.0883883 -0.5
1.11022e-16 -1.11022e-16 -0.5
0.176777 0.176777 -0.166667
0.176777 0.176777 -0.5
-0.0883883 0.0883883 0.166667
-0.176777 0.176777 0.166667
7.08192e-17 0.25 0.166667
-1.17384e-16 0.142259 0.166667
0.0883883 0.0883883 0.166667
-5.55112e-17 2.22045e-16 0.166667
0.176777 0.176777 0.166667
-0.0883883 0.0883883 0.5
-0.176777 0.176777 0.5
1.53081e-17 0.25 0.5
-3.23815e-17 0.142259 0.5
0.0883883 0.0883883 0.5
1.11022e-16 -1.11022e-16 0.5
0.176777 0.176777 0.5
-0.25 -3.06162e-17 0.166667
-0.142259 6.06302e-18 0.166667
-0.25 -3.06162e-17 0.5
-0.142259 -2.77556e-17 0.5
-0.0883883 -0.0883883 0.166667
-0.0883883 -0.0883883 0.5
-0.176777 -0.176777 0.166667
-0.176777 -0.176777 0.5
-0.25 -1.41638e-16 -0.166667
-0.142259 -1.67679e-17 -0.166667
-0.0883883 -0.0883883 -0.166667
-0.176777 -0.176777 -0.166667
-0.25 3.06162e-17 -0.5
-0.142259 -1.57992e-17 -0.5
-0.0883883 -0.0883883 -0.5
-0.176777 -0.176777 -0.5
0.0883883 -0.0883883 -0.166667
0.176777 -0.176777 -0.166667
7.08192e-17 -0.25 -0.166667
-1.8599e-16 -0.142259 -0.166667
0.0883883 -0.0883883 -0.5
0.176777 -0.176777 -0.5
-4.59243e-17 -0.25 -0.5
-6.93889e-17 -0.142259 -0.5
0.0883883 -0.0883883 0.166667
0.176777 -0.176777 0.166667
1.53081e-17 -0.25 0.166667
-1.89235e-16 -0.142259 0.166667
0.0883883 -0.0883883 0.5
0.176777 -0.176777 0.5
1.53081e-17 -0.25 0.5
-5.85144e-17 -0.142259 0.5
0.25 -3.46945e-17 0.166667
0.142259 2.24031e-17 0.166667
0.25 -2.77556e-17 0.5
0.142259 -2.77556e-17 0.5
0.25 -2.77556e-17 -0.166667
0.142259 3.92842e-17 -0.166667
0.25 -2.77556e-17 -0.5
0.142259 -2.77556e-17 -0.5
0.5 -0.5 0.5
0.5 -0.5 0.166667
0.5 0 0.5
0.5 0 0.166667
0.5 -0.5 -0.166667
0.5 0 -0.166667
0.5 -0.5 -0.5
0.5 0 -0.5
0.5 0.5 0.5
0.5 0.5 0.166667
0.5 0.5 -0.166667
0.5 0.5 -0.5
0 -0.5 -0.5
0 -0.5 -0.166667
0 -0.5 0.166667
0 -0.5 0.5
-0.5 -0.5 -0.5
-0.5 -0.5 -0.166667
-0.5 -0.5 0.166667
-0.5 -0.5 0.5
-0.5 0 -0.5
-0.5 0 -0.166667
-0.5 0.5 -0.5
-0.5 0.5 -0.166667
-0.5 0 0.166667
-0.5 0.5 0.166667
-0.5 0 0.5
-0.5 0.5 0.5
0 0.5 0.5
0 0.5 0.166667
0 0.5 -0.166667
0 0.5 -0.5
-0.132583 0.132583 -0.166667
-0.0956709 0.23097 -0.166667
-1.28298e-16 0.196129 -0.166667
-0.0441942 0.115324 -0.166667
-0.132583 0.132583 -0.5
-0.0956709 0.23097 -0.5
-8.53671e-18 0.196129 -0.5
-0.0441942 0.115324 -0.5
-0.0883883 0.0883883 -0.333333
-0.176777 0.176777 -0.333333
-4.02031e-17 0.25 -0.333333
-9.66319e-17 0.142259 -0.333333
0.0441942 0.0441942 -0.166667
-0.0441942 0.0441942 -0.166667
0.0441942 0.115324 -0.166667
0.0441942 0.0441942 -0.5
-0.0441942 0.0441942 -0.5
0.0441942 0.115324 -0.5
0.0883883 0.0883883 -0.333333
-5.55112e-17 2.22045e-16 -0.333333
0.0956709 0.23097 -0.166667
0.132583 0.132583 -0.166667
0.0956709 0.23097 -0.5
0.132583 0.132583 -0.5
0.176777 0.176777 -0.333333
-0.132583 0.132583 0.166667
-0.0956709 0.23097 0.166667
-2.32824e-17 0.196129 0.166667
-0.0441942 0.115324 0.166667
-0.0883883 0.0883883 0
-0.176777 0.176777 2.77556e-17
-1.24475e-17 0.25 -1.38778e-17
-1.39133e-16 0.142259 0
0.0441942 0.0441942 0.166667
-0.0441942 0.0441942 0.166667
0.0441942 0.115324 0.166667
0.0883883 0.0883883 2.77556e-17
-5.55112e-17 2.22045e-16 0
0.0956709 0.23097 0.166667
0.132583 0.132583 0.166667
0.176777 0.176777 -2.77556e-17
-0.132583 0.132583 0.5
-0.0956709 0.23097 0.5
-8.53671e-18 0.196129 0.5
-0.0441942 0.115324 0.5
-0.0883883 0.0883883 0.333333
-0.176777 0.176777 0.333333
4.30637e-17 0.25 0.333333
-7.48828e-17 0.142259 0.333333
0.0441942 0.0441942 0.5
-0.0441942 0.0441942 0.5
0.0441942 0.115324 0.5
0.0883883 0.0883883 0.333333
-5.55112e-17 2.22045e-16 0.333333
0.0956709 0.23097 0.5
0.132583 0.132583 0.5
0.176777 0.176777 0.333333
-0.23097 0.0956709 0.166667
-0.196129 -1.22766e-17 0.166667
-0.115324 0.0441942 0.166667
-0.23097 0.0956709 0.5
-0.196129 -2.91859e-17 0.5
-0.115324 0.0441942 0.5
-0.25 -3.06162e-17 0.333333
-0.142259 -1.08463e-17 0.333333
-0.0441942 -0.0441942 0.166667
-0.115324 -0.0441942 0.166667
-0.0441942 -0.0441942 0.5
-0.115324 -0.0441942 0.5
-0.0883883 -0.0883883 0.333333
-0.23097 -0.0956709 0.166667
-0.132583 -0.132583 0.166667
-0.23097 -0.0956709 0.5
-0.132583 -0.132583 0.5
-0.176777 -0.176777 0.333333
-0.23097 0.0956709 -0.166667
-0.196129 -7.92032e-17 -0.166667
-0.115324 0.0441942 -0.166667
-0.25 -8.61273e-17 -2.77556e-17
-0.142259 -5.35244e-18 0
-0.0441942 -0.0441942 -0.166667
-0.115324 -0.0441942 -0.166667
-0.0883883 -0.0883883 0
-0.23097 -0.0956709 -0.166667
-0.132583 -0.132583 -0.166667
-0.176777 -0.176777 2.77556e-17
-0.23097 0.0956709 -0.5
-0.196129 7.40848e-18 -0.5
-0.115324 0.0441942 -0.5
-0.25 -5.55112e-17 -0.333333
-0.142259 -1.62836e-17 -0.333333
-0.0441942 -0.0441942 -0.5
-0.115324 -0.0441942 -0.5
-0.0883883 -0.0883883 -0.333333
-0.23097 -0.0956709 -0.5
-0.132583 -0.132583 -0.5
-0.176777 -0.176777 -0.333333
0.132583 -0.132583 -0.166667
0.0956709 -0.23097 -0.166667
-5.75853e-17 -0.196129 -0.166667
0.0441942 -0.115324 -0.166667
0.132583 -0.132583 -0.5
0.0956709 -0.23097 -0.5
-5.76566e-17 -0.196129 -0.5
0.0441942 -0.115324 -0.5
0.0883883 -0.0883883 -0.333333
0.176777 -0.176777 -0.333333
1.24475e-17 -0.25 -0.333333
-1.27689e-16 -0.142259 -0.333333
0.0441942 -0.0441942 -0.166667
-0.0441942 -0.115324 -0.166667
0.0441942 -0.0441942 -0.5
-0.0441942 -0.115324 -0.5
-0.0956709 -0.23097 -0.166667
-0.0956709 -0.23097 -0.5
0.132583 -0.132583 0.166667
0.0956709 -0.23097 0.166667
-8.69636e-17 -0.196129 0.166667
0.0441942 -0.115324 0.166667
0.0883883 -0.0883883 2.77556e-17
0.176777 -0.176777 -2.77556e-17
4.30637e-17 -0.25 -2.77556e-17
-1.87613e-16 -0.142259 0
0.0441942 -0.0441942 0.166667
-0.0441942 -0.115324 0.166667
-0.0956709 -0.23097 0.166667
0.132583 -0.132583 0.5
0.0956709 -0.23097 0.5
-2.16031e-17 -0.196129 0.5
0.0441942 -0.115324 0.5
0.0883883 -0.0883883 0.333333
0.176777 -0.176777 0.333333
1.53081e-17 -0.25 0.333333
-1.23875e-16 -0.142259 0.333333
0.0441942 -0.0441942 0.5
-0.0441942 -0.115324 0.5
-0.0956709 -0.23097 0.5
0.23097 -0.0956709 0.166667
0.196129 -6.14567e-18 0.166667
0.115324 -0.0441942 0.166667
0.23097 -0.0956709 0.5
0.196129 -2.77556e-17 0.5
0.115324 -0.0441942 0.5
0.25 -3.1225e-17 0.333333
0.142259 -2.67622e-18 0.333333
0.115324 0.0441942 0.166667
0.115324 0.0441942 0.5
0.23097 0.0956709 0.166667
0.23097 0.0956709 0.5
0.23097 -0.0956709 -0.166667
0.196129 5.76429e-18 -0.166667
0.115324 -0.0441942 -0.166667
0.25 -3.1225e-17 0
0.142259 3.08436e-17 0
0.115324 0.0441942 -0.166667
0.23097 0.0956709 -0.166667
0.23097 -0.0956709 -0.5
0.196129 -2.77556e-17 -0.5
0.115324 -0.0441942 -0.5
0.25 -2.77556e-17 -0.333333
0.142259 5.76429e-18 -0.333333
0.115324 0.0441942 -0.5
0.23097 0.0956709 -0.5
0.338388 -0.338388 0.5
0.5 -0.5 0.333333
0.338388 -0.338388 0.166667
0.375 -1.38778e-17 0.5
0.5 0 0.333333
0.375 -1.73472e-17 0.166667
0.5 -0.25 0.5
0.5 -0.25 0.166667
0.5 -0.5 2.77556e-17
0.338388 -0.338388 -0.166667
0.5 0 -2.77556e-17
0.375 -1.38778e-17 -0.166667
0.5 -0.25 -0.166667
0.5 -0.5 -0.333333
0.338388 -0.338388 -0.5
0.5 0 -0.333333
0.375 -1.38778e-17 -0.5
0.5 -0.25 -0.5
0.338388 0.338388 0.5
0.5 0.5 0.333333
0.338388 0.338388 0.166667
0.5 0.25 0.5
0.5 0.25 0.166667
0.5 0.5 2.77556e-17
0.338388 0.338388 -0.166667
0.5 0.25 -0.166667
0.5 0.5 -0.333333
0.338388 0.338388 -0.5
0.5 0.25 -0.5
-2.29621e-17 -0.375 -0.5
0 -0.5 -0.333333
3.54096e-17 -0.375 -0.166667
0.25 -0.5 -0.5
0.25 -0.5 -0.166667
0 -0.5 -2.77556e-17
7.65404e-18 -0.375 0.166667
0.25 -0.5 0.166667
0 -0.5 0.333333
7.65404e-18 -0.375 0.5
0.25 -0.5 0.5
-0.338388 -0.338388 -0.5
-0.5 -0.5 -0.333333
-0.338388 -0.338388 -0.166667
-0.25 -0.5 -0.5
-0.25 -0.5 -0.166667
-0.5 -0.5 2.77556e-17
-0.338388 -0.338388 0.166667
-0.25 -0.5 0.166667
-0.5 -0.5 0.333333
-0.338388 -0.338388 0.5
-0.25 -0.5 0.5
-0.5 -0.25 -0.5
-0.5 0 -0.333333
-0.5 -0.25 -0.166667
-0.375 1.53081e-17 -0.5
-0.375 -7.08192e-17 -0.166667
-0.5 0.25 -0.5
-0.5 0.5 -0.333333
-0.5 0.25 -0.166667
-0.338388 0.338388 -0.5
-0.338388 0.338388 -0.166667
-0.5 0 -2.77556e-17
-0.5 -0.25 0.166667
-0.375 -1.53081e-17 0.166667
-0.5 0.5 2.77556e-17
-0.5 0.25 0.166667
-0.338388 0.338388 0.166667
-0.5 0 0.333333
-0.5 -0.25 0.5
-0.375 -1.53081e-17 0.5
-0.5 0.5 0.333333
-0.5 0.25 0.5
-0.338388 0.338388 0.5
0.25 0.5 0.5
0 0.5 0.333333
0.25 0.5 0.166667
7.65404e-18 0.375 0.5
3.54096e-17 0.375 0.166667
-0.25 0.5 0.5
-0.25 0.5 0.166667
0 0.5 -2.77556e-17
0.25 0.5 -0.166667
-4.78571e-17 0.375 -0.166667
-0.25 0.5 -0.166667
0 0.5 -0.333333
0.25 0.5 -0.5
7.65404e-18 0.375 -0.5
-0.25 0.5 -0.5
-0.0699325 0.173147 -0.166667
-0.132583 0.132583 -0.333333
-0.0956709 0.23097 -0.333333
-6.84175e-17 0.196129 -0.333333
-0.0441942 0.115324 -0.333333
-0.0699325 0.173147 -0.5
-2.22045e-16 0.0797589 -0.166667
0.0441942 0.0441942 -0.333333
-0.0441942 0.0441942 -0.333333
0.0441942 0.115324 -0.333333
-1.4456e-16 0.0797589 -0.5
0.0699325 0.173147 -0.166667
0.0956709 0.23097 -0.333333
0.132583 0.132583 -0.333333
0.0699325 0.173147 -0.5
-0.0699325 0.173147 0.166667
-0.132583 0.132583 1.38778e-17
-0.0956709 0.23097 2.08167e-17
-7.57903e-17 0.196129 0
-0.0441942 0.115324 0
-2.08167e-16 0.0797589 0.166667
0.0441942 0.0441942 2.77556e-17
-0.0441942 0.0441942 0
0.0441942 0.115324 2.77556e-17
0.0699325 0.173147 0.166667
0.0956709 0.23097 -3.46945e-17
0.132583 0.132583 0
-0.0699325 0.173147 0.5
-0.132583 0.132583 0.333333
-0.0956709 0.23097 0.333333
-1.59096e-17 0.196129 0.333333
-0.0441942 0.115324 0.333333
-1.45717e-16 0.0797589 0.5
0.0441942 0.0441942 0.333333
-0.0441942 0.0441942 0.333333
0.0441942 0.115324 0.333333
0.0699325 0.173147 0.5
0.0956709 0.23097 0.333333
0.132583 0.132583 0.333333
-0.173147 0.0699325 0.166667
-0.23097 0.0956709 0.333333
-0.196129 -2.07312e-17 0.333333
-0.115324 0.0441942 0.333333
-0.173147 0.0699325 0.5
-0.0797589 -4.85723e-17 0.166667
-0.0441942 -0.0441942 0.333333
-0.115324 -0.0441942 0.333333
-0.0797589 -3.46945e-17 0.5
-0.173147 -0.0699325 0.166667
-0.23097 -0.0956709 0.333333
-0.132583 -0.132583 0.333333
-0.173147 -0.0699325 0.5
-0.173147 0.0699325 -0.166667
-0.23097 0.0956709 0
-0.196129 -4.57399e-17 -2.08167e-17
-0.115324 0.0441942 0
-0.0797589 -5.20417e-17 -0.166667
-0.0441942 -0.0441942 0
-0.115324 -0.0441942 0
-0.173147 -0.0699325 -0.166667
-0.23097 -0.0956709 0
-0.132583 -0.132583 2.77556e-17
-0.173147 0.0699325 -0.5
-0.23097 0.0956709 -0.333333
-0.196129 -3.58974e-17 -0.333333
-0.115324 0.0441942 -0.333333
-0.0797589 -2.77556e-17 -0.5
-0.0441942 -0.0441942 -0.333333
-0.115324 -0.0441942 -0.333333
-0.173147 -0.0699325 -0.5
-0.23097 -0.0956709 -0.333333
-0.132583 -0.132583 -0.333333
0.0699325 -0.173147 -0.166667
0.132583 -0.132583 -0.333333
0.0956709 -0.23097 -0.333333
-5.7621e-17 -0.196129 -0.333333
0.0441942 -0.115324 -0.333333
0.0699325 -0.173147 -0.5
-2.91434e-16 -0.0797589 -0.166667
0.0441942 -0.0441942 -0.333333
-0.0441942 -0.115324 -0.333333
-1.83881e-16 -0.0797589 -0.5
-0.0699325 -0.173147 -0.166667
-0.0956709 -0.23097 -0.333333
-0.0699325 -0.173147 -0.5
0.0699325 -0.173147 0.166667
0.132583 -0.132583 0
0.0956709 -0.23097 -2.77556e-17
-7.22745e-17 -0.196129 -1.38778e-17
0.0441942 -0.115324 1.38778e-17
-2.46331e-16 -0.0797589 0.166667
0.0441942 -0.0441942 2.77556e-17
-0.0441942 -0.115324 0
-0.0699325 -0.173147 0.166667
-0.0956709 -0.23097 0
0.0699325 -0.173147 0.5
0.132583 -0.132583 0.333333
0.0956709 -0.23097 0.333333
-5.42834e-17 -0.196129 0.333333
0.0441942 -0.115324 0.333333
-1.80411e-16 -0.0797589 0.5
0.0441942 -0.0441942 0.333333
-0.0441942 -0.115324 0.333333
-0.0699325 -0.173147 0.5
-0.0956709 -0.23097 0.333333
0.173147 -0.0699325 0.166667
0.23097 -0.0956709 0.333333
0.196129 -1.69506e-17 0.333333
0.115324 -0.0441942 0.333333
0.173147 -0.0699325 0.5
0.0797589 2.42861e-17 0.166667
0.115324 0.0441942 0.333333
0.0797589 -3.46945e-17 0.5
0.173147 0.0699325 0.166667
0.23097 0.0956709 0.333333
0.173147 0.0699325 0.5
0.173147 -0.0699325 -0.166667
0.23097 -0.0956709 -1.38778e-17
0.196129 -1.90687e-19 6.93889e-18
0.115324 -0.0441942 2.77556e-17
0.0797589 3.46945e-17 -0.166667
0.115324 0.0441942 2.77556e-17
0.173147 0.0699325 -0.166667
0.23097 0.0956709 -1.38778e-17
0.173147 -0.0699325 -0.5
0.23097 -0.0956709 -0.333333
0.196129 -1.09956e-17 -0.333333
0.115324 -0.0441942 -0.333333
0.0797589 -3.46945e-17 -0.5
0.115324 0.0441942 -0.333333
0.173147 0.0699325 -0.5
0.23097 0.0956709 -0.333333
0.338388 -0.338388 0.333333
0.365485 -0.172835 0.5
0.5 -0.25 0.333333
0.365485 -0.172835 0.166667
0.375 -1.56125e-17 0.333333
0.338388 -0.338388 0
0.5 -0.25 0
0.365485 -0.172835 -0.166667
0.375 -1.56125e-17 -2.08167e-17
0.338388 -0.338388 -0.333333
0.5 -0.25 -0.333333
0.365485 -0.172835 -0.5
0.375 -1.38778e-17 -0.333333
0.365485 0.172835 0.5
0.5 0.25 0.333333
0.365485 0.172835 0.166667
0.338388 0.338388 0.333333
0.5 0.25 0
0.365485 0.172835 -0.166667
0.338388 0.338388 0
0.5 0.25 -0.333333
0.365485 0.172835 -0.5
0.338388 0.338388 -0.333333
0.172835 -0.365485 -0.5
0.25 -0.5 -0.333333
0.172835 -0.365485 -0.166667
6.22375e-18 -0.375 -0.333333
0.25 -0.5 0
0.172835 -0.365485 0.166667
2.15318e-17 -0.375 -3.46945e-17
0.25 -0.5 0.333333
0.172835 -0.365485 0.5
7.65404e-18 -0.375 0.333333
-0.172835 -0.365485 -0.5
-0.25 -0.5 -0.333333
-0.172835 -0.365485 -0.166667
-0.338388 -0.338388 -0.333333
-0.25 -0.5 0
-0.172835 -0.365485 0.166667
-0.338388 -0.338388 2.77556e-17
-0.25 -0.5 0.333333
-0.172835 -0.365485 0.5
-0.338388 -0.338388 0.333333
-0.5 -0.25 -0.333333
-0.365485 -0.172835 -0.5
-0.375 -2.77556e-17 -0.333333
-0.365485 -0.172835 -0.166667
-0.5 0.25 -0.333333
-0.365485 0.172835 -0.5
-0.338388 0.338388 -0.333333
-0.365485 0.172835 -0.166667
-0.5 -0.25 0
-0.375 -4.30637e-17 -2.77556e-17
-0.365485 -0.172835 0.166667
-0.5 0.25 0
-0.338388 0.338388 2.77556e-17
-0.365485 0.172835 0.166667
-0.5 -0.25 0.333333
-0.375 -1.53081e-17 0.333333
-0.365485 -0.172835 0.5
-0.5 0.25 0.333333
-0.338388 0.338388 0.333333
-0.365485 0.172835 0.5
0.25 0.5 0.333333
0.172835 0.365485 0.5
2.15318e-17 0.375 0.333333
0.172835 0.365485 0.166667
-0.25 0.5 0.333333
-0.172835 0.365485 0.5
-0.172835 0.365485 0.166667
0.25 0.5 0
-6.22375e-18 0.375 -2.08167e-17
0.172835 0.365485 -0.166667
-0.25 0.5 0
-0.172835 0.365485 -0.166667
0.25 0.5 -0.333333
-2.01015e-17 0.375 -0.333333
0.172835 0.365485 -0.5
-0.25 0.5 -0.333333
-0.172835 0.365485 -0.5
-0.0699325 0.173147 -0.333333
-2.04697e-16 0.0797589 -0.333333
0.0699325 0.173147 -0.333333
-0.0699325 0.173147 -1.38778e-17
-2.35922e-16 0.0797589 0
0.0699325 0.173147 -1.38778e-17
-0.0699325 0.173147 0.333333
-1.99493e-16 0.0797589 0.333333
0.0699325 0.173147 0.333333
-0.173147 0.0699325 0.333333
-0.0797589 0 0.333333
-0.173147 -0.0699325 0.333333
-0.173147 0.0699325 0
-0.0797589 -5.37764e-17 1.38778e-17
-0.173147 -0.0699325 -1.38778e-17
-0.173147 0.0699325 -0.333333
-0.0797589 0 -0.333333
-0.173147 -0.0699325 -0.333333
0.0699325 -0.173147 -0.333333
-2.56739e-16 -0.0797589 -0.333333
-0.0699325 -0.173147 -0.333333
0.0699325 -0.173147 2.77556e-17
-2.77556e-16 -0.0797589 6.93889e-18
-0.0699325 -0.173147 -6.93889e-18
0.0699325 -0.173147 0.333333
-2.34188e-16 -0.0797589 0.333333
-0.0699325 -0.173147 0.333333
0.173147 -0.0699325 0.333333
0.0797589 3.46945e-17 0.333333
0.173147 0.0699325 0.333333
0.173147 -0.0699325 1.38778e-17
0.0797589 3.98986e-17 1.38778e-17
0.173147 0.0699325 0
0.173147 -0.0699325 -0.333333
0.0797589 4.16334e-17 -0.333333
0.173147 0.0699325 -0.333333
0.365485 -0.172835 0.333333
0.365485 -0.172835 -1.38778e-17
0.365485 -0.172835 -0.333333
0.365485 0.172835 0.333333
0.365485 0.172835 -2.08167e-17
0.365485 0.172835 -0.333333
0.172835 -0.365485 -0.333333
0.172835 -0.365485 -1.38778e-17
0.172835 -0.365485 0.333333
-0.172835 -0.365485 -0.333333
-0.172835 -0.365485 -6.93889e-18
-0.172835 -0.365485 0.333333
-0.365485 -0.172835 -0.333333
-0.365485 0.172835 -0.333333
-0.365485 -0.172835 6.93889e-18
-0.365485 0.172835 6.93889e-18
-0.365485 -0.172835 0.333333
-0.365485 0.172835 0.333333
0.172835 0.365485 0.333333
-0.172835 0.365485 0.333333
0.172835 0.365485 -2.08167e-17
-0.172835 0.365485 -3.46945e-18
0.172835 0.365485 -0.333333
-0.172835 0.365485 -0.333333
-0.110485 0.110485 -0.166667
-0.102168 0.155062 -0.166667
-0.0570633 0.144235 -0.166667
-0.0662913 0.101856 -0.166667
-0.110485 0.110485 -0.333333
-0.102168 0.155062 -0.333333
-0.0570633 0.144235 -0.333333
-0.0662913 0.101856 -0.333333
-0.0883883 0.0883883 -0.25
-0.132583 0.132583 -0.25
-0.0699325 0.173147 -0.25
-0.0441942 0.115324 -0.25
-0.15468 0.15468 -0.166667
-0.138044 0.208269 -0.166667
-0.0828017 0.202058 -0.166667
-0.15468 0.15468 -0.333333
-0.138044 0.208269 -0.333333
-0.0828017 0.202058 -0.333333
-0.176777 0.176777 -0.25
-0.0956709 0.23097 -0.25
-0.0496561 0.24488 -0.166667
-1.12006e-16 0.223065 -0.166667
-0.0358766 0.186836 -0.166667
-0.0496561 0.24488 -0.333333
-5.43103e-17 0.223065 -0.333333
-0.0358766 0.186836 -0.333333
-6.79586e-17 0.25 -0.25
-9.83579e-17 0.196129 -0.25
-1.4459e-16 0.169194 -0.166667
-0.0220971 0.128791 -0.166667
-8.25247e-17 0.169194 -0.333333
-0.0220971 0.128791 -0.333333
-1.28757e-16 0.142259 -0.25
-0.110485 0.110485 -0.5
-0.102168 0.155062 -0.5
-0.0570633 0.144235 -0.5
-0.0662913 0.101856 -0.5
-0.0883883 0.0883883 -0.416667
-0.132583 0.132583 -0.416667
-0.0699325 0.173147 -0.416667
-0.0441942 0.115324 -0.416667
-0.15468 0.15468 -0.5
-0.138044 0.208269 -0.5
-0.0828017 0.202058 -0.5
-0.176777 0.176777 -0.416667
-0.0956709 0.23097 -0.416667
-0.0496561 0.24488 -0.5
3.38569e-18 0.223065 -0.5
-0.0358766 0.186836 -0.5
-1.24475e-17 0.25 -0.416667
-3.84771e-17 0.196129 -0.416667
-2.04591e-17 0.169194 -0.5
-0.0220971 0.128791 -0.5
-6.45067e-17 0.142259 -0.416667
0.0662913 0.0662913 -0.166667
0.0220971 0.0619765 -0.166667
0.0220971 0.0975413 -0.166667
0.0662913 0.101856 -0.166667
0.0662913 0.0662913 -0.333333
0.0220971 0.0619765 -0.333333
0.0220971 0.0975413 -0.333333
0.0662913 0.101856 -0.333333
0.0883883 0.0883883 -0.25
0.0441942 0.0441942 -0.25
-2.1872e-16 0.0797589 -0.25
0.0441942 0.115324 -0.25
0.0220971 0.0220971 -0.166667
-0.0220971 0.0220971 -0.166667
-0.0220971 0.0619765 -0.166667
0.0220971 0.0220971 -0.333333
-0.0220971 0.0220971 -0.333333
-0.0220971 0.0619765 -0.333333
-7.63278e-17 2.63678e-16 -0.25
-0.0441942 0.0441942 -0.25
-0.0662913 0.0662913 -0.166667
-0.0220971 0.0975413 -0.166667
-0.0662913 0.0662913 -0.333333
-0.0220971 0.0975413 -0.333333
0.0220971 0.128791 -0.166667
0.0220971 0.128791 -0.333333
0.0662913 0.0662913 -0.5
0.0220971 0.0619765 -0.5
0.0220971 0.0975413 -0.5
0.0662913 0.101856 -0.5
0.0883883 0.0883883 -0.416667
0.0441942 0.0441942 -0.416667
-1.79978e-16 0.0797589 -0.416667
0.0441942 0.115324 -0.416667
0.0220971 0.0220971 -0.5
-0.0220971 0.0220971 -0.5
-0.0220971 0.0619765 -0.5
6.93889e-18 9.71445e-17 -0.416667
-0.0441942 0.0441942 -0.416667
-0.0662913 0.0662913 -0.5
-0.0220971 0.0975413 -0.5
0.0220971 0.128791 -0.5
0.0496561 0.24488 -0.166667
0.0828017 0.202058 -0.166667
0.0358766 0.186836 -0.166667
0.0496561 0.24488 -0.333333
0.0828017 0.202058 -0.333333
0.0358766 0.186836 -0.333333
0.0956709 0.23097 -0.25
0.0699325 0.173147 -0.25
0.138044 0.208269 -0.166667
0.15468 0.15468 -0.166667
0.102168 0.155062 -0.166667
0.138044 0.208269 -0.333333
0.15468 0.15468 -0.333333
0.102168 0.155062 -0.333333
0.176777 0.176777 -0.25
0.132583 0.132583 -0.25
0.110485 0.110485 -0.166667
0.0570633 0.144235 -0.166667
0.110485 0.110485 -0.333333
0.0570633 0.144235 -0.333333
0.0496561 0.24488 -0.5
0.0828017 0.202058 -0.5
0.0358766 0.186836 -0.5
0.0956709 0.23097 -0.416667
0.0699325 0.173147 -0.416667
0.138044 0.208269 -0.5
0.15468 0.15468 -0.5
0.102168 0.155062 -0.5
0.176777 0.176777 -0.416667
0.132583 0.132583 -0.416667
0.110485 0.110485 -0.5
0.0570633 0.144235 -0.5
-0.110485 0.110485 0.166667
-0.102168 0.155062 0.166667
-0.0570633 0.144235 0.166667
-0.0662913 0.101856 0.166667
-0.110485 0.110485 6.93889e-18
-0.102168 0.155062 -5.20417e-18
-0.0570633 0.144235 -1.30104e-17
-0.0662913 0.101856 0
-0.0883883 0.0883883 0.0833333
-0.132583 0.132583 0.0833333
-0.0699325 0.173147 0.0833333
-0.0441942 0.115324 0.0833333
-0.15468 0.15468 0.166667
-0.138044 0.208269 0.166667
-0.0828017 0.202058 0.166667
-0.15468 0.15468 2.08167e-17
-0.138044 0.208269 2.77556e-17
-0.0828017 0.202058 -2.60209e-18
-0.176777 0.176777 0.0833333
-0.0956709 0.23097 0.0833333
-0.0496561 0.24488 0.166667
2.37684e-17 0.223065 0.166667
-0.0358766 0.186836 0.166667
-0.0496561 0.24488 6.93889e-18
-4.41189e-17 0.223065 -5.20417e-18
-0.0358766 0.186836 -1.21431e-17
2.91859e-17 0.25 0.0833333
-4.95364e-17 0.196129 0.0833333
-7.03332e-17 0.169194 0.166667
-0.0220971 0.128791 0.166667
-1.07462e-16 0.169194 1.73472e-18
-0.0220971 0.128791 0
-1.28259e-16 0.142259 0.0833333
-0.0883883 0.0883883 -0.0833333
-0.132583 0.132583 -0.0833333
-0.0699325 0.173147 -0.0833333
-0.0441942 0.115324 -0.0833333
-0.176777 0.176777 -0.0833333
-0.0956709 0.23097 -0.0833333
-5.40809e-17 0.25 -0.0833333
-1.02044e-16 0.196129 -0.0833333
-1.50008e-16 0.142259 -0.0833333
0.0662913 0.0662913 0.166667
0.0220971 0.0619765 0.166667
0.0220971 0.0975413 0.166667
0.0662913 0.101856 0.166667
0.0662913 0.0662913 3.1225e-17
0.0220971 0.0619765 1.04083e-17
0.0220971 0.0975413 1.04083e-17
0.0662913 0.101856 3.1225e-17
0.0883883 0.0883883 0.0833333
0.0441942 0.0441942 0.0833333
-2.27249e-16 0.0797589 0.0833333
0.0441942 0.115324 0.0833333
0.0220971 0.0220971 0.166667
-0.0220971 0.0220971 0.166667
-0.0220971 0.0619765 0.166667
0.0220971 0.0220971 1.73472e-17
-0.0220971 0.0220971 0
-0.0220971 0.0619765 -3.46945e-18
-5.55112e-17 2.22045e-16 0.0833333
-0.0441942 0.0441942 0.0833333
-0.0662913 0.0662913 0.166667
-0.0220971 0.0975413 0.166667
-0.0662913 0.0662913 0
-0.0220971 0.0975413 -3.46945e-18
0.0220971 0.128791 0.166667
0.0220971 0.128791 1.73472e-17
0.0883883 0.0883883 -0.0833333
0.0441942 0.0441942 -0.0833333
-2.34188e-16 0.0797589 -0.0833333
0.0441942 0.115324 -0.0833333
-5.55112e-17 2.22045e-16 -0.0833333
-0.0441942 0.0441942 -0.0833333
0.0496561 0.24488 0.166667
0.0828017 0.202058 0.166667
0.0358766 0.186836 0.166667
0.0496561 0.24488 -2.77556e-17
0.0828017 0.202058 -2.68882e-17
0.0358766 0.186836 -1.04083e-17
0.0956709 0.23097 0.0833333
0.0699325 0.173147 0.0833333
0.138044 0.208269 0.166667
0.15468 0.15468 0.166667
0.102168 0.155062 0.166667
0.138044 0.208269 -3.46945e-17
0.15468 0.15468 -1.38778e-17
0.102168 0.155062 -1.04083e-17
0.176777 0.176777 0.0833333
0.132583 0.132583 0.0833333
0.110485 0.110485 0.166667
0.0570633 0.144235 0.166667
0.110485 0.110485 1.38778e-17
0.0570633 0.144235 4.33681e-18
0.0956709 0.23097 -0.0833333
0.0699325 0.173147 -0.0833333
0.176777 0.176777 -0.0833333
0.132583 0.132583 -0.0833333
-0.110485 0.110485 0.5
-0.102168 0.155062 0.5
-0.0570633 0.144235 0.5
-0.0662913 0.101856 0.5
-0.110485 0.110485 0.333333
-0.102168 0.155062 0.333333
-0.0570633 0.144235 0.333333
-0.0662913 0.101856 0.333333
-0.0883883 0.0883883 0.416667
-0.132583 0.132583 0.416667
-0.0699325 0.173147 0.416667
-0.0441942 0.115324 0.416667
-0.15468 0.15468 0.5
-0.138044 0.208269 0.5
-0.0828017 0.202058 0.5
-0.15468 0.15468 0.333333
-0.138044 0.208269 0.333333
-0.0828017 0.202058 0.333333
-0.176777 0.176777 0.416667
-0.0956709 0.23097 0.416667
-0.0496561 0.24488 0.5
3.38569e-18 0.223065 0.5
-0.0358766 0.186836 0.5
-0.0496561 0.24488 0.333333
1.35771e-17 0.223065 0.333333
-0.0358766 0.186836 0.333333
2.91859e-17 0.25 0.416667
-1.22231e-17 0.196129 0.416667
-2.04591e-17 0.169194 0.5
-0.0220971 0.128791 0.5
-4.53962e-17 0.169194 0.333333
-0.0220971 0.128791 0.333333
-5.36321e-17 0.142259 0.416667
-0.0883883 0.0883883 0.25
-0.132583 0.132583 0.25
-0.0699325 0.173147 0.25
-0.0441942 0.115324 0.25
-0.176777 0.176777 0.25
-0.0956709 0.23097 0.25
5.69414e-17 0.25 0.25
-1.9596e-17 0.196129 0.25
-9.61334e-17 0.142259 0.25
0.0662913 0.0662913 0.5
0.0220971 0.0619765 0.5
0.0220971 0.0975413 0.5
0.0662913 0.101856 0.5
0.0662913 0.0662913 0.333333
0.0220971 0.0619765 0.333333
0.0220971 0.0975413 0.333333
0.0662913 0.101856 0.333333
0.0883883 0.0883883 0.416667
0.0441942 0.0441942 0.416667
-1.78243e-16 0.0797589 0.416667
0.0441942 0.115324 0.416667
0.0220971 0.0220971 0.5
-0.0220971 0.0220971 0.5
-0.0220971 0.0619765 0.5
0.0220971 0.0220971 0.333333
-0.0220971 0.0220971 0.333333
-0.0220971 0.0619765 0.333333
6.93889e-18 9.71445e-17 0.416667
-0.0441942 0.0441942 0.416667
-0.0662913 0.0662913 0.5
-0.0220971 0.0975413 0.5
-0.0662913 0.0662913 0.333333
-0.0220971 0.0975413 0.333333
0.0220971 0.128791 0.5
0.0220971 0.128791 0.333333
0.0883883 0.0883883 0.25
0.0441942 0.0441942 0.25
-2.09468e-16 0.0797589 0.25
0.0441942 0.115324 0.25
-7.63278e-17 2.63678e-16 0.25
-0.0441942 0.0441942 0.25
0.0496561 0.24488 0.5
0.0828017 0.202058 0.5
0.0358766 0.186836 0.5
0.0496561 0.24488 0.333333
0.0828017 0.202058 0.333333
0.0358766 0.186836 0.333333
0.0956709 0.23097 0.416667
0.0699325 0.173147 0.416667
0.138044 0.208269 0.5
0.15468 0.15468 0.5
0.102168 0.155062 0.5
0.138044 0.208269 0.333333
0.15468 0.15468 0.333333
0.102168 0.155062 0.333333
0.176777 0.176777 0.416667
0.132583 0.132583 0.416667
0.110485 0.110485 0.5
0.0570633 0.144235 0.5
0.110485 0.110485 0.333333
0.0570633 0.144235 0.333333
0.0956709 0.23097 0.25
0.0699325 0.173147 0.25
0.176777 0.176777 0.25
0.132583 0.132583 0.25
-0.155062 0.102168 0.166667
-0.144235 0.0570633 0.166667
-0.101856 0.0662913 0.166667
-0.155062 0.102168 0.333333
-0.144235 0.0570633 0.333333
-0.101856 0.0662913 0.333333
-0.173147 0.0699325 0.25
-0.115324 0.0441942 0.25
-0.208269 0.138044 0.166667
-0.202058 0.0828017 0.166667
-0.208269 0.138044 0.333333
-0.202058 0.0828017 0.333333
-0.23097 0.0956709 0.25
-0.24488 0.0496561 0.166667
-0.223065 -2.14464e-17 0.166667
-0.186836 0.0358766 0.166667
-0.24488 0.0496561 0.333333
-0.223065 -2.56737e-17 0.333333
-0.186836 0.0358766 0.333333
-0.25 -3.06162e-17 0.25
-0.196129 -1.65039e-17 0.25
-0.169194 -3.10678e-18 0.166667
-0.128791 0.0220971 0.166667
-0.169194 -1.57888e-17 0.333333
-0.128791 0.0220971 0.333333
-0.142259 -2.39163e-18 0.25
-0.155062 0.102168 0.5
-0.144235 0.0570633 0.5
-0.101856 0.0662913 0.5
-0.173147 0.0699325 0.416667
-0.115324 0.0441942 0.416667
-0.208269 0.138044 0.5
-0.202058 0.0828017 0.5
-0.23097 0.0956709 0.416667
-0.24488 0.0496561 0.5
-0.223065 -2.9901e-17 0.5
-0.186836 0.0358766 0.5
-0.25 -3.06162e-17 0.416667
-0.196129 -2.49585e-17 0.416667
-0.169194 -2.84707e-17 0.5
-0.128791 0.0220971 0.5
-0.142259 -1.93009e-17 0.416667
-0.0662913 -0.0662913 0.166667
-0.0619765 -0.0220971 0.166667
-0.0975413 -0.0220971 0.166667
-0.101856 -0.0662913 0.166667
-0.0662913 -0.0662913 0.333333
-0.0619765 -0.0220971 0.333333
-0.0975413 -0.0220971 0.333333
-0.101856 -0.0662913 0.333333
-0.0883883 -0.0883883 0.25
-0.0441942 -0.0441942 0.25
-0.0797589 -1.38778e-17 0.25
-0.115324 -0.0441942 0.25
-0.0220971 -0.0220971 0.166667
-0.0619765 0.0220971 0.166667
-0.0220971 -0.0220971 0.333333
-0.0619765 0.0220971 0.333333
-0.0975413 0.0220971 0.166667
-0.0975413 0.0220971 0.333333
-0.128791 -0.0220971 0.166667
-0.128791 -0.0220971 0.333333
-0.0662913 -0.0662913 0.5
-0.0619765 -0.0220971 0.5
-0.0975413 -0.0220971 0.5
-0.101856 -0.0662913 0.5
-0.0883883 -0.0883883 0.416667
-0.0441942 -0.0441942 0.416667
-0.0797589 -6.93889e-18 0.416667
-0.115324 -0.0441942 0.416667
-0.0220971 -0.0220971 0.5
-0.0619765 0.0220971 0.5
-0.0975413 0.0220971 0.5
-0.128791 -0.0220971 0.5
-0.24488 -0.0496561 0.166667
-0.202058 -0.0828017 0.166667
-0.186836 -0.0358766 0.166667
-0.24488 -0.0496561 0.333333
-0.202058 -0.0828017 0.333333
-0.186836 -0.0358766 0.333333
-0.23097 -0.0956709 0.25
-0.173147 -0.0699325 0.25
-0.208269 -0.138044 0.166667
-0.15468 -0.15468 0.166667
-0.155062 -0.102168 0.166667
-0.208269 -0.138044 0.333333
-0.15468 -0.15468 0.333333
-0.155062 -0.102168 0.333333
-0.176777 -0.176777 0.25
-0.132583 -0.132583 0.25
-0.110485 -0.110485 0.166667
-0.144235 -0.0570633 0.166667
-0.110485 -0.110485 0.333333
-0.144235 -0.0570633 0.333333
-0.24488 -0.0496561 0.5
-0.202058 -0.0828017 0.5
-0.186836 -0.0358766 0.5
-0.23097 -0.0956709 0.416667
-0.173147 -0.0699325 0.416667
-0.208269 -0.138044 0.5
-0.15468 -0.15468 0.5
-0.155062 -0.102168 0.5
-0.176777 -0.176777 0.416667
-0.132583 -0.132583 0.416667
-0.110485 -0.110485 0.5
-0.144235 -0.0570633 0.5
-0.155062 0.102168 -0.166667
-0.144235 0.0570633 -0.166667
-0.101856 0.0662913 -0.166667
-0.155062 0.102168 7.80626e-18
-0.144235 0.0570633 0
-0.101856 0.0662913 0
-0.173147 0.0699325 -0.0833333
-0.115324 0.0441942 -0.0833333
-0.208269 0.138044 -0.166667
-0.202058 0.0828017 -0.166667
-0.208269 0.138044 1.38778e-17
-0.202058 0.0828017 0
-0.23097 0.0956709 -0.0833333
-0.24488 0.0496561 -0.166667
-0.223065 -1.10421e-16 -0.166667
-0.186836 0.0358766 -0.166667
-0.24488 0.0496561 -1.38778e-17
-0.223065 -6.59336e-17 -2.60209e-17
-0.186836 0.0358766 -9.54098e-18
-0.25 -1.13883e-16 -0.0833333
-0.196129 -6.24715e-17 -0.0833333
-0.169194 -4.79855e-17 -0.166667
-0.128791 0.0220971 -0.166667
-0.169194 -2.55462e-17 -1.21431e-17
-0.128791 0.0220971 0
-0.142259 -1.10602e-17 -0.0833333
-0.173147 0.0699325 0.0833333
-0.115324 0.0441942 0.0833333
-0.23097 0.0956709 0.0833333
-0.25 -5.83717e-17 0.0833333
-0.196129 -2.90082e-17 0.0833333
-0.142259 3.55292e-19 0.0833333
-0.0662913 -0.0662913 -0.166667
-0.0619765 -0.0220971 -0.166667
-0.0975413 -0.0220971 -0.166667
-0.101856 -0.0662913 -0.166667
-0.0662913 -0.0662913 0
-0.0619765 -0.0220971 1.04083e-17
-0.0975413 -0.0220971 1.04083e-17
-0.101856 -0.0662913 0
-0.0883883 -0.0883883 -0.0833333
-0.0441942 -0.0441942 -0.0833333
-0.0797589 -5.37764e-17 -0.0833333
-0.115324 -0.0441942 -0.0833333
-0.0220971 -0.0220971 -0.166667
-0.0619765 0.0220971 -0.166667
-0.0220971 -0.0220971 0
-0.0619765 0.0220971 1.04083e-17
-0.0975413 0.0220971 -0.166667
-0.0975413 0.0220971 1.04083e-17
-0.128791 -0.0220971 -0.166667
-0.128791 -0.0220971 0
-0.0883883 -0.0883883 0.0833333
-0.0441942 -0.0441942 0.0833333
-0.0797589 -5.20417e-17 0.0833333
-0.115324 -0.0441942 0.0833333
-0.24488 -0.0496561 -0.166667
-0.202058 -0.0828017 -0.166667
-0.186836 -0.0358766 -0.166667
-0.24488 -0.0496561 -1.38778e-17
-0.202058 -0.0828017 -1.04083e-17
-0.186836 -0.0358766 -2.1684e-17
-0.23097 -0.0956709 -0.0833333
-0.173147 -0.0699325 -0.0833333
-0.208269 -0.138044 -0.166667
-0.15468 -0.15468 -0.166667
-0.155062 -0.102168 -0.166667
-0.208269 -0.138044 1.38778e-17
-0.15468 -0.15468 3.1225e-17
-0.155062 -0.102168 2.60209e-18
-0.176777 -0.176777 -0.0833333
-0.132583 -0.132583 -0.0833333
-0.110485 -0.110485 -0.166667
-0.144235 -0.0570633 -0.166667
-0.110485 -0.110485 1.73472e-17
-0.144235 -0.0570633 -1.04083e-17
-0.23097 -0.0956709 0.0833333
-0.173147 -0.0699325 0.0833333
-0.176777 -0.176777 0.0833333
-0.132583 -0.132583 0.0833333
-0.155062 0.102168 -0.5
-0.144235 0.0570633 -0.5
-0.101856 0.0662913 -0.5
-0.155062 0.102168 -0.333333
-0.144235 0.0570633 -0.333333
-0.101856 0.0662913 -0.333333
-0.173147 0.0699325 -0.416667
-0.115324 0.0441942 -0.416667
-0.208269 0.138044 -0.5
-0.202058 0.0828017 -0.5
-0.208269 0.138044 -0.333333
-0.202058 0.0828017 -0.333333
-0.23097 0.0956709 -0.416667
-0.24488 0.0496561 -0.5
-0.223065 1.90123e-17 -0.5
-0.186836 0.0358766 -0.5
-0.24488 0.0496561 -0.333333
-0.223065 -4.57043e-17 -0.333333
-0.186836 0.0358766 -0.333333
-0.25 -1.24475e-17 -0.416667
-0.196129 -1.42444e-17 -0.416667
-0.169194 -4.19537e-18 -0.5
-0.128791 0.0220971 -0.5
-0.169194 -2.60905e-17 -0.333333
-0.128791 0.0220971 -0.333333
-0.142259 -1.60414e-17 -0.416667
-0.173147 0.0699325 -0.25
-0.115324 0.0441942 -0.25
-0.23097 0.0956709 -0.25
-0.25 -9.85748e-17 -0.25
-0.196129 -5.75503e-17 -0.25
-0.142259 -1.65257e-17 -0.25
-0.0662913 -0.0662913 -0.5
-0.0619765 -0.0220971 -0.5
-0.0975413 -0.0220971 -0.5
-0.101856 -0.0662913 -0.5
-0.0662913 -0.0662913 -0.333333
-0.0619765 -0.0220971 -0.333333
-0.0975413 -0.0220971 -0.333333
-0.101856 -0.0662913 -0.333333
-0.0883883 -0.0883883 -0.416667
-0.0441942 -0.0441942 -0.416667
-0.0797589 -3.90313e-18 -0.416667
-0.115324 -0.0441942 -0.416667
-0.0220971 -0.0220971 -0.5
-0.0619765 0.0220971 -0.5
-0.0220971 -0.0220971 -0.333333
-0.0619765 0.0220971 -0.333333
-0.0975413 0.0220971 -0.5
-0.0975413 0.0220971 -0.333333
-0.128791 -0.0220971 -0.5
-0.128791 -0.0220971 -0.333333
-0.0883883 -0.0883883 -0.25
-0.0441942 -0.0441942 -0.25
-0.0797589 -1.60462e-17 -0.25
-0.115324 -0.0441942 -0.25
-0.24488 -0.0496561 -0.5
-0.202058 -0.0828017 -0.5
-0.186836 -0.0358766 -0.5
-0.24488 -0.0496561 -0.333333
-0.202058 -0.0828017 -0.333333
-0.186836 -0.0358766 -0.333333
-0.23097 -0.0956709 -0.416667
-0.173147 -0.0699325 -0.416667
-0.208269 -0.138044 -0.5
-0.15468 -0.15468 -0.5
-0.155062 -0.102168 -0.5
-0.208269 -0.138044 -0.333333
-0.15468 -0.15468 -0.333333
-0.155062 -0.102168 -0.333333
-0.176777 -0.176777 -0.416667
-0.132583 -0.132583 -0.416667
-0.110485 -0.110485 -0.5
-0.144235 -0.0570633 -0.5
-0.110485 -0.110485 -0.333333
-0.144235 -0.0570633 -0.333333
-0.23097 -0.0956709 -0.25
-0.173147 -0.0699325 -0.25
-0.176777 -0.176777 -0.25
-0.132583 -0.132583 -0.25
0.110485 -0.110485 -0.166667
0.102168 -0.155062 -0.166667
0.0570633 -0.144235 -0.166667
0.0662913 -0.101856 -0.166667
0.110485 -0.110485 -0.333333
0.102168 -0.155062 -0.333333
0.0570633 -0.144235 -0.333333
0.0662913 -0.101856 -0.333333
0.0883883 -0.0883883 -0.25
0.132583 -0.132583 -0.25
0.0699325 -0.173147 -0.25
0.0441942 -0.115324 -0.25
0.15468 -0.15468 -0.166667
0.138044 -0.208269 -0.166667
0.0828017 -0.202058 -0.166667
0.15468 -0.15468 -0.333333
0.138044 -0.208269 -0.333333
0.0828017 -0.202058 -0.333333
0.176777 -0.176777 -0.25
0.0956709 -0.23097 -0.25
0.0496561 -0.24488 -0.166667
6.61695e-18 -0.223065 -0.166667
0.0358766 -0.186836 -0.166667
0.0496561 -0.24488 -0.333333
-2.25867e-17 -0.223065 -0.333333
0.0358766 -0.186836 -0.333333
4.16334e-17 -0.25 -0.25
-5.76032e-17 -0.196129 -0.25
-1.21788e-16 -0.169194 -0.166667
0.0220971 -0.128791 -0.166667
-9.26552e-17 -0.169194 -0.333333
0.0220971 -0.128791 -0.333333
-1.5684e-16 -0.142259 -0.25
0.110485 -0.110485 -0.5
0.102168 -0.155062 -0.5
0.0570633 -0.144235 -0.5
0.0662913 -0.101856 -0.5
0.0883883 -0.0883883 -0.416667
0.132583 -0.132583 -0.416667
0.0699325 -0.173147 -0.416667
0.0441942 -0.115324 -0.416667
0.15468 -0.15468 -0.5
0.138044 -0.208269 -0.5
0.0828017 -0.202058 -0.5
0.176777 -0.176777 -0.416667
0.0956709 -0.23097 -0.416667
0.0496561 -0.24488 -0.5
-5.17904e-17 -0.223065 -0.5
0.0358766 -0.186836 -0.5
-1.67384e-17 -0.25 -0.416667
-5.76388e-17 -0.196129 -0.416667
-6.35228e-17 -0.169194 -0.5
0.0220971 -0.128791 -0.5
-9.85392e-17 -0.142259 -0.416667
-0.0220971 -0.0619765 -0.166667
-0.0220971 -0.0975413 -0.166667
-0.0662913 -0.101856 -0.166667
-0.0220971 -0.0619765 -0.333333
-0.0220971 -0.0975413 -0.333333
-0.0662913 -0.101856 -0.333333
-2.78857e-16 -0.0797589 -0.25
-0.0441942 -0.115324 -0.25
0.0220971 -0.0220971 -0.166667
0.0220971 -0.0619765 -0.166667
0.0220971 -0.0220971 -0.333333
0.0220971 -0.0619765 -0.333333
0.0441942 -0.0441942 -0.25
0.0662913 -0.0662913 -0.166667
0.0220971 -0.0975413 -0.166667
0.0662913 -0.0662913 -0.333333
0.0220971 -0.0975413 -0.333333
-0.0220971 -0.128791 -0.166667
-0.0220971 -0.128791 -0.333333
-0.0220971 -0.0619765 -0.5
-0.0220971 -0.0975413 -0.5
-0.0662913 -0.101856 -0.5
-2.2508e-16 -0.0797589 -0.416667
-0.0441942 -0.115324 -0.416667
0.0220971 -0.0220971 -0.5
0.0220971 -0.0619765 -0.5
0.0441942 -0.0441942 -0.416667
0.0662913 -0.0662913 -0.5
0.0220971 -0.0975413 -0.5
-0.0220971 -0.128791 -0.5
-0.0496561 -0.24488 -0.166667
-0.0828017 -0.202058 -0.166667
-0.0358766 -0.186836 -0.166667
-0.0496561 -0.24488 -0.333333
-0.0828017 -0.202058 -0.333333
-0.0358766 -0.186836 -0.333333
-0.0956709 -0.23097 -0.25
-0.0699325 -0.173147 -0.25
-0.138044 -0.208269 -0.166667
-0.102168 -0.155062 -0.166667
-0.138044 -0.208269 -0.333333
-0.102168 -0.155062 -0.333333
-0.0570633 -0.144235 -0.166667
-0.0570633 -0.144235 -0.333333
-0.0496561 -0.24488 -0.5
-0.0828017 -0.202058 -0.5
-0.0358766 -0.186836 -0.5
-0.0956709 -0.23097 -0.416667
-0.0699325 -0.173147 -0.416667
-0.138044 -0.208269 -0.5
-0.102168 -0.155062 -0.5
-0.0570633 -0.144235 -0.5
0.110485 -0.110485 0.166667
0.102168 -0.155062 0.166667
0.0570633 -0.144235 0.166667
0.0662913 -0.101856 0.166667
0.110485 -0.110485 1.38778e-17
0.102168 -0.155062 2.25514e-17
0.0570633 -0.144235 2.94903e-17
0.0662913 -0.101856 2.08167e-17
0.0883883 -0.0883883 0.0833333
0.132583 -0.132583 0.0833333
0.0699325 -0.173147 0.0833333
0.0441942 -0.115324 0.0833333
0.15468 -0.15468 0.166667
0.138044 -0.208269 0.166667
0.0828017 -0.202058 0.166667
0.15468 -0.15468 -1.38778e-17
0.138044 -0.208269 -2.77556e-17
0.0828017 -0.202058 8.67362e-18
0.176777 -0.176777 0.0833333
0.0956709 -0.23097 0.0833333
0.0496561 -0.24488 0.166667
-3.58278e-17 -0.223065 0.166667
0.0358766 -0.186836 0.166667
0.0496561 -0.24488 -2.77556e-17
-1.46054e-17 -0.223065 -2.08167e-17
0.0358766 -0.186836 1.56125e-17
2.91859e-17 -0.25 0.0833333
-7.96191e-17 -0.196129 0.0833333
-1.38099e-16 -0.169194 0.166667
0.0220971 -0.128791 0.166667
-1.29944e-16 -0.169194 -6.93889e-18
0.0220971 -0.128791 6.93889e-18
-1.88424e-16 -0.142259 0.0833333
0.0883883 -0.0883883 -0.0833333
0.132583 -0.132583 -0.0833333
0.0699325 -0.173147 -0.0833333
0.0441942 -0.115324 -0.0833333
0.176777 -0.176777 -0.0833333
0.0956709 -0.23097 -0.0833333
5.69414e-17 -0.25 -0.0833333
-6.49299e-17 -0.196129 -0.0833333
-1.86801e-16 -0.142259 -0.0833333
-0.0220971 -0.0619765 0.166667
-0.0220971 -0.0975413 0.166667
-0.0662913 -0.101856 0.166667
-0.0220971 -0.0619765 3.46945e-18
-0.0220971 -0.0975413 1.73472e-18
-0.0662913 -0.101856 0
-2.64112e-16 -0.0797589 0.0833333
-0.0441942 -0.115324 0.0833333
0.0220971 -0.0220971 0.166667
0.0220971 -0.0619765 0.166667
0.0220971 -0.0220971 1.73472e-17
0.0220971 -0.0619765 1.56125e-17
0.0441942 -0.0441942 0.0833333
0.0662913 -0.0662913 0.166667
0.0220971 -0.0975413 0.166667
0.0662913 -0.0662913 3.1225e-17
0.0220971 -0.0975413 1.04083e-17
-0.0220971 -0.128791 0.166667
-0.0220971 -0.128791 0
-2.86663e-16 -0.0797589 -0.0833333
-0.0441942 -0.115324 -0.0833333
0.0441942 -0.0441942 -0.0833333
-0.0496561 -0.24488 0.166667
-0.0828017 -0.202058 0.166667
-0.0358766 -0.186836 0.166667
-0.0496561 -0.24488 -1.38778e-17
-0.0828017 -0.202058 -5.20417e-18
-0.0358766 -0.186836 -1.38778e-17
-0.0956709 -0.23097 0.0833333
-0.0699325 -0.173147 0.0833333
-0.138044 -0.208269 0.166667
-0.102168 -0.155062 0.166667
-0.138044 -0.208269 1.38778e-17
-0.102168 -0.155062 6.93889e-18
-0.0570633 -0.144235 0.166667
-0.0570633 -0.144235 -5.20417e-18
-0.0956709 -0.23097 -0.0833333
-0.0699325 -0.173147 -0.0833333
0.110485 -0.110485 0.5
0.102168 -0.155062 0.5
0.0570633 -0.144235 0.5
0.0662913 -0.101856 0.5
0.110485 -0.110485 0.333333
0.102168 -0.155062 0.333333
0.0570633 -0.144235 0.333333
0.0662913 -0.101856 0.333333
0.0883883 -0.0883883 0.416667
0.132583 -0.132583 0.416667
0.0699325 -0.173147 0.416667
0.0441942 -0.115324 0.416667
0.15468 -0.15468 0.5
0.138044 -0.208269 0.5
0.0828017 -0.202058 0.5
0.15468 -0.15468 0.333333
0.138044 -0.208269 0.333333
0.0828017 -0.202058 0.333333
0.176777 -0.176777 0.416667
0.0956709 -0.23097 0.416667
0.0496561 -0.24488 0.5
-3.14753e-18 -0.223065 0.5
0.0358766 -0.186836 0.5
0.0496561 -0.24488 0.333333
-1.94876e-17 -0.223065 0.333333
0.0358766 -0.186836 0.333333
1.53081e-17 -0.25 0.416667
-3.79433e-17 -0.196129 0.416667
-4.00588e-17 -0.169194 0.5
0.0220971 -0.128791 0.5
-8.90791e-17 -0.169194 0.333333
0.0220971 -0.128791 0.333333
-9.11946e-17 -0.142259 0.416667
0.0883883 -0.0883883 0.25
0.132583 -0.132583 0.25
0.0699325 -0.173147 0.25
0.0441942 -0.115324 0.25
0.176777 -0.176777 0.25
0.0956709 -0.23097 0.25
1.53081e-17 -0.25 0.25
-7.06235e-17 -0.196129 0.25
-1.56555e-16 -0.142259 0.25
-0.0220971 -0.0619765 0.5
-0.0220971 -0.0975413 0.5
-0.0662913 -0.101856 0.5
-0.0220971 -0.0619765 0.333333
-0.0220971 -0.0975413 0.333333
-0.0662913 -0.101856 0.333333
-2.12504e-16 -0.0797589 0.416667
-0.0441942 -0.115324 0.416667
0.0220971 -0.0220971 0.5
0.0220971 -0.0619765 0.5
0.0220971 -0.0220971 0.333333
0.0220971 -0.0619765 0.333333
0.0441942 -0.0441942 0.416667
0.0662913 -0.0662913 0.5
0.0220971 -0.0975413 0.5
0.0662913 -0.0662913 0.333333
0.0220971 -0.0975413 0.333333
-0.0220971 -0.128791 0.5
-0.0220971 -0.128791 0.333333
-2.45463e-16 -0.0797589 0.25
-0.0441942 -0.115324 0.25
0.0441942 -0.0441942 0.25
-0.0496561 -0.24488 0.5
-0.0828017 -0.202058 0.5
-0.0358766 -0.186836 0.5
-0.0496561 -0.24488 0.333333
-0.0828017 -0.202058 0.333333
-0.0358766 -0.186836 0.333333
-0.0956709 -0.23097 0.416667
-0.0699325 -0.173147 0.416667
-0.138044 -0.208269 0.5
-0.102168 -0.155062 0.5
-0.138044 -0.208269 0.333333
-0.102168 -0.155062 0.333333
-0.0570633 -0.144235 0.5
-0.0570633 -0.144235 0.333333
-0.0956709 -0.23097 0.25
-0.0699325 -0.173147 0.25
0.155062 -0.102168 0.166667
0.144235 -0.0570633 0.166667
0.101856 -0.0662913 0.166667
0.155062 -0.102168 0.333333
0.144235 -0.0570633 0.333333
0.101856 -0.0662913 0.333333
0.173147 -0.0699325 0.25
0.115324 -0.0441942 0.25
0.208269 -0.138044 0.166667
0.202058 -0.0828017 0.166667
0.208269 -0.138044 0.333333
0.202058 -0.0828017 0.333333
0.23097 -0.0956709 0.25
0.24488 -0.0496561 0.166667
0.223065 -2.04201e-17 0.166667
0.186836 -0.0358766 0.166667
0.24488 -0.0496561 0.333333
0.223065 -2.40878e-17 0.333333
0.186836 -0.0358766 0.333333
0.25 -3.29597e-17 0.25
0.196129 -1.15481e-17 0.25
0.169194 8.12874e-18 0.166667
0.128791 -0.0220971 0.166667
0.169194 -9.81342e-18 0.333333
0.128791 -0.0220971 0.333333
0.142259 9.86346e-18 0.25
0.155062 -0.102168 0.5
0.144235 -0.0570633 0.5
0.101856 -0.0662913 0.5
0.173147 -0.0699325 0.416667
0.115324 -0.0441942 0.416667
0.208269 -0.138044 0.5
0.202058 -0.0828017 0.5
0.23097 -0.0956709 0.416667
0.24488 -0.0496561 0.5
0.223065 -2.77556e-17 0.5
0.186836 -0.0358766 0.5
0.25 -2.94903e-17 0.416667
0.196129 -2.23531e-17 0.416667
0.169194 -2.77556e-17 0.5
0.128791 -0.0220971 0.5
0.142259 -1.52159e-17 0.416667
0.0619765 0.0220971 0.166667
0.0975413 0.0220971 0.166667
0.101856 0.0662913 0.166667
0.0619765 0.0220971 0.333333
0.0975413 0.0220971 0.333333
0.101856 0.0662913 0.333333
0.0797589 3.9465e-17 0.25
0.115324 0.0441942 0.25
0.0619765 -0.0220971 0.166667
0.0619765 -0.0220971 0.333333
0.0975413 -0.0220971 0.166667
0.0975413 -0.0220971 0.333333
0.128791 0.0220971 0.166667
0.128791 0.0220971 0.333333
0.0619765 0.0220971 0.5
0.0975413 0.0220971 0.5
0.101856 0.0662913 0.5
0.0797589 9.97466e-18 0.416667
0.115324 0.0441942 0.416667
0.0619765 -0.0220971 0.5
0.0975413 -0.0220971 0.5
0.128791 0.0220971 0.5
0.24488 0.0496561 0.166667
0.202058 0.0828017 0.166667
0.186836 0.0358766 0.166667
0.24488 0.0496561 0.333333
0.202058 0.0828017 0.333333
0.186836 0.0358766 0.333333
0.23097 0.0956709 0.25
0.173147 0.0699325 0.25
0.208269 0.138044 0.166667
0.155062 0.102168 0.166667
0.208269 0.138044 0.333333
0.155062 0.102168 0.333333
0.144235 0.0570633 0.166667
0.144235 0.0570633 0.333333
0.24488 0.0496561 0.5
0.202058 0.0828017 0.5
0.186836 0.0358766 0.5
0.23097 0.0956709 0.416667
0.173147 0.0699325 0.416667
0.208269 0.138044 0.5
0.155062 0.102168 0.5
0.144235 0.0570633 0.5
0.155062 -0.102168 -0.166667
0.144235 -0.0570633 -0.166667
0.101856 -0.0662913 -0.166667
0.155062 -0.102168 9.54098e-18
0.144235 -0.0570633 2.25514e-17
0.101856 -0.0662913 3.1225e-17
0.173147 -0.0699325 -0.0833333
0.115324 -0.0441942 -0.0833333
0.208269 -0.138044 -0.166667
0.202058 -0.0828017 -0.166667
0.208269 -0.138044 -2.08167e-17
0.202058 -0.0828017 1.73472e-18
0.23097 -0.0956709 -0.0833333
0.24488 -0.0496561 -0.166667
0.223065 -1.09956e-17 -0.166667
0.186836 -0.0358766 -0.166667
0.24488 -0.0496561 -6.93889e-18
0.223065 -1.57079e-17 5.20417e-18
0.186836 -0.0358766 1.30104e-17
0.25 -2.94903e-17 -0.0833333
0.196129 2.7868e-18 -0.0833333
0.169194 2.25242e-17 -0.166667
0.128791 -0.0220971 -0.166667
0.169194 1.53265e-17 5.20417e-18
0.128791 -0.0220971 1.73472e-17
0.142259 3.50639e-17 -0.0833333
0.173147 -0.0699325 0.0833333
0.115324 -0.0441942 0.0833333
0.23097 -0.0956709 0.0833333
0.25 -3.29597e-17 0.0833333
0.196129 -3.16818e-18 0.0833333
0.142259 2.66234e-17 0.0833333
0.0619765 0.0220971 -0.166667
0.0975413 0.0220971 -0.166667
0.101856 0.0662913 -0.166667
0.0619765 0.0220971 1.73472e-17
0.0975413 0.0220971 1.73472e-17
0.101856 0.0662913 3.1225e-17
0.0797589 3.98986e-17 -0.0833333
0.115324 0.0441942 -0.0833333
0.0619765 -0.0220971 -0.166667
0.0619765 -0.0220971 1.73472e-17
0.0975413 -0.0220971 -0.166667
0.0975413 -0.0220971 1.73472e-17
0.128791 0.0220971 -0.166667
0.128791 0.0220971 1.73472e-17
0.0797589 3.46945e-17 0.0833333
0.115324 0.0441942 0.0833333
0.24488 0.0496561 -0.166667
0.202058 0.0828017 -0.166667
0.186836 0.0358766 -0.166667
0.24488 0.0496561 -6.93889e-18
0.202058 0.0828017 -8.67362e-18
0.186836 0.0358766 2.60209e-18
0.23097 0.0956709 -0.0833333
0.173147 0.0699325 -0.0833333
0.208269 0.138044 -0.166667
0.155062 0.102168 -0.166667
0.208269 0.138044 -2.08167e-17
0.155062 0.102168 -8.67362e-19
0.144235 0.0570633 -0.166667
0.144235 0.0570633 1.21431e-17
0.23097 0.0956709 0.0833333
0.173147 0.0699325 0.0833333
0.155062 -0.102168 -0.5
0.144235 -0.0570633 -0.5
0.101856 -0.0662913 -0.5
0.155062 -0.102168 -0.333333
0.144235 -0.0570633 -0.333333
0.101856 -0.0662913 -0.333333
0.173147 -0.0699325 -0.416667
0.115324 -0.0441942 -0.416667
0.208269 -0.138044 -0.5
0.202058 -0.0828017 -0.5
0.208269 -0.138044 -0.333333
0.202058 -0.0828017 -0.333333
0.23097 -0.0956709 -0.416667
0.24488 -0.0496561 -0.5
0.223065 -2.77556e-17 -0.5
0.186836 -0.0358766 -0.5
0.24488 -0.0496561 -0.333333
0.223065 -1.93756e-17 -0.333333
0.186836 -0.0358766 -0.333333
0.25 -2.77556e-17 -0.416667
0.196129 -1.93756e-17 -0.416667
0.169194 -2.77556e-17 -0.5
0.128791 -0.0220971 -0.5
0.169194 -2.61568e-18 -0.333333
0.128791 -0.0220971 -0.333333
0.142259 -1.09956e-17 -0.416667
0.173147 -0.0699325 -0.25
0.115324 -0.0441942 -0.25
0.23097 -0.0956709 -0.25
0.25 -2.77556e-17 -0.25
0.196129 -2.61568e-18 -0.25
0.142259 2.25242e-17 -0.25
0.0619765 0.0220971 -0.5
0.0975413 0.0220971 -0.5
0.101856 0.0662913 -0.5
0.0619765 0.0220971 -0.333333
0.0975413 0.0220971 -0.333333
0.101856 0.0662913 -0.333333
0.0797589 1.38778e-17 -0.416667
0.115324 0.0441942 -0.416667
0.0619765 -0.0220971 -0.5
0.0619765 -0.0220971 -0.333333
0.0975413 -0.0220971 -0.5
0.0975413 -0.0220971 -0.333333
0.128791 0.0220971 -0.5
0.128791 0.0220971 -0.333333
0.0797589 4.85723e-17 -0.25
0.115324 0.0441942 -0.25
0.24488 0.0496561 -0.5
0.202058 0.0828017 -0.5
0.186836 0.0358766 -0.5
0.24488 0.0496561 -0.333333
0.202058 0.0828017 -0.333333
0.186836 0.0358766 -0.333333
0.23097 0.0956709 -0.416667
0.173147 0.0699325 -0.416667
0.208269 0.138044 -0.5
0.155062 0.102168 -0.5
0.208269 0.138044 -0.333333
0.155062 0.102168 -0.333333
0.144235 0.0570633 -0.5
0.144235 0.0570633 -0.333333
0.23097 0.0956709 -0.25
0.173147 0.0699325 -0.25
0.257583 -0.257583 0.5
0.338388 -0.338388 0.416667
0.257583 -0.257583 0.333333
0.298227 -0.134253 0.5
0.365485 -0.172835 0.416667
0.298227 -0.134253 0.333333
0.354134 -0.256522 0.5
0.354134 -0.256522 0.333333
0.419194 -0.419194 0.5
0.5 -0.5 0.416667
0.419194 -0.419194 0.333333
0.432742 -0.211418 0.5
0.5 -0.25 0.416667
0.432742 -0.211418 0.333333
0.5 -0.375 0.5
0.5 -0.375 0.333333
0.5 -0.5 0.25
0.419194 -0.419194 0.166667
0.338388 -0.338388 0.25
0.5 -0.25 0.25
0.432742 -0.211418 0.166667
0.365485 -0.172835 0.25
0.5 -0.375 0.166667
0.354134 -0.256522 0.166667
0.257583 -0.257583 0.166667
0.298227 -0.134253 0.166667
0.3125 -2.08167e-17 0.5
0.375 -1.47451e-17 0.416667
0.3125 -2.34188e-17 0.333333
0.37244 -0.087328 0.5
0.37244 -0.087328 0.333333
0.4375 -6.93889e-18 0.5
0.5 0 0.416667
0.4375 -7.80626e-18 0.333333
0.5 -0.125 0.5
0.5 -0.125 0.333333
0.5 0 0.25
0.4375 -8.67362e-18 0.166667
0.375 -1.64799e-17 0.25
0.5 -0.125 0.166667
0.37244 -0.087328 0.166667
0.3125 -2.60209e-17 0.166667
0.338388 -0.338388 0.0833333
0.257583 -0.257583 -1.38778e-17
0.365485 -0.172835 0.0833333
0.298227 -0.134253 -1.56125e-17
0.354134 -0.256522 -7.80626e-18
0.5 -0.5 0.0833333
0.419194 -0.419194 1.38778e-17
0.5 -0.25 0.0833333
0.432742 -0.211418 -8.67362e-18
0.5 -0.375 1.38778e-17
0.5 -0.5 -0.0833333
0.419194 -0.419194 -0.166667
0.338388 -0.338388 -0.0833333
0.5 -0.25 -0.0833333
0.432742 -0.211418 -0.166667
0.365485 -0.172835 -0.0833333
0.5 -0.375 -0.166667
0.354134 -0.256522 -0.166667
0.257583 -0.257583 -0.166667
0.298227 -0.134253 -0.166667
0.375 -1.64799e-17 0.0833333
0.3125 -2.34188e-17 -1.21431e-17
0.37244 -0.087328 -1.82146e-17
0.5 0 0.0833333
0.4375 -7.80626e-18 -2.60209e-17
0.5 -0.125 -1.38778e-17
0.5 0 -0.0833333
0.4375 -6.93889e-18 -0.166667
0.375 -1.47451e-17 -0.0833333
0.5 -0.125 -0.166667
0.37244 -0.087328 -0.166667
0.3125 -2.08167e-17 -0.166667
0.338388 -0.338388 -0.25
0.257583 -0.257583 -0.333333
0.365485 -0.172835 -0.25
0.298227 -0.134253 -0.333333
0.354134 -0.256522 -0.333333
0.5 -0.5 -0.25
0.419194 -0.419194 -0.333333
0.5 -0.25 -0.25
0.432742 -0.211418 -0.333333
0.5 -0.375 -0.333333
0.5 -0.5 -0.416667
0.419194 -0.419194 -0.5
0.338388 -0.338388 -0.416667
0.5 -0.25 -0.416667
0.432742 -0.211418 -0.5
0.365485 -0.172835 -0.416667
0.5 -0.375 -0.5
0.354134 -0.256522 -0.5
0.257583 -0.257583 -0.5
0.298227 -0.134253 -0.5
0.375 -1.38778e-17 -0.25
0.3125 -2.08167e-17 -0.333333
0.37244 -0.087328 -0.333333
0.5 0 -0.25
0.4375 -6.93889e-18 -0.333333
0.5 -0.125 -0.333333
0.5 0 -0.416667
0.4375 -6.93889e-18 -0.5
0.375 -1.38778e-17 -0.416667
0.5 -0.125 -0.5
0.37244 -0.087328 -0.5
0.3125 -2.08167e-17 -0.5
0.298227 0.134253 0.5
0.365485 0.172835 0.416667
0.298227 0.134253 0.333333
0.37244 0.087328 0.5
0.37244 0.087328 0.333333
0.432742 0.211418 0.5
0.5 0.25 0.416667
0.432742 0.211418 0.333333
0.5 0.125 0.5
0.5 0.125 0.333333
0.5 0.25 0.25
0.432742 0.211418 0.166667
0.365485 0.172835 0.25
0.5 0.125 0.166667
0.37244 0.087328 0.166667
0.298227 0.134253 0.166667
0.257583 0.257583 0.5
0.338388 0.338388 0.416667
0.257583 0.257583 0.333333
0.354134 0.256522 0.5
0.354134 0.256522 0.333333
0.419194 0.419194 0.5
0.5 0.5 0.416667
0.419194 0.419194 0.333333
0.5 0.375 0.5
0.5 0.375 0.333333
0.5 0.5 0.25
0.419194 0.419194 0.166667
0.338388 0.338388 0.25
0.5 0.375 0.166667
0.354134 0.256522 0.166667
0.257583 0.257583 0.166667
0.365485 0.172835 0.0833333
0.298227 0.134253 -2.08167e-17
0.37244 0.087328 -2.34188e-17
0.5 0.25 0.0833333
0.432742 0.211418 -1.38778e-17
0.5 0.125 -1.38778e-17
0.5 0.25 -0.0833333
0.432742 0.211418 -0.166667
0.365485 0.172835 -0.0833333
0.5 0.125 -0.166667
0.37244 0.087328 -0.166667
0.298227 0.134253 -0.166667
0.338388 0.338388 0.0833333
0.257583 0.257583 -1.38778e-17
0.354134 0.256522 -1.30104e-17
0.5 0.5 0.0833333
0.419194 0.419194 1.38778e-17
0.5 0.375 1.38778e-17
0.5 0.5 -0.0833333
0.419194 0.419194 -0.166667
0.338388 0.338388 -0.0833333
0.5 0.375 -0.166667
0.354134 0.256522 -0.166667
0.257583 0.257583 -0.166667
0.365485 0.172835 -0.25
0.298227 0.134253 -0.333333
0.37244 0.087328 -0.333333
0.5 0.25 -0.25
0.432742 0.211418 -0.333333
0.5 0.125 -0.333333
0.5 0.25 -0.416667
0.432742 0.211418 -0.5
0.365485 0.172835 -0.416667
0.5 0.125 -0.5
0.37244 0.087328 -0.5
0.298227 0.134253 -0.5
0.338388 0.338388 -0.25
0.257583 0.257583 -0.333333
0.354134 0.256522 -0.333333
0.5 0.5 -0.25
0.419194 0.419194 -0.333333
0.5 0.375 -0.333333
0.5 0.5 -0.416667
0.419194 0.419194 -0.5
0.338388 0.338388 -0.416667
0.5 0.375 -0.5
0.354134 0.256522 -0.5
0.257583 0.257583 -0.5
0.134253 -0.298227 -0.5
0.172835 -0.365485 -0.416667
0.134253 -0.298227 -0.333333
0.256522 -0.354134 -0.5
0.256522 -0.354134 -0.333333
0.211418 -0.432742 -0.5
0.25 -0.5 -0.416667
0.211418 -0.432742 -0.333333
0.375 -0.5 -0.5
0.375 -0.5 -0.333333
0.25 -0.5 -0.25
0.211418 -0.432742 -0.166667
0.172835 -0.365485 -0.25
0.375 -0.5 -0.166667
0.256522 -0.354134 -0.166667
0.134253 -0.298227 -0.166667
-3.44432e-17 -0.3125 -0.5
-8.36919e-18 -0.375 -0.416667
9.33562e-18 -0.3125 -0.333333
0.087328 -0.37244 -0.5
0.087328 -0.37244 -0.333333
-1.14811e-17 -0.4375 -0.5
0 -0.5 -0.416667
3.11187e-18 -0.4375 -0.333333
0.125 -0.5 -0.5
0.125 -0.5 -0.333333
0 -0.5 -0.25
1.77048e-17 -0.4375 -0.166667
2.08167e-17 -0.375 -0.25
0.125 -0.5 -0.166667
0.087328 -0.37244 -0.166667
5.31144e-17 -0.3125 -0.166667
0.172835 -0.365485 -0.0833333
0.134253 -0.298227 -2.08167e-17
0.256522 -0.354134 -6.07153e-18
0.25 -0.5 -0.0833333
0.211418 -0.432742 -6.93889e-18
0.375 -0.5 1.38778e-17
0.25 -0.5 0.0833333
0.211418 -0.432742 0.166667
0.172835 -0.365485 0.0833333
0.375 -0.5 0.166667
0.256522 -0.354134 0.166667
0.134253 -0.298227 0.166667
2.84707e-17 -0.375 -0.0833333
3.22977e-17 -0.3125 -3.29597e-17
0.087328 -0.37244 -2.34188e-17
0 -0.5 -0.0833333
1.07659e-17 -0.4375 -3.29597e-17
0.125 -0.5 -1.38778e-17
0 -0.5 0.0833333
3.82702e-18 -0.4375 0.166667
1.45929e-17 -0.375 0.0833333
0.125 -0.5 0.166667
0.087328 -0.37244 0.166667
1.14811e-17 -0.3125 0.166667
0.172835 -0.365485 0.25
0.134253 -0.298227 0.333333
0.256522 -0.354134 0.333333
0.25 -0.5 0.25
0.211418 -0.432742 0.333333
0.375 -0.5 0.333333
0.25 -0.5 0.416667
0.211418 -0.432742 0.5
0.172835 -0.365485 0.416667
0.375 -0.5 0.5
0.256522 -0.354134 0.5
0.134253 -0.298227 0.5
7.65404e-18 -0.375 0.25
1.14811e-17 -0.3125 0.333333
0.087328 -0.37244 0.333333
0 -0.5 0.25
3.82702e-18 -0.4375 0.333333
0.125 -0.5 0.333333
0 -0.5 0.416667
3.82702e-18 -0.4375 0.5
7.65404e-18 -0.375 0.416667
0.125 -0.5 0.5
0.087328 -0.37244 0.5
1.14811e-17 -0.3125 0.5
-0.134253 -0.298227 -0.5
-0.172835 -0.365485 -0.416667
-0.134253 -0.298227 -0.333333
-0.087328 -0.37244 -0.5
-0.087328 -0.37244 -0.333333
-0.211418 -0.432742 -0.5
-0.25 -0.5 -0.416667
-0.211418 -0.432742 -0.333333
-0.125 -0.5 -0.5
-0.125 -0.5 -0.333333
-0.25 -0.5 -0.25
-0.211418 -0.432742 -0.166667
-0.172835 -0.365485 -0.25
-0.125 -0.5 -0.166667
-0.087328 -0.37244 -0.166667
-0.134253 -0.298227 -0.166667
-0.257583 -0.257583 -0.5
-0.338388 -0.338388 -0.416667
-0.257583 -0.257583 -0.333333
-0.256522 -0.354134 -0.5
-0.256522 -0.354134 -0.333333
-0.419194 -0.419194 -0.5
-0.5 -0.5 -0.416667
-0.419194 -0.419194 -0.333333
-0.375 -0.5 -0.5
-0.375 -0.5 -0.333333
-0.5 -0.5 -0.25
-0.419194 -0.419194 -0.166667
-0.338388 -0.338388 -0.25
-0.375 -0.5 -0.166667
-0.256522 -0.354134 -0.166667
-0.257583 -0.257583 -0.166667
-0.172835 -0.365485 -0.0833333
-0.134253 -0.298227 -5.20417e-18
-0.087328 -0.37244 -2.1684e-17
-0.25 -0.5 -0.0833333
-0.211418 -0.432742 -5.20417e-18
-0.125 -0.5 -1.38778e-17
-0.25 -0.5 0.0833333
-0.211418 -0.432742 0.166667
-0.172835 -0.365485 0.0833333
-0.125 -0.5 0.166667
-0.087328 -0.37244 0.166667
-0.134253 -0.298227 0.166667
-0.338388 -0.338388 -0.0833333
-0.257583 -0.257583 2.77556e-17
-0.256522 -0.354134 9.54098e-18
-0.5 -0.5 -0.0833333
-0.419194 -0.419194 2.77556e-17
-0.375 -0.5 1.38778e-17
-0.5 -0.5 0.0833333
-0.419194 -0.419194 0.166667
-0.338388 -0.338388 0.0833333
-0.375 -0.5 0.166667
-0.256522 -0.354134 0.166667
-0.257583 -0.257583 0.166667
-0.172835 -0.365485 0.25
-0.134253 -0.298227 0.333333
-0.087328 -0.37244 0.333333
-0.25 -0.5 0.25
-0.211418 -0.432742 0.333333
-0.125 -0.5 0.333333
-0.25 -0.5 0.416667
-0.211418 -0.432742 0.5
-0.172835 -0.365485 0.416667
-0.125 -0.5 0.5
-0.087328 -0.37244 0.5
-0.134253 -0.298227 0.5
-0.338388 -0.338388 0.25
-0.257583 -0.257583 0.333333
-0.256522 -0.354134 0.333333
-0.5 -0.5 0.25
-0.419194 -0.419194 0.333333
-0.375 -0.5 0.333333
-0.5 -0.5 0.416667
-0.419194 -0.419194 0.5
-0.338388 -0.338388 0.416667
-0.375 -0.5 0.5
-0.256522 -0.354134 0.5
-0.257583 -0.257583 0.5
-0.5 -0.375 -0.5
-0.5 -0.25 -0.416667
-0.5 -0.375 -0.333333
-0.354134 -0.256522 -0.5
-0.365485 -0.172835 -0.416667
-0.354134 -0.256522 -0.333333
-0.432742 -0.211418 -0.5
-0.432742 -0.211418 -0.333333
-0.5 -0.125 -0.5
-0.5 0 -0.416667
-0.5 -0.125 -0.333333
-0.37244 -0.087328 -0.5
-0.375 -6.22375e-18 -0.416667
-0.37244 -0.087328 -0.333333
-0.4375 7.65404e-18 -0.5
-0.4375 -1.38778e-17 -0.333333
-0.5 0 -0.25
-0.5 -0.125 -0.166667
-0.5 -0.25 -0.25
-0.375 -4.92874e-17 -0.25
-0.37244 -0.087328 -0.166667
-0.365485 -0.172835 -0.25
-0.4375 -3.54096e-17 -0.166667
-0.432742 -0.211418 -0.166667
-0.5 -0.375 -0.166667
-0.354134 -0.256522 -0.166667
-0.298227 -0.134253 -0.5
-0.298227 -0.134253 -0.333333
-0.3125 2.29621e-17 -0.5
-0.3125 -4.16334e-17 -0.333333
-0.3125 -1.06229e-16 -0.166667
-0.298227 -0.134253 -0.166667
-0.5 0.125 -0.5
-0.5 0.25 -0.416667
-0.5 0.125 -0.333333
-0.37244 0.087328 -0.5
-0.365485 0.172835 -0.416667
-0.37244 0.087328 -0.333333
-0.432742 0.211418 -0.5
-0.432742 0.211418 -0.333333
-0.5 0.375 -0.5
-0.5 0.5 -0.416667
-0.5 0.375 -0.333333
-0.354134 0.256522 -0.5
-0.338388 0.338388 -0.416667
-0.354134 0.256522 -0.333333
-0.419194 0.419194 -0.5
-0.419194 0.419194 -0.333333
-0.5 0.5 -0.25
-0.5 0.375 -0.166667
-0.5 0.25 -0.25
-0.338388 0.338388 -0.25
-0.354134 0.256522 -0.166667
-0.365485 0.172835 -0.25
-0.419194 0.419194 -0.166667
-0.432742 0.211418 -0.166667
-0.5 0.125 -0.166667
-0.37244 0.087328 -0.166667
-0.298227 0.134253 -0.5
-0.298227 0.134253 -0.333333
-0.257583 0.257583 -0.5
-0.257583 0.257583 -0.333333
-0.257583 0.257583 -0.166667
-0.298227 0.134253 -0.166667
-0.5 -0.25 -0.0833333
-0.5 -0.375 1.38778e-17
-0.365485 -0.172835 -0.0833333
-0.354134 -0.256522 1.9082e-17
-0.432742 -0.211418 5.20417e-18
-0.5 0 -0.0833333
-0.5 -0.125 -1.38778e-17
-0.375 -5.69414e-17 -0.0833333
-0.37244 -0.087328 -8.67362e-18
-0.4375 -2.15318e-17 -2.77556e-17
-0.5 0 0.0833333
-0.5 -0.125 0.166667
-0.5 -0.25 0.0833333
-0.375 -2.91859e-17 0.0833333
-0.37244 -0.087328 0.166667
-0.365485 -0.172835 0.0833333
-0.4375 -7.65404e-18 0.166667
-0.432742 -0.211418 0.166667
-0.5 -0.375 0.166667
-0.354134 -0.256522 0.166667
-0.298227 -0.134253 5.20417e-18
-0.3125 -6.45955e-17 -2.77556e-17
-0.3125 -2.29621e-17 0.166667
-0.298227 -0.134253 0.166667
-0.5 0.25 -0.0833333
-0.5 0.125 -1.38778e-17
-0.365485 0.172835 -0.0833333
-0.37244 0.087328 -8.67362e-18
-0.432742 0.211418 5.20417e-18
-0.5 0.5 -0.0833333
-0.5 0.375 1.38778e-17
-0.338388 0.338388 -0.0833333
-0.354134 0.256522 1.9082e-17
-0.419194 0.419194 2.77556e-17
-0.5 0.5 0.0833333
-0.5 0.375 0.166667
-0.5 0.25 0.0833333
-0.338388 0.338388 0.0833333
-0.354134 0.256522 0.166667
-0.365485 0.172835 0.0833333
-0.419194 0.419194 0.166667
-0.432742 0.211418 0.166667
-0.5 0.125 0.166667
-0.37244 0.087328 0.166667
-0.298227 0.134253 5.20417e-18
-0.257583 0.257583 2.77556e-17
-0.257583 0.257583 0.166667
-0.298227 0.134253 0.166667
-0.5 -0.25 0.25
-0.5 -0.375 0.333333
-0.365485 -0.172835 0.25
-0.354134 -0.256522 0.333333
-0.432742 -0.211418 0.333333
-0.5 0 0.25
-0.5 -0.125 0.333333
-0.375 -1.53081e-17 0.25
-0.37244 -0.087328 0.333333
-0.4375 -7.65404e-18 0.333333
-0.5 0 0.416667
-0.5 -0.125 0.5
-0.5 -0.25 0.416667
-0.375 -1.53081e-17 0.416667
-0.37244 -0.087328 0.5
-0.365485 -0.172835 0.416667
-0.4375 -7.65404e-18 0.5
-0.432742 -0.211418 0.5
-0.5 -0.375 0.5
-0.354134 -0.256522 0.5
-0.298227 -0.134253 0.333333
-0.3125 -2.29621e-17 0.333333
-0.3125 -2.29621e-17 0.5
-0.298227 -0.134253 0.5
-0.5 0.25 0.25
-0.5 0.125 0.333333
-0.365485 0.172835 0.25
-0.37244 0.087328 0.333333
-0.432742 0.211418 0.333333
-0.5 0.5 0.25
-0.5 0.375 0.333333
-0.338388 0.338388 0.25
-0.354134 0.256522 0.333333
-0.419194 0.419194 0.333333
-0.5 0.5 0.416667
-0.5 0.375 0.5
-0.5 0.25 0.416667
-0.338388 0.338388 0.416667
-0.354134 0.256522 0.5
-0.365485 0.172835 0.416667
-0.419194 0.419194 0.5
-0.432742 0.211418 0.5
-0.5 0.125 0.5
-0.37244 0.087328 0.5
-0.298227 0.134253 0.333333
-0.257583 0.257583 0.333333
-0.257583 0.257583 0.5
-0.298227 0.134253 0.5
0.375 0.5 0.5
0.25 0.5 0.416667
0.375 0.5 0.333333
0.256522 0.354134 0.5
0.172835 0.365485 0.416667
0.256522 0.354134 0.333333
0.211418 0.432742 0.5
0.211418 0.432742 0.333333
0.125 0.5 0.5
0 0.5 0.416667
0.125 0.5 0.333333
0.087328 0.37244 0.5
1.45929e-17 0.375 0.416667
0.087328 0.37244 0.333333
3.82702e-18 0.4375 0.5
1.07659e-17 0.4375 0.333333
0 0.5 0.25
0.125 0.5 0.166667
0.25 0.5 0.25
2.84707e-17 0.375 0.25
0.087328 0.37244 0.166667
0.172835 0.365485 0.25
1.77048e-17 0.4375 0.166667
0.211418 0.432742 0.166667
0.375 0.5 0.166667
0.256522 0.354134 0.166667
0.134253 0.298227 0.5
0.134253 0.298227 0.333333
1.14811e-17 0.3125 0.5
3.22977e-17 0.3125 0.333333
5.31144e-17 0.3125 0.166667
0.134253 0.298227 0.166667
-0.125 0.5 0.5
-0.25 0.5 0.416667
-0.125 0.5 0.333333
-0.087328 0.37244 0.5
-0.172835 0.365485 0.416667
-0.087328 0.37244 0.333333
-0.211418 0.432742 0.5
-0.211418 0.432742 0.333333
-0.375 0.5 0.5
-0.375 0.5 0.333333
-0.256522 0.354134 0.5
-0.256522 0.354134 0.333333
-0.375 0.5 0.166667
-0.25 0.5 0.25
-0.256522 0.354134 0.166667
-0.172835 0.365485 0.25
-0.211418 0.432742 0.166667
-0.125 0.5 0.166667
-0.087328 0.37244 0.166667
-0.134253 0.298227 0.5
-0.134253 0.298227 0.333333
-0.134253 0.298227 0.166667
0.25 0.5 0.0833333
0.375 0.5 1.38778e-17
0.172835 0.365485 0.0833333
0.256522 0.354134 -1.30104e-17
0.211418 0.432742 -1.12757e-17
0 0.5 0.0833333
0.125 0.5 -1.38778e-17
1.45929e-17 0.375 0.0833333
0.087328 0.37244 -2.34188e-17
-3.11187e-18 0.4375 -2.42861e-17
0 0.5 -0.0833333
0.125 0.5 -0.166667
0.25 0.5 -0.0833333
-2.70404e-17 0.375 -0.0833333
0.087328 0.37244 -0.166667
0.172835 0.365485 -0.0833333
-2.39286e-17 0.4375 -0.166667
0.211418 0.432742 -0.166667
0.375 0.5 -0.166667
0.256522 0.354134 -0.166667
0.134253 0.298227 -2.86229e-17
-9.33562e-18 0.3125 -1.73472e-17
-7.17857e-17 0.3125 -0.166667
0.134253 0.298227 -0.166667
-0.25 0.5 0.0833333
-0.125 0.5 -1.38778e-17
-0.172835 0.365485 0.0833333
-0.087328 0.37244 -1.38778e-17
-0.211418 0.432742 -5.20417e-18
-0.375 0.5 1.38778e-17
-0.256522 0.354134 1.04083e-17
-0.375 0.5 -0.166667
-0.25 0.5 -0.0833333
-0.256522 0.354134 -0.166667
-0.172835 0.365485 -0.0833333
-0.211418 0.432742 -0.166667
-0.125 0.5 -0.166667
-0.087328 0.37244 -0.166667
-0.134253 0.298227 5.20417e-18
-0.134253 0.298227 -0.166667
0.25 0.5 -0.25
0.375 0.5 -0.333333
0.172835 0.365485 -0.25
0.256522 0.354134 -0.333333
0.211418 0.432742 -0.333333
0 0.5 -0.25
0.125 0.5 -0.333333
-3.39793e-17 0.375 -0.25
0.087328 0.37244 -0.333333
-1.00508e-17 0.4375 -0.333333
0 0.5 -0.416667
0.125 0.5 -0.5
0.25 0.5 -0.416667
-6.22375e-18 0.375 -0.416667
0.087328 0.37244 -0.5
0.172835 0.365485 -0.416667
3.82702e-18 0.4375 -0.5
0.211418 0.432742 -0.5
0.375 0.5 -0.5
0.256522 0.354134 -0.5
0.134253 0.298227 -0.333333
-3.01523e-17 0.3125 -0.333333
1.14811e-17 0.3125 -0.5
0.134253 0.298227 -0.5
-0.25 0.5 -0.25
-0.125 0.5 -0.333333
-0.172835 0.365485 -0.25
-0.087328 0.37244 -0.333333
-0.211418 0.432742 -0.333333
-0.375 0.5 -0.333333
-0.256522 0.354134 -0.333333
-0.375 0.5 -0.5
-0.25 0.5 -0.416667
-0.256522 0.354134 -0.5
-0.172835 0.365485 -0.416667
-0.211418 0.432742 -0.5
-0.125 0.5 -0.5
-0.087328 0.37244 -0.5
-0.134253 0.298227 -0.333333
-0.134253 0.298227 -0.5
-0.0842295 0.128459 -0.166667
-0.110485 0.110485 -0.25
-0.102168 0.155062 -0.25
-0.0570633 0.144235 -0.25
-0.0662913 0.101856 -0.25
-0.0842295 0.128459 -0.333333
-0.120106 0.181666 -0.166667
-0.15468 0.15468 -0.25
-0.138044 0.208269 -0.25
-0.0828017 0.202058 -0.25
-0.120106 0.181666 -0.333333
-0.0427663 0.215858 -0.166667
-0.0496561 0.24488 -0.25
-8.31583e-17 0.223065 -0.25
-0.0358766 0.186836 -0.25
-0.0427663 0.215858 -0.333333
-0.0289868 0.157814 -0.166667
-1.13557e-16 0.169194 -0.25
-0.0220971 0.128791 -0.25
-0.0289868 0.157814 -0.333333
-0.110485 0.110485 -0.416667
-0.102168 0.155062 -0.416667
-0.0570633 0.144235 -0.416667
-0.0662913 0.101856 -0.416667
-0.0842295 0.128459 -0.5
-0.15468 0.15468 -0.416667
-0.138044 0.208269 -0.416667
-0.0828017 0.202058 -0.416667
-0.120106 0.181666 -0.5
-0.0496561 0.24488 -0.416667
-2.54623e-17 0.223065 -0.416667
-0.0358766 0.186836 -0.416667
-0.0427663 0.215858 -0.5
-5.14919e-17 0.169194 -0.416667
-0.0220971 0.128791 -0.416667
-0.0289868 0.157814 -0.5
0.0441942 0.0819163 -0.166667
0.0662913 0.0662913 -0.25
0.0220971 0.0619765 -0.25
0.0220971 0.0975413 -0.25
0.0662913 0.101856 -0.25
0.0441942 0.0819163 -0.333333
-3.69496e-16 0.0420368 -0.166667
0.0220971 0.0220971 -0.25
-0.0220971 0.0220971 -0.25
-0.0220971 0.0619765 -0.25
-7.69784e-17 0.0420368 -0.333333
-0.0441942 0.0819163 -0.166667
-0.0662913 0.0662913 -0.25
-0.0220971 0.0975413 -0.25
-0.0441942 0.0819163 -0.333333
-8.67362e-18 0.113166 -0.166667
0.0220971 0.128791 -0.25
-8.21825e-17 0.113166 -0.333333
0.0662913 0.0662913 -0.416667
0.0220971 0.0619765 -0.416667
0.0220971 0.0975413 -0.416667
0.0662913 0.101856 -0.416667
0.0441942 0.0819163 -0.5
0.0220971 0.0220971 -0.416667
-0.0220971 0.0220971 -0.416667
-0.0220971 0.0619765 -0.416667
-6.57027e-17 0.0420368 -0.5
-0.0662913 0.0662913 -0.416667
-0.0220971 0.0975413 -0.416667
-0.0441942 0.0819163 -0.5
0.0220971 0.128791 -0.416667
-8.30499e-17 0.113166 -0.5
0.0427663 0.215858 -0.166667
0.0496561 0.24488 -0.25
0.0828017 0.202058 -0.25
0.0358766 0.186836 -0.25
0.0427663 0.215858 -0.333333
0.120106 0.181666 -0.166667
0.138044 0.208269 -0.25
0.15468 0.15468 -0.25
0.102168 0.155062 -0.25
0.120106 0.181666 -0.333333
0.0842295 0.128459 -0.166667
0.110485 0.110485 -0.25
0.0570633 0.144235 -0.25
0.0842295 0.128459 -0.333333
0.0289868 0.157814 -0.166667
0.0289868 0.157814 -0.333333
0.0496561 0.24488 -0.416667
0.0828017 0.202058 -0.416667
0.0358766 0.186836 -0.416667
0.0427663 0.215858 -0.5
0.138044 0.208269 -0.416667
0.15468 0.15468 -0.416667
0.102168 0.155062 -0.416667
0.120106 0.181666 -0.5
0.110485 0.110485 -0.416667
0.0570633 0.144235 -0.416667
0.0842295 0.128459 -0.5
0.0289868 0.157814 -0.5
-0.0842295 0.128459 0.166667
-0.110485 0.110485 0.0833333
-0.102168 0.155062 0.0833333
-0.0570633 0.144235 0.0833333
-0.0662913 0.101856 0.0833333
-0.0842295 0.128459 -7.37257e-18
-0.120106 0.181666 0.166667
-0.15468 0.15468 0.0833333
-0.138044 0.208269 0.0833333
-0.0828017 0.202058 0.0833333
-0.120106 0.181666 6.50521e-18
-0.0427663 0.215858 0.166667
-0.0496561 0.24488 0.0833333
-1.01752e-17 0.223065 0.0833333
-0.0358766 0.186836 0.0833333
-0.0427663 0.215858 -6.50521e-18
-0.0289868 0.157814 0.166667
-8.88975e-17 0.169194 0.0833333
-0.0220971 0.128791 0.0833333
-0.0289868 0.157814 -9.97466e-18
-0.110485 0.110485 -0.0833333
-0.102168 0.155062 -0.0833333
-0.0570633 0.144235 -0.0833333
-0.0662913 0.101856 -0.0833333
-0.15468 0.15468 -0.0833333
-0.138044 0.208269 -0.0833333
-0.0828017 0.202058 -0.0833333
-0.0496561 0.24488 -0.0833333
-7.80626e-17 0.223065 -0.0833333
-0.0358766 0.186836 -0.0833333
-1.26026e-16 0.169194 -0.0833333
-0.0220971 0.128791 -0.0833333
0.0441942 0.0819163 0.166667
0.0662913 0.0662913 0.0833333
0.0220971 0.0619765 0.0833333
0.0220971 0.0975413 0.0833333
0.0662913 0.101856 0.0833333
0.0441942 0.0819163 1.95156e-17
-3.6169e-16 0.0420368 0.166667
0.0220971 0.0220971 0.0833333
-0.0220971 0.0220971 0.0833333
-0.0220971 0.0619765 0.0833333
-2.60209e-18 0.0420368 3.90313e-18
-0.0441942 0.0819163 0.166667
-0.0662913 0.0662913 0.0833333
-0.0220971 0.0975413 0.0833333
-0.0441942 0.0819163 -4.77049e-18
6.07153e-18 0.113166 0.166667
0.0220971 0.128791 0.0833333
-3.87711e-16 0.113166 3.90313e-18
0.0662913 0.0662913 -0.0833333
0.0220971 0.0619765 -0.0833333
0.0220971 0.0975413 -0.0833333
0.0662913 0.101856 -0.0833333
0.0220971 0.0220971 -0.0833333
-0.0220971 0.0220971 -0.0833333
-0.0220971 0.0619765 -0.0833333
-0.0662913 0.0662913 -0.0833333
-0.0220971 0.0975413 -0.0833333
0.0220971 0.128791 -0.0833333
0.0427663 0.215858 0.166667
0.0496561 0.24488 0.0833333
0.0828017 0.202058 0.0833333
0.0358766 0.186836 0.0833333
0.0427663 0.215858 -2.0383e-17
0.120106 0.181666 0.166667
0.138044 0.208269 0.0833333
0.15468 0.15468 0.0833333
0.102168 0.155062 0.0833333
0.120106 0.181666 -2.47198e-17
0.0842295 0.128459 0.166667
0.110485 0.110485 0.0833333
0.0570633 0.144235 0.0833333
0.0842295 0.128459 8.23994e-18
0.0289868 0.157814 0.166667
0.0289868 0.157814 2.1684e-18
0.0496561 0.24488 -0.0833333
0.0828017 0.202058 -0.0833333
0.0358766 0.186836 -0.0833333
0.138044 0.208269 -0.0833333
0.15468 0.15468 -0.0833333
0.102168 0.155062 -0.0833333
0.110485 0.110485 -0.0833333
0.0570633 0.144235 -0.0833333
-0.0842295 0.128459 0.5
-0.110485 0.110485 0.416667
-0.102168 0.155062 0.416667
-0.0570633 0.144235 0.416667
-0.0662913 0.101856 0.416667
-0.0842295 0.128459 0.333333
-0.120106 0.181666 0.5
-0.15468 0.15468 0.416667
-0.138044 0.208269 0.416667
-0.0828017 0.202058 0.416667
-0.120106 0.181666 0.333333
-0.0427663 0.215858 0.5
-0.0496561 0.24488 0.416667
8.48137e-18 0.223065 0.416667
-0.0358766 0.186836 0.416667
-0.0427663 0.215858 0.333333
-0.0289868 0.157814 0.5
-3.29276e-17 0.169194 0.416667
-0.0220971 0.128791 0.416667
-0.0289868 0.157814 0.333333
-0.110485 0.110485 0.25
-0.102168 0.155062 0.25
-0.0570633 0.144235 0.25
-0.0662913 0.101856 0.25
-0.15468 0.15468 0.25
-0.138044 0.208269 0.25
-0.0828017 0.202058 0.25
-0.0496561 0.24488 0.25
1.86727e-17 0.223065 0.25
-0.0358766 0.186836 0.25
-5.78647e-17 0.169194 0.25
-0.0220971 0.128791 0.25
0.0441942 0.0819163 0.5
0.0662913 0.0662913 0.416667
0.0220971 0.0619765 0.416667
0.0220971 0.0975413 0.416667
0.0662913 0.101856 0.416667
0.0441942 0.0819163 0.333333
-6.63532e-17 0.0420368 0.5
0.0220971 0.0220971 0.416667
-0.0220971 0.0220971 0.416667
-0.0220971 0.0619765 0.416667
-7.4051e-17 0.0420368 0.333333
-0.0441942 0.0819163 0.5
-0.0662913 0.0662913 0.416667
-0.0220971 0.0975413 0.416667
-0.0441942 0.0819163 0.333333
-8.37004e-17 0.113166 0.5
0.0220971 0.128791 0.416667
-7.57857e-17 0.113166 0.333333
0.0662913 0.0662913 0.25
0.0220971 0.0619765 0.25
0.0220971 0.0975413 0.25
0.0662913 0.101856 0.25
0.0220971 0.0220971 0.25
-0.0220971 0.0220971 0.25
-0.0220971 0.0619765 0.25
-0.0662913 0.0662913 0.25
-0.0220971 0.0975413 0.25
0.0220971 0.128791 0.25
0.0427663 0.215858 0.5
0.0496561 0.24488 0.416667
0.0828017 0.202058 0.416667
0.0358766 0.186836 0.416667
0.0427663 0.215858 0.333333
0.120106 0.181666 0.5
0.138044 0.208269 0.416667
0.15468 0.15468 0.416667
0.102168 0.155062 0.416667
0.120106 0.181666 0.333333
0.0842295 0.128459 0.5
0.110485 0.110485 0.416667
0.0570633 0.144235 0.416667
0.0842295 0.128459 0.333333
0.0289868 0.157814 0.5
0.0289868 0.157814 0.333333
0.0496561 0.24488 0.25
0.0828017 0.202058 0.25
0.0358766 0.186836 0.25
0.138044 0.208269 0.25
0.15468 0.15468 0.25
0.102168 0.155062 0.25
0.110485 0.110485 0.25
0.0570633 0.144235 0.25
-0.128459 0.0842295 0.166667
-0.155062 0.102168 0.25
-0.144235 0.0570633 0.25
-0.101856 0.0662913 0.25
-0.128459 0.0842295 0.333333
-0.181666 0.120106 0.166667
-0.208269 0.138044 0.25
-0.202058 0.0828017 0.25
-0.181666 0.120106 0.333333
-0.215858 0.0427663 0.166667
-0.24488 0.0496561 0.25
-0.223065 -2.356e-17 0.25
-0.186836 0.0358766 0.25
-0.215858 0.0427663 0.333333
-0.157814 0.0289868 0.166667
-0.169194 -9.44776e-18 0.25
-0.128791 0.0220971 0.25
-0.157814 0.0289868 0.333333
-0.155062 0.102168 0.416667
-0.144235 0.0570633 0.416667
-0.101856 0.0662913 0.416667
-0.128459 0.0842295 0.5
-0.208269 0.138044 0.416667
-0.202058 0.0828017 0.416667
-0.181666 0.120106 0.5
-0.24488 0.0496561 0.416667
-0.223065 -2.77874e-17 0.416667
-0.186836 0.0358766 0.416667
-0.215858 0.0427663 0.5
-0.169194 -2.21297e-17 0.416667
-0.128791 0.0220971 0.416667
-0.157814 0.0289868 0.5
-0.0819163 -0.0441942 0.166667
-0.0662913 -0.0662913 0.25
-0.0619765 -0.0220971 0.25
-0.0975413 -0.0220971 0.25
-0.101856 -0.0662913 0.25
-0.0819163 -0.0441942 0.333333
-0.0420368 3.78603e-16 0.166667
-0.0220971 -0.0220971 0.25
-0.0619765 0.0220971 0.25
-0.0420368 3.1225e-17 0.333333
-0.0819163 0.0441942 0.166667
-0.0975413 0.0220971 0.25
-0.0819163 0.0441942 0.333333
-0.113166 -3.96818e-16 0.166667
-0.128791 -0.0220971 0.25
-0.113166 1.73472e-18 0.333333
-0.0662913 -0.0662913 0.416667
-0.0619765 -0.0220971 0.416667
-0.0975413 -0.0220971 0.416667
-0.101856 -0.0662913 0.416667
-0.0819163 -0.0441942 0.5
-0.0220971 -0.0220971 0.416667
-0.0619765 0.0220971 0.416667
-0.0420368 -3.51282e-17 0.5
-0.0975413 0.0220971 0.416667
-0.0819163 0.0441942 0.5
-0.128791 -0.0220971 0.416667
-0.113166 -2.47198e-17 0.5
-0.215858 -0.0427663 0.166667
-0.24488 -0.0496561 0.25
-0.202058 -0.0828017 0.25
-0.186836 -0.0358766 0.25
-0.215858 -0.0427663 0.333333
-0.181666 -0.120106 0.166667
-0.208269 -0.138044 0.25
-0.15468 -0.15468 0.25
-0.155062 -0.102168 0.25
-0.181666 -0.120106 0.333333
-0.128459 -0.0842295 0.166667
-0.110485 -0.110485 0.25
-0.144235 -0.0570633 0.25
-0.128459 -0.0842295 0.333333
-0.157814 -0.0289868 0.166667
-0.157814 -0.0289868 0.333333
-0.24488 -0.0496561 0.416667
-0.202058 -0.0828017 0.416667
-0.186836 -0.0358766 0.416667
-0.215858 -0.0427663 0.5
-0.208269 -0.138044 0.416667
-0.15468 -0.15468 0.416667
-0.155062 -0.102168 0.416667
-0.181666 -0.120106 0.5
-0.110485 -0.110485 0.416667
-0.144235 -0.0570633 0.416667
-0.128459 -0.0842295 0.5
-0.157814 -0.0289868 0.5
-0.128459 0.0842295 -0.166667
-0.155062 0.102168 -0.0833333
-0.144235 0.0570633 -0.0833333
-0.101856 0.0662913 -0.0833333
-0.128459 0.0842295 4.11997e-18
-0.181666 0.120106 -0.166667
-0.208269 0.138044 -0.0833333
-0.202058 0.0828017 -0.0833333
-0.181666 0.120106 1.10589e-17
-0.215858 0.0427663 -0.166667
-0.24488 0.0496561 -0.0833333
-0.223065 -8.81772e-17 -0.0833333
-0.186836 0.0358766 -0.0833333
-0.215858 0.0427663 -1.23599e-17
-0.157814 0.0289868 -0.166667
-0.169194 -3.67658e-17 -0.0833333
-0.128791 0.0220971 -0.0833333
-0.157814 0.0289868 -5.42101e-18
-0.155062 0.102168 0.0833333
-0.144235 0.0570633 0.0833333
-0.101856 0.0662913 0.0833333
-0.208269 0.138044 0.0833333
-0.202058 0.0828017 0.0833333
-0.24488 0.0496561 0.0833333
-0.223065 -4.369e-17 0.0833333
-0.186836 0.0358766 0.0833333
-0.169194 -1.43265e-17 0.0833333
-0.128791 0.0220971 0.0833333
-0.0819163 -0.0441942 -0.166667
-0.0662913 -0.0662913 -0.0833333
-0.0619765 -0.0220971 -0.0833333
-0.0975413 -0.0220971 -0.0833333
-0.101856 -0.0662913 -0.0833333
-0.0819163 -0.0441942 7.80626e-18
-0.0420368 3.76652e-16 -0.166667
-0.0220971 -0.0220971 -0.0833333
-0.0619765 0.0220971 -0.0833333
-0.0420368 2.82001e-16 7.80626e-18
-0.0819163 0.0441942 -0.166667
-0.0975413 0.0220971 -0.0833333
-0.0819163 0.0441942 7.80626e-18
-0.113166 -4.02239e-16 -0.166667
-0.128791 -0.0220971 -0.0833333
-0.113166 -1.2219e-16 7.80626e-18
-0.0662913 -0.0662913 0.0833333
-0.0619765 -0.0220971 0.0833333
-0.0975413 -0.0220971 0.0833333
-0.101856 -0.0662913 0.0833333
-0.0220971 -0.0220971 0.0833333
-0.0619765 0.0220971 0.0833333
-0.0975413 0.0220971 0.0833333
-0.128791 -0.0220971 0.0833333
-0.215858 -0.0427663 -0.166667
-0.24488 -0.0496561 -0.0833333
-0.202058 -0.0828017 -0.0833333
-0.186836 -0.0358766 -0.0833333
-0.215858 -0.0427663 -2.14672e-17
-0.181666 -0.120106 -0.166667
-0.208269 -0.138044 -0.0833333
-0.15468 -0.15468 -0.0833333
-0.155062 -0.102168 -0.0833333
-0.181666 -0.120106 7.15573e-18
-0.128459 -0.0842295 -0.166667
-0.110485 -0.110485 -0.0833333
-0.144235 -0.0570633 -0.0833333
-0.128459 -0.0842295 2.1684e-19
-0.157814 -0.0289868 -0.166667
-0.157814 -0.0289868 -1.45283e-17
-0.24488 -0.0496561 0.0833333
-0.202058 -0.0828017 0.0833333
-0.186836 -0.0358766 0.0833333
-0.208269 -0.138044 0.0833333
-0.15468 -0.15468 0.0833333
-0.155062 -0.102168 0.0833333
-0.110485 -0.110485 0.0833333
-0.144235 -0.0570633 0.0833333
-0.128459 0.0842295 -0.5
-0.155062 0.102168 -0.416667
-0.144235 0.0570633 -0.416667
-0.101856 0.0662913 -0.416667
-0.128459 0.0842295 -0.333333
-0.181666 0.120106 -0.5
-0.208269 0.138044 -0.416667
-0.202058 0.0828017 -0.416667
-0.181666 0.120106 -0.333333
-0.215858 0.0427663 -0.5
-0.24488 0.0496561 -0.416667
-0.223065 -1.3346e-17 -0.416667
-0.186836 0.0358766 -0.416667
-0.215858 0.0427663 -0.333333
-0.157814 0.0289868 -0.5
-0.169194 -1.51429e-17 -0.416667
-0.128791 0.0220971 -0.416667
-0.157814 0.0289868 -0.333333
-0.155062 0.102168 -0.25
-0.144235 0.0570633 -0.25
-0.101856 0.0662913 -0.25
-0.208269 0.138044 -0.25
-0.202058 0.0828017 -0.25
-0.24488 0.0496561 -0.25
-0.223065 -7.80625e-17 -0.25
-0.186836 0.0358766 -0.25
-0.169194 -3.7038e-17 -0.25
-0.128791 0.0220971 -0.25
-0.0819163 -0.0441942 -0.5
-0.0662913 -0.0662913 -0.416667
-0.0619765 -0.0220971 -0.416667
-0.0975413 -0.0220971 -0.416667
-0.101856 -0.0662913 -0.416667
-0.0819163 -0.0441942 -0.333333
-0.0420368 -3.1225e-17 -0.5
-0.0220971 -0.0220971 -0.416667
-0.0619765 0.0220971 -0.416667
-0.0420368 3.1225e-17 -0.333333
-0.0819163 0.0441942 -0.5
-0.0975413 0.0220971 -0.416667
-0.0819163 0.0441942 -0.333333
-0.113166 -2.08167e-17 -0.5
-0.128791 -0.0220971 -0.416667
-0.113166 1.73472e-18 -0.333333
-0.0662913 -0.0662913 -0.25
-0.0619765 -0.0220971 -0.25
-0.0975413 -0.0220971 -0.25
-0.101856 -0.0662913 -0.25
-0.0220971 -0.0220971 -0.25
-0.0619765 0.0220971 -0.25
-0.0975413 0.0220971 -0.25
-0.128791 -0.0220971 -0.25
-0.215858 -0.0427663 -0.5
-0.24488 -0.0496561 -0.416667
-0.202058 -0.0828017 -0.416667
-0.186836 -0.0358766 -0.416667
-0.215858 -0.0427663 -0.333333
-0.181666 -0.120106 -0.5
-0.208269 -0.138044 -0.416667
-0.15468 -0.15468 -0.416667
-0.155062 -0.102168 -0.416667
-0.181666 -0.120106 -0.333333
-0.128459 -0.0842295 -0.5
-0.110485 -0.110485 -0.416667
-0.144235 -0.0570633 -0.416667
-0.128459 -0.0842295 -0.333333
-0.157814 -0.0289868 -0.5
-0.157814 -0.0289868 -0.333333
-0.24488 -0.0496561 -0.25
-0.202058 -0.0828017 -0.25
-0.186836 -0.0358766 -0.25
-0.208269 -0.138044 -0.25
-0.15468 -0.15468 -0.25
-0.155062 -0.102168 -0.25
-0.110485 -0.110485 -0.25
-0.144235 -0.0570633 -0.25
0.0842295 -0.128459 -0.166667
0.110485 -0.110485 -0.25
0.102168 -0.155062 -0.25
0.0570633 -0.144235 -0.25
0.0662913 -0.101856 -0.25
0.0842295 -0.128459 -0.333333
0.120106 -0.181666 -0.166667
0.15468 -0.15468 -0.25
0.138044 -0.208269 -0.25
0.0828017 -0.202058 -0.25
0.120106 -0.181666 -0.333333
0.0427663 -0.215858 -0.166667
0.0496561 -0.24488 -0.25
-7.9849e-18 -0.223065 -0.25
0.0358766 -0.186836 -0.25
0.0427663 -0.215858 -0.333333
0.0289868 -0.157814 -0.166667
-1.07221e-16 -0.169194 -0.25
0.0220971 -0.128791 -0.25
0.0289868 -0.157814 -0.333333
0.110485 -0.110485 -0.416667
0.102168 -0.155062 -0.416667
0.0570633 -0.144235 -0.416667
0.0662913 -0.101856 -0.416667
0.0842295 -0.128459 -0.5
0.15468 -0.15468 -0.416667
0.138044 -0.208269 -0.416667
0.0828017 -0.202058 -0.416667
0.120106 -0.181666 -0.5
0.0496561 -0.24488 -0.416667
-3.71886e-17 -0.223065 -0.416667
0.0358766 -0.186836 -0.416667
0.0427663 -0.215858 -0.5
-7.8089e-17 -0.169194 -0.416667
0.0220971 -0.128791 -0.416667
0.0289868 -0.157814 -0.5
-0.0441942 -0.0819163 -0.166667
-0.0220971 -0.0619765 -0.25
-0.0220971 -0.0975413 -0.25
-0.0662913 -0.101856 -0.25
-0.0441942 -0.0819163 -0.333333
-3.38271e-17 -0.0420368 -0.166667
0.0220971 -0.0220971 -0.25
0.0220971 -0.0619765 -0.25
-3.89012e-16 -0.0420368 -0.333333
0.0441942 -0.0819163 -0.166667
0.0662913 -0.0662913 -0.25
0.0220971 -0.0975413 -0.25
0.0441942 -0.0819163 -0.333333
-4.25875e-16 -0.113166 -0.166667
-0.0220971 -0.128791 -0.25
-2.29851e-17 -0.113166 -0.333333
-0.0220971 -0.0619765 -0.416667
-0.0220971 -0.0975413 -0.416667
-0.0662913 -0.101856 -0.416667
-0.0441942 -0.0819163 -0.5
0.0220971 -0.0220971 -0.416667
0.0220971 -0.0619765 -0.416667
-4.27176e-17 -0.0420368 -0.5
0.0662913 -0.0662913 -0.416667
0.0220971 -0.0975413 -0.416667
0.0441942 -0.0819163 -0.5
-0.0220971 -0.128791 -0.416667
-6.35342e-17 -0.113166 -0.5
-0.0427663 -0.215858 -0.166667
-0.0496561 -0.24488 -0.25
-0.0828017 -0.202058 -0.25
-0.0358766 -0.186836 -0.25
-0.0427663 -0.215858 -0.333333
-0.120106 -0.181666 -0.166667
-0.138044 -0.208269 -0.25
-0.102168 -0.155062 -0.25
-0.120106 -0.181666 -0.333333
-0.0842295 -0.128459 -0.166667
-0.0570633 -0.144235 -0.25
-0.0842295 -0.128459 -0.333333
-0.0289868 -0.157814 -0.166667
-0.0289868 -0.157814 -0.333333
-0.0496561 -0.24488 -0.416667
-0.0828017 -0.202058 -0.416667
-0.0358766 -0.186836 -0.416667
-0.0427663 -0.215858 -0.5
-0.138044 -0.208269 -0.416667
-0.102168 -0.155062 -0.416667
-0.120106 -0.181666 -0.5
-0.0570633 -0.144235 -0.416667
-0.0842295 -0.128459 -0.5
-0.0289868 -0.157814 -0.5
0.0842295 -0.128459 0.166667
0.110485 -0.110485 0.0833333
0.102168 -0.155062 0.0833333
0.0570633 -0.144235 0.0833333
0.0662913 -0.101856 0.0833333
0.0842295 -0.128459 2.81893e-17
0.120106 -0.181666 0.166667
0.15468 -0.15468 0.0833333
0.138044 -0.208269 0.0833333
0.0828017 -0.202058 0.0833333
0.120106 -0.181666 3.90313e-18
0.0427663 -0.215858 0.166667
0.0496561 -0.24488 0.0833333
-2.52166e-17 -0.223065 0.0833333
0.0358766 -0.186836 0.0833333
0.0427663 -0.215858 4.33681e-19
0.0289868 -0.157814 0.166667
-1.34022e-16 -0.169194 0.0833333
0.0220971 -0.128791 0.0833333
0.0289868 -0.157814 1.77809e-17
0.110485 -0.110485 -0.0833333
0.102168 -0.155062 -0.0833333
0.0570633 -0.144235 -0.0833333
0.0662913 -0.101856 -0.0833333
0.15468 -0.15468 -0.0833333
0.138044 -0.208269 -0.0833333
0.0828017 -0.202058 -0.0833333
0.0496561 -0.24488 -0.0833333
-3.99423e-18 -0.223065 -0.0833333
0.0358766 -0.186836 -0.0833333
-1.25866e-16 -0.169194 -0.0833333
0.0220971 -0.128791 -0.0833333
-0.0441942 -0.0819163 0.166667
-0.0220971 -0.0619765 0.0833333
-0.0220971 -0.0975413 0.0833333
-0.0662913 -0.101856 0.0833333
-0.0441942 -0.0819163 4.33681e-19
-8.45678e-18 -0.0420368 0.166667
0.0220971 -0.0220971 0.0833333
0.0220971 -0.0619765 0.0833333
-3.07046e-16 -0.0420368 9.1073e-18
0.0441942 -0.0819163 0.166667
0.0662913 -0.0662913 0.0833333
0.0220971 -0.0975413 0.0833333
0.0441942 -0.0819163 1.95156e-17
-4.00504e-16 -0.113166 0.166667
-0.0220971 -0.128791 0.0833333
-3.24393e-16 -0.113166 3.90313e-18
-0.0220971 -0.0619765 -0.0833333
-0.0220971 -0.0975413 -0.0833333
-0.0662913 -0.101856 -0.0833333
0.0220971 -0.0220971 -0.0833333
0.0220971 -0.0619765 -0.0833333
0.0662913 -0.0662913 -0.0833333
0.0220971 -0.0975413 -0.0833333
-0.0220971 -0.128791 -0.0833333
-0.0427663 -0.215858 0.166667
-0.0496561 -0.24488 0.0833333
-0.0828017 -0.202058 0.0833333
-0.0358766 -0.186836 0.0833333
-0.0427663 -0.215858 -1.56125e-17
-0.120106 -0.181666 0.166667
-0.138044 -0.208269 0.0833333
-0.102168 -0.155062 0.0833333
-0.120106 -0.181666 1.04083e-17
-0.0842295 -0.128459 0.166667
-0.0570633 -0.144235 0.0833333
-0.0842295 -0.128459 3.46945e-18
-0.0289868 -0.157814 0.166667
-0.0289868 -0.157814 -8.67362e-18
-0.0496561 -0.24488 -0.0833333
-0.0828017 -0.202058 -0.0833333
-0.0358766 -0.186836 -0.0833333
-0.138044 -0.208269 -0.0833333
-0.102168 -0.155062 -0.0833333
-0.0570633 -0.144235 -0.0833333
0.0842295 -0.128459 0.5
0.110485 -0.110485 0.416667
0.102168 -0.155062 0.416667
0.0570633 -0.144235 0.416667
0.0662913 -0.101856 0.416667
0.0842295 -0.128459 0.333333
0.120106 -0.181666 0.5
0.15468 -0.15468 0.416667
0.138044 -0.208269 0.416667
0.0828017 -0.202058 0.416667
0.120106 -0.181666 0.333333
0.0427663 -0.215858 0.5
0.0496561 -0.24488 0.416667
-1.13176e-17 -0.223065 0.416667
0.0358766 -0.186836 0.416667
0.0427663 -0.215858 0.333333
0.0289868 -0.157814 0.5
-6.45689e-17 -0.169194 0.416667
0.0220971 -0.128791 0.416667
0.0289868 -0.157814 0.333333
0.110485 -0.110485 0.25
0.102168 -0.155062 0.25
0.0570633 -0.144235 0.25
0.0662913 -0.101856 0.25
0.15468 -0.15468 0.25
0.138044 -0.208269 0.25
0.0828017 -0.202058 0.25
0.0496561 -0.24488 0.25
-2.76577e-17 -0.223065 0.25
0.0358766 -0.186836 0.25
-1.13589e-16 -0.169194 0.25
0.0220971 -0.128791 0.25
-0.0441942 -0.0819163 0.5
-0.0220971 -0.0619765 0.416667
-0.0220971 -0.0975413 0.416667
-0.0662913 -0.101856 0.416667
-0.0441942 -0.0819163 0.333333
-4.0766e-17 -0.0420368 0.5
0.0220971 -0.0220971 0.416667
0.0220971 -0.0619765 0.416667
-3.76327e-16 -0.0420368 0.333333
0.0441942 -0.0819163 0.5
0.0662913 -0.0662913 0.416667
0.0220971 -0.0975413 0.416667
0.0441942 -0.0819163 0.333333
-6.15827e-17 -0.113166 0.5
-0.0220971 -0.128791 0.416667
-8.5652e-18 -0.113166 0.333333
-0.0220971 -0.0619765 0.25
-0.0220971 -0.0975413 0.25
-0.0662913 -0.101856 0.25
0.0220971 -0.0220971 0.25
0.0220971 -0.0619765 0.25
0.0662913 -0.0662913 0.25
0.0220971 -0.0975413 0.25
-0.0220971 -0.128791 0.25
-0.0427663 -0.215858 0.5
-0.0496561 -0.24488 0.416667
-0.0828017 -0.202058 0.416667
-0.0358766 -0.186836 0.416667
-0.0427663 -0.215858 0.333333
-0.120106 -0.181666 0.5
-0.138044 -0.208269 0.416667
-0.102168 -0.155062 0.416667
-0.120106 -0.181666 0.333333
-0.0842295 -0.128459 0.5
-0.0570633 -0.144235 0.416667
-0.0842295 -0.128459 0.333333
-0.0289868 -0.157814 0.5
-0.0289868 -0.157814 0.333333
-0.0496561 -0.24488 0.25
-0.0828017 -0.202058 0.25
-0.0358766 -0.186836 0.25
-0.138044 -0.208269 0.25
-0.102168 -0.155062 0.25
-0.0570633 -0.144235 0.25
0.128459 -0.0842295 0.166667
0.155062 -0.102168 0.25
0.144235 -0.0570633 0.25
0.101856 -0.0662913 0.25
0.128459 -0.0842295 0.333333
0.181666 -0.120106 0.166667
0.208269 -0.138044 0.25
0.202058 -0.0828017 0.25
0.181666 -0.120106 0.333333
0.215858 -0.0427663 0.166667
0.24488 -0.0496561 0.25
0.223065 -2.22539e-17 0.25
0.186836 -0.0358766 0.25
0.215858 -0.0427663 0.333333
0.157814 -0.0289868 0.166667
0.169194 -8.42341e-19 0.25
0.128791 -0.0220971 0.25
0.157814 -0.0289868 0.333333
0.155062 -0.102168 0.416667
0.144235 -0.0570633 0.416667
0.101856 -0.0662913 0.416667
0.128459 -0.0842295 0.5
0.208269 -0.138044 0.416667
0.202058 -0.0828017 0.416667
0.181666 -0.120106 0.5
0.24488 -0.0496561 0.416667
0.223065 -2.59217e-17 0.416667
0.186836 -0.0358766 0.416667
0.215858 -0.0427663 0.5
0.169194 -1.87845e-17 0.416667
0.128791 -0.0220971 0.416667
0.157814 -0.0289868 0.5
0.0819163 0.0441942 0.166667
0.0619765 0.0220971 0.25
0.0975413 0.0220971 0.25
0.101856 0.0662913 0.25
0.0819163 0.0441942 0.333333
0.0420368 4.4886e-17 0.166667
0.0619765 -0.0220971 0.25
0.0420368 5.07407e-17 0.333333
0.0819163 -0.0441942 0.166667
0.0975413 -0.0220971 0.25
0.0819163 -0.0441942 0.333333
0.113166 2.05998e-17 0.166667
0.128791 0.0220971 0.25
0.113166 2.29851e-17 0.333333
0.0619765 0.0220971 0.416667
0.0975413 0.0220971 0.416667
0.101856 0.0662913 0.416667
0.0819163 0.0441942 0.5
0.0619765 -0.0220971 0.416667
0.0420368 -3.51282e-17 0.5
0.0975413 -0.0220971 0.416667
0.0819163 -0.0441942 0.5
0.128791 0.0220971 0.416667
0.113166 -2.47198e-17 0.5
0.215858 0.0427663 0.166667
0.24488 0.0496561 0.25
0.202058 0.0828017 0.25
0.186836 0.0358766 0.25
0.215858 0.0427663 0.333333
0.181666 0.120106 0.166667
0.208269 0.138044 0.25
0.155062 0.102168 0.25
0.181666 0.120106 0.333333
0.128459 0.0842295 0.166667
0.144235 0.0570633 0.25
0.128459 0.0842295 0.333333
0.157814 0.0289868 0.166667
0.157814 0.0289868 0.333333
0.24488 0.0496561 0.416667
0.202058 0.0828017 0.416667
0.186836 0.0358766 0.416667
0.215858 0.0427663 0.5
0.208269 0.138044 0.416667
0.155062 0.102168 0.416667
0.181666 0.120106 0.5
0.144235 0.0570633 0.416667
0.128459 0.0842295 0.5
0.157814 0.0289868 0.5
0.128459 -0.0842295 -0.166667
0.155062 -0.102168 -0.0833333
0.144235 -0.0570633 -0.0833333
0.101856 -0.0662913 -0.0833333
0.128459 -0.0842295 2.14672e-17
0.181666 -0.120106 -0.166667
0.208269 -0.138044 -0.0833333
0.202058 -0.0828017 -0.0833333
0.181666 -0.120106 -4.55365e-18
0.215858 -0.0427663 -0.166667
0.24488 -0.0496561 -0.0833333
0.223065 -1.33517e-17 -0.0833333
0.186836 -0.0358766 -0.0833333
0.215858 -0.0427663 4.98733e-18
0.157814 -0.0289868 -0.166667
0.169194 1.89254e-17 -0.0833333
0.128791 -0.0220971 -0.0833333
0.157814 -0.0289868 1.71304e-17
0.155062 -0.102168 0.0833333
0.144235 -0.0570633 0.0833333
0.101856 -0.0662913 0.0833333
0.208269 -0.138044 0.0833333
0.202058 -0.0828017 0.0833333
0.24488 -0.0496561 0.0833333
0.223065 -1.8064e-17 0.0833333
0.186836 -0.0358766 0.0833333
0.169194 1.17276e-17 0.0833333
0.128791 -0.0220971 0.0833333
0.0819163 0.0441942 -0.166667
0.0619765 0.0220971 -0.0833333
0.0975413 0.0220971 -0.0833333
0.101856 0.0662913 -0.0833333
0.0819163 0.0441942 2.25514e-17
0.0420368 5.07407e-17 -0.166667
0.0619765 -0.0220971 -0.0833333
0.0420368 5.3668e-17 1.56125e-17
0.0819163 -0.0441942 -0.166667
0.0975413 -0.0220971 -0.0833333
0.0819163 -0.0441942 2.25514e-17
0.113166 2.81893e-17 -0.166667
0.128791 0.0220971 -0.0833333
0.113166 3.11166e-17 1.56125e-17
0.0619765 0.0220971 0.0833333
0.0975413 0.0220971 0.0833333
0.101856 0.0662913 0.0833333
0.0619765 -0.0220971 0.0833333
0.0975413 -0.0220971 0.0833333
0.128791 0.0220971 0.0833333
0.215858 0.0427663 -0.166667
0.24488 0.0496561 -0.0833333
0.202058 0.0828017 -0.0833333
0.186836 0.0358766 -0.0833333
0.215858 0.0427663 -2.81893e-18
0.181666 0.120106 -0.166667
0.208269 0.138044 -0.0833333
0.155062 0.102168 -0.0833333
0.181666 0.120106 -1.23599e-17
0.128459 0.0842295 -0.166667
0.144235 0.0570633 -0.0833333
0.128459 0.0842295 1.36609e-17
0.157814 0.0289868 -0.166667
0.157814 0.0289868 9.32414e-18
0.24488 0.0496561 0.0833333
0.202058 0.0828017 0.0833333
0.186836 0.0358766 0.0833333
0.208269 0.138044 0.0833333
0.155062 0.102168 0.0833333
0.144235 0.0570633 0.0833333
0.128459 -0.0842295 -0.5
0.155062 -0.102168 -0.416667
0.144235 -0.0570633 -0.416667
0.101856 -0.0662913 -0.416667
0.128459 -0.0842295 -0.333333
0.181666 -0.120106 -0.5
0.208269 -0.138044 -0.416667
0.202058 -0.0828017 -0.416667
0.181666 -0.120106 -0.333333
0.215858 -0.0427663 -0.5
0.24488 -0.0496561 -0.416667
0.223065 -2.35656e-17 -0.416667
0.186836 -0.0358766 -0.416667
0.215858 -0.0427663 -0.333333
0.157814 -0.0289868 -0.5
0.169194 -1.51856e-17 -0.416667
0.128791 -0.0220971 -0.416667
0.157814 -0.0289868 -0.333333
0.155062 -0.102168 -0.25
0.144235 -0.0570633 -0.25
0.101856 -0.0662913 -0.25
0.208269 -0.138044 -0.25
0.202058 -0.0828017 -0.25
0.24488 -0.0496561 -0.25
0.223065 -1.51856e-17 -0.25
0.186836 -0.0358766 -0.25
0.169194 9.95427e-18 -0.25
0.128791 -0.0220971 -0.25
0.0819163 0.0441942 -0.5
0.0619765 0.0220971 -0.416667
0.0975413 0.0220971 -0.416667
0.101856 0.0662913 -0.416667
0.0819163 0.0441942 -0.333333
0.0420368 -3.51282e-17 -0.5
0.0619765 -0.0220971 -0.416667
0.0420368 5.46438e-17 -0.333333
0.0819163 -0.0441942 -0.5
0.0975413 -0.0220971 -0.416667
0.0819163 -0.0441942 -0.333333
0.113166 -2.47198e-17 -0.5
0.128791 0.0220971 -0.416667
0.113166 2.86229e-17 -0.333333
0.0619765 0.0220971 -0.25
0.0975413 0.0220971 -0.25
0.101856 0.0662913 -0.25
0.0619765 -0.0220971 -0.25
0.0975413 -0.0220971 -0.25
0.128791 0.0220971 -0.25
0.215858 0.0427663 -0.5
0.24488 0.0496561 -0.416667
0.202058 0.0828017 -0.416667
0.186836 0.0358766 -0.416667
0.215858 0.0427663 -0.333333
0.181666 0.120106 -0.5
0.208269 0.138044 -0.416667
0.155062 0.102168 -0.416667
0.181666 0.120106 -0.333333
0.128459 0.0842295 -0.5
0.144235 0.0570633 -0.416667
0.128459 0.0842295 -0.333333
0.157814 0.0289868 -0.5
0.157814 0.0289868 -0.333333
0.24488 0.0496561 -0.25
0.202058 0.0828017 -0.25
0.186836 0.0358766 -0.25
0.208269 0.138044 -0.25
0.155062 0.102168 -0.25
0.144235 0.0570633 -0.25
0.257583 -0.257583 0.416667
0.281202 -0.197283 0.5
0.354134 -0.256522 0.416667
0.281202 -0.197283 0.333333
0.298227 -0.134253 0.416667
0.419194 -0.419194 0.416667
0.427067 -0.315761 0.5
0.5 -0.375 0.416667
0.427067 -0.315761 0.333333
0.432742 -0.211418 0.416667
0.419194 -0.419194 0.25
0.5 -0.375 0.25
0.427067 -0.315761 0.166667
0.354134 -0.256522 0.25
0.432742 -0.211418 0.25
0.257583 -0.257583 0.25
0.281202 -0.197283 0.166667
0.298227 -0.134253 0.25
0.30866 -0.068492 0.5
0.37244 -0.087328 0.416667
0.30866 -0.068492 0.333333
0.3125 -2.21177e-17 0.416667
0.43622 -0.106164 0.5
0.5 -0.125 0.416667
0.43622 -0.106164 0.333333
0.4375 -7.37257e-18 0.416667
0.5 -0.125 0.25
0.43622 -0.106164 0.166667
0.37244 -0.087328 0.25
0.4375 -8.23994e-18 0.25
0.30866 -0.068492 0.166667
0.3125 -2.47198e-17 0.25
0.257583 -0.257583 0.0833333
0.354134 -0.256522 0.0833333
0.281202 -0.197283 -1.53957e-17
0.298227 -0.134253 0.0833333
0.419194 -0.419194 0.0833333
0.5 -0.375 0.0833333
0.427067 -0.315761 1.95156e-18
0.432742 -0.211418 0.0833333
0.419194 -0.419194 -0.0833333
0.5 -0.375 -0.0833333
0.427067 -0.315761 -0.166667
0.354134 -0.256522 -0.0833333
0.432742 -0.211418 -0.0833333
0.257583 -0.257583 -0.0833333
0.281202 -0.197283 -0.166667
0.298227 -0.134253 -0.0833333
0.37244 -0.087328 0.0833333
0.30866 -0.068492 -1.45283e-17
0.3125 -2.47198e-17 0.0833333
0.5 -0.125 0.0833333
0.43622 -0.106164 -1.79978e-17
0.4375 -8.23994e-18 0.0833333
0.5 -0.125 -0.0833333
0.43622 -0.106164 -0.166667
0.37244 -0.087328 -0.0833333
0.4375 -7.37257e-18 -0.0833333
0.30866 -0.068492 -0.166667
0.3125 -2.21177e-17 -0.0833333
0.257583 -0.257583 -0.25
0.354134 -0.256522 -0.25
0.281202 -0.197283 -0.333333
0.298227 -0.134253 -0.25
0.419194 -0.419194 -0.25
0.5 -0.375 -0.25
0.427067 -0.315761 -0.333333
0.432742 -0.211418 -0.25
0.419194 -0.419194 -0.416667
0.5 -0.375 -0.416667
0.427067 -0.315761 -0.5
0.354134 -0.256522 -0.416667
0.432742 -0.211418 -0.416667
0.257583 -0.257583 -0.416667
0.281202 -0.197283 -0.5
0.298227 -0.134253 -0.416667
0.37244 -0.087328 -0.25
0.30866 -0.068492 -0.333333
0.3125 -2.08167e-17 -0.25
0.5 -0.125 -0.25
0.43622 -0.106164 -0.333333
0.4375 -6.93889e-18 -0.25
0.5 -0.125 -0.416667
0.43622 -0.106164 -0.5
0.37244 -0.087328 -0.416667
0.4375 -6.93889e-18 -0.416667
0.30866 -0.068492 -0.5
0.3125 -2.08167e-17 -0.416667
0.30866 0.068492 0.5
0.37244 0.087328 0.416667
0.30866 0.068492 0.333333
0.298227 0.134253 0.416667
0.43622 0.106164 0.5
0.5 0.125 0.416667
0.43622 0.106164 0.333333
0.432742 0.211418 0.416667
0.5 0.125 0.25
0.43622 0.106164 0.166667
0.37244 0.087328 0.25
0.432742 0.211418 0.25
0.30866 0.068492 0.166667
0.298227 0.134253 0.25
0.281202 0.197283 0.5
0.354134 0.256522 0.416667
0.281202 0.197283 0.333333
0.257583 0.257583 0.416667
0.427067 0.315761 0.5
0.5 0.375 0.416667
0.427067 0.315761 0.333333
0.419194 0.419194 0.416667
0.5 0.375 0.25
0.427067 0.315761 0.166667
0.354134 0.256522 0.25
0.419194 0.419194 0.25
0.281202 0.197283 0.166667
0.257583 0.257583 0.25
0.37244 0.087328 0.0833333
0.30866 0.068492 -1.84314e-17
0.298227 0.134253 0.0833333
0.5 0.125 0.0833333
0.43622 0.106164 -2.19009e-17
0.432742 0.211418 0.0833333
0.5 0.125 -0.0833333
0.43622 0.106164 -0.166667
0.37244 0.087328 -0.0833333
0.432742 0.211418 -0.0833333
0.30866 0.068492 -0.166667
0.298227 0.134253 -0.0833333
0.354134 0.256522 0.0833333
0.281202 0.197283 -1.92988e-17
0.257583 0.257583 0.0833333
0.5 0.375 0.0833333
0.427067 0.315761 -1.95156e-18
0.419194 0.419194 0.0833333
0.5 0.375 -0.0833333
0.427067 0.315761 -0.166667
0.354134 0.256522 -0.0833333
0.419194 0.419194 -0.0833333
0.281202 0.197283 -0.166667
0.257583 0.257583 -0.0833333
0.37244 0.087328 -0.25
0.30866 0.068492 -0.333333
0.298227 0.134253 -0.25
0.5 0.125 -0.25
0.43622 0.106164 -0.333333
0.432742 0.211418 -0.25
0.5 0.125 -0.416667
0.43622 0.106164 -0.5
0.37244 0.087328 -0.416667
0.432742 0.211418 -0.416667
0.30866 0.068492 -0.5
0.298227 0.134253 -0.416667
0.354134 0.256522 -0.25
0.281202 0.197283 -0.333333
0.257583 0.257583 -0.25
0.5 0.375 -0.25
0.427067 0.315761 -0.333333
0.419194 0.419194 -0.25
0.5 0.375 -0.416667
0.427067 0.315761 -0.5
0.354134 0.256522 -0.416667
0.419194 0.419194 -0.416667
0.281202 0.197283 -0.5
0.257583 0.257583 -0.416667
0.197283 -0.281202 -0.5
0.256522 -0.354134 -0.416667
0.197283 -0.281202 -0.333333
0.134253 -0.298227 -0.416667
0.315761 -0.427067 -0.5
0.375 -0.5 -0.416667
0.315761 -0.427067 -0.333333
0.211418 -0.432742 -0.416667
0.375 -0.5 -0.25
0.315761 -0.427067 -0.166667
0.256522 -0.354134 -0.25
0.211418 -0.432742 -0.25
0.197283 -0.281202 -0.166667
0.134253 -0.298227 -0.25
0.068492 -0.30866 -0.5
0.087328 -0.37244 -0.416667
0.068492 -0.30866 -0.333333
-1.25538e-17 -0.3125 -0.416667
0.106164 -0.43622 -0.5
0.125 -0.5 -0.416667
0.106164 -0.43622 -0.333333
-4.1846e-18 -0.4375 -0.416667
0.125 -0.5 -0.25
0.106164 -0.43622 -0.166667
0.087328 -0.37244 -0.25
1.04083e-17 -0.4375 -0.25
0.068492 -0.30866 -0.166667
3.1225e-17 -0.3125 -0.25
0.256522 -0.354134 -0.0833333
0.197283 -0.281202 -1.66967e-17
0.134253 -0.298227 -0.0833333
0.375 -0.5 -0.0833333
0.315761 -0.427067 4.11997e-18
0.211418 -0.432742 -0.0833333
0.375 -0.5 0.0833333
0.315761 -0.427067 0.166667
0.256522 -0.354134 0.0833333
0.211418 -0.432742 0.0833333
0.197283 -0.281202 0.166667
0.134253 -0.298227 0.0833333
0.087328 -0.37244 -0.0833333
0.068492 -0.30866 -2.62377e-17
4.27061e-17 -0.3125 -0.0833333
0.125 -0.5 -0.0833333
0.106164 -0.43622 -1.92988e-17
1.42354e-17 -0.4375 -0.0833333
0.125 -0.5 0.0833333
0.106164 -0.43622 0.166667
0.087328 -0.37244 0.0833333
7.29647e-18 -0.4375 0.0833333
0.068492 -0.30866 0.166667
2.18894e-17 -0.3125 0.0833333
0.256522 -0.354134 0.25
0.197283 -0.281202 0.333333
0.134253 -0.298227 0.25
0.375 -0.5 0.25
0.315761 -0.427067 0.333333
0.211418 -0.432742 0.25
0.375 -0.5 0.416667
0.315761 -0.427067 0.5
0.256522 -0.354134 0.416667
0.211418 -0.432742 0.416667
0.197283 -0.281202 0.5
0.134253 -0.298227 0.416667
0.087328 -0.37244 0.25
0.068492 -0.30866 0.333333
1.14811e-17 -0.3125 0.25
0.125 -0.5 0.25
0.106164 -0.43622 0.333333
3.82702e-18 -0.4375 0.25
0.125 -0.5 0.416667
0.106164 -0.43622 0.5
0.087328 -0.37244 0.416667
3.82702e-18 -0.4375 0.416667
0.068492 -0.30866 0.5
1.14811e-17 -0.3125 0.416667
-0.068492 -0.30866 -0.5
-0.087328 -0.37244 -0.416667
-0.068492 -0.30866 -0.333333
-0.134253 -0.298227 -0.416667
-0.106164 -0.43622 -0.5
-0.125 -0.5 -0.416667
-0.106164 -0.43622 -0.333333
-0.211418 -0.432742 -0.416667
-0.125 -0.5 -0.25
-0.106164 -0.43622 -0.166667
-0.087328 -0.37244 -0.25
-0.211418 -0.432742 -0.25
-0.068492 -0.30866 -0.166667
-0.134253 -0.298227 -0.25
-0.197283 -0.281202 -0.5
-0.256522 -0.354134 -0.416667
-0.197283 -0.281202 -0.333333
-0.257583 -0.257583 -0.416667
-0.315761 -0.427067 -0.5
-0.375 -0.5 -0.416667
-0.315761 -0.427067 -0.333333
-0.419194 -0.419194 -0.416667
-0.375 -0.5 -0.25
-0.315761 -0.427067 -0.166667
-0.256522 -0.354134 -0.25
-0.419194 -0.419194 -0.25
-0.197283 -0.281202 -0.166667
-0.257583 -0.257583 -0.25
-0.087328 -0.37244 -0.0833333
-0.068492 -0.30866 -1.97325e-17
-0.134253 -0.298227 -0.0833333
-0.125 -0.5 -0.0833333
-0.106164 -0.43622 -1.97325e-17
-0.211418 -0.432742 -0.0833333
-0.125 -0.5 0.0833333
-0.106164 -0.43622 0.166667
-0.087328 -0.37244 0.0833333
-0.211418 -0.432742 0.0833333
-0.068492 -0.30866 0.166667
-0.134253 -0.298227 0.0833333
-0.256522 -0.354134 -0.0833333
-0.197283 -0.281202 1.06252e-17
-0.257583 -0.257583 -0.0833333
-0.375 -0.5 -0.0833333
-0.315761 -0.427067 1.06252e-17
-0.419194 -0.419194 -0.0833333
-0.375 -0.5 0.0833333
-0.315761 -0.427067 0.166667
-0.256522 -0.354134 0.0833333
-0.419194 -0.419194 0.0833333
-0.197283 -0.281202 0.166667
-0.257583 -0.257583 0.0833333
-0.087328 -0.37244 0.25
-0.068492 -0.30866 0.333333
-0.134253 -0.298227 0.25
-0.125 -0.5 0.25
-0.106164 -0.43622 0.333333
-0.211418 -0.432742 0.25
-0.125 -0.5 0.416667
-0.106164 -0.43622 0.5
-0.087328 -0.37244 0.416667
-0.211418 -0.432742 0.416667
-0.068492 -0.30866 0.5
-0.134253 -0.298227 0.416667
-0.256522 -0.354134 0.25
-0.197283 -0.281202 0.333333
-0.257583 -0.257583 0.25
-0.375 -0.5 0.25
-0.315761 -0.427067 0.333333
-0.419194 -0.419194 0.25
-0.375 -0.5 0.416667
-0.315761 -0.427067 0.5
-0.256522 -0.354134 0.416667
-0.419194 -0.419194 0.416667
-0.197283 -0.281202 0.5
-0.257583 -0.257583 0.416667
-0.5 -0.375 -0.416667
-0.427067 -0.315761 -0.5
-0.432742 -0.211418 -0.416667
-0.427067 -0.315761 -0.333333
-0.354134 -0.256522 -0.416667
-0.5 -0.125 -0.416667
-0.43622 -0.106164 -0.5
-0.4375 -3.11187e-18 -0.416667
-0.43622 -0.106164 -0.333333
-0.37244 -0.087328 -0.416667
-0.5 -0.125 -0.25
-0.4375 -2.46437e-17 -0.25
-0.43622 -0.106164 -0.166667
-0.432742 -0.211418 -0.25
-0.37244 -0.087328 -0.25
-0.5 -0.375 -0.25
-0.427067 -0.315761 -0.166667
-0.354134 -0.256522 -0.25
-0.281202 -0.197283 -0.5
-0.298227 -0.134253 -0.416667
-0.281202 -0.197283 -0.333333
-0.30866 -0.068492 -0.5
-0.3125 -9.33562e-18 -0.416667
-0.30866 -0.068492 -0.333333
-0.3125 -7.39311e-17 -0.25
-0.30866 -0.068492 -0.166667
-0.298227 -0.134253 -0.25
-0.281202 -0.197283 -0.166667
-0.5 0.125 -0.416667
-0.43622 0.106164 -0.5
-0.432742 0.211418 -0.416667
-0.43622 0.106164 -0.333333
-0.37244 0.087328 -0.416667
-0.5 0.375 -0.416667
-0.427067 0.315761 -0.5
-0.419194 0.419194 -0.416667
-0.427067 0.315761 -0.333333
-0.354134 0.256522 -0.416667
-0.5 0.375 -0.25
-0.419194 0.419194 -0.25
-0.427067 0.315761 -0.166667
-0.432742 0.211418 -0.25
-0.354134 0.256522 -0.25
-0.5 0.125 -0.25
-0.43622 0.106164 -0.166667
-0.37244 0.087328 -0.25
-0.30866 0.068492 -0.5
-0.298227 0.134253 -0.416667
-0.30866 0.068492 -0.333333
-0.281202 0.197283 -0.5
-0.257583 0.257583 -0.416667
-0.281202 0.197283 -0.333333
-0.257583 0.257583 -0.25
-0.281202 0.197283 -0.166667
-0.298227 0.134253 -0.25
-0.30866 0.068492 -0.166667
-0.5 -0.375 -0.0833333
-0.432742 -0.211418 -0.0833333
-0.427067 -0.315761 1.77809e-17
-0.354134 -0.256522 -0.0833333
-0.5 -0.125 -0.0833333
-0.4375 -2.84707e-17 -0.0833333
-0.43622 -0.106164 -9.97466e-18
-0.37244 -0.087328 -0.0833333
-0.5 -0.125 0.0833333
-0.4375 -1.45929e-17 0.0833333
-0.43622 -0.106164 0.166667
-0.432742 -0.211418 0.0833333
-0.37244 -0.087328 0.0833333
-0.5 -0.375 0.0833333
-0.427067 -0.315761 0.166667
-0.354134 -0.256522 0.0833333
-0.298227 -0.134253 -0.0833333
-0.281202 -0.197283 1.77809e-17
-0.3125 -8.54122e-17 -0.0833333
-0.30866 -0.068492 -9.97466e-18
-0.3125 -4.37788e-17 0.0833333
-0.30866 -0.068492 0.166667
-0.298227 -0.134253 0.0833333
-0.281202 -0.197283 0.166667
-0.5 0.125 -0.0833333
-0.432742 0.211418 -0.0833333
-0.43622 0.106164 -9.97466e-18
-0.37244 0.087328 -0.0833333
-0.5 0.375 -0.0833333
-0.419194 0.419194 -0.0833333
-0.427067 0.315761 1.77809e-17
-0.354134 0.256522 -0.0833333
-0.5 0.375 0.0833333
-0.419194 0.419194 0.0833333
-0.427067 0.315761 0.166667
-0.432742 0.211418 0.0833333
-0.354134 0.256522 0.0833333
-0.5 0.125 0.0833333
-0.43622 0.106164 0.166667
-0.37244 0.087328 0.0833333
-0.298227 0.134253 -0.0833333
-0.30866 0.068492 -9.97466e-18
-0.257583 0.257583 -0.0833333
-0.281202 0.197283 1.77809e-17
-0.257583 0.257583 0.0833333
-0.281202 0.197283 0.166667
-0.298227 0.134253 0.0833333
-0.30866 0.068492 0.166667
-0.5 -0.375 0.25
-0.432742 -0.211418 0.25
-0.427067 -0.315761 0.333333
-0.354134 -0.256522 0.25
-0.5 -0.125 0.25
-0.4375 -7.65404e-18 0.25
-0.43622 -0.106164 0.333333
-0.37244 -0.087328 0.25
-0.5 -0.125 0.416667
-0.4375 -7.65404e-18 0.416667
-0.43622 -0.106164 0.5
-0.432742 -0.211418 0.416667
-0.37244 -0.087328 0.416667
-0.5 -0.375 0.416667
-0.427067 -0.315761 0.5
-0.354134 -0.256522 0.416667
-0.298227 -0.134253 0.25
-0.281202 -0.197283 0.333333
-0.3125 -2.29621e-17 0.25
-0.30866 -0.068492 0.333333
-0.3125 -2.29621e-17 0.416667
-0.30866 -0.068492 0.5
-0.298227 -0.134253 0.416667
-0.281202 -0.197283 0.5
-0.5 0.125 0.25
-0.432742 0.211418 0.25
-0.43622 0.106164 0.333333
-0.37244 0.087328 0.25
-0.5 0.375 0.25
-0.419194 0.419194 0.25
-0.427067 0.315761 0.333333
-0.354134 0.256522 0.25
-0.5 0.375 0.416667
-0.419194 0.419194 0.416667
-0.427067 0.315761 0.5
-0.432742 0.211418 0.416667
-0.354134 0.256522 0.416667
-0.5 0.125 0.416667
-0.43622 0.106164 0.5
-0.37244 0.087328 0.416667
-0.298227 0.134253 0.25
-0.30866 0.068492 0.333333
-0.257583 0.257583 0.25
-0.281202 0.197283 0.333333
-0.257583 0.257583 0.416667
-0.281202 0.197283 0.5
-0.298227 0.134253 0.416667
-0.30866 0.068492 0.5
0.375 0.5 0.416667
0.315761 0.427067 0.5
0.211418 0.432742 0.416667
0.315761 0.427067 0.333333
0.256522 0.354134 0.416667
0.125 0.5 0.416667
0.106164 0.43622 0.5
7.29647e-18 0.4375 0.416667
0.106164 0.43622 0.333333
0.087328 0.37244 0.416667
0.125 0.5 0.25
1.42354e-17 0.4375 0.25
0.106164 0.43622 0.166667
0.211418 0.432742 0.25
0.087328 0.37244 0.25
0.375 0.5 0.25
0.315761 0.427067 0.166667
0.256522 0.354134 0.25
0.197283 0.281202 0.5
0.134253 0.298227 0.416667
0.197283 0.281202 0.333333
0.068492 0.30866 0.5
2.18894e-17 0.3125 0.416667
0.068492 0.30866 0.333333
4.27061e-17 0.3125 0.25
0.068492 0.30866 0.166667
0.134253 0.298227 0.25
0.197283 0.281202 0.166667
-0.125 0.5 0.416667
-0.106164 0.43622 0.5
-0.211418 0.432742 0.416667
-0.106164 0.43622 0.333333
-0.087328 0.37244 0.416667
-0.375 0.5 0.416667
-0.315761 0.427067 0.5
-0.315761 0.427067 0.333333
-0.256522 0.354134 0.416667
-0.375 0.5 0.25
-0.315761 0.427067 0.166667
-0.211418 0.432742 0.25
-0.256522 0.354134 0.25
-0.125 0.5 0.25
-0.106164 0.43622 0.166667
-0.087328 0.37244 0.25
-0.068492 0.30866 0.5
-0.134253 0.298227 0.416667
-0.068492 0.30866 0.333333
-0.197283 0.281202 0.5
-0.197283 0.281202 0.333333
-0.197283 0.281202 0.166667
-0.134253 0.298227 0.25
-0.068492 0.30866 0.166667
0.375 0.5 0.0833333
0.211418 0.432742 0.0833333
0.315761 0.427067 -2.1684e-19
0.256522 0.354134 0.0833333
0.125 0.5 0.0833333
7.29647e-18 0.4375 0.0833333
0.106164 0.43622 -1.92988e-17
0.087328 0.37244 0.0833333
0.125 0.5 -0.0833333
-1.35202e-17 0.4375 -0.0833333
0.106164 0.43622 -0.166667
0.211418 0.432742 -0.0833333
0.087328 0.37244 -0.0833333
0.375 0.5 -0.0833333
0.315761 0.427067 -0.166667
0.256522 0.354134 -0.0833333
0.134253 0.298227 0.0833333
0.197283 0.281202 -2.4503e-17
2.18894e-17 0.3125 0.0833333
0.068492 0.30866 -2.62377e-17
-4.05606e-17 0.3125 -0.0833333
0.068492 0.30866 -0.166667
0.134253 0.298227 -0.0833333
0.197283 0.281202 -0.166667
-0.125 0.5 0.0833333
-0.211418 0.432742 0.0833333
-0.106164 0.43622 -1.64799e-17
-0.087328 0.37244 0.0833333
-0.375 0.5 0.0833333
-0.315761 0.427067 9.54098e-18
-0.256522 0.354134 0.0833333
-0.375 0.5 -0.0833333
-0.315761 0.427067 -0.166667
-0.211418 0.432742 -0.0833333
-0.256522 0.354134 -0.0833333
-0.125 0.5 -0.0833333
-0.106164 0.43622 -0.166667
-0.087328 0.37244 -0.0833333
-0.134253 0.298227 0.0833333
-0.068492 0.30866 -6.07153e-18
-0.197283 0.281202 1.64799e-17
-0.197283 0.281202 -0.166667
-0.134253 0.298227 -0.0833333
-0.068492 0.30866 -0.166667
0.375 0.5 -0.25
0.211418 0.432742 -0.25
0.315761 0.427067 -0.333333
0.256522 0.354134 -0.25
0.125 0.5 -0.25
-1.69897e-17 0.4375 -0.25
0.106164 0.43622 -0.333333
0.087328 0.37244 -0.25
0.125 0.5 -0.416667
-3.11187e-18 0.4375 -0.416667
0.106164 0.43622 -0.5
0.211418 0.432742 -0.416667
0.087328 0.37244 -0.416667
0.375 0.5 -0.416667
0.315761 0.427067 -0.5
0.256522 0.354134 -0.416667
0.134253 0.298227 -0.25
0.197283 0.281202 -0.333333
-5.0969e-17 0.3125 -0.25
0.068492 0.30866 -0.333333
-9.33562e-18 0.3125 -0.416667
0.068492 0.30866 -0.5
0.134253 0.298227 -0.416667
0.197283 0.281202 -0.5
-0.125 0.5 -0.25
-0.211418 0.432742 -0.25
-0.106164 0.43622 -0.333333
-0.087328 0.37244 -0.25
-0.375 0.5 -0.25
-0.315761 0.427067 -0.333333
-0.256522 0.354134 -0.25
-0.375 0.5 -0.416667
-0.315761 0.427067 -0.5
-0.211418 0.432742 -0.416667
-0.256522 0.354134 -0.416667
-0.125 0.5 -0.416667
-0.106164 0.43622 -0.5
-0.087328 0.37244 -0.416667
-0.134253 0.298227 -0.25
-0.068492 0.30866 -0.333333
-0.197283 0.281202 -0.333333
-0.197283 0.281202 -0.5
-0.134253 0.298227 -0.416667
-0.068492 0.30866 -0.5
-0.0842295 0.128459 -0.25
-0.120106 0.181666 -0.25
-0.0427663 0.215858 -0.25
-0.0289868 0.157814 -0.25
-0.0842295 0.128459 -0.416667
-0.120106 0.181666 -0.416667
-0.0427663 0.215858 -0.416667
-0.0289868 0.157814 -0.416667
0.0441942 0.0819163 -0.25
-1.88949e-16 0.0420368 -0.25
-0.0441942 0.0819163 -0.25
-5.53756e-17 0.113166 -0.25
0.0441942 0.0819163 -0.416667
-3.70526e-17 0.0420368 -0.416667
-0.0441942 0.0819163 -0.416667
-9.25638e-17 0.113166 -0.416667
0.0427663 0.215858 -0.25
0.120106 0.181666 -0.25
0.0842295 0.128459 -0.25
0.0289868 0.157814 -0.25
0.0427663 0.215858 -0.416667
0.120106 0.181666 -0.416667
0.0842295 0.128459 -0.416667
0.0289868 0.157814 -0.416667
-0.0842295 0.128459 0.0833333
-0.120106 0.181666 0.0833333
-0.0427663 0.215858 0.0833333
-0.0289868 0.157814 0.0833333
-0.0842295 0.128459 -0.0833333
-0.120106 0.181666 -0.0833333
-0.0427663 0.215858 -0.0833333
-0.0289868 0.157814 -0.0833333
0.0441942 0.0819163 0.0833333
-8.99888e-17 0.0420368 0.0833333
-0.0441942 0.0819163 0.0833333
-2.8688e-16 0.113166 0.0833333
0.0441942 0.0819163 -0.0833333
-9.5193e-17 0.0420368 -0.0833333
-0.0441942 0.0819163 -0.0833333
-2.93819e-16 0.113166 -0.0833333
0.0427663 0.215858 0.0833333
0.120106 0.181666 0.0833333
0.0842295 0.128459 0.0833333
0.0289868 0.157814 0.0833333
0.0427663 0.215858 -0.0833333
0.120106 0.181666 -0.0833333
0.0842295 0.128459 -0.0833333
0.0289868 0.157814 -0.0833333
-0.0842295 0.128459 0.416667
-0.120106 0.181666 0.416667
-0.0427663 0.215858 0.416667
-0.0289868 0.157814 0.416667
-0.0842295 0.128459 0.25
-0.120106 0.181666 0.25
-0.0427663 0.215858 0.25
-0.0289868 0.157814 0.25
0.0441942 0.0819163 0.416667
-3.65647e-17 0.0420368 0.416667
-0.0441942 0.0819163 0.416667
-9.03411e-17 0.113166 0.416667
0.0441942 0.0819163 0.25
-1.81848e-16 0.0420368 0.25
-0.0441942 0.0819163 0.25
-4.48047e-17 0.113166 0.25
0.0427663 0.215858 0.416667
0.120106 0.181666 0.416667
0.0842295 0.128459 0.416667
0.0289868 0.157814 0.416667
0.0427663 0.215858 0.25
0.120106 0.181666 0.25
0.0842295 0.128459 0.25
0.0289868 0.157814 0.25
-0.128459 0.0842295 0.25
-0.181666 0.120106 0.25
-0.215858 0.0427663 0.25
-0.157814 0.0289868 0.25
-0.128459 0.0842295 0.416667
-0.181666 0.120106 0.416667
-0.215858 0.0427663 0.416667
-0.157814 0.0289868 0.416667
-0.0819163 -0.0441942 0.25
-0.0420368 1.68973e-16 0.25
-0.0819163 0.0441942 0.25
-0.113166 -1.43277e-16 0.25
-0.0819163 -0.0441942 0.416667
-0.0420368 -3.85434e-17 0.416667
-0.0819163 0.0441942 0.416667
-0.113166 4.12539e-17 0.416667
-0.215858 -0.0427663 0.25
-0.181666 -0.120106 0.25
-0.128459 -0.0842295 0.25
-0.157814 -0.0289868 0.25
-0.215858 -0.0427663 0.416667
-0.181666 -0.120106 0.416667
-0.128459 -0.0842295 0.416667
-0.157814 -0.0289868 0.416667
-0.128459 0.0842295 -0.0833333
-0.181666 0.120106 -0.0833333
-0.215858 0.0427663 -0.0833333
-0.157814 0.0289868 -0.0833333
-0.128459 0.0842295 0.0833333
-0.181666 0.120106 0.0833333
-0.215858 0.0427663 0.0833333
-0.157814 0.0289868 0.0833333
-0.0819163 -0.0441942 -0.0833333
-0.0420368 3.03387e-16 -0.0833333
-0.0819163 0.0441942 -0.0833333
-0.113166 -1.91009e-16 -0.0833333
-0.0819163 -0.0441942 0.0833333
-0.0420368 3.05338e-16 0.0833333
-0.0819163 0.0441942 0.0833333
-0.113166 -1.89058e-16 0.0833333
-0.215858 -0.0427663 -0.0833333
-0.181666 -0.120106 -0.0833333
-0.128459 -0.0842295 -0.0833333
-0.157814 -0.0289868 -0.0833333
-0.215858 -0.0427663 0.0833333
-0.181666 -0.120106 0.0833333
-0.128459 -0.0842295 0.0833333
-0.157814 -0.0289868 0.0833333
-0.128459 0.0842295 -0.416667
-0.181666 0.120106 -0.416667
-0.215858 0.0427663 -0.416667
-0.157814 0.0289868 -0.416667
-0.128459 0.0842295 -0.25
-0.181666 0.120106 -0.25
-0.215858 0.0427663 -0.25
-0.157814 0.0289868 -0.25
-0.0819163 -0.0441942 -0.416667
-0.0420368 -3.45047e-17 -0.416667
-0.0819163 0.0441942 -0.416667
-0.113166 4.35578e-17 -0.416667
-0.0819163 -0.0441942 -0.25
-0.0420368 1.67699e-16 -0.25
-0.0819163 0.0441942 -0.25
-0.113166 -1.48021e-16 -0.25
-0.215858 -0.0427663 -0.416667
-0.181666 -0.120106 -0.416667
-0.128459 -0.0842295 -0.416667
-0.157814 -0.0289868 -0.416667
-0.215858 -0.0427663 -0.25
-0.181666 -0.120106 -0.25
-0.128459 -0.0842295 -0.25
-0.157814 -0.0289868 -0.25
0.0842295 -0.128459 -0.25
0.120106 -0.181666 -0.25
0.0427663 -0.215858 -0.25
0.0289868 -0.157814 -0.25
0.0842295 -0.128459 -0.416667
0.120106 -0.181666 -0.416667
0.0427663 -0.215858 -0.416667
0.0289868 -0.157814 -0.416667
-0.0441942 -0.0819163 -0.25
-2.98345e-16 -0.0420368 -0.25
0.0441942 -0.0819163 -0.25
-1.68241e-16 -0.113166 -0.25
-0.0441942 -0.0819163 -0.416667
-3.0149e-16 -0.0420368 -0.416667
0.0441942 -0.0819163 -0.416667
1.07607e-17 -0.113166 -0.416667
-0.0427663 -0.215858 -0.25
-0.120106 -0.181666 -0.25
-0.0842295 -0.128459 -0.25
-0.0289868 -0.157814 -0.25
-0.0427663 -0.215858 -0.416667
-0.120106 -0.181666 -0.416667
-0.0842295 -0.128459 -0.416667
-0.0289868 -0.157814 -0.416667
0.0842295 -0.128459 0.0833333
0.120106 -0.181666 0.0833333
0.0427663 -0.215858 0.0833333
0.0289868 -0.157814 0.0833333
0.0842295 -0.128459 -0.0833333
0.120106 -0.181666 -0.0833333
0.0427663 -0.215858 -0.0833333
0.0289868 -0.157814 -0.0833333
-0.0441942 -0.0819163 0.0833333
-2.29309e-16 -0.0420368 0.0833333
0.0441942 -0.0819163 0.0833333
-3.37729e-16 -0.113166 0.0833333
-0.0441942 -0.0819163 -0.0833333
-2.41886e-16 -0.0420368 -0.0833333
0.0441942 -0.0819163 -0.0833333
-3.5204e-16 -0.113166 -0.0833333
-0.0427663 -0.215858 0.0833333
-0.120106 -0.181666 0.0833333
-0.0842295 -0.128459 0.0833333
-0.0289868 -0.157814 0.0833333
-0.0427663 -0.215858 -0.0833333
-0.120106 -0.181666 -0.0833333
-0.0842295 -0.128459 -0.0833333
-0.0289868 -0.157814 -0.0833333
0.0842295 -0.128459 0.416667
0.120106 -0.181666 0.416667
0.0427663 -0.215858 0.416667
0.0289868 -0.157814 0.416667
0.0842295 -0.128459 0.25
0.120106 -0.181666 0.25
0.0427663 -0.215858 0.25
0.0289868 -0.157814 0.25
-0.0441942 -0.0819163 0.416667
-2.94849e-16 -0.0420368 0.416667
0.0441942 -0.0819163 0.416667
1.91362e-17 -0.113166 0.416667
-0.0441942 -0.0819163 0.25
-2.79128e-16 -0.0420368 0.25
0.0441942 -0.0819163 0.25
-1.50758e-16 -0.113166 0.25
-0.0427663 -0.215858 0.416667
-0.120106 -0.181666 0.416667
-0.0842295 -0.128459 0.416667
-0.0289868 -0.157814 0.416667
-0.0427663 -0.215858 0.25
-0.120106 -0.181666 0.25
-0.0842295 -0.128459 0.25
-0.0289868 -0.157814 0.25
0.128459 -0.0842295 0.25
0.181666 -0.120106 0.25
0.215858 -0.0427663 0.25
0.157814 -0.0289868 0.25
0.128459 -0.0842295 0.416667
0.181666 -0.120106 0.416667
0.215858 -0.0427663 0.416667
0.157814 -0.0289868 0.416667
0.0819163 0.0441942 0.25
0.0420368 5.87095e-17 0.25
0.0819163 -0.0441942 0.25
0.113166 2.74845e-17 0.25
0.0819163 0.0441942 0.416667
0.0420368 1.77267e-17 0.416667
0.0819163 -0.0441942 0.416667
0.113166 3.84892e-18 0.416667
0.215858 0.0427663 0.25
0.181666 0.120106 0.25
0.128459 0.0842295 0.25
0.157814 0.0289868 0.25
0.215858 0.0427663 0.416667
0.181666 0.120106 0.416667
0.128459 0.0842295 0.416667
0.157814 0.0289868 0.416667
0.128459 -0.0842295 -0.0833333
0.181666 -0.120106 -0.0833333
0.215858 -0.0427663 -0.0833333
0.157814 -0.0289868 -0.0833333
0.128459 -0.0842295 0.0833333
0.181666 -0.120106 0.0833333
0.215858 -0.0427663 0.0833333
0.157814 -0.0289868 0.0833333
0.0819163 0.0441942 -0.0833333
0.0420368 5.32885e-17 -0.0833333
0.0819163 -0.0441942 -0.0833333
0.113166 3.07371e-17 -0.0833333
0.0819163 0.0441942 0.0833333
0.0420368 5.14454e-17 0.0833333
0.0819163 -0.0441942 0.0833333
0.113166 2.71593e-17 0.0833333
0.215858 0.0427663 -0.0833333
0.181666 0.120106 -0.0833333
0.128459 0.0842295 -0.0833333
0.157814 0.0289868 -0.0833333
0.215858 0.0427663 0.0833333
0.181666 0.120106 0.0833333
0.128459 0.0842295 0.0833333
0.157814 0.0289868 0.0833333
0.128459 -0.0842295 -0.416667
0.181666 -0.120106 -0.416667
0.215858 -0.0427663 -0.416667
0.157814 -0.0289868 -0.416667
0.128459 -0.0842295 -0.25
0.181666 -0.120106 -0.25
0.215858 -0.0427663 -0.25
0.157814 -0.0289868 -0.25
0.0819163 0.0441942 -0.416667
0.0420368 2.03288e-17 -0.416667
0.0819163 -0.0441942 -0.416667
0.113166 8.18573e-18 -0.416667
0.0819163 0.0441942 -0.25
0.0420368 6.47811e-17 -0.25
0.0819163 -0.0441942 -0.25
0.113166 3.52908e-17 -0.25
0.215858 0.0427663 -0.416667
0.181666 0.120106 -0.416667
0.128459 0.0842295 -0.416667
0.157814 0.0289868 -0.416667
0.215858 0.0427663 -0.25
0.181666 0.120106 -0.25
0.128459 0.0842295 -0.25
0.157814 0.0289868 -0.25
0.281202 -0.197283 0.416667
0.427067 -0.315761 0.416667
0.427067 -0.315761 0.25
0.281202 -0.197283 0.25
0.30866 -0.068492 0.416667
0.43622 -0.106164 0.416667
0.43622 -0.106164 0.25
0.30866 -0.068492 0.25
0.281202 -0.197283 0.0833333
0.427067 -0.315761 0.0833333
0.427067 -0.315761 -0.0833333
0.281202 -0.197283 -0.0833333
0.30866 -0.068492 0.0833333
0.43622 -0.106164 0.0833333
0.43622 -0.106164 -0.0833333
0.30866 -0.068492 -0.0833333
0.281202 -0.197283 -0.25
0.427067 -0.315761 -0.25
0.427067 -0.315761 -0.416667
0.281202 -0.197283 -0.416667
0.30866 -0.068492 -0.25
0.43622 -0.106164 -0.25
0.43622 -0.106164 -0.416667
0.30866 -0.068492 -0.416667
0.30866 0.068492 0.416667
0.43622 0.106164 0.416667
0.43622 0.106164 0.25
0.30866 0.068492 0.25
0.281202 0.197283 0.416667
0.427067 0.315761 0.416667
0.427067 0.315761 0.25
0.281202 0.197283 0.25
0.30866 0.068492 0.0833333
0.43622 0.106164 0.0833333
0.43622 0.106164 -0.0833333
0.30866 0.068492 -0.0833333
0.281202 0.197283 0.0833333
0.427067 0.315761 0.0833333
0.427067 0.315761 -0.0833333
0.281202 0.197283 -0.0833333
0.30866 0.068492 -0.25
0.43622 0.106164 -0.25
0.43622 0.106164 -0.416667
0.30866 0.068492 -0.416667
0.281202 0.197283 -0.25
0.427067 0.315761 -0.25
0.427067 0.315761 -0.416667
0.281202 0.197283 -0.416667
0.197283 -0.281202 -0.416667
0.315761 -0.427067 -0.416667
0.315761 -0.427067 -0.25
0.197283 -0.281202 -0.25
0.068492 -0.30866 -0.416667
0.106164 -0.43622 -0.416667
0.106164 -0.43622 -0.25
0.068492 -0.30866 -0.25
0.197283 -0.281202 -0.0833333
0.315761 -0.427067 -0.0833333
0.315761 -0.427067 0.0833333
0.197283 -0.281202 0.0833333
0.068492 -0.30866 -0.0833333
0.106164 -0.43622 -0.0833333
0.106164 -0.43622 0.0833333
0.068492 -0.30866 0.0833333
0.197283 -0.281202 0.25
0.315761 -0.427067 0.25
0.315761 -0.427067 0.416667
0.197283 -0.281202 0.416667
0.068492 -0.30866 0.25
0.106164 -0.43622 0.25
0.106164 -0.43622 0.416667
0.068492 -0.30866 0.416667
-0.068492 -0.30866 -0.416667
-0.106164 -0.43622 -0.416667
-0.106164 -0.43622 -0.25
-0.068492 -0.30866 -0.25
-0.197283 -0.281202 -0.416667
-0.315761 -0.427067 -0.416667
-0.315761 -0.427067 -0.25
-0.197283 -0.281202 -0.25
-0.068492 -0.30866 -0.0833333
-0.106164 -0.43622 -0.0833333
-0.106164 -0.43622 0.0833333
-0.068492 -0.30866 0.0833333
-0.197283 -0.281202 -0.0833333
-0.315761 -0.427067 -0.0833333
-0.315761 -0.427067 0.0833333
-0.197283 -0.281202 0.0833333
-0.068492 -0.30866 0.25
-0.106164 -0.43622 0.25
-0.106164 -0.43622 0.416667
-0.068492 -0.30866 0.416667
-0.197283 -0.281202 0.25
-0.315761 -0.427067 0.25
-0.315761 -0.427067 0.416667
-0.197283 -0.281202 0.416667
-0.427067 -0.315761 -0.416667
-0.43622 -0.106164 -0.416667
-0.43622 -0.106164 -0.25
-0.427067 -0.315761 -0.25
-0.281202 -0.197283 -0.416667
-0.30866 -0.068492 -0.416667
-0.30866 -0.068492 -0.25
-0.281202 -0.197283 -0.25
-0.43622 0.106164 -0.416667
-0.427067 0.315761 -0.416667
-0.427067 0.315761 -0.25
-0.43622 0.106164 -0.25
-0.30866 0.068492 -0.416667
-0.281202 0.197283 -0.416667
-0.281202 0.197283 -0.25
-0.30866 0.068492 -0.25
-0.427067 -0.315761 -0.0833333
-0.43622 -0.106164 -0.0833333
-0.43622 -0.106164 0.0833333
-0.427067 -0.315761 0.0833333
-0.281202 -0.197283 -0.0833333
-0.30866 -0.068492 -0.0833333
-0.30866 -0.068492 0.0833333
-0.281202 -0.197283 0.0833333
-0.43622 0.106164 -0.0833333
-0.427067 0.315761 -0.0833333
-0.427067 0.315761 0.0833333
-0.43622 0.106164 0.0833333
-0.30866 0.068492 -0.0833333
-0.281202 0.197283 -0.0833333
-0.281202 0.197283 0.0833333
-0.30866 0.068492 0.0833333
-0.427067 -0.315761 0.25
-0.43622 -0.106164 0.25
-0.43622 -0.106164 0.416667
-0.427067 -0.315761 0.416667
-0.281202 -0.197283 0.25
-0.30866 -0.068492 0.25
-0.30866 -0.068492 0.416667
-0.281202 -0.197283 0.416667
-0.43622 0.106164 0.25
-0.427067 0.315761 0.25
-0.427067 0.315761 0.416667
-0.43622 0.106164 0.416667
-0.30866 0.068492 0.25
-0.281202 0.197283 0.25
-0.281202 0.197283 0.416667
-0.30866 0.068492 0.416667
0.315761 0.427067 0.416667
0.106164 0.43622 0.416667
0.106164 0.43622 0.25
0.315761 0.427067 0.25
0.197283 0.281202 0.416667
0.068492 0.30866 0.416667
0.068492 0.30866 0.25
0.197283 0.281202 0.25
-0.106164 0.43622 0.416667
-0.315761 0.427067 0.416667
-0.315761 0.427067 0.25
-0.106164 0.43622 0.25
-0.068492 0.30866 0.416667
-0.197283 0.281202 0.416667
-0.197283 0.281202 0.25
-0.068492 0.30866 0.25
0.315761 0.427067 0.0833333
0.106164 0.43622 0.0833333
0.106164 0.43622 -0.0833333
0.315761 0.427067 -0.0833333
0.197283 0.281202 0.0833333
0.068492 0.30866 0.0833333
0.068492 0.30866 -0.0833333
0.197283 0.281202 -0.0833333
-0.106164 0.43622 0.0833333
-0.315761 0.427067 0.0833333
-0.315761 0.427067 -0.0833333
-0.106164 0.43622 -0.0833333
-0.068492 0.30866 0.0833333
-0.197283 0.281202 0.0833333
-0.197283 0.281202 -0.0833333
-0.068492 0.30866 -0.0833333
0.315761 0.427067 -0.25
0.106164 0.43622 -0.25
0.106164 0.43622 -0.416667
0.315761 0.427067 -0.416667
0.197283 0.281202 -0.25
0.068492 0.30866 -0.25
0.068492 0.30866 -0.416667
0.197283 0.281202 -0.416667
-0.106164 0.43622 -0.25
-0.315761 0.427067 -0.25
-0.315761 0.427067 -0.416667
-0.106164 0.43622 -0.416667
-0.068492 0.30866 -0.25
-0.197283 0.281202 -0.25
-0.197283 0.281202 -0.416667
-0.068492 0.30866 -0.416667
