8 8 0.048876213264730801
8 28 0.0081460355441216777
8 29 0.0020946948542025505
8 30 -0.00011637193634471181
8 9 -0.00034911580903382495
8 55 0.0081460355441216829
8 118 -0.0040730177720607851
8 119 -0.0024438106632365241
8 120 -0.001221905331618279
8 52 -0.0004073017772060944
8 56 0.0020946948542025488
8 115 -0.0024438106632365254
8 116 -0.0013465895491303417
8 117 -0.0006234210875603473
8 53 -0.00019450737931882821
8 57 -0.00011637193634471307
8 112 -0.0012219053316182794
8 113 -0.0006234210875603473
8 114 -0.00026599299735908144
8 54 -7.6472986740735814e-05
8 11 -0.00034911580903382539
8 33 -0.00040730177720609462
8 32 -0.00019450737931882823
8 31 -7.6472986740735787e-05
8 10 -1.9949474801931036e-05
8 76 0.0081460355441216811
8 121 -0.0040730177720607877
8 122 -0.0024438106632365241
8 123 -0.0012219053316182805
8 79 -0.00040730177720609462
8 150 -0.004073017772060792
8 328 -0.00610952665809109
8 329 -0.0029674843767871178
8 330 -0.001192812347532085
8 130 -0.00032002282494763461
8 149 -0.0024438106632365258
8 331 -0.002967484376787117
8 332 -0.0014214000796375277
8 333 -0.00056107897880428904
8 131 -0.00014712737666423666
8 148 -0.0012219053316182803
8 334 -0.0011928123475320848
8 335 -0.00056107897880428926
8 336 -0.00021611931035424536
8 132 -5.4861055705308607e-05
8 85 -0.00040730177720609478
8 141 -0.00032002282494763472
8 140 -0.00014712737666423674
8 139 -5.486105570530862e-05
8 82 -1.3299649867953631e-05
8 77 0.0020946948542025418
8 124 -0.0024438106632365258
8 125 -0.0013465895491303419
8 126 -0.00062342108756034719
8 80 -0.00019450737931882826
8 153 -0.0024438106632365258
8 337 -0.0029674843767871161
8 338 -0.0014214000796375277
8 339 -0.00056107897880428948
8 133 -0.0001471273766642366
8 152 -0.0013465895491303424
8 340 -0.0014214000796375281
8 341 -0.00067329477456514234
8 342 -0.00026183685677533432
8 134 -6.7329477456514746e-05
8 151 -0.00062342108756034697
8 343 -0.00056107897880428969
8 344 -0.00026183685677533437
8 345 -9.9747374009650987e-05
8 135 -2.4936843502412828e-05
8 86 -0.00019450737931882826
8 144 -0.00014712737666423663
8 143 -6.7329477456514746e-05
8 142 -2.4936843502412828e-05
8 83 -5.9848424405790907e-06
8 78 -0.00011637193634471754
8 127 -0.0012219053316182801
8 128 -0.00062342108756034708
8 129 -0.0002659929973590815
8 81 -7.6472986740735787e-05
8 156 -0.0012219053316182803
8 346 -0.0011928123475320837
8 347 -0.00056107897880428948
8 348 -0.0002161193103542452
8 136 -5.4861055705308566e-05
8 155 -0.00062342108756034719
8 349 -0.00056107897880428926
8 350 -0.00026183685677533421
8 351 -9.9747374009651055e-05
8 137 -2.4936843502412821e-05
8 154 -0.0002659929973590815
8 352 -0.0002161193103542452
8 353 -9.9747374009651082e-05
8 354 -3.7405265253619157e-05
8 138 -9.1435092842180102e-06
8 87 -7.647298674073576e-05
8 147 -5.4861055705308573e-05
8 146 -2.4936843502412831e-05
8 145 -9.1435092842180119e-06
8 84 -2.1611931035424444e-06
8 12 -0.00034911580903382663
8 34 -0.00040730177720609483
8 35 -0.00019450737931882826
8 36 -7.6472986740735814e-05
8 13 -1.9949474801931033e-05
8 61 -0.00040730177720609494
8 157 -0.00032002282494763483
8 158 -0.00014712737666423671
8 159 -5.4861055705308613e-05
8 58 -1.3299649867953626e-05
8 62 -0.00019450737931882831
8 160 -0.00014712737666423668
8 161 -6.7329477456514773e-05
8 162 -2.4936843502412845e-05
8 59 -5.9848424405790881e-06
8 63 -7.6472986740735814e-05
8 163 -5.48610557053086e-05
8 164 -2.4936843502412838e-05
8 165 -9.1435092842180204e-06
8 60 -2.1611931035424431e-06
8 15 -1.994947480193103e-05
8 39 -1.3299649867953622e-05
8 38 -5.9848424405790873e-06
8 37 -2.1611931035424439e-06
8 14 -4.9873687004825611e-07
28 8 0.0081460355441216777
28 28 0.028394752468081253
28 29 0.01640844302458783
28 30 0.0058185968172295858
28 9 -0.00011637193634471304
28 55 -0.0040730177720607903
28 118 0.0048876213264730083
28 119 0.0012219053316182597
28 120 -0.00081460355441219628
28 52 -0.0012219053316182792
28 56 -0.0024438106632365254
28 115 0.0012967158621254083
28 116 -7.481053050728808e-05
28 117 -0.00066830740586471004
28 53 -0.00062342108756034741
28 57 -0.0012219053316182794
28 112 -3.3249124669937744e-05
28 113 -0.00037405265253623142
28 114 -0.00040896423343959605
28 54 -0.00026599299735908144
28 11 -0.00040730177720609456
28 33 -0.00019284492308534504
28 32 -0.00021445685412076361
28 31 -0.00015627088594846159
28 10 -7.6472986740735801e-05
28 76 -0.0040730177720607868
28 121 0.0048876213264730031
28 122 0.0012219053316182545
28 123 -0.00081460355441219932
28 79 -0.0012219053316182803
28 150 -0.00610952665809109
28 328 -0.0022110667905471792
28 329 -0.0028802054245285992
28 330 -0.0022692527587195362
28 130 -0.001192812347532085
28 149 -0.0029674843767871165
28 331 -0.0013465895491302773
28 332 -0.0015336158753983659
28 333 -0.0011321326950095327
28 131 -0.00056107897880428904
28 148 -0.001192812347532085
28 334 -0.00068160705573262271
28 335 -0.00068576319631635178
28 336 -0.00047047511407885529
28 132 -0.00021611931035424534
28 85 -0.00032002282494763483
28 141 -0.00022941896022220189
28 140 -0.00020697580107002772
28 139 -0.00013133404244604146
28 82 -5.4861055705308634e-05
28 77 -0.002443810663236525
28 124 0.0012967158621254066
28 125 -7.4810530507288161e-05
28 126 -0.00066830740586471026
28 80 -0.00062342108756034697
28 153 -0.0029674843767871178
28 337 -0.0013465895491302775
28 338 -0.0015336158753983648
28 339 -0.0011321326950095331
28 133 -0.00056107897880428948
28 152 -0.0014214000796375285
28 340 -0.00074810530507238467
28 341 -0.00078551057032599477
28 342 -0.00055359792575356047
28 134 -0.00026183685677533437
28 151 -0.00056107897880428958
28 343 -0.00034911580903378272
28 344 -0.00033664738728257182
28 345 -0.0002244315915217144
28 135 -9.9747374009651001e-05
28 86 -0.00014712737666423666
28 144 -0.00010972211141061786
28 143 -9.725368965941024e-05
28 142 -6.0845898145887237e-05
28 83 -2.4936843502412831e-05
28 78 -0.0012219053316182798
28 127 -3.3249124669938584e-05
28 128 -0.00037405265253623158
28 129 -0.00040896423343959594
28 81 -0.00026599299735908139
28 156 -0.0011928123475320842
28 346 -0.0006816070557326226
28 347 -0.00068576319631635091
28 348 -0.00047047511407885475
28 136 -0.0002161193103542452
28 155 -0.00056107897880428926
28 349 -0.00034911580903378283
28 350 -0.00033664738728257182
28 351 -0.00022443159152171438
28 137 -9.9747374009651095e-05
28 154 -0.0002161193103542452
28 352 -0.0001496210610144788
28 353 -0.00013715263926327047
28 354 -8.8110180375191652e-05
28 138 -3.7405265253619164e-05
28 87 -5.4861055705308566e-05
28 147 -4.3223862070849414e-05
28 146 -3.7405265253619286e-05
28 145 -2.2941896022219724e-05
28 84 -9.1435092842180136e-06
28 12 -0.00040730177720609494
28 34 -0.00019284492308534523
28 35 -0.00021445685412076367
28 36 -0.00015627088594846161
28 13 -7.6472986740735814e-05
28 61 -0.00032002282494763488
28 157 -0.00022941896022220186
28 158 -0.0002069758010700277
28 159 -0.00013133404244604143
28 58 -5.486105570530862e-05
28 62 -0.00014712737666423674
28 160 -0.00010972211141061793
28 161 -9.7253689659410213e-05
28 162 -6.0845898145887237e-05
28 59 -2.4936843502412838e-05
28 63 -5.48610557053086e-05
28 163 -4.3223862070849421e-05
28 164 -3.7405265253619279e-05
28 165 -2.2941896022219745e-05
28 60 -9.1435092842180187e-06
28 15 -1.3299649867953619e-05
28 39 -1.130470238776061e-05
28 38 -9.4760005309168772e-06
28 37 -5.6523511938802347e-06
28 14 -2.1611931035424431e-06
29 8 0.0020946948542025505
29 28 0.01640844302458783
29 29 0.021645180160094656
29 30 0.01640844302458782
29 9 0.0020946948542025466
29 55 -0.0024438106632365245
29 118 0.0012219053316182592
29 119 0.0024438106632365449
29 120 0.0012219053316182577
29 52 -0.0024438106632365245
29 56 -0.0013465895491303419
29 115 -7.481053050728831e-05
29 116 0.00032916633423180899
29 117 -7.4810530507288513e-05
29 53 -0.0013465895491303417
29 57 -0.00062342108756034741
29 112 -0.00037405265253623147
29 113 -0.00030921685942995913
29 114 -0.00037405265253623158
29 54 -0.0006234210875603473
29 11 -0.00019450737931882821
29 33 -0.00021445685412076356
29 32 -0.00022941896022221235
29 31 -0.00021445685412076369
29 10 -0.00019450737931882826
29 76 -0.0024438106632365254
29 121 0.001221905331618254
29 122 0.002443810663236538
29 123 0.0012219053316182527
29 79 -0.0024438106632365237
29 150 -0.0029674843767871178
29 328 -0.0028802054245285992
29 329 -0.0029674843767870038
29 330 -0.0028802054245286
29 130 -0.0029674843767871157
29 149 -0.0014214000796375277
29 331 -0.0015336158753983661
29 332 -0.0016308695650577606
29 333 -0.0015336158753983665
29 131 -0.0014214000796375272
29 148 -0.00056107897880428926
29 334 -0.000685763196316352
29 335 -0.0007530926737728625
29 336 -0.000685763196316352
29 132 -0.00056107897880428937
29 85 -0.00014712737666423674
29 141 -0.00020697580107002772
29 140 -0.00023440632892268113
29 139 -0.00020697580107002775
29 82 -0.00014712737666423671
29 77 -0.0013465895491303419
29 124 -7.4810530507288269e-05
29 125 0.00032916633423180942
29 126 -7.4810530507288093e-05
29 80 -0.0013465895491303408
29 153 -0.0014214000796375277
29 337 -0.0015336158753983648
29 338 -0.0016308695650577593
29 339 -0.0015336158753983646
29 133 -0.001421400079637527
29 152 -0.00067329477456514245
29 340 -0.00078551057032599499
29 341 -0.00085284004778250397
29 342 -0.00078551057032599499
29 134 -0.00067329477456514223
29 151 -0.00026183685677533432
29 343 -0.00033664738728257182
29 344 -0.00037405265253618946
29 345 -0.00033664738728257193
29 135 -0.00026183685677533421
29 86 -6.7329477456514733e-05
29 144 -9.725368965941024e-05
29 143 -0.00011071958515071271
29 142 -9.7253689659410267e-05
29 83 -6.7329477456514733e-05
29 78 -0.00062342108756034708
29 127 -0.00037405265253623158
29 128 -0.00030921685942995886
29 129 -0.00037405265253623142
29 81 -0.00062342108756034654
29 156 -0.00056107897880428958
29 346 -0.00068576319631635102
29 347 -0.00075309267377286131
29 348 -0.00068576319631635091
29 136 -0.00056107897880428948
29 155 -0.00026183685677533426
29 349 -0.00033664738728257182
29 350 -0.00037405265253618957
29 351 -0.00033664738728257193
29 137 -0.00026183685677533421
29 154 -9.9747374009651082e-05
29 352 -0.00013715263926327047
29 353 -0.00015460842971495883
29 354 -0.0001371526392632705
29 138 -9.9747374009651068e-05
29 87 -2.4936843502412828e-05
29 147 -3.7405265253619286e-05
29 146 -4.2891370824149985e-05
29 145 -3.7405265253619286e-05
29 84 -2.4936843502412825e-05
29 12 -0.00019450737931882826
29 34 -0.00021445685412076364
29 35 -0.00022941896022221235
29 36 -0.00021445685412076372
29 13 -0.00019450737931882823
29 61 -0.00014712737666423671
29 157 -0.00020697580107002767
29 158 -0.00023440632892268105
29 159 -0.0002069758010700277
29 58 -0.00014712737666423674
29 62 -6.7329477456514773e-05
29 160 -9.7253689659410213e-05
29 161 -0.00011071958515071275
29 162 -9.7253689659410254e-05
29 59 -6.732947745651476e-05
29 63 -2.4936843502412838e-05
29 163 -3.7405265253619279e-05
29 164 -4.2891370824149992e-05
29 165 -3.7405265253619293e-05
29 60 -2.4936843502412842e-05
29 15 -5.9848424405790873e-06
29 39 -9.4760005309168789e-06
29 38 -1.0972211141061623e-05
29 37 -9.4760005309168789e-06
29 14 -5.9848424405790873e-06
30 8 -0.00011637193634471181
30 28 0.0058185968172295858
30 29 0.01640844302458782
30 30 0.02839475246808125
30 9 0.0081460355441216707
30 55 -0.001221905331618279
30 118 -0.00081460355441219585
30 119 0.0012219053316182584
30 120 0.0048876213264730075
30 52 -0.0040730177720607903
30 56 -0.0006234210875603473
30 115 -0.00066830740586471004
30 116 -7.4810530507288554e-05
30 117 0.0012967158621254085
30 53 -0.0024438106632365254
30 57 -0.00026599299735908144
30 112 -0.00040896423343959605
30 113 -0.00037405265253623164
30 114 -3.3249124669937798e-05
30 54 -0.0012219053316182794
30 11 -7.6472986740735787e-05
30 33 -0.00015627088594846159
30 32 -0.00021445685412076369
30 31 -0.0001928449230853451
30 10 -0.00040730177720609472
30 76 -0.0012219053316182809
30 121 -0.00081460355441219888
30 122 0.0012219053316182538
30 123 0.0048876213264730075
30 79 -0.0040730177720607894
30 150 -0.001192812347532085
30 328 -0.0022692527587195367
30 329 -0.0028802054245285996
30 330 -0.0022110667905471766
30 130 -0.0061095266580910882
30 149 -0.00056107897880428904
30 331 -0.0011321326950095329
30 332 -0.0015336158753983661
30 333 -0.0013465895491302764
30 131 -0.0029674843767871157
30 148 -0.00021611931035424536
30 334 -0.00047047511407885534
30 335 -0.000685763196316352
30 336 -0.00068160705573262238
30 132 -0.0011928123475320846
30 85 -5.486105570530862e-05
30 141 -0.00013133404244604146
30 140 -0.00020697580107002775
30 139 -0.0002294189602222018
30 82 -0.00032002282494763477
30 77 -0.00062342108756034719
30 124 -0.00066830740586471026
30 125 -7.4810530507287727e-05
30 126 0.0012967158621254092
30 80 -0.0024438106632365237
30 153 -0.00056107897880428958
30 337 -0.0011321326950095329
30 338 -0.0015336158753983644
30 339 -0.0013465895491302756
30 133 -0.0029674843767871144
30 152 -0.00026183685677533437
30 340 -0.00055359792575356058
30 341 -0.00078551057032599499
30 342 -0.00074810530507238434
30 134 -0.0014214000796375274
30 151 -9.9747374009651014e-05
30 343 -0.00022443159152171443
30 344 -0.00033664738728257187
30 345 -0.00034911580903378262
30 135 -0.00056107897880428958
30 86 -2.4936843502412835e-05
30 144 -6.0845898145887243e-05
30 143 -9.7253689659410254e-05
30 142 -0.00010972211141061784
30 83 -0.0001471273766642366
30 78 -0.00026599299735908155
30 127 -0.00040896423343959594
30 128 -0.00037405265253623142
30 129 -3.324912466993813e-05
30 81 -0.0012219053316182794
30 156 -0.0002161193103542452
30 346 -0.00047047511407885475
30 347 -0.00068576319631635091
30 348 -0.00068160705573262227
30 136 -0.0011928123475320831
30 155 -9.9747374009651055e-05
30 349 -0.00022443159152171438
30 350 -0.00033664738728257187
30 351 -0.00034911580903378267
30 137 -0.00056107897880428915
30 154 -3.7405265253619157e-05
30 352 -8.8110180375191679e-05
30 353 -0.0001371526392632705
30 354 -0.0001496210610144788
30 138 -0.00021611931035424512
30 87 -9.1435092842180119e-06
30 147 -2.2941896022219724e-05
30 146 -3.7405265253619286e-05
30 145 -4.3223862070849394e-05
30 84 -5.4861055705308546e-05
30 12 -7.6472986740735814e-05
30 34 -0.00015627088594846159
30 35 -0.00021445685412076375
30 36 -0.00019284492308534523
30 13 -0.00040730177720609478
30 61 -5.4861055705308613e-05
30 157 -0.00013133404244604143
30 158 -0.0002069758010700277
30 159 -0.00022941896022220183
30 58 -0.00032002282494763483
30 62 -2.4936843502412845e-05
30 160 -6.0845898145887237e-05
30 161 -9.7253689659410254e-05
30 162 -0.00010972211141061795
30 59 -0.00014712737666423671
30 63 -9.1435092842180204e-06
30 163 -2.2941896022219745e-05
30 164 -3.7405265253619293e-05
30 165 -4.3223862070849435e-05
30 60 -5.4861055705308593e-05
30 15 -2.1611931035424439e-06
30 39 -5.6523511938802347e-06
30 38 -9.4760005309168772e-06
30 37 -1.130470238776061e-05
30 14 -1.3299649867953615e-05
9 8 -0.00034911580903382495
9 28 -0.00011637193634471304
9 29 0.0020946948542025466
9 30 0.0081460355441216707
9 9 0.048876213264730801
9 55 -0.0004073017772060944
9 118 -0.0012219053316182792
9 119 -0.0024438106632365241
9 120 -0.0040730177720607877
9 52 0.0081460355441216846
9 56 -0.00019450737931882826
9 115 -0.00062342108756034741
9 116 -0.0013465895491303419
9 117 -0.0024438106632365245
9 53 0.0020946948542025466
9 57 -7.6472986740735814e-05
9 112 -0.00026599299735908144
9 113 -0.00062342108756034719
9 114 -0.0012219053316182796
9 54 -0.00011637193634471399
9 11 -1.9949474801931036e-05
9 33 -7.6472986740735801e-05
9 32 -0.00019450737931882829
9 31 -0.00040730177720609478
9 10 -0.00034911580903382577
9 76 -0.00040730177720609462
9 121 -0.0012219053316182801
9 122 -0.0024438106632365237
9 123 -0.0040730177720607868
9 79 0.0081460355441216759
9 150 -0.00032002282494763461
9 328 -0.001192812347532085
9 329 -0.0029674843767871157
9 330 -0.0061095266580910865
9 130 -0.0040730177720607911
9 149 -0.00014712737666423666
9 331 -0.00056107897880428904
9 332 -0.001421400079637527
9 333 -0.0029674843767871157
9 131 -0.0024438106632365254
9 148 -5.4861055705308607e-05
9 334 -0.00021611931035424536
9 335 -0.00056107897880428937
9 336 -0.0011928123475320844
9 132 -0.0012219053316182803
9 85 -1.3299649867953631e-05
9 141 -5.4861055705308634e-05
9 140 -0.00014712737666423671
9 139 -0.00032002282494763472
9 82 -0.00040730177720609478
9 77 -0.00019450737931882826
9 124 -0.00062342108756034676
9 125 -0.0013465895491303402
9 126 -0.0024438106632365232
9 80 0.002094694854202541
9 153 -0.0001471273766642366
9 337 -0.00056107897880428937
9 338 -0.0014214000796375268
9 339 -0.0029674843767871148
9 133 -0.0024438106632365254
9 152 -6.7329477456514746e-05
9 340 -0.00026183685677533432
9 341 -0.00067329477456514212
9 342 -0.001421400079637527
9 134 -0.0013465895491303421
9 151 -2.4936843502412831e-05
9 343 -9.9747374009651001e-05
9 344 -0.00026183685677533426
9 345 -0.00056107897880428958
9 135 -0.00062342108756034697
9 86 -5.9848424405790915e-06
9 144 -2.4936843502412831e-05
9 143 -6.7329477456514733e-05
9 142 -0.0001471273766642366
9 83 -0.00019450737931882829
9 78 -7.6472986740735787e-05
9 127 -0.00026599299735908139
9 128 -0.00062342108756034654
9 129 -0.001221905331618279
9 81 -0.00011637193634471815
9 156 -5.4861055705308566e-05
9 346 -0.00021611931035424517
9 347 -0.00056107897880428937
9 348 -0.0011928123475320831
9 136 -0.0012219053316182803
9 155 -2.4936843502412825e-05
9 349 -9.9747374009651082e-05
9 350 -0.00026183685677533416
9 351 -0.00056107897880428915
9 137 -0.00062342108756034697
9 154 -9.1435092842180102e-06
9 352 -3.7405265253619164e-05
9 353 -9.9747374009651068e-05
9 354 -0.00021611931035424517
9 138 -0.00026599299735908155
9 87 -2.1611931035424444e-06
9 147 -9.1435092842180136e-06
9 146 -2.4936843502412828e-05
9 145 -5.4861055705308559e-05
9 84 -7.6472986740735774e-05
9 12 -1.9949474801931033e-05
9 34 -7.6472986740735801e-05
9 35 -0.00019450737931882818
9 36 -0.00040730177720609462
9 13 -0.00034911580903382674
9 61 -1.3299649867953622e-05
9 157 -5.4861055705308613e-05
9 158 -0.00014712737666423671
9 159 -0.00032002282494763477
9 58 -0.000407301777206095
9 62 -5.9848424405790881e-06
9 160 -2.4936843502412842e-05
9 161 -6.732947745651476e-05
9 162 -0.00014712737666423668
9 59 -0.00019450737931882834
9 63 -2.1611931035424439e-06
9 163 -9.1435092842180187e-06
9 164 -2.4936843502412842e-05
9 165 -5.4861055705308593e-05
9 60 -7.6472986740735814e-05
9 15 -4.9873687004825611e-07
9 39 -2.1611931035424435e-06
9 38 -5.9848424405790873e-06
9 37 -1.3299649867953612e-05
9 14 -1.994947480193103e-05
55 8 0.0081460355441216829
55 28 -0.0040730177720607903
55 29 -0.0024438106632365245
55 30 -0.001221905331618279
55 9 -0.0004073017772060944
55 55 0.028394752468081253
55 118 0.0048876213264730075
55 119 0.001296715862125409
55 120 -3.3249124669937764e-05
55 52 -0.00019284492308534504
55 56 0.016408443024587827
55 115 0.0012219053316182595
55 116 -7.481053050728728e-05
55 117 -0.00037405265253623126
55 53 -0.00021445685412076356
55 57 0.005818596817229584
55 112 -0.00081460355441219682
55 113 -0.00066830740586470939
55 114 -0.00040896423343959583
55 54 -0.00015627088594846156
55 11 -0.00011637193634471405
55 33 -0.0012219053316182803
55 32 -0.00062342108756034741
55 31 -0.00026599299735908139
55 10 -7.647298674073576e-05
55 76 -0.0040730177720607911
55 121 -0.0061095266580910882
55 122 -0.0029674843767871165
55 123 -0.0011928123475320848
55 79 -0.00032002282494763461
55 150 0.0048876213264730049
55 328 -0.0022110667905471787
55 329 -0.0013465895491302773
55 330 -0.00068160705573262217
55 130 -0.00022941896022220178
55 149 0.0012219053316182543
55 331 -0.0028802054245285996
55 332 -0.0015336158753983661
55 333 -0.00068576319631635189
55 131 -0.00020697580107002756
55 148 -0.00081460355441219877
55 334 -0.002269252758719538
55 335 -0.0011321326950095335
55 336 -0.0004704751140788554
55 132 -0.00013133404244604143
55 85 -0.0012219053316182805
55 141 -0.0011928123475320859
55 140 -0.00056107897880428958
55 139 -0.00021611931035424547
55 82 -5.4861055705308641e-05
55 77 -0.0024438106632365258
55 124 -0.0029674843767871174
55 125 -0.0014214000796375277
55 126 -0.00056107897880428937
55 80 -0.0001471273766642366
55 153 0.0012967158621254081
55 337 -0.0013465895491302769
55 338 -0.00074810530507238445
55 339 -0.00034911580903378256
55 133 -0.0001097221114106178
55 152 -7.4810530507287145e-05
55 340 -0.0015336158753983652
55 341 -0.0007855105703259952
55 342 -0.00033664738728257182
55 134 -9.7253689659410227e-05
55 151 -0.0006683074058647095
55 343 -0.0011321326950095331
55 344 -0.00055359792575356069
55 345 -0.00022443159152171454
55 135 -6.0845898145887243e-05
55 86 -0.00062342108756034719
55 144 -0.00056107897880428948
55 143 -0.00026183685677533448
55 142 -9.9747374009651082e-05
55 83 -2.4936843502412842e-05
55 78 -0.0012219053316182807
55 127 -0.0011928123475320837
55 128 -0.00056107897880428937
55 129 -0.00021611931035424517
55 81 -5.4861055705308566e-05
55 156 -3.3249124669938665e-05
55 346 -0.00068160705573262238
55 347 -0.00034911580903378278
55 348 -0.0001496210610144788
55 136 -4.3223862070849394e-05
55 155 -0.00037405265253623147
55 349 -0.0006857631963163508
55 350 -0.00033664738728257187
55 351 -0.00013715263926327044
55 137 -3.7405265253619286e-05
55 154 -0.00040896423343959588
55 352 -0.0004704751140788548
55 353 -0.00022443159152171446
55 354 -8.8110180375191693e-05
55 138 -2.2941896022219728e-05
55 87 -0.00026599299735908139
55 147 -0.00021611931035424526
55 146 -9.9747374009651136e-05
55 145 -3.7405265253619171e-05
55 84 -9.1435092842180153e-06
55 12 -0.00040730177720609505
55 34 -0.00032002282494763488
55 35 -0.00014712737666423671
55 36 -5.4861055705308607e-05
55 13 -1.3299649867953626e-05
55 61 -0.00019284492308534532
55 157 -0.00022941896022220178
55 158 -0.00010972211141061789
55 159 -4.3223862070849428e-05
55 58 -1.130470238776061e-05
55 62 -0.00021445685412076361
55 160 -0.0002069758010700277
55 161 -9.7253689659410227e-05
55 162 -3.7405265253619286e-05
55 59 -9.4760005309168789e-06
55 63 -0.00015627088594846164
55 163 -0.00013133404244604143
55 164 -6.084589814588725e-05
55 165 -2.2941896022219752e-05
55 60 -5.6523511938802338e-06
55 15 -7.6472986740735828e-05
55 39 -5.48610557053086e-05
55 38 -2.4936843502412845e-05
55 37 -9.1435092842180221e-06
55 14 -2.1611931035424439e-06
118 8 -0.0040730177720607851
118 28 0.0048876213264730083
118 29 0.0012219053316182592
118 30 -0.00081460355441219585
118 9 -0.0012219053316182792
118 55 0.0048876213264730075
118 118 0.016491565836262392
118 119 0.0095757479049264904
118 120 0.0034313096659319251
118 52 -3.3249124669937717e-05
118 56 0.0012219053316182592
118 115 0.0095757479049264922
118 116 0.0050871160744921694
118 117 0.0014563116605408434
118 53 -0.00037405265253623126
118 57 -0.0008146035544121965
118 112 0.0034313096659319264
118 113 0.0014563116605408434
118 114 0.00010639719894357498
118 54 -0.00040896423343959583
118 11 -0.0012219053316182803
118 33 -3.3249124669937283e-05
118 32 -0.00037405265253623131
118 31 -0.00040896423343959578
118 10 -0.00026599299735908144
118 76 -0.0061095266580910882
118 121 -0.0022110667905471761
118 122 -0.0028802054245285966
118 123 -0.0022692527587195358
118 79 -0.001192812347532085
118 150 -0.0022110667905471779
118 328 0.0029259229709498197
118 329 0.00079797899207725376
118 330 -0.0004122891459065512
118 130 -0.00068160705573262238
118 149 -0.0028802054245285992
118 331 0.00079797899207725289
118 332 -0.00044886318304338473
118 333 -0.00086780215388394908
118 131 -0.00068576319631635178
118 148 -0.002269252758719538
118 334 -0.0004122891459065525
118 335 -0.00086780215388394995
118 336 -0.00079797899207720443
118 132 -0.00047047511407885545
118 85 -0.0011928123475320864
118 141 -0.00068160705573262336
118 140 -0.000685763196316352
118 139 -0.00047047511407885561
118 82 -0.00021611931035424545
118 77 -0.0029674843767871161
118 124 -0.0013465895491302773
118 125 -0.0015336158753983641
118 126 -0.0011321326950095329
118 80 -0.00056107897880428948
118 153 -0.0013465895491302769
118 337 0.0007979789920771861
118 338 -6.5316367685180677e-18
118 339 -0.00035909054643475097
118 133 -0.00034911580903378267
118 152 -0.001533615875398365
118 340 -6.6703044048268045e-18
118 341 -0.00044886318304342355
118 342 -0.00050871160744921844
118 134 -0.00033664738728257177
118 151 -0.0011321326950095329
118 343 -0.00035909054643475124
118 344 -0.00050871160744921855
118 345 -0.00041494907588014712
118 135 -0.00022443159152171448
118 86 -0.00056107897880428958
118 144 -0.00034911580903378294
118 143 -0.0003366473872825722
118 142 -0.00022443159152171459
118 83 -9.9747374009651068e-05
118 78 -0.0011928123475320835
118 127 -0.00068160705573262249
118 128 -0.00068576319631635102
118 129 -0.00047047511407885469
118 81 -0.00021611931035424517
118 156 -0.00068160705573262238
118 346 -2.1540796788974409e-17
118 347 -0.00019949474801931282
118 348 -0.00022609404775521534
118 136 -0.00014962106101447883
118 155 -0.00068576319631635091
118 349 -0.00019949474801931279
118 350 -0.00029924212202895581
118 351 -0.00024936843502412867
118 137 -0.00013715263926327044
118 154 -0.00047047511407885469
118 352 -0.00022609404775521548
118 353 -0.00024936843502412873
118 354 -0.00018087523820416756
118 138 -8.8110180375191693e-05
118 87 -0.00021611931035424526
118 147 -0.00014962106101447891
118 146 -0.00013715263926327047
118 145 -8.8110180375191693e-05
118 84 -3.7405265253619171e-05
118 12 -0.00032002282494763483
118 34 -0.00022941896022220189
118 35 -0.00020697580107002764
118 36 -0.00013133404244604143
118 13 -5.4861055705308613e-05
118 61 -0.00022941896022220178
118 157 -0.0001063971989436348
118 158 -0.00011969684881158497
118 159 -8.7777689128494866e-05
118 58 -4.3223862070849441e-05
118 62 -0.00020697580107002764
118 160 -0.00011969684881158498
118 161 -0.00011969684881158257
118 162 -8.1792846687914433e-05
118 59 -3.7405265253619286e-05
118 63 -0.00013133404244604141
118 163 -8.7777689128494906e-05
118 164 -8.1792846687914433e-05
118 165 -5.3198599471814048e-05
118 60 -2.2941896022219752e-05
118 15 -5.4861055705308607e-05
118 39 -4.3223862070849441e-05
118 38 -3.74052652536193e-05
118 37 -2.2941896022219752e-05
118 14 -9.1435092842180221e-06
119 8 -0.0024438106632365241
119 28 0.0012219053316182597
119 29 0.0024438106632365449
119 30 0.0012219053316182584
119 9 -0.0024438106632365241
119 55 0.001296715862125409
119 118 0.0095757479049264904
119 119 0.012608068074819921
119 120 0.0095757479049264922
119 52 0.0012967158621254096
119 56 -7.4810530507287212e-05
119 115 0.0050871160744921694
119 116 0.0069424172310716889
119 117 0.0050871160744921694
119 53 -7.4810530507286914e-05
119 57 -0.00066830740586470939
119 112 0.0014563116605408434
119 113 0.0021944422282122642
119 114 0.001456311660540843
119 54 -0.00066830740586470972
119 11 -0.00062342108756034741
119 33 -0.00037405265253623126
119 32 -0.00030921685942995853
119 31 -0.00037405265253623153
119 10 -0.00062342108756034741
119 76 -0.0029674843767871174
119 121 -0.0028802054245285974
119 122 -0.0029674843767870012
119 123 -0.0028802054245285987
119 79 -0.0029674843767871165
119 150 -0.0013465895491302773
119 328 0.00079797899207725354
119 329 0.0015161600849467657
119 330 0.000797978992077253
119 130 -0.0013465895491302769
119 149 -0.0015336158753983661
119 331 -0.00044886318304338462
119 332 -0.00011969684881151359
119 333 -0.00044886318304338441
119 131 -0.0015336158753983654
119 148 -0.0011321326950095338
119 334 -0.00086780215388394995
119 335 -0.00081792846687911468
119 336 -0.00086780215388394995
119 132 -0.0011321326950095331
119 85 -0.00056107897880428969
119 141 -0.0006857631963163521
119 140 -0.00075309267377286304
119 139 -0.000685763196316352
119 82 -0.00056107897880428969
119 77 -0.0014214000796375277
119 124 -0.001533615875398365
119 125 -0.0016308695650577591
119 126 -0.0015336158753983646
119 80 -0.0014214000796375272
119 153 -0.00074810530507238467
119 337 -6.6434692075816997e-18
119 338 0.00023939369762316002
119 339 -6.8777828858816215e-18
119 133 -0.00074810530507238434
119 152 -0.0007855105703259952
119 340 -0.00044886318304342355
119 341 -0.00035909054643473205
119 342 -0.00044886318304342387
119 134 -0.00078551057032599488
119 151 -0.00055359792575356058
119 343 -0.00050871160744921844
119 344 -0.00051469644988979472
119 345 -0.00050871160744921855
119 135 -0.00055359792575356058
119 86 -0.00026183685677533448
119 144 -0.0003366473872825722
119 143 -0.00037405265253618973
119 142 -0.00033664738728257204
119 83 -0.00026183685677533437
119 78 -0.00056107897880428937
119 127 -0.00068576319631635102
119 128 -0.00075309267377286131
119 129 -0.00068576319631635102
119 81 -0.00056107897880428937
119 156 -0.00034911580903378289
119 346 -0.00019949474801931276
119 347 -0.00015959579841545268
119 348 -0.00019949474801931303
119 136 -0.00034911580903378278
119 155 -0.00033664738728257182
119 349 -0.00029924212202895581
119 350 -0.00029924212202895483
119 351 -0.00029924212202895592
119 137 -0.00033664738728257193
119 154 -0.00022443159152171446
119 352 -0.00024936843502412873
119 353 -0.00026732296234586534
119 354 -0.00024936843502412867
119 138 -0.00022443159152171438
119 87 -9.974737400965115e-05
119 147 -0.00013715263926327047
119 146 -0.00015460842971495902
119 145 -0.0001371526392632705
119 84 -9.9747374009651068e-05
119 12 -0.00014712737666423671
119 34 -0.00020697580107002764
119 35 -0.00023440632892268102
119 36 -0.0002069758010700277
119 13 -0.00014712737666423671
119 61 -0.00010972211141061792
119 157 -0.00011969684881158497
119 158 -0.0001276766387323572
119 159 -0.00011969684881158505
119 58 -0.00010972211141061796
119 62 -9.7253689659410227e-05
119 160 -0.00011969684881158257
119 161 -0.0001316665336927407
119 162 -0.00011969684881158257
119 59 -9.7253689659410254e-05
119 63 -6.0845898145887257e-05
119 163 -8.1792846687914433e-05
119 164 -9.1767584088879304e-05
119 165 -8.1792846687914447e-05
119 60 -6.0845898145887237e-05
119 15 -2.4936843502412845e-05
119 39 -3.74052652536193e-05
119 38 -4.2891370824150026e-05
119 37 -3.74052652536193e-05
119 14 -2.4936843502412835e-05
120 8 -0.001221905331618279
120 28 -0.00081460355441219628
120 29 0.0012219053316182577
120 30 0.0048876213264730075
120 9 -0.0040730177720607877
120 55 -3.3249124669937764e-05
120 118 0.0034313096659319251
120 119 0.0095757479049264922
120 120 0.016491565836262389
120 52 0.0048876213264730075
120 56 -0.00037405265253623136
120 115 0.0014563116605408434
120 116 0.0050871160744921694
120 117 0.0095757479049264939
120 53 0.0012219053316182564
120 57 -0.00040896423343959583
120 112 0.00010639719894357498
120 113 0.001456311660540843
120 114 0.0034313096659319255
120 54 -0.00081460355441219877
120 11 -0.00026599299735908139
120 33 -0.00040896423343959578
120 32 -0.00037405265253623158
120 31 -3.3249124669937649e-05
120 10 -0.0012219053316182805
120 76 -0.001192812347532085
120 121 -0.0022692527587195358
120 122 -0.0028802054245285992
120 123 -0.0022110667905471774
120 79 -0.0061095266580910891
120 150 -0.00068160705573262238
120 328 -0.0004122891459065512
120 329 0.00079797899207725365
120 330 0.0029259229709498219
120 130 -0.0022110667905471787
120 149 -0.00068576319631635189
120 331 -0.00086780215388394929
120 332 -0.00044886318304338446
120 333 0.00079797899207725408
120 131 -0.0028802054245286
120 148 -0.00047047511407885545
120 334 -0.00079797899207720421
120 335 -0.00086780215388395016
120 336 -0.00041228914590655207
120 132 -0.0022692527587195371
120 85 -0.00021611931035424547
120 141 -0.00047047511407885556
120 140 -0.000685763196316352
120 139 -0.00068160705573262325
120 82 -0.0011928123475320857
120 77 -0.00056107897880428958
120 124 -0.0011321326950095329
120 125 -0.0015336158753983646
120 126 -0.0013465895491302758
120 80 -0.0029674843767871152
120 153 -0.00034911580903378262
120 337 -0.00035909054643475102
120 338 -6.6355149189460106e-18
120 339 0.00079797899207718719
120 133 -0.0013465895491302764
120 152 -0.00033664738728257182
120 340 -0.00050871160744921833
120 341 -0.00044886318304342387
120 342 -6.3610752121477445e-18
120 134 -0.0015336158753983646
120 151 -0.00022443159152171454
120 343 -0.00041494907588014718
120 344 -0.00050871160744921876
120 345 -0.00035909054643475108
120 135 -0.0011321326950095325
120 86 -9.9747374009651095e-05
120 144 -0.00022443159152171459
120 143 -0.00033664738728257215
120 142 -0.00034911580903378272
120 83 -0.00056107897880428937
120 78 -0.00021611931035424523
120 127 -0.00047047511407885469
120 128 -0.00068576319631635091
120 129 -0.00068160705573262206
120 81 -0.0011928123475320827
120 156 -0.0001496210610144788
120 346 -0.00022609404775521532
120 347 -0.00019949474801931298
120 348 -2.1636455476105107e-17
120 136 -0.00068160705573262217
120 155 -0.00013715263926327047
120 349 -0.00024936843502412867
120 350 -0.00029924212202895586
120 351 -0.00019949474801931282
120 137 -0.00068576319631635091
120 154 -8.8110180375191693e-05
120 352 -0.00018087523820416756
120 353 -0.00024936843502412867
120 354 -0.00022609404775521532
120 138 -0.00047047511407885464
120 87 -3.7405265253619171e-05
120 147 -8.8110180375191693e-05
120 146 -0.0001371526392632705
120 145 -0.00014962106101447885
120 84 -0.0002161193103542452
120 12 -5.4861055705308613e-05
120 34 -0.00013133404244604143
120 35 -0.0002069758010700277
120 36 -0.00022941896022220186
120 13 -0.00032002282494763472
120 61 -4.3223862070849435e-05
120 157 -8.7777689128494866e-05
120 158 -0.00011969684881158503
120 159 -0.00010639719894363487
120 58 -0.00022941896022220183
120 62 -3.7405265253619286e-05
120 160 -8.1792846687914433e-05
120 161 -0.00011969684881158257
120 162 -0.00011969684881158503
120 59 -0.00020697580107002759
120 63 -2.2941896022219752e-05
120 163 -5.3198599471814048e-05
120 164 -8.1792846687914447e-05
120 165 -8.7777689128494879e-05
120 60 -0.00013133404244604141
120 15 -9.1435092842180221e-06
120 39 -2.2941896022219752e-05
120 38 -3.74052652536193e-05
120 37 -4.3223862070849428e-05
120 14 -5.486105570530858e-05
52 8 -0.0004073017772060944
52 28 -0.0012219053316182792
52 29 -0.0024438106632365245
52 30 -0.0040730177720607903
52 9 0.0081460355441216846
52 55 -0.00019284492308534504
52 118 -3.3249124669937717e-05
52 119 0.0012967158621254096
52 120 0.0048876213264730075
52 52 0.02839475246808125
52 56 -0.00021445685412076359
52 115 -0.00037405265253623136
52 116 -7.4810530507286914e-05
52 117 0.0012219053316182569
52 53 0.016408443024587827
52 57 -0.00015627088594846159
52 112 -0.00040896423343959588
52 113 -0.00066830740586470982
52 114 -0.00081460355441219888
52 54 0.0058185968172295797
52 11 -7.647298674073576e-05
52 33 -0.00026599299735908144
52 32 -0.00062342108756034741
52 31 -0.0012219053316182805
52 10 -0.00011637193634471537
52 76 -0.0003200228249476345
52 121 -0.0011928123475320848
52 122 -0.0029674843767871161
52 123 -0.00610952665809109
52 79 -0.004073017772060792
52 150 -0.00022941896022220178
52 328 -0.00068160705573262217
52 329 -0.001346589549130276
52 330 -0.0022110667905471783
52 130 0.0048876213264730057
52 149 -0.00020697580107002756
52 331 -0.00068576319631635167
52 332 -0.0015336158753983652
52 333 -0.0028802054245286
52 131 0.0012219053316182569
52 148 -0.00013133404244604143
52 334 -0.0004704751140788555
52 335 -0.0011321326950095331
52 336 -0.0022692527587195375
52 132 -0.00081460355441219845
52 85 -5.4861055705308627e-05
52 141 -0.00021611931035424545
52 140 -0.00056107897880428948
52 139 -0.0011928123475320857
52 82 -0.0012219053316182805
52 77 -0.0001471273766642366
52 124 -0.00056107897880428926
52 125 -0.0014214000796375272
52 126 -0.0029674843767871152
52 80 -0.0024438106632365254
52 153 -0.0001097221114106178
52 337 -0.00034911580903378256
52 338 -0.00074810530507238423
52 339 -0.0013465895491302764
52 133 0.0012967158621254081
52 152 -9.7253689659410213e-05
52 340 -0.00033664738728257182
52 341 -0.00078551057032599488
52 342 -0.0015336158753983648
52 134 -7.4810530507287226e-05
52 151 -6.0845898145887243e-05
52 343 -0.00022443159152171451
52 344 -0.00055359792575356069
52 345 -0.0011321326950095329
52 135 -0.00066830740586470982
52 86 -2.4936843502412842e-05
52 144 -9.9747374009651095e-05
52 143 -0.00026183685677533437
52 142 -0.00056107897880428937
52 83 -0.00062342108756034741
52 78 -5.4861055705308566e-05
52 127 -0.0002161193103542452
52 128 -0.00056107897880428937
52 129 -0.0011928123475320831
52 81 -0.0012219053316182805
52 156 -4.3223862070849394e-05
52 346 -0.0001496210610144788
52 347 -0.00034911580903378278
52 348 -0.00068160705573262217
52 136 -3.3249124669938936e-05
52 155 -3.7405265253619286e-05
52 349 -0.00013715263926327042
52 350 -0.00033664738728257193
52 351 -0.00068576319631635091
52 137 -0.00037405265253623158
52 154 -2.2941896022219728e-05
52 352 -8.8110180375191693e-05
52 353 -0.0002244315915217144
52 354 -0.00047047511407885464
52 138 -0.00040896423343959588
52 87 -9.1435092842180153e-06
52 147 -3.7405265253619178e-05
52 146 -9.9747374009651095e-05
52 145 -0.00021611931035424517
52 84 -0.00026599299735908144
52 12 -1.3299649867953626e-05
52 34 -5.48610557053086e-05
52 35 -0.00014712737666423671
52 36 -0.00032002282494763477
52 13 -0.000407301777206095
52 61 -1.130470238776061e-05
52 157 -4.3223862070849435e-05
52 158 -0.00010972211141061793
52 159 -0.00022941896022220175
52 58 -0.00019284492308534551
52 62 -9.4760005309168789e-06
52 160 -3.7405265253619286e-05
52 161 -9.7253689659410254e-05
52 162 -0.00020697580107002762
52 59 -0.00021445685412076361
52 63 -5.6523511938802338e-06
52 163 -2.2941896022219752e-05
52 164 -6.0845898145887257e-05
52 165 -0.00013133404244604141
52 60 -0.00015627088594846164
52 15 -2.1611931035424439e-06
52 39 -9.1435092842180221e-06
52 38 -2.4936843502412831e-05
52 37 -5.4861055705308586e-05
52 14 -7.6472986740735828e-05
56 8 0.0020946948542025488
56 28 -0.0024438106632365254
56 29 -0.0013465895491303419
56 30 -0.0006234210875603473
56 9 -0.00019450737931882826
56 55 0.016408443024587827
56 118 0.0012219053316182592
56 119 -7.4810530507287212e-05
56 120 -0.00037405265253623136
56 52 -0.00021445685412076359
56 56 0.021645180160094656
56 115 0.0024438106632365462
56 116 0.00032916633423181045
56 117 -0.00030921685942995864
56 53 -0.00022941896022221216
56 57 0.016408443024587823
56 112 0.0012219053316182588
56 113 -7.481053050728728e-05
56 114 -0.00037405265253623142
56 54 -0.00021445685412076364
56 11 0.0020946948542025483
56 33 -0.0024438106632365258
56 32 -0.0013465895491303421
56 31 -0.00062342108756034697
56 10 -0.00019450737931882818
56 76 -0.0024438106632365267
56 121 -0.0029674843767871165
56 122 -0.0014214000796375274
56 123 -0.00056107897880428893
56 79 -0.00014712737666423666
56 150 0.0012219053316182538
56 328 -0.0028802054245286
56 329 -0.0015336158753983663
56 330 -0.00068576319631635189
56 130 -0.00020697580107002756
56 149 0.0024438106632365402
56 331 -0.0029674843767870042
56 332 -0.0016308695650577613
56 333 -0.0007530926737728625
56 131 -0.0002344063289226811
56 148 0.0012219053316182553
56 334 -0.0028802054245286013
56 335 -0.0015336158753983681
56 336 -0.00068576319631635221
56 132 -0.00020697580107002781
56 85 -0.0024438106632365258
56 141 -0.0029674843767871174
56 140 -0.0014214000796375283
56 139 -0.00056107897880428969
56 82 -0.00014712737666423679
56 77 -0.0013465895491303424
56 124 -0.0014214000796375279
56 125 -0.00067329477456514245
56 126 -0.00026183685677533432
56 80 -6.7329477456514746e-05
56 153 -7.4810530507287578e-05
56 337 -0.0015336158753983652
56 338 -0.00078551057032599531
56 339 -0.00033664738728257182
56 133 -9.7253689659410227e-05
56 152 0.00032916633423181018
56 340 -0.0016308695650577598
56 341 -0.00085284004778250462
56 342 -0.00037405265253618946
56 134 -0.00011071958515071268
56 151 -7.4810530507287741e-05
56 343 -0.0015336158753983657
56 344 -0.00078551057032599585
56 345 -0.00033664738728257204
56 135 -9.7253689659410294e-05
56 86 -0.0013465895491303419
56 144 -0.0014214000796375281
56 143 -0.0006732947745651431
56 142 -0.00026183685677533443
56 83 -6.7329477456514733e-05
56 78 -0.0006234210875603473
56 127 -0.00056107897880428937
56 128 -0.00026183685677533421
56 129 -9.9747374009651068e-05
56 81 -2.4936843502412828e-05
56 156 -0.00037405265253623158
56 346 -0.00068576319631635102
56 347 -0.00033664738728257187
56 348 -0.00013715263926327047
56 136 -3.7405265253619286e-05
56 155 -0.00030921685942995891
56 349 -0.00075309267377286163
56 350 -0.00037405265253618962
56 351 -0.00015460842971495888
56 137 -4.2891370824149992e-05
56 154 -0.00037405265253623158
56 352 -0.00068576319631635124
56 353 -0.00033664738728257209
56 354 -0.00013715263926327052
56 138 -3.7405265253619293e-05
56 87 -0.00062342108756034686
56 147 -0.00056107897880428969
56 146 -0.00026183685677533416
56 145 -9.9747374009651095e-05
56 84 -2.4936843502412828e-05
56 12 -0.00019450737931882834
56 34 -0.00014712737666423671
56 35 -6.7329477456514773e-05
56 36 -2.4936843502412845e-05
56 13 -5.9848424405790881e-06
56 61 -0.00021445685412076367
56 157 -0.00020697580107002767
56 158 -9.7253689659410227e-05
56 159 -3.7405265253619286e-05
56 58 -9.4760005309168789e-06
56 62 -0.0002294189602222124
56 160 -0.00023440632892268105
56 161 -0.00011071958515071279
56 162 -4.2891370824150019e-05
56 59 -1.0972211141061621e-05
56 63 -0.00021445685412076377
56 163 -0.00020697580107002775
56 164 -9.7253689659410267e-05
56 165 -3.7405265253619306e-05
56 60 -9.4760005309168789e-06
56 15 -0.00019450737931882829
56 39 -0.00014712737666423674
56 38 -6.732947745651476e-05
56 37 -2.4936843502412848e-05
56 14 -5.9848424405790873e-06
115 8 -0.0024438106632365254
115 28 0.0012967158621254083
115 29 -7.481053050728831e-05
115 30 -0.00066830740586471004
115 9 -0.00062342108756034741
115 55 0.0012219053316182595
115 118 0.0095757479049264922
115 119 0.0050871160744921694
115 120 0.0014563116605408434
115 52 -0.00037405265253623136
115 56 0.0024438106632365462
115 115 0.012608068074819926
115 116 0.0069424172310716915
115 117 0.0021944422282122646
115 53 -0.00030921685942995858
115 57 0.0012219053316182595
115 112 0.0095757479049264956
115 113 0.0050871160744921711
115 114 0.0014563116605408437
115 54 -0.00037405265253623136
115 11 -0.002443810663236525
115 33 0.0012967158621254114
115 32 -7.4810530507285952e-05
115 31 -0.00066830740586470874
115 10 -0.00062342108756034686
115 76 -0.0029674843767871165
115 121 -0.0013465895491302767
115 122 -0.0015336158753983657
115 123 -0.0011321326950095327
115 79 -0.00056107897880428915
115 150 -0.0028802054245285992
115 328 0.00079797899207725311
115 329 -0.00044886318304338376
115 330 -0.00086780215388394919
115 130 -0.00068576319631635156
115 149 -0.0029674843767870038
115 331 0.0015161600849467648
115 332 -0.00011969684881151421
115 333 -0.00081792846687911446
115 131 -0.00075309267377286239
115 148 -0.0028802054245286018
115 334 0.00079797899207725137
115 335 -0.00044886318304338549
115 336 -0.0008678021538839506
115 132 -0.000685763196316352
115 85 -0.0029674843767871183
115 141 -0.0013465895491302788
115 140 -0.0015336158753983665
115 139 -0.001132132695009534
115 82 -0.00056107897880428958
115 77 -0.0014214000796375281
115 124 -0.00074810530507238477
115 125 -0.00078551057032599488
115 126 -0.00055359792575356047
115 80 -0.00026183685677533432
115 153 -0.0015336158753983646
115 337 -6.5657494974665764e-18
115 338 -0.00044886318304342355
115 339 -0.00050871160744921833
115 133 -0.00033664738728257182
115 152 -0.0016308695650577591
115 340 0.00023939369762315999
115 341 -0.00035909054643473238
115 342 -0.00051469644988979461
115 134 -0.00037405265253618946
115 151 -0.0015336158753983654
115 343 -7.8723541557086618e-18
115 344 -0.00044886318304342452
115 345 -0.00050871160744921844
115 135 -0.00033664738728257198
115 86 -0.0014214000796375283
115 144 -0.00074810530507238586
115 143 -0.00078551057032599596
115 142 -0.00055359792575356091
115 83 -0.00026183685677533443
115 78 -0.00056107897880428926
115 127 -0.00034911580903378283
115 128 -0.00033664738728257182
115 129 -0.00022443159152171443
115 81 -9.9747374009651095e-05
115 156 -0.00068576319631635091
115 346 -0.0001994947480193129
115 347 -0.00029924212202895581
115 348 -0.00024936843502412862
115 136 -0.00013715263926327042
115 155 -0.00075309267377286131
115 349 -0.00015959579841545287
115 350 -0.00029924212202895478
115 351 -0.00026732296234586534
115 137 -0.00015460842971495888
115 154 -0.00068576319631635102
115 352 -0.00019949474801931328
115 353 -0.00029924212202895592
115 354 -0.00024936843502412867
115 138 -0.00013715263926327047
115 87 -0.00056107897880428969
115 147 -0.00034911580903378289
115 146 -0.00033664738728257209
115 145 -0.0002244315915217144
115 84 -9.9747374009651082e-05
115 12 -0.00014712737666423671
115 34 -0.00010972211141061795
115 35 -9.7253689659410227e-05
115 36 -6.084589814588725e-05
115 13 -2.4936843502412842e-05
115 61 -0.0002069758010700277
115 157 -0.00011969684881158498
115 158 -0.00011969684881158257
115 159 -8.1792846687914433e-05
115 58 -3.7405265253619286e-05
115 62 -0.00023440632892268102
115 160 -0.00012767663873235725
115 161 -0.0001316665336927407
115 162 -9.1767584088879304e-05
115 59 -4.2891370824150005e-05
115 63 -0.00020697580107002772
115 163 -0.00011969684881158503
115 164 -0.00011969684881158263
115 165 -8.179284668791446e-05
115 60 -3.74052652536193e-05
115 15 -0.00014712737666423676
115 39 -0.00010972211141061797
115 38 -9.725368965941024e-05
115 37 -6.0845898145887257e-05
115 14 -2.4936843502412842e-05
116 8 -0.0013465895491303417
116 28 -7.481053050728808e-05
116 29 0.00032916633423180899
116 30 -7.4810530507288554e-05
116 9 -0.0013465895491303419
116 55 -7.481053050728728e-05
116 118 0.0050871160744921694
116 119 0.0069424172310716889
116 120 0.0050871160744921694
116 52 -7.4810530507286914e-05
116 56 0.00032916633423181045
116 115 0.0069424172310716915
116 116 0.0093363542073033271
116 117 0.006942417231071688
116 53 0.00032916633423181045
116 57 -7.4810530507287307e-05
116 112 0.0050871160744921711
116 113 0.0069424172310716906
116 114 0.0050871160744921703
116 54 -7.4810530507286968e-05
116 11 -0.0013465895491303417
116 33 -7.4810530507285315e-05
116 32 0.00032916633423181192
116 31 -7.4810530507285898e-05
116 10 -0.0013465895491303411
116 76 -0.0014214000796375274
116 121 -0.0015336158753983654
116 122 -0.00163086956505776
116 123 -0.0015336158753983661
116 79 -0.0014214000796375274
116 150 -0.0015336158753983661
116 328 -0.00044886318304338397
116 329 -0.00011969684881151316
116 330 -0.00044886318304338457
116 130 -0.0015336158753983652
116 149 -0.0016308695650577613
116 331 -0.00011969684881151459
116 332 0.00035909054643483521
116 333 -0.00011969684881151471
116 131 -0.0016308695650577602
116 148 -0.0015336158753983683
116 334 -0.00044886318304338565
116 335 -0.00011969684881151599
116 336 -0.00044886318304338582
116 132 -0.0015336158753983672
116 85 -0.0014214000796375283
116 141 -0.0015336158753983668
116 140 -0.0016308695650577613
116 139 -0.0015336158753983676
116 82 -0.0014214000796375285
116 77 -0.00067329477456514245
116 124 -0.00078551057032599488
116 125 -0.00085284004778250397
116 126 -0.00078551057032599499
116 80 -0.00067329477456514212
116 153 -0.0007855105703259951
116 337 -0.00044886318304342355
116 338 -0.00035909054643473248
116 339 -0.00044886318304342387
116 133 -0.00078551057032599499
116 152 -0.00085284004778250462
116 340 -0.00035909054643473248
116 341 -0.00021545432786082853
116 342 -0.00035909054643473281
116 134 -0.0008528400477825043
116 151 -0.00078551057032599585
116 343 -0.00044886318304342431
116 344 -0.00035909054643473297
116 345 -0.00044886318304342441
116 135 -0.00078551057032599553
116 86 -0.00067329477456514299
116 144 -0.00078551057032599596
116 143 -0.00085284004778250495
116 142 -0.00078551057032599607
116 83 -0.00067329477456514266
116 78 -0.00026183685677533421
116 127 -0.00033664738728257187
116 128 -0.00037405265253618962
116 129 -0.00033664738728257193
116 81 -0.00026183685677533416
116 156 -0.00033664738728257187
116 346 -0.00029924212202895581
116 347 -0.00029924212202895494
116 348 -0.00029924212202895592
116 136 -0.00033664738728257193
116 155 -0.00037405265253618957
116 349 -0.00029924212202895483
116 350 -0.00028727243714779554
116 351 -0.00029924212202895489
116 137 -0.00037405265253618951
116 154 -0.00033664738728257209
116 352 -0.00029924212202895597
116 353 -0.00029924212202895494
116 354 -0.00029924212202895608
116 138 -0.00033664738728257209
116 87 -0.00026183685677533416
116 147 -0.00033664738728257209
116 146 -0.00037405265253618957
116 145 -0.00033664738728257215
116 84 -0.00026183685677533399
116 12 -6.7329477456514773e-05
116 34 -9.725368965941024e-05
116 35 -0.00011071958515071276
116 36 -9.7253689659410267e-05
116 13 -6.732947745651476e-05
116 61 -9.725368965941024e-05
116 157 -0.00011969684881158257
116 158 -0.00013166653369274073
116 159 -0.00011969684881158257
116 58 -9.7253689659410254e-05
116 62 -0.00011071958515071279
116 160 -0.0001316665336927407
116 161 -0.00014363621857389856
116 162 -0.00013166653369274067
116 59 -0.00011071958515071274
116 63 -9.7253689659410267e-05
116 163 -0.00011969684881158264
116 164 -0.0001316665336927407
116 165 -0.00011969684881158263
116 60 -9.7253689659410267e-05
116 15 -6.7329477456514746e-05
116 39 -9.725368965941024e-05
116 38 -0.00011071958515071278
116 37 -9.7253689659410267e-05
116 14 -6.7329477456514733e-05
117 8 -0.0006234210875603473
117 28 -0.00066830740586471004
117 29 -7.4810530507288513e-05
117 30 0.0012967158621254085
117 9 -0.0024438106632365245
117 55 -0.00037405265253623126
117 118 0.0014563116605408434
117 119 0.0050871160744921694
117 120 0.0095757479049264939
117 52 0.0012219053316182569
117 56 -0.00030921685942995864
117 115 0.0021944422282122646
117 116 0.006942417231071688
117 117 0.012608068074819926
117 53 0.0024438106632365428
117 57 -0.00037405265253623142
117 112 0.0014563116605408437
117 113 0.0050871160744921694
117 114 0.0095757479049264991
117 54 0.0012219053316182564
117 11 -0.00062342108756034708
117 33 -0.00066830740586470874
117 32 -7.4810530507286169e-05
117 31 0.0012967158621254127
117 10 -0.0024438106632365245
117 76 -0.00056107897880428893
117 121 -0.0011321326950095329
117 122 -0.0015336158753983661
117 123 -0.0013465895491302769
117 79 -0.0029674843767871165
117 150 -0.00068576319631635189
117 328 -0.00086780215388394897
117 329 -0.00044886318304338386
117 330 0.00079797899207725441
117 130 -0.0028802054245285992
117 149 -0.0007530926737728625
117 331 -0.00081792846687911425
117 332 -0.00011969684881151493
117 333 0.0015161600849467665
117 131 -0.002967484376787002
117 148 -0.00068576319631635243
117 334 -0.0008678021538839506
117 335 -0.00044886318304338587
117 336 0.00079797899207725224
117 132 -0.0028802054245286005
117 85 -0.00056107897880428969
117 141 -0.0011321326950095342
117 140 -0.0015336158753983674
117 139 -0.0013465895491302777
117 82 -0.0029674843767871174
117 77 -0.00026183685677533437
117 124 -0.00055359792575356047
117 125 -0.00078551057032599499
117 126 -0.00074810530507238434
117 80 -0.0014214000796375272
117 153 -0.00033664738728257182
117 337 -0.00050871160744921833
117 338 -0.00044886318304342365
117 339 -5.9765782826560955e-18
117 133 -0.0015336158753983646
117 152 -0.00037405265253618946
117 340 -0.00051469644988979461
117 341 -0.00035909054643473259
117 342 0.00023939369762316021
117 134 -0.0016308695650577591
117 151 -0.00033664738728257204
117 343 -0.00050871160744921855
117 344 -0.00044886318304342441
117 345 -7.4691276124630284e-18
117 135 -0.0015336158753983661
117 86 -0.00026183685677533443
117 144 -0.00055359792575356091
117 143 -0.00078551057032599575
117 142 -0.00074810530507238542
117 83 -0.0014214000796375283
117 78 -9.9747374009651082e-05
117 127 -0.00022443159152171446
117 128 -0.00033664738728257187
117 129 -0.00034911580903378267
117 81 -0.00056107897880428915
117 156 -0.00013715263926327047
117 346 -0.00024936843502412857
117 347 -0.00029924212202895581
117 348 -0.00019949474801931276
117 136 -0.00068576319631635102
117 155 -0.00015460842971495888
117 349 -0.00026732296234586534
117 350 -0.00029924212202895483
117 351 -0.00015959579841545274
117 137 -0.00075309267377286131
117 154 -0.00013715263926327052
117 352 -0.00024936843502412873
117 353 -0.00029924212202895602
117 354 -0.00019949474801931314
117 138 -0.00068576319631635102
117 87 -9.9747374009651082e-05
117 147 -0.0002244315915217144
117 146 -0.00033664738728257215
117 145 -0.00034911580903378294
117 84 -0.00056107897880428969
117 12 -2.4936843502412842e-05
117 34 -6.0845898145887243e-05
117 35 -9.7253689659410254e-05
117 36 -0.00010972211141061793
117 13 -0.00014712737666423671
117 61 -3.7405265253619286e-05
117 157 -8.1792846687914433e-05
117 158 -0.00011969684881158257
117 159 -0.000119696848811585
117 58 -0.00020697580107002764
117 62 -4.2891370824150019e-05
117 160 -9.1767584088879304e-05
117 161 -0.00013166653369274067
117 162 -0.00012767663873235722
117 59 -0.00023440632892268099
117 63 -3.7405265253619306e-05
117 163 -8.1792846687914447e-05
117 164 -0.00011969684881158264
117 165 -0.00011969684881158496
117 60 -0.0002069758010700277
117 15 -2.4936843502412845e-05
117 39 -6.0845898145887264e-05
117 38 -9.725368965941024e-05
117 37 -0.00010972211141061792
117 14 -0.00014712737666423668
53 8 -0.00019450737931882821
53 28 -0.00062342108756034741
53 29 -0.0013465895491303417
53 30 -0.0024438106632365254
53 9 0.0020946948542025466
53 55 -0.00021445685412076356
53 118 -0.00037405265253623126
53 119 -7.4810530507286914e-05
53 120 0.0012219053316182564
53 52 0.016408443024587827
53 56 -0.00022941896022221216
53 115 -0.00030921685942995858
53 116 0.00032916633423181045
53 117 0.0024438106632365428
53 53 0.021645180160094646
53 57 -0.00021445685412076364
53 112 -0.00037405265253623147
53 113 -7.4810530507286765e-05
53 114 0.0012219053316182562
53 54 0.016408443024587827
53 11 -0.00019450737931882818
53 33 -0.00062342108756034686
53 32 -0.0013465895491303413
53 31 -0.002443810663236525
53 10 0.0020946948542025475
53 76 -0.00014712737666423666
53 121 -0.00056107897880428904
53 122 -0.001421400079637527
53 123 -0.0029674843767871161
53 79 -0.0024438106632365267
53 150 -0.00020697580107002756
53 328 -0.00068576319631635156
53 329 -0.001533615875398365
53 330 -0.0028802054245285996
53 130 0.0012219053316182564
53 149 -0.0002344063289226811
53 331 -0.00075309267377286239
53 332 -0.0016308695650577604
53 333 -0.0029674843767870033
53 131 0.0024438106632365432
53 148 -0.00020697580107002786
53 334 -0.00068576319631635189
53 335 -0.0015336158753983668
53 336 -0.0028802054245286009
53 132 0.0012219053316182573
53 85 -0.00014712737666423679
53 141 -0.00056107897880428969
53 140 -0.0014214000796375281
53 139 -0.002967484376787117
53 82 -0.0024438106632365267
53 77 -6.732947745651476e-05
53 124 -0.00026183685677533432
53 125 -0.00067329477456514201
53 126 -0.0014214000796375272
53 80 -0.0013465895491303428
53 153 -9.7253689659410213e-05
53 337 -0.00033664738728257182
53 338 -0.00078551057032599488
53 339 -0.0015336158753983648
53 133 -7.481053050728728e-05
53 152 -0.0001107195851507127
53 340 -0.00037405265253618946
53 341 -0.0008528400477825043
53 342 -0.0016308695650577593
53 134 0.00032916633423180964
53 151 -9.7253689659410281e-05
53 343 -0.00033664738728257209
53 344 -0.00078551057032599553
53 345 -0.0015336158753983657
53 135 -7.4810530507287958e-05
53 86 -6.7329477456514733e-05
53 144 -0.00026183685677533443
53 143 -0.00067329477456514266
53 142 -0.0014214000796375274
53 83 -0.0013465895491303421
53 78 -2.4936843502412825e-05
53 127 -9.9747374009651082e-05
53 128 -0.00026183685677533416
53 129 -0.00056107897880428915
53 81 -0.00062342108756034719
53 156 -3.7405265253619286e-05
53 346 -0.00013715263926327047
53 347 -0.00033664738728257193
53 348 -0.00068576319631635091
53 136 -0.00037405265253623164
53 155 -4.2891370824149978e-05
53 349 -0.00015460842971495888
53 350 -0.00037405265253618951
53 351 -0.0007530926737728612
53 137 -0.00030921685942995913
53 154 -3.7405265253619286e-05
53 352 -0.00013715263926327052
53 353 -0.00033664738728257209
53 354 -0.00068576319631635102
53 138 -0.00037405265253623153
53 87 -2.4936843502412835e-05
53 147 -9.9747374009651082e-05
53 146 -0.00026183685677533399
53 145 -0.00056107897880428958
53 84 -0.00062342108756034665
53 12 -5.9848424405790881e-06
53 34 -2.4936843502412838e-05
53 35 -6.732947745651476e-05
53 36 -0.00014712737666423668
53 13 -0.0001945073793188284
53 61 -9.4760005309168789e-06
53 157 -3.7405265253619286e-05
53 158 -9.7253689659410254e-05
53 159 -0.00020697580107002759
53 58 -0.00021445685412076369
53 62 -1.0972211141061621e-05
53 160 -4.2891370824150005e-05
53 161 -0.00011071958515071276
53 162 -0.00023440632892268105
53 59 -0.00022941896022221229
53 63 -9.4760005309168789e-06
53 163 -3.7405265253619306e-05
53 164 -9.7253689659410267e-05
53 165 -0.0002069758010700277
53 60 -0.00021445685412076367
53 15 -5.9848424405790873e-06
53 39 -2.4936843502412842e-05
53 38 -6.7329477456514719e-05
53 37 -0.00014712737666423668
53 14 -0.00019450737931882821
57 8 -0.00011637193634471307
57 28 -0.0012219053316182794
57 29 -0.00062342108756034741
57 30 -0.00026599299735908144
57 9 -7.6472986740735814e-05
57 55 0.005818596817229584
57 118 -0.0008146035544121965
57 119 -0.00066830740586470939
57 120 -0.00040896423343959583
57 52 -0.00015627088594846159
57 56 0.016408443024587823
57 115 0.0012219053316182595
57 116 -7.4810530507287307e-05
57 117 -0.00037405265253623142
57 53 -0.00021445685412076364
57 57 0.02839475246808125
57 112 0.0048876213264730127
57 113 0.0012967158621254098
57 114 -3.3249124669937439e-05
57 54 -0.00019284492308534504
57 11 0.0081460355441216777
57 33 -0.0040730177720607877
57 32 -0.0024438106632365245
57 31 -0.0012219053316182794
57 10 -0.00040730177720609456
57 76 -0.0012219053316182803
57 121 -0.0011928123475320848
57 122 -0.00056107897880428915
57 123 -0.00021611931035424534
57 79 -5.4861055705308593e-05
57 150 -0.00081460355441219877
57 328 -0.0022692527587195375
57 329 -0.0011321326950095338
57 330 -0.00047047511407885545
57 130 -0.00013133404244604143
57 149 0.0012219053316182558
57 331 -0.0028802054245286005
57 332 -0.0015336158753983674
57 333 -0.00068576319631635221
57 131 -0.00020697580107002781
57 148 0.0048876213264730075
57 334 -0.0022110667905471787
57 335 -0.0013465895491302784
57 336 -0.00068160705573262314
57 132 -0.00022941896022220199
57 85 -0.0040730177720607877
57 141 -0.0061095266580910891
57 140 -0.0029674843767871165
57 139 -0.001192812347532085
57 82 -0.00032002282494763483
57 77 -0.00062342108756034719
57 124 -0.0005610789788042898
57 125 -0.00026183685677533437
57 126 -9.9747374009650987e-05
57 80 -2.4936843502412831e-05
57 153 -0.0006683074058647095
57 337 -0.0011321326950095333
57 338 -0.00055359792575356069
57 339 -0.00022443159152171448
57 133 -6.0845898145887243e-05
57 152 -7.4810530507287334e-05
57 340 -0.0015336158753983657
57 341 -0.00078551057032599575
57 342 -0.00033664738728257204
57 134 -9.7253689659410281e-05
57 151 0.0012967158621254083
57 343 -0.0013465895491302773
57 344 -0.00074810530507238564
57 345 -0.00034911580903378299
57 135 -0.00010972211141061786
57 86 -0.0024438106632365254
57 144 -0.0029674843767871157
57 143 -0.0014214000796375281
57 142 -0.00056107897880428969
57 83 -0.00014712737666423666
57 78 -0.00026599299735908155
57 127 -0.0002161193103542452
57 128 -9.9747374009651082e-05
57 129 -3.7405265253619164e-05
57 81 -9.1435092842180119e-06
57 156 -0.00040896423343959588
57 346 -0.00047047511407885475
57 347 -0.00022443159152171446
57 348 -8.8110180375191693e-05
57 136 -2.2941896022219728e-05
57 155 -0.00037405265253623153
57 349 -0.00068576319631635113
57 350 -0.00033664738728257209
57 351 -0.00013715263926327052
57 137 -3.7405265253619286e-05
57 154 -3.3249124669938394e-05
57 352 -0.0006816070557326226
57 353 -0.00034911580903378299
57 354 -0.00014962106101447891
57 138 -4.3223862070849407e-05
57 87 -0.0012219053316182794
57 147 -0.0011928123475320837
57 146 -0.00056107897880428948
57 145 -0.00021611931035424523
57 84 -5.4861055705308559e-05
57 12 -7.6472986740735814e-05
57 34 -5.48610557053086e-05
57 35 -2.4936843502412842e-05
57 36 -9.1435092842180204e-06
57 13 -2.1611931035424435e-06
57 61 -0.00015627088594846169
57 157 -0.00013133404244604143
57 158 -6.084589814588725e-05
57 159 -2.2941896022219752e-05
57 58 -5.6523511938802338e-06
57 62 -0.0002144568541207638
57 160 -0.00020697580107002775
57 161 -9.7253689659410267e-05
57 162 -3.7405265253619306e-05
57 59 -9.4760005309168789e-06
57 63 -0.00019284492308534534
57 163 -0.00022941896022220194
57 164 -0.00010972211141061793
57 165 -4.3223862070849435e-05
57 60 -1.1304702387760608e-05
57 15 -0.00040730177720609483
57 39 -0.00032002282494763488
57 38 -0.00014712737666423676
57 37 -5.4861055705308586e-05
57 14 -1.3299649867953612e-05
112 8 -0.0012219053316182794
112 28 -3.3249124669937744e-05
112 29 -0.00037405265253623147
112 30 -0.00040896423343959605
112 9 -0.00026599299735908144
112 55 -0.00081460355441219682
112 118 0.0034313096659319264
112 119 0.0014563116605408434
112 120 0.00010639719894357498
112 52 -0.00040896423343959588
112 56 0.0012219053316182588
112 115 0.0095757479049264956
112 116 0.0050871160744921711
112 117 0.0014563116605408437
112 53 -0.00037405265253623147
112 57 0.0048876213264730127
112 112 0.016491565836262399
112 113 0.0095757479049264956
112 114 0.0034313096659319264
112 54 -3.3249124669937371e-05
112 11 -0.0040730177720607877
112 33 0.0048876213264730118
112 32 0.0012219053316182597
112 31 -0.00081460355441219715
112 10 -0.0012219053316182792
112 76 -0.0011928123475320848
112 121 -0.00068160705573262249
112 122 -0.00068576319631635167
112 123 -0.00047047511407885534
112 79 -0.00021611931035424534
112 150 -0.0022692527587195375
112 328 -0.00041228914590655207
112 329 -0.00086780215388394973
112 330 -0.00079797899207720443
112 130 -0.0004704751140788554
112 149 -0.0028802054245286013
112 331 0.00079797899207725159
112 332 -0.00044886318304338533
112 333 -0.00086780215388395016
112 131 -0.00068576319631635189
112 148 -0.0022110667905471818
112 334 0.002925922970949818
112 335 0.00079797899207725202
112 336 -0.00041228914590655304
112 132 -0.00068160705573262314
112 85 -0.00610952665809109
112 141 -0.0022110667905471792
112 140 -0.0028802054245285983
112 139 -0.002269252758719538
112 82 -0.0011928123475320855
112 77 -0.00056107897880428969
112 124 -0.00034911580903378267
112 125 -0.00033664738728257182
112 126 -0.0002244315915217144
112 80 -9.9747374009651001e-05
112 153 -0.0011321326950095327
112 337 -0.00035909054643475129
112 338 -0.00050871160744921855
112 339 -0.00041494907588014712
112 133 -0.00022443159152171448
112 152 -0.0015336158753983657
112 340 -7.7495319743631084e-18
112 341 -0.00044886318304342431
112 342 -0.00050871160744921844
112 134 -0.00033664738728257204
112 151 -0.0013465895491302782
112 343 0.00079797899207718502
112 344 -7.7788235359180548e-18
112 345 -0.00035909054643475146
112 135 -0.00034911580903378283
112 86 -0.0029674843767871161
112 144 -0.001346589549130278
112 143 -0.001533615875398365
112 142 -0.0011321326950095331
112 83 -0.00056107897880428958
112 78 -0.0002161193103542452
112 127 -0.00014962106101447877
112 128 -0.00013715263926327047
112 129 -8.8110180375191679e-05
112 81 -3.7405265253619157e-05
112 156 -0.00047047511407885469
112 346 -0.00022609404775521543
112 347 -0.00024936843502412867
112 348 -0.00018087523820416756
112 136 -8.8110180375191693e-05
112 155 -0.00068576319631635102
112 349 -0.00019949474801931333
112 350 -0.00029924212202895602
112 351 -0.00024936843502412873
112 137 -0.00013715263926327052
112 154 -0.00068160705573262271
112 352 -2.2081794033154156e-17
112 353 -0.0001994947480193132
112 354 -0.00022609404775521551
112 138 -0.00014962106101447888
112 87 -0.0011928123475320837
112 147 -0.00068160705573262249
112 146 -0.00068576319631635113
112 145 -0.00047047511407885464
112 84 -0.0002161193103542452
112 12 -5.48610557053086e-05
112 34 -4.3223862070849428e-05
112 35 -3.7405265253619279e-05
112 36 -2.2941896022219752e-05
112 13 -9.1435092842180187e-06
112 61 -0.00013133404244604141
112 157 -8.7777689128494893e-05
112 158 -8.179284668791442e-05
112 159 -5.3198599471814048e-05
112 58 -2.2941896022219752e-05
112 62 -0.00020697580107002772
112 160 -0.000119696848811585
112 161 -0.00011969684881158264
112 162 -8.1792846687914433e-05
112 59 -3.74052652536193e-05
112 63 -0.00022941896022220194
112 163 -0.0001063971989436349
112 164 -0.00011969684881158503
112 165 -8.7777689128494906e-05
112 60 -4.3223862070849435e-05
112 15 -0.00032002282494763483
112 39 -0.00022941896022220189
112 38 -0.0002069758010700277
112 37 -0.00013133404244604141
112 14 -5.486105570530858e-05
113 8 -0.0006234210875603473
113 28 -0.00037405265253623142
113 29 -0.00030921685942995913
113 30 -0.00037405265253623164
113 9 -0.00062342108756034719
113 55 -0.00066830740586470939
113 118 0.0014563116605408434
113 119 0.0021944422282122642
113 120 0.001456311660540843
113 52 -0.00066830740586470982
113 56 -7.481053050728728e-05
113 115 0.0050871160744921711
113 116 0.0069424172310716906
113 117 0.0050871160744921694
113 53 -7.4810530507286765e-05
113 57 0.0012967158621254098
113 112 0.0095757479049264956
113 113 0.012608068074819928
113 114 0.0095757479049264974
113 54 0.0012967158621254111
113 11 -0.002443810663236525
113 33 0.0012219053316182597
113 32 0.0024438106632365467
113 31 0.0012219053316182603
113 10 -0.0024438106632365228
113 76 -0.00056107897880428926
113 121 -0.00068576319631635167
113 122 -0.00075309267377286228
113 123 -0.00068576319631635178
113 79 -0.00056107897880428926
113 150 -0.0011321326950095338
113 328 -0.00086780215388394951
113 329 -0.00081792846687911446
113 330 -0.00086780215388394973
113 130 -0.0011321326950095331
113 149 -0.0015336158753983683
113 331 -0.00044886318304338549
113 332 -0.00011969684881151577
113 333 -0.00044886318304338587
113 131 -0.0015336158753983672
113 148 -0.0013465895491302797
113 334 0.00079797899207725116
113 335 0.0015161600849467644
113 336 0.0007979789920772517
113 132 -0.0013465895491302784
113 85 -0.0029674843767871174
113 141 -0.0028802054245285987
113 140 -0.0029674843767870016
113 139 -0.0028802054245286
113 82 -0.0029674843767871174
113 77 -0.00026183685677533437
113 124 -0.00033664738728257182
113 125 -0.00037405265253618946
113 126 -0.00033664738728257193
113 80 -0.00026183685677533421
113 153 -0.00055359792575356069
113 337 -0.00050871160744921844
113 338 -0.00051469644988979472
113 339 -0.00050871160744921855
113 133 -0.00055359792575356058
113 152 -0.00078551057032599585
113 340 -0.00044886318304342441
113 341 -0.0003590905464347327
113 342 -0.00044886318304342431
113 134 -0.00078551057032599553
113 151 -0.00074810530507238597
113 343 -7.6136885071504186e-18
113 344 0.00023939369762315926
113 345 -7.6836366384036486e-18
113 135 -0.00074810530507238532
113 86 -0.0014214000796375281
113 144 -0.0015336158753983652
113 143 -0.0016308695650577589
113 142 -0.0015336158753983657
113 83 -0.0014214000796375279
113 78 -9.9747374009651082e-05
113 127 -0.00013715263926327047
113 128 -0.00015460842971495886
113 129 -0.00013715263926327052
113 81 -9.9747374009651068e-05
113 156 -0.00022443159152171443
113 346 -0.00024936843502412867
113 347 -0.00026732296234586539
113 348 -0.00024936843502412867
113 136 -0.00022443159152171438
113 155 -0.00033664738728257209
113 349 -0.00029924212202895586
113 350 -0.00029924212202895489
113 351 -0.00029924212202895597
113 137 -0.00033664738728257209
113 154 -0.00034911580903378294
113 352 -0.00019949474801931314
113 353 -0.00015959579841545287
113 354 -0.00019949474801931328
113 138 -0.00034911580903378289
113 87 -0.00056107897880428958
113 147 -0.00068576319631635102
113 146 -0.00075309267377286142
113 145 -0.00068576319631635102
113 84 -0.00056107897880428958
113 12 -2.4936843502412838e-05
113 34 -3.7405265253619279e-05
113 35 -4.2891370824149998e-05
113 36 -3.7405265253619293e-05
113 13 -2.4936843502412842e-05
113 61 -6.0845898145887257e-05
113 157 -8.179284668791442e-05
113 158 -9.1767584088879318e-05
113 159 -8.1792846687914433e-05
113 58 -6.0845898145887237e-05
113 62 -9.7253689659410254e-05
113 160 -0.00011969684881158263
113 161 -0.0001316665336927407
113 162 -0.00011969684881158263
113 59 -9.7253689659410267e-05
113 63 -0.00010972211141061795
113 163 -0.00011969684881158503
113 164 -0.0001276766387323573
113 165 -0.00011969684881158504
113 60 -0.0001097221114106179
113 15 -0.00014712737666423674
113 39 -0.00020697580107002772
113 38 -0.00023440632892268102
113 37 -0.0002069758010700277
113 14 -0.00014712737666423668
114 8 -0.00026599299735908144
114 28 -0.00040896423343959605
114 29 -0.00037405265253623158
114 30 -3.3249124669937798e-05
114 9 -0.0012219053316182796
114 55 -0.00040896423343959583
114 118 0.00010639719894357498
114 119 0.001456311660540843
114 120 0.0034313096659319255
114 52 -0.00081460355441219888
114 56 -0.00037405265253623142
114 115 0.0014563116605408437
114 116 0.0050871160744921703
114 117 0.0095757479049264991
114 53 0.0012219053316182562
114 57 -3.3249124669937439e-05
114 112 0.0034313096659319264
114 113 0.0095757479049264974
114 114 0.016491565836262403
114 54 0.0048876213264730101
114 11 -0.0012219053316182794
114 33 -0.00081460355441219758
114 32 0.0012219053316182588
114 31 0.0048876213264730153
114 10 -0.0040730177720607851
114 76 -0.00021611931035424534
114 121 -0.00047047511407885534
114 122 -0.00068576319631635178
114 123 -0.00068160705573262227
114 79 -0.0011928123475320846
114 150 -0.00047047511407885545
114 328 -0.00079797899207720432
114 329 -0.00086780215388394973
114 330 -0.00041228914590655163
114 130 -0.0022692527587195371
114 149 -0.00068576319631635232
114 331 -0.0008678021538839506
114 332 -0.00044886318304338544
114 333 0.00079797899207725267
114 131 -0.0028802054245286009
114 148 -0.00068160705573262325
114 334 -0.00041228914590655304
114 335 0.00079797899207725137
114 336 0.0029259229709498202
114 132 -0.0022110667905471813
114 85 -0.0011928123475320853
114 141 -0.002269252758719538
114 140 -0.0028802054245286005
114 139 -0.0022110667905471796
114 82 -0.0061095266580910926
114 77 -9.9747374009651001e-05
114 124 -0.00022443159152171443
114 125 -0.00033664738728257187
114 126 -0.00034911580903378256
114 80 -0.00056107897880428958
114 153 -0.00022443159152171454
114 337 -0.00041494907588014712
114 338 -0.00050871160744921865
114 339 -0.00035909054643475097
114 133 -0.0011321326950095325
114 152 -0.00033664738728257209
114 340 -0.00050871160744921844
114 341 -0.00044886318304342431
114 342 -7.4758907429332514e-18
114 134 -0.0015336158753983659
114 151 -0.0003491158090337831
114 343 -0.00035909054643475167
114 344 -7.9804950082259389e-18
114 345 0.000797978992077186
114 135 -0.0013465895491302782
114 86 -0.0005610789788042898
114 144 -0.0011321326950095331
114 143 -0.0015336158753983657
114 142 -0.0013465895491302773
114 83 -0.0029674843767871165
114 78 -3.7405265253619151e-05
114 127 -8.8110180375191679e-05
114 128 -0.0001371526392632705
114 129 -0.00014962106101447877
114 81 -0.00021611931035424512
114 156 -8.8110180375191693e-05
114 346 -0.00018087523820416756
114 347 -0.00024936843502412867
114 348 -0.00022609404775521532
114 136 -0.00047047511407885458
114 155 -0.00013715263926327052
114 349 -0.00024936843502412873
114 350 -0.00029924212202895608
114 351 -0.00019949474801931322
114 137 -0.00068576319631635102
114 154 -0.00014962106101447891
114 352 -0.00022609404775521551
114 353 -0.00019949474801931328
114 354 -2.191989456263519e-17
114 138 -0.00068160705573262238
114 87 -0.0002161193103542452
114 147 -0.00047047511407885475
114 146 -0.00068576319631635102
114 145 -0.00068160705573262238
114 84 -0.0011928123475320833
114 12 -9.1435092842180204e-06
114 34 -2.2941896022219748e-05
114 35 -3.7405265253619293e-05
114 36 -4.3223862070849421e-05
114 13 -5.4861055705308593e-05
114 61 -2.2941896022219752e-05
114 157 -5.3198599471814048e-05
114 158 -8.1792846687914433e-05
114 159 -8.7777689128494866e-05
114 58 -0.00013133404244604141
114 62 -3.7405265253619306e-05
114 160 -8.1792846687914433e-05
114 161 -0.00011969684881158263
114 162 -0.00011969684881158498
114 59 -0.0002069758010700277
114 63 -4.3223862070849435e-05
114 163 -8.7777689128494906e-05
114 164 -0.00011969684881158504
114 165 -0.00010639719894363482
114 60 -0.00022941896022220178
114 15 -5.4861055705308593e-05
114 39 -0.00013133404244604141
114 38 -0.00020697580107002772
114 37 -0.00022941896022220183
114 14 -0.00032002282494763466
54 8 -7.6472986740735814e-05
54 28 -0.00026599299735908144
54 29 -0.0006234210875603473
54 30 -0.0012219053316182794
54 9 -0.00011637193634471399
54 55 -0.00015627088594846156
54 118 -0.00040896423343959583
54 119 -0.00066830740586470972
54 120 -0.00081460355441219877
54 52 0.0058185968172295797
54 56 -0.00021445685412076364
54 115 -0.00037405265253623136
54 116 -7.4810530507286968e-05
54 117 0.0012219053316182564
54 53 0.016408443024587827
54 57 -0.00019284492308534504
54 112 -3.3249124669937371e-05
54 113 0.0012967158621254111
54 114 0.0048876213264730101
54 54 0.028394752468081257
54 11 -0.00040730177720609462
54 33 -0.0012219053316182794
54 32 -0.0024438106632365232
54 31 -0.0040730177720607842
54 10 0.0081460355441216829
54 76 -5.4861055705308593e-05
54 121 -0.00021611931035424531
54 122 -0.00056107897880428937
54 123 -0.0011928123475320846
54 79 -0.0012219053316182805
54 150 -0.00013133404244604143
54 328 -0.0004704751140788554
54 329 -0.0011321326950095329
54 330 -0.0022692527587195375
54 130 -0.00081460355441219867
54 149 -0.00020697580107002781
54 331 -0.00068576319631635189
54 332 -0.0015336158753983668
54 333 -0.0028802054245286009
54 131 0.0012219053316182564
54 148 -0.00022941896022220199
54 334 -0.00068160705573262325
54 335 -0.0013465895491302782
54 336 -0.0022110667905471787
54 132 0.0048876213264730092
54 85 -0.00032002282494763488
54 141 -0.0011928123475320855
54 140 -0.002967484376787117
54 139 -0.0061095266580910891
54 82 -0.004073017772060792
54 77 -2.4936843502412831e-05
54 124 -9.9747374009651001e-05
54 125 -0.00026183685677533426
54 126 -0.00056107897880428969
54 80 -0.00062342108756034719
54 153 -6.0845898145887237e-05
54 337 -0.00022443159152171451
54 338 -0.00055359792575356058
54 339 -0.0011321326950095329
54 133 -0.00066830740586470972
54 152 -9.7253689659410281e-05
54 340 -0.00033664738728257204
54 341 -0.00078551057032599553
54 342 -0.0015336158753983657
54 134 -7.4810530507287958e-05
54 151 -0.00010972211141061786
54 343 -0.00034911580903378283
54 344 -0.00074810530507238532
54 345 -0.0013465895491302773
54 135 0.0012967158621254085
54 86 -0.00014712737666423668
54 144 -0.00056107897880428969
54 143 -0.0014214000796375277
54 142 -0.0029674843767871157
54 83 -0.0024438106632365271
54 78 -9.1435092842180102e-06
54 127 -3.7405265253619157e-05
54 128 -9.9747374009651068e-05
54 129 -0.00021611931035424512
54 81 -0.00026599299735908155
54 156 -2.2941896022219728e-05
54 346 -8.811018037519172e-05
54 347 -0.0002244315915217144
54 348 -0.00047047511407885458
54 136 -0.00040896423343959588
54 155 -3.7405265253619293e-05
54 349 -0.00013715263926327052
54 350 -0.00033664738728257209
54 351 -0.00068576319631635102
54 137 -0.00037405265253623174
54 154 -4.3223862070849407e-05
54 352 -0.00014962106101447891
54 353 -0.00034911580903378299
54 354 -0.00068160705573262227
54 138 -3.3249124669938428e-05
54 87 -5.4861055705308566e-05
54 147 -0.0002161193103542452
54 146 -0.00056107897880428958
54 145 -0.0011928123475320831
54 84 -0.0012219053316182794
54 12 -2.1611931035424435e-06
54 34 -9.1435092842180187e-06
54 35 -2.4936843502412842e-05
54 36 -5.4861055705308593e-05
54 13 -7.6472986740735841e-05
54 61 -5.6523511938802338e-06
54 157 -2.2941896022219755e-05
54 158 -6.0845898145887237e-05
54 159 -0.00013133404244604141
54 58 -0.00015627088594846169
54 62 -9.4760005309168789e-06
54 160 -3.7405265253619306e-05
54 161 -9.7253689659410267e-05
54 162 -0.00020697580107002767
54 59 -0.00021445685412076367
54 63 -1.1304702387760608e-05
54 163 -4.3223862070849435e-05
54 164 -0.00010972211141061793
54 165 -0.00022941896022220175
54 60 -0.00019284492308534523
54 15 -1.3299649867953612e-05
54 39 -5.486105570530858e-05
54 38 -0.00014712737666423668
54 37 -0.00032002282494763466
54 14 -0.00040730177720609451
11 8 -0.00034911580903382539
11 28 -0.00040730177720609456
11 29 -0.00019450737931882821
11 30 -7.6472986740735787e-05
11 9 -1.9949474801931036e-05
11 55 -0.00011637193634471405
11 118 -0.0012219053316182803
11 119 -0.00062342108756034741
11 120 -0.00026599299735908139
11 52 -7.647298674073576e-05
11 56 0.0020946948542025483
11 115 -0.002443810663236525
11 116 -0.0013465895491303417
11 117 -0.00062342108756034708
11 53 -0.00019450737931882818
11 57 0.0081460355441216777
11 112 -0.0040730177720607877
11 113 -0.002443810663236525
11 114 -0.0012219053316182794
11 54 -0.00040730177720609462
11 11 0.048876213264730808
11 33 0.0081460355441216846
11 32 0.0020946948542025475
11 31 -0.00011637193634471402
11 10 -0.00034911580903382555
11 76 -0.00040730177720609472
11 121 -0.00032002282494763472
11 122 -0.00014712737666423671
11 123 -5.486105570530862e-05
11 79 -1.3299649867953629e-05
11 150 -0.0012219053316182805
11 328 -0.0011928123475320857
11 329 -0.00056107897880428948
11 330 -0.00021611931035424545
11 130 -5.4861055705308627e-05
11 149 -0.002443810663236525
11 331 -0.002967484376787117
11 332 -0.0014214000796375277
11 333 -0.00056107897880428958
11 131 -0.00014712737666423679
11 148 -0.0040730177720607877
11 334 -0.0061095266580910865
11 335 -0.0029674843767871165
11 336 -0.0011928123475320853
11 132 -0.00032002282494763483
11 85 0.0081460355441216811
11 141 -0.0040730177720607903
11 140 -0.0024438106632365271
11 139 -0.0012219053316182805
11 82 -0.00040730177720609478
11 77 -0.00019450737931882826
11 124 -0.00014712737666423666
11 125 -6.7329477456514746e-05
11 126 -2.4936843502412831e-05
11 80 -5.9848424405790915e-06
11 153 -0.0006234210875603473
11 337 -0.00056107897880428937
11 338 -0.00026183685677533448
11 339 -9.9747374009651095e-05
11 133 -2.4936843502412842e-05
11 152 -0.0013465895491303417
11 340 -0.0014214000796375277
11 341 -0.00067329477456514288
11 342 -0.00026183685677533443
11 134 -6.7329477456514733e-05
11 151 -0.0024438106632365267
11 343 -0.0029674843767871148
11 344 -0.0014214000796375279
11 345 -0.00056107897880428969
11 135 -0.00014712737666423666
11 86 0.0020946948542025423
11 144 -0.0024438106632365267
11 143 -0.0013465895491303424
11 142 -0.00062342108756034708
11 83 -0.00019450737931882826
11 78 -7.6472986740735774e-05
11 127 -5.486105570530858e-05
11 128 -2.4936843502412831e-05
11 129 -9.1435092842180119e-06
11 81 -2.1611931035424444e-06
11 156 -0.00026599299735908144
11 346 -0.00021611931035424526
11 347 -9.9747374009651109e-05
11 348 -3.7405265253619171e-05
11 136 -9.1435092842180153e-06
11 155 -0.00062342108756034697
11 349 -0.00056107897880428958
11 350 -0.0002618368567753341
11 351 -9.9747374009651082e-05
11 137 -2.4936843502412831e-05
11 154 -0.0012219053316182803
11 352 -0.0011928123475320833
11 353 -0.00056107897880428937
11 354 -0.0002161193103542452
11 138 -5.4861055705308566e-05
11 87 -0.00011637193634471848
11 147 -0.0012219053316182798
11 146 -0.00062342108756034686
11 145 -0.0002659929973590815
11 84 -7.6472986740735774e-05
11 12 -1.9949474801931033e-05
11 34 -1.3299649867953622e-05
11 35 -5.9848424405790873e-06
11 36 -2.1611931035424444e-06
11 13 -4.9873687004825611e-07
11 61 -7.6472986740735855e-05
11 157 -5.4861055705308607e-05
11 158 -2.4936843502412838e-05
11 159 -9.1435092842180221e-06
11 58 -2.1611931035424435e-06
11 62 -0.00019450737931882831
11 160 -0.00014712737666423676
11 161 -6.7329477456514746e-05
11 162 -2.4936843502412842e-05
11 59 -5.9848424405790873e-06
11 63 -0.00040730177720609494
11 163 -0.00032002282494763483
11 164 -0.00014712737666423674
11 165 -5.4861055705308586e-05
11 60 -1.329964986795361e-05
11 15 -0.00034911580903382712
11 39 -0.00040730177720609483
11 38 -0.00019450737931882837
11 37 -7.6472986740735814e-05
11 14 -1.9949474801931033e-05
33 8 -0.00040730177720609462
33 28 -0.00019284492308534504
33 29 -0.00021445685412076356
33 30 -0.00015627088594846159
33 9 -7.6472986740735801e-05
33 55 -0.0012219053316182803
33 118 -3.3249124669937283e-05
33 119 -0.00037405265253623126
33 120 -0.00040896423343959578
33 52 -0.00026599299735908144
33 56 -0.0024438106632365258
33 115 0.0012967158621254114
33 116 -7.4810530507285315e-05
33 117 -0.00066830740586470874
33 53 -0.00062342108756034686
33 57 -0.0040730177720607877
33 112 0.0048876213264730118
33 113 0.0012219053316182597
33 114 -0.00081460355441219758
33 54 -0.0012219053316182794
33 11 0.0081460355441216846
33 33 0.028394752468081246
33 32 0.01640844302458782
33 31 0.0058185968172295762
33 10 -0.00011637193634471448
33 76 -0.00032002282494763472
33 121 -0.00022941896022220189
33 122 -0.00020697580107002767
33 123 -0.00013133404244604146
33 79 -5.4861055705308634e-05
33 150 -0.0011928123475320859
33 328 -0.00068160705573262314
33 329 -0.000685763196316352
33 330 -0.0004704751140788555
33 130 -0.00021611931035424545
33 149 -0.0029674843767871187
33 331 -0.0013465895491302784
33 332 -0.0015336158753983665
33 333 -0.0011321326950095342
33 131 -0.00056107897880428969
33 148 -0.0061095266580910891
33 334 -0.0022110667905471787
33 335 -0.0028802054245285987
33 336 -0.0022692527587195375
33 132 -0.0011928123475320855
33 85 -0.0040730177720607903
33 141 0.004887621326473004
33 140 0.0012219053316182562
33 139 -0.00081460355441219899
33 82 -0.0012219053316182803
33 77 -0.00014712737666423666
33 124 -0.00010972211141061788
33 125 -9.725368965941024e-05
33 126 -6.0845898145887243e-05
33 80 -2.4936843502412835e-05
33 153 -0.00056107897880428958
33 337 -0.00034911580903378294
33 338 -0.00033664738728257215
33 339 -0.00022443159152171459
33 133 -9.9747374009651082e-05
33 152 -0.0014214000796375281
33 340 -0.00074810530507238542
33 341 -0.00078551057032599585
33 342 -0.00055359792575356091
33 134 -0.00026183685677533443
33 151 -0.0029674843767871157
33 343 -0.001346589549130278
33 344 -0.0015336158753983652
33 345 -0.0011321326950095331
33 135 -0.00056107897880428958
33 86 -0.002443810663236525
33 144 0.0012967158621254075
33 143 -7.4810530507287483e-05
33 142 -0.00066830740586470982
33 83 -0.00062342108756034708
33 78 -5.4861055705308566e-05
33 127 -4.3223862070849414e-05
33 128 -3.7405265253619293e-05
33 129 -2.2941896022219724e-05
33 81 -9.1435092842180153e-06
33 156 -0.00021611931035424526
33 346 -0.00014962106101447888
33 347 -0.00013715263926327044
33 348 -8.8110180375191693e-05
33 136 -3.7405265253619178e-05
33 155 -0.0005610789788042898
33 349 -0.00034911580903378289
33 350 -0.00033664738728257209
33 351 -0.00022443159152171443
33 137 -9.9747374009651082e-05
33 154 -0.0011928123475320835
33 352 -0.00068160705573262227
33 353 -0.00068576319631635102
33 354 -0.00047047511407885464
33 138 -0.0002161193103542452
33 87 -0.0012219053316182794
33 147 -3.3249124669938753e-05
33 146 -0.00037405265253623174
33 145 -0.00040896423343959594
33 84 -0.0002659929973590815
33 12 -1.3299649867953622e-05
33 34 -1.130470238776061e-05
33 35 -9.4760005309168789e-06
33 36 -5.6523511938802338e-06
33 13 -2.1611931035424435e-06
33 61 -5.48610557053086e-05
33 157 -4.3223862070849435e-05
33 158 -3.7405265253619293e-05
33 159 -2.2941896022219752e-05
33 58 -9.1435092842180221e-06
33 62 -0.00014712737666423674
33 160 -0.00010972211141061795
33 161 -9.725368965941024e-05
33 162 -6.084589814588725e-05
33 59 -2.4936843502412842e-05
33 63 -0.00032002282494763483
33 163 -0.00022941896022220183
33 164 -0.00020697580107002767
33 165 -0.00013133404244604141
33 60 -5.4861055705308573e-05
33 15 -0.00040730177720609489
33 39 -0.00019284492308534542
33 38 -0.00021445685412076369
33 37 -0.00015627088594846172
33 14 -7.6472986740735801e-05
32 8 -0.00019450737931882823
32 28 -0.00021445685412076361
32 29 -0.00022941896022221235
32 30 -0.00021445685412076369
32 9 -0.00019450737931882829
32 55 -0.00062342108756034741
32 118 -0.00037405265253623131
32 119 -0.00030921685942995853
32 120 -0.00037405265253623158
32 52 -0.00062342108756034741
32 56 -0.0013465895491303421
32 115 -7.4810530507285952e-05
32 116 0.00032916633423181192
32 117 -7.4810530507286169e-05
32 53 -0.0013465895491303413
32 57 -0.0024438106632365245
32 112 0.0012219053316182597
32 113 0.0024438106632365467
32 114 0.0012219053316182588
32 54 -0.0024438106632365232
32 11 0.0020946948542025475
32 33 0.01640844302458782
32 32 0.021645180160094639
32 31 0.016408443024587827
32 10 0.0020946948542025475
32 76 -0.00014712737666423671
32 121 -0.00020697580107002772
32 122 -0.00023440632892268108
32 123 -0.00020697580107002772
32 79 -0.00014712737666423668
32 150 -0.00056107897880428958
32 328 -0.000685763196316352
32 329 -0.00075309267377286283
32 330 -0.000685763196316352
32 130 -0.00056107897880428948
32 149 -0.0014214000796375285
32 331 -0.0015336158753983665
32 332 -0.0016308695650577606
32 333 -0.001533615875398367
32 131 -0.0014214000796375281
32 148 -0.002967484376787117
32 334 -0.0028802054245285979
32 335 -0.002967484376787002
32 336 -0.0028802054245286
32 132 -0.0029674843767871165
32 85 -0.0024438106632365254
32 141 0.0012219053316182566
32 140 0.002443810663236541
32 139 0.0012219053316182547
32 82 -0.0024438106632365263
32 77 -6.7329477456514733e-05
32 124 -9.725368965941024e-05
32 125 -0.0001107195851507127
32 126 -9.7253689659410267e-05
32 80 -6.7329477456514733e-05
32 153 -0.00026183685677533448
32 337 -0.0003366473872825722
32 338 -0.00037405265253618968
32 339 -0.00033664738728257215
32 133 -0.00026183685677533443
32 152 -0.00067329477456514288
32 340 -0.00078551057032599596
32 341 -0.00085284004778250495
32 342 -0.00078551057032599596
32 134 -0.00067329477456514266
32 151 -0.0014214000796375281
32 343 -0.0015336158753983652
32 344 -0.0016308695650577589
32 345 -0.0015336158753983652
32 135 -0.0014214000796375274
32 86 -0.0013465895491303424
32 144 -7.4810530507287876e-05
32 143 0.00032916633423180975
32 142 -7.4810530507288215e-05
32 83 -0.0013465895491303421
32 78 -2.4936843502412831e-05
32 127 -3.7405265253619293e-05
32 128 -4.2891370824149998e-05
32 129 -3.7405265253619286e-05
32 81 -2.4936843502412825e-05
32 156 -9.9747374009651123e-05
32 346 -0.0001371526392632705
32 347 -0.00015460842971495899
32 348 -0.0001371526392632705
32 136 -9.9747374009651082e-05
32 155 -0.00026183685677533416
32 349 -0.00033664738728257209
32 350 -0.00037405265253618962
32 351 -0.00033664738728257215
32 137 -0.00026183685677533399
32 154 -0.00056107897880428958
32 352 -0.00068576319631635102
32 353 -0.00075309267377286131
32 354 -0.00068576319631635091
32 138 -0.00056107897880428948
32 87 -0.00062342108756034697
32 147 -0.00037405265253623169
32 146 -0.00030921685942995951
32 145 -0.00037405265253623185
32 84 -0.00062342108756034665
32 12 -5.9848424405790873e-06
32 34 -9.4760005309168789e-06
32 35 -1.0972211141061623e-05
32 36 -9.4760005309168789e-06
32 13 -5.9848424405790864e-06
32 61 -2.4936843502412845e-05
32 157 -3.7405265253619306e-05
32 158 -4.2891370824150019e-05
32 159 -3.7405265253619293e-05
32 58 -2.4936843502412831e-05
32 62 -6.7329477456514746e-05
32 160 -9.725368965941024e-05
32 161 -0.00011071958515071278
32 162 -9.7253689659410254e-05
32 59 -6.7329477456514719e-05
32 63 -0.00014712737666423674
32 163 -0.0002069758010700277
32 164 -0.00023440632892268099
32 165 -0.0002069758010700277
32 60 -0.00014712737666423668
32 15 -0.00019450737931882834
32 39 -0.00021445685412076369
32 38 -0.00022941896022221246
32 37 -0.00021445685412076372
32 14 -0.00019450737931882829
31 8 -7.6472986740735787e-05
31 28 -0.00015627088594846159
31 29 -0.00021445685412076369
31 30 -0.0001928449230853451
31 9 -0.00040730177720609478
31 55 -0.00026599299735908139
31 118 -0.00040896423343959578
31 119 -0.00037405265253623153
31 120 -3.3249124669937649e-05
31 52 -0.0012219053316182805
31 56 -0.00062342108756034697
31 115 -0.00066830740586470874
31 116 -7.4810530507285898e-05
31 117 0.0012967158621254127
31 53 -0.002443810663236525
31 57 -0.0012219053316182794
31 112 -0.00081460355441219715
31 113 0.0012219053316182603
31 114 0.0048876213264730153
31 54 -0.0040730177720607842
31 11 -0.00011637193634471402
31 33 0.0058185968172295762
31 32 0.016408443024587827
31 31 0.028394752468081257
31 10 0.0081460355441216811
31 76 -5.486105570530862e-05
31 121 -0.00013133404244604146
31 122 -0.00020697580107002772
31 123 -0.00022941896022220178
31 79 -0.00032002282494763472
31 150 -0.00021611931035424547
31 328 -0.0004704751140788555
31 329 -0.000685763196316352
31 330 -0.00068160705573262314
31 130 -0.0011928123475320857
31 149 -0.00056107897880428958
31 331 -0.0011321326950095342
31 332 -0.001533615875398367
31 333 -0.001346589549130278
31 131 -0.002967484376787117
31 148 -0.0011928123475320853
31 334 -0.0022692527587195375
31 335 -0.0028802054245285996
31 336 -0.0022110667905471774
31 132 -0.00610952665809109
31 85 -0.0012219053316182805
31 141 -0.00081460355441219877
31 140 0.0012219053316182545
31 139 0.0048876213264730075
31 82 -0.0040730177720607929
31 77 -2.4936843502412835e-05
31 124 -6.0845898145887237e-05
31 125 -9.7253689659410254e-05
31 126 -0.00010972211141061781
31 80 -0.00014712737666423666
31 153 -9.9747374009651095e-05
31 337 -0.00022443159152171459
31 338 -0.00033664738728257215
31 339 -0.00034911580903378283
31 133 -0.00056107897880428937
31 152 -0.00026183685677533443
31 340 -0.00055359792575356101
31 341 -0.00078551057032599618
31 342 -0.00074810530507238521
31 134 -0.0014214000796375277
31 151 -0.00056107897880428969
31 343 -0.0011321326950095331
31 344 -0.0015336158753983657
31 345 -0.0013465895491302773
31 135 -0.0029674843767871161
31 86 -0.00062342108756034719
31 144 -0.00066830740586470972
31 143 -7.4810530507288134e-05
31 142 0.0012967158621254083
31 83 -0.0024438106632365276
31 78 -9.1435092842180136e-06
31 127 -2.2941896022219724e-05
31 128 -3.7405265253619286e-05
31 129 -4.322386207084938e-05
31 81 -5.4861055705308546e-05
31 156 -3.7405265253619171e-05
31 346 -8.8110180375191693e-05
31 347 -0.0001371526392632705
31 348 -0.00014962106101447883
31 136 -0.00021611931035424523
31 155 -9.9747374009651082e-05
31 349 -0.0002244315915217144
31 350 -0.00033664738728257215
31 351 -0.00034911580903378289
31 137 -0.00056107897880428958
31 154 -0.00021611931035424517
31 352 -0.00047047511407885458
31 353 -0.00068576319631635102
31 354 -0.00068160705573262217
31 138 -0.0011928123475320833
31 87 -0.0002659929973590815
31 147 -0.00040896423343959605
31 146 -0.00037405265253623185
31 145 -3.3249124669938604e-05
31 84 -0.0012219053316182792
31 12 -2.1611931035424444e-06
31 34 -5.6523511938802338e-06
31 35 -9.4760005309168789e-06
31 36 -1.1304702387760608e-05
31 13 -1.3299649867953614e-05
31 61 -9.1435092842180221e-06
31 157 -2.2941896022219755e-05
31 158 -3.7405265253619293e-05
31 159 -4.3223862070849428e-05
31 58 -5.4861055705308573e-05
31 62 -2.4936843502412842e-05
31 160 -6.0845898145887243e-05
31 161 -9.7253689659410254e-05
31 162 -0.0001097221114106179
31 59 -0.00014712737666423666
31 63 -5.4861055705308586e-05
31 163 -0.00013133404244604141
31 164 -0.0002069758010700277
31 165 -0.00022941896022220175
31 60 -0.00032002282494763461
31 15 -7.6472986740735814e-05
31 39 -0.00015627088594846172
31 38 -0.00021445685412076372
31 37 -0.00019284492308534537
31 14 -0.00040730177720609462
10 8 -1.9949474801931036e-05
10 28 -7.6472986740735801e-05
10 29 -0.00019450737931882826
10 30 -0.00040730177720609472
10 9 -0.00034911580903382577
10 55 -7.647298674073576e-05
10 118 -0.00026599299735908144
10 119 -0.00062342108756034741
10 120 -0.0012219053316182805
10 52 -0.00011637193634471537
10 56 -0.00019450737931882818
10 115 -0.00062342108756034686
10 116 -0.0013465895491303411
10 117 -0.0024438106632365245
10 53 0.0020946948542025475
10 57 -0.00040730177720609456
10 112 -0.0012219053316182792
10 113 -0.0024438106632365228
10 114 -0.0040730177720607851
10 54 0.0081460355441216829
10 11 -0.00034911580903382555
10 33 -0.00011637193634471448
10 32 0.0020946948542025475
10 31 0.0081460355441216811
10 10 0.048876213264730808
10 76 -1.3299649867953629e-05
10 121 -5.4861055705308627e-05
10 122 -0.00014712737666423671
10 123 -0.00032002282494763477
10 79 -0.00040730177720609489
10 150 -5.4861055705308627e-05
10 328 -0.00021611931035424545
10 329 -0.00056107897880428948
10 330 -0.0011928123475320855
10 130 -0.0012219053316182811
10 149 -0.00014712737666423679
10 331 -0.00056107897880428958
10 332 -0.0014214000796375277
10 333 -0.0029674843767871165
10 131 -0.0024438106632365276
10 148 -0.00032002282494763488
10 334 -0.001192812347532085
10 335 -0.0029674843767871161
10 336 -0.0061095266580910865
10 132 -0.0040730177720607929
10 85 -0.00040730177720609478
10 141 -0.0012219053316182801
10 140 -0.0024438106632365258
10 139 -0.0040730177720607937
10 82 0.0081460355441216881
10 77 -5.9848424405790915e-06
10 124 -2.4936843502412835e-05
10 125 -6.7329477456514746e-05
10 126 -0.00014712737666423666
10 80 -0.00019450737931882837
10 153 -2.4936843502412842e-05
10 337 -9.9747374009651095e-05
10 338 -0.00026183685677533443
10 339 -0.00056107897880428948
10 133 -0.00062342108756034741
10 152 -6.7329477456514746e-05
10 340 -0.00026183685677533448
10 341 -0.00067329477456514277
10 342 -0.0014214000796375274
10 134 -0.0013465895491303421
10 151 -0.00014712737666423668
10 343 -0.00056107897880428958
10 344 -0.0014214000796375274
10 345 -0.0029674843767871152
10 135 -0.0024438106632365285
10 86 -0.00019450737931882826
10 144 -0.00062342108756034708
10 143 -0.0013465895491303421
10 142 -0.0024438106632365285
10 83 0.0020946948542025414
10 78 -2.1611931035424444e-06
10 127 -9.1435092842180136e-06
10 128 -2.4936843502412825e-05
10 129 -5.4861055705308546e-05
10 81 -7.6472986740735787e-05
10 156 -9.1435092842180153e-06
10 346 -3.7405265253619178e-05
10 347 -9.9747374009651082e-05
10 348 -0.0002161193103542452
10 136 -0.00026599299735908139
10 155 -2.4936843502412835e-05
10 349 -9.9747374009651095e-05
10 350 -0.00026183685677533405
10 351 -0.00056107897880428948
10 137 -0.00062342108756034676
10 154 -5.4861055705308566e-05
10 352 -0.0002161193103542452
10 353 -0.00056107897880428948
10 354 -0.0011928123475320835
10 138 -0.0012219053316182798
10 87 -7.6472986740735774e-05
10 147 -0.00026599299735908144
10 146 -0.00062342108756034665
10 145 -0.0012219053316182796
10 84 -0.00011637193634471806
10 12 -4.9873687004825611e-07
10 34 -2.1611931035424435e-06
10 35 -5.9848424405790864e-06
10 36 -1.3299649867953612e-05
10 13 -1.994947480193103e-05
10 61 -2.1611931035424435e-06
10 157 -9.1435092842180221e-06
10 158 -2.4936843502412835e-05
10 159 -5.4861055705308573e-05
10 58 -7.6472986740735814e-05
10 62 -5.9848424405790873e-06
10 160 -2.4936843502412842e-05
10 161 -6.7329477456514719e-05
10 162 -0.00014712737666423666
10 59 -0.00019450737931882818
10 63 -1.329964986795361e-05
10 163 -5.4861055705308573e-05
10 164 -0.00014712737666423666
10 165 -0.00032002282494763472
10 60 -0.00040730177720609462
10 15 -1.9949474801931033e-05
10 39 -7.6472986740735814e-05
10 38 -0.00019450737931882829
10 37 -0.00040730177720609467
10 14 -0.00034911580903382685
76 8 0.0081460355441216811
76 28 -0.0040730177720607868
76 29 -0.0024438106632365254
76 30 -0.0012219053316182809
76 9 -0.00040730177720609462
76 55 -0.0040730177720607911
76 118 -0.0061095266580910882
76 119 -0.0029674843767871174
76 120 -0.001192812347532085
76 52 -0.0003200228249476345
76 56 -0.0024438106632365267
76 115 -0.0029674843767871165
76 116 -0.0014214000796375274
76 117 -0.00056107897880428893
76 53 -0.00014712737666423666
76 57 -0.0012219053316182803
76 112 -0.0011928123475320848
76 113 -0.00056107897880428926
76 114 -0.00021611931035424534
76 54 -5.4861055705308593e-05
76 11 -0.00040730177720609472
76 33 -0.00032002282494763472
76 32 -0.00014712737666423671
76 31 -5.486105570530862e-05
76 10 -1.3299649867953629e-05
76 76 0.02839475246808125
76 121 0.0048876213264730118
76 122 0.0012967158621254081
76 123 -3.3249124669938225e-05
76 79 -0.00019284492308534494
76 150 0.0048876213264730118
76 328 -0.002211066790547177
76 329 -0.0013465895491302771
76 330 -0.00068160705573262238
76 130 -0.00022941896022220159
76 149 0.0012967158621254101
76 331 -0.0013465895491302767
76 332 -0.00074810530507238467
76 333 -0.00034911580903378267
76 131 -0.00010972211141061778
76 148 -3.324912466993773e-05
76 334 -0.00068160705573262238
76 335 -0.00034911580903378267
76 336 -0.00014962106101447866
76 132 -4.3223862070849394e-05
76 85 -0.00019284492308534483
76 141 -0.00022941896022220164
76 140 -0.00010972211141061784
76 139 -4.3223862070849407e-05
76 82 -1.130470238776061e-05
76 77 0.016408443024587806
76 124 0.001221905331618261
76 125 -7.4810530507287714e-05
76 126 -0.00037405265253623136
76 80 -0.00021445685412076348
76 153 0.0012219053316182586
76 337 -0.0028802054245285983
76 338 -0.0015336158753983657
76 339 -0.0006857631963163508
76 133 -0.00020697580107002762
76 152 -7.4810530507287795e-05
76 340 -0.0015336158753983654
76 341 -0.00078551057032599531
76 342 -0.00033664738728257182
76 134 -9.7253689659410227e-05
76 151 -0.00037405265253623142
76 343 -0.00068576319631635091
76 344 -0.00033664738728257182
76 345 -0.00013715263926327039
76 135 -3.7405265253619279e-05
76 86 -0.0002144568541207635
76 144 -0.00020697580107002764
76 143 -9.7253689659410227e-05
76 142 -3.7405265253619293e-05
76 83 -9.4760005309168738e-06
76 78 0.0058185968172295736
76 127 -0.00081460355441219682
76 128 -0.00066830740586470939
76 129 -0.00040896423343959615
76 81 -0.00015627088594846153
76 156 -0.00081460355441219845
76 346 -0.0022692527587195375
76 347 -0.0011321326950095331
76 348 -0.00047047511407885502
76 136 -0.00013133404244604143
76 155 -0.00066830740586470993
76 349 -0.0011321326950095331
76 350 -0.0005535979257535608
76 351 -0.00022443159152171456
76 137 -6.0845898145887216e-05
76 154 -0.00040896423343959605
76 352 -0.00047047511407885507
76 353 -0.00022443159152171456
76 354 -8.8110180375191707e-05
76 138 -2.2941896022219741e-05
76 87 -0.00015627088594846161
76 147 -0.00013133404244604143
76 146 -6.084589814588725e-05
76 145 -2.2941896022219748e-05
76 84 -5.6523511938802338e-06
76 12 -0.00011637193634471666
76 34 -0.0012219053316182785
76 35 -0.00062342108756034697
76 36 -0.00026599299735908155
76 13 -7.6472986740735828e-05
76 61 -0.001221905331618279
76 157 -0.0011928123475320857
76 158 -0.00056107897880428958
76 159 -0.00021611931035424531
76 58 -5.4861055705308634e-05
76 62 -0.00062342108756034708
76 160 -0.00056107897880428958
76 161 -0.00026183685677533426
76 162 -9.974737400965115e-05
76 59 -2.4936843502412848e-05
76 63 -0.00026599299735908155
76 163 -0.00021611931035424539
76 164 -9.9747374009651163e-05
76 165 -3.7405265253619185e-05
76 60 -9.1435092842180271e-06
76 15 -7.6472986740735841e-05
76 39 -5.4861055705308641e-05
76 38 -2.4936843502412852e-05
76 37 -9.1435092842180271e-06
76 14 -2.1611931035424448e-06
121 8 -0.0040730177720607877
121 28 0.0048876213264730031
121 29 0.001221905331618254
121 30 -0.00081460355441219888
121 9 -0.0012219053316182801
121 55 -0.0061095266580910882
121 118 -0.0022110667905471761
121 119 -0.0028802054245285974
121 120 -0.0022692527587195358
121 52 -0.0011928123475320848
121 56 -0.0029674843767871165
121 115 -0.0013465895491302767
121 116 -0.0015336158753983654
121 117 -0.0011321326950095329
121 53 -0.00056107897880428904
121 57 -0.0011928123475320848
121 112 -0.00068160705573262249
121 113 -0.00068576319631635167
121 114 -0.00047047511407885534
121 54 -0.00021611931035424531
121 11 -0.00032002282494763472
121 33 -0.00022941896022220189
121 32 -0.00020697580107002772
121 31 -0.00013133404244604146
121 10 -5.4861055705308627e-05
121 76 0.0048876213264730118
121 121 0.016491565836262385
121 122 0.0095757479049264974
121 123 0.0034313096659319255
121 79 -3.3249124669937507e-05
121 150 -0.0022110667905471774
121 328 0.0029259229709498193
121 329 0.00079797899207725538
121 330 -0.00041228914590655066
121 130 -0.00068160705573262238
121 149 -0.0013465895491302769
121 331 0.00079797899207718697
121 332 -6.3950646127293746e-18
121 333 -0.00035909054643475059
121 131 -0.00034911580903378262
121 148 -0.00068160705573262249
121 334 -2.0881338433057178e-17
121 335 -0.00019949474801931263
121 336 -0.00022609404775521515
121 132 -0.00014962106101447869
121 85 -0.00022941896022220164
121 141 -0.00010639719894363453
121 140 -0.00011969684881158484
121 139 -8.7777689128494825e-05
121 82 -4.3223862070849401e-05
121 77 0.0012219053316182612
121 124 0.0095757479049264852
121 125 0.0050871160744921659
121 126 0.0014563116605408424
121 80 -0.00037405265253623142
121 153 -0.0028802054245285996
121 337 0.00079797899207725354
121 338 -0.00044886318304338175
121 339 -0.00086780215388394767
121 133 -0.0006857631963163508
121 152 -0.0015336158753983659
121 340 -7.3773326224489437e-18
121 341 -0.00044886318304342371
121 342 -0.00050871160744921822
121 134 -0.00033664738728257193
121 151 -0.00068576319631635091
121 343 -0.00019949474801931303
121 344 -0.00029924212202895586
121 345 -0.00024936843502412873
121 135 -0.00013715263926327039
121 86 -0.00020697580107002764
121 144 -0.00011969684881158489
121 143 -0.0001196968488115825
121 142 -8.1792846687914447e-05
121 83 -3.7405265253619286e-05
121 78 -0.00081460355441219693
121 127 0.0034313096659319225
121 128 0.0014563116605408419
121 129 0.00010639719894357436
121 81 -0.0004089642334395961
121 156 -0.0022692527587195384
121 346 -0.00041228914590655218
121 347 -0.00086780215388394778
121 348 -0.00079797899207720334
121 136 -0.00047047511407885507
121 155 -0.0011321326950095338
121 349 -0.00035909054643475205
121 350 -0.00050871160744921833
121 351 -0.00041494907588014712
121 137 -0.00022443159152171462
121 154 -0.00047047511407885507
121 352 -0.00022609404775521556
121 353 -0.00024936843502412884
121 354 -0.00018087523820416746
121 138 -8.8110180375191693e-05
121 87 -0.00013133404244604143
121 147 -8.7777689128494866e-05
121 146 -8.179284668791442e-05
121 145 -5.3198599471814035e-05
121 84 -2.2941896022219745e-05
121 12 -0.001221905331618279
121 34 -3.3249124669937872e-05
121 35 -0.00037405265253623147
121 36 -0.00040896423343959621
121 13 -0.00026599299735908166
121 61 -0.0011928123475320859
121 157 -0.00068160705573262314
121 158 -0.00068576319631635167
121 159 -0.00047047511407885518
121 58 -0.00021611931035424539
121 62 -0.00056107897880428958
121 160 -0.00034911580903378316
121 161 -0.00033664738728257242
121 162 -0.00022443159152171473
121 59 -9.9747374009651136e-05
121 63 -0.00021611931035424536
121 163 -0.00014962106101447893
121 164 -0.00013715263926327055
121 165 -8.8110180375191734e-05
121 60 -3.7405265253619198e-05
121 15 -5.4861055705308647e-05
121 39 -4.3223862070849448e-05
121 38 -3.7405265253619313e-05
121 37 -2.2941896022219768e-05
121 14 -9.1435092842180288e-06
122 8 -0.0024438106632365241
122 28 0.0012219053316182545
122 29 0.002443810663236538
122 30 0.0012219053316182538
122 9 -0.0024438106632365237
122 55 -0.0029674843767871165
122 118 -0.0028802054245285966
122 119 -0.0029674843767870012
122 120 -0.0028802054245285992
122 52 -0.0029674843767871161
122 56 -0.0014214000796375274
122 115 -0.0015336158753983657
122 116 -0.00163086956505776
122 117 -0.0015336158753983661
122 53 -0.001421400079637527
122 57 -0.00056107897880428915
122 112 -0.00068576319631635167
122 113 -0.00075309267377286228
122 114 -0.00068576319631635178
122 54 -0.00056107897880428937
122 11 -0.00014712737666423671
122 33 -0.00020697580107002767
122 32 -0.00023440632892268108
122 31 -0.00020697580107002772
122 10 -0.00014712737666423671
122 76 0.0012967158621254081
122 121 0.0095757479049264974
122 122 0.012608068074819919
122 123 0.0095757479049264974
122 79 0.0012967158621254101
122 150 -0.0013465895491302773
122 328 0.00079797899207725538
122 329 0.0015161600849467694
122 330 0.00079797899207725528
122 130 -0.0013465895491302767
122 149 -0.00074810530507238467
122 331 -6.4391334870469052e-18
122 332 0.00023939369762316051
122 333 -6.6151162849696259e-18
122 131 -0.00074810530507238445
122 148 -0.00034911580903378267
122 334 -0.0001994947480193126
122 335 -0.00015959579841545225
122 336 -0.00019949474801931263
122 132 -0.00034911580903378262
122 85 -0.00010972211141061785
122 141 -0.00011969684881158484
122 140 -0.00012767663873235703
122 139 -0.00011969684881158488
122 82 -0.00010972211141061781
122 77 -7.4810530507287429e-05
122 124 0.0050871160744921659
122 125 0.0069424172310716846
122 126 0.0050871160744921668
122 80 -7.4810530507287131e-05
122 153 -0.0015336158753983657
122 337 -0.00044886318304338175
122 338 -0.00011969684881151077
122 339 -0.0004488631830433818
122 133 -0.0015336158753983654
122 152 -0.00078551057032599564
122 340 -0.00044886318304342382
122 341 -0.00035909054643473194
122 342 -0.00044886318304342414
122 134 -0.00078551057032599542
122 151 -0.00033664738728257177
122 343 -0.00029924212202895586
122 344 -0.00029924212202895478
122 345 -0.00029924212202895597
122 135 -0.00033664738728257193
122 86 -9.7253689659410227e-05
122 144 -0.0001196968488115825
122 143 -0.00013166653369274078
122 142 -0.00011969684881158248
122 83 -9.72536896594102e-05
122 78 -0.00066830740586470961
122 127 0.0014563116605408421
122 128 0.0021944422282122612
122 129 0.0014563116605408415
122 81 -0.00066830740586470961
122 156 -0.0011321326950095335
122 346 -0.00086780215388394778
122 347 -0.00081792846687911121
122 348 -0.00086780215388394854
122 136 -0.0011321326950095331
122 155 -0.00055359792575356069
122 349 -0.00050871160744921844
122 350 -0.00051469644988979418
122 351 -0.00050871160744921865
122 137 -0.00055359792575356091
122 154 -0.00022443159152171459
122 352 -0.00024936843502412884
122 353 -0.00026732296234586528
122 354 -0.00024936843502412878
122 138 -0.00022443159152171456
122 87 -6.0845898145887237e-05
122 147 -8.1792846687914433e-05
122 146 -9.1767584088879291e-05
122 145 -8.1792846687914406e-05
122 84 -6.0845898145887223e-05
122 12 -0.00062342108756034719
122 34 -0.00037405265253623126
122 35 -0.00030921685942995934
122 36 -0.00037405265253623191
122 13 -0.00062342108756034719
122 61 -0.00056107897880428958
122 157 -0.00068576319631635167
122 158 -0.00075309267377286218
122 159 -0.00068576319631635167
122 58 -0.00056107897880428958
122 62 -0.00026183685677533421
122 160 -0.00033664738728257236
122 161 -0.00037405265253618989
122 162 -0.00033664738728257247
122 59 -0.00026183685677533432
122 63 -9.9747374009651163e-05
122 163 -0.00013715263926327055
122 164 -0.0001546084297149591
122 165 -0.00013715263926327061
122 60 -9.9747374009651177e-05
122 15 -2.4936843502412848e-05
122 39 -3.7405265253619313e-05
122 38 -4.2891370824150012e-05
122 37 -3.7405265253619313e-05
122 14 -2.4936843502412852e-05
123 8 -0.0012219053316182805
123 28 -0.00081460355441219932
123 29 0.0012219053316182527
123 30 0.0048876213264730075
123 9 -0.0040730177720607868
123 55 -0.0011928123475320848
123 118 -0.0022692527587195358
123 119 -0.0028802054245285987
123 120 -0.0022110667905471774
123 52 -0.00610952665809109
123 56 -0.00056107897880428893
123 115 -0.0011321326950095327
123 116 -0.0015336158753983661
123 117 -0.0013465895491302769
123 53 -0.0029674843767871161
123 57 -0.00021611931035424534
123 112 -0.00047047511407885534
123 113 -0.00068576319631635178
123 114 -0.00068160705573262227
123 54 -0.0011928123475320846
123 11 -5.486105570530862e-05
123 33 -0.00013133404244604146
123 32 -0.00020697580107002772
123 31 -0.00022941896022220178
123 10 -0.00032002282494763477
123 76 -3.3249124669938225e-05
123 121 0.0034313096659319255
123 122 0.0095757479049264974
123 123 0.016491565836262385
123 79 0.0048876213264730118
123 150 -0.00068160705573262238
123 328 -0.00041228914590655066
123 329 0.00079797899207725506
123 330 0.002925922970949821
123 130 -0.0022110667905471766
123 149 -0.00034911580903378267
123 331 -0.00035909054643475059
123 332 -6.5494720458102023e-18
123 333 0.00079797899207718708
123 131 -0.0013465895491302767
123 148 -0.00014962106101447866
123 334 -0.00022609404775521515
123 335 -0.00019949474801931276
123 336 -2.0953543324223398e-17
123 132 -0.00068160705573262238
123 85 -4.3223862070849407e-05
123 141 -8.7777689128494825e-05
123 140 -0.00011969684881158488
123 139 -0.00010639719894363451
123 82 -0.00022941896022220162
123 77 -0.00037405265253623147
123 124 0.0014563116605408421
123 125 0.0050871160744921668
123 126 0.0095757479049264852
123 80 0.001221905331618259
123 153 -0.00068576319631635091
123 337 -0.00086780215388394767
123 338 -0.00044886318304338191
123 339 0.00079797899207725473
123 133 -0.002880205424528597
123 152 -0.00033664738728257182
123 340 -0.00050871160744921822
123 341 -0.00044886318304342409
123 342 -7.4494537680555002e-18
123 134 -0.0015336158753983657
123 151 -0.00013715263926327042
123 343 -0.00024936843502412873
123 344 -0.00029924212202895586
123 345 -0.00019949474801931295
123 135 -0.00068576319631635091
123 86 -3.7405265253619293e-05
123 144 -8.1792846687914447e-05
123 143 -0.0001196968488115825
123 142 -0.00011969684881158484
123 83 -0.00020697580107002753
123 78 -0.0004089642334395961
123 127 0.00010639719894357437
123 128 0.0014563116605408413
123 129 0.0034313096659319216
123 81 -0.0008146035544121978
123 156 -0.00047047511407885502
123 346 -0.00079797899207720313
123 347 -0.00086780215388394864
123 348 -0.00041228914590655174
123 136 -0.0022692527587195375
123 155 -0.00022443159152171456
123 349 -0.00041494907588014712
123 350 -0.00050871160744921855
123 351 -0.00035909054643475211
123 137 -0.0011321326950095331
123 154 -8.8110180375191707e-05
123 352 -0.00018087523820416746
123 353 -0.00024936843502412884
123 354 -0.00022609404775521551
123 138 -0.00047047511407885496
123 87 -2.2941896022219748e-05
123 147 -5.3198599471814035e-05
123 146 -8.1792846687914406e-05
123 145 -8.7777689128494852e-05
123 84 -0.00013133404244604138
123 12 -0.0002659929973590815
123 34 -0.00040896423343959621
123 35 -0.00037405265253623185
123 36 -3.3249124669938394e-05
123 13 -0.0012219053316182796
123 61 -0.00021611931035424531
123 157 -0.00047047511407885512
123 158 -0.00068576319631635167
123 159 -0.00068160705573262314
123 58 -0.0011928123475320857
123 62 -9.974737400965115e-05
123 160 -0.00022443159152171473
123 161 -0.00033664738728257242
123 162 -0.00034911580903378321
123 59 -0.00056107897880428969
123 63 -3.7405265253619191e-05
123 163 -8.8110180375191734e-05
123 164 -0.00013715263926327058
123 165 -0.00014962106101447891
123 60 -0.00021611931035424528
123 15 -9.1435092842180271e-06
123 39 -2.2941896022219768e-05
123 38 -3.7405265253619313e-05
123 37 -4.3223862070849428e-05
123 14 -5.486105570530862e-05
79 8 -0.00040730177720609462
79 28 -0.0012219053316182803
79 29 -0.0024438106632365237
79 30 -0.0040730177720607894
79 9 0.0081460355441216759
79 55 -0.00032002282494763461
79 118 -0.001192812347532085
79 119 -0.0029674843767871165
79 120 -0.0061095266580910891
79 52 -0.004073017772060792
79 56 -0.00014712737666423666
79 115 -0.00056107897880428915
79 116 -0.0014214000796375274
79 117 -0.0029674843767871165
79 53 -0.0024438106632365267
79 57 -5.4861055705308593e-05
79 112 -0.00021611931035424534
79 113 -0.00056107897880428926
79 114 -0.0011928123475320846
79 54 -0.0012219053316182805
79 11 -1.3299649867953629e-05
79 33 -5.4861055705308634e-05
79 32 -0.00014712737666423668
79 31 -0.00032002282494763472
79 10 -0.00040730177720609489
79 76 -0.00019284492308534494
79 121 -3.3249124669937507e-05
79 122 0.0012967158621254101
79 123 0.0048876213264730118
79 79 0.028394752468081246
79 150 -0.00022941896022220159
79 328 -0.00068160705573262238
79 329 -0.0013465895491302764
79 330 -0.0022110667905471761
79 130 0.0048876213264730127
79 149 -0.00010972211141061778
79 331 -0.00034911580903378262
79 332 -0.00074810530507238434
79 333 -0.0013465895491302769
79 131 0.0012967158621254094
79 148 -4.3223862070849394e-05
79 334 -0.00014962106101447869
79 335 -0.00034911580903378256
79 336 -0.00068160705573262227
79 132 -3.3249124669938516e-05
79 85 -1.130470238776061e-05
79 141 -4.3223862070849401e-05
79 140 -0.0001097221114106178
79 139 -0.00022941896022220162
79 82 -0.00019284492308534507
79 77 -0.00021445685412076348
79 124 -0.00037405265253623126
79 125 -7.4810530507286806e-05
79 126 0.0012219053316182595
79 80 0.016408443024587806
79 153 -0.00020697580107002762
79 337 -0.0006857631963163508
79 338 -0.0015336158753983648
79 339 -0.002880205424528597
79 133 0.0012219053316182601
79 152 -9.7253689659410227e-05
79 340 -0.00033664738728257187
79 341 -0.00078551057032599531
79 342 -0.0015336158753983652
79 134 -7.4810530507287971e-05
79 151 -3.7405265253619279e-05
79 343 -0.00013715263926327039
79 344 -0.00033664738728257193
79 345 -0.00068576319631635102
79 135 -0.00037405265253623164
79 86 -9.4760005309168755e-06
79 144 -3.7405265253619286e-05
79 143 -9.7253689659410213e-05
79 142 -0.00020697580107002751
79 83 -0.0002144568541207635
79 78 -0.00015627088594846153
79 127 -0.0004089642334395961
79 128 -0.00066830740586470928
79 129 -0.00081460355441219671
79 81 0.0058185968172295701
79 156 -0.00013133404244604143
79 346 -0.00047047511407885507
79 347 -0.0011321326950095333
79 348 -0.0022692527587195367
79 136 -0.00081460355441219769
79 155 -6.084589814588723e-05
79 349 -0.00022443159152171465
79 350 -0.0005535979257535608
79 351 -0.0011321326950095329
79 137 -0.00066830740586471015
79 154 -2.2941896022219741e-05
79 352 -8.8110180375191693e-05
79 353 -0.00022443159152171456
79 354 -0.00047047511407885496
79 138 -0.00040896423343959621
79 87 -5.6523511938802338e-06
79 147 -2.2941896022219745e-05
79 146 -6.0845898145887216e-05
79 145 -0.00013133404244604138
79 84 -0.00015627088594846159
79 12 -7.6472986740735814e-05
79 34 -0.00026599299735908166
79 35 -0.00062342108756034719
79 36 -0.0012219053316182785
79 13 -0.00011637193634471681
79 61 -5.4861055705308641e-05
79 157 -0.00021611931035424534
79 158 -0.00056107897880428937
79 159 -0.0011928123475320853
79 58 -0.0012219053316182792
79 62 -2.4936843502412852e-05
79 160 -9.974737400965115e-05
79 161 -0.00026183685677533421
79 162 -0.00056107897880428958
79 59 -0.00062342108756034719
79 63 -9.1435092842180288e-06
79 163 -3.7405265253619198e-05
79 164 -9.9747374009651163e-05
79 165 -0.00021611931035424531
79 60 -0.0002659929973590816
79 15 -2.1611931035424448e-06
79 39 -9.1435092842180288e-06
79 38 -2.4936843502412848e-05
79 37 -5.486105570530862e-05
79 14 -7.6472986740735841e-05
150 8 -0.004073017772060792
150 28 -0.00610952665809109
150 29 -0.0029674843767871178
150 30 -0.001192812347532085
150 9 -0.00032002282494763461
150 55 0.0048876213264730049
150 118 -0.0022110667905471779
150 119 -0.0013465895491302773
150 120 -0.00068160705573262238
150 52 -0.00022941896022220178
150 56 0.0012219053316182538
150 115 -0.0028802054245285992
150 116 -0.0015336158753983661
150 117 -0.00068576319631635189
150 53 -0.00020697580107002756
150 57 -0.00081460355441219877
150 112 -0.0022692527587195375
150 113 -0.0011321326950095338
150 114 -0.00047047511407885545
150 54 -0.00013133404244604143
150 11 -0.0012219053316182805
150 33 -0.0011928123475320859
150 32 -0.00056107897880428958
150 31 -0.00021611931035424547
150 10 -5.4861055705308627e-05
150 76 0.0048876213264730118
150 121 -0.0022110667905471774
150 122 -0.0013465895491302773
150 123 -0.00068160705573262238
150 79 -0.00022941896022220159
150 150 0.016491565836262385
150 328 0.0029259229709498202
150 329 0.00079797899207718665
150 330 -2.1152918055516695e-17
150 130 -0.00010639719894363453
150 149 0.0095757479049265008
150 331 0.00079797899207725701
150 332 -6.2641629024054696e-18
150 333 -0.00019949474801931252
150 131 -0.00011969684881158477
150 148 0.0034313096659319268
150 334 -0.00041228914590655022
150 335 -0.00035909054643475081
150 336 -0.00022609404775521521
150 132 -8.7777689128494784e-05
150 85 -3.3249124669937276e-05
150 141 -0.00068160705573262282
150 140 -0.00034911580903378294
150 139 -0.00014962106101447883
150 82 -4.3223862070849421e-05
150 77 0.0012219053316182586
150 124 -0.0028802054245285992
150 125 -0.0015336158753983657
150 126 -0.0006857631963163508
150 80 -0.00020697580107002762
150 153 0.0095757479049264887
150 337 0.00079797899207725506
150 338 -7.2099618283683027e-18
150 339 -0.00019949474801931298
150 133 -0.00011969684881158488
150 152 0.0050871160744921677
150 340 -0.00044886318304338121
150 341 -0.00044886318304342365
150 342 -0.00029924212202895586
150 134 -0.00011969684881158249
150 151 0.0014563116605408424
150 343 -0.00086780215388394756
150 344 -0.00050871160744921844
150 345 -0.00024936843502412878
150 135 -8.1792846687914447e-05
150 86 -0.00037405265253623115
150 144 -0.00068576319631635102
150 143 -0.00033664738728257204
150 142 -0.00013715263926327042
150 83 -3.74052652536193e-05
150 78 -0.00081460355441219932
150 127 -0.0022692527587195384
150 128 -0.0011321326950095335
150 129 -0.00047047511407885502
150 81 -0.00013133404244604143
150 156 0.0034313096659319225
150 346 -0.00041228914590655136
150 347 -0.00035909054643475184
150 348 -0.00022609404775521559
150 136 -8.7777689128494879e-05
150 155 0.0014563116605408417
150 349 -0.00086780215388394778
150 350 -0.00050871160744921865
150 351 -0.00024936843502412889
150 137 -8.179284668791442e-05
150 154 0.00010639719894357448
150 352 -0.00079797899207720334
150 353 -0.00041494907588014696
150 354 -0.00018087523820416751
150 138 -5.3198599471814048e-05
150 87 -0.00040896423343959588
150 147 -0.00047047511407885502
150 146 -0.00022443159152171465
150 145 -8.811018037519172e-05
150 84 -2.2941896022219741e-05
150 12 -0.0012219053316182798
150 34 -0.0011928123475320857
150 35 -0.00056107897880428948
150 36 -0.00021611931035424534
150 13 -5.4861055705308647e-05
150 61 -3.324912466993834e-05
150 157 -0.00068160705573262303
150 158 -0.00034911580903378305
150 159 -0.00014962106101447888
150 58 -4.3223862070849448e-05
150 62 -0.00037405265253623147
150 160 -0.00068576319631635156
150 161 -0.00033664738728257225
150 162 -0.00013715263926327052
150 59 -3.740526525361932e-05
150 63 -0.00040896423343959626
150 163 -0.00047047511407885529
150 164 -0.00022443159152171473
150 165 -8.8110180375191774e-05
150 60 -2.2941896022219772e-05
150 15 -0.0002659929973590816
150 39 -0.00021611931035424542
150 38 -9.9747374009651204e-05
150 37 -3.7405265253619205e-05
150 14 -9.1435092842180288e-06
328 8 -0.00610952665809109
328 28 -0.0022110667905471792
328 29 -0.0028802054245285992
328 30 -0.0022692527587195367
328 9 -0.001192812347532085
328 55 -0.0022110667905471787
328 118 0.0029259229709498197
328 119 0.00079797899207725354
328 120 -0.0004122891459065512
328 52 -0.00068160705573262217
328 56 -0.0028802054245286
328 115 0.00079797899207725311
328 116 -0.00044886318304338397
328 117 -0.00086780215388394897
328 53 -0.00068576319631635156
328 57 -0.0022692527587195375
328 112 -0.00041228914590655207
328 113 -0.00086780215388394951
328 114 -0.00079797899207720432
328 54 -0.0004704751140788554
328 11 -0.0011928123475320857
328 33 -0.00068160705573262314
328 32 -0.000685763196316352
328 31 -0.0004704751140788555
328 10 -0.00021611931035424545
328 76 -0.002211066790547177
328 121 0.0029259229709498193
328 122 0.00079797899207725538
328 123 -0.00041228914590655066
328 79 -0.00068160705573262238
328 150 0.0029259229709498202
328 328 0.0095757479049264019
328 329 0.0055858529445403787
328 330 0.0020215467799288697
328 130 -2.1188734132267202e-17
328 149 0.00079797899207725614
328 331 0.0055858529445403796
328 332 0.0029924212202894814
328 333 0.00087777689128489521
328 131 -0.0001994947480193126
328 148 -0.00041228914590655028
328 334 0.0020215467799288706
328 335 0.00087777689128489521
328 336 8.5117759154881758e-05
328 132 -0.00022609404775521524
328 85 -0.00068160705573262282
328 141 -2.1521292095682425e-17
328 140 -0.00019949474801931292
328 139 -0.00022609404775521534
328 82 -0.0001496210610144788
328 77 -0.0028802054245285983
328 124 0.00079797899207725343
328 125 -0.00044886318304338142
328 126 -0.00086780215388394745
328 80 -0.0006857631963163508
328 153 0.00079797899207725506
328 337 0.0055858529445403761
328 338 0.0029924212202894788
328 339 0.00087777689128489358
328 133 -0.00019949474801931317
328 152 -0.0004488631830433811
328 340 0.0029924212202894784
328 341 0.0013465895491302647
328 342 0.00017954527321735743
328 134 -0.00029924212202895592
328 151 -0.00086780215388394756
328 343 0.00087777689128489347
328 344 0.00017954527321735743
328 345 -0.00019151495809853754
328 135 -0.00024936843502412878
328 86 -0.00068576319631635102
328 144 -0.00019949474801931325
328 143 -0.00029924212202895602
328 142 -0.00024936843502412889
328 83 -0.00013715263926327044
328 78 -0.002269252758719538
328 127 -0.00041228914590655201
328 128 -0.00086780215388394778
328 129 -0.00079797899207720302
328 81 -0.00047047511407885502
328 156 -0.00041228914590655147
328 346 0.0020215467799288666
328 347 0.0008777768912848938
328 348 8.5117759154880972e-05
328 136 -0.00022609404775521572
328 155 -0.00086780215388394756
328 349 0.00087777689128489369
328 350 0.00017954527321735722
328 351 -0.00019151495809853779
328 137 -0.000249368435024129
328 154 -0.00079797899207720302
328 352 8.5117759154880782e-05
328 353 -0.00019151495809853776
328 354 -0.00025535327746470973
328 138 -0.00018087523820416748
328 87 -0.00047047511407885496
328 147 -0.00022609404775521567
328 146 -0.00024936843502412894
328 145 -0.00018087523820416748
328 84 -8.811018037519172e-05
328 12 -0.0011928123475320855
328 34 -0.00068160705573262292
328 35 -0.00068576319631635156
328 36 -0.00047047511407885512
328 13 -0.00021611931035424536
328 61 -0.00068160705573262303
328 157 -2.2278136551808819e-17
328 158 -0.00019949474801931357
328 159 -0.0002260940477552157
328 58 -0.00014962106101447891
328 62 -0.00068576319631635145
328 160 -0.00019949474801931368
328 161 -0.00029924212202895635
328 162 -0.00024936843502412889
328 59 -0.00013715263926327055
328 63 -0.00047047511407885523
328 163 -0.00022609404775521583
328 164 -0.000249368435024129
328 165 -0.00018087523820416756
328 60 -8.8110180375191774e-05
328 15 -0.00021611931035424536
328 39 -0.00014962106101447896
328 38 -0.00013715263926327061
328 37 -8.8110180375191788e-05
328 14 -3.7405265253619191e-05
329 8 -0.0029674843767871178
329 28 -0.0028802054245285992
329 29 -0.0029674843767870038
329 30 -0.0028802054245285996
329 9 -0.0029674843767871157
329 55 -0.0013465895491302773
329 118 0.00079797899207725376
329 119 0.0015161600849467657
329 120 0.00079797899207725365
329 52 -0.001346589549130276
329 56 -0.0015336158753983663
329 115 -0.00044886318304338376
329 116 -0.00011969684881151316
329 117 -0.00044886318304338386
329 53 -0.001533615875398365
329 57 -0.0011321326950095338
329 112 -0.00086780215388394973
329 113 -0.00081792846687911446
329 114 -0.00086780215388394973
329 54 -0.0011321326950095329
329 11 -0.00056107897880428948
329 33 -0.000685763196316352
329 32 -0.00075309267377286283
329 31 -0.000685763196316352
329 10 -0.00056107897880428948
329 76 -0.0013465895491302771
329 121 0.00079797899207725538
329 122 0.0015161600849467694
329 123 0.00079797899207725506
329 79 -0.0013465895491302764
329 150 0.00079797899207718665
329 328 0.0055858529445403787
329 329 0.0073414067271102175
329 330 0.0055858529445403779
329 130 0.00079797899207718665
329 149 -6.5338437379814958e-18
329 331 0.0029924212202894814
329 332 0.0040696928595936972
329 333 0.002992421220289481
329 131 -6.1698488491954006e-18
329 148 -0.00035909054643475081
329 334 0.00087777689128489521
329 335 0.0013086855470065813
329 336 0.00087777689128489477
329 132 -0.00035909054643475048
329 85 -0.00034911580903378299
329 141 -0.00019949474801931287
329 140 -0.00015959579841545255
329 139 -0.00019949474801931287
329 82 -0.00034911580903378278
329 77 -0.0015336158753983657
329 124 -0.00044886318304338175
329 125 -0.00011969684881151074
329 126 -0.00044886318304338202
329 80 -0.0015336158753983652
329 153 -7.4368347230257271e-18
329 337 0.0029924212202894788
329 338 0.0040696928595936937
329 339 0.0029924212202894779
329 133 -7.9374284303422769e-18
329 152 -0.00044886318304342365
329 340 0.0013465895491302647
329 341 0.001974998005391063
329 342 0.0013465895491302643
329 134 -0.00044886318304342344
329 151 -0.00050871160744921833
329 343 0.00017954527321735749
329 344 0.00040696928595936028
329 345 0.00017954527321735738
329 135 -0.00050871160744921811
329 86 -0.00033664738728257204
329 144 -0.00029924212202895592
329 143 -0.00029924212202895505
329 142 -0.00029924212202895597
329 83 -0.00033664738728257187
329 78 -0.0011321326950095338
329 127 -0.00086780215388394778
329 128 -0.00081792846687911121
329 129 -0.00086780215388394843
329 81 -0.0011321326950095333
329 156 -0.00035909054643475184
329 346 0.0008777768912848938
329 347 0.0013086855470065798
329 348 0.00087777689128489325
329 136 -0.00035909054643475222
329 155 -0.00050871160744921865
329 349 0.00017954527321735719
329 350 0.00040696928595935995
329 351 0.00017954527321735697
329 137 -0.00050871160744921876
329 154 -0.00041494907588014707
329 352 -0.00019151495809853779
329 353 -0.00012767663873236121
329 354 -0.00019151495809853789
329 138 -0.00041494907588014702
329 87 -0.00022443159152171459
329 147 -0.000249368435024129
329 146 -0.00026732296234586517
329 145 -0.00024936843502412894
329 84 -0.00022443159152171456
329 12 -0.00056107897880428937
329 34 -0.00068576319631635156
329 35 -0.00075309267377286218
329 36 -0.00068576319631635167
329 13 -0.00056107897880428958
329 61 -0.00034911580903378299
329 157 -0.00019949474801931357
329 158 -0.00015959579841545371
329 159 -0.00019949474801931382
329 58 -0.00034911580903378327
329 62 -0.00033664738728257225
329 160 -0.00029924212202895629
329 161 -0.00029924212202895554
329 162 -0.00029924212202895635
329 59 -0.00033664738728257231
329 63 -0.00022443159152171473
329 163 -0.000249368435024129
329 164 -0.00026732296234586539
329 165 -0.00024936843502412905
329 60 -0.00022443159152171478
329 15 -9.9747374009651204e-05
329 39 -0.00013715263926327061
329 38 -0.00015460842971495913
329 37 -0.00013715263926327061
329 14 -9.9747374009651163e-05
330 8 -0.001192812347532085
330 28 -0.0022692527587195362
330 29 -0.0028802054245286
330 30 -0.0022110667905471766
330 9 -0.0061095266580910865
330 55 -0.00068160705573262217
330 118 -0.0004122891459065512
330 119 0.000797978992077253
330 120 0.0029259229709498219
330 52 -0.0022110667905471783
330 56 -0.00068576319631635189
330 115 -0.00086780215388394919
330 116 -0.00044886318304338457
330 117 0.00079797899207725441
330 53 -0.0028802054245285996
330 57 -0.00047047511407885545
330 112 -0.00079797899207720443
330 113 -0.00086780215388394973
330 114 -0.00041228914590655163
330 54 -0.0022692527587195375
330 11 -0.00021611931035424545
330 33 -0.0004704751140788555
330 32 -0.000685763196316352
330 31 -0.00068160705573262314
330 10 -0.0011928123475320855
330 76 -0.00068160705573262238
330 121 -0.00041228914590655066
330 122 0.00079797899207725528
330 123 0.002925922970949821
330 79 -0.0022110667905471761
330 150 -2.1152918055516695e-17
330 328 0.0020215467799288697
330 329 0.0055858529445403779
330 330 0.0095757479049264037
330 130 0.0029259229709498171
330 149 -0.00019949474801931268
330 331 0.00087777689128489521
330 332 0.0029924212202894806
330 333 0.0055858529445403805
330 131 0.00079797899207725419
330 148 -0.00022609404775521526
330 334 8.5117759154881744e-05
330 335 0.00087777689128489477
330 336 0.0020215467799288701
330 132 -0.00041228914590655098
330 85 -0.00014962106101447883
330 141 -0.00022609404775521534
330 140 -0.00019949474801931292
330 139 -2.1109960781368373e-17
330 82 -0.00068160705573262249
330 77 -0.0006857631963163508
330 124 -0.00086780215388394767
330 125 -0.00044886318304338191
330 126 0.00079797899207725506
330 80 -0.0028802054245285961
330 153 -0.00019949474801931298
330 337 0.0008777768912848938
330 338 0.0029924212202894779
330 339 0.0055858529445403735
330 133 0.00079797899207725289
330 152 -0.00029924212202895586
330 340 0.00017954527321735741
330 341 0.0013465895491302645
330 342 0.0029924212202894788
330 134 -0.00044886318304338213
330 151 -0.00024936843502412878
330 343 -0.00019151495809853757
330 344 0.00017954527321735727
330 345 0.0008777768912848938
330 135 -0.00086780215388394745
330 86 -0.00013715263926327044
330 144 -0.00024936843502412889
330 143 -0.00029924212202895602
330 142 -0.00019949474801931292
330 83 -0.00068576319631635069
330 78 -0.00047047511407885502
330 127 -0.00079797899207720291
330 128 -0.00086780215388394832
330 129 -0.00041228914590655153
330 81 -0.0022692527587195367
330 156 -0.00022609404775521559
330 346 8.5117759154880999e-05
330 347 0.00087777689128489315
330 348 0.0020215467799288662
330 136 -0.00041228914590655266
330 155 -0.00024936843502412889
330 349 -0.00019151495809853773
330 350 0.00017954527321735694
330 351 0.00087777689128489358
330 137 -0.0008678021538839481
330 154 -0.00018087523820416748
330 352 -0.00025535327746470973
330 353 -0.00019151495809853784
330 354 8.5117759154880972e-05
330 138 -0.00079797899207720291
330 87 -8.811018037519172e-05
330 147 -0.00018087523820416746
330 146 -0.00024936843502412889
330 145 -0.00022609404775521548
330 84 -0.00047047511407885485
330 12 -0.00021611931035424534
330 34 -0.00047047511407885512
330 35 -0.00068576319631635156
330 36 -0.00068160705573262314
330 13 -0.0011928123475320857
330 61 -0.00014962106101447888
330 157 -0.00022609404775521575
330 158 -0.00019949474801931379
330 159 -2.2355915990871398e-17
330 58 -0.00068160705573262336
330 62 -0.00013715263926327052
330 160 -0.00024936843502412894
330 161 -0.00029924212202895646
330 162 -0.00019949474801931347
330 59 -0.00068576319631635124
330 63 -8.8110180375191774e-05
330 163 -0.00018087523820416751
330 164 -0.00024936843502412905
330 165 -0.00022609404775521562
330 60 -0.00047047511407885507
330 15 -3.7405265253619205e-05
330 39 -8.8110180375191788e-05
330 38 -0.00013715263926327061
330 37 -0.00014962106101447883
330 14 -0.00021611931035424528
130 8 -0.00032002282494763461
130 28 -0.001192812347532085
130 29 -0.0029674843767871157
130 30 -0.0061095266580910882
130 9 -0.0040730177720607911
130 55 -0.00022941896022220178
130 118 -0.00068160705573262238
130 119 -0.0013465895491302769
130 120 -0.0022110667905471787
130 52 0.0048876213264730057
130 56 -0.00020697580107002756
130 115 -0.00068576319631635156
130 116 -0.0015336158753983652
130 117 -0.0028802054245285992
130 53 0.0012219053316182564
130 57 -0.00013133404244604143
130 112 -0.0004704751140788554
130 113 -0.0011321326950095331
130 114 -0.0022692527587195371
130 54 -0.00081460355441219867
130 11 -5.4861055705308627e-05
130 33 -0.00021611931035424545
130 32 -0.00056107897880428948
130 31 -0.0011928123475320857
130 10 -0.0012219053316182811
130 76 -0.00022941896022220159
130 121 -0.00068160705573262238
130 122 -0.0013465895491302767
130 123 -0.0022110667905471766
130 79 0.0048876213264730127
130 150 -0.00010639719894363453
130 328 -2.1188734132267202e-17
130 329 0.00079797899207718665
130 330 0.0029259229709498171
130 130 0.016491565836262389
130 149 -0.00011969684881158479
130 331 -0.00019949474801931249
130 332 -6.0590132773882291e-18
130 333 0.0007979789920772543
130 131 0.0095757479049265008
130 148 -8.7777689128494784e-05
130 334 -0.00022609404775521515
130 335 -0.00035909054643475048
130 336 -0.00041228914590655088
130 132 0.0034313096659319246
130 85 -4.3223862070849421e-05
130 141 -0.0001496210610144788
130 140 -0.00034911580903378272
130 139 -0.00068160705573262249
130 82 -3.3249124669937635e-05
130 77 -0.00020697580107002762
130 124 -0.0006857631963163508
130 125 -0.0015336158753983652
130 126 -0.002880205424528597
130 80 0.0012219053316182599
130 153 -0.00011969684881158488
130 337 -0.00019949474801931306
130 338 -7.6176719933942549e-18
130 339 0.00079797899207725289
130 133 0.0095757479049264904
130 152 -0.00011969684881158249
130 340 -0.00029924212202895586
130 341 -0.00044886318304342333
130 342 -0.00044886318304338202
130 134 0.0050871160744921659
130 151 -8.1792846687914447e-05
130 343 -0.00024936843502412878
130 344 -0.00050871160744921822
130 345 -0.00086780215388394734
130 135 0.0014563116605408419
130 86 -3.74052652536193e-05
130 144 -0.00013715263926327042
130 143 -0.00033664738728257187
130 142 -0.0006857631963163508
130 83 -0.00037405265253623109
130 78 -0.00013133404244604143
130 127 -0.00047047511407885507
130 128 -0.0011321326950095331
130 129 -0.0022692527587195371
130 81 -0.00081460355441219888
130 156 -8.7777689128494879e-05
130 346 -0.0002260940477552157
130 347 -0.00035909054643475211
130 348 -0.00041228914590655256
130 136 0.003431309665931922
130 155 -8.1792846687914406e-05
130 349 -0.00024936843502412889
130 350 -0.00050871160744921865
130 351 -0.00086780215388394789
130 137 0.0014563116605408419
130 154 -5.3198599471814035e-05
130 352 -0.00018087523820416746
130 353 -0.00041494907588014702
130 354 -0.00079797899207720313
130 138 0.00010639719894357444
130 87 -2.2941896022219738e-05
130 147 -8.811018037519172e-05
130 146 -0.00022443159152171459
130 145 -0.00047047511407885485
130 84 -0.00040896423343959583
130 12 -5.4861055705308627e-05
130 34 -0.00021611931035424536
130 35 -0.00056107897880428948
130 36 -0.0011928123475320855
130 13 -0.0012219053316182803
130 61 -4.3223862070849441e-05
130 157 -0.00014962106101447891
130 158 -0.0003491158090337831
130 159 -0.00068160705573262336
130 58 -3.3249124669938665e-05
130 62 -3.7405265253619313e-05
130 160 -0.00013715263926327052
130 161 -0.0003366473872825722
130 162 -0.00068576319631635135
130 59 -0.00037405265253623142
130 63 -2.2941896022219768e-05
130 163 -8.8110180375191774e-05
130 164 -0.00022443159152171473
130 165 -0.00047047511407885507
130 60 -0.00040896423343959626
130 15 -9.1435092842180305e-06
130 39 -3.7405265253619191e-05
130 38 -9.9747374009651163e-05
130 37 -0.00021611931035424528
130 14 -0.00026599299735908171
149 8 -0.0024438106632365258
149 28 -0.0029674843767871165
149 29 -0.0014214000796375277
149 30 -0.00056107897880428904
149 9 -0.00014712737666423666
149 55 0.0012219053316182543
149 118 -0.0028802054245285992
149 119 -0.0015336158753983661
149 120 -0.00068576319631635189
149 52 -0.00020697580107002756
149 56 0.0024438106632365402
149 115 -0.0029674843767870038
149 116 -0.0016308695650577613
149 117 -0.0007530926737728625
149 53 -0.0002344063289226811
149 57 0.0012219053316182558
149 112 -0.0028802054245286013
149 113 -0.0015336158753983683
149 114 -0.00068576319631635232
149 54 -0.00020697580107002781
149 11 -0.002443810663236525
149 33 -0.0029674843767871187
149 32 -0.0014214000796375285
149 31 -0.00056107897880428958
149 10 -0.00014712737666423679
149 76 0.0012967158621254101
149 121 -0.0013465895491302769
149 122 -0.00074810530507238467
149 123 -0.00034911580903378267
149 79 -0.00010972211141061778
149 150 0.0095757479049265008
149 328 0.00079797899207725614
149 329 -6.5338437379814958e-18
149 330 -0.00019949474801931268
149 130 -0.00011969684881158479
149 149 0.01260806807481993
149 331 0.0015161600849467709
149 332 0.00023939369762316051
149 333 -0.00015959579841545225
149 131 -0.00012767663873235695
149 148 0.0095757479049265043
149 334 0.0007979789920772556
149 335 -6.8187457509325069e-18
149 336 -0.00019949474801931284
149 132 -0.00011969684881158485
149 85 0.0012967158621254109
149 141 -0.0013465895491302775
149 140 -0.00074810530507238521
149 139 -0.00034911580903378289
149 82 -0.00010972211141061785
149 77 -7.481053050728789e-05
149 124 -0.0015336158753983659
149 125 -0.00078551057032599553
149 126 -0.00033664738728257182
149 80 -9.7253689659410227e-05
149 153 0.0050871160744921668
149 337 -0.00044886318304338142
149 338 -0.00044886318304342376
149 339 -0.00029924212202895586
149 133 -0.00011969684881158252
149 152 0.0069424172310716872
149 340 -0.0001196968488115105
149 341 -0.0003590905464347321
149 342 -0.00029924212202895489
149 134 -0.00013166653369274075
149 151 0.0050871160744921668
149 343 -0.0004488631830433817
149 344 -0.00044886318304342431
149 345 -0.00029924212202895597
149 135 -0.00011969684881158253
149 86 -7.481053050728648e-05
149 144 -0.0015336158753983652
149 143 -0.00078551057032599596
149 142 -0.00033664738728257182
149 83 -9.7253689659410213e-05
149 78 -0.00066830740586471037
149 127 -0.0011321326950095335
149 128 -0.00055359792575356069
149 129 -0.00022443159152171459
149 81 -6.0845898145887216e-05
149 156 0.0014563116605408415
149 346 -0.00086780215388394778
149 347 -0.00050871160744921855
149 348 -0.00024936843502412889
149 136 -8.179284668791442e-05
149 155 0.0021944422282122603
149 349 -0.00081792846687911154
149 350 -0.00051469644988979429
149 351 -0.00026732296234586512
149 137 -9.1767584088879291e-05
149 154 0.0014563116605408417
149 352 -0.00086780215388394843
149 353 -0.00050871160744921855
149 354 -0.00024936843502412894
149 138 -8.179284668791442e-05
149 87 -0.00066830740586470928
149 147 -0.0011321326950095331
149 146 -0.00055359792575356091
149 145 -0.00022443159152171459
149 84 -6.084589814588725e-05
149 12 -0.00062342108756034741
149 34 -0.00056107897880428969
149 35 -0.00026183685677533426
149 36 -9.9747374009651163e-05
149 13 -2.4936843502412848e-05
149 61 -0.00037405265253623153
149 157 -0.00068576319631635156
149 158 -0.00033664738728257225
149 159 -0.00013715263926327052
149 58 -3.740526525361932e-05
149 62 -0.0003092168594299594
149 160 -0.00075309267377286185
149 161 -0.00037405265253618984
149 162 -0.00015460842971495907
149 59 -4.2891370824150012e-05
149 63 -0.00037405265253623158
149 163 -0.00068576319631635167
149 164 -0.00033664738728257253
149 165 -0.00013715263926327061
149 60 -3.7405265253619306e-05
149 15 -0.00062342108756034708
149 39 -0.00056107897880428969
149 38 -0.00026183685677533432
149 37 -9.9747374009651231e-05
149 14 -2.4936843502412862e-05
331 8 -0.002967484376787117
331 28 -0.0013465895491302773
331 29 -0.0015336158753983661
331 30 -0.0011321326950095329
331 9 -0.00056107897880428904
331 55 -0.0028802054245285996
331 118 0.00079797899207725289
331 119 -0.00044886318304338462
331 120 -0.00086780215388394929
331 52 -0.00068576319631635167
331 56 -0.0029674843767870042
331 115 0.0015161600849467648
331 116 -0.00011969684881151459
331 117 -0.00081792846687911425
331 53 -0.00075309267377286239
331 57 -0.0028802054245286005
331 112 0.00079797899207725159
331 113 -0.00044886318304338549
331 114 -0.0008678021538839506
331 54 -0.00068576319631635189
331 11 -0.002967484376787117
331 33 -0.0013465895491302784
331 32 -0.0015336158753983665
331 31 -0.0011321326950095342
331 10 -0.00056107897880428958
331 76 -0.0013465895491302767
331 121 0.00079797899207718697
331 122 -6.4391334870469052e-18
331 123 -0.00035909054643475059
331 79 -0.00034911580903378262
331 150 0.00079797899207725701
331 328 0.0055858529445403796
331 329 0.0029924212202894814
331 330 0.00087777689128489521
331 130 -0.00019949474801931249
331 149 0.0015161600849467709
331 331 0.0073414067271102184
331 332 0.0040696928595936989
331 333 0.0013086855470065806
331 131 -0.00015959579841545211
331 148 0.00079797899207725625
331 334 0.0055858529445403813
331 335 0.0029924212202894806
331 336 0.00087777689128489542
331 132 -0.00019949474801931265
331 85 -0.0013465895491302773
331 141 0.0007979789920771861
331 140 -6.9436889613772486e-18
331 139 -0.00035909054643475091
331 82 -0.00034911580903378278
331 77 -0.0015336158753983657
331 124 -7.6282673803070864e-18
331 125 -0.00044886318304342371
331 126 -0.00050871160744921822
331 80 -0.00033664738728257193
331 153 -0.00044886318304338077
331 337 0.0029924212202894784
331 338 0.0013465895491302647
331 339 0.00017954527321735741
331 133 -0.00029924212202895586
331 152 -0.00011969684881151015
331 340 0.0040696928595936972
331 341 0.0019749980053910625
331 342 0.00040696928595936049
331 134 -0.00029924212202895483
331 151 -0.00044886318304338159
331 343 0.0029924212202894784
331 344 0.0013465895491302639
331 345 0.0001795452732173573
331 135 -0.00029924212202895597
331 86 -0.0015336158753983652
331 144 -7.9757492482011207e-18
331 143 -0.00044886318304342376
331 142 -0.00050871160744921822
331 83 -0.00033664738728257182
331 78 -0.0011321326950095335
331 127 -0.00035909054643475205
331 128 -0.00050871160744921855
331 129 -0.00041494907588014712
331 81 -0.00022443159152171465
331 156 -0.00086780215388394767
331 346 0.00087777689128489369
331 347 0.00017954527321735716
331 348 -0.00019151495809853781
331 136 -0.00024936843502412894
331 155 -0.0008179284668791111
331 349 0.0013086855470065798
331 350 0.00040696928595936006
331 351 -0.00012767663873236115
331 137 -0.00026732296234586517
331 154 -0.0008678021538839481
331 352 0.00087777689128489336
331 353 0.00017954527321735708
331 354 -0.00019151495809853781
331 138 -0.00024936843502412894
331 87 -0.0011321326950095333
331 147 -0.00035909054643475189
331 146 -0.00050871160744921844
331 145 -0.00041494907588014702
331 84 -0.00022443159152171459
331 12 -0.00056107897880428948
331 34 -0.00034911580903378316
331 35 -0.00033664738728257236
331 36 -0.00022443159152171475
331 13 -9.9747374009651136e-05
331 61 -0.00068576319631635145
331 157 -0.00019949474801931366
331 158 -0.00029924212202895629
331 159 -0.000249368435024129
331 58 -0.00013715263926327055
331 62 -0.00075309267377286185
331 160 -0.0001595957984154536
331 161 -0.00029924212202895554
331 162 -0.00026732296234586534
331 59 -0.00015460842971495907
331 63 -0.00068576319631635145
331 163 -0.0001994947480193139
331 164 -0.00029924212202895662
331 165 -0.00024936843502412916
331 60 -0.00013715263926327061
331 15 -0.00056107897880428948
331 39 -0.00034911580903378332
331 38 -0.00033664738728257231
331 37 -0.00022443159152171486
331 14 -9.9747374009651204e-05
332 8 -0.0014214000796375277
332 28 -0.0015336158753983659
332 29 -0.0016308695650577606
332 30 -0.0015336158753983661
332 9 -0.001421400079637527
332 55 -0.0015336158753983661
332 118 -0.00044886318304338473
332 119 -0.00011969684881151359
332 120 -0.00044886318304338446
332 52 -0.0015336158753983652
332 56 -0.0016308695650577613
332 115 -0.00011969684881151421
332 116 0.00035909054643483521
332 117 -0.00011969684881151493
332 53 -0.0016308695650577604
332 57 -0.0015336158753983674
332 112 -0.00044886318304338533
332 113 -0.00011969684881151577
332 114 -0.00044886318304338544
332 54 -0.0015336158753983668
332 11 -0.0014214000796375277
332 33 -0.0015336158753983665
332 32 -0.0016308695650577606
332 31 -0.001533615875398367
332 10 -0.0014214000796375277
332 76 -0.00074810530507238467
332 121 -6.3950646127293746e-18
332 122 0.00023939369762316051
332 123 -6.5494720458102023e-18
332 79 -0.00074810530507238434
332 150 -6.2641629024054696e-18
332 328 0.0029924212202894814
332 329 0.0040696928595936972
332 330 0.0029924212202894806
332 130 -6.0590132773882291e-18
332 149 0.00023939369762316051
332 331 0.0040696928595936989
332 332 0.005458176305808032
332 333 0.0040696928595936998
332 131 0.00023939369762316105
332 148 -6.5686063983199567e-18
332 334 0.0029924212202894797
332 335 0.0040696928595937015
332 336 0.0029924212202894797
332 132 -6.2346395407449592e-18
332 85 -0.00074810530507238521
332 141 -6.899057177737645e-18
332 140 0.0002393936976231607
332 139 -6.8340535934872496e-18
332 82 -0.00074810530507238477
332 77 -0.00078551057032599553
332 124 -0.00044886318304342371
332 125 -0.0003590905464347321
332 126 -0.00044886318304342414
332 80 -0.00078551057032599542
332 153 -0.00044886318304342365
332 337 0.0013465895491302647
332 338 0.001974998005391063
332 339 0.0013465895491302643
332 133 -0.00044886318304342349
332 152 -0.00035909054643473205
332 340 0.0019749980053910625
332 341 0.0028009062621909657
332 342 0.001974998005391063
332 134 -0.00035909054643473178
332 151 -0.0004488631830434242
332 343 0.0013465895491302641
332 344 0.0019749980053910625
332 345 0.0013465895491302641
332 135 -0.00044886318304342371
332 86 -0.00078551057032599585
332 144 -0.00044886318304342365
332 143 -0.00035909054643473189
332 142 -0.00044886318304342376
332 83 -0.00078551057032599553
332 78 -0.00055359792575356069
332 127 -0.00050871160744921844
332 128 -0.00051469644988979451
332 129 -0.00050871160744921865
332 81 -0.0005535979257535608
332 156 -0.00050871160744921865
332 346 0.00017954527321735713
332 347 0.00040696928595936
332 348 0.00017954527321735692
332 136 -0.00050871160744921876
332 155 -0.00051469644988979418
332 349 0.00040696928595936011
332 350 0.00071818109286946822
332 351 0.00040696928595935979
332 137 -0.00051469644988979418
332 154 -0.00050871160744921855
332 352 0.00017954527321735705
332 353 0.00040696928595935968
332 354 0.00017954527321735676
332 138 -0.00050871160744921844
332 87 -0.00055359792575356069
332 147 -0.00050871160744921833
332 146 -0.00051469644988979418
332 145 -0.00050871160744921855
332 84 -0.00055359792575356069
332 12 -0.00026183685677533421
332 34 -0.00033664738728257236
332 35 -0.00037405265253619
332 36 -0.00033664738728257253
332 13 -0.00026183685677533426
332 61 -0.0003366473872825722
332 157 -0.00029924212202895635
332 158 -0.00029924212202895554
332 159 -0.00029924212202895651
332 58 -0.00033664738728257225
332 62 -0.00037405265253618984
332 160 -0.00029924212202895554
332 161 -0.00028727243714779608
332 162 -0.00029924212202895559
332 59 -0.00037405265253618989
332 63 -0.00033664738728257242
332 163 -0.00029924212202895651
332 164 -0.00029924212202895575
332 165 -0.00029924212202895678
332 60 -0.00033664738728257236
332 15 -0.00026183685677533426
332 39 -0.00033664738728257231
332 38 -0.00037405265253618984
332 37 -0.00033664738728257231
332 14 -0.00026183685677533421
333 8 -0.00056107897880428904
333 28 -0.0011321326950095327
333 29 -0.0015336158753983665
333 30 -0.0013465895491302764
333 9 -0.0029674843767871157
333 55 -0.00068576319631635189
333 118 -0.00086780215388394908
333 119 -0.00044886318304338441
333 120 0.00079797899207725408
333 52 -0.0028802054245286
333 56 -0.0007530926737728625
333 115 -0.00081792846687911446
333 116 -0.00011969684881151471
333 117 0.0015161600849467665
333 53 -0.0029674843767870033
333 57 -0.00068576319631635221
333 112 -0.00086780215388395016
333 113 -0.00044886318304338587
333 114 0.00079797899207725267
333 54 -0.0028802054245286009
333 11 -0.00056107897880428958
333 33 -0.0011321326950095342
333 32 -0.001533615875398367
333 31 -0.001346589549130278
333 10 -0.0029674843767871165
333 76 -0.00034911580903378267
333 121 -0.00035909054643475059
333 122 -6.6151162849696259e-18
333 123 0.00079797899207718708
333 79 -0.0013465895491302769
333 150 -0.00019949474801931252
333 328 0.00087777689128489521
333 329 0.002992421220289481
333 330 0.0055858529445403805
333 130 0.0007979789920772543
333 149 -0.00015959579841545225
333 331 0.0013086855470065806
333 332 0.0040696928595936998
333 333 0.0073414067271102166
333 131 0.0015161600849467678
333 148 -0.0001994947480193129
333 334 0.00087777689128489531
333 335 0.0029924212202894801
333 336 0.0055858529445403813
333 132 0.00079797899207725441
333 85 -0.00034911580903378289
333 141 -0.00035909054643475091
333 140 -6.7744189394190153e-18
333 139 0.00079797899207718762
333 82 -0.0013465895491302773
333 77 -0.00033664738728257182
333 124 -0.00050871160744921811
333 125 -0.00044886318304342409
333 126 -7.2938396396415001e-18
333 80 -0.0015336158753983654
333 153 -0.00029924212202895586
333 337 0.00017954527321735735
333 338 0.0013465895491302645
333 339 0.0029924212202894788
333 133 -0.00044886318304338218
333 152 -0.00029924212202895489
333 340 0.0004069692859593606
333 341 0.0019749980053910625
333 342 0.0040696928595936972
333 134 -0.00011969684881151153
333 151 -0.00029924212202895597
333 343 0.00017954527321735732
333 344 0.0013465895491302639
333 345 0.0029924212202894788
333 135 -0.00044886318304338283
333 86 -0.00033664738728257193
333 144 -0.00050871160744921822
333 143 -0.00044886318304342376
333 142 -7.0784636750729945e-18
333 83 -0.0015336158753983648
333 78 -0.00022443159152171456
333 127 -0.00041494907588014712
333 128 -0.00050871160744921876
333 129 -0.00035909054643475189
333 81 -0.0011321326950095331
333 156 -0.00024936843502412889
333 346 -0.00019151495809853779
333 347 0.00017954527321735692
333 348 0.0008777768912848938
333 136 -0.00086780215388394799
333 155 -0.00026732296234586517
333 349 -0.00012767663873236115
333 350 0.00040696928595935979
333 351 0.0013086855470065802
333 137 -0.00081792846687911164
333 154 -0.00024936843502412889
333 352 -0.00019151495809853781
333 353 0.00017954527321735681
333 354 0.00087777689128489358
333 138 -0.00086780215388394854
333 87 -0.00022443159152171459
333 147 -0.00041494907588014702
333 146 -0.00050871160744921865
333 145 -0.00035909054643475151
333 84 -0.0011321326950095329
333 12 -9.974737400965115e-05
333 34 -0.00022443159152171475
333 35 -0.00033664738728257242
333 36 -0.00034911580903378321
333 13 -0.00056107897880428958
333 61 -0.00013715263926327052
333 157 -0.000249368435024129
333 158 -0.00029924212202895646
333 159 -0.00019949474801931347
333 58 -0.00068576319631635124
333 62 -0.00015460842971495907
333 160 -0.00026732296234586534
333 161 -0.00029924212202895559
333 162 -0.00015959579841545336
333 59 -0.00075309267377286196
333 63 -0.00013715263926327063
333 163 -0.00024936843502412911
333 164 -0.00029924212202895673
333 165 -0.00019949474801931352
333 60 -0.00068576319631635135
333 15 -9.9747374009651217e-05
333 39 -0.00022443159152171486
333 38 -0.00033664738728257231
333 37 -0.0003491158090337831
333 14 -0.00056107897880428926
131 8 -0.00014712737666423666
131 28 -0.00056107897880428904
131 29 -0.0014214000796375272
131 30 -0.0029674843767871157
131 9 -0.0024438106632365254
131 55 -0.00020697580107002756
131 118 -0.00068576319631635178
131 119 -0.0015336158753983654
131 120 -0.0028802054245286
131 52 0.0012219053316182569
131 56 -0.0002344063289226811
131 115 -0.00075309267377286239
131 116 -0.0016308695650577602
131 117 -0.002967484376787002
131 53 0.0024438106632365432
131 57 -0.00020697580107002781
131 112 -0.00068576319631635189
131 113 -0.0015336158753983672
131 114 -0.0028802054245286009
131 54 0.0012219053316182564
131 11 -0.00014712737666423679
131 33 -0.00056107897880428969
131 32 -0.0014214000796375281
131 31 -0.002967484376787117
131 10 -0.0024438106632365276
131 76 -0.00010972211141061778
131 121 -0.00034911580903378262
131 122 -0.00074810530507238445
131 123 -0.0013465895491302767
131 79 0.0012967158621254094
131 150 -0.00011969684881158477
131 328 -0.0001994947480193126
131 329 -6.1698488491954006e-18
131 330 0.00079797899207725419
131 130 0.0095757479049265008
131 149 -0.00012767663873235695
131 331 -0.00015959579841545211
131 332 0.00023939369762316105
131 333 0.0015161600849467678
131 131 0.012608068074819926
131 148 -0.00011969684881158485
131 334 -0.00019949474801931271
131 335 -6.2600424609204415e-18
131 336 0.00079797899207725463
131 132 0.0095757479049264991
131 85 -0.00010972211141061785
131 141 -0.00034911580903378272
131 140 -0.00074810530507238456
131 139 -0.0013465895491302773
131 82 0.0012967158621254101
131 77 -9.7253689659410227e-05
131 124 -0.00033664738728257193
131 125 -0.00078551057032599531
131 126 -0.0015336158753983654
131 80 -7.4810530507288134e-05
131 153 -0.0001196968488115825
131 337 -0.00029924212202895586
131 338 -0.00044886318304342355
131 339 -0.00044886318304338245
131 133 0.0050871160744921659
131 152 -0.00013166653369274073
131 340 -0.00029924212202895494
131 341 -0.00035909054643473178
131 342 -0.00011969684881151145
131 134 0.0069424172310716872
131 151 -0.00011969684881158253
131 343 -0.00029924212202895597
131 344 -0.00044886318304342371
131 345 -0.00044886318304338251
131 135 0.0050871160744921642
131 86 -9.7253689659410213e-05
131 144 -0.00033664738728257187
131 143 -0.0007855105703259952
131 142 -0.0015336158753983644
131 83 -7.4810530507285993e-05
131 78 -6.084589814588723e-05
131 127 -0.00022443159152171462
131 128 -0.0005535979257535608
131 129 -0.0011321326950095331
131 81 -0.00066830740586471058
131 156 -8.179284668791442e-05
131 346 -0.00024936843502412894
131 347 -0.00050871160744921876
131 348 -0.00086780215388394799
131 136 0.0014563116605408417
131 155 -9.1767584088879291e-05
131 349 -0.00026732296234586512
131 350 -0.00051469644988979418
131 351 -0.00081792846687911164
131 137 0.0021944422282122603
131 154 -8.179284668791442e-05
131 352 -0.00024936843502412894
131 353 -0.00050871160744921844
131 354 -0.00086780215388394832
131 138 0.0014563116605408417
131 87 -6.0845898145887257e-05
131 147 -0.00022443159152171459
131 146 -0.00055359792575356069
131 145 -0.0011321326950095325
131 84 -0.00066830740586470896
131 12 -2.4936843502412848e-05
131 34 -9.974737400965115e-05
131 35 -0.00026183685677533426
131 36 -0.00056107897880428958
131 13 -0.00062342108756034741
131 61 -3.740526525361932e-05
131 157 -0.00013715263926327052
131 158 -0.0003366473872825722
131 159 -0.00068576319631635124
131 58 -0.00037405265253623153
131 62 -4.2891370824150019e-05
131 160 -0.00015460842971495907
131 161 -0.00037405265253618989
131 162 -0.00075309267377286185
131 59 -0.00030921685942995913
131 63 -3.7405265253619306e-05
131 163 -0.00013715263926327063
131 164 -0.00033664738728257236
131 165 -0.00068576319631635124
131 60 -0.00037405265253623147
131 15 -2.4936843502412862e-05
131 39 -9.974737400965119e-05
131 38 -0.00026183685677533421
131 37 -0.00056107897880428926
131 14 -0.00062342108756034697
148 8 -0.0012219053316182803
148 28 -0.001192812347532085
148 29 -0.00056107897880428926
148 30 -0.00021611931035424536
148 9 -5.4861055705308607e-05
148 55 -0.00081460355441219877
148 118 -0.002269252758719538
148 119 -0.0011321326950095338
148 120 -0.00047047511407885545
148 52 -0.00013133404244604143
148 56 0.0012219053316182553
148 115 -0.0028802054245286018
148 116 -0.0015336158753983683
148 117 -0.00068576319631635243
148 53 -0.00020697580107002786
148 57 0.0048876213264730075
148 112 -0.0022110667905471818
148 113 -0.0013465895491302797
148 114 -0.00068160705573262325
148 54 -0.00022941896022220199
148 11 -0.0040730177720607877
148 33 -0.0061095266580910891
148 32 -0.002967484376787117
148 31 -0.0011928123475320853
148 10 -0.00032002282494763488
148 76 -3.324912466993773e-05
148 121 -0.00068160705573262249
148 122 -0.00034911580903378267
148 123 -0.00014962106101447866
148 79 -4.3223862070849394e-05
148 150 0.0034313096659319268
148 328 -0.00041228914590655028
148 329 -0.00035909054643475081
148 330 -0.00022609404775521526
148 130 -8.7777689128494784e-05
148 149 0.0095757479049265043
148 331 0.00079797899207725625
148 332 -6.5686063983199567e-18
148 333 -0.0001994947480193129
148 131 -0.00011969684881158485
148 148 0.016491565836262392
148 334 0.0029259229709498215
148 335 0.0007979789920771861
148 336 -2.1435166869804554e-17
148 132 -0.00010639719894363462
148 85 0.0048876213264730153
148 141 -0.0022110667905471748
148 140 -0.0013465895491302771
148 139 -0.00068160705573262249
148 82 -0.00022941896022220162
148 77 -0.00037405265253623142
148 124 -0.00068576319631635102
148 125 -0.00033664738728257182
148 126 -0.00013715263926327042
148 80 -3.7405265253619279e-05
148 153 0.0014563116605408424
148 337 -0.00086780215388394756
148 338 -0.00050871160744921844
148 339 -0.00024936843502412873
148 133 -8.1792846687914447e-05
148 152 0.0050871160744921677
148 340 -0.0004488631830433817
148 341 -0.0004488631830434242
148 342 -0.00029924212202895597
148 134 -0.00011969684881158253
148 151 0.0095757479049264974
148 343 0.0007979789920772556
148 344 -7.6761890980938028e-18
148 345 -0.00019949474801931328
148 135 -0.00011969684881158486
148 86 0.0012219053316182592
148 144 -0.0028802054245285966
148 143 -0.0015336158753983652
148 142 -0.00068576319631635091
148 83 -0.00020697580107002753
148 78 -0.00040896423343959605
148 127 -0.00047047511407885512
148 128 -0.00022443159152171459
148 129 -8.8110180375191707e-05
148 81 -2.2941896022219741e-05
148 156 0.00010639719894357436
148 346 -0.00079797899207720323
148 347 -0.00041494907588014696
148 348 -0.00018087523820416751
148 136 -5.3198599471814041e-05
148 155 0.0014563116605408417
148 349 -0.00086780215388394832
148 350 -0.00050871160744921844
148 351 -0.00024936843502412889
148 137 -8.179284668791442e-05
148 154 0.0034313096659319229
148 352 -0.00041228914590655125
148 353 -0.00035909054643475194
148 354 -0.00022609404775521548
148 138 -8.7777689128494839e-05
148 87 -0.00081460355441219823
148 147 -0.0022692527587195384
148 146 -0.0011321326950095331
148 145 -0.00047047511407885491
148 84 -0.00013133404244604138
148 12 -0.00026599299735908166
148 34 -0.00021611931035424539
148 35 -9.9747374009651163e-05
148 36 -3.7405265253619191e-05
148 13 -9.1435092842180271e-06
148 61 -0.00040896423343959632
148 157 -0.00047047511407885523
148 158 -0.0002244315915217147
148 159 -8.8110180375191788e-05
148 58 -2.2941896022219768e-05
148 62 -0.00037405265253623174
148 160 -0.00068576319631635167
148 161 -0.00033664738728257247
148 162 -0.00013715263926327061
148 59 -3.7405265253619306e-05
148 63 -3.3249124669938218e-05
148 163 -0.00068160705573262347
148 164 -0.00034911580903378321
148 165 -0.00014962106101447896
148 60 -4.3223862070849448e-05
148 15 -0.001221905331618279
148 39 -0.0011928123475320861
148 38 -0.00056107897880428969
148 37 -0.00021611931035424531
148 14 -5.486105570530862e-05
334 8 -0.0011928123475320848
334 28 -0.00068160705573262271
334 29 -0.000685763196316352
334 30 -0.00047047511407885534
334 9 -0.00021611931035424536
334 55 -0.002269252758719538
334 118 -0.0004122891459065525
334 119 -0.00086780215388394995
334 120 -0.00079797899207720421
334 52 -0.0004704751140788555
334 56 -0.0028802054245286013
334 115 0.00079797899207725137
334 116 -0.00044886318304338565
334 117 -0.0008678021538839506
334 53 -0.00068576319631635189
334 57 -0.0022110667905471787
334 112 0.002925922970949818
334 113 0.00079797899207725116
334 114 -0.00041228914590655304
334 54 -0.00068160705573262325
334 11 -0.0061095266580910865
334 33 -0.0022110667905471787
334 32 -0.0028802054245285979
334 31 -0.0022692527587195375
334 10 -0.001192812347532085
334 76 -0.00068160705573262238
334 121 -2.0881338433057178e-17
334 122 -0.0001994947480193126
334 123 -0.00022609404775521515
334 79 -0.00014962106101447869
334 150 -0.00041228914590655022
334 328 0.0020215467799288706
334 329 0.00087777689128489521
334 330 8.5117759154881744e-05
334 130 -0.00022609404775521515
334 149 0.0007979789920772556
334 331 0.0055858529445403813
334 332 0.0029924212202894797
334 333 0.00087777689128489531
334 131 -0.00019949474801931271
334 148 0.0029259229709498215
334 334 0.0095757479049264037
334 335 0.0055858529445403813
334 336 0.0020215467799288706
334 132 -2.1180516819002005e-17
334 85 -0.0022110667905471735
334 141 0.0029259229709498206
334 140 0.00079797899207725723
334 139 -0.00041228914590655012
334 82 -0.00068160705573262249
334 77 -0.00068576319631635102
334 124 -0.00019949474801931298
334 125 -0.00029924212202895592
334 126 -0.00024936843502412857
334 80 -0.00013715263926327039
334 153 -0.00086780215388394756
334 337 0.00087777689128489358
334 338 0.00017954527321735743
334 339 -0.00019151495809853757
334 133 -0.00024936843502412878
334 152 -0.0004488631830433818
334 340 0.0029924212202894779
334 341 0.0013465895491302641
334 342 0.00017954527321735732
334 134 -0.00029924212202895592
334 151 0.00079797899207725484
334 343 0.0055858529445403753
334 344 0.0029924212202894779
334 345 0.0008777768912848938
334 135 -0.00019949474801931298
334 86 -0.0028802054245285957
334 144 0.00079797899207725311
334 143 -0.00044886318304338148
334 142 -0.00086780215388394702
334 83 -0.0006857631963163508
334 78 -0.00047047511407885507
334 127 -0.00022609404775521556
334 128 -0.00024936843502412884
334 129 -0.00018087523820416748
334 81 -8.8110180375191693e-05
334 156 -0.00079797899207720302
334 346 8.5117759154880755e-05
334 347 -0.00019151495809853776
334 348 -0.00025535327746470978
334 136 -0.00018087523820416748
334 155 -0.0008678021538839481
334 349 0.00087777689128489336
334 350 0.000179545273217357
334 351 -0.00019151495809853781
334 137 -0.00024936843502412894
334 154 -0.00041228914590655125
334 352 0.0020215467799288666
334 353 0.00087777689128489358
334 354 8.5117759154880796e-05
334 138 -0.00022609404775521545
334 87 -0.002269252758719538
334 147 -0.00041228914590655201
334 146 -0.00086780215388394778
334 145 -0.00079797899207720291
334 84 -0.0004704751140788548
334 12 -0.00021611931035424534
334 34 -0.00014962106101447893
334 35 -0.00013715263926327058
334 36 -8.8110180375191774e-05
334 13 -3.7405265253619205e-05
334 61 -0.00047047511407885518
334 157 -0.00022609404775521578
334 158 -0.000249368435024129
334 159 -0.00018087523820416754
334 58 -8.8110180375191788e-05
334 62 -0.00068576319631635156
334 160 -0.00019949474801931393
334 161 -0.00029924212202895667
334 162 -0.00024936843502412911
334 59 -0.00013715263926327061
334 63 -0.00068160705573262336
334 163 -2.2440100100515481e-17
334 164 -0.00019949474801931371
334 165 -0.00022609404775521583
334 60 -0.00014962106101447888
334 15 -0.0011928123475320859
334 39 -0.00068160705573262368
334 38 -0.00068576319631635124
334 37 -0.00047047511407885507
334 14 -0.00021611931035424528
335 8 -0.00056107897880428926
335 28 -0.00068576319631635178
335 29 -0.0007530926737728625
335 30 -0.000685763196316352
335 9 -0.00056107897880428937
335 55 -0.0011321326950095335
335 118 -0.00086780215388394995
335 119 -0.00081792846687911468
335 120 -0.00086780215388395016
335 52 -0.0011321326950095331
335 56 -0.0015336158753983681
335 115 -0.00044886318304338549
335 116 -0.00011969684881151599
335 117 -0.00044886318304338587
335 53 -0.0015336158753983668
335 57 -0.0013465895491302784
335 112 0.00079797899207725202
335 113 0.0015161600849467644
335 114 0.00079797899207725137
335 54 -0.0013465895491302782
335 11 -0.0029674843767871165
335 33 -0.0028802054245285987
335 32 -0.002967484376787002
335 31 -0.0028802054245285996
335 10 -0.0029674843767871161
335 76 -0.00034911580903378267
335 121 -0.00019949474801931263
335 122 -0.00015959579841545225
335 123 -0.00019949474801931276
335 79 -0.00034911580903378256
335 150 -0.00035909054643475081
335 328 0.00087777689128489521
335 329 0.0013086855470065813
335 330 0.00087777689128489477
335 130 -0.00035909054643475048
335 149 -6.8187457509325069e-18
335 331 0.0029924212202894806
335 332 0.0040696928595937015
335 333 0.0029924212202894801
335 131 -6.2600424609204415e-18
335 148 0.0007979789920771861
335 334 0.0055858529445403813
335 335 0.0073414067271102166
335 336 0.0055858529445403813
335 132 0.00079797899207718751
335 85 -0.0013465895491302777
335 141 0.00079797899207725658
335 140 0.0015161600849467698
335 139 0.00079797899207725636
335 82 -0.0013465895491302764
335 77 -0.00033664738728257177
335 124 -0.00029924212202895586
335 125 -0.00029924212202895478
335 126 -0.00029924212202895597
335 80 -0.00033664738728257193
335 153 -0.00050871160744921833
335 337 0.00017954527321735749
335 338 0.00040696928595936038
335 339 0.0001795452732173573
335 133 -0.00050871160744921811
335 152 -0.00044886318304342409
335 340 0.0013465895491302641
335 341 0.0019749980053910621
335 342 0.0013465895491302641
335 134 -0.00044886318304342376
335 151 -7.6914523381605187e-18
335 343 0.0029924212202894784
335 344 0.0040696928595936989
335 345 0.0029924212202894775
335 135 -7.066340102425111e-18
335 86 -0.0015336158753983652
335 144 -0.0004488631830433818
335 143 -0.00011969684881151024
335 142 -0.00044886318304338186
335 83 -0.0015336158753983644
335 78 -0.00022443159152171456
335 127 -0.00024936843502412884
335 128 -0.00026732296234586528
335 129 -0.00024936843502412889
335 81 -0.00022443159152171454
335 156 -0.00041494907588014702
335 346 -0.00019151495809853779
335 347 -0.00012767663873236121
335 348 -0.00019151495809853789
335 136 -0.00041494907588014702
335 155 -0.00050871160744921855
335 349 0.00017954527321735705
335 350 0.00040696928595935968
335 351 0.00017954527321735684
335 137 -0.00050871160744921844
335 154 -0.00035909054643475167
335 352 0.00087777689128489358
335 353 0.0013086855470065802
335 354 0.00087777689128489347
335 138 -0.00035909054643475162
335 87 -0.0011321326950095331
335 147 -0.00086780215388394778
335 146 -0.00081792846687911121
335 145 -0.0008678021538839481
335 84 -0.0011321326950095327
335 12 -9.974737400965115e-05
335 34 -0.00013715263926327058
335 35 -0.00015460842971495913
335 36 -0.00013715263926327061
335 13 -9.974737400965119e-05
335 61 -0.00022443159152171475
335 157 -0.000249368435024129
335 158 -0.00026732296234586539
335 159 -0.00024936843502412905
335 58 -0.00022443159152171475
335 62 -0.00033664738728257247
335 160 -0.00029924212202895662
335 161 -0.0002992421220289557
335 162 -0.00029924212202895667
335 59 -0.00033664738728257236
335 63 -0.00034911580903378327
335 163 -0.00019949474801931371
335 164 -0.00015959579841545382
335 165 -0.00019949474801931374
335 60 -0.0003491158090337831
335 15 -0.00056107897880428969
335 39 -0.00068576319631635135
335 38 -0.00075309267377286174
335 37 -0.00068576319631635135
335 14 -0.00056107897880428948
336 8 -0.00021611931035424536
336 28 -0.00047047511407885529
336 29 -0.000685763196316352
336 30 -0.00068160705573262238
336 9 -0.0011928123475320844
336 55 -0.0004704751140788554
336 118 -0.00079797899207720443
336 119 -0.00086780215388394995
336 120 -0.00041228914590655207
336 52 -0.0022692527587195375
336 56 -0.00068576319631635221
336 115 -0.0008678021538839506
336 116 -0.00044886318304338582
336 117 0.00079797899207725224
336 53 -0.0028802054245286009
336 57 -0.00068160705573262314
336 112 -0.00041228914590655304
336 113 0.0007979789920772517
336 114 0.0029259229709498202
336 54 -0.0022110667905471787
336 11 -0.0011928123475320853
336 33 -0.0022692527587195375
336 32 -0.0028802054245286
336 31 -0.0022110667905471774
336 10 -0.0061095266580910865
336 76 -0.00014962106101447866
336 121 -0.00022609404775521515
336 122 -0.00019949474801931263
336 123 -2.0953543324223398e-17
336 79 -0.00068160705573262227
336 150 -0.00022609404775521521
336 328 8.5117759154881758e-05
336 329 0.00087777689128489477
336 330 0.0020215467799288701
336 130 -0.00041228914590655088
336 149 -0.00019949474801931284
336 331 0.00087777689128489542
336 332 0.0029924212202894797
336 333 0.0055858529445403813
336 131 0.00079797899207725463
336 148 -2.1435166869804554e-17
336 334 0.0020215467799288706
336 335 0.0055858529445403813
336 336 0.0095757479049264072
336 132 0.0029259229709498193
336 85 -0.0006816070557326226
336 141 -0.00041228914590655012
336 140 0.00079797899207725658
336 139 0.0029259229709498202
336 82 -0.0022110667905471766
336 77 -0.00013715263926327042
336 124 -0.00024936843502412857
336 125 -0.00029924212202895602
336 126 -0.0001994947480193129
336 80 -0.00068576319631635091
336 153 -0.00024936843502412873
336 337 -0.0001915149580985376
336 338 0.00017954527321735724
336 339 0.00087777689128489412
336 133 -0.00086780215388394756
336 152 -0.00029924212202895597
336 340 0.00017954527321735722
336 341 0.0013465895491302639
336 342 0.0029924212202894784
336 134 -0.00044886318304338229
336 151 -0.00019949474801931328
336 343 0.0008777768912848939
336 344 0.0029924212202894784
336 345 0.0055858529445403753
336 135 0.00079797899207725354
336 86 -0.00068576319631635102
336 144 -0.00086780215388394713
336 143 -0.00044886318304338186
336 142 0.00079797899207725452
336 83 -0.0028802054245285966
336 78 -8.8110180375191707e-05
336 127 -0.00018087523820416748
336 128 -0.00024936843502412884
336 129 -0.00022609404775521551
336 81 -0.00047047511407885496
336 156 -0.00018087523820416748
336 346 -0.00025535327746470978
336 347 -0.00019151495809853789
336 348 8.5117759154880985e-05
336 136 -0.00079797899207720291
336 155 -0.00024936843502412889
336 349 -0.00019151495809853784
336 350 0.00017954527321735673
336 351 0.0008777768912848938
336 137 -0.00086780215388394854
336 154 -0.00022609404775521548
336 352 8.5117759154880809e-05
336 353 0.00087777689128489315
336 354 0.0020215467799288662
336 138 -0.00041228914590655196
336 87 -0.00047047511407885496
336 147 -0.00079797899207720291
336 146 -0.0008678021538839481
336 145 -0.00041228914590655196
336 84 -0.0022692527587195367
336 12 -3.7405265253619191e-05
336 34 -8.8110180375191774e-05
336 35 -0.00013715263926327061
336 36 -0.00014962106101447891
336 13 -0.00021611931035424528
336 61 -8.8110180375191788e-05
336 157 -0.00018087523820416751
336 158 -0.00024936843502412905
336 159 -0.00022609404775521562
336 58 -0.00047047511407885507
336 62 -0.00013715263926327063
336 160 -0.00024936843502412911
336 161 -0.00029924212202895678
336 162 -0.00019949474801931355
336 59 -0.00068576319631635124
336 63 -0.00014962106101447896
336 163 -0.00022609404775521583
336 164 -0.00019949474801931374
336 165 -2.2055387987742294e-17
336 60 -0.00068160705573262303
336 15 -0.00021611931035424534
336 39 -0.00047047511407885507
336 38 -0.00068576319631635135
336 37 -0.00068160705573262314
336 14 -0.0011928123475320857
132 8 -5.4861055705308607e-05
132 28 -0.00021611931035424534
132 29 -0.00056107897880428937
132 30 -0.0011928123475320846
132 9 -0.0012219053316182803
132 55 -0.00013133404244604143
132 118 -0.00047047511407885545
132 119 -0.0011321326950095331
132 120 -0.0022692527587195371
132 52 -0.00081460355441219845
132 56 -0.00020697580107002781
132 115 -0.000685763196316352
132 116 -0.0015336158753983672
132 117 -0.0028802054245286005
132 53 0.0012219053316182573
132 57 -0.00022941896022220199
132 112 -0.00068160705573262314
132 113 -0.0013465895491302784
132 114 -0.0022110667905471813
132 54 0.0048876213264730092
132 11 -0.00032002282494763483
132 33 -0.0011928123475320855
132 32 -0.0029674843767871165
132 31 -0.00610952665809109
132 10 -0.0040730177720607929
132 76 -4.3223862070849394e-05
132 121 -0.00014962106101447869
132 122 -0.00034911580903378262
132 123 -0.00068160705573262238
132 79 -3.3249124669938516e-05
132 150 -8.7777689128494784e-05
132 328 -0.00022609404775521524
132 329 -0.00035909054643475048
132 330 -0.00041228914590655098
132 130 0.0034313096659319246
132 149 -0.00011969684881158485
132 331 -0.00019949474801931265
132 332 -6.2346395407449592e-18
132 333 0.00079797899207725441
132 131 0.0095757479049264991
132 148 -0.00010639719894363462
132 334 -2.1180516819002005e-17
132 335 0.00079797899207718751
132 336 0.0029259229709498193
132 132 0.016491565836262392
132 85 -0.00022941896022220162
132 141 -0.0006816070557326226
132 140 -0.0013465895491302762
132 139 -0.0022110667905471766
132 82 0.0048876213264730118
132 77 -3.7405265253619279e-05
132 124 -0.00013715263926327039
132 125 -0.00033664738728257193
132 126 -0.00068576319631635091
132 80 -0.00037405265253623174
132 153 -8.1792846687914447e-05
132 337 -0.00024936843502412873
132 338 -0.00050871160744921811
132 339 -0.00086780215388394745
132 133 0.0014563116605408419
132 152 -0.00011969684881158253
132 340 -0.00029924212202895597
132 341 -0.00044886318304342371
132 342 -0.00044886318304338262
132 134 0.0050871160744921642
132 151 -0.00011969684881158486
132 343 -0.00019949474801931295
132 344 -7.0968196400461587e-18
132 345 0.00079797899207725354
132 135 0.0095757479049264922
132 86 -0.00020697580107002756
132 144 -0.0006857631963163508
132 143 -0.0015336158753983641
132 142 -0.0028802054245285957
132 83 0.0012219053316182599
132 78 -2.2941896022219741e-05
132 127 -8.8110180375191693e-05
132 128 -0.00022443159152171454
132 129 -0.00047047511407885496
132 81 -0.00040896423343959626
132 156 -5.3198599471814035e-05
132 346 -0.00018087523820416746
132 347 -0.00041494907588014707
132 348 -0.00079797899207720302
132 136 0.00010639719894357437
132 155 -8.179284668791442e-05
132 349 -0.00024936843502412894
132 350 -0.00050871160744921833
132 351 -0.00086780215388394832
132 137 0.0014563116605408417
132 154 -8.7777689128494839e-05
132 352 -0.0002260940477552154
132 353 -0.00035909054643475162
132 354 -0.0004122891459065518
132 138 0.0034313096659319212
132 87 -0.00013133404244604138
132 147 -0.0004704751140788548
132 146 -0.001132132695009532
132 145 -0.0022692527587195362
132 84 -0.00081460355441219747
132 12 -9.1435092842180288e-06
132 34 -3.7405265253619205e-05
132 35 -9.9747374009651177e-05
132 36 -0.00021611931035424531
132 13 -0.0002659929973590816
132 61 -2.2941896022219765e-05
132 157 -8.8110180375191788e-05
132 158 -0.00022443159152171473
132 159 -0.00047047511407885512
132 58 -0.00040896423343959632
132 62 -3.7405265253619306e-05
132 160 -0.00013715263926327058
132 161 -0.00033664738728257236
132 162 -0.00068576319631635135
132 59 -0.00037405265253623142
132 63 -4.3223862070849448e-05
132 163 -0.00014962106101447891
132 164 -0.00034911580903378305
132 165 -0.00068160705573262292
132 60 -3.324912466993815e-05
132 15 -5.4861055705308613e-05
132 39 -0.00021611931035424528
132 38 -0.00056107897880428926
132 37 -0.0011928123475320853
132 14 -0.001221905331618279
85 8 -0.00040730177720609478
85 28 -0.00032002282494763483
85 29 -0.00014712737666423674
85 30 -5.486105570530862e-05
85 9 -1.3299649867953631e-05
85 55 -0.0012219053316182805
85 118 -0.0011928123475320864
85 119 -0.00056107897880428969
85 120 -0.00021611931035424547
85 52 -5.4861055705308627e-05
85 56 -0.0024438106632365258
85 115 -0.0029674843767871183
85 116 -0.0014214000796375283
85 117 -0.00056107897880428969
85 53 -0.00014712737666423679
85 57 -0.0040730177720607877
85 112 -0.00610952665809109
85 113 -0.0029674843767871174
85 114 -0.0011928123475320853
85 54 -0.00032002282494763488
85 11 0.0081460355441216811
85 33 -0.0040730177720607903
85 32 -0.0024438106632365254
85 31 -0.0012219053316182805
85 10 -0.00040730177720609478
85 76 -0.00019284492308534483
85 121 -0.00022941896022220164
85 122 -0.00010972211141061785
85 123 -4.3223862070849407e-05
85 79 -1.130470238776061e-05
85 150 -3.3249124669937276e-05
85 328 -0.00068160705573262282
85 329 -0.00034911580903378299
85 330 -0.00014962106101447883
85 130 -4.3223862070849421e-05
85 149 0.0012967158621254109
85 331 -0.0013465895491302773
85 332 -0.00074810530507238521
85 333 -0.00034911580903378289
85 131 -0.00010972211141061785
85 148 0.0048876213264730153
85 334 -0.0022110667905471735
85 335 -0.0013465895491302777
85 336 -0.0006816070557326226
85 132 -0.00022941896022220162
85 85 0.028394752468081257
85 141 0.0048876213264730118
85 140 0.0012967158621254096
85 139 -3.3249124669937466e-05
85 82 -0.00019284492308534499
85 77 -0.00021445685412076348
85 124 -0.00020697580107002764
85 125 -9.7253689659410227e-05
85 126 -3.7405265253619293e-05
85 80 -9.4760005309168738e-06
85 153 -0.00037405265253623104
85 337 -0.00068576319631635102
85 338 -0.00033664738728257204
85 339 -0.00013715263926327042
85 133 -3.7405265253619293e-05
85 152 -7.4810530507286359e-05
85 340 -0.0015336158753983652
85 341 -0.00078551057032599575
85 342 -0.00033664738728257193
85 134 -9.7253689659410213e-05
85 151 0.0012219053316182586
85 343 -0.0028802054245285957
85 344 -0.0015336158753983648
85 345 -0.00068576319631635091
85 135 -0.00020697580107002753
85 86 0.016408443024587813
85 144 0.0012219053316182603
85 143 -7.4810530507286928e-05
85 142 -0.00037405265253623109
85 83 -0.0002144568541207634
85 78 -0.00015627088594846164
85 127 -0.00013133404244604146
85 128 -6.084589814588725e-05
85 129 -2.2941896022219748e-05
85 81 -5.6523511938802338e-06
85 156 -0.00040896423343959599
85 346 -0.00047047511407885496
85 347 -0.00022443159152171462
85 348 -8.8110180375191707e-05
85 136 -2.2941896022219738e-05
85 155 -0.00066830740586470939
85 349 -0.0011321326950095327
85 350 -0.0005535979257535608
85 351 -0.00022443159152171459
85 137 -6.084589814588725e-05
85 154 -0.00081460355441219888
85 352 -0.0022692527587195375
85 353 -0.0011321326950095329
85 354 -0.00047047511407885496
85 138 -0.00013133404244604141
85 87 0.0058185968172295667
85 147 -0.00081460355441219769
85 146 -0.00066830740586470972
85 145 -0.00040896423343959594
85 84 -0.00015627088594846153
85 12 -7.6472986740735855e-05
85 34 -5.4861055705308641e-05
85 35 -2.4936843502412852e-05
85 36 -9.1435092842180271e-06
85 13 -2.1611931035424444e-06
85 61 -0.00026599299735908166
85 157 -0.00021611931035424536
85 158 -9.9747374009651204e-05
85 159 -3.7405265253619198e-05
85 58 -9.1435092842180288e-06
85 62 -0.0006234210875603473
85 160 -0.00056107897880428948
85 161 -0.00026183685677533432
85 162 -9.9747374009651217e-05
85 59 -2.4936843502412855e-05
85 63 -0.0012219053316182792
85 163 -0.0011928123475320859
85 164 -0.00056107897880428969
85 165 -0.00021611931035424526
85 60 -5.4861055705308607e-05
85 15 -0.00011637193634471794
85 39 -0.0012219053316182794
85 38 -0.00062342108756034719
85 37 -0.0002659929973590816
85 14 -7.6472986740735814e-05
141 8 -0.00032002282494763472
141 28 -0.00022941896022220189
141 29 -0.00020697580107002772
141 30 -0.00013133404244604146
141 9 -5.4861055705308634e-05
141 55 -0.0011928123475320859
141 118 -0.00068160705573262336
141 119 -0.0006857631963163521
141 120 -0.00047047511407885556
141 52 -0.00021611931035424545
141 56 -0.0029674843767871174
141 115 -0.0013465895491302788
141 116 -0.0015336158753983668
141 117 -0.0011321326950095342
141 53 -0.00056107897880428969
141 57 -0.0061095266580910891
141 112 -0.0022110667905471792
141 113 -0.0028802054245285987
141 114 -0.002269252758719538
141 54 -0.0011928123475320855
141 11 -0.0040730177720607903
141 33 0.004887621326473004
141 32 0.0012219053316182566
141 31 -0.00081460355441219877
141 10 -0.0012219053316182801
141 76 -0.00022941896022220164
141 121 -0.00010639719894363453
141 122 -0.00011969684881158484
141 123 -8.7777689128494825e-05
141 79 -4.3223862070849401e-05
141 150 -0.00068160705573262282
141 328 -2.1521292095682425e-17
141 329 -0.00019949474801931287
141 330 -0.00022609404775521534
141 130 -0.0001496210610144788
141 149 -0.0013465895491302775
141 331 0.0007979789920771861
141 332 -6.899057177737645e-18
141 333 -0.00035909054643475091
141 131 -0.00034911580903378272
141 148 -0.0022110667905471748
141 334 0.0029259229709498206
141 335 0.00079797899207725658
141 336 -0.00041228914590655012
141 132 -0.0006816070557326226
141 85 0.0048876213264730118
141 141 0.016491565836262389
141 140 0.0095757479049265008
141 139 0.0034313096659319238
141 82 -3.3249124669937276e-05
141 77 -0.00020697580107002764
141 124 -0.0001196968488115849
141 125 -0.00011969684881158249
141 126 -8.1792846687914447e-05
141 80 -3.7405265253619286e-05
141 153 -0.00068576319631635102
141 337 -0.00019949474801931317
141 338 -0.00029924212202895597
141 339 -0.00024936843502412884
141 133 -0.00013715263926327042
141 152 -0.0015336158753983652
141 340 -7.6643421656430974e-18
141 341 -0.00044886318304342365
141 342 -0.00050871160744921833
141 134 -0.00033664738728257182
141 151 -0.0028802054245285961
141 343 0.00079797899207725322
141 344 -0.00044886318304338148
141 345 -0.00086780215388394702
141 135 -0.00068576319631635069
141 86 0.0012219053316182612
141 144 0.0095757479049264922
141 143 0.0050871160744921651
141 142 0.0014563116605408413
141 83 -0.00037405265253623093
141 78 -0.00013133404244604146
141 127 -8.7777689128494866e-05
141 128 -8.179284668791442e-05
141 129 -5.3198599471814041e-05
141 81 -2.2941896022219745e-05
141 156 -0.00047047511407885496
141 346 -0.00022609404775521562
141 347 -0.00024936843502412894
141 348 -0.00018087523820416746
141 136 -8.811018037519172e-05
141 155 -0.0011321326950095331
141 349 -0.00035909054643475194
141 350 -0.00050871160744921844
141 351 -0.00041494907588014702
141 137 -0.00022443159152171456
141 154 -0.002269252758719538
141 352 -0.0004122891459065518
141 353 -0.00086780215388394767
141 354 -0.00079797899207720291
141 138 -0.0004704751140788548
141 87 -0.00081460355441219726
141 147 0.0034313096659319216
141 146 0.0014563116605408411
141 145 0.00010639719894357399
141 84 -0.00040896423343959583
141 12 -5.4861055705308641e-05
141 34 -4.3223862070849448e-05
141 35 -3.7405265253619313e-05
141 36 -2.2941896022219768e-05
141 13 -9.1435092842180271e-06
141 61 -0.00021611931035424539
141 157 -0.00014962106101447893
141 158 -0.00013715263926327058
141 159 -8.8110180375191774e-05
141 58 -3.7405265253619191e-05
141 62 -0.00056107897880428948
141 160 -0.00034911580903378327
141 161 -0.00033664738728257231
141 162 -0.00022443159152171484
141 59 -9.9747374009651177e-05
141 63 -0.0011928123475320859
141 163 -0.00068160705573262347
141 164 -0.00068576319631635113
141 165 -0.00047047511407885496
141 60 -0.00021611931035424523
141 15 -0.0012219053316182794
141 39 -3.3249124669938374e-05
141 38 -0.00037405265253623153
141 37 -0.00040896423343959626
141 14 -0.0002659929973590816
140 8 -0.00014712737666423674
140 28 -0.00020697580107002772
140 29 -0.00023440632892268113
140 30 -0.00020697580107002775
140 9 -0.00014712737666423671
140 55 -0.00056107897880428958
140 118 -0.000685763196316352
140 119 -0.00075309267377286304
140 120 -0.000685763196316352
140 52 -0.00056107897880428948
140 56 -0.0014214000796375283
140 115 -0.0015336158753983665
140 116 -0.0016308695650577613
140 117 -0.0015336158753983674
140 53 -0.0014214000796375281
140 57 -0.0029674843767871165
140 112 -0.0028802054245285983
140 113 -0.0029674843767870016
140 114 -0.0028802054245286005
140 54 -0.002967484376787117
140 11 -0.0024438106632365271
140 33 0.0012219053316182562
140 32 0.002443810663236541
140 31 0.0012219053316182545
140 10 -0.0024438106632365258
140 76 -0.00010972211141061784
140 121 -0.00011969684881158484
140 122 -0.00012767663873235703
140 123 -0.00011969684881158488
140 79 -0.0001097221114106178
140 150 -0.00034911580903378294
140 328 -0.00019949474801931292
140 329 -0.00015959579841545255
140 330 -0.00019949474801931292
140 130 -0.00034911580903378272
140 149 -0.00074810530507238521
140 331 -6.9436889613772486e-18
140 332 0.0002393936976231607
140 333 -6.7744189394190153e-18
140 131 -0.00074810530507238456
140 148 -0.0013465895491302771
140 334 0.00079797899207725723
140 335 0.0015161600849467698
140 336 0.00079797899207725658
140 132 -0.0013465895491302762
140 85 0.0012967158621254096
140 141 0.0095757479049265008
140 140 0.012608068074819928
140 139 0.0095757479049265008
140 82 0.0012967158621254107
140 77 -9.7253689659410213e-05
140 124 -0.00011969684881158249
140 125 -0.00013166653369274078
140 126 -0.00011969684881158249
140 80 -9.7253689659410213e-05
140 153 -0.00033664738728257198
140 337 -0.00029924212202895581
140 338 -0.00029924212202895505
140 339 -0.00029924212202895592
140 133 -0.00033664738728257187
140 152 -0.00078551057032599596
140 340 -0.00044886318304342365
140 341 -0.00035909054643473189
140 342 -0.00044886318304342376
140 134 -0.00078551057032599531
140 151 -0.0015336158753983648
140 343 -0.00044886318304338159
140 344 -0.00011969684881151049
140 345 -0.00044886318304338186
140 135 -0.0015336158753983641
140 86 -7.4810530507286575e-05
140 144 0.0050871160744921642
140 143 0.0069424172310716854
140 142 0.0050871160744921633
140 83 -7.4810530507286142e-05
140 78 -6.0845898145887243e-05
140 127 -8.179284668791442e-05
140 128 -9.1767584088879304e-05
140 129 -8.1792846687914406e-05
140 81 -6.0845898145887223e-05
140 156 -0.00022443159152171459
140 346 -0.00024936843502412894
140 347 -0.00026732296234586512
140 348 -0.00024936843502412889
140 136 -0.00022443159152171454
140 155 -0.0005535979257535608
140 349 -0.00050871160744921833
140 350 -0.00051469644988979418
140 351 -0.00050871160744921844
140 137 -0.00055359792575356058
140 154 -0.0011321326950095329
140 352 -0.00086780215388394767
140 353 -0.00081792846687911089
140 354 -0.00086780215388394799
140 138 -0.0011321326950095318
140 87 -0.00066830740586470982
140 147 0.0014563116605408411
140 146 0.0021944422282122581
140 145 0.0014563116605408406
140 84 -0.00066830740586470907
140 12 -2.4936843502412852e-05
140 34 -3.7405265253619306e-05
140 35 -4.2891370824150019e-05
140 36 -3.7405265253619306e-05
140 13 -2.4936843502412848e-05
140 61 -9.9747374009651204e-05
140 157 -0.00013715263926327061
140 158 -0.0001546084297149591
140 159 -0.00013715263926327058
140 58 -9.9747374009651163e-05
140 62 -0.00026183685677533432
140 160 -0.00033664738728257231
140 161 -0.00037405265253618989
140 162 -0.0003366473872825722
140 59 -0.0002618368567753341
140 63 -0.00056107897880428969
140 163 -0.00068576319631635091
140 164 -0.00075309267377286163
140 165 -0.00068576319631635113
140 60 -0.00056107897880428926
140 15 -0.00062342108756034719
140 39 -0.00037405265253623142
140 38 -0.00030921685942995961
140 37 -0.00037405265253623153
140 14 -0.00062342108756034697
139 8 -5.486105570530862e-05
139 28 -0.00013133404244604146
139 29 -0.00020697580107002775
139 30 -0.0002294189602222018
139 9 -0.00032002282494763472
139 55 -0.00021611931035424547
139 118 -0.00047047511407885561
139 119 -0.000685763196316352
139 120 -0.00068160705573262325
139 52 -0.0011928123475320857
139 56 -0.00056107897880428969
139 115 -0.001132132695009534
139 116 -0.0015336158753983676
139 117 -0.0013465895491302777
139 53 -0.002967484376787117
139 57 -0.001192812347532085
139 112 -0.002269252758719538
139 113 -0.0028802054245286
139 114 -0.0022110667905471796
139 54 -0.0061095266580910891
139 11 -0.0012219053316182805
139 33 -0.00081460355441219899
139 32 0.0012219053316182547
139 31 0.0048876213264730075
139 10 -0.0040730177720607937
139 76 -4.3223862070849407e-05
139 121 -8.7777689128494825e-05
139 122 -0.00011969684881158488
139 123 -0.00010639719894363451
139 79 -0.00022941896022220162
139 150 -0.00014962106101447883
139 328 -0.00022609404775521534
139 329 -0.00019949474801931287
139 330 -2.1109960781368373e-17
139 130 -0.00068160705573262249
139 149 -0.00034911580903378289
139 331 -0.00035909054643475091
139 332 -6.8340535934872496e-18
139 333 0.00079797899207718762
139 131 -0.0013465895491302773
139 148 -0.00068160705573262249
139 334 -0.00041228914590655012
139 335 0.00079797899207725636
139 336 0.0029259229709498202
139 132 -0.0022110667905471766
139 85 -3.3249124669937466e-05
139 141 0.0034313096659319238
139 140 0.0095757479049265008
139 139 0.016491565836262389
139 82 0.0048876213264730101
139 77 -3.7405265253619293e-05
139 124 -8.1792846687914447e-05
139 125 -0.00011969684881158253
139 126 -0.00011969684881158484
139 80 -0.00020697580107002751
139 153 -0.00013715263926327042
139 337 -0.00024936843502412889
139 338 -0.00029924212202895597
139 339 -0.00019949474801931295
139 133 -0.00068576319631635059
139 152 -0.00033664738728257187
139 340 -0.00050871160744921822
139 341 -0.00044886318304342376
139 342 -7.1652903424308481e-18
139 134 -0.0015336158753983646
139 151 -0.00068576319631635091
139 343 -0.00086780215388394702
139 344 -0.00044886318304338208
139 345 0.0007979789920772543
139 135 -0.0028802054245285957
139 86 -0.00037405265253623109
139 144 0.0014563116605408413
139 143 0.0050871160744921633
139 142 0.0095757479049264922
139 83 0.0012219053316182586
139 78 -2.2941896022219748e-05
139 127 -5.3198599471814035e-05
139 128 -8.1792846687914406e-05
139 129 -8.7777689128494852e-05
139 81 -0.00013133404244604138
139 156 -8.811018037519172e-05
139 346 -0.00018087523820416746
139 347 -0.00024936843502412889
139 348 -0.00022609404775521543
139 136 -0.0004704751140788548
139 155 -0.00022443159152171459
139 349 -0.00041494907588014702
139 350 -0.00050871160744921855
139 351 -0.0003590905464347514
139 137 -0.0011321326950095325
139 154 -0.00047047511407885496
139 352 -0.00079797899207720291
139 353 -0.00086780215388394799
139 354 -0.00041228914590655147
139 138 -0.0022692527587195362
139 87 -0.00040896423343959599
139 147 0.00010639719894357394
139 146 0.0014563116605408406
139 145 0.0034313096659319207
139 84 -0.00081460355441219769
139 12 -9.1435092842180271e-06
139 34 -2.2941896022219768e-05
139 35 -3.7405265253619306e-05
139 36 -4.3223862070849441e-05
139 13 -5.486105570530862e-05
139 61 -3.7405265253619198e-05
139 157 -8.8110180375191774e-05
139 158 -0.00013715263926327058
139 159 -0.0001496210610144788
139 58 -0.00021611931035424526
139 62 -9.9747374009651217e-05
139 160 -0.00022443159152171484
139 161 -0.00033664738728257231
139 162 -0.00034911580903378294
139 59 -0.00056107897880428926
139 63 -0.00021611931035424528
139 163 -0.00047047511407885496
139 164 -0.00068576319631635113
139 165 -0.00068160705573262303
139 60 -0.0011928123475320853
139 15 -0.00026599299735908166
139 39 -0.00040896423343959626
139 38 -0.00037405265253623169
139 37 -3.3249124669938286e-05
139 14 -0.0012219053316182792
82 8 -1.3299649867953631e-05
82 28 -5.4861055705308634e-05
82 29 -0.00014712737666423671
82 30 -0.00032002282494763477
82 9 -0.00040730177720609478
82 55 -5.4861055705308641e-05
82 118 -0.00021611931035424545
82 119 -0.00056107897880428969
82 120 -0.0011928123475320857
82 52 -0.0012219053316182805
82 56 -0.00014712737666423679
82 115 -0.00056107897880428958
82 116 -0.0014214000796375285
82 117 -0.0029674843767871174
82 53 -0.0024438106632365267
82 57 -0.00032002282494763483
82 112 -0.0011928123475320855
82 113 -0.0029674843767871174
82 114 -0.0061095266580910926
82 54 -0.004073017772060792
82 11 -0.00040730177720609478
82 33 -0.0012219053316182803
82 32 -0.0024438106632365263
82 31 -0.0040730177720607929
82 10 0.0081460355441216881
82 76 -1.130470238776061e-05
82 121 -4.3223862070849401e-05
82 122 -0.00010972211141061781
82 123 -0.00022941896022220162
82 79 -0.00019284492308534507
82 150 -4.3223862070849421e-05
82 328 -0.0001496210610144788
82 329 -0.00034911580903378278
82 330 -0.00068160705573262249
82 130 -3.3249124669937635e-05
82 149 -0.00010972211141061785
82 331 -0.00034911580903378278
82 332 -0.00074810530507238477
82 333 -0.0013465895491302773
82 131 0.0012967158621254101
82 148 -0.00022941896022220162
82 334 -0.00068160705573262249
82 335 -0.0013465895491302764
82 336 -0.0022110667905471766
82 132 0.0048876213264730118
82 85 -0.00019284492308534499
82 141 -3.3249124669937276e-05
82 140 0.0012967158621254107
82 139 0.0048876213264730101
82 82 0.028394752468081264
82 77 -9.4760005309168738e-06
82 124 -3.7405265253619273e-05
82 125 -9.7253689659410213e-05
82 126 -0.00020697580107002751
82 80 -0.00021445685412076353
82 153 -3.7405265253619293e-05
82 337 -0.00013715263926327042
82 338 -0.00033664738728257187
82 339 -0.0006857631963163508
82 133 -0.00037405265253623077
82 152 -9.7253689659410213e-05
82 340 -0.00033664738728257187
82 341 -0.00078551057032599531
82 342 -0.0015336158753983648
82 134 -7.4810530507285952e-05
82 151 -0.00020697580107002756
82 343 -0.0006857631963163508
82 344 -0.0015336158753983644
82 345 -0.0028802054245285961
82 135 0.001221905331618259
82 86 -0.0002144568541207634
82 144 -0.00037405265253623093
82 143 -7.4810530507286101e-05
82 142 0.0012219053316182573
82 83 0.016408443024587809
82 78 -5.6523511938802338e-06
82 127 -2.2941896022219745e-05
82 128 -6.0845898145887223e-05
82 129 -0.00013133404244604138
82 81 -0.00015627088594846159
82 156 -2.2941896022219738e-05
82 346 -8.8110180375191707e-05
82 347 -0.00022443159152171456
82 348 -0.00047047511407885485
82 136 -0.00040896423343959583
82 155 -6.0845898145887257e-05
82 349 -0.00022443159152171456
82 350 -0.00055359792575356058
82 351 -0.0011321326950095322
82 137 -0.00066830740586470896
82 154 -0.00013133404244604141
82 352 -0.00047047511407885475
82 353 -0.0011321326950095322
82 354 -0.0022692527587195371
82 138 -0.00081460355441219769
82 87 -0.00015627088594846153
82 147 -0.00040896423343959583
82 146 -0.00066830740586470907
82 145 -0.00081460355441219758
82 84 0.0058185968172295658
82 12 -2.1611931035424444e-06
82 34 -9.1435092842180271e-06
82 35 -2.4936843502412848e-05
82 36 -5.486105570530862e-05
82 13 -7.6472986740735841e-05
82 61 -9.1435092842180305e-06
82 157 -3.7405265253619191e-05
82 158 -9.974737400965115e-05
82 159 -0.00021611931035424528
82 58 -0.00026599299735908171
82 62 -2.4936843502412855e-05
82 160 -9.9747374009651163e-05
82 161 -0.00026183685677533416
82 162 -0.00056107897880428915
82 59 -0.00062342108756034697
82 63 -5.4861055705308607e-05
82 163 -0.00021611931035424523
82 164 -0.00056107897880428926
82 165 -0.0011928123475320853
82 60 -0.001221905331618279
82 15 -7.6472986740735814e-05
82 39 -0.0002659929973590816
82 38 -0.00062342108756034708
82 37 -0.001221905331618279
82 14 -0.00011637193634471737
77 8 0.0020946948542025418
77 28 -0.002443810663236525
77 29 -0.0013465895491303419
77 30 -0.00062342108756034719
77 9 -0.00019450737931882826
77 55 -0.0024438106632365258
77 118 -0.0029674843767871161
77 119 -0.0014214000796375277
77 120 -0.00056107897880428958
77 52 -0.0001471273766642366
77 56 -0.0013465895491303424
77 115 -0.0014214000796375281
77 116 -0.00067329477456514245
77 117 -0.00026183685677533437
77 53 -6.732947745651476e-05
77 57 -0.00062342108756034719
77 112 -0.00056107897880428969
77 113 -0.00026183685677533437
77 114 -9.9747374009651001e-05
77 54 -2.4936843502412831e-05
77 11 -0.00019450737931882826
77 33 -0.00014712737666423666
77 32 -6.7329477456514733e-05
77 31 -2.4936843502412835e-05
77 10 -5.9848424405790915e-06
77 76 0.016408443024587806
77 121 0.0012219053316182612
77 122 -7.4810530507287429e-05
77 123 -0.00037405265253623147
77 79 -0.00021445685412076348
77 150 0.0012219053316182586
77 328 -0.0028802054245285983
77 329 -0.0015336158753983657
77 330 -0.0006857631963163508
77 130 -0.00020697580107002762
77 149 -7.481053050728789e-05
77 331 -0.0015336158753983657
77 332 -0.00078551057032599553
77 333 -0.00033664738728257182
77 131 -9.7253689659410227e-05
77 148 -0.00037405265253623142
77 334 -0.00068576319631635102
77 335 -0.00033664738728257177
77 336 -0.00013715263926327042
77 132 -3.7405265253619279e-05
77 85 -0.00021445685412076348
77 141 -0.00020697580107002764
77 140 -9.7253689659410213e-05
77 139 -3.7405265253619293e-05
77 82 -9.4760005309168738e-06
77 77 0.021645180160094629
77 124 0.0024438106632365475
77 125 0.00032916633423181013
77 126 -0.00030921685942995886
77 80 -0.00022941896022221224
77 153 0.0024438106632365445
77 337 -0.0029674843767869999
77 338 -0.0016308695650577602
77 339 -0.00075309267377286174
77 133 -0.00023440632892268105
77 152 0.00032916633423180942
77 340 -0.0016308695650577602
77 341 -0.00085284004778250517
77 342 -0.00037405265253618968
77 134 -0.00011071958515071274
77 151 -0.00030921685942995891
77 343 -0.00075309267377286185
77 344 -0.00037405265253618984
77 345 -0.00015460842971495894
77 135 -4.2891370824150005e-05
77 86 -0.00022941896022221216
77 144 -0.00023440632892268099
77 143 -0.00011071958515071279
77 142 -4.2891370824149998e-05
77 83 -1.0972211141061624e-05
77 78 0.016408443024587809
77 127 0.0012219053316182608
77 128 -7.481053050728705e-05
77 129 -0.00037405265253623136
77 81 -0.00021445685412076364
77 156 0.001221905331618259
77 346 -0.0028802054245285979
77 347 -0.0015336158753983659
77 348 -0.00068576319631635178
77 136 -0.00020697580107002767
77 155 -7.4810530507287239e-05
77 349 -0.0015336158753983657
77 350 -0.00078551057032599607
77 351 -0.00033664738728257231
77 137 -9.7253689659410227e-05
77 154 -0.00037405265253623136
77 352 -0.00068576319631635156
77 353 -0.00033664738728257225
77 354 -0.00013715263926327052
77 138 -3.7405265253619293e-05
77 87 -0.00021445685412076361
77 147 -0.00020697580107002772
77 146 -9.7253689659410254e-05
77 145 -3.7405265253619306e-05
77 84 -9.4760005309168806e-06
77 12 0.002094694854202547
77 34 -0.0024438106632365219
77 35 -0.0013465895491303404
77 36 -0.00062342108756034686
77 13 -0.00019450737931882818
77 61 -0.0024438106632365219
77 157 -0.0029674843767871148
77 158 -0.0014214000796375264
77 159 -0.00056107897880428926
77 58 -0.00014712737666423676
77 62 -0.0013465895491303408
77 160 -0.0014214000796375272
77 161 -0.00067329477456514288
77 162 -0.00026183685677533426
77 59 -6.7329477456514733e-05
77 63 -0.00062342108756034676
77 163 -0.00056107897880428904
77 164 -0.00026183685677533426
77 165 -9.9747374009651136e-05
77 60 -2.4936843502412842e-05
77 15 -0.00019450737931882823
77 39 -0.00014712737666423679
77 38 -6.732947745651476e-05
77 37 -2.4936843502412848e-05
77 14 -5.9848424405790856e-06
124 8 -0.0024438106632365258
124 28 0.0012967158621254066
124 29 -7.4810530507288269e-05
124 30 -0.00066830740586471026
124 9 -0.00062342108756034676
124 55 -0.0029674843767871174
124 118 -0.0013465895491302773
124 119 -0.001533615875398365
124 120 -0.0011321326950095329
124 52 -0.00056107897880428926
124 56 -0.0014214000796375279
124 115 -0.00074810530507238477
124 116 -0.00078551057032599488
124 117 -0.00055359792575356047
124 53 -0.00026183685677533432
124 57 -0.0005610789788042898
124 112 -0.00034911580903378267
124 113 -0.00033664738728257182
124 114 -0.00022443159152171443
124 54 -9.9747374009651001e-05
124 11 -0.00014712737666423666
124 33 -0.00010972211141061788
124 32 -9.725368965941024e-05
124 31 -6.0845898145887237e-05
124 10 -2.4936843502412835e-05
124 76 0.001221905331618261
124 121 0.0095757479049264852
124 122 0.0050871160744921659
124 123 0.0014563116605408421
124 79 -0.00037405265253623126
124 150 -0.0028802054245285992
124 328 0.00079797899207725343
124 329 -0.00044886318304338175
124 330 -0.00086780215388394767
124 130 -0.0006857631963163508
124 149 -0.0015336158753983659
124 331 -7.6282673803070864e-18
124 332 -0.00044886318304342371
124 333 -0.00050871160744921811
124 131 -0.00033664738728257193
124 148 -0.00068576319631635102
124 334 -0.00019949474801931298
124 335 -0.00029924212202895586
124 336 -0.00024936843502412857
124 132 -0.00013715263926327039
124 85 -0.00020697580107002764
124 141 -0.0001196968488115849
124 140 -0.00011969684881158249
124 139 -8.1792846687914447e-05
124 82 -3.7405265253619273e-05
124 77 0.0024438106632365475
124 124 0.012608068074819916
124 125 0.0069424172310716889
124 126 0.0021944422282122625
124 80 -0.00030921685942995907
124 153 -0.0029674843767870012
124 337 0.0015161600849467661
124 338 -0.00011969684881151129
124 339 -0.00081792846687911121
124 133 -0.00075309267377286196
124 152 -0.0016308695650577604
124 340 0.00023939369762315858
124 341 -0.00035909054643473227
124 342 -0.00051469644988979418
124 134 -0.00037405265253618979
124 151 -0.00075309267377286185
124 343 -0.00015959579841545325
124 344 -0.00029924212202895505
124 345 -0.00026732296234586523
124 135 -0.00015460842971495896
124 86 -0.00023440632892268099
124 144 -0.00012767663873235722
124 143 -0.00013166653369274065
124 142 -9.1767584088879291e-05
124 83 -4.2891370824149992e-05
124 78 0.0012219053316182595
124 127 0.0095757479049264956
124 128 0.0050871160744921633
124 129 0.0014563116605408428
124 81 -0.00037405265253623142
124 156 -0.0028802054245285983
124 346 0.00079797899207725354
124 347 -0.00044886318304338224
124 348 -0.00086780215388394864
124 136 -0.00068576319631635156
124 155 -0.0015336158753983657
124 349 -8.1766379851318363e-18
124 350 -0.0004488631830434242
124 351 -0.00050871160744921855
124 137 -0.00033664738728257242
124 154 -0.00068576319631635135
124 352 -0.00019949474801931349
124 353 -0.00029924212202895629
124 354 -0.00024936843502412889
124 138 -0.00013715263926327055
124 87 -0.0002069758010700277
124 147 -0.00011969684881158501
124 146 -0.0001196968488115826
124 145 -8.1792846687914406e-05
124 84 -3.74052652536193e-05
124 12 -0.0024438106632365232
124 34 0.0012967158621254109
124 35 -7.4810530507286724e-05
124 36 -0.0006683074058647095
124 13 -0.00062342108756034676
124 61 -0.0029674843767871152
124 157 -0.0013465895491302775
124 158 -0.001533615875398365
124 159 -0.0011321326950095338
124 58 -0.00056107897880428926
124 62 -0.0014214000796375268
124 160 -0.00074810530507238532
124 161 -0.00078551057032599607
124 162 -0.00055359792575356091
124 59 -0.00026183685677533437
124 63 -0.00056107897880428904
124 163 -0.00034911580903378316
124 164 -0.00033664738728257215
124 165 -0.0002244315915217147
124 60 -9.9747374009651163e-05
124 15 -0.00014712737666423679
124 39 -0.000109722111410618
124 38 -9.7253689659410213e-05
124 37 -6.0845898145887277e-05
124 14 -2.4936843502412852e-05
125 8 -0.0013465895491303419
125 28 -7.4810530507288161e-05
125 29 0.00032916633423180942
125 30 -7.4810530507287727e-05
125 9 -0.0013465895491303402
125 55 -0.0014214000796375277
125 118 -0.0015336158753983641
125 119 -0.0016308695650577591
125 120 -0.0015336158753983646
125 52 -0.0014214000796375272
125 56 -0.00067329477456514245
125 115 -0.00078551057032599488
125 116 -0.00085284004778250397
125 117 -0.00078551057032599499
125 53 -0.00067329477456514201
125 57 -0.00026183685677533437
125 112 -0.00033664738728257182
125 113 -0.00037405265253618946
125 114 -0.00033664738728257187
125 54 -0.00026183685677533426
125 11 -6.7329477456514746e-05
125 33 -9.725368965941024e-05
125 32 -0.0001107195851507127
125 31 -9.7253689659410254e-05
125 10 -6.7329477456514746e-05
125 76 -7.4810530507287714e-05
125 121 0.0050871160744921659
125 122 0.0069424172310716846
125 123 0.0050871160744921668
125 79 -7.4810530507286806e-05
125 150 -0.0015336158753983657
125 328 -0.00044886318304338142
125 329 -0.00011969684881151074
125 330 -0.00044886318304338191
125 130 -0.0015336158753983652
125 149 -0.00078551057032599553
125 331 -0.00044886318304342371
125 332 -0.0003590905464347321
125 333 -0.00044886318304342409
125 131 -0.00078551057032599531
125 148 -0.00033664738728257182
125 334 -0.00029924212202895592
125 335 -0.00029924212202895478
125 336 -0.00029924212202895602
125 132 -0.00033664738728257193
125 85 -9.7253689659410227e-05
125 141 -0.00011969684881158249
125 140 -0.00013166653369274078
125 139 -0.00011969684881158253
125 82 -9.7253689659410213e-05
125 77 0.00032916633423181013
125 124 0.0069424172310716889
125 125 0.0093363542073033271
125 126 0.0069424172310716854
125 80 0.00032916633423180975
125 153 -0.0016308695650577604
125 337 -0.00011969684881151123
125 338 0.00035909054643484123
125 339 -0.00011969684881151126
125 133 -0.00163086956505776
125 152 -0.00085284004778250517
125 340 -0.00035909054643473238
125 341 -0.00021545432786082856
125 342 -0.00035909054643473275
125 134 -0.00085284004778250506
125 151 -0.00037405265253618984
125 343 -0.00029924212202895505
125 344 -0.00028727243714779554
125 345 -0.00029924212202895499
125 135 -0.00037405265253618973
125 86 -0.00011071958515071279
125 144 -0.00013166653369274062
125 143 -0.00014363621857389856
125 142 -0.00013166653369274065
125 83 -0.00011071958515071274
125 78 -7.4810530507287361e-05
125 127 0.0050871160744921651
125 128 0.0069424172310716898
125 129 0.0050871160744921633
125 81 -7.4810530507287199e-05
125 156 -0.0015336158753983659
125 346 -0.00044886318304338213
125 347 -0.00011969684881151152
125 348 -0.00044886318304338229
125 136 -0.0015336158753983661
125 155 -0.00078551057032599607
125 349 -0.0004488631830434242
125 350 -0.00035909054643473303
125 351 -0.00044886318304342447
125 137 -0.00078551057032599607
125 154 -0.00033664738728257225
125 352 -0.00029924212202895635
125 353 -0.00029924212202895526
125 354 -0.00029924212202895651
125 138 -0.00033664738728257225
125 87 -9.7253689659410254e-05
125 147 -0.0001196968488115826
125 146 -0.00013166653369274059
125 145 -0.00011969684881158263
125 84 -9.725368965941024e-05
125 12 -0.0013465895491303406
125 34 -7.4810530507286616e-05
125 35 0.00032916633423180964
125 36 -7.4810530507287687e-05
125 13 -0.0013465895491303411
125 61 -0.0014214000796375266
125 157 -0.0015336158753983652
125 158 -0.0016308695650577604
125 159 -0.0015336158753983657
125 58 -0.0014214000796375266
125 62 -0.00067329477456514277
125 160 -0.00078551057032599607
125 161 -0.00085284004778250549
125 162 -0.0007855105703259964
125 59 -0.00067329477456514299
125 63 -0.00026183685677533426
125 163 -0.00033664738728257215
125 164 -0.00037405265253618984
125 165 -0.00033664738728257225
125 60 -0.00026183685677533421
125 15 -6.7329477456514746e-05
125 39 -9.7253689659410213e-05
125 38 -0.00011071958515071287
125 37 -9.7253689659410227e-05
125 14 -6.7329477456514746e-05
126 8 -0.00062342108756034719
126 28 -0.00066830740586471026
126 29 -7.4810530507288093e-05
126 30 0.0012967158621254092
126 9 -0.0024438106632365232
126 55 -0.00056107897880428937
126 118 -0.0011321326950095329
126 119 -0.0015336158753983646
126 120 -0.0013465895491302758
126 52 -0.0029674843767871152
126 56 -0.00026183685677533432
126 115 -0.00055359792575356047
126 116 -0.00078551057032599499
126 117 -0.00074810530507238434
126 53 -0.0014214000796375272
126 57 -9.9747374009650987e-05
126 112 -0.0002244315915217144
126 113 -0.00033664738728257193
126 114 -0.00034911580903378256
126 54 -0.00056107897880428969
126 11 -2.4936843502412831e-05
126 33 -6.0845898145887243e-05
126 32 -9.7253689659410267e-05
126 31 -0.00010972211141061781
126 10 -0.00014712737666423666
126 76 -0.00037405265253623136
126 121 0.0014563116605408424
126 122 0.0050871160744921668
126 123 0.0095757479049264852
126 79 0.0012219053316182595
126 150 -0.0006857631963163508
126 328 -0.00086780215388394745
126 329 -0.00044886318304338202
126 330 0.00079797899207725506
126 130 -0.002880205424528597
126 149 -0.00033664738728257182
126 331 -0.00050871160744921822
126 332 -0.00044886318304342414
126 333 -7.2938396396415001e-18
126 131 -0.0015336158753983654
126 148 -0.00013715263926327042
126 334 -0.00024936843502412857
126 335 -0.00029924212202895597
126 336 -0.0001994947480193129
126 132 -0.00068576319631635091
126 85 -3.7405265253619293e-05
126 141 -8.1792846687914447e-05
126 140 -0.00011969684881158249
126 139 -0.00011969684881158484
126 82 -0.00020697580107002751
126 77 -0.00030921685942995886
126 124 0.0021944422282122625
126 125 0.0069424172310716854
126 126 0.012608068074819912
126 80 0.0024438106632365436
126 153 -0.00075309267377286185
126 337 -0.00081792846687911121
126 338 -0.00011969684881151137
126 339 0.0015161600849467678
126 133 -0.0029674843767869986
126 152 -0.00037405265253618962
126 340 -0.00051469644988979396
126 341 -0.0003590905464347327
126 342 0.00023939369762315883
126 134 -0.0016308695650577604
126 151 -0.00015460842971495894
126 343 -0.00026732296234586523
126 344 -0.00029924212202895499
126 345 -0.00015959579841545306
126 135 -0.00075309267377286185
126 86 -4.2891370824150005e-05
126 144 -9.1767584088879304e-05
126 143 -0.00013166653369274065
126 142 -0.00012767663873235711
126 83 -0.00023440632892268094
126 78 -0.00037405265253623136
126 127 0.0014563116605408428
126 128 0.0050871160744921625
126 129 0.0095757479049264939
126 81 0.001221905331618256
126 156 -0.00068576319631635156
126 346 -0.00086780215388394886
126 347 -0.00044886318304338229
126 348 0.00079797899207725473
126 136 -0.0028802054245285974
126 155 -0.00033664738728257231
126 349 -0.00050871160744921855
126 350 -0.00044886318304342458
126 351 -8.1132035036186852e-18
126 137 -0.0015336158753983659
126 154 -0.00013715263926327052
126 352 -0.00024936843502412889
126 353 -0.00029924212202895646
126 354 -0.00019949474801931349
126 138 -0.00068576319631635145
126 87 -3.7405265253619306e-05
126 147 -8.1792846687914406e-05
126 146 -0.00011969684881158263
126 145 -0.00011969684881158497
126 84 -0.00020697580107002767
126 12 -0.00062342108756034686
126 34 -0.00066830740586470917
126 35 -7.4810530507287795e-05
126 36 0.0012967158621254101
126 13 -0.0024438106632365241
126 61 -0.00056107897880428937
126 157 -0.0011321326950095338
126 158 -0.0015336158753983654
126 159 -0.0013465895491302775
126 58 -0.0029674843767871144
126 62 -0.00026183685677533426
126 160 -0.00055359792575356091
126 161 -0.0007855105703259964
126 162 -0.00074810530507238521
126 59 -0.0014214000796375266
126 63 -9.9747374009651136e-05
126 163 -0.0002244315915217147
126 164 -0.00033664738728257225
126 165 -0.00034911580903378305
126 60 -0.00056107897880428915
126 15 -2.4936843502412848e-05
126 39 -6.0845898145887264e-05
126 38 -9.7253689659410227e-05
126 37 -0.00010972211141061795
126 14 -0.00014712737666423674
80 8 -0.00019450737931882826
80 28 -0.00062342108756034697
80 29 -0.0013465895491303408
80 30 -0.0024438106632365237
80 9 0.002094694854202541
80 55 -0.0001471273766642366
80 118 -0.00056107897880428948
80 119 -0.0014214000796375272
80 120 -0.0029674843767871152
80 52 -0.0024438106632365254
80 56 -6.7329477456514746e-05
80 115 -0.00026183685677533432
80 116 -0.00067329477456514212
80 117 -0.0014214000796375272
80 53 -0.0013465895491303428
80 57 -2.4936843502412831e-05
80 112 -9.9747374009651001e-05
80 113 -0.00026183685677533421
80 114 -0.00056107897880428958
80 54 -0.00062342108756034719
80 11 -5.9848424405790915e-06
80 33 -2.4936843502412835e-05
80 32 -6.7329477456514733e-05
80 31 -0.00014712737666423666
80 10 -0.00019450737931882837
80 76 -0.00021445685412076348
80 121 -0.00037405265253623142
80 122 -7.4810530507287131e-05
80 123 0.001221905331618259
80 79 0.016408443024587806
80 150 -0.00020697580107002762
80 328 -0.0006857631963163508
80 329 -0.0015336158753983652
80 330 -0.0028802054245285961
80 130 0.0012219053316182599
80 149 -9.7253689659410227e-05
80 331 -0.00033664738728257193
80 332 -0.00078551057032599542
80 333 -0.0015336158753983654
80 131 -7.4810530507288134e-05
80 148 -3.7405265253619279e-05
80 334 -0.00013715263926327039
80 335 -0.00033664738728257193
80 336 -0.00068576319631635091
80 132 -0.00037405265253623174
80 85 -9.4760005309168738e-06
80 141 -3.7405265253619286e-05
80 140 -9.7253689659410213e-05
80 139 -0.00020697580107002751
80 82 -0.00021445685412076353
80 77 -0.00022941896022221224
80 124 -0.00030921685942995907
80 125 0.00032916633423180975
80 126 0.0024438106632365436
80 80 0.021645180160094625
80 153 -0.00023440632892268105
80 337 -0.00075309267377286196
80 338 -0.0016308695650577604
80 339 -0.0029674843767869981
80 133 0.0024438106632365445
80 152 -0.00011071958515071274
80 340 -0.00037405265253618979
80 341 -0.00085284004778250517
80 342 -0.0016308695650577604
80 134 0.00032916633423180904
80 151 -4.2891370824150005e-05
80 343 -0.00015460842971495896
80 344 -0.00037405265253618962
80 345 -0.00075309267377286185
80 135 -0.00030921685942995924
80 86 -1.0972211141061624e-05
80 144 -4.2891370824149992e-05
80 143 -0.00011071958515071274
80 142 -0.00023440632892268094
80 83 -0.00022941896022221224
80 78 -0.00021445685412076359
80 127 -0.00037405265253623136
80 128 -7.4810530507286968e-05
80 129 0.0012219053316182577
80 81 0.016408443024587806
80 156 -0.00020697580107002767
80 346 -0.00068576319631635167
80 347 -0.0015336158753983663
80 348 -0.0028802054245285974
80 136 0.0012219053316182601
80 155 -9.7253689659410227e-05
80 349 -0.00033664738728257242
80 350 -0.00078551057032599629
80 351 -0.0015336158753983657
80 137 -7.4810530507287361e-05
80 154 -3.7405265253619293e-05
80 352 -0.00013715263926327058
80 353 -0.0003366473872825722
80 354 -0.00068576319631635145
80 138 -0.00037405265253623147
80 87 -9.4760005309168789e-06
80 147 -3.7405265253619306e-05
80 146 -9.7253689659410213e-05
80 145 -0.00020697580107002764
80 84 -0.00021445685412076356
80 12 -0.00019450737931882818
80 34 -0.00062342108756034686
80 35 -0.0013465895491303406
80 36 -0.0024438106632365224
80 13 0.0020946948542025488
80 61 -0.00014712737666423676
80 157 -0.00056107897880428926
80 158 -0.0014214000796375266
80 159 -0.0029674843767871139
80 58 -0.0024438106632365232
80 62 -6.7329477456514733e-05
80 160 -0.00026183685677533432
80 161 -0.0006732947745651431
80 162 -0.0014214000796375266
80 59 -0.0013465895491303417
80 63 -2.4936843502412842e-05
80 163 -9.9747374009651163e-05
80 164 -0.00026183685677533421
80 165 -0.00056107897880428926
80 60 -0.00062342108756034676
80 15 -5.9848424405790856e-06
80 39 -2.4936843502412848e-05
80 38 -6.7329477456514746e-05
80 37 -0.00014712737666423674
80 14 -0.00019450737931882821
153 8 -0.0024438106632365258
153 28 -0.0029674843767871178
153 29 -0.0014214000796375277
153 30 -0.00056107897880428958
153 9 -0.0001471273766642366
153 55 0.0012967158621254081
153 118 -0.0013465895491302769
153 119 -0.00074810530507238467
153 120 -0.00034911580903378262
153 52 -0.0001097221114106178
153 56 -7.4810530507287578e-05
153 115 -0.0015336158753983646
153 116 -0.0007855105703259951
153 117 -0.00033664738728257182
153 53 -9.7253689659410213e-05
153 57 -0.0006683074058647095
153 112 -0.0011321326950095327
153 113 -0.00055359792575356069
153 114 -0.00022443159152171454
153 54 -6.0845898145887237e-05
153 11 -0.0006234210875603473
153 33 -0.00056107897880428958
153 32 -0.00026183685677533448
153 31 -9.9747374009651095e-05
153 10 -2.4936843502412842e-05
153 76 0.0012219053316182586
153 121 -0.0028802054245285996
153 122 -0.0015336158753983657
153 123 -0.00068576319631635091
153 79 -0.00020697580107002762
153 150 0.0095757479049264887
153 328 0.00079797899207725506
153 329 -7.4368347230257271e-18
153 330 -0.00019949474801931298
153 130 -0.00011969684881158488
153 149 0.0050871160744921668
153 331 -0.00044886318304338077
153 332 -0.00044886318304342365
153 333 -0.00029924212202895586
153 131 -0.0001196968488115825
153 148 0.0014563116605408424
153 334 -0.00086780215388394756
153 335 -0.00050871160744921833
153 336 -0.00024936843502412873
153 132 -8.1792846687914447e-05
153 85 -0.00037405265253623104
153 141 -0.00068576319631635102
153 140 -0.00033664738728257198
153 139 -0.00013715263926327042
153 82 -3.7405265253619293e-05
153 77 0.0024438106632365445
153 124 -0.0029674843767870012
153 125 -0.0016308695650577604
153 126 -0.00075309267377286185
153 80 -0.00023440632892268105
153 153 0.012608068074819916
153 337 0.0015161600849467676
153 338 0.0002393936976231588
153 339 -0.00015959579841545322
153 133 -0.00012767663873235725
153 152 0.006942417231071688
153 340 -0.00011969684881151077
153 341 -0.00035909054643473243
153 342 -0.00029924212202895505
153 134 -0.00013166653369274067
153 151 0.0021944422282122616
153 343 -0.00081792846687911099
153 344 -0.00051469644988979429
153 345 -0.00026732296234586523
153 135 -9.1767584088879277e-05
153 86 -0.0003092168594299588
153 144 -0.00075309267377286163
153 143 -0.00037405265253618968
153 142 -0.00015460842971495894
153 83 -4.2891370824149992e-05
153 78 0.0012219053316182573
153 127 -0.0028802054245285983
153 128 -0.0015336158753983657
153 129 -0.00068576319631635167
153 81 -0.00020697580107002772
153 156 0.0095757479049264939
153 346 0.00079797899207725452
153 347 -7.9735847529291636e-18
153 348 -0.00019949474801931339
153 136 -0.00011969684881158503
153 155 0.0050871160744921651
153 349 -0.00044886318304338186
153 350 -0.00044886318304342436
153 351 -0.00029924212202895624
153 137 -0.00011969684881158257
153 154 0.001456311660540843
153 352 -0.0008678021538839481
153 353 -0.00050871160744921855
153 354 -0.00024936843502412894
153 138 -8.1792846687914393e-05
153 87 -0.00037405265253623109
153 147 -0.00068576319631635145
153 146 -0.00033664738728257242
153 145 -0.00013715263926327063
153 84 -3.7405265253619306e-05
153 12 -0.0024438106632365241
153 34 -0.0029674843767871152
153 35 -0.0014214000796375261
153 36 -0.00056107897880428915
153 13 -0.00014712737666423676
153 61 0.0012967158621254096
153 157 -0.0013465895491302775
153 158 -0.00074810530507238532
153 159 -0.00034911580903378305
153 58 -0.00010972211141061793
153 62 -7.4810530507287131e-05
153 160 -0.0015336158753983659
153 161 -0.00078551057032599618
153 162 -0.00033664738728257209
153 59 -9.72536896594102e-05
153 63 -0.00066830740586470939
153 163 -0.0011321326950095342
153 164 -0.00055359792575356101
153 165 -0.00022443159152171473
153 60 -6.0845898145887257e-05
153 15 -0.00062342108756034686
153 39 -0.00056107897880428948
153 38 -0.00026183685677533443
153 37 -9.9747374009651231e-05
153 14 -2.4936843502412855e-05
337 8 -0.0029674843767871161
337 28 -0.0013465895491302775
337 29 -0.0015336158753983648
337 30 -0.0011321326950095329
337 9 -0.00056107897880428937
337 55 -0.0013465895491302769
337 118 0.0007979789920771861
337 119 -6.6434692075816997e-18
337 120 -0.00035909054643475102
337 52 -0.00034911580903378256
337 56 -0.0015336158753983652
337 115 -6.5657494974665764e-18
337 116 -0.00044886318304342355
337 117 -0.00050871160744921833
337 53 -0.00033664738728257182
337 57 -0.0011321326950095333
337 112 -0.00035909054643475129
337 113 -0.00050871160744921844
337 114 -0.00041494907588014712
337 54 -0.00022443159152171451
337 11 -0.00056107897880428937
337 33 -0.00034911580903378294
337 32 -0.0003366473872825722
337 31 -0.00022443159152171459
337 10 -9.9747374009651095e-05
337 76 -0.0028802054245285983
337 121 0.00079797899207725354
337 122 -0.00044886318304338175
337 123 -0.00086780215388394767
337 79 -0.0006857631963163508
337 150 0.00079797899207725506
337 328 0.0055858529445403761
337 329 0.0029924212202894788
337 330 0.0008777768912848938
337 130 -0.00019949474801931306
337 149 -0.00044886318304338142
337 331 0.0029924212202894784
337 332 0.0013465895491302647
337 333 0.00017954527321735735
337 131 -0.00029924212202895586
337 148 -0.00086780215388394756
337 334 0.00087777689128489358
337 335 0.00017954527321735749
337 336 -0.0001915149580985376
337 132 -0.00024936843502412873
337 85 -0.00068576319631635102
337 141 -0.00019949474801931317
337 140 -0.00029924212202895581
337 139 -0.00024936843502412889
337 82 -0.00013715263926327042
337 77 -0.0029674843767869999
337 124 0.0015161600849467661
337 125 -0.00011969684881151123
337 126 -0.00081792846687911121
337 80 -0.00075309267377286196
337 153 0.0015161600849467676
337 337 0.0073414067271102166
337 338 0.0040696928595936972
337 339 0.00130868554700658
337 133 -0.00015959579841545347
337 152 -0.00011969684881151077
337 340 0.0040696928595936981
337 341 0.0019749980053910608
337 342 0.00040696928595936022
337 134 -0.00029924212202895521
337 151 -0.00081792846687911121
337 343 0.00130868554700658
337 344 0.00040696928595936006
337 345 -0.00012767663873236107
337 135 -0.00026732296234586512
337 86 -0.00075309267377286163
337 144 -0.0001595957984154532
337 143 -0.00029924212202895516
337 142 -0.00026732296234586517
337 83 -0.00015460842971495894
337 78 -0.0028802054245285966
337 127 0.00079797899207725365
337 128 -0.00044886318304338186
337 129 -0.00086780215388394843
337 81 -0.00068576319631635156
337 156 0.00079797899207725517
337 346 0.005585852944540377
337 347 0.0029924212202894771
337 348 0.00087777689128489423
337 136 -0.00019949474801931366
337 155 -0.00044886318304338164
337 349 0.0029924212202894771
337 350 0.0013465895491302632
337 351 0.00017954527321735703
337 137 -0.00029924212202895624
337 154 -0.00086780215388394789
337 352 0.0008777768912848938
337 353 0.00017954527321735692
337 354 -0.0001915149580985377
337 138 -0.000249368435024129
337 87 -0.00068576319631635124
337 147 -0.00019949474801931368
337 146 -0.00029924212202895635
337 145 -0.00024936843502412905
337 84 -0.00013715263926327063
337 12 -0.0029674843767871139
337 34 -0.0013465895491302769
337 35 -0.001533615875398365
337 36 -0.001132132695009534
337 13 -0.00056107897880428926
337 61 -0.0013465895491302767
337 157 0.0007979789920771848
337 158 -8.2388448987880835e-18
337 159 -0.00035909054643475211
337 58 -0.00034911580903378316
337 62 -0.0015336158753983654
337 160 -8.3718958146426841e-18
337 161 -0.00044886318304342425
337 162 -0.00050871160744921822
337 59 -0.00033664738728257225
337 63 -0.0011321326950095342
337 163 -0.00035909054643475232
337 164 -0.00050871160744921833
337 165 -0.00041494907588014718
337 60 -0.0002244315915217147
337 15 -0.00056107897880428948
337 39 -0.00034911580903378337
337 38 -0.00033664738728257242
337 37 -0.00022443159152171478
337 14 -9.9747374009651217e-05
338 8 -0.0014214000796375277
338 28 -0.0015336158753983648
338 29 -0.0016308695650577593
338 30 -0.0015336158753983644
338 9 -0.0014214000796375268
338 55 -0.00074810530507238445
338 118 -6.5316367685180677e-18
338 119 0.00023939369762316002
338 120 -6.6355149189460106e-18
338 52 -0.00074810530507238423
338 56 -0.00078551057032599531
338 115 -0.00044886318304342355
338 116 -0.00035909054643473248
338 117 -0.00044886318304342365
338 53 -0.00078551057032599488
338 57 -0.00055359792575356069
338 112 -0.00050871160744921855
338 113 -0.00051469644988979472
338 114 -0.00050871160744921865
338 54 -0.00055359792575356058
338 11 -0.00026183685677533448
338 33 -0.00033664738728257215
338 32 -0.00037405265253618968
338 31 -0.00033664738728257215
338 10 -0.00026183685677533443
338 76 -0.0015336158753983657
338 121 -0.00044886318304338175
338 122 -0.00011969684881151077
338 123 -0.00044886318304338191
338 79 -0.0015336158753983648
338 150 -7.2099618283683027e-18
338 328 0.0029924212202894788
338 329 0.0040696928595936937
338 330 0.0029924212202894779
338 130 -7.6176719933942549e-18
338 149 -0.00044886318304342376
338 331 0.0013465895491302647
338 332 0.001974998005391063
338 333 0.0013465895491302645
338 131 -0.00044886318304342355
338 148 -0.00050871160744921844
338 334 0.00017954527321735743
338 335 0.00040696928595936038
338 336 0.00017954527321735724
338 132 -0.00050871160744921811
338 85 -0.00033664738728257204
338 141 -0.00029924212202895597
338 140 -0.00029924212202895505
338 139 -0.00029924212202895597
338 82 -0.00033664738728257187
338 77 -0.0016308695650577602
338 124 -0.00011969684881151129
338 125 0.00035909054643484123
338 126 -0.00011969684881151137
338 80 -0.0016308695650577604
338 153 0.0002393936976231588
338 337 0.0040696928595936972
338 338 0.005458176305808026
338 339 0.0040696928595936955
338 133 0.00023939369762315796
338 152 -0.00035909054643473254
338 340 0.0019749980053910608
338 341 0.0028009062621909644
338 342 0.0019749980053910608
338 134 -0.00035909054643473254
338 151 -0.00051469644988979429
338 343 0.0004069692859593599
338 344 0.00071818109286946789
338 345 0.00040696928595935979
338 135 -0.00051469644988979396
338 86 -0.00037405265253618968
338 144 -0.0002992421220289551
338 143 -0.00028727243714779565
338 142 -0.0002992421220289551
338 83 -0.00037405265253618962
338 78 -0.0015336158753983654
338 127 -0.0004488631830433818
338 128 -0.00011969684881151127
338 129 -0.00044886318304338208
338 81 -0.0015336158753983657
338 156 -7.9805727745420632e-18
338 346 0.0029924212202894775
338 347 0.0040696928595937007
338 348 0.0029924212202894762
338 136 -8.6513271662029843e-18
338 155 -0.00044886318304342447
338 349 0.001346589549130263
338 350 0.0019749980053910621
338 351 0.0013465895491302628
338 137 -0.00044886318304342441
338 154 -0.00050871160744921855
338 352 0.00017954527321735694
338 353 0.00040696928595935963
338 354 0.00017954527321735673
338 138 -0.00050871160744921844
338 87 -0.00033664738728257242
338 147 -0.0002992421220289564
338 146 -0.00029924212202895543
338 145 -0.00029924212202895651
338 84 -0.00033664738728257231
338 12 -0.0014214000796375264
338 34 -0.0015336158753983648
338 35 -0.0016308695650577602
338 36 -0.0015336158753983654
338 13 -0.0014214000796375264
338 61 -0.00074810530507238521
338 157 -8.4479857293420768e-18
338 158 0.00023939369762315858
338 159 -8.6073828358851739e-18
338 58 -0.00074810530507238521
338 62 -0.00078551057032599618
338 160 -0.0004488631830434242
338 161 -0.00035909054643473259
338 162 -0.00044886318304342436
338 59 -0.00078551057032599618
338 63 -0.00055359792575356112
338 163 -0.00050871160744921822
338 164 -0.0005146964498897944
338 165 -0.00050871160744921844
338 60 -0.00055359792575356091
338 15 -0.00026183685677533437
338 39 -0.00033664738728257247
338 38 -0.00037405265253619011
338 37 -0.00033664738728257242
338 14 -0.00026183685677533426
339 8 -0.00056107897880428948
339 28 -0.0011321326950095331
339 29 -0.0015336158753983646
339 30 -0.0013465895491302756
339 9 -0.0029674843767871148
339 55 -0.00034911580903378256
339 118 -0.00035909054643475097
339 119 -6.8777828858816215e-18
339 120 0.00079797899207718719
339 52 -0.0013465895491302764
339 56 -0.00033664738728257182
339 115 -0.00050871160744921833
339 116 -0.00044886318304342387
339 117 -5.9765782826560955e-18
339 53 -0.0015336158753983648
339 57 -0.00022443159152171448
339 112 -0.00041494907588014712
339 113 -0.00050871160744921855
339 114 -0.00035909054643475097
339 54 -0.0011321326950095329
339 11 -9.9747374009651095e-05
339 33 -0.00022443159152171459
339 32 -0.00033664738728257215
339 31 -0.00034911580903378283
339 10 -0.00056107897880428948
339 76 -0.0006857631963163508
339 121 -0.00086780215388394767
339 122 -0.0004488631830433818
339 123 0.00079797899207725473
339 79 -0.002880205424528597
339 150 -0.00019949474801931298
339 328 0.00087777689128489358
339 329 0.0029924212202894779
339 330 0.0055858529445403735
339 130 0.00079797899207725289
339 149 -0.00029924212202895586
339 331 0.00017954527321735741
339 332 0.0013465895491302643
339 333 0.0029924212202894788
339 131 -0.00044886318304338245
339 148 -0.00024936843502412873
339 334 -0.00019151495809853757
339 335 0.0001795452732173573
339 336 0.00087777689128489412
339 132 -0.00086780215388394745
339 85 -0.00013715263926327042
339 141 -0.00024936843502412884
339 140 -0.00029924212202895592
339 139 -0.00019949474801931295
339 82 -0.0006857631963163508
339 77 -0.00075309267377286174
339 124 -0.00081792846687911121
339 125 -0.00011969684881151126
339 126 0.0015161600849467678
339 80 -0.0029674843767869981
339 153 -0.00015959579841545322
339 337 0.00130868554700658
339 338 0.0040696928595936955
339 339 0.0073414067271102149
339 133 0.0015161600849467642
339 152 -0.00029924212202895505
339 340 0.00040696928595936017
339 341 0.0019749980053910608
339 342 0.0040696928595936963
339 134 -0.00011969684881151187
339 151 -0.00026732296234586523
339 343 -0.00012767663873236107
339 344 0.00040696928595935984
339 345 0.0013086855470065808
339 135 -0.00081792846687911132
339 86 -0.00015460842971495894
339 144 -0.00026732296234586517
339 143 -0.00029924212202895516
339 142 -0.0001595957984154529
339 83 -0.00075309267377286142
339 78 -0.00068576319631635156
339 127 -0.00086780215388394843
339 128 -0.00044886318304338218
339 129 0.00079797899207725506
339 81 -0.002880205424528597
339 156 -0.00019949474801931339
339 346 0.00087777689128489401
339 347 0.0029924212202894758
339 348 0.0055858529445403761
339 136 0.00079797899207725235
339 155 -0.00029924212202895624
339 349 0.00017954527321735705
339 350 0.001346589549130263
339 351 0.0029924212202894766
339 137 -0.00044886318304338354
339 154 -0.000249368435024129
339 352 -0.00019151495809853781
339 353 0.00017954527321735681
339 354 0.00087777689128489412
339 138 -0.00086780215388394799
339 87 -0.00013715263926327063
339 147 -0.00024936843502412905
339 146 -0.00029924212202895651
339 145 -0.0001994947480193133
339 84 -0.00068576319631635102
339 12 -0.00056107897880428926
339 34 -0.001132132695009534
339 35 -0.0015336158753983654
339 36 -0.0013465895491302771
339 13 -0.0029674843767871148
339 61 -0.0003491158090337831
339 157 -0.00035909054643475222
339 158 -8.3108287635151394e-18
339 159 0.00079797899207718502
339 58 -0.0013465895491302775
339 62 -0.0003366473872825722
339 160 -0.00050871160744921822
339 161 -0.00044886318304342441
339 162 -7.5877041843014651e-18
339 59 -0.0015336158753983654
339 63 -0.00022443159152171473
339 163 -0.00041494907588014718
339 164 -0.00050871160744921855
339 165 -0.00035909054643475173
339 60 -0.0011321326950095335
339 15 -9.9747374009651245e-05
339 39 -0.00022443159152171478
339 38 -0.00033664738728257242
339 37 -0.0003491158090337831
339 14 -0.00056107897880428926
133 8 -0.0001471273766642366
133 28 -0.00056107897880428948
133 29 -0.001421400079637527
133 30 -0.0029674843767871144
133 9 -0.0024438106632365254
133 55 -0.0001097221114106178
133 118 -0.00034911580903378267
133 119 -0.00074810530507238434
133 120 -0.0013465895491302764
133 52 0.0012967158621254081
133 56 -9.7253689659410227e-05
133 115 -0.00033664738728257182
133 116 -0.00078551057032599499
133 117 -0.0015336158753983646
133 53 -7.481053050728728e-05
133 57 -6.0845898145887243e-05
133 112 -0.00022443159152171448
133 113 -0.00055359792575356058
133 114 -0.0011321326950095325
133 54 -0.00066830740586470972
133 11 -2.4936843502412842e-05
133 33 -9.9747374009651082e-05
133 32 -0.00026183685677533443
133 31 -0.00056107897880428937
133 10 -0.00062342108756034741
133 76 -0.00020697580107002762
133 121 -0.0006857631963163508
133 122 -0.0015336158753983654
133 123 -0.002880205424528597
133 79 0.0012219053316182601
133 150 -0.00011969684881158488
133 328 -0.00019949474801931317
133 329 -7.9374284303422769e-18
133 330 0.00079797899207725289
133 130 0.0095757479049264904
133 149 -0.00011969684881158252
133 331 -0.00029924212202895586
133 332 -0.00044886318304342349
133 333 -0.00044886318304338218
133 131 0.0050871160744921659
133 148 -8.1792846687914447e-05
133 334 -0.00024936843502412878
133 335 -0.00050871160744921811
133 336 -0.00086780215388394756
133 132 0.0014563116605408419
133 85 -3.7405265253619293e-05
133 141 -0.00013715263926327042
133 140 -0.00033664738728257187
133 139 -0.00068576319631635059
133 82 -0.00037405265253623077
133 77 -0.00023440632892268105
133 124 -0.00075309267377286196
133 125 -0.00163086956505776
133 126 -0.0029674843767869986
133 80 0.0024438106632365445
133 153 -0.00012767663873235725
133 337 -0.00015959579841545347
133 338 0.00023939369762315796
133 339 0.0015161600849467642
133 133 0.012608068074819914
133 152 -0.00013166653369274067
133 340 -0.00029924212202895521
133 341 -0.00035909054643473248
133 342 -0.00011969684881151179
133 134 0.0069424172310716898
133 151 -9.1767584088879304e-05
133 343 -0.00026732296234586512
133 344 -0.00051469644988979396
133 345 -0.0008179284668791111
133 135 0.0021944422282122607
133 86 -4.2891370824149998e-05
133 144 -0.00015460842971495894
133 143 -0.00037405265253618962
133 142 -0.00075309267377286142
133 83 -0.00030921685942995837
133 78 -0.00020697580107002772
133 127 -0.00068576319631635167
133 128 -0.0015336158753983663
133 129 -0.002880205424528597
133 81 0.0012219053316182575
133 156 -0.00011969684881158503
133 346 -0.0001994947480193136
133 347 -8.5417423012701791e-18
133 348 0.00079797899207725235
133 136 0.0095757479049264922
133 155 -0.00011969684881158257
133 349 -0.00029924212202895624
133 350 -0.00044886318304342441
133 351 -0.00044886318304338311
133 137 0.0050871160744921659
133 154 -8.1792846687914393e-05
133 352 -0.000249368435024129
133 353 -0.00050871160744921833
133 354 -0.00086780215388394767
133 138 0.0014563116605408426
133 87 -3.7405265253619306e-05
133 147 -0.00013715263926327061
133 146 -0.00033664738728257225
133 145 -0.00068576319631635102
133 84 -0.00037405265253623082
133 12 -0.00014712737666423676
133 34 -0.00056107897880428926
133 35 -0.0014214000796375266
133 36 -0.0029674843767871144
133 13 -0.0024438106632365258
133 61 -0.00010972211141061792
133 157 -0.00034911580903378305
133 158 -0.0007481053050723851
133 159 -0.001346589549130278
133 58 0.0012967158621254092
133 62 -9.72536896594102e-05
133 160 -0.0003366473872825722
133 161 -0.00078551057032599607
133 162 -0.0015336158753983654
133 59 -7.4810530507286657e-05
133 63 -6.0845898145887264e-05
133 163 -0.00022443159152171473
133 164 -0.00055359792575356091
133 165 -0.001132132695009534
133 60 -0.00066830740586470928
133 15 -2.4936843502412855e-05
133 39 -9.9747374009651217e-05
133 38 -0.00026183685677533426
133 37 -0.00056107897880428915
133 14 -0.00062342108756034686
152 8 -0.0013465895491303424
152 28 -0.0014214000796375285
152 29 -0.00067329477456514245
152 30 -0.00026183685677533437
152 9 -6.7329477456514746e-05
152 55 -7.4810530507287145e-05
152 118 -0.001533615875398365
152 119 -0.0007855105703259952
152 120 -0.00033664738728257182
152 52 -9.7253689659410213e-05
152 56 0.00032916633423181018
152 115 -0.0016308695650577591
152 116 -0.00085284004778250462
152 117 -0.00037405265253618946
152 53 -0.0001107195851507127
152 57 -7.4810530507287334e-05
152 112 -0.0015336158753983657
152 113 -0.00078551057032599585
152 114 -0.00033664738728257209
152 54 -9.7253689659410281e-05
152 11 -0.0013465895491303417
152 33 -0.0014214000796375281
152 32 -0.00067329477456514288
152 31 -0.00026183685677533443
152 10 -6.7329477456514746e-05
152 76 -7.4810530507287795e-05
152 121 -0.0015336158753983659
152 122 -0.00078551057032599564
152 123 -0.00033664738728257182
152 79 -9.7253689659410227e-05
152 150 0.0050871160744921677
152 328 -0.0004488631830433811
152 329 -0.00044886318304342365
152 330 -0.00029924212202895586
152 130 -0.00011969684881158249
152 149 0.0069424172310716872
152 331 -0.00011969684881151015
152 332 -0.00035909054643473205
152 333 -0.00029924212202895489
152 131 -0.00013166653369274073
152 148 0.0050871160744921677
152 334 -0.0004488631830433818
152 335 -0.00044886318304342409
152 336 -0.00029924212202895597
152 132 -0.00011969684881158253
152 85 -7.4810530507286359e-05
152 141 -0.0015336158753983652
152 140 -0.00078551057032599596
152 139 -0.00033664738728257187
152 82 -9.7253689659410213e-05
152 77 0.00032916633423180942
152 124 -0.0016308695650577604
152 125 -0.00085284004778250517
152 126 -0.00037405265253618962
152 80 -0.00011071958515071274
152 153 0.006942417231071688
152 337 -0.00011969684881151077
152 338 -0.00035909054643473254
152 339 -0.00029924212202895505
152 133 -0.00013166653369274067
152 152 0.0093363542073033289
152 340 0.00035909054643484145
152 341 -0.00021545432786082851
152 342 -0.00028727243714779548
152 134 -0.00014363621857389853
152 151 0.0069424172310716872
152 343 -0.00011969684881151076
152 344 -0.00035909054643473243
152 345 -0.00029924212202895505
152 135 -0.00013166653369274067
152 86 0.00032916633423181045
152 144 -0.0016308695650577595
152 143 -0.00085284004778250517
152 142 -0.00037405265253618957
152 83 -0.00011071958515071278
152 78 -7.4810530507287876e-05
152 127 -0.0015336158753983659
152 128 -0.00078551057032599607
152 129 -0.00033664738728257231
152 81 -9.7253689659410227e-05
152 156 0.0050871160744921651
152 346 -0.00044886318304338213
152 347 -0.00044886318304342447
152 348 -0.00029924212202895624
152 136 -0.00011969684881158257
152 155 0.0069424172310716898
152 349 -0.00011969684881151116
152 350 -0.00035909054643473259
152 351 -0.00029924212202895521
152 137 -0.00013166653369274062
152 154 0.0050871160744921633
152 352 -0.0004488631830433824
152 353 -0.00044886318304342414
152 354 -0.00029924212202895657
152 138 -0.00011969684881158269
152 87 -7.4810530507286304e-05
152 147 -0.0015336158753983659
152 146 -0.0007855105703259964
152 145 -0.00033664738728257236
152 84 -9.725368965941024e-05
152 12 -0.0013465895491303421
152 34 -0.001421400079637527
152 35 -0.00067329477456514299
152 36 -0.00026183685677533426
152 13 -6.732947745651476e-05
152 61 -7.4810530507287605e-05
152 157 -0.0015336158753983659
152 158 -0.00078551057032599618
152 159 -0.0003366473872825722
152 58 -9.72536896594102e-05
152 62 0.00032916633423180975
152 160 -0.0016308695650577611
152 161 -0.00085284004778250571
152 162 -0.00037405265253618984
152 59 -0.00011071958515071286
152 63 -7.4810530507286995e-05
152 163 -0.0015336158753983668
152 164 -0.00078551057032599661
152 165 -0.00033664738728257236
152 60 -9.725368965941024e-05
152 15 -0.0013465895491303406
152 39 -0.001421400079637527
152 38 -0.00067329477456514353
152 37 -0.00026183685677533432
152 14 -6.7329477456514814e-05
340 8 -0.0014214000796375281
340 28 -0.00074810530507238467
340 29 -0.00078551057032599499
340 30 -0.00055359792575356058
340 9 -0.00026183685677533432
340 55 -0.0015336158753983652
340 118 -6.6703044048268045e-18
340 119 -0.00044886318304342355
340 120 -0.00050871160744921833
340 52 -0.00033664738728257182
340 56 -0.0016308695650577598
340 115 0.00023939369762315999
340 116 -0.00035909054643473248
340 117 -0.00051469644988979461
340 53 -0.00037405265253618946
340 57 -0.0015336158753983657
340 112 -7.7495319743631084e-18
340 113 -0.00044886318304342441
340 114 -0.00050871160744921844
340 54 -0.00033664738728257204
340 11 -0.0014214000796375277
340 33 -0.00074810530507238542
340 32 -0.00078551057032599596
340 31 -0.00055359792575356101
340 10 -0.00026183685677533448
340 76 -0.0015336158753983654
340 121 -7.3773326224489437e-18
340 122 -0.00044886318304342382
340 123 -0.00050871160744921822
340 79 -0.00033664738728257187
340 150 -0.00044886318304338121
340 328 0.0029924212202894784
340 329 0.0013465895491302647
340 330 0.00017954527321735741
340 130 -0.00029924212202895586
340 149 -0.0001196968488115105
340 331 0.0040696928595936972
340 332 0.0019749980053910625
340 333 0.0004069692859593606
340 131 -0.00029924212202895494
340 148 -0.0004488631830433817
340 334 0.0029924212202894779
340 335 0.0013465895491302641
340 336 0.00017954527321735722
340 132 -0.00029924212202895597
340 85 -0.0015336158753983652
340 141 -7.6643421656430974e-18
340 140 -0.00044886318304342365
340 139 -0.00050871160744921822
340 82 -0.00033664738728257187
340 77 -0.0016308695650577602
340 124 0.00023939369762315858
340 125 -0.00035909054643473238
340 126 -0.00051469644988979396
340 80 -0.00037405265253618979
340 153 -0.00011969684881151077
340 337 0.0040696928595936981
340 338 0.0019749980053910608
340 339 0.00040696928595936017
340 133 -0.00029924212202895521
340 152 0.00035909054643484145
340 340 0.0054581763058080277
340 341 0.0028009062621909657
340 342 0.000718181092869468
340 134 -0.00028727243714779565
340 151 -0.00011969684881151076
340 343 0.0040696928595936972
340 344 0.001974998005391063
340 345 0.00040696928595935984
340 135 -0.0002992421220289551
340 86 -0.0016308695650577595
340 144 0.00023939369762315907
340 143 -0.00035909054643473216
340 142 -0.00051469644988979407
340 83 -0.00037405265253618962
340 78 -0.0015336158753983657
340 127 -8.1799194491939769e-18
340 128 -0.00044886318304342431
340 129 -0.00050871160744921855
340 81 -0.00033664738728257236
340 156 -0.0004488631830433818
340 346 0.0029924212202894771
340 347 0.0013465895491302634
340 348 0.00017954527321735694
340 136 -0.00029924212202895629
340 155 -0.00011969684881151087
340 349 0.0040696928595936998
340 350 0.0019749980053910625
340 351 0.00040696928595935984
340 137 -0.00029924212202895532
340 154 -0.00044886318304338186
340 352 0.0029924212202894779
340 353 0.001346589549130263
340 354 0.00017954527321735673
340 138 -0.00029924212202895651
340 87 -0.0015336158753983654
340 147 -8.3016314440661517e-18
340 146 -0.00044886318304342436
340 145 -0.00050871160744921855
340 84 -0.00033664738728257225
340 12 -0.0014214000796375268
340 34 -0.00074810530507238521
340 35 -0.00078551057032599585
340 36 -0.00055359792575356112
340 13 -0.00026183685677533432
340 61 -0.0015336158753983657
340 157 -8.188274953533091e-18
340 158 -0.0004488631830434242
340 159 -0.00050871160744921833
340 58 -0.00033664738728257225
340 62 -0.0016308695650577609
340 160 0.00023939369762315858
340 161 -0.00035909054643473265
340 162 -0.0005146964498897944
340 59 -0.00037405265253618989
340 63 -0.0015336158753983661
340 163 -8.6954885312651876e-18
340 164 -0.00044886318304342485
340 165 -0.00050871160744921855
340 60 -0.00033664738728257236
340 15 -0.0014214000796375268
340 39 -0.00074810530507238608
340 38 -0.00078551057032599683
340 37 -0.00055359792575356123
340 14 -0.00026183685677533426
341 8 -0.00067329477456514234
341 28 -0.00078551057032599477
341 29 -0.00085284004778250397
341 30 -0.00078551057032599499
341 9 -0.00067329477456514212
341 55 -0.0007855105703259952
341 118 -0.00044886318304342355
341 119 -0.00035909054643473205
341 120 -0.00044886318304342387
341 52 -0.00078551057032599488
341 56 -0.00085284004778250462
341 115 -0.00035909054643473238
341 116 -0.00021545432786082853
341 117 -0.00035909054643473259
341 53 -0.0008528400477825043
341 57 -0.00078551057032599575
341 112 -0.00044886318304342431
341 113 -0.0003590905464347327
341 114 -0.00044886318304342431
341 54 -0.00078551057032599553
341 11 -0.00067329477456514288
341 33 -0.00078551057032599585
341 32 -0.00085284004778250495
341 31 -0.00078551057032599618
341 10 -0.00067329477456514277
341 76 -0.00078551057032599531
341 121 -0.00044886318304342371
341 122 -0.00035909054643473194
341 123 -0.00044886318304342409
341 79 -0.00078551057032599531
341 150 -0.00044886318304342365
341 328 0.0013465895491302647
341 329 0.001974998005391063
341 330 0.0013465895491302645
341 130 -0.00044886318304342333
341 149 -0.0003590905464347321
341 331 0.0019749980053910625
341 332 0.0028009062621909657
341 333 0.0019749980053910625
341 131 -0.00035909054643473178
341 148 -0.0004488631830434242
341 334 0.0013465895491302641
341 335 0.0019749980053910621
341 336 0.0013465895491302639
341 132 -0.00044886318304342371
341 85 -0.00078551057032599575
341 141 -0.00044886318304342365
341 140 -0.00035909054643473189
341 139 -0.00044886318304342376
341 82 -0.00078551057032599531
341 77 -0.00085284004778250517
341 124 -0.00035909054643473227
341 125 -0.00021545432786082856
341 126 -0.0003590905464347327
341 80 -0.00085284004778250517
341 153 -0.00035909054643473243
341 337 0.0019749980053910608
341 338 0.0028009062621909644
341 339 0.0019749980053910608
341 133 -0.00035909054643473248
341 152 -0.00021545432786082851
341 340 0.0028009062621909657
341 341 0.0038781779014951897
341 342 0.0028009062621909653
341 134 -0.00021545432786082824
341 151 -0.00035909054643473248
341 343 0.0019749980053910625
341 344 0.0028009062621909648
341 345 0.001974998005391063
341 135 -0.00035909054643473232
341 86 -0.00085284004778250517
341 144 -0.0003590905464347321
341 143 -0.00021545432786082797
341 142 -0.00035909054643473216
341 83 -0.00085284004778250495
341 78 -0.00078551057032599585
341 127 -0.00044886318304342409
341 128 -0.00035909054643473313
341 129 -0.00044886318304342458
341 81 -0.00078551057032599629
341 156 -0.00044886318304342436
341 346 0.0013465895491302634
341 347 0.0019749980053910617
341 348 0.001346589549130263
341 136 -0.00044886318304342452
341 155 -0.00035909054643473265
341 349 0.0019749980053910621
341 350 0.0028009062621909644
341 351 0.0019749980053910621
341 137 -0.00035909054643473275
341 154 -0.00044886318304342414
341 352 0.0013465895491302632
341 353 0.0019749980053910621
341 354 0.001346589549130263
341 138 -0.00044886318304342409
341 87 -0.00078551057032599618
341 147 -0.00044886318304342436
341 146 -0.00035909054643473254
341 145 -0.00044886318304342441
341 84 -0.00078551057032599575
341 12 -0.00067329477456514266
341 34 -0.00078551057032599585
341 35 -0.0008528400477825056
341 36 -0.0007855105703259964
341 13 -0.00067329477456514299
341 61 -0.00078551057032599618
341 157 -0.0004488631830434242
341 158 -0.00035909054643473281
341 159 -0.00044886318304342452
341 58 -0.00078551057032599596
341 62 -0.00085284004778250603
341 160 -0.0003590905464347327
341 161 -0.00021545432786082886
341 162 -0.00035909054643473292
341 59 -0.00085284004778250593
341 63 -0.0007855105703259965
341 163 -0.00044886318304342485
341 164 -0.00035909054643473335
341 165 -0.00044886318304342479
341 60 -0.00078551057032599629
341 15 -0.00067329477456514342
341 39 -0.00078551057032599694
341 38 -0.00085284004778250625
341 37 -0.00078551057032599661
341 14 -0.00067329477456514288
342 8 -0.00026183685677533432
342 28 -0.00055359792575356047
342 29 -0.00078551057032599499
342 30 -0.00074810530507238434
342 9 -0.001421400079637527
342 55 -0.00033664738728257182
342 118 -0.00050871160744921844
342 119 -0.00044886318304342387
342 120 -6.3610752121477445e-18
342 52 -0.0015336158753983648
342 56 -0.00037405265253618946
342 115 -0.00051469644988979461
342 116 -0.00035909054643473281
342 117 0.00023939369762316021
342 53 -0.0016308695650577593
342 57 -0.00033664738728257204
342 112 -0.00050871160744921844
342 113 -0.00044886318304342431
342 114 -7.4758907429332514e-18
342 54 -0.0015336158753983657
342 11 -0.00026183685677533443
342 33 -0.00055359792575356091
342 32 -0.00078551057032599596
342 31 -0.00074810530507238521
342 10 -0.0014214000796375274
342 76 -0.00033664738728257182
342 121 -0.00050871160744921822
342 122 -0.00044886318304342414
342 123 -7.4494537680555002e-18
342 79 -0.0015336158753983652
342 150 -0.00029924212202895586
342 328 0.00017954527321735743
342 329 0.0013465895491302643
342 330 0.0029924212202894788
342 130 -0.00044886318304338202
342 149 -0.00029924212202895489
342 331 0.00040696928595936049
342 332 0.001974998005391063
342 333 0.0040696928595936972
342 131 -0.00011969684881151145
342 148 -0.00029924212202895597
342 334 0.00017954527321735732
342 335 0.0013465895491302641
342 336 0.0029924212202894784
342 132 -0.00044886318304338262
342 85 -0.00033664738728257193
342 141 -0.00050871160744921833
342 140 -0.00044886318304342376
342 139 -7.1652903424308481e-18
342 82 -0.0015336158753983648
342 77 -0.00037405265253618968
342 124 -0.00051469644988979418
342 125 -0.00035909054643473275
342 126 0.00023939369762315883
342 80 -0.0016308695650577604
342 153 -0.00029924212202895505
342 337 0.00040696928595936022
342 338 0.0019749980053910608
342 339 0.0040696928595936963
342 133 -0.00011969684881151179
342 152 -0.00028727243714779548
342 340 0.000718181092869468
342 341 0.0028009062621909653
342 342 0.0054581763058080286
342 134 0.0003590905464348402
342 151 -0.00029924212202895505
342 343 0.00040696928595935979
342 344 0.0019749980053910625
342 345 0.0040696928595936989
342 135 -0.00011969684881151213
342 86 -0.00037405265253618962
342 144 -0.00051469644988979429
342 143 -0.00035909054643473221
342 142 0.00023939369762315953
342 83 -0.0016308695650577587
342 78 -0.00033664738728257236
342 127 -0.00050871160744921855
342 128 -0.00044886318304342458
342 129 -8.2050933402748016e-18
342 81 -0.0015336158753983654
342 156 -0.00029924212202895624
342 346 0.00017954527321735697
342 347 0.001346589549130263
342 348 0.0029924212202894766
342 136 -0.00044886318304338332
342 155 -0.00029924212202895516
342 349 0.00040696928595935984
342 350 0.0019749980053910621
342 351 0.0040696928595937007
342 137 -0.00011969684881151267
342 154 -0.00029924212202895657
342 352 0.00017954527321735673
342 353 0.001346589549130263
342 354 0.0029924212202894788
342 138 -0.00044886318304338338
342 87 -0.00033664738728257236
342 147 -0.00050871160744921855
342 146 -0.00044886318304342431
342 145 -7.3980387008782626e-18
342 84 -0.0015336158753983652
342 12 -0.00026183685677533432
342 34 -0.00055359792575356101
342 35 -0.0007855105703259964
342 36 -0.00074810530507238542
342 13 -0.0014214000796375266
342 61 -0.0003366473872825722
342 157 -0.00050871160744921844
342 158 -0.00044886318304342447
342 159 -7.801678851566376e-18
342 58 -0.0015336158753983654
342 62 -0.00037405265253618984
342 160 -0.0005146964498897944
342 161 -0.00035909054643473308
342 162 0.00023939369762315905
342 59 -0.0016308695650577609
342 63 -0.00033664738728257242
342 163 -0.00050871160744921865
342 164 -0.0004488631830434249
342 165 -7.5842271305965984e-18
342 60 -0.0015336158753983661
342 15 -0.00026183685677533432
342 39 -0.00055359792575356123
342 38 -0.00078551057032599661
342 37 -0.0007481053050723851
342 14 -0.0014214000796375264
134 8 -6.7329477456514746e-05
134 28 -0.00026183685677533437
134 29 -0.00067329477456514223
134 30 -0.0014214000796375274
134 9 -0.0013465895491303421
134 55 -9.7253689659410227e-05
134 118 -0.00033664738728257177
134 119 -0.00078551057032599488
134 120 -0.0015336158753983646
134 52 -7.4810530507287226e-05
134 56 -0.00011071958515071268
134 115 -0.00037405265253618946
134 116 -0.0008528400477825043
134 117 -0.0016308695650577591
134 53 0.00032916633423180964
134 57 -9.7253689659410281e-05
134 112 -0.00033664738728257204
134 113 -0.00078551057032599553
134 114 -0.0015336158753983659
134 54 -7.4810530507287958e-05
134 11 -6.7329477456514733e-05
134 33 -0.00026183685677533443
134 32 -0.00067329477456514266
134 31 -0.0014214000796375277
134 10 -0.0013465895491303421
134 76 -9.7253689659410227e-05
134 121 -0.00033664738728257193
134 122 -0.00078551057032599542
134 123 -0.0015336158753983657
134 79 -7.4810530507287971e-05
134 150 -0.00011969684881158249
134 328 -0.00029924212202895592
134 329 -0.00044886318304342344
134 330 -0.00044886318304338213
134 130 0.0050871160744921659
134 149 -0.00013166653369274075
134 331 -0.00029924212202895483
134 332 -0.00035909054643473178
134 333 -0.00011969684881151153
134 131 0.0069424172310716872
134 148 -0.00011969684881158253
134 334 -0.00029924212202895592
134 335 -0.00044886318304342376
134 336 -0.00044886318304338229
134 132 0.0050871160744921642
134 85 -9.7253689659410213e-05
134 141 -0.00033664738728257182
134 140 -0.00078551057032599531
134 139 -0.0015336158753983646
134 82 -7.4810530507285952e-05
134 77 -0.00011071958515071274
134 124 -0.00037405265253618979
134 125 -0.00085284004778250506
134 126 -0.0016308695650577604
134 80 0.00032916633423180904
134 153 -0.00013166653369274067
134 337 -0.00029924212202895521
134 338 -0.00035909054643473254
134 339 -0.00011969684881151187
134 133 0.0069424172310716898
134 152 -0.00014363621857389853
134 340 -0.00028727243714779565
134 341 -0.00021545432786082824
134 342 0.0003590905464348402
134 134 0.0093363542073033289
134 151 -0.00013166653369274065
134 343 -0.0002992421220289551
134 344 -0.00035909054643473227
134 345 -0.00011969684881151169
134 135 0.006942417231071688
134 86 -0.00011071958515071278
134 144 -0.00037405265253618957
134 143 -0.00085284004778250495
134 142 -0.0016308695650577585
134 83 0.00032916633423181165
134 78 -9.7253689659410227e-05
134 127 -0.00033664738728257242
134 128 -0.00078551057032599629
134 129 -0.0015336158753983657
134 81 -7.481053050728812e-05
134 156 -0.00011969684881158257
134 346 -0.00029924212202895624
134 347 -0.00044886318304342452
134 348 -0.00044886318304338311
134 136 0.0050871160744921659
134 155 -0.00013166653369274062
134 349 -0.00029924212202895526
134 350 -0.00035909054643473281
134 351 -0.00011969684881151242
134 137 0.0069424172310716906
134 154 -0.00011969684881158269
134 352 -0.00029924212202895646
134 353 -0.00044886318304342398
134 354 -0.00044886318304338305
134 138 0.0050871160744921625
134 87 -9.725368965941024e-05
134 147 -0.00033664738728257225
134 146 -0.00078551057032599585
134 145 -0.0015336158753983654
134 84 -7.4810530507286087e-05
134 12 -6.7329477456514733e-05
134 34 -0.00026183685677533432
134 35 -0.0006732947745651431
134 36 -0.001421400079637527
134 13 -0.0013465895491303421
134 61 -9.72536896594102e-05
134 157 -0.0003366473872825722
134 158 -0.00078551057032599618
134 159 -0.0015336158753983661
134 58 -7.4810530507287023e-05
134 62 -0.00011071958515071287
134 160 -0.00037405265253618989
134 161 -0.00085284004778250603
134 162 -0.0016308695650577609
134 59 0.00032916633423181056
134 63 -9.7253689659410254e-05
134 163 -0.00033664738728257236
134 164 -0.00078551057032599661
134 165 -0.0015336158753983661
134 60 -7.4810530507286616e-05
134 15 -6.7329477456514814e-05
134 39 -0.00026183685677533426
134 38 -0.00067329477456514299
134 37 -0.0014214000796375264
134 14 -0.0013465895491303406
151 8 -0.00062342108756034697
151 28 -0.00056107897880428958
151 29 -0.00026183685677533432
151 30 -9.9747374009651014e-05
151 9 -2.4936843502412831e-05
151 55 -0.0006683074058647095
151 118 -0.0011321326950095329
151 119 -0.00055359792575356058
151 120 -0.00022443159152171454
151 52 -6.0845898145887243e-05
151 56 -7.4810530507287741e-05
151 115 -0.0015336158753983654
151 116 -0.00078551057032599585
151 117 -0.00033664738728257204
151 53 -9.7253689659410281e-05
151 57 0.0012967158621254083
151 112 -0.0013465895491302782
151 113 -0.00074810530507238597
151 114 -0.0003491158090337831
151 54 -0.00010972211141061786
151 11 -0.0024438106632365267
151 33 -0.0029674843767871157
151 32 -0.0014214000796375281
151 31 -0.00056107897880428969
151 10 -0.00014712737666423668
151 76 -0.00037405265253623142
151 121 -0.00068576319631635091
151 122 -0.00033664738728257177
151 123 -0.00013715263926327042
151 79 -3.7405265253619279e-05
151 150 0.0014563116605408424
151 328 -0.00086780215388394756
151 329 -0.00050871160744921833
151 330 -0.00024936843502412878
151 130 -8.1792846687914447e-05
151 149 0.0050871160744921668
151 331 -0.00044886318304338159
151 332 -0.0004488631830434242
151 333 -0.00029924212202895597
151 131 -0.00011969684881158253
151 148 0.0095757479049264974
151 334 0.00079797899207725484
151 335 -7.6914523381605187e-18
151 336 -0.00019949474801931328
151 132 -0.00011969684881158486
151 85 0.0012219053316182586
151 141 -0.0028802054245285961
151 140 -0.0015336158753983648
151 139 -0.00068576319631635091
151 82 -0.00020697580107002756
151 77 -0.00030921685942995891
151 124 -0.00075309267377286185
151 125 -0.00037405265253618984
151 126 -0.00015460842971495894
151 80 -4.2891370824150005e-05
151 153 0.0021944422282122616
151 337 -0.00081792846687911121
151 338 -0.00051469644988979429
151 339 -0.00026732296234586523
151 133 -9.1767584088879304e-05
151 152 0.0069424172310716872
151 340 -0.00011969684881151076
151 341 -0.00035909054643473248
151 342 -0.00029924212202895505
151 134 -0.00013166653369274065
151 151 0.012608068074819914
151 343 0.0015161600849467687
151 344 0.00023939369762315924
151 345 -0.0001595957984154532
151 135 -0.00012767663873235711
151 86 0.0024438106632365428
151 144 -0.0029674843767869986
151 143 -0.0016308695650577593
151 142 -0.00075309267377286152
151 83 -0.00023440632892268089
151 78 -0.00037405265253623158
151 127 -0.00068576319631635167
151 128 -0.00033664738728257231
151 129 -0.00013715263926327052
151 81 -3.74052652536193e-05
151 156 0.0014563116605408426
151 346 -0.00086780215388394832
151 347 -0.00050871160744921855
151 348 -0.00024936843502412894
151 136 -8.1792846687914393e-05
151 155 0.0050871160744921625
151 349 -0.00044886318304338208
151 350 -0.00044886318304342414
151 351 -0.00029924212202895662
151 137 -0.00011969684881158269
151 154 0.0095757479049264904
151 352 0.00079797899207725517
151 353 -8.0426775950695125e-18
151 354 -0.00019949474801931379
151 138 -0.00011969684881158505
151 87 0.0012219053316182577
151 147 -0.0028802054245285983
151 146 -0.0015336158753983659
151 145 -0.00068576319631635135
151 84 -0.00020697580107002767
151 12 -0.00062342108756034719
151 34 -0.00056107897880428937
151 35 -0.00026183685677533426
151 36 -9.974737400965115e-05
151 13 -2.4936843502412838e-05
151 61 -0.00066830740586470972
151 157 -0.0011321326950095342
151 158 -0.00055359792575356101
151 159 -0.00022443159152171467
151 58 -6.084589814588725e-05
151 62 -7.4810530507287402e-05
151 160 -0.0015336158753983663
151 161 -0.0007855105703259965
151 162 -0.00033664738728257236
151 59 -9.725368965941024e-05
151 63 0.0012967158621254114
151 163 -0.001346589549130278
151 164 -0.00074810530507238597
151 165 -0.00034911580903378337
151 60 -0.000109722111410618
151 15 -0.0024438106632365237
151 39 -0.0029674843767871144
151 38 -0.001421400079637527
151 37 -0.00056107897880428948
151 14 -0.00014712737666423674
343 8 -0.00056107897880428969
343 28 -0.00034911580903378272
343 29 -0.00033664738728257182
343 30 -0.00022443159152171443
343 9 -9.9747374009651001e-05
343 55 -0.0011321326950095331
343 118 -0.00035909054643475124
343 119 -0.00050871160744921844
343 120 -0.00041494907588014718
343 52 -0.00022443159152171451
343 56 -0.0015336158753983657
343 115 -7.8723541557086618e-18
343 116 -0.00044886318304342431
343 117 -0.00050871160744921855
343 53 -0.00033664738728257209
343 57 -0.0013465895491302773
343 112 0.00079797899207718502
343 113 -7.6136885071504186e-18
343 114 -0.00035909054643475167
343 54 -0.00034911580903378283
343 11 -0.0029674843767871148
343 33 -0.001346589549130278
343 32 -0.0015336158753983652
343 31 -0.0011321326950095331
343 10 -0.00056107897880428958
343 76 -0.00068576319631635091
343 121 -0.00019949474801931303
343 122 -0.00029924212202895586
343 123 -0.00024936843502412873
343 79 -0.00013715263926327039
343 150 -0.00086780215388394756
343 328 0.00087777689128489347
343 329 0.00017954527321735749
343 330 -0.00019151495809853757
343 130 -0.00024936843502412878
343 149 -0.0004488631830433817
343 331 0.0029924212202894784
343 332 0.0013465895491302641
343 333 0.00017954527321735732
343 131 -0.00029924212202895597
343 148 0.0007979789920772556
343 334 0.0055858529445403753
343 335 0.0029924212202894784
343 336 0.0008777768912848939
343 132 -0.00019949474801931295
343 85 -0.0028802054245285957
343 141 0.00079797899207725322
343 140 -0.00044886318304338159
343 139 -0.00086780215388394702
343 82 -0.0006857631963163508
343 77 -0.00075309267377286185
343 124 -0.00015959579841545325
343 125 -0.00029924212202895505
343 126 -0.00026732296234586523
343 80 -0.00015460842971495896
343 153 -0.00081792846687911099
343 337 0.00130868554700658
343 338 0.0004069692859593599
343 339 -0.00012767663873236107
343 133 -0.00026732296234586512
343 152 -0.00011969684881151076
343 340 0.0040696928595936972
343 341 0.0019749980053910625
343 342 0.00040696928595935979
343 134 -0.0002992421220289551
343 151 0.0015161600849467687
343 343 0.0073414067271102175
343 344 0.0040696928595936981
343 345 0.0013086855470065808
343 135 -0.00015959579841545306
343 86 -0.0029674843767869977
343 144 0.0015161600849467661
343 143 -0.00011969684881151061
343 142 -0.00081792846687911067
343 83 -0.00075309267377286131
343 78 -0.00068576319631635135
343 127 -0.0001994947480193136
343 128 -0.0002992421220289564
343 129 -0.00024936843502412894
343 81 -0.00013715263926327055
343 156 -0.00086780215388394789
343 346 0.0008777768912848938
343 347 0.00017954527321735692
343 348 -0.00019151495809853776
343 136 -0.000249368435024129
343 155 -0.00044886318304338175
343 349 0.0029924212202894775
343 350 0.0013465895491302632
343 351 0.00017954527321735676
343 137 -0.00029924212202895651
343 154 0.00079797899207725549
343 352 0.005585852944540377
343 353 0.0029924212202894784
343 354 0.00087777689128489336
343 138 -0.00019949474801931349
343 87 -0.0028802054245285979
343 147 0.00079797899207725354
343 146 -0.00044886318304338235
343 145 -0.00086780215388394713
343 84 -0.00068576319631635113
343 12 -0.00056107897880428926
343 34 -0.00034911580903378327
343 35 -0.0003366473872825722
343 36 -0.0002244315915217147
343 13 -9.9747374009651163e-05
343 61 -0.0011321326950095342
343 157 -0.00035909054643475222
343 158 -0.00050871160744921833
343 159 -0.00041494907588014718
343 58 -0.00022443159152171475
343 62 -0.0015336158753983663
343 160 -8.6787927177814173e-18
343 161 -0.00044886318304342485
343 162 -0.00050871160744921844
343 59 -0.00033664738728257231
343 63 -0.0013465895491302775
343 163 0.00079797899207718545
343 164 -8.391895793270419e-18
343 165 -0.00035909054643475232
343 60 -0.00034911580903378316
343 15 -0.0029674843767871139
343 39 -0.0013465895491302784
343 38 -0.0015336158753983659
343 37 -0.0011321326950095335
343 14 -0.00056107897880428926
344 8 -0.00026183685677533437
344 28 -0.00033664738728257182
344 29 -0.00037405265253618946
344 30 -0.00033664738728257187
344 9 -0.00026183685677533426
344 55 -0.00055359792575356069
344 118 -0.00050871160744921855
344 119 -0.00051469644988979472
344 120 -0.00050871160744921876
344 52 -0.00055359792575356069
344 56 -0.00078551057032599585
344 115 -0.00044886318304342452
344 116 -0.00035909054643473297
344 117 -0.00044886318304342441
344 53 -0.00078551057032599553
344 57 -0.00074810530507238564
344 112 -7.7788235359180548e-18
344 113 0.00023939369762315926
344 114 -7.9804950082259389e-18
344 54 -0.00074810530507238532
344 11 -0.0014214000796375279
344 33 -0.0015336158753983652
344 32 -0.0016308695650577589
344 31 -0.0015336158753983657
344 10 -0.0014214000796375274
344 76 -0.00033664738728257182
344 121 -0.00029924212202895586
344 122 -0.00029924212202895478
344 123 -0.00029924212202895586
344 79 -0.00033664738728257193
344 150 -0.00050871160744921844
344 328 0.00017954527321735743
344 329 0.00040696928595936028
344 330 0.00017954527321735727
344 130 -0.00050871160744921822
344 149 -0.00044886318304342431
344 331 0.0013465895491302639
344 332 0.0019749980053910625
344 333 0.0013465895491302639
344 131 -0.00044886318304342371
344 148 -7.6761890980938028e-18
344 334 0.0029924212202894779
344 335 0.0040696928595936989
344 336 0.0029924212202894784
344 132 -7.0968196400461587e-18
344 85 -0.0015336158753983648
344 141 -0.00044886318304338148
344 140 -0.00011969684881151049
344 139 -0.00044886318304338208
344 82 -0.0015336158753983644
344 77 -0.00037405265253618984
344 124 -0.00029924212202895505
344 125 -0.00028727243714779554
344 126 -0.00029924212202895499
344 80 -0.00037405265253618962
344 153 -0.00051469644988979429
344 337 0.00040696928595936006
344 338 0.00071818109286946789
344 339 0.00040696928595935984
344 133 -0.00051469644988979396
344 152 -0.00035909054643473243
344 340 0.001974998005391063
344 341 0.0028009062621909648
344 342 0.0019749980053910625
344 134 -0.00035909054643473227
344 151 0.00023939369762315924
344 343 0.0040696928595936981
344 344 0.0054581763058080286
344 345 0.0040696928595936981
344 135 0.0002393936976231594
344 86 -0.0016308695650577589
344 144 -0.00011969684881151077
344 143 0.00035909054643484139
344 142 -0.00011969684881151145
344 83 -0.0016308695650577585
344 78 -0.00033664738728257225
344 127 -0.0002992421220289564
344 128 -0.00029924212202895532
344 129 -0.00029924212202895657
344 81 -0.00033664738728257225
344 156 -0.00050871160744921855
344 346 0.00017954527321735686
344 347 0.00040696928595935963
344 348 0.00017954527321735673
344 136 -0.00050871160744921844
344 155 -0.00044886318304342436
344 349 0.0013465895491302634
344 350 0.0019749980053910621
344 351 0.001346589549130263
344 137 -0.00044886318304342409
344 154 -8.0604652853462656e-18
344 352 0.0029924212202894784
344 353 0.0040696928595936981
344 354 0.0029924212202894784
344 138 -7.4026973820881612e-18
344 87 -0.0015336158753983659
344 147 -0.00044886318304338235
344 146 -0.00011969684881151177
344 145 -0.00044886318304338262
344 84 -0.0015336158753983652
344 12 -0.00026183685677533432
344 34 -0.00033664738728257225
344 35 -0.00037405265253618989
344 36 -0.00033664738728257236
344 13 -0.00026183685677533426
344 61 -0.00055359792575356112
344 157 -0.00050871160744921844
344 158 -0.0005146964498897944
344 159 -0.00050871160744921844
344 58 -0.0005535979257535608
344 62 -0.00078551057032599661
344 160 -0.00044886318304342474
344 161 -0.00035909054643473319
344 162 -0.00044886318304342468
344 59 -0.0007855105703259964
344 63 -0.00074810530507238586
344 163 -8.4887751866126296e-18
344 164 0.00023939369762315788
344 165 -8.1643917599065908e-18
344 60 -0.0007481053050723851
344 15 -0.0014214000796375268
344 39 -0.0015336158753983661
344 38 -0.0016308695650577602
344 37 -0.0015336158753983661
344 14 -0.0014214000796375261
345 8 -9.9747374009650987e-05
345 28 -0.0002244315915217144
345 29 -0.00033664738728257193
345 30 -0.00034911580903378262
345 9 -0.00056107897880428958
345 55 -0.00022443159152171454
345 118 -0.00041494907588014712
345 119 -0.00050871160744921855
345 120 -0.00035909054643475108
345 52 -0.0011321326950095329
345 56 -0.00033664738728257204
345 115 -0.00050871160744921844
345 116 -0.00044886318304342441
345 117 -7.4691276124630284e-18
345 53 -0.0015336158753983657
345 57 -0.00034911580903378299
345 112 -0.00035909054643475146
345 113 -7.6836366384036486e-18
345 114 0.000797978992077186
345 54 -0.0013465895491302773
345 11 -0.00056107897880428969
345 33 -0.0011321326950095331
345 32 -0.0015336158753983652
345 31 -0.0013465895491302773
345 10 -0.0029674843767871152
345 76 -0.00013715263926327039
345 121 -0.00024936843502412873
345 122 -0.00029924212202895597
345 123 -0.00019949474801931295
345 79 -0.00068576319631635102
345 150 -0.00024936843502412878
345 328 -0.00019151495809853754
345 329 0.00017954527321735738
345 330 0.0008777768912848938
345 130 -0.00086780215388394734
345 149 -0.00029924212202895597
345 331 0.0001795452732173573
345 332 0.0013465895491302641
345 333 0.0029924212202894788
345 131 -0.00044886318304338251
345 148 -0.00019949474801931328
345 334 0.0008777768912848938
345 335 0.0029924212202894775
345 336 0.0055858529445403753
345 132 0.00079797899207725354
345 85 -0.00068576319631635091
345 141 -0.00086780215388394702
345 140 -0.00044886318304338186
345 139 0.0007979789920772543
345 82 -0.0028802054245285961
345 77 -0.00015460842971495894
345 124 -0.00026732296234586523
345 125 -0.00029924212202895499
345 126 -0.00015959579841545306
345 80 -0.00075309267377286185
345 153 -0.00026732296234586523
345 337 -0.00012767663873236107
345 338 0.00040696928595935979
345 339 0.0013086855470065808
345 133 -0.0008179284668791111
345 152 -0.00029924212202895505
345 340 0.00040696928595935984
345 341 0.001974998005391063
345 342 0.0040696928595936989
345 134 -0.00011969684881151169
345 151 -0.0001595957984154532
345 343 0.0013086855470065808
345 344 0.0040696928595936981
345 345 0.0073414067271102175
345 135 0.0015161600849467663
345 86 -0.00075309267377286142
345 144 -0.00081792846687911067
345 143 -0.00011969684881151126
345 142 0.0015161600849467668
345 83 -0.0029674843767869973
345 78 -0.00013715263926327052
345 127 -0.00024936843502412894
345 128 -0.00029924212202895651
345 129 -0.00019949474801931349
345 81 -0.00068576319631635113
345 156 -0.000249368435024129
345 346 -0.00019151495809853781
345 347 0.00017954527321735678
345 348 0.00087777689128489423
345 136 -0.00086780215388394778
345 155 -0.00029924212202895657
345 349 0.00017954527321735676
345 350 0.001346589549130263
345 351 0.0029924212202894788
345 137 -0.00044886318304338332
345 154 -0.00019949474801931379
345 352 0.00087777689128489347
345 353 0.0029924212202894788
345 354 0.0055858529445403787
345 138 0.00079797899207725311
345 87 -0.00068576319631635113
345 147 -0.00086780215388394713
345 146 -0.00044886318304338273
345 145 0.00079797899207725332
345 84 -0.0028802054245285979
345 12 -9.974737400965115e-05
345 34 -0.0002244315915217147
345 35 -0.00033664738728257231
345 36 -0.00034911580903378316
345 13 -0.00056107897880428915
345 61 -0.00022443159152171473
345 157 -0.00041494907588014723
345 158 -0.00050871160744921844
345 159 -0.00035909054643475173
345 58 -0.0011321326950095338
345 62 -0.00033664738728257242
345 160 -0.00050871160744921855
345 161 -0.00044886318304342474
345 162 -7.4507665018448428e-18
345 59 -0.0015336158753983663
345 63 -0.00034911580903378327
345 163 -0.00035909054643475232
345 164 -8.2896467569818204e-18
345 165 0.00079797899207718675
345 60 -0.0013465895491302773
345 15 -0.00056107897880428948
345 39 -0.001132132695009534
345 38 -0.0015336158753983661
345 37 -0.0013465895491302771
345 14 -0.0029674843767871135
135 8 -2.4936843502412828e-05
135 28 -9.9747374009651001e-05
135 29 -0.00026183685677533421
135 30 -0.00056107897880428958
135 9 -0.00062342108756034697
135 55 -6.0845898145887243e-05
135 118 -0.00022443159152171448
135 119 -0.00055359792575356058
135 120 -0.0011321326950095325
135 52 -0.00066830740586470982
135 56 -9.7253689659410294e-05
135 115 -0.00033664738728257198
135 116 -0.00078551057032599553
135 117 -0.0015336158753983661
135 53 -7.4810530507287958e-05
135 57 -0.00010972211141061786
135 112 -0.00034911580903378283
135 113 -0.00074810530507238532
135 114 -0.0013465895491302782
135 54 0.0012967158621254085
135 11 -0.00014712737666423666
135 33 -0.00056107897880428958
135 32 -0.0014214000796375274
135 31 -0.0029674843767871161
135 10 -0.0024438106632365285
135 76 -3.7405265253619279e-05
135 121 -0.00013715263926327039
135 122 -0.00033664738728257193
135 123 -0.00068576319631635091
135 79 -0.00037405265253623164
135 150 -8.1792846687914447e-05
135 328 -0.00024936843502412878
135 329 -0.00050871160744921811
135 330 -0.00086780215388394745
135 130 0.0014563116605408419
135 149 -0.00011969684881158253
135 331 -0.00029924212202895597
135 332 -0.00044886318304342371
135 333 -0.00044886318304338283
135 131 0.0050871160744921642
135 148 -0.00011969684881158486
135 334 -0.00019949474801931298
135 335 -7.066340102425111e-18
135 336 0.00079797899207725354
135 132 0.0095757479049264922
135 85 -0.00020697580107002753
135 141 -0.00068576319631635069
135 140 -0.0015336158753983641
135 139 -0.0028802054245285957
135 82 0.001221905331618259
135 77 -4.2891370824150005e-05
135 124 -0.00015460842971495896
135 125 -0.00037405265253618973
135 126 -0.00075309267377286185
135 80 -0.00030921685942995924
135 153 -9.1767584088879277e-05
135 337 -0.00026732296234586512
135 338 -0.00051469644988979396
135 339 -0.00081792846687911132
135 133 0.0021944422282122607
135 152 -0.00013166653369274067
135 340 -0.0002992421220289551
135 341 -0.00035909054643473232
135 342 -0.00011969684881151213
135 134 0.006942417231071688
135 151 -0.00012767663873235711
135 343 -0.00015959579841545306
135 344 0.0002393936976231594
135 345 0.0015161600849467663
135 135 0.012608068074819911
135 86 -0.00023440632892268089
135 144 -0.00075309267377286142
135 143 -0.0016308695650577585
135 142 -0.0029674843767869968
135 83 0.0024438106632365441
135 78 -3.74052652536193e-05
135 127 -0.00013715263926327058
135 128 -0.0003366473872825722
135 129 -0.00068576319631635135
135 81 -0.00037405265253623169
135 156 -8.1792846687914393e-05
135 346 -0.000249368435024129
135 347 -0.00050871160744921844
135 348 -0.00086780215388394789
135 136 0.0014563116605408426
135 155 -0.00011969684881158269
135 349 -0.00029924212202895646
135 350 -0.00044886318304342409
135 351 -0.00044886318304338332
135 137 0.0050871160744921625
135 154 -0.00011969684881158505
135 352 -0.00019949474801931355
135 353 -7.5134998795008644e-18
135 354 0.00079797899207725322
135 138 0.0095757479049264887
135 87 -0.00020697580107002767
135 147 -0.00068576319631635124
135 146 -0.001533615875398365
135 145 -0.0028802054245285966
135 84 0.0012219053316182577
135 12 -2.4936843502412838e-05
135 34 -9.9747374009651163e-05
135 35 -0.00026183685677533421
135 36 -0.00056107897880428937
135 13 -0.00062342108756034697
135 61 -6.084589814588725e-05
135 157 -0.00022443159152171473
135 158 -0.0005535979257535608
135 159 -0.0011321326950095342
135 58 -0.0006683074058647095
135 62 -9.7253689659410254e-05
135 160 -0.00033664738728257236
135 161 -0.0007855105703259965
135 162 -0.0015336158753983663
135 59 -7.4810530507286643e-05
135 63 -0.00010972211141061797
135 163 -0.00034911580903378321
135 164 -0.00074810530507238521
135 165 -0.0013465895491302777
135 60 0.0012967158621254111
135 15 -0.00014712737666423676
135 39 -0.00056107897880428926
135 38 -0.0014214000796375261
135 37 -0.0029674843767871135
135 14 -0.002443810663236525
86 8 -0.00019450737931882826
86 28 -0.00014712737666423666
86 29 -6.7329477456514733e-05
86 30 -2.4936843502412835e-05
86 9 -5.9848424405790915e-06
86 55 -0.00062342108756034719
86 118 -0.00056107897880428958
86 119 -0.00026183685677533448
86 120 -9.9747374009651095e-05
86 52 -2.4936843502412842e-05
86 56 -0.0013465895491303419
86 115 -0.0014214000796375283
86 116 -0.00067329477456514299
86 117 -0.00026183685677533443
86 53 -6.7329477456514733e-05
86 57 -0.0024438106632365254
86 112 -0.0029674843767871161
86 113 -0.0014214000796375281
86 114 -0.0005610789788042898
86 54 -0.00014712737666423668
86 11 0.0020946948542025423
86 33 -0.002443810663236525
86 32 -0.0013465895491303424
86 31 -0.00062342108756034719
86 10 -0.00019450737931882826
86 76 -0.0002144568541207635
86 121 -0.00020697580107002764
86 122 -9.7253689659410227e-05
86 123 -3.7405265253619293e-05
86 79 -9.4760005309168755e-06
86 150 -0.00037405265253623115
86 328 -0.00068576319631635102
86 329 -0.00033664738728257204
86 330 -0.00013715263926327044
86 130 -3.74052652536193e-05
86 149 -7.481053050728648e-05
86 331 -0.0015336158753983652
86 332 -0.00078551057032599585
86 333 -0.00033664738728257193
86 131 -9.7253689659410213e-05
86 148 0.0012219053316182592
86 334 -0.0028802054245285957
86 335 -0.0015336158753983652
86 336 -0.00068576319631635102
86 132 -0.00020697580107002756
86 85 0.016408443024587813
86 141 0.0012219053316182612
86 140 -7.4810530507286575e-05
86 139 -0.00037405265253623109
86 82 -0.0002144568541207634
86 77 -0.00022941896022221216
86 124 -0.00023440632892268099
86 125 -0.00011071958515071279
86 126 -4.2891370824150005e-05
86 80 -1.0972211141061624e-05
86 153 -0.0003092168594299588
86 337 -0.00075309267377286163
86 338 -0.00037405265253618968
86 339 -0.00015460842971495894
86 133 -4.2891370824149998e-05
86 152 0.00032916633423181045
86 340 -0.0016308695650577595
86 341 -0.00085284004778250517
86 342 -0.00037405265253618962
86 134 -0.00011071958515071278
86 151 0.0024438106632365428
86 343 -0.0029674843767869977
86 344 -0.0016308695650577589
86 345 -0.00075309267377286142
86 135 -0.00023440632892268089
86 86 0.021645180160094629
86 144 0.0024438106632365462
86 143 0.00032916633423181007
86 142 -0.00030921685942995875
86 83 -0.00022941896022221216
86 78 -0.00021445685412076361
86 127 -0.00020697580107002772
86 128 -9.7253689659410281e-05
86 129 -3.74052652536193e-05
86 81 -9.4760005309168806e-06
86 156 -0.00037405265253623131
86 346 -0.00068576319631635156
86 347 -0.00033664738728257247
86 348 -0.00013715263926327061
86 136 -3.74052652536193e-05
86 155 -7.481053050728667e-05
86 349 -0.0015336158753983659
86 350 -0.00078551057032599618
86 351 -0.00033664738728257236
86 137 -9.725368965941024e-05
86 154 0.0012219053316182571
86 352 -0.0028802054245285974
86 353 -0.0015336158753983659
86 354 -0.00068576319631635124
86 138 -0.00020697580107002764
86 87 0.016408443024587802
86 147 0.0012219053316182595
86 146 -7.4810530507286724e-05
86 145 -0.00037405265253623093
86 84 -0.00021445685412076348
86 12 -0.00019450737931882826
86 34 -0.00014712737666423679
86 35 -6.7329477456514746e-05
86 36 -2.4936843502412848e-05
86 13 -5.9848424405790856e-06
86 61 -0.00062342108756034708
86 157 -0.00056107897880428948
86 158 -0.00026183685677533437
86 159 -9.9747374009651217e-05
86 58 -2.4936843502412855e-05
86 62 -0.0013465895491303411
86 160 -0.0014214000796375268
86 161 -0.00067329477456514342
86 162 -0.00026183685677533432
86 59 -6.7329477456514814e-05
86 63 -0.0024438106632365232
86 163 -0.0029674843767871135
86 164 -0.0014214000796375268
86 165 -0.00056107897880428937
86 60 -0.00014712737666423674
86 15 0.0020946948542025475
86 39 -0.0024438106632365241
86 38 -0.0013465895491303413
86 37 -0.00062342108756034665
86 14 -0.00019450737931882812
144 8 -0.00014712737666423663
144 28 -0.00010972211141061786
144 29 -9.725368965941024e-05
144 30 -6.0845898145887243e-05
144 9 -2.4936843502412831e-05
144 55 -0.00056107897880428948
144 118 -0.00034911580903378294
144 119 -0.0003366473872825722
144 120 -0.00022443159152171459
144 52 -9.9747374009651095e-05
144 56 -0.0014214000796375281
144 115 -0.00074810530507238586
144 116 -0.00078551057032599596
144 117 -0.00055359792575356091
144 53 -0.00026183685677533443
144 57 -0.0029674843767871157
144 112 -0.001346589549130278
144 113 -0.0015336158753983652
144 114 -0.0011321326950095331
144 54 -0.00056107897880428969
144 11 -0.0024438106632365267
144 33 0.0012967158621254075
144 32 -7.4810530507287876e-05
144 31 -0.00066830740586470972
144 10 -0.00062342108756034708
144 76 -0.00020697580107002764
144 121 -0.00011969684881158489
144 122 -0.0001196968488115825
144 123 -8.1792846687914447e-05
144 79 -3.7405265253619286e-05
144 150 -0.00068576319631635102
144 328 -0.00019949474801931325
144 329 -0.00029924212202895592
144 330 -0.00024936843502412889
144 130 -0.00013715263926327042
144 149 -0.0015336158753983652
144 331 -7.9757492482011207e-18
144 332 -0.00044886318304342365
144 333 -0.00050871160744921822
144 131 -0.00033664738728257187
144 148 -0.0028802054245285966
144 334 0.00079797899207725311
144 335 -0.0004488631830433818
144 336 -0.00086780215388394713
144 132 -0.0006857631963163508
144 85 0.0012219053316182603
144 141 0.0095757479049264922
144 140 0.0050871160744921642
144 139 0.0014563116605408413
144 82 -0.00037405265253623093
144 77 -0.00023440632892268099
144 124 -0.00012767663873235722
144 125 -0.00013166653369274062
144 126 -9.1767584088879304e-05
144 80 -4.2891370824149992e-05
144 153 -0.00075309267377286163
144 337 -0.0001595957984154532
144 338 -0.0002992421220289551
144 339 -0.00026732296234586517
144 133 -0.00015460842971495894
144 152 -0.0016308695650577595
144 340 0.00023939369762315907
144 341 -0.0003590905464347321
144 342 -0.00051469644988979429
144 134 -0.00037405265253618957
144 151 -0.0029674843767869986
144 343 0.0015161600849467661
144 344 -0.00011969684881151077
144 345 -0.00081792846687911067
144 135 -0.00075309267377286142
144 86 0.0024438106632365462
144 144 0.012608068074819911
144 143 0.0069424172310716863
144 142 0.0021944422282122581
144 83 -0.00030921685942995864
144 78 -0.00020697580107002775
144 127 -0.00011969684881158504
144 128 -0.0001196968488115826
144 129 -8.1792846687914393e-05
144 81 -3.74052652536193e-05
144 156 -0.00068576319631635135
144 346 -0.00019949474801931368
144 347 -0.00029924212202895635
144 348 -0.00024936843502412911
144 136 -0.00013715263926327061
144 155 -0.0015336158753983654
144 349 -8.2025616764619007e-18
144 350 -0.00044886318304342414
144 351 -0.00050871160744921844
144 137 -0.0003366473872825722
144 154 -0.0028802054245285983
144 352 0.00079797899207725354
144 353 -0.00044886318304338235
144 354 -0.00086780215388394713
144 138 -0.00068576319631635102
144 87 0.0012219053316182599
144 147 0.0095757479049264904
144 146 0.0050871160744921642
144 145 0.0014563116605408428
144 84 -0.00037405265253623082
144 12 -0.00014712737666423679
144 34 -0.00010972211141061799
144 35 -9.7253689659410213e-05
144 36 -6.0845898145887277e-05
144 13 -2.4936843502412852e-05
144 61 -0.00056107897880428948
144 157 -0.00034911580903378332
144 158 -0.00033664738728257236
144 159 -0.00022443159152171478
144 58 -9.9747374009651204e-05
144 62 -0.001421400079637527
144 160 -0.00074810530507238597
144 161 -0.0007855105703259964
144 162 -0.00055359792575356112
144 59 -0.00026183685677533421
144 63 -0.0029674843767871144
144 163 -0.0013465895491302777
144 164 -0.0015336158753983657
144 165 -0.0011321326950095335
144 60 -0.00056107897880428926
144 15 -0.0024438106632365254
144 39 0.0012967158621254107
144 38 -7.4810530507286155e-05
144 37 -0.00066830740586470885
144 14 -0.00062342108756034665
143 8 -6.7329477456514746e-05
143 28 -9.725368965941024e-05
143 29 -0.00011071958515071271
143 30 -9.7253689659410254e-05
143 9 -6.7329477456514733e-05
143 55 -0.00026183685677533448
143 118 -0.0003366473872825722
143 119 -0.00037405265253618973
143 120 -0.00033664738728257215
143 52 -0.00026183685677533437
143 56 -0.0006732947745651431
143 115 -0.00078551057032599596
143 116 -0.00085284004778250495
143 117 -0.00078551057032599575
143 53 -0.00067329477456514266
143 57 -0.0014214000796375281
143 112 -0.001533615875398365
143 113 -0.0016308695650577589
143 114 -0.0015336158753983657
143 54 -0.0014214000796375277
143 11 -0.0013465895491303424
143 33 -7.4810530507287483e-05
143 32 0.00032916633423180975
143 31 -7.4810530507288134e-05
143 10 -0.0013465895491303421
143 76 -9.7253689659410227e-05
143 121 -0.0001196968488115825
143 122 -0.00013166653369274078
143 123 -0.0001196968488115825
143 79 -9.7253689659410213e-05
143 150 -0.00033664738728257204
143 328 -0.00029924212202895602
143 329 -0.00029924212202895505
143 330 -0.00029924212202895602
143 130 -0.00033664738728257187
143 149 -0.00078551057032599596
143 331 -0.00044886318304342376
143 332 -0.00035909054643473189
143 333 -0.00044886318304342376
143 131 -0.0007855105703259952
143 148 -0.0015336158753983652
143 334 -0.00044886318304338148
143 335 -0.00011969684881151024
143 336 -0.00044886318304338186
143 132 -0.0015336158753983641
143 85 -7.4810530507286928e-05
143 141 0.0050871160744921651
143 140 0.0069424172310716854
143 139 0.0050871160744921633
143 82 -7.4810530507286101e-05
143 77 -0.00011071958515071279
143 124 -0.00013166653369274065
143 125 -0.00014363621857389856
143 126 -0.00013166653369274065
143 80 -0.00011071958515071274
143 153 -0.00037405265253618968
143 337 -0.00029924212202895516
143 338 -0.00028727243714779565
143 339 -0.00029924212202895516
143 133 -0.00037405265253618962
143 152 -0.00085284004778250517
143 340 -0.00035909054643473216
143 341 -0.00021545432786082797
143 342 -0.00035909054643473221
143 134 -0.00085284004778250495
143 151 -0.0016308695650577593
143 343 -0.00011969684881151061
143 344 0.00035909054643484139
143 345 -0.00011969684881151126
143 135 -0.0016308695650577585
143 86 0.00032916633423181007
143 144 0.0069424172310716863
143 143 0.0093363542073033271
143 142 0.0069424172310716846
143 83 0.00032916633423181143
143 78 -9.7253689659410254e-05
143 127 -0.0001196968488115826
143 128 -0.00013166653369274059
143 129 -0.00011969684881158265
143 81 -9.7253689659410213e-05
143 156 -0.00033664738728257236
143 346 -0.00029924212202895635
143 347 -0.00029924212202895543
143 348 -0.00029924212202895646
143 136 -0.0003366473872825722
143 155 -0.00078551057032599618
143 349 -0.00044886318304342436
143 350 -0.00035909054643473254
143 351 -0.00044886318304342425
143 137 -0.00078551057032599564
143 154 -0.0015336158753983654
143 352 -0.00044886318304338213
143 353 -0.00011969684881151131
143 354 -0.00044886318304338256
143 138 -0.0015336158753983648
143 87 -7.4810530507287253e-05
143 147 0.0050871160744921642
143 146 0.0069424172310716854
143 145 0.0050871160744921625
143 84 -7.4810530507285965e-05
143 12 -6.7329477456514746e-05
143 34 -9.7253689659410213e-05
143 35 -0.00011071958515071287
143 36 -9.7253689659410227e-05
143 13 -6.7329477456514746e-05
143 61 -0.00026183685677533437
143 157 -0.00033664738728257242
143 158 -0.00037405265253618995
143 159 -0.00033664738728257231
143 58 -0.00026183685677533426
143 62 -0.00067329477456514332
143 160 -0.0007855105703259965
143 161 -0.00085284004778250603
143 162 -0.0007855105703259965
143 59 -0.00067329477456514277
143 63 -0.0014214000796375268
143 163 -0.0015336158753983652
143 164 -0.0016308695650577598
143 165 -0.0015336158753983657
143 60 -0.0014214000796375261
143 15 -0.0013465895491303417
143 39 -7.4810530507285816e-05
143 38 0.00032916633423181132
143 37 -7.481053050728648e-05
143 14 -0.0013465895491303406
142 8 -2.4936843502412828e-05
142 28 -6.0845898145887237e-05
142 29 -9.7253689659410267e-05
142 30 -0.00010972211141061784
142 9 -0.0001471273766642366
142 55 -9.9747374009651082e-05
142 118 -0.00022443159152171459
142 119 -0.00033664738728257204
142 120 -0.00034911580903378272
142 52 -0.00056107897880428937
142 56 -0.00026183685677533443
142 115 -0.00055359792575356091
142 116 -0.00078551057032599607
142 117 -0.00074810530507238542
142 53 -0.0014214000796375274
142 57 -0.00056107897880428969
142 112 -0.0011321326950095331
142 113 -0.0015336158753983657
142 114 -0.0013465895491302773
142 54 -0.0029674843767871157
142 11 -0.00062342108756034708
142 33 -0.00066830740586470982
142 32 -7.4810530507288215e-05
142 31 0.0012967158621254083
142 10 -0.0024438106632365285
142 76 -3.7405265253619293e-05
142 121 -8.1792846687914447e-05
142 122 -0.00011969684881158248
142 123 -0.00011969684881158484
142 79 -0.00020697580107002751
142 150 -0.00013715263926327042
142 328 -0.00024936843502412889
142 329 -0.00029924212202895597
142 330 -0.00019949474801931292
142 130 -0.0006857631963163508
142 149 -0.00033664738728257182
142 331 -0.00050871160744921822
142 332 -0.00044886318304342376
142 333 -7.0784636750729945e-18
142 131 -0.0015336158753983644
142 148 -0.00068576319631635091
142 334 -0.00086780215388394702
142 335 -0.00044886318304338186
142 336 0.00079797899207725452
142 132 -0.0028802054245285957
142 85 -0.00037405265253623109
142 141 0.0014563116605408413
142 140 0.0050871160744921633
142 139 0.0095757479049264922
142 82 0.0012219053316182573
142 77 -4.2891370824149998e-05
142 124 -9.1767584088879291e-05
142 125 -0.00013166653369274065
142 126 -0.00012767663873235711
142 80 -0.00023440632892268094
142 153 -0.00015460842971495894
142 337 -0.00026732296234586517
142 338 -0.0002992421220289551
142 339 -0.0001595957984154529
142 133 -0.00075309267377286142
142 152 -0.00037405265253618957
142 340 -0.00051469644988979407
142 341 -0.00035909054643473216
142 342 0.00023939369762315953
142 134 -0.0016308695650577585
142 151 -0.00075309267377286152
142 343 -0.00081792846687911067
142 344 -0.00011969684881151145
142 345 0.0015161600849467668
142 135 -0.0029674843767869968
142 86 -0.00030921685942995875
142 144 0.0021944422282122581
142 143 0.0069424172310716846
142 142 0.012608068074819909
142 83 0.0024438106632365436
142 78 -3.74052652536193e-05
142 127 -8.1792846687914393e-05
142 128 -0.00011969684881158265
142 129 -0.00011969684881158503
142 81 -0.00020697580107002764
142 156 -0.00013715263926327061
142 346 -0.00024936843502412911
142 347 -0.00029924212202895651
142 348 -0.00019949474801931325
142 136 -0.00068576319631635113
142 155 -0.00033664738728257225
142 349 -0.00050871160744921844
142 350 -0.00044886318304342425
142 351 -7.1433994211099385e-18
142 137 -0.0015336158753983652
142 154 -0.00068576319631635124
142 352 -0.00086780215388394713
142 353 -0.00044886318304338278
142 354 0.00079797899207725397
142 138 -0.0028802054245285966
142 87 -0.00037405265253623109
142 147 0.0014563116605408424
142 146 0.0050871160744921616
142 145 0.0095757479049264869
142 84 0.0012219053316182573
142 12 -2.4936843502412848e-05
142 34 -6.0845898145887277e-05
142 35 -9.7253689659410227e-05
142 36 -0.0001097221114106179
142 13 -0.00014712737666423674
142 61 -9.9747374009651217e-05
142 157 -0.00022443159152171478
142 158 -0.00033664738728257231
142 159 -0.00034911580903378305
142 58 -0.00056107897880428937
142 62 -0.00026183685677533432
142 160 -0.00055359792575356112
142 161 -0.0007855105703259965
142 162 -0.0007481053050723851
142 59 -0.0014214000796375264
142 63 -0.00056107897880428948
142 163 -0.0011321326950095335
142 164 -0.0015336158753983659
142 165 -0.0013465895491302769
142 60 -0.0029674843767871135
142 15 -0.00062342108756034697
142 39 -0.00066830740586470896
142 38 -7.4810530507286616e-05
142 37 0.0012967158621254107
142 14 -0.0024438106632365258
83 8 -5.9848424405790907e-06
83 28 -2.4936843502412831e-05
83 29 -6.7329477456514733e-05
83 30 -0.0001471273766642366
83 9 -0.00019450737931882829
83 55 -2.4936843502412842e-05
83 118 -9.9747374009651068e-05
83 119 -0.00026183685677533437
83 120 -0.00056107897880428937
83 52 -0.00062342108756034741
83 56 -6.7329477456514733e-05
83 115 -0.00026183685677533443
83 116 -0.00067329477456514266
83 117 -0.0014214000796375283
83 53 -0.0013465895491303421
83 57 -0.00014712737666423666
83 112 -0.00056107897880428958
83 113 -0.0014214000796375279
83 114 -0.0029674843767871165
83 54 -0.0024438106632365271
83 11 -0.00019450737931882826
83 33 -0.00062342108756034708
83 32 -0.0013465895491303421
83 31 -0.0024438106632365276
83 10 0.0020946948542025414
83 76 -9.4760005309168738e-06
83 121 -3.7405265253619286e-05
83 122 -9.72536896594102e-05
83 123 -0.00020697580107002753
83 79 -0.0002144568541207635
83 150 -3.74052652536193e-05
83 328 -0.00013715263926327044
83 329 -0.00033664738728257187
83 330 -0.00068576319631635069
83 130 -0.00037405265253623109
83 149 -9.7253689659410213e-05
83 331 -0.00033664738728257182
83 332 -0.00078551057032599553
83 333 -0.0015336158753983648
83 131 -7.4810530507285993e-05
83 148 -0.00020697580107002753
83 334 -0.0006857631963163508
83 335 -0.0015336158753983644
83 336 -0.0028802054245285966
83 132 0.0012219053316182599
83 85 -0.0002144568541207634
83 141 -0.00037405265253623093
83 140 -7.4810530507286142e-05
83 139 0.0012219053316182586
83 82 0.016408443024587809
83 77 -1.0972211141061624e-05
83 124 -4.2891370824149992e-05
83 125 -0.00011071958515071274
83 126 -0.00023440632892268094
83 80 -0.00022941896022221224
83 153 -4.2891370824149992e-05
83 337 -0.00015460842971495894
83 338 -0.00037405265253618962
83 339 -0.00075309267377286142
83 133 -0.00030921685942995837
83 152 -0.00011071958515071278
83 340 -0.00037405265253618962
83 341 -0.00085284004778250495
83 342 -0.0016308695650577587
83 134 0.00032916633423181165
83 151 -0.00023440632892268089
83 343 -0.00075309267377286131
83 344 -0.0016308695650577585
83 345 -0.0029674843767869973
83 135 0.0024438106632365441
83 86 -0.00022941896022221216
83 144 -0.00030921685942995864
83 143 0.00032916633423181143
83 142 0.0024438106632365436
83 83 0.021645180160094629
83 78 -9.4760005309168789e-06
83 127 -3.7405265253619286e-05
83 128 -9.7253689659410213e-05
83 129 -0.00020697580107002767
83 81 -0.00021445685412076356
83 156 -3.74052652536193e-05
83 346 -0.00013715263926327061
83 347 -0.00033664738728257225
83 348 -0.00068576319631635124
83 136 -0.00037405265253623104
83 155 -9.725368965941024e-05
83 349 -0.0003366473872825722
83 350 -0.00078551057032599564
83 351 -0.0015336158753983654
83 137 -7.4810530507285952e-05
83 154 -0.00020697580107002764
83 352 -0.00068576319631635124
83 353 -0.0015336158753983652
83 354 -0.002880205424528597
83 138 0.0012219053316182584
83 87 -0.00021445685412076348
83 147 -0.00037405265253623098
83 146 -7.481053050728602e-05
83 145 0.0012219053316182579
83 84 0.016408443024587795
83 12 -5.9848424405790856e-06
83 34 -2.4936843502412845e-05
83 35 -6.7329477456514733e-05
83 36 -0.00014712737666423674
83 13 -0.00019450737931882821
83 61 -2.4936843502412855e-05
83 157 -9.9747374009651204e-05
83 158 -0.00026183685677533421
83 159 -0.00056107897880428937
83 58 -0.00062342108756034708
83 62 -6.7329477456514814e-05
83 160 -0.00026183685677533421
83 161 -0.0006732947745651431
83 162 -0.0014214000796375264
83 59 -0.0013465895491303408
83 63 -0.00014712737666423676
83 163 -0.00056107897880428937
83 164 -0.0014214000796375261
83 165 -0.0029674843767871131
83 60 -0.0024438106632365241
83 15 -0.00019450737931882815
83 39 -0.00062342108756034676
83 38 -0.0013465895491303408
83 37 -0.0024438106632365241
83 14 0.002094694854202547
78 8 -0.00011637193634471754
78 28 -0.0012219053316182798
78 29 -0.00062342108756034708
78 30 -0.00026599299735908155
78 9 -7.6472986740735787e-05
78 55 -0.0012219053316182807
78 118 -0.0011928123475320835
78 119 -0.00056107897880428937
78 120 -0.00021611931035424523
78 52 -5.4861055705308566e-05
78 56 -0.0006234210875603473
78 115 -0.00056107897880428926
78 116 -0.00026183685677533421
78 117 -9.9747374009651082e-05
78 53 -2.4936843502412825e-05
78 57 -0.00026599299735908155
78 112 -0.0002161193103542452
78 113 -9.9747374009651082e-05
78 114 -3.7405265253619151e-05
78 54 -9.1435092842180102e-06
78 11 -7.6472986740735774e-05
78 33 -5.4861055705308566e-05
78 32 -2.4936843502412831e-05
78 31 -9.1435092842180136e-06
78 10 -2.1611931035424444e-06
78 76 0.0058185968172295736
78 121 -0.00081460355441219693
78 122 -0.00066830740586470961
78 123 -0.0004089642334395961
78 79 -0.00015627088594846153
78 150 -0.00081460355441219932
78 328 -0.002269252758719538
78 329 -0.0011321326950095338
78 330 -0.00047047511407885502
78 130 -0.00013133404244604143
78 149 -0.00066830740586471037
78 331 -0.0011321326950095335
78 332 -0.00055359792575356069
78 333 -0.00022443159152171456
78 131 -6.084589814588723e-05
78 148 -0.00040896423343959605
78 334 -0.00047047511407885507
78 335 -0.00022443159152171456
78 336 -8.8110180375191707e-05
78 132 -2.2941896022219741e-05
78 85 -0.00015627088594846164
78 141 -0.00013133404244604146
78 140 -6.0845898145887243e-05
78 139 -2.2941896022219748e-05
78 82 -5.6523511938802338e-06
78 77 0.016408443024587809
78 124 0.0012219053316182595
78 125 -7.4810530507287361e-05
78 126 -0.00037405265253623136
78 80 -0.00021445685412076359
78 153 0.0012219053316182573
78 337 -0.0028802054245285966
78 338 -0.0015336158753983654
78 339 -0.00068576319631635156
78 133 -0.00020697580107002772
78 152 -7.4810530507287876e-05
78 340 -0.0015336158753983657
78 341 -0.00078551057032599585
78 342 -0.00033664738728257236
78 134 -9.7253689659410227e-05
78 151 -0.00037405265253623158
78 343 -0.00068576319631635135
78 344 -0.00033664738728257225
78 345 -0.00013715263926327052
78 135 -3.74052652536193e-05
78 86 -0.00021445685412076361
78 144 -0.00020697580107002775
78 143 -9.7253689659410254e-05
78 142 -3.74052652536193e-05
78 83 -9.4760005309168789e-06
78 78 0.02839475246808125
78 127 0.0048876213264730127
78 128 0.0012967158621254103
78 129 -3.3249124669937242e-05
78 81 -0.00019284492308534504
78 156 0.0048876213264730144
78 346 -0.0022110667905471753
78 347 -0.0013465895491302762
78 348 -0.00068160705573262227
78 136 -0.00022941896022220175
78 155 0.0012967158621254109
78 349 -0.0013465895491302756
78 350 -0.00074810530507238542
78 351 -0.00034911580903378289
78 137 -0.00010972211141061785
78 154 -3.3249124669937418e-05
78 352 -0.00068160705573262249
78 353 -0.00034911580903378289
78 354 -0.00014962106101447888
78 138 -4.3223862070849414e-05
78 87 -0.00019284492308534515
78 147 -0.00022941896022220197
78 146 -0.00010972211141061793
78 145 -4.3223862070849428e-05
78 84 -1.1304702387760608e-05
78 12 0.0081460355441216742
78 34 -0.0040730177720607798
78 35 -0.0024438106632365241
78 36 -0.0012219053316182785
78 13 -0.00040730177720609467
78 61 -0.0040730177720607816
78 157 -0.0061095266580910908
78 158 -0.0029674843767871135
78 159 -0.001192812347532084
78 58 -0.00032002282494763494
78 62 -0.0024438106632365237
78 160 -0.0029674843767871139
78 161 -0.0014214000796375264
78 162 -0.00056107897880428948
78 59 -0.00014712737666423668
78 63 -0.0012219053316182792
78 163 -0.0011928123475320837
78 164 -0.00056107897880428948
78 165 -0.00021611931035424517
78 60 -5.4861055705308586e-05
78 15 -0.00040730177720609478
78 39 -0.00032002282494763499
78 38 -0.00014712737666423671
78 37 -5.4861055705308593e-05
78 14 -1.3299649867953609e-05
127 8 -0.0012219053316182801
127 28 -3.3249124669938584e-05
127 29 -0.00037405265253623158
127 30 -0.00040896423343959594
127 9 -0.00026599299735908139
127 55 -0.0011928123475320837
127 118 -0.00068160705573262249
127 119 -0.00068576319631635102
127 120 -0.00047047511407885469
127 52 -0.0002161193103542452
127 56 -0.00056107897880428937
127 115 -0.00034911580903378283
127 116 -0.00033664738728257187
127 117 -0.00022443159152171446
127 53 -9.9747374009651082e-05
127 57 -0.0002161193103542452
127 112 -0.00014962106101447877
127 113 -0.00013715263926327047
127 114 -8.8110180375191679e-05
127 54 -3.7405265253619157e-05
127 11 -5.486105570530858e-05
127 33 -4.3223862070849414e-05
127 32 -3.7405265253619293e-05
127 31 -2.2941896022219724e-05
127 10 -9.1435092842180136e-06
127 76 -0.00081460355441219682
127 121 0.0034313096659319225
127 122 0.0014563116605408421
127 123 0.00010639719894357437
127 79 -0.0004089642334395961
127 150 -0.0022692527587195384
127 328 -0.00041228914590655201
127 329 -0.00086780215388394778
127 330 -0.00079797899207720291
127 130 -0.00047047511407885507
127 149 -0.0011321326950095335
127 331 -0.00035909054643475205
127 332 -0.00050871160744921844
127 333 -0.00041494907588014712
127 131 -0.00022443159152171462
127 148 -0.00047047511407885512
127 334 -0.00022609404775521556
127 335 -0.00024936843502412884
127 336 -0.00018087523820416748
127 132 -8.8110180375191693e-05
127 85 -0.00013133404244604146
127 141 -8.7777689128494866e-05
127 140 -8.179284668791442e-05
127 139 -5.3198599471814035e-05
127 82 -2.2941896022219745e-05
127 77 0.0012219053316182608
127 124 0.0095757479049264956
127 125 0.0050871160744921651
127 126 0.0014563116605408428
127 80 -0.00037405265253623136
127 153 -0.0028802054245285983
127 337 0.00079797899207725365
127 338 -0.0004488631830433818
127 339 -0.00086780215388394843
127 133 -0.00068576319631635167
127 152 -0.0015336158753983659
127 340 -8.1799194491939769e-18
127 341 -0.00044886318304342409
127 342 -0.00050871160744921855
127 134 -0.00033664738728257242
127 151 -0.00068576319631635167
127 343 -0.0001994947480193136
127 344 -0.0002992421220289564
127 345 -0.00024936843502412894
127 135 -0.00013715263926327058
127 86 -0.00020697580107002772
127 144 -0.00011969684881158504
127 143 -0.0001196968488115826
127 142 -8.1792846687914393e-05
127 83 -3.7405265253619286e-05
127 78 0.0048876213264730127
127 127 0.016491565836262385
127 128 0.0095757479049264904
127 129 0.0034313096659319229
127 81 -3.3249124669937283e-05
127 156 -0.0022110667905471761
127 346 0.0029259229709498224
127 347 0.00079797899207725571
127 348 -0.00041228914590655088
127 136 -0.00068160705573262249
127 155 -0.0013465895491302758
127 349 0.00079797899207718567
127 350 -7.7643470221873028e-18
127 351 -0.00035909054643475194
127 137 -0.00034911580903378305
127 154 -0.00068160705573262271
127 352 -2.1983639928644918e-17
127 353 -0.00019949474801931341
127 354 -0.00022609404775521562
127 138 -0.00014962106101447893
127 87 -0.00022941896022220191
127 147 -0.00010639719894363485
127 146 -0.00011969684881158504
127 145 -8.7777689128494879e-05
127 84 -4.3223862070849428e-05
127 12 -0.0040730177720607842
127 34 0.0048876213264730057
127 35 0.001221905331618256
127 36 -0.0008146035544121978
127 13 -0.0012219053316182788
127 61 -0.0061095266580910917
127 157 -0.0022110667905471779
127 158 -0.002880205424528597
127 159 -0.0022692527587195384
127 58 -0.0011928123475320846
127 62 -0.0029674843767871139
127 160 -0.0013465895491302775
127 161 -0.001533615875398365
127 162 -0.0011321326950095335
127 59 -0.00056107897880428948
127 63 -0.0011928123475320837
127 163 -0.00068160705573262282
127 164 -0.00068576319631635091
127 165 -0.0004704751140788548
127 60 -0.00021611931035424512
127 15 -0.00032002282494763499
127 39 -0.00022941896022220189
127 38 -0.0002069758010700277
127 37 -0.00013133404244604149
127 14 -5.4861055705308586e-05
128 8 -0.00062342108756034708
128 28 -0.00037405265253623158
128 29 -0.00030921685942995886
128 30 -0.00037405265253623142
128 9 -0.00062342108756034654
128 55 -0.00056107897880428937
128 118 -0.00068576319631635102
128 119 -0.00075309267377286131
128 120 -0.00068576319631635091
128 52 -0.00056107897880428937
128 56 -0.00026183685677533421
128 115 -0.00033664738728257182
128 116 -0.00037405265253618962
128 117 -0.00033664738728257187
128 53 -0.00026183685677533416
128 57 -9.9747374009651082e-05
128 112 -0.00013715263926327047
128 113 -0.00015460842971495886
128 114 -0.0001371526392632705
128 54 -9.9747374009651068e-05
128 11 -2.4936843502412831e-05
128 33 -3.7405265253619293e-05
128 32 -4.2891370824149998e-05
128 31 -3.7405265253619286e-05
128 10 -2.4936843502412825e-05
128 76 -0.00066830740586470939
128 121 0.0014563116605408419
128 122 0.0021944422282122612
128 123 0.0014563116605408413
128 79 -0.00066830740586470928
128 150 -0.0011321326950095335
128 328 -0.00086780215388394778
128 329 -0.00081792846687911121
128 330 -0.00086780215388394832
128 130 -0.0011321326950095331
128 149 -0.00055359792575356069
128 331 -0.00050871160744921855
128 332 -0.00051469644988979451
128 333 -0.00050871160744921876
128 131 -0.0005535979257535608
128 148 -0.00022443159152171459
128 334 -0.00024936843502412884
128 335 -0.00026732296234586528
128 336 -0.00024936843502412884
128 132 -0.00022443159152171454
128 85 -6.084589814588725e-05
128 141 -8.179284668791442e-05
128 140 -9.1767584088879304e-05
128 139 -8.1792846687914406e-05
128 82 -6.0845898145887223e-05
128 77 -7.481053050728705e-05
128 124 0.0050871160744921633
128 125 0.0069424172310716898
128 126 0.0050871160744921625
128 80 -7.4810530507286968e-05
128 153 -0.0015336158753983657
128 337 -0.00044886318304338186
128 338 -0.00011969684881151127
128 339 -0.00044886318304338218
128 133 -0.0015336158753983663
128 152 -0.00078551057032599607
128 340 -0.00044886318304342431
128 341 -0.00035909054643473313
128 342 -0.00044886318304342458
128 134 -0.00078551057032599629
128 151 -0.00033664738728257231
128 343 -0.0002992421220289564
128 344 -0.00029924212202895532
128 345 -0.00029924212202895651
128 135 -0.0003366473872825722
128 86 -9.7253689659410281e-05
128 144 -0.0001196968488115826
128 143 -0.00013166653369274059
128 142 -0.00011969684881158265
128 83 -9.7253689659410213e-05
128 78 0.0012967158621254103
128 127 0.0095757479049264904
128 128 0.012608068074819911
128 129 0.0095757479049264904
128 81 0.0012967158621254107
128 156 -0.0013465895491302771
128 346 0.00079797899207725549
128 347 0.0015161600849467689
128 348 0.00079797899207725441
128 136 -0.0013465895491302764
128 155 -0.00074810530507238553
128 349 -7.6966106623161044e-18
128 350 0.00023939369762315867
128 351 -8.2274758427552893e-18
128 137 -0.00074810530507238553
128 154 -0.00034911580903378283
128 352 -0.0001994947480193133
128 353 -0.00015959579841545325
128 354 -0.00019949474801931352
128 138 -0.00034911580903378289
128 87 -0.00010972211141061793
128 147 -0.00011969684881158498
128 146 -0.00012767663873235741
128 145 -0.00011969684881158503
128 84 -0.00010972211141061786
128 12 -0.002443810663236525
128 34 0.0012219053316182569
128 35 0.002443810663236538
128 36 0.0012219053316182556
128 13 -0.0024438106632365232
128 61 -0.0029674843767871135
128 157 -0.0028802054245285974
128 158 -0.0029674843767869999
128 159 -0.0028802054245285979
128 58 -0.0029674843767871122
128 62 -0.0014214000796375264
128 160 -0.001533615875398365
128 161 -0.0016308695650577602
128 162 -0.001533615875398365
128 59 -0.0014214000796375259
128 63 -0.00056107897880428958
128 163 -0.00068576319631635102
128 164 -0.00075309267377286152
128 165 -0.00068576319631635091
128 60 -0.00056107897880428937
128 15 -0.00014712737666423671
128 39 -0.00020697580107002767
128 38 -0.00023440632892268108
128 37 -0.00020697580107002764
128 14 -0.00014712737666423668
129 8 -0.0002659929973590815
129 28 -0.00040896423343959594
129 29 -0.00037405265253623142
129 30 -3.324912466993813e-05
129 9 -0.001221905331618279
129 55 -0.00021611931035424517
129 118 -0.00047047511407885469
129 119 -0.00068576319631635102
129 120 -0.00068160705573262206
129 52 -0.0011928123475320831
129 56 -9.9747374009651068e-05
129 115 -0.00022443159152171443
129 116 -0.00033664738728257193
129 117 -0.00034911580903378267
129 53 -0.00056107897880428915
129 57 -3.7405265253619164e-05
129 112 -8.8110180375191679e-05
129 113 -0.00013715263926327052
129 114 -0.00014962106101447877
129 54 -0.00021611931035424512
129 11 -9.1435092842180119e-06
129 33 -2.2941896022219724e-05
129 32 -3.7405265253619286e-05
129 31 -4.322386207084938e-05
129 10 -5.4861055705308546e-05
129 76 -0.00040896423343959615
129 121 0.00010639719894357436
129 122 0.0014563116605408415
129 123 0.0034313096659319216
129 79 -0.00081460355441219671
129 150 -0.00047047511407885502
129 328 -0.00079797899207720302
129 329 -0.00086780215388394843
129 330 -0.00041228914590655153
129 130 -0.0022692527587195371
129 149 -0.00022443159152171459
129 331 -0.00041494907588014712
129 332 -0.00050871160744921865
129 333 -0.00035909054643475189
129 131 -0.0011321326950095331
129 148 -8.8110180375191707e-05
129 334 -0.00018087523820416748
129 335 -0.00024936843502412889
129 336 -0.00022609404775521551
129 132 -0.00047047511407885496
129 85 -2.2941896022219748e-05
129 141 -5.3198599471814041e-05
129 140 -8.1792846687914406e-05
129 139 -8.7777689128494852e-05
129 82 -0.00013133404244604138
129 77 -0.00037405265253623136
129 124 0.0014563116605408428
129 125 0.0050871160744921633
129 126 0.0095757479049264939
129 80 0.0012219053316182577
129 153 -0.00068576319631635167
129 337 -0.00086780215388394843
129 338 -0.00044886318304338208
129 339 0.00079797899207725506
129 133 -0.002880205424528597
129 152 -0.00033664738728257231
129 340 -0.00050871160744921855
129 341 -0.00044886318304342458
129 342 -8.2050933402748016e-18
129 134 -0.0015336158753983657
129 151 -0.00013715263926327052
129 343 -0.00024936843502412894
129 344 -0.00029924212202895657
129 345 -0.00019949474801931349
129 135 -0.00068576319631635135
129 86 -3.74052652536193e-05
129 144 -8.1792846687914393e-05
129 143 -0.00011969684881158265
129 142 -0.00011969684881158503
129 83 -0.00020697580107002767
129 78 -3.3249124669937242e-05
129 127 0.0034313096659319229
129 128 0.0095757479049264904
129 129 0.016491565836262378
129 81 0.0048876213264730083
129 156 -0.00068160705573262238
129 346 -0.00041228914590655082
129 347 0.00079797899207725463
129 348 0.0029259229709498224
129 136 -0.0022110667905471757
129 155 -0.00034911580903378289
129 349 -0.00035909054643475184
129 350 -8.4985266960693951e-18
129 351 0.000797978992077186
129 137 -0.0013465895491302767
129 154 -0.00014962106101447891
129 352 -0.00022609404775521562
129 353 -0.0001994947480193136
129 354 -2.1900195049552086e-17
129 138 -0.00068160705573262238
129 87 -4.3223862070849428e-05
129 147 -8.7777689128494879e-05
129 146 -0.00011969684881158503
129 145 -0.00010639719894363479
129 84 -0.00022941896022220172
129 12 -0.0012219053316182788
129 34 -0.00081460355441219812
129 35 0.0012219053316182556
129 36 0.0048876213264730092
129 13 -0.0040730177720607825
129 61 -0.0011928123475320844
129 157 -0.0022692527587195384
129 158 -0.0028802054245285974
129 159 -0.0022110667905471766
129 58 -0.00610952665809109
129 62 -0.00056107897880428958
129 160 -0.0011321326950095335
129 161 -0.001533615875398365
129 162 -0.0013465895491302764
129 59 -0.0029674843767871135
129 63 -0.00021611931035424517
129 163 -0.00047047511407885485
129 164 -0.00068576319631635102
129 165 -0.0006816070557326226
129 60 -0.0011928123475320837
129 15 -5.4861055705308593e-05
129 39 -0.00013133404244604149
129 38 -0.00020697580107002764
129 37 -0.0002294189602222017
129 14 -0.00032002282494763483
81 8 -7.6472986740735787e-05
81 28 -0.00026599299735908139
81 29 -0.00062342108756034654
81 30 -0.0012219053316182794
81 9 -0.00011637193634471815
81 55 -5.4861055705308566e-05
81 118 -0.00021611931035424517
81 119 -0.00056107897880428937
81 120 -0.0011928123475320827
81 52 -0.0012219053316182805
81 56 -2.4936843502412828e-05
81 115 -9.9747374009651095e-05
81 116 -0.00026183685677533416
81 117 -0.00056107897880428915
81 53 -0.00062342108756034719
81 57 -9.1435092842180119e-06
81 112 -3.7405265253619157e-05
81 113 -9.9747374009651068e-05
81 114 -0.00021611931035424512
81 54 -0.00026599299735908155
81 11 -2.1611931035424444e-06
81 33 -9.1435092842180153e-06
81 32 -2.4936843502412825e-05
81 31 -5.4861055705308546e-05
81 10 -7.6472986740735787e-05
81 76 -0.00015627088594846153
81 121 -0.0004089642334395961
81 122 -0.00066830740586470961
81 123 -0.0008146035544121978
81 79 0.0058185968172295701
81 150 -0.00013133404244604143
81 328 -0.00047047511407885502
81 329 -0.0011321326950095333
81 330 -0.0022692527587195367
81 130 -0.00081460355441219888
81 149 -6.0845898145887216e-05
81 331 -0.00022443159152171465
81 332 -0.0005535979257535608
81 333 -0.0011321326950095331
81 131 -0.00066830740586471058
81 148 -2.2941896022219741e-05
81 334 -8.8110180375191693e-05
81 335 -0.00022443159152171454
81 336 -0.00047047511407885496
81 132 -0.00040896423343959626
81 85 -5.6523511938802338e-06
81 141 -2.2941896022219745e-05
81 140 -6.0845898145887223e-05
81 139 -0.00013133404244604138
81 82 -0.00015627088594846159
81 77 -0.00021445685412076364
81 124 -0.00037405265253623142
81 125 -7.4810530507287199e-05
81 126 0.001221905331618256
81 80 0.016408443024587806
81 153 -0.00020697580107002772
81 337 -0.00068576319631635156
81 338 -0.0015336158753983657
81 339 -0.002880205424528597
81 133 0.0012219053316182575
81 152 -9.7253689659410227e-05
81 340 -0.00033664738728257236
81 341 -0.00078551057032599629
81 342 -0.0015336158753983654
81 134 -7.481053050728812e-05
81 151 -3.74052652536193e-05
81 343 -0.00013715263926327055
81 344 -0.00033664738728257225
81 345 -0.00068576319631635113
81 135 -0.00037405265253623169
81 86 -9.4760005309168806e-06
81 144 -3.74052652536193e-05
81 143 -9.7253689659410213e-05
81 142 -0.00020697580107002764
81 83 -0.00021445685412076356
81 78 -0.00019284492308534504
81 127 -3.3249124669937283e-05
81 128 0.0012967158621254107
81 129 0.0048876213264730083
81 81 0.028394752468081253
81 156 -0.00022941896022220175
81 346 -0.00068160705573262238
81 347 -0.0013465895491302771
81 348 -0.002211066790547174
81 136 0.0048876213264730135
81 155 -0.00010972211141061785
81 349 -0.00034911580903378305
81 350 -0.00074810530507238553
81 351 -0.0013465895491302762
81 137 0.0012967158621254103
81 154 -4.3223862070849414e-05
81 352 -0.00014962106101447893
81 353 -0.00034911580903378299
81 354 -0.0006816070557326226
81 138 -3.3249124669937561e-05
81 87 -1.1304702387760608e-05
81 147 -4.3223862070849428e-05
81 146 -0.00010972211141061786
81 145 -0.00022941896022220172
81 84 -0.0001928449230853451
81 12 -0.00040730177720609462
81 34 -0.0012219053316182785
81 35 -0.0024438106632365228
81 36 -0.0040730177720607807
81 13 0.0081460355441216829
81 61 -0.00032002282494763499
81 157 -0.0011928123475320844
81 158 -0.0029674843767871118
81 159 -0.0061095266580910908
81 58 -0.0040730177720607833
81 62 -0.00014712737666423668
81 160 -0.00056107897880428948
81 161 -0.0014214000796375259
81 162 -0.0029674843767871144
81 59 -0.0024438106632365254
81 63 -5.4861055705308586e-05
81 163 -0.00021611931035424512
81 164 -0.00056107897880428937
81 165 -0.0011928123475320837
81 60 -0.0012219053316182792
81 15 -1.3299649867953609e-05
81 39 -5.4861055705308593e-05
81 38 -0.00014712737666423668
81 37 -0.00032002282494763483
81 14 -0.00040730177720609467
156 8 -0.0012219053316182803
156 28 -0.0011928123475320842
156 29 -0.00056107897880428958
156 30 -0.0002161193103542452
156 9 -5.4861055705308566e-05
156 55 -3.3249124669938665e-05
156 118 -0.00068160705573262238
156 119 -0.00034911580903378289
156 120 -0.0001496210610144788
156 52 -4.3223862070849394e-05
156 56 -0.00037405265253623158
156 115 -0.00068576319631635091
156 116 -0.00033664738728257187
156 117 -0.00013715263926327047
156 53 -3.7405265253619286e-05
156 57 -0.00040896423343959588
156 112 -0.00047047511407885469
156 113 -0.00022443159152171443
156 114 -8.8110180375191693e-05
156 54 -2.2941896022219728e-05
156 11 -0.00026599299735908144
156 33 -0.00021611931035424526
156 32 -9.9747374009651123e-05
156 31 -3.7405265253619171e-05
156 10 -9.1435092842180153e-06
156 76 -0.00081460355441219845
156 121 -0.0022692527587195384
156 122 -0.0011321326950095335
156 123 -0.00047047511407885502
156 79 -0.00013133404244604143
156 150 0.0034313096659319225
156 328 -0.00041228914590655147
156 329 -0.00035909054643475184
156 330 -0.00022609404775521559
156 130 -8.7777689128494879e-05
156 149 0.0014563116605408415
156 331 -0.00086780215388394767
156 332 -0.00050871160744921865
156 333 -0.00024936843502412889
156 131 -8.179284668791442e-05
156 148 0.00010639719894357436
156 334 -0.00079797899207720302
156 335 -0.00041494907588014702
156 336 -0.00018087523820416748
156 132 -5.3198599471814035e-05
156 85 -0.00040896423343959599
156 141 -0.00047047511407885496
156 140 -0.00022443159152171459
156 139 -8.811018037519172e-05
156 82 -2.2941896022219738e-05
156 77 0.001221905331618259
156 124 -0.0028802054245285983
156 125 -0.0015336158753983659
156 126 -0.00068576319631635156
156 80 -0.00020697580107002767
156 153 0.0095757479049264939
156 337 0.00079797899207725517
156 338 -7.9805727745420632e-18
156 339 -0.00019949474801931339
156 133 -0.00011969684881158503
156 152 0.0050871160744921651
156 340 -0.0004488631830433818
156 341 -0.00044886318304342436
156 342 -0.00029924212202895624
156 134 -0.00011969684881158257
156 151 0.0014563116605408426
156 343 -0.00086780215388394789
156 344 -0.00050871160744921855
156 345 -0.000249368435024129
156 135 -8.1792846687914393e-05
156 86 -0.00037405265253623131
156 144 -0.00068576319631635135
156 143 -0.00033664738728257236
156 142 -0.00013715263926327061
156 83 -3.74052652536193e-05
156 78 0.0048876213264730144
156 127 -0.0022110667905471761
156 128 -0.0013465895491302771
156 129 -0.00068160705573262238
156 81 -0.00022941896022220175
156 156 0.016491565836262385
156 346 0.0029259229709498232
156 347 0.00079797899207718589
156 348 -2.1791214550645583e-17
156 136 -0.00010639719894363485
156 155 0.0095757479049264974
156 349 0.00079797899207725571
156 350 -7.2131101784432999e-18
156 351 -0.00019949474801931341
156 137 -0.00011969684881158494
156 154 0.0034313096659319233
156 352 -0.00041228914590655142
156 353 -0.00035909054643475205
156 354 -0.00022609404775521562
156 138 -8.7777689128494879e-05
156 87 -3.3249124669937235e-05
156 147 -0.00068160705573262292
156 146 -0.00034911580903378327
156 145 -0.00014962106101447896
156 84 -4.3223862070849441e-05
156 12 -0.0040730177720607859
156 34 -0.0061095266580910917
156 35 -0.0029674843767871131
156 36 -0.001192812347532084
156 13 -0.00032002282494763494
156 61 0.0048876213264730049
156 157 -0.0022110667905471783
156 158 -0.0013465895491302771
156 159 -0.00068160705573262292
156 58 -0.00022941896022220172
156 62 0.0012219053316182577
156 160 -0.0028802054245285966
156 161 -0.0015336158753983644
156 162 -0.00068576319631635069
156 59 -0.00020697580107002767
156 63 -0.00081460355441219823
156 163 -0.0022692527587195393
156 164 -0.0011321326950095333
156 165 -0.0004704751140788548
156 60 -0.00013133404244604149
156 15 -0.0012219053316182792
156 39 -0.0011928123475320848
156 38 -0.00056107897880428969
156 37 -0.00021611931035424517
156 14 -5.48610557053086e-05
346 8 -0.0011928123475320837
346 28 -0.0006816070557326226
346 29 -0.00068576319631635102
346 30 -0.00047047511407885475
346 9 -0.00021611931035424517
346 55 -0.00068160705573262238
346 118 -2.1540796788974409e-17
346 119 -0.00019949474801931276
346 120 -0.00022609404775521532
346 52 -0.0001496210610144788
346 56 -0.00068576319631635102
346 115 -0.0001994947480193129
346 116 -0.00029924212202895581
346 117 -0.00024936843502412857
346 53 -0.00013715263926327047
346 57 -0.00047047511407885475
346 112 -0.00022609404775521543
346 113 -0.00024936843502412867
346 114 -0.00018087523820416756
346 54 -8.811018037519172e-05
346 11 -0.00021611931035424526
346 33 -0.00014962106101447888
346 32 -0.0001371526392632705
346 31 -8.8110180375191693e-05
346 10 -3.7405265253619178e-05
346 76 -0.0022692527587195375
346 121 -0.00041228914590655218
346 122 -0.00086780215388394778
346 123 -0.00079797899207720313
346 79 -0.00047047511407885507
346 150 -0.00041228914590655136
346 328 0.0020215467799288666
346 329 0.0008777768912848938
346 330 8.5117759154880999e-05
346 130 -0.0002260940477552157
346 149 -0.00086780215388394778
346 331 0.00087777689128489369
346 332 0.00017954527321735713
346 333 -0.00019151495809853779
346 131 -0.00024936843502412894
346 148 -0.00079797899207720323
346 334 8.5117759154880755e-05
346 335 -0.00019151495809853779
346 336 -0.00025535327746470978
346 132 -0.00018087523820416746
346 85 -0.00047047511407885496
346 141 -0.00022609404775521562
346 140 -0.00024936843502412894
346 139 -0.00018087523820416746
346 82 -8.8110180375191707e-05
346 77 -0.0028802054245285979
346 124 0.00079797899207725354
346 125 -0.00044886318304338213
346 126 -0.00086780215388394886
346 80 -0.00068576319631635167
346 153 0.00079797899207725452
346 337 0.005585852944540377
346 338 0.0029924212202894775
346 339 0.00087777689128489401
346 133 -0.0001994947480193136
346 152 -0.00044886318304338213
346 340 0.0029924212202894771
346 341 0.0013465895491302634
346 342 0.00017954527321735697
346 134 -0.00029924212202895624
346 151 -0.00086780215388394832
346 343 0.0008777768912848938
346 344 0.00017954527321735686
346 345 -0.00019151495809853781
346 135 -0.000249368435024129
346 86 -0.00068576319631635156
346 144 -0.00019949474801931368
346 143 -0.00029924212202895635
346 142 -0.00024936843502412911
346 83 -0.00013715263926327061
346 78 -0.0022110667905471753
346 127 0.0029259229709498224
346 128 0.00079797899207725549
346 129 -0.00041228914590655082
346 81 -0.00068160705573262238
346 156 0.0029259229709498232
346 346 0.0095757479049264037
346 347 0.0055858529445403761
346 348 0.0020215467799288662
346 136 -2.2019204032479115e-17
346 155 0.00079797899207725549
346 349 0.005585852944540377
346 350 0.0029924212202894779
346 351 0.00087777689128489304
346 137 -0.00019949474801931347
346 154 -0.0004122891459065512
346 352 0.0020215467799288666
346 353 0.00087777689128489315
346 354 8.5117759154880741e-05
346 138 -0.00022609404775521559
346 87 -0.00068160705573262282
346 147 -2.2394588624020607e-17
346 146 -0.0001994947480193136
346 145 -0.00022609404775521575
346 84 -0.00014962106101447893
346 12 -0.0061095266580910917
346 34 -0.0022110667905471766
346 35 -0.0028802054245285961
346 36 -0.002269252758719538
346 13 -0.0011928123475320842
346 61 -0.002211066790547177
346 157 0.002925922970949818
346 158 0.00079797899207725311
346 159 -0.00041228914590655125
346 58 -0.00068160705573262282
346 62 -0.0028802054245285966
346 160 0.00079797899207725365
346 161 -0.00044886318304338137
346 162 -0.00086780215388394702
346 59 -0.00068576319631635069
346 63 -0.0022692527587195388
346 163 -0.00041228914590655147
346 164 -0.00086780215388394723
346 165 -0.00079797899207720258
346 60 -0.00047047511407885475
346 15 -0.0011928123475320848
346 39 -0.00068160705573262336
346 38 -0.00068576319631635113
346 37 -0.00047047511407885496
346 14 -0.00021611931035424517
347 8 -0.00056107897880428948
347 28 -0.00068576319631635091
347 29 -0.00075309267377286131
347 30 -0.00068576319631635091
347 9 -0.00056107897880428937
347 55 -0.00034911580903378278
347 118 -0.00019949474801931282
347 119 -0.00015959579841545268
347 120 -0.00019949474801931298
347 52 -0.00034911580903378278
347 56 -0.00033664738728257187
347 115 -0.00029924212202895581
347 116 -0.00029924212202895494
347 117 -0.00029924212202895581
347 53 -0.00033664738728257193
347 57 -0.00022443159152171446
347 112 -0.00024936843502412867
347 113 -0.00026732296234586539
347 114 -0.00024936843502412867
347 54 -0.0002244315915217144
347 11 -9.9747374009651109e-05
347 33 -0.00013715263926327044
347 32 -0.00015460842971495899
347 31 -0.0001371526392632705
347 10 -9.9747374009651082e-05
347 76 -0.0011321326950095331
347 121 -0.00086780215388394778
347 122 -0.00081792846687911121
347 123 -0.00086780215388394864
347 79 -0.0011321326950095333
347 150 -0.00035909054643475184
347 328 0.0008777768912848938
347 329 0.0013086855470065798
347 330 0.00087777689128489315
347 130 -0.00035909054643475211
347 149 -0.00050871160744921855
347 331 0.00017954527321735716
347 332 0.00040696928595936
347 333 0.00017954527321735692
347 131 -0.00050871160744921876
347 148 -0.00041494907588014696
347 334 -0.00019151495809853776
347 335 -0.00012767663873236121
347 336 -0.00019151495809853789
347 132 -0.00041494907588014707
347 85 -0.00022443159152171462
347 141 -0.00024936843502412894
347 140 -0.00026732296234586512
347 139 -0.00024936843502412889
347 82 -0.00022443159152171456
347 77 -0.0015336158753983659
347 124 -0.00044886318304338224
347 125 -0.00011969684881151152
347 126 -0.00044886318304338229
347 80 -0.0015336158753983663
347 153 -7.9735847529291636e-18
347 337 0.0029924212202894771
347 338 0.0040696928595937007
347 339 0.0029924212202894758
347 133 -8.5417423012701791e-18
347 152 -0.00044886318304342447
347 340 0.0013465895491302634
347 341 0.0019749980053910617
347 342 0.001346589549130263
347 134 -0.00044886318304342452
347 151 -0.00050871160744921855
347 343 0.00017954527321735692
347 344 0.00040696928595935963
347 345 0.00017954527321735678
347 135 -0.00050871160744921844
347 86 -0.00033664738728257247
347 144 -0.00029924212202895635
347 143 -0.00029924212202895543
347 142 -0.00029924212202895651
347 83 -0.00033664738728257225
347 78 -0.0013465895491302762
347 127 0.00079797899207725571
347 128 0.0015161600849467689
347 129 0.00079797899207725463
347 81 -0.0013465895491302771
347 156 0.00079797899207718589
347 346 0.0055858529445403761
347 347 0.0073414067271102158
347 348 0.0055858529445403761
347 136 0.00079797899207718545
347 155 -7.1809030741129352e-18
347 349 0.0029924212202894775
347 350 0.0040696928595936998
347 351 0.0029924212202894775
347 137 -7.3787236199848431e-18
347 154 -0.00035909054643475194
347 352 0.00087777689128489325
347 353 0.00130868554700658
347 354 0.00087777689128489325
347 138 -0.00035909054643475173
347 87 -0.00034911580903378327
347 147 -0.0001994947480193136
347 146 -0.00015959579841545341
347 145 -0.00019949474801931349
347 84 -0.00034911580903378305
347 12 -0.0029674843767871131
347 34 -0.0028802054245285961
347 35 -0.0029674843767869981
347 36 -0.0028802054245285966
347 13 -0.0029674843767871118
347 61 -0.0013465895491302775
347 157 0.00079797899207725278
347 158 0.0015161600849467681
347 159 0.00079797899207725343
347 58 -0.001346589549130276
347 62 -0.0015336158753983646
347 160 -0.00044886318304338159
347 161 -0.00011969684881151119
347 162 -0.00044886318304338142
347 59 -0.0015336158753983637
347 63 -0.0011321326950095338
347 163 -0.00086780215388394734
347 164 -0.00081792846687911034
347 165 -0.00086780215388394767
347 60 -0.0011321326950095327
347 15 -0.0005610789788042898
347 39 -0.00068576319631635124
347 38 -0.00075309267377286174
347 37 -0.00068576319631635102
347 14 -0.00056107897880428937
348 8 -0.0002161193103542452
348 28 -0.00047047511407885475
348 29 -0.00068576319631635091
348 30 -0.00068160705573262227
348 9 -0.0011928123475320831
348 55 -0.0001496210610144788
348 118 -0.00022609404775521534
348 119 -0.00019949474801931303
348 120 -2.1636455476105107e-17
348 52 -0.00068160705573262217
348 56 -0.00013715263926327047
348 115 -0.00024936843502412862
348 116 -0.00029924212202895592
348 117 -0.00019949474801931276
348 53 -0.00068576319631635091
348 57 -8.8110180375191693e-05
348 112 -0.00018087523820416756
348 113 -0.00024936843502412867
348 114 -0.00022609404775521532
348 54 -0.00047047511407885458
348 11 -3.7405265253619171e-05
348 33 -8.8110180375191693e-05
348 32 -0.0001371526392632705
348 31 -0.00014962106101447883
348 10 -0.0002161193103542452
348 76 -0.00047047511407885502
348 121 -0.00079797899207720334
348 122 -0.00086780215388394854
348 123 -0.00041228914590655174
348 79 -0.0022692527587195367
348 150 -0.00022609404775521559
348 328 8.5117759154880972e-05
348 329 0.00087777689128489325
348 330 0.0020215467799288662
348 130 -0.00041228914590655256
348 149 -0.00024936843502412889
348 331 -0.00019151495809853781
348 332 0.00017954527321735692
348 333 0.0008777768912848938
348 131 -0.00086780215388394799
348 148 -0.00018087523820416751
348 334 -0.00025535327746470978
348 335 -0.00019151495809853789
348 336 8.5117759154880985e-05
348 132 -0.00079797899207720302
348 85 -8.8110180375191707e-05
348 141 -0.00018087523820416746
348 140 -0.00024936843502412889
348 139 -0.00022609404775521543
348 82 -0.00047047511407885485
348 77 -0.00068576319631635178
348 124 -0.00086780215388394864
348 125 -0.00044886318304338229
348 126 0.00079797899207725473
348 80 -0.0028802054245285974
348 153 -0.00019949474801931339
348 337 0.00087777689128489423
348 338 0.0029924212202894762
348 339 0.0055858529445403761
348 133 0.00079797899207725235
348 152 -0.00029924212202895624
348 340 0.00017954527321735694
348 341 0.001346589549130263
348 342 0.0029924212202894766
348 134 -0.00044886318304338311
348 151 -0.00024936843502412894
348 343 -0.00019151495809853776
348 344 0.00017954527321735673
348 345 0.00087777689128489423
348 135 -0.00086780215388394789
348 86 -0.00013715263926327061
348 144 -0.00024936843502412911
348 143 -0.00029924212202895646
348 142 -0.00019949474801931325
348 83 -0.00068576319631635124
348 78 -0.00068160705573262227
348 127 -0.00041228914590655088
348 128 0.00079797899207725441
348 129 0.0029259229709498224
348 81 -0.002211066790547174
348 156 -2.1791214550645583e-17
348 346 0.0020215467799288662
348 347 0.0055858529445403761
348 348 0.0095757479049264019
348 136 0.0029259229709498206
348 155 -0.00019949474801931341
348 349 0.00087777689128489315
348 350 0.0029924212202894779
348 351 0.0055858529445403761
348 137 0.00079797899207725322
348 154 -0.00022609404775521567
348 352 8.5117759154880728e-05
348 353 0.00087777689128489293
348 354 0.0020215467799288679
348 138 -0.00041228914590655239
348 87 -0.00014962106101447899
348 147 -0.00022609404775521575
348 146 -0.0001994947480193136
348 145 -2.1786256503642041e-17
348 84 -0.0006816070557326226
348 12 -0.001192812347532084
348 34 -0.0022692527587195375
348 35 -0.0028802054245285966
348 36 -0.0022110667905471757
348 13 -0.00610952665809109
348 61 -0.00068160705573262292
348 157 -0.00041228914590655131
348 158 0.00079797899207725441
348 159 0.0029259229709498197
348 58 -0.0022110667905471761
348 62 -0.00068576319631635069
348 160 -0.00086780215388394702
348 161 -0.00044886318304338175
348 162 0.00079797899207725538
348 59 -0.002880205424528597
348 63 -0.0004704751140788548
348 163 -0.00079797899207720269
348 164 -0.00086780215388394745
348 165 -0.00041228914590655077
348 60 -0.0022692527587195384
348 15 -0.0002161193103542452
348 39 -0.00047047511407885496
348 38 -0.00068576319631635102
348 37 -0.00068160705573262282
348 14 -0.0011928123475320844
136 8 -5.4861055705308566e-05
136 28 -0.0002161193103542452
136 29 -0.00056107897880428948
136 30 -0.0011928123475320831
136 9 -0.0012219053316182803
136 55 -4.3223862070849394e-05
136 118 -0.00014962106101447883
136 119 -0.00034911580903378278
136 120 -0.00068160705573262217
136 52 -3.3249124669938936e-05
136 56 -3.7405265253619286e-05
136 115 -0.00013715263926327042
136 116 -0.00033664738728257193
136 117 -0.00068576319631635102
136 53 -0.00037405265253623164
136 57 -2.2941896022219728e-05
136 112 -8.8110180375191693e-05
136 113 -0.00022443159152171438
136 114 -0.00047047511407885458
136 54 -0.00040896423343959588
136 11 -9.1435092842180153e-06
136 33 -3.7405265253619178e-05
136 32 -9.9747374009651082e-05
136 31 -0.00021611931035424523
136 10 -0.00026599299735908139
136 76 -0.00013133404244604143
136 121 -0.00047047511407885507
136 122 -0.0011321326950095331
136 123 -0.0022692527587195375
136 79 -0.00081460355441219769
136 150 -8.7777689128494879e-05
136 328 -0.00022609404775521572
136 329 -0.00035909054643475222
136 330 -0.00041228914590655266
136 130 0.003431309665931922
136 149 -8.179284668791442e-05
136 331 -0.00024936843502412894
136 332 -0.00050871160744921876
136 333 -0.00086780215388394799
136 131 0.0014563116605408417
136 148 -5.3198599471814041e-05
136 334 -0.00018087523820416748
136 335 -0.00041494907588014702
136 336 -0.00079797899207720291
136 132 0.00010639719894357437
136 85 -2.2941896022219738e-05
136 141 -8.811018037519172e-05
136 140 -0.00022443159152171454
136 139 -0.0004704751140788548
136 82 -0.00040896423343959583
136 77 -0.00020697580107002767
136 124 -0.00068576319631635156
136 125 -0.0015336158753983661
136 126 -0.0028802054245285974
136 80 0.0012219053316182601
136 153 -0.00011969684881158503
136 337 -0.00019949474801931366
136 338 -8.6513271662029843e-18
136 339 0.00079797899207725235
136 133 0.0095757479049264922
136 152 -0.00011969684881158257
136 340 -0.00029924212202895629
136 341 -0.00044886318304342452
136 342 -0.00044886318304338332
136 134 0.0050871160744921659
136 151 -8.1792846687914393e-05
136 343 -0.000249368435024129
136 344 -0.00050871160744921844
136 345 -0.00086780215388394778
136 135 0.0014563116605408426
136 86 -3.74052652536193e-05
136 144 -0.00013715263926327061
136 143 -0.0003366473872825722
136 142 -0.00068576319631635113
136 83 -0.00037405265253623104
136 78 -0.00022941896022220175
136 127 -0.00068160705573262249
136 128 -0.0013465895491302764
136 129 -0.0022110667905471757
136 81 0.0048876213264730135
136 156 -0.00010639719894363485
136 346 -2.2019204032479115e-17
136 347 0.00079797899207718545
136 348 0.0029259229709498206
136 136 0.016491565836262389
136 155 -0.00011969684881158494
136 349 -0.00019949474801931349
136 350 -7.5925998527568602e-18
136 351 0.00079797899207725343
136 137 0.0095757479049264974
136 154 -8.7777689128494879e-05
136 352 -0.00022609404775521559
136 353 -0.00035909054643475173
136 354 -0.00041228914590655239
136 138 0.0034313096659319238
136 87 -4.3223862070849441e-05
136 147 -0.00014962106101447891
136 146 -0.00034911580903378299
136 145 -0.00068160705573262271
136 84 -3.3249124669937547e-05
136 12 -0.00032002282494763494
136 34 -0.001192812347532084
136 35 -0.0029674843767871122
136 36 -0.0061095266580910926
136 13 -0.0040730177720607859
136 61 -0.00022941896022220172
136 157 -0.00068160705573262282
136 158 -0.0013465895491302767
136 159 -0.0022110667905471779
136 58 0.0048876213264730066
136 62 -0.0002069758010700277
136 160 -0.00068576319631635059
136 161 -0.0015336158753983639
136 162 -0.0028802054245285979
136 59 0.0012219053316182575
136 63 -0.00013133404244604149
136 163 -0.00047047511407885475
136 164 -0.0011321326950095331
136 165 -0.0022692527587195393
136 60 -0.00081460355441219726
136 15 -5.48610557053086e-05
136 39 -0.00021611931035424523
136 38 -0.00056107897880428937
136 37 -0.0011928123475320848
136 14 -0.001221905331618279
155 8 -0.00062342108756034719
155 28 -0.00056107897880428926
155 29 -0.00026183685677533426
155 30 -9.9747374009651055e-05
155 9 -2.4936843502412825e-05
155 55 -0.00037405265253623147
155 118 -0.00068576319631635091
155 119 -0.00033664738728257182
155 120 -0.00013715263926327047
155 52 -3.7405265253619286e-05
155 56 -0.00030921685942995891
155 115 -0.00075309267377286131
155 116 -0.00037405265253618957
155 117 -0.00015460842971495888
155 53 -4.2891370824149978e-05
155 57 -0.00037405265253623153
155 112 -0.00068576319631635102
155 113 -0.00033664738728257209
155 114 -0.00013715263926327052
155 54 -3.7405265253619293e-05
155 11 -0.00062342108756034697
155 33 -0.0005610789788042898
155 32 -0.00026183685677533416
155 31 -9.9747374009651082e-05
155 10 -2.4936843502412835e-05
155 76 -0.00066830740586470993
155 121 -0.0011321326950095338
155 122 -0.00055359792575356069
155 123 -0.00022443159152171456
155 79 -6.084589814588723e-05
155 150 0.0014563116605408417
155 328 -0.00086780215388394756
155 329 -0.00050871160744921865
155 330 -0.00024936843502412889
155 130 -8.1792846687914406e-05
155 149 0.0021944422282122603
155 331 -0.0008179284668791111
155 332 -0.00051469644988979418
155 333 -0.00026732296234586517
155 131 -9.1767584088879291e-05
155 148 0.0014563116605408417
155 334 -0.0008678021538839481
155 335 -0.00050871160744921855
155 336 -0.00024936843502412889
155 132 -8.179284668791442e-05
155 85 -0.00066830740586470939
155 141 -0.0011321326950095331
155 140 -0.0005535979257535608
155 139 -0.00022443159152171459
155 82 -6.0845898145887257e-05
155 77 -7.4810530507287239e-05
155 124 -0.0015336158753983657
155 125 -0.00078551057032599607
155 126 -0.00033664738728257231
155 80 -9.7253689659410227e-05
155 153 0.0050871160744921651
155 337 -0.00044886318304338164
155 338 -0.00044886318304342447
155 339 -0.00029924212202895624
155 133 -0.00011969684881158257
155 152 0.0069424172310716898
155 340 -0.00011969684881151087
155 341 -0.00035909054643473265
155 342 -0.00029924212202895516
155 134 -0.00013166653369274062
155 151 0.0050871160744921625
155 343 -0.00044886318304338175
155 344 -0.00044886318304342436
155 345 -0.00029924212202895657
155 135 -0.00011969684881158269
155 86 -7.481053050728667e-05
155 144 -0.0015336158753983654
155 143 -0.00078551057032599618
155 142 -0.00033664738728257225
155 83 -9.725368965941024e-05
155 78 0.0012967158621254109
155 127 -0.0013465895491302758
155 128 -0.00074810530507238553
155 129 -0.00034911580903378289
155 81 -0.00010972211141061785
155 156 0.0095757479049264974
155 346 0.00079797899207725549
155 347 -7.1809030741129352e-18
155 348 -0.00019949474801931341
155 136 -0.00011969684881158494
155 155 0.012608068074819911
155 349 0.0015161600849467691
155 350 0.00023939369762315934
155 351 -0.00015959579841545303
155 137 -0.00012767663873235741
155 154 0.0095757479049264956
155 352 0.00079797899207725495
155 353 -8.4403595654209936e-18
155 354 -0.00019949474801931368
155 138 -0.00011969684881158509
155 87 0.001296715862125412
155 147 -0.0013465895491302775
155 146 -0.00074810530507238586
155 145 -0.00034911580903378327
155 84 -0.00010972211141061801
155 12 -0.0024438106632365267
155 34 -0.0029674843767871148
155 35 -0.0014214000796375264
155 36 -0.00056107897880428937
155 13 -0.00014712737666423666
155 61 0.0012219053316182553
155 157 -0.0028802054245285979
155 158 -0.0015336158753983644
155 159 -0.00068576319631635069
155 58 -0.00020697580107002762
155 62 0.0024438106632365376
155 160 -0.0029674843767869994
155 161 -0.00163086956505776
155 162 -0.00075309267377286152
155 59 -0.00023440632892268102
155 63 0.001221905331618256
155 163 -0.0028802054245285983
155 164 -0.0015336158753983652
155 165 -0.00068576319631635124
155 60 -0.00020697580107002764
155 15 -0.0024438106632365232
155 39 -0.0029674843767871135
155 38 -0.001421400079637527
155 37 -0.00056107897880428948
155 14 -0.00014712737666423674
349 8 -0.00056107897880428926
349 28 -0.00034911580903378283
349 29 -0.00033664738728257182
349 30 -0.00022443159152171438
349 9 -9.9747374009651082e-05
349 55 -0.0006857631963163508
349 118 -0.00019949474801931279
349 119 -0.00029924212202895581
349 120 -0.00024936843502412867
349 52 -0.00013715263926327042
349 56 -0.00075309267377286163
349 115 -0.00015959579841545287
349 116 -0.00029924212202895483
349 117 -0.00026732296234586534
349 53 -0.00015460842971495888
349 57 -0.00068576319631635113
349 112 -0.00019949474801931333
349 113 -0.00029924212202895586
349 114 -0.00024936843502412873
349 54 -0.00013715263926327052
349 11 -0.00056107897880428958
349 33 -0.00034911580903378289
349 32 -0.00033664738728257209
349 31 -0.0002244315915217144
349 10 -9.9747374009651095e-05
349 76 -0.0011321326950095331
349 121 -0.00035909054643475205
349 122 -0.00050871160744921844
349 123 -0.00041494907588014712
349 79 -0.00022443159152171465
349 150 -0.00086780215388394778
349 328 0.00087777689128489369
349 329 0.00017954527321735719
349 330 -0.00019151495809853773
349 130 -0.00024936843502412889
349 149 -0.00081792846687911154
349 331 0.0013086855470065798
349 332 0.00040696928595936011
349 333 -0.00012767663873236115
349 131 -0.00026732296234586512
349 148 -0.00086780215388394832
349 334 0.00087777689128489336
349 335 0.00017954527321735705
349 336 -0.00019151495809853784
349 132 -0.00024936843502412894
349 85 -0.0011321326950095327
349 141 -0.00035909054643475194
349 140 -0.00050871160744921833
349 139 -0.00041494907588014702
349 82 -0.00022443159152171456
349 77 -0.0015336158753983657
349 124 -8.1766379851318363e-18
349 125 -0.0004488631830434242
349 126 -0.00050871160744921855
349 80 -0.00033664738728257242
349 153 -0.00044886318304338186
349 337 0.0029924212202894771
349 338 0.001346589549130263
349 339 0.00017954527321735705
349 133 -0.00029924212202895624
349 152 -0.00011969684881151116
349 340 0.0040696928595936998
349 341 0.0019749980053910621
349 342 0.00040696928595935984
349 134 -0.00029924212202895526
349 151 -0.00044886318304338208
349 343 0.0029924212202894775
349 344 0.0013465895491302634
349 345 0.00017954527321735676
349 135 -0.00029924212202895646
349 86 -0.0015336158753983659
349 144 -8.2025616764619007e-18
349 143 -0.00044886318304342436
349 142 -0.00050871160744921844
349 83 -0.0003366473872825722
349 78 -0.0013465895491302756
349 127 0.00079797899207718567
349 128 -7.6966106623161044e-18
349 129 -0.00035909054643475184
349 81 -0.00034911580903378305
349 156 0.00079797899207725571
349 346 0.005585852944540377
349 347 0.0029924212202894775
349 348 0.00087777689128489315
349 136 -0.00019949474801931349
349 155 0.0015161600849467691
349 349 0.0073414067271102201
349 350 0.0040696928595936998
349 351 0.0013086855470065804
349 137 -0.00015959579841545312
349 154 0.00079797899207725517
349 352 0.0055858529445403753
349 353 0.0029924212202894788
349 354 0.00087777689128489315
349 138 -0.00019949474801931357
349 87 -0.0013465895491302769
349 147 0.00079797899207718556
349 146 -8.185960494378911e-18
349 145 -0.00035909054643475249
349 84 -0.0003491158090337831
349 12 -0.0029674843767871139
349 34 -0.0013465895491302777
349 35 -0.0015336158753983648
349 36 -0.0011321326950095333
349 13 -0.00056107897880428948
349 61 -0.0028802054245285966
349 157 0.00079797899207725365
349 158 -0.00044886318304338132
349 159 -0.00086780215388394702
349 58 -0.00068576319631635069
349 62 -0.0029674843767869986
349 160 0.0015161600849467672
349 161 -0.00011969684881151016
349 162 -0.00081792846687911002
349 59 -0.00075309267377286142
349 63 -0.0028802054245285979
349 163 0.00079797899207725343
349 164 -0.00044886318304338202
349 165 -0.00086780215388394789
349 60 -0.00068576319631635113
349 15 -0.0029674843767871135
349 39 -0.0013465895491302773
349 38 -0.0015336158753983648
349 37 -0.0011321326950095329
349 14 -0.00056107897880428937
350 8 -0.00026183685677533421
350 28 -0.00033664738728257182
350 29 -0.00037405265253618957
350 30 -0.00033664738728257187
350 9 -0.00026183685677533416
350 55 -0.00033664738728257187
350 118 -0.00029924212202895581
350 119 -0.00029924212202895483
350 120 -0.00029924212202895586
350 52 -0.00033664738728257193
350 56 -0.00037405265253618962
350 115 -0.00029924212202895478
350 116 -0.00028727243714779554
350 117 -0.00029924212202895483
350 53 -0.00037405265253618951
350 57 -0.00033664738728257209
350 112 -0.00029924212202895602
350 113 -0.00029924212202895489
350 114 -0.00029924212202895608
350 54 -0.00033664738728257209
350 11 -0.0002618368567753341
350 33 -0.00033664738728257209
350 32 -0.00037405265253618962
350 31 -0.00033664738728257215
350 10 -0.00026183685677533405
350 76 -0.0005535979257535608
350 121 -0.00050871160744921833
350 122 -0.00051469644988979418
350 123 -0.00050871160744921855
350 79 -0.0005535979257535608
350 150 -0.00050871160744921865
350 328 0.00017954527321735722
350 329 0.00040696928595935995
350 330 0.00017954527321735694
350 130 -0.00050871160744921865
350 149 -0.00051469644988979429
350 331 0.00040696928595936006
350 332 0.00071818109286946822
350 333 0.00040696928595935979
350 131 -0.00051469644988979418
350 148 -0.00050871160744921844
350 334 0.000179545273217357
350 335 0.00040696928595935968
350 336 0.00017954527321735673
350 132 -0.00050871160744921833
350 85 -0.0005535979257535608
350 141 -0.00050871160744921844
350 140 -0.00051469644988979418
350 139 -0.00050871160744921855
350 82 -0.00055359792575356058
350 77 -0.00078551057032599607
350 124 -0.0004488631830434242
350 125 -0.00035909054643473303
350 126 -0.00044886318304342458
350 80 -0.00078551057032599629
350 153 -0.00044886318304342436
350 337 0.0013465895491302632
350 338 0.0019749980053910621
350 339 0.001346589549130263
350 133 -0.00044886318304342441
350 152 -0.00035909054643473259
350 340 0.0019749980053910625
350 341 0.0028009062621909644
350 342 0.0019749980053910621
350 134 -0.00035909054643473281
350 151 -0.00044886318304342414
350 343 0.0013465895491302632
350 344 0.0019749980053910621
350 345 0.001346589549130263
350 135 -0.00044886318304342409
350 86 -0.00078551057032599618
350 144 -0.00044886318304342414
350 143 -0.00035909054643473254
350 142 -0.00044886318304342425
350 83 -0.00078551057032599564
350 78 -0.00074810530507238542
350 127 -7.7643470221873028e-18
350 128 0.00023939369762315867
350 129 -8.4985266960693951e-18
350 81 -0.00074810530507238553
350 156 -7.2131101784432999e-18
350 346 0.0029924212202894779
350 347 0.0040696928595936998
350 348 0.0029924212202894779
350 136 -7.5925998527568602e-18
350 155 0.00023939369762315934
350 349 0.0040696928595936998
350 350 0.0054581763058080294
350 351 0.0040696928595936989
350 137 0.00023939369762315883
350 154 -8.5623190733202249e-18
350 352 0.0029924212202894788
350 353 0.0040696928595936989
350 354 0.0029924212202894779
350 138 -7.899164568297588e-18
350 87 -0.00074810530507238575
350 147 -8.1541967588568747e-18
350 146 0.00023939369762315886
350 145 -8.0829707178517712e-18
350 84 -0.0007481053050723851
350 12 -0.0014214000796375264
350 34 -0.0015336158753983648
350 35 -0.00163086956505776
350 36 -0.0015336158753983648
350 13 -0.0014214000796375259
350 61 -0.0015336158753983646
350 157 -0.00044886318304338142
350 158 -0.00011969684881151087
350 159 -0.00044886318304338148
350 58 -0.0015336158753983639
350 62 -0.00163086956505776
350 160 -0.00011969684881151038
350 161 0.0003590905464348421
350 162 -0.00011969684881151026
350 59 -0.0016308695650577591
350 63 -0.0015336158753983652
350 163 -0.00044886318304338224
350 164 -0.0001196968488115107
350 165 -0.00044886318304338218
350 60 -0.0015336158753983644
350 15 -0.0014214000796375268
350 39 -0.0015336158753983644
350 38 -0.0016308695650577593
350 37 -0.0015336158753983646
350 14 -0.0014214000796375259
351 8 -9.9747374009651055e-05
351 28 -0.00022443159152171438
351 29 -0.00033664738728257193
351 30 -0.00034911580903378267
351 9 -0.00056107897880428915
351 55 -0.00013715263926327044
351 118 -0.00024936843502412867
351 119 -0.00029924212202895592
351 120 -0.00019949474801931282
351 52 -0.00068576319631635091
351 56 -0.00015460842971495888
351 115 -0.00026732296234586534
351 116 -0.00029924212202895489
351 117 -0.00015959579841545274
351 53 -0.0007530926737728612
351 57 -0.00013715263926327052
351 112 -0.00024936843502412873
351 113 -0.00029924212202895597
351 114 -0.00019949474801931322
351 54 -0.00068576319631635102
351 11 -9.9747374009651082e-05
351 33 -0.00022443159152171443
351 32 -0.00033664738728257215
351 31 -0.00034911580903378289
351 10 -0.00056107897880428948
351 76 -0.00022443159152171456
351 121 -0.00041494907588014712
351 122 -0.00050871160744921865
351 123 -0.00035909054643475211
351 79 -0.0011321326950095329
351 150 -0.00024936843502412889
351 328 -0.00019151495809853779
351 329 0.00017954527321735697
351 330 0.00087777689128489358
351 130 -0.00086780215388394789
351 149 -0.00026732296234586512
351 331 -0.00012767663873236115
351 332 0.00040696928595935979
351 333 0.0013086855470065802
351 131 -0.00081792846687911164
351 148 -0.00024936843502412889
351 334 -0.00019151495809853781
351 335 0.00017954527321735684
351 336 0.0008777768912848938
351 132 -0.00086780215388394832
351 85 -0.00022443159152171459
351 141 -0.00041494907588014702
351 140 -0.00050871160744921844
351 139 -0.0003590905464347514
351 82 -0.0011321326950095322
351 77 -0.00033664738728257231
351 124 -0.00050871160744921855
351 125 -0.00044886318304342447
351 126 -8.1132035036186852e-18
351 80 -0.0015336158753983657
351 153 -0.00029924212202895624
351 337 0.00017954527321735703
351 338 0.0013465895491302628
351 339 0.0029924212202894766
351 133 -0.00044886318304338311
351 152 -0.00029924212202895521
351 340 0.00040696928595935984
351 341 0.0019749980053910621
351 342 0.0040696928595937007
351 134 -0.00011969684881151242
351 151 -0.00029924212202895662
351 343 0.00017954527321735676
351 344 0.001346589549130263
351 345 0.0029924212202894788
351 135 -0.00044886318304338332
351 86 -0.00033664738728257236
351 144 -0.00050871160744921844
351 143 -0.00044886318304342425
351 142 -7.1433994211099385e-18
351 83 -0.0015336158753983654
351 78 -0.00034911580903378289
351 127 -0.00035909054643475194
351 128 -8.2274758427552893e-18
351 129 0.000797978992077186
351 81 -0.0013465895491302762
351 156 -0.00019949474801931341
351 346 0.00087777689128489304
351 347 0.0029924212202894775
351 348 0.0055858529445403761
351 136 0.00079797899207725343
351 155 -0.00015959579841545303
351 349 0.0013086855470065804
351 350 0.0040696928595936989
351 351 0.0073414067271102192
351 137 0.0015161600849467652
351 154 -0.00019949474801931371
351 352 0.00087777689128489304
351 353 0.0029924212202894784
351 354 0.0055858529445403779
351 138 0.00079797899207725235
351 87 -0.00034911580903378327
351 147 -0.00035909054643475243
351 146 -8.0093317909998504e-18
351 145 0.0007979789920771873
351 84 -0.0013465895491302767
351 12 -0.00056107897880428948
351 34 -0.0011321326950095335
351 35 -0.001533615875398365
351 36 -0.0013465895491302764
351 13 -0.0029674843767871131
351 61 -0.00068576319631635069
351 157 -0.00086780215388394702
351 158 -0.00044886318304338153
351 159 0.00079797899207725495
351 58 -0.002880205424528597
351 62 -0.00075309267377286152
351 160 -0.00081792846687911023
351 161 -0.00011969684881151066
351 162 0.0015161600849467696
351 59 -0.0029674843767869994
351 63 -0.00068576319631635135
351 163 -0.00086780215388394789
351 164 -0.00044886318304338208
351 165 0.00079797899207725528
351 60 -0.0028802054245285983
351 15 -0.00056107897880428948
351 39 -0.0011321326950095331
351 38 -0.001533615875398365
351 37 -0.0013465895491302764
351 14 -0.0029674843767871122
137 8 -2.4936843502412821e-05
137 28 -9.9747374009651095e-05
137 29 -0.00026183685677533421
137 30 -0.00056107897880428915
137 9 -0.00062342108756034697
137 55 -3.7405265253619286e-05
137 118 -0.00013715263926327044
137 119 -0.00033664738728257193
137 120 -0.00068576319631635091
137 52 -0.00037405265253623158
137 56 -4.2891370824149992e-05
137 115 -0.00015460842971495888
137 116 -0.00037405265253618951
137 117 -0.00075309267377286131
137 53 -0.00030921685942995913
137 57 -3.7405265253619286e-05
137 112 -0.00013715263926327052
137 113 -0.00033664738728257209
137 114 -0.00068576319631635102
137 54 -0.00037405265253623174
137 11 -2.4936843502412831e-05
137 33 -9.9747374009651082e-05
137 32 -0.00026183685677533399
137 31 -0.00056107897880428958
137 10 -0.00062342108756034676
137 76 -6.0845898145887216e-05
137 121 -0.00022443159152171462
137 122 -0.00055359792575356091
137 123 -0.0011321326950095331
137 79 -0.00066830740586471015
137 150 -8.179284668791442e-05
137 328 -0.000249368435024129
137 329 -0.00050871160744921876
137 330 -0.0008678021538839481
137 130 0.0014563116605408419
137 149 -9.1767584088879291e-05
137 331 -0.00026732296234586517
137 332 -0.00051469644988979418
137 333 -0.00081792846687911164
137 131 0.0021944422282122603
137 148 -8.179284668791442e-05
137 334 -0.00024936843502412894
137 335 -0.00050871160744921844
137 336 -0.00086780215388394854
137 132 0.0014563116605408417
137 85 -6.084589814588725e-05
137 141 -0.00022443159152171456
137 140 -0.00055359792575356058
137 139 -0.0011321326950095325
137 82 -0.00066830740586470896
137 77 -9.7253689659410227e-05
137 124 -0.00033664738728257242
137 125 -0.00078551057032599607
137 126 -0.0015336158753983659
137 80 -7.4810530507287361e-05
137 153 -0.00011969684881158257
137 337 -0.00029924212202895624
137 338 -0.00044886318304342441
137 339 -0.00044886318304338354
137 133 0.0050871160744921659
137 152 -0.00013166653369274062
137 340 -0.00029924212202895532
137 341 -0.00035909054643473275
137 342 -0.00011969684881151267
137 134 0.0069424172310716906
137 151 -0.00011969684881158269
137 343 -0.00029924212202895651
137 344 -0.00044886318304342409
137 345 -0.00044886318304338332
137 135 0.0050871160744921625
137 86 -9.725368965941024e-05
137 144 -0.0003366473872825722
137 143 -0.00078551057032599564
137 142 -0.0015336158753983652
137 83 -7.4810530507285952e-05
137 78 -0.00010972211141061785
137 127 -0.00034911580903378305
137 128 -0.00074810530507238553
137 129 -0.0013465895491302767
137 81 0.0012967158621254103
137 156 -0.00011969684881158494
137 346 -0.00019949474801931347
137 347 -7.3787236199848431e-18
137 348 0.00079797899207725322
137 136 0.0095757479049264974
137 155 -0.00012767663873235741
137 349 -0.00015959579841545312
137 350 0.00023939369762315883
137 351 0.0015161600849467652
137 137 0.012608068074819911
137 154 -0.00011969684881158509
137 352 -0.00019949474801931357
137 353 -7.8973646232846726e-18
137 354 0.00079797899207725224
137 138 0.0095757479049264956
137 87 -0.00010972211141061801
137 147 -0.0003491158090337831
137 146 -0.0007481053050723851
137 145 -0.0013465895491302764
137 84 0.0012967158621254114
137 12 -0.00014712737666423666
137 34 -0.00056107897880428937
137 35 -0.0014214000796375259
137 36 -0.0029674843767871144
137 13 -0.0024438106632365263
137 61 -0.00020697580107002764
137 157 -0.00068576319631635059
137 158 -0.0015336158753983639
137 159 -0.0028802054245285983
137 58 0.0012219053316182571
137 62 -0.00023440632892268102
137 160 -0.00075309267377286142
137 161 -0.0016308695650577591
137 162 -0.0029674843767870003
137 59 0.0024438106632365436
137 63 -0.00020697580107002767
137 163 -0.00068576319631635145
137 164 -0.0015336158753983652
137 165 -0.0028802054245285992
137 60 0.0012219053316182588
137 15 -0.00014712737666423674
137 39 -0.00056107897880428937
137 38 -0.0014214000796375264
137 37 -0.0029674843767871131
137 14 -0.0024438106632365232
154 8 -0.0002659929973590815
154 28 -0.0002161193103542452
154 29 -9.9747374009651082e-05
154 30 -3.7405265253619157e-05
154 9 -9.1435092842180102e-06
154 55 -0.00040896423343959588
154 118 -0.00047047511407885469
154 119 -0.00022443159152171446
154 120 -8.8110180375191693e-05
154 52 -2.2941896022219728e-05
154 56 -0.00037405265253623158
154 115 -0.00068576319631635102
154 116 -0.00033664738728257209
154 117 -0.00013715263926327052
154 53 -3.7405265253619286e-05
154 57 -3.3249124669938394e-05
154 112 -0.00068160705573262271
154 113 -0.00034911580903378294
154 114 -0.00014962106101447891
154 54 -4.3223862070849407e-05
154 11 -0.0012219053316182803
154 33 -0.0011928123475320835
154 32 -0.00056107897880428958
154 31 -0.00021611931035424517
154 10 -5.4861055705308566e-05
154 76 -0.00040896423343959605
154 121 -0.00047047511407885507
154 122 -0.00022443159152171459
154 123 -8.8110180375191707e-05
154 79 -2.2941896022219741e-05
154 150 0.00010639719894357448
154 328 -0.00079797899207720302
154 329 -0.00041494907588014707
154 330 -0.00018087523820416748
154 130 -5.3198599471814035e-05
154 149 0.0014563116605408417
154 331 -0.0008678021538839481
154 332 -0.00050871160744921855
154 333 -0.00024936843502412889
154 131 -8.179284668791442e-05
154 148 0.0034313096659319229
154 334 -0.00041228914590655125
154 335 -0.00035909054643475167
154 336 -0.00022609404775521548
154 132 -8.7777689128494839e-05
154 85 -0.00081460355441219888
154 141 -0.002269252758719538
154 140 -0.0011321326950095329
154 139 -0.00047047511407885496
154 82 -0.00013133404244604141
154 77 -0.00037405265253623136
154 124 -0.00068576319631635135
154 125 -0.00033664738728257225
154 126 -0.00013715263926327052
154 80 -3.7405265253619293e-05
154 153 0.001456311660540843
154 337 -0.00086780215388394789
154 338 -0.00050871160744921855
154 339 -0.000249368435024129
154 133 -8.1792846687914393e-05
154 152 0.0050871160744921633
154 340 -0.00044886318304338186
154 341 -0.00044886318304342414
154 342 -0.00029924212202895657
154 134 -0.00011969684881158269
154 151 0.0095757479049264904
154 343 0.00079797899207725549
154 344 -8.0604652853462656e-18
154 345 -0.00019949474801931379
154 135 -0.00011969684881158505
154 86 0.0012219053316182571
154 144 -0.0028802054245285983
154 143 -0.0015336158753983654
154 142 -0.00068576319631635124
154 83 -0.00020697580107002764
154 78 -3.3249124669937418e-05
154 127 -0.00068160705573262271
154 128 -0.00034911580903378283
154 129 -0.00014962106101447891
154 81 -4.3223862070849414e-05
154 156 0.0034313096659319233
154 346 -0.0004122891459065512
154 347 -0.00035909054643475194
154 348 -0.00022609404775521567
154 136 -8.7777689128494879e-05
154 155 0.0095757479049264956
154 349 0.00079797899207725517
154 350 -8.5623190733202249e-18
154 351 -0.00019949474801931371
154 137 -0.00011969684881158509
154 154 0.016491565836262396
154 352 0.0029259229709498245
154 353 0.00079797899207718567
154 354 -2.2306034880284131e-17
154 138 -0.00010639719894363489
154 87 0.0048876213264730109
154 147 -0.0022110667905471757
154 146 -0.0013465895491302767
154 145 -0.00068160705573262271
154 84 -0.0002294189602222018
154 12 -0.0012219053316182801
154 34 -0.0011928123475320844
154 35 -0.00056107897880428948
154 36 -0.00021611931035424517
154 13 -5.4861055705308586e-05
154 61 -0.0008146035544121991
154 157 -0.0022692527587195393
154 158 -0.0011321326950095333
154 159 -0.0004704751140788548
154 58 -0.00013133404244604151
154 62 0.0012219053316182556
154 160 -0.0028802054245285974
154 161 -0.0015336158753983652
154 162 -0.00068576319631635135
154 59 -0.00020697580107002764
154 63 0.0048876213264730101
154 163 -0.0022110667905471766
154 164 -0.0013465895491302777
154 165 -0.00068160705573262303
154 60 -0.00022941896022220186
154 15 -0.0040730177720607807
154 39 -0.0061095266580910943
154 38 -0.0029674843767871144
154 37 -0.0011928123475320842
154 14 -0.00032002282494763494
352 8 -0.0002161193103542452
352 28 -0.0001496210610144788
352 29 -0.00013715263926327047
352 30 -8.8110180375191679e-05
352 9 -3.7405265253619164e-05
352 55 -0.0004704751140788548
352 118 -0.00022609404775521548
352 119 -0.00024936843502412873
352 120 -0.00018087523820416756
352 52 -8.8110180375191693e-05
352 56 -0.00068576319631635124
352 115 -0.00019949474801931328
352 116 -0.00029924212202895597
352 117 -0.00024936843502412873
352 53 -0.00013715263926327052
352 57 -0.0006816070557326226
352 112 -2.2081794033154156e-17
352 113 -0.00019949474801931314
352 114 -0.00022609404775521551
352 54 -0.00014962106101447891
352 11 -0.0011928123475320833
352 33 -0.00068160705573262227
352 32 -0.00068576319631635102
352 31 -0.00047047511407885458
352 10 -0.0002161193103542452
352 76 -0.00047047511407885507
352 121 -0.00022609404775521556
352 122 -0.00024936843502412884
352 123 -0.00018087523820416746
352 79 -8.8110180375191693e-05
352 150 -0.00079797899207720334
352 328 8.5117759154880782e-05
352 329 -0.00019151495809853779
352 330 -0.00025535327746470973
352 130 -0.00018087523820416746
352 149 -0.00086780215388394843
352 331 0.00087777689128489336
352 332 0.00017954527321735705
352 333 -0.00019151495809853781
352 131 -0.00024936843502412894
352 148 -0.00041228914590655125
352 334 0.0020215467799288666
352 335 0.00087777689128489358
352 336 8.5117759154880809e-05
352 132 -0.0002260940477552154
352 85 -0.0022692527587195375
352 141 -0.0004122891459065518
352 140 -0.00086780215388394767
352 139 -0.00079797899207720291
352 82 -0.00047047511407885475
352 77 -0.00068576319631635156
352 124 -0.00019949474801931349
352 125 -0.00029924212202895635
352 126 -0.00024936843502412889
352 80 -0.00013715263926327058
352 153 -0.0008678021538839481
352 337 0.0008777768912848938
352 338 0.00017954527321735694
352 339 -0.00019151495809853781
352 133 -0.000249368435024129
352 152 -0.0004488631830433824
352 340 0.0029924212202894779
352 341 0.0013465895491302632
352 342 0.00017954527321735673
352 134 -0.00029924212202895646
352 151 0.00079797899207725517
352 343 0.005585852944540377
352 344 0.0029924212202894784
352 345 0.00087777689128489347
352 135 -0.00019949474801931355
352 86 -0.0028802054245285974
352 144 0.00079797899207725354
352 143 -0.00044886318304338213
352 142 -0.00086780215388394713
352 83 -0.00068576319631635124
352 78 -0.00068160705573262249
352 127 -2.1983639928644918e-17
352 128 -0.0001994947480193133
352 129 -0.00022609404775521562
352 81 -0.00014962106101447893
352 156 -0.00041228914590655142
352 346 0.0020215467799288666
352 347 0.00087777689128489325
352 348 8.5117759154880728e-05
352 136 -0.00022609404775521559
352 155 0.00079797899207725495
352 349 0.0055858529445403753
352 350 0.0029924212202894788
352 351 0.00087777689128489304
352 137 -0.00019949474801931357
352 154 0.0029259229709498245
352 352 0.0095757479049264037
352 353 0.005585852944540377
352 354 0.0020215467799288671
352 138 -2.2042788372651887e-17
352 87 -0.002211066790547174
352 147 0.0029259229709498219
352 146 0.00079797899207725441
352 145 -0.00041228914590655207
352 84 -0.0006816070557326226
352 12 -0.001192812347532084
352 34 -0.00068160705573262292
352 35 -0.00068576319631635091
352 36 -0.0004704751140788548
352 13 -0.00021611931035424512
352 61 -0.0022692527587195393
352 157 -0.00041228914590655169
352 158 -0.00086780215388394713
352 159 -0.00079797899207720269
352 58 -0.00047047511407885475
352 62 -0.0028802054245285987
352 160 0.00079797899207725322
352 161 -0.0004488631830433818
352 162 -0.00086780215388394778
352 59 -0.00068576319631635135
352 63 -0.002211066790547177
352 163 0.0029259229709498184
352 164 0.00079797899207725387
352 165 -0.00041228914590655142
352 60 -0.00068160705573262292
352 15 -0.0061095266580910943
352 39 -0.0022110667905471779
352 38 -0.0028802054245285966
352 37 -0.0022692527587195393
352 14 -0.0011928123475320844
353 8 -9.9747374009651082e-05
353 28 -0.00013715263926327047
353 29 -0.00015460842971495883
353 30 -0.0001371526392632705
353 9 -9.9747374009651068e-05
353 55 -0.00022443159152171446
353 118 -0.00024936843502412873
353 119 -0.00026732296234586534
353 120 -0.00024936843502412867
353 52 -0.0002244315915217144
353 56 -0.00033664738728257209
353 115 -0.00029924212202895592
353 116 -0.00029924212202895494
353 117 -0.00029924212202895602
353 53 -0.00033664738728257209
353 57 -0.00034911580903378299
353 112 -0.0001994947480193132
353 113 -0.00015959579841545287
353 114 -0.00019949474801931328
353 54 -0.00034911580903378299
353 11 -0.00056107897880428937
353 33 -0.00068576319631635102
353 32 -0.00075309267377286131
353 31 -0.00068576319631635102
353 10 -0.00056107897880428948
353 76 -0.00022443159152171456
353 121 -0.00024936843502412884
353 122 -0.00026732296234586528
353 123 -0.00024936843502412884
353 79 -0.00022443159152171456
353 150 -0.00041494907588014696
353 328 -0.00019151495809853776
353 329 -0.00012767663873236121
353 330 -0.00019151495809853784
353 130 -0.00041494907588014702
353 149 -0.00050871160744921855
353 331 0.00017954527321735708
353 332 0.00040696928595935968
353 333 0.00017954527321735681
353 131 -0.00050871160744921844
353 148 -0.00035909054643475194
353 334 0.00087777689128489358
353 335 0.0013086855470065802
353 336 0.00087777689128489315
353 132 -0.00035909054643475162
353 85 -0.0011321326950095329
353 141 -0.00086780215388394767
353 140 -0.00081792846687911089
353 139 -0.00086780215388394799
353 82 -0.0011321326950095322
353 77 -0.00033664738728257225
353 124 -0.00029924212202895629
353 125 -0.00029924212202895526
353 126 -0.00029924212202895646
353 80 -0.0003366473872825722
353 153 -0.00050871160744921855
353 337 0.00017954527321735692
353 338 0.00040696928595935963
353 339 0.00017954527321735681
353 133 -0.00050871160744921833
353 152 -0.00044886318304342414
353 340 0.001346589549130263
353 341 0.0019749980053910621
353 342 0.001346589549130263
353 134 -0.00044886318304342398
353 151 -8.0426775950695125e-18
353 343 0.0029924212202894784
353 344 0.0040696928595936981
353 345 0.0029924212202894788
353 135 -7.5134998795008644e-18
353 86 -0.0015336158753983659
353 144 -0.00044886318304338235
353 143 -0.00011969684881151131
353 142 -0.00044886318304338278
353 83 -0.0015336158753983652
353 78 -0.00034911580903378289
353 127 -0.00019949474801931341
353 128 -0.00015959579841545325
353 129 -0.0001994947480193136
353 81 -0.00034911580903378299
353 156 -0.00035909054643475205
353 346 0.00087777689128489315
353 347 0.00130868554700658
353 348 0.00087777689128489293
353 136 -0.00035909054643475173
353 155 -8.4403595654209936e-18
353 349 0.0029924212202894788
353 350 0.0040696928595936989
353 351 0.0029924212202894784
353 137 -7.8973646232846726e-18
353 154 0.00079797899207718567
353 352 0.005585852944540377
353 353 0.0073414067271102175
353 354 0.005585852944540377
353 138 0.00079797899207718686
353 87 -0.0013465895491302767
353 147 0.0007979789920772543
353 146 0.0015161600849467672
353 145 0.00079797899207725365
353 84 -0.0013465895491302762
353 12 -0.00056107897880428958
353 34 -0.00068576319631635102
353 35 -0.00075309267377286142
353 36 -0.00068576319631635091
353 13 -0.00056107897880428937
353 61 -0.0011321326950095338
353 157 -0.00086780215388394723
353 158 -0.00081792846687911002
353 159 -0.00086780215388394756
353 58 -0.0011321326950095327
353 62 -0.0015336158753983657
353 160 -0.0004488631830433818
353 161 -0.00011969684881151066
353 162 -0.00044886318304338175
353 59 -0.0015336158753983648
353 63 -0.0013465895491302775
353 163 0.0007979789920772543
353 164 0.0015161600849467674
353 165 0.00079797899207725397
353 60 -0.0013465895491302764
353 15 -0.0029674843767871148
353 39 -0.002880205424528597
353 38 -0.0029674843767869977
353 37 -0.0028802054245285974
353 14 -0.0029674843767871131
354 8 -3.7405265253619157e-05
354 28 -8.8110180375191652e-05
354 29 -0.0001371526392632705
354 30 -0.0001496210610144788
354 9 -0.00021611931035424517
354 55 -8.8110180375191693e-05
354 118 -0.00018087523820416756
354 119 -0.00024936843502412867
354 120 -0.00022609404775521532
354 52 -0.00047047511407885464
354 56 -0.00013715263926327052
354 115 -0.00024936843502412867
354 116 -0.00029924212202895608
354 117 -0.00019949474801931314
354 53 -0.00068576319631635102
354 57 -0.00014962106101447891
354 112 -0.00022609404775521551
354 113 -0.00019949474801931328
354 114 -2.191989456263519e-17
354 54 -0.00068160705573262227
354 11 -0.0002161193103542452
354 33 -0.00047047511407885464
354 32 -0.00068576319631635091
354 31 -0.00068160705573262217
354 10 -0.0011928123475320835
354 76 -8.8110180375191707e-05
354 121 -0.00018087523820416746
354 122 -0.00024936843502412878
354 123 -0.00022609404775521551
354 79 -0.00047047511407885496
354 150 -0.00018087523820416751
354 328 -0.00025535327746470973
354 329 -0.00019151495809853789
354 330 8.5117759154880972e-05
354 130 -0.00079797899207720313
354 149 -0.00024936843502412894
354 331 -0.00019151495809853781
354 332 0.00017954527321735676
354 333 0.00087777689128489358
354 131 -0.00086780215388394832
354 148 -0.00022609404775521548
354 334 8.5117759154880796e-05
354 335 0.00087777689128489347
354 336 0.0020215467799288662
354 132 -0.0004122891459065518
354 85 -0.00047047511407885496
354 141 -0.00079797899207720291
354 140 -0.00086780215388394799
354 139 -0.00041228914590655147
354 82 -0.0022692527587195371
354 77 -0.00013715263926327052
354 124 -0.00024936843502412889
354 125 -0.00029924212202895651
354 126 -0.00019949474801931349
354 80 -0.00068576319631635145
354 153 -0.00024936843502412894
354 337 -0.0001915149580985377
354 338 0.00017954527321735673
354 339 0.00087777689128489412
354 133 -0.00086780215388394767
354 152 -0.00029924212202895657
354 340 0.00017954527321735673
354 341 0.001346589549130263
354 342 0.0029924212202894788
354 134 -0.00044886318304338305
354 151 -0.00019949474801931379
354 343 0.00087777689128489336
354 344 0.0029924212202894784
354 345 0.0055858529445403787
354 135 0.00079797899207725322
354 86 -0.00068576319631635124
354 144 -0.00086780215388394713
354 143 -0.00044886318304338256
354 142 0.00079797899207725397
354 83 -0.002880205424528597
354 78 -0.00014962106101447888
354 127 -0.00022609404775521562
354 128 -0.00019949474801931352
354 129 -2.1900195049552086e-17
354 81 -0.0006816070557326226
354 156 -0.00022609404775521562
354 346 8.5117759154880741e-05
354 347 0.00087777689128489325
354 348 0.0020215467799288679
354 136 -0.00041228914590655239
354 155 -0.00019949474801931368
354 349 0.00087777689128489315
354 350 0.0029924212202894779
354 351 0.0055858529445403779
354 137 0.00079797899207725224
354 154 -2.2306034880284131e-17
354 352 0.0020215467799288671
354 353 0.005585852944540377
354 354 0.0095757479049264037
354 138 0.0029259229709498215
354 87 -0.00068160705573262271
354 147 -0.00041228914590655207
354 146 0.00079797899207725387
354 145 0.0029259229709498219
354 84 -0.002211066790547177
354 12 -0.00021611931035424517
354 34 -0.0004704751140788548
354 35 -0.0006857631963163508
354 36 -0.00068160705573262249
354 13 -0.0011928123475320837
354 61 -0.00047047511407885485
354 157 -0.00079797899207720269
354 158 -0.00086780215388394734
354 159 -0.00041228914590655066
354 58 -0.0022692527587195384
354 62 -0.00068576319631635135
354 160 -0.00086780215388394778
354 161 -0.00044886318304338197
354 162 0.00079797899207725528
354 59 -0.0028802054245285992
354 63 -0.00068160705573262314
354 163 -0.00041228914590655163
354 164 0.00079797899207725441
354 165 0.0029259229709498202
354 60 -0.002211066790547177
354 15 -0.0011928123475320842
354 39 -0.0022692527587195393
354 38 -0.0028802054245285974
354 37 -0.0022110667905471766
354 14 -0.0061095266580910926
138 8 -9.1435092842180102e-06
138 28 -3.7405265253619164e-05
138 29 -9.9747374009651068e-05
138 30 -0.00021611931035424512
138 9 -0.00026599299735908155
138 55 -2.2941896022219728e-05
138 118 -8.8110180375191693e-05
138 119 -0.00022443159152171438
138 120 -0.00047047511407885464
138 52 -0.00040896423343959588
138 56 -3.7405265253619293e-05
138 115 -0.00013715263926327047
138 116 -0.00033664738728257209
138 117 -0.00068576319631635102
138 53 -0.00037405265253623153
138 57 -4.3223862070849407e-05
138 112 -0.00014962106101447888
138 113 -0.00034911580903378289
138 114 -0.00068160705573262238
138 54 -3.3249124669938428e-05
138 11 -5.4861055705308566e-05
138 33 -0.0002161193103542452
138 32 -0.00056107897880428948
138 31 -0.0011928123475320833
138 10 -0.0012219053316182798
138 76 -2.2941896022219741e-05
138 121 -8.8110180375191693e-05
138 122 -0.00022443159152171456
138 123 -0.00047047511407885496
138 79 -0.00040896423343959621
138 150 -5.3198599471814048e-05
138 328 -0.00018087523820416748
138 329 -0.00041494907588014702
138 330 -0.00079797899207720291
138 130 0.00010639719894357444
138 149 -8.179284668791442e-05
138 331 -0.00024936843502412894
138 332 -0.00050871160744921844
138 333 -0.00086780215388394854
138 131 0.0014563116605408417
138 148 -8.7777689128494839e-05
138 334 -0.00022609404775521545
138 335 -0.00035909054643475162
138 336 -0.00041228914590655196
138 132 0.0034313096659319212
138 85 -0.00013133404244604141
138 141 -0.0004704751140788548
138 140 -0.0011321326950095318
138 139 -0.0022692527587195362
138 82 -0.00081460355441219769
138 77 -3.7405265253619293e-05
138 124 -0.00013715263926327055
138 125 -0.00033664738728257225
138 126 -0.00068576319631635145
138 80 -0.00037405265253623147
138 153 -8.1792846687914393e-05
138 337 -0.000249368435024129
138 338 -0.00050871160744921844
138 339 -0.00086780215388394799
138 133 0.0014563116605408426
138 152 -0.00011969684881158269
138 340 -0.00029924212202895651
138 341 -0.00044886318304342409
138 342 -0.00044886318304338338
138 134 0.0050871160744921625
138 151 -0.00011969684881158505
138 343 -0.00019949474801931349
138 344 -7.4026973820881612e-18
138 345 0.00079797899207725311
138 135 0.0095757479049264887
138 86 -0.00020697580107002764
138 144 -0.00068576319631635102
138 143 -0.0015336158753983648
138 142 -0.0028802054245285966
138 83 0.0012219053316182584
138 78 -4.3223862070849414e-05
138 127 -0.00014962106101447893
138 128 -0.00034911580903378289
138 129 -0.00068160705573262238
138 81 -3.3249124669937561e-05
138 156 -8.7777689128494879e-05
138 346 -0.00022609404775521559
138 347 -0.00035909054643475173
138 348 -0.00041228914590655239
138 136 0.0034313096659319238
138 155 -0.00011969684881158509
138 349 -0.00019949474801931357
138 350 -7.899164568297588e-18
138 351 0.00079797899207725235
138 137 0.0095757479049264956
138 154 -0.00010639719894363489
138 352 -2.2042788372651887e-17
138 353 0.00079797899207718686
138 354 0.0029259229709498215
138 138 0.016491565836262385
138 87 -0.0002294189602222018
138 147 -0.0006816070557326226
138 146 -0.0013465895491302758
138 145 -0.0022110667905471761
138 84 0.0048876213264730083
138 12 -5.4861055705308586e-05
138 34 -0.00021611931035424509
138 35 -0.00056107897880428926
138 36 -0.001192812347532084
138 13 -0.0012219053316182794
138 61 -0.00013133404244604151
138 157 -0.00047047511407885475
138 158 -0.0011321326950095333
138 159 -0.0022692527587195388
138 58 -0.00081460355441219726
138 62 -0.00020697580107002767
138 160 -0.00068576319631635135
138 161 -0.0015336158753983652
138 162 -0.0028802054245285996
138 59 0.0012219053316182575
138 63 -0.00022941896022220183
138 163 -0.00068160705573262314
138 164 -0.0013465895491302771
138 165 -0.0022110667905471787
138 60 0.0048876213264730109
138 15 -0.00032002282494763488
138 39 -0.0011928123475320842
138 38 -0.0029674843767871135
138 37 -0.0061095266580910943
138 14 -0.0040730177720607816
87 8 -7.647298674073576e-05
87 28 -5.4861055705308566e-05
87 29 -2.4936843502412828e-05
87 30 -9.1435092842180119e-06
87 9 -2.1611931035424444e-06
87 55 -0.00026599299735908139
87 118 -0.00021611931035424526
87 119 -9.974737400965115e-05
87 120 -3.7405265253619171e-05
87 52 -9.1435092842180153e-06
87 56 -0.00062342108756034686
87 115 -0.00056107897880428969
87 116 -0.00026183685677533416
87 117 -9.9747374009651082e-05
87 53 -2.4936843502412835e-05
87 57 -0.0012219053316182794
87 112 -0.0011928123475320837
87 113 -0.00056107897880428958
87 114 -0.0002161193103542452
87 54 -5.4861055705308566e-05
87 11 -0.00011637193634471848
87 33 -0.0012219053316182794
87 32 -0.00062342108756034697
87 31 -0.0002659929973590815
87 10 -7.6472986740735774e-05
87 76 -0.00015627088594846161
87 121 -0.00013133404244604143
87 122 -6.0845898145887237e-05
87 123 -2.2941896022219748e-05
87 79 -5.6523511938802338e-06
87 150 -0.00040896423343959588
87 328 -0.00047047511407885496
87 329 -0.00022443159152171459
87 330 -8.811018037519172e-05
87 130 -2.2941896022219738e-05
87 149 -0.00066830740586470928
87 331 -0.0011321326950095333
87 332 -0.00055359792575356069
87 333 -0.00022443159152171459
87 131 -6.0845898145887257e-05
87 148 -0.00081460355441219823
87 334 -0.002269252758719538
87 335 -0.0011321326950095331
87 336 -0.00047047511407885496
87 132 -0.00013133404244604138
87 85 0.0058185968172295667
87 141 -0.00081460355441219726
87 140 -0.00066830740586470982
87 139 -0.00040896423343959599
87 82 -0.00015627088594846153
87 77 -0.00021445685412076361
87 124 -0.0002069758010700277
87 125 -9.7253689659410254e-05
87 126 -3.7405265253619306e-05
87 80 -9.4760005309168789e-06
87 153 -0.00037405265253623109
87 337 -0.00068576319631635124
87 338 -0.00033664738728257242
87 339 -0.00013715263926327063
87 133 -3.7405265253619306e-05
87 152 -7.4810530507286304e-05
87 340 -0.0015336158753983654
87 341 -0.00078551057032599618
87 342 -0.00033664738728257236
87 134 -9.725368965941024e-05
87 151 0.0012219053316182577
87 343 -0.0028802054245285979
87 344 -0.0015336158753983659
87 345 -0.00068576319631635113
87 135 -0.00020697580107002767
87 86 0.016408443024587802
87 144 0.0012219053316182599
87 143 -7.4810530507287253e-05
87 142 -0.00037405265253623109
87 83 -0.00021445685412076348
87 78 -0.00019284492308534515
87 127 -0.00022941896022220191
87 128 -0.00010972211141061793
87 129 -4.3223862070849428e-05
87 81 -1.1304702387760608e-05
87 156 -3.3249124669937235e-05
87 346 -0.00068160705573262282
87 347 -0.00034911580903378327
87 348 -0.00014962106101447899
87 136 -4.3223862070849441e-05
87 155 0.001296715862125412
87 349 -0.0013465895491302769
87 350 -0.00074810530507238575
87 351 -0.00034911580903378327
87 137 -0.00010972211141061801
87 154 0.0048876213264730109
87 352 -0.002211066790547174
87 353 -0.0013465895491302767
87 354 -0.00068160705573262271
87 138 -0.0002294189602222018
87 87 0.02839475246808126
87 147 0.0048876213264730153
87 146 0.0012967158621254107
87 145 -3.3249124669937208e-05
87 84 -0.00019284492308534488
87 12 -0.00040730177720609489
87 34 -0.0003200228249476351
87 35 -0.00014712737666423671
87 36 -5.4861055705308593e-05
87 13 -1.3299649867953609e-05
87 61 -0.0012219053316182794
87 157 -0.001192812347532085
87 158 -0.00056107897880428969
87 159 -0.00021611931035424517
87 58 -5.4861055705308593e-05
87 62 -0.0024438106632365237
87 160 -0.0029674843767871139
87 161 -0.0014214000796375264
87 162 -0.00056107897880428948
87 59 -0.00014712737666423671
87 63 -0.0040730177720607772
87 163 -0.0061095266580910908
87 164 -0.0029674843767871139
87 165 -0.0011928123475320842
87 60 -0.00032002282494763483
87 15 0.0081460355441216829
87 39 -0.0040730177720607833
87 38 -0.0024438106632365254
87 37 -0.0012219053316182792
87 14 -0.00040730177720609478
147 8 -5.4861055705308573e-05
147 28 -4.3223862070849414e-05
147 29 -3.7405265253619286e-05
147 30 -2.2941896022219724e-05
147 9 -9.1435092842180136e-06
147 55 -0.00021611931035424526
147 118 -0.00014962106101447891
147 119 -0.00013715263926327047
147 120 -8.8110180375191693e-05
147 52 -3.7405265253619178e-05
147 56 -0.00056107897880428969
147 115 -0.00034911580903378289
147 116 -0.00033664738728257209
147 117 -0.0002244315915217144
147 53 -9.9747374009651082e-05
147 57 -0.0011928123475320837
147 112 -0.00068160705573262249
147 113 -0.00068576319631635102
147 114 -0.00047047511407885475
147 54 -0.0002161193103542452
147 11 -0.0012219053316182798
147 33 -3.3249124669938753e-05
147 32 -0.00037405265253623169
147 31 -0.00040896423343959605
147 10 -0.00026599299735908144
147 76 -0.00013133404244604143
147 121 -8.7777689128494866e-05
147 122 -8.1792846687914433e-05
147 123 -5.3198599471814035e-05
147 79 -2.2941896022219745e-05
147 150 -0.00047047511407885502
147 328 -0.00022609404775521567
147 329 -0.000249368435024129
147 330 -0.00018087523820416746
147 130 -8.811018037519172e-05
147 149 -0.0011321326950095331
147 331 -0.00035909054643475189
147 332 -0.00050871160744921833
147 333 -0.00041494907588014702
147 131 -0.00022443159152171459
147 148 -0.0022692527587195384
147 334 -0.00041228914590655201
147 335 -0.00086780215388394778
147 336 -0.00079797899207720291
147 132 -0.0004704751140788548
147 85 -0.00081460355441219769
147 141 0.0034313096659319216
147 140 0.0014563116605408411
147 139 0.00010639719894357394
147 82 -0.00040896423343959583
147 77 -0.00020697580107002772
147 124 -0.00011969684881158501
147 125 -0.0001196968488115826
147 126 -8.1792846687914406e-05
147 80 -3.7405265253619306e-05
147 153 -0.00068576319631635145
147 337 -0.00019949474801931368
147 338 -0.0002992421220289564
147 339 -0.00024936843502412905
147 133 -0.00013715263926327061
147 152 -0.0015336158753983659
147 340 -8.3016314440661517e-18
147 341 -0.00044886318304342436
147 342 -0.00050871160744921855
147 134 -0.00033664738728257225
147 151 -0.0028802054245285983
147 343 0.00079797899207725354
147 344 -0.00044886318304338235
147 345 -0.00086780215388394713
147 135 -0.00068576319631635124
147 86 0.0012219053316182595
147 144 0.0095757479049264904
147 143 0.0050871160744921642
147 142 0.0014563116605408424
147 83 -0.00037405265253623098
147 78 -0.00022941896022220197
147 127 -0.00010639719894363485
147 128 -0.00011969684881158498
147 129 -8.7777689128494879e-05
147 81 -4.3223862070849428e-05
147 156 -0.00068160705573262292
147 346 -2.2394588624020607e-17
147 347 -0.0001994947480193136
147 348 -0.00022609404775521575
147 136 -0.00014962106101447891
147 155 -0.0013465895491302775
147 349 0.00079797899207718556
147 350 -8.1541967588568747e-18
147 351 -0.00035909054643475243
147 137 -0.0003491158090337831
147 154 -0.0022110667905471757
147 352 0.0029259229709498219
147 353 0.0007979789920772543
147 354 -0.00041228914590655207
147 138 -0.0006816070557326226
147 87 0.0048876213264730153
147 147 0.016491565836262392
147 146 0.0095757479049264922
147 145 0.0034313096659319251
147 84 -3.3249124669937127e-05
147 12 -0.0003200228249476351
147 34 -0.00022941896022220191
147 35 -0.0002069758010700277
147 36 -0.00013133404244604149
147 13 -5.4861055705308593e-05
147 61 -0.0011928123475320853
147 157 -0.00068160705573262358
147 158 -0.00068576319631635113
147 159 -0.00047047511407885491
147 58 -0.0002161193103542452
147 62 -0.0029674843767871144
147 160 -0.0013465895491302773
147 161 -0.0015336158753983641
147 162 -0.0011321326950095329
147 59 -0.00056107897880428948
147 63 -0.0061095266580910926
147 163 -0.0022110667905471753
147 164 -0.0028802054245285953
147 165 -0.0022692527587195384
147 60 -0.0011928123475320844
147 15 -0.0040730177720607851
147 39 0.0048876213264730083
147 38 0.0012219053316182564
147 37 -0.00081460355441219758
147 14 -0.0012219053316182794
146 8 -2.4936843502412831e-05
146 28 -3.7405265253619286e-05
146 29 -4.2891370824149985e-05
146 30 -3.7405265253619286e-05
146 9 -2.4936843502412828e-05
146 55 -9.9747374009651136e-05
146 118 -0.00013715263926327047
146 119 -0.00015460842971495902
146 120 -0.0001371526392632705
146 52 -9.9747374009651095e-05
146 56 -0.00026183685677533416
146 115 -0.00033664738728257209
146 116 -0.00037405265253618957
146 117 -0.00033664738728257215
146 53 -0.00026183685677533399
146 57 -0.00056107897880428948
146 112 -0.00068576319631635113
146 113 -0.00075309267377286142
146 114 -0.00068576319631635102
146 54 -0.00056107897880428958
146 11 -0.00062342108756034686
146 33 -0.00037405265253623174
146 32 -0.00030921685942995951
146 31 -0.00037405265253623185
146 10 -0.00062342108756034665
146 76 -6.084589814588725e-05
146 121 -8.179284668791442e-05
146 122 -9.1767584088879291e-05
146 123 -8.1792846687914406e-05
146 79 -6.0845898145887216e-05
146 150 -0.00022443159152171465
146 328 -0.00024936843502412894
146 329 -0.00026732296234586517
146 330 -0.00024936843502412889
146 130 -0.00022443159152171459
146 149 -0.00055359792575356091
146 331 -0.00050871160744921844
146 332 -0.00051469644988979418
146 333 -0.00050871160744921865
146 131 -0.00055359792575356069
146 148 -0.0011321326950095331
146 334 -0.00086780215388394778
146 335 -0.00081792846687911121
146 336 -0.0008678021538839481
146 132 -0.001132132695009532
146 85 -0.00066830740586470972
146 141 0.0014563116605408411
146 140 0.0021944422282122581
146 139 0.0014563116605408406
146 82 -0.00066830740586470907
146 77 -9.7253689659410254e-05
146 124 -0.0001196968488115826
146 125 -0.00013166653369274059
146 126 -0.00011969684881158263
146 80 -9.7253689659410213e-05
146 153 -0.00033664738728257242
146 337 -0.00029924212202895635
146 338 -0.00029924212202895543
146 339 -0.00029924212202895651
146 133 -0.00033664738728257225
146 152 -0.0007855105703259964
146 340 -0.00044886318304342436
146 341 -0.00035909054643473254
146 342 -0.00044886318304342431
146 134 -0.00078551057032599585
146 151 -0.0015336158753983659
146 343 -0.00044886318304338235
146 344 -0.00011969684881151177
146 345 -0.00044886318304338273
146 135 -0.001533615875398365
146 86 -7.4810530507286724e-05
146 144 0.0050871160744921642
146 143 0.0069424172310716854
146 142 0.0050871160744921616
146 83 -7.481053050728602e-05
146 78 -0.00010972211141061793
146 127 -0.00011969684881158504
146 128 -0.00012767663873235741
146 129 -0.00011969684881158503
146 81 -0.00010972211141061786
146 156 -0.00034911580903378327
146 346 -0.0001994947480193136
146 347 -0.00015959579841545341
146 348 -0.0001994947480193136
146 136 -0.00034911580903378299
146 155 -0.00074810530507238586
146 349 -8.185960494378911e-18
146 350 0.00023939369762315886
146 351 -8.0093317909998504e-18
146 137 -0.0007481053050723851
146 154 -0.0013465895491302767
146 352 0.00079797899207725441
146 353 0.0015161600849467672
146 354 0.00079797899207725387
146 138 -0.0013465895491302758
146 87 0.0012967158621254107
146 147 0.0095757479049264922
146 146 0.012608068074819909
146 145 0.0095757479049264939
146 84 0.0012967158621254116
146 12 -0.00014712737666423671
146 34 -0.00020697580107002767
146 35 -0.00023440632892268108
146 36 -0.00020697580107002762
146 13 -0.00014712737666423668
146 61 -0.00056107897880428969
146 157 -0.00068576319631635102
146 158 -0.00075309267377286152
146 159 -0.0006857631963163508
146 58 -0.00056107897880428937
146 62 -0.0014214000796375266
146 160 -0.0015336158753983644
146 161 -0.0016308695650577587
146 162 -0.0015336158753983646
146 59 -0.0014214000796375259
146 63 -0.0029674843767871139
146 163 -0.0028802054245285953
146 164 -0.002967484376786996
146 165 -0.0028802054245285966
146 60 -0.0029674843767871135
146 15 -0.0024438106632365258
146 39 0.0012219053316182556
146 38 0.0024438106632365406
146 37 0.0012219053316182562
146 14 -0.0024438106632365245
145 8 -9.1435092842180119e-06
145 28 -2.2941896022219724e-05
145 29 -3.7405265253619286e-05
145 30 -4.3223862070849394e-05
145 9 -5.4861055705308559e-05
145 55 -3.7405265253619171e-05
145 118 -8.8110180375191693e-05
145 119 -0.0001371526392632705
145 120 -0.00014962106101447885
145 52 -0.00021611931035424517
145 56 -9.9747374009651095e-05
145 115 -0.0002244315915217144
145 116 -0.00033664738728257215
145 117 -0.00034911580903378294
145 53 -0.00056107897880428958
145 57 -0.00021611931035424523
145 112 -0.00047047511407885464
145 113 -0.00068576319631635102
145 114 -0.00068160705573262238
145 54 -0.0011928123475320831
145 11 -0.0002659929973590815
145 33 -0.00040896423343959594
145 32 -0.00037405265253623185
145 31 -3.3249124669938604e-05
145 10 -0.0012219053316182796
145 76 -2.2941896022219748e-05
145 121 -5.3198599471814035e-05
145 122 -8.1792846687914406e-05
145 123 -8.7777689128494852e-05
145 79 -0.00013133404244604138
145 150 -8.811018037519172e-05
145 328 -0.00018087523820416748
145 329 -0.00024936843502412894
145 330 -0.00022609404775521548
145 130 -0.00047047511407885485
145 149 -0.00022443159152171459
145 331 -0.00041494907588014702
145 332 -0.00050871160744921855
145 333 -0.00035909054643475151
145 131 -0.0011321326950095325
145 148 -0.00047047511407885491
145 334 -0.00079797899207720291
145 335 -0.0008678021538839481
145 336 -0.00041228914590655196
145 132 -0.0022692527587195362
145 85 -0.00040896423343959594
145 141 0.00010639719894357399
145 140 0.0014563116605408406
145 139 0.0034313096659319207
145 82 -0.00081460355441219758
145 77 -3.7405265253619306e-05
145 124 -8.1792846687914406e-05
145 125 -0.00011969684881158263
145 126 -0.00011969684881158497
145 80 -0.00020697580107002764
145 153 -0.00013715263926327063
145 337 -0.00024936843502412905
145 338 -0.00029924212202895651
145 339 -0.0001994947480193133
145 133 -0.00068576319631635102
145 152 -0.00033664738728257236
145 340 -0.00050871160744921855
145 341 -0.00044886318304342441
145 342 -7.3980387008782626e-18
145 134 -0.0015336158753983654
145 151 -0.00068576319631635135
145 343 -0.00086780215388394713
145 344 -0.00044886318304338262
145 345 0.00079797899207725332
145 135 -0.0028802054245285966
145 86 -0.00037405265253623093
145 144 0.0014563116605408428
145 143 0.0050871160744921625
145 142 0.0095757479049264869
145 83 0.0012219053316182579
145 78 -4.3223862070849428e-05
145 127 -8.7777689128494879e-05
145 128 -0.00011969684881158503
145 129 -0.00010639719894363479
145 81 -0.00022941896022220172
145 156 -0.00014962106101447896
145 346 -0.00022609404775521575
145 347 -0.00019949474801931349
145 348 -2.1786256503642041e-17
145 136 -0.00068160705573262271
145 155 -0.00034911580903378327
145 349 -0.00035909054643475249
145 350 -8.0829707178517712e-18
145 351 0.0007979789920771873
145 137 -0.0013465895491302764
145 154 -0.00068160705573262271
145 352 -0.00041228914590655207
145 353 0.00079797899207725365
145 354 0.0029259229709498219
145 138 -0.0022110667905471761
145 87 -3.3249124669937208e-05
145 147 0.0034313096659319251
145 146 0.0095757479049264939
145 145 0.016491565836262389
145 84 0.0048876213264730083
145 12 -5.4861055705308593e-05
145 34 -0.00013133404244604149
145 35 -0.00020697580107002762
145 36 -0.00022941896022220167
145 13 -0.00032002282494763483
145 61 -0.00021611931035424523
145 157 -0.00047047511407885491
145 158 -0.0006857631963163508
145 159 -0.00068160705573262282
145 58 -0.0011928123475320846
145 62 -0.00056107897880428958
145 160 -0.0011321326950095329
145 161 -0.0015336158753983646
145 162 -0.0013465895491302764
145 59 -0.0029674843767871126
145 63 -0.0011928123475320842
145 163 -0.0022692527587195384
145 164 -0.002880205424528597
145 165 -0.002211066790547177
145 60 -0.0061095266580910926
145 15 -0.0012219053316182792
145 39 -0.00081460355441219791
145 38 0.0012219053316182558
145 37 0.0048876213264730118
145 14 -0.0040730177720607842
84 8 -2.1611931035424444e-06
84 28 -9.1435092842180136e-06
84 29 -2.4936843502412825e-05
84 30 -5.4861055705308546e-05
84 9 -7.6472986740735774e-05
84 55 -9.1435092842180153e-06
84 118 -3.7405265253619171e-05
84 119 -9.9747374009651068e-05
84 120 -0.0002161193103542452
84 52 -0.00026599299735908144
84 56 -2.4936843502412828e-05
84 115 -9.9747374009651082e-05
84 116 -0.00026183685677533399
84 117 -0.00056107897880428969
84 53 -0.00062342108756034665
84 57 -5.4861055705308559e-05
84 112 -0.0002161193103542452
84 113 -0.00056107897880428958
84 114 -0.0011928123475320833
84 54 -0.0012219053316182794
84 11 -7.6472986740735774e-05
84 33 -0.0002659929973590815
84 32 -0.00062342108756034665
84 31 -0.0012219053316182792
84 10 -0.00011637193634471806
84 76 -5.6523511938802338e-06
84 121 -2.2941896022219745e-05
84 122 -6.0845898145887223e-05
84 123 -0.00013133404244604138
84 79 -0.00015627088594846159
84 150 -2.2941896022219741e-05
84 328 -8.811018037519172e-05
84 329 -0.00022443159152171456
84 330 -0.00047047511407885485
84 130 -0.00040896423343959583
84 149 -6.084589814588725e-05
84 331 -0.00022443159152171459
84 332 -0.00055359792575356069
84 333 -0.0011321326950095329
84 131 -0.00066830740586470896
84 148 -0.00013133404244604138
84 334 -0.0004704751140788548
84 335 -0.0011321326950095327
84 336 -0.0022692527587195367
84 132 -0.00081460355441219747
84 85 -0.00015627088594846153
84 141 -0.00040896423343959583
84 140 -0.00066830740586470907
84 139 -0.00081460355441219769
84 82 0.0058185968172295658
84 77 -9.4760005309168806e-06
84 124 -3.74052652536193e-05
84 125 -9.725368965941024e-05
84 126 -0.00020697580107002767
84 80 -0.00021445685412076356
84 153 -3.7405265253619306e-05
84 337 -0.00013715263926327063
84 338 -0.00033664738728257231
84 339 -0.00068576319631635102
84 133 -0.00037405265253623082
84 152 -9.725368965941024e-05
84 340 -0.00033664738728257225
84 341 -0.00078551057032599575
84 342 -0.0015336158753983652
84 134 -7.4810530507286087e-05
84 151 -0.00020697580107002767
84 343 -0.00068576319631635113
84 344 -0.0015336158753983652
84 345 -0.0028802054245285979
84 135 0.0012219053316182577
84 86 -0.00021445685412076348
84 144 -0.00037405265253623082
84 143 -7.4810530507285965e-05
84 142 0.0012219053316182573
84 83 0.016408443024587795
84 78 -1.1304702387760608e-05
84 127 -4.3223862070849428e-05
84 128 -0.00010972211141061786
84 129 -0.00022941896022220172
84 81 -0.0001928449230853451
84 156 -4.3223862070849441e-05
84 346 -0.00014962106101447893
84 347 -0.00034911580903378305
84 348 -0.0006816070557326226
84 136 -3.3249124669937547e-05
84 155 -0.00010972211141061801
84 349 -0.0003491158090337831
84 350 -0.0007481053050723851
84 351 -0.0013465895491302767
84 137 0.0012967158621254114
84 154 -0.0002294189602222018
84 352 -0.0006816070557326226
84 353 -0.0013465895491302762
84 354 -0.002211066790547177
84 138 0.0048876213264730083
84 87 -0.00019284492308534488
84 147 -3.3249124669937127e-05
84 146 0.0012967158621254116
84 145 0.0048876213264730083
84 84 0.028394752468081257
84 12 -1.3299649867953609e-05
84 34 -5.4861055705308586e-05
84 35 -0.00014712737666423668
84 36 -0.00032002282494763494
84 13 -0.00040730177720609478
84 61 -5.48610557053086e-05
84 157 -0.0002161193103542452
84 158 -0.00056107897880428937
84 159 -0.0011928123475320848
84 58 -0.001221905331618279
84 62 -0.00014712737666423671
84 160 -0.00056107897880428948
84 161 -0.0014214000796375259
84 162 -0.0029674843767871135
84 59 -0.0024438106632365237
84 63 -0.00032002282494763483
84 163 -0.0011928123475320844
84 164 -0.0029674843767871135
84 165 -0.0061095266580910952
84 60 -0.0040730177720607825
84 15 -0.00040730177720609478
84 39 -0.0012219053316182796
84 38 -0.002443810663236525
84 37 -0.0040730177720607833
84 14 0.0081460355441216915
12 8 -0.00034911580903382663
12 28 -0.00040730177720609494
12 29 -0.00019450737931882826
12 30 -7.6472986740735814e-05
12 9 -1.9949474801931033e-05
12 55 -0.00040730177720609505
12 118 -0.00032002282494763483
12 119 -0.00014712737666423671
12 120 -5.4861055705308613e-05
12 52 -1.3299649867953626e-05
12 56 -0.00019450737931882834
12 115 -0.00014712737666423671
12 116 -6.7329477456514773e-05
12 117 -2.4936843502412842e-05
12 53 -5.9848424405790881e-06
12 57 -7.6472986740735814e-05
12 112 -5.48610557053086e-05
12 113 -2.4936843502412838e-05
12 114 -9.1435092842180204e-06
12 54 -2.1611931035424435e-06
12 11 -1.9949474801931033e-05
12 33 -1.3299649867953622e-05
12 32 -5.9848424405790873e-06
12 31 -2.1611931035424444e-06
12 10 -4.9873687004825611e-07
12 76 -0.00011637193634471666
12 121 -0.001221905331618279
12 122 -0.00062342108756034719
12 123 -0.0002659929973590815
12 79 -7.6472986740735814e-05
12 150 -0.0012219053316182798
12 328 -0.0011928123475320855
12 329 -0.00056107897880428937
12 330 -0.00021611931035424534
12 130 -5.4861055705308627e-05
12 149 -0.00062342108756034741
12 331 -0.00056107897880428948
12 332 -0.00026183685677533421
12 333 -9.974737400965115e-05
12 131 -2.4936843502412848e-05
12 148 -0.00026599299735908166
12 334 -0.00021611931035424534
12 335 -9.974737400965115e-05
12 336 -3.7405265253619191e-05
12 132 -9.1435092842180288e-06
12 85 -7.6472986740735855e-05
12 141 -5.4861055705308641e-05
12 140 -2.4936843502412852e-05
12 139 -9.1435092842180271e-06
12 82 -2.1611931035424444e-06
12 77 0.002094694854202547
12 124 -0.0024438106632365232
12 125 -0.0013465895491303406
12 126 -0.00062342108756034686
12 80 -0.00019450737931882818
12 153 -0.0024438106632365241
12 337 -0.0029674843767871139
12 338 -0.0014214000796375264
12 339 -0.00056107897880428926
12 133 -0.00014712737666423676
12 152 -0.0013465895491303421
12 340 -0.0014214000796375268
12 341 -0.00067329477456514266
12 342 -0.00026183685677533432
12 134 -6.7329477456514733e-05
12 151 -0.00062342108756034719
12 343 -0.00056107897880428926
12 344 -0.00026183685677533432
12 345 -9.974737400965115e-05
12 135 -2.4936843502412838e-05
12 86 -0.00019450737931882826
12 144 -0.00014712737666423679
12 143 -6.7329477456514746e-05
12 142 -2.4936843502412848e-05
12 83 -5.9848424405790856e-06
12 78 0.0081460355441216742
12 127 -0.0040730177720607842
12 128 -0.002443810663236525
12 129 -0.0012219053316182788
12 81 -0.00040730177720609462
12 156 -0.0040730177720607859
12 346 -0.0061095266580910917
12 347 -0.0029674843767871131
12 348 -0.001192812347532084
12 136 -0.00032002282494763494
12 155 -0.0024438106632365267
12 349 -0.0029674843767871139
12 350 -0.0014214000796375264
12 351 -0.00056107897880428948
12 137 -0.00014712737666423666
12 154 -0.0012219053316182801
12 352 -0.001192812347532084
12 353 -0.00056107897880428958
12 354 -0.00021611931035424517
12 138 -5.4861055705308586e-05
12 87 -0.00040730177720609489
12 147 -0.0003200228249476351
12 146 -0.00014712737666423671
12 145 -5.4861055705308593e-05
12 84 -1.3299649867953609e-05
12 12 0.048876213264730774
12 34 0.0081460355441216915
12 35 0.0020946948542025453
12 36 -0.00011637193634471617
12 13 -0.00034911580903382636
12 61 0.0081460355441216915
12 157 -0.0040730177720607764
12 158 -0.0024438106632365241
12 159 -0.0012219053316182792
12 58 -0.00040730177720609462
12 62 0.0020946948542025444
12 160 -0.0024438106632365237
12 161 -0.0013465895491303417
12 162 -0.00062342108756034676
12 59 -0.00019450737931882823
12 63 -0.00011637193634471681
12 163 -0.0012219053316182792
12 164 -0.00062342108756034719
12 165 -0.00026599299735908155
12 60 -7.6472986740735774e-05
12 15 -0.00034911580903382669
12 39 -0.00040730177720609483
12 38 -0.00019450737931882829
12 37 -7.6472986740735787e-05
12 14 -1.9949474801931019e-05
34 8 -0.00040730177720609483
34 28 -0.00019284492308534523
34 29 -0.00021445685412076364
34 30 -0.00015627088594846159
34 9 -7.6472986740735801e-05
34 55 -0.00032002282494763488
34 118 -0.00022941896022220189
34 119 -0.00020697580107002764
34 120 -0.00013133404244604143
34 52 -5.48610557053086e-05
34 56 -0.00014712737666423671
34 115 -0.00010972211141061795
34 116 -9.725368965941024e-05
34 117 -6.0845898145887243e-05
34 53 -2.4936843502412838e-05
34 57 -5.48610557053086e-05
34 112 -4.3223862070849428e-05
34 113 -3.7405265253619279e-05
34 114 -2.2941896022219748e-05
34 54 -9.1435092842180187e-06
34 11 -1.3299649867953622e-05
34 33 -1.130470238776061e-05
34 32 -9.4760005309168789e-06
34 31 -5.6523511938802338e-06
34 10 -2.1611931035424435e-06
34 76 -0.0012219053316182785
34 121 -3.3249124669937872e-05
34 122 -0.00037405265253623126
34 123 -0.00040896423343959621
34 79 -0.00026599299735908166
34 150 -0.0011928123475320857
34 328 -0.00068160705573262292
34 329 -0.00068576319631635156
34 330 -0.00047047511407885512
34 130 -0.00021611931035424536
34 149 -0.00056107897880428969
34 331 -0.00034911580903378316
34 332 -0.00033664738728257236
34 333 -0.00022443159152171475
34 131 -9.974737400965115e-05
34 148 -0.00021611931035424539
34 334 -0.00014962106101447893
34 335 -0.00013715263926327058
34 336 -8.8110180375191774e-05
34 132 -3.7405265253619205e-05
34 85 -5.4861055705308641e-05
34 141 -4.3223862070849448e-05
34 140 -3.7405265253619306e-05
34 139 -2.2941896022219768e-05
34 82 -9.1435092842180271e-06
34 77 -0.0024438106632365219
34 124 0.0012967158621254109
34 125 -7.4810530507286616e-05
34 126 -0.00066830740586470917
34 80 -0.00062342108756034686
34 153 -0.0029674843767871152
34 337 -0.0013465895491302769
34 338 -0.0015336158753983648
34 339 -0.001132132695009534
34 133 -0.00056107897880428926
34 152 -0.001421400079637527
34 340 -0.00074810530507238521
34 341 -0.00078551057032599585
34 342 -0.00055359792575356101
34 134 -0.00026183685677533432
34 151 -0.00056107897880428937
34 343 -0.00034911580903378327
34 344 -0.00033664738728257225
34 345 -0.0002244315915217147
34 135 -9.9747374009651163e-05
34 86 -0.00014712737666423679
34 144 -0.00010972211141061799
34 143 -9.7253689659410213e-05
34 142 -6.0845898145887277e-05
34 83 -2.4936843502412845e-05
34 78 -0.0040730177720607798
34 127 0.0048876213264730057
34 128 0.0012219053316182569
34 129 -0.00081460355441219812
34 81 -0.0012219053316182785
34 156 -0.0061095266580910917
34 346 -0.0022110667905471766
34 347 -0.0028802054245285961
34 348 -0.0022692527587195375
34 136 -0.001192812347532084
34 155 -0.0029674843767871148
34 349 -0.0013465895491302777
34 350 -0.0015336158753983648
34 351 -0.0011321326950095335
34 137 -0.00056107897880428937
34 154 -0.0011928123475320844
34 352 -0.00068160705573262292
34 353 -0.00068576319631635102
34 354 -0.0004704751140788548
34 138 -0.00021611931035424509
34 87 -0.0003200228249476351
34 147 -0.00022941896022220191
34 146 -0.00020697580107002767
34 145 -0.00013133404244604149
34 84 -5.4861055705308586e-05
34 12 0.0081460355441216915
34 34 0.02839475246808125
34 35 0.016408443024587792
34 36 0.0058185968172295667
34 13 -0.000116371936344716
34 61 -0.0040730177720607798
34 157 0.0048876213264730109
34 158 0.0012219053316182592
34 159 -0.00081460355441219671
34 58 -0.0012219053316182792
34 62 -0.0024438106632365245
34 160 0.0012967158621254075
34 161 -7.4810530507287294e-05
34 162 -0.00066830740586470972
34 59 -0.00062342108756034676
34 63 -0.0012219053316182792
34 163 -3.3249124669938665e-05
34 164 -0.00037405265253623104
34 165 -0.00040896423343959583
34 60 -0.00026599299735908144
34 15 -0.00040730177720609483
34 39 -0.00019284492308534529
34 38 -0.00021445685412076348
34 37 -0.0001562708859484615
34 14 -7.6472986740735774e-05
35 8 -0.00019450737931882826
35 28 -0.00021445685412076367
35 29 -0.00022941896022221235
35 30 -0.00021445685412076375
35 9 -0.00019450737931882818
35 55 -0.00014712737666423671
35 118 -0.00020697580107002764
35 119 -0.00023440632892268102
35 120 -0.0002069758010700277
35 52 -0.00014712737666423671
35 56 -6.7329477456514773e-05
35 115 -9.7253689659410227e-05
35 116 -0.00011071958515071276
35 117 -9.7253689659410254e-05
35 53 -6.732947745651476e-05
35 57 -2.4936843502412842e-05
35 112 -3.7405265253619279e-05
35 113 -4.2891370824149998e-05
35 114 -3.7405265253619293e-05
35 54 -2.4936843502412842e-05
35 11 -5.9848424405790873e-06
35 33 -9.4760005309168789e-06
35 32 -1.0972211141061623e-05
35 31 -9.4760005309168789e-06
35 10 -5.9848424405790864e-06
35 76 -0.00062342108756034697
35 121 -0.00037405265253623147
35 122 -0.00030921685942995934
35 123 -0.00037405265253623185
35 79 -0.00062342108756034719
35 150 -0.00056107897880428948
35 328 -0.00068576319631635156
35 329 -0.00075309267377286218
35 330 -0.00068576319631635156
35 130 -0.00056107897880428948
35 149 -0.00026183685677533426
35 331 -0.00033664738728257236
35 332 -0.00037405265253619
35 333 -0.00033664738728257242
35 131 -0.00026183685677533426
35 148 -9.9747374009651163e-05
35 334 -0.00013715263926327058
35 335 -0.00015460842971495913
35 336 -0.00013715263926327061
35 132 -9.9747374009651177e-05
35 85 -2.4936843502412852e-05
35 141 -3.7405265253619313e-05
35 140 -4.2891370824150019e-05
35 139 -3.7405265253619306e-05
35 82 -2.4936843502412848e-05
35 77 -0.0013465895491303404
35 124 -7.4810530507286724e-05
35 125 0.00032916633423180964
35 126 -7.4810530507287795e-05
35 80 -0.0013465895491303406
35 153 -0.0014214000796375261
35 337 -0.001533615875398365
35 338 -0.0016308695650577602
35 339 -0.0015336158753983654
35 133 -0.0014214000796375266
35 152 -0.00067329477456514299
35 340 -0.00078551057032599585
35 341 -0.0008528400477825056
35 342 -0.0007855105703259964
35 134 -0.0006732947745651431
35 151 -0.00026183685677533426
35 343 -0.0003366473872825722
35 344 -0.00037405265253618989
35 345 -0.00033664738728257231
35 135 -0.00026183685677533421
35 86 -6.7329477456514746e-05
35 144 -9.7253689659410213e-05
35 143 -0.00011071958515071287
35 142 -9.7253689659410227e-05
35 83 -6.7329477456514733e-05
35 78 -0.0024438106632365241
35 127 0.001221905331618256
35 128 0.002443810663236538
35 129 0.0012219053316182556
35 81 -0.0024438106632365228
35 156 -0.0029674843767871131
35 346 -0.0028802054245285961
35 347 -0.0029674843767869981
35 348 -0.0028802054245285966
35 136 -0.0029674843767871122
35 155 -0.0014214000796375264
35 349 -0.0015336158753983648
35 350 -0.00163086956505776
35 351 -0.001533615875398365
35 137 -0.0014214000796375259
35 154 -0.00056107897880428948
35 352 -0.00068576319631635091
35 353 -0.00075309267377286142
35 354 -0.0006857631963163508
35 138 -0.00056107897880428926
35 87 -0.00014712737666423671
35 147 -0.0002069758010700277
35 146 -0.00023440632892268108
35 145 -0.00020697580107002762
35 84 -0.00014712737666423668
35 12 0.0020946948542025453
35 34 0.016408443024587792
35 35 0.021645180160094604
35 36 0.016408443024587799
35 13 0.0020946948542025479
35 61 -0.0024438106632365245
35 157 0.0012219053316182595
35 158 0.0024438106632365436
35 159 0.0012219053316182579
35 58 -0.0024438106632365241
35 62 -0.0013465895491303419
35 160 -7.4810530507287632e-05
35 161 0.00032916633423180975
35 162 -7.481053050728766e-05
35 59 -0.0013465895491303413
35 63 -0.00062342108756034719
35 163 -0.00037405265253623104
35 164 -0.00030921685942995896
35 165 -0.00037405265253623088
35 60 -0.00062342108756034654
35 15 -0.00019450737931882829
35 39 -0.00021445685412076345
35 38 -0.00022941896022221219
35 37 -0.0002144568541207634
35 14 -0.00019450737931882815
36 8 -7.6472986740735814e-05
36 28 -0.00015627088594846161
36 29 -0.00021445685412076372
36 30 -0.00019284492308534523
36 9 -0.00040730177720609462
36 55 -5.4861055705308607e-05
36 118 -0.00013133404244604143
36 119 -0.0002069758010700277
36 120 -0.00022941896022220186
36 52 -0.00032002282494763477
36 56 -2.4936843502412845e-05
36 115 -6.084589814588725e-05
36 116 -9.7253689659410267e-05
36 117 -0.00010972211141061793
36 53 -0.00014712737666423668
36 57 -9.1435092842180204e-06
36 112 -2.2941896022219752e-05
36 113 -3.7405265253619293e-05
36 114 -4.3223862070849421e-05
36 54 -5.4861055705308593e-05
36 11 -2.1611931035424444e-06
36 33 -5.6523511938802338e-06
36 32 -9.4760005309168789e-06
36 31 -1.1304702387760608e-05
36 10 -1.3299649867953612e-05
36 76 -0.00026599299735908155
36 121 -0.00040896423343959621
36 122 -0.00037405265253623191
36 123 -3.3249124669938394e-05
36 79 -0.0012219053316182785
36 150 -0.00021611931035424534
36 328 -0.00047047511407885512
36 329 -0.00068576319631635167
36 330 -0.00068160705573262314
36 130 -0.0011928123475320855
36 149 -9.9747374009651163e-05
36 331 -0.00022443159152171475
36 332 -0.00033664738728257253
36 333 -0.00034911580903378321
36 131 -0.00056107897880428958
36 148 -3.7405265253619191e-05
36 334 -8.8110180375191774e-05
36 335 -0.00013715263926327061
36 336 -0.00014962106101447891
36 132 -0.00021611931035424531
36 85 -9.1435092842180271e-06
36 141 -2.2941896022219768e-05
36 140 -3.7405265253619306e-05
36 139 -4.3223862070849441e-05
36 82 -5.486105570530862e-05
36 77 -0.00062342108756034686
36 124 -0.0006683074058647095
36 125 -7.4810530507287687e-05
36 126 0.0012967158621254101
36 80 -0.0024438106632365224
36 153 -0.00056107897880428915
36 337 -0.001132132695009534
36 338 -0.0015336158753983654
36 339 -0.0013465895491302771
36 133 -0.0029674843767871144
36 152 -0.00026183685677533426
36 340 -0.00055359792575356112
36 341 -0.0007855105703259964
36 342 -0.00074810530507238542
36 134 -0.001421400079637527
36 151 -9.974737400965115e-05
36 343 -0.0002244315915217147
36 344 -0.00033664738728257236
36 345 -0.00034911580903378316
36 135 -0.00056107897880428937
36 86 -2.4936843502412848e-05
36 144 -6.0845898145887277e-05
36 143 -9.7253689659410227e-05
36 142 -0.0001097221114106179
36 83 -0.00014712737666423674
36 78 -0.0012219053316182785
36 127 -0.0008146035544121978
36 128 0.0012219053316182556
36 129 0.0048876213264730092
36 81 -0.0040730177720607807
36 156 -0.001192812347532084
36 346 -0.002269252758719538
36 347 -0.0028802054245285966
36 348 -0.0022110667905471757
36 136 -0.0061095266580910926
36 155 -0.00056107897880428937
36 349 -0.0011321326950095333
36 350 -0.0015336158753983648
36 351 -0.0013465895491302764
36 137 -0.0029674843767871144
36 154 -0.00021611931035424517
36 352 -0.0004704751140788548
36 353 -0.00068576319631635091
36 354 -0.00068160705573262249
36 138 -0.001192812347532084
36 87 -5.4861055705308593e-05
36 147 -0.00013133404244604149
36 146 -0.00020697580107002762
36 145 -0.00022941896022220167
36 84 -0.00032002282494763494
36 12 -0.00011637193634471617
36 34 0.0058185968172295667
36 35 0.016408443024587799
36 36 0.028394752468081253
36 13 0.0081460355441216881
36 61 -0.0012219053316182794
36 157 -0.00081460355441219693
36 158 0.0012219053316182575
36 159 0.0048876213264730101
36 58 -0.0040730177720607816
36 62 -0.00062342108756034686
36 160 -0.00066830740586470972
36 161 -7.48105305072877e-05
36 162 0.001296715862125409
36 59 -0.0024438106632365245
36 63 -0.00026599299735908155
36 163 -0.00040896423343959583
36 164 -0.00037405265253623088
36 165 -3.3249124669937493e-05
36 60 -0.001221905331618279
36 15 -7.6472986740735787e-05
36 39 -0.0001562708859484615
36 38 -0.00021445685412076345
36 37 -0.00019284492308534504
36 14 -0.00040730177720609462
13 8 -1.9949474801931033e-05
13 28 -7.6472986740735814e-05
13 29 -0.00019450737931882823
13 30 -0.00040730177720609478
13 9 -0.00034911580903382674
13 55 -1.3299649867953626e-05
13 118 -5.4861055705308613e-05
13 119 -0.00014712737666423671
13 120 -0.00032002282494763472
13 52 -0.000407301777206095
13 56 -5.9848424405790881e-06
13 115 -2.4936843502412842e-05
13 116 -6.732947745651476e-05
13 117 -0.00014712737666423671
13 53 -0.0001945073793188284
13 57 -2.1611931035424435e-06
13 112 -9.1435092842180187e-06
13 113 -2.4936843502412842e-05
13 114 -5.4861055705308593e-05
13 54 -7.6472986740735841e-05
13 11 -4.9873687004825611e-07
13 33 -2.1611931035424435e-06
13 32 -5.9848424405790864e-06
13 31 -1.3299649867953614e-05
13 10 -1.994947480193103e-05
13 76 -7.6472986740735828e-05
13 121 -0.00026599299735908166
13 122 -0.00062342108756034719
13 123 -0.0012219053316182796
13 79 -0.00011637193634471681
13 150 -5.4861055705308647e-05
13 328 -0.00021611931035424536
13 329 -0.00056107897880428958
13 330 -0.0011928123475320857
13 130 -0.0012219053316182803
13 149 -2.4936843502412848e-05
13 331 -9.9747374009651136e-05
13 332 -0.00026183685677533426
13 333 -0.00056107897880428958
13 131 -0.00062342108756034741
13 148 -9.1435092842180271e-06
13 334 -3.7405265253619205e-05
13 335 -9.974737400965119e-05
13 336 -0.00021611931035424528
13 132 -0.0002659929973590816
13 85 -2.1611931035424444e-06
13 141 -9.1435092842180271e-06
13 140 -2.4936843502412848e-05
13 139 -5.486105570530862e-05
13 82 -7.6472986740735841e-05
13 77 -0.00019450737931882818
13 124 -0.00062342108756034676
13 125 -0.0013465895491303411
13 126 -0.0024438106632365241
13 80 0.0020946948542025488
13 153 -0.00014712737666423676
13 337 -0.00056107897880428926
13 338 -0.0014214000796375264
13 339 -0.0029674843767871148
13 133 -0.0024438106632365258
13 152 -6.732947745651476e-05
13 340 -0.00026183685677533432
13 341 -0.00067329477456514299
13 342 -0.0014214000796375266
13 134 -0.0013465895491303421
13 151 -2.4936843502412838e-05
13 343 -9.9747374009651163e-05
13 344 -0.00026183685677533426
13 345 -0.00056107897880428915
13 135 -0.00062342108756034697
13 86 -5.9848424405790856e-06
13 144 -2.4936843502412852e-05
13 143 -6.7329477456514746e-05
13 142 -0.00014712737666423674
13 83 -0.00019450737931882821
13 78 -0.00040730177720609467
13 127 -0.0012219053316182788
13 128 -0.0024438106632365232
13 129 -0.0040730177720607825
13 81 0.0081460355441216829
13 156 -0.00032002282494763494
13 346 -0.0011928123475320842
13 347 -0.0029674843767871118
13 348 -0.00610952665809109
13 136 -0.0040730177720607859
13 155 -0.00014712737666423666
13 349 -0.00056107897880428948
13 350 -0.0014214000796375259
13 351 -0.0029674843767871131
13 137 -0.0024438106632365263
13 154 -5.4861055705308586e-05
13 352 -0.00021611931035424512
13 353 -0.00056107897880428937
13 354 -0.0011928123475320837
13 138 -0.0012219053316182794
13 87 -1.3299649867953609e-05
13 147 -5.4861055705308593e-05
13 146 -0.00014712737666423668
13 145 -0.00032002282494763483
13 84 -0.00040730177720609478
13 12 -0.00034911580903382636
13 34 -0.000116371936344716
13 35 0.0020946948542025479
13 36 0.0081460355441216881
13 13 0.048876213264730774
13 61 -0.00040730177720609462
13 157 -0.001221905331618279
13 158 -0.0024438106632365245
13 159 -0.0040730177720607807
13 58 0.0081460355441216898
13 62 -0.00019450737931882826
13 160 -0.00062342108756034676
13 161 -0.0013465895491303413
13 162 -0.0024438106632365245
13 59 0.0020946948542025457
13 63 -7.6472986740735774e-05
13 163 -0.00026599299735908144
13 164 -0.00062342108756034665
13 165 -0.001221905331618279
13 60 -0.00011637193634471674
13 15 -1.9949474801931019e-05
13 39 -7.6472986740735774e-05
13 38 -0.00019450737931882815
13 37 -0.00040730177720609456
13 14 -0.00034911580903382663
61 8 -0.00040730177720609494
61 28 -0.00032002282494763488
61 29 -0.00014712737666423671
61 30 -5.4861055705308613e-05
61 9 -1.3299649867953622e-05
61 55 -0.00019284492308534532
61 118 -0.00022941896022220178
61 119 -0.00010972211141061792
61 120 -4.3223862070849435e-05
61 52 -1.130470238776061e-05
61 56 -0.00021445685412076367
61 115 -0.0002069758010700277
61 116 -9.725368965941024e-05
61 117 -3.7405265253619286e-05
61 53 -9.4760005309168789e-06
61 57 -0.00015627088594846169
61 112 -0.00013133404244604141
61 113 -6.0845898145887257e-05
61 114 -2.2941896022219752e-05
61 54 -5.6523511938802338e-06
61 11 -7.6472986740735855e-05
61 33 -5.48610557053086e-05
61 32 -2.4936843502412845e-05
61 31 -9.1435092842180221e-06
61 10 -2.1611931035424435e-06
61 76 -0.001221905331618279
61 121 -0.0011928123475320859
61 122 -0.00056107897880428958
61 123 -0.00021611931035424531
61 79 -5.4861055705308641e-05
61 150 -3.324912466993834e-05
61 328 -0.00068160705573262303
61 329 -0.00034911580903378299
61 330 -0.00014962106101447888
61 130 -4.3223862070849441e-05
61 149 -0.00037405265253623153
61 331 -0.00068576319631635145
61 332 -0.0003366473872825722
61 333 -0.00013715263926327052
61 131 -3.740526525361932e-05
61 148 -0.00040896423343959632
61 334 -0.00047047511407885518
61 335 -0.00022443159152171475
61 336 -8.8110180375191788e-05
61 132 -2.2941896022219765e-05
61 85 -0.00026599299735908166
61 141 -0.00021611931035424539
61 140 -9.9747374009651204e-05
61 139 -3.7405265253619198e-05
61 82 -9.1435092842180305e-06
61 77 -0.0024438106632365219
61 124 -0.0029674843767871152
61 125 -0.0014214000796375266
61 126 -0.00056107897880428937
61 80 -0.00014712737666423676
61 153 0.0012967158621254096
61 337 -0.0013465895491302767
61 338 -0.00074810530507238521
61 339 -0.0003491158090337831
61 133 -0.00010972211141061792
61 152 -7.4810530507287605e-05
61 340 -0.0015336158753983657
61 341 -0.00078551057032599618
61 342 -0.0003366473872825722
61 134 -9.72536896594102e-05
61 151 -0.00066830740586470972
61 343 -0.0011321326950095342
61 344 -0.00055359792575356112
61 345 -0.00022443159152171473
61 135 -6.084589814588725e-05
61 86 -0.00062342108756034708
61 144 -0.00056107897880428948
61 143 -0.00026183685677533437
61 142 -9.9747374009651217e-05
61 83 -2.4936843502412855e-05
61 78 -0.0040730177720607816
61 127 -0.0061095266580910917
61 128 -0.0029674843767871135
61 129 -0.0011928123475320844
61 81 -0.00032002282494763499
61 156 0.0048876213264730049
61 346 -0.002211066790547177
61 347 -0.0013465895491302775
61 348 -0.00068160705573262292
61 136 -0.00022941896022220172
61 155 0.0012219053316182553
61 349 -0.0028802054245285966
61 350 -0.0015336158753983646
61 351 -0.00068576319631635069
61 137 -0.00020697580107002764
61 154 -0.0008146035544121991
61 352 -0.0022692527587195393
61 353 -0.0011321326950095338
61 354 -0.00047047511407885485
61 138 -0.00013133404244604151
61 87 -0.0012219053316182794
61 147 -0.0011928123475320853
61 146 -0.00056107897880428969
61 145 -0.00021611931035424523
61 84 -5.48610557053086e-05
61 12 0.0081460355441216915
61 34 -0.0040730177720607798
61 35 -0.0024438106632365245
61 36 -0.0012219053316182794
61 13 -0.00040730177720609462
61 61 0.028394752468081257
61 157 0.0048876213264730153
61 158 0.0012967158621254092
61 159 -3.3249124669938204e-05
61 58 -0.0001928449230853451
61 62 0.016408443024587792
61 160 0.0012219053316182623
61 161 -7.4810530507287009e-05
61 162 -0.00037405265253623104
61 59 -0.00021445685412076342
61 63 0.0058185968172295684
61 163 -0.00081460355441219682
61 164 -0.00066830740586470972
61 165 -0.00040896423343959594
61 60 -0.0001562708859484615
61 15 -0.00011637193634471654
61 39 -0.0012219053316182794
61 38 -0.00062342108756034697
61 37 -0.00026599299735908144
61 14 -7.6472986740735774e-05
157 8 -0.00032002282494763483
157 28 -0.00022941896022220186
157 29 -0.00020697580107002767
157 30 -0.00013133404244604143
157 9 -5.4861055705308613e-05
157 55 -0.00022941896022220178
157 118 -0.0001063971989436348
157 119 -0.00011969684881158497
157 120 -8.7777689128494866e-05
157 52 -4.3223862070849435e-05
157 56 -0.00020697580107002767
157 115 -0.00011969684881158498
157 116 -0.00011969684881158257
157 117 -8.1792846687914433e-05
157 53 -3.7405265253619286e-05
157 57 -0.00013133404244604143
157 112 -8.7777689128494893e-05
157 113 -8.179284668791442e-05
157 114 -5.3198599471814048e-05
157 54 -2.2941896022219755e-05
157 11 -5.4861055705308607e-05
157 33 -4.3223862070849435e-05
157 32 -3.7405265253619306e-05
157 31 -2.2941896022219755e-05
157 10 -9.1435092842180221e-06
157 76 -0.0011928123475320857
157 121 -0.00068160705573262314
157 122 -0.00068576319631635167
157 123 -0.00047047511407885512
157 79 -0.00021611931035424534
157 150 -0.00068160705573262303
157 328 -2.2278136551808819e-17
157 329 -0.00019949474801931357
157 330 -0.00022609404775521575
157 130 -0.00014962106101447891
157 149 -0.00068576319631635156
157 331 -0.00019949474801931366
157 332 -0.00029924212202895635
157 333 -0.000249368435024129
157 131 -0.00013715263926327052
157 148 -0.00047047511407885523
157 334 -0.00022609404775521578
157 335 -0.000249368435024129
157 336 -0.00018087523820416751
157 132 -8.8110180375191788e-05
157 85 -0.00021611931035424536
157 141 -0.00014962106101447893
157 140 -0.00013715263926327061
157 139 -8.8110180375191774e-05
157 82 -3.7405265253619191e-05
157 77 -0.0029674843767871148
157 124 -0.0013465895491302775
157 125 -0.0015336158753983652
157 126 -0.0011321326950095338
157 80 -0.00056107897880428926
157 153 -0.0013465895491302775
157 337 0.0007979789920771848
157 338 -8.4479857293420768e-18
157 339 -0.00035909054643475222
157 133 -0.00034911580903378305
157 152 -0.0015336158753983659
157 340 -8.188274953533091e-18
157 341 -0.0004488631830434242
157 342 -0.00050871160744921844
157 134 -0.0003366473872825722
157 151 -0.0011321326950095342
157 343 -0.00035909054643475222
157 344 -0.00050871160744921844
157 345 -0.00041494907588014723
157 135 -0.00022443159152171473
157 86 -0.00056107897880428948
157 144 -0.00034911580903378332
157 143 -0.00033664738728257242
157 142 -0.00022443159152171478
157 83 -9.9747374009651204e-05
157 78 -0.0061095266580910908
157 127 -0.0022110667905471779
157 128 -0.0028802054245285974
157 129 -0.0022692527587195384
157 81 -0.0011928123475320844
157 156 -0.0022110667905471783
157 346 0.002925922970949818
157 347 0.00079797899207725278
157 348 -0.00041228914590655131
157 136 -0.00068160705573262282
157 155 -0.0028802054245285979
157 349 0.00079797899207725365
157 350 -0.00044886318304338142
157 351 -0.00086780215388394702
157 137 -0.00068576319631635059
157 154 -0.0022692527587195393
157 352 -0.00041228914590655169
157 353 -0.00086780215388394723
157 354 -0.00079797899207720269
157 138 -0.00047047511407885475
157 87 -0.001192812347532085
157 147 -0.00068160705573262358
157 146 -0.00068576319631635102
157 145 -0.00047047511407885491
157 84 -0.0002161193103542452
157 12 -0.0040730177720607764
157 34 0.0048876213264730109
157 35 0.0012219053316182595
157 36 -0.00081460355441219693
157 13 -0.001221905331618279
157 61 0.0048876213264730153
157 157 0.016491565836262392
157 158 0.0095757479049264887
157 159 0.0034313096659319233
157 58 -3.3249124669937683e-05
157 62 0.0012219053316182621
157 160 0.0095757479049264869
157 161 0.0050871160744921642
157 162 0.0014563116605408417
157 59 -0.00037405265253623055
157 63 -0.00081460355441219682
157 163 0.0034313096659319229
157 164 0.0014563116605408424
157 165 0.00010639719894357478
157 60 -0.00040896423343959572
157 15 -0.0012219053316182794
157 39 -3.3249124669938008e-05
157 38 -0.00037405265253623088
157 37 -0.00040896423343959578
157 14 -0.00026599299735908144
158 8 -0.00014712737666423671
158 28 -0.0002069758010700277
158 29 -0.00023440632892268105
158 30 -0.0002069758010700277
158 9 -0.00014712737666423671
158 55 -0.00010972211141061789
158 118 -0.00011969684881158497
158 119 -0.0001276766387323572
158 120 -0.00011969684881158503
158 52 -0.00010972211141061793
158 56 -9.7253689659410227e-05
158 115 -0.00011969684881158257
158 116 -0.00013166653369274073
158 117 -0.00011969684881158257
158 53 -9.7253689659410254e-05
158 57 -6.084589814588725e-05
158 112 -8.179284668791442e-05
158 113 -9.1767584088879318e-05
158 114 -8.1792846687914433e-05
158 54 -6.0845898145887237e-05
158 11 -2.4936843502412838e-05
158 33 -3.7405265253619293e-05
158 32 -4.2891370824150019e-05
158 31 -3.7405265253619293e-05
158 10 -2.4936843502412835e-05
158 76 -0.00056107897880428958
158 121 -0.00068576319631635167
158 122 -0.00075309267377286218
158 123 -0.00068576319631635167
158 79 -0.00056107897880428937
158 150 -0.00034911580903378305
158 328 -0.00019949474801931357
158 329 -0.00015959579841545371
158 330 -0.00019949474801931379
158 130 -0.0003491158090337831
158 149 -0.00033664738728257225
158 331 -0.00029924212202895629
158 332 -0.00029924212202895554
158 333 -0.00029924212202895646
158 131 -0.0003366473872825722
158 148 -0.0002244315915217147
158 334 -0.000249368435024129
158 335 -0.00026732296234586539
158 336 -0.00024936843502412905
158 132 -0.00022443159152171473
158 85 -9.9747374009651204e-05
158 141 -0.00013715263926327058
158 140 -0.0001546084297149591
158 139 -0.00013715263926327058
158 82 -9.974737400965115e-05
158 77 -0.0014214000796375264
158 124 -0.001533615875398365
158 125 -0.0016308695650577604
158 126 -0.0015336158753983654
158 80 -0.0014214000796375266
158 153 -0.00074810530507238532
158 337 -8.2388448987880835e-18
158 338 0.00023939369762315858
158 339 -8.3108287635151394e-18
158 133 -0.0007481053050723851
158 152 -0.00078551057032599618
158 340 -0.0004488631830434242
158 341 -0.00035909054643473281
158 342 -0.00044886318304342447
158 134 -0.00078551057032599618
158 151 -0.00055359792575356101
158 343 -0.00050871160744921833
158 344 -0.0005146964498897944
158 345 -0.00050871160744921844
158 135 -0.0005535979257535608
158 86 -0.00026183685677533437
158 144 -0.00033664738728257236
158 143 -0.00037405265253618995
158 142 -0.00033664738728257231
158 83 -0.00026183685677533421
158 78 -0.0029674843767871135
158 127 -0.002880205424528597
158 128 -0.0029674843767869999
158 129 -0.0028802054245285974
158 81 -0.0029674843767871118
158 156 -0.0013465895491302771
158 346 0.00079797899207725311
158 347 0.0015161600849467681
158 348 0.00079797899207725441
158 136 -0.0013465895491302767
158 155 -0.0015336158753983644
158 349 -0.00044886318304338132
158 350 -0.00011969684881151087
158 351 -0.00044886318304338153
158 137 -0.0015336158753983639
158 154 -0.0011321326950095333
158 352 -0.00086780215388394713
158 353 -0.00081792846687911002
158 354 -0.00086780215388394734
158 138 -0.0011321326950095333
158 87 -0.00056107897880428969
158 147 -0.00068576319631635113
158 146 -0.00075309267377286152
158 145 -0.0006857631963163508
158 84 -0.00056107897880428937
158 12 -0.0024438106632365241
158 34 0.0012219053316182592
158 35 0.0024438106632365436
158 36 0.0012219053316182575
158 13 -0.0024438106632365245
158 61 0.0012967158621254092
158 157 0.0095757479049264887
158 158 0.012608068074819907
158 159 0.0095757479049264869
158 58 0.0012967158621254107
158 62 -7.4810530507286901e-05
158 160 0.0050871160744921633
158 161 0.006942417231071688
158 162 0.0050871160744921642
158 59 -7.4810530507285667e-05
158 63 -0.00066830740586470972
158 163 0.0014563116605408424
158 164 0.0021944422282122612
158 165 0.0014563116605408424
158 60 -0.00066830740586470874
158 15 -0.00062342108756034686
158 39 -0.00037405265253623077
158 38 -0.00030921685942995864
158 37 -0.00037405265253623088
158 14 -0.00062342108756034643
159 8 -5.4861055705308613e-05
159 28 -0.00013133404244604143
159 29 -0.0002069758010700277
159 30 -0.00022941896022220183
159 9 -0.00032002282494763477
159 55 -4.3223862070849428e-05
159 118 -8.7777689128494866e-05
159 119 -0.00011969684881158505
159 120 -0.00010639719894363487
159 52 -0.00022941896022220175
159 56 -3.7405265253619286e-05
159 115 -8.1792846687914433e-05
159 116 -0.00011969684881158257
159 117 -0.000119696848811585
159 53 -0.00020697580107002759
159 57 -2.2941896022219752e-05
159 112 -5.3198599471814048e-05
159 113 -8.1792846687914433e-05
159 114 -8.7777689128494866e-05
159 54 -0.00013133404244604141
159 11 -9.1435092842180221e-06
159 33 -2.2941896022219752e-05
159 32 -3.7405265253619293e-05
159 31 -4.3223862070849428e-05
159 10 -5.4861055705308573e-05
159 76 -0.00021611931035424531
159 121 -0.00047047511407885518
159 122 -0.00068576319631635167
159 123 -0.00068160705573262314
159 79 -0.0011928123475320853
159 150 -0.00014962106101447888
159 328 -0.0002260940477552157
159 329 -0.00019949474801931382
159 330 -2.2355915990871398e-17
159 130 -0.00068160705573262336
159 149 -0.00013715263926327052
159 331 -0.000249368435024129
159 332 -0.00029924212202895651
159 333 -0.00019949474801931347
159 131 -0.00068576319631635124
159 148 -8.8110180375191788e-05
159 334 -0.00018087523820416754
159 335 -0.00024936843502412905
159 336 -0.00022609404775521562
159 132 -0.00047047511407885512
159 85 -3.7405265253619198e-05
159 141 -8.8110180375191774e-05
159 140 -0.00013715263926327058
159 139 -0.0001496210610144788
159 82 -0.00021611931035424528
159 77 -0.00056107897880428926
159 124 -0.0011321326950095338
159 125 -0.0015336158753983657
159 126 -0.0013465895491302775
159 80 -0.0029674843767871139
159 153 -0.00034911580903378305
159 337 -0.00035909054643475211
159 338 -8.6073828358851739e-18
159 339 0.00079797899207718502
159 133 -0.001346589549130278
159 152 -0.0003366473872825722
159 340 -0.00050871160744921833
159 341 -0.00044886318304342452
159 342 -7.801678851566376e-18
159 134 -0.0015336158753983661
159 151 -0.00022443159152171467
159 343 -0.00041494907588014718
159 344 -0.00050871160744921844
159 345 -0.00035909054643475173
159 135 -0.0011321326950095342
159 86 -9.9747374009651217e-05
159 144 -0.00022443159152171478
159 143 -0.00033664738728257231
159 142 -0.00034911580903378305
159 83 -0.00056107897880428937
159 78 -0.001192812347532084
159 127 -0.0022692527587195384
159 128 -0.0028802054245285979
159 129 -0.0022110667905471766
159 81 -0.0061095266580910908
159 156 -0.00068160705573262292
159 346 -0.00041228914590655125
159 347 0.00079797899207725343
159 348 0.0029259229709498197
159 136 -0.0022110667905471779
159 155 -0.00068576319631635069
159 349 -0.00086780215388394702
159 350 -0.00044886318304338148
159 351 0.00079797899207725495
159 137 -0.0028802054245285983
159 154 -0.0004704751140788548
159 352 -0.00079797899207720269
159 353 -0.00086780215388394756
159 354 -0.00041228914590655066
159 138 -0.0022692527587195388
159 87 -0.00021611931035424517
159 147 -0.00047047511407885491
159 146 -0.0006857631963163508
159 145 -0.00068160705573262282
159 84 -0.0011928123475320848
159 12 -0.0012219053316182792
159 34 -0.00081460355441219671
159 35 0.0012219053316182579
159 36 0.0048876213264730101
159 13 -0.0040730177720607807
159 61 -3.3249124669938204e-05
159 157 0.0034313096659319233
159 158 0.0095757479049264869
159 159 0.016491565836262392
159 58 0.0048876213264730092
159 62 -0.00037405265253623098
159 160 0.0014563116605408417
159 161 0.0050871160744921633
159 162 0.0095757479049264904
159 59 0.001221905331618259
159 63 -0.00040896423343959599
159 163 0.00010639719894357471
159 164 0.0014563116605408421
159 165 0.0034313096659319238
159 60 -0.00081460355441219736
159 15 -0.00026599299735908144
159 39 -0.00040896423343959578
159 38 -0.00037405265253623093
159 37 -3.3249124669937324e-05
159 14 -0.0012219053316182792
58 8 -1.3299649867953626e-05
58 28 -5.486105570530862e-05
58 29 -0.00014712737666423674
58 30 -0.00032002282494763483
58 9 -0.000407301777206095
58 55 -1.130470238776061e-05
58 118 -4.3223862070849441e-05
58 119 -0.00010972211141061796
58 120 -0.00022941896022220183
58 52 -0.00019284492308534551
58 56 -9.4760005309168789e-06
58 115 -3.7405265253619286e-05
58 116 -9.7253689659410254e-05
58 117 -0.00020697580107002764
58 53 -0.00021445685412076369
58 57 -5.6523511938802338e-06
58 112 -2.2941896022219752e-05
58 113 -6.0845898145887237e-05
58 114 -0.00013133404244604141
58 54 -0.00015627088594846169
58 11 -2.1611931035424435e-06
58 33 -9.1435092842180221e-06
58 32 -2.4936843502412831e-05
58 31 -5.4861055705308573e-05
58 10 -7.6472986740735814e-05
58 76 -5.4861055705308634e-05
58 121 -0.00021611931035424539
58 122 -0.00056107897880428958
58 123 -0.0011928123475320857
58 79 -0.0012219053316182792
58 150 -4.3223862070849448e-05
58 328 -0.00014962106101447891
58 329 -0.00034911580903378327
58 330 -0.00068160705573262336
58 130 -3.3249124669938665e-05
58 149 -3.740526525361932e-05
58 331 -0.00013715263926327055
58 332 -0.00033664738728257225
58 333 -0.00068576319631635124
58 131 -0.00037405265253623153
58 148 -2.2941896022219768e-05
58 334 -8.8110180375191788e-05
58 335 -0.00022443159152171475
58 336 -0.00047047511407885507
58 132 -0.00040896423343959632
58 85 -9.1435092842180288e-06
58 141 -3.7405265253619191e-05
58 140 -9.9747374009651163e-05
58 139 -0.00021611931035424526
58 82 -0.00026599299735908171
58 77 -0.00014712737666423676
58 124 -0.00056107897880428926
58 125 -0.0014214000796375266
58 126 -0.0029674843767871144
58 80 -0.0024438106632365232
58 153 -0.00010972211141061793
58 337 -0.00034911580903378316
58 338 -0.00074810530507238521
58 339 -0.0013465895491302775
58 133 0.0012967158621254092
58 152 -9.72536896594102e-05
58 340 -0.00033664738728257225
58 341 -0.00078551057032599596
58 342 -0.0015336158753983654
58 134 -7.4810530507287023e-05
58 151 -6.084589814588725e-05
58 343 -0.00022443159152171475
58 344 -0.0005535979257535608
58 345 -0.0011321326950095338
58 135 -0.0006683074058647095
58 86 -2.4936843502412855e-05
58 144 -9.9747374009651204e-05
58 143 -0.00026183685677533426
58 142 -0.00056107897880428937
58 83 -0.00062342108756034708
58 78 -0.00032002282494763494
58 127 -0.0011928123475320846
58 128 -0.0029674843767871122
58 129 -0.00610952665809109
58 81 -0.0040730177720607833
58 156 -0.00022941896022220172
58 346 -0.00068160705573262282
58 347 -0.001346589549130276
58 348 -0.0022110667905471761
58 136 0.0048876213264730066
58 155 -0.00020697580107002762
58 349 -0.00068576319631635069
58 350 -0.0015336158753983639
58 351 -0.002880205424528597
58 137 0.0012219053316182571
58 154 -0.00013133404244604151
58 352 -0.00047047511407885475
58 353 -0.0011321326950095327
58 354 -0.0022692527587195384
58 138 -0.00081460355441219726
58 87 -5.4861055705308593e-05
58 147 -0.0002161193103542452
58 146 -0.00056107897880428937
58 145 -0.0011928123475320846
58 84 -0.001221905331618279
58 12 -0.00040730177720609462
58 34 -0.0012219053316182792
58 35 -0.0024438106632365241
58 36 -0.0040730177720607816
58 13 0.0081460355441216898
58 61 -0.0001928449230853451
58 157 -3.3249124669937683e-05
58 158 0.0012967158621254107
58 159 0.0048876213264730092
58 58 0.02839475246808126
58 62 -0.00021445685412076342
58 160 -0.00037405265253623061
58 161 -7.48105305072856e-05
58 162 0.0012219053316182588
58 59 0.016408443024587795
58 63 -0.0001562708859484615
58 163 -0.00040896423343959583
58 164 -0.00066830740586470896
58 165 -0.00081460355441219758
58 60 0.0058185968172295658
58 15 -7.6472986740735774e-05
58 39 -0.00026599299735908144
58 38 -0.00062342108756034665
58 37 -0.001221905331618279
58 14 -0.00011637193634471708
62 8 -0.00019450737931882831
62 28 -0.00014712737666423674
62 29 -6.7329477456514773e-05
62 30 -2.4936843502412845e-05
62 9 -5.9848424405790881e-06
62 55 -0.00021445685412076361
62 118 -0.00020697580107002764
62 119 -9.7253689659410227e-05
62 120 -3.7405265253619286e-05
62 52 -9.4760005309168789e-06
62 56 -0.0002294189602222124
62 115 -0.00023440632892268102
62 116 -0.00011071958515071279
62 117 -4.2891370824150019e-05
62 53 -1.0972211141061621e-05
62 57 -0.0002144568541207638
62 112 -0.00020697580107002772
62 113 -9.7253689659410254e-05
62 114 -3.7405265253619306e-05
62 54 -9.4760005309168789e-06
62 11 -0.00019450737931882831
62 33 -0.00014712737666423674
62 32 -6.7329477456514746e-05
62 31 -2.4936843502412842e-05
62 10 -5.9848424405790873e-06
62 76 -0.00062342108756034708
62 121 -0.00056107897880428958
62 122 -0.00026183685677533421
62 123 -9.974737400965115e-05
62 79 -2.4936843502412852e-05
62 150 -0.00037405265253623147
62 328 -0.00068576319631635145
62 329 -0.00033664738728257225
62 330 -0.00013715263926327052
62 130 -3.7405265253619313e-05
62 149 -0.0003092168594299594
62 331 -0.00075309267377286185
62 332 -0.00037405265253618984
62 333 -0.00015460842971495907
62 131 -4.2891370824150019e-05
62 148 -0.00037405265253623174
62 334 -0.00068576319631635156
62 335 -0.00033664738728257247
62 336 -0.00013715263926327063
62 132 -3.7405265253619306e-05
62 85 -0.0006234210875603473
62 141 -0.00056107897880428948
62 140 -0.00026183685677533432
62 139 -9.9747374009651217e-05
62 82 -2.4936843502412855e-05
62 77 -0.0013465895491303408
62 124 -0.0014214000796375268
62 125 -0.00067329477456514277
62 126 -0.00026183685677533426
62 80 -6.7329477456514733e-05
62 153 -7.4810530507287131e-05
62 337 -0.0015336158753983654
62 338 -0.00078551057032599618
62 339 -0.0003366473872825722
62 133 -9.72536896594102e-05
62 152 0.00032916633423180975
62 340 -0.0016308695650577609
62 341 -0.00085284004778250603
62 342 -0.00037405265253618984
62 134 -0.00011071958515071287
62 151 -7.4810530507287402e-05
62 343 -0.0015336158753983663
62 344 -0.00078551057032599661
62 345 -0.00033664738728257242
62 135 -9.7253689659410254e-05
62 86 -0.0013465895491303411
62 144 -0.001421400079637527
62 143 -0.00067329477456514332
62 142 -0.00026183685677533432
62 83 -6.7329477456514814e-05
62 78 -0.0024438106632365237
62 127 -0.0029674843767871139
62 128 -0.0014214000796375264
62 129 -0.00056107897880428958
62 81 -0.00014712737666423668
62 156 0.0012219053316182577
62 346 -0.0028802054245285966
62 347 -0.0015336158753983646
62 348 -0.00068576319631635069
62 136 -0.0002069758010700277
62 155 0.0024438106632365376
62 349 -0.0029674843767869986
62 350 -0.00163086956505776
62 351 -0.00075309267377286152
62 137 -0.00023440632892268102
62 154 0.0012219053316182556
62 352 -0.0028802054245285987
62 353 -0.0015336158753983657
62 354 -0.00068576319631635135
62 138 -0.00020697580107002767
62 87 -0.0024438106632365237
62 147 -0.0029674843767871144
62 146 -0.0014214000796375266
62 145 -0.00056107897880428958
62 84 -0.00014712737666423671
62 12 0.0020946948542025444
62 34 -0.0024438106632365245
62 35 -0.0013465895491303419
62 36 -0.00062342108756034686
62 13 -0.00019450737931882826
62 61 0.016408443024587792
62 157 0.0012219053316182621
62 158 -7.4810530507286901e-05
62 159 -0.00037405265253623098
62 58 -0.00021445685412076342
62 62 0.021645180160094615
62 160 0.0024438106632365467
62 161 0.00032916633423181029
62 162 -0.00030921685942995896
62 59 -0.0002294189602222121
62 63 0.016408443024587802
62 163 0.0012219053316182603
62 164 -7.4810530507287416e-05
62 165 -0.00037405265253623115
62 60 -0.00021445685412076342
62 15 0.0020946948542025466
62 39 -0.0024438106632365245
62 38 -0.0013465895491303417
62 37 -0.00062342108756034665
62 14 -0.00019450737931882818
160 8 -0.00014712737666423668
160 28 -0.00010972211141061793
160 29 -9.7253689659410213e-05
160 30 -6.0845898145887237e-05
160 9 -2.4936843502412842e-05
160 55 -0.0002069758010700277
160 118 -0.00011969684881158498
160 119 -0.00011969684881158257
160 120 -8.1792846687914433e-05
160 52 -3.7405265253619286e-05
160 56 -0.00023440632892268105
160 115 -0.00012767663873235725
160 116 -0.0001316665336927407
160 117 -9.1767584088879304e-05
160 53 -4.2891370824150005e-05
160 57 -0.00020697580107002775
160 112 -0.000119696848811585
160 113 -0.00011969684881158263
160 114 -8.1792846687914433e-05
160 54 -3.7405265253619306e-05
160 11 -0.00014712737666423676
160 33 -0.00010972211141061795
160 32 -9.725368965941024e-05
160 31 -6.0845898145887243e-05
160 10 -2.4936843502412842e-05
160 76 -0.00056107897880428958
160 121 -0.00034911580903378316
160 122 -0.00033664738728257236
160 123 -0.00022443159152171473
160 79 -9.974737400965115e-05
160 150 -0.00068576319631635156
160 328 -0.00019949474801931368
160 329 -0.00029924212202895629
160 330 -0.00024936843502412894
160 130 -0.00013715263926327052
160 149 -0.00075309267377286185
160 331 -0.0001595957984154536
160 332 -0.00029924212202895554
160 333 -0.00026732296234586534
160 131 -0.00015460842971495907
160 148 -0.00068576319631635167
160 334 -0.00019949474801931393
160 335 -0.00029924212202895662
160 336 -0.00024936843502412911
160 132 -0.00013715263926327058
160 85 -0.00056107897880428948
160 141 -0.00034911580903378327
160 140 -0.00033664738728257231
160 139 -0.00022443159152171484
160 82 -9.9747374009651163e-05
160 77 -0.0014214000796375272
160 124 -0.00074810530507238532
160 125 -0.00078551057032599607
160 126 -0.00055359792575356091
160 80 -0.00026183685677533432
160 153 -0.0015336158753983659
160 337 -8.3718958146426841e-18
160 338 -0.0004488631830434242
160 339 -0.00050871160744921822
160 133 -0.0003366473872825722
160 152 -0.0016308695650577611
160 340 0.00023939369762315858
160 341 -0.0003590905464347327
160 342 -0.0005146964498897944
160 134 -0.00037405265253618989
160 151 -0.0015336158753983663
160 343 -8.6787927177814173e-18
160 344 -0.00044886318304342474
160 345 -0.00050871160744921855
160 135 -0.00033664738728257236
160 86 -0.0014214000796375268
160 144 -0.00074810530507238597
160 143 -0.0007855105703259965
160 142 -0.00055359792575356112
160 83 -0.00026183685677533421
160 78 -0.0029674843767871139
160 127 -0.0013465895491302775
160 128 -0.001533615875398365
160 129 -0.0011321326950095335
160 81 -0.00056107897880428948
160 156 -0.0028802054245285966
160 346 0.00079797899207725365
160 347 -0.00044886318304338159
160 348 -0.00086780215388394702
160 136 -0.00068576319631635059
160 155 -0.0029674843767869994
160 349 0.0015161600849467672
160 350 -0.00011969684881151038
160 351 -0.00081792846687911023
160 137 -0.00075309267377286142
160 154 -0.0028802054245285974
160 352 0.00079797899207725322
160 353 -0.0004488631830433818
160 354 -0.00086780215388394778
160 138 -0.00068576319631635135
160 87 -0.0029674843767871139
160 147 -0.0013465895491302773
160 146 -0.0015336158753983644
160 145 -0.0011321326950095329
160 84 -0.00056107897880428948
160 12 -0.0024438106632365237
160 34 0.0012967158621254075
160 35 -7.4810530507287632e-05
160 36 -0.00066830740586470972
160 13 -0.00062342108756034676
160 61 0.0012219053316182623
160 157 0.0095757479049264869
160 158 0.0050871160744921633
160 159 0.0014563116605408417
160 58 -0.00037405265253623061
160 62 0.0024438106632365467
160 160 0.012608068074819906
160 161 0.0069424172310716889
160 162 0.0021944422282122612
160 59 -0.00030921685942995853
160 63 0.0012219053316182601
160 163 0.0095757479049264904
160 164 0.0050871160744921642
160 165 0.0014563116605408421
160 60 -0.00037405265253623093
160 15 -0.0024438106632365241
160 39 0.0012967158621254114
160 38 -7.4810530507285735e-05
160 37 -0.00066830740586470874
160 14 -0.00062342108756034654
161 8 -6.7329477456514773e-05
161 28 -9.7253689659410213e-05
161 29 -0.00011071958515071275
161 30 -9.7253689659410254e-05
161 9 -6.732947745651476e-05
161 55 -9.7253689659410227e-05
161 118 -0.00011969684881158257
161 119 -0.0001316665336927407
161 120 -0.00011969684881158257
161 52 -9.7253689659410254e-05
161 56 -0.00011071958515071279
161 115 -0.0001316665336927407
161 116 -0.00014363621857389856
161 117 -0.00013166653369274067
161 53 -0.00011071958515071276
161 57 -9.7253689659410267e-05
161 112 -0.00011969684881158264
161 113 -0.0001316665336927407
161 114 -0.00011969684881158263
161 54 -9.7253689659410267e-05
161 11 -6.7329477456514746e-05
161 33 -9.725368965941024e-05
161 32 -0.00011071958515071278
161 31 -9.7253689659410254e-05
161 10 -6.7329477456514719e-05
161 76 -0.00026183685677533426
161 121 -0.00033664738728257242
161 122 -0.00037405265253618989
161 123 -0.00033664738728257242
161 79 -0.00026183685677533421
161 150 -0.00033664738728257225
161 328 -0.00029924212202895635
161 329 -0.00029924212202895554
161 330 -0.00029924212202895646
161 130 -0.0003366473872825722
161 149 -0.00037405265253618984
161 331 -0.00029924212202895554
161 332 -0.00028727243714779608
161 333 -0.00029924212202895559
161 131 -0.00037405265253618989
161 148 -0.00033664738728257247
161 334 -0.00029924212202895667
161 335 -0.0002992421220289557
161 336 -0.00029924212202895678
161 132 -0.00033664738728257236
161 85 -0.00026183685677533432
161 141 -0.00033664738728257231
161 140 -0.00037405265253618989
161 139 -0.00033664738728257231
161 82 -0.00026183685677533416
161 77 -0.00067329477456514288
161 124 -0.00078551057032599607
161 125 -0.00085284004778250549
161 126 -0.0007855105703259964
161 80 -0.0006732947745651431
161 153 -0.00078551057032599618
161 337 -0.00044886318304342425
161 338 -0.00035909054643473259
161 339 -0.00044886318304342441
161 133 -0.00078551057032599607
161 152 -0.00085284004778250571
161 340 -0.00035909054643473265
161 341 -0.00021545432786082886
161 342 -0.00035909054643473308
161 134 -0.00085284004778250603
161 151 -0.0007855105703259965
161 343 -0.00044886318304342485
161 344 -0.00035909054643473319
161 345 -0.00044886318304342474
161 135 -0.0007855105703259965
161 86 -0.00067329477456514342
161 144 -0.0007855105703259964
161 143 -0.00085284004778250603
161 142 -0.0007855105703259965
161 83 -0.0006732947745651431
161 78 -0.0014214000796375264
161 127 -0.001533615875398365
161 128 -0.0016308695650577602
161 129 -0.001533615875398365
161 81 -0.0014214000796375259
161 156 -0.0015336158753983644
161 346 -0.00044886318304338137
161 347 -0.00011969684881151119
161 348 -0.00044886318304338175
161 136 -0.0015336158753983639
161 155 -0.00163086956505776
161 349 -0.00011969684881151016
161 350 0.0003590905464348421
161 351 -0.00011969684881151066
161 137 -0.0016308695650577591
161 154 -0.0015336158753983652
161 352 -0.0004488631830433818
161 353 -0.00011969684881151066
161 354 -0.00044886318304338197
161 138 -0.0015336158753983652
161 87 -0.0014214000796375264
161 147 -0.0015336158753983641
161 146 -0.0016308695650577587
161 145 -0.0015336158753983646
161 84 -0.0014214000796375259
161 12 -0.0013465895491303417
161 34 -7.4810530507287294e-05
161 35 0.00032916633423180975
161 36 -7.48105305072877e-05
161 13 -0.0013465895491303413
161 61 -7.4810530507287009e-05
161 157 0.0050871160744921642
161 158 0.006942417231071688
161 159 0.0050871160744921633
161 58 -7.48105305072856e-05
161 62 0.00032916633423181029
161 160 0.0069424172310716889
161 161 0.0093363542073033323
161 162 0.006942417231071688
161 59 0.0003291663342318117
161 63 -7.4810530507287673e-05
161 163 0.0050871160744921633
161 164 0.0069424172310716889
161 165 0.0050871160744921616
161 60 -7.4810530507286277e-05
161 15 -0.0013465895491303415
161 39 -7.481053050728522e-05
161 38 0.00032916633423181159
161 37 -7.4810530507285789e-05
161 14 -0.0013465895491303411
162 8 -2.4936843502412845e-05
162 28 -6.0845898145887237e-05
162 29 -9.7253689659410254e-05
162 30 -0.00010972211141061795
162 9 -0.00014712737666423668
162 55 -3.7405265253619286e-05
162 118 -8.1792846687914433e-05
162 119 -0.00011969684881158257
162 120 -0.00011969684881158503
162 52 -0.00020697580107002762
162 56 -4.2891370824150019e-05
162 115 -9.1767584088879304e-05
162 116 -0.00013166653369274067
162 117 -0.00012767663873235722
162 53 -0.00023440632892268105
162 57 -3.7405265253619306e-05
162 112 -8.1792846687914433e-05
162 113 -0.00011969684881158263
162 114 -0.00011969684881158498
162 54 -0.00020697580107002767
162 11 -2.4936843502412842e-05
162 33 -6.084589814588725e-05
162 32 -9.7253689659410254e-05
162 31 -0.0001097221114106179
162 10 -0.00014712737666423666
162 76 -9.974737400965115e-05
162 121 -0.00022443159152171473
162 122 -0.00033664738728257247
162 123 -0.00034911580903378321
162 79 -0.00056107897880428958
162 150 -0.00013715263926327052
162 328 -0.00024936843502412889
162 329 -0.00029924212202895635
162 330 -0.00019949474801931347
162 130 -0.00068576319631635135
162 149 -0.00015460842971495907
162 331 -0.00026732296234586534
162 332 -0.00029924212202895559
162 333 -0.00015959579841545336
162 131 -0.00075309267377286185
162 148 -0.00013715263926327061
162 334 -0.00024936843502412911
162 335 -0.00029924212202895667
162 336 -0.00019949474801931355
162 132 -0.00068576319631635135
162 85 -9.9747374009651217e-05
162 141 -0.00022443159152171484
162 140 -0.0003366473872825722
162 139 -0.00034911580903378294
162 82 -0.00056107897880428915
162 77 -0.00026183685677533426
162 124 -0.00055359792575356091
162 125 -0.0007855105703259964
162 126 -0.00074810530507238521
162 80 -0.0014214000796375266
162 153 -0.00033664738728257209
162 337 -0.00050871160744921822
162 338 -0.00044886318304342436
162 339 -7.5877041843014651e-18
162 133 -0.0015336158753983654
162 152 -0.00037405265253618984
162 340 -0.0005146964498897944
162 341 -0.00035909054643473292
162 342 0.00023939369762315905
162 134 -0.0016308695650577609
162 151 -0.00033664738728257236
162 343 -0.00050871160744921844
162 344 -0.00044886318304342468
162 345 -7.4507665018448428e-18
162 135 -0.0015336158753983663
162 86 -0.00026183685677533432
162 144 -0.00055359792575356112
162 143 -0.0007855105703259965
162 142 -0.0007481053050723851
162 83 -0.0014214000796375264
162 78 -0.00056107897880428948
162 127 -0.0011321326950095335
162 128 -0.001533615875398365
162 129 -0.0013465895491302764
162 81 -0.0029674843767871144
162 156 -0.00068576319631635069
162 346 -0.00086780215388394702
162 347 -0.00044886318304338142
162 348 0.00079797899207725538
162 136 -0.0028802054245285979
162 155 -0.00075309267377286152
162 349 -0.00081792846687911002
162 350 -0.00011969684881151026
162 351 0.0015161600849467696
162 137 -0.0029674843767870003
162 154 -0.00068576319631635135
162 352 -0.00086780215388394778
162 353 -0.00044886318304338175
162 354 0.00079797899207725528
162 138 -0.0028802054245285996
162 87 -0.00056107897880428948
162 147 -0.0011321326950095329
162 146 -0.0015336158753983646
162 145 -0.0013465895491302764
162 84 -0.0029674843767871135
162 12 -0.00062342108756034676
162 34 -0.00066830740586470972
162 35 -7.481053050728766e-05
162 36 0.001296715862125409
162 13 -0.0024438106632365245
162 61 -0.00037405265253623104
162 157 0.0014563116605408417
162 158 0.0050871160744921642
162 159 0.0095757479049264904
162 58 0.0012219053316182588
162 62 -0.00030921685942995896
162 160 0.0021944422282122612
162 161 0.006942417231071688
162 162 0.012608068074819906
162 59 0.0024438106632365419
162 63 -0.00037405265253623131
162 163 0.0014563116605408421
162 164 0.0050871160744921616
162 165 0.0095757479049264904
162 60 0.0012219053316182573
162 15 -0.00062342108756034676
162 39 -0.00066830740586470852
162 38 -7.4810530507286115e-05
162 37 0.0012967158621254118
162 14 -0.0024438106632365241
59 8 -5.9848424405790881e-06
59 28 -2.4936843502412838e-05
59 29 -6.732947745651476e-05
59 30 -0.00014712737666423671
59 9 -0.00019450737931882834
59 55 -9.4760005309168789e-06
59 118 -3.7405265253619286e-05
59 119 -9.7253689659410254e-05
59 120 -0.00020697580107002759
59 52 -0.00021445685412076361
59 56 -1.0972211141061621e-05
59 115 -4.2891370824150005e-05
59 116 -0.00011071958515071274
59 117 -0.00023440632892268099
59 53 -0.00022941896022221229
59 57 -9.4760005309168789e-06
59 112 -3.74052652536193e-05
59 113 -9.7253689659410267e-05
59 114 -0.0002069758010700277
59 54 -0.00021445685412076367
59 11 -5.9848424405790873e-06
59 33 -2.4936843502412842e-05
59 32 -6.7329477456514719e-05
59 31 -0.00014712737666423666
59 10 -0.00019450737931882818
59 76 -2.4936843502412848e-05
59 121 -9.9747374009651136e-05
59 122 -0.00026183685677533432
59 123 -0.00056107897880428969
59 79 -0.00062342108756034719
59 150 -3.740526525361932e-05
59 328 -0.00013715263926327055
59 329 -0.00033664738728257231
59 330 -0.00068576319631635124
59 130 -0.00037405265253623142
59 149 -4.2891370824150012e-05
59 331 -0.00015460842971495907
59 332 -0.00037405265253618989
59 333 -0.00075309267377286196
59 131 -0.00030921685942995913
59 148 -3.7405265253619306e-05
59 334 -0.00013715263926327061
59 335 -0.00033664738728257236
59 336 -0.00068576319631635124
59 132 -0.00037405265253623142
59 85 -2.4936843502412855e-05
59 141 -9.9747374009651177e-05
59 140 -0.0002618368567753341
59 139 -0.00056107897880428926
59 82 -0.00062342108756034697
59 77 -6.7329477456514733e-05
59 124 -0.00026183685677533437
59 125 -0.00067329477456514299
59 126 -0.0014214000796375266
59 80 -0.0013465895491303417
59 153 -9.72536896594102e-05
59 337 -0.00033664738728257225
59 338 -0.00078551057032599618
59 339 -0.0015336158753983654
59 133 -7.4810530507286657e-05
59 152 -0.00011071958515071286
59 340 -0.00037405265253618989
59 341 -0.00085284004778250593
59 342 -0.0016308695650577609
59 134 0.00032916633423181056
59 151 -9.725368965941024e-05
59 343 -0.00033664738728257231
59 344 -0.0007855105703259964
59 345 -0.0015336158753983663
59 135 -7.4810530507286643e-05
59 86 -6.7329477456514814e-05
59 144 -0.00026183685677533421
59 143 -0.00067329477456514277
59 142 -0.0014214000796375264
59 83 -0.0013465895491303408
59 78 -0.00014712737666423668
59 127 -0.00056107897880428948
59 128 -0.0014214000796375259
59 129 -0.0029674843767871135
59 81 -0.0024438106632365254
59 156 -0.00020697580107002767
59 346 -0.00068576319631635069
59 347 -0.0015336158753983637
59 348 -0.002880205424528597
59 136 0.0012219053316182575
59 155 -0.00023440632892268102
59 349 -0.00075309267377286142
59 350 -0.0016308695650577591
59 351 -0.0029674843767869994
59 137 0.0024438106632365436
59 154 -0.00020697580107002764
59 352 -0.00068576319631635135
59 353 -0.0015336158753983648
59 354 -0.0028802054245285992
59 138 0.0012219053316182575
59 87 -0.00014712737666423671
59 147 -0.00056107897880428948
59 146 -0.0014214000796375259
59 145 -0.0029674843767871126
59 84 -0.0024438106632365237
59 12 -0.00019450737931882823
59 34 -0.00062342108756034676
59 35 -0.0013465895491303413
59 36 -0.0024438106632365245
59 13 0.0020946948542025457
59 61 -0.00021445685412076342
59 157 -0.00037405265253623055
59 158 -7.4810530507285667e-05
59 159 0.001221905331618259
59 58 0.016408443024587795
59 62 -0.0002294189602222121
59 160 -0.00030921685942995853
59 161 0.0003291663342318117
59 162 0.0024438106632365419
59 59 0.021645180160094615
59 63 -0.00021445685412076345
59 163 -0.00037405265253623109
59 164 -7.481053050728644e-05
59 165 0.0012219053316182573
59 60 0.016408443024587799
59 15 -0.00019450737931882818
59 39 -0.00062342108756034686
59 38 -0.0013465895491303411
59 37 -0.0024438106632365245
59 14 0.0020946948542025462
63 8 -7.6472986740735814e-05
63 28 -5.48610557053086e-05
63 29 -2.4936843502412838e-05
63 30 -9.1435092842180204e-06
63 9 -2.1611931035424439e-06
63 55 -0.00015627088594846164
63 118 -0.00013133404244604141
63 119 -6.0845898145887257e-05
63 120 -2.2941896022219752e-05
63 52 -5.6523511938802338e-06
63 56 -0.00021445685412076377
63 115 -0.00020697580107002772
63 116 -9.7253689659410267e-05
63 117 -3.7405265253619306e-05
63 53 -9.4760005309168789e-06
63 57 -0.00019284492308534534
63 112 -0.00022941896022220194
63 113 -0.00010972211141061795
63 114 -4.3223862070849435e-05
63 54 -1.1304702387760608e-05
63 11 -0.00040730177720609494
63 33 -0.00032002282494763483
63 32 -0.00014712737666423674
63 31 -5.4861055705308586e-05
63 10 -1.329964986795361e-05
63 76 -0.00026599299735908155
63 121 -0.00021611931035424536
63 122 -9.9747374009651163e-05
63 123 -3.7405265253619191e-05
63 79 -9.1435092842180288e-06
63 150 -0.00040896423343959626
63 328 -0.00047047511407885523
63 329 -0.00022443159152171473
63 330 -8.8110180375191774e-05
63 130 -2.2941896022219768e-05
63 149 -0.00037405265253623158
63 331 -0.00068576319631635145
63 332 -0.00033664738728257242
63 333 -0.00013715263926327063
63 131 -3.7405265253619306e-05
63 148 -3.3249124669938218e-05
63 334 -0.00068160705573262336
63 335 -0.00034911580903378327
63 336 -0.00014962106101447896
63 132 -4.3223862070849448e-05
63 85 -0.0012219053316182792
63 141 -0.0011928123475320859
63 140 -0.00056107897880428969
63 139 -0.00021611931035424528
63 82 -5.4861055705308607e-05
63 77 -0.00062342108756034676
63 124 -0.00056107897880428904
63 125 -0.00026183685677533426
63 126 -9.9747374009651136e-05
63 80 -2.4936843502412842e-05
63 153 -0.00066830740586470939
63 337 -0.0011321326950095342
63 338 -0.00055359792575356112
63 339 -0.00022443159152171473
63 133 -6.0845898145887264e-05
63 152 -7.4810530507286995e-05
63 340 -0.0015336158753983661
63 341 -0.0007855105703259965
63 342 -0.00033664738728257242
63 134 -9.7253689659410254e-05
63 151 0.0012967158621254114
63 343 -0.0013465895491302775
63 344 -0.00074810530507238586
63 345 -0.00034911580903378327
63 135 -0.00010972211141061797
63 86 -0.0024438106632365232
63 144 -0.0029674843767871144
63 143 -0.0014214000796375268
63 142 -0.00056107897880428948
63 83 -0.00014712737666423676
63 78 -0.0012219053316182792
63 127 -0.0011928123475320837
63 128 -0.00056107897880428958
63 129 -0.00021611931035424517
63 81 -5.4861055705308586e-05
63 156 -0.00081460355441219823
63 346 -0.0022692527587195388
63 347 -0.0011321326950095338
63 348 -0.0004704751140788548
63 136 -0.00013133404244604149
63 155 0.001221905331618256
63 349 -0.0028802054245285979
63 350 -0.0015336158753983652
63 351 -0.00068576319631635135
63 137 -0.00020697580107002767
63 154 0.0048876213264730101
63 352 -0.002211066790547177
63 353 -0.0013465895491302775
63 354 -0.00068160705573262314
63 138 -0.00022941896022220183
63 87 -0.0040730177720607772
63 147 -0.0061095266580910926
63 146 -0.0029674843767871139
63 145 -0.0011928123475320842
63 84 -0.00032002282494763483
63 12 -0.00011637193634471681
63 34 -0.0012219053316182792
63 35 -0.00062342108756034719
63 36 -0.00026599299735908155
63 13 -7.6472986740735774e-05
63 61 0.0058185968172295684
63 157 -0.00081460355441219682
63 158 -0.00066830740586470972
63 159 -0.00040896423343959599
63 58 -0.0001562708859484615
63 62 0.016408443024587802
63 160 0.0012219053316182601
63 161 -7.4810530507287673e-05
63 162 -0.00037405265253623131
63 59 -0.00021445685412076345
63 63 0.02839475246808125
63 163 0.0048876213264730127
63 164 0.0012967158621254085
63 165 -3.3249124669938049e-05
63 60 -0.00019284492308534523
63 15 0.0081460355441216846
63 39 -0.0040730177720607825
63 38 -0.0024438106632365241
63 37 -0.0012219053316182788
63 14 -0.00040730177720609456
163 8 -5.48610557053086e-05
163 28 -4.3223862070849421e-05
163 29 -3.7405265253619279e-05
163 30 -2.2941896022219745e-05
163 9 -9.1435092842180187e-06
163 55 -0.00013133404244604143
163 118 -8.7777689128494906e-05
163 119 -8.1792846687914433e-05
163 120 -5.3198599471814048e-05
163 52 -2.2941896022219752e-05
163 56 -0.00020697580107002775
163 115 -0.00011969684881158503
163 116 -0.00011969684881158264
163 117 -8.1792846687914447e-05
163 53 -3.7405265253619306e-05
163 57 -0.00022941896022220194
163 112 -0.0001063971989436349
163 113 -0.00011969684881158503
163 114 -8.7777689128494906e-05
163 54 -4.3223862070849435e-05
163 11 -0.00032002282494763483
163 33 -0.00022941896022220183
163 32 -0.0002069758010700277
163 31 -0.00013133404244604141
163 10 -5.4861055705308573e-05
163 76 -0.00021611931035424539
163 121 -0.00014962106101447893
163 122 -0.00013715263926327055
163 123 -8.8110180375191734e-05
163 79 -3.7405265253619198e-05
163 150 -0.00047047511407885529
163 328 -0.00022609404775521583
163 329 -0.000249368435024129
163 330 -0.00018087523820416751
163 130 -8.8110180375191774e-05
163 149 -0.00068576319631635167
163 331 -0.0001994947480193139
163 332 -0.00029924212202895651
163 333 -0.00024936843502412911
163 131 -0.00013715263926327063
163 148 -0.00068160705573262347
163 334 -2.2440100100515481e-17
163 335 -0.00019949474801931371
163 336 -0.00022609404775521583
163 132 -0.00014962106101447891
163 85 -0.0011928123475320859
163 141 -0.00068160705573262347
163 140 -0.00068576319631635091
163 139 -0.00047047511407885496
163 82 -0.00021611931035424523
163 77 -0.00056107897880428904
163 124 -0.00034911580903378316
163 125 -0.00033664738728257215
163 126 -0.0002244315915217147
163 80 -9.9747374009651163e-05
163 153 -0.0011321326950095342
163 337 -0.00035909054643475232
163 338 -0.00050871160744921822
163 339 -0.00041494907588014718
163 133 -0.00022443159152171473
163 152 -0.0015336158753983668
163 340 -8.6954885312651876e-18
163 341 -0.00044886318304342485
163 342 -0.00050871160744921865
163 134 -0.00033664738728257236
163 151 -0.001346589549130278
163 343 0.00079797899207718545
163 344 -8.4887751866126296e-18
163 345 -0.00035909054643475232
163 135 -0.00034911580903378321
163 86 -0.0029674843767871135
163 144 -0.0013465895491302777
163 143 -0.0015336158753983652
163 142 -0.0011321326950095335
163 83 -0.00056107897880428937
163 78 -0.0011928123475320837
163 127 -0.00068160705573262282
163 128 -0.00068576319631635102
163 129 -0.00047047511407885485
163 81 -0.00021611931035424512
163 156 -0.0022692527587195393
163 346 -0.00041228914590655147
163 347 -0.00086780215388394734
163 348 -0.00079797899207720269
163 136 -0.00047047511407885475
163 155 -0.0028802054245285983
163 349 0.00079797899207725343
163 350 -0.00044886318304338224
163 351 -0.00086780215388394789
163 137 -0.00068576319631635145
163 154 -0.0022110667905471766
163 352 0.0029259229709498184
163 353 0.0007979789920772543
163 354 -0.00041228914590655163
163 138 -0.00068160705573262314
163 87 -0.0061095266580910908
163 147 -0.0022110667905471753
163 146 -0.0028802054245285953
163 145 -0.0022692527587195384
163 84 -0.0011928123475320844
163 12 -0.0012219053316182792
163 34 -3.3249124669938665e-05
163 35 -0.00037405265253623104
163 36 -0.00040896423343959583
163 13 -0.00026599299735908144
163 61 -0.00081460355441219682
163 157 0.0034313096659319229
163 158 0.0014563116605408424
163 159 0.00010639719894357471
163 58 -0.00040896423343959583
163 62 0.0012219053316182603
163 160 0.0095757479049264904
163 161 0.0050871160744921633
163 162 0.0014563116605408421
163 59 -0.00037405265253623109
163 63 0.0048876213264730127
163 163 0.016491565836262389
163 164 0.0095757479049264887
163 165 0.0034313096659319225
163 60 -3.3249124669937811e-05
163 15 -0.0040730177720607798
163 39 0.0048876213264730118
163 38 0.0012219053316182605
163 37 -0.0008146035544121965
163 14 -0.0012219053316182792
164 8 -2.4936843502412838e-05
164 28 -3.7405265253619279e-05
164 29 -4.2891370824149992e-05
164 30 -3.7405265253619293e-05
164 9 -2.4936843502412842e-05
164 55 -6.084589814588725e-05
164 118 -8.1792846687914433e-05
164 119 -9.1767584088879304e-05
164 120 -8.1792846687914447e-05
164 52 -6.0845898145887257e-05
164 56 -9.7253689659410267e-05
164 115 -0.00011969684881158263
164 116 -0.0001316665336927407
164 117 -0.00011969684881158264
164 53 -9.7253689659410267e-05
164 57 -0.00010972211141061793
164 112 -0.00011969684881158503
164 113 -0.0001276766387323573
164 114 -0.00011969684881158504
164 54 -0.00010972211141061793
164 11 -0.00014712737666423674
164 33 -0.00020697580107002767
164 32 -0.00023440632892268099
164 31 -0.0002069758010700277
164 10 -0.00014712737666423666
164 76 -9.9747374009651163e-05
164 121 -0.00013715263926327055
164 122 -0.0001546084297149591
164 123 -0.00013715263926327058
164 79 -9.9747374009651163e-05
164 150 -0.00022443159152171473
164 328 -0.000249368435024129
164 329 -0.00026732296234586539
164 330 -0.00024936843502412905
164 130 -0.00022443159152171473
164 149 -0.00033664738728257253
164 331 -0.00029924212202895662
164 332 -0.00029924212202895575
164 333 -0.00029924212202895673
164 131 -0.00033664738728257236
164 148 -0.00034911580903378321
164 334 -0.00019949474801931371
164 335 -0.00015959579841545382
164 336 -0.00019949474801931374
164 132 -0.00034911580903378305
164 85 -0.00056107897880428969
164 141 -0.00068576319631635113
164 140 -0.00075309267377286163
164 139 -0.00068576319631635113
164 82 -0.00056107897880428926
164 77 -0.00026183685677533426
164 124 -0.00033664738728257215
164 125 -0.00037405265253618984
164 126 -0.00033664738728257225
164 80 -0.00026183685677533421
164 153 -0.00055359792575356101
164 337 -0.00050871160744921833
164 338 -0.0005146964498897944
164 339 -0.00050871160744921855
164 133 -0.00055359792575356091
164 152 -0.00078551057032599661
164 340 -0.00044886318304342485
164 341 -0.00035909054643473335
164 342 -0.0004488631830434249
164 134 -0.00078551057032599661
164 151 -0.00074810530507238597
164 343 -8.391895793270419e-18
164 344 0.00023939369762315788
164 345 -8.2896467569818204e-18
164 135 -0.00074810530507238521
164 86 -0.0014214000796375268
164 144 -0.0015336158753983657
164 143 -0.0016308695650577598
164 142 -0.0015336158753983659
164 83 -0.0014214000796375261
164 78 -0.00056107897880428948
164 127 -0.00068576319631635091
164 128 -0.00075309267377286152
164 129 -0.00068576319631635102
164 81 -0.00056107897880428937
164 156 -0.0011321326950095333
164 346 -0.00086780215388394723
164 347 -0.00081792846687911034
164 348 -0.00086780215388394745
164 136 -0.0011321326950095331
164 155 -0.0015336158753983652
164 349 -0.00044886318304338202
164 350 -0.0001196968488115107
164 351 -0.00044886318304338208
164 137 -0.0015336158753983652
164 154 -0.0013465895491302777
164 352 0.00079797899207725387
164 353 0.0015161600849467674
164 354 0.00079797899207725441
164 138 -0.0013465895491302771
164 87 -0.0029674843767871139
164 147 -0.0028802054245285953
164 146 -0.002967484376786996
164 145 -0.002880205424528597
164 84 -0.0029674843767871135
164 12 -0.00062342108756034719
164 34 -0.00037405265253623104
164 35 -0.00030921685942995896
164 36 -0.00037405265253623088
164 13 -0.00062342108756034665
164 61 -0.00066830740586470972
164 157 0.0014563116605408424
164 158 0.0021944422282122612
164 159 0.0014563116605408421
164 58 -0.00066830740586470896
164 62 -7.4810530507287416e-05
164 160 0.0050871160744921642
164 161 0.0069424172310716889
164 162 0.0050871160744921616
164 59 -7.481053050728644e-05
164 63 0.0012967158621254085
164 163 0.0095757479049264887
164 164 0.012608068074819907
164 165 0.0095757479049264904
164 60 0.0012967158621254103
164 15 -0.0024438106632365241
164 39 0.0012219053316182616
164 38 0.0024438106632365445
164 37 0.0012219053316182595
164 14 -0.0024438106632365237
165 8 -9.1435092842180204e-06
165 28 -2.2941896022219745e-05
165 29 -3.7405265253619293e-05
165 30 -4.3223862070849435e-05
165 9 -5.4861055705308593e-05
165 55 -2.2941896022219752e-05
165 118 -5.3198599471814048e-05
165 119 -8.1792846687914447e-05
165 120 -8.7777689128494879e-05
165 52 -0.00013133404244604141
165 56 -3.7405265253619306e-05
165 115 -8.179284668791446e-05
165 116 -0.00011969684881158263
165 117 -0.00011969684881158496
165 53 -0.0002069758010700277
165 57 -4.3223862070849435e-05
165 112 -8.7777689128494906e-05
165 113 -0.00011969684881158504
165 114 -0.00010639719894363482
165 54 -0.00022941896022220175
165 11 -5.4861055705308586e-05
165 33 -0.00013133404244604141
165 32 -0.0002069758010700277
165 31 -0.00022941896022220175
165 10 -0.00032002282494763472
165 76 -3.7405265253619185e-05
165 121 -8.8110180375191734e-05
165 122 -0.00013715263926327061
165 123 -0.00014962106101447891
165 79 -0.00021611931035424531
165 150 -8.8110180375191774e-05
165 328 -0.00018087523820416756
165 329 -0.00024936843502412905
165 330 -0.00022609404775521562
165 130 -0.00047047511407885507
165 149 -0.00013715263926327061
165 331 -0.00024936843502412916
165 332 -0.00029924212202895678
165 333 -0.00019949474801931352
165 131 -0.00068576319631635124
165 148 -0.00014962106101447896
165 334 -0.00022609404775521583
165 335 -0.00019949474801931374
165 336 -2.2055387987742294e-17
165 132 -0.00068160705573262292
165 85 -0.00021611931035424526
165 141 -0.00047047511407885496
165 140 -0.00068576319631635113
165 139 -0.00068160705573262303
165 82 -0.0011928123475320853
165 77 -9.9747374009651136e-05
165 124 -0.0002244315915217147
165 125 -0.00033664738728257225
165 126 -0.00034911580903378305
165 80 -0.00056107897880428926
165 153 -0.00022443159152171473
165 337 -0.00041494907588014718
165 338 -0.00050871160744921844
165 339 -0.00035909054643475173
165 133 -0.001132132695009534
165 152 -0.00033664738728257236
165 340 -0.00050871160744921855
165 341 -0.00044886318304342479
165 342 -7.5842271305965984e-18
165 134 -0.0015336158753983661
165 151 -0.00034911580903378337
165 343 -0.00035909054643475232
165 344 -8.1643917599065908e-18
165 345 0.00079797899207718675
165 135 -0.0013465895491302777
165 86 -0.00056107897880428937
165 144 -0.0011321326950095335
165 143 -0.0015336158753983657
165 142 -0.0013465895491302769
165 83 -0.0029674843767871131
165 78 -0.00021611931035424517
165 127 -0.0004704751140788548
165 128 -0.00068576319631635091
165 129 -0.0006816070557326226
165 81 -0.0011928123475320837
165 156 -0.0004704751140788548
165 346 -0.00079797899207720258
165 347 -0.00086780215388394767
165 348 -0.00041228914590655077
165 136 -0.0022692527587195393
165 155 -0.00068576319631635124
165 349 -0.00086780215388394789
165 350 -0.00044886318304338218
165 351 0.00079797899207725528
165 137 -0.0028802054245285992
165 154 -0.00068160705573262303
165 352 -0.00041228914590655142
165 353 0.00079797899207725397
165 354 0.0029259229709498202
165 138 -0.0022110667905471787
165 87 -0.0011928123475320842
165 147 -0.0022692527587195384
165 146 -0.0028802054245285966
165 145 -0.002211066790547177
165 84 -0.0061095266580910952
165 12 -0.00026599299735908155
165 34 -0.00040896423343959583
165 35 -0.00037405265253623088
165 36 -3.3249124669937493e-05
165 13 -0.001221905331618279
165 61 -0.00040896423343959594
165 157 0.00010639719894357478
165 158 0.0014563116605408424
165 159 0.0034313096659319238
165 58 -0.00081460355441219758
165 62 -0.00037405265253623115
165 160 0.0014563116605408421
165 161 0.0050871160744921616
165 162 0.0095757479049264904
165 59 0.0012219053316182573
165 63 -3.3249124669938049e-05
165 163 0.0034313096659319225
165 164 0.0095757479049264904
165 165 0.016491565836262399
165 60 0.0048876213264730101
165 15 -0.0012219053316182788
165 39 -0.00081460355441219661
165 38 0.0012219053316182584
165 37 0.0048876213264730118
165 14 -0.0040730177720607833
60 8 -2.1611931035424431e-06
60 28 -9.1435092842180187e-06
60 29 -2.4936843502412842e-05
60 30 -5.4861055705308593e-05
60 9 -7.6472986740735814e-05
60 55 -5.6523511938802338e-06
60 118 -2.2941896022219752e-05
60 119 -6.0845898145887237e-05
60 120 -0.00013133404244604141
60 52 -0.00015627088594846164
60 56 -9.4760005309168789e-06
60 115 -3.74052652536193e-05
60 116 -9.7253689659410267e-05
60 117 -0.0002069758010700277
60 53 -0.00021445685412076367
60 57 -1.1304702387760608e-05
60 112 -4.3223862070849435e-05
60 113 -0.0001097221114106179
60 114 -0.00022941896022220178
60 54 -0.00019284492308534523
60 11 -1.329964986795361e-05
60 33 -5.4861055705308573e-05
60 32 -0.00014712737666423668
60 31 -0.00032002282494763461
60 10 -0.00040730177720609462
60 76 -9.1435092842180271e-06
60 121 -3.7405265253619198e-05
60 122 -9.9747374009651177e-05
60 123 -0.00021611931035424528
60 79 -0.0002659929973590816
60 150 -2.2941896022219772e-05
60 328 -8.8110180375191774e-05
60 329 -0.00022443159152171478
60 330 -0.00047047511407885507
60 130 -0.00040896423343959626
60 149 -3.7405265253619306e-05
60 331 -0.00013715263926327061
60 332 -0.00033664738728257236
60 333 -0.00068576319631635135
60 131 -0.00037405265253623147
60 148 -4.3223862070849448e-05
60 334 -0.00014962106101447888
60 335 -0.0003491158090337831
60 336 -0.00068160705573262303
60 132 -3.324912466993815e-05
60 85 -5.4861055705308607e-05
60 141 -0.00021611931035424523
60 140 -0.00056107897880428926
60 139 -0.0011928123475320853
60 82 -0.001221905331618279
60 77 -2.4936843502412842e-05
60 124 -9.9747374009651163e-05
60 125 -0.00026183685677533421
60 126 -0.00056107897880428915
60 80 -0.00062342108756034676
60 153 -6.0845898145887257e-05
60 337 -0.0002244315915217147
60 338 -0.00055359792575356091
60 339 -0.0011321326950095335
60 133 -0.00066830740586470928
60 152 -9.725368965941024e-05
60 340 -0.00033664738728257236
60 341 -0.00078551057032599629
60 342 -0.0015336158753983661
60 134 -7.4810530507286616e-05
60 151 -0.000109722111410618
60 343 -0.00034911580903378316
60 344 -0.0007481053050723851
60 345 -0.0013465895491302773
60 135 0.0012967158621254111
60 86 -0.00014712737666423674
60 144 -0.00056107897880428926
60 143 -0.0014214000796375261
60 142 -0.0029674843767871135
60 83 -0.0024438106632365241
60 78 -5.4861055705308586e-05
60 127 -0.00021611931035424512
60 128 -0.00056107897880428937
60 129 -0.0011928123475320837
60 81 -0.0012219053316182792
60 156 -0.00013133404244604149
60 346 -0.00047047511407885475
60 347 -0.0011321326950095327
60 348 -0.0022692527587195384
60 136 -0.00081460355441219726
60 155 -0.00020697580107002764
60 349 -0.00068576319631635113
60 350 -0.0015336158753983644
60 351 -0.0028802054245285983
60 137 0.0012219053316182588
60 154 -0.00022941896022220186
60 352 -0.00068160705573262292
60 353 -0.0013465895491302764
60 354 -0.002211066790547177
60 138 0.0048876213264730109
60 87 -0.00032002282494763483
60 147 -0.0011928123475320844
60 146 -0.0029674843767871135
60 145 -0.0061095266580910926
60 84 -0.0040730177720607825
60 12 -7.6472986740735774e-05
60 34 -0.00026599299735908144
60 35 -0.00062342108756034654
60 36 -0.001221905331618279
60 13 -0.00011637193634471674
60 61 -0.0001562708859484615
60 157 -0.00040896423343959572
60 158 -0.00066830740586470874
60 159 -0.00081460355441219736
60 58 0.0058185968172295658
60 62 -0.00021445685412076342
60 160 -0.00037405265253623093
60 161 -7.4810530507286277e-05
60 162 0.0012219053316182573
60 59 0.016408443024587799
60 63 -0.00019284492308534523
60 163 -3.3249124669937811e-05
60 164 0.0012967158621254103
60 165 0.0048876213264730101
60 60 0.028394752468081253
60 15 -0.00040730177720609456
60 39 -0.0012219053316182792
60 38 -0.0024438106632365254
60 37 -0.0040730177720607833
60 14 0.0081460355441216846
15 8 -1.994947480193103e-05
15 28 -1.3299649867953619e-05
15 29 -5.9848424405790873e-06
15 30 -2.1611931035424439e-06
15 9 -4.9873687004825611e-07
15 55 -7.6472986740735828e-05
15 118 -5.4861055705308607e-05
15 119 -2.4936843502412845e-05
15 120 -9.1435092842180221e-06
15 52 -2.1611931035424439e-06
15 56 -0.00019450737931882829
15 115 -0.00014712737666423676
15 116 -6.7329477456514746e-05
15 117 -2.4936843502412845e-05
15 53 -5.9848424405790873e-06
15 57 -0.00040730177720609483
15 112 -0.00032002282494763483
15 113 -0.00014712737666423674
15 114 -5.4861055705308593e-05
15 54 -1.3299649867953612e-05
15 11 -0.00034911580903382712
15 33 -0.00040730177720609489
15 32 -0.00019450737931882834
15 31 -7.6472986740735814e-05
15 10 -1.9949474801931033e-05
15 76 -7.6472986740735841e-05
15 121 -5.4861055705308647e-05
15 122 -2.4936843502412848e-05
15 123 -9.1435092842180271e-06
15 79 -2.1611931035424448e-06
15 150 -0.0002659929973590816
15 328 -0.00021611931035424536
15 329 -9.9747374009651204e-05
15 330 -3.7405265253619205e-05
15 130 -9.1435092842180305e-06
15 149 -0.00062342108756034708
15 331 -0.00056107897880428948
15 332 -0.00026183685677533426
15 333 -9.9747374009651217e-05
15 131 -2.4936843502412862e-05
15 148 -0.001221905331618279
15 334 -0.0011928123475320859
15 335 -0.00056107897880428969
15 336 -0.00021611931035424534
15 132 -5.4861055705308613e-05
15 85 -0.00011637193634471794
15 141 -0.0012219053316182794
15 140 -0.00062342108756034719
15 139 -0.00026599299735908166
15 82 -7.6472986740735814e-05
15 77 -0.00019450737931882823
15 124 -0.00014712737666423679
15 125 -6.7329477456514746e-05
15 126 -2.4936843502412848e-05
15 80 -5.9848424405790856e-06
15 153 -0.00062342108756034686
15 337 -0.00056107897880428948
15 338 -0.00026183685677533437
15 339 -9.9747374009651245e-05
15 133 -2.4936843502412855e-05
15 152 -0.0013465895491303406
15 340 -0.0014214000796375268
15 341 -0.00067329477456514342
15 342 -0.00026183685677533432
15 134 -6.7329477456514814e-05
15 151 -0.0024438106632365237
15 343 -0.0029674843767871139
15 344 -0.0014214000796375268
15 345 -0.00056107897880428948
15 135 -0.00014712737666423676
15 86 0.0020946948542025475
15 144 -0.0024438106632365254
15 143 -0.0013465895491303417
15 142 -0.00062342108756034697
15 83 -0.00019450737931882815
15 78 -0.00040730177720609478
15 127 -0.00032002282494763499
15 128 -0.00014712737666423671
15 129 -5.4861055705308593e-05
15 81 -1.3299649867953609e-05
15 156 -0.0012219053316182792
15 346 -0.0011928123475320848
15 347 -0.0005610789788042898
15 348 -0.0002161193103542452
15 136 -5.48610557053086e-05
15 155 -0.0024438106632365232
15 349 -0.0029674843767871135
15 350 -0.0014214000796375268
15 351 -0.00056107897880428948
15 137 -0.00014712737666423674
15 154 -0.0040730177720607807
15 352 -0.0061095266580910943
15 353 -0.0029674843767871148
15 354 -0.0011928123475320842
15 138 -0.00032002282494763488
15 87 0.0081460355441216829
15 147 -0.0040730177720607851
15 146 -0.0024438106632365258
15 145 -0.0012219053316182792
15 84 -0.00040730177720609478
15 12 -0.00034911580903382669
15 34 -0.00040730177720609483
15 35 -0.00019450737931882829
15 36 -7.6472986740735787e-05
15 13 -1.9949474801931019e-05
15 61 -0.00011637193634471654
15 157 -0.0012219053316182794
15 158 -0.00062342108756034686
15 159 -0.00026599299735908144
15 58 -7.6472986740735774e-05
15 62 0.0020946948542025466
15 160 -0.0024438106632365241
15 161 -0.0013465895491303415
15 162 -0.00062342108756034676
15 59 -0.00019450737931882818
15 63 0.0081460355441216846
15 163 -0.0040730177720607798
15 164 -0.0024438106632365241
15 165 -0.0012219053316182788
15 60 -0.00040730177720609456
15 15 0.048876213264730788
15 39 0.0081460355441216933
15 38 0.0020946948542025453
15 37 -0.00011637193634471612
15 14 -0.00034911580903382642
39 8 -1.3299649867953622e-05
39 28 -1.130470238776061e-05
39 29 -9.4760005309168789e-06
39 30 -5.6523511938802347e-06
39 9 -2.1611931035424435e-06
39 55 -5.48610557053086e-05
39 118 -4.3223862070849441e-05
39 119 -3.74052652536193e-05
39 120 -2.2941896022219752e-05
39 52 -9.1435092842180221e-06
39 56 -0.00014712737666423674
39 115 -0.00010972211141061797
39 116 -9.725368965941024e-05
39 117 -6.0845898145887264e-05
39 53 -2.4936843502412842e-05
39 57 -0.00032002282494763488
39 112 -0.00022941896022220189
39 113 -0.00020697580107002772
39 114 -0.00013133404244604141
39 54 -5.486105570530858e-05
39 11 -0.00040730177720609483
39 33 -0.00019284492308534542
39 32 -0.00021445685412076369
39 31 -0.00015627088594846172
39 10 -7.6472986740735814e-05
39 76 -5.4861055705308641e-05
39 121 -4.3223862070849448e-05
39 122 -3.7405265253619313e-05
39 123 -2.2941896022219768e-05
39 79 -9.1435092842180288e-06
39 150 -0.00021611931035424542
39 328 -0.00014962106101447896
39 329 -0.00013715263926327061
39 330 -8.8110180375191788e-05
39 130 -3.7405265253619191e-05
39 149 -0.00056107897880428969
39 331 -0.00034911580903378332
39 332 -0.00033664738728257231
39 333 -0.00022443159152171486
39 131 -9.974737400965119e-05
39 148 -0.0011928123475320861
39 334 -0.00068160705573262368
39 335 -0.00068576319631635135
39 336 -0.00047047511407885507
39 132 -0.00021611931035424528
39 85 -0.0012219053316182794
39 141 -3.3249124669938374e-05
39 140 -0.00037405265253623142
39 139 -0.00040896423343959626
39 82 -0.0002659929973590816
39 77 -0.00014712737666423679
39 124 -0.000109722111410618
39 125 -9.7253689659410213e-05
39 126 -6.0845898145887264e-05
39 80 -2.4936843502412848e-05
39 153 -0.00056107897880428948
39 337 -0.00034911580903378337
39 338 -0.00033664738728257247
39 339 -0.00022443159152171478
39 133 -9.9747374009651217e-05
39 152 -0.001421400079637527
39 340 -0.00074810530507238608
39 341 -0.00078551057032599694
39 342 -0.00055359792575356123
39 134 -0.00026183685677533426
39 151 -0.0029674843767871144
39 343 -0.0013465895491302784
39 344 -0.0015336158753983661
39 345 -0.001132132695009534
39 135 -0.00056107897880428926
39 86 -0.0024438106632365241
39 144 0.0012967158621254107
39 143 -7.4810530507285816e-05
39 142 -0.00066830740586470896
39 83 -0.00062342108756034676
39 78 -0.00032002282494763499
39 127 -0.00022941896022220189
39 128 -0.00020697580107002767
39 129 -0.00013133404244604149
39 81 -5.4861055705308593e-05
39 156 -0.0011928123475320848
39 346 -0.00068160705573262336
39 347 -0.00068576319631635124
39 348 -0.00047047511407885496
39 136 -0.00021611931035424523
39 155 -0.0029674843767871135
39 349 -0.0013465895491302773
39 350 -0.0015336158753983644
39 351 -0.0011321326950095331
39 137 -0.00056107897880428937
39 154 -0.0061095266580910943
39 352 -0.0022110667905471779
39 353 -0.002880205424528597
39 354 -0.0022692527587195393
39 138 -0.0011928123475320842
39 87 -0.0040730177720607833
39 147 0.0048876213264730083
39 146 0.0012219053316182556
39 145 -0.00081460355441219791
39 84 -0.0012219053316182796
39 12 -0.00040730177720609483
39 34 -0.00019284492308534529
39 35 -0.00021445685412076345
39 36 -0.0001562708859484615
39 13 -7.6472986740735774e-05
39 61 -0.0012219053316182794
39 157 -3.3249124669938008e-05
39 158 -0.00037405265253623077
39 159 -0.00040896423343959578
39 58 -0.00026599299735908144
39 62 -0.0024438106632365245
39 160 0.0012967158621254114
39 161 -7.481053050728522e-05
39 162 -0.00066830740586470852
39 59 -0.00062342108756034686
39 63 -0.0040730177720607825
39 163 0.0048876213264730118
39 164 0.0012219053316182616
39 165 -0.00081460355441219661
39 60 -0.0012219053316182792
39 15 0.0081460355441216933
39 39 0.02839475246808125
39 38 0.016408443024587795
39 37 0.0058185968172295675
39 14 -0.000116371936344717
38 8 -5.9848424405790873e-06
38 28 -9.4760005309168772e-06
38 29 -1.0972211141061623e-05
38 30 -9.4760005309168772e-06
38 9 -5.9848424405790873e-06
38 55 -2.4936843502412845e-05
38 118 -3.74052652536193e-05
38 119 -4.2891370824150026e-05
38 120 -3.74052652536193e-05
38 52 -2.4936843502412831e-05
38 56 -6.732947745651476e-05
38 115 -9.725368965941024e-05
38 116 -0.00011071958515071278
38 117 -9.725368965941024e-05
38 53 -6.7329477456514719e-05
38 57 -0.00014712737666423676
38 112 -0.0002069758010700277
38 113 -0.00023440632892268102
38 114 -0.00020697580107002772
38 54 -0.00014712737666423668
38 11 -0.00019450737931882837
38 33 -0.00021445685412076369
38 32 -0.00022941896022221246
38 31 -0.00021445685412076372
38 10 -0.00019450737931882829
38 76 -2.4936843502412852e-05
38 121 -3.7405265253619313e-05
38 122 -4.2891370824150012e-05
38 123 -3.7405265253619313e-05
38 79 -2.4936843502412848e-05
38 150 -9.9747374009651204e-05
38 328 -0.00013715263926327061
38 329 -0.00015460842971495913
38 330 -0.00013715263926327061
38 130 -9.9747374009651163e-05
38 149 -0.00026183685677533432
38 331 -0.00033664738728257231
38 332 -0.00037405265253618984
38 333 -0.00033664738728257231
38 131 -0.00026183685677533421
38 148 -0.00056107897880428969
38 334 -0.00068576319631635124
38 335 -0.00075309267377286174
38 336 -0.00068576319631635135
38 132 -0.00056107897880428926
38 85 -0.00062342108756034719
38 141 -0.00037405265253623153
38 140 -0.00030921685942995961
38 139 -0.00037405265253623169
38 82 -0.00062342108756034708
38 77 -6.732947745651476e-05
38 124 -9.7253689659410213e-05
38 125 -0.00011071958515071287
38 126 -9.7253689659410227e-05
38 80 -6.7329477456514746e-05
38 153 -0.00026183685677533443
38 337 -0.00033664738728257242
38 338 -0.00037405265253619011
38 339 -0.00033664738728257242
38 133 -0.00026183685677533426
38 152 -0.00067329477456514353
38 340 -0.00078551057032599683
38 341 -0.00085284004778250625
38 342 -0.00078551057032599661
38 134 -0.00067329477456514299
38 151 -0.001421400079637527
38 343 -0.0015336158753983659
38 344 -0.0016308695650577602
38 345 -0.0015336158753983661
38 135 -0.0014214000796375261
38 86 -0.0013465895491303413
38 144 -7.4810530507286155e-05
38 143 0.00032916633423181132
38 142 -7.4810530507286616e-05
38 83 -0.0013465895491303408
38 78 -0.00014712737666423671
38 127 -0.0002069758010700277
38 128 -0.00023440632892268108
38 129 -0.00020697580107002764
38 81 -0.00014712737666423668
38 156 -0.00056107897880428969
38 346 -0.00068576319631635113
38 347 -0.00075309267377286174
38 348 -0.00068576319631635102
38 136 -0.00056107897880428937
38 155 -0.001421400079637527
38 349 -0.0015336158753983648
38 350 -0.0016308695650577593
38 351 -0.001533615875398365
38 137 -0.0014214000796375264
38 154 -0.0029674843767871144
38 352 -0.0028802054245285966
38 353 -0.0029674843767869977
38 354 -0.0028802054245285974
38 138 -0.0029674843767871135
38 87 -0.0024438106632365254
38 147 0.0012219053316182564
38 146 0.0024438106632365406
38 145 0.0012219053316182558
38 84 -0.002443810663236525
38 12 -0.00019450737931882829
38 34 -0.00021445685412076348
38 35 -0.00022941896022221219
38 36 -0.00021445685412076345
38 13 -0.00019450737931882815
38 61 -0.00062342108756034697
38 157 -0.00037405265253623088
38 158 -0.00030921685942995864
38 159 -0.00037405265253623093
38 58 -0.00062342108756034665
38 62 -0.0013465895491303417
38 160 -7.4810530507285735e-05
38 161 0.00032916633423181159
38 162 -7.4810530507286115e-05
38 59 -0.0013465895491303411
38 63 -0.0024438106632365241
38 163 0.0012219053316182605
38 164 0.0024438106632365445
38 165 0.0012219053316182584
38 60 -0.0024438106632365254
38 15 0.0020946948542025453
38 39 0.016408443024587795
38 38 0.021645180160094618
38 37 0.016408443024587792
38 14 0.002094694854202544
37 8 -2.1611931035424439e-06
37 28 -5.6523511938802347e-06
37 29 -9.4760005309168789e-06
37 30 -1.130470238776061e-05
37 9 -1.3299649867953612e-05
37 55 -9.1435092842180221e-06
37 118 -2.2941896022219752e-05
37 119 -3.74052652536193e-05
37 120 -4.3223862070849428e-05
37 52 -5.4861055705308586e-05
37 56 -2.4936843502412848e-05
37 115 -6.0845898145887257e-05
37 116 -9.7253689659410267e-05
37 117 -0.00010972211141061792
37 53 -0.00014712737666423668
37 57 -5.4861055705308586e-05
37 112 -0.00013133404244604141
37 113 -0.0002069758010700277
37 114 -0.00022941896022220183
37 54 -0.00032002282494763466
37 11 -7.6472986740735814e-05
37 33 -0.00015627088594846172
37 32 -0.00021445685412076372
37 31 -0.00019284492308534537
37 10 -0.00040730177720609467
37 76 -9.1435092842180271e-06
37 121 -2.2941896022219768e-05
37 122 -3.7405265253619313e-05
37 123 -4.3223862070849428e-05
37 79 -5.486105570530862e-05
37 150 -3.7405265253619205e-05
37 328 -8.8110180375191788e-05
37 329 -0.00013715263926327061
37 330 -0.00014962106101447883
37 130 -0.00021611931035424528
37 149 -9.9747374009651231e-05
37 331 -0.00022443159152171486
37 332 -0.00033664738728257231
37 333 -0.0003491158090337831
37 131 -0.00056107897880428926
37 148 -0.00021611931035424531
37 334 -0.00047047511407885507
37 335 -0.00068576319631635135
37 336 -0.00068160705573262314
37 132 -0.0011928123475320853
37 85 -0.0002659929973590816
37 141 -0.00040896423343959626
37 140 -0.00037405265253623153
37 139 -3.3249124669938286e-05
37 82 -0.001221905331618279
37 77 -2.4936843502412848e-05
37 124 -6.0845898145887277e-05
37 125 -9.7253689659410227e-05
37 126 -0.00010972211141061795
37 80 -0.00014712737666423674
37 153 -9.9747374009651231e-05
37 337 -0.00022443159152171478
37 338 -0.00033664738728257242
37 339 -0.0003491158090337831
37 133 -0.00056107897880428915
37 152 -0.00026183685677533432
37 340 -0.00055359792575356123
37 341 -0.00078551057032599661
37 342 -0.0007481053050723851
37 134 -0.0014214000796375264
37 151 -0.00056107897880428948
37 343 -0.0011321326950095335
37 344 -0.0015336158753983661
37 345 -0.0013465895491302771
37 135 -0.0029674843767871135
37 86 -0.00062342108756034665
37 144 -0.00066830740586470885
37 143 -7.481053050728648e-05
37 142 0.0012967158621254107
37 83 -0.0024438106632365241
37 78 -5.4861055705308593e-05
37 127 -0.00013133404244604149
37 128 -0.00020697580107002764
37 129 -0.0002294189602222017
37 81 -0.00032002282494763483
37 156 -0.00021611931035424517
37 346 -0.00047047511407885496
37 347 -0.00068576319631635102
37 348 -0.00068160705573262282
37 136 -0.0011928123475320848
37 155 -0.00056107897880428948
37 349 -0.0011321326950095329
37 350 -0.0015336158753983646
37 351 -0.0013465895491302764
37 137 -0.0029674843767871131
37 154 -0.0011928123475320842
37 352 -0.0022692527587195393
37 353 -0.0028802054245285974
37 354 -0.0022110667905471766
37 138 -0.0061095266580910943
37 87 -0.0012219053316182792
37 147 -0.00081460355441219758
37 146 0.0012219053316182562
37 145 0.0048876213264730118
37 84 -0.0040730177720607833
37 12 -7.6472986740735787e-05
37 34 -0.0001562708859484615
37 35 -0.0002144568541207634
37 36 -0.00019284492308534504
37 13 -0.00040730177720609456
37 61 -0.00026599299735908144
37 157 -0.00040896423343959578
37 158 -0.00037405265253623088
37 159 -3.3249124669937324e-05
37 58 -0.001221905331618279
37 62 -0.00062342108756034665
37 160 -0.00066830740586470874
37 161 -7.4810530507285789e-05
37 162 0.0012967158621254118
37 59 -0.0024438106632365245
37 63 -0.0012219053316182788
37 163 -0.0008146035544121965
37 164 0.0012219053316182595
37 165 0.0048876213264730118
37 60 -0.0040730177720607833
37 15 -0.00011637193634471612
37 39 0.0058185968172295675
37 38 0.016408443024587792
37 37 0.02839475246808125
37 14 0.0081460355441216811
14 8 -4.9873687004825611e-07
14 28 -2.1611931035424431e-06
14 29 -5.9848424405790873e-06
14 30 -1.3299649867953615e-05
14 9 -1.994947480193103e-05
14 55 -2.1611931035424439e-06
14 118 -9.1435092842180221e-06
14 119 -2.4936843502412835e-05
14 120 -5.486105570530858e-05
14 52 -7.6472986740735828e-05
14 56 -5.9848424405790873e-06
14 115 -2.4936843502412842e-05
14 116 -6.7329477456514733e-05
14 117 -0.00014712737666423668
14 53 -0.00019450737931882821
14 57 -1.3299649867953612e-05
14 112 -5.486105570530858e-05
14 113 -0.00014712737666423668
14 114 -0.00032002282494763466
14 54 -0.00040730177720609451
14 11 -1.9949474801931033e-05
14 33 -7.6472986740735801e-05
14 32 -0.00019450737931882829
14 31 -0.00040730177720609462
14 10 -0.00034911580903382685
14 76 -2.1611931035424448e-06
14 121 -9.1435092842180288e-06
14 122 -2.4936843502412852e-05
14 123 -5.486105570530862e-05
14 79 -7.6472986740735841e-05
14 150 -9.1435092842180288e-06
14 328 -3.7405265253619191e-05
14 329 -9.9747374009651163e-05
14 330 -0.00021611931035424528
14 130 -0.00026599299735908171
14 149 -2.4936843502412862e-05
14 331 -9.9747374009651204e-05
14 332 -0.00026183685677533421
14 333 -0.00056107897880428926
14 131 -0.00062342108756034697
14 148 -5.486105570530862e-05
14 334 -0.00021611931035424528
14 335 -0.00056107897880428948
14 336 -0.0011928123475320857
14 132 -0.001221905331618279
14 85 -7.6472986740735814e-05
14 141 -0.0002659929973590816
14 140 -0.00062342108756034697
14 139 -0.0012219053316182792
14 82 -0.00011637193634471737
14 77 -5.9848424405790856e-06
14 124 -2.4936843502412852e-05
14 125 -6.7329477456514746e-05
14 126 -0.00014712737666423674
14 80 -0.00019450737931882821
14 153 -2.4936843502412855e-05
14 337 -9.9747374009651217e-05
14 338 -0.00026183685677533426
14 339 -0.00056107897880428926
14 133 -0.00062342108756034686
14 152 -6.7329477456514814e-05
14 340 -0.00026183685677533426
14 341 -0.00067329477456514288
14 342 -0.0014214000796375264
14 134 -0.0013465895491303406
14 151 -0.00014712737666423674
14 343 -0.00056107897880428926
14 344 -0.0014214000796375261
14 345 -0.0029674843767871135
14 135 -0.002443810663236525
14 86 -0.00019450737931882812
14 144 -0.00062342108756034665
14 143 -0.0013465895491303406
14 142 -0.0024438106632365258
14 83 0.002094694854202547
14 78 -1.3299649867953609e-05
14 127 -5.4861055705308586e-05
14 128 -0.00014712737666423668
14 129 -0.00032002282494763483
14 81 -0.00040730177720609467
14 156 -5.48610557053086e-05
14 346 -0.00021611931035424517
14 347 -0.00056107897880428937
14 348 -0.0011928123475320844
14 136 -0.001221905331618279
14 155 -0.00014712737666423674
14 349 -0.00056107897880428937
14 350 -0.0014214000796375259
14 351 -0.0029674843767871122
14 137 -0.0024438106632365232
14 154 -0.00032002282494763494
14 352 -0.0011928123475320844
14 353 -0.0029674843767871131
14 354 -0.0061095266580910926
14 138 -0.0040730177720607816
14 87 -0.00040730177720609478
14 147 -0.0012219053316182794
14 146 -0.0024438106632365245
14 145 -0.0040730177720607842
14 84 0.0081460355441216915
14 12 -1.9949474801931019e-05
14 34 -7.6472986740735774e-05
14 35 -0.00019450737931882815
14 36 -0.00040730177720609462
14 13 -0.00034911580903382663
14 61 -7.6472986740735774e-05
14 157 -0.00026599299735908144
14 158 -0.00062342108756034643
14 159 -0.0012219053316182792
14 58 -0.00011637193634471708
14 62 -0.00019450737931882818
14 160 -0.00062342108756034654
14 161 -0.0013465895491303411
14 162 -0.0024438106632365241
14 59 0.0020946948542025462
14 63 -0.00040730177720609456
14 163 -0.0012219053316182792
14 164 -0.0024438106632365237
14 165 -0.0040730177720607833
14 60 0.0081460355441216846
14 15 -0.00034911580903382642
14 39 -0.000116371936344717
14 38 0.002094694854202544
14 37 0.0081460355441216811
14 14 0.048876213264730767
